id	utterance_id	utterance_type	utterance_text	terminate	regDate	updDate
BE22015969	1	0	자기야, 나 아까 부모님 잡수실 요리를 한다고 했잖아. 그런데 결국 완성 못했어.	N	2022-08-27 07:11:33	2022-11-08 05:06:23
BE22015969	2	1	왜 무슨 일이야? 요리하다가 다친 거야? 준비 열심히 해놓고 완성 못했다고 하니까 걱정되네.	N	2022-08-27 07:11:33	2022-11-08 05:06:23
BE22015969	3	0	다친 건 아니고 레몬 과즙이 눈에 들어갔는데 너무 따가워서 계속 눈물 흘렸어. 괜히 요리한다고 했나 봐.	N	2022-08-27 07:11:33	2022-11-08 05:06:23
BE22015969	4	1	열심히 한다고 했을 텐데 당황했겠다. 눈은 괜찮아?	N	2022-08-27 07:11:33	2022-11-08 05:06:23
BE22015969	5	0	지금은 괜찮은데 너무 당황했어. 눈이 너무 따가우니까 뭘 어떻게 해야 할지 모르겠더라고. 눈물은 나고 요리도 빨리해야 하는데.	N	2022-08-27 07:11:33	2022-11-08 05:06:23
BE22015969	6	1	계획대로 되지 않아서 너무 혼란스러웠겠다. 조급한 마음 때문에 더 그랬나 봐. 원래 마음이 급하면 평소에 안 하던 실수도 하게 되잖아.	N	2022-08-27 07:11:33	2022-11-08 05:06:23
BE22015969	7	0	맞아. 부모님 오기 전에 내가 요리 딱 만들고 싶었는데 내가 한심해. 눈 따가워서 당황하고 있는데 부모님이 거의 다 와 간다고 전화 온 거 있지?	N	2022-08-27 07:11:33	2022-11-08 05:06:23
BE22015969	8	1	정말? 자기 마음이 정말 초조했을 것 같아. 부모님께 요리해드린다고 기대 많이 했을 텐데. 나였어도 생각처럼 되지 않아서 속상했을 거야.	N	2022-08-27 07:11:33	2022-11-08 05:06:23
BE22015969	9	0	솔직히 부모님께 요리학원에서 배운 음식 대접하고 칭찬받을 생각에 잔뜩 부풀어 있었거든. 그런데 레몬 때문에 일이 다 어그러졌어.	N	2022-08-27 07:11:33	2022-08-27 07:11:33
BE22015969	10	1	너무 아쉬웠겠다. 기대도 하고, 준비 많이 했을 텐데. 레몬이 눈에 들어갈지 누가 알았겠어. 자기가 당황한 게 이해가 돼.	N	2022-08-27 07:11:33	2022-11-08 05:06:23
BE22015969	11	0	부모님이 집에 왔을 때도 난 계속 울었어. 눈이 어쩜 그렇게 따갑지? 부모님이 요리 마저 하시고, 나는 눈 부여잡고 식탁에 앉았는데 내가 너무 한심했어.	N	2022-08-27 07:11:33	2022-08-27 07:11:33
BE22015969	12	1	몹시 속상했겠다. 눈도 따가운데 마음도 안 좋았지? 하지만 자기가 의도한 것도 아니고, 갑작스러운 상황이었는 걸. 부모님이라면 자기가 이렇게 요리학원에서 배운 음식 대접하려는 거 자체를 너무 기특해하실 거야.	N	2022-08-27 07:11:33	2022-11-08 05:06:23
BE22015969	13	0	위로해줘서 고마워. 당황해서 우왕좌왕하기만 했는데 이제야 마음이 좀 진정되는 것 같아.	N	2022-08-27 07:11:33	2022-08-27 07:11:33
BE22015969	14	1	고생 많았어. 부모님께는 다음번에 제대로 실력 발휘하겠다고 해봐.	N	2022-08-27 07:11:33	2022-11-08 05:06:23
BE22015969	15	0	그럴까? 자기 말대로 다음번에 제대로 부모님께 음식 해드리겠다고 말해야겠어. 오늘을 만회해야지.	Y	2022-08-27 07:11:33	2022-11-08 05:06:23
