id	utterance_id	utterance_type	utterance_text	terminate	regDate	updDate
BE22023558	1	0	자기야 나 지금 너무 당황해서 어쩔 줄을 모르겠어. 내가 너무 큰 실수를 한 것 같아.	N	2022-10-03 05:04:17	2022-10-03 05:04:17
BE22023558	2	1	무슨 일 때문에 그래? 많이 조급해 보여서 걱정돼.	N	2022-10-03 05:04:17	2022-11-08 05:55:07
BE22023558	3	0	친구랑 평소처럼 대화를 하다가 실수로 친구에게 상처를 준 것 같아. 친구 아버지가 예전에 돌아가신 줄 전혀 모르고 넌 왜 아버지 얘기를 안 하냐고 해버렸어. 어떡해 진짜.	N	2022-10-03 05:04:17	2022-10-03 05:04:17
BE22023558	4	1	자기가 생각하지 못하고 있던 일이라 너무 당황했겠네. 내가 자기였대도 순간 미안하고 당황스러운 마음에 몸이 얼어버렸을 것 같아.	N	2022-10-03 05:04:17	2022-11-08 05:55:07
BE22023558	5	0	친구가 대답을 회피하려고 할 때 눈치채고 말을 돌렸어야 했어. 그런데 내가 그것도 눈치를 못 채고 계속 물어보니까 친구가 결국 말을 해주더라. 친구 말 듣고 너무 당황스러웠어. 고의는 아니지만 상처를 준 것 같아서 마음이 안 좋아.	N	2022-10-03 05:04:17	2022-11-08 05:55:07
BE22023558	6	1	그럴 땐 괜히 시간을 돌려 스스로를 말리러 가고 싶겠다. 듣는 나도 이렇게 당황스러운데 자기는 그 상황에서 얼마나 당황스러웠겠어. 그럴 땐 무슨 말을 해도 그 상황 자체가 너무 어색하고 미안해서 당황스러울 것 같아.	N	2022-10-03 05:04:17	2022-11-08 05:55:07
BE22023558	7	0	응, 진짜 그 당시엔 너무 당황스러워서 무슨 말이 안 나오더라. 알고 그런 건 아니라지만, 어쨌든 나 때문에 친구가 상처를 받았을 것 같아서 너무 당황실색했어. 시간을 되돌릴 수만 있다면 하고 싶어, 친구에게 너무 큰 실수를 한 것 같아서 혼란스러워.	N	2022-10-03 05:04:17	2022-10-03 05:04:17
BE22023558	8	1	자기가 예상하지 못한 상황에 당황스러워서 스스로를 한심하다고 느끼는 것 충분히 이해해. 하지만 자기가 의도한 상황이 아니라는 걸 친구도 알 테니 너무 자책하지는 마. 상처 주려는 동기를 가지고 대화한 건 아니니까 친구도 이해해 줄 거야.	N	2022-10-03 05:04:17	2022-11-08 05:55:07
BE22023558	9	0	고의가 아니더라도 내가 친구에게 상처를 준 것 같다는 사실 자체가 참 당황스러워. 좀 더 신중하지 못했던 게 부끄럽기도 해.	N	2022-10-03 05:04:17	2022-10-03 05:04:17
BE22023558	10	1	오히려 친구는 자기가 이렇게까지 자책하고 당황스러워하는 걸 바라지 않을 거야. 이제 아버지가 돌아가셨다는 걸 알았으니, 자기가 좀 더 신경 서서 대하면 되지. 이 일로 이렇게까지 신경 쓰는 걸 알면 오히려 불편해할걸, 그니까 조금만 마음을 진정시켜 보자.	N	2022-10-03 05:04:17	2022-11-08 05:55:07
BE22023558	11	0	그래, 듣다 보니 자기 말도 맞는 것 같아. 묻지도 않았는데 대뜸 어렸을 때 돌아가신 아버지 이야기를 하기도 애매했을 거야. 차라리 이 일로 내가 친구에게 조금 더 잘할 수 있게 된 것도 맞는 말이지.	N	2022-10-03 05:04:17	2022-11-08 05:55:07
BE22023558	12	1	응, 그렇게 생각을 전환하는 거 아주 좋아. 실수로 친구에게 상처 주는 말을 하긴 했어도 앞으로 충분히 만회할 수 있어.	N	2022-10-03 05:04:17	2022-11-08 05:55:07
BE22023558	13	0	자기 말대로 내가 고의로 그런 게 아니니까 이쯤에서 그만 당황해야겠어. 이번 일로 나도 말조심해야겠다는 교훈을 얻었다고 생각해 볼게.	N	2022-10-03 05:04:17	2022-11-08 05:55:07
BE22023558	14	1	자기가 조금씩 진정하는 것처럼 보여서 다행이다. 자기 행동에 대해서 너무 자책하고 당황해하는 것보단 그게 훨씬 좋을 거야.	N	2022-10-03 05:04:17	2022-11-08 05:55:07
BE22023558	15	0	자기가 내 이야기를 침착하게 들어준 덕분이야.	Y	2022-10-03 05:04:17	2022-10-03 05:04:17
