id	utterance_id	utterance_type	utterance_text	terminate	regDate	updDate
BE22014756	1	0	자기야, 오늘 코감기 때문에 회사에서 일하는 동안 너무 힘들었어. 자꾸만 콧물이 나와서 대화할 때마다 민망하고 사람들의 시선이 신경 쓰이는 거 있지. 아직 환절기도 아닌데 너무 당황스러워.	N	2022-08-19 05:00:08	2022-11-08 04:58:52
BE22014756	2	1	요즘 어디를 가도 에어컨 바람이 세어서 그런가 봐. 그제 간 카페에서도 자기가 많이 추워했잖아. 감기에 걸리면 콧물이 나오는 게 당연하니까 너무 민망해하지 않아도 괜찮아.	N	2022-08-19 05:00:08	2022-11-08 04:58:52
BE22014756	3	0	그렇지만 아무래도 콧물이 자꾸 나오니까 더러워 보이는 것 같아 걱정이야. 게다가 코 밑이 헐어서 아프기도 하고, 못생겨 보이는 거 같아.	N	2022-08-19 05:00:08	2022-08-19 05:00:08
BE22014756	4	1	코밑이 헐면 너무 힘들잖아. 아픈 걸 다 아는데 자기의 외모를 보고 이상하다고 생각할 사람은 없을 거야.	N	2022-08-19 05:00:08	2022-08-19 05:00:08
BE22014756	5	0	외적인 것도 너무 부끄럽지만, 사람들이 나와 대화하는 게 불편하지 않을까 싶어. 내가 바이러스를 옮긴다고 생각하면 어쩌지?	N	2022-08-19 05:00:08	2022-11-08 04:58:52
BE22014756	6	1	실내에서도 마스크를 쓰고 생활하는 경우가 많잖아. 마스크를 쓰고 조심하면 될 거야. 자기가 너무 미안해하거나 눈치를 볼 필요는 없어.	N	2022-08-19 05:00:08	2022-11-08 04:58:52
BE22014756	7	0	그런데도 회사에 있는 동안 자꾸 다른 사람들의 시선을 의식하게 돼. 아무래도 며칠 쉬는 게 나을까?	N	2022-08-19 05:00:08	2022-11-08 04:58:52
BE22014756	8	1	내 생각에도 며칠 쉬면서 건강을 회복하는 게 좋을 것 같아. 염려하지 않으면 좋겠지만 시선을 신경 쓰지 않는 게 어렵다면 며칠 쉬어보자.	N	2022-08-19 05:00:08	2022-11-08 04:58:52
BE22014756	9	0	그래야겠어. 우리 내일 보기로 했는데 그 약속도 미루면 좋겠어. 자기가 내 얼굴을 보고 불편함을 느낄까 봐 신경 쓰여.	N	2022-08-19 05:00:08	2022-11-08 04:58:52
BE22014756	10	1	나는 자기가 어떤 모습이어도 좋아. 그렇지만 자기가 신경 쓰이면 만남을 미뤄도 괜찮아. 아프니까 쉬는 게 제일 중요하잖아.	N	2022-08-19 05:00:08	2022-11-08 04:58:52
BE22014756	11	0	이해해줘서 고마워. 아픈 얼굴을 보여주는 게 자신이 없었거든.	N	2022-08-19 05:00:08	2022-11-08 04:58:52
BE22014756	12	1	언제든지 이해할 수 있지. 그런데 자기야, 계속 얘기했지만 자기는 어떤 모습이어도 괜찮아. 걱정하는 것만큼 사람들이 자기를 불편해하지 않을 테니 염려하지 마.	N	2022-08-19 05:00:08	2022-11-08 04:58:52
BE22014756	13	0	자기가 그렇게 말해주니까 내가 너무 과하게 신경 썼던 것 같아. 마음이 푹 놓여서 쉬는 동안 편히 쉴 수 있을 것 같아.	N	2022-08-19 05:00:08	2022-11-08 04:58:52
BE22014756	14	1	그렇다면 정말 다행이다. 그래도 쉬면서 너무 아프거나 심심하면 언제든 연락해. 내가 곁에 있을게.	N	2022-08-19 05:00:08	2022-11-08 04:58:52
BE22014756	15	0	정말 고마워. 자기 덕분에 힘이 나서 금방 나을 수 있을 거야.	Y	2022-08-19 05:00:08	2022-08-19 05:00:08
