id	utterance_id	utterance_type	utterance_text	terminate	regDate	updDate
BE22016011	1	0	자기야, 나 이번 달 소비를 많이 했나 봐. 가계부 쓰고 있는데 지출액이 너무 커서 당황스럽네.	N	2022-08-27 14:42:38	2022-08-27 14:42:38
BE22016011	2	1	정말? 예상치 못한 금액인가 보네. 이렇게 당황한 건 처음 봐서 나도 신경이 쓰이는걸.	N	2022-08-27 14:42:38	2022-11-08 05:06:38
BE22016011	3	0	자기한테 부끄러울 정도로 과소비를 많이 했어. 언제 이렇게 돈을 쓴 거지? 업무를 일찍 끝내서 시원한 마음으로 쓰기 시작한 건데, 결과가 이래서 당혹스러워.	N	2022-08-27 14:42:38	2022-08-27 14:42:38
BE22016011	4	1	자기가 얼마나 절약 정신이 투철한 사람인지 아는데, 그런 마음이라니 더 안타깝다. 허투루 쓴 돈은 없을 테니 너무 마음 쓰지 마. 원래 합쳐서 보면 숫자가 크게 다가와서 가슴이 철렁하기도 하잖아.	N	2022-08-27 14:42:38	2022-11-08 05:06:38
BE22016011	5	0	아니야. 이번 달은 경조사가 많아서 절약을 못 한 것도 맞아. 이래서는 계획한 저축이 어려울 것 같아 심란하다.	N	2022-08-27 14:42:38	2022-11-08 05:06:38
BE22016011	6	1	경조사야말로 어떻게 피할 수 없는 일이잖아. 좋은 마음으로 낸 돈은 결코 쓸모 없지 않아, 잘한 거야. 자기 관계에 좋은 자양분이 돼서 반드시 복으로 돌아올 테니, 긍정적으로만 생각했으면 좋겠어.	N	2022-08-27 14:42:38	2022-11-08 05:06:38
BE22016011	7	0	그래도 돈 관리를 제대로 못 하는 사람이 된 것만 같아 생각이 많아지네. 내가 이렇게 대책 없는 사람은 아닌데, 이번 달은 어떻게 흘러간 건지 모르겠어.	N	2022-08-27 14:42:38	2022-11-08 05:06:38
BE22016011	8	1	어떻게 사람이 매번 완벽할 수 있겠어. 지금까지 잘해왔잖아, 이번 한 번에 기죽을 거 없어. 오늘 쓴 가계부를 토대로 더 노력하면 되는 일이니까 너무 낙담하지는 마.	N	2022-08-27 14:42:38	2022-11-08 05:06:38
BE22016011	9	0	이럴 줄 알았으면 업무를 일찍 끝내는 게 아닌데. 회사에서 가계부 쓰고 괜히 마음만 혼란해졌네.	N	2022-08-27 14:42:38	2022-08-27 14:42:38
BE22016011	10	1	무슨 마음인지 알아. 하지만 오늘로 인생까지 끝난 건 아니잖아. 만회할 시간은 충분해, 노력하는 데까지 해보고 판단해도 늦지 않을 거야.	N	2022-08-27 14:42:38	2022-11-08 05:06:38
BE22016011	11	0	그래, 자기 말이 맞다. 앞으로 더 절약해서 만회하지 뭐. 그렇게 생각하니까 마음이 한결 놓이는 것 같아.	N	2022-08-27 14:42:38	2022-11-08 05:06:38
BE22016011	12	1	그럼, 자기는 꼼꼼하고 계획적인 사람이라 나는 사실 걱정이 없어. 이렇게 가계부를 써서 소비를 돌아보고 계획을 마련한다는 것만으로도 칭찬할 만한 일이야. 다 잘될 테니 마음을 놓아.	N	2022-08-27 14:42:38	2022-11-08 05:06:38
BE22016011	13	0	그렇게 말해줘서 고마워. 맞아. 이렇게 가계부를 쓰고 문제점을 알았으니 대비도 가능한 거니까. 덕분에 마음이 다잡아진다.	N	2022-08-27 14:42:38	2022-11-08 05:06:38
BE22016011	14	1	마음이 편해졌다면 다행이야. 퇴근까지 얼마 안 남았는데 조금만 더 힘내서 견디고. 주말에는 맛있는 거 먹으러 가자.	N	2022-08-27 14:42:38	2022-11-08 05:06:38
BE22016011	15	0	알았어. 주말 생각하면서 파이팅해야겠다. 내 마음 달래주는 건 정말이지 자기밖에 없다니까.	Y	2022-08-27 14:42:38	2022-08-27 14:42:38
