id	utterance_id	utterance_type	utterance_text	terminate	regDate	updDate
BE22017970	1	0	자기야, 지금 너무 당황스러운 일이 생겼어. 어쩌면 좋지?	N	2022-09-13 07:54:42	2022-09-13 07:54:42
BE22017970	2	1	무슨 일이길래 그렇게 급박해 보여? 당황스러움이 나에게까지 전해지는 것 같아. 진정하고, 천천히 얘기해 봐.	N	2022-09-13 07:54:42	2022-11-08 05:18:37
BE22017970	3	0	우리 회사 입사 동기들 단톡방이 있거든? 거기에 단체 사진을 올린다는 게 버튼을 잘못 눌렀는지, 다른 이상한 사진을 올려버린 거 있지.	N	2022-09-13 07:54:42	2022-11-08 05:18:37
BE22017970	4	1	사람이 실수할 수도 있는 거지, 실수 없는 사람이 어디 있겠어? 너무 마음 쓰지도, 걱정하지도 마. 안 좋은 사진이라도 올린 거야?	N	2022-09-13 07:54:42	2022-11-08 05:18:37
BE22017970	5	0	안 좋은 사진은 아닌데, 내가 좋아하던 애니메이션 있잖아? 그 애니메이션에서 나오는 주인공 그림을 그 단톡방에 올려버린 거야. 사람들이 날 어떻게 생각할까 싶고, 당황해서 얼굴이 빨개지더라.	N	2022-09-13 07:54:42	2022-09-13 07:54:42
BE22017970	6	1	에이, 만화를 좋아하는 게 어때서 그래. 옛날에는 기피했는지 모르겠지만 요즘은 아니잖아. 방송에서 만화 좋아한다는 말도 연예인들이 많이 하고.	N	2022-09-13 07:54:42	2022-11-08 05:18:37
BE22017970	7	0	아직 입사한 지가 반년 좀 안 되었는데 내 이미지가 안 좋게 박혀버리는 건 아닐까? 사람들이 말 걸 때마다 자꾸 흠칫흠칫 놀라게 돼. 어떤 행동을 해야 할지 모르겠어.	N	2022-09-13 07:54:42	2022-11-08 05:18:37
BE22017970	8	1	그럴수록 오히려 놀라고 당황한 티를 내면 안 돼. 당당하게 아무 일 없던 듯이 행동해. 자기가 말하지 않는다면, 사람들이 굳이 먼저 신경 쓰지는 않을 거니까 너무 걱정 먼저 하지 말고.	N	2022-09-13 07:54:42	2022-11-08 05:18:38
BE22017970	9	0	그러면 좋겠지만, 이미 너무 당황해버려서 쉽게 태도가 바뀌지 않아. 사진은 삭제했지만, 삭제할 무렵 이미 5명 정도는 사진을 본 것 같더라고.	N	2022-09-13 07:54:42	2022-11-08 05:18:38
BE22017970	10	1	취미까지 즐기면서 가고 싶은 회사 취업까지 성공한 건데 얼마나 멋져. 좋아하는 일도 사회 일도 전부 멋지게 해낸 자기가 나는 자랑스러워. 당황할 이유가 정말 하나도 없어 보이는걸?	N	2022-09-13 07:54:42	2022-11-08 05:18:38
BE22017970	11	0	그렇게 말해주니 정말 고맙네. 힘든 취업 준비할 때 나에게 정말 좋은 힘과 격려가 되고는 했어. 그 애니메이션과 자기의 좋은 말들이 말이야.	N	2022-09-13 07:54:42	2022-11-08 05:18:38
BE22017970	12	1	그래, 요즘은 바빠서 취미 가지기도 힘든 세상인데. 좋아하는 것도 많고 사회생활도 열심히 하는 자기가 정말 대단한 것 같아. 덕분에 나도 삶의 자극을 많이 얻고 있고.	N	2022-09-13 07:54:42	2022-11-08 05:18:38
BE22017970	13	0	또 이렇게 좋은 말을 해주니 마음이 정말 따뜻해진다. 그러게, 너무 당황할 필요도 없었는데 말이야. 내가 좋아하는 건데 뭐 어때.	N	2022-09-13 07:54:42	2022-11-08 05:18:38
BE22017970	14	1	마음이 좀 나아진 거 같아 다행이다. 좋은 방향으로 뭐든 생각하자. 별일 없이 다 잘 지나갈 거라고.	N	2022-09-13 07:54:42	2022-11-08 05:18:38
BE22017970	15	0	고마워. 덕분에 당황헀던 마음이 좀 가라앉네. 퇴근하고 또 연락할게!	Y	2022-09-13 07:54:42	2022-09-13 07:54:42
