id	utterance_id	utterance_type	utterance_text	terminate	regDate	updDate
BE22024533	1	0	나 요즘 들어 계속 여행을 가고 싶은 마음이 들어. 그래서 좀 당황스럽기도 하네.	N	2022-10-05 12:24:43	2022-10-05 12:24:43
BE22024533	2	1	그게 왜 당황스러워? 우리 어디 놀러 갔다 올까?	N	2022-10-05 12:24:43	2022-10-05 12:24:43
BE22024533	3	0	그게 아니라, 부쩍 나 혼자 여행을 떠나고 싶다는 생각이 들어. 이런 적은 처음이라서 조금은 혼란스러워. 한 번도 가본 적이 없거든.	N	2022-10-05 12:24:43	2022-10-05 12:24:43
BE22024533	4	1	그렇구나, 나도 혼자 여행을 가본 적은 없어서 자기 마음이 이해되기는 한다. 그동안 혼자 여행 갈 필요성을 느끼지 못하다가 갑자기 가고 싶어지니 여러모로 당황스러울 것 같아.	N	2022-10-05 12:24:43	2022-11-08 06:00:51
BE22024533	5	0	둘 이상이 가는 여행은 즐겁다는 걸 이미 체득했는데 혼자 여행은 해본 적이 없어서 당황스러워. 한 번도 혼자 가는 여행에 대해 생각해 본 적이 없어서 어떻게 해야 할지도 모르겠네.	N	2022-10-05 12:24:43	2022-10-05 12:24:43
BE22024533	6	1	해보지 않은 것을 마주하려고 하면 혼란스러움에 당황하게 되더라. 그래도 1인 여행자만을 위한 지침서가 있지 않을까?	N	2022-10-05 12:24:43	2022-11-08 06:00:51
BE22024533	7	0	내가 처음 해보는 일 앞에선 유난히 무력해지고 어쩔 줄을 모르는 것 같아. 특히나 그걸 혼자 하려고 하면 나사 하나 빠진 로봇처럼 몸이 뻣뻣해지고 뇌가 경직되는 느낌이야.	N	2022-10-05 12:24:43	2022-10-05 12:24:43
BE22024533	8	1	조심스럽지만, 내 생각엔 자기가 무엇이든 처음부터 완벽하게 해내려는 부담을 가지고 있는 것 같아. 누구나 처음 해보는 일은 낯설어서 당황스러워할 수 있잖아. 지레 겁먹고 혼란스러워 하기보다는 차근차근 준비해서 몸도 마음도 편할 거야.	N	2022-10-05 12:24:43	2022-11-08 06:00:51
BE22024533	9	0	솔직히 새로 접하고 싶은 일을 마주하면 망설이는 나 자신의 모습에 가끔 창피할 때도 있어. 그걸 감추기 위해 처음 하는 건 시도하지 않으려고 하는 것 같아. 나 혼자 여행이 가고 싶어진 이후로 당황스러워진 것도 이런 이유 때문이야.	N	2022-10-05 12:24:43	2022-10-05 12:24:43
BE22024533	10	1	오히려 혼자 하는 여행은 누구의 눈치도 볼 필요가 없어서 그런 부담에서 더 자유롭지 않을까? 자기가 이왕 혼자 여행하고 싶어진 만큼 이 기회를 통해 부담을 내려놓고 편히 다녀오면 좋겠어. 누구의 방해 없이, 자유로운 여행을 다녀오면 좋은 추억이 될 테니 당황스러워 말고 도전해 봐.	N	2022-10-05 12:24:43	2022-11-08 06:00:51
BE22024533	11	0	이해하기 어려울 수 있을 텐데 성심성의껏 들어줘서 고마워. 자기가 그렇게 말해주니까 마음이 한결 가벼워지는 것 같아.	N	2022-10-05 12:24:43	2022-10-05 12:24:43
BE22024533	12	1	혼자 떠나고 싶은 마음이 든 데엔 다 이유가 있을 거야. 자기는 능히 해낼 수 있는 사람이고 이 기회를 통해 제대로 휴식할 수 있었으면 좋겠다.	N	2022-10-05 12:24:43	2022-11-08 06:00:51
BE22024533	13	0	늘 조건 없이 날 응원해 주는 자기가 있어서 다행이야. 털어놓을지 말지 한참 고민했는데 털어놓길 잘한 것 같아.	N	2022-10-05 12:24:43	2022-10-05 12:24:43
BE22024533	14	1	자기가 무슨 생각을 하든 난 자기 편에 있을 거야. 자기가 왜 당황스러워했는지 다 이해했으니 너무 민망해하지 말고 계획해 봐. 내가 도울 게 있으면 도울게.	N	2022-10-05 12:24:43	2022-11-08 06:00:51
BE22024533	15	0	그래, 부담은 덜고 이런 마음은 처음 들어보니 상세한 계획을 세워볼게. 자기와의 대화가 큰 도움이 됐어.	Y	2022-10-05 12:24:43	2022-10-05 12:24:43
