id	utterance_id	utterance_type	utterance_text	terminate	regDate	updDate
BE22025442	1	0	자기야, 나 방금 셰퍼드 한 마리가 길고양이 쫓아가다가 차에 치이는 걸 봤어. 한 생명이 내 눈앞에서 차에 치이는 걸 보니까 너무 당황스럽다.	N	2022-10-07 14:33:12	2022-10-07 14:33:12
BE22025442	2	1	자기가 그 장면을 보고 정말 많이 놀랐을 것 같아 걱정이네. 셰퍼드는 어떻게 됐어?	N	2022-10-07 14:33:12	2022-11-08 06:06:15
BE22025442	3	0	차로 친 운전자가 셰퍼드를 친 걸 모를 리가 없는데 그냥 가버렸어. 다행히 셰퍼드가 죽진 않고 다리를 다친 것 같은데, 어떻게 해야 하나 너무 당황스럽다.	N	2022-10-07 14:33:12	2022-10-07 14:33:12
BE22025442	4	1	사고를 눈앞에서 본 이상 신경 안 쓸 수도 없고 많이 당황스럽겠다. 특히 자기는 동물들 아끼는 사람인 걸 내가 잘 알아서, 더 그럴 것 같아.	N	2022-10-07 14:33:12	2022-11-08 06:06:16
BE22025442	5	0	정말 그냥 지나칠 수도 없고, 셰퍼드가 다쳐서 고통스러워하는 걸 보니 너무 당황스럽다. 어떻게 해야 좋을지 혼란스러워.	N	2022-10-07 14:33:12	2022-11-08 06:06:16
BE22025442	6	1	정말 자기가 많이 혼란스러울 것 같아. 그래도 마음을 좀 진정시켜 보면 셰퍼드를 도와줄 방법을 생각할 여유가 생길 거야.	N	2022-10-07 14:33:12	2022-11-08 06:06:16
BE22025442	7	0	경찰에 신고부터 해야 할까? 아니면 셰퍼드 주인을 찾아야 할까? 그것도 아니면 병원부터 데려가야 맞는 건지 너무 당황스럽다.	N	2022-10-07 14:33:12	2022-10-07 14:33:12
BE22025442	8	1	자기가 차에 치인 셰퍼드를 도와주고 싶은 마음이 너무 커서 당황스러운 마음일 거야. 당황스러운 마음에 너무 많은 방법들이 한 번에 떠오르는 거잖아. 마음을 더 차분하게 가지면 셰퍼드에게 가장 도움이 될 방법을 선택할 수 있을 거야.	N	2022-10-07 14:33:12	2022-11-08 06:06:16
BE22025442	9	0	그래, 자기 말이 맞아. 셰퍼드가 얼른 치료받길 바라는 게 내 가장 큰 바람인데, 너무 급하게 생각해서 당황했었어. 얼른 셰퍼드부터 치료받을 수 있게 관할 동물보호센터에 연락해 줘야겠다.	N	2022-10-07 14:33:12	2022-11-08 06:06:16
BE22025442	10	1	그래, 잘 생각했다. 셰퍼드부터 치료받게 인계해 주고 나머지 일들은 그 뒤에 해도 되잖아. 당황스러운 마음 금방 회복하고 최선의 방법을 찾았네.	N	2022-10-07 14:33:12	2022-11-08 06:06:16
BE22025442	11	0	자기가 당황스러운 마음 진정되게 도와줘서 어떤 일부터 해야 할지 생각할 수 있었어. 다 자기 덕분이야.	N	2022-10-07 14:33:12	2022-11-08 06:06:16
BE22025442	12	1	아무리 동물 좋아해도 그런 상황에서 도움 주기가 쉽지 않은데, 자기 정말 대단해. 정말 좋은 일 하는 것 같아서 내가 다 뿌듯하다.	N	2022-10-07 14:33:12	2022-11-08 06:06:16
BE22025442	13	0	아니야, 자기도 동물 좋아해서 분명 같은 상황이면 나처럼 도우려고 했을 거야. 그래서 이렇게 적극적으로 내가 잘 생각할 수 있게 도와준 것도 잘 알아.	N	2022-10-07 14:33:12	2022-10-07 14:33:12
BE22025442	14	1	자기도 많이 놀랐을 텐데, 얼른 인계해 주고 남은 일들도 처리한 다음에 들어가서 쉬어. 셰퍼드 자기 덕분에 빨리 치료받게 돼서 금방 나을 수 있을 거야.	N	2022-10-07 14:33:12	2022-11-08 06:06:16
BE22025442	15	0	응, 지금 동물보호센터에 연락하고 오신다 해서 기다리는 중이야. 얼른 나머지 일 처리하고 또 연락할게. 마음 진정되게 도와줘서 고마워, 자기야.	Y	2022-10-07 14:33:12	2022-11-08 06:06:16
