id	utterance_id	utterance_type	utterance_text	terminate	regDate	updDate
BE22018872	1	0	자기야, 나 어떡하면 좋아. 지금은 퇴사했지만 친하게 지냈던 전 팀장님한테 청첩장을 받았는데 식당에 놓고 왔어. 그래서 너무 당황스러워서 어떻게 해야 할지 모르겠어.	N	2022-09-19 07:30:39	2022-09-19 07:30:39
BE22018872	2	1	자기, 까먹고 못 챙겨서 지금 놀란 모양이구나. 나였어도 당황한 나머지 뭘 해야 할지 판단이 안 될 것 같아. 아무래도 남이 준 걸 놓고 오면 아뿔싸 하는 심정이라 놀랄 수밖에 없잖아.	N	2022-09-19 07:30:39	2022-11-08 05:23:58
BE22018872	3	0	더구나 친구가 아니고 회사에서 만난 관계라 더 당황스럽고 조심스러워. 왠지 내가 귀중하게 생각 안 해서 잃어버린 사람으로 보일까 봐 좀 그래.	N	2022-09-19 07:30:39	2022-09-19 07:30:39
BE22018872	4	1	그런 거라면 아마 다른 사람들도 다 그 상황에 당황했을 거야. 나 같아도 놀라서 생각이 꼬여서 가만히 벙쪄 있을 것 같아. 자기 지금 어떻게 수습해야 하나 엄청 곤란하겠구나.	N	2022-09-19 07:30:39	2022-11-08 05:23:58
BE22018872	5	0	응, 내가 어떻게 하는 게 제일 좋을지 판단이 안 돼. 안 잃어버린 척 결혼식을 갈 수만 있다면참 좋을 텐데 그게 안 돼. 전 팀장님이 회사 사람들에게도 청첩장 나눠 달라고 하면서 나한테 여러 장 준 거거든.	N	2022-09-19 07:30:39	2022-11-08 05:23:58
BE22018872	6	1	그럼 일단 진정하고 마음을 차분하게 가져보자. 청첩장의 행방이라도 알고 있으니 우리 한시름 놓을 수 있는 거잖아. 일이 잘 해결될 거란 가능성을 크게 보자, 분명 식당에 그대로 있을 거야.	N	2022-09-19 07:30:39	2022-11-08 05:23:58
BE22018872	7	0	근데 없을 때는 어떡해야 돼? 없으면 나 너무 당황한 나머지 울 것만 같아.	N	2022-09-19 07:30:39	2022-09-19 07:30:39
BE22018872	8	1	자기야, 왜 이랬을까 자책하지 말고 실수를 반복하지 않겠다고 마음먹으면서 기운 차렸으면 해. 지금 같은 기분으로는 다른 실수를 낳을 수도 있으니까 말이야. 다른 사람이었어도 이런 실수를 했을 거라고 생각하고 위안 받았으면 좋겠어.	N	2022-09-19 07:30:39	2022-11-08 05:23:58
BE22018872	9	0	그래도 내가 너무 전 팀장님을 귀찮게 만들어버린 것 같아서 진정이 되지 않아. 잃어버린 거면 다시 청첩장을 내게 줘야 하는 거잖아.	N	2022-09-19 07:30:39	2022-09-19 07:30:39
BE22018872	10	1	아냐, 그럴 땐 그냥 일이 이렇게 됐다고 솔직하게 말하면 이해해줄 거야. 누구나 무언가를 잊고 잃어버릴 때가 있잖아, 다들 그렇게 사는 거니까 너무 당황해 하지 마. 상대방이 너그럽게 봐줄 실수니까 툴툴 털어버리자!	N	2022-09-19 07:30:39	2022-11-08 05:23:58
BE22018872	11	0	그렇게 말해줘서 고마워. 자기 말 들으니까 생각보다 큰 실수는 아닌 것 같아서 마음이 놓여. 내가 당황한 나머지 너무 감정적으로 상황을 바라봤나 봐.	N	2022-09-19 07:30:39	2022-09-19 07:30:39
BE22018872	12	1	지금이라도 진정이 돼서 다행인 걸! 내가 상대방이었어도 쉽게 이해해주고 넘어갔을 거야. 그러니 자신감을 가지고 솔직하게 털어놓자!	N	2022-09-19 07:30:39	2022-11-08 05:23:59
BE22018872	13	0	응, 자기 덕분에 용기가 생겼어. 일단 식당에 전화해보고 없으면 전 팀장님께 양해 구해볼게!	N	2022-09-19 07:30:39	2022-09-19 07:30:39
BE22018872	14	1	잘 해결되기를 바랄게. 식당에 있기를 바라!	Y	2022-09-19 07:30:39	2022-11-08 05:23:59
