id	utterance_id	utterance_type	utterance_text	terminate	regDate	updDate
BE22013698	1	0	자기, 고양이가 걸을 때 소리를 내지 않는 거 알고 있지? 이웃집에 놀러 갔다가 이웃집에서 키우는 고양이가 옆에 온 줄 모르고 다리를 움직였다가 발로 차버렸어. 정말 당황스럽고 고양이랑 이웃집 사람한테 미안해서 얼굴을 못 들겠더라.	N	2022-08-10 04:12:37	2022-08-10 04:12:37
BE22013698	2	1	조용하게 곁에 오니 그런 일이 생길 수밖에 없지. 실수로 그렇게 되었다니 자기가 정말 당황했겠어. 자기가 고양이한테 얼마나 미안해했을지 보지 않아도 눈에 선할 정도야.	N	2022-08-10 04:12:37	2022-11-08 04:52:06
BE22013698	3	0	그러니까 말이야. 이웃분은 익숙하다는 듯이 걱정 말라고 하셨지만, 나는 당황스러워서 어쩔 줄 몰랐어. 고양이와 말이 통한다면 기척이라도 내고 다니라고 말할 텐데. 나보다 몇 배는 작은 아이를 찼을 때를 상상하면 식은땀이 날 정도야.	N	2022-08-10 04:12:37	2022-11-08 04:52:06
BE22013698	4	1	그러게. 고양이랑 말이 통하면 사과라도 할 텐데 그게 불가능하니까 얼마나 죄책감이 들었겠어. 아무리 주인이 괜찮다고 하더라도 아찔했던 그 경험은 잊지 못할 거야. 내가 자기였어도 해결 방안이 없는 이 문제 때문에 정말 골치 아플 것 같다.	N	2022-08-10 04:12:37	2022-11-08 04:52:06
BE22013698	5	0	이웃집에 놀러 가면서 생각지도 못한 소동이 일어나서 정말 당황스러웠어. 소통이 안 되는 동물이니, 발로 치는 나만 나쁜 사람이 되는 거지. 정말 억울할 뿐이야.	N	2022-08-10 04:12:37	2022-11-08 04:52:06
BE22013698	6	1	그래도 고양이가 다치지 않아서 다행인 거지. 고양이는 생각보다 유연해서 발로 치이는 정도로는 문제없을 거야. 그러니 너무 죄책감 갖지 말고 기운 내.	N	2022-08-10 04:12:37	2022-11-08 04:52:06
BE22013698	7	0	정말 그런 걸까? 자기 말대로면 좋겠다. 그러면 내 마음이 조금 더 편해질 거 같아.	N	2022-08-10 04:12:37	2022-08-10 04:12:37
BE22013698	8	1	자기가 키우는 고양이도 아닌데, 그렇게 가까이 다가오는 것을 보면 분명 자기를 싫어하진 않은 거야. 그러니 너무 마음 쓰지 마. 앞으로 잘 해준다면 고양이도 발로 찬 행동이 고의가 아님을 눈치챌 거야.	N	2022-08-10 04:12:37	2022-11-08 04:52:06
BE22013698	9	0	자기 말이 맞았으면 좋겠다. 고양이가 너무 좋아서 이웃집에 자주 놀러 가려 했거든. 그런데 실수로 발로 차는 바람에 고양이가 나를 싫어하게 될까 봐 정말 걱정을 많이 했어.	N	2022-08-10 04:12:37	2022-08-10 04:12:37
BE22013698	10	1	자기의 당황하는 모습에 고양이도 실수인 걸 눈치챘을 거야. 자기가 생명을 소중히 하는 모습이 좋지만 여의치 않은 일에 너무 마음 쓰지 않았으면 해. 고양이한테 너무 미안하면 간식으로 보상해 주는 방법도 있어.	N	2022-08-10 04:12:37	2022-11-08 04:52:06
BE22013698	11	0	그래, 자기 말이 맞는 거 같아. 자기 위로 덕분에 마음이 조금 편해진다. 지난 일에 그만 당황하고 앞으로는 이웃집에 놀러 갈 때 더 주의를 기울여야겠어.	N	2022-08-10 04:12:37	2022-08-10 04:12:37
BE22013698	12	1	잘 생각했어! 긍정적인 생각 변화가 정말 보기 좋다. 지나간 일보다 앞으로의 일이 중요한 거지. 나는 자기의 그런 점이 정말 훌륭하다고 생각해.	N	2022-08-10 04:12:37	2022-11-08 04:52:06
BE22013698	13	0	과찬이야. 자기가 이야기를 들어줘서 마음이 편해져서 생각을 정리할 수 있었어. 정말 고마워.	N	2022-08-10 04:12:37	2022-08-10 04:12:37
BE22013698	14	1	별말씀을. 잘 해결되어서 이웃집 고양이랑 더 친해질 수 있는 계기가 되면 좋겠다.	N	2022-08-10 04:12:37	2022-11-08 04:52:06
BE22013698	15	0	응. 잘 지내기 위해 나도 열심히 노력해 볼게. 앞으로 고양이와 친해질 생각하니까 마음이 설레어 온다.	Y	2022-08-10 04:12:37	2022-08-10 04:12:37
