id	utterance_id	utterance_type	utterance_text	terminate	regDate	updDate
BE22023339	1	0	아직도 얼굴이 화끈거리네. 새벽에 로또를 사러 편의점에 갔는데 새벽에는 로또를 판매하지 않는다고 하더라. 계산대에서 그 사실을 알아서 정말 당황스러웠어.	N	2022-10-02 07:01:00	2022-10-02 07:01:00
BE22023339	2	1	계산대 앞이라 더 마음이 몹시 급하고 당황스러웠겠다. 로또를 사러 나와 들뜬 마음이 순식간에 가라앉았겠어. 갑작스럽게 마음 앓이 했을 자기를 생각하니 내가 다 속상하네.	N	2022-10-02 07:01:00	2022-11-08 05:53:49
BE22023339	3	0	로또 사러 편의점에 간 건데 안 판다고 직원이 말하니까 진짜 부끄러움이 밀려오더라고. 당장이라도 도망치고 싶은 마음뿐이었어.	N	2022-10-02 07:01:00	2022-11-08 05:53:49
BE22023339	4	1	놀라서 어찌할 바를 모르고 진땀만 흘렸을 것 같아. 기분 좋게 쿠폰을 로또를 사려다가 그런 일을 맞닥뜨렸으니 말이야. 나라도 창피해서 아무것도 못했을 것 같아.	N	2022-10-02 07:01:00	2022-11-08 05:53:49
BE22023339	5	0	그 순간에 얼마나 많은 생각들이 스쳐 가던지. 그 직원이 나를 어떻게 볼지도 신경 쓰이고. 황급히 계산대 앞에 있던 껌 하나를 사서 오는 길이야.	N	2022-10-02 07:01:00	2022-11-08 05:53:49
BE22023339	6	1	낯 뜨거워지는 순간이었겠다, 그 직원의 시선이 정말 두드러지게 느껴져서 속상했을 것 같아. 그런 것 치고는 그렇게 의연하게 대처하고 나왔으니 그런 자기가 더 대단하게 느껴지는데? 정신없었을 텐데 그 상황을 잘 마무리한 자기가 멋져.	N	2022-10-02 07:01:00	2022-11-08 05:53:49
BE22023339	7	0	로또 판매 시간이 정해져 있는지 정말 몰랐어. 새벽에 기껏 나왔는데 허탕을 치다니 돌아가는 길까지도 경황이 없더라고.	N	2022-10-02 07:01:00	2022-10-02 07:01:00
BE22023339	8	1	모를 수도 있다고 생각해, 편의점이 24시간이니 당연히 그 시간에도 판다고 생각했을 거야. 이제라도 알았으면 괜찮다고 생각해보자. 다음에는 판매 시간에 로또를 사러 가면 될 테니 걱정하지 마.	N	2022-10-02 07:01:00	2022-11-08 05:53:49
BE22023339	9	0	응, 자기 덕분에 아까의 초조했던 마음은 씻은 듯이 사라지네. 아까는 당황스러워서 정말 힘들었거든. 자기에게 이야기하기를 정말 잘했어.	N	2022-10-02 07:01:00	2022-11-08 05:53:49
BE22023339	10	1	부끄러웠을 자기 마음도 충분히 이해가 가. 편의점에 폐를 끼친 것도 아니었고 어쩌다 일어난 해프닝일 뿐이니 너무 염려하지 마.	N	2022-10-02 07:01:00	2022-11-08 05:53:49
BE22023339	11	0	자기의 위로를 들으니 더 마음이 놓인다. 그래도 다음에는 확인을 해보고 가야겠다는 생각이 드네.	N	2022-10-02 07:01:00	2022-11-08 05:53:49
BE22023339	12	1	다음에는 같은 실수를 안 할 거라고 다짐하는 자기의 모습이 보기 좋다.	N	2022-10-02 07:01:00	2022-10-02 07:01:00
BE22023339	13	0	다음에는 얼굴 붉힐 일 없도록 노력할 거야. 어떤 일이든지 경험 한 것을 바탕으로 더 앞으로 나아가야 한다고 생각해.	N	2022-10-02 07:01:00	2022-11-08 05:53:49
BE22023339	14	1	성숙한 자기의 생각들을 닮고 싶어진다. 자기의 모습이 참 멋지네.	Y	2022-10-02 07:01:00	2022-10-02 07:01:00
