id	utterance_id	utterance_type	utterance_text	terminate	regDate	updDate
BE22026908	1	0	자기야, 오늘 출장 다녀오는 길에 고속도로에서 화물차에서 물건이 떨어졌어. 보면서 떨어지면 어떡헐지 걱정하고 있었는데 갑자기 와르르 쏟아져서 얼마나 당황했는지 몰라.	N	2022-10-11 08:00:57	2022-11-08 06:14:58
BE22026908	2	1	고속도로에서 종종 그런 사고가 일어난다더니. 자기한테 그런 일이 생길 줄을 상상도 못 했어. 자기가 순간적으로 얼마나 놀랐을지 생각하니 너무 속상하네.	N	2022-10-11 08:00:57	2022-11-08 06:14:58
BE22026908	3	0	작은 물건이면 그냥 지나칠 수도 있었을 텐데. 커다란 통들이 다 떨어지는 바람에 순간 당황해서 어찌할 바를 모르겠더라.	N	2022-10-11 08:00:57	2022-11-08 06:14:58
BE22026908	4	1	누구라도 그 상황에 당황하지 않을 수가 없을 것 같아. 나라도 허둥지둥 어찌할 바를 몰랐을 것 같아. 예상치 못한 상황에서는 올바른 판단을 하기가 어렵잖아.	N	2022-10-11 08:00:57	2022-11-08 06:14:58
BE22026908	5	0	갓길로 방향을 틀어서 차를 세웠어. 순간적으로 얼마나 당황하고 놀랐는지 몰라. 늦은 시간이라 차가 없었으니 망정이지 정말 큰일 날뻔했어.	N	2022-10-11 08:00:57	2022-10-11 08:00:57
BE22026908	6	1	자기는 항상 긴박한 상황에도 침착하게 판단을 잘하는 것 같아. 자기의 그런 모습이 나에게 좋은 본보기가 되는 것 같아. 자기의 그런 모습을 배우려고 나도 노력 중이야.	N	2022-10-11 08:00:57	2022-11-08 06:14:58
BE22026908	7	0	소리까지 크게 나서 정말 깜짝 놀랐어. 원형이라 여기저기로 굴러가서 정말 당황스럽더라고.	N	2022-10-11 08:00:57	2022-10-11 08:00:57
BE22026908	8	1	화물차 가사님도 많이 놀라셨겠다. 자기가 다치지 않아서 정말 다행이라는 생각만 든다. 아무 일도 없는 것에 너무 감사하다.	N	2022-10-11 08:00:57	2022-11-08 06:14:58
BE22026908	9	0	생각하면 당황스럽기도 하고 놀란 마음에 손에 땀이 날 정도야. 순간적으로 일어난 일 앞에서는 정말 사람이 놀랄 수밖에 없나 봐.	N	2022-10-11 08:00:57	2022-10-11 08:00:57
BE22026908	10	1	자기가 현명하게 순간적으로 판단을 잘해서 큰 사고로 번지지 않아서 정말 천만다행이지. 이미 무사히 지나간 일이니 너무 마음 쓰지 말고 마음 편히 생각했으면 좋겠어.	N	2022-10-11 08:00:57	2022-11-08 06:14:58
BE22026908	11	0	좀처럼 당황하고 놀란 가슴이 진정이 안 되더라. 자기한테 연락해서 대화하다 보니 마음이 진정이 좀 되네. 정말 고마워.	N	2022-10-11 08:00:57	2022-11-08 06:14:58
BE22026908	12	1	그렇게 말해주니 내가 더 고마워. 언제든지 무슨 일 있으면 지금처럼 연락해 줘. 언제든 자기 이야기를 들을 준비가 되어있어.	N	2022-10-11 08:00:57	2022-11-08 06:14:58
BE22026908	13	0	자기가 따뜻하게 말해주니 정말 좋다. 누가 내 이야기에 공감해 주고 내 마음을 알아주는 것만으로도 엄청난 위로가 되는 것 같아.	N	2022-10-11 08:00:57	2022-11-08 06:14:58
BE22026908	14	1	자기가 항상 상대방의 입장을 잘 헤아려주잖아. 내가 자기에게 도움이 되었다니 정말 기쁘네. 많이 놀랐을 텐데 오늘은 푹 쉬어.	N	2022-10-11 08:00:57	2022-11-08 06:14:58
BE22026908	15	0	응 걱정해 줘서 고마워. 나중에 다시 연락할게.	Y	2022-10-11 08:00:57	2022-10-11 08:00:57
