id	utterance_id	utterance_type	utterance_text	terminate	regDate	updDate
BE22021424	1	0	근무 중에 눈물을 흘리는 직원을 비상구 계단에서 마주쳤어. 순간 일어난 일이기도 했고 놀라서 당황스러워서 그냥 말없이 나와버렸는데 마음이 조금 혼란스럽네. 가서 위로라도 해줬어야 했나 싶어.	N	2022-09-25 12:33:36	2022-09-25 12:33:36
BE22021424	2	1	자기 정말 머쓱하고 당황스러웠겠다. 나였어도 별반 다르지 않은 반응을 보였을 거야. 어떻게 해야 할지 몰라서 어리둥절했을걸.	N	2022-09-25 12:33:36	2022-11-08 05:42:31
BE22021424	3	0	그분이랑 나랑 그렇게 친한 사이도 아니었거든. 그래서 더욱 당황을 했지 뭐야. 여러모로 난감한 상황이었어.	N	2022-09-25 12:33:36	2022-09-25 12:33:36
BE22021424	4	1	이도 저도 못하는 상황이었겠네. 그 때의 상황과 곤혹스러운 마음이 여기까지 전해지는 것 같다. 문자로 전해 듣긴 했지만 자기의 복잡하고 혼란스러운 마음이 눈에 보이듯 생생하게 느껴져서 안타까워.	N	2022-09-25 12:33:36	2022-11-08 05:42:31
BE22021424	5	0	정말 얼마나 황당했는지 몰라. 내가 원래 잘 놀라고 당황하는 스타일도 아니잖아. 그런데 이번에는 아직까지 선명하게 기억할 정도로 놀랐다니까.	N	2022-09-25 12:33:36	2022-11-08 05:42:31
BE22021424	6	1	맞아, 잘 놀라지도 않고 차분하고 침착한 타입이잖아. 그런 자기가 스스로 이렇게 말할 정도면 여간 당황스러운 사건이었나보다. 얼마나 놀라고 충격이었으면 그럴까, 인상적인 기억으로 남았나봐.	N	2022-09-25 12:33:36	2022-11-08 05:42:31
BE22021424	7	0	마주친 것도 당황스럽지만 그때 당시 내 행동도 이해가 안 가. 얼이 빠져가지고 따뜻한 말 한마디 해주지 못한 나 자신을 생각하면 마음이 혼란스러워. 왠지 모를 죄책감도 느껴지는 것 같고.	N	2022-09-25 12:33:36	2022-11-08 05:42:31
BE22021424	8	1	누구나 처음부터 잘하는 건 아니잖아. 자기도 당황해서 그런 거지 그게 진심은 아니었다고 생각해. 복잡한 마음과 함께 죄책감까지 느끼는 자기를 보니 가슴이 미어진다.	N	2022-09-25 12:33:36	2022-11-08 05:42:31
BE22021424	9	0	경험하지 않은 당황스러운 일이라 자연스레 생각이 많아지는 것 같아. 정답이 없는 일이잖아. 내 행동으로 오히려 더 상처 받으셨을 수도 있다는 생각도 드네.	N	2022-09-25 12:33:36	2022-11-08 05:42:31
BE22021424	10	1	배려 넘치고 마음씨 고운 자기답게 역시 상처 받았을 사람의 마음도 생각하는구나. 하지만 그 분 입장에서는 자기가 모르는 척 지나가준 게 내심 고마우셨을 거야, 위로의 방법은 각각 다르잖아. 자기의 행동에 너무 죄책감을 느끼지 않아도 될 것 같은데?	N	2022-09-25 12:33:36	2022-11-08 05:42:31
BE22021424	11	0	자기 말을 들으니 수긍이 된다. 맞아, 가끔은 침묵이 가장 큰 위로가 되는 법이 있으니까. 고마워, 마음이 한결 가벼워 진 것 같아.	N	2022-09-25 12:33:36	2022-09-25 12:33:36
BE22021424	12	1	마음이 가벼워졌다니 다행이다. 물론 마음이 혼란하고 무겁겠지만 너무 깊게 생각하지 않았으면 좋겠어. 자기에게 스트레스를 줄 만큼 무거운 일이 아니니까.	N	2022-09-25 12:33:36	2022-11-08 05:42:31
BE22021424	13	0	그렇게 말해줘서 고마워. 사실 자기한테 이야기하기 전까지 심경이 복잡했거든. 자기한테 이야기하길 잘했다는 생각이 드네.	N	2022-09-25 12:33:36	2022-11-08 05:42:31
BE22021424	14	1	그렇게 말해주니 나야말로 영광인걸. 마음속에 있는 짐을 하나 덜어준 것 같아서 흐뭇하다.	Y	2022-09-25 12:33:36	2022-11-08 05:42:31
