id	utterance_id	utterance_type	utterance_text	terminate	regDate	updDate
BE22023497	1	0	자기야 혹시 지금 바빠? 나랑 잠깐 문자해 줄 수 있나? 나 너무 당황스러워서 누구라도 이야기 할 사람이 필요해.	N	2022-10-03 00:54:54	2022-11-08 05:54:45
BE22023497	2	1	응, 지금 잠시 커피 마시면서 한숨 돌릴 참이야. 무슨 일이라도 생긴 거야?	N	2022-10-03 00:54:54	2022-10-03 00:54:54
BE22023497	3	0	아침부터 옆자리 직원이 선글라스 끼고 일하고 있거든. 덕분에 나는 지금 굉장히 당황스러워서 업무가 안 돼.	N	2022-10-03 00:54:54	2022-10-03 00:54:54
BE22023497	4	1	정말? 너무 어처구니 없는 일이다. 사무실 안에서 선글라스를 끼고 있는 거야? 눈 수술이라도 했대?	N	2022-10-03 00:54:54	2022-11-08 05:54:45
BE22023497	5	0	그건 아닌 것 같아. 근데 아무도 지적을 안 해, 나만 이상한 사람이 된 것 같아서 혼자 당황 중이야. 실내에서 선글라스를 끼는 게 요즘 유행인가?	N	2022-10-03 00:54:54	2022-10-03 00:54:54
BE22023497	6	1	그런 유행은 들어본 적이 없는데, 나까지 황당하다. 자기가 충분히 당황스러울 만한 일이라고 생각해. 나였어도 당혹스러워서 일에 집중이 안 됐을 것 같아.	N	2022-10-03 00:54:54	2022-10-03 00:54:54
BE22023497	7	0	그렇지? 요즘 복무 감사 기간이라 가뜩이나 신경 쓰이는 게 많은데 좀 어이없어. 왜 다들 본체만체하는지도 의문스럽고, 여러모로 지금 경황이 없다.	N	2022-10-03 00:54:54	2022-11-08 05:54:45
BE22023497	8	1	상사가 먼저 나서서 신경을 써 줘야 할 텐데. 자기 혼자 전전긍긍하고 있을 거 생각하니 너무 안쓰럽다.	N	2022-10-03 00:54:54	2022-11-08 05:54:45
BE22023497	9	0	지난주에 감사 기간 복장 지침까지 내려왔었는데 이런 상황에도 다들 아무 말 안 하니 당황스러워. 내가 지금 과하게 신경 쓰는 건가? 이러고 있는 내 자신이 더 이상한 건가?	N	2022-10-03 00:54:54	2022-10-03 00:54:54
BE22023497	10	1	나는 자기가 충분히 이해 돼. 정상적이고 익숙한 상황이 아니다 보니 자기가 조금 당황한 걸 거야. 전혀 이상한 일이 아니고, 오히려 당연한 일이니 너무 자신을 몰아세울 필요 없어.	N	2022-10-03 00:54:54	2022-11-08 05:54:45
BE22023497	11	0	고마워, 그런 말을 듣길 원했던 것 같아. 아까는 당황해서 정말 미쳐버리는 줄 알았는데, 자기 덕분에 이제야 당황스러웠던 마음이 많이 풀어졌어. 그 직원한테 한 번 말을 걸어보고 이야기를 들어봐야겠어.	N	2022-10-03 00:54:54	2022-11-08 05:54:45
BE22023497	12	1	그래, 기분이 나아졌다니 다행이다. 사정을 청취해보면 상대방의 상황을 이해하게 될 수도 있어. 일단 그 직원에게 넌지시 말을 붙여봐!	N	2022-10-03 00:54:54	2022-11-08 05:54:45
BE22023497	13	0	그래야겠어, 혼자 당황하고 있느라 어찌할 바를 몰랐는데 진정을 하니 머리가 돌아가네. 얘기 들어보고 별다른 사정 없으면 실내에선 선글라스 벗어 달라고 해야지.	N	2022-10-03 00:54:54	2022-10-03 00:54:54
BE22023497	14	1	지혜로운 방법이라고 생각해. 모든 일은 감정을 가라앉히고 차분하게 생각해 보아야 답이 나오는 것 같아.	N	2022-10-03 00:54:54	2022-11-08 05:54:45
BE22023497	15	0	자기 말이 맞아. 내 감정을 한 번 식혀줘서 고마워! 이야기 잘 끝내고 또 문자할 게.	Y	2022-10-03 00:54:54	2022-11-08 05:54:45
