id	utterance_id	utterance_type	utterance_text	terminate	regDate	updDate
BE22023874	1	0	자기야 나 곤란한 일이 있는데 들어줄 수 있어? 사실 가정사라 걱정시키고 싶지 않아서 얘기를 안 했는데 혼자서는 판단이 안 서서 말이야. 예상하지 못했던 일이라 많이 당황스러울 뿐이야.	N	2022-10-04 04:03:12	2022-10-04 04:03:12
BE22023874	2	1	물론이지, 사실은 자기가 많이 힘들어하는 일이 있어 보이는 눈치였는데 자기가 말해주기 전까지 기다렸어. 내가 힘이 될 수 있다면 뭐든지 할 수 있으니 편하게 얘기해 줘.	N	2022-10-04 04:03:12	2022-11-08 05:56:59
BE22023874	3	0	사실 친 동생과 다투고 3개월째 연락을 하지 않는 중이거든. 그런데 어제 엄마가 가족행사에 오랜만에 동생과 함께 오라고 하시는 거야. 엄마가 알면 충격받으실 텐데 너무 당황스럽고 어떻게 해야 할지 모르겠어.	N	2022-10-04 04:03:12	2022-10-04 04:03:12
BE22023874	4	1	그런 일이 있었으니 가족들 사이에서 자기가 많이 혼란스럽고 당황스럽겠어. 그래도 3개월째 연락을 하지 않는 거면 심하게 싸웠나 보구나. 자기가 여러모로 힘들어했을걸 생각하니 나도 마음이 안 좋네.	N	2022-10-04 04:03:12	2022-11-08 05:56:59
BE22023874	5	0	엄마는 우리가 절연했을 줄 꿈에도 모르고 계실 테니 사실대로 말하면 걱정하실 테니 더 고민이야. 가족 행사라서 친척들도 다 모일 텐데 괜히 불화가 있는 걸 알리기도 싫고 말이야. 동생과 싸운 뒤로 지금은 아무 감정도 없지만 생각지 않은 일이 생겨서 많이 당황스러워.	N	2022-10-04 04:03:12	2022-10-04 04:03:12
BE22023874	6	1	자기도 기분이 안 좋을 텐데 걱정하실까 봐 어머니를 생각하는 마음씨가 정말 예쁘다. 나였으면 그런 건 염두에 두지 않고 감정적이었을 텐데 자기가 생각이 깊은 것 같아. 그럼 자기는 동생과 화해할 생각이 있는 거야?	N	2022-10-04 04:03:12	2022-11-08 05:56:59
BE22023874	7	0	동생이 먼저 사과하지 않는 한 화해하고 싶진 않아. 그래서 더욱 어쩔 줄 모르겠는 거 같아. 엄마에겐 비밀로 하기 위해 입을 맞추려고 연락을 해야 하나 싶고 생각이 많네.	N	2022-10-04 04:03:12	2022-10-04 04:03:12
BE22023874	8	1	가족들의 시선도 엄마의 걱정도 많이 신경 쓰이겠지만 제일 중요한 건 자기의 감정이야. 자기와 동생 사이의 불화를 다 정리도 하지 않았는데 괜찮은 척하지 않아도 돼. 그동안 혼자서 얼마나 고생이 많았을까, 당장이라도 달려가서 토닥여 주고 싶네.	N	2022-10-04 04:03:12	2022-11-08 05:56:59
BE22023874	9	0	엄마한테 솔직하게 말씀드리고 가족 행사는 불참하겠다고 해도 될까. 어릴 적엔 우애가 깊던지라 많이 실망하실 텐데 어떻게 해야 할지 모르겠어. 싸운지 3개월이나 지났는데도 내 감정을 앞세워서 고집부리는 아이 같은 내 모습에 자괴감이 들어.	N	2022-10-04 04:03:12	2022-10-04 04:03:12
BE22023874	10	1	나 자신의 감정을 보듬을 줄 알아야 다른 사람의 감정도 챙길 수 있는 법이라고 생각해. 지금은 뭐가 됐든 자기 마음이 편한 대로 하는 게 정답이야. 너무 조바심 갖지 말고 솔직하게 말씀드리면 어머니도 이해하실 거야.	N	2022-10-04 04:03:12	2022-11-08 05:56:59
BE22023874	11	0	자기가 계속 내 감정이 제일 소중하다고 말해주니까 마음이 한결 나아지는 것 같네. 많이 당황스러웠는데 어떻게 해야 할지 감이 잡히는 것 같아. 엄마한테는 솔직하게 말씀드리고 진지하게 대화해 봐야겠어.	N	2022-10-04 04:03:12	2022-10-04 04:03:12
BE22023874	12	1	아마 어머니도 놀라시긴 하겠지만 이해하실 거야. 그리고 몇 개월이나 지났으니 그렇게 사이좋던 동생이니 미안해하고 있지 않을까? 아마 미안하고 어색한 마음에 자기에게 연락을 잘 못하고 있을 수도 있어.	N	2022-10-04 04:03:12	2022-10-04 04:03:12
BE22023874	13	0	워낙 소심한 애여서 자기 말을 듣고 보니 그럴 수도 있겠다 싶네. 엄마한테 솔직하게 말씀드리기 전에 동생과 그 일에 대해서 다시 풀어봐야겠어. 자기가 항상 내 편이니 든든하고 고마울 뿐이야.	N	2022-10-04 04:03:12	2022-10-04 04:03:12
BE22023874	14	1	내가 도움이 된다니 내가 더 고맙지. 언제든 자기가 힘든 일이 있을 때 나한테 기댔으면 좋겠어. 동생과 잘 얘기해 보고 나에게도 알려 줘.	Y	2022-10-04 04:03:12	2022-11-08 05:56:59
