id	utterance_id	utterance_type	utterance_text	terminate	regDate	updDate
BE22023809	1	0	자기야, 나 너무 당황스러워 어떡하지. 아까부터 계속 덥더니 겨드랑이가 다 젖은 것 같아. 여긴 왜 에어컨을 안 틀어주는 거야?	N	2022-10-04 00:41:37	2022-11-08 05:56:36
BE22023809	2	1	그러게, 사람도 많은데 옷이 젖어서 많이 당황스럽겠다. 그럴 때 나도 누가 나를 쳐다보지는 않을까 괜히 신경 쓰이더라고.	N	2022-10-04 00:41:37	2022-11-08 05:56:36
BE22023809	3	0	응, 여분의 옷도 없고 지나가는 사람들이 괜히 나를 쳐다보는 느낌도 들어. 아는 사람이라도 만날까 봐 너무 불안해. 후배가 여는 전시회라서 학교 사람들이 많거든.	N	2022-10-04 00:41:37	2022-10-04 00:41:37
BE22023809	4	1	괜찮아, 자기야. 자기만 그런 게 아니니까 혹시 보인다고 해도 다들 이해해 줄 거야.	N	2022-10-04 00:41:37	2022-10-04 00:41:37
BE22023809	5	0	그래도 나는 너무 당황스러워. 자기도 알잖아 나 원래 남의 눈 의식 많이 하는 것. 너무 신경이 쓰여서 지금 무슨 작품을 보고 있는 건지도 모르겠어.	N	2022-10-04 00:41:37	2022-10-04 00:41:37
BE22023809	6	1	응, 알지. 자기도 그런 점을 고치고 싶어 했잖아. 자기 생각처럼 다른 사람들은 나한테 관심이 없다는 걸 계속 상기시켜 봐. 그러면 조금 신경이 덜 쓰일 거야.	N	2022-10-04 00:41:37	2022-11-08 05:56:36
BE22023809	7	0	아니야, 나 방금도 지나가는 사람이랑 눈이 마주친 것 같아. 저 사람도 나를 보고 속으로 웃고 있는 게 아닐까 하는 생각만 들고 너무 당황스러워.	N	2022-10-04 00:41:37	2022-10-04 00:41:37
BE22023809	8	1	우연히 눈이 마주칠 수는 있지만 그냥 지나가다가 시선이 닿았던 것뿐일 거야. 당황스럽겠지만 조금 차분하게 생각해 보자.	N	2022-10-04 00:41:37	2022-11-08 05:56:36
BE22023809	9	0	그렇지만 조금 이따가 후배한테 인사도 하러 가 봐야 하는데, 이 모습으로 어떻게 가지? 후배도 나를 비웃을 거야.	N	2022-10-04 00:41:37	2022-10-04 00:41:37
BE22023809	10	1	거기 많이 덥다며, 모두 자기랑 같은 처지일 거야. 너무 당황하면 더 땀이 날 수도 있으니까 일단 진정해 봐. 후배를 만나야 해서 더 걱정이 되겠지만 후배도 이해해주지 않을까?	N	2022-10-04 00:41:37	2022-11-08 05:56:36
BE22023809	11	0	그런가? 자기 말 듣고 보니 그런 것 같기도 해. 자기 말처럼 다들 나를 신경 쓸 겨를이 없어 보이기도 하고.	N	2022-10-04 00:41:37	2022-11-08 05:56:36
BE22023809	12	1	응, 그렇지? 그 정도 더위면 자기처럼 땀 때문에 곤혹스러워 하는 사람들이 많을 거야. 오랜만에 연 전시회인데 그렇게 돼서 후배도 많이 곤란하겠다.	N	2022-10-04 00:41:37	2022-10-04 00:41:37
BE22023809	13	0	응, 그러게. 모두들 더위 때문에 말을 얹고 있네. 나만 이런 건 아니라고 생각하니까 마음이 조금 놓이는 것 같아.	N	2022-10-04 00:41:37	2022-11-08 05:56:36
BE22023809	14	1	응, 자기가 정 신경 쓰이면 후배한테 인사하기 전에 잠시 나가서 바람 좀 쐬고 가.	N	2022-10-04 00:41:37	2022-10-04 00:41:37
BE22023809	15	0	고마워, 자기야. 자기랑 대화하면 항상 기분이 좋아지는 것 같아.	Y	2022-10-04 00:41:37	2022-10-04 00:41:37
