id	utterance_id	utterance_type	utterance_text	terminate	regDate	updDate
BE22026513	1	0	자기야, 나 너무 당황스러운 일이 있었는데 들어 봐. 어제 엄마 따라서 산에 갔는데, 엄청 깜짝나게 놀라는 일이 있었거든.	N	2022-10-10 11:56:24	2022-11-08 06:12:37
BE22026513	2	1	산에서 무슨 일 있었어? 놀랐다고 하니까 엄청 걱정된다. 어떤 일이었는지 나한테 이야기해 줘 봐.	N	2022-10-10 11:56:24	2022-11-08 06:12:37
BE22026513	3	0	내가 엄마랑 같이 산딸기를 따고 있었는데, 갑자기 풀숲에서 어떤 뱀이 스르륵 기어 나오는 거야! 그래서 나도 모르게 너무 놀라서 그만 소리를 질렀어. 근데 주변에 있던 분들이 나를 다 쳐다봐서 너무 부끄러웠던 것 있지.	N	2022-10-10 11:56:24	2022-10-10 11:56:24
BE22026513	4	1	뱀이라니, 자기가 엄청 깜짝 놀랄 만 했네! 내가 실제로 뱀을 보면 너무 당황해서 기절해버렸을지도 몰라. 자기가 정말 많이 놀랐을 것 같은데 괜찮아?	N	2022-10-10 11:56:24	2022-11-08 06:12:37
BE22026513	5	0	아니, 게다가 거기서 내가 소리를 지르면서 넘어진 거야. 그래서 옆에 있던 분들이 전부 다 나에게 달려오셨어. 그래서 진짜 너무 부끄럽고 쥐구멍에라도 들어가서 숨고 싶더라.	N	2022-10-10 11:56:24	2022-10-10 11:56:24
BE22026513	6	1	넘어지기까지 해서 더 민망하고 쑥스러웠겠네. 다들 걱정되셔서 자기 상태를 보려고 달려오신 걸 테니까 너무 부끄럽게 생각하지는 마. 자기였어도 다른 분이 넘어졌으면 달려가서 부축했을걸?	N	2022-10-10 11:56:24	2022-11-08 06:12:37
BE22026513	7	0	휴, 넘어지면서 내가 온몸이 흙투성이가 되어서 진짜 너무 민망했어. 나를 일으켜주시면서 뱀도 쫓아주시느라 다들 정신없으시더라. 난 너무 당황해서 얼굴이 홍당무처럼 다 새빨개졌어.	N	2022-10-10 11:56:24	2022-11-08 06:12:37
BE22026513	8	1	흙이 몸에 다 묻어서 찝찝하기도 하고 당황스러웠겠네. 자기가 얼굴이 빨개질 정도로 엄청 창피했나 보다. 근데 나라도 그런 상황이라면 진짜 부끄러웠을 것 같기는 해.	N	2022-10-10 11:56:24	2022-11-08 06:12:37
BE22026513	9	0	사실 엄청 작은 뱀이라서 내가 너무 호들갑 떨었나 싶기도 하더라고. 근데 너무 무서워서 어쩔 수가 없었어. 진짜 지우고 싶은 정도로 당황스럽고 부끄럽네.	N	2022-10-10 11:56:24	2022-11-08 06:12:37
BE22026513	10	1	어머니랑 즐거운 시간 보내다가 그런 일이 있어서 진짜 마음이 더 좋지 않았겠네. 게다가 주변에 모르는 분들도 많이 계신 상황에서 그랬으니까 더 민망했을 것 같아. 자기가 너무 고생 많았다.	N	2022-10-10 11:56:24	2022-11-08 06:12:37
BE22026513	11	0	응, 근데 그때 엄마가 막 나를 놀리면서 웃는 거야. 안 그래도 부끄러워서 난리였는데. 엄마가 그러니까 더 당황스럽고 어디로 숨고 싶은 기분이었어.	N	2022-10-10 11:56:24	2022-10-10 11:56:24
BE22026513	12	1	그 상황에서 어머니가 놀리고 그러셨구나. 근데 그럴 때 오히려 웃어줘야 다들 가볍게 넘길 수 있어서 그렇게 하신 것 같아. 어머니가 분위기 풀어주시려고 그런 것 같으니까 너무 그러진 마.	N	2022-10-10 11:56:24	2022-11-08 06:12:37
BE22026513	13	0	그렇게 생각해 보니까 또 그런 것 같네. 엄마가 그렇게 하니까 다른 분들도 심각하게 생각하지 않고 그냥 웃고 넘어갔거든. 엄마가 오히려 날 생각해 준 거라고 생각하니까 이해가 간다.	N	2022-10-10 11:56:24	2022-10-10 11:56:24
BE22026513	14	1	내가 어머니 마음을 다 알진 못하겠지만, 왠지 그러셨을 것 같아. 어제 자기가 겪은 일로 많이 부끄럽고 속상했던 기분이 좀 나아졌으면 좋겠다.	N	2022-10-10 11:56:24	2022-11-08 06:12:37
BE22026513	15	0	자기 덕분에 많이 나아진 것 같아. 언제나 위로해주고 잘 경청해줘서 고마워.	Y	2022-10-10 11:56:24	2022-10-10 11:56:24
