id	utterance_id	utterance_type	utterance_text	terminate	regDate	updDate
BE22013565	1	0	방금 집에 오다가 정말 깜짝 놀랐어. 골목에서 이상한 소리가 나서 봤더니 어떤 사람이 길고양이를 괴롭히고 있는 거 있지!	N	2022-08-09 06:06:34	2022-08-09 06:06:34
BE22013565	2	1	아직도 동물을 학대하는 사람들이 있다니. 그것도 그렇게 사람들 다니는 길에서 고양이를 괴롭히는 게 말이 되나? 자기가 보고도 안 믿겼겠다.	N	2022-08-09 06:06:34	2022-11-08 04:51:15
BE22013565	3	0	자기 말대로 보고도 안 믿기고 너무 놀라고 당황스러워서 아무것도 할 수가 없었어. 막상 그런 사람을 마주하니까 무서운 느낌이 들더라고.	N	2022-08-09 06:06:34	2022-08-09 06:06:34
BE22013565	4	1	얼마나 놀랐으면 그랬을까 싶어서 나까지 심장이 두근거리는 느낌이야. 늦은 시간에 골목길에서 그런 상황을 마주하면 누구라도 얼어붙을 수밖에 없을 것 같아. 그 사람이 고양이 괴롭히는데 지나가기 무섭지 않았어?	N	2022-08-09 06:06:34	2022-11-08 04:51:15
BE22013565	5	0	다행히 내가 인기척을 내니까 고양이 놔주고 재빨리 자리를 뜨더라고. 내가 지나가도 고양이를 계속 괴롭혔으면 내가 어떻게 할 수 있었을까 막막해. 내가 너무 용기가 부족한 걸까?	N	2022-08-09 06:06:34	2022-08-09 06:06:34
BE22013565	6	1	그렇게 인기척이라도 내서 그 사람을 쫓아낸 것만으로도 대단한걸? 일단 공공장소에서 그런 행동을 하고 있는 사람은 정상이 아닐 확률이 높잖아. 보통 일반인이었으면 자기가 그렇게 겁먹지도 않았을 텐데 그렇지 않아?	N	2022-08-09 06:06:34	2022-11-08 04:51:15
BE22013565	7	0	그건 그렇지. 자기 말대로 이 시간에 길에서 그러고 있는 사람이 정상 같지 않았어. 그래도 고양이가 너무 불쌍한데 내가 아무것도 해줄 수 있는 게 없어서 미안했어. 나 스스로가 너무 놀라서 내 안위를 걱정하느라 고양이를 적극적으로 구해주지 못한 게 너무 미안해.	N	2022-08-09 06:06:34	2022-08-09 06:06:34
BE22013565	8	1	자기는 자기 나름 할 수 있는 최선을 다했다고 생각하는걸? 자기가 고양이를 더 도와주지 못해서 죄책감이 생긴 건 이해가 돼. 그래도 자기가 인기척을 내준 그마저도 없었으면 고양이는 더 괴롭힘을 당했을 수도 있잖아.	N	2022-08-09 06:06:34	2022-11-08 04:51:15
BE22013565	9	0	그럼 다행이야. 나도 모르게 집에 오는 길에 계속 자책하게 되더라고. 그 사람한테 따끔하게 말해줬어야 다음에 또 그런 짓 못 할 텐데 싶어서. 소극적으로 행동한 내가 너무 부끄러웠어.	N	2022-08-09 06:06:34	2022-11-08 04:51:15
BE22013565	10	1	만약 또 그 사람이 그런 행동을 한다면 자기처럼 용기 있는 사람이 말려줄 거야. 자기가 방관하고 지나간 것도 아닌데 자책할 필요 없는 것 같아.	N	2022-08-09 06:06:34	2022-11-08 04:51:15
BE22013565	11	0	다시는 이런 일이 없었으면 좋겠어. 너무 끔찍하더라고. 아직까지도 마음이 안 좋고 악몽 꿀 것만 같아.	N	2022-08-09 06:06:34	2022-11-08 04:51:15
BE22013565	12	1	말도 못 하는 동물이 고통받고 있는 모습은 너무 마음이 아프지. 그게 자기한테 자책으로 남은 것 같아서 내 마음도 안 좋아. 자기 덕분에 고양이가 그 사람으로부터 벗어났다는 사실에 더 집중하면 어떨까?	N	2022-08-09 06:06:34	2022-11-08 04:51:15
BE22013565	13	0	나도 그러려고 애쓰고 있긴 해. 자기 말대로 아까의 잔상이 계속 남아서 마음이 안 좋은 것 같아.	N	2022-08-09 06:06:34	2022-08-09 06:06:34
BE22013565	14	1	쉽게 잊힐 장면은 아니지. 그래도 고양이는 지금 자기 덕분에 자유를 얻었으니까 자기도 마음을 조금 편하게 가지자. 난 자기의 용기 있는 모습에 한 번 더 반했는걸?	N	2022-08-09 06:06:34	2022-11-08 04:51:15
BE22013565	15	0	그래야겠어. 계속 마음에 담고 있어서 좋을 것도 없으니까. 고양이도 많이 놀랐을 텐데 편한 밤을 보내면 좋겠다!	N	2022-08-09 06:06:34	2022-08-09 06:06:34
BE22013565	16	1	고양이도 분명 자기한테 고마워하고 있을 거야. 자기도 죄책감보다는 뿌듯한 마음으로 편히 푹 자면 좋겠어.	N	2022-08-09 06:06:34	2022-11-08 04:51:15
BE22013565	17	0	고마워. 역시 자기밖에 없어.	Y	2022-08-09 06:06:34	2022-08-09 06:06:34
