id	utterance_id	utterance_type	utterance_text	terminate	regDate	updDate
BE22015017	1	0	자기야, 나 지금 너무 당황스러워서 몸 둘 바를 모르겠어.	N	2022-08-20 12:03:43	2022-08-20 12:03:43
BE22015017	2	1	저런, 무슨 일이길래 그래?	N	2022-08-20 12:03:43	2022-08-20 12:03:43
BE22015017	3	0	나 혼자 다른 지역에서 여행 중이거든? 근데 마스크 위아래를 돌려쓴 걸 모르고 계속 시내를 돌아다녔어. 아, 이제 알아채고 나 자신이 멍청이 같아서 너무 당황스럽고 부끄러워.	N	2022-08-20 12:03:43	2022-11-08 05:00:29
BE22015017	4	1	저런, 사람들 돌아다니는 데 혼자 그랬으면 나도 당황할 것 같아. 여태 모르고 있었던 게 좀 쪽팔리고 창피하잖아. 자기 지금 너무 당황해서 아무 생각도 안 들겠다.	N	2022-08-20 12:03:43	2022-11-08 05:00:29
BE22015017	5	0	응, 그리고 여행한다고 내가 여기저기 진짜 많이 돌아다녔거든. 근데 거기서 마주친 사람들은 다 내가 마스크 위아래 돌려쓴 걸 알 걸 아냐. 그걸 생각하니 너무 부끄럽고 쪽팔려.	N	2022-08-20 12:03:43	2022-11-08 05:00:29
BE22015017	6	1	나 그 감정 알아. 나는 예전에 옷 반대로 입은 적 있었거든. 그때 너무 당황스럽고 부끄러워서 쥐구멍에 숨고 싶은 심정이었어.	N	2022-08-20 12:03:43	2022-08-20 12:03:43
BE22015017	7	0	하, 지금 생각해도 너무 부끄러워. 왜 마스크를 돌려쓴 걸 인지하지 못했을까. 온갖 창피를 당한 것 같단 생각에 자꾸 숨고만 싶어져.	N	2022-08-20 12:03:43	2022-11-08 05:00:29
BE22015017	8	1	아냐, 어차피 사람들도 금방 잊었을 테니 자기도 더는 곱씹지 말고 잊어버리자. 사실 지나가는 사람한테 관심 가지고 기억하는 사람들이 얼마나 있겠어? 자기가 지금 부끄러워서 진정이 안 돼서 그렇지 남들은 그런 줄 몰랐을 거야!	N	2022-08-20 12:03:43	2022-11-08 05:00:29
BE22015017	9	0	아냐, 그래도 그중에 몇 사람이라도 알겠지. 속으로 얼마나 나를 비웃었을까? 그 생각만 하면 너무 부끄러워.	N	2022-08-20 12:03:43	2022-11-08 05:00:29
BE22015017	10	1	자기도 남이 덤벙거리거나 실수한 걸 목격해도 세세하게 기억하지 않고 금방 잊잖아. 그런 것처럼 남들도 자기 사는 데 집중한다고 남의 실수 따윈 신경 쓰지 않아. 살다보면 겪는 여러 일 중 하나니까 그 일에 대해서 너무 부끄러워하지 마.	N	2022-08-20 12:03:43	2022-11-08 05:00:29
BE22015017	11	0	하, 자기 말 들으니까 부끄러움이 가셔. 맞아, 자기 말처럼 다들 금방 잊었겠지. 그 생각을 하니까 너무 큰 위안이 돼.	N	2022-08-20 12:03:43	2022-08-20 12:03:43
BE22015017	12	1	응, 그러니 이미 지나긴 일 곱씹지 말자. 남은 여행 즐겁게 했으면 좋겠어!	N	2022-08-20 12:03:43	2022-11-08 05:00:29
BE22015017	13	0	응, 자기 덕분에 평정심을 되찾았어. 그래서 여행을 다시 즐겁게 할 수 있을 것 같아.	N	2022-08-20 12:03:43	2022-08-20 12:03:43
BE22015017	14	1	그렇게 금방 기운 차려서 다행이야. 다음에는 그런 당황스러운 일이 있을 때 내가 사람들에게 웃음을 줬군 하면서 긍정적으로 생각하자!	N	2022-08-20 12:03:43	2022-11-08 05:00:29
BE22015017	15	0	그것도 참 도움이 되는 말이네. 좋은 방법 알려줘서 고마워!	Y	2022-08-20 12:03:43	2022-08-20 12:03:43
