id	utterance_id	utterance_type	utterance_text	terminate	regDate	updDate
BE22020754	1	0	자기야, 어제 우리 집에 동생이 여자친구를 데려왔거든. 그런데 너무 당황스러워서 우리 가족들 모두 놀라는 일들이 참 많았어.	N	2022-09-23 04:25:42	2022-09-23 04:25:42
BE22020754	2	1	무슨 일이길래 다들 놀라셨다는 거야? 여자친구랑 나이 차이가 크게 나나?	N	2022-09-23 04:25:42	2022-11-08 05:38:39
BE22020754	3	0	아니 동생 여자친구가 외국인이고, 일단 집 안으로 들어오는데 신발을 신고 들어와서 너무 놀랐지. 엄마랑 아빠도 당황해서 어쩔 줄을 몰라 하셨어. 나도 그런 광경을 처음 보니까 당황스러워서 아무 말도 안 나오더라.	N	2022-09-23 04:25:42	2022-09-23 04:25:42
BE22020754	4	1	그런 일이 있었구나, 나였어도 많이 당황했을 거 같아. 지금 문자로만 보고도 좀 놀랐는데 자기는 오죽했을까 싶어. 영화에서나 보던 장면을 실제로 봤으니 얼마나 당황하고 놀랐을 거야.	N	2022-09-23 04:25:42	2022-11-08 05:38:39
BE22020754	5	0	더군다나 우리 부모님은 더 고지식하신 분들이라 너무 많이 놀라시고 당황하셨을 거야. 거기다 한국말도 조금 하긴 하는데 반말하니까 얼마나 당황스러웠는지 몰라. 순간 정적인 분위기를 바꾸려고 나 혼자 얼마나 노력했는지 모르겠어.	N	2022-09-23 04:25:42	2022-11-08 05:38:39
BE22020754	6	1	왜 안 그러겠어, 그래도 자기는 누구보다 임기응변에 뛰어난 사람이니까 그런 노력이라도 할 수 있었지. 나였으면 아무것도 못 하고 당황만 해서 표정 관리도 못했을 거야, 자기는 정말 대단해.	N	2022-09-23 04:25:42	2022-11-08 05:38:39
BE22020754	7	0	동생은 그런 거 감당도 못 할 거면서 왜 외국인 여자친구를 집으로 데려왔나 모르겠어. 집에 오기 전에 신발을 신고 들어가면 안 된다는 정도의 한국 문화는 알려줬어야지. 저도 같이 당황해서는 나만 빤히 쳐다보는데 너무 어이가 없었잖아.	N	2022-09-23 04:25:42	2022-11-08 05:38:39
BE22020754	8	1	동생도 당연히 신발을 벗고 들어올 거라 생각했을 거야. 그래서 미처 생각지도 못한 일이 일어나서 당황한 거 같고. 시간이 지나면 가볍게 잊고 지나갈 일이니까 너무 마음에 담아두면서 기분 상해 하지는 말았으면 좋겠어.	N	2022-09-23 04:25:42	2022-11-08 05:38:39
BE22020754	9	0	자기가 그렇게 말해주니 마음이 한결 편해지는 기분이야. 문화가 다른 외국인이 와서 겪은 이런 당황스러움이 처음이라 내가 너무 안 좋게만 생각했나 봐.	N	2022-09-23 04:25:42	2022-11-08 05:38:39
BE22020754	10	1	자기뿐 아니라 누구나 이런 일을 겪었다면 당황스러울 수밖에 없었을 거야. 너무 마음 쓰여 하지 말고 마음을 편하게 가지고 이해하려고 노력한다면 조금은 나아질 거야.	N	2022-09-23 04:25:42	2022-11-08 05:38:39
BE22020754	11	0	그런 위로와 응원의 말을 해주니 정말 고마워. 외국인이 신발을 신고 들어오는 당연한 일을 이해 못 한다는 소리를 들을까? 말도 못 했거든. 자기한테 이렇게 얘기를 하니까 답답함이 많이 풀렸어.	N	2022-09-23 04:25:42	2022-11-08 05:38:39
BE22020754	12	1	생각하는 게 사람마다 다른 건데 남들을 의식하면서 말도 못 하고 혼자 끙끙 앓지는 마. 지금처럼 언제든 고민이나 대화 상대가 필요하면 나한테 얘기하고 답답함을 풀 수 있었으면 좋겠어.	N	2022-09-23 04:25:42	2022-11-08 05:38:39
BE22020754	13	0	힘들 때마다 항상 응원해 주고 좋은 말을 해주는 자기가 옆에 있어서 얼마나 다행인지 몰라. 덕분에 어떤 힘든 일이든 잘 이겨내면서 지내올 수 있었던 거 같아.	N	2022-09-23 04:25:42	2022-09-23 04:25:42
BE22020754	14	1	그렇게 말해주니 오히려 내가 더 고맙고 보람을 느끼네. 이번 일도 금방 잊고 털어버리고 전처럼 즐거운 마음으로 지낼 수 있기를 바랄게.	N	2022-09-23 04:25:42	2022-11-08 05:38:39
BE22020754	15	0	응, 나도 그럴 날이 빨리 오기를 바라면서 털어버릴 수 있도록 열심히 노력해 볼게.	Y	2022-09-23 04:25:42	2022-09-23 04:25:42
