id	utterance_id	utterance_type	utterance_text	terminate	regDate	updDate
BE22021729	1	0	자기야. 나 오늘 친구들이랑 노래방 다녀왔는데 너무 당황스럽고 내 자신이 조금 한심해졌어.	N	2022-09-26 13:35:09	2022-09-26 13:35:09
BE22021729	2	1	오늘 군대 가는 친구 때문에 오랜만에 친구들 만난다고 한 그 날이구나! 무슨일 있었어?	N	2022-09-26 13:35:09	2022-09-26 13:35:09
BE22021729	3	0	응. 친구들이 막 요즘 이거 최신노래 이거 모르면 바보다 이러면서 예약하는데 나 진짜 하나도 모르겠는 거야. 그게 너무 당황스럽고 내가 진짜 세상에 관심 없나 라는 생각에 내 자신이 한심해졌어. 요즘 최신곡 진짜 하나도 모르겠어 자기야.	N	2022-09-26 13:35:09	2022-11-08 05:44:18
BE22021729	4	1	나도 주말에 아는 지인이랑 카페 갔는데 지인이 노래를 다 따라 흥얼 거리더라고. 근데 나는 진짜 무슨 노래인지 전혀 모르겠고 한번도 못 들어본 노래여서 얼마나 당황했는지 몰라. 그래서 자기가 어제 느꼈을 당황스러움이 너무 이해가 간다.	N	2022-09-26 13:35:09	2022-09-26 13:35:09
BE22021729	5	0	친구들이 다 같이 따라 부르자고 막 떼창 유도 하는데 나는 몰라서 입만 벙긋 거렸어. 황망한 마음에 눈알만 데구르르 굴렸지 뭐야. 최신곡을 하나도 모르는 상태에서 노래방을 가니까 진짜 어쩔줄 모르겠더라.	N	2022-09-26 13:35:09	2022-09-26 13:35:09
BE22021729	6	1	자기가 당황해서 본인을 한심하다고 까지 생각했다는 얘기 들으니까 나도 마음이 불편해지네. 신나게 놀자고 모인 친구들 모임에서 당황스러운 일 겪어서 힘들었겠어. 얘기 듣는 나까지 감정이입해서 그 당황스러운 광경이 떠올라지네.	N	2022-09-26 13:35:09	2022-11-08 05:44:18
BE22021729	7	0	친구들 모임에서 당황스러운 일을 겪은게 오랜만 이여서 그런지 진짜 혼비백산이었어. 술도 먹은 상태였어서 그런지 더 그랬던 거 같아. 친구가 이 노래 모르냐고 묻는데 전혀 모르겠다고 대답해버려서 자존심도 상하고 한심해.	N	2022-09-26 13:35:09	2022-09-26 13:35:09
BE22021729	8	1	자기가 일이 너무 바쁘고 공부까지 하느라 노래 들을 여유가 없어서 그런거지 절대 한심하지 않아. 세상 유흥거리보다 일과 공부에 집중하는 자기가 얼마나 대단하고 멋진데! 모르는건 절대 죄가 아니니까 이런일로 당황하거나 본인을 한심하다고 생각하지마.	N	2022-09-26 13:35:09	2022-11-08 05:44:18
BE22021729	9	0	그렇기는 한데 다들 알고있고 나만 모르니까 그게 참 마음이 불편했어. 내가 너무 일과 공부에 집중 하느라 사람들과 못 어울리는 기분도 들고 여러모로 당황스러운 하루였네.	N	2022-09-26 13:35:09	2022-09-26 13:35:09
BE22021729	10	1	자기는 일과 공부에 집중하면서도 친구들도 챙기고 연인인 나도 잘 챙겨주잖아. 그깟 최신곡 모른다고 자기가 한심한 사람이 되는게 절대 아니야. 그러니 이제 그 일은 털어내고 마음을 조금 편히 먹어보자.	N	2022-09-26 13:35:09	2022-11-08 05:44:18
BE22021729	11	0	응. 자꾸만 생각할수록 마음이 더 안좋아지는 거 같아. 자기가 그래도 이렇게 위로해주고 공감해주니까 마음이 어느정도 풀어졌어. 역시 이럴 때 자기랑 대화하는게 나에겐 최고의 약인가봐.	N	2022-09-26 13:35:09	2022-09-26 13:35:09
BE22021729	12	1	정말? 자기가 나랑 문자하면서 기분이 나아졌다니까 나도 여러모로 기쁘네. 신나고 즐거워야 할 친구들 모임에서 당황스러운 일 겪느라 고생했어.	N	2022-09-26 13:35:09	2022-11-08 05:44:18
BE22021729	13	0	자기가 내 마음을 잘 알아줘서 이제 정말 괜찮아진 거 같아. 그래도 종종 최신곡도 듣고 노래방에서 불러도 보고 해야겠어.	N	2022-09-26 13:35:09	2022-11-08 05:44:18
BE22021729	14	1	좋은 생각이야. 나도 최신곡 잘 모르니까 우리 데이트할 때 같이 최신곡 부르고 노래방 가면 되겠다! 오늘 일로 데이트 코스가 짜여졌네?	N	2022-09-26 13:35:09	2022-11-08 05:44:18
BE22021729	15	0	그러게. 잘된일이다. 내 얘기 들어주느라 고생했어 자기야. 밤도 늦었는데 이만 자고 내일 또 연락하자!	Y	2022-09-26 13:35:09	2022-09-26 13:35:09
