id	utterance_id	utterance_type	utterance_text	terminate	regDate	updDate
BE22021233	1	0	자기, 나 최근에 찍은 증명사진 말이야, 너무 못 나왔어?	N	2022-09-24 05:53:48	2022-09-24 05:53:48
BE22021233	2	1	아니, 딱히 그런 생각 하지 않았어. 왜?	N	2022-09-24 05:53:48	2022-09-24 05:53:48
BE22021233	3	0	최근에 회사 출입증을 분실해서 그 사진으로 새로 만들었거든. 그런데 내 옆 자리 동기가 출입증 사진을 보면서 이상하게 비웃는 것 같은 거야.	N	2022-09-24 05:53:48	2022-09-24 05:53:48
BE22021233	4	1	나는 특별한 점은 못 느꼈는데 왜 그랬을까? 정말 비웃은 거야?	N	2022-09-24 05:53:48	2022-09-24 05:53:48
BE22021233	5	0	응, 분명히 아무 의미없는 미소는 아니었고 비웃음이었어. 나도 순간적으로 당황스러워서 아무말도 하지 못했어.	N	2022-09-24 05:53:48	2022-09-24 05:53:48
BE22021233	6	1	남의 사진을 보고 비웃다니. 자기 정말 기분이 좋지 않았겠다. 그래서 그 뒤로는 아무렇지 않게 넘겼어?	N	2022-09-24 05:53:48	2022-11-08 05:41:24
BE22021233	7	0	응. 딱히 뭐라고 할 말도 없었어. 그렇다고 공격적으로 대할 수도 없고 말이야. 그런데 생각할 수록 너무 당황스럽고 기분이 나빠.	N	2022-09-24 05:53:48	2022-09-24 05:53:48
BE22021233	8	1	그러게, 왜 웃은건지 이유라도 말 해주었으면 덜 했을 텐데 괜히 기분도 찝찝하고 이상하다.	N	2022-09-24 05:53:48	2022-11-08 05:41:24
BE22021233	9	0	내 말이. 자리에 돌아와서 내 출입증 사진을 다시 봤거든. 처음엔 사진이 못 나왔나 싶다가, 나중에는 내 외모를 비웃은 건가 하는 생각까지 들었어.	N	2022-09-24 05:53:48	2022-09-24 05:53:48
BE22021233	10	1	그럴리가. 자기는 웃는 얼굴이 정말 예쁘고 매력적인데 그 사진에는 자기의 미소가 잘 담겼거든. 그리고 언제나 비웃는 사람이 잘못된 거지 비웃음 당한 사람이 자기 탓을 할 필요는 없어.	N	2022-09-24 05:53:48	2022-11-08 05:41:24
BE22021233	11	0	맞아, 하지만 앞으로 그런 일이 있을 때 어떻게 해야 하지? 당황스러움을 숨길 수가 없어.	N	2022-09-24 05:53:48	2022-11-08 05:41:24
BE22021233	12	1	일단 남의 판단을 근거로 스스로에게 화살을 돌리지 않는 게 중요해. 그건 남의 시선을 의식하고 있다는 얘기니까. 내가 바라보는 나에 대해서 글을 써보는 것도 좋은 방법일 것 같아.	N	2022-09-24 05:53:48	2022-09-24 05:53:48
BE22021233	13	0	비웃는 사람이 잘못이라는 것도, 스스로를 탓하지 말아야 한다는 것도 다 맞는 말인 것 같아. 나 자신을 먼저 사랑하면 더 좋아질 것 같다는 생각이 들어.	N	2022-09-24 05:53:48	2022-09-24 05:53:48
BE22021233	14	1	맞아, 지금도 충분히 멋지고 아름다운 사람이기 때문에 남의 시선은 걱정하지 않아도 돼.	Y	2022-09-24 05:53:48	2022-09-24 05:53:48
