id	utterance_id	utterance_type	utterance_text	terminate	regDate	updDate
BE22026545	1	0	자기, 나 오늘 너무 당황스러운 일이 있었어. 그 일을 생각하면 아직도 얼굴이 화끈해질 만큼 열이 올라.	N	2022-10-10 12:52:29	2022-10-10 12:52:29
BE22026545	2	1	무슨 일 때문에 그래? 누가 자기를 그렇게 당황하게 한 거야?	N	2022-10-10 12:52:29	2022-11-08 06:12:49
BE22026545	3	0	오늘 친한 대학교 선배를 만났거든. 내가 매번 얻어먹은 터라 오늘 점심을 산다고 나섰는데 주머니에 지갑이 없었어. 선배가 다음에 사 달라고 대신 결제해줬는데 그 순간 너무 당황스럽고 부끄러웠어.	N	2022-10-10 12:52:29	2022-10-10 12:52:29
BE22026545	4	1	그 정경을 그려보니 왜 자기가 그렇게 당황했는지 알 것만 같아. 왠지 빈말로 하는 말로 느껴졌을까 봐 어찌할 바를 몰랐겠구나. 나였어도 시간을 되돌리고 싶을 만큼 창피했을 것 같아.	N	2022-10-10 12:52:29	2022-11-08 06:12:49
BE22026545	5	0	내가 사주겠다고 말하면 값이 싼 곳으로 갈까 봐 음식 다 먹을 때 사겠다고 말했거든. 근데 지갑이 없어서 당황스러워서 아무것도 못 했는데 선배는 내가 사줄 생각이 없었던 걸로 생각하면 어떡해. 날 그냥 빈말하는 사람으로 생각할까 봐 너무 창피해.	N	2022-10-10 12:52:29	2022-11-08 06:12:49
BE22026545	6	1	하필 타이밍이 안 좋아서 그런 생각을 할 수밖에 없겠다. 그래도 자기 그 상황을 너무 안 좋게 생각하지 마. 그 선배도 그렇게 자기를 부정적으로 생각하지 않을 거야.	N	2022-10-10 12:52:29	2022-11-08 06:12:49
BE22026545	7	0	근데 내가 여태 그 선배한테 얻어먹은 게 많아. 더구나 이번엔 내가 취업했다고 해서 만난 거였거든. 내가 먼저 다음에 사주겠다고 말했어야 했는데 지갑이 없는 상황에 놀란 나머지 그러지 못했어!	N	2022-10-10 12:52:29	2022-11-08 06:12:49
BE22026545	8	1	누구나 물건을 종종 까먹을 때가 있잖아, 그 선배도 자기가 깜빡 잊었다고 생각하고 넘어갈 거야! 상대방도 자기가 얼마나 당황했는지 알고 넘어간 것 같으니까 자기도 툴툴 털어버렸으면 좋겠어. 오늘의 당황스러웠던 일을 만회할 기회가 다음에 언제든지 오니까 말이야!	N	2022-10-10 12:52:29	2022-11-08 06:12:49
BE22026545	9	0	그렇지만 왠지 모르게 망신을 당한 것 같아서 부끄러운걸. 당당하게 사주겠다고 말했는데 정작 그러지 못해서 그 선배를 볼 낯짝이 없어.	N	2022-10-10 12:52:29	2022-11-08 06:12:49
BE22026545	10	1	오히려 그 일 뒤에 피하고 다니면 선배가 오해할지도 몰라. 오해가 생기는 것보다 차라리 당당하게 그 상황을 후에 대처하는 게 자기에게도 더 좋지 않을까? 지금은 감정에 휘말려서 움츠러드는 거니까 시간이 지나고 나면 부정적인 생각도 없어지고 괜찮아질 거야!	N	2022-10-10 12:52:29	2022-11-08 06:12:49
BE22026545	11	0	그렇게 말해줘서 고마워. 자기가 이렇게 계속 위로해주니까 마음에 안정이 찾아와. 아무래도 다음에 제대로 선배한테 대접해서 오늘의 일을 잊어버리게 해야겠어!	N	2022-10-10 12:52:29	2022-10-10 12:52:29
BE22026545	12	1	상대방은 벌써 잊고 아무렇지 않을 가능성이 더 높으니까 자기도 얼른 잊자! 그리 좋지 않은 일을 계속 곱씹어 봤자 자기만 손해잖아!	N	2022-10-10 12:52:29	2022-11-08 06:12:49
BE22026545	13	0	응, 자기 덕분에 마음이 놓여서 잊을 수 있을 것 같아. 이렇게 달래줘서 정말 고마워!	N	2022-10-10 12:52:29	2022-10-10 12:52:29
BE22026545	14	1	아냐, 금방 기운 차린 거 보니까 내가 다 마음이 괜찮아지는걸! 다음에는 그런 당혹스러운 일 안 겪기를 바랄게!	Y	2022-10-10 12:52:29	2022-11-08 06:12:49
