id	utterance_id	utterance_type	utterance_text	terminate	regDate	updDate
BE22024498	1	0	나 지금 너무 혼란스러워. 당황스러워서 머릿속이 복잡해.	N	2022-10-05 10:30:30	2022-10-05 10:30:30
BE22024498	2	1	무슨 일 때문에 그래? 무슨 안 좋은 일이라도 생긴 거야?	N	2022-10-05 10:30:30	2022-10-05 10:30:30
BE22024498	3	0	별거 아니라고 생각할 수 있는데, 방금 육교를 올라왔거든. 근데 생각보다 숨이 너무 차는 거야. 내 체력이 이 정도였나 싶어서 당황스러워.	N	2022-10-05 10:30:30	2022-10-05 10:30:30
BE22024498	4	1	원래는 별거 아닌 행동이 갑자기 버겁고 힘들다고 느껴져서 당황했구나. 평소 생각했던 것과 다른 결괏값에 혼란스러울만하다.	N	2022-10-05 10:30:30	2022-11-08 06:00:38
BE22024498	5	0	그래서 어안이 벙벙해. 고작 육교 하나 올라온 걸로 이렇게 숨이 차도 되나 싶네. 너무 당황스러워서 동공이 계속 흔들린다.	N	2022-10-05 10:30:30	2022-10-05 10:30:30
BE22024498	6	1	왜 당황스러운지 알 것 같아, 나도 비슷한 경험을 했었어. 최근에 엘리베이터가 고장 나서 4층까지 걸어 올라갔는데 숨이 너무 차서 당황한 적이 있었거든. 자기도 이런 심정을 느껴서 당황한 거지?	N	2022-10-05 10:30:30	2022-11-08 06:00:39
BE22024498	7	0	응, 전속력으로 뜀박질을 한 것도 아니고 계단 몇 개 오른 거잖아. 아직 한창인 나이에 이런 걸로 힘들어하는 내 모습이 창피해서 당황스러워. 그동안 자기관리 하나 제대로 못해서 체력이 엉망이 된 것 같아서 한심스러운 기분도 드네.	N	2022-10-05 10:30:30	2022-10-05 10:30:30
BE22024498	8	1	자기가 예전 같지 않은 체력에 당황해서 이런저런 생각 하는 것 이해해. 그래도 그걸로 자기관리를 못했다며 스스로를 구석으로 몰아가지는 않았으면 좋겠어. 바쁘게 살다 보면 체력이 떨어질 때도 있는 거지, 이제 알았으니 앞으로 운동도 챙기면 되잖아.	N	2022-10-05 10:30:30	2022-11-08 06:00:39
BE22024498	9	0	그래도 체력이 이렇게까지 나빠진 줄 몰라서 많이 당황스러워. 그동안 젊은 나이만 믿고 내가 날 너무 과신했었나 싶어.	N	2022-10-05 10:30:30	2022-10-05 10:30:30
BE22024498	10	1	그 마음 나도 알아, 나도 비슷하게 느낀 적이 있어. 그런데 당황함에 빠져 있기보다는 내 체력을 어떻게 해야 보완할지 생각하는 게 훨씬 좋더라. 과거의 일들을 후회하며 당황해하기보다는 앞으로의 계획에 집중하는 게 내게 더 긍정적인 영향을 주더라.	N	2022-10-05 10:30:30	2022-11-08 06:00:39
BE22024498	11	0	듣고 보면 자기 말도 맞는 것 같아. 이미 지나간 과거들을 붙들고 당황하면 아무 소용 없긴 하지.	N	2022-10-05 10:30:30	2022-11-08 06:00:39
BE22024498	12	1	응, 자기도 정답을 알고 있는 것 같네. 지금은 당황해서 어쩔 줄 몰라겠지만 계획을 세우다 보면 어떻게 해야 할지 알게 될 거야.	N	2022-10-05 10:30:30	2022-11-08 06:00:39
BE22024498	13	0	이야기 들어줘서 고마워. 사실 자기 말 듣고 보면 심각한 것도 아닌데 당황해서 좀 오버한 것 같기도 하다.	N	2022-10-05 10:30:30	2022-10-05 10:30:30
BE22024498	14	1	당황스러우면 누구나 그럴 수 있지. 그래도 자기 기분이 좀 나아진 것 같아서 다행이야.	N	2022-10-05 10:30:30	2022-11-08 06:00:39
BE22024498	15	0	자기가 들어준 덕에 진정할 수 있었어. 따뜻한 위로 고마워.	Y	2022-10-05 10:30:30	2022-11-08 06:00:39
