id	utterance_id	utterance_type	utterance_text	terminate	regDate	updDate
BE22026719	1	0	자기야 나 방금 운전하다가 엄청나게 놀랐어. 하마터면 자동차도 비둘기를 칠 뻔했는데 당황스러웠어.	N	2022-10-11 02:53:47	2022-11-08 06:13:50
BE22026719	2	1	자기가 많이 놀랐을까 봐 걱정이다. 자동차 운전도 아직 미숙한 자기인데, 그런 일이 있었다니 당황했을 것 같아.	N	2022-10-11 02:53:47	2022-11-08 06:13:50
BE22026719	3	0	내가 아직은 운전이 어려워서 천천히 다니잖아. 근데 비둘기가 갑자기 내 앞으로 달려들어서 칠 뻔했어. 너무 놀라서 머리가 하얗게 됐었어.	N	2022-10-11 02:53:47	2022-10-11 02:53:47
BE22026719	4	1	나였어도 정말 놀랐을 것 같아. 자기 옆에 지금 있어 주지 못해서 마음이 너무 아프네.	N	2022-10-11 02:53:47	2022-11-08 06:13:50
BE22026719	5	0	손발도 차가워지고 심장도 쿵쾅거렸어. 비둘기가 치였으면 난 견딜 수 없었을 것 같아.	N	2022-10-11 02:53:47	2022-10-11 02:53:47
BE22026719	6	1	자기 마음은 충분히 이해해. 그렇지만 운전을 결국 비둘기가 다치지 않았으니까 너무 비약하지 않았으면 좋겠어.	N	2022-10-11 02:53:47	2022-11-08 06:13:50
BE22026719	7	0	운전하면서 이런 경험은 정말 당황스러운 것 같아. 운전하지 말아야 하나 생각도 들었어.	N	2022-10-11 02:53:47	2022-11-08 06:13:50
BE22026719	8	1	자기가 너무 충격이 크다면 그것도 괜찮아. 그렇지만 결국 아무 일도 없었고 조심한다면 그런 일은 다시 없을 거야.	N	2022-10-11 02:53:47	2022-11-08 06:13:51
BE22026719	9	0	자동차 사고가 자주 난다고 하는데, 내가 사고를 내면 어떻게 하지? 이런 경험을 또 하고 싶지 않아.	N	2022-10-11 02:53:47	2022-11-08 06:13:51
BE22026719	10	1	나도 자기처럼 영향이 크게 왔던 시절이 있었어. 그렇지만 결과적으로 나쁜 일이 없었던 게 중요한 것 같아. 그리고 앞으로 운전을 더 조심해야겠다는 경각심을 얻었으면 된 거야.	N	2022-10-11 02:53:47	2022-11-08 06:13:51
BE22026719	11	0	맞아. 정말 큰 사고가 난 것도 아닌데 온통 그 생각으로 모든 걸 내팽개칠 뻔했어. 오늘 일로 좋은 교훈을 얻은 거라고 생각해볼게.	N	2022-10-11 02:53:47	2022-11-08 06:13:51
BE22026719	12	1	그러기엔 자기의 오늘 하루가 너무 소중하니까. 더 이상 부정적인 생각이 들지 않게 내가 옆에서 있어 줄게.	N	2022-10-11 02:53:47	2022-11-08 06:13:51
BE22026719	13	0	고마워. 자기 말을 들으니까 마음이 진정이 된 것 같아. 그리고 앞으로는 더 운전을 조심해야겠어.	N	2022-10-11 02:53:47	2022-11-08 06:13:51
BE22026719	14	1	좋은 생각이야. 언제든지 자기 마음에 힘든 일이 있으면 나에게 연락해. 나는 자기 편이니까.	Y	2022-10-11 02:53:47	2022-11-08 06:13:51
