id	utterance_id	utterance_type	utterance_text	terminate	regDate	updDate
BE22017689	1	0	이 일을 어떻게 하지? 신용카드를 분실해서 카드 회사로 전화했어. 지금 너무 당황스러워서 머리가 멍해.	N	2022-09-11 08:08:49	2022-11-08 05:16:56
BE22017689	2	1	자기 너무 놀랐겠다. 괜찮아? 신용카드를 잊어버리면 혹시라도 누가 사용할까 봐 진짜 눈앞이 깜깜해지는데.	N	2022-09-11 08:08:49	2022-11-08 05:16:56
BE22017689	3	0	신용카드를 잊어 비린 거 알고 얼마나 놀랐는지. 눈앞이 하얗게 변하더라고. 진짜 아무 생각도 안 났어.	N	2022-09-11 08:08:49	2022-11-08 05:16:56
BE22017689	4	1	그렇지, 나라도 당황스럽고 놀라서 어떻게 해야 할지 눈앞이 깜깜해졌을 거 같아. 그래도 자기 재빠르게 카드 회사로 전화했다고 하니 다행이야.	N	2022-09-11 08:08:49	2022-11-08 05:16:56
BE22017689	5	0	너무 놀라서 진짜 누가 사용이라도 할까 봐 얼마나 당혹스러웠는지 몰라. 거기다가 회사 법인카드까지 같이 없어져서 진짜 정신이 없었어.	N	2022-09-11 08:08:49	2022-09-11 08:08:49
BE22017689	6	1	법인카드를 같이 분실하다니 자기 진짜로 기겁했겠다. 내가 자기 입장이면 아무 생각조차 할 수 없었을 거 같아. 거기다 혹시 사고라도 발생하면 정말 큰 일이잖아.	N	2022-09-11 08:08:49	2022-11-08 05:16:56
BE22017689	7	0	응, 정말 별의별 생각이 다 들더라고. 자기 문자처럼 혹시라도 사고라도 발생할까 봐 얼마나 조마조마하고 놀랐는지 몰라.	N	2022-09-11 08:08:49	2022-09-11 08:08:49
BE22017689	8	1	그러니깐, 그래도 자기가 민첩하게 바로 대처해서 너무 다행이야. 아마 신고해두면 바로 정지도 되고 자기가 사용하지 않은 부분에 대해서 책임지지 않아도 될 거야. 그러니깐, 너무 걱정하지 않아도 괜찮아.	N	2022-09-11 08:08:49	2022-11-08 05:16:56
BE22017689	9	0	응, 그나마 너무 다행이야. 자기가 예전에 카드 잊어버렸을 때 바로 신용카드 회사에 분실신고를 한 게 생각나더라고. 그래서 나도 정신 똑바로 차리고 바로 전화해서 분실신고를 했지.	N	2022-09-11 08:08:49	2022-11-08 05:16:56
BE22017689	10	1	정신없고 당황스러운 와중에 그걸 기억해 내고 바로 신고하다니. 자기의 침착함과 빠른 대처 능력이 너무 멋지다, 나라면 한동안 멍했을 거야. 예전에도 신고한다는 생각을 못 하고 며칠 있다가 했거든, 그때 기억을 해서 바로 신고하다니 멋져.	N	2022-09-11 08:08:49	2022-11-08 05:16:56
BE22017689	11	0	신고하는데도 심장이 두근거리더라고. 혹시나 하는 마음에 너무 당황스럽고 또 카드를 잊어버린 내가 한심해서. 그런데, 자기가 내가 침착하고 대응을 잘했다고 얘기해 주니까 마음이 진정되는 거 같아.	N	2022-09-11 08:08:49	2022-11-08 05:16:56
BE22017689	12	1	자기가 혼자서 무척 당혹스럽고 놀랐을 텐데. 나랑 문자 나누면서 마음이 괜찮아졌다고 하니 다행이야. 그리고 자기가 잊어버린 건 실수잖아, 그러니깐 너무 자책하지 않아도 괜찮아.	N	2022-09-11 08:08:49	2022-11-08 05:16:56
BE22017689	13	0	응, 자기가 그렇게 얘기해 주니까 마음이 많이 편해져. 고마워.	N	2022-09-11 08:08:49	2022-09-11 08:08:49
BE22017689	14	1	놀라고 당황했을 텐데. 나에게 문자 보내줘서 고마워. 그리고 혹시라도 무슨 일이 생기면 언제든 연락해줘.	Y	2022-09-11 08:08:49	2022-11-08 05:16:56
