id	utterance_id	utterance_type	utterance_text	terminate	regDate	updDate
BE22021959	1	0	자기야, 지금 나 몹시 당황스러워서 식은땀이 나네. 대학 방문을 위해서 지하철 역에서 내렸는데 생각보다 너무 멀다. 심지어 역 이름이 그 대학 이름이었는데도 말이야.	N	2022-09-27 07:29:13	2022-09-27 07:29:13
BE22021959	2	1	그런 경우가 꽤 있더라고. 나도 예전에 그런 적이 있어서 꽤나 애 먹었어. 자기가 얼마나 당황스럽고 난감할지 충분히 이해가 돼.	N	2022-09-27 07:29:13	2022-11-08 05:45:40
BE22021959	3	0	사실은 내가 특강 같은 걸 하려고 짐을 많이 들고 왔단 말이야. 그래서 지금 더 난감하고 당황스러워. 짐이 무거워서 힘든데 찾아가는 길도 머니까 정말 어떻게 해야 할지 모르겠고 머리가 아프다.	N	2022-09-27 07:29:13	2022-09-27 07:29:13
BE22021959	4	1	금방 도착할 줄 알았는데 생각보다 너무 멀어서 당황했구나. 역 이름이 그렇게 되어 있으니까 헷갈릴 만도 해. 그래서 더더욱 당황스러웠을 테고.	N	2022-09-27 07:29:13	2022-11-08 05:45:40
BE22021959	5	0	내가 평소에는 지도를 잘 보고 다니는데 이번엔 왜 지도를 똑바로 안 찾아봤나 싶어. 꼭 이렇게 실수하면 결과가 이런 식으로 나타나더라. 평상시 같았으면 문제 없었을 텐데 내가 너무 안일하게 생각한 것 같아서 속상해.	N	2022-09-27 07:29:13	2022-09-27 07:29:13
BE22021959	6	1	자기는 워낙 빈틈이 없는 성격이라서 이런 일이 더 당황스러울 수 있다고 생각해. 그렇지만 자기가 잘못한 일도 아니고, 시간이 걸리더라도 도착할 수 있을 테니까 너무 속상해 하지마. 이번 일을 계기로 더 꼼꼼하게 확인하면 되잖아.	N	2022-09-27 07:29:13	2022-11-08 05:45:40
BE22021959	7	0	차라리 지하철을 타지 말고 내 차를 가지고 왔으면 이런 일은 없었을 텐데. 내가 이런 실수를 하다니 정말 당황스럽다. 뭐가 씌었나 봐.	N	2022-09-27 07:29:13	2022-09-27 07:29:13
BE22021959	8	1	뭘 그렇게까지 생각하고 그래. 살다 보면 이런 실수도 할 수 있다고 생각해. 조금 힘들 수는 있지만 큰 일 아니니까 너무 걱정하지 마.	N	2022-09-27 07:29:13	2022-11-08 05:45:40
BE22021959	9	0	정말 웃긴 건 대학 이름은 보인다는 거야. 벌써 15분째 걸어가고 있는데 도착을 못했다니 정말 당황스럽다.	N	2022-09-27 07:29:13	2022-09-27 07:29:13
BE22021959	10	1	그래도 건물이 보이니까 이제 곧 도착할 수 있을 거야. 지금 이 일을 강의 시작 때 얘기하면서 분위기를 풀어보는 것도 괜찮지 않을까? 위기를 기회로 바꿔서 활용하면 자기의 당황스러웠던 마음이 좀 풀릴 것 같아.	N	2022-09-27 07:29:13	2022-11-08 05:45:40
BE22021959	11	0	그래, 자기 말대로 역 이름은 대학 이름인데 전혀 가깝지가 않다고 얘기하면서 시작해야겠어. 그러면 강의 시작 때 서먹한 분위기가 풀어지겠지. 당황스러웠던 일을 이렇게 활용하는 것도 나쁘지 않은 걸.	N	2022-09-27 07:29:13	2022-09-27 07:29:13
BE22021959	12	1	그렇게 긍정적으로 생각하는 자기가 정말 멋지고 훌륭하게 느껴져. 조금만 더 힘내고, 오늘 특강도 잘 할 수 있도록 내가 응원할게.	N	2022-09-27 07:29:13	2022-11-08 05:45:40
BE22021959	13	0	응, 자기 덕분에 오히려 좋은 아이디어를 얻었어. 이제 곧 도착할 것 같아. 위로해주고 응원해줘서 고마워.	N	2022-09-27 07:29:13	2022-09-27 07:29:13
BE22021959	14	1	별 말씀을, 내가 도움이 되었다니 정말 다행이다. 기운 내고 강의도 잘 하고 와!	Y	2022-09-27 07:29:13	2022-11-08 05:45:40
