id	utterance_id	utterance_type	utterance_text	terminate	regDate	updDate
BE22024571	1	0	자기야 이번에 동영상 공유서비스에서 찾은 레시피로 새로운 요리에 도전했어. 시키는 대로 하고 오븐에 넣었는데 기계가 고장이 나서 너무 당황스러워. 새로운 음식을 나눠주겠다고 손님을 불러서 빨리 요리해야 하는데, 오븐을 다시 움직여봐도 작동하지 않아.	N	2022-10-05 14:10:08	2022-11-08 06:01:05
BE22024571	2	1	급할 때 갑자기 기계가 되지 않는다니 나였어도 너무 당황해서 어떡하면 좋을 지 몰랐을 거야. 자기가 그런 곤란한 상황에 처해서 힘들어할 걸 생각하니 내 마음도 아프다. 그렇지만 아직 시간은 남았으니까 너무 당황하지 않아도 괜찮을 거야.	N	2022-10-05 14:10:08	2022-11-08 06:01:05
BE22024571	3	0	오븐에 넣어서 30분이 걸리는 데 일부러 따뜻한 음식을 대접하려고 비슷한 시간에 약속을 잡았어. 내가 실패할 수 있다는 가능성도 있다는 걸 미리 생각했다면 이렇게 당황할 일도 없었을 거야. 항상 문제에 대해 생각하지 못하고 당황할 일을 자처하는 내가 한심하게 느껴져.	N	2022-10-05 14:10:08	2022-10-05 14:10:08
BE22024571	4	1	긍정적인 가능성을 더 잘 보기 때문에 오히려 여러 도전을 할 수 있던 거 아닐까? 비록 실수하고 실패해도 그 과정에서 배움과 경험을 얻으며 성장할 수 있었잖아. 자기의 긍정적인 태도는 여러 고난을 이겨낼 수 있는 훌륭한 자질이라고 생각해.	N	2022-10-05 14:10:08	2022-11-08 06:01:05
BE22024571	5	0	그렇지만 나는 당황하기 시작하면 아무 것도 못 하니까 그럴 일이 없도록 준비해야 한다고 생각해. 내가 부족한 걸 알기 때문에 앞으로 생길 문제도 미리 예측하는 사람이 되자고 마음을 먹었어. 그런데 한심하게 또 제일 좋은 가능성만 고려해서 일을 벌리고 말았어.	N	2022-10-05 14:10:08	2022-11-08 06:01:05
BE22024571	6	1	세상에는 내가 잘못하지 않아도 생기는 문제가 있으니까 너무 자신을 채찍질하며 괴로워하지 않았음 좋겠어. 결과나 미래를 모두 알 순 없고 자기는 충분히 최선을 다해 준비를 한 거잖아. 과거의 자신을 탓하기 보다 현재 자신이 할 수 있는 일에 집중하면 마음이 진정될 거야.	N	2022-10-05 14:10:08	2022-11-08 06:01:05
BE22024571	7	0	하지만 약속 시간이 다가온다고 생각하니 너무 당황해서 내가 뭘 할 수 있는 지 모르겠어. 요리가 완성되지 않은 데다 따로 마련한 음식도 없이 손님을 맞게 되는 결말만 생각나. 일단 오븐을 이리저리 만져보고 있지만 전혀 작동할 기미가 없어, 어떡하지?	N	2022-10-05 14:10:08	2022-10-05 14:10:08
BE22024571	8	1	당황한 때일 수록 나쁜 결말만 예상하게 되지만 그럴 수록 더 떨려서 대응하기 어렵잖아. 미래를 보기 보다 현재를 보면 아직 자신에게 남은 것들이 보이며 진정이 될 거야. 지금까지 고난을 거치며 지금에 이른 자신을 믿으면 마음이 차분해지면서 해결책도 떠오르지 않을까?	N	2022-10-05 14:10:08	2022-11-08 06:01:05
BE22024571	9	0	맞아 자기 말대로 이전의 고난을 이겨내 왔지만 지금은 전혀 다른 상황이잖아. 매번 내 경험과 상관없이 새로운 사건이 일어나서 나를 당황하게 만들어. 나도 의연하게 대처할 정도로 성장하고 싶었는데 전혀 바뀌지 못하다니 스스로가 참 한심해.	N	2022-10-05 14:10:08	2022-10-05 14:10:08
BE22024571	10	1	자기가 당황한다는 건 일을 해내려고 포기하지 않고 노력하고 있다는 뜻이니까 자신을 가져. 위기 상황은 내가 가진 방식과 다른 방법을 발견하고 익히는 기회가 되기도 하잖아. 그러니 자기가 당황할 때 새로운 경험을 통해 성장하는 과정일 뿐이라고 생각하면 마음이 차분해지지 않을까?	N	2022-10-05 14:10:08	2022-11-08 06:01:06
BE22024571	11	0	자기 말처럼 내가 너무 잘하고 싶은 마음에 조금이라도 일이 틀어지면 놀랐던 것 같아. 하지만 결과를 내려고 생각하기 보다 과정을 잘 이어나가 보자고 생각하니 마음이 차분해져. 내가 실패를 해도 완전한 끝이 아니라 언제든 해결하고 고치며 바꿔나갈 수 있다는 뜻이잖아.	N	2022-10-05 14:10:08	2022-11-08 06:01:06
BE22024571	12	1	나침반이 흔들리며 옳은 방향을 찾듯이 자기도 그저 방황하는 게 아니라 자신의 방법을 찾는 과정이야. 자기 말처럼 지금 결말처럼 보이는 순간도 그만두지 않고 이어나가면 과정의 일부가 되잖아. 그러니까 지금에 집중하고 문제를 해결하다 보면 원하는 곳에 다다르게 될 거야.	N	2022-10-05 14:10:08	2022-11-08 06:01:06
BE22024571	13	0	고마워 자기 덕분에 마음이 아주 편안해져서 어떤 문제든 해결할 수 있을 것 같아. 내 노력이 무의미하지 않고 방향을 찾는 과정이라 생각하니 자신을 인정할 수 있게 됐어. 자신을 인정하니 자신감도 생기고 스스로가 강인한 존재라는 믿음이 생겼어.	N	2022-10-05 14:10:08	2022-11-08 06:01:06
BE22024571	14	1	그래 자기의 긍정적인 태도와 끈기는 고난을 해결할 만큼 충분히 훌륭해. 자기 생각보다 더 많은 능력이 있다는 사실을 앞으로 다른 문제를 통해 깨달을 수도 있어. 아직 자기는 많은 가능성과 기회를 갖춘 강인한 사람이니까 좀 더 자신을 믿고 힘내 보자.	Y	2022-10-05 14:10:08	2022-11-08 06:01:06
