id	utterance_id	utterance_type	utterance_text	terminate	regDate	updDate
BE22023935	1	0	자기야, 사무실에서 좀 전에 나 또 왕창 깨졌어. 스스로 어처구니가 없어서 당황스럽네.	N	2022-10-04 05:53:00	2022-10-04 05:53:00
BE22023935	2	1	왜, 무슨 일인데? 기분 엉망이겠다.	N	2022-10-04 05:53:00	2022-11-08 05:57:20
BE22023935	3	0	엑셀은 꽤 잘 다룬다고 생각하는데도 막상 실무에선 자꾸 헤매게 돼. 잘난 척 연산에 손댔다가 완전히 자료 하나를 망쳐버렸어.	N	2022-10-04 05:53:00	2022-10-04 05:53:00
BE22023935	4	1	어쩜 좋아, 진짜 당황하고 괴로웠겠다. 그래서 많이 혼난 거야?	N	2022-10-04 05:53:00	2022-11-08 05:57:20
BE22023935	5	0	응, 당황하니까 기초적인 것 까지 실수를 해서 되돌리기도 안 되고 자동 저장도 날렸더라. 어떻게 내가 이런 짓을 벌였는지 나도 모르겠어.	N	2022-10-04 05:53:00	2022-11-08 05:57:20
BE22023935	6	1	엑셀의 달인이라고 자처하는 사람이 그 정도면 엄청 충격 받았겠네. 일에 지장 초래한 것도 속상하고 자괴감 때문에 힘들었겠어. 이제 일은 해결이 좀 됐어?	N	2022-10-04 05:53:00	2022-11-08 05:57:20
BE22023935	7	0	아니, 다 해결은 못했고 내가 손대서 망쳐버린 자료랑 옛날 입력한 자료랑 비교하는 중이야. 야근을 해서라도 내가 다 마무리 지어야 해. 실질적으로 중요한 일에서 계속 헤매는 나 때문에 정말 면목이 없어.	N	2022-10-04 05:53:00	2022-10-04 05:53:00
BE22023935	8	1	남들한테 피해를 준 것 같아서 더 마음이 쓰라리겠구나. 그런 심정은 나도 잘 알지. 엑셀 쪽이라 자신만만하게 맡은 일인데 실수해서 정말 창피했을 것 같아.	N	2022-10-04 05:53:00	2022-11-08 05:57:20
BE22023935	9	0	내 머릿속에 들어온 것 같네. 진짜로 너무 민망하고 낯 뜨거워.	N	2022-10-04 05:53:00	2022-11-08 05:57:20
BE22023935	10	1	현실에선 생각만큼 업무에 숙달하기가 참 어려운 것 같아. 그래도 계속 실수를 반복하다 보면 노하우가 쌓이고 점점 요령도 늘어날 거야. 회사에서도 곧 학교 때처럼 엑셀의 달인으로 칭송받는 날이 올 게 틀림없어.	N	2022-10-04 05:53:00	2022-11-08 05:57:20
BE22023935	11	0	그래야 할 텐데, 조금 전에 우리 팀원들의 실망스런 눈초리를 떠올리면 다시 위축돼. 자존감이 완전 바닥이야.	N	2022-10-04 05:53:00	2022-10-04 05:53:00
BE22023935	12	1	거듭되는 실수에 자존심이 바닥을 친 건 너무 안타깝다. 그렇지만 처음부터 다 잘하는 사람은 없잖아? 차차 나아지는 모습 보여주면서 신뢰감을 되찾으면 돼.	N	2022-10-04 05:53:00	2022-11-08 05:57:20
BE22023935	13	0	그럴 수 있겠지? 진짜로 이번 일 잘 마무리 하고 나면 자료 파악에 더 힘쓸 거야. 다시는 실수하는 일 없게 해야지.	N	2022-10-04 05:53:00	2022-10-04 05:53:00
BE22023935	14	1	내가 사장이었어도 자기 같은 인재를 뽑았을 것 같은 당찬 책임감이네. 자기가 내 남자친구라서 너무 뿌듯하다. 머잖아 회사에 꼭 필요한 인재로 크게 성공할 거야!	N	2022-10-04 05:53:00	2022-11-08 05:57:20
BE22023935	15	0	역시 자기밖에 없다. 축 쳐졌던 어깨가 다시 올라오는 기분이야. 힘내서 다시 열심히 일할게.	N	2022-10-04 05:53:00	2022-10-04 05:53:00
BE22023935	16	1	듣던 중 반가운 소리네. 나도 고마워.	Y	2022-10-04 05:53:00	2022-10-04 05:53:00
