id	utterance_id	utterance_type	utterance_text	terminate	regDate	updDate
BE22005146	1	0	진짜 너무 당황스럽다.	N	2022-06-29 08:42:30	2022-11-08 03:57:30
BE22005146	2	1	갑자기 왜? 무슨 일 있어?	N	2022-06-29 08:42:30	2022-11-08 03:57:30
BE22005146	3	0	아까 저녁 미팅 시각 늦을까 봐 정신없이 호텔을 나왔거든. 근데 호텔 나오면서 카드키를 방에 두고 나온 것 같아. 나 진짜 너무 한심해.	N	2022-06-29 08:42:30	2022-11-08 03:57:30
BE22005146	4	1	급하게 방 나오면서 열쇠를 두고 나왔다는 걸 밖에 나와서 알았구나. 깜짝 놀랐겠다. 나라도 당황했을 것 같아.	N	2022-06-29 08:42:30	2022-11-08 03:57:30
BE22005146	5	0	매번 왜 이렇게 자꾸 뭘 깜박하지? 이런 내가 너무 싫다.	N	2022-06-29 08:42:30	2022-11-08 03:57:30
BE22005146	6	1	원래 일을 빠르게 하다 보면 하나씩 실수하잖아. 약속 시각 늦을까 봐 정신없이 나왔으면 그럴 수도 있어. 그렇게 큰일 아니야 너무 자책하지 마.	N	2022-06-29 08:42:30	2022-11-08 03:57:30
BE22005146	7	0	그렇지만 호텔 방에도 못 들어가게 생겼는걸. 이게 큰일이 아니라고?	N	2022-06-29 08:42:30	2022-11-08 03:57:30
BE22005146	8	1	호텔 키 놓고 나왔으면 프런트 가서 문 열어 달라고 하면 돼. 정말 사소한 일이니까 너무 마음 쓰지 마. 괜찮아.	N	2022-06-29 08:42:30	2022-11-08 03:57:30
BE22005146	9	0	하지만 이런 상황에 부닥칠 때마다 너무 당황스러워. 그리고 자꾸 뭔가 빠트리는 내 모습이 너무 한심해.	N	2022-06-29 08:42:30	2022-11-08 03:57:30
BE22005146	10	1	당연히 준비되지 않은 상황에 놓이면 당황스럽지. 하지만 빡빡한 일정을 소화하려다가 생긴 실수니까 여유를 두면 괜찮을 거야.	N	2022-06-29 08:42:30	2022-11-08 03:57:30
BE22005146	11	0	일정에 여유를 두라고?	N	2022-06-29 08:42:30	2022-11-08 03:57:30
BE22005146	12	1	자기가 원래 계획을 잘 세우고 지키잖아. 근데 계획이 빡빡하면 시간에 쫓기게 되잖아. 그래서 실수가 난 건 아닐까?	N	2022-06-29 08:42:30	2022-11-08 03:57:30
BE22005146	13	0	음. 계획이 너무 빡빡하긴 했던 것 같아.	N	2022-06-29 08:42:30	2022-11-08 03:57:30
BE22005146	14	1	맞아. 계획 사이에 틈을 둔다면 지금보다 여유로울 거야. 실수도 조금씩 줄어들 거고. 자기는 잘하고 있으니까 너무 걱정하지 마!	N	2022-06-29 08:42:30	2022-11-08 03:57:30
BE22005146	15	0	그래. 앞으로 마음의 여유를 가져봐야겠다. 고마워!	Y	2022-06-29 08:42:30	2022-11-08 03:57:30
