id	utterance_id	utterance_type	utterance_text	terminate	regDate	updDate
BE22026976	1	0	자기야, 나 방금 설거지하다가 깜짝 놀랐어. 고양이가 갑자기 설거지하는데 주방으로 올라와서 너무 당황스러웠어.	N	2022-10-11 09:51:46	2022-11-08 06:15:21
BE22026976	2	1	반려묘가 호기심이 많다 보니 갑작스레 주방에 뛰어올랐나보다. 그릇이 깨지거나 다치진 않았어? 자기가 많이 당황했을까봐 나도 걱정되네.	N	2022-10-11 09:51:46	2022-11-08 06:15:21
BE22026976	3	0	뒤에서 조용히 있길래 자는 줄 알았는데, 갑작스레 올라와서 너무 놀랬어. 그릇을 떨어뜨려서 깨졌어. 그래서 내가 더 당황을 한 거야.	N	2022-10-11 09:51:46	2022-11-08 06:15:21
BE22026976	4	1	나였어도 그릇이 깨지면 많이 놀라고 당황했을것 같아. 나도 반려묘를 키우니까, 그 마음이 이해돼. 갑작스레 높은곳에 뛰어오르는 일이 많다 보니, 놀랄일도 많고 말이야.	N	2022-10-11 09:51:46	2022-11-08 06:15:21
BE22026976	5	0	응. 더 당황한 건, 그릇이 깨지면서 손이 살짝 비었어. 그래서 피가 났어. 나는 피를 유독 무서워하니까 더 놀란 마음이 커.	N	2022-10-11 09:51:46	2022-11-08 06:15:22
BE22026976	6	1	자기가 다쳤다고 하니 너무 걱정이 된다. 우선 마음을 진정하고 침착하게 대처했으면 해. 잘 대처하면 피는 곧 아물테니 너무 당황하지 말고, 마음을 차분히 가라앉혀봐.	N	2022-10-11 09:51:46	2022-11-08 06:15:22
BE22026976	7	0	응. 나는 많이 다치진 않았어. 그런데, 선물로 받은 비싼 그릇이 깨진거라, 마음이 좀 많이 당황스러워. 이사하면서 소중한 친구에게 받은 집들이 선물이라 마음이 좀 안 좋다.	N	2022-10-11 09:51:46	2022-11-08 06:15:22
BE22026976	8	1	속상한 마음은 이해하지만, 자기가 많이 다친게 아닌걸 다행으로 생각하자. 그릇은 또 살수 있을테니 우선 자기의 마음을 차분히 하기를 바라. 상황을 긍정적으로 바라본다면 자기의 당황한 마음도 좀 가라앉으리라 생각해.	N	2022-10-11 09:51:46	2022-11-08 06:15:22
BE22026976	9	0	자기가 이렇게 까지 걱정해주고 말해주니 마음이 좀 가라앉는다. 나도 고양이를 키운 지 얼마 안 되다 보니 돌발 상황들이 생기네. 자기가 옆에서 조언해주니까 마음이 좀 편해져.	N	2022-10-11 09:51:46	2022-11-08 06:15:22
BE22026976	10	1	그렇다면 정말 다행이야. 난 자기의 건강과 마음이 항상 우선이야. 자기가 많이 당황하고 놀랬을까봐 나도 너무 마음이 쓰였어.	N	2022-10-11 09:51:46	2022-11-08 06:15:22
BE22026976	11	0	덕분에 지금은 좀 차분해졌어. 우선은 깨진 그릇을 먼저 치우고 다친 곳에 약을 바르려고 해. 자기가 얘기를 들어주니까 내가 어떻게 대처해야 할지 알것 같아.	N	2022-10-11 09:51:46	2022-11-08 06:15:22
BE22026976	12	1	자기가 원래도 차분하고 침착한 성격이라 그래. 그래도 내가 도움이 되었다고 하니 뿌듯하기는 하다.	N	2022-10-11 09:51:46	2022-11-08 06:15:22
BE22026976	13	0	항상 나에게 가장 든든한 사람인걸. 지금도 그렇고, 언제나 나에게 도움을 주잖아. 내 얘기를 들어주고 도와줘서 고마워 자기야.	N	2022-10-11 09:51:46	2022-11-08 06:15:22
BE22026976	14	1	설거지를 하다가 깜짝 놀라서 경황이 없었을텐데 나를 먼저 찾아줘서 고마워. 앞으로도 도울수 있는건 다 도울게. 언제든지 나에게는 편하게 얘기해 자기야.	Y	2022-10-11 09:51:46	2022-11-08 06:15:22
