id	utterance_id	utterance_type	utterance_text	terminate	regDate	updDate
BE22002705	1	0	공감화자야, 너 이번에 새로 나온 게임 해봤어?	N	2022-06-22 10:46:05	2022-11-08 03:41:53
BE22002705	2	1	지금 네가 문자 보낸 이 시점에도 하는 중.	N	2022-06-22 10:46:05	2022-11-08 03:41:53
BE22002705	3	0	아 정말? 부럽다. 나 하려고 깔았는데 내 컴퓨터 사양보다 너무 높은지 게임이 안 돌아가. 나 너무 당황스럽다.	N	2022-06-22 10:46:05	2022-11-08 03:41:53
BE22002705	4	1	너네 집 컴퓨터가 사양이 그렇게 낮았었나? 하고싶은 게임 깔아서 하려는데 안 되면 그거만큼 당황스러운 게 없지. 네가 많이 속상하겠다.	N	2022-06-22 10:46:05	2022-11-08 03:41:53
BE22002705	5	0	속상한 것도 속상한 건데, 진짜 이게 왜 안 돌아가나 싶어. 생각보다 내 컴퓨터 사양이 낮나봐. 상당히 혼란스럽고 머릿속이 뒤죽박죽이야.	N	2022-06-22 10:46:05	2022-11-08 03:41:53
BE22002705	6	1	그러게. 분명 예전에 컴퓨터 고사양으로 맞춘 걸로 기억하는데, 혼란스러울 만하지. 컴퓨터를 또 새로 맞추기에는 번거롭잖아. 내가 다 당황스럽네.	N	2022-06-22 10:46:05	2022-11-08 03:41:53
BE22002705	7	0	응. 진짜 신나서 게임 플레이 하자마자 사양이 낮다고 경고창 뜨는 거 있지? 이거 뭔가 잘못된 게 아닐까.	N	2022-06-22 10:46:05	2022-11-08 03:41:53
BE22002705	8	1	아 그 허망하고 당황스러운 기분 나도 너무 잘 알지. 혹시 부품 중 하나가 옛날 것인 게 아닐까?	N	2022-06-22 10:46:05	2022-11-08 03:41:53
BE22002705	9	0	그런가? 분명 컴퓨터 맞출 때 다 좋은 걸로 맞춰달라 했는데 컴퓨터에 대해 몰라서 확인은 안 해봤거든.	N	2022-06-22 10:46:05	2022-11-08 03:41:53
BE22002705	10	1	컴퓨터 맞춘 지 좀 되긴 해서, 지금 게임에 필요한 사양보다 낮을 수는 있겠다. 컴퓨터 맞춘 곳에다가 문의해봐야 하지 않을까?	N	2022-06-22 10:46:05	2022-11-08 03:41:53
BE22002705	11	0	그 생각을 못했네. 그래야겠다. 나 이 게임 진짜 너무 하고 싶단 말야.	N	2022-06-22 10:46:05	2022-11-08 03:41:53
BE22002705	12	1	게임광인 네가 오죽하겠어. 너무 걱정하지 마. 사양 낮은 부품만 좀 새로 손보면 게임을 할 수 있을 거야.	N	2022-06-22 10:46:05	2022-11-08 03:41:53
BE22002705	13	0	그러길 바라야지. 그래도 너랑 얘기하니까 기분이 좀 나아졌다. 고마워. 너랑 얘기 안 했으면 컴퓨터 맞춘 곳에 문의할 생각도 못했을 거야.	N	2022-06-22 10:46:05	2022-11-08 03:41:53
BE22002705	14	1	기분이 풀렸다니 다행이야. 얼른 문의해보고 다시 연락 줘. 나도 너랑 같이 게임하고 싶어.	N	2022-06-22 10:46:05	2022-11-08 03:41:53
BE22002705	15	0	응. 연락할게. 우리 같이 꼭 게임하자.	Y	2022-06-22 10:46:05	2022-11-08 03:41:53
