id	utterance_id	utterance_type	utterance_text	terminate	regDate	updDate
BE22003334	1	0	으악! 자기야, 나 지금 떡볶이 먹다가 흰 셔츠에 떡볶이 소스 떨어졌어. 힝.	N	2022-06-24 08:41:55	2022-11-08 03:45:54
BE22003334	2	1	헉, 괜찮아? 빨간 소스는 진짜 빨기 힘든데….	N	2022-06-24 08:41:55	2022-11-08 03:45:54
BE22003334	3	0	그러니까. 나 이거 산 지 얼마 되지도 않은 흰옷인데. 이거 어떡해….	N	2022-06-24 08:41:55	2022-11-08 03:45:54
BE22003334	4	1	자기 저번 주에 산 흰 셔츠 말하는 거지? 그거 엄청 고민하다가 산 거잖아. 내가 다 속상하다.	N	2022-06-24 08:41:55	2022-11-08 03:45:54
BE22003334	5	0	그러니까. 이거 가격도 비싼 건데… 하, 진짜 오늘 떡볶이 먹지 말 걸… 흰옷 입었을 때 꼭 매운 게 먹고 싶어 가지고….	N	2022-06-24 08:41:55	2022-11-08 03:45:54
BE22003334	6	1	기분 좋게 친구 만나러 갔는데 이게 무슨 일이야. 우리 자기 많이 속상했지? 소스 뜨거웠을 텐데 어디 다치진 않았어?	N	2022-06-24 08:41:55	2022-11-08 03:45:54
BE22003334	7	0	응, 어디 다치진 않았어. 그래도 자기가 걱정해주니까 좀 낫다. 걱정해줘서 고마워.	N	2022-06-24 08:41:55	2022-11-08 03:45:54
BE22003334	8	1	직원이 앞치마 갖다 줬으면 이렇게 안 됐을 텐데. 내가 다 속상하다.	N	2022-06-24 08:41:55	2022-11-08 03:45:54
BE22003334	9	0	앞치마 달라고 하고 앞치마 오기 전에 하나 맛보려다가 떨군 건데... 힝, 내 탓인데도 너무 기분 안 좋다.	N	2022-06-24 08:41:55	2022-11-08 03:45:54
BE22003334	10	1	내가 같이 있었으면 우리 자기 앞치마 먼저 가져다줬을 텐데. 가게 화장실에 주방세제 같은 건 없나? 묻었을 때 주방세제로 바로 빠는 게 좋다는데.	N	2022-06-24 08:41:55	2022-11-08 03:45:54
BE22003334	11	0	일단 화장실 가서 핸드워시로 빨아봤는데 깨끗하게는 안 빨리는 거 같아.	N	2022-06-24 08:41:55	2022-11-08 03:45:54
BE22003334	12	1	자기야, 그럼 이따 집 갈 때 베이킹 소다 사 가지고 세탁하기 전에 써봐. 지금 검색했는데 베이킹 소다로 하면 괜찮대!	N	2022-06-24 08:41:55	2022-11-08 03:45:54
BE22003334	13	0	아, 진짜? 찾아봐 줘서 고마워요. 자기야.	N	2022-06-24 08:41:55	2022-11-08 03:45:54
BE22003334	14	1	응. 너무 걱정은 하지 마. 베이킹 소다면 깨끗하게 된대. 떡볶이 소스 세탁은 될 거야.	N	2022-06-24 08:41:55	2022-11-08 03:45:54
BE22003334	15	0	응. 걱정 그만할게! 떡볶이 소스 때문에 괜히 하루 종일 기분 안 좋을 뻔했다.	N	2022-06-24 08:41:55	2022-11-08 03:45:54
BE22003334	16	1	그래도 친구 만나서 노는 건데. 떡볶이 맛있게 먹고 기분 전환하고 와요.	N	2022-06-24 08:41:55	2022-11-08 03:45:54
BE22003334	17	0	응. 예쁘게 말해줘서 고마워. 자기. 자기 말대로 친구랑 떡볶이 맛있게 먹고 다시 연락할게!	Y	2022-06-24 08:41:55	2022-11-08 03:45:54
