id	utterance_id	utterance_type	utterance_text	terminate	regDate	updDate
BE22026641	1	0	자기야 지금 상황을 믿을 수가 없어.	N	2022-10-10 17:46:40	2022-11-08 06:13:23
BE22026641	2	1	왜 그래 자기야, 무슨 일인데 그런 말을 하는 거야?	N	2022-10-10 17:46:40	2022-11-08 06:13:23
BE22026641	3	0	버스를 타고 출근하고 있었는데 졸음에 빠져서 내려야 할 정류장을 지나쳤어. 요즘 일이 많아서 정말 피곤하기는 했지만 이 정도인 줄은 몰랐는데. 예상하지 못했던 상황 때문에 너무 당황스러워.	N	2022-10-10 17:46:40	2022-11-08 06:13:23
BE22026641	4	1	요즘 자기가 많이 힘들어 보이기는 했는데 그 정도였다니. 평소에 꼼꼼함이라면 최고였잖아, 자기가 그랬다고 하니 나도 정말 놀라운걸?	N	2022-10-10 17:46:40	2022-11-08 06:13:23
BE22026641	5	0	요새 일이 많지만 그래도 열심히 하면 얼른 끝낼 수 있을 거라는 생각에 더 열심히 했는데. 나는 내가 이렇게 피곤한 상태인 줄도 몰랐어. 조금 바빴지만 그래도 행복했거든, 근데 내 상태를 너무 몰랐다는 게 당황스러워.	N	2022-10-10 17:46:40	2022-11-08 06:13:23
BE22026641	6	1	자기가 열심히 사는 건 내가 정말 잘 알지. 그래서 가끔은 피곤함도 잘 못느낄 수도 있는 거지 뭐, 그래도 일이 곧 끝나지? 그러면 휴식을 충분히 취할 수 있을 거야 걱정 마.	N	2022-10-10 17:46:40	2022-11-08 06:13:23
BE22026641	7	0	이제는 내가 할 일들 분배를 너무 못 해나라는 생각도 들더라고. 오늘 정류장을 지나쳐서 회사도 늦게 되고 열심히 하려고 한 것뿐인데. 내가 전혀 원하지 않았던 상황들이 발생한다는 생각에 당황스러워.	N	2022-10-10 17:46:40	2022-11-08 06:13:23
BE22026641	8	1	살면서 이런 일도 발생할 수도 있는 거라고 생각하고 넓은 마음으로 받아들이면 좋겠어. 회사에 가서 해야 할 일도 잘 할 테고 오늘 남은 하루는 문제없이 흘러갈 거야. 그러니 너무 마음에 두지 말고 남은 하루도 힘내보자!	N	2022-10-10 17:46:40	2022-11-08 06:13:23
BE22026641	9	0	하지만 계속 당황하고 놀랐던 기분이 어디 가지 않는걸. 어떻게 해야 할지 잘 모르겠어.	N	2022-10-10 17:46:40	2022-11-08 06:13:23
BE22026641	10	1	모든 일은 생각한 대로 이루어진다고 하잖아, 그러니 긍정적으로 생각해보면 좋을 것 같아. 그러면 자기 기분도 풀리고 모든 다 좋게 진행될 거야. 얼른 기운내면 좋겠어 자기야!	N	2022-10-10 17:46:40	2022-11-08 06:13:23
BE22026641	11	0	맞아 계속 속상해해서 해결되는 것도 없고, 자기 말대로 좋게 생각해서 기운 내야겠어.	N	2022-10-10 17:46:40	2022-11-08 06:13:23
BE22026641	12	1	그래도 계속 기분이 안좋을까 봐 걱정했는데. 자기 기분이 괜찮아진 것 같아서 정말 다행이야.	N	2022-10-10 17:46:40	2022-11-08 06:13:23
BE22026641	13	0	자기 아니었으면 아마 계속 기분이 안좋았을 거야. 다 자기 덕분이야 정말 고마워!	N	2022-10-10 17:46:40	2022-11-08 06:13:23
BE22026641	14	1	혹시 또 고민이 생기면 언제든지 연락하고, 나는 항상 자기편인 거 알지?	N	2022-10-10 17:46:40	2022-11-08 06:13:23
BE22026641	15	0	응, 그럼 나는 일하러 가볼게!	Y	2022-10-10 17:46:40	2022-10-10 17:46:40
