id	utterance_id	utterance_type	utterance_text	terminate	regDate	updDate
BE22024097	1	0	자기야, 나 이번에 입사한 회사 상사들 분위기가 몹시 차가워서 당황스럽다.	N	2022-10-04 12:11:22	2022-10-04 12:11:22
BE22024097	2	1	새로운 회사에 적응하기도 벅찰 텐데, 무슨 일이라도 있었어?	N	2022-10-04 12:11:22	2022-11-08 05:58:17
BE22024097	3	0	내가 커피를 마시는 김에 상사분들에게도 커피 드시겠냐고 물었는데, 아무도 대답을 안 해서 얼마나 당황했다고.	N	2022-10-04 12:11:22	2022-10-04 12:11:22
BE22024097	4	1	자기 정말 당황스러웠겠다. 나였어도 진땀 났을 것 같아. 혹시 사람들이 바쁘고 정신이 없어서 말을 듣지 못한 걸 수도 있으니 너무 상심하지 마.	N	2022-10-04 12:11:22	2022-11-08 05:58:17
BE22024097	5	0	나도 첨엔 소리를 못 들으셨나 싶어서 다시 한 번 물어봤어. 그 중에 한 명은 눈을 마주쳤지만 대답은 하지 않고 고개를 돌렸어. 나는 오늘 처음 와서 잘 지내보려고 노력하는 건데 왜 나에게 이럴까.	N	2022-10-04 12:11:22	2022-10-04 12:11:22
BE22024097	6	1	민망할 정도로 너무 차갑게 반응을 해서 더 속상하고 당황했겠다. 자기가 맡은 업무의 이전 담당자가 좀 자주 바뀌었다고 했지? 그래서 사람들이 정을 쉽게 안 주는 것일 수도 있을 거야.	N	2022-10-04 12:11:22	2022-11-08 05:58:17
BE22024097	7	0	짧은 시간 동안 세 명 정도 일하고 그만뒀다고 들었어. 그래도 사람이 앞에서 말을 하는데 대꾸는 해줄 수 있는 거 아닌가. 생각할수록 어이가 없네.	N	2022-10-04 12:11:22	2022-10-04 12:11:22
BE22024097	8	1	대꾸도 하지 않는 건 기본적인 예의가 아니니까 자기가 충분히 기분 나쁠 만해. 그 상사들도 감정적으로 상처를 입은 상태일 거야. 그 사람들에 태도에 너무 상처받지 말고, 차분히 자기 할 일을 하면 마음을 열어줄 거야.	N	2022-10-04 12:11:22	2022-11-08 05:58:17
BE22024097	9	0	자기 말대로 기본적인 예의는 좀 지켜줬으면 좋겠다. 내 잘못도 아닌데 내가 상처 받아야 하는 게 너무 당황스럽잖아.	N	2022-10-04 12:11:22	2022-10-04 12:11:22
BE22024097	10	1	본인들의 기분이 좋지 않다고 해서 상대에게 그런 태도를 보이는 건 정당하지 못하지. 상황이 좋지 않은 거고 자기의 탓이 아니니까 오늘 일은 너무 맘에 담아두지 마.	N	2022-10-04 12:11:22	2022-11-08 05:58:17
BE22024097	11	0	나를 싫어해서가 아니라고 생각하니까 그나마 좀 낫다. 시간이 지나면 상황도 잘 해결이 되겠지?	N	2022-10-04 12:11:22	2022-11-08 05:58:17
BE22024097	12	1	자기는 자기 자리에서 묵묵히 할 일을 하면 돼. 너무 빠르게 친해지려고 애쓰지 말고, 차차 좋아지길 기다려보자.	N	2022-10-04 12:11:22	2022-11-08 05:58:17
BE22024097	13	0	내가 조급하게 생각한 것 같기도 해. 자기 말 듣고 나미 마음이 한결 편안해졌어.	N	2022-10-04 12:11:22	2022-11-08 05:58:17
BE22024097	14	1	기분이 좀 나아져서 다행이다. 걱정보다 잘 적응할 수 있을 거야.	Y	2022-10-04 12:11:22	2022-11-08 05:58:17
