id	utterance_id	utterance_type	utterance_text	terminate	regDate	updDate
BE22017325	1	0	자기야 나 너무 당황스러워, 큰일이야! 나 지금 아빠랑 친가 내려가는 중인데 고속도로에 안개가 너무 심해!	N	2022-09-07 04:25:53	2022-09-07 04:25:53
BE22017325	2	1	쌩쌩 달리는 고속도로에 안개라니 진짜 위험한 상황이네. 아버님이 운전하시는데 많이 고생스러우시겠어! 안개가 무척 심하게 끼었어?	N	2022-09-07 04:25:53	2022-11-08 05:14:40
BE22017325	3	0	응, 진짜 앞이 하나도 안 보여서 안개등 깜빡깜빡 신호 보내면서 천천히 기어가는 중이야. 진짜 무서워죽겠어. 안개가 하나도 없었는데 갑자기 확 나타나서 너무 당황스러운 거 있지!	N	2022-09-07 04:25:53	2022-11-08 05:14:40
BE22017325	4	1	그랬구나, 안개가 한곳에 짙게 모여 있었나 봐! 밤 운전이 아니라서 그나마 다행이라는 생각도 든다. 우리 자기 너무 긴장하고 있겠구나!	N	2022-09-07 04:25:53	2022-11-08 05:14:40
BE22017325	5	0	응, 지금 손에서 땀이 계속 흘러. 아빠가 더 긴장해서 예민해지실까 봐 조심하라고 계속 말도 못 하겠어. 불안한데 숨소리도 제대로 못 내고 있어.	N	2022-09-07 04:25:53	2022-11-08 05:14:40
BE22017325	6	1	상상만 해도 내가 다 긴장된다, 자기가 잘하고 있어! 그럴 때일수록 옆 사람 말이 오히려 방해될 테고 충분히 긴장하고 계실 테니 아무 말 안 하는 게 맞아. 자기가 눈치껏 잘하고 있는 거야, 지금처럼 아버님 믿으면서 가는 게 최선이야!	N	2022-09-07 04:25:53	2022-11-08 05:14:40
BE22017325	7	0	그렇지! 너무 떨려서 긴장 풀려고 자기한테 연락한 거야. 자기야 나 너무 무서워. 잘 갈 수 있겠지?	N	2022-09-07 04:25:53	2022-11-08 05:14:40
BE22017325	8	1	그럼, 나도 언제 고지대 한번 올라가다가 엄청난 안개를 만난 적이 있거든. 정말 온 신경 곤두세워서 미등 확인하며 천천히 갔더니 무사히 빠져나올 수 있었어. 자기도 잘 나올 테고 안개 구간도 길지 않을 테니 너무 두려워하지 마.	N	2022-09-07 04:25:53	2022-11-08 05:14:40
BE22017325	9	0	고마워 자기야. 나라면 바짝 얼어서 아무것도 못 했을 거야. 차라리 아빠가 운전하셔서 얼마나 다행인지 몰라.	N	2022-09-07 04:25:53	2022-11-08 05:14:40
BE22017325	10	1	그러게, 그래도 운전에 능숙하신 아버님이 운전하셔서 나도 마음이 조금이라도 놓인다. 너무 긴장되고 떨리겠지만, 안개 구간 만나면 어떻게 해야 할지 아버님 보면서 눈으로 꼭 익혀놔. 물론 자기가 운전할 때는 그런 일 절대 없었으면 좋겠지만.	N	2022-09-07 04:25:53	2022-11-08 05:14:40
BE22017325	11	0	응 그렇게 할게! 자기랑 연락한 덕분에 마음이 많이 편안해졌어. 운전은 안전이랑 직결된 거라 가끔 소름이 확확 돋는다니까!	N	2022-09-07 04:25:53	2022-11-08 05:14:40
BE22017325	12	1	맞아, 운전은 진짜 생명이랑 연관된 거라 아주 아주 조심해서 해야 해! 오늘 자기가 큰 경험을 했네, 다시는 안 겪었으면 좋겠다. 우리 자기 너무 고생이 많아!	N	2022-09-07 04:25:53	2022-11-08 05:14:40
BE22017325	13	0	고생은, 사실 고생은 아빠가 하고 있지. 이따 안개 구간 넘어가면 다시 연락할게. 자기야 고마워!	N	2022-09-07 04:25:53	2022-11-08 05:14:40
BE22017325	14	1	그래, 잘 넘어갈 테니 너무 떨지 말고 차분하게 있어. 안개 구간 넘어가면 아버님께 고생했다고 말씀 꼭 드리고. 나한테도 연락해줘!	Y	2022-09-07 04:25:53	2022-11-08 05:14:40
