id	utterance_id	utterance_type	utterance_text	terminate	regDate	updDate
BE22023808	1	0	자기야, 내 동생이 얼마 전에 남자친구랑 헤어진 거 알지? 그 뒤로 혼자 있는 것을 너무 싫어해서 걱정이야. 오늘은 내가 친구랑 약속이 있어서 나가려는데 혼자 있기 싫다고 따라가도 되냐고 물어보는데 어찌나 당황스럽던지.	N	2022-10-04 00:29:30	2022-10-04 00:29:30
BE22023808	2	1	안 그래도 지난번이 이야기 듣고 걱정했는데 많이 힘들어하나 보네. 그래도 친구들 약속까지 따라나서면 내가 당신이라도 많이 당황했을 것 같아. 거절하기도 난처하고 자기가 많이 당황스러웠겠네.	N	2022-10-04 00:29:30	2022-11-08 05:56:36
BE22023808	3	0	맞아, 너무 힘들어하다 보니 거절하기도 미안하고 그런데 친구들한테 양해도 없이 데리고 나가기도 난감하잖아. 함께 가면 불편할 것 같기도 하고 말이야. 초등학생도 아니고 동생을 데리고 친구를 만나러 가는 사람이 몇이나 되겠어.	N	2022-10-04 00:29:30	2022-10-04 00:29:30
BE22023808	4	1	그렇지. 성인이 되고는 어렸을 때부터 함께 알고 지낸 사이가 아니면 함께 가기는 조심스럽긴 하지. 친구들이 지금 상황을 다 아는 것도 아니고 이야기해도 이해를 못 할 수도 있잖아. 이래저래 당신이 정말 당황스러운 상황이겠다.	N	2022-10-04 00:29:30	2022-11-08 05:56:36
BE22023808	5	0	친구들 한테 양해를 구하는 것도 하루이틀이지 솔직히 앞으로 계속 이러면 어쩌나 그런 걱정도 되더라. 그리고 친구들과 약속 있을때마다 동생이 따라나오면 얼마나 당황스럽겠어.	N	2022-10-04 00:29:30	2022-11-08 05:56:36
BE22023808	6	1	아무래도 가족이랑 친구랑 할 수 있는 대화도 다르고 관심사나 대화 주제도 많이 다르잖아. 자기가 정말 당황스럽기도 하고 앞으로 걱정되고 되겠네. 동생이 빨리 기운을 차려야 할 텐데.	N	2022-10-04 00:29:30	2022-11-08 05:56:36
BE22023808	7	0	내말이 그말이야. 동생이 있으면 대화내용 자체도 한계가 있잖아. 헤어져서 슬픈 마음이야 이해는 가지만 남에게 피해를 주어서는 안된다고 생각하거든.	N	2022-10-04 00:29:30	2022-10-04 00:29:30
BE22023808	8	1	물론 나도 자기랑 같은생각이야. 하지만 동생이 평소에도 자기한테 많이 의지하는 편이잖아. 그러다 보니 당신과 있을때 마음의 안정감을 느끼나보다.	N	2022-10-04 00:29:30	2022-11-08 05:56:36
BE22023808	9	0	나도 그걸 제일 잘 아니까 그래서 더 챙겨주고 싶거든. 하지만 나도 생활이 있으니까 당황스럽고 난감한 것 같아. 지금은 거의 출근 한 시간 제외하고는 동생이랑 시간을 보내니까 말이야.	N	2022-10-04 00:29:30	2022-10-04 00:29:30
BE22023808	10	1	맞아. 당신도 당신의 일과가 있는데 신경 쓰기는 한계가 있지. 그래도 동생이 마음 추스를 때까지는 자기가 조금 이해해 주는 게 제일 좋을 것 같긴 하다.	N	2022-10-04 00:29:30	2022-11-08 05:56:36
BE22023808	11	0	자기가 이해해 주니 정말 고맙다. 솔직히 친구들한테는 말하기 부끄럽기도 하고 상황 자체도 당황스러우니 나도 어찌할 바를 몰랐거든.	N	2022-10-04 00:29:30	2022-11-08 05:56:36
BE22023808	12	1	자기 동생이면 내 동생이나 마찬가지지. 우리가 데이트할 땐 언제든지 함께 나와도 괜찮아. 그러니 부담 가지지 말고 데리고 나와, 내가 맛있는 것도 사주고 함께 즐거운 시간 보내자.	N	2022-10-04 00:29:30	2022-11-08 05:56:36
BE22023808	13	0	정말 고마워. 자기 덕분에 힘이 난다. 맞아, 당신 말대로 동생이 빨리 나아지는 게 제일 좋은 해결책인 것 같아.	N	2022-10-04 00:29:30	2022-11-08 05:56:36
BE22023808	14	1	응! 자기가 조금만 더 힘내서 동생 잘 챙겨줘!	Y	2022-10-04 00:29:30	2022-10-04 00:29:30
