id	utterance_id	utterance_type	utterance_text	terminate	regDate	updDate
BE22024747	1	0	자기야, 나 오늘 한 건 했는데, 얘기 들었어? 정말 얼마나 당황스러웠는지 몰라.	N	2022-10-06 05:21:03	2022-11-08 06:02:06
BE22024747	2	1	아니, 우리 자기 무슨 실수라도 한 거야? 실수 잘 안 하는 자기가 무슨 일이래?	N	2022-10-06 05:21:03	2022-10-06 05:21:03
BE22024747	3	0	회의 앞두고 안경을 잃어버려서 그거 찾느라 회의에 늦고 말았지 뭐야. 나 안경 없으면 눈뜬 장님인 거 알잖아.	N	2022-10-06 05:21:03	2022-10-06 05:21:03
BE22024747	4	1	어머, 어쩌다가 그런 거야?	N	2022-10-06 05:21:03	2022-10-06 05:21:03
BE22024747	5	0	회의 자료 출력할 때까지만 해도 안경을 쓰고 있었거든. 그래서 계속 책상과 복사기 주변을 찾았는 데 없더라고. 알고 보니 화장실 세면대에 놓고 온 거 있지.	N	2022-10-06 05:21:03	2022-11-08 06:02:06
BE22024747	6	1	회의 앞두고 마음 급했을 텐데, 자기 무척 당황스러웠겠다.	N	2022-10-06 05:21:03	2022-11-08 06:02:06
BE22024747	7	0	응, 누가 화장실 세면대에 주인 없는 안경이 하나 있다고 얘기해줘서 알았어. 부랴부랴 안경 찾아 쓰고 회의에 들어갔는데, 이미 회의가 시작됐더라고. 예상했던 대로 본부장님부터 다른 부서 분들까지 다 와 계셔서 무척 창피하더라.	N	2022-10-06 05:21:03	2022-11-08 06:02:06
BE22024747	8	1	오늘 회의는 여러 부서가 모여서 하는 회의였잖아. 우리 팀장님도 참석했는데, 아무 말씀 안 하셨어. 이런 사소한 실수가 사내에서 소문으로 돌지는 않을 테니까 너무 창피해하지 마, 자기야.	N	2022-10-06 05:21:03	2022-11-08 06:02:07
BE22024747	9	0	윗분들도 대놓고 혼내지는 않으셨지만, 지각쟁이로 찍힌 것 같아서 속상해. 회의 준비하느라 며칠 고생했는데, 그 보람도 없어진 것 같고 말이야. 나를 얼마나 한심하게 보셨을까 걱정도 돼.	N	2022-10-06 05:21:03	2022-10-06 05:21:03
BE22024747	10	1	자기가 마음고생 많았나 보네, 그런데 자기가 늘 그러는 것도 아니잖아. 평소에 자기가 얼마나 성실한지 윗분들도 다 아시는걸. 한 번 실수했다고 나쁜 이미지로 각인되지는 않을 테니 걱정하지 마.	N	2022-10-06 05:21:03	2022-11-08 06:02:07
BE22024747	11	0	그러면 다행인데, 내가 이런 일이 별로 없어서 지금도 그때 일 생각하면 가슴이 콩닥콩닥 뛰어.	N	2022-10-06 05:21:03	2022-10-06 05:21:03
BE22024747	12	1	평소에 자기가 얼마나 자기 관리 잘하는지 회사 사람들이 다 아는걸. 더구나 자기는 이런 일에도 크게 각성하는 사람이잖아. 오늘 일은 너무 오래 맘에 담아두지 말고, 늘 하던 대로 하면 될 것 같아.	N	2022-10-06 05:21:03	2022-11-08 06:02:07
BE22024747	13	0	그렇게 말해줘서 고마워. 일 잘해놓고 사소한 일로 저평가되는 게 싫어서 작은 일에도 신경 쓰는 건데, 오늘은 실수했네. 자기 말처럼 오늘 일은 교훈으로 삼되, 마음에 너무 담아두지 않을게.	N	2022-10-06 05:21:03	2022-11-08 06:02:07
BE22024747	14	1	역시, 자기는 하루하루 계속 발전한다니까. 자기 보고 있으면 나도 분발해야겠다는 생각이 들 정도야.	N	2022-10-06 05:21:03	2022-11-08 06:02:07
BE22024747	15	0	자기가 계속 칭찬하니까, 몸 둘 바를 모르겠어. 그래도 위로와 칭찬은 언제 들어도 좋아, 특히 자기의 칭찬은. 고마워, 자기야.	Y	2022-10-06 05:21:03	2022-11-08 06:02:07
