id	utterance_id	utterance_type	utterance_text	terminate	regDate	updDate
BE22018972	1	0	자기야, 나 요즘 왜 이렇게 땀이 많이 나는지 모르겠어. 원래 이런 사람이었으면 모르겠는데, 안 그러다 이러니까 당황스러워.	N	2022-09-19 14:54:08	2022-11-08 05:24:33
BE22018972	2	1	그러게. 내가 보기에도 자기가 오늘 평소보다 땀을 많이 흘리는 것 같긴 하다. 날이 더워져서 그런 게 아닐까? 당황할 필요 없어.	N	2022-09-19 14:54:08	2022-11-08 05:24:33
BE22018972	3	0	그런가? 다들 아무렇지 않아 보이는데 나만 이렇게 땀을 흘리니 조금 신경 쓰여서. 땀으로 옷이 젖을 정도니 어쩔 줄을 모르겠네.	N	2022-09-19 14:54:08	2022-11-08 05:24:33
BE22018972	4	1	며칠 새에 갑자기 날이 더워져서 몸도 적응하는 시간이 필요한가 봐. 작년 봄에 날씨가 풀렸을 즈음 나도 잠시 그랬었어. 그러고 보니 나도 조금 당황했던 기억이 나네.	N	2022-09-19 14:54:08	2022-11-08 05:24:33
BE22018972	5	0	그렇지? 아무래도 병원에 한 번 가봐야 하려나? 대체 어떻게 해야 하지?	N	2022-09-19 14:54:08	2022-11-08 05:24:33
BE22018972	6	1	그것도 좋은 방법이다. 의사 선생님께서는 분명히 아무런 문제가 없다고 하실 거니까 그 말을 들으면 안심이 될 거야.	N	2022-09-19 14:54:08	2022-11-08 05:24:33
BE22018972	7	0	공감화자는 어떻게 해결했어? 이게 괜찮아지기는 하는 거야? 나는 지금도 계속 땀이 흐르고 옷이 젖어가는 중이라 당황스러워서 어쩔 줄을 모르겠어.	N	2022-09-19 14:54:08	2022-11-08 05:24:33
BE22018972	8	1	땀이 나는 건 자연스러운 생리 현상이라고 생각하면서 받아들이려고 노력했던 기억이 나. 지금 많이 놀란 것 같은데 감정화자도 그렇게 해보는 건 어때? 그러면 마음이 조금이나마 편해질 거야.	N	2022-09-19 14:54:08	2022-11-08 05:24:33
BE22018972	9	0	내가 당황한 이유도 평소 같지 못하다는 생각 때문이었던 것 같아. 자기가 말해준 것처럼 자연스럽다고 생각하고 받아들여 봐야겠어. 그렇지만 지금은 아무래도 주위 시선이 신경 쓰여.	N	2022-09-19 14:54:08	2022-11-08 05:24:33
BE22018972	10	1	사람들도 그냥 더워서 땀 흘리는 거겠거니 생각할 거야. 자기도 땀이 나서 옷이 젖은 사람들을 보면 그렇게 생각하잖아? 그러니 너무 걱정하지 말고 옷 마르라고 가만히 앉아있어 보자.	N	2022-09-19 14:54:08	2022-11-08 05:24:33
BE22018972	11	0	그렇긴 해. 차분하게 다독여주는 자기 덕분에 당황스러움이 좀 가신 것 같아. 고마워.	N	2022-09-19 14:54:08	2022-11-08 05:24:33
BE22018972	12	1	고맙기는 뭘. 나 덕분에 감정화자가 괜찮아졌다니 다행이지. 전에 시원한 음료를 마시니 더위가 조금 가셨던 기억이 있는데 지금 마시러 가는 거 어때?	N	2022-09-19 14:54:08	2022-11-08 05:24:33
BE22018972	13	0	좋아! 사실 말할까 말까 고민하다가 말한 거였는데, 앞으로는 이런 일 있으면 바로 자기에게 말해야겠어. 공감해주고 이해해주어서 다시 한번 고마워.	N	2022-09-19 14:54:08	2022-11-08 05:24:33
BE22018972	14	1	아니야. 내가 좋아하는 카페가 있는데 거기로 같이 가보자.	Y	2022-09-19 14:54:08	2022-09-19 14:54:08
