id	utterance_id	utterance_type	utterance_text	terminate	regDate	updDate
BE22017775	1	0	자기야, 나도 이제 예전 기억들은 점점 잊히나 봐. 회사 동료가 예전에 내가 다녔던 학원 선생님 정보를 물어보는데 세상에나, 이름이 기억이 안 나더라고. 분명 얼굴은 기억이 나는데, 이름이 생각이 날 듯 나지 않는 데 정말 당황스러웠어.	N	2022-09-12 15:20:21	2022-11-08 05:17:27
BE22017775	2	1	잊을 거라고 생각지도 못했을 텐데 말문이 턱 막혔겠다. 이름만 알면 바로 알 수 있는 정보일 텐데 이름 빼고 모든 게 기억나다니, 혼란스러웠겠어.	N	2022-09-12 15:20:21	2022-11-08 05:17:27
BE22017775	3	0	알려주고 싶지 않아서 그러는 게 아닌데 괜히 그런 상황이 만들어지는 것 같아 당혹스러웠어. 이름 중 한 글자라도 알면 바로 떠오를 거 같은데 왜 혼란스러운 건지, 참 난처했어.	N	2022-09-12 15:20:21	2022-09-12 15:20:21
BE22017775	4	1	나도 머릿속에서 분명 아는 얼굴이 떠오르는데 입으로 지칭할 표현이 생각나지 않을 때 참 곤욕스럽더라. 마치 내가 일부러 숨기는 듯한 느낌을 주는 것 같아서 더 당황하게 되잖아. 그런데 그럴 때일수록 하늘도 무심하시지, 절대 생각이 안 나더라고.	N	2022-09-12 15:20:21	2022-09-12 15:20:21
BE22017775	5	0	이번 일뿐만 아니라 요새 종종 이런 상황을 자주 마주치는 것 같아. 심지어 연예인 이야기를 하다가도 배우 이름이 순간적으로 생각이 안 나서 얼굴 묘사를 할 정도라니까? 상대가 맞춰주길 바라면서 이름 빼고 모든 걸 생각해 내는데 너무 답답해.	N	2022-09-12 15:20:21	2022-11-08 05:17:27
BE22017775	6	1	맞아, 신나게 같이 공통 화제로 대화를 이끌고 싶은데 시작부터 막혀버리잖아. 왜 생각이 안 나지 울상마저 지어지는데, 자기가 얼마나 답답하고 황당했을지 알 것 같아.	N	2022-09-12 15:20:21	2022-11-08 05:17:27
BE22017775	7	0	점점 나이가 들면서 만나는 사람이 많아지고 그만큼 사람들 이름도 늘어나니까 이러는 것 같아. 당연히 알았던 이름들을 떠올리지 못할 때면 자신도 깜짝 놀라지만, 표현할 길이 없어서 곤란해.	N	2022-09-12 15:20:21	2022-11-08 05:17:27
BE22017775	8	1	하지만 자기는 항상 말도 조리 있게 잘하고 표현력도 좋잖아. 한번 빙 돌아 대화가 시작됐겠지만 분명 상대방은 네가 하는 말을 잘 알아차렸을 거야.	N	2022-09-12 15:20:21	2022-11-08 05:17:27
BE22017775	9	0	이름 세 글자를 딱 말하면 해결될 일인데, 생각이 날 듯 말 듯 참 아리송해. 온갖 상황과 정황으로 유추해달라고 요구하는 게 바보처럼 보였을 거 같아. 결국 누군지 알아차리긴 했지만, 아마 상대 눈에도 내가 우스꽝스럽고 이상해 보였겠지?	N	2022-09-12 15:20:21	2022-09-12 15:20:21
BE22017775	10	1	살면서 누구나 한번은 겪게 되는 보편적인 일이잖아, 전혀 우스워 보이지 않았을 거야. 오히려 그렇게 해서라도 대화 화제를 이끌어간 자기가 고마웠을 거 같은걸? 결국엔 알아맞혔을 짜릿함도 서로 대화 분위기를 유쾌하게 만들었을 거야.	N	2022-09-12 15:20:21	2022-11-08 05:17:27
BE22017775	11	0	굉장히 어버버한 것 같아서 사실 창피하고 여전히 얼굴이 빨개져 있었어. 정말 답답하고 당황스러운 순간이어서 이불을 뻥뻥 차고 싶었거든. 그런데 그렇게 말해주니까, 결국 웃음으로 마무리 지었던 상황이 나쁘지 않았던 것 같아서 위로되네.	N	2022-09-12 15:20:21	2022-11-08 05:17:27
BE22017775	12	1	떠오르는 데로 술술 나오면 그건 그거대로 참 좋겠지만, 그렇지 않더라도 통하는 느낌이라는 게 있잖아. 도달하는 과정이 다른 모양이라도 결국 잘 흘러갈 거라는 믿음이랄까? 오늘 있었던 일에 대해서 너무 마음에 담아 두지 말라는 거야.	N	2022-09-12 15:20:21	2022-11-08 05:17:27
BE22017775	13	0	그렇게 말해주니 너무 감동적인걸? 나만 이런 곤욕스러운 일이 자주 있는가 싶어서 좀 우울할 뻔했거든. 그런데도 서로 잘 대화가 됐을 거라고 위로해 주는 자기 덕분에 마음이 좀 편해지네.	N	2022-09-12 15:20:21	2022-11-08 05:17:27
BE22017775	14	1	당황할수록 침착하려고 노력하는 것도 꽤 괜찮은 방법이거든. 뭔가를 떠올리는 방식이 하나로 정의되지 않아도 설명할 길은 많아. 이런 생각으로 자기 마음이 앞으로도 평온해졌으면 좋겠다고 생각해.	Y	2022-09-12 15:20:21	2022-11-08 05:17:27
