id	utterance_id	utterance_type	utterance_text	terminate	regDate	updDate
BE22025901	1	0	자기야, 나한테 지금 너무 당황스러운 일이 생겼어. 이런 일은 또 처음이라 어떻게 해결해야 할지 알 수 없어서 난감하다. 당황스럽고 난처한 와중에 떠오르는 사람이 자기밖에 없어서 메시지 보내.	N	2022-10-09 03:06:38	2022-11-08 06:09:00
BE22025901	2	1	혹시 무슨 일 있었어? 문자를 보니 많이 놀란 것 같아서 걱정이네. 어떤 이야기든 괜찮으니 편하게 말해 줘.	N	2022-10-09 03:06:38	2022-11-08 06:09:00
BE22025901	3	0	내가 오늘 이삿짐센터에서 사람을 불렀잖아. 지금보다 더 좁은 곳으로 이사를 해야 하는데 도무지 짐이 줄지를 않는 것 있지. 이 많은 걸 다 옮길 수 있느냐고 하시는 걸 들으니까 더 당황스럽고 곤란해졌어.	N	2022-10-09 03:06:38	2022-11-08 06:09:00
BE22025901	4	1	이사를 한다는 것 자체로 품이 많이 들고 고단한 일인 만큼 여러모로 고민이 많아졌겠어. 또 자기가 눈으로 보기에도 짐이 많다는 게 느껴져서 당황스럽고 난처해질 수밖에 없었겠다. 순간적으로 저 많은 걸 어떻게 해야 싶은 마음에 막막해졌을 듯해.	N	2022-10-09 03:06:38	2022-11-08 06:09:00
BE22025901	5	0	지금도 넉넉할 만큼 넓은 게 아니었지만 이보다 더 좁은 집으로 간다고 생각하니까 순간적으로 까마득해졌어. 정말 난감해서 어찌할 줄 모르겠는 상태가 되어서 짐 주변을 배회하던 중이야. 이 많은 걸 내가 어떻게 다 감당해야 하나 싶어서 당황스럽고 곤란하다.	N	2022-10-09 03:06:38	2022-10-09 03:06:38
BE22025901	6	1	이사가 힘들고 고된 이유가 그 많은 짐을 다른 곳으로 다 옮겨야 하기 때문이잖아. 그런 만큼 한가득 쌓인 짐을 보면서 얼떨떨해질 수밖에 없지. 문자로 상황을 전해 듣기만 해도 깊은 고민이 느껴지는데 자기는 오죽할까 싶다.	N	2022-10-09 03:06:38	2022-11-08 06:09:00
BE22025901	7	0	가능하다면 불필요한 건 버리고 싶지만 이미 포장을 다 해 놔서 뭐가 뭔지도 모르겠어. 아무것도 보이지 않는데 뭐가 너무 많아서 더 당황스러워진 것 같아. 좀 진정하고 뭐라도 하고 싶은데 당황스러운 기색이 가시지 않아서 막막하다.	N	2022-10-09 03:06:38	2022-10-09 03:06:38
BE22025901	8	1	자기는 언제나 매사에 성실하고 꼼꼼하게 임하는 장점이 있는 사람이잖아. 바로 그 장점을 발휘해서 이사한 후에 날을 잡고 정리하면 분명 나아질 거야. 그러니 마음을 옭아매는 걱정은 내려놓고 차분하게 중심을 잡아 보면 차츰 편안해질 거라고 생각해.	N	2022-10-09 03:06:38	2022-11-08 06:09:00
BE22025901	9	0	응, 자기가 말해 준 대로 일단 마음을 차분하게 정리했어. 너무 혼란스러워서 생각까지 뒤엉키는 기분이었는데 덕분에 좀 나아지는 게 느껴져. 마음이 편안해지니까 어떻게 움직여야 할지 감이 잡히는 것 같기도 해.	N	2022-10-09 03:06:38	2022-11-08 06:09:00
BE22025901	10	1	지금까지 오랜 시간 동안 자기의 삶을 야무지게 잘 꾸려 왔으니 이번에도 분명 잘할 거야. 어떤 일이든 마음가짐을 어떻게 가지느냐에 따라 결과가 달라지기도 한대. 그러니 마음을 편하게 먹고 가볍게 해 본다는 생각으로 편하게 있어.	N	2022-10-09 03:06:38	2022-11-08 06:09:00
BE22025901	11	0	순간적으로 너무 당황스럽고 막막했는데 자기 덕분에 민망하고 부끄러웠던 것도 해소되는 것 같아. 자기한테 문자를 보내기를 잘했다는 생각이 들어. 마음이 너무 혼란스러웠는데 덕분에 많이 괜찮아졌어.	N	2022-10-09 03:06:38	2022-11-08 06:09:00
BE22025901	12	1	내가 조금이라도 도움이 될 수 있어서 다행이야. 앞으로도 혼자서 감당하기 어려운 고민이 생기면 언제든 나한테 이야기해 줘. 어떤 이야기든 성심성의껏 귀 기울여 들을게.	N	2022-10-09 03:06:38	2022-11-08 06:09:00
BE22025901	13	0	자기가 곁에 있어서 마음이 한층 든든해지는 기분이야. 이제 정신을 좀 차렸으니 치울 수 있는 것부터 정리하고 올게. 매번 다정하게 조언해 줘서 고마워.	N	2022-10-09 03:06:38	2022-10-09 03:06:38
BE22025901	14	1	그래, 짐 옮기는 동안 다치지 않게 조심해. 또 걱정되는 일이 생기면 나한테 문자 보내 줘. 확인하는 대로 바로 답장할게.	Y	2022-10-09 03:06:38	2022-10-09 03:06:38
