id	utterance_id	utterance_type	utterance_text	terminate	regDate	updDate
BE22017849	1	0	나 최근에 계속 운동하고 싶어 했잖아. 어제부터 줄넘기하기 시작했어.	N	2022-09-13 04:47:54	2022-11-08 05:17:54
BE22017849	2	1	정말? 간단한 유산소 운동부터 시작하는 게 좋을 것 같다고 말했었잖아. 그렇게 바로 종목을 찾아서 시작할 줄은 몰랐는데, 자기는 참 실행력이 좋아.	N	2022-09-13 04:47:54	2022-11-08 05:17:54
BE22017849	3	0	고마워. 줄넘기가 어렵지도 않고 아무 데서나 할 수 있고 여러모로 좋더라고. 그런데 어제 발에 걸려서 혼자 크게 넘어졌는데, 너무 부끄러운 거 있지.	N	2022-09-13 04:47:54	2022-09-13 04:47:54
BE22017849	4	1	에이. 그게 뭐가 부끄러워? 줄넘기하다 발에 걸려 넘어지는 사람들이야 흔하지. 처음부터 완벽하게 해내는 운동이 어디 있겠어.	N	2022-09-13 04:47:54	2022-11-08 05:17:54
BE22017849	5	0	그렇긴 한데... 혼자서 넘어지고 혼자서 툭툭 털고 일어나려니 얼마나 무안했는지 몰라.	N	2022-09-13 04:47:54	2022-09-13 04:47:54
BE22017849	6	1	무슨 마음인지는 이해해. 만약 내가 옆에 있었으면 한바탕 웃으면서 덜 부끄러웠을 텐데. 어제는 어디서 줄넘기했어?	N	2022-09-13 04:47:54	2022-09-13 04:47:54
BE22017849	7	0	집 근처 공원에서 했는데 산책하는 사람들이 꽤 있더라고. 사람이 있으나 없으나 어제 같은 일에는 마찬가지로 부끄러웠을 것 같지만.	N	2022-09-13 04:47:54	2022-09-13 04:47:54
BE22017849	8	1	넘어지는 것보다는 내 몸의 어디에서 땀이 나는지, 어디가 불편한지를 더 신경 쓰면 어때?	N	2022-09-13 04:47:54	2022-09-13 04:47:54
BE22017849	9	0	자기 말이 맞아. 운동을 못하는 내가 창피하다고 생각하는 순간 더 심하게 주변이 의식되는 것 같아.	N	2022-09-13 04:47:54	2022-09-13 04:47:54
BE22017849	10	1	맞아. 그리고 자기 운동하는 모습이 얼마나 씩씩해 보이고 야무져 보이는데. 보는 사람을 참 기분 좋게 하는 매력이 있어.	N	2022-09-13 04:47:54	2022-09-13 04:47:54
BE22017849	11	0	그건 자기가 내 남자 친구라서 그런 거 아니야? 별로 매력적이라고 생각한 적은 없는데.	N	2022-09-13 04:47:54	2022-11-08 05:17:54
BE22017849	12	1	아니야. 누구든 성실히 땀 흘리는 모습은 다 멋있지만, 자기는 꼼꼼히 동작을 해내는 것 같아.	N	2022-09-13 04:47:54	2022-11-08 05:17:54
BE22017849	13	0	자기가 나를 그렇게 예쁘게 봐준다고 생각하니 좀 자신감이 생긴다. 오늘부터는 덜 부끄러워하면서 할 수 있겠어.	N	2022-09-13 04:47:54	2022-09-13 04:47:54
BE22017849	14	1	그런 자세 아주 훌륭해. 나는 세상에서 가장 매력적인 사람이라고 되뇌면서 당당하게 운동하는 거야.	N	2022-09-13 04:47:54	2022-11-08 05:17:54
BE22017849	15	0	고마워. 오늘 저녁에는 꼭 그런 마음가짐으로 운동해 보고 후기 남길게.	Y	2022-09-13 04:47:54	2022-09-13 04:47:54
