id	utterance_id	utterance_type	utterance_text	terminate	regDate	updDate
BE22023987	1	0	자기야 나 오늘 회식 때 너무 당황스러웠어. 내일이 주말인데 회식 생각만하면 하나도 기쁘지가 않아.	N	2022-10-04 07:07:56	2022-10-04 07:07:56
BE22023987	2	1	자기가 준비 한다고 했던 회식이었잖아. 무슨 일 있었어?	N	2022-10-04 07:07:56	2022-11-08 05:57:39
BE22023987	3	0	부장님이 알레르기가 많으셔서 메뉴를 맞춰서 미리 주문했었거든. 그런데 막상 가니까 주문한 요리가 아니라 다른 음식이 나왔어. 모두 다 어리둥절한 눈으로 나만 보는데 당혹스러워서 혼났어.	N	2022-10-04 07:07:56	2022-11-08 05:57:39
BE22023987	4	1	일부러 따로 주문 되는 곳으로 예약했는데, 식당 측에서 그런 실수를 하다니 너무 당황스러웠겠다. 자기 잘못도 아닌데 괜히 자기가 고생했네.	N	2022-10-04 07:07:56	2022-11-08 05:57:39
BE22023987	5	0	난 분명 여러 번 확인했는데, 내가 꼼꼼하지 못한 사람이 되어버린 것 같아. 급하게 부장님 것만 다시 주문했는데 음식 기다리는 동안 밥이 코로 넘어가는지 입으로 넘어가는지도 모르겠더라.	N	2022-10-04 07:07:56	2022-10-04 07:07:56
BE22023987	6	1	안그래도 꼼꼼한 사람인데, 얼마나 신경썼을지 안봐도 다 알지. 다른 직원들도 자기 잘못이 아닌 걸 알고 있을테니 너무 마음 쓸 것 없어.	N	2022-10-04 07:07:56	2022-11-08 05:57:39
BE22023987	7	0	괜히 부장님한테 미운털 박힌 건 아닐까? 너무 당황해서 부장님께 상황 설명도 제대로 못하고 그냥 앉아있기만 했어.	N	2022-10-04 07:07:56	2022-10-04 07:07:56
BE22023987	8	1	자기 실수가 아닌데 굳이 나서서 변명할 필요 없지, 괜찮으니 걱정하지 마. 그리고 부장님 음식도 바로 다시 주문하고 잘 대처했는걸? 이런 일로 자기를 안 좋게 평가할 리가 없으니 안심해도 될 것 같아.	N	2022-10-04 07:07:56	2022-11-08 05:57:39
BE22023987	9	0	그날 회식 분위기를 내가 다 망친 것 같아서 안절부절 못 하고 있었는데. 그렇게 말 해주니 마음이 좀 진정이 된다.	N	2022-10-04 07:07:56	2022-11-08 05:57:39
BE22023987	10	1	자기가 워낙에 책임감이 강하고, 뭐든 완벽하게 하고 싶어 하니까 그런 마음이 드는 것도 이해돼. 하지만 또 그런 사람이라서 부장님도 자기 실수라고 생각하지 않으실 거야. 자기가 일 하는 걸 누구보다 가까이서 보신 분이잖아.	N	2022-10-04 07:07:56	2022-11-08 05:57:39
BE22023987	11	0	맞아, 그날 아무도 나에게 뭐라고 하지 않았는데 나 혼자 너무 신경 썼나 봐. 마음이 한결 가볍다.	N	2022-10-04 07:07:56	2022-11-08 05:57:39
BE22023987	12	1	일도 하고 회식도 준비 하느라 고생했는데, 털어버리고 편안하게 휴일 보냈으면 좋겠어.	N	2022-10-04 07:07:56	2022-11-08 05:57:39
BE22023987	13	0	고마워, 덕분에 좀 후련하게 주말을 보낼 수 있을 것 같아.	N	2022-10-04 07:07:56	2022-10-04 07:07:56
BE22023987	14	1	다행이다. 얼른 푹 쉬어.	Y	2022-10-04 07:07:56	2022-10-04 07:07:56
