id	utterance_id	utterance_type	utterance_text	terminate	regDate	updDate
BE22025384	1	0	자기야, 오늘 회사에서 사장님이 전체 회식을 하자고 하셨어. 오늘 할아버지 생신이라 가족 모임이있는데 큰일이야. 거절을 못해서 가겠다고는 했는데, 너무 당황스럽다.	N	2022-10-07 11:29:35	2022-10-07 11:29:35
BE22025384	2	1	어려분 상사이다 보니 사실대로 얘기하지 못했구나. 자기가 많이 곤란할 것 같다. 얘기를 들은 나도 자기 걱정이 되네.	N	2022-10-07 11:29:35	2022-11-08 06:05:54
BE22025384	3	0	나 오늘 이 회사 입사 첫날이잖아. 신입이 들어왔다며 나 때문에 회식을 하는 거여서 더 당황스러워. 차마 거절할 수가 없었어서 우선 알겠다고는 했는데, 어찌해야 할지를 모르겠어.	N	2022-10-07 11:29:35	2022-11-08 06:05:54
BE22025384	4	1	그런 상황이면 너무 부담스럽기도 하고, 더 당황할 것 같아. 나였어도 어떻게 대처해야 할지 전혀 몰랐을것 같아. 자기가 많이 난감하고 난처할 것 같아.	N	2022-10-07 11:29:35	2022-11-08 06:05:54
BE22025384	5	0	우리 집안은 가족 모임에 꼭 참석을 해야 하거든. 할아버지께서는 특히 나를 좋아하셔서 내가 못간다고 하면 정말 서운해 하실 거야. 중간에서 이러지도 저러지도 못하니까 더 당황스러워.	N	2022-10-07 11:29:35	2022-11-08 06:05:54
BE22025384	6	1	어차피 둘 중 하나는 결정해야 하는데 긍정적으로 상황을 받아들여 보자. 어느 쪽을 가든 좋은 모임인 건 사실이니까 말이야. 당황한 마음을 차분히 가라앉히고 긍정적으로 생각하길 바라.	N	2022-10-07 11:29:35	2022-11-08 06:05:54
BE22025384	7	0	게다가 더 당황스러운 건, 나는 회를 못 먹는데 회식으로 회를 먹자고 했어. 다른 직원들이 좋다며 다들 찬성해서 못먹는다는 말도 못했어. 이따 못 먹는 회를 먹으러 갈 생각하니 더 당황스러움이 커.	N	2022-10-07 11:29:35	2022-11-08 06:05:54
BE22025384	8	1	오늘이 첫날이라 우여곡절도 많고, 자기가 참 고생했다. 그래도 좀 더 지나고 적응하게 되면 이런 당황스러운 일들도 줄어들거 야. 자기는 적응력이 빠르니까 조금만 참고 기운내 길 바라.	N	2022-10-07 11:29:35	2022-11-08 06:05:54
BE22025384	9	0	응 고마워 자기야. 사장님이 나를 위해 전체 회식을 하자고 하신 거라 더 당황스러움이 컸었거든. 그래도 자기가 위로해주니까 어떻게 대처해야 할지 좀 알겠고 마음도 차분해지네.	N	2022-10-07 11:29:35	2022-11-08 06:05:54
BE22025384	10	1	업무도 배워야 하는데, 회사 분위기에 적응까지 하는 자기가 참 오늘 고생이 많다. 난 항상 자기편이고 응원해. 그리고 자기가 이 회사에서도 잘 적응할 거라 믿어.	N	2022-10-07 11:29:35	2022-11-08 06:05:54
BE22025384	11	0	이렇게 따뜻하게 말해줘서 정말 고마워 자기야. 자기가 있기 때문에 내가 더 잘 적응할 수 있을 것 같아.	N	2022-10-07 11:29:35	2022-11-08 06:05:54
BE22025384	12	1	나에게 하나뿐인 가장 사랑하는 사람인데 따뜻하게 말하는 건 당연한 거지. 언제든 도움이 필요하면 내게 편하게 얘기해. 내가 도울수 있는 건 다 도울 거야.	N	2022-10-07 11:29:35	2022-11-08 06:05:54
BE22025384	13	0	너무 듬직하고 든든하게 느껴진다. 오늘도 우선 마음을 가라앉히고 잘 해결해볼게. 자기도 바쁜데, 내 얘기 전부 들어줘서 고마워.	N	2022-10-07 11:29:35	2022-11-08 06:05:54
BE22025384	14	1	난 내가 바쁠지라도 언제나 자기가 우선이야. 그럼 남은 시간 우리 힘내보자. 항상 사랑하고 응원해 자기야.	Y	2022-10-07 11:29:35	2022-11-08 06:05:54
