id	utterance_id	utterance_type	utterance_text	terminate	regDate	updDate
BE22020924	1	0	자기야 바빠? 뭐 하고 있어? 나 지금 너무 당황스러운데 뭐 하나만 물어봐도 될까?	N	2022-09-23 05:31:45	2022-09-23 05:31:45
BE22020924	2	1	무슨 일이야? 하나도 안 바빠 괜찮아. 심각한 건 아니지?	N	2022-09-23 05:31:45	2022-09-23 05:31:45
BE22020924	3	0	심각한 것까진 아닌데 내가 최근에 차 타고 다니다가 워셔액 안 나온다고 했잖아?	N	2022-09-23 05:31:45	2022-11-08 05:39:38
BE22020924	4	1	응, 그랬지. 그래서 그거 내가 워셔액 배송시켜줬잖아. 배송이 잘못 온 거야? 아니면 차에 문제가 있나?	N	2022-09-23 05:31:45	2022-11-08 05:39:38
BE22020924	5	0	배송도 잘 오고 차에 문제도 없는데. 나한테 문제가 있네? 워셔액을 어디다가 넣어야 할지 모르겠어.	N	2022-09-23 05:31:45	2022-09-23 05:31:45
BE22020924	6	1	아 위치를 못 찾는 거구나 파란 액체 들어있는 통을 못 찾고 있는 거야? 아니면 워셔액이 이미 없어서 통 구분이 어려운 거지? 처음에는 당연히 찾기가 어려울 거야 평소 보닛을 열어볼 일이 많이 없으니까 그럴 수 있어.	N	2022-09-23 05:31:45	2022-09-23 05:31:45
BE22020924	7	0	차를 몰고 다닌 지는 벌써 6개월이 지나고 있는데. 워셔액 통 하나를 못 찾는다니 나 너무 한심하지?	N	2022-09-23 05:31:45	2022-09-23 05:31:45
BE22020924	8	1	아니야 아직 한 번도 해본 적이 없으니까 모르는 게 당연하지! 나도 처음에는 와이퍼도 못 갈고 그랬는걸? 네가 못난 게 전혀 아니라 당연한 거야 누가 처음부터 다 잘하겠어.	N	2022-09-23 05:31:45	2022-09-23 05:31:45
BE22020924	9	0	그래도 워셔액 정도는 나 혼자서도 채울 수 있을 줄 알았는데. 막상 보닛을 열었는데 전혀 모르겠어.	N	2022-09-23 05:31:45	2022-09-23 05:31:45
BE22020924	10	1	내가 내일 아침에 일찍 가서 알려줄게! 원래 자기는 한 번 배우면 기억력도 좋고 금방금방 배우니까 어려울 거 없을 거야 전혀.	N	2022-09-23 05:31:45	2022-09-23 05:31:45
BE22020924	11	0	그래줄 수 있겠어? 너무 고마워 자기야. 역시 이럴 때 너무 든든한 것 같아! 이번에 배워 두면 절대 안 까먹고 혼자 해볼게.	N	2022-09-23 05:31:45	2022-11-08 05:39:38
BE22020924	12	1	그럼! 나는 평소에도 혼자 간단한 정비 정도는 하니까 워셔액 정도는 문제없어. 또 다른 문제 있는지도 같이 봐줄게.	N	2022-09-23 05:31:45	2022-09-23 05:31:45
BE22020924	13	0	그럼 우리 내일 서로 출근하기 전에 집도 가까우니까. 일찍 만나서 워셔액 채우고 아침 같이 먹고 출근할까?	N	2022-09-23 05:31:45	2022-09-23 05:31:45
BE22020924	14	1	오 좋은데? 그리고 다음에도 모르는 거 있으면 언제든지 물어봐 항상 난 도와줄 준비가 되어 있으니까!	N	2022-09-23 05:31:45	2022-09-23 05:31:45
BE22020924	15	0	고마워 자기야 그럼 난 먼저 자러 가볼게 내일 아침에 봐!	Y	2022-09-23 05:31:45	2022-09-23 05:31:45
