id	utterance_id	utterance_type	utterance_text	terminate	regDate	updDate
BE22026936	1	0	아버지가 몸이 많이 편찮으셔서 병원에 입원하셨어.	N	2022-10-11 08:44:56	2022-10-11 08:44:56
BE22026936	2	1	어머, 원래 편찮으시다는 말씀 없었잖아? 갑자기 안 좋아지신 거야?	N	2022-10-11 08:44:56	2022-10-11 08:44:56
BE22026936	3	0	응, 갑자기 안 좋아지셔서 정신없이 병원에 모시고 왔어.	N	2022-10-11 08:44:56	2022-10-11 08:44:56
BE22026936	4	1	갑자기 일어난 일이라 정말 당황했겠다. 지금은 좀 괜찮아지셨어?	N	2022-10-11 08:44:56	2022-11-08 06:15:07
BE22026936	5	0	지금은 조금 괜찮아지셨는데 아무래도 오래 입원하셔야 할 것 같아. 내가 간병을 해야 할 것 같고.	N	2022-10-11 08:44:56	2022-10-11 08:44:56
BE22026936	6	1	기약 없이 간병을 되는구나. 나도 어머니 편찮으실 때 간병했던 적이 있는데 언제 나아지실지 모르겠어서 마음이 혼란스럽더라.	N	2022-10-11 08:44:56	2022-11-08 06:15:07
BE22026936	7	0	맞아. 금방 나아지셨으면 좋겠는데, 언제 나아지실지 모르니까 그렇지.	N	2022-10-11 08:44:56	2022-10-11 08:44:56
BE22026936	8	1	그럴수록 긍정적인 기운을 잃지 않으려고 노력해야 해. 아버지가 금방 건강을 되찾으실 거라고 믿으면서 불안한 감정을 떨쳐 봐. 그러면 아버지도 그 기운 느끼셔서 금방 건강 되찾으실 거야.	N	2022-10-11 08:44:56	2022-10-11 08:44:56
BE22026936	9	0	그렇겠지? 근데 오늘은 정신이 없어서 그런지 많이 힘드네.	N	2022-10-11 08:44:56	2022-10-11 08:44:56
BE22026936	10	1	바람 한번 쐬고 오는 게 어때? 그러면 생각 정리도 되고 기운도 날 거야.	N	2022-10-11 08:44:56	2022-10-11 08:44:56
BE22026936	11	0	그래야겠다, 밖에 나가서 기운 좀 차리고 와야겠어.	N	2022-10-11 08:44:56	2022-10-11 08:44:56
BE22026936	12	1	그래, 너는 항상 밝고 긍정적이니까 금방 긍정적인 에너지를 되찾을 수 있을 거야. 너의 긍정적인 에너지가 아버지께도 전달될 수 있을 거라고 확신해.	N	2022-10-11 08:44:56	2022-11-08 06:15:08
BE22026936	13	0	자기 말 들으니까 빨리 기운 차려서 아버지 간병 열심히 해야겠다는 생각이 든다. 정말 고마워.	N	2022-10-11 08:44:56	2022-10-11 08:44:56
BE22026936	14	1	아니야, 퇴근하면 병원으로 갈게. 힘내고 있어.	Y	2022-10-11 08:44:56	2022-10-11 08:44:56
