id	utterance_id	utterance_type	utterance_text	terminate	regDate	updDate
BE22020244	1	0	우리 오늘 그냥 점심 사 먹을까?	N	2022-09-23 00:43:36	2022-09-23 00:43:36
BE22020244	2	1	지금 손에 들고 있는 거 도시락 아니야?	N	2022-09-23 00:43:36	2022-09-23 00:43:36
BE22020244	3	0	도시락 맞는데 부끄러워서 차마 보여줄 용기가 안 생기네. 내가 생각했던 도시락이랑 딴 판이 돼버려서 너무 당황스러워.	N	2022-09-23 00:43:36	2022-09-23 00:43:36
BE22020244	4	1	내 생각하면서 열심히 싼 도시락이잖아. 자신 있게 보여줘도 모자랄 판에 부끄러워 하지 않아도 돼. 무슨 모양이어도 난 기쁘게 받아들일 준비가 돼 있어.	N	2022-09-23 00:43:36	2022-11-08 05:28:59
BE22020244	5	0	인터넷으로 레시피 찾아보면서 열심히 해본다고 한 건데 모양이며 맛이며 자신이 없어. 이럴 거였으면 괜히 도시락 싼다고 했나 봐.	N	2022-09-23 00:43:36	2022-09-23 00:43:36
BE22020244	6	1	무슨 마음인지 충분히 잘 알겠어. 음식 솜씨가 없는 내가 도시락 싸왔다면 아마 더 보여주기 부끄러운 그런 기분이었을 것 같아. 그렇지만 자기가 정성 가득히 싼 도시락이라니 너무 궁금한걸?	N	2022-09-23 00:43:36	2022-11-08 05:28:59
BE22020244	7	0	정말 예쁘게 도시락 만들고 싶었는데 내 마음과는 다른 모양이 돼버려서 너무 당황스러웠던 거 있지. 도시락을 가지고 가야 할지 말아야 할지 집에서 나오기 직전까지도 고민을 얼마나 했는지 모르겠어.	N	2022-09-23 00:43:36	2022-09-23 00:43:36
BE22020244	8	1	날 위해 몇 날 며칠 인터넷 검색해가며 아침 일찍 일어나서 싼 도시락인 거잖아. 지금 당황스럽고 부끄러워하는 자기 마음이 나한테 고스란히 느껴져서 그게 더 감동으로 다가오는 것 같아. 얼른 보고 싶다.	N	2022-09-23 00:43:36	2022-11-08 05:28:59
BE22020244	9	0	자기가 그렇게 말해주니까 보여줄 용기가 조금 생기는 것 같아. 도시락 보고 놀라지마. 원래 의도했던 건 그 모양이 아니야.	N	2022-09-23 00:43:36	2022-11-08 05:28:59
BE22020244	10	1	와 너무 귀여운데? 오히려 완벽히 잘 싼 것보다 서툴러서 자기의 노력과 정성이 고스란히 느껴져. 도시락 싸느라 너무 고생했어.	N	2022-09-23 00:43:36	2022-09-23 00:43:36
BE22020244	11	0	나 정말 열심히 도시락 만들었는데 좋아해 주니 다행이다. 하지만 맛은 정말 더 걱정이야.	N	2022-09-23 00:43:36	2022-11-08 05:28:59
BE22020244	12	1	이렇게 정성 가득한 도시락이 맛이 없을 수가 있겠어? 자기가 싸 준 도시락 덕분에 오늘 하루 종일 행복할 것 같아.	N	2022-09-23 00:43:36	2022-11-08 05:28:59
BE22020244	13	0	도시락을 망친 것 같아 걱정이 많이 됐었는데 자기가 좋아하는 모습을 보니까 나도 너무 좋다. 다음에는 더 완벽하게 싸올게.	N	2022-09-23 00:43:36	2022-11-08 05:28:59
BE22020244	14	1	도시락 싼다고 정신 없었을 게 분명한데 다음에 또 싸준다고 말해주는 그 마음이 너무 고마워. 우리 도시락 얼른 먹자.	Y	2022-09-23 00:43:36	2022-11-08 05:28:59
