id	utterance_id	utterance_type	utterance_text	terminate	regDate	updDate
BE22023091	1	0	자기야 어떡하면 좋아. 내일 친구 생일이라 점찍어둔 선물 사려고 왔는데 가게 문이 이미 닫혔어. 지금 너무 당황스러워.	N	2022-09-30 09:00:31	2022-09-30 09:00:31
BE22023091	2	1	정말? 친구가 좋아할 거 같다던 귀걸이 가게 말하는 거야? 내일 선물도 주고 파티도 한다고 했잖아.	N	2022-09-30 09:00:31	2022-11-08 05:52:22
BE22023091	3	0	응 그 귀걸이 가게. 난 당연히 영업시간이 퇴근 후까지도 할 줄 알았는데 주변 가게보다 빨리 닫나 봐. 정말 특이하고 예뻐서 귀걸이 선물하고 싶었는데.	N	2022-09-30 09:00:31	2022-11-08 05:52:22
BE22023091	4	1	마음 놓고 갔다가 닫혀있어서 너무 당황스럽겠다. 다른 곳에는 안 팔아? 내가 알았으면 대신 사 놓았을 텐데 어쩌면 좋아.	N	2022-09-30 09:00:31	2022-11-08 05:52:22
BE22023091	5	0	개인이 하는 가게라 다른 곳에는 똑같은 게 없어. 내일은 일요일이라 문도 안 연대. 살 수 있을 줄 알고 자기한테 부탁할 생각을 못 했어.	N	2022-09-30 09:00:31	2022-11-08 05:52:22
BE22023091	6	1	그 선물 발견하기 전에 친구 선물 뭐할까 엄청 고민했잖아. 선물 골랐다고 좋아했던 자기 모습 생각하니까 나도 안타깝고 당황스럽다.	N	2022-09-30 09:00:31	2022-11-08 05:52:22
BE22023091	7	0	친구가 정말 좋아할 거 같아서 발견하고 엄청 설렜는데! 생일 선물은 당일에 받아야 의미가 있잖아. 늦게 주면 감동도 덜 하고 내 계획도 틀어져서 너무 당황스럽고 허무해.	N	2022-09-30 09:00:31	2022-09-30 09:00:31
BE22023091	8	1	선물도 중요하지만 내일 만나서 축하 파티하기로 했잖아. 친구도 자기를 보는 걸 더 의미 있어 할 테니 너무 마음 불편해하지 마.	N	2022-09-30 09:00:31	2022-11-08 05:52:22
BE22023091	9	0	친구 생일에 내가 가는 건 당연한 거고 친구도 내가 맨손이면 당황할걸? 그리고 그거 말고 다른 선물로 대신하고 싶지도 않고. 그때 바로 샀어야 하는데 혹시 더 좋은 게 있을까 망설인 내가 문제야.	N	2022-09-30 09:00:31	2022-11-08 05:52:22
BE22023091	10	1	넌 평소에도 친구들한테 소소한 선물도 하고 잘 챙기잖아. 선물은 언제든 만나서 줄 수 있지만 축하하는 마음이야말로 당일에 알아주지 않으면 서운할 거야. 선물을 준비 못했다고 친구가 당황할 거라 생각한다면 오히려 친구가 실망할 거 같은데?	N	2022-09-30 09:00:31	2022-11-08 05:52:22
BE22023091	11	0	맞아 정말 그렇겠다. 내가 가게 닫혀서 당황해 놓고, 친구가 선물 못 받아서 실망할 거라 생각할 뻔했네! 생일인 친구도 오랜만에 다 같이 모이는 것에 더 신나 했는데.	N	2022-09-30 09:00:31	2022-11-08 05:52:22
BE22023091	12	1	그래 다 같이 모여서 축하해 주는 게 더 의미가 있지. 내일 생일 선물 못 사가도 친구는 충분히 이해할 거야. 내일 즐거운 만남만 생각해.	N	2022-09-30 09:00:31	2022-11-08 05:52:22
BE22023091	13	0	고마워 가게 영업시간이 끝나버려서 당황했었는데 자기 말 덕분에 진정이 됐어. 생일에 선물을 들고 가지 않으면 안 된다는 내 생각이 짧았어.	N	2022-09-30 09:00:31	2022-11-08 05:52:22
BE22023091	14	1	당황스러운 너의 마음이 나아진 거 같아서 다행이다. 친구들과 재미있게 놀고 귀걸이 선물은 조만간 나랑 같이 가서 사자.	N	2022-09-30 09:00:31	2022-09-30 09:00:31
BE22023091	15	0	자기 덕분에 이번 친구 생일은 더 뜻깊게 축하해 줄 수 있을 거 같아. 다음 주에 만나서 데이트도 하고, 같이 귀걸이 사자.	Y	2022-09-30 09:00:31	2022-11-08 05:52:22
