id	utterance_id	utterance_type	utterance_text	terminate	regDate	updDate
BE22027067	1	0	자기야, 나 지금 퇴근 하는 중인데, 오늘 유독 일을 많이 해서 그런지 잠이 쏟아져. 운전 중인데 이렇게 잠이 쏟아지니까 너무 당황스럽다.	N	2022-10-11 12:29:07	2022-11-08 06:15:54
BE22027067	2	1	자기가 요즘 계속 야근을 했잖아. 너무 피곤하니까 잠도 오는 것 같 아. 자기가 많이 당황했을까 봐 걱정되고, 자기의 안전도 걱정이 된다.	N	2022-10-11 12:29:07	2022-11-08 06:15:54
BE22027067	3	0	너무 잠이 와서 오는 길에 잠깐 차를 세워뒀어. 얼른 집에 가서 남은 업무를 마무리 해야 하는데, 피곤해서 운전 할 수가 없어. 이렇게 퇴근 길에 너무 잠이 온 게 처음이라 정말 당황스럽다.	N	2022-10-11 12:29:07	2022-11-08 06:15:54
BE22027067	4	1	나도 가끔 운전하다 잠 올 때가 있어서 그 마음 알아. 그럴 때 위험할까 봐 걱정도 되고 당황스럽잖아. 자기도 많이 놀랬을 것 같아.	N	2022-10-11 12:29:07	2022-11-08 06:15:54
BE22027067	5	0	사실 내가 왜 이렇게 당황을 했냐면, 방금 전 잠이 너무 와서 사고가 날 뻔 했었어. 내가 차선을 제대로 지키지 않고 있었어서, 옆에서 클락션을 울렸어. 그래서 잠이 깼는데 너무 놀랐어.	N	2022-10-11 12:29:07	2022-11-08 06:15:54
BE22027067	6	1	정말 위험 할 뻔 했구나. 자기가 잠이 오는 와중에 계속 운전하지 않고, 중간에 쉬는 시간을 가진 건 정말 잘한 일이야. 위험을 인지하고, 잠시 쉬었다 가는 것은, 자기가 현명하고 지혜로워서 라고 생각해.	N	2022-10-11 12:29:07	2022-11-08 06:15:54
BE22027067	7	0	솔직히, 이렇게 사고가 날 만한 상황이 처음이라 마음이 진정이 안돼. 내가 운전하다 잠들 뻔 한 적이 처음이라 더 당황스럽고 말이야.	N	2022-10-11 12:29:07	2022-11-08 06:15:54
BE22027067	8	1	큰 사고로 이어지지 않은 걸 다행으로 생각하자. 그리고 자기는 지금 잘 대처를 하고 있잖아. 긍정적으로 생각하고 받아들인다면, 자기의 마음도 한결 나아질 거야.	N	2022-10-11 12:29:07	2022-11-08 06:15:54
BE22027067	9	0	얼른 집에 가서, 남은 프로젝트를 완수해야 해. 그래서 이렇게 중간에 시간을 끌고 있을 수가 없는데, 아직도 잠이 안 깬다. 자다 가기엔 너무 많은 시간이 소요될 것 같아서 이러지도 저러지도 못하고 있어.	N	2022-10-11 12:29:07	2022-11-08 06:15:54
BE22027067	10	1	어떤 선택을 하든 난 자기를 응원해. 하지만, 자기의 건강과 안전도 중요하니까 충분히 쉬었다 가기를 바라. 잠이 이렇게 쏟아지는데, 운전을 다시 했다가 위험할까 봐 걱정이 돼.	N	2022-10-11 12:29:07	2022-11-08 06:15:55
BE22027067	11	0	자기의 말을 들으니 마음이 좀 편해지네. 우리 집은 회사랑 거리가 꽤 멀기 때문에 1시간은 더 가야 하니까 말이야. 나를 걱정해줘서 고마워.	N	2022-10-11 12:29:07	2022-11-08 06:15:55
BE22027067	12	1	내가 자기를 생각하는 건 당연한 일인 걸. 항상 자기를 위하는 마음은 그 누구보다 커. 자기는 나를 생각해서라도, 항상 안전 신경 쓰길 바래.	N	2022-10-11 12:29:07	2022-11-08 06:15:55
BE22027067	13	0	이렇게 말하니 마음이 든든하네. 자기 말대로 나를 사랑해주는 자기가 있으니까, 나도 더 건강과 안전에 신경 써야겠다.	N	2022-10-11 12:29:07	2022-11-08 06:15:55
BE22027067	14	1	응. 그럼 조금 쉬었다가 조심히 운전해서 들어가. 기다리고 있을 테니 언제든지 편하게 연락해.	Y	2022-10-11 12:29:07	2022-11-08 06:15:55
