id	utterance_id	utterance_type	utterance_text	terminate	regDate	updDate
BE22026453	1	0	자기야 잘 지내? 나 오늘 너무 당황스러운 일이 있었어.	N	2022-10-10 09:51:26	2022-10-10 09:51:26
BE22026453	2	1	자기도 잘 있지? 늘 침착한 자기가 그렇다니 벌써부터 걱정이 되네. 그래도 편하게 얘기해줘.	N	2022-10-10 09:51:26	2022-11-08 06:12:16
BE22026453	3	0	이제 여행을 마치고 한국으로 돌아가려고 공항에 가고 있거든, 그런데 여권이 보이질 않아. 3시간 뒤에는 비행기에 타야 되는데 갑자기 여권이 안 보이니까 너무 당황스럽고 어떻게 해야 할지 모르겠는 거 있지.	N	2022-10-10 09:51:26	2022-11-08 06:12:16
BE22026453	4	1	제일 필요한 여권이 보이지 않다니, 그 상황이라면 누구라도 당황스러울 거야. 나는 최근에 출국 날 여권이 사라진 적이 있어서 얼마나 놀랐는지 몰라. 그래서 당황스러운 자기 마음이 너무 잘 이해가 돼.	N	2022-10-10 09:51:26	2022-11-08 06:12:17
BE22026453	5	0	일단은 묵던 호텔에 찾아봐달라고 얘기를 했어. 그리고 영사관에 재발급 절차도 알아는 봤어, 들어보니 여권을 찾지 않으면 일정이 꽤 지장이 있을 거래. 일이 이렇게 지연될 줄은 상상도 못 했어 정말 당황스러워.	N	2022-10-10 09:51:26	2022-11-08 06:12:17
BE22026453	6	1	보통 사람이면 너무 당황해서 아무것도 못 했을텐데. 침착하고 이성적인 자기라서 그렇게 빠르게 행동을 할 수 있었나 봐. 자기의 그런 태도는 정말 대단하다고 생각해.	N	2022-10-10 09:51:26	2022-11-08 06:12:17
BE22026453	7	0	다음 주부터는 회사도 다시 나가야 하고, 일정들이 있거든. 그런데 여권 때문에 이 일정들이 다 꼬이게 될 생각을 하면 눈앞이 캄캄해. 지금 내 상황이 정말 너무 당황스러워.	N	2022-10-10 09:51:26	2022-11-08 06:12:17
BE22026453	8	1	가끔은 일어난 일들 때문에 어떻게 해야 할지 모르겠는 순간들이 있었어. 그런데 결국은 다 해결이 되는 일이더라고. 많이 당황스럽겠지만 결국 잘 해결될 거야 걱정하지 마.	N	2022-10-10 09:51:26	2022-11-08 06:12:17
BE22026453	9	0	잘 될 거라고 생각을 해보려고 하는데 마음이 가라 앉지가 않아. 공항이 가까워질수록 마음이 차분해지지 않는 거 있지. 어떻게든 여권을 찾아야 돌아갈 텐데, 답이 보이지도 않고 너무 당황스러워.	N	2022-10-10 09:51:26	2022-11-08 06:12:17
BE22026453	10	1	쉽진 않겠지만, 결국에는 내가 극복할 수 있는 일이라고 마음을 먹어봐. 결국에는 스스로 해결할 일이라고 생각해보면 어때? 그러면 당황스러운 마음이 잦아들 수 있을 거야.	N	2022-10-10 09:51:26	2022-11-08 06:12:17
BE22026453	11	0	그렇게는 생각을 못 해봤어. 당장 당황스러운 마음에만 너무 집중을 했던 것 같아. 자기랑 대화를 하다 보니까 마음이 한결 나아지는 것 같아.	N	2022-10-10 09:51:26	2022-11-08 06:12:17
BE22026453	12	1	자기 기분이 좋아졌다니 정말 다행이야. 나도 안도의 미소가 절로 나와. 자기는 잘 해결할 수 있을 거야 너무 걱정하지 마.	N	2022-10-10 09:51:26	2022-11-08 06:12:17
BE22026453	13	0	진작 자기한테 얘기를 할 걸 그랬어. 이거 때문에 정말 스트레스였거든. 이제야 마음이 좀 편해.	N	2022-10-10 09:51:26	2022-10-10 09:51:26
BE22026453	14	1	내가 도움이 됐다니 정말 기뻐. 우리 자기 고민이라면 언제라도 들어줄 수 있어. 그러니까 힘든 일이 있으면 언제라도 연락을 줘.	N	2022-10-10 09:51:26	2022-11-08 06:12:17
BE22026453	15	0	너무 고마워 자기야. 다음엔 우리 직접 만나서 얘기를 나누자.	Y	2022-10-10 09:51:26	2022-10-10 09:51:26
