id	utterance_id	utterance_type	utterance_text	terminate	regDate	updDate
BE22026842	1	0	자기, 나 너무 당황스러운 일이 생겼어. 앞으로 회사를 어떻게 다녀야 하나 싶을 정도야.	N	2022-10-11 06:47:59	2022-10-11 06:47:59
BE22026842	2	1	무슨 일이길래 그래? 회사에서 무슨 안 좋은 일이라도 생긴 거야?	N	2022-10-11 06:47:59	2022-10-11 06:47:59
BE22026842	3	0	내가 원래 문화 연구하는 팀에서 일하고 있잖아. 근데 대표님이 나보고 문화 기획에서도 한 번 일을 해보라고 내 팀을 바꿨어. 그래서 새로운 팀에 합류했는데, 나 처음 하는 일이라 너무 당황스럽고 혼란스러워.	N	2022-10-11 06:47:59	2022-10-11 06:47:59
BE22026842	4	1	갑작스럽게 일어난 일이라 정말 당황할 수밖에 없겠네. 나였어도 이게 뭔가 싶어서 어찌할 바를 몰랐을 것 같아. 자기 정말 적응하기도 힘들 판이겠구나.	N	2022-10-11 06:47:59	2022-11-08 06:14:34
BE22026842	5	0	응, 일단 이 팀의 직원들과도 친해져야 하고 적응해야 하는데 이런 적은 처음이라 혼란스러워. 뭐라고 미리 언질이라도 준 게 아니라서 무척 당황스러워. 내가 어떻게 해야 하는지도 잘 모르겠어.	N	2022-10-11 06:47:59	2022-10-11 06:47:59
BE22026842	6	1	정말 상황 자체가 자기를 무척 당황스럽게 만드는 것 같아. 나도 예전 회사 다녔을 때 2년 차에 다른 팀으로 옮겨진 적이 있었거든. 그때 나도 적응한다고 꽤 애를 먹어서 자기 심정 이해가 가.	N	2022-10-11 06:47:59	2022-11-08 06:14:34
BE22026842	7	0	아직도 이게 현실이 맞나 싶을 정도로 혼란스러워. 내가 한 번도 해 본 적 없는 일을 하는 게 과연 맞는 걸까? 너무 놀라서 대표님한테 뭐라 말도 못 했단 말이야.	N	2022-10-11 06:47:59	2022-10-11 06:47:59
BE22026842	8	1	자기야, 오히려 이참에 좋은 기회가 왔다고 생각하면 성실하게 임해보자, 이런 기회도 흔치 않잖아! 대표님도 자기에게 가능성을 보고 그렇게 한 걸 테니까 이번 기회에 새롭게 배워보면서 능력을 넓혀보자! 계속 혼란스러워하면서 시간을 허비하는 대신 마음을 정리하면 금방 적응도 쉽게 할 수 있을 거야.	N	2022-10-11 06:47:59	2022-11-08 06:14:34
BE22026842	9	0	자기 말처럼 내가 그곳에서 잘 적응할 수 있을까? 나는 새로운 이 팀에 아직도 뭘 어떻게 해야 할지 몰라서 방황하고 있거든.	N	2022-10-11 06:47:59	2022-10-11 06:47:59
BE22026842	10	1	괜히 움츠려 들지 말고 자신감을 가졌으면 해! 분명 자기는 평소처럼 열심히 하면 금방 그곳에서 자신의 재능을 펼쳐낼 수 있을 거야. 자기 원래 초반에만 시간이 좀 걸릴 뿐이지, 익숙해지면 금방 자신의 것으로 만들어서 능력을 키우잖아!	N	2022-10-11 06:47:59	2022-11-08 06:14:34
BE22026842	11	0	그렇게 말해줘서 정말 고마워. 자기 말 들으니까 안심이 돼서 혼란스러웠던 마음이 사그라졌어. 아무래도 새로운 도전이라 생각하고 열심히 임해야겠어!	N	2022-10-11 06:47:59	2022-11-08 06:14:34
BE22026842	12	1	응, 금방 마음이 괜찮아져서 참 다행이야! 아무래도 자기가 다재다능한 걸 대표님이 알고 그곳에 합류 시켰나 보다! 어쩌면 그 새로운 팀이 자기의 적성과 더 맞을 지도 몰라!	N	2022-10-11 06:47:59	2022-11-08 06:14:34
BE22026842	13	0	그런 생각을 하니까 좀 설레네! 그럼 내일부터 차분한 마음으로 일을 새로 배워야겠어. 이렇게 달래줘서 정말 고마워!	N	2022-10-11 06:47:59	2022-11-08 06:14:34
BE22026842	14	1	아냐, 나의 작은 위로가 자기에게 도움이 돼서 나야말로 기쁜걸. 금방 적응하기를 나도 속으로 기도할게! 자기 앞으로도 화이팅이야!	Y	2022-10-11 06:47:59	2022-11-08 06:14:34
