id	utterance_id	utterance_type	utterance_text	terminate	regDate	updDate
BE22003290	1	0	나 친구 만나서 식당에 왔어. 그런데 종업원이 우리가 시킨 피자가 아닌 다른 종류의 피자를 서빙했어.	N	2022-06-24 06:19:07	2022-11-08 03:45:37
BE22003290	2	1	자기가 SNS에서 보고 꼭 먹어보고 싶다고 한 그 피자 말고? 그럼 어떡해. 자기 그거 먹으러 그 식당 간 거잖아.	N	2022-06-24 06:19:07	2022-11-08 03:45:37
BE22003290	3	0	그러니까 말이야. 게다가 잘못 나온 피자 가격이 훨씬 비싸서 너무 당황스러워.	N	2022-06-24 06:19:07	2022-11-08 03:45:37
BE22003290	4	1	그러면 종업원한테 말해봐야 하는 거 아니야?	N	2022-06-24 06:19:07	2022-11-08 03:45:37
BE22003290	5	0	응. 그런데 친구는 그냥 먹자고 해서 먹고 있어. 계산하러 갈 때 한 번 말해볼까 봐. 근데 자기도 알다시피 내가 이런 이야길 잘 못하잖아.	N	2022-06-24 06:19:07	2022-11-08 03:45:37
BE22003290	6	1	그렇지. 자기는 무언가 지적하거나 요청하는 걸 어려워하는 편이지. 그래서 웬만한 걸 다 참고 넘기는 성격이기도 하고 말이야.	N	2022-06-24 06:19:07	2022-11-08 03:45:37
BE22003290	7	0	맞아. 그런데 내 친구도 나랑 비슷한 성격이라 제대로 말할 수 있을지 모르겠어. 둘 다 당황해서 음식이 입으로 들어가는지 코로 들어가는지도 모르겠네.	N	2022-06-24 06:19:07	2022-11-08 03:45:37
BE22003290	8	1	자기 잘못도 아닌데 걱정할 필요 없어! 물론 용기가 필요하겠지만, 식사 후에 정중히 말하면 종업원도 실수했다고 사과할 테니 안심해. 우선 지금은 식사에 집중하면서 기분 풀어보는 게 어때?	N	2022-06-24 06:19:07	2022-11-08 03:45:37
BE22003290	9	0	응. 나중 일은 음식 다 먹고 나서 생각해야겠다. 이왕 나온 거니까 맛있게 먹어야겠어.	N	2022-06-24 06:19:07	2022-11-08 03:45:37
BE22003290	10	1	맞아. 오늘 용기 내서 말하고 나면 다음부터는 비슷한 일이 생길 때 조금 더 수월해질 거야. 내가 응원할 테니까 멋지게 해결하고 와. 자기 파이팅!	N	2022-06-24 06:19:07	2022-11-08 03:45:37
BE22003290	11	0	자기 말이 맞아. 정말 고마워. 자기한테 말하고 나니까 용기가 생기는데?	N	2022-06-24 06:19:07	2022-11-08 03:45:37
BE22003290	12	1	그렇다면 정말 다행이야. 피자 맛은 어때?	N	2022-06-24 06:19:07	2022-11-08 03:45:37
BE22003290	13	0	내 입맛에는 맞고 친구도 맛있다고 하네. 자기 말대로 우선은 식사에 집중하기로 했어. 정말 고마워.	N	2022-06-24 06:19:07	2022-11-08 03:45:37
BE22003290	14	1	원하는 메뉴는 아니었지만 맛있다니 그나마 다행이다. 좋은 식사 시간 되길 바라.	N	2022-06-24 06:19:07	2022-11-08 03:45:37
BE22003290	15	0	알았어. 밥 다 먹고 연락할게. 이야기 들어줘서 정말 고마워!	Y	2022-06-24 06:19:07	2022-11-08 03:45:37
