id	utterance_id	utterance_type	utterance_text	terminate	regDate	updDate
BE22024104	1	0	와! 이런 일을 내가 겪을 줄은 상상도 못 했네. 되게 당혹스러운 연락을 오늘 받았어.	N	2022-10-04 12:48:23	2022-11-08 05:58:19
BE22024104	2	1	무슨 일인데 그래? 걱정스러운 일이야?	N	2022-10-04 12:48:23	2022-10-04 12:48:23
BE22024104	3	0	블로그에 글 올리면서 아무 생각 없이 인터넷으로 검색한 사진을 퍼다 게재했거든. 근데 그게 저작권 침해라네. 고소장이 날아왔어.	N	2022-10-04 12:48:23	2022-10-04 12:48:23
BE22024104	4	1	갑자기 고소장이라니 정말 황당하겠다. 인터넷에서 사진 함부로 다운로드 하면 안된다더니 정말이었구나. 얼마나 기 막히고 계속 골치가 아플지 내가 다 어지러워지는 것 같아.	N	2022-10-04 12:48:23	2022-11-08 05:58:20
BE22024104	5	0	응, 고소장을 받으면 내가 이제부터 어떻게 해야 하는 건지도 어리둥절해. 따로 소환장이 날아 오려나?	N	2022-10-04 12:48:23	2022-11-08 05:58:20
BE22024104	6	1	지적저작권 문제는 워낙 미묘하고 사례가 복잡하니 엄청 난감하고 힘들겠다. 변호사의 도움을 받아야할 수도 있겠지? 생각할수록 걱정되고 불안하네.	N	2022-10-04 12:48:23	2022-11-08 05:58:20
BE22024104	7	0	응, 내가 사진을 도용한 증거는 확실하니까 터무니 없는 사용료를 내라고 할까 봐 겁나. 합의가 먼저고 그 다음이 소송일까? 주변에서 아무도 겪어본 적 없는 일이니 더 황당해.	N	2022-10-04 12:48:23	2022-11-08 05:58:20
BE22024104	8	1	일단 당황하지 말고 이런 경우 어떻게 대처해야 하는지 전문가의 의견을 들어보자. SNS나 뉴스를 검색해보면 대처 방법이 나올지도 몰라, 내가 알아볼게. 차근차근 인맥을 동원해서 물어봐도 좋을 것 같으니, 겁부터 먹지는 마.	N	2022-10-04 12:48:23	2022-11-08 05:58:20
BE22024104	9	0	고마워, 네 말을 들으니 천군만마를 얻은 것 같네. 금세 방법을 찾을 수 있을 것 같은 희망이 생겨.	N	2022-10-04 12:48:23	2022-10-04 12:48:23
BE22024104	10	1	엄청 놀라고 당황했을 텐데 나랑 대화하며 벌써 이성과 희망을 되찾은 네가 더 훌륭해. 정신만 똑바로 차리면 해결 못할 일은 없을 거야. 블로그 운영하는 것도 정말 부지런한 사람만 하는 거잖아, 스스로 자부심을 가져.	N	2022-10-04 12:48:23	2022-11-08 05:58:20
BE22024104	11	0	너는 참 사람 마음을 편하게 만들어주는 재주가 있는 것 같아. 진짜로 이젠 별일 아닌 것처럼 용기 내서 대처할 수 있겠어. 고마워.	N	2022-10-04 12:48:23	2022-11-08 05:58:20
BE22024104	12	1	고맙긴, 내가 뭐라도 도움이 됐다니 기쁘다. 비슷한 사례가 있는지 알아보고 연락 줄 테니까 너도 주변에 물어봐.	N	2022-10-04 12:48:23	2022-11-08 05:58:20
BE22024104	13	0	알겠어. 인맥하면 또 나잖아. 금세 해결책을 찾아내도록 할게.	N	2022-10-04 12:48:23	2022-10-04 12:48:23
BE22024104	14	1	오케이. 그럼 각자 알아보고 다시 연락하자.	Y	2022-10-04 12:48:23	2022-10-04 12:48:23
