id	utterance_id	utterance_type	utterance_text	terminate	regDate	updDate
BE22026325	1	0	자기야, 나 오늘 회의에서 통역하는데 너무 당황스러웠어.	N	2022-10-10 03:56:16	2022-10-10 03:56:16
BE22026325	2	1	왜 그래, 통역이 너무 어려웠던 거야?	N	2022-10-10 03:56:16	2022-11-08 06:11:31
BE22026325	3	0	아니, 오히려 통역은 괜찮았는데, 한국어로 설명하는 게 너무 어렵더라고. 내 모국어를 이렇게 못 하고 어휘력에 한계가 있다니 너무 당황스럽고, 충격이었어.	N	2022-10-10 03:56:16	2022-11-08 06:11:31
BE22026325	4	1	그랬구나, 갑자기 그럴 때가 있지, 나도 가끔 어버버하며 말이 안 나올 때가 있더라고.	N	2022-10-10 03:56:16	2022-11-08 06:11:31
BE22026325	5	0	정말 쉬운 단어도 기억이 안 나서 너무 어안이 벙벙했어. 어려운 것도 아니고, 참 당황스러워서 땀을 뻘뻘 흘렸지 뭐야.	N	2022-10-10 03:56:16	2022-10-10 03:56:16
BE22026325	6	1	우리 자기가 혼란스럽고 힘들었겠네. 정작 어려운 통역은 잘 해내고 한국어가 어려웠으니. 당황스러운 상황에서도 참 고생 많았어.	N	2022-10-10 03:56:16	2022-11-08 06:11:32
BE22026325	7	0	한국어 어휘력을 길러야겠다는 생각했어, 어휘력을 기르기 위해서. 오늘처럼 당황스러운 상황을 만들지 않기 위해 더 연습해야 할 것 같아. 오늘은 정말 힘들고 혼란스러웠어.	N	2022-10-10 03:56:16	2022-11-08 06:11:32
BE22026325	8	1	영어뿐만 아니라 모국어인 한국어도 늘 공부가 필요하지, 우리 자기가 참 놀랐겠다. 너무 걱정하지 마, 앞으로는 이런 당황스러운 상황 없도록 더 공부하면 돼. 오히려 긍정적으로 생각하면 부족함을 깨달을 좋은 기회였던 거지.	N	2022-10-10 03:56:16	2022-11-08 06:11:32
BE22026325	9	0	그렇게 말해 줘서 고마워. 역시 우리 자기는 긍정적으로 볼 수 있도록 도와줘서 너무 좋아. 아까는 너무 당황스러운 일 때문에 피곤했었거든, 지금은 마음이 편해졌어.	N	2022-10-10 03:56:16	2022-11-08 06:11:32
BE22026325	10	1	누구나 그렇게 힘들고 당황스러운 날이 있지. 푹 쉬면 괜찮아질 거야, 아무 생각 말고 쉬어.	N	2022-10-10 03:56:16	2022-11-08 06:11:32
BE22026325	11	0	진심 어린 위로 고마워 자기야. 앞으로 어휘력 높일 수 있게 더 연습해야지. 더 훌륭한 통역가가 되어야겠다는 생각이 들어.	N	2022-10-10 03:56:16	2022-11-08 06:11:32
BE22026325	12	1	더 열심히 공부할 계기가 생겼다니 기쁘다. 역시 우리 자기는 정말 멋있어.	N	2022-10-10 03:56:16	2022-11-08 06:11:32
BE22026325	13	0	오늘도 좋은 하루 보내, 우리 자기.	N	2022-10-10 03:56:16	2022-10-10 03:56:16
BE22026325	14	1	자기도 편안하게 잘 쉬었으면 좋겠다.	Y	2022-10-10 03:56:16	2022-10-10 03:56:16
