id	utterance_id	utterance_type	utterance_text	terminate	regDate	updDate
BE22026549	1	0	어제 밤 새워서 공부하다가 잠이 들어버린 거 있지. 늦게 일어나는 바람에 시험을 응시하지 못했어. 일어나자마자 시계를 보고 너무 당황한 거 있지.	N	2022-10-10 12:56:59	2022-11-08 06:12:50
BE22026549	2	1	연락이 없어 걱정했는데 그런 일이 있었다니. 괜찮아? 시험시간이 지난 걸 알고 많이 놀랐겠다.	N	2022-10-10 12:56:59	2022-11-08 06:12:50
BE22026549	3	0	시간이 많이 지난 걸 알고 급하게 학교에 갔지만 이미 다 끝난 후였어. 차라리 일찍 자고 시험을 응시하는 게 나았을 텐데 이제 와서 너무 후회돼. 어떻게든 방법을 찾아보려고 했지만 할 수 있는 게 없었어.	N	2022-10-10 12:56:59	2022-11-08 06:12:50
BE22026549	4	1	자기는 한참 전부터 이 시험을 위해 열심히 준비해왔었잖아. 그런데 기회마저 없어졌다고 하니 내 마음이 다 찢어질 것 같아. 하지만 이번 일 때문에 자기가 시험을 보기 위해 노력했던 것들까지 자책하지는 않았으면 해.	N	2022-10-10 12:56:59	2022-11-08 06:12:50
BE22026549	5	0	이번 시험은 그 무엇보다 중요한 시험이었는데 지금껏 해 온 것들이 한 번에 무너지는 기분이 들어. 게다가 다른 이유도 아닌 내가 잘못한 일이니 더 속상하고 당황스러운 거 있지. 이걸 어떻게 극복할 수 있을지 모르겠어.	N	2022-10-10 12:56:59	2022-11-08 06:12:50
BE22026549	6	1	나도 예전에 비슷한 일을 겪은 적이 있어서 지금 자기 마음이 어떨지 이해가 된다. 하지만 자기는 휼륭한 성적을 줄곧 유지해왔잖아. 비록 지금은 속상하고 막막하게 느껴지겠지만 어떻게든 극복할 기회가 있을 거니까 힘내.	N	2022-10-10 12:56:59	2022-11-08 06:12:50
BE22026549	7	0	열심히 하려고 했던 것뿐인데 마음처럼 잘 안되다 보니 내가 너무 초라하게 느껴져. 남들처럼 평범하게 잘 살고 싶었던 게 내 욕심이었나 봐. 게다가 이런 일을 겪고 나니 앞으로 어떻게 해야 할지 모르겠고 너무 두려워.	N	2022-10-10 12:56:59	2022-11-08 06:12:50
BE22026549	8	1	그 말을 듣고 나니 이번 시험이 얼마나 중요했는지 느껴져서 마음이 아주 답답할 것 같아. 그렇지만 너무 힘들고 슬퍼하기보다는 열심히 달려온 스스로 잠시나마 쉬는 시간을 주는 건 어때? 마음을 편히 갖고 자기만을 위한 시간을 가지면 좋은 생각이 날 거야.	N	2022-10-10 12:56:59	2022-11-08 06:12:50
BE22026549	9	0	자기 말을 듣고 나니 이제껏 정신없이 달려오기만 했던 것 같아. 정작 내가 무얼 하고 싶은지에 대해서는 생각한 적이 없어서 이번 기회에 자신을 돌아봐야겠어. 자기랑 얘기하고 나니 한결 마음이 편안해진 것 같아.	N	2022-10-10 12:56:59	2022-11-08 06:12:50
BE22026549	10	1	나는 항상 열정적인 자기를 보면서 그렇게 노력하는 게 얼마나 대단한 일인지 알았어. 그러면서 나는 엄두도 내지 못했을 일을 척척 해내는 모습을 보면서 애인으로서도 멋지다고 느꼈는걸. 이번 일도 현명하게 잘 이겨내고 무슨 일이든 잘 해낼 거라고 생각해.	N	2022-10-10 12:56:59	2022-11-08 06:12:50
BE22026549	11	0	그렇게 말해주니 이제껏 내가 해온 노력이 헛된 일은 아니었던 것 같아서 내심 기분이 좋네. 항상 옆에서 좋은 말을 해주고 자존감을 북돋아 주니 더 열심히 할 수 있었어.	N	2022-10-10 12:56:59	2022-11-08 06:12:50
BE22026549	12	1	나야말로 배울 점이 많은 사람이 내 애인이라는 게 정말 든든한걸. 앞으로도 이렇게 서로 응원하는 관계가 된다면 정말 좋겠다.	N	2022-10-10 12:56:59	2022-11-08 06:12:50
BE22026549	13	0	물론이지. 나도 자기가 옆에 있어서 얼마나 힘이 되는지 몰라. 쑥스러워서 말을 잘하지 못했지만, 항상 고마워. 덕분에 오늘 하루도 잘 보낼 수 있을 것 같아.	N	2022-10-10 12:56:59	2022-11-08 06:12:50
BE22026549	14	1	마음이 편해진 것 같아서 다행이다. 오늘은 아무 걱정 말고 푹 쉬어!	Y	2022-10-10 12:56:59	2022-11-08 06:12:50
