id	utterance_id	utterance_type	utterance_text	terminate	regDate	updDate
BE22001134	1	0	나 맨날 주문해 먹는 음식점에서 리뷰 달지 말라고 했어.	N	2022-06-14 04:09:57	2022-11-08 03:31:41
BE22001134	2	1	리뷰 답글에 그렇게 썼어?	N	2022-06-14 04:09:57	2022-11-08 03:31:41
BE22001134	3	0	아니, 아까 사장님이 전화해서 조심스럽게 부탁하더라고.	N	2022-06-14 04:09:57	2022-11-08 03:31:41
BE22001134	4	1	이상하네. 왜 그런 말을 했을까?	N	2022-06-14 04:09:57	2022-11-08 03:31:41
BE22001134	5	0	배달 앱 들어가서 보니까 이유를 알겠더라. 리뷰가 열댓 개 있는데 다 내가 쓴 거야.	N	2022-06-14 04:09:57	2022-11-08 03:31:41
BE22001134	6	1	아, 남들은 광고라고 생각할 수도 있겠네. 그래서 사장님이 연락했구나.	N	2022-06-14 04:09:57	2022-11-08 03:31:41
BE22001134	7	0	정말 부끄러워서 혼났어. 얼굴이 화끈거리고 민망해서 어쩔 줄 모르겠더라고.	N	2022-06-14 04:09:57	2022-11-08 03:31:41
BE22001134	8	1	자기가 쓴 맛 평가만 쭉 나오니까 창피하고 쑥스러웠구나.	N	2022-06-14 04:09:57	2022-11-08 03:31:41
BE22001134	9	0	나는 맛있는 음식 보내주니까 고마워서 꼬박꼬박 리뷰 쓰거든.	N	2022-06-14 04:09:57	2022-11-08 03:31:42
BE22001134	10	1	알지. 늘 정성껏 사진 찍어서 올리고 장점을 구체적으로 적잖아.	N	2022-06-14 04:09:57	2022-11-08 03:31:42
BE22001134	11	0	근데 내 닉네임으로 도배돼 있으니까 홍보 글로 보이겠더라고. 미처 몰랐어.	N	2022-06-14 04:09:57	2022-11-08 03:31:42
BE22001134	12	1	그럴 수 있어. 무안한 일도 아니고. 내가 그 사장님이면 자기한테 고마워하겠는데.	N	2022-06-14 04:09:57	2022-11-08 03:31:42
BE22001134	13	0	내가 괜히 사장님한테 민폐를 끼친 건 아닐까?	N	2022-06-14 04:09:57	2022-11-08 03:31:42
BE22001134	14	1	좋은 마음으로 쓴 거 사장님이 잘 알지. 걱정하지 마. 커피 상품권 보냈으니까 마시고 기분 풀어.	N	2022-06-14 04:09:57	2022-11-08 03:31:42
BE22001134	15	0	그렇겠지? 너무 마음 무겁게 생각하지 말아야겠다. 고마워, 자기.	Y	2022-06-14 04:09:57	2022-11-08 03:31:42
