id	utterance_id	utterance_type	utterance_text	terminate	regDate	updDate
BE22022065	1	0	자기야, 내가 너무 바보 같은 실수를 저질렀어. 차 키를 차 안에 두고 내렸는데 문이 잠겨버렸네. 정말 당황스러운데 어떻게 하면 될지 모르겠어.	N	2022-09-27 13:07:08	2022-11-08 05:46:18
BE22022065	2	1	아이고, 그런 상황이구나. 지금 경황이 없겠지만 일단 진정부터 하고 상황정리를 해보자. 지금 회사 들어가는 길일 텐데 소지품은 다 챙겨서 내렸어?	N	2022-09-27 13:07:08	2022-11-08 05:46:18
BE22022065	3	0	회의 곧 시작이라 얼른 들어가 봐야 하는데 회의자료를 뒷좌석에 두고 내렸어. 지금 너무 마음이 급해서 아무 생각이 안 나. 내가 왜 멍청하게 자료를 뒤에 뒀을까?	N	2022-09-27 13:07:08	2022-11-08 05:46:18
BE22022065	4	1	지금은 조급해서 그런 생각 들겠지만, 사소한 실수일 뿐이니까 자책하지 마. 나도 그런 경우 몇 번 있어서 당황스러운 마음 잘 알아. 같이 해결책을 생각해보자.	N	2022-09-27 13:07:08	2022-11-08 05:46:18
BE22022065	5	0	난 왜 이렇게 부주의 한 걸까? 차 열쇠를 어떻게 잃어버리고 내릴 수가 있는지 생각할수록 당황스럽다. 내가 생각해도 정말 어이없는 실수야.	N	2022-09-27 13:07:08	2022-11-08 05:46:18
BE22022065	6	1	누구나 실수할 수 있는 거고 차분히 해결하면 돼. 이미 저지른 행동을 후회하고 자책하는 건 자기 마음만 더 괴롭게 하잖아. 그만하고 회의자료부터 어떻게 할지 생각해볼까?	N	2022-09-27 13:07:08	2022-11-08 05:46:18
BE22022065	7	0	차 문을 열어야 꺼내든지 할 텐데 수리센터에 연락해서 열어 달라고 해야 하는 거야? 차에 대해서는 아무것도 모르니까 더 당황하게 돼. 하필이면 스페어 키도 안 가지고 있어.	N	2022-09-27 13:07:08	2022-11-08 05:46:18
BE22022065	8	1	그럼 일단 먼저 회사에 연락하는 게 좋겠다. 문을 열려면 아무래도 시간이 좀 걸리니까 회의 참석자들에게 미리 알리는 게 순서일 것 같아.	N	2022-09-27 13:07:08	2022-11-08 05:46:18
BE22022065	9	0	그렇겠지? 아 참, 정말 다행스럽게 내가 회의자료를 온라인에 업로드해둔 것이 생각났어! 팀원한테 연락해서 출력 좀 해달라고 부탁하면 되겠다!	N	2022-09-27 13:07:08	2022-11-08 05:46:18
BE22022065	10	1	오, 그것참 듣던 중 반가운 얘기다. 그럼 일단 회의부터 참석하고 나서 차 문을 해결하면 되겠네. 자료 출력 얼른 부탁해봐.	N	2022-09-27 13:07:08	2022-11-08 05:46:18
BE22022065	11	0	내가 회의자료 담당인데 그걸 팀원들한테 부탁하면 내가 맡은 업무도 제대로 못 하는 것처럼 보이지 않을까? 심지어 차 열쇠를 두고 내렸다고 하면 나를 덜렁거리는 사람으로 여길까 봐 부끄러워.	N	2022-09-27 13:07:08	2022-11-08 05:46:18
BE22022065	12	1	누구나 할 수 있는 가벼운 실수일 뿐이잖아. 팀원들 모두 이런 상황을 충분히 이해해줄 거야. 그런 걱정은 자신을 주눅 들게 만드니까 하지 않으면 좋겠어.	N	2022-09-27 13:07:08	2022-11-08 05:46:18
BE22022065	13	0	자기 말이 맞아. 지금 이러고 있을 때가 아닌데 쓸데없는 걱정까지 한 것 같아. 이제 정신 차리고 얼른 회의 참석하러 들어가 볼게.	N	2022-09-27 13:07:08	2022-11-08 05:46:18
BE22022065	14	1	응. 그동안 차 문은 어떻게 하면 좋을지 내가 한번 찾아볼게. 문 여는 건 어렵지 않을 거니까 걱정하지 말고 회의 잘해.	N	2022-09-27 13:07:08	2022-11-08 05:46:18
BE22022065	15	0	그래 준다니 정말 고마워. 자기한테 늘 도움을 많이 받는 것 같아. 회의 끝나고 다시 연락할게.	Y	2022-09-27 13:07:08	2022-11-08 05:46:18
