id	utterance_id	utterance_type	utterance_text	terminate	regDate	updDate
BE22020091	1	0	혹시 시간 좀 있어? 지금 좀 당황스러운 일이 생겨서 자기한테 상담 좀 하고 싶은데 말이야. 나 아버지랑 유독 친한 거 알지?	N	2022-09-23 00:18:11	2022-09-23 00:18:11
BE22020091	2	1	응. 보기 드물 정도로 친한 사이 같긴 하더라. 마치 친구 같다고 할까? 그리고 무엇보다 효자라서 늘 챙겨드리는 모습을 보면 나도 놀랄 정도야.	N	2022-09-23 00:18:11	2022-11-08 05:28:06
BE22020091	3	0	그래서 난 그게 내 자랑거리 중에 하나라고 생각 했었어. 그런데 친한 친구가 나한테 파파보이 같다고 그러더라고. 다 커서 보기 안 좋다면서 말이야. 정말 그래?	N	2022-09-23 00:18:11	2022-09-23 00:18:11
BE22020091	4	1	아니, 전혀 그렇지 않아. 오빠도 갑자기 그런 말을 들어서 굉장히 당황스럽긴 하겠네. 친한 친구라면서 갑자기 그런 말을 한 이유가 뭐래?	N	2022-09-23 00:18:11	2022-11-08 05:28:06
BE22020091	5	0	난 그냥 가족 여행 이야기를 했을 뿐이야. 아빠랑 낚시도 하고, 캠핑도 갔다고 말 하는 도중에 그러더라고. 근데 난 그 녀석이 그런 생각을 오래전부터 했다는 말이 더 혼란스럽더라.	N	2022-09-23 00:18:11	2022-11-08 05:28:06
BE22020091	6	1	그건 나도 이해가 가지 않아. 나도 우리 엄마와 친구처럼 가깝게 지내지만 그 누구도 그런 말을 하지 않거든. 특히나 가정사에 관련 된 부분은 더욱 조심스러워야 하는 거라고 생각해.	N	2022-09-23 00:18:11	2022-09-23 00:18:11
BE22020091	7	0	내 말이 그거야. 난 엄마 없이 자라서 아빠랑 유독 가깝고, 어린 시절부터 친구처럼 함께 있는 시간이 많았어. 그런데 남들이 보기에 그게 어린아이 같다고 생각할 정도인지 몰랐으니까 당황했지.	N	2022-09-23 00:18:11	2022-11-08 05:28:06
BE22020091	8	1	난 가족과 허 없는 친구처럼 지낸다는 게 독립적인 성인이 아니라는 말과 일치하진 않는다고 생각해. 그 친구가 파파보이라고 생각한 건 자신의 기준이라는 생각도 들고. 특히나 오빠는 스스로의 힘으로 공부하고 학비도 스스로 벌어서 취업까지 성공했잖아.	N	2022-09-23 00:18:11	2022-11-08 05:28:06
BE22020091	9	0	나도 그것과는 나도 별개라고 생각을 했는데, 남들의 시선은 좀 다를 수 있다는 거에 놀랐거든. 그래서 정말 내가 그런 사람으로 보이는지 말 문이 막혔고, 당황해서 말도 제대로 못 했어. 지금도 머릿속이 너무 복잡하고.	N	2022-09-23 00:18:11	2022-09-23 00:18:11
BE22020091	10	1	완전 똑같다고 할 수는 없지만 예전에 내 친구가 아빠 자랑을 한 적이 있었어. 그리고 난 그게 부러웠었던 것 같아. 그래서 나도 모르게 질투심에 비난을 했던 적이 있었는데, 혹시 그것과 비슷한 이유는 아닐까?	N	2022-09-23 00:18:11	2022-11-08 05:28:06
BE22020091	11	0	생각해 보니까 친구는 어릴 때 부모님이 이혼을 하셔서 어머님과 함께 살았지. 그리고 최근에는 어머니까지 재혼까지 하셨다는 이야길 들었었어. 아무래도 내가 친구의 심정을 헤아리지 못 한 것 같다. 실수했어.	N	2022-09-23 00:18:11	2022-11-08 05:28:06
BE22020091	12	1	실수는 누구나 해. 아마 친구도 오빠가 일부러 그랬다고 생각하진 않을 거야. 대화를 좀더 해 보면 알게 될 문제고.	N	2022-09-23 00:18:11	2022-11-08 05:28:06
BE22020091	13	0	오랜 시간을 함께 보낸 친구였는데, 이런 실수를 하다니 너무 미안하네. 어쩌면 나도 모르게 그 친구의 아픈 부분을 계속 자극해 왔던 것 같아. 입장을 바꿔서 나라도 힘들었을 것 같네.	N	2022-09-23 00:18:11	2022-11-08 05:28:06
BE22020091	14	1	아직 짐작일 뿐이지만 그래도 오해하고 단정 지어 버리는 것보다는 훨씬 나을 것 같아. 모든 가능성을 열어두고 오빠도 오해를 풀고, 다시 둘의 사이가 좋아지면 좋겠어. 오빤 분명 잘 할 수 있을 거야.	Y	2022-09-23 00:18:11	2022-11-08 05:28:06
