id	utterance_id	utterance_type	utterance_text	terminate	regDate	updDate
BE22026145	1	0	자기야, 지금 이 일을 믿을 수가 없어.	N	2022-10-09 13:40:30	2022-11-08 06:10:28
BE22026145	2	1	왜 그래 무슨 일인데 그런 말을 하는거야?	N	2022-10-09 13:40:30	2022-10-09 13:40:30
BE22026145	3	0	지금 코끼리 때문에 도로가 완전 막혔어. 근데 도로 위에 코끼리라니 말이 돼? 내가 보고 있는데도 믿을 수가 없어서 너무 당황스러워 자기야.	N	2022-10-09 13:40:30	2022-11-08 06:10:28
BE22026145	4	1	그러게 도로 위에 코끼리가 나타나면 나라도 정말 놀랐겠는데? 어디 다친 사람들은 없는거지?	N	2022-10-09 13:40:30	2022-10-09 13:40:30
BE22026145	5	0	응. 그런 일은 아직 없는 것 같은데, 도로가 막혀서 회사에 늦을 것 같아. 근데 내가 하는 이야기를 과연 사람들이 믿을지가 의문이야. 나조차도 이렇게 당황스러운데 말이야.	N	2022-10-09 13:40:30	2022-11-08 06:10:28
BE22026145	6	1	나도 자기가 하는 이야기가 아니었다면 전혀 믿을 수 없었을거야. 근데 코끼리는 대체 어디서 갑자기 생겨난거래 놀랍다.	N	2022-10-09 13:40:30	2022-11-08 06:10:28
BE22026145	7	0	나도 알아봤는데, 동물원에서 탈출한 거 같다고 하더라고. 사람들과 차를 피해서 걸어 다니는 것 같기는 해. 그래도 지금 이렇게 놀라고 당황한 내 마음을 진정하기가 힘들어.	N	2022-10-09 13:40:30	2022-11-08 06:10:28
BE22026145	8	1	그래도 잘 해결되고 곧 회사도 어렵지 않게 잘 도착할 수 있을거야. 그러니 너무 걱정말고 조심해서 가던 길을 잘 보면 될 것 같아 자기야.	N	2022-10-09 13:40:30	2022-11-08 06:10:28
BE22026145	9	0	하지만 기분이 진정이 잘 되지도 않아. 어떻게 해야 할지 모르겠어.	N	2022-10-09 13:40:30	2022-11-08 06:10:28
BE22026145	10	1	모든 일은 생각한대로 잘 진행될거야 그러니 좋게 생각하면 좋겠어. 긍정적으로 생각하면 분명 잘 해결될거야. 그러니 얼른 괜찮아지면 좋겠어 자기야.	N	2022-10-09 13:40:30	2022-11-08 06:10:28
BE22026145	11	0	맞아 코끼리들은 얼른 잘 갈 테니 문제 없겠지. 살면서 이런 일이 있을까 싶어서 조금 놀랐던 거니 말이야.	N	2022-10-09 13:40:30	2022-10-09 13:40:30
BE22026145	12	1	얼른 괜찮아진 것 같아서 참 다행이야, 많이 놀랐을까봐 걱정했거든.	N	2022-10-09 13:40:30	2022-11-08 06:10:28
BE22026145	13	0	자기 아니었으면 아마 계속 그런 상태였을걸? 자기 덕분에 괜찮아질 수 있었어. 고마워.	N	2022-10-09 13:40:30	2022-11-08 06:10:28
BE22026145	14	1	응, 혹시 또 이야기하고 싶은 일이 생기면 언제든지 연락하고!	N	2022-10-09 13:40:30	2022-10-09 13:40:30
BE22026145	15	0	응. 그러면 나는 가던 길 마저 가볼게 고마워. 자기!	Y	2022-10-09 13:40:30	2022-11-08 06:10:28
