id	utterance_id	utterance_type	utterance_text	terminate	regDate	updDate
BE22025896	1	0	오늘 신입사원이 첫 출근을 했는데 본의 아니게 상처를 준 것 같아서 당황스러워. 내가 그 사원에게 부당한 처우나 따돌림을 받으면서 회사를 다닐 필요 없다고 했거든. 그랬더니 그런 경험이 있다고 해서 엄청 당황했고 그 기분이 지속되고 있어.	N	2022-10-09 02:40:21	2022-10-09 02:40:21
BE22025896	2	1	자기의 생각을 말했다가 뜻밖의 사실을 알아서 당황했겠다. 나라도 말실수를 한 기분에 놀라고 당황하게 됐을 거라 이해해. 신입사원이 안 좋은 일을 당했었대?	N	2022-10-09 02:40:21	2022-11-08 06:08:58
BE22025896	3	0	예전 회사에서 계약직이었는데, 근무 중에 간식이 들어와서 나누어 먹는데 계약직이라고 불러주는 직원이 없었대. 그 사원 혼자 부서에서 계약직인 걸 두고 따돌림을 당했다고 해서 당황했어. 나는 그것도 모르고 따돌림 같은 걸 견디면서까지 회사를 다닐 이유가 뭐냐고 얘기했던 터라 당황스럽더라.	N	2022-10-09 02:40:21	2022-10-09 02:40:21
BE22025896	4	1	그 신입사원이 지난 회사에서 어떤 형태로 일을 했고, 무슨 일이 있었는지 모르고 한 말이잖아. 고의로 한 말이 아니니까 신입사원도 이해해 줄 거야. 그러니까 마음에 담아두지 않아도 괜찮아.	N	2022-10-09 02:40:21	2022-11-08 06:08:58
BE22025896	5	0	그 사원이 우리 회사에서의 미래도 좋지 않을 거라고 생각했을까 봐 내가 한 말이 당황스러워. 조금만 더 생각하고 말을 할 걸 괜한 말을 꺼냈던 것 같아서 당황스럽기만 해. 그 사원 성격도 좋던데, 우리 회사에서는 편하게 잘 적응했으면 좋겠거든.	N	2022-10-09 02:40:21	2022-10-09 02:40:21
BE22025896	6	1	자기도 처음 보는 직원일 텐데 벌써 그렇게 챙겨주는 마음이 정말 예쁘다. 자기가 하도 정 많고 섬세한 성격이라서 마음이 쓰일 뿐이니까 괜찮아. 자기는 실수한 것 같아서 마음이 쓰여도 그 사원은 자기의 따뜻한 마음을 알 거야.	N	2022-10-09 02:40:21	2022-11-08 06:08:58
BE22025896	7	0	나도 신입사원 때 힘든 적이 많아서 신경이 많이 쓰여. 사원 입장에서 내가 한 말이 자신의 과거를 비난하는 것처럼 들렸을까 봐 당황스러운 감정뿐이야. 상대가 누구든 첫 만남에서는 말조심을 해야 하는데 내가 그러지 않은 게 후회돼서 더 당황스러워.	N	2022-10-09 02:40:21	2022-10-09 02:40:21
BE22025896	8	1	자기가 신입사원으로서의 고충을 잘 알아서 마음이 더 불편해하는 것 이해가 돼. 하지만 자기는 견해를 말했을 뿐, 직접적으로 그런 일을 겪은 사람을 비난하지 않았으니까 걱정 마. 그 사원이 듣기에 자기 말이 불쾌하지 않았으니까 편하게 자기 과거를 말할 수 있었을 거야.	N	2022-10-09 02:40:21	2022-11-08 06:08:58
BE22025896	9	0	응, 그런 일을 겪으면서 회사를 다니는 사람을 직접적으로 비난하는 말은 하지 않았어. 자기 말대로 신입사원이 자기 이야기를 할 수 있던 것도 기분이 상했더라면 하지 못했겠다. 이렇게 생각하니까 당황스러운 마음이 풀려.	N	2022-10-09 02:40:21	2022-10-09 02:40:21
BE22025896	10	1	섬세하고 배려심 많은 자기 성격이라 의도하지 않게 상처를 준 것 같아서 당황했던 거야. 하지만 상황을 크게 보면 실제로 직원은 자기 이야기를 꺼낼 만큼 아무렇지 않았으니까 괜찮아. 혹여라도 사원이 내심 상처받았다면 앞으로 잘 챙겨주는 걸로 위로해 주면 되니까 마음 놓아.	N	2022-10-09 02:40:21	2022-11-08 06:08:58
BE22025896	11	0	그리고 아까 자기가 한 말대로 그 신입사원은 충분히 이해해 줄 것 같기도 해. 내 말이 행여 거슬렸다고 하더라도 말이야. 오늘 처음 봤지만 착하고 사리 분별이 뛰어난 것 같아서 그 사원을 믿고서 라도 당황스러움을 풀어도 되겠어. 	N	2022-10-09 02:40:21	2022-11-08 06:08:58
BE22025896	12	1	과거를 모르고 한 말에 대해 크게 서운해할 만큼의 마음을 가진 분은 아닐 거야. 자기가 사람 보는 눈이 있으니까 말이야. 이제 마음 놓고 앞으로 그 사원과 앞으로 잘 일하고 지내봐.	N	2022-10-09 02:40:21	2022-11-08 06:08:58
BE22025896	13	0	당황스러운 마음은 걷혔지만, 한편으로는 나중에라도 미안했었다고 하면 된다고 생각도 들어. 그래서 이제 당황스럽지 않아. 자기 말대로 앞으로 시간이야 많으니까 당황할 필요가 없는 게 맞네.	N	2022-10-09 02:40:21	2022-11-08 06:08:58
BE22025896	14	1	당황한 모습에서 자기가 얼마나 배려심이 있고 섬세한지 다시 한번 깨달았어. 회사에 자기 같은 선배가 있다면 어느 신입사원이라도 금방 적응해서 잘 지낼 거야. 이제 걱정 말고 오늘 하루도 잘 마무리하길 바라.	Y	2022-10-09 02:40:21	2022-11-08 06:08:59
