id	utterance_id	utterance_type	utterance_text	terminate	regDate	updDate
BE22017220	1	0	자기야, 나 구두 굽 한쪽이 부러지고 말았어. 구두를 새로 갈아신을 시간도 없이 촉박한 상황이라 너무 당황스러워.	N	2022-09-06 07:34:47	2022-11-08 05:14:01
BE22017220	2	1	그거 정말 곤란하게 됐는걸. 어쩌다가 굽이 부러진 거야?	N	2022-09-06 07:34:47	2022-11-08 05:14:01
BE22017220	3	0	급하게 출근하면서 뛰어가다가 다리를 삐끗했어. 늦을까 봐 서두른다고 정신이 없었나 봐.	N	2022-09-06 07:34:47	2022-11-08 05:14:01
BE22017220	4	1	많이 놀랐겠다. 얼마나 초조했으면 그랬을까 싶어 안타깝기도 해. 다리는 어때, 안 다쳤어? 발목이 상하지는 않았을지 자기가 걱정되네.	N	2022-09-06 07:34:47	2022-11-08 05:14:01
BE22017220	5	0	다행히 다리는 괜찮은 것 같아, 아프지도 않고. 사실 그것보다는 부러진 구두를 신고 있는 내 모습이 더 민망해서 숨고 싶은 심정인걸.	N	2022-09-06 07:34:47	2022-09-06 07:34:47
BE22017220	6	1	괜찮아. 우선 자기가 다치지 않은 게 천만다행인걸. 구두 굽이 부러진 게 뭐 어때서 그래. 우연히 일어난 사고였을 뿐 창피해할 것 없으니 너무 마음 쓰지 않아도 돼.	N	2022-09-06 07:34:47	2022-11-08 05:14:02
BE22017220	7	0	그렇지만 오늘 종일 이 상태로 회사에 있어야 하는걸. 중요한 미팅도 앞두고 있어서 너무 당황스러운 심정이야. 나도 참 칠칠찮았어.	N	2022-09-06 07:34:47	2022-11-08 05:14:02
BE22017220	8	1	급한 마음에 서두르다가 일어난 일이니, 지나간 일을 너무 마음에 두고 있지는 말자. 그리고 자기가 괜찮기만 하다면 사람들은 눈치도 채지 못할 테니 안심해. 개의치 않고 긍정적으로 생각한다면 자기 마음 또한 편해질 거야.	N	2022-09-06 07:34:47	2022-11-08 05:14:02
BE22017220	9	0	정말 그럴까? 지나가는 사람마다 내 구두를 볼까 봐 안절부절못하게 되는걸. 미팅에서도 우습게 보일까 봐 당혹스러운 마음이야.	N	2022-09-06 07:34:47	2022-11-08 05:14:02
BE22017220	10	1	자신감 있는 태도로 나온다면, 사람들은 발을 쳐다볼 새도 없이 자기에게 집중할 거야. 그리고 자기는 그럴 만한 자질이 충분히 있는 유능한 사람인걸. 분명히 아무 일 없다는 듯 무사히 업무를 끝마칠 수 있을 테니 당황하지 말고 자신감을 가져.	N	2022-09-06 07:34:47	2022-11-08 05:14:02
BE22017220	11	0	그렇게 말해주니 고마운걸. 맞아, 내가 잘 대처한다면 이런 일쯤은 아무것도 아니겠지.	N	2022-09-06 07:34:47	2022-11-08 05:14:02
BE22017220	12	1	응. 그러니 아무것도 걱정할 것이 없는걸. 우선 마음을 진정시키고 차분하게 할 일을 한다면 아무런 문제도 없을 거야. 잘 할 수 있겠지?	N	2022-09-06 07:34:47	2022-11-08 05:14:02
BE22017220	13	0	응. 자기 덕분에 당황했던 마음이 좀 가라앉는 기분이야. 자기가 아니었다면 나는 종일 일에 집중하지 못했을지도 몰라.	N	2022-09-06 07:34:47	2022-11-08 05:14:02
BE22017220	14	1	내가 도움이 되었다니 다행이야. 곤란한 상황이 생기면 언제든 털어놔도 좋아. 나도 힘이 닿는 데까지 도와주고 싶은 마음이니, 부디 기운을 내.	N	2022-09-06 07:34:47	2022-11-08 05:14:02
BE22017220	15	0	알겠어. 그 말을 들으니 정말 마음이 든든해진다. 고마워.	Y	2022-09-06 07:34:47	2022-11-08 05:14:02
