id	utterance_id	utterance_type	utterance_text	terminate	regDate	updDate
BE22023100	1	0	자기야, 나 너무 당황스럽고 혼란스러워. 내가 흰색 운동화를 여러 켤레 사잖아. 오늘 누가 그걸 가지고 뭐라고 하더라고, 아직도 어안이 벙벙해.	N	2022-09-30 11:21:23	2022-11-08 05:52:25
BE22023100	2	1	다짜고짜 그렇게 말한 거면 자기 무척 황당했겠다. 생각하지도 못한 상황에 다른 사람에게 그런 말을 들었으니. 아직 혼란스럽고 복잡한 게 이해가 돼.	N	2022-09-30 11:21:23	2022-11-08 05:52:25
BE22023100	3	0	본인 기준에서 이해가 안 될 수도 있지, 나도 이해해. 그런데 나를 가르치려고 하더라고, 너무 당황스럽더라. 나도 내 나름의 이유가 있고 취향이 있어서 사는 건데.	N	2022-09-30 11:21:23	2022-11-08 05:52:25
BE22023100	4	1	나라도 그런 태도면 어떻게 대응해야 할지 난감했을 거야. 어떻게 대응해야 할지도 몰랐을 거고. 자기 정말 이래저래 마음고생 많았겠다.	N	2022-09-30 11:21:23	2022-11-08 05:52:25
BE22023100	5	0	응, 그냥 넘어가고 싶었는데 끝까지 그런 태도로 나오더라고. 그래서 그냥 대충 넘기긴 했는데 마음이 찝찝해. 솔직히 아직도 당황스럽고 이해도 안 돼.	N	2022-09-30 11:21:23	2022-11-08 05:52:25
BE22023100	6	1	자기가 무슨 잘못을 한 것도 아닌데. 상대방이 그런 식으로 나오면 당황할 수밖에 없지. 곤혹스러운 상황에서 고생했을 자기 생각하니 안타깝다.	N	2022-09-30 11:21:23	2022-11-08 05:52:25
BE22023100	7	0	같은 색상 운동화를 산다고 다른 사람에게 이런 말까지 들어야 하나. 집에 돌아오면서 그런 생각을 한참 했다니까. 아직 마음에서 솟구치는 이 당황스러움을 감출 수가 없다.	N	2022-09-30 11:21:23	2022-11-08 05:52:25
BE22023100	8	1	정말 그럴 만도 하다. 상황을 직접 본 건 아니지만 자기가 얼마나 당황했을지 감히 예상할 수 있어. 나라도 의연하게 대처하지 못했을 거야.	N	2022-09-30 11:21:23	2022-11-08 05:52:25
BE22023100	9	0	이런 걸로 다른 사람에게 쓴소리를 듣다니. 내 행동이 잘못되었다고 생각해본 적도 없었는데. 이후로 생각이 많아져서 머리가 아플 지경이야.	N	2022-09-30 11:21:23	2022-11-08 05:52:25
BE22023100	10	1	애초에 본인이 생각하는 것과 다르다고 다른 사람한테 그렇게 말하는 건 예의에 어긋나는 거지. 그런 사람들이 하는 말은 계속 생각할 필요도 없어, 자기야. 그냥 잊고 혼란한 마음도 그만 접어버려, 자기 시간은 귀하니까 다른 소중한 곳에 써야지.	N	2022-09-30 11:21:23	2022-11-08 05:52:25
BE22023100	11	0	그렇겠지, 자기가 그렇게 말해주니 마음이 조금 가라앉는다. 이제야 정리가 되는 것 같아. 아까까지는 생각이 많아서 복잡했거든.	N	2022-09-30 11:21:23	2022-09-30 11:21:23
BE22023100	12	1	그런 소리 다 새겨듣지 않았으면 좋겠어. 이런 일은 마음에 담아둘수록 손해잖아. 그리고 자기가 스트레스를 받지 않았으면 해.	N	2022-09-30 11:21:23	2022-11-08 05:52:25
BE22023100	13	0	고마워, 자기 일처럼 생각해줘서. 자기는 늘 나에게 확신을 주고 믿음을 주는 것 같아. 덕분에 더 이상 흔들리지 않을 것 같아.	N	2022-09-30 11:21:23	2022-09-30 11:21:23
BE22023100	14	1	내가 자기에게 작게나마 도움이 된 것 같아 기쁘다. 자기가 속상하면 내 마음도 무거워지니까. 언제든 도움이 필요하면 나에게 말해줘.	Y	2022-09-30 11:21:23	2022-09-30 11:21:23
