id	utterance_id	utterance_type	utterance_text	terminate	regDate	updDate
BE22024847	1	0	이 나이가 되도록 많은 경험을 해보지 않았다는 게 와닿아서 당황스러워. 회사 워크숍으로 스키장에 가게 됐는데 모르는 게 많거든. 스키장에 반입 금지 물품이 있는지 궁금하는 내 현실이 당황스럽네.	N	2022-10-06 08:37:34	2022-11-08 06:02:41
BE22024847	2	1	자기가 겨울 스포츠랑 가까운 사람이 아니니까 스키장이 처음이고, 잘 모르는 게 당연해. 나이랑은 상관없이 모를 수도 있는 거니까 당황하지 않아도 괜찮아. 금지 물품에 관해서는 스키장 사이트를 찾아보면 나올 테니까 걱정하지 마.	N	2022-10-06 08:37:34	2022-11-08 06:02:41
BE22024847	3	0	아무리 겨울 스포츠랑 먼 사람이라고 해도 이 나이 먹도록 경험이 없다니 당황스러워. 다른 직원들은 척척 준비하고 워크숍을 떠날 생각에 즐거워하고 있어. 반면에 나는 뭘 준비해야 할지 몰라서 당황하고만 있어.	N	2022-10-06 08:37:34	2022-11-08 06:02:41
BE22024847	4	1	나이와는 별개로 각자 살아오면서 경험을 쌓은 게 다르니까 마음에 담아두지 마. 자기의 동료들은 스키장에 대해서 익숙한 것처럼 자기도 익숙한 게 있잖아. 이런 경우라면 다른 직원들도 자기를 보면서 놀랄걸?	N	2022-10-06 08:37:34	2022-11-08 06:02:41
BE22024847	5	0	스키장에 대한 경험은 누구나 있을 텐데 나만 이러고 있는 것 같아서 당황스럽기만 한 걸? 진작에 이것저것 경험하고 즐겨볼 걸 하는 아쉬움과 함께 이 상황이 당황스럽게만 느껴져. 어떻게 준비하고 스키장에서의 워크숍을 보내야 할지 모르겠어.	N	2022-10-06 08:37:34	2022-11-08 06:02:42
BE22024847	6	1	경험이 없는 곳에서 시간을 보내야 하는 게 마음이 편하지는 않겠다. 나도 낯을 많이 가리고 다방면으로 경험이 풍부하지 않아서 자기의 마음에 공감해. 하지만 자기는 무엇이든 편견 없이 즐기고 곧잘 적응해 내는 사람이니까 괜찮을 거야.	N	2022-10-06 08:37:34	2022-11-08 06:02:42
BE22024847	7	0	회사 사람들한테 능숙하지 못한 모습을 보여주기가 싫어. 그래서 잘 모르는 장소에 가는 게 너무 당황스러워. 정말 자기 말대로 잘 모르는 스키장에 가서 즐기고 적응해 나갈 수 있을까?	N	2022-10-06 08:37:34	2022-10-06 08:37:34
BE22024847	8	1	내가 아는 자기는 충분히 즐기고 새로운 스포츠를 알게 돼서 즐거워할 것 같아. 자기는 나와 달리 마음도 열려있고 열정 있는 사람이라 감탄스러워! 이번 스키장에서의 워크숍도 준비하기엔 익숙하지 않아 어렵더라도 막상 가면 아무렇지 않을 거야.	N	2022-10-06 08:37:34	2022-11-08 06:02:42
BE22024847	9	0	자기 말을 듣고 보니까 나는 새로운 것도 곧잘 받아들이는 성격인데 이번에는 당황스러움을 감추지 못하네. 언제나 그랬듯이 빠르게 적응하고 즐길 수 있을 거라 마음을 다스려 봐야겠어. 누구에게나 처음은 낯설고 쉽지 않음을 되새기면서 말이야.	N	2022-10-06 08:37:34	2022-11-08 06:02:42
BE22024847	10	1	맞아, 누구나 첫 경험은 낯설고 겁이 나기 마련이야. 자기도 오랜만에 그런 상황에 처해서 당황하게 된 것 같아. 자기가 방금 말한 것처럼 마음을 다잡으면 스키장에서의 워크숍을 당황스러워하지 않게 될 게 분명해.	N	2022-10-06 08:37:34	2022-11-08 06:02:42
BE22024847	11	0	자기랑 이야기를 나눌수록 내가 당황하지 않아도 되는 것 같아서 안심이 돼. 회사 사람들 모두 익숙해 하는 스키장을 나만 낯설어 해서 평소와 다르게 당황했나 봐. 당황스러움이 걷히고 있어서 이제 워크숍 갈 준비를 가뿐히 할 수 있을 것 같아.	N	2022-10-06 08:37:34	2022-11-08 06:02:42
BE22024847	12	1	역시 자기는 상황 판단과 마음을 다스리는 데에 뛰어나! 내가 늘 본받고 싶은 모습을 오늘도 마주해. 자기 말대로 혼자서 낯선 상황을 마주하는 게 당황스러웠겠지만 별일 아님을 잊지 마.	N	2022-10-06 08:37:34	2022-11-08 06:02:42
BE22024847	13	0	자기 덕분에 내가 낯설어 하고 당황해하는 걸 별일 아닌 것으로 여기게 됐어. 괜히 너무 당황한 채로 있었던 것도 깨달아져서 이제 마음이 편안해졌어. 내가 워크숍에 가서 스키장을 정복하고 올테니 우리도 스키장으로 여행 가자.	N	2022-10-06 08:37:34	2022-11-08 06:02:42
BE22024847	14	1	자기의 마음이 나아졌다고 하니 내가 다 안심이 돼. 다시 활기차고 자신감 있는 모습을 되찾을 것도 보기가 좋다. 이번 워크숍도 어느 때와 같이 즐겁게 임하고 와, 나도 우리의 스키장 여행을 고대하고 있을게!	Y	2022-10-06 08:37:34	2022-11-08 06:02:42
