id	utterance_id	utterance_type	utterance_text	terminate	regDate	updDate
BE22015556	1	0	오늘 동창회가 있어서 친구들이랑 만나기로 했는데 아직 도착을 못 해서 당황스러워.	N	2022-08-24 13:31:31	2022-08-24 13:31:31
BE22015556	2	1	무슨 일이길래 그래? 자기, 시간을 착각하기라도 한 거야?	N	2022-08-24 13:31:31	2022-08-24 13:31:31
BE22015556	3	0	넉넉하게 시간을 잡아서 차 끌고 집에서 출발했거든. 근데 도로에 차 사고가 나서 지금 교통체증이야. 약속 시간이 다 되어가는데 여전히 차가 막혀서 당황스러워.	N	2022-08-24 13:31:31	2022-11-08 05:03:47
BE22015556	4	1	자기 같은 상황이 나에게 왔으면 나였어도 어찌할 바를 몰랐을 것 같아. 갑작스러운 사고를 자기가 미리 알 수 없었을 테니까 말이야. 자기도 당황스러운 만큼 갑갑하겠다.	N	2022-08-24 13:31:31	2022-11-08 05:03:47
BE22015556	5	0	동창회라서 모임 주도한 친구가 절대 늦지 말아 달라고 했거든. 정말 다들 오랜만에 만나는 건데 늦게 되면 나 정말 볼 면목이 없을 것 같아.	N	2022-08-24 13:31:31	2022-08-24 13:31:31
BE22015556	6	1	아무래도 남들 때문에 더 신경이 쓰일 수밖에 없겠지. 나도 예전에 친구 남자 친구 소개받는 날, 하필 지하철이 파업한 적 있었거든. 그래서 지금 자기 머릿속이 새하얘질 만큼 당황스러워 한다는 걸 알 수가 있어.	N	2022-08-24 13:31:31	2022-11-08 05:03:47
BE22015556	7	0	대책이 안 서서 더 어찌할 바를 모르겠어. 차를 도로에 버리고 갈 수도 없고 마음만 다급해지네. 나만 지각할까 봐 좀 그래.	N	2022-08-24 13:31:31	2022-08-24 13:31:31
BE22015556	8	1	자기, 지금 마음의 여유가 없어져서 초조함을 느끼는 걸지도 몰라. 그러니 우리 일단 먼저 차분하게 마음을 진정시켜 보자. 어쩔 수 없는 상황이니까 솔직하게 말하면 친구들이 이해해줄 거야.	N	2022-08-24 13:31:31	2022-11-08 05:03:47
BE22015556	9	0	늦었다고 나를 안 좋게 보지는 않겠지? 그냥 이 상황에서 벗어나서 유턴해서 집으로 돌아가고 싶은 심정이야.	N	2022-08-24 13:31:31	2022-08-24 13:31:31
BE22015556	10	1	당황한 나머지 아무것도 안 하는 대신에 뭐라고 하는 게 나중에 후회도 안 하고 좋잖아. 당황스러운 일이 생기면 그것이 그렇게 큰 문제가 아니라는 사실을 기억하자. 심호흡하면서 마음을 달래면 당황스러움을 물리치고 이성적으로 생각할 수 있게 될 거야.	N	2022-08-24 13:31:31	2022-11-08 05:03:48
BE22015556	11	0	자기 말대로 하니까 좀 진정이 돼. 아무래도 내가 당황스러운 나머지 이성을 잃었었나 봐. 지금은 한결 괜찮아졌어.	N	2022-08-24 13:31:31	2022-08-24 13:31:31
BE22015556	12	1	응, 삶이란 게 가끔 예측 못 하던 일이 생기기도 하잖아. 그래서 삶이 더 다채로워지는 게 아니겠어.	N	2022-08-24 13:31:31	2022-11-08 05:03:48
BE22015556	13	0	응, 무슨 말인지 알 것 같아. 맞아, 이런 일이 있을 수도 있는 거지. 자기 말이 정말 큰 도움이 됐어.	N	2022-08-24 13:31:31	2022-08-24 13:31:31
BE22015556	14	1	자기 금방 기운 차린 것 같아서 나야말로 기뻐. 그럼 나중에 친구들 만나서 재미있게 놀기를 바랄게!	N	2022-08-24 13:31:31	2022-11-08 05:03:48
BE22015556	15	0	응, 진정시켜줘서 고마워!	Y	2022-08-24 13:31:31	2022-08-24 13:31:31
