id	utterance_id	utterance_type	utterance_text	terminate	regDate	updDate
BE22024093	1	0	자기야, 오늘 나 거래처에 외근 갔는데 거기 계신 분이 남잔데 네일아트를 하셨었던 것 있지. 너무 당황스러워서 나도 모르게 놀란 티를 내 버린 거야.	N	2022-10-04 11:59:14	2022-10-04 11:59:14
BE22024093	2	1	정말 놀랐겠다, tv에서나 봤지 실제로 네일아트를 받은 남자는 본 적이 없잖아. 나였어도 쉽게 놀란 모습을 감추기 어려웠을 것 같아.	N	2022-10-04 11:59:14	2022-10-04 11:59:14
BE22024093	3	0	그러니까 말이야, 그런 남자들이 있다는 말은 들어봤지만 실제로 본 건 처음이라 정말 당황스러웠어. 심지어 연장도 하고 되게 화려한 네일이었거든.	N	2022-10-04 11:59:14	2022-10-04 11:59:14
BE22024093	4	1	정말 신기했겠다, 그런데 괜히 그런 티를 내면 실례일 것 같아서 감추느라 고생했겠네. 요즘은 진짜 다양한 사람들이 많은가 봐.	N	2022-10-04 11:59:14	2022-11-08 05:58:16
BE22024093	5	0	응, 자꾸 나도 모르게 눈이 가고 그분도 신경이 쓰였을까 싶고 조금 당황스럽더라고.	N	2022-10-04 11:59:14	2022-11-08 05:58:16
BE22024093	6	1	이목을 신경 쓰는 사람이었다면 애초에 그럴 용기가 없지 않았을까? 대단한 분인 것 같아. 시선 끄는 행동하기 쉽지 않잖아.	N	2022-10-04 11:59:14	2022-11-08 05:58:16
BE22024093	7	0	그분은 신경 안 쓰실 지 몰라도 나는 자꾸 의식하게 되는 것 같아. 게다가 사석이면 모를까, 업무 차 만난 거였으니까 왠지 단정하지 않다고 느껴지기도 하고.	N	2022-10-04 11:59:14	2022-11-08 05:58:16
BE22024093	8	1	그래도 잘 참았네, 잘 했어. 자기는 업계 때문인지 유난히 그런 경우를 많이 보는 것 같아. 저번에는 허리까지 오는 긴 머리의 남자분도 계셨다고 했잖아.	N	2022-10-04 11:59:14	2022-11-08 05:58:16
BE22024093	9	0	그러니까, 심지어 그분은 치마처럼 보이는 옷을 입고 있기도 했어. 화장품 업계라 그런지 요즘 들어 부쩍 신기한 일이 많아. 그런데 왠지 시선이 쏠리는 게 불편하기도 해.	N	2022-10-04 11:59:14	2022-11-08 05:58:16
BE22024093	10	1	맞아, 시간이 지날수록 성별이나 나이에 맞는 전형적인 모습들이 없어져 가는 것 같아. 자기는 조금 놀랐겠지만, 그런 사람들이 변화에 빠르게 적응한 것 아닐까? 자기네 업계에서는 그런 것도 중요하잖아.	N	2022-10-04 11:59:14	2022-11-08 05:58:16
BE22024093	11	0	자기 말 듣고 보니 그렇긴 해. 이렇게 정형화된 캐릭터가 없어져 가는 세상이라면 언젠가는 그런 게 일반적인 날이 될 수도 있는데. 그분들이 어쩌면 진짜 트렌디하고 세련된 사람일 수도 있겠네.	N	2022-10-04 11:59:14	2022-11-08 05:58:16
BE22024093	12	1	맞아, 자기네 업계가 세상이 변하는 것에 비해 빨라서 당황스럽겠지만 그게 세련된 것일 수 있잖아. 그렇게 생각하면 더 흥미롭게 사람들을 볼 수 있지 않을까?	N	2022-10-04 11:59:14	2022-11-08 05:58:16
BE22024093	13	0	응, 자기 덕분에 앞으로는 내가 편견에 사로잡힌 시선을 조금 거둘 수 있을 것 같아. 내 업계에선 이것도 중요한 일이니까, 발전하는 것 같아서 고마워.	N	2022-10-04 11:59:14	2022-11-08 05:58:16
BE22024093	14	1	고맙긴, 자기가 변화를 잘 받아들이는 사람이니까 내 조언도 잘 받아준 건데. 다음에 또 재미있는 일이 있으면 들려줘.	N	2022-10-04 11:59:14	2022-10-04 11:59:14
BE22024093	15	0	응, 그렇게 할게. 자기랑 이야기하고 나니 왠지 외근이 더 기다려지기도 해.	Y	2022-10-04 11:59:14	2022-10-04 11:59:14
