id	utterance_id	utterance_type	utterance_text	terminate	regDate	updDate
BE22026379	1	0	내 예상과는 다르게 코인 투자가 정반대로 가고 있어. 코인 수익이 마이너스야. 내 생각과는 너무 달라서 정말 당황스럽네.	N	2022-10-10 06:02:38	2022-11-08 06:11:50
BE22026379	2	1	자기가 올해 초에 코인 수익을 플러스로 예상했었잖아. 마음대로 잘 안되는 모양이라 많이 당황스러운가 보구나?	N	2022-10-10 06:02:38	2022-11-08 06:11:50
BE22026379	3	0	차트와 정반대의 양상을 보여서 너무 당황스러워. 나 나름 차트 공부를 열심히 했거든. 가격이 수직 하락하면서 수익이 마이너스인데 너무 당황스럽네.	N	2022-10-10 06:02:38	2022-11-08 06:11:50
BE22026379	4	1	자기야, 첫 투자이니만큼 많이 놀랐을 수 있을 것 같아. 나라도 마이너스 수익을 보면 마음이 조급해지고, 당황스럽고 그럴 것 같아.	N	2022-10-10 06:02:38	2022-11-08 06:11:50
BE22026379	5	0	코인에 투자한 금액이 적지 않은데 말이야. 이대로 가면 손해가 클 텐데, 돈을 따로 빼놓지 않았거든. 어떻게든 다시 수익을 올려야 할 텐데, 어쩌지.	N	2022-10-10 06:02:38	2022-11-08 06:11:50
BE22026379	6	1	자기야, 나도 얼마 전에 주식을 했었는데 파란색으로 뜨는 마이너스 금액을 보니 심장이 막 벌렁거리더라. 옆에 있으면 놀란등을 다독거려주고 싶은 심정이야.	N	2022-10-10 06:02:38	2022-11-08 06:11:50
BE22026379	7	0	이대로 가면 이 돈을 다 잃을까 봐 너무 혼란스럽네. 코인 투자를 괜히 했다는 생각이 들어.	N	2022-10-10 06:02:38	2022-11-08 06:11:50
BE22026379	8	1	자기야, 뭐든 첫 시도에는 시행착오를 겪으며 성장한다잖아. 그리고 아직 코인 투자가 끝난 것은 아니니 너무 자책하지 않았으면 좋겠어.	N	2022-10-10 06:02:38	2022-11-08 06:11:50
BE22026379	9	0	차트를 보고 추세를 따라가는 종목인 줄 알고 시도했는데, 이렇게 제 멋대로일 줄이야. 어떻게 해야 할 지 갈피가 안 잡히고 혼란스러워.	N	2022-10-10 06:02:38	2022-11-08 06:11:50
BE22026379	10	1	자기야, 그동안 코인 투자를 하기 전 모든 일들을 잘 해결해왔잖아. 지금 당장은 너무 혼란스럽더라도 자기 선택에 확신을 가지고 조금씩 거래해봐. 이런 과정을 겪어 나가면서 자기가 성장하는 거잖아.	N	2022-10-10 06:02:38	2022-11-08 06:11:50
BE22026379	11	0	자기 말대로, 일단은 내 선택에 확신을 갖는 게 맞겠지. 그동안 내 선택은 틀린 적이 없었으니까. 그 한마디가 나를 안정시키네.	N	2022-10-10 06:02:38	2022-11-08 06:11:50
BE22026379	12	1	사람이 마음대로 되는 일이 있고 되지 않는 일이 있잖아. 사람이 통제하기 어려운 부분에서는 자기의 확신과 자신감이 제일 중요해. 자기가 아니라면 감히 누가 잘 해낼 수 있겠어?	N	2022-10-10 06:02:38	2022-11-08 06:11:51
BE22026379	13	0	자기 말을 들으니 다시금 정신이 차려진다. 빙빙 돌던 마음이 좀 정리가 된 것 같아.	N	2022-10-10 06:02:38	2022-10-10 06:02:38
BE22026379	14	1	게다가 아직 코인을 매도하지 않았다면 다시 오를 가능성도 있잖아. 그러니 충동적인 선택보다는 시간을 두고 차분히 결정 내려보자. 우리 자기는 잘 해낼 수 있을 거야.	N	2022-10-10 06:02:38	2022-11-08 06:11:51
BE22026379	15	0	그렇게 말해줘서 고마워. 역시 내 마음 알아주는 거 자기 뿐이다.	Y	2022-10-10 06:02:38	2022-10-10 06:02:38
