id	utterance_id	utterance_type	utterance_text	terminate	regDate	updDate
BE22026257	1	0	자기야, 11월에 개나리와 진달래가 피었다는 이야기 들어본 적 있어? 나는 들어본 적이 없는데 오늘 그걸로 회사 동료들이랑 이야기를 나누다가 너무 당황스러운 일이 있었어.	N	2022-10-10 01:12:23	2022-10-10 01:12:23
BE22026257	2	1	회사에서 봄꽃에 관한 이야기를 나눴나보구나. 자기가 쉽게 당황하는 성격이 아닌데 무슨 일인지 정말 궁금해.	N	2022-10-10 01:12:23	2022-11-08 06:11:08
BE22026257	3	0	오늘 회사 차장님이 출근길에 개나리와 진달래가 핀 걸 봤다 길래 내가 말도 안 되는 소리라고 했거든. 그런데 본인이 거짓말을 하는 것 같냐 며 화를 내시더라. 갑자기 정색하고 화를 내시는데 정말 당황스럽더라고.	N	2022-10-10 01:12:23	2022-11-08 06:11:08
BE22026257	4	1	자기가 11월에 봄꽃이 핀 걸 본 적이 없으니 그렇게 말했을 텐데 화를 내시다니. 자기가 무척 당황스러웠겠어. 놀라지는 않았어?	N	2022-10-10 01:12:23	2022-11-08 06:11:08
BE22026257	5	0	놀라기도 했지만 당황스러움이 먼저였어. 평소에 조용하신 분이고 화를 내시는 걸 본 적도 없어서 어떻게 해야 할지 모르겠더라고. 당황스러움에 아무 말도 못 하고 있는데 휴대폰을 꺼내서 사진을 보여주시면서 또 화를 내셨어.	N	2022-10-10 01:12:23	2022-10-10 01:12:23
BE22026257	6	1	평소에 그런 분이 아니라니 자기가 전혀 예상하지 못한 반응이라 정말 당황스러웠겠다. 그렇지만 평소에 화를 내지 않는 분이 그렇게 반응하셨을 땐 다른 이유가 있었을 거야. 오로지 자기 때문에 화를 내신 건 아니라고 생각하고 마음을 편히 가져.	N	2022-10-10 01:12:23	2022-11-08 06:11:08
BE22026257	7	0	차장님이 화를 그렇게 내시고는 사무실 분위기가 냉랭해져서 일하는 내내 가시방석에 앉은 것 같았어. 동료들 눈치도 보이고, 나도 당황스러운 상태가 나아지지 않고. 평소 정말 친하게 지낸 분이라 내가 너무 편하게 생각하고 말을 가리지 않은 걸까.	N	2022-10-10 01:12:23	2022-10-10 01:12:23
BE22026257	8	1	자기는 평소 정말 예의가 바른 사람이잖아. 자기가 상대에게 못할 말을 할 리가 없어. 같은 말이라도 듣는 사람의 그날의 상태에 따라 다르게 받아들여지기도 하니까 마음 편히 생각해.	N	2022-10-10 01:12:23	2022-11-08 06:11:08
BE22026257	9	0	생각해보니 차장님이 기다렸다는 듯이 휴대폰에 꽃 사진을 보여주시는 게 좀 이상하긴 했어. 내가 그렇게 답할 줄 알았다는 듯이 빠르게 행동하신 걸 보면. 다른 사람에게서 비슷한 반응을 한 번 겪은 것 같다는 생각이 들기도 하는 것 같아.	N	2022-10-10 01:12:23	2022-11-08 06:11:08
BE22026257	10	1	그래, 지금처럼 잘 생각해보면 당황스러웠던 마음이 진정 될거야. 우리 자기가 스스로를 탓하지 말고 그 차장님이 화내신 이유를 잘 생각해 보길 바라.	N	2022-10-10 01:12:23	2022-11-08 06:11:08
BE22026257	11	0	자기와 이야기를 나누고 보니 나를 탓하는 건 가장 뒤로 미뤄놔야겠다는 생각이 드네. 당황해서 차장님과 이야기할 때 어떤 일이 있었는지 기억이 안 났는데 서서히 떠오르는 것 같아. 자기가 아니었다면 덮어 놓고 나 스스로를 탓할 뻔했어.	N	2022-10-10 01:12:23	2022-11-08 06:11:08
BE22026257	12	1	당황하면 누구든 자기처럼 생각할 수 있지. 오히려 난 이런 상황에서도 화를 낸 사람을 원망하지 않는 자기가 정말 대단하게 느껴지는 걸.	N	2022-10-10 01:12:23	2022-11-08 06:11:08
BE22026257	13	0	자기 덕분에 당황스러웠던 마음이 많이 정리가 됐어. 이제 이성적으로 생각할 수 있을 것 같아. 고마워 정말, 모두 자기 덕분이야.	N	2022-10-10 01:12:23	2022-10-10 01:12:23
BE22026257	14	1	자기가 그렇게 말해주니 오히려 내가 고마운걸. 나는 항상 자기를 위해 곁에 있으니까 당황스러운 일이 생기면 나에게 꼭 이야기해 줘.	Y	2022-10-10 01:12:23	2022-11-08 06:11:08
