id	utterance_id	utterance_type	utterance_text	terminate	regDate	updDate
BE22025229	1	0	자기야, 햄스터가 설사를 한 것 같아. 처음 보는 묽은 똥이 있어서 너무 당황스럽네.	N	2022-10-07 05:57:35	2022-10-07 05:57:35
BE22025229	2	1	말만 들어도 가슴이 철렁한다. 자기도 이 시간에 많이 놀랐겠어.	N	2022-10-07 05:57:35	2022-11-08 06:05:00
BE22025229	3	0	그러니까, 주변 동물 병원은 다 닫았는데 내일까지 있어도 괜찮은 건가 싶어. 특이한 일은 없었는데 왜 이러는지 모르겠네.	N	2022-10-07 05:57:35	2022-10-07 05:57:35
BE22025229	4	1	일단 자기도 진정하는 게 좋겠어. 내가 늦게까지 하는 동물 병원이 없나 찾아볼게. 병원에 가서 치료를 받으면 잘 회복될 테니까 너무 염려하지 마.	N	2022-10-07 05:57:35	2022-11-08 06:05:00
BE22025229	5	0	생각해 보니까 아침에 채소를 조금 뜯어서 줬었어. 수분이 많은 음식이라 이런 일이 벌어졌나 봐. 처음 준 것도 아닌데 당혹스럽기만 하다.	N	2022-10-07 05:57:35	2022-10-07 05:57:35
BE22025229	6	1	진료를 받으면 사정을 알 수 있겠지. 그때까지는 차분히 기다리는 게 자기한테도 좋을 거야. 이게 다 자기 탓이라고 생각하지는 말고.	N	2022-10-07 05:57:35	2022-11-08 06:05:00
BE22025229	7	0	설사했는데도 사료를 계속 먹기에 일단 멈추게 했어. 어떤 게 맞는 일인지 모르겠고 머릿속이 어지럽다.	N	2022-10-07 05:57:35	2022-10-07 05:57:35
BE22025229	8	1	소동물 병원을 찾았으니까 내가 지금 자기를 데리러 갈게, 그러니 마음 놓고 조금만 기다려. 너무 늦지 않게 발견했으니 달리 생각하면 얼마나 다행이야. 분명 일이 잘 해결될 테니까 그렇게 믿고 마음을 다잡아 보자.	N	2022-10-07 05:57:35	2022-11-08 06:05:00
BE22025229	9	0	같이 사는 2년 동안 이런 일이 없어서 더 놀랐나 봐. 건강하기만 한 친구라 처음엔 설사를 알아보지도 못했어.	N	2022-10-07 05:57:35	2022-10-07 05:57:35
BE22025229	10	1	그럴 수 있지, 누구라도 그 상황에 의연할 수는 없었을걸. 늘 건강하기만 하면 좋겠지만, 햄스터를 키우다 보면 이런 일도 생길 수 있잖아. 차분히 마음을 정돈하면 그 다음 행동을 하기도 쉬울 거야.	N	2022-10-07 05:57:35	2022-11-08 06:05:00
BE22025229	11	0	마음은 아프지만 이런 일도 생길 수 있다고 생각하니까 좀 진정이 된다. 집까지 와준다니 너무 고마워. 나도 마음을 다잡으면서 준비하고 있을게.	N	2022-10-07 05:57:35	2022-11-08 06:05:00
BE22025229	12	1	최대한 빨리 갈 테니까 마음 놓고 있어. 병원에 가면 꼭 해결책을 찾고 자기 마음도 나을 거야. 햄스터도 금세 회복할 테니까 걱정 말고.	N	2022-10-07 05:57:35	2022-11-08 06:05:00
BE22025229	13	0	지금은 햄스터도 평소랑 다를 바 없어서 분간이 안 가. 그래서 더 설사를 보고 당황한 것도 있어. 그 사이 회복이 된 거라면 좋겠다, 긍정적으로만 생각해야겠어.	N	2022-10-07 05:57:35	2022-10-07 05:57:35
BE22025229	14	1	우리 생각보다 큰일이 아닐 수도 있을 거야. 긍정적인 마음이 긍정적인 결과를 불러올 때도 있잖아. 그렇게 믿어 보자, 그럼 도착해서 연락할게.	N	2022-10-07 05:57:35	2022-11-08 06:05:00
BE22025229	15	0	알았어 자기야, 달래줘서 고마워. 덕분에 머릿속이 좀 깔끔해졌어. 주차장에서 전화 주면 내려갈게, 이따 봐.	Y	2022-10-07 05:57:35	2022-11-08 06:05:00
