id	utterance_id	utterance_type	utterance_text	terminate	regDate	updDate
BE22003658	1	0	자기야 나 저번 주에 노란색 원피스 시켰다고 한 거 기억나?	N	2022-06-25 14:30:36	2022-11-08 03:47:59
BE22003658	2	1	응. 당연하지. 엄청 맘에 드는 거 골랐다고 보여주고 그랬었잖아. 근데 왜?	N	2022-06-25 14:30:36	2022-11-08 03:47:59
BE22003658	3	0	그게 어제 저녁에 배송 왔는데 아침에 회사 가보니까 최대리님도 똑같은 걸 입으셨더라고. 그래서 좀 당황스러워.	N	2022-06-25 14:30:36	2022-11-08 03:47:59
BE22003658	4	1	정말? 확실하게 똑같은 거 맞아?	N	2022-06-25 14:30:36	2022-11-08 03:47:59
BE22003658	5	0	확실해. 디테일도 똑같더라고. 나 이거 진짜 맘에 드는데 그냥 환불해야 하나? 회사 갈 때도 입고 싶어서 산 건데 혹시라도 겹치는 날 있으면 어떡해.	N	2022-06-25 14:30:36	2022-11-08 03:47:59
BE22003658	6	1	아 진짜 당황스럽겠다 자기야. 나도 저번에 팀장님이랑 옷이 겹쳐서 엄청 난감했었거든.	N	2022-06-25 14:30:36	2022-11-08 03:47:59
BE22003658	7	0	정말? 그럼 자기는 그 옷 어떻게 했어?	N	2022-06-25 14:30:36	2022-11-08 03:47:59
BE22003658	8	1	그 뒤로 그냥 회사 갈 때는 안 입고 개인적인 약속 있을 때만 입고 다녔어.	N	2022-06-25 14:30:36	2022-11-08 03:47:59
BE22003658	9	0	나도 그러고 싶은데 이건 오피스룩으로 입으려고 좀 비싸게 주고 산 거였거든. 평소에는 내가 좀 캐주얼하게 입는 편이니까.	N	2022-06-25 14:30:36	2022-11-08 03:47:59
BE22003658	10	1	알지. 그래서 더 난감할 거 같아. 그래도 반품은 신중하게 생각해 보는 게 어때? 너무 맘에 드는 옷이면 꼭 회사가 아니더라도 중요한 모임 갈 때 입어도 되니까.	N	2022-06-25 14:30:36	2022-11-08 03:47:59
BE22003658	11	0	그런가? 뭔가 반품하면 후회할 거 같긴 해. 생각해 보니까 다음 달에 친구 결혼식 있는데 그때 입어도 될 거 같아!	N	2022-06-25 14:30:36	2022-11-08 03:47:59
BE22003658	12	1	오 좋은 생각이야. 역시 내 여자 친구 현명해. 자기가 눈썰미가 좋아서 분명 하객 룩으로도 손색없을 거 같아.	N	2022-06-25 14:30:36	2022-11-08 03:47:59
BE22003658	13	0	내가 좀 옷을 잘 고르기는 하지. 장난이고 자기 말 안 들었으면 그냥 반품할 뻔했어. 고마워.	N	2022-06-25 14:30:36	2022-11-08 03:47:59
BE22003658	14	1	그냥 들어준 거뿐인데 그렇게 생각해 줘서 나야말로 고마워. 내일 데이트에 입고 오면 사진 예쁘게 찍어줄게.	N	2022-06-25 14:30:36	2022-11-08 03:47:59
BE22003658	15	0	나 기대한다? 엄청 많이 찍어야지. 고마워 자기야 내일 보자.	Y	2022-06-25 14:30:36	2022-11-08 03:47:59
