id	utterance_id	utterance_type	utterance_text	terminate	regDate	updDate
BE22026458	1	0	오늘 회의가 길어져서 한참을 일하다가 뒤늦게 휴대폰을 봤어. 그런데 동생에게 부재중통화가 엄청 와서 너무 당황스러웠지 뭐야. 평소에 연락 한 통 없는 애라서 얼마나 놀랐는지 몰라.	N	2022-10-10 10:04:13	2022-10-10 10:04:13
BE22026458	2	1	누구에게든 그렇게 연락이 와 있으면 나 같아도 엄청 당황스럽고 의아할 것 같아. 다시 연락은 해봤어? 무슨 일 있는 건 아니지? 걱정스러운걸.	N	2022-10-10 10:04:13	2022-11-08 06:12:18
BE22026458	3	0	동생이랑 통화해보고나서는 너무 놀라서 어쩔 줄을 모르겠더라. 아버지가 혼자 밭일을 하다가 쓰러져서 입원해서 검사 결과를 기다리는 중이래. 너무 당황스럽고 놀라서 심장이 멈춰버린 것만 같았어.	N	2022-10-10 10:04:13	2022-10-10 10:04:13
BE22026458	4	1	그런 일이 있었다니, 그 소식을 듣고 자기가 얼마나 놀랐을까 나는 상상도 할 수 없어. 검사 결과를 기다리는 시간은 일분일초가 너무 느리고 걱정스럽잖아. 자기 마음이 지옥일 것 같아서 내가 다 속상해.	N	2022-10-10 10:04:13	2022-11-08 06:12:18
BE22026458	5	0	동생이 아버지랑 연락이 계속 안 돼서 걱정스러워서 찾아갔더니 밭에 쓰러져 있었대. 동생에게 연락이 올까봐 하루종일 휴대폰을 들여다보느라 아무것도 손에 잡히지가 않아. 내가 장녀로서 아버지를 챙겼어야 하는데, 아버지에게 너무 미안한 마음이 들어.	N	2022-10-10 10:04:13	2022-10-10 10:04:13
BE22026458	6	1	동생이 아버지를 챙긴 덕분에 큰 일이 일어나지 않아서 다행이다. 회사 때문에 당장 찾아가지도 못하니 얼마나 마음이 가시밭길일까. 자기가 이렇게 마음 쏟고 있으니까 분명 별 일 없을 거야, 너무 걱정하지 마.	N	2022-10-10 10:04:13	2022-11-08 06:12:18
BE22026458	7	0	어머니가 돌아가시고 아버지 혼자 계시면서 나도 모르게 소원해진 게 있었어. 동생이 조금만 늦게 찾아갔으면 어쩔 뻔 했어, 내 자신이 너무 밉고 원망스러워. 좀 더 신경썼어야 했는데 뭐가 그렇게 바쁘다고 뒤로 미루기만 했을까. 죄책감까지 들어.	N	2022-10-10 10:04:13	2022-10-10 10:04:13
BE22026458	8	1	이제라도 자기가 반성하고 마음을 다잡으면 그걸로 충분한걸. 늦었다고 생각할 때가 가장 빠른 거라고 했어, 지금 미안한 만큼 앞으로 잘 해드리면 돼. 지금도 아주 걱정스럽고 힘든 마음에 죄책감과 괴로움까지 얹지 마.	N	2022-10-10 10:04:13	2022-11-08 06:12:18
BE22026458	9	0	아버지에게 무슨 일이라도 생기면 어떡할지 걱정스러워서 아무 생각도 안 나. 그렇다면 나는 내 자신을 도저히 용서하지 못할거야. 아버지 없는 삶은 상상도 할 수 없어.	N	2022-10-10 10:04:13	2022-10-10 10:04:13
BE22026458	10	1	그런 생각은 머릿 속에 담지마, 아버지는 무조건 괜찮으실 거야. 부정적인 생각은 꼬리를 물고 커지기만 하는걸, 얼른 쫓아버리고 긍정적인 자기로 돌아와. 그리고 무슨 일이 생겨도 그건 절대 자기 탓이 아니니까 스스로 상처주지도 마.	N	2022-10-10 10:04:13	2022-11-08 06:12:18
BE22026458	11	0	아직까지 연락이 없으니까 걱정스러워서 나도 모르게 내 탓을 하며 부정적인 생각을 한 것 같아. 늘 긍정의 힘을 믿어온 나인데 하마터면 죄책감으로 부정적인 감정의 늪에 빠질 뻔 했어.	N	2022-10-10 10:04:13	2022-11-08 06:12:18
BE22026458	12	1	아버지도 자신 때문에 딸이 이렇게 괴로워하고 자책하고 있단 걸 알면 마음이 불편할거야. 자기 뿐 아니라 아버지, 동생을 위해서라도 누굴 탓하는 마음은 잠시 내려놓아. 다 잘 될거라고 믿고 기도하자.	N	2022-10-10 10:04:13	2022-11-08 06:12:18
BE22026458	13	0	자기가 위로해주고 내 마음을 알아주니까 힘이 나. 자기가 그렇게 말해주니까 정말 다 괜찮아질 것 같아. 얼마나 든든한지 몰라, 고마워, 자기야.	N	2022-10-10 10:04:13	2022-11-08 06:12:18
BE22026458	14	1	내가 힘들 때도 늘 자기가 긍정적인 생각을 주고 위로해주었잖아. 곧 동생에게 괜찮다고 연락올 거니까 지금은 마음을 조금 내려놓고 기다리자. 나도 아무 일 없길 비라고 기도할게.	Y	2022-10-10 10:04:13	2022-10-10 10:04:13
