id	utterance_id	utterance_type	utterance_text	terminate	regDate	updDate
BE22024914	1	0	자기야, 나 어떡하면 좋아? 지금 계약서 쓰러 가야 하는데 못 갈 것 같아. 당황스럽다.	N	2022-10-06 11:22:28	2022-11-08 06:03:05
BE22024914	2	1	뭐 때문에 그래? 계약에 무슨 차질이라도 생겼어?	N	2022-10-06 11:22:28	2022-10-06 11:22:28
BE22024914	3	0	아니 그게 아니라 인감도장을 잃어버린 것 같아서 너무 당황스럽네. 계약이 처음이라 너무 긴장이 돼서 제대로 챙기지 못했나 봐. 지금 새로 하기엔 시간이 너무 촉박해서 어떻게 해야 할지 모르겠어.	N	2022-10-06 11:22:28	2022-10-06 11:22:28
BE22024914	4	1	자기가 계약을 앞두고 긴장을 많이 해서 계속 당황했나 보다. 안 그래도 떨릴 텐데 인감도장까지 잃어버렸다는 생각이 드니 갑자기 눈앞이 캄캄하다고 느껴지겠어.	N	2022-10-06 11:22:28	2022-11-08 06:03:06
BE22024914	5	0	응, 다 잘 챙겨왔나 가방을 뒤적이는데 아무리 찾아봐도 인감도장만 없는 거야. 일단 버스를 타긴 했으니 되돌아가기도 애매해서 어안이 벙벙한 채로 가고 있어. 너무 당황스러워서 뭘 어떻게 대처해야 할지 하나도 떠오르질 않아.	N	2022-10-06 11:22:28	2022-10-06 11:22:28
BE22024914	6	1	제일 중요한 걸 잃어버렸다는 생각에 당황스러운 마음 이해해. 누구나 처음 하는 일 앞에선 이런저런 실수를 하곤 하니까 너무 당황하지 마. 사장님께 상황 설명을 드리고 양해를 구하면 시간을 다시 조율해 주시겠지, 너무 조급해 말자.	N	2022-10-06 11:22:28	2022-11-08 06:03:06
BE22024914	7	0	솔직히 인감도장을 잃어버렸다는 걸 알아챈 순간부터 내 멘탈도 같이 사라진 것 같아. 머리가 고장 난 것처럼 제대로 돌아가질 않아서 당황스러워. 머릿속이 뒤죽박죽이야.	N	2022-10-06 11:22:28	2022-10-06 11:22:28
BE22024914	8	1	그래도 당장에 급한 계약이 아니라 서로가 충분히 조율해서 다시 합의 볼 수 있는 거잖아. 자기가 과도하게 긴장을 하다 보니 어쩌다 잃어버렸을 뿐이야, 당황하면 될 것도 안되니까 진정해. 살다 보면 그런 실수도 할 수 있는 거니까 침착하게 심호흡하면서 진정해 봐.	N	2022-10-06 11:22:28	2022-11-08 06:03:06
BE22024914	9	0	아무리 처음이라지만 인감도장을 잃어버리는 실수를 했다는 게 너무 당황스러워. 이 와중에 아직 사용을 해본 적 없는 도장이라는 사실에 감사해야 하는 건지 모르겠다. 내가 너무 바보 같은 실수를 한 것 같아서 당황스럽고 혼란스러워.	N	2022-10-06 11:22:28	2022-10-06 11:22:28
BE22024914	10	1	중요한 물건을 잃어버리는 실수로 혼란스러운 마음 충분히 이해해, 누구라도 그럴 거야. 다만 그걸로 인해 미래를 생각하지 못하고 당황스러움에만 빠져있지 않았으면 좋겠어. 막상 해결하다 보면 별거 아니라고 느껴지는 게 대부분이야, 그러니 너무 당황하지 마.	N	2022-10-06 11:22:28	2022-11-08 06:03:06
BE22024914	11	0	내 당황스러움을 진정시키려 해줘서 고마워. 너무 당황스러워서 잠시 사고가 멈췄던 것 같아.	N	2022-10-06 11:22:28	2022-11-08 06:03:06
BE22024914	12	1	내가 자기였대도 당황스러운 마음에 어쩔 줄 몰랐을 거야. 그래도 내가 계속 말 걸어주고 같이 방안을 고민해 볼 테니 너무 당황하지 마. 큰 실수를 저지른 것도 아니고 그 정도면 금방 수습할 수 있잖아.	N	2022-10-06 11:22:28	2022-11-08 06:03:06
BE22024914	13	0	내가 당황스러워할 때마다 든든하게 위로해 줘서 고마워. 자기 아니었으면 난 아직도 패닉 상태였을 거야.	N	2022-10-06 11:22:28	2022-10-06 11:22:28
BE22024914	14	1	이럴 때 도우라고 서로가 있는 거잖아. 이제 당황스러움은 잠시 접어두고 어떻게 해야 할지 같이 생각해 보자.	N	2022-10-06 11:22:28	2022-11-08 06:03:06
BE22024914	15	0	응, 자기 덕에 힘낼 수 있을 것 같아. 든든한 지원군이 있다고 생각하니 당황스러웠던 마음도 많이 진정됐어.	Y	2022-10-06 11:22:28	2022-11-08 06:03:06
