id	utterance_id	utterance_type	utterance_text	terminate	regDate	updDate
BE22019018	1	0	자기야, 나 오늘 횡단보도 건너다가 정말 큰 일 날 뻔했잖아. 얼마나 당황했던지 아직도 심장이 두근거려.	N	2022-09-20 02:27:13	2022-11-08 05:33:05
BE22019018	2	1	무슨 일이라도 있었어? 항상 차 조심하라고 그렇게 당부했거늘, 괜찮은 거야?	N	2022-09-20 02:27:13	2022-09-20 02:27:13
BE22019018	3	0	다치거나 사고가 있었던 건 아니라서 괜찮아, 그런데 나 좀 억울하다고. 횡단보도 기다리면서 휴대전화를 보고 있었는데 내 옆에 사람이 건너는 기척이 느껴져서 나도 같이 건넜거든. 그런데 갑자기 '빵'하길래 깜짝 놀라서 봤더니 빨간 불이잖아, 순간 너무 당황해서 얼어 붙어버렸지 뭐야.	N	2022-09-20 02:27:13	2022-11-08 05:33:05
BE22019018	4	1	하마터면 큰 사고가 날 뻔했는데 무사해서 다행이야, 자기가 얼마나 놀랐을까. 반사적으로 피해야 하는데, 사람이 너무 당황스러우면 그냥 굳어버린다고 하잖아. 나도 비슷한 일이 있었는데 종일 경적이 소리가 귀에 맴도는 느낌에 힘들었기에 자기 마음 이해해.	N	2022-09-20 02:27:13	2022-11-08 05:33:05
BE22019018	5	0	내 앞에서 차는 멈춰서서 경적을 울리고 있지, 사람들은 다 나를 쳐다보지. 진짜 그 자리에서 사라지고 싶었어. 얼마나 민망하고 다른 사람들의 눈치가 보이던지 얼굴이 새빨개졌다니까.	N	2022-09-20 02:27:13	2022-11-08 05:33:05
BE22019018	6	1	안 그래도 놀라고 당황스러웠을 텐데 주변 사람들의 시선 때문에 더 마음이 괴로웠겠다. 좋은 일도 아니고 이런 일로 주목받으니까 진짜 수치스럽고 움츠러들었을 것 같아.	N	2022-09-20 02:27:13	2022-11-08 05:33:05
BE22019018	7	0	물론 제대로 확인도 안 하고 길을 건넌 내 탓이 크다는 걸 알아. 하지만 그때 사람들의 눈빛은 정말 잊을 수가 없어. 진짜 자기한테 얘기하는 이 순간에도 자꾸 생각이 나서 손에 아무 일도 안 잡혀.	N	2022-09-20 02:27:13	2022-09-20 02:27:13
BE22019018	8	1	놀란 자기 마음도 달래고 가라앉히기도 벅찰 텐데 그때의 눈빛과 분위기 때문에 더 힘든 것 같아. 하지만 이미 지나간 일이니까 너무 마음에 담아두면서 계속 신경 쓰지 않았으면 좋겠어. 후회되고, 부끄럽겠지만 그 감정에 빠져있으면 자기 마음만 괴롭고 힘드니까 말이야.	N	2022-09-20 02:27:13	2022-11-08 05:33:05
BE22019018	9	0	잊으려고 노력하는데도 그때의 감정이 자꾸 머릿속에 뭉게뭉게 피어오르는 것 같아. 처음에는 그 사람 탓도 해봤는데 결국은 내 잘못이고, 제대로 보지 않은 내 실수이니까. 주변 사람들이 나를 얼마나 휴대전화에 빠진 사람으로 봤을까, 끔찍해 정말.	N	2022-09-20 02:27:13	2022-11-08 05:33:05
BE22019018	10	1	자기는 잘못으로부터 배우고, 반복하지 않으려고 애쓰잖아, 나는 그게 멋있고 배우고 싶다고 생각해. 이번 일도 그냥 잊어버리라는 것이 아니라 자기답게 발전의 발판으로 삼으면 좋을 것 같아. 감정적으로 자책하고 부끄러워하면서 괴로워하기보다는 다시는 이러지 않도록 성장하는 기회로 받아들이면 더할 나위 없이 좋을 거야.	N	2022-09-20 02:27:13	2022-11-08 05:33:05
BE22019018	11	0	자기 말이 맞아, 괜히 그때의 감정만 떠올리며 부끄러워하고 자책하는 건 옳지 않아. 마음만 힘들고 괴로우니까 말이야. 감정을 기억하기보다는 실수를 기억해서 다시 반복하지 않도록 노력해야겠어.	N	2022-09-20 02:27:13	2022-11-08 05:33:05
BE22019018	12	1	역시 이 모습이 바로 자기다운 모습이지. 무엇보다 나는 자기가 크게 다치지 않아서 정말 다행이라고 생각해. 부디 지금 감정이 자기의 마음에 상처로 남아서 힘들게 하지 않도록 괜찮다고 다독여주고 위로해줬으면 좋겠어.	N	2022-09-20 02:27:13	2022-11-08 05:33:05
BE22019018	13	0	너무 당황스럽고 부끄러워서 지금까지도 손이 덜덜 떨리는 느낌이었거든. 그런데 자기 덕분에 내가 어떻게 해야 할지 마음을 다잡으니까 안정이 되는 것 같아. 고마워, 자기야.	N	2022-09-20 02:27:13	2022-11-08 05:33:05
BE22019018	14	1	자기의 안전을 위해서라도 좀 더 신경 쓰고 다시는 이런 일이 반복되지 않도록 노력했으면 좋겠어. 자기가 다치는 건 상상만 해도 너무 슬프고 가슴 아프거든.	Y	2022-09-20 02:27:13	2022-11-08 05:33:05
