id	utterance_id	utterance_type	utterance_text	terminate	regDate	updDate
BE22025760	1	0	자기야, 나 오늘 길 가다 이상한 사람을 만났어. 진짜 너무 당황스럽고 놀라서 아무런 생각도 안 들더라. 무섭고 혐오스러워서 도망치듯 회사까지 뛰어갔네.	N	2022-10-08 13:51:28	2022-10-08 13:51:28
BE22025760	2	1	이 문자가 지금 무슨 말이야? 어떤 사람이랑 마주쳤길래 이렇게 걱정되는 문자를 보내온 거야. 지금은 괜찮은 거지?	N	2022-10-08 13:51:28	2022-10-08 13:51:28
BE22025760	3	0	어떤 남자가 나한테 오더니 너에게로 가는 길이 너무 멀었다면서 고백을 하는 거야. 별 이상한 소리 한다고 무시하고 갈 길 가는데 계속 쫓아오더라고. 얼마나 당황스럽고 어이가 없었는지 몰라.	N	2022-10-08 13:51:28	2022-10-08 13:51:28
BE22025760	4	1	문자를 받은 나도 지금 이렇게 놀라서 마음이 안 좋은데 자기는 오죽하겠어. 무서운 마음도 들었을 거 같고 놀랐을 자기를 생각하니 내가 다 속상하네. 그 상황에서 어떤 심정이었을지 너무나 이해가 돼.	N	2022-10-08 13:51:28	2022-10-08 13:51:28
BE22025760	5	0	맞아, 자기의 말대로 정말 복잡한 감정들이 들었어. 이런 당황스러운 일을 처음 겪어봐서 아직도 마음이 뒤숭숭하고 어찌할 바를 모르겠어. 회사에서 일을 하는데 일에 집중도 잘 안되네.	N	2022-10-08 13:51:28	2022-10-08 13:51:28
BE22025760	6	1	왜 안 그러겠어! 이상한 남자가 다가와서 너에게로 가는 길이 멀었다면서 얘기하면 누구나 놀라고 당황할 수밖에 없을 거야. 별일 아니라 생각해버리고 너무 마음 쓰여하면서 상처로 남는 일은 없었으면 좋겠어.	N	2022-10-08 13:51:28	2022-11-08 06:08:09
BE22025760	7	0	나도 그렇게 생각하며 떨쳐버리고 싶은데 소심하고 걱정 많은 성격 탓에 그게 쉽지가 않네. 사람들 만나서 정신없게 얘기도 나누고 바쁘게 일을 하려고 해도 아까 일이 계속 스쳐 지나가. 마음속에 당황스러움과 놀란 마음이 크게 자리 잡고 있나 봐.	N	2022-10-08 13:51:28	2022-10-08 13:51:28
BE22025760	8	1	자기가 성격이 뭐가 어때서! 그런 성격들이 오히려 나는 조심성이 많고 안정을 추구하는 성격이라 생각해서 더 좋다고 생각하는데. 자기 스스로를 비난하면서 더 힘든 상황으로 만들지는 않았으면 해.	N	2022-10-08 13:51:28	2022-11-08 06:08:09
BE22025760	9	0	자기라도 날 그렇게 생각해 주니 너무 고맙네. 하지만 오늘 일을 잊는데 충분한 시간이 필요할 거 같아. 당황한 마음에 아직도 아무 의욕이 안 들고 좀 예민해져 있는 거 같거든.	N	2022-10-08 13:51:28	2022-10-08 13:51:28
BE22025760	10	1	당연히 감정을 컨트롤하려면 충분한 시간이 필요한 법이잖아. 조금 더 마음의 여유를 갖고 이겨내고자 노력하면 꼭 떨쳐버릴 수 있을 거야. 자기가 조금 더 용기를 낸다면 언제 그랬냐는 듯 금방 잊고 웃는 날이 올 거야.	N	2022-10-08 13:51:28	2022-11-08 06:08:09
BE22025760	11	0	별일 아닐 수도 있는 얘기에 이렇게 진심으로 귀를 기울여주고 위로의 말까지 해줘서 너무 고마워. 마음이 많이 놓이고 한결 편안해졌어. 내가 힘들 때 자기가 옆에 있어서 얼마나 다행인지 몰라.	N	2022-10-08 13:51:28	2022-10-08 13:51:28
BE22025760	12	1	난 언제나 자기 편이고, 자기를 진심으로 응원하고 있으니 항상 힘내! 나의 말이 조금이나마 자기에게 도움이 되었다니 그저 다행이라고 생각해. 금방 떨쳐버리고 이겨낼 수 있도록 나도 옆에서 많이 도와줄게.	N	2022-10-08 13:51:28	2022-11-08 06:08:09
BE22025760	13	0	모르는 사람이 너에게로 가는 길이 너무 멀었다는 당황스러운 말을 했지만 그냥 가볍게 생각했어. 하지만 생각할수록 너무 당황스럽고 놀라서 누군가에게 하소연을 하고 싶었어. 이렇게 자기랑 대화를 하면서 마음이 좀 진정이 됐고 답답함도 많이 후련해졌어.	N	2022-10-08 13:51:28	2022-10-08 13:51:28
BE22025760	14	1	사람은 혼자만의 힘으로 이겨내기엔 아직 벅찬 일들이 참 많더라고. 지금처럼 가슴 답답한 일이나 고민이 생기면 혼자 이겨내려 애쓰지 말고 나한테 다 털어놔. 이렇게 대화를 나누면서 조금이라도 다친 마음을 치유할 수 있다고 생각해.	N	2022-10-08 13:51:28	2022-11-08 06:08:09
BE22025760	15	0	응, 항상 말이라도 너무 예쁘게 해주고 힘이 되는 말을 해줘서 너무 고마워. 이번 일도 금방 이겨내서 전처럼 밝은 모습을 보여줄 수 있도록 노력해 볼게. 그럼 조금 있다가 다시 연락할게.	Y	2022-10-08 13:51:28	2022-10-08 13:51:28
