id	utterance_id	utterance_type	utterance_text	terminate	regDate	updDate
BE22027026	1	0	자기야, 나 오늘 시내 나갔다 온다고 했잖아. 시내 나갔다가 집에 돌아가는 길인데, 아까 시내에서 겪은 일 때문에 당황스러워.	N	2022-10-11 11:26:00	2022-10-11 11:26:00
BE22027026	2	1	왜? 어떤 일이 있었길래 그러는 거야? 무슨 일 때문에 계속 당황스러운 마음이 드는 거야?	N	2022-10-11 11:26:00	2022-10-11 11:26:00
BE22027026	3	0	걸어가는데 모르는 사람이 나한테 인사를 하는 거야. 그때는 이상한 종교단체 사람인 줄 알고 무시하고 지나쳤었어. 근데 지나고 나니 아는 사람이었을까 봐 당황스럽네.	N	2022-10-11 11:26:00	2022-10-11 11:26:00
BE22027026	4	1	모르는 사람이 인사하는 게 흔한 경우가 아니라서 자기가 그런 마음이 드는 거구나. 그런데 자기가 바로 알아볼 정도가 아니었으면 정말 아는 사람이 아니었을 거야. 그러니 너무 신경 쓰지 마.	N	2022-10-11 11:26:00	2022-11-08 06:15:40
BE22027026	5	0	대화라도 한마디 나눴으면 아는 사람인지 아닌지 금방 구분했을 텐데 말이야. 아는 사람인데 내가 그렇게 지나쳐버린 거면 그 사람한테 실례인 거잖아. 아는 사람인데 무안을 줬을까 봐 당황스럽다.	N	2022-10-11 11:26:00	2022-10-11 11:26:00
BE22027026	6	1	자기를 아는 사람이면 자기 이름을 부르면서 인사를 하지 않았을까? 정말 자기 말대로 종교단체 사람이었을 수도 있어. 그러니까 너무 그렇게 당황스러워하지 않아도 돼.	N	2022-10-11 11:26:00	2022-11-08 06:15:40
BE22027026	7	0	내 이름을 아는 사람이 아니더라도 날 아는 사람일 수도 있잖아. 일로 아는 사람일 수도 있고 말이야. 정말 말이라도 한마디 나눠보는 건데, 내가 어리석게 행동해서 이렇게 당황스러워하는 것 같아.	N	2022-10-11 11:26:00	2022-10-11 11:26:00
BE22027026	8	1	요즘 같은 세상에 길에서 모르는 사람이 인사하면 누구나 다 의심하고 자기처럼 행동할 거야. 나도 그럴 거라고 말이야. 자기가 그렇게 행동한 건 잘한 일이지 한심한 짓이 아니야.	N	2022-10-11 11:26:00	2022-11-08 06:15:40
BE22027026	9	0	그래도 만에 하나 살이 빠졌다거나 하는 이유로 아는 사람인데 못 알아본 거면 어떻게 하지? 정말 너무 신경 쓰이고 당황스러운 것 같아.	N	2022-10-11 11:26:00	2022-10-11 11:26:00
BE22027026	10	1	설령 그런 이유로 못 알아봤다고 해도 상대방 입장에서는 내가 그렇게 멋있어졌나 싶을걸? 나중에 다시 만날 일이 있을 때 내심 더 기분 좋아할 수도 있고 말이야. 그러니 그렇게 당황스러워 할 필요 없어.	N	2022-10-11 11:26:00	2022-11-08 06:15:40
BE22027026	11	0	그래, 자기랑 이야기하다 보니 마음이 좀 편해진다. 자기같이 상황을 긍정적으로 여기면 끝날 일이었는데, 내가 괜히 여러 상황을 가정하고 당황스러워했네.	N	2022-10-11 11:26:00	2022-11-08 06:15:40
BE22027026	12	1	아니야, 지나치고 나니 혹시나하는 마음에 그런 당황스러운 마음이 들 수도 있지. 그런데 평소에 사람들 잘 기억하는 자기가 바로 못 알아봤을 정도면 정말 모르는 사람이었을 거야. 그러니까 이제 더 신경 쓰지 말고 마음 편하게 가져.	N	2022-10-11 11:26:00	2022-11-08 06:15:40
BE22027026	13	0	응, 자기가 잘 달래줘서 그런지 마음이 많이 편해졌어. 날 아는 사람이었으면 다시 부르거나 그랬을 텐데, 전혀 그런 게 없었거든. 정말 모르는 사람이었던 것 같아.	N	2022-10-11 11:26:00	2022-11-08 06:15:40
BE22027026	14	1	아니면 자기 뒤쪽 보고 인사한 건데 자기가 착각했을 수도 있고 말이야. 이렇게 생각하니까 너무 웃기네.	N	2022-10-11 11:26:00	2022-11-08 06:15:40
BE22027026	15	0	인정하기 싫지만 정말 그랬을 수도 있겠다는 생각이 드네. 그냥 웃어 넘길만한 일이었는데 너무 당황스러워했어. 이런 내 마음 진정시켜줘서 고마워, 자기야.	Y	2022-10-11 11:26:00	2022-10-11 11:26:00
