id	utterance_id	utterance_type	utterance_text	terminate	regDate	updDate
BE22026207	1	0	어떡하지? 집에서 사용하는 청소기가 고장나서 수리받아야 하는데, 주변에 서비스 센터가 없어! 갑자기 이렇게 고장나게 될 줄은 몰랐는데 어떡해!	N	2022-10-09 17:54:16	2022-10-09 17:54:16
BE22026207	2	1	많이 급한 상황인거야? 갑자기 잘 쓰던 청소기가 그렇게 됐다니 많이 당황스럽겠네.	N	2022-10-09 17:54:16	2022-11-08 06:10:50
BE22026207	3	0	자기도 알다시피 난 자취를 하잖아. 시간이 날 때마다 청소를 해야 그나마 청결이 유지되는데 어떡하지? 나 지금 너무 당황스러워서 머리가 하얘졌어.	N	2022-10-09 17:54:16	2022-10-09 17:54:16
BE22026207	4	1	지금 네가 많이 놀란 것 같은데, 조금만 차분하게 마음에 여유를 가져보자. 그래야 다음에 네가 할 일에 대해서 더 집중할 수 있으니까.	N	2022-10-09 17:54:16	2022-11-08 06:10:50
BE22026207	5	0	내가 쓰던 청소기가 예전에 해외에서 사 온 거라서 서비스 센터가 국내에 없단 말이야. 당장 새로운 청소기를 사자니 여유 자금이 부족하고, 고쳐서 쓰자니 수리받을 곳이 없는데 어떡해!	N	2022-10-09 17:54:16	2022-10-09 17:54:16
BE22026207	6	1	저런, 그런 상황이라면 네가 정말 당황스럽겠는걸? 갑자기 잘 써오던 물건이 한 순간에 고장난 거잖아.	N	2022-10-09 17:54:16	2022-11-08 06:10:50
BE22026207	7	0	자기도 알다시피 난 위생이랑 청결에 엄청 예민하잖아. 예전에 본가에서 가족들이랑 같이 지낼 때도 매일 매일 청소기는 돌렸어. 자취를 하게 된 지금은 나 혼자 책임져야 하니까 더 예민하단 말야.	N	2022-10-09 17:54:16	2022-10-09 17:54:16
BE22026207	8	1	그렇게나 중요하게 생각하는 게 청소인데 갑자기 이렇게 돼서 나도 안타깝네. 그리고 난 네가 전혀 예민하다고 생각하지 않는걸. 독립한 뒤 네 스스로를 책임지려고 하는 게 멋지게만 보여.	N	2022-10-09 17:54:16	2022-10-09 17:54:16
BE22026207	9	0	청소기 돌리고 집안 정리를 해야지만 내 일상을 제대로 사는 것 같은 기분이 든단 말이야. 그게 내 법칙인데. 내 일상의 규칙이 깨진 것만 같은 기분이 드네.	N	2022-10-09 17:54:16	2022-10-09 17:54:16
BE22026207	10	1	물론 계획대로만 인생이 흘러가면 참 좋겠지만, 오늘처럼 갑자기 청소기가 고장날 수도 있고 그런 거지. 이번 일을 계기로 좀 더 마음에 여유를 가져보는 건 어때? 어떻게든 청소기를 고칠 수 있는 방법이 있을거야.	N	2022-10-09 17:54:16	2022-11-08 06:10:50
BE22026207	11	0	갑자기 청소를 못 하게 되니까 당황스럽고 마음이 허하네. 내가 너무 청소를 강박적으로 하나? 나는 그냥 열심히 집안일을 하는 게 나 자신을 돌보는 것 같아서 하는 건데.	N	2022-10-09 17:54:16	2022-10-09 17:54:16
BE22026207	12	1	청소 안 해서 지저분하게 사는 것보단, 깨끗하게 정리하고 청소하는 게 건강에도 좋지 않겠어? 자기는 잘못한 것 없으니까 너무 자신에 대해서 부정적으로 생각하지마. 사용하던 물건이 고장나면 누구나 당황스러운 마음이 들 수 있잖아.	N	2022-10-09 17:54:16	2022-11-08 06:10:50
BE22026207	13	0	그렇기는 한데, 나한테 이렇게 청소기가 일상에서 큰 부분을 차지하게 될 줄은 정말 몰랐어. 앞으로 어떻게 집안을 해야할지 생각도 못 하겠어.	N	2022-10-09 17:54:16	2022-10-09 17:54:16
BE22026207	14	1	그래도, 어떻게든 방법은 찾을 수 있기 마련이니까 긍정적으로도 한 번 생각해보자. 청소기가 있어야지만 청소를 할 수 있는 건 아니잖아. 물걸레나 먼지털이같은 도구를 이용하는 방법도 있고 말이야.	N	2022-10-09 17:54:16	2022-11-08 06:10:50
BE22026207	15	0	그래도 청소기가 제일 강력하긴 한데, 당분간 청소기를 못 쓰게 되니까 어쩔 수 없겠지? 자기 말대로 다른 방법으로 청소를 해야겠네. 사실 청소기가 갑자기 고장나버리니까 너무 당황해서 그런 생각은 아예 하지도 못했거든.	N	2022-10-09 17:54:16	2022-10-09 17:54:16
BE22026207	16	1	그래, 그렇게 마음에 여유를 가지고 생각해보면 반드시 해답이 나오게 돼 있어. 꼭 서비스 센터가 아니어도 가전제품을 수리하는 다른 업체를 찾아가는 방법도 있으니까.	N	2022-10-09 17:54:16	2022-11-08 06:10:50
BE22026207	17	0	그래, 자기 말대로 정리하면서 그 동안 다른 방법을 찾아봐야겠다. 갑자기 이런 일이 생길 줄은 몰랐어. 당황스럽기만 했는데 이제야 제대로 생각을 정리하게 된 것 같아.	N	2022-10-09 17:54:16	2022-10-09 17:54:16
BE22026207	18	1	우리 자기가 한 결 나아졌다니, 정말 다행이야.	Y	2022-10-09 17:54:16	2022-11-08 06:10:50
