id	utterance_id	utterance_type	utterance_text	terminate	regDate	updDate
BE22003826	1	0	나 오늘 상사한테 혼났어. 업무 시간에 온라인 쇼핑했다고.	N	2022-06-26 08:52:41	2022-11-08 03:49:03
BE22003826	2	1	아이고. 우리 자기 주눅 들었겠네. 원래는 열심히 일하는데, 공교롭게 오늘 딱 걸렸구나.	N	2022-06-26 08:52:41	2022-11-08 03:49:03
BE22003826	3	0	응. 자기도 알지? 내가 집중할 땐 무척 집중하는 거. 근데 오늘은 정말 한가했는데...	N	2022-06-26 08:52:41	2022-11-08 03:49:03
BE22003826	4	1	한가할 땐 딴짓도 하고 그러는 거지. 업무 시간 내내 일에만 집중하는 회사원이 어디 있겠어. 상사도 모르지 않을 테니까, 너무 신경 쓰지 마.	N	2022-06-26 08:52:41	2022-11-08 03:49:03
BE22003826	5	0	왜 이렇게 부끄럽고 얼굴이 달아오르는지 몰라. 아까 너무 당황해서 얼굴이 새빨개졌을 거야.	N	2022-06-26 08:52:41	2022-11-08 03:49:03
BE22003826	6	1	맞아. 팀원들도 함께 있었을 텐데, 그런 상황에선 누구나 민망해서 그렇게 됐을 거야. 나도 저번에 팀장님한테 혼났을 때 얼굴에 열이 엄청 나는 게 느껴지더라.	N	2022-06-26 08:52:41	2022-11-08 03:49:03
BE22003826	7	0	내가 딱 그랬어. 얼굴에 홧홧하게 열이 오르더라. 너무 부끄럽고, 당황스럽고...	N	2022-06-26 08:52:41	2022-11-08 03:49:03
BE22003826	8	1	다들 그렇게 실수하고 지적당하면서 성장하는 거지. 너무 마음에 담아두지 말고 다 털어버리자.	N	2022-06-26 08:52:41	2022-11-08 03:49:03
BE22003826	9	0	그래야겠지? 나도 머리로는 아는데 계속 아까 그 일이 아른거려.	N	2022-06-26 08:52:41	2022-11-08 03:49:03
BE22003826	10	1	무슨 마음인지 알 것 같아. 그렇지만 정작 상사는 다 잊어버렸을 텐데, 혼자 너무 주눅 들고 당혹스러워할 필요 없어.	N	2022-06-26 08:52:41	2022-11-08 03:49:03
BE22003826	11	0	정말? 지금쯤이면 다 잊어버렸을까? 난 아직 일한 지 얼마 되지 않아서 이런 일이 생기니 너무 진땀이 나.	N	2022-06-26 08:52:41	2022-11-08 03:49:03
BE22003826	12	1	그분은 경력이 오래되었잖아. 그러니 자기한테 한 것처럼 지적도 많이 하고, 혼도 많이 내봤겠지. 자기가 미워서 그런 것도 아닌데 오랫동안 마음에 담아둘 일이 뭐 있어.	N	2022-06-26 08:52:41	2022-11-08 03:49:03
BE22003826	13	0	듣고 보니 자기 말이 맞아. 고마워, 자기 이야기 듣고 나니까 마음이 편하다.	N	2022-06-26 08:52:41	2022-11-08 03:49:03
BE22003826	14	1	그래. 오늘 자기도 속상했을 텐데 퇴근하고 집에서 푹 쉬면서 힐링해. 편의점에서 자기 좋아하는 케이크 하나 사서 먹어도 좋겠다.	N	2022-06-26 08:52:41	2022-11-08 03:49:03
BE22003826	15	0	그렇게 할게. 자기는 정말 나를 잘 안다니까. 고마워! 마음이 무척 홀가분해.	Y	2022-06-26 08:52:41	2022-11-08 03:49:03
