id	utterance_id	utterance_type	utterance_text	terminate	regDate	updDate
BE22026494	1	0	자기야, 나 진짜 혼란스럽다. 오늘 전체 매출 분석 컨설팅을 받았는데 예상치 못한 당황스러운 결과를 받았어.	N	2022-10-10 11:23:14	2022-10-10 11:23:14
BE22026494	2	1	왜 그래, 무슨 일인데 우리 자기가 놀랄 결과가 나온거야?	N	2022-10-10 11:23:14	2022-10-10 11:23:14
BE22026494	3	0	작년에 우리 매장 확장했는데, 그 이후로 손님이 점점 줄고 있더라고. 그 수치가 크지 않아서 몰랐는데, 전체적인 그래프로 보니 그렇더라고. 몰랐던 사실이라 당황스러웠어, 더 잘 되고 있는줄 알았거든.	N	2022-10-10 11:23:14	2022-10-10 11:23:14
BE22026494	4	1	손님이 오히려 줄었다니, 나도 당황스럽네. 확장 이후로 더 늘고 잘 되고 있는 것처럼 보였잖아. 어찌 된 영문인지 나도 전혀 모르겠어서 혼란스럽네.	N	2022-10-10 11:23:14	2022-11-08 06:12:31
BE22026494	5	0	나도 당연히 잘 되고 있는 줄 알았는데, 아니었다는게 충격이야. 그리고 가끔 이렇게 전체 점검을 했어야 하는데 내가 몰랐다는 것도 당황스럽고. 매출에 너무 신경을 안 쓰고 있었나봐.	N	2022-10-10 11:23:14	2022-10-10 11:23:14
BE22026494	6	1	겉으로 보기에는 잘 되어가는 것 같아서 신경을 안 쓴 거겠지. 나도 우리 자기가 당황스러운 만큼 놀랐어. 우리 자기 가게가 오히려 매출이 늘었다고 생각했거든, 충격이네.	N	2022-10-10 11:23:14	2022-11-08 06:12:31
BE22026494	7	0	이유를 모르겠어서 더 충격인 것 같아. 이유를 알아야 개선할텐데, 전혀 갈피를 못 잡고 있는 상황이야.	N	2022-10-10 11:23:14	2022-10-10 11:23:14
BE22026494	8	1	아마 분명 이유가 있겠지, 그리고 해결할 수 있을 테니 걱정하지 마. 지금껏 잘 해 온 것처럼 한번 더 성장할 시간인거지. 지금이라도 상황을 알아챌 수 있어서 다행이라고 마음 편하게 생각해보자.	N	2022-10-10 11:23:14	2022-11-08 06:12:31
BE22026494	9	0	맞아, 자기 말대로 상황을 깨닫게 된 게 아주 중요한 일이지. 파악을 했으니 고치면 돼, 분명 잘 해결 될거야.	N	2022-10-10 11:23:14	2022-10-10 11:23:14
BE22026494	10	1	사장으로서 가게를 운영한다는게 결코 쉬운 일이 아니지. 우리 자기 너무 잘 하고 있어, 매일 최선을 다해 일하잖아.	N	2022-10-10 11:23:14	2022-11-08 06:12:31
BE22026494	11	0	손님이 줄고 있다는 사실이 당황스러웠는데, 잘 생각해 보면 답을 찾을 수 있을거야. 자기 덕분에 그래도 용기를 많이 얻는다, 고마워.	N	2022-10-10 11:23:14	2022-10-10 11:23:14
BE22026494	12	1	난 자기 믿어, 지금이 자기의 가게가 더 성장할 좋은 기회일 수도 있어. 전화위복이라는 말도 있잖아, 우리 잘 해 낼거야.	N	2022-10-10 11:23:14	2022-11-08 06:12:31
BE22026494	13	0	고마워 자기야, 이따 또 연락할게.	N	2022-10-10 11:23:14	2022-10-10 11:23:14
BE22026494	14	1	그래, 우리 자기 행복한 하루 보내.	Y	2022-10-10 11:23:14	2022-10-10 11:23:14
