id	utterance_id	utterance_type	utterance_text	terminate	regDate	updDate
BE22026040	1	0	헬스클럽에 처음 다녀왔는데 기구 이용 외에도 참여할 수 있는 운동 프로그램 많더라. 재밌어 보이는 운동이 있길래 시간 맞춰서 다녀왔거든. 분명히 초급이었는데 예상보다 너무 어려워서 당황했어.	N	2022-10-09 09:13:45	2022-10-09 09:13:45
BE22026040	2	1	운동 시작 한다고 좋아하더니 그런 일이 있었구나. 처음이라 익숙하지 않아서 당황했지? 적응하려면 시간이 좀 필요할거야.	N	2022-10-09 09:13:45	2022-11-08 06:09:50
BE22026040	3	0	나름 운동 신경이 좋다고 생각했는데 생각처럼 잘 안되는 거 있지? 남들이 다 하는 쉬운 동작도 못해서 많이 헤맸어. 나중에는 왼쪽, 오른쪽까지 헷갈려서 어찌나 당황스럽던 지 몰라.	N	2022-10-09 09:13:45	2022-11-08 06:09:50
BE22026040	4	1	한 번 당황하기 시작하면 평소에 잘하던 것도 엉망진창이 되어버리더라. 자기는 처음 하는 거니까 더더욱 어렵게 느껴졌을거야. 누구나 처음엔 다 그래.	N	2022-10-09 09:13:45	2022-11-08 06:09:50
BE22026040	5	0	코치하시는 선생님이 나중에는 거의 내 주변에서 나만 교정해주시는데 민망해서 땀이 다 날 지경이었어. 긴장했더니 움직임이 더 뻣뻣해지고 사람들이 자꾸 날 쳐다보는 것 같았어. 중간에 포기하고 나갈 수도 없고 정말 어쩔 줄 모르겠더라고.	N	2022-10-09 09:13:45	2022-10-09 09:13:45
BE22026040	6	1	그래도 포기 안하고 끝마친 건 대단한거야. 중간에 나가는 사람들도 많거든. 잘 안되더라도 노력하는 모습이 운동에서 꼭 필요한 덕목이라고 생각하는데 자기는 기본 자세가 되어있네.	N	2022-10-09 09:13:45	2022-11-08 06:09:50
BE22026040	7	0	하기 쉬운 운동이 뭔지 물어봤는데 개설된 프로그램 중에는 그게 가장 쉬운 거래서 또 당황했어. 다시 참여할 자신감이 사라졌는 걸. 운동은 하고 싶은데 정말 이러지도 저러지도 못하고 난감해.	N	2022-10-09 09:13:45	2022-10-09 09:13:45
BE22026040	8	1	다른 사람들도 처음부터 잘하진 않았을거야. 익숙해지면 자기도 얼마든지 능숙하게 따라할거야. 너무 조급하게 생각하지 말고 할 수 있는 만큼만 천천히 해.	N	2022-10-09 09:13:45	2022-11-08 06:09:50
BE22026040	9	0	자기 말 듣고 보니 내가 또 너무 잘하려고 욕심냈던 것 같네. 조급하게 빨리 잘하고 싶은 마음이 앞섰나 보다. 나의 이 조급증은 아주 고질병인가 봐.	N	2022-10-09 09:13:45	2022-11-08 06:09:50
BE22026040	10	1	자기가 항상 우등생이었으니까 못하는 모습을 보면 더 당황하는 게 아닐까? 늘 잘하던 모습만 봐와서 스스로에 지나치게 엄격할 때가 있는 것 같아.	N	2022-10-09 09:13:45	2022-11-08 06:09:50
BE22026040	11	0	나를 아주 정확히 파악했구나? 맞아 나도 요즘 그렇다는 걸 많이 느껴. 남들은 나한테 잘한다고 말해줘도 스스로 부족함을 많이 느끼거든.	N	2022-10-09 09:13:45	2022-10-09 09:13:45
BE22026040	12	1	그래서 더 열심히 노력하는 거구나. 잘 못해도 즐겁게 하는 사람들도 많이 있어. 자기도 그런 편안함을 느껴보면 좋을 것 같아.	N	2022-10-09 09:13:45	2022-11-08 06:09:50
BE22026040	13	0	그런 사람들이 정말 부럽더라. 하지만 난 더 잘하고 싶어. 잘하면서 즐기는 그 느낌이 정말 좋거든.	N	2022-10-09 09:13:45	2022-10-09 09:13:45
BE22026040	14	1	최고가 되고자 노력하는 그 태도가 멋져. 계속 더 발전해나가는 원동력이 되잖아. 자기는 노력하는 습관까지 뒷받침되어 있으니 조만간 운동도 잘하게 될거야.	Y	2022-10-09 09:13:45	2022-11-08 06:09:51
