id	utterance_id	utterance_type	utterance_text	terminate	regDate	updDate
BE22013796	1	0	자기야, 나 지금 너무 당황해서 어떻게 해야 할지 모르겠어. 서점에서 두꺼운 책을 들고 가다가 모르는 사람 발에 떨어뜨렸거든. 너무 부끄러워서 어떻게 대처해야 할지 모르겠어.	N	2022-08-10 10:55:26	2022-08-10 10:55:26
BE22013796	2	1	그런 실수를 저질렀다니, 자기가 정말 당혹스러울 것 같네. 자기 이야기를 들으니, 나도 너무 부끄러워서 얼굴이 벌겋게 물드는 것 같아.	N	2022-08-10 10:55:26	2022-11-08 04:52:45
BE22013796	3	0	서점에서 우연히 곁을 지나가던 직원에게 그런 실수를 저질렀어. 너무 부끄러워서 쥐 구멍에라도 숨고 싶은 심정이야.	N	2022-08-10 10:55:26	2022-08-10 10:55:26
BE22013796	4	1	난 우리 회사 직원의 가방만 툭 쳐도 너무 민망하고 당혹스럽거든. 자기가 그렇게 당황하는 것도 너무나 당연해.	N	2022-08-10 10:55:26	2022-11-08 04:52:45
BE22013796	5	0	너무 미안해서 사과의 말이라도 하고 싶었는데, 그 직원이 금방 지나가 버렸어. 미안하다는 내 나지막한 목소리도 안 들린 것 같아서, 정말 부끄러워.	N	2022-08-10 10:55:26	2022-08-10 10:55:26
BE22013796	6	1	나라도 너무 난감해서 온몸에 진땀이 났을 것 같아. 자기가 얼마나 당황해할지, 나는 상상조차 할 수 없을 정도야.	N	2022-08-10 10:55:26	2022-11-08 04:52:45
BE22013796	7	0	내가 저지른 실수를 생각하니, 등에서 식은땀이 줄줄 흘러내려. 왜 책을 손으로 꽉 붙잡고 있지 않았는지 자책이 되기도 하고.	N	2022-08-10 10:55:26	2022-11-08 04:52:45
BE22013796	8	1	자기가 당황한 모습을 보니, 내 마음에도 절망감이 밀려오는 것 같아. 무슨 말로 자기를 위로해 줘야 할지 모르겠어.	N	2022-08-10 10:55:26	2022-11-08 04:52:45
BE22013796	9	0	내가 왜 좀더 조심스럽게 행동하지 못했을까? 너무 당황스럽기도 하고, 나 자신이 너무 부끄러워서 미칠 것 같아.	N	2022-08-10 10:55:26	2022-11-08 04:52:45
BE22013796	10	1	자기 마음을 조금이라도 위로해 주고 싶어. 자기 마음이 편안해질 수 있다면 뭐든지 해 주고 싶은 심정이야. 그러니 이제 너무 당황해하지 말고, 마음 편하게 가졌으면 좋겠어.	N	2022-08-10 10:55:26	2022-11-08 04:52:45
BE22013796	11	0	조금 전만 하더라도 정말 힘들었는데, 자기 이야기를 들으니 마음이 한결 가벼워진 것 같아. 힘든 나를 위로해 줘서 정말 고마워.	N	2022-08-10 10:55:26	2022-11-08 04:52:45
BE22013796	12	1	내 말이 조금이라도 위로가 된 것 같아서 정말 기뻐. 편안한 기분으로 그 직원에게 가서 정식으로 사과하면 따뜻하게 받아줄 거야.	N	2022-08-10 10:55:26	2022-11-08 04:52:45
BE22013796	13	0	자기랑 이야기하다 보니 마음이 편안해져서 이제 그럴 용기가 생긴 것 같아. 힘든 순간마다 늘 내 마음을 따뜻하게 챙겨 줘서 진심으로 고맙게 생각해.	N	2022-08-10 10:55:26	2022-11-08 04:52:45
BE22013796	14	1	미안한 마음을 전하면 그 직원도 네 진심을 이해해 줄 거야. 그러니 이제 더 이상 당황해하지 마.	N	2022-08-10 10:55:26	2022-11-08 04:52:45
BE22013796	15	0	자기 같은 사람을 만난 건 정말 큰 행운이야. 정말 고맙고 내가 앞으로 더 잘하도록 노력할게. 정말 사랑해, 자기야.	Y	2022-08-10 10:55:26	2022-11-08 04:52:45
