id	utterance_id	utterance_type	utterance_text	terminate	regDate	updDate
BE22026007	1	0	이런 일이 있을 줄은 예상을 못했는데.	N	2022-10-09 07:59:01	2022-10-09 07:59:01
BE22026007	2	1	왜 그래 자기야 무슨 일 있어?	N	2022-10-09 07:59:01	2022-10-09 07:59:01
BE22026007	3	0	오늘 얼른 일을 끝내고 집에서 쉬고 싶어서 재택근무로 일을 하고 있거든. 근데 집 밖에서 갑자기 시끄러운 소리가 너무 나네. 소리 녹음도 해야 하는데 지금 일을 하나도 할 수가 없어서 당황스러워.	N	2022-10-09 07:59:01	2022-11-08 06:09:39
BE22026007	4	1	집에서 편하게 일하려고 했는데 예상하지 못한 상황때문에 난관에 부딪혔구나. 그런 상황이면 자기가 정말 당황했을 만 하네.	N	2022-10-09 07:59:01	2022-11-08 06:09:39
BE22026007	5	0	그래서 생각보다 작업이 늦게 끝날 것 같아서 당황스러워. 오래 걸릴 일이 아니어서 그냥 집에 일찍 왔거든. 근데 왜 이런 소리가 나는 거지 참 속상하네.	N	2022-10-09 07:59:01	2022-10-09 07:59:01
BE22026007	6	1	그래도 집에 있으니까 일이 끝나면 바로 쉴 수 있잖아. 일 끝나고 뭐하지 생각하다 보면 시간이 훌쩍 지나있을 거야 자기야.	N	2022-10-09 07:59:01	2022-11-08 06:09:39
BE22026007	7	0	하지만 나는 일을 얼른 끝내고 싶단 말이야. 그리고 지금 상황은 내 계획과도 완전히 다른걸. 그래서 너무 당황스럽단 말이지.	N	2022-10-09 07:59:01	2022-10-09 07:59:01
BE22026007	8	1	소음도 분명히 조만간 줄어들 테니 너무 신경 쓰지 마. 그리고 얼른 일도 끝낼수 있을 거야! 너무 걱정하지 마 자기야.	N	2022-10-09 07:59:01	2022-11-08 06:09:39
BE22026007	9	0	어떻게 될지 나는 잘 모르니까 계속 기분이 안 좋은 것 같아.	N	2022-10-09 07:59:01	2022-11-08 06:09:39
BE22026007	10	1	모든 일은 결국 생각한 대로 이루어진다고 했어, 그러니 긍정적으로 생각을 해보자. 좋게 생각하면 분명 다 잘 될 테니 기분 풀어 자기야.	N	2022-10-09 07:59:01	2022-11-08 06:09:39
BE22026007	11	0	자기 말이 맞아, 계속 속상해 해봤자 바뀌는 것도 없고 잘 될 거라고 생각해야겠어.	N	2022-10-09 07:59:01	2022-11-08 06:09:39
BE22026007	12	1	오래 기운 차리지 못할까 봐 걱정했는데 참 다행이야, 역시 자기 멋져.	N	2022-10-09 07:59:01	2022-11-08 06:09:39
BE22026007	13	0	자기 아니었으면 계속 기분도 안 좋고 어떻게 해야 할 지도 잘 몰랐을 거야. 다 자기 덕분이야 고마워.	N	2022-10-09 07:59:01	2022-11-08 06:09:39
BE22026007	14	1	혹시 또 고민이 생기면 언제든지 연락하고, 난 항상 자기 편인 거 알지?	N	2022-10-09 07:59:01	2022-11-08 06:09:39
BE22026007	15	0	응 그러면 나는 얼른 일하러 가볼게!	Y	2022-10-09 07:59:01	2022-10-09 07:59:01
