id	utterance_id	utterance_type	utterance_text	terminate	regDate	updDate
BE22018313	1	0	나 오늘 직장 동료들이랑 점심시간에 대화했는데 내가 인생을 헛되게 산 것 같아서 당황스러워. 다들 휴가 때 국내나 해외로 여행을 자주 갔다 왔더라고. 그래서 내가 여행 잘 안 가는 걸 보고 되게 신기하게 보길래 당황했었어.	N	2022-09-15 04:59:52	2022-11-08 05:20:46
BE22018313	2	1	다른 사람들이 다 나를 그렇게 보면 나 같아도 어찌할 바를 모를 것 같아. 꼭 내가 잘못 산 게 아닐까 하는 느낌을 주게 만들잖아. 자기, 그때 그 상황에서 정말 숨이 막혔겠다.	N	2022-09-15 04:59:52	2022-11-08 05:20:46
BE22018313	3	0	응, 내 주변 사람들도 보면 다 여행 다니면서 돈을 쓰거든. 근데 나는 그렇게 하는 것보다 집이 편해서 쉬는 날이면 그냥 집에 있는단 말이야. 그런데 내가 잘못 사는 듯 자꾸만 여행을 가야 한다고 하니까 그 순간 당황스럽고 부끄러워지더라.	N	2022-09-15 04:59:52	2022-09-15 04:59:52
BE22018313	4	1	자기가 왜 그런 기분이었는지 나도 이해가 가. 꼭 정답에 빗나간 삶을 사는 게 아닐까 싶어서 괜히 나 자신을 되돌아보게 되잖아. 나도 명품 한두 개는 있어야 한다고 친구가 말할 때 하나도 없는 내가 좀 부끄러웠거든.	N	2022-09-15 04:59:52	2022-09-15 04:59:52
BE22018313	5	0	응, 꼭 나만 잘못 사는 것 같은 기분이 들어. 더구나 대놓고 뭐라고 하니까 어찌할 바를 모르겠더라. 그래서 혼자 다르게 사는 나 자신이 좀 창피해.	N	2022-09-15 04:59:52	2022-11-08 05:20:46
BE22018313	6	1	남들과 다르다는 건 못난 게 아니라 특별하다는 의미야, 자기 부끄러워할 이유가 전혀 없어! 각자 인생을 다르게 살 수밖에 없는데, 다르다는 이유로 위축하지 않았으며 해. 인생이란 게 사실 정답이 있는 게 아니라 내 길은 내가 만들어가는 거잖아.	N	2022-09-15 04:59:52	2022-11-08 05:20:46
BE22018313	7	0	하지만 여행 가는 게 그다지 재미없다고 하니까 직장 동료들이 나를 너무 신기하게 보더라고. 나 같은 사람들이 얼마 없단 걸 생각하면 좀 그래. 아니면 내가 여행의 진정한 맛을 아직도 모르는 게 아닌가 싶기도 하고 말이야.	N	2022-09-15 04:59:52	2022-11-08 05:20:46
BE22018313	8	1	자기야, 남들 때문에 잘 살던 일상 휘청이기보다는 소신을 가졌으며 해. 나도 사실 여행 다니면서 돈 쓰는 게 가끔은 낭비처럼 느껴지거든. 꼭 여행이라고 다 깨달음을 얻고 인생을 더 배우는 게 아니니까 부끄러워하지 마.	N	2022-09-15 04:59:52	2022-11-08 05:20:46
BE22018313	9	0	정말 자기 말처럼 이렇게 집이 편한 사람으로서 살아도 되는 거겠지? 아니면 직장 동료들처럼 지금이라도 여행을 다녀야 하나 좀 고민이거든.	N	2022-09-15 04:59:52	2022-09-15 04:59:52
BE22018313	10	1	다들 같게만 살면 얼마나 삶이 재미없어지겠어, 각기 다른 사람들이 모여서 삶도 다채로운 거지. 남들과 다를 뿐이지, 그게 틀린 게 아니잖아, 더구나 자기 같은 타입도 많아! 그러니 남들 장단에 맞춰 사려고 하지 말고 당당하게 소신을 가졌으며 좋겠어!	N	2022-09-15 04:59:52	2022-11-08 05:20:46
BE22018313	11	0	자기 말 들으니까 좀 안심이 돼. 아무래도 그렇게 대화할 때 내가 너무 당황해했기에 자꾸만 곱씹게 됐나 봐. 근데 자기가 그렇게 말해주니까 별것 아닌 것처럼 느껴져서 마음이 한결 괜찮아졌어.	N	2022-09-15 04:59:52	2022-11-08 05:20:46
BE22018313	12	1	응, 나도 사실 여행보단 집에서 시간 보내는 게 더 좋거든. 호텔에서 하룻밤 그냥 숙박한 채 시간을 보내는 사람도 있는데 뭘!	N	2022-09-15 04:59:52	2022-11-08 05:20:46
BE22018313	13	0	응, 그 말 들으니까 더 안심돼. 나 같은 사람도 있고, 나보다 더 한 사람들도 있겠지. 다음에는 누가 신기하게 쳐다봐도 부끄러워하지 않을게!	N	2022-09-15 04:59:52	2022-11-08 05:20:46
BE22018313	14	1	응, 그렇게 서로 다름을 인정하고 대화를 나누면 이야기하고 듣는 것도 더 재미있어질 거야. 각자 경험하는 게 다르면 아무래도 본인이 느끼지 못했던 걸 상대방이 알려줄 수도 있잖아. 그러니 다음에는 한 번 그렇게 대화해 봐!	N	2022-09-15 04:59:52	2022-11-08 05:20:46
BE22018313	15	0	응, 정말 도움이 되는 말이야. 다음부턴 그렇게 할게. 얘기 들어줘서 고마워!	Y	2022-09-15 04:59:52	2022-11-08 05:20:46
