id	utterance_id	utterance_type	utterance_text	terminate	regDate	updDate
BE22027085	1	0	자기, 나 오늘 너무 당황스러운 일이 있었어. 아직도 가슴이 떨리고 진정이 안 돼.	N	2022-10-11 13:14:30	2022-10-11 13:14:30
BE22027085	2	1	자기 지금 회사 아니야? 대체 무슨 일이 있었길래 그래?	N	2022-10-11 13:14:30	2022-10-11 13:14:30
BE22027085	3	0	회의 시간에 다른 생각을 했는데 걸렸어. 집에 나올 때 가스 불을 끄고 나왔나 그 생각이 갑자기 들어서 회의 집중을 못 했거든. 근데 실장님이 나보고 좋은 아이디어 없냐고 물으셔서 다른 생각했단 걸 들키고 말아서 부끄럽고 당황스러워.	N	2022-10-11 13:14:30	2022-11-08 06:16:01
BE22027085	4	1	그 장면을 그려보니 자기가 왜 그렇게나 당황스러워하는지 이해가 가. 아무래도 다른 사람들 앞에서 다른 생각했단 게 탄로 나면 창피하지. 자기 정말 그 상황에서 어쩔 줄 몰랐겠네.	N	2022-10-11 13:14:30	2022-11-08 06:16:01
BE22027085	5	0	응, 너무 당황스러워서 아무 말도 못 하겠더라고. 실장님이 정신 다른 데 두고 있었냐고 물을 때도 수습도 못 하고 벙찐 채로 있었어.	N	2022-10-11 13:14:30	2022-11-08 06:16:01
BE22027085	6	1	아무래도 놀라는 순간에는 금방 대처하기가 힘들지. 자기 그것 때문에 고민이 크겠다. 그 순간 부끄러워서 얼굴에 열도 올랐을 것 같네.	N	2022-10-11 13:14:30	2022-11-08 06:16:01
BE22027085	7	0	응, 아마 그때 내 얼굴에서 당황스러움이 다 드러났을 거야. 앞으로 내 사회생활 어떡하면 좋아. 곧 있으면 정규직 전환도 결정 나는데 부끄러운 일을 저질러서 당혹스러워.	N	2022-10-11 13:14:30	2022-10-11 13:14:30
BE22027085	8	1	그 정도야 사실 자기는 당사자라서 크게 보이는 거지, 남들 눈에는 별일 아니야. 그러니까 이미 지나간 일에 부끄러워하지 말고 금방 툴툴 털어버리고 잊었으면 좋겠어. 오늘 있었던 일은 다음에 만회하면 되니까 말이야!	N	2022-10-11 13:14:30	2022-11-08 06:16:01
BE22027085	9	0	하지만 그때 내가 당황했어도 금방 뭐라고 대답이라도 하면서 수습했어야 했는데 말이야. 그러지 못해서 더 당황스러워. 내 정규직 전환에 불이익이 생길 것 같아.	N	2022-10-11 13:14:30	2022-10-11 13:14:30
BE22027085	10	1	단 한 순간의 일로 결정하지 않아, 자기가 여태 열심히 했던 것들을 생각하면서 마음을 차분하게 가라앉히자. 자기 그동안 성실하게 모든 일에 최선을 다하면서 책임감 있게 임했잖아. 자기처럼 그렇게 책임감이 강한 사람은 흔치 않아, 분명 자기를 좋게 볼 게 뻔해!	N	2022-10-11 13:14:30	2022-11-08 06:16:01
BE22027085	11	0	자기가 그렇게 격려해주고 위로해주니까 마음이 편안해져. 아무래도 내가 오늘 이런 적이 처음이라 너무 당황했었나 봐. 회의 시간에 다른 생각을 하다 들킨 게 처음이었거든!	N	2022-10-11 13:14:30	2022-11-08 06:16:01
BE22027085	12	1	원래 처음 겪는 일에 다들 차분하게 대처하지 못하지. 그래도 그런 일은 작은 실수에 속하는 편이니까 너무 창피하게 여기지 마. 누구나 사회생활 하다 보면 다들 그렇게 멍 때리곤 해.	N	2022-10-11 13:14:30	2022-11-08 06:16:01
BE22027085	13	0	난 아무래도 회사 생활이 처음이라서 너무 크게 놀랐나 봐. 그래도 자기 말 들으니까 안심이 된다. 이렇게 도움이 되는 말을 해줘서 고마워!	N	2022-10-11 13:14:30	2022-11-08 06:16:01
BE22027085	14	1	아냐, 금방 진정이 된 것 같아서 나야말로 안심인걸. 다음에는 그런 일 안 생기게 주의하기를 바랄게!	Y	2022-10-11 13:14:30	2022-11-08 06:16:01
