id	utterance_id	utterance_type	utterance_text	terminate	regDate	updDate
BE22006021	1	0	나 정말 이렇게 살아도 되는 걸까.	N	2022-07-04 07:59:29	2022-11-08 04:03:09
BE22006021	2	1	너만큼 열심히 네 삶에 충실하게 살고 있는 사람이 어디 있다고 그래!	N	2022-07-04 07:59:29	2022-11-08 04:03:09
BE22006021	3	0	하하, 고마워. 사실 오늘 졸업식이었잖아? 같이 입학한 동기들 전부 다 학사모를 썼는데, 나만 박수 쳐주고 있으니 너무 힘이 빠지네.	N	2022-07-04 07:59:29	2022-11-08 04:03:09
BE22006021	4	1	아, 동기들이 오늘 졸업을 하는 모습을 보니까 네가 마음이 좋지 않았구나. 분명 축하해줘야 하는 일인데, 마냥 축하해줄 수 없어서 좀 씁쓸했을 것 같아.	N	2022-07-04 07:59:29	2022-11-08 04:03:09
BE22006021	5	0	응, 맞아. 씁쓸하기도 하고, 후. 졸업이 자꾸 늦어지니까 자꾸 불안하고 걱정돼서 좀 마음이 안 좋아.	N	2022-07-04 07:59:29	2022-11-08 04:03:09
BE22006021	6	1	다른 사람보다 뒤처진 것 같아서 조바심도 들고, 내가 잘하고 있는 건지 걱정스러운 마음이구나.	N	2022-07-04 07:59:29	2022-11-08 04:03:10
BE22006021	7	0	잘하고 있다고 스스로 계속 다독거려봐도 좀처럼 힘이 안 나네. 앞으로 나는 어떡하지. 걱정스러워, 정말.	N	2022-07-04 07:59:29	2022-11-08 04:03:10
BE22006021	8	1	나도 취업 준비할 때 비슷한 경험이 있어서 무슨 마음인지 알 것 같아. 동기들 모두 취업이 됐는데, 나만 늦어져서 정말 힘들었거든.	N	2022-07-04 07:59:29	2022-11-08 04:03:10
BE22006021	9	0	나는 나름대로 열심히 하고 있다고 생각했는데, 자꾸 남들보다 늦어지니까 나에 대한 자신감도 떨어지고 말이야.	N	2022-07-04 07:59:29	2022-11-08 04:03:10
BE22006021	10	1	사람마다 자기의 속도가 있다고 하잖아, 모두가 같은 속도로 살아가면 재미 없을 거야! 그리고 원래 큰 그릇은 늦게 만들어진다고 하잖아. 너라는 그릇을 더 꼼꼼하고 튼튼하게 만들기 위한 과정이지 않을까?	N	2022-07-04 07:59:29	2022-11-08 04:03:10
BE22006021	11	0	졸업을 빨리한다고 해서 좋은 게 아니라는 것도 알아. 하지만 늦게 하는 것보다는 그래도 빨리하는 게 낫잖아.	N	2022-07-04 07:59:29	2022-11-08 04:03:10
BE22006021	12	1	물론 빨리 완벽하게 한다면 가장 좋겠지. 하지만 그러느라 신중하게 살펴봐야 하는 것을 놓쳐버릴 수도 있어. 그럴 바엔 느리더라도 제대로 하는 게 나은 것 같아.	N	2022-07-04 07:59:29	2022-11-08 04:03:10
BE22006021	13	0	속도가 중요하지 않다는 건 알지만, 그래도 불안하고 걱정되는 건 어쩔 수가 없네.	N	2022-07-04 07:59:29	2022-11-08 04:03:10
BE22006021	14	1	아기돼지 삼형제 이야기에서 가장 오래 공을 들인 셋째 돼지의 집이 가장 튼튼했던 거, 기억하지? 너는 지금 공들여서 너를 만들고 있는 중이야, 그러니까 조급하고 걱정스럽더라도 너를 더 믿었으면 좋겠어.	N	2022-07-04 07:59:29	2022-11-08 04:03:10
BE22006021	15	0	네가 그렇게 말해주니 조금 마음이 놓인다. 나를 공들여서 만드는 중이다 하는 말이 와닿네. 고마워.	N	2022-07-04 07:59:29	2022-11-08 04:03:10
BE22006021	16	1	이렇게 걱정스럽고 불안한 마음이 드는 건 다 네가 네 삶에 진심이기 때문일 거야. 잘하고 있고, 잘해낼 거야.	Y	2022-07-04 07:59:29	2022-11-08 04:03:10
