id	utterance_id	utterance_type	utterance_text	terminate	regDate	updDate
BE22001336	1	0	나 공무원 준비하다가 그만뒀어.	N	2022-06-15 00:21:06	2022-11-08 03:33:03
BE22001336	2	1	꽤 오래 준비하고 있었잖아. 다른 일이라도 하려고?	N	2022-06-15 00:21:06	2022-11-08 03:33:03
BE22001336	3	0	응, 공무원 대신에 동시통역사 준비하고 있어.	N	2022-06-15 00:21:06	2022-11-08 03:33:03
BE22001336	4	1	정말? 너랑 잘 어울려. 왠지 잘 해낼 것 같아.	N	2022-06-15 00:21:06	2022-11-08 03:33:03
BE22001336	5	0	근데 하던 공부를 멈추고 갑자기 새로운 일에 뛰어드는 게 부담인가 봐. 매일 너무 걱정돼서 잠이 안 와.	N	2022-06-15 00:21:06	2022-11-08 03:33:03
BE22001336	6	1	걱정이 되지 않는 게 이상할지도 몰라. 그래도 네가 충분히 고민하고 결정 내린 일이니까, 잘 할 수 있을 거야.	N	2022-06-15 00:21:06	2022-11-08 03:33:03
BE22001336	7	0	그럴까? 슬슬 취업하는 친구들이 많은데 나만 너무 뒤떨어진 것 같아.	N	2022-06-15 00:21:06	2022-11-08 03:33:03
BE22001336	8	1	뒤떨어지는 것 같은 느낌이 들 수 있지만 누구나 저마다의 속도가 있는 거야. 너는 네 길을 잘 가고 있어.	N	2022-06-15 00:21:06	2022-11-08 03:33:03
BE22001336	9	0	그런 거겠지? 그래도 하고 싶은 공부를 찾으니까 더 잘 되는 거 같긴 해.	N	2022-06-15 00:21:06	2022-11-08 03:33:04
BE22001336	10	1	나도 카페 아르바이트에서 횟집 아르바이트로 옮겼는데 이게 더 적성에 맞아. 일도 더 잘해.	N	2022-06-15 00:21:06	2022-11-08 03:33:04
BE22001336	11	0	네가 해산물을 좋아해서 그런가?	N	2022-06-15 00:21:06	2022-11-08 03:33:04
BE22001336	12	1	응. 나는 사실 커피를 안 먹어서 그런지 카페 알바가 별로 재미가 없더라고. 너도 공무원보다 동시통역사 공부가 더 잘 맞을 거야.	N	2022-06-15 00:21:06	2022-11-08 03:33:04
BE22001336	13	0	그렇게 말해주니까 기운이 난다. 너무 조급해하지 말아야지.	N	2022-06-15 00:21:06	2022-11-08 03:33:04
BE22001336	14	1	이 나이에 꿈을 찾아서 뭐든 하는 것만으로도 의미가 있어. 나도 아르바이트 몇 개 더 늘려보려고.	N	2022-06-15 00:21:06	2022-11-08 03:33:04
BE22001336	15	0	너무 무리하지는 마. 밥 잘 챙겨 먹으면서 하고.	N	2022-06-15 00:21:06	2022-11-08 03:33:04
BE22001336	16	1	너도. 좋은 소식 있으면 꼭 말해주기다.	Y	2022-06-15 00:21:06	2022-11-08 03:33:04
