id	utterance_id	utterance_type	utterance_text	terminate	regDate	updDate
BE22004403	1	0	나 이제 통증은 사라졌는데 아직 속이 메슥거려. 무슨 큰 병이 아닌가 걱정돼.	N	2022-06-28 00:46:36	2022-11-08 03:52:43
BE22004403	2	1	아 그래? 통증이 사라진 건 다행인데 속이 편해지지 않아서 걱정되는구나.	N	2022-06-28 00:46:36	2022-11-08 03:52:43
BE22004403	3	0	응. 어제부터 너무 메슥거리더라고. 통증이 사라지니 더 메슥거림이 심하게 느껴져.	N	2022-06-28 00:46:36	2022-11-08 03:52:43
BE22004403	4	1	아 너무 힘들겠다. 임신은 아니지?	N	2022-06-28 00:46:36	2022-11-08 03:52:43
BE22004403	5	0	응. 테스트기 해봤어. 임신은 아닌데 왜 이렇게 입덧하는 느낌이 드는지 모르겠어. 아무래도 병원에 가야겠어. 왜 이렇게 불안하지?	N	2022-06-28 00:46:36	2022-11-08 03:52:43
BE22004403	6	1	임신이 아닌 걸 아니까 다른 병이 있는 건 아닌지 걱정되는구나.	N	2022-06-28 00:46:36	2022-11-08 03:52:43
BE22004403	7	0	가족력이 있어 더 불안해지는 거 같아.	N	2022-06-28 00:46:36	2022-11-08 03:52:44
BE22004403	8	1	응 충분히 불안할 수 있어. 이해해. 네가 늘 엄마가 위암이셨다고 조심해야 한다고 했잖아. 그런 마음을 가지고 있으니 비슷한 증상만 있어도 걱정이 될 거 같아.	N	2022-06-28 00:46:36	2022-11-08 03:52:44
BE22004403	9	0	아, 정말 내일은 꼭 병원에 가봐야겠어.이렇게 걱정만 하고 있으니 불안감이 더 커지는 거 같아.	N	2022-06-28 00:46:36	2022-11-08 03:52:44
BE22004403	10	1	정말 잘 생각했어. 이런 문제일수록 빨리 의사에게 가는 것이 현명한 일인 것 같아.	N	2022-06-28 00:46:36	2022-11-08 03:52:44
BE22004403	11	0	맞아. 집에 있는데 너무 걱정이 되서 메슥거림이 더 심해지더라니까.	N	2022-06-28 00:46:36	2022-11-08 03:52:44
BE22004403	12	1	나도 마음이 이렇게 심란한데 네가 오죽하겠어.	N	2022-06-28 00:46:36	2022-11-08 03:52:44
BE22004403	13	0	별일 없을 거라 생각하면서도 메슥거릴 때마다 자꾸 안 좋은 상상을 하게 되네.	N	2022-06-28 00:46:36	2022-11-08 03:52:44
BE22004403	14	1	누구나 그런 마음이 들 수 있어. 병원에 가면 바로 해결될 일이니 너무 걱정하지 마.	N	2022-06-28 00:46:36	2022-11-08 03:52:44
BE22004403	15	0	그래. 난 왜 이렇게 일어나지도 않은 일로 걱정이 많은지 모르겠어. 오늘은 그냥 일찍 자려고 노력해야겠다.	N	2022-06-28 00:46:36	2022-11-08 03:52:44
BE22004403	16	1	응. 얼른 자고 내일 병원 다녀오자마자 연락 줘. 힘내고.	Y	2022-06-28 00:46:36	2022-11-08 03:52:44
