id	utterance_id	utterance_type	utterance_text	terminate	regDate	updDate
BE22006604	1	0	언니가 자기 물건이 없어진 것 같대. 우리 집 재활용하는 곳 근처에 놔뒀는데 그게 쓰레기 틈에 섞여서 같이 버려졌나 봐.	N	2022-07-06 10:37:56	2022-11-08 04:06:56
BE22006604	2	1	어떡해. 그래서 물건은 찾은 거야?	N	2022-07-06 10:37:56	2022-11-08 04:06:56
BE22006604	3	0	아니. 이미 분리수거 하는 차가 와서 가져가서 못 찾는대. 근데 재활용을 버리는 일이 내 담당이거든. 내 잘못인 것 같아서 괜히 눈치 보이고 너무 불안해.	N	2022-07-06 10:37:56	2022-11-08 04:06:56
BE22006604	4	1	어떡해. 네가 맡은 일이랑 관련해서 일이 일어났다니 진짜 걱정되고 불안하겠다. 나였어도 불안해서 잠도 안 왔을 것 같아.	N	2022-07-06 10:37:56	2022-11-08 04:06:56
BE22006604	5	0	응. 아까 언니가 엄청 화난 것 같더라고. 나 보고 네가 분리수거 담당 아니냐면서 화도 냈는데 너무 무서웠어. 언니가 이대로 계속 나를 싫어하면 어쩌지?	N	2022-07-06 10:37:56	2022-11-08 04:06:56
BE22006604	6	1	언니가 아까는 물건을 잃어버렸다는 사실 때문에 갑자기 너무 화가 나서 홧김에 말한 걸 거야. 진심으로 네가 싫어서 심한 말을 한 건 아닐 테니까 너무 걱정하지 마.	N	2022-07-06 10:37:56	2022-11-08 04:06:56
BE22006604	7	0	진짜 그럴까? 근데 언니가 엄청 아끼는 물건이었던 것 같단 말이야. 그리고 내가 재활용 버릴 때 좀더 주의 깊게 봤으면 가져올 수도 있었을 거잖아.	N	2022-07-06 10:37:56	2022-11-08 04:06:56
BE22006604	8	1	어떻게 항상 사람이 모든 일에 주의를 기울이며 살 수 있겠어. 물론 안타까운 일이긴 하지만 너무 너의 탓으로 돌리지 않았으면 좋겠어.	N	2022-07-06 10:37:56	2022-11-08 04:06:56
BE22006604	9	0	그렇게 말해줘서 고마워. 계속 내 잘못일지도 모른다는 생각에 사로잡혀 있었거든.	N	2022-07-06 10:37:56	2022-11-08 04:06:56
BE22006604	10	1	너무 걱정되면 언니한테 그 물건이 뭔지 물어보고 같이 사러 나가보는 거 어때? 그러면 언니 기분도 네 기분도 좀 나아지지 않을까?	N	2022-07-06 10:37:56	2022-11-08 04:06:56
BE22006604	11	0	좋은 생각인 것 같아. 언니 얘기 들어보니까 최근에 산 것 같더라고.	N	2022-07-06 10:37:56	2022-11-08 04:06:57
BE22006604	12	1	그래. 언니도 조금 시간이 지나고 나면 이성을 되찾아서 너한테 화낸 걸 미안하다고 할 거야. 그리고 흔쾌히 같이 사러 가자고 말해줄 테니까 너무 걱정하지 마.	N	2022-07-06 10:37:56	2022-11-08 04:06:57
BE22006604	13	0	고마워. 네 덕분에 마음이 좀 안정이 되는 것 같아.	N	2022-07-06 10:37:56	2022-11-08 04:06:57
BE22006604	14	1	그랬다니 다행이야. 잘 해결되길 바라.	Y	2022-07-06 10:37:56	2022-11-08 04:06:57
