id	utterance_id	utterance_type	utterance_text	terminate	regDate	updDate
BE22002467	1	0	나 오늘 정말 학교 수업 듣기 싫다...	N	2022-06-21 15:06:10	2022-11-08 03:40:23
BE22002467	2	1	왜? 무슨 일 있어?	N	2022-06-21 15:06:10	2022-11-08 03:40:23
BE22002467	3	0	우리 수업 교수님이 학생들에게 질문을 엄청 하시거든. 매시간마다 한 명씩 골라서 질문하셔.	N	2022-06-21 15:06:10	2022-11-08 03:40:23
BE22002467	4	1	아이고... 너는 발표하고 질문 있는 수업 별로 안 좋아하잖아. 네게 질문이 올까봐 노심초사하며 매시간을 보내고 있겠네...	N	2022-06-21 15:06:10	2022-11-08 03:40:23
BE22002467	5	0	그 노심초사하는 일이 벌어졌어. 오늘 수업은 내가 질문을 받을 차례거든.	N	2022-06-21 15:06:10	2022-11-08 03:40:23
BE22002467	6	1	아... 정말 너무 싫겠다. 더구나 너는 소심한 성격이라서 많은 사람 앞에서 말하는 것도 무서워하잖아.	N	2022-06-21 15:06:10	2022-11-08 03:40:23
BE22002467	7	0	할 수만 있다면 나 대신 누군가가 그 수업에 들어가줬으면 좋겠어.	N	2022-06-21 15:06:10	2022-11-08 03:40:23
BE22002467	8	1	나 너의 기분을 잘 알 것 같아. 수업 시간은 다가오고 대답 못 하면 그 시선이 창피하고.	N	2022-06-21 15:06:10	2022-11-08 03:40:23
BE22002467	9	0	맞아... 나 정말 오늘 교수님의 질문을 잘 받을 수 있을까?	N	2022-06-21 15:06:10	2022-11-08 03:40:23
BE22002467	10	1	너무 걱정하지 마. 예전부터 너는 네가 걱정한 것에 비해 늘 좋은 성과를 냈잖아! 이번에도 그럴 거야.	N	2022-06-21 15:06:10	2022-11-08 03:40:23
BE22002467	11	0	그럴까? 네 말을 듣고 나니 처음보다는 진정이 되었어. 그래도 아직 떨린다...	N	2022-06-21 15:06:10	2022-11-08 03:40:23
BE22002467	12	1	내가 쭉 봐온 너는 어떠한 상황 속에서도 차분하게 해결해 나가는 아이야. 오늘 수업에서도 차분히 질문에 대한 너의 생각을 잘 이야기할 수 있을 거야. 그래도 많이 긴장된다면, 수업 들어가기 전에 교수님의 예상 질문을 한 번 써보는 건 어떨까?	N	2022-06-21 15:06:10	2022-11-08 03:40:23
BE22002467	13	0	그것참, 좋은 생각이다. 여러 가지 방안을 생각하고 간다면 더 차분하게 얘기할 수 있을 것 같아.	N	2022-06-21 15:06:10	2022-11-08 03:40:23
BE22002467	14	1	응. 너는 잘 해낼 거야. 오늘 질문 잘 받고 나서 어땠는지 알려줘.	N	2022-06-21 15:06:10	2022-11-08 03:40:23
BE22002467	15	0	응, 연락할게! 정말 고마워.	Y	2022-06-21 15:06:10	2022-11-08 03:40:23
