id	utterance_id	utterance_type	utterance_text	terminate	regDate	updDate
BE22004159	1	0	딸이 지금 만나고 있는 남자 친구와 결혼하겠다고 전화가 왔어.	N	2022-06-27 09:30:48	2022-11-08 03:51:10
BE22004159	2	1	뭐? 정말이니? 너무 축하해. 넌 딸이 얼른 좋은 사람을 만나서 결혼하기를 항상 바랐잖아.	N	2022-06-27 09:30:48	2022-11-08 03:51:10
BE22004159	3	0	응. 근데 이건 내가 딸에게 바라던 결혼이 아니야. 남자 친구가 영국계 미국인인 외국인이거든.	N	2022-06-27 09:30:48	2022-11-08 03:51:10
BE22004159	4	1	그렇구나. 너는 전통을 정말 중요시하는 사람이니만큼 외국인과 결혼하겠다는 딸의 말이 정말 충격적으로 다가왔겠다.	N	2022-06-27 09:30:48	2022-11-08 03:51:10
BE22004159	5	0	응. 난 그저 내 딸이 평범한 삶을 살기 원했는데. 너무 어려운 길을 걸으려고 하니 불안하고 당혹스러워.	N	2022-06-27 09:30:48	2022-11-08 03:51:10
BE22004159	6	1	그럴 수 있겠다. 어떤 부모든 자식을 정말 아끼고 자식의 행복을 가장 중요시하잖아. 딸이 결혼과 같은 문제에 있어서 최선의 선택을 했으면 하는 네 마음이 정말 이해가 돼.	N	2022-06-27 09:30:48	2022-11-08 03:51:10
BE22004159	7	0	심지어 지금도 딸이 그 남자 친구와 장거리 연애 중이야. 멀리 떨어져 지내면서 결혼 계획만 세운 상태이고.	N	2022-06-27 09:30:48	2022-11-08 03:51:10
BE22004159	8	1	먼 곳에서 각자의 삶을 살다가 결혼을 한다니. 결혼은 오랜 시간을 함께 보내던 사람들에게도 적응하기 쉽지 않잖아. 그걸 아니까 딸의 결혼이 잘 될 수 있을지 의문이 들어서 불안하겠다.	N	2022-06-27 09:30:48	2022-11-08 03:51:10
BE22004159	9	0	내 말이 그 말이야. 게다가 문화 차이가 많이 날 텐데 내가 잘 극복할 수 있을지 모르겠어. 또 국제결혼을 하는 딸이 불이익을 당할까 봐 불안하기도 해.	N	2022-06-27 09:30:48	2022-11-08 03:51:10
BE22004159	10	1	요즘 글로벌 시대라 국제결혼을 하는 경우가 많아서 큰 흠이 되지 않을 거야. 게다가 딸과 남자 친구가 서로 좋아하고 행복한 게 가장 중요하지 않겠어? 안 맞을 거라고 지레 걱정하지 말고 시간을 충분히 가지고 맞춰 나가 보는 건 어때?	N	2022-06-27 09:30:48	2022-11-08 03:51:10
BE22004159	11	0	그래? 구시대적인 나라도 시간을 갖고 노력하면 문화 차이를 이겨낼 수 있을까?	N	2022-06-27 09:30:48	2022-11-08 03:51:10
BE22004159	12	1	물론이지. 마음을 열려고 최대한 노력해봐. 무엇보다 딸의 행복이 가장 중요하잖아. 넌 자식을 정말 사랑하는 엄마니까 딸을 위해서라면 그런 것쯤은 금방 해낼 수 있을 거야.	N	2022-06-27 09:30:48	2022-11-08 03:51:10
BE22004159	13	0	그래. 내가 엄마니까 우리 딸의 행복을 위해서라면 이 정도 노력은 감수해야지. 내가 너무 불안해하기만 한 것 같아. 딸의 결혼을 적극적으로 지지해주고 도와줘야겠어.	N	2022-06-27 09:30:48	2022-11-08 03:51:10
BE22004159	14	1	네 불안함이 조금이나마 덜어졌다니 너무 다행이다. 역시 넌 정말 멋진 엄마야. 딸의 결혼 소식 정말 축하해.	N	2022-06-27 09:30:48	2022-11-08 03:51:10
BE22004159	15	0	고맙다. 네 조언이 정말 도움이 되었어.	Y	2022-06-27 09:30:48	2022-11-08 03:51:10
