id	utterance_id	utterance_type	utterance_text	terminate	regDate	updDate
BE22005642	1	0	나 이번에 척추수술하는 거 가족들한테 말을 못했어. 네가 보호자로 가줘서 얼마나 다행인지 몰라.	N	2022-07-01 15:31:06	2022-11-08 04:00:44
BE22005642	2	1	뭐? 아무한테도 말씀 안 드린 거야? 다들 바쁘신 거라더니 아니었구나. 척추 수술은 큰 수술인데 왜 말씀 안 드렸어!	N	2022-07-01 15:31:06	2022-11-08 04:00:44
BE22005642	3	0	부모님 가게도 정리하시고 동생은 지난주에 부동산 사기도 당하고 집안 분위기가 그렇게 좋지가 않아. 안 그래도 전화할 때 목소리가 안 좋으시던데 나까지 짐이 되고 싶지 않아.	N	2022-07-01 15:31:06	2022-11-08 04:00:44
BE22005642	4	1	그랬구나. 나라도 그런 분위기라면 말씀드리기까지 참 많이 고민이 되었을 것 같아. 상황을 들어보니 이제 네가 한 선택이 이해가 간다. 큰 수술이라 무서웠을 텐데 어른답게 해결하려고 꾹 참았구나.	N	2022-07-01 15:31:06	2022-11-08 04:00:44
BE22005642	5	0	맞아, 그런데 사실 너무 무섭긴 해. 엄마한테 자꾸 말하고 싶고 위로받고 싶은걸 보니 나도 아직 애인가봐. 난 어떻게 아직도 어른스럽지가 못할까?	N	2022-07-01 15:31:06	2022-11-08 04:00:44
BE22005642	6	1	네가 어른스럽지 못한 게 아니라, 엄마란 평생 그런 존재가 아닐까 싶어. 그리고 내 생각엔, 부모님이 나중에 아시면 많이 속상해하실 것 같은데, 가족에게는 알리는 건 어떨까? 네 수술은 가족에게 그 어떤 일보다도 가장 큰일일 테니 말하는 것에 너무 부담 느끼진 마.	N	2022-07-01 15:31:06	2022-11-08 04:00:44
BE22005642	7	0	그럴까? 네 말을 듣고보니 그런 것 같기도 해. 나라도 가족 중 한명이 수술을 받는다면, 내 어떤 일보다도 그게 우선일 거야.	N	2022-07-01 15:31:06	2022-11-08 04:00:44
BE22005642	8	1	맞아. 나중에 그걸 안다면 너무 마음 아파하면서 미안해하실 텐데 그럼 지금 힘든 것보다 더 마음이 복잡해지실 거야. 가족에게 왜 어쩌다가 다쳤는지 자초지종을 잘 설명을 드리고 꼭 수술한다고 말씀드려. 가족은 항상 서로가 서로에게 보호자가 되어주는 존재니, 거기에 부담을 느끼지 않아도 될 것 같아.	N	2022-07-01 15:31:06	2022-11-08 04:00:44
BE22005642	9	0	그래야겠어. 맞아, 지금까지 가족은 늘 내게 그런 존재였어. 나도 부모님에게 내 동생에게 그런 존재가 되어주고 싶었고 말이야.	N	2022-07-01 15:31:06	2022-11-08 04:00:44
BE22005642	10	1	그럼! 꼭 수술 전에 꼭 말씀드려. 지금이라도 네가 가족에게 알린다니 마음이 좀 놓인다.	N	2022-07-01 15:31:06	2022-11-08 04:00:44
BE22005642	11	0	응, 그렇게 할게. 지금 입원해 있는 것도 말씀드려야겠지?	N	2022-07-01 15:31:06	2022-11-08 04:00:44
BE22005642	12	1	응, 내 생각에는 수술한다고 하면 너무 걱정이 되셔서 직접 얼굴을 보고 싶어 하실 것 같아. 네 상태를 눈으로 직접 확인 못하시면 수술받고 나올 때까지 얼마나 가슴 졸이시겠니. 입원하는 모습을 보고 놀라시더라도 말씀드리는 게 맞는 것 같아.	N	2022-07-01 15:31:06	2022-11-08 04:00:44
BE22005642	13	0	맞아. 나라도 너무 걱정되고 놀라면 몸부터 움직여서 당장 보러 갈 것 같아. 일단 너무 놀라실 수도 있으니까 작은 사고라고 말씀드리고 오시면 다 설명을 드려야겠어.	N	2022-07-01 15:31:06	2022-11-08 04:00:44
BE22005642	14	1	그래, 네가 아무리 나이가 들고 어른스럽게 행동해도 부모님께는 평생 어린애야. 너도 이럴 때 가족에게 좀 기대기도 하고 그러면 마음이 훨씬 편하고 든든할 거야. 물론, 나한테도 기대어도 돼.	N	2022-07-01 15:31:06	2022-11-08 04:00:44
BE22005642	15	0	고맙다 친구야. 일단 지금 부모님께 전화 좀 드리고 올게.	Y	2022-07-01 15:31:06	2022-11-08 04:00:44
