id	utterance_id	utterance_type	utterance_text	terminate	regDate	updDate
BE22003692	1	0	친구가 오늘 우리 집에서 넘어졌는데 걱정되네. 우리 집에 있는 식기세척기 문이 고장나서 열려 있었는데 거기 걸렸어.	N	2022-06-25 16:23:07	2022-11-08 03:48:12
BE22003692	2	1	친구가 다쳤다니 네가 정말 놀랐겠다. 친구는 좀 괜찮니?	N	2022-06-25 16:23:07	2022-11-08 03:48:12
BE22003692	3	0	식기세척기 문을 차마 못 봤는지 친구가 걸려서 넘어졌어. 근데 꽤 크게 다친 모양이야.	N	2022-06-25 16:23:07	2022-11-08 03:48:12
BE22003692	4	1	너도 예상치 못하게 친구가 부상을 입어서 걱정되겠다. 꽤 크게 다쳤다니 나까지 덩달아 너의 친구 상태가 걱정되는데.	N	2022-06-25 16:23:07	2022-11-08 03:48:12
BE22003692	5	0	처음엔 몰랐는데, 친구가 시간이 지날수록 고통스러워 하더라고. 그 모습이 아직도 생생해서 괴로워.	N	2022-06-25 16:23:07	2022-11-08 03:48:12
BE22003692	6	1	네가 친구가 아파하는 모습을 보면서 너무 힘들었겠다. 아픈 사람의 모습을 보는 사람도 정말 괴롭잖아.	N	2022-06-25 16:23:07	2022-11-08 03:48:12
BE22003692	7	0	그래서 병원에 데리고 갔는데 무릎뼈가 부러진 모양이야. 친구가 아플 것 같아서 너무 걱정돼.	N	2022-06-25 16:23:07	2022-11-08 03:48:12
BE22003692	8	1	무릎뼈가 부러졌다니 네가 그렇게 걱정할 만하다.나도 놀이터에서 친구랑 놀다가 내 친구가 철봉에 부딪혀 이가 부러진 걸 본 적이 있거든. 그날 걱정돼서 잠도 잘 이루지 못했어.	N	2022-06-25 16:23:07	2022-11-08 03:48:12
BE22003692	9	0	내가 말만 해줬어도 다치지 않았을 텐데. 후회스럽고 미안하네.	N	2022-06-25 16:23:07	2022-11-08 03:48:12
BE22003692	10	1	너 잘못은 아니야. 친구도 널 원망하지 않을 거야. 네가 모든 상황을 제어할 수 있는 건 아니잖아.	N	2022-06-25 16:23:07	2022-11-08 03:48:12
BE22003692	11	0	그건 그렇지만, 걱정이 되는 건 사실이야. 그리고 이 사실을 알게 된 부모님에게도 많이 혼났어.	N	2022-06-25 16:23:07	2022-11-08 03:48:12
BE22003692	12	1	네가 걱정스러운 마음이 드는 건 충분히 이해해. 부모님에게까지 혼났다니 네가 정말 힘들고 억울할 것 같아.	N	2022-06-25 16:23:07	2022-11-08 03:48:13
BE22003692	13	0	내 친구가 얼른 나을 수 있겠지?	N	2022-06-25 16:23:07	2022-11-08 03:48:13
BE22003692	14	1	당연하지. 무릎뼈는 다른 뼈보다 튼튼해서 회복이 빠르대. 분명 너의 친구는 금방 회복할 수 있을 거야. 그리고 너의 잘못이 아니니 자책하지 말아.	N	2022-06-25 16:23:07	2022-11-08 03:48:13
BE22003692	15	0	알겠어. 그렇게 말해줘서 고마워.	N	2022-06-25 16:23:07	2022-11-08 03:48:13
BE22003692	16	1	너의 친구도 네가 이렇게 걱정한다는 것을 알면 고마워할 거야. 다음에는 꼭 다치지 않도록 조심해. 너무 걱정하지말고 시간이 조금 지나길 기다리자.	Y	2022-06-25 16:23:07	2022-11-08 03:48:13
