id	utterance_id	utterance_type	utterance_text	terminate	regDate	updDate
BE22003350	1	0	공감화자야, 나 어떡해. 나 진짜 왜 이러는 걸까.	N	2022-06-24 09:30:44	2022-11-08 03:46:00
BE22003350	2	1	응? 그게 갑자기 무슨 소리야. 무슨 일인데.	N	2022-06-24 09:30:44	2022-11-08 03:46:00
BE22003350	3	0	나 어제 눈썹 문신 시술받았잖아. 근데 원래 시술받고 나서 술 마시면 안 되는데 어제 못 참고 마셔버렸어. 어떡해. 염증 생길까봐 너무 두려워.	N	2022-06-24 09:30:44	2022-11-08 03:46:00
BE22003350	4	1	아이고, 원래 모든 시술 후에는 음주는 금지잖아. 주당인 네가 못 참고 술을 마셔버렸구나. 금지사항을 어겼으니 얼마나 불안하고 무섭겠어.	N	2022-06-24 09:30:44	2022-11-08 03:46:00
BE22003350	5	0	맞아. 진짜 왜 그랬는지 후회스럽고 혹시라도 시술받은 부위에 무슨 문제가 생길까봐 너무 불안해. 지금 손이 다 떨릴 정도야.	N	2022-06-24 09:30:44	2022-11-08 03:46:00
BE22003350	6	1	이미 술을 마신 뒤라 어떻게 행동해야 할지 모르겠고 그저 막 불안하기만 하겠구나. 나도 눈썹 문신하고 술 마신 적 있어서 그때 그 불안함 생각난다. 네가 진짜 불안할 만해.	N	2022-06-24 09:30:44	2022-11-08 03:46:00
BE22003350	7	0	너도 눈썹 문신 시술받고 술 먹은 적이 있었어? 어땠어?	N	2022-06-24 09:30:44	2022-11-08 03:46:00
BE22003350	8	1	나 불안해하고 무서워한 게 무색할 정도로 아무 일이 없었어. 눈썹도 예쁘게 탈각 잘됐고. 그러니까 너도 그럴 거야. 걱정 마.	N	2022-06-24 09:30:44	2022-11-08 03:46:00
BE22003350	9	0	아 정말? 네 말을 들으니까 너무 안심이 된다. 진짜 엄청 불안했단 말야. 눈썹 문신시술 처음이기도 했고.	N	2022-06-24 09:30:44	2022-11-08 03:46:00
BE22003350	10	1	진짜 생각보다 아무 일 없으니까 너무 걱정 마. 난 불안해서 시술자한테 물어보기까지 했거든. 염증 유발의 가능성이 있지만 한 번의 음주 정도로는 괜찮을 거라고 하더라!	N	2022-06-24 09:30:44	2022-11-08 03:46:00
BE22003350	11	0	다행이다. 나 시술받은 데 찾아갈 뻔했어 진짜. 불안한 감정이 좀 사그라드니까 눈썹도 아무렇지 않은 거 같네. 아까는 좀 간지러운 느낌이었는데.	N	2022-06-24 09:30:44	2022-11-08 03:46:00
BE22003350	12	1	기분이 좀 나아졌다니 다행이네. 그래도 다음부터는 술 먹지 말라는 말은 잘 듣자. 괜히 불안하고 기분만 상하잖아.	N	2022-06-24 09:30:44	2022-11-08 03:46:00
BE22003350	13	0	맞아. 다음부터는 그 어떤 시술을 받더라도 절대 술 안 마실 거야!	N	2022-06-24 09:30:44	2022-11-08 03:46:00
BE22003350	14	1	잘 생각했어. 원래 사람은 겪어봐야 아는 거지. 이번에 불안함을 겪었으니 다음부터 안 그러면 돼.	N	2022-06-24 09:30:44	2022-11-08 03:46:00
BE22003350	15	0	응. 얘기 들어줘서 고마워. 너 덕분에 불안한 게 많이 가라앉았어. 다음에 밥 한번 살게.	N	2022-06-24 09:30:44	2022-11-08 03:46:00
BE22003350	16	1	좋지. 또 연락하자.	Y	2022-06-24 09:30:44	2022-11-08 03:46:00
