id	utterance_id	utterance_type	utterance_text	terminate	regDate	updDate
BE22001535	1	0	오늘 기분이 울적해서 저녁에 술 한잔하려고.	N	2022-06-16 02:18:54	2022-11-08 03:34:19
BE22001535	2	1	아까 목소리가 안 좋더라니, 무슨 일 있었어?	N	2022-06-16 02:18:54	2022-11-08 03:34:19
BE22001535	3	0	사실 오늘 남자 친구가 면접을 봤는데 또 떨어졌거든. 이러다 평생 백수로 사는 거 아닌가 모르겠어.	N	2022-06-16 02:18:54	2022-11-08 03:34:19
BE22001535	4	1	그랬구나. 취업 준비 중이라는 걸 들은 지 벌써 1년이 다 되어가는 것 같은데. 너도 남자 친구도 마음고생이 심하겠다.	N	2022-06-16 02:18:54	2022-11-08 03:34:19
BE22001535	5	0	내 친구의 남자 친구는 벌써 몇 년 전에 취업해서 결혼 준비하고 있대. 이래서 나는 결혼은 할 수 있는 걸까?	N	2022-06-16 02:18:54	2022-11-08 03:34:19
BE22001535	6	1	많이 불안하겠다. 우리 나이쯤 되면 슬슬 걱정되기 시작할 때긴 하지.	N	2022-06-16 02:18:54	2022-11-08 03:34:19
BE22001535	7	0	요즘 학벌 좋고 능력 좋은 사람들이 너무 많대. 남자 친구가 자신감을 점점 잃어가고 있는 게 보여서 이러다 포기해버릴까 봐 무서워.	N	2022-06-16 02:18:54	2022-11-08 03:34:19
BE22001535	8	1	여러 번 면접에 떨어졌으니 그럴 만도 하겠다. 이럴 때일수록 네가 옆에서 응원해 주면 남자 친구도 더 힘내서 좋은 직장에 취직할 수 있을 거야.	N	2022-06-16 02:18:54	2022-11-08 03:34:19
BE22001535	9	0	그런가. 취업 준비하는 기간이 길어질수록 나도 점점 초조해져서 헤어져야 하나 하는 생각도 가끔 들어. 나 참 못됐지?	N	2022-06-16 02:18:54	2022-11-08 03:34:19
BE22001535	10	1	아니야. 결혼하려면 어느 정도는 수입이 있어야 하니까 충분히 그런 마음이 들 수 있다고 생각해. 나라도 그랬을 거야.	N	2022-06-16 02:18:54	2022-11-08 03:34:19
BE22001535	11	0	빨리 같이 돈 모아서 결혼도 하고 아이도 낳고 행복하게 살고 싶은데, 그 미래가 너무 멀게만 느껴져서 자꾸 조급해져.	N	2022-06-16 02:18:54	2022-11-08 03:34:19
BE22001535	12	1	곧 남자 친구의 진가를 알아봐 주는 곳이 나타날 거야. 네 남자 친구가 얼마나 부지런하고 성실한 사람인지는 네가 더 잘 알잖니.	N	2022-06-16 02:18:54	2022-11-08 03:34:19
BE22001535	13	0	그러고 보면 직장에 다니지 않는다고 늦잠 자거나 게으름 피우는 걸 한 번도 본 적이 없어.	N	2022-06-16 02:18:54	2022-11-08 03:34:19
BE22001535	14	1	바로 그거야. 네가 남자 친구의 그런 점 때문에 결혼하려는 거였잖아? 난 오히려 그런 남자 친구를 둔 네가 부러운걸.	N	2022-06-16 02:18:54	2022-11-08 03:34:19
BE22001535	15	0	네 말이 맞아. 지금껏 남자 친구가 취업을 위해 얼마나 열심히 노력해 왔는지 잠시 잊고 있었어.	N	2022-06-16 02:18:54	2022-11-08 03:34:19
BE22001535	16	1	그래. 너 아니면 누가 남자 친구를 믿고 기다려주겠니? 너처럼 든든한 여자 친구가 옆에서 응원해 주니 잘될 거야.	Y	2022-06-16 02:18:54	2022-11-08 03:34:19
