id	utterance_id	utterance_type	utterance_text	terminate	regDate	updDate
BE22002538	1	0	엄마가 응급실로 실려 가서 병원에 왔어.	N	2022-06-22 05:00:03	2022-11-08 03:40:50
BE22002538	2	1	뭐라고? 너 너무 놀랐겠다. 어머님은 괜찮으신 거야? 어디 많이 안 좋으신 거니?	N	2022-06-22 05:00:03	2022-11-08 03:40:50
BE22002538	3	0	저녁에 어지럽다고 하시더니 급기야 쓰러지셨어. 내가 구급차 불러서 병원에 왔고 지금은 검사 중이셔. 정말 무슨 큰 병이면 어쩌지?	N	2022-06-22 05:00:03	2022-11-08 03:40:50
BE22002538	4	1	세상에 너도 정말 많이 놀랐겠다. 그래도 그 상황에서 침착하게 행동한 네가 정말 자랑스러워. 마음은 조금 가라앉았니?	N	2022-06-22 05:00:03	2022-11-08 03:40:50
BE22002538	5	0	아까보다는 괜찮은데 그래도 걱정돼. 평소에 운동도 열심히 하시고 건강하셨으니까. 지병도 없어서 전혀 짚이는 데가 없어.	N	2022-06-22 05:00:03	2022-11-08 03:40:50
BE22002538	6	1	그래, 그런 상황이면 나라도 정말 불안하고 걱정될 거야. 너는 오죽하겠니? 그런데. 어머님 의식은 있으셔?	N	2022-06-22 05:00:03	2022-11-08 03:40:50
BE22002538	7	0	응. 다행히 병원에서 의식을 찾으셨어. 근데 계속 어지럽다고 하셔서 너무 걱정이 돼.	N	2022-06-22 05:00:03	2022-11-08 03:40:50
BE22002538	8	1	그래도 정말 다행이다. 지금은 경황이 없겠지만 검사 결과가 나올 때까지는 나쁜 생각하지 말고 기다려보는 게 어떨까?	N	2022-06-22 05:00:03	2022-11-08 03:40:50
BE22002538	9	0	그래야지. 근데 큰 병원이라 그런지 기다리는 시간이 너무 길어서 검사도 몇 시간 기다렸다 겨우 들어가셨어.	N	2022-06-22 05:00:03	2022-11-08 03:40:50
BE22002538	10	1	그렇구나. 하지만 정말로 위급한 환자였으면 바로 보냈을 텐데 그래도 위중하지는 않다는 증거가 아닐까? 그러니 너무 걱정 말고 조금만 마음을 다스려보자. 그나저나 다른 가족들은 안 계시고 너 혼자야?	N	2022-06-22 05:00:03	2022-11-08 03:40:50
BE22002538	11	0	아빠는 같이 계시고 오빠는 지금 지방에서 올라오는 중이야.	N	2022-06-22 05:00:03	2022-11-08 03:40:50
BE22002538	12	1	그래도 이럴 때 다른 가족들이 함께여서 정말 다행이다. 아버님도 많이 놀라셨겠네.	N	2022-06-22 05:00:03	2022-11-08 03:40:50
BE22002538	13	0	안 그래도 아빠가 너무 놀라셔서 위로해드리느라고 나는 걱정하는 티도 못 냈어. 그래서 나도 불안한 마음에 너한테 연락한 거야.	N	2022-06-22 05:00:03	2022-11-08 03:40:50
BE22002538	14	1	아버님이 정말 힘이 되셨겠다. 너는 생각이 정말 깊구나. 그리고 혼자 끙끙대지 않고 나한테 연락한 건 정말 잘했어.	N	2022-06-22 05:00:03	2022-11-08 03:40:50
BE22002538	15	0	이렇게 털어놓으니 안심이 좀 된다. 들어줘서 고마워.	N	2022-06-22 05:00:03	2022-11-08 03:40:50
BE22002538	16	1	아니야. 어머님은 별일 없으실 테니 너무 걱정 말고 함께 결과를 기다려보자. 끼니도 꼭 챙겨 먹고 뱃속이 허하면 자꾸만 생각도 나쁜 쪽으로 가더라고.	N	2022-06-22 05:00:03	2022-11-08 03:40:50
BE22002538	17	0	알겠어. 결과 나오는 대로 연락할게. 들어줘서 정말 고마워.	Y	2022-06-22 05:00:03	2022-11-08 03:40:51
