id	utterance_id	utterance_type	utterance_text	terminate	regDate	updDate
BE22004121	1	0	너도 종신 보험 들어둔 거 있어?	N	2022-06-27 08:10:48	2022-11-08 03:50:55
BE22004121	2	1	그럼. 우리 나이에는 애들 생각해서 하나라도 들어둬야지.	N	2022-06-27 08:10:48	2022-11-08 03:50:55
BE22004121	3	0	그래? 난 보험 납입금 부담도 너무 크고 그게 솔직히 쓸모가 있을까 싶어서 작년에 해지했거든.	N	2022-06-27 08:10:48	2022-11-08 03:50:55
BE22004121	4	1	만기 채운 게 아니라 중간에 해지한 거야? 그건 너무 아깝다.	N	2022-06-27 08:10:48	2022-11-08 03:50:56
BE22004121	5	0	역시 그런 거야? 별생각 없이 월 고정 지출 줄었다고 좋아했는데 주위 반응들이 다 별로라 불안하네.	N	2022-06-27 08:10:48	2022-11-08 03:50:56
BE22004121	6	1	지금까지 네가 납입한 금액도 있고 소득공제 혜택이나 나중 일 생각하면 아무래도 아쉽긴 하지.	N	2022-06-27 08:10:48	2022-11-08 03:50:56
BE22004121	7	0	내가 너무 성급하게 결정을 내렸나 봐. 지금이라도 다시 찾아서 가입하는 게 좋을까? 마음이 너무 초조하다.	N	2022-06-27 08:10:48	2022-11-08 03:50:56
BE22004121	8	1	아이고 주위에서 이런저런 이야기를 들으니 네 결정이 잘못된 것 같아서 마음이 흔들리고 신경 쓰이지? 나였어도 괜히 남 이야기가 마음에 걸려서 잠 못 이룰 것 같은 느낌인걸.	N	2022-06-27 08:10:48	2022-11-08 03:50:56
BE22004121	9	0	맞아. 해지 환급금도 얼마 안 되는데 생각이 짧았어.	N	2022-06-27 08:10:48	2022-11-08 03:50:56
BE22004121	10	1	그러게. 중간에 해지하면 보통 환급금은 삭감되어서 나오니까 손해가 커서 속이 쓰리겠다.	N	2022-06-27 08:10:48	2022-11-08 03:50:56
BE22004121	11	0	이걸 처음부터 다시 부어야 한다고 생각하면 참 암담한데 안 할 수도 없고 답답하네. 그냥 상해나 질병 보험만으로는 부족하겠지? 아우 어떡하면 좋아.	N	2022-06-27 08:10:48	2022-11-08 03:50:56
BE22004121	12	1	다른 보험들이 있으면 필요할 때 충분히 보장받을 수 있으니 너무 걱정하지 마. 사실 네 필요를 충족시키기에는 기존 보험들로도 충분할 거야. 그러니까 이미 지나간 일에 미련 갖고 스트레스받지 말자.	N	2022-06-27 08:10:48	2022-11-08 03:50:56
BE22004121	13	0	그럴까? 애들 생각하면 괜히 마음이 조마조마하고 불안해서 그랬지.	N	2022-06-27 08:10:48	2022-11-08 03:50:56
BE22004121	14	1	어린애들도 아니고 네 종신보험 아니라도 다들 자기 앞가림 충분히 할 테니까 마음 편히 가져. 네가 이렇게 염려하는 걸 알면 애들이 더 불편할 테니까 기억에서 떨쳐내고 기운 내자.	N	2022-06-27 08:10:48	2022-11-08 03:50:56
BE22004121	15	0	네 이야기를 듣고 보니 맞는 말이네. 괜히 주위에서 호들갑을 떨어서 나도 같이 걱정되었는데 이렇게 안심시켜줘서 고마워.	Y	2022-06-27 08:10:48	2022-11-08 03:50:56
