id	utterance_id	utterance_type	utterance_text	terminate	regDate	updDate
BE22005207	1	0	나 재작년에 타투한 거 알지?	N	2022-06-29 12:27:25	2022-11-08 03:57:54
BE22005207	2	1	당연하지. 너 그때 남자 친구랑 평생 갈 거라고 서로 이니셜 새겼었잖아. 그 타투 말하는 거야?	N	2022-06-29 12:27:25	2022-11-08 03:57:54
BE22005207	3	0	응. 사실 한 달 전에 헤어졌거든. 모양이나 하트 같은 걸로 했으면 괜찮았을 텐데, 이니셜로 해서 너무 후회돼. 지우고 싶어.	N	2022-06-29 12:27:25	2022-11-08 03:57:54
BE22005207	4	1	서로 사랑해서 한 문신이었을 텐데, 몸에 평생 남는 거니까 걱정되긴 하겠다. 그 문신을 보면 그때의 추억이나 사람이 떠오를 것 같은데 그건 괜찮아?	N	2022-06-29 12:27:25	2022-11-08 03:57:54
BE22005207	5	0	가끔 떠올리긴 하는데, 이제는 괜찮아졌어. 이제 그것보다는 몸에 문신을 남겼다는 게 후회되고 그래서 마음이 불안해.	N	2022-06-29 12:27:25	2022-11-08 03:57:54
BE22005207	6	1	사람의 과거 중에 후회되지 않는 일이 어디 있겠어. 지금은 후회되더라도 그 문신을 했을 때의 너는 분명 행복했을 거야.	N	2022-06-29 12:27:25	2022-11-08 03:57:54
BE22005207	7	0	맞아. 그때 이 문신을 했을 때는 정말 행복했었어. 하지만 이제 지워야겠지?	N	2022-06-29 12:27:25	2022-11-08 03:57:54
BE22005207	8	1	지금 네가 그 문신을 볼 때, 마음이 힘들면 지우는 게 나을 것같아.	N	2022-06-29 12:27:25	2022-11-08 03:57:54
BE22005207	9	0	하지만 지울 때 아프기도 아픈데, 그걸 또 여러 번 해야 한대. 너무 겁나서 지우는 것도 망설이고 있었어.	N	2022-06-29 12:27:25	2022-11-08 03:57:54
BE22005207	10	1	어떡해! 나는 종이에 베이는 것만 해도 너무 아팠는데, 흔적을 지우려면 엄청 아파야 한다고? 나 같아도 엄청 겁먹어서 고민할 것 같아!	N	2022-06-29 12:27:25	2022-11-08 03:57:54
BE22005207	11	0	진짜 어떻게 해야 할지 고민이야. 그렇다고 이 문신을 그대로 놔두면 새로운 애인이 생겼을 때 보고 이상하게 생각하면 어떡해.	N	2022-06-29 12:27:25	2022-11-08 03:57:54
BE22005207	12	1	하지만 무엇보다 너의 마음이 중요한 거 알지? 너를 정말 사랑하는 사람이라면 너의 과거도 품어줄 거야.	N	2022-06-29 12:27:25	2022-11-08 03:57:54
BE22005207	13	0	고마워, 네가 그렇게 말해주니까 문신에 대한 걱정이 조금 사라진다.	N	2022-06-29 12:27:25	2022-11-08 03:57:54
BE22005207	14	1	고맙긴, 무엇보다 네가 우선이라는 걸 꼭 알아둬.	Y	2022-06-29 12:27:25	2022-11-08 03:57:54
