id	utterance_id	utterance_type	utterance_text	terminate	regDate	updDate
BE22001539	1	0	요즘 카페에 빈자리는 없는데 매상은 안 올라.	N	2022-06-16 02:23:33	2022-11-08 03:34:21
BE22001539	2	1	아니 왜? 카페에 손님이 많으면 매출도 좋은 거 아닌가?	N	2022-06-16 02:23:33	2022-11-08 03:34:21
BE22001539	3	0	손님이 한번 들어오면 좀처럼 나갈 생각을 안 해서 말이야.	N	2022-06-16 02:23:33	2022-11-08 03:34:21
BE22001539	4	1	그렇구나. 자리 회전이 자주 돼야 매상도 오르고 카페도 유지할 수 있을 텐데… 눌러앉아 있는 손님이 많아서 걱정인가보구나?	N	2022-06-16 02:23:33	2022-11-08 03:34:21
BE22001539	5	0	우리 카페 근처에 학교가 많잖아. 요즘 학생들은 카페에서 공부하는 게 유행이야. 거기다 몇 명씩 몰려와서 스터디 모임을 하는 경우도 많고.	N	2022-06-16 02:23:33	2022-11-08 03:34:21
BE22001539	6	1	나도 카페 다니면서 많이 봤어. 그런데 네 말 듣고보니 그런 사람이 많으면 카페 사장들은 얼마나 애가 탈까 싶네.	N	2022-06-16 02:23:33	2022-11-08 03:34:21
BE22001539	7	0	한번 자리에 앉으면 몇 시간씩 안 일어나. 심지어 자리 맡아놓고 밥 먹고 오는 사람도 있어.	N	2022-06-16 02:23:33	2022-11-08 03:34:21
BE22001539	8	1	그건 좀 심했다. 그렇다고 오는 손님 못 오게 할 수도 없고, 그만 나가달라고 할 수도 없고.	N	2022-06-16 02:23:33	2022-11-08 03:34:21
BE22001539	9	0	그뿐인 줄 알아? 스터디 모임하면서 시끄럽게 떠드는 경우도 있는데, 그때는 내가 다 다른 손님들 눈치를 보게 돼.	N	2022-06-16 02:23:33	2022-11-08 03:34:21
BE22001539	10	1	와, 카페라는 게 분위기나 커피 맛 좋게 유지하는 게 다가 아니구나? 손님들 마음도 세심하게 신경 써야 하고. 너니까 그만큼이라도 하지, 나라면 엄두도 못 낼 것 같아.	N	2022-06-16 02:23:33	2022-11-08 03:34:21
BE22001539	11	0	꼭 그렇지만도 않아. 이 근방에만도 카페가 얼마나 많은데. 나 같은 사람이 그만큼 많다는 거지.	N	2022-06-16 02:23:33	2022-11-08 03:34:21
BE22001539	12	1	내가 너희 카페 가면서 보면 스터디 손님도 없어서 파리 날리는 곳도 많아. 다 너 같지 않은 거지. 네가 홍보와 서비스 쪽으로 얼마나 애쓰고 있는지 내가 알잖아.	N	2022-06-16 02:23:33	2022-11-08 03:34:21
BE22001539	13	0	그걸 알아주니 고마워. 사실 나 SNS로 소통도 열심히 하고, 소품도 계절마다 바꾸고 정말 노력 많이 하고 있어. 그래서 이만큼이라도 유지하고 있는 거겠지만.	N	2022-06-16 02:23:33	2022-11-08 03:34:21
BE22001539	14	1	더 많은 손님들이 그걸 알아주는 날이 곧 올 거야. 대신 스터디 손님들 대응 차원에서 회전율 높일 방법을 적극적으로 찾아보면 어떨까? 다른 카페들은 어떻게 하고 있는지도 조사해보고 말이야.	N	2022-06-16 02:23:33	2022-11-08 03:34:21
BE22001539	15	0	그래, 스터디 손님들도 정말 소중한 내 손님이니까! 네 말대로 계속 공부하고 연구해봐야겠어.	Y	2022-06-16 02:23:33	2022-11-08 03:34:21
