id	utterance_id	utterance_type	utterance_text	terminate	regDate	updDate
BE22003815	1	0	며칠 전 우울증으로 정신과 상담을 받아서 걱정이 된다.	N	2022-06-26 08:20:51	2022-11-08 03:48:59
BE22003815	2	1	갑자기 무슨 일이 있었어. 걱정이 많이 되겠구나.	N	2022-06-26 08:20:51	2022-11-08 03:48:59
BE22003815	3	0	나도 잘 모르겠어. 그동안 늘 기운이 없고 의욕도 없고 밥맛이 없어서 더한 거 같아.	N	2022-06-26 08:20:51	2022-11-08 03:48:59
BE22003815	4	1	그동안 무슨 걱정거리가 있었어. 집안에 무슨 신경 쓸 일이 있었느냐고?	N	2022-06-26 08:20:51	2022-11-08 03:48:59
BE22003815	5	0	그런 거 없었어. 식사를 잘하지 못해서 기운이 없어 그런가 했지. 마음이 불안해서 정신과 상담을 받았어.	N	2022-06-26 08:20:51	2022-11-08 03:48:59
BE22003815	6	1	너무 불안해할 필요는 없어. 의사 선생님은 뭐라고 해? 약물치료나 지속적인 상담을 받아야 한다고 하지는 않았어.	N	2022-06-26 08:20:51	2022-11-08 03:48:59
BE22003815	7	0	증세가 심하다고 말씀하시지는 않았어. 당분간 지켜보면서 치료방법을 찾아보자고 말씀하셨어.	N	2022-06-26 08:20:51	2022-11-08 03:48:59
BE22003815	8	1	그만하면 다행이다. 너무 걱정할 필요는 없는 거 같아. 증세가 심하면 당장 약물치료를 할 텐데.	N	2022-06-26 08:20:51	2022-11-08 03:48:59
BE22003815	9	0	그래도 당분간은 일주일에 한 번씩 정신과에 가야 해. 그사이에 일어난 모든 일을 의사 선생님께 말씀드려야 해.	N	2022-06-26 08:20:51	2022-11-08 03:48:59
BE22003815	10	1	일단 마음을 편안하게 먹고 쉬면서 충분히 자야 해. 건강한 사람도 하루만 잠을 못 자면 이튿날 피곤하잖아.	N	2022-06-26 08:20:51	2022-11-08 03:48:59
BE22003815	11	0	어떤 날은 마음이 이상하게 불안해 잠을 설치는 날이 종종 있었어. 왜 그런지 아무런 이유도 없이 그러니까 더 불안한 거야.	N	2022-06-26 08:20:51	2022-11-08 03:48:59
BE22003815	12	1	의사 선생님에게 잠을 잘 못 잔다고 말씀드렸어. 수면 유도제 같은 약 처방을 안 해줬어.	N	2022-06-26 08:20:51	2022-11-08 03:48:59
BE22003815	13	0	그런 말씀은 없었고 좀 지켜보면서 천천히 치료 방법을 찾아보자고 하셨어.	N	2022-06-26 08:20:51	2022-11-08 03:48:59
BE22003815	14	1	너무 걱정하거나 불안해할 필요는 없는 것 같다. 의사 선생님 말씀을 잘 듣는 것이 중요해.	N	2022-06-26 08:20:51	2022-11-08 03:48:59
BE22003815	15	0	고마워. 어쩌면 심하지는 않을 것 같아서 다행이라는 생각이 들어.	Y	2022-06-26 08:20:51	2022-11-08 03:48:59
