id	utterance_id	utterance_type	utterance_text	terminate	regDate	updDate
BE22004756	1	0	내가 어제 후배 직원을 가볍게 혼냈거든? 근데 오늘 결근했어...	N	2022-06-28 13:02:32	2022-11-08 03:54:59
BE22004756	2	1	뭐라고? 얼마나 혼냈는데? 얘기도 없이 결근한 거야?	N	2022-06-28 13:02:32	2022-11-08 03:54:59
BE22004756	3	0	그냥 자꾸 같은 실수를 해서 따끔하게 한 소리 했거든. 근데 오늘 아프다고 결근했더라고. 나 때문에 그런 건 아닌지 괜히 걱정되고 불안하네.	N	2022-06-28 13:02:32	2022-11-08 03:54:59
BE22004756	4	1	나도 예전에 후배 혼나고 나서 너무 마음이 안 좋았던 적이 있어서 그 마음 알아. 네가 지금 걱정할 거 생각하니까 나도 갑자기 신경이 쓰이네.	N	2022-06-28 13:02:32	2022-11-08 03:55:00
BE22004756	5	0	응. 그래도 막 심하게 혼내지는 않았다고 생각했거든? 근데 얘가 나 때문에 상처를 받은 것 같아서 너무 심란해.	N	2022-06-28 13:02:32	2022-11-08 03:55:00
BE22004756	6	1	네가 생각하기에 많이 혼내진 않았다며. 후배도 네가 본인을 싫어해서 그랬다고 생각은 안 할 거야. 너무 걱정하지 마.	N	2022-06-28 13:02:32	2022-11-08 03:55:00
BE22004756	7	0	그럴까? 평소에는 내가 잘해주긴 했거든. 잘해주던 사람이 갑자기 화내면 더 충격받잖아...	N	2022-06-28 13:02:32	2022-11-08 03:55:00
BE22004756	8	1	그렇긴 하지. 그래도 네가 평소에 잘해줬다면 이유 없이 화낼 사람은 아니라는 건 그 후배도 알 거야. 또 그걸 계기로 다음에는 같은 실수를 하지 않을 수 있으니까 발전하는 계기가 되기도 하고. 분명히 필요한 과정이라고 본인도 생각했을 테니까 너무 염려하지 마.	N	2022-06-28 13:02:32	2022-11-08 03:55:00
BE22004756	9	0	그랬으면 좋겠다. 나도 생각해보면 선배가 나를 혼냈을 때 그 당시에는 서럽긴 했지만 나중에는 괜찮았던 것 같아. 그걸로 더 배울 수 있는 기회가 된 거니깐.	N	2022-06-28 13:02:32	2022-11-08 03:55:00
BE22004756	10	1	그래. 너의 후배도 너와 같은 생각을 가지고 있을 거야. 그리고 후배가 내일 출근하고 나면 잘할 수 있다고 격려해주면 되지.	N	2022-06-28 13:02:32	2022-11-08 03:55:00
BE22004756	11	0	그래야겠다. 그렇게 하면 내 마음이 더 편해질 것 같아.	N	2022-06-28 13:02:32	2022-11-08 03:55:00
BE22004756	12	1	그래. 너 다른 사람 격려도 잘해주고 마음도 편하게 잘 해주잖아. 후배도 잘 보듬어줄 수 있을 거야.	N	2022-06-28 13:02:32	2022-11-08 03:55:00
BE22004756	13	0	고마워. 네 덕분에 좀 마음이 한결 나아진 것 같아.	N	2022-06-28 13:02:32	2022-11-08 03:55:00
BE22004756	14	1	그랬다니 다행이야. 언제든 고민 있으면 연락해.	Y	2022-06-28 13:02:32	2022-11-08 03:55:00
