id	utterance_id	utterance_type	utterance_text	terminate	regDate	updDate
BE22005596	1	0	요즘 어떻게 지내?	N	2022-07-01 11:16:27	2022-11-08 04:00:26
BE22005596	2	1	어, 오랜만이다. 나 회사 다니고 있지.	N	2022-07-01 11:16:27	2022-11-08 04:00:26
BE22005596	3	0	난 이번 공무원 시험 떨어지면 다른 길을 알아봐야 할까봐.	N	2022-07-01 11:16:27	2022-11-08 04:00:26
BE22005596	4	1	왜? 어렸을 때부터 공무원이 네 꿈이었잖아.	N	2022-07-01 11:16:27	2022-11-08 04:00:26
BE22005596	5	0	공무원 시험만 3년째 도전 중인데 계속 떨어지네. 부모님께도 너무 죄송하고 남들은 이맘때쯤 붙는다는데 왜 나는 아직 소식이 없지. 너무 불안하고 초조하다.	N	2022-07-01 11:16:27	2022-11-08 04:00:26
BE22005596	6	1	나도 3수했잖아. 네 불안함을 어렴풋이나마 알 것 같아. 정말 앞이 캄캄하고 나만 뒤처지는 것 같아서 나 자신이 초라하게 느껴지지?	N	2022-07-01 11:16:27	2022-11-08 04:00:26
BE22005596	7	0	응. 특히 같이 시험을 준비하던 친구들이 하나둘씩 붙었다는 소식이 들려올 때마다 더 초조해져. 나는 아무래도 공무원 시험이 적성에 안 맞나봐.	N	2022-07-01 11:16:27	2022-11-08 04:00:26
BE22005596	8	1	네 마음 잘 알겠어. 그런데 공무원 시험이 워낙 어려운 시험이잖아. 삼 년이면 아직 포기하기는 너무 이르다는 생각이 드는데 한 번 더 도전해 보는 건 어때?	N	2022-07-01 11:16:27	2022-11-08 04:00:27
BE22005596	9	0	글쎄. 나도 한 번 더 도전해보면 좋지, 근데 이번에도 떨어지면 정말 앞길이 막막해. 다른 길을 가기엔 지금도 너무 늦은 때가 아닐까 하는 생각도 든다.	N	2022-07-01 11:16:27	2022-11-08 04:00:27
BE22005596	10	1	우리 아직 젊어. 60대에 제 2의 직업을 시작하시는 분들도 많은데 27세에 벌써 꿈을 포기하기엔 너무 이르지 않아? 너무 초조해하지 말고 좀더 여유를 가지고 생각하자.	N	2022-07-01 11:16:27	2022-11-08 04:00:27
BE22005596	11	0	정말 한 번 더 도전해도 되는 걸까? 네 말을 들으니 초조했던 기분이 조금 위로는 되지만 아직 확신이 없어.	N	2022-07-01 11:16:27	2022-11-08 04:00:27
BE22005596	12	1	부모님과 한번 진지하게 대화를 나눠봐. 네 진심을 말씀드리고 부모님께 조언을 구하면 도움이 될 거야.	N	2022-07-01 11:16:27	2022-11-08 04:00:27
BE22005596	13	0	그래야겠다. 고마워, 네 덕분에 정말 위로가 많이 된다.	N	2022-07-01 11:16:27	2022-11-08 04:00:27
BE22005596	14	1	뭘, 난 네가 뭘 하든 항상 널 응원해. 파이팅!	Y	2022-07-01 11:16:27	2022-11-08 04:00:27
