id	utterance_id	utterance_type	utterance_text	terminate	regDate	updDate
BE22005954	1	0	아, 어떡하지. 내 얘기 들어줄 수 있어?	N	2022-07-04 05:36:57	2022-11-08 04:02:44
BE22005954	2	1	왜? 무슨 일 있어?	N	2022-07-04 05:36:57	2022-11-08 04:02:44
BE22005954	3	0	음, 최근에 일이 바빠서 애들 학교 행사에 몇 번 못 갔거든. 그랬더니 어느새 나 빼고 다른 엄마들끼리 단체 채팅방을 만들어서 정보를 공유하고 있더라고.	N	2022-07-04 05:36:57	2022-11-08 04:02:44
BE22005954	4	1	아, 정보에서 소외될 수도 있고 일단 기분이 조금 그렇겠다.	N	2022-07-04 05:36:57	2022-11-08 04:02:44
BE22005954	5	0	응. 혹시라도 학교에 중요한 일들 있는데 나만 몰라서 애들 못 챙겨줄까 봐, 그게 제일 불안해.	N	2022-07-04 05:36:57	2022-11-08 04:02:44
BE22005954	6	1	아하, 아마도 그런 일이라면 학교에서 따로 공지해 줄 거야. 너무 염려하지 않아도 돼. 그리고 내가 보기엔 지금도 충분히 애들 잘 챙겨 주고 있는 것 같은데?	N	2022-07-04 05:36:57	2022-11-08 04:02:44
BE22005954	7	0	그러면 다행이지만... 혹시라도 엄마들끼리 역할 분담 해서 뭔가 준비하는 일 있을 때 나만 빠지게 되면 어떡해?	N	2022-07-04 05:36:57	2022-11-08 04:02:44
BE22005954	8	1	음, 하긴 그럴 수도 있겠다. 그러면 아는 엄마한테 그 단체 채팅방에 초대해 달라고 하는 건 어때?	N	2022-07-04 05:36:57	2022-11-08 04:02:44
BE22005954	9	0	응... 일단은 그렇게 해야지. 그래도 뭔가 소외된 것 같아서 기분이 찜찜하네.	N	2022-07-04 05:36:57	2022-11-08 04:02:44
BE22005954	10	1	그래... 소외감이 좀 느껴질 수 있을 것 같아. 그래도 중요한 건 아이들이 학교생활 잘하는 거지, 엄마들끼리 친목이랑 정보 공유는 부차적인 문제잖아. 너무 신경 많이 쓰지 않아도 돼.	N	2022-07-04 05:36:57	2022-11-08 04:02:44
BE22005954	11	0	그런가? 아무래도 정보에서 뒤처지거나 할까 봐 좀 불안했거든. 그런데 네 말 들으니 또 그렇게까지 걱정할 필요는 없을 것 같다.	N	2022-07-04 05:36:57	2022-11-08 04:02:44
BE22005954	12	1	그래, 이제 조금 불안한 마음이 풀렸어?	N	2022-07-04 05:36:57	2022-11-08 04:02:44
BE22005954	13	0	응, 고마워. 역시 경험이 있는 친구한테 말하길 잘한 것 같아. 그래도 단체 채팅방에 초대는 해 달라고 해야겠다.	N	2022-07-04 05:36:57	2022-11-08 04:02:44
BE22005954	14	1	그래, 그리고 다음 학교 행사 때는 참여해서 엄마들끼리 눈도장 찍으면 되지!	N	2022-07-04 05:36:57	2022-11-08 04:02:44
BE22005954	15	0	그래야겠다. 알겠어, 얘기 들어줘서 고마워.	Y	2022-07-04 05:36:57	2022-11-08 04:02:44
