id	utterance_id	utterance_type	utterance_text	terminate	regDate	updDate
BE22001534	1	0	나 붓기가 왜 이렇게 안 빠지는 걸까?	N	2022-06-16 02:18:05	2022-11-08 03:34:19
BE22001534	2	1	아직 많이 부어있어?	N	2022-06-16 02:18:05	2022-11-08 03:34:19
BE22001534	3	0	응, 첫째 때에는 이러지 않았는데 둘째 낳고 붓기가 유독 심하네.	N	2022-06-16 02:18:05	2022-11-08 03:34:19
BE22001534	4	1	그러게 너 첫째 낳고는 회복도 빠르고 붓기도 빨리 빠졌던 것 같은데 둘째 때는 다른가 보다.	N	2022-06-16 02:18:05	2022-11-08 03:34:19
BE22001534	5	0	그러니까. 그래서 첫째 때는 호박즙도 거의 안 먹었는데 요즘은 매일 챙겨 먹고 있어. 그래도 거의 변화가 없어서 걱정이야.	N	2022-06-16 02:18:05	2022-11-08 03:34:19
BE22001534	6	1	붓기가 그렇게 심한 거야? 걱정될 만하다. 원래 그랬던 체질도 아닌데 갑자기 그렇다니! 문제가 있는 건 아닌 거지?	N	2022-06-16 02:18:05	2022-11-08 03:34:19
BE22001534	7	0	그런 건 아닌데 이러다가 다 살이 될까 봐 걱정이야. 진짜 마음 같아서는 지금부터 식단도 조절하고 운동도 하고 싶은데 그럴 수 없어서...	N	2022-06-16 02:18:05	2022-11-08 03:34:19
BE22001534	8	1	그치, 지금은 마음대로 다이어트도 못하는 상황이라 더 심란하겠다. 출산 후에 달라진 몸 때문에 많이들 스트레스 받는다고는 하던데 너도 너무 힘들겠다.	N	2022-06-16 02:18:05	2022-11-08 03:34:19
BE22001534	9	0	맞아. 달라진 내 모습에 내 스스로도 놀라고 자존감이 떨어져. 가끔은 진짜 남편 보기도 민망할 정도야.	N	2022-06-16 02:18:05	2022-11-08 03:34:19
BE22001534	10	1	출산이라는 큰일을 해냈는데 너의 외모로 비난할 사람은 아무도 없어. 너무 대단할 뿐인걸! 안 그래도 출산하고 몸이 많이 약해졌는데 그런 걸로 스트레스까지 받으면 네가 너무 힘들 거야.	N	2022-06-16 02:18:05	2022-11-08 03:34:19
BE22001534	11	0	그래서 나도 최대한 신경 안 쓰려고 하는데 막상 몸이 무거우니까 생각을 떨치기가 쉽지 않네.	N	2022-06-16 02:18:05	2022-11-08 03:34:19
BE22001534	12	1	지금은 무엇보다 네 건강이 우선이지. 첫째 낳고도 금방 아가씨 때처럼 다이어트 해냈었잖아? 일단 몸부터 회복하고 다이어트하면 되지! 너무 걱정 마.	N	2022-06-16 02:18:05	2022-11-08 03:34:19
BE22001534	13	0	맞아. 아이 키우다 보면 힘들어서 저절로 빠지던데 괜히 마음이 조급했나 봐.	N	2022-06-16 02:18:05	2022-11-08 03:34:19
BE22001534	14	1	예전과 같지 않으니 당연히 걱정스러울 만하지. 호박즙 말고 또 붓기에 좋은 거 찾아볼게.	N	2022-06-16 02:18:05	2022-11-08 03:34:19
BE22001534	15	0	고민 들어줘서 고마워. 생각난 김에 호박즙 하나 더 먹어야겠다.	Y	2022-06-16 02:18:05	2022-11-08 03:34:19
