id	utterance_id	utterance_type	utterance_text	terminate	regDate	updDate
BE22005755	1	0	친구야, 나 어제 불안한 마음에 엉엉 울었어.	N	2022-07-03 02:15:18	2022-11-08 04:01:28
BE22005755	2	1	울다니, 무슨 일 있었던 거야?	N	2022-07-03 02:15:18	2022-11-08 04:01:28
BE22005755	3	0	나 저번 주에 직장 사표 내고 대학원 입학하기로 결정했잖아. 어젯밤에 갑자기 불안한 마음이 파도처럼 몰려와서 서러워지더라고. 내 인생 앞으로 괜찮을까?	N	2022-07-03 02:15:18	2022-11-08 04:01:28
BE22005755	4	1	대학원 가는 거 너의 오랜 꿈이었잖아, 대학원에 합격했을 때도 네가 정말 기뻐했고. 네 인생의 새로운 장을 앞두고 있으니 불안한 마음 이해해, 처음에는 참 어렵지. 하지만 시작하고 나면 너는 분명 잘할 테니 불안해하지 마.	N	2022-07-03 02:15:18	2022-11-08 04:01:28
BE22005755	5	0	대학원에 가기 위해 참 많은 노력을 했는데, 막상 좋은 직장을 퇴사했다는 게 믿기지 않네. 사실 내가 이 직장을 그만두고 대학원에 간다고 하니 다들 만류했었거든. 그 만류를 뿌리치고 내 결정에 몸을 맡긴 건데 너무 걱정돼.	N	2022-07-03 02:15:18	2022-11-08 04:01:28
BE22005755	6	1	네 직장이 다른 사람들이 보기에는 정말 좋은 직장이 맞지. 하지만 그 기준은 너에게 달린 것이 아닐까? 평양 감사도 제 싫으면 그만이라는 속담도 있잖아.	N	2022-07-03 02:15:18	2022-11-08 04:01:28
BE22005755	7	0	맞아, 나는 직장을 계속 다녔으면 행복하지 못했을 거야. 하지만 대학원을 마치고 나서도 내가 벌던 돈은 절대 벌 수 없을 거라고 생각하니 초조해. 교육 대학원을 나오면 교사나 강사가 되는데, 전 만큼의 수입이 날 수는 없으니까.	N	2022-07-03 02:15:18	2022-11-08 04:01:28
BE22005755	8	1	너는 돈보다 너의 행복을 추구하기 위해 직장을 그만둔 거잖아. 자신이 행복하기 위한 길을 알고, 선택하는 것은 행운이야. 수입이 줄어들지는 몰라도 나는 네가 행복할 거라고 확신하니 걱정하지 마.	N	2022-07-03 02:15:18	2022-11-08 04:01:28
BE22005755	9	0	네가 그렇게 말해주니 위로가 된다. 나는 내 행복이 가장 우선이고, 사실 돈이나 사람들의 생각 같은 건 중요하지 않은데. 그냥 갑자기 대학원 입학을 앞두니 불안한 마음에 나에게 무엇이 우선인지를 잠시 잊었나 봐.	N	2022-07-03 02:15:18	2022-11-08 04:01:28
BE22005755	10	1	네 마음 충분히 이해해. 심사숙고해서 결정한 일이라도 문득 불안감이 드는 건 너만 그런 게 아니야. 그런 불안감을 다 이겨내고 네가 선택한 삶을 사는 건 대단한 일이야.	N	2022-07-03 02:15:18	2022-11-08 04:01:28
BE22005755	11	0	불안한 마음은 접어두고, 대학원에 입학하기 전에 준비할 게 있는지 찾아봐야겠다. 이미 지나온 길은 뒤돌지 않기로 마음먹으니 마음이 편해져.	N	2022-07-03 02:15:18	2022-11-08 04:01:28
BE22005755	12	1	맞아, 한번 결정한 이상 두고 온 것들을 생각하면 마음이 계속 불안하지. 정말 잘 생각했어.	N	2022-07-03 02:15:18	2022-11-08 04:01:28
BE22005755	13	0	너같이 현명한 친구가 있어서 항상 위로를 받는 것 같아. 나 남들이 부러워할 만큼 행복하게 잘 살아볼게.	N	2022-07-03 02:15:18	2022-11-08 04:01:28
BE22005755	14	1	그래, 나는 네가 자랑스럽다 친구야.	Y	2022-07-03 02:15:18	2022-11-08 04:01:28
