id	utterance_id	utterance_type	utterance_text	terminate	regDate	updDate
BE22003535	1	0	오늘 학교 친구가 혹시 뒤에서 자기 얘기 하고 다니냐고 전화해서 물어보더라.	N	2022-06-25 03:33:53	2022-11-08 03:47:10
BE22003535	2	1	아 학교 친구? 그때 그 너희 자취방 근처에 산다고 했던 애 말이지? 왜? 뭐 짚이는 것이라도 있어?	N	2022-06-25 03:33:53	2022-11-08 03:47:10
BE22003535	3	0	응. 내가 그 친구 남자 친구랑 전에 싸웠단말야. 그래도 둘의 관계는 별개의 관계니까 잘 지내고 있었어. 근데 그 남자 친구가 아무래도 내가 욕했다고 말한 것 같아.	N	2022-06-25 03:33:53	2022-11-08 03:47:10
BE22003535	4	1	뭐 그런 일이 다 있어? 무슨 이야기 들었냐고 물어봤어?	N	2022-06-25 03:33:53	2022-11-08 03:47:10
BE22003535	5	0	나도 아주 구체적으로는 물어보지는 못했지. 그런데 내가 자기를 융통성 없고 이기적인 사람이라고 말하고 다녔대. 내가 그럴 리가 없잖아.	N	2022-06-25 03:33:53	2022-11-08 03:47:10
BE22003535	6	1	아니야. 애초에 네가 남들을 그렇게 나쁘게 말할 사람은 아니잖아. 너무 내가 다 속상한걸. 그 말을 왜 믿지.	N	2022-06-25 03:33:53	2022-11-08 03:47:10
BE22003535	7	0	그러니까. 내가 아니라고 말하니까, 알겠다고 하는데 그래도 마음이 편치 않아. 내가 사실이면 억울하지 않지.	N	2022-06-25 03:33:53	2022-11-08 03:47:10
BE22003535	8	1	그러게. 그렇지만 아니라고 말했으니까, 친구도 네 말을 믿어줄 거야. 만약에 믿어주지 않는다면 그건 그 친구 문제니까 너무 마음 쓰지 말고.	N	2022-06-25 03:33:53	2022-11-08 03:47:10
BE22003535	9	0	고마워. 내가 마음이 계속 안 좋아서 그게 문제인 것 같아.	N	2022-06-25 03:33:53	2022-11-08 03:47:10
BE22003535	10	1	그렇지. 아무래도 친구와의 관계에서는 조금 더 조심스럽게 되는 것 같아. 또 우리가 인간 관계에 있어서 수많은 상처를 받아왔으니까. 신경 쓰지 말라고 하고 싶지만, 계속 마음으로 힘들잖아.	N	2022-06-25 03:33:53	2022-11-08 03:47:10
BE22003535	11	0	너무 속상하긴 한데 그래도 그건 내가 알아서 해야 할 문제겠지? 이번 주 수요일에 친구 만나긴 하는데.	N	2022-06-25 03:33:53	2022-11-08 03:47:10
BE22003535	12	1	아. 잘 됐다. 얼굴 보고 이야기하면 기분이 잘 풀릴 거야.	N	2022-06-25 03:33:53	2022-11-08 03:47:10
BE22003535	13	0	정말 그럴까? 전화나 문자로 이야기하면 오해가 더 생기는 것 같긴 해.	N	2022-06-25 03:33:53	2022-11-08 03:47:10
BE22003535	14	1	맞아. 사람들은 상대방의 감정을 읽는데 비언어적인 표현이 중요하다고 하잖아. 실제로 만나서 이야기하면 아무것도 아닐 거야.	N	2022-06-25 03:33:53	2022-11-08 03:47:10
BE22003535	15	0	그렇게 말해줘서 너무 고마워. 네 덕분에 안심이 된다. 그럼 수요일에 말하고, 어땠는지 이야기 들려줘.	Y	2022-06-25 03:33:53	2022-11-08 03:47:10
