id	utterance_id	utterance_type	utterance_text	terminate	regDate	updDate
BE22004105	1	0	오늘 병원에서 환자가 너무 심하게 항의를 하는 바람에 곤욕을 치렀어. 정말 스트레스받지 않을 수 없네.	N	2022-06-27 07:36:35	2022-11-08 03:50:49
BE22004105	2	1	네가 요즘 병원에서 스트레스를 많이 받는 것 같아. 오늘은 무슨 항의가 들어왔길래 그래? 나한테 털어놔 봐.	N	2022-06-27 07:36:35	2022-11-08 03:50:49
BE22004105	3	0	오늘 환자에게 수액을 제공해야 해서 링거를 꽂았는데 혈관 찾기가 어렵더라고. 한 번 실수로 찔렀다가 빼고 다시 바늘을 삽입해야 하는데 그 과정에서 환자가 화가 난 모양이야.	N	2022-06-27 07:36:35	2022-11-08 03:50:50
BE22004105	4	1	혈관을 찾기 힘든 경우에는 한 번에 삽입하기 어렵잖아. 네가 실수로 그런 건데 너무 거친 반응을 보였다니 너가 당황스러울 만하겠는데?	N	2022-06-27 07:36:35	2022-11-08 03:50:50
BE22004105	5	0	내가 실수한 부분이니 아프다고 하는 것까진 이해하는데, 이후에 간호사실로 찾아와 소리를 지르더라고. 내가 자신의 팔을 함부로 대했다고 말이야. 정말 스트레스받아.	N	2022-06-27 07:36:35	2022-11-08 03:50:50
BE22004105	6	1	충분히 있을 법한 일인데 찾아와서 소리를 질렀단 말이야? 네가 일부러 그런 것도 아닌데 그런 말을 들으니 정말 억울할 것 같아. 내가 너였어도 너무 정신적으로 괴로웠을 것 같은데.	N	2022-06-27 07:36:35	2022-11-08 03:50:50
BE22004105	7	0	그래서 그 항의를 들은 다른 환자들도 다 나를 쳐다보더라고. 그 시선이 느껴졌어.	N	2022-06-27 07:36:35	2022-11-08 03:50:50
BE22004105	8	1	그런 상황이 있어서 네가 정말 스트레스받겠다. 심지어 주변 사람이 듣고 쳐다볼 정도라니 정말 민망하고 화가 났을 것 같아.	N	2022-06-27 07:36:35	2022-11-08 03:50:50
BE22004105	9	0	이 일 때문에 수간호사님께 불려가서 면담까지 하고 왔어.	N	2022-06-27 07:36:35	2022-11-08 03:50:50
BE22004105	10	1	수간호사님이 뭐라고 하셨어? 너에게 크게 혼을 내셨니?	N	2022-06-27 07:36:35	2022-11-08 03:50:50
BE22004105	11	0	그냥 나한테 앞으로 잘하라면서 주의를 주신 정도이지. 근데 그 환자가 고래고래 소리를 지르는 모습이 떠올라서 아직도 스트레스받아.	N	2022-06-27 07:36:35	2022-11-08 03:50:50
BE22004105	12	1	내가 너였어도 그 장면이 잊혀지지 않을 것 같아. 너 그동안 모아놓은 휴가를 쓰고 좀 휴식을 취하는 게 어때? 너에게 재충전의 시간이 필요한 것 같은데.	N	2022-06-27 07:36:35	2022-11-08 03:50:50
BE22004105	13	0	뭔가 쉬면 안 될 것 같다는 강박이 좀 있는 것 같은데, 쉬어도 될까?	N	2022-06-27 07:36:35	2022-11-08 03:50:50
BE22004105	14	1	네가 요즘 직장에서 스트레스를 정말 많이 받잖아. 일도 중요하지만 너의 마음과 몸이 건강한 게 가장 중요해. 이런 식으로 스트레스를 계속 받으면 몸에 무리가 갈 거야.	N	2022-06-27 07:36:35	2022-11-08 03:50:50
BE22004105	15	0	네 말을 들으니 휴식을 취해야겠다는 생각이 좀 드네.	N	2022-06-27 07:36:35	2022-11-08 03:50:50
BE22004105	16	1	네가 요즘 통 휴가를 가지 않았잖아. 휴가를 써서 조금 쉬면서 마음을 달래면 스트레스도 조금 줄 수 있을 거야. 다시 돌아와서 잘하면 되지.	N	2022-06-27 07:36:35	2022-11-08 03:50:50
BE22004105	17	0	그렇게 말해줘서 고마워. 네가 내 이야기를 들어줘서 마음이 좀 풀렸어.	Y	2022-06-27 07:36:35	2022-11-08 03:50:50
