id	utterance_id	utterance_type	utterance_text	terminate	regDate	updDate
BE22005693	1	0	공감화자야, 우리 딸이 인터넷 1인 방송을 시작했지 뭐니. 정말 잘하는 일인지 모르겠다.	N	2022-07-02 06:48:07	2022-11-08 04:01:04
BE22005693	2	1	어머, 그거 정말 대단한 용기가 필요한 일 아니니. 응원을 해줘야지, 무슨 걱정이라도 있는 거니?	N	2022-07-02 06:48:07	2022-11-08 04:01:04
BE22005693	3	0	얼굴이 고스란히 대중에게 노출되는 일이 아니겠니. 가뜩이나 사회가 여성의 외모를 지나치게 품평하는데 애가 상처라도 받을까봐 무섭다.	N	2022-07-02 06:48:07	2022-11-08 04:01:04
BE22005693	4	1	아, 그래. 유독 여성에게 가혹하게 외모의 잣대를 들이대기는 하지. 네가 엄마로서 그런 걱정을 하는 게 당연하다고 생각해. 요즘 세상이 참 각박하잖니.	N	2022-07-02 06:48:07	2022-11-08 04:01:04
BE22005693	5	0	바로 그거야. 여성만 노린 범죄도 쏟아지는데 아휴 나는 그저 두렵기만 해. 애가 원해서 하는 거니 어쩔 수 없이 지켜보기는 한다만.	N	2022-07-02 06:48:07	2022-11-08 04:01:04
BE22005693	6	1	네가 그렇게 말하니 참 나도 마음이 안 좋구나. 딸을 향한 잠재적인 위험이 너를 얼마나 불안하게 할지 나도 충분히 느낄 수 있어. 방송이라는 건 특히 전파력이 어마어마하니까 말이야.	N	2022-07-02 06:48:07	2022-11-08 04:01:04
BE22005693	7	0	한 번 송출이 되면 지우는 것도 힘들잖니. 애가 어떻게 될까봐 응원도 마음껏 못하고 끙끙 앓고만 있네.	N	2022-07-02 06:48:07	2022-11-08 04:01:04
BE22005693	8	1	감정화자야, 우리는 엄마니까 자식이 밖에서 어떤 위험에 처할까봐 두려워하는 건 당연한 거야. 그렇지만 너희 딸이 어릴 때부터 준비해왔던 일이 아니니. 일어나지 않은 일을 두려워하기보다는 적극적으로 힘을 실어주는 게 낫지 않을까?	N	2022-07-02 06:48:07	2022-11-08 04:01:04
BE22005693	9	0	나도 그렇게 생각은 해. 하지만 그럴 때마다 마음 깊은 곳에서 솟아나는 두려움을 떨치기가 힘들어.	N	2022-07-02 06:48:07	2022-11-08 04:01:04
BE22005693	10	1	그래, 네 말대로 세상은 여성에게 훨씬 가혹하지. 바로 그런 이유가 있기 때문에 우리가 네 딸을 더 지지해줘야 하는 거야. 우리가 울타리가 되어 응원을 해준다면 네 딸은 더 당당히 목소리를 낼 수 있을 테니까.	N	2022-07-02 06:48:07	2022-11-08 04:01:04
BE22005693	11	0	그럴까? 네 말을 들으니까 내가 너무 우물 안 개구리처럼만 생각하진 않았나 반성하게 된다.	N	2022-07-02 06:48:07	2022-11-08 04:01:04
BE22005693	12	1	엄마는 자식의 안전이 최우선 아니겠니. 네가 다른 모든 걸 제쳐두고 딸의 안위만 생각하는 건 당연한 거야. 그렇지만 이제부터는 두려움을 떨치고 딸을 위해 더 강해지는 건 어떨까.	N	2022-07-02 06:48:07	2022-11-08 04:01:04
BE22005693	13	0	그래, 그렇게 해야겠어. 우리 딸이 원하는 일을 잘 할 수 있도록 나부터 두려움에서 나와야 하겠지?	N	2022-07-02 06:48:07	2022-11-08 04:01:04
BE22005693	14	1	바로 그거야. 엄마라는 큰 존재가 든든히 버텨준다면 네 딸은 훨씬 더 높이 날아오를 수 있을 거야. 감정화자야, 넌 그런 멋진 엄마가 될 수 있을 거야. 그러니 힘을 내렴.	N	2022-07-02 06:48:07	2022-11-08 04:01:04
BE22005693	15	0	고맙다, 공감화자야. 네 말이 내 가슴을 울렸어. 나 정말 힘내볼게!	N	2022-07-02 06:48:07	2022-11-08 04:01:04
BE22005693	16	1	그래, 너와 네 딸을 응원한다!	Y	2022-07-02 06:48:07	2022-11-08 04:01:04
