id	utterance_id	utterance_type	utterance_text	terminate	regDate	updDate
BE22005563	1	0	모든 걸 내려놓아 버리고 싶어.	N	2022-07-01 08:18:08	2022-11-08 04:00:14
BE22005563	2	1	왜 그래. 무슨 일 있어?	N	2022-07-01 08:18:08	2022-11-08 04:00:14
BE22005563	3	0	이제 결혼식이 한 달밖에 안 남았는데, 살을 어떻게 빼야 될지 모르겠어. 매일 같이 약속이 잡히네. 오늘도 대학 동기들한테 청첩장 주기로 했거든.	N	2022-07-01 08:18:08	2022-11-08 04:00:14
BE22005563	4	1	맞아. 결혼 전에는 해야 할 일도 많고, 약속도 많이 잡혀서 다이어트하기가 쉽지 않지. 역시 너도 마찬가지구나.	N	2022-07-01 08:18:08	2022-11-08 04:00:14
BE22005563	5	0	결혼식 때 누구보다 예뻐 보이고 싶은데, 세상이 날 도와주질 않네. 오늘이라도 가볍게 샐러드로 때우고 싶은데, 약속이 계속 잡혀서 매일같이 고기랑 술 먹고 있어. 결혼사진 예쁘게 찍고 싶었는데, 가능할지 모르겠어. 정말 불안해.	N	2022-07-01 08:18:08	2022-11-08 04:00:14
BE22005563	6	1	아이고. 너 결혼식 때문에 스트레스받을게 많이 받아서 불안한가 보구나. 나도 결혼 준비해 봐서, 네 마음이 이해가 돼. 결혼식 한 달 전에는 정말 바빠서 다이어트하기도 힘들지. 정말 안쓰럽다.	N	2022-07-01 08:18:08	2022-11-08 04:00:14
BE22005563	7	0	그러니까. 결혼식이 이렇게 힘들 줄 알았으면, 그냥 혼인신고만 할 걸 그랬어. 내 마음대로 되는 게 하나도 없어. 이렇게 스트레스에 압박될 줄 알았으면 결혼 준비 안 했을 거야.	N	2022-07-01 08:18:08	2022-11-08 04:00:14
BE22005563	8	1	나도 그맘때쯤 스트레스 때문에 위염을 달고 살았는데, 너도 그럴까봐 걱정된다. 스트레스도 많이 받으면 병날 수도 있어. 마음을 조금 더 편하게 가져봐.	N	2022-07-01 08:18:08	2022-11-08 04:00:14
BE22005563	9	0	맞아. 스트레스가 많아서 요즘엔 소화도 잘 안되는 거 같더라고.	N	2022-07-01 08:18:08	2022-11-08 04:00:14
BE22005563	10	1	너도 모르게 결혼식을 준비하면서 강박증이 생겼나 보다. 네가 원한다면 대학 동기들한테 이야기해서 너만 샐러드를 먹는 방법도 있어. 결혼 준비를 위해 식단 조절을 한다고 하면 말릴 친구는 없을 거야.	N	2022-07-01 08:18:08	2022-11-08 04:00:14
BE22005563	11	0	네 말이 맞아. 나도 모르게 청첩장을 줄 때 제대로 대접해야 된다는 강박관념이 생겼었나 봐. 내가 배려를 받을 생각은 못했던 거 같아.	N	2022-07-01 08:18:08	2022-11-08 04:00:14
BE22005563	12	1	결혼식이 널 너무 압박하고 있는 거 같다. 조금은 내려놓아도 좋아. 널 위한 결혼인걸.	N	2022-07-01 08:18:08	2022-11-08 04:00:14
BE22005563	13	0	고마워. 아까까지만 해도 정말 막막한 기분이었는데. 너랑 대화하면서 마음이 가벼워졌어.	N	2022-07-01 08:18:08	2022-11-08 04:00:14
BE22005563	14	1	그렇다면 다행이지. 결혼 준비 잘하고, 오늘 대학 동기들도 잘 만나고 와!	Y	2022-07-01 08:18:08	2022-11-08 04:00:14
