id	utterance_id	utterance_type	utterance_text	terminate	regDate	updDate
BE22005708	1	0	내일 학교에서 토론해야 하는데 너무 걱정되고 두려워.	N	2022-07-02 09:34:19	2022-11-08 04:01:10
BE22005708	2	1	맞아. 사람들이 많은 곳에서 내 주장을 펼치는 건 언제나 떨려. 많이 긴장되지?	N	2022-07-02 09:34:19	2022-11-08 04:01:10
BE22005708	3	0	애들 앞에서 발표하는 것도 떨리는데, 토론이라 더 문제야. 토론은 어쩔 수 없이 논쟁을 해야 하잖아. 난 다른 애들이랑 논쟁하는 게 너무 무서워.	N	2022-07-02 09:34:19	2022-11-08 04:01:10
BE22005708	4	1	넌 원래부터 논쟁보다는 화합을 더 좋아했잖아. 네 의지에 반해서 다른 애들과 논쟁하려면 정말 힘들 것 같아. 하기 싫은 일을 억지로 해야 하는 네 심정이 오죽할까.	N	2022-07-02 09:34:19	2022-11-08 04:01:10
BE22005708	5	0	난 왜 이렇게 자기주장이 약할까? 다른 사람 의견을 반박하는 게 너무 싫어.	N	2022-07-02 09:34:19	2022-11-08 04:01:10
BE22005708	6	1	대신 다른 사람 말에 귀 기울이는 법을 알고 있잖아. 그것만으로도 큰 능력이라고 생각해.	N	2022-07-02 09:34:19	2022-11-08 04:01:10
BE22005708	7	0	그래도 살다 보면 논쟁해야 할 때도 필요하니까. 지금처럼 피할 수 없는 상황에 닥칠까 봐 걱정돼.	N	2022-07-02 09:34:19	2022-11-08 04:01:10
BE22005708	8	1	네 성격과 맞지 않는 일에 부딪히면 나라도 정말 힘들 거야. 그래도 반대로 생각해 봐. 넌 상대방이 기분 나쁘지 않게 네 주장을 펼칠 수 있는 능력을 이미 갖추고 있어.	N	2022-07-02 09:34:19	2022-11-08 04:01:10
BE22005708	9	0	내가 이미 논쟁을 잘 할 수 있는 능력을 갖추고 있다고? 어떤 면에서?	N	2022-07-02 09:34:19	2022-11-08 04:01:10
BE22005708	10	1	논쟁은 서로 다른 의견을 가진 사람이 자기주장을 말하는 거잖아. 경청이 몸에 배 있는 너는 상대방의 말의 허점을 더 잘 짚어낼 수 있는 거지.	N	2022-07-02 09:34:19	2022-11-08 04:01:10
BE22005708	11	0	네 말이 맞지만, 그걸 입 밖으로 표출하지 못하면 소용없지 않을까?	N	2022-07-02 09:34:19	2022-11-08 04:01:10
BE22005708	12	1	넌 언제나 경청하면서, 듣는 사람을 배려해서 기분 나쁘지 않게 이야기를 잘 풀어나가지. 언성을 높이지 않고 논쟁을 이어갈 수 있다면 상대방도 전혀 기분 나빠하지 않을 거야. 논쟁은 싸움이 아니잖아.	N	2022-07-02 09:34:19	2022-11-08 04:01:10
BE22005708	13	0	네 말이 맞아, 생각해보면 논쟁이 다툼은 아니었구나.	N	2022-07-02 09:34:19	2022-11-08 04:01:10
BE22005708	14	1	그렇지. 서로 의견을 나누는 과정이라고 생각하면, 두려움도 훨씬 덜 해질 거야. 남의 기분을 상하지 않게 하려는 네 마음이 오히려 논쟁을 더 어렵게 만들었던 것 같아.	N	2022-07-02 09:34:19	2022-11-08 04:01:10
BE22005708	15	0	너한테 털어놓으니까 한결 속이 시원하다. 그동안 내가 논쟁을 오해하고 괜히 겁먹었었나 봐.	N	2022-07-02 09:34:19	2022-11-08 04:01:10
BE22005708	16	1	상대방의 말을 잘 듣고, 기분 나쁘게 대화하지 않는 네 성격은 논쟁에서 유리해. 내일 토론도 너무 걱정하지 말고 원래 하던 대로 한다면, 분명 좋은 결과가 있을 거야. 내일 일을 계기로 논쟁에 대한 두려움이 사라질 수 있기를 진심으로 응원할게.	Y	2022-07-02 09:34:19	2022-11-08 04:01:10
