id	utterance_id	utterance_type	utterance_text	terminate	regDate	updDate
BE22004016	1	0	나 걱정이 있어.	N	2022-06-27 04:28:58	2022-11-08 03:50:15
BE22004016	2	1	무슨 일 있어? 내가 들어줄게.	N	2022-06-27 04:28:58	2022-11-08 03:50:15
BE22004016	3	0	남자 친구가 다음 달에 러시아로 떠나. 떨어져 있을 생각하면 너무 불안하고 걱정돼. 서로 잘 버틸 수 있을지 모르겠어.	N	2022-06-27 04:28:58	2022-11-08 03:50:15
BE22004016	4	1	정말 불안하고 걱정되겠지만 적응되면 금방 괜찮아질 거야. 나도 어학연수 갈 때 남자 친구랑 떨어져 있던 기억이 있어서 불안하고 걱정되는 마음에 공감해. 얼마나 오래 가 있는 거야?	N	2022-06-27 04:28:58	2022-11-08 03:50:15
BE22004016	5	0	아마 2년 정도 갔다 올 것 같아. 이렇게 오래 떨어져 있는 건 처음이라서 걱정돼. 잘 버틸 수 있을지도 모르겠고, 거기서 취업하면 한국에 돌아오기는 힘들 것 같아서 더 걱정이야.	N	2022-06-27 04:28:58	2022-11-08 03:50:16
BE22004016	6	1	세상에, 그렇구나. 이야기를 듣는 나도 이렇게 걱정되고 불안한데, 네 마음은 어떨지 상상이 안 돼. 마음이 많이 복잡하겠다. 그래도 시간 날 때 연락을 많이 하면 괜찮지 않을까?	N	2022-06-27 04:28:58	2022-11-08 03:50:16
BE22004016	7	0	매일 조금씩이라도 영상통화를 하기로 했어. 그래도 러시아는 치안이 안 좋다는 이야기도 있어서 더 걱정스러워. 가서 무슨 일 생기면 어떡하지?	N	2022-06-27 04:28:58	2022-11-08 03:50:16
BE22004016	8	1	네가 걱정하는 마음은 이해하지만, 러시아가 생각보다 치안이 좋아서 괜찮을 거야. 우리 이모가 러시아에 계신데, 우리가 생각하는 것만큼 치안이 안 좋은 건 아니라고 하셨어. 너무 걱정하지 마.	N	2022-06-27 04:28:58	2022-11-08 03:50:16
BE22004016	9	0	그렇다면 정말 다행이야. 그래도 몸이 멀어지면 마음도 멀어진다는데, 우리도 그렇게 되는 건 아닐까 걱정이야. 매번 붙어 있었기 때문에, 이렇게 멀리 떨어지는 게 너무 불안해.	N	2022-06-27 04:28:58	2022-11-08 03:50:16
BE22004016	10	1	네가 걱정하고 불안해하는 모습을 보니 나도 마음이 아프다. 걱정하는 마음은 충분히 이해하지만, 모든 연인들이 전부 그렇지는 않아. 오히려 떨어져 있으면서 더 애틋해지고, 자기 시간이 생겨서 좋아하는 경우도 많아. 괜찮을 거야.	N	2022-06-27 04:28:58	2022-11-08 03:50:16
BE22004016	11	0	네가 그렇게 말해주니까 정말 마음이 놓여. 덕분에 걱정이 많이 사라졌어.	N	2022-06-27 04:28:58	2022-11-08 03:50:16
BE22004016	12	1	그렇다면 다행이야. 내가 아는 너는 배려심도 깊고 다정한 사람이니까 멀리 떨어져 있어도 잘 지낼 거야. 너희는 서로를 신뢰하고 많이 사랑하니까, 잠깐의 이별도 잘 극복할 수 있을 거라고 생각해. 항상 응원할게.	N	2022-06-27 04:28:58	2022-11-08 03:50:16
BE22004016	13	0	정말 고마워. 네가 아니었으면 걱정되는 마음에 눈물만 흘렸을 거야. 덕분에 이제 기분이 많이 나아졌어.	N	2022-06-27 04:28:58	2022-11-08 03:50:16
BE22004016	14	1	네 마음이 편해질 수 있어서 정말 다행이야. 도움이 되어서 정말 기뻐. 앞으로도 고민이 있을 때 언제든 연락해.	Y	2022-06-27 04:28:58	2022-11-08 03:50:16
