id	utterance_id	utterance_type	utterance_text	terminate	regDate	updDate
BE22004342	1	0	나 저녁에 동창들 만나서 술 마시고 왔어.	N	2022-06-27 14:51:10	2022-11-08 03:52:20
BE22004342	2	1	술 별로 좋아하지도 않는 녀석이 웬일이래? 오랜만에 만나서 기분전환 됐겠다!	N	2022-06-27 14:51:10	2022-11-08 03:52:20
BE22004342	3	0	응. 오랜만에 만나서 좋았는데. 사실 무리하게 마시다가 술에 취해서 옆 테이블 술병을 실수로 깨버렸어. 그래서 지금 너무 걱정스럽고 머릿속이 복잡해.	N	2022-06-27 14:51:10	2022-11-08 03:52:20
BE22004342	4	1	너는 안 다쳤지? 술 마시고 실수로 술병 깰 수도 있지 나도 전에 그런 적 있는데 뭐. 혹시 다른 문제라도 있는 거야?	N	2022-06-27 14:51:10	2022-11-08 03:52:20
BE22004342	5	0	다행히 나는 안 다쳤는데 옆 테이블 사람 얼굴에 유리 파편이 튀어서 응급실에 갔어. 그쪽은 내가 실수로 그런 거라 괜찮다고 하긴 했는데. 크게 다친 건 아닌가 너무 걱정돼.	N	2022-06-27 14:51:10	2022-11-08 03:52:20
BE22004342	6	1	네가 술 마시고 실수한 것도 처음인데다 사람을 다치게 해서 많이 놀랐겠다. 너가 고의로 술병을 깬 게 아니잖아. 술자리에서는 그런 일이 종종 생기기도 하고 그냥 여러 우연이 겹쳐서 사고가 된 것일 뿐이야.	N	2022-06-27 14:51:10	2022-11-08 03:52:20
BE22004342	7	0	혹시 얼굴에 흉터라도 남으면 어떡하나 너무 걱정돼. 괜히 안 마시던 술을 무리하게 마셔서 이런 건가 싶어. 너무 걱정돼서 잠도 설쳤어.	N	2022-06-27 14:51:10	2022-11-08 03:52:20
BE22004342	8	1	네가 누군가를 다치게 한 게 처음이라 걱정하는 마음 충분히 이해해. 그런데 지금까지 연락이 없는 걸 보면 크게 다치지는 않았을 거야. 크게 다쳤으면 벌써 너한테 연락이 왔겠지!	N	2022-06-27 14:51:10	2022-11-08 03:52:20
BE22004342	9	0	듣고 보니 그렇긴 한데. 나 안 그래도 남한테 피해주는 거 싫어하는 성격이잖아. 그냥 내가 다친 게 나았을 것 같아.	N	2022-06-27 14:51:10	2022-11-08 03:52:20
BE22004342	10	1	나도 어렸을 때 학교에서 친구랑 놀다가 실수로 친구 안경을 깨트린 적이 있어. 그때 나도 너처럼 친구 눈이 혹시 잘못되면 어떡하나 걱정했었는데 생각보다 괜찮게 잘 해결됐거든? 네가 생각하는 최악의 상황보다 앞으로의 상황이 훨씬 나을 게 분명하니까 자책이나 걱정은 안 해도 돼.	N	2022-06-27 14:51:10	2022-11-08 03:52:20
BE22004342	11	0	그렇게 말해주니까 안심이 된다. 맞아. 네 말대로 최악의 상황을 생각하지 말고 긍정적으로 생각해야겠어.	N	2022-06-27 14:51:10	2022-11-08 03:52:20
BE22004342	12	1	너의 그런 긍정적인 생각의 변화 너무 훌륭하다. 이제야 긍정적이고 밝은 내 친구답다.	N	2022-06-27 14:51:10	2022-11-08 03:52:20
BE22004342	13	0	칭찬 고마워. 네가 얘기 들어주니까 마음이 한결 편안해졌어.	N	2022-06-27 14:51:10	2022-11-08 03:52:20
BE22004342	14	1	이제 걱정은 그만하고 한숨 푹 자. 마음 편안히 다잡고 있다보면 괜찮다는 연락이 올 거야. 잘 해결되면 연락 줘.	Y	2022-06-27 14:51:10	2022-11-08 03:52:20
