id	utterance_id	utterance_type	utterance_text	terminate	regDate	updDate
BE22002335	1	0	내가 최근에 강아지를 분양받으려 했던 거 기억나?	N	2022-06-21 05:23:19	2022-11-08 03:39:32
BE22002335	2	1	응. 기억나. 펫 숍에서 사지 않고 유기견 보호소에서 데려올 거라고 보호소 앱을 계속 눈여겨보고 있었잖아.	N	2022-06-21 05:23:19	2022-11-08 03:39:32
BE22002335	3	0	너무 불쌍한 강아지가 있었거든? 가족 전체가 모여서 고심하며 회의를 반복했는데 결국 한 달 전에 결국 우리 집에 데려왔어.	N	2022-06-21 05:23:19	2022-11-08 03:39:32
BE22002335	4	1	잘됐네! 너와 가족들이 강아지 한 마리의 견생을 180도 바꿔준 거야. 정말 잘 결정했다고 생각해.	N	2022-06-21 05:23:19	2022-11-08 03:39:32
BE22002335	5	0	그나저나 생각보다 강아지가 가진 마음의 상처가 더 큰 거 같아서 걱정돼. 내가 너무 안일하게 생각했던 건 아닌지.	N	2022-06-21 05:23:19	2022-11-08 03:39:32
BE22002335	6	1	왜 그렇게 생각하는 거야? 어떤 마음의 상처를 가지고 있다고 느끼길래?	N	2022-06-21 05:23:19	2022-11-08 03:39:32
BE22002335	7	0	주인한테 버림받았던 기억이 강하게 박혀있나 봐. 우리 집에 온 지 한 달째인데도 아직도 자기 집이라는 생각이 안 들어 하는 것 같아. 내가 정말 이 아이를 잘 보살펴 줄 수 있을지 염려돼.	N	2022-06-21 05:23:19	2022-11-08 03:39:32
BE22002335	8	1	버림받은 트라우마가 있는 강아지를 데려오는 게 쉬운 결정은 아니었잖아. 가족들이 노심초사해서 데려온 거 아니야? 난 덕분에 강아지가 새 삶을 살아갈 수 있었다고 생각해.	N	2022-06-21 05:23:19	2022-11-08 03:39:32
BE22002335	9	0	강아지가 우리 집에서 잘 지내길 바라서 데려온 건데, 더 불안하게 만든 걸까봐. 매일 강아지 생각에 잠이 안 와. 매일 들여다 보게 되니까 일도 손에 안 잡혀.	N	2022-06-21 05:23:19	2022-11-08 03:39:32
BE22002335	10	1	아니야. 지금처럼 지켜봐주면서 강아지한테 잘해주다 보면 안심하고 곧 너희 집에 적응할 거야.	N	2022-06-21 05:23:19	2022-11-08 03:39:32
BE22002335	11	0	강아지가 우리 집에 적응해 주면 더는 소원이 없겠어. 작은 움직임에도 불안해하니까 우리 가족 전부 강아지가 놀랄까 봐 조심조심 살고 있거든.	N	2022-06-21 05:23:19	2022-11-08 03:39:32
BE22002335	12	1	꾸준하게 포기하지 않고 강아지를 사랑으로 대해준다면 강아지도 마음을 알아줄 거야. 옛날에 우리 집에서 키우던 강아지도 그랬었는데 결국엔 적응하더라고. 시간이 약인 법이니까 너무 걱정하지 마!	N	2022-06-21 05:23:19	2022-11-08 03:39:32
BE22002335	13	0	얼른 우리 마음을 알아주면 좋겠어. 그래도 네가 위로해주니까 마음이 한결 나아진다. 고마워!	N	2022-06-21 05:23:19	2022-11-08 03:39:32
BE22002335	14	1	강아지가 얼른 너희 가족한테 적응해서 마음 편히 잘 지내게 되면 좋겠다. 걱정은 그만하고 행복하기만 하자!	Y	2022-06-21 05:23:19	2022-11-08 03:39:32
