id	utterance_id	utterance_type	utterance_text	terminate	regDate	updDate
BE22006150	1	0	요즘 신경 쓰이는 일이 있어.	N	2022-07-04 17:48:37	2022-11-08 04:03:58
BE22006150	2	1	왜? 무슨 일인데?	N	2022-07-04 17:48:37	2022-11-08 04:03:58
BE22006150	3	0	너도 내 남자 친구 알지? 오랫동안 만난 사이라서 그런지 남자 친구 가족들이 나를 만나고 싶어 하는데 걱정이 돼서.	N	2022-07-04 17:48:37	2022-11-08 04:03:58
BE22006150	4	1	그렇구나. 아무래도 어른들을 만나는 자리니까 걱정스러울 수 있지. 나도 어른들을 만나는 자리는 늘 걱정되고 어렵다고 느껴지거든. 신경 써야 할 것도 많으니까.	N	2022-07-04 17:48:37	2022-11-08 04:03:58
BE22006150	5	0	맞아. 게다가 남자 친구의 가족이라니까 확 부담감이 느껴지는 거 있지? 하나라도 실수할까봐 자꾸 신경이 쓰이네.	N	2022-07-04 17:48:37	2022-11-08 04:03:58
BE22006150	6	1	너무 걱정하지 마. 네가 궁금하니까 보고 싶어 하신 거일 거야. 작은 실수를 해도 예쁘게 봐주실 거야. 괜찮아.	N	2022-07-04 17:48:37	2022-11-08 04:03:58
BE22006150	7	0	그래도 난 아직 만날 준비가 안 됐거든. 내가 너무 부족한 거 같아. 어떻게 대해야 할지도 모르겠고.	N	2022-07-04 17:48:37	2022-11-08 04:03:58
BE22006150	8	1	절대 그렇지 않아. 내가 아는 넌 늘 자신감이 넘치고 착한 친구잖아. 평소대로만 행동한다면 문제없을 거야.	N	2022-07-04 17:48:37	2022-11-08 04:03:58
BE22006150	9	0	그런가. 어른들이 보시기에 마냥 어리다고만 생각하실 거 같아서 불안한 마음이 드는 거 같아.	N	2022-07-04 17:48:37	2022-11-08 04:03:59
BE22006150	10	1	무슨 소리야. 내가 아는 너는 정말 어른스럽고 남을 배려할 줄 아는 친구야. 어른들이 딱 좋아하실 거 같은데?	N	2022-07-04 17:48:37	2022-11-08 04:03:59
BE22006150	11	0	정말? 그렇게 말해주니 걱정되는 마음이 조금 사라지긴 한다. 부담을 줄여봐야겠다.	N	2022-07-04 17:48:37	2022-11-08 04:03:59
BE22006150	12	1	응. 난 너만큼 싹싹한 친구를 본 적이 없어 자신감을 가져. 어른들한테 대하는 모습을 보면 난 네가 존경스럽다는 생각까지 드는걸.	N	2022-07-04 17:48:37	2022-11-08 04:03:59
BE22006150	13	0	그런가? 네가 그렇게 생각한다니까 자신감이 생기는 거 같아.	N	2022-07-04 17:48:37	2022-11-08 04:03:59
BE22006150	14	1	너답게 당당하게 만나고 와! 난 네가 잘할 수 있다는 확신이 들어. 분명히 마음에 들어 하실 거야.	N	2022-07-04 17:48:37	2022-11-08 04:03:59
BE22006150	15	0	덕분에 용기가 생겼어! 잘 만나고 올게. 고마워.	Y	2022-07-04 17:48:37	2022-11-08 04:03:59
