id	utterance_id	utterance_type	utterance_text	terminate	regDate	updDate
BE22003629	1	0	감정화자야, 나 정말 큰일났어.	N	2022-06-25 12:23:14	2022-11-08 03:47:47
BE22003629	2	1	왜? 무슨 일이야?	N	2022-06-25 12:23:14	2022-11-08 03:47:47
BE22003629	3	0	지난 주말에 남자 친구네 집에 인사를 다녀왔는데... 남자 친구 아버님이 우리 팀장님인 거 있지?	N	2022-06-25 12:23:14	2022-11-08 03:47:47
BE22003629	4	1	뭐? 별것도 아닌 일로 너를 괴롭힌다던 그 상사?	N	2022-06-25 12:23:14	2022-11-08 03:47:47
BE22003629	5	0	맞아. 거실에 팀장님이 앉아있는 걸 보는 순간 너무 놀라서 손이 벌벌 떨리더라고.	N	2022-06-25 12:23:14	2022-11-08 03:47:47
BE22003629	6	1	세상 좁다는 말이 사실이었구나. 내가 너의 입장이었더라도 몹시 당혹스러웠을 거 같아. 사이가 많이 안 좋았어?	N	2022-06-25 12:23:14	2022-11-08 03:47:47
BE22003629	7	0	응. 상사 중에서도 나랑 사이가 가장 안 좋았어. 팀장님이 나더러 행동이 맘에 안 든다며 눈치를 주셔서 대판 싸운 적이 있었거든.	N	2022-06-25 12:23:14	2022-11-08 03:47:48
BE22003629	8	1	어떤 부분이 잘못됐다고 하셨는데?	N	2022-06-25 12:23:14	2022-11-08 03:47:48
BE22003629	9	0	내가 빈말을 잘하지 못해서 아부나 듣기 좋은 이야기를 하지 못하거든. 그걸 지적하면서 사회 생활도 할 줄 모른다고 하셨어.	N	2022-06-25 12:23:14	2022-11-08 03:47:48
BE22003629	10	1	뭐? 아무리 상사라지만, 그 말은 네겐 좀 상처였을 거 같아.	N	2022-06-25 12:23:14	2022-11-08 03:47:48
BE22003629	11	0	나도 그렇게 생각해. 그래서 팀장님께 기분 나쁘다며 이야기하다가 다투게 된 거야. 빈말을 하는 것도 어느 정도의 사회생활이겠지만, 그걸로 나의 전부가 평가된다고 생각하니 속상하더라.	N	2022-06-25 12:23:14	2022-11-08 03:47:48
BE22003629	12	1	정말 속상했겠다. 사람마다 표현하는 정도의 차이가 다른 건데 말이야. 자신이 정해놓은 기준 안에서 너를 평가하고 잘못됐다 지적하는 것은 옳지 않은 행동인 거 같아.	N	2022-06-25 12:23:14	2022-11-08 03:47:48
BE22003629	13	0	맞아. 더 당혹스러웠던 건... 나랑 같은 날 입사한 동기와 나를 비교하면서 말씀하시더라고. 쟤는 저렇게 살랑살랑 말을 잘하는데 너는 왜 그러냐고 하셨어.	N	2022-06-25 12:23:14	2022-11-08 03:47:48
BE22003629	14	1	나는 그저 있었던 일을 전해 듣는 입장인데도 이렇게 속상한데, 너는 얼마나 상처가 되었을까? 너무 마음이 아프다. 그 말을 들은 이후에는 무슨 행동을 하더라도 신경 쓰였을 거 같아.	N	2022-06-25 12:23:14	2022-11-08 03:47:48
BE22003629	15	0	그래. 팀장님이 특별한 이유 없이 괴롭힐 때마다 모든 게 내 잘못인 것 같은 기분이 들었어. 이렇게 될 줄 알았다면 아부를 좀 연습했어야 했나?	N	2022-06-25 12:23:14	2022-11-08 03:47:48
BE22003629	16	1	난 그렇게 생각하지 않아. 아부를 잘하는 것만이 사회 생활의 기본 조건은 아니잖아. 네가 잘못한 건 없어.	N	2022-06-25 12:23:14	2022-11-08 03:47:48
BE22003629	17	0	나 이제 어쩌면 좋지? 남자 친구에게 이 상황을 이야기하는 게 좋을까?	N	2022-06-25 12:23:14	2022-11-08 03:47:48
BE22003629	18	1	그렇게 하는 게 좋을 거 같아. 가만히 참고 있는 것만으로는 문제가 해결되지도 않고. 네가 잘못한 것은 아무것도 없으니까 자신감을 가지고 이야기를 나눠봐.	N	2022-06-25 12:23:14	2022-11-08 03:47:48
BE22003629	19	0	고마워. 내가 나쁜 사람인 것 같아서 위축되어 있었는데, 네 말을 듣고 나니 나 자신에게 확신이 생겼어. 다시 한번 팀장님이랑 이야기를 잘해볼게.	N	2022-06-25 12:23:14	2022-11-08 03:47:48
BE22003629	20	1	그래. 전혀 위축될 거 없어. 파이팅!	Y	2022-06-25 12:23:14	2022-11-08 03:47:48
