id	utterance_id	utterance_type	utterance_text	terminate	regDate	updDate
BE22004391	1	0	친구야, 너는 결혼한 거 후회 안 하니?	N	2022-06-27 22:04:30	2022-11-08 03:52:39
BE22004391	2	1	좋을 때도 있고 후회할 때도 있고 그렇지 뭐.	N	2022-06-27 22:04:30	2022-11-08 03:52:39
BE22004391	3	0	네가 보기에 나는 결혼하면 잘 해낼 수 있을 것 같아?	N	2022-06-27 22:04:30	2022-11-08 03:52:39
BE22004391	4	1	너 결혼하기로 했어? 정말 축하할 일인데 왜 별로 기쁘지 않은 분위기인데?	N	2022-06-27 22:04:30	2022-11-08 03:52:39
BE22004391	5	0	남자 친구랑 벌써 10년째 만나고 있으니 청혼에 답을 해야만 하거든. 그런데 나는 왜 이렇게 도망가고 싶은 마음이 들까.	N	2022-06-27 22:04:30	2022-11-08 03:52:39
BE22004391	6	1	나도 결혼 전날까지 취소할까 말까 고민했었어. 네 심정 뭔지 알지. 결혼을 앞둔 사람들이 많이 그렇대.	N	2022-06-27 22:04:30	2022-11-08 03:52:39
BE22004391	7	0	지금까지 자유롭게 살다가 갑자기 묶인다는 생각도 들고 막상 결혼했는데 남자 친구가 싫어지면 어쩌나 싶기도 해.	N	2022-06-27 22:04:30	2022-11-08 03:52:39
BE22004391	8	1	인생 중대사를 결정해야 하는 상황에서 네가 불안하고 걱정이 많구나. 결정하기까지 고민이 많을 텐데 내가 큰 도움이 안 돼서 어쩌지.	N	2022-06-27 22:04:30	2022-11-08 03:52:39
BE22004391	9	0	아냐, 네가 내 푸념을 들어주는 것만으로도 충분히 고마운 일인걸.	N	2022-06-27 22:04:30	2022-11-08 03:52:39
BE22004391	10	1	마음이 복잡할 땐 언제든지 내게 얘기해. 해결은 못 해주지만 얼마든지 들어줄 수는 있어.	N	2022-06-27 22:04:30	2022-11-08 03:52:39
BE22004391	11	0	결국 결정은 나 스스로 해야 하는 거겠지?	N	2022-06-27 22:04:30	2022-11-08 03:52:39
BE22004391	12	1	나는 가족이나 남자 친구 입장보다 네가 정말 원하는 게 뭔지 생각해서 결정하면 좋겠어.	N	2022-06-27 22:04:30	2022-11-08 03:52:39
BE22004391	13	0	고마워. 역시 날 생각해 주는 건 너뿐이구나.	N	2022-06-27 22:04:30	2022-11-08 03:52:39
BE22004391	14	1	비슷한 삶의 궤적을 먼저 걸어간 너의 친구니까. 좋은 결정 기대할게.	Y	2022-06-27 22:04:30	2022-11-08 03:52:39
