id	utterance_id	utterance_type	utterance_text	terminate	regDate	updDate
BE22005880	1	0	나는 뭐든 빠르게 결정해. 그래서 낭패를 보는 경우가 한두 번이 아닌데도 그 버릇이 고쳐지지 않아.	N	2022-07-03 22:19:39	2022-11-08 04:02:15
BE22005880	2	1	판단은 신중히 해도 결정은 빠른 게 좋지 않아? 나쁘지 않은 것 같은데?	N	2022-07-03 22:19:39	2022-11-08 04:02:15
BE22005880	3	0	아냐. 결정이 늦은 것도 탈이지만 난 빨라도 너무 빨라. 성급히 결론을 내리는 것은 자칫 판단에 오류를 가져와.	N	2022-07-03 22:19:39	2022-11-08 04:02:15
BE22005880	4	1	그 점에는 동의해. 특히나 사람에 대한 판단을 내릴 땐 조심할 필요가 있어.	N	2022-07-03 22:19:39	2022-11-08 04:02:15
BE22005880	5	0	응. 어제도 난 급하게 결론을 내리는 바람에 한 친구를 오해하게 됐어.	N	2022-07-03 22:19:39	2022-11-08 04:02:15
BE22005880	6	1	그래? 무슨 일인지 무척 궁금해.	N	2022-07-03 22:19:39	2022-11-08 04:02:15
BE22005880	7	0	그 친구가 내 핸드폰을 가지고 있다기에 나는 그가 가지고 간 것으로 판단했지. 허락도 없이 남의 물건을 가져간 것은 도둑질이라고 말이야.	N	2022-07-03 22:19:39	2022-11-08 04:02:15
BE22005880	8	1	저런, 속상했겠구나. 핸드폰을 잃어버리고 그것을 친구가 훔쳐갔다면 무척 화가 날 일이지.	N	2022-07-03 22:19:39	2022-11-08 04:02:15
BE22005880	9	0	근데 그게 아니었어. 그건 순전히 섣불리 판단한 나의 오해였어.	N	2022-07-03 22:19:39	2022-11-08 04:02:15
BE22005880	10	1	감정화자가 오해한 것이라고? 친구가 훔쳐간 것이 아니고?	N	2022-07-03 22:19:39	2022-11-08 04:02:15
BE22005880	11	0	응. 그건 분명 나의 오해였어. 친구는 내가 화장실 세면대에 빠뜨리고 간 핸드폰을 가져다주기 위해 잠시 가지고 있었을 뿐이었어.	N	2022-07-03 22:19:39	2022-11-08 04:02:15
BE22005880	12	1	아, 그 사람은 너에게 오히려 좋은 일을 했던 거구나.	N	2022-07-03 22:19:39	2022-11-08 04:02:15
BE22005880	13	0	맞아. 그런데도 나는 내 핸드폰을 가지고 있는 걸 봤다는 다른 친구의 말만 듣고는 오해했던 거지.	N	2022-07-03 22:19:39	2022-11-08 04:02:15
BE22005880	14	1	그런 상황에선 누구든 그럴 수 있어. 중요한 건 그 친구에게 미안하다고 사과를 했느냐는 거지.	N	2022-07-03 22:19:39	2022-11-08 04:02:15
BE22005880	15	0	응, 바로 했어. 하지만 잠깐이나마 그 친구를 의심했던 내가 미워졌어. 무엇이든 성급하게 결론을 내리는 내가 싫어진 거야.	N	2022-07-03 22:19:39	2022-11-08 04:02:15
BE22005880	16	1	오해와 실수는 누구나 하지만 그걸 깨닫고 사과한 건 정말 잘한 일이야. 이걸 계기로 앞으로 넌 좀더 신중해질 거야.	Y	2022-07-03 22:19:39	2022-11-08 04:02:15
