id	utterance_id	utterance_type	utterance_text	terminate	regDate	updDate
BE22003369	1	0	나 지금 너무 불안해.	N	2022-06-24 10:37:40	2022-11-08 03:46:07
BE22003369	2	1	갑자기 무슨 일이야?	N	2022-06-24 10:37:40	2022-11-08 03:46:07
BE22003369	3	0	휴가라서 제주도 내려왔거든. 마지막 날이라서 비행기 타러 공항에 왔는데 폭우 때문에 서울로 돌아가는 비행기가 결항이야. 내일 출근해야 하는데 나 어떡하지?	N	2022-06-24 10:37:40	2022-11-08 03:46:07
BE22003369	4	1	나도 방금 뉴스 봤어. 폭우 때문에 갑자기 결항이라니 당황스럽겠다. 항상 남 일이라고 생각했는데 그런 일이 너한테 일어나다니 너무 불안할 것 같아.	N	2022-06-24 10:37:40	2022-11-08 03:46:07
BE22003369	5	0	그러니까. 남 일이라고 생각했는데 나한테 이런 일이 생길지 몰랐어. 나 마음이 너무 불안해.	N	2022-06-24 10:37:40	2022-11-08 03:46:07
BE22003369	6	1	왜 안 그렇겠어. 혹시 결항이 길어질 수도 있으니까 회사에 미리 연락해 보는 건 어때? 너도 미리 회사에 연락해서 말하는 게 더 마음 편할 것 같아.	N	2022-06-24 10:37:40	2022-11-08 03:46:07
BE22003369	7	0	연락했는데 시간이 늦어서 그런지 연락을 받지 않더라고. 이번에 휴가 쓰면서도 엄청 눈치 봤거든. 제때 출근 못 한다고 하면 사유서라도 쓰라고 할지 몰라.	N	2022-06-24 10:37:40	2022-11-08 03:46:07
BE22003369	8	1	설마 그런 일이 있겠어? 네가 일부러 그런 것도 아니고 폭우 때문에 어쩔 수 없는 상황이잖아. 회사에도 이해해 줄 거야.	N	2022-06-24 10:37:40	2022-11-08 03:46:07
BE22003369	9	0	그러겠지? 너무 걱정된다. 나 내일까지 비행기 탈 수 있을까?	N	2022-06-24 10:37:40	2022-11-08 03:46:07
BE22003369	10	1	갑작스러운 폭우니까 금방 괜찮아질 거야. 원래 제주도 날씨가 많이 변한다고 하잖아. 너무 걱정하지 마.	N	2022-06-24 10:37:40	2022-11-08 03:46:07
BE22003369	11	0	그러겠지? 계속 일기예보 보면서 상황 바뀌는지 보고 있는데 어떻게 될지 몰라서 너무 불안해.	N	2022-06-24 10:37:40	2022-11-08 03:46:07
BE22003369	12	1	괜찮을 거야. 나도 저번에 제주도 갔을 때 폭우가 너무 내려서 결항했었는데 금방 날씨 괜찮아졌었어. 잘 될 거야.	N	2022-06-24 10:37:40	2022-11-08 03:46:07
BE22003369	13	0	정말? 많이 당황했었는데 네 이야기 들으니까 좀 안심이 된다.	N	2022-06-24 10:37:40	2022-11-08 03:46:07
BE22003369	14	1	다행이다. 너무 걱정하지 말고. 따뜻한 커피라도 마시면서 마음 편하게 가지고 기다려봐.	N	2022-06-24 10:37:40	2022-11-08 03:46:07
BE22003369	15	0	덕분에 마음이 좀 진정됐어. 내 이야기 들어줘서 고마워.	Y	2022-06-24 10:37:40	2022-11-08 03:46:07
