id	utterance_id	utterance_type	utterance_text	terminate	regDate	updDate
BE22005282	1	0	공감화자야, 나 요즘 심각한 문제가 생겼어. 도저히 집중이 안 돼.	N	2022-06-29 17:13:52	2022-11-08 03:58:25
BE22005282	2	1	곧 있으면 시험 기간인데, 집중이 안 된다고? 그것 정말 큰일인걸?	N	2022-06-29 17:13:52	2022-11-08 03:58:25
BE22005282	3	0	사실 며칠 좀 됐어. 집중력이 떨어져서 그런지, 작은 글자는 눈에 들어오지도 않아. 나 이러다가 시험 볼 때도 글이 안 읽히면 어떡하지?	N	2022-06-29 17:13:52	2022-11-08 03:58:25
BE22005282	4	1	그렇게까지 심각한 거야? 너도 정말 힘들겠다. 너는 항상 시험공부를 열심히 해서 장학금을 받는 모범학생이었잖아.	N	2022-06-29 17:13:52	2022-11-08 03:58:25
BE22005282	5	0	그래서 지금 문제가 심각한 거야. 나, 장학금 받아야 하는데, 도저히 글이 눈에 안 들어온다니까. 지금 불안해서 미칠 것 같아.	N	2022-06-29 17:13:52	2022-11-08 03:58:25
BE22005282	6	1	장학금 때문이라면 더더욱 성적 압박이 되게 심했겠다. 그런 불안한 마음을 어떻게 버텼어?	N	2022-06-29 17:13:52	2022-11-08 03:58:25
BE22005282	7	0	내가 원래도 다른 학우들보다 머리가 특출나게 좋지 않아서 공부할 때는 시간을 많이 들이거든. 그런데 갑자기 며칠 동안이나 공부를 제대로 못 하니까 정말 스트레스야.	N	2022-06-29 17:13:52	2022-11-08 03:58:25
BE22005282	8	1	그 마음 알지. 계획했던 대로 공부를 하려고 했는데, 잘 안 되면 나라도 불안하고 짜증날 것 같아.	N	2022-06-29 17:13:52	2022-11-08 03:58:25
BE22005282	9	0	정말 온갖 생각이 다 난다니까. 머리가 갑자기 나빠진 건 아닐까, 몸에 이상이 생긴 건 아닐까 계속 잡생각이 들어.	N	2022-06-29 17:13:52	2022-11-08 03:58:25
BE22005282	10	1	일단 너무 극단적으로 생각하진 말자. 성적 압박감 때문에 오히려 스트레스를 받아서 집중이 안 되는 것 아닐까?	N	2022-06-29 17:13:52	2022-11-08 03:58:25
BE22005282	11	0	그냥 책을 펼쳐두면 글을 읽고 이해하는 게 아니라 글자만 쳐다보고 있으니까 그러지. 예전에는 이러지 않았거든. 스트레스를 받는 상황은 항상 있었어.	N	2022-06-29 17:13:52	2022-11-08 03:58:25
BE22005282	12	1	아무래도 네가 이렇게까지 힘들어하는데, 공부를 하는 게 의미가 있나 싶어. 조금 쉬면서 마음에 여유를 가져보는 건 어떨까?	N	2022-06-29 17:13:52	2022-11-08 03:58:25
BE22005282	13	0	물리적인 시간이라도 들여야 공부가 되는 기분이야. 책상에 책을 안 펼쳐놓고 있으면 오히려 죄책감이 들어.	N	2022-06-29 17:13:52	2022-11-08 03:58:25
BE22005282	14	1	공부하면서 불안한 마음이 계속 든다면, 오히려 잠깐 휴식하는 게 더 좋을 것 같아. 산책도 다니고, 가벼운 스트레칭도 하고. 그러면서 네 자신을 재정비하는 거지.	N	2022-06-29 17:13:52	2022-11-08 03:58:25
BE22005282	15	0	그런가. 네 말이 맞는 것 같아. 집중이 안 된다는 이유로 공부 안 할 거면, 그냥 노는 게 낫겠더라고.	N	2022-06-29 17:13:52	2022-11-08 03:58:25
BE22005282	16	1	쉰다고 죄책감 가질 필요는 전혀 없어. 효율적으로 공부하려고 쉬는 건데. 그리고 난 네가 목표를 향해서 몰입하는 멋진 친구라는 걸 알고 있다고.	N	2022-06-29 17:13:52	2022-11-08 03:58:25
BE22005282	17	0	아무도 나한테 그런 말을 해 준 적 없는데, 고마워. 나도 자책하지 말고 쉴 때는 쉬어야겠다. 요즘 너무 스트레스를 받은 것 같아.	N	2022-06-29 17:13:52	2022-11-08 03:58:25
BE22005282	18	1	그래. 잘 쉬었다가 공부하면 되지. 너무 불안해 하지 마. 쉬고 나서도 계속 공부하는 게 어려우면 그때 가서 또 고민해보자.	N	2022-06-29 17:13:52	2022-11-08 03:58:25
BE22005282	19	0	고맙다 친구야. 네가 있어서 든든해. 앞으로 어려운 일 있으면 또 연락할게.	N	2022-06-29 17:13:52	2022-11-08 03:58:25
BE22005282	20	1	그래, 언제든지 연락해.	Y	2022-06-29 17:13:52	2022-11-08 03:58:25
