id	utterance_id	utterance_type	utterance_text	terminate	regDate	updDate
BE22001349	1	0	야, 나 큰일 났어.	N	2022-06-15 01:18:10	2022-11-08 03:33:08
BE22001349	2	1	왜? 무슨 일인데 그래?	N	2022-06-15 01:18:10	2022-11-08 03:33:08
BE22001349	3	0	내가 다음 주에 중요한 시험이 있다고 했잖아. 그런데 어제 너무 피곤해서 한 시간만 자려고 누운 걸, 눈떠보니 아침이야. 시험 기간도 얼마 안 남았는데 이런 일이 벌어지다니 한숨만 나오네.	N	2022-06-15 01:18:10	2022-11-08 03:33:08
BE22001349	4	1	그런 일이 있었다니 지금 공부가 손에 잡히지 않겠다. 나도 예전에 그런 적이 꽤 있었는데 그럴 때마다 머릿속이 복잡해지고 마음이 초조해지고 그랬거든.	N	2022-06-15 01:18:10	2022-11-08 03:33:08
BE22001349	5	0	맞아, 지금 되게 초조하고 불안해. 이거 정말 중요한 시험인데 이런 행동을 한 내가 정신이 있는 건지 없는 건지 모르겠어.	N	2022-06-15 01:18:10	2022-11-08 03:33:08
BE22001349	6	1	초조하고 불안해하지 않아도 돼. 네가 이전까지 이번 시험이 되게 중요하다고 하면서 열심히 노력했잖아. 하루 잔 것보다 그 이전의 네가 열심히 살았던 날들을 생각하는 것이 좋을 것 같아.	N	2022-06-15 01:18:10	2022-11-08 03:33:08
BE22001349	7	0	하지만 그렇게 공부해도 붙을까 말까 한 시험인걸. 그리고 나보다 열심히 하는 사람들도 있을 텐데 내가 붙을 거란 보장도 없고 말이야.	N	2022-06-15 01:18:10	2022-11-08 03:33:08
BE22001349	8	1	이제까지 네가 열심히 노력한 것들이 있고 지금 실력이라면 붙을 수 있는데 몸 상태가 안 좋아서 떨어질까봐 몸이 오히려 잠을 요구한 걸 거야. 난 주변에 너만큼 그 시험에 관해서 열심히 준비한 사람을 본 적이 없는걸. 내 친구지만 정말 대단하다고 생각하고 꼭 붙을 거라고 생각해.	N	2022-06-15 01:18:10	2022-11-08 03:33:08
BE22001349	9	0	그렇게 생각해야겠다. 생각해보니까 나보다 열심히 하는 사람들을 본 적은 없었던 것 같아. 막연히 그런 생각만 해봤던 거야.	N	2022-06-15 01:18:10	2022-11-08 03:33:08
BE22001349	10	1	그래, 긍정적으로 생각하고 여유를 가지면 더 좋은 결과가 나올 거야. 나도 그런 일이 있을 때마다 내 과거를 돌아보면서 긍정적으로 생각하며 위안을 얻었거든.	N	2022-06-15 01:18:10	2022-11-08 03:33:09
BE22001349	11	0	그렇게 생각하니 정말 초조함이 사라지네. 이제까지 너무 집착해서 시험을 두려워하면서 잘 치지 못했던 것 같아. 조언해줘서 고마워.	N	2022-06-15 01:18:10	2022-11-08 03:33:09
BE22001349	12	1	친구 사이에 뭘, 오히려 내가 도움이 되었다니 다행이다.	N	2022-06-15 01:18:10	2022-11-08 03:33:09
BE22001349	13	0	친구 사이여도 내 일을 마치 네 일처럼 생각하기가 쉽지 않았을 텐데 그래줘서 고마운 거지.	N	2022-06-15 01:18:10	2022-11-08 03:33:09
BE22001349	14	1	그렇게 생각해준다면 너무 고마워. 시험 잘 보고 또 무슨 일 있으면 연락 줘.	N	2022-06-15 01:18:10	2022-11-08 03:33:09
BE22001349	15	0	고마워, 시험 보고 나서 또 연락할게.	Y	2022-06-15 01:18:10	2022-11-08 03:33:09
