id	utterance_id	utterance_type	utterance_text	terminate	regDate	updDate
BE22001402	1	0	너도 알다시피 내가 지난달에 시골로 이사 왔잖아. 갑자기 차 시동이 잘 안 걸려서 수리를 맡겼는데 지방이라 그런지 수리하는 데 며칠 걸린다고 하네.	N	2022-06-15 05:05:05	2022-11-08 03:33:28
BE22001402	2	1	서울 살다가 지방 내려가서 적응도 잘 안 될 텐데, 차까지 고장 나서 스트레스 좀 받겠는걸? 차 수리는 언제 끝나는데?	N	2022-06-15 05:05:05	2022-11-08 03:33:28
BE22001402	3	0	며칠 걸리나봐. 근데 정비소에서 정확하게 얘기 안 해주니까 좀 불안해. 알다시피 우리 어머니가 편찮으시잖아. 내일 모시고 인근 병원에 진찰받으러 가야 하는데, 대중교통을 이용해야 하는 상황이어서 많이 불편할 거 같아.	N	2022-06-15 05:05:05	2022-11-08 03:33:28
BE22001402	4	1	엎친 데 덮쳤네. 차는 고장 났지, 어머니는 편찮으시지... 너도 새로운 환경에 아직 적응 못해서 힘들 텐데, 많이 힘들고 불안하겠다.	N	2022-06-15 05:05:05	2022-11-08 03:33:28
BE22001402	5	0	어쩔 수 없기는 한데 대도시처럼 택시라도 쉽게 이용할 수 있으면 좋을 텐데, 여기는 콜택시를 불러도 금방 안 올 거 같아. 비용도 좀 비쌀 거 같구.	N	2022-06-15 05:05:05	2022-11-08 03:33:28
BE22001402	6	1	차가 없어서 불편해진 데다가 비용까지 추가되면 이래저래 차 없는 지방 생활이 만만치는 않겠다. 생각지도 못한 불편한 일이 또 생기면 점점 스트레스를 받겠네.	N	2022-06-15 05:05:05	2022-11-08 03:33:28
BE22001402	7	0	그러게. 다음 주 월요일부터는 새 직장으로 출근도 해야 하는데, 차 수리가 언제 끝날지 알 수 없으니까 마음이 편하지 않아.	N	2022-06-15 05:05:05	2022-11-08 03:33:28
BE22001402	8	1	차가 없어서 뜻하지 않게 마음도 몸도 많이 힘든 상황이 되었구나. 근데 어쩌겠니? 어느 정도의 어려움이 있을 거는 예상하고 지방에 내려간 거니까 당장은 어렵겠지만 힘내라. 내가 아는 너는 어려운 상황일수록 더 능력을 발휘하는 거 같더라.	N	2022-06-15 05:05:05	2022-11-08 03:33:28
BE22001402	9	0	내가 그랬던가? 그렇다면 힘이 좀 나기는 하네. 근데 나한테 직접 닥친 어려움은 어떻게든 해결을 하면 될 거 같은데, 어머니 병원이나 회사 출퇴근이 다 차랑 관련이 있다가 보니 불안한 마음이 드는 건 어쩔 수가 없네.	N	2022-06-15 05:05:05	2022-11-08 03:33:28
BE22001402	10	1	그러게. 차 수리는 정비소에서 해결해 줘야 하는 거니까, 네가 어떻게 할 수 있는 것도 아니고, 이사한 지 얼마 안 돼서 집정리도 아직 더 해야 할 텐데 이래저래 어수선하겠다.	N	2022-06-15 05:05:05	2022-11-08 03:33:29
BE22001402	11	0	맞아. 이삿짐 정리는 아직 덜 끝났고, 편찮으신 어머니는 이 어수선한 집에서 당분간 생활을 하셔야 하니... 이럴 때 차라도 있으면 며칠간 근처 편안한 숙소로 좀 모시고 나갈 수도 있을 텐데.	N	2022-06-15 05:05:05	2022-11-08 03:33:29
BE22001402	12	1	지방에서 차가 없는 게 이렇게 불편할 줄은 전혀 몰랐다. 네 말을 들어보니 불편하고 불안한 네 심정이 이해된다.	N	2022-06-15 05:05:05	2022-11-08 03:33:29
BE22001402	13	0	고마워. 너랑 이야기 나누다 보니 조금 안정은 된다. 아까는 너무 힘들어서 이사 온 걸 잠깐 후회하기도 했거든.	N	2022-06-15 05:05:05	2022-11-08 03:33:29
BE22001402	14	1	큰 결심하고 도시에서 지방으로 이사를 간 거니까, 지금은 조금 힘들더라도 잘 견뎌내면 좋겠네. 차 수리 끝나면 어머니 병원 진찰이나 출퇴근도 수월해질 테니까 지금보다는 좀더 기운이 날 거 같은데...	N	2022-06-15 05:05:05	2022-11-08 03:33:29
BE22001402	15	0	아무래도 그렇겠지? 예전처럼 차를 편하게 이용할 수 있게 되면 지금이 불안감은 꽤 해소가 되겠지? 이삿짐 정리 끝나면 도시에 사는 너한테 이 한적한 시골의 여유로움을 자랑하려구 했는데.	N	2022-06-15 05:05:05	2022-11-08 03:33:29
BE22001402	16	1	지방으로 이사를 간다고 했을 때 나는 이미 부러웠어. 차 문제 해결되고 그곳에 적응하고 나면 그럴 기회가 많을 거야. 그때 맘껏 자랑해라. 다 들어주마.	N	2022-06-15 05:05:05	2022-11-08 03:33:29
BE22001402	17	0	고마워. 조만간 또 연락할게.	Y	2022-06-15 05:05:05	2022-11-08 03:33:29
