id	utterance_id	utterance_type	utterance_text	terminate	regDate	updDate
BE22002679	1	0	공감화자야, 나 요즘 우리 아들 때문에 불안해서 속이 탄다.	N	2022-06-22 08:34:14	2022-11-08 03:41:44
BE22002679	2	1	어머, 왜 그래. 고등학생이 되더니 말썽이라도 부리는 거니?	N	2022-06-22 08:34:14	2022-11-08 03:41:44
BE22002679	3	0	차라리 말썽이라도 부리면 왜 그러는지 물어라도 보지. 애가 고등학생 되더니 입을 딱 다물고 말을 안 해.	N	2022-06-22 08:34:14	2022-11-08 03:41:44
BE22002679	4	1	사춘기도 없이 무난하게 잘 지나가는 것 같더니 애가 말을 안 하는구나. 아휴, 오자마다 제 방에 쏙 들어가서 문 닫고 묵언수행하는 거 나도 알지. 네가 얼마나 속상하겠니?	N	2022-06-22 08:34:14	2022-11-08 03:41:44
BE22002679	5	0	너도 아는구나. 방에서 뭘 하는지 물어봐도 묵묵부답이야. 밥 먹을 때에도 말 걸면 인상만 찌푸리고. 걱정되어서 살겠니?	N	2022-06-22 08:34:14	2022-11-08 03:41:44
BE22002679	6	1	얘, 그럴 때는 그냥 놔둬야 하는 거더라. 말을 하라고 하면 오히려 짜증을 내면서 역효과만 나더라고.	N	2022-06-22 08:34:14	2022-11-08 03:41:44
BE22002679	7	0	나도 알지. 하지만 애가 혹시 학교에서 무슨 일이 있는 건 아닐까 걱정되잖니. 불안해서 밤에 잠도 안 온다.	N	2022-06-22 08:34:14	2022-11-08 03:41:44
BE22002679	8	1	당연히 그러겠지. 그 착했던 아들이 입을 다물고 아예 소통을 거부하니 얼마나 네가 걱정되겠어. 근데 자식들이 크면서 다 그런 시기가 오더라고.	N	2022-06-22 08:34:14	2022-11-08 03:41:44
BE22002679	9	0	그런 거니? 난 우리 애가 하나라서 다 처음 겪는 일이라 그저 답답하고 불안하기만 해.	N	2022-06-22 08:34:14	2022-11-08 03:41:44
BE22002679	10	1	나도 첫애 사춘기 지날 때 속이 썩는 거 같았어. 근데 그렇게 자기 내키는 대로 두니까 알아서 나아지더라고. 쟤도 저만의 고민이 있어서 그러겠지 하고 시간을 주지 그러니.	N	2022-06-22 08:34:14	2022-11-08 03:41:44
BE22002679	11	0	그러면 정말 나아질까? 엄마로서 말도 안 하는 애를 그냥 놔두는 게 맞는 일인지 모르겠어.	N	2022-06-22 08:34:14	2022-11-08 03:41:44
BE22002679	12	1	불안하다고 묻고 따지면 애를 몰아세우는 것밖에 안 되더라고. 감정화자야, 네가 힘든 거 나 백번 이해한다. 하지만 인내심을 가지고 네가 조금만 참아주는 건 어떻겠니?	N	2022-06-22 08:34:14	2022-11-08 03:41:44
BE22002679	13	0	그래, 경험자인 네 말을 내가 들어야겠지. 그래도 지나간다고 생각하니 조금 마음은 누그러진다.	N	2022-06-22 08:34:14	2022-11-08 03:41:44
BE22002679	14	1	자식 정말 마음대로 안 돼. 근데 언젠간 괜찮아지겠지 하고 기다려주면 한층 성장한 모습을 보여주는 걸로 보상받더라. 너도 곧 그렇게 될 테니까 조금만 기다려, 힘내 알겠지?	N	2022-06-22 08:34:14	2022-11-08 03:41:44
BE22002679	15	0	응, 알았어. 이야기 들어줘서 고맙다. 덕분에 정말 마음이 든든해졌어.	Y	2022-06-22 08:34:14	2022-11-08 03:41:44
