id	utterance_id	utterance_type	utterance_text	terminate	regDate	updDate
BE22002315	1	0	우리 아이가 다른 책은 안 보고 만화책만 보려고 해.	N	2022-06-21 04:40:11	2022-11-08 03:39:24
BE22002315	2	1	어린아이들에게는 긴 글로 이루어진 책을 읽는 게 어렵게 느껴져서 그런가 봐.	N	2022-06-21 04:40:11	2022-11-08 03:39:24
BE22002315	3	0	그렇다고 해서 계속 만화책만 읽게 할 수는 없는데. 어떻게 해야 하나 싶어.	N	2022-06-21 04:40:11	2022-11-08 03:39:24
BE22002315	4	1	아이가 책을 읽는 과정이 즐거웠으면 하면서도 커서도 계속 만화책만 찾게 될까 봐 걱정하게 되는구나.	N	2022-06-21 04:40:11	2022-11-08 03:39:24
BE22002315	5	0	억지로 글만 있는 책을 읽게 하는 건 아이를 힘들게 하는 것 같아서 더 그래.	N	2022-06-21 04:40:11	2022-11-08 03:39:24
BE22002315	6	1	아이의 마음에 상처를 주지 않으면서 올곧게 자라날 수 있도록 돕는 게 생각보다 훨씬 어렵지.	N	2022-06-21 04:40:11	2022-11-08 03:39:24
BE22002315	7	0	뭐든 직접 겪어 봐야 안다는 거지만, 이렇게 힘들 줄은 몰랐어.	N	2022-06-21 04:40:11	2022-11-08 03:39:24
BE22002315	8	1	대부분의 고민은 지금보다 더 잘하고 싶은 마음에서 비롯되고는 하니까. 잘하고 있는 거야.	N	2022-06-21 04:40:11	2022-11-08 03:39:24
BE22002315	9	0	아이 스스로 다른 책을 읽게 하려면 어떻게 해야 할까.	N	2022-06-21 04:40:11	2022-11-08 03:39:24
BE22002315	10	1	아이에게 글만 있는 책을 읽지 않으려는 이유에 대해서 물어본 적 있어?	N	2022-06-21 04:40:11	2022-11-08 03:39:24
BE22002315	11	0	글만 빼곡하게 있는 책은 그림이 없어서 재미가 없대. 읽으면서 답답하게 느껴지나 봐.	N	2022-06-21 04:40:11	2022-11-08 03:39:24
BE22002315	12	1	책 속의 글씨가 빼곡하면 읽기도 전에 지레 겁을 먹게 되어서 그런가 봐. 내용이 어려울 거라는 편견이 생기는 거지.	N	2022-06-21 04:40:11	2022-11-08 03:39:24
BE22002315	13	0	그런 상황에서 아이의 마음을 열어 주려면 어떻게 하는 게 좋을까.	N	2022-06-21 04:40:11	2022-11-08 03:39:24
BE22002315	14	1	막상 책을 읽으면 재미있는 내용이 한가득 쌓여 있다는 걸 알려 주자. 네 목소리로 책을 먼저 읽어 주는 건 어때?	N	2022-06-21 04:40:11	2022-11-08 03:39:24
BE22002315	15	0	그거 괜찮은 방법인데?	N	2022-06-21 04:40:11	2022-11-08 03:39:24
BE22002315	16	1	긴 글 속에도 상상의 나래를 충분히 펼칠 수 있다는 걸 알려 주는 거야. 그러다 보면 스스로 재미를 붙일 수 있을 거라고 생각해.	N	2022-06-21 04:40:11	2022-11-08 03:39:24
BE22002315	17	0	아이가 집에 오면 그렇게 해 봐야겠어. 도움을 줘서 고마워.	N	2022-06-21 04:40:11	2022-11-08 03:39:24
BE22002315	18	1	두 사람 모두에게 즐거운 시간이 되었으면 좋겠다. 또 어려운 일이 생기면 연락해.	Y	2022-06-21 04:40:11	2022-11-08 03:39:24
