id	utterance_id	utterance_type	utterance_text	terminate	regDate	updDate
BE22002907	1	0	공감화자야, 예전에 아버지가 지금 편찮으시다고 말했던 거 기억나?	N	2022-06-23 06:01:56	2022-11-08 03:43:11
BE22002907	2	1	당연히 기억하지. 네가 많이 속상해했잖아. 무슨 일 있는 거야?	N	2022-06-23 06:01:56	2022-11-08 03:43:11
BE22002907	3	0	아버지 병이 나빠져서 출근이 어려우신 상황이야. 오늘 회사에 사직서 내고 오셨어.	N	2022-06-23 06:01:56	2022-11-08 03:43:11
BE22002907	4	1	마음이 너무 무겁겠다. 이렇게 전해 듣는 나도 속상한데 너는 얼마나 힘이 들까. 너무 지치면 종종 얘기해줘.	N	2022-06-23 06:01:56	2022-11-08 03:43:11
BE22002907	5	0	병원 치료를 꾸준히 받으면 나아질 거라고 하는데 지금은 그 말도 잘 들리지 않아. 회사까지 그만두셨는데 차도가 없으면 어떡하나 걱정돼.	N	2022-06-23 06:01:56	2022-11-08 03:43:11
BE22002907	6	1	아니야. 의사 선생님이 말씀하신 대로 분명 나아지실 거야. 선생님이 말씀하신 거니까 너무 불안해할 필요 없을 거야. 힘들겠지만 나아질 거라는 믿음을 가져보자.	N	2022-06-23 06:01:56	2022-11-08 03:43:11
BE22002907	7	0	그런 거였으면 좋겠는데 하루하루 무너지는 기분이 드네. 아버지가 말씀도 없으시고, 병원에서도 치료하자는 얘기 말고 다른 얘기는 안 하니까.	N	2022-06-23 06:01:56	2022-11-08 03:43:11
BE22002907	8	1	당연히 그렇게 걱정할 수 있지. 그렇지만 아직 지켜봐야 하는 상황이니까 침착하게 기다려 보는 게 좋을 것 같아. 아버지께서도 묵묵히 치료받고 계시니까 분명히 나아지실 거야.	N	2022-06-23 06:01:56	2022-11-08 03:43:11
BE22002907	9	0	긍정적으로 생각하면서 시간을 보내는 게 가장 중요하다는 걸 알아. 그렇지만 식사를 제대로 못 하시는 아버지를 보니까 침착할 수 없어.	N	2022-06-23 06:01:56	2022-11-08 03:43:11
BE22002907	10	1	가장 가까이에서 지켜보는 사람들이 원래 더 힘이 든다고 하잖아. 무조건 마음이 괜찮아지기를 바라는 게 힘들다는 거 알아. 그런 때는 이렇게 연락해줘.	N	2022-06-23 06:01:56	2022-11-08 03:43:11
BE22002907	11	0	응. 그래야지. 왜 이렇게 자꾸 마음이 조급한지 모르겠다.	N	2022-06-23 06:01:56	2022-11-08 03:43:11
BE22002907	12	1	조급한 네 마음 충분히 이해되는걸. 내가 너였어도 계속 불안했을 거야. 그래도 어쩌면 아버지가 이참에 치료에 전념할 수 있게 되었으니 다행이라고 생각해.	N	2022-06-23 06:01:56	2022-11-08 03:43:11
BE22002907	13	0	고마워. 그래도 너에게 이야기하고 나니까 마음이 한결 편해진다. 부정적인 생각만 들었는데 치료 열심히 받으면 나아지겠다는 희망이 보여.	N	2022-06-23 06:01:56	2022-11-08 03:43:11
BE22002907	14	1	그렇다면 다행이네. 나도 아버지가 얼른 나아지기를 진심으로 기도할게. 항상 힘내자.	N	2022-06-23 06:01:56	2022-11-08 03:43:11
BE22002907	15	0	그래. 그렇게 생각하면서 시간 보낼게. 조만간 또 연락하자.	Y	2022-06-23 06:01:56	2022-11-08 03:43:11
