id	utterance_id	utterance_type	utterance_text	terminate	regDate	updDate
BE22004155	1	0	너 저번에 사랑니 뺐다고 했지?	N	2022-06-27 09:22:11	2022-11-08 03:51:08
BE22004155	2	1	응, 옆으로 뚫고 나와서 엄청 고생하다 수술했지.	N	2022-06-27 09:22:11	2022-11-08 03:51:08
BE22004155	3	0	나도 잇몸 부어서 치과 갔더니 뽑는 방법밖엔 답이 없대. 그런데 막상 수술하자니 무서워.	N	2022-06-27 09:22:11	2022-11-08 03:51:08
BE22004155	4	1	겁나는 마음 잘 알지. 발치 수술은 부분 마취만 하고 받으니까 더 두근두근 무섭고 떨리고 불안한 것 같아. 소리가 다 들리잖아.	N	2022-06-27 09:22:11	2022-11-08 03:51:08
BE22004155	5	0	응, 치과 자체도 겁나는데 사랑니를 생으로 뽑으라니 별별 안 좋은 생각이 다 들어. 사랑니 뽑다가 지혈 안 돼서 죽은 사람도 있다며.	N	2022-06-27 09:22:11	2022-11-08 03:51:08
BE22004155	6	1	가엾게 최악의 경우까지 상상하게 돼서 더 괴롭구나. 그런 상황은 극소수의 확률이지만 겁나는 건 사실이지. 그래도 나처럼 대부분은 별일 없이 잘 끝나니까 너무 겁부터 먹지 마.	N	2022-06-27 09:22:11	2022-11-08 03:51:08
BE22004155	7	0	동네 치과에서 사랑니 엑스레이 사진 보면서 설명 듣는데 너무 무시무시하더라고!	N	2022-06-27 09:22:11	2022-11-08 03:51:08
BE22004155	8	1	쯧쯧, 덜덜 떨었겠구나. 정 불안하면 만일의 대처가 빠른 대학병원에서 수술하는 방법도 있어. 신중하게 생각하고 결정하면 좀 안심이 될 거야.	N	2022-06-27 09:22:11	2022-11-08 03:51:08
BE22004155	9	0	사랑니 수술하자고 대학병원 가는 거 남들이 알면 너무 유난스럽다고 하지 않을까?	N	2022-06-27 09:22:11	2022-11-08 03:51:08
BE22004155	10	1	남들 의견이 뭐가 중요하겠어. 네가 믿음을 가지고 평안한 마음으로 발치하는 게 중요해. 다른 건 신경 쓰지 말고 솔직히 네 마음 가는 대로 해.	N	2022-06-27 09:22:11	2022-11-08 03:51:08
BE22004155	11	0	다니던 치과가 그래도 내 상황을 잘 알 것 같긴 한데, 판단이 잘 안 서네.	N	2022-06-27 09:22:11	2022-11-08 03:51:09
BE22004155	12	1	중요한 결정이니 당연히 심사숙고해야지. 사랑니 발치 수술 경험 많은 의사인지 알아보고 마음 정해도 늦지 않아. 불안 초조한 상태로 강행하지 마.	N	2022-06-27 09:22:11	2022-11-08 03:51:09
BE22004155	13	0	알겠어. 사랑니 발치 무사히 받은 선배 얘기를 들으니 그래도 용기가 좀 나는 것 같아.	N	2022-06-27 09:22:11	2022-11-08 03:51:09
BE22004155	14	1	나도 좀 망설였는데 결국엔 앓던 이 빠진 것 같다는 의미가 뭔지 알겠더라. 잇몸 부어서 너무 아프니까 뽑고 나서 차라리 시원했어.	N	2022-06-27 09:22:11	2022-11-08 03:51:09
BE22004155	15	0	그렇군. 통증이 수술의 두려움을 이길 정도면 나도 빨리 결정 내리겠지?	N	2022-06-27 09:22:11	2022-11-08 03:51:09
BE22004155	16	1	그렇게 아프고 고생하기 전에 현명한 결정 내리길 빌게.	N	2022-06-27 09:22:11	2022-11-08 03:51:09
BE22004155	17	0	고마워. 너랑 문자 나누면서 어차피 할 수술이라면 빨리하는 쪽으로 생각이 굳어지고 있어.	N	2022-06-27 09:22:11	2022-11-08 03:51:09
BE22004155	18	1	그래. 잘 생각했어. 응원하고 있을게.	Y	2022-06-27 09:22:11	2022-11-08 03:51:09
