id	utterance_id	utterance_type	utterance_text	terminate	regDate	updDate
BE22001602	1	0	나 요즘 너무 떨려.	N	2022-06-16 06:14:32	2022-11-08 03:34:46
BE22001602	2	1	왜 무슨 일인데 그래?	N	2022-06-16 06:14:32	2022-11-08 03:34:46
BE22001602	3	0	지난번에 이력서 낸 회사에서 서류합격 했다고 면접 날짜가 나왔어.	N	2022-06-16 06:14:32	2022-11-08 03:34:46
BE22001602	4	1	그동안 열심히 이력서 내더니 드디어 면접 보러 가는구나 축하해.	N	2022-06-16 06:14:32	2022-11-08 03:34:46
BE22001602	5	0	근데 블라인드 면접이라고 하는데 해본 적이 없어서 너무 떨려. 어떻게 준비해야 할 지도 모르겠고 말이야.	N	2022-06-16 06:14:32	2022-11-08 03:34:46
BE22001602	6	1	면접인데 당연히 걱정되고 떨리고 그렇지. 너만 그런 게 아니라 면접자들 다 그럴 거야.	N	2022-06-16 06:14:32	2022-11-08 03:34:46
BE22001602	7	0	그동안 이력서를 쓰면서 낸다고 연락이 다 오는 게 아니니까, 매번 불안하고 기대했다 실망하고 하니까 이번에는 꼭 합격했으면 좋겠어.	N	2022-06-16 06:14:32	2022-11-08 03:34:46
BE22001602	8	1	왜 안 그러겠어. 그런 불안함 당연히 싫지. 나도 이번에는 네가 꼭 되길 바라. 그리고 어떻게 보면 너에게 블라인드 면접이 더 유리할지도 모른다는 생각도 들어.	N	2022-06-16 06:14:32	2022-11-08 03:34:46
BE22001602	9	0	그럴까? 난 기준이 명확하지 않아 계속 어렵다는 생각이 들거든.	N	2022-06-16 06:14:32	2022-11-08 03:34:46
BE22001602	10	1	블라인드 면접은 예전에 기준이라 생각했던 학력, 학벌 이런 것들이 배제되잖아. 평소에 아는 너는 생각도 깊고 지적 호기심도 많아서 아는 것도 많다고 느끼거든. 그런 매력들이 충분히 어필될 거라 생각해.	N	2022-06-16 06:14:32	2022-11-08 03:34:46
BE22001602	11	0	계속 이력서만 쓰니까 그렇게까지 생각은 못했네. 네가 그렇게 이야기해주니 조금 안정이 되는 거 같아.	N	2022-06-16 06:14:32	2022-11-08 03:34:46
BE22001602	12	1	그동안 회사도 열심히 다녔고, 새로운 기회를 만들려고 다시 도전하는 거잖아. 그래서 너를 편견 없이 평가받을 수 있는 좋은 기회가 아닐까 나는 생각해. 그리고 그 노력들이 더 많이 표현이 되어서 열정적인 사람으로 다들 느낄 거야.	N	2022-06-16 06:14:32	2022-11-08 03:34:46
BE22001602	13	0	계속 합격, 불합격에 쫓겨서 그 생각을 못했었는데, 폭넓게 생각하게 해줘서 고마워.	N	2022-06-16 06:14:32	2022-11-08 03:34:46
BE22001602	14	1	기회는 네가 만들었으니까 분명히 넌 잘할 거고, 좋은 결과가 나올 거라 믿어.	Y	2022-06-16 06:14:32	2022-11-08 03:34:46
