id	utterance_id	utterance_type	utterance_text	terminate	regDate	updDate
BE22003703	1	0	내가 내 친구에게 내가 정말 아끼던 금목걸이를 빌려줬는데, 친구가 돌려주질 않고 있어.	N	2022-06-25 16:53:13	2022-11-08 03:48:16
BE22003703	2	1	그게 무슨 말이니? 너의 목걸이를 돌려주지 않는다니. 조금 더 구체적으로 말해봐.	N	2022-06-25 16:53:13	2022-11-08 03:48:16
BE22003703	3	0	친구가 얼마 전에 우리 집에 와서 내 목걸이를 보고는 맘에 들어 하더라고. 그러더니 자기한테 잠시만 빌려달라고 하더라.	N	2022-06-25 16:53:13	2022-11-08 03:48:16
BE22003703	4	1	그래서 어떻게 됐니? 그 친구에게 빌려줬니?	N	2022-06-25 16:53:13	2022-11-08 03:48:16
BE22003703	5	0	빌려줄 때는 별 생각 없이 빌려줬어. 나쁜 의도로 빌리는 게 아니라는 걸 알고 있었거든. 근데 한 달이 지났는데도 돌려주질 않네.	N	2022-06-25 16:53:13	2022-11-08 03:48:16
BE22003703	6	1	너가 좋은 의도로 친구에게 선심을 베풀었는데 한 달이 지났는데도 돌려받지 못한다니. 내가 너였어도 물건을 돌려받지 못한다는 것 때문에 스트레스받을 것 같아.	N	2022-06-25 16:53:13	2022-11-08 03:48:16
BE22003703	7	0	그리고 사실 그 목걸이가 정말 소중한 사람한테 선물 받은 것이거든. 혹시 그 친구가 잃어버린 건 아니겠지? 얼른 돌려받고 싶은데 말이야.	N	2022-06-25 16:53:13	2022-11-08 03:48:16
BE22003703	8	1	너한테 정말 소중한 물건이었구나. 그런 물건을 돌려받지 못해서 정말 초조하겠다. 나도 그런 적이 있어서 너가 얼마나 신경쓰일지 알고 있어.	N	2022-06-25 16:53:13	2022-11-08 03:48:16
BE22003703	9	0	언젠간 친구가 알아서 돌려주겠지 생각했는데 그렇게 받는 걸 미루다 보니 오랜 시간이 지났네. 어떻게 해야 될지 모르겠어.	N	2022-06-25 16:53:13	2022-11-08 03:48:16
BE22003703	10	1	지금이라도 친구에게 연락해보는 게 어떨까? 너의 친구가 그냥 깜빡했을 수도 있잖아. 너의 친구가 그 목걸이를 그냥 방치하고 있을 수도 있어.	N	2022-06-25 16:53:13	2022-11-08 03:48:17
BE22003703	11	0	그런가? 그냥 빌려주지 말 걸 그랬어. 내가 너무 바보같이 행동한 것 같아.	N	2022-06-25 16:53:13	2022-11-08 03:48:17
BE22003703	12	1	너가 친구한테 목걸이를 빌려준 건 정말 착한 행동이었어. 돌려주지 않은 친구가 잘못한 거지 빌려준 너의 잘못이 아니야. 괜히 자책하지 않아도 돼.	N	2022-06-25 16:53:13	2022-11-08 03:48:17
BE22003703	13	0	그렇게 말해주니 고마워. 친구에게 연락을 해볼까?	N	2022-06-25 16:53:13	2022-11-08 03:48:17
BE22003703	14	1	혼자 끙끙대면서 앓고 있는 것보다는 친구한테 연락을 취해보는 게 좋을 것 같아. 너가 지금 받고 있는 스트레스가 꼭 풀렸으면 좋겠다. 목걸이를 꼭 되돌려 받았으면 좋겠어.	N	2022-06-25 16:53:13	2022-11-08 03:48:17
BE22003703	15	0	너가 내 기분에 공감해주니 기분이 풀리는 것 같아. 얼른 친구에게 연락해볼게. 고마워.	Y	2022-06-25 16:53:13	2022-11-08 03:48:17
