id	utterance_id	utterance_type	utterance_text	terminate	regDate	updDate
BE22004604	1	0	요즘 내가 과외 한다는 학생 기억나? 꽤 똑똑해서 공부 잘한다고 했던 아이 말이야.	N	2022-06-28 08:16:56	2022-11-08 03:54:01
BE22004604	2	1	당연히 기억나지! 성실하기까지 해서 네가 정말 열과 성을 다해서 가르치지 않았어? 그 학생한테 무슨 일 이라도 생긴 거야?	N	2022-06-28 08:16:56	2022-11-08 03:54:01
BE22004604	3	0	난 당연히 이번에 시험을 잘 볼 줄 알았는데 오히려 성적이 떨어졌어. 내가 부족해서 그런 게 아닐까 하는 생각이 들어서 너무 걱정돼.	N	2022-06-28 08:16:56	2022-11-08 03:54:01
BE22004604	4	1	너무 걱정하지 마 너는 최선을 다 했잖아. 분명 시험이 어려웠거나 하는 다른 이유가 있을 거야. 다음엔 그 친구도 잘 보겠지!	N	2022-06-28 08:16:56	2022-11-08 03:54:01
BE22004604	5	0	그러게 차라리 시험이 어려웠다고 했으면 좋겠다. 그럼 조금 덜 걱정이 될 것 같아.	N	2022-06-28 08:16:56	2022-11-08 03:54:01
BE22004604	6	1	그럼! 내가 지켜봤지만 너처럼 학생에게 관심을 가지고 가르치는 과외 선생님은 보지 못했어. 분명 그 친구도 알고 있을 거야.	N	2022-06-28 08:16:56	2022-11-08 03:54:01
BE22004604	7	0	학생도 학생이지만 부모님이 좀더 맘에 걸리지. 이번 성적으로 날 자르거나 하진 않겠지?	N	2022-06-28 08:16:56	2022-11-08 03:54:01
BE22004604	8	1	그러게 말이야. 학생은 그렇다 쳐도 학부모는 성적을 가장 중요하게 생각할 텐데. 괜히 너한테 불똥이 튀지 않았으면 좋겠다.	N	2022-06-28 08:16:56	2022-11-08 03:54:01
BE22004604	9	0	그러니까 난 정말 열심히 가르쳤는데 안 좋게 보실까봐 걱정이네. 이번 시험 특별히 당부해주셨거든.	N	2022-06-28 08:16:56	2022-11-08 03:54:01
BE22004604	10	1	하지만 네가 열심히 가르친 덕에 이 전에는 성적도 많이 올랐잖아? 분명 너는 열심히 했어! 너무 의기소침해 하지 마.	N	2022-06-28 08:16:56	2022-11-08 03:54:01
BE22004604	11	0	맞아 내가 처음 과외를 맡았을 때보단 많이 오르긴 했지. 근데 그게 내 덕인가 그 친구가 열심히 한 덕이지.	N	2022-06-28 08:16:56	2022-11-08 03:54:01
BE22004604	12	1	네가 그 친구 잠재력을 끌어올려 준거잖아! 분명 학부모님도 너의 그런 능력을 잘 알고 계실 거야. 너를 자르거나 하진 않을 것 같아.	N	2022-06-28 08:16:56	2022-11-08 03:54:01
BE22004604	13	0	그런가? 계속 좋은 선생님이라는 인식을 가지고 계실까?	N	2022-06-28 08:16:56	2022-11-08 03:54:01
BE22004604	14	1	그럼 학생의 성적으로 이렇게까지 고민을 하는 선생님이 또 어디 있다고! 너무 걱정하지 말고 다음 시험을 위해서 힘을 내자! 할 수 있을 거야!	N	2022-06-28 08:16:56	2022-11-08 03:54:01
BE22004604	15	0	응원해줘서 정말 고마워. 이번엔 더 열심히 해서 꼭 그 친구 성적을 눈에 띄게 성장하게 만들겠어!	Y	2022-06-28 08:16:56	2022-11-08 03:54:01
