id	utterance_id	utterance_type	utterance_text	terminate	regDate	updDate
BE22004593	1	0	어제 동생이 여자 친구랑 헤어졌다는데 아직까지 아무것도 안 먹고 있어서 너무 걱정돼.	N	2022-06-28 07:56:40	2022-11-08 03:53:57
BE22004593	2	1	갑자기? 둘이 죽고 못살 때는 언제고 싸우기라도 한 거야?	N	2022-06-28 07:56:40	2022-11-08 03:53:57
BE22004593	3	0	여자 친구가 더 이상 행복하지 않다면서 그냥 헤어지자고 했대. 처음엔 괜찮아 보였는데 방 안에 틀어박혀서 괜찮냐고 물어도 대답도 안 하고. 아무 말이라도 해주면 좋을 텐데 너무 걱정스러워.	N	2022-06-28 07:56:40	2022-11-08 03:53:57
BE22004593	4	1	동생이 울거나 화내면서라도 본인의 감정을 털어놓으면 좋을 텐데. 그러지도 않고 혼자 방 안에만 있어서 너가 걱정이 많이 되겠다.	N	2022-06-28 07:56:40	2022-11-08 03:53:57
BE22004593	5	0	혹시나 잘못된 생각을 하고 있는 건 아닌가 불안해. 설마 그러지는 않겠지?	N	2022-06-28 07:56:40	2022-11-08 03:53:57
BE22004593	6	1	우리도 젊을 때 사랑하는 사람과 헤어지면 죽을 것만 같고 그랬잖아. 아마 동생도 그런 시간을 겪고 있는 것일 테니 너무 걱정하지 않아도 돼. 이별의 아픔이 우리의 몫이었듯 동생이 충분히 아파할 시간이 필요하지 않을까?	N	2022-06-28 07:56:40	2022-11-08 03:53:57
BE22004593	7	0	그렇긴 한데. 근데 내 동생은 아무리 힘든 일이 있어도 나한테는 다 털어놓았었거든. 한 번도 이렇게 혼자 슬퍼했던 적이 없어서 더 불안한 것 같아.	N	2022-06-28 07:56:40	2022-11-08 03:53:57
BE22004593	8	1	친구처럼 가까운 남매였어서 너가 더 불안해 하는 마음 이해해. 그러면 너가 먼저 동생한테 술마시러 가자고 해 보는 건 어때? 힘들 때 술마시면서 이런저런 얘기하다 보면 마음이 괜찮아지기도 하잖아.	N	2022-06-28 07:56:40	2022-11-08 03:53:57
BE22004593	9	0	혹시 동생이 혼자 있고 싶은데 방해하는 건 아닐까? 더 마음을 심란하게 할까 봐 걱정돼서 혼자 있도록 내버려뒀거든.	N	2022-06-28 07:56:40	2022-11-08 03:53:57
BE22004593	10	1	전에 나도 남자 친구랑 헤어졌을 때 혼자 방 안에 틀어박혀서 아무것도 하기 싫었었던 적이 있었다? 그때 친구가 술 마시러 가자고 억지로 나를 방 안에 나오게 한 적이 있는데. 친구랑 술 마시고 이런저런 얘기 하다보니 마음이 한결 편안해지더라고.	N	2022-06-28 07:56:40	2022-11-08 03:53:57
BE22004593	11	0	맞아. 누군가 옆에 있어 주면 금방 부정적인 감정이 사라지긴 하더라. 내가 너무 걱정만 한 것 같네. 네 말을 들으니까 걱정은 그만하고 위로를 해줘야 할 것 같네.	N	2022-06-28 07:56:40	2022-11-08 03:53:57
BE22004593	12	1	동생도 지금쯤이면 누군가에게 마음을 털어놓고 싶을걸? 먼저 너가 아무렇지 않게 행동하고 얘기 들어주면 아마 동생 마음도 불편하지 않을 거야.	N	2022-06-28 07:56:40	2022-11-08 03:53:57
BE22004593	13	0	너의 말을 들으니까 내가 어떻게 해야 할 지 알 것 같아. 마음이 한결 편안해지는 느낌이야. 내 고민 들어줘서 고마워.	N	2022-06-28 07:56:40	2022-11-08 03:53:57
BE22004593	14	1	뭘 이런 걸로. 동생이 빨리 괜찮아져야 할 텐데. 위로 잘해주고 너도 마음 편안히 가져.	N	2022-06-28 07:56:40	2022-11-08 03:53:57
BE22004593	15	0	그래야지. 너 덕분에 내 걱정이 사라졌으니 다음 번에 만나면 내가 밥 사야겠다. 조만간 한번 보자!	Y	2022-06-28 07:56:40	2022-11-08 03:53:57
