id	utterance_id	utterance_type	utterance_text	terminate	regDate	updDate
BE22004331	1	0	나 지금 너무 무서워서 경찰에 신고했어.	N	2022-06-27 14:23:50	2022-11-08 03:52:15
BE22004331	2	1	112에 신고할 정도면 큰일 있는 거야?	N	2022-06-27 14:23:50	2022-11-08 03:52:15
BE22004331	3	0	외출하고 집에 돌아오니까 우리 집 현관문이 열려있더라고.	N	2022-06-27 14:23:50	2022-11-08 03:52:15
BE22004331	4	1	너무 심각한 일이네, 도둑 들었던 거야?	N	2022-06-27 14:23:50	2022-11-08 03:52:15
BE22004331	5	0	근데 더 불안하게 아무것도 없어진 게 없어. 그냥 문만 열려있고, 누군가 침입한 흔적만 남아있어서 너무 무서워. 얼마 전부터 어떤 남자가 계속 우리 집 앞을 서성거렸던 거 말했잖아.	N	2022-06-27 14:23:50	2022-11-08 03:52:15
BE22004331	6	1	어머, 그 남자가 들어왔던 거면 너무 소름 돋고 무섭다. 지금 너 혼자 있는 것도 신경 쓰이는데? 나라도 너 같은 상황이면 무서울 것 같은데 너는 오죽하겠니.	N	2022-06-27 14:23:50	2022-11-08 03:52:15
BE22004331	7	0	네가 이렇게 말해주니까 지금 눈물 날 것 같아. 집에 와서 이 꼴을 본 순간 너무 불안해서 숨이 다 안 쉬어지더라. 불 다 켜고 문 잠그고 신고했어.	N	2022-06-27 14:23:50	2022-11-08 03:52:15
BE22004331	8	1	정신없어서 당황했을 텐데 그래도 신고 바로 잘했네. 조금만 기다리면 경찰이 와서 해결될 거야. 너무 불안해하지 말고 같이 지켜보자!	N	2022-06-27 14:23:50	2022-11-08 03:52:15
BE22004331	9	0	혼자 있어서 엄청 두려운 마음 가득이었는데 너랑 같이 이야기하면서 기다리니까 좋다. 뭔가 같이 있는 것 같아서 안심이 돼, 너무 고마워!	N	2022-06-27 14:23:50	2022-11-08 03:52:15
BE22004331	10	1	뭘, 이 정도 가지고 그래. 아까 네가 경찰에 신고했다고 했을 때 바로 너네 집으로 출발했는걸?	N	2022-06-27 14:23:50	2022-11-08 03:52:15
BE22004331	11	0	어머 정말? 진짜 나 생각해주는 건 너밖에 없다니까!	N	2022-06-27 14:23:50	2022-11-08 03:52:15
BE22004331	12	1	너 이야기 들어보니까 나라도 이런 상황에 혼자면 더 불안해질 것 같아서 아무래도 걱정이 되더라고. 그래도 둘이면 더 낫지 않을까 싶어서.	N	2022-06-27 14:23:50	2022-11-08 03:52:15
BE22004331	13	0	네가 와준다면 나야 너무 든든하지. 진짜 너가 공감해주고 다독이면서 찾아오기까지 해준다니까 감동이다. 경찰도 곧 도착할 것 같은데 오면 복도 cctv부터 보려고.	N	2022-06-27 14:23:50	2022-11-08 03:52:15
BE22004331	14	1	그래 cctv 설치하길 정말 잘했어! 누가 이런 짓을 했는지 꼭 잡아야지. 안 그러면 불안해서 거기 어떻게 계속 살겠어?	N	2022-06-27 14:23:50	2022-11-08 03:52:15
BE22004331	15	0	그러니까 말야. 아까는 너무 불안하고 무서워서 확 움츠러들었었는데, 경찰이랑 너랑 오니까 다시 제정신이 차려진다. 꼭 잡아서 혼내주자!	Y	2022-06-27 14:23:50	2022-11-08 03:52:15
