id	utterance_id	utterance_type	utterance_text	terminate	regDate	updDate
BE22003007	1	0	방금 식당에서 정말 기분 나쁜 일 있었어. 나 정말 화나고 불안해.	N	2022-06-23 09:41:45	2022-11-08 03:43:49
BE22003007	2	1	무슨 일이야? 나한테 얘기해 봐.	N	2022-06-23 09:41:45	2022-11-08 03:43:49
BE22003007	3	0	어떤 손님이 나를 자꾸 부르더니 술을 따르라고 요구하더라. 한 번 따라 줬더니 계속 따르라고 하는 거 있지?	N	2022-06-23 09:41:45	2022-11-08 03:43:49
BE22003007	4	1	정말? 뭐 그런 사람이 다 있어? 너무 불쾌하고 기분 나빴겠다. 너 지금 괜찮아?	N	2022-06-23 09:41:45	2022-11-08 03:43:49
BE22003007	5	0	아니. 내가 거절하니까 일어서서 윽박지르더라고. 옆 테이블 손님이 경찰 부르겠다고 하니까 급하게 챙겨서 나가더라.	N	2022-06-23 09:41:45	2022-11-08 03:43:49
BE22003007	6	1	정말 깜짝 놀랐겠다. 너 놀랄 땐 온몸 떨리고 주저앉잖아. 심지어 큰 소리에 잘 놀라는 너한테 윽박질렀다니 너무 무서웠겠다.	N	2022-06-23 09:41:45	2022-11-08 03:43:49
BE22003007	7	0	응. 아직도 심장이 벌렁벌렁 뛰고 진정이 잘 안 돼. 눈물이 왈컥 쏟아질 것 같기도 해.	N	2022-06-23 09:41:45	2022-11-08 03:43:49
BE22003007	8	1	어떡해. 지금 네 마음 잘 알아. 나도 그런 손님 상대해보니 억울해서 눈물이 나더라고. 너 지금 많이 힘들겠다.	N	2022-06-23 09:41:45	2022-11-08 03:43:49
BE22003007	9	0	그 사람이 다음에 또 가게에 찾아와서 해코지하진 않겠지? 그럴까 봐 불안해.	N	2022-06-23 09:41:45	2022-11-08 03:43:49
BE22003007	10	1	걱정 마. 경찰에 신고한다고 했으니 그러진 않을 거야. 그리고 무슨 일 있으면 내가 바로 식당으로 갈게.	N	2022-06-23 09:41:45	2022-11-08 03:43:49
BE22003007	11	0	정말? 그래줄 수 있어?	N	2022-06-23 09:41:45	2022-11-08 03:43:49
BE22003007	12	1	당연하지. 네가 지금 얼마나 불안할지 상상이 가서 너무 마음이 아파. 그렇게 놀래고 불안할 때 혼자 있으면 마음이 걷잡을 수 없게 커지더라고.	N	2022-06-23 09:41:45	2022-11-08 03:43:49
BE22003007	13	0	고마워. 네가 내 얘기 잘 들어주고 이렇게 와준다고 해줘서 덕분에 마음이 많이 놓여. 이제야 좀 진정된다.	N	2022-06-23 09:41:45	2022-11-08 03:43:49
BE22003007	14	1	다행이다. 네가 식당 일 하면서 이런저런 손님들 응대하느라 정말 고생이 많겠다.	N	2022-06-23 09:41:45	2022-11-08 03:43:49
BE22003007	15	0	그래도 항상 네가 내 뒤를 지키고 있으니까 든든해. 마치고 또 연락할게.	Y	2022-06-23 09:41:45	2022-11-08 03:43:50
