id	utterance_id	utterance_type	utterance_text	terminate	regDate	updDate
BE22001525	1	0	잘 들어갔니? 난 이제 집 도착했어.	N	2022-06-16 02:05:40	2022-11-08 03:34:15
BE22001525	2	1	그래 잘 도착했으니 다행이다. 그래 부인한테 안 혼났어? 너 술 마시는 내내 부인한테 혼날까 봐 많이 걱정했잖아.	N	2022-06-16 02:05:40	2022-11-08 03:34:15
BE22001525	3	0	정말 다행히도 아내가 내가 들어오는지도 모르고 쿨쿨 자고 있어. 기다리다 지쳤나 봐. 나 진짜 발소리도 안 내고 들어왔다니까.	N	2022-06-16 02:05:40	2022-11-08 03:34:15
BE22001525	4	1	잠이 들었다는 것은 그래도 많이 화가 난 것은 아닌 거 같아. 일단 걱정스러운 순간은 모면했으니 다행이다. 아침에 일어나면 더 괜찮을 거야.	N	2022-06-16 02:05:40	2022-11-08 03:34:15
BE22001525	5	0	회사 회식 때문에 늦어도 술 마시는 걸 너무 못하게 하니까 술 마시고 집 들어올 때마다 아내의 눈빛이 무서워.	N	2022-06-16 02:05:40	2022-11-08 03:34:15
BE22001525	6	1	그건 네가 건강이 안 좋으니 걱정하느라 그런 거지. 술 때문에 아파서 아내 고생시킨 거 생각하면 이제 술은 좀 절제하는 게 어떨까?	N	2022-06-16 02:05:40	2022-11-08 03:34:15
BE22001525	7	0	그래야 하는데 왜 이렇게 술에 대한 의지력이 약한지 모르겠어. 걱정해서 화내는 아내 맘을 알면서도 또 너무 잔소리를 하면 피하고 싶어.	N	2022-06-16 02:05:40	2022-11-08 03:34:15
BE22001525	8	1	사회 생활을 하면서 술자리가 자주 있을 수밖에 없는 너의 상황은 너무 이해가 된다. 그렇지만 너무 늦은 시간까지 술 마시는 건 아내도 화날만해.	N	2022-06-16 02:05:40	2022-11-08 03:34:15
BE22001525	9	0	나도 알지 그래서 지난번 아내랑 적어도 12시 전까지는 들어오겠다고 철석같이 약속했는데 집 오는 내내 너무 걱정돼서 술이 다 깨버렸네.	N	2022-06-16 02:05:40	2022-11-08 03:34:15
BE22001525	10	1	술 마실 때는 그렇게 신나게 마시더니 막상 집 들어가야 할 때가 되니 네가 걱정되는 맘이 많이 들었구나. 아까 볼 때는 좀 취해 보였는데.	N	2022-06-16 02:05:40	2022-11-08 03:34:15
BE22001525	11	0	그러니까 집에 다가올수록 술이 확 깨더라니까. 아내가 갑자기 자다가 깨서 발로 뻥 차는 건 아니겠지?	N	2022-06-16 02:05:40	2022-11-08 03:34:15
BE22001525	12	1	내가 네 아내라면 벌써 몇 번 그랬을 텐데 너는 정말 결혼을 잘한 거 같다. 그렇게 아내 말을 안 듣는데도 늘 아침엔 또 해장국 끓여준다며.	N	2022-06-16 02:05:40	2022-11-08 03:34:15
BE22001525	13	0	그러니까 너무 미안하지만 또 막상 자고 있는 아내 얼굴을 보니 이렇게 맘이 편안해지고 천사처럼 보인다.	N	2022-06-16 02:05:40	2022-11-08 03:34:15
BE22001525	14	1	아내가 예뻐 보이는 거 보니 아까 긴장했던 맘이 다 풀렸나 보네. 피곤할 테니 일단 오늘은 빨리 자고 내일 아침에 눈뜨면 최대한 착한 남편으로 행동하는 게 어떨까?	N	2022-06-16 02:05:40	2022-11-08 03:34:15
BE22001525	15	0	그거 좋은 생각이다. 제발 내일 평화로운 아침이 오길.	Y	2022-06-16 02:05:40	2022-11-08 03:34:15
