id	utterance_id	utterance_type	utterance_text	terminate	regDate	updDate
BE22005129	1	0	최근에 우리 동네에서 흉흉한 일들이 많이 생긴다고 하더라고.	N	2022-06-29 08:09:02	2022-11-08 03:57:24
BE22005129	2	1	그렇지. 정말 치안이 안 좋은 동네인 것 같아. 동네도 으슥하고 주거 지역 보안도 제대로 안 되어 있고 생활하다보면 무서울 때가 많아.	N	2022-06-29 08:09:02	2022-11-08 03:57:24
BE22005129	3	0	나는 아이들이 걱정이야. 내가 집에 없을 때 집에 무단으로 침입한 괴한에게 유괴라도 당하면 어쩌지 하면서 매일 상상한다니까. 걱정되고 신경 쓰여서 밤에 잠도 안 올 지경이야.	N	2022-06-29 08:09:02	2022-11-08 03:57:24
BE22005129	4	1	집에 같이 있으면 불안하지 않을 텐데, 너희 부부는 맞벌이하고 있잖아. 밤에 애들 혼자 집에 두면 정말 불안하고 걱정돼서 일이 손에 안 잡힐 것 같아.	N	2022-06-29 08:09:02	2022-11-08 03:57:24
BE22005129	5	0	맞아. 언제는 애들이 납치당하는 꿈도 꿔서 자꾸 그 생각이 나는 거 있지. 그 뒤로 계속 부정적인 생각도 하게 되고 내가 너무 과민해지는 것 같아.	N	2022-06-29 08:09:02	2022-11-08 03:57:24
BE22005129	6	1	그런 생생한 꿈도 꿨던 거라면 나였어도 신경이 많이 쓰였을 것 같아. 충분히 일어날 수 있는 일이고 뉴스에도 자주 들려오는 일이잖아. 그래서 더욱 조심하고 또 조심해야지.	N	2022-06-29 08:09:02	2022-11-08 03:57:24
BE22005129	7	0	맞아. 특히나 우리 주택단지는 외부에서 창문으로 침입이 쉽거든. 그래서 애들한테 외출할 때 창문을 잠그도록 알려줬는데 애들이 잘 이해했는지 모르겠어. 아직은 애들이 어려서 너무 불안한 거 있지.	N	2022-06-29 08:09:02	2022-11-08 03:57:24
BE22005129	8	1	교육한다고 해도 애들이 까먹고 잘 안 지킬 수도 있으니까. 우리가 걱정하는 만큼 심각하게 생각하고 조심해줬으면 좋겠는데 말이야.	N	2022-06-29 08:09:02	2022-11-08 03:57:24
BE22005129	9	0	맞아. 걱정돼서 이 동네를 빨리 떠야겠어. 안 그러고는 내가 불안해서 제명에 못살 것 같아.	N	2022-06-29 08:09:02	2022-11-08 03:57:24
BE22005129	10	1	그게 가장 좋은 방법이지. 아니면 방범용 보안 물품들을 여러 가지 구비해보는 건 어떨까? 요즘 정말 잘 나온다고 하더라고.	N	2022-06-29 08:09:02	2022-11-08 03:57:24
BE22005129	11	0	정말? 한번 알아봐야겠다. 조금 돈이 들긴 하겠지만 그런 걸로 아이들의 안전이 보장된다면 무엇보다도 값싸지.	N	2022-06-29 08:09:02	2022-11-08 03:57:24
BE22005129	12	1	맞아. 아이들이 안전해져야 너도 그 불안이 해소될 테니까. 요즘 신경 많이 쓰는 게 보여서 걱정되어서 그래.	N	2022-06-29 08:09:02	2022-11-08 03:57:24
BE22005129	13	0	걱정 해줘서 고마워. 방범 물품들을 몇 개 사놓으면 일단 안심이라도 될 것 같아.	N	2022-06-29 08:09:02	2022-11-08 03:57:24
BE22005129	14	1	도움이 될 것 같아서 다행이야. 그리고 너도 항상 조심해. 아이들뿐만아니라 너도 언제든 위험해질 수 있으니까.	N	2022-06-29 08:09:02	2022-11-08 03:57:24
BE22005129	15	0	응. 나도 조심할게. 너도 항상 조심하고 위험한 일 없는 평온한 하루가 되길 바랄게.	Y	2022-06-29 08:09:02	2022-11-08 03:57:24
