id	utterance_id	utterance_type	utterance_text	terminate	regDate	updDate
BE22005979	1	0	친구야 나 고민이 있는데 말이야. 대학 입학 후 꾸준히 해왔던 SNS를 탈퇴할까 싶어.	N	2022-07-04 06:25:33	2022-11-08 04:02:53
BE22005979	2	1	응? 갑작스럽네? 네 SNS에 올라오는 사진과 글들 모두 좋아보였는데! 무슨 일 있는 거야?	N	2022-07-04 06:25:33	2022-11-08 04:02:53
BE22005979	3	0	아 진짜? 사실 요즘 일상이 너무 반복적이어서 무료하다고 느끼고 있었거든. 그런데 SNS에서 사람들이 재미있게 놀고 사진 찍는 모습을 보니 나만 뒤처지는 기분이 들더라고.	N	2022-07-04 06:25:33	2022-11-08 04:02:53
BE22005979	4	1	아 SNS 하다보면 그런 시기가 있는 것 같아. 나도 몇 달 전에 한참 취업 준비할 때 즐겁게 일상을 보내는 사람들의 게시글을 봤는데 말이야. 엄청 부러워서 어플을 삭제하고 보지 않았던 적이 있었어.	N	2022-07-04 06:25:33	2022-11-08 04:02:53
BE22005979	5	0	너도 그런 적이 있었구나? 난 요즘 이 SNS에 들어갈 때마다 감정 소모가 너무 심해지더라고. 약간 나만 뒤처지는 것 같아서 불안하달까?	N	2022-07-04 06:25:33	2022-11-08 04:02:53
BE22005979	6	1	그럴 수 있지. 그런데 내가 보기엔 반복적인 삶 속에도 너는 충분히 열정적으로 살아가고 있다고 느껴졌었거든! 그래서 말인데 지금 느끼는 감정이 조금 수그러들 때까지 비활성화하거나 어플을 삭제해보는 건 어때? SNS에 남겨진 모든 것들이 너의 소중하고 중요한 추억이잖아!	N	2022-07-04 06:25:33	2022-11-08 04:02:53
BE22005979	7	0	그렇긴 해. 하나하나 내 좋은 기억으로 남는 장면들이 기록되어 있는거긴 한데 말이야. 너가 그렇게 말해주니 SNS의 모습만 믿고 너무 감정 소모하지 않아야겠다는 생각이 들어.	N	2022-07-04 06:25:33	2022-11-08 04:02:53
BE22005979	8	1	좋은 생각이야. 역시 문제상황에서도 긍정적으로 이겨나가는 너의 모습 참 보기 좋아. 행복해 보이는 그들도 다른 사람들을 보며 또 너와 같은 기분을 느낄 수도 있으리라 생각해.	N	2022-07-04 06:25:33	2022-11-08 04:02:53
BE22005979	9	0	그러게. 네가 이야기해주는 말들을 듣고 나니 덕분에 불안한 감정도 많이 줄어든 것 같아. 나처럼 행복한 시절을 기록하다보니 좋은 모습들만 보여지는 것일 수 있겠다는 생각이 들었거든.	N	2022-07-04 06:25:33	2022-11-08 04:02:54
BE22005979	10	1	응! 그렇게 생각하면 훨씬 뒤처진다는 불안감도 덜해지고 좋을 것 같아! 충분히 지금의 너의 삶도 아름다워 보이거든! 스트레스 받지 말고 행복하게 보냈으면 좋겠어.	N	2022-07-04 06:25:33	2022-11-08 04:02:54
BE22005979	11	0	고마워. 곁에서 든든히 나를 응원해주고 내 삶을 아름답게 생각해주는 네가 있어서 얼마나 좋은지 몰라. 불안함이 줄어들고 행복감과 자신감이 올라간달까? 그런 것 같아서 너무 고마워.	N	2022-07-04 06:25:33	2022-11-08 04:02:54
BE22005979	12	1	아니야! 평소에도 다른 사람들을 항상 배려해주고 먼저 솔선수범하는 너의 모습에 언제나 본받고 싶다고 생각했어. 참는 일이 많다보니 가끔씩 이런 일을 겪을 때 더 감정 소모가 심해질 수 있다고도 생각해. 그런데 분명 너는 잘 이겨낼 거야!	N	2022-07-04 06:25:33	2022-11-08 04:02:54
BE22005979	13	0	그럴 수 있겠지? SNS를 이번 기회로 끊고 진솔하게 나의 삶을 행복하게 꾸려나가 볼지. 이 권태로움을 견디고 감정 소모하지 않을 때 내 아름다운 추억들을 다시 SNS에 기록할지 고민해 보아야겠다. 네 덕분에 많이 차분해지고 이성을 되찾게 된 것 같아.	N	2022-07-04 06:25:33	2022-11-08 04:02:54
BE22005979	14	1	다행이다. 너무 스트레스 받지 말고 네가 하고 싶은 것이 무엇인지, 어떤 일상을 꿈꾸는지 생각해봐. 그리고 너가 무엇을 선택하든 나는 늘 응원할게!	N	2022-07-04 06:25:33	2022-11-08 04:02:54
BE22005979	15	0	응원해줘서 고마워. 스트레스 받지 않고 어떻게 이 삶을 더 아름답게 이끌어갈 수 있을지 고민해볼게. 감정 소모하지 않고 긍정적으로 살아가던 나의 예전 모습으로 돌아갈게!	Y	2022-07-04 06:25:33	2022-11-08 04:02:54
