id	utterance_id	utterance_type	utterance_text	terminate	regDate	updDate
BE22003366	1	0	나 다음 주에 교수님이랑 면담하기로 했어.	N	2022-06-24 10:28:39	2022-11-08 03:46:06
BE22003366	2	1	아, 네가 저번에 말했던 그 식사 약속 맞지?	N	2022-06-24 10:28:39	2022-11-08 03:46:06
BE22003366	3	0	응, 근데 이런 자리가 처음이라 너무 걱정돼.	N	2022-06-24 10:28:39	2022-11-08 03:46:06
BE22003366	4	1	왜? 분위기가 어색할까 봐 그래? 교수님 대하기가 너무 어렵긴 하지...	N	2022-06-24 10:28:39	2022-11-08 03:46:06
BE22003366	5	0	그것도 그런데, 이런 자리엔 보통 뭘 입고 가야 하는지 모르겠어서.	N	2022-06-24 10:28:39	2022-11-08 03:46:06
BE22003366	6	1	그렇구나. 혹시 교수님이 안 좋게 보실까 봐 걱정하는 거야? 나도 저번에 담당 교수님이랑 면담한 적 있는데, 뭐 입을지 엄청 고민했어.	N	2022-06-24 10:28:39	2022-11-08 03:46:06
BE22003366	7	0	맞아. 너는 그럼 그때 어떤 옷 입고 간 거야?	N	2022-06-24 10:28:39	2022-11-08 03:46:06
BE22003366	8	1	난 그냥 셔츠에 슬랙스 입었어! 단정하게 하고 가면 괜찮은 것 같아.	N	2022-06-24 10:28:39	2022-11-08 03:46:06
BE22003366	9	0	아 그렇구나. 나 슬랙스가 없는데 새로 사야 하나? 요즘 옷 살 돈도 없는데...	N	2022-06-24 10:28:39	2022-11-08 03:46:06
BE22003366	10	1	맞아, 약속 하나 때문에 새 옷을 사기엔 아무래도 부담되더라. 굳이 새로 구매할 필요 없이, 그냥 단정한 티랑 면바지 정도만 입어도 상관없지 않을까?	N	2022-06-24 10:28:39	2022-11-08 03:46:06
BE22003366	11	0	진짜 그럴까? 좀 예의 없다고 생각하실까 봐 걱정이 자꾸 돼서.	N	2022-06-24 10:28:39	2022-11-08 03:46:06
BE22003366	12	1	정말 고민 많이 되겠다. 그래도 교수님들은 우리 학생인 거 아시니까, 가볍게 입고 가도 그닥 신경 안 쓰실 거야.	N	2022-06-24 10:28:39	2022-11-08 03:46:06
BE22003366	13	0	그렇겠지? 네 말대로 그냥 집에 있는 옷으로 최대한 단정하게 하고 가야겠다.	N	2022-06-24 10:28:39	2022-11-08 03:46:06
BE22003366	14	1	응, 그러면 충분할 것 같아. 너무 걱정 말고 식사 잘하고 와!	N	2022-06-24 10:28:39	2022-11-08 03:46:06
BE22003366	15	0	응, 얘기 들어줘서 너무 고마워!	Y	2022-06-24 10:28:39	2022-11-08 03:46:06
