id	utterance_id	utterance_type	utterance_text	terminate	regDate	updDate
BE22003265	1	0	방금 친구의 남편에게서 전화가 왔어.	N	2022-06-24 05:45:39	2022-11-08 03:45:28
BE22003265	2	1	이상하네. 친구도 아니고 친구의 남편한테 온 거야? 무슨 일 있는 거야?	N	2022-06-24 05:45:39	2022-11-08 03:45:28
BE22003265	3	0	응, 모르는 번호로 연락이 와서 받아보니까 친구의 남편이었어. 친구를 찾는 전화였어. 어제부터 연락이 안 된다는데 나도 너무 걱정돼.	N	2022-06-24 05:45:39	2022-11-08 03:45:28
BE22003265	4	1	어제부터 연락 두절이라니 정말 놀라고 걱정되겠다. 이야기를 듣는 나도 걱정되는데, 친구인 너는 어떤 마음인지 상상이 안 돼. 혹시 무슨 일인지 짐작 가는 일은 없어?	N	2022-06-24 05:45:39	2022-11-08 03:45:28
BE22003265	5	0	친구가 남편이랑 싸우면 종종 남편 연락을 안 받고 혼자 쉬러 가기는 해. 그래도 매번 나랑은 연락이 됐는데, 이번에는 나랑도 연락이 안 되니까 더 불안하고 걱정이야. 무슨 일 생겼을까 봐 너무 두려워.	N	2022-06-24 05:45:39	2022-11-08 03:45:28
BE22003265	6	1	너랑도 연락이 안 되는 거면 연락할 방법이 없는 거니까 많이 걱정되고 불안하겠다. 큰일이네. 네가 불안해하는 걸 보니 내가 다 초조하다... 그러면 혹시 경찰서에 신고는 했대?	N	2022-06-24 05:45:39	2022-11-08 03:45:28
BE22003265	7	0	아니, 아직 이틀차라서 신고하기에 너무 이르대. 그래서 친구의 남편이 내 친구의 지인들에게 다 전화하는 중인가 봐.	N	2022-06-24 05:45:39	2022-11-08 03:45:28
BE22003265	8	1	그렇구나. 실종 접수도 안 되니까 정말 답답하고 걱정되겠다. 친구의 남편도 정말 고생이겠네. 그러면 혹시 친구가 혼자 갈만한 곳이 어디인지 알아?	N	2022-06-24 05:45:39	2022-11-08 03:45:28
BE22003265	9	0	그게 생각나는 장소가 몇 개 있기는 한데, 다섯군데가 넘고 거리도 멀어서 감이 안 와. 그리고 가끔 새로운 곳으로 가는 경우도 있어서 더 걱정이야. 그러면 찾을 수가 없으니까 너무 불안해.	N	2022-06-24 05:45:39	2022-11-08 03:45:28
BE22003265	10	1	내가 너였어도 정말 불안하고 걱정되어서 잠도 안 올 것 같아. 그리고 네가 알고 있는 장소들을 친구 남편이랑 공유해서 같이 찾으러 가 보는 건 어때? 장소가 많아도, 친구 남편이랑 너랑 또 다른 가족들까지 힘을 합치면 괜찮지 않을까? 나도 도울게.	N	2022-06-24 05:45:39	2022-11-08 03:45:28
BE22003265	11	0	정말 좋은 생각이야. 여러 사람이 힘을 합치면 금방 가볼 수 있을 것 같아. 그런데 다 가봐도 못 찾으면 그때는 어떡하지?	N	2022-06-24 05:45:39	2022-11-08 03:45:28
BE22003265	12	1	걱정하는 마음은 이해하지만, 걱정보다는 먼저 열심히 찾아보는 게 좋지 않을까? 친구가 단순히 쉬러 간 걸 수도 있고 곧 연락이 올 수도 있으니까 조금은 마음을 놓아보자. 그래도 못 찾으면 그때에는 경찰에 신고도 하고, 내가 다른 방법도 생각해볼게.	N	2022-06-24 05:45:39	2022-11-08 03:45:28
BE22003265	13	0	네 말이 맞아, 내가 불안한 마음에 과한 걱정을 하고 있던 것 같아. 네 이야기를 들으니까 이제 진정이 좀 된다. 정말 고마워. 얼른 친구를 찾으러 가봐야겠어.	N	2022-06-24 05:45:39	2022-11-08 03:45:28
BE22003265	14	1	좋은 생각이야. 네가 진정된 모습을 보니까 나도 기뻐. 그리고 나도 같이 찾으러 가볼 테니 주소 보내줘.	Y	2022-06-24 05:45:39	2022-11-08 03:45:28
