id	utterance_id	utterance_type	utterance_text	terminate	regDate	updDate
BE22002685	1	0	하... 정말 예정된 수순인 걸까?	N	2022-06-22 08:57:12	2022-11-08 03:41:46
BE22002685	2	1	무슨 일 있는 거야?	N	2022-06-22 08:57:12	2022-11-08 03:41:46
BE22002685	3	0	머리카락이 너무 많이 빠져서 병원 예약했어. 탈모가 되는 건가?	N	2022-06-22 08:57:12	2022-11-08 03:41:46
BE22002685	4	1	아 스트레스 진짜 많이 받겠다. 남자는 머리가 생명이라고 누누이 말해왔잖아. 충분히 불안한 게 이해가 가.	N	2022-06-22 08:57:12	2022-11-08 03:41:46
BE22002685	5	0	우리 아버지 탈모인 거 알지? 탈모만은 피하고 싶어서 정말 열심히 관리해왔는데 왜 머리가 이렇게 많이 빠지는 건지...	N	2022-06-22 08:57:12	2022-11-08 03:41:46
BE22002685	6	1	맞아, 샴푸에서부터 먹는 음식까지 꼼꼼하게 따져보고 쓰면서 관리했잖아. 그러니 충분히 걱정할 만하지.	N	2022-06-22 08:57:12	2022-11-08 03:41:46
BE22002685	7	0	관리를 했는데도 유전은 이길 수 없는 걸까. 나 정말 무서워.	N	2022-06-22 08:57:12	2022-11-08 03:41:46
BE22002685	8	1	아니야. 나이 들면 머리카락은 저절로 많이 빠지긴 해. 병원 가보면 별일 아니라고 할 것 같아. 만약 탈모가 진행된 거라도 요즘은 약으로 충분히 조절이 가능하다고 하니까 걱정 마.	N	2022-06-22 08:57:12	2022-11-08 03:41:46
BE22002685	9	0	그럴까? 탈모 병원까지는 가고 싶지 않았는데 너무 불안한 마음에 걱정이 되네. 네가 그렇게 말해주니 조금은 진정이 되는 것 같아.	N	2022-06-22 08:57:12	2022-11-08 03:41:46
BE22002685	10	1	그래, 너무 초조해하지 마. 내가 보기엔 아직 풍성해. 너의 모든 신경이 머리카락에 가 있는 상태라 조그마한 변화를 날카롭게 느끼는 것 같아.	N	2022-06-22 08:57:12	2022-11-08 03:41:46
BE22002685	11	0	맞아. 네 말 듣고 보니 내가 조금 민감하게 반응한 것 같네. 병원 가보면 알겠지.	N	2022-06-22 08:57:12	2022-11-08 03:41:46
BE22002685	12	1	그래, 걱정되는 마음에 혼자 힘들어하지 않고 병원 먼저 예약한 거 정말 잘한 거야. 전문가가 보고 제대로 이야기해줄 거야.	N	2022-06-22 08:57:12	2022-11-08 03:41:46
BE22002685	13	0	공감화자야, 그렇게 말해줘서 고마워. 네 말 들으니 마음의 짐이 하나 줄어든 거 같아.	N	2022-06-22 08:57:12	2022-11-08 03:41:46
BE22002685	14	1	그랬다면 다행이고. 난 아직 네가 탈모라고 느끼지도 못했어. 괜찮을 거야.	Y	2022-06-22 08:57:12	2022-11-08 03:41:46
