id	utterance_id	utterance_type	utterance_text	terminate	regDate	updDate
BE22003864	1	0	대기업에 이력서를 제출했어. 고민을 많이 해봤는데 그냥 충동적으로 내 버렸지 뭐야.	N	2022-06-26 10:48:24	2022-11-08 03:49:18
BE22003864	2	1	그때 고민하던 회사 말이니? 네가 생각을 참 많이 했을 것 같아. 그래도 실천에 옮긴 것 정말 축하해.	N	2022-06-26 10:48:24	2022-11-08 03:49:18
BE22003864	3	0	그런데 걱정이 좀 있어. 내가 만약 서류를 내더라도 이후 면접에서 잘할지 잘 모르겠어. 앞으로의 과정에 자신이 없어.	N	2022-06-26 10:48:24	2022-11-08 03:49:18
BE22003864	4	1	일단 서류를 제출하고 지원해보는 것 자체가 너한테 도움이 될 것이라고 생각해. 만약 면접에서 떨어져도 너에게는 큰 경험이 될 거야.	N	2022-06-26 10:48:24	2022-11-08 03:49:18
BE22003864	5	0	만약 서류에서 떨어지면 어떡하지? 자신감이 하락하지 않을까?	N	2022-06-26 10:48:24	2022-11-08 03:49:18
BE22003864	6	1	서류에서 떨어지더라도, 너에게는 좋은 경험이 될 수 있을 거야. 혹시 알아? 서류전형에 합격해서 면접에 응시할 수 있잖아.	N	2022-06-26 10:48:24	2022-11-08 03:49:18
BE22003864	7	0	내가 오랜 기간 백수로 살아와서 그런지 괜히 별것도 아닌 일에 예민해지네.	N	2022-06-26 10:48:24	2022-11-08 03:49:18
BE22003864	8	1	나도 오랫동안 실직을 했었잖아. 그때 다시 구직을 하는 시기에 자신감이 너무 하락해서 힘든 시기가 있었어. 그래서 네가 얼마나 스트레스를 받을지 충분히 공감이 돼.	N	2022-06-26 10:48:24	2022-11-08 03:49:18
BE22003864	9	0	네가 내 입장에서 공감을 해주니 기분이 조금 나아지네. 내가 앞으로 어떤 마음 가짐으로 대기업 취업에 임해야 할까?	N	2022-06-26 10:48:24	2022-11-08 03:49:18
BE22003864	10	1	무조건 할 수 있다는 마음을 먹는 게 중요한 것 같아. 너 원래 자신감도 넘치고 뭘 해도 잘하는 아이였잖아. 주눅들지 말고 네가 최고라고 생각해보는 게 어때?	N	2022-06-26 10:48:24	2022-11-08 03:49:18
BE22003864	11	0	나도 그렇게 생각하면 좋겠어. 대기업에 취업해서 하루빨리 떳떳한 사람이 되고 싶어.	N	2022-06-26 10:48:24	2022-11-08 03:49:18
BE22003864	12	1	넌 분명히 할 수 있을 거야. 내가 본 너는 의지력도 대단하고 능력도 출중한 아이였거든. 네가 긍정적인 생각만 한다면 좋은 결과가 있을 거야.	N	2022-06-26 10:48:24	2022-11-08 03:49:18
BE22003864	13	0	네가 그렇게 말해주니 용기가 생기네. 항상 긍정적인 생각만 할 수 있도록 노력해 볼게.	N	2022-06-26 10:48:24	2022-11-08 03:49:18
BE22003864	14	1	너의 성공을 진심으로 응원할게, 친구야.	N	2022-06-26 10:48:24	2022-11-08 03:49:18
BE22003864	15	0	취업하면 꼭 밥 한번 살게. 고마워.	Y	2022-06-26 10:48:24	2022-11-08 03:49:18
