id	utterance_id	utterance_type	utterance_text	terminate	regDate	updDate
BE22003543	1	0	집에서는 공부가 잘되지 않아서 걱정이야. 친구들에게 뒤질까봐 불안해.	N	2022-06-25 04:12:08	2022-11-08 03:47:13
BE22003543	2	1	그래, 아무래도 집은 신경이 많이 쓰이잖아. 가족들도 있고 편안해서 공부가 잘 안 될 거야.	N	2022-06-25 04:12:08	2022-11-08 03:47:13
BE22003543	3	0	그래서 고민이 많아. 도서관에서 공부해볼까. 여럿이 공부하면 안심도 되고 덜 불안할 거 같아.	N	2022-06-25 04:12:08	2022-11-08 03:47:13
BE22003543	4	1	그것도 좋은 방법이다. 여러 명이 공부하면 경쟁도 되고 의욕도 생기고 우선 불안감이 해소될 거야.	N	2022-06-25 04:12:08	2022-11-08 03:47:13
BE22003543	5	0	어느 도서관이 좋을까? 학교는 친구들도 있고 시끄럽고 우리 동네 독서실에 등록을 할까.	N	2022-06-25 04:12:08	2022-11-08 03:47:13
BE22003543	6	1	집에서 가까운 곳이 좋지 않을까. 밤늦게 다니려면 가까운 곳이 부모님의 걱정을 덜어드리지 않겠어.	N	2022-06-25 04:12:08	2022-11-08 03:47:13
BE22003543	7	0	그래야겠다. 집에서 공부가 잘 안 된다고 하면 부모님들이 걱정하셔. 성적이 떨어질까 봐.	N	2022-06-25 04:12:08	2022-11-08 03:47:13
BE22003543	8	1	입시생들을 둔 부모님들은 얼마나 불안하시겠어. 시험도 얼마 남지 않았는데, 당연히 걱정하시지.	N	2022-06-25 04:12:08	2022-11-08 03:47:13
BE22003543	9	0	어떤 친구는 집에서 공부하면 더 잘된다고 해. 나는 왜 집에서는 공부가 안될까. 시험도 얼마 남지 않았는데 너무 불안해.	N	2022-06-25 04:12:08	2022-11-08 03:47:13
BE22003543	10	1	너무 걱정하지 마. 그동안 열심히 했잖아. 그 정도면 네가 원하던 학교에 갈 수 있을 거야. 뭐가 불안해.	N	2022-06-25 04:12:08	2022-11-08 03:47:13
BE22003543	11	0	며칠 전 집에서 공부하는데 금방 잠이 오는 거야. 조금만 자고 일어나야지 하면서 계속 자 버린 거야.	N	2022-06-25 04:12:08	2022-11-08 03:47:13
BE22003543	12	1	집에서는 그럴 수밖에 없어. 너무 편하니까 그런 거야. 집에서는 아무래도 공부에 집중하기가 쉽지 않아.	N	2022-06-25 04:12:08	2022-11-08 03:47:13
BE22003543	13	0	그렇게 말해주니 너무 고마워. 불안했던 마음이 진정이 돼. 가까운 동네 독서실을 찾아봐야겠다.	N	2022-06-25 04:12:08	2022-11-08 03:47:13
BE22003543	14	1	그렇게 하는 것이 좋겠다. 집에서 가깝고 조용한 곳이면 좋겠지. 부모님의 걱정을 덜어드릴 수도 있고.	N	2022-06-25 04:12:08	2022-11-08 03:47:13
BE22003543	15	0	며칠 전 우리 동네 상가 옆에 있는 독서실을 봤어. 독립된 건물이라 조용해 보였어.	Y	2022-06-25 04:12:08	2022-11-08 03:47:13
