id	utterance_id	utterance_type	utterance_text	terminate	regDate	updDate
BE22002936	1	0	너의 엄마는 요즘 건강하시지?	N	2022-06-23 07:11:16	2022-11-08 03:43:22
BE22002936	2	1	뭐 특별하게 어디 불편하신 데는 없는 거 같아. 왜, 너의 엄마 어디 편찮으시니?	N	2022-06-23 07:11:16	2022-11-08 03:43:22
BE22002936	3	0	크게 아프신 데는 없는데 변비가 좀 심하셔. 보름이 되도록 화장실을 못 가시니 그게 너무 걱정 된다.	N	2022-06-23 07:11:16	2022-11-08 03:43:22
BE22002936	4	1	보름이면 네가 걱정할 만하다. 나이 드신 어른들은 가벼운 증세도 쉽게 넘길 일이 아니거든. 그거 때문에 괜히 심란하겠다.	N	2022-06-23 07:11:16	2022-11-08 03:43:22
BE22002936	5	0	진짜 그래. 저녁에 집에 오면 화장실 가셨는지 그걸 확인하는 게 일과라니까.	N	2022-06-23 07:11:16	2022-11-08 03:43:22
BE22002936	6	1	걱정하고 확인만 할 게 아니라 더 적극적인 방법을 시도해 보는 건 어때?	N	2022-06-23 07:11:16	2022-11-08 03:43:22
BE22002936	7	0	변비를 낫게 하는 무슨 좋은 방법이 있어?	N	2022-06-23 07:11:16	2022-11-08 03:43:22
BE22002936	8	1	일단 물을 많이 마시고, 매일 30분 이상 걸으시고, 섬유질이 많이 든 음식을 드시게 해. 그래도 안 되면 병원에 가는 것도 한 방법이지.	N	2022-06-23 07:11:16	2022-11-08 03:43:22
BE22002936	9	0	우리 엄마는 네가 방금 말한 그 모든 행동을 싫어하셔. 내가 아무리 말해도 들은 척을 안 하신단다. 그러니 내가 이렇게 걱정을 하는 거 아냐.	N	2022-06-23 07:11:16	2022-11-08 03:43:22
BE22002936	10	1	그래, 그 마음 내가 알지. 우리 엄마도 변비 때문에 한동안 고생하셨거든. 엄마 변비 때문에 속 끓이는 걸 내가 아니면 누가 알아주겠니?	N	2022-06-23 07:11:16	2022-11-08 03:43:22
BE22002936	11	0	너도 같은 일을 겪었다니 반갑다. 그래서 너의 엄마는 지금 어떠신데?	N	2022-06-23 07:11:16	2022-11-08 03:43:22
BE22002936	12	1	우리 엄마는 요즘 위에 말한 거 다 실천하고 계셔. 덕분에 변비 증세도 없어지고, 나보다 오히려 쌩쌩하시단다.	N	2022-06-23 07:11:16	2022-11-08 03:43:23
BE22002936	13	0	오, 정말 다행이다. 근데 우리 엄마는 아직 심각한 걸 모르시니 그게 더 걱정이야. 변비 그까짓 게 뭔 대수냐고 큰소리 뻥뻥 치신다.	N	2022-06-23 07:11:16	2022-11-08 03:43:23
BE22002936	14	1	그게 반대로 생각하면 변비 외에 다른 문제가 없다는 뜻일 수도 있으니 너무 걱정 마. 몸에 이상이 있으면 사실 본인이 가장 먼저 알게 되잖아?	N	2022-06-23 07:11:16	2022-11-08 03:43:23
BE22002936	15	0	듣고 보니 그런 거 같기도 하네. 하긴, 변비 외에는 다른 문제가 아직 없기는 해. 그래도 건강을 위해 위에서 말한 방법을 적극적으로 권해야겠다. 충고 고맙다.	Y	2022-06-23 07:11:16	2022-11-08 03:43:23
