id	utterance_id	utterance_type	utterance_text	terminate	regDate	updDate
BE22004864	1	0	우리 부모님 때문에 너무 걱정돼.	N	2022-06-28 15:59:10	2022-11-08 03:55:41
BE22004864	2	1	무슨 일이야? 부모님께 무슨 일이 생겼어?	N	2022-06-28 15:59:10	2022-11-08 03:55:41
BE22004864	3	0	아니. 그런 건 아니고. 어제 동생이 집에 들어오지 않았는데, 부모님이 신경을 별로 쓰지 않으시는 것 같게 느껴져.	N	2022-06-28 15:59:10	2022-11-08 03:55:41
BE22004864	4	1	어머니, 아버지와 동생이 싸웠어? 겉으로는 그리 보여도 걱정하실 거야. 그런데, 나는 네가 더 걱정하는 것으로 보여.	N	2022-06-28 15:59:10	2022-11-08 03:55:41
BE22004864	5	0	응. 부모님은 동생이 엇나갈수록 오히려 나를 더 챙기셔서 내가 어떻게 해야 할지를 모르겠어. 그걸 동생도 알고 있어.	N	2022-06-28 15:59:10	2022-11-08 03:55:41
BE22004864	6	1	저런, 너에게 관심을 더 쏟으시니 네가 부담스럽구나.	N	2022-06-28 15:59:10	2022-11-08 03:55:41
BE22004864	7	0	그리고, 동생이 부모님의 편애 때문에 상처받을까봐 두려워.	N	2022-06-28 15:59:10	2022-11-08 03:55:41
BE22004864	8	1	네가 동생보다 공부도 잘하고 부모님 뜻도 잘 따르니 그분들의 기대가 크신 거지. 거기에 비해 동생은 부모님과 갈등이 더 큰 거고. 그러니 네가 중간에서 더 곤란하겠구나.	N	2022-06-28 15:59:10	2022-11-08 03:55:41
BE22004864	9	0	응. 몹시 곤란하고 굉장히 걱정이 돼. 그리고, 동생이 나 때문에 부모님을 뺏겼다고 할까봐.	N	2022-06-28 15:59:10	2022-11-08 03:55:41
BE22004864	10	1	그렇구나. 네가 엄마 아빠를 뺏었다고 동생이 원망하면 어쩌나 불안한 거구나.	N	2022-06-28 15:59:10	2022-11-08 03:55:41
BE22004864	11	0	동생은 자신이 사랑받지 못한다고 느껴. 그건 나도 마찬가지거든. 사랑받는다기보다 기대받는 거라고 해야 하나.	N	2022-06-28 15:59:10	2022-11-08 03:55:41
BE22004864	12	1	부모님이 기대하시는 데 미치지 못하면 어떡하나 하고 걱정도 되지. 부모님과 이야기를 나눠보면 네 마음이 좀 가벼울 텐데.	N	2022-06-28 15:59:10	2022-11-08 03:55:41
BE22004864	13	0	내 이야기를 들어주실까? 그렇다면 내일 아침, 이야기를 좀 해봐야겠어.	N	2022-06-28 15:59:10	2022-11-08 03:55:41
BE22004864	14	1	그래, 그쪽이 더 마음이 편해질 수 있을 거야. 잘 해낼 수 있을 거야.	N	2022-06-28 15:59:10	2022-11-08 03:55:41
BE22004864	15	0	그래야겠어. 동생을 걱정하면 뭐라도 해야지. 나를 위해서라도.	Y	2022-06-28 15:59:10	2022-11-08 03:55:41
