id	utterance_id	utterance_type	utterance_text	terminate	regDate	updDate
BE22002870	1	0	하... 집에만 오면 너무 숨이 차.	N	2022-06-23 04:26:05	2022-11-08 03:42:57
BE22002870	2	1	지금 집에 들어간 거야?	N	2022-06-23 04:26:05	2022-11-08 03:42:57
BE22002870	3	0	응, 가뜩이나 골목길이 어두워서 무서웠는데 누가 따라올까 봐 빠른 걸음으로 걷느라 너무 힘드네.	N	2022-06-23 04:26:05	2022-11-08 03:42:57
BE22002870	4	1	에고... 내가 저번에 너희 집 가봐서 알잖아. 낮에도 너무 한적해서 걱정되더니. 밤에는 더 무섭겠다.	N	2022-06-23 04:26:05	2022-11-08 03:42:57
BE22002870	5	0	응... 내가 이 집을 선택해서 이사 온 게 아니니까. 감수하고 다니는데 이렇게 늦은 밤에는 더 무서워서 불안해.	N	2022-06-23 04:26:05	2022-11-08 03:42:57
BE22002870	6	1	충분히 이해돼. 여자 혼자 어두운 골목길은 범죄 대상이 되기 쉬우니까, 가뜩이나 겁이 많은 너니까 더더욱 불안하겠지.	N	2022-06-23 04:26:05	2022-11-08 03:42:57
BE22002870	7	0	응, 이어폰도 안 꽂고 빠른 걸음으로 걷는데 그래도 누가 따라오거나 반대편에서 걸어올 때가 있어. 그때는 쿵하고 심장이 내려앉아.	N	2022-06-23 04:26:05	2022-11-08 03:42:57
BE22002870	8	1	매일 그렇게 걸어가는 거야? 귀갓길에 그렇게 긴장하고 집에 가면 집 들어가면 정말 녹초가 되겠다.	N	2022-06-23 04:26:05	2022-11-08 03:42:57
BE22002870	9	0	응, 빨리 걷느라 그리고 긴장해서 완전 땀 범벅에 근육통까지 올 때도 있다니까... 어휴.	N	2022-06-23 04:26:05	2022-11-08 03:42:57
BE22002870	10	1	고생이 이만저만이 아니네. 여성 안심 귀가 서비스라고 들어봤어? 평일 심야 시간 귀가하는 여성들을 위해 주거지까지 동행해주는 서비스가 있대.	N	2022-06-23 04:26:05	2022-11-08 03:42:57
BE22002870	11	0	그런 서비스가 있구나. 딱 나를 위한 서비스인데? 어쩔 수 없이 야근 때문에 늦게 들어오는 날이 많으니까.	N	2022-06-23 04:26:05	2022-11-08 03:42:57
BE22002870	12	1	그렇지. 우리 집은 골목에 없으니 들어는 봤는데 이용은 안 해봤거든. 지금 너에게 딱 필요할 것 같아.	N	2022-06-23 04:26:05	2022-11-08 03:42:57
BE22002870	13	0	응, 다음에는 한번 이용해봐야겠다. 고마워 나를 그렇게 생각해줘서.	N	2022-06-23 04:26:05	2022-11-08 03:42:57
BE22002870	14	1	무슨 소리야, 친구끼리 당연하지. 네 불안감이 나로 인해 조금이나마 해소된다면 난 정말 기쁠 것 같아.	Y	2022-06-23 04:26:05	2022-11-08 03:42:57
