id	utterance_id	utterance_type	utterance_text	terminate	regDate	updDate
BE22004644	1	0	나 지금 퇴근해서 집 가는 길인데 너무 무서워.	N	2022-06-28 09:23:03	2022-11-08 03:54:17
BE22004644	2	1	어디길래 그래? 걱정돼.	N	2022-06-28 09:23:03	2022-11-08 03:54:17
BE22004644	3	0	집에서 제일 가까운 버스정류장에서 내려서 걸어가는 중이야. 오늘따라 더 어둡고 조용해서 불안해.	N	2022-06-28 09:23:03	2022-11-08 03:54:17
BE22004644	4	1	저번에도 이런 적 있지 않았어? 너가 회사 퇴근할 때 다니는 그 길 평소에도 어둡고 한적하잖아. 저번에 보니 저녁에는 사람이 한 명도 보이지 않던데. 정말 무섭겠다.	N	2022-06-28 09:23:03	2022-11-08 03:54:17
BE22004644	5	0	응. 원래는 가로등이라도 있어서 좀 괜찮았는데 얼마 전에 가로등마저 고장났지 뭐야. 지금은 손전등을 켜야 앞을 볼 수 있을 정도야. 주변에 사람들이 없는 것 같아서 무슨 일이 있을까 봐 불안해.	N	2022-06-28 09:23:03	2022-11-08 03:54:17
BE22004644	6	1	너가 원래도 어두운 걸 정말 무서워하잖아. 그래서 잘 때도 작은 조명을 켜두고 자는 너인데 네가 지금 얼마나 무서울까 걱정돼. 그런 곳에 혼자 있는 것 같다니 너무 두렵겠다.	N	2022-06-28 09:23:03	2022-11-08 03:54:17
BE22004644	7	0	오늘따라 등골이 서늘한 것 같아. 자꾸만 뒤를 돌아보게 돼. 이대로 집에 잘 귀가할 수 있을까?	N	2022-06-28 09:23:03	2022-11-08 03:54:17
BE22004644	8	1	나도 그런 기분을 느낀 적이 있어서 지금 네가 어떤 심정인지 잘 알아. 심지어 저번에도 그 골목길에 이상한 사람이 나타난 적 있다며? 그러니 이렇게 무서워하는 네 마음이 더더욱 이해가 돼.	N	2022-06-28 09:23:03	2022-11-08 03:54:17
BE22004644	9	0	응. 게다가 오늘은 남자 친구도 야간근무 때문에 나를 데리러 오지 못한대. 평소에는 남자 친구가 데리러 와줘서 조금이나마 괜찮았는데. 근처에 날 도와줄 수 있는 사람이 아무도 없다는 생각에 더 두려워.	N	2022-06-28 09:23:03	2022-11-08 03:54:17
BE22004644	10	1	나였어도 그렇게 어두운 골목에 혼자 있으면 정말 무서울 것 같아. 그런데 옆집에 사는 언니와 가깝게 지내는 사이라고 하지 않았어? 그 분에게라도 도움을 요청해보는 건 어때?	N	2022-06-28 09:23:03	2022-11-08 03:54:17
BE22004644	11	0	친하게 지내긴 하지만 이렇게 갑작스럽게 연락을 할 정도로 편한 사이는 아니야. 지금 많이 늦은 저녁인데 불쾌하게 생각하지 않을까?	N	2022-06-28 09:23:03	2022-11-08 03:54:17
BE22004644	12	1	너의 안전이 가장 중요하잖아. 지금처럼 불안할 때는 그런 조치라도 취하는 게 우선일 것 같아. 너가 얼른 도움을 받아서 안전하게 귀가했으면 좋겠어. 연락해 봐.	N	2022-06-28 09:23:03	2022-11-08 03:54:17
BE22004644	13	0	그래. 네 말이 맞아. 일단 내 안전을 지키는 게 중요하니까 지금 바로 연락해봐야겠다. 아무에게도 도움을 요청할 수 없다는 생각에 더 불안했는데 이런 방법이 있었네. 정말 다행이다.	N	2022-06-28 09:23:03	2022-11-08 03:54:18
BE22004644	14	1	그 언니께서 꼭 너를 도와줬으면 좋겠다. 그리고 무슨 일 있거나 무서우면 언제든지 나한테 전화해.	N	2022-06-28 09:23:03	2022-11-08 03:54:18
BE22004644	15	0	정말 고마워. 너 덕분에 마음이 많이 놓인다. 넌 정말 든든한 친구인 것 같아.	Y	2022-06-28 09:23:03	2022-11-08 03:54:18
