id	utterance_id	utterance_type	utterance_text	terminate	regDate	updDate
BE22002673	1	0	너는 요즘 남자 친구랑 사이가 어때?	N	2022-06-22 08:17:26	2022-11-08 03:41:41
BE22002673	2	1	잘 지내고 있어. 그런데 갑자기 무슨 일이야? 남자 친구랑 싸웠어?	N	2022-06-22 08:17:26	2022-11-08 03:41:41
BE22002673	3	0	아니 싸우진 않았는데 남자 친구가 좀 답답한 부분이 있어서. 우리는 성향이 좀 잘 안 맞나 봐.	N	2022-06-22 08:17:26	2022-11-08 03:41:41
BE22002673	4	1	왜? 그동안은 성실하고 착하다고 칭찬 많이 했잖아.	N	2022-06-22 08:17:26	2022-11-08 03:41:41
BE22002673	5	0	응, 다른 건 정말 다 좋아. 다만 정말 매일같이 퇴근 후에 전화를 하는데 요즘은 그게 좀 답답하게 느껴지더라고. 그리고 가끔 퇴근 후 다른 일이 있으면 못 받을 수도 있는데, 그때마다 엄청 토라져.	N	2022-06-22 08:17:26	2022-11-08 03:41:41
BE22002673	6	1	나도 사정이 있는데, 남자 친구가 그건 고려하지 않고 기분 나빠하면 답답할 수 있을 것 같아.	N	2022-06-22 08:17:26	2022-11-08 03:41:41
BE22002673	7	0	그렇지? 그래서 처음엔 로맨틱하고 자상하다고 생각해서 좋았는데, 요즘엔 퇴근 후 전화벨이 울리면 조금 스트레스 받아.	N	2022-06-22 08:17:26	2022-11-08 03:41:41
BE22002673	8	1	스트레스까지 받을 정도라면 좀 심각한데? 남자 친구한테 얘기는 해 봤어?	N	2022-06-22 08:17:26	2022-11-08 03:41:41
BE22002673	9	0	직접적으로 해 본 적은 없어. 그냥 넌지시 퇴근 후 매일 전화하는 거 힘들지 않느냐고 물어봤거든? 그랬더니 자기는 하나도 안 힘들고, 꼭 매일 전화를 해야 하루가 끝난 것 같대.	N	2022-06-22 08:17:26	2022-11-08 03:41:41
BE22002673	10	1	한번 진지하게 남자 친구랑 대화를 해봐야 할 것 같아. 계속 마음에 담아두면서 불편해 하다가 언젠가 감정이 터지는 것보단 낫잖아.	N	2022-06-22 08:17:26	2022-11-08 03:41:41
BE22002673	11	0	그래도 될까? 다른 사람들은 남자 친구가 연락을 잘 안 해서 고민이잖아. 나는 내가 배부른 고민을 하고 있는 것 같아서 털어놓기도 좀 그래.	N	2022-06-22 08:17:26	2022-11-08 03:41:41
BE22002673	12	1	사람마다 상황과 성향이 다르니 고민도 제각각 다른 거지. 네가 힘든 기분이 드는 건 사실이잖아.	N	2022-06-22 08:17:26	2022-11-08 03:41:41
BE22002673	13	0	맞아. 그래도 너는 내 기분 이해해 줘서 다행이야. 사실 남들은 이해하지 못할 것 같아서 누구한테도 털어놓지 못했거든.	N	2022-06-22 08:17:26	2022-11-08 03:41:41
BE22002673	14	1	남자 친구도 네 마음 이해해 줄 거야. 솔직히 말하고 얘기하다 보면 둘 다 만족스러운 방법을 찾을 수 있을 거라고 생각해.	N	2022-06-22 08:17:26	2022-11-08 03:41:41
BE22002673	15	0	그래 네 말 들으니 한번 대화를 시도해 봐야겠다는 생각이 든다. 얘기 들어 줘서 고마워.	Y	2022-06-22 08:17:26	2022-11-08 03:41:41
