id	utterance_id	utterance_type	utterance_text	terminate	regDate	updDate
BE22005064	1	0	오늘 이직한 회사에 첫 출근을 했어. 갑자기 이직을 해서 그런지 분위기가 낯설어. 내가 잘할 수 있을지 조금 걱정스러워.	N	2022-06-29 06:44:09	2022-11-08 03:56:59
BE22005064	2	1	원래 환경이 바뀌면 적응하는 데에 시간이 좀 필요하대잖아. 네가 오늘 첫 출근이라서 그럴 거야. 회사 사람들은 어땠어?	N	2022-06-29 06:44:09	2022-11-08 03:56:59
BE22005064	3	0	아직까지는 잘 모르겠지만 착한 분들이신 것 같아. 그렇지만 첫 출근이라 그런지 많이 어색해. 어떻게 하면 친해질 수 있을까?	N	2022-06-29 06:44:09	2022-11-08 03:56:59
BE22005064	4	1	네가 처음 회사 사람들을 뵙느라 어색했겠다. 그렇지만 너가 친해지려고 굳이 노력하지 않아도 시간이 지나면 자연스레 해결될 문제라고 생각해. 업무에 대해 이야기도 나누고 회사 이야기도 하면서 말이지. 너무 걱정 마.	N	2022-06-29 06:44:09	2022-11-08 03:56:59
BE22005064	5	0	그렇게 말해줘서 고마워. 너도 알다시피 내가 좀 낯을 가리는 편이잖아. 그래서 조금 걱정을 했던 것 같아.	N	2022-06-29 06:44:09	2022-11-08 03:56:59
BE22005064	6	1	네가 처음에는 낯을 가리긴 하지만 조금 시간이 지나고 친해지면 누구보다도 활발하잖아? 너에게 안정이 찾아오면 너의 본 모습을 되찾을 수 있을 거야. 너무 걱정 마.	N	2022-06-29 06:44:09	2022-11-08 03:56:59
BE22005064	7	0	알겠어. 내가 이 회사에서 일을 잘할 수 있을까? 걱정이 이만저만이 아니네.	N	2022-06-29 06:44:09	2022-11-08 03:56:59
BE22005064	8	1	나 같아도 이직한 날 첫 출근을 하고 오면 걱정스럽기도 하고 기분이 싱숭생숭 하기도 할 것 같아. 하지만 너는 어딜 가든 적응력이 뛰어나고 지금 회사도 스카우트 제의를 받아서 간 거잖아. 분명 너의 역량을 발휘할 수 있는 날이 올 거니까 너무 걱정하지 마.	N	2022-06-29 06:44:09	2022-11-08 03:56:59
BE22005064	9	0	그렇게 말해줘서 고마워. 앞으로 이곳에서 일을 잘해서 내년에 연봉 협상도 잘되었으면 좋겠어.	N	2022-06-29 06:44:09	2022-11-08 03:56:59
BE22005064	10	1	너는 워낙 업무처리 능력이 뛰어나잖아. 그러니까 지금 회사도 너를 스카우트까지 해서 데리고 온 거고. 너는 분명 그 회사에서 잘 해낼 거야. 난 확신해.	N	2022-06-29 06:44:09	2022-11-08 03:56:59
BE22005064	11	0	그렇게 말해주니 몸 둘 바를 모르겠다. 최선을 다해볼게.	N	2022-06-29 06:44:09	2022-11-08 03:56:59
BE22005064	12	1	네가 이직을 한 만큼 새로운 마음으로 너무 부담 갖지 않고 일을 했으면 좋겠어. 너의 회사 생활을 응원할게.	N	2022-06-29 06:44:09	2022-11-08 03:56:59
BE22005064	13	0	고마워. 역시 내 마음 알아주는 건 너밖에 없다.	N	2022-06-29 06:44:09	2022-11-08 03:56:59
BE22005064	14	1	회사 첫 출근이라 긴장을 많이 해서 오늘 피곤하겠다. 내일을 위해서 푹 쉬길 바래.	N	2022-06-29 06:44:09	2022-11-08 03:56:59
BE22005064	15	0	고마워. 그렇게 할게. 우리 같이 힘내자.	Y	2022-06-29 06:44:09	2022-11-08 03:56:59
