id	utterance_id	utterance_type	utterance_text	terminate	regDate	updDate
BE22003545	1	0	내일 시간 되면 같이 옷 쇼핑하러 갈래?	N	2022-06-25 04:19:53	2022-11-08 03:47:14
BE22003545	2	1	오랜만에 너무 좋지! 여름 맞이 옷 쇼핑이야?	N	2022-06-25 04:19:53	2022-11-08 03:47:14
BE22003545	3	0	그것도 그렇고 여름 하객 원피스가 딱히 없는 것 같아서 하객룩 보러 가려고. 당장 다음 주에 직장동료가 결혼을 하거든. 뭘 입어야 할지 모르겠네.	N	2022-06-25 04:19:53	2022-11-08 03:47:14
BE22003545	4	1	그렇구나, 요즘 진짜 결혼 시즌이긴 한가 보다. 나도 지난주에 결혼식 다녀왔거든. 코로나도 점차 나아지고 계절도 좋아서 결혼식 하기 좋긴 할 것 같아.	N	2022-06-25 04:19:53	2022-11-08 03:47:14
BE22003545	5	0	그치, 요즘 결혼 정말 많이 하더라고. 나 빼고 다 하는 것 같아. 심지어 다음 주에 결혼한다는 직장동료는 나보다 훨씬 어려.	N	2022-06-25 04:19:53	2022-11-08 03:47:14
BE22003545	6	1	그럼 꽤 어릴 텐데 벌써 결혼하는구나. 상대방을 잘 만났나 보다.	N	2022-06-25 04:19:53	2022-11-08 03:47:14
BE22003545	7	0	그러니까. 이러다가 나만 노처녀 되는 거 아닌가 몰라. 그래서 요즘 결혼식 가는 게 마냥 즐겁지가 않아. 주변 사람들이 다 결혼하니까 마음이 너무 불안한 거 있지?	N	2022-06-25 04:19:53	2022-11-08 03:47:14
BE22003545	8	1	그 마음이 뭔지 잘 알지. 나도 너랑 나이가 같잖아. 매년 봄, 가을쯤 결혼식 많이 다니다 보면 그 생각이 꼭 나더라고.	N	2022-06-25 04:19:53	2022-11-08 03:47:14
BE22003545	9	0	나만 그런 거 아니구나. 다들 어디서 그렇게 짝을 잘 만나는 걸까. 내 짝은 어디 있는 거지? 있긴 하겠지?	N	2022-06-25 04:19:53	2022-11-08 03:47:14
BE22003545	10	1	우리 또래 독신 여자들이면 대부분 그럴 거야. 자발적으로 미혼을 선택하지 않는 한 숙제일 수밖에 없는 것 같아. 너무 조급해하지 않아도 될 것 같아.	N	2022-06-25 04:19:53	2022-11-08 03:47:14
BE22003545	11	0	나도 원래 이렇게 조급하지 않았거든. 근데 언제 좋은 사람을 만나서, 연애를 해서, 결혼 준비를 하지? 그리고 애는 언제 낳지 생각하니까 마음이 급해지더라고.	N	2022-06-25 04:19:53	2022-11-08 03:47:14
BE22003545	12	1	나도 작년까진 엄청 조급하고 불안했거든. 근데 괜히 그런 마음에 결혼했다가 실패하면 그게 더 큰일이잖아. 너도 그렇게 생각하고 마음을 조금 여유롭게 가지는 건 어때?	N	2022-06-25 04:19:53	2022-11-08 03:47:14
BE22003545	13	0	그건 그렇지. 주변에 그런 경우가 없는 것도 아니고. 시기보다는 사람이 중요한 문제니까.	N	2022-06-25 04:19:53	2022-11-08 03:47:14
BE22003545	14	1	그럼! 그게 백번 맞는 말이지. 그러니까 너무 불안해하지 말고 기쁜 마음으로 축복해 주자.	N	2022-06-25 04:19:53	2022-11-08 03:47:14
BE22003545	15	0	그러게, 네 말대로 온전히 축복하는 마음으로 다녀와야겠다. 다시 생각하게 해줘서 고마워.	N	2022-06-25 04:19:53	2022-11-08 03:47:14
BE22003545	16	1	그렇게 착한 마음먹고 있으면 선물처럼 좋은 사람도 나타날 거야. 힘내자!	Y	2022-06-25 04:19:53	2022-11-08 03:47:14
