id	utterance_id	utterance_type	utterance_text	terminate	regDate	updDate
BE22004340	1	0	오늘 퇴근길에 지하철을 타고 왔는데 나도 모르게 서서 잠을 잘 뻔했지 뭐야. 너무 피곤하고 졸려서 오는 내내 정말 힘들었어.	N	2022-06-27 14:42:29	2022-11-08 03:52:19
BE22004340	2	1	요즘 회사에서 할 일이 많니? 네가 피로를 호소하는 날이 늘은 것 같아.	N	2022-06-27 14:42:29	2022-11-08 03:52:19
BE22004340	3	0	요즘 과도한 업무량 때문에 매일 야근을 하느라고 잠을 제대로 이룰 수 없어. 나는 정말 잠이 많은 편인데 일 때문에 이런 상황이 되니 너무 스트레스받아.	N	2022-06-27 14:42:29	2022-11-08 03:52:19
BE22004340	4	1	네가 일 때문에 잠을 푹 자지 못한다니 듣는 내가 다 마음이 아프구나. 너가 정말 정신적으로나 신체적으로나 너무 힘들었을 것 같아. 잠을 못 자면 정말 힘든데 말이야.	N	2022-06-27 14:42:29	2022-11-08 03:52:19
BE22004340	5	0	일을 해도해도 끝나질 않아. 이 상황을 어떻게 해야 할지 모르겠어. 그렇다고 당장 일을 그만둘 수도 없고 말이야.	N	2022-06-27 14:42:29	2022-11-08 03:52:19
BE22004340	6	1	네가 이러지도 저러지도 못하는 상황에 놓여서 정말 괴롭겠다. 끝나지 않은 일을 보면서 살아가는 것은 정말 괴로운 일이잖아.	N	2022-06-27 14:42:29	2022-11-08 03:52:19
BE22004340	7	0	이대로 가다가는 내 몸이 버티지 못할 수도 있겠어. 이렇게 살아가는 것이 맞을까?	N	2022-06-27 14:42:29	2022-11-08 03:52:19
BE22004340	8	1	내 생각에는 네가 비타민을 섭취하고 꾸준한 운동을 해서 너 자체의 체력을 올려야 할 것 같아. 너가 요즘 잘 챙겨 먹지도 못하잖아. 올바른 식습관과 비타민 섭취, 그리고 충분한 운동을 해야 근본적인 문제가 해결될 거야.	N	2022-06-27 14:42:29	2022-11-08 03:52:19
BE22004340	9	0	이렇게 피곤한데 운동을 할 수 있을까?	N	2022-06-27 14:42:29	2022-11-08 03:52:19
BE22004340	10	1	처음에는 너무 힘들겠지만, 시간이 지나면서 체력이 느는 너의 모습을 볼 수 있을 거야. 조금씩 늘려가면서 운동을 하면 분명 효과가 있을 거라고 생각해.	N	2022-06-27 14:42:29	2022-11-08 03:52:19
BE22004340	11	0	요즘 운동 부족에 대한 필요성을 느끼고 있었긴 한데, 너의 말을 들으니 하루빨리 시작해야겠다는 생각이 들어.	N	2022-06-27 14:42:29	2022-11-08 03:52:19
BE22004340	12	1	네가 힘들더라도 장기적인 미래를 위해서 조금만 노력한다면 분명 좋은 결과가 있을 거야. 건강이 좋아야 일의 효율도 높아지잖아. 분명 긍정적인 변화가 생길 것이라고 믿어.	N	2022-06-27 14:42:29	2022-11-08 03:52:19
BE22004340	13	0	요즘 그냥 막연하게 우울한 마음만 들었었는데, 너의 말을 들으니 의지가 생긴 것 같아. 지금부터라도 체력을 기르면 괜찮아지겠지?	N	2022-06-27 14:42:29	2022-11-08 03:52:19
BE22004340	14	1	당연하지. 내가 본 너는 정신력도 좋고 실천력도 뛰어난 사람이야. 매일 조금씩 운동하다보면 금방 체력을 기를 수 있을 거야.	N	2022-06-27 14:42:29	2022-11-08 03:52:19
BE22004340	15	0	고마워. 당장 운동을 시작해봐야겠다. 몸과 마음이 피로하니 요즘 너무 무기력했는데 네 말을 듣고 희망이 생겼어.	Y	2022-06-27 14:42:29	2022-11-08 03:52:19
