id	utterance_id	utterance_type	utterance_text	terminate	regDate	updDate
BE22003128	1	0	나 이번에 큰맘 먹고 큰 소비를 해버렸어.	N	2022-06-23 18:27:01	2022-11-08 03:44:35
BE22003128	2	1	오, 봄맞이 플렉스야? 뭐 샀는데?	N	2022-06-23 18:27:01	2022-11-08 03:44:35
BE22003128	3	0	동영상 공유 서비스 보다가 어쩌다 자전거에 빠져버려서. 봄에 타기도 딱 좋겠다 싶어서 부지런히 타보려고 자전거를 샀거든. 근데 생각해보니까 나 자전거를 못 타. 걱정돼.	N	2022-06-23 18:27:01	2022-11-08 03:44:36
BE22003128	4	1	일단은 자전거라는 물건 자체에 꽂혀서 사기는 샀는데, 자전거를 타본적이 없어서 걱정되는구나? 나 같아도 타본 적 없는 자전거를 대뜸 사버렸다면 조금 불안하고 걱정됐을 거 같아.	N	2022-06-23 18:27:01	2022-11-08 03:44:36
BE22003128	5	0	맞아. 사실 나 운동신경이 하나도 없거든. 그래서 자전거 타다가 크게 넘어질까봐 불안해서 아직 시도도 못해봤어. 나 너무 바보 같나.	N	2022-06-23 18:27:01	2022-11-08 03:44:36
BE22003128	6	1	에이. 무슨 그런 걸로 바보 같다는 생각을 해. 충분히 걱정되고 불안해할 수도 있다고 생각해서 네 기분 이해가. 나도 자전거 처음 탈 때 그랬던 거 같아!	N	2022-06-23 18:27:01	2022-11-08 03:44:36
BE22003128	7	0	응. 나 겁도 많잖아. 일단 시도를 해봐야 죽이 되든 밥이 되든 할 텐데 어떡하지. 내가 자전거를 마스터할 수 있을까.	N	2022-06-23 18:27:01	2022-11-08 03:44:36
BE22003128	8	1	친구야. 너는 내게 문자를 잘했단다. 나 자전거 동호회 활동하는 거 까먹고 있었지. 걱정하지 마. 네가 자전거를 능숙하게 탈 수 있게끔 도와줄게.	N	2022-06-23 18:27:01	2022-11-08 03:44:36
BE22003128	9	0	맞다. 내가 왜 그걸 까먹고 있었지? 너 매주 주말마다 동호회에서 라이딩 나가지! 네가 도와준다면야 나는 걱정이 없지.	N	2022-06-23 18:27:01	2022-11-08 03:44:36
BE22003128	10	1	최근 들어 네가 일이 바빠서 나랑 연락을 자주 안 하긴 했었어. 주말마다 라이딩 나가기는 하는데, 그 전이나 후에 도와줄 수 있을 거 같아!	N	2022-06-23 18:27:01	2022-11-08 03:44:36
BE22003128	11	0	정말? 그럼 진짜 너무 고마울 거 같아. 네 덕분에 올해 봄은 자전거 부지런히 탈 수 있겠다.	N	2022-06-23 18:27:01	2022-11-08 03:44:36
BE22003128	12	1	그래, 걱정하지 마. 이번 봄은 라이딩으로 확실하게 스트레스 풀 수 있게끔 도와줄게.	N	2022-06-23 18:27:01	2022-11-08 03:44:36
BE22003128	13	0	응. 고마워. 이대로 자전거 창고에 박히게 될까봐 많이 불안하고 걱정했는데. 네 덕분에 눈 녹듯 사라졌어.	N	2022-06-23 18:27:01	2022-11-08 03:44:36
BE22003128	14	1	다행이다. 대신 라이딩 가르쳐주는 값으로 밥 사줘야 해!	N	2022-06-23 18:27:01	2022-11-08 03:44:36
BE22003128	15	0	그건 당연하지! 당장 이번 주 주말부터 보자!	N	2022-06-23 18:27:01	2022-11-08 03:44:36
BE22003128	16	1	좋지. 각오하고 오라고! 내 수업은 혹독할 테니까.	Y	2022-06-23 18:27:01	2022-11-08 03:44:36
