id	utterance_id	utterance_type	utterance_text	terminate	regDate	updDate
BE22016913	1	0	누나, 결혼식 때 집사람한테서 받은 예물 시계를 회사에 두고 왔어요. 꽤 값나가는 거라 사람 손을 탈까 봐 불안하네요. 집사람이 알면 서운해할 텐데 그것도 걱정이에요.	N	2022-09-02 01:34:49	2022-11-08 05:12:12
BE22016913	2	1	아이고, 그냥 일반 시계도 아니고 결혼식 때 받은 거니 얼마나 신경이 쓰이겠니? 나라도 안절부절못했을 거 같아. 제발 무사히 네 손에 돌아와야 할 텐데 진짜 걱정이다.	N	2022-09-02 01:34:49	2022-11-08 05:12:12
BE22016913	3	0	집사람은 아직 눈치를 못 챘는데 혹시 알게 될까 봐 불안해요. 누나도 알다시피 우리 집사람 성격이 좀 예민하잖아요? 그것 때문에 오밤중에 시계 찾아오라고 난리를 칠까 봐 걱정이에요.	N	2022-09-02 01:34:49	2022-09-02 01:34:49
BE22016913	4	1	시계를 어디 밖에 둔 것도 아니고 회사에 있는 건데 그렇게까지 하겠니? 네 집사람이 성격이 예민해도 착하니까 네가 잘 말하면 이해할 거야. 그러니 너도 너무 불안해하지 말고 오늘 밤은 잘 잤으면 좋겠다.	N	2022-09-02 01:34:49	2022-11-08 05:12:12
BE22016913	5	0	내 잘못으로 부부 싸움이라도 하면 내가 너무 미안할 것 같아요. 시계가 잘 있는지 그것도 불안하고, 이래저래 오늘 밤은 잠자기 틀린 것 같아요.	N	2022-09-02 01:34:49	2022-09-02 01:34:49
BE22016913	6	1	잠을 잘못 자면 내일 일은 어떻게 하려고 그래? 아무리 그래도 물건보다는 건강이 우선이니까 마음을 내려놓고 그냥 잘 잤으면 좋겠어. 회사에 둔 게 확실하다면 없어지지는 않을 테니 너무 걱정하지 마.	N	2022-09-02 01:34:49	2022-11-08 05:12:12
BE22016913	7	0	사실은 회사에 둔 게 맞는지도 갑자기 헷갈려요. 제가 다른 데 벗어두고 회사라고 착각한 건 아닌가 싶어서 그게 제일 불안하네요. 회사 출입구에 보안이 걸려 있어서 들어가 볼 수도 없는데 정말 애가 마르네요.	N	2022-09-02 01:34:49	2022-09-02 01:34:49
BE22016913	8	1	원래 불안하면 별 의심이 다 드는 거야. 네가 처음에 회사에 둔 거라고 떠올렸으면 그게 맞을 테니 생각을 확장하지 않았으면 좋겠다. 괜히 사서 불안해하지 말고 마음을 편히 갖고 잠을 청하는 게 너를 위해서 좋겠어.	N	2022-09-02 01:34:49	2022-11-08 05:12:12
BE22016913	9	0	정말 그런 의심이 한 번 드니 꼬리에 꼬리를 물고 별생각이 다 드네요. 제가 문자 하느라 거실에 있으니 집사람이 이상한 눈으로 내다봐요. 차라리 솔직하게 털어놓을까 그런 생각도 드는데 누나 생각은 어떠세요?	N	2022-09-02 01:34:49	2022-11-08 05:12:12
BE22016913	10	1	올케에게 숨기는 게 그렇게 불편하면 털어놓는 것도 네 마음 안정에 도움이 될 것 같다. 솔직하게 말하면 올케도 이해해줄 거라 믿어. 혼자 속 끓이지 말고 그냥 얘기하고 마음이라도 편해졌으면 좋겠다.	N	2022-09-02 01:34:49	2022-11-08 05:12:12
BE22016913	11	0	생각해 보니 역시 말 안 하는 게 낫겠어요. 나만 속 썩으면 됐지 괜히 집사람까지 마음고생할 필요는 없는 것 같아요. 누나 말대로 시계는 사무실에 얌전히 있다 믿고 마음 편히 잠이야 자야겠어요.	N	2022-09-02 01:34:49	2022-11-08 05:12:12
BE22016913	12	1	네가 그렇게 마음먹었다니 나도 다행이라는 생각이 든다. 그 상황에서도 집사람 걱정하고, 솔직하게 얘기하려는 걸 보니 너는 정말 좋은 남편인 것 같다. 부부 사이는 그렇게 서로에게 솔직할 때 더 단단해지는 것 같아.	N	2022-09-02 01:34:49	2022-11-08 05:12:12
BE22016913	13	0	누나 말 듣고 마음이 좀 풀리는 것 같아요. 사실 시계 자체보다도 집사람이 어떻게 받아들일까가 제일 걱정이었거든요. 누나가 그렇게 말하니까, 혹시 잘못돼도 이해해주리라는 생각이 들었어요.	N	2022-09-02 01:34:49	2022-11-08 05:12:12
BE22016913	14	1	내가 아까도 말했지만, 네 집사람이 성격이 예민하긴 해도 근본은 착한 사람이야. 혹시 시계를 잃어버려도 그것 때문에 부부 사이가 틀어질 일은 없을 거야. 그리고 시계도 찾게 될 테니까 이제 마음을 푹 내려놓고 잠을 청하도록 해라.	N	2022-09-02 01:34:49	2022-11-08 05:12:12
BE22016913	15	0	누나가 열심히 다독여준 덕분에 제 마음이 거의 풀렸어요. 마음이 느긋해지니 시계는 회사에 있다는 확신이 들어서 안심이 됐어요. 이제 정말 자야겠어요. 누나, 고마워요.	Y	2022-09-02 01:34:49	2022-11-08 05:12:12
