id	utterance_id	utterance_type	utterance_text	terminate	regDate	updDate
BE22010191	1	0	동생아, 길고양이들 밥을 챙겨주고 있는데 한 달 동안 출장을 가야 할 것 같아. 내가 밥을 안 챙겨주면 길고양이들 굶을 거라서 걱정이 돼서 밤에 잠이 안 와.	N	2022-07-19 08:04:50	2022-11-08 04:30:01
BE22010191	2	1	걱정돼서 잠이 안 올 정도로 스트레스를 많이 받고 있다니 내가 다 속상하다. 요즘 형의 얼굴빛이 너무 어둡던 이유가 이거였구나. 나는 그것도 모르고 형의 마음도 헤아리지 못했어, 미안해.	N	2022-07-19 08:04:50	2022-11-08 04:30:01
BE22010191	3	0	부탁할 사람을 찾기가 어려워서 난감한 상황이야. 여기 동네에는 길고양이 챙겨주는 사람이 나밖에 없는 것 같아. 동네 커뮤니티 사이트에 글을 올려볼까 해.	N	2022-07-19 08:04:50	2022-11-08 04:30:01
BE22010191	4	1	정말 좋은 생각이다. 동네 커뮤니티라면 거리가 가까워서 밥 챙겨주기 어렵지 않을 테니까. 도와줄 사람이 금방 나타날 거니까 너무 스트레스를 받지 않는 게 좋아.	N	2022-07-19 08:04:50	2022-11-08 04:30:01
BE22010191	5	0	출장을 가는 게 확실한 사실이고 일정이 다가올수록 불안감이 커지고 있어. 고양이 밥 주는 그릇에 간식이 있던 적 있어서 금방 찾을 거라는 희망은 있어.	N	2022-07-19 08:04:50	2022-11-08 04:30:01
BE22010191	6	1	그런 일이 있었다면 부탁할 사람을 찾는 걱정은 조금 줄여도 돼. 주변에 고양이를 사랑하는 사람이 분명히 존재한다는 증거니까. 곧 형에게 연락이 올 거야.	N	2022-07-19 08:04:50	2022-11-08 04:30:01
BE22010191	7	0	곧 장마철이라 고양이 밥 챙겨주기가 번거로워지는 계절이 되어가는 것도 걱정이야. 말하다 보니 나 정말 걱정만 말하는 사람이네. 정말 한심하다.	N	2022-07-19 08:04:50	2022-11-08 04:30:01
BE22010191	8	1	동물을 사랑하는 형의 마음이 불안을 만들어 낸 거잖아. 한심한 일이 절대 아니야. 길고양이 밥도 일주일에 3번이나 챙겨주는 게 얼마나 힘든 일인데 대단한 거지.	N	2022-07-19 08:04:50	2022-11-08 04:30:01
BE22010191	9	0	그렇게 말해줘서 위로됐다. 고양이들 밥 챙겨주는 게 불쌍해서 하는 마음도 있어. 하지만 궁극적으로는 나도 누구를 챙겨준다는 행복감 때문에 하는 이유가 제일 크지.	N	2022-07-19 08:04:50	2022-11-08 04:30:01
BE22010191	10	1	이기적인 행동은 아니잖아. 고양이들에게 밥을 제공하고 거기서 느끼는 행복감은 정말 선순환적인 감정이야. 봉사에서 오는 행복과 동일한 만족감이라 할 수 있어.	N	2022-07-19 08:04:50	2022-11-08 04:30:01
BE22010191	11	0	봉사지만 내가 얻은 행복감이 더 크기는 해. 그래서 길고양이에게 더 많이 챙겨주고 싶고 미안한 마음이 크지. 너의 위로가 큰 힘이 된다.	N	2022-07-19 08:04:50	2022-11-08 04:30:01
BE22010191	12	1	형은 항상 나에게 의지가 되는데 뭘. 난 힘든 일이 생길 때마다 형에게 의지하고 형은 항상 날 위해 발 벗고 나서줬잖아. 내가 이렇게 긍정적으로 자랄 수 있었던 건 형이 있어서라고 믿어 의심치 않아.	N	2022-07-19 08:04:50	2022-11-08 04:30:01
BE22010191	13	0	사람들이 우리 보고 우애가 좋다고 하는 게 뭔지 잘 몰랐는데 이제 알 것 같다. 내 동생이 나에게 항상 고맙다고 말해주니 정말 뿌듯하고 좋네.	N	2022-07-19 08:04:50	2022-11-08 04:30:01
BE22010191	14	1	나는 항상 형을 돕고 싶고 형에게 도움이 되어주는 동생이 되려 노력한다고. 형이 챙겨주는 길고양이들도 내가 챙겨주고 싶은데 거리가 너무 멀어서 안타까울 뿐이야. 이럴 때 정작 도움이 못 돼서 미안하고.	N	2022-07-19 08:04:50	2022-11-08 04:30:01
BE22010191	15	0	남에게 말할 수 없는 고민을 너와 나누는 게 나에게는 그 무엇보다 소중한 일인걸. 이번 일도 너에게 먼저 말한 건 너의 격려가 듣고 싶었던 마음이 강했던 것도 있지. 이렇게 나는 너에게 많이 의지하고 있어.	N	2022-07-19 08:04:50	2022-11-08 04:30:01
BE22010191	16	1	그렇게 말해주면 내가 더 고맙지. 형의 고민이 빨리 해결돼서 출장 좋은 마음으로 다녀올 수 있었으면 좋겠다. 어쩔 수 없는 상황으로 일어난 일이니까 너무 많이 자책하지 말았으면 해.	Y	2022-07-19 08:04:50	2022-11-08 04:30:01
