id	utterance_id	utterance_type	utterance_text	terminate	regDate	updDate
BE22017092	1	0	누나, 나 요즘에 뱃살 없애려고 헬스장 열심히 다니고 있어. 일부러 다이어트 성공하면 입으려고 작은 사이즈 옷 샀어.	N	2022-09-05 06:35:14	2022-11-08 05:13:15
BE22017092	2	1	나도 그렇게까진 해 본 적 없는데 결연한 의지가 돋보이는데? 네가 드디어 건강관리에 돌입한 것 같아 듣는 나도 기쁘다. 이번엔 확실히 다이어트에 성공할 수 있을 것 같아!	N	2022-09-05 06:35:14	2022-11-08 05:13:15
BE22017092	3	0	그런데 막상 시작하니 불안한 마음이 더 커. 일단 사기는 했지만, 평생 못 입을까 봐 걱정돼.	N	2022-09-05 06:35:14	2022-11-08 05:13:15
BE22017092	4	1	별걱정을 다 한다. 너 어릴 때부터 뭔가 하나 하기로 마음먹으면 꼭 해내는 녀석이었잖아. 그런 모습을 볼 때마다 내 동생이지만 정말 대견하고 기특하다고 생각했었어.	N	2022-09-05 06:35:14	2022-11-08 05:13:15
BE22017092	5	0	지금 나 허리가 35인치인데 30인치 바지를 샀거든. 과연 내가 해낼 수 있을까?	N	2022-09-05 06:35:14	2022-09-05 06:35:14
BE22017092	6	1	한 번에 목표를 꽤 높게 잡아서 네가 걱정스러울 만하긴 하네. 마음을 너무 조급히 가지지 말고 길게 보고 천천히 운동해 나가면 어떨까? 그럼 그 바지를 입게 될 수 있고 너도 환희를 맛볼 수 있을 것 같은데?	N	2022-09-05 06:35:14	2022-11-08 05:13:15
BE22017092	7	0	내가 생각해도 너무 무리한 건 아닌가 싶은 거지. 누나 말대로 조금 멀리 봐야겠지?	N	2022-09-05 06:35:14	2022-09-05 06:35:14
BE22017092	8	1	너무 단기적인 목표로 생각하지 말고 차분히 끈기 있게 해나간다면 좋을 것 같아. 그래야 너도 불안함에서 벗어나 스트레스를 덜 받지. 걱정만 하면 될 일도 안 될 수 있다고!	N	2022-09-05 06:35:14	2022-09-05 06:35:14
BE22017092	9	0	조바심이 나서 바지만 보면 한숨 쉬었지 뭐야. 과연 내가 입는 날이 올까 하고 말이야. 확실히 조급하게 생각했던 것 같은데 불안함이 많이 풀렸어.	N	2022-09-05 06:35:14	2022-09-05 06:35:14
BE22017092	10	1	꾸준한 운동으로 멋진 몸매 뽐내면서 바지 입고 기뻐할 네가 난 그려지는데? 걱정할 시간에 헬스장 앞으로 몸을 일으킵시다. 헬스장에 비친 내 모습을 보며 감탄하는 즐거움을 만끽하자고.	N	2022-09-05 06:35:14	2022-11-08 05:13:15
BE22017092	11	0	확실히 누나는 당근과 채찍에 도가 텄어. 걱정할 시간 따위에 운동이나 더 해야겠다.	N	2022-09-05 06:35:14	2022-09-05 06:35:14
BE22017092	12	1	역시 피드백이 바로바로 되는 내 동생이라 너무 좋다니까? 다이어트 성공하면 나도 네가 마음에 들어 하는 옷 구매해 줄게. 그러니 다부진 몸으로 내 앞에 나타나 줘.	N	2022-09-05 06:35:14	2022-11-08 05:13:15
BE22017092	13	0	늘 내가 발전할 수 있는 조언과 응원을 보내줘서 고맙게 생각해. 현명한 누나가 있어서 너무 자랑스럽고 좋아.	N	2022-09-05 06:35:14	2022-09-05 06:35:14
BE22017092	14	1	가족 좋다는 게 뭐야. 무슨 걱정거리 있으면 언제든지 또 연락해. 달라진 너의 모습 기대하고 있을게!	Y	2022-09-05 06:35:14	2022-09-05 06:35:14
