id	utterance_id	utterance_type	utterance_text	terminate	regDate	updDate
BE22008002	1	0	동생, 잘 지내고 있어? 오랜만에 연락하네.	N	2022-07-12 04:13:01	2022-11-08 04:15:53
BE22008002	2	1	그러게, 오랜만이다. 언니 그동안 어떻게 지냈어?	N	2022-07-12 04:13:01	2022-11-08 04:15:53
BE22008002	3	0	사실 요즘 좀 무료해. 재미있는 일이 하나도 없어서 큰일이야. 뭘 해도 즐겁지 않고 아무것도 하고 싶지 않아. 기분이 이상해.	N	2022-07-12 04:13:01	2022-11-08 04:15:53
BE22008002	4	1	어떤 기분인지 알 것 같아. 인생이 무료해지고 재미가 없어지면 한순간에 사람이 무기력해지잖아.	N	2022-07-12 04:13:01	2022-11-08 04:15:53
BE22008002	5	0	맞아. 사실 그렇게 큰일도 아닌데 계속 기분이 다운되네. 뭔가 삶에 목표도 없어진 것 같고, 정말 아무것도 하기 싫어. 이렇게 있으면 안 되고 뭐라도 해야 할 텐데. 답답해.	N	2022-07-12 04:13:01	2022-11-08 04:15:53
BE22008002	6	1	아니야. 충분히 기분이 계속 저기압일 수 있어. 별일 아니라고 생각할 수도 있겠지만, 재미있는 일이 없다는 건 삶에 활력이 없다는 거잖아. 그래서 아무것도 하기 싫고 스트레스받는 것 같아.	N	2022-07-12 04:13:01	2022-11-08 04:15:53
BE22008002	7	0	확실히 요즘 삶이 무미건조한 것 같아. 예전에는 재미있었던 일도 이제는 지쳐. 내가 뭘 해야 하는지도 모르겠고, 뭘 할 수 있을지도 모르겠어.	N	2022-07-12 04:13:01	2022-11-08 04:15:54
BE22008002	8	1	아마도 무언가를 해야 한다는 게 부담이 된 거 아닐까? 재미있었던 것이든, 뭐든 부담이 되니까 더는 재미도 없고 하기도 싫어진 거지.	N	2022-07-12 04:13:01	2022-11-08 04:15:54
BE22008002	9	0	네 말을 들어보니까 그런 것 같기도 하다. 요즘 주변 사람들에 비해 내가 너무 뒤떨어지는 것 같아서 모든 것에 부담을 느꼈거든.	N	2022-07-12 04:13:01	2022-11-08 04:15:54
BE22008002	10	1	그런 고민을 가지고 있었다니 그동안 얼마나 불안했을까. 내가 일찍 알았더라면 더 일찍 언니 이야기를 들어줄 수 있었을 텐데. 마음이 너무 아프다.	N	2022-07-12 04:13:01	2022-11-08 04:15:54
BE22008002	11	0	응. 그래서 요즘 계속 나 자신이 한심하게 느껴질 때가 많아. 모든 게 재미없으니까 움직일 힘도 안 나는데 가만히 누워 스트레스만 받잖아.	N	2022-07-12 04:13:01	2022-11-08 04:15:54
BE22008002	12	1	스스로가 한심하게 느껴질 때만큼 감정적으로 힘들었던 때는 없는데, 언니 그동안 많이 힘들었겠다. 하지만 나는 언니가 오히려 멋있다고 생각해. 스트레스받는 와중에도 그 상황을 극복하려고 나름대로 노력했던 거잖아. 정말 대견해.	N	2022-07-12 04:13:01	2022-11-08 04:15:54
BE22008002	13	0	정말 그렇게 생각해?	N	2022-07-12 04:13:01	2022-11-08 04:15:54
BE22008002	14	1	그럼, 당연하지. 언니가 그동안 얼마나 열심히 살아왔는데. 그래서 지금은 몸이 잠시 쉬자고 하는 것 같아. 다시 충전할 시간을 가지고 있는 것일 뿐이야.	N	2022-07-12 04:13:01	2022-11-08 04:15:54
BE22008002	15	0	네가 그렇게 말해주니 내 마음이 조금은 편해진 것 같아.	N	2022-07-12 04:13:01	2022-11-08 04:15:54
BE22008002	16	1	그래. 나는 언니가 천천히 옳은 방향으로 가고 있다고 믿어. 조금만 여유를 가지고 푹 쉬면서 언니 자신을 좀 돌아보면 좋겠어. 언니가 느끼는 불안은 하나도 이상한 게 아니니까.	N	2022-07-12 04:13:01	2022-11-08 04:15:54
BE22008002	17	0	그래. 고마워. 네 말대로 여유를 가지면서 내 감정을 더 돌아볼게.	Y	2022-07-12 04:13:01	2022-11-08 04:15:54
