id	utterance_id	utterance_type	utterance_text	terminate	regDate	updDate
BE22015581	1	0	언니, 나 졸업하기 전에 꼭 인턴을 하고 싶었는데 아무래도 안 될 것 같아. 조건을 보니까 안 될 것 같다고 하더라고. 이대로 아무것도 안 한 채로 졸업하게 될까 봐 너무 불안해.	N	2022-08-25 01:38:06	2022-08-25 01:38:06
BE22015581	2	1	세상에, 그런 일이 있었구나. 계획을 세워 뒀던 대로 일이 풀리지 않아서 놀라고 당황스러웠지. 한창 초조해질 수밖에 없는 때라서 더 마음이 불편하겠어.	N	2022-08-25 01:38:06	2022-11-08 05:03:57
BE22015581	3	0	예전에도 말했지만 난 내가 세운 계획이 틀어질 때가 제일 무서워. 졸업을 앞두고 있어서 그런지 쫓기듯이 달려 나가는 기분인 것 있지. 하루가 다르게 마음이 불편해져서 너무 힘들어.	N	2022-08-25 01:38:06	2022-11-08 05:03:57
BE22015581	4	1	나도 그때 정말 하루하루 살얼음판을 걷는 기분이었어. 시간은 흘러가는데 마음은 초조해지니까 그것만큼 힘든 게 또 없더라. 이렇게 회상하기만 해도 그때 느낀 괴로움이 생생해지는데 너는 오죽할까.	N	2022-08-25 01:38:06	2022-08-25 01:38:06
BE22015581	5	0	지금까지 정말 열심히 해 왔는데 이번 기회로 모든 게 무너질까 봐 두려워. 다른 사람들은 다들 하는 걸 나만 못한다고 생각하면 두고두고 속상할 것 같기도 해. 기운이 쭉 빠지니까 아무것도 하기 싫어진다.	N	2022-08-25 01:38:06	2022-08-25 01:38:06
BE22015581	6	1	단 한 순간도 예측할 수 없는 게 사람의 앞길이라고 하잖아. 오늘도 그 여파로 몸도 마음도 아주 힘들겠지만, 잘 찾아보면 더 좋은 방법도 있을 거야. 너는 뭐든 빨리 배우고 끈기도 있으니까 분명 원하는 인턴 자리를 찾을 수 있을 거야.	N	2022-08-25 01:38:06	2022-11-08 05:03:57
BE22015581	7	0	인턴으로 일하기 어려울 것 같다는 전화를 받았을 때는 세상이 무너지는 줄 알았어. 그렇지만 언니가 그렇게 말해 주니 용기가 조금씩 생기는 것 같아. 그렇지만 불안하기도 한데, 정말 내가 바라는 인턴 자리를 찾을 수 있을까.	N	2022-08-25 01:38:06	2022-08-25 01:38:06
BE22015581	8	1	지금까지 그랬던 것처럼 네 자리에서 최선을 다하면 뭐든 해낼 수 있을 거야. 계속 너를 지켜봤던 언니로서 장담할 수 있어. 그러니 너무 축 처져 있지 말고 기운 내.	N	2022-08-25 01:38:06	2022-11-08 05:03:57
BE22015581	9	0	졸업이 코앞으로 다가왔다는 생각 때문에 마음이 너무 초조해지나 봐. 나보다 먼저 졸업하고 일도 하는 언니라서 그런가. 그런 얘기를 들으니까 마음을 놓아도 되겠다는 생각이 들어.	N	2022-08-25 01:38:06	2022-11-08 05:03:57
BE22015581	10	1	처음 발을 내딛기 전에는 뭐든 내 생각보다 어렵게 보이잖아. 하지만 막상 시작해 보면 생각보다 훨씬 수월하게 해낼 수 있다는 걸 알게 되고. 이번에도 분명 너에게 딱 맞는 새로운 인턴 자리가 나타날 거라고 생각해.	N	2022-08-25 01:38:06	2022-11-08 05:03:57
BE22015581	11	0	언니 말이 맞아. 속상한 일이 생겼다고 해서 계속 슬퍼하지 않을래. 언니 말대로 그동안 내가 정말 열심히 했으니까 분명 다른 기회도 있을 거야.	N	2022-08-25 01:38:06	2022-08-25 01:38:06
BE22015581	12	1	내 동생이 슬퍼하고 괴로워할 때 언니가 도와줄 수 있는 게 없어서 정말 안타까웠거든. 그래도 이렇게 긍정적으로 털고 일어서는 걸 보니 정말 기특하다는 생각이 들어. 정말 장하고 기특하다, 내 동생.	N	2022-08-25 01:38:06	2022-11-08 05:03:57
BE22015581	13	0	이게 다 언니 덕분이지, 뭐. 언니 덕분에 이번 기회에 인턴을 하지 못하게 돼서 불안했던 마음이 전부 가라앉았어. 긍정적으로 생각하니까 마음도 훨씬 편해졌어.	N	2022-08-25 01:38:06	2022-11-08 05:03:57
BE22015581	14	1	조금이라도 도움이 될 수 있다니 정말 다행이야. 혹시 또 얘기하고 싶은 게 생기면 언제든 연락해.	Y	2022-08-25 01:38:06	2022-11-08 05:03:57
