id	utterance_id	utterance_type	utterance_text	terminate	regDate	updDate
BE22013564	1	0	언니, 바빠? 잠깐 얘기할 수 있어?	N	2022-08-09 05:57:07	2022-11-08 04:51:15
BE22013564	2	1	응. 무슨 일 있어?	N	2022-08-09 05:57:07	2022-08-09 05:57:07
BE22013564	3	0	어떻게 하면 좋을지 모르겠고 눈앞이 캄캄한데 조언을 구할 곳이 언니밖에 없네. 가족들은 무리하게 대출받는 걸 반대할 것 같아서 조용히 집을 샀었는데 집값이 절반으로 떨어졌어. 10년간 모은 돈에 대출까지 받아서 산 집인데 다시 오르지 않을까 봐 너무나 불안해.	N	2022-08-09 05:57:07	2022-11-08 04:51:15
BE22013564	4	1	지금 지내고 있는 집이 전세가 아니라 네가 산 집이었구나. 큰 용기와 결단을 내리고 샀을 집인데 집값이 하락해서 초조한 마음 뭔지 알 것 같아. 네가 누구보다 열심히 일하고 아껴 쓰면서 모은 돈으로 산 것이니 초조한 건 당연해.	N	2022-08-09 05:57:07	2022-11-08 04:51:15
BE22013564	5	0	맞아. 그 돈이 어떤 돈인데 이렇게 허무하게 절반이 되었다고 생각하니 억울하기까지 해. 앞으로 갚아야 할 대출금이 산더미처럼 남아있는데 작년으로 시간을 되돌리고 싶어. 그리고 여기서 더 집값이 하락하면 정말 좌절할 것 같아.	N	2022-08-09 05:57:07	2022-11-08 04:51:15
BE22013564	6	1	이런저런 생각에 많이 속상해하는 모습을 보니 내 마음도 너무 아프네. 부동산에 대해 잘 알지는 못하지만, 시간이 흐르면 집값은 오른다는 이야기를 들은 적이 있어. 그리고 그 집에서 만족스럽게 생활하고 있으니 집값에 너무 연연하지 않아도 될 듯해.	N	2022-08-09 05:57:07	2022-11-08 04:51:15
BE22013564	7	0	맞아. 위치도 정말 좋고 집도 깨끗해서 마음에 들어서 샀던 집이거든. 내 집에서 지낸다는 행복이 크지만 이렇게 갑자기 집값이 하락하니 너무 불안해서 아무것도 못 하겠어. 이 사실을 알게 되면 부모님께서도 정말 실망이 크실 거고, 어떻게 얼굴을 들고 부모님을 뵙겠어.	N	2022-08-09 05:57:07	2022-11-08 04:51:15
BE22013564	8	1	적은 돈이 아니다 보니 많이 불안하고 초조해하는 네 모습이 정말 안쓰러워. 부모님께서도 네 상황에 대해 알게 되시면 위로를 해주시지 실망하시거나 하진 않을 거야. 우리도 집에서 독립한 지 10년이 넘었고 스스로 마련한 집인데 오히려 대견해하실 거고.	N	2022-08-09 05:57:07	2022-11-08 04:51:15
BE22013564	9	0	정말 그렇게 생각하실까? 언니 말 들으니 조금은 진정이 되는 것 같아. 다른 사람들은 집값이 몇 배로 올랐다고 하는데 왜 나만 이렇게 된 건지 모르겠어.	N	2022-08-09 05:57:07	2022-11-08 04:51:15
BE22013564	10	1	그럼! 너는 누구보다 똑 부러지고 활기찬 모습을 가지고 있어서 언니는 늘 네가 자랑스럽고 기특해. 우리 부모님께서도 때로는 나보다 너에게 더 의지하시기도 하잖아. 그리고 늘 위기를 기회로 만들어 나갔던 것처럼 이번 일도 잘 해결할 수 있을 거야.	N	2022-08-09 05:57:07	2022-11-08 04:51:15
BE22013564	11	0	언니가 나를 그렇게 바라봐 주고 있다니 괜히 쑥스럽긴 하지만 기분은 좋네. 그래! 언니 말처럼 이 상황을 내 나름의 방법으로 극복해 나가야겠어.	N	2022-08-09 05:57:07	2022-11-08 04:51:15
BE22013564	12	1	이제야 원래의 내 동생으로 돌아왔구나. 집값은 하락했다가 다시 오를 수 있는 거고 부동산이라는 단어가 뜻하듯 없어지는 것이 아니잖아. 네가 좋아하는 너의 집에서 예전처럼 긍정적으로 지내다 보면 초조한 마음이 조금은 줄어들 거야.	N	2022-08-09 05:57:07	2022-11-08 04:51:15
BE22013564	13	0	응. 언니에게 터놓길 정말 잘했어. 이렇게 불안해한다고 해결되는 것은 아무것도 없으니 더 공부하고 알아보면서 나름의 방법을 찾아보며 지내야겠어. 언니 말처럼 똑 부러지게 다시 열심히 지내는 모습 보여줄게!	N	2022-08-09 05:57:07	2022-11-08 04:51:15
BE22013564	14	1	마음 같아선 당장 달려가 안아주고 위로해주고 싶은데 그러지 못해서 미안하구나. 그래도 기분이 조금은 나아진 것 같아서 언니가 더 고맙다. 내 동생, 멀리 있지만 언니는 언제나 네 편이고 너를 응원하고 있다는 것 알지?	N	2022-08-09 05:57:07	2022-11-08 04:51:15
BE22013564	15	0	당연히 알지. 언니가 있어서 정말 감사하고 든든해. 집값이 하락해서 불안해하던 내 모습이 마치 오래전 일처럼 느껴져. 언니 덕분에 기분 좋게 출근하러 갈 수 있게 됐어.	N	2022-08-09 05:57:07	2022-11-08 04:51:15
BE22013564	16	1	그래! 오늘도 우리 모두 힘차게 보내자.	Y	2022-08-09 05:57:07	2022-08-09 05:57:07
