id	utterance_id	utterance_type	utterance_text	terminate	regDate	updDate
BE22015980	1	0	형, 요즘 학교에서 불안한 일이 생겼어.	N	2022-08-27 08:51:05	2022-11-08 05:06:27
BE22015980	2	1	불안하다니 무슨 문제가 있었어?	N	2022-08-27 08:51:05	2022-08-27 08:51:05
BE22015980	3	0	요즘 지도교수가 나에게 노골적으로 선물을 요구해. 거절을 하자니 내 성적과 심사에 영향을 줄까 불안해. 혹시나 선물을 주지 않았다고 나를 배제하면 어쩌지?	N	2022-08-27 08:51:05	2022-08-27 08:51:05
BE22015980	4	1	맞아. 아무래도 내게 불이익이 올 수도 있다고 생각하면 나라도 거절하긴 불안했을 거야. 그렇지만 교수도 감시받는 입장이니까 네가 거절해도 불합리한 대응을 하긴 어려울 거야. 만약 불이익을 주더라도 불굴의 의지와 노력으로 성과를 이루면 더 큰 자신감으로 돌아오지 않을까?	N	2022-08-27 08:51:05	2022-11-08 05:06:27
BE22015980	5	0	그렇지만 지도교수의 영향력을 무시하기도 어려워. 내가 그런 어려움을 극복할 수 있을지 불안해. 오히려 그냥 선물을 줄 걸 그랬다고 생각하며 미래에 후회하진 않을까?	N	2022-08-27 08:51:05	2022-11-08 05:06:27
BE22015980	6	1	선물을 하더라도 주변에 소문이 퍼져서 좋지 않은 일이 생길 수 있어. 비록 지금은 불안할지라도 옳은 행동을 할 때 더 마음이 편해질 거야. 그리고 어려움을 이겨내는 과정에서 더 큰 배움과 깨달음을 얻을 수도 있어.	N	2022-08-27 08:51:05	2022-11-08 05:06:27
BE22015980	7	0	요즘 뇌물에 대한 감시도 엄격해서 최대한 문제를 없애고 싶긴 해. 그렇지만 나는 당당하게 거절하지 못하는 성격인데 괜찮을까? 계속 요구한다면 받아들이게 될 것 같아서 불안해.	N	2022-08-27 08:51:05	2022-11-08 05:06:27
BE22015980	8	1	당당하지 못해 불안하다고 했지만 나는 네가 상황을 대처하는 유연함이 좋다고 생각해. 거센 반발은 오히려 큰 반향을 일으키기도 하잖아. 지금처럼 적당히 둘러대거나 상황을 부드럽게 넘어가는 것도 좋은 대처 방안이 될 거야.	N	2022-08-27 08:51:05	2022-11-08 05:06:27
BE22015980	9	0	지금까지 모르는 척하며 넘어갔더니 이젠 노골적으로 요구하고 계신걸? 그럼 나는 대놓고 거절하는 불편한 상황을 맞을지도 몰라. 내가 그때 내 의견을 제대로 피력하기 불안하고 자신이 없어.	N	2022-08-27 08:51:05	2022-11-08 05:06:27
BE22015980	10	1	나보다 권력이 있다고 생각하는 사람에게 대응하긴 쉽지 않고 불안한 맘이 드는 거 이해해. 하지만 이번 일을 계기로 네가 자신의 의견을 표현하고 잘 해결한다면 큰 자신감이 될 거야. 미래는 내 손에 쥐어져 있고 상대는 너를 휘두를 수 없다고 생각하면 용기가 생길 거야.	N	2022-08-27 08:51:05	2022-11-08 05:06:27
BE22015980	11	0	형의 말을 들으니까 마음이 좀 놓이는 것 같아. 맞아, 같은 사람인데도 교수가 내 인생을 좌지우지할 수 있다고 여기며 불안해했던 것 같아. 정말 내가 굴하지 않고 잘 해낼 수 있을까?	N	2022-08-27 08:51:05	2022-11-08 05:06:27
BE22015980	12	1	물론이지. 네 인생은 네가 생각한 방향과 가치관으로 떳떳하게 세울 수 있어. 네가 혹시 겪게 될 불합리나 어려움도 자신을 믿고 이겨내면 좋은 거름이 될 거야. 어디에서도 굴하지 않고 원하는 삶을 일굴 수 있다는 용기가 너를 당당하게 만들어 줄 거야.	N	2022-08-27 08:51:05	2022-11-08 05:06:27
BE22015980	13	0	고마워. 형 덕분에 용기가 생겼어. 맞아 나는 선물을 주고 성적을 얻기보다 실력을 인정받고 내 일에 자신감을 얻고 싶어.	N	2022-08-27 08:51:05	2022-08-27 08:51:05
BE22015980	14	1	그래, 너라면 분명 잘 해낼 수 있을 거야. 역경을 딛고 일어선 사람이 더 멋진 성과를 이룩하기도 하잖아. 그러니 힘을 내.	Y	2022-08-27 08:51:05	2022-11-08 05:06:27
