id	utterance_id	utterance_type	utterance_text	terminate	regDate	updDate
BE22008782	1	0	언니, 나 요새 화가 많아지는 것 같아. 스트레스가 너무 심해.	N	2022-07-14 05:25:41	2022-11-08 04:20:54
BE22008782	2	1	무슨 일 있었어? 누가 내 동생한테 스트레스를 줬을까.	N	2022-07-14 05:25:41	2022-11-08 04:20:54
BE22008782	3	0	나 요즘 다이어트 중이라 밥을 반 공기만 먹잖아. 항상 배고픈 상태가 되니까 기분도 계속 안 좋은 것 있지. 이렇게 해도 살이 안 빠질까 봐 너무 불안해.	N	2022-07-14 05:25:41	2022-11-08 04:20:54
BE22008782	4	1	건강을 위해서 결심한 다이어트지만 막상 실천하려고 보니 생각보다 쉽지 않지. 마음처럼 따라주면 좋을 테지만 그러지 못해서 오는 스트레스도 있을 것 같아. 내 동생이 고생이 많네.	N	2022-07-14 05:25:41	2022-11-08 04:20:54
BE22008782	5	0	마음속에서는 벌써 맛있는 걸 잔뜩 먹고 있어. 매일 속이 허전한 상태로 있으니 기운이 빠지는 것 같아. 이렇게 노력했는데 내가 원하는 걸 이루지 못하면 어쩌지.	N	2022-07-14 05:25:41	2022-11-08 04:20:54
BE22008782	6	1	내가 원하는 것과 해야 하는 것 사이에서 매 순간 갈망하느라 생각이 항상 복잡하겠다. 언니가 대신 해 줄 수 있으면 정말 좋겠지만 그럴 수 없어서 안타깝고 속상하네. 그래도 너의 끈기로 버티다 보면 금세 적응될 거야.	N	2022-07-14 05:25:41	2022-11-08 04:20:54
BE22008782	7	0	내 마음이 바로 그거야. 나는 맛있는 걸 많이 먹길 원하는데 이제는 그러면 안 되니까. 친구들이 먹는 것만 봐도 부러워서 스트레스받을 지경이 됐어.	N	2022-07-14 05:25:41	2022-11-08 04:20:54
BE22008782	8	1	그런 상황에서 남들이 먹는 걸 볼 때 부러움이 느껴지는 건 당연해. 그런데도 절제하려고 노력하는 네 모습이 무엇보다 멋지고 대단하게 느껴져. 그럴 때 잘 참는 것만 해도 정말 잘하고 있는 거야.	N	2022-07-14 05:25:41	2022-11-08 04:20:55
BE22008782	9	0	가끔은 나만 못 먹는다는 게 서러워서 눈물이 날 뻔했거든. 언니가 그렇게 말해 주니 위로가 되는 것 같아. 나 잘하고 있는 건가 봐.	N	2022-07-14 05:25:41	2022-11-08 04:20:55
BE22008782	10	1	나는 네가 태어났을 때부터 옆에서 지켜봤잖아. 내가 보는 너는 늘 성실하고 원하는 바를 끝까지 해낼 줄 아는 사람이야. 지금은 어렵고 고되겠지만 오늘을 웃으면서 이야기하게 될 날이 머지않았을 거라고 봐.	N	2022-07-14 05:25:41	2022-11-08 04:20:55
BE22008782	11	0	오늘도 밥을 반 공기만 먹을 생각에 눈앞이 캄캄했거든. 언니가 그렇게 말해 주니 불만은 잠시 접어 두고 있는 거라도 감사히 먹어야겠어.	N	2022-07-14 05:25:41	2022-11-08 04:20:55
BE22008782	12	1	때로 우울할 만큼 힘든 상황이지만 내가 도움이 될 수 있어서 다행이야. 언제든 힘든 일이 있으면 언니한테 얘기해.	N	2022-07-14 05:25:41	2022-11-08 04:20:55
BE22008782	13	0	알았어, 꼭 그렇게 할게. 언니도 밥 잘 챙겨 먹고 이따 집에서 봐.	N	2022-07-14 05:25:41	2022-11-08 04:20:55
BE22008782	14	1	그래, 조금만 더 힘내고 남은 하루도 즐겁게 보내.	Y	2022-07-14 05:25:41	2022-11-08 04:20:55
