id	utterance_id	utterance_type	utterance_text	terminate	regDate	updDate
BE22018200	1	0	누나, 요즘처럼 이렇게 내 맘대로 살다가 큰일 나겠다 싶은 불안감이 밀려왔어. 그래서 뭐라도 해야 할 것 같아.	N	2022-09-14 09:50:29	2022-11-08 05:20:06
BE22018200	2	1	무슨 일이 있었길래 그런 생각을 했어? 행복하게 지내고 있다고 생각했는데 갑자기 그런 말을 하니 걱정스럽다.	N	2022-09-14 09:50:29	2022-11-08 05:20:06
BE22018200	3	0	혼자 살기 시작하고 너무 술도 많이 마시고, 담배도 너무 피워서 그런지 몸이 엉망진창이야. 금연과 금주를 고민하다 결국 금주하기로 결심했어. 이렇게 무책임하게 지내는 나를 보니, 불안해졌어.	N	2022-09-14 09:50:29	2022-11-08 05:20:06
BE22018200	4	1	동생이 스스로 그런 생각을 하고, 무언가 결심했다는 게 정말 대견하다. 처음 독립해서 사는 거라 하고 싶은 대로만 하고 살 줄 알았거든. 그렇게 금주를 시작으로 네 일상을 바르게 잡아가다 보면, 불안감도 정리될 거야.	N	2022-09-14 09:50:29	2022-11-08 05:20:06
BE22018200	5	0	독립하니 자유라는 생각에 너무 방탕하게 살게 되더라고. 일상에 통제가 전혀 없이 하고 싶은 것만 하니까 일도 엉망이고, 내 모습은 더 엉망이야. 언제부턴가 불안감이 계속되니 손도 떨리고, 걱정스러워.	N	2022-09-14 09:50:29	2022-11-08 05:20:06
BE22018200	6	1	네 불안감이 몸으로 나타날 정도라니 누나도 걱정이 되는구나. 중요한 건 네가 그런 생활을 고치고 싶다고 생각한 것 같아. 그런 마음가짐이라면 충분히 원하는 방향으로 일상을 개선하며, 불안한 마음을 덜어갈 수 있을 거야.	N	2022-09-14 09:50:29	2022-11-08 05:20:06
BE22018200	7	0	방탕한 생활을 하느라 너무 많은 신뢰를 잃은 것 같아서 걱정스러워. 회사에 자주 결근하고, 근무 태도도 좋지 않았거든. 사람들과의 신뢰를 다시 쌓을 수 있을까 불안해.	N	2022-09-14 09:50:29	2022-09-14 09:50:29
BE22018200	8	1	네가 그 실수를 인정하고, 만회하겠다 마음먹고 성실한 모습을 보여드리면 될 것 같아. 신뢰는 한 번에 쌓이는 게 아니니, 여유를 가지고 천천히 변함없는 모습을 보이면, 회복될 수 있어. 그러니 너무 걱정하지 말고, 천천히 쌓겠다는 마음을 먼저 먹으렴.	N	2022-09-14 09:50:29	2022-11-08 05:20:07
BE22018200	9	0	나와의 신뢰도 마찬가지일까? 금주하겠다고 마음을 먹었지만, 잘되지 않을 것 같다는 생각이 먼저 들어. 이러다 날 다시 믿지 못할까 봐도 불안하거든.	N	2022-09-14 09:50:29	2022-11-08 05:20:07
BE22018200	10	1	네가 지금까지 지내온 네 모습에 무척 실망한 것 같구나. 그렇지만 자책하지는 말길 바라, 이것도 마찬가지로 천천히 여유를 가지고 너와의 관계를 쌓아가면 된단다. 중요한 건 불안하고 조급한 마음이 아닌 천천히 여유롭게 생각하는 거야.	N	2022-09-14 09:50:29	2022-11-08 05:20:07
BE22018200	11	0	내가 너무 조급했던 것 같아. 신뢰라는 게 그렇게 쉽게 쌓이는 게 아닌데 말이야. 나를 좀더 믿고, 천천히 해결하자고 생각하니 불안한 마음이 좀 가라앉는 것 같아.	N	2022-09-14 09:50:29	2022-11-08 05:20:07
BE22018200	12	1	불안한 마음이 들 때 제일 중요한 건 여유로운 마음이라고 들었어. 그러니 너무 조급하게 너를 다그치지 말았으면 좋겠다.	N	2022-09-14 09:50:29	2022-11-08 05:20:07
BE22018200	13	0	누나 말대로, 천천히 하나씩 고쳐간다 생각하니 금주도 잘 할 수 있을 것 같아. 그 목표를 이루고 나면, 나에 대한 신뢰가 다시 쌓일 테고. 그렇게 하나씩 해 다시 해 봐야겠어!	N	2022-09-14 09:50:29	2022-11-08 05:20:07
BE22018200	14	1	누나는 무엇보다 스스로 너 자신을 돌아보고, 잘못된 점을 고치려 노력하는 태도가 정말 훌륭하게 느껴진다. 부족한 모습을 받아들이는 건 쉽지 않거든. 더 성숙하고, 발전한 모습의 동생을 곧 만날 수 있을 것 같다는 확신이 든다!	N	2022-09-14 09:50:29	2022-11-08 05:20:07
BE22018200	15	0	누나의 따듯한 조언 덕분에 불안했던 마음에 안정감이 들어. 게다가 잘 할 수 있을 것 같다는 용기도 생기고 말이야. 정말 고마워, 누나.	Y	2022-09-14 09:50:29	2022-11-08 05:20:07
