id	utterance_id	utterance_type	utterance_text	terminate	regDate	updDate
BE22007750	1	0	나 진짜 마음이 너무 복잡하고 불안하네.	N	2022-07-11 07:03:18	2022-11-08 04:14:18
BE22007750	2	1	왜 무슨 일 있어?	N	2022-07-11 07:03:18	2022-11-08 04:14:18
BE22007750	3	0	내가 내 남자 친구 성격에 대해서 예전에 말해준 적 있잖아. 기억나?	N	2022-07-11 07:03:18	2022-11-08 04:14:18
BE22007750	4	1	언니 남자 친구? 의적 홍길동이라고 했었던 거 같은데.	N	2022-07-11 07:03:18	2022-11-08 04:14:18
BE22007750	5	0	맞아. 그거 때문에 요즘 너무 걱정스러워서 불안하기까지 하네.	N	2022-07-11 07:03:18	2022-11-08 04:14:18
BE22007750	6	1	왜? 무슨 일이 있었어? 그때는 멋있다고 좋아했었잖아.	N	2022-07-11 07:03:18	2022-11-08 04:14:18
BE22007750	7	0	처음에는 그랬지. 근데 시간이 지나고 보니깐, 불의를 보면 참지 못하는 성격 때문에 남자 친구가 걱정돼. 어디서 이상한 사람한테 보복당하는 건 아닌지 불안하네.	N	2022-07-11 07:03:18	2022-11-08 04:14:18
BE22007750	8	1	진짜 이상한 사람한테 걸리면 안 좋은 일 당할 수도 있는 세상이잖아. 언니가 불안한 마음이 드는 게 당연하지. 걱정스럽고 불안해서 그동안 너무 힘들었겠다.	N	2022-07-11 07:03:18	2022-11-08 04:14:18
BE22007750	9	0	남자 친구한테 말해봐도 걱정하지 말라는 말만 돌아오니깐 나만 속상해.	N	2022-07-11 07:03:18	2022-11-08 04:14:18
BE22007750	10	1	정말 그러겠다. 근데 언니 남자 친구 운동 열심히 한다고 하지 않았어?	N	2022-07-11 07:03:18	2022-11-08 04:14:18
BE22007750	11	0	나쁜 사람들 혼내준다고 매일 주짓수에 가서 단련하더라. 그래도 너무 불안한 마음이 드는걸.	N	2022-07-11 07:03:18	2022-11-08 04:14:18
BE22007750	12	1	가짜 불안과 진짜 불안을 구분해 보자. 정말 언니를 불안하게 하는 것이 무엇인지 생각해 보는 게 어떨까? 그런 다음에도 불안한지 언니 마음을 살펴보자.	N	2022-07-11 07:03:18	2022-11-08 04:14:18
BE22007750	13	0	힘도 세고 운동도 열심히 하니까 어디 가서 물리적으로 무슨 일을 당할 것 같진 않아. 미래에 일어날지도 모르는 일 때문에 무조건 불안하다고 느꼈나 봐. 가짜 불안을 느끼고 있었던 거 같네.	N	2022-07-11 07:03:18	2022-11-08 04:14:18
BE22007750	14	1	그렇다면, 불의를 보면 참지 못하는 남자 친구를 걱정해서 불안한 마음은 어떤 거 같아?	N	2022-07-11 07:03:18	2022-11-08 04:14:18
BE22007750	15	0	곰곰이 생각해 보니까, 진짜 불안은 아니었던 거 같아. 명확하게 불안을 구분 지으니까 가짜 불안이 사라졌어. 마음이 편안하네.	Y	2022-07-11 07:03:18	2022-11-08 04:14:18
