id	utterance_id	utterance_type	utterance_text	terminate	regDate	updDate
BE22001139	1	0	언니 눈병 난 거 좀 어때? 괜찮아졌어?	N	2022-06-14 04:15:18	2022-11-08 03:31:43
BE22001139	2	1	아직 별 차도가 없어.	N	2022-06-14 04:15:18	2022-11-08 03:31:43
BE22001139	3	0	벌써 며칠째야. 일주일은 지난 거 같은데?	N	2022-06-14 04:15:18	2022-11-08 03:31:43
BE22001139	4	1	글쎄. 금방 나을 줄 알았는데 좀 오래가네.	N	2022-06-14 04:15:18	2022-11-08 03:31:43
BE22001139	5	0	병원은 가본 거지? 의사가 어떻게 관리하래?	N	2022-06-14 04:15:18	2022-11-08 03:31:43
BE22001139	6	1	유행성 결막염이니까 사람 많은 데 가지 말고, 청결히 하라고 하지 뭐.	N	2022-06-14 04:15:18	2022-11-08 03:31:43
BE22001139	7	0	지난겨울에는 독감 때문에 한 달 가까이 고생하지 않았어?	N	2022-06-14 04:15:18	2022-11-08 03:31:43
BE22001139	8	1	그러게말이야. 그때도 남들은 괜찮은데 나만 걸려서 애먹었지. 괜히 네게 걱정을 끼친 것 같아서 미안하다.	N	2022-06-14 04:15:18	2022-11-08 03:31:43
BE22001139	9	0	평소에 언니가 다이어트한다고 잘 안 먹으니까 면역력이 떨어져서 그런 거 아냐? 제대로 좀 챙겨 먹어.	N	2022-06-14 04:15:18	2022-11-08 03:31:43
BE22001139	10	1	그래 알았어. 너는 동생인데도 어쩜 그리 언니 같니?	N	2022-06-14 04:15:18	2022-11-08 03:31:43
BE22001139	11	0	언니가 너무 약해 보여서 불안하고 걱정돼서 그래. 매년 감기며, 유행병을 거르지 않으니까.	N	2022-06-14 04:15:18	2022-11-08 03:31:43
BE22001139	12	1	네 따뜻한 마음이 느껴져 언니가 눈물이 다 나려고 한다. 내 스스로 건강 관리하려고 노력해 볼게. 너무 걱정하지 마.	N	2022-06-14 04:15:18	2022-11-08 03:31:43
BE22001139	13	0	언니 그런 말 하지 마. 나한테는 언니가 하나밖에 없는 혈육인데 내가 안 챙기면 누가 챙기겠어.	N	2022-06-14 04:15:18	2022-11-08 03:31:43
BE22001139	14	1	너는 어려서부터 어려운 상황에 처한 친구 보면 잘 도와주고 그랬잖아.	N	2022-06-14 04:15:18	2022-11-08 03:31:44
BE22001139	15	0	언니가 칭찬해주니까 내 어깨에 봉이 들어간 듯 으쓱 올라오네. 내 맘 알았으면 몸 관리 잘해 언니.	Y	2022-06-14 04:15:18	2022-11-08 03:31:44
