id	utterance_id	utterance_type	utterance_text	terminate	regDate	updDate
BE22012402	1	0	언니, 나 화장대 정리를 하다가 안 쓰고 쌓여있는 화장품이 너무 많아서 너무 놀랐어. 쓰지도 않고 유통기한이 넘은 화장품들을 보니 스트레스받고 내 통장 잔고를 생각하니 불안해졌어.	N	2022-07-29 06:42:47	2022-11-08 04:44:00
BE22012402	2	1	쌓여있는 화장품들을 보면 내가 너무 욕심을 부린 것 같은 마음이 들지. 그리고 나 자신이 한심해서 스트레스 많이 받았겠다. 그래도 네가 메이크업 시험을 준비하려고 산 것들이니 너무 스트레스받지 마.	N	2022-07-29 06:42:47	2022-11-08 04:44:00
BE22012402	3	0	응 그래도 내 화장품 욕심이 이 정도인지 몰랐거든. 그래서 정리하면서도 계속 쓰지도 않고 쌓여있는 화장품들을 보면서 놀란 것 같아. 이 돈을 다 썼다고 생각하니 너무 아까워.	N	2022-07-29 06:42:47	2022-11-08 04:44:00
BE22012402	4	1	당연히 아깝지. 쌓여 있는 화장품들이 모두 네 것이었다니. 눈에 보기에도 많아 보였는데 유통기한이 지났다면 정말 안타깝다.	N	2022-07-29 06:42:47	2022-11-08 04:44:00
BE22012402	5	0	응 그래서 나 죄 다 버리고 있어. 버리고 있으려니 화장품에 욕심이 많은 나 자신이 어리석게 느껴져. 메이크업 시험 준비해서 산 것도 있지만 대책 없이 산 게 많아 보여서 내가 한심해.	N	2022-07-29 06:42:47	2022-11-08 04:44:00
BE22012402	6	1	처음 준비해서 잘 모르고 산 것들이니까 너를 한심하게 생각 안 했으면 해. 처음 보는 시험이라서 모르는 게 많았고 모두들 처음에는 잘못을 하기 마련인걸.	N	2022-07-29 06:42:47	2022-11-08 04:44:00
BE22012402	7	0	내가 이렇게까지 불안한 건 또 다른 이유가 있어. 화장품 욕심이 많은 걸 알고 있었지만 방금 전에 또 화장품을 하나 더 구매했다는 거야.	N	2022-07-29 06:42:47	2022-11-08 04:44:00
BE22012402	8	1	그렇지. 욕구를 조절 못하는 것이 제일 어려운 일이지. 그때만 참으면 된다고 생각해도 그때를 못 참아서 다들 사는 거잖아.	N	2022-07-29 06:42:47	2022-11-08 04:44:00
BE22012402	9	0	언니한테 말하는 것도 창피하다. 다 커서 내 소비 습관도 다스리지 못해서 이렇게 고민을 얘기하는 내 꼴이 우스워.	N	2022-07-29 06:42:47	2022-11-08 04:44:00
BE22012402	10	1	동생아 너의 마음이 힘든 건 스트레스 받는 너의 불안한 마음에서부터 시작된 것이잖아. 이번에는 시험 준비로 많은 화장품을 사게 된 것이고. 그러니까 너무 너를 몰아세우지 마.	N	2022-07-29 06:42:47	2022-11-08 04:44:00
BE22012402	11	0	응 고마워 언니. 생각보다 내가 너무 많은 화장품을 샀더라고. 다른 언니들이면 나를 혼내고 비난했을 텐데 언니는 나를 동조하고 위로해 줘서 힘이 돼.	N	2022-07-29 06:42:47	2022-11-08 04:44:00
BE22012402	12	1	가족이라면 내 동생을 비난하기보다 이해해주고 공감해서 문제를 해결할 수 있는 힘이 되는 게 좋잖아. 너도 나에게 항상 그렇게 해주고. 나도 항상 너의 응원을 받고 힘을 낸단다.	N	2022-07-29 06:42:47	2022-11-08 04:44:00
BE22012402	13	0	그렇게 생각해 주면 나도 고맙지. 화장품 욕심이 많아서 언니에게 고민을 이야기하길 잘했다는 생각이 들어. 사실 언니가 나에게 뭐라고 할까 봐 고민하면 말한 거였어.	N	2022-07-29 06:42:47	2022-11-08 04:44:00
BE22012402	14	1	이제부터라도 고민이 있을 때는 꼭 나에게 말해줘. 네가 혼자 속으로 끙끙 앓고 있는 모습을 생각하면 내 마음이 너무 아프다.	N	2022-07-29 06:42:47	2022-11-08 04:44:00
BE22012402	15	0	응 고마워 언니. 언니와 메신저를 하다 보니 화장품에 욕심이 많아서 스트레스받던 불안감이 많이 줄어들었어. 역시 나를 이해해 주는 언니가 있어서 너무 행복하다.	Y	2022-07-29 06:42:47	2022-11-08 04:44:00
