id	utterance_id	utterance_type	utterance_text	terminate	regDate	updDate
BE22008098	1	0	언니, 이제부터 나 자신에게 하루에 한 가지씩 칭찬해주기로 했어. 꼭 해내고 싶은데 잘할 수 있을까 벌써 걱정이야.	N	2022-07-12 06:40:02	2022-11-08 04:16:30
BE22008098	2	1	오, 내 동생 정말 대단한데! 그런 결심을 다 하고.	N	2022-07-12 06:40:02	2022-11-08 04:16:30
BE22008098	3	0	요즘 내가 자꾸 의기소침해지는데, 생각해보니 자신감이 떨어져서 그런 거 같아. 그래서 나 스스로 잘했다고 칭찬해줘야 할 것 같아.	N	2022-07-12 06:40:02	2022-11-08 04:16:30
BE22008098	4	1	요새 회사에서 안 좋은 일이 연속으로 있었잖아. 하지만 그건 너 혼자서 해결할 수 있는 일이 아니었으니 네가 자책할 필요는 없어. 이럴 때 스스로 너를 아껴주는 건 정말 중요한 것 같아.	N	2022-07-12 06:40:02	2022-11-08 04:16:30
BE22008098	5	0	머리로는 그렇게 생각하지만, 맘은 자꾸 작아지더라고. 그동안 많이 힘들었어.	N	2022-07-12 06:40:02	2022-11-08 04:16:30
BE22008098	6	1	늘 밝고 빛나던 내 동생이 풀이 죽어 있어서 내가 얼마나 속이 상했는지 몰라.	N	2022-07-12 06:40:02	2022-11-08 04:16:30
BE22008098	7	0	언니가 나한테 대화하자 해도 자꾸 피하고 그랬는데 미안해. 아무하고도 말하고 싶지 않았거든. 그러다 불현듯 내가 나를 아껴야겠다는 생각이 확 들더라고.	N	2022-07-12 06:40:02	2022-11-08 04:16:30
BE22008098	8	1	네가 스스로 마음을 다스리기를 기다렸지. 성정이 어떤 애인지 잘 아니까 일단 너를 믿고 기다렸어.	N	2022-07-12 06:40:02	2022-11-08 04:16:30
BE22008098	9	0	계속 이렇게 살면 안 되겠다 싶어서 나를 칭찬해주는 방법을 써보려고 한 거야. 근데 회사 일이 계속 어그러지니까 이런 결심을 잘 지킬 수 있을까 하는 의심이 들더라고.	N	2022-07-12 06:40:02	2022-11-08 04:16:30
BE22008098	10	1	넌 어릴 적부터 늘 뭔가를 시작하면 두 눈을 반짝이며 끝까지 해냈어. 그리고 항상 자신감 있고 자신을 사랑하는 긍정적인 아이였잖아. 난 걱정하지 않아, 넌 반드시 해낼 거야.	N	2022-07-12 06:40:02	2022-11-08 04:16:30
BE22008098	11	0	나에게 칭찬해주기 미션을 이제 막 시작했는데 언니랑 얘기하다 보니까 자신감이 막 생기네. 실패할까 불안했던 마음이 다 가라앉고 평온해진 기분이야.	N	2022-07-12 06:40:02	2022-11-08 04:16:30
BE22008098	12	1	네가 그렇게 기분이 업돼 보이니 내가 가슴이 벅차서 눈물이 날 지경이야. 사실 네 어두운 얼굴 보며 많이 걱정했거든.	N	2022-07-12 06:40:02	2022-11-08 04:16:30
BE22008098	13	0	날 막 채근하지 않고 조용히 지켜봐주는 언니에게 참 고맙게 생각해. 나에게 칭찬해주기 목표 달성에 대한 자신감이 막 솟구치네. 난 분명히 성취할 수 있어!	N	2022-07-12 06:40:02	2022-11-08 04:16:30
BE22008098	14	1	동생이지만 늘 본받으려고 하는 사람이 바로 너야. 네가 내 동생이라는 사실이 정말 자랑스러워. 목표 달성을 위해 파이팅!	N	2022-07-12 06:40:02	2022-11-08 04:16:30
BE22008098	15	0	나를 믿고 지켜봐주는 언니를 위해서, 그리고 칭찬받을 만한 존재인 나를 위해서 파이팅!	Y	2022-07-12 06:40:02	2022-11-08 04:16:30
