id	utterance_id	utterance_type	utterance_text	terminate	regDate	updDate
BE22017534	1	0	언니, 나 불안한 마음이 진정이 안 돼.	N	2022-09-08 07:03:02	2022-09-08 07:03:02
BE22017534	2	1	왜 그래 동생아, 무슨 일 있어?	N	2022-09-08 07:03:02	2022-09-08 07:03:02
BE22017534	3	0	지금 외근 가는 길인데 고속도로에서 새가 날아와서 차 앞유리에 부딪혔어.	N	2022-09-08 07:03:02	2022-09-08 07:03:02
BE22017534	4	1	정말? 그럼 빠른 속도로 달렸을 거 아냐? 엄청 놀랐을 것 같은데 불안할 만하네.	N	2022-09-08 07:03:02	2022-11-08 05:15:58
BE22017534	5	0	응, 이런 경험은 처음이라 너무 놀라서 급정거할 뻔 했어. 다행히 정신 차리고 휴게소에 정차하고 쉬는 중이야.	N	2022-09-08 07:03:02	2022-11-08 05:15:58
BE22017534	6	1	침착한 너답게 대처를 잘했네. 마음을 잘 추스려야겠다. 목적지까지는 아직 많이 남은 거야?	N	2022-09-08 07:03:02	2022-11-08 05:15:58
BE22017534	7	0	아직 한 시간 정도 더 가야 할 것 같은데, 문제는 운전대를 잡기가 너무 불안해서 큰일이야. 또 한 번 같은 상황이 생기면 감당을 못할 것 같아.	N	2022-09-08 07:03:02	2022-11-08 05:15:58
BE22017534	8	1	처음 겪는 일이라 많이 당황했나 보다. 언니도 예전에 밤길 운전하다가 갑자기 고라니가 나와서 엄청 놀랐었던 적이 있었거든. 그때 나도 다시 운전하기가 불안했었어.	N	2022-09-08 07:03:02	2022-11-08 05:15:58
BE22017534	9	0	언니도 이런 적이 있었구나. 불안을 진정하고 평온을 찾고 싶은데 방법을 모르겠어.	N	2022-09-08 07:03:02	2022-09-08 07:03:02
BE22017534	10	1	자꾸 그 사건에 대해서 생각하기보다 휴게소에서 차 한잔하면서 다른 생각으로 환기하는 건 어떨까? 나는 불안할 때마다 그런 방법으로 떨쳐내곤 했었거든.	N	2022-09-08 07:03:02	2022-11-08 05:15:58
BE22017534	11	0	좋은 생각인 것 같아. 머릿속에 그 장면이 자꾸 떠오르니 더 불안해지는 것 같다. 자꾸 불안한 생각을 하기보다 잊으려고 노력 해 봐야겠어.	N	2022-09-08 07:03:02	2022-11-08 05:15:58
BE22017534	12	1	어쩌다 그런 일을 겪긴 했지만 사실 자주 발생하는 일은 아니잖아? 마음의 여유를 가지고 평소의 너의 모습으로 침착하게 운전하면 목적지까지 안전하게 도착할 수 있을 거야.	N	2022-09-08 07:03:02	2022-11-08 05:15:58
BE22017534	13	0	맞아. 나는 침착함이 무기인 사람이잖아. 언니 덕분에 많이 진정할 수 있게 된 것 같아. 겁쟁이 동생 때문에 언니가 고생이 많아.	N	2022-09-08 07:03:02	2022-11-08 05:15:58
BE22017534	14	1	아니야. 외근 가는 길에 많이 당황했을 네가 고생이 많다. 외근 조심히 잘 다녀오고 이따가 집에서 보자.	N	2022-09-08 07:03:02	2022-11-08 05:15:58
BE22017534	15	0	응. 고마워 언니, 이따가 집에서 봐.	Y	2022-09-08 07:03:02	2022-09-08 07:03:02
