id	utterance_id	utterance_type	utterance_text	terminate	regDate	updDate
BE22018715	1	0	언니, 우리 남편은 아무래도 내기 중독인 것 같아. 내가 무슨 말만 하면 내기하자면서 나에게 제안하는데 처음에는 웃고 넘겼어. 하지만 갈수록 심해지는 내기에 걱정도 되고 어디 가서 도박에 빠지는 건 아닐지 너무 불안해.	N	2022-09-18 05:54:39	2022-11-08 05:23:04
BE22018715	2	1	너 정말 걱정이 많이 되겠어. 제부가 그런 사람이 아니었는데. 너의 메시지를 읽으니 내가 도리어 더 걱정돼서 가슴이 철렁 내려앉는 것 같아.	N	2022-09-18 05:54:39	2022-11-08 05:23:04
BE22018715	3	0	정말 요즘 사람이 너무 달라졌어, 왜 그런지 이유를 몰라서 더 불안한 심정이야. 남편이 저렇게 내기에 집착하게 된 이유라도 알았으면 좋겠어.	N	2022-09-18 05:54:39	2022-11-08 05:23:04
BE22018715	4	1	당연하지, 얼마나 알고 싶겠니. 나도 너의 메시지를 읽으면서 그 사유가 너무 궁금한데. 넌 아내로서 더욱 궁금하고 알고 싶은 심정이겠지.	N	2022-09-18 05:54:39	2022-11-08 05:23:04
BE22018715	5	0	우선은 남편에게 진지하게 왜 요즘 이렇게 내기하자고 타령하는지 물어보려고. 그래서 남편과 진지하게 이야기하고 싶어서 이것저것 하고 싶은 말들을 적었어.	N	2022-09-18 05:54:39	2022-11-08 05:23:04
BE22018715	6	1	그거 정말 좋은 생각이다, 제부도 너와 진지하게 이야기한다면 그 연유를 말해 줄 거야. 역시 우리 동생은 이런 위기 속에서 해결할 방향을 찾는 게 대단하네. 난 남편에게 할 말들을 적어볼 생각은 못 했을 텐데 넌 참 현명한 아이인 것 같아.	N	2022-09-18 05:54:39	2022-11-08 05:23:04
BE22018715	7	0	너무 힘들고 고통스러움의 연속이고 마음속에 쌓아둔 질문이 많아서 그래. 남편이 혹시 저렇게 내기를 좋아하다가 정말 나쁜 길로 빠지지 않을까 걱정도 되고.	N	2022-09-18 05:54:39	2022-09-18 05:54:39
BE22018715	8	1	그런 걱정이 될만하지, 갑자기 다른 사람처럼 변한 제부인데 얼마나 네가 놀라고 불안했겠니. 그러니까 상세히 이야기를 나눈다면 서로의 마음을 이해하게 될 것이라 믿어 의심치 않아. 너희는 평소에도 말을 자주 나누잖아, 이번 일도 어려움 없이 해결하리라 믿어.	N	2022-09-18 05:54:39	2022-11-08 05:23:04
BE22018715	9	0	역시 언니와 이렇게 문자를 나누니까 내 불안했던 감정이 많이 위로되네. 남편이 내기 중독이라고 생각하고 많이 불안했던 게 사실이야. 그런데 언니와의 문자 대화 속에서 이렇게 위안을 받는다는 게 참 신기하고 고마워.	N	2022-09-18 05:54:39	2022-11-08 05:23:04
BE22018715	10	1	고맙기는 난 네가 이렇게 너의 속마음을 나에게 말해 준 것만 해도 고마워. 사실 이런 이야기를 꺼낸다는 것이 조심스럽고 용기가 필요한 일이잖아.	N	2022-09-18 05:54:39	2022-11-08 05:23:04
BE22018715	11	0	언니에게 말하는 것이라서 힘을 낸 것이야. 언니가 내 상황을 가장 잘 알고 있고 내 심정도 이해해 주잖아. 그래서 언니와 문자를 나누면 이렇게 힘을 얻어서 다시 생각할 수 있는 힘을 얻어.	N	2022-09-18 05:54:39	2022-09-18 05:54:39
BE22018715	12	1	내 진심을 알아주는 네가 내 동생이라서 너무 다행이야. 진심이 통해서 네가 마음이 풀리기를 바랐는데 소원이 이루어 진 것 같아서 매우 기뻐.	N	2022-09-18 05:54:39	2022-11-08 05:23:04
BE22018715	13	0	그렇게 문자 해줘서 고마워. 남편이 내기 중독에 걸린 것 같다는 생각에 난 불안에 떨고 있었어. 누구에게 알리지도 못하고 속앓이만 하고 있었는데 언니의 위로가 날 바꿨어.	N	2022-09-18 05:54:39	2022-11-08 05:23:04
BE22018715	14	1	그랬구나, 난 혼자 아파하면서 속앓이할 너를 상상하는 게 더 마음 아픈 사람이야. 그러니까 언제든지 네가 속상하고 불안한 일이 생긴다면 나에게 말해주었으면 해.	N	2022-09-18 05:54:39	2022-11-08 05:23:04
BE22018715	15	0	응, 다음에도 꼭 그럴게, 언니에게 받은 진심 어린 위로는 잊지 못할 감정이야. 그리고 이제는 남편과 진지하게 말할 용기도 생기게 되었고. 이게 다 언니 덕분에 해결되었다는 생각이 들어서 너무 감사한 마음이야.	Y	2022-09-18 05:54:39	2022-11-08 05:23:04
