id	utterance_id	utterance_type	utterance_text	terminate	regDate	updDate
BE22018080	1	0	누나, 내가 누나 사는 동네로 이사 갈까? 거기는 살기 좋아? 나 요즘 이 동네 사는 게 불안하네.	N	2022-09-14 02:18:44	2022-11-08 05:19:15
BE22018080	2	1	갑자기? 너 지금 사는 집으로 들어간 지도 얼마 안 됐잖아. 무슨 일 있어?	N	2022-09-14 02:18:44	2022-09-14 02:18:44
BE22018080	3	0	애들 다니는 학교 근처에 성범죄자가 살고 있다는 통지가 왔어. 우리 큰애가 올해 입학했잖아. 집 사기 전에 성범죄자 조회 한 번 해볼 걸, 너무 후회되고 걱정돼.	N	2022-09-14 02:18:44	2022-11-08 05:19:15
BE22018080	4	1	저런, 생각지도 못했을 텐데 무척 걱정되겠다. 네가 처음으로 집 사고 기뻐하던 모습이 엊그제 같은데 그런 일이 일어나다니 너무 안쓰럽다. 나였어도 무척 불안했을 것 같아.	N	2022-09-14 02:18:44	2022-11-08 05:19:15
BE22018080	5	0	응, 애들도 걱정되고 와이프한테도 미안해. 와이프는 애초에 학군이 별로라고 이 동네로 오는 걸 탐탁지 않아 했거든. 너무 불안해서 두방망이질하는 가슴을 진정할 길이 없어.	N	2022-09-14 02:18:44	2022-09-14 02:18:44
BE22018080	6	1	그랬구나, 네가 많이 난처하겠다. 하지만 지금은 조금 마음을 가다듬고 신중하고 깊이 있게 생각해보는 게 어떨까? 현실적인 방안들을 생각하다 보면 마음의 불안도 조금씩 가실 거야.	N	2022-09-14 02:18:44	2022-11-08 05:19:15
BE22018080	7	0	내가 이렇게 걱정만 하면 애들도 학교 다니기 쉽지 않을 텐데 불안감이 쉽게 가시질 않네.	N	2022-09-14 02:18:44	2022-09-14 02:18:44
BE22018080	8	1	어떤 순간이 와도 아이들을 가장 먼저 생각하는 너는 정말 좋은 아버지야. 아이들에게 가장 중요한 건 사는 집도, 학군도 아닌 가정환경이라고 생각해. 너처럼 좋은 아버지 밑에서 자라니 아이들은 최고의 성장 조건을 가진 셈이지.	N	2022-09-14 02:18:44	2022-09-14 02:18:44
BE22018080	9	0	그런가? 나는 그동안 나 자신을 성범죄자가 사는 동네에 둥지를 튼 나쁜 아빠라고 생각해서 불안했어.	N	2022-09-14 02:18:44	2022-11-08 05:19:15
BE22018080	10	1	너무 그런 생각을 하면서 불안해하지 마, 네 잘못도 아닌걸. 우리 어렸을 때를 생각해 봐, 우리도 어려운 환경에서 자랐는데 잘만 컸잖아.	N	2022-09-14 02:18:44	2022-11-08 05:19:16
BE22018080	11	0	그 생각은 해보지 못했는데, 정말 그렇네. 누나 말 들으니까 좀 안정이 된다.	N	2022-09-14 02:18:44	2022-11-08 05:19:16
BE22018080	12	1	그렇지? 너무 극단적으로 이사 생각만 하지 말고, 아이들을 보호할 좋은 방법을 찬찬히 생각해보자. 누나도 같이 지혜를 모아줄게.	N	2022-09-14 02:18:44	2022-11-08 05:19:16
BE22018080	13	0	그렇게 말해줘서 고마워. 불안해서 어쩔 줄 모르는 마음에 누나한테 연락한 건데 그러길 잘한 것 같아. 덕분에 부정적인 감정에 치우치기보다 지금 할 수 있는 일에 집중해야겠다는 생각이 들었어.	N	2022-09-14 02:18:44	2022-11-08 05:19:16
BE22018080	14	1	정말 현명한 생각이야. 마음이 어지러울 때면 언제든 연락해도 돼. 누나가 항상 든든한 뒷배가 되어줄게.	Y	2022-09-14 02:18:44	2022-11-08 05:19:16
