id	utterance_id	utterance_type	utterance_text	terminate	regDate	updDate
BE22014874	1	0	형, 나 지금 운동하다가 다리를 다쳐서 119 불렀는데 아직 안 왔어. 너무 불안해.	N	2022-08-19 07:15:24	2022-11-08 04:59:36
BE22014874	2	1	뭐라고? 너 진짜 놀라고 당황했겠다. 어떻게 된 일이야?	N	2022-08-19 07:15:24	2022-11-08 04:59:36
BE22014874	3	0	혼자 농구 하다가 다리를 접질렸어. 부른 지가 좀 됐는데 왜 이렇게 안 오는지 모르겠어. 점점 불안하고 초조한 기분이야.	N	2022-08-19 07:15:24	2022-11-08 04:59:36
BE22014874	4	1	아이고 혼자라니 네가 더 불안하고 초조할 것 같아. 그런 상황에서는 누구나 너처럼 불안함을 느끼는 게 당연해. 나라면 머리가 멍해져서 어떻게 해야 할지 생각도 안 났을 거야.	N	2022-08-19 07:15:24	2022-11-08 04:59:36
BE22014874	5	0	이러다가 안 오는 건 아니겠지? 다리도 점점 더 아파오는데, 이러다 다리 못 쓰는 거 아닐까?	N	2022-08-19 07:15:24	2022-11-08 04:59:36
BE22014874	6	1	네 불안한 마음은 이해하지만, 너무 안 좋은 쪽으로 상상하지 말고 조금 더 마음의 안정을 취해보자. 천천히 심호흡하면서 마음을 가라앉혀봐. 마음이 급하면 안 좋은 쪽으로 더 많이 생각이 기울어지게 돼.	N	2022-08-19 07:15:24	2022-11-08 04:59:36
BE22014874	7	0	응. 형 말대로 심호흡하고 있어. 근데 너무 시간이 안 가는 것 같아. 자꾸 불안한 마음이 들어.	N	2022-08-19 07:15:24	2022-11-08 04:59:36
BE22014874	8	1	내가 너라도 1분 1초가 엄청나게 길게 느껴지고 불안감이 찾아올 것 같아. 그래도 응급 상황이라 정신이 없을 텐데 너 이 정도면 정말 차분히 잘하고 있는 거야. 조금만 더 힘을 내고 있으면 구급차가 곧 올 테니 너무 걱정하지 마.	N	2022-08-19 07:15:24	2022-11-08 04:59:36
BE22014874	9	0	형이 그렇게 말해주니 좀 안심이 된다. 차분히 기다릴 수 있을 것 같아.	N	2022-08-19 07:15:24	2022-08-19 07:15:24
BE22014874	10	1	몸이 아픈데 그렇게 느끼는 게 정말 당연하지. 네가 불안함이 조금 사라졌다니 나도 이제야 마음이 조금 놓이는 것 같아.	N	2022-08-19 07:15:24	2022-11-08 04:59:36
BE22014874	11	0	나에게 이런 형이 있다는 게 정말 다행이야. 형이랑 이야기하면 불안함이 사라져.	N	2022-08-19 07:15:24	2022-11-08 04:59:37
BE22014874	12	1	응, 당연하지. 지금 혼자 있어서 더 불안할 텐데, 내가 옆에 있다고 생각해봐. 그렇게 네 마음속의 불안함을 조금씩 달래보는 거야. 그럼 시간도 금방 가는 것처럼 느낄 수 있어.	N	2022-08-19 07:15:24	2022-11-08 04:59:37
BE22014874	13	0	정말 그런 것 같아. 고마워 형! 불안함이 사라지니까 통증도 좀 괜찮아지는 느낌이야.	N	2022-08-19 07:15:24	2022-08-19 07:15:24
BE22014874	14	1	정말 다행이다! 네가 침착하게 마음을 잘 다잡아서 그런 거야. 지금처럼 차분하게 치료도 잘 받고 오자.	Y	2022-08-19 07:15:24	2022-08-19 07:15:24
