id	utterance_id	utterance_type	utterance_text	terminate	regDate	updDate
BE22017938	1	0	언니 내가 묻는 말에 엄마가 어두운 표정을 지으며 시선을 회피했어. 이번 건강 검진 결과를 물은 건데 혹시 안 좋을까 봐 너무 불안해.	N	2022-09-13 06:55:43	2022-09-13 06:55:43
BE22017938	2	1	벌써 결과가 나왔니? 난 잊고 있었는데 엄마 표정이 안 좋았다니 나도 걱정이 되네.	N	2022-09-13 06:55:43	2022-11-08 05:18:26
BE22017938	3	0	엄마가 계속 소화가 안 되고 속이 안 좋았다고 했잖아. 그런데 병원을 미루다 간 거여서 혹시나 의사의 안 좋은 말을 들었을까 봐 불안해. 머리에 생각이 꼬리를 물고 물어서 아무 일도 할 수 없을 정도야.	N	2022-09-13 06:55:43	2022-09-13 06:55:43
BE22017938	4	1	엄마도 나이가 있으니까 완벽하게 건강할 수만은 없을 거야. 아직 엄마가 결과가 어떻다고 확실하게 말한 건 아니니까 너무 심각하게 생각하지 말자.	N	2022-09-13 06:55:43	2022-11-08 05:18:26
BE22017938	5	0	불쌍한 우리 엄마 효도도 못했는데 벌써 아프면 어쩌지? 건강 칼럼 보는데 엄마가 말했던 속 쓰림이 정말 심각한 전조 증상일 수도 있대. 너무 불안해서 잠도 안 올 지경이야.	N	2022-09-13 06:55:43	2022-09-13 06:55:43
BE22017938	6	1	요즘 의학이 발전되어서 큰일 아니면 괜찮은 거니까 너무 걱정 말아. 또 너만 있는 게 아니라 우리 가족이 함께하는데 너무 두려워할 필요 없어. 이제 부모님이 연로하시니 한 번은 겪어야 될 과정이라고 생각해.	N	2022-09-13 06:55:43	2022-11-08 05:18:26
BE22017938	7	0	그렇지만 언니 난 아직 마음의 준비가 안 되었어. 그동안 엄마한테 잘하지 못한 게 후회되고 자꾸 안 좋은 쪽으로 생각이 떠올라서 불안해.	N	2022-09-13 06:55:43	2022-11-08 05:18:26
BE22017938	8	1	그럴수록 우리가 마음을 먼저 굳게 먹어야지. 엄마가 가장 불안하고 무서울 텐데 우리가 옆에서 힘이 되어줘야지. 씩씩하게 엄마 곁을 지키면서 힘을 줘야지 엄마도 덜 힘들고 우리도 괜찮아질 거야.	N	2022-09-13 06:55:43	2022-11-08 05:18:26
BE22017938	9	0	언니 나는 이 모든 일이 너무 갑작스러운 거 같아서 마음이 조마조마하고 걱정스러워. 난 아무런 준비도 안 되었는데 엄마가 크게 아플까 봐 무섭고 불안해. 엄마가 아파도 우리 가족 모두가 잘 버텨낼지 난 정말 모르겠고 자신이 없어.	N	2022-09-13 06:55:43	2022-09-13 06:55:43
BE22017938	10	1	어떤 불행이든 예고하고 찾아오는 건 없지. 언니가 옆에서 마음을 다독여줄 테니 불안할 때마다 언니에게 털어놓으렴. 다만 두려워하는 마음보다는 우리가 다 함께 이겨내리라는 긍정적인 믿음을 갖는 게 더 좋지 않을까?	N	2022-09-13 06:55:43	2022-11-08 05:18:26
BE22017938	11	0	언니가 있어서 참 다행이야. 언니한테 말하기 전까지는 나 혼자 이 일을 어떻게 감당하지 하고 생각했는데 말하고 나니 많이 풀렸어. 마음이 많이 진정됐어.	N	2022-09-13 06:55:43	2022-11-08 05:18:26
BE22017938	12	1	걱정만 한다고 해결될 일은 없으니까. 아직 미래는 모르니까 좋은 쪽으로 생각하자. 엄마도 무슨 일이 있으면 우리에게 먼저 말할 거야.	N	2022-09-13 06:55:43	2022-11-08 05:18:26
BE22017938	13	0	응. 혹시 모르니까 내가 엄마 곁에서 엄마를 잘 지켜봐야겠어. 제발 우리가 생각하는 안 좋은 일은 일어나지 않기를 기도해야지.	N	2022-09-13 06:55:43	2022-09-13 06:55:43
BE22017938	14	1	우린 가족이니까 다 같이 함께하면 무엇이든지 이겨낼 수 있을 거야. 일단 편안하게 마음을 먹고 오늘은 이만 쉬자.	N	2022-09-13 06:55:43	2022-11-08 05:18:26
BE22017938	15	0	고마워 언니. 언니가 없었으면 어땠을지 상상하기 싫다. 나에게 가족이 있어서 참 다행이야.	Y	2022-09-13 06:55:43	2022-11-08 05:18:26
