id	utterance_id	utterance_type	utterance_text	terminate	regDate	updDate
BE22018072	1	0	언니, 나 전 남자 친구 헤어진 지 6개월 정도 됐잖아. 그런데 아직도 자주 연락이 와. 불편한 대상의 연락을 받아줘야 한다는 게 정말 감정적으로 불편하고 불안해.	N	2022-09-14 01:16:19	2022-11-08 05:19:12
BE22018072	2	1	그렇게나 자주 연락이 오면 너무 불편하겠다. 나도 비슷하게 예전에 사귄 사람이 헤어지고도 연락이 자주 온 적이 있었는데, 너무 불편하더라고. 네가 너무 난감할 것 같아.	N	2022-09-14 01:16:19	2022-11-08 05:19:13
BE22018072	3	0	나는 좋아하는 감정이 남아있지 않다고 의사 표현을 확실히 했는데도, 친구로라도 지내자고 하더라고. 그러더니 계속 문자가 와서, 어찌해야 할지를 잘 모르겠어. 혹시나 집이나 회사에 찾아올까 봐 너무 불안한 거 있지.	N	2022-09-14 01:16:19	2022-09-14 01:16:19
BE22018072	4	1	그런데도 지속적으로 연락이 오는 그 사람도 참 눈치가 없네. 착한 네가 연락을 받아주면서 속앓이할까 봐 걱정이다. 안 좋아하는 사람과 억지로 연락해야 하는 네 기분이 참 답답하겠다.	N	2022-09-14 01:16:19	2022-11-08 05:19:13
BE22018072	5	0	맞아. 일할 때도 시도 때도 없이 문자가 오고, 전화까지 와. 그 사람이 엄청난 다혈질에 집착이 좀 있어서 불안감이 좀더 심해졌어. 한편으로는 내가 대처를 잘하지 못하는 것 같아서 스스로도 많이 답답한 마음도 들어.	N	2022-09-14 01:16:19	2022-11-08 05:19:13
BE22018072	6	1	확실하게 의사 표현을 했다고 했으니, 지혜로운 넌 분명 잘 대처하고 있을 거라 생각해. 아마, 그 사람이 집요해서 이런 일이 일어난 것 같아. 네 탓이라 생각하고 너무 본인을 자책하지 않았으면 해.	N	2022-09-14 01:16:19	2022-11-08 05:19:13
BE22018072	7	0	그렇긴 한데, 사실 의사 표현을 하긴 했지만 정이 들어서 연락을 끊어내는 게 쉽지 않다. 사실 사귈 때도 나한테 버럭 화를 자주 내고, 연락에 집착을 많이 했던 사람이거든. 헤어지고 나서도 나에게 화를 낼까 봐 불안해서 답장을 다 해주고 있어.	N	2022-09-14 01:16:19	2022-09-14 01:16:19
BE22018072	8	1	네가 원하지 않는다면 분명하게 거절을 해야 할 것 같아. 오히려 입장을 애매하게 하는 게 너와 전 남자 친구에게 더 좋지 않을 거야. 너의 감정을 확실하게 표현하는 게 서로에게 좋은 방법일 것 같아.	N	2022-09-14 01:16:19	2022-11-08 05:19:13
BE22018072	9	0	거절했다가 나에게 해코지를 하지는 않을까? 여러 생각들이 들어서 마음이 혼란스럽고 불안해.	N	2022-09-14 01:16:19	2022-09-14 01:16:19
BE22018072	10	1	최대한 좋은 방법을 떠올려서 거절해야 할 것 같아. 우선은 너의 불안한 마음이 가라앉는 게 가장 먼저고, 너의 안전이 먼저니까. 네가 힘들다면 나도 옆에서 도와줄 테니 너무 걱정 말고 이 상황을 함께 풀어나가 보자.	N	2022-09-14 01:16:19	2022-11-08 05:19:13
BE22018072	11	0	도와준다는 언니의 말이 너무 든든하다. 전 남자 친구의 지속적인 연락에 마음이 많이 혼란스럽고 불안했었거든. 그런데 언니가 이렇게 내 편을 들어주니까 자신감이 좀 생기고 기운이 나는 것 같아.	N	2022-09-14 01:16:19	2022-11-08 05:19:13
BE22018072	12	1	넌 충분히 옳은 결정을 할 수 있는 좋은 사람이기에 자신감을 가져도 돼. 조금 불편한 일을 겪었다고 해서 주눅 들 것 없다고 생각해. 그래도 네가 기운이 좀 난다고 하니 나도 안심이 되네.	N	2022-09-14 01:16:19	2022-11-08 05:19:13
BE22018072	13	0	역시 언니한테 고민 상담하길 잘했어. 언니는 항상 내 편이 돼주고, 나를 좋은 방향으로 이끌어 주는 사람이야.	N	2022-09-14 01:16:19	2022-11-08 05:19:13
BE22018072	14	1	너한테 이런 칭찬을 받다니 나도 기분이 좋다. 앞으로도 혼자 끙끙 앓지 말고 나한테 말해. 어려움이 있을 때면 우리 같이 헤쳐 나가보자.	N	2022-09-14 01:16:19	2022-11-08 05:19:13
BE22018072	15	0	그렇게 말해줘서 든든하다. 항상 고마운 마음이고, 오늘도 정말 고마워 언니.	Y	2022-09-14 01:16:19	2022-09-14 01:16:19
