id	utterance_id	utterance_type	utterance_text	terminate	regDate	updDate
BE22008824	1	0	내일 친구랑 식당에 가기로 했는데 걱정이 이만저만이 아니야.	N	2022-07-14 06:58:29	2022-11-08 04:21:11
BE22008824	2	1	왜 그러니, 무슨 일 있어?	N	2022-07-14 06:58:29	2022-11-08 04:21:11
BE22008824	3	0	내일 가는 식당이 엄청나게 비싼 식당이거든. 알다시피 난 돈이 없고.	N	2022-07-14 06:58:29	2022-11-08 04:21:11
BE22008824	4	1	얼마나 비싼 식당이길래 걱정을 해. 빌리면 되지. 걱정하지 마, 언니가 빌려줄 테니까.	N	2022-07-14 06:58:29	2022-11-08 04:21:11
BE22008824	5	0	언니 용돈으로도 감당 안 될 거야. 호텔 뷔페라서 좀 비싼 게 아니더라고.	N	2022-07-14 06:58:29	2022-11-08 04:21:11
BE22008824	6	1	그렇게 비싼 곳이었구나. 용돈으로 감당 안 되는 곳이면 불안하지. 친구랑 같이 가더라도 걱정되긴 하겠다.	N	2022-07-14 06:58:29	2022-11-08 04:21:11
BE22008824	7	0	맞아. 내일은 친구가 사준다고 했는데 그게 더 불편한 거 있지. 그렇다고 사준다는 데 거절하기도 애매하고.	N	2022-07-14 06:58:29	2022-11-08 04:21:11
BE22008824	8	1	그럴 때가 있지. 호의로 주는 것이어도 받을 때는 부담되는 경우가 있어. 다음엔 네가 사주는 건 어떨까?	N	2022-07-14 06:58:29	2022-11-08 04:21:11
BE22008824	9	0	한 끼에 몇 십만 원씩 하는 걸 사주는 건 나한텐 무리인걸. 우리 집 사정이 그렇게 여유로운 것도 아니고.	N	2022-07-14 06:58:29	2022-11-08 04:21:11
BE22008824	10	1	너무 가격에 얽매이지 않았으면 좋겠다. 친구도 가격을 생각하며 너에게 사주는 건 아닐 거야. 그러니 너무 불편하게 생각하지 말고 즐기고 오는 건 어떨까?	N	2022-07-14 06:58:29	2022-11-08 04:21:11
BE22008824	11	0	물론 친구는 좋은 마음으로 초대 했을 거야. 정말 착한 친구거든. 내가 걱정이 많아서 그런 거고.	N	2022-07-14 06:58:29	2022-11-08 04:21:11
BE22008824	12	1	친구가 그만큼 널 좋아하는 것 같아 난 오히려 보기 좋은 것 같아. 큰 돈 쓰는 게 아깝지 않은 친구가 되어 준 것 같아 훈훈해 보이는걸.	N	2022-07-14 06:58:29	2022-11-08 04:21:11
BE22008824	13	0	정말로 그 친구가 나를 그렇게 생각해 주면 좋을 텐데.	N	2022-07-14 06:58:29	2022-11-08 04:21:11
BE22008824	14	1	분명 그럴 거야. 그러니 걱정하지 말고 재밌게 놀다 와. 그리고 앞으로도 친구랑 친하게 지내고.	N	2022-07-14 06:58:29	2022-11-08 04:21:11
BE22008824	15	0	그래. 고마워. 너무 불편하게 여기는 것도 생각해 보니 실례였던 것 같아. 내일은 재밌게 놀다 올게.	Y	2022-07-14 06:58:29	2022-11-08 04:21:11
