id	utterance_id	utterance_type	utterance_text	terminate	regDate	updDate
BE22018199	1	0	누나 나 속이 너무 쓰린데 병원 가볼까? 큰 병이면 어떡하나 싶어서 너무 불안해.	N	2022-09-14 09:46:36	2022-09-14 09:46:36
BE22018199	2	1	갑자기 몸이 안 좋아? 뭐 잘못 먹은 거 아냐?	N	2022-09-14 09:46:36	2022-09-14 09:46:36
BE22018199	3	0	별 건 아니고 3일 동안 하루에 비타민 시를 4000밀리그램씩 먹었어. 근데 여자 친구가 이렇게 먹는 거 과복용이라고 하더라고. 그것 때문인 것 같은데 위가 많이 상했을까 너무 불안해.	N	2022-09-14 09:46:36	2022-11-08 05:20:06
BE22018199	4	1	아이고 좀 과하게 복용하기는 했네. 위가 상했을지도 모르겠다는 생각에 불안해하는 게 당연해. 무척 당혹스러운데 불안하기도 하고 그렇겠다.	N	2022-09-14 09:46:36	2022-11-08 05:20:06
BE22018199	5	0	비타민은 몸에서 잘 빠져나가니까 정량보다 조금 더 먹는 게 좋다고 했는데 이럴 줄이야. 누나 나 별일 없겠지? 계속 생각해서 그런지 더 속 쓰린 것 같아.	N	2022-09-14 09:46:36	2022-11-08 05:20:06
BE22018199	6	1	불안감이 몸까지 더 안 좋게 느끼게 하나 보다. 영양제일 뿐이고 며칠 지나면 괜찮아질 거니까 너무 걱정하지 않아도 돼. 불안해하는 모습을 보니까 누나도 마음이 많이 안 좋네.	N	2022-09-14 09:46:36	2022-11-08 05:20:06
BE22018199	7	0	불안해서 인터넷에 계속 비타민 시 부작용 찾아보고 있어. 자꾸 안 좋은 결과만 상상하게 돼.	N	2022-09-14 09:46:36	2022-11-08 05:20:06
BE22018199	8	1	부정적인 결과를 찾다가 그게 너한테도 해당 사항이 될까 봐 더 불안한 마음 알겠어. 혹시 속 쓰림 말고도 몸에 다른 이상이 있어?	N	2022-09-14 09:46:36	2022-11-08 05:20:06
BE22018199	9	0	아직은 없는 거 같아. 속 쓰린 건 맞지만 토하고 싶거나 피부에 뭐가 나거나 그렇진 않아. 조금 더 알아보고 먹을 걸 처음 먹는 영양제라 내가 너무 안일했나 봐.	N	2022-09-14 09:46:36	2022-09-14 09:46:36
BE22018199	10	1	다른 이상은 없어서 다행이야, 누나도 한시름 놓았네. 그렇게 계속 불안감에 몰입하면 몸이 더 안 좋게 느껴질지도 몰라. 조금 진정하면 지금 느끼는 불안감이 많이 사라지고 너도 마음이 편해질 거야.	N	2022-09-14 09:46:36	2022-11-08 05:20:06
BE22018199	11	0	누나 말이 맞아. 나 정말 건강 염려증이라도 생긴 것처럼 너무 불안해했네. 사실 밥만 잘 먹으면 속이 너무 쓰리지도 않은데.	N	2022-09-14 09:46:36	2022-11-08 05:20:06
BE22018199	12	1	처음 먹는 영양제인데 과복용했다고 생각하면 그렇게 생각할 수 있지. 그래도 다음에는 설명서 잘 읽어보고 복용하는 게 좋을 것 같네.	N	2022-09-14 09:46:36	2022-11-08 05:20:06
BE22018199	13	0	응, 걱정시켜서 너무 미안해, 누나. 앞으로는 뭐든 조심해서 먹어야겠어.	N	2022-09-14 09:46:36	2022-11-08 05:20:06
BE22018199	14	1	별말을 다 한다. 몸에 별문제 없어서 너무 다행이야. 누나는 이제 일하러 간다!	Y	2022-09-14 09:46:36	2022-11-08 05:20:06
