id	utterance_id	utterance_type	utterance_text	terminate	regDate	updDate
BE22005679	1	0	형, 방금 고등학교 동창 녀석한테 전화했는데 다른 사람이 받더니 전화번호가 바뀌었대. 제일 친한 녀석인데 나한테 말도 없이 전화번호를 바꿨어. 이게 뭔 일인가 싶어 당황스럽기만 하네.	N	2022-07-02 03:14:16	2022-11-08 04:00:58
BE22005679	2	1	제일 친한 친구한테 그런 일 당하면 진짜 황당하지. 너처럼 매사 꼼꼼하게 일처리하는 사람 눈에는 그 행동이 이해가 안 될 거야. 지금 네 심정을 알 거 같아 나도 마음이 안 좋다.	N	2022-07-02 03:14:16	2022-11-08 04:00:58
BE22005679	3	0	처음에는 진짜 얘가 나한테 왜 이러지? 내가 뭘 잘못했나 싶어 오전 내 그 생각하느라 일이 손에 안 잡히더라고.	N	2022-07-02 03:14:16	2022-11-08 04:00:58
BE22005679	4	1	요즘 사회생활 하는 사람들은 웬만해서 전화번호 안 바꿔. 그 일이 얼마나 리스크가 큰데 너랑 연을 끊겠다고 그러겠니? 뭔가 다른 사정이 생긴 거겠지.	N	2022-07-02 03:14:16	2022-11-08 04:00:58
BE22005679	5	0	사실은 그런 예감이 들어서 더 심란한 거 같아. 개인사업 하는 얘라 전화번호가 곧 영업수단일 텐데 쉽게 바꾼 게 너무 이상해. 아무래도 회사에 문제가 생긴 모양이야.	N	2022-07-02 03:14:16	2022-11-08 04:00:58
BE22005679	6	1	제일 친한 친구라니까 네 예감이 터무니없는 건 아닐 거야. 친구가 잘나가야 너도 마음이 편할 텐데 진짜 속상하겠다.	N	2022-07-02 03:14:16	2022-11-08 04:00:58
BE22005679	7	0	근데, 무슨 일 생겼으면 나한테 먼저 말해야 되는 거 아닌가? 그냥 말도 없이 잠적했다는 게 너무 서운하네.	N	2022-07-02 03:14:16	2022-11-08 04:00:58
BE22005679	8	1	그게, 너한테 부담을 안 주려고 일부러 그런 건지도 몰라. 네 형편 뻔히 아는데 사정 알아봐야 속만 더 상할 거라 생각했을 수 있지.	N	2022-07-02 03:14:16	2022-11-08 04:00:58
BE22005679	9	0	경제적으로 도움이 안 돼도 같이 걱정은 해줄 수 있잖아. 혼자 힘들 텐데 내가 술이라도 한잔 사주며 위로는 해줄 수 있다고. 그런데 이렇게 한 건 나를 못 믿어서가 아닌가 싶어 속상하네.	N	2022-07-02 03:14:16	2022-11-08 04:00:58
BE22005679	10	1	그래, 네 입장에서는 충분히 그렇게 생각할 수 있어. 나라도 내 친구가 그랬다면 안타까움을 넘어 서운했을 거야. 그게 다 친구를 위하는 마음이니 뭐라 할 수가 없다.	N	2022-07-02 03:14:16	2022-11-08 04:00:58
BE22005679	11	0	근데 형 말을 들으니 나한테 부담 안 주려고 그랬나 싶은 생각도 한편으로는 들어. 하긴, 그 녀석이 나를 생각하는 마음이 보통은 넘거든. 그나저나 상황이 안 좋다고 나쁜 생각을 하는 건 아닌지 좀 불안하다.	N	2022-07-02 03:14:16	2022-11-08 04:00:58
BE22005679	12	1	방송에 그런 뉴스가 많이 나와서 그렇지 실지로 그 일을 감행하는 사람은 많지 않아. 사람이 자기 삶을 내던지는 게 그렇게 쉽겠니? 더구나 가족도 있는 사람이.	N	2022-07-02 03:14:16	2022-11-08 04:00:58
BE22005679	13	0	아무래도 그렇겠지? 어린 자식이 둘이나 있는데 설마 그렇게 책임감 없이 행동하지는 않겠지? 그 녀석은 부부 금슬도 엄청 좋거든.	N	2022-07-02 03:14:16	2022-11-08 04:00:58
BE22005679	14	1	사람을 마지막까지 이승에 묶어 두는 건 뭐니 뭐니 해도 가족이야. 그렇게 사랑하는 가족이라면 더 그럴 테니 너무 걱정하지 마. 어디선가 해결책을 찾아 나타날 테니 너는 그저 네 친구의 행운을 빌며 조용히 기다려 줘.	N	2022-07-02 03:14:16	2022-11-08 04:00:58
BE22005679	15	0	형 말 들으니 마음이 좀 놓이긴 한다. 그래, 그 녀석이 부인과 애들을 얼마나 사랑하는데 딴마음을 먹겠어? 형 말 대로 어디선가 해결책을 찾고 있을 테니 마음 편히 기다려야겠어. 형 고마워.	Y	2022-07-02 03:14:16	2022-11-08 04:00:58
