id	utterance_id	utterance_type	utterance_text	terminate	regDate	updDate
BE22018405	1	0	언니, 요즘 딸 때문에 걱정이 이만저만이 아니야. 이제 딸도 어른이 다 되었으니 뭐라 타이르지도 못하겠고, 불안감만 커지네.	N	2022-09-15 11:09:00	2022-09-15 11:09:00
BE22018405	2	1	조카가 회사 다니면서 열심히 지낸다고 생각했는데 무슨 일이 있는 거야? 불안하다는 말을 들으니 너무 걱정된다.	N	2022-09-15 11:09:00	2022-11-08 05:21:17
BE22018405	3	0	얘가 회사에 다니면서 돈이 최고라고 말하는 거 있지. 돈을 중요시하는 건 좋은데, 너무 돈이 최고의 가치라고만 생각하니 불안해. 저러다 돈이라면 뭐든지 할 것만 같은 불안감이 드는 거 있지.	N	2022-09-15 11:09:00	2022-11-08 05:21:17
BE22018405	4	1	너무 갑자기 딸의 생각이 바뀌고, 태도도 변하면 엄마로서 걱정되고 불안한 마음이 드는 건 당연하지. 사회생활 초기에는 돈을 벌면 편리한 게 많아지니 그런 생각하게 되잖아. 너무 예민하게 그 변화를 받아들이며, 불안해하지는 마.	N	2022-09-15 11:09:00	2022-11-08 05:21:17
BE22018405	5	0	딸이 요즘 어떻게 하면 더 돈을 벌 수 있을까 궁리만 하거든. 입사한 지 얼마 되지 않은 회사 일에는 관심도 없어. 저러다 회사를 그만둔다고 할까 봐 불안해.	N	2022-09-15 11:09:00	2022-11-08 05:21:17
BE22018405	6	1	넌 언제나 조카가 안정적인 직장에서 일하며 편하게 살기를 원했잖아. 그게 이제야 실현된 것 같은데, 딸이 다시 불안정한 일상으로 돌아갈까 봐 그게 불안한 거구나. 조카도 자기 앞길 알아서 갈 수 있는 나이잖아, 그러니 걱정을 사서 하지는 말아.	N	2022-09-15 11:09:00	2022-11-08 05:21:17
BE22018405	7	0	돈이 최고라며, 사업을 하고 싶고, 회사 생활만으로는 부자로 살 수 없다는 딸의 생각이 불안해. 허황한 꿈으로 지금 할 수 있는 경험을 놓치고 가면 어쩌나 하는 생각이 들거든.	N	2022-09-15 11:09:00	2022-11-08 05:21:17
BE22018405	8	1	인생을 먼저 살아보니, 그 나이에 경험할 수 있는 일들이 있다는 걸 알잖아. 그런 엄마 마음을 딸이 알아주면 참 좋을 텐데 말이야. 딸의 생각과 결정도 존중해주는 게 부모가 할 일이잖아, 그러니 믿으며 기다리는 마음으로 바라보면 불안감이 사라질 거야.	N	2022-09-15 11:09:00	2022-11-08 05:21:17
BE22018405	9	0	머리로는 그게 되는데, 딸을 믿고 기다리는 마음에 불안감이 드는 건 어쩔 수 없네. 저러다 고생하면 어쩌나 하는 마음으로 바라보게 돼. 딸이 편한 삶을 살았으면 하는 게 엄마 마음이잖아.	N	2022-09-15 11:09:00	2022-11-08 05:21:17
BE22018405	10	1	아직도 어린아이 같고, 힘들어하는 모습을 보고 싶지 않은 엄마 마음, 나도 잘 알지. 그런데 딸이 선택한 인생을 바라보며, 응원해주는 마음이 진정 딸을 위하는 부모의 마음이라 느껴져. 걱정을 내려두고, 딸 앞에 펼쳐질 미래를 기대하는 마음으로 바라볼 수 있었으면 좋겠다.	N	2022-09-15 11:09:00	2022-11-08 05:21:17
BE22018405	11	0	너무 내 생각으로만 딸의 인생을 바라본 것 같아. 돈이 최고라는 딸의 태도가 잘못되었다는 생각을 시작으로 딸의 모든 결정이 불안하게만 느껴졌거든. 그런데 언니랑 대화를 나누며, 생각이 정리되니 불안했던 마음도 진정되는 것 같아.	N	2022-09-15 11:09:00	2022-11-08 05:21:17
BE22018405	12	1	성인이 된 딸의 결정이 아직도 불안하고, 걱정되는 건 어쩔 수 없는 일이지. 그래도 그 결정을 존중하고 믿어주는 게 부모가 할 일이잖아. 불안한 마음이 진정되었다니, 나도 이제야 안심이 된다.	N	2022-09-15 11:09:00	2022-11-08 05:21:17
BE22018405	13	0	존중하고 믿는다는 말이 정말 중요하게 느껴진다. 아직도 어린아이라 생각하는 내 마음에도 변화가 필요하다고 생각해. 불안감을 내려두고, 생각하다 보니 앞으로 딸과의 관계를 어떡할지 마음이 정리돼서 홀가분하다.	N	2022-09-15 11:09:00	2022-11-08 05:21:17
BE22018405	14	1	네 불안한 마음을 대화로 해결할 수 있어 정말 다행이다. 가벼운 마음으로 딸의 앞날에 응원 많이 해주렴.	N	2022-09-15 11:09:00	2022-11-08 05:21:17
BE22018405	15	0	언니가 있어서 정말 다행이야. 불안한 마음을 어떻게 정리할지 몰라 고민이 많았거든. 정말 고마워, 덕분에 딸의 결정을 편안한 마음으로 바라볼 수 있을 것 같아.	Y	2022-09-15 11:09:00	2022-11-08 05:21:17
