id	utterance_id	utterance_type	utterance_text	terminate	regDate	updDate
BE22004581	1	0	형 나 요즘 부쩍 가래가 많이 나오는데 이거 담배를 끊어야 사라지겠지?	N	2022-06-28 07:34:02	2022-11-08 03:53:52
BE22004581	2	1	아무래도 그렇지 않을까? 안 끊으면 계속 가래가 나올 테니까. 앞으로 금연하려고 생각 중인 거야?	N	2022-06-28 07:34:02	2022-11-08 03:53:52
BE22004581	3	0	응. 마음은 그런데 내가 쉽게 끊을 수 있을지 모르겠네. 예전에 한번 시도했다가 금단현상으로 꽤 오래 고생을 해서 그런지 두려움이 앞선다.	N	2022-06-28 07:34:02	2022-11-08 03:53:52
BE22004581	4	1	아 그때 너 진짜 고생 많이 했지. 옆에서 다 지켜봐서 그런지 네 심정 충분히 이해돼. 나였어도 극복하기 어려웠을 거 같아.	N	2022-06-28 07:34:02	2022-11-08 03:53:52
BE22004581	5	0	맞아. 그때 나 사실 진짜 무서웠거든. 기분이 시시각각 바뀌고 손도 떨리고 잠도 안 오니까 정말 힘들었었어. 근데 이걸 또 도전하려니까 또 불안하네.	N	2022-06-28 07:34:02	2022-11-08 03:53:52
BE22004581	6	1	왜 안 그러겠어. 나도 금연할 때 힘들었지만 네가 유독 더 고생이 많았잖아. 충분히 그럴 만해. 그렇지만 네 건강을 생각해서라도 언젠간 해결해야 할 문제라고 생각해.	N	2022-06-28 07:34:02	2022-11-08 03:53:52
BE22004581	7	0	응. 내 생각도 그래. 언젠간 꼭 해야 하는데 두려워서 그런가 자꾸 미루고 싶은 심정이야.	N	2022-06-28 07:34:02	2022-11-08 03:53:52
BE22004581	8	1	두려움이 앞서면 누구나 그런 생각을 하게 되지. 나도 그랬고. 그런데 형 생각에는 네가 시간이 좀 걸리더라도 꾸준히 노력해 봤으면 좋겠어. 포기만 안 하면 적어도 미래의 너에게 떳떳할 수 있으니까!	N	2022-06-28 07:34:02	2022-11-08 03:53:53
BE22004581	9	0	형 말이 맞아. 지금 내가 포기해버리면 더 큰 두려움이 생길 거 같아. 그런데 도전해놓고 쉽게 무너지면 안 될 텐데 어떻게 해야 될지 모르겠어.	N	2022-06-28 07:34:02	2022-11-08 03:53:53
BE22004581	10	1	우선 두려움에서 먼저 벗어나 보는 게 어때? 형도 몇 번의 시도 끝에 성공한 거잖아. 처음에 나도 무척 두려웠는데 마음이 무거울수록 더 힘들어지더라고.	N	2022-06-28 07:34:02	2022-11-08 03:53:53
BE22004581	11	0	진짜 그런 거 같아. 오히려 처음 도전했을 때 보다 더 두려워서 그게 고민이었거든.	N	2022-06-28 07:34:02	2022-11-08 03:53:53
BE22004581	12	1	응. 원래 한순간에 끊는 건 누구나 다 어려운 거잖아. 느리게 가더라도 자책하지 말고 서서히 줄여나가면서 네가 조금씩 발전하면 그때 스스로를 칭찬해 줘.	N	2022-06-28 07:34:02	2022-11-08 03:53:53
BE22004581	13	0	좋은 방법인 거 같아. 형도 그런 식으로 해서 성공한 거였구나. 다른 사람들은 쉽게 끊는 거 같은데 내가 의지가 부족해서 실패한 줄 알았거든.	N	2022-06-28 07:34:02	2022-11-08 03:53:53
BE22004581	14	1	아냐. 쉬운 사람들이 더 적을 거야. 그리고 내가 아는 너는 지구력이 좋아서 꾸준히 노력하면 분명 금연을 성공할 거라고 믿어.	N	2022-06-28 07:34:02	2022-11-08 03:53:53
BE22004581	15	0	정말? 아깐 너무 막막했는데 이렇게 용기 줘서 고마워. 형 믿고 나도 더 열심히 도전해 볼게!	Y	2022-06-28 07:34:02	2022-11-08 03:53:53
