id	utterance_id	utterance_type	utterance_text	terminate	regDate	updDate
BE22013280	1	0	누나, 어쩌면 좋아! 엊그제 받은 월급이 벌써 없어졌어. 이번 한 달을 어찌 살까 생각하니 걱정스럽다.	N	2022-08-05 11:23:41	2022-08-05 11:23:41
BE22013280	2	1	네가 첫 월급 받고 너무 신이 났었나 보구나. 아직 사흘밖에 지나지 않았는데, 월급이 다 떨어졌으니, 걱정이 당연히 되지.	N	2022-08-05 11:23:41	2022-11-08 04:49:29
BE22013280	3	0	너무 신이 났던 것 같아. 오늘은 통장을 보면서 머리가 멍해지더라고. 그런데 생각보다 월급이 적다고 느껴지니 불안해.	N	2022-08-05 11:23:41	2022-11-08 04:49:29
BE22013280	4	1	그럼, 이제 너 혼자 스스로 챙기며 살아야 하는데, 생활비가 없으니 막막하고 불안한 감정이 들지. 진정한 책임감을 네가 느끼고 있을 것 같다는 생각이 드는구나.	N	2022-08-05 11:23:41	2022-11-08 04:49:29
BE22013280	5	0	회사 생활하면서 독립까지 했으니 이제 정말 어른이 된 것 같아서 그저 기쁘기만 했거든. 그런데 이렇게 월급을 받고 돈을 써보니 어른으로서의 책임감이 무겁게 느껴진다. 그래서 더 불안하고, 막막한 감정도 들어.	N	2022-08-05 11:23:41	2022-08-05 11:23:41
BE22013280	6	1	누나도 처음 독립했을 때 돈이 부족해서 고생했던 경험이 있어. 그때 잠도 못 잘 정도로 힘들었던 기억이 있다. 네 마음이 어떨지 이해가 되니 좀 걱정이 되는걸.	N	2022-08-05 11:23:41	2022-11-08 04:49:29
BE22013280	7	0	누나도 그런 경험이 있었어? 난 누나가 항상 어른스럽게 잘 지내서 경제적으로는 전혀 문제가 없는 줄 알았어. 이렇게 적은 월급으로 어떻게 생활을 꾸려가야 할지 생각하니 스트레스받는다.	N	2022-08-05 11:23:41	2022-11-08 04:49:29
BE22013280	8	1	그 스트레스가 지금은 힘들고 피하고 싶을 거야. 하지만 그 감정을 잘 기억해두고, 거기서 더 나아가려 노력하다보면 지금보다 편안하게 지낼 수 있을 거야. 불안한 감정을 느끼면, 발전할 수 있는 기회도 거기 있다는 걸 기억했으면 좋겠어.	N	2022-08-05 11:23:41	2022-11-08 04:49:29
BE22013280	9	0	언제나 나에게 도움이 되는 조언을 해 주는 누나가 있어 다행이야. 요 며칠이 불안한 감정 때문에 회사 일도 집중이 되지 않았거든. 누나 말을 들으니 이것도 기회 삼아 더 발전할 수 있는 기회로 만들고 싶어졌어.	N	2022-08-05 11:23:41	2022-11-08 04:49:29
BE22013280	10	1	언제나 누나 말에 귀 기울여 주고, 실행하는 동생에게 고마운걸. 네가 너무 힘들어하면 어쩌지 하는 고민을 했거든. 네 불안이 발전의 원동력이 된다면 나도 안심이다.	N	2022-08-05 11:23:41	2022-11-08 04:49:29
BE22013280	11	0	첫해 월급으로 독립생활을 유지하는 게 쉽지 않겠다는 예상을 했었어. 그런데 월급 받고 너무 신이나 과소비를 해버렸어. 이것도 내가 저지른 실수이니 잘 수습해봐야지.	N	2022-08-05 11:23:41	2022-11-08 04:49:29
BE22013280	12	1	내 예상보다 훨씬 어른스러운 동생이라 다행이다. 네 실수를 책임지겠다는 너의 태도가 자랑스러워. 그게 바로 진정한 독립된 사람이 가져야 할 자세라고 생각해.	N	2022-08-05 11:23:41	2022-11-08 04:49:29
BE22013280	13	0	누나 덕분에 불안한 마음이 좀 줄어들었어. 무엇보다 불안한 감정을 부정적으로만 바라보지 않게 된 것 같아 다행이야. 앞으로도 비슷한 감정이 들 때마다 긍정적인 동기 부여를 할 수 있을 것 같아.	N	2022-08-05 11:23:41	2022-11-08 04:49:29
BE22013280	14	1	하나를 알려주면 열을 아는 똑똑한 동생이구나! 네가 이런 열린 마음으로 세상을 바라본다는 게 행운이야! 누나가 항상 너 응원하고 있으니, 어려운 일 있으면 언제든 찾아 와.	N	2022-08-05 11:23:41	2022-11-08 04:49:29
BE22013280	15	0	알지, 누나가 언제나 든든하게 내 뒤에 있다는 거 말이야. 그래서 얼마나 고마운지 몰라! 나도 누나 뒤에서 항상 응원하고 있다는 거 잊지 마!	Y	2022-08-05 11:23:41	2022-11-08 04:49:29
