id	utterance_id	utterance_type	utterance_text	terminate	regDate	updDate
BE22018887	1	0	언니! 나 지난번에 고객센터 일 하려고 알아보는 중이라고 했잖아. 그런데 우연히 고객센터 직원을 만나서 얘기를 해봤는데 생각보다 쉽지 않을 것 같아서 불안해. 고객 응대가 만만치 않을 거라고 생각은 했지만 별별 사람이 다 있다고 하네.	N	2022-09-19 08:14:23	2022-11-08 05:24:03
BE22018887	2	1	좋은 기회였구나. 그런데 우리가 예상한 것보다 일이 더 힘들다고 하셨나 보네. 예상은 했겠지만 직접 얘기를 들으면 아무래도 불안한 마음이 들 수 있지.	N	2022-09-19 08:14:23	2022-11-08 05:24:03
BE22018887	3	0	친구한테 고객센터 일 하려고 한다니까 자기 친구가 그런 일 한다고 하더라고. 그래서 내가 물어보고 싶은 게 있어서 만나게 해달라고 했거든. 그런데 얘길 하면 할수록 불안한 마음이 더 커지더라고.	N	2022-09-19 08:14:23	2022-11-08 05:24:03
BE22018887	4	1	좋은 의도로 알아본 일이 오히려 불안한 마음이 들게 해서 속상하겠구나. 하지만 아직 해 보지도 않은 일에 대해 불안함을 갖지 말았으면 좋겠어. 사람마다 환경이 다 다를 텐데 정보를 미리 알았다고 생각하고 일단 부딪혀 보는 게 좋지 않을까 생각해.	N	2022-09-19 08:14:23	2022-11-08 05:24:03
BE22018887	5	0	나도 되도록 일 안 하고 싶어. 하지만 아이들 학원 몇 개 더 보내고 싶은 마음에 해보겠다는 생각을 한 거잖아. 그분이 어려운 점만 얘기한 건 아니지만 갑자기 자신이 없어지고 불안해지네.	N	2022-09-19 08:14:23	2022-11-08 05:24:03
BE22018887	6	1	아직 시작하기 전이고 네가 해보지 않은 일이니까 당연히 불안하지. 그래도 아무것도 모르고 가는 거보다는 미리 알고 있는 부분 때문에 가서 적응을 잘 할 수도 있는 거잖아. 네가 경력 단절된 지가 너무 오래되다 보니 자신감이 많이 떨어져서 그런 거 같아.	N	2022-09-19 08:14:23	2022-11-08 05:24:03
BE22018887	7	0	맞아. 출산하고 처음 직장을 구하는 거니까 10년 만이야. 하던 일은 나이 제한 때문에 못 하니까 아는 분이 구직 공고를 봤다고 하셨거든. 그래서 혹시 나도 할 수 있지 않을까 했는데 망설여져.	N	2022-09-19 08:14:23	2022-11-08 05:24:03
BE22018887	8	1	그 일을 꼭 하라는 말은 아니야. 어떤 일을 하든지 항상 처음은 있다는 거지. 네가 처음에 대한 두려움이 많은 사람이잖아.	N	2022-09-19 08:14:23	2022-11-08 05:24:03
BE22018887	9	0	내가 과연 당혹스러운 일이 생겨도 잘 넘어갈 수 있을지가 제일 불안해. 사람을 대면하는 게 더 힘들 것 같아서 고객센터 일을 하려는 거거든. 고객센터 직원분 말이 안 보인다고 상처 안 받는 건 아니라고 하더라.	N	2022-09-19 08:14:23	2022-11-08 05:24:03
BE22018887	10	1	나도 네가 일하면서 상처받게 될까 봐 염려돼. 너는 처음에 대한 불안이 많은 사람이잖아. 모든 일은 적응하는 데 시간이 걸리니까 일단 시작해서 적응하다 보면 너는 누구보다 잘하게 될 거라고 생각해.	N	2022-09-19 08:14:23	2022-11-08 05:24:03
BE22018887	11	0	그래. 언니 말이 맞아. 무슨 일이든 해 보지도 않고 포기하는 건 이제 그만할래. 좋은 기회인데 아직 겪지도 않은 일 때문에 포기할 수는 없어.	N	2022-09-19 08:14:23	2022-11-08 05:24:03
BE22018887	12	1	맞아. 네가 그렇게 결심해주니 내 마음도 놓인다. 처음부터 잘하진 못하겠지. 하지만 전부 같은 일 하는 사람들이니까 교육도 받게 될 거고 방법을 알려줄 거야.	N	2022-09-19 08:14:23	2022-11-08 05:24:03
BE22018887	13	0	안 그래도 그분 말이 회사에서 다 알려 준다고 했어. 내가 그 일을 겪는 일 자체가 부담이었나 봐. 하지만 모든 일에는 처음이 있는 법이니까, 해 보다가 정 안 맞으면 다른 거 구해야지.	N	2022-09-19 08:14:23	2022-11-08 05:24:04
BE22018887	14	1	응. 네가 마음이 조금 가벼워진 것 같아서 언니가 기분이 좋아진다. 지금의 결심처럼 해본 뒤에 다시 결정해도 된다는 생각으로 해봐. 그러다 보면 어느 순간에 분명히 적응해 있을 거야.	N	2022-09-19 08:14:23	2022-11-08 05:24:04
BE22018887	15	0	응. 나도 그렇게 생각해. 너무 부담 갖지 않고 해볼게. 항상 고마워.	Y	2022-09-19 08:14:23	2022-11-08 05:24:04
