id	utterance_id	utterance_type	utterance_text	terminate	regDate	updDate
BE22008467	1	0	언니, 나 다음 주부터 카페에서 아르바이트를 하기로 했는데 마음이 편하지가 않아.	N	2022-07-13 06:39:08	2022-11-08 04:18:52
BE22008467	2	1	취업 준비하면서 아르바이트 자리 알아본다더니 잘 되었네. 그런데 마음이 편치 않다니, 무슨 일 있는 거야?	N	2022-07-13 06:39:08	2022-11-08 04:18:52
BE22008467	3	0	아르바이트 자리를 빨리 구한 건 다행이긴 하지. 그런데 취업 준비 기간이 길어지는 게 걱정이 돼. 취직이 안 되니 아르바이트라도 해야 하는 현실이 불안하기도 하고.	N	2022-07-13 06:39:08	2022-11-08 04:18:52
BE22008467	4	1	그 마음 이해하지, 취업준비생들이 마음이 얼마나 불안하고 초조한지. 그렇지만 취업 준비 기간 동안 작은 일이라도 하는 것은 좋은 것 같아. 사람도 만나고, 규칙적인 생활을 할 수 있으니까.	N	2022-07-13 06:39:08	2022-11-08 04:18:52
BE22008467	5	0	벌써 3개월이나 취업 준비를 했는데 아직도 취업이 안 돼서 아르바이트를 하다니. 남들이 하나둘씩 취업을 할 때마다 너무 불안하고 초조한 마음이 들어.	N	2022-07-13 06:39:08	2022-11-08 04:18:52
BE22008467	6	1	남들과 비교를 하면 더 초조해져, 남들이 뭐라고 하든 내 속도에 맞춰서 가는 게 중요하지. 남들 시선이 두려워서 원치 않는 곳에 취직하는 일이 일어나면 안 되잖아. 너무 마음을 급히 먹지 말고 천천히 네가 뭘 좋아하는지 탐색해보자.	N	2022-07-13 06:39:08	2022-11-08 04:18:52
BE22008467	7	0	맞아, 내가 성급히 아무 데나 취업을 하지 않으려고 하는 이유도 그건데 말이야. 안 그래도 불안한데 사람들이 주위에서 너는 언제 취업하냐고 물어볼 때마다 더 조급해져.	N	2022-07-13 06:39:08	2022-11-08 04:18:52
BE22008467	8	1	사람들이 취업 준비생의 마음을 잘 몰라주는 것 같아. 얼마나 힘들고 참을성이 필요한 시간인데 말이야. 너는 너만의 속도로 잘 걸어가고 있잖아, 불안해하지 않았으면 좋겠어.	N	2022-07-13 06:39:08	2022-11-08 04:18:52
BE22008467	9	0	언니가 그렇게 말해주는 게 큰 위로가 돼. 언니도 취업준비생 시절을 겪어서 나에게 이렇게 따뜻한 말을 해 줄 수 있는 거겠지?	N	2022-07-13 06:39:08	2022-11-08 04:18:52
BE22008467	10	1	나도 너처럼 힘든 시간을 지나왔잖아. 그게 얼마나 외롭고 힘이 드는지 알아. 그리고 한 명이라도 따뜻한 말을 해준다면 힘이 나는 것도 알고.	N	2022-07-13 06:39:08	2022-11-08 04:18:53
BE22008467	11	0	언니가 있어서 참 다행이야. 불안했던 마음이 점점 사그라들어. 아르바이트를 하면서 내가 무엇을 좋아하는지도 열심히 찾아봐야겠어.	N	2022-07-13 06:39:08	2022-11-08 04:18:53
BE22008467	12	1	우리 동생은 분명히 찾을 수 있을 거야. 나는 우리 동생 믿어. 혹시 언제라도 도움이 필요하면 언니가 도와줄 테니 걱정하지 마.	N	2022-07-13 06:39:08	2022-11-08 04:18:53
BE22008467	13	0	언니는 내 인생 선배나 다름없어. 언니 덕분에 오늘은 기분 좋은 하루 보낼 수 있을 것 같아.	N	2022-07-13 06:39:08	2022-11-08 04:18:53
BE22008467	14	1	네가 기쁘다니 나도 행복하다, 동생아.	Y	2022-07-13 06:39:08	2022-11-08 04:18:53
