id	utterance_id	utterance_type	utterance_text	terminate	regDate	updDate
BE22017968	1	0	초봄인데 갑자기 기온이 올라갔네. 진짜 옷을 어떻게 입어야 될지도 모르겠다. 거기다가 아이가 감기에 걸릴까 봐 너무 불안해.	N	2022-09-13 07:51:24	2022-09-13 07:51:24
BE22017968	2	1	언니 진짜 걱정되겠다. 애들이 환절기에 감기가 잘 걸리는데. 우리 조카는 아직 신생아여서 기온 변화에 더 민감하잖아.	N	2022-09-13 07:51:24	2022-11-08 05:18:37
BE22017968	3	0	그러니깐, 봄이라서 날씨가 포근해서 걱정하지 않고 있었는데. 새벽에 갑자기 확 추워져서 너무 놀랐어. 그래서 지금 아기가 감기에 걸렸으면 어떻게 하지 싶어서 너무 불안하고 걱정돼.	N	2022-09-13 07:51:24	2022-09-13 07:51:24
BE22017968	4	1	그럼, 나도 언니 마음 너무 잘 알지, 내가 먼저 아기를 낳았잖아. 특히, 어린애들은 열이 오르면 크게 문제가 생길 수 있어서 감기 걸리는 게 얼마나 무섭잖아. 그래서 지금 언니가 얼마나 신경이 쓰이고 스트레스받을지 알 거 같아서 안쓰러워.	N	2022-09-13 07:51:24	2022-11-08 05:18:37
BE22017968	5	0	응, 아기가 열이 심하게 오르면 귀나 뇌에 이상이 생길 수 있다고 해서. 지금 완전 초긴장 상태야. 초봄이어서 기온이 좋다 싶었는데 기온이 확 올라서 땀을 한 바가지 흘리면서 잔 거 같아.	N	2022-09-13 07:51:24	2022-09-13 07:51:24
BE22017968	6	1	우리 조카가 태어나서 영아일 때 열감기 심하게 앓아서 큰일 날 뻔했었잖아. 그때 인큐베이터까지 들어가고. 하지만, 그때도 언니가 잘 대처하고 아기를 잘 보살펴서 큰일이 없었잖아, 너무 걱정하지 마.	N	2022-09-13 07:51:24	2022-11-08 05:18:37
BE22017968	7	0	맞아, 그때 정말 너무 힘들고 슬퍼서 아기가 괜찮아질 때까지 매일매일 울었어. 그래서 기온 변화에 민감하게 반응하는 편인데. 이번에 너무 생각지도 않게 기온 변화가 생겨서 걱정이 이만저만이 아니야.	N	2022-09-13 07:51:24	2022-09-13 07:51:24
BE22017968	8	1	언니가 그때 얼마나 힘들어했는지 다 아니까 정말 너무 안타까워. 언니가 정성으로 보살피잖아. 생각해 보면 나는 아기가 신생아 때 힘들어서 그렇게 못 했던 거 같아, 너무 멋져.	N	2022-09-13 07:51:24	2022-09-13 07:51:24
BE22017968	9	0	응, 정말 다시는 경험하고 싶지 않은 일이라서. 더 우려되고 불안한 거 같아. 그래서 각별히 더 신경 쓰고 있는데, 이러니까 불안하고 스트레스받아.	N	2022-09-13 07:51:24	2022-11-08 05:18:37
BE22017968	10	1	언니가 한동안 힘들겠지만 아이를 잘 봐주면 괜찮을 거야. 언니가 항시 눈을 떼지 않고 상태를 체크하잖아. 나는 언니가 밤에도 주기적으로 아이를 확인하는 모습을 보고 진짜 대단하다고 생각했어, 나는 그러지 못했거든.	N	2022-09-13 07:51:24	2022-11-08 05:18:37
BE22017968	11	0	크게 한번 아파서 더 조심하고 있어. 그래도 네가 내가 잘 해낼 거라고 격려해 주니까 불안한 마음이 좀 사그라든다.	N	2022-09-13 07:51:24	2022-09-13 07:51:24
BE22017968	12	1	언니 마음이 조금 안정된다고 하니까 다행이야. 거기다가 언니가 우리 조카가 병원에 있을 때도 최선을 다해 조카를 잘 보살폈잖아. 그래서 더 빨리 회복했고.	N	2022-09-13 07:51:24	2022-11-08 05:18:37
BE22017968	13	0	맞아, 그때도 다른 아이들에 비해서 우리 아기가 빨리 회복됐다고 하더라고. 그 후에는 크게 아픈 적도 없기도 하고.	N	2022-09-13 07:51:24	2022-09-13 07:51:24
BE22017968	14	1	그럼 그럼, 언니가 옆에서 알뜰살뜰 최선을 다해 보살피니까. 회복도 빨랐고 그 후로는 크게 아프지 않은 걸 거야. 그러니깐, 이번에도 너무 불안해하지 않아도 괜찮을 거 같아.	Y	2022-09-13 07:51:24	2022-11-08 05:18:37
