id	utterance_id	utterance_type	utterance_text	terminate	regDate	updDate
BE22006139	1	0	언니, 내 친구가 이번에 일본어 학습지를 시작한대. 나는 말리는데 내 말을 도통 안 듣네.	N	2022-07-04 16:07:11	2022-11-08 04:03:54
BE22006139	2	1	공부하는 건 좋은 거잖아. 근데 넌 왜 말리고 싶은 거야?	N	2022-07-04 16:07:11	2022-11-08 04:03:54
BE22006139	3	0	우리가 지금 학습지로 일본어 공부할 때가 아니라고 생각하거든. 그것도 여행 회화를!	N	2022-07-04 16:07:11	2022-11-08 04:03:54
BE22006139	4	1	아, 듣고 보니 네 말이 맞네. 대학교 3학년이니 취업하기도 벅찰 텐데. 걱정이다. 이를 어쩌니!	N	2022-07-04 16:07:11	2022-11-08 04:03:54
BE22006139	5	0	게다가 학습지로 어학을 공부하는 것이 실력 향상에도 도움이 되지 않을 것 같아.	N	2022-07-04 16:07:11	2022-11-08 04:03:54
BE22006139	6	1	그렇지. 실력 향상이 목적이라면 좀더 적극적인 방법이 좋을 것 같은데.	N	2022-07-04 16:07:11	2022-11-08 04:03:54
BE22006139	7	0	내 생각도 그래. 그래서 나만 속 끓이고 고민 중이야. 어떻게 말려야 할지 몰라서.	N	2022-07-04 16:07:11	2022-11-08 04:03:54
BE22006139	8	1	친구가 거기에 시간을 많이 들이는 것 같아? 조금씩 하는 건 괜찮지 않을까 해서.	N	2022-07-04 16:07:11	2022-11-08 04:03:54
BE22006139	9	0	거기에 푹 빠진 것 같아서 그래. 일본어 공부는 취업한 다음에 해도 되잖아. 시간낭비 같은데 내 생각을 솔직하게 말하기도 뭐하고.	N	2022-07-04 16:07:11	2022-11-08 04:03:54
BE22006139	10	1	네 말 속에 최고의 조언 방법이 들어 있네! 네 마음을 솔직하게 전하는 거. 그보다 좋은 조언은 없어.	N	2022-07-04 16:07:11	2022-11-08 04:03:54
BE22006139	11	0	솔직하게 말했다가 친구가 화낼까 봐 좀 걱정돼.	N	2022-07-04 16:07:11	2022-11-08 04:03:54
BE22006139	12	1	순간적으로 그럴 수도 있고, 네 판단이 틀릴 수도 있지만 친구가 네 진심을 알아줄 거야.	N	2022-07-04 16:07:11	2022-11-08 04:03:54
BE22006139	13	0	그렇겠지? 다시 한번 얘기해볼게. 내 생각이 잘못된 걸 수도 있다는 언니 말도 염두에 두고!	N	2022-07-04 16:07:11	2022-11-08 04:03:55
BE22006139	14	1	그렇게 상대를 존중하는 태도로 진심을 다 해 말하면 비록 생각이 다르더라도 화낼 일은 없을 거야.	N	2022-07-04 16:07:11	2022-11-08 04:03:55
BE22006139	15	0	맞아, 언니! 진심이야말로 관계의 핵심인데, 걱정스러운 마음에 빠져서 방법을 놓치고 있었어.	N	2022-07-04 16:07:11	2022-11-08 04:03:55
BE22006139	16	1	그래, 잘 얘기해봐.	Y	2022-07-04 16:07:11	2022-11-08 04:03:55
