id	utterance_id	utterance_type	utterance_text	terminate	regDate	updDate
BE22007139	1	0	형, 있잖아. 나는 내 여자 친구랑 결혼을 하고 싶은데, 여자 친구한테 이 얘기를 하면 미적지근해. 그래서 얘는 나랑 결혼하고 싶지 않은가 하는 생각도 들어.	N	2022-07-08 06:59:47	2022-11-08 04:10:27
BE22007139	2	1	아이고, 그런 일이 있었구나. 네 마음이 참 착잡하겠다.	N	2022-07-08 06:59:47	2022-11-08 04:10:27
BE22007139	3	0	응. 나만 계속 미래 이야기를 하니까, 여자 친구는 나와의 미래를 상상하지 않는 것 같아 속상해. 그리고 여자 친구가 나를 사랑하기는 하는 건가, 나 혼자만 마음이 큰가 싶기도 하고 말이야.	N	2022-07-08 06:59:47	2022-11-08 04:10:27
BE22007139	4	1	충분히 불안하고 초조할 수 있어. 하지만 형 생각에, 여자 친구가 너를 사랑하지 않는 건 아닐 거야. 원래 결혼 문제에 있어서는 현실적으로 따져야 할 게 많잖아.	N	2022-07-08 06:59:47	2022-11-08 04:10:27
BE22007139	5	0	그렇지만 너무 현실만 따지면 아무것도 할 수 없잖아. 적어도 우리가 결혼하면, 이런 식으로 인테리어를 하면 좋겠다는 정도는 이야기할 수 있는 거 아닌가. 그런 간단한 대화조차 받아주질 않으니, 여자 친구가 나를 떠날 생각일까 봐 불안해.	N	2022-07-08 06:59:47	2022-11-08 04:10:27
BE22007139	6	1	맞아. 그런 간단한 대화는 연인 간에 충분히 장난처럼 할 수 있는 내용이지. 우리가 나중에 같이 살게 되면 취미생활 전용 방을 만들자는 둥, 가벼운 대화는 많이들 하니까. 그런 말에 대답을 듣지 못할 때마다 심장이 쿵 하고 가라앉는 느낌일 것 같아. 충분히 이해해.	N	2022-07-08 06:59:47	2022-11-08 04:10:27
BE22007139	7	0	응. 마음이 너무 무거워져. 자꾸 여자 친구 눈치를 보게 되고. 이제는 여자 친구가 대답을 하지 않을 게 뻔하니까, 그런 말조차 하지 않아.	N	2022-07-08 06:59:47	2022-11-08 04:10:27
BE22007139	8	1	이제는 그런 쪽으로는 네 생각을 아예 말하지 않게 되어버렸구나. 네 심정이 참 참담할 것 같아. 그런데, 혹시 이런 일이 벌어진 이유가 성향 차이 때문이 아닐까 싶기도 해.	N	2022-07-08 06:59:47	2022-11-08 04:10:27
BE22007139	9	0	하긴 여자 친구는 거짓말을 못해. 한번 내뱉은 말은 꼭 지키는 성격이라, 그래서 미래 이야기를 잘 안 하는 걸 수도 있겠네.	N	2022-07-08 06:59:47	2022-11-08 04:10:27
BE22007139	10	1	맞아. 그래서 형 생각에는, 이렇게 불안한 네 마음에 대해 여자 친구에게 솔직히 말해보는 건 어떨까? 본인이 별 생각 없이 한 행동에 네가 이렇게 괴로워하는지 여자 친구는 모를 수 있잖아. 터놓고 말하다 보면 여자 친구의 솔직한 마음도 들어볼 수 있을 거야.	N	2022-07-08 06:59:47	2022-11-08 04:10:27
BE22007139	11	0	좋은 생각이야. 혼자서 끙끙 앓기만 해서는 관계만 나빠지고, 아무것도 해결되지 않지. 내 마음을 여자 친구에게 전달해볼래. 그런데, 정말 내가 싫어진 거면 어쩌지?	N	2022-07-08 06:59:47	2022-11-08 04:10:27
BE22007139	12	1	너는 참 다정하고, 생각도 깊잖아. 비전도 있고. 형이 보기에 네가 참 괜찮은 사람인 만큼, 여자 친구가 보기에도 그럴 거야. 그러니까, 처음 고백할 때처럼 용기를 내서 여자 친구에게 솔직한 마음을 전해보자. 분명 알아줄 거야.	N	2022-07-08 06:59:47	2022-11-08 04:10:27
BE22007139	13	0	맞아. 여자 친구도 내 사려 깊은 모습에 반해서 사귀었댔어. 내가 너무 불안해서 지레짐작했나 봐. 싫어하는 사람이랑 일주일에 3번씩 만나는 사람은 없잖아? 용기를 내볼래.	N	2022-07-08 06:59:47	2022-11-08 04:10:27
BE22007139	14	1	그래 잘 생각했어. 분명 별일 아닐 거니까, 여자 친구랑 잘 얘기하고 돌아와!	Y	2022-07-08 06:59:47	2022-11-08 04:10:28
