id	utterance_id	utterance_type	utterance_text	terminate	regDate	updDate
BE22005035	1	0	언니, 나 할 말이 있는데. 부모님은 아직 모르시는 거라서 우선은 언니만 알고 있어줄 수 있을까?	N	2022-06-29 05:55:24	2022-11-08 03:56:47
BE22005035	2	1	무슨 일인데 이렇게 조심스러워할까? 언니가 들어줄게. 말해봐.	N	2022-06-29 05:55:24	2022-11-08 03:56:47
BE22005035	3	0	그게, 언니 내 남자 친구 기억나? 전에 내가 말했잖아. 나한테 엄청 잘해준다는 애 말이야.	N	2022-06-29 05:55:24	2022-11-08 03:56:47
BE22005035	4	1	응, 기억나. 너에 관한 거라면 사소한 거라도 잊지 않고 챙겨줘서 네가 많이 감동받았잖아. 왜? 남자 친구랑 무슨 일 있어?	N	2022-06-29 05:55:24	2022-11-08 03:56:47
BE22005035	5	0	사실은 이번에 남자 친구가 부동산 문제로 곤란한 일이 생겼거든. 당장 지낼 곳이 없어서, 한 달 전부터 내 자취방에서 함께 지내게 되었어.	N	2022-06-29 05:55:24	2022-11-08 03:56:47
BE22005035	6	1	사랑하는 남자 친구에게 곤란한 일이 생겨서 네가 고민이 많았겠다. 물론 평소에도 왕래가 잦았지만, 함께 사는 건 네게도 어려운 결정이었을 텐데 말이야.	N	2022-06-29 05:55:24	2022-11-08 03:56:47
BE22005035	7	0	맞아. 사귄 지 1년 가까이 되긴 했지만, 같이 사는 건 다른 문제인지라 고민 많이 했어. 하지만 당장 사정이 어려워진 남자 친구를 모른 척하긴 힘들었어.	N	2022-06-29 05:55:24	2022-11-08 03:56:47
BE22005035	8	1	넌 정이 많고 마음이 따뜻하잖아. 너다운 결정을 내린 거야. 그래서 한 달 정도 함께 살아보니 어때?	N	2022-06-29 05:55:24	2022-11-08 03:56:47
BE22005035	9	0	얼결에 시작한 동거지만 정말 좋아. 서로 생활 습관이 달라서 걱정했는데, 오히려 더 좋아졌어. 서로 배려하고 존중하며 맞춰나가는 과정에서 더 성숙해진 기분이야.	N	2022-06-29 05:55:24	2022-11-08 03:56:47
BE22005035	10	1	다행이다. 아무리 사랑해도 그런 건강한 관계로 나아가기 쉽지 않은데, 사랑으로 현명하게 헤쳐 나가고 있구나. 행복해하는 너의 모습을 보니 언니도 기분이 좋다.	N	2022-06-29 05:55:24	2022-11-08 03:56:47
BE22005035	11	0	고마워. 그래서 부모님께 이 소식을 알려야 하나 말아야 하나 고민이 돼. 원래는 임시로 함께 지낼 생각이라 말씀드리지 않았는데, 이대로면 동거를 지속하고 싶어. 하지만 부모님께서 이 일에 대해 알게 되신다면, 오해하시거나 많이 걱정하실까봐 불안해.	N	2022-06-29 05:55:24	2022-11-08 03:56:47
BE22005035	12	1	물론 처음엔 쉽게 받아들이시지 못할 수도 있어. 하지만 그건 동거 자체를 완강하게 거부하셔서가 아니라 널 사랑하고 걱정하는 마음에서 그러시는 걸 거야. 그건 알지?	N	2022-06-29 05:55:24	2022-11-08 03:56:47
BE22005035	13	0	알지. 사실 내가 불안하고 조심스러운 이유는 내 남자 친구에 대해 안 좋게 생각하실 것 같아서야. 내가 사랑하는 만큼 부모님께서도 내 남자 친구를 편견 없이 봐주셨으면 좋겠어. 내가 뭐라 말씀드려야 할까?	N	2022-06-29 05:55:24	2022-11-08 03:56:47
BE22005035	14	1	남자 친구에 대해 좋게 설명하는 것보다, 지금 한 것처럼 진솔하게 네 마음을 표현해보는 것 어때? 네가 진심으로 행복해한다는 것이 곧 네 남자 친구가 좋은 사람이라는 증거니까.	N	2022-06-29 05:55:24	2022-11-08 03:56:47
BE22005035	15	0	고마워. 그렇게 생각하니까 어떻게 말씀드려야 할지 알 것 같아. 불안했던 마음이 좀 가라앉았어. 다음에 또 연락할게!	Y	2022-06-29 05:55:24	2022-11-08 03:56:47
