id	utterance_id	utterance_type	utterance_text	terminate	regDate	updDate
BE22010572	1	0	언니, 나 정말 하루하루 피가 마르는 것 같아. 시험 기간에 주말은 주말이 아니야. 하나라도 더 봐야 한다는 생각에 계속 불안하고, 그러다 보니 스트레스도 심해져.	N	2022-07-20 09:40:09	2022-11-08 04:32:25
BE22010572	2	1	주말에도 쉬지 않고 공부하려니 마음이 편하지 않지. 쉬게 되면 공부한 걸 잊을까 봐 불안하기도 하고. 도무지 가만히 있지 못할 것 같은 그 상태를 나도 너무 잘 알지.	N	2022-07-20 09:40:09	2022-11-08 04:32:25
BE22010572	3	0	저번 시험을 망쳤으니 이번에 만회해야 한다는 생각이 크게 자리 잡고 있는 듯해. 이번 시험은 모의고사만큼 중요하거든. 그런데 마음처럼 공부가 되지 않아서 너무 조마조마하고 불안해.	N	2022-07-20 09:40:09	2022-11-08 04:32:25
BE22010572	4	1	잘하고 싶은 마음이 점점 커지면서 긴장되는 마음도 짙어지나 봐. 이번이 아니면 안 된다는 생각도 자꾸 들어서 점점 불편해지고 있지. 후회하지 않으려고 노력하는 마음이 나한테도 느껴져.	N	2022-07-20 09:40:09	2022-11-08 04:32:25
BE22010572	5	0	응, 마음처럼 따라와 주지 않아서 더 속상해. 잘하고 싶은 마음은 굴뚝 같은데 왜 눈에 띄게 늘어나지 않는 건지 모르겠어. 이렇게 노력하는데 안 되니까 불안한 마음만 커지잖아.	N	2022-07-20 09:40:09	2022-11-08 04:32:25
BE22010572	6	1	지금 당장은 안개가 낀 것처럼 눈앞이 막막하게 느껴지지. 하지만 노력을 거듭하다 보면 천천히 더 나아진다는 걸 느낄 수 있을 거야. 지금까지 정말 열심히 했으니 이번에는 분명 보답으로 돌아올 거라고 생각해.	N	2022-07-20 09:40:09	2022-11-08 04:32:25
BE22010572	7	0	그러다 보니 주말에도 쉴 수가 없어. 주말은 주말이 아니고 그냥 공부하는 날이야. 지금 열심히 안 하면 영영 뒤처질 것 같아.	N	2022-07-20 09:40:09	2022-11-08 04:32:25
BE22010572	8	1	그래도 하루 정도는 푹 쉬어도 돼. 언니는 네가 얼마나 열심히 했는지 곁에서 지켜봐서 잘 알잖아. 그동안 공들여서 쌓아 올린 노력의 탑은 하루 쉬는 일로 무너지지 않을 거라고 장담해.	N	2022-07-20 09:40:09	2022-11-08 04:32:25
BE22010572	9	0	정말 그래도 될까? 나 혼자서 생각할 땐 정말 막막하고 초조했거든. 근데 언니랑 이야기 나누니까 마음이 점점 가벼워지고 있어.	N	2022-07-20 09:40:09	2022-11-08 04:32:25
BE22010572	10	1	다른 사람도 아니고 내 동생이 고민하는데 당연히 도와줘야지. 주말까지 무리하다가 컨디션이 나빠지면 정말 중요한 날에 힘을 못 쓸 수도 있어. 그러니 오늘 하루만 밀린 잠도 자고, 공부 걱정 없이 푹 쉬어.	N	2022-07-20 09:40:09	2022-11-08 04:32:25
BE22010572	11	0	맞아, 이렇게 애쓰다가 정작 시험 보는 날에 망치면 어떡해. 지금까지 시험 기간이 겹친 주말에는 쉬면 안 된다고 생각했거든. 언니 얘기 들으니까 불안했던 것도 가라앉으면서 차분해지는 것 같아.	N	2022-07-20 09:40:09	2022-11-08 04:32:25
BE22010572	12	1	내가 우리 동생에게 도움이 될 수 있어서 다행이야. 오늘 밤에 푹 자고 일어나면 쌩쌩해진 상태로 더 잘할 수 있을 거야. 오늘은 더 무리하지 말고 편하게 있어.	N	2022-07-20 09:40:09	2022-11-08 04:32:25
BE22010572	13	0	그거 좋은 생각이야, 언니. 안 될 때는 잠깐 멈춰 있다가 가야겠어. 언니 덕분에 스트레스가 싹 풀린다.	N	2022-07-20 09:40:09	2022-11-08 04:32:25
BE22010572	14	1	내 동생 마음이 편해진 것 같아서 나도 기뻐. 언제든 도움이 필요하면 또 연락해.	Y	2022-07-20 09:40:09	2022-11-08 04:32:25
