id	utterance_id	utterance_type	utterance_text	terminate	regDate	updDate
BE22017345	1	0	어제 우리 회사 대표랑 술을 한잔 같이했어요. 이런저런 얘기를 나누는 중에 깨달은 게 대표가 나를 오른팔로 여기고 있다는 거예요. 내가 없으면 회사가 안 돌아갈 것처럼 말해서 불안한 마음에 술이 싹 깨더라고요.	N	2022-09-07 05:47:39	2022-11-08 05:14:47
BE22017345	2	1	네가 불안해졌다는 건 그 믿음에 응답을 못 할 것 같아서 그런 건가? 혹시 이직을 생각하고 있다면 그런 믿음이 부담스럽기는 하겠어. 나라도 그런 경우면 마음의 부담이 엄청날 것 같아.	N	2022-09-07 05:47:39	2022-11-08 05:14:47
BE22017345	3	0	역시 누나는 눈치가 빠르네요. 안 그래도 스카우트를 제의받고 어쩔까 하는 중인데 그런 소리를 하니 제 기분이 어떻겠어요? 혹시 대표가 그 일을 눈치채고 저러는가 싶어서 진짜 불안하더라고요.	N	2022-09-07 05:47:39	2022-11-08 05:14:47
BE22017345	4	1	대표의 태도에 네가 불안을 느꼈다니 괜히 안쓰러운 생각이 든다. 거기에 주눅 들지 말고 네가 잘 판단해서 결정했으면 좋겠어. 네가 마음 가는 대로 결정해야 나중에 후회가 남지 않을 거야.	N	2022-09-07 05:47:39	2022-11-08 05:14:47
BE22017345	5	0	우리 회사가 사원이 얼마 없어서 대표가 저러는 것도 무리는 아니에요. 그런데 나도 좀 큰 회사에 가서 연봉도 많이 받으며 일하고 싶은 욕심이 있어요. 또 한 편으로는 내가 없으면 이 회사가 어떻게 될까 싶어서 불안하기도 해요.	N	2022-09-07 05:47:39	2022-09-07 05:47:39
BE22017345	6	1	네가 그 회사에서 그동안 고생을 정말 많이 했잖아? 그 고생을 하며 경력을 쌓았으니 보답받고 싶은 건 당연하다고 생각해. 다른 사람보다 너 자신을 먼저 생각하고 진로를 결정했으면 좋겠어.	N	2022-09-07 05:47:39	2022-11-08 05:14:47
BE22017345	7	0	체계도 안 잡힌 작은 회사에서 지금 상태까지 끌고 오느라 정말 힘들었지요. 그동안 수당도 제대로 못 받으면서 야근도 밥 먹듯이 했어요. 그런데도 회사 사정에 맞추다 보니 내 노력만큼 월급을 못 받는 게 늘 불만이에요.	N	2022-09-07 05:47:39	2022-09-07 05:47:39
BE22017345	8	1	노력한 것에 비해 보답을 못 받는 것만큼 억울한 일은 없는 것 같아. 네가 이직할 생각을 하는 게 난 당연하다고 봐. 그러니 의리에 휘둘리지 말고 네 마음이 가는 쪽으로 결정해서 후회를 남기지 않았으면 좋겠어.	N	2022-09-07 05:47:39	2022-11-08 05:14:47
BE22017345	9	0	당연히 그래야 하는데 대표가 저렇게까지 말하니 또 마음이 약해지는 거예요. 정말 내가 나가면 회사가 휘청하는 건 아닌지 불안해요. 스트레스 때문에 입맛도 없을 지경이에요.	N	2022-09-07 05:47:39	2022-09-07 05:47:39
BE22017345	10	1	네가 없어도 그 자리를 채울 사람이 있을 거라고 편하게 생각해라. 난 네가 무엇보다 네 행복을 가장 우선으로 여기는 마음을 가졌으면 좋겠어. 내가 아니면 안 된다는 오만함을 버리면 오히려 마음이 편해질 것 같아.	N	2022-09-07 05:47:39	2022-11-08 05:14:47
BE22017345	11	0	누나가 그렇게 말하니까 정신이 번쩍 드는 기분이네요. 내가 없으면 회사가 휘청일 거라는 건 진짜 오만함인지 모르겠어요. 생각해 보니 내가 들어오기 전에도 회사는 굴러갔으니 내가 없어도 여전히 운영되겠지요.	N	2022-09-07 05:47:39	2022-11-08 05:14:47
BE22017345	12	1	당연히 그럴 테니 그것 때문에 네가 불안해하고 희생할 필요는 없다고 생각해. 그렇다고 돈만 좇아서 회사를 옮기는 것도 경계할 일이야. 잘 따져보고 너에게 가장 좋은 선택을 해서 네 마음에 그늘이 지지 않았으면 좋겠어.	N	2022-09-07 05:47:39	2022-11-08 05:14:47
BE22017345	13	0	누나의 현명한 조언에 감탄을 금치 못하겠네요. 누나 말대로 이것저것 다 재보고 내게 가장 좋은 결정을 할게요. 이제 마음이 안정되어 그럴 수 있을 것 같아요.	N	2022-09-07 05:47:39	2022-11-08 05:14:47
BE22017345	14	1	회사 대표가 오른팔로 여길 정도로 너를 믿는다니 나는 내 동생이 정말 자랑스럽다. 네가 어떤 결심을 하든 나는 늘 믿고 응원해줄 거야. 네가 행복한 게 최우선이니까 그걸 잊지 말았으면 한다.	N	2022-09-07 05:47:39	2022-11-08 05:14:47
BE22017345	15	0	누나랑 얘기하며 마음속의 불안이 다 사라졌어요. 이제 냉철한 마음으로 제가 행복해질 수 있는 선택을 할게요. 정말 고마워요 누나.	Y	2022-09-07 05:47:39	2022-11-08 05:14:47
