id	utterance_id	utterance_type	utterance_text	terminate	regDate	updDate
BE22000025	1	0	언니, 나 요즘 밤마다 잠을 못 자. 불면증이 심해졌어.	N	2022-05-31 06:25:50	2022-11-08 03:24:22
BE22000025	2	1	안 좋은 일이라도 생긴 거니? 잠을 못 자면 컨디션도 망가지고 힘들 텐데.	N	2022-05-31 06:25:50	2022-11-08 03:24:22
BE22000025	3	0	전에는 그런 거 몰랐었는데 요즘 들어서 자꾸만 마음이 심란하고 공허해.	N	2022-05-31 06:25:50	2022-11-08 03:24:22
BE22000025	4	1	혼자 있다 보니 더 그럴 거야. 회사 때문에 너를 멀리 이사를 보내고 나도 전보다 네 생각을 많이 하게 되는 듯해.	N	2022-05-31 06:25:50	2022-11-08 03:24:22
BE22000025	5	0	낮에는 일 때문에 잘 못 느끼는데, 퇴근해서 혼자 집에 있다 보면 세상에 나 홀로 남겨진 기분이야.	N	2022-05-31 06:25:50	2022-11-08 03:24:22
BE22000025	6	1	가족들과 사는 나도 가끔 그런 기분이 드는데 너는 오죽하겠니. 하지만 너의 커리어를 위해 한발 더 나아갈 수 있는 시간이니 기쁘게 받아들이렴.	N	2022-05-31 06:25:50	2022-11-08 03:24:22
BE22000025	7	0	하긴, 여기서 1년 근무하고 올라가면 승진은 따놓은 당상이긴 해.	N	2022-05-31 06:25:50	2022-11-08 03:24:22
BE22000025	8	1	하나를 얻기 위해서는 그만큼의 대가가 필요한 법이야.	N	2022-05-31 06:25:50	2022-11-08 03:24:23
BE22000025	9	0	밤에 잠을 못 자는 날은 낮에 일하기도 피곤해서 부쩍 더 기분이 가라앉아.	N	2022-05-31 06:25:50	2022-11-08 03:24:23
BE22000025	10	1	모든 건 마음먹기 달렸다고 하잖아. 내일의 성과를 위해서, 내년의 승진을 위해서 자야 한다고 생각하면 어떨까?	N	2022-05-31 06:25:50	2022-11-08 03:24:23
BE22000025	11	0	하긴. 나는 미션이 주어지면 클리어해야 하는 성격이니까. 잠 역시 수행해야 하는 미션이라고 생각하면 훨씬 마음이 가벼울 것 같아.	N	2022-05-31 06:25:50	2022-11-08 03:24:23
BE22000025	12	1	역시 너는 모든 것을 성과와 성취로 연결을 짓는구나. 못 말리는 천상 회사원이네.	N	2022-05-31 06:25:50	2022-11-08 03:24:23
BE22000025	13	0	언니, 나 내일 중요한 회의가 있으니 이만 자야 할 것 같아.	N	2022-05-31 06:25:50	2022-11-08 03:24:23
BE22000025	14	1	벌써? 효과가 정말 빨리 나타나는걸? 잘 자고 다시 연락해.	Y	2022-05-31 06:25:50	2022-11-08 03:24:23
