id	utterance_id	utterance_type	utterance_text	terminate	regDate	updDate
BE22014120	1	0	형, 나 요즘 고민이 많아. 오히려 외국에 있을 때는 아무 생각 없었는데 한국으로 돌아온 후부터 자주 불안함을 느껴.	N	2022-08-13 16:55:46	2022-11-08 04:54:53
BE22014120	2	1	갑자기 생활 패턴의 변화가 생겨서 그런 걸까. 타지에 있다가 돌아왔으면 편안해야 할 텐데 뭐 신경 쓰이는 일이라도 있니? 자주 불안함을 느낀다니 무척 걱정되는구나.	N	2022-08-13 16:55:46	2022-11-08 04:54:53
BE22014120	3	0	교환학생을 갔다 와서 보니 내 동기들은 다들 졸업해서 취업의 길로 접어들었더라고. 그걸 보니 내가 너무 많이 뒤처진 것은 아닌지 걱정돼. 남들보다 1년 동안 뒤처진 거니까 그 사람들보다 스펙도 많이 없어서 불안하더라.	N	2022-08-13 16:55:46	2022-11-08 04:54:53
BE22014120	4	1	우리 막내가 슬슬 취업으로 인한 스트레스가 심할 때구나. 형도 마지막 학기를 앞두고 있을 때 얼마나 힘들었는지 알기에 네 심정이 어떨지 잘 알아. 동기들이 하나둘 취직하기 시작하면 남들과 비교하게 되면서 자존감이 많이 떨어지더라.	N	2022-08-13 16:55:46	2022-11-08 04:54:53
BE22014120	5	0	형도 그런 시기가 있었구나. 그렇지만 형은 휴식기 없이 바로 취업 준비를 열심히 해서 좋은 곳에 들어갔잖아. 그런데 나는 교환학생을 하고 남은 기간은 여행하느라 시간을 낭비한 것 같다는 느낌에 너무 후회돼.	N	2022-08-13 16:55:46	2022-08-13 16:55:46
BE22014120	6	1	막내야 교환학생을 막 가기 시작했을 때 너의 설레하던 모습을 떠올려보렴. 그때의 그 소중하고 행복했던 추억이 취업 준비로 인해 후회로 남는다는 게 속상하단다. 우리 막내가 남들은 할 수 없는 특별한 경험을 한 것만으로도 엄청난 스펙을 쌓은 거야.	N	2022-08-13 16:55:46	2022-11-08 04:54:53
BE22014120	7	0	나한텐 그게 추억이고 값진 경험이지만 다들 빠르게 취업하는 모습에 초조해졌었나 봐. 원래 분위기에 휩쓸리지 않고 내 길을 간다는 주의였는데 막 학기가 되니까 그게 잘 안되네.	N	2022-08-13 16:55:46	2022-11-08 04:54:53
BE22014120	8	1	누가 빠르고 누가 느리다는 건 없어. 각자의 인생의 시계는 다르게 흘러가니까 남들의 시간에 너를 억지로 맞출 필요는 없다고 생각해. 그러니까 너무 불안해하지 말고 너의 속도를 유지해서 천천히 하고 싶은 일을 찾아 나갔으면 좋겠구나.	N	2022-08-13 16:55:46	2022-11-08 04:54:53
BE22014120	9	0	내 속도가 생각보다 너무 느리다고 해도 나를 믿어야 할까? 생각했던 것보다 더 뒤처지게 된다면 어쩌지.	N	2022-08-13 16:55:46	2022-11-08 04:54:53
BE22014120	10	1	더 뒤처지게 된다 해도 문제없어. 외국에서 겪은 경험, 생각, 추억들이 너의 내면을 더 성장시킨 것인데 뭐가 느리니. 나이의 압박에서 벗어나서 너 자신에게 조금만 여유를 줘보렴.	N	2022-08-13 16:55:46	2022-08-13 16:55:46
BE22014120	11	0	알았어, 형. 더 이상 뒤처진다고 생각하지 않을게. 항상 마음이 어지러울 때 형의 격려와 조언으로 인해 내가 버틸 수 있는 것 같아.	N	2022-08-13 16:55:46	2022-11-08 04:54:53
BE22014120	12	1	사랑하는 동생이 힘들어하고 있는데 어느 형이 가만히 있겠어. 그 값진 추억들이 언젠가 너에게 큰 도움이 될 거라는 것을 명심하고 마음 편하게 먹으렴.	N	2022-08-13 16:55:46	2022-08-13 16:55:46
BE22014120	13	0	그럴게. 마지막 학기가 막막하고 불안했는데 형이 해준 말 때문에 마음이 편안해지는 거 있지. 언제나 내 든든한 버팀목이 되어줘서 고마울 뿐이야.	N	2022-08-13 16:55:46	2022-11-08 04:54:53
BE22014120	14	1	내가 그렇게 느껴진다니 뿌듯한걸. 앞으로도 무슨 일이 생기거나 고민이 생기면 언제든지 형한테 말해주렴.	Y	2022-08-13 16:55:46	2022-08-13 16:55:46
