id	utterance_id	utterance_type	utterance_text	terminate	regDate	updDate
BE22019214	1	0	언니, 남편이 기분전환이 필요하다고 하면서 몇일 지방에 갔다오겠다고 하네. 무슨 일이냐니까 말을 안 해서 너무 불안해.	N	2022-09-21 02:43:56	2022-09-21 02:43:56
BE22019214	2	1	안 그러던 사람이 갑자기 그런 말을 하면 누구나 불안하지. 요즘 무슨 일이 있었던건 아니야?	N	2022-09-21 02:43:56	2022-11-08 05:33:40
BE22019214	3	0	워낙 자기 회사 일을 말 안하고 개인적인 일도 내가 캐물어야 몇마디 해. 그래서 정말 너무 답답한데 결혼 생활 내내 고치라고 말하는데도 못 고치더라고. 이번에도 무슨 일 있냐고 몇번 물어봐도 여전히 대답이 없어서 너무 불안해.	N	2022-09-21 02:43:56	2022-11-08 05:33:40
BE22019214	4	1	네가 그 동안 속이 많이 상했겠구나. 너도 말을 많이 안 하는 사람인데 제부는 더 심하다니 네가 걱정이 정말 많았겠다.	N	2022-09-21 02:43:56	2022-11-08 05:33:40
BE22019214	5	0	조용한 사람이라 잘 맞을것 같아서 결혼한 건데 나보다 더 심하니까 스트레스받더라고. 그래도 물어보다 보면 얘기를 몇마디 하긴 하거든. 그런데 이번에는 기분 전환이 필요하다고만 하고 다른 말을 안 하는거야. 이러니 불안하지.	N	2022-09-21 02:43:56	2022-11-08 05:33:40
BE22019214	6	1	큰일은 아니었으면 좋겠는데 걱정이 되긴 한다. 나도 이런데 너는 얼마나 불안 하겠니!	N	2022-09-21 02:43:56	2022-11-08 05:33:40
BE22019214	7	0	지난번에는 무슨 일이 있는거 같은데 너무 말을 안 해서 친하다는 회사 동료한테 전화까지 했었다니까. 나 속상할까봐 말을 안하는 거라는데 이러다가 무슨 사고 날까봐 정말 불안해.	N	2022-09-21 02:43:56	2022-09-21 02:43:56
BE22019214	8	1	네가 뭘 걱정하는지는 충분히 이해해. 하지만 사람마다 스트레스를 푸는 방법이 다 다른거잖아. 말을 해서 푸는 사람이 있으면 말을 하는게 더 스트레스인 사람도 있는거니까.	N	2022-09-21 02:43:56	2022-11-08 05:33:40
BE22019214	9	0	저 사람이랑 사는 내내 속을 알 수가 없어서 너무 불안해. 기분 전환이 필요하다는건 무슨 일이 생겼다는 거잖아. 이유 정도는 나한테 말을 해줘야 안심을 하든 걱정을 하든 하지.	N	2022-09-21 02:43:56	2022-09-21 02:43:56
BE22019214	10	1	내가 아는 너는 언제나 상대방의 입장에서 생각하는 사람이잖아. 이번에도 제부가 너에게 편하게 말 할 수 있을 때까지 조금만 기다려 주는건 어떨까?	N	2022-09-21 02:43:56	2022-11-08 05:33:40
BE22019214	11	0	언니 말이 맞아. 워낙 뭐든 오래 걸리는 사람이라 내 시간과 그사람의 시간이 다른거 같아. 내가 조금 더 인내해서 기다려 주면 내 진심을 알아주는 날이 오겠지.	N	2022-09-21 02:43:56	2022-11-08 05:33:40
BE22019214	12	1	잘 생각했어. 네가 정말 많이 답답하고 불안할거라고 생각은 하지만 괜찮을거라는 믿음을 가져봐. 네가 선택한 사람인데 아내가 믿어줘야지 누가 믿어줘.	N	2022-09-21 02:43:56	2022-11-08 05:33:40
BE22019214	13	0	아무것도 묻지 않을테니 어디로 가는지만 알려달라고 하려고. 다음에는 같이 가자고도 할거야.	N	2022-09-21 02:43:56	2022-09-21 02:43:56
BE22019214	14	1	무척이나 멋진 생각이다. 둘다 너무 조용한 사람들이라 변화를 주는것도 많은 도움이 될것 같아.	N	2022-09-21 02:43:56	2022-11-08 05:33:40
BE22019214	15	0	응. 나도 그렇게 생각해. 언니 도움도 컸어. 너무 고마워.	Y	2022-09-21 02:43:56	2022-11-08 05:33:41
