id	utterance_id	utterance_type	utterance_text	terminate	regDate	updDate
BE22018946	1	0	날씨가 추워서 아무것도 하지 않고 누워만 있고 싶어. 그런데 누워만 있으면, 이래도 되나 싶어서 불안하고 걱정스럽기도 해.	N	2022-09-19 12:48:12	2022-09-19 12:48:12
BE22018946	2	1	맞아. 나도 요즘 아침에 눈 뜨면 추운 기운에 이불 밖으로 나가기가 싫더라. 항상 바쁜 일상을 보내다 편하게 쉬려니 쉬는 게 또 걱정스럽지?	N	2022-09-19 12:48:12	2022-11-08 05:24:23
BE22018946	3	0	응. 그런데 내가 너무 나태하다는 생각이 들기도 하고, 뒤처지는 느낌에 불안하기도 해. 이래도 괜찮은 걸까?	N	2022-09-19 12:48:12	2022-11-08 05:24:24
BE22018946	4	1	평일에는 누구보다 바쁘게 지내다 보니 휴식이 오히려 불안하게 느껴지기도 하겠다. 그렇지만 바쁜 일주일 중 단지 하루, 이틀 쉬는 거잖아?	N	2022-09-19 12:48:12	2022-11-08 05:24:24
BE22018946	5	0	맞아. 하지만 아무것도 하지 않고 굼벵이처럼 뭉그적대는 내 모습이 한심한 것 같아. 그렇지만 요즘같이 추울 땐 특히나 아무것도 하기 싫은걸.	N	2022-09-19 12:48:12	2022-11-08 05:24:24
BE22018946	6	1	그 마음 이해해. 나도 평일엔 업무에 온 힘을 쏟아붓다 보니, 주말엔 모든 것들이 고갈되는 느낌이야. 일하는 사람들은 아마 다 그럴 거야.	N	2022-09-19 12:48:12	2022-11-08 05:24:24
BE22018946	7	0	그래? 나는 나만 그런 줄 알았어. 하지만 내 동기들은 자기 계발, 여행 등 여러 가지 활동으로 주말을 항상 알차게 보내더라고.	N	2022-09-19 12:48:12	2022-11-08 05:24:24
BE22018946	8	1	물론, 생산적인 활동을 하며 보내는 것도 좋지. 그렇지만 휴식을 가지며 다음 주를 위한 에너지 충전을 하는 것도 좋은 방법인 것 같은데?	N	2022-09-19 12:48:12	2022-11-08 05:24:24
BE22018946	9	0	하지만 내가 쉴 때 남들은 나보다 나아간다는 생각이 자꾸만 드는걸.	N	2022-09-19 12:48:12	2022-09-19 12:48:12
BE22018946	10	1	당연히 그럴 수 있어. 어릴 적부터 일을 해왔던 네게 휴식이 익숙하지 않은 것 같아 안쓰럽고 무척 속상하다. 그동안 쉴 틈 없이 달려왔잖아.	N	2022-09-19 12:48:12	2022-11-08 05:24:24
BE22018946	11	0	이렇게 알아주는 것만으로도 힘이 되는걸. 내 마음을 잘 이해해 줘서 고마워.	N	2022-09-19 12:48:12	2022-09-19 12:48:12
BE22018946	12	1	우리 생각을 좀 다르게 해보는 건 어때? 쉬는 것이 단순히 시간을 보내는 행위라고 생각하지 말자. 휴식으로 얻은 에너지로 남들보다 더 효율적이고 생산적인 일을 할 수 있을 거라고 생각하면 어떨까?	N	2022-09-19 12:48:12	2022-09-19 12:48:12
BE22018946	13	0	그러고 보니 에너지를 충전하는 것도 나를 위한 하나의 방법일 텐데. 왜 시간을 허비하는 것만으로 생각했을까?	N	2022-09-19 12:48:12	2022-11-08 05:24:24
BE22018946	14	1	그렇지? 휴식은 다음을 위한 도약인 거야. 그 힘으로 한 주 또 힘차게 지낼 수 있는 거고! 그러니 마음 편히 휴식을 즐겨보자.	N	2022-09-19 12:48:12	2022-11-08 05:24:24
BE22018946	15	0	그렇게 생각하니 마음이 많이 편안해진 것 같아. 언니가 있어 참 다행이야. 항상 고마워.	Y	2022-09-19 12:48:12	2022-11-08 05:24:24
