id	utterance_id	utterance_type	utterance_text	terminate	regDate	updDate
BE22017745	1	0	나 지금 너무 불안해서 미치겠어.	N	2022-09-12 05:41:40	2022-09-12 05:41:40
BE22017745	2	1	무슨 일이길래 그래?	N	2022-09-12 05:41:40	2022-09-12 05:41:40
BE22017745	3	0	남자 친구에게 내가 모르는 SNS 계정이 있어. 분명 나한테는 소셜미디어 안 한다고 했거든. 근데 나 몰래 SNS 계정으로 뭘 하나 싶어서 불안한 마음이 들어.	N	2022-09-12 05:41:40	2022-11-08 05:17:16
BE22017745	4	1	믿었던 사람의 거짓말을 알게 되면 속내를 알 수 없어서 불안할 수밖에 없지. 불안한 네 마음 이해해. 아무래도 이유를 알 수 없으니까 마음이 편치 않을 것 같아.	N	2022-09-12 05:41:40	2022-11-08 05:17:16
BE22017745	5	0	계정이 비공개로 되어 있어서 무슨 글을 올렸는지도 모르겠어. 나한테 숨기면서까지 하는 걸 보면 이상한 짓을 하는 게 아닐까? 남자 친구가 나 몰래 계정을 통해서 다른 여자를 만났을까 마음이 편치 않아.	N	2022-09-12 05:41:40	2022-11-08 05:17:16
BE22017745	6	1	나였어도 그런 걱정이 앞설 수밖에 없었을 거야. 나도 남자 친구가 나 몰래 여행 갔었을 때 혹시 다른 사람을 만난 게 아닐까 의심했었거든. 네가 지금 어떤 심정인지 나도 알 것만 같아.	N	2022-09-12 05:41:40	2022-11-08 05:17:16
BE22017745	7	0	내가 모르는 남자 친구의 SNS 계정을 몰래 볼 수도 없어서 더 미치겠어. 전체 공개였더라면 무슨 글을 올렸는지 알 수 있을 텐데 말이야. 몰라서 계속 불안한 마음만 커져.	N	2022-09-12 05:41:40	2022-11-08 05:17:16
BE22017745	8	1	아무래도 지금은 네가 불안한 상상을 계속해서 쉽게 진정이 안 되는 걸 수도 있어. 원래 불안할수록 마음이 촉박해지잖아, 그러니 마음의 여유를 가지고 이성적으로 보자. 제대로 알 수 없는 일에 무턱대고 너무 깊게 생각하지 않았으며 좋겠어.	N	2022-09-12 05:41:40	2022-11-08 05:17:16
BE22017745	9	0	그래도 불안한 마음이 쉽사리 진정되지 않아. 이런 적은 처음이라서 어떻게 진정시켜야 할지 모르겠어.	N	2022-09-12 05:41:40	2022-11-08 05:17:16
BE22017745	10	1	아무것도 모르는 채로 불안해하면 당연히 그 감정이 커질 수밖에 없으니 솔직하게 남자 친구한테 말해보자. SNS가 사실 개인 관심사나 취미 때문에 혼자서 보려고 만든 사람들도 많으니 걱정하지 않았으며 좋겠어. 네가 불안해하고 있는 일은 실제로 일어나지 않을 테니까 마음을 가볍게 가졌으면 해.	N	2022-09-12 05:41:40	2022-11-08 05:17:16
BE22017745	11	0	언니 말대로 하니까 불안한 마음이 사라졌어. 마음을 가다듬어 보니까 확실히 이성이 돌아오네. 아무래도 내가 너무 오바했던 것 같아.	N	2022-09-12 05:41:40	2022-11-08 05:17:16
BE22017745	12	1	아냐, 나였더라도 이게 뭘까 싶어서 불안했을 거야. 그래도 대화로 잘 풀 수 있는 문제인 것 같으니까 너무 걱정하지 말기를!	N	2022-09-12 05:41:40	2022-11-08 05:17:16
BE22017745	13	0	응, 그렇게 말해줘서 고마워. 언니 덕분에 한결 기분이 괜찮아졌어. 정말 언니 아니었으면 혼자 별의별 생각을 다 했을 거야.	N	2022-09-12 05:41:40	2022-09-12 05:41:40
BE22017745	14	1	네가 기운 차린 걸 보니까 내가 다 안심이 되는걸. 다음에도 이런 일이 오면 먼저 대화해서 풀기를 바랄게!	N	2022-09-12 05:41:40	2022-11-08 05:17:16
BE22017745	15	0	응, 조언해줘서 고마워!	Y	2022-09-12 05:41:40	2022-09-12 05:41:40
