id	utterance_id	utterance_type	utterance_text	terminate	regDate	updDate
BE22018997	1	0	누나 요즘처럼 불안한 마음으로 지낸 적이 없었던 것 같아. 아내 때문에 걱정스러운 마음이 들어.	N	2022-09-19 22:05:37	2022-09-19 22:05:37
BE22018997	2	1	왜 둘이 그동안 무슨 일이 있었던 거야? 불안하다고 말한 적이 한 번도 없던 동생이 이렇게 말하니 너무 걱정된다.	N	2022-09-19 22:05:37	2022-11-08 05:24:37
BE22018997	3	0	아내가 혼자 살고 싶다고 종종 얘기하거든. 처음에는 농담이라 생각했는데, 요즘에는 그 말이 마음에 걸려. 나에 대한 마음이 식은 건지, 가정을 돌보는 게 부담스러운 건지 몰라 불안해.	N	2022-09-19 22:05:37	2022-11-08 05:24:37
BE22018997	4	1	비슷한 말을 계속하니, 무언가 숨은 의미가 있지 않을까 하는 생각에 네가 불안한 마음이 드는구나. 아내와 자주 대화를 나누는 것 같던데, 생각을 물어보는 게 어때? 아무래도 이유를 알면 불안한 마음이 진정될 수 있으니 말이야.	N	2022-09-19 22:05:37	2022-11-08 05:24:37
BE22018997	5	0	그러고 싶은데, 아내한테 다가가는 게 부담스럽고, 행여 실수라도 할까 봐 걱정스러워 쉽지가 않아. 사업에 실패한 이후로 가정에 피해를 많이 끼쳤다는 생각에 죄책감이 들거든. 그러니 불안한 마음을 어쩌지도 못하고 이렇게 지내고 있어.	N	2022-09-19 22:05:37	2022-11-08 05:24:37
BE22018997	6	1	실패는 누구도 할 수 있는 거야, 게다가 그 실패를 만회하기 위해 매일 노력하며 지내고 있잖아. 그러니 너무 위축돼서 지낼 필요는 없어.	N	2022-09-19 22:05:37	2022-11-08 05:24:37
BE22018997	7	0	그렇게 실패한 후에 아내도 사회생활을 시작해야만 했거든. 아이들 키우는 일에 집중하고 싶다고 했는데, 나가 일할 수밖에 없으니 내 잘못 같아. 아내가 이러다가 이혼이라도 하자고 할까 봐 불안해.	N	2022-09-19 22:05:37	2022-11-08 05:24:37
BE22018997	8	1	사업이 잘 되지 않아 어쩔 수 없는 상황 때문에 아내의 계획이 틀어진 건 안타깝다. 그래도 어려운 일을 공동 책임지고, 서로 힘을 주고받으며 사는 게 가족이잖아. 너무 너 혼자만 잘못한 것이라 자책하지 말고, 마음을 열고 자연스럽게 아내에게 먼저 다가가 보렴.	N	2022-09-19 22:05:37	2022-11-08 05:24:37
BE22018997	9	0	나도 그렇게 생각하고 싶은데, 그 일이 있고 난 후부터 왜 이렇게 위축되는지 모르겠어. 자신감도 없고, 이제 뭘 할 수 있을까 싶은 생각에 불안한 마음만 가득해.	N	2022-09-19 22:05:37	2022-09-19 22:05:37
BE22018997	10	1	누구나 하던 일이 잘 되지 않으면, 위축되고 자신감이 떨어지는 순간을 지나게 돼. 작은 일부터 시작해서, 성취감도 조금씩 느끼면서 천천히 예전의 모습을 찾아가면 되거든. 그러니 너무 불안하고, 초조하게만 생각하며 걱정하지 마.	N	2022-09-19 22:05:37	2022-11-08 05:24:37
BE22018997	11	0	지금 회사에서 일 잘한다고 승진도 빠르게 되는 걸 보면, 나도 어딘가에 쓸모있는 사람인가 봐. 누나 말대로 작은 것부터 잘하고 있는 내 모습을 떠올리니 불안감이 줄어든다. 천천히 이렇게 자신감을 찾아가야겠어.	N	2022-09-19 22:05:37	2022-11-08 05:24:37
BE22018997	12	1	그래 정말 잘 생각했다. 그럴 때일수록 잘하고 있는 것에 집중하고, 칭찬하다 보면 불안한 마음에 안정이 찾아올 거야. 그러다 보면 아내와 대화도 더 자연스럽게 할 수 있을 거야.	N	2022-09-19 22:05:37	2022-11-08 05:24:37
BE22018997	13	0	부족하고 모자라고 실수하는 것만 바라보며 불안해했던 지난날이 이제야 보인다. 마음에 안정이 찾아오니 아내의 말에 귀를 기울일 수 있을 것 같아.	N	2022-09-19 22:05:37	2022-11-08 05:24:38
BE22018997	14	1	네가 그렇게 말하니 누나도 이제야 안심이 되는구나. 천천히 실패의 아픔을 이겨 나가다 보면, 금세 예전 같은 모습을 찾을 수 있을 거야.	N	2022-09-19 22:05:37	2022-11-08 05:24:38
BE22018997	15	0	누나와 대화를 나누다 보니 마음이 홀가분해지는 느낌이 들어. 언제나 내 얘기에 귀 기울여 줘서 정말 고마워.	Y	2022-09-19 22:05:37	2022-11-08 05:24:38
