id	utterance_id	utterance_type	utterance_text	terminate	regDate	updDate
BE22019007	1	0	언니, 나 고민이 있는데 어떤 결정을 해야 맞는 건지 선택을 못하겠어. 잘못된 선택으로 좋지 않은 결과를 얻을 것 같아서 불안해.	N	2022-09-20 01:27:50	2022-09-20 01:27:50
BE22019007	2	1	대체 무슨 일 때문에 그러니? 언니가 도움이 된다면 도와주고 싶구나.	N	2022-09-20 01:27:50	2022-11-08 05:24:39
BE22019007	3	0	나 요즘 보디프로필 찍으려고 준비 중이잖아. 지금, 이 시간엔 아무것도 안 먹어야 하는데, 배가 고파서 큰일 났어. 어떻게 해야 할지 모르겠어.	N	2022-09-20 01:27:50	2022-11-08 05:24:39
BE22019007	4	1	그러고 보니 벌써 새벽 한 시네. 음식을 먹기엔 너무 늦은 시간이긴 하다. 다이어트 중이라 더 고민되겠는걸?	N	2022-09-20 01:27:50	2022-11-08 05:24:39
BE22019007	5	0	다이어트 생각하면 안 먹어야 하는 게 맞는데, 너무 배가 고픈 나머지 잠이 안 오네. 이러다 내일 회사에 지각할 것 같아서 그것도 불안해.	N	2022-09-20 01:27:50	2022-09-20 01:27:50
BE22019007	6	1	그래, 너 내일 회사 일 때문에 일찍 나가봐야 한다고 했지. 잠이 안 와서 아직도 못 자고 있으니 정말로 걱정되겠구나.	N	2022-09-20 01:27:50	2022-11-08 05:24:40
BE22019007	7	0	저녁 식사량을 거의 반으로 줄여서 밤마다 배가 아주 고파. 하지만 이렇게 엄격하게 식단을 조절할 수밖에 없어. 정량으로 먹는다면 살이 찔 것 같아서 불안한걸.	N	2022-09-20 01:27:50	2022-11-08 05:24:40
BE22019007	8	1	네가 매일 밤 배가 고플 정도로, 그렇게까지 힘들게 식단 조절을 하는 줄은 몰랐어. 그래도 보디프로필 촬영까지 얼마 남지 않았으니, 조금만 힘내.	N	2022-09-20 01:27:50	2022-11-08 05:24:40
BE22019007	9	0	촬영까지 딱 3일 남았는데, 그래서 더 불안하고 고민되나 봐. 출근을 위해서라면 지금 뭐라도 먹는 게 좋을 것 같은데. 지금 먹으면 나중에 후회하게 될 것 같기도 하고.	N	2022-09-20 01:27:50	2022-09-20 01:27:50
BE22019007	10	1	나는 네 보디프로필 성공 여부보다, 네 마음 걱정이 갑자기 많이 되는구나. 배가 고파서 몸이 힘든 것보다도, 마음의 불안이 더 커 보이니 말이야.	N	2022-09-20 01:27:50	2022-11-08 05:24:40
BE22019007	11	0	언니 말이 딱 맞아. 먹어도 불안하고, 너무 안 먹어도 다음 날 일에 지장이 있을까 봐 불안하고. 매일 매일 몸과 마음이 같이 지치는 상태야.	N	2022-09-20 01:27:50	2022-09-20 01:27:50
BE22019007	12	1	몸과 마음이 함께 지쳐가는 상황이라니, 어쩌면 좋으니. 언니로서 네가 정말 많이 걱정된다.	N	2022-09-20 01:27:50	2022-11-08 05:24:40
BE22019007	13	0	보디프로필이 내 버킷리스트잖아. 내가 너무 힘들어하니까, 어떤 사람은 이렇게까지 괴로워하면서 버킷리스트를 이루면 나한테 뭐가 남냐고 하더라. 나는 그래도 그걸 꼭 해내고 싶은데, 참 쉽지 않은 것 같아.	N	2022-09-20 01:27:50	2022-11-08 05:24:40
BE22019007	14	1	끝까지 목표를 이루고 싶어서 참고 견디는 너의 의지가 정말 대단하구나. 너는 충분히 목표를 이룰 수 있을 것 같으니, 불안은 조금 내려놓았으면 좋겠어. 남은 기간에는 좀더 너 자신을 믿어주렴.	N	2022-09-20 01:27:50	2022-11-08 05:24:40
BE22019007	15	0	그래, 언니 말대로 이 불안은 내가 나를 믿지 못해서 생기는 것 같아. 나는 이 목표를 이룰 수 있을 거라는 확신을 갖고, 마음을 바꿔 먹어야겠어.	N	2022-09-20 01:27:50	2022-11-08 05:24:40
BE22019007	16	1	불안보다는 자신에 대한 신뢰로 이 모든 것을 이겨내렴. 남은 기간에 파이팅하길 바란다!	Y	2022-09-20 01:27:50	2022-11-08 05:24:40
