id	utterance_id	utterance_type	utterance_text	terminate	regDate	updDate
BE22010947	1	0	언니, 우리 딸이 내일 시험인데 그새 잠이 들었네. 이걸 깨워야 하나 말아야 하나.	N	2022-07-22 03:55:28	2022-11-08 04:34:47
BE22010947	2	1	아이고, 우리 조카가 아주 피곤했나 보네. 내일이 당장 시험이면 일어나는 게 좋지 않을까?	N	2022-07-22 03:55:28	2022-11-08 04:34:47
BE22010947	3	0	밤새워 공부한다더니 잠이 들었어. 중요한 시험이라고 그랬는데 저렇게 자고 있으니까 내가 다 불안해서 잠이 안 오네.	N	2022-07-22 03:55:28	2022-11-08 04:34:47
BE22010947	4	1	중요하다고 했으니 그걸 지켜보는 너도 참 마음이 불안하고 걱정이 많이 되겠다. 그러면 얼른 깨워서 공부시켜 봐.	N	2022-07-22 03:55:28	2022-11-08 04:34:47
BE22010947	5	0	우리 딸을 사랑하지만, 저 애가 하는 행동을 보면 꼼꼼하지가 않아서 영 탐탁지 않고 불안해. 끝까지 잘 할 수 있을지 초조하고.	N	2022-07-22 03:55:28	2022-11-08 04:34:47
BE22010947	6	1	옆에서 지켜보는 네가 아주 속상하고 초조한 모양이네. 내 자식이 뭔가를 야무지게 하지 못하면 부모 된 입장에서 당연히 걱정되고 불안하지. 내가 너였어도 물가에 내놓은 것처럼 조마조마하고 걱정됐을 거야.	N	2022-07-22 03:55:28	2022-11-08 04:34:47
BE22010947	7	0	그러니까 말이야. 쟤는 누굴 닮아서 저렇게 의지가 약한 건지 모르겠네. 걱정이 이만저만이 아니야.	N	2022-07-22 03:55:28	2022-11-08 04:34:47
BE22010947	8	1	전해 듣는 나도 마음이 초조한데 직접 보고 있는 너는 오죽 걱정이 되겠어? 그래도 네가 사랑하는 딸이니까 옆에서 응원해주고 믿어주고 너도 너무 불안해하지 말고 마음 편하게 먹어. 네 딸도 네가 불안해하는 걸 다 느낄 테니까 네가 마음을 편하게 먹어야 해.	N	2022-07-22 03:55:28	2022-11-08 04:34:47
BE22010947	9	0	정말 그러려나? 하긴 내가 너무 불안해서 발 동동거리면 우리 딸도 같이 허둥지둥하는 것 같긴 해. 언니 말대로 마음을 편하게 먹어야겠어.	N	2022-07-22 03:55:28	2022-11-08 04:34:47
BE22010947	10	1	그래. 잘 생각했어. 네 마음이 편안해지면 딸에 대해서 초조한 마음도 많이 사라질 거야. 같은 행동을 봐도 왜 저럴까 불안해하기보다는 다음엔 잘하겠지 하고 긍정적으로 생각하게 될 테니까. 엄마인 네가 너희 딸을 믿어줘야지, 누가 믿어주겠어?	N	2022-07-22 03:55:28	2022-11-08 04:34:47
BE22010947	11	0	언니 말이 맞아, 우리 딸이니까 내가 믿어주고 응원해줘야지. 잠들었으면 깨워주고, 공부하면 응원해주고. 좋은 부모 되기가 참 어렵다.	N	2022-07-22 03:55:28	2022-11-08 04:34:47
BE22010947	12	1	정말 어렵지. 한 아이를 키우려면 온 마을이 필요하다는데, 요즘엔 마을은커녕 온 가족도 돕기가 힘들잖아. 그래도 너는 이미 충분히 사랑하고 있고 잘하고 있으니까 너무 걱정하지 마. 졸려서 살짝 잠든 건 별일 아니잖아.	N	2022-07-22 03:55:28	2022-11-08 04:34:47
BE22010947	13	0	그래. 이제 우리 딸 깨워서 공부시켜야지. 언니가 말한 대로 마음을 편하게 먹으니까 훨씬 기분이 나아졌어. 걱정되던 우리 딸이 좀더 사랑스러워 보이네.	N	2022-07-22 03:55:28	2022-11-08 04:34:47
BE22010947	14	1	그렇게 말해주니까 나도 기분이 덩달아 좋아진다. 우리 조카가 참 좋은 엄마를 뒀어. 너 잘하고 있으니까 기운 내.	N	2022-07-22 03:55:28	2022-11-08 04:34:47
BE22010947	15	0	응, 언니 고마워. 늦은 시간인데 잘 자!	Y	2022-07-22 03:55:28	2022-11-08 04:34:47
