id	utterance_id	utterance_type	utterance_text	terminate	regDate	updDate
BE22015462	1	0	언니, 나 이번에 공무원 시험을 앞두고 고시원에 들어갔어.	N	2022-08-24 05:48:33	2022-11-08 05:03:13
BE22015462	2	1	마음을 굳게 먹고 시작하는구나. 어려운 시험에 정통으로 부딪치려는 자세가 대견하다.	N	2022-08-24 05:48:33	2022-11-08 05:03:13
BE22015462	3	0	한 번 떨어진 것도 있고, 고시원에 틀어박혀서 공부하려고. 이번엔 합격해야 할 텐데, 시험을 잘 볼 수 있을까 불안하고 걱정스럽네.	N	2022-08-24 05:48:33	2022-11-08 05:03:13
BE22015462	4	1	실패한 경험이 있어서 무척 걱정되는구나. 그건 누구라도 불안하고 염려가 되는 일이야.	N	2022-08-24 05:48:33	2022-11-08 05:03:13
BE22015462	5	0	응, 사소한 점수 차이로 떨어지고 나니까 마음이 더 암담했었거든. 나름대로 열심히 한다고 했는데 그게 안 될 때, 좌절감이 심했어.	N	2022-08-24 05:48:33	2022-08-24 05:48:33
BE22015462	6	1	네가 그만큼 최선을 다했던 것, 주변 사람들이 다 알고 있어. 네가 좋아하는 것을 자제하고 오로지 공부에만 집중했었잖아. 그때의 노력하는 네 모습을 아직도 기억하고 있어.	N	2022-08-24 05:48:33	2022-08-24 05:48:33
BE22015462	7	0	맞아 그때도 그랬었지만, 그런데도 떨어진 것은 나에게 문제가 있는 거라는 생각에 우울했어. 이번에야말로 꼭 합격해보겠다고 고시원을 들어가게 됐어.	N	2022-08-24 05:48:33	2022-08-24 05:48:33
BE22015462	8	1	그래, 목표를 위해서 자신을 더 채찍질하듯이 열심히 하려는 마음이 보기 좋다. 좌절감을 극복하고 다시 도전하는 것은 쉬운 일이 아니야. 어려운 선택을 한 만큼, 좋은 결과를 얻을 수 있을 거야.	N	2022-08-24 05:48:33	2022-11-08 05:03:13
BE22015462	9	0	쉬운 결정이 아니었지만 한 발걸음 나아가보자는 마음이었지. 고시원에 들어오면 잘만 되는 줄 알았는데, 여기서는 나보다도 더 열심히 사는 사람들이 많은 거야. 내가 과연 이런 사람들처럼 할 수 있을까 하는 걱정이 들고 불안해서 잠이 안 와.	N	2022-08-24 05:48:33	2022-08-24 05:48:33
BE22015462	10	1	네가 쉽지 않은 결정 끝에, 낯선 환경에서 시작하려니까 긴장했나 보다. 괜히 남들이 신경이 쓰이고 비교하고 그럴 수 있겠지. 나 같아도 긴장해서 주눅이 들 것 같아.	N	2022-08-24 05:48:33	2022-11-08 05:03:13
BE22015462	11	0	응, 부모님께 이번엔 꼭 될 거라고 큰소리치고 들어와서 긴장이 더 돼. 다른 사람들을 보면, 내가 능력이 안 되는데 대책 없이 높은 꿈을 꾸는 것 같고. 자신감이 없어진 것 같아.	N	2022-08-24 05:48:33	2022-11-08 05:03:13
BE22015462	12	1	네가 부담감에 많이 힘들어하는구나, 하지만 그건 자연스러운 감정이야. 누구나 처음에는 불안하고 걱정스럽잖아, 모든 사람이 겪는 시간이고, 거기서 지내고 익숙해지면 걱정은 사라질 거야. 너는 어릴 때부터 어떤 상황에서도 똑 부러지는 데다가 끈기가 있어서 뭐든 끝까지 잘 해냈잖아.	N	2022-08-24 05:48:33	2022-11-08 05:03:13
BE22015462	13	0	그러고 보니 내가 너무 환경의 기대를 많이 했었고 남들을 의식했었나 봐. 나름대로 노력을 해보지도 않고 주눅이 들고. 도전해 보기로 했으면 거기에만 집중하면 되는 건데.	N	2022-08-24 05:48:33	2022-11-08 05:03:13
BE22015462	14	1	그래, 이미 열심히 해왔던 것이 있으니, 그대로 마음을 굳게 먹고 하면 돼. 이미 한 번은 좌절감을 이겨냈으니, 앞으로 어떤 어려움이 있어도 극복할 수 있을 거야. 너라면 할 수 있어, 힘내.	N	2022-08-24 05:48:33	2022-11-08 05:03:13
BE22015462	15	0	언니 덕에 마음이 풀렸어. 고마워.	Y	2022-08-24 05:48:33	2022-11-08 05:03:13
