id	utterance_id	utterance_type	utterance_text	terminate	regDate	updDate
BE22017551	1	0	언니, 나 어떻게 해. 오늘 반 배정 결과 나왔는데 내 친구들은 다 5반이고 나만 3반이야. 나 혼자 떨어져서 너무 불안하고 걱정돼.	N	2022-09-08 10:10:08	2022-11-08 05:16:04
BE22017551	2	1	저런, 어쩌다가 친구들은 다 같은 반이 되고 너만 다른 반이 된 거야? 학교에서 결과 보고 너도 친구들도 무척 속상했겠네.	N	2022-09-08 10:10:08	2022-11-08 05:16:04
BE22017551	3	0	나 이제 친구가 한 명도 없는데, 어떡하지? 이러다가 외톨이로 지내야 하는 건 아닐지 너무 불안하고 초조해. 너무 기분이 안 좋아서 친구들 신나서 이야기하는데 나 혼자 집에 왔어.	N	2022-09-08 10:10:08	2022-11-08 05:16:04
BE22017551	4	1	우리 동생 무척 속상하겠다, 언니도 네 나이 때에는 반 배정에 한참 예민했었지. 지금은 몹시 불안하겠지만, 곧 새로운 친구를 많이 사귈 수 있을 거야, 너는 성격 좋으니까 걱정하지 마.	N	2022-09-08 10:10:08	2022-11-08 05:16:04
BE22017551	5	0	벌써 친구들과 내가 분리된 기분이 되어서 걱정이야. 친한 친구들도 나 빼고 다닐 것 같아. 나는 새로운 친구도 못 사귀고 이대로 혼자 학교에 다닐까 봐 불안해.	N	2022-09-08 10:10:08	2022-11-08 05:16:04
BE22017551	6	1	걱정하지 마, 너는 분명 새로운 반에서 친구들 많이 사귈 수 있을 거야. 언니도 예전에 너랑 비슷한 경험이 있었는데, 많이 걱정했었거든, 근데 새 반에서 평생 친구를 만났어. 인생사 새옹지마라고 하잖아, 오히려 더 좋은 새 친구를 많이 사귈 테니 슬퍼하지 마.	N	2022-09-08 10:10:08	2022-11-08 05:16:04
BE22017551	7	0	이 친구들과 너무 오랫동안 같이 다녀서 혼자가 되는 게 무서워. 다른 친구들도 이미 기존 친구가 있을 텐데, 나를 받아줄까?	N	2022-09-08 10:10:08	2022-11-08 05:16:04
BE22017551	8	1	다른 친구들도 지금 새 친구 사귈 걱정으로 불안해하는 건 마찬가지야. 새로운 시작에는 원래 걱정되는 마음도 드는 거잖아. 막상 새 친구들을 만나면 더 재미있을 걸, 언니가 장담해.	N	2022-09-08 10:10:08	2022-11-08 05:16:04
BE22017551	9	0	하긴, 나 같은 아이들이 새 반에도 많이 있겠지. 그 아이들이랑 친해지면 그래도 외롭지 않을 것 같아. 친한 친구들이랑 떨어지는 건 슬프지만 그래도 계속 만날 수 있으니까.	N	2022-09-08 10:10:08	2022-11-08 05:16:04
BE22017551	10	1	당연하지, 너무 속상해하고 걱정하지 않았으면 좋겠어. 너는 성격도 좋고 재미있으니 가만히 있어도 새로운 친구들이 다가올 거야. 네가 얼마나 멋진 아이인데, 너 자신을 믿고 마음 편하게 가져.	N	2022-09-08 10:10:08	2022-11-08 05:16:04
BE22017551	11	0	언니 말을 들으니 그래도 마음이 놓인다. 학교에서는 반 배정 때문에 불안했는데, 언니랑 연락하니까 기분이 좋다.	N	2022-09-08 10:10:08	2022-11-08 05:16:04
BE22017551	12	1	네 마음이 나아졌다니 언니도 기뻐. 나중에는 이렇게 걱정했던 것도 잊고 마냥 행복할 거야. 언니는 네가 즐겁고 재미있게 학교생활 했으면 좋겠어.	N	2022-09-08 10:10:08	2022-11-08 05:16:04
BE22017551	13	0	고마워, 언니. 곧 그렇게 되겠지. 내가 또 연락할게, 오늘도 즐거운 하루 보내.	N	2022-09-08 10:10:08	2022-11-08 05:16:04
BE22017551	14	1	너도 재미있고 신나는 하루 보내기를 바랄게.	Y	2022-09-08 10:10:08	2022-11-08 05:16:04
