id	utterance_id	utterance_type	utterance_text	terminate	regDate	updDate
BE22009641	1	0	언니. 나 오늘 남자 친구와 여행 왔는데 마음에 걸리는 부분이 있어서. 불안한 마음에 언니한테 연락했어.	N	2022-07-18 02:35:25	2022-11-08 04:26:29
BE22009641	2	1	뭔데? 무슨 일인데? 네가 불안한 일이 있어서 연락했다고 하니 걱정되네. 언니에게 무슨 일인지 말해주면 같이 고민해보자.	N	2022-07-18 02:35:25	2022-11-08 04:26:29
BE22009641	3	0	그게. 남자 친구와 여행 간다고 말하면 부모님께서 반대하실 것 같아서 거짓말했어. 그런데 나중에라도 이 사실을 아시게 될까 봐 불안해.	N	2022-07-18 02:35:25	2022-11-08 04:26:29
BE22009641	4	1	아이고. 거짓말하면 들킬까 봐 조마조마하고 불안한 감정이 들지. 너도 그런 마음이 지금 들고 있어서 힘들었구나.	N	2022-07-18 02:35:25	2022-11-08 04:26:29
BE22009641	5	0	응. 나중에라도 사진을 보거나 이야기하다가 들키게 되면 거짓말을 한 나에게 실망하실 것 같아 마음이 좋지 않아. 거짓말 들통날까 봐 몹시 불안해하느라 사실 여행을 왔는데 집중도 잘 안되는 거 있지?	N	2022-07-18 02:35:25	2022-11-08 04:26:29
BE22009641	6	1	마음이 심란하구나. 그렇지 언젠가는 들킬 수 있다는 생각에 내가 같은 상황이었어도 엄청 불안하고 걱정되고 그럴 것 같아. 내일 돌아오는 거야?	N	2022-07-18 02:35:25	2022-11-08 04:26:29
BE22009641	7	0	응. 내일 돌아가는 일정인데 너무 불안해서 어찌해야 할지를 모르겠어. 부모님께 지금이라도 사실대로 말해야 할까?	N	2022-07-18 02:35:25	2022-11-08 04:26:29
BE22009641	8	1	음. 네가 그렇게 많이 불안한 마음이라면 사실대로 이야기하는 것도 좋을 것 같아. 그게 네 마음이 조금이라도 편해지는 길이라면! 그리고 사실대로 자초지종을 설명하면 충분히 부모님께서 이해해주실 거라고 생각해.	N	2022-07-18 02:35:25	2022-11-08 04:26:29
BE22009641	9	0	그럴까? 언니도 사실대로 이야기하는 게 괜찮을 수 있다고 이야기해주고, 내 불안한 감정 공감해주니 어떻게 해야 할지 갈피가 잡힌다. 조금 마음 단단히 먹고 부모님께 지금이라도 전화 드려야겠어.	N	2022-07-18 02:35:25	2022-11-08 04:26:29
BE22009641	10	1	갈피가 조금 잡혀서 불안한 마음이 나아진다면 정말 다행이야. 언제나 믿음직스럽게 행동하고, 예쁘게 말하는 모습을 네가 가지고 있으니 부모님께 연락드려서도 잘 해결될 거야! 너무 불안해하거나 걱정하지 않았으면 좋겠다.	N	2022-07-18 02:35:25	2022-11-08 04:26:29
BE22009641	11	0	응. 걱정해줘서 고마워. 그리고 진심으로 거짓말 한 부분 죄송하다고 말씀드려야겠어. 그래야 덜 불안해하고 놀 수 있을 것 같아. 조마조마하게 노는 건 옳지 않다는 생각이 덕분에 드네.	N	2022-07-18 02:35:25	2022-11-08 04:26:29
BE22009641	12	1	나와의 연락으로 한결 마음이 편해질 길을 찾았다고 생각하니 내 마음도 한결 좋네. 잘못된 거짓말로 무척 불안하고 힘들 거 같은데 많이 불안해하지 말고 잘 얘기하고 즐기다 왔으면 좋겠는 마음이야. 네가 하루하루 마음 편하게 보내면 좋을 것 같다는 생각이 들거든!	N	2022-07-18 02:35:25	2022-11-08 04:26:30
BE22009641	13	0	내 옆에서 함께 걱정해주고 조언해주는 언니가 있어서 얼마나 좋은지 몰라. 오늘만 해도 이렇게 좋은 조언으로 내 불안한 마음 한결 나아질 수 있는 방법도 찾게 되고! 정말 고마워.	N	2022-07-18 02:35:25	2022-11-08 04:26:30
BE22009641	14	1	아니야. 다음번부터 이런 불안한 일 만들지 않으면 되는 거지! 거짓말해서 불안한 지금의 네 마음에 내 마음도 덩달아 불안해지고 그랬거든. 부모님과 연락해서 잘 해결되길 기대해보자.	N	2022-07-18 02:35:25	2022-11-08 04:26:30
BE22009641	15	0	응! 그래야겠어! 여행 와서 집중하지 못하니 더 속상하고 배로 불안한 마음이었는데. 다행이야 정말. 덕분에 어떻게 해야 할지 갈피가 잡히니 마음이 한결 편해졌어. 고마워, 언니!	Y	2022-07-18 02:35:25	2022-11-08 04:26:30
