id	utterance_id	utterance_type	utterance_text	terminate	regDate	updDate
BE22017238	1	0	형, 도착했어? 양가 어른들 다 오셨어? 나 지금 택시 안 잡혀서 늦을 것 같은데 어떡하지, 진짜 너무 불안하고 초조하다.	N	2022-09-06 09:22:55	2022-11-08 05:14:08
BE22017238	2	1	무슨 일이야, 괜찮아? 메시지만 봤는데도 너무 다급하고 불안해 보이네. 그렇게 서두르지 않아도 괜찮으니까 진정해.	N	2022-09-06 09:22:55	2022-11-08 05:14:08
BE22017238	3	0	그러고 싶은데 진정이 잘 안되네, 형 상견례 자리라 양쪽 가족들 다 오시는데 늦어서 불안해. 오전에 접촉 사고가 나서 수습하느라 일정이 다 꼬여서, 지금 택시 타고 가려고 기다리고 있어. 그런데 20분째 택시가 안 잡히니까 너무 초조하고 당혹스럽다.	N	2022-09-06 09:22:55	2022-11-08 05:14:08
BE22017238	4	1	접촉 사고라니 아침부터 정말 정신없고 혼란스러웠겠다. 얼마나 불안하고 초조했을지 이해가 가고, 어른들 다 모셔놓고 늦을까 봐 걱정되는 마음도 잘 알겠어. 그래도 그렇게 허겁지겁 오지 않아도 되니까, 너무 불안해하지 마.	N	2022-09-06 09:22:55	2022-11-08 05:14:08
BE22017238	5	0	맞아 형, 괜히 나 때문에 중요한 자리 망칠까 봐서 더 걱정되는 것 같아. 진짜 나는 왜 이 모양일까? 조금 더 빨리 출발할걸, 그럼 이런 불안하고 초조한 느낌 안 겪어도 됐을 텐데.	N	2022-09-06 09:22:55	2022-09-06 09:22:55
BE22017238	6	1	괜히 나 때문에 다른 사람들 기분 상하지 않을까 하는 마음에 불안해하는 거 충분히 이해해. 그렇지만 예상하지 못한 일 때문에 늦어진 걸 어쩌겠어? 일어나지 않은 일을 예측하지 못했다고 자신을 탓하지 않았으면 해.	N	2022-09-06 09:22:55	2022-11-08 05:14:08
BE22017238	7	0	아침부터 차 사고도 나고 상황이 이렇다 보니까 불안해서 그런 생각을 했나 봐. 그래도 형 말 듣고 나니까 조금 진정이 되는 것 같다.	N	2022-09-06 09:22:55	2022-09-06 09:22:55
BE22017238	8	1	접촉 사고 겪고 약속에도 늦으면 나였어도 불안할 것 같아, 나도 비슷한 경험을 한 적 있어. 너무 불안하고 초조해서 궁지에 몰리다 보니까, 이런 일이 전부 나 때문인 것 같아서 괴롭더라. 지금 네 모습을 보니 그 시절의 내가 생각나서 너무 안쓰럽고 공감이 돼.	N	2022-09-06 09:22:55	2022-11-08 05:14:08
BE22017238	9	0	형도 나랑 비슷한 경험과 비슷한 감정을 느낀 적이 있다니까 그것만으로도 뭔가 의지가 되네. 사고는 났지, 택시는 안 잡히지, 약속도 늦다 보니까, 나 자신이 한심하고 원망스러웠던 것 같아. 따지고 보면 내 잘못도 아니었는데.	N	2022-09-06 09:22:55	2022-11-08 05:14:08
BE22017238	10	1	그래, 예상할 수도 없고 누구나 겪을 수 있는 흔한 일이니까 그렇게 자책하지 않아도 돼. 지금 당장은 마음이 복잡하고 불안하겠지만 다 괜찮아질 거야. 평소처럼 밝고 씩씩한 너라면 지금 느끼는 부정적인 감정 정도는 금방 떨쳐낼 수 있을 거야.	N	2022-09-06 09:22:55	2022-11-08 05:14:08
BE22017238	11	0	조언 고마워 형. 형 말대로 마음을 진정시켜볼게. 조금 전까지만 해도 너무 불안하고 초조해서 진짜 부정적인 생각만 하고 있었거든.	N	2022-09-06 09:22:55	2022-11-08 05:14:08
BE22017238	12	1	기왕 이렇게 된 거 끙끙 앓으면서 걱정하기보다는 긍정적인 생각을 해보는 건 어때? 예전부터 가족이 더 많았으면 좋겠다고 했잖아, 형수나 사돈 어르신들이랑 어떤 추억을 만들지 상상해 봐. 이미 벌어진 일에 매달리기보다는, 즐겁고 행복한 생각을 하는 쪽이 한결 마음이 편해질 거야.	N	2022-09-06 09:22:55	2022-11-08 05:14:08
BE22017238	13	0	진짜 형이 괜히 형은 아니구나. 형이 해주는 말을 듣고 나니까 복잡했던 생각과 불안했던 마음이 다 정리가 되는 것 같아. 진짜 고마워.	N	2022-09-06 09:22:55	2022-09-06 09:22:55
BE22017238	14	1	마음을 잘 추스른 것 같아서 다행이다. 동생한테 칭찬을 듣는 것도 의외로 기분 좋고. 먼저 가족들이랑 이야기 나누고 있을 테니까 서두르지 말고 천천히 오도록 해.	N	2022-09-06 09:22:55	2022-11-08 05:14:08
BE22017238	15	0	알겠어. 최대한 빨리 갈 수 있도록 해볼게. 이따가 보자.	Y	2022-09-06 09:22:55	2022-09-06 09:22:55
