id	utterance_id	utterance_type	utterance_text	terminate	regDate	updDate
BE22000109	1	0	웬일로 이번에 캠핑 가서는 모기에 안 물렸다 했는데, 아니었어.	N	2022-06-03 07:43:34	2022-11-08 03:24:55
BE22000109	2	1	왜, 어디 물리기라도 했어?	N	2022-06-03 07:43:34	2022-11-08 03:24:55
BE22000109	3	0	어, 팔이며 다리에. 얼굴에도 크게 한 방.	N	2022-06-03 07:43:34	2022-11-08 03:24:56
BE22000109	4	1	애고, 많이 물렸나보네? 가렵지는 않고?	N	2022-06-03 07:43:34	2022-11-08 03:24:56
BE22000109	5	0	가렵지는 않은데 아침에 붉게 반점이 올라오더니 점점 커지고 있어.	N	2022-06-03 07:43:34	2022-11-08 03:24:56
BE22000109	6	1	긴 옷 입었는데도 그렇게 물렸네. 산 모기라 더 센가? 약은 발랐고?	N	2022-06-03 07:43:34	2022-11-08 03:24:56
BE22000109	7	0	아니, 임산부용 모기약이 있기는 한데, 그것도 좀 찜찜해서 안 발랐어.	N	2022-06-03 07:43:34	2022-11-08 03:24:56
BE22000109	8	1	맛다, 임산부라 모기약도 조심해야 하는구나. 그런데 너 가려움 참기 힘들어 하는데 약도 못 바르고 힘들겠다.	N	2022-06-03 07:43:34	2022-11-08 03:24:56
BE22000109	9	0	응. 나 예전에 모기 물려서 응급실 간 적 있잖아. 더구나 지금은 약도 못 쓰니까 좀 걱정돼.	N	2022-06-03 07:43:34	2022-11-08 03:24:56
BE22000109	10	1	그래, 너 알레르기 때문에 어려서부터 고생했잖아. 그러니까 혹시 심해진다 싶으면 무조건 참지만 말고 바로 담당 의사에게 문의해봐. 병원에서는 이런 사례 많이 봤을 테니 약이 아니더라도 뭔가 방법을 알려주지 않겠어?	N	2022-06-03 07:43:34	2022-11-08 03:24:56
BE22000109	11	0	그렇겠지? 전문가들이니까 더 많이 알고 있겠네!	N	2022-06-03 07:43:34	2022-11-08 03:24:56
BE22000109	12	1	임신으로 면역력이 많이 떨어진 상태일 테니 먹는 거나 영양제도 더 잘 챙겨 먹고. 지난번에 내가 사준 빈혈약은 잘 먹고 있어?	N	2022-06-03 07:43:34	2022-11-08 03:24:56
BE22000109	13	0	응, 그런 건 또 내가 꼬박꼬박 잘 챙겨 먹고 있지. 고마워.	N	2022-06-03 07:43:34	2022-11-08 03:24:56
BE22000109	14	1	사실 모기 물린 거 눈 딱 감고 며칠만 참으면 언제 그랬냐 싶게 없어지는데…, 가렵다고 너무 긁지 말고 조금만 참아.	N	2022-06-03 07:43:34	2022-11-08 03:24:56
BE22000109	15	0	그럴게. 심해지면 언니 말대로 병원 도움 받으면 되니까 마음 편하고 먹고 있을게.	Y	2022-06-03 07:43:34	2022-11-08 03:24:56
