id	utterance_id	utterance_type	utterance_text	terminate	regDate	updDate
BE22015499	1	0	누나 요즘 딸 때문에 걱정이 생겼어. 사회성이 좋아서 다행이다 생각했는데, 이게 문제가 될 수 있다고 생각하니 불안해진다.	N	2022-08-24 09:22:18	2022-11-08 05:03:26
BE22015499	2	1	조카가 성격도 발랄하고, 말도 똑소리 나게 잘하는데 무슨 걱정이 있을까? 동생이 불안하다니, 나도 염려가 되네.	N	2022-08-24 09:22:18	2022-11-08 05:03:26
BE22015499	3	0	처음 만난 사람들과도 잘 어울리는 딸을 보면서 마음을 놨지. 그런데 모르는 어른이 어디 가자고 하니까 따라가는 거 있지. 사람에 대한 경계가 너무 없어 보이니 걱정되고 불안해지더라고.	N	2022-08-24 09:22:18	2022-11-08 05:03:26
BE22015499	4	1	그런 일이 있었구나. 네가 많이 놀라고 당황했겠다. 그럼 아이들이 사회성이 좋은 거랑 낯선 사람에 대한 경계가 없는 거랑은 다른 얘기이니, 당연히 불안하지.	N	2022-08-24 09:22:18	2022-11-08 05:03:26
BE22015499	5	0	이러다가 큰일이 나겠다 싶어서 덜컥 겁이 났어. 엄마 없이 자라 아무한테나 사랑을 갈구하나 싶은 마음도 들기도 했고. 그 일 이후로 이런저런 생각에 불안하고 걱정스러운 마음뿐이야.	N	2022-08-24 09:22:18	2022-11-08 05:03:26
BE22015499	6	1	동생 혼자 아이를 키운다는 게 참 어려운 일이지. 그래도 네가 여러 가지 면에서 세심하게 아이를 잘 관찰하고 보살피고 있구나, 하는 마음이 들어. 일도 힘들 텐데, 아이를 향한 네 사랑이 대단하다고 느껴지고.	N	2022-08-24 09:22:18	2022-11-08 05:03:26
BE22015499	7	0	혼자서도 충분히 잘 할 수 있다고 생각했어. 그런데 점점 빈자리가 느껴지고, 이렇게 아이 걱정이 생기면 어쩔 줄을 모르겠으니 더 불안해지고, 두려워져.	N	2022-08-24 09:22:18	2022-08-24 09:22:18
BE22015499	8	1	네가 아무리 잘해준다고 해도 조카 마음속에 생기는 결핍이 분명히 존재할 거야. 부모는 그런 걸 본능적으로 느낄 수 있으니 네가 더 불안하고 걱정되는 거고. 결핍 없이 자라는 사람은 없으니, 너무 네 탓을 하거나 두려워하지 말았으면 좋겠다.	N	2022-08-24 09:22:18	2022-11-08 05:03:26
BE22015499	9	0	엄마 없이 혼자 키우는 게 너무 미안하지. 그래서 처음 만난 사람들이랑 잘 어울리는 모습을 보면 안심이 되기도 했지만, 불안감도 항상 있었거든.	N	2022-08-24 09:22:18	2022-11-08 05:03:27
BE22015499	10	1	아이가 모르는 어른을 따르는 게 위험한 일이라 불안해하는 줄만 알았는데, 그런 미안한 마음도 있었구나. 모두 자신이 처한 상황 속에서 최선의 행복과 만족을 얻으며 사는 거잖아. 조카도 그걸 배우며 잘 성장할 거라 믿어, 그러니 조금만 여유롭게 마음을 가지렴.	N	2022-08-24 09:22:18	2022-11-08 05:03:27
BE22015499	11	0	누나가 이렇게 따뜻하게 말해주니 안심이 된다. 자꾸 내가 줄 수 없는 것들을 미안해하고, 그것 때문에 아이가 엇나갈까 봐 불안했던 것 같아. 누나 말대로 주어진 상황 안에서 잘 키우자 시각을 바꾸니 이렇게 마음이 편안할 수가 없네.	N	2022-08-24 09:22:18	2022-11-08 05:03:27
BE22015499	12	1	부모가 되면, 뭐든지 다 주고 풍족하게 아이를 키우고 싶은 욕심이 생기잖아. 그럴 수 없으니 욕심이라고 부르는 거고. 동생이 생각을 바꾸고 편해졌다니, 누나도 안도감이 드는구나.	N	2022-08-24 09:22:18	2022-11-08 05:03:27
BE22015499	13	0	맞아, 혼자 키운다는 미안함이 너무 컸던 것 같아. 어쩔 수 없다는 걸 받아들이는 일도 살면서 정말 중요한 일이라 느껴지니 불안감이 사라져. 딸이 이 모든 걸 너무 어려워하지 않고 잘 받아들일 수 있기만 바랄 뿐이야.	N	2022-08-24 09:22:18	2022-08-24 09:22:18
BE22015499	14	1	동생이 이렇게 세심하게 딸을 보살피니까 조카도 그 마음을 잘 알고 이해할 거야. 네 생각과 마음이 정리된 듯해서 다행이다. 앞으로도 고민 있으면 지금처럼 누나한테 말하렴.	N	2022-08-24 09:22:18	2022-11-08 05:03:27
BE22015499	15	0	누나랑 대화를 나누면 언제나 마음이 편안해져. 고마워, 항상 우리 부녀 곁을 든든히 지켜주고 있어서 말이야.	Y	2022-08-24 09:22:18	2022-08-24 09:22:18
