id	utterance_id	utterance_type	utterance_text	terminate	regDate	updDate
BE22017245	1	0	누나 우리 회사 사정이 너무 좋지 않아서 큰일이야. 불안해서 잠을 잘 수가 없어.	N	2022-09-06 11:09:22	2022-09-06 11:09:22
BE22017245	2	1	경기가 많이 어려워져 누나도 네 걱정 많이 하고 있었거든. 회사가 문 닫을 정도로 어려운 거야?	N	2022-09-06 11:09:22	2022-11-08 05:14:10
BE22017245	3	0	다행히 그 정도는 아닌데, 직원을 해고해야 해. 사업 시작하면서 직원 해고는 하지 않는다고 다짐했는데, 이렇게 되니 너무 괴롭고 불안해.	N	2022-09-06 11:09:22	2022-09-06 11:09:22
BE22017245	4	1	소규모 회사로 남고 싶었던 것도 직원들과 가족처럼 힘을 모아 일하며, 돈독하게 지내고 싶었던 이유잖아. 어쩔 수 없는 상황이라지만, 직원 해고를 선택할 때까지 네가 얼마나 힘들었을지 생각하니 가슴이 아프구나. 그래도 괴로운 마음 어서 추스르고, 남은 직원들과 힘을 내야지.	N	2022-09-06 11:09:22	2022-11-08 05:14:10
BE22017245	5	0	직원 해고 통보를 어떻게 해야 할지 모르겠어. 그렇다고 모두를 다 안고 가자니 회사가 붕괴할 것 같거든. 피치 못할 선택을 했지만 매일 밤 악몽에 시달리고, 초조하고 불안한 마음이 커.	N	2022-09-06 11:09:22	2022-11-08 05:14:10
BE22017245	6	1	지금은 회사를 떠날 사람들을 생각하면, 그럴 수밖에 없지. 하지만 그럴 때일수록 마음 더 단단히 먹어야 해. 그래야 더 잘돼서 해고된 사람들과 좋은 조건으로 함께 일하며, 지금 미안한 마음을 보답하지.	N	2022-09-06 11:09:22	2022-11-08 05:14:10
BE22017245	7	0	그럴 수 있다면 너무 좋겠다. 하지만 지금 그런 생각할 여유가 없는 것 같아. 행여, 해고된 사람들이 잘못되면 어쩌나 하는 생각이 끊이질 않아서 불안하고 걱정돼.	N	2022-09-06 11:09:22	2022-09-06 11:09:22
BE22017245	8	1	불안한 마음이 드는 이유가 해고된 직원들 걱정 때문이라는 건 이해해. 그런데 그 직원들의 미래를 상상하며, 잠도 못 자고 힘들어하는 건 모두를 위한 일은 아니야. 현재 할 수 있는 일에 집중하며, 불안감을 덜어가려고 노력하는 게 지금 필요한 일 같구나.	N	2022-09-06 11:09:22	2022-11-08 05:14:10
BE22017245	9	0	그래서 불안감이 드는 건 사실이야. 나도 그 생각에 노력은 하고 있는데 쉽지 않아. 좋지 않은 일들이 밀물처럼 한꺼번에 오니까 별의별 상상을 하며 불안함을 계속 더하는 것 같아.	N	2022-09-06 11:09:22	2022-11-08 05:14:10
BE22017245	10	1	몇 달째 어려운 일을 처리하고, 해결하며 내적으로 쌓인 스트레스와 불안감이 무척이나 심하구나. 불안감을 해소할 때 가장 필요한 게 여유로운 마음가짐이라고 하더라. 지금은 여유라는 단어가 멀게 느껴질지 몰라도 한 템포 느리게 간다고 생각하고, 여유를 가져 봤으면 좋겠다.	N	2022-09-06 11:09:22	2022-11-08 05:14:11
BE22017245	11	0	지난 몇 달간 여유를 사치처럼 느꼈던 것 같아. 지금 몰아치는 문제를 해결하고, 앞으로 무슨 문제가 생길까 상상하며, 불안감이 더 커졌던 건 사실이야. 누나 말대로 한 템포만 쉬어간다고 여기고 천천히 하자 생각하니 마음이 좀 안정되는 것 같아.	N	2022-09-06 11:09:22	2022-11-08 05:14:11
BE22017245	12	1	힘든 상황을 피하지 않고, 해결하고 최선의 방법을 찾으려 노력하는 네 의지와 결단력이 대단하다 느껴져. 이제 조금만 천천히 여유롭게 생각하면 불안감은 자연스레 사라질 거야.	N	2022-09-06 11:09:22	2022-11-08 05:14:11
BE22017245	13	0	누나 말대로 속도를 천천히 하려 마음만 먹었을 뿐인데, 직원 해고에 대한 걱정과 불안이 줄어들어. 어서 빨리 회사를 회복하고, 더 좋은 조건으로 데리고 오겠다고 확답해야겠다는 생각이 든다. 머릿속이 한결 가벼워진 느낌이야.	N	2022-09-06 11:09:22	2022-11-08 05:14:11
BE22017245	14	1	문제가 복잡할수록 답은 오히려 간단할 수 있어. 중요한 건 네 마음가짐이니, 어려울수록 여유를 가지려고 노력해 봐. 동생 마음이 편안해진 듯해서 나도 안심이 된다.	N	2022-09-06 11:09:22	2022-11-08 05:14:11
BE22017245	15	0	어렵고 힘들어 불안감이 들 때, 누나가 해 준 말을 꼭 떠올려야겠다. 누나 덕분에 불안감이 많이 사라졌어. 항상 나에게 힘이 돼줘서 정말 고마워.	Y	2022-09-06 11:09:22	2022-11-08 05:14:11
