id	utterance_id	utterance_type	utterance_text	terminate	regDate	updDate
BE22004957	1	0	언니, 공황장애 때문에 친구들과 통화조차 쉽지 않아. 나 어떡해.	N	2022-06-29 03:32:13	2022-11-08 03:56:17
BE22004957	2	1	그래, 많이 걱정되지? 통화가 되는 친구는 하나도 없어?	N	2022-06-29 03:32:13	2022-11-08 03:56:17
BE22004957	3	0	전화하려고 하면 심장이 두근거리고, 숨이 가빠져. 언제까지 이러고 살아야 하는지 정말 답답해.	N	2022-06-29 03:32:13	2022-11-08 03:56:17
BE22004957	4	1	동생아, 그래도 응급실에 실려 갈 때를 떠올려 봐. 지금 얼마나 좋아졌는지. 나는 이 정도로 네가 빨리 이겨낼 줄 몰랐는데 말이야.	N	2022-06-29 03:32:13	2022-11-08 03:56:17
BE22004957	5	0	나는 마음이 조급해져. 이러다가 친구들도 다 나를 떠나버릴 것 같아. 외로운 생각이 들어.	N	2022-06-29 03:32:13	2022-11-08 03:56:17
BE22004957	6	1	네 마음 이해해. 그동안 네가 얼마나 힘들었는지도 알고. 그러나 점점 나아지고 있으니 희망을 버리지는 마.	N	2022-06-29 03:32:13	2022-11-08 03:56:17
BE22004957	7	0	나아지는지도 모르겠어. 친구한테 전화하려는 마음만 먹어도 호흡이 가빠지니까.	N	2022-06-29 03:32:13	2022-11-08 03:56:17
BE22004957	8	1	지난번에 시작한 명상은 꾸준히 하고 있니? 호흡을 다스리는 데는 복식호흡을 하라고 의사 말했잖아.	N	2022-06-29 03:32:13	2022-11-08 03:56:17
BE22004957	9	0	아침에 일어나 명상하긴 하는데 쉽지는 않아. 잘하고 있는지도 모르겠고. 호흡이 불규칙할 때는 복식호흡이 도움이 되긴 해.	N	2022-06-29 03:32:13	2022-11-08 03:56:17
BE22004957	10	1	그래, 그렇게 조금씩 연습하고 약 먹으면 금방 좋아질 거야. 그리고 우선 긴장이 되지 않는 친구를 한 명이라도 떠올려 봐.	N	2022-06-29 03:32:13	2022-11-08 03:56:17
BE22004957	11	0	한 명이 생각나긴 해. 그 친구와는 긴장이 안 되는 것 같은데. 막상 하려니까 겁이 나.	N	2022-06-29 03:32:13	2022-11-08 03:56:17
BE22004957	12	1	시도해 보는 건 괜찮은 거 같은데. 해보고 안 되면 그만둬도 늦지 않아. 문자로 소통하는 건 어때?	N	2022-06-29 03:32:13	2022-11-08 03:56:17
BE22004957	13	0	문자도 친구를 떠올리면 쉽지는 않아. 그래도 말하는 것보다는 불안함이 덜하겠지?	N	2022-06-29 03:32:13	2022-11-08 03:56:17
BE22004957	14	1	그럼, 문자는 쓰다가 힘들면 그만둬도 상대방이 모르니까 부담이 없잖아.	N	2022-06-29 03:32:13	2022-11-08 03:56:17
BE22004957	15	0	맞아. 친구들과 통화하다가 공황 발작이 오면 어떡하나 싶어서 두려운 거 같아.	N	2022-06-29 03:32:13	2022-11-08 03:56:17
BE22004957	16	1	한 걸음씩 내디뎌 보는 거야. 언니가 언제나 옆에 있어 줄게.	N	2022-06-29 03:32:13	2022-11-08 03:56:17
BE22004957	17	0	언니랑 이렇게 소통하니 그래도 살 거 같아. 고마워. 언니가 옆에 있어 줘서 정말 든든하단 말이야.	N	2022-06-29 03:32:13	2022-11-08 03:56:17
BE22004957	18	1	나도 네가 있어서 행복하거든. 공황장애를 극복해 나가는 자랑스러운 내 동생. 언니가 언제나 응원할게.	N	2022-06-29 03:32:13	2022-11-08 03:56:17
BE22004957	19	0	고마워. 언니가 친구 같아. 그래도 처음에 친구들에게 문자 쓸 때 언니가 좀 도와줘야 해.	N	2022-06-29 03:32:13	2022-11-08 03:56:17
BE22004957	20	1	하하하, 언제나 당연하지. 네가 좋아진다면 이 언니는 못 할 일이 없단다.	Y	2022-06-29 03:32:13	2022-11-08 03:56:17
