id	utterance_id	utterance_type	utterance_text	terminate	regDate	updDate
BE22001490	1	0	언니, 혹시 내 샤넬 귀걸이 집에 있어? 내가 찾아볼 때는 없더라고. 차에도 없어.	N	2022-06-16 00:04:45	2022-11-08 03:34:02
BE22001490	2	1	에고, 잃어버렸어? 나 집에서 그거 본 기억이 없어. 지금은 밖이라 찾아볼 수가 없고.	N	2022-06-16 00:04:45	2022-11-08 03:34:02
BE22001490	3	0	아, 어쩌지. 오늘 샤넬 귀걸이 선물해준 친구 결혼식에 그거 끼고 가기로 했거든.	N	2022-06-16 00:04:45	2022-11-08 03:34:02
BE22001490	4	1	정말? 그래서 그거 찾으라 애 많이 먹었겠다.	N	2022-06-16 00:04:45	2022-11-08 03:34:02
BE22001490	5	0	응. 최근에 우정 귀걸이로 맞춘 건데 말이야.	N	2022-06-16 00:04:45	2022-11-08 03:34:02
BE22001490	6	1	그런 소중한 귀걸이를 지금 잃어버렸으니 지금 안달 나서 마음이 엄청 불안하겠어. 나 같아도 그럴 거 같아.	N	2022-06-16 00:04:45	2022-11-08 03:34:02
BE22001490	7	0	그러니까. 내가 그걸 오늘 꼭 껴야 하는 게, 그 친구도 결혼식에 샤넬 귀걸이 끼기로 했거든.	N	2022-06-16 00:04:45	2022-11-08 03:34:02
BE22001490	8	1	아무렴. 결혼 때문에 친구 사이가 왠지 멀어지는 것 같아서 서로 우정의 증표를 하고 싶었던 거지?	N	2022-06-16 00:04:45	2022-11-08 03:34:02
BE22001490	9	0	맞아. 결혼식장을 회사 반차 쓰고 가는 거라 다시 집에 들를 시간이 없어. 와, 머리가 지끈하네.	N	2022-06-16 00:04:45	2022-11-08 03:34:02
BE22001490	10	1	그러면 너 식장 도착 전에 얼른 샤넬 매장 들러서 새로 사는 게 어때? 그럼 그 친구도 서운하지 않고 너도 마음이 좀 편안해질 것 같은데.	N	2022-06-16 00:04:45	2022-11-08 03:34:02
BE22001490	11	0	그럴까? 일단 언니 말대로 해볼까?	N	2022-06-16 00:04:45	2022-11-08 03:34:02
BE22001490	12	1	응. 중요한 날인데 서로 마음 불편하지 않고 좋지. 내가 근처 매장에 전화로 그 귀걸이 재고 좀 물어볼게.	N	2022-06-16 00:04:45	2022-11-08 03:34:02
BE22001490	13	0	고마워. 역시 우리 언니밖에 없어. 마음이 조금 놓인다.	N	2022-06-16 00:04:45	2022-11-08 03:34:02
BE22001490	14	1	다행이다. 우선 너무 걱정하지 말고, 일에 집중하고 있어! 내가 곧 연락 남길게.	N	2022-06-16 00:04:45	2022-11-08 03:34:02
BE22001490	15	0	진짜 고마워서 눈물 날 것 같아. 알겠어!	Y	2022-06-16 00:04:45	2022-11-08 03:34:02
