id	utterance_id	utterance_type	utterance_text	terminate	regDate	updDate
BE22018977	1	0	언니! 내일 종일 비가 온다고 예정이 됐다는데 돌잔치에 손님이 안 올까 봐 너무 불안해. 인원수에 맞게 식사도 다 예약해둔 건데 많이 안 오면 어쩌지? 먹지도 않은 돈을 지불하게 될까 봐 불안하네.	N	2022-09-19 15:03:56	2022-11-08 05:24:34
BE22018977	2	1	몇 달 동안 돌잔치 때문에 신경 많이 썼을 텐데 비가 종일 온다니 많이 불안하겠다. 조카한테는 생일이기도 한 건데 엄마로서 많이 걱정되겠네. 비 예보가 있긴 하지만 비껴갈 수도 있으니 미리부터 걱정하지는 마.	N	2022-09-19 15:03:56	2022-11-08 05:24:34
BE22018977	3	0	언니도 알고 있지만 딸아이가 일찍 태어나서 인큐베이터에 두 달이나 있었잖아. 게다가 다른 아이보다 너무 작아서 1년 동안 내가 얼마나 힘들었는지 알잖아. 그래서 이번 돌에는 정말 많은 사람한테 축하받고 싶었는데 비가 종일 온다니 너무 걱정돼.	N	2022-09-19 15:03:56	2022-11-08 05:24:34
BE22018977	4	1	너무 잘 알지. 네가 잠도 잘 못 자고 눈물로 키운 아이잖아. 키우는 그 과정 중에 마음이 어땠을지 생각하면 언니도 눈물이 날 것 같아.	N	2022-09-19 15:03:56	2022-11-08 05:24:34
BE22018977	5	0	잘 먹지도 않아서 여기저기 좋다는 재료는 다 공수하고 강의도 들으러 다녔잖아. 그 아이가 1년 동안 무사히 자라서 나는 기쁜 마음으로 돌잔치를 하고 싶어. 그런데 비가 온다니 멀리서 오는 손님들은 안 오실까 봐 너무 걱정돼!	N	2022-09-19 15:03:56	2022-11-08 05:24:34
BE22018977	6	1	그 모든 손님이 네 육아 이야기를 다 아시는 분들인데 비 때문에 축하하러 안 오시진 않을 거야. 잔치 전날인데 엄마가 이렇게 걱정이 많으면 어떻게 해. 누구보다 기뻐야 할 사람이 엄마잖아.	N	2022-09-19 15:03:56	2022-11-08 05:24:34
BE22018977	7	0	아까 친구가 내일 비가 온다고 아이랑 오기 힘들 것 같아서 돈만 보내겠다고 하는 거야. 그때부터 갑자기 너무 불안해지더라고.	N	2022-09-19 15:03:56	2022-11-08 05:24:35
BE22018977	8	1	그 많은 손님 중의 한 명일 뿐이잖아. 그냥 우려일 뿐이니 마음 쓰지 마. 일기예보라는 게 맞기도 하지만 안 맞는 날도 있잖니!	N	2022-09-19 15:03:56	2022-11-08 05:24:35
BE22018977	9	0	나도 그렇게 믿고 싶어서 예보가 바뀌었는지 계속 휴대폰만 들여다보고 있어. 하지만 아직 바뀌진 않았네. 걱정돼서 밤에 잠도 잘 못 잘 것 같아.	N	2022-09-19 15:03:56	2022-11-08 05:24:35
BE22018977	10	1	진심으로 축하해주려는 마음만 있다면 비는 못 올 이유가 되지 않는다고 생각해. 분명히 많이들 올 테니 미리부터 걱정하지 마!	N	2022-09-19 15:03:56	2022-11-08 05:24:35
BE22018977	11	0	언니 말이 맞아. 잘 커 준 딸을 생각하면서 가장 기뻐해야 할 내가 왜 자꾸 안 좋은 생각만 하는지 모르겠다. 이제부터 우리 딸 축하할 일만 생각할래.	N	2022-09-19 15:03:56	2022-11-08 05:24:35
BE22018977	12	1	그래. 조카도 그 누구보다 엄마의 축하를 받고 싶어 할 거야. 너도 푹 자야 내일 행사 준비를 잘할 수 있을 거야. 이제 비 예보는 그만 봐.	N	2022-09-19 15:03:56	2022-11-08 05:24:35
BE22018977	13	0	응. 내가 별거 아닌 거에 너무 집착했나 봐. 더 중요한 일이 너무나도 많은데 말이야.	N	2022-09-19 15:03:56	2022-11-08 05:24:35
BE22018977	14	1	나도 내일 일찍 와서 도와줄 테니까 너무 걱정하지 말고 일찍 자. 우리 조카 생일이 기대된다. 내일 기쁜 얼굴로 만나자.	N	2022-09-19 15:03:56	2022-11-08 05:24:35
BE22018977	15	0	응. 지금부터 더 이상 비 예보는 보지 않고 일찍 잘게. 항상 정말 고마워.	Y	2022-09-19 15:03:56	2022-11-08 05:24:35
