id	utterance_id	utterance_type	utterance_text	terminate	regDate	updDate
BE22011534	1	0	형, 손아귀 힘이 약해서 물건을 자꾸 떨어뜨려서 큰일이야. 특히 핸드폰을 자주 떨어트려서 불안해.	N	2022-07-25 08:44:40	2022-11-08 04:38:33
BE22011534	2	1	엄청 불안하겠다. 핸드폰은 액정이 깨질 확률이 높아서 더 불안하겠어.	N	2022-07-25 08:44:40	2022-11-08 04:38:33
BE22011534	3	0	나는 왜 이렇게 손에 쥐는 힘이 약한지. 다른 물건도 얼마나 잘 떨어트리는지, 매번 불안해.	N	2022-07-25 08:44:40	2022-11-08 04:38:33
BE22011534	4	1	나도 잠깐 한눈을 팔거나 하면 들고 있던 걸 자주 놓치긴 해.	N	2022-07-25 08:44:40	2022-11-08 04:38:33
BE22011534	5	0	형, 며칠 전에는 친구가 나한테 잠깐 핸드폰 맡겼는데, 어찌나 불안하던지.	N	2022-07-25 08:44:40	2022-11-08 04:38:33
BE22011534	6	1	물론 네가 손에서 물건을 잘 떨어트리기는 하지만, 미리부터 걱정하는 것 같은데?	N	2022-07-25 08:44:40	2022-11-08 04:38:33
BE22011534	7	0	아침에는 계단 올라가면서, 책이랑 함께 핸드폰을 떨어트려서 깜짝 놀랐어. 천만다행으로 액정 괜찮더라고.	N	2022-07-25 08:44:40	2022-11-08 04:38:33
BE22011534	8	1	사실, 큰 문제는 아닌데, 네가 스트레스를 받는 것 같아 염려스럽다.	N	2022-07-25 08:44:40	2022-11-08 04:38:33
BE22011534	9	0	형, 병원에를 한번 가 볼까? 심해도 너무 심한 것 같아서 말이야. 자꾸 물건을 떨어트리다 보니 심리적으로도 불안해.	N	2022-07-25 08:44:40	2022-11-08 04:38:33
BE22011534	10	1	병원을 가보는 것도 심리적으로도 도움이 될 것 같다. 그리고 악력을 높이는 운동을 시작하면 훨씬 괜찮아질 거야.	N	2022-07-25 08:44:40	2022-11-08 04:38:33
BE22011534	11	0	악력을 높이는 운동? 손쉽게 할 수 있는 게 뭐가 있을까? 형이 가끔 손에 쥐고 하는 게 악력기인가?	N	2022-07-25 08:44:40	2022-11-08 04:38:33
BE22011534	12	1	손목의 힘이 강해지면서 혈액순환도 잘 되는 것 같아서 좋더라. 불안한 마음도 안정될 거야.	N	2022-07-25 08:44:40	2022-11-08 04:38:33
BE22011534	13	0	진즉 말해 주지 그랬어. 우선, 형 것으로 하고 나도 내 것 어서 주문해 놔야겠다. 어휴 다행이다. 한결 마음이 좋아지는 것 같아.	N	2022-07-25 08:44:40	2022-11-08 04:38:33
BE22011534	14	1	그렇다고 처음부터 너무 무리는 하지 말고, 매일매일 개수를 늘려 가면서 천천히 해야 한다.	N	2022-07-25 08:44:40	2022-11-08 04:38:33
BE22011534	15	0	걱정하지 마, 형. 조금씩 늘려갈 테니, 악력 좋아지면, 불안한 마음도 사라지고 정말 좋겠다.	Y	2022-07-25 08:44:40	2022-11-08 04:38:33
