id	utterance_id	utterance_type	utterance_text	terminate	regDate	updDate
BE22014730	1	0	언니 아들이 친구 생일이라 만나러 나갔는데 들어올 시간이 지나도 연락이 안 돼. 무슨 일이 있지 않을까 너무 불안해.	N	2022-08-19 04:23:40	2022-08-19 04:23:40
BE22014730	2	1	조카가 안 들어와서 너무 걱정스럽겠구나. 시끄러운 장소에 있어서 그럴 수 있지. 그래도 집에서 걱정하는 거 조금만 알아주면 좋을 텐데.	N	2022-08-19 04:23:40	2022-11-08 04:58:42
BE22014730	3	0	친구를 좋아하는 아이라서 밖에 나가면 들어올 생각을 안 해. 잘 놀고 있기야 하겠지만, 무슨 일이 있는 건 아닌지 불안해 죽겠어.	N	2022-08-19 04:23:40	2022-08-19 04:23:40
BE22014730	4	1	네 마음 충분히 이해가 가. 왜 안 그렇겠니. 나도 자식 키워보고 작고 큰 사고도 겪어봐서 네가 불안해하는 모습을 생각하니 내가 너무 속상하다.	N	2022-08-19 04:23:40	2022-11-08 04:58:42
BE22014730	5	0	이렇게 연락 두절될 때마다 별 상상을 다 하고 전화기만 쳐다보고 있게 돼.	N	2022-08-19 04:23:40	2022-11-08 04:58:42
BE22014730	6	1	한번 놀란 상태라 더 걱정스럽구나. 아직 어두워지기 전이니 너무 겁부터 먹지 마.	N	2022-08-19 04:23:40	2022-11-08 04:58:42
BE22014730	7	0	전에도 이런 경우가 있긴 했는데. 친구들과 PC방에서 시간 가는 줄 모르고 놀았다고 해서 얼마나 혼냈는지 몰라.	N	2022-08-19 04:23:40	2022-11-08 04:58:42
BE22014730	8	1	얼마나 재미있었으면 그랬을까. 하지만 한 번 그런 일을 겪었으면 좀더 조심할 거야. 너무 걱정하지 말고 기다리고 있어 봐.	N	2022-08-19 04:23:40	2022-11-08 04:58:42
BE22014730	9	0	그렇긴 했지. 언니가 그렇게 말해주니 내가 너무 조바심만 낸 거 같아. 그 시간이 지나면 철이 들겠지. 얼른 철이 들었으면 좋겠어.	N	2022-08-19 04:23:40	2022-11-08 04:58:43
BE22014730	10	1	그래. 우리 때도 부모님이 얼마나 걱정하셨겠니. 그때 우리 부모님께도 애태우셨을 거 생각하면 너무 죄송스럽고 눈물이 날 때도 있어. 똑같이 그 상황을 겪어보니까 알 것 같아.	N	2022-08-19 04:23:40	2022-11-08 04:58:43
BE22014730	11	0	나도 부모가 되고 나서야 이제 철이 들었나 봐. 그때 부모님도 똑같은 심정이셨을 텐데. 앞으로 부모님께 더 잘해 드려야겠어.	N	2022-08-19 04:23:40	2022-11-08 04:58:43
BE22014730	12	1	조카도 부모를 걱정시켜드린 마음 결혼하고 자식을 키워보면 충분히 이해할 거야.	N	2022-08-19 04:23:40	2022-11-08 04:58:43
BE22014730	13	0	그래야겠어. 언니랑 문자하니까 마음이 한결 편해졌어. 걱정하지 않게 꼭 전화나 문자를 하고 놀라 해야겠어.	N	2022-08-19 04:23:40	2022-11-08 04:58:43
BE22014730	14	1	그래. 요즘 무서운 세상이니만큼 항상 조심 시키고 ,소식이 오면 알려줘.	Y	2022-08-19 04:23:40	2022-11-08 04:58:43
