id	utterance_id	utterance_type	utterance_text	terminate	regDate	updDate
BE22008563	1	0	언니. 혹시 엄마랑 지금 같이 있어?	N	2022-07-13 09:59:49	2022-11-08 04:19:29
BE22008563	2	1	아니. 왜? 무슨 일 있어?	N	2022-07-13 09:59:49	2022-11-08 04:19:29
BE22008563	3	0	내가 오늘 엄마한테 학원 간다고 말하고 지금 쇼핑하러 왔거든. 근데 방금 확인해보니까 엄마한테 부재중 전화가 24번 왔거든. 그래서 엄마가 눈치채셨을까봐 너무 불안해.	N	2022-07-13 09:59:49	2022-11-08 04:19:29
BE22008563	4	1	언니도 엄마한테 말하지 않고 놀러 가서 부재중 전화가 엄청 와있어서 놀랐던 적 있어. 그래서 네가 얼마나 걱정되고 초조할지 예상이 가네. 다시 엄마께 전화나 문자는 해봤어?	N	2022-07-13 09:59:49	2022-11-08 04:19:29
BE22008563	5	0	아니. 너무 무서워서 하지 못했어. 내가 거짓말하고 친구 집에 간 걸 눈치채셔서 전화하신 거였으면 어떡하지?	N	2022-07-13 09:59:49	2022-11-08 04:19:29
BE22008563	6	1	엄마가 다른 급한 일이 있어서 너한테 물어볼 게 있어서 전화하신 거일 수도 있잖아. 아직 왜 전화하셨는지 모르니까 너무 걱정하지 마. 일단 엄마한테 다시 연락을 해보는 게 어때?	N	2022-07-13 09:59:49	2022-11-08 04:19:30
BE22008563	7	0	만약에 엄마가 진짜 눈치채신 거면 어떡하지, 언니? 엄마가 나한테 분명히 화내시고 나한테 실망하실까봐 불안하고 걱정돼. 엄마 생신 선물을 살 시간이 없어서 나온 건데 오히려 상황이 안 좋지 않은 같아.	N	2022-07-13 09:59:49	2022-11-08 04:19:30
BE22008563	8	1	만약에 눈치채셨으면 솔직하게 말씀드리고 다시는 그러지 않겠다고 말하면 되지. 엄마도 처음에는 화를 내실 수도 있겠지만 너의 이유를 들으시면 나중에는 이해해주실 거야. 엄마는 뭐든지 그 일을 한 이유를 중시하시는 분이니까 너무 걱정하지 마.	N	2022-07-13 09:59:49	2022-11-08 04:19:30
BE22008563	9	0	정말 그럴까? 진짜 엄마한테 이제까지 실망만 안겨드린 것 같아서 안 그래도 너무 죄송했어. 이번 일까지 있게 되면 정말 못난 딸이 되는 것 같아서 슬퍼.	N	2022-07-13 09:59:49	2022-11-08 04:19:30
BE22008563	10	1	네가 못난 딸이라고 전혀 생각 안 해도 될 것 같아. 너는 항상 엄마를 생각하고 배려하면서 도와주는 착한 딸이잖아. 그리고 엄마는 너의 존재만으로도 행복해하시고, 또 누구보다 너를 사랑하시는걸?	N	2022-07-13 09:59:49	2022-11-08 04:19:30
BE22008563	11	0	그렇게 말해줘서 고마워. 아까 혼자서 생각했을 때는 너무 무서웠는데 언니 말을 들으니까 좀 나아진 것 같아. 일단 엄마한테 다시 연락을 드려봐야겠어.	N	2022-07-13 09:59:49	2022-11-08 04:19:30
BE22008563	12	1	그래. 혹시 엄마가 뭐라고 하시면 언니가 네 편에 서서 힘이 되어줄 테니까 너무 걱정하지 마.	N	2022-07-13 09:59:49	2022-11-08 04:19:30
BE22008563	13	0	정말 고마워. 언니. 언니가 아니었다면 혼자서 불안에 떨다가 더 안 좋은 결과가 나왔을 거야. 항상 고마워, 언니.	N	2022-07-13 09:59:49	2022-11-08 04:19:30
BE22008563	14	1	언니가 항상 네 옆에 있다는 걸 잊지 말고 고민 있으면 언제든지 얘기해. 언니가 도와줄게.	N	2022-07-13 09:59:49	2022-11-08 04:19:30
BE22008563	15	0	응. 고맙고 사랑해, 언니.	Y	2022-07-13 09:59:49	2022-11-08 04:19:30
