id	utterance_id	utterance_type	utterance_text	terminate	regDate	updDate
BE22012987	1	0	언니, 내 제일 친한 친구가 교통사고로 많이 다쳐서 나 지금 병원에 와 있어. 그런데 친구가 RH 마이너스 O형 혈액형이어서 지정 헌혈이 아주 필요하다고 해서 무척 불안해. 헌혈이 부족하지 않을지 걱정돼서 견딜 수가 없어.	N	2022-08-03 03:46:24	2022-11-08 04:47:41
BE22012987	2	1	내 동생이 친구의 사고 소식만으로도 놀랐을 텐데, 혈액형 문제로 정말 불안에 떨고 있겠구나. 언니도 너무 불안해서 입술이 바짝 마르는 것 같아.	N	2022-08-03 03:46:24	2022-11-08 04:47:41
BE22012987	3	0	의료진들이 아직은 괜찮은데 추가 헌혈이 필요할 수도 있다고 해. 그 말을 들으니 너무 불안해서 손이 덜덜 떨릴 정도야.	N	2022-08-03 03:46:24	2022-11-08 04:47:41
BE22012987	4	1	전혀 예상치도 못한 상황을 맞닥뜨렸으니 내 동생이 정말 초조하겠구나. 언니는 네 이야기만 들어도 등에서 식은땀이 나고 심장 박동이 불규칙해진 것 같아.	N	2022-08-03 03:46:24	2022-11-08 04:47:41
BE22012987	5	0	사고 소식을 듣고 정말 불안해서 미칠 것 같았거든. 그런데 혈액형까지 문제가 있을 수 있다는 이야기를 들으니 하늘이 무너지는 것 같아.	N	2022-08-03 03:46:24	2022-11-08 04:47:41
BE22012987	6	1	그런 이야기는 드라마에나 나오는 줄 알았는데. 내 동생이 불안에 떨고 있는 모습을 떠올리니 나도 회의적인 생각만 드네. 불안해서 괜히 주변만 서성거리게 되고.	N	2022-08-03 03:46:24	2022-11-08 04:47:41
BE22012987	7	0	이제 어떻게 해야 할지 도무지 모르겠어. 스트레스에 너무 취약해져서 친구 곁을 지키고 있는 것조차 버거워.	N	2022-08-03 03:46:24	2022-11-08 04:47:41
BE22012987	8	1	다친 사람 곁에 있으면 그런 생각이 드는 것도 당연해. 네 생각을 하니 언니도 마음이 거친 파도처럼 흔들려.	N	2022-08-03 03:46:24	2022-11-08 04:47:41
BE22012987	9	0	혈액이 부족할 것 같은 부정적인 생각만 머릿속에 가득해. 두려운 마음이 들어서 어쩔 줄 몰라 병원 복도를 계속 왔다 갔다 하고 있어.	N	2022-08-03 03:46:24	2022-11-08 04:47:42
BE22012987	10	1	내 동생이 이렇게 불안한 모습은 처음 보는 것 같아. 언니도 걱정이 파도처럼 밀려오는 것 같아.	N	2022-08-03 03:46:24	2022-11-08 04:47:42
BE22012987	11	0	교통사고가 나지 않았더라면 얼마나 좋았을까? 지금 내 속이 시꺼멓게 타들어 가는 것 같아. 혈액이 부족한 사태가 오면 하늘이 무너질 것 같아.	N	2022-08-03 03:46:24	2022-11-08 04:47:42
BE22012987	12	1	언니가 내 동생 마음을 조금이라도 위로해 주고 싶구나. 언니가 지금 당장 그곳으로 갈 테니, 우리 같이 친구 곁을 지켜 주자. 의료진들도 최선을 다할 테니, 함께 희망을 갖고 기다리기로 해.	N	2022-08-03 03:46:24	2022-11-08 04:47:42
BE22012987	13	0	언니가 곧 내 곁에 와 준다니 정말 고마워. 불안하던 마음이 가라앉는 것 같아. 언니, 정말 고마워.	N	2022-08-03 03:46:24	2022-11-08 04:47:42
BE22012987	14	1	그래, 네가 힘들 때마다 언니가 늘 곁에 있다는 거 잊지 마. 병원 주소 알려주면 금방 택시 타고 갈게.	N	2022-08-03 03:46:24	2022-11-08 04:47:42
BE22012987	15	0	이렇게 힘든 상황에서 언니의 위로를 받으니 정말 마음이 편안해져. 어떻게 감사의 말을 전해야 할지 모르겠어. 언니, 진심으로 고마워.	Y	2022-08-03 03:46:24	2022-11-08 04:47:42
