id	utterance_id	utterance_type	utterance_text	terminate	regDate	updDate
BE22001121	1	0	형, 나 이제 겨우 학자금 다 갚았어.	N	2022-06-14 03:58:04	2022-11-08 03:31:36
BE22001121	2	1	벌써? 대박 빨리 갚은 거잖아. 축하해.	N	2022-06-14 03:58:04	2022-11-08 03:31:36
BE22001121	3	0	그렇게 갚느라고 여행 한 번 못 가고 열심히 살았어.	N	2022-06-14 03:58:04	2022-11-08 03:31:36
BE22001121	4	1	내 동생이지만 진짜 대단했어. 먹고 싶은 거 아껴가면서 그렇게 갚은 거잖아.	N	2022-06-14 03:58:04	2022-11-08 03:31:36
BE22001121	5	0	근데 이제 언제 돈 모아서 하고 싶은 거 하고 사냐? 나 너무 불안해.	N	2022-06-14 03:58:04	2022-11-08 03:31:36
BE22001121	6	1	너무 조급해할 필요 없어. 4000만 원 넘는 돈을 2년 만에 갚은 게 얼마나 훌륭한 건데.	N	2022-06-14 03:58:04	2022-11-08 03:31:36
BE22001121	7	0	저축한 것도 얼마 없고, 친구들은 차도 사고 집도 사고 하는데, 나만 머물러 있는 것 같아.	N	2022-06-14 03:58:04	2022-11-08 03:31:36
BE22001121	8	1	전혀 그렇게 생각할 필요 없어. 너는 석사 하느라 조금 늦게 시작했을 뿐이야.	N	2022-06-14 03:58:04	2022-11-08 03:31:36
BE22001121	9	0	학자금 갚고 나면 후련해질 줄 알았는데 되려 불안해진 게 이상해.	N	2022-06-14 03:58:04	2022-11-08 03:31:36
BE22001121	10	1	그런 생각이 들 수도 있지. 하지만 이제 시작이라는 마음으로 의지를 다잡아보자.	N	2022-06-14 03:58:04	2022-11-08 03:31:36
BE22001121	11	0	고마워 형. 미래가 안 보이고 너무 불안해서 하소연해 봤어.	N	2022-06-14 03:58:04	2022-11-08 03:31:36
BE22001121	12	1	나도 너 나이 때는 당연히 그랬지. 근데 다시 의지를 다잡고 계획을 세우고 실천하면, 언제 그런 적이 있었나 생각이 들 정도로 잘살고 있더라고.	N	2022-06-14 03:58:04	2022-11-08 03:31:36
BE22001121	13	0	정말 그런 날이 올까?	N	2022-06-14 03:58:04	2022-11-08 03:31:36
BE22001121	14	1	당연하지. 학자금 대출도 이미 갚은 것처럼. 넌 잘할 수 있을 거야.	Y	2022-06-14 03:58:04	2022-11-08 03:31:36
