id	utterance_id	utterance_type	utterance_text	terminate	regDate	updDate
BE22004931	1	0	나 오늘 컨디션 안 좋으니까 말 걸지 마. 엄마한테 저녁 안 먹는다고 해.	N	2022-06-29 02:13:07	2022-11-08 03:56:07
BE22004931	2	1	언니 시험 성적 나온 거야? 계속 열심히 했는데 왜 그래?	N	2022-06-29 02:13:07	2022-11-08 03:56:07
BE22004931	3	0	열심히 하기야 했지. 결과가 안 나와서 문제지. 엄마 잔소리도 벌써 귀에서 울리고.	N	2022-06-29 02:13:07	2022-11-08 03:56:07
BE22004931	4	1	우등생인 언니가 안 나왔다고 하면 1개 2개 더 틀린 거지? 내가 안 나오면 바닥 가까이 간 거고.	N	2022-06-29 02:13:07	2022-11-08 03:56:07
BE22004931	5	0	그거야 1, 2점 차로 등수도 달라지고. 아는 문제를 틀리면 더 화가 나니까 그렇지.	N	2022-06-29 02:13:07	2022-11-08 03:56:07
BE22004931	6	1	그래도 언니 정도면 엄청 잘하는 거 엄마도 아실걸. 엄마는 우리 걱정돼서 잔소리하시는 거 언니도 알잖아.	N	2022-06-29 02:13:07	2022-11-08 03:56:07
BE22004931	7	0	알지. 그래서 더 잘하고 싶은 거고. 실수도 안 하고 싶은데 자꾸 반복될 땐 내가 진짜 내가 싫거든.	N	2022-06-29 02:13:07	2022-11-08 03:56:07
BE22004931	8	1	언니는 지금도 충분히 잘하고 있어. 내가 문제지. 나는 학원 다녀도 성적이 그대로야.	N	2022-06-29 02:13:07	2022-11-08 03:56:07
BE22004931	9	0	학원에만 다녀선 안 돼. 학교에서 집에서 충분히 예습 복습을 해야 늘지.	N	2022-06-29 02:13:07	2022-11-08 03:56:07
BE22004931	10	1	맞습니다요. 그걸 알지만 언니는 되고 나는 안 된다는거. 같은 배에서 나왔는데 말야.	N	2022-06-29 02:13:07	2022-11-08 03:56:07
BE22004931	11	0	대신 넌 성격이 좋잖아. 지금처럼 오히려 나보다 언니 같고.	N	2022-06-29 02:13:07	2022-11-08 03:56:07
BE22004931	12	1	그거야 언니가 진짜 잘한다고 생각하니까. 그러니까 힘내. 너무 속상해하지 말고.	N	2022-06-29 02:13:07	2022-11-08 03:56:07
BE22004931	13	0	우리 동생 덕분에 기운이 난다. 다시 심기일전해서 파이팅 해야지.	N	2022-06-29 02:13:07	2022-11-08 03:56:07
BE22004931	14	1	대신 나 모르는 거 물어보면 가끔 가르쳐주기. 혼내지 말고. 하하.	N	2022-06-29 02:13:07	2022-11-08 03:56:07
BE22004931	15	0	알았다고. 그러니까 조금만 더 열심히 해. 너도 잘 할 수 있어.	N	2022-06-29 02:13:07	2022-11-08 03:56:07
BE22004931	16	1	네. 나도 더 노력할 테니 언니도 밥은 먹고 하시지요. 엄마가 빨리 밥 먹으래.	N	2022-06-29 02:13:07	2022-11-08 03:56:07
BE22004931	17	0	그래 밥심으로 다시 힘내서 파이팅! 동생아 사랑한다.	Y	2022-06-29 02:13:07	2022-11-08 03:56:07
