id	utterance_id	utterance_type	utterance_text	terminate	regDate	updDate
BE22008699	1	0	요즘 나만 뒤처지는 기분이 들어서 많이 불안해.	N	2022-07-14 01:05:26	2022-11-08 04:20:22
BE22008699	2	1	무슨 일이 있어서 우리 동생이 불안한 마음이 들었을까? 형한테 다 말해 봐.	N	2022-07-14 01:05:26	2022-11-08 04:20:22
BE22008699	3	0	내가 지금 공무원 시험 준비 중이잖아. 나도 열심히 공부하고 있다고 생각하는데, 사람들이 공부하고 있는 속도를 보면 나보다 진도가 훨씬 빨라. 내가 자세히 보는 성격이긴 하지만 너무 늦는 것 같아서 불안해.	N	2022-07-14 01:05:26	2022-11-08 04:20:22
BE22008699	4	1	다른 사람과 비교했을 때 뒤처지고 있다는 기분을 느끼면 한없이 불안해지고 초조해지는 마음 이해해. 시험공부 하기도 힘들 텐데, 그런 기분을 느끼고 있다니 많이 힘들었겠다.	N	2022-07-14 01:05:26	2022-11-08 04:20:22
BE22008699	5	0	지금껏 열심히 노력하고 있었는데, 내가 잘못된 노력을 하고 있었나 하는 생각이 들어. 이렇게 뒤처지다가 시험 결과도 안 좋을까 봐 무서워.	N	2022-07-14 01:05:26	2022-11-08 04:20:22
BE22008699	6	1	물론 공부 속도도 중요하겠지만, 제일 중요한 건 네 마음가짐인 것 같아. 네가 공부하기 싫어서 미루느라 속도가 느린 게 아니잖아. 네가 말했듯이 자세히 보느라 늦춰지는 건 다 네 밑거름이 될 거라고 생각하자.	N	2022-07-14 01:05:26	2022-11-08 04:20:22
BE22008699	7	0	그렇게 생각하면 좋지만, 자꾸 다른 사람들과 비교하고, 불안해져. 이 감정을 어떻게 해소해야 할지 모르겠어.	N	2022-07-14 01:05:26	2022-11-08 04:20:22
BE22008699	8	1	시험 특성상 다른 사람들보다 뛰어나야 하기 때문에 어쩔 수 없이 비교하게 되는 것 같아. 하지만 사람들마다 각자의 속도가 있고, 어떤 속도가 옳은 속도인지 정해진 정답은 없어. 그러니 너무 불안해하지 않았으면 좋겠어.	N	2022-07-14 01:05:26	2022-11-08 04:20:22
BE22008699	9	0	형이 그렇게 말해주니까 조금 안심이 된다. 괜히 다른 사람 신경 쓰느라 불안해하지 말고, 내 페이스를 유지하면서 지금처럼 노력하는 게 더 중요하겠지?	N	2022-07-14 01:05:26	2022-11-08 04:20:22
BE22008699	10	1	당연하지. 너무 불안해하지 말고, 느리지만 남들보다 더 자세히 알고 있다고 생각하자.	N	2022-07-14 01:05:26	2022-11-08 04:20:22
BE22008699	11	0	고마워. 내 노력에 비해서 좋은 결과가 보이지 않으니까 더욱 불안했나 봐.	N	2022-07-14 01:05:26	2022-11-08 04:20:22
BE22008699	12	1	당장의 결과가 아니라 지금 네가 기울이고 있는 노력을 더 중요하게 생각해 봐. 너는 언제나 우직하고 성실하게 너만의 방법으로 목표를 이뤄내는 아이잖아. 분명 지금 그대로 노력하면 좋은 결과를 가져올 수 있을 거야.	N	2022-07-14 01:05:26	2022-11-08 04:20:22
BE22008699	13	0	고마워. 불안한 마음이 들 땐 형 응원을 떠올리면서 힘낼 수 있을 것 같아. 지금처럼 노력해서 좋은 결과를 갖고 오겠다는 자신감을 가져볼게.	N	2022-07-14 01:05:26	2022-11-08 04:20:22
BE22008699	14	1	힘이 됐다니 다행이야. 언제든지 힘든 일 있으면 꼭 말해줘.	N	2022-07-14 01:05:26	2022-11-08 04:20:22
BE22008699	15	0	응! 그래도 다음엔 좋은 일로 연락하도록 할게. 언제나 고마워.	Y	2022-07-14 01:05:26	2022-11-08 04:20:22
