id	utterance_id	utterance_type	utterance_text	terminate	regDate	updDate
BE22012131	1	0	나 지금 출장 중이라 지방 가는 중인데 휴게소 잠깐 들렸다가 땅이 흔들리는 걸 느낀 거 같아. 지진인 거 같아서 너무 불안해.	N	2022-07-27 15:52:21	2022-11-08 04:42:20
BE22012131	2	1	뭐? 지진이 확실해? 여진이 있을 수도 있으니까 이동하지 말고 잠깐 대기하는 게 좋을 것 같아.	N	2022-07-27 15:52:21	2022-11-08 04:42:20
BE22012131	3	0	응. 처음에는 내가 어지러워서 땅이 흔들리는 줄 알았어. 그런데 주변에 있던 사람들이 다 지진 같다고 하더라.	N	2022-07-27 15:52:21	2022-11-08 04:42:20
BE22012131	4	1	처음 경험한 일 이였을 텐데 많이 놀랐겠다. 나도 일본 여행 갔다가 지진을 경험했는데 정말 무서웠었어. 그래서 네 기분이 어떨지 알 것 같아.	N	2022-07-27 15:52:21	2022-11-08 04:42:20
BE22012131	5	0	맞아. 지진인 거 알고 나서부터는 놀라서 심장이 빠르게 두근거리고 다리에 힘이 빠졌다니까. 그래도 같이 간 동료가 붙잡아줘서 넘어지진 않았어.	N	2022-07-27 15:52:21	2022-11-08 04:42:20
BE22012131	6	1	혼자 있는 거면 걱정되어서 너 있는 데까지 지금 가려고 했는데 동료가 같이 있다니 다행이다.	N	2022-07-27 15:52:21	2022-11-08 04:42:20
BE22012131	7	0	아까 지나가는 사람들 말이 다친 사람도 있긴 한가 봐. 여진 생길까 봐 지금 다들 두려워하고 있어. 나도 그냥 이동하다가 싱크홀 같은 곳에 빠질까 봐 걱정돼.	N	2022-07-27 15:52:21	2022-11-08 04:42:20
BE22012131	8	1	현장에 있는 거라서 불안하고 두려울 거야. 우리나라가 재난에 취약하진 않으니까 어떤 조치가 있을 때까지 마음을 편하게 가지고 기다려봐.	N	2022-07-27 15:52:21	2022-11-08 04:42:20
BE22012131	9	0	사실은 출장이고 뭐고 두려워서 그냥 집에 가고 싶어. 지금 상황에 출장이 뭐가 중요한가 싶어. 그래도 회사에는 중요한 계약이니 가긴 가야겠지?	N	2022-07-27 15:52:21	2022-11-08 04:42:20
BE22012131	10	1	너는 책임감이 강하고 어떤 역경이든 헤쳐 나갈 줄 아는 사람이잖아. 이번 일도 잘 마무리하고 와야 네 스스로 마음이 편할 거라고 생각해.	N	2022-07-27 15:52:21	2022-11-08 04:42:20
BE22012131	11	0	언니 말이 맞아. 무섭다고 그냥 집에 가버리면 분명히 후회할 거야. 출장 가는 곳이 지방이라 가기 싫은 마음도 있었거든.	N	2022-07-27 15:52:21	2022-11-08 04:42:20
BE22012131	12	1	갈 때부터 너무 멀다고 언제 가냐 했잖아. 그 마음 충분히 이해하지. 그래도 지금 위치면 얼마 안 남은 거 아냐?	N	2022-07-27 15:52:21	2022-11-08 04:42:20
BE22012131	13	0	응. 도착지가 얼마 안 남긴 했는데 이런 일이 생겼네. 언니랑 연락하다 보니 어느 정도 놀란 것도 진정되어서 곧 출발해야 할 거 같아.	N	2022-07-27 15:52:21	2022-11-08 04:42:20
BE22012131	14	1	그래. 여진 있을 수 있으니 조심해서 잘 다녀오고 돌아오면 가족 식사 하자.	N	2022-07-27 15:52:21	2022-11-08 04:42:20
BE22012131	15	0	응. 역시 언니랑 연락하고 나면 불안한 마음이 많이 없어져. 도착하면 연락할게. 고마워.	Y	2022-07-27 15:52:21	2022-11-08 04:42:20
