id	utterance_id	utterance_type	utterance_text	terminate	regDate	updDate
BE22016706	1	0	언니, 몸이 으슬으슬하고 너무 아파서 잠을 잘 수가 없어서 병원 다녀왔는데 나, 독감 걸렸대. 독감 때문에 몸이 얼마나 아픈지 이러다 큰일 나는 거 아닌가 싶어서 마음도 너무 불안해.	N	2022-08-31 05:41:26	2022-11-08 05:10:58
BE22016706	2	1	어제부터 목이 아프고 기침이 난다고 하더니 결국 독감 걸렸구나. 그나마 코로나가 아니어서 다행이지만 잠도 잘 수 없을 정도로 아프다니까 걱정이 이만저만이 아니네. 원룸에 혼자 있으니 누가 밥을 챙겨주는 것도 아니고 안쓰러워서 걱정이다.	N	2022-08-31 05:41:26	2022-11-08 05:10:58
BE22016706	3	0	이번에도 코로나인 줄 알고 긴장했었는데, 코로나는 아니라니까 그나마 다행이야. 그런데 언니, 이번 독감은 어째 코로나보다 더 독하게 아파. 코로나 때는 그래도 걸어 다녔는데, 이번 독감은 걸음 걷는 것도 힘들 만큼 아파.	N	2022-08-31 05:41:26	2022-11-08 05:10:58
BE22016706	4	1	코로나 걸렸을 때도 무척이나 고통스러워했는데, 지금 독감은 코로나 더 아프다니 정말 불안하다. 네가 코로나에 걸렸던 이후로 면역력이 떨어져서 심한 독감에 걸린 것 같아서 마음이 찢어질 것처럼 아파. 병원에서 약은 타 왔겠지만 혼자서 집에 있는 동생을 생각하니 마음이 무너진다.	N	2022-08-31 05:41:26	2022-11-08 05:10:58
BE22016706	5	0	입맛이 없으니까 밥을 제대로 먹지 못해서 더 심한 것 같아. 코로나는 목이 아프고 열 때문에 고생했는데 독감은 목뿐 아니라 온몸이 안 아픈 곳이 없어. 언니 말대로 혼자 끙끙 앓고 있으니까 더 불안하고 스트레스가 쌓여.	N	2022-08-31 05:41:26	2022-08-31 05:41:26
BE22016706	6	1	집에서 혼자 앓고 있을 너를 생각하니 가슴이 너무 아프고, 간호해야 한다는 마음에 조바심이 난다. 네가 먹지도 못하고 앓아누워 있다니 가슴이 미어지는 것 같아. 회사에서 조퇴할 수 없는 상황이라 퇴근하고 원룸으로 갈 테니까 그때까지 잠이라도 자면서 기다리고 있어.	N	2022-08-31 05:41:26	2022-11-08 05:10:59
BE22016706	7	0	언니가 오면 나한테 독감이 옮을 수 있으니까 오늘은 오지 않는 게 좋겠어. 내가 조금 나아지면 그때 다시 연락할게.	N	2022-08-31 05:41:26	2022-11-08 05:10:59
BE22016706	8	1	나를 걱정해서 오지 못하게 하는 마음은 알지만, 마스크를 잘 쓰고 있으면 독감이 옮지는 않을 거야. 동생이 그렇게 심하게 아픈데 집에 있어도 마음이 편하지 않을 것 같아. 그러니까 내 걱정은 하지 말고 네 건강에만 신경 써.	N	2022-08-31 05:41:26	2022-11-08 05:10:59
BE22016706	9	0	역시 언니가 최고야. 부모님에게는 내가 심한 독감 걸린 걸 비밀로 했으면 좋겠어. 코로나에서 해방된 지 얼마 지나지 않았는데 또 독감에 걸렸다고 하면 너무 걱정하실 거야.	N	2022-08-31 05:41:26	2022-11-08 05:10:59
BE22016706	10	1	부모님을 걱정하지 않게 하려는 동생의 마음에 감동했어. 가끔은 속이 깊은 동생인 네가 언니 같이 느껴지기도 해. 네 말대로 네가 독감으로 고생한다면 부모님이 걱정하실 테니 말씀드리지 않을게.	N	2022-08-31 05:41:26	2022-11-08 05:10:59
BE22016706	11	0	고마워, 언니. 병원에서 타온 약이 있긴 하지만 그래도 약국에 들러서 종합 감기약을 사다 줬으면 좋겠어. 약 먹고 푹 자고 나면 컨디션이 조금 좋아지기를 바라야지.	N	2022-08-31 05:41:26	2022-11-08 05:10:59
BE22016706	12	1	얼마나 많이 아프면 약국에 갈 기운도 없을까 생각하니까 눈물이 난다. 퇴근길에 약국 들러서 종합감기약도 사고 영양가 있는 전복죽도 사 갈게. 혹시 또 먹고 싶은 것이 있으면 말해.	N	2022-08-31 05:41:26	2022-11-08 05:10:59
BE22016706	13	0	언니가 이렇게 항상 나를 챙겨주니까 나는 너무 행복해. 코로나보다 독한 감기로 고생은 하고 있지만 나를 아껴주는 언니 덕분에 빨리 좋아질 것 같아.	N	2022-08-31 05:41:26	2022-08-31 05:41:26
BE22016706	14	1	코로나에 이어 독감까지 걸린 네가 얼마나 고통스러울까 생각하면 일이 손에 잡히질 않는다. 내가 조금이라도 도움이 될 수 있는 것이 있다면 언제든 말해. 너는 코로나보다, 독감보다 더 강한 내 동생이니까 반드시 훌훌 털고 일어날 거야.	N	2022-08-31 05:41:26	2022-11-08 05:10:59
BE22016706	15	0	맞아, 언니. 코로나를 이겨냈듯 지독한 이번 독감도 반드시 털고 일어날 거야. 언니가 있어서 참 든든하고 좋아. 고마워, 언니.	Y	2022-08-31 05:41:26	2022-11-08 05:10:59
