id	utterance_id	utterance_type	utterance_text	terminate	regDate	updDate
BE22010487	1	0	엄마가 이번 대학 입시에 도전하신대.	N	2022-07-20 06:46:15	2022-11-08 04:31:53
BE22010487	2	1	정말? 농담이 아니라 대입을 준비하신다고?	N	2022-07-20 06:46:15	2022-11-08 04:31:53
BE22010487	3	0	그래, 엄마가 꿈을 위해 새로운 도전을 하신다는데, 대단하다는 생각이 들면서도 좀 불안하네.	N	2022-07-20 06:46:15	2022-11-08 04:31:53
BE22010487	4	1	이제 우리도 다 컸고, 엄마 하시고 싶은 거 하시는데 뭐가 걱정돼?	N	2022-07-20 06:46:15	2022-11-08 04:31:53
BE22010487	5	0	아무래도 연세도 있으시고 공부하는 게 쉽지만은 않으니까 몸 상하실까 봐 여간 불안한 게 아니야.	N	2022-07-20 06:46:15	2022-11-08 04:31:53
BE22010487	6	1	아, 엄마 허리도 안 좋은데 계속 앉아 있어야 해서 염려스럽구나.	N	2022-07-20 06:46:15	2022-11-08 04:31:53
BE22010487	7	0	대입 준비가 어디 쉬운 일이니? 그냥 운동이나 취미 생활하시면 좋을 텐데.	N	2022-07-20 06:46:15	2022-11-08 04:31:53
BE22010487	8	1	언니는 엄마가 좀 편하게 지내시면 좋겠다는 마음이지?	N	2022-07-20 06:46:15	2022-11-08 04:31:53
BE22010487	9	0	그래 열심히 하실 텐데 혹시 결과가 안 좋으면 괜히 속상해하실 것도 걱정이야.	N	2022-07-20 06:46:15	2022-11-08 04:31:53
BE22010487	10	1	엄마 몸도 마음도 걱정해 주는 마음은 충분히 이해해. 그런데, 엄마는 계속 공부하고 싶어 했잖아?	N	2022-07-20 06:46:15	2022-11-08 04:31:53
BE22010487	11	0	그렇지. 문학소녀가 꿈이었잖아. 들떠 계시는 모습이 보기 좋긴 하더라.	N	2022-07-20 06:46:15	2022-11-08 04:31:53
BE22010487	12	1	맞아. 우리도 하고 싶은 걸 할 때 행복하잖아? 아마 엄마도 지금 가장 행복하실 거 같아.	N	2022-07-20 06:46:15	2022-11-08 04:31:53
BE22010487	13	0	그래. 내가 엄마 마음보다는 나이를 먼저 생각하고 걱정했던 거 같네.	N	2022-07-20 06:46:15	2022-11-08 04:31:54
BE22010487	14	1	우린 딸이니까 엄마 건강이 걱정되는 건 당연하지. 영양제라도 챙겨드리면서 엄마 응원하자.	N	2022-07-20 06:46:15	2022-11-08 04:31:54
BE22010487	15	0	그러네. 걱정보다는 엄마가 원하는 걸 하실 수 있게 도와드리는 게 내가 할 수 있는 일이겠네.	N	2022-07-20 06:46:15	2022-11-08 04:31:54
BE22010487	16	1	그래. 나도 필요한 게 있으면 같이 도울게.	N	2022-07-20 06:46:15	2022-11-08 04:31:54
BE22010487	17	0	알았어. 덕분에 마음이 한결 가벼워졌다. 고마워.	Y	2022-07-20 06:46:15	2022-11-08 04:31:54
