id	utterance_id	utterance_type	utterance_text	terminate	regDate	updDate
BE22015191	1	0	언니, 나 내일 우리 학교 대표로 토론대회 나가는데 지정 도서를 끝까지 다 못 읽었어. 학교 사람들이 열렬히 응원하고 있는데 실망하게 할까 봐 걱정돼.	N	2022-08-22 12:10:50	2022-11-08 05:01:33
BE22015191	2	1	너 며칠 동안 내내 책만 읽더니 토론 준비를 위한 거였구나? 내일까지 완독하지 못할 정도로 남은 거야?	N	2022-08-22 12:10:50	2022-11-08 05:01:33
BE22015191	3	0	응. 우주에 대한 내용의 책이라 어려워서 이해하는 데 시간이 걸리다 보니까 읽는 속도가 더뎠어. 정말 열심히 읽었는데 아직 반이나 남았어. 어떡하지? 지금이라도 다른 핑계 대고 못 하겠다고 할까?	N	2022-08-22 12:10:50	2022-11-08 05:01:33
BE22015191	4	1	학교 사람들이 이번 일로 너한테 실망할까 봐 불안하고 무섭구나?	N	2022-08-22 12:10:50	2022-11-08 05:01:33
BE22015191	5	0	기껏 대표로 내세웠는데 지정 도서조차 제대로 읽지 못했다고 야유할 것 같아. 아까도 사람들이 힘내라고 초콜릿이랑 과자, 커피도 많이 받았어. 이런 사람들이 대회 이후로 나에게서 등을 돌릴까 봐 불안해.	N	2022-08-22 12:10:50	2022-11-08 05:01:33
BE22015191	6	1	대학교 입학한 지 얼마 안 지났으니까 그들이 실망하게 하고 싶지 않은 마음 충분히 이해해. 누구나 새로운 환경의 사람들이랑 잘 지내고 싶을 거야. 하지만 거짓말을 하면서 상황을 피하는 건 옳지 않은 것 같아.	N	2022-08-22 12:10:50	2022-11-08 05:01:33
BE22015191	7	0	하지만 방법이 없는걸. 이 상태로 대회에 나갔다가는 말 한마디 제대로 하지 못할 것 같아.	N	2022-08-22 12:10:50	2022-11-08 05:01:33
BE22015191	8	1	차분히 생각해보자. 당장의 상황을 모면하기 위해 거짓말을 하는 건 너에게도 안 좋을 것 같아. 아마 두고두고 이 일을 후회하게 될 거야. 그리고 거짓말을 했다는 걸 사람들이 알게 된다면 그거야말로 너에게 크게 실망하는 계기가 되지 않을까?	N	2022-08-22 12:10:50	2022-11-08 05:01:33
BE22015191	9	0	그럼 나는 어떻게 해야 해? 토론 대회에 나가지 말았어야 했나 봐. 괜히 일만 벌인 느낌이야.	N	2022-08-22 12:10:50	2022-11-08 05:01:33
BE22015191	10	1	무슨 그런 말을 해! 너 충분히 열심히 준비했다는 거 몰라주는 사람은 없을 거야. 밥도 제대로 안 먹고 잠도 제대로 안 자고 책만 붙들고 다닌 사람한테 어떻게 실망하겠어?	N	2022-08-22 12:10:50	2022-11-08 05:01:33
BE22015191	11	0	정말 다른 사람들도 언니처럼 생각해줄까? 나 정말 괜찮을까?	N	2022-08-22 12:10:50	2022-11-08 05:01:33
BE22015191	12	1	너를 잘 아는 사람이라면 충분히 이해해 줄 거고 도움을 주려고 노력할 거야. 어려울 때 서로 돕다 보면 더 친해질 수도 있을 거야. 용기를 내!	N	2022-08-22 12:10:50	2022-11-08 05:01:33
BE22015191	13	0	고마워, 언니. 언니 말 들으니까 용기가 생겼어. 지금 바로 사람들한테 사실대로 털어놓고 도움을 요청할게!	N	2022-08-22 12:10:50	2022-11-08 05:01:33
BE22015191	14	1	응! 잘 생각했어, 내 동생! 너는 위기를 마주했을 때 더 빛을 내는 아이니까 잘 해낼 수 있을 거야.	Y	2022-08-22 12:10:50	2022-11-08 05:01:33
