id	utterance_id	utterance_type	utterance_text	terminate	regDate	updDate
BE22009260	1	0	휴 왜 이렇게 자연임신이 힘들 걸까? 정말 심란하다.	N	2022-07-15 13:50:23	2022-11-08 04:23:57
BE22009260	2	1	언니 내일 시험관 시술 때문에 많이 걱정스러운가 보다.	N	2022-07-15 13:50:23	2022-11-08 04:23:57
BE22009260	3	0	응. 내가 난임병원에 다니게 될 줄 몰랐는데 자연임신 실패해서 시험관까지 하게 될 줄은 더더욱 몰랐어.	N	2022-07-15 13:50:23	2022-11-08 04:23:57
BE22009260	4	1	그러게. 나도 잘 아는 건 아니지만 시험관 시술이 여자 몸이 특히 힘들다고 하더라고. 염려되는 거 충분히 이해해.	N	2022-07-15 13:50:23	2022-11-08 04:23:57
BE22009260	5	0	맞아. 인터넷에서 글 찾아보면 다들 힘들다고 각오 단단히 해야 한다는 소리뿐이더라. 너무 무섭고 걱정스러워.	N	2022-07-15 13:50:23	2022-11-08 04:23:57
BE22009260	6	1	나도 관련해서 글이나 이야기 들을 때마다 언니 마음이 얼마나 불안하고 떨릴까 싶더라고.	N	2022-07-15 13:50:23	2022-11-08 04:23:57
BE22009260	7	0	휴 마음이 너무 싱숭생숭하다. 이 과정을 잘 견뎌낼 수 있을까?	N	2022-07-15 13:50:23	2022-11-08 04:23:57
BE22009260	8	1	힘들겠지만 언니라면 잘 이겨낼 수 있을 거야. 지금까지 누구보다 열심히 준비해오고 몸 관리도 철저히 해왔잖아. 그게 얼마나 대단한 건데.	N	2022-07-15 13:50:23	2022-11-08 04:23:57
BE22009260	9	0	격려해 줘서 고마워. 그런데 긍정적으로 생각하려고 해도 자꾸만 불안감이 몰려오는 건 어떻게 해야 하나 싶다.	N	2022-07-15 13:50:23	2022-11-08 04:23:57
BE22009260	10	1	당연히 걱정되지. 그땐 너무 의식하지 말고 그냥 심호흡하면서 좋은 것만 보고 듣는 게 좋을 것 같아.	N	2022-07-15 13:50:23	2022-11-08 04:23:57
BE22009260	11	0	그래 그래야지. 불안을 느낀다고 그 사실에 좌절하고 신경 쓰다 보면 더 스트레스를 받을 것 같아.	N	2022-07-15 13:50:23	2022-11-08 04:23:57
BE22009260	12	1	맞아. 자연스럽게 불안도 받아들이되 너무 그 불안이라는 감정에 머물러 있지만 않으면 될 것 같아. 그리고 그럴 땐 언제든 연락해줘.	N	2022-07-15 13:50:23	2022-11-08 04:23:57
BE22009260	13	0	고맙다. 마음이 한결 편안해졌어. 이런 얘기 사실 친한 친구에게도 편하게 못 하겠더라고. 네가 있어서 다행이야.	N	2022-07-15 13:50:23	2022-11-08 04:23:57
BE22009260	14	1	언니에게 힘이 될 수 있는 동생이 될 수 있음에 감사할 뿐이야.	N	2022-07-15 13:50:23	2022-11-08 04:23:57
BE22009260	15	0	어쩜 말도 그렇게 예쁘게 하니. 네가 있어서 이 기간도 잘 견뎌낼 수 있을 것 같아.	Y	2022-07-15 13:50:23	2022-11-08 04:23:57
