id	utterance_id	utterance_type	utterance_text	terminate	regDate	updDate
BE22011347	1	0	언니, 우리 고양이가 눈을 잘 못 뜨는 것 같아서 걱정이야.	N	2022-07-24 14:04:15	2022-11-08 04:37:19
BE22011347	2	1	아이고, 고양이가 갑자기 왜 그럴까? 많이 걱정되겠네. 그러면 병원 가봐야지?	N	2022-07-24 14:04:15	2022-11-08 04:37:19
BE22011347	3	0	응, 이제 예약하고 병원 가려고 하는데 언제부터 그랬는지 모르겠네. 내가 요즘에 너무 바빠서 우리 고양이들 잘 못 봐줬거든. 큰일이면 어쩌나 너무 걱정되고 불안해.	N	2022-07-24 14:04:15	2022-11-08 04:37:19
BE22011347	4	1	그동안 잘 못 봐준 것 같은데 고양이가 아파서 많이 불안한가 보네. 네 마음이 아주 속상하겠다. 그래도 너무 걱정하지 마, 큰일 아닐 거야.	N	2022-07-24 14:04:15	2022-11-08 04:37:19
BE22011347	5	0	주인이 돼서 참 무심하다. 나는 동물을 키울 자격이 없는 것 같아. 고양이한테 미안하고 걱정이 돼.	N	2022-07-24 14:04:15	2022-11-08 04:37:19
BE22011347	6	1	네가 고양이를 방치한 것도 아니고, 뭘 자격이 없다고까지 생각을 해. 병원도 간다고 했으니 검사받으면 될 거니까 너무 자책하지 말고 마음 편히 가져. 네가 너무 불안해하면 네 고양이도 다 느낄 테니까 우선 마음 편하게 먹어 봐.	N	2022-07-24 14:04:15	2022-11-08 04:37:19
BE22011347	7	0	고양이를 잘 못 돌봐준 것 같아서도 마음이 안 좋은데, 동물들은 병원비가 비싸잖아. 그래서 금전적으로 부담될까 봐 불안한 마음도 들었어. 아, 이런 생각이 먼저 떠오르다니 내가 너무 돈만 생각하는 나쁜 주인이 된 것 같네.	N	2022-07-24 14:04:15	2022-11-08 04:37:19
BE22011347	8	1	치료받기 위해서 치료비 생각이 드는 건 현실적이고 당연한 거지. 네가 그걸로 나쁜 주인이라고 생각하는 게 나는 더 마음이 아프고 속상해. 난 누구라도 충분히 금전적인 문제로 고민할 수 있다고 생각하는걸.	N	2022-07-24 14:04:15	2022-11-08 04:37:19
BE22011347	9	0	정말? 그러면 다행이고. 고양이가 눈을 잘 못 뜨는 게 아파서 그런 게 아니면 좋겠어. 아무리 바빠도 한 생명인데 잘 보살피지 못했다는 생각에 마음이 무거워. 그런 주인인데도 좋다고 퇴근하면 반겨주는 게 더 가슴이 아프네.	N	2022-07-24 14:04:15	2022-11-08 04:37:19
BE22011347	10	1	네가 네 고양이를 사랑해주니까 걔도 알고 너를 반겨주는 거지. 생명을 책임지는 건 보통 일이 아니지만 네가 고양이를 방치하지도 않았고 이때까지 너무나 사랑해주고 아껴줬잖아. 그리고 무엇보다 별일 아닐 테니까 너무 스트레스받거나 자책하지 않았으면 해.	N	2022-07-24 14:04:15	2022-11-08 04:37:19
BE22011347	11	0	옆에 와서 있는 걸 보니까 언니 말대로 그래도 내가 사랑해주고 아껴줬다고 느끼나 봐. 제발 별일 아니었으면 좋겠다.	N	2022-07-24 14:04:15	2022-11-08 04:37:19
BE22011347	12	1	정말 그럴 테니까 자책하지 말고, 기운 내서 병원 잘 다녀와. 검사 잘 받고 치료받으면 금세 나을 테니까 마음 편하게 먹고. 네가 기분 풀고 기운을 내야 고양이도 돌봐줄 수 있지 않겠니?	N	2022-07-24 14:04:15	2022-11-08 04:37:19
BE22011347	13	0	언니 말이 맞아, 내가 기운을 내야지. 내가 너무 불안해하지 말고 기운 내서 잘 돌봐줘야겠어.	N	2022-07-24 14:04:15	2022-11-08 04:37:19
BE22011347	14	1	그래, 그렇게 생각하고 마음 편하게 먹어. 너는 이미 좋은 주인이니까 너무 걱정하지 말고.	N	2022-07-24 14:04:15	2022-11-08 04:37:19
BE22011347	15	0	알겠어, 언니. 덕분에 불안했던 마음이 많이 진정됐어. 병원 잘 다녀오고 또 연락할게.	Y	2022-07-24 14:04:15	2022-11-08 04:37:19
