id	utterance_id	utterance_type	utterance_text	terminate	regDate	updDate
BE22022210	1	0	언니가 그동안 자신이 채식주의자라고 우겼으면서 저 몰래 고기를 먹고 있었어요. 정말 화가 나고 배신감이 들어요.	N	2022-09-28 02:21:44	2022-09-28 02:21:44
BE22022210	2	1	그 모습을 발견했을 때 네가 얼마나 당혹스러웠을지 상상이 되는구나. 더군다나 언니가 채식하는 걸로 자랑을 많이 했었으니 더욱 배신감이 들었을거야.	N	2022-09-28 02:21:44	2022-11-08 05:47:09
BE22022210	3	0	언니는 제가 고기를 먹는다고 비윤리적이고 생명을 소중히 생각하지 않는 사람 취급을 했어요. 그랬던 사람이 고기를 먹는 건 앞뒤가 다르잖아요. 위선자처럼 느껴져서 경멸스러워요.	N	2022-09-28 02:21:44	2022-09-28 02:21:44
BE22022210	4	1	언니가 너를 지나치게 비난할 때마다 엄마도 마음이 아팠단다. 육식한다고 모두 비윤리적이라고 치부할 순 없는 일이야. 그동안 너가 마음고생이 많았을거야.	N	2022-09-28 02:21:44	2022-11-08 05:47:09
BE22022210	5	0	생각할수록 화가 나서 견딜 수가 없어요. 저에게 그런 모욕감을 주고서는 몰래 고기를 먹다니 부끄럽지도 않을까요?	N	2022-09-28 02:21:44	2022-09-28 02:21:44
BE22022210	6	1	엄마도 그건 정말 부끄러운 일이라고 생각한다. 차라리 솔직하게 말을 하고 먹었으면 이렇게까지 화가 나진 않을 것 같구나.	N	2022-09-28 02:21:44	2022-11-08 05:47:09
BE22022210	7	0	막상 고기를 보고 식욕이 생겨서 먹을 수도 있다는 건 이해해요. 다만 본인의 마음이 바뀔 수도 있다는 생각은 못 하고 그동안 저를 욕했다는 것이 용서가 안 돼요. 저한테 나쁜 말하는게 취미인 사람 같이 느껴져요.	N	2022-09-28 02:21:44	2022-11-08 05:47:10
BE22022210	8	1	언니가 말을 거칠게 하지만 속으로는 누구보다 너를 챙기는 거 잘 알잖니? 언니가 생각이 짧았다는 걸 스스로도 이번 기회를 통해 느낄거야. 그러니 기분 좀 풀어보렴.	N	2022-09-28 02:21:44	2022-09-28 02:21:44
BE22022210	9	0	언니의 염치없는 행동을 생각하면 화가 누그러들지 않아요. 언니가 스스로 반성하고 앞으로 저에게 심한 말을 안 했으면 좋겠어요.	N	2022-09-28 02:21:44	2022-11-08 05:47:10
BE22022210	10	1	용서가 안되는 마음 충분히 이해 돼. 하지만 사람은 누구나 마음이 수시로 변하고, 말과 행동이 다르게 나올 때도 있단다. 네가 그걸 염두에 두고 있으면 앞뒤가 다른 행동 때문에 상처받지 않는데 도움될 것 같구나.	N	2022-09-28 02:21:44	2022-11-08 05:47:10
BE22022210	11	0	엄마 말씀 듣고 보니 제가 언니 행동에 매번 감정적으로 휘둘리는 것 같다는 생각이 들어요. 제 기분이 언니 때문에 좌지우지 될 필요는 없는 일인데 말이에요.	N	2022-09-28 02:21:44	2022-11-08 05:47:10
BE22022210	12	1	정말 중요한 점을 깨달았구나. 다른 사람의 언행에 내 기분이 요동치지 않도록 컨트롤 하는 것이 꼭 필요하단다. 우리 딸 생각이 깊어진 것 같아서 대견하구나.	N	2022-09-28 02:21:44	2022-11-08 05:47:10
BE22022210	13	0	엄마가 일깨워주신 덕분이에요. 앞으로는 언니가 어떤 말을 하든 제 감정을 잘 다스리도록 노력해볼게요. 그래도 언니가 저에게 이쁜 말을 쓰면 좋겠어요.	N	2022-09-28 02:21:44	2022-11-08 05:47:10
BE22022210	14	1	그래 너의 노력을 응원할게. 언제든지 엄마한테 편하게 상담해도 좋아. 언니가 너를 함부로 대하지 못하게 네가 달라진 모습을 보여주렴.	Y	2022-09-28 02:21:44	2022-11-08 05:47:10
