id	utterance_id	utterance_type	utterance_text	terminate	regDate	updDate
BE22000114	1	0	와, 부동산에서 자꾸 연락해서 환장하겠어요.	N	2022-06-03 08:29:20	2022-11-08 03:24:57
BE22000114	2	1	그 아저씨가 또 전화했어?	N	2022-06-03 08:29:20	2022-11-08 03:24:57
BE22000114	3	0	방금 전화 와서 안 받았더니 막 문을 두드리잖아요.	N	2022-06-03 08:29:20	2022-11-08 03:24:57
BE22000114	4	1	너무하네. 사람 불안하게 뭐 하는 거야?	N	2022-06-03 08:29:20	2022-11-08 03:24:58
BE22000114	5	0	아니, 부동산에 내놓은 건 옆집인데 왜 나를 귀찮게 하냐고요.	N	2022-06-03 08:29:20	2022-11-08 03:24:58
BE22000114	6	1	자꾸 너 성가시게 해서 큰일이다. 일도 바쁜데 스트레스 많이 받겠어.	N	2022-06-03 08:29:20	2022-11-08 03:24:58
BE22000114	7	0	처음에 한 번만 부탁한다고 하더니 이제 당연하게 우리 집을 보여주려고 하네요.	N	2022-06-03 08:29:20	2022-11-08 03:24:58
BE22000114	8	1	애초에 자꾸 비우는 집이면 비밀번호를 알아 놨어야지. 내놓지도 않은 너희 집에 와서 그러면 안 되지.	N	2022-06-03 08:29:20	2022-11-08 03:24:58
BE22000114	9	0	그런데 엄마 부동산 아저씨도 그렇지만 제가 이렇게 자꾸 우리 집을 보여주는 게 맞아요?	N	2022-06-03 08:29:20	2022-11-08 03:24:58
BE22000114	10	1	보여줄 수는 있지만, 집이라는 게 가족이 쉬어야 하는 보금자리이잖아. 그런 곳을 자꾸 보여 달라고 하는 그 아저씨도 예의가 없는 거고, 넌 당연히 보여줄 의무는 없는 거지.	N	2022-06-03 08:29:20	2022-11-08 03:24:58
BE22000114	11	0	그런 거죠? 저는 화가 나는데 제가 너무 야박한 건 아닌가 생각도 들어서요.	N	2022-06-03 08:29:20	2022-11-08 03:24:58
BE22000114	12	1	네가 마음이 약해서 그런 생각을 할 수는 있는데 이번 경우는 아저씨한테 정중히 거절을 하는 게 맞는 것 같아.	N	2022-06-03 08:29:20	2022-11-08 03:24:58
BE22000114	13	0	그러면 마음을 좀 가라앉히고 엄마 말씀대로 부동산 가서 정중히 거절을 해야겠어요. 앞으로는 우리 집으로 오시지 않았으면 좋겠다고.	N	2022-06-03 08:29:20	2022-11-08 03:24:58
BE22000114	14	1	경우가 있는 사람이면 그런 걸로 섭섭하단 말 못하겠지. 걱정하지 말고 딱 부러지게 말해.	Y	2022-06-03 08:29:20	2022-11-08 03:24:58
