id	utterance_id	utterance_type	utterance_text	terminate	regDate	updDate
BE22022612	1	0	할아버지 나 오늘 정말 분노하는 일이 있었어요. 집에 오는 길에 술 취한 아저씨를 마주쳤는데 저한테 자꾸만 시비를 걸었거든요.	N	2022-09-29 05:44:56	2022-09-29 05:44:56
BE22022612	2	1	정말? 그렇지 않아도 오늘 네가 집에 늦게 귀가한다고 해서 할아버지가 걱정했어. 그런데 그런 불미스러운 일이 있었구나.	N	2022-09-29 05:44:56	2022-11-08 05:49:32
BE22022612	3	0	네. 좁은 골목길이었는데, 사실 멀리부터 예감이 좋지 않았거든요. 다른 길로 갈까 고민하다가 그냥 갔는데 갑자기 먼저 말을 걸고는 점점 시비로 이어지는 거예요.	N	2022-09-29 05:44:56	2022-11-08 05:49:32
BE22022612	4	1	술 취한 사람이랑 오래 말을 섞는 건 좋지 않을 텐데 갑자기 말을 걸어와서 무척 당황스러웠겠다. 뭐라고 너에게 이야기 했니?	N	2022-09-29 05:44:56	2022-11-08 05:49:32
BE22022612	5	0	처음에는 평범하게 저에게 신발끈이 풀렸다고 이야기를 했어요. 근데 제가 뭐라고 말하는지 알아듣지 못해서 되물었거든요. 그리고나서 한 번 더 들었는데, 그때는 제가 그냥 무시하고 지나가려고 했어요.	N	2022-09-29 05:44:56	2022-09-29 05:44:56
BE22022612	6	1	말을 제대로 하지 못할 정도로 많이 취한 사람이었구나. 물론 처음부터 나쁜 말을 한 건 아니지만 누구라도 그런 상황에서는 두려움을 느끼는 게 당연해. 할아버지 같은 어른들도 가끔은 두려움을 느끼는데 네가 많이 난처했겠구나.	N	2022-09-29 05:44:56	2022-11-08 05:49:32
BE22022612	7	0	네, 제가 그냥 지나가려고 하니까 갑자기 왜 무시하냐고 하면서 말투가 변했어요. 그때부터는 저도 화가나더라고요. 제가 잘못한 것도 없는데 그냥 시비를 거는거잖아요.	N	2022-09-29 05:44:56	2022-09-29 05:44:56
BE22022612	8	1	그러게 말이다. 할아버지는 우리 감정화자가 그런 일에 처했었다고 생각하니까 가슴이 떨리고 속상하구나. 이번 일은 네가 뭔가를 잘못해서 그런건 절대 아니란다. 그래서 그 분노를 표현했니?	N	2022-09-29 05:44:56	2022-11-08 05:49:32
BE22022612	9	0	그러려고 했던 건 아니었지만 저도 순간적으로 너무 화가 났거든요. 그래서 잠시동안 말다툼이 있었어요. 제가 어리다고 무시하는 것만 같아서 더 화가 났거든요.	N	2022-09-29 05:44:56	2022-09-29 05:44:56
BE22022612	10	1	신발끈이 풀렸다고 이야기 해준다는 건 상대방을 위해서 하는 말이었을거야. 나쁜 의도라고 생각하면 할수록 네 마음이 더 불편해진단다. 다양한 사람들 속에서 일어난 작은 사건이라고 가볍게 생각하자꾸나.	N	2022-09-29 05:44:56	2022-09-29 05:44:56
BE22022612	11	0	하지만 바로 시비거는 것 같은 말투로 변했단말이에요. 그 아저씨도 본인이 좋은 의도로 말 한 건데 왜 나쁘게 받아들이냐고 했어요. 하지만 그 후에 말투를 보면 그렇게 생각 할 수밖에 없다고요.	N	2022-09-29 05:44:56	2022-09-29 05:44:56
BE22022612	12	1	장소도 골목길인데다가 처음부터 술 취한 상태라는 걸 알았기 때문에 더 상대하기 싫었던 것 이해해. 할아버지는 네게 누구든 좋은 의도의 말이 무시 당하면 기분 나쁠수 있다는 걸 얘기 한거야. 아무 일 없었으니까 다행이지만, 다음에는 네가 좀 더 안전할 수 있도록 대처했으면 좋겠구나.	N	2022-09-29 05:44:56	2022-11-08 05:49:32
BE22022612	13	0	네, 앞으로는 저도 너무 나쁘게만 생각하지 않을게요. 할아버지 말 대로 처음부터 들었던 거부감 때문에 더 불친절하게 반응했던 것 같아요.	N	2022-09-29 05:44:56	2022-09-29 05:44:56
BE22022612	14	1	그래, 할아버지는 네가 무사히 하루를 보내는 게 가장 중요하다는 걸 기억하렴.	Y	2022-09-29 05:44:56	2022-11-08 05:49:32
