id	utterance_id	utterance_type	utterance_text	terminate	regDate	updDate
BE22025728	1	0	아버지. 저 다음주에 뮤지컬을 보려고 했는데 정말 화나는 일이 생겼어요.	N	2022-10-08 12:51:23	2022-10-08 12:51:23
BE22025728	2	1	무슨 일이길래 그래? 그 뮤지컬 본다고 한 달 전부터 신나했었잖아.	N	2022-10-08 12:51:23	2022-10-08 12:51:23
BE22025728	3	0	제가 진짜 기다리던 뮤지컬인거 아버지도 잘 아시죠? 그런데 갑자기 공연이 취소되었다는 연락을 받았어요. 갑작스러운 일방적 취소 통보에 너무 화가 나요.	N	2022-10-08 12:51:23	2022-10-08 12:51:23
BE22025728	4	1	네가 오래전부터 기대하던 공연이었는데 취소한다고 하니 화가 날 법도 하지. 하루하루 공연 날만 설레며 기다렸을 텐데 실망했을 네 마음이 좋지 않을 것 같구나. 그렇지만 공연은 다음에 또 보면 되니 너무 화내지 말고 진정해.	N	2022-10-08 12:51:23	2022-11-08 06:07:58
BE22025728	5	0	이 공연은 자주 하는 공연이 아니라서 개봉 소식을 들었을 때부터 얼마나 두근거렸는지 몰라요. 그런데 이렇게 뒤통수를 치다니 정말 분노가 사그라지지 않아요.	N	2022-10-08 12:51:23	2022-11-08 06:07:58
BE22025728	6	1	나도 좋아하는 전시회가 취소되었다는 소식을 들은 적이 있어 네 마음이 어떨지 잘 안다. 그 날만 기다리던 나를 배신하는 것 같은 느낌이 들어서 화도 많이 났었어. 그렇지만 화를 내봤자 달라지는 상황이 없다는 걸 알게되니 마음을 다스리는데 도움이 되더라.	N	2022-10-08 12:51:23	2022-11-08 06:07:58
BE22025728	7	0	그렇지만 일방적인 취소 통보는 관객에 대한 예의가 아니지 않아요? 관객들을 기만하는 행위라고 생각하면 너무 화가나서 견딜수가 없어요.	N	2022-10-08 12:51:23	2022-10-08 12:51:23
BE22025728	8	1	네가 그 공연에 기대했던만큼 돌아오는 분노도 큰 걸거야. 하지만 어쩔 수 없는 상황이니 지금처럼 감정적으로 너무 화내기보다 마음을 가라앉혀보는게 어떻겠니.	N	2022-10-08 12:51:23	2022-11-08 06:07:58
BE22025728	9	0	또 언제 개봉할지 모르는 뮤지컬을 기다려야 한다고 생각하면 화나는 마음이 진정되지 않아요. 기약없이 기다리는 건 정말 화나는 일이거든요.	N	2022-10-08 12:51:23	2022-10-08 12:51:23
BE22025728	10	1	기다림의 시간이 늘어났다고 생각하는 것보다 기대하는 시간이 늘어났다고 생각해보면 어떨까? 그럼 분노보다 설레이는 마음이 커질테니까.	N	2022-10-08 12:51:23	2022-11-08 06:07:58
BE22025728	11	0	아버지 말씀처럼 제가 기대하는 시간이 늘어났다고 생각하니 정말 분노가 사그라드는 것 같아요. 이젠 오히려 기쁜 마음으로 다음 공연을 기대할 수 있을 것 같아요.	N	2022-10-08 12:51:23	2022-10-08 12:51:23
BE22025728	12	1	네 마음이 편안해진 것 같아 보여 다행이다. 모든 건 마음먹기에 따라 달린 거야. 너는 긍정적인 아이니까 잘 이겨낼 수 있을 거라 믿어.	N	2022-10-08 12:51:23	2022-11-08 06:07:58
BE22025728	13	0	이번 공연이 취소된만큼 다음 공연이 더 화려하고 웅장하겠죠? 그렇게 생각하니 기대감이 더 커지는 것 같네요.	N	2022-10-08 12:51:23	2022-10-08 12:51:23
BE22025728	14	1	네가 이렇게 좋아하는 뮤지컬이라니 아빠도 참 궁금하다. 다음 공연이 열리면 우리 함께 보러 가지 않을래?	N	2022-10-08 12:51:23	2022-11-08 06:07:58
BE22025728	15	0	정말요? 아버지와 함께 볼 수 있다면 더 재밌게 관람할 수 있을 것 같아요. 어서 그 날이 왔으면 좋겠네요.	Y	2022-10-08 12:51:23	2022-10-08 12:51:23
