id	utterance_id	utterance_type	utterance_text	terminate	regDate	updDate
BE22025444	1	0	하, 엄마 이 회사 더 못 다니겠어요. 다닐수록 업무 돌아가는 게 불공평해서 화가 나고 너무 힘이 들어요. 일을 빨리해내면 한숨 돌리는 게 아니라 남들보다 일을 더 준다니까요?	N	2022-10-07 14:45:59	2022-11-08 06:06:16
BE22025444	2	1	우리 딸이 고생이 많구나. 그런 회사가 있다고는 들었는데 너희 회사도 그런 분위기구나. 얼핏 들어도 불공평하게 돌아가네.	N	2022-10-07 14:45:59	2022-11-08 06:06:16
BE22025444	3	0	진짜 숨이 막히고 서러워서 못 다니겠어요. 처음에는 이게 당연한 건 줄 알고 주는 대로 일을 다 했거든요. 근데 이젠 그게 기본값이 되어버려서 팀장님이 저한테는 기대치부터가 달라요.	N	2022-10-07 14:45:59	2022-10-07 14:45:59
BE22025444	4	1	처음부터 네가 일을 너무 잘해서 기대가 높아졌구나. 그게 그렇게 돌아올 줄은 몰랐을 텐데 얼마나 속상하겠어.	N	2022-10-07 14:45:59	2022-11-08 06:06:16
BE22025444	5	0	그러니까요. 칭찬 대신 더 많은 일로 돌아올 줄 알았다면 그렇게 야근하면서 무리하지 않았을 텐데 정말 속상해요. 오늘도 같이 입사한 동기보다 저한테 일을 더 주는 거 있죠? 저는 힘이 안 드는 줄 아나 봐요.	N	2022-10-07 14:45:59	2022-11-08 06:06:16
BE22025444	6	1	그렇게 눈에 보일 정도로 차별을 하는 건 불공평하지. 지금 네가 겪는 것처럼 사기를 꺾는 일이기도 하고. 네가 싫은 소리도 안 하고 받아들여서 그런 건 아니고?	N	2022-10-07 14:45:59	2022-11-08 06:06:16
BE22025444	7	0	너무 당연하게 일을 더 주니까 불공평함을 제대로 말하지도 못했어요. 일을 더 한다고 월급을 더 주는 것도 아니고 정말 의욕만 떨어져요.	N	2022-10-07 14:45:59	2022-10-07 14:45:59
BE22025444	8	1	누구라도 네 입장이 되면 다 그렇게 느낄 거야. 지금껏 견뎌 온 게 대단할 정도인걸. 팀장님도 네가 얼마나 힘들게 느끼고 있는지 모르셔서 그렇지 않을까?	N	2022-10-07 14:45:59	2022-11-08 06:06:16
BE22025444	9	0	팀장님께 제대로 표현한 적이 없긴 해요. 그런 마음이 없었던 건 아닌데 어차피 누군가는 해야 할 일이라고 생각하고 받아들였던 것 같아요.	N	2022-10-07 14:45:59	2022-10-07 14:45:59
BE22025444	10	1	그렇게 착한 마음도 좋지만 너를 갉아먹으면서까지 하면 안 되는 거잖아. 몸도 마음도 상해 가는 것 같아서 걱정이야. 언제 한번 팀장님께 말해보는 건 어떨까?	N	2022-10-07 14:45:59	2022-11-08 06:06:16
BE22025444	11	0	엄마 말이 맞아요. 저도 내심 제가 일을 처리하는 게 낫다고 생각해서 받아들이고 있었나 봐요. 그러다 보니 지금처럼 지치게 된 것 같고요.	N	2022-10-07 14:45:59	2022-10-07 14:45:59
BE22025444	12	1	책임감을 가지고 열심히 하는 모습이 정말 대견해 우리 딸. 부조리함을 얘기할 줄 아는 것도 회사 생활을 잘하는 것 중 하나이지 않을까? 그렇게 생각하면 너도 팀장님을 대하는 마음이 더 편할 거야.	N	2022-10-07 14:45:59	2022-11-08 06:06:16
BE22025444	13	0	무작정 주어진 일만 잘하면 되는 줄 알았는데 그게 아니었나 봐요. 용기를 내서 팀장님께 한번 말씀드려봐야겠어요.	N	2022-10-07 14:45:59	2022-11-08 06:06:16
BE22025444	14	1	잘 생각했어. 팀장님도 네가 관두는 것보다 계속 다녀주길 바랄 테니 걱정허지 마. 첫 회사 생활이라 힘들 텐데 고생이 많아. 회사도 중요하지만 제일 중요한 건 너 자신이라는 걸 잊지 마.	N	2022-10-07 14:45:59	2022-11-08 06:06:16
BE22025444	15	0	고마워요. 엄마. 엄마한테 하소연하길 잘한 것 같아요.	Y	2022-10-07 14:45:59	2022-11-08 06:06:17
