id	utterance_id	utterance_type	utterance_text	terminate	regDate	updDate
BE22018191	1	0	엄마, 오늘도 동생이 만든 길고양이 집이 또 파손됐어.	N	2022-09-14 08:56:25	2022-09-14 08:56:25
BE22018191	2	1	정말? 얼마 전에도 그랬다더니 또 동일한 일이 발생한 거야?	N	2022-09-14 08:56:25	2022-11-08 05:20:03
BE22018191	3	0	응, 진짜 이게 몇 번째인지 모르겠어. 동생이 애써서 만들어놓으면 망가뜨리고, 다시 수리해도 또 망가뜨리고, 망가진 고양이 집 볼 때마다 정말 화나.	N	2022-09-14 08:56:25	2022-11-08 05:20:03
BE22018191	4	1	옆에서 동생이 열심히 만드는 걸 봤는데 자꾸 망가지니까 화날 만하지. 너네 속상할 것 생각하니까 엄마도 마음이 좋지 않네.	N	2022-09-14 08:56:25	2022-11-08 05:20:03
BE22018191	5	0	불만이 있으면 직접 와서 이야기하든가, 왜 애꿎은 고양이 집을 망가뜨리고 난리야 정말. 걸리면 정말 가만 안 둘 거야.	N	2022-09-14 08:56:25	2022-11-08 05:20:03
BE22018191	6	1	화가 많이 날 만한 상황이지만 감정적으로 대응하는 것보다 다른 합리적인 방법을 찾아보는 건 어떨까? 누가 그랬는지도 모르는데 괜한 감정 낭비일 수 있으니 말이야.	N	2022-09-14 08:56:25	2022-11-08 05:20:03
BE22018191	7	0	엄마 말처럼 감정을 내세운다고 해서 해결될 문제가 아닌 건 알아. 그렇지만 그 현장을 보면 정말 화가 나.	N	2022-09-14 08:56:25	2022-11-08 05:20:03
BE22018191	8	1	그래, 네 맘 알지. 그렇지만 감정적으로 대응하다 보면 의도치 않게 스트레스도 많이 받게 되고 문제해결이 더디게 될 때도 있더라고. 그러니 너무 신경 쓰지 마.	N	2022-09-14 08:56:25	2022-11-08 05:20:03
BE22018191	9	0	마인드컨트롤을 하려 해도 그게 쉽지 않아. 말 못하는 불쌍한 고양이들과 좌절했을 동생 심정을 생각하면 화가 나는 마음을 견딜 수가 없어.	N	2022-09-14 08:56:25	2022-11-08 05:20:03
BE22018191	10	1	우리 딸은 동생한테 항상 든든한 누나이니까 이번 고비를 잘 이겨낼 수 있을 거라 믿어. 혹시 엄마 도움이 필요하면 언제든 말하고.	N	2022-09-14 08:56:25	2022-11-08 05:20:03
BE22018191	11	0	나는 분노가 앞서서 그런지 어떻게 해결해야 할지 방법이 떠오르지 않아. 혹시 엄마가 생각하는 좋은 방법이 있을까?	N	2022-09-14 08:56:25	2022-11-08 05:20:03
BE22018191	12	1	고양이 집을 더 안전한 곳으로 옮기는 것도 좋을 것 같은데? 우리 집 근처로 옮기면 더 자주 관리해줄 수도 있지 않을까?	N	2022-09-14 08:56:25	2022-11-08 05:20:03
BE22018191	13	0	그러게. 역시 엄마한테 말하길 잘한 것 같아. 그동안 나는 고양이 집이 망가진 것만 생각하고 화만 냈거든. 왜 진작 엄마처럼 해결 방안에 대해 생각하지 못했을까?	N	2022-09-14 08:56:25	2022-09-14 08:56:25
BE22018191	14	1	눈앞의 상황을 보고 순간적으로 감정이 치밀어 오르는 건 당연한 거야. 이제라도 좋은 방법을 찾게 되었으니 얼마나 다행이야.	N	2022-09-14 08:56:25	2022-11-08 05:20:03
BE22018191	15	0	맞는 말이네. 동생이랑 이야기해보고 더 좋은 아이디어가 있으면 엄마한테도 말할게.	N	2022-09-14 08:56:25	2022-11-08 05:20:03
BE22018191	16	1	그래, 너희 둘이 어떤 아이디어를 낼지 엄마도 너무 기대된다.	Y	2022-09-14 08:56:25	2022-11-08 05:20:03
