id	utterance_id	utterance_type	utterance_text	terminate	regDate	updDate
BE22022991	1	0	엄마 문제가 복잡할수록 단순화하는 작업을 해요. 이번에 환불 건을 진행하고 있는데 제가 그만 다른 사람에게 환불을 해서 복잡해졌어요. 저는 왜 이렇게 덜렁거리는지 화가 나요.	N	2022-09-30 06:50:51	2022-09-30 06:50:51
BE22022991	2	1	요즘 집에 계속 늦게 들어오던데 그 일 때문인지 걱정이 되는구나. 잘 해결해가는 중이니?	N	2022-09-30 06:50:51	2022-11-08 05:51:46
BE22022991	3	0	다른 사람에게 환불해놓고서는 엑셀 파일을 잘못 정리해서 머리가 아파요. 저 떄문에 우리 팀 모두 일이 꼬여버려서 속상하고 화나요.	N	2022-09-30 06:50:51	2022-09-30 06:50:51
BE22022991	4	1	가끔 내가 한 실수로 인해서 내 자신에게 화가 날 때가 있지. 하지만 누구나 그럴 수 있는 일이니까 너무 네 탓하지 말아. 사람들에게도 네가 충분히 설명을 한다면 이해받을 수 있으니까 너무 심각하게 생각하지 마.	N	2022-09-30 06:50:51	2022-11-08 05:51:46
BE22022991	5	0	그렇지만 저는 예전부터 이런 실수를 자주 해왔는 걸요. 첫 번째면 제 자신이 용서될 수 있지만. 고쳐야지 해놓고서는 또 이런 실수를 저지르는 저에게 너무 화가 나요.	N	2022-09-30 06:50:51	2022-09-30 06:50:51
BE22022991	6	1	덜렁대는 건 네 단점이긴 하지만 대신 네 장점이 있으니 너 자신에게 화내지 말아. 너는 덜렁대지만 사람들을 깊이 있게 배려할 줄 알아서 팀 사람들에게 다른 도움을 주고 있어. 게다가 엄마는 너처럼 인내심 있는 사람은 없다고 생각하고 있단다.	N	2022-09-30 06:50:51	2022-11-08 05:51:46
BE22022991	7	0	그런데 이번 일 때문에 팀 사람들이 다같이 야근을 하고 있어요. 잘못된 명단 밑으로 다 어긋나서요. 너무 미안하고 저에게 화를 내지 않으면 이 상황이 용납되지 않아요.	N	2022-09-30 06:50:51	2022-09-30 06:50:51
BE22022991	8	1	너 자신에게 화를 내는 것보단 꿋꿋한 마음으로 앞으로 이런 일이 없게 다짐을 해보는 게 좋아. 네가 꿋꿋한 마음을 먹고선 이 상황에 임해야지 팀 사람들도 너를 도와주지 않을까. 그래야 다음에 실수도 하지 않고 너도 편해지지.	N	2022-09-30 06:50:51	2022-11-08 05:51:46
BE22022991	9	0	엄마와 얘기하다 보니 제가 지금 이렇게 화를 낼 때가 아니란 걸 깨달았어요. 화를 가라 앉히고 얼른 상황을 수습해야겠어요.	N	2022-09-30 06:50:51	2022-11-08 05:51:46
BE22022991	10	1	기특한 우리 딸 언제든 힘든 일 있으면 엄마에게 얘기하렴. 이번 일은 복잡하게 되었지만 단순하게 생각해.	N	2022-09-30 06:50:51	2022-11-08 05:51:46
BE22022991	11	0	제 업을 좋아했지만 이런 일이 있을 줄은 꿈에도 몰랐어요. 그래도 엄마 얘기를 들으니 복잡하게 다른 사람들에게 피해를 준 내용을 생각하는 것보단 단순하게 생각해야겠어요. 빨리 이 일을 먼저 끝내야겠어요.	N	2022-09-30 06:50:51	2022-11-08 05:51:46
BE22022991	12	1	다행이구나. 엄마가 항상 응원하고 있을게. 나는 우리 딸이 인내심이 강해서 잘해 낼 거라고 믿어.	N	2022-09-30 06:50:51	2022-11-08 05:51:46
BE22022991	13	0	엄마의 조언이 최고예요. 엄마가 아니었으면 저는 지금도 화만 내고 있었을 거예요.	N	2022-09-30 06:50:51	2022-09-30 06:50:51
BE22022991	14	1	네 말대로 이렇게 복잡할 때는 많은 생각하지 말고 단순화해서 생각해. 그럼 명확하게 무엇을 해야 할지 먼저 보일 거야.	N	2022-09-30 06:50:51	2022-09-30 06:50:51
BE22022991	15	0	일단 열심히 일하고 또 연락할게요. 퇴근하고 맛있는 거 먹어요. 고마워요.	Y	2022-09-30 06:50:51	2022-09-30 06:50:51
