id	utterance_id	utterance_type	utterance_text	terminate	regDate	updDate
BE22014093	1	0	오늘까지 조별 졸업 과제를 마치는 게 목표였는데 오늘은 다들 지쳐 있어서 마무리는 내일로 미루었어요. 그런데 이 과제를 진심으로 대하는 건 저밖에 없는 것 같아서 너무 화가 나요. 진작에 처음부터 제 말을 따라 열심히 했으면 빠르게 마무리했을 텐데 말이에요.	N	2022-08-13 12:52:13	2022-11-08 04:54:42
BE22014093	2	1	우리 아들이 졸업 작품을 준비하느라 고생이 많네. 그런데 다들 열심히 참여하지 않는 거니? 아무래도 조별 과제라서 많이 힘든 모양인데 아빠한테 털어놔 보렴.	N	2022-08-13 12:52:13	2022-08-13 12:52:13
BE22014093	3	0	아빠가 걱정하실까봐 말을 안 하고 있었어요. 사실 저 이번 조별 과제 때문에 스트레스를 많이 받아왔거든요. 같이 만난 날은 오늘로 3번밖에 안 될뿐더러 맡은 일을 효율적으로 처리하지 못하는 것 같아요.	N	2022-08-13 12:52:13	2022-11-08 04:54:42
BE22014093	4	1	화가 나는 일도 나누면 좀 나아질 텐데 진작 나에게 말을 해주지 그랬니. 그 스트레스를 너 혼자 감당하고 있는지도 모르고 아빠는 괜찮은 줄로만 알았구나. 우리 아들이 얼마나 힘들었을지를 생각하니까 아빠가 마음이 안 좋네.	N	2022-08-13 12:52:13	2022-11-08 04:54:42
BE22014093	5	0	저도 이제 성인이니까 제가 졸업하려면 당연히 감당해야 한다고 생각했었어요. 졸업과제를 조별 과제로 내주신 이유도 사회로 나가면 여러 사람과 조율하기 위한 연습 때문이라고 생각했거든요. 그런데 친하다고 생각했던 동기들끼리도 막상 이렇게 힘들고 지칠 줄 몰랐어요.	N	2022-08-13 12:52:13	2022-08-13 12:52:13
BE22014093	6	1	우리 아들이 나름 멋있는 신념을 가지고 있었구나. 다른 사람들은 조별 과제라고 하면 하기도 전에 교수님께 싫증을 부리기도 하던데. 우리 아들은 조별 과제의 의미를 깊이 성찰하고 노력했다니 정말 기특하고 자랑스러운걸.	N	2022-08-13 12:52:13	2022-11-08 04:54:42
BE22014093	7	0	처음은 뜻이 그랬으나 지금은 제 마음대로 되지 않는 조원들 때문에 화를 참지 못하는걸요. 다들 열심히 하려 하지만 제대로 역할을 수행하지 못하는 것 같고 금방 지치더라고요. 가장 지치는 건 조장인 저인데 이렇게 생각하는 제가 너무 이기적일까요.	N	2022-08-13 12:52:13	2022-08-13 12:52:13
BE22014093	8	1	대학교에서의 마지막 과제인 만큼 학업에 진심인 네가 얼마나 잘 해내고 싶을지 이해해. 너무 못 미더워하지 말고 교수님이 내주신 과제의 의미를 생각하면서 너무 완벽하려는 강박에서 벗어나 보려무나. 과제도 중요하지만 가장 중요한 건 네가 스트레스를 받지 않는 것이니 걱정을 조금은 내려놓았으면 좋겠구나.	N	2022-08-13 12:52:13	2022-11-08 04:54:42
BE22014093	9	0	저는 조장의 의무만 생각해서 과제를 완벽하게 마무리하고 조원들을 잘 이끄는 것에만 너무 몰두했나 봐요. 완벽하려는 강박에서 제가 과연 벗어날 수 있을까요.	N	2022-08-13 12:52:13	2022-08-13 12:52:13
BE22014093	10	1	지금도 충분히 조장의 역할을 잘 수행해 왔으니 이제는 친구들을 믿어보렴. 교수님도 완벽한 내용의 과제보단 각자의 개성과 노력이 녹아든 다채로운 과제를 기대하실 것 같구나. 조원들에 대한 신뢰가 생긴다면 강박도 줄어들고 협동심으로 인한 보람을 느낄 수 있을 거야.	N	2022-08-13 12:52:13	2022-08-13 12:52:13
BE22014093	11	0	교수님이 조별 과제를 내준 이유에 대해서는 생각해 봤는데 정작 어떤 과제를 원하시는지는 생각하지 못했어요. 아빠 말씀을 들으니까 제가 너무 모든 것을 완벽하게 하려고만 생각했던 것 같아요. 졸업을 준비하느라 저 자신은 신경 쓰지 못했던 것 같은데 이제는 조금 내려놓을 줄 알아야겠어요.	N	2022-08-13 12:52:13	2022-11-08 04:54:42
BE22014093	12	1	조별 과제는 무임 승차하는 사람들도 많은데 네 조원들은 다행히 아무것도 안 하려는 친구들은 없는 것 같구나. 우리 아들의 기대치가 높아서 다들 진심이 아닌 것처럼 보였겠지만 열심히 노력하고 있었을 거야. 이런 멋진 열정을 가진 조장을 둔 조원들인데 다들 그럴 리가 있겠니.	N	2022-08-13 12:52:13	2022-11-08 04:54:42
BE22014093	13	0	하긴 그래요. 만나는 날을 조율하는 것은 힘들었지만 아무도 안 나오려고 하지는 않았거든요. 저는 친구들에게 화가 났다기보다 일을 완벽하게 못 해낼 것 같은 강박으로 화가 났던 것 같아요. 아빠 덕분에 화가 많이 누그러지고 완벽한 게 다가 아니라는 깨달음을 얻었어요.	N	2022-08-13 12:52:13	2022-11-08 04:54:42
BE22014093	14	1	세상에 완벽한 것은 존재하지 않지. 각자의 단점을 커버하고 서로 돕는다는 점이 조별 과제의 진정한 의미이자 삶의 의미가 아닐까 싶구나. 우리 아들이 이렇게 한층 성장해가는 것 같아서 아빠는 기쁘다.	Y	2022-08-13 12:52:13	2022-08-13 12:52:13
