id	utterance_id	utterance_type	utterance_text	terminate	regDate	updDate
BE22008183	1	0	친구들이랑 싸웠는데 해결될 기미가 보이지 않아서 너무 화가 나요.	N	2022-07-12 10:01:38	2022-11-08 04:17:02
BE22008183	2	1	왜? 무슨 일이야? 그렇게 느낀다니 우리 딸 힘들겠다.	N	2022-07-12 10:01:38	2022-11-08 04:17:02
BE22008183	3	0	어떤 주제로 논쟁을 펼치게 되었는데 그걸로 친구들이랑 의견이 충돌했거든요. 근데 그게 과열되어서 이제는 그 문제와는 상관없이 싸움이 번지게 되었어요. 분위기를 풀어보려고 해도 친구들이 말을 듣지 않고 무시해서 너무 화가 나요.	N	2022-07-12 10:01:38	2022-11-08 04:17:02
BE22008183	4	1	친구들이 너무 몰입을 많이 했구나. 엄마도 그런 적이 있어서 그 기분 잘 알아. 우리 딸 친구들이랑 관계도 중요하게 생각하는데 그렇게 싸움이 계속되어서 속상하고 기분이 안 좋겠다. 마음 이해해.	N	2022-07-12 10:01:38	2022-11-08 04:17:02
BE22008183	5	0	네. 제가 중재하려고 하니까 저한테도 뭐라고 하기 시작해서 너무 화가 났어요. 왜 싸움을 말리려는 사람한테도 왜 그렇게 과격하게 말하는지 모르겠어요.	N	2022-07-12 10:01:38	2022-11-08 04:17:02
BE22008183	6	1	우리 딸 무척 속상했겠네. 친구들이 그 주제에 집중하고 다른 면을 보지 못해서 말이 실수로 심하게 나온 걸 거야. 네가 마음에 안 들어서 그런 게 아닐 거야.	N	2022-07-12 10:01:38	2022-11-08 04:17:02
BE22008183	7	0	그래도 가만히 있는 저한테 불똥이 튄 게 너무 어이없고 짜증이 나요. 그러면 적어도 사과라도 했어야 하는 거 아닐까요?	N	2022-07-12 10:01:38	2022-11-08 04:17:02
BE22008183	8	1	친구들도 지금 분명히 그때 너한테 심하게 말한 걸 후회하면서 사과하고 싶어 할 거야. 누구나 실수하고 그걸 통해 성장하듯이 그 친구들도 그렇다고 생각하고 너그럽게 이해해주면 어떨까? 네가 넓은 마음으로 그 친구들이 성장하는 과정을 이해해주는 거라고 생각하면 화난 마음이 괜찮아지지 않을까?	N	2022-07-12 10:01:38	2022-11-08 04:17:02
BE22008183	9	0	엄마 말을 들어보니까 그렇긴 하네요. 저도 실수하고 그걸 통해서 성장해 나가는 과정을 반복해나가긴 하니까요. 이럴 때 너그러운 마음으로 이해를 해준 사람에게 고맙긴 하더라고요.	N	2022-07-12 10:01:38	2022-11-08 04:17:02
BE22008183	10	1	그래. 그리고 친구가 먼저 사과하지 않더라도 네가 먼저 솔직하게 오늘의 네 마음을 얘기해보면 어때? 기분 나쁘지 않게 차분하게 얘기하면 친구도 분명히 네 마음을 이해할 거야. 친구들이랑 너는 서로 배려하면서 친하게 지내는 사이였잖아.	N	2022-07-12 10:01:38	2022-11-08 04:17:02
BE22008183	11	0	그래봐야겠어요. 혼자 앓고 있으면 저만 힘드니까요. 그 대신 엄마 말대로 차분히 한 번 얘기해볼게요.	N	2022-07-12 10:01:38	2022-11-08 04:17:02
BE22008183	12	1	그래. 잘 생각했어. 우리 딸. 너무 속상해하지 말고 앞으로도 고민 있으면 엄마한테 말해. 고민 들어주고 같이 어떻게 할지 고민해줄게.	N	2022-07-12 10:01:38	2022-11-08 04:17:02
BE22008183	13	0	고마워요. 엄마. 덕분에 기분이 좀 나아진 것 같아요. 이렇게 고민 들어주시는 것도 일인데 너무 감사해요.	N	2022-07-12 10:01:38	2022-11-08 04:17:02
BE22008183	14	1	우리 딸이 그걸로 기분이 좋아졌다면 그걸로 엄마는 충분해. 우리 딸 항상 파이팅.	Y	2022-07-12 10:01:38	2022-11-08 04:17:02
