id	utterance_id	utterance_type	utterance_text	terminate	regDate	updDate
BE22024303	1	0	엄마. 아시다시피 우리 아이가 편식이 심하잖아요. 그래서 음식을 골고루 먹게 하려는데, 아내가 그걸 돕기는커녕 방해하고 있어요.	N	2022-10-05 03:09:56	2022-10-05 03:09:56
BE22024303	2	1	그래? 며느리가 뭘 어떻게 했는데 그러니?	N	2022-10-05 03:09:56	2022-10-05 03:09:56
BE22024303	3	0	아이가 김밥에서 오이를 빼고 있기에 제가 혼을 좀 냈거든요. 이참에 편식하는 버릇을 고쳐보려고요. 그런데 아내는 아이를 혼내지 말라며 저를 말리니, 제 가슴속에서 분노가 치솟더라고요.	N	2022-10-05 03:09:56	2022-10-05 03:09:56
BE22024303	4	1	일하느라 바쁜 와중에 아이의 편식까지 신경 쓰는 네가 대단하게 느껴져. 너도 마음 아프면서도 아이를 생각해 꾸중 한 걸 텐데. 며느리가 네 마음을 몰라주는 것 같고 너를 방해하는 것 같으니 화날 법하지.	N	2022-10-05 03:09:56	2022-11-08 05:59:29
BE22024303	5	0	네, 저는 아이가 몇 가지 외에 야채를 먹지 않는 것이 너무나 걱정스러워요. 건강에 문제가 생길까 봐 아이를 꾸짖은 건데, 아내가 아이를 놔두라는 것이 이해 안 돼요. 아이의 건강이 걱정되지도 않는 건지, 아내의 태평한 태도에 화가 치밀어요.	N	2022-10-05 03:09:56	2022-10-05 03:09:56
BE22024303	6	1	아이의 편식을 고치려 애쓰는 네 마음을, 엄마는 높이 사고 싶구나. 그런데 네 아내도 아이의 편식을 분명 걱정하고 있을 거야. 단지 꾸짖는다고 해결될 문제가 아니라고 생각한 걸 테니, 너도 화난 마음을 좀 풀었으면 좋겠다.	N	2022-10-05 03:09:56	2022-11-08 05:59:29
BE22024303	7	0	그렇지만 정말 걱정된다면, 해결 방법을 생각해 보아야 하는 것 아닌가요? 아이가 여섯 살인데 먹는 야채 가짓수는 대여섯 가지밖에 되지 않는 걸요. 그러니 영양 불균형이 걱정되는데, 아이의 편식을 방관하는 아내를 보면 분통이 터져요.	N	2022-10-05 03:09:56	2022-11-08 05:59:29
BE22024303	8	1	화난 네 마음은 이해하는데, 며느리가 편식을 생각 없이 방관하고 있는 건 아닐 거야. 아이들의 편식은 크면서 나아지기도 하니, 아이의 식습관이 바뀌기를 기다리는 건지도 몰라. 네 아내도 기다림이라는 방식으로 아이의 편식에 대응하고 있다 생각하면 어떨까?	N	2022-10-05 03:09:56	2022-11-08 05:59:29
BE22024303	9	0	하지만 언제까지 기다려야 할 지도 모르는데, 그건 너무 소극적인 방법이잖아요. 아이가 한창 성장하는 시기인데, 좀 더 적극적으로 개입해야 하는 거 아닌가요? 아까는 김밥에서 뺀 오이를 아이에게 다시 먹으라 하니, 억지로 먹이지 말라며 말리는데 화나더라고요.	N	2022-10-05 03:09:56	2022-10-05 03:09:56
BE22024303	10	1	아이를 위해 한 행동인데, 아내가 사사건건 저지하는 것 같아 화가 날 법도 해. 하지만 나도 어릴 때 선생님이 우유를 억지로 먹게 한 뒤로, 우유만 보면 속이 울렁거리는걸. 음식을 억지로 먹이면 역효과가 날 수 있어 그랬을 거라 생각하면, 화가 좀 덜 나겠다.	N	2022-10-05 03:09:56	2022-11-08 05:59:29
BE22024303	11	0	그럼 아내도 아이가 오이를 억지로 먹었다가, 오이를 영영 거부하게 될까 봐 그랬을까요? 저는 편식이 없으니, 음식을 억지로 먹었던 경험이 없어 그런 마음을 이해 못했는데요. 엄마 말씀을 듣고 나니, 오이를 억지로 먹이려 한 제 행동이 부끄럽고 어리석게 느껴지네요.	N	2022-10-05 03:09:56	2022-11-08 05:59:29
BE22024303	12	1	너도 몰라서 그랬던 거잖니. 너는 어릴 때부터 뭐든 잘 먹었으니, 편식하는 사람들을 이해하기 힘든 것도 당연해. 엄마도 어릴 때 편식이 심했는데, 크면서 차차 나아지더라고.	N	2022-10-05 03:09:56	2022-11-08 05:59:29
BE22024303	13	0	엄마가 그러셨는 줄은 몰랐어요. 원래 모든 음식을 골고루 잘 드시는 줄만 알았죠. 아무튼 편식을 억지로 고치기는 힘든 것 같으니, 우리 아이도 차차 나아지기를 기대해 봐야겠어요.	N	2022-10-05 03:09:56	2022-10-05 03:09:56
BE22024303	14	1	그래, 아마 너희 아이 입맛도 점점 변할 거야. 엄마는 어릴 때 야채를 무척 싫어했는데, 이제는 고기보다 야채를 좋아하잖니. 걱정되는 마음은 알지만, 조금 더 느긋하게 아이의 변화를 기다려보자.	N	2022-10-05 03:09:56	2022-11-08 05:59:29
BE22024303	15	0	네, 엄마. 엄마와 이야기하다 보니, 아내에게 화나는 마음도 저절로 누그러졌어요. 저에게 적절한 조언을 해 주셔서 정말 감사해요.	Y	2022-10-05 03:09:56	2022-11-08 05:59:29
