id	utterance_id	utterance_type	utterance_text	terminate	regDate	updDate
BE22018813	1	0	엄마, 오늘 학교 체육 시간에 피구를 했는데 지금 너무 화가 나요. 제가 제일 잘하는 운동이 구기종목이라 생각했었는데 아니었나 봐요.	N	2022-09-19 03:24:18	2022-11-08 05:23:38
BE22018813	2	1	왜 우리 아들 체육 시간에 무슨 안 좋은 일이라도 있었던 거니? 기분이 많이 안 좋게 느껴지는데 괜히 걱정되는구나.	N	2022-09-19 03:24:18	2022-11-08 05:23:38
BE22018813	3	0	제 쪽으로 날아오는 공을 피할 수가 없었어요. 너무 빠르게 날아오는 공을 보니 순간적으로 겁이 나서 몸이 굳어버리더라고요. 그런 저 자신한테 너무 화가 나고 기분이 안 좋더라고요.	N	2022-09-19 03:24:18	2022-11-08 05:23:38
BE22018813	4	1	우리 아들이 그런 생각을 했었구나, 이 문자를 받고 엄마도 덩달아 마음이 안 좋아지는구나. 제일 자신 있어 하던 운동인데 그런 기분을 느꼈을 너를 생각하니 너무 안타깝네.	N	2022-09-19 03:24:18	2022-11-08 05:23:38
BE22018813	5	0	공이 이렇게 무서운 존재일 거라곤 상상도 하지 못했어요. 오늘 일로 공에 대한 트라우마로 남을까 걱정도 되네요. 제일 잘하는 운동을 못 하게 될까 봐 화도 나고 자신감이 많이 떨어졌어요.	N	2022-09-19 03:24:18	2022-09-19 03:24:18
BE22018813	6	1	우리 아들은 그 누구보다 씩씩하고 자신감이 많은 성격이야. 그러니 너무 마음의 상처로 두지 말고 용기를 내서 잘 떨쳐냈으면 좋겠어.	N	2022-09-19 03:24:18	2022-11-08 05:23:38
BE22018813	7	0	저도 그럴 수 있을 거라 생각했는데 말처럼 쉽지 않네요. 분노의 감정도 커서 진정이 되려면 어느 정도의 시간이 필요할 거 같아요.	N	2022-09-19 03:24:18	2022-11-08 05:23:38
BE22018813	8	1	물론 처음부터 쉽게 이겨내기는 어려울 거야. 하지만 굳게 마음을 먹고 꼭 이겨낼 거라 다짐하고 노력한다면 긍정적인 방향으로 해결이 날 거란다.	N	2022-09-19 03:24:18	2022-11-08 05:23:38
BE22018813	9	0	정말 그럴 수 있을까요? 엄마의 그런 위로와 응원의 말을 들으니 조금은 마음이 놓이는 기분이에요. 엄마 말씀 덕분에 좀더 용기 내서 떨쳐낼 수 있겠다는 용기도 생겼어요.	N	2022-09-19 03:24:18	2022-11-08 05:23:38
BE22018813	10	1	내 말이 우리 아들이 기운 내는 데 도움이 되었다니 정말 다행이고 엄마가 정말 보람차구나. 늘 그랬듯 우리 아들은 금방 잊어버리고 전처럼 씩씩한 모습으로 지낼 수 있을 거라 믿어.	N	2022-09-19 03:24:18	2022-11-08 05:23:38
BE22018813	11	0	날아오는 공을 피할 수 없어서 화가 났다는 말을 친구들에게 하기는 좀 자존심이 상하더라고요. 어디 하소연할 데도 없고 혼자 답답했었는데 엄마랑 대화하고 나니까 속이 많이 후련해졌어요.	N	2022-09-19 03:24:18	2022-11-08 05:23:38
BE22018813	12	1	남들에겐 말 못 하는 일을 얘기하고 의지하라고 부모가 있는 거란다. 언제든 도움이 필요한 일이 있으면 어려워 말고 엄마한테 얘기하렴. 그러면서 조금이라도 이겨낼 수 있는 힘을 얻고 극복해 나가는 거라 생각해.	N	2022-09-19 03:24:18	2022-11-08 05:23:38
BE22018813	13	0	말씀만이라도 너무 감사해요. 이렇게 제 얘기를 잘 들어주시고 공감해 주시는 엄마가 옆에 계셔서 얼마나 다행인지 몰라요. 앞으로도 어떤 힘든 일이든 잘 헤쳐 나갈 수 있을 것만 같아요.	N	2022-09-19 03:24:18	2022-11-08 05:23:38
BE22018813	14	1	우리 아들이 그렇게 말해주니 엄마가 더 고맙고 대화를 나눈 보람을 느끼네. 우리 가족은 늘 우리 아들을 진심으로 응원하고 있어. 그러니 조금 더 용기를 내서 전처럼 운동도 하고 잘 지낼 수 있었으면 좋겠구나.	N	2022-09-19 03:24:18	2022-11-08 05:23:38
BE22018813	15	0	그럼요! 저도 엄마의 말씀처럼 꼭 이겨낼 수 있기를 바라면서 열심히 노력해 볼게요.	Y	2022-09-19 03:24:18	2022-09-19 03:24:18
