id	utterance_id	utterance_type	utterance_text	terminate	regDate	updDate
BE22026511	1	0	엄마, 저는 명품 핸드백을 사려고 저축을 하고 있었어요. 그런데 엄마 사위가 급하게 돈이 필요하다고 해서 어쩔 수 없이 그 돈을 주고 말았어요. 끝까지 돈이 없다고 잡아떼지 못한 게 너무 화가 나네요.	N	2022-10-10 11:51:09	2022-11-08 06:12:37
BE22026511	2	1	나를 위해 쓰려고 모으다 그렇게 되면 나 같아도 속상할 거 같아서 너무 안타깝다. 그래도 남편이 어렵다고 하니 그 돈을 선뜻 내놓는 걸 보니 정말 착하다는 생각이 든다. 남편 어려운 걸 모른 척하지 않을 너를 마구 칭찬해주고 싶다.	N	2022-10-10 11:51:09	2022-11-08 06:12:37
BE22026511	3	0	내가 주고 싶어 준 게 아니라 이자 돈을 빌리겠다고 해서 할 수 없이 줬어요. 다달이 이자 나가는 것도 너무 아깝잖아요. 생활비에서 조금씩 오랫동안 모은 걸 한입에 털어놓고 나니 정말 분노가 치미네요.	N	2022-10-10 11:51:09	2022-11-08 06:12:37
BE22026511	4	1	친구들이 들고 다니는 명품 핸드백을 너도 갖고 싶었을 텐데 그걸 포기하다니 정말 안타깝다. 그런데 네 남편 일을 모른 척했으면 네 맘도 편치 않았을 거야. 그러니 잘한 일이라고 스스로 마음을 달래기 바란다.	N	2022-10-10 11:51:09	2022-11-08 06:12:37
BE22026511	5	0	말이 나왔으니 말인데 저희 친구들 중에는 명품 핸드백 없는 사람이 없어요. 어떤 애는 몇 개씩 가지고 번갈아들고 다녀요. 나만 싸구려 핸드백을 들고 다니려니 정말 자존심이 상해서 화가 나네요.	N	2022-10-10 11:51:09	2022-11-08 06:12:37
BE22026511	6	1	그런 걸로 친구들하고 비교가 되면 정말 자존심이 상할 것 같아서 네 마음을 이해해. 그런데 명품이 그 사람의 가치를 드러내는 건 아니니까 그런 것에 너무 연연하지 않았으면 좋겠다. 너에게는 명품보다 더 가치 있는 착한 인품이 있으니까 그걸로 마음을 달랬으면 좋겠어.	N	2022-10-10 11:51:09	2022-11-08 06:12:37
BE22026511	7	0	그건 엄마 말씀이 맞지만 문제는 사람들은 그렇게 생각하지 않는다는 거예요. 친구들도 모이면 모두 명품 가방만 화제로 삼아요. 명품이 없는 저는 할 말이 없어서 왕따가 된 기분이 드는 게 너무 화나요.	N	2022-10-10 11:51:09	2022-10-10 11:51:09
BE22026511	8	1	네 친구들이 만나면 명품 얘기만 한다니 나는 좀 놀랍구나. 세상에 얼마나 많은 이야기가 있는데 그런 걸로 시간을 보내는 게 과연 맞는지 모르겠다. 네가 그 모임에서 남의 얘기를 듣기만 한다 생각하니 너무 가슴이 아프다.	N	2022-10-10 11:51:09	2022-11-08 06:12:37
BE22026511	9	0	친구들이 가장 관심 있어 하는 게 명품이다 보니 그렇게 되는 것 같아요. 서로 정보도 주고받고 자랑도 하고 그래요. 이번에 저축한 이유가 나도 명품 핸드백을 사서 거기에 끼고 싶었던 건데 이렇게 돼서 화나요.	N	2022-10-10 11:51:09	2022-10-10 11:51:09
BE22026511	10	1	친구가 좋은 건 서로에게 위로가 되기 때문인 것 같아. 그런데 너는 그 모임에서 위로는커녕 왕따가 되고 있다니 나는 화가 난다. 이번 기회에 그 친구들이 과연 너에게 위로가 되는 존재인지 다시 생각했음 좋겠다.	N	2022-10-10 11:51:09	2022-11-08 06:12:37
BE22026511	11	0	엄마가 그렇게 말씀하시니 그 모임에 대해 다시 생각하게 되네요. 매번 한쪽 구석에서 억지웃음을 짓다 오는 모임이 내게 좋은 게 아니라는 생각이 들어요. 그 모임에서도 빠지고, 명품 핸드백 사려는 계획도 포기하자고 생각하니 차라리 마음이 편해지네요.	N	2022-10-10 11:51:09	2022-11-08 06:12:37
BE22026511	12	1	네가 헛된 꿈에서 깨어났다니 나도 마음이 좋다. 명품을 든다고 네 인생이 명품이 되는 건 아니라 생각하고 마음을 편히 먹기 바란다. 그래도 그걸 사려고 저축한 돈이 네 남편에게 유용하게 쓰였다니 좋은 일이다 생각해라.	N	2022-10-10 11:51:09	2022-11-08 06:12:37
BE22026511	13	0	엄마 말씀을 듣고 제가 정신을 차려서 정말 다행이라는 생각이 들어요. 모임에 나갈 때마다 싸구려 가방을 보고 화를 냈던 게 정말 부끄럽네요. 앞으로는 내 인생이 명품이 되도록 노력하며 살 거예요.	N	2022-10-10 11:51:09	2022-10-10 11:51:09
BE22026511	14	1	네가 그렇게 훌륭한 생각을 하다니 나는 정말 뭐라고 할 말이 없다. 앞으로도 그런 마음가짐으로 살면 좋은 날이 꼭 올 테니 걱정하지 마라. 가진 것에 만족할 줄 아는, 마음이 넉넉한 사람이 되기 바란다.	N	2022-10-10 11:51:09	2022-11-08 06:12:37
BE22026511	15	0	명품 핸드백을 사려고 저축했던 걸 남편에게 주고 속이 상했는데 엄마 덕분에 다 풀렸어요. 늘 내 편이 되어 저를 다독여주셔서 정말 감사합니다.	Y	2022-10-10 11:51:09	2022-10-10 11:51:09
