id	utterance_id	utterance_type	utterance_text	terminate	regDate	updDate
BE22022925	1	0	제가 호주에서 1년 지내다 왔는데도 영어를 잘 못하는 게 정말 창피해요. 그래서 일부러 남들한테는 워홀 다녀왔다는 얘기 안 하거든요. 남편도 모르고 있는데 동생이 식사하면서 그 얘길 꺼내서 너무 화가 나요.	N	2022-09-30 05:19:47	2022-11-08 05:51:23
BE22022925	2	1	네가 학교 다닐 때도 영어 공부 때문에 스트레스 많이 받았잖니. 워홀 가서도 공부가 잘 안된다고 힘들어했던 기억이 나구나. 그 얘기가 나오는 원치 않는 상황이 생겨서 네가 화나고 난처했겠구나.	N	2022-09-30 05:19:47	2022-11-08 05:51:23
BE22022925	3	0	영어가 늘지 않았으니 호주에서 1년이라는 긴 시간을 허송세월한 것 같아 저를 책망하게 돼요. 더 열심히 했더라면, 시간 활용을 잘했더라면. 이런 후회를 다시 떠올리게 돼서 스스로에게도 화가 나고 동생이 정말 원망스러워요.	N	2022-09-30 05:19:47	2022-11-08 05:51:23
BE22022925	4	1	엄마도 숨기고 싶은 것이 대화 주제가 되는 상황은 꼭 피하고 싶더라. 수치스러움에 한동안 사로잡히는 것이 정말 괴롭잖니. 네 마음이 너무 공감되어서 짠하고 안쓰럽구나.	N	2022-09-30 05:19:47	2022-11-08 05:51:23
BE22022925	5	0	이제 남편이 알아버렸으니 어쩜 좋아요. 이제 저한테 호주에서 있었던 일이나 영어에 대한 이야기를 종종 물어볼 텐데 생각만 해도 갑갑해요. 동생이 말만 안 했어도 이런 걱정 안 했을 텐데 너무 괘씸한 거 있죠?	N	2022-09-30 05:19:47	2022-11-08 05:51:23
BE22022925	6	1	나도 네 아빠가 어디서 듣고 나 시집오기 전 얘기 캐물을 때면 그렇게 화가 나더라. 내가 말하지도 않은 지난 얘기를 왜 굳이 꺼내서 사람 속을 긁어놓나 몰라. 동시에 그 얘기해준 사람도 참 괘씸하고 그렇게 미울 수가 없어.	N	2022-09-30 05:19:47	2022-11-08 05:51:23
BE22022925	7	0	엄마도 이 마음 잘 아시는군요. 동생한테 이미 화풀이하긴 했는데 아직도 분이 안 풀리네요. 제가 예전부터 그렇게 주의를 줬는데도 경솔하게 행동했잖아요.	N	2022-09-30 05:19:47	2022-11-08 05:51:23
BE22022925	8	1	그래도 얘야 다시 한번 생각해보렴. 동생도 실수로 말이 헛나온 거지 언니를 곤란하게 하려고 일부러 그랬을 리 있겠니. 그만 화 풀고 너그럽게 봐줘.	N	2022-09-30 05:19:47	2022-11-08 05:51:23
BE22022925	9	0	어제는 남편한테도 버럭 화를 냈지 뭐예요. 남편이 영어로 질문을 해서 제가 하지 말라고 했는데도 계속하길래 저도 모르게 소리를 질렀어요. 저를 놀리는 건지 아니면 무시하는 건지 참을 수 없이 화가 났어요.	N	2022-09-30 05:19:47	2022-11-08 05:51:23
BE22022925	10	1	지나치게 방어적일 때는 동시에 공격적으로 되기도 하더라. 남편이 네 약점을 공격할 사람이 아니라는 건 너도 잘 알잖니. 상대를 탓하기 전에 먼저 내 마음에 불편한 부분이 있는 게 아닌지 돌아보면 좋겠구나.	N	2022-09-30 05:19:47	2022-11-08 05:51:23
BE22022925	11	0	엄마 말씀대로 제 마음속에 숨기고 싶은 걸 들켜버려서 화로 표출된 거 같아요. 남편이 영어를 잘하니까 거기에 더 제가 주눅 들었나 봐요. 언젠가는 제 영어 실력을 비웃을지도 모른다는 상상을 하면서 혼자 괴로워하고 있었네요.	N	2022-09-30 05:19:47	2022-11-08 05:51:23
BE22022925	12	1	때로는 누구나 자신의 감정을 보호하려는 마음에 과하게 화를 내고서 후회하곤 하지. 평소에 마음을 살펴보고 그때그때 감정을 해소한다면 그런 일이 좀 줄어들 거란다.	N	2022-09-30 05:19:47	2022-11-08 05:51:23
BE22022925	13	0	남편에게 먼저 사과해야겠어요. 제 마음 솔직히 인정하고 그동안 숨기려고 애썼던 사실도 털어놓을래요. 엄마 덕분에 이런 용기가 생긴 것 같아서 감사해요.	N	2022-09-30 05:19:47	2022-11-08 05:51:23
BE22022925	14	1	자기 모습을 인정하는 게 누구에게나 쉬운 일이 아니야. 그래도 하고 나면 한결 가벼워질 거란다. 네 마음이 편안해지길 바랄게.	Y	2022-09-30 05:19:47	2022-11-08 05:51:23
