id	utterance_id	utterance_type	utterance_text	terminate	regDate	updDate
BE22020454	1	0	엄마, 막내가 TV를 가까이서 보면 눈이 나빠진다고 말했더니 화를 내고 방으로 들어갔어요. 벌써 이런 태도를 보이는 게 괘씸하고 화가 나요.	N	2022-09-23 02:26:27	2022-11-08 05:36:52
BE22020454	2	1	슬슬 사춘기가 시작되나 보다. 평소에 순하고 말 잘 듣던 아이가 갑자기 반항을 시작하면 황당하고 화가 많이 나지. 요즘 자주 그러는 거야?	N	2022-09-23 02:26:27	2022-11-08 05:36:52
BE22020454	3	0	말대꾸도 많이 하고 말수가 급격하게 줄어들었어요. 아마 사춘기인 것 같은데 무슨 말만 하면 이러니까 이제는 성질이 나요.	N	2022-09-23 02:26:27	2022-09-23 02:26:27
BE22020454	4	1	아이가 순해서 많이 믿고 기대를 해왔기 때문에 그런 감정을 더 느끼는 것 같아. 네가 그 아이에게 걸어온 기대가 컸으니 실망감을 느끼는 것 같고.	N	2022-09-23 02:26:27	2022-11-08 05:36:52
BE22020454	5	0	제가 잔소리를 아무리 해도 말을 잘 들어왔던 아이라 더 그런가 봐요. 게다가 큰애는 사춘기를 크게 겪지 않고 지나가서 막내가 이러니까 크게 다가오는 것 같아요. 막내라 오냐오냐 키워서 그런 것 같아서 자책도 되네요.	N	2022-09-23 02:26:27	2022-11-08 05:36:52
BE22020454	6	1	원래 큰애를 키울 때 면역력이 생기곤 하는데 이번에는 막내가 처음이라 더 충격적으로 다가왔나 보다. 그렇지만 성장하면서 자연스럽게 겪는 현상이니 자책도 하지 말고 흘려보냈으면 좋겠어. 아이가 성장 중에 겪는 잠깐 겪는 일로 자책하다 보면 끝도 없는 우울과 자괴감에 빠지게 돼.	N	2022-09-23 02:26:27	2022-11-08 05:36:52
BE22020454	7	0	성장의 과정이라고 생각하고 지금은 쌓인 화를 참고 있긴 한데 언제까지 참을 수 있을지 모르겠어요. 화가 머리끝까지 나서 아이에게 뭐라 하고 싶은데 그러다가 아이가 엇나가버릴까 봐 고민이예요.	N	2022-09-23 02:26:27	2022-11-08 05:36:52
BE22020454	8	1	나도 너랑 네 동생이 사춘기가 심하게 왔을 때 버릇없이 굴어서 화가 많이 났었거든. 그런데 좀만 참고 기다려주니까 다시 평소의 모습으로 돌아오더라. 조금만 기다려주면 본래 그 아이의 모습으로 돌아올 테니 자연스러운 현상이라고 생각하고 화를 풀었으면 좋겠어.	N	2022-09-23 02:26:27	2022-11-08 05:36:52
BE22020454	9	0	저희를 키우실 때 엄마가 이런 심정이었나 싶어요. 참으면 될 일이라는 생각이 들면서도 순간순간 차오르는 화를 다스리기 쉽지 않아요.	N	2022-09-23 02:26:27	2022-11-08 05:36:52
BE22020454	10	1	착한 너도 나에게 그러고 싶지 않은데 화를 내게 되어서 화를 내고 많이 후회했다고 했잖아. 너를 쏙 빼닮은 막내도 화를 내고 나서 후회하고 자책할 거고 그 과정에서 성장할 거야. 그 생각을 계속 반복하면서 분노를 잠재워봐.	N	2022-09-23 02:26:27	2022-11-08 05:36:52
BE22020454	11	0	아이 자신도 자책하고 후회하고 있다고 생각하니 화도 좀 풀리고 안쓰러운 감정도 생기네요. 아이도 그러고 싶지 않은데 자꾸 화를 내게 되는 거잖아요. 아이가 잘 극복할 수 있을 거라는 생각으로 화를 좀 가라앉혀야겠어요.	N	2022-09-23 02:26:27	2022-11-08 05:36:52
BE22020454	12	1	너를 닮아 그 아이는 분명 올곧게 성장할 거야. 정 심하게 굴 때는 대화로 해결하면서 잘 풀어갔으면 좋겠다.	N	2022-09-23 02:26:27	2022-11-08 05:36:52
BE22020454	13	0	엄마가 위로해주시고 격려해주셔서 화가 많이 풀렸어요. 아이와 좋게 이야기하면서 풀어가도록 노력할게요.	N	2022-09-23 02:26:27	2022-11-08 05:36:52
BE22020454	14	1	그래, 이야기하면 똑똑한 우리 손자는 잘 알아들을 거야. 앞으로 긴 여정이겠지만 계속 힘내고 화가 나고 우울해지면 언제든 연락하렴.	Y	2022-09-23 02:26:27	2022-11-08 05:36:52
