id	utterance_id	utterance_type	utterance_text	terminate	regDate	updDate
BE22024046	1	0	엄마 정말 스트레스를 받았어요. 회사 일이 마음같이 안 돼요. 화가 나요.	N	2022-10-04 09:50:16	2022-10-04 09:50:16
BE22024046	2	1	요즘 야근이 많다고 하더니. 무슨 일 때문에 그러니?	N	2022-10-04 09:50:16	2022-11-08 05:58:00
BE22024046	3	0	같은 팀 직원이 자꾸 일을 그만둬요. 덕분에 나머지 팀원들이 일을 더 해야 하는데 회사에서는 이 점을 알아주지 않아요. 왜 자꾸 일정을 늦추냐는 식이라서 화가 나요.	N	2022-10-04 09:50:16	2022-10-04 09:50:16
BE22024046	4	1	어쩔 수 없는 일로 일정은 늦춰지는데 그걸 고려해주지 않는다면 화나지. 가뜩이나 일도 많이 하는 상황에서 그런다면 엄마 같아도 부당하다는 생각이 들 거 같아. 우리 딸 고생이 많아서 토닥여주고 싶네.	N	2022-10-04 09:50:16	2022-11-08 05:58:00
BE22024046	5	0	팀 직원이 자꾸 일을 그만두는 것도 일이 많아서예요. 고질적인 문제점을 해결하지 않고 회사에서는 우리 팀원들 탓만 하니 분노가 치밀어요. 아무리 일을 하고 돈을 받는다지만 이건 아닌 거 같아요.	N	2022-10-04 09:50:16	2022-10-04 09:50:16
BE22024046	6	1	관리자들은 실제로 일하는 양에 대해서 알지 못하는 경우가 많으니까 잘 소통해보는 게 어떨까. 너무 안 좋은 쪽으로만 생각하지 말고 일단 얘기를 해보면 될 거라는 마음을 갖고 시도해보자. 회사를 통해 이익을 추구해야 하는 마음은 다 공통되니 좋은 생각으로 말하면 통할 거야.	N	2022-10-04 09:50:16	2022-11-08 05:58:00
BE22024046	7	0	하지만 저희 회사는 수직 구조가 강해서 쉽게 대화할 수 있는 분위기가 아니에요. 말을 할 수 없는 분위기이니 화가 나는 감정은 쌓여만 가는 거고요.	N	2022-10-04 09:50:16	2022-10-04 09:50:16
BE22024046	8	1	그런 분위기에서는 쉽지 않다는 걸 엄마도 사회 생활해봐서 잘 알고 있지. 네가 지금 처한 어려움이 얼마나 힘든지도 예상이 되어서 엄마 마음도 안 좋구나. 하지만 반드시 해결책은 있을 테니까 너무 스트레스받이지 마.	N	2022-10-04 09:50:16	2022-11-08 05:58:00
BE22024046	9	0	엄마가 제 마음을 알아주니 마음이 좀 풀리네요. 역심 힘든 일이 있을 때는 사람에게 털어놓아야 하나 봐요.	N	2022-10-04 09:50:16	2022-11-08 05:58:00
BE22024046	10	1	사회 생활하는 게 늘 쉽지 않지. 스트레스도 많이 받고 풀 때도 없고. 그럴 땐 이렇게 엄마한테 털어놓으면 언제든 들어줄게.	N	2022-10-04 09:50:16	2022-10-04 09:50:16
BE22024046	11	0	고마워요. 엄마. 제 마음을 이해해주는 사람은 엄마밖에 없는 거 같아요. 엄마한테 위로를 듣고 나면 힘이 나요.	N	2022-10-04 09:50:16	2022-11-08 05:58:00
BE22024046	12	1	우리 딸이 늘 힘들지 않았으면 좋겠어. 남들보다 고생도 덜 했으면 좋겠고 무엇보다 행복했으면 좋겠어.	N	2022-10-04 09:50:16	2022-11-08 05:58:00
BE22024046	13	0	나를 위해 그렇게 생각해주는 사람이 있다는 건 정말 행운인 거 같아요. 내가 엄마의 딸이라서 정말 다행이에요.	N	2022-10-04 09:50:16	2022-10-04 09:50:16
BE22024046	14	1	우리 소중하고 예쁜 딸아, 엄마가 네가 있어서 다행이지. 오늘은 일 조금만 하고 일찍 들어 와.	N	2022-10-04 09:50:16	2022-11-08 05:58:00
BE22024046	15	0	이것만 마무리하고 집 가서 밥 먹을게요. 이따가 봐요.	Y	2022-10-04 09:50:16	2022-10-04 09:50:16
