id	utterance_id	utterance_type	utterance_text	terminate	regDate	updDate
BE22025451	1	0	엄마 잘 지내죠? 저 오늘 너무 화가 나는 일이 있었어요.	N	2022-10-07 15:13:49	2022-10-07 15:13:49
BE22025451	2	1	아들 잘 있지? 늘 침착한 우리 아들이 화가 나는 일이라니 벌써부터 걱정이 되는구나. 그래도 편하게 얘기해주렴.	N	2022-10-07 15:13:49	2022-11-08 06:06:19
BE22025451	3	0	제가 사실 회사에서 공상을 많이 해서 집중을 못하곤 해요. 저도 이게 문제인 것 같아서 고치려고 하는데, 오늘 상사가 저한테 그럴거면 집에서 잠이나 자래요. 나름 회사를 위해 열심히 일해왔다고 생각했는데, 공상에 좀 빠졌다고 그렇게 말을 하다니 정말 화나요.	N	2022-10-07 15:13:49	2022-10-07 15:13:49
BE22025451	4	1	오래 일한 사람한테 그렇게 무례하게 말을 하다니 마음이 좋지 않았겠어. 엄마도 직장생활 할 때 그렇게 직원들에게 말을 막하는 사장님이 있었거든, 얼마나 기분이 안좋았던지. 그래서 네 마음이 너무 잘 이해가 돼.	N	2022-10-07 15:13:49	2022-11-08 06:06:19
BE22025451	5	0	제 성격 상 제가 잘못하면 마음이 편하지 않거든요, 그래서 공상을 줄여보려고 많이 알아보고 있었어요. 그런데 그런 것도 모르고 다짜고짜 그렇게 말해버린 상사만 생각하면 너무 화가 나요.	N	2022-10-07 15:13:49	2022-11-08 06:06:19
BE22025451	6	1	네 성격은 내가 잘 알지. 어디서든 열심히 하고 제일 열심히 해야 마음이 편하잖아. 네 그런 성격은 항상 칭찬을 해주고 싶어.	N	2022-10-07 15:13:49	2022-11-08 06:06:19
BE22025451	7	0	요즘 기분이 그냥 좋아서 회사에서 늘 웃고 다녔는데, 이 일이 있고는 웃으려고 해도 웃음이 안 나와요. 사람들이 나한테 자꾸 무슨 일이 있냐고 물어보더라고요. 왜 상사 때문에 제가 기분이 안 좋아야 하는지 모르겠어서 참 화가 나요.	N	2022-10-07 15:13:49	2022-11-08 06:06:19
BE22025451	8	1	무척 화가 나는 일들이 생기면 엄청 오랫동안 날 괴롭힐거라고 생각을 해왔거든. 그런데 조금만 시간이 지나도 다 잊혀지더라고. 너무 노여워하지마, 금방 잊혀질거야.	N	2022-10-07 15:13:49	2022-11-08 06:06:19
BE22025451	9	0	오늘 너무 기분이 안 좋아서 산책도 다녀오고, 점심으로 맛있는 음식도 먹었어요. 그런데도 자꾸 앉기만 하면 상사 생각이 나서 너무 화가 나는 거 있죠. 이럴 땐 어떻게 해야할 지를 모르겠어요.	N	2022-10-07 15:13:49	2022-11-08 06:06:19
BE22025451	10	1	그럴 땐 네 마음이 충분히 강하다고 생각을 해봐. 네 마음을 강해서 화나는 기억들은 결코 널 힘들게 할 수 없다고 생각해보면 어때? 그러면 화가 나는 마음이 잦아들 수 있을거야.	N	2022-10-07 15:13:49	2022-11-08 06:06:19
BE22025451	11	0	그렇게는 생각을 못 해봤어요. 당장 화가 나는 마음에만 집중을 했던 것 같아요. 엄마 말을 듣다 보니까 마음이 한결 나아졌어요.	N	2022-10-07 15:13:49	2022-11-08 06:06:19
BE22025451	12	1	네가 기분이 좋아졌다니 정말 다행이야, 나도 안도의 미소가 절로 나온다. 너무 걱정하지마, 네 마음은 그런 감정으로 흔들리지 않을거야.	N	2022-10-07 15:13:49	2022-11-08 06:06:19
BE22025451	13	0	진작 엄마한테 고민을 말 할 걸 그랬어요. 이 고민 때문에 많이 힘들었거든요. 이제야 마음이 편해요.	N	2022-10-07 15:13:49	2022-11-08 06:06:19
BE22025451	14	1	내가 도움이 됐다니 기뻐. 소중한 우리 아들 고민이라면 언제라도 환영이야. 힘든 일이 있으면 편하게 연락을 주렴.	N	2022-10-07 15:13:49	2022-11-08 06:06:19
BE22025451	15	0	너무 고마워요. 엄마. 다음에는 저희 직접 만나서 얘기를 나눠요.	Y	2022-10-07 15:13:49	2022-11-08 06:06:19
