id	utterance_id	utterance_type	utterance_text	terminate	regDate	updDate
BE22023941	1	0	아빠, 저 최근에 몸이 너무 안 좋아서 회사에 출근을 못했어요. 이런 일은 예상치 못한 터라 너무 화가 나요.	N	2022-10-04 06:02:15	2022-10-04 06:02:15
BE22023941	2	1	무슨 일 있니? 어디가 아픈 거야? 아픈데 몸 걱정보다 화를 내다니 네게 무슨 일이 생긴 게 분명한 모양이구나.	N	2022-10-04 06:02:15	2022-11-08 05:57:22
BE22023941	3	0	얼마 전에 방문한 식당에서 변질된 게장을 먹고 식중독에 걸려버렸어요. 안 그래도 바쁜 시기인데 일정이 다 꼬여버렸죠. 왜 그런 음식을 파는 건지 정말 이해가 안 되어서 너무 화가 치솟아요.	N	2022-10-04 06:02:15	2022-11-08 05:57:22
BE22023941	4	1	네가 충분히 화날만한 일이구나. 기분 좋게 식당에 갔는데 그런 일이 생기면 화가 날 수밖에 없지. 식당에서 청결하고 좋은 품질의 음식을 먹어야 하는 건 소비자의 권리인데 말이다.	N	2022-10-04 06:02:15	2022-11-08 05:57:22
BE22023941	5	0	제 단골집이었는데 갑자기 이런 일이 생기니 배신감까지 들어요. 제가 게장을 먹으러 가자고 권한 바람에 애꿎은 제 아내와 아이까지 아프게 됐지 뭐예요. 사랑하는 가족들에게도 고통을 나눠줬다고 생각하니 그 가게에 대한 화로 속이 부글부글해요.	N	2022-10-04 06:02:15	2022-10-04 06:02:15
BE22023941	6	1	가족이 아픈 것만큼 감정적으로 동요하게 되는 일이 또 없지. 나도 너 어릴 때 비슷한 상황을 겪어봐서 안단다. 힘든 시간을 보냈겠구나, 정말 고생 많았어.	N	2022-10-04 06:02:15	2022-11-08 05:57:22
BE22023941	7	0	요즘 저한테 이런 안 좋은 일이 일어나니 기분이 정말 좋지 않네요. 일이 잘 안 되어 부담이었는데 식중독까지 걸리니까 올해 들어 정말 힘든 시기를 보내고 있어요.	N	2022-10-04 06:02:15	2022-10-04 06:02:15
BE22023941	8	1	네가 이만큼이나 화를 내는 건 처음 본다. 그만큼이나 평소에 가족들의 건강과 일을 꼼꼼히 챙겼고, 책임감이 많다는 뜻이기도 할 거야. 넌 항상 책임감 있는 모습이 멋졌단다.	N	2022-10-04 06:02:15	2022-11-08 05:57:22
BE22023941	9	0	제가 느끼는 분노가 책임감이라고 말하시니 그렇게 느껴지기도 해요. 하지만 이건 책임감 이전에 기본에 대한 문제예요. 기본적인 신선도를 체크하지 않았는지 여전히 이해가 안 되고 화가 나고 거길 데려간 스스로가 한심해요.	N	2022-10-04 06:02:15	2022-10-04 06:02:15
BE22023941	10	1	쉽게 화가 잘 가라앉지 않는 네 심정이 충분히 이해돼. 하지만 가족들에게 맛있는 것을 사주시려고 간 거니 너무 자책하지 마. 지금은 화나고 억울하겠지만, 분명 금방 다들 금방 나을 수 있을 거야.	N	2022-10-04 06:02:15	2022-11-08 05:57:22
BE22023941	11	0	들어보니 아빠 말씀이 맞아요. 좋은 마음으로 갔던 건데 일이 잘 풀리지 않아서 화가 났던 것 같아요. 식당 문제라고만 생각했는데 사실 일과 가족 걱정이 컸던 거였네요.	N	2022-10-04 06:02:15	2022-10-04 06:02:15
BE22023941	12	1	모든 일에 책임감을 강하게 느끼는 너여서 이번 일이 더 크게 다가왔던 모양이다. 충분히 있을 수 있는 일이니 너무 걱정 말고 회복에 힘쓰자. 가족은 물론이고 너또한 말이야.	N	2022-10-04 06:02:15	2022-11-08 05:57:22
BE22023941	13	0	제가 제 감정만 우수수 쏟아낸 것 같네요. 항상 제 마음을 이해해주시고 공감해주셔서 너무 감사할 따름이에요. 감사하다는 말을 지금에서야 드리지만, 너무 감사해요.	N	2022-10-04 06:02:15	2022-10-04 06:02:15
BE22023941	14	1	나랑 이야기한 걸로 네 맘이 풀렸으면 다행이다. 언제든 힘든 일 있으면 연락하렴.	Y	2022-10-04 06:02:15	2022-11-08 05:57:23
