id	utterance_id	utterance_type	utterance_text	terminate	regDate	updDate
BE22000572	1	0	엄마, 우리 가족 여행에서 나는 빠질까 봐요.	N	2022-06-13 05:19:32	2022-11-08 03:27:58
BE22000572	2	1	오래전부터 계획했던 가족 여행인데 그 말 들으니 너무 서운한데.	N	2022-06-13 05:19:32	2022-11-08 03:27:58
BE22000572	3	0	여행 경비로 돈도 좀 부족하고... 돈도 돈이지만 여행 가고 싶은 마음이 싹 달아나서 그래요.	N	2022-06-13 05:19:32	2022-11-08 03:27:58
BE22000572	4	1	가족 여행이라고 아빠와 나는 잔뜩 기대하고 있어. 왜 그런 마음이 들었니?	N	2022-06-13 05:19:32	2022-11-08 03:27:58
BE22000572	5	0	언니가 회비를 계속 연체하고 있어요. 언니의 그런 태도가 짜증 나서 여행을 가더라도 즐겁지 않을 것 같아요.	N	2022-06-13 05:19:32	2022-11-08 03:27:58
BE22000572	6	1	회비를 제때 안 내면 관리하는 네가 힘들고 신경 쓰일 거야. 네가 화날 만도 해.	N	2022-06-13 05:19:32	2022-11-08 03:27:58
BE22000572	7	0	꼭 말을 해야 그때서야 송금을 한다니까요. 돈보다도 중요한 게 사람 감정이라는 걸 언니는 모르나 봐요.	N	2022-06-13 05:19:32	2022-11-08 03:27:58
BE22000572	8	1	너는 동생이고 가족이니까 편하게 생각해서 그렇겠지. 너를 무시하거나 화나게 할 요량은 아니었을 거야.	N	2022-06-13 05:19:32	2022-11-08 03:27:58
BE22000572	9	0	제 날짜에 회비 내는 것도 약속이고 도리잖아요. 언니가 그걸 지키지 않으니까 나를 무시한다는 생각이 들어요.	N	2022-06-13 05:19:32	2022-11-08 03:27:58
BE22000572	10	1	나 같아도 그런 생각을 했을 것 같아. 정말 내 얼굴이 화끈거린다.	N	2022-06-13 05:19:32	2022-11-08 03:27:58
BE22000572	11	0	연체하는 이유도 돈이 없어서가 아니에요. 그냥 무신경한 거죠.	N	2022-06-13 05:19:32	2022-11-08 03:27:58
BE22000572	12	1	네 언니 성격이 꼼꼼하지 못해서 그런 거라고 네가 이해해줘.	N	2022-06-13 05:19:32	2022-11-08 03:27:58
BE22000572	13	0	그러려고 노력은 하지만 매번 이러니까 마음이 상해서 저는 여행에서 빠질까 생각하는 거예요.	N	2022-06-13 05:19:32	2022-11-08 03:27:58
BE22000572	14	1	그럼 통장 관리를 언니한테 맡겨보는 건 어때? 관리하다 보면 네 맘을 조금이나마 알 수 있을 것 같은데.	N	2022-06-13 05:19:32	2022-11-08 03:27:59
BE22000572	15	0	그거 괜찮은 방법이네요! 그럼 소속감도 생기고 책임감도 생겨서 언니 성격상 앞장서서 여행을 추진할 거 같아요.	Y	2022-06-13 05:19:32	2022-11-08 03:27:59
