id	utterance_id	utterance_type	utterance_text	terminate	regDate	updDate
BE22024085	1	0	아빠, 어떤 회사의 재무팀장이 2천억원을 횡령했다가 잡혔대요. 저는 이런 사람들을 보면 너무 화가 나요.	N	2022-10-04 11:29:00	2022-11-08 05:58:13
BE22024085	2	1	자신의 이익을 위해 도둑질하는 사람들을 아빠도 너무 싫어한단다. 화가 나는 너의 마음 충분히 공감해.	N	2022-10-04 11:29:00	2022-10-04 11:29:00
BE22024085	3	0	이 세상에는 왜 이렇게 돈에 환장한 나쁜 사람이 많을까요. 저는 인간들이 제일 싫고, 생각만 해도 분노가 솟아요.	N	2022-10-04 11:29:00	2022-10-04 11:29:00
BE22024085	4	1	그런 생각을 하는 너의 마음을 아빠도 이해해. 이런 사람 한 명 때문에 묵묵히 자기 일을 열심히 하는 사람들까지 피해를 보기도 하잖니. 이 일로 모든 사람을 증오하지는 않았으면 좋겠구나.	N	2022-10-04 11:29:00	2022-11-08 05:58:13
BE22024085	5	0	아빠 말씀처럼 나쁜 짓 하지 않고 열심히 일하는 사람들까지 오해받거나 상처를 입을까 봐 속상하네요.	N	2022-10-04 11:29:00	2022-11-08 05:58:13
BE22024085	6	1	행여나 애꿎은 죄 없는 사람들까지 피해를 볼까 염려하는 너의 마음이 참 착하구나. 너와 같은 사람도 있어서 이 세상은 아직 살만한 거야.	N	2022-10-04 11:29:00	2022-11-08 05:58:13
BE22024085	7	0	저렇게 큰 회사에서도 이런 일이 벌어진다는 게 너무 놀라워요. 우리가 모르는 범죄가 얼마나 자주 발생하고 있는지 생각하면 화가 나고 무섭기도 하네요.	N	2022-10-04 11:29:00	2022-11-08 05:58:13
BE22024085	8	1	그래서 우리가 이런 문제들을 알고, 더 관심을 가져야 한다고 생각한다. 우리 주변에서 더는 비슷한 범죄가 일어나지 않도록 주의 깊게 살펴야 피해를 보는 사람도 없겠지.	N	2022-10-04 11:29:00	2022-11-08 05:58:13
BE22024085	9	0	아빠 말씀을 들으니, 주변에서 벌어지고 있는 많은 일에 더 귀를 기울여야겠다는 생각이 들어요.	N	2022-10-04 11:29:00	2022-10-04 11:29:00
BE22024085	10	1	좋은 일이 아니니 알수록 분노를 느낄 수도 있을 거야. 그래도 그 과정을 통해서 더 좋은 세상을 만들 수 있을 거라고 생각한다.	N	2022-10-04 11:29:00	2022-11-08 05:58:13
BE22024085	11	0	맞아요, 분노만 느끼고 그칠 일이 아니네요. 제가 더 나은 사람이 되기 위해 노력해야겠어요.	N	2022-10-04 11:29:00	2022-10-04 11:29:00
BE22024085	12	1	우리 아들이 정말 멋진 생각을 하는구나! 아빠도 너를 보면서 많은 것을 깨닫게 된다.	N	2022-10-04 11:29:00	2022-11-08 05:58:13
BE22024085	13	0	저도 아빠와 대화하면서 항상 많은 것을 배워요.	N	2022-10-04 11:29:00	2022-10-04 11:29:00
BE22024085	14	1	그렇게 말해주니까 참 기쁘구나.	Y	2022-10-04 11:29:00	2022-11-08 05:58:13
