id	utterance_id	utterance_type	utterance_text	terminate	regDate	updDate
BE22025345	1	0	엄마, 너무 화가 나서 견딜 수가 없어요. 결혼 전에는 분명 그렇지 않았는데, 수면 패턴이 다르다는 걸 이제야 알게 됐어요. 남편이 절 속인 것 같아요.	N	2022-10-07 09:22:39	2022-10-07 09:22:39
BE22025345	2	1	무슨 일이니? 네가 화가 많이 난 것 같아서 걱정되는구나. 엄마한테 자세한 상황을 얘기해 주겠니?	N	2022-10-07 09:22:39	2022-11-08 06:05:41
BE22025345	3	0	신혼여행을 다녀와서 잠을 자려고만 하면 남편이 잠을 안 자는 거예요. 알고 보니 저는 일찍 자고 남편은 12시 넘어서 자는 스타일이었던 거죠. 서로 수면 패턴이 다른데 어떻게 같이 생활할 수 있겠어요, 너무 화가 나요.	N	2022-10-07 09:22:39	2022-10-07 09:22:39
BE22025345	4	1	살면서 다른 부분은 있겠지만, 수면 시간이라는 중요한 부분을 숨긴 것처럼 느껴져서 얼마나 화가 났을까. 그렇지만 나쁜 마음을 먹고 일부러 속이려고 했던 건 아닐 거야.	N	2022-10-07 09:22:39	2022-11-08 06:05:41
BE22025345	5	0	그렇지만, 이런 부분이 결혼하기 전에 얘기했어야 하는 부분 아닌가요? 어떻게 저를 감쪽같이 속일 수 있는 건지 모르겠어요. 또 어떤 것을 속였을지 신뢰감이 바닥이 되었다고요!	N	2022-10-07 09:22:39	2022-10-07 09:22:39
BE22025345	6	1	원래 신뢰가 쌓이고 깨지는 것은 작은 문제 때문이지. 우리 딸이 그렇게 화가 난 것도 충분히 이해가 된단다. 그렇지만 너희가 정말 사랑하잖니, 대화를 해보면 어떨까?	N	2022-10-07 09:22:39	2022-11-08 06:05:41
BE22025345	7	0	그렇지 않아도 대화를 하자고 하는데, 싫다고 했어요. 자꾸 화가 사그라들지 않아서요. 잠을 제대로 자지 못해서 더 예민해졌어요.	N	2022-10-07 09:22:39	2022-10-07 09:22:39
BE22025345	8	1	원래 일찍 자던 네가 늦은 시간까지 잠을 잘 수 없으니 많이 피곤하겠구나. 그렇지만, 결혼 생활을 하면서 모르던 부분을 발견하는 경우가 많을 거야. 그때마다 싸울 수 없으니 현명하게 잘 이겨내는 방법을 찾으면 더 좋을 것 같아.	N	2022-10-07 09:22:39	2022-11-08 06:05:41
BE22025345	9	0	저희가 이 문제를 잘 해결해 나갈 수 있을까요? 전 자신이 없어요.	N	2022-10-07 09:22:39	2022-10-07 09:22:39
BE22025345	10	1	당연히 잘 할 거라고 생각해. 우리 딸은 다른 사람의 말을 잘 경청해 주고, 대화를 잘 이끌어가니까. 엄마는 우리 딸을 믿어!	N	2022-10-07 09:22:39	2022-11-08 06:05:41
BE22025345	11	0	믿어주셔서 감사해요 엄마. 사실 바로 대화를 했으면 좋았을 텐데, 제가 조금 고집을 부린 것 같아요. 엄마 말씀이 맞는 것 같아요.	N	2022-10-07 09:22:39	2022-10-07 09:22:39
BE22025345	12	1	엄마였어도 화가 나면 회피하고 싶었을 것 같은걸. 우리 딸은 정말 이해심도 가득하고 멋진 사람인 것 같아.	N	2022-10-07 09:22:39	2022-11-08 06:05:41
BE22025345	13	0	남편도 제가 계속 말을 들어주지 않아서 화가 나지 않았을까요? 대화를 시도해도 되겠죠?	N	2022-10-07 09:22:39	2022-10-07 09:22:39
BE22025345	14	1	그럼 내가 봐온 너희 모습은 분명히 둘 다 잘 해결하고 싶어 할 거야. 걱정하지 말고 차분히 대화해 보렴.	Y	2022-10-07 09:22:39	2022-11-08 06:05:41
