id	utterance_id	utterance_type	utterance_text	terminate	regDate	updDate
BE22026217	1	0	엄마, 건강하게 잘 지내시죠? 저는 오늘 대학시절 단짝친구를 만났는데, 괜히 짜증이 나고 화가 나요.	N	2022-10-09 19:38:46	2022-10-09 19:38:46
BE22026217	2	1	대학 때 집에도 자주 놀러 왔던 그 친구 말이구나. 그런데 우리 딸 기분이 좋지 않구나. 혹시 말다툼이라도 해서 그런 거야?	N	2022-10-09 19:38:46	2022-11-08 06:10:53
BE22026217	3	0	그런 건 아니지만, 그 친구는 약속 때마다 항상 늦으면서 별다른 사과도 하지 않아요. 지금껏 잘 참았는데, 오늘은 저도 모르게 분노가 치밀었어요.	N	2022-10-09 19:38:46	2022-10-09 19:38:46
BE22026217	4	1	우리 딸이 쉽게 화를 내는 성격이 아니라는 건 엄마가 누구보다 잘 알아. 하지만 기본적인 시간 약속을 지키지 않는 사람들을 보면, 엄마도 분통이 터져.	N	2022-10-09 19:38:46	2022-10-09 19:38:46
BE22026217	5	0	한두 번도 아니고, 만날 때마다 늘 그런 모습을 보면 화가 나요. 게다가 사과하기는커녕 늘 대수롭지 않은 모습을 보면 억울한 마음마저 들어요.	N	2022-10-09 19:38:46	2022-11-08 06:10:53
BE22026217	6	1	아무리 친한 친구여도 기본적인 매너를 지키는 것도 중요하다고 생각해. 우리 딸 입장에서 보면 화가 나는 게 당연해.	N	2022-10-09 19:38:46	2022-11-08 06:10:53
BE22026217	7	0	평소에는 10분 정도 늦는데, 오늘은 거의 30분 동안 혼자 우두커니 기다리니 정말 분노가 밀려왔어요. 대놓고 뭐라고 할 수도 없어서 속이 답답해요.	N	2022-10-09 19:38:46	2022-10-09 19:38:46
BE22026217	8	1	엄마도 이야기 듣다 보니 점점 더 속이 상하네. 화난 우리 딸 마음을 엄마가 어떻게 위로해 줘야 할지 모르겠구나.	N	2022-10-09 19:38:46	2022-11-08 06:10:54
BE22026217	9	0	이제는 그 친구를 만나지 않을 생각까지 하게 돼요. 조금만 더 신경 쓰면 될 텐데, 늘 아무렇지 않게 지나가는 친구가 실망스럽기도 하고요. 이제 어떻게 해야 할지 모르겠어요.	N	2022-10-09 19:38:46	2022-10-09 19:38:46
BE22026217	10	1	그래도 그 친구는 장점도 많고, 너희 두 사람은 오랫동안 정말 좋은 친구로 지낸 사이잖아. 우리 딸이 속상한 건 알지만, 그래도 엄마는 두 사람의 우정을 응원하고 싶어. 우리 딸은 너그러운 마음으로 다른 사람들을 포용하는 따뜻한 마음을 가졌으니까.	N	2022-10-09 19:38:46	2022-11-08 06:10:54
BE22026217	11	0	그렇게 말씀해 주시니 제가 할 말이 없네요, 엄마. 괜한 일로 화를 낸 제가 오히려 쑥스러워지네요.	N	2022-10-09 19:38:46	2022-10-09 19:38:46
BE22026217	12	1	우리 딸이 금방 여유로운 웃음을 찾은 것 같아서 다행이야. 엄마는 네가 사람들을 만날 때 늘 현명하게 잘 대처할 거라고 믿어.	N	2022-10-09 19:38:46	2022-11-08 06:10:54
BE22026217	13	0	엄마, 부족한 딸을 늘 칭찬해 주시고 격려해 주셔서 정말 감사해요. 늘 엄마 말씀 마음에 기억하고 있을게요.	N	2022-10-09 19:38:46	2022-10-09 19:38:46
BE22026217	14	1	그래, 오늘도 수고 많았을 테니 편안한 마음으로 푹 쉬거라. 다음에 그 친구 만날 때도 느긋한 마음 가지고.	N	2022-10-09 19:38:46	2022-11-08 06:10:54
BE22026217	15	0	네, 현명하신 엄마를 보고 정말 많은 걸 배우는 것 같아요. 저도 더 나은 사람이 되도록 노력할게요. 그럼 안녕히 주무세요.	Y	2022-10-09 19:38:46	2022-10-09 19:38:46
