id	utterance_id	utterance_type	utterance_text	terminate	regDate	updDate
BE22025443	1	0	엄마. 저 이발하러 미용실 가는 중인데 정말 화가 나 죽겠어요. 미용실을 너무 자주가는 것 같아요.	N	2022-10-07 14:35:43	2022-10-07 14:35:43
BE22025443	2	1	미용실에서 무슨 일이 있었니? 왜 이렇게 화가 나있는 거야.	N	2022-10-07 14:35:43	2022-11-08 06:06:16
BE22025443	3	0	저는 왜 이렇게 머리카락과 손톱, 발톱이 빨리 자라는 걸까요? 미용실에 다녀온 지 얼마 되지도 않았는데 머리카락이 금방 자라니 정말 화가 나요.	N	2022-10-07 14:35:43	2022-11-08 06:06:16
BE22025443	4	1	엄마도 네 나이 때는 머리카락이 너무 빨리 자라서 자주 잘랐던 기억이 난다. 지금의 너처럼 화가 나기도 하고 귀찮기도 해서 네 심정이 충분히 공감되는구나.	N	2022-10-07 14:35:43	2022-11-08 06:06:16
BE22025443	5	0	자라야 하는 키는 잘 안 자라는데 쓸모없는 곳들만 빨리 자라는 기분이예요. 어차피 다시 잘라내야 하는데 왜 이렇게 빨리 자라는 건지 이해도 안 되고 화가 나요.	N	2022-10-07 14:35:43	2022-11-08 06:06:16
BE22025443	6	1	엄마는 이발을 한 네 모습이 너무 멋지던데? 너는 두상이 예뻐서 머리카락을 짧게 잘라도 잘 어울리잖아. 귀찮고 화나더라도 깔끔하고 멋진 모습을 유지한다고 생각하고 마음을 다스려 봐.	N	2022-10-07 14:35:43	2022-11-08 06:06:16
BE22025443	7	0	손톱이랑 발톱은 또 왜 이렇게 빨리 길어지는 건지. 잊을만하면 손톱, 발톱이 길어져 있어서 이제는 볼 때마다 화가 나더라고요.	N	2022-10-07 14:35:43	2022-11-08 06:06:16
BE22025443	8	1	네가 그만큼 잘 성장하고 있다고 생각하고 너무 화내지마. 엄마는 너의 이런 모습이 대견하고 예쁘기만 하구나. 언제 이렇게 다 컸는지 볼 때마다 놀랍고 뿌듯한 마음이야.	N	2022-10-07 14:35:43	2022-11-08 06:06:16
BE22025443	9	0	그렇지만 제가 원하지 않는 곳만 성장하고 있잖아요. 저는 키도 크고 싶고 어깨도 넓어지고 싶은데 그렇지 못한 모습을 보면 정말 화가 난다고요.	N	2022-10-07 14:35:43	2022-11-08 06:06:16
BE22025443	10	1	사람마다 성장 속도는 차이가 있기 마련이야. 네 머리카락과 손톱, 발톱이 성장하듯 곧 다른 부분들도 성장하겠지. 그러니 네 성장에 대해 화를 내기보다 기대하는 마음을 가져보면 어떻겠니?	N	2022-10-07 14:35:43	2022-11-08 06:06:16
BE22025443	11	0	엄마 말씀처럼 제 다른 신체 부위도 곧 성장하는 날이 올 거라고 생각하니 설레는 것 같아요. 이젠 머리카락이 빨리 자란다고 해서 분노하기보다 기대하게 될 것 같아요.	N	2022-10-07 14:35:43	2022-11-08 06:06:16
BE22025443	12	1	그래. 엄마도 네가 얼마나 멋지게 성장할지 벌써 기대가 된다. 지금처럼 건강하게 자란다면 아마 누구보다 멋진 모습이 될 거라 믿어.	N	2022-10-07 14:35:43	2022-11-08 06:06:16
BE22025443	13	0	엄마 덕분에 화가 났던 마음이 모두 풀린 것 같아요. 그리고 더 빠르고 건강한 성장을 위해서 운동도 열심히 해야겠어요.	N	2022-10-07 14:35:43	2022-11-08 06:06:16
BE22025443	14	1	잘 생각했어. 지금의 다짐처럼 열심히 운동한다면 네가 원하는 모습으로 성장할 수 있을 거야. 엄마가 곁에서 균형 잡힌 영양을 섭취를 할 수 있도록 도와줄게.	N	2022-10-07 14:35:43	2022-11-08 06:06:16
BE22025443	15	0	정말 감사해요. 엄마. 엄마가 있어 제가 건강하게 클 수 있다는 것을 다시 한번 느끼게 되었어요.	Y	2022-10-07 14:35:43	2022-11-08 06:06:16
