id	utterance_id	utterance_type	utterance_text	terminate	regDate	updDate
BE22022507	1	0	엄마, 저 약속을 지키지 않는 남편 때문에 너무 화가 나요.	N	2022-09-29 01:44:43	2022-09-29 01:44:43
BE22022507	2	1	왜 그러니? 사위하고 무슨 일이 있었던 거니?	N	2022-09-29 01:44:43	2022-09-29 01:44:43
BE22022507	3	0	아까 집 안 청소를 하다가 웬 담배 세 보루를 발견했어요. 남편한테 물어보니, 수제 담배 맛이 궁금해서 세 보루를 구매했다는 거예요. 엄마도 아시다시피, 이 사람 금연 중이잖아요.	N	2022-09-29 01:44:43	2022-11-08 05:48:54
BE22022507	4	1	금연하기로 약속한 사람이 그것을 어기고 담배를 샀으니, 실망하고 화가 나는 것이 당연해. 엄마였어도 너무 화가 날 것 같구나.	N	2022-09-29 01:44:43	2022-11-08 05:48:54
BE22022507	5	0	새로운 담배 맛이 궁금해서 샀다는 게 너무 어이가 없어서 분노가 솟구쳐요. 그 호기심이 저와의 약속보다 더 중요한 사람인가 봐요.	N	2022-09-29 01:44:43	2022-09-29 01:44:43
BE22022507	6	1	금연이라는 게 맘처럼 되지 않아서 이번에는 실수한 게 아닐까. 사랑하는 사람과의 약속이 더 소중한 것은 없을 테니, 너무 상심하지 않길 바란다.	N	2022-09-29 01:44:43	2022-11-08 05:48:54
BE22022507	7	0	담배를 쉽게 끊을 수 없다는 건 이해해요. 하지만 저를 속이고 몰래 담배를 피우려고 했다는 사실에 화가 나는 건 어쩔 수가 없어요.	N	2022-09-29 01:44:43	2022-11-08 05:48:54
BE22022507	8	1	담배를 피운다는 사실을 네가 알면 기분이 상할까 봐 걱정되었을 거야. 그보다 거짓말을 하는 편이 낫다고 생각을 했을 거야. 작정하고 너를 속이려는 의도는 아니었을 테니 너무 속상해하지 말렴.	N	2022-09-29 01:44:43	2022-11-08 05:48:54
BE22022507	9	0	엄마 말씀처럼 무엇이 저를 더 화가 나고 기분을 나쁘게 만드는지 잘 모르는 것 같아요. 금연이 힘들다는 것을 저도 알기 때문에, 힘들면 언제든 도와줄 마음이 있어요.	N	2022-09-29 01:44:43	2022-09-29 01:44:43
BE22022507	10	1	너의 마음을 사위도 안다면 힘들 때 솔직하게 말하고 기댈 수 있겠구나. 신뢰만큼 중요한 게 없으니, 솔직한 심정을 전달해보는 것이 어떨까. 서로의 진심을 알게 되면 너의 기분도 한결 나아질 거란다.	N	2022-09-29 01:44:43	2022-11-08 05:48:54
BE22022507	11	0	네, 그게 좋겠어요. 저 혼자 생각해 봤자 계속 화만 커질 뿐이에요. 이 문제를 어떻게 풀어나가야 할지 고민이었는데, 엄마 말씀이 많은 도움이 되었어요.	N	2022-09-29 01:44:43	2022-11-08 05:48:54
BE22022507	12	1	도움이 되었다니 엄마도 기쁘구나. 앞으로도 힘든 일이 있거나 답답할 때 혼자 끙끙 앓지 말고 엄마에게 꼭 말해다오.	N	2022-09-29 01:44:43	2022-11-08 05:48:54
BE22022507	13	0	항상 감사해요. 엄마. 남편하고 화해하고 다음 주에 집에 갈게요.	N	2022-09-29 01:44:43	2022-11-08 05:48:54
BE22022507	14	1	언제든 기쁘게 환영해 줄게. 대화 잘 나누길 바란다.	Y	2022-09-29 01:44:43	2022-11-08 05:48:54
