id	utterance_id	utterance_type	utterance_text	terminate	regDate	updDate
BE22015929	1	0	아빠, 기숙사 룸메이트 때문에 너무 화가 나요. 얘랑 더 이상 살 수가 없을 것 같아요.	N	2022-08-26 12:01:06	2022-08-26 12:01:06
BE22015929	2	1	무슨 일이길래 그래?	N	2022-08-26 12:01:06	2022-08-26 12:01:06
BE22015929	3	0	제 양말이랑 속옷을 같이 빨아버렸어요. 제가 나중에 손세탁하려고 따로 바구니에 담아두었는데 그걸 홀랑 세탁기에 다 넣어버린 거예요. 그것 때문에 속옷이 상해서 너무 화가 나요.	N	2022-08-26 12:01:06	2022-11-08 05:06:08
BE22015929	4	1	정말 열받을 수밖에 없는 일이구나. 나였어도 너처럼 화가 잔뜩 났을 것 같아. 마음대로 그렇게 하면 누구라도 다 그런 감정을 느낄 수밖에 없지.	N	2022-08-26 12:01:06	2022-11-08 05:06:08
BE22015929	5	0	룸메이트가 미안하다고 사과하는데 속옷은 새로 사야 할 판이라서 분노가 잠재워지지 않아요. 아무리 곱씹어 봐도 화가 나네요.	N	2022-08-26 12:01:06	2022-08-26 12:01:06
BE22015929	6	1	아무래도 그럴 수밖에 없지. 마른하늘에 날벼락 맞은 수준으로 그렇게 된 거잖아. 다른 사람 때문에 피해를 받으면 마음을 쉽게 진정시킬 수 없지.	N	2022-08-26 12:01:06	2022-11-08 05:06:08
BE22015929	7	0	왜 그렇게 멋대로 남의 것을 빨아버렸는지 모르겠네요. 아무것도 안 하는 게 저를 도와주는 일이란 걸 모르나 봐요.	N	2022-08-26 12:01:06	2022-08-26 12:01:06
BE22015929	8	1	그 친구가 나쁜 뜻으로 하지 않았을 테니 조금은 헤아려주자. 아마 다음에는 너에게 피해가 안 가도록 조심할 테니까 말이야! 나쁜 감정은 너를 갉아먹을 뿐 도움이 되지 않으니 툴툴 털어버리자.	N	2022-08-26 12:01:06	2022-11-08 05:06:08
BE22015929	9	0	하지만 쉽사리 진정되지 않아요. 화가 날 때 어떻게 해야 이 분노를 잠재울 수 있을까요?	N	2022-08-26 12:01:06	2022-11-08 05:06:08
BE22015929	10	1	본인 정신 건강을 생각해서라도 억지로 나쁜 감정에 벗어나 보려고 노력하자. 짜증이 가라앉을 때까지 심호흡하거나 노래를 들으면 도움이 될 거야. 화가 날 땐 스스로 진정시킬 수 있는 시간을 주면 생각도 감정을 조절할 수 있거든.	N	2022-08-26 12:01:06	2022-11-08 05:06:08
BE22015929	11	0	아빠 말대로 하니까 이제야 화가 가시네요. 덕분에 큰 도움이 됐어요. 아무래도 제가 너무 감정적이었던 것 같아요.	N	2022-08-26 12:01:06	2022-08-26 12:01:06
BE22015929	12	1	지금이라도 진정이 됐으니 다행이야. 그 친구도 아마 뭘 잘 모르고 했을 테니까 너무 몰아세우지 말자. 다들 실수하면서 배워간다고 하잖아.	N	2022-08-26 12:01:06	2022-11-08 05:06:08
BE22015929	13	0	네, 제가 너무 별것 아닌 일에 화를 냈던 것 같네요. 다음에는 그런 비슷한 일이 생겨도 마음 넓게 넘어갈게요.	N	2022-08-26 12:01:06	2022-11-08 05:06:08
BE22015929	14	1	응, 금방 그렇게 수용하고 받아들이는 걸 보니까 참 멋지다는 생각이 드네. 우리 아들, 이해심도 넓어진 것 같아서 내가 다 뿌듯하다.	N	2022-08-26 12:01:06	2022-11-08 05:06:08
BE22015929	15	0	이게 다 아빠 덕분이죠. 안 그래도 기분 안 좋았는데 달래줘서 고마워요!	Y	2022-08-26 12:01:06	2022-08-26 12:01:06
