id	utterance_id	utterance_type	utterance_text	terminate	regDate	updDate
BE22022659	1	0	아버지, 형이 분담해서 맡은 일을 제대로 하지 않아서 기분이 좋지 않아요. 형이 생수 담당인데 냉장고에 물이 하나도 없어요. 마실 물이 없으니 화가 머리끝까지 나네요.	N	2022-09-29 07:40:50	2022-11-08 05:49:48
BE22022659	2	1	냉장고를 열어보고 얼마나 화가 났을지 짐작이 되는구나. 아버지도 배고플 때 밥통에 밥이 없으면 굉장히 실망스럽고 분노하거든.	N	2022-09-29 07:40:50	2022-11-08 05:49:48
BE22022659	3	0	엄청 목마른 걸 참고 슈퍼까지 제가 다녀왔어요. 냉장고에 물을 제가 대신 채우는 게 벌써 몇 번째인 줄 모르겠네요. 언제까지 제가 형 일을 대신해줘야 하는 건지 생각할수록 언짢아져요.	N	2022-09-29 07:40:50	2022-11-08 05:49:48
BE22022659	4	1	너가 형 대신 슈퍼에 다녀오느라 고생이 많았구나. 가족들을 위해 생수를 사다줘서 기특하다. 화가 날 때라도 너만 생각하지 않고 다른 사람들까지 배려하는 네 행동이 참 듬직하게 느껴진단다.	N	2022-09-29 07:40:50	2022-11-08 05:49:48
BE22022659	5	0	우리 가족이 마실 거니까 당연한걸요. 아무튼 형이 일을 똑바로 해서 피해를 안 줬으면 좋겠어요. 책임감이 없는 모습은 절 화나게 해요.	N	2022-09-29 07:40:50	2022-11-08 05:49:48
BE22022659	6	1	내 생각에도 형이 맡은 일을 끝까지 책임지는 모습이 필요해 보이는구나. 다른 사람을 난처하게 만들 수 있다는 것을 알아차려야 할거야. 하지만 고의로 너에게 피해주려고 한 행동은 아니었으니 기분 풀어.	N	2022-09-29 07:40:50	2022-11-08 05:49:48
BE22022659	7	0	저도 기분 풀고 싶은데 제가 얼마나 억울한지 들어보세요. 형은 어제도 축구 진 걸로 제가 도움이 안 되는 인간이라서 그렇다고 했어요. 그런데 정작 가족한테 도움이 안 된 건 본인이라는 걸 모르고 있어요!	N	2022-09-29 07:40:50	2022-11-08 05:49:48
BE22022659	8	1	형이 네 탓도 아닌 일로 그런 심한 말을 했으니 너가 상처를 받았구나. 그동안 형한테 쌓인 감정이 많았을 것 같네. 도움이 안되는 인간이라니 동생에게 해서는 안될 말인데.	N	2022-09-29 07:40:50	2022-11-08 05:49:48
BE22022659	9	0	형은 매번 저를 무시하는 것 같아서 화가 나요. 제가 얘기하는 건 귀담아듣지도 않고 막말만 해서 서러울 때가 많아요. 저도 형한테 똑같이 욕하고 싶어요.	N	2022-09-29 07:40:50	2022-11-08 05:49:48
BE22022659	10	1	네가 화나고 서운한 마음 충분히 이해 해. 아빠도 어릴 때 형제들이랑 많이 싸워서 형한테 당하는 억울함을 누구보다도 잘 알아. 그렇지만 나쁜 생각을 하면 네 마음도 덩달아 아파지기 마련이니 조금 더 차분히 마음먹어보면 어떨까?	N	2022-09-29 07:40:50	2022-11-08 05:49:48
BE22022659	11	0	화가 나서 잠깐 그런 마음이 들었던 거예요. 제 생각에도 아버지 말씀이 맞아요. 저도 덩달아 형을 욕하면 똑같이 나쁜 말 하는 사람이 되니까 조심할게요.	N	2022-09-29 07:40:50	2022-11-08 05:49:48
BE22022659	12	1	그렇게 말하는 걸 보니 이해심이 넓은 것 같아서 기특하다. 가족을 배려하는 마음도 있고 생각이 깊은 널 보니 아버지 기분이 흐뭇해졌어.	N	2022-09-29 07:40:50	2022-11-08 05:49:48
BE22022659	13	0	그렇게 칭찬해 주시니 아까 화를 쏟아낸 게 조금 창피해지네요. 아버지가 말씀하셨던 것처럼 형이 고의로 안 사둔 게 아닐 수도 있는데 제가 무턱대고 화를 냈어요.	N	2022-09-29 07:40:50	2022-11-08 05:49:48
BE22022659	14	1	화가 날때는 솔직히 화를 인정하고 현명하게 풀어내는 게 중요하단다. 아버지에게 털어놓은 건 정말 잘한 일이야. 다음에도 그렇게 하렴.	Y	2022-09-29 07:40:50	2022-11-08 05:49:49
