id	utterance_id	utterance_type	utterance_text	terminate	regDate	updDate
BE22021494	1	0	아들아, 내가 오늘 아주 화가 나는 일을 겪었다. 너한테라도 털어놓지 않으면 안되겠더구나.	N	2022-09-26 03:10:09	2022-09-26 03:10:09
BE22021494	2	1	아버지, 도대체 무슨 일이길래 그러세요? 저한테 얘기하고 털어버리세요.	N	2022-09-26 03:10:09	2022-09-26 03:10:09
BE22021494	3	0	내가 매일 요 앞 바닷가에 산책을 나가잖니? 20년째 다니는 길인데, 어느 날부턴가 파도에 밀려온 쓰레기로 점점 쓰레기장이 되어가더구나. 그걸 보니 어찌나 화가 나던지.	N	2022-09-26 03:10:09	2022-11-08 05:42:55
BE22021494	4	1	저도 아버지 따라 그 길에 자주 갔었는데. 그 아름다운 곳을 뒤덮은 쓰레기를 보면 저라도 화가 났을 것 같아요.	N	2022-09-26 03:10:09	2022-09-26 03:10:09
BE22021494	5	0	나를 더 화가 나게 하는 건, 사람들이 그걸 보고도 그냥 지나친다는 거야. 나 혼자 틈나는 대로 쓰레기를 줍는데, 혼자 힘으로 해봐야 무슨 소용이니?	N	2022-09-26 03:10:09	2022-11-08 05:42:55
BE22021494	6	1	아마 사람들이 저마다 제 갈 길이 바빠, 보고도 무심하게 지나치는 거겠지요. 혼자서라도 환경 보호에 앞장서시는 아버지 모습이 참 멋있어요.	N	2022-09-26 03:10:09	2022-11-08 05:42:55
BE22021494	7	0	멋있기는, 당연한 일 아니겠느냐? 이 자연을 우리 후손이 물려받게 될 테니 말이다. 다들 자연을 보호할 생각은 하지도 않는 게 화가 날 뿐이다.	N	2022-09-26 03:10:09	2022-09-26 03:10:09
BE22021494	8	1	아버지처럼 생각하는 사람이 참 드물죠. 자연을 개발해서 이득을 얻기에 급급하니까요. 훼손된 자연을 보면, 저도 마음 아플 때가 많더라고요.	N	2022-09-26 03:10:09	2022-11-08 05:42:55
BE22021494	9	0	솔직히 한 개인이 해 봐야 얼마나 큰일을 할 수 있겠니? 여럿이서 함께 해야 하는데, 그렇게 하지 못하는 상황에 화만 나는구나.	N	2022-09-26 03:10:09	2022-11-08 05:42:55
BE22021494	10	1	화난 마음 이만 가라앉히세요. 어딘가엔 분명히 아버지와 같은 뜻을 가진 분들이 있을 거예요.	N	2022-09-26 03:10:09	2022-09-26 03:10:09
BE22021494	11	0	일단 내 주변 친구들은 나와 같은 생각이 없는 것 같더구나. 다들 괜한 오지랖이라고 말해서 더 화가 났었단다.	N	2022-09-26 03:10:09	2022-09-26 03:10:09
BE22021494	12	1	오지랖이라는 표현은 너무 심한걸요? 친구분들의 말에 많이 상처받으셨겠어요.	N	2022-09-26 03:10:09	2022-09-26 03:10:09
BE22021494	13	0	그들 말대로 내가 괜히 오지랖을 부리는 걸까? 쓰레기가 있든 말든, 다들 그냥 보고 지나치는데 말이야.	N	2022-09-26 03:10:09	2022-09-26 03:10:09
BE22021494	14	1	절대 그런 생각 하지 마세요. 아버지가 하시는 일은 분명 옳은 일이고, 같은 뜻을 가진 사람들도 있을 거예요. 저도 함께 마음을 보탤 테니, 화를 푸셨으면 좋겠어요.	N	2022-09-26 03:10:09	2022-11-08 05:42:56
BE22021494	15	0	그래, 우리 아들이 이렇게 아버지의 뜻을 지지해주니 화가 씻은 듯이 풀리는구나. 네 말대로 마음을 같이 할 다른 사람들을 찾아보자꾸나.	Y	2022-09-26 03:10:09	2022-09-26 03:10:09
