id	utterance_id	utterance_type	utterance_text	terminate	regDate	updDate
BE22024111	1	0	엄마 직장에서 해고되고 대리운전 일을 하고 있어요. 그런데 술 취해서 함부로 대하는 사람이 너무 많아요. 화가 나요.	N	2022-10-04 13:06:56	2022-10-04 13:06:56
BE22024111	2	1	네가 마음 고생을 할까 봐 걱정이구나. 괜찮은 거니?	N	2022-10-04 13:06:56	2022-11-08 05:58:22
BE22024111	3	0	집에서 노느니 이 일이라도 할 수 있어서 다행이라 생각했어요. 하지만 술 취해서 저에게 욕을 하는 사람들이 다반사예요. 취했으니 말도 안 통하고 분노가 치밀어요.	N	2022-10-04 13:06:56	2022-10-04 13:06:56
BE22024111	4	1	매번 그런 사람을 만나면 너도 사람인데 당연히 화가 나고 기분이 상하지. 너의 멘탈이 괜찮을지 너무 걱정이 되는구나. 힘든 일이 있으면 언제든 엄마한테 말하고 기대렴.	N	2022-10-04 13:06:56	2022-11-08 05:58:22
BE22024111	5	0	이 일을 하고 나면 허탈한 기분이 들어요. 돈 벌려고 하는 거지만 저를 함부로 대하는 사람들을 매일같이 만나는 건 쉽지 않아요. 울분이 차서 혼자 화를 내며 집에 돌아오는 날도 많아요.	N	2022-10-04 13:06:56	2022-10-04 13:06:56
BE22024111	6	1	네 얘기를 듣고 있으니 너무 마음이 아프구나. 너는 나에게는 매우 소중한 아들이란 걸 잊지 말렴. 항상 힘들어도 엄마를 생각하며 자신이 소중한 사람이란 걸 기억했으면 좋겠어.	N	2022-10-04 13:06:56	2022-11-08 05:58:22
BE22024111	7	0	얼마 전에는 돈을 안 내고 가는 손님이 있어서 한참 동안 실갱이를 했어요. 경찰이 오고 나서야 진정이 되었는데 제가 잘못한 것도 없어요. 매번 이렇게 제가 감정 소모를 하니 힘들고 화가 나요.	N	2022-10-04 13:06:56	2022-10-04 13:06:56
BE22024111	8	1	그럴수록 이런 힘든 순간을 이겨낸다면 밝은 미래가 온다는 마음으로 꿋꿋한 마음을 먹어야 해. 상황이 안 좋다고 나쁜 생각만 하면 더 안 좋은 쪽으로 흘러가. 항상 네가 버티는 만큼 좋은 일이 온다 생각하고 하루를 보내면 좀 마음이 편안해질 거야.	N	2022-10-04 13:06:56	2022-11-08 05:58:22
BE22024111	9	0	엄마의 조언이 역시 최고예요. 엄마한테 이렇게 털어놓으니 그동안 마음에 쌓였던 울분이 가셨어요.	N	2022-10-04 13:06:56	2022-10-04 13:06:56
BE22024111	10	1	다행이구나. 우리 아들이 고생을 덜 했으면 좋겠지만 그게 아니라면 잘 이겨냈으면 좋겠구나. 좋은 날은 분명 온단다.	N	2022-10-04 13:06:56	2022-11-08 05:58:22
BE22024111	11	0	엄마의 말이 정말 힘이 돼요. 그동안 축 처져서 아무런 의욕도 없었느데. 엄마랑 얘기하고 나니 무엇이든 열심히 해야겠다는 생각이 들어요.	N	2022-10-04 13:06:56	2022-10-04 13:06:56
BE22024111	12	1	항상 엄마가 지켜보고 응원하고 있다는 걸 잊지 말렴. 네가 잘 풀리도록 늘 기도하고 잔단다.	N	2022-10-04 13:06:56	2022-11-08 05:58:22
BE22024111	13	0	엄마의 아들인 건 정말 행운이에요. 비록 지금은 상황이 안 좋지만 잘 풀리도록 노력할게요.	N	2022-10-04 13:06:56	2022-10-04 13:06:56
BE22024111	14	1	노력하면 네가 원하는 게 반드시 될 거야. 늘 나쁠 거란 보장은 없으니 좋은 생각만 하자.	N	2022-10-04 13:06:56	2022-11-08 05:58:22
BE22024111	15	0	그렇게 할게요. 오늘도 일을 나가는데 잘 마치고 올게요. 주말에 집에 갈게요.	Y	2022-10-04 13:06:56	2022-10-04 13:06:56
