id	utterance_id	utterance_type	utterance_text	terminate	regDate	updDate
BE22002251	1	0	참나, 어쩜 사람이 그렇게 양심이 없지?	N	2022-06-20 14:53:11	2022-11-08 03:39:00
BE22002251	2	1	예? 엄마 무슨 일 있으셨어요?	N	2022-06-20 14:53:11	2022-11-08 03:39:00
BE22002251	3	0	아니, 오늘 길을 지나가다 개에 물렸거든. 다행히 크게 다치진 않았는데 개 주인이 도리어 나한테 화를 내더라고.	N	2022-06-20 14:53:11	2022-11-08 03:39:00
BE22002251	4	1	아니 그게 대체 무슨 소리예요? 왜 그 사람이 화를 내는 거예요? 사과를 해도 모자랄 판에.	N	2022-06-20 14:53:11	2022-11-08 03:39:00
BE22002251	5	0	내 말이 그 말이야. 나는 그냥 평범히 걷고 있었는데 내가 개를 먼저 도발해서 그렇게 됐다면서 내 탓이라네.	N	2022-06-20 14:53:11	2022-11-08 03:39:00
BE22002251	6	1	허, 우리 엄마 진짜 어이없고 화나셨겠다. 잘 마무리는 된 거예요? 그런 황당한 소리를 듣고 넘어가기 쉽지 않으셨을 텐데….	N	2022-06-20 14:53:11	2022-11-08 03:39:00
BE22002251	7	0	도저히 말이 안 통하는 사람이더라. 많이 다친 것도 아니어서 그냥 무시하고 왔어.	N	2022-06-20 14:53:11	2022-11-08 03:39:00
BE22002251	8	1	그냥 보냈다고요? 경찰에 신고하고 사과라도 받는 게 좋지 않았을까요?	N	2022-06-20 14:53:11	2022-11-08 03:39:00
BE22002251	9	0	생각 같아선 당장 신고하고 피해 보상금도 내놓으라고 하고 싶었는데... 괜히 일이 커지고 그 사람이랑 더 엮이게 될 것 같아서 그냥 넘어간 거야. 똥은 피하는 게 상책이다 싶어서.	N	2022-06-20 14:53:11	2022-11-08 03:39:00
BE22002251	10	1	하하, 그건 그렇죠. 근데 그러면 엄마의 노여움이 풀리지 않을 텐데 괜찮으세요? 만약 제가 그런 상황이라면 며칠간은 억울해서 밥도 안 넘어갈 것 같아요.	N	2022-06-20 14:53:11	2022-11-08 03:39:00
BE22002251	11	0	솔직히 지금 속에서 부글부글 끓고 있는데 간신히 참는 중이야. 어휴, 어쩌다 그런 사람이 꼬였는지.	N	2022-06-20 14:53:11	2022-11-08 03:39:00
BE22002251	12	1	정말 세상엔 별 이상한 사람이 많아요. 엄마 기분 좀 나아지게 이따가 엄마가 좋아하는 광어회 사 들고 찾아뵙겠습니다.	N	2022-06-20 14:53:11	2022-11-08 03:39:00
BE22002251	13	0	그럴래? 맛있는 거 먹으면 기분이 좀 나아질 수도 있을 것 같긴 하다.	N	2022-06-20 14:53:11	2022-11-08 03:39:00
BE22002251	14	1	네, 엄마 기분이 얼른 좋아지셨으면 좋겠네요!	Y	2022-06-20 14:53:11	2022-11-08 03:39:00
