id	utterance_id	utterance_type	utterance_text	terminate	regDate	updDate
BE22022024	1	0	엄마, 나 지금 너무 화가 나서 견딜 수가 없어. 왜 이런 상황은 항상 나한테만 일어날까?	N	2022-09-27 09:55:13	2022-09-27 09:55:13
BE22022024	2	1	대체 무슨 일이니? 왜 그렇게 화가 났어?	N	2022-09-27 09:55:13	2022-09-27 09:55:13
BE22022024	3	0	세상이 너무 불공평한 것 같다는 생각이 들어서 화가 나. 내 노력이 짓밟힌 것 같아서 그게 제일 나를 화나게 만드는 것 같아.	N	2022-09-27 09:55:13	2022-09-27 09:55:13
BE22022024	4	1	네가 많이 힘들고 지쳤나 보다. 테가 한 노력의 가치가 떨어진 것 같아서 많이 화가 난 것 같아. 그런데 왜 갑자기 그런 생각이 들었니?	N	2022-09-27 09:55:13	2022-11-08 05:46:03
BE22022024	5	0	나는 이렇게 노력하면서 내 꿈을 이루려고 하는데, 내 주변에 노력하지 않고 이루는 사람이 있어. 그걸 알고 나니까 너무 화가 나고 그게 나를 좌절시켜. 내 노력이 헛된 것 같다는 게 나를 화나게 해.	N	2022-09-27 09:55:13	2022-11-08 05:46:03
BE22022024	6	1	너와 다른 입장의 사람이 있어서 많이 화가 나고 분했나 보다. 엄마도 너와 같은 상황이었다면 너처럼 그렇게 느낄 것 같아. 하지만 네가 그런 거에 자꾸 신경 쓰다가 후회할 선택을 하지 않았으면 좋겠구나.	N	2022-09-27 09:55:13	2022-11-08 05:46:03
BE22022024	7	0	나와는 다르게 그렇게 쉽게 성공하는 걸 보니까 자꾸 내 처지와 비교하게 되고 답답하고 막막해. 나는 이렇게 노력하는 데 내 노력을 보상받지 못하는 것 같아서 분하고 화가 나.	N	2022-09-27 09:55:13	2022-11-08 05:46:03
BE22022024	8	1	너가 혼자서 마음이 아주 답답하고 힘들었겠다. 네가 얼마나 노력해왔는지 아니까 너의 마음이 이해가 가. 그래도 엄마는 너가 잘 해내고 있고 언젠가 이룰 수 있다고 믿어 의심치 않아.	N	2022-09-27 09:55:13	2022-11-08 05:46:03
BE22022024	9	0	내가 정말 꿈을 이룰 수 있을까? 내가 이렇게 노력하는데도 꿈을 이루지 못하면 어떻게 해? 이런 중요한 시기에 쓸데없는 생각에 사로잡히니까 화를 참을 수가 없어.	N	2022-09-27 09:55:13	2022-09-27 09:55:13
BE22022024	10	1	네가 실패할 것 같다는 생각이 너를 그렇게 만들었구나. 하지만 너는 여태껏 열심히 노력하고 잘 해왔잖니. 그러니까 너무 분해하지 말고 마음을 굳게 먹고 다시 시작해보자.	N	2022-09-27 09:55:13	2022-11-08 05:46:03
BE22022024	11	0	내가 실패해서 엄마를 실망하게 할까 봐 너무 무서워. 이게 제일 큰 문제인 것 같아.	N	2022-09-27 09:55:13	2022-11-08 05:46:03
BE22022024	12	1	네가 최선을 다해서 했다면 실패해도 엄마는 네가 아주 자랑스러울 거야. 그러니까 너무 걱정하지 말고 열심히 해보렴. 엄마가 옆에서 항상 응원하고 있을게.	N	2022-09-27 09:55:13	2022-11-08 05:46:03
BE22022024	13	0	엄마한테 솔직하게 다 말하길 잘한 거 같아. 머리가 맑아지고 어깨가 가벼워졌어. 다 엄마 덕분이야.	N	2022-09-27 09:55:13	2022-11-08 05:46:03
BE22022024	14	1	그렇다니 정말 다행이구나. 엄마가 항상 너의 옆에서 응원하고 있다는 걸 잊지 말렴. 네가 어떻든 엄마는 항상 너의 편이야.	N	2022-09-27 09:55:13	2022-11-08 05:46:03
BE22022024	15	0	정말 고마워 엄마. 나 열심히 노력해서 꼭 성공할게!	Y	2022-09-27 09:55:13	2022-11-08 05:46:03
