id	utterance_id	utterance_type	utterance_text	terminate	regDate	updDate
BE22019015	1	0	엄마 오늘 중식집에 가서 음식을 먹었어요. 그런데 남은 음식을 포장해달라고 했더니 양이 적어서 안 된다고 하는 거예요. 군만두가 있었는데 싸주지 않는다니 너무 화가 나요.	N	2022-09-20 02:13:55	2022-09-20 02:13:55
BE22019015	2	1	음식을 돈주고 산 건 소비자인데 그걸 무시한 기분이어서 네가 매우 불쾌했을 것 같아. 그런 일을 당하면 큰소리로 따지기도 어렵고 속에서 부글부글 끓을 때가 있지. 엄마한테 털어놓고 기분 풀렴.	N	2022-09-20 02:13:55	2022-11-08 05:24:42
BE22019015	3	0	큰소리로 따지지는 못했지만 제 눈에는 군만두가 두 개나 있다고 똑바로 말했어요. 그랬더니 알바생이 사장한테 물어본 거 가더니 안된다고만 하더라고요. 이유를 납득할 수가 없어서 화가 나고 기분이 나빴어요.	N	2022-09-20 02:13:55	2022-09-20 02:13:55
BE22019015	4	1	이렇게까지 디테일하게 상황 설명을 하다니 네가 오늘 정말 기분이 많이 상했나 보네. 다음부터는 그 음식점은 가지 않으면 되니 너무 노여워하지 마. 엄마가 더 맛있고 친절한 음식점 데려갈 테니 기분 풀고 안 좋은 기억은 그만 잃어버리자.	N	2022-09-20 02:13:55	2022-11-08 05:24:42
BE22019015	5	0	엄마 말대로 그러면 그만이긴 한데 불친절함을 생각하면 더 화가 나요. 계산할 때 자기들끼리 제 얘기를 하며 키득거리는 거 같았어요. 제가 똑부러지게 말을 못한 거 같아서 그 장면을 생각하면 더욱 답답해요.	N	2022-09-20 02:13:55	2022-09-20 02:13:55
BE22019015	6	1	자꾸 생각하면 화만 나고 너만 힘들어서 속이 상할 거야. 의식적으로라도 마음을 차분히 가다듬으면 답답함도 해소될 거야. 살다 보면 별일이 다 있지만 그때마다 계속 화를 낸다면 네 마음이 말이 아닐 거야.	N	2022-09-20 02:13:55	2022-11-08 05:24:42
BE22019015	7	0	하지만 저는 정말 돈 내고선 억울한 일을 당한 거 같은 기분인 걸요. 이럴 땐 어떻게 마음을 진정해야 하는지 알 수 없어요.	N	2022-09-20 02:13:55	2022-09-20 02:13:55
BE22019015	8	1	오늘 당한 일은 분명 화 나는 일은 맞지만 감정보다 소중한 네 자신을 먼저 생각하렴. 화날 때마다 네 자신을 먼저 생각하고 더 현명한 방향으로 마음을 먹어보는 건 어떨까. 무엇보다 소중한 네가 이런 일로 에너지를 소비해서 힘들지 않았으면 좋겠어.	N	2022-09-20 02:13:55	2022-11-08 05:24:42
BE22019015	9	0	역시 엄마의 조언이 현명하네요. 제가 과하게 화를 낸 거 같아요. 그래도 엄마가 이렇게 들어주니 좀 속이 풀려요.	N	2022-09-20 02:13:55	2022-11-08 05:24:42
BE22019015	10	1	그럼 우리 딸은 현명해서 이런 일도 금방 잊고 생활할 수 있을 거야. 가끔 그렇게 화가 나는 일을 당했을 땐 엄마에게 말해.	N	2022-09-20 02:13:55	2022-11-08 05:24:42
BE22019015	11	0	엄마가 있어서 참 든든해요. 저는 언제쯤 엄마처럼 어른스러운 사람이 될 수 있을지 모르겠어요.	N	2022-09-20 02:13:55	2022-09-20 02:13:55
BE22019015	12	1	나도 네 나이 때는 작은 일에도 부르르 떨고 어쩔 줄을 몰랐지. 하지만 나이를 먹어가면 자연스럽게 감정을 다스리는 법을 체득하게 되는 것 같아.	N	2022-09-20 02:13:55	2022-11-08 05:24:42
BE22019015	13	0	엄마 얘기를 들으니 감정적이었던 제 자신이 후회되네요. 앞으로는 남은 음식을 포장해주지 않는 황당한 일을 겪어도 침착하게 행동해야겠어요.	N	2022-09-20 02:13:55	2022-11-08 05:24:42
BE22019015	14	1	우리 딸 벌써 그런 마음을 먹었다니 훌륭하네. 앞으로는 이런 기분 나쁜 일이 없기를 바랄게.	N	2022-09-20 02:13:55	2022-11-08 05:24:42
BE22019015	15	0	제 얘기 잘 들어줘서 고마워요. 저녁에 엄마가 좋아하는 마카롱 사갈게요.	Y	2022-09-20 02:13:55	2022-09-20 02:13:55
