id	utterance_id	utterance_type	utterance_text	terminate	regDate	updDate
BE22000654	1	0	수영장에서 어린아이가 몸을 부르르 떨면서 오줌을 싸고 있어요.	N	2022-06-13 06:31:00	2022-11-08 03:28:29
BE22000654	2	1	이런... 깔끔한 우리 아들이 소스라치게 놀랐겠는데. 괜찮아?	N	2022-06-13 06:31:00	2022-11-08 03:28:29
BE22000654	3	0	얼른 수영장에서 나왔어. 아이 보호자는 뭐 하고 있는 건지, 더럽게...	N	2022-06-13 06:31:00	2022-11-08 03:28:29
BE22000654	4	1	아이고 하필 그걸 직격으로 보았으니 소름 돋았겠다. 불쾌해서 수영장에 다시 들어가기는 쉽지 않겠네.	N	2022-06-13 06:31:00	2022-11-08 03:28:29
BE22000654	5	0	네, 그냥 나가야 할 것 같아요. 수영하다 보면 물도 마시게 되는데 구역질 나서 더는 못할 것 같아요. 수영하고 싶어서 일부러 시간 내서 왔는데 화가 나요.	N	2022-06-13 06:31:00	2022-11-08 03:28:29
BE22000654	6	1	땀 뻘뻘 흘리다 시원하게 물에 들어가고 싶어서 갔는데 아쉽고 화나겠다. 그 근처에 냇가 있는데, 가서 발이라도 담그면 기분이 풀릴 거야.	N	2022-06-13 06:31:00	2022-11-08 03:28:29
BE22000654	7	0	점심 먹고 생각해 볼게요. 그냥 가려니 억울해서 수영장 관리 직원한테 가서 주의시키려구요.	N	2022-06-13 06:31:00	2022-11-08 03:28:29
BE22000654	8	1	어린애들은 갑자기 일이 발생하는 거라 조절이 쉽지 않겠지만 재발을 줄이는 데에는 도움이 될 거야.	N	2022-06-13 06:31:00	2022-11-08 03:28:29
BE22000654	9	0	수영장에 정화 시설이 있기는 하지만 고객이 그걸 본 이상 아무렇지도 않게 머물기가 힘들잖아요.	N	2022-06-13 06:31:00	2022-11-08 03:28:29
BE22000654	10	1	그렇더라도 몸을 담그고 있는 사람이 그 물이 오염되는 걸 목격했는데 정서적으로 받아들이기가 쉽지 않지.	N	2022-06-13 06:31:00	2022-11-08 03:28:29
BE22000654	11	0	저 아이 부모도, 관리 직원들도 못마땅해요. 이런 공동 시설을 이용할 때는 아이한테 더 세심한 주의를 기울여서 공중도덕을 지켜야 하는데 아이가 무슨 일을 했는지 눈치도 못 채고 있는 것 같아요.	N	2022-06-13 06:31:00	2022-11-08 03:28:29
BE22000654	12	1	어른들이 세심하게 주의를 기울여야 했는데 안타깝네. 없는 시간 쪼개서 기분 전환하러 간 거라 속상하겠지만 네가 너그럽게 이해해줘. 아이를 키우는데 한 마을이 필요하다는 말처럼 아이의 돌발 행동은 어른들도 수습하는 데 한계가 있더라.	N	2022-06-13 06:31:00	2022-11-08 03:28:29
BE22000654	13	0	그 말씀은 저 키울 때 많이 하시던 이야기였던 것 같은데요?	N	2022-06-13 06:31:00	2022-11-08 03:28:29
BE22000654	14	1	그랬지. 우리 귀한 아들이 실수하거나 저지레 칠 때마다 사람들한테 변명하며 했던 말이었어.	N	2022-06-13 06:31:00	2022-11-08 03:28:29
BE22000654	15	0	하하하, 갑자기 찔려서 그 아이가 용서되네요. 상냥하고 고운 말씨로 잘 이야기하고 나갈게요.	Y	2022-06-13 06:31:00	2022-11-08 03:28:29
