id	utterance_id	utterance_type	utterance_text	terminate	regDate	updDate
BE22000385	1	0	엄마, 아들 장가 잘못 간 것 같아요.	N	2022-06-13 01:27:30	2022-11-08 03:26:45
BE22000385	2	1	보내달라고 성화일 때는 언제고 불평이야?	N	2022-06-13 01:27:30	2022-11-08 03:26:45
BE22000385	3	0	엄마도 아시다시피 저는 일하는 것보다 노는 게 더 적성에 맞잖아요. 결혼하면 둘이 버니까 더 여유롭게 놀 수 있을 줄 알았더니 아내가 덜컥 임신을 해서 쉬게 됐잖아요.	N	2022-06-13 01:27:30	2022-11-08 03:26:45
BE22000385	4	1	그게 어디 며늘아기 탓이니? 그리고 아기가 생긴 건 얼마나 감사한 일인데 그래.	N	2022-06-13 01:27:30	2022-11-08 03:26:45
BE22000385	5	0	그리고 출근길에 아내가 음식물 분리수거까지 해달라고 하니까 불공평한 생각도 들어요. 종일 집에 있으면서 그런 건 알아서 해주면 어떨까 싶고.	N	2022-06-13 01:27:30	2022-11-08 03:26:45
BE22000385	6	1	입덧이 심한 데다, 임신하면 온몸에 아령이라도 단 듯 무겁단다. 네 아내고, 네 아기이니 당연히 그런 일은 도와줘야 하지 않을까?	N	2022-06-13 01:27:30	2022-11-08 03:26:45
BE22000385	7	0	계획에 없던 아기가 갑자기 생기니 저도 여러모로 혼란스러워요. 아직 남편이라는 역할에 적응도 못했는데 아빠까지 돼야 한다니...	N	2022-06-13 01:27:30	2022-11-08 03:26:45
BE22000385	8	1	네 마음도 충분히 이해해. 하지만 네 아내를 생각해 보렴. 아내와 엄마가 동시에 되어버렸는데 얼마나 책임감이 크고 마음이 무겁겠어.	N	2022-06-13 01:27:30	2022-11-08 03:26:45
BE22000385	9	0	하긴 아내도 저와 같은 마음이 들겠네요. 힘들 텐데 매일 웃으며 여보, 여보 하니까 대견하긴 해요.	N	2022-06-13 01:27:30	2022-11-08 03:26:45
BE22000385	10	1	너도 이제 마냥 나의 아들이 아니야. 한 가정을 책임지는 가장이 된 거야. 그만큼 더 큰 행복을 누리게 될 거고.	N	2022-06-13 01:27:30	2022-11-08 03:26:45
BE22000385	11	0	제가 좋은 아빠, 좋은 남편이 될 수 있을지 잘 모르겠어요.	N	2022-06-13 01:27:30	2022-11-08 03:26:45
BE22000385	12	1	누구든 처음부터 잘할 순 없어. 서로 아껴주고, 부딪치고 이해하면서 함께 커나가는 거란다.	N	2022-06-13 01:27:30	2022-11-08 03:26:45
BE22000385	13	0	네, 명심할게요. 그래도 출근길에 음식물 분리수거는 냄새도 나고 안 좋으니까 음식물 처리기 하나 구입해야겠어요.	N	2022-06-13 01:27:30	2022-11-08 03:26:45
BE22000385	14	1	그건 엄마가 임신 축하선물로 사주마. 우리도 사용하고 있는데 깨끗하고 편해.	N	2022-06-13 01:27:30	2022-11-08 03:26:45
BE22000385	15	0	정말요? 아내가 정말 좋아할 것 같아요. 감사합니다, 엄마.	Y	2022-06-13 01:27:30	2022-11-08 03:26:45
