id	utterance_id	utterance_type	utterance_text	terminate	regDate	updDate
BE22022161	1	0	엄마 한복은 원래 그렇게 비싼 거야? 내가 직접 한복을 찾아본 건 처음이야. 그런데 가격을 보고 너무 분노했어.	N	2022-09-28 00:20:10	2022-11-08 05:46:52
BE22022161	2	1	한복은 아무래도 기성품이 아니다 보니 그렇지 않을까? 만드는데 정성도 많이 들어가고 사소한 장식들도 많이 들어가잖아. 예전부터 엄마도 한복은 조금 비싸다고 느꼈어.	N	2022-09-28 00:20:10	2022-11-08 05:46:52
BE22022161	3	0	전통 한복은 그렇다 치더라도, 생활 한복은 왜 그렇게 비싼 걸까? 상하의 두벌로만 구성된 옷들 조차도 이해할 수 없는 가격이야. 한복을 이런 값에 판다는 건 말도 안돼.	N	2022-09-28 00:20:10	2022-09-28 00:20:10
BE22022161	4	1	엄마의 기억에도 너희들 어릴 적에 한복 맞춰줄 때마다 부담이 많이 됐었어. 가격을 보면 선뜻 구매하기가 쉽지 않더라고. 우리 딸이 한복 산다고 열심히 용돈 모으더니, 값에 비해 턱없이 부족해서 화가 났겠구나.	N	2022-09-28 00:20:10	2022-11-08 05:46:52
BE22022161	5	0	그리고 이건 우리나라 사람들이 쉽게 입을 수 있어야 하는 옷이잖아. 그런데 오히려 가격 때문에 더 다가가기 어렵게 만든 것 같아. 요즘에는 흔한 면 소재들로도 많이 많드는데, 도대체 그렇게 비쌀 이유가 없잖아.	N	2022-09-28 00:20:10	2022-09-28 00:20:10
BE22022161	6	1	네 말도 일리가 있는 게, 전통을 이어가기 위해서는 사람들이 친근함을 느껴야 하잖니. 그런데 엄마 생각에도 비싼 값으로 인해 그렇지 못한 부분이 있어. 어쩔 때는 특별한 사람만 입을 수 있는 옷인가 싶어서 엄마도 기분이 좋지 않았어.	N	2022-09-28 00:20:10	2022-11-08 05:46:52
BE22022161	7	0	어차피 생활 한복은 화려하지도 않고 여러 겹을 입는 것도 아니잖아. 친구들과 놀갈 때 입고 싶어서 보통의 옷 정도로 생각하고 용돈을 모았거든. 가격에 비하면 너무 적은 돈이라 어이없고 화가 났어.	N	2022-09-28 00:20:10	2022-11-08 05:46:52
BE22022161	8	1	생활 한복이 일반적인 복장은 아니니까, 대량으로 생산하기 어려워서 그럴 수도 있을 거야. 우리 딸이 한복을 못 입게 되어서 많이 서운했구나. 놀갈 때 입는다고 많이 기대했텐데 실망이 컸겠어.	N	2022-09-28 00:20:10	2022-11-08 05:46:52
BE22022161	9	0	나는 오히려 그런 이유들로 제작 업체에서 갑질하는 것 같다는 분노가 느껴지는걸. 친구들 중에 유일하게 나만 한복에 관심이 많아서 꼭 보여주고 싶었어. 한복도 예쁘고 생활복으로 편하다는 걸 알려주고 싶었는데 그렇게 하지 못해서 실망스러워.	N	2022-09-28 00:20:10	2022-11-08 05:46:52
BE22022161	10	1	그래도 엄마는 감정화자가 그만큼 한복에 관심이 있다는 사실이 대견하고 멋지다고 생각해. 화가 나는 것도 실은 그만큼 좋아하기 때문이잖아. 남들이 잘 모르는 부분에 먼저 관심을 갖고, 심지어 알리고 싶어했다는 사실이 정말 기특한걸.	N	2022-09-28 00:20:10	2022-11-08 05:46:52
BE22022161	11	0	내 눈에는 유행하는 옷들 보다 한복이 더 예뻐보여. 내 또래 친구들도 관심을 가졌으면 좋겠다고 생각해서 이번에 알려주려고 했던 거야. 나는 물론이고 조금이라도 관심을 가진 친구들이 가격 때문에 다시 무관심해진다고 생각하니 정말 화가 나.	N	2022-09-28 00:20:10	2022-11-08 05:46:52
BE22022161	12	1	하지만 당장 입지 못하더라도, 네가 관심을 가지고 있다는 사실만으로 좋은 영향을 줄 수 있어. 너로 인해서 한 번이라도 찾아보고, 관심 갖게 되는 친구들이 많을 것 같아. 그렇다면 언젠가 한복의 합리적인 가격이 논의되는 것에 감정화자가 기여하는 게 아닐까?	N	2022-09-28 00:20:10	2022-11-08 05:46:52
BE22022161	13	0	엄마 말대로 그렇게 된다면 정말 뿌듯할 것 같아. 나로 인해서 생활 한복이 또래 친구들에게 관심받는 일에 아주 작은 영향이라도 미쳤으면 좋겠어.	N	2022-09-28 00:20:10	2022-11-08 05:46:52
BE22022161	14	1	이 정도의 관심이라면 엄마는 분명 그럴 거라 생각해. 이번에는 생활 한복을 사지 못해서 아쉽지만, 집에 있는 깨끗한 한복을 같이 수선해보자. 평소에는 아니더라도 특별한 날에는 입을 수 있을 거야.	N	2022-09-28 00:20:10	2022-11-08 05:46:52
BE22022161	15	0	좋아, 그렇게 만든 한복도 꽤 멋질 것 같아. 그럼 나도 어떻게 만들지 미리 생각해볼게.	Y	2022-09-28 00:20:10	2022-11-08 05:46:52
