id	utterance_id	utterance_type	utterance_text	terminate	regDate	updDate
BE22025996	1	0	아들아. 나, 네 아버지 때문에 정말 화가 나는구나. 네 아버지는 대체 왜 그러는 거니?	N	2022-10-09 07:31:06	2022-11-08 06:09:35
BE22025996	2	1	아버지랑 무슨 일이 있으셨어요? 어머니가 이렇게 화내실만한 일이라니 궁금하네요.	N	2022-10-09 07:31:06	2022-10-09 07:31:06
BE22025996	3	0	날씨가 선선해져서 자전거를 타려고 했는데 오래 방치해서 그런지 손볼 곳이 많더라고. 수리점에 맡긴다 했더니 본인이 고치겠다고 가져가선 오히려 망가뜨렸어. 그 모습을 보는데 어찌나 분통이 터지는지.	N	2022-10-09 07:31:06	2022-11-08 06:09:35
BE22025996	4	1	자전거 탈 생각에 설레셨을 텐데 망가진 자전거 때문에 어머니 기분이 많이 상하셨겠네요. 어쩔 수 없는 상황이니 너무 속상해하지 마세요.	N	2022-10-09 07:31:06	2022-11-08 06:09:35
BE22025996	5	0	처음부터 수리점에 맡겼으면 이런 일도 없잖아. 왜 자기가 나서서 일을 망치는 건지 생각하면 속에서 천불이 난다. 덕분에 날씨 좋은 날 아무것도 하지 못하고 집안에만 있어야 해.	N	2022-10-09 07:31:06	2022-11-08 06:09:35
BE22025996	6	1	어머니는 손재주가 좋아서 집안에서 할 수 있는 일도 많으시잖아요. 수도 잘 놓으시고 요리도 잘하시니 하루를 무료하게 보내지 않으실 수 있을 것 같아요.	N	2022-10-09 07:31:06	2022-10-09 07:31:06
BE22025996	7	0	자전거 타며 시원한 바람 맞을 생각에 그동안 얼마나 기대했는데. 손 쓸 수도 없게 망가져 버린 자전거를 보고 있으면 화가 치밀어 올라.	N	2022-10-09 07:31:06	2022-11-08 06:09:35
BE22025996	8	1	속상해하시는 어머니의 모습을 보니 제가 다 안타까운 심정이에요. 저라도 엄마 곁에 있었으면 이렇게 날씨 좋은 날 함께 외출하며 기분 풀어드렸을 텐데. 화나는 엄마 마음은 알지만, 너무 스트레스받지 마시고 기분 푸세요.	N	2022-10-09 07:31:06	2022-11-08 06:09:35
BE22025996	9	0	네 아버지랑 둘이 살기 시작하면서 답답하고 화나는 일이 한둘이 아니야. 그러다가 이번처럼 내 자전거까지 망가뜨리니 이젠 정말이지 분노를 참을 수 없어.	N	2022-10-09 07:31:06	2022-11-08 06:09:35
BE22025996	10	1	비록 아버지가 자전거를 망가뜨리긴 했지만 이게 다 어머니를 사랑하는 마음에서 비롯된 행동이지 않을까요? 사랑하는 사람을 위해서는 무엇이든 해주고 싶잖아요.	N	2022-10-09 07:31:06	2022-11-08 06:09:35
BE22025996	11	0	네 말을 듣고 보니 내가 네 아버지의 진심을 오해한 것 같다는 생각이 든다. 화나는 마음에 그 사람의 노력을 무시했다는 생각에 오히려 미안해지네.	N	2022-10-09 07:31:06	2022-11-08 06:09:35
BE22025996	12	1	어머니를 위해 무언가를 해 주시려는 아버지의 마음이 굉장히 감동적이네요. 두 분이 아직 서로 많이 사랑하시는 것 같아 참 보기 좋아요.	N	2022-10-09 07:31:06	2022-11-08 06:09:35
BE22025996	13	0	이 나이가 되니 서로 믿고 의지할 사람은 네 아버지뿐이지. 오해해서 미안했다고 말하고 맛있는 저녁이나 차려드려야겠다.	N	2022-10-09 07:31:06	2022-10-09 07:31:06
BE22025996	14	1	두 분이 아직도 티격태격하시는 모습이 아들인 제가 보기엔 너무 귀여우세요. 앞으로도 지금처럼 두 분이 행복하게 지내셨으면 좋겠어요.	N	2022-10-09 07:31:06	2022-11-08 06:09:35
BE22025996	15	0	그래. 네 덕분에 화나는 마음도 풀고 아버지에 대한 오해도 풀 수 있게 되었어. 정말 고마워 아들아.	Y	2022-10-09 07:31:06	2022-10-09 07:31:06
