id	utterance_id	utterance_type	utterance_text	terminate	regDate	updDate
BE22022083	1	0	엄마, 정말 아빠는 왜 이렇게 저한테 쌀쌀맞으실까요. 한 번도 칭찬이라곤 해본 적이 없으면서 항상 기분 나쁜 말만 하니까 너무 화가 나요. 아까도 기분 전환 겸 단발로 머리를 잘랐는데 선머슴 같다고 하는 거 있죠.	N	2022-09-27 13:44:26	2022-09-27 13:44:26
BE22022083	2	1	항상 긴 머리만 고수하던 우리 딸이 단발로 변신했다니. 말만 들었는데도 너무 귀엽고 매력적일 것 같은데 아빠가 기분 나쁘게 말을 했구나. 하지만 우리 딸은 무슨 머리를 하든 예쁘단다, 아빠 말에 너무 속상해할 필요 없어.	N	2022-09-27 13:44:26	2022-11-08 05:46:24
BE22022083	3	0	엄마는 항상 이렇게 예쁜 말만 해주시는데 아빠는 그러시지 않는다는 게 너무 화가 나요. 다른 친구들의 집에 놀러 가면 아빠들이 무척 표현도 잘하고 다정하시던데. 그게 갑자기 떠올라서 너무 부럽고 비교가 되어서 더 화가 난 것 같아요.	N	2022-09-27 13:44:26	2022-09-27 13:44:26
BE22022083	4	1	그랬구나. 우리 딸이 아빠의 말투와 표현에 대해 이렇게 불만이 많은 줄 몰랐네. 엄마가 일 때문에 바빠서 아빠와 우리 딸의 관계에 대해서 깊이 생각해 본 적이 없었어. 진작 알았다면 아빠와 따로 대화를 통해서 네가 이렇게 서운해하고 있다고 말했을 텐데 말이야.	N	2022-09-27 13:44:26	2022-11-08 05:46:24
BE22022083	5	0	아빠는 워낙 가부장적이고 고집이 세셔서 엄마가 구슬려도 그대로 셨을 거예요. 바뀌었으면 좋겠다는 생각은 안 들어요. 다만 최소한 저의 신경을 건드리는 기분 나쁜 말들은 안 했으면 하는 바람이에요.	N	2022-09-27 13:44:26	2022-09-27 13:44:26
BE22022083	6	1	아빠가 워낙 엄한 할머니, 할아버지 밑에서 자라와서 신세대인 너와 많이 충돌하는 것 같구나. 하지만 아빠는 표현은 서툴러도 널 엄청나게 사랑한다는 것만 알아줘. 표현하는 방법을 못 배우고 자라와서 그렇지, 진심은 아니니 너무 노여워하지 마.	N	2022-09-27 13:44:26	2022-11-08 05:46:24
BE22022083	7	0	할머니, 할아버지가 엄하셨던 것은 들었지만 지금은 시대가 바뀌었잖아요. 그러면 아빠로서 말투라도 예쁘게 바꿨으면 좋겠는데 그것마저 안 하시니 화가 나는 거죠. 아빠는 저한테 살 빼라는 둥 머리가 그게 뭐냐는 둥 퉁명스럽게 명령조로밖에 안 대하세요.	N	2022-09-27 13:44:26	2022-09-27 13:44:26
BE22022083	8	1	아빠도 수십 년의 세월을 그렇게 살아온지라 표현하며 사근사근 말하는 법이 아직 낯설 거야. 엄마가 네 아빠와 연애하던 시절에도 표현이 서툴러서 엄마를 아주 서운하게 했었지. 그렇지만 시간이 지나고 보니 표현만 서툴 뿐 엄마를 사랑하는 마음이 아주 크다는 걸 결국엔 알게 되었어.	N	2022-09-27 13:44:26	2022-11-08 05:46:24
BE22022083	9	0	엄마는 무뚝뚝한 아빠와 사는 게 힘들지 않으세요? 엄마한테도 무척 표현을 안 하는데 그런 남자친구라면 저는 만나기 싫을 것 같아요. 표현을 안 하는데 어떻게 사랑한다는 걸 알게 되신지 궁금해요.	N	2022-09-27 13:44:26	2022-09-27 13:44:26
BE22022083	10	1	엄마가 뭘 좋아한다고 말하면 꼭 그걸 기억해서 나중에 사준다든지 말없이 조용히 표현했단다. 평소에도 우리 딸이 먹고 싶은 것, 갖고 싶은 것도 아빠가 사 오시는 거야, 몰랐지? 말은 하지 않았지만, 묵묵히 뒤에서 우리 딸을 챙겨주며 많이 사랑하고 있단다, 그러니까 속상해하지 말렴.	N	2022-09-27 13:44:26	2022-11-08 05:46:24
BE22022083	11	0	정말요? 저는 엄마가 제 취향을 잘 아니까 사 오는 거라고 생각했는데 아빠였을지 전혀 상상도 못 했어요. 항상 제 말은 듣지 않는다고 생각했는데 다 마음에 두고 있었던 거네요. 엄마가 아빠의 생각지도 못한 부분들을 알려주시니 기분이 나아지네요.	N	2022-09-27 13:44:26	2022-11-08 05:46:24
BE22022083	12	1	이런 걸 말해줬다가는 아빠 성격에 부끄러워할 테니 비밀로 하려 했는데. 우리 딸이 아빠에 대해 조금은 오해를 풀었으면 해서 얘기해 준 거야. 아빠는 네가 생각하는 것보다 더 섬세하고 귀여운 사람이란다.	N	2022-09-27 13:44:26	2022-11-08 05:46:24
BE22022083	13	0	엄마가 아니었다면 아빠에 대해 계속 오해하고 벽을 치고 있었을 것 같아요. 그동안 절 뒤에서 묵묵히 챙겨주셨을 아빠를 생각하니 좀 기분이 좋아지는데요. 말투는 그래도 저를 사랑하시는 게 느껴져서 기뻐요.	N	2022-09-27 13:44:26	2022-09-27 13:44:26
BE22022083	14	1	네가 아빠에 대한 오해를 풀었다니 다행이야. 아마 너에게 투덜대는 그 말들도 사실은 너를 좋아하는 마음에 놀리려고 하는 것들일 거야. 너무 과한 장난은 엄마가 알아서 말리마.	N	2022-09-27 13:44:26	2022-11-08 05:46:25
BE22022083	15	0	저를 위해 예쁜 말만 해주시는 엄마와 항상 뒤에서 챙겨주는 아빠가 있어서 참 좋아요. 앞으로는 아빠와 더 친밀해지도록 노력해 봐야겠어요.	Y	2022-09-27 13:44:26	2022-09-27 13:44:26
