id	utterance_id	utterance_type	utterance_text	terminate	regDate	updDate
BE22018790	1	0	엄마, 제가 2달째 배추김치를 못 먹고 있는 것 아세요? 배추김치가 너무 먹고 싶어요.	N	2022-09-19 01:00:02	2022-09-19 01:00:02
BE22018790	2	1	반찬 중에서 배추김치를 네가 제일 좋아하잖니. 요즘 무슨 일 있었니?	N	2022-09-19 01:00:02	2022-09-19 01:00:02
BE22018790	3	0	배춧값이 비싸서 배추김치를 사 먹지 못하고 있어요. 자취생으로 사니까 물가 때문에 신경이 많이 쓰여요. 2달이나 배추김치를 못 먹어서 화가 나요.	N	2022-09-19 01:00:02	2022-09-19 01:00:02
BE22018790	4	1	네가 제일 좋아하는 반찬인데 먹을 수 없었다니 속상했겠구나. 네 마음을 알겠어. 내가 그 상황이었어도 화가 났을 거야.	N	2022-09-19 01:00:02	2022-11-08 05:23:31
BE22018790	5	0	배춧값뿐만 아니라 물가가 너무 올라서 화가 나요. 월급을 받아도 생활비로 다 쓰게 되거든요. 특히 좋아하는 배추김치를 못 먹으니까 더 화가 나요.	N	2022-09-19 01:00:02	2022-11-08 05:23:31
BE22018790	6	1	나는 네가 2달째 배추김치를 못 먹고 있는지도 몰랐어. 진작 말했으면 내가 담근 배추김치를 너한테 보내줬을 텐데. 내가 진작 챙겨주지 못해서 미안하구나.	N	2022-09-19 01:00:02	2022-11-08 05:23:31
BE22018790	7	0	엄마도 바쁘신데 반찬 문제로 성가시게 해 드리고 싶지 않았어요. 그런데 좋아하는 반찬을 계속 못 먹으니까 밥 먹을 때마다 화가 나요.	N	2022-09-19 01:00:02	2022-09-19 01:00:02
BE22018790	8	1	엄마한테 지금이라도 말했으니 화난 건 마음에 담아두지 마. 앞으로 반찬을 좀더 신경 써서 챙겨 먹으면 괜찮아질 거야.	N	2022-09-19 01:00:02	2022-11-08 05:23:31
BE22018790	9	0	엄마한테 말도 못 하고 반찬 때문에 화가 나 있었는데요. 엄마가 그렇게 말해주시니까 마음이 한결 낫네요.	N	2022-09-19 01:00:02	2022-11-08 05:23:31
BE22018790	10	1	네가 어려운 점이 있으면 엄마한테 언제든 얘기하렴. 네가 혼자 끙끙대면서 더 화가 났던 거야.	N	2022-09-19 01:00:02	2022-11-08 05:23:31
BE22018790	11	0	되도록이면 엄마한테 걱정을 끼치고 싶지 않았어요. 배춧값이 비싸니까 엄마도 부담되실 것 같아서 배추김치를 보내달라는 말을 못 하겠더라고요.	N	2022-09-19 01:00:02	2022-09-19 01:00:02
BE22018790	12	1	그래도 2달이나 배추김치를 못 먹고 지냈다면, 엄마한테 진작 얘기하는 게 나았을 거야. 다른 건 몰라도, 반찬은 엄마가 도와줄 수 있잖니.	N	2022-09-19 01:00:02	2022-11-08 05:23:31
BE22018790	13	0	석 달 전에 엄마가 갖다 준 배추김치를 한 달도 안 되어서 다 먹었거든요. 엄마한테 자꾸 얘기하면 부담될까봐 그랬어요.	N	2022-09-19 01:00:02	2022-09-19 01:00:02
BE22018790	14	1	앞으로도 배추김치는 엄마가 담아서 보내줄게. 그러니까 밥 잘 챙겨 먹으면서 지내.	N	2022-09-19 01:00:02	2022-11-08 05:23:31
BE22018790	15	0	고마워요, 엄마. 엄마 덕분에 마음이 한결 편안해졌어요. 다음에 또 연락드릴게요.	Y	2022-09-19 01:00:02	2022-11-08 05:23:31
