id	utterance_id	utterance_type	utterance_text	terminate	regDate	updDate
BE22021081	1	0	엄마, 제가 동생하고 음료수 때문에 싸우니 아빠가 싱크대에 쏟아 버리셨어요. 저는 종종 아빠의 그런 해결 방식 때문에 너무 화가 나요.	N	2022-09-23 15:36:10	2022-09-23 15:36:10
BE22021081	2	1	우리 딸이 화가 많이 났네. 속상하겠지만 우선 심호흡 크게 하면서 좀 진정해 봐. 동생이랑 다툰 것도 속상한데 아빠가 마음을 헤아려주지 않아 더 속상했을 네 마음 엄마가 이해한단다.	N	2022-09-23 15:36:10	2022-11-08 05:40:32
BE22021081	3	0	아빠가 공평하게 나눠주거나 하셨음 이렇게 화도 안 났을 거예요. 다툼의 원인을 없애는 식으로는 아무것도 해결이 안되는데 왜 저러시는지 정말 화가 나요.	N	2022-09-23 15:36:10	2022-11-08 05:40:32
BE22021081	4	1	그래, 섬세한 네 마음을 아빠가 너무 몰라주니 화가 났을 네 마음을 엄마가 이해해. 하지만 아빠의 입장도 네가 생각해볼 필요는 있다고 봐. 그리고 아빠의 해결 방식이 맘에 안 든다 하더라도 대화로 잘 풀면 좋아질 거야.	N	2022-09-23 15:36:10	2022-11-08 05:40:32
BE22021081	5	0	아빠가 항상 말이 안 통한다고 느껴지니 대화가 더 안되고 분노만 생기더라고요. 아빠 앞에서 화낼까 봐 일부러 자리를 피해버리곤 해요. 그러고는 화를 혼자 삭히고 나면 그게 마음에 쌓이더라고요.	N	2022-09-23 15:36:10	2022-09-23 15:36:10
BE22021081	6	1	그랬구나, 우리 딸 그동안 정말 많이 힘들었을 것 같아. 예민한 네 성격을 엄마가 누구보다 잘 아는데 미처 네 마음을 들여다봐 주지 못해서 미안하구나. 철 없는 애였으면 아빠에게 화를 낼 수도 있었을 건데, 우리 딸이 그래도 참 기특하구나.	N	2022-09-23 15:36:10	2022-11-08 05:40:32
BE22021081	7	0	하지만 저도 오늘은 화가 폭발해버릴 지경이더라고요. 동생이랑 싸운 건 잘못했는데, 아빠에게도 너무 화가 났어요.	N	2022-09-23 15:36:10	2022-09-23 15:36:10
BE22021081	8	1	그래, 진정해. 화도 내려놓고 대화로 풀면 부모 자식 간에 해결이 안될 일은 없어. 누구의 일방적인 잘못도 아니고 네 말대로 해결 방식이 달라서 서로 이해하지 못하는 것 뿐이야. 엄마 생각엔 네가 현명하니까 아빠와 잘 얘기해보면 서로의 입장을 잘 배려할 수 있을 거야.	N	2022-09-23 15:36:10	2022-11-08 05:40:32
BE22021081	9	0	몇 번 시도해보려고 했는데 아빠는 가끔 꽉 막힌 사람 같이 굴어서 포기한 적이 많아요. 그럴 때마다 가슴에 화가 쌓여가더라고요.	N	2022-09-23 15:36:10	2022-09-23 15:36:10
BE22021081	10	1	그랬구나, 정말 너무 그동안 속상했겠다. 아빠도 아마 자식들끼리 다투는 게 보기 싫어서 단순하게 그런 행동을 하셨을 거야. 너무 네 생각만 하지 말고 아빠의 입장에서도 이해해보려고 하면 너도 마음이 많이 누그러질 거야.	N	2022-09-23 15:36:10	2022-11-08 05:40:32
BE22021081	11	0	엄마 말씀을 들어보니 아까는 화가 너무 나서 아빠의 입장이 되어보려고 하지는 않았네요. 아마 아빠도 제가 동생이랑 너무 싸워서 속상하셨을 것 같긴 해요.	N	2022-09-23 15:36:10	2022-11-08 05:40:32
BE22021081	12	1	그래, 조금만 화를 내려놓고 한 걸음 떨어져서 상대방을 이해해보면 아빠가 왜 그러셨는지 짐작될 거야. 네 입장을 먼저 말하지 않고 아버지의 입장에서 말을 꺼내 보면 좋은 대화가 될 것 같아. 아마 아빠도 우리 딸 마음 충분히 헤아려줄 테니 아빠에게 속상했던 마음도 털어버려.	N	2022-09-23 15:36:10	2022-11-08 05:40:32
BE22021081	13	0	차분히 생각 정리한 다음에 아빠랑 진지하게 대화 좀 해봐야겠어요. 엄마랑 말하고 나니 아빠에게 화내고 동생하고 다툰 제 모습이 부끄럽네요.	N	2022-09-23 15:36:10	2022-11-08 05:40:32
BE22021081	14	1	아니야, 누구나 그럴 수 있어. 그걸 깨닫고 반성하고 얼른 제자리로 돌려놓으려는 노력이 더 중요한 거야. 아빠도 아마 네 마음 몰라줘서 미안하다고 할 거니까 잘 대화로 풀었으면 좋겠어.	Y	2022-09-23 15:36:10	2022-09-23 15:36:10
