id	utterance_id	utterance_type	utterance_text	terminate	regDate	updDate
BE22007978	1	0	엄마, 글쎄 내 남편이 빚이 있지 뭐야. 오늘 은행에서 내용 증명 서류 날아온 거 보고 알았어.	N	2022-07-12 03:00:17	2022-11-08 04:15:44
BE22007978	2	1	결혼하기 전에는 왜 말을 안 했다니? 빚은 얼마나 있는데?	N	2022-07-12 03:00:17	2022-11-08 04:15:44
BE22007978	3	0	천만 원 정도인데 대학생 때 빌린 걸 아직도 안 갚고 있어서 은행에서 독촉이 왔어. 화가 나. 나는 하나라도 아껴서 가계에 도움이 되려고 노력하고 사는데 어쩜 이럴 수 있는 거지?	N	2022-07-12 03:00:17	2022-11-08 04:15:44
BE22007978	4	1	속상했겠다. 엄마가 보기에도 네가 결혼해서 다른 사람보다 더 알뜰하게 살고 있어. 너는 열심히 살고 있는데 상대가 그 마음을 몰라주고 막살면 화가 나지.	N	2022-07-12 03:00:17	2022-11-08 04:15:44
BE22007978	5	0	시어머니한테 전화해서 이 사실을 당장 알릴까?	N	2022-07-12 03:00:17	2022-11-08 04:15:44
BE22007978	6	1	일단 좀 진정하고 남편한테 먼저 차분하게 자초지종을 들어봐.	N	2022-07-12 03:00:17	2022-11-08 04:15:44
BE22007978	7	0	아니 미리 말을 안 한 것도 문제가 있다고 생각하는데 왜 연체해? 화가 나서 머리카락이 쭈뼛쭈뼛 서. 대체 지금까지 어떻게 살아온 사람인 거야?	N	2022-07-12 03:00:17	2022-11-08 04:15:44
BE22007978	8	1	좀 침착하고 엄마 얘기 잘 들어봐. 엄마도 결혼해봐서 아는데 결혼은 누구에게나 다 시련이 있더라. 같이 사는 인생이니까 너무 윽박지르지 말고 이번 일을 계기로 경제적인 부분에서 더 이야기를 나눠봐.	N	2022-07-12 03:00:17	2022-11-08 04:15:44
BE22007978	9	0	엄마 같으면 지금 차분하게 있을 수 있겠어? 어떻게 그렇게 말간 얼굴로 나를 감쪽같이 속이냐고! 이럴 땐 내가 어떻게 하는 게 현명한 부인인 거야?	N	2022-07-12 03:00:17	2022-11-08 04:15:45
BE22007978	10	1	자꾸 화만 내면 네 마음만 다쳐. 두 사람이 살아가는 인생인 건데 어떻게 네 마음대로만 될 수 있겠니. 이럴 땐 그 사람의 입장에서 한 발 떨어져서 생각해보면 네 마음도 지금보단 괜찮을 거야.	N	2022-07-12 03:00:17	2022-11-08 04:15:45
BE22007978	11	0	그래. 엄마 말대로 일단 심호흡하면서 일단 그 사람이 어떤 마음으로 이런 걸 비밀로 했는지 생각해볼게. 역지사지하기 정말 힘들다.	N	2022-07-12 03:00:17	2022-11-08 04:15:45
BE22007978	12	1	원래 다른 사람 편에서 오롯이 생각해보는 건 어려운 일이야. 그걸 못해서 인간 사회는 다 갈등으로 이뤄진 거지. 하지만 부부만큼은 서로를 이해해줘야 해.	N	2022-07-12 03:00:17	2022-11-08 04:15:45
BE22007978	13	0	엄마도 아빠와 살면서 다 겪어봐서 아는구나. 그런데 이해해주면 알아주기나 할까? 나만 힘들지는 않을까?	N	2022-07-12 03:00:17	2022-11-08 04:15:45
BE22007978	14	1	그럼 다 알지. 세상 사람들이 다 욕해도 마음 알아주는 사람 한 명만 있다면 잘 살아나갈 수 있어. 세상은 험난하고 너희 부부는 오롯이 둘밖에 없다는 걸 늘 잊지 마.	N	2022-07-12 03:00:17	2022-11-08 04:15:45
BE22007978	15	0	엄마 말대로 일단 그 사람의 편에서 이야기를 들어볼게. 너무 화내지 않고 이야기 먼저 잘 해볼게.	Y	2022-07-12 03:00:17	2022-11-08 04:15:45
