id	utterance_id	utterance_type	utterance_text	terminate	regDate	updDate
BE22018771	1	0	엄마! 저 너무 화가 나요! 동생이 제 교과서에 낙서를 해놨어요!	N	2022-09-18 15:01:10	2022-09-18 15:01:10
BE22018771	2	1	저런, 엄마가 집을 비운 사이 그런 일이 벌어졌다니, 네가 화가 많이 났겠구나. 교과서 글자가 안 보일 정도로 많이 했니?	N	2022-09-18 15:01:10	2022-11-08 05:23:24
BE22018771	3	0	네! 크레파스로 낙서해서 글자가 많이 가려졌어요. 진짜 너무 짜증 나요, 선생님이 뭐라고 하면 어떡해요!	N	2022-09-18 15:01:10	2022-11-08 05:23:24
BE22018771	4	1	선생님께 동생이 너무 어려서 잘 몰라서 그렇게 했다고 하면 이해해주실 테니 너무 걱정하지 말렴. 일부러 그런 게 아니라 너무 어려서 교과서가 중요한 건지 모르고 그냥 종이인 줄 알고 했나 봐. 그래도 네가 참 속상하겠다, 새 학기 시작한 지 얼마 안되 어서 새 책일 텐데 말이야.	N	2022-09-18 15:01:10	2022-11-08 05:23:24
BE22018771	5	0	너무 속상하고 짜증 나고 그래요. 어리다고 매번 봐주는 것도 화가 난다고요! 제 방에 그렇게 들어가지 말라고 하는데, 얘는 왜 말을 안들을까요!	N	2022-09-18 15:01:10	2022-11-08 05:23:24
BE22018771	6	1	그랬구나, 방에 누군가가 함부로 들어와서 물건을 만진다면 충분히 화가 나지, 엄마라도 그랬을 거야. 어려서 잘 모르는 것도 있겠지만, 엄마가 형 방에 함부로 들어가지 말라고 단단히 일러둘게. 다시는 그런 일 없도록 엄마가 주의를 줄 테니 마음 조금 풀렴.	N	2022-09-18 15:01:10	2022-11-08 05:23:24
BE22018771	7	0	제일 화가 나는 건, 교과서에 낙서해놓고 왜 그랬냐고 하면 울어요. 아까 아빠가 동생 우는 소리만 듣고 달려와서 저부터 혼냈어요. 진짜 너무 억울하고 화가 나서 못 견디겠다고요!	N	2022-09-18 15:01:10	2022-11-08 05:23:24
BE22018771	8	1	그런 일이 있었니? 네가 할 말을 한 것뿐인데, 정말 억울하고 화가 많이 났겠구나. 엄마가 아빠한테 충분히 그것에 대해 얘기할 테니 너무 속상해 말렴, 네가 정말 억울했겠다.	N	2022-09-18 15:01:10	2022-11-08 05:23:24
BE22018771	9	0	엄마 말고는 할머니도, 아빠도 전부 동생만 아끼는 것 같아요. 가끔 엄마가 이렇게 집에 없을 때는 너무 외롭고 힘들어요. 다들 제가 집에 없길 바라는 것 같아요!	N	2022-09-18 15:01:10	2022-11-08 05:23:25
BE22018771	10	1	아니야, 그렇지 않아, 할머니도 아빠도 널 얼마나 사랑하는데, 그건 오해란다. 오늘 일을 들어보니 네가 억울한 일을 겪어서 그런 마음이 들었겠다 싶어. 앞으로 아빠도 할머니도 널 사랑하는 진짜 마음을 잘 표현할 수 있도록 엄마가 잘 얘기해볼게.	N	2022-09-18 15:01:10	2022-09-18 15:01:10
BE22018771	11	0	알겠어요, 엄마 덕분에 글도 기분이 좀 나아졌어요. 전 진짜 엄마 없으면 어떻게 살까요!	N	2022-09-18 15:01:10	2022-09-18 15:01:10
BE22018771	12	1	엄마가 오히려 미안해. 다들 널 가장 사랑하는데, 너도 아이인데 조금 먼저 태어났다는 이유로 그렇게 속상하게 만들었으니 말이야. 앞으로 지금보다 더 많이 사랑할게, 우리 아들.	N	2022-09-18 15:01:10	2022-11-08 05:23:25
BE22018771	13	0	네, 엄마! 저도 정말 많이 사랑해요!	N	2022-09-18 15:01:10	2022-09-18 15:01:10
BE22018771	14	1	그래, 우리 아들. 앞으로도 이렇게 속상한 일 있으면 엄마한테 꼭 연락하렴!	Y	2022-09-18 15:01:10	2022-09-18 15:01:10
