id	utterance_id	utterance_type	utterance_text	terminate	regDate	updDate
BE22023904	1	0	할머니의 도움이 필요해요! 요즘 세상에 통금이 있다는 게 말이 돼요?	N	2022-10-04 05:06:37	2022-10-04 05:06:37
BE22023904	2	1	대학생이 됐는데도 아직 통금이 있는 줄은 몰랐구나. 바쁘게 즐길 시간도 부족한데 우리 손주 속상하겠네.	N	2022-10-04 05:06:37	2022-11-08 05:57:09
BE22023904	3	0	게다가 오빠는 남자라 새벽 2시까지고 나만 밤 10시까지 들어오래요. 둘 다 어엿한 성인인데 왜 나만 차별하죠? 화나고 짜증나서 울고 싶어요.	N	2022-10-04 05:06:37	2022-10-04 05:06:37
BE22023904	4	1	아직도 미숙한 어린아이로 취급 받는 기분이겠구나. 더구나 오빠랑 차별 받는 느낌이 더 기분 나쁠 것 같아. 세상이 많이 바뀌었는데 너희 부모가 좀 보수적인 건 확실하구나.	N	2022-10-04 05:06:37	2022-11-08 05:57:09
BE22023904	5	0	맞아요, 엄마 아빠 두 분 다 너무 답답해요. 게다가 밤 10시라니 고등학교 때 오히려 학원 끝나면 12시 다 돼서 들어왔다고요! 집에 10시까지 들어오려면 9시엔 일어나야해요.	N	2022-10-04 05:06:37	2022-10-04 05:06:37
BE22023904	6	1	그렇겠네. 저녁 먹고 영화 한 편 볼 시간도 없겠는걸. 친구들이랑 만나서도 제대로 수다도 못 떨고 아쉽게 헤어지겠구나. 대학생들 밤 문화가 재미있다던데 많이 아쉽겠어.	N	2022-10-04 05:06:37	2022-11-08 05:57:09
BE22023904	7	0	제가 일찍 일어나야 해서 친구들 노는 분위기도 깨뜨리는 것 같고 민망해요. 주변 사람들한테도 민폐라고요! 오빠는 여유롭게 술 마시다 외박해도 별 말씀 안 하세요.	N	2022-10-04 05:06:37	2022-10-04 05:06:37
BE22023904	8	1	딸들에게 유독 세상이 험악한 건 맞지만, 네 입장에선 분명 오빠와 차별이라 억울하겠다. 널 유독 못 미더워하는 것 같아서 화나는 게 당연하지.	N	2022-10-04 05:06:37	2022-11-08 05:57:10
BE22023904	9	0	제가 통금시간 늘여달라고 하면 엄만 할머니 핑계를 대세요. 엄마 어릴 땐 해 지는 시간이 통금이었다면서요? 그때랑 지금이랑 같냐고요!	N	2022-10-04 05:06:37	2022-10-04 05:06:37
BE22023904	10	1	저런, 내 핑계를 댄다니 할머니가 너무 미안하구나. 그땐 가로등도 별로 없을 때라 그런 시절이었지만 지금은 다르지. 옛날 얘기를 하면서 널 억압한다니 얼마나 억울할까.	N	2022-10-04 05:06:37	2022-11-08 05:57:10
BE22023904	11	0	통금 시간 때문에 친구들 보기도 면목 없고 스트레스가 너무 심해요. 이번엔 반드시 부모님 설득해서 귀가 시간을 늦출 거예요. 더는 못 참을 것 같아요!	N	2022-10-04 05:06:37	2022-10-04 05:06:37
BE22023904	12	1	그래, 너희 엄마 아빠 마음 모르는 건 아니니 조심해서 잘 다니겠다고 잘 설득해 보렴. 통금 시간 문제로 사이가 가정 불화가 생기는 건 곤란하잖아. 나도 너희 엄마한테 잘 얘기해 보마.	N	2022-10-04 05:06:37	2022-11-08 05:57:10
BE22023904	13	0	그래도 엄마 아빠가 제 얘기 안 들어주시면 어쩌죠? 너무 속상해요.	N	2022-10-04 05:06:37	2022-10-04 05:06:37
BE22023904	14	1	어려서부터 넌 늘 약속도 잘 지키고 성실하게 살아왔잖아. 대학생이 되고 한참 지났는데 지금까지도 통금 시간을 지킨 것만 봐도 정말 착한 딸이야. 네가 느끼는 억울함과 분노를 차근차근 말씀드리고 오빠와의 차별도 지적하면 흔쾌히 받아주실 것 같은데?	N	2022-10-04 05:06:37	2022-11-08 05:57:10
BE22023904	15	0	할머니가 그렇게 말씀해주시니까 저도 지난 날들을 돌아보게 되네요. 화부터 내지 말고 정말 진지하게 잘 말씀드려볼게요. 고맙습니다.	N	2022-10-04 05:06:37	2022-10-04 05:06:37
BE22023904	16	1	넌 지혜로운 아이니까 분명 좋은 결론을 얻어낼 수 있을 거다. 할머니가 응원하고 있을게.	Y	2022-10-04 05:06:37	2022-11-08 05:57:10
