id	utterance_id	utterance_type	utterance_text	terminate	regDate	updDate
BE22018131	1	0	엄마 연말이라 택시가 잡히지 않았어요. 얼마나 짜증 나던지. 오늘 추운데 밖에서 벌벌 떨었어요.	N	2022-09-14 05:41:35	2022-09-14 05:41:35
BE22018131	2	1	네가 길가에서 고생이 많았구나. 겨울인데 따뜻하게 입고 나가지.	N	2022-09-14 05:41:35	2022-11-08 05:19:33
BE22018131	3	0	이렇게 택시가 안 잡힐 줄 몰랐어요. 열심히 택시를 기다리고 있는데 내 앞에서 어떤 여자가 택시를 가로채 타고 가더라고요. 너무 화가 나서 소리 지를 뻔했어요.	N	2022-09-14 05:41:35	2022-09-14 05:41:35
BE22018131	4	1	평소 같은 날도 아니고 이렇게 추운 날 새치기하는 사람 때문에 더 기다렸다면 매우 화가 나지. 네가 오늘 정말 짜증 났겠구나. 그래도 이미 지난 일이니 너무 노여워하지 말고 잊어버리렴.	N	2022-09-14 05:41:35	2022-11-08 05:19:33
BE22018131	5	0	택시는 그로부터 30분이나 뒤에 탈 수 있었어요. 오늘 중요한 연말 약속이 있어서 늦으면 안 됐었는데 기다리는 동안 속에 불이 났어요. 먼저 택시를 가로챈 그 여자에게 너무 화가 났어요.	N	2022-09-14 05:41:35	2022-11-08 05:19:33
BE22018131	6	1	30분이나 기다렸다니 네가 정말 힘들었겠네. 감기는 걸리지 않았을까 걱정이 되는구나. 추운 날씨처럼 네 기분도 마음도 꽁꽁 얼었겠지만, 엄마가 마음을 알아줄 테니 이만 푸렴.	N	2022-09-14 05:41:35	2022-11-08 05:19:33
BE22018131	7	0	그렇지만 그 사람 때문에 제가 약속한 사람에게 가서 미안하다는 말을 수없이 해야 했어요. 심지어 그 사람은 늦을까 봐 일찍 나와서 저를 한 시간이나 기다렸다고 하더라고요. 상황을 설명할 수도 없는 노릇이고 정말 화가 났어요.	N	2022-09-14 05:41:35	2022-11-08 05:19:33
BE22018131	8	1	네가 참 난처한 상황이어서 속을 많이 끓였겠네. 하지만 자꾸 화만 내면 이미 지난 일인데 네 감정 소비만 더 되고 힘들 거야. 충분히 화를 냈다면 긍정적인 생각을 하고 잃어버리는 게 더 편안할 거야.	N	2022-09-14 05:41:35	2022-11-08 05:19:33
BE22018131	9	0	하지만 자꾸 아까의 일이 떠올라요. 억울한 심정에 분통이 터지는데 어디에다가 말할 수도 없는 노릇이었어요. 연말에 왜 이런 일만 일어나는지 모르겠어요.	N	2022-09-14 05:41:35	2022-09-14 05:41:35
BE22018131	10	1	새해에는 그런 일보다 더 좋은 일이 많을 거야. 꼭 이렇게 어쩔 수 없는 날이 있잖니. 살다 보면 별일 다 있으니 그냥 흘려보내 보는 건 어떨까.	N	2022-09-14 05:41:35	2022-11-08 05:19:33
BE22018131	11	0	살다 보면 이런저런 일이 있으니 그때마다 화를 내면 힘들긴 하죠. 내일은 오늘 같지 않을 테니 화를 풀어야겠어요.	N	2022-09-14 05:41:35	2022-09-14 05:41:35
BE22018131	12	1	우리 딸은 역시 현명해서 엄마 말을 빨리 이해한다니까. 따뜻한 코코아 먹으면서 기분 전환을 해보는 건 어떨까.	N	2022-09-14 05:41:35	2022-11-08 05:19:33
BE22018131	13	0	좋은 생각이에요. 이렇게 추운 날은 달콤하고 따뜻한 게 최고죠.	N	2022-09-14 05:41:35	2022-09-14 05:41:35
BE22018131	14	1	한잔 마시면서 올 한해를 돌아보렴. 오늘의 택시 사건도 지나고 보면 과거의 추억으로 남을 수도 있는 거니까.	N	2022-09-14 05:41:35	2022-11-08 05:19:33
BE22018131	15	0	가끔 그때 내가 이랬었지 하는 생각이 들긴 하죠. 오늘 택시 기다린 것도 그런 날의 한 장면일 수 있겠네요. 엄마 고마워요.	Y	2022-09-14 05:41:35	2022-09-14 05:41:35
