id	utterance_id	utterance_type	utterance_text	terminate	regDate	updDate
BE22024878	1	0	엄마 기숙사 옷장에 생일선물로 받은 치마를 넣어뒀는데 사라졌어요. 누가 가지고 간 거 같은데 정말 화가 나요. 작년에 아빠가 준 거라서 저에게는 무척 소중한 거예요.	N	2022-10-06 10:01:43	2022-10-06 10:01:43
BE22024878	2	1	그런 일이 있었다니 네 기분이 언짢았겠네. 잘 찾아보았니?	N	2022-10-06 10:01:43	2022-11-08 06:02:53
BE22024878	3	0	아무리 찾아도 나오지 않아요. 그렇다고 무턱대고 같이 사는 친구들을 의심할 수도 없고 화가 나요.	N	2022-10-06 10:01:43	2022-10-06 10:01:43
BE22024878	4	1	네가 정말 소중히 여기는 물건을 잃어버려서 매우 기분이 나쁘겠어. 엄마가 다음 생일 날 더 예쁜 치마 사줄 테니까 이번 일은 잊고 기분 풀렴.	N	2022-10-06 10:01:43	2022-11-08 06:02:53
BE22024878	5	0	하지만 아빠가 준 선물이기 때문에 다른 물건으로는 대체할 수가 없어요. 제가 더 잘 챙겼어야 했는데 저한테도 화가 나요.	N	2022-10-06 10:01:43	2022-10-06 10:01:43
BE22024878	6	1	때로는 의도치 않게 일어나는 사고처럼 어쩔 수 없는 일이란 것도 있으니까 너무 화내지 마. 아빠에게도 엄마가 잘 말할게. 오래 생각하면 네 마음만 상하니 얼른 잊으렴.	N	2022-10-06 10:01:43	2022-11-08 06:02:53
BE22024878	7	0	소중한 물건을 잃어버린 건 제 탓인 거 같아요. 제 실수로 잃어버린 것만 같아요. 속상하고 아직도 화가 안 풀리네요.	N	2022-10-06 10:01:43	2022-10-06 10:01:43
BE22024878	8	1	옷장에다 두었다면 네 잘못은 없단다. 너를 차책하지 마렴. 이런 일일수록 어쩔 수 없는 일이구나 하고 마음을 털고 가볍게 생각하는 게 어떨까.	N	2022-10-06 10:01:43	2022-11-08 06:02:53
BE22024878	9	0	엄마랑 얘기하니까 좀 마음이 가라앉네요. 엄마 말이 맞아요. 어쩔 수 없는 일이니 빨리 잊어버려야겠어요.	N	2022-10-06 10:01:43	2022-10-06 10:01:43
BE22024878	10	1	어차피 물건은 쓰면 없어지는 거니까. 속상하겠지만 다음부터는 소중한 물건은 더 잘 챙기면 되지.	N	2022-10-06 10:01:43	2022-11-08 06:02:53
BE22024878	11	0	주의를 더 기울여서 물건을 챙겨야겠어요. 하필 제가 정말 아끼던 물건은 잃어버렸네요.	N	2022-10-06 10:01:43	2022-10-06 10:01:43
BE22024878	12	1	언짢은 기분은 풀고 오늘은 맛있는 저녁 먹으면서 분위기 전환을 해봐. 내일 되면 다 아무렇지도 않은 일이 될 거야.	N	2022-10-06 10:01:43	2022-11-08 06:02:53
BE22024878	13	0	안 그래도 맛집을 찾아보고 있었어요. 속상한 날이니까 달콤하고 단 걸 먹어야겠어요.	N	2022-10-06 10:01:43	2022-10-06 10:01:43
BE22024878	14	1	맛있는 케이크 먹으러 가면 좋겠네. 엄마한테도 사진 찍어서 보내주렴.	N	2022-10-06 10:01:43	2022-10-06 10:01:43
BE22024878	15	0	엄마 제 얘기 잘 들어줘서 고마워요. 맛있는 거 먹고 힐링할게요. 이따 카페 가서 또 연락할게요.	Y	2022-10-06 10:01:43	2022-10-06 10:01:43
