id	utterance_id	utterance_type	utterance_text	terminate	regDate	updDate
BE22026200	1	0	엄마 아무래도 과외를 그만둬야 할 것 같아요. 과외를 받는 학생이 공부에 전혀 관심이 없거든요, 숙제를 내줘도 안 하고 말도 잘 듣지 않아요. 너무 화가 나서 더는 못하겠어요.	N	2022-10-09 17:29:31	2022-11-08 06:10:47
BE22026200	2	1	힘들게 구한 자리인데, 네가 적응하기가 쉽지 않나 보다. 아이들의 성향이 각자 모두 다르니 힘든 학생이 있을 수도 있지. 하지만 이번이 너의 첫 번째 과외 아르바이트잖아, 좋은 경험이라고 생각하고 좀 참아보면 어떻겠니.	N	2022-10-09 17:29:31	2022-11-08 06:10:47
BE22026200	3	0	저도 그러고 싶긴 한데, 이번 시험에서 성적을 올려 드리기로 부모님과 약속했거든요. 그런데 도저히 이렇게는 불가능할 것 같아요. 저는 절대 자신이 없어요.	N	2022-10-09 17:29:31	2022-11-08 06:10:47
BE22026200	4	1	그렇게 자신 없다고 단정 짓지 말고, 방법을 더 찾아보면 어떨까. 세상에는 공부를 잘하는 아이들 보다 공부에 관심이 없는 아이들이 더 많단다. 이렇게 쉽게 포기하면 너도 마음이 편하지 않을 거야, 다시 한번 깊게 생각해 보렴.	N	2022-10-09 17:29:31	2022-11-08 06:10:47
BE22026200	5	0	과외 시간에 찾아가면 집에 없을 때도 있어요, 공부 시간에 계속 핸드폰만 보고요. 부모님께 돈을 받고 하는 과외인데 화를 낼 수도 없고 정말 난감해요. 가슴 속에서 화가 치밀어 오르는 느낌이에요.	N	2022-10-09 17:29:31	2022-10-09 17:29:31
BE22026200	6	1	너는 좀처럼 화를 내지 않는 아이인데, 그렇게까지 분노를 느낀다니 엄마도 정말 안타깝다. 그럴 때는 따뜻한 차라도 한 잔 마시면서 마음을 추슬러 보렴, 기분이 한결 나아질 거야.	N	2022-10-09 17:29:31	2022-11-08 06:10:47
BE22026200	7	0	계속 이렇게 하다가 성적도 올리지 못하고 그만두게 되면 기분이 너무 좋지 않을 것 같아요. 저의 커리어에 지장을 받는 것도 싫고요. 아마 이번은 실패한 과외로 남을 것 같네요.	N	2022-10-09 17:29:31	2022-11-08 06:10:47
BE22026200	8	1	네가 이번 일로 아주 속상하고 힘들어하는 것 같아서 나도 마음이 좋지 않아. 네가 이렇게 부정적으로 생각하는 아이가 아닌데 상처가 큰 것 같아 걱정이다. 혹시 너에게 트라우마로 남지 않을까 염려스럽구나.	N	2022-10-09 17:29:31	2022-11-08 06:10:47
BE22026200	9	0	중3이면 고등학교 입시도 있고 가장 중요한 시기인데. 왜 그렇게 공부에 관심이 없는지 저는 정말 이해를 할 수가 없어요. 도대체 왜 그러는 건지 한심하고 답답해요, 제가 해 줄 수 있는 게 없네요.	N	2022-10-09 17:29:31	2022-11-08 06:10:47
BE22026200	10	1	성적을 올리는 것도 중요하지만, 우선 지금은 학생과 너의 소통이 중요할 것 같구나. 네가 가르치는 방법에 문제가 있는지, 공부가 하기 싫다면 무슨 이유라도 있는 건지. 친동생이라고 생각하고 한번 찬찬히 살펴봐 주렴, 그 아이도 너를 믿을 수 있게 말이야.	N	2022-10-09 17:29:31	2022-11-08 06:10:47
BE22026200	11	0	엄마의 말씀을 듣고 보니 그동안 저는 그 애와 공부만 하려 했지. 마음속 이야기를 들어본 적은 없는 것 같아요, 아직 어린 학생인데 무서운 선생님처럼 대하기만 했어요. 저 자신이 너무 부끄럽네요.	N	2022-10-09 17:29:31	2022-11-08 06:10:48
BE22026200	12	1	이제라도 문제가 무엇인지 알았으면 된 거야, 조급하게 생각하지 말고 조금씩 천천히 다가가 보렴. 네가 먼저 마음의 문을 연다면. 그 아이도 너를 친언니처럼 생각하고 속마음을 털어놓게 될 거다.	N	2022-10-09 17:29:31	2022-11-08 06:10:48
BE22026200	13	0	역시 엄마와 이야기하기를 잘한 것 같아요. 그 아이를 잘 가르쳐 보고 싶다는 희망과 용기가 생겼어요. 다시 한번 마음을 굳게 먹고 도전해 볼래요, 계속 지켜봐 주세요, 엄마 감사해요!	N	2022-10-09 17:29:31	2022-11-08 06:10:48
BE22026200	14	1	이제야 내가 알던 우리 딸 같구나. 너는 어릴 적부터 한번 마음먹은 일은 꼭 끝까지 해내는 아이였어. 엄마는 이번에도 네가 분명히 잘 할 수 있을 거라 믿는다, 힘내자 우리 딸!	Y	2022-10-09 17:29:31	2022-11-08 06:10:48
