id	utterance_id	utterance_type	utterance_text	terminate	regDate	updDate
BE22024098	1	0	할아버지, 나 진짜 짜증나는 일이 있었어요.	N	2022-10-04 12:19:00	2022-10-04 12:19:00
BE22024098	2	1	우리 손자가 무슨 일이 있었길래 이렇게 화가 났을까? 할아버지한테 말해줄래?	N	2022-10-04 12:19:00	2022-10-04 12:19:00
BE22024098	3	0	점심 먹고 놀이터에 가서 그네를 타려고 했는데 다들 양보를 해주지 않아서 못 타고 왔어요. 나는 그네 타려고 줄 서서 기다렸는데 다 새치기하니까 짜증이 나더라고요.	N	2022-10-04 12:19:00	2022-10-04 12:19:00
BE22024098	4	1	그네 타고 싶어서 계속 줄 서있었는데 다들 새치기를 해서 진짜 속상했겠네. 괜히 줄을 섰나 하고 후회되기도 하고 말이야.	N	2022-10-04 12:19:00	2022-11-08 05:58:18
BE22024098	5	0	할아버지 말대로 진짜 후회됐어요. 그냥 나도 새치기했으면 그네를 탈 수 있었을 텐데. 분통 터졌어요.	N	2022-10-04 12:19:00	2022-10-04 12:19:00
BE22024098	6	1	우리 손자가 많이 마음이 상했나 보구나. 그래도 할아버지는 다들 새치기를 할 때 줄을 선 네 행동은 아주 멋지고 대단하다고 생각해. 다들 쉽게 하지 못하는 행동이었을 텐데 말이야.	N	2022-10-04 12:19:00	2022-11-08 05:58:18
BE22024098	7	0	그렇긴 한데, 그래도 결국엔 그네를 못 탔으니까 너무 아쉬워요. 나도 그네를 타고 싶었는데 진짜 화가 났어요.	N	2022-10-04 12:19:00	2022-10-04 12:19:00
BE22024098	8	1	타려고 기대했던 그네를 타지 못했으니 그렇게 화가 날 법도 하지. 나였어도 정말 화가 참 많이 날 것 같은데 우리 손자는 얼마나 기분이 좋지 않았겠니. 네가 속상했을 걸 생각하니까 할아버지도 참 속상하구나.	N	2022-10-04 12:19:00	2022-11-08 05:58:18
BE22024098	9	0	정말 화가 많이 나서 옆에 있는 미끄럼틀을 대신 탔는데도 분이 안 풀리더라고요. 계속 그네에 눈길이 가고, 그네 타는 애들이 너무 부러웠어요.	N	2022-10-04 12:19:00	2022-10-04 12:19:00
BE22024098	10	1	그렇게 화나면 쉽게 안 풀릴 만도 해. 네가 기다려도 계속 차례가 돌아오지 않으니까 많이 실망했을 것 같아. 나도 어렸을 때 그런 적이 있었는데 참 어찌나 화가 나던지.	N	2022-10-04 12:19:00	2022-11-08 05:58:18
BE22024098	11	0	할아버지는 그럴 때 어떻게 했어요? 나는 화가 나고 억울해서 아무것도 못 하겠던데. 저는 그냥 다 짜증 나서 집으로 와버렸어요.	N	2022-10-04 12:19:00	2022-10-04 12:19:00
BE22024098	12	1	나는 새치기했던 친구한테 친절하게 말해보았어. 내가 앞서 줄 서있었는데, 혹시 내가 그네를 먼저 타도되겠냐고 물었더니 흔쾌히 그러라고 하더구나. 우리 손주도 다음에는 그런 방법을 써보는 건 어떨까?	N	2022-10-04 12:19:00	2022-11-08 05:58:18
BE22024098	13	0	좋은 방법인 것 같아요! 다음에는 저도 새치기하는 친구한테 잘 말해볼게요. 그러면 서로 기분 나쁘지 않을 것 같네요.	N	2022-10-04 12:19:00	2022-10-04 12:19:00
BE22024098	14	1	우리 손주, 누구를 닮아 이렇게 똑똑할까? 항상 이렇게 내 조언을 잘 들어줘서 내가 참 기쁘고 고맙단다.	N	2022-10-04 12:19:00	2022-11-08 05:58:18
BE22024098	15	0	저야말로 제 이야기 들어주셔서 감사해요. 다음에는 할아버지도 같이 놀이터에 놀러가요!	Y	2022-10-04 12:19:00	2022-10-04 12:19:00
