id	utterance_id	utterance_type	utterance_text	terminate	regDate	updDate
BE22009514	1	0	조금 전에 무척 화가 나는 일이 있었어.	N	2022-07-17 08:27:15	2022-11-08 04:25:37
BE22009514	2	1	어머, 어떤 일 때문에 그래요?	N	2022-07-17 08:27:15	2022-11-08 04:25:37
BE22009514	3	0	마트에서 장 보고 나서 핸드폰 가게를 지나가는데 말이야. 글쎄, 핸드폰을 강매하더라고. 붙잡고 오랫동안 놓아주지도 않아서 화가 다 나더라.	N	2022-07-17 08:27:15	2022-11-08 04:25:37
BE22009514	4	1	어머, 저 같아도 가는 길에 모르는 사람이 잡고 강매하면 정말 화가 날 것 같아요. 더구나 사고 싶은 생각도 없는데 강요하면 귀찮고 짜증날 수밖에 없겠네요.	N	2022-07-17 08:27:15	2022-11-08 04:25:37
BE22009514	5	0	응, 필요 없다고 몇 번이나 말했는데도 듣지 않더구나. 하도 말이 안 통해서 화가 다 났어.	N	2022-07-17 08:27:15	2022-11-08 04:25:37
BE22009514	6	1	저 같아도 같은 말 여러 번 하게 하는 사람 만나면 화날 것 같아요. 정말 갑자기 봉변을 당하셨네요.	N	2022-07-17 08:27:15	2022-11-08 04:25:37
BE22009514	7	0	더구나 난 핸드폰이 멀쩡한데도 자꾸 트집을 잡으면서 바꾸라고 하더라고. 그게 다 수작 아니겠니? 억지 부리고 놓아주지 않으니 분노가 치밀어 오르더라.	N	2022-07-17 08:27:15	2022-11-08 04:25:37
BE22009514	8	1	다 자기들 돈 벌려고 아버지를 그렇게나 괴롭혔네요. 제가 그 자리에 있었음 한 마디 했을 텐데 말이에요. 아버지 정말 화가 난 걸 보면 제가 다 속상해요.	N	2022-07-17 08:27:15	2022-11-08 04:25:37
BE22009514	9	0	분노가 진정이 안 된다. 나를 얼마나 만만하게 봤으면 그렇게 붙잡고 놓아주지 않았겠니.	N	2022-07-17 08:27:15	2022-11-08 04:25:37
BE22009514	10	1	아버지가 왜 그렇게까지 화났는지 저도 이해해요. 아무래도 저도 그런 상황이었음 아버지처럼 화냈을 거예요. 하지만 아버지가 만만해서 그런 건 아닐 거예요.	N	2022-07-17 08:27:15	2022-11-08 04:25:37
BE22009514	11	0	그럼 뭐 때문에 그렇겠니? 내가 만만하게 보인 게 아닐까 싶어서 화가 다 나는데.	N	2022-07-17 08:27:15	2022-11-08 04:25:37
BE22009514	12	1	아마 지나가는 사람들 다 붙잡고 강매했을 거예요. 그건 아버지가 만만해서 그런 게 아니니 너무 화내지 마세요. 또다시 볼 사이도 아닌데 아버지가 화내면 아버지만 손해잖아요.	N	2022-07-17 08:27:15	2022-11-08 04:25:37
BE22009514	13	0	내가 만만하게 보여서 그런가 했는데 아니라 다행이구나. 난 또 내가 만만하게 보이나 싶어서 화가 난 거지. 네 말 들으니 화가 가라앉는다.	N	2022-07-17 08:27:15	2022-11-08 04:25:37
BE22009514	14	1	네 괜한 걸로 아버지가 너무 신경 쓰니 제 마음이 더 좋지 않았어요. 이제는 괜찮아져서 다행이네요.	N	2022-07-17 08:27:15	2022-11-08 04:25:37
BE22009514	15	0	그래, 덕분에 마음에 진정이 찾아왔어.	Y	2022-07-17 08:27:15	2022-11-08 04:25:37
