id	utterance_id	utterance_type	utterance_text	terminate	regDate	updDate
BE22024951	1	0	엄마 직장에 칭찬을 부정적으로 받아들이는 동료가 있어요. 한번은 많이 먹어서 보기 좋다라는 얘기를 했는데 저에게 기분 나쁘다고 하더라고요. 정말 화가 나요.	N	2022-10-06 12:32:11	2022-10-06 12:32:11
BE22024951	2	1	사람의 성격은 다양하니까 너무 부딪치지 마. 너와 안 맞는 성격일 수도 있어.	N	2022-10-06 12:32:11	2022-11-08 06:03:20
BE22024951	3	0	그런데 제가 나쁜 얘기를 한 것도 아닌데요. 저는 정말 순수하게 잘 먹고 많이 먹는 게 보기가 좋았거든요. 저한테 사과를 하라고 하는데 화가 나요.	N	2022-10-06 12:32:11	2022-10-06 12:32:11
BE22024951	4	1	너의 진심을 몰라주고 다른 의도로 받아들이니 네 기분이 많이 언짢았겠네. 게다가 그렇게 무작정 사과까지 하라고 했으니 불쾌했겠어. 하지만 너무 오래도록 생각하면 너만 힘들어지니까 얼른 잊고 기분 풀자.	N	2022-10-06 12:32:11	2022-11-08 06:03:20
BE22024951	5	0	여기서 끝나지 않고 이 이야기를 다른 동료에게도 했어요. 그래서 제가 잘못한 걸로 몰아가는데 저는 정말 어처구니가 없고 화가 났어요.	N	2022-10-06 12:32:11	2022-10-06 12:32:11
BE22024951	6	1	그렇게까지 했다면 네가 정말 억울했겠구나. 게다가 직장에서 같이 일하는 사람들한테 그런 얘기를 했으니 네가 정말 스트레스가 심할 거 같아.	N	2022-10-06 12:32:11	2022-11-08 06:03:20
BE22024951	7	0	이 일로 사람들이 저를 안 좋게 생각할까 봐 걱정돼요. 그리고 그렇게 함부로 이 일을 자기 식대로 만 말한 동료에게 화가 나고요.	N	2022-10-06 12:32:11	2022-11-08 06:03:20
BE22024951	8	1	사람들도 네가 나쁜 의도로 말을 한 게 아니란 걸 알 테니 심각하게 생각하지 마. 그럴수록 네가 더 무던하고 의연하게 마음을 먹고사람들을 대해야 괜찮아질 거야. 누구나 받아들이는 건 다 다른 법이니까 유연한 마음을 먹자.	N	2022-10-06 12:32:11	2022-11-08 06:03:20
BE22024951	9	0	엄마한테 털어놓고 나니 그래도 마음이 한결 가라앉네요. 화를 좀 줄여야겠어요.	N	2022-10-06 12:32:11	2022-10-06 12:32:11
BE22024951	10	1	혼자 생각하면 한 방향으로만 생각하게 되니까 부정적으로 생각이 되지. 하지만 사람들은 네가 생각한 것보다 훨씬 가볍게 받아들였을 수 있어.	N	2022-10-06 12:32:11	2022-11-08 06:03:20
BE22024951	11	0	엄마 말이 일리 있네요. 제가 너무 심각하게만 생각했나 봐요. 사소한 문제일 수도 있는데요.	N	2022-10-06 12:32:11	2022-10-06 12:32:11
BE22024951	12	1	네 말을 상대가 뜻대로 받아들이지 않았다고 해서 너무 크게 생각하지 마. 원래 사람의 생각은 다 다른 거니까. 충분히 있을 수 있는 일이야.	N	2022-10-06 12:32:11	2022-11-08 06:03:20
BE22024951	13	0	그 동료에게 앞으로는 말을 조심해야겠어요. 새삼 말의 중요성을 깨닫네요. 저 먼저 조심해야겠어요.	N	2022-10-06 12:32:11	2022-10-06 12:32:11
BE22024951	14	1	이제 마음 풀고 얼른 쉬어. 내일 출근해서 사람들이랑 잘 얘기하고. 엄마한테 또 연락 줘.	Y	2022-10-06 12:32:11	2022-11-08 06:03:20
