id	utterance_id	utterance_type	utterance_text	terminate	regDate	updDate
BE22001384	1	0	내비게이션 목적지 제대로 설정한 거 맞겠지?	N	2022-06-15 03:36:04	2022-11-08 03:33:22
BE22001384	2	1	왜 그러세요, 어머니? 내비게이션이 이상한 걸까요?	N	2022-06-15 03:36:04	2022-11-08 03:33:22
BE22001384	3	0	작년에 왔던 길이랑 확연히 달라서. 아무래도 내비게이션이 길을 헤매는 거 같아.	N	2022-06-15 03:36:04	2022-11-08 03:33:22
BE22001384	4	1	그래요? GPS가 잘 안 잡히는 걸까요?	N	2022-06-15 03:36:04	2022-11-08 03:33:22
BE22001384	5	0	GPS도 잘 잡히고 있는 것 같은데 뭐가 문제인지 모르겠어. 이러면 여행 일정에 문제가 생기는데 말이야.	N	2022-06-15 03:36:04	2022-11-08 03:33:22
BE22001384	6	1	저도 운전할 때 보면 가끔씩 그렇더라고요. 그럴 때 GPS랑 모바일 데이터를 껐다 켜면 다시 되기도 하더라고요.	N	2022-06-15 03:36:04	2022-11-08 03:33:22
BE22001384	7	0	휴게소에 가서 설정을 다시 하면 도착 예정 시간이 더 늘어나지 않을까? 네 아버지는 웬만하면 계획한 일정에 맞게 움직이고 싶어 하시는데.	N	2022-06-15 03:36:04	2022-11-08 03:33:22
BE22001384	8	1	일정 좀 안 맞으면 어때요. 어차피 부모님 쉬시려고 여행 가는 건데. 이렇게 된 김에 조금 여유롭게 움직이는 게 어떠세요?	N	2022-06-15 03:36:04	2022-11-08 03:33:22
BE22001384	9	0	나야 그렇게 하고 싶은데, 너도 네 아버지 성격 알잖아. 계획한 일정에 문제 생기면 싫어하는 거.	N	2022-06-15 03:36:04	2022-11-08 03:33:22
BE22001384	10	1	물론 잘 알죠. 그래도 조금 늦는다고 해서 큰 문제가 생기는 건 아니니까 휴게소 들러서 뭐 좀 먹고 잠시 쉬었다가 가자고 해보세요.	N	2022-06-15 03:36:04	2022-11-08 03:33:22
BE22001384	11	0	그래. 휴게소 들른다고 해서 크게 늦지는 않겠지. 네 말대로 해야겠다.	N	2022-06-15 03:36:04	2022-11-08 03:33:22
BE22001384	12	1	잘 생각하셨어요. 두 분이 맛있는 것도 드시고 즐거운 여행 하셨으면 좋겠어요!	N	2022-06-15 03:36:04	2022-11-08 03:33:22
BE22001384	13	0	그래, 고맙다 얘야. 휴게소 가서 뭐 좀 먹는 김에 내비게이션 점검도 다시 해볼게.	N	2022-06-15 03:36:04	2022-11-08 03:33:22
BE22001384	14	1	네, 어머니. 기분 좋게 다녀오세요.	Y	2022-06-15 03:36:04	2022-11-08 03:33:22
