id	utterance_id	utterance_type	utterance_text	terminate	regDate	updDate
BE22008194	1	0	엄마, 저 아무래도 아르바이트 그만둬야 할 것 같아요.	N	2022-07-12 11:09:51	2022-11-08 04:17:06
BE22008194	2	1	우리 딸 무슨 일인데 그래? 설마 사장님 때문에 그러니?	N	2022-07-12 11:09:51	2022-11-08 04:17:06
BE22008194	3	0	네, 글쎄 이번 달 근무 수당이 제대로 입금되지 않았어요. 벌써 몇번째인지 모르겠어요. 사장님이 나중에 주신다고 하는 데 더는 못 참겠어요.	N	2022-07-12 11:09:51	2022-11-08 04:17:06
BE22008194	4	1	어머, 일한 대가를 받는 건데 당연히 제때 줘야지. 그것만큼 기분 나쁜 게 어디 있다고 그래. 거기다 몇번씩 그런 거면 우리 딸이 많이 화가 날 것 같은데?	N	2022-07-12 11:09:51	2022-11-08 04:17:06
BE22008194	5	0	맞아요. 처음엔 사장님이 좋으신 분인 것 같아서 이해해드렸는데 이제는 못 참겠어요. 저도 열심히 고생해서 돈을 버는 건데 이건 좀 아니지 않아요?	N	2022-07-12 11:09:51	2022-11-08 04:17:06
BE22008194	6	1	당연하지. 엄마라도 그런 상황이 생기면 너무 기분 나쁠 것 같아. 사장님이 아무리 좋은 분이라지만 지킬 건 확실히 해야지. 우리 딸이 충분히 화가 날 만해.	N	2022-07-12 11:09:51	2022-11-08 04:17:06
BE22008194	7	0	그래서 오늘 사장님한테 이 부분에 대해 말씀드렸거든요. 그런데 오히려 저한테 서운하다고 하시는 거 있죠? 마치 제가 잘못된 것처럼 이야기하시더라고요.	N	2022-07-12 11:09:51	2022-11-08 04:17:06
BE22008194	8	1	어머, 어떻게 그럴 수가 있어? 절대 우리 딸이 잘못된 게 아니니까 그렇게 생각할 필요 없어. 아무래도 심각한 문제인 것 같은데 내일이라도 다시 가서 제대로 이야기해보는 거 어때?	N	2022-07-12 11:09:51	2022-11-08 04:17:06
BE22008194	9	0	그게 좋을까요? 말이 안 통하시는 분인 것 같아서 힘이 빠져요. 마음 같아서는 정말 화내고 나오고 싶어요.	N	2022-07-12 11:09:51	2022-11-08 04:17:06
BE22008194	10	1	아이고, 우리 딸이 기분이 많이 상했나 보다. 우리 딸 심정은 충분히 이해하지만 그래도 우리 침착하게 생각해보자. 그래도 꽤 오래 일한 곳이니까 한번 잘 이야기해보는 게 어때?	N	2022-07-12 11:09:51	2022-11-08 04:17:06
BE22008194	11	0	저도 그러고 싶어요. 못 받은 수당도 얼른 받고 싶고요. 그런데 사장님은 자꾸 돈이 부족하다고 기다려 달라고 하시니까 어찌해야 할지 모르겠더라고요.	N	2022-07-12 11:09:51	2022-11-08 04:17:06
BE22008194	12	1	아무래도 사장님이 오래 일한 너에 대해 편안함을 가지고 계셨을 거야. 아무리 편해도 지켜야 할 건 지키는 게 맞으니까 이 부분에 대해 솔직히 이야기해봐. 그럼 사장님도 사과하고 문제를 해결하려 노력하시지 않을까?	N	2022-07-12 11:09:51	2022-11-08 04:17:06
BE22008194	13	0	그건 맞아요. 저도 사장님이 저한테 잘해주셔서 편하고 좋았고요. 엄마 말씀처럼 내일 다시 가서 사장님하고 잘 이야기해볼게요!	N	2022-07-12 11:09:51	2022-11-08 04:17:06
BE22008194	14	1	그래! 우리 딸은 싹싹하고 바른 사람이니까 분명히 잘 이야기할 거야. 언제든지 힘들면 엄마한테 꼭 이야기해줘야 한다?	N	2022-07-12 11:09:51	2022-11-08 04:17:06
BE22008194	15	0	네, 고마워요, 엄마. 덕분에 기분이 좀 나아졌어요. 그럼 이따가 연락드릴게요!	Y	2022-07-12 11:09:51	2022-11-08 04:17:06
