id	utterance_id	utterance_type	utterance_text	terminate	regDate	updDate
BE22017129	1	0	엄마, 제 친구가 운전면허 딴 기념으로 드라이브 나왔는데 글쎄 차선 변경도 못 해서 한참을 돌았어요. 그래서 집에 늦게 들어갈 것 같아요. 너무 화가 나요.	N	2022-09-05 13:24:08	2022-11-08 05:13:28
BE22017129	2	1	저런, 너랑 친구 모두 당황했겠구나. 지금 연락할 수 있는 상황인 거니? 위험한 건 아니니?	N	2022-09-05 13:24:08	2022-09-05 13:24:08
BE22017129	3	0	다행히 중간에 다른 친구가 운전대를 잡아서 집으로 돌아가고 있어요. 친구는 차선 하나 변경 못하는 실력으로 어쩌자고 운전대를 잡은 걸까요. 가족들이랑 저녁 식사 약속도 못 지키게 되니까 친구에게 너무 화가 나고 짜증 나요.	N	2022-09-05 13:24:08	2022-11-08 05:13:28
BE22017129	4	1	오랜만에 가족들과 먹는 저녁에 참석하지 못해 아쉬운 네 마음 이해한단다. 가볍게 떠난 드라이브에서 예상치 못한 일들이 벌어지니까 화가 날 수도 있고. 그래서 친구랑 싸운 거니?	N	2022-09-05 13:24:08	2022-11-08 05:13:28
BE22017129	5	0	싸운 건 아니지만 제가 친구에게 짜증을 엄청나게 부렸어요. 친구는 아무 말도 안 하고 있어요. 이 숨 막히는 분위기마저 너무 싫어요.	N	2022-09-05 13:24:08	2022-11-08 05:13:28
BE22017129	6	1	아이고, 친구와 다퉈 그 상황이 어색하고 힘들지? 그런데, 엄마는 우리 아들이 이번 일로 친구와 멀어지지는 않았으면 좋겠어. 너를 골려줄 생각으로 일부러 벌인 게 아닌데 이렇게 돼서 그 친구도 굉장히 미안해하고 있을 거야.	N	2022-09-05 13:24:08	2022-11-08 05:13:28
BE22017129	7	0	그건 그렇지만 결과적으로 저는 그 친구 때문에 오늘 저녁에 함께하지 못하는걸요. 즐거운 마음으로 드라이브 나왔는데 이런 결과를 맞이해서 친구에게 화가 났어요.	N	2022-09-05 13:24:08	2022-11-08 05:13:28
BE22017129	8	1	가족들과 함께하는 식사도 물론 소중하지만, 친구들과 시간을 보내는 것도 소중하고 감사한 일이란다. 차선 변경을 못 한 해프닝으로 도시에서 벗어났지만, 덕분에 오랜만에 푸릇푸릇한 자연경관을 볼 수 있었잖니?	N	2022-09-05 13:24:08	2022-11-08 05:13:28
BE22017129	9	0	내비게이션에도 잘 뜨지 않는 곳까지 가는 바람에 길 찾는다고 고생한걸요. 푸릇한 자연은 제대로 느낄 새도 없었어요!	N	2022-09-05 13:24:08	2022-11-08 05:13:28
BE22017129	10	1	비록 지금은 화도 나고 짜증이 나서 운전면허를 딴 친구가 미워지는 마음도 이해해. 그렇지만 그 친구도 친구들과 함께 즐기고 싶은 마음으로 시작한 일이라는 걸 다시 생각해줬으면 좋겠어. 예상치 못한 해프닝이 있었고 다툼이 있었지만 결국 너희가 서로에게 소중한 친구라는 건 변함없는 사실이야.	N	2022-09-05 13:24:08	2022-11-08 05:13:28
BE22017129	11	0	엄마 말이 맞아요. 그 친구에게 화난 건 사실이지만 그렇다고 이대로 그 친구를 잃고 싶지는 않아요. 친구도 사고 날까 봐 많이 무서웠을 텐데 제가 너무 심했던 것 같아요.	N	2022-09-05 13:24:08	2022-11-08 05:13:28
BE22017129	12	1	시간이 흐르고 보면 그런 것도 추억이란다. 그런 계획되지 않은 사건들이 오히려 더 큰 추억으로 기억 속에 오래 간직될 거야. 친구가 더는 미안해하지 않도록 우리 아들이 먼저 다가가면 좋을 것 같아.	N	2022-09-05 13:24:08	2022-11-08 05:13:28
BE22017129	13	0	네, 엄마. 순간의 감정에 휩쓸려 소중한 친구에게 무례했던 것 같아요. 친구에게 바로 사과하고 잘 풀도록 할게요!	N	2022-09-05 13:24:08	2022-11-08 05:13:28
BE22017129	14	1	잘 생각했단다. 집에는 늦게 와도 좋으니 친구들과 좋은 시간 보내고 오렴.	Y	2022-09-05 13:24:08	2022-11-08 05:13:28
