id	utterance_id	utterance_type	utterance_text	terminate	regDate	updDate
BE22002285	1	0	엄마, 사실 나 가끔 아빠가 원망스러워요.	N	2022-06-21 00:43:05	2022-11-08 03:39:12
BE22002285	2	1	아빠가 왜 원망스럽니, 아빠가 너한테 잘못한 거라고는 주근깨를 물려준 거밖에 없어.	N	2022-06-21 00:43:05	2022-11-08 03:39:12
BE22002285	3	0	맞아요. 바로 그 주근깨를 물려준 점 때문이에요. 제가 지금 학교에서 별명이 뭔지 알아요?	N	2022-06-21 00:43:05	2022-11-08 03:39:12
BE22002285	4	1	우리 딸 친구들이 뭐라고 부르는데? 엄마한테 말해보렴.	N	2022-06-21 00:43:05	2022-11-08 03:39:12
BE22002285	5	0	주근깨가 많아서 초코칩이래요. 친구들이 절 그렇게 부를 때마다 아빠가 원망스러워요.	N	2022-06-21 00:43:05	2022-11-08 03:39:12
BE22002285	6	1	네 마음이 어떤지 엄마도 잘 알아. 엄마도 어렸을 적 별명이 마음에 들지 않아서 뚱뚱한 부모님을 많이 원망했었거든.	N	2022-06-21 00:43:05	2022-11-08 03:39:12
BE22002285	7	0	엄마는 별명이 뭐였는데요? 저보다 더 심할 수 있어요?	N	2022-06-21 00:43:05	2022-11-08 03:39:13
BE22002285	8	1	엄마도 많았지, 엄마는 어렸을 때부터 살이 많이 쪄 있어서 돼지, 멧돼지, 꿀돼지 온갖 돼지가 되어봤단다.	N	2022-06-21 00:43:05	2022-11-08 03:39:13
BE22002285	9	0	엄마 지금은 하나도 뚱뚱하지 않잖아요.	N	2022-06-21 00:43:05	2022-11-08 03:39:13
BE22002285	10	1	맞아. 어렸을 때 별명들이 너무 싫어서 성인이 되자마자 다이어트부터 했거든. 지칭되기 싫은 별명이 내가 더 발전할 수 있는 계기가 되어줬어.	N	2022-06-21 00:43:05	2022-11-08 03:39:13
BE22002285	11	0	엄마가 무슨 이야기를 하고 싶은지 알 거 같아요. 지금 내 별명을 없애고 싶으면 노력을 해야 된다는 거죠?	N	2022-06-21 00:43:05	2022-11-08 03:39:13
BE22002285	12	1	역시 내 딸, 척하면 척이구나. 바로 알아들을 줄 알았어.	N	2022-06-21 00:43:05	2022-11-08 03:39:13
BE22002285	13	0	주근깨를 없앨 수 있는 방법들을 알아봐야겠네요.	N	2022-06-21 00:43:05	2022-11-08 03:39:13
BE22002285	14	1	그래, 엄마도 네 아빠를 설득해서 네가 피부과에 다닐 수 있게 도와줄게.	N	2022-06-21 00:43:05	2022-11-08 03:39:13
BE22002285	15	0	엄마 고마워요. 저도 엄마처럼 될 수 있게 노력해 볼게요.	Y	2022-06-21 00:43:05	2022-11-08 03:39:13
