id	utterance_id	utterance_type	utterance_text	terminate	regDate	updDate
BE22024456	1	0	엄마는 대체 명절 때마다 수십 년간 이런 스트레스를 어떻게 견디셨어요? 벌써부터 전 마음이 무겁고 분노가 치밀어요.	N	2022-10-05 08:41:01	2022-10-05 08:41:01
BE22024456	2	1	아니, 왜 우리 딸이 벌써 화가 났을까? 당일은 힘들지만 남은 연휴는 가능한 한 푹 쉬면서 보내면 좋을 텐데.	N	2022-10-05 08:41:01	2022-10-05 08:41:01
BE22024456	3	0	말로는 늘 간단히 하라고 하시면서 시댁에선 요번에도 음식 장만이 엄청나요. 그거 다 제 일거리잖아요. 다 같이 일손을 돕는 것도 아니고, 앞이 캄캄해요.	N	2022-10-05 08:41:01	2022-10-05 08:41:01
BE22024456	4	1	명절 음식은 시간만 많이 걸리지 막상 인기도 없는데 왜 또 많이 하신다니? 차례 음식 장만은 네가 주축이니 많이 힘들고 짜증나겠구나.	N	2022-10-05 08:41:01	2022-11-08 06:00:24
BE22024456	5	0	먹을 분량만 딱 하면 좋은데 넉넉하게 해서 다 싸주셔야 한다네요. 음식 가져와도 연휴 내내 애들 아빠랑 애들은 먹지도 않아요! 냉장고만 차지하니 더 화나죠.	N	2022-10-05 08:41:01	2022-10-05 08:41:01
BE22024456	6	1	결국 냉장고로 들어갈 음식을 만드느라 허리 아프게 일하려면 정말 화나지. 네 의견을 시댁에서 안 받아주시는 것도 속상한 일일 테고. 연휴 내내 먹거리 고민도 엄청 신경 쓰려면, 연휴가 너에겐 정말 스트레스겠구나.	N	2022-10-05 08:41:01	2022-11-08 06:00:24
BE22024456	7	0	차라리 명절 연휴 때는 회사에 나가는 편이 좋겠다 싶다니까요. 하루 세 끼 밥해주는 사람으로 돌변하는 것 같아서 짜증 나요. 남들은 명절 연휴에 편히 여행만 다닌다는데 전 왜 이럴까요.	N	2022-10-05 08:41:01	2022-11-08 06:00:24
BE22024456	8	1	다들 똑같이 쉬는 날인데 너만 끼니 준비하느라 동동거리려면 억울하고 속상할 테지. 전업주부도 아닌 네 입장에선 더 화나고 기막힐 노릇일 거야. 다른 가족도 함께 도와주면 너도 쉴 수 있을 텐데 말이다.	N	2022-10-05 08:41:01	2022-11-08 06:00:24
BE22024456	9	0	말로는 저더러 쉬라고 하면서 끼니는 꼭 집에서 챙겨야 한다고 생각하더라고요. 애들도 애들 아빠도 일하는 엄마에 대한 배려가 부족한 것 같아요.	N	2022-10-05 08:41:01	2022-10-05 08:41:01
BE22024456	10	1	맞벌이 하느라 너도 피곤한 건 마찬가지인데 정말 서운하겠다. 이번엔 명절 음식 장만 때도 네 남편과 아이들까지 모두 동참시켜서 일을 덜면 어때? 모두가 행복해야 집안에 평화가 오는 거라고, 기꺼이 노동 분담하자고 해봐.	N	2022-10-05 08:41:01	2022-11-08 06:00:24
BE22024456	11	0	관습에 젖어서 과연 제 말을 들어줄지 모르겠어요. 자포자기한 제 태도도 문득 화가 나네요. 명절 당일 노동은 몰라도 연휴 때는 외식하자고 해야겠어요.	N	2022-10-05 08:41:01	2022-10-05 08:41:01
BE22024456	12	1	그래, 그것도 좋은 생각이야. 명절 때마다 스트레스에 힘들어 하는 널 보면 너무 안쓰럽고 괴로워. 넌 엄마와 다른 세대이니, 명절엔 음식 장만 대신 여행을 떠나는 삶을 누리면 좋겠다.	N	2022-10-05 08:41:01	2022-11-08 06:00:24
BE22024456	13	0	그러게요, 정말 저도 달리 살고 싶어요. 사실 엄마도 평생 명절 노동에 힘쓰셨는데 다음 명절 땐 우리 모녀 여행을 떠나볼까요? 반란을 일으키는 거죠.	N	2022-10-05 08:41:01	2022-11-08 06:00:24
BE22024456	14	1	진짜로 그러면 정말 재미있을 것 같구나. 네 아버지랑 네 남편이 어떻게 나올지 생각만 해도 재미있고 기대가 되는걸. 앞으로는 우리가 먼저 변해야 해.	N	2022-10-05 08:41:01	2022-11-08 06:00:24
BE22024456	15	0	네, 맞아요. 미리 포기하지 말고 차차 모두의 생각을 변화시키도록 함께 노력해요. 다음 명절엔 꼭 모녀 여행을 떠날 수 있도록!	Y	2022-10-05 08:41:01	2022-11-08 06:00:24
