id	utterance_id	utterance_type	utterance_text	terminate	regDate	updDate
BE22010944	1	0	오늘 산처럼 쌓인 설거지를 해치우려고 고무장갑을 끼었는데 거짓말처럼 주방세제가 바닥이다. 아침 일찍 나가서 일도 보고 장도 싹 봐왔는데 주방세제만 딱 사오지 않았어. 너무 허탈하고 나 자신에게 화가 난다.	N	2022-07-22 03:49:20	2022-11-08 04:34:46
BE22010944	2	1	생각만 해도 아찔하고 화나겠어. 엄마. 차근차근 일할 준비 다 해놓았는데 중간에 맥이 풀려버리면 다 놓아버리고 싶잖아. 아침부터 고생 많았는데 너무 속상하겠다.	N	2022-07-22 03:49:20	2022-11-08 04:34:46
BE22010944	3	0	지금 너무 기가 막혀서 고무장갑 던져버리고 앉아 있어. 설거지 더미가 쌓인 게 계속 보이는데 부아가 치밀어. 너무 화가 나.	N	2022-07-22 03:49:20	2022-11-08 04:34:46
BE22010944	4	1	정리 안 된 모습이 자꾸 보이면 나도 짜증 나더라고. 게다가 정리하려고 마음먹었는데 세제가 없다니 얼마나 짜증 나겠어. 나였어도 정말 화났을 거야.	N	2022-07-22 03:49:20	2022-11-08 04:34:46
BE22010944	5	0	그러게 말이야. 안 그래도 요새 집안일이 자꾸 미뤄져서 오늘 한 번 대청소하려고 했는데 이렇게 탁 막혀버리니 원. 울화통이 확 터지더라니까.	N	2022-07-22 03:49:20	2022-11-08 04:34:46
BE22010944	6	1	큰마음을 먹었는데 딱 세제에서 막혀버린 거구나. 세제가 있었으면 기분 좋게 청소했을 텐데. 창문 열고 바람 한번 쐬는 건 어때?	N	2022-07-22 03:49:20	2022-11-08 04:34:46
BE22010944	7	0	안 그래도 문 활짝 열고 냉수 한잔 마시고 있어. 세제 하나 없는데 어떻게 이렇게 기분이 한순간에 분노로 바뀔 수가 있니.	N	2022-07-22 03:49:20	2022-11-08 04:34:46
BE22010944	8	1	원래 사람 기분이 작은 일 하나로 왔다 갔다 하곤 하잖아. 별거 아닌 일로도 하루에 천국과 지옥을 왔다 갔다 하는 경우도 생기곤 하잖아. 안 그래?	N	2022-07-22 03:49:20	2022-11-08 04:34:46
BE22010944	9	0	맞아. 그러곤 하지. 실컷 화내고 나니까 이제는 좀 허탈해서 웃음이 다 나오네. 그깟 설거지야 조금 미루고 슬슬 세제 사러 나갔다 와도 되는 일인데 말이야.	N	2022-07-22 03:49:20	2022-11-08 04:34:46
BE22010944	10	1	오, 긍정적인 사고의 전환 대단한데? 원래 그렇게 분노의 상태에 있다가 긍정적으로 생각하기 쉽지 않은데, 엄마 대단하다.	N	2022-07-22 03:49:20	2022-11-08 04:34:46
BE22010944	11	0	우리 아들이 잘 들어줘서 그런가 좋은 쪽으로 생각이 잘 흘러가네. 문 활짝 열고 공기가 느껴지니까 기분도 전환되고 괜찮아졌어. 아들 덕분이야. 고마워.	N	2022-07-22 03:49:20	2022-11-08 04:34:46
BE22010944	12	1	그렇다면 다행이다. 집안일이라는 게 해도 티가 안 나고 누가 알아주지도 않잖아. 그동안 내가 엄마 수고를 몰라줬다는 생각에 순간 고맙고, 미안한 감정이 들었어.	N	2022-07-22 03:49:20	2022-11-08 04:34:46
BE22010944	13	0	엄마는 늘상 하는 일이니까. 엄마도 인지하지 못하고 있었는데 아들이 그렇게 알아주니 너무 뿌듯하다. 먼저 그렇게 알아봐줘서 고마워 아들.	N	2022-07-22 03:49:20	2022-11-08 04:34:46
BE22010944	14	1	저도 늘 감사하고 있습니다. 오늘 저녁은 내가 맛있는 거 사갈까? 저녁 설거지는 건너뛰어 보는 게 어때?	N	2022-07-22 03:49:20	2022-11-08 04:34:46
BE22010944	15	0	좋지. 아들한테 연락하길 잘했다. 고마워.	Y	2022-07-22 03:49:20	2022-11-08 04:34:46
