id	utterance_id	utterance_type	utterance_text	terminate	regDate	updDate
BE22025773	1	0	아빠, 어젯밤에 세상을 떠난 우리 집 강아지를 잘 묻어줬어요. 대체 누가 개에게 치명적인 포도를 우리 집 마당에 던져 준 걸까요? 이런 끔찍한 일을 저지른 사람에게 너무나 화가 나요!	N	2022-10-08 14:20:38	2022-10-08 14:20:38
BE22025773	2	1	네가 어릴 적 데려와 지금까지 함께 자란 형제 같은 아이였지. 그런 소중한 가족을 허망하게 잃어 네가 얼마나 분하고 속상할까. 나도 그 아이를 많이 아꼈던 만큼 마음이 아프단다.	N	2022-10-08 14:20:38	2022-11-08 06:08:14
BE22025773	3	0	강아지는 정말 착한 아이였어요. 돌아오면 언제나 제일 먼저 달려와 절 반겨주는데, 몽글몽글한 강아지를 안으면 모든 근심과 피로가 사라졌어요. 이제 더는 강아지를 볼 수 없다니 울화가 치밀어요!	N	2022-10-08 14:20:38	2022-10-08 14:20:38
BE22025773	4	1	너무 화내지 말렴, 강아지도 네가 이렇게 괴로워하길 바라지 않을 거야. 사실 강아지도 노견이어서 이번 일이 아니었어도 그리 오랫동안 우리와 함께하지 못했을 거야. 쉽지 않겠지만, 피할 수 없는 이별이 조금 더 일찍 왔을 뿐이라고 생각해주렴.	N	2022-10-08 14:20:38	2022-11-08 06:08:14
BE22025773	5	0	하지만 이번 일이 아니었다면, 적어도 편안하게 저희 품에서 떠날 수 있었겠죠! 강아지가 밤새 얼마나 아프고 무서웠을지 생각하면, 범인을 절대 용서할 수 없어요!	N	2022-10-08 14:20:38	2022-10-08 14:20:38
BE22025773	6	1	네가 지금 얼마나 분노에 차 있을지 잘 알아. 하지만 네가 복수한다고 하더라도 떠나간 강아지는 다신 돌아오지 않는단다. 끝이 허망한 복수에 집착하지 말고, 강아지가 우리에게 남겨준 추억들에 감사한다면 네 마음도 가벼워질 거야.	N	2022-10-08 14:20:38	2022-11-08 06:08:14
BE22025773	7	0	이대로 아무것도 하지 못한 편이 더 허망할 거예요! 전 범인에게 뭘 하고 싶은 게 아니라 최소한의 변명과 사죄를 듣고 싶어요! 그것마저 없으면 이 분노를 어찌해야 할지 모르겠어요.	N	2022-10-08 14:20:38	2022-10-08 14:20:38
BE22025773	8	1	미안하다, 사실은 이웃집 할머니가 고향에서 보낸 포도를 선물로 우리 집 앞에 두고 가셨다고 하더구나. 강아지가 먹으면 안 되는 건지 전혀 모르셨다고 하셔. 미안하지만, 이해해주렴, 할머니도 강아지를 무척 아끼셨고, 이렇게 돼서 정말 미안해하고 계신단다.	N	2022-10-08 14:20:38	2022-11-08 06:08:14
BE22025773	9	0	그렇게 말씀하시면 어떻게 제가 더 이상 어떻게 할머니께 화낼 수 있겠어요. 사실 가장 원망스러운 것은 바로 저 자신이에요! 제가 좀 더 일찍 눈치챘다면 강아지는 지금도 건강하고 활기차게 우리 곁을 지켰을 테니깐요.	N	2022-10-08 14:20:38	2022-10-08 14:20:38
BE22025773	10	1	자책하지 말렴, 넌 강아지를 위해 최선을 다했었단다. 강아지의 식단도 운동도 네가 조사하면서까지 세심하게 관리하고, 강아지가 어떤 난장판을 만들어도 불평 없이 책임졌었지. 모두 자고 있던 지난 새벽에 일어난 일은 결코 네 탓이 아니야.	N	2022-10-08 14:20:38	2022-11-08 06:08:14
BE22025773	11	0	고마워요. 아빠, 강아지가 죽음이 누구의 악의로 인한 것이 아니란 게 조금 위안이 돼요. 아빠 말씀대로 화에 차 있는 제 모습을 강아지가 좋아하지 않을 거예요. 어렵지만 이 모든 일을 순리로 받아들이려 노력하니 마음이 진정되네요.	N	2022-10-08 14:20:38	2022-10-08 14:20:38
BE22025773	12	1	강아지를 누구보다 아끼던 네가 마주한 비극에 정말 걱정을 많이 했단다. 하지만 이렇게 씩씩하게 다시 일어나 줘서 정말 고맙구나.	N	2022-10-08 14:20:38	2022-11-08 06:08:14
BE22025773	13	0	아빠가 위로해주시지 않으셨다면 틀림없이 지금도 이성을 잃고 범인을 찾으려 애쓰고 있었을 거예요. 진상을 알고 나면 자신을 용서하지 못했겠죠. 새삼 늘 절 생각해주시는 아빠에게 정말 많은 은혜를 받아왔네요.	N	2022-10-08 14:20:38	2022-10-08 14:20:38
BE22025773	14	1	아빠야말로 네가 태어나고 나서 많은 걸 너로부터 배웠단다. 네가 없었더라면 난 여전히 젊은 시절의 철없는 모습 그대로였을 거야. 이제는 네 행복이 나에게 가장 소중하단다.	Y	2022-10-08 14:20:38	2022-11-08 06:08:14
