id	utterance_id	utterance_type	utterance_text	terminate	regDate	updDate
BE22014708	1	0	할머니. 요새 누가 저희 집 앞에 무단으로 쓰레기 버리고 있다는 얘기 들으셨어요? 너무 화가 나요. 사실 제가 어제 범인이 누군지 봤는데 부모님께 말씀을 못 드리고 있어요.	N	2022-08-19 04:00:11	2022-08-19 04:00:11
BE22014708	2	1	응. 저번 주에 네 아버지가 얘기해 주더구나. 그런데 범인을 봤다고? 확실하게 누군지 알고 있는 거니?	N	2022-08-19 04:00:11	2022-08-19 04:00:11
BE22014708	3	0	네. 어제 학원 수업이 늦게 끝나서 평소보다 늦은 시간에 집에 갔는데 그때 봤어요. 바로 옆집 아저씨가 범인이었어요! 누구든지 걸리면 으름장을 내줄 거라 다짐했는데 막상 그 상황을 목격하니 당황해서 아무것도 못 했어요.	N	2022-08-19 04:00:11	2022-08-19 04:00:11
BE22014708	4	1	아무렴 나였어도 당황해서 아무 말도 못 했을 것 같구나. 게다가 너보다 어른이니 나서기도 힘들고 말이야. 괜찮으니 자책하지 말렴.	N	2022-08-19 04:00:11	2022-11-08 04:58:34
BE22014708	5	0	우리 집이 큰 피해를 입는다는 걸 알 텐데도 꾸준히 저러시니 화가 나 죽겠어요. 이제 마주칠 때마다 너무 밉고 싫을 것 같아요. 어떻게 저런 파렴치한 행동을 할 수가 있죠?	N	2022-08-19 04:00:11	2022-08-19 04:00:11
BE22014708	6	1	몰상식한 이웃 때문에 우리 손녀가 많이 스트레스구나. 아버지 말로는 음식물도 섞여 있다던데 네 식구들이 얼마나 고생이 많니. 그런데 왜 부모님께는 말씀드리지 않는 거니?	N	2022-08-19 04:00:11	2022-11-08 04:58:34
BE22014708	7	0	그 아저씨 인상도 험하고 무서운 일을 하는 것 같아서요. 부모님께서 아시고 찾아갔다가 괜히 변이라도 당하실까 봐 걱정돼요. 양심 없는 짓을 해놓고 뻔뻔하게 지내는 것만 봐도 보통 사람이 아닐 것 같고요.	N	2022-08-19 04:00:11	2022-08-19 04:00:11
BE22014708	8	1	수험생활 하느라 힘든데 부모님까지 생각하는 마음이 너무 예쁘구나. 게다가 누가 범인인지도 아는데 말도 못 하고 끙끙대고만 있으니 할머니 마음이 아려 와. 쓰레기 무단 투기 신고로 고충을 해결하는 방법은 생각해 봤니?	N	2022-08-19 04:00:11	2022-11-08 04:58:34
BE22014708	9	0	그런 걸로도 신고를 할 수 있어요? 저는 주민들끼리 직접 해결해야 하는 줄로만 알고 있었어요. 갑자기 빛 한줄기가 내려오는 것처럼 희망이 생긴 것 같아요!	N	2022-08-19 04:00:11	2022-08-19 04:00:11
BE22014708	10	1	신고라는 방법이 있는 줄 몰랐으니 고민이 많았겠구나. 이러지도 저러지도 못하는 상황이었으니 말이야. 나였어도 스트레스가 커서 감정적으로 힘들었을 것 같구나.	N	2022-08-19 04:00:11	2022-11-08 04:58:34
BE22014708	11	0	할머니께서 제 고충을 알아주시니 마음이 풀리는 것 같아요. 게다가 이제 아침마다 쓰레기를 보면서 스트레스받는 일이 없을 것 같아 기분이 좋아졌어요.	N	2022-08-19 04:00:11	2022-11-08 04:58:34
BE22014708	12	1	우리 손녀의 고민이 해결되었다니 할머니도 기쁘구나. 누군가를 미워하는 것도 심적으로 부담이 얼마나 큰지 할머니도 잘 알고 있단다. 그동안 혼자 가슴앓이 했을 손녀를 생각하니 안타까운 마음이야.	N	2022-08-19 04:00:11	2022-11-08 04:58:34
BE22014708	13	0	할머니께 털어놓길 잘했다는 생각이 들어요. 신고라는 방법이 있으니 이제 마음이 놓여요. 어떻게 해결해야 할지 막막하고 자꾸 불길한 생각만 떠올라서 공부도 손에 안 잡히고 불안했거든요.	N	2022-08-19 04:00:11	2022-11-08 04:58:34
BE22014708	14	1	저런. 마음고생이 심했구나. 앞으로도 이런 일 있으면 할머니한테 꼭 얘기해 주렴. 할머니는 항상 네 곁에서 고민도 들어주고 해결해 줄 거란다.	N	2022-08-19 04:00:11	2022-11-08 04:58:34
BE22014708	15	0	할머니가 계셔서 든든하고 행복해요. 정말 감사해요.	Y	2022-08-19 04:00:11	2022-08-19 04:00:11
