id	utterance_id	utterance_type	utterance_text	terminate	regDate	updDate
BE22017748	1	0	아빠, 이번에도 요리에 실패해서 분노가 치솟아요. 매번 요리할 때마다 들이는 정성에 비해 별 성과를 얻지 못하니 화가 나네요.	N	2022-09-12 05:57:48	2022-11-08 05:17:17
BE22017748	2	1	무슨 일이길래 그래? 요리했는데 음식이 맛이 없었니?	N	2022-09-12 05:57:48	2022-09-12 05:57:48
BE22017748	3	0	호박볶음을 했는데 호박국이 되어버렸어요. 물 조절을 못해서 제대로 실패한 거죠. 제 뜻대로 요리가 나오지 않으니까 너무 화가 나고 짜증 나요.	N	2022-09-12 05:57:48	2022-11-08 05:17:17
BE22017748	4	1	마음대로 되지 않아서 이렇게 짜증이 났나 보네. 나도 그 마음 잘 알지. 남들은 척척 잘 해내는 걸 왜 나는 못 할까 싶어서 나 자신이 한심하게 느껴지잖아.	N	2022-09-12 05:57:48	2022-11-08 05:17:17
BE22017748	5	0	자취하는 애인한테 반찬 만들어서 주겠다고 하고 요리한 거였거든요. 근데 이렇게 국이 되어버려서 약속도 못 지키게 됐어요. 항상 요리할 때마다 망쳐서 짜증만 나고 더는 하고 싶지 않네요.	N	2022-09-12 05:57:48	2022-11-08 05:17:17
BE22017748	6	1	사실 모든 지 처음 할 땐 어려울 수밖에 없지. 그렇다고 아들아, 못하는 자신에게 스트레스를 너무 받지 말렴. 누구나 처음부터 완벽할 수는 없잖아, 다음에 또 하면 잘 만들 수 있을 거야.	N	2022-09-12 05:57:48	2022-11-08 05:17:17
BE22017748	7	0	전 정말 요리에 재능이 없는 것 같아서 신경질이 나요. 애인이랑 TV 시청하다가 호박볶음 만드는 법을 설명하는 프로그램을 보고, 제가 해주겠다고 한 거였거든요. 그때는 그게 너무 쉬워 보여서 저도 할 수 있을 거라고 생각했어요.	N	2022-09-12 05:57:48	2022-11-08 05:17:17
BE22017748	8	1	예상치 못한 결과가 나타났을 뿐 달리 생각하면 요리가 실패한 것도 아니고 즐거운 경험이잖아! 이번의 경험을 배움으로 받아들이면 다음엔 제대로 원하는 요리를 할 수 있을 거야. 당장은 화가 나겠지만 시간이 지나면 별일 아닌 걸 알 테니 화내지 않았으며 해.	N	2022-09-12 05:57:48	2022-11-08 05:17:17
BE22017748	9	0	하지만 제가 원하던 결과가 아니라서 너무 화가 나요. 애인한테는 호박볶음을 해준다고 했는데 호박국을 주면 볼품없어 보일 것 같아요.	N	2022-09-12 05:57:48	2022-11-08 05:17:17
BE22017748	10	1	상대방도 요리가 어떻게 나왔든 간에 이해해줄 거야. 무언가를 주겠다는 그 마음에 도리어 고마움을 느낄 테니까 마음을 진정시켰으면 해. 마음을 해칠 정도로 화내는 건 도움도 안 되잖아, 마음을 달래는 게 너에게도 이로울 거야.	N	2022-09-12 05:57:48	2022-11-08 05:17:17
BE22017748	11	0	사실 애인이 요리 못한 제 모습을 보고 실망할까 봐 그것 때문에 스트레스였거든요. 근데 아빠 말 들어보니 애인이 이해해줄 수 있다고 생각하니까 좀 진정이 되네요. 맞아요, 제가 화를 내봤자 저만 더 스트레스를 받을 뿐이겠죠.	N	2022-09-12 05:57:48	2022-11-08 05:17:17
BE22017748	12	1	응, 요리란 게 사실 결과보단 정성이 더 중요한 거잖아. 아마 애인도 네 마음을 느끼고 국이라고 해도 감동할 거야.	N	2022-09-12 05:57:48	2022-11-08 05:17:17
BE22017748	13	0	그런 걸 생각도 못 하고 제가 결과물에만 집착해서 너무 욱해 있었네요. 아빠한테 진작 말할 걸 그랬나 봐요. 이렇게 같이 대화 나누니까 이제 더는 화가 안 나요.	N	2022-09-12 05:57:48	2022-11-08 05:17:17
BE22017748	14	1	그래, 금방 진정이 돼서 다행이야. 하면 할수록 실력이 느니까 못하는 과정에선 너무 스트레스를 받지 않기를 바랄게! 원래 다들 그렇게 하면서 하나씩 해내더라고!	N	2022-09-12 05:57:48	2022-11-08 05:17:17
BE22017748	15	0	네, 무슨 말인지 알겠어요. 다음에는 이런 걸로 화내지 않을게요!	Y	2022-09-12 05:57:48	2022-09-12 05:57:48
