id	utterance_id	utterance_type	utterance_text	terminate	regDate	updDate
BE22014887	1	0	와, 엄마 저 지금 너무 화가 나서 못 견디겠어요! 아, 진짜 흥분이 가라앉질 않는다고요!	N	2022-08-19 07:31:25	2022-11-08 04:59:41
BE22014887	2	1	왜, 아들 무슨 일 있어? 무슨 일이길래 이렇게 화가 많이 났어!	N	2022-08-19 07:31:25	2022-11-08 04:59:41
BE22014887	3	0	지금 카페에 왔는데 어떤 애들이 엄청나게 뛰어다니더라고요! 부모님들이 말리지도 않더니 결국 책상에 부딪혀서 제 노트북에 커피 쏟았어요. 아, 어떡하죠? 너무 분노가 치밀어요.	N	2022-08-19 07:31:25	2022-11-08 04:59:41
BE22014887	4	1	어휴, 그런 일이 있었구나, 아끼는 노트북에 그렇게 커피가 쏟아졌으니 얼마나 화가 날까! 한두푼 하는 물건이 아니라 노트북은 또 고가의 물건이니 네가 많이 놀랐겠구나!	N	2022-08-19 07:31:25	2022-11-08 04:59:41
BE22014887	5	0	맞아요, 부모님이 죄송하다고 사과하는데 너무 화가 나서 표정 관리가 안 되더라고요! 고장 난 데는 없는 것 같은데 그래도 화가 가라앉질 않아요.	N	2022-08-19 07:31:25	2022-11-08 04:59:41
BE22014887	6	1	엄마라도 그런 일을 겪었다면 정말 화가 났을 것 같아. 공공장소에서 왜 뛰는 걸 말리지 않았을까 그렇게 생각되어 더 화가 날 것 같아. 거기다가 아이들이라 더 크게 화도 못 내니 울분이 가라앉질 않는 거지?	N	2022-08-19 07:31:25	2022-11-08 04:59:41
BE22014887	7	0	네, 맞아요. 공공장소에서 뛰어다닌 건 물론 너무 잘못했는데 애들이라서 뭐라 크게 화도 못 내겠더라고요.	N	2022-08-19 07:31:25	2022-11-08 04:59:41
BE22014887	8	1	아휴, 우리 아들 그래도 애들이라고 화도 안 내고 정말 침착한 사람이구나. 그런 순간에 상대를 봐서 이성을 가지고 행동하기란 쉽지 않은 거거든. 그 부모님들도 너의 그런 모습 보고 아마 더 네게 미안한 마음이 들 거야.	N	2022-08-19 07:31:25	2022-11-08 04:59:41
BE22014887	9	0	휴, 엄마 말씀 들으니 마음이 조금씩 가라앉네요. 진짜 노트북에 커피가 순식간에 쏟아지는데 슬로우 모션 보는 것 같았다니까요!	N	2022-08-19 07:31:25	2022-08-19 07:31:25
BE22014887	10	1	모든 사건이 그렇게 벌어지잖니, 순식간에! 그런데 그 순간이 충격적일수록 슬로우 모션으로 기억되지. 어휴, 우리 아들 카페에서 큰일을 겪었구나, 화내지 않고 참았다니 정말 대견하다, 잘했어.	N	2022-08-19 07:31:25	2022-11-08 04:59:41
BE22014887	11	0	엄마 덕분에 마음이 많이 가라앉았어요, 감사해요! 앞으로 노트북과 커피는 멀리 떨어트려 놓아야겠어요.	N	2022-08-19 07:31:25	2022-11-08 04:59:41
BE22014887	12	1	그래, 아들. 앞으로 애들이 있다면 혹시 모르니 네 말대로 커피를 치워두는 게 좋을 것 같아. 그리고 그런 일 잘 없으니까 너무 걱정하지 말고, 네 마음만 잘 추스르렴.	N	2022-08-19 07:31:25	2022-11-08 04:59:41
BE22014887	13	0	네 엄마. 엄마 덕분에 화 다 풀렸어요, 휴. 감사해요, 이제 다시 작업하러 갈게요.	N	2022-08-19 07:31:25	2022-08-19 07:31:25
BE22014887	14	1	그래, 노트북 고장 안 났다니 너무 다행이구나. 잘 다녀오렴!	Y	2022-08-19 07:31:25	2022-11-08 04:59:41
