id	utterance_id	utterance_type	utterance_text	terminate	regDate	updDate
BE22026222	1	0	엄마, 주말 잘 보내셨어요? 저는 요즘 아파트 주차장을 지날 때마다 화가 나요.	N	2022-10-09 21:09:31	2022-10-09 21:09:31
BE22026222	2	1	우리 딸, 무슨 일인데 그래? 새로 구입한 차에 문제라도 생겼어?	N	2022-10-09 21:09:31	2022-10-09 21:09:31
BE22026222	3	0	큰 맘 먹고 구입한 건데, 제가 신중하지 못했던 것 같아서 스스로에게 분노가 밀려와요. 막상 탈 일이 거의 없으니 화도 나고요.	N	2022-10-09 21:09:31	2022-10-09 21:09:31
BE22026222	4	1	우리 딸이 자동차 때문에 화가 난 것 같구나. 엄마는 네 이야기만 들어도 마음이 무거워지네.	N	2022-10-09 21:09:31	2022-11-08 06:10:55
BE22026222	5	0	처음 구입했을 때는 가끔 운전했는데, 이제는 늘 주차장에만 있는 걸 보면 울화통이 터져요. 주변 사람들의 시선을 의식해서 차를 구입한 나 자신에게 화가 나요.	N	2022-10-09 21:09:31	2022-10-09 21:09:31
BE22026222	6	1	우리 딸은 워낙 낙천적인 성격이라 웬만해서 이렇게 화를 내지 않는데. 오죽 분노가 치밀었으면 엄마한테 연락했을까 싶어서 엄마도 마음이 좋지 않구나.	N	2022-10-09 21:09:31	2022-11-08 06:10:55
BE22026222	7	0	좀 더 신중하게 결정하라는 엄마의 조언을 듣지 않은 것도 후회되고 속상해요. 환불할 수 있는 물건도 아니어서, 정말 화가 나서 분을 삭일 수 없어요.	N	2022-10-09 21:09:31	2022-10-09 21:09:31
BE22026222	8	1	우리 딸이 스스로에게 단단히 화가 난 것 같구나. 무슨 말로 우리 딸 마음을 풀어 줄 수 있을지 모르겠구나.	N	2022-10-09 21:09:31	2022-11-08 06:10:55
BE22026222	9	0	현명한 소비를 해야 한다고 엄마가 입버릇처럼 가르쳐 주셨는데, 못난 제 모습을 보니 화가 나요. 예전의 실수를 반복하고 있는 것 같아서 실망스럽고요.	N	2022-10-09 21:09:31	2022-10-09 21:09:31
BE22026222	10	1	누구나 실수를 통해 배우는 법이니, 우리 딸이 너무 화내지 않았으면 좋겠어. 우리 딸은 아무리 화나는 일이 있어도, 지혜롭게 마음의 평정을 되찾잖아. 그러니 너무 속상해 하지 말고 얼른 마음 편안하게 가져.	N	2022-10-09 21:09:31	2022-11-08 06:10:55
BE22026222	11	0	부족한 딸을 늘 격려해 주셔서 정말 감사해요, 엄마. 다음에는 같은 실수 반복하지 않도록 할게요.	N	2022-10-09 21:09:31	2022-10-09 21:09:31
BE22026222	12	1	그래, 엄마도 가끔 그런 실수를 하기도 해. 우리 딸이 밝은 모습으로 돌아와서 엄마도 기분이 좋아.	N	2022-10-09 21:09:31	2022-11-08 06:10:55
BE22026222	13	0	다음에 연락드릴 때는 기분 좋은 이야기만 들려 드릴게요. 오늘 부끄러운 모습을 보여 드린 것 같아 죄송해요.	N	2022-10-09 21:09:31	2022-11-08 06:10:55
BE22026222	14	1	엄마는 이렇게 투덜거리는 우리 딸 모습도 괜찮아. 오늘 푹 쉬고 즐겁게 다음 한 주 시작해.	N	2022-10-09 21:09:31	2022-11-08 06:10:55
BE22026222	15	0	평소에 말로 표현은 못 하지만, 엄마 딸인 게 늘 자랑스러워요. 항상 감사하게 생각해요. 엄마도 푹 주무세요.	Y	2022-10-09 21:09:31	2022-10-09 21:09:31
