id	utterance_id	utterance_type	utterance_text	terminate	regDate	updDate
BE22022726	1	0	엄마 제가 오늘 학교에서 제테크 강의를 한다길래 듣고 왔어요. 사전에 질문 시간이 따로 있으니, 강의 중에는 되도록 질문을 자제해달라고 했어요. 근데 수강 중에 다른 학생이 강사에게 경제 뉴스를 읽는 방법을 질문해서 많이 화가 났어요.	N	2022-09-29 13:30:17	2022-09-29 13:30:17
BE22022726	2	1	열심히 배우려는 의지로 그 수업에 갔을 텐데, 수업 진행을 누군가가 방해해서 많이 화가 났겠구나. 규칙을 어기고 모두에게 피해를 준다면 당연히 그런 분노가 생길 것 같아.	N	2022-09-29 13:30:17	2022-11-08 05:50:12
BE22022726	3	0	분명 질문 시간을 따로 준다고 했는데, 왜 규칙을 지키지 않는 걸까요? 일대일 강의도 아니고 많은 학생들이 함께 하고 있는 자리인데 말이에요. 정말 이해가 안 가고 화가 치밀어요.	N	2022-09-29 13:30:17	2022-11-08 05:50:12
BE22022726	4	1	공적인 자리에서 그런 식으로 맥을 끊는 행동이 정말 화가 나고 모두가 예민해지는 일일 거야. 그 친구가 그 부분은 실수를 했던 것 같네. 엄마는 네가 왜 그렇게 화가 나고 표정이 어두웠는지 이해가 되는구나.	N	2022-09-29 13:30:17	2022-11-08 05:50:12
BE22022726	5	0	그래도 강사님이 친절하게 이후 질문 시간을 통해 해결하면 좋겠다고 말했어요. 근데 그 학생은 자꾸 해결을 해야 듣는데 도움이 될 것 같다며 막무가내로 행동했어요. 진짜 머리 끝까지 화가 가득해요.	N	2022-09-29 13:30:17	2022-09-29 13:30:17
BE22022726	6	1	우리 딸도 그렇고 거기 있는 모두가 난처하고 화가 났겠구나. 충분히 설명을 해줬는데도 그렇게 행동하니까 다들 지치고 힘들었겠다. 그럼에도 그 화가 나는 감정을 이렇게 잘 정리해서 말하는 게 아주 멋있구나.	N	2022-09-29 13:30:17	2022-11-08 05:50:12
BE22022726	7	0	보다 못한 강사님이 경제 뉴스를 읽는 법을 조금 설명해주셨어요. 다른 학생들의 표정을 살폈는데, 다들 얼굴에 화가 가득하더라고요. 같은 학교 학생으로서 민망하고, 학교 이미지에 먹칠을 하는 것 같아 화가 나요.	N	2022-09-29 13:30:17	2022-11-08 05:50:12
BE22022726	8	1	함께 하는 공동체 사회에서 지켜야 할 예의를 벗어난 행동을 많이 보였으니 얼마나 기가 막히고 화가 났을까. 그래도 그 친구가 학구열이 뛰어나서 꼭 필요한 내용이라고 생각했다고 이해해보면 어떠할까? 서로를 한번 이해해보려고 노력하는 거지.	N	2022-09-29 13:30:17	2022-11-08 05:50:12
BE22022726	9	0	저도 그 친구를 이해해보고 싶었어요. 하지만 한번 주의를 줬는데도 반복적으로 요구한 게 도무지 이해가 가지 않고 화가 나요.	N	2022-09-29 13:30:17	2022-11-08 05:50:12
BE22022726	10	1	물론 엄마도 그 친구가 반복적으로 보인 잘못된 행동에 굉장히 마음이 아프구나. 하지만 같은 학우로서 그 친구의 열정을 높이 사면 좋을 것 같아. 그로 인해 수업을 이해하는 데 한결 도움이 되진 않았나 생각하면 감정이 한결 편안해질 것 같아.	N	2022-09-29 13:30:17	2022-11-08 05:50:12
BE22022726	11	0	엄마 말을 들으니 제 감정이 조금은 수용이 되는 것 같고 편안해요. 수업을 듣다가 궁금한 점을 바로 질문하고 싶을 수 있다고 생각이 들어요.	N	2022-09-29 13:30:17	2022-11-08 05:50:12
BE22022726	12	1	우리 딸이 그 친구 입장에서 이해하고 배려하니, 참 보기 좋구나.	N	2022-09-29 13:30:17	2022-11-08 05:50:12
BE22022726	13	0	엄마가 있어서 그렇게 다시 생각해볼 수 있었어요. 이야기를 들어주셔서 너무 감사해요.	N	2022-09-29 13:30:17	2022-11-08 05:50:12
BE22022726	14	1	앞으로 살아가는데 서로 이해하는 마음이 있다면 무척이나 도움이 될 거 같구나. 이야기 해줘서 고맙다 내 딸.	Y	2022-09-29 13:30:17	2022-11-08 05:50:12
