id	utterance_id	utterance_type	utterance_text	terminate	regDate	updDate
BE22002513	1	0	엄마. 가족들이랑 다 같이 먹으려고 망고스틴 시켰는데, 옆집에서 택배를 가져간 것 같아.	N	2022-06-22 03:09:29	2022-11-08 03:40:41
BE22002513	2	1	아 그랬구나. 왜 그랬을까? 확실하니?	N	2022-06-22 03:09:29	2022-11-08 03:40:41
BE22002513	3	0	응. 배송 업체에서 분명히 우리 집 앞에 택배 놓인 사진 보냈어. 우리가 안 가져갔으면 그쪽에서 가져갔겠지.	N	2022-06-22 03:09:29	2022-11-08 03:40:41
BE22002513	4	1	가서 벨 눌러봤어?	N	2022-06-22 03:09:29	2022-11-08 03:40:41
BE22002513	5	0	그럼. 벨 눌러봤지. 근데 집에 아무도 없더라고.	N	2022-06-22 03:09:29	2022-11-08 03:40:41
BE22002513	6	1	택배 위에 적힌 이름만 봐도 누구한테 온 건지 알 것 같은데, 왜 가지고 갔을까?	N	2022-06-22 03:09:29	2022-11-08 03:40:41
BE22002513	7	0	그러게 말이야. 분명 주소도 제대로 썼고, 택배 상자 위에 내 이름도 있는데 왜 갖고 갔지?	N	2022-06-22 03:09:29	2022-11-08 03:40:41
BE22002513	8	1	바쁘고 그래서 착각했을 수는 있는데 그래도 그 사람들이 세심하게 확인하지는 못했던 것 같아. 괜히 불안했겠다. 우리가 이따 가서 잘 말씀드리자.	N	2022-06-22 03:09:29	2022-11-08 03:40:41
BE22002513	9	0	그 집 아들이 저녁에 퇴근하는 것 같던데 그때 가서 다시 벨 눌러봐야겠어.	N	2022-06-22 03:09:29	2022-11-08 03:40:41
BE22002513	10	1	그래. 이따가 같이 가자. 우리 딸이 그래서 많이 속상했겠네. 엄마랑 같이 얘기 잘하고 앞으로 상자 잘 확인해 달라고 하자.	N	2022-06-22 03:09:29	2022-11-08 03:40:41
BE22002513	11	0	이런 사소한 일로 이웃 간에 얼굴 붉히기도 그런데. 그렇지?	N	2022-06-22 03:09:29	2022-11-08 03:40:41
BE22002513	12	1	그럼. 좋은 사람들일 거야. 앞으로 이런 일 없게 우리가 잘 이야기를 해보면 되겠지. 그나저나 엄마랑 같이 먹고 싶어서 망고스틴 산 거야?	N	2022-06-22 03:09:29	2022-11-08 03:40:41
BE22002513	13	0	응. 지난번에 친구네 집에 갔을 때 먹어봤더니 맛있더라고. 요새 수입되어서 인터넷에서 팔더라고.	N	2022-06-22 03:09:29	2022-11-08 03:40:41
BE22002513	14	1	엄마 생각해서 그런 것도 같이 먹으려고 사고. 기특하네, 우리 딸.	N	2022-06-22 03:09:29	2022-11-08 03:40:41
BE22002513	15	0	아니야. 엄마가 나한테 해준 게 얼마인데, 아무것도 아닌걸. 이따 저녁에 잘 얘기하고 택배 찾아와서 같이 기분 좋게 먹자.	Y	2022-06-22 03:09:29	2022-11-08 03:40:41
