id	utterance_id	utterance_type	utterance_text	terminate	regDate	updDate
BE22009073	1	0	아빠 나 자전거 배우는 거 그만둘래. 한 달째 배웠는데 아직도 못 타고 있잖아. 속 터져서 죽기 전에 그만두는 게 낫겠어.	N	2022-07-15 05:26:49	2022-11-08 04:22:45
BE22009073	2	1	재미있게 타는 것 같더니 그만두려고? 그동안 배운 게 있어서 조금만 더 타면 성공할 텐데 아깝지 않겠어?	N	2022-07-15 05:26:49	2022-11-08 04:22:45
BE22009073	3	0	한 달을 배워도 실패하는데 더 배운다고 의미가 있을까? 시간 낭비하는 기분이라 짜증 나고 답답하니까 그만두는 게 맞을 것 같아.	N	2022-07-15 05:26:49	2022-11-08 04:22:45
BE22009073	4	1	원래 자전거 처음 배울 때 첫 성공까지 시간이 오래 걸리고 어렵지. 지금 하던 대로 노력하면 금방 성공할 수 있을 거야.	N	2022-07-15 05:26:49	2022-11-08 04:22:45
BE22009073	5	0	뒤에서 누가 안 잡아주면 발을 뗼 수가 없는걸. 몇 번 반복되니까 내가 이렇게 운동 재능이 없었나 싶어서 성질나더라. 마음대로 몸이 안 따라주니까 미치겠어.	N	2022-07-15 05:26:49	2022-11-08 04:22:45
BE22009073	6	1	마음먹은 대로 일이 풀리지 않으니까 네가 얼마나 답답하고 속이 꽉 막힌 기분이겠니. 아빠도 자전거 처음 배울 때 갑갑한 마음에 발을 동동 굴러봐서 네 마음 이해해.	N	2022-07-15 05:26:49	2022-11-08 04:22:45
BE22009073	7	0	공원에서 나보다 어린애들도 잘 타는 거 보면 엄청 자존심 상해. 쟤네가 날 보고 비웃으면 어떡하지 싶은 생각도 들어서 부끄럽고 짜증 나. 나는 왜 이 모양인가 싶어서 성질만 나.	N	2022-07-15 05:26:49	2022-11-08 04:22:45
BE22009073	8	1	처음부터 잘하는 사람은 아무도 없잖아. 남들도 다 너와 같은 어려움을 겪은 이후에 그 경지에 이른 거라 아무도 비웃지 않아. 괜한 걱정으로 기죽지 말고 당당하게 어깨 펴고 자신 있게 굴면 돼.	N	2022-07-15 05:26:49	2022-11-08 04:22:45
BE22009073	9	0	아빠 말대로 남들도 처음에는 나처럼 다 보조 바퀴 달고 시작했겠지? 나만 한심하게 제자리걸음 하는 거 아니지?	N	2022-07-15 05:26:49	2022-11-08 04:22:45
BE22009073	10	1	당연하지. 반복되는 실패에도 굴하지 않고 꿋꿋하게 도전하는 우리 아들이 얼마나 멋진데 한심하다니. 그 노력이 결실을 볼 날이 머지않았으니 힘내자.	N	2022-07-15 05:26:49	2022-11-08 04:22:45
BE22009073	11	0	한 달이나 배웠으니 조금만 더 해보면 감을 잡을 수 있으려나. 아빠 이야기 듣고 보니까 몇 번 더 타봐야겠다는 생각이 들어.	N	2022-07-15 05:26:49	2022-11-08 04:22:45
BE22009073	12	1	좋은 생각이야. 처음이 어렵지 한번 성공하면 그 감각을 기억해서 이후는 정말 쉬워질 거야. 네 노력이면 충분히 성공할 수 있으니까 포기하지 말자.	N	2022-07-15 05:26:49	2022-11-08 04:22:45
BE22009073	13	0	알겠어. 그럼 혹시 주말에 나랑 같이 자전거 타러 가줄 수 있어? 아빠가 내 자세 좀 봐줬으면 좋겠어.	N	2022-07-15 05:26:49	2022-11-08 04:22:45
BE22009073	14	1	당연하지. 넓은 공원에 가서 실컷 타고 오자. 아빠가 아이스크림도 사줄게.	N	2022-07-15 05:26:49	2022-11-08 04:22:45
BE22009073	15	0	고마워 아빠. 아빠 덕분에 이번에는 잘 해볼 수 있을 것 같은 용기가 생겼어.	Y	2022-07-15 05:26:49	2022-11-08 04:22:45
