id	utterance_id	utterance_type	utterance_text	terminate	regDate	updDate
BE22023466	1	0	엄마, 나 오늘 너무 힘들었어. 내가 이 일을 계속해야 하나 회의감도 들고 화도 많이 났어.	N	2022-10-02 15:09:35	2022-11-08 05:54:34
BE22023466	2	1	얼마나 화가 났길래 그래?	N	2022-10-02 15:09:35	2022-10-02 15:09:35
BE22023466	3	0	학교에서 수업하는데 핸드폰이 울려서 학생한테 핸드폰을 끄라고 했는데 전혀 듣지를 않더라고. 나를 무시하는 것 같아서 정말 화가 났어.	N	2022-10-02 15:09:35	2022-10-02 15:09:35
BE22023466	4	1	학생이 교사를 이기려고 하는 듯해서 말만 들어도 내가 다 화가 나네. 따박따박 대들고 너를 무시하는 행동을 보이면 분노가 단전에서부터 치밀어 오를 것 같아.	N	2022-10-02 15:09:35	2022-11-08 05:54:34
BE22023466	5	0	정말로 머리끝까지 화가 나서 곧 열이 나고 머리가 아프더라. 그런데 분노를 마음대로 표출을 못하니까 답답하기도 하더라.	N	2022-10-02 15:09:35	2022-11-08 05:54:34
BE22023466	6	1	매우 화가 나는데 말도 못하고 혼자서 끙끙대면서 속앓이 하는 네가 너무 안타까워. 표현을 못하는 게 고구마 100개는 먹은 답답한 기분일 것 같아. 학교생활이 매우 힘들고 어려울 것 같아.	N	2022-10-02 15:09:35	2022-11-08 05:54:34
BE22023466	7	0	한두명 때문에 전체적인 수업 분위기를 망치고 싶지 않았어. 다른 학생들이 받는 피해가 나는 걱정될 뿐이야.	N	2022-10-02 15:09:35	2022-10-02 15:09:35
BE22023466	8	1	학생들 사이에서 네가 고생이 많을 것 같아. 학급을 조율하는 위치로서 마음대로 하고싶은 말을 하지 못하는 게 정말 힘들 것 같아. 혼자 속으로 앓지 말고 주변의 다른 선생님들에게 도움을 요청해봐.	N	2022-10-02 15:09:35	2022-11-08 05:54:34
BE22023466	9	0	나보다 경험이 많은 선생님들은 이런 상황에 어떻게 대처하셨는지 여쭤봐야겠다. 교사가 어떤 마음가짐으로 임해야 조금 더 차분할 수 있는지. 그런 이야기들을 들으면 내 분노가 조금은 가라앉을 것 같아.	N	2022-10-02 15:09:35	2022-11-08 05:54:34
BE22023466	10	1	그래 엄마는 딸이 어렵게 들어간 직장에서 화나는 일 없이 행복하게 다녔으면 좋겠어. 네가 고통받지 않고, 화로 가득차서 생활을 하지 않았으면 해. 이게 엄마 마음이야.	N	2022-10-02 15:09:35	2022-11-08 05:54:34
BE22023466	11	0	엄마가 그렇게 말해주니 정말 고마워. 사실 수업 중에 화도 내고 싶었는데 엄마 말처럼 교사라는 위치가 부담감을 주더라고. 조언을 들으면 나도 변화할 것 같아.	N	2022-10-02 15:09:35	2022-11-08 05:54:34
BE22023466	12	1	혹시라도 도움이 되지 않는다면 엄마가 다른 좋은 방법이 또 있는지 한 번 곰곰이 생각해볼게.	N	2022-10-02 15:09:35	2022-10-02 15:09:35
BE22023466	13	0	엄마, 내 이야기 들어줘서 너무 고마워. 이런 이야기 할 수 있는 사람이 엄마밖에 없어서 정말 고마워!	N	2022-10-02 15:09:35	2022-11-08 05:54:34
BE22023466	14	1	우리 딸 너무 맘고생 하지 말고 바로바로 엄마한테 말해. 엄마가 항상 응원해.	Y	2022-10-02 15:09:35	2022-10-02 15:09:35
