id	utterance_id	utterance_type	utterance_text	terminate	regDate	updDate
BE22018899	1	0	아버지, 어제 퇴근해서 회식했는데 역에 도착하니 아슬아슬하게 막차를 놓친 게 아니겠어요. 하는 수 없이 택시라도 잡으려고 하는데 금요일 밤거리에는 저 같은 직장인이 수억은 되더라고요. 아무리 해도 잡히지 않아 할 수 없이 집까지 걸어오는데 화가 치밀어 올랐어요.	N	2022-09-19 08:47:21	2022-09-19 08:47:21
BE22018899	2	1	늦은 밤길에서 느꼈을 갑갑함이 나에게도 전해지는 느낌이 드는구나. 나도 그럴 때가 있었지만 그게 얼마나 난처한 일인지 안 당해본 사람은 모를 거야. 지친 몸과 마음을 안고 집으로 걸어오는 길이 얼마나 힘이 들었을지 참 고생했구나.	N	2022-09-19 08:47:21	2022-11-08 05:24:07
BE22018899	3	0	아버지도 그런 적이 있으셨군요. 아무튼 지친 몸을 이끌고 그래도 포기가 안 돼서 지나가는 빈 택시를 향해 손을 흔들었어요. 그런데 저를 지나치는 택시 때문에 더욱 분해서 집에 오는 내내 붉으락푸르락 이었어요.	N	2022-09-19 08:47:21	2022-11-08 05:24:07
BE22018899	4	1	늦은 밤 피곤한 몸을 이끌고 오는 건 끔찍하고 다시는 겪고 싶지 않은 일이었을 거야. 못마땅하고 답답한 상황이었을 텐데 견뎌내느라 고생이 많았구나. 짧지 않은 거리를 걸으면서 네가 느꼈을 막막함이 전해지는 듯해서 아버지도 괴로워.	N	2022-09-19 08:47:21	2022-11-08 05:24:08
BE22018899	5	0	회식은 즐거웠는데 귀가가 내 마음대로 되지 않아 주체할 수 없이 화가 치솟았었죠. 도로에 씽씽 지나가는 차를 보면서도 저 차를 탔으면 벌써 도착해 쉬고 있을 텐데. 생각이 드니까 짜증 나더라고요.	N	2022-09-19 08:47:21	2022-09-19 08:47:21
BE22018899	6	1	지치는 귀갓길이었으니 괴로운 건 당연하고, 아버지였어도 힘에 부쳐서 화가 났을 것 같아. 그래도 포기하지 않고 힘을 내서 인내심을 가지고 걸어간 것은 무척 대단하다고는 생각이 드는구나. 더군다나 지칠 대로 지쳤는데 그런 용기를 낸다는 건 결코 쉬운 일이 아니니까.	N	2022-09-19 08:47:21	2022-11-08 05:24:08
BE22018899	7	0	아버지의 메시지를 보며 제가 의미 없이 고생을 한 것만은 아니었다는 생각이 드네요. 조금 전까지 머리끝까지 치솟던 화도 가라앉을 만큼이요. 아버지의 위로가 너무 걸어서 아픈 다리의 통증마저 사라지게 하네요.	N	2022-09-19 08:47:21	2022-11-08 05:24:08
BE22018899	8	1	어릴 적부터 힘들더라도 포기하지 않고 무던히 해결해내곤 하던 너의 모습이 떠오르는구나. 비록 고단했지만, 과제나 일이든 간에 해냈을 때의 뿌듯함을 이야기하던 너였지. 집에 무사히 도착한 것으로 정말 큰 일을 한 것이니 자신을 대견하게 여기려무나.	N	2022-09-19 08:47:21	2022-11-08 05:24:08
BE22018899	9	0	아버지 말씀대로 제가 어렸을 때 투지가 있었지요. 만만한 여정은 아니었지만 그래도 마라톤 선수가 결승점에 도착한 것만큼 저에게는 큰일이었으니까요. 뭔가 큰일을 해낸 것 같은 느낌을 들게 하는 아버지로 인해 행복해지네요.	N	2022-09-19 08:47:21	2022-09-19 08:47:21
BE22018899	10	1	그래 어제 그렇게 큰일을 해냈으니 오늘은 만족스러운 마음으로 하루를 잘 지냈으면 좋겠구나. 끓어오르는 화도 잘 다스리는 현명한 너니 어련히 잘 보냈겠느냐만은. 그래도 오늘만은 어느 때보다 편안하고 평화로운 주말이 되었으면 싶구나.	N	2022-09-19 08:47:21	2022-11-08 05:24:08
BE22018899	11	0	제가 오늘만은 그럴 자격이 충분히 있다는 생각이 들어요. 그래서 오늘은 제가 좋아하는 음악도 감상하고 저녁에는 극장에 가서 영화도 한 편 보려고요. 아내가 고생했다고 오늘은 저를 많이 배려하는데 오랜만의 데이트로 즐겁게 보내야겠어요.	N	2022-09-19 08:47:21	2022-09-19 08:47:21
BE22018899	12	1	너의 곁에는 걱정하고 따스한 시선으로 바라봐 주는 소중한 아내가 있으니 얼마나 든든하겠니. 아버지는 네가 감정이 상했을 때 마음 써주는 사람이 곁에 있어 행복한 마음 가득하구나. 둘이 따스하고 즐거운 주말 시간 잘 보내기를 바란다.	N	2022-09-19 08:47:21	2022-11-08 05:24:08
BE22018899	13	0	다음에도 이런 일이 생기지 말란 법은 없겠죠. 하지만 그때에도 부모님과 아내의 관심과 사랑이 있을 거라는 기대가 있어 편안하네요. 물론 다시는 겪고 싶지 않은 고통이지만 말이에요.	N	2022-09-19 08:47:21	2022-09-19 08:47:21
BE22018899	14	1	아버지도 네가 다시는 먼 거리를 밤에 걸어 다니는 일은 없었으면 좋겠구나. 하지만 너의 마음이 편안해진 것이 무척 기쁘고 행복하구나. 그러니 오늘은 오늘의 행복만 생각하기를 바라.	N	2022-09-19 08:47:21	2022-11-08 05:24:08
BE22018899	15	0	네 아내와 가벼운 마음으로 주말을 보낼게요. 늘 걱정하고 신경 써 주시는 아버지가 있어 든든하네요. 조만간 찾아뵐 테니 건강히 계시고요.	Y	2022-09-19 08:47:21	2022-11-08 05:24:08
