id	utterance_id	utterance_type	utterance_text	terminate	regDate	updDate
BE22021410	1	0	어머니, 아버지 지금 옆에 계시죠? 저 정말 아버지께 실망했고 많이 화났다고 좀 전해주세요.	N	2022-09-25 11:22:03	2022-09-25 11:22:03
BE22021410	2	1	우리 아들 왜 그렇게 화가 났니? 아버지랑 무슨 일 있었어?	N	2022-09-25 11:22:03	2022-09-25 11:22:03
BE22021410	3	0	원래 아버지랑 저랑 오늘 오후에 같이 야구 경기 보러 가기로 했었어요. 그런데 한 시간 전에 갑자기 약속을 취소하셨으니 제가 화가 안 나겠어요?	N	2022-09-25 11:22:03	2022-11-08 05:42:26
BE22021410	4	1	둘이 그런 약속을 했었는지 엄마는 몰랐네. 엄마가 아빠보고 집안일 좀 도와달라고 했었거든. 아마 그것 때문에 취소하셨을 텐데, 너로서는 갑작스러우니 아주 속상하고 화났겠구나.	N	2022-09-25 11:22:03	2022-11-08 05:42:26
BE22021410	5	0	아무리 그런 사정이 있었다고 해도요! 아버지는 나랑 한 약속은 너무 가볍게 생각하시는 것 같아서 화가 나요.	N	2022-09-25 11:22:03	2022-09-25 11:22:03
BE22021410	6	1	그래, 네가 한 약속이 먼저여야 하는 게 맞는데, 마음대로 취소했으니 얼마나 화가 나겠니. 그래도 아버지 나름대로는 사정이 있었으니, 화를 풀려무나.	N	2022-09-25 11:22:03	2022-11-08 05:42:26
BE22021410	7	0	어머니, 이런 일이 한 두 번이어야 제가 화가 안 나죠. 저번에도 아버지랑 같이 자전거 장비 보러 가기로 했는데, 아버지가 일방적으로 약속을 취소하셨다고요.	N	2022-09-25 11:22:03	2022-11-08 05:42:26
BE22021410	8	1	이번이 처음이 아니었구나. 그동안 네가 많이 속상했을 텐데, 엄마는 정말 하나도 모르고 있었네.	N	2022-09-25 11:22:03	2022-11-08 05:42:27
BE22021410	9	0	저는 어머니한테까진 이 얘기를 말씀드리고 싶지 않았어요. 하지만 너무 화가 나고 답답해서 어머니에게라도 털어놔야 할 것만 같더라고요.	N	2022-09-25 11:22:03	2022-11-08 05:42:27
BE22021410	10	1	오늘 나한테 털어놓기를 잘했구나. 어쩐지, 아빠랑 너랑 가끔 연락도 하지 않고 서먹할 때가 있더라니 이런 이유였구나.	N	2022-09-25 11:22:03	2022-11-08 05:42:27
BE22021410	11	0	아버지가 약속을 안 지키셔서 화가 날 때면 연락을 잠시 끊곤 했죠. 그러다 두세 달 뒤면 또 연락하고, 계속 반복해 왔었어요.	N	2022-09-25 11:22:03	2022-11-08 05:42:27
BE22021410	12	1	그래서, 이번에도 아버지랑 당분간 안 보려는 거니? 그러지 말고, 이 문제에 대해 진지하게 이야기하지 그러니.	N	2022-09-25 11:22:03	2022-11-08 05:42:27
BE22021410	13	0	제가 얘기한다고 아버지가 바뀌실까요? 그냥 제가 참고 넘어가는 게 맞지 않을까 싶은데요.	N	2022-09-25 11:22:03	2022-09-25 11:22:03
BE22021410	14	1	아니야, 솔직한 네 마음을 말씀드리고 화를 푸는 게 바르다고 엄마는 생각해. 그렇지 않다면, 계속 가족에 대해 안 좋은 마음을 쌓아놓게 되잖니? 이번 기회에, 아버지와 진솔한 대화를 나누렴.	N	2022-09-25 11:22:03	2022-11-08 05:42:27
BE22021410	15	0	어머니 말대로 한번 해 볼게요. 계속 화만 내면 뭐가 달라지겠어요? 이번 기회에 아버지와 함께 대화를 나누고 마음을 풀어야겠어요.	N	2022-09-25 11:22:03	2022-09-25 11:22:03
BE22021410	16	1	그래, 정말로 잘 생각했다. 이번 기회에 부자지간 서로 화해하고 좀 더 가까워지면 좋겠구나.	Y	2022-09-25 11:22:03	2022-11-08 05:42:27
