id	utterance_id	utterance_type	utterance_text	terminate	regDate	updDate
BE22020732	1	0	엄마, 결혼하는 건 원래 이렇게 머리 아픈 건가요? 결혼을 너무 쉽게 결정한 건 아닌지 저 자신한테 화가 날 정도예요.	N	2022-09-23 04:15:16	2022-11-08 05:38:32
BE22020732	2	1	우리 딸, 결혼 준비 많이 힘들지? 아직 반년 정도 남았는데 벌써부터 너무 스트레스받은 건 아닌가 걱정이야.	N	2022-09-23 04:15:16	2022-11-08 05:38:32
BE22020732	3	0	다른 건 그런대로 괜찮은데 신혼여행이 문제예요. 정말 이것 때문에 남자친구랑 맨날 싸우고 있어서 짜증나요.	N	2022-09-23 04:15:16	2022-11-08 05:38:32
BE22020732	4	1	우리 딸처럼 여행 좋아하는 애가 여행으로 맘이 불편한 거니? 남자친구랑 어쩌다 싸우게 된 거니?	N	2022-09-23 04:15:16	2022-09-23 04:15:16
BE22020732	5	0	저랑 그 사람 여행 스타일이 너무 달라서 문제예요. 아직 신혼여행지도 정하지 못했을 만큼 서로 겹치는 게 하나도 없는 거 있죠?	N	2022-09-23 04:15:16	2022-09-23 04:15:16
BE22020732	6	1	어머, 너랑 성격 비슷하다고 생각했는데 여행 스타일은 정반대였구나. 생에 한 번뿐일 신혼여행인데 마음이 맞지 않는 것처럼 느꼈겠구나. 모든 잘 맞다고 생각했던 사람과 중요한 순간 삐걱거리니 우리 딸이 화내는 게 엄마는 이해가.	N	2022-09-23 04:15:16	2022-11-08 05:38:32
BE22020732	7	0	이번 주 중으로 빨리 정하고 비행기랑 숙소 예약해야 하는데 서로 자존심 싸움 중이에요. 이러다가 예약 기간 놓칠 수도 있는데 그 사람한테는 연락도 없는 거 있죠? 그 사람의 태도에 더 화가 나는 거 같아요!	N	2022-09-23 04:15:16	2022-11-08 05:38:32
BE22020732	8	1	시간이 얼마 없어 마음의 여유가 없어져 더 예민해진 것 같구나. 평소에 그렇게나 알콩달콩했는데 둘을 위한 신혼여행지 선택으로 싸우다니 많이 속상하고 짜증나지? 지금 결혼 준비로 둘 다 스트레스받이고 있으니까 조금 차분히 생각해보자.	N	2022-09-23 04:15:16	2022-11-08 05:38:32
BE22020732	9	0	결혼 준비하면서 많이 싸운다는 이야기는 들었지만 제가 그 사람이랑 이런 일로 싸울 거라고는 생각도 못했어요. 이젠 이 결혼이 정말 괜찮은가에 대해서도 생각하고 있다니까요.	N	2022-09-23 04:15:16	2022-11-08 05:38:32
BE22020732	10	1	하지만, 너와 그 사람 모두 서로를 엄청 사랑하잖니. 결혼은 인생에 있어서 엄청 중요한 일이니까 잘하고 싶은 마음이 있단다. 신혼여행지 선택도 그런 의미에서 서로와 예쁜 추억을 만들 곳을 고심하다 보니 그런 것 같아.	N	2022-09-23 04:15:16	2022-11-08 05:38:32
BE22020732	11	0	엄마 말이 맞아요. 사실 낮에는 일하고 저녁이랑 주말엔 자료 조사하고 예식장 투어 다닌다고 요 며칠 쉬지도 못했거든요. 그 사람은 나를 생각해서 좀 더 가깝고 편안한 여행지를 고르는 거 같아요.	N	2022-09-23 04:15:16	2022-11-08 05:38:32
BE22020732	12	1	결혼식 끝나고 바로 떠나는 여행이니까 네가 힘들지 않았으면 하는 마음이 있었을 거라고 생각해. 그 사람이 너를 얼마나 사랑하는지 네가 제일 잘 알지? 지금은 감정이 격해져 있으니까 오늘은 우선 푹 쉬고 내일 다시 찬찬히 이야기해보는 게 어떨까?	N	2022-09-23 04:15:16	2022-11-08 05:38:32
BE22020732	13	0	알았어요. 엄마한테 털어놓길 잘한 것 같아요. 내가 너무 뾰족해져 있어서 별것도 아닌 건데 감정을 앞세운 것 같아요. 내일 다시 그 사람이랑 이야기 나눠봐야겠어요.	N	2022-09-23 04:15:16	2022-11-08 05:38:32
BE22020732	14	1	우리 딸은 똑 부러진 사람이니까 결혼 준비, 신혼여행 준비가 아무리 힘들어도 분명 잘 해낼 거라고 생각해! 화이팅!	Y	2022-09-23 04:15:16	2022-11-08 05:38:32
