id	utterance_id	utterance_type	utterance_text	terminate	regDate	updDate
BE22025931	1	0	손주야, 요즘 집 앞이 누군가 버린 쓰레기들로 가득하구나! 덕분에 대문을 열 때마다 쓰레기가 보이니 아주 화가 나!	N	2022-10-09 04:37:51	2022-10-09 04:37:51
BE22025931	2	1	매번 누군지도 모를 사람의 쓰레기를 대신 치워야 한다니, 저였더라도 굉장히 화가 나고 스트레스였을 거예요. 매일 집 앞을 빗자루로 깨끗하게 쓰시는 할아버지의 노력이 모두 헛수고가 되어 무척 답답하고 열받으시겠어요.	N	2022-10-09 04:37:51	2022-11-08 06:09:11
BE22025931	3	0	그래, 내가 치우고 치워도 또 쓰레기를 갖다 놓으니 분노를 참을 수가 없어! 한 번은 하루 동안 지켜봤지만 누가 범인인지 도통 알 수가 없어 분하구나. 대체 언 놈의 짓인지 잡히기만 하면 내가 가만두지 않을 거다!	N	2022-10-09 04:37:51	2022-10-09 04:37:51
BE22025931	4	1	괜찮아요, 이렇게 좁은 동네인데 범인이 어디로 숨을 수 있겠어요. 분명 머지않아 무단 쓰레기 투기범이 잡히고, 할아버지도 평화를 되찾으실 거예요. 그러니 너무 속상해하지 마시고 마음 편히 계세요.	N	2022-10-09 04:37:51	2022-11-08 06:09:11
BE22025931	5	0	내가 그러고 싶어도, 매일 쓰레기를 치우느라 힘들구나. 쓰레기차가 수거할 때까지 기다릴 수도 없는 것이 쓰레기가 몰려 있으면 다른 사람들도 수거장으로 오해하더구나! 지나가는 사람들도 마시던 컵이나 쓰레기를 던지고 가는데 어찌나 어이없고 분통이 터지던지!	N	2022-10-09 04:37:51	2022-10-09 04:37:51
BE22025931	6	1	할아버지가 얼마나 당황스럽고 분노하셨을지 이해가 돼요. 그래도 너무 화내지 마세요, 사람들도 할아버지를 일부러 골탕 먹이려 한 건 아닐 거예요. 할아버지가 안내문만 붙이셔도 다들 주의할 테니 걱정하지 마세요.	N	2022-10-09 04:37:51	2022-11-08 06:09:11
BE22025931	7	0	하지만 내가 동네에서 정말 창피해서 살 수가 있어야지! 아무리 노력해도 쓰레기가 쌓이니 미관도 나쁘고 악취도 나는 게 이웃들에게 얼굴을 들 수 없어! 다들 나를 뭐라고 생각할지 생각하면 울화가 치지는구나!	N	2022-10-09 04:37:51	2022-10-09 04:37:51
BE22025931	8	1	아니에요, 사람은 평소 행실이 가장 중요한 법이라고 할아버지가 말씀해 주셨잖아요. 할아버지는 평소에도 깔끔하게 단장하시고 길에서 쓰레기가 보일 때마다 손설 수범해서 수거하셨죠. 안심하세요, 다들 할아버지가 어떤 분인지 잘 아니 절대 오해하지 않을 거예요.	N	2022-10-09 04:37:51	2022-10-09 04:37:51
BE22025931	9	0	그래도 이 모든 소동이 기약이라도 있다면 참을 수 있겠는데 말이다. 민원을 넣어봤지만 아직도 대처를 해주지 않으니 인내심이 한계에 가깝구나. 언제까지 이렇게 쓰레기와 동거해야 하는 건지 생각하면 화가 부글부글 끓어올라!	N	2022-10-09 04:37:51	2022-10-09 04:37:51
BE22025931	10	1	이해해요, 정해진 끝이 없는 고통은 훨씬 견디기 힘드실 거예요. 하지만 시청에서도 여러 민원들로 당장 인력이 부족할 뿐이지, 할아버지의 사정에 신경 쓰고 있을 거예요. 오래지 않아 모두 다 잘 될 테니 희망을 가지세요!	N	2022-10-09 04:37:51	2022-11-08 06:09:12
BE22025931	11	0	우리 손주 말을 듣다 보면 정말로 모두 잘 될 것 같구나. 희망이 생기니 전만큼 열불이 나진 않아. 오히려 손주와 얘기를 하면 나도 덩달아 활력이 생기는 기분이야.	N	2022-10-09 04:37:51	2022-10-09 04:37:51
BE22025931	12	1	가끔은 누군가에게 전부 털어놓기만 해도 가슴속 응어리들이 풀리잖아요. 할아버지는 원체 너그러우신 분이시니까 오래 화내지 않으실 거라 생각했어요.	N	2022-10-09 04:37:51	2022-11-08 06:09:12
BE22025931	13	0	고맙다, 우리 손주가 아니었으면 난 진즉에 화병으로 쓰러졌을 지도 몰라. 똥강아지 같았던 작고 여린 손주가 언제 이리 컸는지. 할아비를 달래줄 줄도 알고 참 대견하구나.	N	2022-10-09 04:37:51	2022-10-09 04:37:51
BE22025931	14	1	저야말로 지금까지 할아버지께 받은 도움들이 셀 수 없는걸요. 늘 감사한 할아버지께 제가 도움이 됐다면 기뻐요!	Y	2022-10-09 04:37:51	2022-11-08 06:09:12
