id	utterance_id	utterance_type	utterance_text	terminate	regDate	updDate
BE22024789	1	0	어제도 네 아빠 때문에 한숨도 못 잤어. 하루 이틀도 아니고 정말 이젠 화가 머리끝까지 솟구쳐.	N	2022-10-06 06:33:45	2022-11-08 06:02:21
BE22024789	2	1	아빠가 또 코 골았어요? 그래서 엄만 밤새 못 주무시고 그대로 출근하신 거예요? 벌써 몇 번이나 반복된 일이니, 엄마가 화내실 만도 해요.	N	2022-10-06 06:33:45	2022-11-08 06:02:21
BE22024789	3	0	코를 곤 정도가 아니라 집이 떠나가라고 드르렁대더라니까. 새벽 내내 이리저리 뒤척이느라 잠을 잔 것 같지도 않아. 하지만 요즘 회사 업무가 많아서 피곤해도 꾸역꾸역 나왔어.	N	2022-10-06 06:33:45	2022-10-06 06:33:45
BE22024789	4	1	매일 그렇게 잠을 설치니 얼마나 피곤하시겠어요? 난 하루만 못 자도 힘들던데. 그 상태로 운전까지 하신 거예요?	N	2022-10-06 06:33:45	2022-11-08 06:02:21
BE22024789	5	0	너무 힘들어서 오늘 운전은 포기했어. 아빠 코골이 때문에 일상생활도 엉망진창이 된 거 같아. 정말 너무 화가 나.	N	2022-10-06 06:33:45	2022-10-06 06:33:45
BE22024789	6	1	어떡해요. 엄마 회사 바쁜 시기라서 쉬지도 못하는데. 그래도 틈틈이 조금씩 쉬어 가면서 해요.	N	2022-10-06 06:33:45	2022-11-08 06:02:21
BE22024789	7	0	어떻게 사람이 그렇게 잠시도 안 쉬고 코를 골 수 있지? 발로 차고 코를 잡고 꼬집고 별짓을 다 해도 그때뿐이야.	N	2022-10-06 06:33:45	2022-10-06 06:33:45
BE22024789	8	1	아빠도 힘들겠지만, 옆에서 자는 엄마가 더 힘든 거 같아서 제 마음도 안 좋아요. 잠을 못 잤을 때의 그 예민함과 피로를 저도 알아서 그런지 듣는 내내 저도 괴롭네요.	N	2022-10-06 06:33:45	2022-10-06 06:33:45
BE22024789	9	0	고의가 아니라는 건 알지만, 너무 화가 나서 이제는 네 아빠 얼굴도 보기 싫어질 정도야. 일상생활에 지장이 있을 때마다 네 아빠 탓을 하기도 해.	N	2022-10-06 06:33:45	2022-11-08 06:02:21
BE22024789	10	1	말씀하신 것처럼 아빠도 고의가 아니니 조금 유하게 생각해주시면 어떨까요? 병원이나 수면센터 등 해결책이 많이 있으니 이야기 나눠보셨으면 좋겠어요. 그래야 엄마 마음도 편해지실 것 같아요.	N	2022-10-06 06:33:45	2022-11-08 06:02:21
BE22024789	11	0	그런다고 해결될 것 같지 않아. 아빠한테 미안하기는 하지만 이렇게 계속 함께 자다가는 몸도 몸이지만 정신적으로도 피폐해질 거 같아.	N	2022-10-06 06:33:45	2022-11-08 06:02:21
BE22024789	12	1	제가 아는 엄마는 감정적인 상황에서도 평정심을 찾아 최고의 해결책을 만드는 분이었어요. 전 이번 일에서도 엄마가 멋진 해결책을 찾아내리라 믿어요. 그리고 아빠도 엄마께 미안해하고 있을 거란 생각이 드니 너무 화내지 않으셨으면 좋겠어요.	N	2022-10-06 06:33:45	2022-11-08 06:02:21
BE22024789	13	0	그래, 위로해 줘서 고맙다. 네 아빠가 내 눈치 보는 걸 보면 화나던 마음도 눈 녹듯 사라져서 미안해지곤 하더라.	N	2022-10-06 06:33:45	2022-11-08 06:02:21
BE22024789	14	1	엄마 마음 십분 이해해요. 아빠 마음을 가장 잘 살피고 챙기는 건 엄마가 최고잖아요. 툴툴거리면서도 항상 옆에서 주무시는 걸 보면 사랑이 느껴진다니까요.	N	2022-10-06 06:33:45	2022-11-08 06:02:21
BE22024789	15	0	맞아. 그렇게 생각하면 네 아빠를 좀 더 잘 챙겨야 하겠구나 싶어. 아까 말했던 병원이나 수면센터 같은 곳을 알아봐야겠네. 우리 딸이 언제 이렇게 힘이 되는 존재가 되었는지, 엄만 너무 뿌듯하다. 고마워!	Y	2022-10-06 06:33:45	2022-11-08 06:02:21
