id	utterance_id	utterance_type	utterance_text	terminate	regDate	updDate
BE22021092	1	0	엄마, 요즘에 뉴스를 보면 동물 학대에 관련한 기사가 많이 보여요. 그걸 보면 너무나 화가 나서 분노를 억누를 수가 없어요.	N	2022-09-23 16:32:31	2022-09-23 16:32:31
BE22021092	2	1	아들도 그랬구나, 엄마도 그런 이야기를 들으면 마음이 아픈데, 넌 오죽하겠니. 그런 사건들 때문에 네가 힘들어 보여서 신경이 쓰이네. 너무 마음에 담아두지 않았으면 좋겠어.	N	2022-09-23 16:32:31	2022-11-08 05:40:36
BE22021092	3	0	동물을 학대하는 사람들은 한 번이 아니잖아요. 그렇게 작고 여린 동물을 지속해서 학대하는 거니까, 그걸 상상만 해도 끔찍해요. 그 잔혹성에 치가 떨릴 정도라서 자꾸만 생각나서 어쩔 수 없어요.	N	2022-09-23 16:32:31	2022-09-23 16:32:31
BE22021092	4	1	아무래도 네가 특히나 동물을 사랑하니까 그런 분노가 생기는 건 어쩌면 당연할지도 모르겠다. 나도 아들처럼 동물에 관심을 가지고 계속 그런 사건들을 접한다면 분노에 사로잡혔을 것 같으니까. 더구나 약한 동물을 떠올리면 그런 마음이 들 수밖에 없을 것 같아.	N	2022-09-23 16:32:31	2022-11-08 05:40:36
BE22021092	5	0	더 화가 나는 건 그럼에도 아무것도 할 수 없는 제 자신을 마주 보는 거예요. 분노? 욕? 그건 누구라도 할 수 있는 거잖아요. 실질적으로 도움을 줄 수 있는 건 아무것도 없는 주제에 떠는 저 역시도 최악이라는 거죠.	N	2022-09-23 16:32:31	2022-09-23 16:32:31
BE22021092	6	1	처음부터 뭔가를 해 줄 수 있는 사람은 많지 않아. 그리고 엄마 생각에는 모든 것의 시작은 관심에서 비롯된다고 생각하고 말이야. 그런 부분에서는 우리 아들이 관심이 있기 때문에 속도 상하고 힘들어하는 것 처럼 보이는데. 맞지?	N	2022-09-23 16:32:31	2022-09-23 16:32:31
BE22021092	7	0	하지만 그렇다고 해서 해결되는 건 아무것도 없잖아요. 동물을 학대하는 인간들은 동물과 분리를 시켜도 또다시 쉽게 동물을 구해 오죠. 그런 인간들의 무차별한 만행으로 죄 없는 동물은 다치고요.	N	2022-09-23 16:32:31	2022-09-23 16:32:31
BE22021092	8	1	우리 아들은 뉴스에서만 접하는 사건 외에도 암암리에 일어나는 사건들까지 생각을 하고 있구나. 어쩌면 그래서 더 아프고 고통스럽다는 생각이 드는 것일지도 모르겠다. 너처럼 다정하고 착한 아이라면 그런 상상으로도 마음의 상처를 입을 것 같아서 슬퍼.	N	2022-09-23 16:32:31	2022-11-08 05:40:36
BE22021092	9	0	어떨 때는 그런 기사 한 줄에도 속이 부글부글 끓어서 잠이 오지 않을 때도 있어요. 동물들의 표정, 눈빛, 낑낑거리는 소리까지 제게 도와달라고 말을 하는 것 같아서 더 고통스럽죠. 그렇게 학대한 사람을 보면 분노를 주체하지 못할 것 같다는 생각도 들어요.	N	2022-09-23 16:32:31	2022-09-23 16:32:31
BE22021092	10	1	그렇다면 동전에도 이면이 있는 것처럼 반대의 부분도 생각해 보는 건 어떨까? 다시 말해서 그들을 구조하고 입양하는 사람들도 많다는 거 모르진 않잖아. 네 생각보다 많은 사람들이 동참하고 앞장서서 동물을 보호하기도 하는 걸 보면 감동적이라는 생각이 들더라.	N	2022-09-23 16:32:31	2022-11-08 05:40:36
BE22021092	11	0	그거야, 관심이 있으니까 알고는 있죠. 저 역시 그 사람들이 대단하다는 생각을 가지고 있고. 또 한편으로는 나중에 저도 그런 단체에 소속이 되고 싶기도 하니까요.	N	2022-09-23 16:32:31	2022-11-08 05:40:36
BE22021092	12	1	그런 생각까지 가지고 있었다니 정말 대견하다. 하지만 그 단체에 사람들은 아마 세상에 누구보다 많은 학대 사건을 볼 수밖에 없을 거야. 그럼에도 분노라는 감정보다는 구조와 책임을 우선시할 것 같다는 생각이 들어.	N	2022-09-23 16:32:31	2022-11-08 05:40:36
BE22021092	13	0	엄마 이야기를 들어보니까, 제 감정을 다스려야겠다는 생각이 들었어요. 그런 것도 제어하지 못하면 앞으로 나아가 행동하지 못하고 계속 떠드는 사람만 되었을 것 같아요.	N	2022-09-23 16:32:31	2022-09-23 16:32:31
BE22021092	14	1	너는 누구보다 집중력도 좋고, 네가 좋아하는 것에 관한 게 확실한 사람이라는 걸 모르지 않아. 그러니까 결국에는 네가 정한 방향으로 나아갈 거라고 생각해. 지금은 관심부터 차근차근 쌓아 올리는 시간을 가지는 것이 좋겠어.	N	2022-09-23 16:32:31	2022-11-08 05:40:36
BE22021092	15	0	고마워요. 엄마 덕분에 제 감정을 왜 다스려야 하는지 알게 된 것 같아요. 그리고 앞으로는 좋은 면도 꼭 볼게요.	N	2022-09-23 16:32:31	2022-11-08 05:40:36
BE22021092	16	1	그래, 네가 그렇게 말을 해 주니까 엄마가 너무 행복하네. 우리 아들이 앞으로 할 수 있는 일도 함께 고민해 보자.	Y	2022-09-23 16:32:31	2022-11-08 05:40:36
