id	utterance_id	utterance_type	utterance_text	terminate	regDate	updDate
BE22026135	1	0	엄마, 지금 시간 좀 괜찮으세요? 저 너무 화가 나고 마음이 안 좋은데 얘기할 사람이 없네요. 왜 이러고 살아야 하는지 너무 후회스럽고 분노가 치솟아요.	N	2022-10-09 13:21:58	2022-10-09 13:21:58
BE22026135	2	1	딸, 아침부터 이게 무슨 문자니? 집에 안 좋은 일이라도 생긴 거야? 무슨 일인지 너무 걱정이 되고 마음이 쓰이는구나.	N	2022-10-09 13:21:58	2022-11-08 06:10:24
BE22026135	3	0	남편이랑 또 싸웠어요, 남편은 정말 돈밖에 모르는 사람 같아요. 제가 여태 이런 사람이랑 살아왔다는 게 너무 부아가 나고 신경질이 나요. 왜 저에게 이런 안 좋은 시련이 온 걸까요?	N	2022-10-09 13:21:58	2022-10-09 13:21:58
BE22026135	4	1	무슨 일인지는 모르겠지만 혼자 마음고생 많이 했겠구나. 엄마도 살아보니 그런 문제로 자주 싸워서 그 마음이 어떤지 너무 이해가 가는구나. 그저 우리 딸에게 어떠한 말로 위로를 해줘야 할지 어렵네.	N	2022-10-09 13:21:58	2022-11-08 06:10:24
BE22026135	5	0	아이 학원을 보내고 싶어 대화를 나눴더니 돈이 너무 많이 나간다며 다짜고짜 화를 내네요. 이것뿐 아니라 아이가 먹고 싶다는 음식, 옷 등 사는 거에도 벌벌 떨고요. 하루하루가 너무 힘들고 지치고 화만 나네요.	N	2022-10-09 13:21:58	2022-10-09 13:21:58
BE22026135	6	1	그런 생각이 드는 거 당연하고 엄마도 이해해. 누구나 이런 일을 겪는다면 너와 같은 생각을 할 거야. 당장은 마음이 아프고 화도 나겠지만 너무 마음에 담아두면서 더 큰 화를 만들지는 않았으면 좋겠어.	N	2022-10-09 13:21:58	2022-11-08 06:10:24
BE22026135	7	0	하지만 너무 지겹고 매일 같은 말들을 반복해서 들으니 머리도 아파요. 계속 그런 말들이 머릿속에 떠오르면서 스트레스를 받고 그래서 제가 너무 예민해져 있어요. 주변 사람들도 예민해진 저를 조금씩 멀리하는 기분이 들어서 더 화가 나요.	N	2022-10-09 13:21:58	2022-10-09 13:21:58
BE22026135	8	1	분노가 높을수록 그런 부정적인 생각이 들 수밖에 없지. 계속 기억을 끄집어내지는 말고 최대한 긍정적인 생각을 할 수 있도록 노력해 보면 좋겠구나. 일단 안정을 취한 후에 너의 진심을 남편에게 전할 수 있는 대화를 나눠보는 것도 방법이야.	N	2022-10-09 13:21:58	2022-11-08 06:10:25
BE22026135	9	0	정말 엄마의 말씀대로 그런 시간을 가져보면 나아질 수 있을까요? 남편만 보면 화부터 나서 대화를 나눠 볼 생각도 안 들었던 거 같아요. 그래서 내가 과연 잘 할 수 있을지 자신이 없네요.	N	2022-10-09 13:21:58	2022-10-09 13:21:58
BE22026135	10	1	물론 처음부터 쉽게 되는 건 어려울 거야. 차근차근 한 단계씩 노력하다 보면 많이 나아질 수 있을 거야. 우리 딸은 그 누구보다 강한 인내심을 가졌으니 꼭 그럴 수 있을 거라 믿어.	N	2022-10-09 13:21:58	2022-11-08 06:10:25
BE22026135	11	0	그저 화부터 냈지, 그런 생각들은 못 해봤어요. 엄마의 그런 말씀 덕분에 다시 한번 생각을 해 보는 시간을 가지게 되네요. 좀 더 기운을 차리고 용기를 내서 잘 해결해야겠다는 마음이 들었어요.	N	2022-10-09 13:21:58	2022-11-08 06:10:25
BE22026135	12	1	그런 마음가짐을 가졌다는 거 자체로 이미 많이 나아간 거야. 엄마의 말에 조금이나마 기운을 낼 수 있게 되었다니 다행이네. 엄마는 늘 우리 딸을 응원하고 있으니 꼭 잘 해결이 됐으면 좋겠구나.	N	2022-10-09 13:21:58	2022-11-08 06:10:25
BE22026135	13	0	남편은 돈밖에 몰라서 화가 난다는 얘기를 누구에게 하기가 창피하더라고요. 어려웠지만 용기를 내서 엄마께 말씀을 드린 건데 답답했던 마음이 많이 나아진 기분이에요. 이럴 때 제 얘기를 잘 들어주시는 엄마가 옆에 계셔서 얼마나 다행인지 몰라요.	N	2022-10-09 13:21:58	2022-11-08 06:10:25
BE22026135	14	1	당연한 일인데 오히려 이런 고마운 말들을 해주니 엄마가 더 기분이 좋네. 언제든 힘든 일이나 답답한 고민이 생기면 엄마한테 얘기하고 풀으렴. 대화를 하면서 스트레스도 풀고 위로를 받으면서 이겨낼 용기도 얻을 수 있잖아.	N	2022-10-09 13:21:58	2022-11-08 06:10:25
BE22026135	15	0	말씀만이라도 너무 감사해요. 엄마의 응원과 위로 덕분에 앞으로의 어떤 일도 지금처럼 잘 이겨낼 수 있을 거 같아요. 저도 빨리 이 분노를 떨쳐내서 홀가분한 마음으로 엄마를 뵐 수 있었으면 좋겠어요.	Y	2022-10-09 13:21:58	2022-10-09 13:21:58
