id	utterance_id	utterance_type	utterance_text	terminate	regDate	updDate
BE22011728	1	0	와 여보 우리 도시가스 요즘이 많이 줄어서 나왔어요. 다행이다. 지난달에 가스 요금이 너무 많이 나와서 좀 힘들었는데 이번 달은 좀 살 것 같아.	N	2022-07-26 03:36:16	2022-11-08 04:39:47
BE22011728	2	1	우 와 정말? 이번 달 조금 절약하고 아꼈더니 좋은 결과가 나왔구나?	N	2022-07-26 03:36:16	2022-11-08 04:39:47
BE22011728	3	0	응. 정말 안심이야. 기쁘기도 하고 말이야. 특히 겨울이라서 도시가스 요금이 많이 나올까 봐 많이 전전긍긍했거든.	N	2022-07-26 03:36:16	2022-11-08 04:39:47
BE22011728	4	1	그동안 자기가 고생이 많았어. 집에 있으면서 추워도 보일러도 안 틀고 말이야. 자기가 이렇게 노력해서 아껴준 덕분에 우리가 점점 잘살게 되는 거 같아. 고마워.	N	2022-07-26 03:36:16	2022-11-08 04:39:47
BE22011728	5	0	에이 자기도 열심히 했잖아. 그리고 무엇보다 보일러 대신 전기용품을 늘인 게 도움이 된 것 같아. 함께 이렇게 노력해서 좋은 결과가 있으니 기쁨이 두 배인걸.	N	2022-07-26 03:36:16	2022-11-08 04:39:47
BE22011728	6	1	내가 많이 못 도와주는데도 자기가 이렇게 현명하게 살림을 맡아서 해 주니 내가 걱정이 없어. 그리고 자기 말 대로 이렇게 노력해서 아낄 수 있는 건 아끼니까 정말 나도 기쁘네.	N	2022-07-26 03:36:16	2022-11-08 04:39:47
BE22011728	7	0	호호, 기분 좋은걸? 나는 그냥 조금이라도 아껴보려고 노력 조금 했을 뿐인데 이렇게 결과가 좋을지 몰랐어.	N	2022-07-26 03:36:16	2022-11-08 04:39:47
BE22011728	8	1	이건 다 당신이 어릴 적부터 좋은 습관을 잘 들여놔서 가능했던 일인 것 같아. 사실 습관이 안 들어있으면 아끼는 것도 쉽지 않잖아. 나도 자기 덕분에 이것저것 좋은 습관을 가지게 된 것 같아.	N	2022-07-26 03:36:16	2022-11-08 04:39:47
BE22011728	9	0	잘 따라와 줘서 내가 고맙지 뭐. 이게 정말 혼자 해서는 되는 일이 아니고 부부 둘이서 노력해야 가능한 일인 것 같아.	N	2022-07-26 03:36:16	2022-11-08 04:39:47
BE22011728	10	1	맞아. 만약 자기가 나를 이렇게 바꿔주지 않았다면 나는 영원히 에너지를 팡팡 낭비하며 살았겠지. 나도 이렇게 변화한 내 모습이 참 좋아. 이건 모두 당신 덕분이야.	N	2022-07-26 03:36:16	2022-11-08 04:39:47
BE22011728	11	0	부끄럽게 무슨 칭찬이야. 휴 다시 생각해도 정말 안심이다. 사실 저번 달에 요금이 엄청 많이 나왔을 때는 정신이 아찔하더라고.	N	2022-07-26 03:36:16	2022-11-08 04:39:47
BE22011728	12	1	맞아 나도 그랬어. 독립해서 우리 둘이 살아본 게 처음이었으니 이것저것 막 썼었지. 매달 이렇게 큰돈이 나가는가 싶어서 긴장했었네. 자기랑 나랑 같은 마음이었나 봐.	N	2022-07-26 03:36:16	2022-11-08 04:39:47
BE22011728	13	0	맞아. 나도 통장 들여다보면서 이를 어쩌지 하고 엄청 고민했었잖아. 이제는 더 잘해 나갈 수 있을 것 같아. 당신과 함께!	N	2022-07-26 03:36:16	2022-11-08 04:39:47
BE22011728	14	1	나도 그런 생각이야. 이렇게 알뜰하고 지혜로운 아내를 만나게 해줘서 감사합니다 하고 장인 장모님께 인사드려야겠는걸.	N	2022-07-26 03:36:16	2022-11-08 04:39:47
BE22011728	15	0	정말. 자기 때문에 한참 웃었네. 어서 다시 열심히 일하고 우리 이따 만나. 저녁 준비해 놓을게!	Y	2022-07-26 03:36:16	2022-11-08 04:39:47
