id	utterance_id	utterance_type	utterance_text	terminate	regDate	updDate
BE22018433	1	0	여보, 이번 크리스마스이브에는 와인 한잔하면서 분위기 좀 내볼까 하는데, 어때?	N	2022-09-15 14:20:55	2022-09-15 14:20:55
BE22018433	2	1	너무 좋아. 요즘 우리 각자 일하느라 바빠서 제대로 시간을 못 보냈잖아. 와인에 스테이크 곁들여서 분위기 좀 내보자.	N	2022-09-15 14:20:55	2022-11-08 05:21:26
BE22018433	3	0	그래, 내가 쫙 세팅해 볼게. 올 한해 당신 하는 일 다 잘되고, 나도 자리 잡아가고 있잖아. 너무 감사하고 기쁜 1년이었어.	N	2022-09-15 14:20:55	2022-09-15 14:20:55
BE22018433	4	1	그러게, 힘든 만큼 뿌듯한 한 해였어. 당신도 나도 정말 고생했다 우리, 그렇지? 당신이 올해의 여정들에 깊은 행복을 느끼는 것 같아서 나도 좋아.	N	2022-09-15 14:20:55	2022-11-08 05:21:26
BE22018433	5	0	앞으로 이대로만 갔으면 좋겠어. 오늘 당신이랑 같이 마실 와인을 고르는데 그것만으로도 너무 행복한 거야. 행복이란 멀리 있는 게 아니라는 걸 요즘 부쩍 느껴.	N	2022-09-15 14:20:55	2022-11-08 05:21:27
BE22018433	6	1	당신이 기뻐하니 나도 덩달아 기뻐져. 당신 덕분에 와인 먹으면서 좋은 시간을 보낼 수 있을 것 같아서 좋아. 당신은 요즘 어떤 게 가장 감사해?	N	2022-09-15 14:20:55	2022-11-08 05:21:27
BE22018433	7	0	나는 무엇보다도 이 모든 나날을 당신이랑 함께 할 수 있다는 게 너무 감사해. 당신만큼 나를 잘 이해해 주고 지지해 주는 사람이 있어서 이루어낼 수 있었던 것 같아.	N	2022-09-15 14:20:55	2022-11-08 05:21:27
BE22018433	8	1	당신이 그렇게 얘기해 주니까 정말 감동이 물밀듯이 다가오는걸? 나 또한 당신 덕분에 뭘 하든 정말 든든했어. 항상 내 편이 되어줘서 고마워.	N	2022-09-15 14:20:55	2022-11-08 05:21:27
BE22018433	9	0	우리는 정말 환상의 짝꿍이야. 내년 이맘때에도 이렇게 훈훈한 연말을 보낼 수 있었으면 좋겠다. 그때는 와인 고르러 같이 가보자.	N	2022-09-15 14:20:55	2022-09-15 14:20:55
BE22018433	10	1	나는 당신이 그때그때 표현할 줄 알고, 상대방도 덩달아서 기분 좋아지게 만들어서 정말 좋아. 그게 당신의 정말 큰 장점이야. 나도 당신처럼 앞으로 기분 좋은 건 더 티 내고 기념하고 해볼게.	N	2022-09-15 14:20:55	2022-11-08 05:21:27
BE22018433	11	0	표현할 수 있는 행복한 나날을 당신이 함께 만들어준 덕분이지. 우리 앞으로도 작은 것에 감사하며 이렇게 알콩달콩 지내자.	N	2022-09-15 14:20:55	2022-09-15 14:20:55
BE22018433	12	1	응! 당신 오늘은 언제쯤 마칠 것 같아? 크리스마스이브엔 와인 오늘은 맥주 어때?	N	2022-09-15 14:20:55	2022-09-15 14:20:55
BE22018433	13	0	너무 좋지. 이런 게 우린 정말 잘 맞는다니까! 회사 앞에 맛있는 치킨집 있어. 퇴근길에 포장해갈게.	N	2022-09-15 14:20:55	2022-09-15 14:20:55
BE22018433	14	1	응 이따가 집에서 봐.	Y	2022-09-15 14:20:55	2022-09-15 14:20:55
