id	utterance_id	utterance_type	utterance_text	terminate	regDate	updDate
BE22019824	1	0	오늘 친정에 가서 밥 먹으면서 엄마 아빠랑 당신 이야기하면서 한참 웃었어. 당신이 없어서 아쉽긴 했지만 오랜만에 엄마의 손맛 가득한 집밥을 먹으니 너무 기쁘다.	N	2022-09-22 07:20:54	2022-11-08 05:27:13
BE22019824	2	1	요즘 엄마 밥을 먹고 싶다더니 소원도 풀고 기쁘다니 나도 너무 마음이 좋아.	N	2022-09-22 07:20:54	2022-11-08 05:27:13
BE22019824	3	0	응. 너무 좋아. 갑자기 와서 엄마가 놀라면서도 너무 좋아하시네. 콩밥에 된장찌개를 끓여 식사했는데 너무 행복한 저녁 식사야. 이 맛있는 걸 먹으니 그동안 쌓인 모든 피로가 사라지는 걸 느껴. 너무 행복해.	N	2022-09-22 07:20:54	2022-11-08 05:27:13
BE22019824	4	1	아 그 따뜻하고 맛있는 식탁에 함께해야 하는데 야근 때문에 함께하지 못해서 너무 아쉽네. 당신이 행복하면 나도 행복하지. 나도 함께 그 자리에 있는 것 같은걸.	N	2022-09-22 07:20:54	2022-11-08 05:27:13
BE22019824	5	0	나는 아무리 좋은 음식을 먹어도 우리 엄마의 된장찌개를 먹을 때만큼 좋지는 않더라. 엄마 손맛이 들어가면 어쩜 이렇게 세상에서 제일 맛있나 몰라. 이걸 먹을 생각에 오는 친정집으로 향하는 내내 너무 들뜨고 좋아서 콧노래가 나오더라.	N	2022-09-22 07:20:54	2022-09-22 07:20:54
BE22019824	6	1	당신이 정말 좋아하는 엄마표 집밥이잖아. 너무 좋아하는 음식과 부모님이 계신 곳으로 달려가는 길이니, 피곤함을 느낄 새도 없었겠어. 좋은 시간 보내면서 마음 편하게 쉬다가 천천히 와.	N	2022-09-22 07:20:54	2022-11-08 05:27:13
BE22019824	7	0	엄마는 언제라도 준비된 것처럼 그때그때 어쩜 저렇게 잘 만들어주시는지. 특히 내가 좋아하는 걸로만 만들어줄 때면 우울한 일이 있어도 엄마 덕분에 기분이 확 풀린다니까. 당신이 이렇게 친정에 다려오라고 배려해 준 덕에 내가 이렇게 호사를 누리고 있어. 정말 고마워.	N	2022-09-22 07:20:54	2022-11-08 05:27:13
BE22019824	8	1	별소리를 다 하고 그래, 같이 못 가서 내가 미안한걸. 특별한 것 없고 평범해도 엄마가 해준 된장찌개는 당신을 위한 특별한 음식이라서 그런 거 아니겠어. 장모님은 분명 딸을 행복하게 만드는 마법 가루를 뿌리는 게 틀림없어.	N	2022-09-22 07:20:54	2022-11-08 05:27:14
BE22019824	9	0	가족들이 맛있게 먹는 모습을 생각하며 행복한 미소를 짓고 준비했을 엄마의 마음이 느껴져. 그래서 정말 마법처럼 행복이 전파되나 봐.	N	2022-09-22 07:20:54	2022-09-22 07:20:54
BE22019824	10	1	그러게. 그래서 당신이 집에 다녀올 때면 그렇게 행복해져서 돌아오나 봐. 당신이 힘들거나 마음 복잡해도 행복할 수 있는 방법을 가진 것 같아. 항상 스스로 해결하려고 노력하는 모습에 내가 감동하곤 해.	N	2022-09-22 07:20:54	2022-11-08 05:27:14
BE22019824	11	0	그냥 마음이 시키는 대로 하는 거지. 당신이 이렇게 다 이해해 주니까 내가 이렇게 갑자기 엄마 집에도 가는 거 아니겠어. 항상 당신한테 정말 고마워. 당신한테 이 행복한 마음을 포장해서 가지고 가고 싶은걸.	N	2022-09-22 07:20:54	2022-11-08 05:27:14
BE22019824	12	1	하하. 기쁨은 마음에 새겨오고 음식은 많이 먹고 와. 기분도 좋고 음식도 맛있고 행복하고 즐거운 당신의 시간이 영원하면 좋겠다.	N	2022-09-22 07:20:54	2022-11-08 05:27:14
BE22019824	13	0	다음에는 당신도 함께하면 얼마나 더 즐거울까. 콩밥과 된장찌개같이 먹으면서 다 같이 즐거운 순간들을 많이 만들고 싶다.	N	2022-09-22 07:20:54	2022-11-08 05:27:14
BE22019824	14	1	응. 그래야지. 여보 바램처럼 우리 행복한 순간들을 많이 쌓아가야지. 다음엔 나도 같이 시간 맞춰서 가자.	N	2022-09-22 07:20:54	2022-11-08 05:27:14
BE22019824	15	0	응. 너무 좋다. 당신과 같이 와서 엄마의 맛있는 밥이랑 찌개 먹으면서 이야기도 많이 하고 그러자.	Y	2022-09-22 07:20:54	2022-09-22 07:20:54
