id	utterance_id	utterance_type	utterance_text	terminate	regDate	updDate
BE22004986	1	0	오늘 마트에서 장물 보고 나오는데, 혹시 그 맞은 편에 있는 꽃집 생각이 나?	N	2022-06-29 04:32:50	2022-11-08 03:56:28
BE22004986	2	1	생각이 날 듯 말 듯 정확히 나는 건 아닌데, 그래서?	N	2022-06-29 04:32:50	2022-11-08 03:56:28
BE22004986	3	0	장을 잔뜩 봐 나오는데 내가 정말 좋아하는 연 분홍색의 소담스러운 작약이 나왔지 뭐야.	N	2022-06-29 04:32:50	2022-11-08 03:56:28
BE22004986	4	1	아! 아이 얼굴만큼 커다란 꽃?	N	2022-06-29 04:32:50	2022-11-08 03:56:28
BE22004986	5	0	맞아. 사라 베넷트라는 품종인데 향도 은근하고 아주 예뻐. 요즘에 잠깐 나오거든.	N	2022-06-29 04:32:50	2022-11-08 03:56:28
BE22004986	6	1	당신이 그렇게 좋아하는 꽃이 나온 걸 내가 미처 몰랐네. 진작 알았더라면 벌써 한 다발 선물했을 텐데.	N	2022-06-29 04:32:50	2022-11-08 03:56:28
BE22004986	7	0	뭘 그럴 수도 있지. 자기가 작약이 언제 나오는지 어떻게 기억하고 있겠어.	N	2022-06-29 04:32:50	2022-11-08 03:56:28
BE22004986	8	1	오늘 봤으면 푸짐하게 사 오지 그랬어?	N	2022-06-29 04:32:50	2022-11-08 03:56:28
BE22004986	9	0	양손에 짐이 많기도 했고, 꽃값이 요즘 너무 비싸져서 엄두를 못 내겠더라고. 그냥 쳐다만 봐도 좋더라고.	N	2022-06-29 04:32:50	2022-11-08 03:56:28
BE22004986	10	1	아이고 이런! 꽃이 비싸면 얼마나 비싸다고 그걸 망설였을까? 하긴 그렇게 알뜰하니 우리가 이렇게 사는 거겠지만.	N	2022-06-29 04:32:50	2022-11-08 03:56:28
BE22004986	11	0	자기가 그렇게 열심히 직장 생활을 하는데 아끼면서 사는 게 당연하지.	N	2022-06-29 04:32:50	2022-11-08 03:56:28
BE22004986	12	1	당신한테 참 감사해. 그런 의미로 퇴근길에 당신만큼 예쁜 작약 꽃다발 준비할 게.	N	2022-06-29 04:32:50	2022-11-08 03:56:28
BE22004986	13	0	정말이야? 너무 좋다. 벌써부터 설렌다. 저녁에 내가 맛있게 밥을 해놓을게.	N	2022-06-29 04:32:50	2022-11-08 03:56:28
BE22004986	14	1	겨우 꽃 한 다발인데 그렇게 좋아? 그런 걸로 설레일 수 있는 당신이 나는 너무 사랑스러워. 그런 감성이 굳어지지 않고 여전히 말랑하게 살아 있는 게 흐뭇하고 좋아.	N	2022-06-29 04:32:50	2022-11-08 03:56:28
BE22004986	15	0	자기가 그런 말을 해주니 울컥해. 우리 자기는 마음 쓰는 것도 말도 어쩜 그렇게 곱게 할까 늘 감동이야.	Y	2022-06-29 04:32:50	2022-11-08 03:56:28
