id	utterance_id	utterance_type	utterance_text	terminate	regDate	updDate
BE22012367	1	0	당신, 오늘 아침에 우리 딸아이가 강아지에게 알 배추를 줬더라고요. 드디어 강아지에게 마음을 연 것 같아서 안도하는 마음이 들어 너무 기뻤어요. 강아지가 무서워서 다가가지도 않았는데 자기 음식까지 주는 모습을 보니 기뻐서 눈물이 날 것 같아요.	N	2022-07-29 05:07:31	2022-11-08 04:43:47
BE22012367	2	1	당신이 기뻐하는 모습이 상상되고 문자에서도 느껴져서 나도 너무 신이 나요. 강아지에게 마음을 열어서 감정을 나누고 교감하는 모습을 보다니 얼마나 감동이었을까요. 당신이 며칠째 고민하면서 해결할 방법을 고심했는데 자연스럽게 해결되어서 속이 시원하겠어요.	N	2022-07-29 05:07:31	2022-11-08 04:43:47
BE22012367	3	0	맞아요, 난 무척 감동해서 눈물이 날뻔했어요. 둘 사이를 방해하고 싶지 않아서 조용히 출근하긴 했지만, 이 감정은 말로 표현할 수가 없어요. 강아지를 데리고 온 날 무섭다며 우는 아이를 보고 우리 얼마나 당황했는지 그때만 떠올리면 끔찍해요.	N	2022-07-29 05:07:31	2022-11-08 04:43:47
BE22012367	4	1	그렇죠, 그때 당신의 표정이 상상돼서 저도 등에 땀이 흐르네요. 우리의 생각과는 정반대로 행동하는 딸아이를 보고 부모 되기는 어렵다고 또 한 번 깨달았잖아요. 그래도 자신을 위한 행동이었다는 것을 이해하고는 있었을 테니 그때 일로 너무 상처받지 말아요.	N	2022-07-29 05:07:31	2022-11-08 04:43:47
BE22012367	5	0	네 그래야죠, 그때는 나의 진심이 딸아이에게 통하지 않은 것 같아서 속상한 마음이 있었죠. 하지만 저렇게 자기 음식도 주면서 친하게 지내는 모습을 보니 그때 속상함은 다 날아가 버렸어요. 역시 우리 딸이 강아지에게 마음을 열고 친구가 될 줄 알았어요.	N	2022-07-29 05:07:31	2022-11-08 04:43:47
BE22012367	6	1	이게 모두 당신을 닮아서 그렇죠. 동물을 사랑하고 다정한 성격이 어디 가겠어요. 딸에게 대물림 되어 강아지에게 마음을 열고 소중히 할 것이라는 게 정해진 사실인 걸 요.	N	2022-07-29 05:07:31	2022-11-08 04:43:47
BE22012367	7	0	그렇게 말해줘서 고마워요. 난 오늘 아침에 본 감동적인 장면을 당신과 나누고 싶어서 문자를 한 것뿐인데요. 당신의 이런 칭찬과 격려가 섞인 반응을 받으니 연락하길 잘했다는 생각이 드네요.	N	2022-07-29 05:07:31	2022-11-08 04:43:47
BE22012367	8	1	당연하죠. 나도 당신의 이런 문자를 받으면 힘이 나고 우리 가족의 행복이 다시 떠올라서 더욱 행복해져요. 나의 기쁨의 근원이 당신과 딸 그리고 새로 온 우리 가족인 강아지도 있고요.	N	2022-07-29 05:07:31	2022-11-08 04:43:47
BE22012367	9	0	딸아이가 강아지에게 준 알 배추가 이렇게 나와 당신을 기쁘게 하다니 행복해서 눈물 나게 하네요. 새로운 행복을 알려준 강아지에게도 고맙고 우리 딸에게도 고마운 마음뿐이에요.	N	2022-07-29 05:07:31	2022-11-08 04:43:47
BE22012367	10	1	작은 것에도 감사하는 당신을 보면 정말 대단하다는 생각밖에 안 들어요. 행복의 크기를 잴 수는 없지만. 그래도 매사 감사한 당신이 있어서 우리 가족이 더 행복한 것 같아요.	N	2022-07-29 05:07:31	2022-11-08 04:43:47
BE22012367	11	0	그렇게 반응해 줘서 내가 더 고마워요. 내가 말하는 메시지 하나하나에 일일이 다 반응해 주는 당신이 있어서 얼마나 기쁜지 몰라요. 당신이 내 아내라서 난 복 받은 남자죠.	N	2022-07-29 05:07:31	2022-11-08 04:43:47
BE22012367	12	1	당연히 당신의 진심은 항상 나와 딸에게 전달돼서 우리가 당신에게 잘 반응하는 거죠. 그리고 당신이 우리를 위해서 못 할 것이 없다는 것도 알기에 항상 고마워하는 것도 있어요.	N	2022-07-29 05:07:31	2022-11-08 04:43:47
BE22012367	13	0	오늘 나의 기쁨은 우리 딸 덕분에 발생한 것인데 당신의 칭찬을 받으니 기쁨이 배가 되었네요. 역시 나의 행복의 근원이 당신과 우리 딸 이에요.	N	2022-07-29 05:07:31	2022-11-08 04:43:47
BE22012367	14	1	그렇게 메시지를 보내 주니 나 감동해서 눈물이 날 것 같아요. 내가 더 고마운데 나에게 항상 고맙다고 말해주는 당신이 있어 너무 미안해요. 항상 우리 옆에서 이렇게 행복하게 지내요.	N	2022-07-29 05:07:31	2022-11-08 04:43:47
BE22012367	15	0	나도 정말 고마워요, 오늘의 문자를 통해서 나의 기쁨이 더 커진 것이 확실해요. 이게 다 당신 덕분인 걸 알기에 고맙고 감동이에요.	Y	2022-07-29 05:07:31	2022-11-08 04:43:47
