id	utterance_id	utterance_type	utterance_text	terminate	regDate	updDate
BE22023057	1	0	여보, 나 지금 얼마나 기쁜지 몰라. 딸에게 줄 흰색 운동화를 여러 켤레 샀어. 퇴근하고 집에 가는 길이 평소보다 즐겁고 행복하네!	N	2022-09-30 08:03:17	2022-09-30 08:03:17
BE22023057	2	1	당신의 문자를 읽기만 했는데도 당신의 기쁨이 느껴져서 나도 기분이 좋다! 딸이 요즘 갖고 싶다고 했던 흰색 운동화를 사오다니, 역시 당신은 참 자상한 아빠야. 게다가 한 켤레도 아니고, 여러 켤레를 샀다니 대단해!	N	2022-09-30 08:03:17	2022-11-08 05:52:10
BE22023057	3	0	선물을 받고 무척 좋아할 딸을 떠올리니까 내 기분도 너무 신나고 만족스러워! 우리 딸이 달리기를 좋아하기 때문에 한 켤레 가지고는 부족할 수 있겠다고 생각했어. 체육시간에 운동화가 망가질 생각을 하느라 망설이며 뛰는 것보다 힘차게 달리는 것이 좋을 테니 말이야.	N	2022-09-30 08:03:17	2022-09-30 08:03:17
BE22023057	4	1	운동화만 고른 게 아니라, 딸의 상황을 고려해서 운동화를 구매했구나! 나는 당신이 가진 이런 섬세하고 자상한 면이 참 좋아. 당신의 그 마음을 늘 본받고 싶다고 생각해.	N	2022-09-30 08:03:17	2022-11-08 05:52:10
BE22023057	5	0	우리 소중한 딸을 생각하면 나는 뭐든지 다 해줄 수 있는 슈퍼맨이 된 것 같아! 기분이 막 좋아지고 내 마음속에서 강한 힘이 생겨. 딸이 하고 싶은 것들을 아낌없이 해줄 수 있는 아빠가 되고 싶어서 기분이 들떠.	N	2022-09-30 08:03:17	2022-11-08 05:52:10
BE22023057	6	1	좋은 아빠가 되어주기 위해 노력하는 당신의 모습이 얼마나 멋진지 몰라. 우리 딸도 분명 당신의 사랑과 진심을 잘 느끼고 있을 거야. 당신의 사랑을 받고 우리 딸이 이렇게 건강하고 씩씩하게 자라고 있는 것이니 말이야.	N	2022-09-30 08:03:17	2022-11-08 05:52:10
BE22023057	7	0	당신이 그렇게 말해주니까 마음이 기쁨으로 더욱 벅차오르는 게 느껴져! 당신도 알다시피 내가 어렸을 때는 형편이 안 좋아서 늘 포기하고 살았거든. 힘들었던 어린 시절이 마음에 사무쳐서 내 자식에게는 꼭 다 해줄 수 있는 부모가 되리라 결심했지.	N	2022-09-30 08:03:17	2022-11-08 05:52:10
BE22023057	8	1	힘든 상황을 견디느라 힘들었을 텐데도 멋진 목표를 갖고 이루기 위해 노력한 당신이 자랑스러워. 그리고 당신의 힘들었던 시기를 내가 지금이라도 곁에서 위로해주고 다독여줄 수 있음에 감사해. 이제 앞으로는 힘든 일이 있어도 혼자 견디지 말고 함께 힘을 내며 힘내자.	N	2022-09-30 08:03:17	2022-11-08 05:52:10
BE22023057	9	0	지금 내 옆을 따뜻하게 채워주는 당신과 딸이 있어서 내 삶은 그 누구보다도 행복해. 무엇보다 우리 딸이 이번에 학교에서 봉사상을 받기도 했으니, 이렇게 선물을 주며 축하해주고 싶어. 상을 받은 우리 딸을 위해서라면 신발 가게에 있는 모든 신발을 다 사주고 싶어!	N	2022-09-30 08:03:17	2022-09-30 08:03:17
BE22023057	10	1	주변의 소중한 사람들에게 감사할 줄 아는 당신의 따뜻한 마음을 우리 딸이 닮은 것이지. 좋은 사람의 주변에는 좋은 사람만 있다고 하잖아. 당신이 훌륭한 사람이기에 우리 딸도 이렇게 올바른 마음을 갖게 된 것이라고 생각해!	N	2022-09-30 08:03:17	2022-11-08 05:52:10
BE22023057	11	0	당신은 늘 내가 가진 장점을 말해주며 내게 큰 기쁨을 줘. 가끔 힘들거나 지칠 때, 이렇게 당신이 내게 해준 말들이 얼마나 큰 힘이 되는지 몰라! 이 세상에서 당신과 딸을 만난 것은 내게 큰 행운이야.	N	2022-09-30 08:03:17	2022-09-30 08:03:17
BE22023057	12	1	내가 당신에게 힘이 되었다니, 이보다 기쁜 말이 또 있을까 싶네. 오늘은 당신의 기쁜 마음과 딸의 행복한 마음으로 따뜻한 저녁이 될 것 같은 예감이 들어!	N	2022-09-30 08:03:17	2022-11-08 05:52:10
BE22023057	13	0	앞으로도 지금처럼 우리 셋이서 웃음과 행복이 가득한 삶을 살아가자! 당신과 딸이 나를 기다리고 있을 집으로 어서 빨리 갈게. 잠시 후에 만나!	N	2022-09-30 08:03:17	2022-09-30 08:03:17
BE22023057	14	1	나 역시 당신과 함께 할 미래가 너무나 기다려져! 집에서 딸과 함께 당신을 기다릴게.	Y	2022-09-30 08:03:17	2022-09-30 08:03:17
