id	utterance_id	utterance_type	utterance_text	terminate	regDate	updDate
BE22025854	1	0	여보, 어제도 아들이 집에 들러서 딸을 데리고 나갔다 왔대. 맛있는 것도 사주고 딸이 좋아하는 곳에 가서 놀고 왔더라. 정말 대견하기도 하고 기쁜 마음에 기분이 너무 좋네.	N	2022-10-08 22:48:59	2022-10-08 22:48:59
BE22025854	2	1	대학생이면 친구들이랑 약속도 많을 텐데. 동생을 이렇게 챙기는 모습에 정말 대견하고 기쁘네. 우리를 생각해서 더 시간을 내주는 것 같아 아들에게 정말 고맙네.	N	2022-10-08 22:48:59	2022-10-08 22:48:59
BE22025854	3	0	둘이 나이 차이가 워낙 많이 나잖아. 더구나 성별이 달라서 클수록 잘 지낼 수 있을까 했는데. 내 걱정이 무색할 만큼 아들이 딸을 잘 챙기니 정말 고맙고 기쁜 마음이 주체가 안되네.	N	2022-10-08 22:48:59	2022-10-08 22:48:59
BE22025854	4	1	당신이 정말 아들딸을 사랑을 키웠잖아. 아이에게도 당신의 마음이 닿았는지 둘 다 정말 잘 커준 것 같다는 생각이 들어. 모든 것은 다 당신 덕분이야.	N	2022-10-08 22:48:59	2022-11-08 06:08:43
BE22025854	5	0	우리가 둘 다 일을 하니 딸 걱정이 많잖아. 그래서 그런지 수업 마치고 기숙사 가기 전에 집에 들러서 동생이랑 놀아주나 봐. 아들 덕분에 한시름 덜어서 안도감과 행복한 기분이 들어.	N	2022-10-08 22:48:59	2022-10-08 22:48:59
BE22025854	6	1	이야기를 듣는 나도 가슴이 뭉클하다. 업무 중에 들으니 일할 힘이 생기네. 정말 잘 커준 아이들 덕분에 힘들다는 생각도 안 드네.	N	2022-10-08 22:48:59	2022-11-08 06:08:43
BE22025854	7	0	그러면서 아들이 내가 좋아하는 케이크도 딸 손에 들려 보냈더라. 케이크를 보는데 기쁨의 눈물이 핑 돌더라. 어쩜 이렇게 생각이 깊고 착한지 몰라.	N	2022-10-08 22:48:59	2022-11-08 06:08:43
BE22025854	8	1	당신이 항상 아이들이 클 상대방을 배려하고 생각해 주는 모습을 보였잖아. 아이들에게도 좋은 본보기가 되지 않았을까? 이렇게 아이들 키운다고 정말 고생 많았어.	N	2022-10-08 22:48:59	2022-11-08 06:08:43
BE22025854	9	0	자식 자랑은 어디 가서 하기 조심스럽잖아. 당신한테만큼은 우리 아들딸 잘 큰 걸 신나게 이야기할 수 있어서 너무 기쁘다.	N	2022-10-08 22:48:59	2022-11-08 06:08:43
BE22025854	10	1	물론이지. 우리 둘이 오롯이 기뻐하고 행복해할 수 있는 거잖아. 지금처럼 언제든지 연락해서 알려줘.	N	2022-10-08 22:48:59	2022-11-08 06:08:43
BE22025854	11	0	아들이 종종 이렇게 동생을 챙겼지만 어제는 딸아이가 기분이 안 좋아서 걱정이 많았거든. 그런데 어떻게 알고 이렇게 챙겨줬는지 몰라. 정말 기쁜 마음에 가슴이 정말 벅차오른다.	N	2022-10-08 22:48:59	2022-10-08 22:48:59
BE22025854	12	1	그러게 말이야. 키울 때도 항상 기쁨을 주던 녀석이었잖아. 이렇게 커서도 우리에게 큰 기쁨과 행복을 주네. 주말에는 아들 데리고 나가서 아들이 하고 싶은 것 하며 시간 보내자.	N	2022-10-08 22:48:59	2022-11-08 06:08:43
BE22025854	13	0	그러자! 주말엔 우리 가족 넷이서 행복한 시간 보내자. 나중에 또 연락할게.	N	2022-10-08 22:48:59	2022-10-08 22:48:59
BE22025854	14	1	응 여보, 아들한테 가고 싶은 곳 있나 미리 연락해 봐. 나도 퇴근할 때 다시 연락할게.	Y	2022-10-08 22:48:59	2022-11-08 06:08:43
