id	utterance_id	utterance_type	utterance_text	terminate	regDate	updDate
BE22009611	1	0	여보, 우리 손주가 어릴 적부터 말을 잘하더니 이제 3개 국어를 잘하네. 기특한 녀석이야.	N	2022-07-18 00:56:19	2022-11-08 04:26:16
BE22009611	2	1	그러게, 당신 닮아서 그런 거잖아. 당신 영어 잘해서 내가 얼마나 멋있게 봤는데.	N	2022-07-18 00:56:19	2022-11-08 04:26:16
BE22009611	3	0	하하, 예전에 지나가는 외국인이 길 물어봤을 때 대답해주는 거 보고 당신 대개 신기해했었지. 내가 언어 배우는 걸 좋아하고 언어 능력을 좀 타고났어. 손주가 이걸 물려받은 거 같아서 내심 참 뿌듯하기도 하고.	N	2022-07-18 00:56:19	2022-11-08 04:26:16
BE22009611	4	1	손주가 유치원 다닐 때부터 당신만 보면 영어로 말해달라고 많이 졸랐잖아. 당신이 어린이 영어책을 읽어주면 녀석이 얼마나 황홀한 표정을 짓고 있었는지, 그게 아직도 눈에 선하네. 그때부터 할머니 닮아서 영어를 잘할 싹이 보였던 거 같아.	N	2022-07-18 00:56:19	2022-11-08 04:26:16
BE22009611	5	0	조그만 녀석이 그 작은 입으로 영어로 뭐라 뭐라 중얼거리는 게 얼마나 귀여웠던지. 저 아이가 어떻게 클지 당신이랑 내가 참 궁금해했잖아.	N	2022-07-18 00:56:19	2022-11-08 04:26:16
BE22009611	6	1	당신이 손주 교육에 알게 모르게 표 안 나게 하면서 애 많이 썼어. 그건 내가 옆에서 죽 지켜봐서 너무 잘 알지.	N	2022-07-18 00:56:19	2022-11-08 04:26:16
BE22009611	7	0	내 힘껏 손주에게 정성 쏟은 거 당신이 알아주니, 뭐 몰라주는 것보다 훨씬 낫네. 하하. 그런 아이가 영어는 물론 3개 국어까지 하는 걸 보니 내가 보답받은 것 같아.	N	2022-07-18 00:56:19	2022-11-08 04:26:16
BE22009611	8	1	그러게, 요즘 잘 자란 손주를 보면 감사한 마음이 들어서 눈물이 날 지경이라니까. 크게 도움을 못 준 나도 그런데 당신은 마음이 어떻겠어. 나름 바쁜 시간 쪼개서 손주 돌보느라 고생 많았어.	N	2022-07-18 00:56:19	2022-11-08 04:26:16
BE22009611	9	0	남들은 공부만 하기도 힘들어하는데 우리 손주는 틈틈이 아르바이트까지 하면서 저렇게 공부를 열심히 했잖아. 부모님께 조금이라도 부담을 덜어주고 싶다면서. 저렇게 올바른 마음을 가진 성실한 청년으로 자란 손주가 너무 기특해.	N	2022-07-18 00:56:19	2022-11-08 04:26:17
BE22009611	10	1	거기다 영어 하나 잘하는 것도 정말 힘든데 3개 국어를 하니, 손자 참 잘 뒀어. 아무튼 내 당신의 노고를 아니까 하는 말인데, 당신 참 훌륭해.	N	2022-07-18 00:56:19	2022-11-08 04:26:17
BE22009611	11	0	그동안 손주가 공부에 아르바이트하느라 여행 한번 제대로 못 다녔잖아. 여보, 우리 이번에 손주랑 함께 여행 한번 다녀옵시다.	N	2022-07-18 00:56:19	2022-11-08 04:26:17
BE22009611	12	1	3개 국어가 가능한 손주를 축하하고, 자랑스러운 손주를 둔 기념으로 가는 거잖아. 그러니 이왕이면 국내보다는 해외로 가서 그동안 갈고 닦은 영어 실력 좀 뽐내보도록 하는 거야. 손주가 좋아하는 모습이 벌써 눈앞에 그려지네.	N	2022-07-18 00:56:19	2022-11-08 04:26:17
BE22009611	13	0	아, 당신 정말 좋은 생각이야. 외국어 잘하는 손주 덕분에 우리도 외국 여행 가게 생겼네. 여러 가지로 참 효자야, 우리 손주.	N	2022-07-18 00:56:19	2022-11-08 04:26:17
BE22009611	14	1	그런 손주를 둔 우리는 정말 복이 많은 사람이고. 늘 감사하며 선하게 삽시다!	Y	2022-07-18 00:56:19	2022-11-08 04:26:17
