id	utterance_id	utterance_type	utterance_text	terminate	regDate	updDate
BE22025787	1	0	여보 나 오늘 엄청 감동받고 행복해서 너무 기쁜 하루가 됐어. 너무 뿌듯한 광경을 목격하니 내 마음에 기쁨이 넘쳐 나네.	N	2022-10-08 14:50:17	2022-10-08 14:50:17
BE22025787	2	1	당신에게 좋은 일이 있었나 보네. 당신 기분이 좋다니 무슨 일인지 너무 궁금하다.	N	2022-10-08 14:50:17	2022-10-08 14:50:17
BE22025787	3	0	오늘 산책길에 강아지에게 화내면서 혼내는 사람을 봤거든. 한마디 하고 싶었지만 말도 못 하고 불안함에 쳐다보고 있는데 학생들이 먼저 나서는 거 있지.	N	2022-10-08 14:50:17	2022-10-08 14:50:17
BE22025787	4	1	당신 마음이 안절부절 했겠어. 괜히 나섰다가 싸움이라도 날까 많이 고민도 되고 마음이 얼마나 불편했을까.	N	2022-10-08 14:50:17	2022-11-08 06:08:18
BE22025787	5	0	참 학생들이 말도 어쩜 그렇게 조리 있고 예의 있게 하는지. 너무 이쁘고 뿌듯해서 보는 내내 내 마음이 너무 기쁘더라.	N	2022-10-08 14:50:17	2022-10-08 14:50:17
BE22025787	6	1	정말 아주 멋지고 용기 있는 학생들이네. 용기 내서 약한 동물을 보호해 주는 그 마음에 당신이 얼마나 감동스러운 마음을 가졌을지 느껴지네.	N	2022-10-08 14:50:17	2022-10-08 14:50:17
BE22025787	7	0	어른들끼리 말하면 싸움이 날 수도 있는데. 학생들이 이야기하니까 오히려 더 강아지를 혼내던 사람도 미안해하며 안 그러겠다고 하고 머쓱해하더라. 학생들이 생각도 깊고 동물도 사랑하는 마음을 가진 걸 보니 너무 마음이 기쁜 거 있지.	N	2022-10-08 14:50:17	2022-10-08 14:50:17
BE22025787	8	1	어른들이 많이 반성해야겠다. 학생들이 그렇게 나설 때까지 가만히 지켜보고 있던 어른들이 많이 창피해하고 반성해야 해.	N	2022-10-08 14:50:17	2022-10-08 14:50:17
BE22025787	9	0	아이들은 정말 사회에서 다 같이 관심을 가져야 해. 올바르게 성장하도록 도와주면 사회가 바른길로 나가는데 가장 큰 힘이 된다는 게 맞는 것 같아.	N	2022-10-08 14:50:17	2022-10-08 14:50:17
BE22025787	10	1	당신 말이 정말 맞아. 그런 일을 할 정도로 바른 학생들이 많아지면 함부로 하는 사람들도 점점 없어질 거야.	N	2022-10-08 14:50:17	2022-11-08 06:08:19
BE22025787	11	0	오늘 일만 봐도 그런 아이들이 많아진다면. 몇 년 후에는 동물도 사랑하고 부당한 거는 지나치지 않는 좋은 사회가 될 거야.	N	2022-10-08 14:50:17	2022-10-08 14:50:17
BE22025787	12	1	우리 어른들이 많이 노력해야지. 당신도 나도 주변의 아이들에게도 관심을 갖고 그래야겠어. 우리도 사실 많이 무심했던 걸 반성해야 해.	N	2022-10-08 14:50:17	2022-11-08 06:08:19
BE22025787	13	0	나부터도 강아지를 혼내는 사람에게 아무 말도 못 했는데 아이들은 해내는걸. 심지어 슬기롭고 예의도 있는 모습이 참 감동이야.	N	2022-10-08 14:50:17	2022-10-08 14:50:17
BE22025787	14	1	오늘 당신이 느낀 게 참 많았겠다. 당신은 보고 느낀 걸 항상 마음에 새기고 좋은 방향으로 발전시키니 참 멋진 사람이야.	N	2022-10-08 14:50:17	2022-10-08 14:50:17
BE22025787	15	0	나도 앞으로 아이들에게 창피하지 않게 좋은 어른이 돼야겠어. 오늘 참 감동으로 가득한 행복한 날이야.	N	2022-10-08 14:50:17	2022-10-08 14:50:17
BE22025787	16	1	나도 당신처럼 노력해야겠네. 오늘 행복한 하루가 되었다니 내 마음도 참 좋아.	Y	2022-10-08 14:50:17	2022-11-08 06:08:19
