id	utterance_id	utterance_type	utterance_text	terminate	regDate	updDate
BE22010221	1	0	여보. 우리 딸 혼수 마련할 수 있을 것 같아요. 제대로 준비해서 보낼 수 있을 것 같아 기뻐요.	N	2022-07-19 08:28:31	2022-11-08 04:30:12
BE22010221	2	1	고생 많았어요. 당신이 지금 기쁜 마음을 감출 수 없는 건 대출이 잘 나왔기 때문이겠죠? 당신이 좋아하니까 나도 덩달아 흥분되고 좋아요!	N	2022-07-19 08:28:31	2022-11-08 04:30:12
BE22010221	3	0	맞아요! 우리 딸 결혼하는데 빈손으로 가는 거 아닌가 걱정했는데 정말 기쁜 거 있죠? 어찌나 흥분되던지 손이 떨리더라니까요.	N	2022-07-19 08:28:31	2022-11-08 04:30:12
BE22010221	4	1	저도 예전에 기대하던 일이 성공했을 때 그런 적이 있어요! 뛸 듯이 기쁘고 흥분돼서 제대로 말도 못 했었어요. 꿈은 아닌가 생각도 했었어요.	N	2022-07-19 08:28:31	2022-11-08 04:30:12
BE22010221	5	0	그러니까요. 승인을 기다리던 지난날들이 주마등 스치듯 지나가더라니까요. 우리 딸이 좋아할 생각하니까 엄청 기뻐요.	N	2022-07-19 08:28:31	2022-11-08 04:30:12
BE22010221	6	1	고생 많았어요. 부모로서 딸에게 해주고 싶은 건 참 많은데 쉽지 않다 보니 최근에 얼마나 마음고생했어요. 이 흥분은 쉽사리 가라앉기 힘들 것 같아요.	N	2022-07-19 08:28:31	2022-11-08 04:30:12
BE22010221	7	0	그래도 당신이 알아주니 고맙네요. 당신과 함께하니 역시 기쁨은 두 배가 되는 것 같아요.	N	2022-07-19 08:28:31	2022-11-08 04:30:12
BE22010221	8	1	당신이 기뻐하니까 내 기분도 정말 좋아요. 그동안 있었던 그 어떤 일보다 오늘이 제일 기억에 남을 것 같아요. 남부럽지 않게 좋은 것으로 준비해 보낼 수 있을 것 같아 기쁘네요.	N	2022-07-19 08:28:31	2022-11-08 04:30:12
BE22010221	9	0	우리 인생에 가장 큰 일이라고 해도 과언이 아닐 둘째 결혼식이니까요. 당신이 내 곁에 있어서 정말 행복합니다.	N	2022-07-19 08:28:31	2022-11-08 04:30:12
BE22010221	10	1	저도 정말 기뻐요. 앞으로도 혼수 준비에 있어서 심혈을 기울여야겠지만 지금 이 순간을 즐기고 싶어요. 그리고 그 순간에 내 옆에 있는 사람이 당신이라 더 행복해요.	N	2022-07-19 08:28:31	2022-11-08 04:30:12
BE22010221	11	0	저도 그러고 싶어요. 둘째 결혼식 준비와 더불어 이렇게 당신과 사랑스러운 날들로 내 인생을 채울 수 있어 영광입니다.	N	2022-07-19 08:28:31	2022-11-08 04:30:12
BE22010221	12	1	당신이라는 멋진 사람이 내 남편이라 자랑스러워요. 당신이 아니었다면 이 힘든 혼수 준비 제대로 못 끝냈을 거예요.	N	2022-07-19 08:28:31	2022-11-08 04:30:12
BE22010221	13	0	그렇게 이야기해준다니 너무 기뻐요. 딸의 결혼도 좋지만 당신의 칭찬은 나를 더욱 힘 나게 하네요. 더 노력해서 그대의 멋진 남편이 될게요.	N	2022-07-19 08:28:31	2022-11-08 04:30:12
BE22010221	14	1	지금 이 감정들 그대로 갖고 우리 둘째 혼수 준비 잘 마무리합시다. 아직 많은 부분들이 부족하지만, 당신과 함께하면 이겨낼 수 있어요.	Y	2022-07-19 08:28:31	2022-11-08 04:30:12
