id	utterance_id	utterance_type	utterance_text	terminate	regDate	updDate
BE22026740	1	0	아이들이 모두 결혼을 해서 집을 나갔잖아. 그래서 우리 둘이 외로울까봐 걱정했는데 신혼으로 돌아 간 것 같은 기분이 정말 좋아. 둘이 알콩달콩 지내고 있어서 기쁜 마음의 연속이야.	N	2022-10-11 04:01:52	2022-11-08 06:13:58
BE22026740	2	1	당신이 기뻐하니 나도 덩달아 굉장히 행복해지네. 신혼 때처럼 지내는 지금이 나에게도 정말 신이 나는 걸. 당신도 그렇다니 역시 부부는 일심동체라는 말이 맞나 봐.	N	2022-10-11 04:01:52	2022-11-08 06:13:58
BE22026740	3	0	아이들이 있을 때는 아이들 챙긴다고 정신이 없었는데 이제는 여유가 찾아왔어. 남는 시간에 우리가 데이트할 수 도 있고. 그 순간들이 예전을 떠올리게 해서 정말 흐뭇해.	N	2022-10-11 04:01:52	2022-11-08 06:13:58
BE22026740	4	1	나도 괜히 우리 둘이 있는 집이 설레기까지 하더라고. 집에 같이 있기만 해도 들뜨는 마음이야.	N	2022-10-11 04:01:52	2022-11-08 06:13:58
BE22026740	5	0	아이들도 잘 자랐고 우리에게 생긴 마음의 여유가 생겨서 정말 기뻐. 걱정과는 다르게 더 좋아져서 정말 안심이 되네. 이런 날이 다시 올 줄 상상도 못했는데 지금 정말 행복해.	N	2022-10-11 04:01:52	2022-10-11 04:01:52
BE22026740	6	1	매사 행복해 하는 당신의 모습이 얼마나 보기 좋은지 몰라. 그런 당신이 언제나 나를 행복하게 해. 걱정을 덜었다며 좋아하는 모습이 정말 예쁘기만 하네.	N	2022-10-11 04:01:52	2022-11-08 06:13:58
BE22026740	7	0	나를 언제나 좋게 봐주는 당신 덕분에 더 기분이 좋아진다. 당신과 이런 대화를 나누고 나니 마음이 한결 더 편안해진다.	N	2022-10-11 04:01:52	2022-10-11 04:01:52
BE22026740	8	1	당신이 아이들 챙긴다고 노력했잖아, 그 노력 내가 몰라주면 누가 알아줄까. 항상 아이들을 신경 쓰고 아이들의 위해 살았던 당신의 모습 정말 대단해. 당신은 훌륭한 남편이기도 하지만 더 대단한 아빠였어.	N	2022-10-11 04:01:52	2022-11-08 06:13:58
BE22026740	9	0	이렇게 모든 걸 내 공으로 돌리고 칭찬해주다니 당신은 정말 변한 게 없네. 그래서 내가 당신을 사랑할 수밖에 없나 봐.	N	2022-10-11 04:01:52	2022-11-08 06:13:58
BE22026740	10	1	나의 사랑이 통했나 봐. 당신이 좋아하니 내가 다 기분이 좋네. 당신의 희생이 없었으면 여기까지 못 왔다는 사실을 알기에 내가 항상 당신에게 감사해.	N	2022-10-11 04:01:52	2022-11-08 06:13:58
BE22026740	11	0	당신도 청춘을 다 바쳐서 나와 우리 아이들을 위해서 애썼잖아. 그 마음을 우리 아이들도 알아서 이렇게 잘 커서 결혼을 한 거고.	N	2022-10-11 04:01:52	2022-10-11 04:01:52
BE22026740	12	1	노력을 알아주고 칭찬해 주니 진짜 고마워. 당신은 세상 누구보다 나를 인정해 주고 자랑스러워 해주는 것 같아.	N	2022-10-11 04:01:52	2022-11-08 06:13:58
BE22026740	13	0	아이들은 이제 다 커서 집을 나갔으니 이제 우리 둘 정말 잘 지내보자. 서로를 아끼고 사랑한다면 난 더 이상 바랄 게 없어.	N	2022-10-11 04:01:52	2022-10-11 04:01:52
BE22026740	14	1	당신의 현명함이 우리 가족을 지탱해 주는 힘이 되는 것 같아. 지금보다 더 행복하게 해 줄게. 언제나 나만 믿어!	Y	2022-10-11 04:01:52	2022-11-08 06:13:58
