id	utterance_id	utterance_type	utterance_text	terminate	regDate	updDate
BE22007901	1	0	지금 너무 기쁘고 행복해서 하늘을 방방 날아다닐 거 같아. 오늘 오랜만에 친구를 만났는데 글쎄 그 친구가 꽃다발을 선물하는 거야. 지금 정말 기분이 최고야.	N	2022-07-11 14:14:15	2022-11-08 04:15:15
BE22007901	2	1	여보 너무 행복했겠어. 듣기만 해도 내가 다 어깨가 들썩들썩 기분이 좋다. 당신 문자 보는데 나도 너무 행복해서 웃음이 절로 나온다.	N	2022-07-11 14:14:15	2022-11-08 04:15:15
BE22007901	3	0	응, 진짜 나도 생각지도 못했던 꽃 선물을 받아서 정말 너무 행복해. 친구를 오랜만에 만나서도 기분이 너무 좋은데. 친구가 꽃까지 선물해 줘서 지금 사뿐사뿐 날아다니듯 걸어가고 있어.	N	2022-07-11 14:14:15	2022-11-08 04:15:15
BE22007901	4	1	너무 좋겠다. 내가 당신이어도 구름 위를 걸어가듯 기분이 좋을 거 같아. 거기다가 요즘 일들이 많아서 그 친구 거의 반년 만에 만난 거잖아. 당신이 오래간만에 친구 만난 것만으로도 행복하고 기뻤을 텐데.	N	2022-07-11 14:14:15	2022-11-08 04:15:15
BE22007901	5	0	맞아, 정말 지금 기뻐. 반년 동안 육아에 회사 일에 너무 바빠서 친구들을 못 만났잖아. 그래서 정말 힘들게 시간 내서 만난 건데 생각지도 못했던 선물까지 받고 너무 행복해서 미치겠어.	N	2022-07-11 14:14:15	2022-11-08 04:15:15
BE22007901	6	1	그니까, 당신이 행복해하는 게 여기까지 느껴져. 꽃다발 선물 받으면 뭔가 소중한 사람이 된 거 같고 대접받는 기분이 들어서 행복한데. 갑작스럽게 꽃 선물을 받았으니 당신이 그 친구에게 소중한 사람으로 느껴져서 더 행복했을 거 같아.	N	2022-07-11 14:14:15	2022-11-08 04:15:15
BE22007901	7	0	맞아, 꽃 선물을 받으면 그 사람이 나를 많이 존중해 주고 생각해 주는 거 같아. 그래서 기쁘고 행복한데 친구에게 꽃 선물을 받으니까 그 친구가 날 많이 아껴주는 거 같았어. 그래서 기분이 더 좋고 너무 행복해.	N	2022-07-11 14:14:15	2022-11-08 04:15:15
BE22007901	8	1	그러니깐, 기쁜 마음을 넘어서 그 친구분에게 소중하고 존중받는 느낌이라서 더 행복감이 충만할 거 같아. 막 신이 나서 춤을 추고 싶을 거 같아. 오늘 당신을 만족스럽게 해줘서 그 친구분께 너무 고맙고 감사하다.	N	2022-07-11 14:14:15	2022-11-08 04:15:15
BE22007901	9	0	당신이 그렇게 말해주니까, 내 행복한 마음이 더욱더 행복해지고 기쁨으로 충만하다. 정말 나 너무 기쁘고 신이 나서 엉덩이를 씰룩씰룩 춤추고 싶어.	N	2022-07-11 14:14:15	2022-11-08 04:15:15
BE22007901	10	1	그래? 그럼 오늘 퇴근하고 우리 노래방 가서 신나게 노래 부르고 춤추자. 당신 지금 기쁜 마음을 더 충만스럽고 기쁘게 해주고 싶어.	N	2022-07-11 14:14:15	2022-11-08 04:15:15
BE22007901	11	0	너무 좋은 생각이다. 당신이 내 기쁨에 더 기뻐해주니까 내가 더 행복한 거 있지?	N	2022-07-11 14:14:15	2022-11-08 04:15:15
BE22007901	12	1	당신이 더 행복해지고 신이 난다고 하니 나도 지금 어깨가 들썩들썩 엉덩이가 흔들흔들 기분이 좋다. 당신이 기쁘다니 나도 너무 기뻐서 자리에서 일어나서 더덩실 춤을 추고 싶어.	N	2022-07-11 14:14:15	2022-11-08 04:15:15
BE22007901	13	0	같이 기뻐해 줘서 너무 고마워. 우리 이따가 노래방 가서 더 신나게 놀자.	N	2022-07-11 14:14:15	2022-11-08 04:15:16
BE22007901	14	1	그리고 여보 미안해, 내가 자기를 더 많이 생각해서 꽃 선물도 하고 그랬어야 되는데. 생각 못 하고 미리 못 챙겨줘서 미안해 다음에는 꼭 내가 챙겨줄게.	N	2022-07-11 14:14:15	2022-11-08 04:15:16
BE22007901	15	0	말만이라도 너무 고마워. 당신이 나를 많이 신경 써 주고 있다는 걸 알아서 그것만으로도 기뻐.	Y	2022-07-11 14:14:15	2022-11-08 04:15:16
