id	utterance_id	utterance_type	utterance_text	terminate	regDate	updDate
BE22007922	1	0	시간이 참 빠르지. 친구가 어느덧 미술 전시회를 열게 되었어.	N	2022-07-11 16:13:56	2022-11-08 04:15:23
BE22007922	2	1	대학생 때 함께 미술을 전공했다는 그 친구 말이야? 미술 전시라니, 축하할 일이네!	N	2022-07-11 16:13:56	2022-11-08 04:15:23
BE22007922	3	0	맞아. 대학생이었을 때, 함께 그림을 그렸던 친구가 드디어 전시회를 열게 되어서 내가 다 기뻐! 그리고 나를 잊지 않고 전시회에 초대해줘서 얼마나 감동이었는지 몰라.	N	2022-07-11 16:13:56	2022-11-08 04:15:23
BE22007922	4	1	좋은 추억을 공유하고 있는 친구의 전시회에 초대받아서 당신이 참 기쁘겠다! 당신의 들뜬 마음이 내게도 느껴져서 나도 행복해져.	N	2022-07-11 16:13:56	2022-11-08 04:15:23
BE22007922	5	0	여보도 알다시피 나는 학교를 졸업하고 회사에 취업하면서 그림을 그릴 일이 없었잖아. 가끔 미술관에서 그림을 감상하는 일이 전부였지. 그 친구와 걸어온 길이 달라서 나를 초대해줄 거라고는 생각 못 했는데 참 감사해.	N	2022-07-11 16:13:56	2022-11-08 04:15:23
BE22007922	6	1	당신이 그림을 언제나 좋아했다는 것을 그 친구는 잘 알고 있었을 거야. 비록 걸어온 과정은 달라도 언제나 당신과 친하게 지내온 사이잖아.	N	2022-07-11 16:13:56	2022-11-08 04:15:23
BE22007922	7	0	그림을 향한 그리움이 늘 있었는데 친구가 나보다 내 마음을 더 잘 알아줘서 참 고맙더라고. 가끔은 나보다도 내 주변 사람들이 내 마음을 더 잘 발견해주는 것 같아!	N	2022-07-11 16:13:56	2022-11-08 04:15:23
BE22007922	8	1	말하지 않아도 서로의 마음을 아는 게 바로 친구지. 당신이 그 친구에게 고마움을 느끼는 것처럼 그 친구도 당신의 마음을 알게 되면 감동할 거야. 전시회에 가서 친구의 첫 전시를 마음껏 축하해주고 오길 바라.	N	2022-07-11 16:13:56	2022-11-08 04:15:23
BE22007922	9	0	게다가 그 친구를 만나면 열정적으로 그림을 그렸던 예전의 내가 떠올라서 기분이 좋아져. 나에게도 찬란하고 뜨거웠던 꿈을 가진 시절이 있었구나, 하고 행복한 추억을 떠올리게 돼.	N	2022-07-11 16:13:56	2022-11-08 04:15:23
BE22007922	10	1	좋은 추억을 기억할 수 있게 해주는 친구가 곁에 있다는 건 감사한 일이지. 그리고 여보는 그림을 그리지 않는 지금도 언제나 반짝거리는 멋진 사람이야. 여보가 무얼 하든 여보의 모든 순간이 빛나고 있다는 걸 잊지 말아줘.	N	2022-07-11 16:13:56	2022-11-08 04:15:23
BE22007922	11	0	그렇게 말해주니 기분이 더 좋아졌어! 친구와 만나서 미술 이야기를 나눌 생각에 심장이 떨린다. 얼마나 재밌을지 상상만으로도 웃음이 나.	N	2022-07-11 16:13:56	2022-11-08 04:15:23
BE22007922	12	1	좋아하는 관심사에 대해 이야기를 나누면 시간 가는 줄 모르는 법이지! 여보를 웃음 짓게 만드는 사람이 여보 곁에 있어서 참 다행이야. 여보에게 긍정적인 기운을 주는 그 친구에게 고마운 마음이 드네.	N	2022-07-11 16:13:56	2022-11-08 04:15:23
BE22007922	13	0	맞아, 정말 고마운 친구야. 지금의 기쁨과 고마움을 잊지 않고 앞으로도 그 친구와 좋은 추억을 많이 만들어가고 싶어. 오늘 전시뿐만 아니라 앞으로 그 친구와 만들게 될 추억들이 기대된다!	N	2022-07-11 16:13:56	2022-11-08 04:15:23
BE22007922	14	1	여보와 친구의 우정을 응원할게. 오늘 전시에서 친구와 함께 즐거운 시간을 보내길 바라! 잘 다녀와, 여보.	Y	2022-07-11 16:13:56	2022-11-08 04:15:23
