id	utterance_id	utterance_type	utterance_text	terminate	regDate	updDate
BE22005376	1	0	난 말이야. 우리 딸이 내가 문을 열자마자 아빠를 부르며 달려올 때 세상을 다 가진 것 같아.	N	2022-06-30 07:20:11	2022-11-08 03:59:02
BE22005376	2	1	맞아. 나도 그 모습을 옆에서 볼 때 정말 행복해. 당신이 얼마나 얼굴에서 빛이 나는지 눈이 부실 지경이라니까. 하루 종일 일에 치이다 그렇게 사랑스러운 딸을 보면 세상 근심 다 잊혀지겠지.	N	2022-06-30 07:20:11	2022-11-08 03:59:02
BE22005376	3	0	어쩌면 이렇게 우리 딸은 사랑스러울까? 다른 사람도 이렇게 자기 자식이 다 예쁠까?	N	2022-06-30 07:20:11	2022-11-08 03:59:02
BE22005376	4	1	그렇지. 그게 부모의 사랑이라는 거겠지. 그래도 당신만큼 애를 예뻐하는 사람은 주변에서 못 본 것 같아.	N	2022-06-30 07:20:11	2022-11-08 03:59:02
BE22005376	5	0	요즘 들어 난 그렇게 내가 아빠라는 사실이 자랑스럽고 감사하게 느껴지더라구. 나도 나이가 들은 건가?	N	2022-06-30 07:20:11	2022-11-08 03:59:02
BE22005376	6	1	나이가 들어서라기보다는 당신이 워낙 아이들을 좋아하는 사람이잖아. 당신은 정말 사랑이 많은 사람이야. 같이 있는 사람들을 소중히 여기고 아낄 줄 아는 내가 아는 최고의 멋진 남자야.	N	2022-06-30 07:20:11	2022-11-08 03:59:02
BE22005376	7	0	하하. 기분이 너무 좋은데. 아내에게 이런 칭찬을 듣는 사람은 흔치 않을걸. 뿌듯하다.	N	2022-06-30 07:20:11	2022-11-08 03:59:02
BE22005376	8	1	사랑은 원래 넘쳐서 돌고 도는 거니까. 당신 덕분에 내가 이렇게 행복한 가정 꾸리고 사는 것에 나도 감사해.	N	2022-06-30 07:20:11	2022-11-08 03:59:02
BE22005376	9	0	결혼하기 전 내가 상상했던 행복보다 훨씬 큰 기쁨이 충만해. 이렇게 날 기다리고 반겨주는 아이가 있다는 것이 얼마나 큰 만족을 주는지 몰라.	N	2022-06-30 07:20:11	2022-11-08 03:59:03
BE22005376	10	1	직장을 다녀서 아이랑 하루 종일 떨어져 있으면 너무 보고 싶을 것 같아.	N	2022-06-30 07:20:11	2022-11-08 03:59:03
BE22005376	11	0	응. 많은 시간을 함께할 수 있는 당신이 얼마나 부러운지 몰라.	N	2022-06-30 07:20:11	2022-11-08 03:59:03
BE22005376	12	1	그래도 당신은 집에 일찍 오는 편이니 그나마 다행이야.	N	2022-06-30 07:20:11	2022-11-08 03:59:03
BE22005376	13	0	야근하지 않고 정시 퇴근하려고 하루 종일 얼마나 집중해서 일하는지 몰라. 나를 맞아주는 아이의 모습을 상상하면 게으름을 부릴 수가 없다니까.	N	2022-06-30 07:20:11	2022-11-08 03:59:03
BE22005376	14	1	그렇지. 당신처럼 아이를 뜨겁게 사랑하는 사람이 또 있을까 싶네. 아이의 입장에서도 행복하겠지만 무엇보다 당신 마음이 늘 기쁨으로 충만해 보여서 참 보기 좋아.	N	2022-06-30 07:20:11	2022-11-08 03:59:03
BE22005376	15	0	우리 정말 행복한 가정 성실하게 믿음을 가지고 만들어가자. 나와 함께해줘서 고마워.	Y	2022-06-30 07:20:11	2022-11-08 03:59:03
