id	utterance_id	utterance_type	utterance_text	terminate	regDate	updDate
BE22024198	1	0	여보 저녁에 퇴근하고 날아 데이트할래? 내가 저녁 맛있는 거 사줄게.	N	2022-10-04 23:33:04	2022-11-08 05:58:53
BE22024198	2	1	메시지에서 기분 좋은 게 느껴지는데 무슨 좋은 일이라도 있어?	N	2022-10-04 23:33:04	2022-11-08 05:58:53
BE22024198	3	0	요즘 중고 사이트에 물건 파는데 그게 은근히 쏠쏠하네. 오늘도 안 쓰는 그릇을 가져다가 팔아서 돈 좀 벌었어. 자리만 차지하던 물건들이 처리하고 돈까지 버니까 정말 만족스러워.	N	2022-10-04 23:33:04	2022-11-08 05:58:53
BE22024198	4	1	오, 앓던 이를 뽑은 것처럼 후련했겠다. 어차피 버리려면 돈이 드는데 공돈 생긴 거나 다름없으니 기분 좋아서 콧노래가 절로 나오겠구나.	N	2022-10-04 23:33:04	2022-11-08 05:58:53
BE22024198	5	0	필요하다가 사고 안 쓰는 물건이라 버리기는 아까워서 가지고 있었는데 이번 기회에 다 처분했어. 게다가 용돈벌이까지 한 셈이니 정말 신이 나. 이 돈 쓸 생각에 아주 설레서 심장이 콩닥콩닥 뛰는 거 있지?	N	2022-10-04 23:33:04	2022-11-08 05:58:53
BE22024198	6	1	생각하지도 않은 돈이 생긴 거니 정말 즐거울 것 같아. 어디에 쓸지 고민하는 것도 정말 행복하겠다. 당신 덕분에 나까지 기분이 좋아지려고 해.	N	2022-10-04 23:33:04	2022-11-08 05:58:53
BE22024198	7	0	이렇게 일석이조의 효과를 얻으니까 정말 기분이 좋아. 중고 사이트 앱을 들여다보는 재미로 요즘 사는 것 같아. 기뻐서 덩실덩실 춤을 추고 싶어져.	N	2022-10-04 23:33:04	2022-11-08 05:58:53
BE22024198	8	1	신이 난 당신 모습이 그려져서 너무 귀여워 보인다. 단조로운 일상에서 당신만의 즐거움을 찾은 느낌인 것 같아. 기뻐하는 당신을 보니 아주 흐뭇해지려고 해.	N	2022-10-04 23:33:04	2022-11-08 05:58:53
BE22024198	9	0	응, 진짜 기분 좋아서 날아갈 것 같아. 돈 생긴 같이 저녁 먹으려고 했지. 지금 너무 행복한 내 기쁨도 당신이랑 나눌 겸 말이야.	N	2022-10-04 23:33:04	2022-10-04 23:33:04
BE22024198	10	1	좋고 행복한 일이 있을 때 내 생각을 해주다니 나도 너무 기분이 좋다. 좋은 일이 생겼을 때 주변 사람도 빼놓지 않고 챙기는 당신 모습이 정말 멋지다.	N	2022-10-04 23:33:04	2022-11-08 05:58:53
BE22024198	11	0	당신이 나한테 너무 잘해주고 사랑을 받은 게 많으니까 베풀고 싶은 거지. 베푸는 재미도 있으니까 말이야. 당신이 그렇게 칭찬해주니 기분이 점점 더 좋아지는데?	N	2022-10-04 23:33:04	2022-10-04 23:33:04
BE22024198	12	1	나도 당신의 기쁜 마음이 잘 느껴져서 기분이 정말 좋아. 이렇게 기쁨을 나눌 수 있는 당신이 있어서 행복해지네.	N	2022-10-04 23:33:04	2022-11-08 05:58:53
BE22024198	13	0	나야말로 그렇게 생각해. 그러니까 퇴근하고 빨리 와서 같이 맛있는 거 먹자. 같이 만나서 이 기쁨을 더 생생하게 나누자고!	N	2022-10-04 23:33:04	2022-11-08 05:58:53
BE22024198	14	1	말로만 설명해도 아주 재밌는데 만나면 더 좋을 것 같아. 퇴근하자마자 바로 달려 갈 테니 이따 저녁에 보자고!	Y	2022-10-04 23:33:04	2022-11-08 05:58:53
