id	utterance_id	utterance_type	utterance_text	terminate	regDate	updDate
BE22007101	1	0	자기야. 우리 결혼식 때 축가를 불러준 친구 있잖아. 나 축가 불러준 친구한테 너무 고마워서 선물 하나 사서 집에 들어가는 중이야. 아직 일하는 중이야?	N	2022-07-08 05:34:38	2022-11-08 04:10:13
BE22007101	2	1	아니, 회사 끝나고 가는 중인데 선물까지 고른 거야? 고마움의 표시로 주면 너무 좋아할 것 같은데 그 친구가? 선물은 뭐 샀어? 궁금하다. 자기가 어떤 거 골랐을지!	N	2022-07-08 05:34:38	2022-11-08 04:10:13
BE22007101	3	0	넥타이 골랐어! 사진 보냈는데 봐줄 수 있어? 저번에 우리 축가 부르러 올 때 넥타이를 엄청 고민하더라고. 맘에 들어했으면 좋겠다. 우리도 축가 듣고 너무 기분 좋고 행복한 시간 보냈었잖아.	N	2022-07-08 05:34:38	2022-11-08 04:10:13
BE22007101	4	1	너무 예쁜데 잘 골랐다, 정말. 결혼식 때 다른 분들도 엄청 노래 좋았다고 많이 칭찬해주시던데. 나도 자기가 생각하는 것처럼 그 친구 분께서 넥타이 받고 마음에 들어하셨으면 좋겠다. 안 그래도 너무 감사한 마음을 가지고 있었거든.	N	2022-07-08 05:34:38	2022-11-08 04:10:13
BE22007101	5	0	그렇지! 역시. 우리 결혼식 때 분위기를 잘 만들어줘서 너무 고맙더라고. 이대로 지나치기에는 너무 고마운 마음이 전달되지 않을 것 같아서 하나 준비했는데 다행이다. 자기가 잘 샀다고 말해주어서!	N	2022-07-08 05:34:38	2022-11-08 04:10:13
BE22007101	6	1	맞아. 잘 샀어! 새삼 느끼는 거지만 여보는 진짜 고마움의 표시를 너무나 잘하는것 같아. 감사함을 표시받는 사람의 기분이 너무나도 좋아지게 말이야. 그리고 내가 더 신경 썼어야 하는데 당신이 이렇게 축가를 불러준 친구까지 잊지 않고 신경 써주고 정말 고마워.	N	2022-07-08 05:34:38	2022-11-08 04:10:13
BE22007101	7	0	여보가 잘한 선택이라고 말해주니 마음 놓고 좋아해도 되겠다! 혹시라도 맘에 안 들면 어쩌나 고민이 많았었거든. 예쁘다고 해주니 다행이야. 선물 받는 사람도 마음에 들어할 것 같아서 내 기분이 다 뿌듯하고 그러네!	N	2022-07-08 05:34:38	2022-11-08 04:10:13
BE22007101	8	1	그럼! 당연히 좋아할걸? 역시 잘 챙겨주는 당신 곁에 좋은사람들이 많은 것 같아. 행복한 순간을 더욱 빛날 수 있게 도와준 친구분께 나도 너무 감사했다고 꼭 전해줘!	N	2022-07-08 05:34:38	2022-11-08 04:10:13
BE22007101	9	0	응 그럴게. 이렇게 자기가 잘한 일이라고, 좋았다고 말해주니 너무 고마운걸? 선물 사는 내내 결혼식 때 행복했던 생각이 나면서 더 고마워지는 거 있지?	N	2022-07-08 05:34:38	2022-11-08 04:10:13
BE22007101	10	1	그럴 수 있지. 나 또한 원래 지나고 나면 고마웠던 일이 더욱 특별한 기억으로 남으면서 극대화되는 것 같기도 해. 이런 마음으로 선물하면 그 진심이 느껴져 그 누구보다 좋은 마음으로 선물을 받을 것 같은걸?	N	2022-07-08 05:34:38	2022-11-08 04:10:13
BE22007101	11	0	다행이다. 자기가 말한 것처럼 친구가 기쁘게 받아주면 더할 나위 없이 좋을 것 같아. 기대된다. 친구가 선물을 받고 좋아할 생각에!	N	2022-07-08 05:34:38	2022-11-08 04:10:13
BE22007101	12	1	당연하지. 친구한테 선물을 전해 주면서 좋은 시간 보내고 와. 맛있는 밥도 사주고 말이야! 자기가 행복할 시간 보낼 생각하니 내 마음이 다 좋아지고 굉장히 뿌듯해진다.	N	2022-07-08 05:34:38	2022-11-08 04:10:13
BE22007101	13	0	응 그럴게! 우리 서로 일상에서 잘해주는 모든 사람들한테 당연하게 넘어가지 말고 감사하게 행동하자 앞으로도!	N	2022-07-08 05:34:38	2022-11-08 04:10:13
BE22007101	14	1	응. 너무 좋은 생각이야! 역시 언제나 긍정적이고 배려심 넘치게 행동하는 자기의 모습 너무 예쁘다. 옆에서 본받고 싶은 점이 정말 많은 것 같아!	N	2022-07-08 05:34:38	2022-11-08 04:10:13
BE22007101	15	0	칭찬해주니 너무 고마운걸? 그리고 이렇게 선물 산 일도 잘했다고 말해줘서 고마워. 더 기쁜 마음으로 친구에게 선물 전해주고 올 수 있을 것 같아!	Y	2022-07-08 05:34:38	2022-11-08 04:10:13
