id	utterance_id	utterance_type	utterance_text	terminate	regDate	updDate
BE22013220	1	0	요즘 진짜 기름값 많이 올랐더라. 휴 우리가 하이브리드 자동차를 안 샀으면 큰일 날 뻔했어. 이 자동차 덕분에 기름값이 좀 올라도 안심이야 괜히 주유소 지나갈 때마다 뿌듯하면서 기쁘다.	N	2022-08-05 05:31:20	2022-11-08 04:49:07
BE22013220	2	1	정말 그래. 요즘 한 달에 기름값 50씩 나가는 건 일도 아니더라고. 이게 다 자기가 현명하게 선택해서 그래. 난 처음에 하이브리드가 뭔지도 잘 몰랐거든.	N	2022-08-05 05:31:20	2022-11-08 04:49:07
BE22013220	3	0	그냥 알아보다 보니까 기름만 넣는 차는 우리에게 엄청나게 부담될 것 같더라고. 그래서 조사를 열심히 했어. 이런 노력이 보상받는 것 같아서 정말 기뻐.	N	2022-08-05 05:31:20	2022-11-08 04:49:07
BE22013220	4	1	역시 우리 자기는 이렇게 물건을 꼼꼼히 조사해서 사는 멋진 사람이라니까. 자기 덕분에 나도 뭐 하나 살 때 여러 가지를 비교해 보게 되었어.	N	2022-08-05 05:31:20	2022-11-08 04:49:07
BE22013220	5	0	에이 뭐 그냥 최대한 좋은 거 사려고 노력하는 거지 뭐. 좋게 봐주니까 기쁜걸?	N	2022-08-05 05:31:20	2022-11-08 04:49:07
BE22013220	6	1	자기의 그런 모습은 정말 백번 칭찬해도 모자란다니까. 자동차도 사실 우리가 살 때쯤에는 기름값도 싸고 하이브리드도 유명하지 않을 때였는데 자기가 선구안이 있던 거지.	N	2022-08-05 05:31:20	2022-11-08 04:49:07
BE22013220	7	0	그때도 친환경에 대한 움직임은 있었으니까. 특히 차량은 점점 전기차에 관심이 몰릴 것 같더라고. 그래서 나도 모험 해 본 거야.	N	2022-08-05 05:31:20	2022-08-05 05:31:20
BE22013220	8	1	나는 사실 모험심이 별로 없고 익숙한 것에만 눈을 돌리는 편이야. 그래서 자기의 그런 면이 참 멋있어 보여 현재에 안주하지 않고 미래를 보는 능력 말이야. 사실 엄청 어려운 건데 자기는 무서워하지 않고 잘 도전하더라고.	N	2022-08-05 05:31:20	2022-11-08 04:49:07
BE22013220	9	0	그렇게 말해줘서 고마워. 항상 세상 살아가는 소식에 관심을 가지고 있었는데 이렇게 유용하게 쓰일 줄은 몰랐네. 이런 고유가 시기에 기름값을 아낄 수 있어서 다행이다.	N	2022-08-05 05:31:20	2022-11-08 04:49:07
BE22013220	10	1	응 정말 그래. 나도 처음에는 자기가 하이브리드 자동차를 산다길래 그게 뭐냐고 했는데, 지금은 잘 산 것 같아. 그래서 자기와 같이 새삼 기뻐하는 중이야 이게 얼마나 살림에 도움이 되는지 모르겠어.	N	2022-08-05 05:31:20	2022-11-08 04:49:07
BE22013220	11	0	그렇게 말해주니 정말 기쁘다. 자기가 이렇게 나를 지지해주고 칭찬해 주니 나도 더 신나서 공부하게 되는 것 같아. 지금도 그렇고 말이야 항상 고마워 자기야.	N	2022-08-05 05:31:20	2022-11-08 04:49:07
BE22013220	12	1	에이, 난 자기의 와이프인걸. 와이프가 남편 지지하고 의지하고 멋지다고 생각하는 건 당연한 거지. 그리고 자기가 진짜로 하고 말이야.	N	2022-08-05 05:31:20	2022-11-08 04:49:07
BE22013220	13	0	그런 말 들으니 좀더 열심히 살아야겠다는 생각이 드네. 나 정말 결혼 잘한 거 같아. 행복해.	N	2022-08-05 05:31:20	2022-11-08 04:49:07
BE22013220	14	1	나도 자기랑 결혼해서 너무 행복해. 자기야 오늘 기름값 아낀 걸로 내가 맛있는 거 해 놓을 테니까 일찍 와. 기다릴게.	N	2022-08-05 05:31:20	2022-11-08 04:49:07
BE22013220	15	0	와, 뭔지 엄청나게 기대되는걸? 응, 일 빨리 마치고 들어갈게. 이따 봐, 사랑해.	Y	2022-08-05 05:31:20	2022-11-08 04:49:07
