id	utterance_id	utterance_type	utterance_text	terminate	regDate	updDate
BE22024876	1	0	여보, 나 오늘 마트에 갔다가 세일하는 슬리퍼를 다섯 켤레나 샀어. 저렴한 가격에 좋은 슬리퍼를 구매해서 기쁘다.	N	2022-10-06 09:56:47	2022-10-06 09:56:47
BE22024876	2	1	안그래도 우리 편하게 신고 나갈 슬리퍼가 없었는데 참 잘됐다. 여보가 알뜰하게 참 잘 구입했네. 정말 잘했고, 여보가 이렇게 기뻐하니 나도 기쁘다.	N	2022-10-06 09:56:47	2022-11-08 06:02:52
BE22024876	3	0	더 기쁜건, 하나당 오천원 짜리 슬리퍼인데, 세일해서 다섯켤레를 만원에 산거야. 내가 운이 참 좋았던것 같아. 내가 사고 나서 얼마 안 되어 다 팔리고 품절이 됐더라고.	N	2022-10-06 09:56:47	2022-11-08 06:02:52
BE22024876	4	1	나도 그 기분 뭔지 알아. 나도 예전에 백화점에 갔다가 세일할 때 하나 가격에 두 개의 제품을 구입한 적이 있거든. 그때 정말 신나고, 기분이 좋았어서 여보의 기쁜 마음이 이해돼.	N	2022-10-06 09:56:47	2022-11-08 06:02:52
BE22024876	5	0	응 우리 커플 슬리퍼로 신어도 돼서 더 기쁘다. 난 정말 마음에 쏙 들거든. 여보도 마음에 드는지 한번 볼 수 있도록 사진을 보내볼게.	N	2022-10-06 09:56:47	2022-11-08 06:02:52
BE22024876	6	1	내가 좋아하는 색상이라 더 마음에 든다. 역시 여보는 안목이 정말 좋고, 제품을 고르는 센스가 있어. 난 평소에 여보가 구입하는 물품들을 보면 항상, 스타일이나 디자인에 대한 감각이 있다고 생각해왔어.	N	2022-10-06 09:56:47	2022-11-08 06:02:52
BE22024876	7	0	여보가 이렇게 칭찬을 해주니 내 기쁨도 두배가 된다. 내 안목에 대해 칭찬해줘서 정말 고마워 여보. 여보의 칭찬은 정말 나를 기분좋게 해.	N	2022-10-06 09:56:47	2022-10-06 09:56:47
BE22024876	8	1	내가 여보를 사랑해서 칭찬하는 것도 있지만, 내 모든 칭찬은 진심인걸. 안그래도, 요즘 우리 강아지 산책할때마다 신을 슬리퍼가 없어서 운동화를 신고 다녔었거든. 여보 덕분에 이제 편한 슬리퍼를 신을수 있게되서 고마워.	N	2022-10-06 09:56:47	2022-11-08 06:02:52
BE22024876	9	0	내가 여보를 챙기는건 당연한걸. 여보가 내 기쁨에 함께 동조해주고 같이 기뻐해줘서 얼마나 좋은지 몰라.	N	2022-10-06 09:56:47	2022-10-06 09:56:47
BE22024876	10	1	난 여보가 기뻐하면 나도 행복을 느끼는걸. 얼른 집에가서 여보가 산 슬리퍼를 직접 보고 싶다. 사진으로는 디자인도 멋지지만, 참 편하게 보여.	N	2022-10-06 09:56:47	2022-11-08 06:02:52
BE22024876	11	0	응 내가 신어봤는데 정말 편하더라고. 디자인도 여보와 딱 어울릴것 같아. 항상 느끼는 거지만, 작은 일에도 내 마음을 잘 알아주고 공감해주는 당신에게 고마워.	N	2022-10-06 09:56:47	2022-10-06 09:56:47
BE22024876	12	1	그건 나도 마찬가지인걸. 결혼 한 이후에 항상 나를 가장 우선으로 생각해주고 사랑해주는 여보가 있어서 나도 참 고마워.	N	2022-10-06 09:56:47	2022-11-08 06:02:52
BE22024876	13	0	서로 칭찬해주니 더 행복하네. 오늘 맛있는 저녁 준비해 놓을테니 퇴근하면 바로 오길 바라. 더 많은 이야기를 나누자.	N	2022-10-06 09:56:47	2022-10-06 09:56:47
BE22024876	14	1	여보와 이야기 하는건 나도 항상 환영이야. 끝나면 집으로 바로 갈게. 가서 보자 사랑해 여보.	Y	2022-10-06 09:56:47	2022-11-08 06:02:52
