id	utterance_id	utterance_type	utterance_text	terminate	regDate	updDate
BE22025779	1	0	여보 철봉을 자주 해서 팔근육이 생겨 너무 기뻐.	N	2022-10-08 14:35:02	2022-10-08 14:35:02
BE22025779	2	1	정말? 당신 그동안 팔에 힘이 안 들어가서 너무 힘들다고 운동 꾸준히 해왔잖아. 그동안의 노력의 결실이 맺힌 것 같아 내가 다 기뻐.	N	2022-10-08 14:35:02	2022-11-08 06:08:16
BE22025779	3	0	다른 운동들은 금방 싫증이 났는데 유독 철봉은 매일 해도 너무 즐거웠어. 평생 한 운동을 꾸준히 해본 적이 없는데 이렇게 운동으로 팔 근육까지 생겼다는 게 믿기지 않아. 운동할 때마다 나 다칠까 봐 당신도 같이 운동했는데, 팔 근육을 보자마자 당신이 생각났어.	N	2022-10-08 14:35:02	2022-11-08 06:08:16
BE22025779	4	1	당신이 이렇게 기뻐하니까 함께 무언가를 이뤘다는 마음에 나도 너무 뿌듯하고 갑자기 울컥하는 느낌이야. 당신 몇달 전까지만 해도 아파서 입원해있었잖아. 그 때만 생각하면 당신이 건강하게 운동할 수 있다는 게 내겐 기적같은 일이야.	N	2022-10-08 14:35:02	2022-10-08 14:35:02
BE22025779	5	0	의사 선생님이 다시 움직일 수 있는 것 만으로도 다행이라고 하셨었었잖아. 그때 정말 모든 걸 포기하고 싶었는데 당신은 나를 믿고 끊임없이 내가 나을 수 있도록 노력했었지. 아마 당신이 없었더라면 지금의 건강한 나도 없을 거야.	N	2022-10-08 14:35:02	2022-11-08 06:08:16
BE22025779	6	1	세상에서 가장 긍정적인 사람이 움직이지도 못하고 힘들어하는 걸 보면서 내 마음이 찢어질 듯 아팠어. 내가 제일 사랑하는 사람이 무너지는 모습을 보는 것 만큼 가슴 아픈 일은 없었어. 그래서 지금 당신이 내 옆에서 웃고 있는 것만 봐도 난 너무 기쁘고 행복해.	N	2022-10-08 14:35:02	2022-11-08 06:08:16
BE22025779	7	0	당신이 옆에 있어서 나한테도 기적이 찾아온 거지. 퇴원하고도 운동 해야 한다면서 철봉도 당신이 내가 잘 할 수 있는 운동이라면서 해보라고 했던 거잖아. 건강할 수 있는 날이 찾아올 거라고는 생각도 못 했는데 팔 근육까지 생겼다는 게 벅찰 정도로 기뻐.	N	2022-10-08 14:35:02	2022-11-08 06:08:16
BE22025779	8	1	당신이 팔근육을 보면서 얼마나 감격하고 놀랐을지 생각하니까 내가 다 행복해. 체력도 약한 사람인데 건강해지려고 노력하던 당신의 모습이 잊혀지지가 않아. 나도 당신의 자랑스러운 팔근육을 보고싶다.	N	2022-10-08 14:35:02	2022-11-08 06:08:16
BE22025779	9	0	아직은 뚜렷하게 보이지는 않지만 그래도 팔근육이 조금이라도 생겼다는 것에 너무 감사하고 기뻐. 당신이 집에 오면 빨리 내 팔근육을 보여주고 싶어. 사실 그동안 당신이 나를 위해 한 노력에 대한 보답으로 팔근육을 만들어 보여주고 싶었어.	N	2022-10-08 14:35:02	2022-10-08 14:35:02
BE22025779	10	1	정말? 내가 한 고생은 당신이 겪은 것에 비해 아무것도 아닌걸. 당신이 그렇게 말해주니까 우리 그동안 겪었던 순간들이 필름처럼 지나가는 것 같아. 당신이 아파하는 모습에 울컥해서 눈물을 흘리기도 했었지.	N	2022-10-08 14:35:02	2022-11-08 06:08:16
BE22025779	11	0	당신이 우는 모습을 보면서 더 건강해져야겠다고 마음을 먹었어. 그 덕분에 지금의 난 훨씬 건강해졌고, 이제는 기쁨의 눈물을 흘릴 수 있을 만큼 기쁘고 행복해. 이제 조금만 있으면 우리의 최종 목표인 등산도 할 수 있을 것만 같아.	N	2022-10-08 14:35:02	2022-11-08 06:08:16
BE22025779	12	1	당신과 등산을 할 수 있는 날이 머지 않았다는 사실만으로도 감격스럽고 생각만 해도 마음이 벅차올라. 힘든 순간들을 묵묵히 잘 이겨낸 당신을 정말 존경해.	N	2022-10-08 14:35:02	2022-11-08 06:08:16
BE22025779	13	0	당신이 그렇게 말해주니까 조금 쑥스럽다. 내 옆에 당신이 있다는 사실만으로도 나를 더 단단하고 강한 사람으로 만들어주는 것 같아. 항상 내 옆에 변치 않고 있어줘서 고마워.	N	2022-10-08 14:35:02	2022-10-08 14:35:02
BE22025779	14	1	앞으로 우리 그 어떤 힘든 순간도 함께 지금처럼 극복해보자. 당신이 내 가족이라 너무 감사하고 행복해.	Y	2022-10-08 14:35:02	2022-11-08 06:08:16
