id	utterance_id	utterance_type	utterance_text	terminate	regDate	updDate
BE22004611	1	0	여보, 나 할 말 있어 나 임신했어.	N	2022-06-28 08:32:07	2022-11-08 03:54:04
BE22004611	2	1	뭐라고 정말? 나 이제 아빠가 되는 거야! 여보 요즘 속이 안 좋다고 한 게 그거 때문이었구나.	N	2022-06-28 08:32:07	2022-11-08 03:54:04
BE22004611	3	0	응 맞아, 6주 되었데 이제 우리 엄마 아빠야. 소중한 우리 아기 이렇게 우리를 찾아와줘서 너무 기뻐.	N	2022-06-28 08:32:07	2022-11-08 03:54:04
BE22004611	4	1	나도 너무 행복해, 구름 위에 걷는 것 같아 우리 아이가 생기기를 기다렸잖아.	N	2022-06-28 08:32:07	2022-11-08 03:54:04
BE22004611	5	0	생각보다 빨리 찾아와줘서 너무 좋아. 여보 우리 아기 이름은 뭘로 할까 평생 불러질 이름이니까 정말 이쁜 거로 지어주자 우리.	N	2022-06-28 08:32:07	2022-11-08 03:54:04
BE22004611	6	1	응, 여보 그 애가 그 이름으로 불려질 때 행복해했으면 좋겠다.	N	2022-06-28 08:32:07	2022-11-08 03:54:04
BE22004611	7	0	여보는 뭐 생각해 놓은 이름 있어? 나는 좀 중성적인 이름을 짓고 싶어.	N	2022-06-28 08:32:07	2022-11-08 03:54:04
BE22004611	8	1	그럼 너무 좋겠다! 성별을 아직 알기 전이니까 짓기도 좋고 또, 요즘 추세이기도 하고.	N	2022-06-28 08:32:07	2022-11-08 03:54:04
BE22004611	9	0	아무래도 그렇지? 이렇게 아이 이름을 짓는 게 너무 꿈만 같아, 평생 좋은 엄마가 되는 게 꿈이었어.	N	2022-06-28 08:32:07	2022-11-08 03:54:04
BE22004611	10	1	그랬구나, 자기는 정말 부모가 될 거야, 정서적으로 경제적으로 모든 걸 갖추고 있어.	N	2022-06-28 08:32:07	2022-11-08 03:54:04
BE22004611	11	0	그렇게 이야기해 줘서 고마워, 아이가 태어나면 내가 할 수 있는 모든 것을 다해줄 거야.	N	2022-06-28 08:32:07	2022-11-08 03:54:04
BE22004611	12	1	당신 정말 좋은 엄마가 될 거야. 상냥하게 매일 아이한테 사랑한다고 해줄 거고 남을 사랑하는 법도 알려주겠지.	N	2022-06-28 08:32:07	2022-11-08 03:54:04
BE22004611	13	0	고마워 여보, 당신도 좋은 아빠가 돼 줄 거지?	N	2022-06-28 08:32:07	2022-11-08 03:54:04
BE22004611	14	1	당신만큼 못하더라도 열심히 노력할게. 당신을 만난 거, 부부가 된 거, 부모 된 것 인생의 큰 기쁨이야.	N	2022-06-28 08:32:07	2022-11-08 03:54:04
BE22004611	15	0	응 여보 우리 셋이서 정말 행복하게 잘 살자.	Y	2022-06-28 08:32:07	2022-11-08 03:54:04
