id	utterance_id	utterance_type	utterance_text	terminate	regDate	updDate
BE22005789	1	0	여보 내 친구 드디어 임신했어.	N	2022-07-03 06:27:01	2022-11-08 04:01:41
BE22005789	2	1	정말 좋은 소식이다. 우리 모두 기다리던 소식이잖아.	N	2022-07-03 06:27:01	2022-11-08 04:01:41
BE22005789	3	0	결혼을 40 넘어서 해서 임신은 포기해야 하나 고민하고 있었다고 했는데. 너무 잘 됐어.	N	2022-07-03 06:27:01	2022-11-08 04:01:41
BE22005789	4	1	노력하는 데 잘 안되는 것 같다고 자기도 걱정 많이 했었잖아. 포기하던 와중에 이런 일이 생기다니 정말 기쁘겠다.	N	2022-07-03 06:27:01	2022-11-08 04:01:41
BE22005789	5	0	그 소식을 듣는데 내가 눈물이 나더라. 친구가 우리 애 있는 거 너무 부러워했었잖아.	N	2022-07-03 06:27:01	2022-11-08 04:01:41
BE22005789	6	1	맞아. 너무 예뻐해 줘서 고마웠지만 부러워하는 마음이 느껴져서 나도 마음에 걸렸었는데. 하늘에서 선물을 주셨네.	N	2022-07-03 06:27:01	2022-11-08 04:01:41
BE22005789	7	0	축하 파티라도 해주고 싶은데, 자기가 도와줄 수 있어?	N	2022-07-03 06:27:01	2022-11-08 04:01:41
BE22005789	8	1	당연하지. 친구 임신 소식에 이렇게 진심으로 축하해 주다니. 자기 정말 좋은 친구다.	N	2022-07-03 06:27:01	2022-11-08 04:01:41
BE22005789	9	0	나한테 소중한 친구거든. 그 친구도 본인은 아이가 안 생겨서 마음고생하면서, 나 임신했을 때 엄청 챙겨줬어.	N	2022-07-03 06:27:01	2022-11-08 04:01:41
BE22005789	10	1	당신한테 그런 좋은 친구가 있다니 참 감사한 일이야. 그런 친구한테 좋은 소식이 있는데 나도 당연히 축하해 줘야지.	N	2022-07-03 06:27:01	2022-11-08 04:01:41
BE22005789	11	0	역시 우리 남편이야. 내 친구 당신한테 더 고마워하겠다.	N	2022-07-03 06:27:01	2022-11-08 04:01:41
BE22005789	12	1	내가 뭘 한 게 있다고. 늦게 아이를 가진 만큼 신경 쓸 게 많을 텐데 우리가 많이 도와주자.	N	2022-07-03 06:27:01	2022-11-08 04:01:41
BE22005789	13	0	내 친구가 안 그래도 당신한테 고마워하고 있었거든. 만나는 사람마다 아기 언제 가지냐고 물어봐서 스트레스였는데. 당신은 그런 말 하지 않아서 편하게 만날 수 있었대.	N	2022-07-03 06:27:01	2022-11-08 04:01:41
BE22005789	14	1	아이고 그동안 그런 마음고생도 하고 있었구나. 그럼 지금 임신 소식이 더더욱 반가운 소식이겠다. 축하 파티 열심히 준비해 보자.	N	2022-07-03 06:27:01	2022-11-08 04:01:41
BE22005789	15	0	자기 덕분에 임신 축하 파티도 마음껏 열어줄 수 있고. 나 정말 두 배로 기뻐!	Y	2022-07-03 06:27:01	2022-11-08 04:01:41
