id	utterance_id	utterance_type	utterance_text	terminate	regDate	updDate
BE22001620	1	0	짜잔, 오늘 우리 아들이랑 만든 눈사람! 사진 보낸 거 봐봐.	N	2022-06-16 06:43:20	2022-11-08 03:34:54
BE22001620	2	1	어머 동그랗게 잘 만들었네. 아들이랑 놀아준다고 고생했어. 춥지는 않았어?	N	2022-06-16 06:43:20	2022-11-08 03:34:54
BE22001620	3	0	완전히 무장하고 나갔었지. 아들이랑 나 둘 다 거의 눈사람 차림이었어.	N	2022-06-16 06:43:20	2022-11-08 03:34:54
BE22001620	4	1	감기 걸릴까 봐 걱정했는데, 다행이네. 아들은 자?	N	2022-06-16 06:43:20	2022-11-08 03:34:54
BE22001620	5	0	지금 열심히 놀고 와서 밥 한 그릇 뚝딱하더니 꿈나라로 갔어.	N	2022-06-16 06:43:20	2022-11-08 03:34:54
BE22001620	6	1	작년 겨울에는 독감 때문에 병원 들락날락하느라고 눈이 와도 구경만 했었는데, 우리 아들이랑 여보 오늘 기분 좋았겠다.	N	2022-06-16 06:43:20	2022-11-08 03:34:54
BE22001620	7	0	맞아. 진짜 눈사람 만들어도 되는 거냐고 몇 번이나 물어보더라고. 눈망울이 어찌나 초롱초롱하던지.	N	2022-06-16 06:43:20	2022-11-08 03:34:54
BE22001620	8	1	그 모습 못 봐서 아쉽다. 하필이면 오늘 당직이라. 우리 세 식구 합쳐서 만들었으면 더 크게 만들었을 텐데.	N	2022-06-16 06:43:20	2022-11-08 03:34:54
BE22001620	9	0	다음에는 다 같이 만들면 되지 뭐. 우리 아들 언제 이렇게 커서 눈사람같이 만들 나이가 되었나 몰라. 뿌듯해.	N	2022-06-16 06:43:20	2022-11-08 03:34:54
BE22001620	10	1	그러게 애들 크는 거 한순간인 게 느껴져. 걸음마 배우던 시절이 엊그제 같은데. 나도 괜히 뿌듯하다.	N	2022-06-16 06:43:20	2022-11-08 03:34:54
BE22001620	11	0	우리 아들이 무려 초등학생이 된다고! 믿어지지 않아.	N	2022-06-16 06:43:20	2022-11-08 03:34:54
BE22001620	12	1	그러게. 이러다 금방 성인 돼서 결혼한다고 하는 거 아닐까 몰라.	N	2022-06-16 06:43:20	2022-11-08 03:34:54
BE22001620	13	0	허허. 다 키웠네 다 키웠어. 아무리 생각해도 세상에서 가장 잘한 일은 당신을 만난 거야.	N	2022-06-16 06:43:20	2022-11-08 03:34:54
BE22001620	14	1	나도 그렇게 생각해. 사랑하는 당신을 만나 가장 사랑스러운 존재인 우리 아이를 낳은 것. 둘도 없는 기쁨이야.	Y	2022-06-16 06:43:20	2022-11-08 03:34:54
