id	utterance_id	utterance_type	utterance_text	terminate	regDate	updDate
BE22009436	1	0	여보, 우리 아들이 나에게 신장을 이식해 준다니. 어떻게 나한테 이런 기적 같은 일이 일어났을까요? 정말 기뻐요.	N	2022-07-17 01:01:30	2022-11-08 04:25:07
BE22009436	2	1	당신이 행복해하고 있으니 내가 더 행복하네요. 당신이 우리 가족에게 헌신한 당신은 그럴 자격이 충분해요. 정말 축하할 일이에요.	N	2022-07-17 01:01:30	2022-11-08 04:25:07
BE22009436	3	0	아들에게 신장 이식을 해주는 것도 아니고 이식받는 것이라서 미안한 마음도 들어요. 하지만 행복한 감정이 커서 부끄럽네요. 믿어지지 않는 이 기적을 주변 사람들이 축하한다는 말을 들으면서 실감하고 있어요.	N	2022-07-17 01:01:30	2022-11-08 04:25:07
BE22009436	4	1	나도 그렇게 생각해요. 너무 기뻐서 눈물이 날 지경이에요. 아버지에게 신장 이식해 줄 수 있어서 기뻐하던 아들 모습만 생각하면 미안하고 고마울 따름이네요.	N	2022-07-17 01:01:30	2022-11-08 04:25:07
BE22009436	5	0	나도 그때만 생각하면 기뻐서 눈물이 나죠. 그 기억은 죽을 때까지 잊지 못할 것 같아요. 수술 후 다시 태어난 마음으로 우리 가족이 예전보다 잘 살 수 있도록 노력할 거예요.	N	2022-07-17 01:01:30	2022-11-08 04:25:07
BE22009436	6	1	당신의 문자를 읽어도 기쁨이 가득 차요. 당신과 우리 아들 모두가 소중했지만 이번 일을 지나고 우리가 가족이라는 게 하늘에 감사해요. 당신이 모두 잘해준 덕분이에요.	N	2022-07-17 01:01:30	2022-11-08 04:25:07
BE22009436	7	0	내가 뭘 한 게 있다고요. 당신이 수고했죠. 우리 수술 전에 어머니 산소에 같이 가고 싶은데 당신도 갈래요?	N	2022-07-17 01:01:30	2022-11-08 04:25:07
BE22009436	8	1	네, 같이 가요. 큰 수술을 앞두고 마음을 차분히 가라앉히기 위해 방문하려는 당신의 마음 정말 좋은 생각이에요. 우리 같이 가서 어머님께 건강하게 수술할 수 있도록 기도하고 와요.	N	2022-07-17 01:01:30	2022-11-08 04:25:07
BE22009436	9	0	내 마음을 이해해 주는 건 역시 여보 밖에 없어요. 사실 큰 수술을 앞두고 많이 불안해요. 우리 아들도 나 때문에 수술을 하는 건데 건강도 걱정되고요.	N	2022-07-17 01:01:30	2022-11-08 04:25:07
BE22009436	10	1	당신만큼 불안하고 두렵지는 않겠지만 저도 그래요. 이 세상에서 가장 소중한 두 명이 수술을 앞두고 있어서 떨리고 불안하네요. 어머님이 우리 소원을 들어주셨으면 좋겠어요.	N	2022-07-17 01:01:30	2022-11-08 04:25:07
BE22009436	11	0	어머니 산소 다녀오면 항상 일이 잘 풀렸으니 이번에도 믿어보려 해요. 여보와 우리 아들 모두가 행복할 수 있도록 나도 힘을 낼 거고요. 마음은 너무 기쁘고 행복한데 수술할 생각이 나를 불안하게 만들어요.	N	2022-07-17 01:01:30	2022-11-08 04:25:07
BE22009436	12	1	저도 그래요. 요즘은 당신 걱정하면 슬프다가 수술을 할 수 있다는 희망이 생겨서 기쁜 마음이 들어요. 아들이 준 나에게 다시 살 수 있게 기회를 준 거라 더 행복하고 감사하죠.	N	2022-07-17 01:01:30	2022-11-08 04:25:07
BE22009436	13	0	나도 우리 가족이 행복하게 웃을 수 있는 상황이 오기를 매일 바라고 있어요. 나에게 신장 이식을 해주기 위해 열심히 운동하는 아들을 보면 대견하고 행복해요.	N	2022-07-17 01:01:30	2022-11-08 04:25:07
BE22009436	14	1	나도 당신처럼 우리 아들이 수술 후 빠르게 회복되기를 바라요. 이식 수술을 결정해준 아들에게 고마울 뿐이에요. 그리고 이식을 받는다는 사실에 기뻐하는 당신을 보며 삶에 대한 소중함을 배워요.	N	2022-07-17 01:01:30	2022-11-08 04:25:07
BE22009436	15	0	그렇게 말해주는 여보가 있어서 기쁘고 행복한 마음이 배가 되었어요. 아들의 신장을 이식받는 수술에서 우리 모두 건강히 회복될 거란 믿음도 강해졌고요. 여보, 고맙고 내 곁에 있어줘서 감사해요.	Y	2022-07-17 01:01:30	2022-11-08 04:25:07
