id	utterance_id	utterance_type	utterance_text	terminate	regDate	updDate
BE22026509	1	0	여보, 나와 가장 친한 친구가 임신했다며 소식을 전해 왔어요. 그동안 자연 임신이 안돼서 시험관도 하고 고생을 많이 한 친구거든요. 그 소식을 듣고 얼마나 기쁜지 눈물이 나오려는 것 간신히 참고 통화를 했어요.	N	2022-10-10 11:46:14	2022-10-10 11:46:14
BE22026509	2	1	친구가 임신이 되기 만을 간절히 바라는 마음이었다는 것을 알아요. 타인의 행복을 바라는 당신은 마음이 아름다운 사람이에요.	N	2022-10-10 11:46:14	2022-11-08 06:12:36
BE22026509	3	0	제가 한 것이라고 는 친구를 위해서 간절히 기도한 것밖에 없어요. 친구가 워낙 아기를 좋아해서 자식을 갖는 게 소원이었거든요. 그 소원이 이루어 지기를 같은 마음으로 빌었더니 이런 기쁜 일이 생기네요.	N	2022-10-10 11:46:14	2022-11-08 06:12:36
BE22026509	4	1	말은 쉬워도 타인의 행복을 위해 간절하게 빈다는 것은 어려운 일이에요. 난 그래서 당신이 그런 모습을 보여 줄 때가 있잖아요. 그러면 나의 아내지만 내가 본 받아야 한다는 생각이 들어요.	N	2022-10-10 11:46:14	2022-11-08 06:12:36
BE22026509	5	0	그렇게 문자를 보내주니 부끄러우면서도 기분이 좋아 지네요. 친구의 행복을 빌었더니 내 기분까지 기뻐져요. 이게 다 당신 덕분이죠.	N	2022-10-10 11:46:14	2022-10-10 11:46:14
BE22026509	6	1	당신이 당연히 칭찬 받아야 마땅한 일은 한 것인데 제 덕분이 아니에요. 당신이 보여 주었던 선의의 마음 때문에 친구도 많이 행복했을 거예요.	N	2022-10-10 11:46:14	2022-10-10 11:46:14
BE22026509	7	0	고마워요. 당신의 문자로 내가 대단한 사람처럼 느껴져서 민망하지만 기분이 좋아 지는 것을 어쩔 수 없네요.	N	2022-10-10 11:46:14	2022-10-10 11:46:14
BE22026509	8	1	난 진심 인 걸요. 친구의 임신 소식을 듣고 너무 기뻐서 남편인 나에게도 말하는 당신만 봐도 알 수 있어요.	N	2022-10-10 11:46:14	2022-11-08 06:12:36
BE22026509	9	0	당신에게 칭찬을 받으면 내가 좋은 사람이라고 생각돼요. 그래서 더 좋은 모습만 보여주고 싶은 마음에 더 노력하게 돼요. 당신이 나를 발전하게 만드는 것이죠.	N	2022-10-10 11:46:14	2022-10-10 11:46:14
BE22026509	10	1	당신이 그렇게 생각해 준다면 내가 되려 더 고맙죠. 우리가 부부로 연을 맺고 서로에게 힘이 되어 주자고 했는데. 당신이 그걸 인정해 준 것 같아서 내가 되려 뿌듯해져요.	N	2022-10-10 11:46:14	2022-10-10 11:46:14
BE22026509	11	0	그랬군요, 그런 마음이 나에게 느껴졌나 봐요. 전 무슨 일이 있든지 간에 당신이 제일 먼저 생각나요. 그래서 이렇게 나의 마음을 당신에게 말할 때 비로소 행복과 편안함을 느껴요.	N	2022-10-10 11:46:14	2022-10-10 11:46:14
BE22026509	12	1	다행이네요, 당신에게 그런 존재가 되어서 힘을 주고 싶었거든요. 나를 첫 번째로 생각하는 당신이 있어 서 내가 더욱 힘을 내서 당신을 응원하는 거예요.	N	2022-10-10 11:46:14	2022-11-08 06:12:36
BE22026509	13	0	부부로 만나 서로에게 첫 번째인 저희 둘 사이가 참 보기 좋다는 생각을 했어요. 친구의 임신 소식에 기분이 좋아져서 연락한 것인데 당신과 나의 사랑까지 다시 떠올리게 되었네요. 다 당신 덕분이에요.	N	2022-10-10 11:46:14	2022-10-10 11:46:14
BE22026509	14	1	무슨 일이 있든지 간에 나에게 먼저 연락해 주는 당신이죠. 그래서 언제나 힘이 되어 주고 싶은 마음이에요. 그리고 당신이 언제나 행복했으면 좋겠고요.	N	2022-10-10 11:46:14	2022-11-08 06:12:36
BE22026509	15	0	네 그럴게요, 오늘처럼 친구의 임신 소식을 당신에게 알려도 당신은 나를 더 기쁘게 만들어 줘요. 정말 고마운 일이 아닐 수 없어요.	Y	2022-10-10 11:46:14	2022-10-10 11:46:14
