id	utterance_id	utterance_type	utterance_text	terminate	regDate	updDate
BE22023331	1	0	내 친한 후배 있잖아. 걔가 이번에 주식투자를 해서 10억을 벌었대. 얼마나 기쁘고 좋은 일이야 너무 기쁘고 신나서 웃음이 나와.	N	2022-10-02 06:36:18	2022-11-08 05:53:46
BE22023331	2	1	진짜 너무 잘 됐다. 자기랑 고등학교 대학교 거기에 회사까지 같이 다닌다는 그 후배지? 진짜 너무 잘 됐다, 자기 문자 보는데 나까지 기뻐서 어깨춤이 절로 나와.	N	2022-10-02 06:36:18	2022-11-08 05:53:46
BE22023331	3	0	응, 그 후배 맞아. 그 후배가 집안 형편이 어려워서 진짜 힘들게 살았거든. 고등학교에 대학교 학비 마련하려고 안 해본 일이 없어, 그런 후배가 돈을 벌었다고 하니까 기뻐.	N	2022-10-02 06:36:18	2022-10-02 06:36:18
BE22023331	4	1	당신한테 그 후배 얘기 들었을 때 너무 안쓰럽고 안타까웠는데. 이제 돈 걱정 없이 지낼 수 있으니까 얼마나 다행이야. 진짜 내 일처럼 기쁘다, 내가 이렇게 기쁜데 당신은 얼마나 기분이 좋겠어.	N	2022-10-02 06:36:18	2022-11-08 05:53:46
BE22023331	5	0	항상 후배가 안타까웠거든. 사실 머리도 너무 좋고 공부도 잘해서 훨씬 좋은 대학에 갈 수 있었는데. 집안 형편이 어려워서 못 갔거든, 그래서 항상 안쓰러웠는데, 이제는 너무 다행이다 싶고 기뻐.	N	2022-10-02 06:36:18	2022-11-08 05:53:46
BE22023331	6	1	그러니깐, 너무 잘 돼서 다행이야. 당신이 많이 아끼는 후배라서 우리 집에서 식사도 많이 했잖아. 그때마다 안쓰러워서 반찬도 많이 챙겨주고 그랬는데, 착한 사람이 복 받는다고 너무 잘 됐어.	N	2022-10-02 06:36:18	2022-11-08 05:53:46
BE22023331	7	0	후배가 힘들게 사는데도 불구하고 주변 사람을 많이 챙겼어. 매달 봉사활동도 다니고 기부금도 내고. 보면서 정말 멋진 사람이라 생각했는데, 이런 기쁜 일까지 생기니까 기뻐서 춤이 절로 나와.	N	2022-10-02 06:36:18	2022-11-08 05:53:46
BE22023331	8	1	후배분에게 기쁜 일이 생긴 것도 너무 기쁜데. 솔직히 나는 당신이 너무 대단하고 멋져. 주변 사람이 갑자기 거금을 벌면 축하해주기보단 시샘도 나고 배도 아플 수 있는데.	N	2022-10-02 06:36:18	2022-11-08 05:53:46
BE22023331	9	0	솔직히 처음에는 그런 생각이 찰나에 들기는 했는데. 그 생각보다는 힘들게 산 후배가 잘됐다는 생각에 더욱 기쁘고 행복하더라고.	N	2022-10-02 06:36:18	2022-11-08 05:53:46
BE22023331	10	1	그렇구나, 당신 진짜 너무 멋져. 사실 나는 후배가 부럽고 샘도 났거든. 그런데 당신이 진심으로 후배를 축하해 주고 기뻐하는 문자를 보니까 당신이 존경스러워.	N	2022-10-02 06:36:18	2022-11-08 05:53:46
BE22023331	11	0	당신이 나를 멋지고 존경스럽다고 하니까. 기뻤던 마음이 두 배 세배로 커져.	N	2022-10-02 06:36:18	2022-10-02 06:36:18
BE22023331	12	1	후배 일을 자기 일처럼 진심으로 기뻐하고 축하해 주는 당신 멋지고 존경스러워. 아마 후배도 진심으로 축하해 주고 좋아해 주는 당신이 있기에 더 기쁠 거야.	N	2022-10-02 06:36:18	2022-11-08 05:53:46
BE22023331	13	0	힘들었던 후배가 이제 편해질 거 같아서 기쁘고 신났는데. 자기가 진심으로 나를 칭찬해 주고 같이 기뻐해 주니까. 기쁘다 못해 행복해서 자꾸 웃음이 나와. 고마워.	N	2022-10-02 06:36:18	2022-10-02 06:36:18
BE22023331	14	1	자기가 기쁘다고 하니까 나까지 행복해져. 자기의 그 따뜻하고 다정한 마음 멋지고 대단해. 그리고 그런 당신이라서 더욱 사랑해.	Y	2022-10-02 06:36:18	2022-10-02 06:36:18
