id	utterance_id	utterance_type	utterance_text	terminate	regDate	updDate
BE22011286	1	0	여보, 정말 기쁜 소식이 있어 집에서 전하기에는 내가 못 참을 것 같아 문자로 보내요. 우리 회사 이제부터 자율 출퇴근제가 시행된 데요. 이제 우리 딸 등원도 제가 할 수 있을 것 같아서 너무 기뻐요.	N	2022-07-24 07:11:40	2022-11-08 04:36:55
BE22011286	2	1	당신 많이 신이 나겠어요. 항상 유치원 등원도 못 시켜주고 출근해야 한다고 무척 슬퍼했는데, 그 문제가 해결됐네요. 너무 축하하고 당신이 원하는 방향으로 생각을 바꾼 회사 오늘은 칭찬 좀 해야겠네요.	N	2022-07-24 07:11:40	2022-11-08 04:36:55
BE22011286	3	0	너무 기뻐서 지금 입이 귀에 걸려서 일하는 중이에요. 사실 출퇴근 시간이 너무 길어서 매일 걱정했거든요. 이제는 차 안 막힐 시간에 출퇴근하면 시간도 절약할 수 있겠다는 생각도 해요.	N	2022-07-24 07:11:40	2022-11-08 04:36:55
BE22011286	4	1	그러게요. 그렇게 생각할 수도 있겠어요. 당신이 자율출퇴근제의 취지에 맞게 사용하는 참 회사인이네요. 회사에서 원하는 방향으로 이용해서 시간도 절약하고 딸아이도 등원시키고 일석이조 장점이 있네요.	N	2022-07-24 07:11:40	2022-11-08 04:36:55
BE22011286	5	0	저는 이제 출퇴근 스트레스가 한 방에 해소되었어요. 회사에 다니면서 이렇게 기쁜 일이 또 있었나 생각이 들 정도예요.	N	2022-07-24 07:11:40	2022-11-08 04:36:55
BE22011286	6	1	당신이 이렇게 좋아하고 기뻐하니 저도 덩달아 기분이 좋아지네요. 그럼 이제 내일부터 자율 출퇴근을 하는 건가요? 우리 딸아이에게도 이 소식을 전하면 얼마나 좋아할지 생각만 해도 기분이 좋네요.	N	2022-07-24 07:11:40	2022-11-08 04:36:55
BE22011286	7	0	당연하죠, 내일부터 우리 딸아이 예쁘게 옷 입혀서 손을 잡고 등원시켜줄 생각에 몰래 쇼핑하고 있어요. 몰래 하는 거라 더 재밌네요. 사실 지금 기분이 좋아서 뭘 해도 기쁜 거 같긴 해요.	N	2022-07-24 07:11:40	2022-11-08 04:36:55
BE22011286	8	1	당신의 모습이 상상돼서 저도 모르게 미소가 지어지네요. 그럼 우리 오늘 가서 같이 딸아이에게 말해요. 좋아하는 모습 저도 같이 보고 싶어요.	N	2022-07-24 07:11:40	2022-11-08 04:36:55
BE22011286	9	0	그래요. 기쁜 순간을 함께 공유하는 게 더 큰 기쁨을 만들어 주잖아요. 좋아할 딸아이를 생각하니 저 눈물 날 것 같아요. 지금까지 딸아이에게 너무 미안했었어요.	N	2022-07-24 07:11:40	2022-11-08 04:36:55
BE22011286	10	1	당신이 피치 못할 사정으로 못했던 거라 우리 딸도 엄마의 사정을 다 이해하고 있었잖아요. 이제 자율출퇴근제 시행으로 미안해하지 않아도 되니 얼마나 좋아요. 이제 더 행복할 일들만 펼쳐질 테니 우리 항상 기쁘게 살아요.	N	2022-07-24 07:11:40	2022-11-08 04:36:55
BE22011286	11	0	네 그래야죠. 회사에서 모처럼 마음에 드는 제도를 시행해서 제가 너무 들뜨고 행복했나 봐요. 일하는 당신 방해되게 이런 시시콜콜한 문자를 보내네요. 그런데 당신이 같이 좋아할 것을 상상하니까 못 참겠더라고요.	N	2022-07-24 07:11:40	2022-11-08 04:36:55
BE22011286	12	1	당연히 부부라면 그래야죠. 나도 기쁜 일이 생기거나 웃긴 일이 생겼을 때 항상 당신을 먼저 떠올려요. 같이 좋아해 줄 당신만 상상해도 내 기분이 더욱 좋아지기 때문이에요.	N	2022-07-24 07:11:40	2022-11-08 04:36:55
BE22011286	13	0	우리는 어쩜 이렇게 마음이 잘 맞는지 나 결혼 정말 잘했어요. 우리 딸아이도 있고 당신이 있어서 너무 감사하고 행복해요. 어쩌다 보니 회사에서 자율출퇴근제 시작한다는 소식이 우리 가족의 사랑으로 마무리됐네요.	N	2022-07-24 07:11:40	2022-11-08 04:36:55
BE22011286	14	1	아이의 등원을 못 시켜줘서 괴로워하던 당신의 걱정거리가 해결돼서 얼마나 다행인지 모르겠어요. 저는 당신이 기뻐하고 행복해하는 문자만 읽어도 안심이고 다행이에요.	N	2022-07-24 07:11:40	2022-11-08 04:36:55
BE22011286	15	0	그렇게 반응해 줘서 고마워요. 오늘 회사에서 갑자기 자율출퇴근제를 시행한다고 해서 저의 마음은 기쁨의 축제였어요. 이 좋은 소식을 당신과 문자로 나누고 보니 비교할 수 없을 만큼 행복의 배가 되었네요.	Y	2022-07-24 07:11:40	2022-11-08 04:36:55
