id	utterance_id	utterance_type	utterance_text	terminate	regDate	updDate
BE22027167	1	0	태어나서 처음으로 번지 점프를 해보았어요. 생각보다 너무 스트레스가 풀리고 한 마리 새가 된 것 같았어요. 너무 흥분되는 마음에 당신에게 문자를 보내는 것인데 생각할수록 내가 해냈다는 생각에 너무 기쁘네요.	N	2022-10-11 15:07:39	2022-10-11 15:07:39
BE22027167	2	1	당신의 용기가 대단하네요, 그리고 문자만 봐도 얼마나 기쁜지 느껴져서 내가 다 기뻐요. 매사 도전을 두려워하지 않는 당신이라서 대단하다는 생각이 들 뿐이에요.	N	2022-10-11 15:07:39	2022-11-08 06:16:30
BE22027167	3	0	정말 갑자기 동료들과 출장에 와서 생각지도 못하게 이루어진 일이에요. 평소에 관심은 있었지만 오늘 이렇게 할 줄 몰랐어요. 생각보다 너무 재미있어서 너무 기뻤어요.	N	2022-10-11 15:07:39	2022-10-11 15:07:39
BE22027167	4	1	그랬군요. 겁도 없는 당신이 참 멋지네요. 난 이런 당신을 보면서 도전에 두려워하지 말아야겠다는 생각이 들어요. 정말 배워야겠다는 생각이 들어요.	N	2022-10-11 15:07:39	2022-11-08 06:16:30
BE22027167	5	0	처음에 번지 점프를 하려고 점프대에 섰을 때는 온갖 생각이 다 들더라고요. 번지를 뛰고 자유로워진 내가 너무 좋았어요. 기쁜 마음으로 번지를 마무리하니 밑에서 동료들이 다 박수를 쳐 줬어요.	N	2022-10-11 15:07:39	2022-11-08 06:16:30
BE22027167	6	1	당연히 박수받을 만하죠, 나라도 그 자리에 있었다면 칭찬과 경이로움에 박수를 보냈을 것 같아요. 그렇게 번지를 뛰는 게 쉬운 일은 아니잖아요.	N	2022-10-11 15:07:39	2022-11-08 06:16:30
BE22027167	7	0	내가 원해서 한 건데 박수까지 받으니 기분이 좋더라고요. 그래서 기쁜 마음에 당신이 생각나 연락할 거예요.	N	2022-10-11 15:07:39	2022-11-08 06:16:30
BE22027167	8	1	연락하길 잘했어요, 당신의 이런 연락을 받을 때마다 얼마나 놀라는지 몰라요. 당신이 언제나 나를 기분 좋게 놀라게 해 줘요.	N	2022-10-11 15:07:39	2022-11-08 06:16:30
BE22027167	9	0	내가 도전을 할 떄 마다 지지해주고 칭찬을 아끼지 않는 당신이잖아요. 그래서 이렇게 문자 하는 거예요.	N	2022-10-11 15:07:39	2022-11-08 06:16:30
BE22027167	10	1	당연히 칭찬해야죠, 당신이 발전하기 위해서 도전하는 거잖아요. 전 그런 모습을 볼 때면 존경을 넘어 경이롭기까지 해요. 그래서 저는 최선을 다해서 당신을 지지하고 제 문자에 힘이 났으면 좋겠다는 생각을 해요.	N	2022-10-11 15:07:39	2022-11-08 06:16:30
BE22027167	11	0	고마워요, 정말 많은 힘이 돼요. 난 이렇게 당신으로 인해서 기쁨이 배가 되는 순간에 당신이 나의 부인이라는 것이 참 자랑스러워요.	N	2022-10-11 15:07:39	2022-10-11 15:07:39
BE22027167	12	1	당연히 부부로 연을 맺었는데 서로 응원하는 사이가 되어야죠. 전 당신이 대단하다고 생각하기 때문에 칭찬하는 거예요.	N	2022-10-11 15:07:39	2022-11-08 06:16:30
BE22027167	13	0	그 진심을 알기에 내가 더욱 기분이 좋아져요. 그래서 이번에 번지 점프를 하면서 당신을 떠올렸죠. 분명 좋아해 줄 당신이라서 연락하면서도 기뻤어요.	N	2022-10-11 15:07:39	2022-10-11 15:07:39
BE22027167	14	1	나를 떠올려 줘서 고마워요, 나도 당신이 연락을 해줄 때 되려 내가 행복해질 때가 많아요. 당신의 도전하는 그 감정을 같이 공유할 수 있다는 게 참 보람차요.	N	2022-10-11 15:07:39	2022-11-08 06:16:30
BE22027167	15	0	고마워요, 언제나 내가 무엇을 하든지 날 응원해 주는 당신이 있어서 힘이 많이 돼요. 오늘도 당신에게 번지 점프했다고 문자를 했더니 내 기쁨이 배가 되었어요. 당신의 응원 문자 때문이죠.	Y	2022-10-11 15:07:39	2022-11-08 06:16:30
