id	utterance_id	utterance_type	utterance_text	terminate	regDate	updDate
BE22014056	1	0	여보, 저번에 제출한 학위 논문이 드디어 승인을 받았어. 나 이제 박사학위 받을 수 있어, 정말 기뻐.	N	2022-08-13 01:32:19	2022-08-13 01:32:19
BE22014056	2	1	우와, 우리 남편 드디어 박사가 된 거야? 진심으로 축하해, 논문 쓰느라 고생 참 많았어.	N	2022-08-13 01:32:19	2022-08-13 01:32:19
BE22014056	3	0	기분이 날아갈 것 같아, 우리 여보가 나 논문 쓰는 데 정말 많은 도움을 줬잖아. 여보가 없었다면 논문을 완성하지 못 했을거야. 여보한테 정말 많이 감사하는 마음이 들어.	N	2022-08-13 01:32:19	2022-11-08 04:54:29
BE22014056	4	1	나도 그 소식을 들으니 기분이 정말 좋다. 더운 여름에 논문 쓰느라 아기 보느라 자기가 고생했지. 잘 마무리했다니 나도 진심으로 행복하다.	N	2022-08-13 01:32:19	2022-11-08 04:54:29
BE22014056	5	0	나도 정말 행복하고 기뻐, 여보가 일하는 데도 내가 논문 쓰는 거 배려해서 틈틈이 아이도 봐줬잖아. 그 모든 시간을 같이 겪고 이뤄낸 결과라 더 기쁘다. 나 혼자만의 노력이 아니라 우리 둘의 노력의 결과야.	N	2022-08-13 01:32:19	2022-11-08 04:54:29
BE22014056	6	1	여보는 말을 정말 예쁘게 하는구나, 나도 날아갈 듯 행복해. 여보는 항상 타인에게 감사하는 마음을 잃지 않는 게 멋있어. 나도 항상 여보에게 많이 배우는 것 같아.	N	2022-08-13 01:32:19	2022-11-08 04:54:29
BE22014056	7	0	지금 기분은 마치 꿈을 꾸는 것 같아. 주위에서 내가 박사논문을 쓸 수 있도록 도와준 이들이 참 많아서 행복해. 친구들도 가족들도 항상 나의 바쁘다는 핑계를 이해해줬고.	N	2022-08-13 01:32:19	2022-11-08 04:54:29
BE22014056	8	1	맞아, 자기는 주위에 참 좋은 사람들이 많은 것 같아서 마음이 따뜻해져. 무려 2년이라는 시간 동안 자기가 참 열심히 노력했는데 결실을 맺었다니 나도 하늘을 날아가는 기분이네. 주변인들도 이 소식을 들으면 정말 기뻐할 거야.	N	2022-08-13 01:32:19	2022-11-08 04:54:29
BE22014056	9	0	우리 여보가 나를 제일 많이 도와줘서 이 기쁜 소식을 여보한테 가장 먼저 알리고 싶었어. 부모님도 친구들도 이 소식을 들으면 기뻐하시겠지? 그동안 죄송했던 일이 많아서 걱정이 되네.	N	2022-08-13 01:32:19	2022-08-13 01:32:19
BE22014056	10	1	당연히 기뻐하시지, 다 이해하실 거야. 모두 여보를 사랑하고 여보의 행복을 기원하는 사람들인걸. 걱정하지 말고 편안하게 말해봐.	N	2022-08-13 01:32:19	2022-11-08 04:54:29
BE22014056	11	0	오늘은 공부를 시작하고 나서 가장 기쁜 날인 것 같아. 여보와 함께 보내고 싶어, 일 빨리 마무리하고 즐거운 마음으로 집으로 갈게.	N	2022-08-13 01:32:19	2022-08-13 01:32:19
BE22014056	12	1	그래, 나도 기대하고 있을게. 축하 파티라도 해야 될 것 같아, 정말 행복하다.	N	2022-08-13 01:32:19	2022-08-13 01:32:19
BE22014056	13	0	오늘도 기분 좋은 하루 보내, 이따 집에서 보자.	N	2022-08-13 01:32:19	2022-11-08 04:54:29
BE22014056	14	1	그래 여보도 좋은 하루 보내, 내가 많이 사랑하고 응원한다는 사실 잊지 마.	Y	2022-08-13 01:32:19	2022-11-08 04:54:29
