id	utterance_id	utterance_type	utterance_text	terminate	regDate	updDate
BE22009887	1	0	여보, 당신 혹시 죽기 전에 나와 함께 꼭 하고 싶거나 가고 싶은 곳이 있나요?	N	2022-07-18 09:32:41	2022-11-08 04:28:05
BE22009887	2	1	음... 있긴 있어. 그런데 왜 뜬금없이 그런 걸 물어봐?	N	2022-07-18 09:32:41	2022-11-08 04:28:05
BE22009887	3	0	사실은 요즘 내가 버킷 리스트를 작성하고 있거든요. 여고 동창생들이 각자 작성해보자고 해서 처음에는 별 기대 없이 적기 시작했어요. 그런데 한두 가지 하고 싶은 것을 적다 보니 가슴이 콩닥콩닥 뛰고 흥분이 되더라고요.	N	2022-07-18 09:32:41	2022-11-08 04:28:05
BE22009887	4	1	그거 정말 당신이 흥분할 만한 일이네. 그저 쳇바퀴 돌리듯 일상을 살 게 아니라 꿈꾸던 것을 이루려고 노력하면서 살면 신나지. 갑자기 나도 미소가 번지고 가슴이 마구 부풀어 오르는걸!	N	2022-07-18 09:32:41	2022-11-08 04:28:05
BE22009887	5	0	일단 떠오르는 대로 메모해서 후보 리스트를 만들 거예요. 그중에서 내 가슴이 진정으로 두근거리는 것, 실현 가능성이 높은 것 위주로 선택하려고요. 마음이 들뜨고 너무 즐겁네요.	N	2022-07-18 09:32:41	2022-11-08 04:28:05
BE22009887	6	1	그래, 나도 당신 말만으로도 기대가 되고 마음이 환하게 밝아지네. 근데 내가 당신과 함께하고 싶은 것이 무엇인지는 왜 물어보는 거야?	N	2022-07-18 09:32:41	2022-11-08 04:28:05
BE22009887	7	0	당신이 나와 함께하고 싶은 것이 무엇인지 알면 그것을 나도 하고 싶은지 생각해보려고요. 우리가 함께 꿈꾸는 것이라면 우선순위를 높게 해서 이룰 수 있도록 더욱 노력할 것 같아요.	N	2022-07-18 09:32:41	2022-11-08 04:28:05
BE22009887	8	1	당신 말이 맞아. 우리가 같이 이뤄야 할 버킷 리스트 목록이 있다면 추진력이 두 배가 되겠지.	N	2022-07-18 09:32:41	2022-11-08 04:28:05
BE22009887	9	0	그리고 우리가 함께 이루어가는 과정도 몇 배나 더 기쁘고 행복할 거예요.	N	2022-07-18 09:32:41	2022-11-08 04:28:05
BE22009887	10	1	그래, 당신이 남편과 함께할 미래를 소중하게 생각해주니 정말 고마워. 나도 시간 나는 대로 버킷 리스트를 작성해볼게. 내가 당신과 하고 싶은 것도 곰곰이 생각해서 곧 알려줄게.	N	2022-07-18 09:32:41	2022-11-08 04:28:05
BE22009887	11	0	네. 기대하고 있을게요. 그런데 리스트를 적어보니 사소한 것이 많아서 금방 수십 개가 되네요. 목록이 끝없이 늘 것 같아요.	N	2022-07-18 09:32:41	2022-11-08 04:28:05
BE22009887	12	1	즐거운 마음으로 마음껏 적어봐. 결국 당신은 멋진 버킷 리스트를 작성할 거야. 그리고 그것을 이루어가는 동안 기쁘고 흥분되는 시간을 보낼 수 있을 거야.	N	2022-07-18 09:32:41	2022-11-08 04:28:05
BE22009887	13	0	고마워요. 당신이 격려해주니 더 적극적으로 버킷 리스트를 작성하게 될 것 같아요.	N	2022-07-18 09:32:41	2022-11-08 04:28:05
BE22009887	14	1	나도 고마워. 당신 덕분에 마음에 즐거운 기대감이 가득 차네.	Y	2022-07-18 09:32:41	2022-11-08 04:28:05
