id	utterance_id	utterance_type	utterance_text	terminate	regDate	updDate
BE22022926	1	0	다음 주면 드디어 여행을 하는 날이 찾아와. 사량도로 떠날 배편을 알아봤는데 진짜 기쁘더라.	N	2022-09-30 05:20:53	2022-11-08 05:51:23
BE22022926	2	1	새로운 곳을 여행할 생각에 설레고 가슴이 두근거릴 것 같아. 그게 바로 여행의 매력이지. 행복해하는 당신 모습을 보니 나도 덩달아 기뻐지네.	N	2022-09-30 05:20:53	2022-11-08 05:51:23
BE22022926	3	0	사량도 구석구석을 내 발로 걸어서 둘러볼 거야. 사량도 트레킹이라니 정말이지 행복해. 바다와 자연은 상상만으로 정말 나에게 큰 행복을 가져다주네.	N	2022-09-30 05:20:53	2022-11-08 05:51:23
BE22022926	4	1	오랜만에 가는 여행이 얼마나 기대되고 기분 좋을까. 당신의 그 들떠서 두근거리는 마음이 나에게까지 전달된다.	N	2022-09-30 05:20:53	2022-11-08 05:51:23
BE22022926	5	0	은퇴하고 떠나는 여행에 속이 후련해. 그동안 바빠서 여행을 다니지 못했는데 이번에 친구들과 떠나는 여행이 정말 값지게 느껴져.	N	2022-09-30 05:20:53	2022-09-30 05:20:53
BE22022926	6	1	일에 열중하는 당신의 모습이 얼마나 대단해 보였는지 몰라. 정년까지 정말 책임감 있게 일해 왔었잖아. 나도 당신을 본받고 싶을 정도로 당신의 능력이 멋있게 느껴졌어.	N	2022-09-30 05:20:53	2022-11-08 05:51:23
BE22022926	7	0	이번 여행은 유독 더 설레다 못해 떨리는 것 같아. 그동안 회사에서 일하면서 진짜 힘든 적도 많았는데 여행 가서 기분전환 하고 올 거야.	N	2022-09-30 05:20:53	2022-11-08 05:51:23
BE22022926	8	1	친구들과 함께 섬으로 떠나는 거니 정말 신이 나겠다. 답답한 일상생활을 떠나서 참된 힐링을 느낄 수 있으니 좋은 것 같아.	N	2022-09-30 05:20:53	2022-11-08 05:51:23
BE22022926	9	0	회사 갈 일도 없으니 진짜 여유롭게 쉬다가 올 거야. 현실에 치여서 받은 스트레스 날려버려야지.	N	2022-09-30 05:20:53	2022-09-30 05:20:53
BE22022926	10	1	당신이 정말 치열하게 살았던 거 옆에서 내가 빤히 다 봤잖아. 누구보다 당신의 여행을 응원해. 힘들었던 거 다 날리고 기분전환 제대로 하고 왔으면 좋겠어.	N	2022-09-30 05:20:53	2022-11-08 05:51:23
BE22022926	11	0	등산화도 샀고 배편도 알아보고 완벽하게 여행 준비를 마쳤어. 내가 하고 싶었던 것들을 모두 할 수 있도록 최선을 다했으니. 떠나서 여한 없이 즐겨야지.	N	2022-09-30 05:20:53	2022-11-08 05:51:23
BE22022926	12	1	그렇게 철저하게 계획하고 가는 여행에 실패란 없겠다. 한 번 가는 여행이라도 제대로 준비하는 당신 모습이 멋있다. 당신과 함께하는 여행이라면 믿을 수 있을 것 같아.	N	2022-09-30 05:20:53	2022-11-08 05:51:23
BE22022926	13	0	당신이 이렇게 칭찬해주니 내 기분이 정말 날아갈 것 같아. 이번에 친구들과 잘 다녀와서 다음에는 당신과 같이 떠날 거니 기대해.	N	2022-09-30 05:20:53	2022-11-08 05:51:23
BE22022926	14	1	말이라도 정말 고맙네. 당신의 행복한 여행 계획을 들을 수 있어서 내가 더 기뻐.	Y	2022-09-30 05:20:53	2022-11-08 05:51:23
