id	utterance_id	utterance_type	utterance_text	terminate	regDate	updDate
BE22025206	1	0	여보, 저 오늘 너무 기분이 좋은 거 있죠? 마치 학창 시절 때로 돌아간 듯한 기분이에요.	N	2022-10-07 05:25:47	2022-10-07 05:25:47
BE22025206	2	1	당신의 기분 좋음이 문자로도 느껴지는걸요. 무슨 기쁜 일이라도 있었나요? 어서 얘기해 봐요.	N	2022-10-07 05:25:47	2022-11-08 06:04:52
BE22025206	3	0	오늘 서울에 사는 오랜 고향 친구가 부산에 놀러 왔어요. 학창 시절 자주 가던 돼지국밥집에 가서 식사를 했는데 얼마나 기쁘던지. 친구와 고등학교 때로 돌아간 기분에 가슴이 설레었어요.	N	2022-10-07 05:25:47	2022-10-07 05:25:47
BE22025206	4	1	어릴 적 동무와 추억이 깃든 장소에서 식사라니 기분이 정말 좋았겠어요. 친구가 서울에 가서 자주 못 봤을 텐데 오랜만에 만나 반가운 마음도 컸겠군요. 당신이 기분 좋은 걸 보니 덩달아 나 역시 기분이 좋아져요.	N	2022-10-07 05:25:47	2022-11-08 06:04:52
BE22025206	5	0	함께 학원 다니고 밥 먹고 자매처럼 지내던 친구가 서울에 가서 자주 못 봐 속상했거든요. 몸이 멀어지면 마음도 멀어진다는 말이 무색할 정도로 어제 본 것처럼 편안한 거 있죠. 이 나이에도 친구가 이렇게 좋다니 제가 참 웃기죠?	N	2022-10-07 05:25:47	2022-10-07 05:25:47
BE22025206	6	1	여전히 친구를 좋아하는 당신 모습이 소녀 같고 사랑스러운걸요. 정말 친한 친구였기에 오랜만에 만나도 어색하지 않은 마음 이해가 돼요. 보고 싶었던 친구이기에 무척 반가웠겠어요.	N	2022-10-07 05:25:47	2022-10-07 05:25:47
BE22025206	7	0	정말 신기했던 건 돼지국밥집 사장님이 저희를 기억하고 있었다는 거예요. 20년도 넘었는데 기억해 주시는 아주머니 어찌나 반갑고 기분이 좋던지. 사장님과 친구와 같이 한참을 수다를 떨고 왔어요.	N	2022-10-07 05:25:47	2022-10-07 05:25:47
BE22025206	8	1	학창 시절에 즐겨 다니던 식당 사장님이 기억하고 반겨주셔서 참 놀라고 또 기뻤겠어요. 추억의 장소에서 보고 싶었던 친구와 단골집 사장님의 만남이라니 듣기만 해도 정겹네요. 오늘 참 당신에게 기쁘고 즐거운 하루가 됐을 것 같아요.	N	2022-10-07 05:25:47	2022-11-08 06:04:52
BE22025206	9	0	더 기쁜 소식은 친구 남편이 부산으로 3년간 파견되어서 함께 부산으로 내려올 것 같다는 거예요. 친구가 부산으로 오면 말동무도 생기고 너무 좋을 것 같다는 생각에 설레고 기뻐요. 생각만 해도 가슴이 벅차오르는 기분이에요.	N	2022-10-07 05:25:47	2022-10-07 05:25:47
BE22025206	10	1	또래 마음맞는 친구들이 근처에 없어서 적적해하던 당신에게 더없이 기쁜 소식이네요. 당신의 친한 친구가 가까운 곳으로 온다니 제 마음 역시 벌써 든든해지는 느낌이에요. 당신의 행복이 저에게도 전해져서 마음이 참 좋네요.	N	2022-10-07 05:25:47	2022-11-08 06:04:52
BE22025206	11	0	당신이 함께 기뻐해 주니 더없이 기쁜걸요. 마침 친구의 딸아이가 저희 아이랑 동갑이라 외동인 우리 딸에게도 참 좋을 것 같아요. 두 아이가 나와 친구처럼 좋은 벗이 된다면 너무 신기하고 기쁠 것 같아요.	N	2022-10-07 05:25:47	2022-10-07 05:25:47
BE22025206	12	1	자주 만나고 가까이 지내다 보면 좋은 벗이 되어 잘 지낼 수 있으리라 믿어요. 외동이라 자매 있는 친구를 부러워했던 딸 아이도 참 기뻐하겠네요. 늘 관계의 소중함을 알고 신경 쓰는 당신의 모습이 훌륭해요.	N	2022-10-07 05:25:47	2022-11-08 06:04:52
BE22025206	13	0	나중에 친구네 가족을 저희집으로 초대해서 함께 식사하면 좋은 시간이 될 것 같다는 생각을 했어요. 부산에 오기전에 서로 친해지면 더 좋을 것 같아요. 내가 가장 사랑하는 사람에게 소중한 친구를 소개할 생각에 설레는 마음이에요.	N	2022-10-07 05:25:47	2022-11-08 06:04:52
BE22025206	14	1	저도 당신이 늘 이야기 하던 소중한 친구를 볼 생각에 설레는 걸 요. 당신과 학창시절 친구라고 하니 이것저것 이야기 들으면 즐겁고 행복한 시간이 되겠네요. 당신의 의견이라면 난 적극적으로 환영하고 찬성이에요.	N	2022-10-07 05:25:47	2022-11-08 06:04:52
BE22025206	15	0	갑작스러운 나의 제안도 늘 흔쾌히 기분좋게 받아주는 당신에게 큰 고마움을 느껴요. 좋았던 기분이 당신과의 대화로 인해 한층 더 증폭되었어요. 저녁에 만나요 여보.	Y	2022-10-07 05:25:47	2022-10-07 05:25:47
