id	utterance_id	utterance_type	utterance_text	terminate	regDate	updDate
BE22011691	1	0	여보, 어제 부모님 동영상을 찍었거든. 두 분이 웃는 모습이 얼마나 행복해 보이는지, 보기만 해도 기쁨이 샘 솟는 것 같아. 당신한테도 곧바로 전송해 줄게.	N	2022-07-26 01:42:49	2022-11-08 04:39:32
BE22011691	2	1	장인어른과 장모님 모두 건강하고 젊어 보이셔서 보기 흐뭇하네. 나도 입가에 미소가 저절로 피어나.	N	2022-07-26 01:42:49	2022-11-08 04:39:32
BE22011691	3	0	앞으로도 부모님의 동영상을 많이 찍어 놓아야겠다는 생각이 들어. 동영상을 보고만 있어도 부모님을 향한 사랑이 느껴지는 것 같아.	N	2022-07-26 01:42:49	2022-11-08 04:39:32
BE22011691	4	1	이렇게 동영상으로 보면 좀더 특별한 느낌이 들기도 하는 것 같아. 당신이 좋아하는 모습 보니까 나도 행복이 밀려와.	N	2022-07-26 01:42:49	2022-11-08 04:39:32
BE22011691	5	0	응, 부모님의 사진이나 동영상을 보면 마음이 뭉클해져. 결혼하고 나니 부모님의 사랑이 더 애틋하게 느껴지기도 하고.	N	2022-07-26 01:42:49	2022-11-08 04:39:32
BE22011691	6	1	나도 나이가 들수록 그런 마음이 들어. 당신이 어떤 마음인지 잘 알 것 같아.	N	2022-07-26 01:42:49	2022-11-08 04:39:32
BE22011691	7	0	부모님 은혜에 감사하는 마음도 더 커지는 것 같아. 이렇게 건강하게 잘 키워주신 것도 정말 감사드리고.	N	2022-07-26 01:42:49	2022-11-08 04:39:32
BE22011691	8	1	당신이 그런 감정을 느낀다니 감동인걸. 부모님을 사랑하는 따뜻한 마음이 내게도 그대로 전해지는 것 같아서.	N	2022-07-26 01:42:49	2022-11-08 04:39:33
BE22011691	9	0	당신과 이야기하다 보니 동영상이 또 보고 싶어지네. 이렇게 생생한 모습을 보니, 사랑하는 두 분이 마치 내 눈앞에 계신 것 같아.	N	2022-07-26 01:42:49	2022-11-08 04:39:33
BE22011691	10	1	맞아, 부모님께서는 딸인 당신을 진심으로 아끼시니까. 보고만 있어도 사랑이 느껴지는 것 같아서 정말 감동이야.	N	2022-07-26 01:42:49	2022-11-08 04:39:33
BE22011691	11	0	시간이 갈수록 부모님의 사랑이 애틋해지는 것 같아. 이제 함께 할 시간이 많이 남아 있지 않아서 그런가 싶기도 하고.	N	2022-07-26 01:42:49	2022-11-08 04:39:33
BE22011691	12	1	당신이 그런 생각이 드는 것도 당연해. 우리 모두 나이가 들어가고 언젠가 떠날 테니까. 그러니 앞으로 우리 둘 다 더 잘해 드리자.	N	2022-07-26 01:42:49	2022-11-08 04:39:33
BE22011691	13	0	당신 말 듣다 보니 앞으로 더 잘해 드려야겠다는 생각이 들어. 사랑한다는 표현도 지금보다 훨씬 더 자주 하고.	N	2022-07-26 01:42:49	2022-11-08 04:39:33
BE22011691	14	1	당신은 이미 정말 잘하고 있어. 세상 그 누구보다 더 사랑스럽고 좋은 딸이라고 믿어. 그건 늘 곁에서 지켜보는 남편인 내가 제일 잘 알아.	N	2022-07-26 01:42:49	2022-11-08 04:39:33
BE22011691	15	0	당신이 그렇게 칭찬해 주니 기분 좋은걸. 앞으로도 더 잘하도록 노력할게. 그러니 옆에서 늘 지켜봐 줄 거지?	N	2022-07-26 01:42:49	2022-11-08 04:39:33
BE22011691	16	1	물론이지. 당신 곁에는 늘 내가 있다는 거 잊지 마. 정말 사랑해, 여보.	Y	2022-07-26 01:42:49	2022-11-08 04:39:33
