id	utterance_id	utterance_type	utterance_text	terminate	regDate	updDate
BE22025588	1	0	여보, 컴퓨터로 일하는 곳에 취업이 되다니 지금 너무 기뻐. 나 이메일도 못 만들 정도로 컴퓨터를 못 했거든. 이메일을 처음 만들던 때가 생각나네.	N	2022-10-08 06:43:22	2022-10-08 06:43:22
BE22025588	2	1	맞아, 당신이 그런 때가 있었었지. 그때를 생각하면 이번에 컴퓨터 관련으로 취업하게 된 건 기적과 같은 일이네. 정말 많이 축하해.	N	2022-10-08 06:43:22	2022-11-08 06:07:09
BE22025588	3	0	축하해 줘서 너무 고마워. 정말 이메일도 못 만들어서 매번 동생한테 해달라고 했거든. 그러면서 면박도 많이 당하고 그랬는데 이렇게 취직이 된게 믿어지지가 않아.	N	2022-10-08 06:43:22	2022-10-08 06:43:22
BE22025588	4	1	그동안 자격증 따느라 문화센터부터 시작해서 얼마나 많은 노력을 했어. 내가 자기가 노력한 세월에 산 증인이잖아. 그래서 기뻐하는 마음을 충분히 이해해.	N	2022-10-08 06:43:22	2022-11-08 06:07:09
BE22025588	5	0	피아노 강사로만 살다 보니 컴퓨터 만질 일이 거의 없다가 학원 폐업하고 주부로만 지냈잖아. 주부가 메일 보낼 일도 없고 어쩌다가 한번 사용 해봐야 다음엔 기억이 안 나더라고. 그래서 메일 사용 할 때마다 동생한테 물어보고 했었는데 이런 날도 오네.	N	2022-10-08 06:43:22	2022-11-08 06:07:10
BE22025588	6	1	동생이 그것도 못 하냐고 뭐라 한다고 자기가 속상해 했었잖아. 그때가 기억나서 지금 더 감계무량하다. 나는 당신이 해낼 거 라고 생각했어.	N	2022-10-08 06:43:22	2022-11-08 06:07:10
BE22025588	7	0	자격증 딸 때만 해도 취업까지 할 수 있을 거라고 상상도 못했어. 남들보다 이해력이 부족해서 공부할 때 너무 힘들었거든. 이렇게 해냈다는 사실이 현실 같지 않아.	N	2022-10-08 06:43:22	2022-11-08 06:07:10
BE22025588	8	1	당신이 잠도 쪼개 가면서 밤새 공부했잖아. 아이 관리 하면서 시험 보러 다니고 얼마나 고생 많이 했는지 나는 알지. 내가 많이 돕지 못해서 미안한 마음뿐이야.	N	2022-10-08 06:43:22	2022-11-08 06:07:10
BE22025588	9	0	당신이 주말에 아이를 봐주지 않았다면 불가능 했을 거야. 오롯이 공부하게 배려해 줘서 내가 지금 취직도 한 거지. 너무 고맙게 생각하고 이 기쁨은 자기랑 나눠서 더 기뻐.	N	2022-10-08 06:43:22	2022-11-08 06:07:10
BE22025588	10	1	어떻게 메일도 못 보내던 사람이 컴퓨터 관련해서 취직을 해. 정말 신기하고 놀랍다. 정말 당신은 대단한 거 같아.	N	2022-10-08 06:43:22	2022-11-08 06:07:10
BE22025588	11	0	너무 추켜세우지 마. 별거 아닌 일인데 부끄럽다. 남들 다 하는 거 나는 이제 하는걸!	N	2022-10-08 06:43:22	2022-11-08 06:07:10
BE22025588	12	1	매번 이해 안된다고 공부하면서 얼마나 힘들어 했어. 내가 해주고 싶은 심정이였는데 대신 해줄 수도 없고 얼마나 안타까웠다고.	N	2022-10-08 06:43:22	2022-11-08 06:07:10
BE22025588	13	0	그렇게 마음 써주고 있었구나. 항상 자기의 배려와 응원덕에 내가 이렇게 된 거 같아. 이제 자기만 돈 버느라 고생하지 않아도 되서 정말 기뻐.	N	2022-10-08 06:43:22	2022-11-08 06:07:10
BE22025588	14	1	오히려 내가 미안하지. 자기는 고생 안 시키고 싶었는데 말이야. 우리 조금만 더 노력해서 행복하게 살자.	N	2022-10-08 06:43:22	2022-11-08 06:07:10
BE22025588	15	0	응, 나는 지금도 아주 행복해. 우리 오늘 축하 파티하자.	Y	2022-10-08 06:43:22	2022-11-08 06:07:10
