id	utterance_id	utterance_type	utterance_text	terminate	regDate	updDate
BE22015577	1	0	여보, 우리가 생각을 잘한 거 같아. 휘발유 차보다 경유 차 연비가 훨씬 좋다. 너무 기뻐.	N	2022-08-25 00:38:27	2022-11-08 05:03:55
BE22015577	2	1	역시 자기 판단력이 너무 좋았어. 자기가 계속 고민했잖아. 휘발유 차로 할지, 경유 차로 할지 그러다가 연비랑 내구성 비교해서 경유 차로 결정한 건데 너무 잘했다.	N	2022-08-25 00:38:27	2022-11-08 05:03:55
BE22015577	3	0	그러니깐, 차 바꾸면서 엄청나게 고민했거든, 휘발유냐 경유냐. 그런데 경유 차 사고 보니 전에 타던 휘발유 차보다 연비가 훨씬 좋아. 기름값이 절반도 안 드는 거 같아, 너무 기뻐.	N	2022-08-25 00:38:27	2022-11-08 05:03:55
BE22015577	4	1	자기가 기쁘다고 하니까 나까지 기뻐서 웃음이 나온다. 자기가 자동차 새로 사려고 오랜 시간 고민하면서 비교하고 결정했잖아. 그런데 자기 생각대로 연비가 더 좋다고 하니까 마음이 너무 뿌듯해.	N	2022-08-25 00:38:27	2022-11-08 05:03:55
BE22015577	5	0	응, 한 달 사용하면서 기름값을 보니까 진짜 딱 절반 들었더라고. 사용량은 똑같은데, 얼마나 기분이 좋던지. 뿌듯하고 내가 잘한 거 같아서 자랑스럽고 기뻐서 어깨춤이 절로 나와.	N	2022-08-25 00:38:27	2022-08-25 00:38:27
BE22015577	6	1	자기가 기쁘다고 하니까 나까지 어깨가 절로 들썩이고 입가에 미소가 번져. 그리고 그동안 너무 고생했어. 자기가 15년 동안이나 중고차 타면서 가족을 위해 얼마나 열심히 일했는지 다 알아.	N	2022-08-25 00:38:27	2022-11-08 05:03:55
BE22015577	7	0	연비가 좋아서도 너무 기쁘고 행복한데. 당신이 고생했다고 해주니까 더욱 기뻐서 하늘을 둥둥 떠다니는 기분이야. 나보다 애들이 고생했지, 친구들이 우리 차 보고 놀렸다는 말 듣고 심장이 내려앉는 줄 알았어.	N	2022-08-25 00:38:27	2022-11-08 05:03:55
BE22015577	8	1	그렇지, 나도 애가 울면서 그 얘기를 하는데, 얼마나 깜짝 놀랐는지. 그래서 그날 밤 자기랑 나랑 오랜 시간 대화 나눴잖아. 그때 자기의 상심한 표정이 너무 안쓰럽고 불쌍했어.	N	2022-08-25 00:38:27	2022-11-08 05:03:55
BE22015577	9	0	내가 좀 모자란다는 생각이 들더라고, 그래서 애가 밖에서 놀림을 당했다는 생각에 막막하더라고. 그래서 우리 계획보다 먼저 차를 바꾸자고 한 거야.	N	2022-08-25 00:38:27	2022-11-08 05:03:55
BE22015577	10	1	자기 마음이 정말 고맙다, 가족들을 위해서 항상 헌신하고 희생하는 모습을 볼 때마다 얼마나 감사했는데. 그리고 미안해서 마음이 정말 아팠어. 친구들은 새 차, 좋은 옷에 좋은 시계를 사는데, 그런데 자기보다 애를 먼저 생각해 주다니 고마워.	N	2022-08-25 00:38:27	2022-11-08 05:03:55
BE22015577	11	0	사실 나도 씁쓸했던 적이 한두 번이 아니긴 해. 나이를 먹으면서 친구들은 차도 좋은 차로 바꾸고 좋은 시계에 좋은 옷을 입고 다니는데. 그런데, 아이에게 그런 일이 생겼다고 하니까 마음이 더 아프더라고.	N	2022-08-25 00:38:27	2022-11-08 05:03:55
BE22015577	12	1	그럼 그럼, 자기가 민망하고 친구들을 만날 때나 주변 사람들에게 의기소침해졌을 수도 있는데. 한 번도 내색하지 않고 항상 우리 앞에서는 웃는 모습으로 생활하고. 자기한테 쓰는 돈 아껴가면서 나랑 아이들에게 아낌없이 쓰는 모습에 너무 감동했어.	N	2022-08-25 00:38:27	2022-11-08 05:03:56
BE22015577	13	0	당신이 그렇게 얘기해 주고 고마워해 주니까 내 마음이 너무 따뜻해지고 행복해. 당신도 아이들을 위해서 항상 고생하고 나를 위해서 헌신하잖아. 나도 항상 당신에게 고마워.	N	2022-08-25 00:38:27	2022-11-08 05:03:56
BE22015577	14	1	이제야 차를 바꿔줘서 미안해. 아이들만 먼저 생각하고 아이들 먼저 챙기느라고 당신 차를 늦게 바꿔준 거 같아. 그동안 참고 기다려줘서 정말 고마워.	N	2022-08-25 00:38:27	2022-11-08 05:03:56
BE22015577	15	0	아니야, 당연하지, 우리 아이들이 먼저잖아. 그리고 당신이 나를 칭찬해 주고 고맙다고 말해주니까. 정말 행복하고 기뻐서 더 이상 바랄 게 없어.	N	2022-08-25 00:38:27	2022-11-08 05:03:56
BE22015577	16	1	당신 그동안 너무 수고했어. 항상 사랑하고 고마워. 앞으로 더 사랑하면서 행복하게 살자.	Y	2022-08-25 00:38:27	2022-11-08 05:03:56
