id	utterance_id	utterance_type	utterance_text	terminate	regDate	updDate
BE22025877	1	0	여보 나 너무 행복해서 말이 안 나와. 나에게 일어난 이 일이 정말 꿈인지 생시인지 모르겠어.	N	2022-10-09 01:55:45	2022-10-09 01:55:45
BE22025877	2	1	당신 무슨 좋은 일인데 이렇게 흥분했어. 마음을 진정시키고 천천히 말해봐. 당신에게 온 기쁜 마음을 나도 함께 하고 싶어.	N	2022-10-09 01:55:45	2022-11-08 06:08:51
BE22025877	3	0	여보 우리 드디어 청약에 당첨됐어. 나 확인하고 기뻐서 숨넘어갈 뻔했어. 계약금 넣어야 해서 적금도 바로 해약했어.	N	2022-10-09 01:55:45	2022-10-09 01:55:45
BE22025877	4	1	이런 기쁜 소식을 전해주다니 당신에게 너무 고마워. 당신 그동안 많이 고생했는데 정말 얼마나 기뻐할지. 당신의 환한 웃음이 내 귓가에 들리는 것만 같아.	N	2022-10-09 01:55:45	2022-11-08 06:08:51
BE22025877	5	0	은행원이 적금을 만기 전에 해약하니까 만류하더라. 내가 웃으면서 청약 당첨 계약금 넣는다니까 함께 기뻐해 주는 거 있지.	N	2022-10-09 01:55:45	2022-10-09 01:55:45
BE22025877	6	1	그렇게 좋은 일이니 모두들 축하해 줄 거야. 당신이 축하 많이 받아서 그 행복함과 기쁨을 더 많이 누리면 좋겠어. 그럼 기쁨이 몇 배는 더 할 거야.	N	2022-10-09 01:55:45	2022-11-08 06:08:51
BE22025877	7	0	온 세상이 다 날 축하해 주는 거 같아. 여보, 그동안 정말 많이 힘들었지. 여보한테 너무 고마워.	N	2022-10-09 01:55:45	2022-11-08 06:08:51
BE22025877	8	1	다 당신 덕인 걸. 내가 신경 하나도 안 쓰도록 당신이 그동안 얼마나 알아보고 신경 쓰고 고생 정말 많았잖아. 당신 정말 그걸 혼자 다 해내다니 너무 대단해.	N	2022-10-09 01:55:45	2022-11-08 06:08:51
BE22025877	9	0	이제 우리도 집이 생겼으니 앞으로 행복할 날만 남았어. 지금도 행복하지만 앞으로 더 행복할 거라 기대하니 얼마나 기쁜지. 나 너무 행복해서 눈물이 난다.	N	2022-10-09 01:55:45	2022-10-09 01:55:45
BE22025877	10	1	당신 덕에 난 항상 좋은 일만 있는 것 같아. 앞으로 우리가 더 행복해질 생각을 하니 너무 감격스러워. 당신의 행운 덕분에 나까지 이렇게 즐거워지니 얼마나 좋은지 몰라.	N	2022-10-09 01:55:45	2022-11-08 06:08:51
BE22025877	11	0	나 너무 좋아서 울다가 웃다가 하고 있어. 내 정신이 어디 구름 위에 올라가서 내려오지를 않네.	N	2022-10-09 01:55:45	2022-10-09 01:55:45
BE22025877	12	1	그런 마음은 오래 지속돼도 괜찮은걸. 당신이 며칠이고 정신이 구름 위에 있어도 좋으니 충분히 행복하면 좋겠어.	N	2022-10-09 01:55:45	2022-11-08 06:08:51
BE22025877	13	0	절대 해약하지 않으려 마음먹고 열심히 부은 적금이잖아. 만기 전에 해약하는 게 이렇게 기쁜 날일 줄이야.	N	2022-10-09 01:55:45	2022-10-09 01:55:45
BE22025877	14	1	당신이 하는 일은 항상 결과가 좋은 것 같아. 당신이 참 야무지고 꼼꼼하니 이게 다 당신이 노력이 만들어낸 것만 같아. 정말 고마운 사람이야.	N	2022-10-09 01:55:45	2022-10-09 01:55:45
BE22025877	15	0	여보, 빨리 퇴근해서 우리 이 기쁜 날을 함께 축하하면 좋겠어. 오늘 맛있는 식사 함께 하자.	Y	2022-10-09 01:55:45	2022-10-09 01:55:45
