id	utterance_id	utterance_type	utterance_text	terminate	regDate	updDate
BE22010977	1	0	여보, 저녁으로 피자를 주문했는데 양이 굉장히 넉넉하게 왔어요. 이 가격에 이 정도 양이라니 횡재 한 것 같아서 기쁘네요. 여기 양도 많이 주고 맛있어서 아주 만족스러워서 우리 동네 맛집으로 찜해둬야겠어요.	N	2022-07-22 05:42:28	2022-11-08 04:34:58
BE22010977	2	1	당신의 문자만 읽어도 기쁨이 느껴지는데요. 맛집 찾는 걸 좋아하는 당신인데 양도 많고 가격도 적당하다니 정말 좋네요. 당신의 맛집 리스트에 추가하면 딱 맞겠어요.	N	2022-07-22 05:42:28	2022-11-08 04:34:58
BE22010977	3	0	그래서 피자를 먹으면서 리뷰도 열심히 쓰고 있어요. 이렇게 맛있는 집은 더 유명해질 필요가 있잖아요. 이런 집이 인기 순위에 안 올라와 있다는 게 말이 안 되죠.	N	2022-07-22 05:42:28	2022-11-08 04:34:58
BE22010977	4	1	역시 마음씨까지 고운 당신이에요. 어떤 사람들은 자기만 알고 있는 맛집이라면서 안 알려주고 별점까지 테러하고 그런데요. 반면 널리 다 알기를 좋아하는 당신이 참 멋있어요.	N	2022-07-22 05:42:28	2022-11-08 04:34:58
BE22010977	5	0	그런 사람들을 보면 이해가 안 돼요. 남의 행복을 바라지 않는 사람들은 자신도 행복해질 자격이 없는 것 같아요. 그러나저러나 이 피자 너무 맛있고 넉넉해서 기쁘네요.	N	2022-07-22 05:42:28	2022-11-08 04:34:58
BE22010977	6	1	피자를 별로 안 좋아하는 당신이 이렇게 칭찬하는 당신이 너무 신기하고 귀여워요. 그리고 그 피자 저도 너무 먹고 싶어졌어요.	N	2022-07-22 05:42:28	2022-11-08 04:34:58
BE22010977	7	0	제가 안 좋아해도 당신이 좋아하잖아요. 야근 때문에 집에도 못 들어오고 있는데 조금 있다가 집 와서 먹으라고 냉장고에 넣어 뒀어요. 당신을 위해서 시킨 피자가 맛있고 양도 넉넉해서 좋아할 당신 생각하니 기뻐요.	N	2022-07-22 05:42:28	2022-11-08 04:34:59
BE22010977	8	1	오늘 야근 때문에 많이 지쳤는데 배려심 깊은 당신으로 하루의 피로가 다 풀려요. 어떻게 당신은 이렇게 나를 생각해 주는지 그 배려심에 자주 깜짝 놀라요. 나를 위해 주문한 피자 얼른 먹고 싶네요.	N	2022-07-22 05:42:28	2022-11-08 04:34:59
BE22010977	9	0	당신이 기쁘면 저도 기쁜 걸 요. 주문한 피자의 양이 넉넉해서 기쁜 마음이 당신의 문자로 더 기뻐진 걸 아나요? 저는 당신이 좋아하는 건 다 해주고 싶은 마음이에요.	N	2022-07-22 05:42:28	2022-11-08 04:34:59
BE22010977	10	1	제가 결혼을 너무 잘한 거 같아요. 다른 사람들은 단순히 피자 때문에 저 정도 감동하냐고 핀잔을 줄 수도 있지만 요. 그런데 사소한 것부터 나를 생각하는 마음이 있다고 생각하면 이야기가 달라지죠.	N	2022-07-22 05:42:28	2022-11-08 04:34:59
BE22010977	11	0	저도 그래요. 오늘도 피자의 양이 넉넉해서 당신이 제일 먼저 떠올랐어요. 이게 다 당신이 나한테 잘해줘서 그런 거죠. 세상에서 주기만 해도 아깝지 않은 당신이 있어서 행복하고 기뻐요.	N	2022-07-22 05:42:28	2022-11-08 04:34:59
BE22010977	12	1	당신의 이런 진심 어린 문자를 읽으니 행복해서 눈물이 날 것 같네요. 회사에서 사람들과 같이 야근하는데 눈물을 참아야 해서 혼났네요. 역시 당신은 나에게 기쁜 과 감동을 주는 사람이에요.	N	2022-07-22 05:42:28	2022-11-08 04:34:59
BE22010977	13	0	저녁으로 피자를 주문했는데 양이 넉넉했던 사건이 우리의 사랑을 다시 확인하는 계기가 되어서 기쁘네요. 양이 많아서 기쁜 것보다 비교할 수 없는 더 큰 기쁨이 생겨서 너무 행복하네요.	N	2022-07-22 05:42:28	2022-11-08 04:34:59
BE22010977	14	1	저도 그래요. 당신이 나를 위해 시켜준 피자가 있는 우리의 집으로 어서 퇴근하고 싶네요. 집에서 당신과 시시콜콜한 이야기를 하면서 있는 게 저의 제일 큰 기쁨인 걸 요.	N	2022-07-22 05:42:28	2022-11-08 04:34:59
BE22010977	15	0	당신과 문자를 나누면서 저녁으로 피자를 주문해서 양이 넉넉함에 기쁨을 느낀 마음이 더욱 커졌어요. 항상 내 곁에서 나를 응원하고 격려해주는 당신이 있어서 행복해요.	Y	2022-07-22 05:42:28	2022-11-08 04:34:59
