id	utterance_id	utterance_type	utterance_text	terminate	regDate	updDate
BE22001749	1	0	여보. 오늘 많이 늦을까?	N	2022-06-16 14:36:10	2022-11-08 03:35:44
BE22001749	2	1	음, 아니. 오늘은 야근 안 하고 퇴근시간 딱 맞춰서 할 거 같아. 왜?	N	2022-06-16 14:36:10	2022-11-08 03:35:44
BE22001749	3	0	오늘 시장에서 감자가 싸길래, 내가 잔뜩 사왔거든. 여보 감자 좋아하잖아. 그래서 이것저것 많이 만들어봤어!	N	2022-06-16 14:36:10	2022-11-08 03:35:44
BE22001749	4	1	오, 정말? 나 그럼 기대해도 되는 거야?	N	2022-06-16 14:36:10	2022-11-08 03:35:44
BE22001749	5	0	물론이지! 내 요리 실력 몰라? 내가 조금씩 다 맛봤는데 진짜 완벽해. 나는 요리천재인가봐. 기분이 너무 좋다.	N	2022-06-16 14:36:10	2022-11-08 03:35:44
BE22001749	6	1	여보 요리 실력이야 항상 수준급이지. 같이 사는 내가 그걸 몰라서야 되겠어? 요리 완성해놓고 좋아하는 당신 보니까 나도 절로 흡족하네.	N	2022-06-16 14:36:10	2022-11-08 03:35:44
BE22001749	7	0	정말? 아마 퇴근하고 집에 와서 내 요리를 먹으면 기분이 더 좋아질 거야! 여보가 맛있게 먹어줄 거 생각하니까 미소가 절로 나오는걸?	N	2022-06-16 14:36:10	2022-11-08 03:35:44
BE22001749	8	1	그럼, 당연하지! 난 여보 음식 먹을 때마다 항상 너무 맛있어서 행복해진다고. 상상만 해도 지금 너무 행복해진다.	N	2022-06-16 14:36:10	2022-11-08 03:35:44
BE22001749	9	0	여보가 행복하게 내 감자요리를 먹는 거만 생각하고 만들었지! 그 생각이 요리에 화룡점정이 됐나봐. 평소보다 더 맛있어.	N	2022-06-16 14:36:10	2022-11-08 03:35:44
BE22001749	10	1	우리 여보의 정성이 바로 화룜점정이지!아직 퇴근시간 되려면 좀 있어야 하는데 벌써부터 엉덩이가 들썩 거려서 어쩌지?	N	2022-06-16 14:36:10	2022-11-08 03:35:44
BE22001749	11	0	여보 엉덩이 들썩거리면서 얼른 집에 오려고 하는 모습이 상상된다. 내 감자요리가 그렇게 기대돼? 나 지금 막 웃음이 비집고 나와.	N	2022-06-16 14:36:10	2022-11-08 03:35:44
BE22001749	12	1	여보 요리는 항상 기대가 되지만, 오늘은 당신이 너무 만족스러워 하니까 더 기대되는 거 있지? 지금 나도 문자 하면서 막 웃고 있어.	N	2022-06-16 14:36:10	2022-11-08 03:35:44
BE22001749	13	0	코로나 때문에 사무실에서 마스크 쓰고 있어서 다행이다. 여보가 바보처럼 웃고 있는 모습 엄청 웃길 거 같아. 아무튼 얼른 퇴근해서 감자요리 먹으러 오세요!	N	2022-06-16 14:36:10	2022-11-08 03:35:44
BE22001749	14	1	네. 알겠습니다. 퇴근하고 바로 달려갈게요.	Y	2022-06-16 14:36:10	2022-11-08 03:35:44
