id	utterance_id	utterance_type	utterance_text	terminate	regDate	updDate
BE22016140	1	0	여보, 점심에 우리 딸이랑 손을 잡고 산책했어. 안 울고 참 재밌어했어.	N	2022-08-29 04:08:04	2022-11-08 05:07:25
BE22016140	2	1	어머나, 둘이서 산책을 다녀왔구나. 아장아장 잘 걸어가는 모습을 상상하니 귀엽다.	N	2022-08-29 04:08:04	2022-11-08 05:07:25
BE22016140	3	0	기어 다니던 것도 얼마 안 된 것 같았는데 신기해. 어느새 이렇게 커서 나랑 손을 잡고 산책하게 됐네. 새삼 감격스럽고 참 기뻐.	N	2022-08-29 04:08:04	2022-11-08 05:07:25
BE22016140	4	1	그러게나 말이야. 막 태어나서 꼬물거리던 게 엊그제 같은데 벌써 걸어 다니네. 언제 이렇게 컸나 몰라.	N	2022-08-29 04:08:04	2022-11-08 05:07:25
BE22016140	5	0	우리 딸이 작게 태어나고 발달이 느려서 우리가 항상 걱정이 많았잖아. 아이들 크는 거 보면 참 놀랍고, 감사해. 우리 딸 덕분에 정말 행복하고 기쁨이 넘쳐.	N	2022-08-29 04:08:04	2022-11-08 05:07:25
BE22016140	6	1	당신이 우리 딸이랑 산책하면서 행복해하는 걸 보니까 나도 덩달아서 기쁘고 마음이 흐뭇하다. 아빠가 행복하니 딸도 행복할 거야. 다정하고 자상한 아빠를 둔 우리 딸이 참 복이 많다.	N	2022-08-29 04:08:04	2022-11-08 05:07:25
BE22016140	7	0	그렇게 말해줘서 고마워. 난 그동안 내가 참 못난 아빠라고 생각했거든. 밤에 우는 것도 못 달래주고, 어리광 부리는 것도 잘 안 받아준 것 같아서.	N	2022-08-29 04:08:04	2022-11-08 05:07:25
BE22016140	8	1	에이, 무슨 그런 섭섭한 소리를 해. 당신처럼 자상하고 행복하게 아이를 돌보는 사람은 흔치 않아. 당신의 노력과 사랑으로 우리 가족이 이렇게 행복할 수 있는 거라서, 당신에게 언제나 고마워.	N	2022-08-29 04:08:04	2022-11-08 05:07:25
BE22016140	9	0	당신이 그렇게 칭찬해주니까 기분이 날아갈 것처럼 기뻐. 우리 딸도 그렇게 생각해주면 참 좋을 텐데.	N	2022-08-29 04:08:04	2022-08-29 04:08:04
BE22016140	10	1	당연히 우리 딸도 당신이 아빠라서 행복하다고 생각할 거야. 오늘도 봐, 당신이랑 손을 잡고 산책을 잘 다녀왔잖아. 나는 당신의 따뜻함과 사려 깊은 마음이 우리 딸에게 잘 전달될 거라고 믿어.	N	2022-08-29 04:08:04	2022-11-08 05:07:25
BE22016140	11	0	이런 칭찬을 듣다니 앞으로 더 잘해야겠는걸? 당신의 칭찬에 더욱 힘이 난다. 못난 아빠라는 걱정은 덜어야겠어.	N	2022-08-29 04:08:04	2022-11-08 05:07:25
BE22016140	12	1	그래, 잘 생각했어. 당신처럼 좋은 아빠는 자신감을 가져도 된다고! 나는 당신을 언제나 응원해.	N	2022-08-29 04:08:04	2022-11-08 05:07:25
BE22016140	13	0	고마워. 이제 우리 딸이랑 당신 퇴근할 때까지 기다리면서 놀아줄게. 퇴근길 조심히 와.	N	2022-08-29 04:08:04	2022-11-08 05:07:25
BE22016140	14	1	응, 얼른 퇴근해서 갈게. 잘 놀아주고 있어.	Y	2022-08-29 04:08:04	2022-08-29 04:08:04
