id	utterance_id	utterance_type	utterance_text	terminate	regDate	updDate
BE22005219	1	0	여보 나 지난번 생일 때 커피 쿠폰을 너무 많이 받아서 아직도 많이 남아있었거든요.	N	2022-06-29 12:53:23	2022-11-08 03:57:59
BE22005219	2	1	당신은 아직도 친구들에게 생일선물도 많이 받고 우리 부인 인기가 많아서 참 기분이 좋네.	N	2022-06-29 12:53:23	2022-11-08 03:57:59
BE22005219	3	0	생일 때 서로서로 챙겨주는 습관이 생기다 보니 그런 거죠. 근데 이거 유효기간 내에 다 써야 하는데 당신 필요 없어요?	N	2022-06-29 12:53:23	2022-11-08 03:57:59
BE22005219	4	1	하루 종일 사무실에서 있는 내가 커피숍에 갈 일이 뭐 있겠어? 당신 친구들 만날 때마다 쓰는 게 좋지.	N	2022-06-29 12:53:23	2022-11-08 03:57:59
BE22005219	5	0	저도 그렇게 많이 필요 없어요. 그래서 그중 몇 개의 쿠폰으로 커피숍에서 파는 원두를 구입했어요. 당신 사무실에서 원두는 필요하잖아요.	N	2022-06-29 12:53:23	2022-11-08 03:57:59
BE22005219	6	1	정말 좋은 생각인데? 당신은 어쩜 그렇게 지혜로운 생각을 했어?	N	2022-06-29 12:53:23	2022-11-08 03:57:59
BE22005219	7	0	선물 받은 쿠폰에 맞추느라 가끔 별로 먹고 싶지 않은 것까지 주문하면 아깝다는 생각이 들었었거든요.	N	2022-06-29 12:53:23	2022-11-08 03:57:59
BE22005219	8	1	그래 맞아. 나도 가끔 그런 경우가 있어서 안 마셔도 되는 걸 일부러 주문하기도 했었지.	N	2022-06-29 12:53:23	2022-11-08 03:57:59
BE22005219	9	0	선물해 준 친구들에게 감사하는 마음에서라도 꼭 필요한 걸 구입해야겠다는 생각이 들었거든요. 원두로 사서 두면 집에서도 사무실에서도 한참을 먹을 수 있잖아요.	N	2022-06-29 12:53:23	2022-11-08 03:57:59
BE22005219	10	1	당연하지. 우리는 늘 그렇게 먹고 있었으니, 좋은 원두를 사무실에 두면 직원들도 좋아할 거 같은데?	N	2022-06-29 12:53:23	2022-11-08 03:57:59
BE22005219	11	0	집에서 두고두고 먹을 수 있겠다 생각했는데 당신에게도 나누어 줄 수 있겠네요. 당신도 필요하다 생각하니 더 기분이 좋은데요?	N	2022-06-29 12:53:23	2022-11-08 03:57:59
BE22005219	12	1	친구들에게 인기 많은 당신 덕분에 사무실 직원들에게 자랑할 거리도 생겨서 내가 더 기분이 좋네.	N	2022-06-29 12:53:23	2022-11-08 03:57:59
BE22005219	13	0	당신이 우리 가족을 위해 열심히 일하는데 커피 정도는 얼마든지 내조할 수 있답니다.	N	2022-06-29 12:53:23	2022-11-08 03:57:59
BE22005219	14	1	당신 친구들에게도 맛있는 커피 감사히 잘 먹겠다고 전해줘. 아침마다 커피 마시면서 당신에게 고마워해야겠다.	N	2022-06-29 12:53:23	2022-11-08 03:57:59
BE22005219	15	0	그렇게 생각해 주니 왠지 공짜로 생색내는 것 같아 내 기분이 더 좋아지네요.	Y	2022-06-29 12:53:23	2022-11-08 03:57:59
