id	utterance_id	utterance_type	utterance_text	terminate	regDate	updDate
BE22020845	1	0	자기야, 나 오늘 친구 소개 받았는데 잘 맞는 것 같아.	N	2022-09-23 04:46:49	2022-09-23 04:46:49
BE22020845	2	1	오, 어떤 사람이길래 그래?	N	2022-09-23 04:46:49	2022-09-23 04:46:49
BE22020845	3	0	치킨 시켰는데 닭 가슴살 만 먹는 사람이더라고. 자기, 내가 가족들이랑 먹으면 항상 양보한다고 닭 가슴살 만 먹는 거 알지? 근데 근데 그 사람이 그것만 먹으니까 내가 오랜만에 다른 부위 먹을 수 있어서 기쁘더라고.	N	2022-09-23 04:46:49	2022-11-08 05:39:11
BE22020845	4	1	오, 자기 간만에 누린 행복이라 더 기쁘겠다! 그런 소소한 행복 나도 알지! 자기 신난 게 눈 앞에 그려질 정도야.	N	2022-09-23 04:46:49	2022-11-08 05:39:11
BE22020845	5	0	응, 가족들은 다 닭 가슴살 텁텁하다고 다른 부위 먼저 먹거든. 그래서 나 치킨 먹을 때면 포기하고 양보하거나 신경전을 치르는데 그 사람이랑은 안 그래도 돼. 그래서 치킨 느긋하게 먹을 수 있어서 신나니까 하루가 행복하게 느껴지더라.	N	2022-09-23 04:46:49	2022-11-08 05:39:11
BE22020845	6	1	맞아, 그런 것들이 모여 행복을 만들잖아. 나도 평소 다른 사람한테 양보했다가 내가 그걸 누리면 정말 기분 좋더라고. 사실 그런 거 보면 참 행복이 삶의 원동력같아, 그치?	N	2022-09-23 04:46:49	2022-09-23 04:46:49
BE22020845	7	0	응, 그리고 음식 뿐만 아니라 대화할 때 리액션도 좋더라고. 앞으로도 자주 만나고 싶다는 생각이 들 정도야. 치킨 뿐만 아니라 대화도 잘 통해서 온종일 마음이 들뜨더라!	N	2022-09-23 04:46:49	2022-09-23 04:46:49
BE22020845	8	1	마음이 잘 통하는 사람이랑 시간 보내면 정말 즐겁고 기분이 좋아지지! 축복이 자기한테 찾아온 거 보니 오늘 자기의 날인가 봐.	N	2022-09-23 04:46:49	2022-11-08 05:39:11
BE22020845	9	0	이제 치킨 먹고 싶을 때면 닭 가슴살만 먹는 이 사람과 먹으려고! 친구가 나랑 잘 맞을 것 같다고 전부터 소개해주고 싶다고 해서 이번에 만난 거거든. 그래도 지금이라도 만나서 정말 기분이 매우 좋아져!	N	2022-09-23 04:46:49	2022-11-08 05:39:11
BE22020845	10	1	자기가 그렇게 신나하는 거 보니 나도 기분이 좋아지네. 아마 자기가 좋은 사람이라서 잘 맞은 것도 있겠지? 자기처럼 좋은 사람한테 좋은 만남이 온 것 같아서 기뻐.	N	2022-09-23 04:46:49	2022-11-08 05:39:11
BE22020845	11	0	그렇게 말해줘서 고마워. 그 사람도 내가 잘 맞다고 생각할까? 나는 닭고기살을 안 먹으니까 말이야.	N	2022-09-23 04:46:49	2022-09-23 04:46:49
BE22020845	12	1	아무래도 당연히 자기 괜찮은 사람이라 생각하겠지. 자기처럼 좋은 사람이 어디 있다고 말이야. 그러니 자기를 믿고 자신감을 가져!	N	2022-09-23 04:46:49	2022-11-08 05:39:11
BE22020845	13	0	자기 말처럼 그랬으면 좋겠다. 그렇게 말해주니까 더 기분이 좋아지네!	N	2022-09-23 04:46:49	2022-09-23 04:46:49
BE22020845	14	1	잘 맞는 사람 만나서 참 다행이야. 그 기분 계속 지속되기를 바랄게!	N	2022-09-23 04:46:49	2022-09-23 04:46:49
BE22020845	15	0	응, 덕분에 좋은 하루로 마무리할 수 있을 것 같아!	Y	2022-09-23 04:46:49	2022-09-23 04:46:49
