id	utterance_id	utterance_type	utterance_text	terminate	regDate	updDate
BE22000413	1	0	식기세척기를 구입한 뒤로 설거지하는 시간이 대폭 줄었어. 정말 잘 산 것 같아!	N	2022-06-13 02:03:56	2022-11-08 03:26:56
BE22000413	2	1	여보가 기뻐하니까 나도 기쁘다. 진작 사줄 걸 그랬어.	N	2022-06-13 02:03:56	2022-11-08 03:26:56
BE22000413	3	0	아니야. 오랫동안 갖고 싶어 해서 더 기쁜 것일 수도 있어. 쉽게 얻었다면 지금처럼 설거지하는 시간이 즐겁지는 않았을 거야.	N	2022-06-13 02:03:56	2022-11-08 03:26:56
BE22000413	4	1	여보는 참 현명하고 검소한 것 같아. 무엇이든 쉽게 사거나 쉽게 버리질 않잖아. 물건의 쓸모를 깊이 고민해 보고 구매하니까 만족도가 항상 높은 것 같아서 나도 그런 소비 습관을 배우고 싶게 해.	N	2022-06-13 02:03:56	2022-11-08 03:26:56
BE22000413	5	0	그렇게 말해주니 내가 엄청 좋은 사람이 된 것 같잖아? 안 그래도 기분이 좋은데 더 날아갈 것 같다.	N	2022-06-13 02:03:56	2022-11-08 03:26:56
BE22000413	6	1	좋은 사람이지. 사실 내가 식기세척기 사주고 싶다고 말했을 때 바로 받을 줄 알았어. 그런데 여보가 한참을 고민하는 거 보고 나 정말 결혼 잘했구나 싶었어.	N	2022-06-13 02:03:56	2022-11-08 03:26:56
BE22000413	7	0	내 마음을 잘 알아줘서 내가 더 고마워. 요즘은 밥할 때도 즐겁고 밥상을 차리는 일도 얼마나 편해졌다고. 예전에는 설거지 거리가 늘어날까 봐 계속 계산하면서 음식을 준비했거든.	N	2022-06-13 02:03:56	2022-11-08 03:26:56
BE22000413	8	1	맞아. 특히 저녁 메뉴가 좀 다채로워지면 최대한 그릇을 덜 쓰고, 수저를 덜 써야겠다는 강박에 시달리곤 했잖아. 이제 그런 강박이 없어졌다고 생각하니까 여보가 얼마나 즐겁게 요리하고 있을지 상상이 가는데? 나라도 참 잘 샀다 싶겠어.	N	2022-06-13 02:03:56	2022-11-08 03:26:56
BE22000413	9	0	응. 진짜 올해 산 물건 중에 최고라니까! 가전제품 하나로 주부의 일이 이렇게 줄어들다니.	N	2022-06-13 02:03:56	2022-11-08 03:26:56
BE22000413	10	1	앞으로 필요한 가전제품 있으면 언제든지 말해. 여보가 그렇게 기뻐하고 웃는 모습 보니까 돈을 더 열심히 벌어서 다 사주고 싶은 마음이 들어.	N	2022-06-13 02:03:56	2022-11-08 03:26:56
BE22000413	11	0	에이. 아낄 땐 아껴야지. 나는 당분간 식기세척기 하나로 충분히 행복할 것 같으니 여보 쓰고 싶은 데에 써.	N	2022-06-13 02:03:56	2022-11-08 03:26:56
BE22000413	12	1	여보가 즐거워하는 걸 보는 게 내 기쁨이잖아! 여보 덕분에 돈을 벌 동기부여도 생기고 지금 나까지 얼마나 즐겁고 의욕이 샘솟는지 몰라.	N	2022-06-13 02:03:56	2022-11-08 03:26:56
BE22000413	13	0	그렇게 말해줘서 정말 고마워. 기쁨은 나눌수록 두 배가 된다는 말이 딱 맞나 봐. 여보랑 문자 하는 지금이 너무 행복해.	N	2022-06-13 02:03:56	2022-11-08 03:26:56
BE22000413	14	1	나 역시 마찬가지야. 오늘 저녁은 집에 가서 먹을게. 그리고 나도 식기세척기 한 번 사용해 봐야겠다!	N	2022-06-13 02:03:56	2022-11-08 03:26:56
BE22000413	15	0	응, 그러자. 이 조그만 아이의 위력에 놀라지 마.	Y	2022-06-13 02:03:56	2022-11-08 03:26:56
