id	utterance_id	utterance_type	utterance_text	terminate	regDate	updDate
BE22010367	1	0	여보, 나 요즘 정신과 의사 선생님과 이야기하면서 마음이 아주 편안해진 것 같아.	N	2022-07-20 02:03:10	2022-11-08 04:31:08
BE22010367	2	1	선생님이 자기랑 말이 잘 통하나 보네. 정말 다행이다 자기야.	N	2022-07-20 02:03:10	2022-11-08 04:31:08
BE22010367	3	0	처음에는 정신과에 가는 것도 너무 불안했는데, 지금은 선생님과 이야기하는 게 정말 좋아. 한 시간 동안 이야기하고 나면 엉켰던 마음이 다 풀어지는 것 같아.	N	2022-07-20 02:03:10	2022-11-08 04:31:08
BE22010367	4	1	자기가 처음에 정신과에 갈 때 걱정을 많이 해서 나도 불안했었거든. 좋은 의사 선생님을 만나고, 덕분에 마음이 조금씩 나아지고 있다는 게 정말 감사하다. 자기가 좋은 사람이라 좋은 선생님을 만나게 되었나 봐.	N	2022-07-20 02:03:10	2022-11-08 04:31:08
BE22010367	5	0	때로는 수십 년을 알고 지낸 사람들보다 나를 잘 알아주는 것 같아서 행복해. 사실 가장 가까운 가족들도, 친구들도 내 마음을 이해하지 못하는 사람들이 많잖아. 이렇게 좋은 분을 만나게 되어 정말 행운이야.	N	2022-07-20 02:03:10	2022-11-08 04:31:08
BE22010367	6	1	맞아, 가족이라고 해서 내 모든 걸 이해해줄 수 있는 건 아니더라. 반면 선생님처럼 처음 만난 사이더라도 잘 통하는 관계가 있더라고. 선생님을 통해서 우리 자기의 마음이 치유되었으면 좋겠어.	N	2022-07-20 02:03:10	2022-11-08 04:31:08
BE22010367	7	0	사람들과 달리 선생님은 내 모든 걸 이해해 줘. 내가 나약하다고 비난하지 않는 게 정말 감사하더라고. 드디어 내가 위로받을 수 있는 사람이 생겼다는 게 기뻐.	N	2022-07-20 02:03:10	2022-11-08 04:31:08
BE22010367	8	1	자기가 행복하다니 나도 행복해. 힘든 상황에서도 자기는 다른 사람들에게 감사할 줄 알고 기쁨을 발견할 수 있는 사람이야. 자기가 정말 자랑스럽다.	N	2022-07-20 02:03:10	2022-11-08 04:31:08
BE22010367	9	0	선생님과 함께 내 과거에 관해 이야기하고, 앞으로 어떻게 살아가야 할지 희망이 보이는 것 같아. 가슴이 이렇게 환희로 가득 찬 적은 처음이야. 나에게는 이제 당신도 있고, 좋은 의사 선생님도 있으니 열심히 살아보려고.	N	2022-07-20 02:03:10	2022-11-08 04:31:08
BE22010367	10	1	자기에게 열심히 살아보고자 하는 의지를 준 그 선생님께 정말 감사하다. 나도 나중에 기회가 되면 선생님을 한 번 꼭 뵙고 싶어.	N	2022-07-20 02:03:10	2022-11-08 04:31:08
BE22010367	11	0	그래, 자기 말대로 기회가 되면 선생님을 우리 집에 초대하는 것도 좋을 것 같아. 좋은 분이니, 우리 자기와도 말이 잘 통할 거야.	N	2022-07-20 02:03:10	2022-11-08 04:31:08
BE22010367	12	1	자기가 좋아하는 선생님이 어떤 분인지 나도 기대되는걸. 자기가 요즘 많이 행복해져서 다행이야.	N	2022-07-20 02:03:10	2022-11-08 04:31:08
BE22010367	13	0	곁에서 항상 나를 위로해 주는 자기가 있기 때문이지. 자기는 정말 좋은 아내야.	N	2022-07-20 02:03:10	2022-11-08 04:31:08
BE22010367	14	1	나는 자기 같은 남편을 만난 게 복이지. 앞으로 우리 행복하게 살자.	Y	2022-07-20 02:03:10	2022-11-08 04:31:08
