id	utterance_id	utterance_type	utterance_text	terminate	regDate	updDate
BE22027078	1	0	여보, 우리 아들이 그토록 원하던 기업에 이번에 취업했대요. 방금 연락받았어요. 	N	2022-10-11 12:59:52	2022-11-08 06:15:58
BE22027078	2	1	이야, 역시 우리 아들이야. 그동안 고생 무진장하더니 드디어 해냈네!	N	2022-10-11 12:59:52	2022-11-08 06:15:58
BE22027078	3	0	정말 대단하다니까요. 돌아보면 기어 다녔던 때가 엊그제 같은데 벌써 취업했어요. 어느새 이렇게 커서 회사에 다닌다고 하니 새삼 감격스럽고 기뻐요.	N	2022-10-11 12:59:52	2022-11-08 06:15:58
BE22027078	4	1	그러게 말이야. 태어나서 꼼지락거리던 게 금방 걸어 다니더니 어느새 이렇게 컸나 몰라. 당신이 그동안 고생 많았지.	N	2022-10-11 12:59:52	2022-11-08 06:15:58
BE22027078	5	0	아들 앞에선 말을 안 했어도 우리가 항상 그 애 걱정이 많았잖아요. 지나고 나니 이렇게 잘 컸는데 말이에요. 우리 아들 덕에 정말 행복하고 기뻐요.	N	2022-10-11 12:59:52	2022-10-11 12:59:52
BE22027078	6	1	당신이 행복해하는 걸 보니까 나도 덩달아서 기쁘고 마음이 흐뭇하다. 자상하고 언제나 믿어주는 엄마를 둔 우리 아들이 참 복이 많지.	N	2022-10-11 12:59:52	2022-11-08 06:15:58
BE22027078	7	0	그렇게 말해주니 고맙네요. 난 그동안 내가 아들한테 별것도 안 해준 것 같아 미안했거든요. 다른 엄마들보다 잘 못 해주고, 어리광도 잘 안 받아줬던 것 같아서요.	N	2022-10-11 12:59:52	2022-11-08 06:15:58
BE22027078	8	1	무슨 그런 섭섭한 소리를 해. 당신처럼 자상하게 아이를 대하는 엄마는 생각보다 흔치 않아. 당신이 사랑으로 우리 가족을 잘 돌봐줘서 이렇게 행복할 수 있으니 당신에게 언제나 고마워.	N	2022-10-11 12:59:52	2022-11-08 06:15:58
BE22027078	9	0	당신이 그렇게 칭찬해주니까 기분이 무척 기뻐서 마음이 가볍고 날아갈 것 같아요. 우리 아들도 당신처럼 날 좋게 생각해주면 참 좋을 텐데요.	N	2022-10-11 12:59:52	2022-10-11 12:59:52
BE22027078	10	1	당연히 우리 아들도 당신이 엄마인 게 다행이고 행복하다고 할 거야. 나는 당신의 배려심과 이해심, 따뜻함이 우리 아들을 잘 성장시킬 수 있게 만든 거라고 생각해.	N	2022-10-11 12:59:52	2022-11-08 06:15:58
BE22027078	11	0	이렇게 좋은 칭찬을 들으니 앞으로 더 잘해야겠다는 생각이 들어요. 지금처럼 우리 가족에게 계속 정성을 쏟고 잘 해주고 싶어요.	N	2022-10-11 12:59:52	2022-11-08 06:15:58
BE22027078	12	1	그럼 그럼. 당신은 좋은 엄마로서 자신감을 가져도 돼. 나는 당신을 언제나 응원하고 사랑해.	N	2022-10-11 12:59:52	2022-11-08 06:15:58
BE22027078	13	0	고마워요 여보. 우리 아들 올 때 맞춰서 맛있는 거 준비해야겠어요. 이따 퇴근 조심히 하고 집에서 봐요.	N	2022-10-11 12:59:52	2022-10-11 12:59:52
BE22027078	14	1	응, 우리 아들한텐 미리 이야기해주지 말고 몰래 해주자고. 일 끝나고 얼른 갈게.	Y	2022-10-11 12:59:52	2022-11-08 06:15:59
