id	utterance_id	utterance_type	utterance_text	terminate	regDate	updDate
BE22016050	1	0	우리 애가 벌써 이렇게 커서 독립하다니. 기분이 정말 오묘하고 뿌듯하네요. 이렇게 독립해서 이사 들어갈 집을 청소해주고 있자 하니 기쁘기도 하고.	N	2022-08-28 23:36:21	2022-11-08 05:06:53
BE22016050	2	1	우리 둘 다 같은 마음이잖아요. 나도 이 순간이 참 묘해요. 아이가 독립할 집을 청소해주면서 둘러보다 보면 기분이 좋으면서도 이 허전함은 뭘까 싶기도 하고.	N	2022-08-28 23:36:21	2022-11-08 05:06:53
BE22016050	3	0	맞는 말이에요. 아이가 다 커서 우리 품을 떠난다는 게 어쩐지 허전하기도 하지요. 하지만 무릇 하나의 기쁨 아니겠어요. 우리가 이만큼 아이와 함께 성장했다는 기쁨이 만연합니다.	N	2022-08-28 23:36:21	2022-11-08 05:06:53
BE22016050	4	1	맞아요. 자식을 키운다는 건 나도 함께 성장하는 일이라고들 하는데, 정말 많은 일이 있었고 고생도 했지요. 그래도 역시 기쁨 그 자체였고 이렇게 독립까지 해서 이사한다고 하니 새로운 기쁨으로 다가와요.	N	2022-08-28 23:36:21	2022-11-08 05:06:53
BE22016050	5	0	당신도 정말 아이 키우느라 고생 많았어요. 자식이란 게 내버려 둔다고 알아서 크는 잡초도 아니고. 쫓아다니며 입히고 먹이고 가르쳐야 하는 건데.	N	2022-08-28 23:36:21	2022-11-08 05:06:53
BE22016050	6	1	물론 힘들 때도 있었지만, 당신과 함께 가족을 이루고 새로운 일상을 헤쳐 나간다는 마음으로 이겨낼 수 있었다고 생각해요. 당신의 이런 자상한 마음 덕분에 늘 힘낼 수 있었어요.	N	2022-08-28 23:36:21	2022-11-08 05:06:53
BE22016050	7	0	나야말로 항상 나의 좋은 점을 이야기해주고 모든 일을 함께해주어서 고마워요. 당신이 함께하기에 늘 기쁨이 배가 된다고 느껴요.	N	2022-08-28 23:36:21	2022-11-08 05:06:53
BE22016050	8	1	그건 나도 마찬가지라서 따로 말할 필요조차 없는 말인걸요. 이 집 청소가 끝나고 아이가 이사하고 나서 우리 둘만 함께할 집도 같이 청소해요. 그럼 분명 또 다른 재미를 찾아서 허전함을 채울 수 있을 거 같아요.	N	2022-08-28 23:36:21	2022-11-08 05:06:53
BE22016050	9	0	당신 말이 맞아요. 자식 키우는 재미는 이제 다 갔지만 우리 둘이 함께할 시간은 앞으로도 많으니까요.	N	2022-08-28 23:36:21	2022-08-28 23:36:21
BE22016050	10	1	함께 한다는 생각이 늘 나를 들뜨게 해요. 당신도 그렇게 생각해주길 바라요. 그런다면 우린 분명 더 나은 마음으로 매일 조금이라도 더 행복할 수 있을 테니까요.	N	2022-08-28 23:36:21	2022-11-08 05:06:53
BE22016050	11	0	당신의 말들이 늘 나에게 새로움을 주고 행복을 준답니다. 지금처럼요. 이 집 청소가 아무리 힘들어도 웃음이 나고 기쁜 이유도 당신과 함께라는 것. 그리고 우리 아이가 조금이라도 더 행복하길 바라는 마음에서 오는 거겠죠.	N	2022-08-28 23:36:21	2022-08-28 23:36:21
BE22016050	12	1	맞아요. 나도 당신과 완전히 같은 마음이에요. 얼른 청소를 끝내고 집에 가서 이 기쁨을 아이와 함께 나눠보도록 해요.	N	2022-08-28 23:36:21	2022-11-08 05:06:53
BE22016050	13	0	이 집에 이사 와서 아이가 깨끗한 집에 좋아할 생각을 하니 흐뭇해지네요. 영상이라도 찍을 준비를 해야겠어요.	N	2022-08-28 23:36:21	2022-11-08 05:06:53
BE22016050	14	1	그거 좋은 생각인데요? 두고두고 돌려볼 수 있는 행복한 기억이 될 게 분명해요.	Y	2022-08-28 23:36:21	2022-11-08 05:06:53
