id	utterance_id	utterance_type	utterance_text	terminate	regDate	updDate
BE22007185	1	0	여보, 저녁 챙겨 먹었어?	N	2022-07-08 07:52:10	2022-11-08 04:10:45
BE22007185	2	1	응 아까 애들이랑 같이 잘 챙겨 먹었어. 당신은?	N	2022-07-08 07:52:10	2022-11-08 04:10:45
BE22007185	3	0	난 저녁 건너뛰고 스트레스 풀러 다녀왔어.	N	2022-07-08 07:52:10	2022-11-08 04:10:45
BE22007185	4	1	응? 밥도 안 먹고 어디 갔다 왔어?	N	2022-07-08 07:52:10	2022-11-08 04:10:45
BE22007185	5	0	요즘 사업이 잘 안 풀려서 내내 스트레스였잖아. 그래서 코인노래방 가서 신나게 노래 부르면서 소리 지르고 왔지.	N	2022-07-08 07:52:10	2022-11-08 04:10:45
BE22007185	6	1	어머, 고민이 많아 보이더니 스트레스 해소하려고 혼자 다녀온 거야?	N	2022-07-08 07:52:10	2022-11-08 04:10:45
BE22007185	7	0	응, 우리 직원이 본인은 스트레스를 노래 부르면서 푼다는 거야. 그 이야기 듣고 나도 한 번 다녀와 봤지.	N	2022-07-08 07:52:10	2022-11-08 04:10:45
BE22007185	8	1	그래서 스트레스는 좀 풀린 것 같아?	N	2022-07-08 07:52:10	2022-11-08 04:10:45
BE22007185	9	0	노래 부르는 게 스트레스가 풀려봤자 얼마나 풀리겠냐며 의심했는데 의외로 속이 시원하더라. 어차피 혼자 간 거라 사람들 눈치도 안 보고 냅다 질렀더니 기분이 좋아졌어.	N	2022-07-08 07:52:10	2022-11-08 04:10:45
BE22007185	10	1	큰 소리를 지르면 마음속 응어리를 토해내는 기분이라 스트레스가 해소되긴 할 것 같아. 신나는 노래 부르면서 푼 거라 기분도 덩달아 좋아졌겠네. 당신이 신날만하다.	N	2022-07-08 07:52:10	2022-11-08 04:10:45
BE22007185	11	0	앞으로 스트레스 쌓이면 종종 애용할 것 같아. 이러다 회사 근처 코인노래방 단골 되겠어.	N	2022-07-08 07:52:10	2022-11-08 04:10:45
BE22007185	12	1	그 정도로 말할 만큼 당신 기분이 좋아졌나 봐. 건전한 방법으로 스트레스 해소하려는 당신 너무 귀여워 보여. 스트레스 풀고 사업에 정진하려는 것 같아서 듬직하기도 하고.	N	2022-07-08 07:52:10	2022-11-08 04:10:45
BE22007185	13	0	사장이 스트레스 때문에 흔들리면 부하 직원들도 힘들 것 같아서 열심히 해소했지. 어때, 나 듬직해?	N	2022-07-08 07:52:10	2022-11-08 04:10:45
BE22007185	14	1	응, 엄청 듬직하고 멋있어. 내가 그래서 당신을 사랑하잖아.	N	2022-07-08 07:52:10	2022-11-08 04:10:45
BE22007185	15	0	여보가 칭찬해 주니까 스트레스가 아예 사라져버린 것 같아. 너무 기분 좋다.	N	2022-07-08 07:52:10	2022-11-08 04:10:45
BE22007185	16	1	오늘 고생했으니까 당신이 좋아하는 갈비찜 해줄게. 일 적당히 하고 들어와요.	N	2022-07-08 07:52:10	2022-11-08 04:10:45
BE22007185	17	0	응, 집에서 봐요 여보.	Y	2022-07-08 07:52:10	2022-11-08 04:10:45
