id	utterance_id	utterance_type	utterance_text	terminate	regDate	updDate
BE22019146	1	0	오늘 딸기 따기 체험 진짜 너무 재밌었어. 마지막엔 우리 딸이랑 잼도 만들었는데 얼마나 맛있게 됐는지 몰라. 당신도 같이 왔으면 정말 좋았을 텐데.	N	2022-09-20 14:11:53	2022-09-20 14:11:53
BE22019146	2	1	얘기만 들어도 얼마나 신이 났는지 다 느껴져서 나도 참 행복하다. 우리 딸이랑 즐거운 시간 보낸 것 같아 기뻐.	N	2022-09-20 14:11:53	2022-11-08 05:33:28
BE22019146	3	0	우리 딸이 워낙에 딸기를 좋아하잖아. 딸기를 원 없이 만지고 먹게 해줘서 얼마나 기뻤는지 몰라. 행복해하는 딸의 모습을 보니까 나도 행복해지더라.	N	2022-09-20 14:11:53	2022-11-08 05:33:28
BE22019146	4	1	행복한 딸을 보고 행복해진 당신이 참 사랑스러워. 그런 두 사람을 지켜보는 나 역시 참 기쁘고 행복하다.	N	2022-09-20 14:11:53	2022-11-08 05:33:28
BE22019146	5	0	내가 그동안 일에 매여서 우리 딸과 시간을 잘 보내지 못했잖아. 아빠로서 잘 해주지 못했던 시간들 때문에 마음이 힘들었는데 이렇게 같이 시간을 보내니 정말 좋아.	N	2022-09-20 14:11:53	2022-09-20 14:11:53
BE22019146	6	1	당신이 이렇게 딸이 좋아하는 걸 할 수 있게 해주는 게 참 멋있게 느껴져. 그걸 생각만 한 게 아니라 실천에 옮기는 실행력과 추진력이 참 대단해. 나도 우리 딸도 그런 당신이 있어서 참 다행이야.	N	2022-09-20 14:11:53	2022-09-20 14:11:53
BE22019146	7	0	그렇게 말해주니까 정말 고맙다. 우리 딸과 시간을 보내면서 육아휴직을 하길 정말 잘했다는 생각이 들어. 처음에 휴직을 할 때는 정말 고민이 깊었는데 후회 없는 선택이야.	N	2022-09-20 14:11:53	2022-11-08 05:33:28
BE22019146	8	1	당신이 정말 어렵게 마음 먹고 결정한 일인데 행복해하니까 보기가 참 좋다. 나는 당신의 결정을 언제나 지지해. 당신은 신중하고 생각이 깊으니까 이렇게 현명한 판단을 내릴 수 있는 거야.	N	2022-09-20 14:11:53	2022-11-08 05:33:28
BE22019146	9	0	당신의 이런 멋진 칭찬을 들으니까 기분이 날아갈 것 같이 좋아. 우리 딸이랑 좋은 경험을 많이 할 수 있어서 얼마나 행복한지 몰라. 우리 딸도 나랑 보내는 시간이 행복하겠지?	N	2022-09-20 14:11:53	2022-09-20 14:11:53
BE22019146	10	1	당연히 우리 딸도 그렇게 생각할 거야. 당신의 밝은 에너지와 따뜻하고 다정한 마음이 우리 딸에게 좋은 영향을 줄 거야. 장담컨대 당신은 정말 대단하고 멋진 아빠야.	N	2022-09-20 14:11:53	2022-09-20 14:11:53
BE22019146	11	0	당신의 지지와 칭찬에 정말 몸 둘 바를 모르게 기쁘다. 오늘 잼을 만들면서 정말 즐거웠는데 앞으로도 이런 일이 많았으면 좋겠어.	N	2022-09-20 14:11:53	2022-09-20 14:11:53
BE22019146	12	1	당신이 잘 하고 있으니까 좋은 추억이 앞으로도 계속 될 거야. 나랑도 같이 즐거운 추억 많이 쌓자. 우리 세 식구 지금처럼 행복하게 말이야.	N	2022-09-20 14:11:53	2022-11-08 05:33:28
BE22019146	13	0	응, 정말로 그렇게 살자. 나도 당신이랑 우리 딸이 있어서 정말 행복해. 이따 저녁에 보자.	N	2022-09-20 14:11:53	2022-09-20 14:11:53
BE22019146	14	1	그래, 나도 조심히 들어갈게. 당신은 정말 멋진 아빠이자 남편이야.	Y	2022-09-20 14:11:53	2022-09-20 14:11:53
