id	utterance_id	utterance_type	utterance_text	terminate	regDate	updDate
BE22001442	1	0	휴가 결재 나왔어?	N	2022-06-15 08:00:38	2022-11-08 03:33:44
BE22001442	2	1	암요, 나왔습니다. 이제 다음 주에 떠나기만 하면 돼.	N	2022-06-15 08:00:38	2022-11-08 03:33:44
BE22001442	3	0	꺅! 생각만 해도 너무 신나. 친구가 제주도 한번 내려오라고 그렇게 얘기했었는데 드디어 가게 됐네!	N	2022-06-15 08:00:38	2022-11-08 03:33:44
BE22001442	4	1	당신이 그렇게 들떠서 좋아하니까 지켜보는 사람도 덩달아 설레고 기대되고 뿌듯해. 마침내 우리가 간다, 제주도!	N	2022-06-15 08:00:38	2022-11-08 03:33:44
BE22001442	5	0	막연히 여행가는 거랑 제주살이를 하는 친구네 집에 방문하는 거랑 느낌이 전혀 다른 것 같아. 두근두근 기대감이 엄청나.	N	2022-06-15 08:00:38	2022-11-08 03:33:44
BE22001442	6	1	진짜 제주 주민의 삶을 바로 옆에서 함께 경험해보는 거라 전혀 모르니 더 흥미진진하고 떨리는 듯해. 나도 기대가 커.	N	2022-06-15 08:00:38	2022-11-08 03:33:44
BE22001442	7	0	귤도 따고 양파랑 당근도 캐고 친구가 사는 일상대로 나도 똑같이 해볼 거야. 여행자가 아니라 현지인처럼 지내보고 싶어!	N	2022-06-15 08:00:38	2022-11-08 03:33:44
BE22001442	8	1	그런 걸 욕심낼 줄은 몰랐는데 당신 진짜 대단하고 장하다. 발상 자체가 다른 사람이라 이번 휴가는 더 알차고 보람 있을 것 같아.	N	2022-06-15 08:00:38	2022-11-08 03:33:44
BE22001442	9	0	친구도 우리랑 만날 날을 하루하루 날짜만 꼽고 있대! 나도 빨랑 보고 싶어.	N	2022-06-15 08:00:38	2022-11-08 03:33:44
BE22001442	10	1	오래 그리워했던 친구랑 만나서 하루 종일 함께 지낼 예정이니 얼마나 더 즐겁겠어. 당신 덕분에 좋은 경험 앞두고 떨려서 일이 손에 안 잡혀.	N	2022-06-15 08:00:38	2022-11-08 03:33:44
BE22001442	11	0	빨리 다음 주 되면 좋겠다!	N	2022-06-15 08:00:38	2022-11-08 03:33:44
BE22001442	12	1	그러게. 눈 감았다 뜨면 바로 떠나는 날이 되는 거지.	N	2022-06-15 08:00:38	2022-11-08 03:33:44
BE22001442	13	0	나는 친구랑 밤새도록 얘기하느라 당신은 찬밥 취급할지도 몰라. 그래도 이해해줘.	N	2022-06-15 08:00:38	2022-11-08 03:33:44
BE22001442	14	1	이해하지 그럼. 난 두 분 주안상 차려서 바치는 역할 맡을게.	N	2022-06-15 08:00:38	2022-11-08 03:33:44
BE22001442	15	0	역시 내 남편이야. 고마워!	Y	2022-06-15 08:00:38	2022-11-08 03:33:44
