id	utterance_id	utterance_type	utterance_text	terminate	regDate	updDate
BE22008842	1	0	여보, 나 방금 드디어 계약 따내는 데 성공했어! 정말 너무 신나.	N	2022-07-14 07:17:24	2022-11-08 04:21:17
BE22008842	2	1	우리 여보 대단한 걸, 그 계약 때문에 우리 여보가 많이 힘들었잖아. 진심으로 축하해 여보.	N	2022-07-14 07:17:24	2022-11-08 04:21:17
BE22008842	3	0	이 계약 때문에 거의 1년을 고생한 것 같아. 이렇게 결실을 맺게 되니 정말 날아갈 것 같아. 내 회사 생활 중에 이렇게 행복한 적이 있었나 싶어.	N	2022-07-14 07:17:24	2022-11-08 04:21:17
BE22008842	4	1	그동안 정말 고생 많았어. 오랫동안 우리 여보가 얼마나 진심으로 열심히 했는지 지켜본 입장으로서 정말 기쁘다.	N	2022-07-14 07:17:24	2022-11-08 04:21:17
BE22008842	5	0	거래처 사장님께서 내가 1년 동안 변하지 않고 성실한 모습이 마음에 들었대. 계약 조건보다도 내 모습을 보고 신뢰가 쌓였다고 하시더라고. 내 노력이 헛되지 않았구나 싶어서 참 기뻤어.	N	2022-07-14 07:17:24	2022-11-08 04:21:17
BE22008842	6	1	맞아, 내가 거래처 사장님이었어도 자기와 꼭 계약하고 싶었을 것 같아. 조금은 무리한 요구를 하셔도 자기가 최대한 노력해드렸잖아. 자기는 최선을 다했고, 노력에 보상받을 자격이 충분히 있어.	N	2022-07-14 07:17:24	2022-11-08 04:21:17
BE22008842	7	0	팀장님께 말씀드렸더니, 어떻게 계약에 성공한 거냐고 신기해하셨어. 우리 팀에서 몇 년 동안 뚫지 못했던 거래처였거든. 팀원들의 칭찬을 받으니 자랑스럽기도 하고 신나기도 했어.	N	2022-07-14 07:17:24	2022-11-08 04:21:17
BE22008842	8	1	여보는 다른 사람들이 가지고 있지 않은 특별한 능력이 있어. 자기의 능력이 반짝반짝 빛나는 것 같아서 나도 신난다. 자기가 정말 자랑스럽고 멋있어.	N	2022-07-14 07:17:24	2022-11-08 04:21:18
BE22008842	9	0	내가 1년 동안 이 계약 때문에 무리하게 일을 해 왔잖아. 쉬는 날에도 거래처 사장님과 연락하고 말이야. 참고 기다려줘서 정말 고마워 자기야.	N	2022-07-14 07:17:24	2022-11-08 04:21:18
BE22008842	10	1	나는 자기를 위해서라면 얼마든지 기다려 줄 수 있어. 자기의 성공과 행복이 곧 나의 행복인걸.	N	2022-07-14 07:17:24	2022-11-08 04:21:18
BE22008842	11	0	그동안 참 서러운 일들도 많았는데, 내 노력이 다 보상받는 것 같아. 역시 아무도 알아주지 않아도 열심히 하면 좋은 결과가 찾아오나 봐.	N	2022-07-14 07:17:24	2022-11-08 04:21:18
BE22008842	12	1	당연하지, 하늘도 정성을 알아준다고 하잖아. 그리고 그 누구보다도 자신에게 떳떳한 마음이 드는 게 가장 중요하지.	N	2022-07-14 07:17:24	2022-11-08 04:21:18
BE22008842	13	0	항상 따뜻한 격려와 위로 고마워. 여보가 있어서 세상을 살아가는 게 든든해. 집에 가서 같이 축하 파티하자.	N	2022-07-14 07:17:24	2022-11-08 04:21:18
BE22008842	14	1	그래, 얼른 일 끝내고 집에 와. 일터에서 행복한 하루 보내.	Y	2022-07-14 07:17:24	2022-11-08 04:21:18
