id	utterance_id	utterance_type	utterance_text	terminate	regDate	updDate
BE22006586	1	0	여보, 마트에서 신선한 식재료를 사 들고 가는 길이야. 그것도 무척 저렴한 가격에 샀어.	N	2022-07-06 09:36:54	2022-11-08 04:06:50
BE22006586	2	1	마침 냉장고 안에 식재료가 떨어져 가던 참이었는데 잘됐네요. 어떻게 저렴한 가격에 사게 된 거예요?	N	2022-07-06 09:36:54	2022-11-08 04:06:50
BE22006586	3	0	인근 마트에서 늘 마감 세일을 하는데, 이때 좋은 물건들이 싼 가격에 팔리거든. 오늘 산 식재료도 거의 반값이라 기쁜 마음으로 가득 샀어. 얼마나 뿌듯한지 몰라.	N	2022-07-06 09:36:54	2022-11-08 04:06:50
BE22006586	4	1	정말 잘했네요. 나도 미처 모르고 있던 마감 세일을 알아내서 떨어져 가던 식재료도 사온 거예요? 당신 정말 센스가 넘치는걸요.	N	2022-07-06 09:36:54	2022-11-08 04:06:50
BE22006586	5	0	종종 마감 세일에서 좋은 제품을 찾아서 저렴하게 구했을 때면 정말 기분이 좋아. 정가에 샀을 때보다 왠지 더 합리적인 소비를 한 기분이 들어서 보람을 느끼거든.	N	2022-07-06 09:36:54	2022-11-08 04:06:50
BE22006586	6	1	그 기분 알아요. 꼼꼼하게 확인한 후에 가장 합리적인 가격에 구매를 성공했을 때 기쁨은 이루 말할 수 없죠. 당신이 현명한 소비로 보람을 느끼기까지 했다니 나까지 뿌듯한걸요.	N	2022-07-06 09:36:54	2022-11-08 04:06:50
BE22006586	7	0	맞아. 예전에는 내가 충동적으로 높은 가격대의 물건을 구매해서 당신을 곤란하게 만들곤 했지. 그 점을 반성하고 싶어서 요즘 들어 노력하고 있어. 마감 세일로 좋은 물건을 찾는 일도 생각보다 무척 재미있더라고.	N	2022-07-06 09:36:54	2022-11-08 04:06:50
BE22006586	8	1	당신이 그런 생각을 하고 있었다니, 얼마나 고마운지 몰라요. 나쁜 소비 습관을 고치려고 노력하는 모습이 정말 멋지고 대견해요. 내 남편이 이렇게 훌륭하다고 자랑하고 싶어질 정도인걸요.	N	2022-07-06 09:36:54	2022-11-08 04:06:50
BE22006586	9	0	그렇게 칭찬해주다니 몸 둘 바를 모르겠는걸. 앞으로도 마감 세일을 활용하면 지출을 줄이는 데 큰 도움이 될 것 같아. 충동구매를 하고서 후회할 때와는 달리 지금의 내 소비 생활은 아주 만족스럽다고 느껴.	N	2022-07-06 09:36:54	2022-11-08 04:06:50
BE22006586	10	1	그거 정말 좋은 일인걸요. 당신이 지금처럼만 해준다면 나도 더할 나위 없이 기쁠 거예요. 무엇보다 당신이 만족스러워한다니 얼마나 다행인지 몰라요.	N	2022-07-06 09:36:54	2022-11-08 04:06:50
BE22006586	11	0	응. 앞으로 필요한 물건이 있으면 내게 얘기해도 좋아. 퇴근하고 돌아오는 길이면 마감 세일 시간이랑 맞아 떨어져서, 내가 금방 사 올 수 있거든.	N	2022-07-06 09:36:54	2022-11-08 04:06:50
BE22006586	12	1	나야 물론 고맙지만, 당신이 퇴근하고서 피곤하지는 않을까 걱정이 되는걸요. 괜찮겠어요?	N	2022-07-06 09:36:54	2022-11-08 04:06:50
BE22006586	13	0	괜찮고말고. 아까 말했듯 나는 마감 세일에서 물건을 사는 일이 생각보다 제법 재미있거든. 오히려 퇴근하고 마트에 들릴 생각에 기대가 되기까지 하는걸?	N	2022-07-06 09:36:54	2022-11-08 04:06:50
BE22006586	14	1	정말요? 그렇다면 기꺼이 부탁하고 싶어요. 당신이 나서서 도와준다니 두 팔 벌려 환영인걸요. 고마워요, 여보.	N	2022-07-06 09:36:54	2022-11-08 04:06:50
BE22006586	15	0	당신을 도울 수 있다면 더더욱 기쁜 마음으로 임해야지. 앞으로는 장 보는 건 내게 맡겨줘.	Y	2022-07-06 09:36:54	2022-11-08 04:06:50
