id	utterance_id	utterance_type	utterance_text	terminate	regDate	updDate
BE22020561	1	0	여보, 날씨가 좋아지고 있어! 기쁘다!	N	2022-09-23 03:27:07	2022-11-08 05:37:31
BE22020561	2	1	정말이네? 우리 여보 기분 좋겠다!	N	2022-09-23 03:27:07	2022-11-08 05:37:31
BE22020561	3	0	오래전부터 계획했던 여행을 드디어 가는구나! 날씨마저 좋다니 너무 행복하다!	N	2022-09-23 03:27:07	2022-09-23 03:27:07
BE22020561	4	1	나는 당신이 친구들과 정말 행복한 시간을 보냈으면 해. 오래 계획했던 여행인 만큼 후회 없이 놀았으면 해!	N	2022-09-23 03:27:07	2022-11-08 05:37:31
BE22020561	5	0	그렇게 말해줘서 고마워! 이번 여행 때 수영복 입으려고 다이어트도 엄청 열심히 했는데. 비가 오지 않아서 다행이야!	N	2022-09-23 03:27:07	2022-09-23 03:27:07
BE22020561	6	1	우리 여보 그동안 다이어트한다고 고생 많이 했잖아. 아침에 일어나서 뛰고 저녁도 안 먹고 자전거 타고. 수영복 입고 활짝 웃는 당신이 기대돼!	N	2022-09-23 03:27:07	2022-11-08 05:37:31
BE22020561	7	0	해변에서 이쁘게 사진 찍어서 꼭 당신한테 보내줄게! 여행지 가서 입을 옷들도 잔뜩 사놨는데 비가 와서 못 입을 줄 알았어. 정말이지 다행이야.	N	2022-09-23 03:27:07	2022-11-08 05:37:31
BE22020561	8	1	비가 오지 않아서 당신이 모든 옷을 입을 수 있다니 정말 다행이야! 당신은 어떤 옷이든 잘 어울려서 아람다운 햇살 아래 최고의 사진을 얻을 거야!	N	2022-09-23 03:27:07	2022-11-08 05:37:31
BE22020561	9	0	이쁘게 말해주는 자기가 있어서 나는 참 든든해! 날씨가 너무 좋아서 날아갈 듯이 행복해!	N	2022-09-23 03:27:07	2022-09-23 03:27:07
BE22020561	10	1	여행하는 동안 날씨도 좋았으면 좋겠고 당신이 친구들과 행복한 시간을 보냈으면 좋겠어!	N	2022-09-23 03:27:07	2022-11-08 05:37:31
BE22020561	11	0	맛있는 음식도 잔뜩 먹고 올게! 날도 좋으니 야외에서 밥을 먹으면 딱 좋겠는데?	N	2022-09-23 03:27:07	2022-09-23 03:27:07
BE22020561	12	1	밖에서 이쁜 경치를 보면서 먹는 음식은 그야말로 금상첨화지! 나조차도 기대가 많이 되는걸?	N	2022-09-23 03:27:07	2022-11-08 05:37:31
BE22020561	13	0	엄청나게 기대돼! 가서 맛있는 거 많이 먹고 좋은 시간 보내고 올게!	N	2022-09-23 03:27:07	2022-09-23 03:27:07
BE22020561	14	1	꼭 행복한 시간을 보내길 바라. 일하면서 받았던 스트레스도 깨끗이 날려버리고 왔으면 해!	Y	2022-09-23 03:27:07	2022-09-23 03:27:07
