id	utterance_id	utterance_type	utterance_text	terminate	regDate	updDate
BE22022511	1	0	여보, 나 지금 자동차 계약했어요. 소음에 시달리기 싫어 전기차를 렌트하고 싶다고 했을 때 흔쾌히 승낙해줘서 고마워요. 아주 만족스럽고 기뻐요.	N	2022-09-29 01:54:54	2022-09-29 01:54:54
BE22022511	2	1	당신이 기쁘다니 저도 기분이 좋아요. 소리에 워낙 민감해서 그동안 소음 때문에 스트레스 많이 받았잖아요. 차 안에서 오랜 시간을 보내는데 마음이 편안한 게 중요하죠.	N	2022-09-29 01:54:54	2022-11-08 05:48:55
BE22022511	3	0	내 생각과 마음을 우선순위로 생각해 주니 참 감사해요. 사실 나도 가격 때문에 걱정이 많았거든요. 그래서 말을 할까 말까 고민을 많이 했어요.	N	2022-09-29 01:54:54	2022-09-29 01:54:54
BE22022511	4	1	돈 걱정을 안 했다고 하면 거짓말이겠지만 다행히 우리가 못 살 형편은 아니잖아요. 이렇게 부족함 없이 살 수 있는 건 당신이 부지런하게 열심히 운전해서 일했기 때문이에요. 당신 정말 고생 많았어요, 그래서 일할 때 조금이라도 편하게 해주고 싶었어요.	N	2022-09-29 01:54:54	2022-11-08 05:48:55
BE22022511	5	0	혼자 번 것도 아니고 당신도 같이 노력했는데 나 혼자만 누리는 것 같아 미안해요. 당신도 혹시 가지고 싶은 거나 사고 싶은 거 있으면 말해요. 생각해보니 나만 맨날 뭐 사달라고 하고 당신한테는 물어본 적이 없는 것 같아요.	N	2022-09-29 01:54:54	2022-09-29 01:54:54
BE22022511	6	1	갑자기 물어보니 생각나는 게 없는데 그래도 물어 봐줘서 고마워요, 생각나면 이야기할게요. 차를 대부분 당신이 이용하지만 나도 타니까 같이 누리는 거죠, 미안해할 필요 없어요. 오히려 당신이 물어보기 전에 먼저 신경 써 줄 걸 후회가 돼요, 혼자 고민하느라 힘들었죠.	N	2022-09-29 01:54:54	2022-11-08 05:48:55
BE22022511	7	0	아니에요 나도 양심이 있지, 우리 이사 때문에 큰돈 나간 지 얼마 안 됐잖아요. 그래서 참으려고 했는데 소음에 한 번 신경을 쓰기 시작하니 너무 거슬리더라고요. 좀 더 버텼어야 하는데 참을성이 없어서 미안해요.	N	2022-09-29 01:54:54	2022-09-29 01:54:54
BE22022511	8	1	당신이 참을성 없는 거면 이 세상에 참을성 있는 사람 아무도 없을 거예요. 원래 뭐든지 한 번 눈에 뜨이면 의지와 상관없이 계속 시선이 가잖아요. 다음부터는 혼자 끙끙대지 말고 같이 고민해요, 그래야 마음이 덜 불편하잖아요.	N	2022-09-29 01:54:54	2022-11-08 05:48:55
BE22022511	9	0	맞아요, 혼자 생각했을 때는 어떻게 해도 답이 안 나와서 포기하고 있었어요. 근데 당신한테 털어놓고 이야기를 나누다 보니 고민이 가벼워졌어요. 핑계라고 생각할 수 있는데 내가 힘들어하는 점을 단번에 이해하고 공감해주니 너무 기뻤어요.	N	2022-09-29 01:54:54	2022-09-29 01:54:54
BE22022511	10	1	슬픔은 나누면 반이 되고 기쁨은 나누면 배가 된다고 하잖아요, 앞으로도 무슨 일이든 얘기해요. 당신은 평소에도 검소하고 돈을 허투루 쓰는 사람이 아니니까 충분히 고심해서 얘기했을 거로 생각했어요. 가계에 부담이 될까 운전하는 동안 많이 힘들었을 텐데 오래 참았잖아요, 다 알아요 그래서 고마워요.	N	2022-09-29 01:54:54	2022-11-08 05:48:55
BE22022511	11	0	당신이 나를 믿어주니 자존감이 올라가는 것 같아요. 전에는 그러지 못했는데 당신 덕분에 내 삶이 참 긍정적으로 변했어요. 나도 당신 인생에 좋은 영향을 끼쳤을까요?	N	2022-09-29 01:54:54	2022-09-29 01:54:54
BE22022511	12	1	그럼요, 당신 존재 자체가 나한테는 긍정 에너지의 원천인걸요. 주위 사람은 당신의 거울이래요. 당신이 잘 해주기 때문에 나도 좋은 사람이 될 수 있는 것 같아요.	N	2022-09-29 01:54:54	2022-11-08 05:48:55
BE22022511	13	0	오늘 같은 날은 더 바랄 게 없네요. 이제 소음에서도 해방이고 좋은 아내도 있고 인생에서 지금처럼 만족스러웠던 적이 있을까 싶어요. 정말 기쁘고 행복해요.	N	2022-09-29 01:54:54	2022-09-29 01:54:54
BE22022511	14	1	당신이 행복해하니 나도 정말 기뻐요. 집에 오면 전기차 시승시켜 줘요. 우리 기분도 좋은데 드라이브가요.	N	2022-09-29 01:54:54	2022-11-08 05:48:56
BE22022511	15	0	당연하죠, 바로 집으로 갈게요. 좀 이따 만나요.	Y	2022-09-29 01:54:54	2022-09-29 01:54:54
