id	utterance_id	utterance_type	utterance_text	terminate	regDate	updDate
BE22007186	1	0	여보, 저 너무 기쁘고 행복해서 밥을 안 먹어도 배가 부르네요.	N	2022-07-08 07:53:42	2022-11-08 04:10:45
BE22007186	2	1	왜 그래요? 혹시 어제 예비사위 다녀간 거 때문에 그래요?	N	2022-07-08 07:53:42	2022-11-08 04:10:45
BE22007186	3	0	네, 당신도 알잖아요. 애가 곧 40이 돼가는데 결혼할 생각은 안 하고. 결혼 얘기만 꺼내면 이리저리 도망 다녀서 제가 얼마나 속상해했어요.	N	2022-07-08 07:53:42	2022-11-08 04:10:45
BE22007186	4	1	그렇죠. 당신이 우리 딸 이러다 노처녀로 혼자 외롭게 죽겠다고 걱정이 이만저만이 아니었잖아요. 그런데 갑자기 결혼하겠다고 남자 친구를 데리고 오니 저도 너무 기뻐서 환호를 지를 뻔했어요. 제가 이런데 걱정 많이 하던 당신은 얼마나 기쁘고 행복하겠어요.	N	2022-07-08 07:53:42	2022-11-08 04:10:45
BE22007186	5	0	저도 당신처럼 정말 소리 내서 환호성을 지를 뻔했어요. 얼마나 행복하고 기쁘던지 정말 오랜만에 세상 가장 기쁜 날이었어요.	N	2022-07-08 07:53:42	2022-11-08 04:10:45
BE22007186	6	1	맞아요. 저도 너무 기쁘더라고요. 당신이 행복해하고 기뻐하는 모습을 보니까 제 마음까지도 따뜻해지면서 뭉클해지는 게 얼마나 좋은지 몰라요. 거기다가 예비사위는 또 얼마나 반듯한지 너무 기뻐서 감사하다고 인사할 뻔했잖아요.	N	2022-07-08 07:53:42	2022-11-08 04:10:45
BE22007186	7	0	어머, 그러고 보니 저는 진짜로 예비사위한테 고마워요 라고 인사를 했네요. 너무 기쁜 나머지 고맙다는 말이 절로 나왔어요. 얼마나 예의 바르고 공손하던지 먹는 건 또 어쩔 그렇게 복스럽게 먹어요.	N	2022-07-08 07:53:42	2022-11-08 04:10:45
BE22007186	8	1	맞아요, 얘기 나누는데 생각도 올바르고 가치관도 아주 좋더라고요. 그리고 제일 기뻤던 건 우리 딸을 바라보는 눈빛이 제가 당신을 보는 눈빛이었어요. 사랑이 가득 담겨서 고마움과 사랑 그리고 존경심을 가진 눈빛으로 바라보더라고요.	N	2022-07-08 07:53:42	2022-11-08 04:10:45
BE22007186	9	0	당신도 느꼈어요? 저도 우리 딸이랑 예비사위가 서로를 대하는 모습을 보는데 얼마나 행복하던지. 진심으로 서로 사랑하고 아껴주더라고요. 우리 딸이 늦게까지 결혼 생각을 안 해서 걱정했는데 저렇게 멋진 사람을 만나려고 그랬나 봐요.	N	2022-07-08 07:53:42	2022-11-08 04:10:45
BE22007186	10	1	역시 당신을 닮아서 성격이 신중하고 매사에 사려 깊다니까요. 경솔하게 하지 않고 신중하게 생각해서 결정하느니라 우리에게 소개하는 게 늦어진 건가 봐요.	N	2022-07-08 07:53:42	2022-11-08 04:10:45
BE22007186	11	0	진짜 그런 거 같아요. 지금 얼마나 감사하고 기쁜지. 청소하다가 갑자기 기분이 또 너무 좋아져서 당신한테 문자를 하고 싶더라고요.	N	2022-07-08 07:53:42	2022-11-08 04:10:45
BE22007186	12	1	그럼요. 당신 기쁘거나 슬플 때 언제든 연락해 주면 저는 너무 좋죠. 당신 마음에 항상 제가 있다는 거니까요.	N	2022-07-08 07:53:42	2022-11-08 04:10:45
BE22007186	13	0	당신이 항상 저를 생각해 주고 사랑해 주는 게 오늘 문자에서도 느껴지네요. 너무 고마워요.	N	2022-07-08 07:53:42	2022-11-08 04:10:45
BE22007186	14	1	우리 딸 때문에 그동안 속상했을 당신을 생각하면 너무 안쓰러워요. 그동안 너무 고생했어요. 이제 딸 결혼하고 나면 우리 둘이 신혼처럼 다시 재미 있게 지낼 수 있겠네요.	Y	2022-07-08 07:53:42	2022-11-08 04:10:45
