id	utterance_id	utterance_type	utterance_text	terminate	regDate	updDate
BE22006493	1	0	여보, 내가 제일 좋아하는 작가가 다음 주에 장편소설을 발표한대. 진짜 너무너무 설레.	N	2022-07-06 05:27:47	2022-11-08 04:06:11
BE22006493	2	1	오, 진짜? 당신이 엄청 학수고대하고 있었는데 정말 신나겠다. 이번엔 어떤 장르의 작품인데?	N	2022-07-06 05:27:47	2022-11-08 04:06:12
BE22006493	3	0	미스터리물인데, 평상시에 작가가 도전하지 않았던 장르와 주제라서 더 기대되는 거 있지? 다음 주까지 어떻게 기다리지.	N	2022-07-06 05:27:47	2022-11-08 04:06:12
BE22006493	4	1	당신이 이렇게 설레어하는 거 오랜만에 보는데? 이렇게 기뻐하는 당신 보니까 나도 덩달아 들뜨는걸.	N	2022-07-06 05:27:47	2022-11-08 04:06:12
BE22006493	5	0	그 작가의 소설은 하나도 빼놓지 않고 읽었는데 다 만족스러웠어. 특히 바로 전 작품이 수작이라서 이번 소설이 더 기대가 돼.	N	2022-07-06 05:27:47	2022-11-08 04:06:12
BE22006493	6	1	그 작가의 소설들 난해하기로 유명하잖아. 그런데 그것들을 다 읽고 또 가장 좋아한다니 당신의 독서 취향과 수준이 대단히 뛰어난걸.	N	2022-07-06 05:27:47	2022-11-08 04:06:12
BE22006493	7	0	좀 무겁고 난해하긴 하지만 문장의 구조와 서사가 깊은 울림을 주기 때문에 정말 좋아. 그래서 다른 사람들에게도 많이 추천해.	N	2022-07-06 05:27:47	2022-11-08 04:06:12
BE22006493	8	1	당신이 추천한 소설들 중에서 실패한 책이 거의 없어. 나도 책을 많이 사지만 책을 고르는 안목은 당신을 따라갈 수가 없다니까.	N	2022-07-06 05:27:47	2022-11-08 04:06:12
BE22006493	9	0	하하. 당신이 책벌레라서 나도 덩달아 책을 좋아하게 된 건데 과찬이십니다.	N	2022-07-06 05:27:47	2022-11-08 04:06:12
BE22006493	10	1	청출어람이라는 말이 괜히 나왔겠어? 이제는 당신이 나보다 독서 수준이 훨씬 높아진 거 같아. 소설은 사전 예약했어?	N	2022-07-06 05:27:47	2022-11-08 04:06:12
BE22006493	11	0	당연하지. 발표 소식 듣자마자 인터넷 서점으로 달려갔지요.	N	2022-07-06 05:27:47	2022-11-08 04:06:12
BE22006493	12	1	부지런하기도 해라. 당신 같은 사람만 있으면 출판계에 불황 같은 건 닥칠 일 없겠는걸.	N	2022-07-06 05:27:47	2022-11-08 04:06:12
BE22006493	13	0	그러면 더 바랄 게 없지. 출판계가 활기를 띠어서 양질의 책이 더 많이 쏟아지면 좋겠어.	N	2022-07-06 05:27:47	2022-11-08 04:06:12
BE22006493	14	1	함께 책을 읽고 깊이 있게 책 이야기를 나눌 수 있어서 감사해. 같은 취향과 취미를 가진 아내와 사는 나는 복 받은 사람이야.	N	2022-07-06 05:27:47	2022-11-08 04:06:12
BE22006493	15	0	현직 편집자인 당신이 칭찬해 주니까 내가 대단한 사람이 된 거 같아. 앞으로 더 열심히 독서에 매진하겠습니다!	Y	2022-07-06 05:27:47	2022-11-08 04:06:12
