id	utterance_id	utterance_type	utterance_text	terminate	regDate	updDate
BE22022016	1	0	여보, 우리 올해 초가 가기 전에 아이들과 함께 가족사진 하나 찍으면 좋겠어요. 특별히 올해는 기쁘게도 우리 손녀가 태어난 해잖아요. 사진으로 남겨둔다면 두고두고 볼 때마다 너무 행복할 것 같아요.	N	2022-09-27 09:36:22	2022-11-08 05:46:00
BE22022016	2	1	그래요, 좋은 생각이네요. 당신 말처럼 행복한 시절을 사진 속에 담아두면 훗날 아이들에게도 좋은 추억이 될 것 같아요.	N	2022-09-27 09:36:22	2022-09-27 09:36:22
BE22022016	3	0	언제 우리 아이가 커서, 또 자신을 닮은 아이를 낳았는지. 나는 아직도 그 사실이 꿈같이 느껴질 때가 있어요. 믿어지지 않을 만큼 감사한 일이에요.	N	2022-09-27 09:36:22	2022-09-27 09:36:22
BE22022016	4	1	그러게요. 그 아이가 부모가 되기까지 당신이 키우느라 고생이 많았어요. 나 역시 아이들을 보며 감사함을 느끼지만, 그보다 당신을 보며 감사할 때가 많아요. 나와 결혼한 젊은 아가씨가 언제 이렇게 아름다운 할머니가 된 건지.	N	2022-09-27 09:36:22	2022-09-27 09:36:22
BE22022016	5	0	우리 아이들이 어렸을 적엔 형편이 넉넉치 않아 마땅한 가족사진 한 번 찍은 적이 없잖아요. 젊고 예뻤던 그 시절의 우리를 담아두지 못한 것 같아서 나는 그게 늘 마음에 걸렸어요.	N	2022-09-27 09:36:22	2022-09-27 09:36:22
BE22022016	6	1	그 힘들었던 시절을 견뎌준 당신을 생각하면 여전히 미안하고 마음이 아파요. 고마운 당신 덕분에 지금까지 올 수 있었어요. 비록 젊은 시절은 지나갔지만 당신은 여전히 아름다운 모습 그대로예요.	N	2022-09-27 09:36:22	2022-11-08 05:46:00
BE22022016	7	0	우리 딸이 처음 부모가 되었다는 사실을 알려왔을 때 생각나요? 임신과 출산이 얼만큼 힘든 일인지 겪어 봐서 그런가 너무 걱정이 되기도 하고. 자식이 태어난 기쁨이 얼만큼 큰일 인지 우리 딸도 겪을 거란 생각에 벅차기도 했어요.	N	2022-09-27 09:36:22	2022-11-08 05:46:00
BE22022016	8	1	엄마로서 당신의 마음을 모두 헤아릴 순 없지만, 나도 아빠로서 참 걱정스럽고 벅찼던 시간이었어요. 당신도 모두 다 처음 겪는 일이어서 엄마로서 딸을 어떻게 돌봐야 할지 어려움이 많았을 텐데. 잘 해내는 모습을 보며 참 멋지다고 생각했어요.	N	2022-09-27 09:36:22	2022-11-08 05:46:00
BE22022016	9	0	내가 임신을 했을 때는 그렇게 물어볼 사람도 없었고, 돌봐줄 사람도 없어서 겁났었으니까요. 우리 딸에게 그렇게 해줄 수 있어서 너무 기뻤어요.	N	2022-09-27 09:36:22	2022-09-27 09:36:22
BE22022016	10	1	당신이 갖지 못했던 것을 다른 이에게 베풀며 감사하다고 말하는 모습이 참 아름답네요. 당신의 그런 사랑과 베풂이 있었기에 우리가 이처럼 화목한 가족을 이룰 수 있었던 거예요. 고마워요.	N	2022-09-27 09:36:22	2022-11-08 05:46:00
BE22022016	11	0	지금에 와서야 웃으며 말 할 수 있지만. 사실 아이를 낳고 기르면서 엄마가 보고 싶고, 필요했던 순간이 너무 많았어요. 우리 딸에게는 최대한 오래 그런 엄마의 부재를 겪게 하고 싶지 않아요.	N	2022-09-27 09:36:22	2022-09-27 09:36:22
BE22022016	12	1	그래서 당신은 우리 딸이 필요로 하는 순간마다 곁을 지켜줬잖아요. 당신 덕분에 우리 딸이 사랑과 인정이 많은 사람으로 자라났어요. 우리 딸이 당신같은 엄마가 되고 싶다고 말하는 걸 볼 때면 나도 마음이 너무 뿌듯해요.	N	2022-09-27 09:36:22	2022-11-08 05:46:00
BE22022016	13	0	우리 딸이 나처럼 나이가 들어 과거를 회상할 때 너무 외롭거나 힘들었다고 생각하지 않았으면 좋겠어요. 생각만 해도 힘과 위로가 되는 엄마가 될 수 있도록 나도 최선을 다할 거예요.	N	2022-09-27 09:36:22	2022-09-27 09:36:22
BE22022016	14	1	그래요, 이미 당신은 충분히 힘과 위로가 되는 엄마로서 잘 하고 있어요. 지금처럼 우리 건강 관리도 잘 하며 아이들 곁에 남아있는 동안 행복한 추억을 많이 쌓아봅시다.	Y	2022-09-27 09:36:22	2022-11-08 05:46:00
