id	utterance_id	utterance_type	utterance_text	terminate	regDate	updDate
BE22024849	1	0	엄마, 너무 잘 알아서 아무 느낌 없던 초등학교 동창이 있거든요. 그런데 요즘 걔가 예뻐 보여요. 당혹스럽기는 한데 사귀자고 한번 말해볼까요?	N	2022-10-06 08:45:34	2022-10-06 08:45:34
BE22024849	2	1	아니, 우리 아들한테 드디어 여자친구가 생기는 건가? 오래 만나서 속속들이 알면서도 끌린다면 그게 진심이지. 아직 고백은 안 했어?	N	2022-10-06 08:45:34	2022-10-06 08:45:34
BE22024849	3	0	네, 혹시라도 서로 어색해질까 봐 고민만 하고 있어요. 새삼 이런 감정이 드는 것도 좀 당황이 되고, 친구 생각도 해야하니까요. 괜히 고백했다가 우정도 잃게 되는 건 아닌지 전전긍긍 고민이 많아요.	N	2022-10-06 08:45:34	2022-11-08 06:02:42
BE22024849	4	1	초등학생 때부터면 정말 오랜 친구인데 조심스럽고 고민되는 건 당연하겠지. 사랑을 찾을 수도 있지만 소중한 친구를 잃는 상황을 생각하면 정말 당혹스럽겠다. 이러지도 저러지도 못하고 고민하다 오죽하면 엄마한테 얘기를 했을까.	N	2022-10-06 08:45:34	2022-11-08 06:02:42
BE22024849	5	0	섬세한 여자들 마음은 제가 잘 모르니까 혹시 엄마한테 조언을 구할 수 있을까 생각했어요. 장난처럼 나만 한 남자는 어디 가도 없다고 슬쩍 흘렸는데 별 반응이 없더라고요. 걔는 저를 이성으로 본 적이 없다는 뜻일까요?	N	2022-10-06 08:45:34	2022-11-08 06:02:42
BE22024849	6	1	글쎄, 그거야 너무 갑작스러워서 그 친구도 당황했을 수 있잖아. 장난처럼 접근하기 보다는 그래도 진지하게 네 마음을 표현하는 게 더 좋을 수도 있지. 우선 혼란스러운 네 마음부터 확고한지 돌아보고.	N	2022-10-06 08:45:34	2022-11-08 06:02:42
BE22024849	7	0	틈만 나면 계속 그 애 생각만 하고있는 걸 보면 제 마음은 확실한 것 같아요. 다만 평생 친구로 곁에 있을 수도 있는데 사귀다가 잘 안될 경우를 상상하니 괴로운 거죠. 그 친구한테 제 마음을 강요하는 것도 곤란할 것 같고요.	N	2022-10-06 08:45:34	2022-11-08 06:02:42
BE22024849	8	1	네가 워낙 섬세하고 다정한 아이라 먼 미래까지 미리 고민하고 있구나. 그 오랜 세월 둘이 우정을 쌓아온 거라면 걔도 널 아주 좋은 친구로 여기고 있을걸. 남녀 사이에 오랜 친구가 그리 흔한 일은 아니잖아.	N	2022-10-06 08:45:34	2022-10-06 08:45:34
BE22024849	9	0	그건 그렇죠. 둘이 정말 대화도 잘 통하고 어려울 때 큰 힘이 되는 사이에요. 그렇기 때문에 혹시라도 고백했다 거절당하면 저도 걔도 타격이 클 것 같아서 당혹스러운 거죠.	N	2022-10-06 08:45:34	2022-11-08 06:02:42
BE22024849	10	1	그 정도 사이라면 둘이 인간적으로 애정이 깊고 신뢰도 많이 쌓인 것 같구나. 엄마가 보기엔 둘이 안 사귀는 게 오히려 이상할 정도로 사랑스러운 한 쌍인데? 네가 고백을 해도 우정이 소중한 만큼 서로 조심스레 진심으로 사랑을 키워나갈 것 같은 느낌이야.	N	2022-10-06 08:45:34	2022-11-08 06:02:42
BE22024849	11	0	그럴까요? 빗방울이 쌓여 흘러넘치듯이 어느새 저도 그 친구에 대한 마음이 깊어져 넘치려나 봐요. 친구도 제 마음을 알아주기만 한다면 참 좋을 텐데 자신이 없어요.	N	2022-10-06 08:45:34	2022-11-08 06:02:42
BE22024849	12	1	그만큼 네 진심을 충분히 들여다 봤으면, 이젠 솔직하게 다가가 보렴. 그냥 친구에서 누구보다 멋진 남자친구가 되어 주겠다고 하면 그 친구도 감동할지 몰라. 섣불리 네가 그런 말할 사람이 아니란 걸 그 친구도 아니까 서로 마음이 통하겠지?	N	2022-10-06 08:45:34	2022-11-08 06:02:42
BE22024849	13	0	네, 더는 헤매지 말고 용기를 내봐야겠다는 쪽으로 마음이 굳어지네요. 그냥 외면하고 참기엔 그 친구한테도 저한테도 못할 짓 같아요. 생각이 정리됐어요.	N	2022-10-06 08:45:34	2022-11-08 06:02:42
BE22024849	14	1	고백 후에도 네가 멋진 남자란 건 변함이 없으니 우정이든 사랑이든 상관없을 거야. 어느 쪽으로든 평생 곁에 있어줄 소중한 인연이길 바랄게.	N	2022-10-06 08:45:34	2022-11-08 06:02:42
BE22024849	15	0	진지하게 조언해주셔서 감사해요, 엄마. 엄마 응원대로 잘 이어지면 좋겠네요.	Y	2022-10-06 08:45:34	2022-11-08 06:02:42
