id	utterance_id	utterance_type	utterance_text	terminate	regDate	updDate
BE22000873	1	0	엄마 나는 어릴 때부터 몸에 열이 많았어?	N	2022-06-13 09:00:16	2022-11-08 03:29:57
BE22000873	2	1	응. 우리 가족 다 그러잖아.	N	2022-06-13 09:00:16	2022-11-08 03:29:57
BE22000873	3	0	우리 집은 다 겨울에도 집에서 반팔 입는데 친구네는 다 털 옷 입고 있어서 놀랐어.	N	2022-06-13 09:00:16	2022-11-08 03:29:57
BE22000873	4	1	우리가 평균보다 열이 많은 것 같기는 해.	N	2022-06-13 09:00:16	2022-11-08 03:29:57
BE22000873	5	0	근데 너무 열이 많으니까 좀 창피해.	N	2022-06-13 09:00:16	2022-11-08 03:29:57
BE22000873	6	1	사람마다 체질이 다 다른 거지 창피할 일이 아니야. 반대로 너무 추위를 많이 타는 사람도 있잖아.	N	2022-06-13 09:00:16	2022-11-08 03:29:57
BE22000873	7	0	그런가? 하지만 한 겨울 아니면 겉옷도 잘 안 입으니까 사람들이 신기하게 쳐다봐.	N	2022-06-13 09:00:16	2022-11-08 03:29:57
BE22000873	8	1	아... 그런 시선 좀 의식되기는 하지. 엄마도 네 나이 때는 일부러 더운데 더 껴입고 그랬어. 눈치 보이지?	N	2022-06-13 09:00:16	2022-11-08 03:29:57
BE22000873	9	0	혼자 산삼 먹냐고 친구들이 놀리기도 하고. 나도 그냥 옷 더 입고 다닐까 봐.	N	2022-06-13 09:00:16	2022-11-08 03:29:57
BE22000873	10	1	엄마도 겪어 봐서 네 마음 이해해. 하지만 시간이 지나고 보니 그런 시선 악의도 없고 별거 아니야. 네가 정말 신경 쓰지 않아도 괜찮아.	N	2022-06-13 09:00:16	2022-11-08 03:29:57
BE22000873	11	0	그런 걸까? 난 날 쳐다보고 속으로 뭐라고 하는 게 아닌가 싶어서 괜히 위축됐어.	N	2022-06-13 09:00:16	2022-11-08 03:29:57
BE22000873	12	1	우리 아들이 혼자 이런 고민을 하고 있었구나. 속으로 이상하게 생각하는 사람 아무도 없으니 그럴 필요 없어.	N	2022-06-13 09:00:16	2022-11-08 03:29:57
BE22000873	13	0	하긴 듣고 보니 다 나 혼자 생각한 것들이기는 해. 친구들도 그냥 장난이었을 거고. 누가 뭐라고 한 적도 없는데 괜히 혼자 심각해졌었네.	N	2022-06-13 09:00:16	2022-11-08 03:29:57
BE22000873	14	1	역시 우리 아들이야. 금방 씩씩해져서 다행이다.	N	2022-06-13 09:00:16	2022-11-08 03:29:57
BE22000873	15	0	내가 너무 소심했던 것 같아. 고마워 엄마!	Y	2022-06-13 09:00:16	2022-11-08 03:29:57
