id	utterance_id	utterance_type	utterance_text	terminate	regDate	updDate
BE22018446	1	0	엄마, 나 지금 너무 당황스러운 일을 겪었어.	N	2022-09-15 15:48:59	2022-09-15 15:48:59
BE22018446	2	1	왜? 우리 딸, 무슨 일 있었어?	N	2022-09-15 15:48:59	2022-09-15 15:48:59
BE22018446	3	0	조금 전에 근처 친구 집에 운전해서 가는데 안전벨트 미착용으로 경찰한테 걸려서 벌금 냈어.	N	2022-09-15 15:48:59	2022-11-08 05:21:31
BE22018446	4	1	저런, 가까운 거리라서 방심했나 보다. 그래도 안전 수칙은 지켰어야지. 안일했던 너 자신에게 부끄러운 감정이 드는 건 당연한 거야.	N	2022-09-15 15:48:59	2022-11-08 05:21:31
BE22018446	5	0	그러니까. 평소에는 안전벨트 착용하지 않은 적이 없는데, 내가 왜 그랬는지 모르겠어. 정말 당황스럽고 자괴감이 들어.	N	2022-09-15 15:48:59	2022-09-15 15:48:59
BE22018446	6	1	실수는 누구나 할 수 있지만 너처럼 실수를 인정하고 반성하는 것도 중요한 거야. 엄마는 우리 딸이 본인의 잘못을 인정하고 뉘우치는 모습에 감동했는걸.	N	2022-09-15 15:48:59	2022-11-08 05:21:31
BE22018446	7	0	정말? 나는 기본적인 법을 지키지 못한 나 자신이 너무 당황스럽고 후회스럽더라고. 경찰 앞에서도 고개를 들지 못하겠더라.	N	2022-09-15 15:48:59	2022-11-08 05:21:31
BE22018446	8	1	이번 일을 계기로 같은 실수를 반복하지 않도록 경각심을 갖게 되었다고 생각해보는 건 어떨까? 너에게는 큰 사건으로 다가와서 이후엔 더 조심하게 될지도 몰라.	N	2022-09-15 15:48:59	2022-11-08 05:21:31
BE22018446	9	0	나조차도 생각지 못했던 실수라 더 당황스러운 것 같아. 평소에도 내가 그래왔다면 이렇게까지 당황스럽진 않았을 거야. 내가 또 이런 실수를 반복하지 않을 수 있을까?	N	2022-09-15 15:48:59	2022-11-08 05:21:31
BE22018446	10	1	물론이지. 엄마도 많은 실수를 겪고 배운 일들이 많아. 시간이 지나니 그런 모든 경험이 삶의 자양분이 되더라.	N	2022-09-15 15:48:59	2022-11-08 05:21:31
BE22018446	11	0	엄마처럼 나도 실수를 통해 삶의 지혜를 배울 수 있을지 모르겠어. 나는 실수를 하면 당황스러운 마음이 먼저 들어서 눈앞이 새하얘지는 것 같아.	N	2022-09-15 15:48:59	2022-11-08 05:21:31
BE22018446	12	1	엄마는 우리 딸도 분명 엄마처럼 한 단계씩 성장할 수 있을 거라 믿어. 지금 당장은 네 말처럼 당황스러움이 앞서겠지만 시간이 흐르면 어른스러워진 네 모습을 발견할 거야. 엄마가 우리 딸의 삶에 좋은 이정표가 되어줄게.	N	2022-09-15 15:48:59	2022-11-08 05:21:31
BE22018446	13	0	엄마는 충분히 나에게 최고야. 엄마랑 대화하기 전엔 나 자신에게 실망스럽고 마음이 무거웠는데 털어놓고 나니 한결 마음이 편해졌어. 엄마의 조언을 깊이 새길게.	N	2022-09-15 15:48:59	2022-11-08 05:21:31
BE22018446	14	1	그래, 이미 지난 일이니 너무 마음에 담아두지 말고 언제나 엄마가 필요하면 말해.	N	2022-09-15 15:48:59	2022-11-08 05:21:31
BE22018446	15	0	고마워, 엄마. 이번 주말에 집에 놀러 갈게.	Y	2022-09-15 15:48:59	2022-11-08 05:21:31
