id	utterance_id	utterance_type	utterance_text	terminate	regDate	updDate
BE22000128	1	0	엄마, 세탁기 돌리고 건조기에 넣는 걸 깜빡했어. 어떻게 하지?	N	2022-06-08 07:53:46	2022-11-08 03:25:03
BE22000128	2	1	저런! 언제 세탁한 거니?	N	2022-06-08 07:53:46	2022-11-08 03:25:03
BE22000128	3	0	아침에 출근하면서 예약으로 해서 서너 시간쯤?	N	2022-06-08 07:53:46	2022-11-08 03:25:03
BE22000128	4	1	출근하느라 정신없으면 그럴 수 있어. 제대로 마르지 않아서 냄새나겠다.	N	2022-06-08 07:53:46	2022-11-08 03:25:03
BE22000128	5	0	흰색 티셔츠 몇 개인데, 쉰내 날 것 같아. 그대로 입고 다닐 수도 없고, 다시 세탁해야겠지?	N	2022-06-08 07:53:46	2022-11-08 03:25:03
BE22000128	6	1	괜찮아, 퇴근하면서 과탄산소다 사서 세탁기에 넣고 뜨거운 물로 돌려 보렴. 처음 자취를 시작하면 다들 겪는 일이야. 혼자 하는 살림이어도 해야 할 게 많으니 쉽지 않다는 것을 느끼는 거지. 엄마도 그랬었어.	N	2022-06-08 07:53:46	2022-11-08 03:25:03
BE22000128	7	0	엄마도 그랬어? 다들 그러는 걸까?	N	2022-06-08 07:53:46	2022-11-08 03:25:03
BE22000128	8	1	그럼, 충분히 있을 수 있는 일이지. 엄마가 해주는 밥 먹고 빨래며 청소, 도와주는 게 아니라 스스로 해내야 하니까 쉽지 않을 거야.	N	2022-06-08 07:53:46	2022-11-08 03:25:03
BE22000128	9	0	생각보다 내가 모르는 게 너무 많은 것 같아.	N	2022-06-08 07:53:46	2022-11-08 03:25:03
BE22000128	10	1	해보지 않아서 그런 거니 너무 걱정하지 말고. 점점 실력이 늘어나서 스스로 노하우가 생기기도 하고, 그러다 엄마에게 알려주게 될 거라고 생각해.	N	2022-06-08 07:53:46	2022-11-08 03:25:03
BE22000128	11	0	집 나오면 고생이라는 말을 실감했지만, 엄마 말대로 노력해 보겠어!	N	2022-06-08 07:53:46	2022-11-08 03:25:03
BE22000128	12	1	그래, 기특한 우리 딸. 혹시 큰 실수 해도 너무 걱정하지 말고 엄마한테 다 물어봐. 엄마는 항상 네 편이니까.	N	2022-06-08 07:53:46	2022-11-08 03:25:03
BE22000128	13	0	늘 감사하고 사랑해, 엄마. 스스로 해결할 수 있는 딸이 되도록 해볼게.	N	2022-06-08 07:53:46	2022-11-08 03:25:03
BE22000128	14	1	그래, 퇴근하면서 과탄산소다 사는 거 잊지 말고! 파이팅!	Y	2022-06-08 07:53:46	2022-11-08 03:25:03
