id	utterance_id	utterance_type	utterance_text	terminate	regDate	updDate
BE22012635	1	0	엄마, 저 어떡하면 좋아요? 너무 무서워요.	N	2022-08-01 03:38:45	2022-11-08 04:45:28
BE22012635	2	1	왜 그러니? 무슨 일 있어?	N	2022-08-01 03:38:45	2022-11-08 04:45:28
BE22012635	3	0	과자를 먹다가 딱딱한 부분을 이로 씹어서 이가 부러져버렸어요. 갑자기 이가 부러져서 너무 당황스럽고 놀랐어요.	N	2022-08-01 03:38:45	2022-11-08 04:45:28
BE22012635	4	1	정말이니? 아직 이가 약해서 강한 충격에 부러졌나 봐. 이런 적은 처음이라 너무 당황했겠구나.	N	2022-08-01 03:38:45	2022-11-08 04:45:28
BE22012635	5	0	제 이가 이렇게 약한 줄 몰랐어요. 제가 제일 좋아하는 과자인데 이제 못 먹을 것 같아요. 이걸 먹을 때마다 당황스러웠던 기억이 떠오를 것 같아요.	N	2022-08-01 03:38:45	2022-11-08 04:45:28
BE22012635	6	1	원래 충격을 받으면 그때 함께했던 물건들도 꺼리게 된다잖아. 우리 아들이 정말 좋아하는 과자인데 이렇게 돼서 정말 속상하겠구나. 엄마도 네가 너무 놀란 것 같아서 마음이 아프네.	N	2022-08-01 03:38:45	2022-11-08 04:45:28
BE22012635	7	0	그리고 너무 당황해서 부러진 이를 과자랑 같이 삼켜버렸어요. 저 어떡하면 좋죠?	N	2022-08-01 03:38:45	2022-11-08 04:45:28
BE22012635	8	1	우리 아들이 이가 부러진 건 처음이라 엄청 무서웠나 보네. 하지만 지금 부러진 이는 빠지고 나면 다시 새로운 이가 날 수 있어. 너무 걱정할 필요 없단다.	N	2022-08-01 03:38:45	2022-11-08 04:45:28
BE22012635	9	0	엄마가 그렇게 말씀해주시니 안심이 돼요. 엄마 말을 듣지 않고 딱딱한 과자를 먹었다가 이렇게 돼서 너무 죄송하고 무서웠거든요.	N	2022-08-01 03:38:45	2022-11-08 04:45:28
BE22012635	10	1	너도 이번 일로 많이 당황스러웠을 텐데 엄마가 속상해할까 봐 마음을 졸였구나. 엄마는 우리 아들의 착한 마음이 너무 대견스러워. 그러니까 너무 자책하지 말렴.	N	2022-08-01 03:38:45	2022-11-08 04:45:28
BE22012635	11	0	그런데 부러진 이가 너무 시리고 아파요. 물을 마시는 것도 힘들어요.	N	2022-08-01 03:38:45	2022-11-08 04:45:28
BE22012635	12	1	이가 생각보다 많이 깨져서 많이 아프고 힘들지? 엄마도 그런 적이 있어서 우리 아들이 얼마나 아파할지 알 것 같아. 하지만 조금만 참으면 치료를 받을 수 있으니 힘내보자.	N	2022-08-01 03:38:45	2022-11-08 04:45:28
BE22012635	13	0	치과는 무섭지만, 과자를 먹지 못하는 건 싫어요. 내일 치과에 가야겠어요.	N	2022-08-01 03:38:45	2022-11-08 04:45:28
BE22012635	14	1	엄마는 우리 아들의 용기 있는 모습이 언제나 매력적이라고 생각했어. 무서워도 용기를 내보는 거구나? 우리 아들이 정말 자랑스럽다.	N	2022-08-01 03:38:45	2022-11-08 04:45:28
BE22012635	15	0	엄마 정말 고마워요!	Y	2022-08-01 03:38:45	2022-11-08 04:45:28
