id	utterance_id	utterance_type	utterance_text	terminate	regDate	updDate
BE22018181	1	0	날씨가 너무 더워서 땀이 많이 나요. 땀을 닦았는데 때가 밀려서 정말 당황스러웠어요.	N	2022-09-14 08:29:55	2022-09-14 08:29:55
BE22018181	2	1	나라도 순식간에 온갖 감정들이 들었을 것 같아. 정신은 없는데 남들은 신경쓰이고 어찌할 줄 모르고 힘들었겠다. 그런 고생을 한 우리 아들이 정말 안쓰러워.	N	2022-09-14 08:29:55	2022-11-08 05:19:56
BE22018181	3	0	친구들이 나만 쳐다 보는 것 같아서 부끄러워서 혼났어요. 얼굴이 정말 화끈해져서 더울 정도였다니까요. 진짜 쥐구멍이라도 있으면 가서 숨고 싶더라고요.	N	2022-09-14 08:29:55	2022-09-14 08:29:55
BE22018181	4	1	정말 경황이 없고 뜻밖의 일에 얼마나 가슴이 두근거렸겠니. 진짜 놀라서 어찌할 바를 몰랐을 것 같구나. 예상치 못한 상황이라 더욱 당황했을 것 같아.	N	2022-09-14 08:29:55	2022-11-08 05:19:56
BE22018181	5	0	친구들이 저를 어떻게 생각할지 정말 걱정스럽기까지 하더라고요. 하필이면 때가 나와서 더 놀랐어요. 그래도 수업 중이니 뛰쳐나가고 싶은 마음 꾹 참고 모르는 척 수업을 듣었어요.	N	2022-09-14 08:29:55	2022-09-14 08:29:55
BE22018181	6	1	수업 시간에 집중하려고 애쓴 너의 노력를 아빠는 칭찬하고 싶구나. 당장이라도 뛰쳐나가고 싶었을 텐데 정말 잘한 행동이라고 생각해. 그런 상황에서도 우리 아들이 수업을 들으려고 했다니 정말 멋지다.	N	2022-09-14 08:29:55	2022-09-14 08:29:55
BE22018181	7	0	수업이 끝나고 바로 화장실로 세수를 하고 돌아왔는데 친구들 눈치가 너무 보여서 속이 답답했어요. 친구들은 아무 말이 없는데 저 혼자 너무 당황했어요.	N	2022-09-14 08:29:55	2022-09-14 08:29:55
BE22018181	8	1	우리 아들이 친구의 기분을 신경쓰느라 속상했겠다. 그래도 그 순간에 바로 세수를 하고 왔으니 너로서는 최선의 대처를 한 거라고 생각해. 순간적으로 굉장히 놀라서 힘들었겠디만 잘 해결하고 온 것 같아.	N	2022-09-14 08:29:55	2022-11-08 05:19:56
BE22018181	9	0	아빠의 칭찬 덕분에 잔뜩 가라앉았던 기분이 조금은 나아진 것 같아요. 아까는 너무나 당황스러운 마음에 심장이 두근거렸는데 진정이 되었어요.	N	2022-09-14 08:29:55	2022-11-08 05:19:56
BE22018181	10	1	네가 한 행동보다 더 침착하게 해결할 수 있는 방법은 없을 거야. 다음에 이런 일이 있어도 괜찮을 테니 걱정하지 마.	N	2022-09-14 08:29:55	2022-11-08 05:19:56
BE22018181	11	0	오늘 일을 계기로 때를 미리 밀어야겠다고 다짐했어요. 다시는 이런 일이 없도록 할거예요. 저랑 주말에 목욕탕 같이 가주실 거죠?	N	2022-09-14 08:29:55	2022-09-14 08:29:55
BE22018181	12	1	지나간 일을 반면교사 삼아서 내일을 대비하는 모습이 정말 멋지네. 당연히 우리 아들과 같이 가는 목욕탕은 언제든지 환영이지. 아빠가 제대로 때를 밀어 줄테니 걱정 마.	N	2022-09-14 08:29:55	2022-11-08 05:19:57
BE22018181	13	0	아빠께 다 털어놓았더니 마음이 든든해지네요. 아빠께 이야기를 털어놔서 정말 다행이에요.	N	2022-09-14 08:29:55	2022-11-08 05:19:57
BE22018181	14	1	아빠가 도움이 되었다니 진짜 영광이네. 아빠는 항상 우리 아들 편이니까 언제든 털어놓으렴!	Y	2022-09-14 08:29:55	2022-11-08 05:19:57
