id	utterance_id	utterance_type	utterance_text	terminate	regDate	updDate
BE22027825	1	0	엄마, 아이를 키우는 일이 정말로 쉽지 않네요. 하루하루가 당황의 연속이라 어떻게 해야 할지를 모르겠어요.	N	2022-10-12 16:41:49	2022-11-08 06:20:28
BE22027825	2	1	우리 딸, 대체 무슨 일 때문에 그러니? 이 엄마에게 한번 털어놔 보렴.	N	2022-10-12 16:41:49	2022-11-08 06:20:28
BE22027825	3	0	다름이 아니라, 아이가 목욕을 너무나 싫어해요. 울다가 경기를 일으킬 정도로 싫어하는데 안 씻길 수는 없고, 어떻게 해야 할지 당황스러워요.	N	2022-10-12 16:41:49	2022-10-12 16:41:49
BE22027825	4	1	좀 큰 아이라면 말로 달래기라도 할 텐데, 너희 애는 어려서 그럴 수도 없으니 큰일이네. 내가 네 입장이었어도 정말 당황스러웠을 것 같아.	N	2022-10-12 16:41:49	2022-11-08 06:20:28
BE22027825	5	0	첫 아이니까 더 당황스러운 거겠지만, 정말 막막하네요. 육아 책을 보고 다른 집 얘기를 들어봐도, 이렇게까지 목욕을 싫어하는 경우는 잘 없더라고요.	N	2022-10-12 16:41:49	2022-11-08 06:20:28
BE22027825	6	1	아마 네 아이가 조금 예민한 타입이 아닌가 싶다. 무척 당황스럽겠지만, 그래도 애가 조금 더 크면 나아질 테니 너무 걱정하지 마.	N	2022-10-12 16:41:49	2022-11-08 06:20:28
BE22027825	7	0	정말 시간이 지나면 해결될 문제일까요? 목욕뿐 아니라 먹는 것에도 까탈스럽고 예민한 애라 이유식도 힘들어요. 뭘 먹여도 뱉어대서 당황스러울 때가 많아요.	N	2022-10-12 16:41:49	2022-11-08 06:20:28
BE22027825	8	1	음식도 많이 가리는 모양이구나. 더구나 너는 뭐든 무던한 성격인데, 아이는 너랑 정반대 타입이니 맞추기가 더 힘들겠다.	N	2022-10-12 16:41:49	2022-11-08 06:20:28
BE22027825	9	0	그러니까요, 듣기로는 애 아빠도 완전 순한 아기였다는데. 우리 애는 대체 누굴 닮았나 싶고 당황스러워요.	N	2022-10-12 16:41:49	2022-11-08 06:20:28
BE22027825	10	1	네 마음은 이해가 간다만, 자녀가 반드시 부모를 닮는 건 아니더구나. 부모로서는 있는 그대로 아이의 모습을 받아들이는 수밖에 없지 않겠니.	N	2022-10-12 16:41:49	2022-11-08 06:20:28
BE22027825	11	0	머리로는 그렇게 생각하는데, 받아들이기가 쉽지 않네요. 제가 상상했던 육아보다도 훨씬 힘들어서 부모 입장에선 당황스러울 뿐이에요.	N	2022-10-12 16:41:49	2022-10-12 16:41:49
BE22027825	12	1	얘기를 들어보니 네가 많이 지친 게 느껴지는구나. 앞으로도 아이를 키우며 여러 가지 일이 많을 텐데, 벌써 힘들어하는 것 같아 걱정된다.	N	2022-10-12 16:41:49	2022-11-08 06:20:28
BE22027825	13	0	그러게요, 이제 겨우 시작인데 갈피를 못 잡겠어요. 앞으로는 아이를 어떻게 키워야 할지 막막하네요.	N	2022-10-12 16:41:49	2022-11-08 06:20:28
BE22027825	14	1	내 생각에는 네가 얼른 생각의 전환을 할 필요가 있겠다. 아이가 예민하고 나와 다르니 키우기 힘들다고 생각하기보다, 다르기 때문에 더 귀하다고 생각을 바꿔보렴. 그러면 아이 때문에 당황할 일이 훨씬 줄어들 거야.	N	2022-10-12 16:41:49	2022-11-08 06:20:28
BE22027825	15	0	엄마 말씀을 듣고 보니 제가 너무 부정적으로 생각하고 있었던 것 같아요. 제가 아이의 예민함을 특별함으로 받아들이지 못하고, 무작정 배척하려 했네요. 다르게 생각하니, 훨씬 마음이 편안해지는 기분이에요.	N	2022-10-12 16:41:49	2022-11-08 06:20:28
BE22027825	16	1	앞으로도 지금과 같이 긍정적인 마음을 유지했으면 좋겠어. 육아가 고달픈 일이 아니라, 너에게 행복한 일이 되기를 바란다.	Y	2022-10-12 16:41:49	2022-11-08 06:20:28
