id	utterance_id	utterance_type	utterance_text	terminate	regDate	updDate
BE22000998	1	0	엄마, 나 오늘 조퇴하고 싶은데 선생님한테 연락해 주시면 안 돼요?	N	2022-06-14 01:04:00	2022-11-08 03:30:46
BE22000998	2	1	어디 아프기라도 한 거니? 조퇴하고 바로 병원 가게 예약할까?	N	2022-06-14 01:04:00	2022-11-08 03:30:46
BE22000998	3	0	아니요. 점심시간에 애들이 국을 엎어서 교복이 더러워졌어요.	N	2022-06-14 01:04:00	2022-11-08 03:30:46
BE22000998	4	1	뭐? 친구들이 실수한 거니? 설마 일부러 그런 건 아니지?	N	2022-06-14 01:04:00	2022-11-08 03:30:46
BE22000998	5	0	그동안 엄마 걱정하실까 봐 말씀 못 드렸는데 저 사실 학교에서 따돌림당하고 있어요. 오늘은 너무 힘들어서 집에 가고 싶어요.	N	2022-06-14 01:04:00	2022-11-08 03:30:46
BE22000998	6	1	그동안 혼자서 말도 못하고 고생이 얼마나 많았어. 엄마가 몰라줘서 미안하고 도움 못 되어준 게 속상해서 가슴이 찢어지는 것 같구나.	N	2022-06-14 01:04:00	2022-11-08 03:30:46
BE22000998	7	0	먼저 피하면 지는 것 같아서 버텨보려고 했어요. 근데 전교생 다 있는 곳에서 따돌림당하니까 못 버티겠어요.	N	2022-06-14 01:04:00	2022-11-08 03:30:46
BE22000998	8	1	그 상황에서는 누구라도 무너질 거야. 그동안 너 혼자 싸워오느라 애쓴 건 정말 대단한 거야. 이제 엄마가 도와줄 테니까 걱정하지 마.	N	2022-06-14 01:04:00	2022-11-08 03:30:46
BE22000998	9	0	내가 걔네한테 잘못한 일도 없는데 만만해 보여서 따돌림 대상이 되었나 봐요.	N	2022-06-14 01:04:00	2022-11-08 03:30:46
BE22000998	10	1	만만한 게 아니야. 네 온유하고 부드러운 성격은 큰 장점이란다. 남을 괴롭히는 사람들이 문제인 거지 너는 아무 잘못도 없어.	N	2022-06-14 01:04:00	2022-11-08 03:30:46
BE22000998	11	0	제가 문제가 없었다면 따돌림당할 때 누군가는 절 도와주지 않았을까요?	N	2022-06-14 01:04:00	2022-11-08 03:30:46
BE22000998	12	1	다른 친구들도 네가 좋은 사람인 건 다 아는데 앞에 나설 용기가 없고 두려워서 그랬을 거야.	N	2022-06-14 01:04:00	2022-11-08 03:30:46
BE22000998	13	0	내 편이 아무도 없는 것 같아서 외로웠어요.	N	2022-06-14 01:04:00	2022-11-08 03:30:46
BE22000998	14	1	엄마 아빠가 평생 네 편이라는 건 잊지 말아 주렴. 그리고 엄마가 오늘 선생님 뵙고 이야기해볼게.	N	2022-06-14 01:04:00	2022-11-08 03:30:46
BE22000998	15	0	그럼 일이 더 커져서 시끄러워지지 않을까요?	N	2022-06-14 01:04:00	2022-11-08 03:30:46
BE22000998	16	1	너는 그런 거 아무것도 걱정하지 말고 집에 와서 푹 쉬고 있어. 선생님이랑 최선의 방법으로 잘 처리할게.	N	2022-06-14 01:04:00	2022-11-08 03:30:46
BE22000998	17	0	네. 고마워요, 엄마.	Y	2022-06-14 01:04:00	2022-11-08 03:30:46
