id	utterance_id	utterance_type	utterance_text	terminate	regDate	updDate
BE22029152	1	0	엄마 잘 지내죠? 저 오늘 너무 당황스러운 일이 있어요.	N	2022-10-14 17:22:55	2022-10-14 17:22:55
BE22029152	2	1	딸도 잘 있지? 늘 침착한 네가 당황스럽다니 벌써 걱정이 되는구나. 그래도 천천히 말해봐.	N	2022-10-14 17:22:55	2022-11-08 06:28:31
BE22029152	3	0	제가 오늘 낮엔 날씨가 더워서 반소매를 입고 나갔는데 밤이 되니까 너무 추운 거 있죠. 감기에 걸릴 것 같아서 너무 당황스러워요.	N	2022-10-14 17:22:55	2022-11-08 06:28:31
BE22029152	4	1	예상치 못한 일교차에 무척 놀랐겠다. 나도 어제저녁에 장 보러 나갔다가 너무 추워서 당황스럽더라고. 그래서 네 마음이 너무 잘 이해가 돼.	N	2022-10-14 17:22:55	2022-11-08 06:28:31
BE22029152	5	0	일단은 너무 추워서 편의점에 들어가서 따뜻한 음료를 한 캔 샀어요. 그런데 정말 이렇게 일교차가 클 줄은 생각을 못했기에 너무 당황스러워요. 내일 발표가 있어서 감기에 걸리면 안 되거든요.	N	2022-10-14 17:22:55	2022-11-08 06:28:31
BE22029152	6	1	다른 사람이라면 당황해서 그렇게 대처를 못 했을 것 같아. 늘 침착한 너라서 그렇게 할 수 있었을 거야. 네 그런 점은 늘 대단하다고 생각했어.	N	2022-10-14 17:22:55	2022-11-08 06:28:31
BE22029152	7	0	너무 당황스러우니까 이게 표정에 드러나나 봐요. 조금 전에 만난 친구가 표정이 왜 이렇게 안 좋냐고 물어보더라고요. 이대로라면 감기에 걸릴 것 같아요.	N	2022-10-14 17:22:55	2022-11-08 06:28:31
BE22029152	8	1	지내다 보니 참 당황스러운 경험들이 있었어. 그런데 조금만 시간이 지나도 해결되는 경우가 대부분이더라고. 그러니까 너무 걱정하지 마.	N	2022-10-14 17:22:55	2022-11-08 06:28:31
BE22029152	9	0	다른 생각을 하면서 당황한 마음을 삭이려고도 했어요. 그런데 자꾸만 당황스러운 생각이 떠올라서 힘든 거 있죠. 이럴 땐 어떻게 해야 할까요?	N	2022-10-14 17:22:55	2022-11-08 06:28:31
BE22029152	10	1	쉽진 않겠지만 네 자신을 믿어주는 게 어때? 분명 당황스러운 순간이지만 잘 감당해낼 수 있다고 자신을 믿어줘. 그러면 당황스러운 마음이 잦아들 수 있을 거야.	N	2022-10-14 17:22:55	2022-11-08 06:28:31
BE22029152	11	0	그렇게는 생각을 못해 봤어요. 당장 당황스러운 마음에만 너무 집중했던 것 같아요. 엄마랑 대화를 나누다 보니까 마음이 한결 나아져요.	N	2022-10-14 17:22:55	2022-11-08 06:28:31
BE22029152	12	1	네가 기분이 좋아졌다니 정말 다행이야, 나도 안도의 한숨이 절로 나와. 너는 잘 감당할 수 있을 거야, 걱정하지 마.	N	2022-10-14 17:22:55	2022-11-08 06:28:31
BE22029152	13	0	진작 엄마한테 고민을 얘기할 걸 그랬어요. 이 고민 탓에 많이 힘들었거든요. 이제야 마음이 편해져요.	N	2022-10-14 17:22:55	2022-11-08 06:28:31
BE22029152	14	1	내가 도움이 됐다니 기뻐. 제일 소중한 우리 딸 고민이라면 언제라도 괜찮아. 힘들 땐 편하게 연락을 줘.	N	2022-10-14 17:22:55	2022-11-08 06:28:31
BE22029152	15	0	정말 고마워요 엄마. 다음엔 저희 직접 만나서 대화를 나눠요.	Y	2022-10-14 17:22:55	2022-11-08 06:28:31
