id	utterance_id	utterance_type	utterance_text	terminate	regDate	updDate
BE22017429	1	0	엄마 저 너무 당황스러워요. 가을이 되면 신경질이 느나 봐요, 여자 친구한테 별것 아닌 일로 화를 내버렸어요. 며칠 전에도 저 때문에 다퉜거든요.	N	2022-09-07 14:23:24	2022-11-08 05:15:18
BE22017429	2	1	네가 신경질을 내려고 한 게 아닌데 그렇게 되어버려 무척 당황스러웠나 보다. 엄마도 가끔 가을이 되면 유난히 우울해지는 걸 느껴서 네가 어떤 기분일지 이해한단다. 더운 여름에서 스산한 바람이 부는 계절로 바뀌니 몸이 휑하게 느껴져서 그런 게 아닐까 싶어.	N	2022-09-07 14:23:24	2022-11-08 05:15:18
BE22017429	3	0	이해해주셔서 감사해요. 그런데 여자 친구 입장에서는 너무 황당할 것 같아요. 작년에도 이래서 여자 친구한테 사과하고 그랬었거든요. 아무리 신경질을 안 내려고 마음먹어도 욱하고 올라오는 게 있어요.	N	2022-09-07 14:23:24	2022-11-08 05:15:18
BE22017429	4	1	음, 그랬구나. 그래 여자 친구는 갑자기 네가 화를 낸다고 생각하면 많이 억울하고 황당하겠네. 언제든 또 화를 내지 않을까 걱정되고 불안하기도 할 테고 말이야. 여자 친구에게 솔직하게 말은 해봤니?	N	2022-09-07 14:23:24	2022-11-08 05:15:18
BE22017429	5	0	아뇨, 이해해주기 힘들지 않을까 싶어서 그냥 몸이 안 좋아서 그랬다, 안 좋은 일이 있었다고 둘러댔어요. 제가 생각해도 너무 비겁하고 별로인 변명이지만 그렇게 하지 않으면 여자 친구를 잃을까 봐 불안하더라고요.	N	2022-09-07 14:23:24	2022-11-08 05:15:18
BE22017429	6	1	네 마음이 충분히 이해한다. 큰 이유 없이 계절이 그러해서 화를 냈다고 말하면 여자 친구가 네게 크게 실망할까 봐 그런 거지?	N	2022-09-07 14:23:24	2022-11-08 05:15:18
BE22017429	7	0	네, 저라도 이해하기 힘들 것 같거든요. 정말 너무 속상해요. 병원에 가서 약이라도 처방받아야 할까요?	N	2022-09-07 14:23:24	2022-11-08 05:15:18
BE22017429	8	1	엄마가 보기엔 네가 감수성이 풍부해서 계절의 변화를 민감하게 느껴서 그런 것 같구나. 그런 부분은 여자 친구에게 솔직하게 말하는 게 좋을 것 같아. 계속 그렇게 다른 변명을 댄다면 여자 친구는 네가 매사에 부정적인 사람으로 느껴질 수 있으니까 말이야.	N	2022-09-07 14:23:24	2022-11-08 05:15:18
BE22017429	9	0	아, 그렇겠네요. 제가 그 생각은 못 했어요. 엄마 말씀이 맞아요. 여자 친구에게 말을 하면 저를 이상하게 보진 않겠죠?	N	2022-09-07 14:23:24	2022-11-08 05:15:18
BE22017429	10	1	그럼, 여자 친구가 정말 널 사랑한다면 그렇게 솔직한 모습을 고백하는 마음까지도 모두 이해해줄 거야. 사랑하는 사람과 문제가 생기면 어떻게든 관계 회복에만 신경을 쓰게 되지만, 결국 솔직한 대화가 해결책이 된단다. 잘 얘기하면 여자 친구와의 관계도 더 깊어지고 지금 고민도 원만하게 해결될 테니 너무 걱정하지 마.	N	2022-09-07 14:23:24	2022-11-08 05:15:18
BE22017429	11	0	그렇군요, 역시 엄마께 말씀드리길 잘한 것 같아요. 저는 제 성격이 너무 이상한 것 같아서 이러지도 저러지도 못하고 속으로 앓고만 있었거든요. 엄마가 제 마음을 이해해주시니 정말 너무 좋네요.	N	2022-09-07 14:23:24	2022-11-08 05:15:18
BE22017429	12	1	네가 다른 사람에게 말도 못 하고 혼자 고민하고 속상해했을 거라 생각하니 엄마 마음이 다 아프구나. 앞으로 언제든 고민이 생기면 엄마에게 말해주렴. 이번 일도 여자 친구와 얘기 잘 나눠보고 혹시 마음처럼 대화가 안 풀린다면 또 얘기 나눠보자꾸나!	N	2022-09-07 14:23:24	2022-11-08 05:15:18
BE22017429	13	0	네 엄마, 정말 감사해요! 엄마 말씀 들으니까 마음이 정말 편해졌어요! 여자 친구에게 한번 잘 말해봐야겠어요!	N	2022-09-07 14:23:24	2022-11-08 05:15:18
BE22017429	14	1	그래, 잘 얘기해보렴. 그리고 언제든 엄마는 네 편이란다. 그걸 잊지 말길 바란다!	Y	2022-09-07 14:23:24	2022-11-08 05:15:18
