id	utterance_id	utterance_type	utterance_text	terminate	regDate	updDate
BE22029204	1	0	엄마, 얼마 전에 같은 과 친구가 저한테 고백을 했어요. 사실 그 친구와 사이좋게 지낸 건 맞지만 별다른 생각이 있었던 건 아니거든요. 그래서인지 좀 당황스럽고 다른 친구들의 반응도 신경이 쓰이더라고요.	N	2022-10-15 01:15:22	2022-11-08 06:28:50
BE22029204	2	1	우리 아들이 학교에서 인기가 많은 모양이구나. 그런데 왜 그 친구가 아닌 다른 애들이 신경이 쓰인 거야? 혹시 엄마한테 얘기해줄 수 있니?	N	2022-10-15 01:15:22	2022-10-15 01:15:22
BE22029204	3	0	그 친구가 애들이 다 있는 강의실에서 저한테 좋아한다고 했어요. 사실 조용한 곳에서 얘기를 했으면 더 좋았을 거란 생각이 들더라고요. 사람들이 있는 곳에서 그러니까 진정성도 안 느껴지고 당황스럽기만 하더라고요.	N	2022-10-15 01:15:22	2022-10-15 01:15:22
BE22029204	4	1	우리 아들은 모든 일에 조심스러운 사람이라 더 당황스러웠을 것 같아. 사실 아무리 좋은 얘기도 어떤 상황이냐에 따라 달리 느껴지니까 말이야. 가끔은 좋아하는 마음도 부담이 되어 느껴지기도 하니까 말이야.	N	2022-10-15 01:15:22	2022-11-08 06:28:50
BE22029204	5	0	정말 제 마음이 딱 그랬어요. 좋아한다는 말이 부정적으로 느껴질 수도 있더라고요. 사실 그 친구가 한 말은 하나도 기억이 나질 않고 주변에서 낄낄대던 친구들만 생각나요.	N	2022-10-15 01:15:22	2022-10-15 01:15:22
BE22029204	6	1	하지만 엄마 생각에는 우리 아들에게 고백했다는 친구, 참 멋있고 용기 있는 것 같아. 자기 마음을 누군가에게 전하는 것만큼이나 표현하는 게 참 어렵잖아. 그만큼 아들을 많이 좋아하는 게 아닐까.	N	2022-10-15 01:15:22	2022-10-15 01:15:22
BE22029204	7	0	저도 저를 좋아해 주는 마음이야 고맙기만 해요. 하지만 좀 더 저의 입장을 배려했다면 그렇게 불특정 다수가 있는 곳에서 마음을 표현하지는 않았을 것 같아요. 저는 당장 친구들이 어떻게 할 거냐고 물을 때마다 너무 당황스럽거든요.	N	2022-10-15 01:15:22	2022-11-08 06:28:50
BE22029204	8	1	마음이라는 게 서로 완벽하게 통하기가 참 어려운 것 같아. 엄마는 지금은 당황스러워도 나중에는 정말 귀한 추억이 될 거라 생각해. 누군가 나를 무해하게 좋아해 준다는 게 참 기쁜 일이잖아.	N	2022-10-15 01:15:22	2022-11-08 06:28:50
BE22029204	9	0	엄마 말을 들어보니까 그 친구가 저를 많이 좋아했던 것 같아요. 하지만 지금으로서는 뭘 어떻게 해야 할지 모르겠어요. 친구들의 반응도 너무 부담스럽기만 하고요.	N	2022-10-15 01:15:22	2022-10-15 01:15:22
BE22029204	10	1	고백을 한 아이가 지금 당장 답을 달라고 한 게 아니라면 시간을 두고 고민해보면 어떨까. 그 아이의 마음도 중요하지만 우리 아들의 마음도 중요하니까 말이야. 뭐가 되었든지 엄마는 아들이 자기감정에 솔직했으면 좋겠다고 생각해.	N	2022-10-15 01:15:22	2022-11-08 06:28:50
BE22029204	11	0	저도 제가 제 마음에 보다 솔직할 수 있었으면 좋겠어요. 하지만 그 친구의 갑작스러운 고백에 제 마음을 돌볼 여력이 없었어요. 엄마랑 대화를 나누고 마음이 한결 나아진 것 같아요, 고맙습니다.	N	2022-10-15 01:15:22	2022-10-15 01:15:22
BE22029204	12	1	사람 마음이라는 게 참 쉽지 않지. 엄마도 그런 경험이 있어서 그게 어떤 건지 알아. 하지만 모든 순간에서 가장 중요한 건 자기 자신의 마음이라는 걸 잊지 않았으면 좋겠어.	N	2022-10-15 01:15:22	2022-11-08 06:28:50
BE22029204	13	0	네, 엄마 지금까지는 다른 친구들의 반응이나 고백을 한 친구의 마음만을 신경 썼어요. 그런데 이제는 보다 제 마음에 대해 고민해야겠어요. 저에게 늘 현명한 길을 안내해 주셔서 감사해요.	N	2022-10-15 01:15:22	2022-10-15 01:15:22
BE22029204	14	1	엄마는 그냥 들어주기만 했을 뿐인걸. 우리 아들이 스스로 자기가 가야 하는 방향을 찾아가는 게 참 근사하다. 엄마도 늘 멀고도 가까운 곳에서 응원할게.	Y	2022-10-15 01:15:22	2022-11-08 06:28:50
