id	utterance_id	utterance_type	utterance_text	terminate	regDate	updDate
BE22022130	1	0	아들아, 이번에 새로 산 노트북이 도통 익숙해지지 않는구나. 원래 노트북보다 훨씬 시간이 오래 걸리다 보니, 오히려 할 일이 많아진 것 같아 당황스러워.	N	2022-09-27 18:53:42	2022-09-27 18:53:42
BE22022130	2	1	죄송해요, 제일 평이 좋은 걸로 골라드렸는데. 전에 쓰던 브랜드와 운영체제가 달라 많이 헷갈리시나 봐요. 어떤 점이 불편하셨던 건가요?	N	2022-09-27 18:53:42	2022-11-08 05:46:41
BE22022130	3	0	찾는 키보드 키가 안 보이고, 화면 아래에 있어야 할 메뉴가 위에 가 있는데 거북해. 특히 항상 쓰던 프로그램들이 이 노트북에선 안 된다고 하는데, 어떻게 해야 할지 정말 당황스럽구나.	N	2022-09-27 18:53:42	2022-09-27 18:53:42
BE22022130	4	1	지금 아버지가 얼마나 난감하실지 이해가 돼요. 저도 처음에 그 운영체제로 바뀌었을 때는 너무 달라서 많이 우왕좌왕했었거든요. 그렇지만 시간이 지나면 금방 익숙해지실 테고, 이만한 시스템이 없다고 느끼실 거예요!	N	2022-09-27 18:53:42	2022-11-08 05:46:41
BE22022130	5	0	젊은 너와 달리 난 나이가 들다 보니깐 이 모든 게 쉽지가 않구나. 노트북에, 스마트폰 앱에, 나 같은 늙은이들에겐 하루하루 세상이 너무 빨리 변해서 당황스러울 뿐이야.	N	2022-09-27 18:53:42	2022-09-27 18:53:42
BE22022130	6	1	아니에요, 아버지 정도시면 굉장히 능숙하고 유연하게 적응하시는 편이세요! 인터넷 켜는 것 하나도 버거워하시는 또래분들에 비해 아버지는 컴퓨터로 혼자 문제없이 작업하시잖아요. 자신을 가지세요, 아버지 연세에 아버지만큼 수월하게 전자기기를 다루시는 분을 제가 본 적이 없어요.	N	2022-09-27 18:53:42	2022-11-08 05:46:41
BE22022130	7	0	고맙지만 안심하기에는 요새 문제가 많았단다. 요번에도 화상으로 수업을 들었는데, 오디오가 어떻고, 카메라가 이렇고 정말 난리가 난 게 당황스럽기 그지없었단다.	N	2022-09-27 18:53:42	2022-09-27 18:53:42
BE22022130	8	1	뭐든 처음 해보는 건 누구나 서툴고 당황할 수밖에 없잖아요. 두 번째 하실 때는 분명 문제없이 훨씬 침착하게 하실 수 있으실 거예요. 그러니 일이 잘되지 않는다고 해도 너무 당황하시지 마시고 마음을 편히 가지세요.	N	2022-09-27 18:53:42	2022-11-08 05:46:41
BE22022130	9	0	그랬으면 좋겠지만 도무지 익숙해지는 날이 오지 않는구나. 뭔가 겨우 익혔을 때쯤 또 새롭고 낯선 것들이 나와. 그러면 다시 당황하면서 적응하려는 발버둥의 순환이란다.	N	2022-09-27 18:53:42	2022-09-27 18:53:42
BE22022130	10	1	나이에 상관없이 누구나 이 치열한 경쟁 사회에서 도태되지 않기 위해 겪는 고난이겠죠. 하지만 아버지는 젊은 시절부터 노력을 거듭해 저희를 먹여 살려오신 전사 시잖아요. 이 끝없는 배움과 적응 속에서도 분명 잘 해내실 거예요.	N	2022-09-27 18:53:42	2022-11-08 05:46:41
BE22022130	11	0	우리 아들이 날 그렇게 봐주니 엄살을 부릴 수가 있어야지. 할 수 있다고 응원하는데 아비로서 분발해야겠어. 고맙구나, 네 덕분에 자신이 생기고 침착해지는 기분이야.	N	2022-09-27 18:53:42	2022-09-27 18:53:42
BE22022130	12	1	진정하시고 기운 차리셔서 다행이에요! 제가 학생 때 방황하고 헤맬 때도 절 이끌어주셨던 아버지시잖아요. 이번엔 제가 아버지를 도와드릴 수 있다면 이 이상 기쁠 수 없을 거예요.	N	2022-09-27 18:53:42	2022-11-08 05:46:41
BE22022130	13	0	나야말로 네가 있어줘서 정말 든든하구나. 시간이 된다면 이 새 노트북 조작법을 익히는 걸 도와주지 않으련?	N	2022-09-27 18:53:42	2022-09-27 18:53:42
BE22022130	14	1	제가 고른 것인데 당연히 제가 도와드려야죠. 걱정 마세요, 아버지라면 금세 익히셔서 전보다도 빠르게 일을 하실 수 있으실 거예요.	Y	2022-09-27 18:53:42	2022-11-08 05:46:41
