id	utterance_id	utterance_type	utterance_text	terminate	regDate	updDate
BE22026433	1	0	아빠. 저 요즘 잠에서 깨면 너무 당황스러운 것 같아요. 놀란 마음이 진정이 안 되네요.	N	2022-10-10 09:06:34	2022-11-08 06:12:09
BE22026433	2	1	자면서 악몽이라도 꾸는거야? 왜 그렇게 당황스러워 하는거니?	N	2022-10-10 09:06:34	2022-10-10 09:06:34
BE22026433	3	0	맞아요. 요즘 높은 곳에서 떨어지는 악몽을 자주 꿔요. 일어나면 당황스러운 마음에 매번 혼비백산 한다니까요.	N	2022-10-10 09:06:34	2022-10-10 09:06:34
BE22026433	4	1	편안하게 숙면을 취해야하는데 악몽을 꿔서 일어나자마자 많이 당황스럽겠네. 잘 때마다 그런 일이 잦으면 일상이 힘들텐데 아빠는 네가 걱정스럽구나.	N	2022-10-10 09:06:34	2022-11-08 06:12:09
BE22026433	5	0	그런 꿈을 꾸고 일어나면 마치 실제로 겪은 것 같은 느낌에 순간적으로 너무 놀라요. 당황스러운 마음에 다시 잠 들 수도 없어 너무 힘드네요.	N	2022-10-10 09:06:34	2022-11-08 06:12:09
BE22026433	6	1	아빠가 너였어도 그런 꿈을 꾼다면 많이 놀랄 것 같구나. 그렇지만 어차피 꿈일뿐이니 당황스러운 마음을 진정시키려고 노력해 봐.	N	2022-10-10 09:06:34	2022-11-08 06:12:09
BE22026433	7	0	꿈이라기엔 너무 생생해서 더 당황스러운 것 같아요. 꿈에서 깨고도 일정 시간 동안은 꿈과 현실이 구분되지 않아 마음이 요동치는 것 같아요.	N	2022-10-10 09:06:34	2022-11-08 06:12:09
BE22026433	8	1	너의 놀란 마음을 아빠가 곁에서 진정시켜 줄 수 있다면 좋을 것 같다. 네가 이렇게 놀라고 힘들 때 네 곁에 함께 있어주지 못해 너무 안타깝구나. 아빠는 그래도 강인한 네가 스스로 잘 이겨낼거라 믿어.	N	2022-10-10 09:06:34	2022-11-08 06:12:09
BE22026433	9	0	사실 아직도 당황스럽고 혼란스러운 이 마음이 진정되지 않아요. 반복되는 악몽과 깨어난 후 당황스러워 할 제 모습에 이젠 잠에 들기도 두려워지는 것 같아요.	N	2022-10-10 09:06:34	2022-10-10 09:06:34
BE22026433	10	1	꿈의 의미를 좋은 쪽으로 생각해보면 어떨까? 높은 곳에서 떨어지는 꿈을 꾸는건 키가 큰다는 의미도 있잖아. 꿈은 네가 선택할 수 없으니 피할 수 없으면 긍정적으로 받아들이려 해 봐.	N	2022-10-10 09:06:34	2022-10-10 09:06:34
BE22026433	11	0	그러고 보니 제가 꿈에서 깨고 불편했던 마음만 기억해서 당황스러움을 이겨내지 못했던 것 같다는 생각이 드네요. 정말 그 꿈의 의미를 좋은 쪽으로 해석하니 당황스러운 마음이 사라지는 것 같아요.	N	2022-10-10 09:06:34	2022-11-08 06:12:10
BE22026433	12	1	꿈을 현실을 반영하기도 하잖아. 아마 네가 한창 클 나이가 되어서 그런 꿈을 꾸는걸 수도 있어. 앞으로 더 멋져질 네 모습을 기대하면 너의 마음을 다스리기에도 좋을 것 같구나.	N	2022-10-10 09:06:34	2022-11-08 06:12:10
BE22026433	13	0	아빠의 말씀을 듣고 생각해보니 오히려 악몽이라기보단 길몽이라는 생각이 드네요. 지금보다 더 멋있어질 저를 생각하면 기대가 돼요.	N	2022-10-10 09:06:34	2022-10-10 09:06:34
BE22026433	14	1	당황스러움을 극복하고 멋진 어른이 될 네 모습이 아빠도 참 기대가 된다. 지금처럼 건강하게만 자라다오.	N	2022-10-10 09:06:34	2022-11-08 06:12:10
BE22026433	15	0	제가 아빠를 닮았잖아요. 아빠처럼 멋진 어른이 될게요.	Y	2022-10-10 09:06:34	2022-10-10 09:06:34
