id	utterance_id	utterance_type	utterance_text	terminate	regDate	updDate
BE22019714	1	0	어제 먹은 것이 잘못되었는지 오늘 유난히 화장실을 자주 가요. 화장실을 자꾸 들락날락하니 정말 당황스러워요.	N	2022-09-22 05:09:36	2022-11-08 05:35:11
BE22019714	2	1	나라도 순간 오만가지 감정이 들었을 것 같아. 정신은 없는데 남들은 신경 쓰고 어찌할 바를 모르고 힘들었겠다. 그런 고생을 한 우리 아들이 정말 안쓰러워.	N	2022-09-22 05:09:36	2022-11-08 05:35:11
BE22019714	3	0	반 친구들이 저만 쳐다 보는 것 같아서 부끄러웠어요. 얼굴이 정말 화끈해져서 더울 지경이더라고요. 진짜 쥐구멍이라도 있으면 가서 숨고 싶더라고요.	N	2022-09-22 05:09:36	2022-09-22 05:09:36
BE22019714	4	1	정말 경황이 없고 뜻밖의 일에 얼마나 가슴이 두근거렸겠니. 생리현상은 조절할 수 있는 게 아니니 더 당황했을 것 같아.	N	2022-09-22 05:09:36	2022-11-08 05:35:11
BE22019714	5	0	수업 중에 화장실을 가는 바람에 선생님께서 저를 어떻게 생각할지 정말 걱정스럽기까지 하더라고요. 선생님 눈치가 너무 보여서 속이 답답했어요.	N	2022-09-22 05:09:36	2022-09-22 05:09:36
BE22019714	6	1	우리 아들이 선생님 기분을 신경 쓰느라 속상했겠다. 화장실 가는 건 원래 정상적인 생리 현상일 뿐이고 선생님도 자연스럽게 받아들였을 거야.	N	2022-09-22 05:09:36	2022-11-08 05:35:11
BE22019714	7	0	선생님도 그렇게 생각했으면 좋겠어요. 수업 전에 미리 말씀은 드렸는데 수업 중간에 배가 아파서 화장실을 갈 수밖에 없었거든요.	N	2022-09-22 05:09:36	2022-11-08 05:35:11
BE22019714	8	1	수업 전에 양해를 구한 예의 바른 너의 행동은 정말 대단한 것 같아. 선생님의 마음을 잘 고려한 선택이었어. 그렇게 세심한 우리 아들을 칭찬하지 않을 수 없네.	N	2022-09-22 05:09:36	2022-09-22 05:09:36
BE22019714	9	0	아빠의 칭찬 덕분에 잔뜩 가라앉았던 기분이 조금은 나아진 것 같아요. 아까는 너무나 당황스러운 마음에 심장이 두근거렸는데 진정이 되었어요.	N	2022-09-22 05:09:36	2022-09-22 05:09:36
BE22019714	10	1	네 마음이 괜찮아졌다면 다행이구나. 배도 아프기도 하고 기분도 안좋아보여서 걱정이 컸는데.	N	2022-09-22 05:09:36	2022-11-08 05:35:11
BE22019714	11	0	배는 약을 먹었더니 지금은 괜찮아졌어요. 아빠께 다 털어놓았더니 마음이 든든해지네요. 아빠께 이야기를 털어놔서 정말 다행이에요.	N	2022-09-22 05:09:36	2022-09-22 05:09:36
BE22019714	12	1	우리 아들이 안 아프다는 소식이 아빠는 정말 반갑네. 우리 아들 아프지 말고 건강하자.	N	2022-09-22 05:09:36	2022-11-08 05:35:11
BE22019714	13	0	걱정해주는 아빠께 정말 감사하고 고맙습니다. 오늘 힘내서 수업 잘 듣고 돌아갈게요!	N	2022-09-22 05:09:36	2022-09-22 05:09:36
BE22019714	14	1	아빠가 도움이 되었다니 진짜 영광이네. 아빠는 항상 우리 아들 편이니까 언제든 털어놓으렴!	Y	2022-09-22 05:09:36	2022-09-22 05:09:36
