id	utterance_id	utterance_type	utterance_text	terminate	regDate	updDate
BE22012876	1	0	딸아, 엄마가 오랜만에 청바지를 샀어. 그런데 어쩐지 입으려니까 자신이 없고 당황스런 마음이 드네.	N	2022-08-02 07:19:48	2022-11-08 04:46:59
BE22012876	2	1	왜요? 청바지에 문제가 있어요? 아니면 엄마한테 어울리지 않는 것 같아서 그래요?	N	2022-08-02 07:19:48	2022-11-08 04:46:59
BE22012876	3	0	청바지를 입지 않은 지 너무 되어서 입어 보고 싶더라고. 그래서 청바지를 샀는데, 너무 젊은 스타일이라 조금 당황스럽네. 나이에 어울리지 않는다는 생각이 자꾸 들어서 입기가 좀 망설여져.	N	2022-08-02 07:19:48	2022-11-08 04:46:59
BE22012876	4	1	나이 든 사람이라는 생각 때문에 새로 산 옷을 입기가 망설여진다니 딸의 입장에서 너무 가슴이 아파요. 엄마가 벌써 청바지 때문에 고민한다니 너무 혼란스러워요. 예전에 엄마는 청바지를 무척이나 즐겨 입었고, 너무 멋있었거든요.	N	2022-08-02 07:19:48	2022-11-08 04:46:59
BE22012876	5	0	엄마의 젊었을 때 모습을 기억해주니 정말 고맙구나. 옛날엔 어떤 옷을 입던 자신감이 있었는데, 이젠 아니야. 엄마가 너무 늙었나 봐.	N	2022-08-02 07:19:48	2022-11-08 04:46:59
BE22012876	6	1	엄마는 얼굴도 동안이고 살이 찌지 않아서 엄마 나이보다 훨씬 젊어 보여요. 그러니까 자신감을 갖고 청바지를 입어보세요. 청바지를 입은 엄마의 모습은 상상만 해도 너무 멋져요.	N	2022-08-02 07:19:48	2022-11-08 04:46:59
BE22012876	7	0	그런가? 그런데 이번에 산 청바지는 찢어진 것으로 멋을 낸 청바지야. 입기가 민망할 것 같아서 망설여져. 괜히 샀나 봐. 후회돼.	N	2022-08-02 07:19:48	2022-11-08 04:46:59
BE22012876	8	1	엄마, 요즘은 남녀노소 구분 없이 모두 스타일에 연연하지 않고 청바지를 즐겨 입어요. 더군다나 찢어진 청바지라니, 엄마의 센스에 깜짝 놀랐어요. 엄마는 예전부터 청바지를 입으면 다리가 길어 보이고 멋졌으니까 자신감을 가지세요.	N	2022-08-02 07:19:48	2022-11-08 04:46:59
BE22012876	9	0	그럴까? 정말 엄마 나이에도 청바지를 입어도 될까? 입고는 싶은데 사람들이 뭐라고 하지 않을까 불안하고 혼란스러운 마음이 들어.	N	2022-08-02 07:19:48	2022-11-08 04:46:59
BE22012876	10	1	남들의 불편한 시선이 의식되는 엄마의 마음은 충분히 이해할 수 있어요. 하지만 막상 엄마가 청바지를 입고 나타나면 우려했던 시선이 사라져서 오히려 당황스러울 거예요. 왜냐면 찢어진 청바지를 입은 엄마의 모습은 너무나 멋져 보일 거거든요.	N	2022-08-02 07:19:48	2022-11-08 04:46:59
BE22012876	11	0	딸의 말을 들으니까 청바지 입을 만한 자신이 조금 생기는 것도 같아. 나이 생각하지 말고 입어야겠어.	N	2022-08-02 07:19:48	2022-11-08 04:46:59
BE22012876	12	1	그럼요. 잘 생각하셨어요. 엄마는 나이보다 훨씬 젊어 보이기도 하지만, 패션스타일이 아주 멋지고 좋잖아요. 엄마는 젊은 청춘이니까 앞으로도 나이 생각은 절대 하지 않았으면 좋겠어요.	N	2022-08-02 07:19:48	2022-11-08 04:46:59
BE22012876	13	0	딸이 나름대로 젊은 청춘이라니고 말해 주니까 갑자기 자신감이 확 생기네.	N	2022-08-02 07:19:48	2022-11-08 04:46:59
BE22012876	14	1	오늘은 퇴근하자마자 집으로 갈게요. 찢어진 청바지를 입은 엄마와 함께 쇼핑하러 가야겠어요. 멋진 엄마의 모습을 모두에게 보여주고 싶으니까요.	N	2022-08-02 07:19:48	2022-11-08 04:46:59
BE22012876	15	0	그래. 오랜만에 청바지도 입고, 딸과 함께 쇼핑하러 간다니 무척 좋다. 자신감을 갖게 해 줘서 고맙다.	Y	2022-08-02 07:19:48	2022-11-08 04:46:59
