id	utterance_id	utterance_type	utterance_text	terminate	regDate	updDate
BE22023668	1	0	엄마, 나 큰일 났어 어떡해. 나 지금 집 앞인데 현관문이 열려 있어. 이게 무슨 일이야. 나 너무 당황스러워.	N	2022-10-03 08:43:48	2022-11-08 05:55:46
BE22023668	2	1	왜 그래, 우리 아가 무슨 일이야, 괜찮아? 엄마 어디 안 가니까 차근차근 얘기해도 돼. 어려운 일 있으면 다 말해도 괜찮으니까.	N	2022-10-03 08:43:48	2022-11-08 05:55:46
BE22023668	3	0	아니 진짜 아닌데, 나 분명히 문 닫고 갔단 말이야. 나 어떡해. 아무 생각이 안 들어. 엄마 나 너무 혼란스러워.	N	2022-10-03 08:43:48	2022-10-03 08:43:48
BE22023668	4	1	갑자기 벌어진 일에 너무 당황스러울 거 같아. 하지만 갑작스런 일에 너무 큰 충격을 받지 않았으면 좋겠어. 어떤 일이 일어나더라도 엄마랑 같이 해결할 수 있을 거야.	N	2022-10-03 08:43:48	2022-11-08 05:55:46
BE22023668	5	0	그럼 나 어떡하면 되는데? 문 닫았는지 기억도 제대로 못 하나 봐. 나 너무 한심한 사람 같아.	N	2022-10-03 08:43:48	2022-11-08 05:55:46
BE22023668	6	1	아니야, 우리 아가 괜찮을 거야. 작은 일일 수 있으니까 너무 스스로를 갉아먹지 않았으면 좋겠어. 우리 아가는 멋진 점들 많은데 아무리 멋진 사람도 어려운 일을 마주하거나 실수할 수 있잖아.	N	2022-10-03 08:43:48	2022-11-08 05:55:46
BE22023668	7	0	저는 절 모르겠어요. 이런 작은 일들도 혼란스러워 하고 내가 혼자서 한 사람 몫을 할 수 있을지 모르겠어요. 이런 내가 너무 부끄러워.	N	2022-10-03 08:43:48	2022-10-03 08:43:48
BE22023668	8	1	우리 아가는 엄마의 가장 큰 자랑이란다. 이런 고민도 더 나은 사람이 되기 위해 하는 고민이잖아. 어렵고 부딪히고 넘어져도 다시 일어날 용기만 있으면 괜찮아.	N	2022-10-03 08:43:48	2022-11-08 05:55:46
BE22023668	9	0	혼자서 살아갈 만큼 스스로 어른이라고 말할 수 있는 사람이 될 수 있을까? 나는 사소한 일도 제대로 못하는 사람은 어른이라고 생각 안 하고 그게 나인 거 같아. 나 사실 열등감에 사로잡혀 있는 거 같아.	N	2022-10-03 08:43:48	2022-10-03 08:43:48
BE22023668	10	1	어른이 된다는 건 계속 해나가는 일이라고 생각해. 우리 아가가 가지고 있는 이맘이 지속되는 한 훌륭히 이겨낼 수 있다고 믿어 줘. 엄마도 계속해서 어른이 되는 중이고 누구나 그렇단다.	N	2022-10-03 08:43:48	2022-11-08 05:55:46
BE22023668	11	0	그렇게 생각해 볼게. 엄마가 나를 좀 더 믿어준다면 힘낼 수 있을 거 같아. 안정된 나를 찾을 수 있을 거 같아.	N	2022-10-03 08:43:48	2022-11-08 05:55:46
BE22023668	12	1	우리 아가 너무 걱정말고 엄마랑 이렇게 얘기하고 있으니까 더 나쁜 일 없을 거야. 너무 두렵고 걱정되는 일들 마주하겠지만 이렇게 얘기하다 보면 해결책이 보일 거야. 엄마가 지금까지 배운 일들 모두 우리 아가를 위해 쓸 준비가 되어있는걸.	N	2022-10-03 08:43:48	2022-11-08 05:55:47
BE22023668	13	0	응응, 그럴게 엄마. 방금까지 아무 생각도 못 하고 있었는데 이제 정신 좀 차려 볼게.	N	2022-10-03 08:43:48	2022-10-03 08:43:48
BE22023668	14	1	엄마가 옆에 있어주지 못해서 미안해. 그래도 이렇게 바로 연락해 줘서 고마워. 지금 이렇게 둘다 몸 건강히 있으니까 큰일 아닐 거라고 기도하고 있을게.	N	2022-10-03 08:43:48	2022-11-08 05:55:47
BE22023668	15	0	고마워 엄마. 조금 진정 된 거 같아. 무슨 일인지 확인 하고 바로 연락할 게 너무 고마워.	Y	2022-10-03 08:43:48	2022-11-08 05:55:47
