id	utterance_id	utterance_type	utterance_text	terminate	regDate	updDate
BE22027645	1	0	엄마, 오랜만에 친구들을 만나러 나갔는데 옷에 보풀이 심하게 난 거 있죠? 이것도 친구가 알려줘서 알게 되었어요. 집에 오는 내내 너무 부끄러워서 당황스럽더라고요.	N	2022-10-12 11:24:38	2022-10-12 11:24:38
BE22027645	2	1	우리 딸이 혼자 당황스러웠을 거라 생각하면 너무 속상하다. 엄마가 나가기 전에 살짝 봐줬으면 좋았을 텐데 너무 아쉽기만 하네. 그래도 모처럼 친구들과 만나서 즐거운 시간 보내지 않았어?	N	2022-10-12 11:24:38	2022-11-08 06:19:24
BE22027645	3	0	애들 만나서 노는 건 재미있었지만 친구가 옷 얘기를 하자마자 너무 신경이 쓰여서 집중하기가 어려웠어요. 애들이 저를 어떻게 봤을지 생각하면 너무 부끄럽기만 해요. 다들 오랜만에 만난다고 꾸미고 나온 날이었거든요.	N	2022-10-12 11:24:38	2022-10-12 11:24:38
BE22027645	4	1	엄마도 가끔 동창회나 동호회 모임이 있을 때면 평소보다 옷차림에 신경을 쓰게 되더라고. 그게 얼마나 사람을 예민하게 만드는지 잘 알고 있어서 그런지 그 마음이 충분히 이해가 가. 하지만 이미 지난 일이니 더는 마음에 담아두지 않는 게 어떨까.	N	2022-10-12 11:24:38	2022-11-08 06:19:24
BE22027645	5	0	앞으로 친구들을 언제 또 만날지 모르는데 자꾸만 옷에 있었던 보풀만 생각나요. 친구들이 뒤에서 얘기를 하지 않았나 걱정이 되기도 하고요. 지금의 당황스러움을 어떻게 극복해야 할지 모르겠어요.	N	2022-10-12 11:24:38	2022-10-12 11:24:38
BE22027645	6	1	엄마가 인생을 살아보니까 생각보다 사람들이 다른 이에게 관심이 없더라고. 아마 친구들은 집에 가자마자 옷의 보풀은 까맣게 잊어버렸을 거야. 그보다 더 멋지고 즐거운 시간을 보냈을 테니 말이야.	N	2022-10-12 11:24:38	2022-11-08 06:19:24
BE22027645	7	0	친구들이 그다지 신경을 쓰지 않는데 저만 혼자 그러는 것 같아서 더 답답해요. 이제는 어딜 가도 옷만 신경 쓰일 것 같고요. 이렇게까지 오랫동안 부끄러운 감정을 느끼게 될 줄은 몰랐어요.	N	2022-10-12 11:24:38	2022-10-12 11:24:38
BE22027645	8	1	엄마는 우리 딸이 보여지는 것보다 내면을 더 중요시하는 사람이라 생각해. 우리 딸은 항상 다른 사람의 외면보다 마음을 더 살필 줄 아는 사람이니까 말이야. 아마 우리 딸이랑 친한 사람들도 다 그런 마음을 가졌을 거야.	N	2022-10-12 11:24:38	2022-11-08 06:19:24
BE22027645	9	0	사실 다른 사람이 어떤 옷을 입었는지는 그렇게 신경 쓰이지 않아요. 그런데 막상 제 일이라 생각하니 너무 부끄럽고 답답한 거 있죠. 그날의 당황스러움도 좀처럼 잊히지 않고요.	N	2022-10-12 11:24:38	2022-10-12 11:24:38
BE22027645	10	1	우리 딸의 괴로운 마음이 쉽사리 사라지지는 않을 거야. 하지만 엄마는 그런 마음도 결국 옅어지는 순간의 감정이라 생각해. 그러니 이제는 훌훌 털고 새로운 일상을 시작하면 어떨까?	N	2022-10-12 11:24:38	2022-11-08 06:19:24
BE22027645	11	0	맞아요. 엄마 말대로 친구들은 제가 뭘 입었는지도 생각하지 못할 텐데 생각이 너무 많았어요. 앞으로는 다른 사람의 시선에 더는 얽매이지 않아야 할 것 같아요. 엄마 덕에 마음이 훨씬 가뿐해졌어요, 감사해요.	N	2022-10-12 11:24:38	2022-11-08 06:19:24
BE22027645	12	1	우리 딸의 마음이 나아졌다니 다행이야. 언제든 힘들고 괴로운 일이 있으면 엄마한테 말해주렴. 엄마가 잘 들어줄 테니 말이야.	N	2022-10-12 11:24:38	2022-11-08 06:19:24
BE22027645	13	0	엄마도 혼자 괴로운 일이 있을 때면 저한테 언제든지 말해 주세요. 저도 엄마에게 늘 든든한 힘이 되어주고 싶어요. 늘 제 얘기를 잘 들어주셔서 감사해요.	N	2022-10-12 11:24:38	2022-11-08 06:19:24
BE22027645	14	1	엄마는 우리 딸과 함께라면 늘 기분이 좋은걸. 그러니까 고민이 있을 때면 언제라도 연락하렴. 오늘 하루도 기분 좋게 보내길 바랄게.	Y	2022-10-12 11:24:38	2022-11-08 06:19:24
