id	utterance_id	utterance_type	utterance_text	terminate	regDate	updDate
BE22027617	1	0	엄마, 저 오늘 너무 당황스러운 일이 있었어요. 남들이 저를 어떻게 봤을까 싶어서 너무 아찔해요.	N	2022-10-12 10:41:23	2022-10-12 10:41:23
BE22027617	2	1	무슨 이유 때문에 그렇니? 오늘 안 좋은 사고라도 생겼어?	N	2022-10-12 10:41:23	2022-10-12 10:41:23
BE22027617	3	0	친구 따라서 교회에 갔는데 알고 보니까 제가 옷을 뒤집어 입고 나왔더라고요. 예배 끝날 즈음에 오줌이 마려워서 화장실 갔는데 거울 보고 알게 된 거라 너무 당황스러워요. 분명 다른 사람들도 제가 옷 뒤집어 입고 온 걸 알았을 텐데 말이에요.	N	2022-10-12 10:41:23	2022-10-12 10:41:23
BE22027617	4	1	나에게 일어난 일이라 상상하니까 나 역시 너무나 당황스러워했을 것 같구나. 너 참 당황스러운 나머지 허둥 지둥거렸겠구나. 아무래도 그런 일은 사람은 어찌할 발 모르게 만들지.	N	2022-10-12 10:41:23	2022-11-08 06:19:14
BE22027617	5	0	친구가 이미 다른 교회 친구들한테 저를 인사 시키고 나서 안 사실이거든요. 그 친구들은 아마 저를 이상하게 봤을 것 같아요. 근데 저도 너무 당황스러워서 아무 말도 못 하고 예배 끝나자마자 도망 나왔어요.	N	2022-10-12 10:41:23	2022-10-12 10:41:23
BE22027617	6	1	당혹스러운 일이 생기면 누구나 회피하고 싶은 욕구가 들기 마련이지. 그래도 친구 입장에서는 네가 그래서 놀라지 않았을까 싶어. 친구는 아마 너의 사정을 모르고 있을 텐데 말이야.	N	2022-10-12 10:41:23	2022-11-08 06:19:14
BE22027617	7	0	안 그래도 친구한테 왜 벌써 가냐고 연락이 오긴 했어요. 근데 제가 어떻게 대처해야 할지 몰라서 아직 답장을 못 했어요. 교회에 또 놀러 오라고 하는데 사람들 눈이 의식이 돼서 못 갈 것 같아요.	N	2022-10-12 10:41:23	2022-10-12 10:41:23
BE22027617	8	1	요즘은 신기한 디자인의 옷이 많이 나오잖아, 아마 다른 사람들도 그냥 독특한 옷이라 생각했을 거야. 너는 옷이 뒤집어진 걸 모르고 평소처럼 행동했으니 상대방도 옷이 뒤집어진 거라고 생각하지 않았을 거야. 그 일 하나로 친구들을 사귈 수 있는 기회를 놓치지 않았으면 좋겠어.	N	2022-10-12 10:41:23	2022-11-08 06:19:14
BE22027617	9	0	그 친구들이 분명 저를 이상하다고 생각하지 않을까요? 절 그렇게 볼까 봐 저도 모르게 계속 의식하게 돼요.	N	2022-10-12 10:41:23	2022-10-12 10:41:23
BE22027617	10	1	당연하지, 오늘 일어난 일이라서 너도 감정적으로 느끼는 거지, 시간 지나면 괜찮아져. 그러니까 너무 의기소침해질 필요 없어. 그 친구들은 분명 너의 밝고 긍정적인 모습을 보고 좋아할 테니까 말이야!	N	2022-10-12 10:41:23	2022-11-08 06:19:14
BE22027617	11	0	엄마가 그렇게 말해주니 안심이 되네요. 이제 좀 마음이 진정이 돼요. 아무래도 친구한테 그냥 솔직하게 말하고 넘어가야겠어요.	N	2022-10-12 10:41:23	2022-11-08 06:19:14
BE22027617	12	1	그래, 잘 생각했단다. 다음에도 그런 일 있을 땐 기죽지 말고 오히려 당당하게 자신감을 갖기를 바랄게. 그러면 오히려 아무도 이상하게 보지 않을 테니까 말이야.	N	2022-10-12 10:41:23	2022-11-08 06:19:14
BE22027617	13	0	네, 엄마 말대로 다음에는 그렇게 해야겠어요. 엄마 아니었으면 계속 의기소침하게 있을 뻔했네요. 달래줘서 정말 고마워요!	N	2022-10-12 10:41:23	2022-11-08 06:19:14
BE22027617	14	1	내 말에 위안을 얻어서 참 다행이구나. 다음에는 그런 곤란한 일이 안 생기기를 바랄게!	Y	2022-10-12 10:41:23	2022-11-08 06:19:14
