id	utterance_id	utterance_type	utterance_text	terminate	regDate	updDate
BE22029178	1	0	엄마 저 헬스장에 왔어요, 아까 도착했는데 당황스러워서 운동을 못하고 있어요.	N	2022-10-14 23:44:53	2022-10-14 23:44:53
BE22029178	2	1	그래 퇴근하고 늘 운동을 하고 오는 게 네 일과잖아, 무슨 난감한 상황이 생긴 거니?	N	2022-10-14 23:44:53	2022-11-08 06:28:41
BE22029178	3	0	챙겨온 운동복으로 갈아입었는데, 요즘 장마철이잖아요. 옷이 덜 말랐는지 꿉꿉한 냄새가 진동을 해요. 이걸 입고 운동을 하면 분명 안 좋은 냄새를 풍기게 될 것 같아서 어쩔 줄 모르겠네요.	N	2022-10-14 23:44:53	2022-11-08 06:28:41
BE22029178	4	1	사람들이 혹시나 눈치를 챌까 싶어서 당황을 했구나. 넌 남의 이목을 끄는 걸 싫어하니 더욱 곤란해 하고 있을 것 같다.	N	2022-10-14 23:44:53	2022-11-08 06:28:41
BE22029178	5	0	운동을 하지 않고 가자니, 옷 핑계로 스스로와 한 약속을 못 지키는 것 같고. 또 운동을 하자니, 누군가 알게 된다면 너무 창피할 것 같아서 좁은 탈의실을 왔다 갔다 하고 있어요.	N	2022-10-14 23:44:53	2022-11-08 06:28:41
BE22029178	6	1	엄마라도 많이 고민이 됐을 것 같아. 너의 다급함이 문자로 느껴지는구나. 스스로를 위한 운동이니만큼, 네 마음에 집중을 해보면 어떨까?	N	2022-10-14 23:44:53	2022-11-08 06:28:41
BE22029178	7	0	엄마 말씀이 맞아요, 사실 운동을 그냥 하려면 할 텐데 내심 운동 하고 싶지가 않았나봐요. 엄마 말을 듣고보니 제 속마음은 또 달랐다는 게 놀랍게 느껴지기도 해요.	N	2022-10-14 23:44:53	2022-11-08 06:28:41
BE22029178	8	1	누구나 그런 양면과 같은 마음을 가진 채 선택을 하는 거란다. 너만 그런 게 아니니, 그 점을 마음에 담아두지 않아도 돼. 평범한 사람이라면 모두가 그럴 테니 말이야.	N	2022-10-14 23:44:53	2022-11-08 06:28:41
BE22029178	9	0	그런 걸까요? 전 지금 내가 대체 뭘 어쩌고 싶은 건지 많이 혼란스러운걸요.	N	2022-10-14 23:44:53	2022-11-08 06:28:41
BE22029178	10	1	오히려 진짜 네가 원하는 걸 알아가려고 열심히 고민 중이잖니. 그 점이 참 훌륭하다고 생각한단다. 그리고 엄마는 진짜 네가 원하는 선택을 하길 바래.	N	2022-10-14 23:44:53	2022-11-08 06:28:41
BE22029178	11	0	사람들 이목보다, 전 제 건강이 더 중요해요. 합리화를 하면서 운동을 피하려고 했다니 조금은 부끄럽네요. 엄마랑 이야기를 하니 마음 편히 운동을 할 수 있겠어요.	N	2022-10-14 23:44:53	2022-10-14 23:44:53
BE22029178	12	1	네가 진짜 원하는 바를 찾았구나, 엄마가 도움이 되었다니 정말 다행이야. 장마철에 빨래를 건조시킬 땐 선풍기 바람을 쬐어주는 게 좋아.	N	2022-10-14 23:44:53	2022-11-08 06:28:41
BE22029178	13	0	제가 자취가 처음이라 미처 몰랐어요. 엄마가 앞으로 하나씩 알려주세요.	N	2022-10-14 23:44:53	2022-10-14 23:44:53
BE22029178	14	1	그럼 엄마가 하나부터 열까지 다 알려줄게. 너무 걱정 말고 또 무슨 일 생기면 연락을 주렴.	Y	2022-10-14 23:44:53	2022-11-08 06:28:41
