id	utterance_id	utterance_type	utterance_text	terminate	regDate	updDate
BE22009545	1	0	엄마, 나 아까 장 보러 마트 갔었잖아요.	N	2022-07-17 11:33:21	2022-11-08 04:25:49
BE22009545	2	1	응. 필요한 거는 다 사 왔어?	N	2022-07-17 11:33:21	2022-11-08 04:25:49
BE22009545	3	0	아뇨. 마트가 휴일이더라고요. 그래서 빈손으로 돌아왔어요.	N	2022-07-17 11:33:21	2022-11-08 04:25:49
BE22009545	4	1	뭐야? 우리 똑똑이가 어쩌다가 그런 실수를 했지? 원래 가기 전에 항상 체크해보고 가잖아.	N	2022-07-17 11:33:21	2022-11-08 04:25:49
BE22009545	5	0	제 말이요. 오늘이 토요일인 줄 알았지 뭐예요. 그래서 당연히 열었을 거라 생각하고 간 거였는데 너무 황당했어요.	N	2022-07-17 11:33:21	2022-11-08 04:25:49
BE22009545	6	1	그럴 수도 있지. 엄마도 마트 휴무제 실시한 이후로 그런 적 많아. 우리 딸 문 닫힌 마트 앞에서 많이 당황했겠다.	N	2022-07-17 11:33:21	2022-11-08 04:25:49
BE22009545	7	0	네. 제가 너무 한심했어요. 무슨 요일인지도 모르고 있었다니.	N	2022-07-17 11:33:21	2022-11-08 04:25:49
BE22009545	8	1	우리 딸 요즘 너무 바빴잖아. 휴일 없이 출근하고 매일 야근했으니 헷갈릴 만도 하지 뭐. 한심하다고 생각하지 마. 괜찮아. 이런 실수는 충분히 할 수 있지 뭐.	N	2022-07-17 11:33:21	2022-11-08 04:25:49
BE22009545	9	0	제가 요즘 너무 정신이 없었나 봐요. 게다가 오늘이 일요일이라니 주말까지 도둑맞은 기분이에요.	N	2022-07-17 11:33:21	2022-11-08 04:25:49
BE22009545	10	1	우리 딸! 마트 휴일인 것도 충격인 데, 오늘이 토요일이 아니라 일요일이라는 게 더 당황스러운 거 같네?	N	2022-07-17 11:33:21	2022-11-08 04:25:49
BE22009545	11	0	맞아요. 안 그래도 하루하루가 소중한 주말인데 이런 실수로 하루를 버리다니 너무 한심해요.	N	2022-07-17 11:33:21	2022-11-08 04:25:49
BE22009545	12	1	남은 오후를 더 소중하게 생각하고 알차게 보내보면 어떨까? 약간 아쉬움이 남아야 또 돌아올 주말이 기대될 테니 너무 아쉬워하지 말자.	N	2022-07-17 11:33:21	2022-11-08 04:25:49
BE22009545	13	0	알겠어요, 엄마. 일단 인터넷으로 장을 좀 봐야겠어요. 엄마 말대로 남은 오후 알차게 보내볼게요.	N	2022-07-17 11:33:21	2022-11-08 04:25:49
BE22009545	14	1	그래. 우리 똑똑이. 필요한 거 있으면 언제든지 말하고!	Y	2022-07-17 11:33:21	2022-11-08 04:25:49
