id	utterance_id	utterance_type	utterance_text	terminate	regDate	updDate
BE22002252	1	0	할머니. 내가 우스운 사람일까요?	N	2022-06-20 14:53:44	2022-11-08 03:39:00
BE22002252	2	1	응? 갑자기 그게 무슨 말이니?	N	2022-06-20 14:53:44	2022-11-08 03:39:00
BE22002252	3	0	아니 친구들이 내가 말만 하면 깔깔대며 웃어요.	N	2022-06-20 14:53:44	2022-11-08 03:39:00
BE22002252	4	1	네가 재미있는 사람이라고 생각하나보구나.	N	2022-06-20 14:53:44	2022-11-08 03:39:00
BE22002252	5	0	제가 별로 웃긴 얘기도 하지 않았는데 웃으면 조금 당황스러워요.	N	2022-06-20 14:53:44	2022-11-08 03:39:00
BE22002252	6	1	어떻게 말을 했는데 친구들이 웃었던 건지 자세히 말해주지 않겠니?	N	2022-06-20 14:53:44	2022-11-08 03:39:00
BE22002252	7	0	오늘도 그냥 평상시와 다름없는 대화를 나누던 중이었어요. 근데 제가 사투리를 심하게 써서 그런가봐요.	N	2022-06-20 14:53:44	2022-11-08 03:39:00
BE22002252	8	1	저런, 타지역에서 왔으니 그냥 낯설은 억양에 친구들이 재미있어 하는 것일 뿐이야.	N	2022-06-20 14:53:44	2022-11-08 03:39:00
BE22002252	9	0	그래도 내가 뭘 잘못하고 있는 것 같아서 자꾸 말을 하지 않게 돼요.	N	2022-06-20 14:53:44	2022-11-08 03:39:00
BE22002252	10	1	그럴수록 더 자신 있게 너의 의견을 말할 수 있었으면 좋겠구나. 그건 잘못이 아니란다. 아가.	N	2022-06-20 14:53:44	2022-11-08 03:39:00
BE22002252	11	0	언젠가는 제 말투가 고쳐질까요?	N	2022-06-20 14:53:44	2022-11-08 03:39:00
BE22002252	12	1	네 잘못이 아니니 고쳐야 할 부분도 아니지. 그냥 친구들에게 네 상황을 이해시켜보는 것은 어떻겠니?	N	2022-06-20 14:53:44	2022-11-08 03:39:00
BE22002252	13	0	그러면 친구들도 제 말에 웃지 않는 날이 올까요?	N	2022-06-20 14:53:44	2022-11-08 03:39:00
BE22002252	14	1	그럼. 너 자신을 믿고 적극적으로 행동하렴.	N	2022-06-20 14:53:44	2022-11-08 03:39:00
BE22002252	15	0	하지만 아직 전학 온 지 얼마 되지 않아서 친구가 많지 않은걸요.	N	2022-06-20 14:53:44	2022-11-08 03:39:00
BE22002252	16	1	남의 시선을 의식하지 말고 당당하게 네 의견을 말하면 곧 좋은 친구들이 많이 생길 거야.	N	2022-06-20 14:53:44	2022-11-08 03:39:00
BE22002252	17	0	정말 그렇게 될까요?	N	2022-06-20 14:53:44	2022-11-08 03:39:00
BE22002252	18	1	당연하지! 너는 누가 봐도 사랑스럽고 착한 아이잖니.	N	2022-06-20 14:53:44	2022-11-08 03:39:00
BE22002252	19	0	고마워요. 앞으로도 어디 가서도 기죽지 않고 자신 있게 대화를 나눠볼게요.	Y	2022-06-20 14:53:44	2022-11-08 03:39:00
