id	utterance_id	utterance_type	utterance_text	terminate	regDate	updDate
BE22023133	1	0	엄마, 제 친한 대학 친구의 어머니께서 오늘 돌아가셨대요. 이런 일이 처음이라 많이 당황스러워요. 많이 힘들 텐데 이럴 땐 어떻게 해야 할까요?	N	2022-09-30 17:36:57	2022-09-30 17:36:57
BE22023133	2	1	저런, 우리 아들은 주변 누군가의 죽음을 겪은 적이 없어서 많이 당황스러울 만도 하겠어. 친한 친구라니 네가 신경이 많이 쓰이겠구나. 그 친구는 어린 나이에 얼마나 상심이 클까.	N	2022-09-30 17:36:57	2022-11-08 05:52:36
BE22023133	3	0	엄마 말대로 주변 사람들의 죽음을 본 적이 없어서 더욱 당황스러운 것 같아요. 아직 젊은 나이니까 죽음이라는 단어를 생각해 보지도 않았고 멀리 있는 생소한 것이라고만 생각했어요. 그런데 제 가장 친한 친구의 소중한 어머니가 돌아가셨다니까 어쩔 줄 모르겠더라고요.	N	2022-09-30 17:36:57	2022-09-30 17:36:57
BE22023133	4	1	그 친구가 많이 힘들 텐데 우리 아들이 옆에서 격려를 많이 해줘야겠네. 많이 힘든 시기일 테니 우리 아들이 옆에서 잘 다독여 주렴. 친구에게 연락은 해 봤니?	N	2022-09-30 17:36:57	2022-11-08 05:52:36
BE22023133	5	0	문자로 전달만 받고 아직 연락은 안 했어요. 동기들과 함께 장례식장을 가려 하는데 조의금을 얼마나 해야 할지도 모르겠고 모든 게 생소할 뿐이에요. 가장 친한 친구라 다른 동기들 보다 더 많이 내야 할까요?	N	2022-09-30 17:36:57	2022-09-30 17:36:57
BE22023133	6	1	처음 겪는 일이라 놀랐을 텐데 직접 조문을 갈 생각을 하다니 너무 기특하고 대견하구나. 마음이 중요한 법이지 조의금이 얼만지가 중요한 것이 아니야. 더군다나 너희들은 아직 학생이니 작은 성의를 보여도 아마 와준 것만으로도 큰 위로가 될 거야.	N	2022-09-30 17:36:57	2022-11-08 05:52:36
BE22023133	7	0	막상 그곳에 가서도 제 위로의 말이 과연 친구의 슬픔에 도움이 될지 모르겠어요. 제가 하는 말이 오히려 친구에게 상처가 될까 봐 조심스럽고 어떻게 다가가야 할지 모르겠어요. 해결될 수 있는 일이 아니라 어머니가 돌아가셨는데 힘내라는 말도 좀 이상하다는 생각이 들거든요.	N	2022-09-30 17:36:57	2022-11-08 05:52:36
BE22023133	8	1	우리 아들이 이렇게 세심하고 배려가 깊은 사람인지 몰랐네. 네가 그 친구를 소중하게 생각하는 진심을 그 친구도 아마 알테니 무슨 말이든 고마워할 거야. 그러니까 너무 깊게 생각하지 말고 네가 하고 싶은 말을 전한다면 큰 위로가 될 거야.	N	2022-09-30 17:36:57	2022-11-08 05:52:36
BE22023133	9	0	많이 당황스러운 상황이었는데 엄마의 조언과 격려의 말씀을 들으니 조금은 진정이 되네요. 이런 상황에서 친구에게 조금 더 믿음직스럽고 의지가 되는 친구가 되고 싶어서 생각이 많았나 봐요.	N	2022-09-30 17:36:57	2022-11-08 05:52:36
BE22023133	10	1	아마 우리 아들이 자연스럽게 건네는 한마디 한마디가 그 친구에게 많은 도움이 될 거라고 생각해. 우리 아들은 말을 아주 예쁘게 하니까 말이야. 친구가 많이 울면 아무 말 없이 옆에만 있어도 큰 도움이 될 거야.	N	2022-09-30 17:36:57	2022-11-08 05:52:37
BE22023133	11	0	네 엄마 말대로 할게요. 아무 말 없이 옆자리를 지켜주는 것만으로도 큰 위로가 될 것 같기도 해요. 엄마 말씀을 들으니 무거웠던 마음이 한결 가벼워지는 것 같아요.	N	2022-09-30 17:36:57	2022-11-08 05:52:37
BE22023133	12	1	죽음이 우리 가까이에 있다는 걸 염두에 두면 인생이 얼마나 소중한 지 알게 될 거야. 너도 그 친구도 아마 이 순간을 통해서 엄청나게 성장하고 성숙해질 거라고 생각해. 서로 힘이 되어가며 좋은 우정을 쌓아가길 엄마가 응원할게.	N	2022-09-30 17:36:57	2022-09-30 17:36:57
BE22023133	13	0	엄마가 그렇게 말씀해 주시니 정말 마음에 와닿는 것 같아요. 매사에 감사하며 하루를 살아야겠다는 생각이 드네요. 엄마, 정말 좋은 말씀을 해 주셔서 감사해요.	N	2022-09-30 17:36:57	2022-09-30 17:36:57
BE22023133	14	1	내 말을 이해하고 받아들이는 네가 오히려 더 고맙지. 긴장하지 말고 잘 갔다 오려무나.	Y	2022-09-30 17:36:57	2022-09-30 17:36:57
