id	utterance_id	utterance_type	utterance_text	terminate	regDate	updDate
BE22026553	1	0	할아버지 갑작스럽겠지만 연애 상담 가능할까요. 지금 많이 당황스러운 상황인데 연륜이 묻어난 진중한 조언을 듣고 싶어서 할아버지께 연락했어요. 친구들 보다 좋은 말씀들을 잘 해주실 것 같아서요.	N	2022-10-10 13:02:31	2022-10-10 13:02:31
BE22026553	2	1	우리 손주가 연애 상담이라니 할아버지는 언제나 환영이지. 내가 또 왕년에 연애 고수였잖니. 무슨 일인데 그러니.	N	2022-10-10 13:02:31	2022-11-08 06:12:52
BE22026553	3	0	사실 오늘 헤어진 여자 친구에게서 연락이 왔어요. 제가 2년 동안 사귀었다가 몇 개월 전 헤어진 친구예요, 할아버지도 아시죠. 잘 잊고 살아가던 중에 갑자기 연락이 와서 너무 당황스럽고 뭐라고 답을 해야 할지 모르겠어요.	N	2022-10-10 13:02:31	2022-10-10 13:02:31
BE22026553	4	1	그 친구 기억나지, 우리 손주가 많이 좋아했잖니. 잊는데 많이 힘들어했었는데 갑자기 정리한 후 연락이 와서 많이 당황스럽겠구나.	N	2022-10-10 13:02:31	2022-11-08 06:12:52
BE22026553	5	0	그러니까요. 저 정말 많이 좋아해서 헤어질 당시에도 많이 힘들었거든요. 마음 정리를 다 끝낸 줄 알았는데 그 친구의 목소리를 듣는 순간 두근거리더라고요. 이런 제 감정이 좋아하는 마음인지 아니면 놀란 건지 헷갈리고 당황스러워요.	N	2022-10-10 13:02:31	2022-10-10 13:02:31
BE22026553	6	1	잊는 데에 많은 시간이 걸렸는데 그 친구의 목소리를 듣고 옛 추억이 떠올라 얼마나 혼란스러웠을까. 나는 그 순간의 두근 거림이 사랑이라기보단 옛날의 감정이 생각나서라고 생각해. 네가 이 친구를 만나면서 행복할 수 있을지 생각해 보렴.	N	2022-10-10 13:02:31	2022-11-08 06:12:52
BE22026553	7	0	저 그때 많이 힘들기도 했지만 그 친구와 만나면서 행복했었거든요. 연락이 와서 저와 다시 한번 만나고 싶다고 얘기하는데 살짝 흔들리더라고요. 예전에 저한테 못 해준 게 너무 미안하고 아직도 마음이 있다고 하는데 제 마음을 모르겠어요.	N	2022-10-10 13:02:31	2022-10-10 13:02:31
BE22026553	8	1	뭐가 됐든 나는 우리 손주 편이니 네 마음이 끌리는 대로 하는 것이 정답이라고 생각한단다. 그렇지만 사랑도 타이밍이라는 말이 있듯이 과거에 충실하지 못한 걸 현재에 보상해 줄 수는 없단다. 나의 조언이 너의 마음을 정하는 데에 큰 도움이 되었으면 좋겠구나.	N	2022-10-10 13:02:31	2022-11-08 06:12:52
BE22026553	9	0	지금 흔들리는 이 마음이 그동안 쌓아온 추억이 미화되어서 이런 거겠죠. 저희 둘은 정말 안 맞는다는 것을 알았음에도 끊어내기가 쉽지 않네요. 제가 과연 다른 사람을 만나서 행복할 수 있을 지도 궁금하고요.	N	2022-10-10 13:02:31	2022-10-10 13:02:31
BE22026553	10	1	너는 네가 얼마나 착하고 매력적인 사람인지 모르나 보구나. 아직 젊고 창창하니 너처럼 착하고 멋진 사람을 얼마든지 만날 기회가 많단다. 지금은 그 경험들을 해보지 못해서 네가 모르는 것일 뿐이니 조금 더 용기를 가지렴.	N	2022-10-10 13:02:31	2022-11-08 06:12:52
BE22026553	11	0	할아버지의 진심 어린 조언들을 듣고 나니 당황스럽던 마음이 많이 진정이 되는 것 같아요. 저는 설레는 마음에 두근 거린 게 아닌 것 같네요. 그 친구한테는 미안하지만 확고하게 거절을 해야 할 것 같아요.	N	2022-10-10 13:02:31	2022-11-08 06:12:52
BE22026553	12	1	우리 손주가 갈피를 잡았다니 나도 기분이 좋구나. 어리기만 하던 네가 사랑을 하고 이별을 하고 여러 경험을 해 본다는 게 기특할 뿐이야. 점점 어른이 되어가면서 수많은 일들을 겪겠지만 그럴 때마다 든든히 조언을 해주마.	N	2022-10-10 13:02:31	2022-11-08 06:12:52
BE22026553	13	0	항상 무슨 일이 생겨도 할아버지께서 현명하게 대처해 나갈 수 있도록 도와주시니 너무 좋아요. 저도 할아버지께 든든한 손자가 되어드릴게요. 오래오래 사셔서 제가 좋은 사람 만나 결혼하고 아이를 낳는 것까지 봐주셔야 해요.	N	2022-10-10 13:02:31	2022-10-10 13:02:31
BE22026553	14	1	말도 예쁘게 하는 우리 손주를 위해서 내가 더욱 건강해야겠구나. 꼭 그러마.	Y	2022-10-10 13:02:31	2022-10-10 13:02:31
