id	utterance_id	utterance_type	utterance_text	terminate	regDate	updDate
BE22026541	1	0	엄마, 친구가 내 노트북에 커피를 쏟았어요. 너무 당황스러워서 얼떨결에 친구한테 인상을 썼어요. 무언가 문제가 생겼는지 작동도 되지 않았거든요.	N	2022-10-10 12:48:43	2022-11-08 06:12:47
BE22026541	2	1	이런 정말 네가 많이 놀랐구나. 유한 네가 얼마나 당황했으면 그랬겠어. 지금은 좀 괜찮아졌어?	N	2022-10-10 12:48:43	2022-11-08 06:12:47
BE22026541	3	0	다행히 수리하는 곳에서 해결해서 노트북과 과제는 괜찮아요. 과제 하는 중에 친구가 좀 쉬자고 하면서 커피를 쏟을 듯이 장난치다 정말로 쏟았거든요. 방해하고 장난하는 것도 어이없었는데 그런 사고가 진짜 발생하니까 신경이 곤두서서 제가 과했다 싶어요.	N	2022-10-10 12:48:43	2022-10-10 12:48:43
BE22026541	4	1	열심히 해온 과제가 안전하다니 마음이 좀 안정되었겠구나. 가장 집중해 있을 때 장애 요소가 생기면 누구나 마음과 달리 예민해져서 실수할 수 있어. 친구가 마음 다쳤을까 봐 걱정하는 걸 보니 너는 그 일도 잘 해결할 것 같아.	N	2022-10-10 12:48:43	2022-11-08 06:12:48
BE22026541	5	0	지나고 나니 순간 허둥지둥하다 나온 제 표정에 져도 어쩔 줄 모르겠더라고요. 친구가 어땠을까 싶고 어떻게 말을 해야 할지 모르겠어요.	N	2022-10-10 12:48:43	2022-10-10 12:48:43
BE22026541	6	1	너처럼 친구도 장난이 과했다고 후회하고 있을지도 몰라. 그 친구도 이 상황이 정말 당황스럽고 너처럼 어찌해야 할지 전전긍긍하고 있을 수도 있어. 지금처럼 솔직하게 서로의 마음을 알아주고 위로하면 되지.	N	2022-10-10 12:48:43	2022-11-08 06:12:48
BE22026541	7	0	평소와 다른 제 모습에 놀라서 얼굴이 붉어지더라고요. 그 얼굴을 보니 저도 얼굴이 빨개지면서 말을 건네는 게 어색하고 어렵더라고요.	N	2022-10-10 12:48:43	2022-11-08 06:12:48
BE22026541	8	1	그 순간에도 친구의 표정이나 주변을 살피고 염려했구나. 당황하면 예기치 않게 엉뚱한 실수를 하기도 하지만 그래도 바로 아차 하며 알아차렸네. 용기 내서 진심을 전하면 그 친구도 너도 마음의 짐을 빨리 덜 수 있을 거야.	N	2022-10-10 12:48:43	2022-11-08 06:12:48
BE22026541	9	0	그 친구도 아주 속상할 것 같고 저도 마음이 불편해서 과제가 손에 잡히지 않아요. 둘 다 마음의 부담을 내려놓고 편해지려면 사과부터 하는 게 맞겠죠?	N	2022-10-10 12:48:43	2022-10-10 12:48:43
BE22026541	10	1	친구를 미워하거나 싫어하는 게 아닌데 둘 다 무거운 마음 가질 일이 뭐 있어. 네가 마음먹은 대로 실수를 인정하고 사과하면 다 좋아지는 일이잖아.	N	2022-10-10 12:48:43	2022-11-08 06:12:48
BE22026541	11	0	네, 그래야겠어요. 당황해서 생긴 일이니 이해해주겠죠?	N	2022-10-10 12:48:43	2022-11-08 06:12:48
BE22026541	12	1	그럼, 같은 처지에 있으니 더 잘 이해해 줄 거야. 불편한 감정은 빨리 해소하고 서로를 격려하며 지내는 것이 네가 인기 있는 친구의 비결이었구나. 정말 똑똑하고 착하네! 우리 딸.	N	2022-10-10 12:48:43	2022-11-08 06:12:48
BE22026541	13	0	엄마와 대화하고 나면 항상 용기가 나요. 늘 저의 마음을 잘 간파해 주시니까요.	N	2022-10-10 12:48:43	2022-11-08 06:12:48
BE22026541	14	1	진지하고 솔직한 네 얘기를 듣다 보면 내 마음이 다 정화되고 따뜻한 온기가 채워져서 감사해.	N	2022-10-10 12:48:43	2022-11-08 06:12:48
BE22026541	15	0	실수해도 탓하지 않고 잘 들어주시니 방법도 금방 찾아요. 고마워요.	Y	2022-10-10 12:48:43	2022-10-10 12:48:43
