id	utterance_id	utterance_type	utterance_text	terminate	regDate	updDate
BE22023401	1	0	할머니, 저 오늘 세무사 시험 봤어요.	N	2022-10-02 10:44:29	2022-10-02 10:44:29
BE22023401	2	1	그래, 네 엄마에게 얘기 들었다. 시험 치르느라 고생 많았다. 이제 좀 쉬면서 결과 기다려보자꾸나.	N	2022-10-02 10:44:29	2022-11-08 05:54:11
BE22023401	3	0	할머니, 사실 시험 결과는 이미 나왔어요.	N	2022-10-02 10:44:29	2022-10-02 10:44:29
BE22023401	4	1	벌써 결과가 나왔다고? 빠르기도 하구나. 그래 결과 물어봐도 되겠니?	N	2022-10-02 10:44:29	2022-10-02 10:44:29
BE22023401	5	0	공식적인 결과는 아니지만, 저 스스로 채점해보면 알 수 있거든요. 그런데 총 다섯 과목 중에 한 과목이 과락이라 이번에도 결과가 좋지 않을 것 같아요.	N	2022-10-02 10:44:29	2022-10-02 10:44:29
BE22023401	6	1	요즘은 그렇게 할 수가 있구나. 그래, 오랫동안 열심히 준비했는데, 네가 상심이 크겠구나.	N	2022-10-02 10:44:29	2022-11-08 05:54:11
BE22023401	7	0	네, 정말 속상해요. 엄마, 아빠 얼굴 보기도 죄송하고요. 할머니께도 좋은 소식 전해드리지 못해서 정말 죄송해요.	N	2022-10-02 10:44:29	2022-10-02 10:44:29
BE22023401	8	1	아니야. 나는 괜찮다. 힘이 들어도 네가 제일 힘들 텐데, 이 할머니까지 걱정해주고.	N	2022-10-02 10:44:29	2022-11-08 05:54:11
BE22023401	9	0	엄마, 아빠와 함께 저 때문에 매번 마음 졸이셨잖아요. 가족 모임에도 매번 빠지고, 예민한 저 때문에 집에서 큰소리 한번 제대로 못 내시고요.	N	2022-10-02 10:44:29	2022-10-02 10:44:29
BE22023401	10	1	부모 마음이라는 게 자식에게 좋은 일이라면 못 할 게 없단다. 그런데 다섯 과목 중에 네 과목은 잘 봤다는 거잖니? 더 잘 준비해서 다음에 다시 도전한다면 분명히 시험에 합격할 수 있을 게다, 그러니 힘내렴.	N	2022-10-02 10:44:29	2022-11-08 05:54:11
BE22023401	11	0	그렇게 말씀해주셔서 감사해요. 하지만 결국 떨어진걸요. 공부할 때는 정말 열심히 한다고 했는데, 그걸로는 부족했나봐요.	N	2022-10-02 10:44:29	2022-10-02 10:44:29
BE22023401	12	1	지금은 기운 빠지고 포기하고 싶다는 생각이 들 수도 있지, 하지만 그걸로 나약해질 네가 아니잖아. 네가 처음 시험 준비할 때 각오를 다지던 모습을 할머니는 아직 기억하는걸. 그동안 네가 얼마나 열심히 했는지도 다 봤고 말이야, 할머니는 그런 네가 정말 자랑스럽단다.	N	2022-10-02 10:44:29	2022-11-08 05:54:11
BE22023401	13	0	할머니 말씀 들으니 처음 공부 시작할 때의 마음이 새록새록 기억나요. 늦은 나이에 잘 다니던 직장 그만두고 시작한 공부라 더 의지가 남달랐었죠. 처음부터 쉬운 길일 거라고는 생각하지 않았었는데, 제가 시험 결과 때문에 좀 힘이 빠졌었나 봐요.	N	2022-10-02 10:44:29	2022-10-02 10:44:29
BE22023401	14	1	누구라도 그럴 수 있지, 지난 1년간 오늘만 보고 달려왔으니 말이다. 결과가 좋았으면 더할 나위 없었겠지만, 그렇다고 실패는 아니니 다시 마음을 추슬러 보렴. 대신 오늘은 우리 손녀 몸보신 좀 하게 할머니가 실력 발휘 좀 해야겠구나.	N	2022-10-02 10:44:29	2022-11-08 05:54:11
BE22023401	15	0	감사해요, 할머니. 할머니 말씀처럼 다시 힘내 볼게요. 저녁에 집에서 봬요.	Y	2022-10-02 10:44:29	2022-10-02 10:44:29
