id	utterance_id	utterance_type	utterance_text	terminate	regDate	updDate
BE22027519	1	0	엄마, 저는 아무래도 취업하기 힘들 것 같아요.	N	2022-10-12 07:46:09	2022-10-12 07:46:09
BE22027519	2	1	왜 갑자기 그런 생각을 한건지 물어봐도 될까?	N	2022-10-12 07:46:09	2022-10-12 07:46:09
BE22027519	3	0	면접장만 들어가면 머리가 하얘져요. 심지어 제 장점을 물어본 질문에도 당황에서 아무 말도 못 했어요.	N	2022-10-12 07:46:09	2022-11-08 06:18:38
BE22027519	4	1	면접장의 압박감 때문에 알고 있는 것도 답변하기 어려웠구나. 면접은 평가 받는 자리니까 너뿐만 아니라 누구에게도 어려운 자리야. 충분히 그럴 수 있어.	N	2022-10-12 07:46:09	2022-11-08 06:18:38
BE22027519	5	0	하지만 말도 제대로 못 하고 어리바리한 제 모습이 느껴지는 순간 어쩔 줄을 모르겠어요.	N	2022-10-12 07:46:09	2022-11-08 06:18:39
BE22027519	6	1	스스로 부족하다고 느껴지면 더 떨리는 법이지. 취업할 때까진 어쩔 수 없이 매번 면접을 봐야 할텐데. 마음이 편치 않겠구나.	N	2022-10-12 07:46:09	2022-11-08 06:18:39
BE22027519	7	0	이제는 면접관이 제 이름만 불러도 놀라서 가슴이 뛰어요. 제가 취업할 수 있을지 모르겠어요.	N	2022-10-12 07:46:09	2022-10-12 07:46:09
BE22027519	8	1	면접 때문에 마음이 많이 위축된 것 같구나. 하지만 네가 가진 다른 능력들을 생각해 봐. 넌 할 수 있는 게 아주 많은 사람이니 좀 더 자신감을 가져도 좋아.	N	2022-10-12 07:46:09	2022-11-08 06:18:39
BE22027519	9	0	그렇지만 면접에 통과를 해야 제 능력도 보여줄 수 있잖아요. 다른 면접자들을 보면 모르는 질문에도 주눅 들지 않던데. 저는 준비한 질문에도 말문이 막히는걸요.	N	2022-10-12 07:46:09	2022-11-08 06:18:39
BE22027519	10	1	면접이 너의 약점이라는 생각이 박혀버려서 스스로를 믿지 못해 더 당황하는 것 같아. 하지만 면접은 누구에게나 떨리는 일이야, 그런 네 모습을 인정해도 괜찮아. 중요한건 그럼에도 불구하고 답변할 수 있다는 믿음이야.	N	2022-10-12 07:46:09	2022-11-08 06:18:39
BE22027519	11	0	제가 느끼는 감정이 당연한 거라고 말씀해 주시니까 위안이 되네요. 마음을 진정시키지 못하면 답변을 잘 할 수 있는 일은 없을 거라고 생각했는데. 지금의 제 모습을 받아들이라는 말이 큰 도움이 됐어요.	N	2022-10-12 07:46:09	2022-10-12 07:46:09
BE22027519	12	1	좀 진정이 된 것 같아서 다행이구나. 면접도 자꾸 보다보면 익숙해 져, 앞으로 점점 더 나아질테니 걱정 마.	N	2022-10-12 07:46:09	2022-11-08 06:18:39
BE22027519	13	0	네, 극복할 때까지 포기하지 않을게요.	N	2022-10-12 07:46:09	2022-10-12 07:46:09
BE22027519	14	1	역시 우리 아들은 끈기가 있어. 넌 능력있는 사람이라는 걸 있지마!	Y	2022-10-12 07:46:09	2022-11-08 06:18:39
