id	utterance_id	utterance_type	utterance_text	terminate	regDate	updDate
BE22002169	1	0	방금 시험 끝나고 집 가는 중이에요.	N	2022-06-20 06:05:55	2022-11-08 03:38:27
BE22002169	2	1	고생했네 우리 딸! 오늘 시험은 잘 봤어?	N	2022-06-20 06:05:55	2022-11-08 03:38:27
BE22002169	3	0	아니요. 안 그래도 지금 너무 우울해요. 스스로가 너무 바보 같아요. 다 아는 내용의 시험인데 시간이 부족해서 다 못 풀고 나왔거든요.	N	2022-06-20 06:05:55	2022-11-08 03:38:27
BE22002169	4	1	그랬구나, 정말 속상할 만하네! 원래 잘 하지 않는 실수인데 많이 긴장했던 거야?	N	2022-06-20 06:05:55	2022-11-08 03:38:27
BE22002169	5	0	그런가 봐요. 정말 엄마 말대로 이런 적이 잘 없거든요. 보통 시간 신경 써가면서 잘 배분하는 편이라고 생각했는데 오늘은 정말 시계 보고 깜짝 놀랐어요.	N	2022-06-20 06:05:55	2022-11-08 03:38:27
BE22002169	6	1	네가 꼼꼼하고 신중해서 그런 걸 거야. 너무 자책하지 마. 네가 그렇게 어려웠으면 다른 친구들도 시간이 부족하다고 느꼈을지도 몰라.	N	2022-06-20 06:05:55	2022-11-08 03:38:27
BE22002169	7	0	그랬을까요? 그래도 다 아는 건데 초보적인 실수로 시험을 망친 것 같아서 너무 아쉬워요.	N	2022-06-20 06:05:55	2022-11-08 03:38:27
BE22002169	8	1	다 알 만큼 네가 열심히 준비했던 시험이라서 긴장했나 봐. 아예 몰라서 틀리는 것보다 훨씬 낫다고 생각되는걸?	N	2022-06-20 06:05:55	2022-11-08 03:38:27
BE22002169	9	0	그건 그래요. 그래도 알면서 점수를 못 받으니까 억울한 느낌이에요. 시간을 돌리고 싶어요.	N	2022-06-20 06:05:55	2022-11-08 03:38:27
BE22002169	10	1	성적도 잘 나오면 물론 좋지만 시험의 목적은 학습을 위한 거잖아? 네가 제대로 학습했다는 거니까 스스로를 너무 한심하게 여기지 마. 다음번에는 시간 조절만 잘하면 되겠네!	N	2022-06-20 06:05:55	2022-11-08 03:38:27
BE22002169	11	0	다음 시험은 더 어려워지면 어떡하죠. 이번이 기회였는데 날려버린 것 같아요.	N	2022-06-20 06:05:55	2022-11-08 03:38:27
BE22002169	12	1	항상 어려운 시험들도 잘 해왔잖아? 긴장하면 누구나 실수는 하는 법이지. 실수를 통해서 또 배우는 것도 있는 거 아니겠어?	N	2022-06-20 06:05:55	2022-11-08 03:38:27
BE22002169	13	0	맞아요! 다음번엔 정말 시간 분배 제대로 잘할 거예요! 이렇게 아쉬움 남는 일 없게요.	N	2022-06-20 06:05:55	2022-11-08 03:38:28
BE22002169	14	1	엄만 우리 딸을 믿어! 어려운 시험 준비하느라 너무 고생 많았어. 맛있는 저녁 해놓고 기다릴게!	N	2022-06-20 06:05:55	2022-11-08 03:38:28
BE22002169	15	0	감사합니다, 엄마! 더 자랑스러운 딸이 될게요!	N	2022-06-20 06:05:55	2022-11-08 03:38:28
BE22002169	16	1	이미 충분히 자랑스럽고 기특한 딸인걸. 조심히 와.	Y	2022-06-20 06:05:55	2022-11-08 03:38:28
