id	utterance_id	utterance_type	utterance_text	terminate	regDate	updDate
BE22021290	1	0	엄마 오늘 학교 체육대회에서 달리기를 하다가 넘어졌어요. 너무 웃기게 넘어져서 사람들이 깔깔거리고 웃는데 얼마나 창피하고 당황스러웠는지 몰라요.	N	2022-09-24 13:02:23	2022-09-24 13:02:23
BE22021290	2	1	아이고 우리 딸이 사람들 앞에서 넘어졌다니 많이 놀라고 당황했겠네. 많이 아팠겠다 어디 많이 다치진 않았니?	N	2022-09-24 13:02:23	2022-09-24 13:02:23
BE22021290	3	0	넘어진 순간은 너무 창피해서 아픈 줄도 몰랐어요. 좀 전에 보니 무릎이 다 까져서 피가 나고 있어요. 급하게 선생님께서 응급처치를 해주셔서 괜찮아요.	N	2022-09-24 13:02:23	2022-09-24 13:02:23
BE22021290	4	1	사람들 앞에서 넘어졌으니 얼마나 창피했겠어. 게다가 네가 아픈 줄도 모르고 또 막 웃었으니 많이 속상했겠다. 우리 딸 달리기 잘하는데 넘어져서 얼마나 당황스러웠을까.	N	2022-09-24 13:02:23	2022-11-08 05:41:44
BE22021290	5	0	조금만 더 빨리 달리면 1등 할 것 같아서 나도 모르게 욕심을 부렸나 봐요. 순간 발이 꼬여서 진짜 제대로 넘어졌어요. 내 욕심 때문에 결국 우리 팀이 꼴등이 돼서 친구들 보기에도 너무 부끄러워요.	N	2022-09-24 13:02:23	2022-11-08 05:41:44
BE22021290	6	1	누구나 실수할 수 있는 거지. 네가 일부러 넘어진 것도 아니니 너무 자책하며 부끄러워하지 마. 친구들도 네게 잘하려고 그러다 넘어진 것을 이해해 줄 거야.	N	2022-09-24 13:02:23	2022-11-08 05:41:44
BE22021290	7	0	하필이면 제가 마지막 주자여서 사람들이 더 많이 집중해서 보고 있었거든요. 손뼉 치며 재밌어하는 친구들의 웃음소리가 들리는 순간 고개를 들 수도 없을 정도로 창피했어요.	N	2022-09-24 13:02:23	2022-09-24 13:02:23
BE22021290	8	1	넘어진 너를 걱정하기보다는 그 순간 재밌어서 웃는 친구들을 보면서 많이 원망스러웠겠네. 넘어진 것만으로도 당황스러웠을 텐데 즐거운 체육대회 때 우리 딸이 맘 상했을까 봐 너무 안타깝네.	N	2022-09-24 13:02:23	2022-11-08 05:41:44
BE22021290	9	0	지금도 친구들이 옆에서 계속 놀리고 있어요. 당분간 친구들의 놀림거리가 될 것을 생각하니 눈앞이 캄캄하네요.	N	2022-09-24 13:02:23	2022-09-24 13:02:23
BE22021290	10	1	비록 네가 넘어져서 속상하겠지만 공부하느라 지친 너희들에게 재밌는 추억이 된 것 같은데. 엄마는 네가 그 휴식시간에 큰 즐거움을 제공해 줬다 생각하면 훨씬 마음이 편해질 것 같은데. 사실 학교 체육대회에서 우승이 뭐가 중요하겠니.	N	2022-09-24 13:02:23	2022-09-24 13:02:23
BE22021290	11	0	엄마 말을 듣고 보니 친구들도 지금 나 때문에 엄청 즐거워하고 있는 것 같아요. 생각해 보니 우승할 욕심은 내가 제일 가지고 있었나 봐요. 친구들은 우승에 관심도 없어 보여요.	N	2022-09-24 13:02:23	2022-11-08 05:41:44
BE22021290	12	1	우리 딸 파란 하늘 한번 제대로 쳐다보고 달릴 수 있는 시간도 제대로 없잖니. 너와 네 친구들이 오늘 맘껏 웃고 손뼉 치고 소리 질렀으니 얼마나 즐겁고 신나는 하루였을까. 시간이 지나면 오늘 하루는 네게 즐거운 추억이다 생각하면 지금 창피한 마음은 싹 없어질 거야.	N	2022-09-24 13:02:23	2022-09-24 13:02:23
BE22021290	13	0	엄마가 그렇게 말해주니 정말 아까 당황했던 내 마음이 조금 달아나는 것 같아요. 갑자기 사람들에게 즐거움을 준 것 같아서 재밌어졌는데요.	N	2022-09-24 13:02:23	2022-11-08 05:41:44
BE22021290	14	1	당분간 친구들은 널 놀리는 게 아니라 너 때문에 재밌어서 신나게 떠들 거야. 그러니 창피한 마음은 접어두고 너도 오늘의 추억을 같이 나누는 게 어떨까? 네가 오늘 친구들에게 재밌는 이야깃거리도 제공해 주고 즐거운 체육대회를 보낸 것 같아서 엄마도 즐겁다.	N	2022-09-24 13:02:23	2022-11-08 05:41:44
BE22021290	15	0	위로해 줘서 고마워요 엄마. 나도 친구들에게 즐거움을 준 것 같아서 괜히 웃음이 나네요.	Y	2022-09-24 13:02:23	2022-09-24 13:02:23
