id	utterance_id	utterance_type	utterance_text	terminate	regDate	updDate
BE22026340	1	0	엄마, 어떡하면 좋아요? 저 지금 너무 당황스러운 일이 생겼어요.	N	2022-10-10 04:27:44	2022-10-10 04:27:44
BE22026340	2	1	무슨 일이길래 그래? 뭐 때문에 그런지 너무나도 궁금하구나.	N	2022-10-10 04:27:44	2022-11-08 06:11:37
BE22026340	3	0	오늘 온종일 밖에 나돌아 다녔는데 집에 오니까 결혼반지를 잃어버렸단 걸 알게 됐어요. 어디서부터 없어진 건지 몰라서 너무 당황스럽고 혼란스러워요.	N	2022-10-10 04:27:44	2022-10-10 04:27:44
BE22026340	4	1	그 정경을 그려보니 네가 무척이나 당황할 만하구나. 나였어도 이게 무슨 일인가 싶어서 허둥지둥댔을 것 같아. 너 지금 어찌할 바를 모를 상태이겠구나.	N	2022-10-10 04:27:44	2022-11-08 06:11:37
BE22026340	5	0	안 그래도 며칠 뒤에 결혼기념일이거든요. 남편이 동네 사진관에서 결혼식 때 입었던 옷 입고 사진 찍자고 했는데 어떡해요. 뭐라고 변명해야 할지 모를 만큼 당혹스러워요.	N	2022-10-10 04:27:44	2022-11-08 06:11:37
BE22026340	6	1	그래, 네가 지금 정신이 없어 보이는 게 나에게도 느껴질 정도야. 나는 예전에 남편이 생일 선물로 준 시계를 잃어버린 적이 있었거든. 그래서 지금 네 심정 너무나도 이해가 가.	N	2022-10-10 04:27:44	2022-11-08 06:11:37
BE22026340	7	0	너무 놀라서 어떻게 대처해야 할지도 모르겠어요. 혼란스러워서 아무것도 기억이 나지 않아요. 분명 나중에 사진 찍을 때 남편이 제 손에 반지가 없는 걸 알 텐데 말이에요.	N	2022-10-10 04:27:44	2022-10-10 04:27:44
BE22026340	8	1	지금은 당황한 나머지 머릿속이 뒤죽박죽인 걸 수도 있으니, 일단은 먼저 진정해보자. 진정한 후에 차분히 생각해보면 반지를 어디다 놔뒀는지 기억이 날 거야. 분명 잘 해결이 될 테니까 너무 혼란스러워하면서 조급하게 생각하지 않았으면 좋겠어.	N	2022-10-10 04:27:44	2022-11-08 06:11:37
BE22026340	9	0	정말 제가 기억을 할 수 있을까요? 영영 잃어버리면 어찌하나 싶거든요.	N	2022-10-10 04:27:44	2022-10-10 04:27:44
BE22026340	10	1	모든 게 끝났다는 듯이 벌써 포기하지 않았으면 좋겠어, 아직 어떻게 될 지 모르는 상태잖아! 그러니까 긍정적으로 생각하면서 오늘 갔다 온 곳들에 다 전화를 하면서 반지의 행방을 찾아보자. 정답은 의외로 멀리 있지 않아, 행동하는 자에게 분명히 찾아오기 마련이지!	N	2022-10-10 04:27:44	2022-11-08 06:11:37
BE22026340	11	0	엄마 말을 들으니까 좀 안심이 되네요. 아무래도 엄마 말처럼 그렇게 찾아봐야겠어요. 그래야지 혼란스러운 마음도 줄어들 수 있을 것 같네요.	N	2022-10-10 04:27:44	2022-10-10 04:27:44
BE22026340	12	1	응, 이럴 때일수록 빠르게 행동하면 금방 찾을 수 있을 거야. 희망을 갖고 찾으면 분명 빛의 실마리가 보일 테야. 그러니까 포기하지 않기를 바란단다!	N	2022-10-10 04:27:44	2022-11-08 06:11:37
BE22026340	13	0	네, 그러는 게 저의 정신 건강에도 좋을 것 같네요! 이렇게 달래줘서 정말 고마워요! 엄마 덕분에 빠르게 대처할 수 있을 것 같아요!	N	2022-10-10 04:27:44	2022-10-10 04:27:44
BE22026340	14	1	잃어버린 결혼반지 금방 찾기를 바라. 분명 너를 기다리면서 어딘가에 놓여 있을 거야!	Y	2022-10-10 04:27:44	2022-11-08 06:11:37
