id	utterance_id	utterance_type	utterance_text	terminate	regDate	updDate
BE22000120	1	0	엄마, 이번에 시이모님이 돌아가셔서 장례식장에 다녀왔어.	N	2022-06-08 05:19:31	2022-11-08 03:25:00
BE22000120	2	1	아이고 그랬어? 너 엄청 예뻐해 주셨던 분이잖아? 많이 슬펐겠네.	N	2022-06-08 05:19:31	2022-11-08 03:25:00
BE22000120	3	0	응, 방배동 이모님. 근데 거짓말 같았어.	N	2022-06-08 05:19:31	2022-11-08 03:25:00
BE22000120	4	1	네가 아직 주변 사람들의 죽음에 익숙지가 않아서 그럴 거야. 어르신 중에도 돌아가신 분이 많지 않잖아.	N	2022-06-08 05:19:31	2022-11-08 03:25:00
BE22000120	5	0	그런가 봐. 난 아직 장례식장에 가는 게 익숙하지가 않아서 갈 때마다 당황스러워.	N	2022-06-08 05:19:31	2022-11-08 03:25:00
BE22000120	6	1	장례 예법도 헷갈리고 분위기도 무거우니까 그럴 수 있어. 그렇지만 이젠 너도 익숙해져야지.	N	2022-06-08 05:19:31	2022-11-08 03:25:00
BE22000120	7	0	갔더니 그제야 실감이 나서 눈물이 막 쏟아지려는데 가족들은 다 덤덤해 보이는 거 있지.	N	2022-06-08 05:19:31	2022-11-08 03:25:00
BE22000120	8	1	가족들은 손님 맞느라고 슬퍼도 슬퍼할 여유가 없어서 그래. 넌 그냥 솔직하게 슬퍼하고 추모하지 그랬어.	N	2022-06-08 05:19:31	2022-11-08 03:25:00
BE22000120	9	0	내가 감정 조절을 못 할 것 같더라고. 그래서 감정 추스르고 인사드리고 앉아서 다른 친척들 만났어.	N	2022-06-08 05:19:31	2022-11-08 03:25:00
BE22000120	10	1	그 자리도 어색했겠네. 슬퍼하기보다는 서로 안부 묻고 얘기 나누잖아.	N	2022-06-08 05:19:31	2022-11-08 03:25:00
BE22000120	11	0	어, 맞아. 내가 너무 유난 떠는 건가 싶지만 그 분위기도 너무 이상해 보였어.	N	2022-06-08 05:19:31	2022-11-08 03:25:00
BE22000120	12	1	유난이 아니라 충분히 그렇게 느낄 수 있는 감정이야. 돌아가신 분이 그립고 슬픈 것도, 오랜만에 만나게 된 사람들이 반가운 것도 다 자연스러운 거야. 네가 이상하다고 생각하지는 마.	N	2022-06-08 05:19:31	2022-11-08 03:25:00
BE22000120	13	0	그런 건가... 암튼 장례식장은 익숙해질 정도로 갈 일이 없었으면 좋겠다.	N	2022-06-08 05:19:31	2022-11-08 03:25:00
BE22000120	14	1	그러면야 좋지만 무슨 일이든 자연스럽게 받아들이고 넘기는 게 제일 좋지 않을까?	N	2022-06-08 05:19:31	2022-11-08 03:25:00
BE22000120	15	0	알겠어 엄마. 엄마 말씀대로 마음가짐을 할 수 있도록 해 볼게.	Y	2022-06-08 05:19:31	2022-11-08 03:25:00
