id	utterance_id	utterance_type	utterance_text	terminate	regDate	updDate
BE22029365	1	0	엄마. 저 지금 인터넷으로 산 옷을 받았는데 너무 당황스러워요. 어떻게 이럴 수가 있죠?	N	2022-10-15 06:04:30	2022-10-15 06:04:30
BE22029365	2	1	무슨 일인데 그래? 넌 평소에도 인터넷으로 쇼핑 많이 하잖아.	N	2022-10-15 06:04:30	2022-10-15 06:04:30
BE22029365	3	0	인터넷 쇼핑몰에 올라와져 있던 사진과 너무 다른 옷이 배송되었어요. 인터넷 쇼핑을 하며 이런 적은 처음이라 참 당황스럽네요.	N	2022-10-15 06:04:30	2022-11-08 06:29:50
BE22029365	4	1	주문하고 기대하며 기다렸을 텐데 예상과 다른 옷이 배송되어 많이 놀랐겠구나. 사진은 실물과 다르기도 하니까 당황스러운 마음을 가라앉혀 봐.	N	2022-10-15 06:04:30	2022-11-08 06:29:50
BE22029365	5	0	당장 이번 주말에 입으려고 산 옷인데 예상하지 못했던 일이 벌어지니 너무 당황스러워요. 이 일을 어쩌면 좋을지 모르겠네요.	N	2022-10-15 06:04:30	2022-11-08 06:29:50
BE22029365	6	1	계획한 대로 일이 흘러가지 않아 당황스러울 네 마음을 잘 알겠어. 그렇지만 넌 아무거나 입어도 잘 어울릴 거야. 그러니 너무 당황하지 않아도 돼.	N	2022-10-15 06:04:30	2022-11-08 06:29:50
BE22029365	7	0	박스를 개봉하는데 제 눈을 의심했어요. 제가 시킨 옷이 맞나 싶어서 몇 번이나 확인을 해 보았는지 몰라요. 이럴 일이 저에게 벌어졌다는 게 너무 당황스러울 뿐이에요.	N	2022-10-15 06:04:30	2022-11-08 06:29:50
BE22029365	8	1	엄마도 홈쇼핑으로 주문한 옷들이 화면과 달라서 당황했던 적이 한두 번이 아니야. 그래서 지금 네 마음이 얼마나 당혹스러울지 잘 안다. 아마 누구라도 그런 경험이 많을 테니 당황스러운 마음을 내려놓으렴.	N	2022-10-15 06:04:30	2022-11-08 06:29:50
BE22029365	9	0	사진으로 봤던 모델 핏과도 너무 다른 옷이에요. 아무리 봐도 너무 다른 모습에 당황스러운 마음이 진정되지 않아요. 제가 정말 보는 눈이 없는 걸까요?	N	2022-10-15 06:04:30	2022-11-08 06:29:50
BE22029365	10	1	네가 겪은 이번 일은 누구에게나 벌어질 수 있는 일이야. 네 잘못으로 인해 벌어진 일이 아니니 너무 마음 쓰지 않아도 된다. 이번 일은 잊어버리고 네 마음이 편해졌으면 좋겠구나.	N	2022-10-15 06:04:30	2022-11-08 06:29:50
BE22029365	11	0	엄마가 그렇게 말씀해주시니 당황스러웠던 제 마음이 한결 가벼워지는 것 같네요. 놀란 마음이 진정되지 않았었는데 엄마 덕분에 많이 좋아졌어요.	N	2022-10-15 06:04:30	2022-11-08 06:29:50
BE22029365	12	1	네 패션센스는 누구나 알아주잖아. 네 기대에 미치지 못한 옷의 품질을 보고 많이 당황했겠지만 너무 마음에 담아두지 마.	N	2022-10-15 06:04:30	2022-11-08 06:29:50
BE22029365	13	0	저에겐 처음 있는 일이라 당황스러운 마음에 제 탓을 한 것 같아요. 누구에게나 흔한 일이라고 생각하면 이렇게 당황할 일도 아닌 것 같다는 생각이 드네요.	N	2022-10-15 06:04:30	2022-10-15 06:04:30
BE22029365	14	1	그래. 주말에 중요한 약속이 있는 거면 오늘 저녁에 엄마랑 쇼핑하러 가지 않을래? 마음에 드는 옷을 직접 입어 보고 사는 게 어떻겠니?	N	2022-10-15 06:04:30	2022-11-08 06:29:50
BE22029365	15	0	정말 좋은 생각이에요. 엄마 일 마치는 시간에 맞춰서 제가 엄마 회사 앞으로 마중 나갈게요. 이따 봬요.	Y	2022-10-15 06:04:30	2022-11-08 06:29:50
