id	utterance_id	utterance_type	utterance_text	terminate	regDate	updDate
BE22029234	1	0	중고 거래에서 사기를 당했어. 너무 당황스러워.	N	2022-10-15 02:00:04	2022-10-15 02:00:04
BE22029234	2	1	갑자기 무슨 일이에요? 요즘에도 사기를 치는 사람이 있다니, 많이 놀라셨겠어요.	N	2022-10-15 02:00:04	2022-11-08 06:29:00
BE22029234	3	0	얼마 전에 필요한 물건을 조금이라도 싸게 사기 위해서 중고 거래를 했거든. 처음부터 너무 싸게 내놓았길래 약간 의심했는데 정말 사기일 줄은 몰랐어. 물건은 안 왔는데 게시글이 내려간 걸 보고 얼마나 당황했는지 몰라.	N	2022-10-15 02:00:04	2022-11-08 06:29:00
BE22029234	4	1	엄마는 그것도 모르고 물건만 기다리고 있으셨을 텐데 사기인 걸 알고 얼마나 속상하셨겠어요. 저도 예전에 사기를 당한 적이 있는데 결국 잡지 못해서 저만 피해를 봐야 했어요. 한동안 너무 스트레스받느라 힘들었기에 엄마 마음이 충분히 이해돼요.	N	2022-10-15 02:00:04	2022-11-08 06:29:00
BE22029234	5	0	이럴 줄 알았으면 제값을 주고 물건을 사는 건데 내 잘못 같아서 후회스러워. 경찰에 연락했는데 이런 일이 한두 번이 아니라는 식으로 말하는 거 있지. 이미 보내버린 돈은 어떻게 받아내야 할지 어쩔 줄을 모르겠어.	N	2022-10-15 02:00:04	2022-11-08 06:29:00
BE22029234	6	1	잘못한 사람은 따로 있는데 엄마가 속상해하시니 제 마음이 아파요. 절대 엄마 잘못이 아니니 자책하지 마세요. 제가 돈을 돌려받을 수 있는 방법을 찾아볼 테니 걱정 말고 마음을 편히 가지세요.	N	2022-10-15 02:00:04	2022-11-08 06:29:00
BE22029234	7	0	생각해보니 물건을 구매한다고 했을 때 말이 계속 바뀌는 거 있지. 그때 알아차렸어야 했는데 너무 후회돼. 내가 괜한 일을 해서 너까지 곤란하게 만드는 건 아닐지 모르겠구나.	N	2022-10-15 02:00:04	2022-11-08 06:29:01
BE22029234	8	1	사기라는 걸 미리 아는 사람이 어디 있겠어요. 엄마가 아닌 누구에게나 일어날 수 있는 일이니, 부정적인 감정을 오래 가지고 계시지 마세요. 제가 미리 도와드렸더라면 엄마가 이렇게까지 속상해하지 않으셨을 텐데 죄송하기만 한걸요.	N	2022-10-15 02:00:04	2022-11-08 06:29:01
BE22029234	9	0	요즘 들어 왜 이런 일이 자주 일어나는지 모르겠어. 한두 번도 아니고 내 실수로 인한 일들이 번복되니 너무 한심한 거 있지. 다시는 이런 일이 일어나지 않게 내가 더 조심해야겠어.	N	2022-10-15 02:00:04	2022-11-08 06:29:01
BE22029234	10	1	살다 보면 자연스럽게 겪게 되는 일들인데 너무 신경 쓰지 마세요. 시행착오라 생각하고 털어버리시는 게 어떠세요? 그리고 이번 일을 겪었으니 다음번에는 이런 일들이 일어나지 않을 거예요.	N	2022-10-15 02:00:04	2022-11-08 06:29:01
BE22029234	11	0	네가 위로를 해주니 놀랬던 마음이 편안해지는 것 같구나. 네가 옆에서 나를 도와주니 얼마나 든든한지 몰라. 항상 고마워.	N	2022-10-15 02:00:04	2022-10-15 02:00:04
BE22029234	12	1	제가 당연히 할 수 있는 일을 했을 뿐인데요. 저는 엄마가 아무 걱정 없이 웃는 일만 가득하셨으면 좋겠어요. 그럴 수 있게 제가 더 많이 노력할게요.	N	2022-10-15 02:00:04	2022-11-08 06:29:01
BE22029234	13	0	내가 다른 건 몰라도 딸 하나는 잘 키운 것 같아서 뿌듯하네. 덕분에 웃음이 나는구나. 이번 주말에 가족들이랑 다 같이 모여서 식사하자.	N	2022-10-15 02:00:04	2022-11-08 06:29:01
BE22029234	14	1	엄마가 기분이 풀리셨다니 다행이에요. 저는 너무 좋죠. 벌써 주말이 기다려져요.	Y	2022-10-15 02:00:04	2022-11-08 06:29:01
