id	utterance_id	utterance_type	utterance_text	terminate	regDate	updDate
BE22028896	1	0	엄마, 저 대학원까지 나왔는데 취업이 너무 안 돼서 당황스러워요.	N	2022-10-14 08:05:41	2022-11-08 06:26:57
BE22028896	2	1	네 생각보다 많이 힘드니?	N	2022-10-14 08:05:41	2022-10-14 08:05:41
BE22028896	3	0	솔직히 대학원 나오면 취업이 쉬울 거라고 생각했어요. 그래서 대학원을 다니는 것도 미래에 투자한다고 생각하고 그 시간을 아까워하지 않았거든요. 그런데 남들보다 더 시간을 쏟고도 취업이 되지 않으니까 어떡해야 할지 모르겠어요.	N	2022-10-14 08:05:41	2022-10-14 08:05:41
BE22028896	4	1	네 생각처럼 풀리지 않는 현실에 많이 당황했구나. 남들보다 취업 시작이 늦었으니 더 다급한 마음이 들 것 같아.	N	2022-10-14 08:05:41	2022-11-08 06:26:57
BE22028896	5	0	서류까지는 당연히 통과할 거라고 생각했는데, 서류에서 떨어지는 곳도 많아요. 난 할 만큼 했다고 생각했는데 안 되니까 머릿속에 새하얘졌어요.	N	2022-10-14 08:05:41	2022-11-08 06:26:57
BE22028896	6	1	엄마도 처음 사회에 나와서 수없이 탈락했을 때 정말 혼란스러웠어. 나를 받아주지 않는 곳이 이렇게 많을 수도 있다는 걸 알고 정말 놀랐단다.	N	2022-10-14 08:05:41	2022-11-08 06:26:57
BE22028896	7	0	제가 지금까지 잘못된 방향으로 달려온 걸까요? 이게 안 되면 저는 이제 와서 새로운 걸 다시 준비해야 하는 걸까요? 갈피를 못 잡겠어요.	N	2022-10-14 08:05:41	2022-11-08 06:26:57
BE22028896	8	1	일단 네 마음을 진정시키는 게 필요한 것 같구나. 단순히 취업만을 위해서 대학원에 간 게 아니잖니? 네가 정말 하고 싶은 일에 필요한 공부였기 때문이잖아. 이제 네 꿈을 이뤄가기 위한 시작을 했을 뿐이야, 너무 조급하게 생각하지 않았으면 해.	N	2022-10-14 08:05:41	2022-11-08 06:26:57
BE22028896	9	0	하지만 대학만 나와서 벌써 대리 직급을 단 친구들도 있는 걸요. 지금보다 더 시간을 투자하면 안 될 것 같아요.	N	2022-10-14 08:05:41	2022-11-08 06:26:57
BE22028896	10	1	딸아, 인생은 아주 길고 넌 이제 첫발을 내딛은 거야. 꿈을 이루기 위해선 집중을 해야 해, 한눈을 팔면 네가 원하는 걸 찾을 수 없어. 당황스럽겠지만 차분히 보면 길은 반드시 있단다.	N	2022-10-14 08:05:41	2022-11-08 06:26:57
BE22028896	11	0	제 앞날이 캄캄해졌다고 생각했는데 길이 있을 거라고 하시니 마음이 좀 놓이네요.	N	2022-10-14 08:05:41	2022-11-08 06:26:57
BE22028896	12	1	당연하지, 네가 진심으로 그 일을 하고 싶어 하는 걸 보여주면 회사에서도 분명 너를 뽑을 거야. 그러니 너무 걱정하지 마.	N	2022-10-14 08:05:41	2022-11-08 06:26:57
BE22028896	13	0	엄마 말씀을 듣고 보니 저의 생각과 의지보다는 공부한 것들만 늘어놨던 것 같아요. 덕분에 어떻게 해야 할지 이제 알겠어요.	N	2022-10-14 08:05:41	2022-11-08 06:26:57
BE22028896	14	1	넌 분명 잘 할 수 있을 거야. 엄마는 널 믿어.	Y	2022-10-14 08:05:41	2022-10-14 08:05:41
