id	utterance_id	utterance_type	utterance_text	terminate	regDate	updDate
BE22026109	1	0	엄마, 오늘 정말 당황스러운 일이 있었어요. 오늘 졸다가 지하철 역을 지나쳐서 학원에 제 시간에 가지 못 했어요.	N	2022-10-09 12:37:29	2022-10-09 12:37:29
BE22026109	2	1	아이고, 우리 아들. 많이 놀랐겠구나. 우리 아들이 지하철에서 졸 아이가 아닌데, 요즘 많이 피곤했나봐. 눈을 뜨는 순간 얼마나 당황했겠어.	N	2022-10-09 12:37:29	2022-11-08 06:10:15
BE22026109	3	0	저는 제가 지하철에서 잠든 줄도 몰랐다니까요. 눈을 떠보니 지하철 역을 한참 지나쳐 다시 돌아가는데도 시간이 걸려서 학원에 못 갔어요. 많이 당혹스러웠지만 어떻게 해야 할 지 몰라 집에 가는 중이에요.	N	2022-10-09 12:37:29	2022-11-08 06:10:15
BE22026109	4	1	우리 아들이 요즘 공부하느라 잠도 제대로 못 잤고 그랬잖아. 살면서 그런 실수 한번 쯤은 할 수 있는 거니 놀란 마음을 조금 달래보거라. 학원 못간 거야 학원에 말하면 되니 별 일 아니란다.	N	2022-10-09 12:37:29	2022-11-08 06:10:15
BE22026109	5	0	사실 제가 이런 적이 없어서 그런지 아직도 어안이 벙벙해요.	N	2022-10-09 12:37:29	2022-10-09 12:37:29
BE22026109	6	1	엄마였어도 그 상황이라면 많이 당황했을 것 같아. 엄마도 버스에서 졸다가 종점까지 간 적이 있단다. 엄마도 그런 경험이 있어서 우리 아들이 얼마나 당황스러웠을지 예상이 가네.	N	2022-10-09 12:37:29	2022-11-08 06:10:15
BE22026109	7	0	앞으로도 이런 일이 생기면 어떡하죠? 사실 저는 완벽한 학생이고 싶었는데 말이에요. 다시 생각해도 당황스럽네요.	N	2022-10-09 12:37:29	2022-10-09 12:37:29
BE22026109	8	1	우리 아들, 사람이 정말 완전할 순 없어. 완벽한 것 같아 보이는 사람도 분명 실수를 할 수 있단다. 학원에 못 간 것보다 우리 아들의 피로 누적을 해결하는 게 더 중요할 것 같구나. 괜찮단다.	N	2022-10-09 12:37:29	2022-11-08 06:10:16
BE22026109	9	0	엄마께 말씀을 드릴까 말까 고민을 많이 했었는데 말씀드리길 잘 한 것 같아요. 엄마 덕에 놀랐던 마음이 조금은 진정되네요.	N	2022-10-09 12:37:29	2022-11-08 06:10:16
BE22026109	10	1	다음에 또 같은 실수를 하더라도 그건 너의 잘못이 아니야. 네가 일부러 그런 것도 아니고 말이야. 그러니 오늘 놀란 마음은 조금 진정시키고, 집에 와서 맛있는 간식 먹고 푹 자자.	N	2022-10-09 12:37:29	2022-11-08 06:10:16
BE22026109	11	0	항상 엄마에게 따뜻한 위로를 받아요. 엄마라는 존재가 저를 한층 더 성장시켜주시는 것 같아요.	N	2022-10-09 12:37:29	2022-10-09 12:37:29
BE22026109	12	1	매사에 성실하고 올바른 우리 아들을 보면서 엄마도 배우는 바가 많아. 마음이 한결 나아졌다니 정말 다행인걸.	N	2022-10-09 12:37:29	2022-11-08 06:10:16
BE22026109	13	0	어서 집으로 가서 엄마가 해주신 밥을 먹고 일찍 잠자리에 들어야겠어요. 다음부터는 학원도 잘 가고, 지하철에서도 졸지 않을래요.	N	2022-10-09 12:37:29	2022-10-09 12:37:29
BE22026109	14	1	우리 아들이 정말 다 컸구나. 올바르게 자라준 것에 대해서 엄마는 너무 감사하단다. 오늘 집에 와서 보자꾸나.	N	2022-10-09 12:37:29	2022-11-08 06:10:16
BE22026109	15	0	알겠어요, 엄마. 곧 집으로 갈게요. 감사하고 사랑해요!	Y	2022-10-09 12:37:29	2022-10-09 12:37:29
