id	utterance_id	utterance_type	utterance_text	terminate	regDate	updDate
BE22013314	1	0	엄마, 우산꽂이에 있던 제 검은색 우산 보셨어요? 아무리 찾아도 없네요. 지금 당장 나가야 하는데, 우산이 없어져서 당황스러워요.	N	2022-08-06 02:36:38	2022-11-08 04:49:42
BE22013314	2	1	엄마는 네가 그저께 비 올 때 들고 나간 것까지 기억하는데 그 이후는 잘 모르겠구나. 왜? 우산이 없어졌니?	N	2022-08-06 02:36:38	2022-11-08 04:49:42
BE22013314	3	0	아, 또 들고 나갔다가 잃어버리고 왔나 봐요. 이번 달에만 우산을 3개나 샀는데 또 잃어버렸어요. 진짜 설마 잃어버렸을까 했는데, 저 자신도 어이없다 못해 당황스럽기까지 하네요.	N	2022-08-06 02:36:38	2022-11-08 04:49:42
BE22013314	4	1	에고, 우리 딸, 우산을 자주 잃어버려서 스트레스를 받는구나. 어딘가에 있을 거라고 생각했는데 진짜로 잃어버린 거라서 황당하기도 하고 말이야. 조금만 신경 쓰면 될 텐데 조심성이 부족한 것 같아 저 자신에게 실망스럽기도 하겠다.	N	2022-08-06 02:36:38	2022-11-08 04:49:42
BE22013314	5	0	맞아요, 엄마. 이렇게 덤벙대는 성격은 진짜 고쳐야 하는데, 쉽지 않아서 스트레스에요. 다른 친구들은 자기 물건을 다 잘만 챙기던데 저는 왜 이 모양일까요. 특히 이번에 잃어버린 검은색 우산은 진짜 큰맘 먹고 산 마음에 꼭 드는 우산이거든요.	N	2022-08-06 02:36:38	2022-11-08 04:49:42
BE22013314	6	1	저런, 까다로운 우리 딸 마음에 쏙 드는 물건은 찾기가 어려운데 말이야. 근데 그것조차 제대로 간수하지 못하고 잃어버려서 우리 딸 마음이 더 속상하구나. 그래서 스스로 왜 이럴까 자책하면서 마음 쓰고 있구나.	N	2022-08-06 02:36:38	2022-11-08 04:49:42
BE22013314	7	0	네, 엄마. 진짜 조금만 신경 쓰면 되는 거 아는데, 왜 그러질 못할까요? 정말 한심해요, 돈은 돈대로 나가고 말이에요.	N	2022-08-06 02:36:38	2022-11-08 04:49:42
BE22013314	8	1	엄마도 물건 간수를 제대로 하지 못해서 잃어버린 적이 너무 많아서 딸 마음 이해해. 특히 좋아하고 아꼈던 물건을 잃어버리면 더 마음 아프고, 화가 나잖아. 물론 더 신경 쓰면 되는 일인 건 맞지만, 자신을 원망하거나 한심해할 일은 아니라고 생각해.	N	2022-08-06 02:36:38	2022-11-08 04:49:42
BE22013314	9	0	정말요? 매번 잃어버리지 않겠다고 다짐하고 똑같은 일을 되풀이하는데요?	N	2022-08-06 02:36:38	2022-08-06 02:36:38
BE22013314	10	1	어떻게 사람이 하루아침에 변화할 수가 있겠니, 중요한 건 변화하고 싶다고 생각하는 마음가짐이지. 난 원래 잘 잃어버리니까 어쩔 수 없다고 생각하는 게 아니라 앞으로 안 잃어버리도록 노력해야겠다고 생각하잖아. 엄마는 그것만으로 충분히 발전 가능성이 있다고 본단다, 우리 딸.	N	2022-08-06 02:36:38	2022-11-08 04:49:42
BE22013314	11	0	그럴까요? 근데 진짜 인제 그만 좀 잃어버리고 싶어요. 제가 아끼는 물건이 하나씩 사라지는 걸 보면 너무 슬퍼요.	N	2022-08-06 02:36:38	2022-11-08 04:49:42
BE22013314	12	1	엄마가 곁에서 지켜본 우리 딸은 한다면 하는 아이란다. 비록 시간이 조금 필요하더라도 하려고 하는 일은 끝까지 해내는 멋진 아이야. 그러니까 지금 마음을 가지고 조금만 더 신경 쓴다면 될 거야.	N	2022-08-06 02:36:38	2022-11-08 04:49:42
BE22013314	13	0	엄마 말이 맞아요. 이 마음을 기억하고, 좀더 꼼꼼하게 챙기려고 노력해야겠어요. 고마워요, 엄마.	N	2022-08-06 02:36:38	2022-11-08 04:49:42
BE22013314	14	1	뭘, 안 좋은 습관은 바꾸려고 노력하는 우리 딸이 대견해.	Y	2022-08-06 02:36:38	2022-11-08 04:49:42
