id	utterance_id	utterance_type	utterance_text	terminate	regDate	updDate
BE22028032	1	0	엄마, 지금 나 너무 당황스러워. 우리 아들이 할 말이 있다고 해서 같이 밥을 먹었잖아. 갑자기 해외 봉사를 가고 싶다고 하네.	N	2022-10-13 05:15:29	2022-10-13 05:15:29
BE22028032	2	1	오늘 네 아들이랑 같이 단둘이 저녁 먹기로 한 날이잖아. 할 말이 있다고 하더니 그런 이야기를 한 거로구나. 우리 손주가 그 분야에 관심이 있었는지는 전혀 몰랐는걸.	N	2022-10-13 05:15:29	2022-10-13 05:15:29
BE22028032	3	0	아들이 예전부터 해외 봉사에 가는 것이 꿈이었대. 그런데 이 어린아이를 혼자 어떻게 해외에 내보낼 수 있겠어. 난 정말 그 얘기 듣고 당황스러워서 멍해 있었어.	N	2022-10-13 05:15:29	2022-11-08 06:21:45
BE22028032	4	1	네가 평소에 아들을 많이 걱정한다는 사실은 나도 옆에서 봐서 잘 알고 있지. 애지중지하는 아들이 갑자기 해외로 떠나겠다고 하니까 얼마나 당황스러웠겠어. 네 마음이 정말 충분히 이해가 가.	N	2022-10-13 05:15:29	2022-11-08 06:21:45
BE22028032	5	0	내가 아들을 유난히 더욱 사랑하는 것도 있지만 우리 아들이 어렸을 때 크게 아팠잖아. 성인이긴 하지만 내 눈에는 아직 아팠던 아들인걸. 그런데 오늘 이미 해외 봉사를 신청하고 합격했다고 통보를 하더라고.	N	2022-10-13 05:15:29	2022-11-08 06:21:45
BE22028032	6	1	그거 정말 당황스러운 일인걸. 마음이 그렇게 확고하더라도 그전에 네게 미리 조금이라도 말을 하면 좋았을걸 아쉽긴 하다. 국내도 아니고 머나먼 타지로 가는 거라 생각도 못 한 일이었을 것 같은데 많이 당황스럽겠어.	N	2022-10-13 05:15:29	2022-11-08 06:21:45
BE22028032	7	0	어떻게 하면 좋을까 정말. 아들이 너무 확고해 보여서 설득을 하기가 힘들 것 같아. 앞으로 두 달 후면 출국을 한다고 하는데 나는 정말 말리고 싶어.	N	2022-10-13 05:15:29	2022-10-13 05:15:29
BE22028032	8	1	일단 마음을 진정하고 아들이 왜 확고한 마음을 가졌는지 생각해 보면 마음이 안정될 거야. 나도 너를 키우면서 이런 비슷한 일이 있었지만 그때마다 네 마음을 헤아리려고 노력했거든. 손주가 다 계획을 세우고 확정된 뒤에 말한 이유를 생각해 보면 마음이 나아질 수 있어.	N	2022-10-13 05:15:29	2022-11-08 06:21:45
BE22028032	9	0	만약 그전에 말을 했으면 아마 내가 무조건 반대를 해서 신청도 못하게 막았겠지. 평소에 내가 너무 아들을 온실 속에서 키웠나 싶네. 자신이 하고 싶은 일을 확고히 말한 것은 이번이 처음이라 이제 어른이 된 건가 싶어.	N	2022-10-13 05:15:29	2022-11-08 06:21:45
BE22028032	10	1	맞는 말이야. 아팠던 아들이 건강하게 어른이 될 수 있었던 배경엔 너의 노력이 크지. 난 네가 아주 좋은 엄마라고 생각해.	N	2022-10-13 05:15:29	2022-11-08 06:21:45
BE22028032	11	0	내가 정말 좋은 엄마일까. 우리 아들이 하고 싶은 것을 했으면 좋겠다고 생각했는데 이번엔 당황해서 그걸 잊은 것 같아. 앞으로 남은 시간 동안 대화를 많이 하고 아들이 행복한 삶을 살도록 응원해 주고 싶어.	N	2022-10-13 05:15:29	2022-10-13 05:15:29
BE22028032	12	1	네가 옆에서 지지를 해준다면 아들도 큰 힘이 될 거야. 많이 당황스럽겠지만 너도 이제 아들을 어른으로 인정해 주는 마음이 필요할 거야. 이 시간은 너에게도 좋은 시간이 될 거야.	N	2022-10-13 05:15:29	2022-11-08 06:21:45
BE22028032	13	0	엄마, 정말 고마워. 엄마 덕분에 당황스러운 마음이 정말 많이 나아졌어. 역시 엄마랑 이야기해야 내 마음이 안정되나 봐.	N	2022-10-13 05:15:29	2022-11-08 06:21:45
BE22028032	14	1	네가 이렇게 나에게 아들 일을 말해주니 너를 키웠을 때의 생각이 나는구나. 여태까지 정말 잘 키웠고 앞으로도 아들과 잘 지낼 수 있을 거야. 또 이런 일이 있다면 나에게 말해주렴.	Y	2022-10-13 05:15:29	2022-11-08 06:21:45
