id	utterance_id	utterance_type	utterance_text	terminate	regDate	updDate
BE22027354	1	0	엄마, 저는 아무래도 이 일이 맞지 않나 봐요.	N	2022-10-12 03:44:40	2022-11-08 06:17:38
BE22027354	2	1	왜 그러니, 직장에서 무슨 일 있었어?	N	2022-10-12 03:44:40	2022-10-12 03:44:40
BE22027354	3	0	사람을 상대하는 일인데, 진상 고객만 만나면 말이 나오 질 않아요. 오늘도 막무가내로 고집을 부리는데 당황해서 아무 말도 못하고 서 있었어요.	N	2022-10-12 03:44:40	2022-11-08 06:17:38
BE22027354	4	1	그런 사람들은 네 말을 들으려고 하지도 않을테니 당황할만도 하지. 언성을 높이면서 너에게 따질텐데 얼마나 놀라겠니.	N	2022-10-12 03:44:40	2022-11-08 06:17:38
BE22027354	5	0	컴플레인을 건다는 걸 안 순간부터 심장이 뛰고 손이 떨려요. 그대로 굳어버리니까 대처도 안 되고, 제가 가만히 있으니까 고객은 점점 더 화를 내요.	N	2022-10-12 03:44:40	2022-11-08 06:17:38
BE22027354	6	1	이제 막 사회생활을 시작했고, 그런 상황들이 익숙하지 않으니 혼란스러운 게 당연해. 그런 상황들을 겪다보면 침착하게 대처할 수 있을 거야.	N	2022-10-12 03:44:40	2022-11-08 06:17:38
BE22027354	7	0	저희 팀 팀장님도 그렇게 위로해주셨지만, 제가 정말 익숙해질 수 있을까요? 다른 팀원들은 당황하지 않고 잘 대처하는데 전 너무 나약한 사람인 것 같아요.	N	2022-10-12 03:44:40	2022-10-12 03:44:40
BE22027354	8	1	처음부터 잘 하는 사람이 어딨어, 모두가 어려워하는 부분이니 기죽을 필요 없단다. 네가 당황한다는 걸 그대로 받아 들이고, 그럼에도 불구하고 극복할 수 있다고 믿어 봐. 그런 순간들을 계속 상상하면서 연습하다 보면 분명 좋아질 거란다.	N	2022-10-12 03:44:40	2022-11-08 06:17:38
BE22027354	9	0	당황하지 않아야만 대응도 할 수 있다고 생각했는데. 오히려 그런 생각이 저를 더 긴장하게 했던 것 같네요. 말씀을 듣고 보니 마음이 조금 편해져요.	N	2022-10-12 03:44:40	2022-11-08 06:17:38
BE22027354	10	1	너는 어떻게 대처해야 하는지 이미 정답을 알고 있잖아. 한 마디만 시작해 본다면 그 뒤로는 허둥대지 않을 거야.	N	2022-10-12 03:44:40	2022-11-08 06:17:38
BE22027354	11	0	저는 절대 이런 일을 할 수 없는 사람이라고 생각했는데. 엄마 덕분에 용기가 나요.	N	2022-10-12 03:44:40	2022-11-08 06:17:38
BE22027354	12	1	너는 똑부러진 아이니까 엄마는 네가 분명 잘 할 수 있을 거라고 믿어. 어려움을 극복하고 나면 일취월장 할 것 같은데?	N	2022-10-12 03:44:40	2022-11-08 06:17:38
BE22027354	13	0	네, 저를 믿고 일단 한마디라도 내뱉어 볼게요!	N	2022-10-12 03:44:40	2022-10-12 03:44:40
BE22027354	14	1	엄마가 항상 응원하고 있다는 걸 잊지마!	Y	2022-10-12 03:44:40	2022-11-08 06:17:38
