id	utterance_id	utterance_type	utterance_text	terminate	regDate	updDate
BE22029361	1	0	엄마, 오늘 무척 당황스러운 일이 있었어요. 오늘 학교에 왔는데 강의실이 텅 비어있어 깜짝 놀랐거든요. 알고 보니 오늘 수업은 온라인으로 진행되는데 공지가 늦어 제가 미처 확인하지 못했더라고요.	N	2022-10-15 05:54:10	2022-10-15 05:54:10
BE22029361	2	1	무슨 문제라도 생긴 건 아닌가 싶어 네가 많이 당혹스러웠겠구나. 공지를 미리 올려주셨더라면 네가 그런 일을 겪지 않아도 됐을 텐데 안타까운 걸.	N	2022-10-15 05:54:10	2022-11-08 06:29:48
BE22029361	3	0	맞아요. 저는 이 수업 하나만 들으려고 학교에 오는데, 완전 헛걸음 한 셈이에요. 그 탓에 갑작스럽게 온라인 수업을 들을 장소를 찾느라 진땀을 뺐어요.	N	2022-10-15 05:54:10	2022-11-08 06:29:48
BE22029361	4	1	저런, 수업에 늦지는 않았니? 안 그래도 놀란 마당에 정신이 하나도 없었겠구나.	N	2022-10-15 05:54:10	2022-11-08 06:29:48
BE22029361	5	0	조금 늦었는데, 지각 처리를 하실지는 잘 모르겠어요. 솔직히 이런 일로 지각으로 처리된다면 너무 억울하고 당황스러울 것 같아요.	N	2022-10-15 05:54:10	2022-10-15 05:54:10
BE22029361	6	1	교수님께서도 네 사정을 들으면 분명 이해해주실 거야. 공지가 늦었으니 네게는 어쩔 수 없는 일이었잖아, 괜찮을 거야.	N	2022-10-15 05:54:10	2022-10-15 05:54:10
BE22029361	7	0	맞아요, 수업 시작하기 한 시간 전에 공지를 올리시면 정말 곤란하다고요. 저는 통학 시간이 길어 이미 그때는 학교로 출발한 이후였어요. 그러니 지금 상황이 당황스러울 수밖에 없는걸요.	N	2022-10-15 05:54:10	2022-10-15 05:54:10
BE22029361	8	1	이해해, 우리 아들이 늘 통학하느라 고생이 많지. 그래도 무사히 수업을 들었으니 그걸로 된 일이라고 생각하자. 원래 같았으면 학교에 오는 일정은 마찬가지이니, 평소처럼 들은 셈이라고 생각하면 마음이 좀 나을 거야.	N	2022-10-15 05:54:10	2022-11-08 06:29:48
BE22029361	9	0	강의실에 들어섰을 때, 처음에는 제가 강의실을 잘못 들어간 줄 알고 안절부절 못했다니까요. 그 당황스러운 심정을 생각하면 아직도 아직도 심장이 콩닥거려요.	N	2022-10-15 05:54:10	2022-10-15 05:54:10
BE22029361	10	1	그 마음 알지, 많이 놀라고 곤혹스러웠을 거야. 그래도 괜찮아, 결국 무사히 수업은 들었으니 그것으로 다행이라고 생각하자.	N	2022-10-15 05:54:10	2022-11-08 06:29:48
BE22029361	11	0	네, 조금 아쉽긴 해도 그렇게 생각하는 게 마음이 편할 것 같아요. 그래도 엄마가 이렇게 달래주셔서 당황했던 마음이 좀 가라앉는 것 같아요.	N	2022-10-15 05:54:10	2022-10-15 05:54:10
BE22029361	12	1	그렇다면 다행이로구나. 엄마도 네가 많이 놀란 것 같아 걱정됐는데 진정된 것 같아 안심이야. 어쩔 수 없는 일이었다고 생각하며 너무 마음에 두지는 말자.	N	2022-10-15 05:54:10	2022-11-08 06:29:48
BE22029361	13	0	네, 그렇게 생각하려고요. 기왕 학교에 왔으니 공부라도 더 하고 가려고 해요. 갑작스럽게 투정 부려서 놀라셨을 텐데 침착하게 들어주셔서 감사해요.	N	2022-10-15 05:54:10	2022-11-08 06:29:49
BE22029361	14	1	이런 일쯤이라면 얼마든지 해줄 수 있지. 사소한 거라도 좋으니 엄마에게 언제든 편하게 털어놓으렴. 남에게 이야기하면서 자연스럽게 풀리는 감정들도 있잖아.	N	2022-10-15 05:54:10	2022-10-15 05:54:10
BE22029361	15	0	그 말씀만으로도 마음이 든든해지는 것 같아요. 감사합니다.	Y	2022-10-15 05:54:10	2022-10-15 05:54:10
