id	utterance_id	utterance_type	utterance_text	terminate	regDate	updDate
BE22028629	1	0	엄마, 어떡해요. 저 지금 큰일 났어요. 혹시 아이 아빠에게 연락해 줄 수 있으세요?	N	2022-10-14 01:33:38	2022-10-14 01:33:38
BE22028629	2	1	아이한테 무슨 일이 생긴 거니?	N	2022-10-14 01:33:38	2022-11-08 06:25:21
BE22028629	3	0	곧 프레젠테이션이 있는데 아이가 아프다고 유치원에서 연락이 왔어요. 아이한테 당장 달려갈 수도 없고, 아이 아빠도 전화를 받지 않아서 너무 당황스러워요.	N	2022-10-14 01:33:38	2022-10-14 01:33:38
BE22028629	4	1	그럼, 엄마가 연락을 해볼게. 일단 너부터 진정을 하는 게 좋겠구나.	N	2022-10-14 01:33:38	2022-11-08 06:25:21
BE22028629	5	0	아이가 아프다는 소식에 머리가 하얘져서 뭐부터 해야 할지 모르겠어요. 프레젠테이션을 포기하고 아이한테 가야 할 것 같기도 하고, 어떡하죠.	N	2022-10-14 01:33:38	2022-11-08 06:25:21
BE22028629	6	1	아이 아빠가 연락이 안 되면 나라도 아이한테 가볼 테니 안심해. 중요한 프레젠테이션이라 몇 날 며칠을 열심히 준비했잖니. 아이는 당장 네가 할 수 있는 문제가 아니니, 지금은 평정심을 찾고 일에 집중하렴.	N	2022-10-14 01:33:38	2022-11-08 06:25:21
BE22028629	7	0	일하면서 아이 키우는 거 정말 쉽지 않네요. 이런 일은 매번 겪어도 도무지 익숙해 지지가 않아요. 유치원에서 연락이 와있으면 심장이 철렁해요.	N	2022-10-14 01:33:38	2022-11-08 06:25:21
BE22028629	8	1	부모에게 제일 중요한 게 아이인데 당황스러운 게 당연해. 더군다나 아직 아이가 어리니까 늘 불안하고 긴장되겠지. 모든 워킹맘들은 같은 마음일 거야.	N	2022-10-14 01:33:38	2022-11-08 06:25:21
BE22028629	9	0	하지만 계속 이렇게 당황하면 일도, 육아도 다 실패할 것 같아요. 지금도 프레젠테이션에 하나도 집중을 못 하겠어요. 이럴 땐 정말 다 포기하고 싶어요.	N	2022-10-14 01:33:38	2022-11-08 06:25:21
BE22028629	10	1	지금도 충분히 잘하고 있어, 더 잘하려고 스스로를 몰아세우지 않았으면 좋겠구나. 온전히 하나에만 집중할 수 없는 건 네 잘못이 아니야. 너는 그저 주어진 환경 안에서 최선을 다하면 그걸로 되는 거란다.	N	2022-10-14 01:33:38	2022-11-08 06:25:21
BE22028629	11	0	하나도 제대로 잘하는 게 없는 것 같아서 늘 안절부절했는데 너무 위안이 돼요.	N	2022-10-14 01:33:38	2022-11-08 06:25:21
BE22028629	12	1	한번 시작하면 뭐든 잘하려고 하는 너였으니 다른 사람들보다 더 힘들었을 거야. 하지만 그렇게 하지 않아도 아무 문제 없어. 너를 위해서도, 가족들을 위해서도 네가 마음의 안정감을 찾는 게 제일 중요해.	N	2022-10-14 01:33:38	2022-11-08 06:25:21
BE22028629	13	0	네, 제가 제일 중요한 걸 놓치고 있었던 것 같아요. 엄마 덕분에 좀 진정이 됐어요.	N	2022-10-14 01:33:38	2022-11-08 06:25:21
BE22028629	14	1	다행이구나. 일단은 프레젠테이션 잘 마무리하고 오렴. 차근차근 하나씩 해결하면 되니까 힘내.	Y	2022-10-14 01:33:38	2022-10-14 01:33:38
