id	utterance_id	utterance_type	utterance_text	terminate	regDate	updDate
BE22025879	1	0	엄마, 저 오늘 정말 당황스러운 일이 있었어요. 한두 번 겪는 일이 아닌데도 막상 눈앞에서 마주하면 너무 당황스러워지는 것 있죠. 이번에도 난감한 나머지 어찌할 줄을 모르겠는데 떠오르는 사람이 엄마밖에 없어서 메시지 보내요.	N	2022-10-09 01:58:51	2022-10-09 01:58:51
BE22025879	2	1	혹시 무슨 일 있었어? 문자를 보니 많이 놀란 것 같아서 걱정되는구나.	N	2022-10-09 01:58:51	2022-11-08 06:08:52
BE22025879	3	0	자취하는 방에서 식물을 키우기만 하면 죽는 것 같아요. 이번에는 분명 키우기도 쉽고 잘 죽지 않는다는 식물을 데려왔는데 또 시들어 버렸어요. 오래 살 수 있을 거라고 믿었던 식물이 시들어 버리니까 너무 당황스럽고 난처하네요.	N	2022-10-09 01:58:51	2022-10-09 01:58:51
BE22025879	4	1	혼자서 지내는 생활이 외롭지 않도록 작은 위안이 되어 주었던 식물이 맥없이 시들어 버렸구나. 이번에는 차마 예상하지 못했던 만큼 많이 속상했겠어. 애지중지 아끼며 길렀던 시간이 떠오르면서 어떻게 해야 하나 싶은 마음에 머릿속이 새하얘졌을 듯해.	N	2022-10-09 01:58:51	2022-11-08 06:08:52
BE22025879	5	0	이번에는 정말 잘 키우고 싶었는데 이런 일이 또 생기고 나니까 당황스럽고 죄책감이 느껴지기도 해요. 식물을 일부러 괴롭힌 적도 없고 항상 정성으로 돌봤거든요. 예기치 못한 일이 생기니까 매번 놀라게 되다 보니 이번에도 심장이 빠르게 뛰어요.	N	2022-10-09 01:58:51	2022-10-09 01:58:51
BE22025879	6	1	식물도 엄연히 생명인 이상 내 마음대로 되지 않는다는 걸 알면서도 좌절할 수밖에 없었겠어. 고된 하루를 마치고 돌아갔을 때 느낄 수 있는 소소한 기쁨이 사라졌으니 상심하는 게 당연해. 문자로 상황을 전해 듣기만 해도 마음이 좋지 않은데 딸은 오죽할까 싶다.	N	2022-10-09 01:58:51	2022-11-08 06:08:52
BE22025879	7	0	그동안 시들어 버린 식물들에게 미안해서라도 이번 화분은 정말 잘 키우고 싶었거든요. 분명 며칠 전까지만 해도 괜찮았는데 갑자기 시들어 버려서 당황스러운 마음을 가라앉히는 게 쉽지 않네요.	N	2022-10-09 01:58:51	2022-10-09 01:58:51
BE22025879	8	1	그럼에도 너에게는 곁에 있는 존재를 살뜰하게 살피면서 다정하게 사랑할 줄 아는 장점이 있잖아. 지금은 아쉽게 시들어 버렸지만 다시 도전해 보면 분명 멋지게 자라날 수 있을 거라고 생각해. 그러니 너무 괴로워하지 말고 마음을 차분하게 가다듬다 보면 차츰 편해질 거야.	N	2022-10-09 01:58:51	2022-11-08 06:08:52
BE22025879	9	0	잘 자랄 거라고 믿었던 식물이 시들어 버린 터라 정말 당황스럽고 난처했거든요. 그래도 엄마한테 그 감정을 털어놓으니 확실히 해소가 되는 것 같아요. 덕분에 빠르게 뛰던 심장도 잠잠해지면서 마음이 한결 편안해지고 있어요.	N	2022-10-09 01:58:51	2022-11-08 06:08:52
BE22025879	10	1	무수한 실패를 겪더라도 포기하지 않는다면 원하는 목표를 이룰 수 있더라. 지금은 놀란 마음을 잘 추스르면서 다음을 기대해 본다고 생각하면 아쉬운 마음도 차츰 가실 거야.	N	2022-10-09 01:58:51	2022-11-08 06:08:52
BE22025879	11	0	엄마 덕에 괴로웠던 마음이 점점 나아지고 있는 것 같아요. 이번에도 도움을 주셔서 고마워요.	N	2022-10-09 01:58:51	2022-11-08 06:08:52
BE22025879	12	1	앞으로도 혼자서 감당하기 어려운 고민이 있으면 언제든 엄마한테 이야기해 줘. 어떤 이야기든 성심성의껏 귀 기울여 들을게.	N	2022-10-09 01:58:51	2022-10-09 01:58:51
BE22025879	13	0	말씀만 들어도 마음이 든든해지는 기분이에요. 이제 한결 나아졌으니 손부터 닦고 식물을 잘 처리해 주고 와야겠어요.	N	2022-10-09 01:58:51	2022-10-09 01:58:51
BE22025879	14	1	그래, 언제든 또 하고 싶은 이야기가 생기면 엄마한테 연락해 줘.	Y	2022-10-09 01:58:51	2022-10-09 01:58:51
