id	utterance_id	utterance_type	utterance_text	terminate	regDate	updDate
BE22011844	1	0	엄마 저 영어 공부한 게 하나도 소용이 없는 것 같아요.	N	2022-07-26 07:42:50	2022-11-08 04:40:33
BE22011844	2	1	왜 무슨 일 있었니?	N	2022-07-26 07:42:50	2022-11-08 04:40:33
BE22011844	3	0	오늘 외국인이 길을 물어봤는데, 당황해서 한마디도 못 했어요. 그동안 몇 년을 공부했는데 이렇게 당황하다니 너무 한심해요.	N	2022-07-26 07:42:50	2022-11-08 04:40:33
BE22011844	4	1	영어 회화가 부족하다고 느껴서 더 시간을 내어 공부했는데, 당당하게 말하지 못해 속이 상했구나?	N	2022-07-26 07:42:50	2022-11-08 04:40:33
BE22011844	5	0	네, 저도 그 부분이 약한 걸 알아서 과외까지 받았잖아요. 외국인 한마디에 이렇게 정신 못 차리다니 공부한 의미가 없어요.	N	2022-07-26 07:42:50	2022-11-08 04:40:33
BE22011844	6	1	네가 실전에서 부딪혀볼 기회가 없으니까 당황하는 게 당연해. 그렇다고 네 열심히 노력해서 쌓은 회화 실력이 사라지는 게 아니잖니. 자꾸 부딪히다 보면 담대해지는 날이 올 거야.	N	2022-07-26 07:42:50	2022-11-08 04:40:33
BE22011844	7	0	하지만 당장 이번 달에 원어민 영어 회화 시험이 있는걸요? 자신감이 떨어졌어요. 그때도 안절부절못할 거예요.	N	2022-07-26 07:42:50	2022-11-08 04:40:33
BE22011844	8	1	이번 달에 또 못하면 어때, 한 번 더 경험을 쌓는 시간일 뿐이야. 너에게 중요한 건 당장의 시험 성적이 아니라 미래에 네 꿈에 영어 회화를 활용하는 거잖아. 멀리 보고 생각해보면 지금 이 상황은 전혀 문제가 되지 않아.	N	2022-07-26 07:42:50	2022-11-08 04:40:33
BE22011844	9	0	엄마 말씀을 듣고 보니 제가 마음이 너무 조급했던 것 같아요. 당장 만족할 만한 결과를 내야 한다고 생각해서 더 마음이 불안했어요. 멀리 놓고 보니 지금은 앞으로 나가는 과정일 뿐이네요.	N	2022-07-26 07:42:50	2022-11-08 04:40:33
BE22011844	10	1	너는 누구보다 열심히 네 꿈을 향해 나아가고 있어. 영어 공부도 너 스스로 찾아서 하는 모습을 보고 엄마는 얼마나 대견했는지 몰라. 너처럼 의지가 강한 아이는 반드시 원하는 바를 이룰 수 있어.	N	2022-07-26 07:42:50	2022-11-08 04:40:33
BE22011844	11	0	이렇게 저를 믿고 격려해 주시니까 마음이 한결 편해졌어요. 이제 외국인과의 대화도 자신 있게 할 수 있을 것 같아요.	N	2022-07-26 07:42:50	2022-11-08 04:40:34
BE22011844	12	1	지금은 실패하고 그걸 극복하는 경험을 쌓는 게 중요한 시기야. 엄마는 네가 그 과정을 잘 이겨내고 있는 것 같아서 너무 기뻐. 너도 너 자신을 좀더 칭찬해 주렴.	N	2022-07-26 07:42:50	2022-11-08 04:40:34
BE22011844	13	0	제가 흔들릴 때마다 지금처럼 옆에서 잡아주셔서 정말 감사해요.	N	2022-07-26 07:42:50	2022-11-08 04:40:34
BE22011844	14	1	마음에 안정을 찾은 것 같아서 정말 다행이네. 도움이 필요하면 언제든 이야기하렴.	Y	2022-07-26 07:42:50	2022-11-08 04:40:34
