id	utterance_id	utterance_type	utterance_text	terminate	regDate	updDate
BE22026005	1	0	엄마, 저 지금 너무 당황스러운 상황에 놓였어요. 어떻게 하면 좋을까요?	N	2022-10-09 07:55:11	2022-10-09 07:55:11
BE22026005	2	1	왜 그래? 너한테 무슨 일이라도 생긴거니? 무엇이든 엄마한테 말해보렴.	N	2022-10-09 07:55:11	2022-10-09 07:55:11
BE22026005	3	0	남편 회사에서 갑작스럽게 남편을 해외주재원으로 발령을 냈어요. 생각하지도 못했던 상황이라 너무 당황스럽네요.	N	2022-10-09 07:55:11	2022-10-09 07:55:11
BE22026005	4	1	네 계획에도 없던 상황을 마주해 당황스러울 네 심정을 잘 알 것 같구나. 인생에 큰 변곡점이 될 수 있어 당황스럽기도 하고 여러 생각이 많이 들 것 같다.	N	2022-10-09 07:55:11	2022-11-08 06:09:38
BE22026005	5	0	맞아요. 해외에서 산다는 건 상상조차 해본적이 없거든요. 그리고 당장의 현실이 모두 바뀐다고 생각하면 어떻게 해야할지 몰라 머리속이 하얘지는 기분이예요.	N	2022-10-09 07:55:11	2022-10-09 07:55:11
BE22026005	6	1	그렇지. 아무래도 해외로 나가게되면 삶도 많이 바뀌게 될테니까. 당황스러운 마음은 잘 알지만 너희의 앞날에 도움이 되는 선택을 할 수 있도록 마음을 차분히해보렴.	N	2022-10-09 07:55:11	2022-11-08 06:09:38
BE22026005	7	0	남편을 따라 해외로 가게되면 이 곳에서의 제 삶도 모두 포기해야 하잖아요. 그 곳에 가면 정 반대의 삶을 살아야 할지도 몰라 걱정도 되고요. 그동안 생각해본적이 없던 상상을 떠올리면 당황스러움이 가라앉지 않는 것 같아요.	N	2022-10-09 07:55:11	2022-11-08 06:09:38
BE22026005	8	1	너는 적응력도 뛰어나고 친화력도 좋은 편이잖아. 네가 걱정하는바와 달리 충분히 잘 해낼수 있을거라 생각해. 네가 가진 능력도 뛰어나니 그걸 활용해서 잘 지낼수 있을 것이라고 믿어.	N	2022-10-09 07:55:11	2022-11-08 06:09:38
BE22026005	9	0	제 의지가 아닌 상황에 이끌려 제 삶이 바뀐다는게 너무 당황스러운 일 같아요. 이런 마음을 가지고 제가 잘 해낼 수 있을지 모르겠어요. 어쩔 줄을 모르겠으니 마음속이 혼란스럽기만 하네요.	N	2022-10-09 07:55:11	2022-10-09 07:55:11
BE22026005	10	1	놀라고 당황스러울 네 마음은 엄마도 충분히 이해한다. 그렇지만 이번 일을 새로운 도전이라고 생각하고 받아들여보면 어때? 피할 수 없으면 즐기라는 말도 있잖아.	N	2022-10-09 07:55:11	2022-11-08 06:09:38
BE22026005	11	0	맞아요. 엄마 말을 들으니 제가 당황스러운 마음에 현실을 부정했던 것 같아요. 어쩔 수 없는 상황이라면 즐기는 편이 저에게도 더 좋을 것 같아요.	N	2022-10-09 07:55:11	2022-11-08 06:09:38
BE22026005	12	1	다른 나라에서의 삶이 힘들고 어려울 수 있겠지. 그렇지만 이 곳에서는 다르게 새롭게 배우고 경험하는 많은 것들이 기다리고 있을거야. 그러니 긍정적으로 생각하고 잘 다녀오렴.	N	2022-10-09 07:55:11	2022-11-08 06:09:38
BE22026005	13	0	그렇게 생각하니 당황스러웠던 마음이 기대감으로 바뀌는 것 같네요. 그 곳에서의 제 삶이 어떻게 흘러갈 지 벌써부터 궁금해져요.	N	2022-10-09 07:55:11	2022-10-09 07:55:11
BE22026005	14	1	어쩌면 남들은 쉽게 경험하지 못하는 걸 체험할 수 있는 기회가 된 걸 거야. 이번 기회가 앞으로의 너에게 도움이 되기를 진심으로 바라.	N	2022-10-09 07:55:11	2022-11-08 06:09:38
BE22026005	15	0	엄마 덕분에 편한 마음으로 다녀올 수 있을 것 같아요. 용기를 주셔서 감사해요.	Y	2022-10-09 07:55:11	2022-11-08 06:09:38
