id	utterance_id	utterance_type	utterance_text	terminate	regDate	updDate
BE22001833	1	0	아버지, 나 이름 새로 만드는 거 어떻게 생각하세요?	N	2022-06-17 02:34:39	2022-11-08 03:36:16
BE22001833	2	1	누가 또 네 이름 가지고 놀리기라도 했어?	N	2022-06-17 02:34:39	2022-11-08 03:36:16
BE22001833	3	0	어린애도 아니고 누가 놀려요. 그냥 제 기분에 다들 속으로 웃는 것 같아서 기분이 별로예요. 괜히 당황스럽기도 하고요.	N	2022-06-17 02:34:39	2022-11-08 03:36:16
BE22001833	4	1	그래도 영 예의 없는 사람들은 없나 보구나. 그런데도 너는 이름 때문에 신경이 쓰이는 거고?	N	2022-06-17 02:34:39	2022-11-08 03:36:16
BE22001833	5	0	거래처 사람들 만나서 이름 소개할 때마다 심호흡을 한번씩 해요.	N	2022-06-17 02:34:39	2022-11-08 03:36:16
BE22001833	6	1	저런, 그렇게 힘들어? 어린 시절에도 잘 극복하길래 아버지는 괜찮은 줄만 알았구나.	N	2022-06-17 02:34:39	2022-11-08 03:36:16
BE22001833	7	0	이름을 듣고 당황하는 기색들이 역력해서 제가 오히려 민망하고 당황스럽기는 해요.	N	2022-06-17 02:34:39	2022-11-08 03:36:16
BE22001833	8	1	네가 정말 당황스러운 상황이긴 했겠다. 아버지가 너의 그런 고충에 대해 이제야 알게 돼서 정말 미안하다.	N	2022-06-17 02:34:39	2022-11-08 03:36:16
BE22001833	9	0	아니에요, 무슨 그런 말씀을 하세요. 오히려 아버지께서 주신 이름을 고치고 싶어 하는 제가 죄송해요.	N	2022-06-17 02:34:39	2022-11-08 03:36:16
BE22001833	10	1	아니다, 세상이 바뀌었으니 그저 뜻만 좋다고 좋은 이름일 수는 없지. 개명 신청을 하도록 하자.	N	2022-06-17 02:34:39	2022-11-08 03:36:16
BE22001833	11	0	정말 그래도 돼요? 아버지가 이렇게 선뜻 이해해 주실 줄 몰랐어요.	N	2022-06-17 02:34:39	2022-11-08 03:36:16
BE22001833	12	1	이름은 남들이 불러줄 때 의미가 있는 거 아니겠니? 누구나 친근하게 불러줄 이름을 잘 지어보자꾸나.	N	2022-06-17 02:34:39	2022-11-08 03:36:16
BE22001833	13	0	감사합니다. 그럼 새로운 이름도 아버지께서 지어 주실래요?	N	2022-06-17 02:34:39	2022-11-08 03:36:16
BE22001833	14	1	정말 내가 지어도 되겠니? 흠, 이번에는 사전에 꼭 너랑 의논해서 결정할게.	Y	2022-06-17 02:34:39	2022-11-08 03:36:16
