id	utterance_id	utterance_type	utterance_text	terminate	regDate	updDate
BE22028944	1	0	엄마, 요즘 새로운 학기를 맞아서 친구를 사귀었어요. 그런데 그 친구가 다른 사람들을 헐뜯고 다니는 것 같아서 당황스러워요.	N	2022-10-14 09:10:08	2022-10-14 09:10:08
BE22028944	2	1	그게 정말이니? 듣기만 해도 이렇게 당혹스러운데 우리 아들은 얼마나 심란하겠어. 엄마한테 자세히 얘기해 봐.	N	2022-10-14 09:10:08	2022-11-08 06:27:14
BE22028944	3	0	제가 혼자 있을 때 그 친구가 먼저 다가와 줘서 정말 고마웠거든요. 그래서 며칠간 같이 다녔는데 그 친구가 다른 아이들이나 선생님 흉을 보더라고요. 들으면서도 정말 당황스럽고 안절부절못하게 되어서 정말 난감했어요.	N	2022-10-14 09:10:08	2022-11-08 06:27:14
BE22028944	4	1	친구의 말에 동조할 수도 없고 가시방석에 앉은 기분이었겠다. 엄마가 너의 입장이었어도 당혹감에 뇌가 굳어버리는 기분이었을 거야. 우리 아들이 정말 고민이겠다.	N	2022-10-14 09:10:08	2022-11-08 06:27:14
BE22028944	5	0	맞아요. 제가 친구를 만들지 못하고 고립되어 있을 때 먼저 다가와 준 고마운 친구였거든요. 그런데 이렇게 남을 험담하는 모습을 보니 제가 알던 사람이 아닌 것 같아서 정말 당황스러웠어요.	N	2022-10-14 09:10:08	2022-10-14 09:10:08
BE22028944	6	1	그 마음 엄마도 이해해. 안 그래도 친구 관계로 고민이 많을 텐데 이런 일이 생겨서 정말 혼란스러울 거야.	N	2022-10-14 09:10:08	2022-11-08 06:27:14
BE22028944	7	0	저에겐 학기 초를 외롭게 보내지 않게 해준 고마운 친구거든요. 그래서 이 얘기를 하면 사이가 멀어질까 봐 말도 못 꺼내고 있어요. 저는 왜 이렇게 용기가 부족한 걸까요.	N	2022-10-14 09:10:08	2022-10-14 09:10:08
BE22028944	8	1	그만큼 너에게 소중한 사람이니까 쉽게 말이 나오지 않는 건 당연한 거란다. 그만큼 네가 친구를 아끼고 있다는 뜻이야. 하지만 더욱 진실한 관계가 되기 위해서 친구와 진지하게 이야기를 해보면 어떨까.	N	2022-10-14 09:10:08	2022-11-08 06:27:14
BE22028944	9	0	그러고 싶은데 친구가 제 험담도 하게 될까 봐 고민도 돼요. 친구 문제로 혼란스러워서 학교 공부에 집중도 잘되지 않아요. 정말 어떻게 하면 좋을까요.	N	2022-10-14 09:10:08	2022-10-14 09:10:08
BE22028944	10	1	너에게 먼저 다가와 주었다는 것은 그 친구도 분명 너를 좋게 생각하고 있다는 뜻일 거야. 그 친구에게도 너는 소중한 사람일 테니 너의 조언을 무시하진 않을 거라고 생각해. 친구와의 우정을 조금 더 믿어보고 용기를 내보면 어떠니.	N	2022-10-14 09:10:08	2022-11-08 06:27:14
BE22028944	11	0	엄마가 그렇게 말씀해 주시니 왠지 용기가 생기는 기분이에요. 저와 정말 마음이 잘 맞는 친구거든요. 이번엔 제가 먼저 다가가서 이야기한다면 분명 해결될 수 있겠죠?	N	2022-10-14 09:10:08	2022-11-08 06:27:14
BE22028944	12	1	물론이야. 네가 솔직하게 말해준다면 그 친구와의 우정이 더욱 돈독해질 거야. 우리 아들이 이렇게 용기 내는 모습이 엄마는 너무 자랑스럽네.	N	2022-10-14 09:10:08	2022-11-08 06:27:14
BE22028944	13	0	이게 다 엄마가 격려해 주신 덕분이에요. 앞으로도 혼자 앓지 않고 주변에 도움을 청해야겠다는 생각이 들어요. 앞으로 나아갈 수 있도록 노력해 볼게요.	N	2022-10-14 09:10:08	2022-11-08 06:27:14
BE22028944	14	1	원래 부정적인 마음은 나누면 줄어든다고 하잖아. 엄마가 도움이 되었다니 오히려 다행이야. 이렇게 너를 응원하고 있는 사람이 있다는 걸 잊지 말고 용기를 내보렴.	N	2022-10-14 09:10:08	2022-10-14 09:10:08
BE22028944	15	0	그럴게요. 정말 감사해요. 엄마.	Y	2022-10-14 09:10:08	2022-11-08 06:27:14
