id	utterance_id	utterance_type	utterance_text	terminate	regDate	updDate
BE22027172	1	0	집들이하려고 팀원들을 초대했어요. 팀원들이 매매 정보도 많이 알려주고 업무적으로도 배려를 해줘서 고마웠거든요. 팀원들이 도착해서 준비한 음식을 내가는데 밥솥을 열어보니 쌀이 그대로 있어서 얼마나 당황스럽던지요.	N	2022-10-11 15:19:02	2022-11-08 06:16:32
BE22027172	2	1	손님 초대해놓고 밥이 안 되었으니 네가 얼마나 당황했겠니. 네가 그 순간 진땀을 흘렸겠구나. 엄마라도 그럴 경우에 아무 생각이 안 날 것 같아.	N	2022-10-11 15:19:02	2022-11-08 06:16:32
BE22027172	3	0	야심 차게 밥도둑인 간장게장을 준비했는데 밥이 빠지는 건 말이 안 되잖아요. 맛있는 햅쌀을 새로 주문해서 넉넉하게 앉혀두었거든요. 그런데 취사 버튼 누르는 걸 잊어서 밥이 안 됐으니 다급한 마음에 어쩔 줄 모르겠더 라고요.	N	2022-10-11 15:19:02	2022-11-08 06:16:32
BE22027172	4	1	하필이면 고마운 분들 모셔두고 그런 일이 생겨서 너무 난감했겠어. 네가 메뉴 선정에 얼마나 고심했을지 눈에 선한데 뜻대로 안 되어서 참 당황했겠구나.	N	2022-10-11 15:19:02	2022-11-08 06:16:32
BE22027172	5	0	어쩔 줄 몰라 하다가 결국 즉석밥을 렌지에 돌려서 내는 제가 너무 한심하더라고요. 여러 날 고민해서 준비한 걸 멋지게 대접하고 싶었는데 다 망쳐버렸잖아요. 쌀도 그날까지 배송 받으려고 택배 독촉까지 했었는데 다 쓸모없게 됐고요.	N	2022-10-11 15:19:02	2022-11-08 06:16:32
BE22027172	6	1	네 속이 얼마나 상했을지 엄마도 너무 잘 안단다. 너는 매사 철두철미하게 준비하고 완벽하게 해내는 성격이잖아. 그래서 더 그 상황이 당황스럽게 여겨지고 스스로가 한심하게 느껴졌을 거야.	N	2022-10-11 15:19:02	2022-11-08 06:16:32
BE22027172	7	0	여러 번 머릿속으로 준비사항들을 체크했고 시간 맞춰서 모든 것이 순조롭게 진행된다고 생각했어요. 그런데 그런 실수를 하고 말다니 예기치 못한 상황에 제가 너무 당황해버린 거죠. 침착하게 대처할 수도 있었을 텐데 다급해 하는 모습만 팀원들에게 남겨버렸네요.	N	2022-10-11 15:19:02	2022-11-08 06:16:32
BE22027172	8	1	일 처리가 완벽하다는 칭찬을 받던 네가 당황하는 모습을 보인 게 많이 속상했겠구나. 팀원들은 그걸로 너를 판단하지 않을 거란다. 오히려 재미있는 추억으로 기억하며 다들 네 마음을 이해할 거야.	N	2022-10-11 15:19:02	2022-11-08 06:16:32
BE22027172	9	0	다들 웃으며 맛있다고 칭찬해줬지만 저는 그게 인사치레가 아닐까 싶어서 영 석연치 않더라고요. 당황스러운 마음도 가시지 않고 오랫동안 남아있었고요. 팀원들 눈에는 제가 계속 안절부절하는 것처럼 보였을 텐데 어떻게 만회할지 모르겠어요.	N	2022-10-11 15:19:02	2022-11-08 06:16:32
BE22027172	10	1	신경 써서 준비한 것을 전부 드리지 못해서 아쉬웠지? 하지만 넌 충분히 잘 대접했고 당황스러운 상황에서 대처도 잘 해냈어. 팀원들의 칭찬을 진심으로 받아들이고 수고한 스스로를 격려해보면 어떻겠니.	N	2022-10-11 15:19:02	2022-11-08 06:16:32
BE22027172	11	0	엄마 말씀대로 팀원들은 진심으로 칭찬했을 거예요. 저는 충분하다는 기준을 너무 높게 잡아뒀나 봐요. 작은 실수에도 당황하고 용납하지 못하는 걸 보면요.	N	2022-10-11 15:19:02	2022-11-08 06:16:32
BE22027172	12	1	때로는 그런 자신이 힘들게 느껴지기도 하지? 엄마는 너의 훌륭한 면모를 네 스스로 알아주길 바란단다. 모두가 널 칭찬할 때도 더 잘하려고 애를 쓰는 모습이 엄마 눈에는 가끔 힘들어 보이더구나.	N	2022-10-11 15:19:02	2022-11-08 06:16:32
BE22027172	13	0	완벽하려고 애쓸수록 실수에 지나치게 당황하고 한심하게 느끼더라고요. 맞아요 엄마 말씀처럼 스스로를 격려해 준 적이 없었네요. 지금껏 잘 해낸 것이 수도 없이 많은데도 말이죠.	N	2022-10-11 15:19:02	2022-11-08 06:16:32
BE22027172	14	1	네가 그렇게 생각하게 되어서 마음이 놓이는구나. 엄마는 네가 스스로를 격려하면서 편안하게 지내기를 바란단다. 너는 많은 면에서 정말 잘하고 있어.	N	2022-10-11 15:19:02	2022-11-08 06:16:32
BE22027172	15	0	그렇게 말씀해주시니 저도 이제 기준치를 약간 낮춰볼까 해요. 스스로 다독이면서 편안한 마음 가지려고 해볼게요.	Y	2022-10-11 15:19:02	2022-10-11 15:19:02
