id	utterance_id	utterance_type	utterance_text	terminate	regDate	updDate
BE22013580	1	0	아, 너무 당황스러워요! 엄마, 전 진짜 너무 한심한 것 같아요. 정신을 어디 두고 다니는지 뭐 하나 제대로 하질 못하는 것 같아요.	N	2022-08-09 07:10:20	2022-11-08 04:51:21
BE22013580	2	1	당황스럽다고? 무슨 일이 있었길래 그래!	N	2022-08-09 07:10:20	2022-11-08 04:51:21
BE22013580	3	0	휴, 약속이 있어서 밖으로 나왔는데 비가 오더라고요. 다시 들어가서 우산 가지고 나왔는데 우산에 구멍이 나 있는 거 있죠?	N	2022-08-09 07:10:20	2022-11-08 04:51:21
BE22013580	4	1	에이, 그럴 수도 있지! 일상적으로 자주 있을 수 있는 일 아니야?	N	2022-08-09 07:10:20	2022-11-08 04:51:21
BE22013580	5	0	아뇨, 오늘 나오기 전에 분명 친구가 비온다고 우산 챙기라고 그랬거든요. 그걸 5분도 안 되어서 까먹고 나간 것도 한심한데, 다시 들어와서 챙긴 우산이 더 가관이에요. 버리려고 꺼내둔 구멍 난 우산을 챙겼는데 약속에 늦어 그냥 가느라 옷도 다 젖고 꼴도 엉망이 되어버렸어요!	N	2022-08-09 07:10:20	2022-11-08 04:51:21
BE22013580	6	1	어휴, 듣기만 해도 얼마나 당황스럽고 속상한 일들의 연속인지 알겠구나. 엄마라도 그런 상황이었다면 너무 당황스럽고 스스로 한심하게 느껴졌을 거야. 어떻게 그렇게 모든 게 연결되어 일어나서 우리 아들을 이렇게 속상하게 만든 거야!	N	2022-08-09 07:10:20	2022-11-08 04:51:21
BE22013580	7	0	정말 되는 게 하나도 없어요. 옷까지 젖어 더 비참하고 속상해요!	N	2022-08-09 07:10:20	2022-11-08 04:51:21
BE22013580	8	1	우리 아들, 얼마나 속상했으면 그런 말까지 할까 싶어! 아들, 그런데 하나하나 따로 생각해보면 모두 일상에서 충분히 일어날 수 있는 일들이잖니! 네가 뭘 제대로 하지 못해서 그런 게 아니라 하필 일들이 연속적으로 일어나서 크게 느껴지는 것 같아.	N	2022-08-09 07:10:20	2022-11-08 04:51:21
BE22013580	9	0	그래도 그런 일들이 연속적으로 일어난 이유가 제가 정신을 다른 데 팔고 다녀서 그런 게 아닐까요?	N	2022-08-09 07:10:20	2022-11-08 04:51:21
BE22013580	10	1	음, 엄마가 보기엔 어떤 예상치 못한 일이 일어나면 거기에 신경 쓰느라 다음을 놓치는 것 같아. 그래서 사람들이 어떤 한 가지 일로 바쁠 때 다른 걸 놓치거나 하는 실수를 하기도 하는 거잖아. 그래서 연속적으로 일이 일어난 것뿐, 네가 뭘 못해서 그런 게 아니란다.	N	2022-08-09 07:10:20	2022-11-08 04:51:21
BE22013580	11	0	듣고 보니 그런 것 같기도 해요. 맞아요, 다른 생각 하면서 손에 집히는 대로 우산을 가지고 나와서 그런 거였거든요.	N	2022-08-09 07:10:20	2022-11-08 04:51:21
BE22013580	12	1	그래, 거기다가 하필 옷이 다 젖어버려 몸까지 찝찝해졌으니 그렇게 크게 느껴졌던 것 같아. 그런 일이 한꺼번에 일어나면 엄마도 너무 속상할 것 같아. 하지만 사람이라는 게 항상 신경을 완벽하게 쓰고 다닐 수 없으니 이번만 너 자신을 봐주는 게 어떻겠니?	N	2022-08-09 07:10:20	2022-11-08 04:51:21
BE22013580	13	0	맞아요, 마음도 울적한데 온몸이 젖어버려 더 속상했던 것 같아요. 에고, 엄마 말씀 들으니 마음이 좀 풀리네요. 감사해요, 엄마. 이따 집에 가서 샤워 좀 해야겠어요.	N	2022-08-09 07:10:20	2022-11-08 04:51:21
BE22013580	14	1	그래, 따뜻한 물로 샤워하고 마음도 좀 녹이렴. 아들 마음고생 많았어!	Y	2022-08-09 07:10:20	2022-11-08 04:51:21
