id	utterance_id	utterance_type	utterance_text	terminate	regDate	updDate
BE22028471	1	0	엄마 저 시험 끝나고 시험장 나가는 길이에요. 그런데 아무래도 재수해야 할 것 같아요.	N	2022-10-13 14:23:53	2022-10-13 14:23:53
BE22028471	2	1	시험 결과도 아직 안 나왔는데 재수해야겠다니 이게 무슨 말이야. 어떤 특별한 일이라도 있었던 거니?	N	2022-10-13 14:23:53	2022-10-13 14:23:53
BE22028471	3	0	언어 시험지 답안 작성을 밀려서 했어요. 1년 동안 힘들게 준비한 시험인데 이런 큰 실수를 한 제가 한심스럽고 당황스러워요.	N	2022-10-13 14:23:53	2022-10-13 14:23:53
BE22028471	4	1	시험지 밀려 썼다는 건 어떻게 알게 된 거니? 엄마도 네 상황 전달에 마음이 적잖이 놀라게 되는구나.	N	2022-10-13 14:23:53	2022-11-08 06:24:24
BE22028471	5	0	답안지 제출이 임박해서 마킹하는데 문제 번호 하나가 넘치더라고요. 알고 보니 밀려 썼던 거였어요. 수없이 연습했는데 이런 실수를 한 제가 믿기지 않아 저로서도 당황스러울 따름이에요.	N	2022-10-13 14:23:53	2022-10-13 14:23:53
BE22028471	6	1	네가 밀려 썼다는 사실을 알고 나서 마음이 많이 놀랐겠어. 그동안의 노력이 수포로 돌아가는 것 같아 얼마나 허무하고 황당했겠니. 엄마는 성적보다도 네 마음이 더 걱정이 되는구나.	N	2022-10-13 14:23:53	2022-11-08 06:24:24
BE22028471	7	0	답안지 제출하는데 당황함에 온몸이 긴장돼서 덜덜 떨리더라고요. 지금도 사실 마음이 진정이 안 돼서 어찌할 줄을 모르겠어요.	N	2022-10-13 14:23:53	2022-11-08 06:24:24
BE22028471	8	1	모든 교육과정 12년의 노력이 오늘 하루에 판가름 나는데 망쳤으니 어떻게 당황하지 않을 수 있겠어. 그리고 네가 누구보다 열심히 공부해왔던 시간들과 시험에 간절했던 마음을 알기에 더 안쓰럽구나. 하지만 이번 시험이 네 인생의 전부는 아니니 네가 너무 당황하지 않았으면 좋겠다.	N	2022-10-13 14:23:53	2022-11-08 06:24:24
BE22028471	9	0	일단 최선을 다해 시험을 치르고 싶은 마음에 포기하지 않고 끝까지는 모두 봤어요. 하지만 성적표를 받게 되면 어쩔 수 없이 당황함을 숨길 수 없겠죠.	N	2022-10-13 14:23:53	2022-10-13 14:23:53
BE22028471	10	1	그렇게 당황한 와중에 책임을 다한 네 모습이 오히려 대견하구나. 쉽게 포기할 만도 한데 끝까지 시험을 봤다니 엄마는 자랑스러워. 엄마는 너의 잘 나온 성적보다도 열심을 다하는 마음가짐이 더 값진 것 같아.	N	2022-10-13 14:23:53	2022-10-13 14:23:53
BE22028471	11	0	엄마가 저보다 더 당황할 거라 생각했는데 이렇게 의연하게 받아주셔서 감사해요. 덕분에 제 마음이 한결 놓이는 것 같아요.	N	2022-10-13 14:23:53	2022-10-13 14:23:53
BE22028471	12	1	노력한 네가 걱정이지 내가 무슨 걱정이겠니. 인생에 이 한 번의 시험이 전부는 아니니 네가 너무 당황하고 놀라지 않길 바란다.	N	2022-10-13 14:23:53	2022-11-08 06:24:24
BE22028471	13	0	엄마도 많이 놀라셨을 텐데 위로와 조언 감사해요. 집에 들어가는 발걸음이 무거웠는데 엄마 덕분에 가벼이 들어갈 수 있을 것 같아요.	N	2022-10-13 14:23:53	2022-10-13 14:23:53
BE22028471	14	1	시험 보느라 너무 수고했어. 엄마가 따뜻한 밥해 놓았으니 얼른 조심히 들어와서 먹으렴.	Y	2022-10-13 14:23:53	2022-10-13 14:23:53
