id	utterance_id	utterance_type	utterance_text	terminate	regDate	updDate
BE22026873	1	0	엄마, 나 요즘 진짜 정신이 없나 봐. 날짜도 잊고 살아.	N	2022-10-11 07:18:40	2022-10-11 07:18:40
BE22026873	2	1	너도 이제 내 마음 잘 이해하겠구나. 나이 먹으면 그러고 싶지 않아도 아침에 뭐 먹었는지조차 생각이 안 날 때가 있다.	N	2022-10-11 07:18:40	2022-11-08 06:14:45
BE22026873	3	0	남편 생일도 잊어서 못 챙겨준 거 있지? 얼마나 미안하고 당황스러운지 남편 눈을 똑바로 못 보겠더라고.	N	2022-10-11 07:18:40	2022-10-11 07:18:40
BE22026873	4	1	이서방이 많이 섭섭해했겠구나. 섭섭한 내색하는 남편 보면서 네가 얼마나 안절부절 못했을 거야. 눈앞에 보지 않아도 당황했을 네가 빤히 그려진다.	N	2022-10-11 07:18:40	2022-11-08 06:14:45
BE22026873	5	0	남편이 아무리 섭섭해해도 내 잘못이니 스스로에게 질책할 수밖에 없겠더라. 아무리 날짜를 잊는다 해도 남편 생일까지 잊다니 너무 당황스러워.	N	2022-10-11 07:18:40	2022-10-11 07:18:40
BE22026873	6	1	소중한 사람의 생일을 잊고도 마음을 평온하게 먹기가 아무래도 쉽지 않지. 미안해서 어쩔 줄 몰라 했을 너의 마음 충분히 이해한단다. 하지만 네가 진심으로 미안해하면 이서방도 알아줄 테니 너무 당황하지 말렴.	N	2022-10-11 07:18:40	2022-11-08 06:14:45
BE22026873	7	0	거꾸로 생각하면 남편이 내 생일 잊었어도 굉장히 속상했을 것 같거든. 남편도 생일상없는 식탁을 보며 꽤나 당황했겠지?	N	2022-10-11 07:18:40	2022-10-11 07:18:40
BE22026873	8	1	역지사지의 마음을 가지고 남편의 심경을 헤아리려는 너의 노력이 보인다. 남편에게 솔직한 심정을 전한다면 이서방도 그저 유쾌하게 지나갈 거야. 바쁘게 살다 보면 중요한 사실도 가끔은 잊을 수 있는 법이니 너무 당황하고 걱정하지 마.	N	2022-10-11 07:18:40	2022-11-08 06:14:45
BE22026873	9	0	맞아, 내 남편은 마음이 넓어서 솔직하게 털어놓는다면 충분히 이해해 줄 거야. 이제 좀 마음의 안정이 돼요. 위로해 줘서 고마워 엄마.	N	2022-10-11 07:18:40	2022-11-08 06:14:45
BE22026873	10	1	나도 네 아빠 생일 종종 잊는 걸 뭐. 그래도 우리는 이제 서로 신뢰가 쌓여서인지 그러려니 한단다. 이벤트보다도 서로의 확신의 마음이 더 중요한 법이야.	N	2022-10-11 07:18:40	2022-11-08 06:14:45
BE22026873	11	0	저도 훗날에는 엄마 아빠와 같은 사이가 되고 싶네요. 서로에 대한 믿음이 두터운 사이 말이에요.	N	2022-10-11 07:18:40	2022-10-11 07:18:40
BE22026873	12	1	그건 시간이 차차 쌓아줄 테니 너무 염려하지 마. 너흰 우리보다도 더 다정하고 따뜻하게 잘 살아낼 수 있을 거야. 엄마가 늘 응원하마.	N	2022-10-11 07:18:40	2022-11-08 06:14:45
BE22026873	13	0	많이 당황했는데 덕분에 괜찮아진 것 같아요. 일단 남편한테 사과부터 전해야겠어요. 다음에 또 연락드릴게요.	N	2022-10-11 07:18:40	2022-11-08 06:14:45
BE22026873	14	1	그래, 늦었지만 이 서방한테 생일 축하 안부 전해줘. 다음에 집 밥 먹으러 둘이 함께 언제 한번 들르렴.	Y	2022-10-11 07:18:40	2022-11-08 06:14:45
