id	utterance_id	utterance_type	utterance_text	terminate	regDate	updDate
BE22026799	1	0	아빠 저 독서 모임 나왔는데 시선을 어디에다 두어야 할지 모르겠어요. 아직 잘 적응이 안 돼요.	N	2022-10-11 05:56:06	2022-11-08 06:14:19
BE22026799	2	1	네가 사람 모이는 장소에 나갔다니 믿기지 않는다. 이제는 사람들과 소통할 마음이 생겼나 보다.	N	2022-10-11 05:56:06	2022-11-08 06:14:19
BE22026799	3	0	모임에서 새로운 사람들을 만났는데 아직은 아주 낯설어서 혼란스럽고 당황스러워요. 대화에 어떻게 끼어야 할지도 모르겠고 자꾸 바닥만 보게 되네요.	N	2022-10-11 05:56:06	2022-11-08 06:14:19
BE22026799	4	1	아빠도 낯 많이 가리는 성격이라 아직도 사람들 대하는 게 많이 서툴고 어렵단다. 너 또한 그래서인지 아무래도 아주 낯설고 불편할 테지. 군중들 속에서 당황해서 쭈뼛거리고 있을 네 생각하니 안쓰럽구나.	N	2022-10-11 05:56:06	2022-11-08 06:14:19
BE22026799	5	0	사람들은 다들 말 잘하는 것 같은데 발언권을 줘도 잘 말을 못 하겠어요. 제가 분위기를 망치는 건 아닌가 생각돼서 스스로가 한심하게 여겨지네요. 사람들 시선이 의식되고 어쩔 줄을 모르겠어요.	N	2022-10-11 05:56:06	2022-11-08 06:14:19
BE22026799	6	1	다양한 사람들이 모인 공간에서는 모두 다른 마음가짐을 취할 수밖에 없지. 그곳에 모인 사람들도 그 점을 절대 모르지 않을 거다. 오히려 너의 모습을 보고 도와주려 할 테니 너무 당황하지 않아도 될 것 같구나.	N	2022-10-11 05:56:06	2022-11-08 06:14:19
BE22026799	7	0	새로운 사람들과 글을 읽고 마음을 나누어 보려고 나왔는데 쉽지 않아 식은땀이 흐르네요. 결국 많은 사람 속에서도 저는 혼자인 것만 같아 당황스러울 뿐이죠.	N	2022-10-11 05:56:06	2022-11-08 06:14:19
BE22026799	8	1	나는 네가 마음을 꽁꽁 가둬두지 않고 열려고 노력했다는 것 자체가 큰 발전이라고 생각해. 일단 한 걸음 내디뎠으니 다른 사람들과 속마음을 터놓으며 소통할 수 있을 거라 믿어. 그 자리에 마음을 비치기 위해 참여한 너의 진심이 왜곡되지 않을 테니 너무 당황하지 말렴.	N	2022-10-11 05:56:06	2022-11-08 06:14:19
BE22026799	9	0	저는 아직 많이 부족한 것 같은데 이렇게 응원해 주셔서 감사해요. 이제 사람들에게 말 걸어볼 용기가 생겼어요.	N	2022-10-11 05:56:06	2022-11-08 06:14:19
BE22026799	10	1	나는 네가 지금 새로운 도전을 하는 것 같아 무척이나 기쁘단다. 본인의 부족함을 인정하고 더 나아가려고 노력하는 모습이 무척이나 대견스럽구나.	N	2022-10-11 05:56:06	2022-11-08 06:14:19
BE22026799	11	0	아버지께서 계속 응원해 주시고 용기를 주시니 여기까지 올 수 있었던 거죠. 이제 당황스러움이 가시는 것 같네요.	N	2022-10-11 05:56:06	2022-10-11 05:56:06
BE22026799	12	1	사람들과 책을 함께 읽고 마음을 충분히 공유하다 돌아왔으면 좋겠다. 그럼 너의 마음의 양식도 풍부해지고 사람들과의 소통이 얼마나 중요한지도 깨닫게 되겠지.	N	2022-10-11 05:56:06	2022-11-08 06:14:19
BE22026799	13	0	제가 용기 내서 말하니 사람들의 눈빛도 더 초롱초롱해지는 것 같아요. 힘이 되는 조언해 주셔서 감사합니다.	N	2022-10-11 05:56:06	2022-11-08 06:14:19
BE22026799	14	1	그래, 네가 좋은 시간 보내다 오길 바란다. 아빠가 계속 응원하고 있을 테니 너무 주눅 들지 말고 당당하게 즐기다 오렴.	Y	2022-10-11 05:56:06	2022-11-08 06:14:19
