id	utterance_id	utterance_type	utterance_text	terminate	regDate	updDate
BE22026385	1	0	엄마, 생일 선물로 친구가 장미꽃을 주었어요. 그러면서 이상한 뉘앙스로 말을 했는데 그게 무슨 뜻인지 모르겠어요. 갑자기 이러니까 너무 당황스럽고 이상해요.	N	2022-10-10 06:27:22	2022-10-10 06:27:22
BE22026385	2	1	어떤 분위기로 이야기했는데 네가 이렇게 당황을 했을까? 네가 좋아하는 장미꽃을 선물 받았으면 좋아해야 하는 거 아니니?	N	2022-10-10 06:27:22	2022-11-08 06:11:52
BE22026385	3	0	저는 단 한 번도 그 친구랑 친구 이상의 관계를 생각해본 적이 없어요. 그런데 저한테 예뻐보인다는 둥 이상한 소리를 하니까 너무 당황스러워요. 생각지도 못한 말들 때문에 너무 놀라고 당황스러워서 어쩔 줄 모르겠어요.	N	2022-10-10 06:27:22	2022-10-10 06:27:22
BE22026385	4	1	내가 너였어도 갑작스럽게 달라진 친구 관계 때문에 당황스럽고 난감할 것 같아. 친구가 직접적으로 널 좋아한다고 말한 것도 아니니까 더욱 뭘 어떻게 해야 할지 모르고 당황스럽겠지. 네가 지금 굉장히 당황스럽고 놀랐을 생각을 하니 엄마도 네가 신경이 쓰이네.	N	2022-10-10 06:27:22	2022-11-08 06:11:52
BE22026385	5	0	조만간 모임에서 그 친구를 또 보게 될 텐데 마음이 뒤죽박죽이라 어쩔 줄 모르겠어요. 마음은 급한데 생각이 정리가 안 되니까 더 당황하게 돼요.	N	2022-10-10 06:27:22	2022-10-10 06:27:22
BE22026385	6	1	우선은 당황스러움을 좀 내려놓고 네 스스로의 마음을 차분히 살펴보는 게 좋을 것 같구나. 네가 정말로 원하는 게 무엇인지 확실하게 알아야 그 친구와의 관계도 잘 지킬 수 있지. 복잡한 생각을 비우고 침착하게 네 마음을 들여다 보렴.	N	2022-10-10 06:27:22	2022-10-10 06:27:22
BE22026385	7	0	내가 그 친구를 좋아하는 게 어떤 건지 잘 모르겠어요. 인간적으로 좋아하는 건지 아니면 애정이 있어서 좋아하는 건지 말이에요. 그 친구가 던진 말이 제 마음을 당황스럽고, 놀라게 하고 어쩔 줄 모르게 만들었어요.	N	2022-10-10 06:27:22	2022-10-10 06:27:22
BE22026385	8	1	그렇다면 더더욱 네 스스로에게 솔직해져 봐. 그 사람과 어떤 관계가 되고 싶은지 고민하고 깊이 생각해서 네가 마음이 편한 쪽으로 결정해. 네가 놀라고 당황했던 것이 곰곰이 생각할 수 있는 기회가 된 거라고 긍정적으로 생각해보렴.	N	2022-10-10 06:27:22	2022-10-10 06:27:22
BE22026385	9	0	괜히 일을 복잡하게 만드는 건 아닐까요? 제가 오해를 한 거라면 그 친구도 당황스럽지 않을까요? 확실한 것이 없으니 정말 답답하고 어쩔 줄 모르겠어요.	N	2022-10-10 06:27:22	2022-10-10 06:27:22
BE22026385	10	1	복잡한 상황일수록 네 마음이 향하는 대로 하는 게 좋을 것 같아. 그 친구가 당황스러운 것은 그 다음의 문제니까 네가 신경쓸 필요는 없어. 우선은 네가 당황해서 어쩔 줄 모르는 마음을 명확하게 정리하는 게 좋을 것 같아.	N	2022-10-10 06:27:22	2022-10-10 06:27:22
BE22026385	11	0	엄마 말씀이 맞아요. 제가 혼자서 머리 싸매고 있는다고 상황이 해결되는 건 아니죠. 우선은 당황스러웠던 제 마음을 차분하게 갖는 게 좋겠어요.	N	2022-10-10 06:27:22	2022-10-10 06:27:22
BE22026385	12	1	그래, 잘 생각했어. 네가 당황스러운 건 네 마음이 정리가 되지 않아서인 것 같아. 엄마는 어쨌든 네 마음이 편한 쪽으로 결정하길 바란단다.	N	2022-10-10 06:27:22	2022-11-08 06:11:53
BE22026385	13	0	네, 엄마 감사해요. 당황스러웠던 마음이 한결 가벼워진 것 같아요.	N	2022-10-10 06:27:22	2022-10-10 06:27:22
BE22026385	14	1	엄마가 조금이나마 도움이 되어서 다행이구나. 우리 딸 힘 내렴.	Y	2022-10-10 06:27:22	2022-10-10 06:27:22
