id	utterance_id	utterance_type	utterance_text	terminate	regDate	updDate
BE22029344	1	0	엄마, 스스로한테 너무 실망해서 어디 털어놓을 곳이 엄마밖에 없어요. 성적 발표 기다리던 시험이 있었거든요. 근데 예상했던 점수가 아니어서 정말 놀라고 당황했어요.	N	2022-10-15 05:08:39	2022-10-15 05:08:39
BE22029344	2	1	그럴 수 있는 거 아니야? 기대했던 점수보다 훨씬 많이 차이가 났던 거야?	N	2022-10-15 05:08:39	2022-10-15 05:08:39
BE22029344	3	0	아예 말도 안 되는 점수여서 두 눈을 믿지를 못했어요. 분명 다 아는 내용의 시험이었는데 이상해서 알고 보니까 제가 답안지를 밀려 썼더라고요. 정말 한심해 죽을 것 같아요.	N	2022-10-15 05:08:39	2022-10-15 05:08:39
BE22029344	4	1	아이고, 그랬구나. 그랬으면 그렇게 당황스러운 게 이해가 된다. 답안지가 밀리지만 않았어도 잘 본 시험이었어?	N	2022-10-15 05:08:39	2022-10-15 05:08:39
BE22029344	5	0	그랬으면 바로 자격증을 획득할 수 있는 점수였더라고요. 이번에 정말 필기시험 합격할 줄 알고 실기시험 준비하고 있었는데 너무 실망스러워요. 어떻게 학생 때도 안 했던 실수를 할 수 있는지 당황스러울 뿐이에요.	N	2022-10-15 05:08:39	2022-10-15 05:08:39
BE22029344	6	1	네가 더욱 아쉬움이 남을만하네. 시험과 같이 긴장하게 되는 상황에서는 실수하기가 십상 아니겠어? 학생 때는 시험이 잦아서 적응했었더라도 지금은 그게 아니니까 실수할 수 있지.	N	2022-10-15 05:08:39	2022-10-15 05:08:39
BE22029344	7	0	정말 창피해서 어디에 말도 못 해요. 엄마 말대로 평소보다 긴장을 더 했던 것 같아요. 아는 내용이라 신나서 들떴었는데 이런 실수를 할 줄 꿈에도 몰랐어요.	N	2022-10-15 05:08:39	2022-10-15 05:08:39
BE22029344	8	1	그래도 좋게 생각하면 다 모르는 내용이어서 점수를 못 받은 것보단 낫지 않겠어? 그런 이유로 좌절했다면 더 희망도 없을 텐데 엄만 그래도 희망이 보이는걸? 다음에는 답안지만 밀리지 않으면 되는 거잖아?	N	2022-10-15 05:08:39	2022-11-08 06:29:42
BE22029344	9	0	그건 그래요. 답을 다 알면서도 실수를 한 게 한심하긴 하지만 다음엔 이런 실수를 안 하겠죠?	N	2022-10-15 05:08:39	2022-11-08 06:29:42
BE22029344	10	1	물론이지. 우리 딸은 똑똑해서 실수도 기회 삼아서 실수로부터 배우는 걸 잘 하잖아? 이번의 실수도 다음의 합격을 위한 발판이 될 거라 믿는걸?	N	2022-10-15 05:08:39	2022-11-08 06:29:42
BE22029344	11	0	엄마처럼 긍정적으로 생각해 봐야겠어요. 당장 좌절되어서 실망스럽긴 하지만요. 다음 시험에는 정말 실수하지 않게 조심할 거예요.	N	2022-10-15 05:08:39	2022-10-15 05:08:39
BE22029344	12	1	잘 생각했어. 우리 딸은 그렇게 하고도 남을 거야. 누구나 살면서 실수는 하는 법이잖아? 그러니까 너무 자책하지 말고 다음 시험도 잘 준비해 보자.	N	2022-10-15 05:08:39	2022-11-08 06:29:42
BE22029344	13	0	위로해 주셔서 감사해요 엄마. 제 자신이 너무 싫고 한심했는데 엄마 덕분에 기분이 많이 나아졌어요.	N	2022-10-15 05:08:39	2022-11-08 06:29:42
BE22029344	14	1	그렇다면 다행이지. 엄마 눈에는 훌륭한 딸일 뿐인걸. 항상 응원하고 사랑해.	N	2022-10-15 05:08:39	2022-11-08 06:29:42
BE22029344	15	0	다 엄마 덕분이에요. 감사해요.	Y	2022-10-15 05:08:39	2022-10-15 05:08:39
