id	utterance_id	utterance_type	utterance_text	terminate	regDate	updDate
BE22027614	1	0	엄마, 오늘 갑자기 대학교 때 은사님이 돌아가셨어요. 아무래도 장례식장에 다녀와야 할 것 같아요. 분명 얼마 전까지만 해도 건강해 보이셨는데 너무 당황스러워요.	N	2022-10-12 10:34:21	2022-10-12 10:34:21
BE22027614	2	1	우리 딸이 연락 받고 많이 놀랐겠다. 우선 너무 당황하지 말고 친구들이랑 같이 다녀와. 아무래도 혼자 가는 것보다 훨씬 나을 거야.	N	2022-10-12 10:34:21	2022-11-08 06:19:13
BE22027614	3	0	정말 지난주까지만 해도 저랑 평범하게 연락을 주고받으셨거든요. 지금 이 감정은 슬픔보단 당황스럽고 혼란스러운 것에 가까워요. 어떻게 갑자기 이렇게 돌아가신 건지 너무 답답하게 느껴져요.	N	2022-10-12 10:34:21	2022-10-12 10:34:21
BE22027614	4	1	엄마도 이제 막 성인이 되었을 때 장례식장에 갈 때마다 당황스러운 감정을 느꼈어. 그도 그럴 게 우리가 학생일 때는 장례식에 갈 일이 드무니까 말이야. 하지만 사람 일이라는 게 늘 예측이 어렵더라고, 그래서 네 마음을 잘 알아.	N	2022-10-12 10:34:21	2022-11-08 06:19:13
BE22027614	5	0	저는 이렇게 갑자기 이별해야 한다면 앞으로 어떻게 살아가야 할지 너무 막막해요. 앞으로도 이렇게 혼란스러운 나날이 있을 거라 생각하니 너무 당황스럽기만 하고요. 장례식장에 어떤 마음으로 가야 할지 모르겠어요.	N	2022-10-12 10:34:21	2022-10-12 10:34:21
BE22027614	6	1	은사님과는 꽤 가깝게 지내곤 했지? 지금 네 마음이 얼마나 착잡할지 생각하면 너무나도 속상하다. 하지만 장례식은 고인을 추억하는 자리이기도 하다는 걸 알았으면 좋겠어.	N	2022-10-12 10:34:21	2022-11-08 06:19:13
BE22027614	7	0	이제 더는 은사님과 만나서 밥을 먹거나 차를 마실 수 없다는 게 믿기질 않아요. 사람이 한순간에 세상에서 사라진다는 게 너무나 당황스럽기만 하고요. 앞으로 이렇듯 혼란스러운 세상을 어떻게 살아가야 하는 걸까요.	N	2022-10-12 10:34:21	2022-10-12 10:34:21
BE22027614	8	1	장례식이 남겨진 이에게는 너무나도 잔인한 부분이 있지. 하지만 고인을 사랑한만큼 기억하려 노력해보면 어떨까. 사람 인연이라는 게 생과 사로 나뉘어지는 것도 아니고 말이야.	N	2022-10-12 10:34:21	2022-11-08 06:19:13
BE22027614	9	0	엄마 저는 사실 이 모든 게 너무 혼란스러워요. 사실 엄마가 나를 언제 떠날지도 모른단 생각이 더 그런 마음이 든 것 같아요. 이 모든 게 너무나도 두렵기 시작했어요.	N	2022-10-12 10:34:21	2022-10-12 10:34:21
BE22027614	10	1	엄마는 지금까지 살면서 너를 가장 아끼고 사랑했단다. 우리가 이런 마음들을 소중히 여기고 오랫동안 나눈다면 엄마가 없어도 덜 외롭지 않을까. 그리고 엄마는 항상 네 곁에 있을 테니까 말이야.	N	2022-10-12 10:34:21	2022-11-08 06:19:13
BE22027614	11	0	엄마 말을 듣고 나니까 은사님이 돌아가셨다고 해서 우리의 인연이 끝이 아니란 생각이 들어요. 저 혼자 아무런 대화 없이 장례식에 갔으면 너무 우울했을 것 같은데, 훨씬 나아졌어요. 엄마 저에게 늘 좋은 얘기를 해주셔서 감사해요.	N	2022-10-12 10:34:21	2022-11-08 06:19:13
BE22027614	12	1	지금은 너무 괴롭고 힘들겠지만 , 이것 역시 우리의 삶이고 네가 성숙해지는 과정일 거야. 엄마가 늘 곁에서 힘이 되어줄 게 그러니 너무 걱정하지 마. 오늘 조심히 잘 다녀오고 말이야.	N	2022-10-12 10:34:21	2022-11-08 06:19:13
BE22027614	13	0	네, 엄마 은사님의 마지막을 지킬 수 있어 다행이란 생각까지 들어요. 그럼 안전하게 잘 다녀오겠습니다.	N	2022-10-12 10:34:21	2022-11-08 06:19:13
BE22027614	14	1	그래, 우리 딸 그럼 엄마는 집에서 기다리고 있을게. 추운데 옷 따뜻하게 입고 잘 다녀와. 사랑해.	Y	2022-10-12 10:34:21	2022-10-12 10:34:21
