id	utterance_id	utterance_type	utterance_text	terminate	regDate	updDate
BE22017563	1	0	엄마, 저 왕복으로 끊은 줄 알았던 기차표가 사실 편도였어요. 저 오늘 서울 못 갈 것 같아요. 너무 당황스러워요.	N	2022-09-08 11:04:00	2022-11-08 05:16:09
BE22017563	2	1	서울로 돌아가는 표를 못 끊었다는 말이니? 아이고 저런, 네가 지금 많이 당황하고 있겠구나.	N	2022-09-08 11:04:00	2022-11-08 05:16:09
BE22017563	3	0	네. 이제 서울 가는 표도 다 매진인데, 저 어떡해요? 어떻게 해야 할지 모르겠고 너무 당황스러워요.	N	2022-09-08 11:04:00	2022-11-08 05:16:09
BE22017563	4	1	오랜만에 고향에 오느라 네가 설레는 마음에 실수했나 보네. 누구나 살면서 이런 실수쯤은 다들 한단다. 그러니까 너무 당황하지 말고 침착하게 마음을 다잡아보면 마음이 좀 편해질 거야.	N	2022-09-08 11:04:00	2022-11-08 05:16:09
BE22017563	5	0	아, 너무 생각지도 못한 일이라 저 자신도 너무 놀랐어요. 그리고 심지어 이걸 역에 와서야 깨닫다니, 정말 제가 생각해도 너무 기가 차고 당혹스러워요.	N	2022-09-08 11:04:00	2022-11-08 05:16:09
BE22017563	6	1	네가 평소에 꼼꼼하기도 하고 자주 하던 일이다 보니 당연히 제대로 한 줄 알고 그랬을 거야. 너무 놀라고 경황이 없어서 네가 많이 당황한 것 같네. 그런데 별일 아니니 너무 자신을 자책할 필요는 없어.	N	2022-09-08 11:04:00	2022-11-08 05:16:09
BE22017563	7	0	제가 이런 실수를 했다는 게 믿기질 않네요. 내일 출근도 해야 하는데, 저 서울에 못 돌아가면 어쩌죠?	N	2022-09-08 11:04:00	2022-11-08 05:16:09
BE22017563	8	1	방법은 많으니 우선 마음을 좀 편하게 가지고 진정해보자꾸나. 실수했다는 사실보다 어떻게 대처하는지가 더 중요한 거잖니. 심야 버스도 있고, 반차를 사용해서 내일 아침 기차를 탈 수도 있으니 너무 걱정하지 마.	N	2022-09-08 11:04:00	2022-11-08 05:16:09
BE22017563	9	0	네, 엄마. 제가 너무 제 실수에 당황해서 제대로 생각을 못 했어요. 엄마 말을 들으니까 좀 안심이 되네요.	N	2022-09-08 11:04:00	2022-11-08 05:16:09
BE22017563	10	1	그래, 호랑이 굴에 들어가도 정신만 차리면 산다는 말이 있잖니. 당황스러운 상황일수록 침착하게 생각하면 해결 못 할 일은 없어. 그러니 마음을 편하게 먹어도 돼.	N	2022-09-08 11:04:00	2022-11-08 05:16:09
BE22017563	11	0	엄마 말이 맞아요. 이제 당황하는 마음이 사라졌어요. 애플로 버스 시간 알아보려고요.	N	2022-09-08 11:04:00	2022-11-08 05:16:09
BE22017563	12	1	그래, 역시 이제야 똑 부러지는 우리 아들답구나. 우리 아들 마음이 침착해진 것 같아서 엄마 마음도 이제야 놓이네.	N	2022-09-08 11:04:00	2022-11-08 05:16:09
BE22017563	13	0	네, 걱정 끼쳐서 죄송해요, 엄마. 이제 저 정말 괜찮으니 방법을 찾아보고 다시 연락할게요!	N	2022-09-08 11:04:00	2022-11-08 05:16:09
BE22017563	14	1	그래. 엄마에게 미안해할 필요는 없어. 우리 아들 마음이 힘들거나 무슨 일 있으면 언제든지 연락해.	Y	2022-09-08 11:04:00	2022-11-08 05:16:09
