id	utterance_id	utterance_type	utterance_text	terminate	regDate	updDate
BE22016443	1	0	아빠. 저 내일이면 운전면허 시험 도로 연수가 끝나요. 시험이 코앞인데 아직도 운전하는 게 너무 어려워요.	N	2022-08-30 06:59:30	2022-11-08 05:09:21
BE22016443	2	1	매일 열심히 연습하더니 드디어 연수 시간을 다 채워가는구나. 대견하다. 우리 아들. 점차 연습을 더 해나가면 어렵지 않게 느껴질 거야. 힘내.	N	2022-08-30 06:59:30	2022-11-08 05:09:21
BE22016443	3	0	이제 내일 마지막 연습만 하면 시험 보게 되네요. 너무 긴장되어서 잘할 수 있을지 가슴이 두근거리고 땀이 나요.	N	2022-08-30 06:59:30	2022-11-08 05:09:21
BE22016443	4	1	아빠도 예전에 운전 시험 볼 때가 생각난다. 너보다 더 긴장해서 손에 땀이 너무 많이 나서 핸들이 미끄러울 정도였어. 그래도 그동안 열심히 연습한 보람을 느낄 수 있을 거라 믿어.	N	2022-08-30 06:59:30	2022-08-30 06:59:30
BE22016443	5	0	제가 운전을 해 보니 저는 운전 강사는 못 할 것 같아요. 저부터 긴장해서 쓸데없이 말이 많아지는데 선생님은 차분하시더라고요. 정말 신기해요.	N	2022-08-30 06:59:30	2022-11-08 05:09:21
BE22016443	6	1	처음부터 운전 잘하는 사람은 없어. 하다 보면 긴장도 풀리고 익숙해지니까 너무 염려하지 말아. 우리 아들 지금까지 뭐든 잘 해냈잖니.	N	2022-08-30 06:59:30	2022-11-08 05:09:21
BE22016443	7	0	운전 처음 할 때는 앞으로 차가 나가는 게 신기할 정도였는데 지금은 훨씬 좋아지긴 했어요. 그런데 저는 폭이 좁은 도로만 나오면 너무 긴장하고 정신이 없어서 당황스러워요.	N	2022-08-30 06:59:30	2022-08-30 06:59:30
BE22016443	8	1	그럼. 당연하지. 초보 때는 옆에 차만 지나가도 얼마나 가슴을 졸였는지 네 마음 알 것 같다. 아빠도 그랬어.	N	2022-08-30 06:59:30	2022-11-08 05:09:21
BE22016443	9	0	좁은 도로는 맞은 편에서 차가 오잖아요. 왠지 제 차로 오는 것 같은 느낌이라서 그런지 자꾸 인도 쪽으로 핸들을 꺾게 돼요. 차가 저에게 달려드는 것 같아 식은땀이 나요.	N	2022-08-30 06:59:30	2022-11-08 05:09:21
BE22016443	10	1	아빠도 처음에 운전할 때 맞은편 차량이 오면 너랑 비슷한 기분이었어. 심지어 옆 차선으로 차선 변경도 못 했는데 지금은 부산까지도 날아다니잖니. 연습하다 보면 아빠보다 더 잘할 거라 믿어.	N	2022-08-30 06:59:30	2022-11-08 05:09:21
BE22016443	11	0	아빠의 초보 시절 이야기를 들으니 저도 용기가 나네요. 아빠는 운전을 안전하게 너무 잘하셔서 처음부터 잘하신 줄 알았어요. 저도 그런 날이 올까요?	N	2022-08-30 06:59:30	2022-11-08 05:09:21
BE22016443	12	1	아빠는 군대 가서 운전병 하면서 운전 실력이 많이 늘었어. 상사 모시고 운전하다 보니 운전을 조심스럽게 하는 좋은 버릇이 생겼단다. 너도 아빠랑 같이 운전 연습하자.	N	2022-08-30 06:59:30	2022-11-08 05:09:21
BE22016443	13	0	그럼 저도 아빠 모시고 운전 연습해야겠어요. 남들은 가족이 같이 타면 싸운다는데 아빠는 저 응원해 주실 거죠?	N	2022-08-30 06:59:30	2022-11-08 05:09:21
BE22016443	14	1	그럼. 우리 아들이 운전한다는데 옆에서 긴장 풀리게 해줘야지. 누구보다 우리 아들을 믿으니까 아빠만 믿고 자신감 있게 해 보자. 좁은 도로든 넓은 도로든 자신감이 바탕이란다.	N	2022-08-30 06:59:30	2022-11-08 05:09:21
BE22016443	15	0	네. 아빠 응원받고 일단 내일 연수 잘 끝낼게요. 아빠 말씀 들으니 면허 시험도 한 번에 붙을 것 같은 자신감이 솟아나요.	Y	2022-08-30 06:59:30	2022-11-08 05:09:21
