id	utterance_id	utterance_type	utterance_text	terminate	regDate	updDate
BE22000061	1	0	나는 왜 이럴까. 아침부터 자괴감 들었어.	N	2022-05-31 08:58:02	2022-11-08 03:24:37
BE22000061	2	1	왜 그래. 오늘 학교 가기 전에 무슨 일 있었니?	N	2022-05-31 08:58:02	2022-11-08 03:24:37
BE22000061	3	0	엄마 출근하고 나서 나가려고 렌즈를 꼈거든. 근데 렌즈 한쪽이 안 보이는 거야.	N	2022-05-31 08:58:02	2022-11-08 03:24:37
BE22000061	4	1	렌즈가 갑자기 혼자 어디로 간 거야?	N	2022-05-31 08:58:02	2022-11-08 03:24:37
BE22000061	5	0	왼쪽 렌즈 끼고 오른쪽 렌즈를 꺼내려고 했더니 떨어진 거야. 근데 어디에도 안 보여. 렌즈 찾다가 시간 다 보내고 지각했어.	N	2022-05-31 08:58:02	2022-11-08 03:24:37
BE22000061	6	1	아침부터 고생이었네. 우리 아들. 그래서 렌즈는 찾았어?	N	2022-05-31 08:58:02	2022-11-08 03:24:37
BE22000061	7	0	아니, 결국 못 찾고 안경 대충 쓰고 왔어.	N	2022-05-31 08:58:02	2022-11-08 03:24:37
BE22000061	8	1	아침부터 많이 당황했겠다. 안경이라도 있었으니 다행이네.	N	2022-05-31 08:58:02	2022-11-08 03:24:37
BE22000061	9	0	지각이나 해서 혼이 나 나고.	N	2022-05-31 08:58:02	2022-11-08 03:24:37
BE22000061	10	1	마음이 많이 상했겠다. 그래도 렌즈를 잃어버리는 건 누구한테나 일어날 수 있는 실수이니 너무 마음에 담아두지 마.	N	2022-05-31 08:58:02	2022-11-08 03:24:37
BE22000061	11	0	그깟 렌즈 하나에 마음이 휘둘리기나 하고 내가 한심해. 내가 원래 이랬던 애는 아닌데 입시 때문에 스트레스 받고 잠도 못 자서 그런 건가?	N	2022-05-31 08:58:02	2022-11-08 03:24:37
BE22000061	12	1	수면도 부족하고 체력도 떨어지면 마음이 약해지기도 해. 우리 아들 입시 때문에 많이 힘들구나.	N	2022-05-31 08:58:02	2022-11-08 03:24:37
BE22000061	13	0	아마도 그런가 봐. 요즘에는 내가 예민해졌다는 생각이 들더라고.	N	2022-05-31 08:58:02	2022-11-08 03:24:37
BE22000061	14	1	오늘은 일찍 와서 엄마랑 맛있는 거 먹으러 가자. 맛있는 거 먹고 푹 자고 나면 한결 좋아질 거야. 잘 쉬는 것도 잘하는 만큼 중요한 일이거든.	N	2022-05-31 08:58:02	2022-11-08 03:24:37
BE22000061	15	0	엄마의 위로가 큰 힘이 되는 거 같아. 고마워.	Y	2022-05-31 08:58:02	2022-11-08 03:24:37
