id	utterance_id	utterance_type	utterance_text	terminate	regDate	updDate
BE22024326	1	0	할머니. 저는 그냥 평범하게 살고 싶었어요. 그런데 삶은 결코 저를 평범하게 살도록 두지 않아요. 자꾸 저를 생각지 못한 길로 몰아넣어 당황스럽게 하지요.	N	2022-10-05 04:15:01	2022-10-05 04:15:01
BE22024326	2	1	어제 아이를 만나고 왔다더니, 이것저것 생각이 많아진 모양이구나.	N	2022-10-05 04:15:01	2022-11-08 05:59:37
BE22024326	3	0	네, 어제 아내와 이혼한 뒤 처음으로 아이를 만나고 왔는데요. 아이와 놀이공원에서 놀 땐 좋았는데, 아이를 엄마에게 데려다주고 돌아올 땐 마음이 힘들었어요. 돌아와 혼자 방에 누워 있는데, 혼자가 된 제 인생이 몹시 당황스럽게 느껴지더라고요.	N	2022-10-05 04:15:01	2022-11-08 05:59:37
BE22024326	4	1	그 마음이 이해돼. 어제 겪은 일들은 네가 살면서 한 번도 꿈꾸어 본 적 없는 장면이었겠지. 아이와 헤어지는 상황도, 좁은 방에 홀로 누워 있는 너 자신의 모습도 당황스럽게 느껴졌겠다.	N	2022-10-05 04:15:01	2022-11-08 05:59:37
BE22024326	5	0	맞아요, 저는 어릴 때부터 당연히 결혼해 평생 행복한 가정 속에 사는 모습만 꿈꾸었는데요. 제 꿈에서 빗나가는 장면만이 펼쳐지는 현실을 받아들이기가 힘드네요. 나만 빼고 다들 행복한데 저만 불행하게 된 것만 같아, 열등감도 들어요.	N	2022-10-05 04:15:01	2022-10-05 04:15:01
BE22024326	6	1	그런 마음이 드는 건 이해하지만, 행복하기만 한 사람은 별로 없을 거야. 누구나 불행의 조건을 갖고 있겠지만, 겉으로 드러내지 않으려 노력하는 거지. 이혼으로 불행도 느꼈겠지만, 아이와 재회하는 순간은 행복일 테니 네 삶이 완전히 불행한 건 아니야.	N	2022-10-05 04:15:01	2022-11-08 05:59:37
BE22024326	7	0	그렇지만 이혼이 저를 막다른 골목에 몰아넣은 것만 같아요. 제가 상상한 미래 삶의 모습이 무너지니, 앞으로 어떻게 살아가야 할 지 막막해요. 다들 곧은 길로 가고 있는데, 저만 벽에 가로막혀 주춤거리는 것 같아 당황스럽네요.	N	2022-10-05 04:15:01	2022-10-05 04:15:01
BE22024326	8	1	생각지 못했던 이혼이라는 벽을 만나 네가 당황스러운 마음이 들겠구나. 그렇지만 그 벽의 종류가 다를 뿐, 살면서 누구나 한 번쯤 뛰어넘기 힘든 벽을 맞닥뜨리는걸. 네가 당황하는 것도, 주춤거리는 것도 자연스럽고 당연한 일이야.	N	2022-10-05 04:15:01	2022-11-08 05:59:37
BE22024326	9	0	하지만 저 말고 제 친구들은 아무도 이혼한 사람이 없는 걸요. 저만 이런 불행을 겪게 되었다는 것을 받아들이기도 힘들고, 당황스러운 마음을 지울 수가 없네요.	N	2022-10-05 04:15:01	2022-10-05 04:15:01
BE22024326	10	1	너도 아직 친구들에게 네 이혼을 말하지 않은 것처럼, 그들에게도 털어놓기 힘든 시련들이 있을 거야. 지금의 시련이 당황스럽기도 하겠지만, 이 힘든 시기를 지나가면 마음이 편해지는 때도 올 거야. 인생은 원래 기쁨과 슬픔이 교차되는 거라 생각하면, 네 마음이 좀 나아지겠다.	N	2022-10-05 04:15:01	2022-11-08 05:59:37
BE22024326	11	0	저는 제가 그려 온 삶의 지도와 어긋나 버린 제 인생길이 너무 당황스러웠는데요. 제 삶의 지도에도 막다른 벽이 있을 수 있다는 걸, 이제 받아들여야 하는 걸까요?	N	2022-10-05 04:15:01	2022-10-05 04:15:01
BE22024326	12	1	인생의 높은 장벽을 만난 게 처음이니 네가 당황스러운 게 당연하지. 하지만 그 장벽을 부술 수 없다면 뒤로 돌아가는 것도 방법이야. 네가 그려온 이상과 다른 길을 걷게 되었지만, 그 길에도 자잘한 행복들은 놓여 있을 거야.	N	2022-10-05 04:15:01	2022-11-08 05:59:37
BE22024326	13	0	할머니 말씀을 들으니 마음이 정리되고 기운이 나네요. 아까는 제 삶의 지도가 엉킨 것만 같아 당황스럽기만 했는데, 이제 마음이 많이 차분해졌어요. 이혼이라는 벽 앞에서 잠시 쉬다 보면, 힘을 내 일어나 다른 길을 걷는 때가 오겠지요.	N	2022-10-05 04:15:01	2022-10-05 04:15:01
BE22024326	14	1	네 마음이 정리되었다니, 할머니 마음이 뿌듯해. 앞으로도 네 마음이 힘들 땐 언제든 연락 주렴. 대단한 조언은 못 주더라도, 따뜻한 위로는 할 수 있을 테니.	N	2022-10-05 04:15:01	2022-11-08 05:59:38
BE22024326	15	0	네, 할머니. 너무나 감사 드려요. 제 곁에 할머니가 계시다는 사실이 너무나 든든하게 느껴져요.	Y	2022-10-05 04:15:01	2022-10-05 04:15:01
