id	utterance_id	utterance_type	utterance_text	terminate	regDate	updDate
BE22015288	1	0	딸! 방금 택배 받았어. 택배에 개별 포장떡이라고 적혀있네? 뭔가 싶어서 당황했지 뭐니?	N	2022-08-23 05:44:30	2022-08-23 05:44:30
BE22015288	2	1	제가 보냈어요. 오늘 아침에 만든 떡이라서 맛있을 거예요. 냉동실에 얼려두면 꽤 오래 먹을 수 있대요.	N	2022-08-23 05:44:30	2022-08-23 05:44:30
BE22015288	3	0	멀리서 혼자 지내며 일하느라 힘들 텐데 뭐 이런 걸 다 보냈어? 매번 우리를 챙겨주는 딸에게 너무 고맙지만 해준 것도 없이 키웠다는 생각에 미안하고 죄책감이 드네.	N	2022-08-23 05:44:30	2022-08-23 05:44:30
BE22015288	4	1	엄마랑 아빠 챙겨 드시라고 보냈죠. 새벽부터 나가서 일하시다 보니 끼니 거르실 때가 많잖아요. 출근하시면서 하나씩 드시면 꽤 든든할 거예요.	N	2022-08-23 05:44:30	2022-08-23 05:44:30
BE22015288	5	0	안 그래도 개별로 포장이 되어 있어서 먹기도 좋고 보관하기도 좋다며 네 아빠가 말하더라. 안에 견과류도 많고 맛도 정말 좋네. 우리 딸한테 늘 받기만 하는 것 같아서 염치가 없는 것 같아.	N	2022-08-23 05:44:30	2022-11-08 05:02:09
BE22015288	6	1	아녜요. 지금까지 이렇게 키워주신 것만으로도 제가 더 감사해요. 집이 어려워졌을 때도 제가 혹시 주눅이 들진 않을까 염려되어 최고로 좋은 것들만 해주시려고 노력하셨잖아요. 어른이 되고 나니 엄마 아빠께서 저를 위해 많은 희생을 하셨다는 것을 새삼 느끼고 있어요.	N	2022-08-23 05:44:30	2022-11-08 05:02:09
BE22015288	7	0	아이고, 우리 딸이 언제 이렇게 컸나 몰라. 좋은 것들을 많이 못 해줘서 늘 미안했는데 최고로 좋은 것들이었다고 말해주니 눈물이 나려고 하네. 바빠서 잘 챙겨주지 못했는데 우리 딸이 스스로 잘 커 줘서 지금도 마음이 무겁고 미안하거든.	N	2022-08-23 05:44:30	2022-11-08 05:02:09
BE22015288	8	1	저도 취직해서 자리도 잡아가고 있으니 이제는 엄마 아빠가 저에 대한 미안한 마음 내려놓으시면 좋겠어요. 늘 다정하고 따뜻하게 대해주셔서 누구보다 제가 긍정적이고 씩씩하잖아요! 저는 늘 행복하게 자랐으니 미안해하지 않으셔도 되어요.	N	2022-08-23 05:44:30	2022-11-08 05:02:09
BE22015288	9	0	딸 이야기를 들으니 무겁기만 했던 마음이 조금은 덜어지는 것 같아. 우리 부부에겐 늘 귀엽고 자그마한 아가라고 생각했는데 우리 딸이 엄마보다 더 어른이 되었네.	N	2022-08-23 05:44:30	2022-11-08 05:02:09
BE22015288	10	1	그럼요! 30년이 넘게 사랑 듬뿍 주셨으니 이제 그 사랑 돌려 받으셔야죠. 두 분이 자주 하시는 미안해서 못 받겠다는 말도 안 하셔도 된답니다. 이렇게 훌륭하게 딸을 키우셨으니 마음 편히 제 효도 받으셔요.	N	2022-08-23 05:44:30	2022-11-08 05:02:09
BE22015288	11	0	우리가 준 것 이상으로 돌려주는 딸에게 늘 고맙다. 이렇게 착하고 예쁜 딸로 키웠으니 상 받는 거라고 생각해도 되겠지?	N	2022-08-23 05:44:30	2022-08-23 05:44:30
BE22015288	12	1	바로 그거예요! 사실 엄마 아빠께서 제가 무언가를 해드릴 때마다 너무 미안해하셔서 마음이 늘 아팠어요. 이제는 상 받을 때처럼 기쁘고 뿌듯한 마음으로 제가 드리는 것들 받아주셔요.	N	2022-08-23 05:44:30	2022-11-08 05:02:09
BE22015288	13	0	알겠어. 우리는 딸한테 미안하고 고마워서 그랬던 행동들이 오히려 마음을 아프게 했구나. 앞으로는 기쁜 마음으로 딸 효도 받을게!	N	2022-08-23 05:44:30	2022-08-23 05:44:30
BE22015288	14	1	네. 언제나 사랑합니다. 늘 건강하게 오래오래 제 곁에 계셔주셔요.	N	2022-08-23 05:44:30	2022-08-23 05:44:30
BE22015288	15	0	엄마도 정말 사랑해. 떡 선물을 보고 딸에게 잘못 해줬다는 죄책감이 들었는데 서로의 속마음을 이야기하고 나니 한결 편해졌어. 우리 딸이 챙겨준 떡도 매일 잘 챙겨 먹을게. 고마워!	Y	2022-08-23 05:44:30	2022-11-08 05:02:09
