id	utterance_id	utterance_type	utterance_text	terminate	regDate	updDate
BE22028970	1	0	갑자기 비가 내리는구나. 얼른 집에 가야 할 것 같아.	N	2022-10-14 09:51:51	2022-11-08 06:27:23
BE22028970	2	1	비 소식도 없더니 이게 무슨 일이래요. 그런데 가야 한다니, 급한 일이 있으세요?	N	2022-10-14 09:51:51	2022-11-08 06:27:23
BE22028970	3	0	내일 중요한 모임이 있어서 베란다에 빨래를 널어놓고 나왔거든. 깔끔하게 세탁을 했는데 마르기는커녕 다 젖어버릴까 걱정이야. 내일 당장 입어야 하는데 어떻게 해야 할지 모르겠구나.	N	2022-10-14 09:51:51	2022-11-08 06:27:23
BE22028970	4	1	옷이 더 젖기 전에 얼른 서둘러서 집에 가요. 지금이라도 가면 괜찮을 거예요. 아니면 다시 빨아서 잘 마르는 곳에 두면 되니 너무 걱정하지 마세요.	N	2022-10-14 09:51:51	2022-11-08 06:27:23
BE22028970	5	0	오랜만의 외출이라고 들떠있었는데 가기 전부터 이런 일이 생기다니 너무 당황스럽구나. 미리 날씨를 예상하고 빨래를 널지 않았더라면 이런 일이 없었을 텐데 말이야. 내가 정말 아끼는 옷이라 마음이 조급해져.	N	2022-10-14 09:51:51	2022-11-08 06:27:23
BE22028970	6	1	그러게나 말이에요. 갑자기 비가 오니 괜히 기분도 더 처지고 안 좋을 것 같아요. 하지만 엄마는 어떤 옷을 입어도 다 잘 어울리시니까 다른 옷을 입어도 멋질 거예요. 피할 수 없었던 일이니 너무 부정적으로 생각하지 마세요.	N	2022-10-14 09:51:51	2022-11-08 06:27:23
BE22028970	7	0	지난번에도 중요한 일정을 앞두고 지퍼가 말썽이어서 결국 다른 옷을 입었는데 이게 무슨 일이니. 너도 내가 옷을 얼마나 소중하게 여기는지 잘 알고 있잖아. 이런 일이 생길 때마다 어쩔 줄을 모르겠어.	N	2022-10-14 09:51:51	2022-11-08 06:27:23
BE22028970	8	1	그런 일이 있으셨다니 미처 몰랐어요. 그래도 엄마가 그 모임에서 가장 빛날 거라고 믿어 의심치 않아요. 이제는 엄마가 저보다 감각이 훨씬 뛰어나셔서 따라갈 수가 없다니까요.	N	2022-10-14 09:51:51	2022-11-08 06:27:23
BE22028970	9	0	일정을 미룰 수만 있다면 미루고 싶은데 그럴 수가 없어. 다들 바쁜 탓에 이번 모임도 정말 어렵게 잡았거든. 가까운 사람들인데도 불구하고 시간 내서 보는 게 점점 더 어려워지는 것 같아.	N	2022-10-14 09:51:51	2022-11-08 06:27:23
BE22028970	10	1	예보와도 맞지 않는 비를 피할 수도 없고, 너무 낙담하지 마세요. 사람들은 엄마가 어떤 모습이든 원래 모습처럼 멋지다고 생각할 거예요. 그러니 걱정 말고 기분 좋게 다녀오세요.	N	2022-10-14 09:51:51	2022-11-08 06:27:23
BE22028970	11	0	이번 일정을 위해 꽤 오래전부터 뭘 입을지 고민하고 신경 썼거든. 그런데 입지 못한다고 하니 아쉬운 마음이 앞섰던 것 같아. 하지만 우리 딸이 어떤 모습이든 멋있다고 말해주니 괜히 쑥스러우면서도 기분이 좋네.	N	2022-10-14 09:51:51	2022-11-08 06:27:23
BE22028970	12	1	엄마는 지금 있는 그대로도 충분하니까요. 이번 일은 어쩔 수 없었으니 속 시원하게 털어버리시는 게 어때요? 꿀꿀했던 기분이 한결 나아질 거예요.	N	2022-10-14 09:51:51	2022-11-08 06:27:23
BE22028970	13	0	그래야겠구나. 덕분에 빨래도 걷고, 남은 하루도 편안하게 보낼 수 있을 것 같아. 고맙다.	N	2022-10-14 09:51:51	2022-11-08 06:27:23
BE22028970	14	1	당연한 일을 했을 뿐인데 기분이 나아지신 것 같아 다행이에요.	Y	2022-10-14 09:51:51	2022-10-14 09:51:51
