id	utterance_id	utterance_type	utterance_text	terminate	regDate	updDate
BE22028011	1	0	손자야, 어떻게 하니. 내가 스마트폰이 있어도 사용할 줄을 모르겠구나. 아주 당황스러워.	N	2022-10-13 04:48:30	2022-10-13 04:48:30
BE22028011	2	1	할아버지가 스마트폰을 구매했군요. 원래 폴더폰만 쓰시겠다고 하셨는데 마음이 바뀌셨나 보네요. 그런데 아무래도 사용이 많이 힘드신가 봐요.	N	2022-10-13 04:48:30	2022-11-08 06:21:36
BE22028011	3	0	네 아버지가 내 생일 선물로 스마트폰을 사 왔단다. 깜짝 선물이라 나한테 말도 안 하고 사 왔더구나. 그런데 난 이걸 쓴 적이 없으니 어떻게 해야 할지 당황스럽다.	N	2022-10-13 04:48:30	2022-10-13 04:48:30
BE22028011	4	1	요즘에는 어르신분들도 스마트폰을 많이 사용해서 아버지도 할아버지께 선물을 드리고 싶으셨나 봐요. 하지만 할아버지는 생각지도 못한 최신 기기를 사용하게 되어서 조금 난감하고 당황스러우시겠어요. 아버지의 마음은 감사하지만 제가 할아버지라도 당황스러울 것 같아요.	N	2022-10-13 04:48:30	2022-11-08 06:21:36
BE22028011	5	0	이 핸드폰이 한두 푼도 아닐 테고 이왕 사준 김에 잘 써보고 싶은데 어려워. 어떻게 쓰는지 알려줘도 자꾸 까먹고 까먹는다. 스마트폰을 사용할 줄 몰라서 이거 참 어떻게 해야 할지 모르겠구나.	N	2022-10-13 04:48:30	2022-10-13 04:48:30
BE22028011	6	1	누구나 처음 쓰는 물건을 접할 때는 당황스럽고 낯설어하잖아요. 할아버지가 전혀 이상한 게 아니니까 너무 걱정하지 마세요. 저도 사실 쓰는 기능만 쓰지 스마트폰을 다 활용할 줄은 몰라요.	N	2022-10-13 04:48:30	2022-11-08 06:21:36
BE22028011	7	0	너는 어려서 머리도 빨리빨리 돌아가서 쉽게 사용하잖니. 나는 생각보다 습득이 쉽지 않아서 당황스럽단다. 저번에 봤더니 네가 핸드폰으로 게임도 하고 이것저것 다 하는 모습이 부럽더라고.	N	2022-10-13 04:48:30	2022-10-13 04:48:30
BE22028011	8	1	요즘 사람들은 핸드폰으로 인터넷도 하고, 영상도 보고, 은행 일도 하고 있어요. 할아버지도 처음은 어려우시겠지만 차근차근 하나씩 배워가시면 분명히 하실 수 있으세요. 할아버지 자신을 믿고 조금만 시간을 천천히 가져봐야겠다고 생각하시면 마음이 편해지실 거예요.	N	2022-10-13 04:48:30	2022-11-08 06:21:36
BE22028011	9	0	정말 그럴까. 네 말대로 내가 천천히 배우다 보면 할 수 있을까. 내가 그래도 처음 하는 일은 잘 못하지만 꾸준히 습득하는 거는 잘하는 편이긴 하다.	N	2022-10-13 04:48:30	2022-11-08 06:21:37
BE22028011	10	1	저도 할아버지의 그 꾸준함을 알고말고요. 아버지도 정말 꾸준한 성격을 가지고 계시는데 다 할아버지를 닮으셔서 그렇다고 말씀하셨어요. 할아버지는 분명히 스마트폰을 사용하실 수 있을 거예요.	N	2022-10-13 04:48:30	2022-11-08 06:21:37
BE22028011	11	0	그렇게 말해주니 고맙다. 일단 내가 꼭 해야 할 기능들을 먼저 배워 놓아야겠어. 나 같은 친구들이 많으니 주민센터에도 강의를 열어달라고 요청해 봐야겠다.	N	2022-10-13 04:48:30	2022-10-13 04:48:30
BE22028011	12	1	저도 할아버지께 많이 알려드릴게요. 궁금하신 것 있으시면 언제든지 저한테 물어봐 주세요. 제가 알려드린 것을 정리해서 드릴 테니 반복적으로 사용하시다 보면 정말 잘 해내실 수 있을걸요.	N	2022-10-13 04:48:30	2022-11-08 06:21:37
BE22028011	13	0	손자야 고맙구나. 네 덕분에 스마트폰 때문에 당황했던 마음이 많이 편안해졌단다. 조금 서툴지만 용기를 가지고 한 번 도전해 봐야겠다.	N	2022-10-13 04:48:30	2022-11-08 06:21:37
BE22028011	14	1	멋있는 자세예요. 나이가 드셔서 아무래도 조금 더 많이 반복해야겠지만 충분히 하실 수 있으실 거라 저는 확신한답니다. 할아버지께 도움이 되어서 정말 기쁘네요.	Y	2022-10-13 04:48:30	2022-11-08 06:21:37
