id	utterance_id	utterance_type	utterance_text	terminate	regDate	updDate
BE22028883	1	0	엄마 저 지금 너무 당황스러워요. 제가 한 선택이 잘못된 거였을까요?	N	2022-10-14 07:50:36	2022-10-14 07:50:36
BE22028883	2	1	그게 갑자기 무슨 말이야? 무슨 일이라도 있어?	N	2022-10-14 07:50:36	2022-10-14 07:50:36
BE22028883	3	0	대형 면허 시험에서 벌써 두 번째 떨어졌어요. 익숙하지 않아서 긴장하느라 대형 차를 운전하는 게 너무 어려워요.	N	2022-10-14 07:50:36	2022-10-14 07:50:36
BE22028883	4	1	직업을 전향한다고 준비한다 더니 열심이구나. 우리 딸 그래도 대견하네, 연습을 계속하다 보면 반드시 어렵지 않게 느껴질 거야. 주눅 들지 말고 힘내.	N	2022-10-14 07:50:36	2022-11-08 06:26:52
BE22028883	5	0	그렇지만 직접 운전해 보고 시험도 봐보니 저는 운전기사는 못 할 것 같다는 생각이 들어요. 이렇게 계속 시험에서 떨어지는데 제대로 할 수 있을지 모르겠어요. 이 길이 맞나 싶은 생각이 계속 들어요.	N	2022-10-14 07:50:36	2022-11-08 06:26:52
BE22028883	6	1	엄마도 예전에 소형 면허 시험 볼 때가 생각나네. 너무 긴장해서 손의 땀 때문에 운전대가 미끄러울 정도였어. 소형 면허도 그렇게 떨리고 어려웠는데, 넌 대형 면허니 당연히 할 수 있을지 의구심이 들겠지.	N	2022-10-14 07:50:36	2022-11-08 06:26:52
BE22028883	7	0	갑자기 트럭 기사가 되고 싶어서 뒤도 안 보고 뛰어든 건데, 이 길이 맞는 걸까요? 머리가 고장 난 것처럼 제대로 돌아가지 않아서 당황스러워요. 면허에 떨어진 순간부터 제 멘탈도 같이 떨어진 것 같아요.	N	2022-10-14 07:50:36	2022-10-14 07:50:36
BE22028883	8	1	그래도 첫 연수 때는 시원시원하게 잘 한다는 칭찬도 받았다고 하지 않았니. 아무래도 시험이다 보니 네가 긴장해서 잔 실수가 많은 것일 뿐일 거야. 이제 겨우 두 번 도전했는데 당연히 실수를 할 수도 있는 거지.	N	2022-10-14 07:50:36	2022-11-08 06:26:52
BE22028883	9	0	그래도 처음부터 붙는 사람도 많다고 들었어요, 그래서 더욱 혼란스러운 것 같아요. 제가 이 길을 선택한 게 맞는 건지 싶어서 머릿속이 복잡하고 마음이 조급해요.	N	2022-10-14 07:50:36	2022-10-14 07:50:36
BE22028883	10	1	트럭 기사를 위한 첫 관문부터 고전을 하고 있어서 당황한 마음 충분히 이해해. 다만, 그걸로 인해 과거의 선택들까지 혼란스러워하지 않았으면 좋겠어. 그런 순간들이 모여 거름이 될 테고, 결국에 반드시 해낼 테니 너무 마음 쓰지 마.	N	2022-10-14 07:50:36	2022-11-08 06:26:52
BE22028883	11	0	그래도 두 번째 도전엔 합격할 거라고 확신을 했었어요. 그런데 두 번째에도 떨어져서 많이 당황스러운 것 같아요. 다음 시험도 떨어지면 앞으로 정말 어떻게 해야 되나 싶어서 어쩔 줄을 모르겠어요.	N	2022-10-14 07:50:36	2022-10-14 07:50:36
BE22028883	12	1	횟수에 너무 연연하기보다는 배움의 과정이라고 생각해 봐. 다치지 않았다는 사실만으로도 얼마나 대견하니. 하고 싶은 일을 위해 대담하게 도전하는 네 모습이 너무 멋있어.	N	2022-10-14 07:50:36	2022-11-08 06:26:52
BE22028883	13	0	다른 누구도 아닌 엄마가 응원을 해주시니 든든하네요. 두 번이나 떨어졌다는 생각에 제가 많이 당황했었나 봐요.	N	2022-10-14 07:50:36	2022-10-14 07:50:36
BE22028883	14	1	네가 꿈을 위해 얼마나 강렬한 열정을 가지고 있는지 알기 때문에 진심으로 응원할 수 있단다. 다음 시험엔 이번 시험 보다 잘 해야겠다는 생각으로 덤덤하게 임해봐. 할 수 있어.	N	2022-10-14 07:50:36	2022-10-14 07:50:36
BE22028883	15	0	아낌없는 응원과 위로 정말 감사드려요. 엄마가 해주신 말씀들 잊지 않을게요.	Y	2022-10-14 07:50:36	2022-10-14 07:50:36
