id	utterance_id	utterance_type	utterance_text	terminate	regDate	updDate
BE22023114	1	0	엄마, 어제 회사 임원들과 식사 자리가 있었어요. 많이 긴장한 상태였는데 서빙을 하던 웨이터가 물컵을 넘어뜨려 제 옷이 다 젖어버렸어요. 너무 당황한 나머지 어떻게 해야 할지 모르겠더라고요.	N	2022-09-30 14:04:46	2022-11-08 05:52:30
BE22023114	2	1	중요한 자리라 더 긴장했을 텐데 생각지 못한 일까지 발생했으니 네가 더 당황했겠다. 엄마였어도 정말 당황했을 것 같아.	N	2022-09-30 14:04:46	2022-11-08 05:52:30
BE22023114	3	0	저도 모르게 놀라서 큰소리로 화들짝 놀랐거든요. 그 뒤로는 제가 어떻게 행동했는지 곱씹어 보느라 식사 자리에 집중을 못 한 것 같아요.	N	2022-09-30 14:04:46	2022-09-30 14:04:46
BE22023114	4	1	누구나 당황하면 큰소리가 갑자기 날 수가 있지. 물론 네가 많이 당황했겠지만 일부러 그런 게 아니니 다른 사람들도 이해할 것 같은데?	N	2022-09-30 14:04:46	2022-11-08 05:52:30
BE22023114	5	0	자주 있는 자리가 아니다 보니 더 걱정돼요. 너무 당황한 모습을 보여서 저에 대해 안 좋은 인식 생겼을까 봐 걱정돼요.	N	2022-09-30 14:04:46	2022-11-08 05:52:30
BE22023114	6	1	물론 네가 걱정하는 마음도 이해되지만 그건 업무적인 부분이 아니잖아. 아무도 예상치 못한 일이니 그렇게 생각하지 않을 거야. 마음 조금 편히 가져도 될 것 같아.	N	2022-09-30 14:04:46	2022-11-08 05:52:30
BE22023114	7	0	그 자리가 업무의 연장이라는 생각에 쉽게 당황했던 마음이 사그라지지 않아요. 제가 괜한 걱정하는 걸까요?	N	2022-09-30 14:04:46	2022-11-08 05:52:30
BE22023114	8	1	어제 자리도 업무 평가를 높게 받아서 주어진 자리였지? 이미 너에 대해 좋은 감정으로 만난 자리잖아. 네가 다른 사람에게 물을 쏟은 것도 아니니 너무 걱정하지 마.	N	2022-09-30 14:04:46	2022-11-08 05:52:30
BE22023114	9	0	그래야 하는데 첫 직장이고 잘하고 싶은 마음이 있으니 당황하고 제가 모습이 좀처럼 잊히지가 않아요.	N	2022-09-30 14:04:46	2022-11-08 05:52:30
BE22023114	10	1	네가 잘하고 싶은 마음으로 노력하는 것만으로도 엄마는 대단하다는 생각이 드는데? 어제 있었던 일은 한 달만 지나도 네가 별거 아닌 일로 기억할 수 있을 거야.	N	2022-09-30 14:04:46	2022-11-08 05:52:30
BE22023114	11	0	엄마가 그렇게 말씀해 주시니 마음이 조금 놓이는 것 같아요. 지나간 일에 연연해하지 않고 앞으로 업무적으로 최선을 다해 볼게요!	N	2022-09-30 14:04:46	2022-11-08 05:52:30
BE22023114	12	1	네가 많이 당황했을 생각을 하니 엄마도 속상하지만 너무 걱정하지 마. 네가 해야 할 일을 멋지게 해내는 것이 더 기억에 남을 것 같구나.	N	2022-09-30 14:04:46	2022-11-08 05:52:30
BE22023114	13	0	항상 응원해 주시고 믿어주셔서 감사해요. 첫 사회생활이라 걱정이 많았는데 엄마랑 이야기하고 나니 한결 기분이 좋아졌어요. 앞으로도 열심히 해볼게요!	N	2022-09-30 14:04:46	2022-09-30 14:04:46
BE22023114	14	1	그래, 언제든 힘들거나 속상한 일이 있으면 엄마에게 기대렴.	Y	2022-09-30 14:04:46	2022-09-30 14:04:46
