id	utterance_id	utterance_type	utterance_text	terminate	regDate	updDate
BE22000970	1	0	너는 딸아이 행실 단속을 어떻게 하는 거야?	N	2022-06-14 00:50:38	2022-11-08 03:30:35
BE22000970	2	1	어머니, 무슨 일로 그러세요?	N	2022-06-14 00:50:38	2022-11-08 03:30:35
BE22000970	3	0	글쎄 다 큰 계집애가 길거리에서 남자랑 끌어안고 있는 모습을 내가 봤구나.	N	2022-06-14 00:50:38	2022-11-08 03:30:35
BE22000970	4	1	아이 남자 친구도 미국에서 오래 살다 와서 둘 다 사고방식이 미국 사람이에요.	N	2022-06-14 00:50:38	2022-11-08 03:30:35
BE22000970	5	0	미국에서 살면 한국 사람이 미국 사람 된다더냐. 더구나 여긴 아는 사람들도 많은 동네야.	N	2022-06-14 00:50:38	2022-11-08 03:30:35
BE22000970	6	1	아이들이 아직 어려서 생각이 깊지 못했던 것 같아요. 어머니께서 걱정하시는 점에 대해서는 아이가 조심하도록 잘 얘기할게요.	N	2022-06-14 00:50:38	2022-11-08 03:30:35
BE22000970	7	0	그러는 게 좋겠구나. 여자아이라 아무래도 내가 더 예민했던 것 같다.	N	2022-06-14 00:50:38	2022-11-08 03:30:35
BE22000970	8	1	특히 딸아이는 더 조심스러운데 제가 어머님 마음을 왜 모르겠어요. 사실 저도 늘 노심초사하기는 해요. 그래도 저에게 본인 남자 친구 이야기를 솔직하게 얘기하고 조언을 구하기도 하니까 조금 안심이 되기도 해요.	N	2022-06-14 00:50:38	2022-11-08 03:30:35
BE22000970	9	0	옛날 같으면 저러다 시집도 못 간다는 소리가 나올 텐데 세상이 참 많이 변하긴 했구나.	N	2022-06-14 00:50:38	2022-11-08 03:30:35
BE22000970	10	1	맞아요. 저희 때도 그런 행동은 꿈도 못 꿨는걸요. 그런데 요즘 아이들은 모든 면에서 솔직하니까 오히려 쉬쉬하면서 감추는 것보다 나은 것 같아요. 문제가 생기면 같이 해결하기도 하니까 어머님 너무 걱정 안 하셔도 될 것 같아요.	N	2022-06-14 00:50:38	2022-11-08 03:30:36
BE22000970	11	0	어찌 보면 좋은 세상이다. 우린 남의 눈 무서워서 하고 싶은 것도 못하고 살았는데.	N	2022-06-14 00:50:38	2022-11-08 03:30:36
BE22000970	12	1	저 역시 이성 교제도 당당하고 자연스럽게 하는 아이들이 좀 부럽기도 해요.	N	2022-06-14 00:50:38	2022-11-08 03:30:36
BE22000970	13	0	그러게 말이다. 이참에 내가 손녀 남자 친구를 한번 초대하고 싶은데 어떻겠니?	N	2022-06-14 00:50:38	2022-11-08 03:30:36
BE22000970	14	1	그렇게 해주시면 아이들이 정말 좋아할 거예요.	Y	2022-06-14 00:50:38	2022-11-08 03:30:36
