id	utterance_id	utterance_type	utterance_text	terminate	regDate	updDate
BE22027126	1	0	자기야 나 정말 기가 막히는 일이 생겼어. 너무 어이가 없어서 분노가 치밀어 올라.	N	2022-10-11 14:09:11	2022-10-11 14:09:11
BE22027126	2	1	갑자기 무슨 일인데 그래? 너무 흥분한 것 같아서 걱정이 되네.	N	2022-10-11 14:09:11	2022-11-08 06:16:15
BE22027126	3	0	내가 몇 달 전에 산 노트북이 고장이 났어. 산 지 얼마나 됐다고 벌써 고장이 나냐고. 너무 화가 나서 얼굴이 시뻘게졌어.	N	2022-10-11 14:09:11	2022-11-08 06:16:15
BE22027126	4	1	그런 일이 있었구나 너무 속상했겠다. 그것도 큰맘 먹고산 노트북이었잖아. 자기가 그거 살 때 참 좋아했던 기억이 나서 나도 참 마음이 아프네.	N	2022-10-11 14:09:11	2022-11-08 06:16:15
BE22027126	5	0	정말 큰돈 주고 장만한 건데 이렇게 금세 고장이 나버리니 너무 화가 나. 판매점에서 정말 좋은 신제품이라고 해서 산 건데 말이야. 내가 그 돈을 어떻게 마련한 건데 마치 사기라도 당한 것 같은 기분이야.	N	2022-10-11 14:09:11	2022-10-11 14:09:11
BE22027126	6	1	자기 그 노트북 사려고 아르바이트도 정말 많이 했잖아. 말만 들어도 내 속까지 쓰린데 자기는 얼마나 속상할까. 자기의 속상한 마음을 달래줄 수만 있다면 내가 무엇이라도 할 텐데.	N	2022-10-11 14:09:11	2022-11-08 06:16:15
BE22027126	7	0	더 화가 나는 건 노트북이 고장 나는 순간에 내가 중요한 파일을 작업하고 있었다는 거야. 복구하려면 시간이 한참 걸릴 텐데 왜 이런 일이 일어난 건지 화가 나. 내가 사용하는 방법이 잘못된 건 아닌지 날 자책하게 되는 것 같기도 해.	N	2022-10-11 14:09:11	2022-10-11 14:09:11
BE22027126	8	1	자기 자신을 자책하게 되는 마음은 이해하지만, 기계가 고장 난 걸 누굴 탓할 수 있겠어. 누구에게나 이런 일은 한 번씩 일어나기 마련이잖아. 너무 속상해하지 마! 수리를 맡긴다면 금방 고칠 수 있을 거야.	N	2022-10-11 14:09:11	2022-11-08 06:16:15
BE22027126	9	0	이렇게 쉽게 고장 나는 노트북이라면 수리해서 고치더라도 또 고장이 날까 불안할 것 같아. 왜 이런 불량품을 사게 된 건지 정말 화가 나. 내가 잘 알아보고 샀어야 했는데 내가 너무 신중하지 못했었나 봐.	N	2022-10-11 14:09:11	2022-11-08 06:16:15
BE22027126	10	1	이런 일을 통해서 인생의 교훈이 생기는 거지. 사람이라면 누구나 실수 한 번쯤은 할 수 있는 거잖아 너무 속상해하지 마. 다음에 살 때는 이번 일을 생각하며 더욱 조심스럽게 사게 될 거야.	N	2022-10-11 14:09:11	2022-11-08 06:16:15
BE22027126	11	0	그렇게 생각하고 싶은데 그게 잘 안되네. 화가 나는 마음이 주체가 잘 안되는 것 같아.	N	2022-10-11 14:09:11	2022-11-08 06:16:15
BE22027126	12	1	고칠 수 있는 것이 고장 난 것에 감사하는 것도 좋을 것 같아. 고칠 수 없는 것이 고장 났다면 그건 영영 사용할 수 없게 되는 거잖아. 이렇게 생각한다면 화나는 마음도 조금 수그러들지 않을까?	N	2022-10-11 14:09:11	2022-11-08 06:16:15
BE22027126	13	0	자기가 위로해 주니까 그래도 마음이 많이 풀렸어. 자기한테 하소연하기를 참 잘했다는 생각이 드네.	N	2022-10-11 14:09:11	2022-11-08 06:16:15
BE22027126	14	1	화가 좀 풀렸다니 다행이다. 많이 걱정했었거든. 자기 노트북 고치는 건 내가 물심양면 도움을 줄게.	Y	2022-10-11 14:09:11	2022-11-08 06:16:15
