id	utterance_id	utterance_type	utterance_text	terminate	regDate	updDate
BE22002671	1	0	아 자기야 나 너무 집에 가고 싶어.	N	2022-06-22 08:15:05	2022-11-08 03:41:40
BE22002671	2	1	목적지 도착한 지 얼마나 되었다고 집에 오고 싶어 해? 무슨 일 있어?	N	2022-06-22 08:15:05	2022-11-08 03:41:40
BE22002671	3	0	지금 친구랑 한바탕하고 나 혼자 카페에 나와 있어.	N	2022-06-22 08:15:05	2022-11-08 03:41:40
BE22002671	4	1	그렇게 사이좋은 친구였는데 여행 시작하자마자 싸웠어?	N	2022-06-22 08:15:05	2022-11-08 03:41:40
BE22002671	5	0	친구랑 여행 온건 처음이라 이런 스타일인 줄 몰랐어. 난 숙소에 짐 풀자마자 나가고 싶었는데 얘가 누워서 일어날 생각을 안 하는 거야.	N	2022-06-22 08:15:05	2022-11-08 03:41:40
BE22002671	6	1	자기는 활동적인 사람이라 빨리 나가서 여기저기 구경하고 싶었을 텐데 답답했겠네.	N	2022-06-22 08:15:05	2022-11-08 03:41:40
BE22002671	7	0	맞아. 이렇게 침대에만 누워 있을 거면 집에나 있지 여행은 왜 온 거야? 내가 뭐 하자고 해도 다 미루기만 하고 짜증 나.	N	2022-06-22 08:15:05	2022-11-08 03:41:40
BE22002671	8	1	기대하고 시작한 여행 일정이 처음부터 꼬여서 자기가 많이 답답하겠네. 친구가 자기 의견은 다 무시해서 속상했겠다.	N	2022-06-22 08:15:05	2022-11-08 03:41:40
BE22002671	9	0	이런 애인 줄 몰랐는데 정말 실망이야. 여행 계획 세울 때 이미 어디 갈지 다 정하고 본인도 좋다고 했거든. 이제 와서 왜 싫다고 하는지 이해가 안 돼.	N	2022-06-22 08:15:05	2022-11-08 03:41:40
BE22002671	10	1	심지어 사전에 이야기가 끝난 거였으니 얼마나 더 속이 터졌겠어. 내 친구가 저랬으면 나는 일어나라고 소리 질렀을 것 같아서 답답한 자기 마음 이해돼.	N	2022-06-22 08:15:05	2022-11-08 03:41:40
BE22002671	11	0	나도 너 이럴 거면 다시 집에 가란 소리가 목구멍까지 나왔는데 간신히 참았어. 일단 오늘은 쉬라고 하고 나 혼자 카페에 나온 거야.	N	2022-06-22 08:15:05	2022-11-08 03:41:40
BE22002671	12	1	자기도 하고 싶은 일이 많았을 텐데 실망한 상황에서도 참고 친구를 배려해 주다니 정말 대단하다. 자기가 마음 넓게 쓴 덕분에 친구와의 오랜 우정이 지켜졌네.	N	2022-06-22 08:15:05	2022-11-08 03:41:40
BE22002671	13	0	에이 그런 거 아니야. 근데 생각해 보니까 친구가 운전하느라 피곤해서 그럴 수도 있겠다. 나도 또 너무 내 의견만 주장한 것 같네.	N	2022-06-22 08:15:05	2022-11-08 03:41:40
BE22002671	14	1	서로 약간 오해가 생길 수도 있는 상황이구나. 자기 카페에서 단것 좀 먹고 기분 풀리면 친구랑 다시 이야기해보면 어떨까?	N	2022-06-22 08:15:05	2022-11-08 03:41:40
BE22002671	15	0	그렇게 할게. 나도 내 억울한 것만 생각해서 너무 흥분했었나 봐. 자기랑 이야기하니까 다시 되돌아볼 수 있었네. 고마워.	Y	2022-06-22 08:15:05	2022-11-08 03:41:40
