id	utterance_id	utterance_type	utterance_text	terminate	regDate	updDate
BE22009816	1	0	자기야. 내일 우리 데이트하기 전에 병원 좀 들렀다 갈게.	N	2022-07-18 07:56:40	2022-11-08 04:27:38
BE22009816	2	1	혹시 알레르기 때문이야? 심해질 때가 된 거 같네.	N	2022-07-18 07:56:40	2022-11-08 04:27:38
BE22009816	3	0	응. 그제부터 재채기가 안 멈추네. 이건 대체 언제 낫는 거야. 이젠 화가 나기까지 해.	N	2022-07-18 07:56:40	2022-11-08 04:27:38
BE22009816	4	1	그게 남들 눈엔 별거 아닌 것 같아도 계속되면 엄청 신경 쓰일 것 같아. 나 같아도 정말 힘들겠다.	N	2022-07-18 07:56:40	2022-11-08 04:27:38
BE22009816	5	0	응. 정말 삶의 질이 떨어진다는 게 이런 건가 싶다니까. 하도 닦아내서 코 밑이 다 헐어버렸어. 봄이 되면 좋은 것보다 분노만 한가득해 이젠.	N	2022-07-18 07:56:40	2022-11-08 04:27:38
BE22009816	6	1	정말 그러겠다. 이제 마스크도 벗고 다닐 수 있는데 코가 빨개지면 너무 신경 쓰일 것 같아. 아프기도 하구. 한창 꽃놀이로 설레야 할 봄에 우리 자기 고생이네.	N	2022-07-18 07:56:40	2022-11-08 04:27:38
BE22009816	7	0	자기랑 예쁜 사진도 많이 남겨둬야 하는데 내 꼴이 이게 뭐람. 정말 속상하다. 내 친구들은 벌써 꽃놀이 간 거 사진 업데이트하고 난리인데.	N	2022-07-18 07:56:40	2022-11-08 04:27:38
BE22009816	8	1	내일 병원 다녀오면 금방 괜찮아질 거야. 그래도 재채기가 심하면 예쁜 카페에서 사진 많이 찍자. 어때? 바깥으로 안 나가도 재밌고 좋은 거 많이 할 수 있을 거야.	N	2022-07-18 07:56:40	2022-11-08 04:27:38
BE22009816	9	0	치, 내가 이렇게 코 흘리고 다녀도 좋은 거야? 자기 말이 맞아. 이렇게 화내봤자 내 손해겠지! 좋게 생각해볼래.	N	2022-07-18 07:56:40	2022-11-08 04:27:38
BE22009816	10	1	그래. 너무 신경 쓰지 마. 요새 알레르기 없는 사람이 어딨담!	N	2022-07-18 07:56:40	2022-11-08 04:27:38
BE22009816	11	0	자기가 그렇게 위로해주니 잠시나마 콧물이 쏙 들어갔어. 나 약 열심히 먹고 봄이 지나가길 기다릴래. 여름엔 상쾌하게 놀러 다니는 거야!	N	2022-07-18 07:56:40	2022-11-08 04:27:38
BE22009816	12	1	자기 활기찬 모습을 정말 좋아해. 난 꽃구경도 좋지만 자기랑 소소하게 시간 보내는 것도 너무 좋아.	N	2022-07-18 07:56:40	2022-11-08 04:27:38
BE22009816	13	0	고마워. 이게 뭐 큰일도 아니고, 나도 대수롭지 않게 생각할래! 내가 신경 써야 할 건 자기뿐이야! 사랑해.	N	2022-07-18 07:56:40	2022-11-08 04:27:38
BE22009816	14	1	나도 사랑해. 내일 병원 잘 다녀오고 웃으면서 만나자!	Y	2022-07-18 07:56:40	2022-11-08 04:27:38
