id	utterance_id	utterance_type	utterance_text	terminate	regDate	updDate
BE22014408	1	0	자기야, 나 중고 물건 거래에서 사기를 당했어, 어떡하지? 너무 화가 나서 진정이 안 돼.	N	2022-08-17 03:04:52	2022-08-17 03:04:52
BE22014408	2	1	사기를 당하다니, 어떤 일이 있었던 거야?	N	2022-08-17 03:04:52	2022-08-17 03:04:52
BE22014408	3	0	중고 거래로 가방을 샀는데, 정품이 아니었어. 심지어 누구나 정품이 아니라는 걸 알아볼 정도로 심한 제품을 팔았더라고. 정말 너무 화가 나, 어떻게 이렇게 뻔뻔하게 거짓말을 할 수 있지?	N	2022-08-17 03:04:52	2022-08-17 03:04:52
BE22014408	4	1	저런, 믿고 구매했을 텐데, 충분히 화날 만해. 인터넷을 통해 구매한 거야?	N	2022-08-17 03:04:52	2022-11-08 04:56:41
BE22014408	5	0	중고 거래 사이트를 통해 구매했는데, 직접 얼굴 보고 거래했거든. 볼 때는 정말 믿음직한 사람인 것 같았는데 이렇게 배신을 당하니 정말 화가 나. 웃는 얼굴로 사기를 치다니 정말 용서할 수 없어.	N	2022-08-17 03:04:52	2022-11-08 04:56:41
BE22014408	6	1	사람과 사람 간의 기본적인 믿음이 있어야 하는 건데, 참 안타까운 마음이 드네.	N	2022-08-17 03:04:52	2022-11-08 04:56:41
BE22014408	7	0	더 화가 나는 건 연락도 안 되고, 완전히 잠적해 버렸다는 거야. 연락이라도 받으면 이야기해 보려고 했는데 이젠 정말 방법이 없어.	N	2022-08-17 03:04:52	2022-11-08 04:56:41
BE22014408	8	1	자기가 이렇게 화내는 모습을 보니 나도 화가 나. 웬만하면 화를 안 내는 사람인데. 하지만 일단은 마음을 차분하게 가라앉혀보자.	N	2022-08-17 03:04:52	2022-11-08 04:56:41
BE22014408	9	0	나는 항상 평정심을 유지하는 사람인데 이번 일 때문에 감정이 격해졌나 봐. 정말 당황스럽고 처음 있는 일이라 더 화가 났던 것 같아.	N	2022-08-17 03:04:52	2022-11-08 04:56:41
BE22014408	10	1	화가 나는 마음은 당연하지만, 자기 자신을 위해서 마음을 편하게 가졌으면 좋겠어. 때로는 남을 용서하는 게 자기 마음에 평화를 가져오더라고.	N	2022-08-17 03:04:52	2022-11-08 04:56:41
BE22014408	11	0	자기 말대로 용서는 나 자신의 마음을 편하게 하는 첫걸음이니까. 따뜻한 위로 고마워 자기야, 역시 자기에게 연락하기를 잘했어.	N	2022-08-17 03:04:52	2022-11-08 04:56:42
BE22014408	12	1	자기는 안 좋은 일이 있어도 평정심을 잘 유지해왔잖아. 그게 자기를 위하는 길이기도 하고. 그럴 수 있다고 생각하고 마음 편하게 가져.	N	2022-08-17 03:04:52	2022-11-08 04:56:42
BE22014408	13	0	맞아, 화내봤자 덥기만 하지. 그 사건이 있었음에도 나는 내 하루를 즐겁게 보낼래. 이게 다 자기 덕분이야.	N	2022-08-17 03:04:52	2022-08-17 03:04:52
BE22014408	14	1	자기는 역시 마음을 잘 다스릴 줄 아는 성숙한 사람이야.	Y	2022-08-17 03:04:52	2022-11-08 04:56:42
