id	utterance_id	utterance_type	utterance_text	terminate	regDate	updDate
BE22015927	1	0	하, 오늘은 창고를 청소하는 날이야. 매주 수요일 재활용 쓰레기 버리고 창고를 청소하는데 너무 귀찮아 죽겠어. 왜 이걸 내가 계속해야 하는지도 의문이고 말이야.	N	2022-08-26 11:41:13	2022-11-08 05:06:07
BE22015927	2	1	자기가 굳은 일을 하고 있구나. 그래도 곧 당번이 넘어가잖아. 조금만 힘내면 더 이상 청소하지 않아도 될 거야!	N	2022-08-26 11:41:13	2022-11-08 05:06:07
BE22015927	3	0	나도 알아 하지만 그 몇 주도 참을 수 없어. 진짜 매일 더러운 창고를 보면 울분이 터져 나온다고. 왜 하필 내가 걸렸는지 정말 짜증 나.	N	2022-08-26 11:41:13	2022-11-08 05:06:07
BE22015927	4	1	자기가 매주 청소함으로써 다른 사람들은 깨끗한 창고를 이용할 수 있잖아! 그 사람들이 자기에게 엄청나게 고마워하고 있을 거야! 그걸 생각하면 기분이 조금 나아지지 않을까?	N	2022-08-26 11:41:13	2022-11-08 05:06:07
BE22015927	5	0	그러면 뭐 해, 나는 이렇게 불쾌한데. 매일 냄새나는 창고를 청소하는 게 얼마나 힘든데. 빨리 당번이 바뀌었으면 좋겠어.	N	2022-08-26 11:41:13	2022-11-08 05:06:07
BE22015927	6	1	조금만 참으면 자기 당번도 지나가고 편하게 쉴 수 있는 날이 올 거야. 지금은 무척 힘들겠지만, 우리 앞으로 올 편한 날들을 상상하면서 조금만 버티자! 나도 곁에서 많이 응원할게!	N	2022-08-26 11:41:13	2022-11-08 05:06:07
BE22015927	7	0	재활용 쓰레기를 버리는 것도 귀찮아 죽겠는데 나보고 청소까지 하라니. 이건 정말 너무 가혹한 것 같아. 마음 같아선 이 창고를 난장판으로 해 놓고 싶어.	N	2022-08-26 11:41:13	2022-11-08 05:06:07
BE22015927	8	1	난 그래도 지금까지 열심히 청소를 한 자기가 정말 대단하다고 생각하는데? 이렇게 짜증도 내지만 항상 열심히 해 왔잖아! 너무 나쁘게 생각하지 말았으면 좋겠어.	N	2022-08-26 11:41:13	2022-11-08 05:06:07
BE22015927	9	0	맞아 그래도 내가 맡은 일이니까 열심히 해야지. 나도 결국 이 창고를 이용하는 사용자니까 말이야. 그래도 매일 이 더러운 창고를 보면 화가 나는 건 어쩔 수 없어.	N	2022-08-26 11:41:13	2022-08-26 11:41:13
BE22015927	10	1	자기가 열심히 청소한 만큼 다른 사람에게 큰 모범이 되었을 거야. 자기의 모습을 본받은 다른 사람이 깨끗하게 청소한 창고를 사용하는 상상을 해보자. 그럼 기분이 나아질지도 몰라!	N	2022-08-26 11:41:13	2022-11-08 05:06:08
BE22015927	11	0	생각해 보니 그렇네. 내 모습이 누군가에게 좋은 선례가 되었다면 꽤 괜찮은 것 같아. 자기 말대로 나도 깨끗한 창고를 사용하면 기분이 좋을 것 같아.	N	2022-08-26 11:41:13	2022-11-08 05:06:08
BE22015927	12	1	그래 바로 그거야! 자기가 이렇게 열심히 일을 해준 덕분에 누군가는 쾌적한 창고를 이용했겠지! 그리고 이제 자기 차례가 돌아오는 거잖아.	N	2022-08-26 11:41:13	2022-11-08 05:06:08
BE22015927	13	0	맞아, 지금 이용하는 사람들과 미래의 나를 위해서라도 꾹 참고해야지. 자기 덕분에 중요한 걸 깨달았어, 정말 고마워.	N	2022-08-26 11:41:13	2022-11-08 05:06:08
BE22015927	14	1	아니야, 자기가 대단한 거지! 지금까지 청소하느라 고생 많았어!	N	2022-08-26 11:41:13	2022-11-08 05:06:08
BE22015927	15	0	기분 풀어줘서 정말 고마워!	Y	2022-08-26 11:41:13	2022-08-26 11:41:13
