id	utterance_id	utterance_type	utterance_text	terminate	regDate	updDate
BE22001957	1	0	나 요즘 집에 들어가기 싫다.	N	2022-06-17 13:28:47	2022-11-08 03:37:03
BE22001957	2	1	왜? 무슨 일 있어?	N	2022-06-17 13:28:47	2022-11-08 03:37:03
BE22001957	3	0	여름이라 그런지 자꾸 작은 날벌레가 생기더라고. 볼 때마다 너무 짜증나.	N	2022-06-17 13:28:47	2022-11-08 03:37:03
BE22001957	4	1	그런 일이 있었구나. 나라도 너무 신경 쓰일 것 같아.	N	2022-06-17 13:28:47	2022-11-08 03:37:03
BE22001957	5	0	방 청소도 깔끔하게 했다고 생각했는데 도대체 어디서 생긴 건지 모르겠어.	N	2022-06-17 13:28:47	2022-11-08 03:37:03
BE22001957	6	1	어디서 벌레가 생긴 지 모를 때가 가장 스트레스 받는 것 같아. 많이 짜증 났겠다.	N	2022-06-17 13:28:47	2022-11-08 03:37:03
BE22001957	7	0	지난번에는 물을 마시려고 하는데 컵에 날벌레가 죽어있는 거야. 그때 이후로 집에 들어가는 것도 싫어졌어.	N	2022-06-17 13:28:47	2022-11-08 03:37:03
BE22001957	8	1	기분도 나쁘고 깜짝 놀랐겠다. 나라도 집에 들어가기 싫을 것 같아. 네 마음이 이해가 돼.	N	2022-06-17 13:28:47	2022-11-08 03:37:03
BE22001957	9	0	이런 일이 한두 번이 아니야. 집 들어가는 것 자체가 스트레스야.	N	2022-06-17 13:28:47	2022-11-08 03:37:03
BE22001957	10	1	네가 정말 많이 힘들었겠다. 집이 쉬는 공간이 아닌 스트레스를 주는 공간으로 바꿔서 많이 스트레스 받지?	N	2022-06-17 13:28:47	2022-11-08 03:37:03
BE22001957	11	0	맞아. 진짜 이사라도 가고 싶은 심정이야.	N	2022-06-17 13:28:47	2022-11-08 03:37:03
BE22001957	12	1	여름이라 더 심할 수도 있어. 곧 괜찮아질 거야. 아니면 나랑 날벌레 잡는 전자 제품 사러 가지 않을래?	N	2022-06-17 13:28:47	2022-11-08 03:37:03
BE22001957	13	0	정말? 그런 게 있어?	N	2022-06-17 13:28:47	2022-11-08 03:37:03
BE22001957	14	1	나도 얼마 전에 사용해봤는데 꽤 효과가 좋더라고. 네가 너무 스트레스 받는 것 같아서 걱정돼. 우리 나중에 꼭 같이 사러 가자.	N	2022-06-17 13:28:47	2022-11-08 03:37:03
BE22001957	15	0	나야 너무 좋지. 너하고 이야기하길 잘한 것 같아. 고마워.	Y	2022-06-17 13:28:47	2022-11-08 03:37:03
