id	utterance_id	utterance_type	utterance_text	terminate	regDate	updDate
BE22019732	1	0	우리 누나는 자꾸 개를 키워야겠다고 고집을 부려서 짜증 나. 집에서 식구들도 반대하는 사람이 많은데 왜 그러는 지 이해가 되지 않아서 화가 나.	N	2022-09-22 05:46:15	2022-09-22 05:46:15
BE22019732	2	1	언니가 그럴 사람이 아니잖아. 왜 그런지 물어봤어?	N	2022-09-22 05:46:15	2022-09-22 05:46:15
BE22019732	3	0	어느 날 술 먹고 들어오더니 엉엉 우는 거야. 놀라서 식구들이 왜 그러냐고 물었더니 불쌍한 개가 있다며 울었어. 식구들은 너무 황당해서 다음 날 다시 얘기하자고 했거든.	N	2022-09-22 05:46:15	2022-09-22 05:46:15
BE22019732	4	1	언니가 키우고 싶어 하는 이유가 있을 거 아니야? 그거에 대해서 물어 봤어?	N	2022-09-22 05:46:15	2022-11-08 05:26:50
BE22019732	5	0	우리 집 근처에 유기견 보호센터가 있어. 누나 친구가 그곳으로 봉사 활동을 다니는데 거기에 대형견인 허스키에 대한 사연을 들었나 봐. 그리고 불쌍하다고 키우자고 그러는데 너무 즉흥적이고 생각 없어 보여서 뭐라고 했는데 그러다가 싸웠지 뭐.	N	2022-09-22 05:46:15	2022-09-22 05:46:15
BE22019732	6	1	불쌍하다고 데리고 와서 책임을 못 지면 오히려 사람이나 개한테 상처잖아. 그곳에 있는 개들은 사연이 대부분 아픈 사연이 있지 않아? 입양하는 것도 생각을 많이 해봐야 할 것 같은데.	N	2022-09-22 05:46:15	2022-11-08 05:26:50
BE22019732	7	0	10년 동안 불법 번식장에 있다가 동물 학대로 구속되면서 주인이 소유권을 포기했대. 그러면서 지금의 유기견 센터로 들어왔는데 사회성도 떨어지고 나이도 많은 대형견이라 입양이 어렵대. 대책 없이 그냥 불쌍하다고 키워야 한다고 하니까 내가 짜증이 나더라고.	N	2022-09-22 05:46:15	2022-09-22 05:46:15
BE22019732	8	1	언니의 마음도 자기의 생각도 둘 다 이해가 간다. 하지만 불쌍하고 안타까워하는 마음보다는 자기는 생명에 대한 책임감 때문에 그런 거 아니야? 두 사람의 의견이 대립하는 이유는 알겠는데 더 신중하게 다가가야 할 것 같아.	N	2022-09-22 05:46:15	2022-11-08 05:26:50
BE22019732	9	0	그 허스키 사연을 들으니까 불쌍해지고 안타까웠어. 그런데 현실은 우리가 키울 수 없을 거 같아서 그런 건데 누나는 그걸 이해를 못해. 자기 주장만 계속 내세우고 있어서 내가 답답해.	N	2022-09-22 05:46:15	2022-09-22 05:46:15
BE22019732	10	1	10년 이상 된 대형견이니 정기적인 진료, 산책, 나이에 맞는 운동 챙겨야 할 게 많아. 더구나 아파트에 살면서 대형견이 짖으면 엄청나게 울려서 민원 들어올 수 있잖아.	N	2022-09-22 05:46:15	2022-09-22 05:46:15
BE22019732	11	0	우리가 입양했는데 다시 파양시키게 되면 서로에게 상처가 생기잖아. 그래서 나는 더 신중하고 한 번 더 생각했으면 좋겠다고 했거든. 현실은 받아들이지 못하고 누나는 막무가내라서 이해를 못 하겠어.	N	2022-09-22 05:46:15	2022-09-22 05:46:15
BE22019732	12	1	한 동물을 같이 걱정하고 불쌍하게 여기는 건 알겠는데 서로 의견만 내세우다 싸운 거잖아. 가슴과 생각과 차이라 보이는데 너무 밀어붙이면 자기도 마음이 편하지 않을 것 같아. 언니랑 현실적으로 얘기해서 현명하게 판단할 수 있을 거라 믿어.	N	2022-09-22 05:46:15	2022-11-08 05:26:50
BE22019732	13	0	나쁜 일을 하겠다면 무조건 말리겠지만 한 생명을 책임져야 하는 문제라서 그렇지. 그래서 나도 마음이 되게 불편해.	N	2022-09-22 05:46:15	2022-09-22 05:46:15
BE22019732	14	1	자기나 언니나 둘 다 속상하겠다. 그래도 이번에는 언니한테 미안하다고 먼저 말해. 언니도 잘못한 부분은 없는 거 같아.	N	2022-09-22 05:46:15	2022-11-08 05:26:51
BE22019732	15	0	그래야 할 거 같아. 싸운 거에 대한 미안함과 더 좋은 방안을 생각해보자고 내가 다시 다가가 볼게.	N	2022-09-22 05:46:15	2022-09-22 05:46:15
BE22019732	16	1	다른 좋은 방법이 있을 거야. 잘 이야기해 보고 신중하게 결정해.	Y	2022-09-22 05:46:15	2022-11-08 05:26:51
