id	utterance_id	utterance_type	utterance_text	terminate	regDate	updDate
BE22000168	1	0	자기야, 내일 우리 어디 놀러 갈까? 그냥 좀 멀리 바닷가 같은 곳에 가고 싶어.	N	2022-06-10 08:06:50	2022-11-08 03:25:19
BE22000168	2	1	내일 오후에는 시간이 될 것 같아. 답답한 일이라도 있는 거야? 갑자기 바다라니?	N	2022-06-10 08:06:50	2022-11-08 03:25:19
BE22000168	3	0	자기도 알다시피 내가 언니랑 같은 방 쓰는 거 때문에 힘들잖아. 어제 방 청소 때문에 심하게 싸웠어.	N	2022-06-10 08:06:50	2022-11-08 03:25:19
BE22000168	4	1	청소를 하면 깨끗해지고 좋으니까 다툴 일이 없을 것 같은데, 왜 언니랑 싸웠을까?	N	2022-06-10 08:06:50	2022-11-08 03:25:19
BE22000168	5	0	자기 음악 듣는데 청소기 소리가 시끄럽다는 거야. 지금 꼭 청소해야겠냐고 해서 나도 받아쳐 버렸어.	N	2022-06-10 08:06:50	2022-11-08 03:25:19
BE22000168	6	1	언니가 같이 청소를 해주면 좋았을 텐데. 자기 마음은 알아주지 않고 언니 시간만 소중한 거 같아서 참을 수 없었겠어.	N	2022-06-10 08:06:50	2022-11-08 03:25:19
BE22000168	7	0	우리 집 사정에 독방을 쓸 수도 없는데... 하루하루 부딪치고 동생이라 어쩔 수 없다는 게 화가 나.	N	2022-06-10 08:06:50	2022-11-08 03:25:19
BE22000168	8	1	동생이라서 그렇다는 건 내가 생각해도 좀 그래. 이제 둘 다 성인이잖아. 사이가 좋을 때가 있었던 걸로 기억하는데, 같은 방을 쓰면서부터 그런 거야?	N	2022-06-10 08:06:50	2022-11-08 03:25:19
BE22000168	9	0	어릴 때는 내가 언니를 무척 따랐어. 그런데 나이가 들면서 우리가 서로 다르다는 것을 깨달으면서도 계속 부딪히는 거 같아.	N	2022-06-10 08:06:50	2022-11-08 03:25:19
BE22000168	10	1	신혼부부가 아주 사소한 생활 방식 때문에 싸운다고 하잖아. 자매도 다르지 않은 거지. 독립적인 공간에 있다가 함께 있게 되었으니 서로의 방식을 이해하려는 노력은 힘들겠지만, 다르다는 것은 인정해야 하지 않을까?	N	2022-06-10 08:06:50	2022-11-08 03:25:19
BE22000168	11	0	나만 인정하면 되는 게 아니라, 언니도 인정해야 하잖아.	N	2022-06-10 08:06:50	2022-11-08 03:25:19
BE22000168	12	1	물론 그렇지. 그러기 위해서는 서로의 노력이 필요할 거야. 일단은 언니와 감정적이지 않게 대화를 하는 게 중요할 것 같아.	N	2022-06-10 08:06:50	2022-11-08 03:25:19
BE22000168	13	0	응, 대화의 필요성은 나도 느끼고 있어. 눈빛만 봐도 으르렁거리는 것도 피곤해.	N	2022-06-10 08:06:50	2022-11-08 03:25:19
BE22000168	14	1	그래, 퇴근길에 치맥이라도 한잔하자고 하면서 말을 꺼내 봐.	N	2022-06-10 08:06:50	2022-11-08 03:25:19
BE22000168	15	0	그래야겠어. 고마워, 자기야. 언니랑 잘 대화해 보도록 나부터 노력할게.	Y	2022-06-10 08:06:50	2022-11-08 03:25:19
