id	utterance_id	utterance_type	utterance_text	terminate	regDate	updDate
BE22020639	1	0	아, 정말 화가 난다.	N	2022-09-23 03:47:24	2022-11-08 05:37:59
BE22020639	2	1	왜, 무슨 일인데?	N	2022-09-23 03:47:24	2022-09-23 03:47:24
BE22020639	3	0	그게 요번에 업무가 갑자기 밀려와서 여름휴가 반납해야 할 것 같아. 화난다. 일 년에 이날만을 기다렸는데.	N	2022-09-23 03:47:24	2022-09-23 03:47:24
BE22020639	4	1	그러게, 요번 여름휴가 때 어디 여행 갈지 계획표도 짜고 예약도 잡아놓았는데. 이제 날만 채우면 되는 걸 이렇게 날리는 건가.	N	2022-09-23 03:47:24	2022-11-08 05:37:59
BE22020639	5	0	그러게, 말이야. 힘들게 예약한 숙소인데. 한 방에 날아가네.	N	2022-09-23 03:47:24	2022-09-23 03:47:24
BE22020639	6	1	허무한 마음이 들고 아쉽지만 어쩌겠어. 이번 휴가만 휴가는 아니잖아. 다음 휴가 때 좋은 곳으로 가면 되지.	N	2022-09-23 03:47:24	2022-11-08 05:37:59
BE22020639	7	0	그래도 너무 아까워. 솔직히 휴가 반납하는 건 참을 수 있는데. 어렵게 예약한 거 날린다고 생각하니까 짜증이나.	N	2022-09-23 03:47:24	2022-09-23 03:47:24
BE22020639	8	1	오빠가 몇 달 전부터 기다리고 기다리다 힘들게 예약한 곳이니까. 아마 시간을 투자한 만큼 아쉬움도 클 거야. 나도 이렇게 아까운데 오빠는 얼마나 더 아깝겠어.	N	2022-09-23 03:47:24	2022-11-08 05:37:59
BE22020639	9	0	맞아. 내가 맨날 예약 사이트 쳐다본 게 몇 날 며칠인지. 그것만 생각하면 한숨 나온다.	N	2022-09-23 03:47:24	2022-09-23 03:47:24
BE22020639	10	1	나도 오빠가 애쓴 거 잘 알지. 하지만, 오빠도 돈을 벌어야. 우리의 행복한 휴가가 있는 거 아니겠어?	N	2022-09-23 03:47:24	2022-09-23 03:47:24
BE22020639	11	0	그렇긴 하지. 요번에는 아쉽지만, 돈도 중요하니까.	N	2022-09-23 03:47:24	2022-09-23 03:47:24
BE22020639	12	1	그래, 앞으로 살아가야 할 날도 많고 해야 할 것도 많은데. 오빠의 아쉬운 마음은 이해가 되지만, 휴가 한 번쯤은 대수롭지 않게 생각해야지. 그래야 우리의 미래도 있는 거 아니겠어?	N	2022-09-23 03:47:24	2022-09-23 03:47:24
BE22020639	13	0	응, 우리의 미래를 위해서 한번 노력해볼게.	N	2022-09-23 03:47:24	2022-11-08 05:37:59
BE22020639	14	1	그래, 오빠 열심히 돈 벌어서 다음에 더 근사한 곳으로 가자.	N	2022-09-23 03:47:24	2022-11-08 05:37:59
BE22020639	15	0	알겠어. 있다, 저녁에 연락해.	Y	2022-09-23 03:47:24	2022-11-08 05:37:59
