id	utterance_id	utterance_type	utterance_text	terminate	regDate	updDate
BE22017461	1	0	내일 면접인데 내 얼굴 어쩌지. 얼굴에 혹이 생겨서 정말 화가 나.	N	2022-09-08 00:30:48	2022-09-08 00:30:48
BE22017461	2	1	어디 부딪힌 거니? 혹이라는 소리에 내 마음이 철컹 내려앉는데 자기는 오죽하겠니.	N	2022-09-08 00:30:48	2022-11-08 05:15:30
BE22017461	3	0	자기 전에 누워서 휴대폰을 보다가 얼굴 위로 떨어뜨려서 눈썹 위에 혹이 생겼어. 떨어트리는 순간 정말 기겁해서 소리를 지를 정도였어. 거울 보는데 부은 게 확 느껴져서 더 화가 나네.	N	2022-09-08 00:30:48	2022-09-08 00:30:48
BE22017461	4	1	나도 그럴 때가 많아서 잘 알아, 실수로 떨어트렸으니 정말 놀랐겠다. 그래도 혹 생길 정도면 정말 아팠을 텐데, 정말 걱정이 된다.	N	2022-09-08 00:30:48	2022-11-08 05:15:30
BE22017461	5	0	가뜩이나 내일 면접이라 근심이 깊은데 얼굴까지 이렇게 되어버리니까 더 화가 나. 내일 면접에 이 얼굴로 어떻게 가지라는 생각 때문에 잠도 안 오고 말이야.	N	2022-09-08 00:30:48	2022-11-08 05:15:30
BE22017461	6	1	자기에게 있어서 정말 중요한 날인데 얼굴이 그렇게 되었으니 정말 화가 나겠다. 나 같아도 부아가 치밀어 올라서 어쩔 줄을 모를 것 같아. 자기가 이렇게 힘들어하는 모습을 보니 내 마음이 더 아프네.	N	2022-09-08 00:30:48	2022-11-08 05:15:30
BE22017461	7	0	대충 찜질하고 있는데 온갖 부정적인 생각까지 몰려와서 열 받아. 얼른 자야지 내일 면접에도 지장이 없을 텐데 말이야. 하필이면 지금 이런 일이 나에게 일어나다니 속이 답답할 정도로 분이 안 풀려.	N	2022-09-08 00:30:48	2022-09-08 00:30:48
BE22017461	8	1	그래도 금방 찜질하면 혹은 가라앉을 거야, 너무 걱정하지 마. 오늘 이렇게 액땜했으니까 내일 면접은 정말 완벽하게 잘 해낼 거라고 생각해보자. 그간 열심히 면접 준비했었으니 자기의 노력은 차곡차곡 쌓여 결국 빛을 발할 거야.	N	2022-09-08 00:30:48	2022-11-08 05:15:30
BE22017461	9	0	자기가 그렇게 위로해주니 마음이 조금은 달래진다. 그래, 그간 한 노력이 있는데 혹 하나에 좌우될 수는 없지!	N	2022-09-08 00:30:48	2022-11-08 05:15:30
BE22017461	10	1	정말 열심히 면접 준비하면서 많은 걸 배웠잖아. 그 피와 땀이 자기를 배신하지 않을 거라고 생각해. 그러니 오늘은 그만 화 풀고 푹 자자.	N	2022-09-08 00:30:48	2022-11-08 05:15:30
BE22017461	11	0	내가 순간의 화에 그걸 잊고 있었네, 상기하게 해줘서 고마워. 그깟 혹이 뭐라고 이렇게 화가 났는지 모를 정도야.	N	2022-09-08 00:30:48	2022-11-08 05:15:30
BE22017461	12	1	혹 하나에 가려질 너의 열정과 능력이 아니니 염려 마. 분명히 너를 알아줄 테니까.	N	2022-09-08 00:30:48	2022-11-08 05:15:30
BE22017461	13	0	그렇게 말해주니 자신감이 생기는데! 내일 면접 덕분에 잘 보고 올 것 같아, 고마워.	N	2022-09-08 00:30:48	2022-11-08 05:15:30
BE22017461	14	1	고맙긴, 난 언제나 자기를 믿는걸. 이만 푹 자고 내일 면접 잘 보고 와.	Y	2022-09-08 00:30:48	2022-11-08 05:15:30
