id	utterance_id	utterance_type	utterance_text	terminate	regDate	updDate
BE22027132	1	0	자기야, 나 오늘 자기가 예매해준 공연 못 볼 것 같아서 너무 화가 나. 도로에 차가 막혀서 꼼짝도 못 하고 있어. 일단 갓길에 차를 세우고 연락하는 거야.	N	2022-10-11 14:18:49	2022-11-08 06:16:17
BE22027132	2	1	정말? 퇴근 시간이 겹쳤나 보다. 도로 위에서 기다리는 거 정말 지치는 일인데, 자기가 고생이 많을 것 같아 걱정이야. 공연은 어차피 공짜 표니까 너무 마음 쓰지 않아도 되는데.	N	2022-10-11 14:18:49	2022-11-08 06:16:17
BE22027132	3	0	그래도 자기가 나 생각해서 준 표인데 꼭 보고 싶었거든. 그런데 이 시간에 이렇게 차가 막힐 줄은 몰랐어. 일찍 나선다고 나선 게 타이밍을 잘못 맞춘 것 같아 분해.	N	2022-10-11 14:18:49	2022-10-11 14:18:49
BE22027132	4	1	도로 상황은 자기 힘으로는 어쩔 수 없는 일인 거잖아. 자기가 아니더라도 같은 결과였을 거야, 그러니 너무 마음 쓰지 마.	N	2022-10-11 14:18:49	2022-11-08 06:16:17
BE22027132	5	0	조금만 서두르면 시간에 맞춰 갈 수도 있을 것 같아서 더 갑갑한 것 같아. 눈치를 보다 출발하려고 해도 저 앞차부터 움직이지를 않네. 정말이지 우리나라는 왜 이렇게 차가 많은 거야.	N	2022-10-11 14:18:49	2022-10-11 14:18:49
BE22027132	6	1	희망이 있어서 오히려 더 괴로운 상황이 된 거구나. 자기 마음이 그렇다면 힘닿는 데까지 해보고 판단해도 늦지 않을 거야. 아직 낙담은 이르니까 지쳐도 조금만 더 기운 내.	N	2022-10-11 14:18:49	2022-11-08 06:16:17
BE22027132	7	0	마음 같아선 여기다 차를 버리고 내려서 뛰고 싶어. 이렇게 버리는 시간이 세상에서 제일 아까운 것 같아 열이 받아.	N	2022-10-11 14:18:49	2022-10-11 14:18:49
BE22027132	8	1	차를 버리고 내달리고 싶다니, 자기가 지금 얼마나 갑갑한지 느껴져서 안쓰럽다. 그래도 영원히 갇혀 있을 게 아니니 얼마나 다행이야. 시간만 버티고 있음 어떻게든 해결될 일이니까 자기도 너무 노여워하지는 마.	N	2022-10-11 14:18:49	2022-11-08 06:16:17
BE22027132	9	0	나도 그러고 싶은데 이 공연도 어떻게 보면 자기와의 약속인 거잖아. 내 고향이 배경이라고 나서서 표를 받아 줬는데 못 가게 되면 너무 미안할 거 같아. 기대도 컸는데 상황이 이렇게 돼서 더 화가 나나 봐.	N	2022-10-11 14:18:49	2022-10-11 14:18:49
BE22027132	10	1	그럴 수 있지. 나는 자기가 그런 귀한 마음으로 고생하고 있다는 것만으로도 만족해. 그러니 내게 미안해서 배로 괴롭지는 마, 자기 마음이 편한 것보다 내게 중요한 일도 없어.	N	2022-10-11 14:18:49	2022-11-08 06:16:18
BE22027132	11	0	이해해 줘서 고마워 자기야. 그래도 혹시 모르니까 최선을 다해서 공연장에 가볼래. 그때 가서 안 되면 다음에라도 봐야겠어.	N	2022-10-11 14:18:49	2022-11-08 06:16:18
BE22027132	12	1	맞아, 오늘만 끝이 아니잖아. 다 자기 행복하라고 움직이게 된 일인데, 너무 부담 갖지 말고 결과가 어떻든 편히 생각해.	N	2022-10-11 14:18:49	2022-11-08 06:16:18
BE22027132	13	0	나도 평소라면 어떻게든 참았을 텐데, 시간이 촉박하니까 마음이 부정적으로 튀었던 것 같아. 괜히 자기한테 분풀이를 해서 미안해. 그래도 얘기한 덕분에 내 마음은 풀렸어.	N	2022-10-11 14:18:49	2022-11-08 06:16:18
BE22027132	14	1	자기 마음이 나아졌다면 나도 안심이야. 그럼 도착해서 연락 줘, 응원하면서 기다리고 있을게.	N	2022-10-11 14:18:49	2022-11-08 06:16:18
BE22027132	15	0	알았어, 그럼 나도 기운 내서 출발해볼게. 달래 줘서 고마워 자기야.	Y	2022-10-11 14:18:49	2022-10-11 14:18:49
