id	utterance_id	utterance_type	utterance_text	terminate	regDate	updDate
BE22017807	1	0	요리하다가 섵탕을 넣으려는데 갑자기 조절이 안되는 바람에 음식에 쏟아버렸어. 순간 어찌나 화가 났는지 아직도 속이 안 풀리네.	N	2022-09-13 02:00:29	2022-11-08 05:17:38
BE22017807	2	1	정성스럽게 하던 요리를 망칠까 봐 두려움에 화가 났을 것 같아. 속이 부글부글 끓어올라서 어쩔 줄을 몰랐겠는데? 자기가 이렇게 속상해하니 내가 다 마음이 아프네.	N	2022-09-13 02:00:29	2022-11-08 05:17:38
BE22017807	3	0	조금만 넣어야 괜찮은 음식인데 너무 달아진 것 같아서 진짜 분노가 치밀어 오르더라고. 열 받아서 얼굴이 아주 화끈거릴 정도야.	N	2022-09-13 02:00:29	2022-09-13 02:00:29
BE22017807	4	1	요리에 들인 공이 있는데 그게 순식간에 물거품으로 돌아간 느낌일 것 같아. 그래서 더 부아가 치밀어 올라서 힘들겠다.	N	2022-09-13 02:00:29	2022-11-08 05:17:39
BE22017807	5	0	아빠 생신이라 생일상 차리려다가 이 사달이 나서 더 그래. 다시 만들기에는 시간이 촉박할 것 같고 정말 짜증이 나네.	N	2022-09-13 02:00:29	2022-11-08 05:17:39
BE22017807	6	1	아버지를 위해 손수 음식을 만들겠다고 나선 자기가 진짜 멋있다. 아버지를 위한 자기의 마음이 정말 잘 보여서 참 기특한 것 같아. 아버지를 생각하는 정말 속 깊은 아들이구나!	N	2022-09-13 02:00:29	2022-11-08 05:17:39
BE22017807	7	0	요리에 서투른 내가 하겠다고 나선 게 잘못인가 싶어서 더 화가 나. 그냥 맛있는 거 사드릴 걸 그랬나 봐. 이 요리를 어떻게 내놓나 싶어서 더 분이 안 풀려.	N	2022-09-13 02:00:29	2022-09-13 02:00:29
BE22017807	8	1	자기가 직접 그 요리를 한 것만으로도 아버지는 행복해하실 거라 생각해. 자기가 온종일 생일상에 들인 노력을 분명히 알아주실 테니 걱정하지 마.	N	2022-09-13 02:00:29	2022-11-08 05:17:39
BE22017807	9	0	자기가 그렇게 말해주니 기분이 조금 나아지려고 해. 기껏 차린 음식이 별로일까 봐 화가 났었는데 자기 말처럼 아버지가 좋아하실 거라고 생각해 봐야겠어.	N	2022-09-13 02:00:29	2022-11-08 05:17:39
BE22017807	10	1	아버지께 최고의 생일상이 될 거라고 장담할게. 아들이 정성을 담아 만든 생일상이면 어떤 맛이든지 맛있게 드실 거야.	N	2022-09-13 02:00:29	2022-11-08 05:17:39
BE22017807	11	0	그렇게 생각하니까 안심이 되면서 마음이 편안해지네. 내가 준비한 생일상을 드시면서 아빠가 정말 좋아하시면 소원이 없을 것 같아.	N	2022-09-13 02:00:29	2022-09-13 02:00:29
BE22017807	12	1	사랑하는 아들이 만들어 준 밥상이면 세상을 다 가진 듯한 기분이 되실 거야. 듣는 나도 감동인데 아버지는 더 행복하실 거야.	N	2022-09-13 02:00:29	2022-11-08 05:17:39
BE22017807	13	0	내가 꼭 듣고 싶었던 말을 해주는 자기 덕분에 기운이 더 나는 것 같아. 설탕을 넣다가 음식에 쏟은 것쯤은 이제 생각도 안 나게 되네.	N	2022-09-13 02:00:29	2022-11-08 05:17:39
BE22017807	14	1	자기 기분이 좋아진 것 같아서 나도 한결 마음이 가벼워진다. 이런 일 있을 때는 언제든 기대.	Y	2022-09-13 02:00:29	2022-11-08 05:17:39
