id	utterance_id	utterance_type	utterance_text	terminate	regDate	updDate
BE22006662	1	0	나 어제 회식에 불참했잖아. 그것 때문에 상사 눈치가 엄청나게 보여.	N	2022-07-06 14:01:17	2022-11-08 04:07:22
BE22006662	2	1	자기 자동차 수리한 거 찾으러 가야 해서 불참한 거잖아. 사정을 아시는데도 그래?	N	2022-07-06 14:01:17	2022-11-08 04:07:22
BE22006662	3	0	응. 어제도 얼마 전에 자동차 사고 났다고 말씀드렸거든. 괜찮냐는 말은커녕, 그래서 회식 빠지려는 거냐고 눈치 주는 거 있지? 정말 짜증 나.	N	2022-07-06 14:01:17	2022-11-08 04:07:22
BE22006662	4	1	자기가 짜증날 만하다. 같이 일하는 식구끼리 괜찮냐고 물어봐 주면 좋았을 텐데. 자기 너무 속상하고 기분 상했겠다.	N	2022-07-06 14:01:17	2022-11-08 04:07:22
BE22006662	5	0	그러니까 말이야. 다른 것도 아니고, 자동차 수리한 거 찾으러 간다는데 그게 그렇게 탐탁잖아 할 일이야?	N	2022-07-06 14:01:17	2022-11-08 04:07:22
BE22006662	6	1	아니지. 당연히 보내 줘야 할 일이라고 생각해. 자기가 일부러 빠지는 것도 아닌데, 정말 너무했다. 내가 자기라도 화났을 거야.	N	2022-07-06 14:01:17	2022-11-08 04:07:22
BE22006662	7	0	나 한 명 회식 빠지는 게 뭐가 그렇게 중요하다고 매번 저러는지, 원. 애초에 회식 같은 게 도대체 왜 있는 거야? 그냥 일 끝나면 집에 가면 되지.	N	2022-07-06 14:01:17	2022-11-08 04:07:22
BE22006662	8	1	자기가 워낙 유쾌하고 성격이 좋으니까, 회식에 꼭 와 줬으면 싶나 봐. 짜증 나는 마음은 이해하지만 최대한 좋게 생각하면서 웃어넘겨 보자. 너무 눈치 보면 스트레스만 더 심해지니까, 그냥 툭툭 털어버려 자기야.	N	2022-07-06 14:01:17	2022-11-08 04:07:22
BE22006662	9	0	고마워. 그래도 자기한테 털어놓으니까 기분이 좀 낫다. 아까부터 상사 눈 피하느라 고역이었거든.	N	2022-07-06 14:01:17	2022-11-08 04:07:22
BE22006662	10	1	오늘 하루 정말 고생 많았겠다. 회식 하루 빠진 대가가 너무 성가시고 피곤하겠네.	N	2022-07-06 14:01:17	2022-11-08 04:07:22
BE22006662	11	0	정말이야. 아까까진 피곤하고 서러웠는데, 자기가 내 이야기 잘 들어줘서 기분이 좋아졌어.	N	2022-07-06 14:01:17	2022-11-08 04:07:22
BE22006662	12	1	그거 정말 반가운 소리네. 그럼 퇴근하고 내가 데리러 갈 테니까 저녁에 맛있는 거 먹을까? 이왕 기분 전환하는 거 제대로 하게!	N	2022-07-06 14:01:17	2022-11-08 04:07:22
BE22006662	13	0	정말? 역시 자기는 날 너무 잘 안다니까. 그럼 퇴근하고 만나자!	N	2022-07-06 14:01:17	2022-11-08 04:07:22
BE22006662	14	1	그래. 오늘은 자기가 먹고 싶은 음식 마음껏 먹자. 오늘 하루 상사 눈치 보느라 너무 고생 많았어, 우리 자기.	N	2022-07-06 14:01:17	2022-11-08 04:07:22
BE22006662	15	0	아니야. 자기도 내 이야기 들어 주느라 수고했어. 정말 고마워. 나중에 보자!	Y	2022-07-06 14:01:17	2022-11-08 04:07:22
