id	utterance_id	utterance_type	utterance_text	terminate	regDate	updDate
BE22000137	1	0	고대하던 전시회는 겨우 한 시간 보나마나 했어. 어찌나 속이 상하던지.	N	2022-06-09 04:52:40	2022-11-08 03:25:07
BE22000137	2	1	그게 무슨 말이야? 몇 달 전부터 가고 싶어 했던 전시회였잖아. 오픈 시간에 맞춰서 나간 거 아니었니?	N	2022-06-09 04:52:40	2022-11-08 03:25:07
BE22000137	3	0	그랬지. 근데 오늘따라 버스에 왜 그렇게 사람이 많은지. 사람 사이에 갇혀서 내려야 할 정류장에서 내리지 못했어.	N	2022-06-09 04:52:40	2022-11-08 03:25:07
BE22000137	4	1	뭐야? 어떻게 그런 일이 있을 수 있어. 그래서 돌아서 가느라 전시회에 늦어버린 거였어?	N	2022-06-09 04:52:40	2022-11-08 03:25:07
BE22000137	5	0	응, 겨우 내린 정류장에서는 전시회장까지 가는 버스도 없고 택시는 왜 그렇게 안 잡혀. 속상해서 정말!	N	2022-06-09 04:52:40	2022-11-08 03:25:07
BE22000137	6	1	자기, 어떡해. 얼마나 손꼽아 기다렸는지 아는데 정말 나도 너무 속상하다. 안 풀리는 날은 뭘 해도 그렇게 계속 꼬이고 그러더라.	N	2022-06-09 04:52:40	2022-11-08 03:25:07
BE22000137	7	0	그러니까. 뭐 하나 되는 게 없었어. 온 우주가 내가 전시회장에 못 가게 막는 것 같았다고.	N	2022-06-09 04:52:40	2022-11-08 03:25:07
BE22000137	8	1	마음 아파서 어떡해. 정신이 없어서 감상에 집중도 못 했겠네. 원래 시간에 쫓기면 더 서두르게 되잖아.	N	2022-06-09 04:52:40	2022-11-08 03:25:07
BE22000137	9	0	응, 딱 그랬어. 그냥 내 앞에 있는 사람들 다 밀쳐버리고 내렸어야 했는데 왜 그렇게 못 했을까.	N	2022-06-09 04:52:40	2022-11-08 03:25:07
BE22000137	10	1	자책하지 마. 자기는 원래 예의 바르고 폐를 끼치는 걸 싫어하는 사람이라 그런 거잖아. 다시 시간을 되돌린다고 해도 자기는 그렇게 기다렸다가 내렸을 거야.	N	2022-06-09 04:52:40	2022-11-08 03:25:07
BE22000137	11	0	내리겠다고 소리라도 질렀어야 했어. 그걸 못 내리다니 나 진짜 바보야. 가끔 내 성격이 너무 답답해 미칠 것 같아.	N	2022-06-09 04:52:40	2022-11-08 03:25:07
BE22000137	12	1	그래서 내렸으면 좋았겠지만 자기 성격에 그렇게 소리 지르고 남을 밀쳐서 급하게 내렸으면 죄책감을 느껴서 오히려 더 힘들어 했을 거야. 남을 먼저 배려하는 자기의 사려 깊은 품성이 본인을 얼마나 빛나게 하는데 그걸 답답하다고 하고 그래.	N	2022-06-09 04:52:40	2022-11-08 03:25:07
BE22000137	13	0	정말 그렇게 생각해? 내릴 곳도 똑바로 못 내리는 난데?	N	2022-06-09 04:52:40	2022-11-08 03:25:07
BE22000137	14	1	당연하지. 우악스럽게 남을 밀치다가 남이 다치거나 자기가 다쳤으면 어쩔 뻔했어? 물론 오늘 기대하던 전시를 제대로 감상 못 한 건 안타깝지만, 그래도 난 자기의 선택을 너무나 칭찬해.	N	2022-06-09 04:52:40	2022-11-08 03:25:07
BE22000137	15	0	자기가 그렇게 말해주니까 마음이 좀 풀린다.	N	2022-06-09 04:52:40	2022-11-08 03:25:07
BE22000137	16	1	그 전시회 이번 주말까지 아니야? 주말에 나랑 같이 가는 게 어떨까? 이번에는 버스에서 못 내리는 일 없도록 내 차로 같이 가자. 어떻게 생각해?	N	2022-06-09 04:52:40	2022-11-08 03:25:07
BE22000137	17	0	너무 좋은 생각이야. 덕분에 제대로 못 봤던 거 자세히 감상할 수 있겠어! 고마워.	Y	2022-06-09 04:52:40	2022-11-08 03:25:07
