id	utterance_id	utterance_type	utterance_text	terminate	regDate	updDate
BE22010966	1	0	자기야, 나 정말 이렇게까지 일해야 하는 건지 모르겠어. 너무 화가 나.	N	2022-07-22 05:02:22	2022-11-08 04:34:54
BE22010966	2	1	왜 그래? 회사에서 또 무슨 일 있었어?	N	2022-07-22 05:02:22	2022-11-08 04:34:54
BE22010966	3	0	부장님이 이번에 새로 입사한 신입사원들에게 일을 주라고 했는데. 업무분장에 없는 일을 하라고 하는 거야.	N	2022-07-22 05:02:22	2022-11-08 04:34:54
BE22010966	4	1	없는 일을 만들어서 하게끔 해야 한다면, 자기가 굉장히 당황스러웠겠다.	N	2022-07-22 05:02:22	2022-11-08 04:34:54
BE22010966	5	0	응, 내 일도 많은데, 이걸 나누는 것도 아니고! 왜 그렇게까지 해야 하는 건지 전혀 이해할 수가 없어. 너무 화가 나.	N	2022-07-22 05:02:22	2022-11-08 04:34:54
BE22010966	6	1	그러게, 우리 자기는 일도 많은데 신입사원들 교육까지 맡았잖아. 제시간에 퇴근하지도 못하고 있는데. 이런 상황에서는 누구라도 정말 서운한 마음에 화가 날 것 같아.	N	2022-07-22 05:02:22	2022-11-08 04:34:54
BE22010966	7	0	그 말이 딱 맞아. 서운함을 넘어서 화가 나서 눈물이 나더라. 이렇게 일해야 하는 게 맞는 걸까?	N	2022-07-22 05:02:22	2022-11-08 04:34:54
BE22010966	8	1	자기가 힘든 상황에 있다는 건, 분명히 맞고 나도 충분히 느끼고 있어. 상사의 생각을 안다면 조금 나을 수 있겠지만. 사회생활이니까, 이해할 수 없는 일은 분명히 존재하는 것 같아.	N	2022-07-22 05:02:22	2022-11-08 04:34:54
BE22010966	9	0	너무너무 이해할 수 없어서, 그만두고 싶다는 생각을 처음으로 한 것 같아.	N	2022-07-22 05:02:22	2022-11-08 04:34:54
BE22010966	10	1	자기에게는 오늘이 정말 힘든 날이었을 것 같아. 그래도 나는 지금이 자기에게 굉장히 중요한 시기니까 힘들겠지만 참고 견뎌줬으면 좋겠어. 그럼 분명 따뜻한 햇볕이 쨍쨍한 그런 좋은 날이 올 거야.	N	2022-07-22 05:02:22	2022-11-08 04:34:54
BE22010966	11	0	내가 이 순간을 참고 넘기면, 뭔가 달라지는 게 있을까? 내가 할 수 있을지 모르겠어.	N	2022-07-22 05:02:22	2022-11-08 04:34:54
BE22010966	12	1	쉽지 않겠지만, 자기에게 업무에 없는 일을 하도록 하는 이유가 있지 않을까 싶어. 좋아하는 일만 할 수 있는 게 아니잖아. 이렇게 어른이 된다고 생각하면 안 될까?	N	2022-07-22 05:02:22	2022-11-08 04:34:54
BE22010966	13	0	사회생활을 하기도, 어른이 되기도 참 어려운 것 같아.	N	2022-07-22 05:02:22	2022-11-08 04:34:54
BE22010966	14	1	쉬운 일이 어디 있겠어. 그래도 지금이 지나고 나면 분명 자기에게 약이었다고 생각하게 될 거야.	N	2022-07-22 05:02:22	2022-11-08 04:34:54
BE22010966	15	0	자기 말처럼 되면 좋겠어. 그래도 조금 참을 힘이 생긴 것 같아.	N	2022-07-22 05:02:22	2022-11-08 04:34:55
BE22010966	16	1	내가 옆에서 힘이 되어줄게. 언제든지 기대어 쉬어.	Y	2022-07-22 05:02:22	2022-11-08 04:34:55
