id	utterance_id	utterance_type	utterance_text	terminate	regDate	updDate
BE22018851	1	0	자기, 나 요즘 팀장님 때문에 너무 화가 나. 요새 자꾸 내 능력치보다 더 많은 걸 요구해. 그래서 감당할 수 없는 일들을 자꾸 맡게 되니까 스트레스가 쌓여.	N	2022-09-19 06:04:50	2022-09-19 06:04:50
BE22018851	2	1	자기 요즘 힘들어 보였던 게 다 그 이유 때문이었구나. 난 자기가 마음고생 하는 줄도 몰랐어. 아무래도 내가 해낼 수 있는 것보다 더한 일을 주면 부담되고 화날 수밖에 없지.	N	2022-09-19 06:04:50	2022-11-08 05:23:51
BE22018851	3	0	응, 저번에도 시간도 별로 안 주고 보고서 하나를 다 쓰라고 하길래 내가 야근을 했었거든. 그때 결국 해내서 그런지 요즘도 걸핏하면 무리한 일들을 요구해. 날 완전 일만 하는 기계 취급하는 것 같아서 너무 열이 받아.	N	2022-09-19 06:04:50	2022-09-19 06:04:50
BE22018851	4	1	계속 그러면 성가시고 스트레스받을 수밖에 없겠다. 나도 한때 상사가 내 일도 아닌 걸 나한테 시킬 때 엄청 스트레스받았었거든. 그래서 자기 심정 이해가 가.	N	2022-09-19 06:04:50	2022-11-08 05:23:51
BE22018851	5	0	이제는 감당할 수가 없어서 차라리 회사를 그만둘까 싶어. 자꾸 이러면 나도 부담되고 일하기 싫어진단 말이야. 그래서 요즘 아침에 눈 뜨면 스트레스 때문에 회사 가기 싫단 생각만 해.	N	2022-09-19 06:04:50	2022-09-19 06:04:50
BE22018851	6	1	나였어도 스트레스가 너무 쌓여서 모든 걸 회피하고 싶었을 거야. 자기 그런 감정 느끼는 거 어쩌면 당연할지도 몰라. 무리하게 요구하는데 대체 누가 좋아하겠어.	N	2022-09-19 06:04:50	2022-11-08 05:23:51
BE22018851	7	0	그냥 확 팀장님한테 화내면서 따져볼까? 내가 화가 났단 걸 알아야 팀장님이 더 이상 무리한 부탁을 안 할지도 모르잖아.	N	2022-09-19 06:04:50	2022-11-08 05:23:51
BE22018851	8	1	일단 먼저 감정을 달랜 후에 이성을 찾고 대화를 했으면 좋겠어. 화를 낸다고 해도 달라지지 않는 일에 괜히 감정까지 소모하지 말자. 달리 생각하면 자기를 높게 평가한 거잖아, 마냥 나쁘게 받아들이지 않았으면 좋겠어!	N	2022-09-19 06:04:50	2022-09-19 06:04:50
BE22018851	9	0	하지만 이제는 팀장이 내게 그렇게 요구한 일들이 사실 팀장님이 해야 하는 일이 아닐까 싶어. 내가 자꾸 요구한 일들을 잘 해오니까 자기 일까지 시키는 게 아닐까 싶더라고.	N	2022-09-19 06:04:50	2022-09-19 06:04:50
BE22018851	10	1	지금은 마음이 지치고 화가 나서 자꾸 부정적인 생각이 드는 거니 마음을 진정시키자. 자기 그렇게 일하면서 능력치도 오르고 인정도 받았다는 좋은 점들도 있잖아. 지금의 힘든 시기를 견디다 보면 어느새 자신이 좀더 성장해 있단 걸 알게 될 거야.	N	2022-09-19 06:04:50	2022-11-08 05:23:51
BE22018851	11	0	자기 말을 들으니까 좀 진정이 돼. 맞아, 나도 그런 일들을 수행하다 보니까 일머리가 더 좋아지더라고. 자기 말처럼 팀장님이 날 인정했기에 그런 일들을 줬지 않았을까 싶어서 화가 안 나.	N	2022-09-19 06:04:50	2022-11-08 05:23:51
BE22018851	12	1	응, 자기를 높게 평가한 거니까 너무 화내지 않기를 바랄게. 오히려 지금 자기는 회사에서 좋은 평가를 받고 있을지도 모르니까 말이야. 다음에 혹시 진급을 할지도 모르는 일이잖아!	N	2022-09-19 06:04:50	2022-11-08 05:23:51
BE22018851	13	0	그 말을 들으니까 좀 설레고 기대가 되네. 그럼 나 더 열심히 작업에 임해야겠어. 어차피 뭘 하든 열심히 하면 나쁠 것도 없으니까 말이야!	N	2022-09-19 06:04:50	2022-09-19 06:04:50
BE22018851	14	1	긍정적인 그 태도 참 좋아! 앞으로도 화가 나는 일이 생기면 다르게 생각해보는 걸 권유할게. 그럼 스트레스도 덜 받게 되더라고!	N	2022-09-19 06:04:50	2022-11-08 05:23:51
BE22018851	15	0	응, 자기한테 하나 배울 수 있게 돼서 너무 좋네. 다음부턴 그렇게 할게!	Y	2022-09-19 06:04:50	2022-11-08 05:23:51
