id	utterance_id	utterance_type	utterance_text	terminate	regDate	updDate
BE22018561	1	0	앞사람이 잡았던 문을 놓아버려서 손가락이 끼었어, 진짜 너무한 거 아니야? 아니 어떻게 바로 따라 들어가는데 왜 문을 놔버리냐고. 정말 분노가 치밀어서 머리가 지끈거리네.	N	2022-09-16 14:03:19	2022-11-08 05:22:10
BE22018561	2	1	자기야 너무 놀랐겠다. 손가락은 괜찮아? 많이 다쳤을까 봐 걱정된다. 더 잡아주셨으면 좋았을 텐데, 자기가 얼마나 놀라고 어이가 없었을지 생각하니까 내가 다 화나려고 해.	N	2022-09-16 14:03:19	2022-11-08 05:22:10
BE22018561	3	0	자기 문자처럼 정말 너무 어이가 없더라고. 나는 당연히 잡아줄 줄 알았거든.	N	2022-09-16 14:03:19	2022-09-16 14:03:19
BE22018561	4	1	그렇지, 대부분은 잡아주시는데. 자기가 당연히 더 잡아줄 거라고 생각했던 터라서 더 화나고 짜증 났을 거 같아. 내가 옆에 있었으면 문도 잡아주고 자기 다치지 않도록 보호했을 텐데, 너무 안타까워.	N	2022-09-16 14:03:19	2022-11-08 05:22:10
BE22018561	5	0	이런 경우는 처음이라서 어안이 벙벙하고 짜증 나. 그러고는 죄송하다는 말 한마디 없이 쓱 한번 쳐다보고 가버리는 거야. 그래서 더 어이가 없고 화가 났어.	N	2022-09-16 14:03:19	2022-09-16 14:03:19
BE22018561	6	1	그렇구나. 내가 자기 입장이어도 너무 화나고 짜증 났을 거 같아. 자기가 화내는 건 너무 당연해. 솔직히 내가 그 자리에 있었으면 이보세요 하면서 한마디 했을 거 같아.	N	2022-09-16 14:03:19	2022-11-08 05:22:10
BE22018561	7	0	나도 정말 한마디 뭐라고 하고 싶은 거 일행이 있으시길래 참았어. 배려심이 너무 없잖아. 생각할수록 화가 나네.	N	2022-09-16 14:03:19	2022-09-16 14:03:19
BE22018561	8	1	자기가 황당했을 마음을 생각하니까 너무 안쓰럽고 불쌍하다. 특히, 자기가 주변 사람들을 생각하는 마음도 넓고 배려심도 깊잖아. 그래서 그렇게 배려 없는 사람이 있을 수 있나 싶어서 더 분노가 치밀었을 거 같아.	N	2022-09-16 14:03:19	2022-11-08 05:22:10
BE22018561	9	0	응, 정말 내 주변에는 다들 착하고 주변을 생각해 주는 사람들뿐이거든. 그래서 문잡아주는 건 당연하고 짐 들고 있으면 짐까지 들어주는 정도야. 그런데 이런 사람은 처음이라서 더 어이없었던 거 같아.	N	2022-09-16 14:03:19	2022-09-16 14:03:19
BE22018561	10	1	그러니깐, 솔직히 나 자기 만나면서 자기의 따뜻한 마음과 타인을 생각하는 섬세함에 다시금 반했잖아. 그리고 자기를 본받으려고 많이 노력하고 있어.	N	2022-09-16 14:03:19	2022-11-08 05:22:10
BE22018561	11	0	내가 그렇게 배려심이 넘친다고 해주니까 고마워. 자기가 내가 배려심도 깊고 섬세하다고 해주니까 치밀었던 분노가 가라앉는 거 같아.	N	2022-09-16 14:03:19	2022-11-08 05:22:10
BE22018561	12	1	자기의 착한 마음과 배려심 항상 존경해. 자기가 나랑 문자하면서 위로를 받았다고 하니까 내 마음도 편해진다. 자기 혼자 당황했을 모습을 생각하면 마음이 아팠는데.	N	2022-09-16 14:03:19	2022-11-08 05:22:10
BE22018561	13	0	자기가 걱정해주고 칭찬해주니까 언제 화가 났냐는 듯이 가라앉았어. 고마워.	N	2022-09-16 14:03:19	2022-11-08 05:22:10
BE22018561	14	1	너무 다행이야. 그래도 혹시 모르니까 손가락 아프면 꼭 연락하고.	Y	2022-09-16 14:03:19	2022-11-08 05:22:10
