id	utterance_id	utterance_type	utterance_text	terminate	regDate	updDate
BE22001248	1	0	자기야. 나 오늘 진짜 짜증 나서 죽는 줄 알았어.	N	2022-06-14 07:49:26	2022-11-08 03:32:28
BE22001248	2	1	우리 착한 여보가 왜 이렇게 화가 났을까?	N	2022-06-14 07:49:26	2022-11-08 03:32:28
BE22001248	3	0	아니. 건물 내 금연은 너무 당연한 상식 아니야? 진짜 왜 이렇게 세상에는 상식 이하의 사람들이 많은 걸까?	N	2022-06-14 07:49:26	2022-11-08 03:32:28
BE22001248	4	1	누가 건물 안에서 흡연했어?	N	2022-06-14 07:49:26	2022-11-08 03:32:28
BE22001248	5	0	기숙사 화장실에서 누가 자꾸 담배를 피워. 미쳤나 봐. 진짜. 어떻게 이렇게 개념 없는 행동을 하지?	N	2022-06-14 07:49:26	2022-11-08 03:32:28
BE22001248	6	1	아이고, 진짜 짜증 나고 화나겠다. 여보는 더군다나 담배 냄새에 엄청 민감하고 기관지도 안 좋잖아.	N	2022-06-14 07:49:26	2022-11-08 03:32:28
BE22001248	7	0	응. 냄새도 역겨운데 그거 때문에 그런지 요즘 자꾸 잔기침이 나와서 너무 짜증 나고 성가셔. 한 번만 더 그러면 화장실 문 칸 다 두드려서 범인을 찾아낼까 생각도 해봤어.	N	2022-06-14 07:49:26	2022-11-08 03:32:28
BE22001248	8	1	왜 아니겠어. 나 같아도 상당히 화가 났을 거야. 하지만 직접적으로 가서 뭐라 하는 것보다는 사감님이나 학교 측에 얘기하는 게 낫지 않을까?	N	2022-06-14 07:49:26	2022-11-08 03:32:28
BE22001248	9	0	사감님한테는 몇 번 얘기해 봤지. 근데 사감님이 내 얘기 듣고 화장실 가면 어떻게 낌새를 눈치채고 도망가는지 항상 냄새만 남아있더라. 진짜 열받아.	N	2022-06-14 07:49:26	2022-11-08 03:32:28
BE22001248	10	1	그러면 진짜 얄밉기도 하고 많이 화나겠네. 음, 아니면 학교 게시판 이런 데에다가 올리는 게 어떨까? 분명 여보 말고도 그거에 대해서 불만을 가지고 있는 사람이 있을 거 같은데?	N	2022-06-14 07:49:26	2022-11-08 03:32:28
BE22001248	11	0	어? 내가 왜 그 생각을 못 했지. 대놓고 범인 색출을 못한다고 해도 내가 글 올리면 댓글에 사람들도 동조할 테고 그럼 범인은 찔려서 행동을 자제하게 되겠지?	N	2022-06-14 07:49:26	2022-11-08 03:32:28
BE22001248	12	1	그렇지. 우리 여보는 역시 천재네. 하나를 알려주면 열을 깨우쳐요. 이 똑똑한 모습에 내가 반했다니까.	N	2022-06-14 07:49:26	2022-11-08 03:32:28
BE22001248	13	0	아이참, 뭐 그렇게 낯간지럽게 칭찬을 하고 그래. 아무튼 조언 고마워 자기야. 자기 덕분에 좀 짜증이 가라앉았어.	N	2022-06-14 07:49:26	2022-11-08 03:32:28
BE22001248	14	1	기분이 좀 풀렸다니 다행이다. 언제든지 짜증 나거나 화나는 일 있으면 나한테 얘기해 줘. 내가 항상 옆에서 들어줄게.	N	2022-06-14 07:49:26	2022-11-08 03:32:28
BE22001248	15	0	정말 든든한 내 남자 친구라니까. 응. 그렇게 할게! 일단 학교 게시판에 뭐라고 올리지 내용 정리 좀 해야겠다. 이따 연락할게!	N	2022-06-14 07:49:26	2022-11-08 03:32:28
BE22001248	16	1	그래. 잘 해결되길 응원할게.	Y	2022-06-14 07:49:26	2022-11-08 03:32:28
