id	utterance_id	utterance_type	utterance_text	terminate	regDate	updDate
BE22009821	1	0	우리 언니 너무 제멋대로야!	N	2022-07-18 08:02:48	2022-11-08 04:27:40
BE22009821	2	1	왜, 언니랑 싸웠어?	N	2022-07-18 08:02:48	2022-11-08 04:27:40
BE22009821	3	0	아니, 언니가 내 졸업 앨범에 주스를 쏟아 놓고 사과도 안 하는 거야. 내가 정말 어이가 없어서.	N	2022-07-18 08:02:48	2022-11-08 04:27:40
BE22009821	4	1	졸업 앨범을 망친 것도 속상한데 언니분이 그렇게 나오다니? 우리 자기가 너무 화가 났을 것 같다. 나였어도 당연히 화가 났을 거야.	N	2022-07-18 08:02:48	2022-11-08 04:27:40
BE22009821	5	0	내 말이 그 말이야. 그 졸업 앨범에 내 친한 친구 사진이 있어서 정말 소중하게 간직하고 있었던 건데. 정말 화가 나.	N	2022-07-18 08:02:48	2022-11-08 04:27:40
BE22009821	6	1	그렇게 애지중지 보관하던 거면 나 같아도 언니한테 한 소리 했을 것 같아. 심지어 졸업앨범은 하나씩밖에 없는 거잖아.	N	2022-07-18 08:02:48	2022-11-08 04:27:40
BE22009821	7	0	언니는 누구나 다 가지고 있는 졸업 앨범인데 그게 뭐 대수라고 자기한테 이렇게 화를 내냬. 정말 이기적이지 않아?	N	2022-07-18 08:02:48	2022-11-08 04:27:40
BE22009821	8	1	그러게, 속상한 자기 마음을 헤아려주면 좋았을 텐데. 언니가 너무 서운하게 말한 것 같네.	N	2022-07-18 08:02:48	2022-11-08 04:27:40
BE22009821	9	0	친구 사진이 노랗게 변색해버렸어. 나한테는 소중한 추억인데 볼수록 너무 분해. 이젠 멀리 이민 가서 만나기도 어려운 친구란 말이야.	N	2022-07-18 08:02:48	2022-11-08 04:27:40
BE22009821	10	1	사진도 물론 소중한 추억이지만 물질적인 것보다 소중한 건 기억이니까. 기억하고 있는 추억은 영원할 거야.	N	2022-07-18 08:02:48	2022-11-08 04:27:40
BE22009821	11	0	맞아, 사실 내가 애지중지했던 건 나만의 기억이지. 그렇게 말해주니까 마음이 가라앉는다.	N	2022-07-18 08:02:48	2022-11-08 04:27:40
BE22009821	12	1	불쾌한 감정을 느낀 건 당연한 일이야. 하지만 언니도 자기가 실수하고 당황해서 제대로 사과하지 못한 걸지도 몰라. 언니한테 화가 난 이유를 얘기하면 언니도 사과할 거야.	N	2022-07-18 08:02:48	2022-11-08 04:27:40
BE22009821	13	0	네 말이 맞아. 나도 좀 흥분했던 면이 있어. 친구 사진만큼 언니도 소중한데, 네 덕분에 언니랑 잘 화해할 수 있을 것 같아.	N	2022-07-18 08:02:48	2022-11-08 04:27:40
BE22009821	14	1	자기가 이렇게 언니를 소중하게 생각하는 걸 알면 더 미안해할 것 같아. 잘 이야기하길 바랄게.	Y	2022-07-18 08:02:48	2022-11-08 04:27:40
