id	utterance_id	utterance_type	utterance_text	terminate	regDate	updDate
BE22018842	1	0	자기야, 나 지금 회사에서 너무 화가 나고 어이없는 일을 겪었어. 너무 화가 나니까 일도 손에 안 잡히고 신경질이 나. 지금 나랑 대화 좀 나눌 시간 돼?	N	2022-09-19 05:36:53	2022-09-19 05:36:53
BE22018842	2	1	응 괜찮아, 무슨 일을 겪었길래 이렇게 화가 난 거야? 자기 원래 화 잘 안 내는 사람이잖아. 이렇게 화가 난 걸 보니 내가 다 걱정이 된다.	N	2022-09-19 05:36:53	2022-11-08 05:23:48
BE22018842	3	0	아니 사무실에서 내가 기침을 하니까 동료들이 다 나를 피하더라. 사레 걸려서 기침 한 거고 심지어 마스크도 쓰고 있었는데 너무 화가 나더라. 나는 본인들이 기침하거나 아플 때 엄청 챙겨줬는데 어이가 없는 거 있지?	N	2022-09-19 05:36:53	2022-09-19 05:36:53
BE22018842	4	1	그런 속상한 일이 있었구나. 문자를 보고 감정이입이 돼서 내가 다 속상하고 마음이 안 좋네. 자기가 얼마나 화가 나고 기분이 상했을지 충분히 이해가 가.	N	2022-09-19 05:36:53	2022-11-08 05:23:48
BE22018842	5	0	이런 일을 겪으니까 사람한테 배신을 당한 기분이고 너무 분노가 치솟는다. 이래서 사람은 이기적인 동물이라고 하나 봐. 내가 본인들한테 얼마나 잘해줬는데 나 몰라라 피하기까지 하고 정말 기분이 안 좋아.	N	2022-09-19 05:36:53	2022-09-19 05:36:53
BE22018842	6	1	배신감이 드는 그 마음 충분히 이해해. 사회생활을 하다 보니 사람 관계가 제일 힘들고 상처를 받는 거 같더라. 자기가 이런 일을 너무 마음에 담아 두면서 상처를 받거나 속상해하는 일은 없었으면 좋겠어.	N	2022-09-19 05:36:53	2022-11-08 05:23:48
BE22018842	7	0	나도 그렇게 쉽게 잊어버려야지 하는데 생각만큼 쉽지가 않더라. 친하다고 믿었던 만큼 이 분노가 커진 거 같아서 내가 잘 잊어낼 수 있을지 모르겠어. 생각할수록 아직도 너무 화가 나고 신경질이 나거든.	N	2022-09-19 05:36:53	2022-09-19 05:36:53
BE22018842	8	1	물론 분노가 클수록 잊히기까지 충분한 시간이 걸리잖아. 너무 조급하게 생각해서 더 힘들어하지는 말고 지금보다 마음을 편하게 가져봐. 그러다 보면 이 일도 자기의 감정도 나아질 수 있을 거야.	N	2022-09-19 05:36:53	2022-11-08 05:23:48
BE22018842	9	0	정말 그럴 수 있을까? 자기의 말을 듣고 나니 내가 너무 화만 내면서 나약한 생각만 했었던 거 같아. 덕분에 조금은 마음을 진정시킬 수 있을 거 같고 마음이 한결 놓이는 기분이야.	N	2022-09-19 05:36:53	2022-11-08 05:23:48
BE22018842	10	1	내 말에 자기가 용기를 내고 마음이 나아지는 데 도움이 되었다니 정말 다행이고 뿌듯하다. 자기는 내면의 힘이 강한 사람이니까 반드시 잘 이겨낼 거라 믿어. 그러니 조금 더 기운 내서 힘내자.	N	2022-09-19 05:36:53	2022-11-08 05:23:48
BE22018842	11	0	기침을 하니 동료들이 나를 피해서 화가 난다는 투정 같은 말을 들어줘서 너무 고마워. 내가 힘들 때마다 옆에서 내 편이 되어 진심으로 응원해 줘서 잘 이겨냈던 거 같아. 오늘 일도 금방 떨쳐버릴 수 있겠다는 용기도 얻었어.	N	2022-09-19 05:36:53	2022-09-19 05:36:53
BE22018842	12	1	언제든 대화 상대가 필요하면 나한테 얘기해. 힘들거나 속상한 일을 겪었을 때는 대화를 나누고 위로를 받으면서 이겨낼 수 있는 거라 생각하거든.	N	2022-09-19 05:36:53	2022-11-08 05:23:48
BE22018842	13	0	말이라도 너무 고맙고 정말 든든하다. 어디 하소연도 못 하고 혼자 답답했었는데 속도 많이 후련해졌어. 자기가 옆에 있어서 얼마나 다행인지 몰라.	N	2022-09-19 05:36:53	2022-11-08 05:23:48
BE22018842	14	1	내가 도움이 되었다니 정말 다행이고 그렇게 말해주니 내가 더 고맙네. 하루빨리 훌훌 털어버리고 예전처럼 웃으면서 즐겁게 회사 생활하는 자기를 보고 싶어.	N	2022-09-19 05:36:53	2022-11-08 05:23:48
BE22018842	15	0	응, 나도 열심히 노력하면서 지내볼게. 정말이지 자기 덕분에 앞으로도 어떤 힘든 일이든 잘 헤쳐 나갈 수 있을 것만 같다.	Y	2022-09-19 05:36:53	2022-11-08 05:23:48
