id	utterance_id	utterance_type	utterance_text	terminate	regDate	updDate
BE22019893	1	0	아 진짜 세상에 별 사람이 다 있어.	N	2022-09-22 07:41:14	2022-09-22 07:41:14
BE22019893	2	1	무슨 일 있었어?	N	2022-09-22 07:41:14	2022-09-22 07:41:14
BE22019893	3	0	내가 뉴스로만 몰래 카메라에 있는 상황 있다 생각했지, 오늘 실제로 처음 봤잖아. 그래서 바로 경찰에 신고했어. 신고하고 나서도 분이 안 풀리네.	N	2022-09-22 07:41:14	2022-09-22 07:41:14
BE22019893	4	1	진짜? 놀라진 않았어? 그래도 당황하지 않고 직접 신고도 하고 대단하다. 그런 광경을 직접 마주치게 되면 누구나 화가 머리끝까지 날 거야. 심각한 문제라고 뉴스에 나오는 데도 그런 일을 벌이는 모습을 보니 분노가 더 크지.	N	2022-09-22 07:41:14	2022-11-08 05:27:36
BE22019893	5	0	당연히 신고해야지! 이런 사람들은 무조건 처벌 받아야 해. 그러게, 그렇게 문제라 하는데도 도대체 왜 그렇게 사는 지 이해가 안 가는 사람이야. 정말 아직도 화 때문에 손이 부들부들 떨리는 지경이야.	N	2022-09-22 07:41:14	2022-09-22 07:41:14
BE22019893	6	1	그런 범죄 현장을 직접 마주하니 얼마나 화가 나겠어. 당황스럽고 화가 나는 상황에서도 신고까지 잘 해냈다니 참 대단한 거 같아. 자기의 신고로 인해 더 생길 수 있는 범죄 현장을 막은 거니 기뻐 해 보는 게 어때.	N	2022-09-22 07:41:14	2022-11-08 05:27:36
BE22019893	7	0	그래, 그 상황 자체는 어이도 없고 화가 나긴 했지. 근데 자기 말대로 내가 잘 해결했으니 더 이상 분노라는 감정을 더 이상 소모하지 말아야겠어. 내가 좋은 일을 해낸 거니까 잘된 일이지.	N	2022-09-22 07:41:14	2022-11-08 05:27:36
BE22019893	8	1	그럼, 해결도 됐고 지난 일에 화내면 자기 마음만 스트레스로 가득해질 거야. 나는 좋은 일과 좋은 마음에 더 감정이 오래 머물렀으면 좋겠어.	N	2022-09-22 07:41:14	2022-11-08 05:27:36
BE22019893	9	0	맞아, 내가 그 상황을 겪고 신고까지 하고 나서도, 계속 그 감정에 머물러 있었어. 난 좋은 일 한 건데 굳이 그럴 필요가 없는 거잖아. 내가 잘한 일에 칭찬해줘도 모자랄 시간에 화만 내고 있었으니...	N	2022-09-22 07:41:14	2022-09-22 07:41:14
BE22019893	10	1	그래! 너로 인해서 수많은 피해자들이 생길 법 한 일이 없어졌잖아. 너 자신을 좀더 칭찬해주고 북돋아 줘.	N	2022-09-22 07:41:14	2022-11-08 05:27:36
BE22019893	11	0	고마워 내가 화나면 행동부터 움직인 게 오늘 참 도움이 되었어. 좋은 일 한 보람찬 하루야.	N	2022-09-22 07:41:14	2022-11-08 05:27:36
BE22019893	12	1	그러니까, 다르게 생각해보면 네가 그 사람을 만난 게 모두를 위한 천운이라 할 수도 있지.	N	2022-09-22 07:41:14	2022-09-22 07:41:14
BE22019893	13	0	그렇게 말해주니 갑자기 웃긴걸. 내가 신고하고도 기분이 안 좋긴 했는데 신고를 잘 했다 생각하니 기분이 좋아졌어.	N	2022-09-22 07:41:14	2022-11-08 05:27:36
BE22019893	14	1	그럼, 모두를 위해 멋진 일을 해냈잖아. 나쁜 사람을 향한 분노보단 뿌듯함을 더 느꼈으면 해.	N	2022-09-22 07:41:14	2022-11-08 05:27:36
BE22019893	15	0	참 나한테 늘 이런 좋은 감정을 알려줘서 고마워.	Y	2022-09-22 07:41:14	2022-09-22 07:41:14
