id	utterance_id	utterance_type	utterance_text	terminate	regDate	updDate
BE22016163	1	0	우리 직장에 진짜 지독한 구두쇠가 있어. 우리 모든 팀원들이 커피 한 번씩 살 때 단 한 번도 안 샀어. 어떻게 그럴 수 있을까 너무 화가 난다.	N	2022-08-29 05:11:29	2022-11-08 05:07:33
BE22016163	2	1	본인은 다 얻어먹고 한 번을 안 산 거야? 정말 대단한 사람이다.	N	2022-08-29 05:11:29	2022-11-08 05:07:33
BE22016163	3	0	보통은 다른 사람이 산 게 고마워서라도 한번 말이라도 할 법하지 않아? 절대 끝까지 말을 안 하고 슬쩍 사라지는 것 있지? 그러고 누가 산다고 하면 귀신같이 등장하고 말이야.	N	2022-08-29 05:11:29	2022-11-08 05:07:33
BE22016163	4	1	그래도 그 사람이 처한 상황이 있어서 그런 걸 수 있잖아.	N	2022-08-29 05:11:29	2022-08-29 05:11:29
BE22016163	5	0	그래도 저 사람이 하는 구두쇠 같은 행동을 보면 너무 약 올라서 화가 나. 얻어먹을 건 다 먹고 본인은 구렁이 담 넘어가듯이 빠지는 게 말이야. 다 큰 어른이 할 행동인가 싶은데.	N	2022-08-29 05:11:29	2022-11-08 05:07:34
BE22016163	6	1	자기가 스트레스를 많이 받는 것 같아서 정말 유감이야. 시간이 지나고 분명 지금까지의 고마움에 대한 보답을 하는 날이 분명 올 거야!	N	2022-08-29 05:11:29	2022-11-08 05:07:34
BE22016163	7	0	나는 지금 단편적으로 나에게 보이는 행동이 너무 얄미워서 못 봐주겠어. 정말 같이 일하기 싫은 팀원을 꼽으라면 난 지체 없이 그 사람이야.	N	2022-08-29 05:11:29	2022-08-29 05:11:29
BE22016163	8	1	나도 처음에는 너무 비싼 가격에 부담스러웠던 적이 있는걸? 그때 우리 팀원들이 나에게 해준 격려가 얼마나 큰 힘이 되었는지 몰라. 자기도 짜증을 잠시 거두고 한번 그 사람의 입장에서 생각하면 공감이 갈 거야.	N	2022-08-29 05:11:29	2022-11-08 05:07:34
BE22016163	9	0	하긴 나도 몇 번은 버겁다고 생각을 한 적이 있어 하지만 그래도 표현은 항상 해왔어. 그런데 그 사람은 아무런 반응이 없어서 더 화가 나는 거야!	N	2022-08-29 05:11:29	2022-08-29 05:11:29
BE22016163	10	1	우리 모두 처한 상황이 다 다른 거잖아. 그 사람의 상황을 이해해 주면 자기가 가지고 있는 분노도 눈 녹듯이 사라질지도 몰라. 너무 화내지 말고 그 사람의 행동을 이해해 주려고 노력해보자.	N	2022-08-29 05:11:29	2022-11-08 05:07:34
BE22016163	11	0	자기 말이 맞는 것 같아. 내가 너무 무턱대고 화부터 냈네. 정작 나도 너무 비싸다는 생각을 했는데 말이야.	N	2022-08-29 05:11:29	2022-11-08 05:07:34
BE22016163	12	1	그래도 이번에 중요한 사실을 깨달았으니 그걸로 된 거지! 바로 수긍하고 인정하는 모습이 너무 멋지다 자기야.	N	2022-08-29 05:11:29	2022-11-08 05:07:34
BE22016163	13	0	그렇게 말 해줘서 고마워. 앞으로 나도 무턱대고 화를 내는 것보다는 이해 하려고 노력하는 습관을 들여야겠어. 자기 덕분에 큰 걸 깨달았어 고마워!	N	2022-08-29 05:11:29	2022-11-08 05:07:34
BE22016163	14	1	아니야! 나는 우리 자기가 이렇게 바로 인정하는 모습이 너무 보기 좋아. 역시 자기는 정말 멋있는 사람이야.	N	2022-08-29 05:11:29	2022-11-08 05:07:34
BE22016163	15	0	그렇게 말 해줘서 정말 고마워! 오늘 자기가 해준 말 잊지 않을게!	Y	2022-08-29 05:11:29	2022-11-08 05:07:34
