id	utterance_id	utterance_type	utterance_text	terminate	regDate	updDate
BE22019689	1	0	자기야, 진짜 아침부터 너무 화가 나.	N	2022-09-22 04:50:00	2022-09-22 04:50:00
BE22019689	2	1	아침부터 무슨 일이야, 자기. 큰일 있는 거 아니지? 걱정스러운걸.	N	2022-09-22 04:50:00	2022-11-08 05:26:39
BE22019689	3	0	나 지난주에 출시되자마자 샀던 게임 기억나? 예약 대기 걸어서 제 값 다 주고 샀던 그 게임이 오늘부터 대규모 세일 들어간대! 고작 한 주 지났는데 세일이라니, 진짜 돈 날린 것 같아서 아까워서 분노가 치밀어 올라.	N	2022-09-22 04:50:00	2022-11-08 05:26:39
BE22019689	4	1	저런, 가격 때문에 많이 부담스러웠지만 꼭 하고 싶은 게임이라서 큰맘 먹고 산 거였잖아. 그런데 한 주만에 대규모 세일이라니, 자기 열받을만 해. 나라도 그 소식을 들으면 화가 나서 그 게임이 꼴도 보기 싫을 것 같아.	N	2022-09-22 04:50:00	2022-11-08 05:26:39
BE22019689	5	0	이렇게 빨리 세일을 할 줄 알았다면 안 샀을 거라고. 세일폭도 엄청 커서 출시일에 산 사람들은 바보라는 말까지 나올 정도야. 비싸게 산 게임이지만 재밌어서 만족스럽게 하고 있었는데 이걸 보니까 정이 뚝 떨어졌어.	N	2022-09-22 04:50:00	2022-11-08 05:26:39
BE22019689	6	1	게임 출시일만을 기다리면서 기대에 차있던 자기 모습이 생각나면서 나도 속상하네. 돈도 아깝고, 기대하고 즐겼던 마음도 아깝고, 몸도 마음도 다 상처받았을 것 같아. 자기 게임에 진심이잖아, 간만에 마음에 들었다고 좋아했는데 실망감과 상실감이 크겠다.	N	2022-09-22 04:50:00	2022-11-08 05:26:39
BE22019689	7	0	그 게임 출시일 전부터 대규모 세일 들어갈 거라고 뒷얘기가 계속 있긴 했거든. 그래서 긴가민가하다가, 일 주일만에 무슨 세일이야 하고 산 건데. 그때 사람들 말을 들을걸 하는 생각이 들어서 좌절스럽기까지 해.	N	2022-09-22 04:50:00	2022-09-22 04:50:00
BE22019689	8	1	조금만 참았으면 예측할 수 있었던 손해에 피해보지 않았을 거라는 생각에 좌절스럽기도 할 것 같아. 그렇지만 자기는 출시일까지 셀 만큼 기다리고 재미있을 거라고 기대했던 게임이잖아. 이런 일로 게임을 즐겁게 한 시간까지 후회하면 가슴 아픈 일이야, 그러지 않았으면 좋겠어.	N	2022-09-22 04:50:00	2022-11-08 05:26:39
BE22019689	9	0	그래도 일주일만 참아볼걸 하는 생각이 들어. 뭐 그렇게 급하다가 출시일 맞춰서 그 비싼 돈을 주고 산 건가 싶고 후회스러워. 소비자를 우롱하는 그 게임회사도 정말 열받고 말이야.	N	2022-09-22 04:50:00	2022-09-22 04:50:00
BE22019689	10	1	나도 제 값 주고 주고 산 옷이 갑자기 세일해서 진짜 열받고 어이없고, 좌절감까지든 적이 있어. 하지만 생각해보면 출시일에 샀기 때문에 자기는 누구보다 빠르게 그 게임을 즐길 수 있었던 거잖아. 세일해서 화나는 마음이겠지만, 오히려 자기가 게임을 즐길 수 있는 시간이 길어진 거라고 생각하면 어떨까?	N	2022-09-22 04:50:00	2022-11-08 05:26:39
BE22019689	11	0	하긴, 자기 말이 맞아. 내 취향에 딱 맞는 게임이라서 사놓고 일주일 동안 그 게임만 빠져서 재밌어 하긴 했지.	N	2022-09-22 04:50:00	2022-11-08 05:26:39
BE22019689	12	1	자기의 스트레스와 힘듦을 그 게임이 달래주고 풀어줬다면 그것만으로 충분하다고 생각해. 이미 지난 일이니까 잊어버리고, 자기가 게임을 하면서 즐겁고 재밌었던 것만 떠올렸으면 좋겠어. 자기의 선택은 틀린 게 아니니까 좌절하지도 말고 말이야!	N	2022-09-22 04:50:00	2022-11-08 05:26:39
BE22019689	13	0	그렇게 생각하니까 마음이 좀 괜찮아지는 것 같아. 당장 눈 앞의 이익만 생각해서 화가 났거든. 근데 자기 말을 들으니까 생각이 바뀌는 것 같네, 고마워.	N	2022-09-22 04:50:00	2022-11-08 05:26:39
BE22019689	14	1	돈이 아까운 건 어쩔 수 없지만, 화를 내면서 자기 감정까지 소비한다면 이중으로 힘든 일이잖아. 나는 자기가 게임을 즐기며 좋았던 지난 일주일의 시간이 그 값을 한다고 생각해. 그러니까 세일은 잊어버리고 아깝지 않게 게임을 더 즐기라고!	Y	2022-09-22 04:50:00	2022-11-08 05:26:39
