id	utterance_id	utterance_type	utterance_text	terminate	regDate	updDate
BE22020982	1	0	오늘 종일 가는 곳마다 모두의 시선이 내 손톱에 모아지는데 정말 화가 나더군. 저렇게까지 해야 하나? 싶더라고. 망측스럽다는 표정은 기본이고 너무 묘하게들 쳐다보는데 속이 부글부글대더라고.	N	2022-09-23 08:09:14	2022-09-23 08:09:14
BE22020982	2	1	사실 아직도 사회에서 네일아트는 여성의 전유물로 여겨지니까. 남자들이야 뭐 초등학교나 어린이집에서 연극할 때 해본 게 다 아니겠어?	N	2022-09-23 08:09:14	2022-09-23 08:09:14
BE22020982	3	0	네일아트도 자신의 개성을 표현할 수 있는 하나의 표현법이고 치장일 뿐인데 말야! 여성이 아니라는 이유로 그렇게들 드러내놓고 내색을 하다니. 권리가 침해당한 기분이라 화가 나.	N	2022-09-23 08:09:14	2022-09-23 08:09:14
BE22020982	4	1	남자가 했다는 이유로 거부감을 드러내는 건 잘못된 거야. 자기가 화를 내는 게 당연해. 이건 자기 말대로 자신만의 무언가를 드러내는 표현일 뿐이야. 머리를 장발하는 거와 같은 기준이라고.	N	2022-09-23 08:09:14	2022-11-08 05:39:58
BE22020982	5	0	여태는 자외선 차단제나 립밤도 바르지 않고 살아왔으면서 갑자기 왜 그러냐고 묻더라? 손톱이 갈라져서 보기 싫어서 한 것도 하나의 이유인데 근데 저렇게들 정색들을 하니 분노가 치밀어 올라.	N	2022-09-23 08:09:14	2022-11-08 05:39:58
BE22020982	6	1	정색을 대놓고 하면 누구나가 화가 나지. 사실 좋아하는 표현 아니면 다른 감정들은 대놓고 하는 건 예의 없는 거잖아? 그리고 난 이 사회가 굉장히 강직되어 있다고 생각해! 남자 네일 아트가 어때서?	N	2022-09-23 08:09:14	2022-11-08 05:39:58
BE22020982	7	0	맞아. 잣대가 제멋대로야. 남자들이 여자들처럼 파마하는 건 괜찮고 말야. 남자들이 여자들처럼 귀걸이 하는 건 괜찮고 말야. 그런데 왜 네일아트는 안돼? 화 나!	N	2022-09-23 08:09:14	2022-09-23 08:09:14
BE22020982	8	1	근데 말야. 파마도 귀걸이도 처음에는 다 그런 눈으로 보지 않았을까? 처음 파마한 남자들도 자기의 지금과 같은 시선 받았을걸? 어떻게 생각하면 이건 시간이 해결해 줄 문제이기도 한 거 같아.	N	2022-09-23 08:09:14	2022-11-08 05:39:58
BE22020982	9	0	맞아! 시간이 해결해 주겠지만 지금 당장에 네일아트 하고 나서 고등학교 동창들 단톡방에 사진을 올려봤거든. 다들 경악하더라. 안 본 눈 산다에, 캬캬캬 같은 글자는 기본이야. 아, 말하자니 또 화가 나네.	N	2022-09-23 08:09:14	2022-11-08 05:39:58
BE22020982	10	1	근데 자기야 아까도 말했지만 사람 생각 차이인 거 같아. 이 네일아트 건도 시간이 해결할 수밖에 없다고 생각해. 우리가 남성 네일아트를 지지한다고 다른 사람도 지지하란 법은 없으니까.	N	2022-09-23 08:09:14	2022-11-08 05:39:58
BE22020982	11	0	맞다. 우리가 지지한다고 다른 사람도 지지하란 법은 없다. 자기 말이 맞아. 파마가 익숙해진 것처럼 남성들도 네일아트를 하고 아무렇지 않게 돌아다닐 수 있는 날이 오겠지.	N	2022-09-23 08:09:14	2022-11-08 05:39:59
BE22020982	12	1	우선은 사회가 타인의 시선으로부터 자유롭게 되는 게 중요하다고 생각해. 그건 혼자 할 수 있는 게 아니라 같이 하는 거야. 자기의 사소한 시작으로 말야.	N	2022-09-23 08:09:14	2022-09-23 08:09:14
BE22020982	13	0	맞어. 누구나가 나 같은 작은 이유로 시작하고 변화되면 좋겠어. 손톱이 갈라져서 그거 감추려고 해보았는데 손톱에 작은 포인트를 주는 것만으로도 신선한 기분이 들더라고.	N	2022-09-23 08:09:14	2022-11-08 05:39:59
BE22020982	14	1	나도 해봐서 아는데 다른 뷰티 아이템보다 적은 돈으로 큰 기분 변화를 느낄 수 있더라고. 남자들도 그런 기분 누릴 권리가 있고 말이야.	N	2022-09-23 08:09:14	2022-11-08 05:39:59
BE22020982	15	0	다른 사람들 시선에서 내가 느꼈던 무안이나 슬픔, 당황, 분노스런 감정 느끼지 않고 말야. 남자들도 자유스럽게 네일아트 받을 수 있는 세상을 꿈꾸는 의미에서 말이야? 오늘 저녁에 만나서 같이 네일아트 받자.	Y	2022-09-23 08:09:14	2022-09-23 08:09:14
