id	utterance_id	utterance_type	utterance_text	terminate	regDate	updDate
BE22007715	1	0	정말 화가 나는 하루였어. 드디어 공항에 도착했네.	N	2022-07-11 05:30:01	2022-11-08 04:14:05
BE22007715	2	1	왜 이렇게 화가 났어, 무슨 일 있었어?	N	2022-07-11 05:30:01	2022-11-08 04:14:05
BE22007715	3	0	휴가철이라 공항에 사람이 엄청 많은 거야, 탑승 수속하는데 질서도 안 지키고. 그래서 두 시간이나 더 걸렸어. 진짜 짜증이 솟구친다.	N	2022-07-11 05:30:01	2022-11-08 04:14:05
BE22007715	4	1	사람들이 질서는 지켜야지. 가뜩이나 여름이라 불쾌 지수도 높은데, 화가 날 만도 하다. 너무 고생 많았어.	N	2022-07-11 05:30:01	2022-11-08 04:14:05
BE22007715	5	0	응, 빨리 집에 가서 쉬고 싶어. 공항에서 기가 다 빨렸어.	N	2022-07-11 05:30:01	2022-11-08 04:14:05
BE22007715	6	1	그러니까. 원래 사람 많은 곳에 가면 기가 다 빨리잖아, 피곤한 상태에서 겪으면 어떨지 이해가 된다. 너무 힘들었겠어.	N	2022-07-11 05:30:01	2022-11-08 04:14:05
BE22007715	7	0	왜 출장이 휴가철에 잡혀서. 자기 말대로 불쾌 지수가 높아서 그런지 모든 게 다 화가 났어.	N	2022-07-11 05:30:01	2022-11-08 04:14:05
BE22007715	8	1	그럴 만도 해. 게다가 자기는 놀러 간 것도 아니고 출장 간 거잖아. 해외까지 가서 일하는 게 얼마나 피곤한데 충분히 화낼만한 상황이지. 밥은 먹었어?	N	2022-07-11 05:30:01	2022-11-08 04:14:05
BE22007715	9	0	음식점에도 사람이 많더라, 품절 된 메뉴가 많아서 그냥 대충 먹었어.	N	2022-07-11 05:30:01	2022-11-08 04:14:05
BE22007715	10	1	대충? 나 너무 속상해. 밥은 잘 챙겨 먹어야 하는데, 안 되겠다. 지금 마트 갔다 와야겠어.	N	2022-07-11 05:30:01	2022-11-08 04:14:05
BE22007715	11	0	갑자기 마트는 왜?	N	2022-07-11 05:30:01	2022-11-08 04:14:05
BE22007715	12	1	가서 재료 좀 사고 찌개랑 여러 가지 만들어 놓고 있어야겠어. 자기 외국 음식도 잘 못 먹었잖아. 회사 사람들이랑 버스 타고 오는 거지?	N	2022-07-11 05:30:01	2022-11-08 04:14:05
BE22007715	13	0	찌개? 너무 좋아! 응, 7시 정도에 도착할 거 같아.	N	2022-07-11 05:30:01	2022-11-08 04:14:05
BE22007715	14	1	알겠어. 그럼 우리 집으로 바로 와. 진수성찬 차려 놓고 있을게. 화나는 상황 많았겠지만 맛있는 거 먹고 오늘 하루 스트레스 풀자.	N	2022-07-11 05:30:01	2022-11-08 04:14:05
BE22007715	15	0	고마워, 역시 자기밖에 없어. 맛있는 거 먹을 생각에 벌써 기대된다. 빨리 갈게요!	Y	2022-07-11 05:30:01	2022-11-08 04:14:05
