id	utterance_id	utterance_type	utterance_text	terminate	regDate	updDate
BE22020591	1	0	나 지금 병원이야. 지인 집에 놀러 갔는데 그 집 강아지가 손을 심하게 물었어.	N	2022-09-23 03:33:15	2022-09-23 03:33:15
BE22020591	2	1	많이 다친 거야? 너무 많이 놀랐겠다. 나라면 정말 많이 당황했을 거 같은데, 자기 괜찮은 거야?	N	2022-09-23 03:33:15	2022-11-08 05:37:42
BE22020591	3	0	진짜 황당하고 어이가 없어서 너무 화가 나. 처음에는 강아지가 꼬리치면서 나를 엄청 좋아하더라고. 그래서 나도 솔직히 강아지 무서워하는데 예뻐해 주고 계속 같이 놀아줬거든.	N	2022-09-23 03:33:15	2022-09-23 03:33:15
BE22020591	4	1	응응, 갑자기 물리다니 너무 아프고 속상했겠다. 자기 어려서 강아지한테 물린 적 있어서 트라우마도 있는데도 강아지랑 재밌게 놀아줬는데. 갑자기 물렸으니 얼마나 당혹스럽고 또 잘 놀아주다가 물렸으니 어이가 없고 화가 날까?	N	2022-09-23 03:33:15	2022-11-08 05:37:42
BE22020591	5	0	응, 진짜 내가 강아지 무서운 거까지 참아가면서 처음 간 지인 집이라 강아지랑 계속 놀아줬는데. 다 같이 식사를 하는데 계속 내 옆에서 월월 짖으면서 먹을 걸 달라는 거야. 그런데 강아지 주인은 강아지를 말리지도 않더라고.	N	2022-09-23 03:33:15	2022-09-23 03:33:15
BE22020591	6	1	어머, 남의 강아지를 혼낼 수도 없고 자기가 너무 난처하고 당황스러웠겠다. 안 그래도 강아지 무서워하는데 자기한테 계속 짖어대면 자기가 많이 놀라고 무서웠을 거 같아. 자기가 난감하고 무서웠을 거 생각하니까 내 마음이 너무 아프다.	N	2022-09-23 03:33:15	2022-11-08 05:37:42
BE22020591	7	0	큰 강아지라서 그런지 짖는 소리는 또 얼마나 큰지. 정말 심장이 벌렁거리면서 어렸을 때 물린 기억까지 떠올랐어. 그래서 안 돼 그만해 하고 손을 내저었는데 그 순간 사정없이 내 손을 물어버리는 거야.	N	2022-09-23 03:33:15	2022-11-08 05:37:42
BE22020591	8	1	어머나, 당신 그 순간 소스라치게 놀라고 너무 무서워서 두려움을 느꼈겠다.	N	2022-09-23 03:33:15	2022-11-08 05:37:42
BE22020591	9	0	너무 두렵고 무서웠어. 그런데 거기서 그 강아지 주인이 강아지를 말리는데 조용히 말로 그만그만 이러기만 하는 거야. 손에서 피가 나는데도 떼어낼 생각도 안 하고 그만그만 이러고 있는데 진짜 얼마나 화가 나던지.	N	2022-09-23 03:33:15	2022-09-23 03:33:15
BE22020591	10	1	당신 진짜 너무 화나고 어이가 없었겠다. 나라면 정말 뭐 하는 짓이냐고 소리를 한 바가지 질러버렸을 거 같아.	N	2022-09-23 03:33:15	2022-11-08 05:37:42
BE22020591	11	0	진짜 너무 화나고 열이 받는데, 그래도 회사 일로 엮인 지인이라서 정말 화를 억눌렀어. 그러면서 조용히 강아지 좀 떼어내 주시죠 하고 말하는데 얼굴이 시뻘겋게 열이 오르더라고.	N	2022-09-23 03:33:15	2022-11-08 05:37:42
BE22020591	12	1	어머 진짜 황당하다. 자기가 진짜 엄청나게 화났을 거 같아. 자기 혼자 얼마나 억울하고 화났을지 생각하니까 정말 내 마음이 찢어진다.	N	2022-09-23 03:33:15	2022-11-08 05:37:42
BE22020591	13	0	억울하고 분하고 얼마나 화가 나던지. 진짜 강아지 주인한테 욕할 뻔했다니까! 정말 겨우겨우 참았어.	N	2022-09-23 03:33:15	2022-09-23 03:33:15
BE22020591	14	1	자기가 얼마나 분하고 억울했을지 정말 내가 다 분하다. 그런데 자기 정말 너무 대단한 거 같아. 나 같으면 강아지 주인이 그렇게 하는 순간 너무 분노해서 소리를 막 질렀을 거 같아.	N	2022-09-23 03:33:15	2022-11-08 05:37:42
BE22020591	15	0	나도 정말 겨우 참아냈어.	N	2022-09-23 03:33:15	2022-09-23 03:33:15
BE22020591	16	1	그러니깐, 정말 너무 대단하고 멋진 거 같아. 평소에도 자기가 인내심이 강하고 분별력이 뛰어나잖아. 그래서 마음이 상했는데도 참아낼 수 있었던 거 같아 너무 멋지고 대견해.	N	2022-09-23 03:33:15	2022-11-08 05:37:42
BE22020591	17	0	자기가 멋지고 대견하다고 해주니까 치닫던 분노가 가라앉는다. 고마워.	Y	2022-09-23 03:33:15	2022-09-23 03:33:15
