id	utterance_id	utterance_type	utterance_text	terminate	regDate	updDate
BE22002894	1	0	아, 어떡해 너무 짜증나! 또 코앞에서 지하철 놓쳤어! 맨날 이래! 짜증 나는 대중교통! 휴...	N	2022-06-23 05:31:13	2022-11-08 03:43:06
BE22002894	2	1	와, 그런 거 진짜 짜증 나는데. 일단 좀 진정해봐.	N	2022-06-23 05:31:13	2022-11-08 03:43:06
BE22002894	3	0	맨날 항상 이래. 진짜 1년을 넘게 출근을 해도 항상 이렇게 코앞에서 놓친다니까? 단 한 번도 시간 적절하게 온 적이 없어.	N	2022-06-23 05:31:13	2022-11-08 03:43:06
BE22002894	4	1	진짜 짜증 나겠다. 근데 그게 모든 사람이 그렇게 느끼나 봐. 나도 맨날 그런 것 같아.	N	2022-06-23 05:31:13	2022-11-08 03:43:06
BE22002894	5	0	아침에 일찍 나오면 뭐 해 이렇게 환승할 때마다 놓치는데.	N	2022-06-23 05:31:13	2022-11-08 03:43:06
BE22002894	6	1	나도 그럴 때면 차를 사야 하나 싶다가도 그래도 교통 체증 생각하면 지하철이 낫지, 아무래도.	N	2022-06-23 05:31:13	2022-11-08 03:43:06
BE22002894	7	0	그건 그렇지. 아오, 왜 아침부터 풀리는 일이 없냐.	N	2022-06-23 05:31:13	2022-11-08 03:43:06
BE22002894	8	1	그래도 잘 생각해 봐. 너 요즘에는 지각 안 하지 않아?	N	2022-06-23 05:31:13	2022-11-08 03:43:06
BE22002894	9	0	그런 것 같아. 맨날 이러니까 이런 시간을 다 계산해서 집에서 나오게 되잖아.	N	2022-06-23 05:31:13	2022-11-08 03:43:06
BE22002894	10	1	그러니까 말이야. 예전에는 너 지각을 밥 먹듯이 하고 나 만나러 올 때도 항상 늦었잖아. 그런데 직장 옮긴 뒤에는 환승 시간이며 도보 시간이며 여유 시간까지 다 넣어서 계산해서 출발하잖아.	N	2022-06-23 05:31:13	2022-11-08 03:43:06
BE22002894	11	0	그러네? 예전에 회사 가까울 때는 맨날 늦었지. 근데 지하철 한두 번 놓치다 보니 그걸 다 계산하게 되더라. 출발하기 전에?	N	2022-06-23 05:31:13	2022-11-08 03:43:06
BE22002894	12	1	그러니까 말이야. 지하철 좀 놓치면서 이렇게 네가 시간관념이 철저해져서 나는 너무 기쁘다. 하하하. 우리 만날 때도 너 기다릴 필요 없어진 것도 좋고.	N	2022-06-23 05:31:13	2022-11-08 03:43:06
BE22002894	13	0	맞아. 가깝다고 자만할 때는 맨날 지각했는데, 이제 안 하는 게 너무 신기하다. 스스로 발전한 거 같아.	N	2022-06-23 05:31:13	2022-11-08 03:43:06
BE22002894	14	1	그래. 괜히 아침부터 기분 꿍해 있지 말고, 그럴 수도 있지 생각하고 즐거운 하루 보내!	N	2022-06-23 05:31:13	2022-11-08 03:43:06
BE22002894	15	0	그래. 좋은 마음가짐이야. 고마워!	Y	2022-06-23 05:31:13	2022-11-08 03:43:06
