id	utterance_id	utterance_type	utterance_text	terminate	regDate	updDate
BE22026881	1	0	자기 나 정말 화가 나는 일이 있었어. 아직까지 가슴이 두근거려서 미치겠네 정말.	N	2022-10-11 07:27:13	2022-10-11 07:27:13
BE22026881	2	1	회사에 출근하는 길에 무슨 일 있었어? 너무 놀란 것 같아 너무 신경 쓰이네.	N	2022-10-11 07:27:13	2022-11-08 06:14:48
BE22026881	3	0	아침에 출근을 하는데 내 앞에 있는 차가 막 난폭운전을 하는 거야. 정말 계속 브레이크를 밟았다가 뗐다가 하면서 날 위협하는데 너무 위험했어. 출근해서도 화나는 마음이 도통 가시질 않아.	N	2022-10-11 07:27:13	2022-10-11 07:27:13
BE22026881	4	1	아침부터 그렇게 위험하게 운전을 하는 사람을 만나서 많이 놀랐겠네. 어디 다친데는 없는거지? 내가 옆에 있었다면 무슨 대처를 해줬을 수도 있었을 텐데 자기가 혼자 화가 많이 났었겠다.	N	2022-10-11 07:27:13	2022-11-08 06:14:48
BE22026881	5	0	어찌나 화가 나던지 맘 같아선 앞질러 가서 내리라고 하고 싶은데 너무 겁이 나는 거 있지. 도대체 운전을 왜 그렇게 하는 건지 이해를 할 수가 없어. 도로에서 사고라도 나면 어쩌려고 말이야.	N	2022-10-11 07:27:13	2022-11-08 06:14:48
BE22026881	6	1	그런 상황에서 누가 겁 없이 그런 행동을 할 수 있겠어. 난 자기가 오히려 그렇게 행동하지 않은 게 잘했다고 생각하는걸? 더욱 상황을 안 좋게 만들 수도 있었잖아.	N	2022-10-11 07:27:13	2022-11-08 06:14:48
BE22026881	7	0	차가 얼마나 많은데 그런 상황에서 난폭운전을 하냐고. 아침 출근길엔 더욱더 조심해야 되는 거 아니야? 정말 그런 사람은 다신 만나고 싶지 않아.	N	2022-10-11 07:27:13	2022-10-11 07:27:13
BE22026881	8	1	그래도 다치지 않고 잘 대처해서 넘긴 것 같아 다행이라는 생각이 드는걸. 위험한 상황이었지만 그런 상황이 찾아왔을 때 어떻게 대처해야 되는 지를 배웠다고 생각하면 어떨까? 운전하면서 이런 일은 언젠간 한 번은 일어날 법한데 다치지 않고 대처해서 다행이라고 말이야.	N	2022-10-11 07:27:13	2022-11-08 06:14:48
BE22026881	9	0	아직도 가슴이 두근두근해. 왠지 같은 상황이었어도 자기라면 더욱 현명한 대처를 했을 거란 생각이 들어. 난 그저 바보같이 멀뚱멀뚱 뒤에서 당하고만 있었다는 생각에 더 화가 나.	N	2022-10-11 07:27:13	2022-11-08 06:14:48
BE22026881	10	1	갑작스럽게 일어난 일에 혼란스러운 자기 맘 알지만 자책하지 마. 이런 상황이 있었기에 다음엔 잘 대처할 수 있을 거야. 나쁜 경험이었지만 경험을 통해 얻는 게 있잖아 다음엔 침착하게 대응할 수 있을 거야.	N	2022-10-11 07:27:13	2022-11-08 06:14:48
BE22026881	11	0	그럴까? 정말 아침부터 기가 다 빨려서 일할 힘이 더 이상 남아 있지가 않아. 또 이런 일이 생긴다면 반차를 내야 할지도 몰라. 다시 생각해도 정말 아찔하고 분노가 치밀어 올라.	N	2022-10-11 07:27:13	2022-11-08 06:14:48
BE22026881	12	1	자기가 내 옆에 있다면 많이 힘들었지 하며 꼭 끌어안아 줄 텐데. 아찔한 고비는 넘어갔으니 너무 성내지 말고 이제 오늘 하루에 집중해 보자. 내가 자기의 하루를 응원할게.	N	2022-10-11 07:27:13	2022-11-08 06:14:48
BE22026881	13	0	자기 덕분에 내 맘이 많이 풀렸어 고마워. 역시 자기는 날 정말 잘 위로해 준다니까.	N	2022-10-11 07:27:13	2022-10-11 07:27:13
BE22026881	14	1	그렇다고 하니까 다행이네. 출근길부터 힘들었을 텐데 열심히 일하고 오늘 하루도 힘내.	Y	2022-10-11 07:27:13	2022-11-08 06:14:48
