id	utterance_id	utterance_type	utterance_text	terminate	regDate	updDate
BE22018525	1	0	오늘 일이 꼬인 게 된 걸 알게 돼서 너무 화가 나. 어제 저녁에 거래처랑 미팅한 뒤 회식하고 영수증을 챙겼는데 오늘 경리가 이 영수증이 아니라고 하더라고. 알고 보니 아르바이트생의 실수로 옆 테이블의 영수증을 받았어.	N	2022-09-16 08:01:40	2022-09-16 08:01:40
BE22018525	2	1	자기, 그럼 다시 영수증 받아야 하는 거야? 그것참 번거로워서 화가 나겠다. 처음부터 제대로 영수증을 줬으면 이런 일이 생기지 않았을 텐데 말이야.	N	2022-09-16 08:01:40	2022-11-08 05:21:57
BE22018525	3	0	응, 오늘은 외근 때문에 딴 지역 가야 하는데 그 식당도 들려야 해서 화가 나. 아르바이트생이 본인 일을 똑바로 했으면 내가 이렇게 시간 버릴 일도 안 생겼을 텐데 말이야. 상사도 나보고 왜 영수증 똑바로 확인 안 했냐고 은근히 뭐라고 해서 짜증나.	N	2022-09-16 08:01:40	2022-09-16 08:01:40
BE22018525	4	1	그게 자기 탓도 아닌데 꾸중을 받으면 진짜 화가 날 수밖에 없겠다. 나였어도 너무 기분이 안 좋았을 것 같아. 솔직히 누가 내 테이블이 아닌 옆 테이블의 영수증을 준다고 생각하겠어.	N	2022-09-16 08:01:40	2022-11-08 05:21:57
BE22018525	5	0	그러니까 말이야, 왜 내가 이 일로 꾸중 받아야 하는지 모르겠네. 괜히 그 아르바이트생한테 화가 나. 오늘 식당 가면 나도 모르게 짜증나서 그 아르바이트생한테 뭐라고 할 것 같아.	N	2022-09-16 08:01:40	2022-09-16 08:01:40
BE22018525	6	1	아무래도 일을 번거롭게 만든 장본인이니 만나면 화가 날 것 같아. 그래도 그 사람도 고의로 한 건 아니니까 너무 화내지는 말았으며 해. 사람이 살다 보면 가끔씩 착각하거나 실수하기도 하잖아.	N	2022-09-16 08:01:40	2022-11-08 05:21:57
BE22018525	7	0	내가 지금 그 사람 때문에 다시 식당 들렸다가 외근 나가게 생겼는데 화가 안 나겠어? 진짜 옆 테이블의 영수증 받은 걸 안 순간부터 화가 머리 끝까지 나는데 말이야.	N	2022-09-16 08:01:40	2022-09-16 08:01:40
BE22018525	8	1	그래도 이미 일어난 일에 너무 자기 속까지 해치면서 화내지 않았으며 좋겠어. 우리도 일하다 보면 실수할 때가 있잖아, 그럴 땐 상대방이 이해하고 넘어가 줄 때도 있었잖아. 더구나 본인 정신 건강을 위해서라도 화나는 일은 생각하지 않는 게 오히려 자기에게 이롭잖아.	N	2022-09-16 08:01:40	2022-11-08 05:21:57
BE22018525	9	0	나였으면 그런 실수를 하지 않았을 거라는 생각이 들어서 짜증이 나는 거야. 엄연히 그 사람이 실수한 거잖아.	N	2022-09-16 08:01:40	2022-11-08 05:21:57
BE22018525	10	1	자기는 아량이 넓게 마음이 넓은 사람이니까 상대방을 이해해주고 넘어가자. 아마 상대방도 지금 엄청 미안해하고 있을 거야. 지금은 욱해서 그럴 뿐, 진정되면 평소 자기의 착한 마음이 그 사람을 이해하고도 남을 거야.	N	2022-09-16 08:01:40	2022-11-08 05:21:57
BE22018525	11	0	자기 말 들으니까 내가 좀 진정할 필요가 있을 것 같아. 맞아, 평소였으면 그냥 가벼운 실수라 넘기고 이해했을 것 같아. 그 생각을 하니까 지금의 짜증이 좀 진정되네.	N	2022-09-16 08:01:40	2022-11-08 05:21:57
BE22018525	12	1	응, 원래 감정이 격동적이면 다른 건 생각이 안 들잖아. 그러니까 우리 잠깐 이성을 찾고 생각해보자. 그 사람에게 아량 넓게 실수를 만회할 기회를 주는 게 어떨까?	N	2022-09-16 08:01:40	2022-11-08 05:21:57
BE22018525	13	0	그래, 자기 말이 맞아. 그 사람이 사과만 하고 끝날 일이지, 내가 뭐라고 할 필요는 없을 것 같아. 자기 아니었으면 내가 그 사람에게 뭐라고 할 뻔했네, 달래줘서 고마워.	N	2022-09-16 08:01:40	2022-11-08 05:21:57
BE22018525	14	1	아냐, 평소 자기였어도 그렇게까지 상대방한테 화내지 않았을 거야. 그래도 금방 이성을 찾아서 다행이야! 사과 잘 받고 금방 해결되기를 바랄게!	N	2022-09-16 08:01:40	2022-11-08 05:21:57
BE22018525	15	0	응, 진정시켜줘서 고마워. 덕분에 진정한 상태로 식당 갈 수 있게 되었어!	Y	2022-09-16 08:01:40	2022-11-08 05:21:57
