id	utterance_id	utterance_type	utterance_text	terminate	regDate	updDate
BE22018393	1	0	휴, 자기야. 나 지금 너무 화 나.	N	2022-09-15 09:55:26	2022-09-15 09:55:26
BE22018393	2	1	왜? 자기 무슨 일 있어?	N	2022-09-15 09:55:26	2022-09-15 09:55:26
BE22018393	3	0	지금 동생이랑 먹으려고 라면 끓이다가 손가락을 데었어. 아프기도 한데 나 자신에게 너무 화가 나.	N	2022-09-15 09:55:26	2022-09-15 09:55:26
BE22018393	4	1	아이고, 많이 안 다쳤어? 엄청 뜨거웠을 텐데 놀랐겠다.	N	2022-09-15 09:55:26	2022-11-08 05:21:13
BE22018393	5	0	냄비에 손가락이 닿았나 봐. 바로 찬 물에 손가락 넣긴 했는데 흉이 질 것 같아. 라면 하나도 제대로 못 끓이고 나 정말 너무 한심한 것 같아서 화가 나.	N	2022-09-15 09:55:26	2022-09-15 09:55:26
BE22018393	6	1	그렇게 생각하지 말고 가벼운 헤프닝일 뿐이라고 여겨. 조그마한 실수는 살면서 누구나 하잖아. 자기를 자책하면서 너무 마음 상해하지 마.	N	2022-09-15 09:55:26	2022-11-08 05:21:13
BE22018393	7	0	가뜩이나 기분도 안 좋은데 이런 일까지 생기니까 분노 버튼이 눌리는 것 같아. 이렇게 쉬운 일도 하지 못하는 내가 어떻게 다른 일을 할 수 있겠어?	N	2022-09-15 09:55:26	2022-11-08 05:21:13
BE22018393	8	1	자기가 요즘 많이 힘든가 보구나. 그래서 사소한 일에 쉽게 스트레스를 받나 봐. 나도 간혹 모든 것이 예민하게 받아들여질 때가 있어서 자기의 지금 심정이 이해가 가.	N	2022-09-15 09:55:26	2022-11-08 05:21:13
BE22018393	9	0	아무 생각 없이 라면 끓이다가 봉변당한 기분이야. 이 모든 게 평소 덤벙거리는 내 성격 탓이겠지. 내 성격으론 아무것도 할 수 없을 것 같다는 생각이 들어서 나에게 화가 나.	N	2022-09-15 09:55:26	2022-11-08 05:21:13
BE22018393	10	1	자기는 밝고 긍정적이니까 힘든 이 순간을 현명히 이겨낼 수 있을 거야. 내가 옆에서 많이 지지해줄게. 너무 힘들다면 결국은 모두 지나갈 일이 된다고 생각해보는 건 어때?	N	2022-09-15 09:55:26	2022-11-08 05:21:13
BE22018393	11	0	그렇게 생각하니 마음이 한결 편안해지는 것 같네. 사실 요즘 지쳐있는데 순간적으로 화가 나서 과도하게 예민 반응한 것 같아.	N	2022-09-15 09:55:26	2022-11-08 05:21:13
BE22018393	12	1	마음가짐에 따라 받아들이는 상황도 달라지는 법이잖아. 지금처럼 모두 지나갈 일이라고 가볍게 생각하고 지나면 결국 아무 일도 아닌 게 되는 거야.	N	2022-09-15 09:55:26	2022-11-08 05:21:13
BE22018393	13	0	이렇게 쉬운 걸 그동안 왜 그렇게 생각하지 못하고 혼자 끙끙대고 힘들어했을까. 진작 자기랑 상의할 걸 그랬어. 라면 덕분에 자기한테 좋은 마인드를 배운 것 같다.	N	2022-09-15 09:55:26	2022-11-08 05:21:13
BE22018393	14	1	언제든 마음이 힘들거나 어려운 상황이 생기면 나에게 이야기 해. 내가 자기에게 조금이나마 도움이 될 수 있는 사람이라는 게 나에게는 행복이니까.	N	2022-09-15 09:55:26	2022-11-08 05:21:13
BE22018393	15	0	그렇게 말해줘서 정말 고마워. 자기 덕에 너무 든든하다.	Y	2022-09-15 09:55:26	2022-11-08 05:21:13
