id	utterance_id	utterance_type	utterance_text	terminate	regDate	updDate
BE22020205	1	0	아 너무 짜증 나 자기야. 파우치 속에 섀도가 깨져서 화장품 범벅이 됐어. 아, 이게 뭐야 진짜.	N	2022-09-23 00:39:35	2022-11-08 05:28:45
BE22020205	2	1	아유, 화장품 깨진 것도 속상할 텐데 다 묻어서 어떡하나. 우리 자기 짜증 날 법도 하네! 화장품은 왜 깨진 거야?	N	2022-09-23 00:39:35	2022-11-08 05:28:45
BE22020205	3	0	오늘 파우치를 화장품 전용이 아닌 얇은 천으로 된 주머니로 바꿨거든. 그랬더니 가방 한번 떨어트렸다고 깨졌 나 봐. 아, 아끼는 섀도인데 진짜 너무 화나!	N	2022-09-23 00:39:35	2022-11-08 05:28:45
BE22020205	4	1	하필 아끼는 화장품이 깨져버려서 우리 자기 얼마나 속상하고 화가 났을까. 좀더 버텨주지 한번 떨어트렸다고 파삭 깨져버렸을까, 화장품이 잘못했네! 우리 자기 너무 화났겠다.	N	2022-09-23 00:39:35	2022-11-08 05:28:45
BE22020205	5	0	속상해 죽겠어 진짜! 내 화장품, 내 돈, 내 옷, 내 가방! 진짜 다 망했어, 약속시간 얼마 안 남았는데 준비 하나도 못했다고.	N	2022-09-23 00:39:35	2022-11-08 05:28:45
BE22020205	6	1	아, 마음이 급해서 더 짜증이 났겠구나, 늦는 건 미리 알려주긴 해야겠다. 그래도 일부러 늦는 것도 아니고 어쩔 수 없는 거니까 그쪽에서도 충분히 이해해 줄 거야, 너무 걱정하지 마. 나도 준비 하나도 못했을 때 무슨 일 생기면 진짜 그만큼 조급하고 짜증 나는 일도 없더라고!	N	2022-09-23 00:39:35	2022-11-08 05:28:45
BE22020205	7	0	맞아, 진짜 마음 급하니까 하나하나가 다 화나. 입고 나가려던 흰 셔츠에도 전부 섀도 범벅이야.	N	2022-09-23 00:39:35	2022-09-23 00:39:35
BE22020205	8	1	그런 일은 평상시에 일어나도 속상하고 화나는데 마음이 급할 때 그랬으니 우리 자기 참 속상했겠다. 그렇게 약한 섀도는 다른 자극에도 깨져버렸을 거야, 그래도 집이라 바로 대처할 수 있어서 조금은 다행이다. 이미 깨지고 지저분해졌으니 더 나쁜 상황이 아니었음을 생각하면 자기 마음이라도 좀 가라앉을 거야.	N	2022-09-23 00:39:35	2022-11-08 05:28:45
BE22020205	9	0	맞아, 그건 그래, 자기 말대로 집에서 열어봤으니 차라리 다행이야. 그렇게 생각하니까 마음이 조금은 낫네. 밖에서 이랬다면 진짜 분노 대 폭발이었을 거야.	N	2022-09-23 00:39:35	2022-11-08 05:28:45
BE22020205	10	1	뭔가가 완전히 망가져서 고칠 수 없는 상황이 벌어지면 최악의 상황을 상상하니 마음이 좀 낫더라고. 섀도는 깨져버렸지만 자기 마음은 다시 나아져서 남은 하루 즐겁게 보냈으면 좋겠어.	N	2022-09-23 00:39:35	2022-11-08 05:28:45
BE22020205	11	0	그렇게 말해줘서 고마워. 자기 말 들으니까 위로가 크게 된다 정말 고마워. 맞아, 돌이킬 수 없을 땐 차라리 다행이야, 라고 생각하는 편이 낫지.	N	2022-09-23 00:39:35	2022-09-23 00:39:35
BE22020205	12	1	맞아, 바로 그거야! 다음 이어지는 자기의 소중한 시간들에 이 기분이 영향을 미친다면 2차 피해가 될 테니까. 긍정이 모이면 부정은 사라진다고 하잖아.	N	2022-09-23 00:39:35	2022-11-08 05:28:45
BE22020205	13	0	와, 맞아. 긍정이 모이면 부정이 사라지지, 자기가 위로해준 덕분에 마음이 많이 풀렸어. 정말 고마워, 자기 아니었으면 오늘 열받아서 약속도 안 나갔을 거야.	N	2022-09-23 00:39:35	2022-11-08 05:28:46
BE22020205	14	1	그렇다니 나야말로 기분이 좋다! 그래, 자기야 좋은 시간 보내고 와.	Y	2022-09-23 00:39:35	2022-09-23 00:39:35
