id	utterance_id	utterance_type	utterance_text	terminate	regDate	updDate
BE22007535	1	0	얼마 전에 새로 들어온 신입사원이 도무지 인사를 안 해. 내가 명색이 자기 직속상관인 대리인데도 아침에 만나면 그냥 휙 지나가. 이 건방진 녀석을 어떻게 해야 하지?	N	2022-07-10 09:51:58	2022-11-08 04:12:57
BE22007535	2	1	오빠 너무 기분 나빴겠다. 꼭 대접을 받으려는 건 아니지만 후배라면 최소한 아침인사 정도는 깍듯이 해야지. 하루를 시작하는 아침부터 그렇게 기분을 망쳐서 어떡해?	N	2022-07-10 09:51:58	2022-11-08 04:12:57
BE22007535	3	0	내 말이 그 말이야. 그 녀석이 뚱한 얼굴로 휙 지나치고 나면 오전 내내 기분이 꿀꿀해. 쟤가 나를 무시하나 싶어 그것도 자존심이 상하고.	N	2022-07-10 09:51:58	2022-11-08 04:12:57
BE22007535	4	1	이제 갓 들어온 신입이 하늘 같은 선배를 무시하는 건 말도 안 되지. 내가 보기에 원래 성격이 그런 거 같아. 그러니까 그냥 무시하는 게 오빠 마음이 더 편할 거 같아.	N	2022-07-10 09:51:58	2022-11-08 04:12:57
BE22007535	5	0	신경 안 쓰려고 해도 자꾸 눈에 보이는 게 문제야. 같은 파트다 보니 안 보려야 안 볼 수도 없는 사이야.	N	2022-07-10 09:51:58	2022-11-08 04:12:57
BE22007535	6	1	같은 파트라니 더 신경 쓰이긴 하겠다. 그럼 차라리 툭 깨놓고 얘기를 해보는 건 어때? 농담인 척하고 인사 좀 잘하라고 말하면 마음의 응어리는 풀릴 거 같은데.	N	2022-07-10 09:51:58	2022-11-08 04:12:57
BE22007535	7	0	안 그래도 차라리 그럴까, 그 생각도 해봤어. 근데 그건 내가 너무 좀스러워 보일까 봐 안 내켜. 그까짓 인사가 뭐라고 내가 폼까지 망가져야 하나 싶어서.	N	2022-07-10 09:51:58	2022-11-08 04:12:57
BE22007535	8	1	맞아, 그까짓 인사가 뭐라고 오빠가 이렇게 신경을 쓰고 있어? 그렇게 생각하고 그냥 잊어버리는 게 오빠 정신건강에도 좋을 거 같다.	N	2022-07-10 09:51:58	2022-11-08 04:12:57
BE22007535	9	0	너한테 한 방 맞은 기분이다, 하하. 그까짓 인사 때문에 폼은 잃기 싫으면서 신경은 자꾸 쓰고 있다니. 나도 이러는 내가 사실은 좀 싫다.	N	2022-07-10 09:51:58	2022-11-08 04:12:58
BE22007535	10	1	그건 아니야. 나는 오빠 심정 충분히 이해해. 나 같아도 새까만 후배가 인사 안 하면 엄청 기분 나쁠 거 같아. 다만 그런 것에 너무 매달리면 피곤하니까 그만 잊어버리라는 거지.	N	2022-07-10 09:51:58	2022-11-08 04:12:58
BE22007535	11	0	그래도 내 마음을 알아주는 사람은 너뿐이다. 옆 파트 대리는 뭘 그런 걸 신경 쓰느냐고 가볍게 넘기더라. 자기 직속 후배가 아니라 그러는 건지.	N	2022-07-10 09:51:58	2022-11-08 04:12:58
BE22007535	12	1	아무래도 한 다리 건너면 덜 예민하게 받아들이게 되지. 사람들은 원래 자기가 직접 관계된 일 아니면 대범해지더라고.	N	2022-07-10 09:51:58	2022-11-08 04:12:58
BE22007535	13	0	하긴, 입장을 바꿔서 그 대리네 신입이 그러면 나도 그냥 대범하게 넘기라고 할 거 같다. 그래, 네 말대로 나도 그만 신경 끊어야겠다. 요즘 젊은 애들은 그런 예법에 구애되지 않는 자유로운 영혼이라 생각하고 잊어버려야겠어.	N	2022-07-10 09:51:58	2022-11-08 04:12:58
BE22007535	14	1	역시 우리 오빠는 상황을 받아들이는 게 빨라. 내가 말하면 고깝게 생각지 않고 잘 받아주는 것도 너무 멋져. 그 후배도 언젠가 오빠의 이런 멋진 모습을 알게 될 거야.	N	2022-07-10 09:51:58	2022-11-08 04:12:58
BE22007535	15	0	너한테 털어놓고 대화를 나누니 닫혀 있던 내 마음이 확 열리는 느낌이라 그래. 늘 들어주고 조언해줘서 정말 고맙다.	Y	2022-07-10 09:51:58	2022-11-08 04:12:58
