id	utterance_id	utterance_type	utterance_text	terminate	regDate	updDate
BE22020693	1	0	김치를 담그셔야 했거든. 아파트 마트 배추가 안 좋다고 하셔서 어머니 모시고 시장에 다녀왔어. 정말 오랜만에 나갔는데 화가 나서 그 좋은 기분 다 망쳐서 화가 나.	N	2022-09-23 03:58:42	2022-11-08 05:38:18
BE22020693	2	1	아니 시장에 가서 기분 나쁠 일이 뭐가 있었을까? 난 시장 가면 즐겁고 흥겹기만 하던데 사람 사는 냄새 나는 거 같고. 근데 자기 효자구나! 엄마 따라 시장에를 다 가고?	N	2022-09-23 03:58:42	2022-11-08 05:38:18
BE22020693	3	0	아버지도 형도 모두 외출 중이니 따라가 드려야지. 어머니 모시고 움직이는 건 모처럼이었던 거 같아서 행복할 뻔했는데 말이야. 아 열받아 그놈의 물가.	N	2022-09-23 03:58:42	2022-11-08 05:38:18
BE22020693	4	1	아 물가 때문에 화가 났구나? 처음 물가 접해본 남자들은 어리둥절하거나 화가 나거나 그런 거 같더라고. 내 남동생 보니까 개는 어처구니없어해.	N	2022-09-23 03:58:42	2022-11-08 05:38:18
BE22020693	5	0	맞아. 나도 처음에는 하도 기막혀서 어처구니없다가 나중에는 분노하게 된 거야. 아니 무슨 물가가 하늘로 치솟은 거야? 하도 기막혀서 내가 사진들을 찍었다니까.	N	2022-09-23 03:58:42	2022-11-08 05:38:18
BE22020693	6	1	종종 엄마 대신 마트에 가고 시장에 가는 나도 놀라는데 말이야. 자기 같이 생전 야채 같은 거 사보지 않은 사람이 보면 놀라고 화나지. 오죽해야 말을 하지!	N	2022-09-23 03:58:42	2022-11-08 05:38:18
BE22020693	7	0	자기? 조선 애호박 2개에 4천원이라니 말이 된다고 생각해? 작년인가 재작년인가 호박 부침개 하신다고 호박 사 오라고 해서 사러 갔을 때 요즘 같은 여름이었다고. 근데 한 개당 600원 했었거든.	N	2022-09-23 03:58:42	2022-11-08 05:38:18
BE22020693	8	1	사실 여름에는 그게 정상가지. 근데 올해 비도 많이 왔고 뭐 기타 등등 이유가 있나 봐. 사실 이렇게 한해 버티다 보면 내년에는 또 정상가로 될 거야.	N	2022-09-23 03:58:42	2022-11-08 05:38:18
BE22020693	9	0	정말 놀랐어. 오죽하면 분노가 치밀어 오르겠냐고? 소시민들은 어떻게 살라고 이렇게 물가가 오르면 뭐 월급 타서 타 마트 장 보란 이야긴가?	N	2022-09-23 03:58:42	2022-11-08 05:38:18
BE22020693	10	1	늘 오를 만큼 오르고 또 거기에 익숙해지다 보면 야채란 또 풍년이 드는 거잖아? 그럼 야채값은 내리게 되는 게 세상 이치니까 너무 신경 곤두세우지 마. 자기 마음만 힘들고 피곤하잖아?	N	2022-09-23 03:58:42	2022-11-08 05:38:18
BE22020693	11	0	맞아. 내가 화내고 신경 곤두세운다고 달라질 것도 아닌데 내 마음만 고달픈 거지. 또 내년에는 비도 적당히 오고 햇살도 좋아서 여름 야채가 풍족하길 바라야겠다.	N	2022-09-23 03:58:42	2022-11-08 05:38:18
BE22020693	12	1	할 수 없지 안 그래? 우리나라만 그런 게 아니고 지금 전 세계적으로 다 그렇다고 해. 누구 탓할 사람 찾아서 화내는 것 보다 그저 묵묵히 사는 사람이 더 많아.	N	2022-09-23 03:58:42	2022-11-08 05:38:18
BE22020693	13	0	내가 좀 심한 건가? 그래 듣고 보니 그렇다. 우리나라는 늘 묵묵히 자기 자리에서 일하는 사람들이 이끌어 왔다고 해도 과언이 아니지.	N	2022-09-23 03:58:42	2022-09-23 03:58:42
BE22020693	14	1	자가. 유사 이래로 경기가 좋다 그런 말 하며 즐겁게 산 시대가 몇번이나 된다고 생각해? 자 그때그때 우 리세대가 제일 힘든 것처럼 사는 게 사람이야.	N	2022-09-23 03:58:42	2022-11-08 05:38:18
BE22020693	15	0	그래 자기 말이 맞아. 그래 알았어 불평하지 말고 내일 출근해서 내 할 일이나 묵묵히 열심히 해야겠다. 아 그래도 호박 부침개는 가격 생각 안 하고 실컷 먹고 싶다.	Y	2022-09-23 03:58:42	2022-11-08 05:38:18
