id	utterance_id	utterance_type	utterance_text	terminate	regDate	updDate
BE22019137	1	0	오늘도 골프 연습 가기 싫어서 빈둥대는 중이야. 골프는 잘 치고 싶은데 연습은 지루하니 연습 가기 싫어서 화가 나네.	N	2022-09-20 12:57:11	2022-11-08 05:33:26
BE22019137	2	1	무슨 마음인지 알 것 같아. 잘하고 싶은 마음은 굴뚝같은데 막상 연습하려니 몸이 안 따라주는 느낌이잖아. 자기가 이렇게 힘들어하니 나도 속상하네.	N	2022-09-20 12:57:11	2022-09-20 12:57:11
BE22019137	3	0	연습은 해도 느는 것 같지 않으니까 연습이 더 지루하게 느껴져. 그래서 발걸음이 떨어지지가 않네. 막상 내 실력 생각하면 분노가 치밀어 오르는데 말이지.	N	2022-09-20 12:57:11	2022-09-20 12:57:11
BE22019137	4	1	쉽게 결과가 나오지 않으니 짜증나고 스트레스받을 것 같아. 속이 얼마나 답답하고 화가 나겠어.	N	2022-09-20 12:57:11	2022-11-08 05:33:26
BE22019137	5	0	매일 연습을 하는데 그러니 열 받은 채로 연습을 끝내는 것 같아. 너무 지루한 시간이 계속되니까 이게 맞나 싶을 정도야.	N	2022-09-20 12:57:11	2022-11-08 05:33:26
BE22019137	6	1	그래도 매일 연습을 가는 자기의 근성을 난 칭찬해. 말은 그렇게 해도 꾸준히 연습을 하는 성실한 자기잖아. 매일같이 하는 연습이 얼마나 힘든 건데 그건 누구도 넘보지 못할 자기 만의 강점이야.	N	2022-09-20 12:57:11	2022-09-20 12:57:11
BE22019137	7	0	매일 하면 잘 치게 될 줄 알고 열심히 한 거지. 하지만 실력은 안 늘고 연습은 지루하고 치면서 계속 화가 나.	N	2022-09-20 12:57:11	2022-09-20 12:57:11
BE22019137	8	1	잘하고 싶은 마음이 커서 그런 거 아닐까? 조급한 마음은 조금 내려두고 조금 더 기다려보자, 연습한 만큼의 결과가 무조건 나올테니까. 걱정하지 말고 지금처럼만 하면 최선의 결과가 나올거야.	N	2022-09-20 12:57:11	2022-11-08 05:33:26
BE22019137	9	0	자기의 위로 덕분에 머리 끝까지 났던 화가 조금은 가라 앉는 것 같아. 자기 말대로 조금 더 기다려봐야겠어.	N	2022-09-20 12:57:11	2022-11-08 05:33:26
BE22019137	10	1	자신을 조금만 믿고 기다리면 분명히 골프를 잘 하게 될 거야. 내가 장담할 수 있으니, 마음 편하게 먹자.	N	2022-09-20 12:57:11	2022-11-08 05:33:26
BE22019137	11	0	그간 정말 노력했으니 내 노력을 조금 더 믿어볼게. 자기에게 말하기 정말 잘했어. 많이 힘든 상황이었는데 나를 다독여주는 자기가 있어서 힘이 나네.	N	2022-09-20 12:57:11	2022-11-08 05:33:26
BE22019137	12	1	난 자기가 누구보다 열심히 한 것 아니까 더더욱 자신있게 괜찮을 거라고 말할 수 있어.	N	2022-09-20 12:57:11	2022-09-20 12:57:11
BE22019137	13	0	기운 낼 수 있도록 그렇게 말해줘서 정말 고마워. 내 마음 알아주는 건 역시 자기밖에 없는 것 같아.	N	2022-09-20 12:57:11	2022-11-08 05:33:26
BE22019137	14	1	자기 마음이 좀 편안해진 게 보여서 정말 다행이다. 더 나아질 내일을 위해서 오늘 연습도 힘내보자!	Y	2022-09-20 12:57:11	2022-09-20 12:57:11
