id	utterance_id	utterance_type	utterance_text	terminate	regDate	updDate
BE22017871	1	0	자기야, 진짜 나 막차를 놓칠 뻔했어. 화나서 미칠 거 같아, 겨우겨우 뛰어와서 탔어. 오다가 넘어지기까지 했는데 무릎에서 피가 나.	N	2022-09-13 05:20:05	2022-11-08 05:18:02
BE22017871	2	1	자기 괜찮아? 집이 회사랑 정반대 방향이라 막차 놓치고 택시 타면 택시비 엄청나게 나와서 걱정 많이 하는데. 오늘 회식 자리가 많이 늦어졌구나? 자기 마음이 조마조마하고 안 좋았겠다.	N	2022-09-13 05:20:05	2022-11-08 05:18:02
BE22017871	3	0	응, 우리 집이 회사랑 끝과 끝이잖아. 그래서 심야에 택시 타면 택시비가 거의 10만 원이 나와. 오늘도 막차 전에 나오려고 계속 노력했는데, 회식하면서 회의를 같이하는 바람에 빠져나올 수가 없었어.	N	2022-09-13 05:20:05	2022-11-08 05:18:02
BE22017871	4	1	그렇구나, 자기가 나올 수도 없는 상황이었겠다. 그래서 회식 겸 대화가 길어질수록 마음이 심란했을 거 같아. 거기다가 넘어져서 다치기까지 했다니 어이없을 자기를 생각하니까 내 마음이 다 안 좋다.	N	2022-09-13 05:20:05	2022-11-08 05:18:02
BE22017871	5	0	겨우겨우 막차를 타서 자리에 앉았는데 정말 분노가 차츰차츰 더 올라와. 넘어진 순간에는 정말 그냥 확 욕이 튀어나오더라고.	N	2022-09-13 05:20:05	2022-11-08 05:18:02
BE22017871	6	1	자기 문자 보는데, 자기가 얼마나 분노가 치밀고 당혹스러웠을지를 생각하니. 나까지 같이 화가 날 거 같아. 집이 먼 곳인지 다들 아시는데 끝까지 붙잡아 뒀다고 하니까 그것도 좀 화났을 거 같아.	N	2022-09-13 05:20:05	2022-11-08 05:18:02
BE22017871	7	0	그러니깐, 정말 오늘따라 말이 끊이지 않고 계속되더라고. 중간에 집에 가겠다고 인사하고 나오지도 못하고. 또 막내라서 먼저 일어나는 게 예의가 아닌 거 같아서 더 못 일어나고 있었어.	N	2022-09-13 05:20:05	2022-09-13 05:20:05
BE22017871	8	1	그렇구나, 자기 마음이 정말 너무 이해된다. 나도 회식 자리에서 누군가 가자고 하지 않는 이상 먼저 들어가 보겠다는 말이 쉽사리 안 나오더라고. 그러면 안 될 거 같고 눈치도 보이고, 그래서 자기가 얼마나 난처하고 조마조마했을지 불쌍하다.	N	2022-09-13 05:20:05	2022-11-08 05:18:02
BE22017871	9	0	맞아, 딱 자기 문자처럼 그런 마음이야. 그래서, 끝까지 자리를 함께하다가 일어났더니 진짜 까딱 잘못했다가는 막차 놓칠 거 같아서 엄청나게 뛰었지.	N	2022-09-13 05:20:05	2022-09-13 05:20:05
BE22017871	10	1	자기 마음이 너무 힘들었겠다, 그래도, 자기 너무 대단해. 나라면 사실 막차 시간이 다가오면 눈치 안 보고 먼저 나왔을 거 같은데. 자기는 선배들과 관계를 유연히 하기 위해서 조바심 드는 마음을 추스르면서 자리를 지켰다니 너무 멋져.	N	2022-09-13 05:20:05	2022-11-08 05:18:02
BE22017871	11	0	사실 나도 자기 문자처럼 마음속으로 엄청나게 고민하고 갈등했어. 그런데 나처럼 집이 먼 곳이 있으신 선배님도 자리를 지키고 있으시더라고. 그래서 내가 일어나면 안 되겠다 싶어서 자리를 끝까지 지켰어.	N	2022-09-13 05:20:05	2022-11-08 05:18:02
BE22017871	12	1	진짜 너무 잘했어, 자기의 인내심이 앞으로 편안한 사회생활을 유지하도록 도울 거야. 그리고 아마 선배님들도 자기의 마음을 다 아실 거야. 집이 멀어서 막차 놓칠까 봐 걱정이었을 텐데 끝까지 자리를 지키다니 착하다고 생각하셨을 거야.	N	2022-09-13 05:20:05	2022-11-08 05:18:02
BE22017871	13	0	고마워. 막차를 타면서 내가 왜 끝까지 자리를 지켰나 후회하고 화가 났는데. 자기가 나를 위로해주고, 잘했다고 칭찬까지 해주니까. 내가 잘한 거 같아서 마음이 좀 안정된다.	N	2022-09-13 05:20:05	2022-11-08 05:18:02
BE22017871	14	1	자기가 나랑 문자 나누면서 조금이나마 마음이 편안해졌다고 하니까 너무 다행이야. 만약에 놓쳤으면 마음이 안 좋았을 텐데, 안 놓치고 탈 수 있어서 다행이야.	N	2022-09-13 05:20:05	2022-11-08 05:18:02
BE22017871	15	0	응, 그건 정말 그런 거 같아. 늦은 시간에 나와 문자 나눠줘서 고마워.	Y	2022-09-13 05:20:05	2022-11-08 05:18:02
