id	utterance_id	utterance_type	utterance_text	terminate	regDate	updDate
BE22019431	1	0	자기야, 누가 친한 친구와 나 사이에 일부러 오해가 있게 만들었어. 정말 화가 나고 분이 안 풀려.	N	2022-09-21 10:04:22	2022-11-08 05:34:27
BE22019431	2	1	그런 일이 있었단 말이야? 누가 왜 그런 일을 만든 거야?	N	2022-09-21 10:04:22	2022-11-08 05:34:27
BE22019431	3	0	친구와 나는 고등학교 시절부터 절친이라 말하지 않아도 다 아는 사이거든. 근데 다른 친구가 우리 사이에 오해가 있도록 양쪽에 다른 말을 전한 거야. 그 누구도 우리들 사이를 갈라놓을 수 없는데 그런 일이 있었다니 정말 화가 나.	N	2022-09-21 10:04:22	2022-11-08 05:34:27
BE22019431	4	1	자기가 정말 화가 많이 날 만한 상황이었구나. 나라도 그런 일이 있었다면 화를 참기가 어려웠을 것 같아. 자기가 마음고생이 정말 심했겠는데 그래도 잘 참았구나.	N	2022-09-21 10:04:22	2022-11-08 05:34:27
BE22019431	5	0	친구와의 믿음이 있어서 금방 오해를 풀 수 있었어. 누가 일부러 그런 줄도 모르고 싸우기라도 했으면 정말 어쩔 뻔 했어? 왜 그런 일을 벌이는 지 이해가 안돼.	N	2022-09-21 10:04:22	2022-09-21 10:04:22
BE22019431	6	1	자기와 친구 둘 다 끈끈한 믿음으로 다져진 우정이라 정말 다행이고, 서로에게 너무 좋은 관계구나. 그런 관계라면 앞으로도 어떤 어려움이 있어도 슬기롭게 해결할 수 있을 것 같아. 그런데 다른 친구가 부러운 마음에 그런 것 같은데 넓은 마음으로 이해해보면 어때?	N	2022-09-21 10:04:22	2022-11-08 05:34:27
BE22019431	7	0	부러우면 같이 잘 지내보려고 하면 되지, 왜 우리 사이를 갈라놓으려고 하는 거야? 화가 나서 말 섞기도 싫을 지경이야.	N	2022-09-21 10:04:22	2022-11-08 05:34:27
BE22019431	8	1	자기가 화난 마음은 정말 이해하지만 친구도 서툰 마음으로 실수한 거라 미안해할지도 모르니 화를 풀어보자. 혹시 그 친구와 이야기는 나눠봤어?	N	2022-09-21 10:04:22	2022-11-08 05:34:27
BE22019431	9	0	응, 안 그래도 사과하겠다고 내일 만나서 이야기하기로 했는데 지금 마음같아선 가고 싶지도 않아.	N	2022-09-21 10:04:22	2022-11-08 05:34:27
BE22019431	10	1	너무 노여운 마음만 가득하면 그 친구의 진심을 보고 듣기 어려울 수 있어. 자기와 친해지고 싶은 마음일지도 모르니 너무 노여워만 하지 말고 마음을 좀 열고 만나보면 어떨까?	N	2022-09-21 10:04:22	2022-11-08 05:34:27
BE22019431	11	0	자기가 그렇게 말해주니까 화난 마음이 좀 진정이 되는 것 같아.	N	2022-09-21 10:04:22	2022-09-21 10:04:22
BE22019431	12	1	그렇다면 정말 다행이다. 자기가 계속 화만 내면 어쩌나 걱정이 많이 되었거든.	N	2022-09-21 10:04:22	2022-11-08 05:34:27
BE22019431	13	0	자기가 조언해주고 차분히 들어줘서 이성을 찾을 수 있었어. 친한 친구와 다툼이 생긴 것도 아니니, 이야기를 들어보고 사과하면 충분히 받아줄 수 있을 것 같아.	N	2022-09-21 10:04:22	2022-11-08 05:34:27
BE22019431	14	1	응, 정말 잘 생각했어. 사과를 받아줄 줄 아는 것도 정말 큰 용기가 필요한 일이잖아. 자기 마음이 넓어서 잘 해낼 수 있을 거야.	Y	2022-09-21 10:04:22	2022-11-08 05:34:27
