id	utterance_id	utterance_type	utterance_text	terminate	regDate	updDate
BE22018115	1	0	자기야 나 정말 열받아 죽겠어. 나이가 드니 가족들에게 엄마 닮았다는 소리를 자주 듣는데 안 좋은 것만 닮았대. 그냥 지나가는 것도 한두 번이지 오늘은 너무 분노에 차서 소리를 질러버렸어.	N	2022-09-14 04:46:25	2022-11-08 05:19:27
BE22018115	2	1	나도 아버지께서 화가 날 때면 엄마 닮았다는 얘길 하셔서 속상한 적이 있어. 그런 감정을 왜 가만히 있는 엄마에게 번지게 하는 것 같아서 너무 속상했었거든.	N	2022-09-14 04:46:25	2022-11-08 05:19:27
BE22018115	3	0	맞아. 그건 둘째 치고, 닮았다는 게 좋은 적이 없어. 정리 정돈을 못 하거나 성격이 급해서 일을 그르치거나 할 때거든. 이제껏 차곡차곡 쌓아 왔던 짜증이 분노가 되어서 폭발해 버린 거야.	N	2022-09-14 04:46:25	2022-11-08 05:19:27
BE22018115	4	1	가끔은 좋은 얘기를 해 줄 수도 있을 텐데 말이야. 나도 그럴 때 가족이라는 이유로 남보다 더한 상처를 남긴다고 생각한 적이 있어. 자기가 그렇게 느끼는 것도 당연하지.	N	2022-09-14 04:46:25	2022-11-08 05:19:27
BE22018115	5	0	내 말이 그 말이야. 가족끼리 주고받는 데에 좋은 감정은 없고 서로 생채기만 남기는걸. 그런 얘기를 들을 때면 괜히 엄마까지 미워져서 아무 말도 하기가 싫어.	N	2022-09-14 04:46:25	2022-11-08 05:19:27
BE22018115	6	1	나도 그런 감정이 커져서 아무 잘못 없는 엄마에게 화를 냈던 기억이 있어. 네가 속으로는 아닌 걸 알면서도 화풀이하고 싶은 그런 기분 말이지. 그렇지만 누구보다 우리는 가족이라는 이유로 서로를 더 잘 이해하기도 하는 걸 자기도 아는 사실이잖아.	N	2022-09-14 04:46:25	2022-11-08 05:19:27
BE22018115	7	0	당연히 알지만 지금, 이 순간은 너무 화가 나서 가족이 싫어져. 나는 그런 안 좋은 얘기를 한 기억이 없는데 말이야. 엄마를 닮았다는 소리가 이젠 나에게 상처만 주는 것 같아.	N	2022-09-14 04:46:25	2022-11-08 05:19:27
BE22018115	8	1	내가 아는 자기는 무엇보다 가족을 소중하게 생각하는 사람인걸. 지금 잠시 생각이 많아져서 그렇겠지만 너를 행복하게 만드는 하나뿐인 가족이잖아.	N	2022-09-14 04:46:25	2022-11-08 05:19:27
BE22018115	9	0	한때 그렇게 생각했었지. 하지만 분노가 차오르는 지금, 이 순간만큼은 가족이 세상에서 제일 싫어져. 집에 다시 들어가서 얼굴을 볼 자신이 없어.	N	2022-09-14 04:46:25	2022-11-08 05:19:27
BE22018115	10	1	그 마음 이해해. 하지만 너희 가족을 볼 때면 친구처럼 지내는 모습에 내가 괜히 부러웠던 적이 많은걸. 네가 어머니를 닮은 예쁜 모습이 얼마나 많은지 잊고 있는 것 같아.	N	2022-09-14 04:46:25	2022-11-08 05:19:27
BE22018115	11	0	그렇게 말해 줘서 정말 고마워. 생각해 보면 외모부터 엄마를 빼다 박은 딸이라는 걸 잊고 안 좋은 생각만 했었어.	N	2022-09-14 04:46:25	2022-09-14 04:46:25
BE22018115	12	1	그래. 좋은 점만 있을 수는 없고 닮은 점도 그렇게 고를 수는 없는걸. 너는 어머니의 여러 가지 면을 닮았지만 좋은 점도 있다는 걸 알았으면 해.	N	2022-09-14 04:46:25	2022-11-08 05:19:27
BE22018115	13	0	네 말이 맞아. 내가 너무 안 좋은 생각을 곱씹으면서 나 자신에게 화가 나도록 한 것 같아. 무엇보다 가족에게 상처를 주는 게 나였는지도 모르고 말이야.	N	2022-09-14 04:46:25	2022-11-08 05:19:28
BE22018115	14	1	잘 생각했어. 너의 그런 긍정적인 성격 또한 어머니를 닮았다고 생각해. 어머니랑 연락은 해봤어?	N	2022-09-14 04:46:25	2022-11-08 05:19:28
BE22018115	15	0	안 그래도 전화가 왔는데 받지 않았거든. 걱정하시기 전에 바로 전화를 드려야겠어. 너랑 얘기하길 잘한 것 같아. 정말 고마워.	Y	2022-09-14 04:46:25	2022-09-14 04:46:25
