id	utterance_id	utterance_type	utterance_text	terminate	regDate	updDate
BE22011616	1	0	아직도 내가 주문한 음료가 안 나왔어. 더워죽겠는데 너무 화가 나.	N	2022-07-25 14:11:56	2022-11-08 04:39:05
BE22011616	2	1	카페에 도착한 지 꽤 지나지 않았어? 가기 전부터 목마르다고 했었잖아. 목도 마르고 속도 타겠다.	N	2022-07-25 14:11:56	2022-11-08 04:39:05
BE22011616	3	0	그러니까 말이야. 오자마자 시원한 아메리카노를 마시려고 했는데, 벌써 1시간이 지났어. 샷 뽑는 데 이렇게 오래 걸리는 게 말이 돼?	N	2022-07-25 14:11:56	2022-11-08 04:39:05
BE22011616	4	1	나도 얼마 전에 카페 갔다가 내 음료가 누락된 거 있지? 지금 네가 얼마나 당황스러울지 충분히 이해해. 여전히 음료가 안 나온 거야?	N	2022-07-25 14:11:56	2022-11-08 04:39:05
BE22011616	5	0	혹시나 해서 확인했는데 그건 또 아니래. 진짜 사람 무시하는 것도 아니고 이게 뭐야.	N	2022-07-25 14:11:56	2022-11-08 04:39:05
BE22011616	6	1	모처럼 기분 전환한다고 카페에 간 건데 속상했겠다. 그래도 모처럼의 외출인데 지금의 기분은 산뜻하게 날려버리고 오늘 뭘 할지 계획하는 건 어떨까? 너는 늘 재미있는 하루를 보내곤 하잖아.	N	2022-07-25 14:11:56	2022-11-08 04:39:05
BE22011616	7	0	인제 와서 나가기에는 카페에 오래 앉아 있었고 정말 어떻게 해야 할지 모르겠어. 남들이 보면 주문도 안 하고 자리를 축내는 줄 알겠어.	N	2022-07-25 14:11:56	2022-11-08 04:39:05
BE22011616	8	1	다들 자기 일하느라 정신없을 거야. 무엇보다 네 마음이 편안한 게 우선이잖아. 카페에는 과제를 하러 간 거야?	N	2022-07-25 14:11:56	2022-11-08 04:39:05
BE22011616	9	0	응, 과제 하러 나왔다가 기분만 망쳤어. 이제 일도 손에 안 잡혀.	N	2022-07-25 14:11:56	2022-11-08 04:39:05
BE22011616	10	1	당신 마음이 울적한 건 음료가 안 나왔기 때문이잖아. 그렇지? 음료만 나오면 다시 기분 좋은 주말을 보낼 수 있어. 그러니 조금만 더 기다려보는 건 어떨까?	N	2022-07-25 14:11:56	2022-11-08 04:39:05
BE22011616	11	0	아니, 아무리 그래도 주문한 음료가 한 시간이나 안 나오는 건 조금 심하지 않아?	N	2022-07-25 14:11:56	2022-11-08 04:39:05
BE22011616	12	1	내가 너였어도 더운 상태로 카페에 갔는데 음료가 안 나오면 너무 당황스러울 것 같아. 그래도 뭐든지 마음먹기 나름이니까 조금 더 편하게 생각하면 어떨까. 나는 네가 즐거운 주말을 보냈으면 좋겠어.	N	2022-07-25 14:11:56	2022-11-08 04:39:05
BE22011616	13	0	맞아. 모든 건 내 마음먹기 나름이겠지. 네 얘기를 들으니까 기분이 풀리는 것 같아. 아직 주말이 많이 남았는데 커피 한잔 때문에 너무 화만 냈던 것 같아.	N	2022-07-25 14:11:56	2022-11-08 04:39:05
BE22011616	14	1	응! 지금의 답답함을 훌훌 털고 새로운 마음으로 좋은 하루를 보내보자. 너에게는 아직 시간이 많이 남았는걸. 지금부터 충분히 근사한 날을 만들 수 있어!	N	2022-07-25 14:11:56	2022-11-08 04:39:05
BE22011616	15	0	혼자 카페에 와서 마냥 화가 나고 답답했는데 내 얘기를 잘 들어줘서 고마워. 덕분에 마음이 산뜻해졌어. 음료를 기다리면서 내 일을 해야겠어!	N	2022-07-25 14:11:56	2022-11-08 04:39:05
BE22011616	16	1	네가 기운을 차려서 정말 다행이야. 그렇게 말해주니 내 마음도 절로 맑아지네. 오늘도 즐거운 하루 보내고 우리도 카페 투어 가자!	Y	2022-07-25 14:11:56	2022-11-08 04:39:05
