id	utterance_id	utterance_type	utterance_text	terminate	regDate	updDate
BE22019641	1	0	아 정말 그 사람만 생각하면 화가 나서 다 때려치우고 싶어. 맨날 힘든 건 다른 사람 시키고 멋있는 건 그 사람이 한다니까. 덕분에 난 오늘도 엄청 힘들었는데도 아무도 그걸 알아주지 않았어.	N	2022-09-22 04:17:47	2022-11-08 05:26:27
BE22019641	2	1	또 그런 일이 있었어? 저번에도 그러더니 계속 그런 식으로 사람 힘들게 하네. 도대체 왜 그러는 거야.	N	2022-09-22 04:17:47	2022-09-22 04:17:47
BE22019641	3	0	진짜 왜 그러는지 모르겠어. 내가 이 사람이랑 여기서 계속 일할 수 있을지 확신이 서지 않고 계속 화가 나. 다른 사람이 노력한 결과물에 은근슬쩍 숟가락 얹고 잘난 체하는 게 너무 싫어.	N	2022-09-22 04:17:47	2022-11-08 05:26:27
BE22019641	4	1	일이 힘든 것보다 사람이 힘들게 하는 게 더 힘들다더니 지금이 딱 그런 상황이구나. 자기가 얼마나 화가 나고 힘든지 문자로도 다 느껴져. 그런 상황에서 일하기는 자기뿐만 아니라 누구라도 쉽지 않을 거야.	N	2022-09-22 04:17:47	2022-11-08 05:26:27
BE22019641	5	0	맞아. 이런 식으로 싫어하는 사람이랑 같이 일하는 내 마음이 항상 불편해. 그런데 돈이 뭔지, 사람을 참 비참하게 만드네.	N	2022-09-22 04:17:47	2022-09-22 04:17:47
BE22019641	6	1	마냥 열심히만 사는 자기가 그렇게 말하는 걸 들으니 속상하다. 열심히 사는 자기를 보는 나도 자기가 고생하는 걸 보면 힘든데 당사자인 자기는 얼마나 힘들까. 부모님 생각에 잘 쉬지도 못하고 열심히 일하는 자기 마음 내가 보듬어줄게.	N	2022-09-22 04:17:47	2022-09-22 04:17:47
BE22019641	7	0	우리 부모님 그동안 고생 많이 하셔서 내가 그 짐을 좀 덜어드리고 싶어. 그런데 한편으론 가족을 생각하는 이런 내 마음이 자기한테 부담을 주는 건 아닌지 걱정되기도 해.	N	2022-09-22 04:17:47	2022-09-22 04:17:47
BE22019641	8	1	무슨 그런 말을 해. 희생하는 자기 마음이 얼마나 기특하고 대견한데. 다른 사람한테 티 내지 않고 묵묵히 자기 할 일 하는 걸 보며 내가 많은 걸 배워.	N	2022-09-22 04:17:47	2022-11-08 05:26:27
BE22019641	9	0	툴툴대면 자기가 싫어할까봐 그동안 말하지 않으려 했는데 이렇게 위로를 받으니 마음이 엄청 편해졌어. 안 보이는 곳에서 내가 열심히 하는 걸 누군가는 알아주겠지?	N	2022-09-22 04:17:47	2022-09-22 04:17:47
BE22019641	10	1	그럼 당연하지. 다른 사람들도 말을 안 할 뿐 누가 꾀를 부리고 누가 고생하는지 다 알 거야. 확실한 건 자기처럼 열심히 하는 사람은 어떻게든 보답을 받을 거라는 사실이야. 난 그렇게 믿어 의심치 않아.	N	2022-09-22 04:17:47	2022-11-08 05:26:27
BE22019641	11	0	나도 지금은 힘들어서 툴툴댔지만 자기 말이 맞다고 생각해. 힘들어도 난 내가 할 일을 확실하게 해야 후회하지 않을 거야.	N	2022-09-22 04:17:47	2022-09-22 04:17:47
BE22019641	12	1	그런 자기 태도가 정말 멋지다니까. 사람들이 알아주지 않으면 내가 알아줄 테니 속상하거나 화나는 일은 나한테 얘기해줘. 언제든지 들어주고 같이 고민해볼게.	N	2022-09-22 04:17:47	2022-11-08 05:26:27
BE22019641	13	0	응 그렇게 할게. 정말 누구보다 믿음직스럽고 좋아. 방금 전까지 화가 났는데 신기하게 지금은 기분이 많이 나아졌어. 정말 고마워.	N	2022-09-22 04:17:47	2022-09-22 04:17:47
BE22019641	14	1	그렇게 금방 마음을 푸는 걸 보면 역시 자기는 굳세고 멋진 사람이야. 그래도 난 자기가 너무 고생만 하는 것도 싫으니까 언제든 같이 얘기하고 해결해보자.	Y	2022-09-22 04:17:47	2022-11-08 05:26:27
