id	utterance_id	utterance_type	utterance_text	terminate	regDate	updDate
BE22019419	1	0	어제 또 잠을 설쳤더니 너무 피곤해 죽겠어. 창문 밖에서 술 마시고 싸우는 소리 때문에 잠들었다가 깨서 못 잤어. 이게 너무 자주 반복되니까 화가 난다.	N	2022-09-21 09:41:28	2022-11-08 05:34:26
BE22019419	2	1	나도 언니가 늦게 들어와서 야식 먹는 소리에 몇 번 깨봐서 그 마음 잘 알지. 다음날 너무 힘들던데 자기가 얼마나 힘들었는지 충분히 알 것 같아.	N	2022-09-21 09:41:28	2022-09-21 09:41:28
BE22019419	3	0	금, 토요일은 이해 하겠지만 일요일까지 싸우는 사람들이 있어서 그 소리에 잠을 설쳐. 가능하면 창문을 다 닫고 자려고 하는데 그러면 내가 더 답답함을 느껴. 이렇게 해도 불편하고 저렇게 해도 불편하니 내가 미치고 환장할 거 같아서 더 화가 나.	N	2022-09-21 09:41:28	2022-11-08 05:34:26
BE22019419	4	1	창문을 닫아 놓으면 환기가 되지 않아 더 자는데 불편했을 거 같아. 자기는 겨울에도 살짝 열어 놓고 자는데 소리 때문에 얼마나 힘들고 피곤했을지 너무 안쓰럽다. 습관처럼 피곤하다고 하는 자기를 이해하지 못해줘서 미안해.	N	2022-09-21 09:41:28	2022-11-08 05:34:26
BE22019419	5	0	하루 이틀도 아니고, 매주 잠을 너무 설치니까 아침 회의 시간에 졸려서 죽을 것 같아. 어깨에 큰 바위를 짊어지고 항상 출근하는 느낌이라 너무 피곤해. 근처에 사는 사람들을 생각하지 않고 있는 것 같아서 너무 화나고 짜증이나.	N	2022-09-21 09:41:28	2022-11-08 05:34:26
BE22019419	6	1	자기 이야기 들으니까 피로가 계속 누적 됐을 것 같아. 나였어도 그랬으면 피로가 쌓여서 일 능률이 오리지 않았을 것 같아.	N	2022-09-21 09:41:28	2022-11-08 05:34:26
BE22019419	7	0	그러니까 말이야. 회사 이사 후에는 더 일찍 일어나야 하니까 피곤해. 그런데 집에서도 편하게 쉴 수 없으니 이게 사람 사는 건가 싶어.	N	2022-09-21 09:41:28	2022-09-21 09:41:28
BE22019419	8	1	자기가 얼마나 지쳐있는지 눈이 보이는 것 같아서 마음이 아프다. 물론 싸우는 사람들도 스트레스가 쌓여서 해소하다가 의견이 달라서 그랬던 것은 아닐까? 근처에 음식점이 많아서 더 그럴 수 있나?	N	2022-09-21 09:41:28	2022-11-08 05:34:26
BE22019419	9	0	그런 사람들을 이해 못하는 건 아니야. 나도 주말에 놀고 싶고 놀아도 놀아도 끝이 없는 거 같아. 반대로 본인들 집 앞에서 싸우면 기분이 좋지 않을 텐데 기본적인 예의가 없는 것 같아.	N	2022-09-21 09:41:28	2022-09-21 09:41:28
BE22019419	10	1	이해라는 건 상대방에게 가깝게 다가가는 건데 그게 그렇게 쉽지 않은 거 같아. 자기가 그동안 스트레스와 수면 부족이 쌓여서 많은 피곤한 것 같아서 내가 보기에도 너무 안쓰럽다.	N	2022-09-21 09:41:28	2022-11-08 05:34:26
BE22019419	11	0	서로 최소한의 예의를 지켰으면 하는 건데 그게 그렇게 어려운 일인지 이해가 안 됐을 뿐이야.	N	2022-09-21 09:41:28	2022-11-08 05:34:26
BE22019419	12	1	술 마신 사람들은 더구나 감정이나 기분 조절하기가 힘들잖아. 그 집에서는 지내야 하니까 소음이 들리지 않고 편하게 잘 수 있는 방법을 찾아보자. 같이 의논하면 충분히 방법도 찾을 수 있을거야.	N	2022-09-21 09:41:28	2022-11-08 05:34:26
BE22019419	13	0	그래, 내가 어쩌면 너무 예민해져서 다른 방법을 생각하지 못했는지 모르겠어. 자는데 방해가 되니까 화내고 짜증만 냈던 거 같아. 그래도 자기랑 이야기하니까 답답했던 마음이 조금 나아졌어. 정말 고마워.	N	2022-09-21 09:41:28	2022-11-08 05:34:26
BE22019419	14	1	무슨 방법이 있을 거니까 너무 걱정하지 마. 나는 자기가 빨리 그 집에서 편안하게 잠을 청했으면 좋겠다.	Y	2022-09-21 09:41:28	2022-11-08 05:34:26
