id	utterance_id	utterance_type	utterance_text	terminate	regDate	updDate
BE22001344	1	0	나 카페에서 커피 테이크아웃하고 나왔어. 친구랑 근처 공원에서 마시려고.	N	2022-06-15 00:33:43	2022-11-08 03:33:06
BE22001344	2	1	분위기 좋은 카페라고 인터넷에서 서칭해서 간 거잖아. 왜 거기서 안 마시고?	N	2022-06-15 00:33:43	2022-11-08 03:33:06
BE22001344	3	0	분위기는 좋은데 자리에 학생들이 죽치고 앉아서 공부하고 있더라고.	N	2022-06-15 00:33:43	2022-11-08 03:33:06
BE22001344	4	1	아, 요즘 카페에서 공부하는 사람들을 카공족이라고 하잖아. 정말 그렇게 많구나.	N	2022-06-15 00:33:43	2022-11-08 03:33:06
BE22001344	5	0	노트북이나 책을 챙겨와서 조용히 공부하는데 뭐 대화를 할 수가 있어야지.	N	2022-06-15 00:33:43	2022-11-08 03:33:06
BE22001344	6	1	당연하지. 잘못한 것도 없는데 괜히 눈치 보이고 생각 없이 떠드는 사람처럼 느껴지잖아. 자기 헛걸음해서 어떡해.	N	2022-06-15 00:33:43	2022-11-08 03:33:06
BE22001344	7	0	그러니까. 케이크도 맛있다고 해서 친구랑 모처럼 휴일에 시간 내서 갔는데 이게 대체 뭐야.	N	2022-06-15 00:33:43	2022-11-08 03:33:07
BE22001344	8	1	카페는 원래 공부하는 곳이 아니라 차 마시면서 이야기하는 곳인데 말이야. 많이 짜증 났겠네.	N	2022-06-15 00:33:43	2022-11-08 03:33:07
BE22001344	9	0	차라리 공부하는 영역을 따로 만들던가. 우리 같은 사람들은 쫓겨나듯 나와야 하잖아.	N	2022-06-15 00:33:43	2022-11-08 03:33:07
BE22001344	10	1	그냥 앉아서 이야기해도 될 텐데 폐 끼치는 거 싫어하는 자기 성격에 그럴 수도 없을 테고 말이야. 가는 날이 장날이라고 휴일이라 사람들 더 나왔나 보다. 우리 자기 그래서 공원에서 자리 잡았어?	N	2022-06-15 00:33:43	2022-11-08 03:33:07
BE22001344	11	0	응, 가림막 있는 벤치가 있어서 거기에 앉아서 마시려고 해.	N	2022-06-15 00:33:43	2022-11-08 03:33:07
BE22001344	12	1	자기야, 물론 카페 일은 너무 짜증이 나겠지만 요즘 트렌드가 그런 걸 어쩌겠어. 이왕 친구랑 오랜만에 나간 거 바깥에서 시원하게 풍경 보면서 커피 즐긴다고 생각하자. 오늘 날도 좋잖아, 응?	N	2022-06-15 00:33:43	2022-11-08 03:33:07
BE22001344	13	0	그렇게 생각해야지 뭐 어쩌겠어. 신나게 떠들다가 가야겠어.	N	2022-06-15 00:33:43	2022-11-08 03:33:07
BE22001344	14	1	밖이니까 남의 눈치 보지 말고 크게 떠들고 이야기하면서 회포를 풀도록 해. 공원이니 사진도 찍기 좋을 거 아니야. 자기 사진 찍는 거 좋아하니까 좀 걸으면서 예쁜 사진 많이 건지면 좋겠다.	N	2022-06-15 00:33:43	2022-11-08 03:33:07
BE22001344	15	0	알았어. 안 그래도 그럴 생각이야.	N	2022-06-15 00:33:43	2022-11-08 03:33:07
BE22001344	16	1	사진 찍은 거 보내줘야 해, 알았지? 자기 얼굴 보면서 힘내서 일해야 된단 말이야. 꼭 약속해! 사랑해.	N	2022-06-15 00:33:43	2022-11-08 03:33:07
BE22001344	17	0	하하, 알았다구. 꼭 보낼게. 나도 사랑해.	Y	2022-06-15 00:33:43	2022-11-08 03:33:07
