id	utterance_id	utterance_type	utterance_text	terminate	regDate	updDate
BE22015529	1	0	자기야, 나 지금 너무 화가 나. 기분이 엄청 안 좋아.	N	2022-08-24 11:57:24	2022-08-24 11:57:24
BE22015529	2	1	왜 그래? 무슨 일 있어?	N	2022-08-24 11:57:24	2022-08-24 11:57:24
BE22015529	3	0	좀 전에 한 달 전 예약했던 공연이 취소됐다는 문자 받았어. 오랜만에 하는 공연이라 내가 정말 기대 많이 했었는데 화가 많이 나.	N	2022-08-24 11:57:24	2022-11-08 05:03:37
BE22015529	4	1	말도 안 돼. 그거 당신이 엄청 힘들게 예매했던 거잖아. 정각에 맞춰서 해도 금방 매진되는 공연이라 성공했다고 정말 기뻐했었는데. 나까지 짜증 나고 화가 나는 기분이야.	N	2022-08-24 11:57:24	2022-11-08 05:03:37
BE22015529	5	0	응. 공연 며칠 앞두고 갑자기 취소라니 정말 너무 하지 않아? 그것도 문자 하나 달랑 보내면 끝이냐고. 공연자가 갑자기 건강 악화가 돼서 부득이하게 취소된 거라는 데 대놓고 따질 수도 없고 말이야.	N	2022-08-24 11:57:24	2022-08-24 11:57:24
BE22015529	6	1	좋아하는 공연이 취소됐는데 업체 대응까지 미흡하니 정말 화날 것 같아. 상상만 해도 나도 이렇게 분한 마음이 드는 데 자기 마음은 얼마나 안 좋겠어. 공연 연기 같은 것도 안 된다고 해?	N	2022-08-24 11:57:24	2022-11-08 05:03:37
BE22015529	7	0	응. 안 그래도 업체 측에 문의했는데, 공연장 스케줄이 계속 있어서 연기는 힘들다고 하더라고. 이번에 취소되면 앞으로 언제 다시 할지도 모르고 예매에 성공한다는 보장이 없다는 게 문제야.	N	2022-08-24 11:57:24	2022-11-08 05:03:37
BE22015529	8	1	정말 속상하지? 나도 예전에 비슷한 일이 있어서 그 마음 알 것 같아. 그래도 불행 중 다행인 건 공연은 언젠가 또 한다는 거야, 중요한 건 그거 아니겠어? 공연 취소 때문에 자기가 너무 마음 상하지 않았으면 좋겠어.	N	2022-08-24 11:57:24	2022-11-08 05:03:37
BE22015529	9	0	자기한테도 그런 일이 있었구나. 공연은 언젠가 또 할 거라는 건 알지만, 내가 이번에 기대를 많이 했었나 봐. 다른 때 같았으면 이렇게 화내지 않았을 건데 말이야.	N	2022-08-24 11:57:24	2022-08-24 11:57:24
BE22015529	10	1	기대가 컸으니까 실망도 커서 화난 거지. 그리고 공연이 취소돼서 자기뿐만 아니라 공연자도 무척 속상하고 미안할 거야. 다음번 공연을 더 완벽하게 준비해서 빨리 보여주겠다는 마음뿐일걸.	N	2022-08-24 11:57:24	2022-11-08 05:03:37
BE22015529	11	0	그렇네, 공연자가 나보다 더 안타까워했을 것 같아. 아파서 그런 건데 내 화난 마음만 생각했어. 자기 말 듣다 보니 내 마음도 조금 누그러지는 기분이야.	N	2022-08-24 11:57:24	2022-11-08 05:03:37
BE22015529	12	1	다행이다. 당신이 화가 많이 난 듯해서 걱정했었거든. 다음번 공연 예매할 때는 나도 같이하자. 손이 빨라서 성공할 자신 있어.	N	2022-08-24 11:57:24	2022-11-08 05:03:37
BE22015529	13	0	정말이지? 당신만 믿을게. 2장 예약해서 같이 보러 가는 것도 좋을 같은데. 사진도 찍고 맛있는 것도 먹고 말이야.	N	2022-08-24 11:57:24	2022-11-08 05:03:37
BE22015529	14	1	나야 좋지. 실은 이번 공연에도 같이 가고 싶었는데 바빠서 말을 못 했었거든. 당신이랑 함께하는 건 뭐든지 즐거운 일이야. 지금부터 예매 연습도 해둬야겠다는걸.	N	2022-08-24 11:57:24	2022-11-08 05:03:38
BE22015529	15	0	하하. 공연 취소돼서 기분이 안 좋았는데, 다음에 당신이랑 같이 간다고 생각하니까 기분이 좋아졌어. 고마워.	Y	2022-08-24 11:57:24	2022-11-08 05:03:38
