id	utterance_id	utterance_type	utterance_text	terminate	regDate	updDate
BE22007494	1	0	자기야. 나 이번에 골프를 한번 배워보려고 해.	N	2022-07-10 06:39:54	2022-11-08 04:12:42
BE22007494	2	1	오! 너무 좋은 생각이야. 골프가 건강에 정말 좋은 운동이래. 여보가 괜찮다고 하면 나도 같이 해봐야겠다!	N	2022-07-10 06:39:54	2022-11-08 04:12:42
BE22007494	3	0	그런데 시작도 하기 전에 문제가 생겼어. 이것저것 장비를 사야 하는데 가격도 너무 다양하고 도저히 뭘 사야 할지 정할 수가 없어. 너무 답답하고 짜증이 나.	N	2022-07-10 06:39:54	2022-11-08 04:12:42
BE22007494	4	1	혼자서 알아보고 있는 거야? 여보한테 딱 맞는 장비를 찾는 게 쉬운 일이 아니겠어.	N	2022-07-10 06:39:54	2022-11-08 04:12:42
BE22007494	5	0	응. 혼자서 여기저기 알아보고 있는데 마음에 딱 드는 장비가 없네. 좋으면 가격이 비싸고 가격이 저렴하면 오래 사용을 못할 것 같아서 고민만 엄청 하고 있어. 이렇게 고민만 하다가 시작도 못할 것 같아서 짜증나.	N	2022-07-10 06:39:54	2022-11-08 04:12:42
BE22007494	6	1	뭐든 시작이 반이라는 말처럼 시작하는 게 제일 힘든 것 같아. 하지만 지금 시간이 지나서 막상 시작하고 나면 즐겁고 재미있는 일만 있을 거야. 힘들어도 조금만 더 고민해보자!	N	2022-07-10 06:39:54	2022-11-08 04:12:42
BE22007494	7	0	맞아. 새로운 일을 시작한다는 건 원래 쉽지 않지. 그래도 내가 너무 결정도 못하고 우유부단한 것 아닐까?	N	2022-07-10 06:39:54	2022-11-08 04:12:42
BE22007494	8	1	그건 우유부단한 게 아니라 신중한 거라고 생각해! 그래서 여보는 한번 결정해서 구입한 물건은 오래 사용하잖아. 장비도 한번 쓰고 버리는 물건이 아닌데 고민하고 신중하게 사는 게 맞지!	N	2022-07-10 06:39:54	2022-11-08 04:12:42
BE22007494	9	0	그건 그래. 이렇게 고민해서 산 물건은 항상 오래 사용했던 것 같아.	N	2022-07-10 06:39:54	2022-11-08 04:12:42
BE22007494	10	1	여보의 그런 부분이 진짜 대단하고 멋있다고 생각해. 나는 대충 물건을 샀다가 후회해서 다시 산 적도 많고 금방 버린 적도 많거든. 여보가 물건을 오래 쓰는 비결은 사기 전에 신중한 고민을 하는 것에 있구나!	N	2022-07-10 06:39:54	2022-11-08 04:12:42
BE22007494	11	0	그렇게 생각하니까 신중하게 고민하는 성격이 나쁜 것이 아니라는 생각이 드네. 괜한 짜증을 내고 있었나봐.	N	2022-07-10 06:39:54	2022-11-08 04:12:42
BE22007494	12	1	아냐. 고민하는 건 항상 스트레스 받는 일이잖아. 충분히 짜증이 날 수 있어. 그래도 이 고민 때문에 너무 스트레스 받아서 골프를 배우려고 들떴던 마음을 잊어버리면 안 돼.	N	2022-07-10 06:39:54	2022-11-08 04:12:42
BE22007494	13	0	맞아. 처음에 시작하려고 할 때는 엄청 신났었는데 장비 하나 때문에 금방 짜증이 나버렸네. 꼭 열심히 고민해서 좋은 장비를 가지고 골프를 시작할 거야!	N	2022-07-10 06:39:54	2022-11-08 04:12:42
BE22007494	14	1	좋아! 여보가 멋있게 필드에 나가서 골프를 칠 모습을 상상하면 한번 더 반할 것 같은걸. 좋은 장비를 찾으면 꼭 나에게도 자랑해줘야 해!	N	2022-07-10 06:39:54	2022-11-08 04:12:42
BE22007494	15	0	응! 내 고민 들어줘서 너무 고마워.	Y	2022-07-10 06:39:54	2022-11-08 04:12:42
