id	utterance_id	utterance_type	utterance_text	terminate	regDate	updDate
BE22019825	1	0	동창들이랑 일찍 헤어지고 들어가는 길인데, 너무 짜증 난다.	N	2022-09-22 07:21:00	2022-11-08 05:27:14
BE22019825	2	1	왜 그래? 친구들이랑 무슨 일 있었어?	N	2022-09-22 07:21:00	2022-09-22 07:21:00
BE22019825	3	0	전에 말했던 그 친구 있잖아. 서로 오해 풀고 사과하고 묻어두자고 한 일을 또 이야기 하는 거야. 나는 아직도 그 때 생각만 하면 스트레스 받는데 그 친구는 아무렇지도 않나 봐.	N	2022-09-22 07:21:00	2022-11-08 05:27:14
BE22019825	4	1	아, 그 때 자기 많이 힘들어 했잖아. 진짜 자리 너무 불편했겠네. 괜찮아?	N	2022-09-22 07:21:00	2022-09-22 07:21:00
BE22019825	5	0	응. 지난번에도 그래서 나는 힘들었던 기억이니까 그만 이야기 했으면 좋겠다고 진지하게 말했거든. 그런데도 만날 때 마다 농담식으로 이야기 하니까 그게 더 불쾌해.	N	2022-09-22 07:21:00	2022-11-08 05:27:14
BE22019825	6	1	뭔지 알 것 같아. 나는 심각한데 상대가 가볍게 받아들이면 정말 기분 나쁘지. 기분 상할만하네.	N	2022-09-22 07:21:00	2022-09-22 07:21:00
BE22019825	7	0	그치? 다들 바빠서 약속도 겨우 잡은 건데 결국 분위기 이상해지고 일찍 헤어지고. 이래저래 너무 짜증 나. 이제 그 친구 만나지 말까 봐.	N	2022-09-22 07:21:00	2022-11-08 05:27:14
BE22019825	8	1	자기가 오죽하면 그런 마음이 들까 싶어서 나도 마음이 안좋네. 자기가 잘 생각해보고 후회하지 않게 마음 편한 쪽으로 결정 할거라 믿어.	N	2022-09-22 07:21:00	2022-11-08 05:27:14
BE22019825	9	0	휴, 오랜 친군데 단번에 손절하기도 쉽지 않겠지? 진짜 마음 같아선 그만하라면서 자리 박차고 나오고 싶었는데 참느라 힘들었어. 분위기 망치고 싶지 않아서 티 안내려고 노력했는데, 그래도 표정에 다 드러났을 것 같아.	N	2022-09-22 07:21:00	2022-09-22 07:21:00
BE22019825	10	1	많이 힘들었던 기억을 끄집어 내면 당연히 티가 날 수밖에 없지. 그런 상황에서도 친구들 불편 할까 봐 먼저 생각해주고 참느라 고생했네. 잘했어. 친구들도 자기 마음 다 잘 알 거야.	N	2022-09-22 07:21:00	2022-11-08 05:27:14
BE22019825	11	0	그래주면 고맙겠다. 스트레스 받긴 하지만 내가 극복할 감정의 문제고, 다른 사람들은 이 일로 신경 안 쓰면 좋겠거든. 나도 차라리 그 친구처럼 농담식으로 말 할 수 있으면 좋겠다.	N	2022-09-22 07:21:00	2022-11-08 05:27:14
BE22019825	12	1	그럼, 다들 이해할 거야. 자기도 마음 잘 다스리려고 노력해서 그때보다 지금 많이 극복했잖아. 시간이 지날 수록 더 마음 편해지고 결국 자기도 웃으며 말할 날이 올거야.	N	2022-09-22 07:21:00	2022-11-08 05:27:14
BE22019825	13	0	그렇게 말해줘서 고마워. 아직 극복해야 할 산이긴 하지만, 그래도 마음이 좀 편해진다.	N	2022-09-22 07:21:00	2022-09-22 07:21:00
BE22019825	14	1	자기도 혼자 끙끙 앓지 않고 솔직하게 말해줘서 고마워. 하소연하고 수다 떨다 보면 어느 정도 감정이 해소되잖아.	N	2022-09-22 07:21:00	2022-11-08 05:27:14
BE22019825	15	0	응. 기분이 훨씬 좋아졌어. 고마워. 들어가서 또 연락할게.	Y	2022-09-22 07:21:00	2022-09-22 07:21:00
