id	utterance_id	utterance_type	utterance_text	terminate	regDate	updDate
BE22016242	1	0	아, 나 결국 그 친구랑 대판 싸웠어.	N	2022-08-29 08:46:03	2022-08-29 08:46:03
BE22016242	2	1	많이 속상했겠다. 기분은 괜찮아?	N	2022-08-29 08:46:03	2022-08-29 08:46:03
BE22016242	3	0	나 진짜 화 잘 안 나거든, 근데 이 친구랑 있었던 일 생각하면 너무 화나. 어떻게 그런 일을 할 수 있는 지 이해가 안 가. 내가 그 친구한테 너 나중에 분명히 오늘 일 후회할 거라고 말했어.	N	2022-08-29 08:46:03	2022-11-08 05:08:06
BE22016242	4	1	맞아, 그리고 어렸을 시절부터 친했던 친구라 각별한 사이 아니야? 어떤 일을 했길래 화도 잘 안 내는 사람이 이렇게 화가 났어.	N	2022-08-29 08:46:03	2022-08-29 08:46:03
BE22016242	5	0	알고 보니 다른 친구와 나 사이를 이간질했었어. 그리고는 다 내 잘못인 거처럼 따지는 거야. 그냥 미안하다 말 한마디면 되는 걸 너무 실망스럽고 화가 나.	N	2022-08-29 08:46:03	2022-11-08 05:08:06
BE22016242	6	1	친구한테 배신감이 들어 화가 많이 났구나. 오랜 시간 알고 온 친구라 더 화가 많이 날 거 같아. 네가 그렇게 화난 걸 보니 정말 속상해 보여.	N	2022-08-29 08:46:03	2022-11-08 05:08:06
BE22016242	7	0	응, 진짜 내 인생에 가장 절친하고 소중한 친구라 생각했었던 친구야. 근데 사실은 뒤에서 나에 대해 욕하고 다녔다니. 처음엔 속상한 감정이고 지금은 분노가 가득해.	N	2022-08-29 08:46:03	2022-08-29 08:46:03
BE22016242	8	1	그래, 그런 경험은 없지만 만약 나였어도 너처럼 엄청 화가 났을 거야. 오래되고 소중한 사람에게 배신당한 심정은 누구나 속상하고 화나니까, 너무 자신을 자책하지 마.	N	2022-08-29 08:46:03	2022-11-08 05:08:06
BE22016242	9	0	고마워. 그 친구한테 저렇게 딱 한 마디만 했어. 나중에 분명히 후회할 거라고. 아직도 분이 안 풀려.	N	2022-08-29 08:46:03	2022-08-29 08:46:03
BE22016242	10	1	잘했어. 괜히 화에 못 이겨서 막말하고 나면 그것도 기분이 더 안 좋을 거야. 그 정도면 충분해. 화 많이 났겠지만 이제 안 좋은 기억은 날려버리고 좋은 기억만 남기고 갔으면 좋겠다.	N	2022-08-29 08:46:03	2022-11-08 05:08:06
BE22016242	11	0	고마워, 맞아. 나는 그 친구랑 똑같은 사람이기보다, 어른스럽게 행동하고 싶었어. 이제 다 잊고 없었던 일처럼 살 거야. 오빠 말대로 화내는 것도 나한테 좋지 않은 거 같아, 안 좋은 기억은 다 잊어버릴래.	N	2022-08-29 08:46:03	2022-11-08 05:08:06
BE22016242	12	1	좋은 생각이야. 생각하면 너 기분만 안 좋아지니까, 그 친구와의 연이 여기가 끝 인가보다 생각해. 충분히 어른스럽고 잘했어.	N	2022-08-29 08:46:03	2022-11-08 05:08:06
BE22016242	13	0	그래. 정말 인연이 여기까지인가봐. 이간질 행동이 더 심해지기 전에 끝난 게 어찌 보면 다행인 거 같아. 내 마음 위로해줘서 고마워.	N	2022-08-29 08:46:03	2022-11-08 05:08:06
BE22016242	14	1	화난 감정 잘 추슬러서 다행이야. 잊고 남은 친구들이랑 더 잘 지내면 돼.	N	2022-08-29 08:46:03	2022-11-08 05:08:06
BE22016242	15	0	응, 이제야 터질 것 같은 내 마음이 괜찮아진 거 같아. 내 좋은 인연들만 더 잘 챙기면서 지낼래.	Y	2022-08-29 08:46:03	2022-11-08 05:08:06
