id	utterance_id	utterance_type	utterance_text	terminate	regDate	updDate
BE22016675	1	0	자기야, 나 지금 밖에서 한 시간째 그냥 서 있다? 유명한 치즈케이크를 사려고 오픈 한 시간 전부터 줄 서 있었는데 아직도 못 들어가고 있어. 이제는 내 인내심에 한계가 오는 건지 막 화가 나려고 해, 속이 부글부글 끓어.	N	2022-08-31 04:37:55	2022-11-08 05:10:46
BE22016675	2	1	지난번에 자기가 가고 싶다고 말했던 그 가게 말하는 거지? 한 시간째 기다리다니 정말 그 치즈케이크를 기다리는 사람들이 많은가 보구나.	N	2022-08-31 04:37:55	2022-11-08 05:10:46
BE22016675	3	0	내 나름 빨리 간다고 한 시간이나 일찍 왔는데 세상에나, 줄이 이렇게 길 줄은 몰랐어. 그래도 시간이 지나면 금방 차례가 올 줄 알았는데 기약이 없네. 날도 더운데 밖에서 땀까지 흘리며 서 있으려니 내가 뭐 하는 건지 분노가 치밀어.	N	2022-08-31 04:37:55	2022-11-08 05:10:46
BE22016675	4	1	한 시간이나 빨리 간 게 절대 늦게 준비한 게 아닌데도 사람이 그렇게나 많다니 정말 놀랍다. 유명하다는 소리는 들었지만 그렇게 사람들이 많이 몰릴 줄은 상상도 못 했어. 대체 이보다 얼마나 더 빨리 나왔어야 했을지 감이 안 잡히네.	N	2022-08-31 04:37:55	2022-11-08 05:10:46
BE22016675	5	0	내가 무슨 부귀영화를 보겠다고 땡볕에 이러고 있는 건지 모르겠어. 적어도 사람이 줄어드는 게 보여야 나도 신이 날 텐데, 그런 기미조차 없어 짜증이 나. 길에서 하염없이 시간을 죽이는 짓을 하다니, 쓸데없는 도전을 한 것 같아 화가 나네.	N	2022-08-31 04:37:55	2022-08-31 04:37:55
BE22016675	6	1	날씨도 더운데 뙤약볕에서 사람들 틈에 끼어서 계속 대기하려니 정말 힘들겠다. 아무리 기다림을 감수할 수 있는 경우라도, 하염없이 기다리는 건 나도 정말 힘들 것 같아. 날도 더운데, 혹시나 더위 먹지 않을까, 몸은 괜찮을지 걱정이 되네.	N	2022-08-31 04:37:55	2022-08-31 04:37:55
BE22016675	7	0	다른 치즈케이크랑 얼마나 다르길래 이렇게까지 사람들이 몰리는 걸까? 이렇게 살 수 있을지 없을지도 모르면서 하염없이 기다리는 게 너무 지쳐. 솔직히 지금이라도 포기하고 그냥 줄에서 이탈하고 싶은 정도로 답답해서 짜증이 몰려와.	N	2022-08-31 04:37:55	2022-11-08 05:10:46
BE22016675	8	1	가만히 서서 기다리는 걸 견디기 힘들어하는 너를 알기에, 내가 다 안타깝다. 설레어서 갔을 네가 지금은 많은 인파로 지쳐서 화가 많이 난 것 같아 속상해. 하지만 이렇게 밀릴 줄 알고 간 것도 아니니 너무 네 탓을 하지 말았으면 좋겠어.	N	2022-08-31 04:37:55	2022-11-08 05:10:46
BE22016675	9	0	이렇게까지 하면서 치즈케이크를 먹어야 하는 것인지 내가 생각해도 어이가 없어. 케이크가 다 거기서 거기일 텐데 난 왜 이러고 있는 건지, 내 처지가 너무 우습다. 이러다 두 시간까지 기다려야 한다면 짜증이 나서 더 이상 참을 수가 없을 것 같아.	N	2022-08-31 04:37:55	2022-11-08 05:10:46
BE22016675	10	1	곧 네 차례까지 도달할 테니까 너무 걱정하지 말았으면 좋겠어. 물론 기다리는 게 유쾌하지 않겠지만, 시도조차 하지 않았다면 아마 궁금한 마음만 커지고 답답했을 거야. 어차피 기다려서 얻을 수 있는 거라면 과정의 괴로움보다 결실의 기쁨을 생각하며 마음을 누그러뜨려 보면 어떨까?	N	2022-08-31 04:37:55	2022-11-08 05:10:46
BE22016675	11	0	맞아, 내가 괜히 기대한 대로 안 되고 실망할까 봐 오히려 방어기제로 화를 냈던 것 같네. 뜻대로 안 되니까 맛없을 거라고 화내고 짜증 내고, 사실은 누구보다 더 원하면서 겉으론 툴툴댔던 것 같아. 이왕이면 기분 좋게 먹으면 설레고 기쁠 것 같다는 생각이 드네, 괜한 화를 냈나 봐.	N	2022-08-31 04:37:55	2022-11-08 05:10:46
BE22016675	12	1	나는 자기가 처음 줄을 섰을 때의 설레는 마음과 기대가 사라지지 않았으면 좋겠어. 다 행복을 느끼려고 맛있는 케이크도 먹는 거잖아. 즐거워하는 자기 모습이 사라지면 나도 슬플 것 같거든.	N	2022-08-31 04:37:55	2022-11-08 05:10:46
BE22016675	13	0	맞아, 아침까지도 나는 케이크를 상상하면서 실제로 너무나 기분이 좋고 행복했어. 사실 기다리면서 정말 인내심이 폭발할 것 같았는데, 자기랑 문자를 하니까 마음이 풀려.	N	2022-08-31 04:37:55	2022-11-08 05:10:46
BE22016675	14	1	내가 함께 옆에서 심심하지 않게 기다려주지도 못하는데 문자로 위로해 줄 수 있어서 다행이야. 고생 끝에 낙이 온다는 말이 있잖아, 케이크가 달콤함으로 기다린 시간을 보상해 줄 거라 생각해. 나는 자기가 언제나 기분 좋은 달콤함으로 가득하길 바라니 조금만 힘내보자.	Y	2022-08-31 04:37:55	2022-11-08 05:10:46
