id	utterance_id	utterance_type	utterance_text	terminate	regDate	updDate
BE22008414	1	0	오늘 점심때 주문한 국밥에서 긴 머리카락이 나온 거 있지?	N	2022-07-13 05:22:54	2022-11-08 04:18:32
BE22008414	2	1	정말? 밥 먹다가 무척 불쾌했겠다. 자기 원래 위생에 민감하잖아.	N	2022-07-13 05:22:54	2022-11-08 04:18:32
BE22008414	3	0	그러니까 말이야. 밥 먹다가 비위 상해서 속이 다 울렁거리더라.	N	2022-07-13 05:22:54	2022-11-08 04:18:32
BE22008414	4	1	그러게. 맛있게 먹고 있다가 삽시간에 기분이 상했겠어. 자기가 비위 상한 것도 이해가 된다. 그렇게 머리카락이 한 올 나오면, 혹시 다른 게 더 나올까 싶어서 밥맛이 뚝 떨어지잖아.	N	2022-07-13 05:22:54	2022-11-08 04:18:32
BE22008414	5	0	그래서 먹다가 다 남겼어. 돈 주고 시켜 먹은 건데, 배도 고프고 기분만 나빠졌다니까.	N	2022-07-13 05:22:54	2022-11-08 04:18:32
BE22008414	6	1	자기 원래 국밥 무척 좋아하는데, 제대로 먹지도 못했으니 너무 속상했을 것 같아. 이런 날 기분 상하는 건 당연하지만, 그래도 최대한 빨리 털어버리는 게 자기에게도 좋을 거야. 대신에 다음에 내가 맛있는 국밥집 데려가 줄 테니까 기분 풀자.	N	2022-07-13 05:22:54	2022-11-08 04:18:32
BE22008414	7	0	알았어. 나도 빨리 이 찝찝한 기분을 털어버리고 싶은데, 쉽지 않아.	N	2022-07-13 05:22:54	2022-11-08 04:18:32
BE22008414	8	1	무슨 마음일지 이해해. 나라도 종일 입맛도 뚝 떨어지고 찝찝할 것 같아. 그래도 그걸로 저녁까지 입맛 없으면 큰일이니까, 다른 걸로 입가심이라도 해 보는 건 어때?	N	2022-07-13 05:22:54	2022-11-08 04:18:32
BE22008414	9	0	그래야겠다. 요즘 밥값도 비싸서 더 짜증 나는 것 같아. 비싼 돈 주고 시켜 먹은 음식이 이렇게 되었으니.	N	2022-07-13 05:22:54	2022-11-08 04:18:32
BE22008414	10	1	맞아. 외식하는 비용이 한두 푼도 아닌데, 오늘 자기가 얼마나 기분 나빴을지 이해가 돼. 오늘 정말 고생했어.	N	2022-07-13 05:22:54	2022-11-08 04:18:32
BE22008414	11	0	그래도 자기가 이렇게 열심히 이야기 들어 주니까 마음이 녹는 것 같은데?	N	2022-07-13 05:22:54	2022-11-08 04:18:32
BE22008414	12	1	정말 다행이다. 안 좋은 일 있을 때 이렇게 나한테 이야기하고 기분이 풀리면 그걸로 만족이야. 앞으로 이런 이야기라면 언제든지 들어줄 수 있어.	N	2022-07-13 05:22:54	2022-11-08 04:18:32
BE22008414	13	0	정말? 든든한데. 자기가 언제든 내 이야길 들어준다고 생각하니까, 무슨 일이든 견딜 수 있을 것 같아.	N	2022-07-13 05:22:54	2022-11-08 04:18:32
BE22008414	14	1	나도 마찬가지야. 자기가 늘 내 편이라고 생각하면 밖에서 안 좋은 일을 겪어도 좀 괜찮아져. 나도 자기한테 그런 존재가 되었으면 좋겠어.	N	2022-07-13 05:22:54	2022-11-08 04:18:32
BE22008414	15	0	이미 자기는 내게 그런 존재야. 언제나 내 편이 되어줘서 고마워!	Y	2022-07-13 05:22:54	2022-11-08 04:18:32
