id	utterance_id	utterance_type	utterance_text	terminate	regDate	updDate
BE22018318	1	0	아니, 어떻게 본인이 잘못하고 사과하지 않을 수가 있지? 개념이 없는 건가? 너무 화가 나서 가만히 있을 수가 없어.	N	2022-09-15 05:30:33	2022-09-15 05:30:33
BE22018318	2	1	입사한 지 몇 년 됐는데 업무 능력이 부족한 거 같다는 사람? 이번에 무슨 잘못을 했는데 자기가 이렇게 기분이 상해있을까.	N	2022-09-15 05:30:33	2022-09-15 05:30:33
BE22018318	3	0	한두 번도 아니고 이번에는 큰 사고를 쳤어. 차량이 들어왔는데 쉬고 있느라 차량이 들어 온 것도 모르고 있었던 거지. 스케줄에 들어오기로 했던 차량인데 아직도 스케줄을 못 본다는 게 말이 되나 싶어.	N	2022-09-15 05:30:33	2022-11-08 05:20:48
BE22018318	4	1	새로 들어온 신입사원이면 이해하겠지만, 몇 년씩 일하셨다면서 그러면 너무 이기적인 거지. 같이 일하는 팀원들이랑 파트장인 자기 마음고생이 많겠다.	N	2022-09-15 05:30:33	2022-11-08 05:20:48
BE22018318	5	0	혼자 실수로 끝나는 일이면 좋겠지만, 그 사람 때문에 다른 팀원들이 피해를 보니까 더 화가 나. 왜 자기 잘못을 인정하지 않는 건지 너무 화가 나.	N	2022-09-15 05:30:33	2022-11-08 05:20:48
BE22018318	6	1	일부러 그랬다고 생각하지 않지만, 그래도 다른 사람들에게 피해가 간다면 문제일 것 같아. 자기가 정말 화를 내는 이유를 너무 이해하겠어.	N	2022-09-15 05:30:33	2022-11-08 05:20:48
BE22018318	7	0	더구나 잘못했으면 인정하고 사과를 하는 게 당연하잖아. 지난번에는 잘못한 거 지적했더니 오히려 나한테 말투가 차갑다고 뭐라고 하는데 정말 어이가 없더라.	N	2022-09-15 05:30:33	2022-09-15 05:30:33
BE22018318	8	1	본인이 잘못한 걸 인정하고 사과하는 건, 유치원 다니는 애들도 알고 있겠다. 자기가 중요하게 생각하는 게 기초, 기본인데 그걸 못하니 얼마나 답답할까. 모르긴 몰라도 마음고생이 많겠다.	N	2022-09-15 05:30:33	2022-11-08 05:20:48
BE22018318	9	0	가능하면 마주치지 않으려고 하고 동선도 겹치지 않으려고 노력하고 있어. 내가 조금 더 움직여서 다른 사람들한테 피해주지 말자고 생각하고 있거든.	N	2022-09-15 05:30:33	2022-09-15 05:30:33
BE22018318	10	1	자기는 다른 사람들한테 피해주지 않으려고 다음 날 스케줄까지 생각해서 일하는 사람이잖아. 나는 그런 자기 생각이 멋있고, 약속을 깨지 않고 지키려는 모습이 자랑스러워. 나한테도 큰 본보기가 돼서 큰 도움이 돼.	N	2022-09-15 05:30:33	2022-11-08 05:20:48
BE22018318	11	0	나 때문에 다른 직원들이 피해받지 않았으면 하는 마음이었을 뿐이야. 나랑 같지는 않더라도 최소한 미안함을 느끼지 않는다는 게 정말 화가 나.	N	2022-09-15 05:30:33	2022-11-08 05:20:48
BE22018318	12	1	자기 말대로 사람이 모두 다 같을 수는 없잖아. 자기가 화를 내기보다는 후임이 행동을 고칠 수 있도록 이끌어주려고 하면 나아지지 않을까? 자기 마음도 조금 풀리겠지만, 이번 기회에 오히려 다른 팀원들과의 관계도 어쩌면 달라질지 몰라.	N	2022-09-15 05:30:33	2022-11-08 05:20:48
BE22018318	13	0	말을 한다고 해서 이해할지 모르겠어. 지금 신뢰가 많이 깨져서 더 그런 것 같아.	N	2022-09-15 05:30:33	2022-09-15 05:30:33
BE22018318	14	1	자기는 조리 있게 말을 하니까, 충분히 잘 전달할 수 있어. 스스로 잘못을 인정하고 싶지 않은 마음도 있겠지만, 팀원에게 피해가 된다는 사실을 알면 달라질 거야. 같이 일해야 하는 사람이니까 자기가 마음 풀고 먼저 손을 내밀어주면 좋을 것 같아.	N	2022-09-15 05:30:33	2022-11-08 05:20:48
BE22018318	15	0	그래, 자기 말을 들으니 한번 말이라도 해보는 게 좋을 것 같아. 그래도 자기라 이야기하니까 화가 조금은 사그라든다.	N	2022-09-15 05:30:33	2022-11-08 05:20:48
BE22018318	16	1	그럼 진짜 다행이다! 결과가 어떤지 이야기 해줘. 안되면 다른 방법도 같이 생각해 보자.	N	2022-09-15 05:30:33	2022-11-08 05:20:48
BE22018318	17	0	응, 나중에 다시 연락할게.	Y	2022-09-15 05:30:33	2022-09-15 05:30:33
