id	utterance_id	utterance_type	utterance_text	terminate	regDate	updDate
BE22019882	1	0	하 아침부터 알람이 안 울려서 학교까지 엄청나게 뛰어갔어. 진짜 밥도 제대로 못 먹고 나와서 지금 화가 머리끝까지 나 있는 상태야.	N	2022-09-22 07:29:51	2022-11-08 05:27:33
BE22019882	2	1	갑자기 무슨 일이야. 멀쩡하게 울리던 알람이 왜 안 울려? 설마 핸드폰이 고장 난 거야?	N	2022-09-22 07:29:51	2022-11-08 05:27:33
BE22019882	3	0	아니야. 누가 콘센트를 뽑아놨어. 내가 분명히 내 방에 콘센트 뽑지 말라고 했는데 또 내 말을 무시했어. 이 사실이 날 정말 화나게 하더라.	N	2022-09-22 07:29:51	2022-09-22 07:29:51
BE22019882	4	1	자기 아침부터 고생이 많았어. 정말 화가 많이 날만 하네. 그래도 늦지 않게 학교 갔다니 다행이다.	N	2022-09-22 07:29:51	2022-11-08 05:27:33
BE22019882	5	0	그래도 아침부터 뛰었더니 너무 힘들어. 가뜩이나 오늘 아침부터 수업이 있어서 체력이 중요한데 말이야. 왜 나한테 이런 일이 일어나는 걸까 너무 짜증 나.	N	2022-09-22 07:29:51	2022-09-22 07:29:51
BE22019882	6	1	나 같아도 화가 머리끝까지 났을 거야. 나도 지난번에 핸드폰이 안 울려서 중요한 미팅에 늦을 뻔한 적이 있거든. 지금 자기가 얼마나 분노에 가득 찬 상태인지 알 것 같아.	N	2022-09-22 07:29:51	2022-11-08 05:27:33
BE22019882	7	0	오늘 늦게 일어나지만 않았어도 지하철도 제대로 탈 수 있었을 텐데. 그렇게 뛰었는데도 잡지를 못했어. 아침에 학교 도착하니까 땀 범벅이더라고.	N	2022-09-22 07:29:51	2022-09-22 07:29:51
BE22019882	8	1	오늘 자기 등굣길이 얼마나 힘들었을지 상상이 안 간다. 그래도 늦지 않았다는 사실을 다행히 여기는 게 어때? 너무 스트레스받지 않았으면 좋겠어.	N	2022-09-22 07:29:51	2022-11-08 05:27:33
BE22019882	9	0	나도 그렇게 생각하고 싶은데 흐르는 땀만 보면 짜증이 솟구쳐 올라. 울리지 않은 알람과 땀에 젖어버린 내 옷을 보면 자기도 그런 말 못 할 거야.	N	2022-09-22 07:29:51	2022-09-22 07:29:51
BE22019882	10	1	그래도 학교에 늦지 않은 게 중요하잖아. 알람은 다음부터 조금 더 신경 쓰면 되지! 자기가 학교에 매번 늦는 것도 아닌데 이번 일에 너무 신경 쓰지 않았으면 좋겠어.	N	2022-09-22 07:29:51	2022-11-08 05:27:33
BE22019882	11	0	듣고 보니 자기 말이 맞네. 지각도 안 했는데 내가 처음 겪는 일에 놀라서 짜증이 난 것 같아. 자기 말대로 늦지 않은 것에 다행히 여기는 게 좋을 것 같아.	N	2022-09-22 07:29:51	2022-09-22 07:29:51
BE22019882	12	1	그래 바로 그거야! 아침에 늦게 일어난다면 힘들어진다는 교훈을 얻었잖아! 다음부터 조금 더 신경을 잘 쓰면 되지!	N	2022-09-22 07:29:51	2022-11-08 05:27:33
BE22019882	13	0	응 꼭 그렇게 할게. 정말 고마워. 자기 덕분에 조금 진정을 할 수 있었던 것 같아 고마워.	N	2022-09-22 07:29:51	2022-09-22 07:29:51
BE22019882	14	1	나였어도 자기처럼 화가 많이 났었을 거야. 그래도 늦지 않았으니 정말 다행이라고 생각해. 앞으로는 알람 잘 듣고 일어날 수 있겠지?	N	2022-09-22 07:29:51	2022-11-08 05:27:33
BE22019882	15	0	그럼 당연하지. 앞으론 절대 늦게 일어나는 일 없을 거야!	Y	2022-09-22 07:29:51	2022-09-22 07:29:51
