id	utterance_id	utterance_type	utterance_text	terminate	regDate	updDate
BE22005986	1	0	자기야. 나 오늘 친구 외근하고 집에 들어가는 길에 태워줬는데. 완전 황당한일을 겪은 거 있지?	N	2022-07-04 06:42:37	2022-11-08 04:02:56
BE22005986	2	1	운전하다가 무슨 일 있었던거야? 다치지는 않았지? 평소에 항상 침착함을 유지하는 너에게 황당한 일이 생겼다고 하니 되게 걱정되는데 무슨 일인 거야?	N	2022-07-04 06:42:37	2022-11-08 04:02:56
BE22005986	3	0	응. 다치거나 사고가 난 건 아니었어! 근데 친구가 갑자기 차에서 담배를 피우는 거야. 순간 너무 화가 나고 짜증나더라고.	N	2022-07-04 06:42:37	2022-11-08 04:02:56
BE22005986	4	1	뭐라고? 자기는 흡연자도 아닌데 차에서 친구가 담배를 갑자기 피우면 엄청 당황스러웠겠다. 나는 쓰레기처리를 제대로 하지 않는 친구 모습에도 차에서 화가나던데 정말 짜증났겠다. 갑자기 일어난 일이라 당황스러웠을 것 같은데 그만 피워달라던지 그런 말을 해봤어 자기야?	N	2022-07-04 06:42:37	2022-11-08 04:02:56
BE22005986	5	0	아니. 말하지 못했어. 친한 친구인데 이렇게 말했다가 괜히 오해하고 친구가 기분 나쁘지 않을까 해서 말이야. 기분 좋은 마음으로 태워준 건데 말이야.	N	2022-07-04 06:42:37	2022-11-08 04:02:56
BE22005986	6	1	그랬구나. 황당하고 충분히 화낼만한 상황이었을 텐데 친구의 감정을 배려해주다니 역시 자기는 속이 참 깊은 것 같아. 그런데 충분히 화낼만한 상황이었을텐데 다음에 이런 일이 또 벌어지지 않게 말하는 게 좋지 않을까?	N	2022-07-04 06:42:37	2022-11-08 04:02:56
BE22005986	7	0	그래야 되려나? 차도 산 지 얼마 되지 않았는데 이렇게 담배 냄새가 스며들면 진짜 짜증날 것 같긴 해. 조심스럽게 이야기를 꺼내면 기분 나빠하지는 않겠지?	N	2022-07-04 06:42:37	2022-11-08 04:02:56
BE22005986	8	1	당연하지. 충분히 분노할만한 상황이었는걸? 게다가 평소에도 사람들에게 기분 나쁘지 않게 적당한 선을 지켜가며 이야기 잘하잖아. 충분히 대화로 해결할 수 있을 거야.	N	2022-07-04 06:42:37	2022-11-08 04:02:56
BE22005986	9	0	내가 화낼 수 있는 상황이라고 말해주니 세상 고맙다. 그리고 불쾌했던 점 잘 정리해서 친구에게 말해보아야겠어. 또 이런 일이 일어나지 않게 말이야!	N	2022-07-04 06:42:37	2022-11-08 04:02:56
BE22005986	10	1	좋은 생각이야 꼭 그렇게 하기를 바래. 상대방의 의사를 묻지도 않고 상대방에게 그러한 행동을 보이는 건 결코 좋지 않은 거니까!	N	2022-07-04 06:42:37	2022-11-08 04:02:56
BE22005986	11	0	알겠어. 이렇게 화나는 감정 가지고만 있고 자기에게 위로받아서 해결하면 또 일어날 수 있을 것 같아. 좋은 말로 이런 일이 재발하지 않도록 이야기해보아야겠어.	N	2022-07-04 06:42:37	2022-11-08 04:02:56
BE22005986	12	1	응! 자기는 분명 사람들한테 웃으면서 좋은 목소리로 이야기하는 장점을 가지고 있잖아. 분명 잘 해결할 수 있을 거야! 간접흡연은 더더욱 사회적으로 문제되는 부분이니 그 친구도 바로 시정하려고 할 것 같아!	N	2022-07-04 06:42:37	2022-11-08 04:02:56
BE22005986	13	0	그렇겠지? 항상 대화로 잘 이야기했던 친구니 이번에도 잘 해결될 수 있으리라 믿어.	N	2022-07-04 06:42:37	2022-11-08 04:02:56
BE22005986	14	1	응! 자기 주변에는 언제나 좋은 친구들만 있었으니 해결도 원만히 될 것 같다고 생각해 나도. 친구 사이에도 예의가 필요하니 이번 일을 기회로 삼아 잘 이야기하면 더 좋은 친구 사이로 발전할 거 같은데? 이렇게 기분 나쁘고 화 나는 상황에서도 이성적으로 감정을 수그러뜨리고 이야기 방향을 찾는 모습도 너무 본받고 싶은점이야, 사실.	N	2022-07-04 06:42:37	2022-11-08 04:02:56
BE22005986	15	0	칭찬해주고 공감해줘서 고마워. 화는 나는데 이야기할 엄두가 나지 않아서 더 짜증났었거든. 이렇게 자기가 이야기해주니 잘 해결할 수 있을 것 같다는 생각에 화가 수그러든다. 고마워!	Y	2022-07-04 06:42:37	2022-11-08 04:02:56
