id	utterance_id	utterance_type	utterance_text	terminate	regDate	updDate
BE22007032	1	0	하, 진짜 요즘 내 룸메이트 때문에 너무 열받아! 이 사람이 매일 늦게 집에 들어오니까 내가 항상 자다가 깨는 거 있지. 그럴 때마다 어떻게 할 수도 없고 짜증만 난다니까?	N	2022-07-08 03:32:16	2022-11-08 04:09:47
BE22007032	2	1	아침에 출근해야 하는데 자다가 깨면 정말 화나지. 나도 잘 때 소리에 예민한 타입이라 그런지, 누가 집에 늦게 들어오면 잠에서 깨더라고. 네 마음이 얼마나 힘들고 분한지 알겠어.	N	2022-07-08 03:32:16	2022-11-08 04:09:47
BE22007032	3	0	집을 빨리 구하려고 룸메이트 들인 건데, 너무 안 맞으니까 요즘엔 집에 들어가는 것도 싫어.	N	2022-07-08 03:32:16	2022-11-08 04:09:47
BE22007032	4	1	집에 들어가기도 싫을 정도라니, 네가 얼마나 스트레스받는지 가늠도 안 되네. 매일 그런 일을 겪어야 한다면 너무 고통스러울 것 같아. 그 일에 대해서 룸메이트한테는 말 해봤어?	N	2022-07-08 03:32:16	2022-11-08 04:09:47
BE22007032	5	0	그냥 지나가는 말로 밤에 집 들어올 때 조금만 조용히 들어와 달라고 했지. 그런데도 잘 안 지켜지니까 짜증나는 거야. 내가 밤 귀가 예민해서 그런가, 귀가하는 소리에 꼭 깬단 말이야.	N	2022-07-08 03:32:16	2022-11-08 04:09:47
BE22007032	6	1	네가 부탁을 했는데도 달라지는 게 없으면 더 속상하겠는걸. 문제 해결도 안 되고, 많이 답답하겠어. 밤에는 다음 날 출근을 위해서 휴식하거나 잠을 자거나 할 텐데 말이야.	N	2022-07-08 03:32:16	2022-11-08 04:09:47
BE22007032	7	0	그러게. 나랑 아예 생활 패턴이 달라서 그런지 안 맞네.	N	2022-07-08 03:32:16	2022-11-08 04:09:47
BE22007032	8	1	그 부분 제외하고는 어때? 계속 룸메이트로 지낼 만큼 괜찮은 편이니?	N	2022-07-08 03:32:16	2022-11-08 04:09:47
BE22007032	9	0	안 맞는 부분 이것 말고도 엄청 많지. 샤워 후에 머리카락 안 치우는 것도 싫고, 양말 세탁 바구니에 안 넣는 것도 싫어. 그래도 그런 것들은 다 참을 만했는데, 늦게 들어와서 잠을 못 자는 게 정말 최악이야!	N	2022-07-08 03:32:16	2022-11-08 04:09:47
BE22007032	10	1	그 정도라면 룸메이트가 늦게 들어오는 것만이 문제가 아닌 것 같은데? 그냥 전반적으로 그 사람이랑 안 맞는 것 같아. 서로 배려를 해야 같이 살 수 있을 텐데, 한 번 전반적으로 규칙을 세워보자고 해 봐.	N	2022-07-08 03:32:16	2022-11-08 04:09:47
BE22007032	11	0	또 잘못 얘기 꺼냈다가는 룸메이트가 나갈까 봐 걱정이야. 지금 들어와 있는 룸메이트가 나가면 당분간은 같이 월세 낼 사람도 없거든. 그러니까 내가 막 얘기를 못하겠는 거 있지.	N	2022-07-08 03:32:16	2022-11-08 04:09:47
BE22007032	12	1	그냥 이대로 두면 오히려 상황이 더 안 좋아질 것 같아. 싸울 때 싸우고, 룸메이트가 나가더라도 얘기를 해 보는 게 좋겠어. 이대로 그냥 내버려 두면 다른 부분에서 안 맞는 부분도 생길 수 있어.	N	2022-07-08 03:32:16	2022-11-08 04:09:47
BE22007032	13	0	그럴까? 애초에 생활 습관이 제일 중요했던 건데 내가 간과한 부분도 있었던 것 같네.	N	2022-07-08 03:32:16	2022-11-08 04:09:47
BE22007032	14	1	가족끼리도 한 집에서 살면 부딪히는 일이 많은데, 모르는 사람이랑 같이 살려면 더 힘들지 않겠어?	N	2022-07-08 03:32:16	2022-11-08 04:09:47
BE22007032	15	0	그러고 보니 자기 말이 맞는 것 같기도 하네. 내가 너무 아무 준비도 안 하고 룸메이트를 들였나 봐. 기본적인 생활 규칙을 정해보자고 얘기해봐야겠다.	N	2022-07-08 03:32:16	2022-11-08 04:09:47
BE22007032	16	1	그래. 서로 맞춰나가면 어느 지점에서는 이해할 수 있는 부분이 있을 거야. 정 너무 힘들면 새로운 룸메이트를 구하면 되지.	N	2022-07-08 03:32:16	2022-11-08 04:09:47
BE22007032	17	0	그래, 자기 말대로 내가 언제까지고 계속 스트레스를 받을 수는 없는 일이니까. 서로 지켜야 할 부분은 정해야겠다. 이번 주에는 꼭 얘기해놔야지.	N	2022-07-08 03:32:16	2022-11-08 04:09:47
BE22007032	18	1	이번 일로 네가 스트레스를 덜 받았으면 좋겠다. 아마 일이 잘 해결될 거야. 너무 힘들면 그때 가서 또 이야기해 줘.	Y	2022-07-08 03:32:16	2022-11-08 04:09:47
