id	utterance_id	utterance_type	utterance_text	terminate	regDate	updDate
BE22007565	1	0	이 더운 날 과제를 하러 도대체 어디까지 가야 해. 짜증 나서 아무것도 하기 싫어졌어.	N	2022-07-10 12:15:34	2022-11-08 04:13:09
BE22007565	2	1	자기네 집 앞 카페에 간다고 하지 않았어? 문 닫았어? 다른 곳으로 가려고?	N	2022-07-10 12:15:34	2022-11-08 04:13:09
BE22007565	3	0	사람이 너무 많아서 앉을 자리가 없어. 자리 날 때까지 기다리든가 다른 곳으로 가든가 해야 하는데 더워서 꼼짝도 하기 싫다.	N	2022-07-10 12:15:34	2022-11-08 04:13:09
BE22007565	4	1	다른 사람들도 다들 더위 피해서 카페로 피신 나왔나 보구나. 자기가 고생이 많네.	N	2022-07-10 12:15:34	2022-11-08 04:13:09
BE22007565	5	0	외출 준비하는 것도 귀찮았는데 다시 집으로 들어가기는 싫어. 그렇다고 이 무거운 가방 들고 다른 카페까지 걸어가기도 싫고 여러모로 짜증 나.	N	2022-07-10 12:15:34	2022-11-08 04:13:09
BE22007565	6	1	귀찮을 것을 감수하고 나왔는데 예기치 못한 일이 생겨서 황당하고 답답할 만하겠다. 나 같아도 그 상황이 고민돼서 속이 끓었을 거야.	N	2022-07-10 12:15:34	2022-11-08 04:13:09
BE22007565	7	0	맞아. 원래 손님 없는 카페라 당연히 자리 있을 거라고 생각하고 나왔는데 이게 뭐야. 이렇게 바람맞는 건 처음이라 더 어이가 없네.	N	2022-07-10 12:15:34	2022-11-08 04:13:09
BE22007565	8	1	자기가 자주 다니던 단골 카페잖아. 그런 곳을 뺏겼다고 느껴져서 더 아쉬움이 느껴지겠는걸?	N	2022-07-10 12:15:34	2022-11-08 04:13:09
BE22007565	9	0	그러니까. 과제 끝내려고 마음먹고 나왔는데 자리 없어서 멍때리고 서 있다 보니 의욕도 다 꺾였어. 안 그러다가 갑자기 오늘 이게 도대체 무슨 난리야.	N	2022-07-10 12:15:34	2022-11-08 04:13:09
BE22007565	10	1	더운데 무거운 짐들까지 들고 나오느라 고생이 많아서 힘들고 지치지. 내가 택시 불러줄 테니 그거 타고 예쁜 카페 다녀오면 어때? 거기서 시원한 음료 마시면서 에어컨 바람 쐬면 의욕이 다시 돌아올 테니까 힘내자.	N	2022-07-10 12:15:34	2022-11-08 04:13:09
BE22007565	11	0	에이 그러기는 너무 아깝지. 자기가 이렇게 신경 써준 것만으로도 기분이 훨씬 나아졌는걸.	N	2022-07-10 12:15:34	2022-11-08 04:13:09
BE22007565	12	1	더운데 자기 고생하는 걸 보니까 내 마음이 편치 않아서 그래. 과제도 해야 하는데 체력은 최대한 아끼는 게 좋잖아.	N	2022-07-10 12:15:34	2022-11-08 04:13:09
BE22007565	13	0	역시 내 생각해 주는 건 자기뿐이라니까? 일단 여기서 아이스 아메리카노 한잔 테이크아웃 해서 마시고 다시 생각해 볼게.	N	2022-07-10 12:15:34	2022-11-08 04:13:09
BE22007565	14	1	알겠어. 시원하게 한잔 마시면서 기분전환도 하자. 자기 커피 마실 동안 내가 근처에 예쁜 카페 있나 한번 알아볼게.	N	2022-07-10 12:15:34	2022-11-08 04:13:09
BE22007565	15	0	정말? 고마워 자기야. 과제 끝나고 내가 고기 살 테니까 같이 먹으러 가자.	Y	2022-07-10 12:15:34	2022-11-08 04:13:09
