id	utterance_id	utterance_type	utterance_text	terminate	regDate	updDate
BE22018259	1	0	자기야 나 전에 다니던 직장동료 때문에 너무 화가 나.	N	2022-09-15 00:16:21	2022-11-08 05:20:27
BE22018259	2	1	자기 퇴사하고 장사 시작한다고 했을 때부터 부정적으로 말하던 그 동료이지? 이번엔 또 무슨 말을 했어?	N	2022-09-15 00:16:21	2022-11-08 05:20:27
BE22018259	3	0	내가 주말에도 안 쉬고 장사하는 걸 보더니 아주 돈독이 올랐다고 하는 거야. 내가 잠도 줄여가면서 열심히 장사하는 건데 어떻게 그런 말을 할 수가 있어?	N	2022-09-15 00:16:21	2022-11-08 05:20:27
BE22018259	4	1	고생하고 있는데 그런 이야기를 들었으니 기분이 나쁠 만도 하네. 꼭 돈 때문이 아니라 자기 꿈을 이루기 위해서 열심히 하는 건데. 그런 마음이 나쁘게 포장되어 버려서 더 불쾌했을 것 같아.	N	2022-09-15 00:16:21	2022-11-08 05:20:27
BE22018259	5	0	맞아, 돈독 올랐다는 말은 명백한 비난이잖아. 왜 굳이 매번 내 생활을 살피고 연락해서 사람 속을 뒤집어 놓는지 모르겠어. 내가 그렇게 만만한가 싶어서 속에서 천불이나.	N	2022-09-15 00:16:21	2022-11-08 05:20:27
BE22018259	6	1	그 동료 자기처럼 퇴사할 용기가 없으니까 열등감에 자기한테 비난의 화살을 돌린 것 같아. 사실은 자기를 무시하는 게 아니라 오히려 너무 부러워서 그런 행동을 하는 거지. 마음이 못난 사람 때문에 괜히 감정이 상하지 않았으면 좋겠어.	N	2022-09-15 00:16:21	2022-11-08 05:20:27
BE22018259	7	0	나는 직장 다닐 때 내 생활 수준에 만족하지 못했기 때문에 두려움을 이겨내고 장사를 시작한 건데. 성장하고자 하는 욕심이 남들 눈에는 돈 욕심 있는 사람으로만 비친 것 같아서 노여움이 가라앉질 않아.	N	2022-09-15 00:16:21	2022-11-08 05:20:27
BE22018259	8	1	자기는 목표가 확고하잖아, 다른 사람들이 뭐라고 하든 그 말에 감정 소비할 필요 없다고 생각해. 자기처럼 스스로 떳떳할 만큼 삶에 최선을 다하는 사람이 또 어딨다고. 자기가 웃고 넘기면 그 동료도 곧 부끄러운 행동을 했다는 걸 깨달을 거야.	N	2022-09-15 00:16:21	2022-11-08 05:20:27
BE22018259	9	0	자기 말을 듣고 보니까 화가 좀 풀린다. 그 말을 듣자마자 너무 열받아서 온통 부정적인 생각에 휩쓸려 버렸었나 봐.	N	2022-09-15 00:16:21	2022-11-08 05:20:27
BE22018259	10	1	나였어도 그런 말을 들으면 순간 울화가 치밀었을 거야. 의미 없는 사람들의 말은 이렇게 나한테 이야기하면서 흘려버리고 기분 풀었으면 좋겠어.	N	2022-09-15 00:16:21	2022-11-08 05:20:27
BE22018259	11	0	맞아, 난 그냥 내 삶에 집중하면 되지. 내 옆엔 자기처럼 날 인정해 주고 아껴주는 사람이 있으니까 그런 사람들 말은 무시해야겠어.	N	2022-09-15 00:16:21	2022-09-15 00:16:21
BE22018259	12	1	마음이 좀 가라앉은 것 같아서 다행이다. 역시 자기는 참 마음이 넓고 단단한 사람이야.	N	2022-09-15 00:16:21	2022-11-08 05:20:27
BE22018259	13	0	내가 정신적으로 힘들어할 때마다 항상 지금처럼 도와줘서 고마워. 자기가 없었으면 지금까지 버티지 못했을 거야.	N	2022-09-15 00:16:21	2022-11-08 05:20:27
BE22018259	14	1	내가 자기한테 도움이 되는 존재라니 너무 기쁘다. 항상 옆을 지킬 테니까 힘내!	Y	2022-09-15 00:16:21	2022-11-08 05:20:28
