id	utterance_id	utterance_type	utterance_text	terminate	regDate	updDate
BE22000334	1	0	자기, 내가 있는 백화점으로 와줄 수 있어? 우리 만나기로 했던 곳에서 가까워.	N	2022-06-12 17:38:55	2022-11-08 03:26:23
BE22000334	2	1	응, 지금 약속 장소에 거의 다 도착했어. 금방 그리로 갈게. 근데 무슨 일 있어?	N	2022-06-12 17:38:55	2022-11-08 03:26:23
BE22000334	3	0	백화점 화장실에 들렀다가 세면대에 가방을 두고 잠깐 언니랑 통화를 했는데 그사이에 누가 가방 하나를 훔쳐 간 거 있지!	N	2022-06-12 17:38:55	2022-11-08 03:26:23
BE22000334	4	1	뭐라고? 사람이 옆에 있는데 그런 짓을 했단 말이야? 그래서 범인을 찾고 있어?	N	2022-06-12 17:38:55	2022-11-08 03:26:23
BE22000334	5	0	다행히 화장실 입구 쪽에 CCTV가 있어서 백화점 관리실 찾아서 사건 이야기를 한 참이야.	N	2022-06-12 17:38:55	2022-11-08 03:26:23
BE22000334	6	1	갑자기 가방이 없어졌으니 얼마나 놀랐겠어. 근데 가방이 또 다른 게 있었던 거야?	N	2022-06-12 17:38:55	2022-11-08 03:26:23
BE22000334	7	0	훔쳐 간 사람이 보는 눈은 있더라. 가방이 두 개 있었는데 그중 명품 로고 박힌 가방만 가져간 거 있지.	N	2022-06-12 17:38:55	2022-11-08 03:26:23
BE22000334	8	1	내 참, 그 와중에 브랜드까지 확인해서 가져갔다니. cctv 있는 거 다 알 텐데도 그런 일을 벌였단 말이야? 눈 뜨고 코 베이는 세상이라더니.	N	2022-06-12 17:38:55	2022-11-08 03:26:23
BE22000334	9	0	내 말이 그 말이야. 지갑에 신분증이 다 거기 있는데 너무 찜찜하고 화가 나.	N	2022-06-12 17:38:55	2022-11-08 03:26:23
BE22000334	10	1	당연히 그러겠지. 개인물품 하나라도 도둑맞으면 기분이 나쁠 텐데 신분증까지 잃어버렸으니 오죽할까.	N	2022-06-12 17:38:55	2022-11-08 03:26:23
BE22000334	11	0	이게 뭐야. 나쁜 짓 한 사람 때문에 내 시간도 뺏기고 물건도 뺏기고. 정말 짜증나 죽겠네.	N	2022-06-12 17:38:55	2022-11-08 03:26:23
BE22000334	12	1	자기야, 불행 중 다행이라고 몸이 안 다친 게 나는 안심이다. 가방이야 찾을 수 있지만 자기가 어디 다쳤으면 그건 정말 너무 힘든 일이잖아, 안 그래?	N	2022-06-12 17:38:55	2022-11-08 03:26:23
BE22000334	13	0	그건 그래. 나도 그 부분은 다행이라고 생각하고 있어.	N	2022-06-12 17:38:55	2022-11-08 03:26:23
BE22000334	14	1	물론 소지품을 잃어버린 건 꺼림칙할 거야. 그렇지만 더 큰 일이 안 일어난 걸로 다행이라 생각하면서 마음 풀자. 범인은 꼭 잡힐 테니까 걱정하지 마, 알았지?	N	2022-06-12 17:38:55	2022-11-08 03:26:23
BE22000334	15	0	응, 알았어. 오면 연락해. 이따 봐.	Y	2022-06-12 17:38:55	2022-11-08 03:26:23
