id	utterance_id	utterance_type	utterance_text	terminate	regDate	updDate
BE22020227	1	0	콜 병에 든 간장을 마셨는데, 계속 속이 아파. 내가 왜 이런 걸로 배앓이를 해야 하는 건지 억울해 죽겠어.	N	2022-09-23 00:41:59	2022-11-08 05:28:53
BE22020227	2	1	어쩌다가 거기에 간장이 들어있었대? 배가 아파서 어떡하면 좋아.	N	2022-09-23 00:41:59	2022-11-08 05:28:53
BE22020227	3	0	냉장고에 콜라가 있어서 마셨는데 엄마가 콜라병에 간장을 넣어둔 모양이야. 이런 일이 한 두번이 아니다 보니까 이젠 화가 나서 못 참겠어.	N	2022-09-23 00:41:59	2022-11-08 05:28:53
BE22020227	4	1	이게 처음이 아니라면 정말 화가 나겠다. 여러 차례 착각하고 간장을 마셨으면 그때마다 배앓이를 했겠는데. 고생을 많이 했겠다.	N	2022-09-23 00:41:59	2022-11-08 05:28:53
BE22020227	5	0	우리 엄마는 맨날 다른 음료수통에 이상한 걸 담아 놓으셔. 그때마다 내가 헷갈리지 않게 라벨을 붙여 달라고 신신당부를 했는데 그때만 알겠다고 하고. 그다음에 보면 까먹었다는 변명만 늘어놓으시는데 왜 그러는지 정말 모르겠어!	N	2022-09-23 00:41:59	2022-11-08 05:28:53
BE22020227	6	1	여러 번 사건이 있을 때마다 약속을 받았는데 그게 지켜지지 않는다면 나라도 화가 날 거야. 마시면 안 되는 것까지 마실 수도 있으니 위험해서 네가 더 예민해질 수 있겠다.	N	2022-09-23 00:41:59	2022-11-08 05:28:53
BE22020227	7	0	나중에 엄마가 집에 돌아오시면 왜 간장을 여기 담아뒀냐고 따져야겠어!	N	2022-09-23 00:41:59	2022-09-23 00:41:59
BE22020227	8	1	네가 많이 화가 난 걸 이해해. 하지만 어머니께 화가 난 듯 따져 물으면 오히려 해결되기보단 갈등이 생기지 않을까 우려되네.	N	2022-09-23 00:41:59	2022-11-08 05:28:53
BE22020227	9	0	그건 그래. 내가 화가 난 걸 표현하고 싶긴 하지만 그렇다고 화를 내면 엄마도 같이 화를 내겠지. 그러면 또 대판 싸우고 집 분위기가 안 좋아질 거야. 정말 막막하네, 어쩌면 좋지?	N	2022-09-23 00:41:59	2022-09-23 00:41:59
BE22020227	10	1	마음을 조금 가라앉히고 차분하게 이야기해보는 건 어떨까. 어머니께서도 네가 콜라를 간장으로 착각하고 마시길 원하신 건 아닐 거야. 여러 집안일을 하다 보면 바빠서 까먹을 수도 있고 나이가 들면 기억력이 안 좋아지기도 하잖니.	N	2022-09-23 00:41:59	2022-09-23 00:41:59
BE22020227	11	0	듣고 보니 엄마가 요즘 기억력이 많이 안 좋으시긴 해. 저번에는 냉장고를 열고 반찬통을 넣어두면서 휴대전화를 같이 넣어두신 거 있지?	N	2022-09-23 00:41:59	2022-11-08 05:28:53
BE22020227	12	1	사실 우리 부모님도 여러 가지를 깜빡하시기도 하고 그래서 실수하실 때도 있거든. 일부러 그런 게 아니라면 어느 정도 웃어넘기고는 있어. 물론 네 감정을 억눌러야하는 건 아니지만 조금은 가라앉히고 대화하면 서로에게 더 좋지 않을까?	N	2022-09-23 00:41:59	2022-11-08 05:28:53
BE22020227	13	0	네 말을 들으니 그 말이 맞아. 대화를 한다고 엄마가 듣지 않는 건 아니고 항상 미안하다고는 하시거든. 너와 얘기를 하지 않았으면 공연히 화를 낼 뻔 했네.	N	2022-09-23 00:41:59	2022-11-08 05:28:53
BE22020227	14	1	어머니께서도 미처 생각하지 못한 부분일 거야. 그나저나 속이 많이 아플 텐데 걱정이네.	N	2022-09-23 00:41:59	2022-11-08 05:28:53
BE22020227	15	0	네 말이 옳아. 화가 나긴 했지만 엄마가 일부러 그러신 건 아닐 테니까. 위장약을 먹었는데 이제 효과가 조금 도는 것 같아.	N	2022-09-23 00:41:59	2022-11-08 05:28:53
BE22020227	16	1	정말 다행이다. 어머니께 네가 화난 점을 잘 이야기해서 네 마음도 잘 풀렸으면 좋겠어. 너는 네 의견을 조리 있게 전달하는 편이니까 분명 상황도 잘 해결될 거야!	N	2022-09-23 00:41:59	2022-11-08 05:28:53
BE22020227	17	0	맞는 말이야. 덕분에 싸울 일을 하나 줄였네. 고마워, 친구야!	Y	2022-09-23 00:41:59	2022-09-23 00:41:59
