id	utterance_id	utterance_type	utterance_text	terminate	regDate	updDate
BE22010636	1	0	자기야. 나 몸살 와서 결국 결근해버렸어. 진짜 화난다.	N	2022-07-20 18:04:52	2022-11-08 04:32:50
BE22010636	2	1	설마 회사 일 때문에 몸살이 온 건데 결근하게 된 거야?	N	2022-07-20 18:04:52	2022-11-08 04:32:50
BE22010636	3	0	응. 돈 벌러 회사 다니는 건데 몸살 때문에 오히려 돈이 더 들게 생겼어. 가슴 속에서 분노가 솟구쳐.	N	2022-07-20 18:04:52	2022-11-08 04:32:50
BE22010636	4	1	아이고. 그래서 아픈 것보다도 화가 불같이 타오르는 감정이 먼저 느껴졌구나. 나 같아도 가슴을 퍽퍽 치고 싶은 정도일 것 같아.	N	2022-07-20 18:04:52	2022-11-08 04:32:50
BE22010636	5	0	그러니까 말이야. 의사 선생님께 들어보니까 과로가 원인이래! 너무 화나서 가슴이 쿵쿵대.	N	2022-07-20 18:04:52	2022-11-08 04:32:50
BE22010636	6	1	아이고... 하긴 자기가 요즘 야근이 잦았는데 몸이 안 망가지면 이상하지. 그러니 병원비 내역 보는 순간 얼마나 분노했겠어.	N	2022-07-20 18:04:52	2022-11-08 04:32:50
BE22010636	7	0	그러니까. 자기도 알지? 이렇게 몸살 와서 결근한 게 처음이 아니잖아. 그게 나를 더 화나게 만들어.	N	2022-07-20 18:04:52	2022-11-08 04:32:50
BE22010636	8	1	매번 이렇게 아프고 일하는 게 반복인데 자기가 화가 안 나고 배기겠어. 하지만 우선은 화를 가라앉혀보면 어떨까? 분명 일에 너무 골몰하지 않는 방법도 있을 테니 말이야.	N	2022-07-20 18:04:52	2022-11-08 04:32:50
BE22010636	9	0	정말? 그런 방법이 있단 말이야? 그러면 내 가슴이 조금이라도 잔잔해질 수 있어?	N	2022-07-20 18:04:52	2022-11-08 04:32:50
BE22010636	10	1	그럼! 야근해서 화가 나더라도 그만큼 자기가 성장하는 거라는 긍정적인 마음가짐을 갖는 거야. 그리고 주말엔 마음과 몸을 편하게 늘어뜨리는 거지. 그러면 금세 웃음을 되찾아 얼굴 펼 수 있을 거야.	N	2022-07-20 18:04:52	2022-11-08 04:32:50
BE22010636	11	0	음... 지금으로서는 어쩔 도리가 없긴 하지. 자기가 말한 게 내 마음과 몸을 달랠 유일한 방법이잖아. 어렵지만 내 안의 화를 조금은 잠재우도록 해볼게.	N	2022-07-20 18:04:52	2022-11-08 04:32:50
BE22010636	12	1	정말 다행이다! 몸살까지 와서 결근했음에도 화를 누그러뜨리려고 하면서 열심히 회사 다녀보려고 하는 사람은 자기뿐일 거야. 자기를 향한 내 눈빛이 반짝거릴 듯할 정도로 멋있어.	N	2022-07-20 18:04:52	2022-11-08 04:32:50
BE22010636	13	0	그렇게 말해줘서 고마워. 자기 덕분에 아까보다도 내 가슴이 활활 타는 게 훨씬 수그러들었어.	N	2022-07-20 18:04:52	2022-11-08 04:32:50
BE22010636	14	1	정말 다행이다! 마음과 몸이 힘들었을 때를 잘 넘기면서 자기가 누구보다도 밝게 웃게끔 내가 옆에서 많이 도울게.	N	2022-07-20 18:04:52	2022-11-08 04:32:50
BE22010636	15	0	고마워. 자기가 내 연인이어서 정말 다행이다.	Y	2022-07-20 18:04:52	2022-11-08 04:32:50
