id	utterance_id	utterance_type	utterance_text	terminate	regDate	updDate
BE22014267	1	0	자기야, 혹시 저번에 내가 옷 사면서 영수증 어디에 뒀는지 혹시 기억나?	N	2022-08-16 02:59:52	2022-11-08 04:55:48
BE22014267	2	1	글쎄, 옷 사면서 봉투 안에 같이 넣은 거 아닐까? 나는 잘 모르겠는데.	N	2022-08-16 02:59:52	2022-08-16 02:59:52
BE22014267	3	0	진짜 이 끔찍한 덜렁거림을 어쩌면 좋을까, 나 자신한테 너무 화가 나. 저번에 샀던 원피스 흰색으로 너무 사고 싶었는데 남은 게 검정뿐이라 그걸로 샀었잖아. 그런데 오늘 보니까 매장에 흰색이 들어왔더라고, 그래서 교환하려고 영수증을 찾아보는데 아무리 찾아도 없어.	N	2022-08-16 02:59:52	2022-11-08 04:55:49
BE22014267	4	1	에고, 자기가 원했던 원피스인데 영수증이 없어서 교환이 안 되는구나. 영수증 잘 챙겨둘 걸 하는 후회감도 들면서 스스로한테 화가 나겠다. 내 부주의 때문이니까 얼마나 속상하고, 심지어 서글픈 마음마저 들 것 같아.	N	2022-08-16 02:59:52	2022-11-08 04:55:49
BE22014267	5	0	왜 나는 이렇게 덜렁거리고 매번 이렇게 후회를 하는 걸까. 조금만 신경 써서 챙기면 되는데 똑같은 실수를 반복하니까 정말 짜증 나 죽겠어. 아, 정말 화나!	N	2022-08-16 02:59:52	2022-11-08 04:55:49
BE22014267	6	1	나라도 이 상황이 답답하고 자신에게 화가 날 것 같아. 하지만 영수증은 챙겨야지 하면서도 그게 쉽지 않잖아. 자기가 덜렁거리거나 신경을 쓰지 않아서 그런 게 아니야, 너무 스스로 탓하지 마.	N	2022-08-16 02:59:52	2022-11-08 04:55:49
BE22014267	7	0	저번에도 매장에서 그릇 세트를 산 이후에 인터넷에서 타임 딜로 더 싼 게 올라와선 환불할 생각으로 샀잖아. 그런데 영수증이 잃어버려서 환불도 못 해서 똑같은 그릇이 집에 두 세트나 있다고. 그때 영수증 잘 챙겨야지 다짐해놓고선 똑같은 실수를 또 반복하다니, 진짜 내가 바보 같아.	N	2022-08-16 02:59:52	2022-11-08 04:55:49
BE22014267	8	1	하지 않겠다고 다짐한 실수를 또 반복한 거니까 스스로 얼마나 화가 나고 실망스러운 마음일까. 조금만 신경 썼다면 반복하지 않을 실수라는 생각이 드니까 더 열받고 짜증스러울 것 같아. 나도 실수를 반복하는 나 자신이 어이없고 심지어는 미워지기까지 하더라고, 자기 마음 이해해.	N	2022-08-16 02:59:52	2022-11-08 04:55:49
BE22014267	9	0	그 종이 조금 챙기는 게 뭐가 그렇게 어렵다고 나는 매번 이 모양인 걸까. 하, 정말 이런 일이 반복되니까 나는 어쩔 수 없는 사람인가 보다 생각이 들어. 자존감이 뚝뚝 떨어지는 기분이야, 짜증 나.	N	2022-08-16 02:59:52	2022-11-08 04:55:49
BE22014267	10	1	늘 자기 자신에 대한 애정이 넘치는 자기가 이런 말을 하니까 내 마음이 너무 속상한걸. 누구나 할 수 있는 실수인데 그걸로 자기 자신을 너무 탓하고 깎아내리지 마.	N	2022-08-16 02:59:52	2022-11-08 04:55:49
BE22014267	11	0	그렇지만 이런 상황을 만든 내가 너무 짜증스럽고 화가 나는걸.	N	2022-08-16 02:59:52	2022-08-16 02:59:52
BE22014267	12	1	자기가 어떤 마음일지 이해해, 하지만 실수를 한 것에 대해 자신을 타박하고 탓하지 않았으면 해. 누구보다 화나고 짜증스러운 건 자기 자신이니까 자기 마음이 상처받지 않도록 스스로 달래주고 보듬어주라고. 실수는 덮어버릴 수 있지만 자기 마음의 상처는 계속 남는 거잖아.	N	2022-08-16 02:59:52	2022-11-08 04:55:49
BE22014267	13	0	자기 말을 들으니까 생각이 바뀌는 것 같아. 실수 때문에 내가 스스로 상처를 주고 있었다니, 너무한 일이네.	N	2022-08-16 02:59:52	2022-11-08 04:55:49
BE22014267	14	1	누구보다 소중한 자기 자신이니까, 실수쯤은 너그럽게 이해해주고 눈감아줘. 짜증 나고 화나는 상황이지만 그것 때문에 자기 마음에 상처 주지 않았으면 해.	N	2022-08-16 02:59:52	2022-11-08 04:55:49
BE22014267	15	0	자기 말이 맞아. 나를 힘들게 하는 게 나 자신이었다니, 반성하게 되네. 고마워 자기 덕분에 짜증스러웠던 마음이 풀린 것 같아.	N	2022-08-16 02:59:52	2022-08-16 02:59:52
BE22014267	16	1	그렇다니 정말 다행이야. 그리고 자기한테 그 검정 원피스 너무 잘 어울린다고. 흰색 원피스로 교환 안 해도 아주 예쁘니까 너무 마음 쓰면서 후회하지 않았으면 해.	Y	2022-08-16 02:59:52	2022-11-08 04:55:49
