id	utterance_id	utterance_type	utterance_text	terminate	regDate	updDate
BE22014846	1	0	자기야 진짜 피곤하고 분노가 치밀어서 미치겠어. 오늘 외근 나가야 해서 부장님을 태우고 이동 중인데. 자기가 내비게이션이나 되는 것처럼 좌회전, 우회전, 직진 이러면서 자꾸 말을 하네.	N	2022-08-19 06:40:05	2022-11-08 04:59:26
BE22014846	2	1	아이고야, 운전할 때 옆에서 자꾸 간섭하면 예민해지고 운전에 집중하기 힘든데. 자기가 진짜 신경에 거슬리고 짜증 나고 화나겠다.	N	2022-08-19 06:40:05	2022-11-08 04:59:26
BE22014846	3	0	응, 외근 끝나고 돌아갈 길이 걱정이야. 말씀하실 때마다 깜짝깜짝 놀라. 그리고 너무 신경 쓰여서 예민해지는 거 같아.	N	2022-08-19 06:40:05	2022-08-19 06:40:05
BE22014846	4	1	자기가 어떤 심정일지 알 거 같아. 나도 얼마 전에 친구들이랑 여행 가는데 옆에서 한 친구가 자꾸 차차차 조심조심 이러는데. 너무 성가시고 신경 쓰이는 거야, 그래서 운전에 집중이 안 되고 화만 나더라고.	N	2022-08-19 06:40:05	2022-11-08 04:59:26
BE22014846	5	0	자기 문자처럼 정말 나도 지금 오는 내내 너무 성가시고 화가 나서 온몸이 열이 나. 나 큰소리에 좀 민감한 편이잖아.	N	2022-08-19 06:40:05	2022-08-19 06:40:05
BE22014846	6	1	나도 경험해 봐서, 지금 자기가 얼마나 화나고 당혹스러울지 충분히 느껴져. 그래서 더 자기가 안타깝고 안쓰럽다. 자기가 소리에 민감한 걸 알아서 더 안타까워, 난 친구라서 조용히 해줘야 하고, 부탁이라도 했는데.	N	2022-08-19 06:40:05	2022-11-08 04:59:26
BE22014846	7	0	나도 친구면 조용히 해달라고 부탁할 텐데. 부장님이셔서 말씀드리기가 좀 그래. 그래서 더 힘들어.	N	2022-08-19 06:40:05	2022-08-19 06:40:05
BE22014846	8	1	자기가 지금 얼마나 화가 날지 상상만 해도 내가 다 화가 나고 성가시다. 동료면 부탁이라도 드릴 텐데 상사분이시니까 부탁드리기도 난처하고. 지금 자기 입장이 너무 난처할 거 같아.	N	2022-08-19 06:40:05	2022-11-08 04:59:26
BE22014846	9	0	괜히 말씀드리면 부장님 기분이 상할 수도 있으실 거 같아. 그리고 부장님은 나름 나를 도와준다고 생각하시는 거 같아. 그래도, 자기가 내 마음을 이해해 줘서 조금은 화가 풀려.	N	2022-08-19 06:40:05	2022-11-08 04:59:26
BE22014846	10	1	아 정말 그럴 수도 있겠다. 역시 내 남자 친구지만 생각이 깊다니까. 나는 그렇게 생각하지 못했어, 왜 성가시게 하지 화나게, 이렇게만 생각했는데, 자기는 정말 이해심이 넓다.	N	2022-08-19 06:40:05	2022-11-08 04:59:26
BE22014846	11	0	움직이는 인원이 많아서 렌트를 해서 나왔거든. 그래서 처음 보는 네비게이션이라고 말했더니 조수석에 앉으셔서 나를 도와주려고 그러시는 거 같아.	N	2022-08-19 06:40:05	2022-11-08 04:59:26
BE22014846	12	1	이야, 자기 정말 마음이 너무 착하고 배려심이 깊은 거 같아. 사실 나 같으면 화를 한번 낼 거 같은데. 화내지 않고 인내하면서 또 그걸 자기를 위해서 해준다고 생각하다니.	N	2022-08-19 06:40:05	2022-11-08 04:59:26
BE22014846	13	0	사실 자기랑 문자 하기 시작할 때는 차에서 바로 내린 직후라서 화가 많이 나 있었어. 그런데, 자기가 내 분노에 공감해 주고 위로해 줘서 마음이 많이 가라앉았어.	N	2022-08-19 06:40:05	2022-11-08 04:59:26
BE22014846	14	1	자기 마음이 가라앉고 차분해졌다고 하니까 내 마음도 좋고 기쁘다. 운전하는 것도 무척 힘들었을 텐데. 고생했어.	N	2022-08-19 06:40:05	2022-11-08 04:59:26
BE22014846	15	0	그리고 자기가 칭찬까지 해주니까 치밀었던 분노가 눈 녹듯 녹아내렸어. 고마워.	Y	2022-08-19 06:40:05	2022-08-19 06:40:05
