id	utterance_id	utterance_type	utterance_text	terminate	regDate	updDate
BE22016161	1	0	우리 회사는 정말 이상한 것 같아. 너무나 당연하게 4대 보험을 들어주지 않는데. 너무 화가 나서 다 그만두고 싶어.	N	2022-08-29 04:59:50	2022-11-08 05:07:33
BE22016161	2	1	그게 무슨 말이야? 요즘 시대에 그런 회사가 있다는 것이 더 놀랍네.	N	2022-08-29 04:59:50	2022-11-08 05:07:33
BE22016161	3	0	내 말이 바로 그 말이야. 내가 이런 대우를 받으면서 일을 해야 하나 싶더라고. 처음에 계약할 때 확실하게 알아봤어야 했어.	N	2022-08-29 04:59:50	2022-08-29 04:59:50
BE22016161	4	1	아무리 그래도 정말 자기가 이렇게 화내는 게 이해가 가. 이런 일은 세상의 그 누구라도 화가 났을 거야. 자기 정말 억울하겠다.	N	2022-08-29 04:59:50	2022-11-08 05:07:33
BE22016161	5	0	응 맞아. 그래서 정말 어떻게 해야 할지 모르겠어. 너무 화가 나서 손도 떨리고 일도 제대로 못하겠더라고. 나 혼자서는 해결하지 못할 것 같아.	N	2022-08-29 04:59:50	2022-11-08 05:07:33
BE22016161	6	1	자기야 너무 걱정하지 마. 내가 항상 곁에 있잖아. 내가 수단과 방법을 가리지 않고 자기를 꼭 도와줄게.	N	2022-08-29 04:59:50	2022-11-08 05:07:33
BE22016161	7	0	처음에 이 소식을 들었을 때 하늘이 무너지는 줄 알았어. 나에게 이런 시련이 닥쳤다는 게 너무 화가 나더라.	N	2022-08-29 04:59:50	2022-08-29 04:59:50
BE22016161	8	1	정말 억울했을 것 같아. 당시에 자기의 감정이 얼마나 극에 달했을지 감히 상상도 못하겠어.	N	2022-08-29 04:59:50	2022-11-08 05:07:33
BE22016161	9	0	정말 그럴 수 있을 까? 난 이제 분노가 내 눈을 가릴 정도로 화가 많이 나. 그냥 이판사판이다 생각하고 있을 정도야.	N	2022-08-29 04:59:50	2022-11-08 05:07:33
BE22016161	10	1	차분히 심호흡을 하면서 명상을 하니까 분노가 걷히고 문제를 맑은 눈으로 바라볼 수 있더라고. 자기도 너무 화내지 말고 차분히 진정하면 더 쉽게 해결할 수 있을 거야.	N	2022-08-29 04:59:50	2022-11-08 05:07:33
BE22016161	11	0	자기 말대로 하니까 조금 더 냉정하게 문제를 바라볼 수 있을 것 같아.	N	2022-08-29 04:59:50	2022-11-08 05:07:33
BE22016161	12	1	앞으로도 이런 일이 생기면 너무 흥분하지 말고 차분히 생각을 해보도록 하자!	N	2022-08-29 04:59:50	2022-11-08 05:07:33
BE22016161	13	0	응 정말 좋은 방법 알려줘서 고마워. 아직 문제를 해결하지는 못했지만 이 기분이라면 그 어떤 문제도 해결하고 싶은 마음이야.	N	2022-08-29 04:59:50	2022-11-08 05:07:33
BE22016161	14	1	자기에게 도움이 되었다니 내가 다 기분이 좋다. 준비하다가 문제가 생기면 언제든지 나에게 말 해줘!	Y	2022-08-29 04:59:50	2022-11-08 05:07:33
