id	utterance_id	utterance_type	utterance_text	terminate	regDate	updDate
BE22009117	1	0	진짜 짜증나. 오늘 퇴근이 늦어질 거 같아.	N	2022-07-15 06:52:33	2022-11-08 04:23:02
BE22009117	2	1	일이 많이 바빠? 힘들어서 어떡해.	N	2022-07-15 06:52:33	2022-11-08 04:23:02
BE22009117	3	0	내 일만 해도 바쁜데, 선배가 자꾸 자기 일을 나한테 미루잖아. 이게 말이 되는 상황이야?	N	2022-07-15 06:52:33	2022-11-08 04:23:02
BE22009117	4	1	안 그래도 자기 요즘 엄청 바빠서 보는 내가 걱정됐는데... 선배가 너무했네.	N	2022-07-15 06:52:33	2022-11-08 04:23:02
BE22009117	5	0	그러니까 말이야. 갑자기 일을 미루는데, 아무리 선배여도 그러면 안 되는 거 아닌가?	N	2022-07-15 06:52:33	2022-11-08 04:23:02
BE22009117	6	1	그렇지. 자기도 처리해야 할 일이 있는데 갑자기 일을 미루면 얼마나 싫겠어. 정말 당황스러운 상황이겠다. 거절하기도 좀 그렇고 마음이 어지럽겠다.	N	2022-07-15 06:52:33	2022-11-08 04:23:02
BE22009117	7	0	저번부터 말할까 말까 고민했는데... 선배라서 말하기도 좀 그래. 답답해, 정말.	N	2022-07-15 06:52:33	2022-11-08 04:23:02
BE22009117	8	1	아무래도 선배니까 어렵겠다. 그래도 자기가 너무 힘드니까 살짝 얘기해보면 어떨까?	N	2022-07-15 06:52:33	2022-11-08 04:23:02
BE22009117	9	0	나도 말하고 싶긴 한데, 괜히 밉보여서 일을 더 시킬까 봐 말 못했어.	N	2022-07-15 06:52:33	2022-11-08 04:23:02
BE22009117	10	1	나였어도 선배한테 직접 말하기는 조금 부담스러울 거 같아. 그래도 자기가 말하고 싶은 마음이 있으니까, 진지하게 대화해보면 좋은 결과가 있을 수도 있지 않을까?	N	2022-07-15 06:52:33	2022-11-08 04:23:02
BE22009117	11	0	그럼 선배가 기분 상하지 않게 이야기해볼까?	N	2022-07-15 06:52:33	2022-11-08 04:23:02
BE22009117	12	1	그러는 게 좋을 거 같아. 아니면 선배가 기분 좋은 타이밍에 얘기 꺼내보면 어때?	N	2022-07-15 06:52:33	2022-11-08 04:23:02
BE22009117	13	0	아 그것도 좋겠다. 기분 좋으면 되게 잘해주시거든.	N	2022-07-15 06:52:33	2022-11-08 04:23:02
BE22009117	14	1	그럼 자연스럽게 카페 가자고 한 뒤에 얘기해 봐. 자기는 웃는 모습이 또 매력이잖아. 웃는 얼굴에 쓴소리 못할 거야.	N	2022-07-15 06:52:33	2022-11-08 04:23:02
BE22009117	15	0	맞아. 선배가 커피를 되게 좋아해서 거절은 안 할 거야. 고마워. 한번 해볼게!	Y	2022-07-15 06:52:33	2022-11-08 04:23:02
