id	utterance_id	utterance_type	utterance_text	terminate	regDate	updDate
BE22019246	1	0	자기 내가 보내준 기사 봤어? 그 고양이 학대범, 동영상 보고 따라 했대! 너무 화가 나.	N	2022-09-21 04:15:45	2022-11-08 05:33:48
BE22019246	2	1	안 그래도 방금 확인했어. 세상에 나쁜 사람은 많다지만, 고양이를 그렇게 학대하다니. 나도 화가 난다.	N	2022-09-21 04:15:45	2022-09-21 04:15:45
BE22019246	3	0	동물 학대범은 정말 용서 못 해! 어쩌면 말 못 하는 동물을 그렇게 괴롭힐 수 있어? 분노가 치밀어. 그 사람은 꼭 벌 받아야 해.	N	2022-09-21 04:15:45	2022-11-08 05:33:48
BE22019246	4	1	나도 그렇게 생각해. 자기보다 약한 존재한테 화풀이하고 괴롭히는 거잖아. 다른 사람한테는 그렇게 못 하면서 말이야.	N	2022-09-21 04:15:45	2022-09-21 04:15:45
BE22019246	5	0	아마 동영상 보고 따라 했다는 것도 거짓말일 거야. 그리고 착한 사람은 안 그래. 폭력적인 걸 봤다고 다 따라 하진 않잖아.	N	2022-09-21 04:15:45	2022-11-08 05:33:48
BE22019246	6	1	우리 자기 많이 화났구나. 평소에 동물을 사랑하는 사람이니까, 그 마음 이해해. 자기 고양이도 키우잖아.	N	2022-09-21 04:15:45	2022-11-08 05:33:48
BE22019246	7	0	그래서 내가 더 화가 나는 거야. 우리 고양이가 혹시라도 나쁜 사람한테 잘못 걸리면? 괴롭힘당하면 어떡해?	N	2022-09-21 04:15:45	2022-11-08 05:33:48
BE22019246	8	1	평소에 자기가 엄청 신경 쓰고 잘하니까, 그런 일 없을 거야. 무슨 일 있으면 나도 도와줄게. 너무 화내면 자기도 안 좋고, 고양이도 알아차릴걸?	N	2022-09-21 04:15:45	2022-11-08 05:33:48
BE22019246	9	0	아... 내가 너무 화냈나? 우리 고양이 생각했더니 나도 모르게 감정이 격해졌나 봐. 고마워, 덕분에 진정된다.	N	2022-09-21 04:15:45	2022-09-21 04:15:45
BE22019246	10	1	나도 동물을 좋아하지만, 우리 자기는 정말 동물을 사랑하는 거 같아. 오늘 새로운 고양이 채널 발견했는데 알려줄까? 자기가 좋아할 거 같아.	N	2022-09-21 04:15:45	2022-11-08 05:33:48
BE22019246	11	0	정말? 완전 좋아, 당장 보내줘! 자기가 동물을 좋아해서 다행이야. 공감대가 있어서 위로가 돼.	N	2022-09-21 04:15:45	2022-09-21 04:15:45
BE22019246	12	1	나도 좋아하는 사람이랑 좋아하는 얘기 실컷 할 수 있어서 좋아. 내일 자기 집 놀러가도 돼? 고양이 좋아하는 간식 사놨는데.	N	2022-09-21 04:15:45	2022-11-08 05:33:48
BE22019246	13	0	응응 무조건 환영이지! 맛있는 거 주는 사람이라고 우리 고양이가 자기를 되게 좋아해. 나는 간식 잘 안 주거든.	N	2022-09-21 04:15:45	2022-09-21 04:15:45
BE22019246	14	1	잘 알지. 나만 보면 꼬리가 바짝 올라가 있던데? 자기는 살찔까 봐 간식 못 주니까. 대신 내가 챙겨줄게.	Y	2022-09-21 04:15:45	2022-09-21 04:15:45
