id	utterance_id	utterance_type	utterance_text	terminate	regDate	updDate
BE22017873	1	0	정말 열불이 나서 죽겠어.	N	2022-09-13 05:21:31	2022-09-13 05:21:31
BE22017873	2	1	오늘 화나는 일이 있었구나. 무슨 일인데?	N	2022-09-13 05:21:31	2022-09-13 05:21:31
BE22017873	3	0	외근만 나가면 감감무소식에 그대로 퇴근이라는 직원이 있다고 했잖아.	N	2022-09-13 05:21:31	2022-09-13 05:21:31
BE22017873	4	1	아, 이야기한 적 있어. 그 직원이 또 그랬어?	N	2022-09-13 05:21:31	2022-09-13 05:21:31
BE22017873	5	0	응, 오늘도 두 시쯤 외부 미팅 있다고 나갔거든. 오래 걸릴 일도 아니었고. 아무리 늦어도 네 시에는 일이 끝나고 들어와야 하는데 또 그대로 퇴근.	N	2022-09-13 05:21:31	2022-09-13 05:21:31
BE22017873	6	1	그럼 제멋대로 두 시간이나 일찍 퇴근한 거잖아. 그 직원 정말 너무하네. 자기가 화가 치밀어 오르는 것도 당연해.	N	2022-09-13 05:21:31	2022-11-08 05:18:02
BE22017873	7	0	게다가 급한 일 생겨서 회사에서 연락해도 절대 안 받아. 도대체 왜 그렇게 행동하는지 모르겠어.	N	2022-09-13 05:21:31	2022-09-13 05:21:31
BE22017873	8	1	그럼 같이 일하는 사람들이 너무 답답한데. 그런 직원이랑 일하느라 오늘도 고생이 많았겠네.	N	2022-09-13 05:21:31	2022-11-08 05:18:02
BE22017873	9	0	바빠 죽겠는데, 그 직원한테 오는 전화 당겨서 받고 처리하느라 시간을 얼마나 썼는지 몰라,.	N	2022-09-13 05:21:31	2022-09-13 05:21:31
BE22017873	10	1	그래서 오늘 퇴근이 늦어졌구나. 제대로 일 안 하면 싫은데, 네 일에 지장까지 생기면 정말 화가 나지.	N	2022-09-13 05:21:31	2022-11-08 05:18:03
BE22017873	11	0	우리라고 일찍 퇴근하고 싶지 않아서 다시 회사 들어오는 게 아닌데 말이야.	N	2022-09-13 05:21:31	2022-09-13 05:21:31
BE22017873	12	1	일찍 집에 가면 좋고, 외근 나가면 다시 오기 귀찮은 마음이야 다 똑같지. 그런데 자기나 다른 직원들은 책임감이 있으니까 그 직원처럼 얌체같이 행동하지 않는 거지. 누가 봐도 그게 맞고.	N	2022-09-13 05:21:31	2022-11-08 05:18:03
BE22017873	13	0	아무래도 제대로 한번 이야기해야겠어. 뒤에서 이렇게 화내봤자 그 직원은 모를 거잖아. 이 상황이 해결되지도 않고.	N	2022-09-13 05:21:31	2022-11-08 05:18:03
BE22017873	14	1	잘 생각했어. 그런데 감정이 앞서서 말하다 보면 서로 기분만 상하고 상황은 해결이 안 될 수 있잖아. 화를 조금 누르고 최대한 차분하게 입장을 전달하는 게 좋을 것 같아.	N	2022-09-13 05:21:31	2022-11-08 05:18:03
BE22017873	15	0	알았어. 마음 같아서는 막 쏘아붙이고 싶은데, 그래서는 이 상황이 해결이 안 된다는 건 나도 알아. 주의할게.	Y	2022-09-13 05:21:31	2022-11-08 05:18:03
