id	utterance_id	utterance_type	utterance_text	terminate	regDate	updDate
BE22015203	1	0	자기야, 나 아침부터 너무 화가 나고 짜증이 나.	N	2022-08-22 14:12:04	2022-08-22 14:12:04
BE22015203	2	1	아니, 왜 그래? 무슨 일 있어?	N	2022-08-22 14:12:04	2022-08-22 14:12:04
BE22015203	3	0	어제 야근하고 잠을 잘 자지 못했거든. 그래서 잠 좀 깨려고 커피를 사 마셨는데 너무 뜨거워서 입천장을 데었어. 가뜩이나 출근하는 것도 싫은데 입까지 데니 너무 화가 나는 거야.	N	2022-08-22 14:12:04	2022-11-08 05:01:38
BE22015203	4	1	이런, 안 그래도 피곤하고 힘든데 아침부터 엄청 화가 나고 짜증 날 만하네. 그래서 지금은 좀 괜찮아?	N	2022-08-22 14:12:04	2022-11-08 05:01:38
BE22015203	5	0	다행히 많이 데이진 않았어. 입이 데어서 힘들다기보다는 그냥 너무 열 받아서 그게 힘들지. 프로젝트도 막바지에 이르니까 너무 피로가 몰려와서 예민해지고 화가 많아지네.	N	2022-08-22 14:12:04	2022-11-08 05:01:38
BE22015203	6	1	몇 날 며칠을 그렇게 쉬지도 못하고 일하면 누구나 당연히 힘들고 화가 나지. 자기가 정말 고생이 많아. 자기가 열 받고 힘들어하는 모습을 보니까 나도 마음이 아프다.	N	2022-08-22 14:12:04	2022-11-08 05:01:38
BE22015203	7	0	사람이 피곤하니까 일도 잘 안 풀리는 거 같고 마음속에 화만 늘어. 사실 커피도 내가 뜨거운 걸 시킨 건데 직원한테 왜 이렇게 뜨겁냐고 화를 냈다니까. 그러면 안 되는데, 지금 생각하니 그 직원에게 정말 미안하네.	N	2022-08-22 14:12:04	2022-11-08 05:01:38
BE22015203	8	1	자기는 원래 다정하고 예의 바른 사람인데, 그럴 정도면 정말 스트레스가 심했구나. 마음에 여유가 없으면 사람이 날카로워질 수도 있지. 그런 자기의 모습을 인정하고 돌아보는 것만으로도 화난 마음을 다스리는 첫걸음이 되는 거라고 생각해.	N	2022-08-22 14:12:04	2022-11-08 05:01:38
BE22015203	9	0	아침에 너무 화가 났다가 또 그런 내 모습에 자책했거든. 그런데 위로해줘서 고마워. 이제 곧 끝나니까 힘낼게.	N	2022-08-22 14:12:04	2022-08-22 14:12:04
BE22015203	10	1	그래, 잘 생각했어. 자기도 힘들어서 짜증 나고 그런 거니까 너무 자책하지 마. 나는 언제나 자기의 편에서 지지해줄 거야.	N	2022-08-22 14:12:04	2022-11-08 05:01:38
BE22015203	11	0	응원해줘서 고마워. 누군가가 날 이해해주니까 마음이 한결 편안해진다. 덕분에 화도 많이 가라앉았어.	N	2022-08-22 14:12:04	2022-08-22 14:12:04
BE22015203	12	1	내가 도움이 되었다니 정말 기쁘다. 자기는 지금도 충분히 잘하고 있어. 그러니 남은 프로젝트도 마무리 잘할 수 있을 거야.	N	2022-08-22 14:12:04	2022-11-08 05:01:38
BE22015203	13	0	응, 나도 조금 더 기운 내서 잘 마무리할게. 앞으로는 뜨거운 커피도 조심하면서 마셔야지. 내일 그 직원한테도 미안하다고 해야겠어.	N	2022-08-22 14:12:04	2022-08-22 14:12:04
BE22015203	14	1	그냥 넘어가도 되는 일인데 사과까지 한다니, 자기 정말 멋지다. 이제 정말 얼마 안 남았으니 조금만 더 힘내! 내가 늘 응원할게.	N	2022-08-22 14:12:04	2022-11-08 05:01:38
BE22015203	15	0	응, 내 얘기 들어줘서 고마워. 힘낼게.	Y	2022-08-22 14:12:04	2022-11-08 05:01:38
