id	utterance_id	utterance_type	utterance_text	terminate	regDate	updDate
BE22019037	1	0	자기야, 잠을 못자고 출근했더니, 너무 피곤하다. 일도 손에 잡히질 않고 화가 나서 죽겠어 정말.	N	2022-09-20 04:16:26	2022-09-20 04:16:26
BE22019037	2	1	자기 지난주 내내 야근하고 주말에 자서 그런 거 아니야?	N	2022-09-20 04:16:26	2022-09-20 04:16:26
BE22019037	3	0	그런 건 아니야. 새벽에 메이저리그 경기가 있어서 봤는데, 내가 응원하는 팀이 졌어. 새벽 4시에 일어났는데 경기도 지니까 화도 나고 더 피곤해.	N	2022-09-20 04:16:26	2022-09-20 04:16:26
BE22019037	4	1	새벽에 일어나서 야구 경기기 봐서 그랬던 거야? 야구 경기 하다 보면 이기는 날도 있고 지는 날도 있어야 그게 스포츠잖아.	N	2022-09-20 04:16:26	2022-09-20 04:16:26
BE22019037	5	0	그냥 리그 경기가 아니고, 월드 시리즈 경기였단 말이야. 그래서 출근 하는 월요일 새벽인데 불구하고 4시에 일어나서 본 거였어. 결과도 실망스럽지만 경기 내용이 너무 화가 나게 해.	N	2022-09-20 04:16:26	2022-09-20 04:16:26
BE22019037	6	1	월드 시리즈 경기면 자기가 응원하는 팀이 이겼으면 우승 트로피를 받을 수 있었겠구나. 자기가 그 기쁨과 감동을 같이 나누고 싶어서 이른 새벽에 일어났을 텐데. 경기 내용이 좋지 않아 실망이 더 크니까 화도 나는 것 같아.	N	2022-09-20 04:16:26	2022-11-08 05:24:46
BE22019037	7	0	평상시 하는 실력도 나오지도 않았고 주전 선수들 부상이 많았어. 경기 끝날 때는 수비수 집중력이 흐트러져서 실책도 많았어. 그렇게 응원하던 팀이 자멸을 하니까 짜증이 나더라.	N	2022-09-20 04:16:26	2022-09-20 04:16:26
BE22019037	8	1	속상하고 화가 나는 마음은 이해해. 선수들이 일부러 실책을 하려고 한 건 아닐 거야. 중요한 경기고 결승전이니까 긴장감이 실수를 불렀을 거라고 생각하면 마음이 조금은 풀어지지 않을까?	N	2022-09-20 04:16:26	2022-11-08 05:24:46
BE22019037	9	0	그러니까 실책을 줄이려고 연습을 열심히 하는 거잖아. 아마추어가 아니라 프로인데, 실력을 다 보여주지 못하고 실책으로 졌다는 게 진짜 너무 짜증 나.	N	2022-09-20 04:16:26	2022-09-20 04:16:26
BE22019037	10	1	실책 없이 대등한 경기를 했으면 좋았겠지만, 결승전까지 간 것으로도 충분히 잘했어. 결승전이라 더 아쉽고 안타까운 마음이겠지만, 준우승도 정말 잘한거잖아. 우승할 수 있는 실력을 더 키워서 내년에는 더 잘할 수 있을 거야.	N	2022-09-20 04:16:26	2022-11-08 05:24:46
BE22019037	11	0	그럴 수 있다면 좋겠지만, 지금 기분으로는 믿음이 없어졌어. 실망감에 분노가 마구 끓어올라.	N	2022-09-20 04:16:26	2022-09-20 04:16:26
BE22019037	12	1	팬들도 그랬겠지만 운동장에서 뛴 선수들도 우승을 바랐을 거야. 스포츠는 이기는 팀이 있으면 지는 팀이 있을 수밖에 없잖아. 나보다 자기가 더 잘 아니까 열심히 한 선수들 손뼉 쳐 주고 너그럽게 이해해 주자.	N	2022-09-20 04:16:26	2022-11-08 05:24:46
BE22019037	13	0	자기 말이 맞아, 내가 너무 감정적으로 그랬던 것 같아. 물론 잠과 바꾸고 결과가 좋지 않아서 아쉽다는 거지 선수들을 원망하지는 않아.	N	2022-09-20 04:16:26	2022-11-08 05:24:46
BE22019037	14	1	그런 기분일 수 있어, 피곤하겠지만 일도 해야 하니까 상심한 마음을 풀고 다음을 기약하자. 이미 결과는 나왔고 우린 팬으로 다시 열심히 응원해 주는 거야.	N	2022-09-20 04:16:26	2022-11-08 05:24:46
BE22019037	15	0	알겠어, 자기 말이 맞아! 기분 풀고 일에 집중하도록 할게. 자기 덕분이야, 고마워!	Y	2022-09-20 04:16:26	2022-11-08 05:24:46
