id	utterance_id	utterance_type	utterance_text	terminate	regDate	updDate
BE22019530	1	0	아니, 어떻게 본인이 잘못하고 다른 사람 이야기처럼 할 수 있지? 너무 뻔뻔한 거 아닌가? 그 모습 보니 너무 짜증 나고 화가 나서 못 참겠어.	N	2022-09-22 00:10:36	2022-09-22 00:10:36
BE22019530	2	1	업무 능력이 부족한 거 같다고 이야기한 오래 다닌 선배? 무슨 잘못을 하고 다른 사람한테 떠넘겨서 자기 기분이 상했을까.	N	2022-09-22 00:10:36	2022-09-22 00:10:36
BE22019530	3	0	한두 번도 아니고 이번에는 큰 사고를 쳤어. 업무 시간에 은행 간다고 하더니 친구 만나서 식사하고 왔거든 그걸 소장님이 알게 됐어. 마치 본인 이야기가 다른 사람들한테 아닌 것처럼 이야기하고 다니는 데 이게 맞나 싶어서.	N	2022-09-22 00:10:36	2022-09-22 00:10:36
BE22019530	4	1	자기 잘못을 스스로 인정하는 것이 쉽지는 않겠지만, 다른 사람의 이야기로 바꾼다는 것은 상상하기 싫다. 자기랑 다른 사람의 의견이라 받아들이기 싫은 마음 너무 이해해.	N	2022-09-22 00:10:36	2022-11-08 05:26:03
BE22019530	5	0	혼자 잘못으로 끝나면 좋겠지만, 그 선배 때문에 선의의 피해자가 생기니까 더 화가 나. 왜 자기 잘못을 인정하지 않고 다른 사람 이야기처럼 하는지 너무 화가 나.	N	2022-09-22 00:10:36	2022-09-22 00:10:36
BE22019530	6	1	타인에게 피해가 생기면 그것도 큰 문제일 것 같아. 그래서 자기가 화를 내는 이유라면 충분히 이해할 수 있어.	N	2022-09-22 00:10:36	2022-11-08 05:26:03
BE22019530	7	0	나는 되도록 잘못했으면 빨리 사과하고 인정하려고 하는데. 선배는 뻔뻔하게 다른 사람에게 떠넘기듯 하고 책임 회피하는 게 더 화나더라. 지난번에 잘못을 이야기했더니 나한테 젊은 사람이 융통성이 없다고 하는데 정말 어이가 없었어.	N	2022-09-22 00:10:36	2022-09-22 00:10:36
BE22019530	8	1	그걸 지켜 보고 있는 자기가 얼마나 마음고생이 심했을까 마음이 아프다. 그래도 일부러 그런 건 아니었을 거야. 사람이 생각하는 게 다르고 기준으로 정하는 것들이 다를 수 있잖아.	N	2022-09-22 00:10:36	2022-11-08 05:26:03
BE22019530	9	0	아무리 그렇다고 해도 다른 사람이 그런 것처럼 말을 하는 것은 아닌 것 같아. 잘못을 모르는 것도 아닌 것처럼 느껴져서 너무 화가 나.	N	2022-09-22 00:10:36	2022-09-22 00:10:36
BE22019530	10	1	자기는 이해가 되지 않겠지만, 정말로 모르고 있을 수도 있다고 생각해 보자. 내 잘못이라 더 보이지 않고 보고 싶지 않다면 진심으로 모를 수도 있어. 모르는 사람에게 화를 내는 건 자기에게도 좋지 않으니까 말을 해보는 건 어떨까?	N	2022-09-22 00:10:36	2022-11-08 05:26:03
BE22019530	11	0	이야기한다고 해서 선배가 받아들일지 모르겠어. 사실 말을 섞어야 하는지도 모르겠어.	N	2022-09-22 00:10:36	2022-11-08 05:26:03
BE22019530	12	1	선배가 받아 들여준다면 자기도 훨씬 마음이 편해질 거야. 물론 이야기했음에도 변화가 없다면 다른 방법을 찾아보도록 하자. 일도 힘든데 자기가 너무 스트레스받지 않았으면 좋겠어.	N	2022-09-22 00:10:36	2022-11-08 05:26:03
BE22019530	13	0	자기가 그렇게까지 이야기한다면 말이라도 해보도록 할게. 나도 화내고 스트레스받는 일 만들고 싶지는 않거든.	N	2022-09-22 00:10:36	2022-11-08 05:26:03
BE22019530	14	1	회사에 다니는 동안에는 같이 일해야 하는 사람이니까, 마음 풀고 평소처럼 대하면 좋을 것 같아.	N	2022-09-22 00:10:36	2022-11-08 05:26:03
BE22019530	15	0	그래, 자기 말을 들으니 나는 평소대로 행동하는 게 좋을 것 같다. 자기 잘못이 아닌 것처럼 이야기해서 속이 확 뒤집혔는데 그래도 자기라 이야기하니까 낫다. 정말 고마워.	Y	2022-09-22 00:10:36	2022-11-08 05:26:03
