id	utterance_id	utterance_type	utterance_text	terminate	regDate	updDate
BE22001283	1	0	자기, 나 지금 식은땀이 나고 기운이 하나도 없어.	N	2022-06-14 08:55:27	2022-11-08 03:32:42
BE22001283	2	1	왜 그러지? 여름 더위에 시달리느라 체력이 달려서 그런가?	N	2022-06-14 08:55:27	2022-11-08 03:32:42
BE22001283	3	0	그뿐 아니야. 설사가 계속돼서 화장실을 들락날락하느라 정신이 나갈 것 같아.	N	2022-06-14 08:55:27	2022-11-08 03:32:42
BE22001283	4	1	배탈이 난 거네. 우리 어제 먹은 닭볶음탕 때문인가?	N	2022-06-14 08:55:27	2022-11-08 03:32:42
BE22001283	5	0	맞다, 닭볶음탕이 문제였나 봐. 먹을 때 쿰쿰한 냄새가 났고, 맛도 이상했잖아. 감자 색깔도 거무스름하니, 상한 거였나 봐.	N	2022-06-14 08:55:27	2022-11-08 03:32:42
BE22001283	6	1	그랬지. 오죽하면 식성 좋은 우리가 먹다 남기고 나와버렸겠어. 음식 먹고 배탈 나면 체력도 고갈되고 엄청 고생하는데, 자기 어떡하지?	N	2022-06-14 08:55:27	2022-11-08 03:32:42
BE22001283	7	0	지금 나 너무 힘들어. 그런데 가만 생각해보니 그 음식점 주인 때문에 너무 화가 나. 어떻게 그따위 상한 음식을 팔 수가 있어?	N	2022-06-14 08:55:27	2022-11-08 03:32:42
BE22001283	8	1	여름철에는 특히 신선도에 신경 써야 하는데 음식 장사를 하면서 어떻게 그런 마인드를 가질 수 있냐는 거지? 생각해보니 나도 화가 치미네.	N	2022-06-14 08:55:27	2022-11-08 03:32:42
BE22001283	9	0	그래. 그래서 그런지 그 집 점심시간인데도 손님이 우리 포함해서 두 테이블밖에 없었잖아.	N	2022-06-14 08:55:27	2022-11-08 03:32:42
BE22001283	10	1	맞아. 장사가 안되니 재고가 많아지고 그럼 신선한 음식을 내놓을 수 없고, 그러다 보면 손님이 떨어지는 거지.	N	2022-06-14 08:55:27	2022-11-08 03:32:42
BE22001283	11	0	그런 악순환을 끊어버리려면 재고는 버리고 새것을 내놓아야 하는 거 아냐? 이건 손님을 기만하는 행위인 것 같아 너무 불쾌해. 가서 한바탕해줄까 봐.	N	2022-06-14 08:55:27	2022-11-08 03:32:42
BE22001283	12	1	불쾌한 마음 이해하는데, 요즘 코로나 때문에 음식점들이 모두 고전하고 있다고 하잖아. 그런 걸 뻔히 알면서 거기 가서 한바탕 하고 나면 나도 자기도 마음이 너무 안 좋을 것 같아. 자기가 배탈로 고생을 해서 나도 속은 상하지만 이번에는 우리가 이해하고 넘어가면 안 될까?	N	2022-06-14 08:55:27	2022-11-08 03:32:42
BE22001283	13	0	하긴 그래. 자기 말 들으니까 음식점 주인 마음도 조금은 이해가 되고, 내 노여웠던 감정도 수그러드는 것 같네.	N	2022-06-14 08:55:27	2022-11-08 03:32:42
BE22001283	14	1	그렇게 생각한다니, 자기는 정말 선한 마음을 가진 사람인가 봐. 내가 약 사서 갈 테니까 몸조리 잘하고 있어.	N	2022-06-14 08:55:27	2022-11-08 03:32:42
BE22001283	15	0	자기가 그렇게까지 날 챙겨주니까 체기가 다 사라지는 것 같아. 보고 싶으니까 어서 와.	Y	2022-06-14 08:55:27	2022-11-08 03:32:42
