id	utterance_id	utterance_type	utterance_text	terminate	regDate	updDate
BE22026928	1	0	자기야 나 너무 화가 나서 장사 못하겠어.	N	2022-10-11 08:26:52	2022-10-11 08:26:52
BE22026928	2	1	오늘도 진상 손님이 온거야?	N	2022-10-11 08:26:52	2022-10-11 08:26:52
BE22026928	3	0	응, 아니 맛이 없다면서 돈을 못 내겠다고 우기는 거야. 그 소란에 다른 손님들도 밥 먹다 말고 다 쳐다보는데 정말 머리끝까지 화가 나더라.	N	2022-10-11 08:26:52	2022-11-08 06:15:05
BE22026928	4	1	그렇게 막무가내인 사람이 있다니, 나였어도 너무 화가 났을 거야. 그런 일이 있었으니 장사하는 내내 얼마나 짜증났겠어.	N	2022-10-11 08:26:52	2022-11-08 06:15:05
BE22026928	5	0	내가 아무리 힘들어도 좋은 재료 써가면서 맛을 최우선으로 했는데. 억지인 건 알지만 저런 소리를 들으니까 기운 빠지고, 다 때려치우고 싶어.	N	2022-10-11 08:26:52	2022-10-11 08:26:52
BE22026928	6	1	자기도 사람인데 아무리 이상한 사람이 하는 말이라고 해도 무시하는 게 쉽지 않지. 듣는 나도 이렇게 머리 끝까지 화가 나는데 자기는 오죽했겠어.	N	2022-10-11 08:26:52	2022-11-08 06:15:05
BE22026928	7	0	음식만 정성으로 잘 만들면 된다고 생각했는데, 사람 상대하는 거 정말 못할 짓이다. 이러다가 스트레스로 병이 생길 것 같아.	N	2022-10-11 08:26:52	2022-10-11 08:26:52
BE22026928	8	1	식당이 서비스업이기도 하니까 얼마나 속이 터지겠어. 그래도 자기 음식을 맛있어 하고 좋아하는 사람들을 생각해 봐. 당장 나부터도 자기 음식을 먹지 못한다고 생각하면 너무 서운한 걸?	N	2022-10-11 08:26:52	2022-11-08 06:15:05
BE22026928	9	0	자기가 그렇게 말해주니까 울분이 내려가면서 눈물이 나려고 해. 나도 이 일이 너무 좋은데 저런 사람 때문에 그만두면 정말 억울할 것 같아.	N	2022-10-11 08:26:52	2022-11-08 06:15:05
BE22026928	10	1	자기 요리는 정말 최고야. 힘든 순간들이 늘 있겠지만, 시간이 지나면 그런 것도 견딜 수 있게 단단해질 거야. 난 자기가 분명 잘 이겨낼 수 있다고 생각해.	N	2022-10-11 08:26:52	2022-11-08 06:15:05
BE22026928	11	0	항상 이런 상황을 겪고 힘들어해야 한다고 생각하니까 분노가 막 치밀었었는데. 이런 것도 언젠간 웃어넘길 수 있다고 생각하니 기분이 좀 풀린다.	N	2022-10-11 08:26:52	2022-11-08 06:15:05
BE22026928	12	1	너무 화가날 때는 이렇게 나한테 이야기하면서 털어 버리면 되지! 내가 언제든 자기 옆에서 힘이 되어 줄게.	N	2022-10-11 08:26:52	2022-11-08 06:15:05
BE22026928	13	0	고마워, 말만 들어도 힘이 난다. 그래, 내 꿈인데 이렇게 접을 수는 없지.	N	2022-10-11 08:26:52	2022-10-11 08:26:52
BE22026928	14	1	역시 우리 자기는 멋지다니까. 진상 손님따위가 자기 앞길을 막을 순 없지, 힘내!	Y	2022-10-11 08:26:52	2022-11-08 06:15:05
