id	utterance_id	utterance_type	utterance_text	terminate	regDate	updDate
BE22010760	1	0	매일 집안일은 나만 하게 돼.	N	2022-07-21 08:29:30	2022-11-08 04:33:36
BE22010760	2	1	왜 무슨 일이야?	N	2022-07-21 08:29:30	2022-11-08 04:33:36
BE22010760	3	0	부모님은 바쁘시고 동생도 나 몰라라 하니 취업 준비하느라 나도 정신없는데 나만 해. 이제는 가족 모두 당연하게 생각하는 것 같아 너무 화가 나.	N	2022-07-21 08:29:30	2022-11-08 04:33:36
BE22010760	4	1	그래 그동안 자기가 집안일 하느라 힘든 거 나도 잘 알아. 혼자 온갖 일을 하다 보면 짜증이 날 만도 하지.	N	2022-07-21 08:29:30	2022-11-08 04:33:36
BE22010760	5	0	어제는 글쎄 동생 녀석이 반찬 타박까지 하더라니 까. 먹을 게 없으면 계란이라도 부쳐 먹으라 그랬더니 보란 듯이 라면을 끓이는 거 있지. 속에서 용암이 솟구치는 기분이 들어서 나도 모르게 소리를 질렀어.	N	2022-07-21 08:29:30	2022-11-08 04:33:36
BE22010760	6	1	최대한 열심히 하고 있는데 마음을 알아주지 않는 것 같아 언짢았겠다. 화가 날 때는 그렇게 기분을 표출하는 것도 좋은 방법이야. 동생이 많이 놀라긴 했겠지만.	N	2022-07-21 08:29:30	2022-11-08 04:33:36
BE22010760	7	0	응, 소리 지르고 나니 시원했어. 그런데 늦은 밤까지 독서실 다녀오는 동생의 지친 모습이 눈에 들어오더라. 부모님은 가게 일로 새벽이나 돼야 들어 오시는데, 얘도 무척 힘들겠다 싶은 생각.	N	2022-07-21 08:29:30	2022-11-08 04:33:36
BE22010760	8	1	그래, 미성년인 고등학생 동생이 부모님 대신 누나의 보살핌을 받느라 부족함이 있었을지 몰라. 마음 넓은 자기가 조금 이해해 주자. 자기도 공부하느라 바쁘니 반찬 가게에서 동생 좋아하는 반찬이라도 좀 사 놓고.	N	2022-07-21 08:29:30	2022-11-08 04:33:36
BE22010760	9	0	진짜 그래야겠어. 화가 나는 마음은 마음이고 그새 야위어 보이는 동생을 보니 마음이 약해져.	N	2022-07-21 08:29:30	2022-11-08 04:33:36
BE22010760	10	1	그래, 요즘 부모님도 집에 몇 시간을 안 계셔서 집안에 신경을 못 쓰는 거지. 안 쓰시는 건 아니니까 자기가 배려하는 길에 조금만 더 배려해 보자. 우리 자기 마음 넓고 지혜로운 사람이잖아.	N	2022-07-21 08:29:30	2022-11-08 04:33:36
BE22010760	11	0	맞아, 사실 집에서 그나마 내가 제일 시간의 여유가 있는 편이야. 자기 조언대로 내가 조금만 화를 누르고 가족을 배려해야겠다는 생각이 드네.	N	2022-07-21 08:29:30	2022-11-08 04:33:36
BE22010760	12	1	그래도 사람이니 문득 화가 나기도 할 거야. 그럴 때면 나에게 쏟아내 내가 다 받아줄게. 든든하게 늘 내가 자기 뒤에 있다는 거 잊지 마.	N	2022-07-21 08:29:30	2022-11-08 04:33:36
BE22010760	13	0	자기 왜 이렇게 달콤하지? 분노가 봄 눈 녹듯 스르륵 풀리는 기분이 들어. 이게 사랑의 힘인가.	N	2022-07-21 08:29:30	2022-11-08 04:33:36
BE22010760	14	1	어, 맞아, 사랑의 힘. 그래도 우리 자기 집안일은 하기 싫을 텐데 내가 가서 다 해주고 싶다. 그러면 자기도 화가 가라앉을 것 같은데.	N	2022-07-21 08:29:30	2022-11-08 04:33:36
BE22010760	15	0	말이라도 고마워. 자기 덕분에 나는 늘 분노가 조절되고 마음이 너그러워지니까. 내가 정말 고마워.	Y	2022-07-21 08:29:30	2022-11-08 04:33:36
