id	utterance_id	utterance_type	utterance_text	terminate	regDate	updDate
BE22008526	1	0	요즘 일기 예보는 도통 맞는 날이 없어. 분명 가끔 흐릴 거라고 했는데 이렇게 비가 오잖아. 어휴 속상해.	N	2022-07-13 08:18:45	2022-11-08 04:19:14
BE22008526	2	1	그러게 분명 오늘 날씨에 비가 온다는 말은 없었는데. 날씨는 예상과 다르지만 모처럼 데이트이니 즐겁게 보내자. 나만 믿어.	N	2022-07-13 08:18:45	2022-11-08 04:19:15
BE22008526	3	0	나는 비 오는 날이 정말 싫어. 옷도 다 젖고 자기랑 데이트한다고 예쁘게 드라이도 하고 왔는데 내 머리 좀 봐 엉망이잖아.	N	2022-07-13 08:18:45	2022-11-08 04:19:15
BE22008526	4	1	속상한 마음 이해해. 준비에 시간을 많이 들인 만큼 네 기대도 커졌을 텐데 그럼 더 마음이 안 좋겠다.	N	2022-07-13 08:18:45	2022-11-08 04:19:15
BE22008526	5	0	오늘 날씨가 흐리다고만 해서 자기랑 오랜만에 산책도 하려고 멋진 산책로까지 알아 놨는데 다 망쳤어.	N	2022-07-13 08:18:45	2022-11-08 04:19:15
BE22008526	6	1	데이트 코스까지 준비해왔는데 날씨가 망쳐서 많이 속상하구나. 아무래도 비가 많이 와서 산책하기엔 조금 힘들겠지. 하지만 실내에서 하는 데이트도 충분히 많으니 너무 속상해하지 마.	N	2022-07-13 08:18:45	2022-11-08 04:19:15
BE22008526	7	0	난 이렇게 내 예상과 빗나가면 하루 기분을 다 망쳐버려. 나는 계획적이고 확실한 게 좋은데 일기예보는 늘 틀려서 오늘 내 계획도 같이 어그러져 버렸어.	N	2022-07-13 08:18:45	2022-11-08 04:19:15
BE22008526	8	1	준비성이 강하고 꼼꼼한 당신 입장에선 이런 상황이 정말 싫을 만해. 이미 내리는 비는 우리가 어떻게 할 수 없으니 다시 계획을 잘 세워보자. 우리 데이트는 이제 시작이잖아.	N	2022-07-13 08:18:45	2022-11-08 04:19:15
BE22008526	9	0	오랜만에 만났는데 자꾸 툴툴거려서 미안해. 내가 날씨에도 기분이 많이 좌지우지되는 편이라 속상해서 그래.	N	2022-07-13 08:18:45	2022-11-08 04:19:15
BE22008526	10	1	우리가 몇 년을 사귀었는데 당연히 알지. 속상한 마음 충분히 이해가 돼. 나도 계획에 없던 비가 내려서 속상하지만 비 오는 날도 충분히 즐겁게 데이트할 수 있어.	N	2022-07-13 08:18:45	2022-11-08 04:19:15
BE22008526	11	0	비도 오는데 실내 데이트밖에 못 하겠네. 개봉한 영화는 이미 다 봐서 영화는 볼 게 하나도 없어.	N	2022-07-13 08:18:45	2022-11-08 04:19:15
BE22008526	12	1	당신 카페 가는 것 정말 좋아하잖아. 내가 카페 괜찮은 곳 몇 개 찾아봤는데 거기에 가보는 건 어때? 비 내리는 날 창가 자리에서 향긋한 커피를 마시면 기분도 한결 나아질 거야.	N	2022-07-13 08:18:45	2022-11-08 04:19:15
BE22008526	13	0	정말 감동인데? 비 오는 날 커피가 맛있기는 하지. 카페는 또 언제 찾아놨대.	N	2022-07-13 08:18:45	2022-11-08 04:19:15
BE22008526	14	1	하하 계획성 있는 당신과 만나려면 이 정도 준비는 되어있어야지. 야외 데이트는 하지 못하게 됐지만 맛있는 커피도 마시고 실내에서 충분히 데이트 즐기자. 저녁에는 맛있는 파전도 먹고 말이야 당신 파전 좋아하잖아.	N	2022-07-13 08:18:45	2022-11-08 04:19:15
BE22008526	15	0	파전 좋지. 내 예상과 다르게 흘러갔지만 이런 데이트도 나쁘진 않겠네. 파전에 막걸리도 꼭 먹자.	Y	2022-07-13 08:18:45	2022-11-08 04:19:15
