id	utterance_id	utterance_type	utterance_text	terminate	regDate	updDate
BE22007060	1	0	자기야. 나 지금 너무 화나서 머리가 아플 지경이야.	N	2022-07-08 04:19:25	2022-11-08 04:09:57
BE22007060	2	1	왜 그래? 기분좋게 친구 만나러 가는 길 아니야?	N	2022-07-08 04:19:25	2022-11-08 04:09:57
BE22007060	3	0	응. 방금까지는 기분 좋았거든, 내가 지하철에서 방귀를 뀌었는데 옆에 커플이 진짜 엄청 크게 비웃는 거야. 사람이 방귀 뀔 수도 있지 대놓고 비웃는 건 진짜 너무하지 않아? 기분이 너무 나빠.	N	2022-07-08 04:19:25	2022-11-08 04:09:58
BE22007060	4	1	대놓고 비웃는 건 너무 배려 없는 행동이지. 우리 자기가 너무 기분 나빴을 만한 상황이네. 나 같아도 그런 상황이었으면 순간 기분 확 상했을 거야.	N	2022-07-08 04:19:25	2022-11-08 04:09:58
BE22007060	5	0	그렇지? 처음에는 좀 부끄러웠는데 저렇게 비웃는 거 보니까 진짜 기분 확 나빠졌어. 기분 나빠서 내릴까 하다가 그냥 내가 지 는거 같아서 내리지는 않았어. 어우, 생각할수록 너무 열받네!	N	2022-07-08 04:19:25	2022-11-08 04:09:58
BE22007060	6	1	왜 안 그러겠어. 친구가 비웃어도 기분나쁠 판에 생판 모르는 남이 비웃었으니 더 그렇지. 지금 얘기 듣는 내가 다 덩달아 화날 지경인데. 우리 자기 기분은 오죽할까.	N	2022-07-08 04:19:25	2022-11-08 04:09:58
BE22007060	7	0	맞아. 친구라도 그렇게 대놓고 비웃었으면 너무 기분 나빴을 거야. 지금 이렇게 화나는 내가 예민한 거 아니지?	N	2022-07-08 04:19:25	2022-11-08 04:09:58
BE22007060	8	1	예민하다니. 그런 생각하지 마. 누구라도 그런 상황 겪었으면 화가 났을 만하잖아. 절대로 자기가 예민하거나 그런 거 아니니까 걱정하지 마.	N	2022-07-08 04:19:25	2022-11-08 04:09:58
BE22007060	9	0	자기가 그렇게 얘기해주니까 좀 위로가 된다. 진짜 너무 짜증나서 방금까지 속이 부글거렸는데. 기분이 좀 풀리네.	N	2022-07-08 04:19:25	2022-11-08 04:09:58
BE22007060	10	1	우리 자기 기분이 풀렸다니 너무 다행이다. 이렇게 화가 금방 풀리는 긍정적인 자기의 모습에 또 한 번 반할 거 같아.	N	2022-07-08 04:19:25	2022-11-08 04:09:58
BE22007060	11	0	빈말이어도 그런 칭찬은 듣기 좋네! 어휴. 기분좋게 서울 약속 가다가 이게 뭔 일이야. 다시는 겪고 싶지 않은 상황이야.	N	2022-07-08 04:19:25	2022-11-08 04:09:58
BE22007060	12	1	그럼. 아무래도 불쾌한 상황이기는 하지. 그래도 자꾸 생각하면 기분만 계속 안 좋아지니까 이제 그만 털어낼까? 기분 좋게 서울 약속 가야 하잖아!	N	2022-07-08 04:19:25	2022-11-08 04:09:58
BE22007060	13	0	응. 이제 그만 생각해야지. 그래도 자기 덕분에 화는 많이 풀렸어. 덕분이야. 고마워.	N	2022-07-08 04:19:25	2022-11-08 04:09:58
BE22007060	14	1	우리 자기 화날 때 기분 풀어주는 건 내 전문이잖아. 이제 그만 신경쓰고 서울 가서 맛있는 거 먹고 기분 확실히 풀고 와!	N	2022-07-08 04:19:25	2022-11-08 04:09:58
BE22007060	15	0	그럼! 얼마 만에 만나는 친구인데 기분좋게 만나야지! 도착해서 또 문자할게!	Y	2022-07-08 04:19:25	2022-11-08 04:09:58
