id	utterance_id	utterance_type	utterance_text	terminate	regDate	updDate
BE22001199	1	0	자기 집에 다 와가? 도착까지 얼마나 걸려?	N	2022-06-14 05:53:32	2022-11-08 03:32:07
BE22001199	2	1	응. 거의 도착했어. 한 10분이면 들어갈 거야.	N	2022-06-14 05:53:32	2022-11-08 03:32:07
BE22001199	3	0	도착 시간 맞춰서 피자 시켜 둔 건데 이게 아직 출발도 안 했어. 자기 배고플 텐데 어떡해.	N	2022-06-14 05:53:32	2022-11-08 03:32:07
BE22001199	4	1	그래? 주문했다고 들은 지 꽤 지난 것 같은데 아직이야? 좀 출출한 정도라 기다릴 수 있으니 괜찮아. 너무 걱정하지 마.	N	2022-06-14 05:53:32	2022-11-08 03:32:07
BE22001199	5	0	주문한 지 이미 한 시간도 넘었어. 주문 접수돼서 취소도 안 되는데 왜 이렇게 늦어지고 난리야.	N	2022-06-14 05:53:32	2022-11-08 03:32:07
BE22001199	6	1	에구 자기도 퇴근하고 배고플 텐데 늦어져서 신경에 거슬리겠네. 나도 배고프면 예민해지던데, 간단한 주전부리라도 좀 사 가지고 갈까?	N	2022-06-14 05:53:32	2022-11-08 03:32:07
BE22001199	7	0	다른 거 먼저 먹으면 배불러서 피자가 맛없을 것 같은데. 아 진짜 왜 이렇게 안 와. 가게가 전화도 안 받고 말이야.	N	2022-06-14 05:53:32	2022-11-08 03:32:07
BE22001199	8	1	가게랑 소통이 아예 안 되니 답답하겠네. 늦어지는 이유라도 듣고 기다리던가, 문제가 있으면 취소를 하던가 해야 할 텐데. 마냥 기다리려니 힘들고 짜증났겠다.	N	2022-06-14 05:53:32	2022-11-08 03:32:07
BE22001199	9	0	배고픈 것도 있는데 이렇게 시간 약속도 안 지키고 연락도 안 되니까 더 짜증 나는 것 같아.	N	2022-06-14 05:53:32	2022-11-08 03:32:07
BE22001199	10	1	맞아. 배고프면 짜증이 나는 것도 맞긴 하지만 어떤 데드라인 없이 마냥 기다리는 건 사람을 너무 지치게 하는 것 같아. 그래도 그렇게 짜증만 내고 있지 말고 배달앱 고객센터에 전화해서 확인해 보는 건 어떨까?	N	2022-06-14 05:53:32	2022-11-08 03:32:07
BE22001199	11	0	아 맞다. 그걸 왜 생각 못했지?	N	2022-06-14 05:53:32	2022-11-08 03:32:07
BE22001199	12	1	사람이 짜증이 나면 다각도로 생각하는 게 어려워지기도 해. 거기 확인해 봐서 아직 출발 안 한 거면 내가 들어가면서 간단히 요기 할 거 사 가지고 갈게.	N	2022-06-14 05:53:32	2022-11-08 03:32:07
BE22001199	13	0	그럴게. 잠시만 기다려. 확인해 보고 연락줄게.	N	2022-06-14 05:53:32	2022-11-08 03:32:07
BE22001199	14	1	나는 그동안 사 가지고 갈 게 있나 한 번 찾아볼게.	Y	2022-06-14 05:53:32	2022-11-08 03:32:07
