id	utterance_id	utterance_type	utterance_text	terminate	regDate	updDate
BE22023307	1	0	여보, 친정에서 잘 지내고 있어? 어젯밤에 내가 좀 화가는 일이 있었어. 야근을 하고 집에 왔는데, 아이들이 아직 숙제를 하지 않고 있었어.	N	2022-10-02 03:44:51	2022-10-02 03:44:51
BE22023307	2	1	이번에도 숙제를 안 해서 당신이 화가 많이 났구나. 어머니가 편찮으셔서 요즘 내가 친정에 있으니까 당신이 혼자 아이들 챙기느라 고생이 많아. 내가 얼른 가서 아이들을 돌보아서 당신을 돕고 싶은 마음이 굴뚝같아.	N	2022-10-02 03:44:51	2022-11-08 05:53:38
BE22023307	3	0	벌써 여러 차례 숙제를 제때 하라고 말을 했는데, 아이들이 말을 안 들어. 내가 더 화가 난 건 아이들의 태도 때문이야. 이따 하려고 했었다면서 방문을 쾅 닫고 들어가 버리더라고.	N	2022-10-02 03:44:51	2022-10-02 03:44:51
BE22023307	4	1	나였어도 그 장면을 직접 봤다면 정말 화가 많이 날것 같아. 특히, 당신은 예의와 예절을 더 중요하게 생각하잖아. 그런 당신이 얼마나 화가 크게 났을지 상상이 가서 더 이해가 된다.	N	2022-10-02 03:44:51	2022-11-08 05:53:38
BE22023307	5	0	응 게다가 요즘은 첫째 아이가 유독 더 말을 안 들어. 내가 대화를 시도해도, 듣고 싶어 하지 않아 하더라고. 대화를 거부하니까 나를 무시하는 것 같아서 속상하고 더 화가 나.	N	2022-10-02 03:44:51	2022-10-02 03:44:51
BE22023307	6	1	첫째가 아마 사춘기라 더 그런 걸 거야. 당신을 무시하거나, 일부러 그러는 건 아닐 테니 너무 속상해하지 말기 바라. 공부 얘기를 제외하고는, 항상 당신을 존중하고 잘 따라왔잖아.	N	2022-10-02 03:44:51	2022-11-08 05:53:38
BE22023307	7	0	난 아이들의 미래가 걱정이 돼서 그래. 공부를 하고 숙제를 해야 나중에 좋은 대학을 갈 텐데 말이야. 이제는 어린 나이도 아닌데, 철이 안 든 것 같으니 화가 나는 거야.	N	2022-10-02 03:44:51	2022-10-02 03:44:51
BE22023307	8	1	나도 요즘 우리 첫째랑 둘째 미래를 생각해 보면, 당신과 같은 마음이야. 아이들이 공부에 크게 흥미가 없는 것 같아서 걱정스럽기도 해. 그래서 숙제 안 한걸 보고 당신이 화난 마음이 이해가 돼.	N	2022-10-02 03:44:51	2022-10-02 03:44:51
BE22023307	9	0	그래서 아이들에게 화를 냈어. 그런데 한편으로는 화를 내고 나니, 미안한 마음도 좀 들고 내가 너무 예민했나 싶기도 해. 어쩌면 내가 아이들에게 좋은 아빠는 아닐 수도 있다는 생각이 들어.	N	2022-10-02 03:44:51	2022-10-02 03:44:51
BE22023307	10	1	당신이 얼마나 자상하고 아이들을 잘 챙겨주는지 나는 잘 알아. 항상 성실하고, 우리를 잘 챙겨주는 당신이 있어서 우리 가족이 지금까지 행복하게 지내올 수 있었는걸. 당신은 내가 본 그 어떤 사람보다 자상하고 가정적인 좋은 아빠야.	N	2022-10-02 03:44:51	2022-11-08 05:53:38
BE22023307	11	0	이렇게 말해줘서 고마워. 당신이 이렇게 내 편이 되어주니 그래도 내가 힘이 난다. 난 야근까지 하며 매일 힘들게 일하는데, 아이들은 숙제도 안 한 걸 보니 속상하고 화가 났었거든.	N	2022-10-02 03:44:51	2022-11-08 05:53:38
BE22023307	12	1	그 마음 내가 다 잘 알지. 지금은 비록 아이들이 공부보다는 게임이나 만화에 더 관심이 많은 거 알아. 그렇지만, 나중에는 우리가 생각한 대로 열심히 공부할 날이 올테니 당신도 기운 내.	N	2022-10-02 03:44:51	2022-11-08 05:53:38
BE22023307	13	0	응. 그럴 수 있도록 우리 함께 같이 노력해 보자. 당신도 장인어른 간호도 정신없을 텐데 이야기 들어줘서 고마워. 여보.	N	2022-10-02 03:44:51	2022-11-08 05:53:38
BE22023307	14	1	당신의 이야기라면 언제나 들을 수 있어. 나도 항상 고맙고 사랑해. 오늘도 힘내길 바라.	Y	2022-10-02 03:44:51	2022-10-02 03:44:51
