id	utterance_id	utterance_type	utterance_text	terminate	regDate	updDate
BE22022920	1	0	여보, 우리 엄마가 너무 답답하고 화가 나.	N	2022-09-30 05:11:52	2022-09-30 05:11:52
BE22022920	2	1	어머님과 안 좋은 일이 있었어?	N	2022-09-30 05:11:52	2022-09-30 05:11:52
BE22022920	3	0	돌아가신 외할머니의 유산을 엄마만 하나도 받지 않겠다고 하셨다고 해서 너무 답답하고 화가 나.	N	2022-09-30 05:11:52	2022-09-30 05:11:52
BE22022920	4	1	어머님이 외할머니께 엄청 잘하셨고 고생도 많이 하셨잖아. 어머니만 안 받으신 거면 나 같아도 속상하고 답답할 것 같아.	N	2022-09-30 05:11:52	2022-09-30 05:11:52
BE22022920	5	0	외할머니는 돌아가시고 안 계시는데, 돈이 무슨 의미가 있냐고 하시더라. 엄마 말씀도 이해는 되지만, 다른 분들은 다 받는데 굳이 엄마가 거절하시니까 너무 분통이 터져. 우리 집 형편이 좋지도 않은데 외할머니 모시느라 엄마 혼자 돈도 많이 쓰셨고.	N	2022-09-30 05:11:52	2022-09-30 05:11:52
BE22022920	6	1	화나고 속상한 당신 마음 충분히 공감이 된다. 내가 본 어머님도 외할머니를 위한 일이면 언제든 앞장서셨고, 물질적인 부분도 아끼지 않으셨으니까.	N	2022-09-30 05:11:52	2022-09-30 05:11:52
BE22022920	7	0	7남매 중에 엄마가 외할머니를 제일 지극 정성으로 모셨는데, 엄마만 안 받는다고 하니 화가 나. 몇 년간 외할머니를 뵙지도 않던 사람들은 유산을 받는대. 우리 엄마의 노고를 인정받지 못하는 기분이 들어서 속상하다.	N	2022-09-30 05:11:52	2022-11-08 05:51:21
BE22022920	8	1	돈이 다는 아니지만, 고생한 어머니가 물질적으로라도 보상을 받았으면 하는 마음이 드는 게 당연해. 어머님을 생각하는 당신의 마음이 참 예쁘네. 어머님은 참 든든하실 거야.	N	2022-09-30 05:11:52	2022-11-08 05:51:21
BE22022920	9	0	차라리 다 같이 유산을 안 받으면 좋겠어. 속상한 딸의 마음을 엄마도 좀 헤아려 주셨으면 좋겠다.	N	2022-09-30 05:11:52	2022-09-30 05:11:52
BE22022920	10	1	어머님의 의사도 존중을 해드릴 필요가 있지만, 어머니를 생각하는 자식들의 이야기도 들어주시면 좋겠네. 진지하게 말씀드려보면 생각이 달라지실 수도 있으니 너무 속상해하지 마.	N	2022-09-30 05:11:52	2022-11-08 05:51:21
BE22022920	11	0	응 엄마랑 다시 이야기해 봐야겠다. 얘기하다 보면 엄마도 생각이 달라지실 수도 있겠지.	N	2022-09-30 05:11:52	2022-11-08 05:51:21
BE22022920	12	1	어머님도 따뜻한 딸의 마음을 잘 이해해주실 거야.	N	2022-09-30 05:11:52	2022-09-30 05:11:52
BE22022920	13	0	화나고 답답한 내 마음 공감해줘서 고마워.	N	2022-09-30 05:11:52	2022-11-08 05:51:21
BE22022920	14	1	어머니와 대화해보고 또 연락줘.	Y	2022-09-30 05:11:52	2022-09-30 05:11:52
