id	utterance_id	utterance_type	utterance_text	terminate	regDate	updDate
BE22021649	1	0	여보, 지금 본가에서 올라가는 길인데 트렁크에 어머니가 싸주신 김치 봉지가 터져서 냄새가 진동해. 운전하는데 아주 머리가 아플 지경이야. 이 상황이 너무 화나고 짜증스러워.	N	2022-09-26 09:00:38	2022-11-08 05:43:50
BE22021649	2	1	당신이 냄새에 민감한데 더 짜증스럽고 힘들겠네. 서울까지 얼마나 남은 거야? 참을 수 있겠어?	N	2022-09-26 09:00:38	2022-11-08 05:43:50
BE22021649	3	0	서울까지 한 시간 정도 남았어. 이래서 김치 안가져간다고 그렇게 말했는데도 기어이 넣어주시더라고. 냄새 빠지려면 한참 걸릴 텐데 짜증나.	N	2022-09-26 09:00:38	2022-11-08 05:43:50
BE22021649	4	1	당신이 깔끔한 성격이고 평소에 차도 애지중지하는 걸 이해하지만, 그렇게 생각하면 어머니가 서운하실 거야. 오랜만에 본 아들 챙겨주시려고 한 건데 어머니의 사랑을 생각해서 감사함을 느끼면 화나는 감정이 줄어들 거야.	N	2022-09-26 09:00:38	2022-11-08 05:43:50
BE22021649	5	0	이 상황이 너무 나를 화나게 만드네. 냄새때문에 멀미까지 날 지경이라 분노가 올라와.	N	2022-09-26 09:00:38	2022-09-26 09:00:38
BE22021649	6	1	얼마 남지 않았으니까 조금만 참아보자. 어머니가 담아주신 김치 당신도 정말 좋아하잖아. 냄새도 며칠 지나면 빠질 테니 너무 걱정하지 말고 기분 좀 풀었으면 좋겠어.	N	2022-09-26 09:00:38	2022-11-08 05:43:50
BE22021649	7	0	하필 새 차 뽑은 지 얼마 되지 않아서 이런 일이 생기다니. 괴롭고 화가 나는 건 어쩔 수 없네.	N	2022-09-26 09:00:38	2022-09-26 09:00:38
BE22021649	8	1	여보, 새 차도 중요하지만 어머니의 정성과 마음이 더 소중하지 않을까? 어머니가 당신 주려고 어제부터 김치 담그시느라 고생하셨을 텐데, 그 정성과 노고를 생각하며 감동을 느껴봐. 당신이 화를 내면 부정적인 감정이 커지기만 하고 계속 당신을 힘들게만 할 거야.	N	2022-09-26 09:00:38	2022-11-08 05:43:50
BE22021649	9	0	하긴, 어머니가 많이 피곤해하시긴 하더라고. 당신 말을 들으니 내가 아직도 철이 없었던 것 같네. 괜히 화낸 게 어머니한테 미안해진다.	N	2022-09-26 09:00:38	2022-11-08 05:43:50
BE22021649	10	1	당신 화나는 마음이 좀 달래진 것 같아 나도 마음이 좀 놓이는 것 같아. 계속 툴툴대면 당신에게도 좋지 않을 텐데 하고 걱정스러웠거든.	N	2022-09-26 09:00:38	2022-11-08 05:43:50
BE22021649	11	0	내가 너무 과했던 것 같아. 당신이 조언해줘서 다행이야. 안그랬으면 어머니께 투덜거렸을지도 모르겠어.	N	2022-09-26 09:00:38	2022-11-08 05:43:50
BE22021649	12	1	그런 일이 있으면 처음에는 누구나 짜증스럽고 힘든 마음이 불쑥 솟아났을 거야. 지금이라도 마음이 풀려서 정말 다행이야.	N	2022-09-26 09:00:38	2022-11-08 05:43:50
BE22021649	13	0	고마워, 조금만 참고 얼른 집에 갈게. 집에 가서 김치 같이 먹어보자.	N	2022-09-26 09:00:38	2022-09-26 09:00:38
BE22021649	14	1	응, 내가 트렁크 청소하는 것 함께 도와줄 테니 너무 걱정 마. 그리고 힘든 상황인데 먼 거리 운전하느라 정말 고생 많지, 조금만 더 힘내보자.	Y	2022-09-26 09:00:38	2022-11-08 05:43:50
