id	utterance_id	utterance_type	utterance_text	terminate	regDate	updDate
BE22016527	1	0	나 정말 화가 나서 미쳐버리겠어. 사장님은 실무 경험이 없어서 자꾸 이상적인 얘기 꿈꾸는 소리만 하고 있어.	N	2022-08-30 11:22:43	2022-08-30 11:22:43
BE22016527	2	1	아이고, 당신 너무 힘들겠다. 이론과 실무는 다른 건데, 그걸 생각해 주지 않고 실무자들에게 이론적인 지침만 내린다면. 정말 자기가 중간에서 너무 곤욕스러울 거 같아.	N	2022-08-30 11:22:43	2022-11-08 05:09:52
BE22016527	3	0	맞아. 내가 중간 관리자 입장이잖아. 그래서 사장님 말씀을 최대한 실무진에게 반영시켜서 실무를 하도록 해야 하는데. 실무진들이 나를 이상하게 쳐다봐, 솔직히 너무 말이 안 되는 지시를 내리는 거라서.	N	2022-08-30 11:22:43	2022-08-30 11:22:43
BE22016527	4	1	당신이 중간에서 정말 화가 날 만해. 사장님이 지시한 사항을 무시하고 실무적으로 일을 처리할 수도 없고. 그렇다고 이론적으로만 하면 실무진들이 다른 세상 이야기인가 하며 의문을 제기할 거고, 너무 막막하겠다.	N	2022-08-30 11:22:43	2022-11-08 05:09:52
BE22016527	5	0	정말 난감해서 머리가 아파. 도대체 전 사장님은 무슨 생각으로 공부만 한 분을 사장 자리에 앉혀놓은 건지. 너무 답답하고 속이 터져.	N	2022-08-30 11:22:43	2022-08-30 11:22:43
BE22016527	6	1	당신이 지금 어떤 심정일지 조금은 알겠어. 우리 팀 팀장님도 외국에서 박사까지 하고 오신 분이 하신 적이 있는데. 팀장님이 말하는 게 너무 이론적이고 실질에 맞지 않아서 난감하고 문제가 많았던 기억이 나.	N	2022-08-30 11:22:43	2022-11-08 05:09:52
BE22016527	7	0	맞아, 당신도 그래서 그때 많이 힘들어했잖아. 도대체 왜 공부만 한 사람을 팀의 책임자 자리에 앉혀둬서 일을 못 하게 하냐고.	N	2022-08-30 11:22:43	2022-08-30 11:22:43
BE22016527	8	1	응, 그때 정말 힘들었어. 그래서 지금 당신이 십분 이해가 돼서 너무 안타까워. 그래도, 당신은 중간에서 가교 역할을 잘해 왔잖아, 이번에도 잘 해낼 수 있을 거야.	N	2022-08-30 11:22:43	2022-11-08 05:09:52
BE22016527	9	0	그래도 당신이 내 마음을 이해해 주고 내가 잘할 수 있을 거라고 격려해 주니까. 치밀었던 분노가 조금씩 줄어드는 느낌이야.	N	2022-08-30 11:22:43	2022-11-08 05:09:52
BE22016527	10	1	당신 마음이 조금이나마 위로받았다고 하니 너무 다행이야. 당신이 정말 힘들겠지만, 아마 전 사장님이 생각이 있으셨던 거 같아. 당신이 실무도 이론도 빠삭하잖아 거기에 책임감도 강하고 그래서 중간 책임자로 당신을 낙점한 거 같아.	N	2022-08-30 11:22:43	2022-11-08 05:09:52
BE22016527	11	0	그런가? 하긴 전 사장님이 내 업무능력을 높이 사기는 하셨어. 나를 사장 자리에 앉히고 싶긴 한데 나이가 너무 어리다고 공공연하게 말씀도 하셨거든. 그래서, 지금 사장님에게 이론적인 부분도 많이 배우고 실무진과 조율 능력도 키워보라고 하셨어.	N	2022-08-30 11:22:43	2022-08-30 11:22:43
BE22016527	12	1	그러니깐, 당신이 양쪽으로 능력이 있으니까 중간에서 역할을 잘 해주길 바랐던 거 같아. 그리고 당신이 실무에서 차곡차곡 쌓은 기술이 있잖아. 그래서 사장님은 이론에 해박하신 분으로 한 게 아닐까?	N	2022-08-30 11:22:43	2022-11-08 05:09:52
BE22016527	13	0	당신 문자를 보면서 곰곰이 생각해 보니 정말 그런 거 같아. 사장님이 너무 실무 경험이 없어서 자꾸 꿈꾸는 소리를 해서 화가 났는데. 당신 얘기를 듣고 보니 사장님의 이론과 내 실무가 결합돼서 시너지를 발휘할 거 같아.	N	2022-08-30 11:22:43	2022-11-08 05:09:52
BE22016527	14	1	그럼 그럼, 당연하지. 당신은 너무 잘 해낼 거야! 조금만 힘내.	Y	2022-08-30 11:22:43	2022-11-08 05:09:52
