id	utterance_id	utterance_type	utterance_text	terminate	regDate	updDate
BE22016304	1	0	여보, 방금 엄청 화가 나는 일이 있었어. 내가 며칠 전부터 마늘빵을 먹고 싶었는데 빵집을 갔더니 새치기해서 마지막 빵을 사 가지 뭐야. 짜증이 나, 정말.	N	2022-08-30 01:33:42	2022-11-08 05:08:29
BE22016304	2	1	잔뜩 기대해서 갔는데 실망스러웠겠네.	N	2022-08-30 01:33:42	2022-11-08 05:08:29
BE22016304	3	0	나도 화를 웬만해서는 안 내려고 하는데 그 사람은 하나도 잘못한 게 없는 표정이더라고. 마치 본인이 당연한 일을 한 것처럼 나를 쳐다보는데 더 화가 났어.	N	2022-08-30 01:33:42	2022-11-08 05:08:29
BE22016304	4	1	뭐라고? 잘못했다고 사과도 안 하고 그냥 그렇게 있었어? 당신이라도 한마디 하지 그랬어. 부당한 것은 확실하게 이야기했어야 하지 않았을까?	N	2022-08-30 01:33:42	2022-11-08 05:08:29
BE22016304	5	0	너무 화가 나서 한마디 했는데, 적반하장으로 덤벼들길래 더 화가 났어.	N	2022-08-30 01:33:42	2022-11-08 05:08:29
BE22016304	6	1	본인이 잘못한 것은 모르고 당신한테 화를 냈다고? 많이 화가 났겠다.	N	2022-08-30 01:33:42	2022-08-30 01:33:42
BE22016304	7	0	정말. 당신이 있었으면 아무 말도 못 했을 텐데 내가 혼자 있다고 생각해서 막말한 것 같아.	N	2022-08-30 01:33:42	2022-11-08 05:08:29
BE22016304	8	1	당황스러운 상황에서도 더 일이 커지지 않게 잘 참았어.	N	2022-08-30 01:33:42	2022-11-08 05:08:29
BE22016304	9	0	심지어 빵집 사장 지인인 것 같더라고. 나 말고도 다른 사람도 종종 겪었던 일인 것 같아서 더 짜증이 나.	N	2022-08-30 01:33:42	2022-08-30 01:33:42
BE22016304	10	1	역시 당신은 그런 상황에서도 침착하고 차분하게 대처했구나. 당신은 그게 큰 장점이야.	N	2022-08-30 01:33:42	2022-08-30 01:33:42
BE22016304	11	0	당신이 그렇게 말해주니까 힘이 다시 나네. 내가 너무 화를 냈나 봐.	N	2022-08-30 01:33:42	2022-11-08 05:08:29
BE22016304	12	1	괜찮아. 충분히 화가 날 만한 일이었는 걸. 당신은 항상 옳은 선택만 하는 사람이잖아. 그렇게 행동했던 것도 다 이유가 있었다고 생각해.	N	2022-08-30 01:33:42	2022-11-08 05:08:29
BE22016304	13	0	당신이 이렇게 내 편을 들어주니까 마음이 한결 가벼워졌어. 화도 좀 누그러들었고. 직장에서 일하면서 내 말 들어주기도 쉽지 않았을 텐데. 고마워.	N	2022-08-30 01:33:42	2022-08-30 01:33:42
BE22016304	14	1	마음이 좀 풀렸다니 다행이네. 아직도 마늘빵을 먹고 싶으면 퇴근하면서 사 갈게. 괜찮지?	N	2022-08-30 01:33:42	2022-11-08 05:08:29
BE22016304	15	0	응! 내 생각을 해주는 것은 당신이 최고네. 고마워.	Y	2022-08-30 01:33:42	2022-11-08 05:08:29
