id	utterance_id	utterance_type	utterance_text	terminate	regDate	updDate
BE22025165	1	0	여보, 아들이 운전하다 하마터면 사고가 날 뻔했다는데 대체 정신을 어디에 둔 건지 모르겠어! 골목길에서 운전할 때는 아이가 갑자기 튀어나올 위험이 있으니까 조심하라고 내가 누누이 말했건만! 아비 말을 듣지 않다가 이런 실수를 저지르다니, 속에서 천불이 올라와!	N	2022-10-07 03:54:07	2022-11-08 06:04:37
BE22025165	2	1	답답한 당신 심정은 이해하지만, 너무 화내지는 마세요. 그래도 천만다행으로 아들도 아이도 무사하다잖아요. 아들도 지금쯤 굉장히 반성하고 있을 터이니 그만 화 푸세요.	N	2022-10-07 03:54:07	2022-11-08 06:04:37
BE22025165	3	0	이번에 운이 좋았을지 몰라도 다음엔 어떻게 될 줄 누가 알아? 개는 대체 하나뿐인 사람의 목숨을 자기가 어떻게 책임지려는 건지 모르겠어! 이런 아들을 둔 부모로서 얼굴을 못 드니 화가 날 수밖에!	N	2022-10-07 03:54:07	2022-10-07 03:54:07
BE22025165	4	1	그래도 아들도 최선을 다해서 큰 피해를 막을 수 있었잖아요. 이런 사고는 운전자가 조심한다고 해서 피할 수 있는 성질이 아닌걸요. 다른 사람들도 아들 탓을 하지 않을 테니 너무 신경 쓰지 마세요.	N	2022-10-07 03:54:07	2022-11-08 06:04:37
BE22025165	5	0	우리 아들은 이 일만이 문제가 아니야. 뭐든 간에 내가 얘기하면 그 애는 간섭이나 잔소리로밖에 받아들이지 않아! 내가 오로지 저를 생각하는 마음으로 한 말을 듣지를 않으니 속이 터져!	N	2022-10-07 03:54:07	2022-10-07 03:54:07
BE22025165	6	1	당신의 염려와 애정을 아들이 알아주지 않으니 얼마나 섭섭하겠어요. 이해해요, 저도 아이의 건강을 생각해서 나온 말들을 귀찮아하는 아들을 보면 종종 화나는걸요.	N	2022-10-07 03:54:07	2022-11-08 06:04:37
BE22025165	7	0	그래, 이제는 내 잔소리가 듣기 싫다고 이런 일이 아니면 연락도 하지 않지! 필요할 때만 날 찾는 놈을 보니 자식을 키워서 뭘 할지 울화가 쌓여!	N	2022-10-07 03:54:07	2022-10-07 03:54:07
BE22025165	8	1	당신의 기분은 알지만, 당신이 화낼수록 오히려 아들은 당신을 두려워하고 피하니, 더 괴롭게 될 뿐이에요. 침착하게 흥분을 가라앉히고 아들의 입장에서 생각해주세요. 아들의 마음의 문이 열고 서로의 진심을 알게 된다면 분명 당신의 마음도 한결 가벼워질 거예요.	N	2022-10-07 03:54:07	2022-11-08 06:04:37
BE22025165	9	0	당신 말대로 여태껏 나는 절제하지 않은 감정으로 아들을 부담스럽게 해왔던 것 같아. 가족이라면 솔직하고 편하게 대해도 된다고 생각했거든. 내 무신경함으로 아들과 멀어진 것 같아 나 자신이 원망스러워!	N	2022-10-07 03:54:07	2022-10-07 03:54:07
BE22025165	10	1	아니에요, 당신은 이제껏 아들을 위해 최선을 다해왔잖아요. 이번만 해도 아들이 사고가 났다는 소식에 만사를 제쳐두고 달려갔던 당신인걸요. 당신은 훌륭한 아버지이니, 그런 자신의 노력을 부정하지 말아 주세요.	N	2022-10-07 03:54:07	2022-11-08 06:04:38
BE22025165	11	0	당신 덕분에 내가 여태까지 잘 해왔고 앞으로도 잘 할 수 있을 거란 자신이 생겨. 아들만의 관계도 포기하지 않고 노력하겠어. 이렇게 결심을 하니 내 속에서 올라오던 모든 화가 사라져 가는 게 느껴져.	N	2022-10-07 03:54:07	2022-10-07 03:54:07
BE22025165	12	1	지금까지 어떤 곤경에서도 가정을 지켜온 당신이라면 분명 잘 해내실 수 있을 거예요. 항상 당신을 응원하는 제가 있다는 사실을 잊지 말아 주세요.	N	2022-10-07 03:54:07	2022-11-08 06:04:38
BE22025165	13	0	고마워, 당신이 아니었다면 긴 세월 동안 나 혼자 버틸 수 없었을 거야. 늘 나를 위로해주고 격려해주는 당신이 있었기에 지금의 내가 존재하는 거야.	N	2022-10-07 03:54:07	2022-10-07 03:54:07
BE22025165	14	1	저야말로 든든하고 의지할 수 있는 당신이 있음에 얼마나 감사한걸요. 그런 고마운 당신에게 도움이 될 수 있다면 저는 정말 기뻐요.	Y	2022-10-07 03:54:07	2022-11-08 06:04:38
