id	utterance_id	utterance_type	utterance_text	terminate	regDate	updDate
BE22000197	1	0	당신 내가 그렇게 말했는데 아들한테 용돈 보냈다며?	N	2022-06-10 11:56:30	2022-11-08 03:25:30
BE22000197	2	1	허허, 그건 또 어떻게 알았을까. 아들이 이야기했어?	N	2022-06-10 11:56:30	2022-11-08 03:25:30
BE22000197	3	0	내가 보내지 말라고 했잖아. 버릇 나빠진다고. 군복무하는 녀석이 툭하면 우는 소리 하는 거 계속 들어줄 거야?	N	2022-06-10 11:56:30	2022-11-08 03:25:30
BE22000197	4	1	여보, 당신 말대로 그 녀석 군복무 중이잖아. 그 안에서 낙이 뭐가 있겠어. 틈날 때 게임도 하고 매점에서 간식도 사 먹으면서 버티는 거지.	N	2022-06-10 11:56:30	2022-11-08 03:25:30
BE22000197	5	0	군인도 월급 나온다는데 남의 아들은 그거 모아서 집에 보내준다고도 하더라. 이건 어떻게 매번 손을 벌려.	N	2022-06-10 11:56:30	2022-11-08 03:25:30
BE22000197	6	1	너무 그렇게 매정하게 말하지 마, 여보. 우리 아들이 군대 가기 전에도 그랬어? 학교 다니면서 주말마다 아르바이트했던 애잖아.	N	2022-06-10 11:56:30	2022-11-08 03:25:30
BE22000197	7	0	그건 나도 알지. 그런 애가 군대에 가서 자꾸 손을 벌리니까 화가 나서 그래. 애가 변한 건 아닐까 걱정도 되고.	N	2022-06-10 11:56:30	2022-11-08 03:25:30
BE22000197	8	1	여보, 남자들 군대 가서 당연히 변할 수밖에 없어. 그러라고 가는 군대야. 듣자 하니 그 녀석이 형편 어려운 내무반 동기들한테 자주 간식을 산다고 하더라고.	N	2022-06-10 11:56:30	2022-11-08 03:25:30
BE22000197	9	0	뭐야? 그런 거였어? 아니 그런 거였으면 내게도 말을 해줬어야지.	N	2022-06-10 11:56:30	2022-11-08 03:25:30
BE22000197	10	1	엄마한테 말을 하려는데 자꾸 화부터 내니까 말을 못하겠더래. 여보, 우리 아들을 좀 믿어줘. 어디서 허튼짓 벌일 녀석 아니라는 거 당신도 잘 알잖아.	N	2022-06-10 11:56:30	2022-11-08 03:25:30
BE22000197	11	0	하, 정말. 이걸 좋아해야 해 말아야 해?	N	2022-06-10 11:56:30	2022-11-08 03:25:30
BE22000197	12	1	물론 당신이 아들에게 실망하고 걱정하는 것도 이해해. 또 눈에서 안 보이니까 더 신경이 쓰일 테고. 그렇지만 우리 아들 괜찮아, 그러니까 노여움을 좀 풀고 이제 마음을 좀 놓지그래.	N	2022-06-10 11:56:30	2022-11-08 03:25:30
BE22000197	13	0	그래, 그래야겠지? 당신 말 들으니까 이제야 좀 마음이 가라앉네.	N	2022-06-10 11:56:30	2022-11-08 03:25:30
BE22000197	14	1	당신이 아들 바르게 키우려고 노력 열심히 한 거 잘 알고 있어. 다 큰 놈이 자꾸 손을 벌리면 화가 날 법도 하지. 그렇지만 한창 나이에 군대라는 조직에 갇혀 있는 거니까, 우리가 많이 양보하고 이해를 해주는 게 어떨까?	N	2022-06-10 11:56:30	2022-11-08 03:25:31
BE22000197	15	0	그래, 알았어. 다음에 연락 오면 좋게 이야기할게.	N	2022-06-10 11:56:30	2022-11-08 03:25:31
BE22000197	16	1	응, 당신이 그럴 거라고 믿어. 그럼 이따 퇴근하고 보자구.	N	2022-06-10 11:56:30	2022-11-08 03:25:31
BE22000197	17	0	당신에게 화내서 미안해. 그래, 이따 봐.	Y	2022-06-10 11:56:30	2022-11-08 03:25:31
