id	utterance_id	utterance_type	utterance_text	terminate	regDate	updDate
BE22025836	1	0	여보, 나 지금 너무 화나는 일이 생겼어. 이걸 어떻게 해야할 지를 모르겠어.	N	2022-10-08 17:57:31	2022-11-08 06:08:35
BE22025836	2	1	무슨 일이길래 그렇게 화가 난 거야? 해외여행 간다고 신나서 나갔었잖아.	N	2022-10-08 17:57:31	2022-11-08 06:08:35
BE22025836	3	0	내가 혹시나 늦을까 봐 일찍 나왔는데 공항의 체크인 줄이 굉장히 긴 거야. 그래서 그거 기다리다가 결국엔 비행기를 놓쳤어. 그래서 공항 측에 항의를 했더니 우리가 늦게 온 거 아니냐면서 의심을 하는 거 있지.	N	2022-10-08 17:57:31	2022-11-08 06:08:35
BE22025836	4	1	여행 첫날부터 그런 일이 있었다니 당신 정말 화가 났겠다. 신나서 나갔던 게 아까인데 그렇게 큰일이 있었다니 내가 정말 안타깝다.	N	2022-10-08 17:57:31	2022-11-08 06:08:35
BE22025836	5	0	나는 사과를 제일 먼저 할 줄 알았는데 우리 탓을 하니까 너무 화가 났어. 어떻게 이럴 수가 있는거지?	N	2022-10-08 17:57:31	2022-10-08 17:57:31
BE22025836	6	1	당신이 고생해서 계획한 여행인데 일이 처음부터 이렇게 되어서 더 화가 나는 것 같아. 내가 당신 입장이었어도 직원들의 그런 태도에 정말 크게 화가 났을 거야. 당신 마음이 너무 이해가 가.	N	2022-10-08 17:57:31	2022-11-08 06:08:35
BE22025836	7	0	처음부터 이런 일이 일어나니까 너무 허탈하고 화가 너무 많이 나. 공항의 대처에 너무 실망했고 앞날이 막막해.	N	2022-10-08 17:57:31	2022-10-08 17:57:31
BE22025836	8	1	공항 측의 실수 때문에 당신 여행이 첫날부터 꼬여서 너무 마음이 아프다. 당신이 얼마나 고생했는지 옆에서 봐온 내가 제일 잘알아서 더 그런 것 같아. 지금 당장 당신한테로 달려가고 싶네.	N	2022-10-08 17:57:31	2022-11-08 06:08:35
BE22025836	9	0	일이 꼬여도 어떻게 이렇게 꼬일까. 직원들의 태도가 너무 마음에 안 들고 여행을 다 관두고 집에 가버리고 싶을 정도로 화가 나.	N	2022-10-08 17:57:31	2022-11-08 06:08:35
BE22025836	10	1	당신이 그런 무례한 태도때문에 화가 난거 충분히 이해해. 혼자서 이런 큰일을 해결하고 있을 당신이 얼마나 힘들지 짐작이 안 간다. 하지만 나는 이런 일 때문에 당신의 여행이 망쳐지지 않았으면 좋겠어.	N	2022-10-08 17:57:31	2022-11-08 06:08:35
BE22025836	11	0	생각해보니까 당신 말이 맞는 것 같아. 내가 얼마나 고생해서 준비한 여행인데 이런 일로 그만둘 수는 없어.	N	2022-10-08 17:57:31	2022-11-08 06:08:35
BE22025836	12	1	당신이 다시 기운을 찾은 거 같아서 다행이다. 당신이 오늘 이 시련을 잘 극복하면 나중에는 정말 좋은 추억이 되어있을 거라고 생각해. 나는 당신이 잘할 거라고 믿어 의심치 않아.	N	2022-10-08 17:57:31	2022-11-08 06:08:35
BE22025836	13	0	그렇게 위로해줘서 정말 고마워, 여보. 당신덕분에 내가 마음을 다잡고 다시 힘내서 여행할 수 있을 거 같아.	N	2022-10-08 17:57:31	2022-11-08 06:08:35
BE22025836	14	1	내가 당신한테 도움이 되었다니까 정말 기뻐. 힘든 일 있으면 언제나 나한테 얘기하고 즐겁고 신나는 여행이 되길 바랄게!	Y	2022-10-08 17:57:31	2022-11-08 06:08:35
