id	utterance_id	utterance_type	utterance_text	terminate	regDate	updDate
BE22021465	1	0	여보, 당신 지난번에 가지고 싶어 했던 그 블라우스 있잖아. 기억나지?	N	2022-09-26 00:47:24	2022-09-26 00:47:24
BE22021465	2	1	응, 그거 계속 품절이어서 나도 기다리다가 포기했잖아. 왜? 그거 입은 사람 봤어?	N	2022-09-26 00:47:24	2022-09-26 00:47:24
BE22021465	3	0	아니, 사실 내가 당신한테 선물로 주고 싶어서 계속 보다가 지난주에 재고가 있길래 주문했거든. 그런데 쇼핑몰 대처가 너무 별로인 것 있지. 그 상담원 말투를 생각하니까 또 분노가 치밀어.	N	2022-09-26 00:47:24	2022-09-26 00:47:24
BE22021465	4	1	대처라니 무슨 일이야? 물건에 무슨 문제가 있어?	N	2022-09-26 00:47:24	2022-09-26 00:47:24
BE22021465	5	0	응. 블라우스 단추가 뜯어진 채로 온 거야. 그래서 교환 신청을 했는데, 사진을 보더니 발송 이후 문제인 것 같다면서 시치미를 딱 떼더라고. 통화하는데 목소리가 나를 진상 취급하는 것 같아서 너무 화가 나더라.	N	2022-09-26 00:47:24	2022-09-26 00:47:24
BE22021465	6	1	그랬구나. 그러면 내가 교환 택배비를 내고 교환 받아서 예쁘게 입어볼게. 당신이 신경 써서 선물해준 옷인데 그냥 환불하고 싶지는 않아.	N	2022-09-26 00:47:24	2022-11-08 05:42:45
BE22021465	7	0	그렇게 하겠다고도 이미 얘기해봤는데 당신 사이즈는 또 품절이라는 거야. 그러니 그냥 입으라는 거지 뭐. 무슨 응대가 이 모양인 지 너무 화가 나.	N	2022-09-26 00:47:24	2022-09-26 00:47:24
BE22021465	8	1	불량품을 받았는데 응대가 엉망이어서 당신 정말 기분이 나빴겠네. 애써서 선물해주려다 괜히 당신 기분만 망친 것 아닌 지 괜히 내가 다 미안하기도 하고. 신경 써 준 마음만 해도 나는 너무 고마우니까 이제 그만 잊어버리고 기분 풀어, 여보.	N	2022-09-26 00:47:24	2022-11-08 05:42:46
BE22021465	9	0	기분 좋게 깜짝 선물 하고 싶었는데 이렇게 되니 나도 화가 나서 죽겠어. 실수는 할 수 있는데 직원이 귀찮아하는 말투에 내가 옷을 망가뜨린 걸 다 안다는듯이 얘기하더라고. 그 회사는 CS 교육을 전혀 안 시키나 봐.	N	2022-09-26 00:47:24	2022-09-26 00:47:24
BE22021465	10	1	진정해 여보, 단추가 뜯어진 정도면 내가 수선해서 입을 수 있을 것 같기도 해. 당신이 선물해 준 마음만 해도 나는 너무 고맙고 행복한데 당신이 화나있는 모습 보니까 마음아프다. 이제 쇼핑몰은 잊고 내가 이 옷 입고 행복할 걸 생각해봐, 나는 너무 마음에 드는걸.	N	2022-09-26 00:47:24	2022-11-08 05:42:46
BE22021465	11	0	정말? 수선해서 입을 수 있는 정도이긴 해. 당신이 고쳐서 입을 수만 있으면 모든 게 해결인데! 직접 고쳐서 입을 수 있다고 말해주니 정말 고마워.	N	2022-09-26 00:47:24	2022-09-26 00:47:24
BE22021465	12	1	이 정도라면 내가 꿰매서 입을 수 있겠는데? 구멍이 나거나 찢어진 건 아니라서 충분히 내가 수선해서 입을 수 있을 것 같아. 당신 덕분에 내가 진짜 가지고 싶었던 블라우스가 드디어 내 손에 들어왔네!	N	2022-09-26 00:47:24	2022-09-26 00:47:24
BE22021465	13	0	정말? 그러면 다행이다. 나는 괜히 당신 기대감만 높여주고 입지도 못할까 봐 말할까 말까 망설였어.	N	2022-09-26 00:47:24	2022-09-26 00:47:24
BE22021465	14	1	정말 고마워 여보. 당신같이 다정한 남편은 없을 거야. 내일 당장 입을게, 우리 오랜만에 저녁에 데이트하러 가자!	N	2022-09-26 00:47:24	2022-11-08 05:42:46
BE22021465	15	0	당신이 좋아하는 모습 보니까 나도 기쁘다. 좋아해줘서 고마워 여보.	Y	2022-09-26 00:47:24	2022-09-26 00:47:24
