id	utterance_id	utterance_type	utterance_text	terminate	regDate	updDate
BE22002697	1	0	날 더워지니까 방충망 때문에 열불이 나.	N	2022-06-22 10:12:14	2022-11-08 03:41:50
BE22002697	2	1	그러게, 날이 더워서 창문을 닫아 놓을 수가 없는데. 방충망에서 자꾸 가루가 날리니까 열어놓을 수도 없고 난감하네.	N	2022-06-22 10:12:14	2022-11-08 03:41:50
BE22002697	3	0	정말 내 집 창문 활짝 열어놓고 맑은 공기 마시고 싶다고. 방충망이 부식돼서 손만 대도 가루가 떨어지는데 어떻게 창문을 여냐고. 답답해서 짜증만 나.	N	2022-06-22 10:12:14	2022-11-08 03:41:50
BE22002697	4	1	답답해하는 자기 마음을 내가 왜 모르겠어. 실내 공기 오염도를 낮추려면 창문을 열어 환기를 자주 시키라고 하는데, 그걸 못하는 상황이잖아. 당신이 짜증 나는 게 당연하지.	N	2022-06-22 10:12:14	2022-11-08 03:41:50
BE22002697	5	0	아니, 집주인은 왜 이걸 못 해준다는 거야? 방충망이 녹슬고 부식되는 게 하루 이틀 사이에 되는 일이냐고? 내가 분통이 터져서.	N	2022-06-22 10:12:14	2022-11-08 03:41:50
BE22002697	6	1	내가 생각해도 이해가 안 되는 처사야. 집주인이 너무 이기적인 것 같아. 당신에게 화내지 말고 참으라는 말이 도저히 안 나와.	N	2022-06-22 10:12:14	2022-11-08 03:41:50
BE22002697	7	0	우리가 이 집에 이사 온 지 겨우 일 년이 넘었어. 그런데 방충망은 소모품이란 말만 하고 있잖아? 이사 올 때 집을 꼼꼼히 보지 않은 우리 탓이라니, 그게 말이 돼?	N	2022-06-22 10:12:14	2022-11-08 03:41:50
BE22002697	8	1	말로 천 냥 빚도 갚는다는데, 참 아무 말이나 생각 없이 말한다. 너무 속상해하지 마.	N	2022-06-22 10:12:14	2022-11-08 03:41:50
BE22002697	9	0	집주인이 모르쇠로 나가니까 정말 맘 같아서는 방충망 없이 지내고 싶어. 그런데 고생은 우리가 하니까 결국은 미련한 행동인 거지?	N	2022-06-22 10:12:14	2022-11-08 03:41:50
BE22002697	10	1	역시 자기는 대단해. 나 같으면 감정에 휘말려 방충망 수리할 생각은 절대 못 했을 거야. 그리곤 덥고 답답하다고 스트레스 잔뜩 받겠지.	N	2022-06-22 10:12:14	2022-11-08 03:41:50
BE22002697	11	0	아직 머리로는 그래야 한다고 생각하지만, 돈 들어갈 거 생각하면 분노가 치밀어올라.	N	2022-06-22 10:12:14	2022-11-08 03:41:50
BE22002697	12	1	그나마 우리가 이 집에 시세보다 훨씬 저렴하게 전세를 들어왔으니 얼마나 다행이야. 그 이자로 방충망 수리한다고 정신 승리라도 하자.	N	2022-06-22 10:12:14	2022-11-08 03:41:50
BE22002697	13	0	그렇게 생각하니 좀 낫네. 다음에 이사 갈 때는 방충망도 잘 살펴보자고.	N	2022-06-22 10:12:14	2022-11-08 03:41:50
BE22002697	14	1	당연하지, 우리가 이번에 큰 경험 했잖아. 다음엔 잘하자.	Y	2022-06-22 10:12:14	2022-11-08 03:41:50
