id	utterance_id	utterance_type	utterance_text	terminate	regDate	updDate
BE22025785	1	0	여보, 요즘도 산에 덫이나 올무 같은 것들을 설치해서 야생동물을 잡으려는 사람들이 있나 봐. 그런 것에 걸려서 다리가 절단된 야생동물들에 대한 다큐멘터리를 보는데, 너무 화가 나.	N	2022-10-08 14:48:36	2022-11-08 06:08:18
BE22025785	2	1	어떡해. 너무 불쌍하다. 다리를 잃고 어떻게 야생에서 버틸 수 있을까?	N	2022-10-08 14:48:36	2022-10-08 14:48:36
BE22025785	3	0	한 다리가 없어서 쩔뚝거리면서 먹이를 찾는 곰이 나오는데 너무 불쌍하고 진짜 화가 주체가 안 돼. 몸이 부들부들 떨린다. 사람이 제일 잔인하다는 말이 맞아.	N	2022-10-08 14:48:36	2022-11-08 06:08:18
BE22025785	4	1	당신 말에 전적으로 동의해. 대체 왜 동물들을 그렇게 못살게 굴고 괴롭히는 걸까.	N	2022-10-08 14:48:36	2022-10-08 14:48:36
BE22025785	5	0	진짜 잔인한 게 먹을 게 없는 동물들이 먹을 것을 찾으러 오는 길목에 몰래 덫을 놓는대. 그 동물들은 배고파서 오다가 덫에 걸리는 거야.	N	2022-10-08 14:48:36	2022-11-08 06:08:18
BE22025785	6	1	진짜 너무 잔혹하다. 당신 다큐멘터리 보면서 너무 힘들었겠다. 우리같이 동물을 엄청나게 좋아하는 사람들은 그런 다큐멘터리는 진짜 보는 것 자체가 너무 고통이야.	N	2022-10-08 14:48:36	2022-11-08 06:08:18
BE22025785	7	0	응. 특히 덫에 걸려서 코와 다리를 잃은 새끼 코끼리 영상을 보는데, 진짜 눈물이 나올 정도야. 그 영상을 보니까 진짜 분노가 주체가 안 되더라.	N	2022-10-08 14:48:36	2022-11-08 06:08:18
BE22025785	8	1	당신은 동물원의 동물도 불쌍하다고 못 보는 사람이니까 어떤 감정이었을지 조금은 이해할 수 있어. 진짜 너무 잔인한 세상이야.	N	2022-10-08 14:48:36	2022-11-08 06:08:18
BE22025785	9	0	천사 같은 새끼 코끼리가 너무 불쌍해서 다큐멘터리를 보고 난 후에도 계속 힘드네. 회사에서도 그런 올무에 걸린 우리나라 사례도 찾아봤어. 많더라. 특히 겨울에 밀렵을 많이 하나봐.	N	2022-10-08 14:48:36	2022-11-08 06:08:18
BE22025785	10	1	동물들의 본능을 이용해서 해하려고 한다는 자체가 너무 잔인하고 비인간적이야. 그런 행동을 하는 사람들의 처벌을 지금보다 더 강화해야 할 필요가 있지 않을까?	N	2022-10-08 14:48:36	2022-11-08 06:08:18
BE22025785	11	0	찾아보니까 처벌이 약하더라. 제일 중요한 건 그런 덫을 놓는 사람들을 잡기가 너무 어려워. 방대한 지역에 몰래 놓고 가니까 수거만 할 뿐 범인을 잡는 것은 불가능하대.	N	2022-10-08 14:48:36	2022-11-08 06:08:18
BE22025785	12	1	그렇구나. 어떻게 하면 불쌍한 동물들이 더 다치지 않고 행복하게 살 수 있을까에 대해 의문이야. 당신 말 듣고 검색해보니, 올무나 덫을 제거하는 봉사활동이나 캠페인들이 있더라.	N	2022-10-08 14:48:36	2022-11-08 06:08:18
BE22025785	13	0	아 그래? 신청하면 그 봉사활동이나 캠페인에 참여할 수 있다는 거네? 좋은 방법인 것 같아. 한 녀석이라도 안 다치게 제거해주면 보람 있을 것 같네.	N	2022-10-08 14:48:36	2022-11-08 06:08:18
BE22025785	14	1	나도 똑같은 생각이야. 우리 주위에도 많을 것 같아서 조금이라도 없앨 수 있다면 도움이 되지 않을까 싶네.	N	2022-10-08 14:48:36	2022-11-08 06:08:18
BE22025785	15	0	좋은 방법을 알려줘서 고마워. 좌절하고 있었는데, 뭔가 개선할 수 있을 것 같아서 다행이야.	Y	2022-10-08 14:48:36	2022-11-08 06:08:18
