id	utterance_id	utterance_type	utterance_text	terminate	regDate	updDate
BE22026417	1	0	부인 회사에 신입 사원이 들어와서 교육을 하게 되었어요. 그런데 계속 실수를 반복하고 인생은 별거 없다면서 왜 그렇게 빡빡하게 구냐고 되려 물어요. 제 의견이나 일에 대해 진지하게 받아들이지 않는 듯해 몹시 화가 났어요.	N	2022-10-10 08:24:27	2022-11-08 06:12:04
BE22026417	2	1	실수가 사원 전체에게 영향을 줄 수도 있는데 그런 태도를 보이면 저도 화났을 거예요. 인생과 업무에 나름의 의미를 갖고 노력하는 사람도 분명 있는데 무시당하는 기분도 들잖아요. 자기가 얼마나 화가 났을지 짐작도 하기 어려울 정도예요.	N	2022-10-10 08:24:27	2022-11-08 06:12:04
BE22026417	3	0	맞아요 부인 말처럼 본인은 별거 아니라고 말하지만 그건 노력하는 사람에게는 실례가 되죠. 심지어 계속 별 거 아니라고 답하니까 제 말을 무시하는 기분이 들어 더 화났어요. 조금도 저의 이야기를 진지하게 받아들이려고 하지 않는 것 같아서 기분이 나빴어요.	N	2022-10-10 08:24:27	2022-11-08 06:12:04
BE22026417	4	1	기분이 나쁠 때는 타인의 의도를 좋지 않은 방향으로 추측하게 되는 경향이 있잖아요. 분명하지 않은 사실로 자신이 무시 당한다고 생각하면 더 화가 나고 괴로울 거예요. 그저 신입 사원의 말버릇이나 다른 이유가 있다고 이해하면 화가 가라앉고 마음이 차분해지지 않을까요?	N	2022-10-10 08:24:27	2022-11-08 06:12:04
BE22026417	5	0	하긴 저뿐만 아니라 다른 사람에게도 같은 말을 반복하더군요. 제가 또 화가 나서 흥분한 나머지 좋지 않은 생각을 했던 것 같아요. 이 버릇을 고치자고 마음을 먹었음에도 감정 조절을 못 하는 자신에게 화가 나네요.	N	2022-10-10 08:24:27	2022-11-08 06:12:04
BE22026417	6	1	자기가 바뀌자고 생각한 지점부터 이미 변화는 시작된 거라고 생각하면 자신이 생길 거예요. 목표에 비하면 자신이 부족하게 느껴지겠지만 포기하지 않았기에 지금에 이를 수 있었잖아요. 여보는 충분히 노력하고 있으니까 자신을 격려하고 자신감을 가졌으면 좋겠어요.	N	2022-10-10 08:24:27	2022-11-08 06:12:04
BE22026417	7	0	하지만 결과로 이어지지 않는 노력은 무의미하다는 생각이 들어요. 제가 아무리 노력해도 결국 화를 내고 만다면 상대가 힘들어하는 건 마찬가지잖아요. 그런데 노력했다는 말로 제가 스스로 합리화하려 든다는 생각에 화가 나요.	N	2022-10-10 08:24:27	2022-10-10 08:24:27
BE22026417	8	1	성패와 상관없이 노력한 과정은 경험으로 쌓여 인생의 어려움을 이겨내는 힘이 되니까 그 자체로도 성과에요. 과정을 통해 얻은 배움과 느꼈던 감정은 새로운 성장의 기회로도 이어지니까 의미가 있어요. 원하던 결과가 아니더라도 다른 길로 향하는 지점을 찾을 수도 있다고 생각하면 기운이 날 거예요.	N	2022-10-10 08:24:27	2022-11-08 06:12:04
BE22026417	9	0	부인 말처럼 노력은 다양한 경험이 되어 제 속에 쌓이겠죠. 그렇지만 정말 화나는 부분은 제가 아무리 노력해도 제가 원하는 대로 이뤄지지 않는다는 거예요. 그럴 때 저는 스스로가 무척 무력하다는 생각이 들거든요.	N	2022-10-10 08:24:27	2022-11-08 06:12:04
BE22026417	10	1	저도 노력했던 일이 예상하지 못했던 문제로 무너질 때 속상한 마음에 분노가 일어나곤 했어요. 그렇지만 인생은 뜻대로 되지 않기 때문에 생각하지 못한 즐거움을 경험하게 될 때도 있죠. 예기치 않은 문제처럼 생각하지 못했던 행운이 온다고 생각하면 기분이 좋아질 거예요.	N	2022-10-10 08:24:27	2022-11-08 06:12:04
BE22026417	11	0	그렇네요, 제 계획에 없던 회사로 들어가서 부인을 만나고 결혼하게 되었잖아요. 그건 예상하지 못한 즐거움이었고 목표와는 달랐지만 그래서 오히려 좋았죠. 부인 덕에 그런 행복도 있다는 사실이 떠올라서 기분이 좋아졌어요.	N	2022-10-10 08:24:27	2022-10-10 08:24:27
BE22026417	12	1	맞아요, 그리고 목표에 이르지 못하더라도 노력한 과정은 모두 차곡차곡 쌓이죠. 그 모든 경험은 훌륭한 밑거름이 되어 다른 일을 할 때 힘이 될 거예요. 여보의 노력은 충분히 값지고 의미 있다고 생각하면 좀 더 긍정적인 기분이 들지 않나요?	N	2022-10-10 08:24:27	2022-11-08 06:12:04
BE22026417	13	0	제 행동에 의미가 있고 변화로 이어진다고 생각하니 제가 강인한 존재로 느껴져요. 세상에 휘둘리는 게 아니라 새로운 기회를 찾아 유연하게 움직이는 거라는 생각도 드네요. 앞으로도 생각지 못한 일을 겪는다고 생각하니 많은 가능성과 희망이 남은 듯해요.	N	2022-10-10 08:24:27	2022-10-10 08:24:27
BE22026417	14	1	저와의 대화로 여보가 다시 희망을 얻었다니 정말 기쁘네요. 여보는 충분히 자신의 삶을 선택하고 정할 수 있는 강한 존재에요. 경험하지 않은 모든 일이 가능성으로 남아있으니까 더 희망을 갖고 힘내봐요!	Y	2022-10-10 08:24:27	2022-11-08 06:12:04
