id	utterance_id	utterance_type	utterance_text	terminate	regDate	updDate
BE22024518	1	0	여보, 내가 오늘 정말 화가 나는 일을 겪었어. 아직도 열이 뻗쳐서 정말 죽겠어.	N	2022-10-05 11:49:59	2022-10-05 11:49:59
BE22024518	2	1	무슨 일이길래 그렇게 화가 난 거야? 안 좋은 일 있었어?	N	2022-10-05 11:49:59	2022-11-08 06:00:45
BE22024518	3	0	아니, 내가 오늘 뻥튀기 가게에 썬 가래떡을 준비해서 갔어. 분명 옆집 아줌마가 그렇게 가져가면 된다고 그랬단 말이야. 그랬더니 갑자기 가게 주인이 나한테 화를 내는 거 있지?	N	2022-10-05 11:49:59	2022-11-08 06:00:46
BE22024518	4	1	당신한테 갑자기 그러니까 당신도 엄청 화가 났겠다. 그 사람은 대체 당신한테 왜 그렇게 화를 낸 거래? 당신이 무슨 잘못을 했다고 당신한테 그런 짓을 하는거야?	N	2022-10-05 11:49:59	2022-11-08 06:00:46
BE22024518	5	0	그래서 내가 왜 화를 내냐고 물어봤더니 엄청 횡설수설 하면서 왜 이렇게 가져왔냐고 그러는 거야. 그런데 다른 사람들도 다 그렇게 가져왔는데 나한테만 역정을 내시는 거 있지. 내가 너무 짜증나고 분해서 참을 수가 없어.	N	2022-10-05 11:49:59	2022-11-08 06:00:46
BE22024518	6	1	당신이 그렇게 부당한 일을 겪었으니까 화가 나는 거 나는 충분히 이해해. 당신한테 그런 일이 일어났다고 생각하니까 내가 마음이 너무 아프고 안쓰럽다. 내가 옆에 있어 주지 못해서 미안해.	N	2022-10-05 11:49:59	2022-11-08 06:00:46
BE22024518	7	0	내가 만만해 보였는지 나한테만 그러더라. 나도 같이 화내려다가 사람들이 너무 많아서 그냥 참고 가게에서 나왔어. 진짜 생각할수록 화가 너무 많이 나.	N	2022-10-05 11:49:59	2022-10-05 11:49:59
BE22024518	8	1	당신한테만 그런 일을 했으니까 당신이 그렇게 화내는 거 잘못된 일 아니야. 그 상황에서 다른 사람들을 배려해서 참고 넘어간 당신 속이 정말 넓고 대단하다고 생각해. 나였으면 당신처럼 현명하게 대처하지 못 했을거야.	N	2022-10-05 11:49:59	2022-11-08 06:00:46
BE22024518	9	0	내가 마음같아서는 지금이라도 가서 따지고 싶은데 그냥 참는 거야. 진짜 너무 억울하고 분해서 집안일이 손에 안 잡혀.	N	2022-10-05 11:49:59	2022-11-08 06:00:46
BE22024518	10	1	그렇게 안 좋은 일을 겪었는데 일이 손에 안 잡히고 화가 나는 건 당연한 일이야. 당신 혼자서 얼마나 억울하고 화가 났을지 짐작이 안 간다. 그래도 이 일 때문에 당신의 오늘이 안 좋은 하루로 기억되지 않았으면 좋겠어.	N	2022-10-05 11:49:59	2022-11-08 06:00:46
BE22024518	11	0	사실 나 당신한테 말하기 전까지는 화가 머리끝까지 나서 주체를 할 수가 없었거든. 근데 당신이 내 마음 다 알아주고 보듬어주니까 화가 많이 가라앉았어.	N	2022-10-05 11:49:59	2022-11-08 06:00:46
BE22024518	12	1	내가 당신한테 도움이 되었다니까 다행이다. 나는 당신 잘못도 아닌 일 때문에 계속 당신이 신경 쓰지 않았으면 해. 당신이 늘 행복하고 밝게 살아갔으면 좋겠어.	N	2022-10-05 11:49:59	2022-11-08 06:00:46
BE22024518	13	0	당신같이 착한 사람이 내 남편이라 정말 다행이야. 당신이 옆에 있어 줘서 나 지금 너무 행복하고 좋아.	N	2022-10-05 11:49:59	2022-11-08 06:00:46
BE22024518	14	1	나도 여보가 내 옆에 있어 줘서 얼마나 행복한지 몰라. 우리 항상 같이 시련을 극복해나가면서 잘 살아보자. 나는 우리가 평생 같이 있을 거라고 믿어 의심치 않아.	N	2022-10-05 11:49:59	2022-11-08 06:00:46
BE22024518	15	0	당신만 내 옆에 있어 준다면 어떤 고난이 와도 나아갈 자신이 있어. 너무 사랑하고 고마워, 여보.	Y	2022-10-05 11:49:59	2022-11-08 06:00:46
