id	utterance_id	utterance_type	utterance_text	terminate	regDate	updDate
BE22003800	1	0	여보! 이게 말이 된다고 생각해?	N	2022-06-26 07:34:15	2022-11-08 03:48:53
BE22003800	2	1	응, 여보 무슨 일이데 그래. 천천히 말해 봐.	N	2022-06-26 07:34:15	2022-11-08 03:48:53
BE22003800	3	0	내가 우리 딸이 공부하고 있길래. 가서 좀 도와주려고 했는데 뭐라고 했는 줄 알아? 아빠는 간섭하지 말라고 나한테 그랬다니까!	N	2022-06-26 07:34:15	2022-11-08 03:48:53
BE22003800	4	1	에구, 그런 말을 들었다고? 많이 상처받았겠다. 괜찮아? 당신은 도와주려고 했던 건데 오해받아서 원망도 됐겠다.	N	2022-06-26 07:34:15	2022-11-08 03:48:53
BE22003800	5	0	맞아! 내가 다 잘 되게 하려고 하는 거지. 방해하려고 하겠어? 내가 그런 정도밖에 안 되는 존재인가봐, 걔한테는, 이제 우리 딸 아니야. 남의 딸이야!	N	2022-06-26 07:34:15	2022-11-08 03:48:53
BE22003800	6	1	여보, 많이 억울하고 힘들었겠다. 여보가 도와주는 것도 잘하고 똑똑한 거 내가 잘 아는데, 아이 입장에선 아니었나 봐. 여보가 많이 속상했을 거 같아.	N	2022-06-26 07:34:15	2022-11-08 03:48:53
BE22003800	7	0	내가 학교 다닐 때 공부도 얼마나 잘했는데. 지 키우느라고 얼마나 고생을 했는데, 그런 아빠를 무시할 수가 있어? 어떻게 그럴 수가 있어? 어떻게?	N	2022-06-26 07:34:15	2022-11-08 03:48:53
BE22003800	8	1	여보, 그동안 고생한 거 다른 사람은 몰라줘도 나는 잘 알아. 여보 만났을 때부터 우리 딸 태어나고 같이 먹이고 입히고 재우고 했던 거 다 알지. 그런데 그런 노력을 했던 여보가 우리 딸한테 그런 말을 들었을 때, 가슴이 먹먹했을 거 같아.	N	2022-06-26 07:34:15	2022-11-08 03:48:53
BE22003800	9	0	맞아. 이건 아니야. 정말 아니야. 부모 자식 간에도 지켜야 할 선이 있는 거라고.	N	2022-06-26 07:34:15	2022-11-08 03:48:53
BE22003800	10	1	여보 마음 정말 공감돼. 아이가 크면서 점점 멀어지는 그 기분. 그래도 우리가 부모니까 같이 대화하면서 거리를 좁혀 나갈 수 있겠지?	N	2022-06-26 07:34:15	2022-11-08 03:48:53
BE22003800	11	0	이미 내 마음속에는 그럴 마음이 있는지 모르겠어. 배은망덕하잖아.	N	2022-06-26 07:34:15	2022-11-08 03:48:53
BE22003800	12	1	맞아, 나도 여보처럼 그렇게 느낄 때가 많아. 그런데 자식이 어떻게 부모 속을 다 알겠어. 그럼 자식이 아니겠지 싶어.	N	2022-06-26 07:34:15	2022-11-08 03:48:53
BE22003800	13	0	나만 이렇게 화나는 거 아니지? 여보.	N	2022-06-26 07:34:15	2022-11-08 03:48:53
BE22003800	14	1	응응 맞아. 그래도 우리 가족이잖아. 노력한 거 안 받아줄 때는 나한테 말해. 그리고 나도 서운한 거 있을 때 여보한테 말하잖아. 우린 한 팀이야.	N	2022-06-26 07:34:15	2022-11-08 03:48:54
BE22003800	15	0	그래 여보, 여보밖에 없어. 나도 조금만 천천히 노력해 볼게. 고마워. 나도 우리 가족이 계속 행복했으면 좋겠어.	Y	2022-06-26 07:34:15	2022-11-08 03:48:54
