id	utterance_id	utterance_type	utterance_text	terminate	regDate	updDate
BE22014311	1	0	하, 오늘도 야근해야 할 것 같아. 도저히 제시간에 끝낼 수가 없네.	N	2022-08-16 06:48:53	2022-08-16 06:48:53
BE22014311	2	1	요즘 매일같이 야근이네? 하루 종일 회사에 있으려면 너무 힘들겠다. 일이 그렇게 많은 거야?	N	2022-08-16 06:48:53	2022-11-08 04:56:05
BE22014311	3	0	일도 일인데 회사에서 점점 더 많은 걸 바라네. 주된 일 외에도 교육이며, 문서 작업 같은 잡다한 일이 더 생겼거든. 그래서 정작 해야 할 일을 못 하는 느낌이라 어이가 없어.	N	2022-08-16 06:48:53	2022-11-08 04:56:05
BE22014311	4	1	그런 거면 정말 주객이 전도된 느낌이겠다! 잡다한 일 때문에 주된 일을 할 시간이 뺏기면 말이 안 되는 거 아니야? 그것 때문에 매일 이렇게 야근을 해야 한다는 게 너무 비합리적이라 좋게 생각할 수가 없겠다.	N	2022-08-16 06:48:53	2022-11-08 04:56:05
BE22014311	5	0	그러니까. 자기 말대로 주객이 전도돼서 정작 업무 시간에는 업무를 못 하거든. 회사가 상황을 봐가면서 저런 잡일을 시켜야 하는데 몰라도 너무 모르는 것 같아서 화가 나.	N	2022-08-16 06:48:53	2022-11-08 04:56:05
BE22014311	6	1	그러게, 직원들이 어떻게 일을 하고 있는지 파악을 하고 저런 일도 시켜야 맞는 건데. 시키니까 안 할 수도 없고, 그거 하느라 매일 야근하고 여러모로 스트레스 받을 것 같아서 걱정이야. 내가 자기였어도 마음이 너무 조급해지고 답답할 것 같아.	N	2022-08-16 06:48:53	2022-11-08 04:56:05
BE22014311	7	0	오랜만에 스트레스가 극에 달한 것 같아. 해야 할 일 마감 기한이 있는데, 그 사이에 저런 잡다한 일들이 껴있어서 압박이 심해. 그렇다고 대충 할 수도 없잖아?	N	2022-08-16 06:48:53	2022-11-08 04:56:05
BE22014311	8	1	나였어도 그럴 것 같아. 마감이 정해져 있으면 사람이 압박감을 느끼기 마련인데 이것저것 다른 일까지 추가되면 얼마나 조급하겠어. 그래도 야근까지 하면서 책임감 있게 다 해내려고 하는 자기가 새삼 대단하게 느껴져.	N	2022-08-16 06:48:53	2022-11-08 04:56:05
BE22014311	9	0	어쩔 수 없으니까 하긴 하지만 이런 데에 시간을 쓰기 전이 일에 더 집중할 수 있었거든. 그래서 시간도 아깝고 일의 효율도 떨어지는 것 같아서 너무 아쉬워.	N	2022-08-16 06:48:53	2022-11-08 04:56:05
BE22014311	10	1	자기 말대로 일의 흐름이 끊기는 느낌을 많이 받을 것 같긴 해. 그래도 그런 교육이나 문서작업 등도 결국에는 자기 일하는 데에 도움이 되지 않을까? 그리고 일에만 매달렸을 때는 머리를 환기할 기회도 잘 없었잖아.	N	2022-08-16 06:48:53	2022-11-08 04:56:05
BE22014311	11	0	그건 그래. 커피 마실 시간도 없이 일만 하곤 했었는데 잡일을 하면 환기는 되는 느낌이야. 교육도 나름 도움이 될 때도 있긴 하니까.	N	2022-08-16 06:48:53	2022-08-16 06:48:53
BE22014311	12	1	자기가 주 업무의 압박 때문에 그걸 제외한 일들이 너무 부담으로만 느껴졌던 것 같아. 이렇게 매일 야근을 하는 건 말이 안 되니까 이 부분은 팀장님께 말씀을 드려보는 건 어때? 주 업무의 처리 기한만 늘어나도 자기의 심적 부담이 훨씬 줄어들지 않을까?	N	2022-08-16 06:48:53	2022-11-08 04:56:05
BE22014311	13	0	그러게. 생각해 보면 그게 맞는 것 같아. 그래야 일을 더 꼼꼼히 할 수도 있을 것 같고. 가끔 머리도 식힐 수 있을 것 같네.	N	2022-08-16 06:48:53	2022-08-16 06:48:53
BE22014311	14	1	힘들겠지만 오늘까지만 조금 고생하고 내일 말씀드려보자! 이렇게 일에 진심인 자기 마음을 팀장님이 몰라줄 리가 없어! 다 일을 위한 제안이니까 받아주실 거야.	N	2022-08-16 06:48:53	2022-11-08 04:56:05
BE22014311	15	0	그래야겠다. 자기 덕분에 생각이 정리가 됐어. 항상 고마워.	Y	2022-08-16 06:48:53	2022-08-16 06:48:53
