id	utterance_id	utterance_type	utterance_text	terminate	regDate	updDate
BE22017736	1	0	진짜 너무 어이가 없고, 화가 나서 말도 안 나오네요. 수액 주사를 놓는데 무려 다섯 번을 꽂았다가 뺐다가를 반복해요. 진짜 너무 아파서 눈물이 찔끔 났어요.	N	2022-09-12 02:49:26	2022-11-08 05:17:13
BE22017736	2	1	당신 너무 분노가 치밀겠어요. 한번 찌르는 것도 아니고 무려 다섯 번이나 그랬으니, 얼마나 아프고 어이가 없었겠어요. 안 그래도 장염이 심해서 응급실에 간 건데.	N	2022-09-12 02:49:26	2022-11-08 05:17:13
BE22017736	3	0	그러니까요, 검사할 때부터 혈관을 못 찾아서 몇 번 찌르더니. 그때도 괜찮으냐고 묻는 거예요. 그래서 초보인 거 같아서 괜찮다고 하고 넘어갔는데, 해도 너무해서 화나요.	N	2022-09-12 02:49:26	2022-11-08 05:17:13
BE22017736	4	1	당신이 꾹꾹 참고 있던 걸 텐데, 당신 문자에서 지금 얼마나 어이없고 분노가 치미는지 다 느껴져서 안타까워요. 나는 병원에서 주사 놓을 때 잘못 찌르면 아파서 악하고 소리를 지르는데. 특히, 통각에 예민한 당신은 얼마나 아팠을지 너무 안쓰럽네요.	N	2022-09-12 02:49:26	2022-11-08 05:17:13
BE22017736	5	0	그러니까요, 내가 통각에 무척 예민한 편이잖아요. 그래서 평소에 다른 사람이 살짝 치기만 해도 아파서 눈물이 나고요. 그런데 이런 적은 처음이라 얼마나 황당하고 화나던지.	N	2022-09-12 02:49:26	2022-11-08 05:17:13
BE22017736	6	1	그래서 더 안타까워요. 나 같으면 그 자리에서 바로 화를 냈을 거 같아요, 한 번에 좀 제대로 하라고요. 그런데 초보인 간호사 선생님 입장을 배려해서 꾹 참는 당신의 다정함이 진심으로 대단해요.	N	2022-09-12 02:49:26	2022-11-08 05:17:13
BE22017736	7	0	나도 정말 화를 낼 뻔했어요. 그런데 그 간호사 선생님이 왠지 얼마 안 되신 거 같더라고요. 그래서 자꾸 다른 간호사 선생님이 왔다 갔다 잘하고 있나 살피고.	N	2022-09-12 02:49:26	2022-11-08 05:17:13
BE22017736	8	1	그랬구나, 당신처럼 착한 사람이 그러면 싫은 소리 더 못했겠어요. 당신도 신입 때 이것저것 다 눈치 보이고 조금만 실수해도 사수가 뭐라고 한다고 슬퍼했잖아요. 그래서 초심자들을 많이 이해해 주는 편이고 다정하게 대해주잖아요.	N	2022-09-12 02:49:26	2022-11-08 05:17:13
BE22017736	9	0	당신 문자처럼, 내가 신입일 때 얼마나 이것저것 다 신경 쓰이고 눈치가 보이던지. 그래서 그 간호사 선생님 보는데 내 신입 시절도 떠오르고 해서 화를 못 내겠더라고요. 내가 화내면 바로 다른 간호사가 주의를 주거나 혼낼 거 같아서요.	N	2022-09-12 02:49:26	2022-11-08 05:17:13
BE22017736	10	1	당신 진짜 멋져요. 자기가 어이가 없고 분노가 치밀었는데 그분을 생각해서 꾹 참다니, 정말 멋져요. 대부분 사람은 화나면 앞뒤를 안 가리고 화내는 일이 많은데, 자기는 상대를 배려해 준 거잖아요.	N	2022-09-12 02:49:26	2022-11-08 05:17:13
BE22017736	11	0	초보 때 실수는 누구나 하는 거잖아요. 간호사 선생님이 실수를 반복하면서 괜찮냐고 물어봐서. 안 그래도 화나고 짜증 났는데 당신이 괜찮냐며 걱정해주고 나를 칭찬해주니까 마음이 편해져요.	N	2022-09-12 02:49:26	2022-11-08 05:17:13
BE22017736	12	1	당신 마음이 나랑 문자를 나누면서 조금씩 괜찮아지고 있다고 하니까 다행이야. 그리고 아마 그 간호사 선생님은 당신한테 정말 미안하고 무척 당황스러워서 자꾸 물어보신 걸 거야. 거기다가 당신이 화내지 않아서 너무 힘이 나고 고마웠을 거야.	N	2022-09-12 02:49:26	2022-11-08 05:17:13
BE22017736	13	0	그럴까요? 하긴 표정이 정말 나에게 고마워하는 느낌이었어요. 그리고 당신이랑 문자 나누면서 기분이 점점 좋아지고 있어요. 고마워요.	N	2022-09-12 02:49:26	2022-11-08 05:17:13
BE22017736	14	1	당신이 배려심 넓고 다정해서 너무 멋져요. 그리고 그분도 일부러 그러신 건 아니니까. 너무 기분 나빠하지 않아도 돼요.	N	2022-09-12 02:49:26	2022-11-08 05:17:13
BE22017736	15	0	그렇죠, 일부러 그런 건 아니니까. 당신 덕분에 화났던 마음이 다 가라앉았어요.	Y	2022-09-12 02:49:26	2022-11-08 05:17:13
