id	utterance_id	utterance_type	utterance_text	terminate	regDate	updDate
BE22024442	1	0	여보, 동문회에서 만나는 선배에게 내 소개를 10번도 더한 것 같은데 아직도 내 이름을 모르더라. 어제는 순간적으로 어찌나 화가 나던지 표정관리까지 안 되었어.	N	2022-10-05 08:17:47	2022-10-05 08:17:47
BE22024442	2	1	한두 번도 아니고 그렇게 자주 만났는데 기억을 못 한다니! 나라도 서운하고 화가 날 것 같네. 동문회에 사람도 많았을 텐데 당신이 민망하기도 하고 속상했겠다.	N	2022-10-05 08:17:47	2022-11-08 06:00:19
BE22024442	3	0	선배가 자기에게 도움이 되지 않으면 관심이 없다는 이유로 필요한 사람만 기억하고 잘해준다고 하더군. 그 이야기를 들으니 더 자존심도 상하고 화가 나더라.	N	2022-10-05 08:17:47	2022-10-05 08:17:47
BE22024442	4	1	당연하지. 동문회에서 필요에 의해서 사람을 기억한다니 너무 속상할 것 같네. 나라도 자존심 상하고 기분 나빴을 것 같아.	N	2022-10-05 08:17:47	2022-11-08 06:00:19
BE22024442	5	0	본인에게 도움이 된다는 이유로 나보다 더 후배인 친구들만 내 앞에서 어찌나 챙기던지. 솔직히 좋게 보이지도 않고 화나는 감정이 나아지지 않더라.	N	2022-10-05 08:17:47	2022-10-05 08:17:47
BE22024442	6	1	당신 앞에서 유독 그렇게 했다면 나라도 기분이 많이 상했을 것 같아. 즐거운 마음으로 동문회에 참석했는데 당신이 기분 상했을 생각 하니 내 마음도 안 좋네.	N	2022-10-05 08:17:47	2022-11-08 06:00:19
BE22024442	7	0	누구나 자기에게 도움이 되면 좋겠지. 하지만 이렇게 자주 만나는데 기억을 못 하는 건 이해가 안 돼. 이제 일부러 그러는 것 같아서 더 화가 나더라.	N	2022-10-05 08:17:47	2022-10-05 08:17:47
BE22024442	8	1	당신이 그런 생각들 수도 있을 것 같아. 당신이 예의 바른 사람이라 항상 선배가 기억을 못 하는 걸 알면서도 인사했구나. 선배도 시간이 지나면 당신의 진심을 알 텐데 정말 안타까운 일이네.	N	2022-10-05 08:17:47	2022-11-08 06:00:19
BE22024442	9	0	어제 너무 화가 나서 동문회 분위기를 내가 망친 건 아닐지 갑자기 걱정도 되네.	N	2022-10-05 08:17:47	2022-10-05 08:17:47
BE22024442	10	1	당신은 화가 난다고 해서 다른 사람에게 표현하거나 심술궂게 행동하지 않는 게 당신의 최고의 장점이잖아. 그런 일은 없었을 것 같은데? 그런 일이 있다 해도 다른 사람들도 이해할 수 있는 상황일 것 같아.	N	2022-10-05 08:17:47	2022-11-08 06:00:19
BE22024442	11	0	좀처럼 화나는 기분이 나아지질 않았는데 당신과 얘기하다 보니 분노가 씻은 듯 내려가네. 정말 고마워.	N	2022-10-05 08:17:47	2022-10-05 08:17:47
BE22024442	12	1	당신의 마음이 조금이라도 나아졌다니 나도 기분이 좋네. 너무 마음에 담아두지 마. 그러면 당신이 더 힘들어질 것 같아 걱정이야.	N	2022-10-05 08:17:47	2022-11-08 06:00:19
BE22024442	13	0	고마워. 선배의 행동에 개의치 않았겠다. 따뜻한 말 고마워.	N	2022-10-05 08:17:47	2022-10-05 08:17:47
BE22024442	14	1	아니야. 다음에는 더 기분 좋은 동문회가 되길 바랄게.	Y	2022-10-05 08:17:47	2022-11-08 06:00:19
