id	utterance_id	utterance_type	utterance_text	terminate	regDate	updDate
BE22009732	1	0	여보, 오늘 우리 아들 얼굴에 상처 났어.	N	2022-07-18 06:11:07	2022-11-08 04:27:06
BE22009732	2	1	다쳤어? 당신이 많이 놀랐겠다. 어쩌다가 그런 거야?	N	2022-07-18 06:11:07	2022-11-08 04:27:06
BE22009732	3	0	어린이집 같은 반 친구가 손톱으로 할퀴었나 봐. 흉터 생기면 어떡하지. 너무 화가 나 죽겠어.	N	2022-07-18 06:11:07	2022-11-08 04:27:06
BE22009732	4	1	아이고, 그랬구나. 여보, 화난 마음 충분히 이해되네. 나 같아도 처음엔 화부터 났을 거야.	N	2022-07-18 06:11:07	2022-11-08 04:27:06
BE22009732	5	0	응, 어린이집 선생님이 먼저 전화를 주셨더라고. 통화할 땐 애들끼리 그럴 수 있다고 괜찮은 척했는데 막상 아들 얼굴을 보니 화가 나.	N	2022-07-18 06:11:07	2022-11-08 04:27:06
BE22009732	6	1	그렇지. 막상 눈으로 보면 감정이 더 올라오잖아. 나는 말만 들어도 속상한데, 당신은 더 화났을 거야. 우리 아들은 많이 놀라진 않았어?	N	2022-07-18 06:11:07	2022-11-08 04:27:06
BE22009732	7	0	응. 우리 아들은 지금 아무 일 없었던 듯 잘 놀아. 그 친구랑 사이가 좋았나 봐.	N	2022-07-18 06:11:07	2022-11-08 04:27:06
BE22009732	8	1	그렇구나. 다행이다. 그럼 자기도 노여움을 좀 풀어보면 어떨까? 그게 우리 아들에게도 더 좋을 거야. 고의가 아니라 놀다가 실수로 그런 거라 생각해봐.	N	2022-07-18 06:11:07	2022-11-08 04:27:06
BE22009732	9	0	응, 그렇지? 머리로는 그렇게 생각하는데 흉터 생길까 봐 그게 좀 그렇네.	N	2022-07-18 06:11:07	2022-11-08 04:27:06
BE22009732	10	1	그래도 크게 다친 것이 아니라서 다행이라고 생각하는 건 어떨까? 걱정되는 마음은 잘 알지만, 너무 심각하게 생각하지 마.	N	2022-07-18 06:11:07	2022-11-08 04:27:06
BE22009732	11	0	그래? 알겠어. 일단 지금 밴드 붙여놓기는 했는데 잘 아무는지 확인해봐야겠어.	N	2022-07-18 06:11:07	2022-11-08 04:27:06
BE22009732	12	1	응, 여보. 마음을 편하게 가지자. 그리고 이번 기회에 우리 아들한테도 친구들 다치지 않게 조심해야 한다고 알려주면 좋을 것 같아.	N	2022-07-18 06:11:07	2022-11-08 04:27:06
BE22009732	13	0	그러네. 내가 너무 아들 다친 거만 생각했나 봐. 이따 아들이랑 얘기해볼게.	N	2022-07-18 06:11:07	2022-11-08 04:27:06
BE22009732	14	1	응, 여보. 많이 놀라고 화났을 텐데 차분하게 잘 대응하는구나.	N	2022-07-18 06:11:07	2022-11-08 04:27:06
BE22009732	15	0	고마워. 여보 덕분에 이제 괜찮아졌어.	Y	2022-07-18 06:11:07	2022-11-08 04:27:06
