id	utterance_id	utterance_type	utterance_text	terminate	regDate	updDate
BE22014737	1	0	여보, 나 오늘 보고서 마감일이라 제출하자마자 여름 휴가계 제출했거든? 그런데 말도 안 되는 이유로 반려된 거 있지. 이미 직원의 80퍼센트가 휴가를 써서 이번 달은 휴가계를 더 못 받는다는 게 말이 돼?	N	2022-08-19 04:33:38	2022-11-08 04:58:45
BE22014737	2	1	휴가가 반려되다니, 여름휴가 기대 많이 했을 텐데 정말 속상하겠다. 더군다나 오늘 보고서까지 마감했으면 그동안 고생 많이 했을 텐데 그런 보상도 못 받아서 어떡해? 진짜 내가 다 야속하고 속상해.	N	2022-08-19 04:33:38	2022-11-08 04:58:45
BE22014737	3	0	그러니까, 이런 이유로 반려될 거라고는 상상도 못 했어. 사실 이번에 맡은 보고서도 내가 떠맡은 거나 다름없단 말이야. 내 주 업무도 아닌 일 열심히 해서 바쳤더니, 진짜 화가 나서 머리가 아플 지경이야.	N	2022-08-19 04:33:38	2022-11-08 04:58:45
BE22014737	4	1	당신이 열심히 노력한 거 내가 다 아는데, 인정받지 못해서 정말 속상하겠다. 그것도 납득하기 어려운 이유를 들어서 정말 마음이 답답하겠어. 여보, 너무 스트레스를 받아서 힘들면 잠깐 밖에 나가서 바람이라도 쐬고 와.	N	2022-08-19 04:33:38	2022-11-08 04:58:45
BE22014737	5	0	진짜 나가서 잠깐 시원한 커피라도 마셔야겠어. 너무 화가 나서 진정이 안 되네. 이미 휴가 계획까지 다 세워뒀는데 이런 법이 어디 있어.	N	2022-08-19 04:33:38	2022-11-08 04:58:45
BE22014737	6	1	계획했던 일이 틀어지면 마음이 불안해지고 김이 새버리지. 그래도 당신이 고생한 공은 어디 가지 않을 거니까 너무 마음 상하지 않았으면 좋겠어. 제일 중요한 건 자기 능력을 인정하는 거니까, 그동안 정말 수고 많았어.	N	2022-08-19 04:33:38	2022-11-08 04:58:45
BE22014737	7	0	응, 이번에 보고서 쓰면서 회사에 나처럼 일 잘하는 사람이 몇 없다는 걸 느꼈어. 그러면서 자부심이 생기기는 하더라고. 휴가를 반려하면서 상사도 되게 미안해하더라.	N	2022-08-19 04:33:38	2022-11-08 04:58:45
BE22014737	8	1	어쩔 수 없는 사항이었나 보네. 마음 아프고 속상하지만, 이번에는 인정하고, 다음 달에 휴가 갈 생각 하면서 마음을 풀어보자. 변하지 않는 일로 마음만 쓰면 스트레스가 쌓이니까, 당신이 걱정돼서 그래.	N	2022-08-19 04:33:38	2022-11-08 04:58:45
BE22014737	9	0	그래, 어쩔 수 없지. 충분히 내 사정을 말씀드렸으니까, 정정해주지 못한다면 인정하는 수밖에. 휴가 계획 다음 달로 수정하면 그래도 극성수기는 피할 수 있겠다.	N	2022-08-19 04:33:38	2022-11-08 04:58:45
BE22014737	10	1	맞아, 하지만 당신의 화가 난 감정을 모두 이해해. 그래도 괜히 남들 다 휴가 갈 때 같이 가면 주차할 때도 없고 힘들잖아. 화를 가라앉히고 긍정적으로 생각해보면 오히려 좋은 기회인 것 같지 않아?	N	2022-08-19 04:33:38	2022-11-08 04:58:45
BE22014737	11	0	그렇게 생각하니까 또 좋은 것도 같네. 이번에 발주처도 다 휴가라서 이번 달은 조금 여유가 있을 것 같거든. 사무실에서 에어컨 바람이나 쐬면서 일하면 나름 괜찮을지도 몰라.	N	2022-08-19 04:33:38	2022-11-08 04:58:45
BE22014737	12	1	그래, 이런 기회에 여유롭게 일하면 정말 좋겠다. 역시 당신은 부정적인 감정에 매몰되지 않아서 다행이야. 이제 화가 좀 풀렸어?	N	2022-08-19 04:33:38	2022-11-08 04:58:45
BE22014737	13	0	응, 긍정적으로 생각하니까 또 이게 더 좋은 것 같네. 고마워, 기분이 풀렸어.	N	2022-08-19 04:33:38	2022-08-19 04:33:38
BE22014737	14	1	기분이 풀린 것 같아서 보기 좋다. 이제 휴가 계획 다시 세우면서 좋은 일만 생각하자. 다음 달은 틀림없이 이번 달보다 좋아질 거야.	N	2022-08-19 04:33:38	2022-11-08 04:58:45
BE22014737	15	0	당신이 그렇게 말하니까 정말 그럴 것 같아. 고마워.	Y	2022-08-19 04:33:38	2022-11-08 04:58:45
