id	utterance_id	utterance_type	utterance_text	terminate	regDate	updDate
BE22003287	1	0	아주버님이 아버지 병원비 모자라면 사채까지 쓰래. 이게 무슨 말이야?	N	2022-06-24 06:12:52	2022-11-08 03:45:36
BE22003287	2	1	나도 그런 소리는 처음 듣네. 어떻게 된 일인지 설명해 줄 수 있어?	N	2022-06-24 06:12:52	2022-11-08 03:45:36
BE22003287	3	0	병원비랑 간병비 어마어마하게 나갈 텐데 우리 집은 그것밖에 안 보태냐면서 오지랖이잖아. 돈 없으면 그 정도는 해야 된대.	N	2022-06-24 06:12:52	2022-11-08 03:45:36
BE22003287	4	1	형이 못할 말을 했네. 내가 대신 사과할게.	N	2022-06-24 06:12:52	2022-11-08 03:45:36
BE22003287	5	0	당신이 사과할 건 뭐야? 사과는 아주버님이 해야지. 자기 집 사정도 아니면서 왜 나한테 갑자기 난리야?	N	2022-06-24 06:12:52	2022-11-08 03:45:36
BE22003287	6	1	네 말이 맞아. 이건 백 번 다시 생각해도 무조건 형이 잘못한 거야. 내 앞에서 그렇게 말했으면 나였어도 화냈을걸.	N	2022-06-24 06:12:52	2022-11-08 03:45:36
BE22003287	7	0	나는 화도 못 냈어. 그냥 듣고만 있다가 집에 오니까 화가 나네.	N	2022-06-24 06:12:52	2022-11-08 03:45:36
BE22003287	8	1	형이 실언을 했네. 사채는 말도 안 되지. 안 그래도 자기가 요즘 돈 걱정이 많았는데 그 말까지 들어서 마음이 복잡했겠다.	N	2022-06-24 06:12:52	2022-11-08 03:45:36
BE22003287	9	0	맞아. 사실 그것 때문에 좀더 마음이 그랬는지도 몰라. 병원비 감당 안 됐던 건 사실이니까.	N	2022-06-24 06:12:52	2022-11-08 03:45:36
BE22003287	10	1	사실 나도 걱정이 좀 됐었거든. 그래서 이번에 보험금 조회를 해봤어. 예전에 들었던 보험이 있어서 해결할 수 있겠더라고.	N	2022-06-24 06:12:52	2022-11-08 03:45:36
BE22003287	11	0	보험 쪽은 생각도 못 해봤네. 그렇다면 정말 다행이다. 당신도 노력하고 있었구나, 고마워.	N	2022-06-24 06:12:52	2022-11-08 03:45:36
BE22003287	12	1	아니야. 매번 병원 찾아가는 것도 일인데 당신이 늘 노력하는 게 멋져. 아버지도 분명 좋아하실 거야.	N	2022-06-24 06:12:52	2022-11-08 03:45:36
BE22003287	13	0	당신도 시부모님 수술하실 때 어떻게 했는데. 그때 보고 배운 거야.	N	2022-06-24 06:12:52	2022-11-08 03:45:36
BE22003287	14	1	가족이니까 그 정도는 당연히 하지.	Y	2022-06-24 06:12:52	2022-11-08 03:45:36
