id	utterance_id	utterance_type	utterance_text	terminate	regDate	updDate
BE22014870	1	0	오늘 작은 아이가 산책하면서, 형이 밉다고 하더라고. 무슨 일인가 했더니 친구가 자기에게 해코지했는데 큰아이가 모른척했다면서 원망 섞인 투정을 하더라. 큰 녀석에게 어찌나 화가 나던지, 참느라 애썼어.	N	2022-08-19 07:05:49	2022-11-08 04:59:35
BE22014870	2	1	동생을 지켜주지 않는 형이라니. 부모 입장에서 화도 나고, 서운하기도 하고, 마음이 너무 복잡하다.	N	2022-08-19 07:05:49	2022-11-08 04:59:35
BE22014870	3	0	내가 딱 그런 마음이야. 어려울 때마다 힘이 되어주는 든든한 존재가 형인데, 큰아이는 왜 그리 이기적인지 모르겠어. 그런 걸 생각하면 화도 나고, 어떻게 그 태도를 고쳐야 할지 생각하면 막막하다.	N	2022-08-19 07:05:49	2022-11-08 04:59:35
BE22014870	4	1	자기도 형이 있으니, 동생이 느끼는 형의 모습을 잘 알겠다. 그러니 큰아이가 저런 모습으로 동생을 대하는 게 더 감정적으로 다가올 수 있을 것 같아.	N	2022-08-19 07:05:49	2022-11-08 04:59:35
BE22014870	5	0	어, 동생을 좀더 살갑게 대하면 얼마나 좋을까 하는 기대가 항상 있어.	N	2022-08-19 07:05:49	2022-11-08 04:59:35
BE22014870	6	1	큰아이를 바라보며 자기가 많이 믿고 의지하려는 마음이 나에게는 느껴지는걸. 그런 기대가 있으니 조그만 일에도 실망감이 커지는 것 같아. 하지만 큰아이도 분명 자기만의 이유가 있을 테니, 너무 화내지만 말고 우리 그것도 생각해 보자.	N	2022-08-19 07:05:49	2022-11-08 04:59:35
BE22014870	7	0	언제나 큰아이의 개인주의적인 성향에 내 기대가 무너져. 비슷한 상황이 한두 번이 아니었으니 너무 화가 나.	N	2022-08-19 07:05:49	2022-11-08 04:59:35
BE22014870	8	1	나도 큰아이에게 서운한 마음만 들었지, 큰아이 상황을 생각해 보면 어떨까? 늘 형이라는 위치에 부담을 느끼거나 힘들어하는 건 아닐까?	N	2022-08-19 07:05:49	2022-11-08 04:59:35
BE22014870	9	0	당신 말을 듣고 천천히 생각해 보니, 큰아이의 입장을 전혀 고려하지 않은 것 같네. 큰아이는 무조건 잘해야 하고, 동생을 챙겨야 한다는 가정이 항상 되어 있었어.	N	2022-08-19 07:05:49	2022-11-08 04:59:35
BE22014870	10	1	맞아 우리도 부모로 사는 건 처음이니까 실수를 많이 하게 되잖아. 자기가 만약 큰아이에게 화를 냈다면, 많이 후회했을 것 같아.	N	2022-08-19 07:05:49	2022-11-08 04:59:35
BE22014870	11	0	큰아이랑 둘이 산책하며, 아이의 말을 들어볼 기회를 만들어 봐야겠어. 분명 그 녀석도 무슨 생각이 있어 그런 행동을 했을 거야.	N	2022-08-19 07:05:49	2022-11-08 04:59:35
BE22014870	12	1	큰아이를 믿고 대화로 아이의 마음을 읽으려는 당신의 선택이 자랑스럽다. 아무리 부모, 자식 간이라도 말로 표현하지 않으면, 알 수 없으니 말이야.	N	2022-08-19 07:05:49	2022-11-08 04:59:35
BE22014870	13	0	당신 덕분에 화를 누르고, 아이와 대화할 수 있는 방법을 찾게 돼서 정말 다행이야. 그렇지 않았다면, 후회할 뻔했어.	N	2022-08-19 07:05:49	2022-11-08 04:59:35
BE22014870	14	1	자기가 내 마음을 읽어주려 다가와 줘서 내가 더 고맙지. 이렇게 대화로 문제를 해결해 나가는 우리 사이가 난 너무 좋아.	N	2022-08-19 07:05:49	2022-11-08 04:59:35
BE22014870	15	0	나도 당신 덕분에 대화하는 방법을 배워가. 정말 고마워, 언제나 다정하게 내 곁에 있어 줘서.	Y	2022-08-19 07:05:49	2022-11-08 04:59:35
