id	utterance_id	utterance_type	utterance_text	terminate	regDate	updDate
BE22022370	1	0	오늘 택시 몰다가 무지 화나는 일이 있었어.	N	2022-09-28 08:43:11	2022-09-28 08:43:11
BE22022370	2	1	우리 남편, 웬만한 일에는 화 잘 안 내잖아. 많이 안 좋은 일이야?	N	2022-09-28 08:43:11	2022-11-08 05:48:06
BE22022370	3	0	아니 글쎄, 어떤 승객이 도착지에 도착하자마자 돈을 안 내고 도망가지 뭐야. 결국 경찰에 신고해서 받아내긴 했는데, 아직도 너무 괘씸하고 화가 나.	N	2022-09-28 08:43:11	2022-09-28 08:43:11
BE22022370	4	1	요즘도 그런 사람이 있어? 여보 정말 화났겠다. 나도 듣기만 했는데 분노가 차오르는걸.	N	2022-09-28 08:43:11	2022-11-08 05:48:06
BE22022370	5	0	그 사람 한 명 때문에 시간을 많이 허비해서 오늘 손님도 몇 명 못 받았어. 생각보다 손해가 커서 화가 쉽게 가라앉지 않네.	N	2022-09-28 08:43:11	2022-09-28 08:43:11
BE22022370	6	1	나도 그렇게 비양심적인 사람들이 피해를 주고 다니는 걸 보면 구역질이 날 정도로 화가 나. 그 사람은 언젠가 꼭 자기가 한만큼 돌려받게 될 거야. 그러니 너무 마음에 담아두지 마.	N	2022-09-28 08:43:11	2022-11-08 05:48:06
BE22022370	7	0	그때 내가 더 현명하게 대처할 수는 없었던 걸까? 당황해서 우왕좌왕하느라 쓸데없이 많은 시간을 허비한 나 자신에게도 화가 나서 견딜 수 없어.	N	2022-09-28 08:43:11	2022-09-28 08:43:11
BE22022370	8	1	누구나 그런 예상치 못한 일을 맞닥뜨리면 여보처럼 당황할 거야. 그래도 당황한 와중에도 경찰에 신고해서 돈을 받아냈잖아. 여보는 충분히 침착하고 현명한 사람이야.	N	2022-09-28 08:43:11	2022-11-08 05:48:06
BE22022370	9	0	그렇게 말해줘서 고마워. 그런데 아직도 그 손님의 도망가는 뒷모습만 생각하면 끓어오르는 분노가 도저히 가라앉질 않아. 어떻게 해야 하지?	N	2022-09-28 08:43:11	2022-11-08 05:48:06
BE22022370	10	1	그 상황에 대해 생각하는 것을 그만두고, 주의를 조금 환기시켜 보는 건 어때? 이미 지나간 일이고, 또 결국은 돈도 잘 받았잖아. 안 좋은 일을 계속해서 곱씹는 것보단, 앞으로의 좋은 일들을 떠올리는 게 기분에 좋을 거야.	N	2022-09-28 08:43:11	2022-11-08 05:48:06
BE22022370	11	0	당신 말대로 계속 화가 났던 그 상황을 떠올리다 보니까 기분이 더 안 좋아진 듯해. 그 사실을 깨달으니 조금 진정된다. 앞으로의 좋은 일들이라, 뭐가 있을까?	N	2022-09-28 08:43:11	2022-11-08 05:48:06
BE22022370	12	1	다음 주에 있을 우리 여행에 대해 생각해보는 건 어때? 여행 계획도 짜고, 준비물을 챙기다보면 자연스럽게 기분이 환기되지 않을까?	N	2022-09-28 08:43:11	2022-11-08 05:48:06
BE22022370	13	0	맞아, 여행이 있었지. 오늘 일 때문에 완전히 까먹고 있었어. 여행을 앞두고 고작 그 한 사람 때문에 기분을 망쳐서는 안 되지.	N	2022-09-28 08:43:11	2022-09-28 08:43:11
BE22022370	14	1	여보가 다시 기운을 차려서 다행이다. 그럼 일단 여행지부터 정해볼까? 내가 여행지별로 특징을 정리해놓은 리스트를 찾아놓았는데, 이거 보내줄 테니 한 번 읽어봐.	N	2022-09-28 08:43:11	2022-11-08 05:48:06
BE22022370	15	0	역시 우리 아내는 믿음직스럽다니까. 고마워. 보내주면 바로 확인해볼게.	Y	2022-09-28 08:43:11	2022-09-28 08:43:11
