id	utterance_id	utterance_type	utterance_text	terminate	regDate	updDate
BE22024478	1	0	여보, 나 아직 공항이야. 언제 비행기가 뜰지 알 수가 없네. 계속 지연 안내만 올라오니 화가 나서 죽겠어.	N	2022-10-05 09:21:56	2022-10-05 09:21:56
BE22024478	2	1	저런, 아직도 출발을 못한 거면 오늘 올 수는 있나? 하루 더 있다가 와야 하는 거 아니야?	N	2022-10-05 09:21:56	2022-10-05 09:21:56
BE22024478	3	0	그거야 알 수 없지. 태풍 영향으로 거의 모든 비행기가 연착에 출발 지연이라네. 예보에선 비껴갈 거라더니 짜증스럽게도 진로가 달라졌나 봐.	N	2022-10-05 09:21:56	2022-11-08 06:00:32
BE22024478	4	1	모든 비행기가 다 그런 거면 정말 앞을 알 수가 없겠구나. 공항에 계속 갇혀 있어야 하니 답답하고 짜증나서 어떡해? 아무리 천재지변이라지만 계획이 어그러지는 거 너무 화나는 일이지.	N	2022-10-05 09:21:56	2022-11-08 06:00:32
BE22024478	5	0	얼마나 더 기다려야 하는지, 오늘 과연 비행기가 뜰 수나 있는지 전혀 모르니 정말 한심해. 죄송한 기색도 없이 어쩔 수 없으니 무작정 기다리라고 해. 항공사 태도가 더 괘씸하고 화가 나네.	N	2022-10-05 09:21:56	2022-11-08 06:00:32
BE22024478	6	1	차라리 취소 안내를 하고 숙소로 안내를 받으면 몰라도 마냥 기다리려니 울분에 휩싸일 것 같아. 공항 의자도 불편할 텐데 대체 전전긍긍 몇 시간째 기다리는 거야. 어디다 화풀이를 할 수도 없으니 답답하고 괴롭겠지.	N	2022-10-05 09:21:56	2022-11-08 06:00:32
BE22024478	7	0	태풍 예보가 어긋난 것도 짜증이고, 공항 대처도 답답하기 짝이 없어. 어떻게 이렇게 무책임하게 대기만 시키는지 속이 끓어넘칠 것 같아.	N	2022-10-05 09:21:56	2022-10-05 09:21:56
BE22024478	8	1	출장 끝나고 집에 올 순간만 기다리고 있었는데 정말 속상하겠다, 여보. 미래를 몰라서 더 막막할 거야. 얼마나 고단하고 힘들지까 생각하니, 나까지 막 팔다리가 저린 것 같아.	N	2022-10-05 09:21:56	2022-11-08 06:00:32
BE22024478	9	0	혹시라도 운항이 재개될까 싶어서 자리를 뜰 수도 없고 눈이 빠질 지경이야. 진짜로 너무 피곤하고 힘들어서 버럭 소리라도 지르고 싶어.	N	2022-10-05 09:21:56	2022-10-05 09:21:56
BE22024478	10	1	순간이동 마법이라도 부려서 우리 남편 집으로 데려오면 좋겠네. 속상하지만 태풍만 지나가면 얼른 집에 올 수 있으니까 행복한 상봉을 기대하며 조금만 더 참아봐. 애들이랑 나랑 당신 보고 싶어서 엄청 기다리고 있는 거 알지?	N	2022-10-05 09:21:56	2022-11-08 06:00:32
BE22024478	11	0	그럼, 알지. 나도 너무너무 보고 싶고 빨리 집에 가고 싶어. 당신이 마법으로 날 소환해주는 걸 상상하니 막 행복해진다. 편안한 우리 집을 상상하며 좀 더 참아볼게.	N	2022-10-05 09:21:56	2022-10-05 09:21:56
BE22024478	12	1	어서 만나고 싶은 우리 가족의 염원을 받아서라도 태풍이 빨리 가라앉을 거야. 애들 사진이라도 보면서 마음 달래면 좀 견디기 쉬우려나. 답답하면 서성서성 로비라도 좀 걸어다니면서 다리 풀어.	N	2022-10-05 09:21:56	2022-11-08 06:00:32
BE22024478	13	0	응, 당신 시키는 대로 할게. 어쩔 수 없는 상황이면 내가 받아들여야겠지.	N	2022-10-05 09:21:56	2022-10-05 09:21:56
BE22024478	14	1	맞아, 그 누구의 탓도 아니고 자연의 변덕이니 그러려니 하자고요. 곧 만나는 순간만 기다리고 있을게.	Y	2022-10-05 09:21:56	2022-10-05 09:21:56
