id	utterance_id	utterance_type	utterance_text	terminate	regDate	updDate
BE22025975	1	0	여보, 벌써 퇴근했어? 난 오늘 택배가 잘못 배송되어 와서 짜증이 났어.	N	2022-10-09 06:47:00	2022-10-09 06:47:00
BE22025975	2	1	당신이 지난 주에 주문했던 사무용품 말이구나. 무슨 문제가 있었던 거야?	N	2022-10-09 06:47:00	2022-10-09 06:47:00
BE22025975	3	0	하루이틀 걸린다는 안내와 달리 일주일 걸린 건 나도 꾹 참았어. 그런데 엉뚱한 물건이 잘못 배송되어 온 걸 확인한 순간 분노가 치밀었어.	N	2022-10-09 06:47:00	2022-10-09 06:47:00
BE22025975	4	1	당신이 오랫동안 기다리느라 지쳤을 텐데, 오늘 이래저래 분통이 터졌겠네. 당신 이야기 들으니 나도 속이 부글부글 끓어올라.	N	2022-10-09 06:47:00	2022-11-08 06:09:28
BE22025975	5	0	업체에 연락해 보니 확인하고 오늘 중으로 연락해 준다고 했거든. 그런데 퇴근 시간이 지나도록 전화도 오지 않으니 너무 화가 나.	N	2022-10-09 06:47:00	2022-10-09 06:47:00
BE22025975	6	1	당신은 웬만해서 쉽게 화를 내는 사람이 아니잖아. 당신이 오죽하면 나에게 연락했을까 생각하니, 나도 조바심이 나네.	N	2022-10-09 06:47:00	2022-11-08 06:09:28
BE22025975	7	0	제대로 사과조차 하지 않고 금방 전화 끊어 버리더니, 지금까지 감감 무소식이야. 상대방 태도를 보니, 일주일 동안 기다린 게 억울할 지경이야.	N	2022-10-09 06:47:00	2022-10-09 06:47:00
BE22025975	8	1	업체를 믿고 기다렸을 텐데, 당신이 화를 내는 것도 너무나 당연해. 나라도 당신 같은 심정일 거야.	N	2022-10-09 06:47:00	2022-11-08 06:09:28
BE22025975	9	0	게다가 지연 배송 보상 문제는 전혀 도와줄 수 없다며 선을 긋는 거야. 고객에 대한 기본적인 배려도 받지 못한 것 같아서 분을 삭일 수 없어.	N	2022-10-09 06:47:00	2022-10-09 06:47:00
BE22025975	10	1	그래도 당신 마음 편안한 게 제일 중요하니, 마음 풀었으면 좋겠어. 당신은 아무리 화나는 일이 있어도 상대방을 배려하는 걸 잊지 않잖아. 그런 모습 보면서 나도 배우는 점이 많아.	N	2022-10-09 06:47:00	2022-11-08 06:09:28
BE22025975	11	0	점점 더 화날 것 같았는데, 당신 말 들으니 마음이 좀 풀리는 것 같아. 힘든 내 마음을 달래 줘서 정말 고마워, 여보.	N	2022-10-09 06:47:00	2022-10-09 06:47:00
BE22025975	12	1	당신은 이렇게 금방 마음을 가라앉히는 현명한 사람인 것 같아. 나도 이런 모습은 정말 닮고 싶어.	N	2022-10-09 06:47:00	2022-11-08 06:09:28
BE22025975	13	0	당신처럼 든든한 남편이 있어서 마음을 늘 편안하게 다잡을 수 있는 것 같아. 모두 당신 덕분이라 생각해.	N	2022-10-09 06:47:00	2022-10-09 06:47:00
BE22025975	14	1	오늘 이래저래 고생했을 테니 얼른 퇴근해. 내가 당신 좋아하는 찌개 간단하게 끓이고 저녁 준비해 둘게.	N	2022-10-09 06:47:00	2022-11-08 06:09:28
BE22025975	15	0	그래, 얼른 집에 가서 당신이 해 주는 맛있는 저녁 먹고 싶어. 내가 맛있는 디저트 사 갈게. 그럼 이따 만나.	Y	2022-10-09 06:47:00	2022-10-09 06:47:00
