id	utterance_id	utterance_type	utterance_text	terminate	regDate	updDate
BE22019066	1	0	여보 요즘 내가 푹 빠져있는 드라마가 있어. 그래서 방송하는 날만 엄청 기다리고 있었는데 그게 오늘이었어.	N	2022-09-20 05:38:37	2022-09-20 05:38:37
BE22019066	2	1	그래서 요즘 당신이 텔레비전 앞에서 이 시간만 되면 기다리고 있었구나. 평소에 드라마에 관심이 없었던 당신이 그렇게 좋아하고 있을 줄 몰랐어.	N	2022-09-20 05:38:37	2022-11-08 05:24:52
BE22019066	3	0	당신도 역시 알고 있었구나? 근데 문제가 있어. 그 드라마가 오늘 올림픽때문에 휴방한다는데 너무 화가 나.	N	2022-09-20 05:38:37	2022-09-20 05:38:37
BE22019066	4	1	그렇게 보고싶었던 드라마가 오늘 안한다니 얼마나 기분이 안 좋겠어. 나도 그 기분 너무 이해해. 하필 또 그게 당신이 평소에 시청하지 않던 올림픽때문인거잖아.	N	2022-09-20 05:38:37	2022-11-08 05:24:52
BE22019066	5	0	심지어 올림픽 때문에 다음주에 하던 방영분까지 휴방을 한다는거야. 근데 그 소식도 너무 늦게 알려준 게 시청자들한테 예의가 없는 행동이라고 생각해. 방송사에서 그런 것들을 잘 공지하는 것도 의무라고 생각하는데 너무 화가 나.	N	2022-09-20 05:38:37	2022-09-20 05:38:37
BE22019066	6	1	휴방할거면 공지라도 빨리 해주면 좋았을텐데 말이야. 같은 시청자 입장에서 너무 기분 나쁘겠다. 그래도 가족끼리 같이 올림픽을 즐기면 그것도 또다른 재미가 있을거라 생각해.	N	2022-09-20 05:38:37	2022-11-08 05:24:52
BE22019066	7	0	그렇긴 한데 저번에 딱 흥미진진한 줄거리에서 드라마가 끝났었어. 그리고 오늘 방영될 분량이 딱 클라이맥스에 해당하는거였어. 너무 아쉽고 그래서 더 화가 오르네.	N	2022-09-20 05:38:37	2022-09-20 05:38:37
BE22019066	8	1	당신이 화나는 것도 이해하지만, 조금 화를 내려놓고 생각해보면 좋을 것 같아. 올림픽이 전세계적인 축제인만큼 우리 가족도 이번 기회에 함께하면 좋을 것 같아.	N	2022-09-20 05:38:37	2022-11-08 05:24:52
BE22019066	9	0	평소에 스포츠 경기를 보는걸 좋아하지 않아서 내가 올림픽을 거의 시청하지 않잖아. 가족들과 꼭 올림픽이 아니라 드라마를 보면서 시간을 즐길 수도 있는건데 조금 화가 나네.	N	2022-09-20 05:38:37	2022-09-20 05:38:37
BE22019066	10	1	그렇지만 유연성 있게 상황을 생각하는 것도 살면서 필요한 자세라고 생각해. 난 저번 올림픽을 볼 때, 우리 가족끼리 서로 껴안고 좋아했던게 생생해. 그런 것처럼 드라마가 줄 수 없는 벅차오르는 감정을 같이 느끼는 시간을 가질 수 있잖아.	N	2022-09-20 05:38:37	2022-11-08 05:24:53
BE22019066	11	0	여보 좋은 조언 너무 고마워. 덕분에 생각을 유연하게 하는 법을 배웠어. 다음에 휴방한 드라마는 그때 즐기면 되는거니까 말이야.	N	2022-09-20 05:38:37	2022-11-08 05:24:53
BE22019066	12	1	여보가 가족 간의 추억을 쌓을 수 있는 시간을 소중하게 생각한 점이 멋져. 우리 같이 학원에서 아들이 오면 치킨 시켜서 같이 응원해보자.	N	2022-09-20 05:38:37	2022-11-08 05:24:53
BE22019066	13	0	여보에게 이야기할 수 있어서 다행이야. 옆에서 이렇게 든든하게 해줘서 고마워.	N	2022-09-20 05:38:37	2022-11-08 05:24:53
BE22019066	14	1	앞으로 또 옆에서 여보의 감정을 들려주면 도와줄게.	Y	2022-09-20 05:38:37	2022-11-08 05:24:53
