id	utterance_id	utterance_type	utterance_text	terminate	regDate	updDate
BE22015801	1	0	거래처 사람들하고 레스토랑에 왔는데 고기 때문에 기분이 상했어. 미디엄으로 반쯤 익혀 달라고 했는데 고기가 너무 익은 거야. 항의했더니 미안하다는 소리만 하고 바꿔줄 생각을 안 해서 정말 분노가 치민다.	N	2022-08-26 03:22:02	2022-11-08 05:05:19
BE22015801	2	1	비싸게 주고 먹는 음식이 내 주문과 다르게 나오면 당연히 화가 나지. 거래처 사람이랑 같이 있어서 당신 성질대로 맘껏 못해서 더 답답하겠다. 정말 나도 너무 속상하다.	N	2022-08-26 03:22:02	2022-11-08 05:05:19
BE22015801	3	0	지금 레스토랑에 손님이 가득 찼어. 종업원들도 바빠서 그런 거라 이해는 하는데 손님 대접도 제대로 못 받고 정말 화가 난다. 거래처 사람들 때문에 자리를 박차고 나가지도 못하고 답답해.	N	2022-08-26 03:22:02	2022-11-08 05:05:19
BE22015801	4	1	거래처 사람들 대접하려고 간 거니 당연히 당신이 자리를 지켜야지. 즐겁게 식사하면서 사업 이야기를 하려던 걸 망쳐서 어떻게 해? 그래도 사업 문제가 걸린 자리니 마음을 좀 느긋하게 가졌으면 좋겠어.	N	2022-08-26 03:22:02	2022-11-08 05:05:20
BE22015801	5	0	억지로 웃는 얼굴을 유지했는데 그것도 참, 못 할 짓이더라. 고기가 나무토막 같아서 입안에서 맴돌더라고. 돈 생각하니 아까워서 체할 것 같아.	N	2022-08-26 03:22:02	2022-11-08 05:05:20
BE22015801	6	1	손님을 접대하는 자리에 음식까지 입에 맞았으면 완벽했을 텐데, 아쉽다. 이왕 그렇게 된 거 그냥 털어버리고 사업 이야기나 잘했으면 좋겠어. 그러다 일 얘기를 망치면 그건 더 속상할 거 같아.	N	2022-08-26 03:22:02	2022-11-08 05:05:20
BE22015801	7	0	그래야 하는데 그 자리에서 표정 관리가 안 되더라고. 그래서 지금 화장실에 와서 당신에게 문자를 하는 거야. 이렇게라도 풀고 들어가야 얘기를 진행할 수 있을 것 같아서.	N	2022-08-26 03:22:02	2022-11-08 05:05:20
BE22015801	8	1	스테이크는 당신이 좋아하는 음식인데 그걸 온전히 즐기지 못해서 너무 아쉽다. 그렇지만 이젠 어쩔 수 없는 일이니 그만 포기하고 차분하게 대응했으면 좋겠어. 계속 껄끄러운 기분이면 이야기하는 데 방해가 될 것 같아.	N	2022-08-26 03:22:02	2022-11-08 05:05:20
BE22015801	9	0	안 그래도 그런 생각에 그 자리를 잠깐 피한 거야. 음식이 식고 있을 걸 생각하니 또 화가 치밀지만 어쩌겠어? 어차피 입에 안 맞는 거라서 거의 남기게 될 것 같아.	N	2022-08-26 03:22:02	2022-11-08 05:05:20
BE22015801	10	1	평상시 당신 같았으면 사장 나오라고 소리쳤을 텐데 그걸 참다니 너무 대단하다. 거래처 사람들 앞에서 보인 인내심은 내 상상을 초월하네. 사업을 위해서 모든 걸 감내하는 모습이 너무 멋져 보여.	N	2022-08-26 03:22:02	2022-11-08 05:05:20
BE22015801	11	0	나 개인이 아니라 회사를 대표해서 나온 자리니 내 멋대로 행동할 수는 없지. 그래서 당신이랑 얘기하며 마음을 다잡는 중이야. 그래도 당신한테 불평을 털어놓으니 속이 좀 풀리는 것 같다.	N	2022-08-26 03:22:02	2022-11-08 05:05:20
BE22015801	12	1	당신 속이 풀리는 일이라면 언제든 나를 호출해도 좋아. 가정과 회사를 위해 자신을 눌러가며 일하는데, 내가 보탬이 된다면 오히려 고마운 일이지. 일 앞에서 냉정해지는 당신 모습이 나를 감동하게 했어.	N	2022-08-26 03:22:02	2022-11-08 05:05:20
BE22015801	13	0	당신이 나를 믿고 지지해주니 나도 힘이 난다. 음식 하나 때문에 화를 내는 내가 스스로 쪼잔하다고 생각되어 좀 무참했거든. 당신 덕분에 그런 기분이 사라졌어.	N	2022-08-26 03:22:02	2022-08-26 03:22:02
BE22015801	14	1	사람한테 음식처럼 중요한 게 어디 있어? 특히나 큰맘 먹고 그렇게 비싼 음식을 먹으러 갔는데 그러면 정말 화가 나지. 나는 당신 마음 다 이해하니까 절대 그런 생각하지 마.	N	2022-08-26 03:22:02	2022-11-08 05:05:20
BE22015801	15	0	역시 나한테는 당신밖에 없는 것 같다. 여기서 손님 대접을 제대로 못 받아 화가 났었는데 당신이 나를 대접해주니 마음이 다 풀렸어. 언제나 내 편이 되어줘서 고마워.	Y	2022-08-26 03:22:02	2022-11-08 05:05:20
