id	utterance_id	utterance_type	utterance_text	terminate	regDate	updDate
BE22024989	1	0	여보, 얼마 전에 새로 뽑은 소중한 내 차가 벌써 다쳤어. 누가 스크래치를 내고 갔지 뭐야.	N	2022-10-06 13:30:52	2022-10-06 13:30:52
BE22024989	2	1	지금 퇴근하면서 회사 지하주차장에서 확인한 거야? 당신이 엄청 큰마음 먹고 샀는데 많이 화났겠어.	N	2022-10-06 13:30:52	2022-11-08 06:03:35
BE22024989	3	0	응, 그래서 지금 cctv로 확인 중이야. 남의 차를 긁어놓고 어떻게 번호도 안 남기고 사라질 수가 있어? 너무 괘씸하고 분하다.	N	2022-10-06 13:30:52	2022-10-06 13:30:52
BE22024989	4	1	본인의 잘못을 얼떨결에 숨기고 넘어가려는 태도에 정말 분할 수 있겠어. 나도 새로 산 가방 어디 스치기만 해도 짜증이 나던데 당신은 얼마나 더 화가 나겠어. 내가 감히 상상할 수 없을 만큼이겠지?	N	2022-10-06 13:30:52	2022-11-08 06:03:35
BE22024989	5	0	할부라 돈 다 갚지도 못했는데 이런 일이 나니까 더 짜증 나는 것 같아. 내 차를 이렇게 만든 장본인은 나의 이런 마음 하나도 모를 거야.	N	2022-10-06 13:30:52	2022-10-06 13:30:52
BE22024989	6	1	아직도 감당해야 할 금액이 큰데 사고까지 나다니 이렇게 분해하는 당신 마음 이해해. 범인이 잡히지 않으면 어쩌나 얼마나 초조하고 성가시기까지 하겠어. 당신 일하느라 힘들었을 텐데 퇴근하면서까지 불미스러운 일이 생기다니 내가 너무 속상하다.	N	2022-10-06 13:30:52	2022-11-08 06:03:35
BE22024989	7	0	범인 잡히면 내가 정말 가만히 안 놔둘 거야. 내가 어떻게까지 화낼 수 있는지 제대로 보여주겠어.	N	2022-10-06 13:30:52	2022-10-06 13:30:52
BE22024989	8	1	분노가 들끓는 당신의 마음은 충분히 이해하지만 그렇다고 상대방에게 무턱대고 화내지 않았으면 좋겠어. 상대방이 고의로 그런 게 아닐 수도 있잖아. 만약 정말 상대방의 실수라면 화낸 당신 마음만 더 불편해질 거야.	N	2022-10-06 13:30:52	2022-11-08 06:03:35
BE22024989	9	0	아무리 실수라 하더라도 내가 너무 분한 걸 어떡해. 아직도 정수리에서 열이 식지 않아.	N	2022-10-06 13:30:52	2022-10-06 13:30:52
BE22024989	10	1	설사 상대방이 실수가 아니라 하더라도 화낸다면 당신도 그 사람과 같은 사람 꼴밖에 안 돼. 성숙하지 못 한 사람이 되지 말고 우린 대인처럼 마음을 넓게 쓰자. 차는 고치면 되지만 화로 상처 난 내 마음은 고칠 수 없잖아.	N	2022-10-06 13:30:52	2022-11-08 06:03:35
BE22024989	11	0	아직 억울하고 분한 건 어쩔 수 없지만 당신의 말을 들으니 조금은 진정이 돼. 미성숙한 마음으로 타인을 대하는 사람이 되고 싶지는 않아.	N	2022-10-06 13:30:52	2022-11-08 06:03:35
BE22024989	12	1	당신이 화가 조금이나마 가라앉았다니 참 다행이야. 그래도 당신이 다친 게 아니라 나는 안심이다. 차쯤이야 얼마든지 고치면 되니까 상관없어.	N	2022-10-06 13:30:52	2022-11-08 06:03:35
BE22024989	13	0	항상 내 한 발치 떨어져서 현명하게 내 마음을 달래주어 고마워. 당신 아니었으면 나는 분노 조절하지 못했을 것 같아.	N	2022-10-06 13:30:52	2022-11-08 06:03:35
BE22024989	14	1	아니야, 당신은 충분히 성숙한 사람인 걸. 당신 늦는 거 감안하고 있을 테니 사고처리 잘 하고 집에 조심히 들어와요.	Y	2022-10-06 13:30:52	2022-11-08 06:03:35
