id	utterance_id	utterance_type	utterance_text	terminate	regDate	updDate
BE22020614	1	0	우리 저번에 갔던 반찬 맛있는 식당 기억나?	N	2022-09-23 03:39:29	2022-11-08 05:37:50
BE22020614	2	1	얼마 전에 갔던 곳 말이야? 거긴 왜?	N	2022-09-23 03:39:29	2022-09-23 03:39:29
BE22020614	3	0	응. 오늘 맛있다면서 친구를 데려갔는데 말이야. 인사도 하지 않고 주문을 하려고 해도 들은 척도 안 하는 거 있지. 종업원이랑 싸워서 분노 게이지 상승 중이야.	N	2022-09-23 03:39:29	2022-09-23 03:39:29
BE22020614	4	1	기분 좋게 밥 먹으러 갔는데 그런 대우를 받다니. 내가 당신이었어도 그 사람과 싸울 수밖에 없었을 걸. 당신의 분노가 나에게도 느껴져.	N	2022-09-23 03:39:29	2022-11-08 05:37:50
BE22020614	5	0	게다가 사장이라는 분이 오셔서 사과는커녕 바빠서 그렇다는 둥 변명만 늘어놓더라고. 그때부터 아무것도 눈에 보이지 않고 속에서 끓어오르는 분노로 큰 소리치다 나왔어.	N	2022-09-23 03:39:29	2022-11-08 05:37:50
BE22020614	6	1	친구한테 맛있는 저녁 대접하려고 갔을 텐데 밥도 못 먹고 감정 소비만 하다 오다니. 오늘 하루 기분을 망친 당신을 생각하니 내가 다 속상하네.	N	2022-09-23 03:39:29	2022-11-08 05:37:50
BE22020614	7	0	맞아. 옆에 그 불친절한 종업원은 미안한 기색도 없이 날 똑바로 바라보는 거 있지. 감정을 애써 누르고 여러 번 말했는데 손이 다 떨리더라고.	N	2022-09-23 03:39:29	2022-09-23 03:39:29
BE22020614	8	1	그런 상황에 침착하다니 역시 당신이야. 나였다면 끓어오르는 분노를 참지 못하고 몸싸움으로 번지고 말았을 거야. 잘 참았어.	N	2022-09-23 03:39:29	2022-11-08 05:37:50
BE22020614	9	0	그런 걸까. 다음엔 여기 절대 안 와야지 하고 생각은 하는데 화가 가라앉지 않는 거 같아.	N	2022-09-23 03:39:29	2022-09-23 03:39:29
BE22020614	10	1	어떤 기분 안 좋은 날은 서로 부딪히면 어긋나는 때가 있잖아. 잠깐 그런 날이 지나갔다고 생각하면 마음이 편해지기도 해. 원래 배려심 많은 당신이잖아.	N	2022-09-23 03:39:29	2022-11-08 05:37:50
BE22020614	11	0	그렇게 말해줘서 고마워. 생각해 보니 나도 오늘 기분이 좋지 않은 상태로 밥을 먹어서 그런 것 같아. 소리까지 치고 나오다니 평소에 나랑 다르긴 했네.	N	2022-09-23 03:39:29	2022-09-23 03:39:29
BE22020614	12	1	우리도 그런 날은 서로 말하기를 피하기도 하잖아. 바로 그렇게 생각할 수 있다니 역시 당신은 멋진 여자야.	N	2022-09-23 03:39:29	2022-11-08 05:37:50
BE22020614	13	0	갑자기 어깨가 으쓱하는 걸. 당신이랑 말하다 보니 속이 후련해졌어.	N	2022-09-23 03:39:29	2022-11-08 05:37:50
BE22020614	14	1	그렇다니 다행이야. 이따 집에서 보자.	Y	2022-09-23 03:39:29	2022-09-23 03:39:29
