id	utterance_id	utterance_type	utterance_text	terminate	regDate	updDate
BE22000561	1	0	선배가 자기네 집이 너무 어렵다면서 생활비로 빌려 간 거 있잖아. 여보의 말대로 돈 빌려주지 말 걸 그랬어.	N	2022-06-13 05:03:37	2022-11-08 03:27:54
BE22000561	2	1	왜? 선배한테 무슨 일 있어? 아니면 돈을 못 갚겠대?	N	2022-06-13 05:03:37	2022-11-08 03:27:54
BE22000561	3	0	아니, 그건 아닌데. 선배네 집 리모델링했더라고.	N	2022-06-13 05:03:37	2022-11-08 03:27:54
BE22000561	4	1	뭐? 형편이 어렵다면서 리모델링을? 리모델링이 한두 푼이 아닐 텐데.	N	2022-06-13 05:03:37	2022-11-08 03:27:54
BE22000561	5	0	그러니까. 어떻게 그럴 수가 있지? 생활비는 없으면서 리모델링할 돈은 있다고?	N	2022-06-13 05:03:37	2022-11-08 03:27:54
BE22000561	6	1	그러게, 굉장히 힘들다고 해서 어렵게 빌려준 건데... 자기 괜찮아? 나도 지금 어이없는데, 자기는 더 화날 것 같아서.	N	2022-06-13 05:03:37	2022-11-08 03:27:54
BE22000561	7	0	아니, 입맛이 떨어질 정도로 화가 나. 나한테 거짓말을 하고 빌린 돈으로 리모델링을 한 건가?	N	2022-06-13 05:03:37	2022-11-08 03:27:54
BE22000561	8	1	설마. 아닐 거야. 이제 좀 형편이 나아졌다거나 그런 거 아닐까? 거짓말까지 하면서 돈을 빌린 건 아니겠지.	N	2022-06-13 05:03:37	2022-11-08 03:27:54
BE22000561	9	0	그렇다면 나한테 한마디라도 해줄 수 있는 거 아니야? 연락도 없잖아. 속에서 천불이 나.	N	2022-06-13 05:03:37	2022-11-08 03:27:54
BE22000561	10	1	자기 마음 모르는 거 아니지만, 지금 리모델링하느라 정신이 없지 않을까? 우리도 해봐서 알잖아. 이거 정하고 저거 정하고 집 비워줘야 하고 청소해야 하고 그래서 연락하지 못했을 거야.	N	2022-06-13 05:03:37	2022-11-08 03:27:54
BE22000561	11	0	그럼 돈은 왜 안 갚지? 이해가 되질 않아. 머리에 열이 쏠리니까 안 좋은 생각만 나네.	N	2022-06-13 05:03:37	2022-11-08 03:27:54
BE22000561	12	1	너무 걱정하지 마. 돈 가지고 함부로 장난칠 사람 아니잖아. 부정적으로 생각하면 자기 스트레스만 더 받아.	N	2022-06-13 05:03:37	2022-11-08 03:27:54
BE22000561	13	0	그럴 사람이 아니라고 믿었지. 하지만 돈도 안 갚고 이야기도 없이 리모델링한 이야기를 들으니까 잘 모르겠어.	N	2022-06-13 05:03:37	2022-11-08 03:27:54
BE22000561	14	1	자기가 사람 보는 눈 좋은 거 알잖아. 그런 자기가 옛날부터 친하게 지낸 사람인걸. 꼭 곧 연락이 올 거야.	N	2022-06-13 05:03:37	2022-11-08 03:27:54
BE22000561	15	0	그건 그래, 오랜 시간을 알고 지냈는걸.	N	2022-06-13 05:03:37	2022-11-08 03:27:54
BE22000561	16	1	화 좀 가라앉으면 선배에 대해서 차근히 생각해 보자. 이렇게 끝낼 사이 아니잖아. 나중에 술 약속이라도 잡아서 허심탄회하게 이야기해 봐.	N	2022-06-13 05:03:37	2022-11-08 03:27:54
BE22000561	17	0	응. 고마워. 덕분에 좀 진정이 됐어. 만나서 이야기를 나눠봐야겠어.	Y	2022-06-13 05:03:37	2022-11-08 03:27:54
