id	utterance_id	utterance_type	utterance_text	terminate	regDate	updDate
BE22017604	1	0	나 방금 도착지에 도착했는데 자칫하면 못 내릴 뻔해서 너무 화가 나. 안내방송이 잘못 나와서 혼란스러웠다니까. 지금 잘 내린 상태라 미팅 장소로 가고 있어.	N	2022-09-09 02:14:36	2022-11-08 05:16:24
BE22017604	2	1	안내 방송이 잘못 나왔다니 큰일 날 뻔했네. 거래처 재계약 건으로 가는 건데 못 내렸으면 어땠을지 상상이 된다. 당신이 순간 너무 놀랐겠다는 생각이 들어서 안타까워.	N	2022-09-09 02:14:36	2022-11-08 05:16:24
BE22017604	3	0	거의 도착할 무렵 잠깐 잠이 들었는데 안내방송 소리에 잠이 깼거든. 그런데 안내판에는 도착지가 적혀져 있는데 방송에서는 다른 곳을 알려주더라고. 다른 사람들도 우왕좌왕하는데 일단 내려서 확인해보니 맞게 내려서 다행이지만 화는 났어.	N	2022-09-09 02:14:36	2022-11-08 05:16:24
BE22017604	4	1	당신이 예전에 같은 상황인 적이 있어서 화가 더 많이 났을 거란 생각이 드네. 불안하고 당황하기도 했겠지만 한번 경험이 있다 보니 잘 판단하고 내린 것 같아 다행이야. 중요한 거래처인데 늦으면 당신이 너무 힘들었을 것 같아.	N	2022-09-09 02:14:36	2022-11-08 05:16:24
BE22017604	5	0	응. 그땐 다음 역에서 내려 많이 늦고 엄청나게 화가 났었지. 계약도 취소돼서 정말 힘들었던 기억이 나. 그 경험이 있어서 나는 빠르게 내릴 수 있었지만 못 내린 사람들도 있는 거 같더라고.	N	2022-09-09 02:14:36	2022-11-08 05:16:24
BE22017604	6	1	자기도 그 사람 중 하나가 아닌 게 정말 다행이다. 가는 내내 계약이 잘 안되면 어떻게 하냐고 걱정했잖아. 그런데 못 내리기까지 했으면 어쩔 뻔했어.	N	2022-09-09 02:14:36	2022-11-08 05:16:24
BE22017604	7	0	그러니까 말이야. 왜 일을 이런 식으로 해서 화나게 하는지 모르겠어. 나뿐만 아니라 많은 사람이 중요한 일로 그 역에서 내렸을 거 아냐. 그럼 그 사람들이 전부 피해를 보는 거잖아.	N	2022-09-09 02:14:36	2022-11-08 05:16:24
BE22017604	8	1	맞는 말이야. 정말 화가 날 만한 일이긴 하지만 이제는 진정하고 거래처 계약을 위해서 진정해야 해. 흥분하면 여러 가지 판단을 잘하지 못하는 성격이라 일을 그르칠까 봐 걱정돼. 이번 계약이 무척 중요하잖아.	N	2022-09-09 02:14:36	2022-11-08 05:16:25
BE22017604	9	0	그러려고 하는데 잘 안되네. 아까의 일이 자꾸만 생각나서 화가 가라앉질 않아. 민원이라도 넣고 왔어야 했는데 바빠서 일단 그냥 나왔거든.	N	2022-09-09 02:14:36	2022-11-08 05:16:25
BE22017604	10	1	지금 당장은 당신이 화내는 이유를 나도 충분히 알고 있어. 하지만 계약이 잘 안되면 당신은 지금보다 더 화가 나게 될 거야. 그러니 도착하기 전까지 마음을 진정시키려고 노력을 해봐.	N	2022-09-09 02:14:36	2022-11-08 05:16:25
BE22017604	11	0	응. 당신 말이 맞아. 지금 나한테 가장 중요한 건 재계약이니까 다른 생각을 하지 말아야 해. 일을 그르친다면 지금의 화보다 비교도 안 될 만큼 화가 날 테니 진정해야지.	N	2022-09-09 02:14:36	2022-11-08 05:16:25
BE22017604	12	1	잘 생각했어. 일단 늦을뻔한 큰 고비는 넘겼잖아. 그러니 당신이 마음만 진정한다면 분명 재계약은 무사히 성사될 거라고 생각해.	N	2022-09-09 02:14:36	2022-11-08 05:16:25
BE22017604	13	0	응, 이번 일이 우리 회사 사활을 걸 만큼 중요한 일이니까 내가 화만 내고 있을 수는 없지. 그렇다고 안내방송이 잘못 나온 것에 대해 그냥 넘어갈 생각도 없어. 돌아오면서 꼭 민원을 넣을 거야.	N	2022-09-09 02:14:36	2022-11-08 05:16:25
BE22017604	14	1	그래. 그건 아무 때나 할 수 있는 일이니까 지금은 일단 잘 성사되기를 바라자. 긴장하지 말고 잘하고 와!	N	2022-09-09 02:14:36	2022-11-08 05:16:25
BE22017604	15	0	응. 당신 덕분에 많이 진정되었어. 고맙고 잘하고 올라갈게. 고마워.	Y	2022-09-09 02:14:36	2022-11-08 05:16:25
