id	utterance_id	utterance_type	utterance_text	terminate	regDate	updDate
BE22016426	1	0	여보, 내가 시간을 착각해서 터미널에서 한 시간을 기다렸다 버스 탔어요.	N	2022-08-30 06:23:36	2022-08-30 06:23:36
BE22016426	2	1	너무 고생했겠어요. 가뜩이나 기다리는 거 못하는 사람인데 기분이 안 좋겠어요.	N	2022-08-30 06:23:36	2022-11-08 05:09:14
BE22016426	3	0	분명 잘 예약했다고 생각했는데 내일 거로 잘못 예약했더라고요. 내가 잘못한 거라 누굴 탓하겠어요. 스스로한테 너무 화가 나고 어찌나 신경질이 났나 몰라요.	N	2022-08-30 06:23:36	2022-08-30 06:23:36
BE22016426	4	1	정말 짜증이 날 수밖에 없었겠어요. 어떤 심정이었을지 눈에 선해서 더 안타깝네요. 그렇다고 자책하면서 속상해하거나 마음의 상처를 받지는 않았으면 해요.	N	2022-08-30 06:23:36	2022-11-08 05:09:14
BE22016426	5	0	한 시간을 터미널에서 아무것도 못 하고 시간을 버렸다는 것도 너무 부아가 치밀어요. 평소에 엄청 체계적이고 실수가 없는 걸로 자신했던 나잖아요. 이런 어처구니없는 실수를 했다는 게 믿기지 않고 화가 나서 아무런 생각도 안 드네요.	N	2022-08-30 06:23:36	2022-11-08 05:09:14
BE22016426	6	1	그런 생각은 가당치도 않아요! 사람은 누구나 실수하면서 성장하는 거라고 생각해요. 그러니 너무 마음 쓰면서 자신을 괴롭히지는 않았으면 좋겠어요.	N	2022-08-30 06:23:36	2022-11-08 05:09:14
BE22016426	7	0	하지만 순간적으로 화가 나면 나도 모르게 나 자신을 컨트롤할 수 없겠더라고요. 내가 이렇게 화가 많은 사람인지, 화를 금방 가라앉히지 못하는 성격인지 처음 알았네요.	N	2022-08-30 06:23:36	2022-08-30 06:23:36
BE22016426	8	1	원래 사람은 본인의 마음을 제일 모른다고 하잖아요. 너무 개의치 마시고 좀더 마음을 편하게 먹고 안정을 취해보는 건 어때요? 그리고 굳게 마음을 먹는다면 이겨낼 수 있을 거라 생각해요.	N	2022-08-30 06:23:36	2022-11-08 05:09:14
BE22016426	9	0	당신의 말을 듣고 보니 내가 너무 화만 내면서 부정적으로만 생각했던 거 같네요. 덕분에 마음이 조금은 놓이는 거 같고 진정이 되는 거 같아요. 나 자신을 반성하게 되네요.	N	2022-08-30 06:23:36	2022-11-08 05:09:14
BE22016426	10	1	내 말에 이렇게 금방 기운 내는 모습을 보여주니 정말 다행이고 내가 다 안심이 되네요. 당신은 강하고 긍정적인 사람이니까 반드시 이겨낼 거예요.	N	2022-08-30 06:23:36	2022-11-08 05:09:15
BE22016426	11	0	얘기할 사람도 없고 혼자 너무 답답했었는데 당신이랑 이렇게 대화하고 나니까 속이 많이 후련해졌어요. 이럴 때 얘기할 수 있는 사람이 옆에 있다는 게 얼마나 다행인지 몰라요.	N	2022-08-30 06:23:36	2022-11-08 05:09:15
BE22016426	12	1	언제든 힘들거나 고민이 생기면 혼자 이겨내려 하지 말고 나한테 얘기해요. 그런 일을 겪었는데 혼자 버텨내려면 너무 힘들 거 같아요.	N	2022-08-30 06:23:36	2022-11-08 05:09:15
BE22016426	13	0	말이라도 무척 고맙고, 정말 큰 힘이 되네요. 힘들 땐 역시 가족이 최고인 거 같아요. 굳게 마음먹고 버텨내야죠, 스스로 자만하지 않고 가족들에게 더 잘해야겠단 생각도 드네요.	N	2022-08-30 06:23:36	2022-11-08 05:09:15
BE22016426	14	1	그렇게 말해주니 오히려 내가 더 고맙고, 보람되네요. 하루빨리 기분이 나아져서 예전처럼 밝고 씩씩한 모습의 당신을 볼 수 있으면 좋겠어요.	N	2022-08-30 06:23:36	2022-11-08 05:09:15
BE22016426	15	0	그럼요! 나도 당신의 바람대로 그럴 수 있도록 열심히 노력해 볼게요.	Y	2022-08-30 06:23:36	2022-11-08 05:09:15
