id	utterance_id	utterance_type	utterance_text	terminate	regDate	updDate
BE22007407	1	0	여보, 이번에 용돈을 올려줘야겠어. 이것 참 짜증나서 정말!	N	2022-07-09 12:37:21	2022-11-08 04:12:09
BE22007407	2	1	당신 왜 그래? 무슨 일이 생긴 거야?	N	2022-07-09 12:37:21	2022-11-08 04:12:09
BE22007407	3	0	글쎄, 아들 녀석이 내 안경을 써보겠다고 하다가 안경테가 부러졌지 뭐야. 어찌나 화가 나는지.	N	2022-07-09 12:37:21	2022-11-08 04:12:09
BE22007407	4	1	그 녀석은 왜 아빠 안경을 건드려서 이런 일을 만든담. 아휴, 당신이 아끼는 안경인데 어지간히 짜증났겠네. 괜찮아?	N	2022-07-09 12:37:21	2022-11-08 04:12:09
BE22007407	5	0	그렇게 내가 안경 가지고 장난치지 말라고 했거든. 굳이 그걸 달리면서 써서는 기어이 부러뜨렸어!	N	2022-07-09 12:37:21	2022-11-08 04:12:09
BE22007407	6	1	애가 아빠가 하는 건 다 하고 싶어서 안달을 내더니 일을 만드네. 당신 많이 속상하지? 그거 큰맘 먹고 맞춘 거잖아.	N	2022-07-09 12:37:21	2022-11-08 04:12:09
BE22007407	7	0	그러니까. 작년 결혼기념일에 당신이랑 같이 가서 맞춘 거잖아. 알아보니 재고가 없어서 똑같은 걸로 맞추려면 기다려야 된다네. 아이, 짜증나.	N	2022-07-09 12:37:21	2022-11-08 04:12:09
BE22007407	8	1	당신이 얼마나 짜증나는지 잘 알겠어. 우리에게 추억이 담긴 선물인데 그렇게 되었으니 얼마나 속상하겠어. 게다가 재고까지 없다니, 내가 다 속상하다 여보.	N	2022-07-09 12:37:21	2022-11-08 04:12:09
BE22007407	9	0	아들이 아무리 예뻐도 이번 일은 용서를 못 하겠네. 너무 화가 나서 마음이 풀리질 않아.	N	2022-07-09 12:37:21	2022-11-08 04:12:09
BE22007407	10	1	당연하지, 말을 그렇게 안 들어서 일을 만들었는데 어떻게 바로 마음이 풀리겠어. 하지 말라고 말했는데 그랬으니 당신이 실망도 크겠다. 평소 아들이 의젓하다고 자랑까지 했는데 실망스러운 마음이 오죽하겠어.	N	2022-07-09 12:37:21	2022-11-08 04:12:09
BE22007407	11	0	그러니까. 잘한다고 오냐오냐만 했나 봐. 이참에 아주 따끔하게 한소리를 해야 다신 안 그러지.	N	2022-07-09 12:37:21	2022-11-08 04:12:09
BE22007407	12	1	그래, 평소에 예뻐라만 하는 아빠가 혼을 내면 더 세게 느껴질 거야. 혼이 나면 이번 일을 계기로 앞으로 장난쳐서 생길 일을 미연에 방지할 수 있을 거야. 그럼 아들에게도 우리에게도 좋은 일이 되지 않겠어?	N	2022-07-09 12:37:21	2022-11-08 04:12:09
BE22007407	13	0	그렇게 될까? 부주의로 사고를 치는 것을 막을 수 있다면 정말 좋을 텐데 말이야. 이번과 같은 일은 다신 없어야 하니까.	N	2022-07-09 12:37:21	2022-11-08 04:12:09
BE22007407	14	1	응, 당신이 이야기를 하면 잘 들을 거야. 여보, 마음 많이 상한 거 잘 알아. 그렇지만 애가 커가는 과정에서 당연히 생길 일이다 생각하고 마음 풀어, 알겠지?	N	2022-07-09 12:37:21	2022-11-08 04:12:09
BE22007407	15	0	그래야지 뭐 어떡하겠어. 이미 분질러져 버린걸. 안 그래?	N	2022-07-09 12:37:21	2022-11-08 04:12:09
BE22007407	16	1	그래, 잘 생각했어. 당신 마음은 아프겠지만 안경테는 기다려서 다시 사면 되는 거잖아. 이번 기회에 아들 잘못을 확실히 바로잡을 수 있다면 전화위복이 될 거야.	N	2022-07-09 12:37:21	2022-11-08 04:12:09
BE22007407	17	0	그래, 알았어. 당신 말을 들으니 마음이 좀 풀리네. 고마워.	Y	2022-07-09 12:37:21	2022-11-08 04:12:09
