id	utterance_id	utterance_type	utterance_text	terminate	regDate	updDate
BE22024657	1	0	이렇게 생각하고 싶지 않은데 요즘 청년들은 다 이런 건가요. 오늘 신입 사원이 연락 없이 출근하지 않고 있어요, 전화하고 문자를 보내도 반응이 없네요. 회사를 그만두고 싶은 것이라면 말하면 되는데 연락을 두절하다니 신입의 무책임한 행동에 화가 나요.	N	2022-10-06 01:47:42	2022-10-06 01:47:42
BE22024657	2	1	얼마나 화가 많이 났을지 알겠어요. 신입 사원이 오랜만에 들어온다고 들떴던 당신이 떠올라서 내가 다 마음이 아프네요. 그분도 사정이 있겠지만 연락 없이 출근 안 하는 건 너무 하네요.	N	2022-10-06 01:47:42	2022-10-06 01:47:42
BE22024657	3	0	그러니까요, 어떻게 출근한 지 며칠이나 됐다고 일을 그만두려는 생각인 거죠. 그랬다면 그냥 말하면 될 것을, 정말 이해가 안 돼요. 전 이런 걸 용납하지 못하는 성격이라 분노가 치솟네요.	N	2022-10-06 01:47:42	2022-10-06 01:47:42
BE22024657	4	1	당연히 화가 날만 해요, 당신이 사수가 되어서 신입 사원을 많이 챙겼는데 정말 속상하겠어요. 당신의 잘못으로 그분이 그만두는 게 아니니 너무 상처 받지 않았으면 해요.	N	2022-10-06 01:47:42	2022-11-08 06:01:35
BE22024657	5	0	나도 그렇게 생각하려고 해도 주변에서 자꾸 저에게 어떻게 신입 관리를 한 건지 물어봐요. 제 탓으로 그만두게 만든 것처럼 만드는 회사의 분위기 때문에 화가 주체가 안 돼요.	N	2022-10-06 01:47:42	2022-11-08 06:01:35
BE22024657	6	1	왜 그렇게 생각하는지 정말 모르겠네요, 한참 잘못 생각한 거죠. 본인의 의사로 연락도 안 받고 회사를 안 나오는 사람인데 그게 왜 당신 잘못이에요. 절대 아니니까 그렇게 생각하면서 힘들어하지 않았으면 좋겠어요.	N	2022-10-06 01:47:42	2022-11-08 06:01:35
BE22024657	7	0	제가 화가 많이 나서 말도 못 하고 있는데. 부서 직원들은 눈치 없이 제 앞에서 신입 사원 이야기를 하네요. 솔직히 제가 제일 신입 사원에게 이유를 듣고 싶은 사람인 걸요.	N	2022-10-06 01:47:42	2022-10-06 01:47:42
BE22024657	8	1	그렇죠, 얼마나 걱정을 할지 전 알고 있죠. 매사 다정하고 남을 먼저 생각하는 사람이잖아요. 그래서 회사에서 신입 사원을 당신에게 맡긴 것이 틀림없어요.	N	2022-10-06 01:47:42	2022-11-08 06:01:35
BE22024657	9	0	당신이 공감해 주니 너무 고마워요, 전 지금 화가 나서 주체가 안 돼요. 신입이 연락 없이 출근 안 한 것을 제 탓으로 생각하는 게 더 화가 났어요. 그런데 당신만이 내 마음을 알아줘서 분노가 진정돼요.	N	2022-10-06 01:47:42	2022-11-08 06:01:35
BE22024657	10	1	정말 다행이네요, 솔직히 아침에 문자를 받고 당신 걱정이 많이 됐어요. 당신이 잘못이 아닌데 얼마나 화날지 깊이 공감 되더라고요.	N	2022-10-06 01:47:42	2022-11-08 06:01:35
BE22024657	11	0	고마워요, 지금 회사 안에서는 내 마음을 알아주는 사람이 없다는 느낌을 받아요. 그래서 그런지 이렇게 화가 나고 자제를 못했나 봐요.	N	2022-10-06 01:47:42	2022-10-06 01:47:42
BE22024657	12	1	그렇죠, 당신이 그냥 화를 내는 사람이 아니잖아요. 회사의 다른 분들도 다 이해하고 계실 것이니까 너무 걱정하지 마세요. 그리고 부서 사람들도 당신 탓을 하는 게 아니라 신입 직원이 안 와서 걱정하는 마음일 거예요.	N	2022-10-06 01:47:42	2022-11-08 06:01:35
BE22024657	13	0	역시 당신이 그렇게 문자를 보내 주니까 내 마음이 한결 가벼워지네요. 역시 당신에게 연락하길 참 잘했다는 생각이 들어요.	N	2022-10-06 01:47:42	2022-10-06 01:47:42
BE22024657	14	1	당신이 내 이야기에 마음을 풀어 주어서 다행인 것이죠. 많이 아끼던 신입 사원이었는데 연락 없이 출근까지 안 하니 얼마나 화가 나겠어요. 그 마음 충분히 이해하는 마음이에요.	N	2022-10-06 01:47:42	2022-11-08 06:01:35
BE22024657	15	0	역시 당신 덕분에 나의 분노가 많이 풀어졌어요. 아마도 당신의 진심 어린 위로와 걱정이 나를 힘 나게 했나 봐요. 정말 고마워요.	Y	2022-10-06 01:47:42	2022-11-08 06:01:35
