id	utterance_id	utterance_type	utterance_text	terminate	regDate	updDate
BE22010036	1	0	하, 또 친구가 돈을 빌려달라고 해.	N	2022-07-19 03:01:03	2022-11-08 04:29:02
BE22010036	2	1	설마 저번에 그 친구 말하는 거야? 돈이 필요할 때마다 연락하는 친구?	N	2022-07-19 03:01:03	2022-11-08 04:29:02
BE22010036	3	0	응, 친구가 사고를 쳤다며 급히 돈을 빌려 달라고 찾아왔어. 진짜 도움이 필요할 때만 찾으니까 열 받아.	N	2022-07-19 03:01:03	2022-11-08 04:29:02
BE22010036	4	1	나 같아도 그런 사람 친구로 두면 화가 날 것 같아. 본인 아쉬울 때만 찾는데 화가 어떻게 안 나겠어. 자기 지금 화가 많이 났겠구나.	N	2022-07-19 03:01:03	2022-11-08 04:29:02
BE22010036	5	0	응, 진짜 이럴 때만 찾으니까 날 어떻게 보나 싶어서 화가 나. 내가 그렇게 만만한가?	N	2022-07-19 03:01:03	2022-11-08 04:29:02
BE22010036	6	1	아냐, 자기가 만만해서 그런 게 아니라 주변 사람들한테 다 그럴 거야. 정말 그 사람 친구로 두기도 싫은 타입인 것 같아.	N	2022-07-19 03:01:03	2022-11-08 04:29:02
BE22010036	7	0	응, 진짜 이 친구한테 연락이 올 때마다 스트레스야. 맨날 사고 치고 돈 빌려 달라고 하니 너무 짜증이 나. 이제는 돈 빌려주고 싶지 않아.	N	2022-07-19 03:01:03	2022-11-08 04:29:02
BE22010036	8	1	나 같아도 당신 같은 마음이 들 것 같아. 돈 빌리는 것도 한두 번이지 매번 그러면 나도 빌려주고 싶지 않을 것 같아. 누구나 자기처럼 그런 생각을 할 거야.	N	2022-07-19 03:01:03	2022-11-08 04:29:02
BE22010036	9	0	정말 얘 때문에 너무 화가 나서 아무것도 못 하겠어. 지금 마감 쳐야 하는 일이 있는데 말이야.	N	2022-07-19 03:01:03	2022-11-08 04:29:02
BE22010036	10	1	아무래도 당장 화를 가라앉히는 게 힘들 수밖에 없겠구나. 하지만 그런 친구 때문에 당신이 계속 화를 내면 당신만 손해이지 않을까? 화가 나는 일을 되도록 떠올리지 않으면 분노가 조금은 사라질 거야.	N	2022-07-19 03:01:03	2022-11-08 04:29:02
BE22010036	11	0	당신 말 들어보니 결국 내 손해란 생각이 드네. 당신 말처럼 화를 그만 내야 할 것 같아.	N	2022-07-19 03:01:03	2022-11-08 04:29:02
BE22010036	12	1	응, 그런 친구는 그냥 가볍게 넘기고 무시하자. 당신이 스트레스받을 필요가 없어. 마음을 진정시키고 당신의 하루를 되찾았으면 좋겠어.	N	2022-07-19 03:01:03	2022-11-08 04:29:02
BE22010036	13	0	응, 당신 덕분에 한결 기분이 나아졌어. 쓸데없이 내가 스트레스를 받았나 봐.	N	2022-07-19 03:01:03	2022-11-08 04:29:02
BE22010036	14	1	아냐, 누구나 스트레스받을 수밖에 없는 상황이잖아. 다만 그 뒤로 어떻게 할지가 당신 마음에 달린 거지. 난 당신이 최대한 스트레스 안 받는 방향으로 갔으면 좋겠어!	N	2022-07-19 03:01:03	2022-11-08 04:29:02
BE22010036	15	0	그래, 이런 일을 무시하고 없던 것처럼 할게. 덕분에 화가 가셨어!	Y	2022-07-19 03:01:03	2022-11-08 04:29:02
