id	utterance_id	utterance_type	utterance_text	terminate	regDate	updDate
BE22008515	1	0	여보 오늘 저녁에 매운 갈비찜 외식하러 가는 것 어때? 나 매운 게 간절하게 당긴다.	N	2022-07-13 07:50:59	2022-11-08 04:19:10
BE22008515	2	1	당신이 매운 것을 찾는 걸 보니 어디선가 화가 났나 보네. 아침에 나갈 때까지도 괜찮았는데, 그사이 무슨 일이 있었던 거야?	N	2022-07-13 07:50:59	2022-11-08 04:19:10
BE22008515	3	0	요즘 울분이 쌓여 있었나봐. 일이 하나하나 쌓여서 지금 이 상태야. 매운 음식을 먹고 땀 뻘뻘 흘리면 내 감정이 대신 해소되는 느낌이야.	N	2022-07-13 07:50:59	2022-11-08 04:19:10
BE22008515	4	1	뭐가 결정적인 이유인 것 같아? 이야기해 줘. 난 당신의 모든 게 궁금하고 걱정스러운 입장이니까.	N	2022-07-13 07:50:59	2022-11-08 04:19:10
BE22008515	5	0	아침 첫 손님부터 무리한 요구를 하는 바람에 말이야. 그렇게 해 드릴 수 없다고 해도 막무가내라서, 화도 못 내고 참아서 그런가 봐.	N	2022-07-13 07:50:59	2022-11-08 04:19:10
BE22008515	6	1	가끔 난감한 손님을 만나면 서비스를 제공하는 직종이라 속으로 삭이느라 마음고생이 심하지?	N	2022-07-13 07:50:59	2022-11-08 04:19:10
BE22008515	7	0	입었던 제품은 환불이 안 된다고 하니까, 옷을 나한테 던지듯이 주고 가서 화가 났어. 이럴 땐 사람으로서 존중을 못 받는 기분이라 정말 화가 나.	N	2022-07-13 07:50:59	2022-11-08 04:19:11
BE22008515	8	1	자기는 응대하는 사람들한테 예의 있게 행동하잖아, 그런데도 되돌아오는 게 그러니까 많이 화가 나지. 태도는 인격을 비추는 거울 같은 거지. 같은 입장인데도 늘 사람들을 배려하는 자기가 존경스러워.	N	2022-07-13 07:50:59	2022-11-08 04:19:11
BE22008515	9	0	첫 손님이 그렇게 불쾌하게 다녀가면 그날은 꼭 하루 종일 기분이 나쁜 일이 생기거든. 내 인상부터 찌뿌려지다 보니 그런가 봐.	N	2022-07-13 07:50:59	2022-11-08 04:19:11
BE22008515	10	1	그렇지. 불쾌한 느낌을 가지고 있다 보면 계속 일으키는 법이니까. 분위기 전환을 좀 해보는 건 어때? 예를 들면 이번 주에 가기로 한 캠핑을 생각해 보는 거지.	N	2022-07-13 07:50:59	2022-11-08 04:19:11
BE22008515	11	0	매운 음식을 잔뜩 싸 가도 될까? 매운 족발, 닭발, 떡볶이까지! 매운 음식 먹을 생각하니까 기분이 좀 나아지는 것 같아.	N	2022-07-13 07:50:59	2022-11-08 04:19:11
BE22008515	12	1	당연히 대찬성이지. 나도 매운 음식 환영이야. 자기의 기분을 풀어줄 수 있다면 더더욱 말이야.	N	2022-07-13 07:50:59	2022-11-08 04:19:11
BE22008515	13	0	고마워. 당신이 날 인정해주고 또 진심으로 위로하려 애쓰는 모습을 보니까. 기분도 풀리고 매장 분위기가 살아나는 것 같아.	N	2022-07-13 07:50:59	2022-11-08 04:19:11
BE22008515	14	1	내 말에 위안이 되었다는 게 난 고맙지. 오늘도 힘차게 영업하고! 나도 회사 업무 열심히 할게!	Y	2022-07-13 07:50:59	2022-11-08 04:19:11
