id	utterance_id	utterance_type	utterance_text	terminate	regDate	updDate
BE22025579	1	0	여보, 근래 수입된 참치가 중금속에 오염돼 있었다는 뉴스 봤어? 하필이면 어제 참치를 먹고 왔는데 이게 무슨 날벼락이야. 화가 나서 참을 수가 없네.	N	2022-10-08 06:21:45	2022-10-08 06:21:45
BE22025579	2	1	나는 당신이 말해줘서 알았어. 안 그래도 다녀와서 속이 잠깐 불편한 것 같다고 했었잖아. 괜히 그 참치도 오염된 것일까 걱정되네.	N	2022-10-08 06:21:45	2022-11-08 06:07:06
BE22025579	3	0	안 그래도 걱정이 돼서 식당에 전화해 보니까 자기들과는 무관한 일이라고 하네. 이렇게 들어도 마음이 놓이지 않고 분해. 괜히 사기를 당한 기분이야.	N	2022-10-08 06:21:45	2022-10-08 06:21:45
BE22025579	4	1	그래도 주인 분 말씀이 그렇다니 믿어야지. 당신이 어제 참치를 먹은 바람에 더 속상함이 클 것 같아.	N	2022-10-08 06:21:45	2022-11-08 06:07:06
BE22025579	5	0	업체들은 검수를 도대체 어떻게 하는 건지 화가 나. 아무것도 모르고 먹었다가 잘못되는 사람들이 있으면 어쩌려고. 앞으로는 절대 참치를 먹지 않을 거야.	N	2022-10-08 06:21:45	2022-10-08 06:21:45
BE22025579	6	1	일이 더 커지기 전에 발견돼서 다행일 거야. 당신이 참치를 얼마나 좋아하는 사람인지 아는데 나까지 마음이 아프다. 앞으로 검수 과정이 더 철저해질 테니까 너무 염려하지는 마.	N	2022-10-08 06:21:45	2022-11-08 06:07:06
BE22025579	7	0	다른 것도 아니고 중금속에 오염된 거잖아. 자칫하면 큰 병으로 이어질 수도 있었어. 먹는 게 오염돼 있었다고 하니까 세상을 불신하게 될 지경이야.	N	2022-10-08 06:21:45	2022-10-08 06:21:45
BE22025579	8	1	당장은 뉴스를 확인하고 놀란 마음에 더 격한 감정이 든 것도 있을 거야. 불신하는 자기 마음만 더 불편할 텐데, 여기서 더 자신을 괴롭게 만들지는 마. 나는 여전히 당신이 세상을 신뢰하면서 일상의 즐거움을 느끼는 사람이길 바라.	N	2022-10-08 06:21:45	2022-11-08 06:07:06
BE22025579	9	0	이런 전말을 알고 나니까 마음을 다잡기가 쉽지 않네. 자기 말처럼 당장 어제 참치를 먹었는데 이런 뉴스를 보니까 더 화가 나는 것 같아.	N	2022-10-08 06:21:45	2022-11-08 06:07:07
BE22025579	10	1	무슨 마음인지 이해해. 하지만 당신의 힘으로는 어쩔 수 없는 일이었잖아. 오늘을 계기로 앞으로 더 조심하면 될 테니까 그걸 위안 삼아 마음을 잘 다스려 보자.	N	2022-10-08 06:21:45	2022-11-08 06:07:07
BE22025579	11	0	맞아, 피할 수는 없는 일이었지. 먹는 걸 좋아하다 보니까 이런 뉴스가 오면 이성을 잃게 되는 것 같네. 당신 말처럼 나를 위해서라도 마음을 잘 다스려볼게.	N	2022-10-08 06:21:45	2022-11-08 06:07:07
BE22025579	12	1	무언가를 좋아하는 만큼 분함도 더 커질 수밖에 없지. 지나고 보면 오늘의 다친 감정도 무뎌질 수 있을 거야. 그렇게 믿고 아직 남은 즐거운 일들에만 집중하자.	N	2022-10-08 06:21:45	2022-11-08 06:07:07
BE22025579	13	0	그래도 당신이 당신 일처럼 같이 공감하고 화내줘서 나도 마음이 좀 풀렸어. 집안일로 한창 바쁠 시간인데 괜히 미안하고 고맙네.	N	2022-10-08 06:21:45	2022-10-08 06:21:45
BE22025579	14	1	무슨 소리야, 이런 일이 있음 당연히 나랑 얘기해야지. 당신 마음이 편한 것보다 내게 중요한 일도 없어. 가책 같은 거 느끼지 말고 지금은 당신 마음을 다스리는 데만 집중해.	N	2022-10-08 06:21:45	2022-11-08 06:07:07
BE22025579	15	0	그렇게 말해줘서 고마워. 당분간 참치는 못 먹겠지만 언젠가 이 즐거움을 되찾을 날도 오겠지. 덕분에 분이 좀 풀렸어, 이따 집에 가서 봐.	Y	2022-10-08 06:21:45	2022-11-08 06:07:07
