id	utterance_id	utterance_type	utterance_text	terminate	regDate	updDate
BE22025329	1	0	여보, 우리 아들은 머리도 좋고, 신체조건도 좋은데 딱 한 가지, 겁이 너무 많아. 이것도 무서워서 안 되고, 저것도 잘 안될 것 같다. 결국 아무것도 못 하겠다는데, 난 그 녀석을 생각할 때마다 정말 속이 타!	N	2022-10-07 08:35:22	2022-10-07 08:35:22
BE22025329	2	1	사랑하는 아들이 더 나은 길이 있음에도 자신감 때문에 포기하니 당신이 얼마나 답답하고 속상하겠어요. 저도 더 높이 날아오를 수 있었을 그 아이를 생각하면 안타까운 마음뿐이에요.	N	2022-10-07 08:35:22	2022-11-08 06:05:35
BE22025329	3	0	그래, 다른 모든 사람들이 보기에 그 애는 충분히 잘 할 수 있어. 그런데 자기가 생각하기엔 죽어도 아니라고 부정하니! 자신이 없다면서 자기 고집만은 포기하지 않으니, 너무 열 받는다니깐!	N	2022-10-07 08:35:22	2022-10-07 08:35:22
BE22025329	4	1	그래도 너무 화내지 마세요, 아들도 자신의 그런 모습에 경계심을 느끼고 있던 걸요. 정말로 아직 준비가 되지 않았을 뿐이지, 본인도 바뀌려고 노력 중이랍니다. 그러니 아들을 한 번 믿어주세요.	N	2022-10-07 08:35:22	2022-11-08 06:05:35
BE22025329	5	0	하지만 그렇게 믿고 기다린 세월이 벌써 몇 년째야? 마음껏 도전할 수 있는 이 젊음과 기회들은 다신 돌아오지 않아. 겁을 먹곤 이 귀중한 시간들을 허비하는 아들에 내 분통이 터져!	N	2022-10-07 08:35:22	2022-10-07 08:35:22
BE22025329	6	1	인생은 긴걸요. 저희도 따지자면 뒤늦게 개화한 인생들 아닌가요? 언젠가 반드시 아들의 불안하고 방황하던 시간이 의미를 찾게 되는 때가 올 거예요.	N	2022-10-07 08:35:22	2022-11-08 06:05:35
BE22025329	7	0	값어치를 따질 수 없는 건 시간뿐만이 아니라 사람들과의 인연 또한 마찬가지야. 아들이 짝사랑하던 여자애는 내가 보기에도 정말 드물게 선하고 바른 아이였어. 그런데 단지 차이기 무섭단 이유만으로 연락을 끊다니 보는 내가 울화가 치밀어!	N	2022-10-07 08:35:22	2022-10-07 08:35:22
BE22025329	8	1	답답한 그 마음 정말 이해해요. 하지만 당신이 아들에게 화내면 화낼수록 그 아이는 역으로 더욱 겁을 먹을 뿐이에요. 어렵겠지만, 당신이 인내하고 아들의 입장에서 이해하고 존중해준다면, 오래된 오해와 앙금이 풀리며, 서로의 마음이 가벼워지겠죠.	N	2022-10-07 08:35:22	2022-11-08 06:05:35
BE22025329	9	0	당신 말을 듣고 보니 내가 그동안 너무 아들을 다그치기만 한 것 같아. 어쩌면 아들이 저렇게 소심해진 것도 내 탓일지도 모르지. 그런 내 자신에게 너무 화가 나 용서할 수가 없어!	N	2022-10-07 08:35:22	2022-11-08 06:05:35
BE22025329	10	1	아니에요, 당신이 얼마나 아들을 아끼고, 그 아이를 위한 노력을 아끼지 않았는지 잘 안답니다. 매번 아들이 포기해도, 당신은 포기하지 않고 아들이 도전할 수 있는 또 다른 기회들을 찾았죠. 아들도 언젠가 분명 당신의 헌신과 수고를 이해해 줄 거예요.	N	2022-10-07 08:35:22	2022-11-08 06:05:35
BE22025329	11	0	당신 말대로 아들이 바뀌기 위해선 나부터 변해야 할 것 같아. 이젠 더 이상 분노를 아들 훈육하기 위한 수단으로 휘두르지 않겠어. 결심을 하니 정말로 내 마음 속에 고여있던 울화가 풀어져 가는 기분이야.	N	2022-10-07 08:35:22	2022-11-08 06:05:35
BE22025329	12	1	오랜 세월 동안 쌓아온 감정을 해소하기 어려웠을 텐데, 역시 당신은 대단해요. 그런 당신의 변화를 본 아들 또한 더 나은 방향으로 자극받을 것이라 믿어요.	N	2022-10-07 08:35:22	2022-11-08 06:05:35
BE22025329	13	0	당신이 이성을 잃은 나를 하나하나 달래주고 위로해주지 않았더라면 이런 결심을 결코 하지 못했을 거야. 당신에게는 늘 고맙고 미안하네.	N	2022-10-07 08:35:22	2022-11-08 06:05:35
BE22025329	14	1	아니요, 저야말로 당신에게서 많은 도움을 받았는걸요. 불합리한 일을 당했거나 불운한 일이 생겼을 때 대신 분노해주는 당신 덕분에 많은 위안을 얻었어요. 그런 당신을 위해 뭘 할 수 있다는 자체가 저에게는 행복이에요.	Y	2022-10-07 08:35:22	2022-11-08 06:05:35
