id	utterance_id	utterance_type	utterance_text	terminate	regDate	updDate
BE22007908	1	0	여보, 이따가 들어올 때 초콜릿케이크 한 조각만 사다 줄 수 있어?	N	2022-07-11 14:27:50	2022-11-08 04:15:18
BE22007908	2	1	응, 그렇게 할게. 근데 갑자기 왜?	N	2022-07-11 14:27:50	2022-11-08 04:15:18
BE22007908	3	0	우리 딸이 요즘에 나랑 통 대화를 안 하려고 하네. 아예 본 척도 안 해. 그래서 케이크 주면서 말 걸어보려고.	N	2022-07-11 14:27:50	2022-11-08 04:15:18
BE22007908	4	1	당신이랑 무슨 일도 없었는데 우리 딸이 왜 그럴까?	N	2022-07-11 14:27:50	2022-11-08 04:15:18
BE22007908	5	0	모르겠어. 내가 말을 걸어도 대답도 없네. 사춘기라서 그렇다고 생각은 하는데, 어쩐지 서운하네. 야속한 마음도 들고.	N	2022-07-11 14:27:50	2022-11-08 04:15:18
BE22007908	6	1	아무래도 당신이랑 우리 딸이 친하게 지냈으니 그런 감정이 들 수 있지. 당신이 우리 딸한테 서운하고 야속하다고 하니까 나도 마음이 아파서 눈물이 나려고 하네.	N	2022-07-11 14:27:50	2022-11-08 04:15:18
BE22007908	7	0	딸에게 거절당했다고 생각하니까 좀 화가 나는 거 있지.	N	2022-07-11 14:27:50	2022-11-08 04:15:18
BE22007908	8	1	당신이 뭘 잘못해서 그런 게 아니니까 너무 속상해하지 마. 당신이 우리 딸을 얼마나 사랑하고 아껴주는데.	N	2022-07-11 14:27:50	2022-11-08 04:15:18
BE22007908	9	0	그래도 속상하긴 했어. 내 마음을 몰라주는 우리 딸이 매정하게 느껴져.	N	2022-07-11 14:27:50	2022-11-08 04:15:18
BE22007908	10	1	당신이 엄청나게 상심했나보다. 얼마나 마음에 상처를 받았으면 우리 딸한테서 매정하다고 느꼈을까?	N	2022-07-11 14:27:50	2022-11-08 04:15:18
BE22007908	11	0	나 우리 딸 정말 사랑하거든. 내가 입혀주고, 먹여주고, 재워주고 다 해주는데, 내 마음을 몰라도 너무 몰라주네. 너무 몰라줘서 화가 나.	N	2022-07-11 14:27:50	2022-11-08 04:15:18
BE22007908	12	1	당신이 우리 딸이랑 대화하려고 노력하는 모습이 멋지다고 생각해. 화가 났지만 해결해보려고 케이크도 사고. 이렇게 노력하는 엄마를 어떻게 싫어하겠어?	N	2022-07-11 14:27:50	2022-11-08 04:15:18
BE22007908	13	0	그래, 내가 이렇게 노력하는데 언젠가는 알아주겠지. 정말 내가 갖은 노력을 다 한다.	N	2022-07-11 14:27:50	2022-11-08 04:15:18
BE22007908	14	1	그래, 사춘기니까 대화를 안 하려고 하는 거지 당신을 거절하고 그런 건 아닐 거야. 케이크 먹으면서 이야기 나눠봐. 너무 속상해하지 말고.	N	2022-07-11 14:27:50	2022-11-08 04:15:18
BE22007908	15	0	알겠어, 마음 풀고 잘 대화해볼게. 고마워 여보.	Y	2022-07-11 14:27:50	2022-11-08 04:15:18
