id	utterance_id	utterance_type	utterance_text	terminate	regDate	updDate
BE22025937	1	0	여보, 이번 달 회사 실적이 안 좋아. 코로나 19 때문에 대리 운전 회사는 손실이 많아서 분노가 일어.	N	2022-10-09 04:58:37	2022-10-09 04:58:37
BE22025937	2	1	당신이 그렇게 열심히 일했는데 정말 눈물이 날 것 같다. 코로나가 언제 사라질지 걱정이 많이 돼서 나도 잠을 못 이룰 정도야. 내가 이런데 당신은 얼마나 힘들겠어, 당신이 화 많이 내도 이해가 돼.	N	2022-10-09 04:58:37	2022-10-09 04:58:37
BE22025937	3	0	코로나 상황에 따라 실적이 들쑥날쑥해서 그때마다 내 마음도 올라갔다가 내려갔다가 해. 직원들 보기도 그렇고 해서 밖에 나와서 한숨만 쉬었어. 내가 너무 무능력한 것 같아서 화가 나.	N	2022-10-09 04:58:37	2022-10-09 04:58:37
BE22025937	4	1	당신은 책임감이 있는 사람이라서 더 마음이 힘든 것 뿐이야. 당신이 이 사업 시작한다고 했을 때 내가 반대하지 않은 건 당신의 능력을 믿었기 때문이야. 무능력한 게 아니라 신중한 거니까 너무 자책하지 마.	N	2022-10-09 04:58:37	2022-11-08 06:09:14
BE22025937	5	0	오늘 직원 한 명이 이 사업을 접을 건지 조용히 물어보더라고. 만약 그렇다면 다른 일자리를 미리 알아봐야겠다면서 말이야. 그 말을 들으니까 속상하고 화가 많이 나더라고.	N	2022-10-09 04:58:37	2022-10-09 04:58:37
BE22025937	6	1	그런 말까지 들어야 하다니 당신 자존심이 많이 상했을 것 같다. 그 직원 마음도 당신과 같은 마음일 거야. 코로나가 잠잠해져 회사에 손실이 없고 실적이 높아지기를 바랄 거니까 당신이 이해해.	N	2022-10-09 04:58:37	2022-11-08 06:09:14
BE22025937	7	0	나도 실적을 높이기 위해 애를 쓰고 있는 중이야. 그런데 그걸 몰라주는 것 같아서 섭섭하기도 해.	N	2022-10-09 04:58:37	2022-10-09 04:58:37
BE22025937	8	1	회사가 잘 안 돌아가니까 당신이 많이 예민해진 것 같아. 전에는 웃음도 많던 사람이 요즘 잘 웃지도 않아서 걱정이 많이 돼.	N	2022-10-09 04:58:37	2022-11-08 06:09:14
BE22025937	9	0	내가 그랬다니 당신에게 정말 미안하다. 돈도 전처럼 많이 가져다 주지도 못하는데 마음까지 불편하게 해서.	N	2022-10-09 04:58:37	2022-10-09 04:58:37
BE22025937	10	1	나는 당신이 걱정이 돼서 하는 말이지 당신을 탓하는 말이 아니야. 가정은 함께 이끌어나가야 하니까 나도 일자리를 잡았어. 그러니 웃음을 잃지 말고, 용기도 잃지 말고 살아주길 바라.	N	2022-10-09 04:58:37	2022-11-08 06:09:14
BE22025937	11	0	당신이 직장을 잡았다니 깜짝 놀랐어. 일 하기 싫은데 억지로 일하는 건 아닌지 걱정이 되는데.	N	2022-10-09 04:58:37	2022-10-09 04:58:37
BE22025937	12	1	코로나가 우리를 힘들게도 하지만 삶을 새롭게 볼 수 있는 기회를 줬어. 항상 일하고 싶었는데 이번 기회에 용기 내서 일자리를 잡은 거니까 걱정하지 마. 그러니까 당신도 지금 힘들다고 분노하고 좌절하지 말고 다시 힘을 내, 코로나는 언젠가 잠잠해질 터이니까.	N	2022-10-09 04:58:37	2022-11-08 06:09:14
BE22025937	13	0	당신이 그렇게 말해주니 마음이 많이 풀린다. 당신이 내게 정말 큰 힘이 되어 주어서 고마워. 마음 속 분노를 가라앉히고 머리를 맑게 해서 좋은 아이디어를 생각해 실적을 올려야겠어.	N	2022-10-09 04:58:37	2022-10-09 04:58:37
BE22025937	14	1	우리가 씩씩하게 살다 보면 코로나는 물러갈 거야. 그때가 되면 오늘 이야기 하면서 웃을 수 있을 것 같아. 좋은 생각이 좋은 현실을 만든다니 우리 긍정적으로 생각하자.	Y	2022-10-09 04:58:37	2022-11-08 06:09:14
