id	utterance_id	utterance_type	utterance_text	terminate	regDate	updDate
BE22008759	1	0	나 오늘 저녁 약속이 있어서 늦어. 며칠 전에 말했지? 친구 만난다고.	N	2022-07-14 04:42:18	2022-11-08 04:20:45
BE22008759	2	1	아, 그래? 고민 많이 하더니 만나기로 한 거야? 내가 어린이집에 아이 데리러 갈게.	N	2022-07-14 04:42:18	2022-11-08 04:20:45
BE22008759	3	0	응, 섭섭하고 분한 마음에 두 번 다시 보고 싶지 않았는데, 결국 다시 보게 되네. 몇 년째 한결같이 내가 밥값을 낼 때까지 뭉그적거리며 버티는 모습을 봐야 해. 날 친구로 생각한다면 그럴 수는 없어!	N	2022-07-14 04:42:18	2022-11-08 04:20:45
BE22008759	4	1	한두 해 본 사이도 아니고 십년지기라면서? 오만 감정이 마음속을 헤집고 다녔을 텐데 당신이 용케 둘의 우정을 지켜왔네.	N	2022-07-14 04:42:18	2022-11-08 04:20:45
BE22008759	5	0	시간 약속까지 해놓은 상태지만 지금도 마음이 갈팡질팡해. 벌써부터 스트레스가 올라오는 게 약속을 취소해버릴까 싶기도 하고.	N	2022-07-14 04:42:18	2022-11-08 04:20:45
BE22008759	6	1	그동안 결국 감정의 밑바닥까지 드러내게 만든다고 노여워하는 당신을 보면서 많이 안타까웠어. 그런 마음이 드는 게 너무나 당연하니까, 조금이라도 꺼려지면 안 만나도 돼. 네 맘이 편해진다면 그렇게 해도 괜찮아.	N	2022-07-14 04:42:18	2022-11-08 04:20:45
BE22008759	7	0	휴, 그래도 만나봐야지. 자기 마음에 부대끼는 일이 있어서 나를 찾는 걸 텐데 모른 척할 수는 없어. 목소리가 좋지 않더라고.	N	2022-07-14 04:42:18	2022-11-08 04:20:45
BE22008759	8	1	당신의 그런 넓은 마음이 두 사람의 관계를 지금껏 지켜온 게 아닐까 싶으네. 당신이 둘의 관계를 그만큼 중요하게 생각하는 것일 테고. 그래서 생각보다 단단하게 결속된 관계일지도 몰라.	N	2022-07-14 04:42:18	2022-11-08 04:20:46
BE22008759	9	0	그럴까? 나는 이 관계가 가식적인 건 아닐까, 그 친구는 나를 이용하고 있는 건 아닐까 의심했어. 그래서 때때로 그 친구한테 더욱 화가 났었고.	N	2022-07-14 04:42:18	2022-11-08 04:20:46
BE22008759	10	1	내가 그 친구라면 당신한테 정신적으로 많이 의지할 것 같아. 당신이 자기를 걱정하고 지지해주고 있다는 걸 모를 리 없어.	N	2022-07-14 04:42:18	2022-11-08 04:20:46
BE22008759	11	0	다른 건 몰라도 그 친구가 날 믿고 좋아하는 건 확실해. 기쁘고 행복할 때나 슬프고 불행할 때나 늘 나 먼저 찾거든.	N	2022-07-14 04:42:18	2022-11-08 04:20:46
BE22008759	12	1	거 봐, 그럴 거라고 짐작했어. 그 친구한테 당신은 그만큼 소중한 존재야.	N	2022-07-14 04:42:18	2022-11-08 04:20:46
BE22008759	13	0	그러네, 내가 한동안 한 가지만 보고 우리 관계를 의심했어. 오늘은 만나서 밥값 얘기도 해볼래. 그것 때문에 내가 우리 관계를 의심하고 흔들렸다고.	N	2022-07-14 04:42:18	2022-11-08 04:20:46
BE22008759	14	1	잘 생각했어! 당신 삶의 모토가 언제나 당당하고 솔직하게 말하기잖아. 허심탄회하게 대화하다 보면 두 사람의 관계가 더욱 단단해질 거야.	N	2022-07-14 04:42:18	2022-11-08 04:20:46
BE22008759	15	0	고마워, 여보. 빨리 그 친구 만나고 싶어. 하고 싶은 얘기가 많아.	N	2022-07-14 04:42:18	2022-11-08 04:20:46
BE22008759	16	1	오늘 돌아올 땐 아주 행복한 표정이겠네. 밤에 집에서 봐.	Y	2022-07-14 04:42:18	2022-11-08 04:20:46
