id	utterance_id	utterance_type	utterance_text	terminate	regDate	updDate
BE22023784	1	0	여보, 나 방금 전에 엄청 어이없는 일 당한 거 알아? 내가 진짜 화가 나서 정말 어쩔 줄을 모르겠어.	N	2022-10-03 16:33:26	2022-10-03 16:33:26
BE22023784	2	1	왜 그렇게 화가 많이 났어? 당신 커피 산다고 나간거였잖아.	N	2022-10-03 16:33:26	2022-10-03 16:33:26
BE22023784	3	0	아니, 내가 커피를 사려고 엄청 오래 기다렸는데 새치기를 당한 거 있지. 내가 뒤에서 멀쩡히 기다리고 있었는데 말이야.	N	2022-10-03 16:33:26	2022-11-08 05:56:27
BE22023784	4	1	당신이 그런 일을 당했어? 진짜 너무 억울하고 어이없어서 화가 났겠다. 그 사람한테 왜 새치기 하냐고 물어봤어?	N	2022-10-03 16:33:26	2022-11-08 05:56:27
BE22023784	5	0	내가 물어봤더니 자기는 사람 있는 줄 몰랐다고 그러더라. 그러면서 왜 줄을 그런 식으로 서서 사람 오해하게 만드냐고 되레 화내는 거 있지? 내가 진짜 너무 화가 나서 말이 안 나오더라.	N	2022-10-03 16:33:26	2022-11-08 05:56:27
BE22023784	6	1	당신이 얼마나 화가 났으면 말이 안나왔겠어. 당신이 갑자기 새치기를 당해서 정말 화가 많이 났겠다. 당신이 얼마나 분하고 어이없었을지 짐작이 안가.	N	2022-10-03 16:33:26	2022-11-08 05:56:27
BE22023784	7	0	나는 그래도 내가 그렇게 말하면 사과하고 비켜줄 줄 알았거든? 그런데 완전 적반하장으로 나오니까 더 화가 났어. 진짜 싸우고 싶었는데 커피숍에서 큰 소리 내는 건 아닌 거 같아서 그냥 참았어.	N	2022-10-03 16:33:26	2022-11-08 05:56:27
BE22023784	8	1	당신 정말 화나고 분했을텐데 그 상황을 잘 참다니 정말 대단하다. 나였으면 당신처럼 그렇게 침착하게 생각하지 못했을거야. 당신이니까 그나마 그 정도로 대처했다고 생각해.	N	2022-10-03 16:33:26	2022-11-08 05:56:27
BE22023784	9	0	어떻게 사람이 그럴 수가 있지? 진짜 너무 뻔뻔해 보이고 화가 나서 커피숍에서 그냥 나와버렸어.	N	2022-10-03 16:33:26	2022-11-08 05:56:27
BE22023784	10	1	당신이 얼마나 화가 났으면 커피 사는 것도 포기하고 그냥 나왔겠어. 당신 혼자서 그런 일을 겪게 했다고 생각하니까 내가 너무 미안하다. 당신한테 이 일이 오래 기억되지 않았으면 좋겠어.	N	2022-10-03 16:33:26	2022-11-08 05:56:27
BE22023784	11	0	세상에 정말 나쁜 사람들이 많은 것 같아. 나한테 너무 크게 화를 내니까 순간적으로 내가 잘못했나 하는 생각이 스치더라.	N	2022-10-03 16:33:26	2022-10-03 16:33:26
BE22023784	12	1	당신이 억울한 일을 당해서 그렇게 생각하는 거 같아. 절대 당신 잘못이 아니니까 너무 신경 쓰지 않았으면 좋겠어. 이런 일은 자꾸 생각하다보면 당신 회만 더 나니까 그냥 잊고 마음을 가볍게 가져보는게 어때?	N	2022-10-03 16:33:26	2022-11-08 05:56:27
BE22023784	13	0	당신 말을 들으니까 그게 맞는 것 같아. 내가 화낸다고 해서 달라질 것도 없는데 너무 신경 쓴 것 같아. 당신이 말해줘서 내 마음이 좀 나아졌어.	N	2022-10-03 16:33:26	2022-11-08 05:56:27
BE22023784	14	1	당신한테 도움이 되었다고 말해주니까 내가 너무 기쁘다. 당신 화가 가라앉아서 정말 다행이라고 생각해. 항상 내가 옆에 있을테니까 안 좋은 일 생기면 나한테 기대.	N	2022-10-03 16:33:26	2022-11-08 05:56:27
BE22023784	15	0	당신 같은 사람이 내 옆에 있어줘서 정말 고마워. 내가 맛있는 거 사서 집에 갈 테니까 기다려!	Y	2022-10-03 16:33:26	2022-11-08 05:56:28
