id	utterance_id	utterance_type	utterance_text	terminate	regDate	updDate
BE22002848	1	0	우리 아들이 내 차를 몰래 타고 나갔던데 알고 있었어?	N	2022-06-23 03:13:03	2022-11-08 03:42:49
BE22002848	2	1	아니, 몰랐는데 그게 정말이야?	N	2022-06-23 03:13:03	2022-11-08 03:42:49
BE22002848	3	0	응, 몰래 타고 나간 것도 모자라 접촉사고까지 냈어.	N	2022-06-23 03:13:03	2022-11-08 03:42:49
BE22002848	4	1	세상에, 어떻게 그럴 수가... 당신 많이 놀랐겠네.	N	2022-06-23 03:13:03	2022-11-08 03:42:49
BE22002848	5	0	경찰서랑 보험회사에서 전화가 왔는데 내 귀를 의심했어. 이야기를 듣자마자 아들에게 화가 머리끝까지 났어.	N	2022-06-23 03:13:03	2022-11-08 03:42:49
BE22002848	6	1	정말 당황스럽고 화가 났겠다. 지금 듣는 나도 어이가 없고 화가 나는데, 일하다가 들은 소식에 얼마나 실망했을지 상상이 안 돼. 그러면 지금 경찰서로 가는 중이야?	N	2022-06-23 03:13:03	2022-11-08 03:42:49
BE22002848	7	0	응, 거의 다 왔어. 그런데 아직도 화가 가라앉지를 않아서, 어떻게 이야기를 해야 할지 모르겠어. 지금은 아들에게 화를 내면서 폭언을 하게 될 것 같아.	N	2022-06-23 03:13:03	2022-11-08 03:42:49
BE22002848	8	1	아들이 갑자기 큰 사고를 쳤으니 당연히 실망스럽고 많이 화가 많이 날 거야, 이해해. 그리고 우리 아들이 처음으로 말없이 외박했던 날 기억나?	N	2022-06-23 03:13:03	2022-11-08 03:42:49
BE22002848	9	0	응, 기억나. 그때도 정말 화가 많이 났었지.	N	2022-06-23 03:13:03	2022-11-08 03:42:49
BE22002848	10	1	맞아. 그때도 당신 화가 나서 혼 내려다가 이유가 있었을 거라면서 차분하게 대화를 나누고 잘 해결했잖아. 그때 당신이 얼마나 현명하고 멋있었는지 몰라. 이번에도 차분하게 이야기를 나눠보는 건 어떨까?	N	2022-06-23 03:13:03	2022-11-08 03:42:49
BE22002848	11	0	맞아, 그런 일이 있었던 걸 생각해 보면 우리 아들이 사고뭉치가 맞나 봐. 당신 덕분에 화도 가라앉고 침착해질 수 있겠어. 일단 정확한 자초지종 먼저 들어보고 같이 저녁 먹으면서 차분하고 깊게 얘기해 봐야겠네.	N	2022-06-23 03:13:03	2022-11-08 03:42:49
BE22002848	12	1	정말 좋은 생각이야. 아무리 화가 나도 금방 가라앉히고 차분하게 이야기해 보려는 모습이 멋지고 대단해. 예전부터 느꼈지만 당신은 좋은 아빠야, 응원할게.	N	2022-06-23 03:13:03	2022-11-08 03:42:49
BE22002848	13	0	고마워, 당신이랑 이야기한 덕분에 화가 많이 가라앉았어. 차분하게 잘 이야기할 수 있을 것 같아.	N	2022-06-23 03:13:03	2022-11-08 03:42:49
BE22002848	14	1	다행이야. 부자끼리 잘 이야기하고 사고도 잘 해결하고 와. 기다리고 있을게.	Y	2022-06-23 03:13:03	2022-11-08 03:42:49
