id	utterance_id	utterance_type	utterance_text	terminate	regDate	updDate
BE22015857	1	0	여보, 방금 쓰레기를 버리고 왔는데 정말 화가 나는 일이 있었어. 정말 얼굴이 굳어지는 것 같아.	N	2022-08-26 06:13:05	2022-11-08 05:05:41
BE22015857	2	1	무슨 일 있었어? 나한테 다 털어놔 봐.	N	2022-08-26 06:13:05	2022-11-08 05:05:41
BE22015857	3	0	글쎄, 누군가가 아파트 쓰레기장을 엉망으로 만들어놓은 거 있지. 재활용품도 재활용하지 않고 아무 데나 던져놓고, 쓰레기봉투도 터진 채로 방치되어 있더라고. 우리가 사는 곳이 더럽혀진 기분이라 정말 화가 났어.	N	2022-08-26 06:13:05	2022-11-08 05:05:41
BE22015857	4	1	그게 정말이야? 듣기만 해도 불쾌함과 분노가 마음 가득 채워진다. 직접 그 광경을 본 당신은 얼마나 속상하고 기분이 안 좋았겠어. 당신이 화를 내는 것도 당연해.	N	2022-08-26 06:13:05	2022-11-08 05:05:41
BE22015857	5	0	나는 항상 공동으로 사용하는 곳을 깨끗하게 쓰려고 노력하거든. 그런데 저런 사람들을 보면 정말 책임감이 없는 것처럼 느껴져. 어지럽히는 사람과 치우는 사람이 나누어져 있는 것 같아서 씁쓸하네.	N	2022-08-26 06:13:05	2022-08-26 06:13:05
BE22015857	6	1	당신이 청결을 위해 노력했던 것들을 무시당하는 기분이라 더 화가 났을 것 같아.	N	2022-08-26 06:13:05	2022-11-08 05:05:41
BE22015857	7	0	이러니까 지금까지 해왔던 노력이 다 부질없게 느껴져. 다 함께 환경을 위해 노력해 주었으면 좋겠는데 말이야. 이젠 나도 의욕이 떨어지는 기분이야.	N	2022-08-26 06:13:05	2022-11-08 05:05:41
BE22015857	8	1	당신 덕분에 얼마나 많은 사람이 기분 좋게 아파트를 지나다녔는데. 당신의 호의가 많은 사람을 기쁘게 해주었다고 생각하면 그 허무함도 줄어들지 않을까? 당신은 분명 옳은 일을 한 것이니까 너무 낙담하지 마.	N	2022-08-26 06:13:05	2022-11-08 05:05:41
BE22015857	9	0	하지만 치워도 치워도 개선이 되지 않으니 오히려 내가 너무 깔끔을 떨었나 싶기도 해. 내가 너무 청소에 집착하는 거라는 생각도 드네.	N	2022-08-26 06:13:05	2022-11-08 05:05:41
BE22015857	10	1	당신이 깨끗하게 치워주는 것을 보고 본받는 사람도 분명 많을 거야. 당신은 사회에 모범을 보이려고 노력한 것뿐이잖아. 자책할 필요 없고 자신감을 가져봐.	N	2022-08-26 06:13:05	2022-11-08 05:05:41
BE22015857	11	0	당신이 그렇게 말해주니까 그래도 보람이 느껴지네. 내 수고를 알아주는 것 같아서 정말 고마운 마음이 들어. 역시 당신밖에 없다.	N	2022-08-26 06:13:05	2022-08-26 06:13:05
BE22015857	12	1	나도 당신 덕분에 많은 것을 배우고 있거든. 당신이 정말 끈기 있고 대단하다고 생각해.	N	2022-08-26 06:13:05	2022-11-08 05:05:41
BE22015857	13	0	정말 기운이 샘솟는 기분이네. 덕분에 앞으로도 낙담하지 않고 소신껏 행동할 수 있을 것 같아.	N	2022-08-26 06:13:05	2022-08-26 06:13:05
BE22015857	14	1	원래 들어주는 누군가가 있는 것만으로 해결되는 문제가 있잖아. 앞으로도 고민이 있다면 주저하지 말고 알려줘. 언제든 들어줄 준비가 되어있으니까.	N	2022-08-26 06:13:05	2022-08-26 06:13:05
BE22015857	15	0	그렇게 할게. 당신이 있어서 정말 다행이야.	Y	2022-08-26 06:13:05	2022-08-26 06:13:05
