id	utterance_id	utterance_type	utterance_text	terminate	regDate	updDate
BE22024160	1	0	나 오늘은 회식하고 들어갈게. 너무 화가 나고 속상해서 직원들이랑 술 한잔 해야겠어.	N	2022-10-04 15:45:09	2022-10-04 15:45:09
BE22024160	2	1	그래요. 그런데 무슨 일 있어요? 회사에 큰일 생긴 건 아니죠?	N	2022-10-04 15:45:09	2022-11-08 05:58:39
BE22024160	3	0	우리 얼마 전에 생산 시스템에 수천만 원 투자한 것 알지? 그런데 오늘 통계 내보니 생산성이 오히려 떨어졌네. 돈 다 날린 것 같아서 너무 화가 나.	N	2022-10-04 15:45:09	2022-10-04 15:45:09
BE22024160	4	1	그런 일이 있었어요? 이야기만 들어도 이렇게 답답한데 당신은 얼마나 속이 상할까 싶네요. 가뜩이나 요즘 불경기라 걱정도 많은 가운데 투자한 거 잖아요.	N	2022-10-04 15:45:09	2022-11-08 05:58:39
BE22024160	5	0	내 말이. 돈은 돈대로 들고, 새로운 시스템 적응한다고 직원 교육에 시간도 많이 쏟고. 몇 달간 내 에너지 다 쏟아 부었는데, 정말 허무하네. 마음 같아선 개발자 찾아가서 멱살이라도 잡고 싶다니까.	N	2022-10-04 15:45:09	2022-11-08 05:58:39
BE22024160	6	1	당신이 얼마나 속이 상하면 그런 생각까지 했을까 싶어 마음이 안 좋네요. 그렇게 고생한 만큼 보람이 뒤 따라줘야 하는데. 당신이 이렇게 화가 나는 것도 이해할 만 해요.	N	2022-10-04 15:45:09	2022-10-04 15:45:09
BE22024160	7	0	처음엔 직원들도 따라와 주지 못하는 것 같아서 원망스럽고 화가 났어. 그런데 생각해보니 나보다 직원들이 더 허무할 것 같아. 새로운 시스템 배우고 적응한다고 얼마나 애썼겠어.	N	2022-10-04 15:45:09	2022-10-04 15:45:09
BE22024160	8	1	이런 상황에서 직원들 탓하면서 재촉할 수도 있는데, 노고를 모두 알아주고 공감해 주다니 너무 대단해요. 당신이 이렇게 좋은 경영자니까 직원들도 다들 나서서 열심히 일한 거죠. 그러니 너무 속상해 하지 말아요.	N	2022-10-04 15:45:09	2022-11-08 05:58:39
BE22024160	9	0	격려해줘서 고마워. 그런데 지금은 너무 좌절감만 드네. 화도 났다가, 괜히 일 벌렸나 후회도 됐다가 그래. 너무 답답하네.	N	2022-10-04 15:45:09	2022-10-04 15:45:09
BE22024160	10	1	당신이 중심을 잡고 여유 있는 모습을 보여줘야 직원들도 불안해 하지 않죠! 내가 회사 일은 잘 모르지만, 아직 도입 단계니까 더 지켜봐야 하지 않을까요? 분명 곧 좋은 결과가 뒤따를 거예요.	N	2022-10-04 15:45:09	2022-11-08 05:58:39
BE22024160	11	0	그래, 내가 너무 성급하게 생각한 거겠지? 고심 끝에 큰 투자한 만큼 빨리 좋은 결과로 회수하길 바랬던 것 같아. 당신 말처럼 나부터 여유 있게 긍정적으로 생각해야겠어.	N	2022-10-04 15:45:09	2022-11-08 05:58:39
BE22024160	12	1	그래요. 눈 앞의 나무가 아니라 큰 숲을 보라는 말도 있잖아요. 분명 다 잘 될테니까 너무 걱정하지 말아요!	N	2022-10-04 15:45:09	2022-11-08 05:58:39
BE22024160	13	0	그렇게 말해줘서 고마워. 오늘 회식하면서 직원들 사기도 증진 시키고, 다 같이 으쌰 으쌰 해볼게!	N	2022-10-04 15:45:09	2022-11-08 05:58:39
BE22024160	14	1	네, 맛있는 음식 먹으면서 다 같이 기분 전환도 하고 조심히 들어오세요.	Y	2022-10-04 15:45:09	2022-10-04 15:45:09
