id	utterance_id	utterance_type	utterance_text	terminate	regDate	updDate
BE22026088	1	0	지금 친한 친구들 모임에 나와서 밥 먹고 있는데 믿을 놈이 하나 없네. 정말 신뢰라는 걸 다 무너뜨린 기분이야.	N	2022-10-09 11:42:16	2022-10-09 11:42:16
BE22026088	2	1	오랜만에 친구들 얼굴 본다고 즐겁게 나가서 갑자기 무슨 일이야. 누구보다 친구들 아끼는 당신이 그렇게 말하니 내가 다 걱정이 앞서.	N	2022-10-09 11:42:16	2022-11-08 06:10:08
BE22026088	3	0	얼마 전 내 돈을 꿔 간 친구 있었잖아. 그 녀석이 돈도 갚지 않은 채 새 차자랑만 하지 뭐야. 내가 진짜 속에서 치미는 분노에 얼굴이 다 화끈화끈해지더라.	N	2022-10-09 11:42:16	2022-11-08 06:10:08
BE22026088	4	1	믿으니까 돈을 덥석 내어준 거일 텐데 신의를 저버리는 행동에 너무 화가 났을 것 같아. 나였더래도 혈압이 머리끝까지 솟구쳐서 손이 덜덜 떨렸을 거야. 즐거운 자리여야 하는 데 당신 마음이 결코 좋지 않았겠어.	N	2022-10-09 11:42:16	2022-11-08 06:10:08
BE22026088	5	0	당연히 마음이 좋을 수가 없지. 돈 갚겠다던 약속은 안 지키고 비싼 차 산 것만 자랑하는데 내가 어이없이 않겠어?	N	2022-10-09 11:42:16	2022-11-08 06:10:08
BE22026088	6	1	나도 노여움이 밀려드는데 정작 당사자인 본인은 오죽하겠나 싶어. 더구나 친구들과의 신뢰를 누구보다 중신하는 당신이라서 모멸감도 더 컸을 것 같다. 이런 상황에서 누가 어찌 흥분하지 않을 수 있을 거야.	N	2022-10-09 11:42:16	2022-11-08 06:10:08
BE22026088	7	0	너무 화가 나서 친구들 앞에서 망신을 주려다가 간신히 참았어. 그 녀석도 체면이 있을 테니까 말이야. 식사 분위기도 망치고 싶지 않았고.	N	2022-10-09 11:42:16	2022-11-08 06:10:08
BE22026088	8	1	나였다면 득달같이 질책했을 텐데 화를 참아낼 수 있다니 정말 대단하다. 그리고 분위기를 망치고 싶지 않아 하는 것도 다른 이들의 마음을 불편하게 할까 염려하는 거잖아. 당신은 정말 너그러운 사람임이 틀림없어.	N	2022-10-09 11:42:16	2022-11-08 06:10:08
BE22026088	9	0	내가 봐주고 있다는 걸 이 친구도 알아야 할 텐데. 진짜 계속 모르쇠로 일관하면 화가 그치지 않을 것 같아.	N	2022-10-09 11:42:16	2022-10-09 11:42:16
BE22026088	10	1	친구분도 애써 참는 당신 마음 모르시지 않을 거야, 다만 무안해서 표현을 못 할 뿐이지. 당신한테 미안한 마음 전할 테니 노여워 말고 식사 자리 잘 즐길 수 있길 바라. 화내봐야 당신 마음만 더 불편해질 뿐인데 나는 당신이 즐거웠으면 좋겠어.	N	2022-10-09 11:42:16	2022-11-08 06:10:08
BE22026088	11	0	당신 말대로 친구들이 많은 자리 앞이라서 머쓱함에 말 못 했겠다는 생각이 든다. 나도 남 앞에서 부끄러운 모습은 보이고 싶지 않아 하니까. 그럴 수도 있다고 생각하니까 화가 풀렸어.	N	2022-10-09 11:42:16	2022-10-09 11:42:16
BE22026088	12	1	당신이 화가 풀렸다니 나도 마음이 놓여. 불편한 마음에 식사도 제대로 하지 못할까 봐 걱정했었어.	N	2022-10-09 11:42:16	2022-11-08 06:10:08
BE22026088	13	0	같이 공감해 주고 달래준 당신 덕분이지 뭐. 항상 내 편에 서서 생각해 줘서 고맙게 생각해.	N	2022-10-09 11:42:16	2022-10-09 11:42:16
BE22026088	14	1	나는 늘 당신 편이니까 무슨 일 있으면 언제든 나와 나눠줬으면 좋겠어. 앞으로도 이렇게 화난 일도 속상한 일도 함께 풀어나가는 부부로 남자.	Y	2022-10-09 11:42:16	2022-11-08 06:10:08
