id	utterance_id	utterance_type	utterance_text	terminate	regDate	updDate
BE22012302	1	0	여보, 나 정말 너무 화가 나서 말이 안 나와. 조금 전 버스에서 내리는데, 천천히 하차하는 노인을 버스 기사가 구박했어. 화가 머리끝까지 치밀더라.	N	2022-07-29 01:16:45	2022-11-08 04:43:22
BE22012302	2	1	늘 정의로운 우리 아내가 정말 화가 났겠네. 나도 당신 이야기를 들으니까 너무 화가 나서 얼굴까지 벌겋게 달아올랐어.	N	2022-07-29 01:16:45	2022-11-08 04:43:22
BE22012302	3	0	그 모습을 보니 피가 거꾸로 솟는 것 같았어. 지금도 손이 덜덜 떨릴 정도로 마음의 안정이 안 돼.	N	2022-07-29 01:16:45	2022-11-08 04:43:22
BE22012302	4	1	약자를 존중하지 않는 버스 기사의 모습을 생각하니, 나도 좀처럼 분이 풀리지 않네. 너무 속상하기도 하고, 내 마음이 분노로 곧 폭발해 버릴 것 같은 기분이야.	N	2022-07-29 01:16:45	2022-11-08 04:43:22
BE22012302	5	0	노인이면 행동이 느려지는 게 당연하잖아. 그런 노인을 도와주지는 않고 매몰차게 대하다니, 버스 기사의 행동이 정말 잘못된 것 같아.	N	2022-07-29 01:16:45	2022-11-08 04:43:22
BE22012302	6	1	정말 옳지 못한 행동이라서 나도 울화통이 터져. 도대체 그 버스 기사는 무슨 생각으로 그런 행동을 한 거야? 나도 당신처럼 너무 화가 나서 미칠 것 같은 심정이야.	N	2022-07-29 01:16:45	2022-11-08 04:43:22
BE22012302	7	0	순간적으로 기사가 정말 미웠고 내 마음도 무척 괴로웠어. 노인이 정말 안쓰럽게 보여서 금방 눈물이 줄줄 흐를 것 같았고.	N	2022-07-29 01:16:45	2022-11-08 04:43:22
BE22012302	8	1	그런 상황에서 버스 기사와 노인을 바라보고 있으면 당신이 어떤 마음일지 이해가 가. 그래서 당신은 어떻게 했어?	N	2022-07-29 01:16:45	2022-11-08 04:43:22
BE22012302	9	0	마침 나도 노인과 같은 정거장에서 내리는 길이었거든. 그래서 노인이 다치지 않고 무사히 내릴 수 있도록 하차하는 내내 곁에서 도와주었어.	N	2022-07-29 01:16:45	2022-11-08 04:43:22
BE22012302	10	1	위험에 빠질 수도 있었던 노인을 도와준 거니까, 당신이 훌륭한 일을 해낸 거야. 버스 기사에 대한 화를 꾹 참고 노인을 도와준 거니까, 더 칭찬해 주고 싶은걸.	N	2022-07-29 01:16:45	2022-11-08 04:43:22
BE22012302	11	0	기사한테는 정말 화가 나서 견딜 수 없을 지경이었어. 그래도 노인이 안전하게 내리는 게 우선이라고 판단해서 차분하게 그렇게 해 드렸어.	N	2022-07-29 01:16:45	2022-11-08 04:43:22
BE22012302	12	1	맞아, 아무리 화가 나도 당신이 해야 할 일은 해야지. 당신이 힘든 일을 끝까지 잘 해낸 것 같아서 정말 진심으로 칭찬해 주고 싶어.	N	2022-07-29 01:16:45	2022-11-08 04:43:22
BE22012302	13	0	노인도 나한테 고맙다고 인사해서 가슴이 뭉클했어. 이런저런 일이 있었지만, 노인이 아무런 사고 없이 무사히 내린 건 정말 다행이었어.	N	2022-07-29 01:16:45	2022-11-08 04:43:22
BE22012302	14	1	난 당신이 정말 자랑스러운걸. 화는 나지만 노인에 대한 배려를 잊지 않고 끝까지 정성껏 도와준 거잖아. 정말 잘했어, 여보.	N	2022-07-29 01:16:45	2022-11-08 04:43:22
BE22012302	15	0	화가 많이 났는데 당신 얘기를 들으니 마음이 좀 가라앉네. 노인이 무사히 내려서 다행이기도 하고. 늘 내 마음 챙겨 줘서 정말 고마워, 여보.	Y	2022-07-29 01:16:45	2022-11-08 04:43:22
