id	utterance_id	utterance_type	utterance_text	terminate	regDate	updDate
BE22008715	1	0	나 정말 이제는 집 근처에 있는 카페 안 갈 거야.	N	2022-07-14 02:10:28	2022-11-08 04:20:28
BE22008715	2	1	무슨 일 있었어?	N	2022-07-14 02:10:28	2022-11-08 04:20:28
BE22008715	3	0	내가 자주 가는 그 카페 알바생이 엄청 불친절해. 갈 때마다 스트레스받아.	N	2022-07-14 02:10:28	2022-11-08 04:20:28
BE22008715	4	1	어머, 저번에도 좀 불친절하다고 했던 그 알바생 말이야?	N	2022-07-14 02:10:28	2022-11-08 04:20:28
BE22008715	5	0	응, 정말 사람이 예의가 없더라고. 내가 들어가도 보는 체도 안 하고 주문하려고 하면 맨날 뒤돌아서 있단 말이야. 그래서 내가 먼저 말을 걸어야 해.	N	2022-07-14 02:10:28	2022-11-08 04:20:28
BE22008715	6	1	어머, 알바생이 그렇게 하면 나 같아도 엄청 화날 것 같아. 정말 기본적인 것도 안 지키니 자기가 화날 수밖에 없었겠네. 더구나 자기는 아무 잘못 안 했는데 상대방이 매번 그러면 정말 열받겠어.	N	2022-07-14 02:10:28	2022-11-08 04:20:28
BE22008715	7	0	그러니까 말이야. 아무리 생각해도 내가 그 알바생한테 잘못한 게 없는 것 같거든? 근데 항상 그래서 갈 때마다 기분이 안 좋아져.	N	2022-07-14 02:10:28	2022-11-08 04:20:28
BE22008715	8	1	자기 정말 이때까지 계속 기분 나빴겠네. 여태 참고 갔던 자기가 성인군자 같아. 나 같으면 자기처럼 참지 못하고 한마디라도 했을 것 같은데 말이야.	N	2022-07-14 02:10:28	2022-11-08 04:20:28
BE22008715	9	0	나도 한마디 하고 싶었는데 어려 보여서 꾹 참았어. 근데 나는 자주 가는 편인데 계속 그러니 열받아 미치겠더라고. 이런 내가 이상한 거 아니지?	N	2022-07-14 02:10:28	2022-11-08 04:20:28
BE22008715	10	1	누구나 그런 상황에 열받아 했을 거야. 뭐 그런 사람이 다 있어. 돈 받고 일하는 건데 그렇게 퉁명스럽다니.	N	2022-07-14 02:10:28	2022-11-08 04:20:28
BE22008715	11	0	누가 보면 봉사하는 줄 알겠더라고. 그래도 봉사라고 쳐도 손님한테 그렇게 하면 안 되지. 정말 내가 도리어 알바생 눈치를 봐야 하잖아.	N	2022-07-14 02:10:28	2022-11-08 04:20:28
BE22008715	12	1	자기 알바생 때문에 안 받아도 될 스트레스를 받는구나. 자기 그렇게 화난 걸 보니 내가 다 속상하다. 내가 대신 그 알바생한테 화내주고 싶을 정도야.	N	2022-07-14 02:10:28	2022-11-08 04:20:28
BE22008715	13	0	말만 들어도 위로가 돼. 나 대신 화내주고 싶다는 그 말 들으니 조금 화가 가라앉아.	N	2022-07-14 02:10:28	2022-11-08 04:20:28
BE22008715	14	1	응, 괜히 그런 사람 때문에 오늘 자기의 하루를 망칠 수는 없지. 그만 잊고 기분이 나아지는 음악을 듣는 게 어때? 기분 전환할 수 있는 신나는 노래 말이야!	N	2022-07-14 02:10:28	2022-11-08 04:20:28
BE22008715	15	0	그래, 내가 그 사람 때문에 온종일 기분을 구리게 할 필요 없지. 노래 들으면서 화를 가라앉혀야 할 것 같아.	Y	2022-07-14 02:10:28	2022-11-08 04:20:28
