id	utterance_id	utterance_type	utterance_text	terminate	regDate	updDate
BE22013594	1	0	여보. 지원금 신청하러 회사 근처 동사무소에 갔는데, 거주지로 가라고 하네요.	N	2022-08-09 07:46:39	2022-08-09 07:46:39
BE22013594	2	1	그게 무슨 말이에요? 그쪽에서는 신청할 수 없대요?	N	2022-08-09 07:46:39	2022-08-09 07:46:39
BE22013594	3	0	네. 지방 출장을 나와 있어 힘들다고 상황을 설명해도, 퉁명스럽게 안 된다네요.	N	2022-08-09 07:46:39	2022-08-09 07:46:39
BE22013594	4	1	신청도 못 해 보고 발걸음을 돌려서 기분이 많이 상했을 것 같아요. 나라도 그런 상황에 직면하면 노발대발 화부터 냈을 것 같은데, 잘 참았어요.	N	2022-08-09 07:46:39	2022-11-08 04:51:26
BE22013594	5	0	어찌나 화가 났던지. 상황을 아무리 설명해도 앵무새처럼 거주지만 반복하잖아요.	N	2022-08-09 07:46:39	2022-08-09 07:46:39
BE22013594	6	1	마땅한 설명도 해주지 않고 무작정 의미 없는 말만 반복하면 짜증 나죠. 누구라도 화가 났을 거예요. 내가 가서 신청하면 되니까 너무 실망하지 마요.	N	2022-08-09 07:46:39	2022-11-08 04:51:26
BE22013594	7	0	당신 가뜩이나 요새 바쁜데, 이런 일은 제가 해결하고 싶었거든요. 신경 쓰이고 싶게 하지 않아서.	N	2022-08-09 07:46:39	2022-08-09 07:46:39
BE22013594	8	1	누가 신청하든 뭐가 중요해요. 이럴 줄 알았으면 진작 내가 신청한다고 말해야 했는데, 그러지 못해서 미안해요. 괜히 헛걸음하게 해서 당신 기분만 상하게 했네.	N	2022-08-09 07:46:39	2022-11-08 04:51:26
BE22013594	9	0	민원 처리 일이 융통성 있을 수 없고 힘든 건 아는데, 문제는 태도였어요. 너무 퉁명스럽게 대꾸해서 화가 좀 났었네요.	N	2022-08-09 07:46:39	2022-08-09 07:46:39
BE22013594	10	1	아무리 바쁘고 힘들어도 민원인을 그렇게 대하면 안 된다고 생각해요. 민원인들도 시간 내서 찾아가는 건데, 해결 방법만 툭 알려주고 끝내는 건 무시당하는 느낌을 받잖아요. 화가 나는 거 다 이해해요.	N	2022-08-09 07:46:39	2022-11-08 04:51:26
BE22013594	11	0	진작 공고문에 거주지라고 표시해두었으면 서로 얼굴 붉힐 일도 없잖아요.	N	2022-08-09 07:46:39	2022-08-09 07:46:39
BE22013594	12	1	맞아요. 진작 그랬으면 집에 있는 내가 다녀오면 될 일이었는데. 이미 지나간 일에 너무 크게 마음 쓰지 말아요. 나 힘들까 봐 일부러 시간 내서 찾아가 줘서 너무 고마워요.	N	2022-08-09 07:46:39	2022-11-08 04:51:26
BE22013594	13	0	당신이 그렇게 말해주니까 화가 많이 누그러지네요.	N	2022-08-09 07:46:39	2022-08-09 07:46:39
BE22013594	14	1	언제나 긍정적인 당신이 있어서 우리 집안이 화목한 것 같아요. 기분 나쁜 일은 훌훌 털어버리고 다음에 올라오는 날에 아이들이랑 외식하러 가요. 지원금 신청은 내가 오후에 끝내놓을게요.	N	2022-08-09 07:46:39	2022-11-08 04:51:26
BE22013594	15	0	이번에는 좀 일찍 올라갈게요. 불평 들어줘서 고마워요.	Y	2022-08-09 07:46:39	2022-08-09 07:46:39
