id	utterance_id	utterance_type	utterance_text	terminate	regDate	updDate
BE22020431	1	0	어제는 정말 화가 많이 났어요. 어떻게 그럴 수가 있는지 모르겠어요.	N	2022-09-23 01:57:33	2022-09-23 01:57:33
BE22020431	2	1	왜 그러는 거예요? 무슨 일이 있었어요?	N	2022-09-23 01:57:33	2022-09-23 01:57:33
BE22020431	3	0	어제 아이가 저한테 자기한테 해 준 게 뭐가 있냐고 따지더라고요. 그동안 아이가 원하는 대로 다 해 줬는데 그런 말을 들으니까 너무 화가 났어요.	N	2022-09-23 01:57:33	2022-11-08 05:36:43
BE22020431	4	1	걔가 왜 그런 말을 했는지 이해가 가지 않는군요. 무슨 대화를 나누다가 그 얘기가 나온 건가요?	N	2022-09-23 01:57:33	2022-09-23 01:57:33
BE22020431	5	0	이번 시험 성적이 떨어져서 몇 마디 했어요. 그런데 아이가 마음이 힘들다고 하면서 자기가 힘들 때 해 준 게 뭐 있냐고 그러더라고요. 순간적으로 말문이 막히고 화가 많이 났죠.	N	2022-09-23 01:57:33	2022-11-08 05:36:43
BE22020431	6	1	당신이 아이를 위해 애를 많이 썼는데, 그런 말을 들었다면 화가 날 수 있어요. 당신 마음 이해해요.	N	2022-09-23 01:57:33	2022-11-08 05:36:43
BE22020431	7	0	아이가 원하는 대로 다 해 주려고 그동안 얼마나 노력했는지 당신도 잘 알잖아요. 그런데 아이가 그런 내 마음을 전혀 몰라주고 해 준 게 없다고 말하니까 화가 많이 나네요.	N	2022-09-23 01:57:33	2022-11-08 05:36:43
BE22020431	8	1	이번 시험 성적이 좋지 않아서 아이도 속상했을 텐데, 당신이 꾸중하니까 아이가 힘들었나 봐요. 마음이 편치 않아서 하는 말일 수 있으니 너무 신경 쓰지 말아요. 당신 잘못이 아니라 상황이 좋지 않았던 거니까 마음에 담아두지 말고요.	N	2022-09-23 01:57:33	2022-11-08 05:36:43
BE22020431	9	0	당신이 그렇게 말해주니까 마음이 한결 낫네요. 그동안 성적 문제로 얘기 나눌 때마다 아이와 충돌이 있었던 게 사실이에요. 당신 말대로 서로 날카로워져 있었던 때라서 아이가 그런 말을 했나 봐요.	N	2022-09-23 01:57:33	2022-11-08 05:36:43
BE22020431	10	1	성적은 오를 수도 있고 떨어질 수도 있잖아요. 아이도 성적 때문에 많이 예민해져 있으니까 서로 주의하는 게 좋겠어요.	N	2022-09-23 01:57:33	2022-11-08 05:36:43
BE22020431	11	0	실은 어제 아이와 얘기 나누면서 언성이 높아졌어요. 성적이 떨어졌는데도 아이가 신경 쓰고 싶지 않다고 말해서 내가 화를 냈거든요.	N	2022-09-23 01:57:33	2022-09-23 01:57:33
BE22020431	12	1	성적이 안 좋은데 신경 안 쓴다고 말한 건 아이 진심이 아니었을 거예요. 당신이 화내는 모습에 아이도 화가 나서 해 준 게 뭐가 있냐고 했던 것 같고요.	N	2022-09-23 01:57:33	2022-11-08 05:36:43
BE22020431	13	0	아이와 언쟁하고 나서 서로 감정이 많이 상했어요. 아이가 오늘 나랑 한 마디도 안 하고 학교에 갔거든요.	N	2022-09-23 01:57:33	2022-11-08 05:36:43
BE22020431	14	1	살다 보면 다툴 때도 있고, 감정이 상할 때도 있는 법이에요. 시간이 지나면 기분이 나빴던 것도 나아질 수 있으니 너무 신경 쓰지 말아요.	N	2022-09-23 01:57:33	2022-11-08 05:36:43
BE22020431	15	0	당신이랑 얘기하면서 마음이 좀 나아지네요. 내 얘기 들어줘서 고마워요.	Y	2022-09-23 01:57:33	2022-11-08 05:36:43
