id	utterance_id	utterance_type	utterance_text	terminate	regDate	updDate
BE22026125	1	0	여보, 지금 바빠? 일하는 거 알고 이런 문자를 보내서 미안한데 보낼 사람이 없네. 근데 지금 너무 화가 나고 기분이 안 좋아.	N	2022-10-09 13:04:26	2022-10-09 13:04:26
BE22026125	2	1	아니, 지금 휴게시간이라 시간 괜찮아. 왜 무슨 심각한 문제라도 생긴 거야? 무슨 일이길래 이런 문자를 보내왔는지 너무 걱정이 되네.	N	2022-10-09 13:04:26	2022-11-08 06:10:21
BE22026125	3	0	그건 아니고, 주말에 못 본 주말 드라마를 재방송으로 보는 중이거든. 그런데 내용 진행이 너무 느려서 답답하고 화가 나. 답답해하면서도 보고 있는 내 모습이 너무 한심하고 분노가 진정이 안 돼서 문자를 보냈어.	N	2022-10-09 13:04:26	2022-10-09 13:04:26
BE22026125	4	1	우리 남편이 그런 생각을 하고 있었구나. 나도 드라마를 즐겨 보니까 그 마음이 어떤 마음인지 너무 이해되지. 뭐라고 힘이 나는 말을 해줘야 할지 모르겠네.	N	2022-10-09 13:04:26	2022-11-08 06:10:21
BE22026125	5	0	내용이 너무 비슷하고 진부해서 지지난 주 내용인 줄 착각했어. 시청자 기분도 좀 생각해 줘야지 무슨 각본을 이렇게 썼나 모르겠네. 시청률도 높은 드라마인데 시청자를 기만하는 것도 아니고 너무 화가 나.	N	2022-10-09 13:04:26	2022-10-09 13:04:26
BE22026125	6	1	그런 생각이 충분히 들 수 있지. 드라마를 좋아하는 사람이라면 당신뿐 아니라 누구나 그런 감정을 느낄 만한 일이야. 하지만 드라마는 드라마일 뿐 너무 마음에 담아두면서 상처받는 일은 없었으면 좋겠어.	N	2022-10-09 13:04:26	2022-11-08 06:10:21
BE22026125	7	0	맞아, 나도 그렇게 생각하기는 하는데 순간적으로 화가 나는 마음이 들면 진정이 안돼. 드라마 하나로 왜 이렇게 예민해져 있는 건지 스스로한테 좌절감도 느끼고 참 마음이 불편하네. 어떻게 하면 이런 감정들을 떨쳐버릴 수 있을지 아무런 생각도 의욕도 안 들어.	N	2022-10-09 13:04:26	2022-10-09 13:04:26
BE22026125	8	1	분노의 감정이 커지면 부정적인 생각이 드는 건 이해해. 하지만 스스로 자책을 하면서까지 안 좋은 생각들은 하지 않았으면 좋겠어. 당신은 그 누구보다 강한 인내력과 끈기를 가졌으니 조금 더 기운을 낸다면 이겨낼 수 있어.	N	2022-10-09 13:04:26	2022-11-08 06:10:21
BE22026125	9	0	정말 그럴 수 있을까? 난 이 일을 겪으면서 내가 이렇게 나약한 사람인지 처음 알게 된 기분이야. 그래서 더 화가 나는 거 같고 이 분노가 쉽게 진정이 안 되는 거 같아.	N	2022-10-09 13:04:26	2022-10-09 13:04:26
BE22026125	10	1	처음부터 마음먹은 대로 쉽게 이루어지는 일은 거의 없잖아. 이럴 때일수록 이겨낼 수 있다 굳게 마음을 먹고 노력한다면 많이 나아질 거라 믿어. 나도 늘 당신을 응원하고 있으니까 항상 힘내서 지냈으면 좋겠어.	N	2022-10-09 13:04:26	2022-11-08 06:10:21
BE22026125	11	0	당신이라도 그렇게 말을 해주니 마음속에 큰 힘이 생기는 기분이고 한결 편안해진다. 어찌 보면 우스운 일로 하소연을 해서 어이가 없을 텐데도 내 고민을 잘 들어줘서 고마워. 금방 극복해낼 거란 용기도 생긴 기분이야.	N	2022-10-09 13:04:26	2022-11-08 06:10:21
BE22026125	12	1	당연한 걸 가지고 별말씀을! 하찮은 고민은 없는 법이야, 그러니 너무 마음 쓰여 하지는 마. 그저 내 말이 당신에게 이렇게 도움이 되었다니 정말 다행이고 마음이 놓여.	N	2022-10-09 13:04:26	2022-11-08 06:10:21
BE22026125	13	0	주말 드라마 내용 진행이 느려서 답답하고 화가 난다는 얘기에 진심으로 공감해 줘서 정말 고마워. 어디 하소연도 못 하겠고 혼자 너무 답답했는데 마음이 많이 후련해졌어. 당신이 내 아내라는 게 정말 고마울 뿐이야.	N	2022-10-09 13:04:26	2022-11-08 06:10:21
BE22026125	14	1	지금처럼 이런 고민이나 답답한 마음이 들면 나한테 얘기해. 마음도 답답한데 혼자 극복해 내려면 너무 힘들고 이겨내기에 어려울 거 같아. 이렇게 부부끼리 대화를 나누면서 더 친밀감이 생기는 거 아니겠어?	N	2022-10-09 13:04:26	2022-11-08 06:10:21
BE22026125	15	0	항상 말이라도 예쁘게 해줘서 정말 고맙게 생각하고 있어. 나도 하루라도 빨리 떨쳐버리고 전처럼 홀가분하게 지낼 수 있도록 열심히 노력해 볼게. 퇴근하고 집에 오면 맛있는 저녁으로 보답할게.	Y	2022-10-09 13:04:26	2022-11-08 06:10:21
