id	utterance_id	utterance_type	utterance_text	terminate	regDate	updDate
BE22010170	1	0	여보, 별일 아니었으니까 걱정하지 마. 그냥 자기 혼자 넘어져서 무릎 까진 게 전부더라. 전화 받고 얼마나 놀랐는데 저러고 있는 거 보니까 성질이 확 나네.	N	2022-07-19 07:49:17	2022-11-08 04:29:53
BE22010170	2	1	사고라고 해서 큰일이라도 난 줄 알았는데 그 정도로 끝나길 천만다행이네. 당신이 많이 놀라서 마음고생 많이 했지.	N	2022-07-19 07:49:17	2022-11-08 04:29:53
BE22010170	3	0	역시 아들이 용돈 모아서 오토바이 산다고 했을 때 끝까지 말렸어야 했나 봐. 목숨 내놓고 타는 수준인데 그게 뭐가 좋다고 타다가 이 난리야 난리는. 역시 꿈도 못 꾸게 했어야 하는데 결국 이런 꼴이라니 화가 난다.	N	2022-07-19 07:49:17	2022-11-08 04:29:53
BE22010170	4	1	당신이 반대하던 일에 아들이 고집부리다가 이 사달이 났으니 답답해서 화가 날 만하지. 본인이 책임을 지겠다고 했으니까 믿어준 거지만. 일이 이렇게 되었으니 주의를 단단히 줘야겠는걸.	N	2022-07-19 07:49:17	2022-11-08 04:29:53
BE22010170	5	0	이게 주의로 끝날 일이야? 당장 그놈의 오토바이를 내다 팔든가 해서 다시는 못 타게 해야지. 사고 이후에도 고집부리고 타면 제정신이 아닌 거니까 등짝이라도 때려서 정신 차리게 해야지.	N	2022-07-19 07:49:17	2022-11-08 04:29:53
BE22010170	6	1	당신 의견이 어느 정도 일리 있어. 사전에 위험성을 충분히 고지해 줬는데도 이런 일이 생긴 거니 당신이 속 끓일만하지.	N	2022-07-19 07:49:17	2022-11-08 04:29:53
BE22010170	7	0	무릎만 까져서 다행이라고 헤실거리는 모습 보니까 열불이 나더라고. 어이가 없으면 말이 안 나온다는 게 뭔지 이제야 알겠더라.	N	2022-07-19 07:49:17	2022-11-08 04:29:53
BE22010170	8	1	강심장인지 뭔지 그러고 있었다는 이야기 들으니 나도 어처구니가 없는걸? 당신이 기막혀하는 이유를 알겠다.	N	2022-07-19 07:49:17	2022-11-08 04:29:53
BE22010170	9	0	그러니까 말이야. 아주 혼쭐을 내줘서 다시는 오토바이 생각도 못 하게 해야겠어. 자기 마음대로 살며 부모 마음에 대못을 박아야 속이 시원한 거면 나가서 살던가. 다시 생각해도 욱하면서 성질이 솟구쳐서 혈압이 오르는 기분이네.	N	2022-07-19 07:49:17	2022-11-08 04:29:53
BE22010170	10	1	당신이 이번 일로 화가 많이 났구나. 아들이랑은 조금 진정하고 감정 가라앉힌 다음에 이야기해 보면 어때? 좀더 좋은 방향으로 생각이 날 거야.	N	2022-07-19 07:49:17	2022-11-08 04:29:53
BE22010170	11	0	그렇지? 내가 너무 감정적이지? 아들 무사하다는 거 확인한 이후에는 열이 올라서 눈앞에 보이는 게 없더라고.	N	2022-07-19 07:49:17	2022-11-08 04:29:53
BE22010170	12	1	충분히 그럴 수 있는 상황이지. 그래도 감정적으로 나가면 서로 기분만 상하잖아. 우리가 마음 가라앉히고 진지하게 이야기하는 게 양쪽 모두에게 좋을 것 같아.	N	2022-07-19 07:49:17	2022-11-08 04:29:53
BE22010170	13	0	당신 말이 맞아. 지금 마음으로는 이야기를 할 게 아니라 소리만 지르다가 끝날 것 같아. 마음 다스리고 차분해진 다음에 이야기해야겠다.	N	2022-07-19 07:49:17	2022-11-08 04:29:53
BE22010170	14	1	좋은 생각이야. 퇴근하고 내가 먼저 아들이랑 이야기해 볼 테니까 그 이후에 당신이 이야기해보면 어때?	N	2022-07-19 07:49:17	2022-11-08 04:29:53
BE22010170	15	0	알겠어. 그렇게 하는 게 최선의 방법인 것 같네. 기다리고 있을 테니까 빨리 와.	Y	2022-07-19 07:49:17	2022-11-08 04:29:53
