id	utterance_id	utterance_type	utterance_text	terminate	regDate	updDate
BE22022804	1	0	여보, 미안한데 나 조카 결혼식에 좀 늦을 것 같아. 도착은 한참 전에 했는데 주차할 데가 전혀 없는 거야. 헤매고 또 헤매다 겨우 유료 주차장에 가니 또 만차라는데 정말 화가 나!	N	2022-09-30 00:43:38	2022-09-30 00:43:38
BE22022804	2	1	괜찮아, 분명 금방 자리를 찾을 수 있을 거야! 다 잘될 테니깐 너무 화내지 말고 침착해. 당신이 흥분할수록 오히려 더 시야가 좁아질 거야.	N	2022-09-30 00:43:38	2022-11-08 05:50:40
BE22022804	3	0	아냐, 벌써 세 바퀴나 돌았는데 눈 씻고 봐도 빈 자리가 없어! 이 주차장 유료인데도 화가 날 정도 엉망이야. 하필 오늘 같은 날 이런 일이 생긴다는 게 너무 분통이 터져!	N	2022-09-30 00:43:38	2022-11-08 05:50:40
BE22022804	4	1	당신이 조카를 얼마나 아끼는지 잘 알아. 다른 날도 아닌 그 아이의 결혼식같이 중요한 날을 주차같이 사소한 일로 놓칠지도 모른다니. 나라도 무척 답답할 텐데, 당신은 정말 분하고 속이 터질 거야.	N	2022-09-30 00:43:38	2022-09-30 00:43:38
BE22022804	5	0	그래, 덕분에 고작 이런 일로 시간만 낭비하고 결혼식에 못 갈 판이야. 그걸 생각하니 속이 부글거려! 차라리 아무 데다 차를 놓고 갈까?	N	2022-09-30 00:43:38	2022-09-30 00:43:38
BE22022804	6	1	기분은 알지만, 좋은 날인데 좋은 기분으로 와야지 않겠어? 적어도 신랑, 신부에게 짜증 난 얼굴을 보여주면 안 되잖아. 결혼식은 아직 끝나려면 멀었으니깐 너무 걱정하지 마.	N	2022-09-30 00:43:38	2022-11-08 05:50:40
BE22022804	7	0	그래, 조카를 생각하니 너무 미안하고, 이 상황을 도무지 참을 수가 없어! 오늘 결혼식에서 축가를 불러주기로 했는데 이런 데서 미적거리고 있다니 울화가 터져!	N	2022-09-30 00:43:38	2022-09-30 00:43:38
BE22022804	8	1	진정해, 아직 포기하기에는 일러. 괜찮아, 순서야 얼마든지 융통성 있게 바꿀 수 있는걸. 조카도 당신 사정을 다 이해해 줄 테니 너무 속상해하지 마.	N	2022-09-30 00:43:38	2022-11-08 05:50:40
BE22022804	9	0	사실 가장 화가 나는 건 애초에 이런 상황을 미연에 막지 못한 나 자신이야! 내가 당신과 함께 일찍이 출발했다면, 진작 조카를 안아줄 수 있었을 텐데. 고작 옷차림새를 고친다고 미적거렸던 나 자신을 용서할 수가 없어!	N	2022-09-30 00:43:38	2022-11-08 05:50:40
BE22022804	10	1	자책하지 말아줘, 당신이 조카를 위해서 오늘까지 최선을 다했다는 거 알아. 완벽한 결혼식으로 만들겠다며 하루도 빠짐없이 열심히 축가를 연습했잖아. 그동안 당신이 한 노력들을 헛되이 하지 않기 위해서라도 힘내!	N	2022-09-30 00:43:38	2022-11-08 05:50:40
BE22022804	11	0	당신 말이 옳아, 아무리 늦든 여기서 발만 동동 구르며 자포자기할 순 없어. 내가 아무리 화를 내건 조금도 도움이 되지 않겠지. 당신 덕분에 이성을 되찾으니 화도 식어버렸어.	N	2022-09-30 00:43:38	2022-11-08 05:50:40
BE22022804	12	1	그래, 너무 초조해하지 않아도 돼. 당신이라면 분명 금방 올 수 있을 거야. 응원할 테니 자신을 가져!	N	2022-09-30 00:43:38	2022-11-08 05:50:40
BE22022804	13	0	차분하게 살펴봐서인지 마침 빈자리 하나가 보여! 고마워, 당신이 얘기를 들어줘서 진정을 할 수 있었고, 이렇게 자리도 찾았어. 서둘러 갈 테니 조금만 기다려줘.	N	2022-09-30 00:43:38	2022-09-30 00:43:38
BE22022804	14	1	너무 잘 됐다, 우리 부부 사이에 사양하지 마. 나도 힘들 때 당신에게 많이 도움받았는걸. 제일 뒷자리에 앉아 있을 테니까 조용히 들어와.	Y	2022-09-30 00:43:38	2022-11-08 05:50:40
