id	utterance_id	utterance_type	utterance_text	terminate	regDate	updDate
BE22014935	1	0	은행에서 대출 만기 통지서를 보냈는데 지금 보내면 어쩌라는 건지 정말 분노가 치솟네요. 경기도 안 좋아서 대출 이자 내기도 어려운데 대출금을 어떻게 갚으라는 건지 해결 방법이 없어요. 분명 어제 뉴스에서 영세민들 이자도 감면해 주고 정책이 많이 생긴다고 봤는데 다 허상인가 봐요.	N	2022-08-19 13:23:58	2022-08-19 13:23:58
BE22014935	2	1	당신 많이 속상하겠어요. 당신이 보낸 문자만 읽어도 얼마나 분노가 느껴지는지 나도 머리가 지끈거리고 안타까워요. 저도 그 뉴스를 봤는데 정말 좋은 혜택이지만 누가 혜택을 받는지 모르고 정말 허망하더라고요.	N	2022-08-19 13:23:58	2022-11-08 04:59:58
BE22014935	3	0	뉴스에서만 떠들어 대고 정작 우리는 이런 혜택을 못 받는 것 같아서 너무 화가 나요. 우리 같은 사람을 위한 대출 정책을 우리가 혜택을 못 받으니 속상해서 그런가 봐요.	N	2022-08-19 13:23:58	2022-08-19 13:23:58
BE22014935	4	1	당연히 화가 나죠, 비교할수록 마음이 속상해지는 게 당연한 이치잖아요. 우리와 같은 영세민들이 지금 얼마나 힘든 시기인데 모두 당신과 같은 마음일 거예요. 당신의 마음이 공감돼서 나도 이렇게 안타까운 걸 요.	N	2022-08-19 13:23:58	2022-11-08 04:59:58
BE22014935	5	0	언제 저런 혜택을 받을 수 있는지 알 길도 막막하고 은행에서는 대출 만기 통지서나 보내고. 내 인생이 요즘 왜 이런 건지 생각만 해도 분노가 차올라서 정말 머릿속이 복잡하네요.	N	2022-08-19 13:23:58	2022-08-19 13:23:58
BE22014935	6	1	그렇죠, 당신이 지금 머리 아파할 마음 충분히 공감돼요. 뉴스에서 떠들어 대는 정책이 아무리 좋아도 우리가 그 혜택을 못 받으면 그림의 떡이잖아요. 얼마나 속상할지 상상돼서 저도 너무 마음이 아프네요.	N	2022-08-19 13:23:58	2022-11-08 04:59:58
BE22014935	7	0	난 내일 은행에 가서 대출 연장 신청을 하려고 해요. 그리고 뉴스에서 나온 영세민을 위한 상품이 있는지 물어봐야겠어요. 이렇게 분노에 차 있을 수만은 없으니까요.	N	2022-08-19 13:23:58	2022-11-08 04:59:58
BE22014935	8	1	당신 정말 좋은 생각이고 역시 당신은 현명한 사람이에요. 저는 당신이 보낸 문자를 보면서 당신 이야기에 같이 분노만 하고 있었는데. 당신은 이 문제를 해결하기 위하여 실행하는 게 얼마나 대단해 보이는지 몰라요.	N	2022-08-19 13:23:58	2022-11-08 04:59:58
BE22014935	9	0	당신이 없었다면 난 이렇게 할 용기를 못 냈을 거예요. 아침에 당신에게 연락하기 전까지 난 은행의 만기 통지서를 받고 분노하고만 있었어요. 당신이 나에게 용기와 위로를 해주었기에 내가 힘을 낼 수 있었던 거예요.	N	2022-08-19 13:23:58	2022-11-08 04:59:58
BE22014935	10	1	나의 메시지로 힘을 받았다고 말해주니 너무 고마워서 눈물이 날 것 같네요. 당신이 내준 용기가 너무 대단하고 멋져서 난 오늘도 당신에게 한 번 더 반했어요.	N	2022-08-19 13:23:58	2022-11-08 04:59:58
BE22014935	11	0	그렇게 반응해주는 당신이 있어서 내가 항상 힘을 내는 거죠. 나만 있었다면 이렇게 열심히 살아가려 노력하지 않았을 거예요. 당신과 우리 아이들이 있기에 난 더 힘을 낼 수 있는 거예요.	N	2022-08-19 13:23:58	2022-11-08 04:59:58
BE22014935	12	1	그렇게 생각하기가 쉽지 않잖아요. 이 힘든 시기에 끝까지 포기하지 않고 버티는 것만 해도 정말 대단한 일라고 생각하는데. 당신은 거기다가 더 힘을 내서 해결하기 위해서 노력하고 마음먹은 거잖아요.	N	2022-08-19 13:23:58	2022-11-08 04:59:58
BE22014935	13	0	그렇게 말해줘서 고마워요. 솔직히 난 지금 분노한 마음이 가득해서 내가 하는 모든 일을 포기하고 싶기도 했어요. 그래도 나를 믿어주고 대단하다고 말해주는 당신이 있어 더 힘을 내는 것 같아요.	N	2022-08-19 13:23:58	2022-08-19 13:23:58
BE22014935	14	1	난 당신이 보내준 메시지를 읽으면서 당신의 속마음을 들으니 너무 속상하고 미안한 걸 요. 우리를 위해서 희생해 주는데 나에게 고맙다고 말하는 게 얼마나 고마운지 모를 거예요.	N	2022-08-19 13:23:58	2022-11-08 04:59:59
BE22014935	15	0	서로에게 감사하고 고마운 마음이 있다면 그걸로 난 행복해요. 오늘도 은행의 대출 만기 통지서가 나를 분노하게 만들었지만 당신의 진심 어린 공감과 격려가 나를 다시 힘낼 수 있게 해줬잖아요.	Y	2022-08-19 13:23:58	2022-11-08 04:59:59
