id	utterance_id	utterance_type	utterance_text	terminate	regDate	updDate
BE22023386	1	0	여보, 속에서 열불이 나. 역시 넋두리할 사람이 당신밖에 없네.	N	2022-10-02 09:35:50	2022-11-08 05:54:06
BE22023386	2	1	속상한 일 있으면 나한테 가장 먼저 얘기하는 게 맞지. 얘기 들을 준비 됐으니 어서 해봐.	N	2022-10-02 09:35:50	2022-11-08 05:54:06
BE22023386	3	0	방금 연봉 협상 끝나고 나왔는데, 전에 이사님이 했던 말과 달라. 내 의견 충분히 반영해 준다더니 내 얘긴 들어보지도 않고 별다른 설명도 없더라. 인상은커녕 동결이래.	N	2022-10-02 09:35:50	2022-10-02 09:35:50
BE22023386	4	1	얼마나 속상했을까. 좋은 결과 예상했다가 고스란히 동결이라니 엄청 상심이 클 것 같아.	N	2022-10-02 09:35:50	2022-11-08 05:54:06
BE22023386	5	0	내 말이! 연봉 인상 예상하고 당신이랑 계획도 많이 세웠는데 다 헛일이네. 내 의견이 이렇게 묵살되다니 얼마나 화가 나는지 몰라.	N	2022-10-02 09:35:50	2022-11-08 05:54:06
BE22023386	6	1	아무렴, 당신 기대가 컸던 만큼 실망도 이만저만 아닐 거야. 나라도 일 하고 싶은 마음 완전히 사라질 것 같아. 홧병이라도 날 심정이겠지.	N	2022-10-02 09:35:50	2022-11-08 05:54:06
BE22023386	7	0	인재 대우가 이런데 계속 여길 다녀야 할까? 회사 실적 괜찮으니 연봉 올려줄 거라는 임원 진 귀띔만 믿고 열심히 일한 우리들이 어리석었나? 차라리 기대를 하게 하지 말던가!	N	2022-10-02 09:35:50	2022-11-08 05:54:06
BE22023386	8	1	여러모로 당신이 화내는 게 당연해. 당신이 납득할 만한 설명이라도 해줬으면 이렇게 분노하지 않았겠지. 회사가 무책임했네.	N	2022-10-02 09:35:50	2022-11-08 05:54:06
BE22023386	9	0	응, 회사 매출과 사정 내가 모르는 것도 아니고 왜 저러는지 모르겠어. 사유가 정당하면 나도 납득했겠지. 딱히 설명도 없이 협상에서 동결이라고 통보만 하니 뒤통수를 맞은 것 같아.	N	2022-10-02 09:35:50	2022-10-02 09:35:50
BE22023386	10	1	당신 마음 백퍼센트 이해해. 당신 밀어주시는 이사님의 입김이 안 통했나? 그래서 민망하니까 입을 다물고 계셨을지도 몰라.	N	2022-10-02 09:35:50	2022-11-08 05:54:06
BE22023386	11	0	글쎄, 임원진의 입김이 안 통할 리가 있나. 최소한 물가 상승률은 반영해주는 게 원칙이지. 이사님도 인사팀에서도 이번 협상에선 너무 무책임한 태도인 것 같아.	N	2022-10-02 09:35:50	2022-10-02 09:35:50
BE22023386	12	1	객관적으로 봐도 당신 말이 다 맞아. 당신 속에서 열불이 나는 게 당연하다고.	N	2022-10-02 09:35:50	2022-11-08 05:54:06
BE22023386	13	0	이사님한테 공식 항의라도 할까?	N	2022-10-02 09:35:50	2022-10-02 09:35:50
BE22023386	14	1	이미 연봉 계약서 서명한 거면 괜히 긁어 부스럼일 텐데. 그냥 나한테 마음껏 넋두리 다 하고 분한 마음 풀어내봐. 그러고도 도저히 화가 안 풀리면 그땐 정말 결단을 내리든지 해야겠지.	N	2022-10-02 09:35:50	2022-11-08 05:54:06
BE22023386	15	0	맞네, 협상 끝나고 서명도 하고 나왔으니 이사님한테 불만 털어놔도 서로 얼굴만 뜨겁겠다. 현명한 당신 얘길 들으니 그새 분이 많이 풀렸어. 영원한 내 편이 있다는 게 역시 너무 좋다.	N	2022-10-02 09:35:50	2022-11-08 05:54:06
BE22023386	16	1	화가 가라앉은 것 같아 너무 다행이다. 집에 오면 더 위로해줄게, 일찍 들어와.	Y	2022-10-02 09:35:50	2022-10-02 09:35:50
