id	utterance_id	utterance_type	utterance_text	terminate	regDate	updDate
BE22000132	1	0	이 분노를 내가 도대체 어떻게 하면 좋지?	N	2022-06-09 04:05:20	2022-11-08 03:25:05
BE22000132	2	1	우리 여보. 왜 또 아침부터 이렇게 화나서 문자 하실까?	N	2022-06-09 04:05:20	2022-11-08 03:25:05
BE22000132	3	0	내가 며칠 전에 우리 아침식사용으로 대량 구매한 냉동주먹밥 기억나?	N	2022-06-09 04:05:20	2022-11-08 03:25:05
BE22000132	4	1	응, 기억나지. 여보가 맛있어 보인다고 신나서 주문했잖아.	N	2022-06-09 04:05:20	2022-11-08 03:25:05
BE22000132	5	0	자기 출근하고 나서 내가 주먹밥 하나 전자레인지 돌려서 먹으려고 했거든. 근데 글쎄 벌레가 나온 거야! 내가 진짜 열받아서 견딜 수가 없어.	N	2022-06-09 04:05:20	2022-11-08 03:25:05
BE22000132	6	1	헉. 우리 여보는 벌레도 엄청 싫어하고 먹을 거에 장난질하는 것도 혐오하는데 지금 얼마나 화났을까. 너무 걱정되네.	N	2022-06-09 04:05:20	2022-11-08 03:25:05
BE22000132	7	0	진짜 말로 표현할 수 없는 분노가 온몸에 가득 찼어. 폭발 직전이야. 내가 혹시나 해서 숟가락으로 반 안 갈라봤으면 그 벌레 내가 먹었을 거 아니야!	N	2022-06-09 04:05:20	2022-11-08 03:25:05
BE22000132	8	1	그렇지. 그런 상황은 절대 있어서는 안 되지. 우리 여보가 백번 천번 화날 만하고 분노할 만합니다. 벌레 보고 얼마나 놀랐을까.	N	2022-06-09 04:05:20	2022-11-08 03:25:05
BE22000132	9	0	놀라기도 놀랐는데 어떻게 먹을 거에 벌레가 나올 수가 있어? 그래서 방금 쇼핑몰에 전화해서 따졌어. 먹을 거에 이런 식으로 소홀한 건 정말 못 참아.	N	2022-06-09 04:05:20	2022-11-08 03:25:05
BE22000132	10	1	그럼! 먹을 거에 그러면 절대 안 되지. 그거 얼른다 환불 받자.	N	2022-06-09 04:05:20	2022-11-08 03:25:05
BE22000132	11	0	안 그래도 주먹밥 전부 다 환불받고 공짜로 새제품으로 받기로 했어. 휴 자기랑 얘기하니까 좀 기분이 풀리네.	N	2022-06-09 04:05:20	2022-11-08 03:25:05
BE22000132	12	1	여보 기분이 풀려서 너무 다행이다. 벌레 나온 주먹밥 대신 내가 퇴근하고 가서 아주 맛있는 주먹밥 만들어 줄게!	N	2022-06-09 04:05:20	2022-11-08 03:25:05
BE22000132	13	0	정말? 나 자기가 만들어주는 주먹밥 엄청 좋아하잖아. 벌써 기분 좋아진다! 이따 그럼 퇴근하고 마트에서 보자.	N	2022-06-09 04:05:20	2022-11-08 03:25:05
BE22000132	14	1	좋지. 마트에서 장 보고 오랜만에 데이트 하는 기분이라도 좀 내보자.	N	2022-06-09 04:05:20	2022-11-08 03:25:05
BE22000132	15	0	너무 좋지! 이따 퇴근하고 그럼 다시 문자 줘, 그때 출발할게!	Y	2022-06-09 04:05:20	2022-11-08 03:25:05
