id	utterance_id	utterance_type	utterance_text	terminate	regDate	updDate
BE22023915	1	0	여보, 사무실에 직원 하나가 외근을 나가면 바로 퇴근해. 처음에는 잘 몰라서 그러나 싶었거든. 업무시간에는 사무실로 다시 들어오라고 했는데도 늘 바로 퇴근하니 이제 정말 화가 나네.	N	2022-10-04 05:22:18	2022-11-08 05:57:13
BE22023915	2	1	지난번에 그 이야기를 들은 적이 있는 것 같아. 그 뒤로도 외근 후에 바로 퇴근하는 거야? 업무가 바쁜데 그런 상황이 반복되면 나라도 당연히 화날 것 같아.	N	2022-10-04 05:22:18	2022-11-08 05:57:13
BE22023915	3	0	그러니까. 출근해서 퇴근 안 하고 싶은 사람이 어디 있겠어. 어떤 시간엔 나가던 외근만 나가면 항상 바로 퇴근하니까 이해도 안 되고 화도 나.	N	2022-10-04 05:22:18	2022-11-08 05:57:13
BE22023915	4	1	우리 사무실에는 업무 시간에 계속 병원에 가는 직원이 있는데 그것도 이해하기 쉽진 않더라. 매번 그렇게 한다면 내가 당신이라도 이해하기 어려울 것 같다.	N	2022-10-04 05:22:18	2022-11-08 05:57:13
BE22023915	5	0	사무실에 업무가 아무리 바쁘고, 처리해야 할 것이 많아도 늘 바로 퇴근해. 자리를 오래 비우다 보니 업무에도 지장이 생겨. 다른 직원들 불만도 쌓이니 화가 안 날 수가 없어.	N	2022-10-04 05:22:18	2022-11-08 05:57:13
BE22023915	6	1	누구라도 화날 상황인 것 같아. 다른 사람까지 피해 보면 당연히 화가 나지. 중재해야 하는 입장이라면 더 곤란하기도 하고 말이야.	N	2022-10-04 05:22:18	2022-11-08 05:57:13
BE22023915	7	0	솔직히 어쩌다 한 번이면 이해해 줄 수도 있는데 우리가 워낙 외근이 많은 직업이잖아. 한 달의 절반 정도를 이렇게 하니 정말 화가 나네.	N	2022-10-04 05:22:18	2022-10-04 05:22:18
BE22023915	8	1	이야기를 듣는 나도 너무 심한 생각이 드는데 당신은 오죽하겠어. 거의 외근 업무다 보니 지장이 많이 생기고 말이야. 직원한테 다시 한번 주의를 주는 게 좋겠네.	N	2022-10-04 05:22:18	2022-11-08 05:57:13
BE22023915	9	0	말할 때마다 그 순간뿐이야. 계속 함께 일하긴 어려울 것 같다는 생각도 들지만 그러기엔 업무능력이 뛰어나서 아쉬운 마음도 들어.	N	2022-10-04 05:22:18	2022-10-04 05:22:18
BE22023915	10	1	업무 능력이 뛰어나면 정말 이러지도 저러지도 못하는 상황이긴 하겠다. 당신은 상대방이 기분 나쁘지 않게 의견을 잘 전달하는 이잖아. 그러니 다시 한번 진지하게 이야기해 보는 게 좋을 것 같다는 생각이 드네.	N	2022-10-04 05:22:18	2022-11-08 05:57:13
BE22023915	11	0	맞아. 정말 화도 나고 난감한 일의 반복이거든. 당신이 내 답답한 상황을 이해해 주니 화나는 마음이 조금 가라앉는 것 같아.	N	2022-10-04 05:22:18	2022-10-04 05:22:18
BE22023915	12	1	당신이 조금이라도 누그러졌다니 정말 다행이다. 잘 이야기해서 잘 해결되길 바랄게.	N	2022-10-04 05:22:18	2022-11-08 05:57:13
BE22023915	13	0	고마워. 다른 직원들에게는 내가 똑바로 처리를 못 해서 미안한 마음에 말을 못 하겠더라. 당신에게 말하길 잘했다는 생각이 드네.	N	2022-10-04 05:22:18	2022-11-08 05:57:13
BE22023915	14	1	아무래도 민감한 문제잖아. 계속 반복되면 더 안 좋은 상황이 생길 수도 있으니 하루빨리 잘 해결되길 바라!	Y	2022-10-04 05:22:18	2022-11-08 05:57:14
