id	utterance_id	utterance_type	utterance_text	terminate	regDate	updDate
BE22017950	1	0	아침부터 정말 분노가 끓는군요. 어찌하면 화가 가라앉을지 모르겠어요.	N	2022-09-13 07:24:01	2022-09-13 07:24:01
BE22017950	2	1	왜요, 여보! 무슨 화나는 일을 겪었길래 그래요.	N	2022-09-13 07:24:01	2022-09-13 07:24:01
BE22017950	3	0	방금 아들 방에서 나오면서 문을 닫다가 방문에 손을 찧어서 손톱에 피멍이 들었어요. 내가 잘못한 건데 아프니까 순간 어찌나 화가 나고 신경질이 났나 모르겠어요.	N	2022-09-13 07:24:01	2022-11-08 05:18:30
BE22017950	4	1	얘기로 듣는 나도 이렇게 화가 나고 안타까운데 당신은 오죽했을까 싶네요. 그 순간 어떤 심정이었을지 너무나 이해가 되네요.	N	2022-09-13 07:24:01	2022-09-13 07:24:01
BE22017950	5	0	나이가 들면 몸의 움직임이 둔해져서 이런 사고가 많이 난다던데 그래서 더 화가 났어요. 가뜩이나 키보드를 많이 사용하는 직업이다 보니 손톱이 이렇게 됐다는 것에 스스로한테 부아가 치밀더라고요.	N	2022-09-13 07:24:01	2022-11-08 05:18:30
BE22017950	6	1	그런 생각 드는 거 충분히 이해해요. 하지만 실수를 안 하는 사람은 없잖아요. 그러니 당신이 너무 마음의 상처를 받거나 속상해하지는 않았으면 좋겠어요.	N	2022-09-13 07:24:01	2022-11-08 05:18:30
BE22017950	7	0	알지만 순간적으로 분노가 한 번 밀려오니 쉽게 진정이 되지는 않더라고요. 나 스스로를 컨트롤하는 게 이렇게 어려운 일인지 새삼 또 처음 느껴보네요.	N	2022-09-13 07:24:01	2022-09-13 07:24:01
BE22017950	8	1	화가 많이 날수록 진정이 되려면 충분한 시간이 필요한 법이에요. 너무 조급하게 생각하지 말고 마음을 편히 먹고 버텨내고자 굳게 마음을 가져봐요. 그러면 기분도 한결 편안해지더라고요.	N	2022-09-13 07:24:01	2022-11-08 05:18:30
BE22017950	9	0	당신의 말을 듣고 나니 내가 너무 어리석은 생각만 했던 거 같네요. 이럴 때 당신이 옆에 있어서 얼마나 다행인지 몰라요. 마음이 한결 놓이면서 진정이 되는 거 같네요.	N	2022-09-13 07:24:01	2022-11-08 05:18:30
BE22017950	10	1	오히려 내 말에 당신이 이렇게 금방 기운 내는 모습을 보여주니 정말 다행이에요. 어떤 상황에서든 마음만 굳게 먹는다면 잘 이겨낼 수 있을 거예요.	N	2022-09-13 07:24:01	2022-11-08 05:18:30
BE22017950	11	0	누구한테 얘기하기도 그렇고 혼자 삭이려니 너무 답답했었거든요. 이렇게 당신이랑 대화를 하고 나니까 속이 많이 후련해졌네요. 얘기하길 잘했단 생각이 들어요.	N	2022-09-13 07:24:01	2022-11-08 05:18:30
BE22017950	12	1	부부 좋다는 게 뭐예요. 언제든 힘들거나 고민이 생기면 나한테 얘기해요. 이렇게 털어놓고 위로받고 해야 더 잘 이겨낼 수 있을 거 같아요.	N	2022-09-13 07:24:01	2022-11-08 05:18:30
BE22017950	13	0	말이라도 너무 고맙고 큰 힘이 되네요. 항상 옆에서 내 편이 되어주고 좋은 말들을 해줘서 늘 고맙게 생각하고 있어요. 당신 덕분에 앞으로도 어떤 힘든 일이든 잘 헤쳐 나갈 수 있을 거 같아요.	N	2022-09-13 07:24:01	2022-11-08 05:18:30
BE22017950	14	1	말을 그렇게 해주니 내가 더 고맙고 참 보람차네요. 당신은 정말 강한 사람이니까 이번 일도 금방 이겨낼 거예요 그러니 꼭 힘내요!	N	2022-09-13 07:24:01	2022-11-08 05:18:30
BE22017950	15	0	너무 고마워요. 나도 그럴 수 있도록 열심히 노력해 볼게요.	Y	2022-09-13 07:24:01	2022-09-13 07:24:01
