id	utterance_id	utterance_type	utterance_text	terminate	regDate	updDate
BE22024436	1	0	여보, 여전히 몰상식한 사람들이 너무 많은 것 같아. 길을 걸어 다니면서 흡연하는 사람들 때문에 너무 불쾌하고 짜증이나.	N	2022-10-05 08:04:33	2022-10-05 08:04:33
BE22024436	2	1	요즘에 시대가 어느 때인데 그렇게 남들에게 배려 없이 다니는 사람이 있다는 말이야? 더구나 비흡연자들한테는 너무 곤욕이겠어. 당신 매캐한 연기 안 좋아하는데 정말 고생했겠다.	N	2022-10-05 08:04:33	2022-11-08 06:00:17
BE22024436	3	0	다른 사람들에 대한 배려 없이 연기를 흩뿌리고 다니는 게 말이 되냐고. 진짜 화가 머리끝까지 오르게 하는 인간 부류들이야.	N	2022-10-05 08:04:33	2022-10-05 08:04:33
BE22024436	4	1	남한테 피해 주는 거 유독 싫어하는 당신이라서 더 불쾌하게 느꼈을 수 있겠다. 그런데 정말 이런 사람들은 당신 아니라도 누구도 좋아하지 않을 것 같아. 타인에 대한 배려가 너무 없는 부류다.	N	2022-10-05 08:04:33	2022-11-08 06:00:17
BE22024436	5	0	담배는 기호 식품이니까 피우는 것에 대해서 나쁘게 생각하는 건 아냐. 다만 흡연구역에서는 피워야 할 것 아니야.	N	2022-10-05 08:04:33	2022-10-05 08:04:33
BE22024436	6	1	담배는 안 좋은 것임에도 불구하고 타인의 의사를 존중하는 자기 마음이 진짜 성숙하긴 하다. 나는 옹졸해서 그런지 담배 연기 싫어서 담배 피우는 사람들도 미워 보이거든. 늘 가치의 중심을 본인에게만 두려 하지 않는 당신이 너무 멋져.	N	2022-10-05 08:04:33	2022-11-08 06:00:17
BE22024436	7	0	기호를 존중하는 건 당연하지. 하지만 부당한 태도만큼은 절대 이해 못 해. 성질나서 참을 수가 없어.	N	2022-10-05 08:04:33	2022-10-05 08:04:33
BE22024436	8	1	당신은 늘 옳은 결정을 내리는 것 같아서 존경스럽다고 여겨질 때가 많아. 물론 지금은 이렇게 화내지만 곧 너그러운 마음으로 무슨 일 있었냐는 듯 굴 거잖아. 그런 당신 모습이 너무 뻔해서 웃음이 난다.	N	2022-10-05 08:04:33	2022-11-08 06:00:17
BE22024436	9	0	나를 너무 잘 파악하고 있는 자기 때문에 화나가다도 깔깔대며 웃게 돼. 진짜 우린 환상의 콤비인 것 같아.	N	2022-10-05 08:04:33	2022-11-08 06:00:17
BE22024436	10	1	내가 다른 건 몰라도 시원시원한 당신 성격만큼은 잘 파악하고 있지. 당신이 웃게 됐다니 나도 기쁘다.	N	2022-10-05 08:04:33	2022-11-08 06:00:17
BE22024436	11	0	날 불쾌하게 만든 사람들 따위 생각나지도 않아. 얼른 집에 가서 자기랑 수다 떨고 싶다.	N	2022-10-05 08:04:33	2022-10-05 08:04:33
BE22024436	12	1	나도 당신 보고 싶으니까 빨리 들어와. 그런데 너무 빨리 오다가 넘어지지 말고 빨리 오되 조심히 와야 해.	N	2022-10-05 08:04:33	2022-11-08 06:00:17
BE22024436	13	0	천천히 조심히도 아니고 빨리 조심히는 뭐람. 당신 덕분에 화가 많이 식은 것 같아. 집에 들어갈 때 맛있는 거 사갈게.	N	2022-10-05 08:04:33	2022-11-08 06:00:17
BE22024436	14	1	나는 맛있는 것보다 당신이 오는 게 훨씬 중요해. 하지만 굳이 사 오겠다면 호떡 좀 부탁할게!	Y	2022-10-05 08:04:33	2022-11-08 06:00:17
