id	utterance_id	utterance_type	utterance_text	terminate	regDate	updDate
BE22004414	1	0	여보, 나 지금 도착했는데 차 댈 데가 없어 못 올라가고 있어. 두 바퀴나 돌았는데도 빈공간이 없다. 좌절.	N	2022-06-28 01:36:10	2022-11-08 03:52:48
BE22004414	2	1	에구, 어떡해? 여기 아파트는 좀 늦게 오면 차 댈 데가 없더라.	N	2022-06-28 01:36:10	2022-11-08 03:52:48
BE22004414	3	0	가뜩이나 자리가 부족한데 차가 몇 대씩 있는 집이 있어서 그래. 이건 관리사무소 측에서 규제를 해야 하는 거 아닌가? 최소한 한 집에 한 대는 세울 수 있게 해야지.	N	2022-06-28 01:36:10	2022-11-08 03:52:48
BE22004414	4	1	진짜 우리처럼 차 한 대밖에 없는 집은 좀 억울한 거 같아. 늦게 들어와 피곤한데 차 댈 데가 없어 집에도 못 올라오다니, 너무 속상하다.	N	2022-06-28 01:36:10	2022-11-08 03:52:48
BE22004414	5	0	시간 나면 언제 관리사무소 측에다 강력하게 항의를 해야겠어. 일단 한 집에 자리 하나씩은 보장해 달라고 해야지.	N	2022-06-28 01:36:10	2022-11-08 03:52:48
BE22004414	6	1	그렇게만 되면 얼마나 좋겠어? 근데 그게 잘 지켜질지 모르겠어. 맨날 싸움이나 안 날지 걱정이다.	N	2022-06-28 01:36:10	2022-11-08 03:52:48
BE22004414	7	0	그래도 이건 관리실에서 처리해 줘야 할 문제야. 관리비는 그렇게 많이 받으면서 뭘 하는지 모르겠어.	N	2022-06-28 01:36:10	2022-11-08 03:52:48
BE22004414	8	1	차가 두 대 이상인 집은 주차비를 별도로 더 받기는 하는 모양이더라고. 아파트가 애초에 그렇게 지어졌으니 관리실 측에서도 골치 아플 거야.	N	2022-06-28 01:36:10	2022-11-08 03:52:48
BE22004414	9	0	돈이 문제가 아니라 일단 한 집에 한 자리씩은 배정을 해야지. 차가 많은 집은 바깥에 따로 주차공간을 구하던가 하고.	N	2022-06-28 01:36:10	2022-11-08 03:52:48
BE22004414	10	1	좀 매정하지만 그게 원칙이긴 하지. 당신처럼 늦게 퇴근하는 사람들은 맨날 주차 때문에 속을 썩이니.	N	2022-06-28 01:36:10	2022-11-08 03:52:48
BE22004414	11	0	우리나라는 정말 주차가 큰 사회문제야. 밖에 일 보러 나가서도 차 세울 데가 없어 곤란하다니까.	N	2022-06-28 01:36:10	2022-11-08 03:52:48
BE22004414	12	1	그러게말이야. 좁은 공간에 사람들이 바글바글 모여 사는데, 차들은 또 어찌나 많은지. 밖에 나가나 집에 오나 주차 때문에 당신이 고생이 많다. 에그, 가엾어서 어떡해?	N	2022-06-28 01:36:10	2022-11-08 03:52:48
BE22004414	13	0	어유, 쑥스럽게 왜 이래? 아무래도 그냥 다른 차 앞에 세우고 들어가야겠다. 어차피 빈자리 생길 일은 없겠어.	N	2022-06-28 01:36:10	2022-11-08 03:52:48
BE22004414	14	1	그래, 화내 봤자 지금 달라질 게 없으니 그만 마음 풀어. 혹시 일찍 나가는 차라서 새벽에 전화 오면 내가 나가서 빼줄 테니까 걱정 마. 안 그래도 피곤한데 차 때문에 스트레스 쌓이면 당신만 손해야.	N	2022-06-28 01:36:10	2022-11-08 03:52:48
BE22004414	15	0	당신이 그렇게 말해주니 마음이 좀 풀린다. 그래도 내 마음을 알아주는 사람은 마누라밖에 없네. 고마워.	Y	2022-06-28 01:36:10	2022-11-08 03:52:48
