id	utterance_id	utterance_type	utterance_text	terminate	regDate	updDate
BE22023597	1	0	여보, 자동차 수리 맡겼던 거 찾아왔는데 너무 화가 나.	N	2022-10-03 06:43:22	2022-10-03 06:43:22
BE22023597	2	1	무슨 일이야? 뭐가 잘못된 거야?	N	2022-10-03 06:43:22	2022-10-03 06:43:22
BE22023597	3	0	차가 더 엉망이 돼서 왔어. 이게 말이 돼? 회사 동료네 부모님이 카센터 하신다고 해서 방문한 건데 너무 실망스럽다.	N	2022-10-03 06:43:22	2022-10-03 06:43:22
BE22023597	4	1	어머, 카센터에서 차를 망가뜨리는 게 어딨어! 당황스러웠겠다. 사장님께 다시 연락은 해봤어?	N	2022-10-03 06:43:22	2022-11-08 05:55:21
BE22023597	5	0	응. 연락했는데 다시 봐주시겠다고 하네. 괜히 동료랑 얼굴 붉히는 일 생긴 것 같아서 불편하고 열받아.	N	2022-10-03 06:43:22	2022-10-03 06:43:22
BE22023597	6	1	그러게. 동료한테 좋은 후기 남기고 싶었을 텐데 일이 잘 안 풀렸구나. 안 그래도 바쁜데 차까지 신경 쓰려니 귀찮겠는걸.	N	2022-10-03 06:43:22	2022-11-08 05:55:21
BE22023597	7	0	맞아. 출장도 다녀야 해서 이번에는 잘 고쳐져야 할 텐데.	N	2022-10-03 06:43:22	2022-10-03 06:43:22
BE22023597	8	1	두 번째니까 더 신경 써서 봐주실 거라고 좋게 생각하자. 또 안 좋은 결과가 나오면 내가 도울 테니 너무 걱정하지는 마!	N	2022-10-03 06:43:22	2022-11-08 05:55:21
BE22023597	9	0	응. 근데 이번에도 차를 못 고치면 나도 좋게만 말하진 못할 것 같네. 간단한 수리였는데 차를 망가뜨리다니, 화가 가라앉지를 않아.	N	2022-10-03 06:43:22	2022-10-03 06:43:22
BE22023597	10	1	당신 마음 이해해. 하지만 동료랑은 계속 마주쳐야 하는데 감정적으로 대응하면 당신이 더 불편해지지 않을까? 당신은 인간관계를 소중하게 생각하는 따뜻한 사람이잖아.	N	2022-10-03 06:43:22	2022-11-08 05:55:21
BE22023597	11	0	그러네, 여보 말이 맞는 것 같아. 잘 고쳐주실 수도 있는데 내가 너무 흥분했나 봐. 차분하게 다음 단계를 생각해 보는 게 좋겠어.	N	2022-10-03 06:43:22	2022-10-03 06:43:22
BE22023597	12	1	잘 생각했어! 당신 일은 내 일이나 마찬가지니까 안 좋은 일 생기면 언제든 얘기해. 혼자 불안해하지 말고.	N	2022-10-03 06:43:22	2022-10-03 06:43:22
BE22023597	13	0	당신이 있어서 정말 든든하다. 진정할 수 있게 도와줘서 고마워. 이제 남은 일에 집중할 수 있을 것 같아.	N	2022-10-03 06:43:22	2022-10-03 06:43:22
BE22023597	14	1	다행이다. 남은 일 열심히 하고 밥도 잘 챙겨 먹어. 쿠폰 보내줄 테니 당신이 좋아하는 커피도 한잔하고!	N	2022-10-03 06:43:22	2022-10-03 06:43:22
BE22023597	15	0	정말 고마워. 퇴근하면 연락할게. 이따 집에서 보자!	Y	2022-10-03 06:43:22	2022-10-03 06:43:22
