id	utterance_id	utterance_type	utterance_text	terminate	regDate	updDate
BE22018268	1	0	나이가 들었는지 부쩍 기억이 잘 안 나네. 기억이 날 듯 말 듯 어렴풋한 상황이 계속되니까 정말 화가 나네. 이제는 메모하지 않으면 기억하지 못할 정도라니까.	N	2022-09-15 01:10:20	2022-11-08 05:20:30
BE22018268	2	1	속이 무척 답답해서 울화가 치밀어 올랐겠다. 자주 그런 상황에 맞닥뜨리면 정말 불편하지. 당신 그렇게 힘들어하니 나도 덩달아 마음이 불편하네.	N	2022-09-15 01:10:20	2022-11-08 05:20:30
BE22018268	3	0	속에서 열불나서 어쩔 줄을 모를 정도라니까. 그래서 메모를 무조건 해두려고 하고 있어. 귀찮은데 진짜 어쩔 수 없이 하는 거야.	N	2022-09-15 01:10:20	2022-09-15 01:10:20
BE22018268	4	1	그래도 메모해서 기억하려는 당신 노력이 정말 대단하게만 느껴져. 불만만 하는 게 아니고 그 상황을 잘 해결하려는 최선의 노력을 하고 있다고 생각해. 그렇게 힘든 상황도 잘 헤쳐 나가는 방법을 터득했으니 괜찮을 거야.	N	2022-09-15 01:10:20	2022-11-08 05:20:30
BE22018268	5	0	내가 기억 못함으로 인해서 일이 어그러지는 게 싫어서 그렇지. 저번에는 기억을 못 해서 큰 실수를 할 뻔했는데 메모를 보고 간신히 모면했어. 그저 이런 상황이 정말 짜증 나고 스트레스를 받아.	N	2022-09-15 01:10:20	2022-11-08 05:20:30
BE22018268	6	1	그런 일들이 반복되면 정말 분노가 치솟을 수밖에 없을 것 같아. 갑갑한 마음이 정말 커서 속이 가라앉지를 않겠다.	N	2022-09-15 01:10:20	2022-11-08 05:20:30
BE22018268	7	0	응, 그래서 메모를 안 할 수가 없어. 툴툴거리면서 계속 메모하고 있는 거지. 혹시나 직장에서 실수할까 봐 노심초사야.	N	2022-09-15 01:10:20	2022-09-15 01:10:20
BE22018268	8	1	더 긴장되고 신경 써야 할 게 많아지니까 더 화가 났을 것 같아. 그래도 꼼꼼하게 메모했기 때문에 당신이 회사에서 능력을 인정받는 중이잖아. 기억력의 문제를 성실함과 꼼꼼함으로 이겨낸 당신이 난 자랑스러운걸!	N	2022-09-15 01:10:20	2022-11-08 05:20:30
BE22018268	9	0	당신이 그렇게 말해주니 열 받아서 화끈거렸던 얼굴이 조금은 식는 것 같아. 당신에게 인정받아서 마음이 괜찮아지려고 해.	N	2022-09-15 01:10:20	2022-11-08 05:20:30
BE22018268	10	1	나도 힘들 때 당신에게 많이 위로받았는걸. 여보 마음이 조금이나마 나아질 수 있다면 난 뭐든지 할 수 있을 것 같아.	N	2022-09-15 01:10:20	2022-11-08 05:20:31
BE22018268	11	0	혼자서는 마음을 풀지 못했던 상황에서 내 마음에 공감해주는 당신 모습에 위안을 얻는다. 언제나 당신이 있어 큰 힘이 되고 있어. 오늘도 당신과 이야기하는 것만으로 치유가 된 것 같아.	N	2022-09-15 01:10:20	2022-11-08 05:20:31
BE22018268	12	1	당신의 분노가 줄어들었다면 정말 다행이다! 난 항상 당신을 응원하는 거 알고 있지?	N	2022-09-15 01:10:20	2022-11-08 05:20:31
BE22018268	13	0	힘든 상황에서 내 편이 되어 주는 당신이 있어서 정말 든든해. 그렇게 말해줘서 진짜 고마워.	N	2022-09-15 01:10:20	2022-11-08 05:20:31
BE22018268	14	1	내가 항상 당신 곁에 있을 테니 밤낮 할 것 없이 연락해. 우리 여보, 힘내보자!	Y	2022-09-15 01:10:20	2022-11-08 05:20:31
