id	utterance_id	utterance_type	utterance_text	terminate	regDate	updDate
BE22026203	1	0	여보, 오늘 정말 화나는 일이 있었어요. 청소기가 고장 나서 수리하려고 서비스 센터에 갔는데, 제 과실이라면서 수리비를 전액 내라고 하더라고요. 새로 산 지 얼마 안 됐는데 어떻게 이럴 수 있대요?	N	2022-10-09 17:35:04	2022-10-09 17:35:04
BE22026203	2	1	그 청소기라면 당신이 큰마음 먹고산 모델이잖아요. 성능이 좋다고 당신이 좋아하던 게 얼마 전이었는데 고장 났다니, 화 날 만하네요. 그래서 어떻게 됐어요?	N	2022-10-09 17:35:04	2022-11-08 06:10:48
BE22026203	3	0	내 잘못으로 고장 난 것도 아니고, 그쪽에서 불량품을 만들어서 이렇게 된 거잖아요. 너무 분해서 그냥 도로 들고 와 버렸어요.	N	2022-10-09 17:35:04	2022-11-08 06:10:48
BE22026203	4	1	청소기 혼자 가지고 왔다 갔다 하느라 안 그래도 힘들었을 텐데, 문제도 해결하지 못하고 여러모로 고생했네요. 당신이 그렇게 힘든 하루를 보냈을 줄은 몰랐어요.	N	2022-10-09 17:35:04	2022-11-08 06:10:48
BE22026203	5	0	목소리가 고조되니까 서비스 센터에서 저를 진상 취급하지 뭐예요. 내가 마땅히 받아야 할 부분을 물어보고 잘못된 부분을 정정하려는 건데, 그게 잘못됐나요? 제품 문제보다도, 그 직원들의 태도에 더 열 받아요.	N	2022-10-09 17:35:04	2022-10-09 17:35:04
BE22026203	6	1	요즘 아무리 소비자들이 막 대한다고 해도 제품에 대해서 문의를 하면 예의를 갖춰서 답해야죠. 청소기 수리도 못 하고, 화는 화대로 났으니 얼마나 속상하고 분하겠어요.	N	2022-10-09 17:35:04	2022-11-08 06:10:48
BE22026203	7	0	내가 어디 가서 예의 없이 구는 사람도 아닌데, 정말 빈정 상하더라고요. 무상 수리가 안되면 그 이유를 알려주든지 해야지, 무작정 안 된다고 하기에 따진 게 잘못인가요? 답답하고 기분 나빠서 무슨 말을 못 하겠더라고요.	N	2022-10-09 17:35:04	2022-11-08 06:10:48
BE22026203	8	1	당신은 소비자로서의 권리를 요구한 건데, 당연히 잘못이 없죠. 서비스 센터는 합당한 서비스를 제공하는 공간인데 마땅한 해답을 못 내놓은 거잖아요. 분하겠지만 자신을 자책하지는 않았으면 해요.	N	2022-10-09 17:35:04	2022-11-08 06:10:48
BE22026203	9	0	요즘은 말 한마디 잘못하면 온 세상 사람들한테 지탄받는 시대잖아요. 그래서 특히 말조심하고 있는데, 이런 일이 생길 줄은 몰랐어요. 소통이 원활하게 되지 않으니까 목소리가 조금씩 높아지고, 주위 사람들도 쳐다보는 것 같더라고요.	N	2022-10-09 17:35:04	2022-11-08 06:10:48
BE22026203	10	1	그 기분, 너무나도 잘 알죠. 괜히 나 하나 때문에 주위를 불편하게 만든 것 같고, 사람들 눈치도 보이고요. 그 와중에 서비스는 제대로 받지 못하고 답답했을 그 심정, 이해해요.	N	2022-10-09 17:35:04	2022-11-08 06:10:49
BE22026203	11	0	당연히 무상 수리가 되지 않는 이유를 알려줬다면, 유상 수리를 했을 거예요. 막무가내로 떼를 쓴 게 아닌 데 정말 화나요. 시간은 시간대로 낭비하고, 청소기는 고치지도 못하고 이제 어떡해요.	N	2022-10-09 17:35:04	2022-11-08 06:10:49
BE22026203	12	1	너무 마음 조급하게 먹지 않았으면 좋겠어요. 지금 당장은 당신의 화난 마음을 추스르는 게 중요하잖아요. 오늘 일은 억울하고 분하지만 조금 차분히 마음을 가라앉히면서 같이 방법을 생각해봐요.	N	2022-10-09 17:35:04	2022-10-09 17:35:04
BE22026203	13	0	이제 다른 서비스 센터에 방문해서 청소기를 고쳐야겠어요. 그동안 청소도 제대로 못 하고, 서비스도 받지 못 할거라고 생각하니 낙담하게 되네요. 그리고 다른 곳에 가서도 오늘과 같은 일이 반복될까 봐 벌써 걱정이기도 하고요.	N	2022-10-09 17:35:04	2022-11-08 06:10:49
BE22026203	14	1	다음에는 오늘 같은 일이 발생하지 않도록 내가 함께할 게요. 소비자가 정당하게 서비스를 받을 권리를 행사하는 거니까, 벌써부터 걱정하지 맙시다. 이번엔 나도 곁에서 당신을 도울 테니까요.	N	2022-10-09 17:35:04	2022-11-08 06:10:49
BE22026203	15	0	그렇게 얘기해주니까 왠지 든든하네요. 오늘 일로 정말 화가 머리 꼭대기까지 났는데, 당신이 위로해주는 것만으로도 많이 위로가 돼요. 화나지만, 조금 진정하고 다른 센터를 알아봐야겠어요.	N	2022-10-09 17:35:04	2022-10-09 17:35:04
BE22026203	16	1	그래요, 너무 부정적인 생각들로 당신의 멋진 하루를 망치지 않았으면 해요. 당신은 존중받을 자격이 있는 멋지고 소중한 사람이니까요.	N	2022-10-09 17:35:04	2022-11-08 06:10:49
BE22026203	17	0	그렇게 얘기해줘서 고마워요. 오늘 제대로 대처하지 못한 것 같아서 답답하고 분했는데 이제야 마음이 정리가 돼요.	Y	2022-10-09 17:35:04	2022-10-09 17:35:04
