id	utterance_id	utterance_type	utterance_text	terminate	regDate	updDate
BE22022753	1	0	여보. 오늘 유독 바람이 엄청 부는 거 같네요. 성가시고 짜증 나서 화가 나요.	N	2022-09-29 16:00:28	2022-11-08 05:50:21
BE22022753	2	1	어머. 오늘 공사현장 둘러 보러 간다더니 바람이 많이 불어요?	N	2022-09-29 16:00:28	2022-09-29 16:00:28
BE22022753	3	0	네. 공사현장 특성상 안 그래도 먼지가 많은데 바람이 불어대니 흙먼지가 자꾸 눈에 들어가서 눈을 감게 되네요. 오전에 제대로 둘러보지도 못하고 사무실에 왔어요. 정말 짜증 나고 화나는 오전이었네요.	N	2022-09-29 16:00:28	2022-11-08 05:50:21
BE22022753	4	1	아이고. 공사현장까지 꽤 먼 거리라 이침 일찍 출발했었잖아요. 오전에 운전 하느라 고생한 게 수포로 돌아 간 거 같은 마음에 울컥했겠어요. 여보가 많이 화나고 짜증 날 만한 상황이었네요.	N	2022-09-29 16:00:28	2022-11-08 05:50:22
BE22022753	5	0	그러니까 말이에요. 사무실에 와서 대표님이 현장 좀 어떠냐고 물어보는데 얼버무렸어요. 흙먼지가 불어대니 사야도 가리고 눈이 따가워서 눈도 제대로 못 뜨겠더라고요. 욱하는 마음에 괜히 점심 먹은 것도 체한 것 같아요.	N	2022-09-29 16:00:28	2022-09-29 16:00:28
BE22022753	6	1	정말 오전부터 다사다난 했네요. 안그래도 우리 여보는 오전 일이 잘 안 풀리면 그날 하루 쭉 기분이 안 좋은데. 얘기 듣는 저도 덩달아 마음이 불편해지네요.	N	2022-09-29 16:00:28	2022-11-08 05:50:22
BE22022753	7	0	여보 마음을 불편하게 하려고 한 말은 아니었는데 괜히 미안하네요. 그냥 속상하고 화나는 마음에 털어놓고 싶어서 문자 했어요. 다들 현장직으로 나가서 사무실에 대화 할 사람이 없거든요.	N	2022-09-29 16:00:28	2022-09-29 16:00:28
BE22022753	8	1	서로 힘들고 괴로울 때 의지하려고 있는 게 부부 아니겠어요? 언제든 자기의 화나는 일과 속상한 일 들어 줄 수 있으니 괘념치 말아요. 제가 항상 힘이 되어주고 위로 해줄 테니 저한테 다 털어놓아요.	N	2022-09-29 16:00:28	2022-11-08 05:50:22
BE22022753	9	0	그래도 뭔가 이런 얘기 하는 게 미안하긴 해요. 결국 저는 다음 주 쯤에 다시 현장 둘러보러 갈 거 같아요. 흙 먼지 때문에 일을 두 번이나 하게 돼서 성가시네요.	N	2022-09-29 16:00:28	2022-11-08 05:50:22
BE22022753	10	1	흙 먼지 때문에 번거롭고 성가셔서 화나는 여보의 기분은 제가 위로해주고 달래 줄테니 그만 화를 풀어봐요. 현장 근처 지역에 맛집이라도 찾아보면서 작은 여행이라고 생각해보는 건 어떨까요? 그렇게 긍정적으로 생각하면 여보의 기분이 좀 나아질 거 같아서요.	N	2022-09-29 16:00:28	2022-11-08 05:50:22
BE22022753	11	0	좋은 생각이네요. 천안이랑 가까우니 거기 맛집 들리고 호두과자라도 사 와야겠어요. 그렇게 생각하니 확실히 화가 좀 가라앉네요. 역시 여보의 조언은 현명해요.	N	2022-09-29 16:00:28	2022-11-08 05:50:22
BE22022753	12	1	그렇게 말해줘서 고마워요. 여보의 화가 풀렸다니 저도 마음이 편안해지네요. 다음 주에는 바람도 많이 안 불고 날씨가 좋았으면 좋겠어요.	N	2022-09-29 16:00:28	2022-11-08 05:50:22
BE22022753	13	0	저도 그러길 기도해야겠어요. 오늘 제 얘기 들어줘서 고마워요. 여보 덕분에 오후에는 기분 좋게 하루를 보낼 수 있을 거 같아요.	N	2022-09-29 16:00:28	2022-09-29 16:00:28
BE22022753	14	1	역시 우리 여보는 화가 금방 풀리는 게 큰 장점이에요. 오후에도 힘내고 이따 퇴근하고 집에서 봐요!	Y	2022-09-29 16:00:28	2022-11-08 05:50:22
