id	utterance_id	utterance_type	utterance_text	terminate	regDate	updDate
BE22011614	1	0	여보 아들이 또 이불 위에서 과자를 먹고 부스러기를 온통 흘려 놓았어요. 대체 몇 번을 얘기했는데 고쳐지지 않는 거죠?	N	2022-07-25 14:08:20	2022-11-08 04:39:04
BE22011614	2	1	한두 번도 아니고 당신이 정말 화가 많이 날만 하네요. 말귀를 잘 알아듣는 아인데 왜 그랬을까요?	N	2022-07-25 14:08:20	2022-11-08 04:39:04
BE22011614	3	0	정말이지 수십 번을 얘기했는데 매번 같은 상황인지 도대체 이해할 수가 없어요. 더 이상 짜증이 나서 화를 참을 수가 없네요.	N	2022-07-25 14:08:20	2022-11-08 04:39:04
BE22011614	4	1	어이구, 당신이 무척 힘들었겠군요. 나는 늘 회사 일에 바쁘다 보니 아들이 그런 줄 몰랐어요. 내가 옆에서 봤더라도 당신처럼 화가 났을 거예요.	N	2022-07-25 14:08:20	2022-11-08 04:39:04
BE22011614	5	0	거실이나 식탁에 앉아 먹으라고 그렇게 말했는데 꼭 이불 위에 앉아 먹는단 말이에요. 베란다에 서서 그 큰 이불 터는 게 보통 힘든 게 아니에요.	N	2022-07-25 14:08:20	2022-11-08 04:39:04
BE22011614	6	1	당신 혼자서 감당하느라 벅찼을 건데 어떻게 참았어요? 그만큼 타일렀는데도 아들의 행동이 바뀌지 않으니 정말 짜증 날 만한 것 같아요.	N	2022-07-25 14:08:20	2022-11-08 04:39:04
BE22011614	7	0	아들은 폭신한 이불 위에 앉아 과자를 먹으며 책을 보는 게 제일 행복하대요. 아들 마음을 모르는 건 아니지만 화가 나는 걸 어쩔 수가 없어요.	N	2022-07-25 14:08:20	2022-11-08 04:39:04
BE22011614	8	1	그동안 아들을 위해 얼마나 참고 이해해 보려 했겠어요. 자식이라고 다 이해하고 감수해야 하는 건 아니잖아요.	N	2022-07-25 14:08:20	2022-11-08 04:39:04
BE22011614	9	0	내가 나쁜 엄마일까요? 다른 집 아이들도 그러는지 궁금하네요. 당최 우리 아들만 나를 힘들게 하는 것 같아요.	N	2022-07-25 14:08:20	2022-11-08 04:39:04
BE22011614	10	1	육아라는 게 정신적 스트레스가 엄청나다고 하잖아요. 다른 집도 마찬가지지 않을까요? 그러니 절대 당신이 나빠서가 아니라 상황이 그럴 수밖에 없었으니 너무 자책 말아요.	N	2022-07-25 14:08:20	2022-11-08 04:39:04
BE22011614	11	0	그러겠죠? 아들의 나쁜 습관을 고치려고만 하고 고쳐지지 않으니 야단만 쳤네요. 자기 딴엔 거기가 좋아 앉아 먹었을 건데.	N	2022-07-25 14:08:20	2022-11-08 04:39:04
BE22011614	12	1	당신 말이 맞아요. 하지 말란다고 안 하면 아이가 아니라 어른이겠죠. 우리가 조금만 인내심을 가지고 가르쳐보아요.	N	2022-07-25 14:08:20	2022-11-08 04:39:04
BE22011614	13	0	네 당신 말을 들으니 마음이 조금 풀렸어요. 이불 위 과자 부스러기를 보니 어찌나 화가 나는지 정신 줄을 놨네요.	N	2022-07-25 14:08:20	2022-11-08 04:39:04
BE22011614	14	1	나라도 그랬을 거니까 괜찮아요. 당신이 얼마나 힘들었으면 그랬을지 마음을 헤아렸어야 했는데 그러지 못해 미안해요.	N	2022-07-25 14:08:20	2022-11-08 04:39:04
BE22011614	15	0	고마워요. 아들과 매일 씨름하는 게 힘들어 괜한 일로 화를 냈어요. 저도 미안해요.	Y	2022-07-25 14:08:20	2022-11-08 04:39:04
