id	utterance_id	utterance_type	utterance_text	terminate	regDate	updDate
BE22008901	1	0	오늘 주유소에 갔다 왔는데 기름값이 또 올랐어. 세금은 내렸다는데 소비자한테는 돌아오는 게 없어. 정말 화가 나서 참을 수가 없네.	N	2022-07-14 09:44:04	2022-11-08 04:21:40
BE22008901	2	1	가뜩이나 화물 운송하는 일도 어려운데 기름값까지 자꾸 올라서 당신 너무 힘들겠다. 세금 내린 건 왜 금방 반영이 안 되는지 모르겠네. 잘 모르는 나도 화가 나는데 당신은 오죽하겠어?	N	2022-07-14 09:44:04	2022-11-08 04:21:40
BE22008901	3	0	우리 일은 기본적으로 기름을 많이 쓰잖아? 그래서 기름값 몇 원에도 민감하게 반응하는데 요즘은 거의 죽을 맛이야. 기름 넣을 때마다 혈압이 다 오른다니까.	N	2022-07-14 09:44:04	2022-11-08 04:21:40
BE22008901	4	1	왜 안 그렇겠어? 힘들게 번 돈이 기름값으로 다 나가면 진짜 기운이 빠지지. 노력한 만큼 대가가 따라줘야 일할 맛도 날 텐데 그게 아니니 얼마나 속상해?	N	2022-07-14 09:44:04	2022-11-08 04:21:40
BE22008901	5	0	죽어라 일해봐야 남는 게 별로 없어. 괜히 남 좋은 일만 시키는 게 아닌가 싶어 억울한 마음마저 든다니까. 정말 살기 힘들다.	N	2022-07-14 09:44:04	2022-11-08 04:21:40
BE22008901	6	1	말만 들어도 당신 힘든 게 느껴져서 나도 너무 속상하다. 당장 눈앞에 보이는 성과가 없으니 정말 기운 빠지지? 그 심정 너무 잘 알겠어.	N	2022-07-14 09:44:04	2022-11-08 04:21:40
BE22008901	7	0	정말 아무리 걸어가도 늘 제자리인 거 같은 기분이야. 수입이 조금 늘면 뭐 해? 기본적으로 들어가야 하는 기름값 같은 게 올라버리면 다 소용없어.	N	2022-07-14 09:44:04	2022-11-08 04:21:40
BE22008901	8	1	왜 안 그렇겠어? 그런데 정부에서도 기름값 안정시키려고 애쓰고 있다니까 조금만 기다려 봐. 괜히 속 끓여봐야 당신만 손해니 그냥 마음을 내려놓는 건 어때?	N	2022-07-14 09:44:04	2022-11-08 04:21:40
BE22008901	9	0	당신 말대로 내가 속 끓여봐야 결국 제자리걸음이야. 괜히 당신까지 걱정하게 만드는 거 같아 정말 속상하다. 무능한 남편 만나서 당신이 정말 고생이 많아.	N	2022-07-14 09:44:04	2022-11-08 04:21:40
BE22008901	10	1	별소리를 다 하네. 지금 세계정세 때문에 이 사달이 벌어진 거지 당신은 잘못 없어. 당신이 얼마나 성실하게 노력하는 사람인지 내가 다 아니까 절대 기죽지 마.	N	2022-07-14 09:44:04	2022-11-08 04:21:40
BE22008901	11	0	정말 그렇게 생각해? 당신이 그렇게 나를 믿어준다니 마음이 조금 풀리긴 하네.	N	2022-07-14 09:44:04	2022-11-08 04:21:40
BE22008901	12	1	요즘같이 힘든 시기에는 현상 유지만 해도 다행이라는 말을 들었어. 그저 당신이 일을 나갈 수 있다는 것만도 나는 너무 감사해. 그러니 돈 몇 푼에 너무 스트레스받지 마.	N	2022-07-14 09:44:04	2022-11-08 04:21:40
BE22008901	13	0	사실은 나도 그렇게 생각하는데, 당신한테 미안해서 괜히 기름값 타박을 해봤어. 사실 기름값이야 늘 오르락내리락 하는 거니까 이러다 보면 내릴 날이 있겠지.	N	2022-07-14 09:44:04	2022-11-08 04:21:40
BE22008901	14	1	당연히 그런 날이 올 테니까 너무 초조해하지 마. 당신이 금방 이렇게 마음을 풀어서 너무 다행이다. 당신이 할 일은 안전 운행이 먼저니까 기름값 따위는 잊어버리고 운전에만 신경 써.	N	2022-07-14 09:44:04	2022-11-08 04:21:40
BE22008901	15	0	당신은 정말 이해심이 남다른 사람이야. 당신이 그래서 나는 그나마 스트레스를 덜 받는 거야. 고마워, 여보.	Y	2022-07-14 09:44:04	2022-11-08 04:21:40
