id	utterance_id	utterance_type	utterance_text	terminate	regDate	updDate
BE22006433	1	0	여보, 오늘 몇 시에 집에 들어올 거야? 어제처럼 말도 없이 늦게 들어오는 건 아니지?	N	2022-07-06 03:19:25	2022-11-08 04:05:47
BE22006433	2	1	오늘은 일찍 집에 갈 수 있을 것 같아. 왜 무슨 일이 있는 거야?	N	2022-07-06 03:19:25	2022-11-08 04:05:47
BE22006433	3	0	아침에 출근한 당신은 모르지. 눈뜨자마자 아이 밥 먹이고 씻기고 돌보느라 난 한 끼도 못 먹고 씻지도 못했어. 집은 계속 치워도 엉망이고 아이는 계속 놀아 달라고 징징대고 있어.	N	2022-07-06 03:19:25	2022-11-08 04:05:47
BE22006433	4	1	당신이 혼자 아이 돌보느라 정말 힘들었구나. 이 정도로 힘든지 몰랐어. 요즘 회사 일이 많아서 신경 못 쓴 거 같아 정말 미안해.	N	2022-07-06 03:19:25	2022-11-08 04:05:47
BE22006433	5	0	나도 진짜 인내심이 한계에 다다랐어. 당신 일찍 들어오는 날에도 방으로 혼자 쏙 들어가 버리니까 아이는 계속 내가 봐야 하잖아. 내가 혼자 아이 낳은 거야?	N	2022-07-06 03:19:25	2022-11-08 04:05:47
BE22006433	6	1	당신의 속상하고 힘든 마음 이해해. 우리의 소중한 아이인데 당신이 잘한다고 믿고 당연하게 육아를 맡긴 것 같아. 내가 아빠로서 할 일을 하지 않아서 당신이 더 나를 원망했을 것 같아.	N	2022-07-06 03:19:25	2022-11-08 04:05:47
BE22006433	7	0	난 나를 위해 아무것도 하지 못하잖아. 집에서 아이 뒤치다꺼리만 하고 있으면 내가 지금 뭐 하고 있는 건지 정말 답답해.	N	2022-07-06 03:19:25	2022-11-08 04:05:47
BE22006433	8	1	지금이라도 당신의 마음 솔직하게 말해줘서 진심으로 고마워. 그동안 속상하고 나를 원망했던 마음 다 털어놓고 마음이 풀렸으면 좋겠어.	N	2022-07-06 03:19:25	2022-11-08 04:05:47
BE22006433	9	0	오늘부터라도 일찍 퇴근해서 아이 씻기고 같이 놀아주면 좋겠어. 주말에 당신이 아이를 돌보면 가끔 잠깐 바람이라도 쐬고 올게. 그래야 답답한 내 마음이 풀릴 것 같아.	N	2022-07-06 03:19:25	2022-11-08 04:05:47
BE22006433	10	1	그럼 물론이지. 앞으로는 내가 적극적으로 아이도 돌보고 당신에게 자유로운 시간을 주도록 꼭 약속할게. 나를 믿고 맡겨줘.	N	2022-07-06 03:19:25	2022-11-08 04:05:47
BE22006433	11	0	그렇게 말해 줘서 고마워. 당신이 잘하는 것도 있는데 내가 순간적으로 화가 나서 내 감정만 쏟아부은 것 같아.	N	2022-07-06 03:19:25	2022-11-08 04:05:47
BE22006433	12	1	언제든 힘이 일이 있을 때 얘기해 줘. 당신에게 힘이 되고 기댈 수 있는 든든한 남편이 될게. 그리고 좋은 아빠의 모습도 보여 줄 테니 기대해도 좋아.	N	2022-07-06 03:19:25	2022-11-08 04:05:48
BE22006433	13	0	그 말을 들으니 나도 좋은 아내와 엄마가 되고 싶네. 우리 같이 노력해서 행복한 가정 이루도록 하자.	N	2022-07-06 03:19:25	2022-11-08 04:05:48
BE22006433	14	1	오늘 저녁은 내가 맛있는 거 사서 갈 테니 따로 하지 말고 기다려. 빨리 퇴근해서 당신 보고 싶다. 그동안 고생했고 고맙고 사랑해.	N	2022-07-06 03:19:25	2022-11-08 04:05:48
BE22006433	15	0	조심해서 퇴근하고 이따 봐. 나를 이해해줘서 고맙고, 우리 남편도 나에게 큰 힘이 돼. 그리고 나도 사랑해.	Y	2022-07-06 03:19:25	2022-11-08 04:05:48
