id	utterance_id	utterance_type	utterance_text	terminate	regDate	updDate
BE22017318	1	0	여보, 지금 퇴근하는 길인데 오늘 외식 약속은 취소해야 할 것 같아. 지금 사거리에서 주류 운반 차량이 전복되었어.	N	2022-09-07 02:48:24	2022-11-08 05:14:37
BE22017318	2	1	어머, 생각보다 큰 사고일 수도 있겠네요. 그래도 어렵게 예약 잡은 곳인데, 시간 맞추기 힘들까요?	N	2022-09-07 02:48:24	2022-09-07 02:48:24
BE22017318	3	0	트럭이 워낙 커서 차량 치우는데도 시간이 걸릴 거 같아. 그리고 중요한 건 내 차량에 파손이 생겼어. 나도 슬슬 짜증이 나네.	N	2022-09-07 02:48:24	2022-09-07 02:48:24
BE22017318	4	1	진정해요, 당신은 다친 곳 없이 괜찮은 건가요? 너무 놀랐을 것 같은데 지금 어떻게 하고 있는지 저도 걱정이 되네요. 차량 파손 생겨서 당신도 너무 속상했겠어요.	N	2022-09-07 02:48:24	2022-09-07 02:48:24
BE22017318	5	0	다행히 다친 곳은 없어. 오랜만에 외식 약속해둔 건데 하필 여기서 사고가 터져버렸어. 나도 오랜만에 애들과 당신이랑 좋은 곳에서 식사하고 싶었는데 미안하기도 하고 화도 나네.	N	2022-09-07 02:48:24	2022-11-08 05:14:37
BE22017318	6	1	차 사고가 나서 못 오는 건데 미안해할 필요 없으니 화 가라앉히고 진정해요. 전혀 당신 잘못이 아니에요. 당신만 안 다쳤으면 그걸로 너무 다행스러운 일이니까 약속은 너무 신경 쓰지 말아요.	N	2022-09-07 02:48:24	2022-11-08 05:14:37
BE22017318	7	0	아직도 사거리 꽉 막혀있고 오지도 가지도 못해서 짜증 나던 중이었어. 그래서 당신한테 어쩔 수 없이 못 간다고 연락한 거고.	N	2022-09-07 02:48:24	2022-11-08 05:14:37
BE22017318	8	1	진정해요, 여보. 그럴 때일수록 마음을 비워야 스트레스를 덜 받아요. 당신은 큰일에는 대범하고 침착한 사람이니까 호흡 길게 하면서 마음을 가라앉히면 금방 차분해질 거예요. 내가 그 상황이었으면 너무 놀라서 아마 앉은 자리에서 일어나지도 못했을 건데, 당신은 참 침착하네요.	N	2022-09-07 02:48:24	2022-11-08 05:14:37
BE22017318	9	0	정말 지금도 계속 사고 현장에 아무도 안 온다는 게 말이 안 된다고 생각해. 이렇게 늦게 대응하니 화가 나지.	N	2022-09-07 02:48:24	2022-11-08 05:14:37
BE22017318	10	1	화나는 당신 마음 충분히 이해하고도 남아요. 약속도 깨지고 사고 수습도 안 되니 답답한 당신 마음 정말 난감하겠어요. 그래도 지금까지 아무 일 없이 침착하게 잘 기다리고 있으니 조금 있으면 금방 괜찮아질 거예요.	N	2022-09-07 02:48:24	2022-11-08 05:14:37
BE22017318	11	0	당신이랑 얘기하기 전까지 엄청나게 화났었는데, 그래도 좀 진정이 되네. 이렇게 짜증 낼 일이 아니었던 거 같아.	N	2022-09-07 02:48:24	2022-11-08 05:14:37
BE22017318	12	1	맞아요, 당신이 약속도 있고 해서 더 민감했었나 봐요. 그러니 너무 신경 쓰지 말고 다치는 일 없이 돌아오시면 좋을 것 같아요. 다시 한번 생각해봐도 정말 그만하길 다행이에요.	N	2022-09-07 02:48:24	2022-11-08 05:14:37
BE22017318	13	0	정말 이만하길 다행이라고 생각하니 화가 가라앉아. 내가 좀 살펴보고 얼른 집에 갈 수 있게 조치해볼게.	N	2022-09-07 02:48:24	2022-11-08 05:14:37
BE22017318	14	1	그래요, 여보. 무슨 일 있으면 또 연락해요. 평소 당신처럼 평정심 잃지 말고, 주변에 도움 주고 와요.	Y	2022-09-07 02:48:24	2022-11-08 05:14:37
