id	utterance_id	utterance_type	utterance_text	terminate	regDate	updDate
BE22025265	1	0	여보, 배신감에 화나는 마음을 어떻게 해야 좋을지 모르겠어요. 너무 화가 나서 손이 부들부들 떨리네요.	N	2022-10-07 06:55:27	2022-11-08 06:05:12
BE22025265	2	1	당신이 이렇게 노여워하는 걸 본 적이 없어 너무 당황스럽고 놀랐어요. 무슨 일 때문에 그래요?	N	2022-10-07 06:55:27	2022-11-08 06:05:12
BE22025265	3	0	고등학생 아들 가방에서 담배를 발견했지 뭐에요! 모범생이라 생각했던 아들이 담배를 핀다고 생각하니 너무 화가 나요. 배신감이 너무 심하네요!	N	2022-10-07 06:55:27	2022-10-07 06:55:27
BE22025265	4	1	사춘기를 지날 때도 고분고분 착한 모습을 보였으니, 담배를 발견하고 당신이 많이 놀랐을 것 같네요. 그런데 우리가 아직 아들 말을 들어본 게 아니니 우선은 화난 마음부터 진정하세요.	N	2022-10-07 06:55:27	2022-11-08 06:05:12
BE22025265	5	0	아들 말을 들어볼 게 뭐가 있어요. 고등학생 가방에서 담배가 나왔다면, 당연히 담배를 태우는 거겠죠. 부모에게는 모범생으로 보이며, 뒤로는 무슨 일을 하고 다니는지 모르겠다는 생각이 드니 화가 무척 나네요.	N	2022-10-07 06:55:27	2022-10-07 06:55:27
BE22025265	6	1	당신이 너무 감정적으로 상황을 바라보니, 아들을 바라보는 마음이 더 부정적으로 흐르고 있어요. 우리가 알고 믿고 있는 아들의 모습이 있잖아요. 이 사실에 대한 걸 더 알기 전까지 감정적으로 아들을 바라보며, 배신감을 느끼지 말길 바라요.	N	2022-10-07 06:55:27	2022-11-08 06:05:12
BE22025265	7	0	아들을 너무 철썩같이 믿은 나에게도 화가 납니다. 어떻게 이럴 수가 있지 하는 마음이 먼저 드니, 화난 감정을 조절하기 정말 힘드네요.	N	2022-10-07 06:55:27	2022-11-08 06:05:12
BE22025265	8	1	당신도 호기심에 청소년기에 담배를 태워 봤다고 하지 않았어요? 사춘기 무렵의 남자 아이라면, 한 번쯤 가질 수 있는 호기심에 담배를 샀을 수도 있고요. 우리 조금만 느긋한 마음으로 아들을 기다려줍시다.	N	2022-10-07 06:55:27	2022-11-08 06:05:12
BE22025265	9	0	아들에 대한 기대심이 너무 컸던 것 나 봅니다. 담배를 보는 순간 손이 부들부들 떨리며, 당장이라도 녀석을 데려다 혼을 내려고 했어요. 지금도 그 순간을 생각하면, 피가 거꾸로 솟는 것 같아요.	N	2022-10-07 06:55:27	2022-11-08 06:05:13
BE22025265	10	1	고등학생이 담배를 가지고 다니는 건 혼나 마땅해요, 당신이 화내는 이유도 아주 충분하죠. 그런데 아들도 성인이 되어가는 과정에 있으니, 우리가 아들을 더 이해하고 믿어주는 마음을 가져 보자고요. 우리가 생각하는 아들이 아니라 자신의 세계를 가지고 독립체로 커가고 있는 아들의 모습도 존중해 줍시다.	N	2022-10-07 06:55:27	2022-11-08 06:05:13
BE22025265	11	0	당신과 대화를 나누다 보니, 내가 생각하는 아들이 아니라는 사실에 너무 화를 낸 것 같아요. 담배에 대한 대화도 화나는 감정을 게워 낸 후에 차분히 나눠봐야겠어요. 화가 진정되니, 이제야 이성적으로 생각할 여유가 생기네요.	N	2022-10-07 06:55:27	2022-11-08 06:05:13
BE22025265	12	1	당신 화가 진정되었다니 정말 다행이에요. 아들이 우리와 대화 나누는 걸 좋아한다는 사실 하나만으로도 난 감사해요. 이렇게 오해나 문제가 생기면 함께 이야기하며 풀어갈 수 있으니 말이죠.	N	2022-10-07 06:55:27	2022-11-08 06:05:13
BE22025265	13	0	너무 하나의 사실에 집중해 잘 지내고 있는 아들을 폄하한 것 같아 미안한 마음도 드네요. 아들과 차분히 대화 나누다 보면, 이것 또한 잘 해결할 수 있을 것 같아요. 당신 덕분에 마음이 차분해져서 다행이에요, 정말 고마워요.	N	2022-10-07 06:55:27	2022-11-08 06:05:13
BE22025265	14	1	아들을 먼저 이해하려는 노력을 보니 당신의 아들 사랑이 여전하다 느껴져 고맙네요. 화를 빨리 풀고, 아들을 먼저 생각해 줘서 나도 정말 고마워요. 앞으로도 이렇게 서로를 먼저 이해하려 노력하며 지내요, 우리.	Y	2022-10-07 06:55:27	2022-11-08 06:05:13
