id	utterance_id	utterance_type	utterance_text	terminate	regDate	updDate
BE22008254	1	0	화나서 미치겠어. 내가 이렇게까지 해야 돼? 고객센터에서 자꾸 발뺌을 하니까 녹음 앱을 설치해서 사용하고 있어.	N	2022-07-12 14:13:09	2022-11-08 04:17:30
BE22008254	2	1	뭐라고? 저번에 환불하려고 한다던 그 믹서기 때문이야? 화를 잘 안 내던 당신이 이럴 정도면 대체 어느 정도길래 그래?	N	2022-07-12 14:13:09	2022-11-08 04:17:30
BE22008254	3	0	분명 올 때부터 고장이었던 건데 내가 고장 낸 거라느니, 고객 변심이라느니, 말을 자꾸 바꿔서 미치겠어. 처음에는 그렇구나 하고 넘어가려던 것도 화가 나서 트집을 잡게 돼.	N	2022-07-12 14:13:09	2022-11-08 04:17:30
BE22008254	4	1	어떤 마음인지 알 거 같아. 더군다나 당신은 환불도 아니고 교체 정도만 원한 거였잖아? 작은 일에는 대수롭지 않게 넘어가는 당신 성정에 이럴 정도면 그쪽에서 어떻게 나왔을지 눈에 훤하네.	N	2022-07-12 14:13:09	2022-11-08 04:17:30
BE22008254	5	0	통화 녹음 앱을 설치하면서도 이게 정말 맞는 건가 싶더라 그 사람도 그냥 직원일 텐데. 하지만 먼저 시비를 걸었던 건 분명 그쪽이잖아. 내가 그렇게 만만한가?	N	2022-07-12 14:13:09	2022-11-08 04:17:30
BE22008254	6	1	울컥울컥 화가 나는 당신 마음 이해해. 나라도 그럴 거야. 내가 하지도 않은 일을 내가 했다고 그러면 얼마나 억울한데. 더군다나 돈까지 써가며 기대했던 물건인데 아무렴.	N	2022-07-12 14:13:09	2022-11-08 04:17:30
BE22008254	7	0	이해해줘서 고마워. 지금도 화가 완전히 풀리지는 않지만 털어놓고 나니까 좀 낫네. 내가 유난인 사람 같아서 괴로웠어.	N	2022-07-12 14:13:09	2022-11-08 04:17:30
BE22008254	8	1	나한테 털어놔줘서 고마워. 그런 마음이었다면 털어놓기도 힘들었을 텐데. 하지만 나는 늘 당신이 누구한테 화를 내더라도 다 이유가 있겠거니 생각하고 받아들일 수 있어.	N	2022-07-12 14:13:09	2022-11-08 04:17:30
BE22008254	9	0	특히 이럴 때 당신처럼 내 편이 되어주는 사람이 있어서 다행이야.	N	2022-07-12 14:13:09	2022-11-08 04:17:30
BE22008254	10	1	그렇지? 차분하게 진정하고 한 번 더 고객센터에 전화해보자. 그리고 다른 직원을 바꿔달라고 해보는 거야. 좀더 말이 통하는 직원으로.	N	2022-07-12 14:13:09	2022-11-08 04:17:30
BE22008254	11	0	그래야겠다. 내 말을 들어줄 사람이 분명히 있을 거야. 나도 이렇게 녹음까지 하면서 대거리를 하고 싶지는 않아.	N	2022-07-12 14:13:09	2022-11-08 04:17:30
BE22008254	12	1	역시 이래야 마음 넓은 내 와이프지. 그리고 믹서기 하나쯤은 내가 새로 해줄 수도 있어. 당신 남편, 그 정도 능력은 있으니까 걱정 마.	N	2022-07-12 14:13:09	2022-11-08 04:17:30
BE22008254	13	0	됐네요! 기분도 좀 풀렸으니까 다시 연락해봐야겠다. 나도 흥분해서 제대로 말을 못했던 거 같아.	N	2022-07-12 14:13:09	2022-11-08 04:17:30
BE22008254	14	1	이번엔 분명 조곤조곤 잘 말할 수 있을 거야. 다시 해보고 연락해줘. 기다리고 있을게.	N	2022-07-12 14:13:09	2022-11-08 04:17:30
BE22008254	15	0	그렇게 말해줘서 힘이 되네. 다시 연락할게.	Y	2022-07-12 14:13:09	2022-11-08 04:17:30
