id	utterance_id	utterance_type	utterance_text	terminate	regDate	updDate
BE22015578	1	0	언니. 내가 말을 잘못 전달하는 바람에 친한 친구들끼리 사이가 나빠졌어. 나 때문에 싸우게 된 건데 이 일을 어떡하면 좋지. 후회해도 늦었지만 계속 생각나고 슬퍼.	N	2022-08-25 01:25:54	2022-08-25 01:25:54
BE22015578	2	1	네가 항상 얘기하던 친구들 말이지. 이때까지 잘 싸우지 않던 친구들인데 어쩌다 그렇게 된 거야?	N	2022-08-25 01:25:54	2022-08-25 01:25:54
BE22015578	3	0	나는 그냥 친구가 했던 말을 전한 건데 기분이 나빠져서 싸움이 시작됐어. 말려봤지만 말도 안 듣고 싸우기만 했어. 제발 시간을 되돌릴 수 있다면 그러고 싶은 심정이야.	N	2022-08-25 01:25:54	2022-11-08 05:03:56
BE22015578	4	1	평소에 그 친구들이라면 두 발 벗고 나설 정도로 아끼는 너잖아. 그만큼 너에게 소중한 친구들인데 나라도 모든 걸 되돌리고 싶을 만큼 슬플 것 같아.	N	2022-08-25 01:25:54	2022-11-08 05:03:56
BE22015578	5	0	맞아. 모두 내 잘못이라는 죄책감 때문에 너무 슬퍼서 눈물만 나. 어쩌다 이렇게 되었는지 얼마 전만 해도 배꼽이 빠질 정도로 웃으면서 행복했는데 말이야.	N	2022-08-25 01:25:54	2022-08-25 01:25:54
BE22015578	6	1	십 년 우정이 하루아침에 어디 사라지겠어? 친구들과 얘기 해 보면 생각보다 아무렇지 않게 잘 풀릴 수 있을 거야. 네가 그런 사람이 아닌 걸 친구들도 알고 너흰 무엇보다 우정으로 똘똘 뭉친 사이니까 말이야.	N	2022-08-25 01:25:54	2022-11-08 05:03:56
BE22015578	7	0	이미 늦었어. 내가 전했다는 사실에 대해 기분이 상하기도 했지만, 그 말에 더 화가 난 것 같았어. 이 사이를 되돌릴 수 없다니 평생 친구를 한순간에 잃고 말았어. 내 실수 때문에 말이야.	N	2022-08-25 01:25:54	2022-11-08 05:03:56
BE22015578	8	1	너무 걱정하기보다 이제 이런 일이 안 생기게 할 거라고 다짐하면 돼. 실수는 깨닫는 순간 더 이상 실수가 아니라는 말도 있잖아. 이렇게 후회하는 널 보면서 언니는 다시는 이런 일이 일어나지 않을 거라는 생각이 드는걸.	N	2022-08-25 01:25:54	2022-11-08 05:03:56
BE22015578	9	0	이미 나로서는 노력했지만 되돌리기 힘들다는 생각이 들고 눈물만 나. 내 곁엔 이제 아무도 남지 않을 거라는 생각이 날 너무 슬프게 해.	N	2022-08-25 01:25:54	2022-08-25 01:25:54
BE22015578	10	1	네게 필요한 건 소중한 사람들을 놓지 않는 거야. 무슨 일이 있어도 친구들을 위하는 마음만 있다면 넌 해낼 거라고 봐. 네 얘길 들으니 언니는 너희들의 긴 우정 스토리에 하나의 에피소드에 불과하다고 생각해.	N	2022-08-25 01:25:54	2022-11-08 05:03:56
BE22015578	11	0	이렇게 슬퍼할 게 아니라 진심으로 얘기를 해 봐야겠어. 언니 말처럼 눈빛만 봐도 우린 서로를 알 정도니까 그 진심도 통할 거야.	N	2022-08-25 01:25:54	2022-11-08 05:03:56
BE22015578	12	1	맞아. 너희들처럼 그렇게 서로를 소중하게 생각하는 사람들도 없을 거야. 보면서 서로를 그렇게 생각해 주는 게 얼마나 부러웠는데 그래. 넌 항상 친구들을 위하는 마음이 따뜻한 사람이니까 그 진심을 알아줄 거야.	N	2022-08-25 01:25:54	2022-11-08 05:03:56
BE22015578	13	0	고마워. 혼자 끙끙 앓았는데 언니랑 얘기하길 잘한 것 같아. 한 번 더 마음을 다해 노력해 봐야겠어. 이렇게 떠나보낼 수 없는 행복한 추억들이 많이 있으니까 말이야.	N	2022-08-25 01:25:54	2022-11-08 05:03:56
BE22015578	14	1	그래. 이렇게 네가 다시 힘내니까 언니가 너무 좋다. 고민이 생기면 언제든 나에게 기대도 돼. 항상 내가 응원하고 있을게.	N	2022-08-25 01:25:54	2022-11-08 05:03:56
BE22015578	15	0	응. 정말 고마워. 잘 얘기해서 풀어 볼게.	Y	2022-08-25 01:25:54	2022-08-25 01:25:54
