id	utterance_id	utterance_type	utterance_text	terminate	regDate	updDate
BE22014451	1	0	언니. 엄마 아직 기분 안 좋아 보이지?	N	2022-08-17 08:12:57	2022-11-08 04:56:58
BE22014451	2	1	응. 오늘따라 엄청 우울해 보이시네. 무슨 일인지 아니?	N	2022-08-17 08:12:57	2022-11-08 04:56:58
BE22014451	3	0	사실 어제 내가 엄마랑 대화하다가 욱해서 말을 좀 심하게 했거든. 그 후부턴 내가 엄마를 피하고 있어.	N	2022-08-17 08:12:57	2022-08-17 08:12:57
BE22014451	4	1	대학 문제 때문이지? 그건 너도 예민한 문제라 말이 조금 심하게 나왔나보구나. 그래서 지금 죄송하기도 하고 후회돼서 이렇게 피하는 거고.	N	2022-08-17 08:12:57	2022-11-08 04:56:58
BE22014451	5	0	엄마가 날 걱정해서 하신 말씀들일 텐데. 그 순간은 다 잔소리라고 생각해서 그런 소리를 해버린 것 같아. 나 정말 너무 후회돼.	N	2022-08-17 08:12:57	2022-11-08 04:56:58
BE22014451	6	1	그럼 먼저 엄마께 다가가는 게 어때? 네가 먼저 잘못을 구하고 대화를 시도하면 엄마도 금방 풀리실 거야. 그럼 너도 지금 후회되는 감정들이 좀더 빨리 정리되지 않겠어?	N	2022-08-17 08:12:57	2022-11-08 04:56:58
BE22014451	7	0	그럼 정말 엄마가 날 용서해주실까? 내가 엄마라면 내가 너무 미울 것 같아.	N	2022-08-17 08:12:57	2022-08-17 08:12:57
BE22014451	8	1	걱정 마. 엄마가 널 얼마나 아끼고 사랑하는지 누구보다 잘 아는 게 너잖아. 그리고 네가 한 말이 진심이 아니었을 거라는 건 나도 알겠다. 벌써 이렇게 슬퍼하잖아.	N	2022-08-17 08:12:57	2022-11-08 04:56:58
BE22014451	9	0	고마워 언니. 엄마한테 얼른 사과드려야겠어. 난 정말 진심이 아니었어.	N	2022-08-17 08:12:57	2022-11-08 04:56:58
BE22014451	10	1	나도 고3 때 같은 상황을 겪었고 그래서 네 마음이 어떤지 더 공감이 가. 너도 많이 힘들었지? 네가 나빠서 그런 행동을 한 게 아니란 걸 엄마도 아실 거야.	N	2022-08-17 08:12:57	2022-11-08 04:56:58
BE22014451	11	0	응. 난 사실 아직도 내가 어떻게 해야 될지 갈피를 못 잡겠어. 그래서 예민하게 굴었고 엄마와의 대화에서도 욱한 것 같아.	N	2022-08-17 08:12:57	2022-08-17 08:12:57
BE22014451	12	1	그래 그럴 수 있어. 그럴 땐 가족들이랑 대화도 많이 하고 미래에 대해서 생각할 시간을 갖는 것도 도움이 되더라. 언니가 늘 옆에서 도와줄 테니까 너무 우울해하지마.	N	2022-08-17 08:12:57	2022-11-08 04:56:58
BE22014451	13	0	응 언니 고마워. 언니랑 얘기하다 보니까 반성도 되고 미래에 대한 막막했던 기분도 나아진 것 같아. 엄마랑 잘 이야기하고 올게.	N	2022-08-17 08:12:57	2022-11-08 04:56:58
BE22014451	14	1	응. 저녁에 셋이서 맛있는 거 먹게 대화 잘하고 와!	Y	2022-08-17 08:12:57	2022-11-08 04:56:59
