id	utterance_id	utterance_type	utterance_text	terminate	regDate	updDate
BE22007940	1	0	내 친구들은 모든 면에서 완벽한데 나는 그러지 못한 것 같아서 너무 속상해.	N	2022-07-12 00:24:10	2022-11-08 04:15:30
BE22007940	2	1	왜 그렇게 생각해. 너도 충분히 여러 방면에서 뛰어난 아이잖아.	N	2022-07-12 00:24:10	2022-11-08 04:15:30
BE22007940	3	0	그래도 나는 못 하는 것도 많고 부족한 점도 많은걸? 친구들은 진짜 예쁘고 뭐든지 잘하거든. 친구 옆에 있으면 나 스스로가 작아지는 것 같아.	N	2022-07-12 00:24:10	2022-11-08 04:15:30
BE22007940	4	1	그런 마음 충분히 들 수 있다고 생각해. 나도 예전에 나보다 더 뛰어난 친구한테 열등감을 느껴서 나 자신이 너무 미운 적이 있었거든. 그때 눈물도 펑펑 흘렸던 것 같아.	N	2022-07-12 00:24:10	2022-11-08 04:15:30
BE22007940	5	0	응. 그래서 어제도 한바탕 울었어. 나는 왜 이렇게 못났을까 하는 생각만 들어.	N	2022-07-12 00:24:10	2022-11-08 04:15:30
BE22007940	6	1	하지만 그 친구들에게도 나름의 고민이 있을걸? 네가 보기에 완벽해 보일 수 있지만 그 친구들도 각자의 걱정이 있을 거야. 그리고 너만 그런 거라고 생각하지 않아도 될 것 같아.	N	2022-07-12 00:24:10	2022-11-08 04:15:30
BE22007940	7	0	진짜 그럴까? 하지만 나는 진짜 시도 때도 없이 나의 단점만 보이는걸.	N	2022-07-12 00:24:10	2022-11-08 04:15:30
BE22007940	8	1	한 번 너의 단점보다 장점을 위주로 더 많이 보면 어때? 너는 피부도 좋고 다른 사람의 좋은 점을 잘 찾아주잖아. 이런 너의 긍정적인 점들을 위주로 보다 보면 너에 대한 부정적인 감정이 줄어들지 않을까?	N	2022-07-12 00:24:10	2022-11-08 04:15:30
BE22007940	9	0	그런가? 하긴 내가 너무 나의 단점만 봐온 것 같기는 해. 나의 긍정적인 면도 찾아보면 많이 나올까?	N	2022-07-12 00:24:10	2022-11-08 04:15:30
BE22007940	10	1	당연히 많지. 넌 유머러스하고 성격도 밝아서 모든 사람이 널 보면 기분 좋아하잖아. 그리고 어렸을 때부터 만들기도 잘해서 상도 많이 타서 온 가족이 축하해줬던 것도 생생히 기억나는데? 넌 아주 멋지고 사랑받아 마땅한 아이야.	N	2022-07-12 00:24:10	2022-11-08 04:15:30
BE22007940	11	0	그렇게 말해줘서 고마워. 언니. 나는 이제까지 나 자신이 너무 초라하고 못났다고 생각해왔거든.	N	2022-07-12 00:24:10	2022-11-08 04:15:30
BE22007940	12	1	사람이면 당연히 그런 감정을 느낄 수 있지만 너무 그 감정에 빠져있지 마. 그런 부정적인 생각을 하고 있기에는 너는 너무 소중한 아이인걸. 아니면 오늘부터 언니랑 서로의 장점 말해주기를 해보면 어때?	N	2022-07-12 00:24:10	2022-11-08 04:15:30
BE22007940	13	0	좋아. 언니 덕분에 나의 장점에 대해 알아갈 수 있을 것 같아. 고마워.	N	2022-07-12 00:24:10	2022-11-08 04:15:30
BE22007940	14	1	그래. 오늘부터 바로 시작하자. 항상 사랑해, 내 동생.	Y	2022-07-12 00:24:10	2022-11-08 04:15:30
