id	utterance_id	utterance_type	utterance_text	terminate	regDate	updDate
BE22017476	1	0	누나, 요즘 악착같이 살고 싶다거나 내일이 기대된다거나 하는 생각이 전혀 안 들어. 그렇다고 지친 것도 아니고, 그냥 의지가 사라진 느낌에 하염없이 눈물만 흘러. 멈춰버린 시간 속에서, 세월이 잘 안 가는 것 같아.	N	2022-09-08 01:55:42	2022-11-08 05:15:36
BE22017476	2	1	요즘 힘든 일 있었니? 네 마음이 힘들어하는 문자를 받으니까 누나가 많이 걱정스럽구나.	N	2022-09-08 01:55:42	2022-11-08 05:15:36
BE22017476	3	0	어제와 오늘이 다르지 않고, 나만 혼자 도태된 기분에 마음이 서글퍼져. 시간의 흐름조차 인지하지 못할 만큼, 생에 대한 활력을 잃은 기분이야.	N	2022-09-08 01:55:42	2022-09-08 01:55:42
BE22017476	4	1	무조건 직진하던 사람들도 가끔은 인생에 브레이크가 걸리는 때가 오기도 한다더라. 네 마음이 바로 그 시기가 아닌가 싶은 생각이 드는구나. 네 마음은 지금 어떻니, 괜찮은 거니?	N	2022-09-08 01:55:42	2022-11-08 05:15:36
BE22017476	5	0	다른 사람들의 삶은 다채롭게 채워지는데 나는 깜깜한 어둠 속에, 흐르지 않는 세월에 갇혀있어. 발전이 없이 언제나 똑같은 일상에, 점점 텅텅 비어가는 나 자신을 보면 너무 우울해. 내가 무엇을 좋아하는지, 하고 싶은지, 뭘 느끼는지를 마땅히 표현할 수조차 없어.	N	2022-09-08 01:55:42	2022-09-08 01:55:42
BE22017476	6	1	이러지도 저러지도 못하는 상황에 네가 얼마나 두렵고 슬픈 마음일까. 혼자서 버티는 게 정말 고통스러웠을 것만 같아서, 누나가 옆에서 토닥여주고 싶은 마음이 드는구나. 그동안 그 무거운 마음을 어떻게 감당하고 있었니, 정말 고생했고 힘내라 말해주고 싶어.	N	2022-09-08 01:55:42	2022-11-08 05:15:36
BE22017476	7	0	하지만 힘이 나질 않아, 어떤 것에 몰입하고 집중해야 하는지 갈피를 못 잡겠어. 뭔가 건너뛴 것 같은데 그게 뭔지 감조차 잡히지 않아. 여전히 같은 자리에서, 길을 잃은 듯 방황하고 있는 내가 너무 비참해.	N	2022-09-08 01:55:42	2022-09-08 01:55:42
BE22017476	8	1	우선은 네가 건너뛴 그게 뭔지 알아야 네 불안함도 슬픔도 해소될 것으로 보여. 겁이 나겠지만 마음이 여전히 답답하다면, 스스로 마주 볼 용기를 내보면 어떨까? 자기 자신을 알아가려는 용기가, 진정한 너를 마주 보는 아주 가치 있는 일이 될 수 있단다.	N	2022-09-08 01:55:42	2022-11-08 05:15:36
BE22017476	9	0	채우기 위해 몰입해야 한다는 강박이 나를 더 슬프게 했어, 그렇지 않으면 다 무의미하니까. 솔직히 말하면 성취하기 위해 집중해야 한다는 일련의 과정들이 내겐 너무 버겁고 부담스러웠어. 기대치에 도달할 수 없는 나 자신이, 뒤처진 것 같고 멈춘 듯한 느낌에 슬픔이 밀려오더라고.	N	2022-09-08 01:55:42	2022-11-08 05:15:36
BE22017476	10	1	보잘것없는 시간 같아도 자세히 보면 모든 순간순간이 오늘의 너를 만든 의미 있는 날들이었어. 지나간 시간이 완벽하지는 않았어도 앞으로 올 새로운 시간은 반갑게 너를 환영할 거야. 방법이 서툴더라도 포기하지 않는 너였잖아, 잘 견뎠고 버텼고 그것이면 충분하단다.	N	2022-09-08 01:55:42	2022-11-08 05:15:36
BE22017476	11	0	누나가 그렇게 따뜻하게 내게 말해주니 내 마음이 한결 나아지고, 챙겨주는 기분이 들어. 내 시간을 나아가게 하려는 건 결국 과거의 시간을 용서하고 다시 나아갈 오늘의 용기인 거네. 누나 덕분에 다시 한번 일어날 희망을 품어봐도 좋겠다는 생각이 들어, 정말 고마워.	N	2022-09-08 01:55:42	2022-11-08 05:15:36
BE22017476	12	1	네 마음이 조금이라도 편해졌다면 누나도 안심이야. 삶을 새롭게 꾸미는 즐거움이 네게도 신선한 기운을 불어넣어 주길 바라. 슬픔에 허우적대던 번잡한 마음에서 벗어나 새로운 기쁨으로 나아가길 응원할게.	N	2022-09-08 01:55:42	2022-11-08 05:15:36
BE22017476	13	0	포기하고 회피하는 순간 나는 멈춰버린다는 걸 덕분에 깨달았어. 물론 모든 게 내 뜻대로 흘러가지도 않겠지만 성급하게 마음먹지도 않을게. 나를 움직일 수 있는 건, 오직 나뿐이라는 한 줄기 빛을 본 것 같아.	N	2022-09-08 01:55:42	2022-11-08 05:15:36
BE22017476	14	1	언제든지 앞이 캄캄해서 버틸 수 없다고 느낄 땐 누나한테 기대도 좋아. 누나가 상황을 해결해주진 못하겠지만 언제나 네 마음의 지지대 같은 역할은 해주고 싶어. 우리 함께 극복하고 나아가보자.	Y	2022-09-08 01:55:42	2022-11-08 05:15:36
