id	utterance_id	utterance_type	utterance_text	terminate	regDate	updDate
BE22018156	1	0	누나, 나도 이제 늙었나 봐. 학교 생활하기가 쉽지 않아서 너무 우울해.	N	2022-09-14 06:38:33	2022-11-08 05:19:42
BE22018156	2	1	전역하고 복학해서 낯선 환경에 아직 어색해서 그런 거 아닐까? 조금 시간이 흐르면 차차 괜찮아질 거야.	N	2022-09-14 06:38:33	2022-09-14 06:38:33
BE22018156	3	0	아니 어제 신입생 OT가 있어서 나도 참석해서 게임을 하는데 쉽지 않더라고. 예전엔 그래도 제법 잘했었는데 한물간 나를 보니까 슬픈 거 있지?	N	2022-09-14 06:38:33	2022-11-08 05:19:42
BE22018156	4	1	어디서도 밝고 적응 잘하는 너라서 이런 상황에 더 어깨가 축 처졌을 수도 있겠다. 알던 게임은 나오지 않고 모르는 새로운 게임이 쏟아지니 얼마나 난감하고 우울했겠어. 기운 빠져 있을 너를 생각하니 누나도 마음이 적적하네.	N	2022-09-14 06:38:33	2022-11-08 05:19:42
BE22018156	5	0	정말 모르는 게임만 가득한데 설명도 없고, 하는 방법 알아내는데 한참을 눈치 봐야 했어. 내가 여기서 이렇게까지 해야 하나라는 생각에 눈물이 차오르더라고.	N	2022-09-14 06:38:33	2022-09-14 06:38:33
BE22018156	6	1	어떤 환경에서도 잘 버텨내는 너였는데 눈물이 날 것 같다고 하니까 누나가 속상하네. 그 자리가 얼마나 마음이 어렵고 불편했으면 네가 이렇게까지 슬픔을 느끼겠어. 하지만 매번 다 즐거운 자리만 있을 수는 없는 것 같아.	N	2022-09-14 06:38:33	2022-11-08 05:19:42
BE22018156	7	0	물론 그렇지만 일단 마음이 너무 답답하고 막힌 기분이었어. 그리고 답답하니까 우울한 감정과 슬픔이 밀려오더라고.	N	2022-09-14 06:38:33	2022-09-14 06:38:33
BE22018156	8	1	네가 어느 자리에서나 늘 잘하는 모습을 보여주려다 보니 부담감이 커서 더 그랬나 보다. 어느 곳에서 나 책임감을 갖고 이끌려는 모습이 늘 멋지다고 생각해. 하지만 어디서나 잘 보여야겠다는 마음의 중압감을 내려둘 때 네 마음도 한결 편해질 거야.	N	2022-09-14 06:38:33	2022-11-08 05:19:42
BE22018156	9	0	내가 선배다 보니 누나 말대로 알게 모르게 마음에 중압감이 있었던 것 같아. 그러니까 뭐든 잘 해내고 싶은 욕심에 슬픈 것을 테고 말이야.	N	2022-09-14 06:38:33	2022-11-08 05:19:42
BE22018156	10	1	가끔은 부족한 부분을 보일 때도 있어도 돼. 어디에서든 완벽하게 보이려 노력하는 건 때론 내 마음을 못 돌보게 되는 일이기도 하더라. 남들에게 잘 보이려고 내 마음마저 슬픔으로 몰아넣을 필요는 없어.	N	2022-09-14 06:38:33	2022-11-08 05:19:42
BE22018156	11	0	그러게, 어쩌면 남을 의식하느라 내 마음은 살피지 못했던 것 같아. 가끔은 부족한 나도 인정해야 하는데 말이야. 이제라도 내 마음을 살펴줘야겠어.	N	2022-09-14 06:38:33	2022-11-08 05:19:42
BE22018156	12	1	네가 조금은 마음을 가다듬은 것 같아 다행이다. 너의 마음을 돌보는 시간을 가지면 어떤 자리에서도 상황에서도 의연해질 수 있을 거야.	N	2022-09-14 06:38:33	2022-11-08 05:19:42
BE22018156	13	0	위로와 조언 고마워 누나. 항상 나에게 힘이 되는 말들을 해주는 누나가 있어서 너무 다행이야.	N	2022-09-14 06:38:33	2022-11-08 05:19:42
BE22018156	14	1	나도 서로 위로하고 마음을 나눌 수 있는 동생이 있다는 게 얼마나 든든한지 몰라. 네 마음이 단단해지길 응원할게!	Y	2022-09-14 06:38:33	2022-11-08 05:19:42
