id	utterance_id	utterance_type	utterance_text	terminate	regDate	updDate
BE22013622	1	0	형, 나 올해로 이 회사 다닌 지 5년이다. 하고 싶었던 일 새로 시작하고 싶어.	N	2022-08-09 10:22:13	2022-11-08 04:51:37
BE22013622	2	1	혹시 지금 배우고 있는 커피 쪽으로 말이야? 너도 사업장 차리는 게 꿈이니?	N	2022-08-09 10:22:13	2022-08-09 10:22:13
BE22013622	3	0	크게 꾸자면 나도 내 가게를 차리고 싶어. 그래서 퇴사하고 싶은데 아직도 갚아야 하는 대출금이 많아. 내 꿈은 이루어질 수 없는 건지 눈물이 나.	N	2022-08-09 10:22:13	2022-11-08 04:51:37
BE22013622	4	1	새로운 시작도 좋지. 꿈을 위해 퇴사하고 싶은 마음도 이해가 가. 대출금 때문에 앞길이 막막한 심정인 거지?	N	2022-08-09 10:22:13	2022-11-08 04:51:37
BE22013622	5	0	맞아. 무작정 퇴사하면 해결되는 일이 없잖아. 사실 오롯이 꿈을 위해 시간 투자를 하고 싶은데 여러 가지 여건이 어려워. 대출금 생각만 해도 마음이 쓰라려.	N	2022-08-09 10:22:13	2022-11-08 04:51:37
BE22013622	6	1	5년이란 시간도 꽤 긴 시간이지. 그래 꿈만 생각하기엔, 마음이 많이 무거울 거 같아. 발목 잡힌 듯한 네 심정이 얼마나 속상할지 알 거 같아서 나도 마음이 아프네.	N	2022-08-09 10:22:13	2022-11-08 04:51:37
BE22013622	7	0	응, 정말 언제까지 이렇게 살아야 할지 암담한 심정이야. 눈 감고 퇴사해 볼까 몇 번이나 고민했는데 결국 아직까지도 회사를 다니고 있어.	N	2022-08-09 10:22:13	2022-11-08 04:51:37
BE22013622	8	1	너같이 신중한 얘가 엄청 고민했음에도 당장에 대출금 때문에 그만두기가 너무 힘들지? 아마 누구나 대출금에 대한 부담감은 상당할 거야. 얼마나 고민되고 힘들 지 그 심정이 이해 가.	N	2022-08-09 10:22:13	2022-11-08 04:51:37
BE22013622	9	0	당장 대출금 생각하면 퇴사가 어렵고, 하지만 내 마음은 이미 사직서 제출까지 완료인 상태야. 그래도 형이 내 마음을 알아주니 다행이야.	N	2022-08-09 10:22:13	2022-08-09 10:22:13
BE22013622	10	1	네가 하고 싶은 꿈을 빨리 이루고 싶은 마음은 정말 이해해. 하지만 조급해질수록 네 마음은 더 조급해지고 여유가 없어질지도 몰라. 조금은 네 꿈을 위한 시간을 기다려보는 건 어때?	N	2022-08-09 10:22:13	2022-11-08 04:51:37
BE22013622	11	0	형 말이 맞아. 내가 퇴사에 대해 생각해보고 나서 마음이 다급해지더라. 대출금이 더 심적으로 부담스럽게 느껴지기도 했어.	N	2022-08-09 10:22:13	2022-11-08 04:51:37
BE22013622	12	1	그래. 급하게 생각하지 말고 지친 마음부터 치유해보자. 그리고 꿈을 위해 네 퇴근 시간을 활용해 보는 거야.	N	2022-08-09 10:22:13	2022-11-08 04:51:37
BE22013622	13	0	고마워. 퇴사랑 대출금 생각만 해도 내 가슴이 답답해졌거든. 형 말 듣고 보니 마음의 여유가 다시 생길 수 있을 거 같아. 내가 대출금 때문에 많이 지쳤었나 봐.	N	2022-08-09 10:22:13	2022-11-08 04:51:37
BE22013622	14	1	그래. 너의 꿈도 중요하지만 지금도 중요하다 생각해. 퇴사하면 물론 좋지, 근데 잠깐뿐일 거야. 천천히 일하면서 같이 꿈을 실행하는 거 열정만 있다면 충분히 넌 할 수 있어.	N	2022-08-09 10:22:13	2022-11-08 04:51:37
BE22013622	15	0	맞아. 지금 당장 퇴사한다고 꿈을 바로 이룰 수 있는 것도 아닌 거 같아. 형의 조언과 격려 덕분에 나 다시 힘내서 잘 할 수 있을 거 같아. 정말 고마워.	Y	2022-08-09 10:22:13	2022-08-09 10:22:13
