id	utterance_id	utterance_type	utterance_text	terminate	regDate	updDate
BE22017726	1	0	형, 요즘 심신이 너무나 고달프고 괴로워서 정말 서글퍼. 할 일은 산더미처럼 쌓여가는데 내가 그걸 처리할 수 있는 상태가 아니란 걸 요즘 느껴. 특히나 기억력 관련해서 좀 문제가 생긴 게 아닐까 싶어서 우울해.	N	2022-09-11 23:43:33	2022-09-11 23:43:33
BE22017726	2	1	갑자기 힘들어하는 네 문자라니, 회사에서 무슨 일이 있는 거야? 혼자 괴로워하지 말고 나한테 털어놔 봐, 같이 나눌 수 있는 문제일 수도 있잖아.	N	2022-09-11 23:43:33	2022-11-08 05:17:10
BE22017726	3	0	요즘 일이 너무 바빠, 몸은 하나인데 처리해야 할 일들은 한꺼번에 수십 개씩 내게 떨어져. 이거 하랴, 저거 하랴 정신이 하나도 없는데 내가 어떻게 사는지 모르겠어. 특히나 요새는 5분 전에 말한 것도 기억이 나질 않는데, 지치고 눈물만 나.	N	2022-09-11 23:43:33	2022-09-11 23:43:33
BE22017726	4	1	저런, 요즘 들어서 일이 그렇게나 많은 거니? 언제나 파이팅을 외치며 극복해 나갔던 나인데 지금처럼 울적해 있는 모습은 처음이라 너무 걱정스럽네.	N	2022-09-11 23:43:33	2022-11-08 05:17:10
BE22017726	5	0	1시간에 맡아서 처리해야 할 업무가 너무 많다 보니까, 자신도 정신이 분산되고 집중할 수가 없어. 여러 일을 처리하다가 어느 순간엔 내가 뭘 했는지도, 무슨 말을 했는지도 기억이 안 나더라. 자꾸만 잊어서 실수하게 되는 데 너무 비참하고 절망스러워.	N	2022-09-11 23:43:33	2022-11-08 05:17:10
BE22017726	6	1	생각대로 상황이 따라주지 못해서 괴로워하는 네 마음이 얼마나 침통할지, 나도 마음이 아파. 네가 모든 걸 다 잘 해내야 한다는 책임감이 너무 강해서 신경 쓸 게 많았나 보다.	N	2022-09-11 23:43:33	2022-11-08 05:17:10
BE22017726	7	0	자꾸 깜빡하고 기억하지 못하니까 업무 시간도 두 배나 걸려서 효율성이 점점 떨어져. 내가 쓸모없는 사람이 된 것 같아서 요즘 점점 주눅 들고 회사도 나가기 싫어져. 시시때때로 찾아오는 자괴감을 견디는 게 너무 막막하고 두렵고 슬퍼.	N	2022-09-11 23:43:33	2022-11-08 05:17:10
BE22017726	8	1	힘든 순간에도 맡은 일은 무조건 성실하게 책임지려는 네 모습이 눈에 선하게 보이네. 자꾸만 잊어버리는 게 얼마나 우울하고, 혼자서 부족해 보이는 그런 부분을 채우려고 네가 고생했을까. 버겁겠지만, 이미 너의 노력은 충분하니 너무 괴로워하지 않아도 돼.	N	2022-09-11 23:43:33	2022-11-08 05:17:10
BE22017726	9	0	한때는 그 누구보다 나도 반짝거리며 빛났던 생기 넘치던 시절도 있었지. 그런데 지금 내 모습을 보면, 그냥 초라하고 실수투성이에 무능력한 사람만 남아있는 것 같아. 이런 나 자신이 너무 불쌍해서 마음이 저리고 아파져.	N	2022-09-11 23:43:33	2022-09-11 23:43:33
BE22017726	10	1	지금도 너는 귀한 사람이야. 너는 반드시 앞으로도 피어날 거고, 나아질 거고, 좋아져서 모든 게 잘될 거야. 물론 세상에 쉬운 것은 없지만, 못 할 것도 없고 너는 다 할 수 있어.	N	2022-09-11 23:43:33	2022-11-08 05:17:10
BE22017726	11	0	형, 내게 그렇게 말해주다니 정말 감동이야. 사실 혼자서 눈물만 뚝뚝 흘리면서 우울한 몇 날 며칠 보내고 있었는데 정말 힘이 난다. 슬픔으로 가득 차서 허한 마음이 형 덕분에 위로받고 따뜻하게 채워지는 것 같아.	N	2022-09-11 23:43:33	2022-09-11 23:43:33
BE22017726	12	1	형이 옆에서 같이 있으면서 힘이 되어줘야 하는데 그렇지 못해서 오히려 미안해. 하지만 네가 어렵고 버거워서 견디기 힘든 순간이 온다면 언제든 형은 널 도울 거야. 자꾸만 기억이 안 나서 실수하는 순간에도 너 스스로 확신을 버리지 마.	N	2022-09-11 23:43:33	2022-11-08 05:17:10
BE22017726	13	0	나한테 어떤 상황에서든 나를 지지해 주는 형이 있어서 정말 고맙고 다행이야. 내가 정신이 없다 보니까 스스로에 대해서 자꾸 위축되고 우울했는데, 다시 이겨낼 힘이 생겨. 나는 이대로 나를 놓지 않을 거야, 형 말처럼 다시 한번 의지를 갖고 극복해 볼게.	N	2022-09-11 23:43:33	2022-11-08 05:17:10
BE22017726	14	1	그래, 위기는 언제나 우리 곁에 있지만 가까이 있기에 금방 또 넘을 수 있을 거야. 혼자서 힘에 부친다면, 나와 함께 이겨 내보자. 혼자보단 둘이 나은 순간에 언제든 내게 연락하렴.	Y	2022-09-11 23:43:33	2022-11-08 05:17:10
