id	utterance_id	utterance_type	utterance_text	terminate	regDate	updDate
BE22018504	1	0	누나, 오늘 회사 직원들이 단체로 양로원에 봉사활동을 갔다 왔어요. 나이 드신 분들을 보니 돌아가신 아버지 생각이 나서 슬펐어요. 살아 계실 때는 아버지를 미워하기도 했었는데 그런 마음이 다 사라지는 심리적인 변화를 느꼈어요.	N	2022-09-16 06:13:59	2022-09-16 06:13:59
BE22018504	2	1	노인 분들을 보면 나도 아버지 생각에 괜히 코끝이 찡하더라. 아버지는 고생만 하시다 우리한테 효도도 못 받고 돌아가셔서 너무 마음이 아파. 아버지에 대해 네가 느낀 감정의 변화가 충분히 이해된다.	N	2022-09-16 06:13:59	2022-09-16 06:13:59
BE22018504	3	0	아버지 생전에는 무능력한 모습이 그저 밉기만 했었어요. 그런데 양로원 노인들을 보고, 나이 들어서 경제적 능력이 없다는 건 슬픈 일이라는 걸 깨달았어요. 아버지도 삶이 너무 힘드셨겠다는 생각이 들면서 마음이 슬펐어요.	N	2022-09-16 06:13:59	2022-09-16 06:13:59
BE22018504	4	1	이제라도 네가 아버지에 대한 마음을 바꿨다니 여간 다행스러운 일이 아니다. 봉사활동에서 그런 깨달음을 얻는 너에게 감탄을 금치 못하겠어. 돌아가신 아버지도 이 사실을 알면 흐뭇해하실 거야.	N	2022-09-16 06:13:59	2022-11-08 05:21:50
BE22018504	5	0	아버지가 돌아가신 뒤에야 이런 생각을 하는 내가 속상했어요. 그곳에 계신 분들은 자식들을 위해 애썼지만 결국 초라하게 버려졌어요. 아버지도 살아 계셨으면 저곳에 계셨을까 하는 생각이 들면서 마음이 슬펐어요.	N	2022-09-16 06:13:59	2022-09-16 06:13:59
BE22018504	6	1	아버지는 안 계신데 생기지도 않은 일을 상상하며 슬퍼하지 않았으면 좋겠어. 그리고 그곳에 계신 어른들 중 스스로 원해서 온 사람도 있을 테니 마음 아파하지 마. 누구나 사정이 있는 거라고 이해하면 마음이 편해질 거야.	N	2022-09-16 06:13:59	2022-11-08 05:21:50
BE22018504	7	0	자식들이 효성스러웠으면 모시고 살았을 거고, 경제적 여유가 있으면 시설 좋은 사설 양로원에 가셨겠지요. 결국 돈도 없고 자식들도 나 몰라라 해서 그런 곳에 오신 거니 슬픈 거지요. 우리 아버지도 그러지 말란 법이 없으니 슬픈 거지요.	N	2022-09-16 06:13:59	2022-09-16 06:13:59
BE22018504	8	1	아버지가 살아 계셨으면 우리가 잘 모셨을 거라고 생각했으면 좋겠어. 그리고 양로원에 계신 어른들도 나름 행복할 거라 믿고 마음을 편히 가지기 바란다. 봉사활동으로 좋은 일을 하고 왔는데 그런 생각으로 슬퍼하는 게 너무 안타깝다.	N	2022-09-16 06:13:59	2022-11-08 05:21:50
BE22018504	9	0	양로원에 계신 어른들도 행복을 느끼신다는 말씀이에요? 우리를 보고 너무 반가워하시는 걸 보고 저는 오죽 외로웠으면 저러실까, 그런 생각이 들었어요. 그래서 마음이 더 슬펐던 거예요.	N	2022-09-16 06:13:59	2022-11-08 05:21:50
BE22018504	10	1	양로원에 사시는 분들은 그곳에서 서로 정을 나누며 오손도손 사시는 거니 네가 슬퍼할 필요는 없어. 그래도 네가 그곳에서 아버지에 대한 마음에 변화를 느꼈다니 난 큰 소득을 얻은 것 같아. 그걸 생각하고 마음을 달래기 바란다.	N	2022-09-16 06:13:59	2022-11-08 05:21:50
BE22018504	11	0	누나 말을 듣고 생각해 보니 맞는 소리네요. 그곳에 다녀온 뒤 아버지를 생각할 때 예전과 달리 마음이 편안했어요. 이젠 미움이나 슬픔 없이 좋은 기억으로 아버지를 떠올릴 수 있을 것 같아요.	N	2022-09-16 06:13:59	2022-11-08 05:21:50
BE22018504	12	1	젊은 사람이 보기에 나이가 들면 인생이 다 슬플 것 같은데 꼭 그렇지 않다고 생각해라. 그 나름의 행복이 있을 거라고 믿으면 마음도 훨씬 푸근해질 거야. 아버지도 어렵게 사셨지만 또 나름 좋은 날도 많았을 거라 믿고 마음을 달래기 바란다.	N	2022-09-16 06:13:59	2022-11-08 05:21:50
BE22018504	13	0	저희가 드린 작은 선물에도 기뻐하는 모습이 저는 결핍을 드러낸 거라 생각해 슬펐었어요. 그런데 누나 말을 들으니 다시 생각이 바뀌네요. 누나 말대로 아버지 역시 우리를 키우며 행복하셨다 생각하고 마음을 달래야겠어요.	N	2022-09-16 06:13:59	2022-09-16 06:13:59
BE22018504	14	1	이제야 네가 아버지 마음을 제대로 이해한 것 같아 나도 기분이 좋다. 네가 아버지 나이가 되면 훨씬 현명한 어른이 되어 있을 것 같아 흐뭇하다. 아버지 역시 하늘나라에서 기뻐하실 테니 이제 슬픈 생각은 하지 말기 바란다.	N	2022-09-16 06:13:59	2022-11-08 05:21:50
BE22018504	15	0	아버지에 대해 슬픔과 죄책감을 느꼈었는데 누나가 그렇게 말해줘서 다 풀렸어요. 역시 누나랑 얘기하길 잘했다는 생각이 들어요. 덕분에 마음이 풀려서 너무 감사해요.	Y	2022-09-16 06:13:59	2022-11-08 05:21:50
