id	utterance_id	utterance_type	utterance_text	terminate	regDate	updDate
BE22000734	1	0	형. 나 이제 어떻게 살아야 할지 감이 안 잡힌다.	N	2022-06-13 07:31:20	2022-11-08 03:29:00
BE22000734	2	1	회사에서 안 좋은 일 있었던 거야?	N	2022-06-13 07:31:20	2022-11-08 03:29:00
BE22000734	3	0	아니. 이번에 주식으로 전 재산을 그냥 다 날려 먹었어.	N	2022-06-13 07:31:20	2022-11-08 03:29:00
BE22000734	4	1	잘살아 보려고 한 건데 그렇게 됐다니 말도 제대로 안 나올 지경이겠다.	N	2022-06-13 07:31:20	2022-11-08 03:29:00
BE22000734	5	0	응. 그래서 형한테 겨우겨우 말하는 거야. 나 이제... 회생 불가능이겠지. 머릿속이 암전된 것 같아.	N	2022-06-13 07:31:20	2022-11-08 03:29:00
BE22000734	6	1	네가 지금은 앞이 칠흑같이 깜깜해 보이겠지만 넌 분명 회생할 수 있어.	N	2022-06-13 07:31:20	2022-11-08 03:29:00
BE22000734	7	0	내가? 돈이 한 푼도 없는 내가 말이야? 말도 안 돼서 헛웃음 나와.	N	2022-06-13 07:31:20	2022-11-08 03:29:00
BE22000734	8	1	진짜 넌 될 애라 다시 웃을 수 있다니까. 우리 어릴 적에 돈 없을 때 너 밥도 하루에 한 끼만 먹고 열심히 공부했잖아. 그때 이 악물고 해내서 지금 회사도 들어간 거 아냐.	N	2022-06-13 07:31:20	2022-11-08 03:29:00
BE22000734	9	0	그땐 그랬지만 지금은 내가 그럴 힘이 남아 있을까. 가만히 앉아 있어도 세상이 빙빙 도는 것 같은데.	N	2022-06-13 07:31:20	2022-11-08 03:29:00
BE22000734	10	1	비틀대는 느낌이겠지만 한번 위기를 극복한 사람은 또 일어날 수 있잖아. 내가 장담할게.	N	2022-06-13 07:31:20	2022-11-08 03:29:00
BE22000734	11	0	정말 고마워 형. 눈물 날 것 같다. 그럼 내가 지금 뭐부터 하면 좋을까?	N	2022-06-13 07:31:20	2022-11-08 03:29:00
BE22000734	12	1	우선 회사 뼈 빠지도록 열심히 다니고 있어. 승진해야 월급도 오르지. 당장 급한 돈은 내가 메꿔줄게.	N	2022-06-13 07:31:20	2022-11-08 03:29:00
BE22000734	13	0	형... 고맙다는 말 말고는 어떤 말로도 형용이 안 된다. 마음이 한결 놓여. 하지만 형한테만 의지하지 않고 내가 벌인 일이니까 한번 책임져볼게.	N	2022-06-13 07:31:20	2022-11-08 03:29:00
BE22000734	14	1	그래! 이제야 씩씩한 내 동생답다. 안 좋은 생각 들 때면 연락해. 내가 가서 어깨 빌려줄게.	N	2022-06-13 07:31:20	2022-11-08 03:29:00
BE22000734	15	0	알겠어, 형. 형 같은 사람이 우리 형이라 고마워서 마음이 따뜻해져.	Y	2022-06-13 07:31:20	2022-11-08 03:29:00
