id	utterance_id	utterance_type	utterance_text	terminate	regDate	updDate
BE22015248	1	0	형, 나 집이 너무 더러운데 치울 엄두가 안 나서 손도 못 대고 있어. 이런 현실이, 너무 슬프다.	N	2022-08-23 01:52:01	2022-08-23 01:52:01
BE22015248	2	1	네가 많이 힘들구나. 혼자 된 지 얼마 되지 않아 몸도 마음도 힘든 거겠지.	N	2022-08-23 01:52:01	2022-11-08 05:01:54
BE22015248	3	0	응, 아내가 떠나간 뒤로 아무 의욕도 나지 않아. 집안 여기저기 추억이 살아 있는데, 아내가 곁에 없다는 게 내 가슴을 저리게 해.	N	2022-08-23 01:52:01	2022-08-23 01:52:01
BE22015248	4	1	왜 안 그렇겠니? 십 년 넘게 함께 살아온 가족인데, 그런 가족이 떠났으니 그 심정이 오죽하겠어? 나 같아도 청소고 뭐고, 슬픔에 빠져 무기력해졌을 거야.	N	2022-08-23 01:52:01	2022-11-08 05:01:54
BE22015248	5	0	가족이니까 영원히 함께할 줄 알았는데, 그 사람은 그게 아니었나 봐. 아내가 짐을 꾸려 나간 빈자리를 볼 때마다, 가슴속에 찬 바람이 부는 것 같아. 가슴이 아려서 견딜 수 없어.	N	2022-08-23 01:52:01	2022-11-08 05:01:54
BE22015248	6	1	사랑하는 사람의 빈 자리가 너를 계속 아프게 하는구나. 어쩌면 너는 그 빈자리들이 허전해 그 자리를 쓰레기로 채우는지도 모르겠다.	N	2022-08-23 01:52:01	2022-11-08 05:01:54
BE22015248	7	0	추억이 묻은 공간을 보는 게 힘겨워, 차라리 쓰레기로 뒤덮인 집을 보는 게 마음 편했지. 그런데 오늘 아침 더러운 집을 보니 내가 한심스러운데, 치울 엄두도 안 나 속상했어. 이런 나, 너무 한심하지?	N	2022-08-23 01:52:01	2022-08-23 01:52:01
BE22015248	8	1	한심하긴. 아직 네 마음도 정리되지 않았으니, 주변 정리를 하기 힘든 게 당연하지. 시간이 흐르고 네가 마음을 추스를 때쯤, 자연스럽게 청소도 하게 될 거야.	N	2022-08-23 01:52:01	2022-11-08 05:01:54
BE22015248	9	0	그랬으면 좋겠다. 그런데 지금 같아서는 그런 날이 올까 싶어. 손 하나 까딱하기도 버거워서.	N	2022-08-23 01:52:01	2022-08-23 01:52:01
BE22015248	10	1	아직 이별의 슬픔에 빠져 있으니 그렇겠지. 언젠가 네 마음이 움직여, 청소하고 싶다는 생각이 들 때가 올 거야. 그때를 기다리며, 조금 더 쉬는 것도 좋을 것 같은데.	N	2022-08-23 01:52:01	2022-11-08 05:01:54
BE22015248	11	0	응, 내가 아직 힘들기는 한가 봐. 슬픔의 바다에서 허우적거리는 것처럼, 몸과 마음을 가눌 수 없네. 언젠가는 슬픔의 바다에서 빠져나올 날도 오긴 할까?	N	2022-08-23 01:52:01	2022-11-08 05:01:54
BE22015248	12	1	그럼, 어쩌면 오늘 너는 슬픔에서 빠져나올 준비를 했는지도 몰라. 그동안 슬픔에만 푹 빠져 있던 네가, 주변을 둘러보고 더러운 집을 변화시킬 생각을 했잖아. 오늘을 계기로 새로운 삶이 시작된다 생각하면, 좀더 힘낼 수 있을 거야.	N	2022-08-23 01:52:01	2022-11-08 05:01:54
BE22015248	13	0	듣고 보니 그러네. 정말 내 마음이 조금씩 슬픔에서 벗어날 준비 중인 거면 좋겠다. 내일은 오늘보다 조금 더 의욕적으로 하루를 보내고 싶어.	N	2022-08-23 01:52:01	2022-11-08 05:01:54
BE22015248	14	1	응, 그렇게 될 거야. 너는 워낙 삶에 대한 열정과 의지가 강하잖아. 이번 슬픔을 떨치고 나면, 기쁘게 웃는 날이 더 많아질 거라고 믿어.	N	2022-08-23 01:52:01	2022-11-08 05:01:54
BE22015248	15	0	좋은 말 고마워, 형. 형 덕분에 가슴속 슬픔이 꽤 걷힌 느낌이야. 조만간 내 마음 정리가 끝나면, 깨끗해진 집에 형을 꼭 초대할게.	Y	2022-08-23 01:52:01	2022-11-08 05:01:54
