id	utterance_id	utterance_type	utterance_text	terminate	regDate	updDate
BE22018203	1	0	난 다이어트를 몇 년째 하고 있지만, 치팅데이만 되면 갑자기 폭식하곤 해. 치팅데이를 한번 할 때마다 몇 킬로그램씩 늘어서 스트레스가 너무 커. 반복되는 폭식에 난 지치고 너무 슬퍼.	N	2022-09-14 09:55:43	2022-11-08 05:20:07
BE22018203	2	1	네가 어릴 적부터 살로 인한 스트레스가 많았잖아. 먹고 싶은 걸 참다 보니 폭식하곤 하는 것 같아. 힘들게 살을 뺐는데, 몸무게가 늘어날 때마다 네가 얼마나 속상할지 이해가 돼.	N	2022-09-14 09:55:43	2022-11-08 05:20:07
BE22018203	3	0	어제 치팅데이를 해서, 치킨이랑 피자를 시켰거든. 치킨 반 마리에, 피자 두 조각만 먹으려고 했는데 다 먹어버렸어. 내가 혼자서 그 많은 양을 다 먹은 게 자괴감이 들어서 슬퍼.	N	2022-09-14 09:55:43	2022-09-14 09:55:43
BE22018203	4	1	넌 평소에 간식을 아예 안 먹고, 하루 세 끼를 먹는 게 다잖아. 네가 정한 하루에만 음식을 많이 먹는 거니까 너 자신에게 더 관대해져도 좋을 듯해. 음식을 먹으면서 자괴감을 느낄 널 생각하니 언니까지 속상하다.	N	2022-09-14 09:55:43	2022-11-08 05:20:08
BE22018203	5	0	나처럼 살이 많이 찐 사람들은 자괴감을 안 느낄 수가 없어. 나도 날씬하게 태어났다면 이런 괴로움을 안 느껴도 됐을 텐데. 나도 마음껏 음식도 먹고, 다이어트도 그만하고 싶은데 그럴 수가 없어.	N	2022-09-14 09:55:43	2022-09-14 09:55:43
BE22018203	6	1	언니가 봤을 땐 살찐 너의 모습도 정말 귀엽고 사랑스러워. 중요한 건 외모만이 아니라고 생각해. 너한테 있는 내면의 따뜻한 마음과 착한 마음은 그 어떤 것보다 특별하고 소중해.	N	2022-09-14 09:55:43	2022-11-08 05:20:08
BE22018203	7	0	그렇지만, 세상은 외모 중심으로 돌아가잖아. 날씬하고 외모가 보기 좋은 사람들이 더 인정받고 대접받잖아. 그에 비하면 난 볼품없고 살이 많이 쪘다는 생각에 우울하고 슬퍼서 눈물만 나.	N	2022-09-14 09:55:43	2022-09-14 09:55:43
BE22018203	8	1	그 누가 뭐라 해도 언니는 널 정말 소중하게 생각하고 사랑해. 너도 너 자신을 좀더 사랑하고 긍정적으로 바라본다면, 네가 느끼는 슬픔도 가라앉을 거라 생각해. 너의 있는 그대로의 가치를 인정하고 존중한다면 너의 삶이 더 행복할 거라 확신해.	N	2022-09-14 09:55:43	2022-11-08 05:20:08
BE22018203	9	0	나도 나 자신을 사랑하고 싶은데, 그게 잘 안돼. 연예인들과 자꾸 비교하게 돼서 상대적으로 박탈감을 느껴. 이게 날 더 슬프게 하는 것 같아.	N	2022-09-14 09:55:43	2022-09-14 09:55:43
BE22018203	10	1	비교하는 마음이 어떤 마음인지 잘 알아. 나도 예전에, 나보다 공부 잘하는 친구들을 보면 질투도 나고, 자존감도 떨어지고 그랬거든. 비교하는 마음을 갖고 있는다는 게 얼마나 힘든지 알아서, 네 슬픔도 십분 이해해.	N	2022-09-14 09:55:43	2022-11-08 05:20:08
BE22018203	11	0	난 치팅데이만 되면 자꾸 폭식하는 내가 너무 한심하고 못나서 정말 슬프고 속상해. 내가 봤을 때 언니는 공부도 잘하고, 날씬하고, 인기도 많잖아. 언니가 내 마음을 어떻게 이해할 수 있겠어?	N	2022-09-14 09:55:43	2022-09-14 09:55:43
BE22018203	12	1	나도 나보다 잘났다는 생각이 드는 친구들이나 사람들을 보면 부럽고 비교 심의 들기도 해. 그런 마음은 당연한 거니까 너를 자책하지 말고, 그 마음을 인정하고 받아들이자. 그리고 우리 힘들 때면 서로 이야기하면서 서로의 편이 되어주면 어떨까?	N	2022-09-14 09:55:43	2022-11-08 05:20:08
BE22018203	13	0	좋아. 언니에게 말하니 마음이 편해져. 아까까지 너무 슬펐는데, 지금은 슬픔이 좀 가라앉고 마음이 진정되는 것 같아.	N	2022-09-14 09:55:43	2022-09-14 09:55:43
BE22018203	14	1	너에게 도움이 되어서 기쁘다. 언제나 언니는 널 세상에서 가장 소중하게 생각하는 거 알지? 우리 서로 의지하며 같이 힘내자 내 동생 파이팅.	N	2022-09-14 09:55:43	2022-11-08 05:20:08
BE22018203	15	0	응, 그럴게. 고마워, 언니. 앞으로도 혹시나 폭식하게 돼서 마음이 괴로우면 언니가 해준 말 생각할게. 우리 오늘도 파이팅하자.	Y	2022-09-14 09:55:43	2022-11-08 05:20:08
