id	utterance_id	utterance_type	utterance_text	terminate	regDate	updDate
BE22012445	1	0	언니, 내 얘기 들어줄 수 있어? 나 지금 너무 걱정되는 일이 있어.	N	2022-07-29 08:44:05	2022-11-08 04:44:16
BE22012445	2	1	무슨 일인데? 편하게 이야기해 봐. 내가 들어줄게.	N	2022-07-29 08:44:05	2022-11-08 04:44:16
BE22012445	3	0	오늘 어항에 물을 갈아줬는데 물고기가 떠오른 채 움직이지 않았어. 엄마한테 말하면 혼나지 않을까? 너무 걱정돼.	N	2022-07-29 08:44:05	2022-11-08 04:44:16
BE22012445	4	1	정말? 그런 일을 겪었다면 나라도 겁이 났을 거야. 혼자 고민하느라 마음이 정말 무거웠겠다.	N	2022-07-29 08:44:05	2022-11-08 04:44:16
BE22012445	5	0	맞아, 무섭고 당황스러웠어. 나는 그저 착한 일을 하려고 한 건데 왜 뜻대로 되지 않은 걸까? 조금 억울한 마음도 들고, 속상해.	N	2022-07-29 08:44:05	2022-11-08 04:44:16
BE22012445	6	1	그래, 생각한 대로 일이 흘러가지 않을 때면 마음이 무너지고, 무서운 기분이 들지. 해명할 기회를 잃어버린 것 같아 억울한 마음도 들고 말이야.	N	2022-07-29 08:44:05	2022-11-08 04:44:16
BE22012445	7	0	사실 지금 마음 같아서는 도망가고 싶어. 솔직하게 말하고, 책임을 져야 하는 일이라는 걸 아는데, 때론 그게 너무 무겁고, 겁이 나거든.	N	2022-07-29 08:44:05	2022-11-08 04:44:16
BE22012445	8	1	겁이 난다는 네 말을 들으니 나도 마음이 아프다. 책임감이라는 단어의 무게감이 때론 도망가고 싶은 기분을 느끼게 하지. 나도 어렸을 적에 너와 같은 경험을 했던 적이 있어.	N	2022-07-29 08:44:05	2022-11-08 04:44:16
BE22012445	9	0	정말? 무슨 일이 있었는데?	N	2022-07-29 08:44:05	2022-11-08 04:44:16
BE22012445	10	1	어렸을 적에 키우던 강아지를 대야에 빠트린 적이 있어. 나는 단지 강아지에게 물을 먹여주려 했을 뿐인데 말이야. 내가 책임지고 해결하기엔 너무 큰 일이나 도망가고 싶은 기분이 들고, 무서웠어.	N	2022-07-29 08:44:05	2022-11-08 04:44:16
BE22012445	11	0	그래서 그때 언니는 어떻게 했어?	N	2022-07-29 08:44:05	2022-11-08 04:44:16
BE22012445	12	1	엄마에게 솔직히 말하고 도움을 요청했어. 엄마는 화를 내지 않고 나를 잘 다독여 주셨지. 엄마가 내 고민과 마음을 알아주신 것 같아 위로받는 기분이 들었어.	N	2022-07-29 08:44:05	2022-11-08 04:44:16
BE22012445	13	0	맞아. 오랜 고민 끝에 말한 이야기를 누군가 잘 들어주는 것만으로도 마음이 조금 안심돼. 나도 엄마에게 솔직히 말해야겠지?	N	2022-07-29 08:44:05	2022-11-08 04:44:16
BE22012445	14	1	엄마는 네 이야기를 나보다 더 잘 들어주실 거야. 때론 타인에게 솔직하게 말하며, 도움을 요청하는 일도 매우 큰 용기와 책임감이 필요한 일이라고 생각해. 그리고 네가 그 일을 잘 할 수 있을 거라고도 생각하고.	N	2022-07-29 08:44:05	2022-11-08 04:44:16
BE22012445	15	0	고마워, 언니와 대화하고 나니 엄마에게 말할 용기가 생겼어.	Y	2022-07-29 08:44:05	2022-11-08 04:44:16
