id	utterance_id	utterance_type	utterance_text	terminate	regDate	updDate
BE22017629	1	0	형, 나 지금 오징어회가 먹고 싶어서 친구들이랑 동해안으로 왔는데 기분이 너무 안 좋아.	N	2022-09-09 08:31:28	2022-11-08 05:16:34
BE22017629	2	1	모처럼 놀러 간다고 신났었잖아. 무슨 일이 있어?	N	2022-09-09 08:31:28	2022-11-08 05:16:34
BE22017629	3	0	지금 막 도착해서 식당을 들어가려는데, 문을 연 식당이 하나도 없어. 우리가 너무 늦게 도착했나 봐.	N	2022-09-09 08:31:28	2022-11-08 05:16:34
BE22017629	4	1	오랜만에 친구들과 시간 맞춰서 동해안까지 갔는데 계획처럼 되지 않아서 실망이 크겠네. 오늘만 날이 아니니 너무 슬퍼하지 마.	N	2022-09-09 08:31:28	2022-11-08 05:16:34
BE22017629	5	0	간만에 시간 맞춘다고 내일 회사에 휴가까지 내고 왔는데 이게 뭐야. 내가 주도해서 계획한 여행인데 다 망친 것 같아서 친구들한테도 미안하고 이 상황이 너무 슬퍼.	N	2022-09-09 08:31:28	2022-09-09 08:31:28
BE22017629	6	1	사람 일이라는 게 매번 원하는 대로 되지 않잖아. 그럴 수도 있는 거야. 친구들끼리 놀러 간 여행 자체가 즐거운 추억이 되는 거니 너무 속상해하지 마.	N	2022-09-09 08:31:28	2022-11-08 05:16:34
BE22017629	7	0	그렇긴 한데 여행지에 도착은 했는데 당장 할 게 없어. 이럴 거면 뭣 하러 동해안까지 왔나 싶어서 축 처지게 된다. 기분 내려고 왔다가 기분만 상하는 여행이 된 것 같아.	N	2022-09-09 08:31:28	2022-11-08 05:16:34
BE22017629	8	1	지금 당면한 상황을 해소하려 하기보다 받아들여 보는 건 어때? 그럼 기대감이 떨어지니까 사소한 것도 더 행복하게 느낄 수 있게 되잖아. 조건이 갖춰지지 않은 상황에서 무언가를 하려는 게 더 힘이 들 수 있어.	N	2022-09-09 08:31:28	2022-11-08 05:16:34
BE22017629	9	0	듣고 보니 형의 말이 맞는 것 같아. 나는 계속 무언가를 하려고 시도했는데 그러다 보니 실망감이 두 배가 되는 것 같아. 그냥 지금 상황을 받아들이면 마음이 훨씬 편해질 것 같아.	N	2022-09-09 08:31:28	2022-11-08 05:16:34
BE22017629	10	1	그래. 내 동생이 책임감이 강해서 친구들을 리드해야 한다는 생각에 뜻대로 되지 않는 현실이 슬펐을 거야. 그렇지만 친구들도 그런 네 마음을 잘 알아줄 거야. 너무 슬퍼하지 말고 친구들과 즐겁게 지내다 와.	N	2022-09-09 08:31:28	2022-11-08 05:16:34
BE22017629	11	0	슬픈 마음에 형에게 하소연하려고 문자 보낸 건데 이렇게 큰 깨달음을 주다니 정말 고마워. 형 덕분에 즐겁게 휴가를 보내다 갈 수 있을 것 같아.	N	2022-09-09 08:31:28	2022-11-08 05:16:34
BE22017629	12	1	여행지에 가서 풀 죽었을 동생을 생각하니 형도 마음이 쓰이더라. 그래도 이렇게 금방 이겨내는 걸 보니 역시 긍정적인 내 동생답다.	N	2022-09-09 08:31:28	2022-11-08 05:16:34
BE22017629	13	0	우리 그냥 해변에서 돗자리 깔고 밤바다 구경하려고 해. 이것도 나름대로 낭만 있고 행복한 것 같아.	N	2022-09-09 08:31:28	2022-11-08 05:16:34
BE22017629	14	1	시간이 지나면 오늘 여행도 너희 친구들끼리의 소중한 추억이 될걸. 그땐 그랬지 하며 웃으며 이야기할 수 있는 예쁜 추억을 만들고 오길 바랄게. 조심히 재미있게 놀아.	N	2022-09-09 08:31:28	2022-11-08 05:16:34
BE22017629	15	0	응, 시간도 늦었는데 잘 자고 내일 연락할게.	Y	2022-09-09 08:31:28	2022-09-09 08:31:28
