id	utterance_id	utterance_type	utterance_text	terminate	regDate	updDate
BE22006336	1	0	언니 나 우울해. 알바 중인데 너무 속상해서 일에 집중을 못하겠어.	N	2022-07-05 11:12:04	2022-11-08 04:05:09
BE22006336	2	1	왜, 무슨 일 있어?	N	2022-07-05 11:12:04	2022-11-08 04:05:09
BE22006336	3	0	아까 알바 중에 친구랑 연락했는데, 이번에 친구가 휴학하고 미국으로 여행을 간다는 거야. 그 친구가 일명 금수저라 집에서 여행 다 보내주거든. 나는 뼈 빠지게 일해서 겨우 대학 등록금 내고 있는데 말이야.	N	2022-07-05 11:12:04	2022-11-08 04:05:10
BE22006336	4	1	에고, 그랬구나. 나라도 열심히 알바 중에 그런 말을 들으면 힘이 빠질 것 같아. 얼마나 속상했을까 생각하니 언니 마음이 너무 아프다. 여행작가가 꿈인 네가 그런 얘길 들었으니 참 부러우면서도 속상했겠구나.	N	2022-07-05 11:12:04	2022-11-08 04:05:10
BE22006336	5	0	응, 괜히 다른 사람들 다 먹은 거 치우는 내가 초라해 보여서 더 우울했어. 다른 생각 하니까 알바하면서 자꾸 실수하게 되고 혼나고 그랬어. 난 왜 이렇게 살아야 하나 신세한탄도 하게 되고 죄 없는 부모님 원망도 해버린 거 있지.	N	2022-07-05 11:12:04	2022-11-08 04:05:10
BE22006336	6	1	에고고, 내 동생 알바 중에 마음이 많이 아팠겠네. 나라도 너무 먼 얘기일 것 같은 것들을 누군가가 아무렇지 않게 하고 있다면 허탈할 것 같아.	N	2022-07-05 11:12:04	2022-11-08 04:05:10
BE22006336	7	0	그런 생각 하다가 철없는 생각한다고 스스로 꾸짖다가를 반복했었어. 아빠 엄마가 잘못하신 것도 없는데 못난 딸이 원망이나 하고 말이야.	N	2022-07-05 11:12:04	2022-11-08 04:05:10
BE22006336	8	1	그렇지 않아, 못나서 네가 그런 생각한 게 아냐. 하필 힘든 알바 중에 그런 연락을 받아서 상황적으로 너무 비교가 되어 그런 거라고 생각해. 몸이 지치고 힘들면 생각도 약해지기 마련이잖아.	N	2022-07-05 11:12:04	2022-11-08 04:05:10
BE22006336	9	0	듣고보니 그렇네. 맞아, 알바 거의 끝날 무렵이라 정말 지친 상태였거든. 비교한다고 달라질 건 없을 텐데, 마음만 상했네.	N	2022-07-05 11:12:04	2022-11-08 04:05:10
BE22006336	10	1	이 계기를 통해 비교가 무의미하다는 걸 깨달았잖아. 그리고 우린 정말 바닥부터 시작을 했기 때문에 누구보다도 단단할 거야. 어떠한 상황도 두렵지 않잖아.	N	2022-07-05 11:12:04	2022-11-08 04:05:10
BE22006336	11	0	맞아, 그렇긴 해! 정말 열심히 일해서 돈 벌고 하다 보니까 돈의 가치도 뼈저리게 느낄 수 있었어. 장학금 타려고 열심히 공부해서 장학금도 타고 말이야.	N	2022-07-05 11:12:04	2022-11-08 04:05:10
BE22006336	12	1	봐봐, 네가 얼마나 대단한지. 언니는 네가 정말 자랑스럽고 대견해. 우린 무엇이든 해낼 수 있어, 그걸 어느 순간에도 잊지 말자!	N	2022-07-05 11:12:04	2022-11-08 04:05:10
BE22006336	13	0	응 언니. 언니 말 들으니까 마음이 좀 나아진다. 정말 고마워!	N	2022-07-05 11:12:04	2022-11-08 04:05:10
BE22006336	14	1	그래, 열심히 돈 더 벌어서 우리도 꼭 여행 가자! 하루하루 즐겁게 살자.	N	2022-07-05 11:12:04	2022-11-08 04:05:10
BE22006336	15	0	응, 언니. 우리 힘내자!	Y	2022-07-05 11:12:04	2022-11-08 04:05:10
