id	utterance_id	utterance_type	utterance_text	terminate	regDate	updDate
BE22009810	1	0	친구가 시한부 선고를 받았어. 병원에 누워 있는 친구가 자꾸 떠올라 괴로워.	N	2022-07-18 07:48:25	2022-11-08 04:27:35
BE22009810	2	1	왜 안 그렇겠어. 너와 그 친구가 얼마나 친하고 각별했는지 내가 다 아는데. 네가 지금 얼마나 힘들지 생각하니까 나 역시 마음이 찢어질 것 같다.	N	2022-07-18 07:48:25	2022-11-08 04:27:36
BE22009810	3	0	어떻게 이런 일이 있을 수 있을까. 평생 착하게 살아온 아이인데 어떻게 이래. 어떻게 이런 일이 생길 수 있어.	N	2022-07-18 07:48:25	2022-11-08 04:27:36
BE22009810	4	1	내가 감히 그 슬픔을 알 수 있을 것 같다고 말할 수도 없을 것 같다. 내가 어떤 말을 해줘야 네게 조금이라도 위로가 될지 모르겠어.	N	2022-07-18 07:48:25	2022-11-08 04:27:36
BE22009810	5	0	병원에서 나오는데 끝까지 내게 웃어주더라. 그 얼굴을 보고 있자니 펑펑 울어버릴 것 같아서 도망치듯 나와버렸어. 집에 돌아오는 길에 계속 울었는데 아직도 눈물이 나와.	N	2022-07-18 07:48:25	2022-11-08 04:27:36
BE22009810	6	1	얼마나 가슴이 아플까. 눈물이 나는 게 당연하지. 너희를 아는 나도 이렇게 마음이 무겁고 눈물이 날 것 같은데 너는 오죽하겠니.	N	2022-07-18 07:48:25	2022-11-08 04:27:36
BE22009810	7	0	가슴에 구멍이 뚫린 것 같아. 어떻게 해야 할지 모르겠어. 이 모든 상황이 너무 무섭고 슬퍼.	N	2022-07-18 07:48:25	2022-11-08 04:27:36
BE22009810	8	1	내가 방법을 안다면 네게 다 알려주고만 싶은데 그럴 수가 없어서 미안하다. 네 슬픔을 내가 나눠 가질 수만 있으면 좋을 텐데.	N	2022-07-18 07:48:25	2022-11-08 04:27:36
BE22009810	9	0	아니야. 나는 그래도 언니가 있어서 다행이야. 언니가 없었으면 나는 이 슬픔을 버티지 못했을 거야. 내 친구는 어떻게 해. 무서울 텐데. 슬플 텐데.	N	2022-07-18 07:48:25	2022-11-08 04:27:36
BE22009810	10	1	네 친구에게는 네가 있잖아. 자기 일처럼 슬퍼해주고 가슴 아파해 주는 네가 있잖아. 네가 곁에 있어 주는 것만으로도 친구에게는 많은 힘이 될 거야.	N	2022-07-18 07:48:25	2022-11-08 04:27:36
BE22009810	11	0	정말 그렇게 생각할까?	N	2022-07-18 07:48:25	2022-11-08 04:27:36
BE22009810	12	1	그럴 거야. 너희에게 남은 시간이 내내 행복했으면 좋겠어.	N	2022-07-18 07:48:25	2022-11-08 04:27:36
BE22009810	13	0	나도. 아무래도 내가 그 친구 옆에 있어 줘야 할 것 같아. 나라도 있어야 할 것 같아.	N	2022-07-18 07:48:25	2022-11-08 04:27:36
BE22009810	14	1	그래. 너도 오늘 많이 놀라고 슬펐을 텐데 고생 많았어. 친구랑 같이 있으면서도 언제든 감정이 불쑥 차오르거나 감당이 안 되면 오늘처럼 언니한테 연락해. 해줄 수 있는 건 없지만 네 이야기 듣고 같이 울어줄게.	N	2022-07-18 07:48:25	2022-11-08 04:27:36
BE22009810	15	0	고마워, 언니. 언니가 있어서 참 다행이야.	Y	2022-07-18 07:48:25	2022-11-08 04:27:36
