id	utterance_id	utterance_type	utterance_text	terminate	regDate	updDate
BE22017925	1	0	누나, 세상 살기가 내 마음처럼 쉽지가 않네. 이혼이 그렇게도 잘못된 건가?	N	2022-09-13 06:45:42	2022-11-08 05:18:21
BE22017925	2	1	이혼이 무슨 범죄도 아니고 살다 보면 누구나 겪을 수 있는 일인데 뭘 그래. 누가 뭐라고 해?	N	2022-09-13 06:45:42	2022-09-13 06:45:42
BE22017925	3	0	직접적으로 뭐라고 하는 건 아니지만 이혼이라는 꼬리표가 항상 따라다니는 것 같아. 이게 나의 오점으로 남는 것 같아서 너무 슬퍼.	N	2022-09-13 06:45:42	2022-09-13 06:45:42
BE22017925	4	1	이미 이혼이라는 과정을 거치면서도 큰 아픔을 겪었던 너인데 얼마나 힘들고 아플까. 다른 사람들에게 두 번 상처받는 셈이 되니 누나 가슴도 미어진다. 혼자 속 끓일 너를 생각하면 부모님도 엄청 속상해하실 거야.	N	2022-09-13 06:45:42	2022-11-08 05:18:21
BE22017925	5	0	내가 하고 싶어서 한 이혼도 아니고, 어쩔 수 없는 사정이란 게 있었던 건데 말이야. 이해받지 못한다는 생각이 드니 참 절망스럽네.	N	2022-09-13 06:45:42	2022-11-08 05:18:21
BE22017925	6	1	네가 이혼하기까지 얼마나 고민하고 신중히 결정했는지 아는 나로서는 비통하다. 나는 세상을 편견을 갖지 않고 보려고 해도 다들 편견의 잣대로 들이대니 얼마나 슬프겠어. 사람들 마음이 모두 내 마음 같지가 않더라고.	N	2022-09-13 06:45:42	2022-11-08 05:18:21
BE22017925	7	0	새로운 사람을 만날 때도 흠이 되고, 업무에서조차 배제되는 느낌이야.	N	2022-09-13 06:45:42	2022-09-13 06:45:42
BE22017925	8	1	이혼했다는 이유로 너에게 편견을 갖는 사람은 그저 편협한 마음인 거야. 네가 그들의 마음까지 들여다봐주고 이해하려 노력할 필요는 없어. 너를 진심으로 대하는 사람에게 마음을 열어서 너의 슬픔을 상쇄시키길 바라.	N	2022-09-13 06:45:42	2022-11-08 05:18:21
BE22017925	9	0	맞아, 어쩌면 내가 모든 사람들의 사랑을 받고자 했던 것 같아. 그랬기 때문에 내 슬픔도 더 커졌던 거겠지?	N	2022-09-13 06:45:42	2022-11-08 05:18:21
BE22017925	10	1	너 아니어도 누구라도 그렇지, 우린 누구에게나 사랑받고 싶은 마음이 크니까. 하지만 모두에게 사랑받으려는 마음이 본인을 더 힘들게 하더라고. 모두에게 사랑받지 못한다 해도 너는 이미 소중한 존재니 너무 슬퍼 마.	N	2022-09-13 06:45:42	2022-11-08 05:18:21
BE22017925	11	0	다른 사람들 시선도 시선이지만 나 스스로부터가 나를 평가 절하하고 있었던 것 같아. 누나 덕분에 큰 힘이 됐어, 고마워!	N	2022-09-13 06:45:42	2022-09-13 06:45:42
BE22017925	12	1	나는 누구보다 네 마음이 다치지 않았으면 좋겠어. 네가 의연한 마음으로 삶을 헤쳐나가기를 바라고.	N	2022-09-13 06:45:42	2022-11-08 05:18:21
BE22017925	13	0	이미 존재만으로 가치 있다는 걸 알았으니까 나 잘 버텨내 볼게. 걱정시켜서 미안하고 위로 고마워.	N	2022-09-13 06:45:42	2022-09-13 06:45:42
BE22017925	14	1	언제 누나네 한 번 놀러 와. 매형이랑 함께 맛있는 것 준비해둘게. 한 주 마무리 잘 짓고 다음엔 얼굴 보자!	Y	2022-09-13 06:45:42	2022-11-08 05:18:21
