id	utterance_id	utterance_type	utterance_text	terminate	regDate	updDate
BE22017599	1	0	언니, 치매에 걸린 할머니를 어머니가 돌보시는 게 너무 마음이 아프고 안타까워. 슬퍼서 눈물이 날 거 같아.	N	2022-09-09 01:08:35	2022-09-09 01:08:35
BE22017599	2	1	네가 엄마를 얼마나 끔찍하게 생각하는지 아니까 우리에게 닥친 상황이 더 힘들 거야. 애처롭고 가엾은 마음이 들지. 인생의 과정인 생로병사에 대해 생각하게 되고.	N	2022-09-09 01:08:35	2022-11-08 05:16:23
BE22017599	3	0	어머니 연세도 많은데 할머니를 돌봐야 하니 얼마나 힘들까. 요양원에 가는 것도 고려해야 할 듯해. 내가 너무 이기적인 거야.	N	2022-09-09 01:08:35	2022-09-09 01:08:35
BE22017599	4	1	넌 당연히 그렇게 생각할 수 있어. 요양원은 아직 아니라고 어머니가 강력히 반대하니까 그 의견을 존중하는 거지. 할머니가 어머니를 얼마나 아끼고 사랑했는지 아니까 그 마음도 이해는 되더라.	N	2022-09-09 01:08:35	2022-11-08 05:16:23
BE22017599	5	0	아직은 스스로 할머니를 돌볼 수 있다고 하니 그 고집을 누가 꺾겠어. 두 분의 사정이나 처지를 생각하면 차마 아무 말도 할 수가 없을 만큼 슬프지. 그래도 걱정이 되는 건 어쩔 수 없잖아.	N	2022-09-09 01:08:35	2022-09-09 01:08:35
BE22017599	6	1	처절한 심정이 느껴지겠지. 나도 두 분을 볼 때마다 눈물이 나는 거야. 어머니는 책임감 때문에 할머니 여생을 기꺼이 돌봐주고 싶은 걸 거야.	N	2022-09-09 01:08:35	2022-11-08 05:16:23
BE22017599	7	0	그래서 더 안타깝고 이런 일이 생긴 게 한없이 서글퍼. 어머니가 희생정신이 너무 투철하신 거 같아서. 인제 그만 모른 척해도 욕할 사람은 아무도 없을 텐데.	N	2022-09-09 01:08:35	2022-11-08 05:16:23
BE22017599	8	1	너무 속상해하지 마. 어머니의 한량없이 넓은 마음을 헤아릴 수는 없지만 이해할 수 있을 거 같아. 한평생 같이 지냈으니 치매에 걸렸다고 할머니를 요양원에 보낼 수 없는 마음을.	N	2022-09-09 01:08:35	2022-11-08 05:16:23
BE22017599	9	0	두 분의 끈끈한 사랑을 생각하면 마음이 더 아프지. 하지만 이젠 어머니도 자신을 돌봤으면 좋겠는데.	N	2022-09-09 01:08:35	2022-09-09 01:08:35
BE22017599	10	1	네 슬픔을 공감한다. 그래도 어려운 상황이지만 기꺼이 감내하는 마음이 얼마나 감동적이니. 나라면 그런 결정을 못 할 거 같은데 어머니는 너무 대단해.	N	2022-09-09 01:08:35	2022-11-08 05:16:23
BE22017599	11	0	맞아, 어머니는 삶에 늘 최선을 다했고 용감했어. 그래서 더 슬프고 안타까운 거야. 할머니께는 송구스럽지만, 어머니 건강이 걱정되는 마음은 어쩔 수 없네.	N	2022-09-09 01:08:35	2022-11-08 05:16:23
BE22017599	12	1	이런 게 사람이 살아가는 과정이라고 생각하면 쓸쓸해서 눈물이 날 수밖에 없지. 그래도 두 분이 얼마나 보기가 좋은지 몰라.	N	2022-09-09 01:08:35	2022-11-08 05:16:23
BE22017599	13	0	나도 그렇게 생각해. 서로 아끼는 마음이 남다르셨으니 더 애틋할 거야.	N	2022-09-09 01:08:35	2022-11-08 05:16:23
BE22017599	14	1	조금은 어려운 상황이지만 사이 좋은 두 분이 잘 지낼 수 있도록 도와드리자. 자주 연락하고 찾아가고.	N	2022-09-09 01:08:35	2022-11-08 05:16:23
BE22017599	15	0	언니 말 들으니 이런 상황을 받아들이고 어떻게 해야 하는지 생각하는 게 우선인 거 같다. 언니는 늘 현명한 거 같아. 고마워.	Y	2022-09-09 01:08:35	2022-11-08 05:16:23
