id	utterance_id	utterance_type	utterance_text	terminate	regDate	updDate
BE22009934	1	0	언니, 내 SNS에 나쁜 댓글이 달리면 밤잠을 설치게 돼.	N	2022-07-18 13:51:57	2022-11-08 04:28:22
BE22009934	2	1	너의 일상 모습이 담긴 SNS에 안 좋은 댓글이 달렸구나. 그 댓글을 확인하고 네 마음이 좋지 않았겠다.	N	2022-07-18 13:51:57	2022-11-08 04:28:22
BE22009934	3	0	그런 댓글을 보면 심장이 쿵쾅거리고 눈물이 나. 잘못한 게 없는데도 자신감이 뚝 떨어지는 듯해. 너무 슬퍼서 잠이 오지 않아.	N	2022-07-18 13:51:57	2022-11-08 04:28:22
BE22009934	4	1	이유 없이 상처를 주는 댓글을 보고 내 동생이 얼마나 놀랐을지 생각하니 내 가슴도 아프다.	N	2022-07-18 13:51:57	2022-11-08 04:28:22
BE22009934	5	0	왜 내게 나쁜 댓글을 남긴 것인지 알 수 없어. 내 일상을 기록하는 게 잘못된 일인 걸까? 나는 그저 일기처럼 음식, 반려견, 여행 사진을 기록하고 싶었을 뿐이야.	N	2022-07-18 13:51:57	2022-11-08 04:28:22
BE22009934	6	1	너의 소중한 일상을 SNS에 기록하고 꾸미는 것은 너의 자유이자 권리야. SNS를 꾸준히 운영하는 것은 너의 멋진 장점과 특징 중 하나라고 생각해. 그러니 나쁜 댓글은 잊고 자신감과 용기를 가지면 좋겠어.	N	2022-07-18 13:51:57	2022-11-08 04:28:22
BE22009934	7	0	나쁜 댓글의 내용은 맥락도 없고 이상한 말뿐이라서 무시하면 그만이라는 것을 알면서도 늘 상처받아. 그런 댓글로 인해 내가 눈물을 흘린다는 사실이 한심하게 느껴질 지경이야.	N	2022-07-18 13:51:57	2022-11-08 04:28:22
BE22009934	8	1	악성 댓글을 아무렇지 않게 넘기기란 쉬운 일이 아니지. 하지만 나는 네가 그런 댓글로 인해서 슬퍼하지 않길 바라. 네 곁에는 너를 좋아하고 응원하는 사람들이 훨씬 더 많으니까 말이야.	N	2022-07-18 13:51:57	2022-11-08 04:28:22
BE22009934	9	0	언니가 그렇게 말해주니까 힘이 나네. 나쁜 댓글이 달릴 때마다 매번 이렇게 슬퍼할 수도 없는 일이지. 내가 나쁜 댓글을 봐도 잘 극복해낼 수 있을까?	N	2022-07-18 13:51:57	2022-11-08 04:28:22
BE22009934	10	1	그래, 악성 댓글이 달리면 이렇게 해보는 게 어떨까? 나쁜 댓글 하나를 기억하는 대신, 좋은 댓글 열 개를 기억해보자. 너를 사랑하는 사람들을 기억하며 힘을 내는 거지.	N	2022-07-18 13:51:57	2022-11-08 04:28:22
BE22009934	11	0	그것참 좋은 생각이야! 나를 깎아내리는 댓글이 아닌, 나를 사랑해주는 댓글을 보며 힘을 내야겠어. 언니 말처럼 나를 응원해주는 사람들이 더 많으니까 말이야.	N	2022-07-18 13:51:57	2022-11-08 04:28:22
BE22009934	12	1	사진과 영상을 멋지게 찍는 너는 정말 훌륭한 재능을 가졌어. 평범한 일상에서 특별함을 발견하는 너의 섬세한 마음이 참 멋져. 그러니 용기를 잃지 마!	N	2022-07-18 13:51:57	2022-11-08 04:28:22
BE22009934	13	0	언니 덕분에 오늘 밤에는 잠을 잘 잘 수 있을 것 같아. 나를 응원해주고 아낌없이 사랑해줘서 고마워!	N	2022-07-18 13:51:57	2022-11-08 04:28:22
BE22009934	14	1	네가 기운을 차린 것 같아서 다행이야. 나는 언제나 네 편이니까 힘든 일이 있으면 언제든 연락해!	Y	2022-07-18 13:51:57	2022-11-08 04:28:22
