id	utterance_id	utterance_type	utterance_text	terminate	regDate	updDate
BE22018499	1	0	형, 나 오전에 이가 아파서 치과를 다녀왔는데 너무 슬퍼.	N	2022-09-16 05:27:57	2022-09-16 05:27:57
BE22018499	2	1	치과에서 무슨 일이 있었던거야? 왜 슬퍼?	N	2022-09-16 05:27:57	2022-09-16 05:27:57
BE22018499	3	0	생각보다 안좋은 이가 많아서 치료를 많이 해야할 것 같아 견적이 꽤 나왔어. 형도 알다시피 내 형편이 넉넉치 않잖아. 그러다보니 슬픈 마음이 들더라도.	N	2022-09-16 05:27:57	2022-09-16 05:27:57
BE22018499	4	1	갑작스럽게 현실에 벽에 부딪힌 느낌이라 네 마음이 안 좋았겠네. 우울했을 동생을 생각하니 형으로서 미안하고 속상한 마음이다.	N	2022-09-16 05:27:57	2022-11-08 05:21:48
BE22018499	5	0	이가 이렇게 아플때까지 방치한 내 자신도 원망스럽기도 해. 아픈 이를 치료하는데 돈 걱정부터 하는 내 처지를 생각하니 눈물이 나.	N	2022-09-16 05:27:57	2022-09-16 05:27:57
BE22018499	6	1	형은 네가 네 현실에 슬퍼하고 지지 않았으면 좋겠어. 지금의 네 현실은 네 탓이 아니니까 너무 마음 아파하지 마.	N	2022-09-16 05:27:57	2022-11-08 05:21:48
BE22018499	7	0	아무 생각 없이 치과에 갔다가 이런 슬픈 마음이 들 줄은 예상하지 못했어. 치료를 해야할 지 말아야 할 지 생각하면 우울하고 슬퍼.	N	2022-09-16 05:27:57	2022-09-16 05:27:57
BE22018499	8	1	형도 너처럼 경제적으로 여유롭지 못할 때 포기했던 것들이 많아. 그런데 지나고 보니 그때 포기했던 것들이 두고두고 아쉽더라고. 현실이 어렵고 힘들더라도 스스로를 놓지 않았으면 좋겠어.	N	2022-09-16 05:27:57	2022-11-08 05:21:48
BE22018499	9	0	나도 모르게 현실을 자각할 때마다 힘이 빠지고 슬픈 기분만 들어. 앞으로 내가 이런 순간이 올 때마다 포기하지 않고 견뎌낼 수 있을까?	N	2022-09-16 05:27:57	2022-09-16 05:27:57
BE22018499	10	1	물론이지. 너는 누구보다 긍정적이고 열정적인 아이잖아. 의식적으로 너의 행복한 미래를 머릿속에 그려보는 게 어때? 형은 지치거나 힘들 때마다 그런 방법이 힘이 되더라고.	N	2022-09-16 05:27:57	2022-11-08 05:21:48
BE22018499	11	0	형 말대로 내 미래에 대한 희망회로를 돌리니까 슬픈 마음이 가시는 것 같아. 지금 현실의 고충은 별게 아닌 것처럼 느껴진다.	N	2022-09-16 05:27:57	2022-11-08 05:21:48
BE22018499	12	1	너라면 극복할 수 있을 줄 알았어. 동생아, 아무리 현실이 너를 힘들게 하더라도 그건 잠시뿐일거야. 여지껏 그래왔듯 열심히 산다면 분명 니 미래는 밝을거라고 확신해.	N	2022-09-16 05:27:57	2022-11-08 05:21:48
BE22018499	13	0	용기를 줘서 고마워 형. 치과 치료도 부담스럽지만 해 보려고. 돈이야 벌면 되는거고 이 정도 쓴다고 내 인생에 큰 타격은 없어.	N	2022-09-16 05:27:57	2022-09-16 05:27:57
BE22018499	14	1	그래, 그런 긍정적인 태도가 중요한거지. 앞으로도 그 자신감을 잃지말고 당당하게 어깨 피고 살아 가길 바랄게.	N	2022-09-16 05:27:57	2022-11-08 05:21:48
BE22018499	15	0	응, 형 덕분에 인생의 방향성을 잡게된 것 같다. 나약한 모습은 버리고 나답게 살게.	Y	2022-09-16 05:27:57	2022-11-08 05:21:48
