id	utterance_id	utterance_type	utterance_text	terminate	regDate	updDate
BE22017556	1	0	내 대학 등록금 때문에 어머니가 새벽부터 밤늦게까지 일하시니까 죄송한 마음이 들어. 고생하는 어머니를 볼 때면 슬퍼서 눈물이 나.	N	2022-09-08 10:43:12	2022-09-08 10:43:12
BE22017556	2	1	나도 어머니가 밤낮으로 일하는 모습 보면 짠하고 슬프더라. 네가 어떤 마음으로 그렇게 눈물 흘리는지 잘 알고 있어.	N	2022-09-08 10:43:12	2022-11-08 05:16:06
BE22017556	3	0	생각해 보면, 어릴 적부터 어머니는 혼자서 우리를 키우시느라고 고생을 많이 했잖아. 나는 해드린 게 없는데 항상 사랑받기만 했던 것 같아. 어제 일하고 들어온 어머니의 손을 봤는데 퉁퉁 부어있어서 너무 속상했어.	N	2022-09-08 10:43:12	2022-11-08 05:16:06
BE22017556	4	1	나도 같은 생각을 자주 해서 네 말 무슨 뜻인지 잘 알아. 어머니는 직장을 퇴근하고 나서도, 아르바이트까지 하시잖아. 피곤해하는 어머니를 볼 때면 나도 속상한 마음이 들어서 너의 감정 잘 이해해.	N	2022-09-08 10:43:12	2022-11-08 05:16:06
BE22017556	5	0	어머니께 더 효도하고, 잘해드리고 싶은데 학생인 나는 금전적인 도움을 아예 드리지 못해. 대학 등록금도 사실 내가 벌어야 하는데, 공부하느라 아르바이트할 시간도 없어. 어머니께 아무것도 해드리지 못하는 내가 못났다는 생각이 들어서 참 슬프다.	N	2022-09-08 10:43:12	2022-11-08 05:16:06
BE22017556	6	1	나중에 네가 취업하면 어머니께 금전적으로 도움을 줄 수 있을 거야. 나중에는 우리 집도 형편이 나아질 날이 올 테니 너무 좌절하지 말길 바라. 어머니는 널 많이 사랑하시니까, 너의 존재만으로도 힘이 되실 거라 생각해.	N	2022-09-08 10:43:12	2022-11-08 05:16:06
BE22017556	7	0	언니의 말은 고맙지만, 난 정말 속상하고 슬퍼. 어머니에게 도움은커녕 짐이 되는 내가 한심해. 이런 생각을 하다 보니 자주 우울한 것 같아.	N	2022-09-08 10:43:12	2022-11-08 05:16:06
BE22017556	8	1	내가 볼 때 넌 정말 착하고 마음도 따뜻한 효녀인걸. 넌 학교 다닐 때도 말썽 한번 피운 적 없고, 네 일에 항상 최선을 다했잖아. 열심히 공부하고, 반에서 1등도 자주 한 널 어머니와 난 참 자랑스러워했어.	N	2022-09-08 10:43:12	2022-11-08 05:16:06
BE22017556	9	0	어머니가 나 때문에 새벽부터 밤늦게까지 항상 고생하시니까, 내가 짐만 되는 것 같았거든. 그래서 스스로 자책하는 마음이 들고, 괴롭고 슬펐어. 그런데 언니의 이야기를 들으니 조금 힘이 나는 것 같아.	N	2022-09-08 10:43:12	2022-11-08 05:16:07
BE22017556	10	1	어머니도 널 자랑스러워하고, 나도 네가 정말 자랑스러워. 어머니의 노력에 보답하기 위해 넌 항상 열심히 공부했잖아. 그런 너의 노력을 나와 어머닌 잘 알고 있어.	N	2022-09-08 10:43:12	2022-11-08 05:16:07
BE22017556	11	0	정말 어머니도 날 그렇게 생각하고 있을까? 우린 아버지께서 안 계시니까, 혼자 힘들게 일하시면서 한편으로는 날 원망하진 않을까 걱정했거든. 지금도 이런 생각이 또 드니까 눈물이 난다.	N	2022-09-08 10:43:12	2022-09-08 10:43:12
BE22017556	12	1	전혀 그렇지 않아. 어머니는 그 누구보다 너와 날 가장 사랑해. 이건 내가 확실하게 말할 수 있으니, 내 말 믿고 마음 편하게 하길 바라.	N	2022-09-08 10:43:12	2022-11-08 05:16:07
BE22017556	13	0	언니가 있어서 참 든든하다. 새벽부터 밤늦게까지 일하시는 어머니를 보면서 미안함과 속상함, 슬픈 마음이 컸거든. 그런데 언니의 이야기를 들으니 마음이 편해지고, 슬픔도 누그러진다.	N	2022-09-08 10:43:12	2022-11-08 05:16:07
BE22017556	14	1	난 항상 네가 힘내고 밝고 긍정적으로 살아갔으면 해. 네가 슬프면 나도 슬프거든. 힘들 때면 항상 언니에게 말해도 좋아 난 네 편이니까.	N	2022-09-08 10:43:12	2022-11-08 05:16:07
BE22017556	15	0	언니가 내 편이라는 거 나도 잘 알아. 언니 덕에 힘이 나고 기분도 한결 좋아졌어. 고민을 들어주고 좋은 이야기를 해줘서 정말 고마워.	Y	2022-09-08 10:43:12	2022-11-08 05:16:07
