id	utterance_id	utterance_type	utterance_text	terminate	regDate	updDate
BE22018324	1	0	언니, 잘 지내지? 나 오늘 너무 슬픈 일이 있었어.	N	2022-09-15 05:39:11	2022-11-08 05:20:50
BE22018324	2	1	동생아, 오랜만이다. 늘 긍정적인 우리 동생이 슬프다니 시작부터 너무 걱정인데. 언니한테 편하게 얘기해봐.	N	2022-09-15 05:39:11	2022-11-08 05:20:50
BE22018324	3	0	내가 오늘 회사에서 높은 분들이 많이 오는 행사에서 발표를 맡았어. 좋은 인상을 남기려고 준비를 열심히 하고 나가려는데 고데기 때문에 머리가 탄 거야. 이게 너무 신경 쓰여서 오늘 발표를 다 망친 것 같아, 너무 슬퍼.	N	2022-09-15 05:39:11	2022-11-08 05:20:50
BE22018324	4	1	아주 중요한 기회가 생겨서 열심히 준비했을 텐데 무척이나 속상했겠다. 나도 회사 다니면서 어려운 자리에서 발표한 적이 있어서 네 마음이 이해돼. 내가 발표하는데 그랬으면 난 종일 울었을지도 몰라.	N	2022-09-15 05:39:11	2022-11-08 05:20:50
BE22018324	5	0	이번 발표를 준비하려고 일주일 전부터 매일 야근하면서 준비했거든. 무조건 잘하려는 마음으로 준비했어. 그런데 고데기 때문에 이런 일이 생길 줄은 꿈에도 몰랐어, 생각할수록 마음이 슬퍼지네.	N	2022-09-15 05:39:11	2022-11-08 05:20:50
BE22018324	6	1	누구라도 잡고 싶은 기회였겠지만, 네가 정말로 열심히 준비했구나. 네 성실함과 열정을 진심으로 칭찬을 해주고 싶어. 결과가 어떻든, 네가 최선을 다했고 누구보다 잘하려고 노력했어, 그것만으로도 대단해.	N	2022-09-15 05:39:11	2022-11-08 05:20:50
BE22018324	7	0	칭찬해줘서 고마워, 혹시라도 오늘 발표 때문에 내 승진길이 막히는 게 아닌가 걱정이야. 난 이번 기회를 꼭 붙잡고 싶었거든, 이미 기회가 날아간 것 같아서 우울하지만 말이야.	N	2022-09-15 05:39:11	2022-11-08 05:20:50
BE22018324	8	1	높은 분들일수록 직원의 자질과 실력을 보았을 텐데, 네 장점과 실력을 잘하려고 꾸미지 않아도 드러날 거야. 장점은 다 드러나게 되어있어. 그러니까 너무 걱정하지 말고 마음을 조금만 편하게 가져보자.	N	2022-09-15 05:39:11	2022-11-08 05:20:50
BE22018324	9	0	발표를 마치고 돌아오는 길에 자꾸 고데기만 아니었으면 하는 생각이 나는 거 있지. 분명 잘 보이고 승진할 좋은 기회였는데, 나는 매번 이런 식이라서 슬퍼.	N	2022-09-15 05:39:11	2022-11-08 05:20:50
BE22018324	10	1	쉽진 않겠지만, 누구의 탓으로도 돌릴 수 없는 일들을 자기 자신에게 돌리면 더 힘들어질 거야. 주어진 상황 속에서 최선을 다한 자신을 지지하고 믿어주기로 마음을 먹어봐. 슬픈 마음이 잦아들게 될 거야.	N	2022-09-15 05:39:11	2022-11-08 05:20:50
BE22018324	11	0	언니 말을 들으니까 갑자기 마음이 한결 나아진다. 그렇게는 생각해보지 못했어. 자꾸 지나간 일을 생각하면서 아쉬워하고만 있었네.	N	2022-09-15 05:39:11	2022-11-08 05:20:50
BE22018324	12	1	네가 기분이 좋아졌다니 너무 다행이야, 나도 안도의 미소가 절로 나온다. 준비를 많이 한 네겐 너무 아쉬운 일이지야. 과거를 돌아보기보다 자기 자신을 믿어주기로 마음을 먹으면 넌 더 행복하게 웃을 수 있을 거야.	N	2022-09-15 05:39:11	2022-11-08 05:20:50
BE22018324	13	0	혼자 힘들어하지 말고 진작 언니한테 말할 걸 그랬어. 오늘 종일 기분이 정말 안 좋았거든. 비록 기대엔 못 미쳤지만, 언니 말대로 어려운 상황에서도 고생한 날 믿어줄래.	N	2022-09-15 05:39:11	2022-11-08 05:20:50
BE22018324	14	1	좋게 말해줘서 고마워, 우리 동생 너무 기특하다. 언니도 항상 네 편에 서서 응원할 테니까 힘들 땐 언제도 얘기해.	N	2022-09-15 05:39:11	2022-11-08 05:20:50
BE22018324	15	0	응, 언니. 정말 고마워. 언니 덕분에 오늘 하루 그래도 기분 나아진 상태로 마무리할 수 있을 것 같아. 다음에 만나면 내가 뒷얘기를 들려줄게.	Y	2022-09-15 05:39:11	2022-11-08 05:20:50
