id	utterance_id	utterance_type	utterance_text	terminate	regDate	updDate
BE22014964	1	0	언니, 우리 애는 동생이 너무 갖고 싶대. 친구 중에 자기만 동생이 없다고, 자기도 동생만 있으면 소원이 없겠다는 말에 비통한 마음이 들었어. 애를 하나 더 낳을 형편이 안 되는 현실이 너무 슬프다.	N	2022-08-20 01:29:24	2022-11-08 05:00:09
BE22014964	2	1	맞벌이에 살림까지 하는 네가 얼마나 힘든지 잘 알아. 형편이 그래서 애 소원을 못 들어주니 얼마나 속상하겠니.	N	2022-08-20 01:29:24	2022-11-08 05:00:09
BE22014964	3	0	집 살 때 받은 대출금 이자도 힘에 벅찬데 애 교육비도 만만찮아. 나까지 벌지 않으면 도저히 감당이 안 되는 거야.	N	2022-08-20 01:29:24	2022-08-20 01:29:24
BE22014964	4	1	네 형편을 너무 잘 아니까 나도 늘 안타까워. 아이 마음도 이해는 하지만 현실적으로 불가능한 일에 너무 애쓰지 않았으면 좋겠다.	N	2022-08-20 01:29:24	2022-11-08 05:00:09
BE22014964	5	0	그래서 애한테도 그런 소리 하지 말라고 다짐을 뒀어. 그런데 애가 풀 죽은 모습을 보니 또 마음이 슬픈 거야. 형제 하나도 없이 세상을 살아갈 애가 불쌍하기도 하고.	N	2022-08-20 01:29:24	2022-08-20 01:29:24
BE22014964	6	1	우리는 형제가 여럿이라 마음의 의지가 되고 좋은데 네 애는 혼자라 심심할 수는 있겠지. 생각하면 마음만 아플 테니 그만 털어버렸으면 좋겠어.	N	2022-08-20 01:29:24	2022-11-08 05:00:09
BE22014964	7	0	나중에 형편이 되면 입양으로 동생을 만들어 줄까 생각 중인데 자신할 수는 없어. 애 하나 키우기도 보통 어려운 게 아니라 뜻대로 될지 모르겠어.	N	2022-08-20 01:29:24	2022-11-08 05:00:09
BE22014964	8	1	그런 생각을 했다는 것도 대단하다. 네가 정말 아이를 사랑한다는 게 보여서 마음이 짠하다. 아이도 그런 네 마음을 알면 고마워할 거야.	N	2022-08-20 01:29:24	2022-11-08 05:00:09
BE22014964	9	0	내가 그런 마음을 먹었다는 것만도 애가 고마워할까? 진짜 이루어지지 않으면 더 실망할까 봐 걱정이야. 그래서 말도 못 꺼내고 있어.	N	2022-08-20 01:29:24	2022-08-20 01:29:24
BE22014964	10	1	그게 엄마의 진정한 사랑이라 생각하면 당연히 고마워하지. 친구들과 부대끼다 보면 아이도 외로울 새가 없을 테니 너무 걱정하지 않아도 돼.	N	2022-08-20 01:29:24	2022-11-08 05:00:09
BE22014964	11	0	언니 말도 맞는 게 정말 친구들이 많기도 하고 거의 찰떡처럼 붙어 다니더라고. 없는 우리도 어릴 때는 친구만 있으면 외로울 새가 없었지.	N	2022-08-20 01:29:24	2022-11-08 05:00:09
BE22014964	12	1	거기다 엄마인 네가 형제 몫까지 사랑을 쏟아주고 있잖아. 네 아이도 더 크면 엄마가 왜 동생을 가질 수 없었는지 이해하게 될 거야. 형제가 없는 대신 큰 사랑을 받았다는 걸 알면 행복해할 테니까 속상해하지 마.	N	2022-08-20 01:29:24	2022-11-08 05:00:09
BE22014964	13	0	언니가 이렇게 위로해 주는 걸 보니 역시 형제밖에 없는 것 같아. 우리 애는 이런 형제가 없어 아쉽지만, 현실이 그러니 어쩌겠어? 대신 내가 더욱 사랑해주면 되니까 진짜 그만 속상해해야겠어.	N	2022-08-20 01:29:24	2022-11-08 05:00:09
BE22014964	14	1	네가 마음이 편안해야 아이를 사랑하는 데도 거침없을 테니 부디 마음을 편안히 먹어.	N	2022-08-20 01:29:24	2022-11-08 05:00:10
BE22014964	15	0	정말 언니랑 얘기하다 보니 마음이 다 풀렸어. 덕분에 내가 앞으로 어떻게 행동해야 하는지도 확실히 알게 되었어. 좋은 말로 다독거려 줘서 고마워, 언니.	Y	2022-08-20 01:29:24	2022-11-08 05:00:10
