id	utterance_id	utterance_type	utterance_text	terminate	regDate	updDate
BE22002636	1	0	나 진짜 뭐 하고 사는지 모르겠다.	N	2022-06-22 07:04:49	2022-11-08 03:41:27
BE22002636	2	1	왜? 회사에서 무슨 일 있었어?	N	2022-06-22 07:04:49	2022-11-08 03:41:27
BE22002636	3	0	내가 요즘 컴퓨터 앞에만 있어서 난시가 심해졌다고 말했나?	N	2022-06-22 07:04:49	2022-11-08 03:41:27
BE22002636	4	1	응. 내가 그래서 안경 맞추라고 말했었잖아.	N	2022-06-22 07:04:49	2022-11-08 03:41:27
BE22002636	5	0	네 말을 들었어야 했는데. 내가 회사에서 자료 입력을 하는데 난시 때문에 서류에 숫자를 잘못 쓴 거 있지?	N	2022-06-22 07:04:49	2022-11-08 03:41:27
BE22002636	6	1	정말? 언니 정말 당황스러웠겠다. 일은 하나하나 꼼꼼하게 확인하는 언닌데, 얼마나 놀랐을까.	N	2022-06-22 07:04:49	2022-11-08 03:41:27
BE22002636	7	0	팀장님이 내 실수 못 잡아내셨으면 큰일났을 거야. 내가 왜 그때 네 말을 안 들었었는지 너무 후회되고 사실 회사에서 좀 울었어.	N	2022-06-22 07:04:49	2022-11-08 03:41:27
BE22002636	8	1	언니가 바빠서 안경점 갈 시간이 없었던 거지 일부러 그런 게 아니잖아. 너무 상심하지 마.	N	2022-06-22 07:04:49	2022-11-08 03:41:27
BE22002636	9	0	그래도 내가 네 말을 그때 들었으면 팀장님께 혼도 안 났을 텐데. 진짜 너무 속상하다.	N	2022-06-22 07:04:49	2022-11-08 03:41:27
BE22002636	10	1	팀장님이 발견하셨으니 다행이라고 생각하고 다시 그런 일이 없도록 주의하면 되지.	N	2022-06-22 07:04:49	2022-11-08 03:41:27
BE22002636	11	0	당장이라도 안경을 맞추러 가야겠다. 이제 더는 미루면 안 되겠어.	N	2022-06-22 07:04:49	2022-11-08 03:41:27
BE22002636	12	1	맞아. 계속 미루면 눈이 점점 나빠질 거야. 안경을 맞추고 나면, 훨씬 스트레스도 줄 테니까 염려 마.	N	2022-06-22 07:04:49	2022-11-08 03:41:27
BE22002636	13	0	알았어. 예쁜 안경으로 맞추고, 사진 찍어서 보낼게.	N	2022-06-22 07:04:49	2022-11-08 03:41:27
BE22002636	14	1	우리 언니 미모가 더 돋보이겠는걸? 조심히 잘 다녀와.	Y	2022-06-22 07:04:49	2022-11-08 03:41:27
