id	utterance_id	utterance_type	utterance_text	terminate	regDate	updDate
BE22015563	1	0	나 한파가 심해져서 전기장판을 꺼냈어. 보일러를 틀면 가스비가 너무 나오니, 최대한 전기장판으로 버티려고. 부모님이 월세 내 주시는 것도 빠듯할 텐데, 가스비까지 받을 수는 없으니.	N	2022-08-24 14:43:53	2022-08-24 14:43:53
BE22015563	2	1	형 자취방에 외풍이 엄청 심하다며. 그런데 보일러도 잘 못 틀어서 어떡하냐? 자취방에서 처음 겪는 겨울이라 더 힘들겠다.	N	2022-08-24 14:43:53	2022-11-08 05:03:50
BE22015563	3	0	그래, 전기장판에 누워 이불로 온몸을 싸매고 있자니 내 처지가 슬퍼. 코끝까지 시려서 이불을 머리끝까지 덮었다가 숨 막혀 다시 내리고는 해.	N	2022-08-24 14:43:53	2022-11-08 05:03:50
BE22015563	4	1	코끝까지 시리다니, 내 마음도 시려 오는 것만 같아. 할 수 있다면 우리 집의 공기를 형에게 보내 주고 싶은 심정이야.	N	2022-08-24 14:43:53	2022-08-24 14:43:53
BE22015563	5	0	그래, 나도 외풍 없던 우리 집이 그리워. 그쪽 대학에 입학하라는 부모님 말씀에, 서울로 대학을 오겠다고 고집한 것이 후회스럽기도 해.	N	2022-08-24 14:43:53	2022-08-24 14:43:53
BE22015563	6	1	얼마나 추우면 그런 생각까지 들까? 형이 너무 안쓰럽다. 그렇지만 형, 형은 서울의 대학에 가는 것이 꿈이자 소원이었잖아.	N	2022-08-24 14:43:53	2022-11-08 05:03:50
BE22015563	7	0	그래, 그러니 이 추위 또한 내가 감수해야 할 테지만, 추운 공기에 몸도 마음도 움츠러들어. 열심히 아르바이트해 봤자 생활비밖에 안 되는 현실이 내 가슴을 아프게 해. 가스비까지 내 줄 여력이 없는 우리 집 형편도 안타깝고.	N	2022-08-24 14:43:53	2022-11-08 05:03:50
BE22015563	8	1	형이 얼마나 힘들고 슬플지, 생각만 해도 눈물이 나. 그렇지만 형, 한파는 영원하지 않잖아. 얼마 안 있으면 이 추위도 사라질 테니, 너무 부정적으로만 생각하지 말았으면 좋겠어.	N	2022-08-24 14:43:53	2022-11-08 05:03:50
BE22015563	9	0	나도 그러고 싶은데, 오늘은 마음을 다잡기가 힘드네. 알바 끝나고 추위를 피해 쇼핑몰에 있다 집에 들어왔는데, 추운 공기에 왈칵 눈물이 나더라. 내가 왜 이곳에서 생고생하고 있나, 싶어 원서 쓰기 전으로 시간을 되돌리고 싶었어.	N	2022-08-24 14:43:53	2022-11-08 05:03:50
BE22015563	10	1	오죽 춥고 힘들면 그런 생각까지 했겠어. 하지만 형이 지금의 시련을 이겨내면, 더 큰 시련과도 싸울 힘이 생길 거야. 많이 힘들겠지만 지금 이 시기를, 형이 더욱 단단해질 기회라고 생각하면 어떨까?	N	2022-08-24 14:43:53	2022-11-08 05:03:50
BE22015563	11	0	나는 추위에 벌벌 떨기만 했지, 그런 생각은 못 했네. 네 말을 들으니, 추위에 움츠러들기만 한 나 자신이 부끄러워지는걸. 내가 못 본 사이, 네 마음이 많이 자랐구나.	N	2022-08-24 14:43:53	2022-11-08 05:03:50
BE22015563	12	1	내 마음이 자랐다면, 그건 형 덕분이기도 해. 나는 꿈꾸던 대학에 가서 알바하며 열심히 살아가는 형이, 너무 존경스럽거든. 그런 형이 내 롤모델이라고 주변에 말하고 나니는걸.	N	2022-08-24 14:43:53	2022-11-08 05:03:50
BE22015563	13	0	와, 진짜? 이거 감동이다. 널 생각해서라도 꿋꿋하게 이 추위를 버텨내야겠다는 의지가 드는걸.	N	2022-08-24 14:43:53	2022-08-24 14:43:53
BE22015563	14	1	형에게 의지가 생겼다니 정말 다행이야. 지금은 너무 추워 이불 속에 웅크리고 있지만, 형이 곧 힘내서 일어날 거라 믿어. 멀리 있지만 언제나 내가 형을 응원할게.	N	2022-08-24 14:43:53	2022-11-08 05:03:50
BE22015563	15	0	고마워, 동생아. 이제 나 일어나 점퍼라도 입고 밥을 먹을 먹고 책을 볼 생각이 드네. 다 네가 내게 힘을 준 덕분이야.	Y	2022-08-24 14:43:53	2022-08-24 14:43:53
