id	utterance_id	utterance_type	utterance_text	terminate	regDate	updDate
BE22018461	1	0	언니, 언니 눈에도 내가 그렇게 늙어 보여? 요즘 늙어 보인다는 말을 부쩍 자주 들어서 너무 슬프다.	N	2022-09-16 01:28:21	2022-11-08 05:21:36
BE22018461	2	1	아니, 내 눈에는 예쁘기만 한걸. 누가 너에게 늙어 보인다는 말을 한 거야, 그 말을 들으면 네 기분이 많이 안 좋았겠는걸.	N	2022-09-16 01:28:21	2022-11-08 05:21:36
BE22018461	3	0	내가 진짜 늙어 보이는 건지, 아니면 진짜 늙은 건가 싶어서 너무 속상해. 어제 남편이랑 식당에 갔는데, 사장님께서 남편이 나에 비해 엄청 동안이고 내가 늙어 보인다고 하시더라고. 친해서 한 말이지만 나는 그 말을 듣고 되게 슬펐어, 안 그래도 남편이랑 비교되는 게 스트레스였거든.	N	2022-09-16 01:28:21	2022-11-08 05:21:36
BE22018461	4	1	그랬구나, 누구라도 그런 말을 들으면 속상하고 슬펐을 거야. 아무리 친한 사이에서 장난으로 한 말이라도 충분히 기분이 안 좋을 만했네. 특히 너는 안티에이징에 신경 많이 쓰고 있어서 더 그랬겠다.	N	2022-09-16 01:28:21	2022-11-08 05:21:36
BE22018461	5	0	남편은 관리도 안 하는데, 왜 관리하는 나만 늙어 보인다는 건지 참 우울해. 피부관리고 뭐고 이제 그냥 다 그만두고 싶을 정도야. 더 슬픈 건 필사적으로 젊어 보이고 싶어하는 나 자신이야.	N	2022-09-16 01:28:21	2022-11-08 05:21:36
BE22018461	6	1	너무 속상해하지 마 동생, 언니 눈에는 진심으로 네가 예뻐보여. 그리고 진짜 중요한 건, 내면에서 우러나오는 아름다움이잖아, 넌 충분히 그걸 갖추고 있어. 내가 보기에는 넌 정말 아름다워, 너무 슬퍼하지 말고 자신감을 가져.	N	2022-09-16 01:28:21	2022-11-08 05:21:36
BE22018461	7	0	그건 맞지, 나도 자꾸 외적인 모습에 신경쓰게 되는 내 자신이 참 싫을 때가 많아. 그러면서도 젊어보이려고 노력하는 내 자신의 모습을 보면 참 울적해져. 이렇게 자기혐오에까지 빠지게 되는 것 같아.	N	2022-09-16 01:28:21	2022-11-08 05:21:36
BE22018461	8	1	네가 얼마나 훌륭하고 아름다운 사람인지 계속 생각하다보면, 마음이 더 평화로워질 거야. 외모는 언젠가 늙더라도 내면의 아름다움은 죽을 때까지 유지되니까.	N	2022-09-16 01:28:21	2022-11-08 05:21:36
BE22018461	9	0	맞아, 언니 말을 들으니 그래도 기분이 나아진다. 어제는 사실 정말 슬펐거든, 세월의 덧없음까지 느껴지고 그랬어. 언니 말을 들으니 좀더 현명하게 생각하게 돼.	N	2022-09-16 01:28:21	2022-11-08 05:21:36
BE22018461	10	1	네 마음이 나아졌다니 다행이다. 그런 말을 들으면 누구나 우울할 거야, 네 탓이 아니야. 가끔씩 그런 순간들이 오지만, 내면의 아름다움에 집중하면서 살도록 노력하면 마음에 진정한 평화가 찾아올 거야.	N	2022-09-16 01:28:21	2022-11-08 05:21:36
BE22018461	11	0	고마워 언니, 괜히 기분이 안 좋아서 남편한테도 짜증을 냈는데, 사과해야겠다. 역시 언니의 위로는 사람의 마음을 편안하게 해.	N	2022-09-16 01:28:21	2022-11-08 05:21:36
BE22018461	12	1	위로가 되었다니 나도 기쁘네. 남편한테도 사과하고, 오늘 즐거운 시간 보내기를 바랄게.	N	2022-09-16 01:28:21	2022-11-08 05:21:36
BE22018461	13	0	그래, 주말에 가족 모임에서 보자, 오늘도 행복한 하루 보내.	N	2022-09-16 01:28:21	2022-09-16 01:28:21
BE22018461	14	1	주말에 빨리 보고 싶다, 한 주 건강하게 보내기를 바라.	Y	2022-09-16 01:28:21	2022-11-08 05:21:36
