id	utterance_id	utterance_type	utterance_text	terminate	regDate	updDate
BE22011568	1	0	언니, 나 다이어트 완전히 망해버렸어. 진짜 시간을 되돌리고 싶어.	N	2022-07-25 10:20:29	2022-11-08 04:38:46
BE22011568	2	1	너 요즘 다이어트 하느라 운동도 열심인 데다가 식단 조절까지도 철저하게 했잖아. 근데 갑자기 망했다니, 무슨 일이야?	N	2022-07-25 10:20:29	2022-11-08 04:38:46
BE22011568	3	0	이번 여름에 보디 프로필이라는 버킷리스트를 이뤄보고 싶어서 나 정말 열심히 노력했거든. 회사에서도 도시락 싸가서 먹고, 매일 운동도 안 빠지고. 근데 오늘 일 마치고 집에 들어와서는 홀린 듯이 족발 주문해서 맥주랑 먹어버렸어.	N	2022-07-25 10:20:29	2022-11-08 04:38:46
BE22011568	4	1	에고, 네가 계속 노력하고 몰입했던 것들이 한순간에 엉망이 되어버린 것 같아서 참담한 기분이구나. 계속 조절하고, 노력했던 부분들이어서 더 마음이 쓰일 것 같아.	N	2022-07-25 10:20:29	2022-11-08 04:38:46
BE22011568	5	0	응, 진짜 내가 너무 어이없어. 근데 오늘 회사에서 너무 안 좋은 일이 있어서 우울했어. 게다가 못 먹는다고 생각하니까 내가 너무 불쌍해지는 거야.	N	2022-07-25 10:20:29	2022-11-08 04:38:46
BE22011568	6	1	그런 날이 있기 마련이지, 회사 일도 마음대로 안 풀리고 우울하기도 한 날 말이야. 게다가 다이어트 때문에 제대로 못 먹고 있어서 더 예민해지기도 했을 거야. 맛있는 것도 제대로 못 먹는 내가 막 가여운 생각이 들기도 하고, 네 마음 이해해.	N	2022-07-25 10:20:29	2022-11-08 04:38:46
BE22011568	7	0	근데 먹고 나니까 너무 후회되고 슬퍼. 이 족발과 맥주가 다 살로 가겠지, 어쩌지.	N	2022-07-25 10:20:29	2022-11-08 04:38:47
BE22011568	8	1	항상 긍정적이고 좋은 점을 바라보려고 노력하던 우리 동생이 이렇게 우울해지다니, 다이어트가 정말 힘든가 보다. 네가 맛있는 걸 먹어서 기분이 좀더 나아지고 후련해졌다면 그걸로 충분하지 않을까? 행복하게 마무리할 수도 있는 일탈인데, 네가 우울해하고 후회하면서 스스로 자책할까 봐 걱정돼.	N	2022-07-25 10:20:29	2022-11-08 04:38:47
BE22011568	9	0	조금만 참을 걸 하는 후회가 자꾸 들긴 해. 그냥 잠들어 버릴걸.	N	2022-07-25 10:20:29	2022-11-08 04:38:47
BE22011568	10	1	오늘 하루가 네게는 정말 지치고 힘든 하루였잖아. 그런 하루 끝에 너를 위한 선물로 족발과 맥주쯤은 뭐 어때! 오늘 하루 먹고 힘을 내서 내일 더 열심히 운동하고, 식단 관리하면 되는 거잖아.	N	2022-07-25 10:20:29	2022-11-08 04:38:47
BE22011568	11	0	그럴까? 내일 아침에 몸무게 쟀을 때 엄청나게 쪄 있을까 봐 걱정돼.	N	2022-07-25 10:20:29	2022-11-08 04:38:47
BE22011568	12	1	찌면 빼면 되지, 하루하루의 몸무게 변화에 일희일비한다면 다이어트하면서 네 마음이 못 견딜 것 같아. 언니는 네가 날씬한 것보다는 행복했으면 좋겠어. 지금까지 늘 그래왔듯이 말이야.	N	2022-07-25 10:20:29	2022-11-08 04:38:47
BE22011568	13	0	언니 말이 맞아. 고작 숫자 하나에 너무 스트레스받으면 어떻게 견디겠어. 고마워, 언니. 하마터면 나 숫자에 집착하면서 나를 너무 옭아맬 뻔했어.	N	2022-07-25 10:20:29	2022-11-08 04:38:47
BE22011568	14	1	목표를 이루는 건 정말 멋진 일이지만 그 과정에서 네가 행복했으면 좋겠어. 한 번쯤은 신나는 일탈을 즐기고, 다시 원래의 일상으로 돌아가는 것도 나쁘지 않을 거야. 너무 스트레스받지 말고, 건강하게 다이어트하자고!	Y	2022-07-25 10:20:29	2022-11-08 04:38:47
