id	utterance_id	utterance_type	utterance_text	terminate	regDate	updDate
BE22018348	1	0	난 왜 이렇게 태어난 걸까? 요즈음 피부 트러블이 더 심해져서 슬프다, 형.	N	2022-09-15 07:06:54	2022-11-08 05:20:58
BE22018348	2	1	내 동생 요즘도 피부 때문에 고민이 많구나. 성인이 되면 좀 나아지나 했더니 근심이 많겠다.	N	2022-09-15 07:06:54	2022-11-08 05:20:58
BE22018348	3	0	응, 너무 스트레스를 받아. 병원도 다녀보고 좋다는 약, 로션 등등 다 써봤는데 소용이 없더라고. 진짜 이런 내 피부가 원망스럽고 슬퍼.	N	2022-09-15 07:06:54	2022-11-08 05:20:58
BE22018348	4	1	여기저기 통원도 다니고 돈도 시간도 많이 들였는데 네 마음처럼 안 되니 얼마나 답답하겠어. 형은 너 마음 다 안다, 그래도 너무 자책하지 마. 밝았던 네가 요즘 힘이 없어 보여 걱정이야.	N	2022-09-15 07:06:54	2022-11-08 05:20:58
BE22018348	5	0	거울을 보면 너무 내가 못나 보이고 또 자존감이 낮아져서 너무 슬퍼. 진짜 남들은 이런 노력 없이 잘만 사는데. 나는 왜 이 고통 속에서 살아야 할까, 눈물이 나.	N	2022-09-15 07:06:54	2022-11-08 05:20:58
BE22018348	6	1	형이 어려서부터 네가 얼마나 피부 때문에 힘들어하고 고생했는지 옆에서 봐와서 그런지 내 맘도 찢어진다. 내 동생 많이 힘들지?	N	2022-09-15 07:06:54	2022-09-15 07:06:54
BE22018348	7	0	노력했는데도 큰 진전이 없어서 너무 속상하고 슬퍼. 사람들 앞에 나서는 것도 두렵고 친구를 만나는 것도 못 하겠어.	N	2022-09-15 07:06:54	2022-11-08 05:20:58
BE22018348	8	1	자신감이 많이 사라지고 무엇보다도 나 자신이 싫어지는 그 느낌 뭔지 알아. 누구나 하나쯤 자신만의 고민으로 종종 위축되곤 하지. 그런데 네가 생각하는 만큼 피부 상태가 나쁘지 않고 지금도 아주 훌륭하고 멋있어.	N	2022-09-15 07:06:54	2022-11-08 05:20:58
BE22018348	9	0	그래? 내 눈에는 아직도 최악이라고 생각했어. 이게 조금 괜찮아지는가 싶으면 금세 또 나빠져. 피부 상태에 따라 기분이 오락가락해서 너무 슬퍼.	N	2022-09-15 07:06:54	2022-11-08 05:20:58
BE22018348	10	1	나도 내 모습에 따라 그날의 기분이 좌지우지되는 경우가 더러 있었던 거 같아. 그래도 형은 너의 피부보다 너의 마음의 상처가 더 깊어질까 우려가 된다. 너무 슬퍼하거나 위축되지 않았으면 좋겠어, 네가 얼마나 따듯하고 매력적인 사람인데.	N	2022-09-15 07:06:54	2022-11-08 05:20:58
BE22018348	11	0	맞아 내가 너무 보이는 모습에만 집착하고 살아온 거 같기도 해. 정작 내 마음은 돌보지 않고 밝았던 내 성격도 점점 어두워지는 것 같고.	N	2022-09-15 07:06:54	2022-09-15 07:06:54
BE22018348	12	1	외적인 부분은 어쩔 수 없는 거 같아. 그래도 너는 꾸준히 노력하면서 그렇게 관리하는 모습이 참 대견하고 멋있어. 너 자신을 아껴야 가능한 일이잖아.	N	2022-09-15 07:06:54	2022-11-08 05:20:58
BE22018348	13	0	그렇게 말해줘서 고마워. 맞아 나도 내가 소중하고 나를 사랑하니까 이렇게 관리하고 욕심을 부렸나 봐. 나도 이제는 나를 자책하지 말고 더 좋은 마음으로 내 내면까지 신경 써야겠어. 고마워, 형.	N	2022-09-15 07:06:54	2022-11-08 05:20:58
BE22018348	14	1	너의 따뜻한 마음처럼 분명 네가 원하는 피부를 가질 수 있을 거야. 물론 지금도 너는 아주 멋있지만. 내가 도움 줄 부분이 있으면 언제든지 연락하고.	Y	2022-09-15 07:06:54	2022-11-08 05:20:58
