id	utterance_id	utterance_type	utterance_text	terminate	regDate	updDate
BE22015956	1	0	언니! 나는 지금 남자 친구가 너무 좋아서 결혼하고 싶은데 주변에서 아직 결혼은 아니라고 결혼하지 말라고 해. 난 정말 잘할 수 있는데 후회 안 할 자신 있는데 주변에서 뭐라고 하니까 슬퍼.	N	2022-08-27 04:32:03	2022-11-08 05:06:18
BE22015956	2	1	남들이 하는 말이 너에게 상처가 되어 슬프고 우울할 것 같아. 잘 해낼 수 있는 네 맘을 몰라주는 사람들이 미울 것 같아.	N	2022-08-27 04:32:03	2022-11-08 05:06:18
BE22015956	3	0	아직 시작도 안 해본 일인데 사람들이 왜 그렇게 반대하는지 잘 모르겠어. 남자 친구 만난 지 1년이 넘었고 서로 알 만큼 알고 둘이 충분한 대화와 시간을 갖고 내린 결정이야. 남들이 수군대고 마음대로 이야기할 때마다 눈물이 나.	N	2022-08-27 04:32:03	2022-11-08 05:06:18
BE22015956	4	1	나라도 남들이 나의 결심에 반대하면 하늘이 무너지는 것처럼 눈물이 펑펑 날 것 같아. 너도 나름대로 큰 결심을 했을 텐데 아무도 알아주지 않고 쓴소리만 해서 더 서러울 것 같아. 그동안의 네 노력이 한순간에 물거품이 되는 기분일 것 같아.	N	2022-08-27 04:32:03	2022-11-08 05:06:18
BE22015956	5	0	맞아. 나도 결혼하기로 마음먹은 건 큰 결심이야. 많은 생각을 하고 내린 결정인데 남들은 쉽게 내린 결정으로 생각하나 봐. 나를 마냥 어리고 철없는 아이라고 생각하는 사람들이 많은 것 같아.	N	2022-08-27 04:32:03	2022-11-08 05:06:18
BE22015956	6	1	내가 보는 너는 마냥 철없는 어린아이가 아니라 신중하고 진중한 어엿한 성인이야. 그런 말들이 너를 아주 작게 만드는 기분일 것 같아. 네 결정이 성급했다고 무언의 압박을 받는 느낌일 것 같아서 슬프고 힘들 것 같네.	N	2022-08-27 04:32:03	2022-08-27 04:32:03
BE22015956	7	0	맞는 말이야. 내가 무턱대고 시간에 쫓겨서 내린 결정이 아닌데 내 의견이 무시되는 게 슬퍼. 내 말은 들어보지 않고 어린아이 취급하면서 잘못한 결정이라고 무언의 압박을 하는 게 느껴져서 너무 슬퍼.	N	2022-08-27 04:32:03	2022-11-08 05:06:18
BE22015956	8	1	그들에게 너의 생각을 진지하게 이야기 해 본 적이 있어? 혹시 그런 기회가 없었다면 이야기할 수 있는 자리를 마련해보는 건 어때?	N	2022-08-27 04:32:03	2022-11-08 05:06:18
BE22015956	9	0	항상 감정이 먼저 올라와서 눈물부터 나서 나의 마음을 솔직하게 이야기 해 본 적은 없어. 네 말대로 자리를 만들어서 이야기해봐야겠다.	N	2022-08-27 04:32:03	2022-11-08 05:06:18
BE22015956	10	1	너의 생각과 마음을 진실하고 정확하게 이야기하고 신중한 고민 끝에 내린 결정이라고 해봐. 네 굳은 의지가 보이면 너의 의견을 존중해줄지도 몰라.	N	2022-08-27 04:32:03	2022-11-08 05:06:18
BE22015956	11	0	알았어! 한번 해볼게. 언니가 내 이야기 들어주어서 조금은 위로가 돼!	N	2022-08-27 04:32:03	2022-11-08 05:06:18
BE22015956	12	1	다행이야. 혹시 도움이 필요하거나 고민이 있다면 나에게 말해! 내가 너와 네 남자 친구를 잘 아니까 조금이나마 힘이 되어줄 수 있을 것 같아.	N	2022-08-27 04:32:03	2022-11-08 05:06:18
BE22015956	13	0	언니가 내 편이라 정말 큰 위로가 돼. 언니라는 존재가 정말 고마워.	N	2022-08-27 04:32:03	2022-11-08 05:06:18
BE22015956	14	1	내 동생 너무 지쳐서 일찍 포기하지 말고 네 의지를 보여주길 바라! 언니가 응원할게.	Y	2022-08-27 04:32:03	2022-11-08 05:06:18
