id	utterance_id	utterance_type	utterance_text	terminate	regDate	updDate
BE22011519	1	0	언니. 우리 둘째 딸이 줄넘기 학원에 다니고 싶어 하는데 우리 집이 그럴 형편이 안 돼. 이것밖에 안 되는 부모라 너무 슬프다.	N	2022-07-25 08:03:53	2022-11-08 04:38:25
BE22011519	2	1	아침 일찍 무슨 연락인가 하고 봤더니 이게 무슨 일이니.	N	2022-07-25 08:03:53	2022-11-08 04:38:25
BE22011519	3	0	같은 반 아이들 대부분이 다니는데 자기만 그 학원 안 다닌다며 우는데 너무 속상하고 슬프더라고. 나도 일한다고 하는데도 생활하기 너무 빠듯해서 학원은 꿈도 못 꿀 상황이거든. 아이도 나도 내 마음대로 되지 않으니 너무 맘이 상하더라.	N	2022-07-25 08:03:53	2022-11-08 04:38:25
BE22011519	4	1	너도 가정에 보탬이 되려고 그렇게 열심히 일하는데도 힘들었구나. 아이 속상하게 만든 것 같아서 너무 슬펐겠다. 어느 부모가 안 그렇겠어. 속이 뒤집히지.	N	2022-07-25 08:03:53	2022-11-08 04:38:25
BE22011519	5	0	내가 이것밖에 안 되는 부모라는 사실을 깨닫고 나니 살 떨리게 낙담하게 됐어. 심장이 쿵 하고 내려앉더라고. 내가 아무리 발버둥 쳐봐도 애원하는 학원 하나 보내줄 수 없다는 사실에 슬퍼.	N	2022-07-25 08:03:53	2022-11-08 04:38:25
BE22011519	6	1	열심히 일한 결과가 내 아이 속상하게 한다고 하면 마음이 너무 아프지. 나였어도 눈물이 펑펑 났을 거야. 언니 마음도 너무 아프다. 동생아.	N	2022-07-25 08:03:53	2022-11-08 04:38:25
BE22011519	7	0	아이에게 이런 상황을 이해시키는 것조차 너무 참담하고 마음이 아파. 너무 그러고 싶지 않은데 결국 해야 하는 일이니까. 어쩌다 여기까지 왔는지 모르겠어.	N	2022-07-25 08:03:53	2022-11-08 04:38:25
BE22011519	8	1	연은 순풍이 아니라 역풍에 가장 높이 난다는구나. 지금 부는 역풍에 동생이 쓰러지지 않고 더 높이 날기 위해 도약하는 마음을 가졌으면 좋겠다. 쉽지 않겠지만 결국 지나가야 하는 일이라면 말이야.	N	2022-07-25 08:03:53	2022-11-08 04:38:25
BE22011519	9	0	그럴 수 있을까? 내가 더 높게 날 수 있는 걸까? 지금 상태라면 높게 나는 건 상상도 할 수 없어.	N	2022-07-25 08:03:53	2022-11-08 04:38:25
BE22011519	10	1	네 마음 먹기 따라 달라지지 않겠어? 여태 가정을 든든히 받쳐 온 것도 동생은 박수받아 마땅해. 언니가 봤을 때 너무 대단해. 우리 동생.	N	2022-07-25 08:03:53	2022-11-08 04:38:25
BE22011519	11	0	그렇게 말해줘서 고마워. 누구에게도 듣지 못했던 말이야. 언니에게 위로받으니 정말 힘이 난다.	N	2022-07-25 08:03:53	2022-11-08 04:38:25
BE22011519	12	1	고맙기는. 힘이 난다니 너무 다행이다. 밥 든든히 먹고 무너지지 않고 해오던 대로 열심히 해보자.	N	2022-07-25 08:03:53	2022-11-08 04:38:25
BE22011519	13	0	그래. 지금 당장은 이렇게 힘들지만, 언젠가 날아오를 날이 있겠지? 언젠가 이 순간을 이야기하며 웃을 날도 오겠지? 언니?	N	2022-07-25 08:03:53	2022-11-08 04:38:25
BE22011519	14	1	물론이지. 힘든 일 있으면 언제든 연락해. 동생.	N	2022-07-25 08:03:53	2022-11-08 04:38:25
BE22011519	15	0	들어줘서 고마워. 언니도 밥 든든히 먹고요. 나중에 또 연락할게.	Y	2022-07-25 08:03:53	2022-11-08 04:38:25
