id	utterance_id	utterance_type	utterance_text	terminate	regDate	updDate
BE22002308	1	0	언니, 언니는 힘든 일이 있거나 고민이 있을 때 어떻게 해?	N	2022-06-21 04:32:42	2022-11-08 03:39:21
BE22002308	2	1	나? 친한 친구한테 말해서 풀 거나 술 마시거나 그러지. 왜?	N	2022-06-21 04:32:42	2022-11-08 03:39:21
BE22002308	3	0	역시 언니는 그렇구나. 나는 언니처럼 터놓는 성격이 못 되니까 이렇게 힘든가봐.	N	2022-06-21 04:32:42	2022-11-08 03:39:21
BE22002308	4	1	요즘 무슨 고민이 생긴 거야? 왜 그래 갑자기?	N	2022-06-21 04:32:42	2022-11-08 03:39:21
BE22002308	5	0	언니도 내 성격이 폐쇄적이고 내향적인 거 잘 알잖아. 뭔가 힘든 일이 있어도 다른 사람에게 털어놓질 못하겠어.	N	2022-06-21 04:32:42	2022-11-08 03:39:21
BE22002308	6	1	네가 속으로 많이 쌓아두고 혼자 해결하려는 성향이 강하긴 하지. 그게 나쁜 거라고 할 순 없지만, 그게 힘들어진 거야?	N	2022-06-21 04:32:42	2022-11-08 03:39:21
BE22002308	7	0	응, 문득 아무리 내가 힘들어도 알 사람이 없겠구나 싶은 마음이 들었어. 좀 외롭고 슬퍼.	N	2022-06-21 04:32:42	2022-11-08 03:39:21
BE22002308	8	1	지금 이렇게 내게 말을 하듯 남에게도 하면 되는 거야. 이제라도 마음을 먹고 남에게 조금씩 너에 대해 이야기하는 것을 시작해 보면 어떨까?	N	2022-06-21 04:32:42	2022-11-08 03:39:21
BE22002308	9	0	여태 안 그러다가 갑자기 그러면 친구들이 이상하게 생각하진 않을까?	N	2022-06-21 04:32:42	2022-11-08 03:39:21
BE22002308	10	1	그렇지 않을 거야. 오히려 너의 마음을 나눠준다는 생각에 고맙고 기꺼워할 거야. 네 친구들을 믿어 봐.	N	2022-06-21 04:32:42	2022-11-08 03:39:21
BE22002308	11	0	정말 뭐라도 말을 하고 싶어. 내 안에만 쌓이는 고민을 나누고 같이 의논하고 그러고 싶어. 혼자만의 시간은 이제 너무 우울해.	N	2022-06-21 04:32:42	2022-11-08 03:39:21
BE22002308	12	1	네가 이렇게 깨달았으니 그다음부턴 수월해질 거야. 원래 시작이 반이라고 하잖니. 용기를 내고 가장 가깝게 느끼는 친구한테 털어놓는 걸 시작하는 게 어떻겠니?	N	2022-06-21 04:32:42	2022-11-08 03:39:21
BE22002308	13	0	그래, 언니 말을 듣고 용기를 내볼게.	N	2022-06-21 04:32:42	2022-11-08 03:39:21
BE22002308	14	1	네가 지금은 슬프고 우울하겠지만 언제까지 그러지는 않을 거야. 넌 사람의 마음을 편하게 해주는 재주가 있고 특히 경청하는 좋은 점이 있으니까. 너를 믿고 네 친구를 믿는다면 외로움은 저 멀리 갈 거야, 힘내!	N	2022-06-21 04:32:42	2022-11-08 03:39:21
BE22002308	15	0	좋은 말 고마워, 언니. 언니 덕분에 정말 힘이 생겼어. 나 잘 해볼게!	Y	2022-06-21 04:32:42	2022-11-08 03:39:21
