id	utterance_id	utterance_type	utterance_text	terminate	regDate	updDate
BE22017297	1	0	언니, 오늘 딸을 재우고 잠시 친구들과 만나기로 했어. 그런데 내가 잠시 부엌에 간 사이 무서운 프로그램을 봤는지 무섭다며 잠들 생각을 하지 않아. 정말 오랜만에 고향 친구들이 왔는데 만나지 못할 거라 생각하니 슬퍼.	N	2022-09-07 01:47:49	2022-11-08 05:14:29
BE22017297	2	1	타지에서 결혼하고 육아까지 하느라 외출을 거의 하지 못했잖아. 정말 오랜만에 쉴 겸 친구들과 약속이 잡혔는데 못 가게 된다면 나도 슬펐을 거야. 그래도 아직 약속 시간까지 남았을 건데 딸이 전혀 잠들 기미가 없어?	N	2022-09-07 01:47:49	2022-11-08 05:14:29
BE22017297	3	0	잠들 기미도 없고 무서워하네, 아이가 채널을 돌리지 못하게 리모컨을 본래 들고 다녔었거든. 그런데 오늘따라 정신이 없어서 깜빡하고 그대로 둬버려서 딸이 무서운 걸 봐버렸어. 내가 딸에게 제대로 집중하지 못하고 부족하게 군다고 생각하니 슬퍼져.	N	2022-09-07 01:47:49	2022-11-08 05:14:29
BE22017297	4	1	네가 거의 혼자 육아를 맡으며 지친 나머지 울적한 기분이 들고 슬퍼진 걸지도 몰라. 처음 하는 일은 원래 낯설고 모르는 것투성이라 실수하면서 배워가는 거잖아. 통제할 수 없는 사건은 본래 생기기 마련이고 너는 이미 충분히 최선을 다하고 있어.	N	2022-09-07 01:47:49	2022-11-08 05:14:30
BE22017297	5	0	그렇지만 나는 다른 엄마들에 비해 아이에게 잘 집중하지 못하고 유난히 육아를 힘들어하는 것 같아. 그러면 안 된다는 걸 알지만 가끔은 딸을 두고 친구들과 며칠 놀러 가거나 쉬고 싶어져. 슬프게도 나는 엄마의 자질이 떨어진다는 생각이 들어.	N	2022-09-07 01:47:49	2022-11-08 05:14:30
BE22017297	6	1	본래 바깥 활동을 좋아하고 활동적인 성향을 갖고 있음에도 임신 때부터 계속 참아왔었잖아. 그렇게 몇 년이 넘도록 자제를 하고 아이에게 집중한 것도 대단한 인내심이었어. 잘하고 싶다고 느껴서 부족하다고 생각하는 거니까 이미 노력하고 있는 거고 더 잘하게 될 거야.	N	2022-09-07 01:47:49	2022-11-08 05:14:30
BE22017297	7	0	지금은 딸이 자라서 재워 놓고 외출도 자유롭게 하게 된 편이지만 요즘 따라 지쳤는지 우울해. 그래서 몇 년 만에 고향 친구들과 만나서 회포도 풀고 기운을 얻으려 했어. 그런데 슬프게도 이런 일이 일어났고 겨우 잡은 약속에 어울리지 못하게 될 것 같아.	N	2022-09-07 01:47:49	2022-09-07 01:47:49
BE22017297	8	1	의지가 되는 친구들과 만난다는 생각에 들떴는데 예기치 못한 이유로 취소된다면 나도 슬플 거야. 그렇지만 아직 시간은 남았고 끝까지 해보지 않는 이상 결과는 알 수 없잖아. 일단 긍정적인 가능성에 집중하면 기분도 나아지고 문제를 해결할 수 있는 방법도 생각이 날 거야.	N	2022-09-07 01:47:49	2022-11-08 05:14:30
BE22017297	9	0	하지만 더 이상 남은 방법도 없고 맡길 만한 사람도 주변에 없어. 남편도 타지로 외근을 간 상태라 의지할 사람이 없다고 생각하니 슬픈 마음이 들어. 나 혼자 아이를 책임지고 모두 해야 한다고 생각하니 마음이 몹시 무거워.	N	2022-09-07 01:47:49	2022-09-07 01:47:49
BE22017297	10	1	한 생명에 대한 무거운 책임감을 등지지 않고 지금까지 버텨냈다니 정말 대단해. 어떤 일이든 당연한 건 없고 모두 네가 노력해서 지금까지 버텨온 거니까 힘들면 쉬어가도 괜찮아. 미래를 보면 부담스럽겠지만 네가 이뤄낸 것과 아이와 기뻤던 일을 떠올리면 다시 기운이 생길 거야.	N	2022-09-07 01:47:49	2022-11-08 05:14:30
BE22017297	11	0	맞아 언니의 말을 듣고 나니 자신감이 생기기 시작했어. 힘들긴 했지만 노력해서 지금까지 아이를 이렇게 키워왔고 위기를 넘기고 즐거운 일도 있었어. 아이 덕분에 행복한 순간도 많았던 걸 생각하니 기운이 나.	N	2022-09-07 01:47:49	2022-11-08 05:14:30
BE22017297	12	1	네가 지금까지 해온 일에 실수나 어려움이 많았겠지만 그걸 이겨내고 지금에 다다른 것도 대단한 거야. 넌 충분히 힘내왔고 그동안 경험을 쌓아서 버틸 수 있다는 걸 배워왔지. 분명 지금의 어려움도 시간이 흘러 돌아보면 작은 웅덩이에 불과했다는 걸 깨닫게 될 거야.	N	2022-09-07 01:47:49	2022-11-08 05:14:30
BE22017297	13	0	언니 얘기처럼 좋은 날이 올 순간을 생각하니 기분이 많이 나아졌어. 친구를 만나지 못하게 되더라도 꼭 다시 만날 수 있는 때가 오겠지, 하고 생각하면 맘이 편해. 아직 내게 기회가 남아있다는 생각이 들어.	N	2022-09-07 01:47:49	2022-11-08 05:14:30
BE22017297	14	1	그래 너에겐 아직 남은 시간이 있고 그 모든 날에 기회가 찾아올 거야. 예기치 못한 문제가 닥친 것처럼 생각지 못한 행운과 기쁨이 깃드는 날도 있겠지. 그러니 좋은 날을 생각하며 조금만 더 힘내보자.	Y	2022-09-07 01:47:49	2022-11-08 05:14:30
