id	utterance_id	utterance_type	utterance_text	terminate	regDate	updDate
BE22017498	1	0	오늘 어린이날이라고 어머니께서 용돈을 주셨어요. 성인이 됐는데 아직도 어린이날 선물을 받으니 기분이 좀 그러네요. 제가 한 사람의 어른 구실을 못 하고 있어 그러시는가 싶어 슬퍼요.	N	2022-09-08 04:15:17	2022-11-08 05:15:44
BE22017498	2	1	자신은 어른이라 생각하는데 어린이날 선물을 받으면 마음이 서글프기는 하겠다. 지금 네가 취업을 못 한 상태라 더 그렇게 느끼는 것 같아. 네 심정이 이해되어 나도 속상하다.	N	2022-09-08 04:15:17	2022-11-08 05:15:44
BE22017498	3	0	언제쯤 나도 취직해서 부모님 용돈을 드릴 수 있을까 싶은 게 암담한 생각밖에 안 들어요. 계속 이렇게 용돈을 받으며 지내게 되면 어쩌나 하는 걱정도 있어요. 세상일이 너무 뜻대로 안 되는 것 같아 슬프네요.	N	2022-09-08 04:15:17	2022-11-08 05:15:44
BE22017498	4	1	네 마음이 지금 슬픈 상태라 더 비관적인 생각을 하는 것 같다. 일이 잘 안 풀릴 때는 그런 생각이 들 수도 있어. 그래도 고난이 계속되는 건 아니니까 마음을 좀 넉넉하게 가졌으면 좋겠다.	N	2022-09-08 04:15:17	2022-11-08 05:15:44
BE22017498	5	0	저도 그렇게 마음먹고 싶은데 뜻대로 안 돼요. 여러 군데 이력서를 내도 연락이 오는 곳은 드물어서 마음이 서글퍼요. 정말 부모님 뵐 면목이 없어요.	N	2022-09-08 04:15:17	2022-11-08 05:15:44
BE22017498	6	1	요즘 경기가 안 좋아 너처럼 고통받는 사람이 많은가 보더라. 그래도 포기하지 않고 꾸준히 노력하면 언젠가 뜻을 이룰 거라고 믿어. 비관적인 생각을 하면 점점 그쪽으로 빠져드니 마음을 긍정적으로 바꿨으면 좋겠다.	N	2022-09-08 04:15:17	2022-11-08 05:15:44
BE22017498	7	0	앞을 봐도 뒤를 봐도 다 암담한데 어떻게 마음이 긍정적이겠어요. 경기가 회복된다고 말로만 떠들지 나아지는 건 없어 보여요. 부모님 얼굴을 보면 죄송하고 슬픈 마음밖에 안 들어요.	N	2022-09-08 04:15:17	2022-11-08 05:15:44
BE22017498	8	1	경제지표가 나아지는 걸로 나왔으면 앞으로 나아질 테니 안심해도 될 거야. 그럼 네가 원하는 일도 곧 생길 테니 마음을 놓았으면 좋겠다. 조급함을 버리고 마음을 느긋하게 가지면 오히려 일이 잘 풀릴 거라고 믿기 바란다.	N	2022-09-08 04:15:17	2022-11-08 05:15:44
BE22017498	9	0	저도 사실은 경제지표만 믿고 있어요. 경기가 풀리면 일하는 사람이 많이 필요할 테니 저에게도 기회가 오겠지요. 누나 말을 들으니 마음이 조금 더 놓이는 것 같네요.	N	2022-09-08 04:15:17	2022-11-08 05:15:44
BE22017498	10	1	너는 그동안 준비도 많이 한 사람이라 나는 걱정을 안 해. 기회가 오면 분명 유능한 회사원이 될 거라고 너도 스스로 믿기 바란다. 네 마음을 자신감으로 가득 채워 슬픈 생각이 끼어들 틈을 주지 않았으면 좋겠어.	N	2022-09-08 04:15:17	2022-11-08 05:15:44
BE22017498	11	0	누나 말이 맞는 게, 확실히 자신감이 떨어질 때 슬픈 생각이 들더라고요. 이제 자신감으로 재무장한 뒤 취업에 박차를 가해야겠어요. 그렇게 해서 어린이날 부모님께 용돈을 받는 일은 없게 해야겠어요.	N	2022-09-08 04:15:17	2022-11-08 05:15:44
BE22017498	12	1	네가 그렇게 기운을 차리는 걸 보니 나도 마음이 좋다. 그리고 어린이날 용돈 받은 걸 너무 속상해하지는 마. 부모님 눈에는 네가 아직 어린아이라 아끼는 마음에 용돈을 주신 거니 고마워했으면 좋겠어.	N	2022-09-08 04:15:17	2022-11-08 05:15:44
BE22017498	13	0	그 일은 당연히 고맙고 마음도 따뜻한 일이지요. 다만 저 자신이 백수이다 보니 자격지심에 그런 생각이 들었을 뿐이에요. 앞으로는 제가 돈을 벌어 부모님께 용돈을 넉넉히 드릴 작정이에요.	N	2022-09-08 04:15:17	2022-11-08 05:15:44
BE22017498	14	1	그런 기특한 생각을 하고 있다니 나는 물론 부모님도 무척 기뻐하실 거야. 너는 기본적으로 선량하고 능력 있는 사람이라 어떤 일을 맡아도 잘 할 수 있을 거야. 용기를 잃지만 않으면 언제고 원하는 일을 얻을 테니 힘내기 바란다.	N	2022-09-08 04:15:17	2022-11-08 05:15:44
BE22017498	15	0	누나 얘기를 듣고 저도 자신감을 다시 회복했어요. 부모님께 용돈을 드릴 수 있는 그날까지 계속 노력할게요. 좋은 말로 다독여줘서 고마워요 누나.	Y	2022-09-08 04:15:17	2022-11-08 05:15:44
