id	utterance_id	utterance_type	utterance_text	terminate	regDate	updDate
BE22011701	1	0	지난번에 네가 물어봤던 취업 관련 자료, 방금 메일로 보냈으니 확인해 봐. 근데 형이 요새 직장 생활에 현타가 와서 별로 질 좋은 자료는 못 만들었어, 미안.	N	2022-07-26 02:07:07	2022-11-08 04:39:36
BE22011701	2	1	고마워, 바로 출력해서 확인해 볼게. 근데 형 회사에서 무슨 일 있었어?	N	2022-07-26 02:07:07	2022-11-08 04:39:36
BE22011701	3	0	별일 있는 건 아닌데, 요즘 다들 주식이나 코인 거래로 돈을 많이 벌잖아. 근데 생각해보니까 나는 평생 근로소득 말고는 돈을 벌어본 적이 없는 거야. 나만 바보처럼 일하고 있는 건가 싶어서 자꾸 슬픈 기분이 들어.	N	2022-07-26 02:07:07	2022-11-08 04:39:36
BE22011701	4	1	내 친구 중에서도 그렇게 투자로 돈 버는 애들 많이 생겼더라. 요새 유행인 것 같은데, 이 붐도 금방 지나갈 거야. 너무 속상해하지 마.	N	2022-07-26 02:07:07	2022-11-08 04:39:36
BE22011701	5	0	그렇지만, 다른 사람들은 똑똑하게 돈 버는데 나만 생고생해가며 일하는 것 같아. 주변에 쉽게 돈 버는 사람들이 많이 생기니까 상대적 박탈감이 진하게 들어서 너무 슬퍼. 내 인생 전체에 대한 회의감도 생기고, 그동안 내가 노력했던 건 대체 뭐였나 싶어.	N	2022-07-26 02:07:07	2022-11-08 04:39:36
BE22011701	6	1	투자로 돈 불리는 사람들이 많아진다고 형의 노력이 헛된 건 절대 아니야, 우울해하지 마. 형이 우직하게 일해서 벌어오는 돈이야말로 정말 귀한 돈이라고 생각해! 형이 해왔던 노력은 어떤 형태로든 결실을 볼 거야, 박탈감 느낄 필요 전혀 없어.	N	2022-07-26 02:07:07	2022-11-08 04:39:36
BE22011701	7	0	너라도 그렇게 생각해 준다니, 그나마 마음에 위로가 된다. 요즈음 내가 하는 일의 가치에 대한 확신이 흔들려서 정말 우울했거든.	N	2022-07-26 02:07:07	2022-11-08 04:39:36
BE22011701	8	1	성실하게 매일 출근하는 형이 마음속에 그런 갈등을 갖고 있었다니, 내가 다 속상하다. 하지만 나는 모두가 투자로 돈 벌 때 혼자 묵묵히 땀 흘려 일하는 형이 자랑스러워. 형은 우리 사회에 가장 필요한 사람이고, 내가 본받고 싶은 정말 훌륭한 사람이야.	N	2022-07-26 02:07:07	2022-11-08 04:39:36
BE22011701	9	0	고마워, 네 칭찬을 들으니 어두웠던 내 마음에 햇살이 들어오는 것 같아.	N	2022-07-26 02:07:07	2022-11-08 04:39:37
BE22011701	10	1	정말 진심이야, 나는 형이 노동하는 사람이라는 자부심과 근로소득의 소중함을 항상 잊지 않았으면 좋겠어. 내가 다른 사람들에 비해 일찍 구직활동을 하게 된 것도, 일하는 형이 존경스러웠기 때문이거든. 난 항상 꾀부리지 않고 성실한 사람이 되고 싶었어, 형처럼 말이야!	N	2022-07-26 02:07:07	2022-11-08 04:39:37
BE22011701	11	0	그런 깜찍한 생각을 하고 있을 줄은 몰랐네! 네 말을 들으니 일할 맛이 난다. 재테크가 전부는 아닌데, 내가 중요한 것을 놓치고 있었나 봐.	N	2022-07-26 02:07:07	2022-11-08 04:39:37
BE22011701	12	1	내가 존경하는 형의 기분이 나아졌다니 그거 정말 나에게도 기쁜 일이다! 내가 항상 형 응원하고 있는 거 알지?	N	2022-07-26 02:07:07	2022-11-08 04:39:37
BE22011701	13	0	그럼 당연하지! 동생 덕분에 내가 슬픔을 금방 털어내고 다시 일어설 수 있는 거야. 앞으로는 다른 사람들 돈 번다고 우울해하기보단, 내가 해내는 일의 가치를 더 많이 생각할래.	N	2022-07-26 02:07:07	2022-11-08 04:39:37
BE22011701	14	1	응, 나도 항상 형 곁에서 내가 할 수 있는 최선을 다할게! 다시 밝고 긍정적으로 돌아온 형 덕분에 내 기분도 좋아졌어. 이번 구직활동은 예감이 왠지 좋은걸!	Y	2022-07-26 02:07:07	2022-11-08 04:39:37
