id	utterance_id	utterance_type	utterance_text	terminate	regDate	updDate
BE22018069	1	0	어제 건강 검진 결과 보고 나서 너무 슬퍼. 이렇게 살아도 될지 모르겠어.	N	2022-09-14 01:13:32	2022-11-08 05:19:11
BE22018069	2	1	왜 그래? 무슨 일 있었어?	N	2022-09-14 01:13:32	2022-09-14 01:13:32
BE22018069	3	0	건강 검진 결과 지금 내가 영양실조 상태라는 거야. 자취생활 시작하면서 이렇게 된 것 같아. 혼자 살면서 건강이 나빠졌다고 생각하니까 슬퍼.	N	2022-09-14 01:13:32	2022-09-14 01:13:32
BE22018069	4	1	혼자 지내며 제대로 건강을 돌보지 못해서 슬프다는 네 마음을 이해해. 내가 그 상황이었어도 슬펐을 거야.	N	2022-09-14 01:13:32	2022-11-08 05:19:11
BE22018069	5	0	집에서 엄마가 해 주는 밥 먹고 살 때는 이렇지 않았거든. 엄마가 챙겨 주는 것에 너무 기대며 살았었나 봐. 형은 자취 생활하는 게 어렵지 않아?	N	2022-09-14 01:13:32	2022-11-08 05:19:12
BE22018069	6	1	나도 혼자 지내면서 음식 챙겨 먹는 게 참 어려워. 엄마가 옆에 있는 것보다는 못하지만, 나름대로 신경 쓰려고 애쓰고 있어.	N	2022-09-14 01:13:32	2022-11-08 05:19:12
BE22018069	7	0	건강이 나빠지고 나니까 이제야 후회가 돼. 형처럼 음식을 잘 챙겨 먹을 수 있도록 했어야 했는데. 그렇게 후회가 드니까 마음이 더 슬퍼.	N	2022-09-14 01:13:32	2022-09-14 01:13:32
BE22018069	8	1	지금은 건강이 안 좋아서 우울하겠지만 너무 슬퍼하지 마. 누구나 건강이 안 좋을 때가 있게 마련이거든. 혼자 지내는데 익숙해지는 데 시간이 필요한 거니까 앞으로는 잘 될 거야.	N	2022-09-14 01:13:32	2022-11-08 05:19:12
BE22018069	9	0	형이 그렇게 말해 주니까 마음이 한결 낫네. 형 말대로 건강이 좋을 때도 있고 나쁠 때도 있는 거니까. 건강 문제 때문에 너무 우울해할 필요는 없을 것 같아.	N	2022-09-14 01:13:32	2022-11-08 05:19:12
BE22018069	10	1	건강 문제 때문에 슬퍼하지 말고, 어떻게 하면 건강해질 수 있을지 생각해보는 게 필요해. 나는 시간에 맞춰 음식을 챙겨 먹는 습관을 들인 게 도움이 되더라. 아무리 바빠도 끼니를 제시간에 잘 맞춰서 먹는 습관을 만들도록 노력해보면 어때?	N	2022-09-14 01:13:32	2022-11-08 05:19:12
BE22018069	11	0	사실 나는 바쁠 때는 끼니를 건너뛸 때가 많았거든. 형 말대로 해 봐야겠어.	N	2022-09-14 01:13:32	2022-11-08 05:19:12
BE22018069	12	1	지금처럼 슬플 때는 맛있는 음식을 먹으면 기분이 나아질 거야. 내가 내일 맛있는 식사 한 끼 사 줄까?	N	2022-09-14 01:13:32	2022-11-08 05:19:12
BE22018069	13	0	형이 밥을 산다고 하니까 기분이 더 좋아지는걸. 모처럼 형을 만나서 맛있는 음식을 먹으면 마음이 더 나아질 것 같아.	N	2022-09-14 01:13:32	2022-09-14 01:13:32
BE22018069	14	1	우울한 마음 떨쳐내고 내일 맛난 음식 같이 먹자. 내가 진짜 맛있는 걸로 사 줄게.	N	2022-09-14 01:13:32	2022-11-08 05:19:12
BE22018069	15	0	날 생각해줘서 고마워. 형 덕분에 마음이 편안해졌어. 내일 만나.	Y	2022-09-14 01:13:32	2022-11-08 05:19:12
