id	utterance_id	utterance_type	utterance_text	terminate	regDate	updDate
BE22017942	1	0	저번부터 눈이 뿌옇게 보이는 것 같아서 병원을 가봤거든. 눈병에 걸려서 시력이 저하됐다고 하더라. 그 얘기를 듣자마자 하늘이 무너져내리는 것 같고 너무 슬프더라.	N	2022-09-13 06:59:40	2022-09-13 06:59:40
BE22017942	2	1	어머, 많이 아픈 거야? 언니 괜찮아?	N	2022-09-13 06:59:40	2022-09-13 06:59:40
BE22017942	3	0	아픈 건 괜찮은데 이러다가 시력이 영영 안 돌아오게 될까 봐 눈물이 날 정도로 슬퍼. 사실 눈병에 걸린 이유가 요즘 들어 렌즈를 오래 껴서 그런 거거든. 내가 왜 그랬나 싶고 좀 후회되네.	N	2022-09-13 06:59:40	2022-11-08 05:18:27
BE22017942	4	1	특히 눈이 잘 안 보이면 많이 불편할 텐데 언니가 몹시 심란하겠다. 나도 눈이 좋은 편은 아니라서 언니 마음을 이해해.	N	2022-09-13 06:59:40	2022-11-08 05:18:27
BE22017942	5	0	예전에는 외출하고 집에 들어오면 바로 렌즈를 뺐거든. 근데 요즘 들어 너무 귀찮고 피곤해서 집에 도착해도 렌즈를 잘 안 뺐어. 그랬더니 이렇게 바로 눈병이 걸린 거 있지.	N	2022-09-13 06:59:40	2022-09-13 06:59:40
BE22017942	6	1	나였어도 무척 속상하고 후회됐을 것 같아. 집에 돌아왔을 때 렌즈만 제대로 뺐어도 눈병에 걸릴 일은 없을 테니까 말이야.	N	2022-09-13 06:59:40	2022-11-08 05:18:27
BE22017942	7	0	맞아. 그래서 당분간 눈병이 나을 때까지 렌즈도 못 끼게 되었어. 가뜩이나 나도 원래 시력이 좋지 않은데, 내 실수로 인해 시력이 더 나빠진 것 같아. 말로 표현할 수 없을 정도로 슬프고 우울해.	N	2022-09-13 06:59:40	2022-11-08 05:18:27
BE22017942	8	1	듣는 나도 너무 속상한데 언니는 오죽할까 싶네. 하지만 사람은 누구나 실수하기 마련이잖아. 게다가 언니처럼 지치고 피곤한 상태이면 누구라도 언니처럼 행동했을 거니까, 너무 자기 자신을 자책하지 말아.	N	2022-09-13 06:59:40	2022-11-08 05:18:27
BE22017942	9	0	그렇지만 매일 렌즈를 껴야 하는 입장에서 조금이라도 끼는 시간이 단축했었으면 얼마나 좋았겠어. 어차피 자기 전에는 렌즈를 빼야 하잖아. 이런 불편함도 감수하지 않아도 됐었을 텐데 내가 너무 한심스러워.	N	2022-09-13 06:59:40	2022-11-08 05:18:27
BE22017942	10	1	물론 후회되고 시력에 대해 걱정스러운 언니의 마음은 충분히 이해해. 하지만 이번 실수를 계기로 언니가 더욱 신경 쓰면 되니까 지금부터 좌절할 필요는 없어.	N	2022-09-13 06:59:40	2022-11-08 05:18:27
BE22017942	11	0	그건 그렇지. 사실 이번 일을 계기로 눈이 얼마나 소중하고 중요한지 느꼈거든. 네 말을 들으니 눈 관리를 정말로 열심히 해야겠다고 생각이 더 든다.	N	2022-09-13 06:59:40	2022-11-08 05:18:27
BE22017942	12	1	그러니까 너무 마음에 두지 않았으면 좋겠어. 내가 아는 언니는 한번 마음먹은 일은 끝까지 포기하지 않고 실현하는 멋진 사람이잖아. 벌써 언니가 눈 관리를 열심히 하는 모습이 정말 기대되는걸!	N	2022-09-13 06:59:40	2022-11-08 05:18:27
BE22017942	13	0	그렇게 말해주니까 마음이 한결 나아진 것 같아. 네 말대로 이미 지나간 일은 잊고, 앞으로 눈 관리를 열심히 해서 건강해져야겠어!	N	2022-09-13 06:59:40	2022-11-08 05:18:27
BE22017942	14	1	역시 우리 언니답다! 분명 그렇게 한다면 언니의 시력도 다시 차츰 돌아올 거야. 그러니까 너무 걱정하지 말고, 병원 잘 다니면서 회복하는 거에 집중하자.	N	2022-09-13 06:59:40	2022-11-08 05:18:27
BE22017942	15	0	응, 정말 고마워. 눈 회복될 때까지 병원 열심히 다니고 그 후로도 렌즈도 제때 빼고 그래야겠어!	Y	2022-09-13 06:59:40	2022-09-13 06:59:40
