id	utterance_id	utterance_type	utterance_text	terminate	regDate	updDate
BE22017450	1	0	언니 사춘기 딸을 키운다는 게 어려워도 너무 어렵다. 요즘은 거의 매일 슬픈 감정을 느끼며 사는 것 같아.	N	2022-09-07 22:36:11	2022-09-07 22:36:11
BE22017450	2	1	다정하고, 살갑던 아이들도 사춘기가 되면 영 딴사람이 되어버리니, 그 마음 이해도 된다. 그것도 한때이니 너무 슬퍼하지 말아.	N	2022-09-07 22:36:11	2022-11-08 05:15:26
BE22017450	3	0	딸이라 그런가 너무 예민하고, 나랑 사사건건 부딪쳐. 아이에게 상처받은 부모 마음은 위로받을 곳이 없는 거 있지. 그러니 혼자 슬퍼하는 수밖에 없더라고.	N	2022-09-07 22:36:11	2022-11-08 05:15:26
BE22017450	4	1	애지중지 키운 외동딸이 그렇게 나오니 네 마음이 얼마나 아플까 싶어 내 마음도 좋지 않구나. 부모 말이면, 무엇이든 반대할 시기에 너무 둘이 날카롭게 부딪치며 슬퍼하고 우울해 말아. 어렵겠지만 그저 기다린다는 생각으로 여유를 갖는 게 그 시기를 지내는 가장 좋은 방법이야.	N	2022-09-07 22:36:11	2022-11-08 05:15:26
BE22017450	5	0	주변에서 모두 이 시기가 지나면 관계가 예전처럼 좋아진다고 하거든. 그런데 지금 서로를 바라보며 이렇게 슬프고 우울해하는데, 어떻게 관계가 나아질 수 있을까?	N	2022-09-07 22:36:11	2022-11-08 05:15:26
BE22017450	6	1	막막하고 어려운 때를 걷고 있는 네게 주변에서 해주는 조언이 무의미하게 느껴질 수 있어. 무엇보다 딸에게 상처받는 마음을 위로받을 때도 없다 생각하면, 더 슬프고 사는 게 덧없다 느껴지잖아. 그 당시에는 극복할 수 없을 것처럼 힘든 일도, 지나면 또 괜찮아지니 조금만 힘내렴.	N	2022-09-07 22:36:11	2022-11-08 05:15:26
BE22017450	7	0	사랑스럽기만 하던 딸을 보는 게 이렇게 괴롭고 힘든 일이 될 줄 몰랐어. 이제 나랑 대화조차 하고 싶어 하지 않는 모습을 볼 때면, 너무 슬픈 거 있지. 대화를 시도하면, 문 닫고 자기 방으로 들어가버리니 이 일을 어쩜 좋아.	N	2022-09-07 22:36:11	2022-11-08 05:15:26
BE22017450	8	1	차갑게 식어버린 딸아이의 마음을 바라보며 네 마음이 찢어질 듯 아플 거야. 네 슬픈 마음 때문에 아이에게 너무 지나치게 대화를 시도하면 되레 역효과가 날 수 있어. 그러니 슬픈 마음은 내려두고 여유를 가지고, 아이가 먼저 다가오기를 기다려보렴.	N	2022-09-07 22:36:11	2022-11-08 05:15:26
BE22017450	9	0	남편도 이런 내 슬픈 마음을 몰라주니 어디 가서 이 마음을 풀어야 할지 모르겠어. 그러니 더 답답하고, 딸한테 더 매달리게 되는 것 같아. 혼자라는 외로움이 너무 심하게 들어 더 우울하고 슬퍼.	N	2022-09-07 22:36:11	2022-11-08 05:15:26
BE22017450	10	1	누구보다 남편이 가장 먼저 내 마음을 알아줄 거라 생각했는데 그렇지 않으니 혼자 슬퍼하고, 외로워하느라 힘들었겠구나. 가족이라도 네 심정을 정확히 말하지 않으면 모르잖아, 슬픈 마음을 진지하게 표현해 보면 마음이 풀릴 거야.	N	2022-09-07 22:36:11	2022-11-08 05:15:26
BE22017450	11	0	내 슬픈 마음을 당연히 알아주는 사람이 남편이라고 생각했던 것 같아. 언니 말대로 표현하지 않으면, 누구도 내 마음을 알 수 없는 건데 말이야. 딸 문제로 슬픈 마음을 남편과 나눌 수 있다는 가능성이 보이니, 마음이 풀리는 것 같아.	N	2022-09-07 22:36:11	2022-11-08 05:15:26
BE22017450	12	1	부부는 서로에게 언제나 힘이 되어 주는 사이는 맞지만 무조건 내 마음을 다 알아줄 수는 없잖아. 사춘기 아이 문제를 깊게 나눌 수 있는 사이는 둘이잖아. 대화를 나누며, 아이에게 상처받은 마음을 서로 위로할 수 있길 바라.	N	2022-09-07 22:36:11	2022-11-08 05:15:26
BE22017450	13	0	위로받을 곳이 없다고 생각했는데, 언니 덕분에 남편이 있다는 걸 다시 알게 되었어. 단지 서로 대화를 나누지 못했을 뿐이라는 걸 깨닫고 나니 마음이 한결 가볍다.	N	2022-09-07 22:36:11	2022-11-08 05:15:26
BE22017450	14	1	동생이 마음을 더 열고, 네 마음을 더 표현해보면 남편도 본인이 힘들었던 부분을 얘기할 거야. 그렇게 서로 어렵고 힘든 부분을 위로하고, 달래며 사는 거지. 네 슬픈 마음도 그렇게 위로받을 수 있으니 너무 우울해하지 말아.	N	2022-09-07 22:36:11	2022-11-08 05:15:26
BE22017450	15	0	이럴 때일수록 남편과 대화가 정말 중요하다는 걸 알았어. 딸은 기다려주고, 남편과는 대화를 깊게 나누며 이 시기를 잘 이겨나갈 수 있겠다는 자신감이 들어. 이게 다 언니 덕분이야, 정말 고마워.	Y	2022-09-07 22:36:11	2022-11-08 05:15:26
