id	utterance_id	utterance_type	utterance_text	terminate	regDate	updDate
BE22016653	1	0	형, 나 저번에 검사한 결과가 나왔어. 내 아들에게 신장 이식받을 수 있을 것 같아. 미안하면서도 이식을 해주겠다는 아들을 보면 눈물이 나.	N	2022-08-31 04:14:28	2022-11-08 05:10:38
BE22016653	2	1	너의 메신저를 보고 조카가 대견하고 미안해서 눈물이 날 것 같아. 검사하기 전부터 신장 이식해 준다고 운동 열심히 하는 모습을 보면서 내가 뿌듯하고, 감동했어.	N	2022-08-31 04:14:28	2022-11-08 05:10:38
BE22016653	3	0	나한테 신장 이식해 준다고 이렇게 노력하는 모습 보니까 아버지로서 부끄럽다. 아들에게 진 큰 빚을 어떻게 갚아나가야 할지 모르겠어.	N	2022-08-31 04:14:28	2022-11-08 05:10:38
BE22016653	4	1	부모랑 자식 간에 빚이라니, 그런 거 바란 게 아니란 거 알고 있잖아. 동생은 건강에 집중해서 아들 신장 이식받고, 관리할 생각 해야지. 너의 아들이 우리의 마음을 알게 된다면 많이 슬퍼할 거니까 그런 생각은 하지 않았으면 좋겠어.	N	2022-08-31 04:14:28	2022-11-08 05:10:38
BE22016653	5	0	응 그렇지. 그게 아들과 아내에게 보답하는 길이겠지. 이번 수술을 통해서 나 새로 태어나는 것 같은 기분이 들어. 아들이 준 새로운 기회를 절대 허사가 되지 않도록 열심히 살아 볼 거야.	N	2022-08-31 04:14:28	2022-08-31 04:14:28
BE22016653	6	1	동생인 너의 그런 긍정적인 생각은 정말 대단해. 너의 아들도 너를 보고 자라와서 이번의 수술에도 흔쾌히 신장을 이식해 주겠다고 결정한 거라 생각해. 정말 아들 잘 키웠어.	N	2022-08-31 04:14:28	2022-11-08 05:10:38
BE22016653	7	0	우리 아들을 잘 키운 건 내 아내인걸. 난 돈 번다고 내 몸 망가지는 줄 모르고 일만 했던 것 같아. 과거 생각만 하면 후회가 들어.	N	2022-08-31 04:14:28	2022-11-08 05:10:38
BE22016653	8	1	가족을 위해서 희생했던 것을 한심하다고 생각하지 않았으면 좋겠어. 너의 수고는 너희 가족이 모두 알고 있잖아. 모든 아버지가 너처럼 희생하며 사는 게 아니고, 넌 대단한 거야.	N	2022-08-31 04:14:28	2022-11-08 05:10:38
BE22016653	9	0	형의 문자를 받으니, 수고를 알아있다는 말에 고마워서 눈물이 난다. 나의 수고를 알아주고 위로해 줘서 고마워. 그런데도 아들에 대한 미안한 마음을 바뀔 수가 없을 것 같아.	N	2022-08-31 04:14:28	2022-08-31 04:14:28
BE22016653	10	1	당연히 너의 고운 심성으로는 평생 아들에게 미안해하고 고마워할 게 분명하니까. 그래서 나는 너희 가족이 참으로 보기 좋고 부러운 거야. 서로를 아끼는 마음이 눈에 보이잖아.	N	2022-08-31 04:14:28	2022-11-08 05:10:38
BE22016653	11	0	내 심성이 고운 건 다 형이 어릴 때 보호해 주고 보살펴 줘서 그런 거야. 동네에서 형과 내가 우애가 좋다고 소문나서 부모님도 뿌듯해하셨잖아. 다 날 잘 챙겨준 형 덕분이지.	N	2022-08-31 04:14:28	2022-11-08 05:10:38
BE22016653	12	1	그렇게 생각하고 말해주니 내가 더 감동했다. 이번 신장 이식도 내가 해주지 못해서 미안한 마음뿐이었어. 그런데 나에게 고맙다고 해주는 널 보니 더 미안하고 속상한 마음이 든다.	N	2022-08-31 04:14:28	2022-11-08 05:10:38
BE22016653	13	0	형도 같이 검사를 받았잖아. 검사를 받은 것만 해도 난 정말 고마운걸. 검사 결과가 안 맞아서 못 해준 것인데, 난 형에게 고맙고 미안했어.	N	2022-08-31 04:14:28	2022-11-08 05:10:38
BE22016653	14	1	내가 아팠더라도 너도 당연히 했을 검사인데 고마울 게 어디 있어. 우리가 가족인데. 너의 가족을 보면서 가족의 사랑을 많이 느끼게 되는 계기가 되어서 내가 더 고마운걸.	N	2022-08-31 04:14:28	2022-11-08 05:10:38
BE22016653	15	0	아들의 신장을 이식받는 수술로 미안함에 슬펐지만, 이번 일을 통해서 가족의 사랑도 많이 느꼈어. 형의 위로와 격려도 나에게 큰 힘이 되었고. 고마워.	Y	2022-08-31 04:14:28	2022-11-08 05:10:38
