id	utterance_id	utterance_type	utterance_text	terminate	regDate	updDate
BE22018004	1	0	언니, 오늘따라 공항에 이른 아침부터 사람이 많더라. 그래서 그런지 더 일하기 싫고 괜히 씁쓸한 거 있지. 나도 공항에 있지만 저들과 다른 목적으로 있다는 게 참 슬프더라.	N	2022-09-13 10:56:24	2022-09-13 10:56:24
BE22018004	2	1	연휴 때가 되어서 이른 아침에도 사람들이 많은가 보구나. 다들 놀러 가는데 그걸 보면서 일해야 하는 네 심정이 얼마나 속상하겠어. 우리 막내 긴 연휴에도 열심히 일하느라 고생이 많네.	N	2022-09-13 10:56:24	2022-11-08 05:18:49
BE22018004	3	0	사실 힘들어도 돈을 번다는 생각에 아무렇지 않았거든. 그런데 막상 즐거운 표정으로 여행을 가는 사람들을 보니까 정말 부럽더라. 특히 내 또래 무리들이 면세점에서 비싼 걸 쇼핑하고 있는 것을 보고 더 우울하고 슬퍼지더라고.	N	2022-09-13 10:56:24	2022-09-13 10:56:24
BE22018004	4	1	언니는 우리 막내가 성인이 되자마자 열심히 알바를 하는 모습이 얼마나 기특한지 몰라. 사람마다 힘들기만 하거나 행복하기만 한순간들은 없어. 일이 많이 힘들겠지만 우리 막내가 고생한 만큼 결국엔 몇 배로 커져서 돌아오게 될 거야.	N	2022-09-13 10:56:24	2022-11-08 05:18:49
BE22018004	5	0	사실 남들은 다 노는 시기에 알바를 하면서 용돈을 번다는 게 슬프고 우울했어. 그렇지만 부모님이 내 그런 모습을 봤을 때 더 미안해하실까 봐 내색은 하지 않았거든. 그런데 해외여행을 가는 사람들을 보니 참았던 설움이 터졌나 봐.	N	2022-09-13 10:56:24	2022-11-08 05:18:49
BE22018004	6	1	네 힘든 것을 참아가면서 부모님을 생각하는 네 마음이 너무 예쁘고 어른스럽다. 그렇지만 슬픔은 나누면 반이 된다는 말이 있듯이 오늘처럼 숨기지 말고 얘기한다면 마음이 조금은 편할 거야. 부모님도 모두 네가 혼자 끙끙 앓는 것을 원하지 않아, 모두 네 편이라는 것을 잊지 마.	N	2022-09-13 10:56:24	2022-11-08 05:18:49
BE22018004	7	0	내가 티를 낸다고 해서 달라지는 게 있을까 싶었어. 부모님도 많이 힘드신 와중에 날 신경 쓰기 힘드실 거고. 우리 집을 원망한다기보다는 내가 처한 근무환경이 내 마음을 더 아리게 하는 것 같아.	N	2022-09-13 10:56:24	2022-09-13 10:56:24
BE22018004	8	1	공항과 여행객이라고 생각하기보단 단순히 너의 일터와 손님이라고 생각하면서 마음을 다잡아보자. 힘들지만 지금 열심히 일해서 그 사람들처럼 어디든 놀러 갈 수 있다고 생각하면 마음이 편할 거야. 넌 누구보다 열심히 살아왔으니 멋진 곳에 갈 자격이 충분해.	N	2022-09-13 10:56:24	2022-11-08 05:18:49
BE22018004	9	0	언니가 계속해서 위로해주니까 슬픈 마음이 좀 나아지는 것 같다. 일에 치여 여행을 가고 싶다는 마음이 떠올라서 더 그런 생각이 들었나 봐. 다들 나와는 다르게 행복해 보여서 부럽고 질투도 났어.	N	2022-09-13 10:56:24	2022-11-08 05:18:49
BE22018004	10	1	공항은 여행객들도 있겠지만 일을 하러 가는 직장인이나 어쩔 수 없는 이별을 하는 사람들도 많은걸. 그 사람들도 각자의 사정대로 분명 남들이 부럽기도 할 거야. 원래 남의 떡이 내 떡보다 커 보인다고, 부러운 것은 상대적인 것 같아.	N	2022-09-13 10:56:24	2022-11-08 05:18:49
BE22018004	11	0	그렇게 생각할 수도 있겠네. 언니 덕분에 내가 항상 긍정적으로 생각할 수 있게 되는 것 같아. 갑작스레 속마음을 얘기했는데도 잘 들어주는 언니가 있어서 참 다행이라는 생각이 들어.	N	2022-09-13 10:56:24	2022-11-08 05:18:49
BE22018004	12	1	항상 힘든 건 없을지 걱정하던 찰나에 얘기해줘서 고마울 뿐이야. 언니가 바쁜 일이 마무리되면 부모님 모시고 여행을 다녀오자.	N	2022-09-13 10:56:24	2022-11-08 05:18:49
BE22018004	13	0	정말? 생애 첫 가족여행인 것 같은데 갑자기 너무 설레고 기대되는 것 같아. 우리 가족과 함께라면 해외가 아니라 가까운 곳에 가더라도 정말 행복할 것 같아.	N	2022-09-13 10:56:24	2022-09-13 10:56:24
BE22018004	14	1	열심히 일하고 있는 내 동생을 위해서 언니가 이 정도는 할 수 있지. 그러니까 너무 속상해하지 말고 열심히 일하고 집에서 보자. 항상 응원하고 사랑해.	Y	2022-09-13 10:56:24	2022-11-08 05:18:49
