id	utterance_id	utterance_type	utterance_text	terminate	regDate	updDate
BE22017916	1	0	언니, 난 이별하고 나서 아직도 마음의 상처를 극복하지 못한 것 같아. 그래서 마음의 상처가 무뎌지는 방법에 대해 검색했는데 이런 나 자신이 초라해 보여서 슬퍼. 남들은 이별하고 나서도 멀쩡하게 사는 것 같은데 왜 나만 이렇게 계속 슬픈지 모르겠어.	N	2022-09-13 06:29:10	2022-11-08 05:18:18
BE22017916	2	1	이 문자에서 네가 지금 얼마나 슬퍼하고 있는지가 느껴져서 나도 덩달아 마음이 안 좋아져. 아무래도 상처가 금방 치유되지 않아서 하루하루가 힘들겠구나. 나도 이별할 때 후유증이 오래갔던 편이라 네 심정 이해가 가.	N	2022-09-13 06:29:10	2022-11-08 05:18:18
BE22017916	3	0	친구들은 내 전 남자 친구가 좋았던 사람도 아니었는데 왜 그리 힘들어하느냐고 뭐라고 해. 걔네 말이 맞는 걸 아는데 금방 상처가 극복이 안 돼. 뭘 해도 마음의 상처가 무뎌지지 않아서 슬프고 우울해져.	N	2022-09-13 06:29:10	2022-11-08 05:18:18
BE22017916	4	1	누가 뭐라고 해도 슬픔 때문에 위로가 안 될 때가 가끔 있지. 억지로 슬픔을 게워내려고 해도 쉽게 떨쳐낼 수가 없잖아. 네가 억지로 슬픔을 극복하다가 도리어 탈이 날까 봐 걱정돼.	N	2022-09-13 06:29:10	2022-11-08 05:18:18
BE22017916	5	0	언니는 이별할 때 어떻게 그 상처를 극복했어? 나는 아무리 신나는 영화를 보고 즐거운 노래를 들어도 한순간만 기분이 좋아질 뿐, 다시 우울해져.	N	2022-09-13 06:29:10	2022-09-13 06:29:10
BE22017916	6	1	사실 나도 마음의 상처가 무뎌지려고 별의별 짓을 다 했어. 괜히 친구들을 만나기도 해보고, 쇼핑하기도 했거든. 할 수 있는 건 다 해봐야 슬플 땐 뭐가 위로되는지 알 수가 있더라고.	N	2022-09-13 06:29:10	2022-11-08 05:18:18
BE22017916	7	0	근데도 계속 슬퍼지면 이제 뭘 더 어떻게 해야 할까? 나도 이제 이 우울하고 슬픈 감정에 벗어나고 싶어서 마음의 상처가 무뎌지는 방법을 검색했거든.	N	2022-09-13 06:29:10	2022-09-13 06:29:10
BE22017916	8	1	상처받았던 일들이 생각나서 괴로울 땐 잊을 수 있게 다른 일에 몰두하는 게 좋아. 오늘 하루는 다시 오지 않는 소중한 시간이니 슬퍼하는 데만 시간을 쓰지 말자. 이 상처는 나를 성장시키기 위한 경험이라 생각하고 마음에 담아두지 않기를 바랄게.	N	2022-09-13 06:29:10	2022-11-08 05:18:18
BE22017916	9	0	내가 금방 마음의 상처를 극복할 수 있을까 모르겠어. 나처럼 멘털도 나약한 사람이 상처에서 벗어날 수 있을까?	N	2022-09-13 06:29:10	2022-11-08 05:18:18
BE22017916	10	1	나는 괴로워하는 시간도 마냥 허비하는 시간이 아니라 소중한 시간이라고 생각해. 사실 이렇게 아픈 시간이 자신을 더 단단하게 만들어주잖아, 그러니 너무 나쁘게는 생각하지 않았으면 좋겠어. 그리고 시간이 걸릴지라도 너라면 분명 잘 극복하고 전보다 더 잘 살 수 있을 거야.	N	2022-09-13 06:29:10	2022-11-08 05:18:18
BE22017916	11	0	그렇게 말해줘서 고마워. 내가 조급하게 마음의 상처를 극복할 필요가 없을 듯해서 한결 마음이 가벼워져. 괴로워하는 그 시간 자체도 나를 단단하게 만드는 시간이라 생각하고 잘 극복해볼게.	N	2022-09-13 06:29:10	2022-11-08 05:18:18
BE22017916	12	1	응, 전보다 한층 더 성장한 너의 모습을 발견할 수 있을 거야. 누구나 상처를 극복하는데 시간이 다를 수밖에 없으니까 천천히라도 잘 회복되기를 바랄게. 넌 분명 그럴 수 있다고 믿어.	N	2022-09-13 06:29:10	2022-11-08 05:18:18
BE22017916	13	0	언니가 날 믿어주니까 더 잘해볼 수 있을 것 같아. 나도 이 상처가 무뎌질 수 있게 나를 열심히 돌볼게!	N	2022-09-13 06:29:10	2022-11-08 05:18:18
BE22017916	14	1	혼자서도 그렇게 하는 것도 좋지만, 남에게 기대고 싶을 땐 언제든지 연락해줘. 나는 항상 네 편이란 걸 잊지 않기를 바랄게!	N	2022-09-13 06:29:10	2022-11-08 05:18:18
BE22017916	15	0	응, 언니의 든든한 말에 마음이 따뜻해지는 정도야. 위로해줘서 정말 고마워!	Y	2022-09-13 06:29:10	2022-09-13 06:29:10
