id	utterance_id	utterance_type	utterance_text	terminate	regDate	updDate
BE22008655	1	0	언니 나 오늘 단발로 싹둑 잘랐어.	N	2022-07-13 14:26:47	2022-11-08 04:20:05
BE22008655	2	1	남자 친구랑 헤어지고 많이 힘들어하더니 머리를 잘랐구나. 이제 마음은 좀 괜찮아?	N	2022-07-13 14:26:47	2022-11-08 04:20:05
BE22008655	3	0	머리를 자르면 심경의 변화가 온다고 해서 덜 슬퍼질까 하는 마음에 잘라 본 건데, 잘 모르겠어. 아직도 남자 친구 생각이 나서 너무 슬퍼.	N	2022-07-13 14:26:47	2022-11-08 04:20:05
BE22008655	4	1	물론이지. 5년을 만났는데 어떻게 헤어진 지 2달 만에 잊을 수 있겠어. 네 마음 충분히 이해해.	N	2022-07-13 14:26:47	2022-11-08 04:20:05
BE22008655	5	0	내가 언젠간 그 사람을 잊을 수는 있을까? 계속 눈물이 나.	N	2022-07-13 14:26:47	2022-11-08 04:20:05
BE22008655	6	1	지금 당장은 정말 힘들겠지만, 시간이 약이라는 말이 있잖아. 조금만 마음을 내려놓고 기다리다 보면 어느샌가 눈물이 마르는 날이 올 거야. 너무 슬퍼하지 마, 동생아.	N	2022-07-13 14:26:47	2022-11-08 04:20:05
BE22008655	7	0	그럴까? 그리고 그 사람도 나를 과연 이렇게 그리워하고 있을지 너무 궁금해. 아니라면 더 슬플 것 같아.	N	2022-07-13 14:26:47	2022-11-08 04:20:05
BE22008655	8	1	당연하지. 서로 싫어해서 헤어진 게 아니잖아 피치 못할 사정으로 남자 친구가 이민 간다고 해서 헤어진 거잖아. 분명 그분도 너를 24시간 생각하고 있을 거야. 정말 운명이라면 언젠가 다시 만날 수 있지 않을까?	N	2022-07-13 14:26:47	2022-11-08 04:20:05
BE22008655	9	0	정말 그랬으면 좋겠어. 그 사람은 이별하고 타지에 있어서 정말 외로울 텐데... 난 이런 상황에 언니가 있어서 정말 다행이야.	N	2022-07-13 14:26:47	2022-11-08 04:20:05
BE22008655	10	1	너무 슬퍼하지 마, 동생아 언니도 6개월 전에 남자 친구랑 헤어졌잖아. 처음엔 나도 너처럼 정말 죽을 것같이 슬펐는데 시간이 지나면서 점점 잊혀지더라. 지금은 좋은 사랑을 배운 것 같은 느낌이야.	N	2022-07-13 14:26:47	2022-11-08 04:20:05
BE22008655	11	0	나도 그렇게 생각할 날이 오겠지? 언니도 나와 같은 감정을 느꼈다니 조금 위로가 되네.	N	2022-07-13 14:26:47	2022-11-08 04:20:05
BE22008655	12	1	그래. 지금은 정말 슬픈 거 알아. 네가 슬플 때마다 언니한테 얘기해. 언니가 네 말 다 들어줄게.	N	2022-07-13 14:26:47	2022-11-08 04:20:05
BE22008655	13	0	그렇게 얘기해 줘서 정말 고마워. 안 그래도 털어놓고 싶은 마음이 굴뚝같았는데... 언니는 정말 나에게 힘이 돼.	N	2022-07-13 14:26:47	2022-11-08 04:20:05
BE22008655	14	1	당연하지, 우리는 가족이잖아. 너무 울지 마, 아픈 만큼 성숙해지는 거라고들 하잖아. 어른이 돼 가는 시간이라고 생각하자 동생아.	N	2022-07-13 14:26:47	2022-11-08 04:20:05
BE22008655	15	0	응 언니. 위로해 줘서 정말 고마워.	Y	2022-07-13 14:26:47	2022-11-08 04:20:05
