id	utterance_id	utterance_type	utterance_text	terminate	regDate	updDate
BE22000874	1	0	언니 혹시 엄마가 아무 말도 안 해?	N	2022-06-13 09:00:30	2022-11-08 03:29:57
BE22000874	2	1	아무 말도 안 하셨는데? 너 여행 가서 뭐 사고 쳤어?	N	2022-06-13 09:00:30	2022-11-08 03:29:57
BE22000874	3	0	아니... 나 사실 여행 친구들이랑 온 게 아니라 남자 친구랑 왔어.	N	2022-06-13 09:00:30	2022-11-08 03:29:57
BE22000874	4	1	그런 것 같더라. 그걸 엄마한테 들켰어?	N	2022-06-13 09:00:30	2022-11-08 03:29:57
BE22000874	5	0	남자 친구랑 밥 먹고 있는데 같은 식당에서 엄마 친구를 마주쳤어. 엄마 친구가 말했겠지?	N	2022-06-13 09:00:30	2022-11-08 03:29:58
BE22000874	6	1	말씀하실 가능성이 크지. 그나저나 너도 남자 친구도 신경 쓰여서 제대로 놀지도 못하고 있겠네. 여행 망쳐서 어떻게 해.	N	2022-06-13 09:00:30	2022-11-08 03:29:58
BE22000874	7	0	맞아... 지금 아무것도 못하고 있어. 그런데 언니도 화낼 줄 알았는데 위로해 주다니 감동이다.	N	2022-06-13 09:00:30	2022-11-08 03:29:58
BE22000874	8	1	나는 네가 왜 거짓말하고 갔는지 이해가 돼. 이제 성인인데 허락 맡고 갈 일은 아니긴 하니까. 하지만 거짓말한 게 마음에 걸리지?	N	2022-06-13 09:00:30	2022-11-08 03:29:58
BE22000874	9	0	역시 언니는 내 마음을 잘 알아. 엄마가 거짓말하는 거 제일 싫어하시잖아. 솔직히 말씀드리고 어떻게든 허락받을 걸 너무 후회된다.	N	2022-06-13 09:00:30	2022-11-08 03:29:58
BE22000874	10	1	말하면 당연히 안된다고 하실 것 같으니까 그런 네 마음도 이해해. 나도 옆에서 잘 말씀드려 볼게.	N	2022-06-13 09:00:30	2022-11-08 03:29:58
BE22000874	11	0	거짓말 안 들키면 된다고 생각했었는데 이제 와서 생각하니까 아주 잘못된 생각이었어.	N	2022-06-13 09:00:30	2022-11-08 03:29:58
BE22000874	12	1	네가 이제라도 그렇게 깨달았으면 된 거지. 엄마가 친구분한테 듣기 전에 네가 먼저 말씀드리는 게 좋겠다.	N	2022-06-13 09:00:30	2022-11-08 03:29:58
BE22000874	13	0	그게 좋겠다. 같이 수습해 줘서 고마워 언니.	N	2022-06-13 09:00:30	2022-11-08 03:29:58
BE22000874	14	1	나도 네 나이 때는 그랬었으니까. 얼른 엄마한테 전화 드리고 여행 즐겁게 다녀와.	Y	2022-06-13 09:00:30	2022-11-08 03:29:58
