id	utterance_id	utterance_type	utterance_text	terminate	regDate	updDate
BE22007881	1	0	수학여행으로 제주도를 간다는데 우리 반에서 제주도 안 가본 게 나밖에 없더라.	N	2022-07-11 13:30:51	2022-11-08 04:15:07
BE22007881	2	1	좋은 기회가 생겨서 이번에 다녀오면 좋겠네. 나도 제주도 수학여행으로 다녀온 게 전부인걸.	N	2022-07-11 13:30:51	2022-11-08 04:15:07
BE22007881	3	0	애들이 제주도 안 가본 사람이 어디 있느냐고 이야기하는데 너무 부끄러웠어. 난 아무 말도 못 하고 그냥 조용히 있는데 서러워서 눈물이 날 것 같더라.	N	2022-07-11 13:30:51	2022-11-08 04:15:07
BE22007881	4	1	친구들 사이에서 네가 소외감을 느꼈으니 속상할 만하네. 나였어도 기가 죽어서 기분이 무척 처졌을 거야.	N	2022-07-11 13:30:51	2022-11-08 04:15:07
BE22007881	5	0	제주도가 남들은 그냥 아무렇지 않게 다녀오는 흔한 여행지인지 처음 알았어. 우리 집은 여행 생각은 꿈도 못 꿨는데.	N	2022-07-11 13:30:51	2022-11-08 04:15:07
BE22007881	6	1	여건이 따라주지 않았지만, 부모님이 우리를 위해서 최선을 다하고 좋은 추억 만들어 주시려고 노력하시잖아.	N	2022-07-11 13:30:51	2022-11-08 04:15:07
BE22007881	7	0	그래도 뭔가 비참한 기분이더라고. 내가 너무 작아지는 것 같아서 가슴이 먹먹하고 숨쉬기가 힘든 기분이더라.	N	2022-07-11 13:30:51	2022-11-08 04:15:07
BE22007881	8	1	친구들과 한창 비교할 시기고 나도 네 나이 때 그랬으니 지금 기분 충분히 이해해. 그래도 우리는 어렵지만, 사랑이 넘치고 행복한 가정이잖아. 그러니까 너무 우울해하지 말고 좋은 쪽으로 생각하며 기운 내자.	N	2022-07-11 13:30:51	2022-11-08 04:15:07
BE22007881	9	0	그건 그렇지. 그래도 비행기 한번 안 타본 게 나뿐이라 처량하게 느껴져서 그랬어.	N	2022-07-11 13:30:51	2022-11-08 04:15:07
BE22007881	10	1	그래도 계속 부족한 점에만 집중하면 우울한 감정에서 빠져나올 수 없잖아. 이번에 제주도 신나고 즐겁게 다녀오면 된다고 긍정적으로 생각하고 기분 전환하는 게 좋지 않을까?	N	2022-07-11 13:30:51	2022-11-08 04:15:07
BE22007881	11	0	언니 말이 맞아. 좋게 생각해서 이렇게라도 제주도 가게 되었으니 최대한 즐기고 와야겠다. 체험도 알차게 하고 밥도 많이 먹고 와야지.	N	2022-07-11 13:30:51	2022-11-08 04:15:07
BE22007881	12	1	좋은 생각이야. 언니가 너 수학여행에 입고 갈 사복은 사줄 테니까 같이 골라보면 어떨까?	N	2022-07-11 13:30:51	2022-11-08 04:15:07
BE22007881	13	0	정말이야? 생각지도 못했는데 이렇게 신경 써줘서 고마워. 언니 덕에 기분 좋아져서 제주도 수학여행 기대되기 시작했어.	N	2022-07-11 13:30:51	2022-11-08 04:15:07
BE22007881	14	1	그렇다니 정말 다행이네. 예쁜 옷 입고 가서 사진도 많이 찍고 와.	N	2022-07-11 13:30:51	2022-11-08 04:15:08
BE22007881	15	0	알겠어. 언니 정말 고마워. 언니 덕에 인생 사진 많이 남기고 오겠다.	Y	2022-07-11 13:30:51	2022-11-08 04:15:08
