id	utterance_id	utterance_type	utterance_text	terminate	regDate	updDate
BE22010460	1	0	언니. 나 오늘도 야근이야. 업무가 오늘도 너무 많네.	N	2022-07-20 06:08:02	2022-11-08 04:31:43
BE22010460	2	1	오늘도? 너무 많은 것 같다, 진짜. 피곤이 너무 많이 쌓일 것 같아. 몸이 상하지는 않을까 걱정되네.	N	2022-07-20 06:08:02	2022-11-08 04:31:43
BE22010460	3	0	진짜. 요즘 들어 너무 많아진 것 같아. 업무량이 너무 많아져서 한 달 동안 남자 친구도 못 만났어.	N	2022-07-20 06:08:02	2022-11-08 04:31:43
BE22010460	4	1	응? 한 달이면 정말 너무 오랜 시간 못 봤다. 나도 시간이 맞지 않아 오랜 기간 만나지 못해 진짜 속상했었던 경험이 있거든. 그런데 한 달 동안 못 만나고 있다니 우리 동생 마음 몹시 안 좋겠네.	N	2022-07-20 06:08:02	2022-11-08 04:31:43
BE22010460	5	0	맞아. 진짜 일이 너무 많아져서 일만 열심히 하고 남자 친구는 일 때문에 일정이 맞지 않아 못 만나고 너무 슬퍼. 무엇을 위한 하루를 보내는지 목적 없는 삶 같고 말이야.	N	2022-07-20 06:08:02	2022-11-08 04:31:43
BE22010460	6	1	아. 그럴 수 있지. 하루가 끝나고 나면 너무 피곤해서 집에 와서 잠을 자고 또 다음날 출근하고 반복하면 그런 생각이 들 것 같아. 그리고 나 자신을 돌이켜보게 되면서 되게 슬퍼질 것 같다.	N	2022-07-20 06:08:02	2022-11-08 04:31:43
BE22010460	7	0	맞아. 진짜 너무 보고 싶고 애틋한 마음인데 보지 못하니 슬프네. 휴가철이 지나면 업무량이 줄어서 조금 괜찮아지겠지?	N	2022-07-20 06:08:02	2022-11-08 04:31:43
BE22010460	8	1	애틋한 마음에 슬퍼하는 동생의 모습을 보니 언니로서 마음이 안 좋다. 일도 좋지만 연애하면서 행복한 시간 보내는 것도 좋은 건데 말이야. 근데 네 말대로 곧 다시 업무량이 조정되어서 곧 네 일상이 회복될 거라 믿어!	N	2022-07-20 06:08:02	2022-11-08 04:31:43
BE22010460	9	0	응. 언니랑 이야기하면서 생각난 건데 여유로워지면 다시 남자 친구도 자주 볼 수 있게 될 거라고 생각해! 이렇게 생각하니 기분이 좀 나아지는데? 언제 끝날지 모르겠다고 생각하며 하염없이 슬퍼하며 하루하루 보내는 중이었거든.	N	2022-07-20 06:08:02	2022-11-08 04:31:43
BE22010460	10	1	그랬구나. 최근에 계속 우울한 것 같았는데, 다행히도 이야기하면서 기분이 좋아졌다니! 정말 다행인데? 네 말대로 곧 예전의 일상으로 돌아오면 여유도 되찾게 될 거라 믿어.	N	2022-07-20 06:08:02	2022-11-08 04:31:43
BE22010460	11	0	응. 언니랑 이야기하다 보니 예전에 계획했던 운동도 업무량이 조절되고, 남자 친구도 자주 만나게 된 이후에 도전해야겠다는 생각이 들어! 하루하루 알차게 보낼 수 있게 될 훗날을 생각하니 미소가 지어지는 게 기분이 좋아지네?	N	2022-07-20 06:08:02	2022-11-08 04:31:43
BE22010460	12	1	다행이다! 업무에 여유 생기면 남자 친구랑 좋은 곳도 많이 가고 그러면 좋겠다. 이런 좋은 생각을 하면서 슬퍼하지 말고 기분 좋게 하루하루 보내길 바랄게. 네 행복이 언니 행복이니까.	N	2022-07-20 06:08:02	2022-11-08 04:31:43
BE22010460	13	0	지금 당장은 힘들어서 슬퍼도 곧 괜찮아질 날을 기대하며 당장 맡은 업무도 열심히 해내려고 노력할게! 언니 덕분에 이렇게 긍정적으로 생각할 수 있게 바뀐 것 같아. 고마워 나를 이렇게 생각해주어서.	N	2022-07-20 06:08:02	2022-11-08 04:31:43
BE22010460	14	1	사실 언니도 같은 상황에 부닥치면 정말 무척 그립고 슬퍼서 힘들어했을 거야. 그런데 연락하면서 네가 긍정적인 생각을 할 수 있는 마음이 가져진다고 하니 훨씬 다행이다. 너무 슬퍼하지 말고 밝게 생각하며 하루 보내길 언니가 응원할게, 알겠지?	N	2022-07-20 06:08:02	2022-11-08 04:31:43
BE22010460	15	0	응 알겠어! 고마워. 덕분에 한결 마음이 편해지고 안정되었어. 슬픈 감정에 오늘 야근 마무리 잘할 수 있으려나 걱정했는데 잘 마무리 할 수 있을 것 같아! 정말 고마워.	Y	2022-07-20 06:08:02	2022-11-08 04:31:43
