id	utterance_id	utterance_type	utterance_text	terminate	regDate	updDate
BE22017493	1	0	누나, 서울에서 학교 다니는 애가 주말이라 집에 다니러 왔다 갔어요. 터미널까지 애를 데려다주고 오는데 그 길이 너무 길게 느껴져서 마음이 슬프더라고요. 남들처럼 부모 밑에서 학교도 못 다니는 애가 가엾어서 눈물이 났어요.	N	2022-09-08 03:36:32	2022-11-08 05:15:42
BE22017493	2	1	애를 혼자 서울로 보내면서 네 마음이 얼마나 아팠을지 안 봐도 알겠어. 부모 마음은 다 같아서 나라면 애 앞에서 눈물을 펑펑 쏟았을 거야. 그런데 너는 혼자 슬퍼하는 걸 보니 정말 마음이 짠하다.	N	2022-09-08 03:36:32	2022-11-08 05:15:42
BE22017493	3	0	딸애 앞에서 아버지의 권위를 지키고 싶어서 억지로 웃었어요. 애도 제 마음을 아는지 밝게 웃어서 그게 더 슬펐어요. 혼자 생활하려면 힘들 텐데 내색도 안 하는 게 너무 안 됐어요.	N	2022-09-08 03:36:32	2022-11-08 05:15:42
BE22017493	4	1	부녀가 서로의 마음을 신경 썼을 거 생각하니 내가 다 눈물이 나온다. 애가 부모랑 떨어져 있어 가엾지만, 철은 일찍 든 거 같으니 그걸로 위안을 삼았으면 좋겠다. 홀로 살면서 독립심도 키웠을 테니 그것도 좋은 일이라 생각하고 마음을 풀어라.	N	2022-09-08 03:36:32	2022-11-08 05:15:42
BE22017493	5	0	그러니 그 마음이 오죽 힘들었겠어요. 엄마 손에 밥을 얻어먹으며 학교에 다녀야 하는데 혼자 모든 걸 하려니 고생이 말이 아니지요. 거기다 저녁에는 아르바이트로 용돈도 번다고 하니 어떻게 안 슬프겠어요.	N	2022-09-08 03:36:32	2022-11-08 05:15:42
BE22017493	6	1	모든 걸 넉넉하게 해주지 못하는 부모 마음이야 오죽하겠어? 네 심정은 알지만 현실이 그러니 어쩔 수 없는 일이라고 생각하고 잊어버려야지 어쩌겠니? 그런 경험이 아이 앞날에는 좋은 밑거름이 될 거라고 생각하고 슬픈 마음을 훌훌 털어 버려라.	N	2022-09-08 03:36:32	2022-11-08 05:15:42
BE22017493	7	0	그래도 애가 탄 버스가 터미널을 빠져나가는데 눈물이 절로 나오더라고요. 혼자 돌아오는 길은 왜 또 그렇게 길어서 사람을 지치게 하는지 모르겠어요. 이별은 아무리 시간이 흘러도 적응이 안 되는 것 같아요.	N	2022-09-08 03:36:32	2022-11-08 05:15:42
BE22017493	8	1	무덤덤한 부녀 사이도 많던데 너희 부녀는 정이 애틋한 것 같아 정말 보기 좋아. 가족 간에 사랑이 있으면 아무리 멀리 떨어져 있어도 외롭지 않을 거야. 애도 그 마음으로 버티는 거니 너도 애를 생각해서 늘 즐겁게 지냈으면 좋겠다.	N	2022-09-08 03:36:32	2022-11-08 05:15:42
BE22017493	9	0	물론 평상시에는 서로 전화하면서 즐겁게 생활하지요. 그런데 집에 왔다 가는 날은 유난히 힘이 들더라고요. 얼굴 보면 마음이 약해져서 그런가 봐요.	N	2022-09-08 03:36:32	2022-11-08 05:15:42
BE22017493	10	1	서울에 올라간 기간이 아직 길지 않아서 더 그럴 거야. 그게 세월이 지나다 보면 나중에는 당연하게 생각되어 슬픔도 가실 테니 걱정하지 마라. 지금은 교통도 편리해서 마음만 먹으면 금방 만날 수 있는데 무슨 걱정이야.	N	2022-09-08 03:36:32	2022-11-08 05:15:42
BE22017493	11	0	그건 누나 말이 맞는 것 같아요. 사실 마음만 먹으면 언제든 만날 수 있는 세상이지요. 그렇게 생각하니 슬픈 마음이 좀 가시는 것 같네요.	N	2022-09-08 03:36:32	2022-11-08 05:15:42
BE22017493	12	1	요즘은 반찬도 만들어서 택배로 보내면 다음 날이면 도착하더라. 마음만 먹으면 딸한테 엄마 반찬도 먹게 해줄 수 있으니 그것도 걱정할 필요 없어. 떨어져 있다 주말에 만나면 정도 더 애틋해서 좋다고 생각하면 마음이 푸근해질 거야.	N	2022-09-08 03:36:32	2022-11-08 05:15:42
BE22017493	13	0	그것도 누나 말이 맞아요. 생각해 보니 매일 같이 있을 때는 못마땅한 점도 있었어요. 그런데 떨어져 지내면서부터는 다 애틋하고 소중하게 생각되는 것 같아요.	N	2022-09-08 03:36:32	2022-11-08 05:15:42
BE22017493	14	1	아이는 부모가 믿는 만큼 행동한다고 하잖아. 네가 애면글면하지 않으면 애는 기대에 부응하려고 더 의젓해질 테니 마음을 내려놓아. 마음이 밝아야 몸도 건강할 테니 늘 즐겁게 지내기 바란다.	N	2022-09-08 03:36:32	2022-11-08 05:15:42
BE22017493	15	0	누나한테 주절주절 얘기를 털어놓고 나니 마음이 편해졌어요. 푸념에 불과한 말에 열심히 응해줘서 정말 고마워요.	Y	2022-09-08 03:36:32	2022-11-08 05:15:42
