id	utterance_id	utterance_type	utterance_text	terminate	regDate	updDate
BE22018330	1	0	언니, 나 진짜 회사 그만두고 싶어. 너무 눈물이 나.	N	2022-09-15 06:09:28	2022-09-15 06:09:28
BE22018330	2	1	왜 그래 동생, 무슨 일 있어?	N	2022-09-15 06:09:28	2022-09-15 06:09:28
BE22018330	3	0	저번에 우리 팀에서 과장님이 실수한 거 있잖아, 사람들이 다 내가 한 줄 알아. 내가 억울함을 얘기했지만 아무도 믿지 않아서 슬퍼. 과장님도 나한테 이번만 봐 달라는데 나만 실수를 뒤집어써서 눈물이 나.	N	2022-09-15 06:09:28	2022-11-08 05:20:52
BE22018330	4	1	네가 이야기한 거 기억나, 네가 무척 속상하겠네. 더군다나 과장님도 나서서 자신의 실수를 밝히지 않으니 네가 더 답답하고 절망적이겠어.	N	2022-09-15 06:09:28	2022-11-08 05:20:52
BE22018330	5	0	아무도 내 말을 믿지 않는다는 게 이렇게 슬프고 괴로운 일인 줄 몰랐어. 과장님이 그런 실수를 할 리가 없다며, 신입인 나만 의심해. 사람들이 일부러 과장님을 감싸주려고 믿지 않는 걸까?	N	2022-09-15 06:09:28	2022-11-08 05:20:52
BE22018330	6	1	듣기만 해도 나도 정말 속상하고 마음이 안 좋다. 아무리 신입이라고 해도 동등하게 말을 들어줘야지, 사람들이 너무했네. 너무 속상해하지 마, 네 잘못이 아니잖아, 사람들도 언젠가는 진실을 알아줄 거야.	N	2022-09-15 06:09:28	2022-11-08 05:20:52
BE22018330	7	0	나만 거짓말쟁이가 되어가는 것 같아서 슬퍼. 처음에는 진실을 밝히고 싶었는데 사람들이 믿어주지 않으니 그냥 포기하려고. 회사에 다닌다는 게 이렇게 억울한 일이 있어도 참고 견뎌야 하는 건가 봐, 마음이 아파.	N	2022-09-15 06:09:28	2022-11-08 05:20:52
BE22018330	8	1	너무 슬퍼하지 마, 지금은 정말 억울한 심정이겠지만 진실은 언젠가 분명히 드러나게 되어있어. 지금은 네 말을 믿어주지 않더라도, 언젠가는 너의 결백이 밝혀질 거야. 네가 너무 걱정하지 말고 마음 편하게 가졌으면 좋겠어, 적어도 너 자신은 진실을 알잖아.	N	2022-09-15 06:09:28	2022-11-08 05:20:52
BE22018330	9	0	그래, 언니 말을 들으니 마음이 그래도 조금 편해져. 사람들이 밉지만, 언니 말대로 언젠가는 사람들도 다 알게 되겠지. 내가 넓은 마음으로 받아들일 수 있을 것 같아.	N	2022-09-15 06:09:28	2022-11-08 05:20:52
BE22018330	10	1	그래, 그 말을 들으니 나도 마음이 놓인다. 억울해도 참고 견디라는 게 아니라 너무 스트레스를 받지 말라는 거야. 다 잘 해결될 거야, 너무 걱정하지 마.	N	2022-09-15 06:09:28	2022-11-08 05:20:52
BE22018330	11	0	고마워, 아까는 너무 억울한 마음에 엉엉 울고 싶었는데 언니 위로를 들으니 마음이 훨씬 나아진다. 역시 언니는 나의 가장 든든한 조력자야.	N	2022-09-15 06:09:28	2022-11-08 05:20:52
BE22018330	12	1	네가 혼자서 얼마나 힘들었을지 상상하니 언니도 마음이 안 좋아. 그래도 마음이 나아졌다니 언니도 이제 한결 안심이 돼. 일단 마음 편하게 가지고, 상황이 흘러가는 대로 마음 놓고 지내자.	N	2022-09-15 06:09:28	2022-11-08 05:20:52
BE22018330	13	0	덕분에 오늘 하루는 마음 편하게 보낼 수 있을 것 같아. 언니도 오늘 행복한 하루 보내.	N	2022-09-15 06:09:28	2022-09-15 06:09:28
BE22018330	14	1	그래, 너도 즐거운 하루 보내기를 바랄게.	Y	2022-09-15 06:09:28	2022-11-08 05:20:52
