id	utterance_id	utterance_type	utterance_text	terminate	regDate	updDate
BE22018606	1	0	언니, 나 지금 다니는 회사 너무 그만두고 싶어. 진짜 너무 우울해서 못 다니겠어.	N	2022-09-17 03:31:28	2022-09-17 03:31:28
BE22018606	2	1	왜 그래 동생, 무슨 일 있는거야? 회사에서 혼나기라도 했어?	N	2022-09-17 03:31:28	2022-09-17 03:31:28
BE22018606	3	0	요즘 납품이 급하다며 쉬는 날 반납하고 무조건 회사 나오래. 이런 말도 안되는 근무 형태로 내가 이 회사에 있어야하나 싶어서 눈물이 나. 다른 곳으로 이직하고 싶은데 선택권이 없어서 너무 슬퍼.	N	2022-09-17 03:31:28	2022-09-17 03:31:28
BE22018606	4	1	쉬는 날 회사를 나오라니, 그런 말도 안되는 억지가 어디있대? 네가 정말 많이 슬펐겠다, 언니도 마음이 아프네. 네가 그렇게 힘들게 일하는 줄 몰랐어.	N	2022-09-17 03:31:28	2022-09-17 03:31:28
BE22018606	5	0	진짜 이제는 너무 지쳐서 그만두고 싶어, 너무 힘들고 슬퍼. 여태까지 사장의 행패들을 모두 견뎌왔는데 이제는 견딜 수 없을 것 같아. 직원을 회사 부품으로만 아는 것 같아, 돈만 챙겨주면 다 인줄 알아.	N	2022-09-17 03:31:28	2022-09-17 03:31:28
BE22018606	6	1	직원을 부품 취급하는 사장 밑에서 일하는 게 정말 슬프고 서글프지, 언니도 그 마음 알아. 너는 마음만 먹으면 다른 회사로 갈 수 있잖아, 너무 슬퍼하지 말고 용기를 가졌으면 좋겠어. 네 자신을 할 수 없다고 생각하지 마, 언니는 너 믿어, 네 결정을 지지할 거야.	N	2022-09-17 03:31:28	2022-11-08 05:22:25
BE22018606	7	0	이제는 정말 진지하게 이직을 생각해봐야 할 것 같아. 하루의 대부분을 보내는 직장에서 이렇게 슬픈 기분으로 보내는 게 정말 안 좋아. 매일이 어둡고 우울한 느낌이야.	N	2022-09-17 03:31:28	2022-11-08 05:22:25
BE22018606	8	1	그 말을 들으니 언니도 마음이 아파, 언니는 네가 돈 많이 못벌어도 즐겁게 일했으면 좋겠어. 지금 직장이 너를 너무 슬프게 만든다면, 언제든지 다른 곳으로 가도 돼. 너는 충분히 잘 할거야, 너무 걱정하지 마.	N	2022-09-17 03:31:28	2022-11-08 05:22:25
BE22018606	9	0	그래도 언니 말을 들으니 용기가 생기네. 사실 요즘 이직에 대한 열망은 있었지만 확신이 없었거든. 언니 덕분에 그래도 할 수 있다는 자신감이 생겨.	N	2022-09-17 03:31:28	2022-11-08 05:22:25
BE22018606	10	1	당연히 할 수 있지, 지금 너무 네가 힘들어서 그렇지. 조금 쉬엄쉬엄 하면서 생각해보면 답을 찾을 수 있을거야.	N	2022-09-17 03:31:28	2022-11-08 05:22:25
BE22018606	11	0	맞아, 언니 말대로 요즘 마음이 너무 지치고 슬퍼서 오히려 더 용기가 없었던 것 같아. 이렇게 현명한 조언을 해 주는 언니가 있어서 참 다행이야. 내가 잃어버리고 있던 용기와 자신감을 항상 언니가 일깨워줘.	N	2022-09-17 03:31:28	2022-09-17 03:31:28
BE22018606	12	1	어릴 때 부터 너는 정말 용기있는 아이었어. 이렇게 축 처진 모습 보니 언니가 안타까워서 그렇지. 너를 지지하는 수많은 사람들이 있다는 걸 잊지 마.	N	2022-09-17 03:31:28	2022-11-08 05:22:25
BE22018606	13	0	고마워 언니, 덕분에 오늘 하루 기분좋게 보낼 수 있을 것 같아.	N	2022-09-17 03:31:28	2022-11-08 05:22:25
BE22018606	14	1	그래 동생, 그 말을 들으니 기쁘다.	Y	2022-09-17 03:31:28	2022-11-08 05:22:25
