id	utterance_id	utterance_type	utterance_text	terminate	regDate	updDate
BE22007562	1	0	언니는 인기가 많아서 참 좋겠다.	N	2022-07-10 12:05:20	2022-11-08 04:13:08
BE22007562	2	1	너도 친구들이랑 잘 지내잖아. 왜 갑자기 그런 얘기를 해?	N	2022-07-10 12:05:20	2022-11-08 04:13:08
BE22007562	3	0	나는 인기 별로 없어. 나한테 말 거는 친구들은 다들 수학 문제 어떻게 푸냐고 물어보는 친구들뿐이야.	N	2022-07-10 12:05:20	2022-11-08 04:13:08
BE22007562	4	1	인기가 없다고 생각이 들어서 속상한 거니?	N	2022-07-10 12:05:20	2022-11-08 04:13:08
BE22007562	5	0	응. 난 친한 친구가 두 명밖에 없어. 나도 친구가 많았으면 좋겠는데, 그렇지 않아서 정말 슬프고 쓸쓸해.	N	2022-07-10 12:05:20	2022-11-08 04:13:08
BE22007562	6	1	그런 생각을 하고 있었구나. 그렇지만 너에겐 믿음직스러운 친구가 두 명이나 있잖아. 그런 친구가 있다는 것도 정말 행운이라 생각해.	N	2022-07-10 12:05:20	2022-11-08 04:13:08
BE22007562	7	0	그래? 난 언니처럼 예뻐서 인기가 많고 싶어.	N	2022-07-10 12:05:20	2022-11-08 04:13:08
BE22007562	8	1	너의 모습은 충분히 사랑스러워. 그리고 너는 공부를 참 잘하잖아. 열심히 공부해서 좋은 성적을 내는 네가 참 대견스러워.	N	2022-07-10 12:05:20	2022-11-08 04:13:08
BE22007562	9	0	내가 정말 사랑스러운 게 맞을까? 거울을 볼 때면 나 참 못났다고 생각하게 돼. 어제는 거울을 보면서 울었어.	N	2022-07-10 12:05:20	2022-11-08 04:13:08
BE22007562	10	1	울 정도라면 너 정말 많이 힘들었겠다. 하지만 외모가 다가 아니야. 외면보다는 내면의 아름다움이 더 중요하다고 생각해.	N	2022-07-10 12:05:20	2022-11-08 04:13:08
BE22007562	11	0	내면의 아름다움은 보이지 않잖아. 내가 공부 잘하는 것도 성적표가 나왔을 때 잠깐뿐이지. 결국 예쁜 외모를 가진 사람들이 주변의 인기를 독차지하잖아.	N	2022-07-10 12:05:20	2022-11-08 04:13:08
BE22007562	12	1	그래. 내면과 외면 둘 다 중요하지. 하지만 예쁜 외모를 갖고 있다고 해서 항상 인기가 많은 건 아니라고 생각해.	N	2022-07-10 12:05:20	2022-11-08 04:13:08
BE22007562	13	0	그럼 나도 인기가 많아질 수 있을까?	N	2022-07-10 12:05:20	2022-11-08 04:13:08
BE22007562	14	1	당연하지. 너는 공부도 잘하고 밝은 아이잖아. 친구들이 수학 문제를 물어볼 때 잘 설명해 주고 따뜻하게 다가가봐. 너도 인기가 많아질 수 있을 거야.	N	2022-07-10 12:05:20	2022-11-08 04:13:08
BE22007562	15	0	고마워. 언니의 얘기를 들으니 내 장점을 더 살리고 싶은 희망이 들어. 앞으로는 자신감을 갖고 친구들에게 더 다가갈래.	Y	2022-07-10 12:05:20	2022-11-08 04:13:08
