id	utterance_id	utterance_type	utterance_text	terminate	regDate	updDate
BE22018391	1	0	언니. 나 요즘 너무 마음이 슬프고 힘들어.	N	2022-09-15 09:49:47	2022-09-15 09:49:47
BE22018391	2	1	왜 그래, 무슨 일이야.	N	2022-09-15 09:49:47	2022-09-15 09:49:47
BE22018391	3	0	병원에서 간병인을 새로 붙여 줬거든. 근데 그분이 나보다 힘이 약해서 내 휠체어가 앞으로 나가질 않아. 그분이 엄청나게 힘을 주셔야만 간신히 바퀴가 굴러가.	N	2022-09-15 09:49:47	2022-11-08 05:21:12
BE22018391	4	1	그런 일이 있었구나. 너무 불편하겠는걸. 언니가 한국에 있었다면 어떻게든 간병을 해줬을 텐데. 언니가 다 속상하다.	N	2022-09-15 09:49:47	2022-11-08 05:21:12
BE22018391	5	0	불편한 것도 불편한 건데, 그냥 내 처지가 너무 비통해. 그때 사고만 안 났어도 내가 이렇게 휠체어를 탈 일은 없었을 텐데. 자꾸만 그런 생각이 들면서 과거를 후회하게 돼.	N	2022-09-15 09:49:47	2022-09-15 09:49:47
BE22018391	6	1	충분히 이해해. 과거의 상처라는 건 다 잊었다고 생각해도 언제고 다시 돌아오는 법이니까. 얼마나 속상할까.	N	2022-09-15 09:49:47	2022-11-08 05:21:12
BE22018391	7	0	내가 그때 운전만 안 했어도 이런 일은 없었을 텐데, 매일 매일 생각하게 돼. 게다가 내 휠체어를 밀어주시는 분이 집안 사정이 너무 안 좋으셔서 그만두라고 말도 못 하겠어.	N	2022-09-15 09:49:47	2022-11-08 05:21:12
BE22018391	8	1	하필 또 그런 상황이구나. 네가 여러모로 너무 힘들겠다. 네 사정도 힘이 드는데 남의 사정까지 신경 써 줘야 하니 얼마나 지치고 힘들겠니.	N	2022-09-15 09:49:47	2022-09-15 09:49:47
BE22018391	9	0	언니 말대로 이 모든 게 너무 지쳐. 재활 훈련도 너무 힘들고, 이런다고 정말 내가 다시 걸을 수 있게 될까 회의감도 들고.	N	2022-09-15 09:49:47	2022-09-15 09:49:47
BE22018391	10	1	그렇지 않아. 그동안 재활훈련 하면서 많이 좋아졌잖아. 앞으로 분명히 더 좋아질 거야. 회의감에 젖어들기보단 지금까지 열심히 버텨 온 너 자신을 기특히 여겨 주면 어떨까?	N	2022-09-15 09:49:47	2022-11-08 05:21:12
BE22018391	11	0	하긴. 처음에 사고 났을 땐 휠체어에 앉는 것조차 불가능했지. 그땐 정말 아무 희망도 없었는데.	N	2022-09-15 09:49:47	2022-09-15 09:49:47
BE22018391	12	1	그럼. 그런 상황에서 네가 불굴의 의지로 재활 훈련을 열심히 해서 휠체어까지 타게 됐잖아. 얼마나 멋있니. 그런 스스로를 좀더 사랑해주면 좋겠어.	N	2022-09-15 09:49:47	2022-11-08 05:21:12
BE22018391	13	0	언니 말이 맞아. 이만큼 버텨온 것도 정말 대단한 거야. 그렇게 생각하니 마음이 한결 나아져.	N	2022-09-15 09:49:47	2022-11-08 05:21:12
BE22018391	14	1	맞아. 나 자신을 미워하지 말고 사랑하는 데 집중해 줘. 넌 그동안 정말 잘해왔고, 앞으로 더 잘해 나갈 거야. 넌 정말 멋진 애니까.	N	2022-09-15 09:49:47	2022-11-08 05:21:12
BE22018391	15	0	정말 고마워. 기분이 많이 나아졌어. 얼굴 보고 싶다, 언니. 이따가 영상 통화 걸게.	Y	2022-09-15 09:49:47	2022-11-08 05:21:12
