id	utterance_id	utterance_type	utterance_text	terminate	regDate	updDate
BE22000930	1	0	언니, 방금 엄마 수술실에서 나오셨어. 다행히 수술이 잘 되어서 중환자실에 안 가시고 일반 병실로 옮길 거래.	N	2022-06-14 00:33:33	2022-11-08 03:30:20
BE22000930	2	1	마음 졸였는데 다행이다! 수술 잘 끝났다고 하니 정말 하늘이 도왔어. 근데 너는 좀 괜찮니?	N	2022-06-14 00:33:33	2022-11-08 03:30:20
BE22000930	3	0	내가 괜찮고 말고가 어디 있어. 내가 전화만 똑바로 받았으면 엄마 이렇게까지 힘들지 않았을 텐데 ….	N	2022-06-14 00:33:33	2022-11-08 03:30:20
BE22000930	4	1	그게 무슨 소리야. 나 출장 때문에 지방에 와있는데 너라도 있으니까 엄마가 그래도 사신 거야. 너 아니었음 어떻게 됐을지 상상만 해도 끔찍해.	N	2022-06-14 00:33:33	2022-11-08 03:30:20
BE22000930	5	0	아니야, 전화를 일찍 받고 바로 병원으로 가셨으면 수술 안 해도 됐을 거래. 왜 하필 오늘 보조배터리를 안 가지고 갔을까.	N	2022-06-14 00:33:33	2022-11-08 03:30:20
BE22000930	6	1	너라고 이런 일이 벌어질 줄 알았겠어? 사람이 살다 보면 항상 챙기던 걸 잊어버릴 수도 있잖아. 왜 그렇게 자책을 하고 그래.	N	2022-06-14 00:33:33	2022-11-08 03:30:20
BE22000930	7	0	휴대폰 전원이 꺼져있었어. 확인하니까 전화가 몇 통이나 와있었더라. 엄마가 아픈 와중에 내게 전화하셨을 거 생각하면 배터리를 똑바로 안 챙긴 게 너무 후회돼.	N	2022-06-14 00:33:33	2022-11-08 03:30:20
BE22000930	8	1	결국 전화 받고 네가 바쁜 와중에 바로 달려가서 엄마 병원에 모시고 갔잖아. 너는 지금 네가 얼마나 큰일을 한지 모르겠어? 나는 네게 너무 고마워.	N	2022-06-14 00:33:33	2022-11-08 03:30:20
BE22000930	9	0	고맙기는. 언니, 나 엄마 전화를 처음에 받았으면 어땠을까 하는 생각이 자꾸 들어.	N	2022-06-14 00:33:33	2022-11-08 03:30:20
BE22000930	10	1	이미 지나버린 일이니까 그건 그만 생각해. 앞으로가 중요해. 엄마가 수술 잘 이겨내셨으니까 앞으로 회복이 잘 되게 우리가 같이 노력할 생각만 하자.	N	2022-06-14 00:33:33	2022-11-08 03:30:20
BE22000930	11	0	엄마가 날 미워하시진 않겠지? 그러면 어떡하지?	N	2022-06-14 00:33:33	2022-11-08 03:30:20
BE22000930	12	1	무슨 말도 안 되는 소리를 하고 있어. 네가 얼마나 자랑스러운 딸이고 동생인데. 엄마 아프실 때마다 네가 곁에서 도와주고 버텨줘서 내가 얼마나 큰 힘이 되었는데!	N	2022-06-14 00:33:33	2022-11-08 03:30:20
BE22000930	13	0	정말이야? 날 그렇게 생각해?	N	2022-06-14 00:33:33	2022-11-08 03:30:20
BE22000930	14	1	당연하지. 넌 우리에게 없어서는 안 될 소중한 존재야. 동생아, 너무 고생했어. 엄마 살려줘서 언니가 너무 고마워.	N	2022-06-14 00:33:33	2022-11-08 03:30:20
BE22000930	15	0	그렇게 말해줘서 나야말로 고마워, 언니.	N	2022-06-14 00:33:33	2022-11-08 03:30:20
BE22000930	16	1	이제 엄마 깨어나시려면 시간 오래 걸리실 거야. 너 많이 피곤하고 고될 텐데 병원 근처 찜질방에 가서 씻고 좀 쉬는 게 어떠니. 그러면 지금 힘든 마음도 많이 가라앉을 거야.	N	2022-06-14 00:33:33	2022-11-08 03:30:20
BE22000930	17	0	좋은 생각이야. 그럼 두 시간만 가서 쉬고 올게. 언니, 정말 고마워.	Y	2022-06-14 00:33:33	2022-11-08 03:30:20
