id	utterance_id	utterance_type	utterance_text	terminate	regDate	updDate
BE22018553	1	0	오늘 오랜만에 친구들 만나서 바다도 보고 분위기 좋은 카페도 갔다 왔는데. 친구들이 내 안부를 물을 때마다 열등감이 올라오는 것 같아. 날 위해 하는 말에도 내가 초라해 보이는 건가 싶어 내 마음이 서글퍼.	N	2022-09-16 09:55:50	2022-09-16 09:55:50
BE22018553	2	1	좋은 친구들과 함께하는 시간을 고민 없이 즐기면 참 좋았을 텐데. 네가 마음이 편하지 않아서 시간을 온전히 즐기지 못했나 보네. 충분히 그럴 수 있는 거니까 너무 마음 아파하지 마.	N	2022-09-16 09:55:50	2022-11-08 05:22:07
BE22018553	3	0	사진도 많이 찍었거든. 집에 와서 찍은 사진을 하나하나 보는데 사진으로 본 내 모습에 생기가 없네. 사진을 보니 이런 여유조차 즐기지 못하는 참 못난 사람처럼 느껴져서 너무 슬프다.	N	2022-09-16 09:55:50	2022-09-16 09:55:50
BE22018553	4	1	친구들도 형도 다 너처럼 사회에 나갈 준비를 겪은 사람들이잖아. 네가 힘들어하는 모습, 고민하는 모습을 지켜보면서 많이 응원하고 있어. 그러니 힘든 모습을 굳이 감추려 하고 혼자 상처 입을 필요도 없어.	N	2022-09-16 09:55:50	2022-09-16 09:55:50
BE22018553	5	0	친구들은 반짝반짝 빛나는데 나만 그늘 아래 서 있는 것처럼 어두워 보이는 것 같아. 내 얼굴이 저렇게 어둡고 힘들어 보인다는 게. 내가 나를 괴롭히는 것만 같아서 우울해.	N	2022-09-16 09:55:50	2022-09-16 09:55:50
BE22018553	6	1	네가 말은 안 해도 시험 준비에 많이 힘들고 티 안 내려고 얼마나 걱정했는지 느껴지네. 하지만 견뎌낸 시간과 견디고 있는 네 마음도 얼마나 소중한지 몰라. 널 괴롭히는 게 아니라 널 위해 준비하는 시간이니 널 자책하지 마.	N	2022-09-16 09:55:50	2022-11-08 05:22:07
BE22018553	7	0	나 빼고 다들 취업을 해서 저렇게 표정이 밝은가 봐. 나도 공무원 시험에 그만 매달리고 취업할 걸 그랬나 하는 생각이 떠나질 않아.	N	2022-09-16 09:55:50	2022-09-16 09:55:50
BE22018553	8	1	그런 생각하지 마, 네가 정말 원하는 일을 위해 보내는 시간이 얼마나 중요한지 잘 알잖아. 잠시 마음이 흔들리기도 하고 포기하고 싶은 마음이 들기도 하겠지. 정말 네가 하고 싶은 걸 생각하면서 네 마음에 솔직한 게 정말 너를 위한 거야.	N	2022-09-16 09:55:50	2022-11-08 05:22:07
BE22018553	9	0	친구들의 모습이 걱정 없어 보여서 괜히 내 마음이 흔들리는 것 같아. 비교 안 하려고 노력해도 자꾸 급한 마음이 들어. 나 자신에 자신이 없는 건가 싶어.	N	2022-09-16 09:55:50	2022-09-16 09:55:50
BE22018553	10	1	조금 빨리 가고 조금 늦게 가고 하는 게 네 삶 전체에서 얼마나 차이가 나겠어. 조금 천천히 가더라도 네가 원하는 걸 하기 위해 보내는 시간이 결코 헛되지 않아. 너 스스로에게 만족하는 시간을 보내는 게 너에겐 더 소중할 거야.	N	2022-09-16 09:55:50	2022-11-08 05:22:07
BE22018553	11	0	응. 형. 그런 생각 안 할게. 시험도 다가오고 하니 내가 마음이 약해졌나 봐. 이렇게 다들 날 응원해 주는데 열심히 해야지.	N	2022-09-16 09:55:50	2022-11-08 05:22:07
BE22018553	12	1	그래. 네 마음에 위로가 되었으면 참 다행이야. 하지만 힘들면 힘들다고 아프면 아프다고 말해도 괜찮아. 다른 사람과 비교하지 말고 너의 꿈과 너의 미래에 자신을 가져.	N	2022-09-16 09:55:50	2022-11-08 05:22:07
BE22018553	13	0	응. 형. 다른 사람 비교할 필요 없는걸. 내가 얼마나 나의 미래에 대한 확신이 있는지가 중요한지 잘 알아. 형 덕분에 내 정신이 맑아지는 것 같아.	N	2022-09-16 09:55:50	2022-09-16 09:55:50
BE22018553	14	1	다행이야. 형이 그래도 너에게 도움이 되었다니 얼마나 좋은지 모르겠네. 네가 앞으로도 힘들면 내가 아니더라도 누군가와 말하고 의논하면 좋겠어. 그래야 건강하게 걱정도 상처도 슬픔도 극복할 수 있어.	N	2022-09-16 09:55:50	2022-11-08 05:22:07
BE22018553	15	0	응. 형 고마워. 항상 이렇게 응원해 주니 정말 큰 힘이 돼.	Y	2022-09-16 09:55:50	2022-11-08 05:22:07
