id	utterance_id	utterance_type	utterance_text	terminate	regDate	updDate
BE22015022	1	0	누나 엄마 아빠는 잘 계시지.	N	2022-08-20 12:52:36	2022-08-20 12:52:36
BE22015022	2	1	어 잘 계셔. 왜 직접 안부를 묻지 않고 나한테 물어보는 거야?	N	2022-08-20 12:52:36	2022-08-20 12:52:36
BE22015022	3	0	지금은 부모님을 생각하니 울컥해서 나중에 연락드리려고 해.	N	2022-08-20 12:52:36	2022-08-20 12:52:36
BE22015022	4	1	엄마 아빠가 걱정할 일이니? 나한테 먼저 말해봐. 같이 고민을 나눠보자.	N	2022-08-20 12:52:36	2022-11-08 05:00:31
BE22015022	5	0	오늘 양로원에 목욕 봉사를 다녀왔거든. 그분들 고생한 얘기 듣고 마르고 상한 몸을 보고 나니 머지않아 그 나이가 될 부모님이 생각나더라.	N	2022-08-20 12:52:36	2022-11-08 05:00:31
BE22015022	6	1	나도 우리 부모님이 늙어서 거동이 불편할 때를 생각하면 슬퍼져. 아직 오지 않은 때라 금방 잊곤 하는데 봉사활동을 하는 너에겐 현실적으로 다가와서 더욱 마음이 아프겠구나.	N	2022-08-20 12:52:36	2022-11-08 05:00:31
BE22015022	7	0	외부 활동 스펙용으로 가볍게 생각한 나 자신이 선거철에 이미지 메이킹하는 후보들이 된 것 같아 부끄러웠어.	N	2022-08-20 12:52:36	2022-11-08 05:00:31
BE22015022	8	1	그런 보여주기식과 달리 너는 지난 방학에 취득한 요양보호사 자격이 있잖아. 혹시 모를 부모님의 나중을 위해 준비했다는 말에 어리지만 속이 참 깊다고 느꼈어.	N	2022-08-20 12:52:36	2022-11-08 05:00:31
BE22015022	9	0	지금 부모님을 모시는 것도 아닌데. 목욕 봉사로 인한 충격이 상당해서 나중에 부모님을 돌볼 수 있을지 자신이 없어.	N	2022-08-20 12:52:36	2022-11-08 05:00:31
BE22015022	10	1	남은 돌보는 일이 쉽지 않은데 너는 준비가 된 사람이니 좀더 자신감을 가져도 돼. 그분들에게 꼭 필요한 손길이라고 생각해.	N	2022-08-20 12:52:36	2022-11-08 05:00:31
BE22015022	11	0	나한테 목욕을 받은 어르신께서 참 편안하게 잘한다고, 다음에도 부탁하고 싶다고 하셨어. 늙음이란 걸 처음 제대로 직면하고 마음이 약해졌지만 받아들여야겠지.	N	2022-08-20 12:52:36	2022-08-20 12:52:36
BE22015022	12	1	너처럼 자신감을 금방 회복하고 씩씩한 사람을 보면 양로원 분들도 힘이 날 것 같아.	N	2022-08-20 12:52:36	2022-11-08 05:00:31
BE22015022	13	0	누나는 나한테 이렇게 힘을 주는걸. 다음 봉사활동 땐 누나도 같이 가면 좋겠다. 말동무만 되어주면 어르신들이 좋아하실 거야.	N	2022-08-20 12:52:36	2022-11-08 05:00:31
BE22015022	14	1	착한 동생 덕분에 착한 사람이 될 기회가 생겼네.	Y	2022-08-20 12:52:36	2022-08-20 12:52:36
