id	utterance_id	utterance_type	utterance_text	terminate	regDate	updDate
BE22015618	1	0	동생아, 형이 지금 너무 가슴이 미어지고 찢어질 거 같아.	N	2022-08-25 04:01:01	2022-08-25 04:01:01
BE22015618	2	1	형! 무슨 일이야, 안 좋은 일이라도 있는 거야? 너무 걱정된다.	N	2022-08-25 04:01:01	2022-11-08 05:04:11
BE22015618	3	0	방금 네 형수한테 전화 받았는데 첫째가 교통사고를 당했대. 바로 병원으로 갔는데 아직 혼수상태래. 그 얘기를 듣는데 너무너무 슬프고 가슴이 아파서 눈물이 안 멈춰.	N	2022-08-25 04:01:01	2022-11-08 05:04:11
BE22015618	4	1	아, 형 얼마나 슬프고 속상하고 힘들까. 같은 애 키우는 입장에서 어떤 심정일지 너무나 이해가 되고, 나까지 눈물이 나온다. 감히 뭐라고 위로의 말을 해야 할지 모르겠어.	N	2022-08-25 04:01:01	2022-11-08 05:04:11
BE22015618	5	0	가뜩이나 결혼하고 10년 만에 어렵게 낳은 첫째잖아. 너무 소중한 아이인데 이런 사고를 당했다니 너무 절망적이고 슬퍼서 가슴이 아려 와. 세상이 다 부정적으로 보이고 모든 게 다 내 탓 같고 아무 생각이 안 들어.	N	2022-08-25 04:01:01	2022-08-25 04:01:01
BE22015618	6	1	지금 당장은 너무 슬퍼서 그런 마음이 드는 거 충분히 이해해. 그런데 형의 잘못은 아니니까 스스로 자책하면서 힘들어하지는 않았으면 좋겠어. 이럴수록 굳게 마음먹고 버텨내려고 한다면 상황도 잘 해결될 거라 믿어.	N	2022-08-25 04:01:01	2022-11-08 05:04:11
BE22015618	7	0	위로는 고마워, 하지만 너무 슬프고 힘드니까 그런 말이 잘 와닿지 않네, 미안하다. 그저 왜 나에게 이런 시련이 생긴 건지 하늘이 너무 원망스럽고 이겨낼 자신이 없어.	N	2022-08-25 04:01:01	2022-11-08 05:04:11
BE22015618	8	1	나는 괜찮아, 너무 마음 쓰지 마. 아무 생각 하지 말고 형이랑 형수가 조금 더 힘내서 잘 이겨내길 바랄 뿐이야. 진심으로 원하고 원하면 꼭 기적 같은 일이 일어날 거니까 부디 힘냈으면 좋겠어.	N	2022-08-25 04:01:01	2022-11-08 05:04:11
BE22015618	9	0	말이라도 정말 고맙고, 큰 힘이 된다. 덕분에 조금이나마 마음이 놓이는 거 같고 힘낼 수 있는 용기도 얻은 거 같아.	N	2022-08-25 04:01:01	2022-11-08 05:04:11
BE22015618	10	1	오히려 내 말에 마음이 편해지고 용기까지 얻었다니 정말 다행이고 내가 다 안심이 된다. 나랑 우리 가족도 진심으로 응원하고 있으니까 꼭 희망적인 소식이 들려왔으면 좋겠어.	N	2022-08-25 04:01:01	2022-11-08 05:04:11
BE22015618	11	0	어디 하소연할 데도 없고 혼자 너무 답답했었거든. 이렇게나마 너한테 털어놓고 얘기하니까 속이 많이 후련해졌다. 힘들 때 너 같은 동생이 옆에 있어서 얼마나 다행인지 몰라.	N	2022-08-25 04:01:01	2022-08-25 04:01:01
BE22015618	12	1	형제 좋다는 게 뭐야, 언제든 힘들거나 속상한 일이 생기면 나한테 얘기해. 이렇게 얘기하고 위로받고 해야 이겨낼 힘이 조금이라도 더 생길 거 같아.	N	2022-08-25 04:01:01	2022-11-08 05:04:11
BE22015618	13	0	응, 정말 고마워! 세상은 혼자서 감당할 수 있는 일은 없나 봐. 덕분에 정신 차리고 아내와 아이를 잘 돌볼 수 있을 거 같은 마음가짐이 들어.	N	2022-08-25 04:01:01	2022-11-08 05:04:11
BE22015618	14	1	그렇게 얘기해 주니까 내가 더 고맙고, 보람차다. 꼭 모든 것을 극복해서 예전처럼 즐겁고 화목하게 지내는 모습 보고 싶어.	N	2022-08-25 04:01:01	2022-11-08 05:04:11
BE22015618	15	0	응, 나도 꼭 그런 날이 오길 바라면서 열심히 노력해 볼게. 그럼 다시 연락하자.	Y	2022-08-25 04:01:01	2022-08-25 04:01:01
