id	utterance_id	utterance_type	utterance_text	terminate	regDate	updDate
BE22018374	1	0	언니, 나 요즘 내 인생에 회의감이 들어. 최근에 부업을 시작하면서부터 너무 바쁘고 한가할 시간조차 없거든. 돈을 위해 사는 것 같은 기분에 너무 슬프다.	N	2022-09-15 08:13:00	2022-09-15 08:13:00
BE22018374	2	1	일을 너무 열심히 하다 보면 그런 마음이 충분히 들 수 있어. 너 안 그래도 지금 다니는 회사에 일도 많고 바쁘잖아. 부업까지 시작했으니 네가 정말 여유가 없어서 힘들 것 같아.	N	2022-09-15 08:13:00	2022-11-08 05:21:07
BE22018374	3	0	응 하루에 열 시간씩 회사에 있는데 퇴근 후에는 글 쓰는 작업을 해야 해. 이 부업이 딱 3개월 동안만 할 수 있는 부업이라, 최근 많은 시간을 투자하고 있거든. 그러다 보니 데이트할 시간도 없고, 강아지 산책시킬 시간도 없어서 슬퍼.	N	2022-09-15 08:13:00	2022-09-15 08:13:00
BE22018374	4	1	네가 평소에 남자 친구랑 함께 시간을 많이 보내기도 했고, 강아지도 많이 아끼고 있잖아. 함께할 수 있는 시간이 별로 없다면 답답하게 느껴질 것 같아. 나도 예전에 부업 한 적 있어서, 얼마나 정신없고 한가할 시간이 없는지 이해가 돼.	N	2022-09-15 08:13:00	2022-11-08 05:21:07
BE22018374	5	0	응 내가 이것만 하면 그나마 여유가 있을 것 같은데, 나 SNS도 하고 있잖아. 사진 찍어 올리고 게시물에 글도 써야 하다 보니 정신없어서 머리가 너무 복잡해. 잠도 부족해서 회사를 자꾸 지각하고, 깜빡 잠들었다가 혼난 적도 있어.	N	2022-09-15 08:13:00	2022-09-15 08:13:00
BE22018374	6	1	바쁘게 산다는 건 그만큼 열심히 사는 것이기에, 칭찬받을 일이라 생각해. 그렇지만, 회사 업무에 지장까지 된다면 너의 스트레스가 굉장히 크겠다. 네가 이 바쁜 일정들을 다 감당할 수 있을지 진심으로 걱정이 되네.	N	2022-09-15 08:13:00	2022-11-08 05:21:07
BE22018374	7	0	어떻게든 감당하고 있지만, 스트레스를 매우 많이 받아. 제일 슬픈 건 다음 주에 남자 친구 생일 기념으로 원래는 여행 가기로 했는데 그것도 취소했어. 한가할 시간이 없이 이토록 바쁘게 일을 많이 벌인 것 같아서 후회가 돼.	N	2022-09-15 08:13:00	2022-11-08 05:21:07
BE22018374	8	1	넌 지혜로우니까 감당할 수 있는 방법을 잘 찾을 수 있을 거라 생각해. 고등학교 때 네가 학생회장을 맡으면서 정말 바빴지만, 책임감 있게 해나갔잖아. 네가 지혜롭고 똑똑하게 일을 해결한 걸 떠올리면 이번에도 잘 해낼 수 있을 거라 믿어.	N	2022-09-15 08:13:00	2022-11-08 05:21:07
BE22018374	9	0	맞아 내가 그랬던 때도 있었지. 나도 바쁘더라도 꼭 해야 할 업무들과 일정을 해나간다면 차차 여유로운 날도 올 거라 생각해. 답은 알고 있으면서도, 내 자유 시간과 여유가 없으니까 너무 속상하더라고.	N	2022-09-15 08:13:00	2022-09-15 08:13:00
BE22018374	10	1	나도 사회 초년생 때 이것저것 아르바이트도 여러 개 해서 정말 바빴던 때 있었거든. 그래도 시간이 지나면 다시 여유로워지는 날이 오더라고. 지금 하는 부업도 3개월이라 했으니 조금만 견디면 여유롭고, 돈도 벌어서 뿌듯한 날이 올 거야.	N	2022-09-15 08:13:00	2022-11-08 05:21:07
BE22018374	11	0	맞아 나도 언니 말이 맞는다고 생각해. 친구들은 주말에 한강 데이트도 가고, 여행도 가고 하는데 난 그러지 못하니 슬픈 생각이 들었었어. 그런데, 언니 말대로 이 힘든 시기를 견디면 뿌듯한 날이 올 거라 생각하니 희망이 생겨.	N	2022-09-15 08:13:00	2022-11-08 05:21:07
BE22018374	12	1	언니가 너보다 사회 경험을 먼저 해보니, 이런 일들도 겪으면서 점차 성장하는 거라 생각해. 비록 지금은 한가할 시간이 없어도 이런 시간들이 훗날에 너에게 도움이 될 거야. 그러니까 너무 슬퍼하지 말고 기운 내길 바라 내 동생.	N	2022-09-15 08:13:00	2022-11-08 05:21:07
BE22018374	13	0	응 언니 덕에 기운이 나. 지금은 슬픈 마음도 가라앉았어. 항상 언니에게 많은 도움을 받는 것 같아서 정말 고마운 마음이야.	N	2022-09-15 08:13:00	2022-11-08 05:21:07
BE22018374	14	1	내가 정말 사랑하는 하나뿐인 내 동생인데, 너에게 도움을 주는 건 당연해. 앞으로도 언제든 힘들 때면 나에게 말해. 내가 도울 수 있는 건 항상 도와줄게.	N	2022-09-15 08:13:00	2022-11-08 05:21:07
BE22018374	15	0	응, 그럴게 언니. 정말 고맙고 든든하다. 난 언니가 있어서 정말 기뻐 고마워.	Y	2022-09-15 08:13:00	2022-11-08 05:21:07
