id	utterance_id	utterance_type	utterance_text	terminate	regDate	updDate
BE22014872	1	0	언니, 나 어제 고등학교 동창회 다녀왔는데 기분이 안 좋더라.	N	2022-08-19 07:11:18	2022-08-19 07:11:18
BE22014872	2	1	무슨 일 있었어? 재미있게 놀고 온 줄 알았는데.	N	2022-08-19 07:11:18	2022-11-08 04:59:36
BE22014872	3	0	재미는 있었는데, 나는 아직 대학생인데 친구들이 다들 직장인이잖아. 다들 돈도 벌고 회사 얘기를 하는데 내가 소외되는 기분이 들어서 슬펐어.	N	2022-08-19 07:11:18	2022-08-19 07:11:18
BE22014872	4	1	그랬구나, 우리 동생 오랜만에 친구들 만나느라 기대했는데 속상했겠다. 고등학교 친구들인데 관심사가 다들 달라져서 당황스러웠겠는걸.	N	2022-08-19 07:11:18	2022-11-08 04:59:36
BE22014872	5	0	5수 만에 대학에 합격했을 때는 정말 기뻤는데, 이제는 조금 후회가 돼. 차라리 대학에 가지 않고 일을 했다면 나도 친구들과 같이 회사에 다녔을 텐데. 돈도 이렇게 많이 낭비할 일은 없었을 텐데 말이야, 부모님에게도 미안하고.	N	2022-08-19 07:11:18	2022-11-08 04:59:36
BE22014872	6	1	우리 동생 정말 열심히 해 왔고 좋은 학교에 들어갔잖아. 사람마다 각자의 속도가 있고 너는 속도가 조금 느릴 뿐이야. 좋은 방향으로 가고 있으니 너무 자책하지 말았으면 좋겠어.	N	2022-08-19 07:11:18	2022-11-08 04:59:36
BE22014872	7	0	그래도 나는 이제 학교생활을 시작했으니 돈을 벌려면 아직 4년은 더 있어야 하잖아. 그때는 나이도 서른 가까이 되고, 친구들은 승진도 할 텐데. 비교되는 마음에 서글퍼지네.	N	2022-08-19 07:11:18	2022-11-08 04:59:36
BE22014872	8	1	조급해지는 마음 이해하지, 나도 친구들의 결혼 소식이나 승진 소식을 들으면 마음이 좋지만은 않아. 네 마음 충분히 이해해, 누구나 겪는 마음인 거야.	N	2022-08-19 07:11:18	2022-11-08 04:59:36
BE22014872	9	0	언니가 그래도 내 마음을 이해해주니 다행이다. 열심히 살아야겠다는 생각은 드는데, 그냥 가끔 친구들 만날 때마다 슬퍼지는 거 같아. 나 친구들처럼 취직하고 잘 살 수 있겠지?	N	2022-08-19 07:11:18	2022-11-08 04:59:36
BE22014872	10	1	당연하지, 걱정하지 마, 너는 내가 본 사람 중에 가장 똑똑한 사람인걸. 좋은 대학에 들어갔고, 열심히 공부하니 그 친구들보다 더 분명히 성공할 거야. 언니는 항상 너를 믿고 응원해, 네가 슬퍼하지 않았으면 좋겠어.	N	2022-08-19 07:11:18	2022-11-08 04:59:36
BE22014872	11	0	내가 어제 친구들을 만나고 와서 감정이 격해졌나 봐. 생각해보면 슬플 일도 아닌데, 괜히 슬퍼했던 것 같아. 사실 나중에 돌아보면 많이 늦은 것도 아닐 텐데, 이제 마음을 편하게 가져야겠어.	N	2022-08-19 07:11:18	2022-11-08 04:59:36
BE22014872	12	1	맞아, 네 말대로 5년이라는 시간이 지금은 길어 보이겠지만, 나중에는 아무것도 아냐. 늦게 시작했지만 성공하는 사람들도 많은 거 알잖아. 네가 조급해하지 않고 묵묵히 행복하게 네 길을 갔으면 좋겠어.	N	2022-08-19 07:11:18	2022-11-08 04:59:36
BE22014872	13	0	그렇게 말해 줘서 고마워 언니. 언니의 위로와 격려가 항상 큰 힘이 돼. 덕분에 기분이 정말 좋아졌어.	N	2022-08-19 07:11:18	2022-11-08 04:59:36
BE22014872	14	1	기분이 좋아졌다니 언니도 정말 기쁘다. 너를 응원하는 사람들이 주위에 많다는 걸 잊지 말아줘.	Y	2022-08-19 07:11:18	2022-11-08 04:59:36
