id	utterance_id	utterance_type	utterance_text	terminate	regDate	updDate
BE22007031	1	0	요즘 나 뭐든 의욕이 없고 무기력해.	N	2022-07-08 03:31:04	2022-11-08 04:09:46
BE22007031	2	1	갑자기 더워진 날씨 탓일 수도 있어. 아니면 무슨 일이 있는 거야?	N	2022-07-08 03:31:04	2022-11-08 04:09:46
BE22007031	3	0	글쎄 이유를 잘 모르겠어. 네 말대로 너무 더워져서 그런가? 입맛도 없고 자꾸 기분이 가라앉아.	N	2022-07-08 03:31:04	2022-11-08 04:09:46
BE22007031	4	1	갑자기 그런 거라면 어디가 아픈 건 아닌지 너무 걱정된다.	N	2022-07-08 03:31:04	2022-11-08 04:09:46
BE22007031	5	0	아니 딱히 아프지는 않은 것 같아. 그냥 요즘 혼자가 된 것 같은 생각이 들 때가 많아. 그럴 때면 가슴이 답답하고 우울해져.	N	2022-07-08 03:31:04	2022-11-08 04:09:46
BE22007031	6	1	언니의 심정을 다 이해할 수 없어서 적당한 조언 될 만한 게 있는지 모르겠어. 단지 너무 많이 우울하다면 전문가 상담을 받아보는 것은 어떨까?	N	2022-07-08 03:31:04	2022-11-08 04:09:46
BE22007031	7	0	구체적으로 어디에서 어떤 상담을 받아봐야 할지 모르겠어. 그리고 그걸 실행하려는 의욕조차 남아있지 않은 상태야.	N	2022-07-08 03:31:04	2022-11-08 04:09:47
BE22007031	8	1	정신건강의학과를 찾아가 보는 것이 좋지 않을까? 우울증은 혼자 해결하다가 괜히 더 병을 키우는 경우가 많다는데 혹시라도 그럴까 봐 더 걱정이야.	N	2022-07-08 03:31:04	2022-11-08 04:09:47
BE22007031	9	0	나도 그러고 싶은데. 회사에서 연차 사용하는 것도 눈치 보이고 퇴근해서 집에 들어오면 쓰러져 자기 일쑤잖아.	N	2022-07-08 03:31:04	2022-11-08 04:09:47
BE22007031	10	1	맞아. 요즘 보면 언니 업무가 너무 많은 것 같아. 툭하면 야근에 심지어 휴일도 없이 일하는 것을 보고 있으면 내가 다 안쓰러워.	N	2022-07-08 03:31:04	2022-11-08 04:09:47
BE22007031	11	0	나는 오죽하겠니. 회사에서는 불합리한 일에도 참아야 한다는 것이 너무 답답해. 어디에 하소연할 곳도 없는 것 같고. 아무도 내 마음을 이해해 주지 않는 것 같아.	N	2022-07-08 03:31:04	2022-11-08 04:09:47
BE22007031	12	1	언제든지 내가 들어줄게. 너무 우울해하지 않았으면 좋겠어. 직접적인 도움을 주지는 못하지만 언제나 나는 언니 편이잖아!	N	2022-07-08 03:31:04	2022-11-08 04:09:47
BE22007031	13	0	역시 내 편은 너뿐이야. 그래도 이렇게 너와 온종일 있었던 일을 이야기하다 보니 기분이 좀 나아졌어.	N	2022-07-08 03:31:04	2022-11-08 04:09:47
BE22007031	14	1	당연한 것을. 괜히 언니가 열심히 앞만 보고 달리다가 혹시나 쓰러지기라도 하면 너무 속상할 것 같아. 그러니까 미리미리 예방하고 이렇게 털어내면 좋겠어.	N	2022-07-08 03:31:04	2022-11-08 04:09:47
BE22007031	15	0	알겠어. 네 말대로 할게. 일단은 지금 해볼 수 있는 일을 해봐야겠어. 오늘도 내 이야기 들어줘서 고마워.	Y	2022-07-08 03:31:04	2022-11-08 04:09:47
