id	utterance_id	utterance_type	utterance_text	terminate	regDate	updDate
BE22015336	1	0	오늘 야근하고 집에 들어오는데 엄마가 안 주무시고 기다리고 계신 거야. 내가 들어가니까 고생했다고 현관에서 나를 안아주시는데, 눈물이 쏟아지더라. 오늘 하루 힘들었던 것도 있는데, 엄마의 몸이 너무 마르고 노쇠하신 것이 느껴져서 슬펐어.	N	2022-08-23 08:16:14	2022-08-23 08:16:14
BE22015336	2	1	가끔 그렇게 부모님의 나이가 체감될 때가 있지. 형이 어떤 마음으로 어머니를 안았을지 알 것 같아서 괜히 나도 슬퍼지네. 오늘 야근했다니, 나도 어머니처럼 형한테 수고했다고 위로를 보내고 싶어.	N	2022-08-23 08:16:14	2022-11-08 05:02:27
BE22015336	3	0	고마워, 엄마나 아빠나 영원히 내 곁에 있을 것 같은 어른의 노화를 알아차릴 때 마음이 아파. 어릴 때는 엄마의 흰머리를 발견하면 뽑아드렸는데, 이제는 어느새 백발이 되셨잖아. 정말 눈물이 나서 혼났어.	N	2022-08-23 08:16:14	2022-11-08 05:02:27
BE22015336	4	1	맞아, 내가 나이 먹었다는 사실도 부모님을 통해서 느끼게 되곤 하잖아, 내 마음과 같아. 일하고 들어와서 그런 감정을 느꼈다니 형 마음이 엄청 슬펐겠어. 안 그래도 지친 몸이 슬픈 감정으로 더 힘들어졌을까 봐 걱정돼서 나도 괜히 눈물이 나네.	N	2022-08-23 08:16:14	2022-11-08 05:02:27
BE22015336	5	0	생각해줘서 고마워, 안 그래도 야근하면서 많이 힘들었거든. 나는 아직도 밖에서 힘든 일이 있으면 집에 있는 엄마 생각이 나. 그런데 엄마가 안아주시니까 눈물이 왈칵 나더라, 정말.	N	2022-08-23 08:16:14	2022-11-08 05:02:27
BE22015336	6	1	나도 그래, 엄마가 주신 사랑은 늘 삶을 살아가는 큰 힘이 되잖아. 형도 슬퍼하지 말고 어머니에게 받은 사랑으로 힘을 내자. 나도 형의 곁에서 힘이 되어줄 테니까, 그만 울고 피곤할 텐데 편안하게 쉬어도 돼.	N	2022-08-23 08:16:14	2022-11-08 05:02:27
BE22015336	7	0	그래, 네가 그렇게 말해주니까 힘이 나는 것 같아. 엄마의 사랑을 받고 벌써 슬퍼하는 나도 웃긴 것 같네. 오늘 정말 힘든 하루였나 봐.	N	2022-08-23 08:16:14	2022-11-08 05:02:27
BE22015336	8	1	유독 힘든 날에는 감정적으로 생각하게 되잖아. 그게 나쁜 건 아니지만, 형이 더 지칠 것 같아서 걱정되는 마음에 하는 소리였어. 기분이 나아진 것 같아서 다행이다.	N	2022-08-23 08:16:14	2022-11-08 05:02:27
BE22015336	9	0	맞아, 그래도 엄마한테 진짜 잘해야겠어. 이럴 때마다 다짐하는데 실천하기가 쉽지 않네. 효자 되려면 멀었다.	N	2022-08-23 08:16:14	2022-08-23 08:16:14
BE22015336	10	1	아니야, 형이 그런 마음을 깨닫고 다짐한다는 것부터가 시작이지. 이제 한 걸음 내디뎌서 어머니께 잘해드리는 건 더 쉬운 일일 거야. 내일 아침에 형이 받은 것처럼 안아드리는 것도 좋은 방법이겠다.	N	2022-08-23 08:16:14	2022-11-08 05:02:27
BE22015336	11	0	오, 좋은 생각이야! 나도 엄마가 날 안아준 것처럼 엄마를 안아드려야지. 사랑한다고도 말씀드릴 거야.	N	2022-08-23 08:16:14	2022-11-08 05:02:27
BE22015336	12	1	그래, 그렇게 사랑을 표현하는 것이 효도지, 다른 건 사실 필요 없을지도 몰라. 나도 우리 멋진 형 덕분에 부모님께 효도해야겠다는 생각이 든다. 좋은 영향을 줘서 고마워, 형한테 또 하나 배워.	N	2022-08-23 08:16:14	2022-11-08 05:02:27
BE22015336	13	0	내가 뭘, 엄마 포옹 받고 눈물 흘리는 철없는 남자인데. 갑자기 다시 생각해보니까 민망하다. 그냥 잊어주라.	N	2022-08-23 08:16:14	2022-08-23 08:16:14
BE22015336	14	1	뭘 민망해하고 그래. 나는 형이 솔직해서 좋아. 나한테 언제든지 이야기해도 돼.	N	2022-08-23 08:16:14	2022-08-23 08:16:14
BE22015336	15	0	고마워. 다음에 또 얘기할게.	Y	2022-08-23 08:16:14	2022-08-23 08:16:14
