id	utterance_id	utterance_type	utterance_text	terminate	regDate	updDate
BE22013568	1	0	누나 어제 청소하다가 중학교 때 성적표랑 상장들을 발견하고 한참을 들여다보고 있었어. 그때 생각하니 눈물이 나더라고.	N	2022-08-09 06:32:51	2022-11-08 04:51:16
BE22013568	2	1	생각지도 못한 과거의 흔적들을 만나면 이런저런 마음이 들잖아. 나도 대청소하면 그런 일이 꼭 있어. 그럼 한참을 앉아 그 시절을 생각하며 추억에 젖곤 해.	N	2022-08-09 06:32:51	2022-11-08 04:51:16
BE22013568	3	0	맞아, 추억에 젖다 보니 그 시절로 돌아가게 되네. 어제는 잊고 있던 친구 얼굴 하나가 떠오르더라. 어떻게 그 친구를 잊고 살 수 있었지 하는 생각에 슬프고 미안했어.	N	2022-08-09 06:32:51	2022-11-08 04:51:16
BE22013568	4	1	바쁘게 살다 보면, 소중한 사람들도 잊고 살게 되잖아. 잊었던 친구 생각이 날 만큼 네가 추억 여행에 푹 빠져 있었구나. 그런데 슬픈 마음이 들었다고 하니 누나 마음이 좋지 않네.	N	2022-08-09 06:32:51	2022-11-08 04:51:16
BE22013568	5	0	친하게 지내던 친구를 사고로 잃고, 중고등학교 시절을 내내 힘들게 보냈잖아. 그걸 다 잊었다고 생각했는데 그때 물건을 보니 그 시절의 감정을 선명하게 느끼게 되더라고.	N	2022-08-09 06:32:51	2022-11-08 04:51:16
BE22013568	6	1	네가 얼마나 힘들어했는지 누나가 잘 알지. 가족 모두 네 걱정을 얼마나 했는지 몰라. 그런데 그 걱정이 무색할 만큼 네가 훨씬 씩씩하고 어른스럽게 그 시기를 보내줘서 얼마나 고마웠는지 몰라.	N	2022-08-09 06:32:51	2022-11-08 04:51:16
BE22013568	7	0	가족들이 나를 걱정하는 마음이 느껴졌고, 나도 그 슬픔 때문에 공부를 망치고 싶은 마음은 없었어. 그래서 더 그 아픔을 빨리 극복하고 싶었거든.	N	2022-08-09 06:32:51	2022-08-09 06:32:51
BE22013568	8	1	그랬구나, 네가 큰 슬픔을 가족들을 생각해서 더 빨리 이겨내려 노력했던 거구나. 이제야 그 마음을 알고 나니 짠하고, 고맙다. 네가 해야 할 일을 잘해주니, 우리는 그 슬픈 감정을 네가 나름 잘 해결했다고 생각했거든.	N	2022-08-09 06:32:51	2022-11-08 04:51:16
BE22013568	9	0	그 감정이 해결된 줄 알았는데, 물건들을 보며 슬퍼하는 마음을 보니 그게 아닌 것 같아. 너무 슬퍼서 되려 모든 걸 잊어버리려고만 한 것 같아.	N	2022-08-09 06:32:51	2022-08-09 06:32:51
BE22013568	10	1	그래 그럴 수 있지, 너무 어린 나이에 상실의 슬픔을 알았으니 말이야. 친구를 잃은 슬픔이 너무 크니 차라리 잊어버리며, 너를 지키려 노력했던 그 마음이 안타깝다. 잊었던 친구를 이렇게 다시 떠올리는 게 나쁜 일만은 아닌 것 같아, 너무 슬퍼하지는 마.	N	2022-08-09 06:32:51	2022-11-08 04:51:16
BE22013568	11	0	누나 말을 들으니, 친구를 다시 떠올리며, 추억할 수 있는 시간도 의미 있다고 생각된다. 어릴 때처럼 마음이 아프기만 할까 봐 두려웠어. 그런데 즐거웠던 기억, 장난치며 웃던 순간들도 함께 생각나더라고.	N	2022-08-09 06:32:51	2022-11-08 04:51:16
BE22013568	12	1	그래, 슬픔은 시간이 지나면 흐려지지만, 소중한 추억은 시간이 흐르며 더 깊어지게 마련이거든. 동생이 친구와 나눴던 소중한 순간을 오래 간직하며, 따뜻한 추억을 오래 기억할 수 있으면 좋겠다.	N	2022-08-09 06:32:51	2022-11-08 04:51:16
BE22013568	13	0	이렇게 말해주는 누나가 있어 다행이다. 난 다시 느껴진 슬픈 감정이 두려워 친구와의 추억을 모두 잊으려 했거든. 누나가 아니었다면, 아름다운 추억이 사라질 뻔했어.	N	2022-08-09 06:32:51	2022-11-08 04:51:16
BE22013568	14	1	그래, 친구를 추억하며 드는 슬픈 마음도 사랑이라고 여기면, 좀 편해질 수도 있을 거야. 친구와의 소중한 추억을 떠올릴 수 있는 것도 행운이야!	N	2022-08-09 06:32:51	2022-11-08 04:51:17
BE22013568	15	0	누나 덕분에 슬픈 마음이 고마움으로 바뀌는 것 같아. 정말 고마워, 언제나 내 마음을 어루만져주는 말을 전해줘서.	Y	2022-08-09 06:32:51	2022-08-09 06:32:51
