id	utterance_id	utterance_type	utterance_text	terminate	regDate	updDate
BE22017855	1	0	형, 요즘 들어 부쩍 보험회사에서 가입 권유 전화가 자주 와. 내 상황을 모르는 상태에서 연락하는 것이겠지만, 이런 상황이 너무 슬프고 우울해.	N	2022-09-13 04:53:59	2022-09-13 04:53:59
BE22017855	2	1	할 수 없다는 사실 만으로 네 마음을 아프게 했을 텐데. 걸려 오는 전화가 너를 더 힘들게 했구나. 네 마음이 어땠을지 그려져서 형 마음도 너무 아프다.	N	2022-09-13 04:53:59	2022-11-08 05:17:56
BE22017855	3	0	힘들다는 BCG 치료도 이겨냈는데, 전화 몇 통에 왜 마음이 무너져 내리는지 모르겠어. 누구보다 보험에 가입하고 싶은 나인데 말이야. 완치 판정을 받은 후에 가입할 수 있을지도 모르지만, 기약 없이 기다려야 하는 처지가 너무 슬퍼.	N	2022-09-13 04:53:59	2022-11-08 05:17:56
BE22017855	4	1	누구라도 그 상황이라면 슬픔 마음이 들 거야. 원하는 것을 얻지 못했다는 아픔을 오롯이 혼자서 받아야 할 테니까. 그렇다고 너무 슬퍼하지 마.	N	2022-09-13 04:53:59	2022-11-08 05:17:56
BE22017855	5	0	내가 완치의 기간까지 이겨낼 수 있을지도 모르겠어. 마음을 다잡았다고 생각했는데, 이런 작은 일에 무너져 내리는 내 모습에 눈물이 나.	N	2022-09-13 04:53:59	2022-09-13 04:53:59
BE22017855	6	1	지금까지 잘 이겨내고 있잖아, 그 힘들다는 치료와 수술을 다 견뎌낸 너인 걸. 몸이 아프지 않은 사람들도 살면서 어느 순간 약해지고 슬픔에 빠지는 날들은 있기 마련이야. 그 전화가 잠깐 너를 슬프게 했지만, 곧 다시 힘을 낼 거라고 믿어.	N	2022-09-13 04:53:59	2022-11-08 05:17:56
BE22017855	7	0	어떻게 해야 이겨낼 수 있을지도 모르겠어. 이런 날은 하염없이 슬픔 속에서 헤매는 것 같아.	N	2022-09-13 04:53:59	2022-11-08 05:17:56
BE22017855	8	1	재발이 높은 방광암인데도 아직 재발 없이 잘 관리하고 있잖아. 형이 전화가 오지 못하게 할 수도 없고 네 슬픔은 한순간에 없어지게 할 수는 없지만. 네가 잘 견디고 있고 많이 노력하고 있는 것은 알아, 그것은 널 배신하지 않을 거야.	N	2022-09-13 04:53:59	2022-11-08 05:17:56
BE22017855	9	0	내가 잘하고 있는지 잘 모르겠어. 좋아지는 것이 느껴지지 않으니 더 답답하고 슬퍼져.	N	2022-09-13 04:53:59	2022-11-08 05:17:56
BE22017855	10	1	슬픔에 빠지면 그 누구도 좋은 생각을 할 수 없을 거야. 지금 당장 힘을 내라고 하지는 않아. 할 수 있는 만큼만, 눈에 보이지 않더라도 앞으로 나아가려 한다면 좋은 결과로 돌아올 거야.	N	2022-09-13 04:53:59	2022-11-08 05:17:56
BE22017855	11	0	내가 너무 보이는 결과만을 쫓으려 하는 건 맞는 것 같아. 조금씩이라도, 아니면 마음이라도 나아가려 해보도록 할게.	N	2022-09-13 04:53:59	2022-11-08 05:17:56
BE22017855	12	1	지난 3년이라는 시간에 결코 헛되이 보내지 않았으니까, 지금의 어려움도 잘 이겨낼 거라 믿어. 오늘은 조금만 슬퍼하고 우리는 완치를 향해 가자. 그러다 보면 다시 보험에 가입하는 날도 오게 될 거야.	N	2022-09-13 04:53:59	2022-11-08 05:17:56
BE22017855	13	0	그래, 형 이야기대로 그런 날을 위해 노력해보도록 할게. 형이랑 대화할 수 있어서 다행이야.	N	2022-09-13 04:53:59	2022-11-08 05:17:56
BE22017855	14	1	내 동생이 조금이라도 괜찮아졌다면 형은 그걸로 충분해. 힘들면 언제든지 연락하고!	N	2022-09-13 04:53:59	2022-11-08 05:17:56
BE22017855	15	0	알겠어, 꼭 그러도록 할게!	Y	2022-09-13 04:53:59	2022-09-13 04:53:59
