id	utterance_id	utterance_type	utterance_text	terminate	regDate	updDate
BE22017083	1	0	나 요즘 사는 게 힘이 들어서 슬퍼. 남들은 다 기뻐 보이는데 나만 이렇게 슬픔에 잠긴 것 같아.	N	2022-09-05 05:11:31	2022-09-05 05:11:31
BE22017083	2	1	형, 무슨 일이길래 그래?	N	2022-09-05 05:11:31	2022-09-05 05:11:31
BE22017083	3	0	공무원 시험에 떨어지고 나서부터 계속 기력이 없고 슬퍼. 우울감이 심해 정신과 상담을 받아보려고 해. 상담이 필요한 만큼 요즘 계속 슬픈 생각만 들어서 우울하거든.	N	2022-09-05 05:11:31	2022-09-05 05:11:31
BE22017083	4	1	형 정말 지금 속이 말이 아니겠구나. 아무래도 혼자서 모든 슬픔을 안고 있기엔 버겁고 힘들 수밖에 없지. 그 우울한 기분이 쉽게 떨궈지지 않아 더 마음이 답답할 것 같아.	N	2022-09-05 05:11:31	2022-11-08 05:13:12
BE22017083	5	0	응, 요즘 너무 슬퍼서 왜 살아야 하나 그런 생각도 들더라고. 우울감이 심해서 상담받아야 좀 고쳐질 수 있을 것 같아. 근데 정말 병원에 가면 말끔히 나을 수 있을까 싶어서 걱정되고 한없이 슬퍼.	N	2022-09-05 05:11:31	2022-11-08 05:13:12
BE22017083	6	1	아무래도 그런 거 생각하면 저절로 우울해질 수밖에 없지. 그래도 아플 때 찾아오라고 있는 곳이잖아. 감기 걸리면 병원 가는 듯이, 우울감도 그런 이유로 가는 거니까 마음 무겁게 먹지 마.	N	2022-09-05 05:11:31	2022-11-08 05:13:12
BE22017083	7	0	응, 어제도 그냥 아무 이유 없이 눈물이 쏟아져서 한 시간 정도 울었어. 더 심해지는 것 같고 병원 가서도 해결이 되지 않을 것 같아서 더 슬퍼져.	N	2022-09-05 05:11:31	2022-09-05 05:11:31
BE22017083	8	1	형, 상담받으면서 마음을 회복하면 에너지도 전처럼 생기고 생각할 힘이 생길 거야. 원래 사람이란 게 좋았다가 나빴다가 반복하잖아, 상담받아보려는 것도 삶의 의지가 있기에 가능한 거야. 그러니 이미 나아지고 있는 것 같으니, 지금 벌써 절망하기보다는 조금이라도 기운 차렸으면 좋겠어.	N	2022-09-05 05:11:31	2022-11-08 05:13:12
BE22017083	9	0	내가 다시 전처럼 나아질 수 있을까? 아무래도 지금 내 상황이 안 좋아서 우울감이 계속 심해지나 봐.	N	2022-09-05 05:11:31	2022-09-05 05:11:31
BE22017083	10	1	부정적인 생각이 꼬리에 꼬리를 물어서 지금 우울한 기분인 걸 수도 있어. 분명 상담을 통해서 도움도 많이 받고 개선될 수 있으니까 우리 희망을 갖자. 병원이란 게 아픈 사람들을 위해서 있는 거잖아, 그러니 지금 마음이 아플 때 도움을 받아야지.	N	2022-09-05 05:11:31	2022-11-08 05:13:12
BE22017083	11	0	그렇게 말해줘서 고마워. 덕분에 좀 우울했던 마음이 사라졌어. 아무래도 네 말처럼 희망을 갖고 상담을 받는 게 좋을 것 같아.	N	2022-09-05 05:11:31	2022-09-05 05:11:31
BE22017083	12	1	응, 이왕 상담받는 거 더 좋은 쪽으로 생각하고 하는 게 낫잖아. 분명 잘 치유될 거야. 그러니 너무 우울해하지 않았으면 좋겠어.	N	2022-09-05 05:11:31	2022-11-08 05:13:12
BE22017083	13	0	그래, 네 덕분에 상담을 더 편안하게 받을 수 있을 것 같아. 속에 든 응어리를 다 쏟아낼게.	N	2022-09-05 05:11:31	2022-09-05 05:11:31
BE22017083	14	1	내 작은 위로가 도움이 돼서 다행이야. 형이 더 이상 우울한 일 없기를 바랄게!	N	2022-09-05 05:11:31	2022-09-05 05:11:31
BE22017083	15	0	응, 위로해줘서 고마워!	Y	2022-09-05 05:11:31	2022-09-05 05:11:31
