id	utterance_id	utterance_type	utterance_text	terminate	regDate	updDate
BE22018066	1	0	언니, 나 며칠 전 독감에 걸리고 나서 계속 기침이 나네. 목소리를 써야 하는 직업인데, 기침이 멈추지 않으니까 일을 못 하고 있어. 너무 불편하고 목 상태도 안 좋아져서 몹시 슬프다.	N	2022-09-14 01:07:10	2022-11-08 05:19:10
BE22018066	2	1	감기가 오래가는 것 같아 걱정이다. 너는 녹음을 주 업무로 하는 성우인데, 요즘 목이 안 좋아져서 스트레스가 심할 것 같아. 넌 직업에 대한 자부심이 강한 아이인데, 정말 답답하고 슬플 것 같아.	N	2022-09-14 01:07:10	2022-11-08 05:19:10
BE22018066	3	0	응. 어제는 중요한 녹음 일정이 있었는데, 목소리가 도저히 안 나와서 녹음을 못 했어. 다른 동료가 나 대신 그 녹음을 했는데, 자존심도 많이 상하고 정말 속상했어.	N	2022-09-14 01:07:10	2022-11-08 05:19:10
BE22018066	4	1	그 녹음 네가 정말 기대해오고 준비해온 일인데, 동료가 대신하게 돼서 나도 정말 안타깝다. 네 상심과 실망이 클 것 같아서 걱정되네. 너희 회사는 경쟁 구도도 심하다고 들었는데 나였어도 자존심 정말 많이 상했을 것 같아.	N	2022-09-14 01:07:10	2022-11-08 05:19:10
BE22018066	5	0	응, 그 동료가 은근히 나를 무시하는 것 같았어. 근데 내 목소리는 나아질 기미가 안 보이니까, 너무 답답해. 혹시라도 낫지 않을까 봐 걱정되고, 목 관리를 못 한 내 탓 같아서 더 속상하고 슬퍼.	N	2022-09-14 01:07:10	2022-11-08 05:19:10
BE22018066	6	1	감기는 누구나 걸릴 수 있는 흔한 질병이니까 네 탓은 절대 아니라 생각해. 그리고 며칠만 더 지나면 목소리가 다시 좋아지게 될 테니 슬퍼하지 말고 힘내길 바라. 며칠만 참아서 독감이 낫게 되면 더 좋은 목소리로 활동할 수 있을 거야.	N	2022-09-14 01:07:10	2022-11-08 05:19:11
BE22018066	7	0	그렇지만, 우리 회사는 엄격하기 때문에 항상 목 관리도 실력이라는 말을 듣고 있거든. 성우로서 자격이 없다는 생각이 들고 창피한 생각이 들어. 내가 예민하게 반응하는 걸까?	N	2022-09-14 01:07:10	2022-11-08 05:19:11
BE22018066	8	1	넌 평소에 네가 맡은 일도 열심히 잘하고 책임감이 있잖아. 게다가 성우로서의 너의 목소리는 정말 아름답고 듣기 좋은걸? 내가 너랑 같은 회사였다면 널 정말 멋지다 생각하고 너의 실력을 부러워했을 것 같아.	N	2022-09-14 01:07:10	2022-11-08 05:19:11
BE22018066	9	0	이렇게 말해줘서 고마워. 다른 동료들은 열심히 하면서 앞서가고 있는데, 나는 며칠째 연습도, 녹음도 하지 못하니 속상했어. 그런데 언니가 이렇게나 나를 위로해 주니 마음이 좀 편해진다.	N	2022-09-14 01:07:10	2022-11-08 05:19:11
BE22018066	10	1	내 칭찬은 다 진심인걸. 갑작스러운 감기로 인해, 업무에 차질이 생겨서 상심이 들었던 네 마음 충분히 이해해. 이 독감은 금방 나을 수 있을 테니 기운 내자.	N	2022-09-14 01:07:10	2022-11-08 05:19:11
BE22018066	11	0	언니 말대로 조금 시간이 지나면 기침도 멈추고 내 목소리도 금방 나아지겠지? 성우로써 부드러운 내 목소리는 나의 자랑이었어. 그런데 독감과 기침이 지속되니까 걸걸한 목소리가 나와서 슬펐는데, 언니의 칭찬을 들으니 힘이 난다.	N	2022-09-14 01:07:10	2022-11-08 05:19:11
BE22018066	12	1	감기가 나으면 목소리가 회복되고 더 좋은 목소리로 활동할 수 있을 거야. 그리고 앞으로도 오늘처럼 고민이 있으면 항상 나에게 말해도 좋아. 난 언제나 너를 응원하고 있어.	N	2022-09-14 01:07:10	2022-11-08 05:19:11
BE22018066	13	0	언니는 나한테 있어서 정말 든든한 존재야. 언제 슬펐냐는 듯이 슬픔이 금방 가라앉았어. 언니도 일하느라 바쁠 텐데 내 이야기 들어줘서 정말 고마워.	N	2022-09-14 01:07:10	2022-09-14 01:07:10
BE22018066	14	1	내 일도 중요하지만, 나에겐 네가 더 소중하고 중요한걸. 내 동생, 우리 같이 힘내자. 오늘도 파이팅하고 이따 집에서 보자.	N	2022-09-14 01:07:10	2022-11-08 05:19:11
BE22018066	15	0	응, 알겠어. 언니, 항상 내 편이 돼줘서 정말 고마워. 오늘도 파이팅.	Y	2022-09-14 01:07:10	2022-11-08 05:19:11
