id	utterance_id	utterance_type	utterance_text	terminate	regDate	updDate
BE22001142	1	0	누나. 나랑 잠깐 얘기 좀 할 수 있어?	N	2022-06-14 04:16:35	2022-11-08 03:31:44
BE22001142	2	1	그럼 당연하지. 뭐야 고민 상담이야?	N	2022-06-14 04:16:35	2022-11-08 03:31:44
BE22001142	3	0	고민이라면 고민이지. 우리 회사에 나랑 동갑인 여자 직원이 있거든?	N	2022-06-14 04:16:35	2022-11-08 03:31:44
BE22001142	4	1	오 흥미진진한데? 계속 얘기해 봐.	N	2022-06-14 04:16:35	2022-11-08 03:31:44
BE22001142	5	0	나 입사 때부터 같은 팀이었는데 그때부터 내가 혼자 좋아했어, 그 사람을.	N	2022-06-14 04:16:35	2022-11-08 03:31:44
BE22001142	6	1	뭐? 왜 그동안 고백 안 했어, 남자 친구가 있었어?	N	2022-06-14 04:16:35	2022-11-08 03:31:44
BE22001142	7	0	남자 친구가 있는 건 아닌데 헤어진 지 얼마 안 돼서 엄청 힘들어 했었어. 그걸로 나한테 남자의 심리에 대한 고민 상담도 했었고.	N	2022-06-14 04:16:35	2022-11-08 03:31:44
BE22001142	8	1	그랬구나. 그러면 아무래도 쉽게 다가가기 힘들었겠다. 우리 동생 속 좀 썩었겠는데?	N	2022-06-14 04:16:35	2022-11-08 03:31:44
BE22001142	9	0	당연하지. 짝사랑만 벌써 5년째인데, 며칠 전에 갑자기 소개팅을 했다더라고. 웃으면서 그 얘기를 하는데 내 속이 어휴.	N	2022-06-14 04:16:35	2022-11-08 03:31:44
BE22001142	10	1	어머나 어떡해. 네가 먼저 선수를 쳤어야지!	N	2022-06-14 04:16:35	2022-11-08 03:31:45
BE22001142	11	0	그 생각 이미 5만 번째다. 첨엔 기다리면서 기회를 봐야지 했는데. 그러다가 5년 동안 많이 친해져서 너무 안일해져 있었나 봐.	N	2022-06-14 04:16:35	2022-11-08 03:31:45
BE22001142	12	1	마음이 아프다 동생아. 소개팅 한 사람이랑 사귀기로 된 거 아니면 이제라도 네 마음을 표현해보는건 어때?	N	2022-06-14 04:16:35	2022-11-08 03:31:45
BE22001142	13	0	너무 늦은 건 아닐까? 괜히 어설프게 마음 표현했다가 지금처럼 못 지내게 될까 봐 겁이 나.	N	2022-06-14 04:16:35	2022-11-08 03:31:45
BE22001142	14	1	사랑은 쟁취하는 거지. 표현도 못 해보고 안타까워할 바에야 차라리 솔직하게 하는 게 오히려 좋은 선택일 수 있어.	N	2022-06-14 04:16:35	2022-11-08 03:31:45
BE22001142	15	0	잘 생각해볼게. 고민 들어줘서 고마워 누나.	Y	2022-06-14 04:16:35	2022-11-08 03:31:45
