id	utterance_id	utterance_type	utterance_text	terminate	regDate	updDate
BE22015057	1	0	언니, 나 오늘 오전에 너무 우울했어.	N	2022-08-21 11:18:51	2022-08-21 11:18:51
BE22015057	2	1	왜 그래, 회사에서 무슨 일 있었어?	N	2022-08-21 11:18:51	2022-08-21 11:18:51
BE22015057	3	0	출근하는데 갑자기 슬픈 기분이 들었어. 출근 시간에 지하철 안에 공기가 안 좋잖아. 매일 그 공기를 맡으며 출근한다는 게 너무 짜증 나고 우울해서.	N	2022-08-21 11:18:51	2022-11-08 05:00:43
BE22015057	4	1	그랬구나, 네가 이전부터 지하철 출퇴근이 힘들다고 이야기했는데, 언니도 마음이 안 좋네. 네가 회사 가까이에 살 수 있으면 좋을 텐데.	N	2022-08-21 11:18:51	2022-11-08 05:00:43
BE22015057	5	0	회사 근처에 집을 얻어서 자취하고 싶은데, 그렇지 못해서 슬퍼. 매일 아침 푹푹 찌는 지하철 타는 것도 싫고, 사람 많은 것도 싫고. 요즘에는 출근길마다 우울해서 회사에 가기 싫어져.	N	2022-08-21 11:18:51	2022-08-21 11:18:51
BE22015057	6	1	우리 동생이 요즘 출근 때문에 많이 스트레스받았구나. 언니가 자취방 얻는 거 도와줄 수 있으면 좋을 텐데, 언니는 네 출근길이 즐겁고 편안했으면 좋겠어.	N	2022-08-21 11:18:51	2022-11-08 05:00:43
BE22015057	7	0	이번에 주택 청약 떨어지고 먼 거리 출퇴근을 계속해야 한다고 생각하니 더 우울한 것 같아. 마음을 편하게 가져야지 하면서도 자꾸 슬퍼져. 어떻게 하면 마음을 다잡을 수 있을까?	N	2022-08-21 11:18:51	2022-11-08 05:00:43
BE22015057	8	1	네가 그 청약 기대했는데, 마음이 많이 안 좋았겠다. 누구나 그렇게 힘들게 출근하면 슬플 테지만, 너는 긍정적인 아이이잖아. 평소에 어떤 일이든 긍정적으로 바라보는 네 성격을 잊지 않는다면 마음이 더 편해지지 않을까?	N	2022-08-21 11:18:51	2022-11-08 05:00:43
BE22015057	9	0	그렇지, 나는 항상 최대한 좋게 생각하자는 주의인데 요즘 좀 슬퍼서 감정이 격해졌나 봐. 언니 말대로 감사한 점들을 떠올리면서 마음을 다잡아볼게. 다 내 마음에 달린 거라는 걸 기억하면 마음이 조금은 편안해질 것 같아.	N	2022-08-21 11:18:51	2022-11-08 05:00:43
BE22015057	10	1	그래, 네가 이렇게 말하니 예전의 긍정적인 너로 돌아온 것 같다. 너는 항상 무슨 일이든 즐겁게 받아들여서 나는 네가 항상 멋있다고 생각했어. 하지만 이렇게 힘든 상황에서 잘 살아가는 것만으로도 대단한 거야.	N	2022-08-21 11:18:51	2022-11-08 05:00:43
BE22015057	11	0	그렇게 말해 줘서 고마워. 요즘 며칠 회사 생활이 즐겁지 않았는데, 언니한테 털어놓으니 마음이 조금은 정리된다. 따뜻한 위로 진심으로 고마워.	N	2022-08-21 11:18:51	2022-11-08 05:00:43
BE22015057	12	1	네 마음이 나아졌다니 기쁘다. 힘이 들 땐 그냥 생각을 적게 하는 것도 도움이 되더라. 모든 일은 지나가고 다 괜찮아질 거야.	N	2022-08-21 11:18:51	2022-11-08 05:00:43
BE22015057	13	0	덕분에 오늘 하루 즐겁게 보낼 수 있을 것 같아. 언니도 행복하게 하루 보내길 바랄게.	N	2022-08-21 11:18:51	2022-11-08 05:00:43
BE22015057	14	1	그래 동생, 또 연락해.	Y	2022-08-21 11:18:51	2022-08-21 11:18:51
