id	utterance_id	utterance_type	utterance_text	terminate	regDate	updDate
BE22026572	1	0	반 친구 몇 명이 성적에 들어가지 않는다고 쪽지시험에서 서로 답을 보여주고 했나 봐요. 그런데 제 점수가 높아서 저까지 의심하는 것 같아요. 정말 열심히 했던 건데 너무 상처가 돼요.	N	2022-10-10 13:39:07	2022-10-10 13:39:07
BE22026572	2	1	저런, 학교에서 그런 일이 있었구나. 우리 아들이 그 일을 엄마한테 말하기까지 얼마나 마음고생을 많이 했겠어. 넌 노력했으니 좋은 점수를 받을 이유는 충분해.	N	2022-10-10 13:39:07	2022-11-08 06:12:58
BE22026572	3	0	제가 공부 못하는 건 사실이니까 의심할만해요. 그런데 저는 그 과목이 재미가 있었고, 선생님이 좋았어요. 그런데 이런 의심을 받으니까 너무 마음이 아파요.	N	2022-10-10 13:39:07	2022-10-10 13:39:07
BE22026572	4	1	네 아픈 마음을 엄마가 왜 모르겠어. 특히나 좋아하는 선생님 과목이라서 네가 애써서 열심히 준비했을 텐데. 그런 의심을 받았으니 실망도 많이 했을 거야.	N	2022-10-10 13:39:07	2022-11-08 06:12:58
BE22026572	5	0	맞아요. 성적에 들어가지 않아도 좋은 점수를 받아서 저를 예뻐해 줬으면 했어요. 수업도 너무 재미있고, 그러다 보니 흥미도 생겼었는데. 이런 일이 제게 생길 줄은 전혀 몰랐거든요.	N	2022-10-10 13:39:07	2022-10-10 13:39:07
BE22026572	6	1	우리 아들이 상처받았다는 말을 하는데, 엄마 마음이 왜 이렇게 아픈지 모르겠다. 괜찮아질 거야. 너무 상처받지 마. 네가 열심히 했다는 거 너 스스로가 알고, 또 엄마가 알아.	N	2022-10-10 13:39:07	2022-11-08 06:12:58
BE22026572	7	0	그러면 뭐 해요. 선생님이 실망한 그 눈빛을 보는데, 모든 게 무너져 내리는 느낌이었어요. 한편으로는 내가 공부를 잘했다면 이런 의심은 받지 않았을 텐데, 하는 생각도 들었고요. 처음으로 공부라는 걸 해 보고 싶었는데, 이런 식으로 끝나다니.	N	2022-10-10 13:39:07	2022-11-08 06:12:58
BE22026572	8	1	아무것도 남은 게 없진 않아. 너는 노력을 했고 결과를 받았잖아. 그게 의심으로 번지긴 했지만, 아들은 노력하면 잘 할 수 있다는 용기도 얻었지.	N	2022-10-10 13:39:07	2022-11-08 06:12:58
BE22026572	9	0	잘해도 소용없다는 생각이 들던데요? 아무리 해도 결국에는 모든 게 성적순이라는 생각도 들고요. 실제로 공부를 잘하는 친구는 의심조차 받지 않았죠.	N	2022-10-10 13:39:07	2022-10-10 13:39:07
BE22026572	10	1	우리 아들이 참 많이 힘들었던 것 같구나. 비록 괜찮다는 말뿐인 위로지만 내가 어떻게 네 마음 전부를 헤아릴 수가 있겠니. 그런데 아들아, 누군가를 믿게 하는 것도 시간이 필요하다는 걸 이해하면 참 좋을 것 같아.	N	2022-10-10 13:39:07	2022-11-08 06:12:58
BE22026572	11	0	그럴까요? 조금 혼란스럽긴 하지만 엄마 말이 맞아요. 제가 이제까지 보여준 것들이 대부분 실망스러웠을 텐데. 제가 노력을 했다고 바로 믿어달라는 건 억지일 수도 있겠어요.	N	2022-10-10 13:39:07	2022-10-10 13:39:07
BE22026572	12	1	엄마는 네 성적이 좋지 않아도 상관없어. 하지만 우리 아들이 노력했던 것을 부정하는 건 마음이 아파. 열심히 한 만큼 우리 아들이 충분히 사랑받았으면 좋겠거든.	N	2022-10-10 13:39:07	2022-11-08 06:12:58
BE22026572	13	0	네. 엄마와 이야기를 나누지 않았더라면 그 자리에 멈춰 있었을 것 같아요. 노력이라는 거 저 해 볼래요. 그래서 앞으로는 이 과목만이라도 최고라는 말 듣고 싶어요.	N	2022-10-10 13:39:07	2022-10-10 13:39:07
BE22026572	14	1	네가 내 아들이어서 정말 고맙구나. 너무나 행복하고, 감사해. 엄마는 언제나 너를 믿고, 응원할 거야.	Y	2022-10-10 13:39:07	2022-11-08 06:12:58
