id	utterance_id	utterance_type	utterance_text	terminate	regDate	updDate
BE22025553	1	0	엄마, 저 남자친구에게 큰 상처를 받고 헤어졌어요. 남자친구가 나를 더 이상 사랑하지 않는대요, 마음이 너무 아파요.	N	2022-10-08 05:24:46	2022-11-08 06:06:57
BE22025553	2	1	저런, 잘 지내더니 우리 딸 어쩌다가 헤어진거야.	N	2022-10-08 05:24:46	2022-10-08 05:24:46
BE22025553	3	0	갑자기 저를 사랑하지 않는다는 말을 들으니 너무 충격이고 괴로웠어요. 항상 저를 사랑해주던 사람에게 그런 말을 들으니 마음이 찢어지는 것 만큼 상처가 커요.	N	2022-10-08 05:24:46	2022-10-08 05:24:46
BE22025553	4	1	그 말을 들으니 엄마도 참 마음이 아프다. 누구보다 우리 딸을 아껴주는 것 같아서 엄마도 그 친구 좋아했었는데, 네가 상심이 크겠네.	N	2022-10-08 05:24:46	2022-10-08 05:24:46
BE22025553	5	0	하루아침에 사랑하는 사이가 남이 될 수 있다는 게 너무 힘들어요. 이 상처는 평생이 지나도 잊혀지지 않을 것만 같아요. 그가 나를 떠나다니, 이런 일은 상상해 본 적이 없어요.	N	2022-10-08 05:24:46	2022-11-08 06:06:57
BE22025553	6	1	우리 딸이 정말 힘든 시간을 보내고 있겠구나. 갑자기 너를 사랑하지 않는다니, 참 충겨이었겠어. 누구나 그런 말을 갑자기 들으면 당황스럽지.	N	2022-10-08 05:24:46	2022-11-08 06:06:57
BE22025553	7	0	제가 싫어질 만한 행동을 한 걸까요, 자꾸 저 자신을 자책하게 돼요. 어떻게 하면 이 마음의 상처가 치료 될 수 있을지 모르겠어요.	N	2022-10-08 05:24:46	2022-11-08 06:06:57
BE22025553	8	1	지금은 힘들겠지만, 사실 이 세상에 치유되지 않는 상처는 없단다. 시간이 조금 지나면 마음이 편해지면서 상처가 무뎌지게 될거야. 가장 좋은 방법은 흘러갈 수 있도록 자연히 놔두는거야, 그럼 네 마음에 언젠가 평화가 찾아와.	N	2022-10-08 05:24:46	2022-11-08 06:06:57
BE22025553	9	0	아직은 자신이 없어요, 그래도 노력해볼게요. 엄마가 그렇게 말해 주니 괜찮아 질 거라는 생각이 들어요. 저를 사랑하지 않는다면 그건 어쩔 수 없죠.	N	2022-10-08 05:24:46	2022-11-08 06:06:57
BE22025553	10	1	그래, 네 잘못이 아니야. 사람 마음은 어떻게 마음대로 할 수 없는 것이잖아. 그 아이도 너도 앞으로 더 나아질테니 슬퍼하지 않았으면 좋겠다.	N	2022-10-08 05:24:46	2022-11-08 06:06:57
BE22025553	11	0	위로해줘서 고마워요. 엄마. 엄마의 따뜻한 위로는 항상 저의 마음을 나아지게 해요.	N	2022-10-08 05:24:46	2022-11-08 06:06:57
BE22025553	12	1	위로가 되었다니 다행이네, 지금은 마음 편하게 가지고 쉬어. 억지로 나아지려고 노력하는게 더 힘들거야, 다 잘 될거야 우리 딸.	N	2022-10-08 05:24:46	2022-11-08 06:06:57
BE22025553	13	0	오늘 하루는 조금 쉴게요, 감사해요. 엄마.	N	2022-10-08 05:24:46	2022-11-08 06:06:57
BE22025553	14	1	그래, 편안한 하루 보내렴.	Y	2022-10-08 05:24:46	2022-10-08 05:24:46
