id	utterance_id	utterance_type	utterance_text	terminate	regDate	updDate
BE22026154	1	0	엄마, 저 지금 집에 들어가는 길인데 맛있는 요리 좀 준비해 줘요. 매번 같은 것만 먹기도 너무 질려요.	N	2022-10-09 13:59:56	2022-10-09 13:59:56
BE22026154	2	1	남자친구 만난다고 신나게 나가더니 이게 갑자기 무슨 일이야. 엄마도 요리 준비하려면 시간이 걸릴 텐데.	N	2022-10-09 13:59:56	2022-10-09 13:59:56
BE22026154	3	0	남자친구가 매번 국밥집 아니면 설렁탕집만 가자고 하니까 제 취향은 존중받지 못하는 느낌이에요. 만날 때 저만 배려하고 희생하는 것 같아서 상처가 돼요.	N	2022-10-09 13:59:56	2022-10-09 13:59:56
BE22026154	4	1	연애는 상대방이 뭘 좋아하는지 알아가는 재미가 있어야 하는 건데 말이야. 항상 본인이 좋아하는 음식만 먼저 먹자고 하는 남자친구 때문에 많이 힘들었겠구나. 나도 네 아빠가 본인이 하고 싶은 것만 고집할 때 마음에 상처가 쌓이더라.	N	2022-10-09 13:59:56	2022-11-08 06:10:31
BE22026154	5	0	제가 좋아하는 것엔 관심 가져주지 않으니까 연애에 있어 을처럼 느껴져요. 불우하다는 느낌이 들고 상처만 켜켜이 쌓여가는 거죠.	N	2022-10-09 13:59:56	2022-10-09 13:59:56
BE22026154	6	1	우리 집에선 누구보다 귀하고 소중한 딸인데 을처럼 느끼고 있다니 엄마가 아주 속상하다. 한쪽만 일방적으로 하는 배려는 당연히 상처가 될 수밖에 없어. 관계라는 건 서로 조금씩 배려하고 마음 여는 노력을 해야 하는 건데 말이지.	N	2022-10-09 13:59:56	2022-11-08 06:10:31
BE22026154	7	0	엄마도 알다시피 저는 국물 싫어하는데도 불구하고 남자친구를 위해 먹었거든요. 그런데 저의 의견은 물어보지 않으니 답답할 따름이에요. 남자친구는 제가 상처받는다는 것도 눈치 못 챈 것 같아요.	N	2022-10-09 13:59:56	2022-10-09 13:59:56
BE22026154	8	1	좋아하는 사람을 위해서 양보할 수 있는 마음은 아무나 베풀 수 없는 귀한 감정이라고 생각해. 다만 베풀었을 때는 마음의 기대를 저버리고 대가를 바라지 않는 것도 중요하단다. 그래야만 네가 상처받지 않을 수 있어.	N	2022-10-09 13:59:56	2022-11-08 06:10:31
BE22026154	9	0	엄마 말대로 주는 마음에는 대가가 없어야 하는데 제가 너무 돌려받으려고 했던 것 같아요. 엄마의 조언 덕분에 앞으로 상처를 덜 받을 수 있을 것 같아요.	N	2022-10-09 13:59:56	2022-10-09 13:59:56
BE22026154	10	1	네가 마음 건강한 딸이라 엄마는 얼마나 다행인지 몰라. 한없이 베풀다 보면 상대로 분명 그 마음을 알아주는 날이 올 거야. 그러니 우리 딸이 너무 상처받지 않았으면 좋겠어.	N	2022-10-09 13:59:56	2022-11-08 06:10:31
BE22026154	11	0	일방적으로 편이 돼주는 엄마도 좋지만 성장할 조언을 주는 것 또한 너무 좋아요. 늘 감사해요.	N	2022-10-09 13:59:56	2022-11-08 06:10:31
BE22026154	12	1	나도 네가 내 딸이어서 정말 고맙단다. 너는 엄마한테 너무 소중한 존재라는 것 잊지 마. 어디에서 높아질 필요도 낮아질 필요도 없이 오롯한 너이길 바라.	N	2022-10-09 13:59:56	2022-11-08 06:10:31
BE22026154	13	0	엄마 말대로 억지로 맞추려 그리고 누군가를 억지로 바꾸려 하지도 않을게요. 이제 곧 집에 도착할 테니 조금 이따 만나요.	N	2022-10-09 13:59:56	2022-11-08 06:10:31
BE22026154	14	1	그래 나도 어서 문자 멈추고 냄비에 불 올려야겠다. 맛있는 것 준비해 놓을 테니 조심히 오렴.	Y	2022-10-09 13:59:56	2022-10-09 13:59:56
