id	utterance_id	utterance_type	utterance_text	terminate	regDate	updDate
BE22025961	1	0	결혼에서 조건이 왜 그렇게 중요한지 모르겠어요. 결혼 이야기 오고 가면서 알게 되었는데, 여자 친구 집안이 교육자 집안이래요. 그래서 저를 탐탁지 않게 생각한다는 이야길 듣고 상처받았어요.	N	2022-10-09 06:18:54	2022-10-09 06:18:54
BE22025961	2	1	저런, 그런 일이 있어서 마음이 많이 안 좋았을 것 같네. 특히나 누구보다 잘 보이고 싶었을 상대방의 부모님인데, 어떻게 해결할 수 없는 상황이라 곤란했겠다. 아들이 그 일로 많이 상처받지 말아야 할 텐데 걱정이네.	N	2022-10-09 06:18:54	2022-11-08 06:09:22
BE22025961	3	0	생각보다는 타격이 크더라고요. 솔직히 저 정도면 무난하게 넘어갈 수 있을 줄 알았는데 아무것도 아니더라고요. 여자 친구 부모님은 결혼 상대가 같은 선생님이었으면 하는데, 저 스스로가 싫어졌죠.	N	2022-10-09 06:18:54	2022-11-08 06:09:22
BE22025961	4	1	엄마도 그랬지만 아빠도 네가 좋은 대학에 들어가고 원하는 곳에 취업했을 때 정말 놀랐어. 우리가 많이 해 주지 못했음에도 불구하고 넌 너무나 잘 자라줬단다. 그래서 넌 언제나 우리의 자랑이니 너 스스로를 상처 입히지 말거라.	N	2022-10-09 06:18:54	2022-11-08 06:09:22
BE22025961	5	0	공무원에 비해서 안정적이지 않은 건 사실이죠. 그런데 제가 가장 상처가 된 건, 이런 이야기를 제게 전달해 줬기 때문이에요. 여자 친구가 적절히 중재를 해 줬으면 했는데, 어쩔 수 없다는 식으로 말하더라고요.	N	2022-10-09 06:18:54	2022-10-09 06:18:54
BE22025961	6	1	그러면 네 입장에서는 굉장히 서운했을 것 같구나. 나도 예전에 그런 비슷한 일이 있었기 때문에 네가 어떤 느낌일지 짐작이 된다. 환영받지 못한다는 생각이 더 깊어지니까 마음이 얼마나 답답하겠니.	N	2022-10-09 06:18:54	2022-11-08 06:09:22
BE22025961	7	0	네. 솔직히 이제는 이런 생각도 들어요. 이렇게까지 해서 결혼을 해야 하나, 싶고. 자존심에 상처를 입으니까 제가 이뤄놨던 모든 게 별거 아니라는 생각까지 들더라고요.	N	2022-10-09 06:18:54	2022-10-09 06:18:54
BE22025961	8	1	그렇겠지. 누구나 아픈 곳을 누르면 반응을 하는 건 당연해. 하지만 지금까지 일어난 것들은 모두 네 탓이 아니란다. 넌 그저 최선을 다해서 네 꿈을 이뤘을 뿐이니 그걸 부정하지 말았으면 좋겠어. 네 꿈이잖니.	N	2022-10-09 06:18:54	2022-11-08 06:09:23
BE22025961	9	0	맞아요. 지금의 회사가 저한테는 꿈의 기업이었고, 솔직히 충분히 만족하고 있어요. 아마 다시 돌아간다고 해도 저는 똑같이 결정했을 거고요. 그 정도로 저는 제 일에 자부심도 있고요.	N	2022-10-09 06:18:54	2022-11-08 06:09:23
BE22025961	10	1	그렇지. 네가 그 회사를 꿈꾸기 시작했을 때, 아빠는 네 눈빛이 기억나. 그리고 마침내 그곳에 들어갔다고 나한테 제일 처음 전화했었을 때 기억나니? 난 네가 그렇게 행복하게 웃는 건 처음 봤었어.	N	2022-10-09 06:18:54	2022-11-08 06:09:23
BE22025961	11	0	맞아요. 합격 문자를 받는데 가슴이 정말 벅찼었어요. 마치 세상을 다 가진 느낌이었고요. 생각해 보니 제가 자존심에 상처 입어서 여자 친구에게도 진심이 아닌 말을 한 것 같네요.	N	2022-10-09 06:18:54	2022-10-09 06:18:54
BE22025961	12	1	이해해. 그것 역시 네가 그 사람을 사랑하는 마음이 있어서 그런 거라는 생각이 들어. 믿었던 사람이기에 내 모든 걸 사랑해 줬으면 하는 마음이었을 거야. 둘이 오래 교제해 왔으니까, 분명 네 진심이 아니라는 것도 알아차릴 거라고 생각해.	N	2022-10-09 06:18:54	2022-11-08 06:09:23
BE22025961	13	0	진짜 그래줬으면 좋겠어요. 제 상처만 살피느라 상대를 배려하지 못한 게 갑자기 미안해지네요. 제 회사가 꿈이었듯이, 그 사람도 제게는 꿈만 같은 존재니까요.	N	2022-10-09 06:18:54	2022-11-08 06:09:23
BE22025961	14	1	분명 다 좋아질 거야. 그러니 너도 더는 상처 뒤에 숨지 말고 너 스스로를 믿고 나아가렴. 넌 그냥 너대로도 충분히 인정받을 수 있는 사람이라는 거 잊지 말고.	Y	2022-10-09 06:18:54	2022-11-08 06:09:23
