id	utterance_id	utterance_type	utterance_text	terminate	regDate	updDate
BE22028588	1	0	엄마, 오랜만에 산책하다 생각이 나서 연락드려봐요. 집에 별일 없죠?	N	2022-10-14 00:18:08	2022-10-14 00:18:08
BE22028588	2	1	우리야 별 탈 없이 잘 지내고 있지. 이렇게 묻는 거 보니 네가 무슨 일 있는 것처럼 느껴지는데? 무슨 일이 있는 거면 들어줄 테니 솔직히 말해보렴.	N	2022-10-14 00:18:08	2022-10-14 00:18:08
BE22028588	3	0	사실 저 몇 달 전에 여자친구랑 헤어졌어요. 그런데 쉽게 잊히지 않아서 너무 마음에 상처가 돼요.	N	2022-10-14 00:18:08	2022-10-14 00:18:08
BE22028588	4	1	그런 일이 있었다니 왜 진작에 연락주지 않았어. 너 혼자 마음 아파했을 생각에 엄마 마음이 좋지 않다. 사랑했던 사람과의 이별에 어떻게 마음이 괜찮을 수가 있겠니.	N	2022-10-14 00:18:08	2022-11-08 06:25:07
BE22028588	5	0	저는 아직도 저희가 쌓아왔던 추억들이 생생하거든요. 그런데 여자친구는 다 잊고 잘 사는 것만 같아서 버려진 기분이 들어요.	N	2022-10-14 00:18:08	2022-10-14 00:18:08
BE22028588	6	1	서로 다른 마음이라고 생각하면 당연히 가슴이 찢어질 듯 아프겠지. 마음에 상처를 남기지 않는 이별은 이 세상에 없는 것 같아. 도대체 그 힘든 시간을 혼자서 어떻게 버티어 왔을 거야.	N	2022-10-14 00:18:08	2022-11-08 06:25:07
BE22028588	7	0	제가 이런 마음 보여드리면 엄마가 이처럼 속상해하실까 봐 쉽게 말을 못 꺼냈었어요. 걱정하실 게 뻔히 보이잖아요.	N	2022-10-14 00:18:08	2022-11-08 06:25:07
BE22028588	8	1	네 마음이 우선이었기 바쁠 텐데 그 와중에 내 염려까지 해주니 참 속 깊은 아들이구나. 마음의 상처는 공유할 때 더 빨리 나을 수 있으니 이렇게까지 배려해 주지 않아도 돼. 네가 나와의 대화를 통해 상처가 잦아들었으면 좋겠구나.	N	2022-10-14 00:18:08	2022-11-08 06:25:07
BE22028588	9	0	이번 이별을 겪으며 받은 상처가 커서 앞으로의 사랑이 두려워져요. 과연 다시 누군가에게 마음 열 수 있을까 가장 큰 걱정이에요.	N	2022-10-14 00:18:08	2022-10-14 00:18:08
BE22028588	10	1	최선을 다해 사랑한 사람은 최고의 마음을 알아볼 수 있는 눈도 생겨. 이번에는 아쉽게 이별했지만, 다음에 너와 마음이 잘 맞는 사람을 바로 알아보게 될 거란다. 그러니 상처를 극복해서 다음 사람에게 더 큰 사랑을 베푸는 네가 되렴.	N	2022-10-14 00:18:08	2022-11-08 06:25:07
BE22028588	11	0	엄마의 말씀대로 이별을 더 큰 사랑으로 극복해야겠어요. 마음을 달래주시고 조언 주신 덕분에 상처가 많이 가라앉은 느낌이에요.	N	2022-10-14 00:18:08	2022-11-08 06:25:07
BE22028588	12	1	네가 오랜 시간 혼자 끙끙 앓은 것 같아 많이 걱정했는데 다행이구나. 다음부터는 이런 일 있으면 바로 얘기해 주렴. 함께 나누면서 극복해 나간다면 더 도움이 될 거야.	N	2022-10-14 00:18:08	2022-11-08 06:25:07
BE22028588	13	0	네, 어둡고 길었던 터널 끝에 한 줄기 빛 같은 얘기들 해주셔서 감사합니다. 잘 극복해서 다음에는 더 큰 사랑을 연인한테 베풀도록 할게요.	N	2022-10-14 00:18:08	2022-11-08 06:25:07
BE22028588	14	1	심적으로 나날이 성장해가는 네 모습이 참 대견하고 기특하다. 다음에 여자친구 생기면 엄마도 소개해 주러 집에 데리고 놀러 오렴. 그리고 날이 차니 건강 조심해.	Y	2022-10-14 00:18:08	2022-10-14 00:18:08
