id	utterance_id	utterance_type	utterance_text	terminate	regDate	updDate
BE22024078	1	0	엄마, 요즘 저에게 다른 사람들에게 말하기 어려운 고민이 있어요. 예전에도 마음에 상처로 남았던 기억이 있는데 오늘 있었던 일로 좋지 않은 기억이 되풀이되고 말았어요. 그래서인지 종일 서글프고 마음이 아파서 엄마에게 문자 보내 봐요.	N	2022-10-04 11:18:01	2022-10-04 11:18:01
BE22024078	2	1	혹시 무슨 일 있었니? 문자를 보니 기분이 좋지 않은 듯해서 걱정이구나.	N	2022-10-04 11:18:01	2022-11-08 05:58:11
BE22024078	3	0	얼마 전에 남자 친구와 헤어지고 다른 사람과 가까워진다는 것이 어떤 의미인지 모르겠다는 생각을 했거든요. 그 생각을 다른 친구들에게 이야기했더니 어떻게 그럴 수 있냐는 말을 하던 것 있죠. 저는 솔직히 느낀 제 심정을 말했을 뿐인데 매서운 말을 듣게 되어서 마음에 상처로 남더라고요.	N	2022-10-04 11:18:01	2022-10-04 11:18:01
BE22024078	4	1	지금 네가 느끼고 있는 허탈한 심정을 담아서 솔직하게 말했을 뿐인데 예상과 다른 반응이 돌아왔구나. 그러다 보니 많이 놀라고 당황스러웠기도 했겠어. 너의 마음을 전부 말할 수는 없어도 이해해 주기를 바랐을 텐데 그러지 못해서 아쉽고 허탈했겠다.	N	2022-10-04 11:18:01	2022-11-08 05:58:11
BE22024078	5	0	오래 만났던 남자 친구와 정말 사소한 이유로 헤어지면서 상처를 많이 받았거든요. 아직도 마음이 회복되지 않아서 그렇게 말했던 건데 도리어 상처를 받고 말았어요.	N	2022-10-04 11:18:01	2022-10-04 11:18:01
BE22024078	6	1	누구에게도 말하기 어려운 내밀한 마음을 어느 누군가는 이해해 주었으면 하는 기대감이 있었구나. 사람이라면 누구나 모든 일에 기대를 하게 되는 게 무엇보다 자연스럽다고 생각해. 엄마도 너와 비슷한 경험이 있었던 만큼 지금 느끼는 서글픔이 어떤 것인지 잘 느껴져.	N	2022-10-04 11:18:01	2022-11-08 05:58:11
BE22024078	7	0	내일 다시 날이 밝으면 친구들 얼굴을 어떻게 볼지 모르겠어요. 그만큼 상처받은 마음을 떠안은 채로 고립된 기분이라 너무 외롭고 지치네요. 의연하게 견디고 싶지만 그게 결코 쉽지 않은 것 같아요.	N	2022-10-04 11:18:01	2022-10-04 11:18:01
BE22024078	8	1	너에게는 어떤 시련이 다가와도 꿋꿋하게 견디고 버티기 위해 애쓸 수 있는 인내심이 있잖아. 비록 지금은 고단하고 외로운 시간을 보내고 있지만 차분하게 마음을 가다듬으려고 노력하면 조금씩 괜찮아질 거야. 또 엄마도 항상 네 곁에 있으니 너무 서글퍼하지 않았으면 좋겠어.	N	2022-10-04 11:18:01	2022-11-08 05:58:11
BE22024078	9	0	세상에 혼자 남겨진 것처럼 외롭고 쓸쓸했는데 엄마의 이야기를 들으니 마음이 좀 풀리네요. 받은 상처가 커서 고립된 기분이었는데 엄마가 곁에 있다고 생각하니 아픔도 한결 가시는 듯해요.	N	2022-10-04 11:18:01	2022-11-08 05:58:11
BE22024078	10	1	엄마가 조금이라도 도움이 되어서 다행일 따름이야. 누군가와 가까워진다는 것의 의미는 시간이 지나면서 자연스럽게 체득할 수 있게 될 거야. 그러니 지금은 속상한 마음을 잘 달래고 다독이는 데만 집중하자.	N	2022-10-04 11:18:01	2022-11-08 05:58:11
BE22024078	11	0	혹여 제가 이상해진 걸까 봐 걱정이 됐거든요. 그런 와중에 엄마에게 문자를 보내서 조언을 구하길 정말 잘한 것 같아요. 엄마랑 이야기를 나누고 나니 마음이 많이 나아졌어요.	N	2022-10-04 11:18:01	2022-11-08 05:58:11
BE22024078	12	1	앞으로도 언제든 혼자서 감당하기 어려운 고민이 생기면 엄마한테 연락해. 어떤 이야기든 성심성의껏 귀 기울여 들을 준비가 되어 있으니까.	N	2022-10-04 11:18:01	2022-11-08 05:58:11
BE22024078	13	0	말만 들어도 마음이 든든해지는 기분이에요. 화장실에 가서 세수 한 번만 하고 다시 공부를 해 봐야겠어요.	N	2022-10-04 11:18:01	2022-10-04 11:18:01
BE22024078	14	1	그래, 그거 정말 좋은 생각이야. 언제라도 하고 싶은 얘기가 생기면 엄마한테 문자 보내.	Y	2022-10-04 11:18:01	2022-11-08 05:58:11
