id	utterance_id	utterance_type	utterance_text	terminate	regDate	updDate
BE22028647	1	0	할머니, 제가 요즘 좋아하는 여자 아이돌 그룹이 있다고 했잖아요. 오늘 친구와 식당에 갔다 우연히 그 아이돌 그룹의 한 멤버를 보았어요. 식당에 들어서니 그 아이돌이 부모님과 마주 앉아 식사하고 있더라고요.	N	2022-10-14 02:00:09	2022-11-08 06:25:27
BE22028647	2	1	네가 정말 설레고 좋았겠구나. 좋아하는 스타를 우연히 보다니, 오늘 네가 운이 좋았네.	N	2022-10-14 02:00:09	2022-11-08 06:25:27
BE22028647	3	0	그렇지만 그 아이돌을 만난 게 저에게는 상처가 되었는걸요. 제가 너무 반갑고 설레어 팬이라 밝히고 사인을 요청했는데, 단번에 거절하더라고요. 팬으로서 좋아하는 마음을 거부당한 것 같아 무척 서운했어요.	N	2022-10-14 02:00:09	2022-11-08 06:25:28
BE22028647	4	1	너는 큰 기대를 안고 다가갔을 텐데, 섭섭하고 실망도 했겠다. 그렇지만 그 아이돌이 네 마음을 거부한 건 아닐 테니 마음 풀어. 단지 식사 시간인 만큼, 팬서비스할 여력이 없었다고 생각해.	N	2022-10-14 02:00:09	2022-11-08 06:25:28
BE22028647	5	0	하지만 사인 하나 해 주는 데 몇 분 걸린다고요. 제가 간절한 말투로 부탁했는데 단칼에 거절하니 마음에 상처를 받았어요. 좋아하는 스타인 만큼, 제 마음의 상처가 더욱 아프게 느껴지네요.	N	2022-10-14 02:00:09	2022-11-08 06:25:28
BE22028647	6	1	속상한 마음은 이해하는데, 그 아이돌이 부모님과 식사 중이었다며. 인기가 많은 만큼 요즘 바쁠 테니, 모처럼 부모님과의 시간을 가졌을 거야. 그 사람이 가족과의 시간을 방해받기 싫어 별수 없이 네 요청을 거절했다 생각해.	N	2022-10-14 02:00:09	2022-11-08 06:25:28
BE22028647	7	0	그런지도 모르겠지만, 저는 그 아이돌의 딱딱한 말투에 더욱 상처를 받았어요. 사인 못해 드린다는 말투가 어찌나 무뚝뚝하던지요. 방송에서 보던 밝고 활기찬 모습과 딴판이어서 충격을 좀 받았어요.	N	2022-10-14 02:00:09	2022-10-14 02:00:09
BE22028647	8	1	충격받은 네 마음도 이해돼. 그렇지만 그 아이돌은 방송에서의 밝은 모습을 위해 식당에서만큼은 힘을 뺀 채 식사하고 싶었을 거야. 팬들에게 즐거움을 주기 위해 에너지를 충전하는 중이었다 생각하면, 네가 좀 덜 서운하겠다.	N	2022-10-14 02:00:09	2022-11-08 06:25:28
BE22028647	9	0	그래도 저는 그 아이돌을 너무 좋아하니까, 사인받으며 해 주고 싶은 말도 있었단 말이에요. 신곡 무대 너무 잘 보고 있다고, 열정적으로 노래하고 춤추는 모습이 보기 좋다고. 말해 주고 싶었는데 그럴 기회조차 얻지 못했으니 속상했어요.	N	2022-10-14 02:00:09	2022-11-08 06:25:28
BE22028647	10	1	속상하고 아쉬운 마음은 알겠어. 그렇지만 그녀가 너를 상대해 주었다가는, 거기 있는 사람 대부분을 상대해야 했을 수도 있어. 그 아이돌도 너의 요청을 거절할 때 속으로는 안타까워했을 거라 믿고, 속상한 마음은 거두었으면 좋겠다.	N	2022-10-14 02:00:09	2022-11-08 06:25:28
BE22028647	11	0	말씀을 듣고 보니, 정말 그랬겠네요. 제게 사인을 해 주고 대화를 나누었다면, 많은 사람들이 저처럼 하고 싶었겠죠. 그럼 결국 식사를 제대로 못 했을 테니, 제 요청을 거절한 그 아이돌이 현명했네요.	N	2022-10-14 02:00:09	2022-11-08 06:25:28
BE22028647	12	1	그래. 네가 팬인 걸 눈치채고 그 아이돌도 아마 속으로는 반가워했을 텐데. 그 마음을 감추고 네 청을 거절하기 쉽지는 않았을 거야. 그러니 속상했겠지만, 언젠가 그 아이돌과 팬 사인회 같은 공식 행사에서 만나길 바라.	N	2022-10-14 02:00:09	2022-11-08 06:25:28
BE22028647	13	0	네, 앞으로는 스타의 사생활을 침범하지 않는 선에서 스타를 만나고 싶어요. 팬 사인회나 콘서트 같은 곳에서 그 아이돌을 다시 만날 기회가 꼭 있었으면 좋겠네요. 아까는 마음의 상처 때문에 팬을 그만둘까 생각했는데, 이젠 아니에요.	N	2022-10-14 02:00:09	2022-11-08 06:25:28
BE22028647	14	1	네 스타를 이해해 주는 걸 보니, 역시 너는 진정한 팬이구나. 앞으로 꼭 그 스타와 함께 웃을 수 있는 자리에서 다시 만나길 바라. 오늘의 네 서운함이 씻긴 것 같아 다행이다.	N	2022-10-14 02:00:09	2022-10-14 02:00:09
BE22028647	15	0	할머니 덕분에 제 마음의 상처가 아물 수 있었던 거죠. 제 마음을 이해해 주시고 제게 조언해 주셨으니까요. 너무나 감사드려요, 할머니.	Y	2022-10-14 02:00:09	2022-11-08 06:25:28
