id	utterance_id	utterance_type	utterance_text	terminate	regDate	updDate
BE22028109	1	0	아빠, 고등학교 동창을 오랜만에 만났는데 상처만 받고 돌아왔어요. 서로의 직장생활 이야기를 하는데 우리 회사가 아무나 들어갈 수 있는 회사라고 하더라고요. 	N	2022-10-13 06:37:14	2022-11-08 06:22:13
BE22028109	2	1	어느 직장이나 열심히 노력하고, 일하는 사람만 다닐 수 있는데 동창에게 상처가 되는 말을 들었구나.	N	2022-10-13 06:37:14	2022-11-08 06:22:13
BE22028109	3	0	그 동창은 누구나 꿈꾸는 직업을 가졌거든요. 나는 알아주지도 않는 회사에 다녀서 기도 죽고, 상처만 받았어요,	N	2022-10-13 06:37:14	2022-11-08 06:22:13
BE22028109	4	1	너도 그 회사에 입사하기 위해 얼마나 노력했니. 다른 사람이 너의 노력과 결과를 깎아내리는 행동은 좋지 않아. 너 자신의 노력을 스스로 인정해주지 않는 것은 더욱 좋지 않고.	N	2022-10-13 06:37:14	2022-11-08 06:22:14
BE22028109	5	0	나는 정말 열심히 공부했고 자격증 따기 위해서 노력했어요. 그런데 그 회사 미래도 없는데 뭐하러 열심히 했냐는 데 정말 큰 상처가 되었어요.	N	2022-10-13 06:37:14	2022-11-08 06:22:14
BE22028109	6	1	누구도 다른 회사나 사람에 대한 미래는 알 수가 없단다. 너처럼 열심히 일하는 직원이 있으니 그 회사의 미래는 분명히 밝을 거라고 아빠는 생각한다.	N	2022-10-13 06:37:14	2022-11-08 06:22:14
BE22028109	7	0	오랜만에 동창을 만나 추억 이야기를 할 수 있을 줄 기대해서 더 큰 상처였어요.	N	2022-10-13 06:37:14	2022-11-08 06:22:14
BE22028109	8	1	나는 우리 딸의 노력이 정말 대단하다고 생각하니까 말 한마디에 너무 깊이 상처받지 않았으면 좋겠구나.	N	2022-10-13 06:37:14	2022-11-08 06:22:14
BE22028109	9	0	역시 아빠는 저를 알아주시네요. 저를 알아주는 사람이 있다는 것만으로도 큰 힘이 돼요.	N	2022-10-13 06:37:14	2022-11-08 06:22:14
BE22028109	10	1	나뿐 아니라 너를 아는 모든 사람이 그럴 거야. 그 동창에게도 네가 얼마나 멋진 사람인지 알려줄 기회가 있을 거다.	N	2022-10-13 06:37:14	2022-11-08 06:22:14
BE22028109	11	0	맞아요. 좋은 직장보다 좋은 인격이 더 중요하다는 것을 알려줄 날이 올 거예요.	N	2022-10-13 06:37:14	2022-11-08 06:22:14
BE22028109	12	1	살다보면 누군가의 말에 마음을 다칠 수 있지만, 자신감이라는 굳건한 방패가 있으면 누구도 해칠 수 없단 걸 잊지 마렴.	N	2022-10-13 06:37:14	2022-11-08 06:22:14
BE22028109	13	0	네, 아빠의 소중한 가르침 잘 간직할게요.	N	2022-10-13 06:37:14	2022-11-08 06:22:14
BE22028109	14	1	오늘 동창과 있었던 일도 좋은 추억으로 남기길 바란다.	Y	2022-10-13 06:37:14	2022-11-08 06:22:14
