id	utterance_id	utterance_type	utterance_text	terminate	regDate	updDate
BE22026041	1	0	네가 엄마의 오래된 화장품을 버리라고 해서 오늘 버렸다. 그런데 내 마음에 상처가 크다.	N	2022-10-09 09:14:47	2022-10-09 09:14:47
BE22026041	2	1	그렇게 해주셨다니 감사해요. 엄마가 돌아가신 지 꽤 많은 시간이 흘렀잖아요. 아버지께서 화장품만 보면서 엄마를 잊지 못하시고 눈물 흘리시는 게 안타까웠어요.	N	2022-10-09 09:14:47	2022-11-08 06:09:51
BE22026041	3	0	내 마음에는 아직도 네 엄마가 살아있는 것 같은 기분이야. 화장대 위에 올려 있는 화장품을 바라보면 네 엄마가 화장하던 모습이 눈에 선해. 그래서 화장품을 버리면 네 엄마를 버리는 것 같아서 버리지 못한 거야.	N	2022-10-09 09:14:47	2022-10-09 09:14:47
BE22026041	4	1	그 마음은 이해하고도 남아요. 저도 늘 어머니가 그리워서 눈물을 흘리곤 해요. 홀로 남으셨으니 엄마의 유품에 애정이 있으시겠지요.	N	2022-10-09 09:14:47	2022-11-08 06:09:51
BE22026041	5	0	화장대 위 화장품을 만지면서 네 엄마의 체취를 느껴보고 싶었다. 평생 내가 화장품 한번 선물하지 않았지. 그러다 아프다고 하니 갑자기 화장품을 사다 주고 싶어서 사준 건데 다 못 썼잖아.	N	2022-10-09 09:14:47	2022-10-09 09:14:47
BE22026041	6	1	편찮으신 엄마를 위해 아버지께서 얼마나 노력하셨는지 제가 잘 알고 있어요. 저라면 그렇게 간호하지 못했을 터인데 지극한 정성으로 보살펴 주셔서 감동적이었어요. 엄마도 고맙다고 말씀하시며 돌아가셨을 만큼 아버지는 최선을 다하셨어요.	N	2022-10-09 09:14:47	2022-11-08 06:09:51
BE22026041	7	0	그래도 내 마음에는 후회만 남아있다. 너도 네 아내에게 잘해주면 좋겠구나. 있을 때는 소중한 줄 모르는데 없어지면 정말 그 귀함을 알게 될 거야.	N	2022-10-09 09:14:47	2022-11-08 06:09:51
BE22026041	8	1	네, 그 말씀 명심하고 잘 해주겠습니다. 그런데 저는 아버지께서 후회하는 마음과 그리워하는 마음 때문에 건강을 잃을까 염려돼요.	N	2022-10-09 09:14:47	2022-11-08 06:09:51
BE22026041	9	0	이 나이에 안 아픈 것도 이상하지 뭐. 사람이 제 맘대로 안 되는 게 마음인가 보다. 나도 즐겁게 살아야지 하는데 생각뿐, 친구들 모임에 나가도 전처럼 즐겁지 않아.	N	2022-10-09 09:14:47	2022-11-08 06:09:51
BE22026041	10	1	그래서 제가 아버지 걱정이 커요. 그런 기분이 오래 가면 우울증에 걸릴 수도 있다는 말을 들었어요. 배우자를 잃은 충격과 상처가 그 어떤 것보다 크다고 하잖아요.	N	2022-10-09 09:14:47	2022-11-08 06:09:51
BE22026041	11	0	네가 그렇게 나를 걱정을 해주니 울컥하는 마음이 든다. 아내가 사라진 다음에는 나를 챙겨주는 이 하나도 없는 줄 알았는데 말이다. 그래도 네가 있어 이리 나를 생각해주니 마음이 따뜻해지는구나.	N	2022-10-09 09:14:47	2022-10-09 09:14:47
BE22026041	12	1	부디 화장품 버리게 했다고 마음의 상처를 크게 받지 마세요. 하늘에 계신 엄마는 가끔 생각은 하시되 가슴 아파하지는 마세요. 저는 아버지께서 오래 건강하게 살아 계시면 든든할 것 같아요.	N	2022-10-09 09:14:47	2022-11-08 06:09:51
BE22026041	13	0	내가 너를 생각하지 못했구나. 부모가 되어 너의 마음을 헤아리지 못해서 미안하구나. 네 곁에서 건강하게 오래 살아야겠다는 생각이 든다.	N	2022-10-09 09:14:47	2022-10-09 09:14:47
BE22026041	14	1	아버지께서 그렇게 말씀해 주시니 정말 감사해요. 이제 남은 생 더 활기차게 사시기를 바랍니다. 그리고 새로운 도전도 하시며 즐겁게 사시면 좋겠어요.	Y	2022-10-09 09:14:47	2022-11-08 06:09:51
