id	utterance_id	utterance_type	utterance_text	terminate	regDate	updDate
BE22027197	1	0	엄마, 저 요즘 삶에 의욕이 없어요. 친구들 모임에 나갔는데, 친구들에 비해 전 너무 부족한게 많아요. 비교 심이 들어서 상처만 잔뜩 받고 왔어요.	N	2022-10-11 16:32:29	2022-11-08 06:16:41
BE22027197	2	1	네가 이런 말을 하니 나도 걱정이 되네. 우리 딸 무슨 일 때문에 이렇게 상처받고 속상해하는 건지 엄마에게 말해주겠니?	N	2022-10-11 16:32:29	2022-11-08 06:16:41
BE22027197	3	0	동창 모임이 있어서 기대하는 마음으로 갔어요. 그런데, 저를 제외한 모든 친구들이 멋진 남자친구도 있고, 좋은 직장에 취업을 했어요. 전 남자친구도 없고, 백수이다 보니 너무 초라하게 느껴져서 상처를 받았어요.	N	2022-10-11 16:32:29	2022-11-08 06:16:41
BE22027197	4	1	그 마음이 어떤 마음인지 알 것 같아. 엄마도 친구를 만날 때면, 이런저런 많은 이야기를 하거든. 때로는 다른 친구를 보며 질투도 들고, 속상한 마음이 들 때도 있어서 네 마음이 이해가 돼.	N	2022-10-11 16:32:29	2022-11-08 06:16:41
BE22027197	5	0	이런 마음이 어떤 마음인지 엄마도 알고 있나요? 백수인 전 상대적으로 너무 초라했어요. 좋은 브랜드의 옷과 가방을 메고 온 친구들에 비해, 초라한 차림이어서 기도 많이 죽었어요.	N	2022-10-11 16:32:29	2022-10-11 16:32:29
BE22027197	6	1	네 마음은 충분히 이해하지만, 네가 기죽을 것 없다고 생각해. 취업이 조금 더딜 뿐 너도 좋은 직장에 취업할 수 있을 거야. 옷이나 가방은 물품일 뿐, 너의 가치는 더 소중하다고 생각해.	N	2022-10-11 16:32:29	2022-11-08 06:16:41
BE22027197	7	0	사실 제 나이면 이제 직장에서 정착도 해야 하고, 결혼할 만한 대상을 찾아야 한다고 생각해왔어요. 그런데, 전 아무것도 이룬 게 없어서 더 삶에 의욕이 없어요. 친구들 모임에서 친구들도 저를 은근히 낮춰보는 것 같아서 상처를 더 받았어요.	N	2022-10-11 16:32:29	2022-11-08 06:16:41
BE22027197	8	1	상황으로 인해 기죽을 필요 전혀 없어. 너의 가치는 네가 스스로를 어떻게 보느냐에 따라 정해진다고 생각해. 그리고, 나에게 있어서 너는 세상 그 누구보다 가장 소중한 사람이야.	N	2022-10-11 16:32:29	2022-11-08 06:16:41
BE22027197	9	0	세상은 저를 실패자라고 말할 것만 같아요. 저는 대학을 가고 싶었는데, 못가기도 했고 취업도 못 하고 있잖아요. 남들보다 뒤처졌다는 생각이 들어요.	N	2022-10-11 16:32:29	2022-11-08 06:16:41
BE22027197	10	1	학벌과 돈으로만 따져본다면, 부족한 부분이 있을 수는 있어. 그렇지만, 너는 남들보다 더 이타적이고 따뜻한 마음을 가졌잖아. 겉으로 보여지는 스펙보다, 너의 내면에 갖고있는 선한 마음이 난 더 가치 있다고 생각하는걸.	N	2022-10-11 16:32:29	2022-11-08 06:16:41
BE22027197	11	0	그렇게 말해주시니 마음이 한결 나아지네요. 위로해줘서 고마워요 엄마. 요즘 삶에 의욕이 없었는데, 덕분에 힘이 좀 나요.	N	2022-10-11 16:32:29	2022-10-11 16:32:29
BE22027197	12	1	그래 지금처럼 힘내는 거야. 밝고 씩씩한 내 딸이 이렇게 상처받고 우울한 걸 보니 나도 속상하네. 그래도 지금은 마음이 좀 나아져서 다행이야.	N	2022-10-11 16:32:29	2022-11-08 06:16:41
BE22027197	13	0	엄마의 칭찬과 위로 덕분이에요. 내 마음을 알아줘서 정말 고마워요. 엄마는 나에게 있어 정말 든든한 버팀목 같은 사람이에요.	N	2022-10-11 16:32:29	2022-10-11 16:32:29
BE22027197	14	1	너도 나한테 가장 소중한 사람이란다. 우리 딸 힘내자. 엄마는 언제나 너를 응원해.	Y	2022-10-11 16:32:29	2022-11-08 06:16:41
