id	utterance_id	utterance_type	utterance_text	terminate	regDate	updDate
BE22019939	1	0	엄마, 미술 시간에 모둠끼리 릴레이 그리기를 했는데 친구들이 저 때문에 졌다고 뭐라고 했어요. 제가 그림을 잘 그리는 건 아니지만 친구들이 타박을 하니 마음에 상처가 되네요. 아직도 마음이 착잡하고 비참해요.	N	2022-09-22 08:58:58	2022-09-22 08:58:58
BE22019939	2	1	친구들과 다투어서 마음이 괴로웠던 모양이네. 우리 아들이 속상해하니까 엄마도 네가 안쓰럽고 속상하다. 그 릴레이 그리기가 중요한 과제였었던 거야?	N	2022-09-22 08:58:58	2022-11-08 05:27:48
BE22019939	3	0	상품을 걸고 했던 거라서 친구들이 흥분한 탓도 있어요. 성적에 들어가거나 하진 않는 거라 중요한 것 같진 않아요. 그렇게까지 저한테 탓할 일은 아닌 것 같아서 더 상처가 돼요.	N	2022-09-22 08:58:58	2022-09-22 08:58:58
BE22019939	4	1	친구들이 상품 때문에 조금 격해져서 그랬나 보다. 그 아이들이 너를 정말 비난하고 탓하려던 것은 아니었을 거야. 그리고 다음에는 더 잘하면 되지.	N	2022-09-22 08:58:58	2022-11-08 05:27:48
BE22019939	5	0	친구들이 야유하고 짜증내던 모습이 자꾸 떠올라서 괴로워요. 예전에도 다른 수업 때 비슷한 일이 있었거든요. 이러다가 저 친구들 사이에서 따돌림 당하는 건 아닌지 걱정이 돼요.	N	2022-09-22 08:58:58	2022-09-22 08:58:58
BE22019939	6	1	사람이 살다 보면 실수할 수도 있고, 때로는 노력해도 결과가 좋지 않을 때도 있어. 그럴 때 중요한 건 네 마음에 자신감과 중심을 갖는 일이야. 네가 최선을 다 했다면 당장은 어려워도 친구들이 언젠간 네 노력을 알아줄 테니까 기운 내.	N	2022-09-22 08:58:58	2022-11-08 05:27:48
BE22019939	7	0	제가 너무 소심하게 구는 것 같아요. 이래서 친구들이 더 제 탓을 하는 걸까요? 만만하게 보여서 그런 건 아닌지 마음에 상처가 돼요.	N	2022-09-22 08:58:58	2022-09-22 08:58:58
BE22019939	8	1	누구라도 앞에서 그렇게 타박을 하면 주눅들고 상처를 받지, 네가 그렇게 반응하는 건 당연한 거야. 엄마는 어른이어도 누가 탓하면 기분이 좋지 않은 걸. 네 잘못이 아니니까 그런 생각하지마.	N	2022-09-22 08:58:58	2022-11-08 05:27:48
BE22019939	9	0	저도 오늘 일을 자꾸 생각할수록 마음이 무척 비참해요. 다른 애들도 이런 일을 겪으면 저처럼 괴롭고 비참하겠죠.	N	2022-09-22 08:58:58	2022-09-22 08:58:58
BE22019939	10	1	너는 소중하고 귀한 사람이야. 앞으로 겪게 될 일들에 좌절하고 상처받더라도 마음 단단히 먹고 다시 꿋꿋이 일어나보자. 사랑하는 우리 아들을 엄마가 언제나 응원할게.	N	2022-09-22 08:58:58	2022-11-08 05:27:48
BE22019939	11	0	네, 엄마 그렇게 생각하면서 기운 낼게요. 엄마가 위로해주신 덕분에 상처받았던 마음이 좀 누그러졌어요. 다른 친구들이 못해도 전 절대 비난하지 않을 거예요.	N	2022-09-22 08:58:58	2022-11-08 05:27:48
BE22019939	12	1	우리 아들처럼 배려심이 깊고 이해심이 많은 친구를 둔 다른 아이들이 부러운걸. 마음이 상처를 받았는데도 그렇게 멋지고 대견한 생각을 하다니 네가 자랑스러워. 분명 친구들 중에도 오늘 일을 안타깝게 생각하는 아이가 있었을 거야, 그러니 너무 속상해하지 마.	N	2022-09-22 08:58:58	2022-11-08 05:27:48
BE22019939	13	0	네, 용기를 북돋아 주셔서 감사해요. 저도 이제 기운 낼게요.	N	2022-09-22 08:58:58	2022-09-22 08:58:58
BE22019939	14	1	응, 우리 아들 힘내렴. 엄마가 도움이 되어서 기쁘구나.	Y	2022-09-22 08:58:58	2022-11-08 05:27:48
