id	utterance_id	utterance_type	utterance_text	terminate	regDate	updDate
BE22026053	1	0	엄마 나 주초에 코로나에 걸려서 재택근무 중이야. 그런데 사장이 재택근무라고 나한테 일을 몰아줘서 상처받았어.	N	2022-10-09 09:53:21	2022-11-08 06:09:55
BE22026053	2	1	코로나라니 많이 아팠을 것 같아. 무슨 일이 있었는데?	N	2022-10-09 09:53:21	2022-11-08 06:09:55
BE22026053	3	0	협력하기로 했는데 코로나 때문에 직접 참여가 어렵다고 파일로 자료 조사한 거 다 보냈어. 정말 열심히 조사했는데 전화로 한숨 쉬면서 열심히 안 했다고 뭐라 하는 데 정말 상처였어.	N	2022-10-09 09:53:21	2022-11-08 06:09:55
BE22026053	4	1	네가 기대한 반응과 상반된 반응이 너를 아프게 했구나. 다른 사람이 너의 노력과 결과를 깎아내리는 듯한 행동을 하면 큰 상처로 남을 것 같아.	N	2022-10-09 09:53:21	2022-11-08 06:09:55
BE22026053	5	0	열도 많이 나고 어지러운 와중에 열심히 조사했어. 그런데 사장이 집에서 편히 쉬고 있으니까 보고서도 쓰라고 해서 억울하고 상처가 컸어.	N	2022-10-09 09:53:21	2022-10-09 09:53:21
BE22026053	6	1	너의 노력을 알아주지 않아 억울한 것도 이해해. 게다가 네 아픈 상황을 이해해주지 않고 쉰다고 마음대로 생각해서 더 상처가 컸을 것 같아. 그 한숨으로 인해 너의 노력이 무시되고 한순간에 사라지는 낌을 받았을 것 같아.	N	2022-10-09 09:53:21	2022-11-08 06:09:55
BE22026053	7	0	사장도 나 아픈 거 아는데도 그런 말을 해서 더 상처가 컸던 것 같아. 단순함 감기로 아는 데 코로나는 정말 힘들다고. 그리고 내 노력이 너무나도 당연한 게 되어버려서 속상해.	N	2022-10-09 09:53:21	2022-11-08 06:09:55
BE22026053	8	1	한숨이 너의 노력을 물거품으로 만들어서 억울한 심정 백번이고 이해돼. 코로나가 몸 가누기 힘들 정도인데 너는 그걸 이겨내고 업무를 하는 게 대단하다고 생각해. 사장님께 네가 많이 아프다는 걸 말씀드려보면 이해해주실 수도 있어.	N	2022-10-09 09:53:21	2022-11-08 06:09:55
BE22026053	9	0	한숨 받고 풀이 죽어서 전화를 피했는데 생각해보니까 내가 한숨을 받을 정도로 잘못한 일이 없는 거야. 괜히 상처만 받고 억울하네. 엄마 말 들으니까 용기를 갖고 사장님께 내 상황을 말씀드리면 상처받은 마음이 아물 것 같아.	N	2022-10-09 09:53:21	2022-11-08 06:09:55
BE22026053	10	1	팔이 안으로 굽어서 하는 말이 아니라 너는 매사 열심이니까 자신감을 가져도 돼. 네가 정말 열심히 노력했고 성실히 준비했다는 점을 진심으로 이야기하면 사장님도 대단하시다고 할 거야.	N	2022-10-09 09:53:21	2022-11-08 06:09:56
BE22026053	11	0	엄마 말 믿고 한번 해볼게. 내 이야기 들어줘서 고마워. 덕분에 기분이 한결 나아진 것 같아.	N	2022-10-09 09:53:21	2022-11-08 06:09:56
BE22026053	12	1	나는 항상 내 딸이 건강하고 당당하고 자신감 넘쳤으면 좋겠어.	N	2022-10-09 09:53:21	2022-11-08 06:09:56
BE22026053	13	0	엄마한테 말해서 나도 많이 힐링하는 것 같아.	N	2022-10-09 09:53:21	2022-10-09 09:53:21
BE22026053	14	1	또 다른 말 못 할 고민 있으면 또 연락해!	Y	2022-10-09 09:53:21	2022-11-08 06:09:56
