id	utterance_id	utterance_type	utterance_text	terminate	regDate	updDate
BE22028715	1	0	엄마, 저 남편한테 말로 상처받을 때가 너무 많아요. 대체 어떻게 맞춰가야 할지 모르겠어요.	N	2022-10-14 03:31:29	2022-11-08 06:25:51
BE22028715	2	1	무슨 일이 있었기에 그런 말을 하는 건지 궁금하구나. 엄마한테 한번 털어놔 보렴.	N	2022-10-14 03:31:29	2022-10-14 03:31:29
BE22028715	3	0	주말에 마트에 둘이서 장 보러 갔다가, 지갑을 두고 왔거든요. 오늘 지갑 찾아왔는데, 남편이 저더러 나이 들어서 기억력이 떨어진 거라고 자꾸 놀리잖아요. 그게 너무 상처였어요.	N	2022-10-14 03:31:29	2022-11-08 06:25:51
BE22028715	4	1	아무래도 네가 남편보다 연상이다 보니, 나이를 소재로 한 농담이 마냥 재밌게 받아들여지지 않는가 보다. 나도 너와 같은 상황이라면 그 말에 상처받았을 것 같아.	N	2022-10-14 03:31:29	2022-11-08 06:25:51
BE22028715	5	0	엄마도 아시는 걸 저희 남편은 왜 모를까요? 평소에도 저보고 주름이 늘었느니 어쩌니 하는 농담을 해서, 상처받을 때가 되게 많아요.	N	2022-10-14 03:31:29	2022-11-08 06:25:51
BE22028715	6	1	네 남편이 보기보다 많이 짖궃구나. 그래도 악의를 담은 농담은 아닐테니, 너무 마음에 담아두지 말고 힘 내.	N	2022-10-14 03:31:29	2022-11-08 06:25:51
BE22028715	7	0	그러려고 하는데 그게 잘 안되네요. 남편은 제가 역으로 남편을 어리다고 놀릴 때마다 정색하면서 화를 내거든요. 그럼 그게 또 상처가 돼요.	N	2022-10-14 03:31:29	2022-11-08 06:25:51
BE22028715	8	1	너한테는 나이 가지고 마구 장난을 치면서, 똑같은 장난을 치는 건 싫어한단 말이니? 그거 정말 너무하구나, 네가 마음이 상할 만 하다.	N	2022-10-14 03:31:29	2022-11-08 06:25:51
BE22028715	9	0	그러니까 말이에요. 뭐든 나이랑 연관 지어서 놀려먹는 거, 저도 정말 싫고 매번 상처받는데. 이 사람은 자기 기분 나쁜 것만 알고 제 맘은 몰라주네요.	N	2022-10-14 03:31:29	2022-11-08 06:25:51
BE22028715	10	1	배려 없는 남편 때문에 속상할 때가 많겠다. 네 마음을 한번 솔직하게 얘기해 볼 생각은 없니?	N	2022-10-14 03:31:29	2022-11-08 06:25:52
BE22028715	11	0	그냥 장난치는 건데 그게 상처가 된다고 어떻게 말해요. 말 꺼내면 저만 속 좁은 사람 될 것 같아서 얘기도 못해 봤어요.	N	2022-10-14 03:31:29	2022-11-08 06:25:52
BE22028715	12	1	한 번쯤은 속마음을 터놓는 시간도 있어야 할 것 같은데. 신혼 4개월 차에 벌써 이렇게 마음이 힘들어서 어쩌니, 걱정되는구나.	N	2022-10-14 03:31:29	2022-11-08 06:25:52
BE22028715	13	0	정말 아직 신혼인데 벌써 이러니 앞으로의 생활이 막막하네요. 이렇게 상처만 받다 간 제가 먼저 지치는 거 아닌지 모르겠어요.	N	2022-10-14 03:31:29	2022-11-08 06:25:52
BE22028715	14	1	너무 상처받지만 말고 생각을 한번 바꿔보는 게 어떠니? 그래, 나 나이 많다 하고 당당하게 생각하고 말을 있는 그대로 받아들이려는 마음을 가져봐. 그렇게 생각하면 말로 받는 상처가 훨씬 줄어들지 않겠니?	N	2022-10-14 03:31:29	2022-10-14 03:31:29
BE22028715	15	0	생각해보니 제가 남편보다 연상이라는 사실에 약간 자격지심 같은 걸 갖고 있었던 것 같네요. 엄마 말대로 나 나이 많다고 인정하고 나니, 마음이 훨씬 가벼워지네요.	N	2022-10-14 03:31:29	2022-10-14 03:31:29
BE22028715	16	1	그래, 정말 잘 생각했다. 앞으로도 그런 마음가짐으로 행복한 결혼생활을 했으면 좋겠구나.	Y	2022-10-14 03:31:29	2022-11-08 06:25:52
