id	utterance_id	utterance_type	utterance_text	terminate	regDate	updDate
BE22002942	1	0	아버지, 제 고등학교 친구가 얼마 전에 집을 샀다고 하네요.	N	2022-06-23 07:25:41	2022-11-08 03:43:24
BE22002942	2	1	오 그 친구 열심히 살았나 보네.	N	2022-06-23 07:25:41	2022-11-08 03:43:24
BE22002942	3	0	고등학교 때 제가 훨씬 공부도 잘하고, 그 친구보다 대학도 잘 갔는데 저는 왜 아직일까요? 소식 듣고 축하해줬는데 동시에 슬펐어요.	N	2022-06-23 07:25:41	2022-11-08 03:43:24
BE22002942	4	1	속상했을 수 있겠네. 하지만 네가 더 열심히 산 만큼 보상받는 날이 올 거야.	N	2022-06-23 07:25:41	2022-11-08 03:43:24
BE22002942	5	0	그렇겠죠? 집 샀다고 자랑하는데 저도 얼른 사고 싶다고 생각했어요.	N	2022-06-23 07:25:41	2022-11-08 03:43:25
BE22002942	6	1	일 열심히 하다 보면 차근차근 돈을 모을 수 있을 거야. 너무 걱정 안 해도 돼.	N	2022-06-23 07:25:41	2022-11-08 03:43:25
BE22002942	7	0	맞아요. 저도 열심히 살다 보면 제집을 마련할 수 있겠죠?	N	2022-06-23 07:25:41	2022-11-08 03:43:25
BE22002942	8	1	당연하지. 걱정 안 해도 돼. 원하는 위치에 원하는 집으로 구할 수 있을 거야.	N	2022-06-23 07:25:41	2022-11-08 03:43:25
BE22002942	9	0	아버지는 집 살 때 힘들지 않으셨어요?	N	2022-06-23 07:25:41	2022-11-08 03:43:25
BE22002942	10	1	나도 진짜 열심히 살고 아끼면서 살았지.	N	2022-06-23 07:25:41	2022-11-08 03:43:25
BE22002942	11	0	그때는 돈 모으기가 더 힘들었을 텐데. 저 키우면서 일도 하시다니 정말 대단하신 것 같아요.	N	2022-06-23 07:25:41	2022-11-08 03:43:25
BE22002942	12	1	너희들이야말로 지금 정말 고생이 많지. 물가도 그렇고 집값도 너무 올랐잖니.	N	2022-06-23 07:25:41	2022-11-08 03:43:25
BE22002942	13	0	그러게요. 정말 집값이 비싸요. 그래도 그만큼 열심히 살아야겠어요.	N	2022-06-23 07:25:41	2022-11-08 03:43:25
BE22002942	14	1	좋은 자세야. 너도 꼭 집을 살 수 있을 테니 너무 걱정하지 말고 힘내.	N	2022-06-23 07:25:41	2022-11-08 03:43:25
BE22002942	15	0	네, 감사해요. 아버지.	Y	2022-06-23 07:25:41	2022-11-08 03:43:25
