id	utterance_id	utterance_type	utterance_text	terminate	regDate	updDate
BE22027793	1	0	엄마, 오늘 정말 상처받는 일이 있었어요. 친구가 이번에도 자기가 이겼다는 식으로 말했어요. 나는 정말 잠도 안 자고 공부하는데 친구가 나보다 시험 성적이 높아요.	N	2022-10-12 15:03:26	2022-11-08 06:20:17
BE22027793	2	1	그런 일이 있었다니 정말 깊은 상처를 받았겠구나. 많은 노력을 했을 텐데 결과가 좋지 않았다면 무척 속상했을 거 같다. 엄마로서 너무 안타까운 마음이 드네.	N	2022-10-12 15:03:26	2022-11-08 06:20:17
BE22027793	3	0	이번엔 정말 제가 그 친구를 이기고 싶었는데 또 실패 했어요. 저는 머리가 나쁜가 봐요. 노력하면 안 되는 일이 없을 줄 알았는데 안 되는 게 있네요.	N	2022-10-12 15:03:26	2022-11-08 06:20:17
BE22027793	4	1	결과도 물론 중요하겠지만 네가 노력했다는 것도 물론 중요하지 않겠니! 엄마는 네가 스스로 노력한다는 사실을 무척 대견하게 생각한단다. 그것만으로도 너는 훌륭해.	N	2022-10-12 15:03:26	2022-11-08 06:20:17
BE22027793	5	0	저는 결과도 중요한걸요. 게다가 학교를 졸업하기 전에 그 친구를 꼭 이겨보고 싶었어요. 지금까지 한 번도 이기지 못해서 정말 속상해요.	N	2022-10-12 15:03:26	2022-11-08 06:20:17
BE22027793	6	1	기대가 컸던 만큼 실망감도 무척 컸을 거라고 생각한다. 문자로만 읽는 엄마도 이렇게 힘든데 너는 얼마나 힘들겠니. 엄마가 마음이 무척 아프구나.	N	2022-10-12 15:03:26	2022-11-08 06:20:17
BE22027793	7	0	이번에는 그 친구도 저를 견제하는 거 같더라고요. 그런데 그 친구가 성적이 더 높으니 저를 보는 눈빛이 너무 싫었어요. 제가 실패자가 된 기분이었거든요.	N	2022-10-12 15:03:26	2022-11-08 06:20:17
BE22027793	8	1	그렇게 생각하지 않았으면 좋겠다. 너는 실패자가 아니야. 이 세상에 성공과 실패는 결정하는 척도가 성적은 아니잖아.	N	2022-10-12 15:03:26	2022-11-08 06:20:17
BE22027793	9	0	하지만 그 친구의 눈빛에서 저는 언제가 자기 뒤라는 눈빛이었어요. 정말 제 스스로 절망이 되어 일어서기가 너무 힘들더라고요. 그 누구도 제 마음을 알 수 없을 거예요.	N	2022-10-12 15:03:26	2022-11-08 06:20:17
BE22027793	10	1	너와 같은 마음일 수는 없겠지만 너를 걱정하고 응원하는 사람이 있다는 건 기억했으면 좋겠다. 엄마는 우수한 성적도 좋지만 너의 노력에 박수를 보내고 싶어. 지금도 충분히 잘했단다.	N	2022-10-12 15:03:26	2022-11-08 06:20:17
BE22027793	11	0	엄마가 그렇게 얘기해주니 마음이 조금 풀리는 거 같아요. 제가 너무 성적에만 연연했나 봐요. 저만 상처 받은 게 아닐 텐데 너무 투정 부린거 같아 죄송해요.	N	2022-10-12 15:03:26	2022-11-08 06:20:17
BE22027793	12	1	네가 마음이 풀렸다니 너무 다행이구나. 깊은 상처로 남을까 봐 걱정했는데 너무 다행이다. 너는 분명히 회복할 거라고 생각했어.	N	2022-10-12 15:03:26	2022-11-08 06:20:17
BE22027793	13	0	친구랑 경쟁하지 않아도 가고 싶은 대학에 충분히 갈 수 있는 성적인데 욕심을 부렸나 봐요. 더 이상 욕심의 감정을 가지지 말고 그 친구와도 친해져 보려고 노력하려고요.	N	2022-10-12 15:03:26	2022-11-08 06:20:17
BE22027793	14	1	그래, 엄마가 아는 너는 항상 밝은 아이였어. 지금 내가 알던 딸로 돌아와 줘서 고맙구나. 항상 너를 응원하고 있단다.	N	2022-10-12 15:03:26	2022-11-08 06:20:17
BE22027793	15	0	엄마의 응원 덕분에 학교도 잘 다니고 있었으니 정말 고마워요. 얼른 정리하고 집으로 갈게요. 항상 엄마에게 감사해요.	Y	2022-10-12 15:03:26	2022-11-08 06:20:17
