id	utterance_id	utterance_type	utterance_text	terminate	regDate	updDate
BE22024814	1	0	엄마, 저 상처받은 일이 있어서 엄마랑 이야기를 나누고 싶어요.	N	2022-10-06 07:34:55	2022-10-06 07:34:55
BE22024814	2	1	무슨 일 생긴 거니? 평소에는 이런 이야기를 잘 안 하던 너라서 걱정이 되는구나.	N	2022-10-06 07:34:55	2022-11-08 06:02:30
BE22024814	3	0	최근에 소개팅 받은 거 엄마도 알죠? 저는 꽤 마음에 들었는데 소개팅 상대에게 연락이 오지 않더라고요. 그 사람은 내가 맘에 들지 않았다는 사실이 저에게 큰 상처로 다가와요.	N	2022-10-06 07:34:55	2022-10-06 07:34:55
BE22024814	4	1	그런 일이 있었구나. 우리 딸 기분이 많이 상했을 거 같아. 호감을 품었던 상대방의 마음이 내 마음과 다르면 상처받을 수밖에 없지.	N	2022-10-06 07:34:55	2022-11-08 06:02:30
BE22024814	5	0	분명히 화기애애한 분위기라 상대방도 내가 맘에 드는 줄 알았거든요. 이번엔 잘 될 줄 알았는데 연락이 오지 않으니까 나한테 문제가 있나 싶어요. 너무 상처가 커요.	N	2022-10-06 07:34:55	2022-10-06 07:34:55
BE22024814	6	1	당연히 그렇게 생각할 수 있겠다. 그동안 네가 얼마나 끙끙 앓고 상처받았을까 생각하니 엄마도 마음이 아프다. 하지만 네가 잘못해서 생긴 일이 아니니 너무 마음 아파하지 말았으면 좋겠어.	N	2022-10-06 07:34:55	2022-11-08 06:02:30
BE22024814	7	0	이런 일을 몇 번 겪어보니 이제는 사람을 만나는 것에 있어서 덜컥 겁부터 나요. 또다시 상처받을까 봐 너무 무섭고 두려운 기분이 들어요. 어딜 가도 주눅이 들고요.	N	2022-10-06 07:34:55	2022-10-06 07:34:55
BE22024814	8	1	듣는 엄마도 이렇게 상처인데 너는 오죽하겠어. 나였으면 밖에 나가기도 싫었을 거야, 온종일 무기력한 기분도 들고 말이야. 넋이 나간 상태로 하루를 보내기도 하지.	N	2022-10-06 07:34:55	2022-10-06 07:34:55
BE22024814	9	0	스스로가 한심하게 느껴져요. 내 상처가 너무 커서 이제는 더 이상 커지지 않았으면 좋겠어요.	N	2022-10-06 07:34:55	2022-10-06 07:34:55
BE22024814	10	1	네 심정 이해돼. 내 잘못인가 싶어서 자신한테서 문제점을 찾게 되지. 세상에 나 홀로 버려진 거 같은 기분이 들어서 아슬아슬하게 하루를 버티고 있었겠구나.	N	2022-10-06 07:34:55	2022-11-08 06:02:30
BE22024814	11	0	딱 그런 심정이라 좌절감도 들고 자책도 하게 돼요. 안 좋은 생각이 머릿속에서 떠나질 않아요. 이 세상에 나를 마음에 들어 하는 사람이 있긴 할까요?	N	2022-10-06 07:34:55	2022-10-06 07:34:55
BE22024814	12	1	그건 절대 네 잘못이 아니니 상처에 빠져있을 필요 없어. 그저 네 인연이 아닐 뿐인 거지. 언니가 옆에서 힘낼 수 있도록 도와줄 테니 너무 마음 쓰지 말고 기운 내자.	N	2022-10-06 07:34:55	2022-10-06 07:34:55
BE22024814	13	0	엄마가 그렇게 말해주니 내 마음이 한결 나아져요. 요즘에는 거의 자포자기한 상태여서 더 상처받았나 봐요. 이제 기운 낼게요.	N	2022-10-06 07:34:55	2022-11-08 06:02:30
BE22024814	14	1	넌 늘 밝은 에너지로 주위 사람들을 행복하게 해주잖아. 항상 열정적이고 열심히 사는 널 보면 대단하다는 생각도 들어. 분명히 너의 가치를 알아주는 사람이 나타날 거야.	N	2022-10-06 07:34:55	2022-11-08 06:02:30
BE22024814	15	0	얘기 들어주셔서 정말 고마워요. 엄마 덕분에 힘이 나요.	Y	2022-10-06 07:34:55	2022-11-08 06:02:30
