id	utterance_id	utterance_type	utterance_text	terminate	regDate	updDate
BE22009194	1	0	엄마, 아무리 군대는 연대책임이고 공동체주의라지만, 너무 화나요.	N	2022-07-15 08:18:08	2022-11-08 04:23:32
BE22009194	2	1	우리 아들, 무슨 일이야. 군 생활 적성에 잘 맞는다고 지금까지 재밌다고만 하더니.	N	2022-07-15 08:18:08	2022-11-08 04:23:32
BE22009194	3	0	군 생활은 좋아요, 좋은 사람들 만나서 즐겁게 생활하고 있어요. 그런데 진짜 납득할 수 없는 일들을 납득해야 할 때 군대에 있는 게 억울해요. 오늘 후임이 기본적인 걸 실수했는데, 그걸 선임이 제가 잘못 가르쳤다면서 뭐라고 했거든요.	N	2022-07-15 08:18:08	2022-11-08 04:23:32
BE22009194	4	1	저런, 네가 잘못한 일이 아니라 다른 사람으로 인해서 좋지 않은 말을 들어서 억울하겠다. 후임은 아직 익숙하지 않으니 실수를 할 수도 있기 마련인데, 선임이 네 탓을 했구나. 그래서 마음이 좋지 않았겠어.	N	2022-07-15 08:18:08	2022-11-08 04:23:32
BE22009194	5	0	네, 게다가 제가 안 가르쳐준 것도 아니었어요. 몇 번이나 후임에게 강조하면서 가르쳐준 건데. 근데 후임이 실수했더니 제가 안 가르쳤다고 하니까 너무 화나요.	N	2022-07-15 08:18:08	2022-11-08 04:23:32
BE22009194	6	1	우리 아들, 엄마는 네가 얼마나 좋은 선임이었을지 다 알아. 틀림없이 후임이 많이 헤매고 어려워할 때마다 아들이 가르쳐주고 도와줬을 거야. 근데 그런 노력을 알아주지 않고, 아무것도 하지 않은 것처럼 치부하니까 얼마나 화가 났을까.	N	2022-07-15 08:18:08	2022-11-08 04:23:32
BE22009194	7	0	후임 그 녀석이 조금 느리긴 해요. 그래도 가르쳐주면 하려고 노력은 해서 옆에서 꾸준히 지켜보면서 도와주고 있었는데. 아무것도 모르는 선임이 그렇게 말하면서 저의 노력을 무시하니까 상처가 되기도 하네요.	N	2022-07-15 08:18:08	2022-11-08 04:23:32
BE22009194	8	1	아들이 노력한 것을 몰라주는 선임이 밉겠구나, 엄마라도 당연히 그럴 것 같아. 그냥 둬도 되는 건데도 아들 너는 책임감을 가지고 후임을 도와줬을 텐데. 그 마음을 알아주지 않고, 결과만을 가지고 나무라니까 아들 마음에 큰 상처가 됐겠어.	N	2022-07-15 08:18:08	2022-11-08 04:23:32
BE22009194	9	0	후, 엄마가 제 마음을 알아주니까 좋네요. 그 선임은 후임이 얼마나 발전했는지도 모르면서 한 번 실수한 거 가지고 뭐라고 하니까. 진짜 억울하고, 후임이 받은 상처 걱정도 돼서 마음이 복잡해요.	N	2022-07-15 08:18:08	2022-11-08 04:23:32
BE22009194	10	1	아들, 엄마는 네가 가르쳐준 걸 실수한 후임을 탓하는 것이 아니라 후임의 마음을 헤아려줘서 대견해. 분명 네가 상처받고 억울한 상황일 텐데. 엄마였다면 너 때문에 내가 혼났다고 후임을 엄청 혼냈을걸?	N	2022-07-15 08:18:08	2022-11-08 04:23:32
BE22009194	11	0	저도 처음 군대 왔을 때 좋은 선임 만나서 잘 배웠거든요. 그래서 저도 좋은 선임이 되고 싶었는데, 그러질 못해서 상처가 되고. 난 나름 노력한 거 같은데 몰라줘서 울적하기도 해요.	N	2022-07-15 08:18:08	2022-11-08 04:23:32
BE22009194	12	1	틀림없이 그 후임에게는 우리 아들이 최고의 선임일 거야. 계속 지켜봐주고, 위로해주고, 도와주고 하는 선임이 어디 흔한 줄 알아? 엄마가 네 후임이었다면 정말 군 생활 재밌다고 느낄 것 같아, 네 덕분에.	N	2022-07-15 08:18:08	2022-11-08 04:23:32
BE22009194	13	0	그럴까요? 후임이 그렇게 생각해준다면 그래도 제 마음이 달래어질 것 같아요. 내 노력에 대해 알아준 사람이 한 명은 있는 거니까요.	N	2022-07-15 08:18:08	2022-11-08 04:23:32
BE22009194	14	1	틀림없이 그럴 거란다, 내가 잘못하지 않은 일로 혼난 건 억울하고 짜증 나는 일이지. 하지만 그로 인해 후임은 더 배우고 성장할 수 있을 거야. 아들, 엄마는 네가 너무 멋지고 대견해.	N	2022-07-15 08:18:08	2022-11-08 04:23:32
BE22009194	15	0	고마워요, 엄마. 조금 억울해서 앞으로는 나도 후임을 엄청 혼내야지, 라고 생각했는데. 엄마 말을 들으니까 앞으로도 계속 도와주면서 지켜봐야겠어요.	Y	2022-07-15 08:18:08	2022-11-08 04:23:32
