id	utterance_id	utterance_type	utterance_text	terminate	regDate	updDate
BE22026617	1	0	엄마, 회사에서 인원 감축을 하는데 제가 1순위가 되었데요, 오늘 부장님이 퇴사를 권유하셨어요. 갑자기 생긴 일이라 당황스럽기도 하고 슬프기도 하네요, 가슴에 큰 상처로 남을 것 같아요.	N	2022-10-10 15:57:16	2022-11-08 06:13:14
BE22026617	2	1	그런 일이 있었구나, 네가 얼마나 놀라고 실망을 했을까 생각하니 엄마도 기분이 좋지 않아. 그래도 마음을 좀 진정시켜 보렴. 그렇게 감정적으로만 생각하면 실수를 하게 될 수도 있어.	N	2022-10-10 15:57:16	2022-11-08 06:13:14
BE22026617	3	0	회사에 입사하고 여태까지 하루도 허투루 보낸 적이 없을 만큼 열심히 일했어요. 그렇게 최선을 다해서 일한 결과가 퇴사라니 너무 충격적이에요.	N	2022-10-10 15:57:16	2022-11-08 06:13:14
BE22026617	4	1	그동안 네가 정말 열심히 일을 했다는 건 잘 알아, 어떤 기준으로 정한 건지 모르겠지만. 엄마도 좀 억울하다는 생각이 들어. 하지만 회사의 방침이 그렇다면 받아 들여야지 어쩌겠니, 힘들겠지만 이제 잊어 버리도록 노력해 보자.	N	2022-10-10 15:57:16	2022-11-08 06:13:14
BE22026617	5	0	받아들여야 한다는 건 알고 있지만 불합리 하다는 생각을 버릴 수가 없어요. 여태까지 애쓴 저의 노력이 모두 수포로 돌아갔거든요. 제 첫 직장 생활이 이렇게 상처만 받고 끝나게 되다니 무너지는 기분이에요.	N	2022-10-10 15:57:16	2022-10-10 15:57:16
BE22026617	6	1	무너지다니 그런 말은 하지 마라. 넌 아직 젊고 앞날이 창창한데 그런 표현은 어울리지 않아. 다니던 직장을 그만두는 사람들도 많잖아, 너도 이번 일에 큰 의미를 두지 않았으면 좋겠구나.	N	2022-10-10 15:57:16	2022-11-08 06:13:14
BE22026617	7	0	제 의지로 그만두는 것과 퇴사를 권유받는 건 다른 이야기에요. 왠지 무시당한 기분이고 저의 능력을 인정받지 못한 것 같아서 자존심도 상하네요. 살면서 전혀 예상하지 못했던 일이에요.	N	2022-10-10 15:57:16	2022-11-08 06:13:14
BE22026617	8	1	세상을 살다 보면 네가 생각하지도 못했던 일들도 많이 일어날 거야. 그럴 때마다 좌절하고 포기한다면 인생을 어떻게 살아갈 수 있겠니. 마음을 굳게 먹고 이 상황을 타파해 보자.	N	2022-10-10 15:57:16	2022-11-08 06:13:14
BE22026617	9	0	다른 회사에 들어간다고 해도 이번 일에 대한 충격과 트라우마 때문에. 일을 제대로 할 수 있을지 모르겠어요. 회사에 대한 믿음이 생기지 않을 것만 같아요.	N	2022-10-10 15:57:16	2022-11-08 06:13:14
BE22026617	10	1	아들아, 그런 약한 생각을 하기에는 지금의 네 나이가 너무 젊고 아깝지 않니. 너는 지금부터 다시 시작해도 무엇이든 할 수 있어, 억울하다고 생각하지 마라. 더 좋은 기회가 될 수도 있잖아, 이제 미련을 버리고 다른 좋은 회사를 찾아보자.	N	2022-10-10 15:57:16	2022-11-08 06:13:14
BE22026617	11	0	엄마의 위로와 조언을 들으니, 제가 너무 놀라서 감정적으로만 생각을 한 것 같아 부끄럽네요. 저도 저를 필요로 하지 않는 곳에서는 일을 할 생각이 없거든요. 새로운 곳에서 새롭게 다시 시작해 보고 싶어요.	N	2022-10-10 15:57:16	2022-10-10 15:57:16
BE22026617	12	1	이제야 우리 아들 같구나, 지나간 일은 모두 잊고 새로운 출발을 준비해 보렴. 좋은 회사를 찾을 수 있을 거야, 부족한 부분이 있다면 좀 더 노력을 하면 되지 않겠니. 네가 하지 못 할 일은 세상에 없다고 생각을 해봐, 기운이 날 거야.	N	2022-10-10 15:57:16	2022-11-08 06:13:14
BE22026617	13	0	오늘 저에게 따뜻한 위로를 해 주셔서 정말 감사드려요, 엄마 덕분에 잃어버렸던 자존감을 되찾게 되었어요. 지금부터 다시 용기를 내서 도전해 볼래요. 열심히 할게요 지켜봐 주세요!	N	2022-10-10 15:57:16	2022-10-10 15:57:16
BE22026617	14	1	네가 다시 용기를 내보겠다니 너무 대견해서 눈물이 나올 것 같구나. 엄마는 네가 어디에 있든 항상 행복하기만을 바랄 뿐 이야. 힘들 땐 언제라도 엄마를 찾아오렴, 사랑한다 우리 아들!	Y	2022-10-10 15:57:16	2022-11-08 06:13:14
