id	utterance_id	utterance_type	utterance_text	terminate	regDate	updDate
BE22021598	1	0	딸아, 내가 고민하고 고민하다가 너에게 털어놔 본다. 오늘 굉장히 상처받은 일이 있었는데, 이게 전부 내 잘못인지 판단을 받아보고 싶구나.	N	2022-09-26 07:29:02	2022-11-08 05:43:32
BE22021598	2	1	엄마 지금 친구분들하고 제주도 여행 중이시잖아요? 친구분들과 싸우시기라도 한 거예요?	N	2022-09-26 07:29:02	2022-09-26 07:29:02
BE22021598	3	0	우리끼리는 아주 즐겁게 잘 다니고 있어. 아침에 호텔 직원에게 크게 상처받았단다. 계란이 좀 설익게 나왔길래 익혀달라고 요청했더니, 그런 건 안 된다고 큰 소리로 면박을 주지 뭐니?	N	2022-09-26 07:29:02	2022-11-08 05:43:32
BE22021598	4	1	계란 좀 더 익히는 게 안 될 리가 있나요? 다른 사람들 앞에서 그런 일을 겪으면 저라도 상처받았겠어요.	N	2022-09-26 07:29:02	2022-09-26 07:29:02
BE22021598	5	0	내 말이 그 말이다. 안 그래도 뷔페 같은 건 잘 이용해 본 적이 없어서 조심스럽게 부탁한 건데. 다른 관광객들 다 쳐다볼 정도로 큰 소리로 말을 하니, 내가 어찌나 상처가 되던지.	N	2022-09-26 07:29:02	2022-09-26 07:29:02
BE22021598	6	1	얼마나 마음이 속상하셨겠어요. 그래도 남은 여행을 위해서, 기분 푸세요.	N	2022-09-26 07:29:02	2022-11-08 05:43:32
BE22021598	7	0	그래야 하는데 아침의 그 일이 종일 생각나는구나. 내가 나이가 많으니 나를 무시한 건가 싶어, 깊은 상처가 되고 마음이 울적하구나.	N	2022-09-26 07:29:02	2022-11-08 05:43:32
BE22021598	8	1	나이가 많든 적든 손님에게 그런 식으로 행동한 그 직원이 잘못된 거죠. 괜히 엄마 자신을 탓하지 않으셨으면 좋겠어요.	N	2022-09-26 07:29:02	2022-11-08 05:43:32
BE22021598	9	0	친구들도 그렇게 말하며 내 편을 들어주었단다. 호텔에다 항의한다고 하는데, 내가 마음이 편치 않아 그러지 말라고 했어.	N	2022-09-26 07:29:02	2022-11-08 05:43:32
BE22021598	10	1	그래도 사과받으시면, 상처가 조금이라도 덜해지지 않겠어요? 친구들 말씀대로 하시지 그러셨어요.	N	2022-09-26 07:29:02	2022-11-08 05:43:33
BE22021598	11	0	내가 잘못해서 생긴 일을 항의해서 뭐 하니? 사과받는대도 상처가 쉽사리 사라질 것 같진 않구나.	N	2022-09-26 07:29:02	2022-11-08 05:43:33
BE22021598	12	1	절대로 엄마 잘못이 아니에요. 자꾸 자책하는 엄마 모습을 보니 제 마음이 너무 아프네요.	N	2022-09-26 07:29:02	2022-11-08 05:43:33
BE22021598	13	0	아니다, 이게 다 내가 뷔페 이용법을 잘 몰라서 생긴 일인 걸. 괜히 여행을 왔나 싶고, 같이 온 친구들에게도 미안하구나.	N	2022-09-26 07:29:02	2022-11-08 05:43:33
BE22021598	14	1	엄마, 엄마가 충분히 상처를 받으셨을 거라는 건 이해해요. 하지만 누가 봐도 그 일은 직원 잘못이었으니, 자책은 하지 않으셨으면 해요. 무엇보다 이왕 친구분들과 놀러 가신 거, 기분 좋은 생각만 하고 즐겁게 지내다 오셔야죠.	N	2022-09-26 07:29:02	2022-11-08 05:43:33
BE22021598	15	0	그래, 내가 너무 심하게 자책을 한 것 같구나. 상처받은 것에만 집중해서, 이번 여행을 망칠 뻔했어. 네 말대로, 남은 시간은 친구들과 즐겁게 보낼 수 있도록 힘내 보마.	N	2022-09-26 07:29:02	2022-11-08 05:43:33
BE22021598	16	1	잘 생각하셨어요. 엄마. 상처받은 일은 모두 아름다운 제주 풍경에 날려버리고 오세요! 여행 끝나고 웃는 얼굴로 만나요.	Y	2022-09-26 07:29:02	2022-11-08 05:43:33
