id	utterance_id	utterance_type	utterance_text	terminate	regDate	updDate
BE22027684	1	0	아빠 저 정말 엄마한테 너무 상처받았어요. 힘들게 모은 제 월급을 엄마가 다 써버렸다고 하시네요.	N	2022-10-12 12:21:07	2022-10-12 12:21:07
BE22027684	2	1	엄마가 왜 그랬을까 아빠도 이렇게 당황스러운데 네가 많이 놀랐겠다. 그래도 너무 걱정하지 마. 엄마가 다 생각이 있지 않겠어.	N	2022-10-12 12:21:07	2022-11-08 06:19:37
BE22027684	3	0	엄마가 잘 관리하실 줄 알고 맡겼는데. 언니 결혼 비용으로 제 돈까지 다 줬다니 정말 너무 하세요. 제 마음은 생각도 안 하고 그런 게 제게 상처가 된다고 왜 생각 못 할까요.	N	2022-10-12 12:21:07	2022-11-08 06:19:38
BE22027684	4	1	내가 상처받고 많이 서운하겠지만 너무 원망하지 마. 언니와 너를 위해 엄마도 따로 준비하고 있는걸. 네가 걱정하지 않아도 될 만큼 네 월급 쓴 것도 다 적어뒀을 거야.	N	2022-10-12 12:21:07	2022-11-08 06:19:38
BE22027684	5	0	저와 의논이라고 했으며 제가 이런 마음이 들지 않을 거예요. 엄마는 항상 언니만 생각하고 위해줘서 자랄 때도 얼마나 상처받았는지 몰라요.	N	2022-10-12 12:21:07	2022-10-12 12:21:07
BE22027684	6	1	언니도 너도 엄마 아빠 딸인걸. 네가 차별받는다고 느꼈다면 너에 대한 사랑을 제대로 표현 못 했나 봐. 엄마 아빠는 정말 똑같이 사랑하니 그런 생각으로 마음 아파하지 말고 마음 풀었으면 좋겠어.	N	2022-10-12 12:21:07	2022-11-08 06:19:38
BE22027684	7	0	전 엄마에게 아무 존재도 아닌 것처럼 느껴져요. 아무리 제가 노력해도 엄마 마음에는 언니밖에 없나 봐요.	N	2022-10-12 12:21:07	2022-10-12 12:21:07
BE22027684	8	1	네가 서운해서 지금 이렇게 말하지만, 너도 엄마가 널 얼마나 아끼는지 잘 알잖아. 엄마 아빠는 네가 언니를 질투하는 것마저도 귀엽고 예쁘게만 보이는걸.	N	2022-10-12 12:21:07	2022-11-08 06:19:38
BE22027684	9	0	아빠랑 말해서 매번 제가 이렇게 부모님의 사랑을 확인받으려고 하나 봐요. 엄마한테 서운한 건 아빠가 모두 이렇게 채워주시니 얼마나 저에게 위로가 되는지 몰라요. 아빠한테 항상 정말 고마워요.	N	2022-10-12 12:21:07	2022-11-08 06:19:38
BE22027684	10	1	네가 투정을 부려도 가족을 얼마나 사랑하는지 아빠가 잘 알잖아. 잠시 마음이 서운하기도 하고 힘들 때도 있지만 가족 안에서 우리는 항상 잘 풀어내는걸.	N	2022-10-12 12:21:07	2022-11-08 06:19:38
BE22027684	11	0	제가 부모님의 사랑을 많이 받는 걸 알면서도 가끔 이렇게 질투가 나요. 이제 언니 시집가면 자주 못 만나는데 더 잘 해줘야겠어요.	N	2022-10-12 12:21:07	2022-10-12 12:21:07
BE22027684	12	1	자매만이 나누는 애틋하고 깊은 감정이 있잖아. 때론 의도하지 않게 비교도 당하고 서로 싸워도 둘도 없는 사이 아니겠어. 나이가 들면 더 서로의 존재가 소중해진단다.	N	2022-10-12 12:21:07	2022-11-08 06:19:38
BE22027684	13	0	제가 언니와 자꾸 스스로 비교해서 더 그런 생각이 든 거 같아요. 언니가 뭐든 잘하니 부러운 마음이 커서 더 사랑받고 싶은 마음이 생겨서 그래요.	N	2022-10-12 12:21:07	2022-10-12 12:21:07
BE22027684	14	1	엄마도 아빠도 넌 누구와 비교할 수 없는 아주 예쁘고 자랑스러운 딸이야. 그런 마음으로 널 낮추거나 슬퍼하지 않았으면 좋겠어.	N	2022-10-12 12:21:07	2022-11-08 06:19:38
BE22027684	15	0	저 스스로 자신감도 갖고 괜한 열등감에도 안 빠지도록 노력할게요. 아빠 정말 고마워요.	Y	2022-10-12 12:21:07	2022-11-08 06:19:38
