id	utterance_id	utterance_type	utterance_text	terminate	regDate	updDate
BE22028577	1	0	엄마, 제가 친해지고 싶은 친구가 저를 안 좋아해서 너무 상처예요. 저랑 친구로 지내고 싶지 않아 하는 친구를 보면 너무 괴롭고 상처를 받아요. 대체 왜 저를 싫어하는지 이해할 수 없어서 괴로워요.	N	2022-10-13 23:15:01	2022-10-13 23:15:01
BE22028577	2	1	우리 딸이 그런 상황이라니 얼마나 마음이 아프고 속상할지 상상하면 엄마도 참 슬프구나. 다른 사람에게 배척당하면 당연히 기분이 상하고 괴로워지지. 네가 상처를 받고 마음이 괴로운 것은 당연한 거야.	N	2022-10-13 23:15:01	2022-11-08 06:25:03
BE22028577	3	0	제가 친해지고 싶은 마음에 정말 잘 대해주었거든요. 선물도 주고 그 애를 위해 정말 친절히 굴었어요. 그런데도 저를 멀리하는 그 친구의 모습에 정말 상처를 크게 받아요.	N	2022-10-13 23:15:01	2022-11-08 06:25:03
BE22028577	4	1	친해지고 싶은 사람에게 그렇게 용기를 내어 다가갈 수 있다는 자체가 대단한 거야. 보통은 용기를 낼 수 없어서 속으로만 바라거든. 우리 딸이 당당하게 친해지고 싶은 친구에게 먼저 손을 내밀 수 있는 사람이라니 참 기특해.	N	2022-10-13 23:15:01	2022-10-13 23:15:01
BE22028577	5	0	그런데 저를 밀어내는 그 친구의 태도에 이젠 저도 위축이 되네요. 상처가 커서 다시는 누군가에게 먼저 손을 내밀기 어려울 것 같아요.	N	2022-10-13 23:15:01	2022-10-13 23:15:01
BE22028577	6	1	그 친구가 너를 받아주지 않았다고 해서 다른 친구들도 똑같을 거라고 예상할 수는 없어. 모든 사람들은 기준이 다른 법이니까. 우리 딸은 다른 친구들도 매우 많으니까 충분히 사랑스럽고 인기 있는 사람이란다.	N	2022-10-13 23:15:01	2022-11-08 06:25:03
BE22028577	7	0	물론 다른 친구들도 많이 있지만 저는 그 친구가 저를 거부한다는 데에서 상처를 받았어요. 특별히 싸운 것도 없고 이유가 없는데 왜 저를 싫어할까요?	N	2022-10-13 23:15:01	2022-10-13 23:15:01
BE22028577	8	1	다른 사람의 마음을 읽을 수는 없는 거니까 그저 놓아주는 수밖에는 없어. 다른 사람에게서 네가 원하는 마음만을 받아낼 수는 없는 거란다. 어쩌면 그 친구는 친해지는 데 굉장히 조심스럽고 시간이 많이 걸리는 타입일 수도 있어.	N	2022-10-13 23:15:01	2022-11-08 06:25:03
BE22028577	9	0	더욱 상처가 되었던 것은 다른 친구들과는 잘 지낸다는 거예요. 그 애는 다른 애들과는 잘 지내면서 저에게만 유독 냉정해요.	N	2022-10-13 23:15:01	2022-10-13 23:15:01
BE22028577	10	1	그 애가 일관성 있게 구는 것도 아니고 오로지 네게만 그러니까 네가 더 가슴이 아프겠구나. 그 애의 기준은 그 애만이 알겠지. 너는 그에 굴하지 말고 그저 씩씩하고 당당하게 생활해내면 되는 거라고 생각해.	N	2022-10-13 23:15:01	2022-11-08 06:25:03
BE22028577	11	0	엄마 말씀처럼 남의 마음을 제가 원하는 대로 바꿀 수는 없는 거니까 놓아주는 수밖에는 없겠지요. 속이 쓰리지만 억지로 저를 좋아해달라고 강요할 수는 없으니까요.	N	2022-10-13 23:15:01	2022-11-08 06:25:03
BE22028577	12	1	네가 그렇게 그 친구에게 시간을 충분히 주면 예기치 못하게 너에게 마음을 열 수도 있어. 너도 마음에 여유를 갖고 기다려보는 태도가 필요해.	N	2022-10-13 23:15:01	2022-11-08 06:25:03
BE22028577	13	0	역시 엄마는 현명하신 것 같아요. 제가 친해지고 싶은 마음이 강해서 어쩌면 너무 몰아세웠는지도 모르지요. 그 친구가 부담스럽지 않도록 한 발자국 뒤에서 기다려야겠어요.	N	2022-10-13 23:15:01	2022-11-08 06:25:03
BE22028577	14	1	내 딸이 정말 어른스럽고 속이 깊은 것 같아서 뿌듯하구나.	Y	2022-10-13 23:15:01	2022-10-13 23:15:01
