id	utterance_id	utterance_type	utterance_text	terminate	regDate	updDate
BE22026023	1	0	엄마, 요즘 동아리 활동을 자주 하면서 사람들과 친해졌거든요. 그런데 그 중 한 명이 사실 제 첫인상이 음침해 보였다면서 웃더라고요. 대충 얼버무리며 넘어갔지만 그 말이 제 마음에 정말 큰 상처로 남았어요.	N	2022-10-09 08:29:13	2022-10-09 08:29:13
BE22026023	2	1	남에게 그런 말을 하는 건 너무 무례한 행동인걸. 엄마였어도 기분이 상했을 거야, 네 마음이 많이 아팠겠구나.	N	2022-10-09 08:29:13	2022-11-08 06:09:44
BE22026023	3	0	제가 초면인 사람들과 낯을 많이 가리는 편이긴 한데, 그런 소리까지 들을 줄은 몰랐어요. 아무리 그래도 음침하다는 말은 정말 심했잖아요. 속상해서 그 말이 자꾸 머리에 맴돌더라고요.	N	2022-10-09 08:29:13	2022-10-09 08:29:13
BE22026023	4	1	네가 낯을 가리는 것일 뿐인데 그런 말을 들을 이유는 전혀 없는 거지. 너를 조금만 알아가도 전혀 네가 그렇지 않은 사람이란 걸 알게 되잖아. 멋대로 판단하고 함부로 말하는 사람들을 너무 마음에 담아 두지는 말자.	N	2022-10-09 08:29:13	2022-11-08 06:09:44
BE22026023	5	0	이게 다 제 성격이 소심한 탓에 그런 것 같아요. 늘 우물쭈물하며 말이 없는 제 자신이 오늘만큼은 너무 밉게 느껴졌어요.	N	2022-10-09 08:29:13	2022-10-09 08:29:13
BE22026023	6	1	아니야, 그 사람이 부적절한 언행을 한 거지 네게 무슨 잘못이 있겠어. 사람마다 다 성격이 다른 법이고, 너는 너 그대로도 괜찮은 거야. 그러니 자책하지 말고 그런 말들은 머리속에서 훌훌 털어내 버리렴.	N	2022-10-09 08:29:13	2022-11-08 06:09:44
BE22026023	7	0	그 말을 듣고 그 자리에서 무례하다고 지적했어야 했는데. 말 한 마디 못한 제가 한심하더라고요. 저 혼자만 속으로 상처받아 내내 기분이 좋지 않았어요.	N	2022-10-09 08:29:13	2022-10-09 08:29:13
BE22026023	8	1	갑작스러운 상황에 말이 안 나올 수도 있지, 괜찮아. 네가 마음이 여리고 착해서 그 순간에도 차마 남에게 쓴소리를 건네지 못한 걸 거야.	N	2022-10-09 08:29:13	2022-11-08 06:09:44
BE22026023	9	0	다른 사람들도 제 첫인상을 그렇게 생각했을까 봐 걱정이 돼요. 음침하다거나, 어둡다거나 그런 식으로 생각했다고 하면 마음에 씻을 수 없는 상처로 남을 것 같아요.	N	2022-10-09 08:29:13	2022-11-08 06:09:44
BE22026023	10	1	다른 사람들은 전혀 그렇게 생각하지 않을 뿐더러, 그렇게 널 상처 주는 말을 하지도 않을 거야. 너는 언제나 남에게 사려 깊고 다정한 성격이잖아. 그걸 알게 되는 사람들은 머지않아 네가 좋은 사람인 것을 알고 아껴줄 거란다.	N	2022-10-09 08:29:13	2022-11-08 06:09:44
BE22026023	11	0	통 기운이 나질 않고, 가면 갈수록 왠지 더 움츠러드는 것만 같아요. 또 그런 말을 들을까 봐 계속 사람들을 의식하게 돼요.	N	2022-10-09 08:29:13	2022-11-08 06:09:44
BE22026023	12	1	너를 아끼고 배려하는 사람들 말만 들어도 부족한 시간인걸. 너를 전혀 배려하지 않는 말들은 가볍게 넘겨버리고, 널 존중해주는 사람들에게 더 집중해보렴. 그러다 보면 어느새 불편했던 기분도 싹 날아가 있을 거야.	N	2022-10-09 08:29:13	2022-11-08 06:09:44
BE22026023	13	0	엄마 말씀이 맞아요. 상처받은 마음이 컸던 나머지 그 중요한 사실을 잊을 뻔했네요. 엄마 덕분에 나빴던 기분이 환기되어 마음이 괜찮아지는 것 같아요.	N	2022-10-09 08:29:13	2022-10-09 08:29:13
BE22026023	14	1	엄마도 네가 상처를 많이 받았을까 봐 걱정했는데, 기분이 나아졌다니 다행이야. 이럴 때만큼은 언제든 응석 부려도 괜찮으니, 속상한 얘기도 다 내게 털어놓으렴.	N	2022-10-09 08:29:13	2022-11-08 06:09:44
BE22026023	15	0	그 말씀만으로도 제게는 큰 힘이 돼요. 정말 감사합니다, 엄마.	Y	2022-10-09 08:29:13	2022-10-09 08:29:13
