id	utterance_id	utterance_type	utterance_text	terminate	regDate	updDate
BE22022882	1	0	엄마, 지금 이야기 가능해요? 저 어젯밤에 너무 상처받는 일이 있었어요.	N	2022-09-30 04:13:33	2022-09-30 04:13:33
BE22022882	2	1	우리 딸 마음이 아프다는데, 당연히 이야기 들어줘야지. 무슨 안 좋은 일 있었니?	N	2022-09-30 04:13:33	2022-09-30 04:13:33
BE22022882	3	0	어제 밤에 갑자기 친구한테 문자가 왔는데, 남자친구가 클럽에서 다른 여자랑 있다는 내용이었어요. 그래서 급하게 그 클럽을 가봤는데, 진짜 제 남자친구인 거예요. 너무 배신감이 들고, 마음이 찢어지는 것 같이 아팠어요.	N	2022-09-30 04:13:33	2022-11-08 05:51:08
BE22022882	4	1	우리 딸, 마음이 많이 아팠겠구나. 엄마도 그 얘기를 들으니 그 아이에게 배신당한 기분이 드는구나. 둘이 그동안 참 잘 지내왔는데.	N	2022-09-30 04:13:33	2022-11-08 05:51:08
BE22022882	5	0	제가 정말 많이 좋아하던 친구였고, 최선을 다해 사랑하던 친구였어요. 저에게도 예쁜 말만 해주던 친구였는데, 그런 식으로 뒤통수를 칠 줄은 몰랐어요. 아직도 충격이 심해요.	N	2022-09-30 04:13:33	2022-11-08 05:51:08
BE22022882	6	1	엄마도 사랑하던 사람에게 배신을 당한 뒤, 그 충격에 며칠을 괴로워 했어서 네 마음이 이해가는구나. 그래도 시간이 지나면 자연스럽게 나아질 거란다. 언젠가 괜찮아질 거야.	N	2022-09-30 04:13:33	2022-11-08 05:51:08
BE22022882	7	0	남자친구가 그 여자랑 춤추고 있던 모습이 아직도 잊혀지지 않아요. 남자친구한테 버려진 기분이 들고, 앞으로도 계속 괴로울 것만 같아요. 이 상처가 정말 언젠가 나을 수 있을까요?	N	2022-09-30 04:13:33	2022-09-30 04:13:33
BE22022882	8	1	엄마도 사람 때문에 힘든 일을 많이 겪었는데, 사람 때문에 받은 상처는 사람 덕분에 치유되더구나. 너는 예쁘고 사랑스러운 사람이니, 좋은 사람들을 만나면서 언젠가 상처를 치유할 수 있을 거야. 세상에는 너를 사랑해줄 사람이 정말 많단다.	N	2022-09-30 04:13:33	2022-11-08 05:51:08
BE22022882	9	0	언젠가 괜찮아질 거라고 생각해도, 지금 당장 너무 괴로워요. 제가 못난 사람이기 때문에 남자친구에게 버려진 것은 아닐까요?	N	2022-09-30 04:13:33	2022-11-08 05:51:08
BE22022882	10	1	네가 못난 게 아니라, 그 아이가 못난 것이란다. 버려졌다고 생각하지 말고, 못된 아이였다는 걸 이 기회에 알았다고 생각해보는건 어떠니? 어떻게 보면 더 좋은 사람을 만날 수 있는 기회가 생긴 거란다.	N	2022-09-30 04:13:33	2022-09-30 04:13:33
BE22022882	11	0	엄마 말이 맞네요. 그 애는 제가 아니라 누구를 만났어도 그렇게 행동했을 거예요. 그렇게 생각하니 기분이 조금 나아지는 것 같아요.	N	2022-09-30 04:13:33	2022-11-08 05:51:08
BE22022882	12	1	다행이구나. 당장 괜찮아질 수는 없겠지만, 시간이 흐르면서 우리 딸이 잘 이겨낼 수 있었으면 좋겠다. 그렇게 못된 아이 때문에 주저앉아 있기엔, 너는 너무 예쁜 사람이거든.	N	2022-09-30 04:13:33	2022-11-08 05:51:08
BE22022882	13	0	고마워요, 엄마. 이렇게 엄마랑 이야기하다 보니 상처를 이겨낼 힘이 조금씩 생겨나는 것 같아요. 저에게는 저를 무조건적으로 사랑해주는 엄마가 있었네요.	N	2022-09-30 04:13:33	2022-11-08 05:51:08
BE22022882	14	1	그럼, 엄마는 늘 네 편이란다. 그 남자애처럼 배신하지 않고 항상 너의 곁에 있어줄게. 또 상처받는 일이 생기거든 언제든지 말해주렴.	N	2022-09-30 04:13:33	2022-09-30 04:13:33
BE22022882	15	0	네, 저도 늘 엄마 편이에요. 엄마도 힘든 일 있으면 저한테 꼭 말씀해주셔야 해요. 항상 감사해요.	Y	2022-09-30 04:13:33	2022-09-30 04:13:33
