id	utterance_id	utterance_type	utterance_text	terminate	regDate	updDate
BE22027402	1	0	엄마, 최근 들어 나빠진 피부 탓에 만나는 사람마다 제 얼굴을 보며 지적하더라고요. 안 그래도 속상한데 남들한테 자꾸 그런 말을 들으니까 너무 상처받아요.	N	2022-10-12 05:09:00	2022-10-12 05:09:00
BE22027402	2	1	저런, 우리 딸이 얼마나 마음고생하고 있는지 알아서 더 안타까운 심정인걸. 그런 말을 계속 듣는다면 엄마라도 속상하고 신경이 쓰일 거야.	N	2022-10-12 05:09:00	2022-11-08 06:17:55
BE22027402	3	0	맞아요. 매일 거울을 보는 내가 누구보다 잘 아는데, 왜 그렇게 아는 티를 못 내서 안달일까요. 가볍게 말해도 전혀 저는 웃어넘길 수 없단 말이에요. 상처받은 티를 안 내려고 애써 아무렇지 않은 척하는 것도 힘든걸요.	N	2022-10-12 05:09:00	2022-11-08 06:17:55
BE22027402	4	1	애써 괜찮은 척 참아야 했을 너를 생각하니 너무 안쓰러워 엄마도 마음이 무겁구나. 네가 마음이 편치 않다면 그런 마음을 때로는 솔직히 표현해도 괜찮아. 언제나 꾹 참고 애써 괜찮은 척하지 않아도 돼.	N	2022-10-12 05:09:00	2022-11-08 06:17:55
BE22027402	5	0	하지만, 그렇게 하면 괜히 제가 속 좁은 사람이 되는 것 같아 마음에 걸려요. 왜 그렇게 과민하게 반응하냐고 되물으면 저도 할 말이 없는걸요.	N	2022-10-12 05:09:00	2022-11-08 06:17:55
BE22027402	6	1	전혀 네가 과민한 게 아닌걸, 지나친 지적은 당연히 마음 상하는 일이잖아. 누구라도 마음 상하고 기분 나빠할 일인데, 그것으로 네가 괜히 주눅 들지는 않았으면 좋겠어.	N	2022-10-12 05:09:00	2022-11-08 06:17:55
BE22027402	7	0	그런 지적을 들은 날에는 종일 얼굴만 신경 쓰게 돼요. 그렇게나 심한가, 보기에 안 좋은가 생각하며 결국에는 마음의 큰 상처로 남게 돼요.	N	2022-10-12 05:09:00	2022-11-08 06:17:55
BE22027402	8	1	너무 마음 쓰지 마, 금방 언제 그랬냐는 듯 나아질 거야. 가끔 몸이 이유 없이 몸이 아플 때가 있는 것처럼, 피부도 가끔 나빠질 때도 있는 법이잖아. 시간이 흐르면 괜찮아질 테니 그때까지 너무 걱정하고 있지는 말자.	N	2022-10-12 05:09:00	2022-11-08 06:17:55
BE22027402	9	0	하지만 제 얼굴이 창피한 마음에 사람들을 마주 보는 게 두려워질 정도예요. 자꾸만 숨고 싶고 밖에 나가는 게 싫어질 만큼 견디기가 힘든걸요.	N	2022-10-12 05:09:00	2022-11-08 06:17:55
BE22027402	10	1	지금은 네게 그 문제가 무엇보다 크고 괴롭게 느껴질 수도 있어. 하지만 이거 하나는 알아주렴, 너라는 사람을 알아가는 데에 외모는 그저 작은 일부일 뿐이야. 네 모습이 어떻든 너를 사랑하는 사람들이 곁에 있다는 걸 떠올리면 마음이 나을 거야.	N	2022-10-12 05:09:00	2022-11-08 06:17:55
BE22027402	11	0	엄마의 말씀이 지금 제게 무엇보다 큰 위안이 돼요. 상처받은 마음이 큰 나머지 외모에 지나치게 집착하고 있었나 봐요. 제 모습이 어떻든 절 좋아해 주는 사람들이 있다고 생각하면 마음이 놓이는 것 같아요.	N	2022-10-12 05:09:00	2022-11-08 06:17:55
BE22027402	12	1	다행이로구나. 엄마는 네가 어떤 모습이든, 무엇을 하든 있는 그대로 사랑한단다. 소중하고 귀한 내 딸이 너무 상처받고 힘들어하고 있지만은 않았으면 좋겠어.	N	2022-10-12 05:09:00	2022-11-08 06:17:56
BE22027402	13	0	절 이렇게 아껴주시는 엄마를 생각해서라도 기운을 내야겠다는 생각이 들어요. 제 마음을 이렇게 헤아려주셔서 감사할 따름이에요.	N	2022-10-12 05:09:00	2022-11-08 06:17:56
BE22027402	14	1	우리 딸이 힘들어하는데, 당연히 돕고 싶은 마음인걸. 언제든 속상한 일이 있다면 털어놓으렴. 엄마에게만큼은 마음껏 투정 부려도 괜찮아.	N	2022-10-12 05:09:00	2022-11-08 06:17:56
BE22027402	15	0	그 말씀만으로도 제게 큰 힘이 되네요. 감사합니다.	Y	2022-10-12 05:09:00	2022-10-12 05:09:00
