id	utterance_id	utterance_type	utterance_text	terminate	regDate	updDate
BE22025418	1	0	엄마, 주변 남자들이 가슴이 패인 옷을 입은 여자를 흘낏거리는 걸 볼 때마다 상처가 돼요.	N	2022-10-07 13:10:42	2022-10-07 13:10:42
BE22025418	2	1	다른 사람의 신체를 쳐다보는 건 좋은 예의는 아니기는 해. 특별히 마음 쓰이는 일이 있구나.	N	2022-10-07 13:10:42	2022-11-08 06:06:06
BE22025418	3	0	저는 가슴이 작잖아요. 그런 남자들을 보면 속물처럼 느껴지고 불쾌감도 들어요. 하지만 한편에서는 육체적 아름다움에 대한 이성에 대한 본성인가 싶기도 해요.	N	2022-10-07 13:10:42	2022-10-07 13:10:42
BE22025418	4	1	지금이 가장 외모와 이성에 관심이 많은 나이 때니 당연히 그런 마음이 들 수 있겠다. 그래도 너는 키도 크고 미인이라 인기가 좋잖아.	N	2022-10-07 13:10:42	2022-11-08 06:06:06
BE22025418	5	0	옷 입을 때마다 가장 신경 쓰이는 부분이기도 하고 가끔 속상하고 예민해지기도 해요. 가끔 동성 친구들이 놀리면 정말 화가 날 정도로 상처받기도 하고요.	N	2022-10-07 13:10:42	2022-10-07 13:10:42
BE22025418	6	1	신체를 놀리는 일은 무례한 일이니 누구라도 당연히 상처가 되지. 너는 내면도 외모도 아주 아름답게 조화를 갖춘 여성이야. 내 친구들은 나한테 어떻게 너같이 인성도 좋고 훤칠한 미인 딸을 두었냐고 부러워해.	N	2022-10-07 13:10:42	2022-11-08 06:06:06
BE22025418	7	0	저도 제가 그런 사람이라고 생각하며 자부심이 있어요. 그런데 막상 그런 남자들을 보면 제 남자친구도 다르지 않을 수 있다는 생각이 들어 의심스러워져요. 그런 제가 싫어서 울적해지기도 하고요.	N	2022-10-07 13:10:42	2022-10-07 13:10:42
BE22025418	8	1	사랑하는 사람에게 한없이 예쁘고 좋은 사람이 되고 싶은 마음은 자연스러운 일이니, 걱정될 수 있어. 그러나 너는 너이기 때문에 사랑받고 너로서 그를 사랑하는 거잖아. 어떤 점에서 관계가 시작되었는지 생각해 보렴.	N	2022-10-07 13:10:42	2022-11-08 06:06:06
BE22025418	9	0	사실 남자친구 외모가 눈에 띄어서 처음에는 부담스러워서 제가 피했어요. 하지만 그의 긍정적이고 예의 있는 태도가 좋았고 그는 제가 똑똑하고 사려 깊어서 좋았다고 했어요.	N	2022-10-07 13:10:42	2022-10-07 13:10:42
BE22025418	10	1	외모가 훌륭하다고 꼭 관계에 도움이 되는 건 아니구나. 오히려 대화나 행동에서 서로의 내적 매력을 확인하면서 가까워졌네. 나도 네 아빠가 키는 작지만 따뜻하고 책임감 있어서 결혼했지.	N	2022-10-07 13:10:42	2022-10-07 13:10:42
BE22025418	11	0	맞아요. 아빠는 보면 볼수록 따뜻하고 너그러운 분이죠. 그래도 엄마보다 키 작은 아빠가 창피하거나 싫지 않았어요?	N	2022-10-07 13:10:42	2022-10-07 13:10:42
BE22025418	12	1	아니, 지금은 키 큰 여자가 멋지단 소리를 듣지만, 그때는 오히려 키 큰 내가 창피했지. 유일하게 네 아빠가 키 큰 여자친구를 좋아하고 자랑스러워해 주었어.	N	2022-10-07 13:10:42	2022-10-07 13:10:42
BE22025418	13	0	약점이라고 생각한 걸 오히려 사랑하셨네요. 관계를 너무 좁고 편협하게 보면서 불안감에 스스로 상처를 낸 것 같아요. 엄마 이야기하고 나니 내가 왜 그랬는지 알게 되었어요.	N	2022-10-07 13:10:42	2022-11-08 06:06:06
BE22025418	14	1	상처는 감정과 생각을 여러 갈림길로 이끌어 혼란스럽지만 나쁜 경험은 아닐 거야. 그러면서 자기 생각과 중심이 더 단단해지기도 하니까. 너는 섬세한 감정도 있고 그걸 다루는 생각하는 힘도 있는 사람이야.	N	2022-10-07 13:10:42	2022-11-08 06:06:06
BE22025418	15	0	고마워요, 엄마. 나를 더 사랑하고, 나를 사랑하는 사람들을 더 믿을 거예요.	Y	2022-10-07 13:10:42	2022-11-08 06:06:06
