id	utterance_id	utterance_type	utterance_text	terminate	regDate	updDate
BE22027074	1	0	저 요즘 살이 너무 쪘나 봐요. 다이어트를 하고 있는데 왜 오히려 이렇게 살이 찐 건지 엄청난 충격과 상처를 받았어요. 이제 결혼식도 몇 달 안 남았는데 어떡하면 좋아요?	N	2022-10-11 12:49:36	2022-10-11 12:49:36
BE22027074	2	1	우리 딸, 아침부터 이런 문자를 보내오고 너무 상처를 받았나 보구나. 왜 오늘 드레스 보러 간다 더니 무슨 일이야? 엄마가 괜히 걱정이 되고 신경이 쓰이네.	N	2022-10-11 12:49:36	2022-11-08 06:15:57
BE22027074	3	0	웨딩드레스를 고르러 갔다 왔는데 전보다 살이 쪄서 맞는 드레스가 몇 개 없더라고요. 너무나 큰 충격과 마음의 상처를 받아서 순간 아무런 생각이 안 들었어요. 남자친구와 직원분이 애써 위로를 하는데 그게 더 상처고 자존심도 상하더라고요.	N	2022-10-11 12:49:36	2022-10-11 12:49:36
BE22027074	4	1	그런 마음의 상처를 받는 일이 있었구나, 우리 딸이 얼마나 속상했을까. 문자를 읽으면서 엄마도 이렇게 마음이 쓰이는데 네가 어떤 마음이었을지 너무나 이해가 돼. 가뜩이나 좀 예민해져 있을 시기라 더 그런 거 같아.	N	2022-10-11 12:49:36	2022-11-08 06:15:57
BE22027074	5	0	나름 다이어트를 한다고 노력하는데 이런 결과를 보게 돼서 더 상처를 받았나 봐요. 몇 달 안 남았는데 어떡하면 좋을지 의욕이 안 생겨요. 이런 저 자신이 너무나 한심스럽다는 생각도 들고 그러네요.	N	2022-10-11 12:49:36	2022-11-08 06:15:57
BE22027074	6	1	왜 안 그러겠니, 누구나 이런 상황에 처해있으면 그런 생각이 들 수밖에 없을 거야. 그렇다고 너의 잘못은 아니니까 스스로를 비난하면서 더 큰 상처를 받는 일은 없었으면 좋겠어. 좋게 생각하면 아직 시간은 많아, 그러니 조금 더 기운을 내서 최선을 다했으면 좋겠어.	N	2022-10-11 12:49:36	2022-11-08 06:15:57
BE22027074	7	0	저도 엄마의 말씀처럼 최대한 안 좋은 생각을 하려고 하는데 쉽지 않네요. 제가 이 상처를 입은 마음을 떨쳐내고 잘 극복할 수 있을지 모르겠어요. 자존감도 떨어진 상태라 자신감이 안 생기네요.	N	2022-10-11 12:49:36	2022-11-08 06:15:57
BE22027074	8	1	지금 당장은 너무 놀라고 상처를 입은 마음에 자신감이 안 생길 수 있어. 하지만 우리 딸은 그 누구보다 긍정적인 사람이고 강인한 내면의 힘을 가졌잖아. 엄마도 옆에서 많이 도와줄 테니 꼭 용기를 냈으면 좋겠구나.	N	2022-10-11 12:49:36	2022-11-08 06:15:57
BE22027074	9	0	제가 정말 그럴 수 있을까요? 남자친구도 옆에서 계속 달래주는데 이 마음의 상처가 생각보다 큰 거 같아요. 최대한 노력은 해 보겠지만 오늘 일이 계속 머릿속에 맴돌면서 너무 힘드네요.	N	2022-10-11 12:49:36	2022-10-11 12:49:36
BE22027074	10	1	힘든 와중에도 포기하지 않고 꿋꿋하게 노력하는 그 마음이 참 대견하구나. 항상 그런 굳은 의지만 잃지 않는다면 어떤 일이든 잘 이겨낼 거야. 오늘 일도 언제 그랬냐는 듯 웃으며 추억할 날이 올 거란다.	N	2022-10-11 12:49:36	2022-10-11 12:49:36
BE22027074	11	0	엄마의 따뜻한 말씀 덕분에 마음이 편안해졌고 생각이 많이 바뀌게 되는 계기가 되었어요. 상처를 받은 마음에 그런 노력조차 해 볼 생각도 못 했거든요. 저에게 이런 용기와 마음 든든한 말씀을 해주셔서 정말 감사해요.	N	2022-10-11 12:49:36	2022-10-11 12:49:36
BE22027074	12	1	고맙기는, 별말도 아닌데. 그저 우리 딸이 엄마의 말에 이렇게 기운 내는 모습을 보여주니 정말 다행이고 보람을 느껴. 꼭 금방 떨쳐내서 예전처럼 즐거운 마음으로 결혼 준비를 마무리할 수 있었으면 좋겠구나.	N	2022-10-11 12:49:36	2022-11-08 06:15:57
BE22027074	13	0	웨딩드레스를 고르러 갔다가 상처만 입고 돌아온 제가 답답한 마음에 엄마께 하소연을 했어요. 이런 저에게 오히려 응원과 격려의 말씀을 해주셔서 답답함이 많이 풀렸어요. 제가 힘들 때마다 엄마가 옆에 계셔서 얼마나 다행이고 안심이 되는지 몰라요.	N	2022-10-11 12:49:36	2022-10-11 12:49:36
BE22027074	14	1	언제든 위로받고 싶은 일이나 마음이 답답한 일이 생기면 엄마한테 이야기하렴. 모든 걸 혼자 이겨내려 애쓴다면 더 힘들고 마음만 아플 거 같아. 대화를 나누면서 마음의 짐도 덜어내고 위로를 받으면 이겨내기가 더 쉬워지잖니.	N	2022-10-11 12:49:36	2022-11-08 06:15:57
BE22027074	15	0	네, 엄마 정말 감사해요. 엄마의 모든 말들을 가슴속에 깊이 새겨두고 열심히 노력해 볼게요. 늘 엄마 덕분에 제가 잘 견뎌오며 지내올 수 있었어요.	Y	2022-10-11 12:49:36	2022-10-11 12:49:36
