id	utterance_id	utterance_type	utterance_text	terminate	regDate	updDate
BE22025832	1	0	엄마, 하루도 빼놓지 않고 술만 마시는 남편 때문에 속이 터질 것 같아요! 남편 때문에 온 집안 식구가 비상 상태에요! 대체 그이를 어찌해야 할지 머리가 지긋지긋하네요.	N	2022-10-08 17:33:39	2022-10-08 17:33:39
BE22025832	2	1	온 가족에게 걱정과 민폐를 끼치면서도 술에 집착하는 남편 때문에 네가 많이 답답하고 화나겠구나. 저번에 너희 남편이 사라져서 신고했다가 만취한 채 발견됐다고 들었다. 우리 딸이 정말 고생이 많아 안타깝구나.	N	2022-10-08 17:33:39	2022-11-08 06:08:34
BE22025832	3	0	원래도 술을 좋아하는 편이었지만, 작년에 퇴직한 뒤로는 매일 술을 달고 살아요. 건강이 염려가 돼서 아무리 말려고 귓등으로도 듣지 않으니, 저도 이제 진절머리가 나요!	N	2022-10-08 17:33:39	2022-10-08 17:33:39
BE22025832	4	1	네 맘도 이해하지만, 아무래도 네 남편에게는 퇴직이 큰 좌절이었나 보구나. 당장 계획이 없는 이에게 빈 시간은 자존감과 정체성을 흔드는 스트레스일 수 있어. 남편도 일부러 너를 무시하려는 것이 아니라, 현실을 도피에서 헤어 나올 수 없을 테지.	N	2022-10-08 17:33:39	2022-11-08 06:08:34
BE22025832	5	0	하지만 평소에는 말수가 적은 이이가 술에 취하기만 하면 넋두리와 타박을 반복하며 가족들을 괴롭혀요. 한 번 잡히면 했던 말을 하고 또 하는데 짜증이 나죠! 솔직히 이제 취한 모습만 봐도 남편이 미워요!	N	2022-10-08 17:33:39	2022-10-08 17:33:39
BE22025832	6	1	평소에는 부끄러워 못 했던 넋두리를 하고, 가족들에게서 소외되고 이해받지 못한다는 생각에 타박을 일삼는 모양이구나. 너무 화내지 말고, 못난 남편이 아니라, 지금껏 고생하고 뒤늦게 밀려오는 공허함에 힘겨워하는 남편으로 여겨주렴. 남편의 마음을 헤아리고 가엽게 여긴다면 너의 분노도 가라앉을 거야.	N	2022-10-08 17:33:39	2022-11-08 06:08:34
BE22025832	7	0	저만 힘들면 다행이겠지만 남편 본인에게도 심각한걸요. 지갑을 잃어버리거나 집안에 토를 하는 건 약과고, 아시다시피 툭하면 밖에서 정신을 잃은 채 쓰러져있죠. 돌아오지 않는 남편을 기다리며 새는 밤들에 저도 이제 지쳐 울화가 치밀어요.	N	2022-10-08 17:33:39	2022-10-08 17:33:39
BE22025832	8	1	술이란 것이 얼마나 사람의 심신을 망가뜨릴 수 있는지 알잖니. 이대로 남편을 외면하거나 화를 내도, 남편을 사랑하는 넌 후회하게 되겠지. 무작정 막기보다는 따뜻한 위로와 공감을 해준다면 남편도 마음의 문을 열고 너도 마음이 편해질 거야.	N	2022-10-08 17:33:39	2022-11-08 06:08:34
BE22025832	9	0	생각해 보면 저도 일이 바빠 남편의 우울에 많이 무신경했던 것 같아요. 제가 좀 더 그이에게 관심을 줬다면 이렇게까지 되지 않았을 텐데. 남편을 저 지경으로 몰아넣은 무심한 저 자신에게 화가 나요.	N	2022-10-08 17:33:39	2022-10-08 17:33:39
BE22025832	10	1	자책하지 말렴, 넌 지금까지 너의 최선을 다했잖니. 수십 년간 일과 육아를 병행하면서 남편 뒷바라지까지 불평 없이 해온 너는 정말 대단한 사람이야. 넌 너 자신을 지탱해온 것만으로도 충분히 잘 한 거야.	N	2022-10-08 17:33:39	2022-11-08 06:08:34
BE22025832	11	0	엄마 말씀이 옳아요, 이해할 수 없었던 남편의 이유를 조금 이해하니 화가 누그러져요. 앞으로 저 자신을 위해서라도 남편이나 스스로를 탓하지 않을게요. 미우나 고우나 가족인걸요.	N	2022-10-08 17:33:39	2022-10-08 17:33:39
BE22025832	12	1	우리 딸처럼 강한 사람이라면 사위를 용서할 수 있을 거라 믿었단다. 너라면 술보다 더 큰 사랑으로 방황하는 남편을 이끌어 줄 수 있을 거야.	N	2022-10-08 17:33:39	2022-11-08 06:08:34
BE22025832	13	0	고마워요, 엄마가 제 고민에 공감하고 격려해 주신 덕분에 저도 분노를 극복할 수 있었어요. 엄마가 아니었다면 지금쯤 남편에게 소리를 치며 서로 상처만 입었을 거예요.	N	2022-10-08 17:33:39	2022-10-08 17:33:39
BE22025832	14	1	아니야, 넌 스스로 감당할 수 없는 문제를 미련하게 홀로 감당하는 사람이 아니잖니. 분명 오늘 한 것처럼 믿을 수 있는 누군가에 도움을 받았을 거야. 그래도 오늘 내가 도움이 됐다면 기쁘구나.	Y	2022-10-08 17:33:39	2022-11-08 06:08:34
