id	utterance_id	utterance_type	utterance_text	terminate	regDate	updDate
BE22028385	1	0	아빠, 저는 참 잘하는 게 없는 사람인 것 같아요. 직장생활에 적응하기가 힘들뿐더러 저보다 일 잘하는 후배들을 보면서 열등감이 생길뿐더러 상처가 되네요.	N	2022-10-13 12:52:43	2022-11-08 06:23:54
BE22028385	2	1	무슨 일인데 그래 우리 아들. 잘하는 게 없다니 우리 집에서 최고로 좋은 학력과 직장을 가진 너인데. 그런 소리는 하지 마.	N	2022-10-13 12:52:43	2022-11-08 06:23:54
BE22028385	3	0	가족들은 사실 제가 좋은 직장에서 멋지게 활약하고 있다고 생각하겠지만 사실은 아니에요. 이곳에서 저는 존재감이 없는 사람 그 이상도 그 이하도 아니에요. 이곳에는 저보다 능력 좋고 일 잘하는 사람이 정말 많아서 비교가 되거든요.	N	2022-10-13 12:52:43	2022-10-13 12:52:43
BE22028385	4	1	그곳에 들어가기가 참 힘든데 얼마나 다재다능한 친구들이 모여있겠어. 그렇지만 너도 그곳에 당당하게 입사했다는 사실을 잊지 말렴. 우리 아들이 얼마나 멋지고 똑 부러지는 사람인데 왜 이렇게 위축되어 있어.	N	2022-10-13 12:52:43	2022-11-08 06:23:54
BE22028385	5	0	오늘 왜 이렇게 일 처리를 못하냐는 상사의 꾸중을 들었거든요. 저보고 어떻게 여기 들어왔냐는 말이 정말 상처가 됐어요. 심지어 모두가 보고 있는 곳에서 그런 말을 들으니 한없이 작아지는 것 같았어요.	N	2022-10-13 12:52:43	2022-10-13 12:52:43
BE22028385	6	1	저런, 그런 얘기를 들었다면 네가 충분히 속상할 만하겠어. 혼자 있는 것도 아니었는데 사람들 앞에서 얼마나 창피하고 속상했을까. 그렇지만 그런 일은 너뿐만이 아니라 다른 사람들한테까지 흔한 일이니 너무 속상해하지 말거라.	N	2022-10-13 12:52:43	2022-11-08 06:23:54
BE22028385	7	0	제가 혼나는 걸 보고 있던 게 이번에 들어온 후배들이었거든요. 그 후배들은 항상 칭찬을 듣고 일 처리가 빠르고 싹싹하다는 소리만 들어요. 열정을 가진 후배들이 부럽고 속상할 뿐이에요.	N	2022-10-13 12:52:43	2022-10-13 12:52:43
BE22028385	8	1	후배들이 가지고 있는 열정을 너도 가지고 있잖니. 그 순간의 나무람으로 인해 너의 열정과 끈기를 낮추지 말렴.	N	2022-10-13 12:52:43	2022-11-08 06:23:54
BE22028385	9	0	저는 저 나이 때 뭘 했나 싶고 저보다 일을 잘하고 열정을 가진 후배들이 부러워요. 상사에게서 비교를 당할 때면 끊임없이 자기혐오가 강해지면서 제 존재가 무의미해지는 기분이에요.	N	2022-10-13 12:52:43	2022-10-13 12:52:43
BE22028385	10	1	사람이라면 누구나 부족하거나 실수를 할 수 있지, 네가 못나서가 아니란다. 그리고 나이는 숫자에 불과한 거야. 언제 깨우치냐에 상관없이 네가 지금 정말 멋진 끈기를 가지고 있다는 게 중요한 거란다.	N	2022-10-13 12:52:43	2022-11-08 06:23:54
BE22028385	11	0	아빠가 그렇게 말씀해 주시니 응어리져 있던 마음이 편해지는 것 같아요. 오늘 하루 정말 힘들었는데 아빠의 말씀이 큰 위로가 되는 것 같아요.	N	2022-10-13 12:52:43	2022-10-13 12:52:43
BE22028385	12	1	금방 마음을 다잡는다는 게 쉬운 일은 아닌데. 역시 우리 아들은 회복력이 빠르다니까. 분명 회사에서 멋진 선배로서 활약할 수 있을 거야.	N	2022-10-13 12:52:43	2022-11-08 06:23:54
BE22028385	13	0	제가 멘탈을 잡을 수 있는 것도 모두 아빠 덕분이죠. 항상 제가 힘들 때마다 큰 힘이 되어주셔서 감사해요. 저 정말 열심히 일해서 아빠께 꼭 효도할게요.	N	2022-10-13 12:52:43	2022-10-13 12:52:43
BE22028385	14	1	네가 별 탈 없이 잘 지내는 게 효도하는 거야. 그러니까 앞으론 힘든 일이 있을 때마다 아빠에게 말해주렴.	Y	2022-10-13 12:52:43	2022-10-13 12:52:43
