id	utterance_id	utterance_type	utterance_text	terminate	regDate	updDate
BE22026935	1	0	엄마 세상 살기가 이렇게 만만치 않은 건지 몰랐어요. 부동산 돌아다니고 있는데 제 방 하나 얻기조차 너무 힘이 드네요.	N	2022-10-11 08:41:50	2022-10-11 08:41:50
BE22026935	2	1	엄마도 집 얻을 때 고생 많이 했던 것 같아. 엄마가 제대로 도와줄 수 있는 게 없는 것 같아 미안하구나.	N	2022-10-11 08:41:50	2022-11-08 06:15:07
BE22026935	3	0	전셋집을 구하고 있는데 제가 가진 보증금으로는 도저히 구할 수가 없네요. 제법 돈을 모았다고 생각했는데 스스로가 너무 불우하게 여겨지고 상처가 돼요.	N	2022-10-11 08:41:50	2022-10-11 08:41:50
BE22026935	4	1	어렸을 적부터 너를 풍족하게 키우지 못한 엄마가 많이 미안할 따름이구나. 힘겹게 노력했음에도 불구하고 상황을 극복해 내지 못했다고 생각이 드니 네가 마음에 상처를 크게 받았겠어. 너의 절망이 여기까지 와닿는 것 같아 엄마 마음이 너무 미어진다.	N	2022-10-11 08:41:50	2022-11-08 06:15:07
BE22026935	5	0	제가 가지고 있는 금액을 확인하시며 혀를 차는 중개인들이 태도에 더 상처를 받는 것 같아요. 자꾸 의기소침해지고 더 집을 찾아보러 다닐 기운이 안 나요.	N	2022-10-11 08:41:50	2022-10-11 08:41:50
BE22026935	6	1	나를 무시하는듯한 시선으로부터 상처 안 받고 마음이 자유로울 사람은 누구도 없을 거야. 네가 모진 수모를 겪는 것 같아 걱정이 앞선다. 너무 어려서부터 마음의 상처를 안게 하는 것 같아 미안해.	N	2022-10-11 08:41:50	2022-11-08 06:15:07
BE22026935	7	0	엄마에게까지 괜한 걱정을 끼쳐드린 것 같아 제 마음이 더 불편해지는 것 같아요. 스스로 잘 살아내고 싶었는데 정말 세상이 모진 것 같아요.	N	2022-10-11 08:41:50	2022-10-11 08:41:50
BE22026935	8	1	학비도 네 손으로 벌면서 엄마에게 염려 끼치지 않으려고 노력해왔던 장한 아들이란 걸 잘 안단다. 그런 너에게 엄마가 늘 감사하고 고맙게 생각하니 염려 끼친다 생각하지 않았으면 좋겠다. 엄마가 물질적으로 도와줄 순 없지만 심적으로나마 의지가 되어주고 싶구나.	N	2022-10-11 08:41:50	2022-11-08 06:15:07
BE22026935	9	0	낳아주신 부모님을 원망해 본 적은 단 한 번도 없어요. 다만 스스로 자립해 내지 못한 제가 원망스럽고 부족하게 느껴져 상처가 될 뿐이죠.	N	2022-10-11 08:41:50	2022-10-11 08:41:50
BE22026935	10	1	너는 이미 충분히 스스로 모든 걸 잘 버텨내고 이겨내왔단다. 그러니 스스로를 불우하다 여기고 상처받지 않았으면 좋겠구나. 지금처럼 노력하다 보면 분명 마음도 꽃피울 날이 오게 될 테니 낙담만 하지 말자.	N	2022-10-11 08:41:50	2022-11-08 06:15:07
BE22026935	11	0	제가 너무 상황에 대해 비관만 했던 것 같아요. 엄마 덕분에 제가 얼마나 열심히 살았는지 다시금 깨달아서 용기가 생겼어요. 제 마음을 위로하고 응원해 주셔서 감사합니다.	N	2022-10-11 08:41:50	2022-11-08 06:15:07
BE22026935	12	1	엄마가 해줄 수 있는 게 이거라도 있어서 다행이라고 생각한단다. 많이 부족한 어미인데 마음 건강한 아들로 자라주어서 너무나도 고맙구나.	N	2022-10-11 08:41:50	2022-11-08 06:15:07
BE22026935	13	0	저를 이 세상에 태어나게 해 주셔서 감사해요. 앞으로 더 힘차게 살아서 엄마 호강시켜드릴 수 있도록 노력할게요.	N	2022-10-11 08:41:50	2022-10-11 08:41:50
BE22026935	14	1	나는 네가 너 혼자 잘 살아내는 것만으로도 충분히 만족해. 그러니 내 염려는 말고 상황에 주눅 들지 말고 힘차고 밝게 살아가렴. 늘 응원한다 내 아들!	Y	2022-10-11 08:41:50	2022-11-08 06:15:07
