id	utterance_id	utterance_type	utterance_text	terminate	regDate	updDate
BE22028762	1	0	할머니, 저 마음이 너무 아파요. 애인이 헤어지면서 저에게 너무 상처를 받는 심한 말을 했어요.	N	2022-10-14 04:53:27	2022-10-14 04:53:27
BE22028762	2	1	우리 손녀, 남자친구와 이별하다니 마음이 너무 아팠겠는걸. 무슨 말을 들었길래 그러니.	N	2022-10-14 04:53:27	2022-11-08 06:26:09
BE22028762	3	0	저보고 사연 있는 여자인 척하지 말라고 했어요. 사랑하는 사람에게 그러게 상처 되는 말을 들으니 가슴이 찢어지는 것 같았어요.	N	2022-10-14 04:53:27	2022-11-08 06:26:09
BE22028762	4	1	왜 그런 말을 했을까, 우리 손녀 속상했겠다. 헤어지더라도 예의를 지켰어야 하는데, 우리 손녀의 마음을 아프게 했네, 할머니도 마음이 안 좋다.	N	2022-10-14 04:53:27	2022-11-08 06:26:09
BE22028762	5	0	제가 불쌍한 것처럼 행동하는 게 너무 싫었대요, 저는 그렇게 행동한 적이 없는데 말이에요. 그 말이 너무 충격적이고 마음에 큰 상처를 남겨서 아직도 심장이 두근거려요.	N	2022-10-14 04:53:27	2022-11-08 06:26:09
BE22028762	6	1	남자친구도 헤어지면서 홧김에 그런 말을 했나 보다. 이별에도 예의라는 게 있는 건데 그렇지 못했던 게 너무 안타깝고 슬프네.	N	2022-10-14 04:53:27	2022-11-08 06:26:09
BE22028762	7	0	그 말을 들으니 제 자신을 돌아보게 되더라고요. 남들에게도 제가 불쌍한 척을 하는 것처럼 보였을까, 제 자신을 자책하게 되었어요.	N	2022-10-14 04:53:27	2022-11-08 06:26:09
BE22028762	8	1	우리 손녀가 너무 그 말에 상처받지 않았으면 좋겠어. 가끔 착한 사람들에게 악의적으로 상처를 주려는 사람들이 있는 것 같아. 우리 손녀는 너무 착하고 따뜻한 사람이야, 그 말에 신경 쓰지 마.	N	2022-10-14 04:53:27	2022-11-08 06:26:09
BE22028762	9	0	그렇게 말씀해 주셔서 감사해요 할머니. 상처 주는 말을 한 사람이 잘못된 거라는 걸 알면서도 제 자신을 자책하게 되는 게 힘들었거든요.	N	2022-10-14 04:53:27	2022-11-08 06:26:09
BE22028762	10	1	상처를 주는 사람은 어쩔 수 없지만, 그 상처를 어떻게 받아들이냐는 너의 몫이지. 현명하게 잘 극복할 수 있을 거라고 믿는다.	N	2022-10-14 04:53:27	2022-11-08 06:26:09
BE22028762	11	0	시간이 지나면 괜찮아질 거예요, 그리고 제 자신을 탓하지 않으려고 해요. 할머니의 현명한 조언이 저에게 큰 힘이 되었어요.	N	2022-10-14 04:53:27	2022-11-08 06:26:09
BE22028762	12	1	도움이 되었다니 다행이구나. 우리 딸 분명 앞으로 더 좋은 사람들이 인생에 가득할 거야.	N	2022-10-14 04:53:27	2022-11-08 06:26:09
BE22028762	13	0	저도 최대한 긍정적으로 생각하려고요.	N	2022-10-14 04:53:27	2022-10-14 04:53:27
BE22028762	14	1	그래, 잘 쉬고 또 연락하렴.	Y	2022-10-14 04:53:27	2022-10-14 04:53:27
