id	utterance_id	utterance_type	utterance_text	terminate	regDate	updDate
BE22027862	1	0	엄마, 저 남편을 상대로 이혼 소송을 하려고 해요. 작년부터 그 사람에게 다른 사람이 있다는 걸 알게 되었어요. 아이들을 보며 참으려고도 했지만 이게 너무 저한테 큰 상처이고 더는 괴로움을 견디기가 어려워요.	N	2022-10-13 00:12:51	2022-10-13 00:12:51
BE22027862	2	1	우리 딸이 그런 줄도 모르고 있었네. 그동안 혼자서 얼마나 마음고생이 심했니. 더 말할 것도 없이 엄마는 네 선택을 믿고 지지하니 마음 가는 대로 했으면 좋겠구나.	N	2022-10-13 00:12:51	2022-11-08 06:20:42
BE22027862	3	0	남편의 외도 사실을 알았던 게 작년이잖아요. 그동안 일상생활을 하면서도 너무 힘들었어요. 내가 다 아는데 아무렇지 않게 지내는 게 너무 괴롭더라고요.	N	2022-10-13 00:12:51	2022-10-13 00:12:51
BE22027862	4	1	네 말을 들으니까 엄마도 마음이 찢어지는 것 같아. 그렇게 괴로운 일을 어떻게 혼자 감당하려고 했어. 지금이라도 짐을 다 챙겨서 엄마 집으로 오렴.	N	2022-10-13 00:12:51	2022-11-08 06:20:42
BE22027862	5	0	제 마음도 힘들었지만 이 과정에서 괴로워할 아이들과 엄마가 신경이 쓰였어요. 결혼이라는 게 결코 혼자만의 문제가 아니니까요. 우리에겐 아이도 있으니 참자 싶기도 했지만 이제는 안 되겠어요.	N	2022-10-13 00:12:51	2022-11-08 06:20:42
BE22027862	6	1	혼인도 결국에는 자기 행복을 위한 선택이지 않을까? 이 세상에서 너 자신보다 소중한 건 없단다. 인생의 중요한 결정을 다른 사람의 눈치를 보며 할 필요는 없어.	N	2022-10-13 00:12:51	2022-11-08 06:20:42
BE22027862	7	0	저도 좀 더 이기적으로 생각하려고도 했지만 잘되지 않더라고요. 이혼 생각을 할 때마다 식구들의 얼굴이 하나둘 떠오르기도 했고요. 하지만 이제는 괴롭고 싶지 않아요.	N	2022-10-13 00:12:51	2022-11-08 06:20:42
BE22027862	8	1	엄마가 인생을 살아보니까 참 사는 게 별거 없을 때도 있더라고. 결국에는 하루하루 좋아하는 사람과 마음 편하게 사는 게 최고지. 너는 아직 젊으니 언제든 새로운 출발을 할 수 있어.	N	2022-10-13 00:12:51	2022-11-08 06:20:42
BE22027862	9	0	저를 사랑해줄 사람이 다시 나타나기는 할까요. 저는 이제 누군가를 만나는 게 두렵고 괴로워요. 지난 상처가 너무 크게 자리 잡은 것 같아서요.	N	2022-10-13 00:12:51	2022-10-13 00:12:51
BE22027862	10	1	엄마는 내 딸이기 전에 한 사람으로서 너를 존경할 때도 있어. 늘 솔선수범하고 자기 일에 열심이잖아. 자기 자신에게 좀 자신감을 가졌으면 해.	N	2022-10-13 00:12:51	2022-11-08 06:20:42
BE22027862	11	0	맞아요. 제가 그동안 너무 자존감이 낮아졌던 것 같아요. 아직 창창할 나이인데 이혼이 무슨 대수라고요. 이제는 제 인생을 살아야겠어요, 고마워요, 엄마.	N	2022-10-13 00:12:51	2022-11-08 06:20:42
BE22027862	12	1	우리 딸이 기운을 차린 것 같아서 엄마도 너무 기쁘고 좋다. 네가 힘들 때면 늘 엄마가 곁에 있을 거니 아무것도 두려워하지 말렴. 늘 응원하고 사랑을 줄게.	N	2022-10-13 00:12:51	2022-11-08 06:20:42
BE22027862	13	0	엄마에게 털어놓길 잘한 것 같아요. 늘 제 선택을 응원하고 지지해 주셔서 감사해요. 엄마가 있어서 참 다행이에요.	N	2022-10-13 00:12:51	2022-11-08 06:20:42
BE22027862	14	1	엄마도 우리 딸이 있어서 얼마나 든든한지 몰라. 늘 사랑하고 사랑한단다. 오늘도 좋은 하루 보내렴.	Y	2022-10-13 00:12:51	2022-11-08 06:20:42
