id	utterance_id	utterance_type	utterance_text	terminate	regDate	updDate
BE22026768	1	0	저는 무슨 일만 시작하면 하기도 전에 겁을 먹어요. 회사에서 하루가 멀다 하고 깨지기 일쑤여서 너무 괴롭고 상처만 남았어요. 출근하는 게 너무 싫어요.	N	2022-10-11 05:06:54	2022-10-11 05:06:54
BE22026768	2	1	안 그래도 네가 요즘 표정이 좋지 않아서 물어볼 참이었어. 그런 일이 매일 생기다니 참 괴로운 마음이었겠구나. 그 회사에 출근하게 되었다고 좋아했던 게 엊그제 같은데 말이야.	N	2022-10-11 05:06:54	2022-11-08 06:14:07
BE22026768	3	0	그땐 정말 기뻤는데 말이에요. 그 날부터 지옥이 시작이고 매일이 상처에요. 하는 것마다 한번에 해내지 못하고 다시 시작하기 일쑤에요.	N	2022-10-11 05:06:54	2022-10-11 05:06:54
BE22026768	4	1	매일 네 기대와는 다르게 그런 좌절만 겪다 보니 상처 받고 괴로울 네가 참 안쓰럽구나. 하지만 결국엔 해내고야 만다는 생각을 하면 낫지 않을까?	N	2022-10-11 05:06:54	2022-11-08 06:14:07
BE22026768	5	0	하지만 이젠 뭔가 저에게 주어지는 게 두려워요. 결과 보다는 과정이 너무 고통스럽고 안 좋은 소리를 듣는 게 저에게 상처만 남기는 걸요.	N	2022-10-11 05:06:54	2022-10-11 05:06:54
BE22026768	6	1	네가 그런 상처투성이로 매일 출근했을 걸 생각하니 엄마 마음도 너무 아프구나. 네가 얼마나 그 회사에 기대를 하고 있었는지 엄마도 잘 알고 있는 걸. 네가 그럼에도 출근을 한다는 게 가슴 아프면서도 대견한 마음이 드는구나.	N	2022-10-11 05:06:54	2022-11-08 06:14:08
BE22026768	7	0	저의 일이 시작되는 게 너무 겁이 나기까지 해서 더는 못하겠어요. 손이 떨리고 일 하는 순간에도 괴로운 마음과 쓴 소리를 참아가며 견디는 제가 너무 한심해요. 제 마음이 어느새 상처로 뒤덮인 것 같아요.	N	2022-10-11 05:06:54	2022-10-11 05:06:54
BE22026768	8	1	이렇게 자신감 없어 하는 널 보니 너의 상처가 꽤 크다는 생각이 드는구나. 그래도 뭐든 주어지면 책임감이 강해서 끝까지 해내는 너였잖아.	N	2022-10-11 05:06:54	2022-11-08 06:14:08
BE22026768	9	0	그렇기 때문에 여기까지 온 것 같아요. 참지 못하면 앞으로 어디서든 무엇이든 못할 거라고 생각하며 버텼지만 이젠 한계에 다다른 것 같아요. 제 자신이 무너지기 직전이에요.	N	2022-10-11 05:06:54	2022-10-11 05:06:54
BE22026768	10	1	무슨 일이건 한 번에 성공하는 법은 없는 거잖아. 넘어지기도 하고 다치기도 하면서 다시 일어나며 다른 걸 해낼 힘을 얻는 게 삶이란 거란다. 엄마는 네가 그런 좌절에 개의치 않고 한 순간이라는 걸 잊지 말았으면 해.	N	2022-10-11 05:06:54	2022-11-08 06:14:08
BE22026768	11	0	엄마 말씀대로 저는 그 과정에 있는 거 같기도 해요. 저를 쓰러뜨리고 상처 입히려고 작정한 것 같은 느낌이 들었어요. 생각해 보니 이런 순간을 이때껏 참으며 매번 견딜 힘이 있었어요.	N	2022-10-11 05:06:54	2022-11-08 06:14:08
BE22026768	12	1	엄마는 네가 처음에 견딘 그 순간처럼 지금도 너는 성장하는 중이라는 걸 믿어. 너 스스로가 책임감이 강하고 뭐든 해내는 아이라는 걸 엄마도 다 아는 사실인 걸.	N	2022-10-11 05:06:54	2022-11-08 06:14:08
BE22026768	13	0	그렇게 말씀해 주시니 정말 힘이 돼요. 몇 번 쓰러지더라도 결과는 항상 해내고야 만다는 걸 잊지 말아야겠어요. 과정이 괴로워도 책임감으로 참아낼래요.	N	2022-10-11 05:06:54	2022-11-08 06:14:08
BE22026768	14	1	역시 이래야 내 아들이지. 엄마는 이런 네가 너무 자랑스럽고 항상 너를 응원하고 있을 거야. 오늘도 힘 내자 아들.	N	2022-10-11 05:06:54	2022-11-08 06:14:08
BE22026768	15	0	항상 감사해요 엄마. 오늘도 열심히 해낼게요.	Y	2022-10-11 05:06:54	2022-10-11 05:06:54
