id	utterance_id	utterance_type	utterance_text	terminate	regDate	updDate
BE22021091	1	0	엄마, 저 오늘 친구랑 크게 싸웠어요. 근데 친구의 말이 머릿속을 떠나지 않아요.	N	2022-09-23 16:15:57	2022-11-08 05:40:36
BE22021091	2	1	우리 아들이 친구한테 큰 상처를 받았나 보구나. 친구랑 만난다고 신나서 나가더니 무슨 일로 싸운 거니?	N	2022-09-23 16:15:57	2022-11-08 05:40:36
BE22021091	3	0	저는 어떤 일을 할 때 저한테 좋지 않다고 판단되면 바로 포기해요. 그런데 제 친구가 저의 그런 점을 끈기 없다면서 비난하는 거 있죠?	N	2022-09-23 16:15:57	2022-11-08 05:40:36
BE22021091	4	1	너의 마음을 몰라주고 못된 말을 하는 친구한테 상처받았구나. 너랑 가장 친한 친구인 거로 알고 있는데 그 친구와 사이가 안 좋아지기라도 했니?	N	2022-09-23 16:15:57	2022-11-08 05:40:36
BE22021091	5	0	제가 생각하기에는 그런 일은 없었는데 일이 왜 이렇게 된 건지 정말 모르겠어요. 저도 나름 많이 고민하고 포기하는 건데 잘 알지도 못하면서 저한테 그러는 친구 때문에 너무 상처에요.	N	2022-09-23 16:15:57	2022-11-08 05:40:36
BE22021091	6	1	너도 많이 고민하고 생각하면서 포기한 일을 친구가 비난하니까 서운했을 거야. 네 마음 충분히 이해가 간단다. 너의 노력의 가치를 그 친구가 헛되다고 표현하는 것 같아서 그런 거지?	N	2022-09-23 16:15:57	2022-11-08 05:40:36
BE22021091	7	0	네, 맞아요. 저도 쉽게 포기하는 거 아니거든요. 저도 정말 아깝지만 이건 좋지 않은 일이니까 간신히 끊어낸 건데 그걸 끈기 없다고 해버리니까 그거에 너무 상처받았어요.	N	2022-09-23 16:15:57	2022-11-08 05:40:36
BE22021091	8	1	상처받은 데다가 너의 가치도 떨어트리는 말 때문에 네가 얼마나 힘들었을지 생각하니 엄마가 너무 속상하구나. 엄마는 네가 얼마나 노력하면서 살아왔는지 다 안단다.	N	2022-09-23 16:15:57	2022-11-08 05:40:36
BE22021091	9	0	여태껏 열심히 살아온 제 인생을 전부 부정당한 것 같아요. 저의 제일 친한 친구인데도 이렇게 저를 몰라주니까 너무 절망적이에요.	N	2022-09-23 16:15:57	2022-09-23 16:15:57
BE22021091	10	1	네가 고생했던 날들 엄마가 다 알아. 그 순간 상처받았을 우리 아들을 엄마가 꼭 안아주고 싶구나.	N	2022-09-23 16:15:57	2022-11-08 05:40:36
BE22021091	11	0	엄마가 저를 이해해주시니까 제 마음이 좀 가벼워진 것 같아요. 저 많이 상처받고 힘들었는데 엄마 덕분에 좋아졌어요.	N	2022-09-23 16:15:57	2022-09-23 16:15:57
BE22021091	12	1	네 마음이 편안해졌다니까 엄마도 너무 안심된다. 우리 아들이 해온 모든 일들을 엄마는 다 알고 있으니까 다른 사람의 말에 너무 흔들리지 않았으면 좋겠구나.	N	2022-09-23 16:15:57	2022-11-08 05:40:36
BE22021091	13	0	엄마 말대로 저 다시 일어서볼게요. 엄마가 저를 알아주신다는 게 저한테 정말 큰 힘이 돼요.	N	2022-09-23 16:15:57	2022-11-08 05:40:36
BE22021091	14	1	엄마가 조금이라도 우리 아들한테 도움이 되었다니까 아주 기쁘다. 얼른 집에 와서 엄마랑 같이 밥 먹자.	N	2022-09-23 16:15:57	2022-11-08 05:40:36
BE22021091	15	0	엄마는 저한테 항상 잘해주시는걸요. 저 얼른 집에 갈 테니까 집에서 봬요!	Y	2022-09-23 16:15:57	2022-11-08 05:40:36
