id	utterance_id	utterance_type	utterance_text	terminate	regDate	updDate
BE22026004	1	0	엄마, 이번에 여자친구 소개 해드리기로 했는데 못해드릴것 같아요. 혹시 헤어질수도 있는 상황이라서요. 최근 너무 상처받는 일이 있었어요.	N	2022-10-09 07:49:09	2022-10-09 07:49:09
BE22026004	2	1	무슨 일 이길래 이렇게 위축이 되어 있는 거니? 엄마에게 편하게 얘기해봐. 엄마도 걱정이 되네.	N	2022-10-09 07:49:09	2022-11-08 06:09:38
BE22026004	3	0	이번에 여자친구 생일이라 친구들과 함께 술자리를 가졌어요. 그런데, 나이 차이가 꽤 있다 보니 대화에도 못 끼고, 신조어는 알아 들을 수도 없었어요. 이런 제 모습을 보고 여자친구의 친구들이 비웃듯 계속 웃어서 너무 상처를 받았어요.	N	2022-10-09 07:49:09	2022-11-08 06:09:38
BE22026004	4	1	참 소외감이 들었겠구나. 엄마였어도 그런 상황에서는 주눅이 들것 같아. 네가 얼마나 상처 받았을지 예상이가서 나도 속상하네.	N	2022-10-09 07:49:09	2022-11-08 06:09:38
BE22026004	5	0	더 상처인 건, 여자친구가 전혀 제 편을 들어주지 않은 거예요. 친구들과 함께 저를 보며 웃더라고요. 저는 수치심 마저 들어서 더 큰 상처가 됐어요.	N	2022-10-09 07:49:09	2022-11-08 06:09:38
BE22026004	6	1	여자친구도 분위기에 의해서 장난을 친것 뿐일거야. 너에게 상처를 주려고 그런건 아닐테니 너무 속상해 하지 말길 바라. 요즘은 나이차이가 나는 커플도 꽤 많으니 주눅들필요 전혀 없다고 생각이 드는걸.	N	2022-10-09 07:49:09	2022-11-08 06:09:38
BE22026004	7	0	그렇지만, 사실 속으로도 제가 나이가 더 많은것에 대해 자격지심을 느끼고 있었거든요. 그런 생각을 갖고 있었는데, 치부가 들춰진것 같아서 더 상처가 됐어요. 쓸쓸하고 고립된 느낌도 들었고요.	N	2022-10-09 07:49:09	2022-10-09 07:49:09
BE22026004	8	1	나이가 많다고 해서, 네가 부족할 게 하나도 없는걸. 지금까지 넌 정말 성실하고 책임감있게 살아왔잖아. 그리고 그 누가 뭐라해도 엄마는 항상 너의 편이야.	N	2022-10-09 07:49:09	2022-11-08 06:09:38
BE22026004	9	0	더 속상하고 상처인건, 나중에 여자친구에게 서운하다고 이야기를 했더니 저보고 구식 이래요. 장난인데, 받아들이지 못한다고 소심하다고도 했어요. 그래서 싸우고 지금까지 연락을 서로 안 하고 있는 상태에요.	N	2022-10-09 07:49:09	2022-11-08 06:09:38
BE22026004	10	1	그런 얘기를 듣는다면 너의 마음을 이해해주지 못하는것 같아서 더 속상했겠다. 엄마는 어떤 상황에서도 너의 마음을 이해해. 어떤 선택을 내리든지 네가 현명한 판단을 내릴 거라 믿어.	N	2022-10-09 07:49:09	2022-11-08 06:09:38
BE22026004	11	0	엄마가 이렇게 위로해주니 마음이 좀 편해지네요. 혼자라는 생각이 너무 크게 들었거든요. 엄마랑 이야기하니 속상함이 가라앉았어요.	N	2022-10-09 07:49:09	2022-10-09 07:49:09
BE22026004	12	1	그렇다면 참 다행이다. 네가 많이 속상한것 같아서 엄마도 신경이 쓰였거든. 다른 사람들의 의견으로 좌우되지 말고 기운냈으면 해.	N	2022-10-09 07:49:09	2022-11-08 06:09:38
BE22026004	13	0	네 엄마 덕분에 기운이 나요. 여자친구와 나이차이가 많이 날뿐, 제가 못난건 없다고 생각해요. 저 좀 더 자신감을 가질게요.	N	2022-10-09 07:49:09	2022-10-09 07:49:09
BE22026004	14	1	그래 잘 생각했다. 조만간 집에 오면 더 많은 이야기 하자. 오늘도 기운내고 힘내.	Y	2022-10-09 07:49:09	2022-11-08 06:09:38
