id	utterance_id	utterance_type	utterance_text	terminate	regDate	updDate
BE22018540	1	0	엄마, 오늘 제 딸한테 너무 상처되는 말을 들었어요. 마음이 아파서 어떻게 해야 할지 모르겠어요.	N	2022-09-16 08:42:49	2022-09-16 08:42:49
BE22018540	2	1	무슨 일이야 딸아. 이 밤에 나 깜짝 놀랐다. 엄마한테 다 털어놔 엄마가 들어줄게.	N	2022-09-16 08:42:49	2022-11-08 05:22:02
BE22018540	3	0	요즘에 빨래를 하는데 하루에 수건이 열 장씩 나오는 거예요. 딸아이가 샤워 한번 하면 수건을 세 장씩 쓴다는 걸 알고 있어서 적당히 쓰라고 했거든요. 그랬더니 한다는 말이 빨래는 세탁기가 하고 엄마가 하는 게 뭐가 있냐고 간섭하지 말라고 하네요.	N	2022-09-16 08:42:49	2022-09-16 08:42:49
BE22018540	4	1	엄마 가슴을 아주 찢어놓는 소리를 했으니 네가 얼마나 속이 상하니. 듣는 나도 이렇게 마음이 아픈데 말이야. 나라도 그런 소리를 들었으면 억장이 무너지는 것만 같았을 거야.	N	2022-09-16 08:42:49	2022-11-08 05:22:02
BE22018540	5	0	전 제 인생을 정말 딸을 위해서 살아간다고 생각했는데 제 인생의 목적이 사라진 것만 같아요. 자꾸 아까 생각이 나서 눈물이 나요 엄마.	N	2022-09-16 08:42:49	2022-09-16 08:42:49
BE22018540	6	1	집안일 하는 게 참 고되고 힘든 일인 걸 엄마는 알아. 엄마로서 아내로써 네가 정말 노력하고 있는데 그걸 딸아이가 알아주지 않으니 마음에 큰 상처를 받았겠지. 그 노력을 무시당한 것 같아 네 기분이 정말 참담하기도 할 것 같구나.	N	2022-09-16 08:42:49	2022-11-08 05:22:02
BE22018540	7	0	제가 대체 왜 딸한테 그런 말을 들어야 하는지 모르겠어요. 제가 잘못한 거라고는 너무 잘해준 죄밖에 없는 것 같은데 말이에요. 오늘 제 딸이 제 마음에 큰 못을 하나 박았네요.	N	2022-09-16 08:42:49	2022-11-08 05:22:02
BE22018540	8	1	네 마음이 얼마나 아플지 충분히 이해하지만 그저 철 없이 한 소리라고 생각해 보는 건 어떨까. 손녀도 분명히 지금쯤 후회하고 있을 거야 자존심 때문에 엄마한테 사과는 못하고 말이야. 마음이 아파 울적하게 있을 우리 딸을 생각하니 옆에 있다면 꽉 안아주고 싶구나.	N	2022-09-16 08:42:49	2022-11-08 05:22:02
BE22018540	9	0	그렇게 말하고 나서는 방문을 어찌나 세게 닫던지 제 귀가 다 먹먹하더라니까요. 제가 너무 오냐오냐 키웠나봐요 엄마.	N	2022-09-16 08:42:49	2022-11-08 05:22:02
BE22018540	10	1	사랑하는 자식에게 해줄 수 있는 거라면 다 해주고 싶은 게 원래 부모의 마음인 거야. 네 잘못이 어디 있겠니 그저 사랑한 죄뿐이지. 자책하지 말아라, 너처럼 좋은 엄마가 어딨다고 그래.	N	2022-09-16 08:42:49	2022-11-08 05:22:02
BE22018540	11	0	지금 제 딸이 그런 말을 해놓고 제가 이렇게 상처를 받았음에도 제 마음은 딸 생각뿐이에요. 괜히 밥 먹는 도중에 그런 소리를 해서 딸이 밥도 못 먹고 방에 들어가 있거든요. 참 한없이 밉다가도 너무 미안하기도 하네요.	N	2022-09-16 08:42:49	2022-09-16 08:42:49
BE22018540	12	1	밥은 챙겨 먹어야 할 텐데, 잠은 잘 자야 할 텐데 이게 다 엄마의 마음이잖아. 이런 상황에서도 딸 먼저 생각하는 네 마음이 안쓰러우면서도 참 기특하구나. 엄마는 너 키울 때 너처럼 그렇게 넓은 마음을 갖지 못했던 것 같은데 네가 존경스러워지는걸.	N	2022-09-16 08:42:49	2022-11-08 05:22:02
BE22018540	13	0	엄마도 저 키울 때 큰소리 한번 내신 적 없으시잖아요. 제가 다 엄마한테 배운 게 아니겠어요. 엄마랑 대화를 하다 보니 딸한테 먼저 화해의 손을 내밀어야겠다는 생각이 들어요.	N	2022-09-16 08:42:49	2022-11-08 05:22:02
BE22018540	14	1	그래 좋은 생각이야. 손녀랑은 항상 그렇게 친구처럼 화도 내고 사과도 하고 그렇게 지내면 되는 거야. 화풀이할 일 있으면 엄마한테 와서 해 엄마가 다 들어줄게.	N	2022-09-16 08:42:49	2022-11-08 05:22:02
BE22018540	15	0	감사해요 엄마. 엄마 덕분에 마음이 한결 나아졌어요.	N	2022-09-16 08:42:49	2022-11-08 05:22:03
BE22018540	16	1	손녀랑 얘기하면서 상처 받은 네 맘이 치유가 됐으면 좋겠구나. 내가 너한테 위로 받을 때가 있는 것처럼 말이야.	Y	2022-09-16 08:42:49	2022-11-08 05:22:03
