id	utterance_id	utterance_type	utterance_text	terminate	regDate	updDate
BE22027420	1	0	남편을 오해할 일이 생겼어요. 저에게 거짓말을 한 것 같은데 어떻게 해야 될 지 모르겠어요.	N	2022-10-12 05:35:15	2022-11-08 06:18:02
BE22027420	2	1	무슨 일이 있었던 거니?	N	2022-10-12 05:35:15	2022-10-12 05:35:15
BE22027420	3	0	남편이 요즘 일이 바빠 야근을 해야 한다며 한 달 가까이 집에 늦게 오고 있어요. 그런데 친구가 어제 저녁에 집 근처 헬스장에서 본 것 같다고 연락이 왔어요. 너무 충격이에요.	N	2022-10-12 05:35:15	2022-11-08 06:18:02
BE22027420	4	1	저런. 목소리가 축 쳐져서 걱정했는데 그런 일이 있었 다니 네가 충격이 컸겠구나. 상처 받았을까 걱정이 돼.	N	2022-10-12 05:35:15	2022-11-08 06:18:02
BE22027420	5	0	어떻게 상처를 받지 않을 수가 있겠어요. 믿기지가 않아요. 저에게 정말 거짓말을 한 걸까요?	N	2022-10-12 05:35:15	2022-10-12 05:35:15
BE22027420	6	1	사실이라면 정말 큰 상처로 남겠지. 나 같아도 믿기지 않을 것 같아. 그 친구는 남편을 본 게 확실 하대?	N	2022-10-12 05:35:15	2022-11-08 06:18:02
BE22027420	7	0	확실한지는 모르겠다고 했어요. 멀리서 봤는데 남편 같다고 하더라고요. 들으면서도 정말 내 남편이 맞는 건지 믿기지가 않았어요.	N	2022-10-12 05:35:15	2022-11-08 06:18:02
BE22027420	8	1	그런 얘기를 듣고 네가 얼마나 충격을 받고 놀랐을까. 하지만 그 친구가 본 게 확실한 게 아니라면 잘못 봤을 가능성도 충분히 있지 않을까? 너 역시도 네 남편이 거짓말을 했다는 게 믿기지 않는다고 얘기를 하고 있잖아.	N	2022-10-12 05:35:15	2022-11-08 06:18:02
BE22027420	9	0	맞아요. 결혼 전부터 지금까지 남편만큼 착실하고 정직한 사람을 본 적이 없어요. 그래서 거짓말을 했다는 게 너무 큰 충격으로 다가온 것 같아요.	N	2022-10-12 05:35:15	2022-10-12 05:35:15
BE22027420	10	1	내가 보기엔 너는 네 남편이 그럴 사람이 아니라는 걸 잘 알고 있는 것 같아. 우선 그 친구가 본 게 확실하지 않으니 남편에게 직접적으로 물어보는 건 어때? 부부사이에 신뢰만큼 중요한 건 없다고 생각해.	N	2022-10-12 05:35:15	2022-11-08 06:18:02
BE22027420	11	0	엄마 말씀처럼 그럴 사람이 전혀 아닌데 물어봤을 때 거짓말 한 게 사실일까 봐 두려워요. 이 일로 신뢰가 깨지면 어쩌나 걱정도 됐고요.	N	2022-10-12 05:35:15	2022-11-08 06:18:02
BE22027420	12	1	당연히 두려울 수 있지. 네 마음 이해해. 하지만 네가 이미 남편에게 두터운 신뢰를 가지고 있다는 사실이 중요한 것 같아.	N	2022-10-12 05:35:15	2022-11-08 06:18:02
BE22027420	13	0	그렇죠? 친구가 본 것도 정확하지 않고, 저는 남편에게 확인도 하지 않았잖아요. 마냥 사실인 것처럼 단정 지을 수는 없는 것 같아요. 저는 제 남편을 믿어요.	N	2022-10-12 05:35:15	2022-11-08 06:18:02
BE22027420	14	1	그래. 당사자에게 확인하는 과정이 걱정되고 두려울 수 있지만 용기를 내 보자. 너는 잘 극복할 수 있을 거야.	N	2022-10-12 05:35:15	2022-11-08 06:18:02
BE22027420	15	0	네. 저 남편과 차분히 잘 얘기하고 다시 연락 드릴 게요. 너무 걱정 마세요.	Y	2022-10-12 05:35:15	2022-11-08 06:18:02
