id	utterance_id	utterance_type	utterance_text	terminate	regDate	updDate
BE22027061	1	0	엄마 결혼 준비가 이렇게 힘든 건지 이제야 알았어요. 원래 이렇게 힘든 거 맞아요?	N	2022-10-11 12:18:35	2022-10-11 12:18:35
BE22027061	2	1	우리 딸 뭐가 잘 안 풀리니? 결혼은 아무래도 여러 이해관계가 얽혀 있고 큰 행사이다 보니 준비 과정이 힘들긴 하단다.	N	2022-10-11 12:18:35	2022-11-08 06:15:52
BE22027061	3	0	저도 예상은 했었지만 이 정도로 제가 상처받고 힘들 줄 몰랐어요. 사랑하는 사람만 있으면 행복할 줄 알았는데 결혼 준비 이후로 사소한 다툼이 잦아서 상처받게 돼요.	N	2022-10-11 12:18:35	2022-10-11 12:18:35
BE22027061	4	1	엄마도 우리 딸이 행복만 했으면 좋겠는데 힘들어하는 모습을 보니 마음이 안 좋구나. 엄마에게는 뭐든 다 털어놔도 되니까 눈치 보지 말고 말해도 돼. 엄마가 다 들어줄게.	N	2022-10-11 12:18:35	2022-11-08 06:15:52
BE22027061	5	0	사실 저도 엄마가 걱정하실까 봐 저 혼자서 버티려고 했는데 많이 힘들더라고요. 결혼 준비하는 모든 과정에서 예비 남편하고 취향도 너무 다르고 가치관도 다르다는 걸 알았어요. 지금도 이렇게 많이 싸우는 게 큰 상처가 되는데 결혼 이후의 삶이 잘 안 그려져요.	N	2022-10-11 12:18:35	2022-10-11 12:18:35
BE22027061	6	1	맞아. 엄마도 결혼 준비하면서 그런 생각을 많이 했었기 때문에 네 심정 다 이해돼. 사소한 거로 다툼이 발생하고 안 그래도 신경 쓸 게 많은데 감정이 상해있으니까 더 힘들 거야.	N	2022-10-11 12:18:35	2022-11-08 06:15:52
BE22027061	7	0	네. 저는 한 번뿐인 결혼에 조금 더 투자하고 욕심내서 진행하고 싶은데 예비 남편 생각은 다르거든요. 결혼식에 의의를 두지 말고 현실적인 삶에 집중해서 비용을 줄여야 된다고 생각하는데 전 너무 서운해요. 가볍게 결혼에 대해 이야기할 때는 행복하게 해줄 거라고 말하던 사람이 갑자기 변한 것만 같아요.	N	2022-10-11 12:18:35	2022-10-11 12:18:35
BE22027061	8	1	여자라면 누구나 결혼에 대한 로망이 있다는 걸 엄마도 잘 알아서 네 마음이 이해가 돼. 그런데 이 서방이 널 사랑하는 마음이 변한 건 아닌 게 너랑 다툰 날 전화 왔더라고. 네가 기분이 안 좋을 걸 걱정하면서 잘 부탁드린다고 하는데 널 많이 사랑하는 게 느껴졌단다.	N	2022-10-11 12:18:35	2022-11-08 06:15:52
BE22027061	9	0	정말요? 엄마에게까지 전화한 줄은 몰랐어요. 정말 엄마가 보시기에는 예비 남편이 절 많이 사랑하는 거 같아요?	N	2022-10-11 12:18:35	2022-10-11 12:18:35
BE22027061	10	1	그럼 당연하지. 전화해서 엄마에게 너 힘들게 해서 죄송하다고 하고 말하면서 잘 추수를 수 있게 도와달라고 했어. 어른에게 먼저 그렇게 말할 용기가 안 났을 텐데 널 정말 많이 사랑하고 걱정해 주더라. 서로 사랑하면 가치관 차이는 서서히 맞춰갈 수 있을 거니까 큰 걱정은 하지 않아도 돼.	N	2022-10-11 12:18:35	2022-11-08 06:15:52
BE22027061	11	0	엄마 말씀이 맞아요. 생각해 보면 어른들께 용기 내서 전화하기 힘들었을 거 같은데 절 많이 사랑하는 게 느껴져요. 엄마의 위로 덕분에 저도 더 이상 상처받고 의심하지 않을 거 같아요! 감사해요 엄마.	N	2022-10-11 12:18:35	2022-11-08 06:15:52
BE22027061	12	1	다행이다 우리 딸. 안 그래도 많이 지치고 힘들 텐데 좋은 생각만 하면서 잘 준비하렴. 엄마도 언제든지 우리 딸 도와줄 거고!	N	2022-10-11 12:18:35	2022-11-08 06:15:52
BE22027061	13	0	엄마가 계셔서 언제나 든든해요. 오늘도 저 위로해 주시고 항상 제 편인 엄마께 너무 감사해요.	N	2022-10-11 12:18:35	2022-11-08 06:15:52
BE22027061	14	1	엄마도 네가 착하게 잘 자라주어서 감사해. 앞으로도 건강하고 행복하게 지내자 우리 딸.	N	2022-10-11 12:18:35	2022-11-08 06:15:52
BE22027061	15	0	네! 항상 사랑합니다 엄마.	Y	2022-10-11 12:18:35	2022-10-11 12:18:35
