id	utterance_id	utterance_type	utterance_text	terminate	regDate	updDate
BE22017960	1	0	엄마 오늘 회사에서 너무 충격적인 말을 들었어요. 손이 벌벌 떨리고 심장이 계속 두근거려서 아무 일도 못하겠어요. 살면서 이런 모욕적인 말은 처음이에요, 너무 수치스럽고 억울해요.	N	2022-09-13 07:40:00	2022-11-08 05:18:34
BE22017960	2	1	무슨 잘못을 했길래 그런 말을 들었니, 좀 진정하고 마음을 가라앉혀 보렴. 그렇게 흥분하면 이성적으로 대처할 수 없단다, 혹시 실수라도 할까봐 걱정스럽구나.	N	2022-09-13 07:40:00	2022-11-08 05:18:34
BE22017960	3	0	잘못해서 혼났다면 이렇게까지 서럽지는 않을 거예요. 제가 아버지 아들이라는 걸 알고는 인생을 너무 쉽게 살지 말라며 빈정대더라구요. 잘 알지도 못하면서 저에 대해서 그렇게 말하다니 정말 큰 상처를 받았어요.	N	2022-09-13 07:40:00	2022-11-08 05:18:34
BE22017960	4	1	너처럼 자존감 높은 아이가 그런 말을 들었을 때 어떤 기분이었을까 생각하니 엄마도 정말 가슴이 아프다. 얼마나 자존심이 상했겠니, 하지만 회사 대표의 아들이라 자기들보다 쉽게 입사했다고 오해할 수도 있는 상황이기도 하잖아. 서로 입장이 달라서 생긴 일이니 너무 언짢게 생각하지는 않았으면 좋겠다.	N	2022-09-13 07:40:00	2022-11-08 05:18:34
BE22017960	5	0	제가 그동안 얼마나 열심히 살았는지 아무것도 모르면서 그런 모욕적인 말을 아무렇지도 않게 하더라구요. 너무 당황스러워서 아무런 대꾸도 하지 못한 게 후회스러워요.	N	2022-09-13 07:40:00	2022-11-08 05:18:34
BE22017960	6	1	함께 맞서서 다투지 않은 건 정말 잘한 일 이야, 잘 참았구나 대견하다. 네 자신이 얼마나 최선을 다해 살았는지 굳이 말로 표현할 필요는 없을 것 같아. 스스로 떳떳하게 살았다고 생각한다면 일단 그걸로 된 거야, 다른 사람들도 천천히 알게 될 테니 염려하지 마라.	N	2022-09-13 07:40:00	2022-11-08 05:18:34
BE22017960	7	0	입시 때도 그렇고 대학교를 다닐 때도 누구보다 많이 노력했다고 자신 있게 말할 수 있어요. 하지만 앞으로도 제 인생을 송두리째 폄하하는 사람들과 계속 함께 일을 해야 하는 게 두렵기까지 해요.	N	2022-09-13 07:40:00	2022-11-08 05:18:34
BE22017960	8	1	두렵다니 절대 우리 아들과 어울리지 않는 말이구나, 인생을 살다보면 이보다 더 억울한 일도 많이 있을 거야. 꿋꿋하게 열심히 살다보면 너의 가치를 알아줄 날이 있을거야 절대 움츠러들지 마라.	N	2022-09-13 07:40:00	2022-11-08 05:18:34
BE22017960	9	0	엄마 말씀을 듣고 나니 제가 만약 그 사람들 입장이었으면 같은 생각을 할 수도 있었겠다는 생각도 드네요. 아직 저에 대해서 잘 모르는 게 당연한데, 혼자 너무 흥분했던 게 부끄러워요.	N	2022-09-13 07:40:00	2022-11-08 05:18:34
BE22017960	10	1	엄마는 네가 사람들의 편견에 휘둘리지 말고 너의 길을 갔으면 좋겠어. 남들이 생각 없이 던지는 말에 하나하나 상처받다보면 스스로 위축되어서 아무것도 할 수없을거야. 악의적인 감정이 섞인 말들은 걸러낼 줄도 알아야 해.	N	2022-09-13 07:40:00	2022-11-08 05:18:34
BE22017960	11	0	역시 엄마와 상의하기를 잘했어요, 앞으로 어떻게 살아야 할지 이제 좀 알것 같아요. 굳게 마음먹고 실력으로 승부를 볼래요, 제가 얼마나 대단한 사람인지 보여줘야겠어요.	N	2022-09-13 07:40:00	2022-11-08 05:18:34
BE22017960	12	1	이제야 예전의 너로 돌아온 것 같아서 엄마도 안심이 된다. 자신감 넘치는 모습을 보니 기특하구나. 오늘의 이 기분을 절대 잊지 말고 나태해질 때마다 되새겼으면 좋겠어.	N	2022-09-13 07:40:00	2022-11-08 05:18:34
BE22017960	13	0	엄마, 항상 저에게 따뜻한 위로와 사랑의 말씀을 해주셔서 정말 감사드려요. 멋지게 살아갈 수 있다는 희망과 용기를 얻었어요. 계속 지켜봐 주세요, 자랑스러운 아들이 될게요 사랑합니다!	N	2022-09-13 07:40:00	2022-11-08 05:18:34
BE22017960	14	1	이렇게 멋진 사람이 내 아들이라니 엄마는 세상에 부러울 게 없구나. 앞으로도 여태까지 해왔던 것처럼 힘차게 정진하길 바란다, 온 맘을 다해 응원하마, 힘내자!	Y	2022-09-13 07:40:00	2022-11-08 05:18:34
