id	utterance_id	utterance_type	utterance_text	terminate	regDate	updDate
BE22025826	1	0	할머니. 저 너무 속상한 일이 있었어요.	N	2022-10-08 16:44:03	2022-10-08 16:44:03
BE22025826	2	1	왜? 우리 손녀에게 무슨 일이 있었던 거니?	N	2022-10-08 16:44:03	2022-10-08 16:44:03
BE22025826	3	0	동생이랑 제가 같이 저지른 실수를 가지고 부모님한테 저만 혼났어요. 차별을 당하는 것 같아서 그게 너무 마음의 상처로 다가왔어요.	N	2022-10-08 16:44:03	2022-10-08 16:44:03
BE22025826	4	1	그런 일이 있었구나. 같이 저지른 일에 혼자만 다 혼나게 되면 당연히 서운하고 속상할 수밖에 없지. 우리 손녀가 마음 아파하니까 할머니도 마음이 안 좋네.	N	2022-10-08 16:44:03	2022-11-08 06:08:32
BE22025826	5	0	네. 예전부터 이런 일이 있으면 항상 부모님은 저만 혼내셨어요. 동생만 사랑하시고 저는 사랑하지 않으시는 것 같아서 마음의 상처를 입었어요.	N	2022-10-08 16:44:03	2022-10-08 16:44:03
BE22025826	6	1	부모님이 너를 사랑하지 않아서 그런 건 절대 아닐 거야. 동생이 좀 더 나이가 어리니까 크게 혼을 내기 어려워서 그러신 게 아닐까? 그렇게 생각하면 조금 너의 마음이 나아지지 않겠니?	N	2022-10-08 16:44:03	2022-11-08 06:08:32
BE22025826	7	0	하지만 저는 이미 그 과거의 경험으로 인해 부모님 앞에서는 항상 주눅이 들고 자신감도 사라졌어요. 이런 제가 싫어서 너무 속상하고 마음이 아파요.	N	2022-10-08 16:44:03	2022-10-08 16:44:03
BE22025826	8	1	너는 다른 사람들을 잘 배려하고 이해해주는 사람이잖아. 다른 사람을 생각하는 만큼 너 스스로를 더 잘 생각해서 너를 아껴줄 수 있을 거야. 넌 반드시 그런 사람이 될 거니까 너무 속상해 하지 마.	N	2022-10-08 16:44:03	2022-11-08 06:08:32
BE22025826	9	0	정말 그럴까요? 사실 이런 사소한 일을 가지고도 이렇게 상처를 받는데 영원히 여기서 벗어나지 못할까 무서워요. 걱정이 되어요.	N	2022-10-08 16:44:03	2022-10-08 16:44:03
BE22025826	10	1	이렇게 할머니에게 상황을 털어놓는 것 만으로도 상황을 해결하기 위한 첫 발걸음을 뗀 거라고 생각해. 너는 반드시 상처를 이겨낼 수 있을 테니까 너무 걱정하지 마.	N	2022-10-08 16:44:03	2022-11-08 06:08:32
BE22025826	11	0	그렇게 말해주셔서 너무 감사해요, 할머니. 할머니 덕분에 기분이 좀 나아진 것 같아요.	N	2022-10-08 16:44:03	2022-10-08 16:44:03
BE22025826	12	1	그렇다니 너무 다행이다. 앞으로도 고민 있으면 또 연락해.	N	2022-10-08 16:44:03	2022-11-08 06:08:32
BE22025826	13	0	네. 이렇게 얘기 들어주시는 것도 힘든 일일 것 같은데 들어주셔서 너무 감사해요.	N	2022-10-08 16:44:03	2022-10-08 16:44:03
BE22025826	14	1	우리 손녀에게 행복을 줄 수 있다면 할머니는 충분히 행복해. 항상 네 편이라는 거 잊지 마.	N	2022-10-08 16:44:03	2022-11-08 06:08:32
BE22025826	15	0	네. 정말 감사해요, 할머니.	Y	2022-10-08 16:44:03	2022-10-08 16:44:03
