id	utterance_id	utterance_type	utterance_text	terminate	regDate	updDate
BE22000518	1	0	엄마, 나 오늘 개명 신청하고 왔어요.	N	2022-06-13 04:21:27	2022-11-08 03:27:38
BE22000518	2	1	드디어 신청을 했구나. 잘했어.	N	2022-06-13 04:21:27	2022-11-08 03:27:38
BE22000518	3	0	고민을 많이 했는데 주위에서 놀림을 많이 받으니 어쩔 수 없었어요.	N	2022-06-13 04:21:27	2022-11-08 03:27:38
BE22000518	4	1	이름의 의미는 정말 좋아서 아쉽기는 하네. 그래도 네가 선택한 거니까 난 존중한다.	N	2022-06-13 04:21:27	2022-11-08 03:27:38
BE22000518	5	0	나도 내 이름이 나쁘지는 않았는데 사람들이 이름 갖고 자꾸 놀리니까 상처를 많이 받았어요. 이름만이 아니라 나까지도 이상한 애가 되어가는 것만 같더라고요.	N	2022-06-13 04:21:27	2022-11-08 03:27:38
BE22000518	6	1	항상 밝게 지내는 아이어서 네가 그렇게까지 상처를 받았었는지는 미처 몰랐구나. 우리 딸이 그동안 얼마나 힘들었을까 생각하니 엄마가 정말 미안해.	N	2022-06-13 04:21:27	2022-11-08 03:27:38
BE22000518	7	0	엄마가 미안해 하실 일은 아니죠. 할아버지가 지어주신 이름이잖아요. 그런데 개명을 하고 나면 저의 상처 받은 마음이 조금 괜찮아 질까요?	N	2022-06-13 04:21:27	2022-11-08 03:27:38
BE22000518	8	1	하루 아침에 모든 사람이 너의 바뀐 이름으로 불러주지는 않겠지만 그래도 서서히 옛 이름은 잊혀질 거야. 그러다 보면 너의 상처도 조금씩 치유되고 잊혀질 거라고 믿어.	N	2022-06-13 04:21:27	2022-11-08 03:27:38
BE22000518	9	0	그랬으면 좋겠어요. 그런 이름은 하루라도 빨리 모든 사람의 기억 속에서 지워버리고 싶어요.	N	2022-06-13 04:21:27	2022-11-08 03:27:38
BE22000518	10	1	사실 오래되긴 했지만 너희 이모도 개명을 한 거야. 처음엔 다들 어색해 했는데 나중에는 할머니 할아버지도 원래 이름이 잘 생각이 안 난다고 하시더라.	N	2022-06-13 04:21:27	2022-11-08 03:27:38
BE22000518	11	0	이모는 얼굴도 이름도 너무 예쁘다는 생각을 많이 했었는데 이모도 개명을 한 거였어요?	N	2022-06-13 04:21:27	2022-11-08 03:27:38
BE22000518	12	1	개명을 하고 나니까 기분이 좋아져서 그런지 정말 성격도 더 좋아지고 얼굴도 더 예뻐지는 것 같더라. 너도 조금만 더 지나면 마음이 많이 편해질 거야.	N	2022-06-13 04:21:27	2022-11-08 03:27:38
BE22000518	13	0	이모 보니까 정말 그렇게 될 수 있을 것 같아서 마음이 놓여요.	N	2022-06-13 04:21:27	2022-11-08 03:27:38
BE22000518	14	1	오늘은 우리 딸이 새 이름으로 다시 태어난 날 이니까 파티를 준비해야겠다.	N	2022-06-13 04:21:27	2022-11-08 03:27:38
BE22000518	15	0	진심으로 고마워요 엄마.	Y	2022-06-13 04:21:27	2022-11-08 03:27:38
