id	utterance_id	utterance_type	utterance_text	terminate	regDate	updDate
BE22022963	1	0	할머니, 오늘 보니 제 옷장에 무채색 옷밖에 없네요. 언젠가부터 저는 검은색, 회색, 흰색 옷만 입어 왔어요.	N	2022-09-30 06:05:37	2022-11-08 05:51:36
BE22022963	2	1	나는 우리 손자가 그런 색 옷만 좋아하는 줄 알았지. 혹시 다른 이유라도 있었니?	N	2022-09-30 06:05:37	2022-09-30 06:05:37
BE22022963	3	0	중학교 때 친구가 제가 파스텔 톤이나 원색 옷을 입으면 너무 안 어울린다고 질색했거든요. 매번 반 친구들 앞에서 질색하니까 다른 친구들도 다 한마디씩 하더라고요. 그때부터 제가 무채색 옷만 사기 시작했는데, 지금 생각해보니 그 친구 말에 상처를 받았던 거였어요.	N	2022-09-30 06:05:37	2022-11-08 05:51:36
BE22022963	4	1	네 마음이 이해 가. 나도 애써 골라 입은 옷이 안 어울린다 하면 은근히 마음에 상처를 받거든. 그런데 아직도 네가 무채색만 입는 거 보니, 그 상처가 아직 네 마음에 남은 모양이다.	N	2022-09-30 06:05:37	2022-09-30 06:05:37
BE22022963	5	0	제가 입은 걸 다 부정당하니 속상해서, 또 누구에게 상처받을까 봐 두려웠나 봐요. 그런데 어제 추워서 친구의 하늘색 잠바를 빌려 입게 되었는데, 친구들이 잘 어울린다는 거예요. 그 말을 들으니 여태껏 무채색만 입어 온 날들이 억울하고 서러운 마음이 들었어요.	N	2022-09-30 06:05:37	2022-11-08 05:51:36
BE22022963	6	1	지난 시간이 아쉽고 속상하겠지만, 이제라도 네 마음을 치유할 기회가 생겨서 다행이야. 친구들의 말에 힘입어, 앞으로는 네가 무채색 아닌 옷들도 고를 수 있을 것 같아 잘됐다.	N	2022-09-30 06:05:37	2022-11-08 05:51:36
BE22022963	7	0	하지만 그 옷들을 자신 있게 입을 수 있을지는 모르겠어요. 친구의 말들을 생각하면 아직도 속이 상하고, 움츠러드는 기분이 드는걸요. 아직 저에겐 상처이니까요.	N	2022-09-30 06:05:37	2022-11-08 05:51:36
BE22022963	8	1	마음의 상처가 어디 그리 쉽게 나아지겠니. 아마 한동안은 무채색 아닌 옷을 고르기까지 머뭇거리게 되겠지. 그렇지만 다양한 색으로 네 옷장을 채워 나가다 보면, 어느새 네 상처도 점점 나아질 거야.	N	2022-09-30 06:05:37	2022-11-08 05:51:36
BE22022963	9	0	사실 오늘도 파란색 옷을 입었다가 벗었거든요. 거울에 비친 모습만 봐도 자꾸 자신이 없어져서 고개를 숙이게 되는데요. 언제까지 친구가 준 상처에 얽매여 살아야 할지 생각하면, 막막하고 속상해요.	N	2022-09-30 06:05:37	2022-11-08 05:51:36
BE22022963	10	1	마음의 상처가 너의 삶에 계속 영향을 끼칠까 봐, 두렵고 막막한 기분도 들겠다. 하지만 네가 파란색 옷을 입은 것부터가, 그 상처에서 벗어나기 위한 시작이라고 생각해. 상처를 딛고 변화를 시도한 너의 그 용기에 할머니는 박수를 보내고 싶구나.	N	2022-09-30 06:05:37	2022-11-08 05:51:36
BE22022963	11	0	할머니가 그렇게 말씀해 주시니 너무 감사해요. 저는 오늘 파란 옷을 입고 나서 자신이 없었는데, 이걸 상처 치유의 시작이라 생각하니 힘이 솟아요. 더욱 용기 내서 이것저것 색다른 옷도 입어보고 싶어요.	N	2022-09-30 06:05:37	2022-11-08 05:51:36
BE22022963	12	1	그래, 잘 생각했어. 앞으로 또 누가 네 옷을 지적해도, 생각 없이 하는 말이라 여기고 흘려들었으면 좋겠다. 중요한 건 네가 원하는 옷을 네가 입는 것이라는 걸 마음에 새기고 말이야.	N	2022-09-30 06:05:37	2022-11-08 05:51:36
BE22022963	13	0	맞아요, 할머니. 그러다 보면 정말 제가 원해서 무채색 옷을 입는 날도 오겠죠. 무채색이든 원색이든, 친구가 준 상처에 얽매이지 않고 자유롭게 옷을 입고 싶어요.	N	2022-09-30 06:05:37	2022-11-08 05:51:36
BE22022963	14	1	그래, 누가 뭐라든 네가 택한 옷이면 너에게 어울리는 옷이라고 믿기를 바라. 할머니 눈에 어떤 옷이든 잘 어울릴 만큼 귀한 사람이라는 걸 잊지 말고.	N	2022-09-30 06:05:37	2022-09-30 06:05:37
BE22022963	15	0	네, 할머니 말씀을 마음에 꼭 새기며 살게요. 좋은 말씀 들려주셔서 너무나 감사해요.	Y	2022-09-30 06:05:37	2022-09-30 06:05:37
