id	utterance_id	utterance_type	utterance_text	terminate	regDate	updDate
BE22025834	1	0	엄마, 저 너무 상처받는 일이 있었어요. 제 얘기 들어주실 수 있으세요?	N	2022-10-08 17:45:44	2022-10-08 17:45:44
BE22025834	2	1	여행 간다고 신나서 나가던 애가 대체 무슨 일이길래 그러는 거니? 어서 엄마한테 털어놓아봐.	N	2022-10-08 17:45:44	2022-10-08 17:45:44
BE22025834	3	0	오늘 여행가는데 공항의 체크인 줄이 굉장히 긴 거예요. 시간도 너무 오래 걸리고 비행기 시간이 촉박해서 직원분들한테 상황을 물어봤어요. 그런데 엄청 귀찮다는 듯이 무시해서 너무 상처받았어요.	N	2022-10-08 17:45:44	2022-11-08 06:08:35
BE22025834	4	1	네가 그 사람들의 무례한 행동때문에 정말 큰 상처를 받았구나. 낯설은 곳에서 그런 일을 당했을 너를 생각하니까 엄마가 마음이 너무 아프다.	N	2022-10-08 17:45:44	2022-11-08 06:08:35
BE22025834	5	0	저를 위아래로 쳐다보던 그 눈빛이 잊혀지지가 않아요. 그 눈빛이 자꾸 떠올라서 더 상처를 받는 것 같아요.	N	2022-10-08 17:45:44	2022-10-08 17:45:44
BE22025834	6	1	네가 처음 겪어보는 상황이 정말 큰 상처로 다가온 것 같구나. 엄마가 너의 입장이었어도 너무 힘들고 괴로웠을거야. 혼자서 상처받고 괴로워할 걸 생각하니까 엄마가 안아주고 위로해주고 싶다.	N	2022-10-08 17:45:44	2022-11-08 06:08:35
BE22025834	7	0	사람들 앞에서 저를 대놓고 무시하는데 그 상황이 자꾸 생각이 나요. 즐거운 마음으로 온 여행인데 처음부터 망친 것 같아요.	N	2022-10-08 17:45:44	2022-10-08 17:45:44
BE22025834	8	1	네가 많은 사람들 앞에서 무시를 당해서 더 상처받았구나. 신나서 웃으면서 나갔던 게 방금같은데 지금 이렇게 풀이 죽어있으니까 너무 안쓰럽다. 이 일이 너한테 트라우마로 남을까봐 너무 걱정스럽구나.	N	2022-10-08 17:45:44	2022-11-08 06:08:35
BE22025834	9	0	그 일때문에 앞으로의 여행을 다 망친 것 같아요. 자꾸 생각나니까 움츠러들고 사람들이랑 말을 잘 못하겠어요. 이 상황이 스트레스이고 상처로 다가와요.	N	2022-10-08 17:45:44	2022-10-08 17:45:44
BE22025834	10	1	처음부터 그런 안좋은 일이 일어나서 그렇게 느끼는 것 같구나. 엄마는 그래도 네가 용기를 내서 이 시련을 극복하고 마음을 다잡았으면 좋겠어. 이런 일로 너의 소중한 여행을 망치고 상처받은 채로 돌아오지 않았으면 해.	N	2022-10-08 17:45:44	2022-11-08 06:08:35
BE22025834	11	0	엄마가 그렇게 말씀하시니까 맞는 것 같아요. 정말 즐거운 마음으로 온 여행인데 고작 그런 사람들 때문에 망칠 수는 없어요.	N	2022-10-08 17:45:44	2022-11-08 06:08:35
BE22025834	12	1	맞아, 이 일을 통해서 네가 더 단단하고 심지가 굳은 사람이 되었으면 좋겠구나. 네 상처가 잘 치유되고 아물어서 나중에는 추억으로 생각됐으면 좋겠어.	N	2022-10-08 17:45:44	2022-11-08 06:08:35
BE22025834	13	0	그렇게 위로해줘서 정말 감사드려요, 엄마. 저 혼자서 이 마음을 어떻게 할지 몰랐었는데 엄마랑 대화하고 나니까 마음이 편안해졌어요.	N	2022-10-08 17:45:44	2022-11-08 06:08:35
BE22025834	14	1	엄마가 너에게 도움이 되어서 정말 기쁘구나. 즐겁고 안전한 여행이 되었으면 좋겠고 항상 행복했으면 좋겠다.	N	2022-10-08 17:45:44	2022-11-08 06:08:35
BE22025834	15	0	저 이번 여행 정말 신나게 놀다가 한국으로 돌아갈게요. 정말 감사드려요, 엄마!	Y	2022-10-08 17:45:44	2022-10-08 17:45:44
