id	utterance_id	utterance_type	utterance_text	terminate	regDate	updDate
BE22027294	1	0	엄마, 사실 저 최근에 남자 친구랑 헤어졌어요. 진작 말씀드리려 했는데 너무 늦게 얘기해서 죄송해요. 이별 후 마음이 너무 힘들고 큰 상처를 받았어요.	N	2022-10-12 02:07:10	2022-11-08 06:17:16
BE22027294	2	1	요즘 기운도 없이 우울해 보여서 많이 걱정했어. 그런 일이 있었다면 엄마에게 편하게 얘기하지. 너 홀로 앓고 있었을 거라 생각하니 나도 속상하네.	N	2022-10-12 02:07:10	2022-11-08 06:17:16
BE22027294	3	0	전 헤어지기 싫었거든요. 남자친구의 일방적인 통보로 인해 헤어진 거라 저 혼자만 앓고 있어요. 남자친구에 대한 배신감이 너무 크고 상처받은 마음이 아물지를 않네요.	N	2022-10-12 02:07:10	2022-11-08 06:17:16
BE22027294	4	1	엄마도 연애할 때 이별을 해본 적 있어서 네 마음 잘 알아. 세상이 무너진 것 같은 아픔과 쓸쓸함을 느끼잖아. 네가 얼마나 힘이 들고 힘겨울지 엄마는 다 이해해.	N	2022-10-12 02:07:10	2022-11-08 06:17:16
BE22027294	5	0	헤어진 이유가 저에겐 더 큰 상처였어요. 다른 여자가 마음에 들어서래요. 변하지 않겠다고 약속했던 사람이 이렇게 떠나니 저 홀로 너무 외롭고 괴롭네요.	N	2022-10-12 02:07:10	2022-11-08 06:17:16
BE22027294	6	1	인연이 아닌 걸 꺼라 생각해. 너를 사랑해줄 너의 인연을 만나게 될 날이 올 거야. 지금은 힘들겠지만, 조금만 견디면 더 행복하고 외롭지 않을 날이 올 테니 기운 내자.	N	2022-10-12 02:07:10	2022-11-08 06:17:16
BE22027294	7	0	한편으로는 제가 매력이 없는 것 같기도해요. 이렇게 일방적으로 헤어진 게 벌써 여러 번이에요. 이제는 다음 연애를 해도 또 상처 받을까 봐 두렵고, 제 자신이 못난탓인 것 같게 느껴져요.	N	2022-10-12 02:07:10	2022-11-08 06:17:16
BE22027294	8	1	너는 그 누가 봐도 호감이 가고 정이 가는 스타일인걸. 네 마음이 참 착하고 따뜻하잖아. 그건 아무나 갖고 있는 게 아니기에, 큰 장점이자 매력이라 생각해.	N	2022-10-12 02:07:10	2022-11-08 06:17:16
BE22027294	9	0	언젠가 저만 사랑해줄 사람을 만날 수 있을지 모르겠어서 더 의문이 들어요. 저 홀로 앓는 게 이제는 너무 힘겨워요. 희망이 없게 느껴지고 상처는 커져만 가요.	N	2022-10-12 02:07:10	2022-11-08 06:17:16
BE22027294	10	1	사람의 인연이란 건 마음대로 하기 어려운 부분인 것 같기도 해. 그래도 너에겐 너를 사랑하고 세상에서 가장 아끼는 엄마도 있다는 걸 기억해주길 바라. 그 누가 뭐래도 넌 내 인생에서 가장 소중한 내 딸이야.	N	2022-10-12 02:07:10	2022-11-08 06:17:16
BE22027294	11	0	그렇게 말해주니 고마워서 울컥하네요. 정말 고마워요 엄마. 엄마의 사랑이 느껴져서 제 상처도 가라앉는 것 같아요.	N	2022-10-12 02:07:10	2022-10-12 02:07:10
BE22027294	12	1	엄마가 너에게 하는 말은 모두 진심이야. 엄마는 세상에서 너를 가장 사랑해. 우리 딸이 항상 밝고 행복했으면 좋겠어.	N	2022-10-12 02:07:10	2022-11-08 06:17:16
BE22027294	13	0	저를 이렇게 사랑해주는 엄마가 있기에 든든해요. 엄마 덕분에 힘이 나요. 저 기운 내볼게요 엄마.	N	2022-10-12 02:07:10	2022-11-08 06:17:16
BE22027294	14	1	그래 우리 딸 언제든지 주눅 들지 말고 힘내. 너의 곁엔 엄마가 있다는 걸 항상 기억해. 이따 집에서 보자.	Y	2022-10-12 02:07:10	2022-11-08 06:17:16
