id	utterance_id	utterance_type	utterance_text	terminate	regDate	updDate
BE22026614	1	0	할머니, 오늘 무척 더웠잖아요. 땀이 줄줄 흐르는데 모자도 못 벗고 엄청 고생했어요.	N	2022-10-10 15:47:44	2022-10-10 15:47:44
BE22026614	2	1	더우면 모자를 벗으면 될 텐데, 우리 손주가 왜 모자를 쓰고 고생했을까?	N	2022-10-10 15:47:44	2022-10-10 15:47:44
BE22026614	3	0	사실 요즘 탈모가 심해서 정수리 쪽이 휑해졌어요. 그게 콤플렉스다 보니 자꾸만 모자로 가리게 되고, 실내에서도 모자를 벗지 못하겠어요. 오늘 같은 날은 이런 내가 처량하게 느껴져서 상처가 됐어요.	N	2022-10-10 15:47:44	2022-10-10 15:47:44
BE22026614	4	1	저런. 요즘 우리 손주가 모자를 자주 쓴다 했더니 그런 이유가 있었구나. 더운데도 모자 한 번을 못 벗고 생활했을 걸 생각하니 이 할머니가 마음이 아프구나. 얼마나 불편하고 마음에 상처가 됐을까.	N	2022-10-10 15:47:44	2022-11-08 06:13:13
BE22026614	5	0	네, 여름인데도 친구들과 수영장도 못 갔어요. 축구하고 씻을 때도 신경 쓰이고, 불편한 점이 한두 가지가 아니에요.	N	2022-10-10 15:47:44	2022-10-10 15:47:44
BE22026614	6	1	이 할미도 그런 경험이 있는데, 염색을 못 하고 외출할 때는 무조건 모자를 쓰고 나갔지. 남들이 내 흰머리만 볼 것 같고, 또 뭐라 할 것 같아 창피했거든. 지금 네 마음이 얼마나 속상할까 할머니도 느껴져 마음이 말 아프구나.	N	2022-10-10 15:47:44	2022-11-08 06:13:13
BE22026614	7	0	할머니도 그런 경험이 있으셨네요. 맞아요, 다른 사람이 내 머리만 쳐다보는 것 같아 계속 눈치를 보게 돼요. 잘못한 것도 없는데 말이에요.	N	2022-10-10 15:47:44	2022-10-10 15:47:44
BE22026614	8	1	맞아, 잘못한 것도 없는데 괜히 주눅이 들어 남의 눈치를 보게 되지. 남들이 모두 나만 보고 있는 것 같아 신경이 곤두서 있고 말이야. 하지만 사람들은 정작 남에 대해선 네 생각만큼 크게 신경 쓰지 않는단다.	N	2022-10-10 15:47:44	2022-11-08 06:13:13
BE22026614	9	0	내 잘못은 아니지만, 신경은 쓰여요. 외모에 대해 당당하지 않으니 의기소침해지기도 하고요. 이런 내 자신이 마음에 안 들어 또 상처받고, 계속 도돌이표 같아요.	N	2022-10-10 15:47:44	2022-11-08 06:13:13
BE22026614	10	1	할미가 살아보니, 외모보다는 그 사람의 품성과 마음이 훨씬 더 중요하고 큰 가치란다. 우리 손주는 누구보다 따뜻한 품성과 마음을 가졌다는 것, 그게 훨씬 중요하다고 생각해.	N	2022-10-10 15:47:44	2022-11-08 06:13:13
BE22026614	11	0	할머니가 그렇게 위로해 주시니 상처받았던 마음이 조금은 풀어지는 것 같아요. 내가 신경 쓰는 만큼 사람들은 내 머리에 관심이 없다는 말씀도 위안이 되었고요.	N	2022-10-10 15:47:44	2022-10-10 15:47:44
BE22026614	12	1	이 할미가 말하는 것을 잘 귀담아듣고 되새길 줄 아니, 역시 우리 손주 최고야. 또 한 가지 비밀은, 너는 모자가 정말 잘 어울리는 두상이라는 거야. 이게 얼마나 다행이니.	N	2022-10-10 15:47:44	2022-11-08 06:13:13
BE22026614	13	0	하하하, 모자가 어울린다고 말해 주시니 정말 다행인걸요. 모자를 쓰고 싶어도 머리가 커서 못 쓰는 친구도 있거든요. 할머니 덕분에 상처받았던 기분이 많이 풀어졌어요.	N	2022-10-10 15:47:44	2022-10-10 15:47:44
BE22026614	14	1	이 할미도 우리 손주 마음이 풀어졌다니 다행이고 고맙구나. 이번 주말에 할머니 집에 들르렴. 멋진 모자 하나 사줄게.	Y	2022-10-10 15:47:44	2022-11-08 06:13:13
