id	utterance_id	utterance_type	utterance_text	terminate	regDate	updDate
BE22028736	1	0	엄마, 저 너무 속상해요.	N	2022-10-14 04:10:23	2022-10-14 04:10:23
BE22028736	2	1	왜 그래, 무슨 일 있었어?	N	2022-10-14 04:10:23	2022-10-14 04:10:23
BE22028736	3	0	오늘 친구 생일파티였잖아요. 그런데 아무래도 그 친구가 저를 싫어하는 것 같아요. 제게만 생일파티 장소를 잘못 알려줬어요.	N	2022-10-14 04:10:23	2022-10-14 04:10:23
BE22028736	4	1	그러면 오늘 파티에 가지 못한 거니? 처음으로 생일파티에 초대받아서 기대 많이 했었잖아.	N	2022-10-14 04:10:23	2022-11-08 06:25:59
BE22028736	5	0	다른 친구에게 물어봐서 1시간 뒤에 겨우 도착했어요. 그런데 생일인 친구가 별로 미안해하지도 않아서 너무 상처받았어요.	N	2022-10-14 04:10:23	2022-10-14 04:10:23
BE22028736	6	1	엄마 같아도 내게만 잘못 알려주고 제대로 된 사과도 하지 않는다면 정말 속상할 것 같아. 그 동네 길도 잘 몰랐을 텐데, 우리 아들 정말 당황스럽고 상처 많이 받았겠다.	N	2022-10-14 04:10:23	2022-11-08 06:25:59
BE22028736	7	0	생일파티 중에도 제게는 말을 거의 걸지 않아서 외로웠어요. 너무 속상해서 눈물이 날 것 같았어요. 친구들에게 먼저 다가가지 못하는 저에게 문제가 있는 걸까요?	N	2022-10-14 04:10:23	2022-11-08 06:25:59
BE22028736	8	1	괜찮아, 성격에 따라 먼저 다가가는 게 어려운 사람도 있을 수 있어. 절대로 그게 잘못된 건 아니란다. 너의 그런 면을 편안하게 생각하고 좋아하는 사람도 있을 테니까 너무 걱정하지 마.	N	2022-10-14 04:10:23	2022-11-08 06:25:59
BE22028736	9	0	친구에게 왜 나한테만 잘못 알려준 거냐고 따지고 싶었는데 생일파티를 망칠까 봐 그럴 수 없었어요. 하지만 제 마음은 너무 속상해요.	N	2022-10-14 04:10:23	2022-11-08 06:25:59
BE22028736	10	1	네가 상처받았는데도 친구의 생일파티를 생각해주는 마음이 정말 따뜻하고 예쁘다. 남을 배려할 줄 아는 네가 정말 자랑스러워. 너는 따뜻하고 멋진 사람이니 다른 친구들과도 금방 친하게 지낼 수 있을 거야.	N	2022-10-14 04:10:23	2022-11-08 06:25:59
BE22028736	11	0	하지만 자꾸 그 친구에게서 받은 상처가 떠올라서 친구들에게 먼저 다가가기 두려워요.	N	2022-10-14 04:10:23	2022-10-14 04:10:23
BE22028736	12	1	그 친구와의 관계만 떠올리지 말고 네게 잘 대해줬던 다른 친구들을 떠올려봐. 그러면 기분이 조금 나아지고 자신감이 생길 거야. 좋았던 기억을 떠올리면 마음이 차분해지고 기분이 좋아질 거야.	N	2022-10-14 04:10:23	2022-11-08 06:25:59
BE22028736	13	0	엄마 말대로 좋은 친구들을 떠올리니 기분이 좋아져요. 다른 친구와도 잘 지낼 수 있을 것 같은 기분이 들어요.	N	2022-10-14 04:10:23	2022-10-14 04:10:23
BE22028736	14	1	한 사람이 너를 싫어한다고 해도 기죽지 마. 너는 여전히 소중하고 멋진 사람이니까.	N	2022-10-14 04:10:23	2022-10-14 04:10:23
BE22028736	15	0	명심할게요, 고마워요 .엄마.	Y	2022-10-14 04:10:23	2022-11-08 06:26:00
