id	utterance_id	utterance_type	utterance_text	terminate	regDate	updDate
BE22010106	1	0	엄마 완전히 망했어요. 수능 점수가 제가 생각했던 거보다 낮게 나왔어요. 넣으려고 했던 대학들이 정말 간당간당할 거 같아요.	N	2022-07-19 06:13:54	2022-11-08 04:29:28
BE22010106	2	1	우리 아들 지금 마음이 무척 아프겠구나. 아들이 상처받았을 걸 생각하니 엄마 마음도 너무 아프구나. 성적 보고 깜짝 놀라고 당혹스러웠을 거 같아 엄마도 너무 슬프구나.	N	2022-07-19 06:13:54	2022-11-08 04:29:28
BE22010106	3	0	네, 성적 확인하자마자 눈물이 왈칵 났어요. 생각보다 낮은 성적에 너무 충격이에요.	N	2022-07-19 06:13:54	2022-11-08 04:29:28
BE22010106	4	1	엄마도 학창 시절에 생각했던 거에 못 미치는 성적표를 받아 보면 충격받아서 주저앉아 망연자실했었단다. 그래서 지금 우리 아들이 상처받아서 얼마나 슬플지 알겠구나. 상처받았을 너를 생각하니 엄마 가슴이 미어지는구나.	N	2022-07-19 06:13:54	2022-11-08 04:29:28
BE22010106	5	0	맞아요. 정말 충격받아서 제 마음이 너무 아프고 큰 상처로 남을 거 같아요.	N	2022-07-19 06:13:54	2022-11-08 04:29:28
BE22010106	6	1	그래그래, 너 마음이 아프고 힘들 거 같구나. 우리 아들이 고등학교 3년 내내 친구들이랑 놀지도 않고 학교 독서실만 다니며 공부했잖니. 그러니 생각보다 낮은 점수에 네가 얼마나 상처받고 마음 아프겠니.	N	2022-07-19 06:13:54	2022-11-08 04:29:28
BE22010106	7	0	진심으로 고등학교 내내 제대로 놀아본 적이 없는 거 같아요. 방학 때도 놀지 않고 도서관만 다녔는데. 제 노력에 비해 성적이 안 나온 거 같아서 너무 실망스러워요.	N	2022-07-19 06:13:54	2022-11-08 04:29:28
BE22010106	8	1	그래, 네가 너무 실망스럽고 상처받았을 거 같아. 그래도 아들아, 네가 고등학교 재학 시절 너의 온 정성을 다해 노력한 건 변하지 않는단다. 그 노력이 너에게 큰 힘이 되고 자부심이 될 거란다.	N	2022-07-19 06:13:54	2022-11-08 04:29:28
BE22010106	9	0	맞아요. 정말 진심으로 노력했어요.	N	2022-07-19 06:13:54	2022-11-08 04:29:28
BE22010106	10	1	그래, 그 마음 다 이해한단다. 네가 진심으로 노력했기 때문에 그만큼 큰 성과가 안 따라주니 네가 상처받은 거란다. 너의 속상함이 네가 얼마나 노력했는지를 보여주는 거란다.	N	2022-07-19 06:13:54	2022-11-08 04:29:28
BE22010106	11	0	엄마 말씀처럼 저 최선을 다해 노력하고 집중했어요. 그래서 기대도 많이 했고요. 그런데 그 기대에 못 미치니 더 상처받은 거 같아요.	N	2022-07-19 06:13:54	2022-11-08 04:29:28
BE22010106	12	1	노력하지 않고 집중하지 않았더라면 점수가 높건 낮건 아무 마음도 없었을 거야. 그런데 네가 상처받았다는 건 네가 진심으로 집중하고 열정을 다 해 노력했다는 거란다. 그래서 엄마는 결과를 떠나서 네가 너무 자랑스럽고 대견하단다.	N	2022-07-19 06:13:54	2022-11-08 04:29:28
BE22010106	13	0	정말 그런 거 같아요. 제가 최선을 다했기 때문에 상처도 큰 거 같아요. 그런데 엄마가 저를 자랑스럽다고 해주니 마음이 좀 괜찮아지는 거 같아요.	N	2022-07-19 06:13:54	2022-11-08 04:29:28
BE22010106	14	1	그럼, 좋은 성과가 있었으면 더 좋았겠지만. 그렇다고 해서 네가 지금까지 한 노력이 사라지는 건 아니잖니. 엄마랑 아빠는 우리 아들이 보여준 열정과 집중에 감동했어, 세상에서 제일 대견하단다.	N	2022-07-19 06:13:54	2022-11-08 04:29:28
BE22010106	15	0	엄마가 제가 엄마 아빠의 자랑이라고 해주시니 상처받았던 마음이 회복되는 거 같아요. 그리고 엄마 말씀대로 제가 한 노력이 변하는 게 아니니까요. 점수가 낮다고 해도 제 노력을 생각하니 자부심이 드네요.	N	2022-07-19 06:13:54	2022-11-08 04:29:28
BE22010106	16	1	그럼, 그럼, 너는 충분히 자부심을 가져도 된단다. 진심으로 엄마는 네가 멋지고 자랑스러워. 사실 네가 보여준 노력을 생각하면 네가 아들이지만 존경스럽다.	Y	2022-07-19 06:13:54	2022-11-08 04:29:28
