id	utterance_id	utterance_type	utterance_text	terminate	regDate	updDate
BE22025476	1	0	어제는 학교생활에 적응 잘하고 있다고 말씀드렸는데, 사실 그거 거짓말이에요. 죄송해요 아빠. 도망치듯이 전학 왔지만, 여기도 그곳과 크게 다르지 않더라고요. 여기에서도 따돌림을 당하는 친구가 있는데, 그걸 보고 상처가 떠올랐어요.	N	2022-10-07 21:15:04	2022-11-08 06:06:28
BE22025476	2	1	네 표정이 안 좋기에 혹시나, 했는데 역시 무슨 일이 있었나 보구나. 아들아, 이번에는 아빠한테 가장 먼저 이야기를 털어놓으면 좋겠어. 네가 힘들어하는 걸 늦게 아는 게 나에게는 가장 큰 고통이란다.	N	2022-10-07 21:15:04	2022-11-08 06:06:28
BE22025476	3	0	이전 학교에서 따돌림당하는 친구랑 어울렸다는 이유로 저도 괴롭힘을 당했잖아요. 그래서 전학까지 왔는데, 여기도 그래요. 그 아이가 울고 있는데 저는 이전처럼 용기를 낼 수가 없었죠. 저만 상처받으니까요.	N	2022-10-07 21:15:04	2022-10-07 21:15:04
BE22025476	4	1	그랬구나, 또 그런 상황이 올까 봐 피하고 싶은 마음이 드는 건 당연해. 그건 누구라도 하기 힘든 결정이거든. 다만 네가 그걸 지켜보면서 계속 네 아픈 과거를 들춰볼까 봐 무섭구나.	N	2022-10-07 21:15:04	2022-11-08 06:06:28
BE22025476	5	0	후회했어요. 차라리 그때 그 친구를 돕지 말걸. 아직도 눈을 감으면 저를 외면하던 얼굴들이 떠올라요. 그래서 다시는 끼어들고 싶지 않은데, 그 아이가 우는 걸 보면 제가 겹쳐 보여요.	N	2022-10-07 21:15:04	2022-10-07 21:15:04
BE22025476	6	1	내가 너였어도 쉽게 떨쳐내지 못했을 것 같아. 무엇보다 네가 그때 얼마나 극복하려고 애썼는지 곁에서 지켜봐 와서 잘 알고 있지. 아빠는 네 선택이 뭐든 다 믿고 응원할 거야. 알지?	N	2022-10-07 21:15:04	2022-11-08 06:06:28
BE22025476	7	0	비겁하잖아요. 제가 외면하는 모습도 그 친구의 머릿속에 남는다는 생각을 하면 괴로워요. 제가 따돌림당할 때 가장 미웠던 건 괴롭히는 아이들보다 모르는 척하는 반 친구들이었거든요.	N	2022-10-07 21:15:04	2022-10-07 21:15:04
BE22025476	8	1	네 입장에서는 그렇지. 네가 선의를 가지고 다른 친구를 도왔는데, 다른 친구들이 손을 내밀지 않았잖니. 그때 들었을 네 배신감과 아픔을 떠올리면 아빠도 가슴이 너무 아파.	N	2022-10-07 21:15:04	2022-11-08 06:06:29
BE22025476	9	0	맞아요. 그게 제일 힘들었으니까요. 그런데 왜 전학을 와서까지 이런 일에 제가 상처받아야 하죠? 왜 하필 저한테 이런 일이 생기는 건지.	N	2022-10-07 21:15:04	2022-10-07 21:15:04
BE22025476	10	1	아빠는 그렇게 상처받았으면서도 그 아이를 계속 신경 쓰는 네가 정말 멋지게 보여. 만약 나라면 그런 용기를 가졌을까, 생각을 해 봐도 난 그렇지 못했을 것 같거든. 도망치듯 전학을 갔다고 넌 생각하겠지만, 내 눈에 넌 참 떳떳하고 당당해 보였단다.	N	2022-10-07 21:15:04	2022-11-08 06:06:29
BE22025476	11	0	아빠는 정말 그렇게 생각하세요? 엄청 속상해하셨잖아요. 무엇보다 이직까지 하시면서 전학 수속도 해 주셨고. 솔직히 지금도 아빠한테 너무 죄송한 마음이 들어요.	N	2022-10-07 21:15:04	2022-11-08 06:06:29
BE22025476	12	1	난 솔직히 네가 너무 자랑스러운데? 세상에 한 번 무서워하기 시작한 걸 영원히 무서워하는 사람이 더 많아. 그럼에도 불구하고 너는 그 친구에게 손을 내밀고 싶어 하니까, 내게 이야기를 꺼낸 거잖니.	N	2022-10-07 21:15:04	2022-11-08 06:06:29
BE22025476	13	0	조금 혼란스러웠어요. 하지만 아빠 말이 맞는 것 같아요. 저도 모르게 그런 마음이 들었나 봐요. 더 이상은 걱정 끼치지 않으려고 했는데, 죄송해요.	N	2022-10-07 21:15:04	2022-10-07 21:15:04
BE22025476	14	1	미안할 것은 없어, 내가 말했잖니, 네가 너무 자랑스럽다고 말이야. 그 마음은 앞으로도 변하지 않을 것 같아. 네가 전학을 열 번을 가더라도 아빠는 널 응원할 거야.	N	2022-10-07 21:15:04	2022-11-08 06:06:29
BE22025476	15	0	아빠, 너무 감사해요. 저는 아빠 아들이어서 정말 자랑스러워요. 이런 아빠가 내 아빠라는 게 너무 행복하고요.	N	2022-10-07 21:15:04	2022-11-08 06:06:29
BE22025476	16	1	고맙구나. 나도 내 아들이 이렇게 멋진 녀석이라서 너무 행복하구나. 내 아들로 태어나 줘서 아빠가 고마워. 우리 함께 이겨 내보자.	Y	2022-10-07 21:15:04	2022-11-08 06:06:29
