id	utterance_id	utterance_type	utterance_text	terminate	regDate	updDate
BE22025674	1	0	엄마. 저 지금 너무 속상해요.	N	2022-10-08 10:19:13	2022-10-08 10:19:13
BE22025674	2	1	왜? 무슨 일이 있었던 거니? 우리 아들이 그러니까 엄마가 걱정되네.	N	2022-10-08 10:19:13	2022-11-08 06:07:40
BE22025674	3	0	제가 형 교복을 물려받았잖아요. 근데 교복이 너무 크더라고요. 이 큰 교복을 보니까 제가 키가 작다고 놀림당하였던 과거가 생각나서 너무 마음에 상처로 남아요.	N	2022-10-08 10:19:13	2022-11-08 06:07:40
BE22025674	4	1	우리 아들이 그렇게 마음의 상처를 받고 있으니까 엄마도 마음이 찢어질 것 같네. 그런 기억이 나면 당연히 속상할 만 하지.	N	2022-10-08 10:19:13	2022-11-08 06:07:40
BE22025674	5	0	네. 친구들이 예전부터 키가 작다고 놀리면서 저를 따돌리던 생각이 떠올라서 너무 괴로워요.	N	2022-10-08 10:19:13	2022-10-08 10:19:13
BE22025674	6	1	상처받았을 너의 마음을 충분히 이해해. 하지만 그 친구들은 너의 다른 부분들은 고려하지 않고 오로지 키로만 판단하는 친구들이잖아. 너의 진가를 제대로 몰라서 하는 말일 테니까 너무 마음에 깊이 담아두지 않았으면 좋겠어.	N	2022-10-08 10:19:13	2022-11-08 06:07:40
BE22025674	7	0	하지만 어렸을 때 들었던 말로 생긴 상처가 저의 많은 부분을 바꾼 것만 같아요. 그때가 생각나서 더 작아만 지고 제가 보잘것 없는 사람처럼 느껴져서 계속 마음이 아파요.	N	2022-10-08 10:19:13	2022-11-08 06:07:40
BE22025674	8	1	너는 다른 사람을 배려하고 누구보다 용감한 멋진 사람이잖아. 엄마는 항상 우리 아들의 곧고 바른 모습을 보면서 나도 저렇게 살아야겠다고 생각하곤 하는걸. 너는 너 자체로 충분히 가치 있는 사람이란다.	N	2022-10-08 10:19:13	2022-11-08 06:07:40
BE22025674	9	0	제가 정말 그런 곧은 사람일까요? 이 상처를 가지고 계속 그 속에 갇혀 있는 제가 이 아픔을 이겨낼 수 있을까요?	N	2022-10-08 10:19:13	2022-10-08 10:19:13
BE22025674	10	1	물론이지. 이렇게 너의 아픔과 상처를 엄마에게 털어놓는 것만으로도 큰 단계를 건넜다고 생각해. 이 작은 시도가 너의 미래를 상처에서 구할 수 있는 작은 날개짓이 되었다고 생각하자.	N	2022-10-08 10:19:13	2022-11-08 06:07:40
BE22025674	11	0	그렇게 말해주셔서 너무 감사해요, 엄마. 엄마 덕분에 아팠던 마음이 좀 괜찮아진 것 같아요.	N	2022-10-08 10:19:13	2022-10-08 10:19:13
BE22025674	12	1	그렇다니 다행이야. 항상 무슨 일 있으면 엄마한테 꼭 말하렴.	N	2022-10-08 10:19:13	2022-11-08 06:07:40
BE22025674	13	0	네. 갑자기 교복 하나 때문에 이런 말을 하게 되어서 죄송하고 또 감사해요.	N	2022-10-08 10:19:13	2022-10-08 10:19:13
BE22025674	14	1	그런 죄송하다는 생각은 안 해도 돼. 엄마는 항상 네 편이란다. 항상 그 사실을 잊지 말렴.	N	2022-10-08 10:19:13	2022-11-08 06:07:40
BE22025674	15	0	네. 너무 감사해요, 엄마.	Y	2022-10-08 10:19:13	2022-10-08 10:19:13
