id	utterance_id	utterance_type	utterance_text	terminate	regDate	updDate
BE22025327	1	0	엄마, 이제 아이가 나와 함께 다니지 않으려고 해요. 나도 어릴 때 이랬어요? 너무 상처받아요.	N	2022-10-07 08:34:22	2022-10-07 08:34:22
BE22025327	2	1	아이를 키우다 보면 이해하기 힘든 일이 수시로 생기곤 해. 특정 나이가 되면 혼자만의 시간이 중요해지는 때가 오지. 아이가 벌써 그럴 때가 되었구나.	N	2022-10-07 08:34:22	2022-11-08 06:05:34
BE22025327	3	0	제가 없으면 울고 불고 하던 아이가 이젠 제가 필요 없나 봐요. 자식이 커가는 것에 상처를 받을 줄은 몰랐어요.	N	2022-10-07 08:34:22	2022-11-08 06:05:34
BE22025327	4	1	그게 아이가 어른이 되어 가는 자연스러운 과정인 걸 어떡하니. 그래도 내가 느꼈던 상실감을 네가 느낀다고 하니 엄마 마음이 아프구나. 내가 아는 감정이라 더 네 상처가 깊이 이해가 된단다.	N	2022-10-07 08:34:22	2022-10-07 08:34:22
BE22025327	5	0	집에서 방문을 닫고 저와 이야기를 안 하는 것까지는 이해해요. 근데 밖에 저와 같이 안 나가려고 하고 어쩌다 나가도 떨어져서 걸어요. 그런 변한 모습 하나하나가 다 상처로 다가와요.	N	2022-10-07 08:34:22	2022-10-07 08:34:22
BE22025327	6	1	나도 네가 커갈 때 그런 상실감과 서운함을 매일 느꼈단다. 그렇지만 그런 분리를 거쳐 네가 이렇게 훌륭한 성인으로 자라났잖니. 네 자식도 그럴 거라 생각하고 상처받은 마음을 잘 다스려 보렴.	N	2022-10-07 08:34:22	2022-11-08 06:05:34
BE22025327	7	0	네, 자연스러운 성장 과정이라 여기고 마음을 다잡으려 하는데 그게 잘 안되네요. 자꾸 엄마 생각이 나서 연락드렸어요.	N	2022-10-07 08:34:22	2022-11-08 06:05:34
BE22025327	8	1	네가 커가던 때가 떠오르는구나. 너는 정말 살갑고 다정한 아이였고 사춘기 때에도 내게 상처를 별로 주지 않았지. 그랬던 네가 한 아이의 멋진 엄마가 되어 고민을 털어놓는 걸 보니 새삼 세월이 느껴지네.	N	2022-10-07 08:34:22	2022-10-07 08:34:22
BE22025327	9	0	그렇게 말씀하시니 정말 시간이 참 빠르다는 생각이 들어요. 아이가 쑥쑥 커가는 게 좋으면서도 서운하기도 하고 그러네요.	N	2022-10-07 08:34:22	2022-10-07 08:34:22
BE22025327	10	1	나만 알던 자식이 내게서 떨어져 가는 건 자식이 성숙해져 가고 있다는 뜻이야. 마음은 허전하고 상처도 받겠지만, 좋게 마음을 먹으렴. 자식이 크면 부모 품을 떠나는 게 이치라 여기고 상처를 툭툭 터는 게 어떻겠니?	N	2022-10-07 08:34:22	2022-10-07 08:34:22
BE22025327	11	0	네, 엄마. 엄마 말씀을 들으니 제가 상처를 받을 일이 아니라는 생각이 들어요. 아이의 독립을 이해하고 더 독려하는 엄마가 되어야겠어요. 마음이 한결 낫네요.	N	2022-10-07 08:34:22	2022-11-08 06:05:34
BE22025327	12	1	그래, 잘 생각했다. 아이가 몸과 마음이 건강하게만 자라준다면 다른 게 무슨 상관이겠니. 부디 네가 해왔던 대로 아이를 잘 키워가길 바란다.	N	2022-10-07 08:34:22	2022-11-08 06:05:34
BE22025327	13	0	너무 감사해요, 엄마. 항상 엄마의 현명한 조언이 저를 다시 일으키게 해요.	N	2022-10-07 08:34:22	2022-10-07 08:34:22
BE22025327	14	1	그렇게 내 의견을 곱게 받아들여준다니 내가 더 기쁘구나. 우리 딸, 항상 엄마가 응원하니까 힘을 내렴.	N	2022-10-07 08:34:22	2022-11-08 06:05:34
BE22025327	15	0	그럴게요, 엄마. 덕분에 마음이 아주 후련해졌어요. 정말 감사합니다.	Y	2022-10-07 08:34:22	2022-11-08 06:05:34
