id	utterance_id	utterance_type	utterance_text	terminate	regDate	updDate
BE22026356	1	0	엄마, 저 지금 너무 상처받았고 마음이 아파요. 사람에게 배신을 당하는 게 이렇게 큰 상처가 되는 일인지 몰랐어요. 어떡하면 좋을까요?	N	2022-10-10 05:07:41	2022-10-10 05:07:41
BE22026356	2	1	딸! 아침부터 무슨 일이야? 항상 밝게만 지내던 딸이 이런 문자를 보내오니 너무 마음이 안 좋네. 많이 안 좋은 일이 생긴 거니?	N	2022-10-10 05:07:41	2022-11-08 06:11:42
BE22026356	3	0	남자친구가 별 사이 아니라던 동창과 양다리를 걸쳤어요. 심지어 그 동창 친구도 저랑 친하게 지내왔던 친구라 더 크게 상처를 받았어요. 버려진 기분도 들고 심한 배신감에 더 마음이 쓰린 기분이에요.	N	2022-10-10 05:07:41	2022-10-10 05:07:41
BE22026356	4	1	정말 우리 딸 혼자서 마음의 상처를 많이 받았겠어! 이런 문자를 받으니 엄마의 마음도 너무 안 좋고 너무 속상하구나. 네가 느꼈을 기분이 어떨지 너무나 이해가 되고 뭐라 위로의 말을 해야 할지 모르겠구나.	N	2022-10-10 05:07:41	2022-11-08 06:11:42
BE22026356	5	0	이런 일로 엄마까지 속상하게 한 거 같아 너무 죄송해요. 하지만 누구에게 말할 사람이 없어서 엄마에게 용기를 내서 말씀드리는 거예요. 너무 큰 상처를 받아서 아무런 의욕도 안 들고 일상생활을 하는 것도 힘드네요.	N	2022-10-10 05:07:41	2022-10-10 05:07:41
BE22026356	6	1	이렇게 힘든 와중에도 엄마 생각을 먼저 해주는 따뜻한 마음이 기특하고 대견스럽네. 하지만 우리 딸이 너무 상처를 받거나 속상해하지는 않았으면 좋겠구나. 조금 더 기운을 차리고 극복할 수 있도록 노력한다면 많이 나아질 거라 믿어.	N	2022-10-10 05:07:41	2022-11-08 06:11:42
BE22026356	7	0	저도 이별을 겪는 건 당연한 일이라고 생각해요. 하지만 제가 아는 사람과 양다리를 걸쳤다는 얘기를 듣고 너무 큰 상처가 됐어요. 그래서 사람을 만나는 게 두렵고 무섭다는 생각도 들어요.	N	2022-10-10 05:07:41	2022-10-10 05:07:41
BE22026356	8	1	당장은 너무나 큰 상처와 충격에 그런 생각이 드는 거 당연해. 힘들겠지만 이런 이별을 겪어보면서 한 단계 더 큰 어른으로 성장하는 거라 생각하고 이겨냈으면 좋겠어. 우리 딸은 강인한 내면의 힘과 인내력을 가졌으니 반드시 그럴 수 있을 거야.	N	2022-10-10 05:07:41	2022-11-08 06:11:42
BE22026356	9	0	제가 정말 그럴 수 있을까요? 엄마의 말씀을 잘 새겨듣고 노력은 해보겠지만 아직 자신은 없어요. 이 상처가 한동안은 오래갈 거 같은 기분이에요.	N	2022-10-10 05:07:41	2022-10-10 05:07:41
BE22026356	10	1	물론 크게 상처를 받은 마음일수록 오랜 시간이 걸리는 법이란다. 그런 노력을 해보겠다는 의지라도 가졌다는 게 정말 대단한 발전이야. 조금 더 마음의 여유를 갖고 노력하고자 굳게 마음을 먹으면 언젠간 이겨낼 수 있을 거란다.	N	2022-10-10 05:07:41	2022-11-08 06:11:42
BE22026356	11	0	답답한 마음에 하소연을 했는데 힘이 나는 응원과 위로의 말을 들으니 정말 든든하네요. 마음도 많이 놓이고 한결 편안해졌어요. 꼭 용기를 내서 금방 이겨내고 잊어버려야겠다는 굳은 마음이 들었어요.	N	2022-10-10 05:07:41	2022-10-10 05:07:41
BE22026356	12	1	우리 딸이 힘들어도 포기하지 않고 꿋꿋하게 노력하려는 의지가 정말 대단하구나. 그런 마음가짐이라면 어떤 일이든 잘 이겨낼 수 있을 거야. 엄마의 말이 조금이라도 도움이 될 수 있어서 정말 다행이야.	N	2022-10-10 05:07:41	2022-11-08 06:11:42
BE22026356	13	0	남자친구가 별 사이 아니라던 동창과 양다리를 걸쳐서 상처도 받고 기분이 너무 안 좋았어요. 답답한 마음에 엄마에게 하소연을 했는데 답답함이 많이 풀렸어요. 엄마가 아니었더라면 제가 이렇게 용기를 내는 일도 없었을 거예요.	N	2022-10-10 05:07:41	2022-10-10 05:07:41
BE22026356	14	1	그렇게 말해주니 엄마가 더 고맙네. 엄마는 늘 우리 딸의 편이고 우리 딸을 응원하고 있어. 그러니 언제든 힘든 일이 생기면 혼자 이겨내려 애쓰지 말고 엄마한테 이야기하고 답답함을 풀었으면 해.	N	2022-10-10 05:07:41	2022-11-08 06:11:42
BE22026356	15	0	네, 엄마! 말씀만이라도 정말 감사해요. 엄마의 말씀처럼 이겨내보도록 열심히 노력해 볼게요. 제 얘기를 들어주시느라 고생 많으셨어요.	Y	2022-10-10 05:07:41	2022-10-10 05:07:41
