id	utterance_id	utterance_type	utterance_text	terminate	regDate	updDate
BE22025465	1	0	할머니, 학교에서 애들이 저는 다른 친구를 비난한 적 없는데 제가 그랬다면서 사이를 이간질해요. 친구들이랑 그래서 말로 다투게 됐어요.	N	2022-10-07 17:17:43	2022-10-07 17:17:43
BE22025465	2	1	우리 강아지가 많이 속상하고 마음이 쓰라렸겠네. 친구들이 어쩌다가 우리 손주를 그렇게 몰아갔을까 할머니 마음이 미어진다.	N	2022-10-07 17:17:43	2022-11-08 06:06:25
BE22025465	3	0	제가 하지도 않은 말들을 지어내서 했다고 하니까 다들 그 말을 믿어버려요. 나는 그런 적 진짜 없는데 배신당한 느낌에 마음에 상처가 이만저만이 아니에요.	N	2022-10-07 17:17:43	2022-10-07 17:17:43
BE22025465	4	1	손주가 누구보다 진중하고 말을 쉽게 뱉지 않는다는 걸 할머니가 누구보다 잘 알지. 그런데 그런 오해를 샀다니 얼마나 속이 상했을 거야. 할머니도 어렸을 적 이렇게 억울한 상황이 오면 버려진 느낌에 잠도 잘 못 자고 그랬어.	N	2022-10-07 17:17:43	2022-11-08 06:06:25
BE22025465	5	0	도대체 왜 하지도 않은 말을 했다고 하는 걸까요? 저는 잘 이해가 안 되고 너무 속이 상해요.	N	2022-10-07 17:17:43	2022-10-07 17:17:43
BE22025465	6	1	살다 보면 타인을 시기 질투하는 사람들이 있어. 하지만 내가 시기 질투를 받는다는 건 그만큼 잘난 사람이라는 반증이기도 해. 그러니까 너무 상처받지 말고 본연의 너의 모습 그대로 유지했으면 좋겠어.	N	2022-10-07 17:17:43	2022-11-08 06:06:25
BE22025465	7	0	제 본연의 모습을 보인다면 이해받을 수 있을까요? 이미 오해들로 제가 고립되게 생겼는걸요.	N	2022-10-07 17:17:43	2022-10-07 17:17:43
BE22025465	8	1	오해들은 결코 오래갈 수 없는 것이야. 결국 너의 본연의 마음만이 다른 사람들을 사로잡을 수 있는 힘이지. 혜안이 있는 사람이라면 마음 곧은 너의 곁에 남을 수밖에 없을 테니 너무 상처받지 마.	N	2022-10-07 17:17:43	2022-11-08 06:06:25
BE22025465	9	0	사람들과의 관계를 유지하는 게 정말 쉽지 않은 것 같아요. 정말 말도 많고 탈도 많다는 말이 딱이예요. 저도 제 상처가 오래가지 않았으면 좋겠지만 지금 당장은 너무 힘들어요.	N	2022-10-07 17:17:43	2022-11-08 06:06:25
BE22025465	10	1	너의 보석 같은 마음을 알아주는 이들을 곁에 하나하나 쌓아간다면 금세 상처도 아물 거야. 그러니 너무 아파하고 힘들어하지 않았으면 좋겠구나. 너는 이미 누구보다 마음 따뜻한 자랑스러운 내 손자란다.	N	2022-10-07 17:17:43	2022-11-08 06:06:25
BE22025465	11	0	할머니가 자꾸 응원을 해주시니 마음이 조금 나아져요. 역시 위로 앞에는 장사 없는 것 같아요.	N	2022-10-07 17:17:43	2022-10-07 17:17:43
BE22025465	12	1	힘들 때 할머니를 생각해 줬다는 것만으로도 기쁘단다. 언제든 속상하고 마음 아픈 일 있을 때 할머니에게 기대.	N	2022-10-07 17:17:43	2022-11-08 06:06:25
BE22025465	13	0	공부가 손에 잘 안 잡혔었는데 남은 수업 잘 들을 수 있을 것 같아요. 늘 제게 힘이 되어 주셔서 감사합니다.	N	2022-10-07 17:17:43	2022-10-07 17:17:43
BE22025465	14	1	남은 시간 선생님 말씀 잘 듣고 수업 잘 하고 와. 그리고 친구들과도 오해 풀리길 할머니가 응원하마.	Y	2022-10-07 17:17:43	2022-10-07 17:17:43
