id	utterance_id	utterance_type	utterance_text	terminate	regDate	updDate
BE22024773	1	0	엄마, 나 진짜 남자친구랑 여행만 다녀오면 스트레스받는 것 같아. 내 남자친구가 다른 건 다 괜찮은데 운전만 하면 폭언해서 너무 상처가 깊어.	N	2022-10-06 05:52:01	2022-10-06 05:52:01
BE22024773	2	1	왜? 무슨 일인데 그래? 어떤 특별한 상황에서 그러는 거야?	N	2022-10-06 05:52:01	2022-10-06 05:52:01
BE22024773	3	0	아니 내가 볼 때는 별 큰 문제들은 아니었어. 근데 어쩜 운전대만 잡으면 그렇게 사람이 변하는지 모르겠어. 어떻게 그렇게 못된 말을 쏟아낼 수 있는지 그 말이 모두 내게 상처로 돌아와.	N	2022-10-06 05:52:01	2022-10-06 05:52:01
BE22024773	4	1	옆에 네가 있는데도 폭언해? 정말 운전석 옆에 앉아서 듣고 있는 네가 얼마나 상처받았을지 알 것 같다. 선한 성품을 굳게 믿고 있었는데 배신감이 컸겠지.	N	2022-10-06 05:52:01	2022-11-08 06:02:15
BE22024773	5	0	솔직히 상대방은 들리지도 않잖아. 근데 고스란히 옆에 있는 내가 듣고 있으니까 종종 나에게 그런 건가 싶더라니까.	N	2022-10-06 05:52:01	2022-10-06 05:52:01
BE22024773	6	1	나라도 혹여나 뭔 일 나는 것은 아닐까 많이 힘들었을 것 같아. 네 남자친구는 옆에서 듣는 사람이 얼마나 괴로울지 모르는 걸까?	N	2022-10-06 05:52:01	2022-10-06 05:52:01
BE22024773	7	0	내 말이. 그래서 즐거워야 할 여행길이 너무 끔찍했어. 원래도 이렇게 폭언을 퍼붓는 사람인데 내가 잘못 보고 있었던 게 아닐까 싶기도 하고.	N	2022-10-06 05:52:01	2022-10-06 05:52:01
BE22024773	8	1	하지만 평소에 보던 네 남자친구의 모습은 굉장히 선한 사람이었잖아. 운전을 하면 네 안전 문제 때문에 예민해지는 게 아닐까? 널 평소에 많이 아끼고 지켜주려 했던 걸 생각하면 상처가 덜어질 것 같아.	N	2022-10-06 05:52:01	2022-11-08 06:02:16
BE22024773	9	0	듣고 보니 엄마 말이 맞아. 운전만 안 하면 정말 배려심도 많고 착한 사람이잖아. 운전할 때도 언제나 내 안전이 염려되는 경우에만 화를 내곤 했었어.	N	2022-10-06 05:52:01	2022-11-08 06:02:16
BE22024773	10	1	나중에 둘이 같이 이 문제에 대해 이야기해 봐. 사실은 자신이 그렇게 행동하는지 잘 모를 수도 있을 것 같아. 그로 인해 네가 얼마나 상처받았는지도 이야기하면 남자친구도 깨닫지 않을까?	N	2022-10-06 05:52:01	2022-11-08 06:02:16
BE22024773	11	0	좋은 생각이야. 대화로 풀어나가면 분명 좋은 해결책이 생길 것 같아. 정말 고마워, 엄마.	N	2022-10-06 05:52:01	2022-10-06 05:52:01
BE22024773	12	1	운전에 집중하다 보면 무의식중에 나오는 것일 수도 있고. 만약 알면서도 그렇게 행동하는 거라면 정말 고쳐야 한다고 얘기해 주는 것이 좋을 것 같아.	N	2022-10-06 05:52:01	2022-11-08 06:02:16
BE22024773	13	0	그래야겠다. 속으로 끙끙 앓으면서 이렇게 불안하게 만나는 것보다는 솔직하게 말하고 함께 고쳐나갈 방법을 찾아야겠어. 엄마 덕분에 오늘도 걱정을 많이 덜었어, 고마워.	N	2022-10-06 05:52:01	2022-11-08 06:02:16
BE22024773	14	1	힘든 일이 있으면 언제든 엄마한테 이야기하렴.	Y	2022-10-06 05:52:01	2022-10-06 05:52:01
