id	utterance_id	utterance_type	utterance_text	terminate	regDate	updDate
BE22023643	1	0	엄마, 이번 일은 말씀을 드려야 할 것 같아요. 제 상처가 오래갈 것 같아서요. 들어주실래요?	N	2022-10-03 08:11:06	2022-11-08 05:55:37
BE22023643	2	1	아들, 무슨 일이니. 동아리에서 준비한 연극 성황리에 끝났다고 하지 않았니?	N	2022-10-03 08:11:06	2022-10-03 08:11:06
BE22023643	3	0	주인공을 맡아서 열심히 연습했고 무대까지 잘 끝냈어요. 아버지에게도 말씀드렸는데 이제 그딴 거 그만하고 공부에 집중하라고 하시는 거예요. 인정받고 싶던 마음이 다 무너진 기분이에요.	N	2022-10-03 08:11:06	2022-10-03 08:11:06
BE22023643	4	1	그런 일이 있었구나. 아들 마음이 정말 많이 아팠겠다. 네 아버지가 워낙 칭찬에 인색한 사람이잖니.	N	2022-10-03 08:11:06	2022-11-08 05:55:37
BE22023643	5	0	그래도 한 번은 좋은 말을 듣고 싶었어요. 제가 여태 모범적으로 자랐다고 생각하는데 아버지는 항상 그 이상을 원하시잖아요. 어떻게 대해야 할지 모르겠어요.	N	2022-10-03 08:11:06	2022-10-03 08:11:06
BE22023643	6	1	네가 이번에 정말 마음의 상처를 깊게 받았구나. 네가 평소에 아버지를 얼마나 존경하는지 알아서 그런지 내 마음도 참 무거워진다. 그래, 아들이 아버지에게 인정받고 싶어 하는 마음이 얼마나 큰지 잘 알지.	N	2022-10-03 08:11:06	2022-11-08 05:55:37
BE22023643	7	0	아무리 칭찬에 인색하셔도 한 번은 좋은 말씀을 해주실 수 있는 거잖아요. 자식은 그런 인정이 필요한데 아버지는 그걸 모르시는 것 같아요. 정말 너무 상처받아요.	N	2022-10-03 08:11:06	2022-10-03 08:11:06
BE22023643	8	1	사실 네 아버지는 수줍음이 많은 사람이란다. 꼿꼿하고 날카롭게 보이지만 속은 참 여린 사람이지. 그 사람이 모임에 가면 네 자랑을 얼마나 많이 하는 줄 아니?	N	2022-10-03 08:11:06	2022-10-03 08:11:06
BE22023643	9	0	정말이에요? 아버지께서 제 칭찬을 남에게 하고 다니신다고요? 엄마, 진실을 말해주세요.	N	2022-10-03 08:11:06	2022-10-03 08:11:06
BE22023643	10	1	어디 내어놔도 빠지지 않을 아들이라고 아주 칭찬하고 다니신단다. 믿지 못하겠다면 네 아버지 친구분을 소개해줄게. 아들, 네가 상처받은 건 이해하지만 이런 아버지를 이해하고 마음을 푸는 게 어떠니.	N	2022-10-03 08:11:06	2022-11-08 05:55:37
BE22023643	11	0	그래도 직접 해주시면 좀 좋아요? 이번에는 특히 상처가 깊어서 마음이 안 좋네요.	N	2022-10-03 08:11:06	2022-10-03 08:11:06
BE22023643	12	1	네 아버지도 속마음을 털어놓을 날이 올 거야. 부디 상처받은 마음 잘 다스리면서 조금만 기다려주었으면 좋겠구나. 아버지가 널 너무나 사랑하고 아낀다는 것을 잊지 않았으면 좋겠어.	N	2022-10-03 08:11:06	2022-11-08 05:55:37
BE22023643	13	0	엄마가 그렇게까지 말씀해주시니까 마음이 좀 풀려요. 네, 아버지의 진심을 믿고 기다릴게요. 언젠간 허심탄회하게 속마음을 나눌 기회가 오겠지요.	N	2022-10-03 08:11:06	2022-10-03 08:11:06
BE22023643	14	1	당연하지. 역시 속 깊고 마음 넓은 우리 아들이야. 마음 잘 풀고 오늘도 좋은 하루 보내렴.	N	2022-10-03 08:11:06	2022-10-03 08:11:06
BE22023643	15	0	네, 엄마. 이야기 들어주셔서 정말 감사해요. 큰 힘이 되었어요.	Y	2022-10-03 08:11:06	2022-11-08 05:55:37
