id	utterance_id	utterance_type	utterance_text	terminate	regDate	updDate
BE22027999	1	0	엄마 저번에 이번 여름방학에 친구들하고 여행 가기로 했는데 친구들이 나만 두고 여행 간 것 같아. 재밌게 보내고 있는 것 같아서 전화했는데 아무도 전화를 안 받아. 그리고 그 친구 중 둘 한명이 내 연락처를 차단해서 상처받았어.	N	2022-10-13 04:30:35	2022-11-08 06:21:32
BE22027999	2	1	무슨 일 있었던 거야?	N	2022-10-13 04:30:35	2022-11-08 06:21:32
BE22027999	3	0	처음에 나랑 같이 계획을 세웠는데 유흥주점에 가고 싶어 하길래 나는 싫다고 했어. 여행 가서 왜 그런 곳에서 시간을 허비하냐고 했는데 그 말이 그 친구에겐 상처가 되었나 봐. 얼굴 붉히는 상황이 있었지만 나는 잘 넘어갔다고 생각했는데 나만 동떨어진 느낌이야.	N	2022-10-13 04:30:35	2022-11-08 06:21:32
BE22027999	4	1	부푼 기대감으로 계획을 세우던 중이었을 것 같은데 기대가 컸던 만큼 실망도 컸을 것 같아.	N	2022-10-13 04:30:35	2022-11-08 06:21:32
BE22027999	5	0	응 정말 실망했어. 그렇지만 나는 대화로 잘 풀었다고 생각했고 마음 맞는 친구들끼리 여행하는 중이라 생각했어. 재밌게 놀고 오라고 하려 했는데 연락도 안 되고 내 번호는 차단되어 있더라고.	N	2022-10-13 04:30:35	2022-11-08 06:21:32
BE22027999	6	1	네가 기대한 반응과 상반된 반응이 너를 아프게 했구나. 친구들이 네 맘을 몰라주는 것 같아서 아주 속상하고 가슴에 스크래치가 생길 것 같아. 엄마도 회사 다닐 때 곤란한 상황에서 그 누구도 도와주지 않아 상처받았던 적 있어.	N	2022-10-13 04:30:35	2022-11-08 06:21:32
BE22027999	7	0	처음엔 당황스러웠는데 같이 여행 간 친구들이 아무도 전화를 받지 않으니까 눈물이 날 정도로 상처가 되더라. 나름 가깝게 지냈던 친구들이고 서로에 대해 어느 정도 안다고 생각했는데 내가 너무 섣부르게 행동했나 봐.	N	2022-10-13 04:30:35	2022-11-08 06:21:32
BE22027999	8	1	서로 오해가 깊이 생긴 것 같아. 다음에 기회를 잡아서 대화로 다시 한번 쌓인 오해를 풀어보는 게 좋을 것 같아. 그래도 엄마는 본인 기준을 가지고 옳고 그름을 따질 줄 아는 딸이 대단하다고 생각해.	N	2022-10-13 04:30:35	2022-11-08 06:21:32
BE22027999	9	0	학교에서 만나면 진지하게 이야기 나누어 봐야 할 것 같아. 내가 사과할 일 있으면 사과하고 끝내더라도 엄마 말대로 오해는 풀고 싶어. 옳고 그름은 확실하게 해야 한다고 생각해서 내가 한 말에 후회는 안 하려고.	N	2022-10-13 04:30:35	2022-11-08 06:21:32
BE22027999	10	1	우리 딸 정말 대견한 것 같아. 그렇지만 다른 곳에 말도 못 하고 딸 혼자 속으로 앓고 있었을 것 같아서 엄마도 속상하네.	N	2022-10-13 04:30:35	2022-11-08 06:21:32
BE22027999	11	0	이제는 훌훌 털어버리려고. 엄마한테 말해서 답답하고 막혔던 속이 뻥 뚫리는 것 같아.	N	2022-10-13 04:30:35	2022-10-13 04:30:35
BE22027999	12	1	그것참 다행이야. 엄마는 딸이 학교 생활하면서 상처받지 않고 행복한 나날을 보냈으면 좋겠어.	N	2022-10-13 04:30:35	2022-11-08 06:21:32
BE22027999	13	0	엄마가 있어서 정말 다행이야. 엄마 덕분에 상처받은 마음이 자신감과 용기로 바뀌는 것 같아.	N	2022-10-13 04:30:35	2022-11-08 06:21:32
BE22027999	14	1	점 성장해가는 모습이 정말 대견스러워. 말 못 할 고민이 또 생긴다면 이야기해.	Y	2022-10-13 04:30:35	2022-11-08 06:21:32
