id	utterance_id	utterance_type	utterance_text	terminate	regDate	updDate
BE22031160	1	0	팀장님, 어제 친구 결혼식 갔다 왔는데 마음이 안 좋네요. 아무래도 마음의 상처를 받은 것 같아요.	N	2022-10-17 14:54:33	2022-10-17 14:54:33
BE22031160	2	1	그게 무슨 말이에요? 결혼식에 무슨 일이 있었길래 기분이 안 좋은 거예요?	N	2022-10-17 14:54:33	2022-11-08 06:40:49
BE22031160	3	0	제가 좋아했던 선배와 친구가 결혼을 했거든요. 그래서 그 광경을 직접 눈으로 목격하니까 질투가 나고 상처받게 되더라고요. 제가 예전에 그 선배와 잘 되려고 온갖 짓을 다 했었던 걸 그 친구도 알거든요.	N	2022-10-17 14:54:33	2022-11-08 06:40:49
BE22031160	4	1	감정화자씨가 겪었던 그 일을 그려보니 저 역시도 마음이 안 좋아지네요. 저였어도 둘의 행복 앞에서 혼자 씁쓸한 마음을 느꼈을 것 같아요. 정말 마음이 쓰라리고 기분이 좋지 않겠네요.	N	2022-10-17 14:54:33	2022-11-08 06:40:49
BE22031160	5	0	네, 그래서 지금도 회사 일에 집중하기가 힘들어요. 친구도 제가 그 사람을 좋아했단 걸 뻔히 알면서 결혼까지 한다니 참 상처받게 되네요. 그리고 제가 그 선배의 아내가 될 수 없단 사실에 시기를 느껴요.	N	2022-10-17 14:54:33	2022-11-08 06:40:49
BE22031160	6	1	무슨 마음인지 저도 알 것만 같아요. 저도 예전에 제가 짝사랑했던 여성분이 지인이랑 잘 되는 걸 보고 마음 아팠던 적이 있었거든요. 그래서 그 심정 누구보다 공감이 가요.	N	2022-10-17 14:54:33	2022-11-08 06:40:49
BE22031160	7	0	왜 제가 좋아하는 사람은 저를 좋아하지 않을까요? 제가 친구처럼 늘씬하고 성격이 쾌활했으면 그 선배가 저를 먼저 좋아했을까요?	N	2022-10-17 14:54:33	2022-10-17 14:54:33
BE22031160	8	1	지나쳐 가는 인연을 미련하게 붙잡는 대신 놔줬으면 좋겠어요. 생각하면 할수록 상처만 깊어지잖아요, 그러니까 미련을 떨쳐냅시다. 인연이란 건 본인이 노력을 안 해도 이루어지는 법이니까, 꼭 맞는 사람이 찾아올 거예요.	N	2022-10-17 14:54:33	2022-11-08 06:40:49
BE22031160	9	0	하지만 쉽사리 상처를 극복할 수가 없네요. 계속 둘의 결혼식이 눈앞에 그려지거든요.	N	2022-10-17 14:54:33	2022-11-08 06:40:49
BE22031160	10	1	상처받을 때면 자신을 잘 달랠 줄 아는 사람이 되었으면 해요. 당분간은 마음을 회복하기 위해 자신을 위한 시간을 많이 가졌으면 하네요. 그렇게 온전히 자신에게 집중하는 시간을 보내면 분명 상처가 말끔하게 사라질 거예요.	N	2022-10-17 14:54:33	2022-11-08 06:40:49
BE22031160	11	0	팀장님 말을 들으니 상처를 극복할 수 있을 것 같아서 진정돼요. 제가 이런 상처는 처음이라 너무 미숙하게 굴었네요. 스스로 저의 상처를 계속 후벼 파는 건 줄도 모르고 내내 그 장면을 곱씹으면서 아파했네요.	N	2022-10-17 14:54:33	2022-11-08 06:40:49
BE22031160	12	1	아무래도 한창 감성적일 때는 감정에 휘말릴 수밖에 없죠. 억지로 달래는 것보다 차라리 이렇게 감정을 쏟아내는 것도 좋아요. 저한테 이렇게 털어놓았으니 금방 진정이 될 거예요.	N	2022-10-17 14:54:33	2022-11-08 06:40:49
BE22031160	13	0	네, 팀장님이랑 대화하니까 많은 위안을 얻을 수 있어서 좋네요. 정말 도움이 되는 말을 많이 해줘서 고마워요. 덕분에 이 상처에 대해서 잘 대처할 수 있을 것 같아요.	N	2022-10-17 14:54:33	2022-11-08 06:40:49
BE22031160	14	1	네, 아무쪼록 마음이 잘 낫기를 바랄게요. 감정화자씨라면 그 상처 잘 극복할 수 있을 테니까 당장 힘들다고 조급해하지 마세요. 잘 회복되기를 진심으로 빌게요!	Y	2022-10-17 14:54:33	2022-11-08 06:40:49
