id	utterance_id	utterance_type	utterance_text	terminate	regDate	updDate
BE22031202	1	0	공감화자님, 제가 새로 나가는 모임에서 제 학력을 무시하는 말을 들어서 상처를 깊이 입었어요. 사람들은 어째서 학력으로 사람을 평가하는 건지 마음이 너무 아프고 괴로워요.	N	2022-10-17 15:54:40	2022-10-17 15:54:40
BE22031202	2	1	많이 나아졌다고는 하지만 여전히 학력 만능주의가 팽배한 것 같아요. 감정화자님께서 학력 문제로 상처를 받으셨다니 제 마음도 참 아파요. 얼마나 억울하고 마음이 속상하셨겠어요.	N	2022-10-17 15:54:40	2022-11-08 06:41:03
BE22031202	3	0	제가 학력이 그렇게 훌륭하지는 않지만 그래도 직장에서 얼마나 열심히 일해요. 사회에서 제 몫은 충분히 잘 해내고 있다고 믿는데 이런 말을 들을 때마다 너무 상처예요.	N	2022-10-17 15:54:40	2022-10-17 15:54:40
BE22031202	4	1	감정화자님께서 얼마나 유능한 인재인지 모르는 사람들의 말에 상처 입지 말아요. 우리 회사에서 감정화자님이 얼마나 중요하고 핵심적인 인재인데요. 감정화자님께서는 충분히 훌륭하고 멋진 사회인이에요.	N	2022-10-17 15:54:40	2022-11-08 06:41:03
BE22031202	5	0	사회에서 만나는 사람들마다 학력을 물어보고 그걸로 사람을 판단하는 게 너무 슬퍼요. 사람의 가치는 학력으로 평가되는 것이 아닌데 말이에요. 그럴 때마다 얼마나 상처를 받는지 몰라요.	N	2022-10-17 15:54:40	2022-10-17 15:54:40
BE22031202	6	1	저도 그렇게 단편적인 정보로 한 사람을 판단할 수 없다고 믿어요. 사람은 정말 복잡하고 다면적인 존재인데 그럴 수는 없는 거지요. 저도 감정화자님의 의견에 십분 동감해요.	N	2022-10-17 15:54:40	2022-11-08 06:41:03
BE22031202	7	0	나중에 제가 만날 배우자의 부모님께서 제 학력으로 저를 탐탁지 않아 하실까 걱정이에요. 그러면 정말 크게 상처를 입을 거예요. 어르신들은 학력에 대한 완고함이 더 심각하시니까 말이에요.	N	2022-10-17 15:54:40	2022-10-17 15:54:40
BE22031202	8	1	아직 일어나지 않은 일에 대해 벌써 부터 걱정할 필요 없어요. 미래는 아무도 모르는 건데 불안해 하기만 하면 오히려 마음 건강에 안 좋으니 긍정적으로 생각합시다. 감정화자님의 훌륭한 인격을 제대로 꿰뚫어보는 분들을 만나실 거예요.	N	2022-10-17 15:54:40	2022-11-08 06:41:03
BE22031202	9	0	제가 능력이 없어서 이런 학력인 것이 아니라 가정 형편이 어려워서 그랬던 거거든요. 편견을 갖는 사람마다 붙잡고 설명할 수도 없고 많이 억울하고 괴로워요.	N	2022-10-17 15:54:40	2022-10-17 15:54:40
BE22031202	10	1	오해하는 사람들에게 모두 해명하기도 힘들고 얼마나 답답하시겠어요. 하지만 감정화자님을 잘 알게 되고 대화를 해보면 모두 감정화자님이 속이 깊고 유능하다고 알게 된답니다.	N	2022-10-17 15:54:40	2022-11-08 06:41:03
BE22031202	11	0	그렇게 저를 위로해주시고 추켜세워주셔서 정말 고마워요. 공감화자님께 그렇게 위로를 받으니 마음이 크게 낫는 기분이에요.	N	2022-10-17 15:54:40	2022-11-08 06:41:03
BE22031202	12	1	제가 감정화자님에게 도움을 드렸다니 뿌듯한 걸요. 언제라도 마음이 무거워지시면 저를 찾아주세요.	N	2022-10-17 15:54:40	2022-11-08 06:41:03
BE22031202	13	0	공감화자님은 정말 마음이 따뜻하시군요. 기분이 많이 나아지고 감정도 해소가 되었어요.	N	2022-10-17 15:54:40	2022-11-08 06:41:03
BE22031202	14	1	감정화자님께서 한결 편안해지신 듯해서 다행이에요.	Y	2022-10-17 15:54:40	2022-11-08 06:41:03
