id	utterance_id	utterance_type	utterance_text	terminate	regDate	updDate
BE22031404	1	0	저희 남편은 제가 답답한가봐요. 남편에게 상처를 입었어요.	N	2022-10-18 01:24:38	2022-10-18 01:24:38
BE22031404	2	1	감정화자님, 남편분과 안 좋은 일 있으셨어요?	N	2022-10-18 01:24:38	2022-10-18 01:24:38
BE22031404	3	0	제가 아침잠이 많아서 알람을 10개 이상 맞춰놓거든요. 그런데도 잘 못 들어서 남편이 짜증을 내더라고요. 너무 속상하네요.	N	2022-10-18 01:24:38	2022-10-18 01:24:38
BE22031404	4	1	저 역시도 아침잠이 많고, 잠귀가 어두운 편이라서 그 마음 충분히 이해해요. 남편분의 태도에 많이 속상하셨겠어요.	N	2022-10-18 01:24:38	2022-11-08 06:42:17
BE22031404	5	0	저도 알람 소리를 듣고 싶은데 정말 하나도 안 들려서 답답하거든요. 제가 듣기 전에 남편이 먼저 듣고 끄면서 저에게 화를 내니까 상처가 되네요.	N	2022-10-18 01:24:38	2022-11-08 06:42:17
BE22031404	6	1	감정화자님 나름대로 일찍 일어나고자 노력을 하시고 있네요. 그런 부분을 남편분에게 이해를 받지 못하는 것 같아 속상하실 것 같아요.	N	2022-10-18 01:24:38	2022-11-08 06:42:18
BE22031404	7	0	어릴 때부터 아침에 일찍 못 일어나고 알람 소리도 듣지 못해서 아빠가 항상 직접 깨워주셨어요. 누군가 깨워주면 바로 일어날 수 있거든요. 남편은 제 속도 모르고 저를 답답해하고 맘 아프네요.	N	2022-10-18 01:24:38	2022-10-18 01:24:38
BE22031404	8	1	사람들이 다 남편분 같지는 않다는 걸 말씀해 보세요. 그리고 남편분께 깨워달라고 부탁을 하시는 건 어떠세요? 감정화자님의 의지를 보여주시면 남편분도 흔쾌히 도와주실 거예요.	N	2022-10-18 01:24:38	2022-11-08 06:42:18
BE22031404	9	0	생각해 보니 제가 남편과 이런 얘기를 해본 적이 없는 것 같아요. 저라는 사람의 특징과 세상에는 저 같은 사람도 있다는 말을 전해보고 싶네요.	N	2022-10-18 01:24:38	2022-11-08 06:42:18
BE22031404	10	1	분명히 감정화자님의 얘기에 귀 기울이고 잘 들어주실 거예요. 말로 정확히 전달하지 않으면 이해 못 할 일들이 많잖아요. 대화해 보시면 달라지실 거예요.	N	2022-10-18 01:24:38	2022-11-08 06:42:18
BE22031404	11	0	결혼해서 누군가와 같이 살면서 별거 아닌 일에도 자꾸 부딪히는 게 속상했어요. 공감화자님 말씀을 들으니 방법을 좀 찾은 것 같아요.	N	2022-10-18 01:24:38	2022-11-08 06:42:18
BE22031404	12	1	제가 누군가에게 도움이 된다니 정말 뿌듯해요.	N	2022-10-18 01:24:38	2022-11-08 06:42:18
BE22031404	13	0	공감화자님도 답답하실 때 저에게 꼭 말씀해 주세요. 저도 열심히 들어드릴게요.	N	2022-10-18 01:24:38	2022-10-18 01:24:38
BE22031404	14	1	말씀만으로도 너무 든든하네요.	Y	2022-10-18 01:24:38	2022-10-18 01:24:38
