id	utterance_id	utterance_type	utterance_text	terminate	regDate	updDate
BE22025235	1	0	공감화자님, 정말 저 억울해서 말이 안 나와요. 아침에 사무실에 전화가 와서 받았더니 분명 말을 안 해서 끊었거든요. 그런데 말도 안 하는데 왜 전화를 끊냐고 항의를 해서 전 마음에 상처를 받았어요.	N	2022-10-07 06:11:49	2022-10-07 06:11:49
BE22025235	2	1	억울하셨겠어요. 그 화를 내시는 분의 마음도 이해는 하겠지만 그렇게 따질 것은 아니라는 생각이 드네요. 감정화자님은 말을 안 해서 끊으실 분이란 것을 우리 사무실 사람이라면 다 알고 있어요.	N	2022-10-07 06:11:49	2022-11-08 06:05:02
BE22025235	3	0	그러니까요, 이렇게 공감화자님도 이해를 하는데 왜 전화를 건 상대방은 이해를 못 하시는지. 제가 계속 말을 안 하셔서 끊은 거라고 말을 했는데. 전화 받는 기본이 안 돼 있다면서 마음에 상처가 되는 말을 하시더라고요.	N	2022-10-07 06:11:49	2022-11-08 06:05:02
BE22025235	4	1	정말 마음에 상처를 받으셨겠어요. 어떻게 그렇게 말을 하시는지 문자로 받은 내용이지만 제가 다 마음이 찢어질 것 같네요. 우리 사무실에서 감정화자님이 누구보다 친절하시고 배려 있는 분인데 그런 말을 들으실 이유가 없어요.	N	2022-10-07 06:11:49	2022-11-08 06:05:02
BE22025235	5	0	오늘은 그 일을 시작으로 제가 마음에 상처가 깊어서 그런지 힘이 안 나요. 전화가 울려도 또 그런 사람일까 봐 두려워져서 못 받겠어요.	N	2022-10-07 06:11:49	2022-10-07 06:11:49
BE22025235	6	1	마음에 상처가 깊어지신 감정화자님이 상상 돼서 너무 안타까워요. 우선은 그렇게 진상 고객의 전화라면 사무실 모두가 이해하고 있어요. 그리고 어느 누구도 감정화자님 잘못이라고 생각하는 사람은 없다는 것을 알아 주셨으면 해요.	N	2022-10-07 06:11:49	2022-11-08 06:05:02
BE22025235	7	0	그런 걸까요, 생각보다 이 기억이 잊히지 않아서 제가 상처가 깊어지나 봐요. 전화가 와서 받으면 말을 안 해도 끊으면 안 되는 건지 몰랐거든요.	N	2022-10-07 06:11:49	2022-10-07 06:11:49
BE22025235	8	1	그건 말도 안 되는 거죠, 당연히 전화를 끊어야지 누가 기다리고 있어요. 우리 부서가 고객의 전화를 받는 업무인데 다른 고객의 전화를 대기해야 하는 상황에서 현명한 대처였어요.	N	2022-10-07 06:11:49	2022-11-08 06:05:02
BE22025235	9	0	감사해요, 역시 저의 상처 받은 마음을 공 감화자님에게 문자 하길 잘했어요. 제 상처 받은 마음이 공감화자님의 위로와 격려로 많이 풀어졌어요.	N	2022-10-07 06:11:49	2022-11-08 06:05:02
BE22025235	10	1	다행이네요. 사실 아침에 문자를 받고 말도 안 되는 이유로 상처를 받으신 것 같았거든요. 그래서 걱정이 많이 되었어요.	N	2022-10-07 06:11:49	2022-11-08 06:05:02
BE22025235	11	0	공감화자님의 그런 마음이 저에게 잘 전달되었어요. 저에게 저의 잘못이 아니라고 위로해 주셔서 너무 감사했어요. 그런 문자를 너무 받고 싶었었나 봐요.	N	2022-10-07 06:11:49	2022-10-07 06:11:49
BE22025235	12	1	당연하죠, 그게 진실이기 때문에 그런 문자는 얼마든지 보내 드릴 수 있어요. 그리고 전 감정화자님이 감정이 상하실 것이 염려되는 마음이라서 힘을 드리고 싶었어요.	N	2022-10-07 06:11:49	2022-11-08 06:05:02
BE22025235	13	0	저에게 항상 힘을 주시는 공감화자님과 같은 회사라는 것이 너무 고맙고 감사해요. 회사에서 이런 일이 생길 때마다 생각나는 분이 공감화자님이라 너무 감사해요.	N	2022-10-07 06:11:49	2022-11-08 06:05:02
BE22025235	14	1	서로에게 힘이 되어 준다는 것이 정말 좋은 거죠, 저도 평상시에 감정화자님을 보면서 힘을 내요. 언제나 일에 진심이시고 책임을 다하시는 모습에 존경을 보내요.	N	2022-10-07 06:11:49	2022-11-08 06:05:02
BE22025235	15	0	이게 다 공감화자님 덕분이에요. 공감화자님의 위로와 격려의 문자가 저를 힘 나게 해 주세요. 정말 감사드려요, 오늘도 전화가 왔는데 말을 안 하는 고객 때문에 받은 상처를 달래 주셨어요.	Y	2022-10-07 06:11:49	2022-11-08 06:05:02
