id	utterance_id	utterance_type	utterance_text	terminate	regDate	updDate
BE22022250	1	0	공감화자님, 오늘 신입 사원들이 들어왔던데 나이가 저희와 띠동갑 차이가 나더라고요. 생각보다 많은 나이 차이에 후배들의 눈치가 보일 정도라서 세대 차이가 실감이 나요. 이제는 회사에 입사한 지 오래되었는데 승진도 못 한 저 자신에 상처받는 날이에요.	N	2022-09-28 03:41:38	2022-11-08 05:47:24
BE22022250	2	1	왜 그렇게 생각하세요, 저희 동료 중에서 가장 실력 좋으시고 미래가 창창하신 감정화자님이세요. 아직 회사에서 승진 잘 표도 안 난 시점인데 상처를 받으신 것 같아서 걱정되네요.	N	2022-09-28 03:41:38	2022-11-08 05:47:24
BE22022250	3	0	신입 사원도 들어오고 저희와 나이 차가 생각보다 많다는 생각에 저 자신을 돌아보게 되었어요. 안 그래도 치고 올라오는 실력 좋은 후배들을 보면 눈치를 볼 때도 있거든요. 그럴 때는 저도 모르게 마음에 상처받아요.	N	2022-09-28 03:41:38	2022-11-08 05:47:24
BE22022250	4	1	당연히 상처받을 만하시죠, 저도 그래요. 회사는 실력 좋은 사람들로 넘쳐나는데 인정받기 힘든 현실에 힘든 심정이시잖아요. 그런데 제가 보기에는 감정화자님 만큼 훌륭한 직원은 없어요.	N	2022-09-28 03:41:38	2022-11-08 05:47:24
BE22022250	5	0	후배들이 가지고 오는 작업물들을 보면 솔직히 놀랄 때가 많아요. 저보다 훨씬 더 창의적이고 멋진 것들이 많더라고요. 그래서 더 열심히 일하려고 해도 센스의 차이는 따라잡을 수 없다는 생각이 들어서 상처가 깊어지죠.	N	2022-09-28 03:41:38	2022-09-28 03:41:38
BE22022250	6	1	그런 센스도 중요하지만 감정화자님에게는 후배들이 가지지 못하는 연륜이 있으세요. 그건 아무나 가질 수 없기에 감정화자님의 강점이라는 것을 알고 계시잖아요. 그래서 항상 회사에서 인정받으시고 실적도 좋으신 거고요.	N	2022-09-28 03:41:38	2022-09-28 03:41:38
BE22022250	7	0	후배들의 눈치를 볼 때가 있어서 저도 모르게 움츠렸던 것 같아요. 그래서 요즘 저 자신이 만족하는 결과물이 안 나왔어요. 실망스러운 마음에 이렇게 공감화자님에게 문자를 드리는 거고요.	N	2022-09-28 03:41:38	2022-11-08 05:47:24
BE22022250	8	1	저에게 연락하길 잘하셨고, 동기 사랑이라는 것이 있잖아요. 동기가 챙겨야지 누가 챙기겠어요. 그리고 감정화자님은 자신에게 유독 엄격하셔서 기준이 너무 높으신 경향도 있으세요.	N	2022-09-28 03:41:38	2022-11-08 05:47:24
BE22022250	9	0	제가 이렇게 상처받은 마음에 공감화자님에게 연락드린 것인데 연락하길 잘했다는 생각이 드네요. 저의 상처 받았던 마음이 공감화자님의 위로와 격려로 많이 회복되었어요. 너무 감사해요.	N	2022-09-28 03:41:38	2022-11-08 05:47:24
BE22022250	10	1	저희 중에 실력도 제일 좋으시고 열심히 노력하시는 감정화자님의 갑작스러운 연락에 걱정이 많이 됐어요. 자신감이 떨어졌다는 느낌을 받았기에 힘을 드리고 싶다는 생각뿐이었어요.	N	2022-09-28 03:41:38	2022-11-08 05:47:24
BE22022250	11	0	덕분에 정말 많이 회복되었어요. 제 뒤에 실력이 월등한 후배들을 바라보면서 너무 압박감이 느껴졌어요. 눈치까지 보이는 상황에 아주 힘들었나 봐요.	N	2022-09-28 03:41:38	2022-11-08 05:47:24
BE22022250	12	1	그렇죠, 그런 마음에 저에게 연락을 주셔서 너무 다행이에요. 절대 그런 생각을 안 가지셔도 된다고 말하고 싶었어요. 제가 아는 사람 중에서 제일 실력이 좋으시고 열심히 하는 분이시니까요.	N	2022-09-28 03:41:38	2022-11-08 05:47:24
BE22022250	13	0	역시 칭찬은 저를 춤추게 하나 봐요. 조금 전까지 후배의 눈치가 보인다며 상처받은 마음을 말하던 제가 아닌 것 같아요. 용기가 많이 생기네요.	N	2022-09-28 03:41:38	2022-11-08 05:47:24
BE22022250	14	1	그 용기를 원래 감정화자님이 가지고 있어야 할 것이었어요. 누구보다 노력하시는 분위기에 압박감도 느끼셨을 거란 생각이 들었죠. 상처받은 마음이 회복하여 힘을 내셔서 다행이에요.	N	2022-09-28 03:41:38	2022-11-08 05:47:24
BE22022250	15	0	이게 다 공감화자님 덕분이라는 생각은 변하지 않아요. 저의 줄어들었던 자신감을 다시 찾아주셔서 너무 감사드리고 상처받은 마음이 많이 회복되었어요.	Y	2022-09-28 03:41:38	2022-11-08 05:47:24
