id	utterance_id	utterance_type	utterance_text	terminate	regDate	updDate
BE22025007	1	0	요즘 폐지 줍는 노인들이 부쩍 늘어나는 것을 보니까 마음이 아파요.	N	2022-10-06 14:15:06	2022-10-06 14:15:06
BE22025007	2	1	맞아요, 그런거 같아요. 예전보다 많이 늘었다는 생각이 나도 들더라고요. 페지 줍는 노인들의 뒷모습을 보면 짠하고 나도 모르게 마음이 아프더라고요.	N	2022-10-06 14:15:06	2022-11-08 06:03:41
BE22025007	3	0	그분들이 그런 일을 하는 걸 볼 때면 내 마음의 상처가 다시 떠올라서 고통스럽더라고요. 내 아버지도 폐지를 줍는 일을 했거든요, 폐지 줍는 아버지가 창피해서 외면했어요. 친구들이 나를 보고 고물 장사 아들이라고 놀려서 상처를 받았어요.	N	2022-10-06 14:15:06	2022-11-08 06:03:41
BE22025007	4	1	친구들에게 상처 받은 마음이 얼마나 힘들었겠어요. 어린나이에 그런 일을 겪었다니 그 상처가 얼마나 깊을지 상상 할 수가 없네요. 감정화자씨에게 전해 듣는 나도 이렇게 힘든데 감정화자씨는 오죽했겠어요.	N	2022-10-06 14:15:06	2022-11-08 06:03:41
BE22025007	5	0	우리 집은 내가 어릴 때부터 경제적으로 어려웠는데, 아버지는 건강도 좋지 않아서 일을 할 수가 없으셨어요. 그나마 아버지가 유일하게 하실 수 있는 일이 폐지 줍는 일이었던 거 같아요. 아버지가 길에서 폐지를 줍는 모습을 보면 부딪치지 않으려고 다른 길로 가기도 했어요.	N	2022-10-06 14:15:06	2022-11-08 06:03:41
BE22025007	6	1	그랬군요, 감정화자씨가 왜 그렇게 폐지 줍는 노인들을 보면 마음 아파하나 생각하니 아버지가 생각나서 그러셨군요. 어렸을 때 감정화자씨는 그럴 수도 있을 거라고 생각해요. 나였어도 그런 행동을 했을 거예요. 그 누구도 감정화자씨에게 뭐라고 할 사람은 없을 거예요.	N	2022-10-06 14:15:06	2022-11-08 06:03:41
BE22025007	7	0	아버지는 내가 했던 행동을 알고 계시면서 모른 척 해주신 것 같아요. 내가 아버지에게 상처를 준 것 같아서 너무 죄송하고 미안했어요. 살아 계셨을 때 좀 더 잘 해드리지 못한 것이 늘 마음 아팠어요.	N	2022-10-06 14:15:06	2022-11-08 06:03:41
BE22025007	8	1	그 때는 감정화자씨도 어려서 친구들한테 상처를 받고 힘들어서 아버지를 되돌아볼 마음이 여유가 없었을 거예요. 그래도 아버지는 감정화자씨를 이해하실거라고 생각해요. 아버지는 감정화자씨가 친구들한테 놀림 받고 있다는 사실에 더욱 마음 아파하셨을 거예요.	N	2022-10-06 14:15:06	2022-11-08 06:03:41
BE22025007	9	0	나는 그렇게 아버지에게 아픈 상처만 주었어요. 아버지는 돌아가시기 전에 나에게 미안하다고, 사랑한다고 손을 꼭 잡아 주면서 웃으시더라고요. 내 심정은 칼로 에이듯이 너무 아픈 거예요, 그 이후로 폐지 줍는 노인들을 보면 마음이 짠하더라고요.	N	2022-10-06 14:15:06	2022-11-08 06:03:41
BE22025007	10	1	그래서 감정화자씨가 폐지 담은 수레를 끌고 가는 노인들을 보면 항상 뒤에서 밀어주셨군요. 아버지도 감정화자씨의 그런 모습을 보시면서 흐뭇해 하실 거예요. 감정화자씨가 아픔을 딛고 일어서서 대견해 하실 거예요.	N	2022-10-06 14:15:06	2022-11-08 06:03:41
BE22025007	11	0	그렇게 말을 해주니까 마음이 한결 편안해졌어요. 공감화자씨와 이렇게 얘기를 하니까 내 마음 속에 있는 아픈 상처가 아무는 것 같아요.	N	2022-10-06 14:15:06	2022-11-08 06:03:41
BE22025007	12	1	공감화자씨는 언제나 불우한 이웃을 보면 도와줄려고 항상 애를 쓰는 모습을 내가 옆에서 봐왔어요. 나는 생각하지도 못한 일을 하고 있어서 참 대단하다고 생각해요. 정말 대견하고 훌륭해요.	N	2022-10-06 14:15:06	2022-11-08 06:03:41
BE22025007	13	0	그렇게 말씀해 주시니 몸 둘바를 모르겠네요. 그런데 그 분들을 돕는다는 것이 혼자 하기에는 부족한 점이 많은 것 같아요.	N	2022-10-06 14:15:06	2022-11-08 06:03:41
BE22025007	14	1	어렵게 생각하지 말고 지금 할 수 있는 작은 일이라도 찾아서 해보는게 좋을 것 같아요. 나도 도울 수 있는 부분이 있으면 도울게요, 언제든 도움이 필요하면 얘기 하세요. 항상 옆에 있어 줄게요.	N	2022-10-06 14:15:06	2022-11-08 06:03:41
BE22025007	15	0	공감화자씨가 내 옆에 있다는 것이 너무 고마워요. 감정화자씨의 말이 나에게는 큰 용기와 희망이 되었어요.	Y	2022-10-06 14:15:06	2022-11-08 06:03:41
