id	utterance_id	utterance_type	utterance_text	terminate	regDate	updDate
BE22000179	1	0	공감화자야, 나 어제 화장실에서 손 씻다가 후배가 내 욕하는 걸 우연히 들었어.	N	2022-06-10 08:54:53	2022-11-08 03:25:23
BE22000179	2	1	그 후배는 네가 있는 줄 모르고 얘기한 거야?	N	2022-06-10 08:54:53	2022-11-08 03:25:23
BE22000179	3	0	응, 칸 안에서 다른 친구랑 통화하는 것 같았는데 아무래도 내 욕인 것 같아.	N	2022-06-10 08:54:53	2022-11-08 03:25:23
BE22000179	4	1	생각지 못하게 자기 험담을 듣게 되었으니 많이 놀랐겠다, 내가 잘못한 것도 없는데 괜히 심장이 두근거리고 그 자리를 피하고 싶었을 것 같아. 그 후에 그 후배랑 대면할 때 힘들지 않았어?	N	2022-06-10 08:54:53	2022-11-08 03:25:23
BE22000179	5	0	같은 공간에서 대화하는 게 많이 불편하더라고. 그리고 그 친구가 나를 오해하고 있는 것 같아서 마음이 더욱 답답했어.	N	2022-06-10 08:54:53	2022-11-08 03:25:23
BE22000179	6	1	그랬구나, 내가 아는 너는 그런 걸 신경 쓰지 않고 잊어버리거나 넘길 수 있는 사람이 아니기 때문에 더욱 걱정된다. 차라리 그 친구에게 네가 우연히 들은 내용을 솔직히 말하고 사실과 다른 점을 차분히 얘기하면서 서로의 감정을 풀어보는 게 어때? 그러면 너의 지금 억울한 마음도 풀릴 수 있을 것 같아.	N	2022-06-10 08:54:53	2022-11-08 03:25:23
BE22000179	7	0	나도 내 성격을 아니까 가장 먼저 그 생각을 했지. 하지만 그 험담 내용이 머릿속에서 잊혀지지 않을뿐더러 밑도 끝도 없는 오해에 의욕이 생기지 않더라고.	N	2022-06-10 08:54:53	2022-11-08 03:25:23
BE22000179	8	1	아직은 너도 생각을 정리할 시간이 필요한가 보다. 그러면 조금 여유를 가지고 앞으로 그 친구를 대할 때 조금 더 친절하게 하거나 생각지 못한 선의를 베풀어봐.	N	2022-06-10 08:54:53	2022-11-08 03:25:23
BE22000179	9	0	선의를 베풀라고? 지금은 그럴 기분이 아닌 것 같아.	N	2022-06-10 08:54:53	2022-11-08 03:25:23
BE22000179	10	1	너 스스로의 감정이 정돈되지 않은 상태에서 그 친구랑 얘기하다가 오히려 역효과가 나게 될까 걱정되기도 하고, 조건 없는 작은 선의가 그 친구에게 너를 다시 생각해 보게 하는 좋은 자극이 될 수도 있을 것 같아.	N	2022-06-10 08:54:53	2022-11-08 03:25:23
BE22000179	11	0	그럴까? 네 말도 일리가 있기는 해. 이미 나를 부정적으로 판단한 후배를 불러서 얘기를 하자고 하면 오히려 다그치는 것같이 보일 거고, 나를 더 피하게 될 수도 있을 것 같아.	N	2022-06-10 08:54:53	2022-11-08 03:25:23
BE22000179	12	1	맞아. 그러니 지금은 네가 그 얘기를 들은 건 잠시 묻어두고 일상생활 속에서 관계를 잘 형성하는 게 좋을 것 같아.	N	2022-06-10 08:54:53	2022-11-08 03:25:23
BE22000179	13	0	너는 정말 속이 깊은 것 같아. 어떻게 이런 생각을 할 수 있지? 너에게 고민 상담하길 잘했어.	N	2022-06-10 08:54:53	2022-11-08 03:25:23
BE22000179	14	1	그렇게 생각해 주면 내가 더 고맙고. 다음에 또 얘기하자, 어떻게 됐는지 알려줘!	N	2022-06-10 08:54:53	2022-11-08 03:25:23
BE22000179	15	0	고마워, 잘 해결되면 다음에 밥 살게!	Y	2022-06-10 08:54:53	2022-11-08 03:25:23
