id	utterance_id	utterance_type	utterance_text	terminate	regDate	updDate
BE22024771	1	0	김 대리, 나 어제 동창회 다녀온 거 알지? 즐거운 마음으로 갔는데 상처만 받고 모임이 끝난 것 같아.	N	2022-10-06 05:50:34	2022-11-08 06:02:15
BE22024771	2	1	이 대리 어제 동창회간다고 신나서 칼퇴근했었잖아! 모임에서 무슨 일이라도 있었던 거야?	N	2022-10-06 05:50:34	2022-11-08 06:02:15
BE22024771	3	0	친구 중 하나가 차를 끌고 왔는데 스포츠카였어. 어찌나 부럽던지, 부러워서 상처가 될 정도였어. 역시 돈이 최고인가 봐.	N	2022-10-06 05:50:34	2022-11-08 06:02:15
BE22024771	4	1	이런, 즐겁게 나간 동창회에서 친구가 끌고 온 스포츠카를 보고 주눅이 들었겠다. 하지만 돈이 인생의 전부는 아닌 거 이 대리도 잘 알잖아. 건강이 최고라며 매일 퇴근 후 운동하던 이 대리가 이런 말을 하다니!	N	2022-10-06 05:50:34	2022-11-08 06:02:15
BE22024771	5	0	김 대리 말대로 건강이 최고라는 내 좌우명을 의심한 적 없었어. 하지만 어제 친구의 멋진 스포츠카를 보니 열심히 살아온 내 인생을 인정받지 못하는 기분이 들었어. 그럴 돈이 없는 나에게 상처가 된 것 같기도 하고 말이야.	N	2022-10-06 05:50:34	2022-11-08 06:02:15
BE22024771	6	1	이 대리의 가치가 흔들리니 삶을 부정당하는 느낌이 들 수 있어. 하지만 이 대리의 값진 삶을 차 한 대에 비교하기엔 너무 속상한 일 아닐까? 물질적인 것에 비교할 수 없는 수많은 행복을 느꼈던 따뜻한 김 대리의 삶 말이야.	N	2022-10-06 05:50:34	2022-11-08 06:02:15
BE22024771	7	0	아무리 그렇게 생각하려 해도 어제는 표정 관리가 안되더라고. 내가 상처받아 주눅 들어있으니 친구들도 내 눈치만 살피는 것 같고, 말이야.	N	2022-10-06 05:50:34	2022-11-08 06:02:15
BE22024771	8	1	상처받은 마음에 휩싸이면 쉽게 나오지 못하는 마음 나도 이해해. 하지만 이 대리는 멋진 차 아니어도 충분히 행복을 느낄만한 순간이 많았잖아. 꼭 스포츠카처럼 눈에 보여야만 행복함을 증명하는 걸까? 난 아니라고 생각해.	N	2022-10-06 05:50:34	2022-11-08 06:02:15
BE22024771	9	0	이 대리 말을 듣고 보니 스포츠카가 없다고 해서 안 행복한 삶은 아닌 것 같아. 그저 부러운 마음에 홧김에 내가 헛살아왔다는 생각까지 했나 봐.	N	2022-10-06 05:50:34	2022-11-08 06:02:15
BE22024771	10	1	맞아. 이 대리 회사에서도 열심히 일하고 매사에 최선을 다하는 사람이라는 거 내가 잘 알아. 그러니 헛살아왔다는 생각은 하지 않았으면 좋겠어.	N	2022-10-06 05:50:34	2022-11-08 06:02:15
BE22024771	11	0	그렇게 말해줘서 고마워, 김 대리. 내가 말도 안 되는 상처 때문에 당황해서 쓸데없는 생각까지 했던 것 같아.	N	2022-10-06 05:50:34	2022-11-08 06:02:15
BE22024771	12	1	원래 부정적인 생각은 한번 하면 끝이 없다고 하더라. 생각이 꼬리를 물고 결국은 더 안 좋은 생각으로 끝난다고 했어. 인생의 의미는 어디에 두고 어떻게 생각하느냐에 따라 천차만별로 변하는 것 같아.	N	2022-10-06 05:50:34	2022-11-08 06:02:15
BE22024771	13	0	그러게, 말이야. 방금 전까지만 해도 스포츠카 한 대로 내 인생이 나락으로 떨어지는 것 같았거든. 하지만 다시 정신을 차려보니 그럴 일도 아닌 것 같고 말이야.	N	2022-10-06 05:50:34	2022-11-08 06:02:15
BE22024771	14	1	그럼. 이 회사가 이렇게 잘 돌아가는 데에도 이 대리 덕이 얼마나 큰지 몰라. 그러니 물질적인 것에 너무 연연해하지 마.	Y	2022-10-06 05:50:34	2022-11-08 06:02:15
