id	utterance_id	utterance_type	utterance_text	terminate	regDate	updDate
BE22017140	1	0	대리님, 오늘 저만 빼고 다들 행복한 것 같아요. 심지어 날씨도 오늘따라 하늘에 구름 한 점 없이 좋네요. 제 속도 모르고.	N	2022-09-06 00:20:41	2022-11-08 05:13:32
BE22017140	2	1	준비했던 사업 수주 못 해서 무척 속상해요? 기분이 별로일 땐 날씨가 너무 좋아도 야속하죠.	N	2022-09-06 00:20:41	2022-11-08 05:13:32
BE22017140	3	0	네, 며칠 밤을 새우며 준비했던 건데 떨어지니까 너무 허무해요. 그런데 저희 팀 동료들도 저한테 그냥 위로 한마디 건네고 말더라고요. 같이 슬퍼해 줬으면 좋겠는데 솔직히 좀 상처받았어요.	N	2022-09-06 00:20:41	2022-11-08 05:13:32
BE22017140	4	1	저런, 이럴 때는 동료들의 위로가 어떤 것보다 절실했을 텐데 너무 속상했겠어요. 함께 공감해주지 않으니 팀 내에서 버려진 느낌이었을 것 같아요.	N	2022-09-06 00:20:41	2022-11-08 05:13:32
BE22017140	5	0	대리님은 제 심정을 이해해 주시네요. 사업 떨어진 것 보다 동료들의 반응이 더 마음 아파요. 다들 오늘따라 날씨 좋다며 맛있는 거 먹으러 가자고 하는데 너무 서럽더라고요.	N	2022-09-06 00:20:41	2022-11-08 05:13:32
BE22017140	6	1	감정화자님이 평소에 동료들을 잘 챙겼던 만큼 배로 서운한 마음이 들었군요. 혼자서 마음 상했을 생각을 하니 제 마음도 아프네요.	N	2022-09-06 00:20:41	2022-11-08 05:13:32
BE22017140	7	0	다들 제가 얼마나 열심히 준비한 줄 알면서 어떻게 이럴 수가 있죠? 평소에 서로 너무 잘 지내서 상처가 더 커요.	N	2022-09-06 00:20:41	2022-11-08 05:13:32
BE22017140	8	1	혹시 동료들이 감정화자님을 신경 쓰지 않는 게 아니라 민망하지 않게 배려해주고 있는 건 아닐까요? 그동안 동료들과 쌓은 신뢰를 생각해 보면, 일부러 혼자 외롭게 두려고 하진 않았을 것 같아요. 그러니 너무 상처받지 않았으면 좋겠어요.	N	2022-09-06 00:20:41	2022-11-08 05:13:32
BE22017140	9	0	그렇게 생각해본 적은 없는데 그랬을 수도 있을 것 같아요. 제가 서운한 마음에 너무 부정적으로만 생각했었나 봐요. 그런 거라면 마음이 조금 풀리네요.	N	2022-09-06 00:20:41	2022-11-08 05:13:32
BE22017140	10	1	사업 떨어진 것도 속상한데 동료들의 마음을 알아차릴 여유가 없는 게 당연하죠. 하지만 평소에 감정화자님 팀을 보면 서로 많이 아껴주고 있다는 생각이 들었었거든요. 동료들은 나름대로 기분 전환을 시켜주려고 날씨 이야기도 하고, 맛있는 거 먹으러 가자고 한 것 같아요.	N	2022-09-06 00:20:41	2022-11-08 05:13:32
BE22017140	11	0	대리님 덕분에 생각을 환기할 수 있었어요. 구름 하나 없는 날씨도 야속했는데, 다르게 생각해 보면 날씨가 우중충했으면 더 슬펐을 거예요. 제 동료들도 그런 의미로 절 배려했던 것 같네요.	N	2022-09-06 00:20:41	2022-11-08 05:13:32
BE22017140	12	1	조금 더 감정화자님의 마음에 닿게 표현해줬으면 좋았겠지만, 그렇지 않다고 해서 감정화자님을 위하지 않은 건 아니었을 거예요. 지금까지 감정화자님도 물론이고, 동료들도 감정화자님을 참 아끼고 소중한 동료라고 생각해왔으니까 너무 속상해하지 말아요.	N	2022-09-06 00:20:41	2022-11-08 05:13:32
BE22017140	13	0	대리님이 아니었으면 오늘 저 혼자 울면서 잠들었을 텐데 정말 감사해요. 덕분에 조금 홀가분하게 퇴근할 수 있을 것 같아요.	N	2022-09-06 00:20:41	2022-11-08 05:13:32
BE22017140	14	1	제가 도움이 됐다니 정말 기쁘네요. 회사 생활이 마음처럼 되지 않을 때가 많죠. 그럴 땐 언제든 제게 이야기해요.	Y	2022-09-06 00:20:41	2022-11-08 05:13:32
