id	utterance_id	utterance_type	utterance_text	terminate	regDate	updDate
BE22004513	1	0	오늘 갑자기 출근 못 하게 돼서 미안해요.	N	2022-06-28 05:43:18	2022-11-08 03:53:26
BE22004513	2	1	무슨 급한 일이 생긴 거야? 아니면 어디가 아픈 거야?	N	2022-06-28 05:43:18	2022-11-08 03:53:26
BE22004513	3	0	어젯밤부터 열이 오르더니 아침에 온몸이 아프고 급기야 목소리까지 안 나와서 이렇게 연락드렸어요. 죄송해요.	N	2022-06-28 05:43:18	2022-11-08 03:53:26
BE22004513	4	1	죄송하긴. 아픈 게 맘대로 되는 것도 아니고 그래도 많이 아프지 않았으면 좋겠다.	N	2022-06-28 05:43:18	2022-11-08 03:53:26
BE22004513	5	0	어젯밤에 좀 덥다는 생각에 창문을 열어 놓고 잤더니 감기에 걸려 버렸나 봐요. 조심했어야 했는데 생각지도 못했어요.	N	2022-06-28 05:43:18	2022-11-08 03:53:26
BE22004513	6	1	감기를 알고 걸리는 사람이 어디 있겠어. 요즘 환절기라 목감기가 심하다고 하는 뉴스 봤어. 병원은 갔다 온 거야?	N	2022-06-28 05:43:18	2022-11-08 03:53:26
BE22004513	7	0	아침에 바로 갔다 왔어요. 병원에서도 푹 쉬라고 하는데, 요즘 사무실에 일도 많고 죄송해서 그래요. 다른 분들이 저 때문에 더 고생하시잖아요.	N	2022-06-28 05:43:18	2022-11-08 03:53:26
BE22004513	8	1	그렇게 미안하면 오늘 푹 쉬고 내일 쌩쌩하게 출근해주면 되는 거야. 다른 직원 아플 때 당연히 도와줬잖아. 서로 돕는 거 아니겠어?	N	2022-06-28 05:43:18	2022-11-08 03:53:26
BE22004513	9	0	그렇게 말씀해주시니까 너무 고맙고 조금 안심이 돼요. 진짜 빨리 나을게요. 노력으로 되는 건 아니지만 이것도 노력할게요.	N	2022-06-28 05:43:18	2022-11-08 03:53:26
BE22004513	10	1	약도 잘 먹고 잠도 많이 자고 빨리 건강해져서 만나자. 후배님 없는 사무실 벌써부터 허전한 거 같아.	N	2022-06-28 05:43:18	2022-11-08 03:53:26
BE22004513	11	0	그럴게요. 그리고 저도 선배님과 함께하는 회사생활 즐겁고 평소에도 조언도 잘해주셔서 감사했어요.	N	2022-06-28 05:43:18	2022-11-08 03:53:26
BE22004513	12	1	뭘 그렇게까지 칭찬을 하고 그래. 우리 후배님이 날 잘 따라줘서 고맙지.	N	2022-06-28 05:43:18	2022-11-08 03:53:26
BE22004513	13	0	아니에요. 선배님 덕분에 첫 직장을 이렇게 재밌게 보내고 있는걸요. 꼭 내일 출근할게요.	N	2022-06-28 05:43:18	2022-11-08 03:53:26
BE22004513	14	1	그래 일 걱정은 하지 말고 얼른 나아서 내일 만나자.	Y	2022-06-28 05:43:18	2022-11-08 03:53:26
