id	utterance_id	utterance_type	utterance_text	terminate	regDate	updDate
BE22030773	1	0	이번 주말에 남자친구를 만났는데 너무 상처받은 일이 생겼어요. 본의 아니게 권태기라는 오해를 사고 말았네요.	N	2022-10-17 07:37:44	2022-10-17 07:37:44
BE22030773	2	1	연락받고 가슴이 철렁헀어요. 그렇게 사이 좋으신 분들이 어쩌다 다투게 되신 거예요?	N	2022-10-17 07:37:44	2022-11-08 06:38:26
BE22030773	3	0	제가 배탈이 나서 데이트 중에 화장실을 자주 갔거든요. 남자친구에게 말하기는 민망해서 그때마다 급한 연락이 온 척을 했는데 그걸 오해했나 봐요. 아무리 그래도 제 사랑을 의심하다니 마음을 다쳤어요.	N	2022-10-17 07:37:44	2022-10-17 07:37:44
BE22030773	4	1	말만 들어도 안타까운 상황이네요. 서로를 너무 아끼다 보니 그런 괜한 오해도 빚어진 것 같아 마음이 아파요.	N	2022-10-17 07:37:44	2022-10-17 07:37:44
BE22030773	5	0	저도 억울하긴 한데 차마 용변 때문이라고는 말이 안 나오더라고요. 입을 다물고 있으니까 남자친구가 더 할 말도 없다는 듯 집에 가버렸어요. 조금만 기다리면 저도 말할 수 있었을 텐데 매정한 모습이 속상했어요.	N	2022-10-17 07:37:44	2022-10-17 07:37:44
BE22030773	6	1	마음이 단단히 어긋나고 말았네요. 제 일이라고 생각하면 저는 밤에 잠도 못 이뤘을 거예요. 지금이라도 사정을 잘 설명하면 남자친구분도 안도하고 이해할 거라 믿어요.	N	2022-10-17 07:37:44	2022-11-08 06:38:26
BE22030773	7	0	감정화자씨 말처럼 저도 억울해서 잠을 못 잤어요. 이제라도 사실을 말해야 한다는 건 알지만 그런다고 이 마음이 회복될지는 모르겠어요.	N	2022-10-17 07:37:44	2022-11-08 06:38:26
BE22030773	8	1	당장은 오해받고 다퉜다는 사실이 크게 다가와 겁이 날 수도 있을 거예요. 하지만 서로를 사랑하는 마음에는 변함이 없잖아요. 이 일로 더 솔직하고 돈독한 사이로 발전하는 거라 믿으면 마음이 좀 편할 거예요.	N	2022-10-17 07:37:44	2022-11-08 06:38:26
BE22030773	9	0	저도 그렇게 마음을 다잡고 싶은데 처음 보는 남자친구 모습이 떠올라 괴롭네요. 저를 사랑하면 제 얘기를 더 기다려주지 않았을까요?	N	2022-10-17 07:37:44	2022-10-17 07:37:44
BE22030773	10	1	감정화자씨와 똑같은 입장이라 그렇게 속상함을 표현한 거라 생각해요. 서로 너무 사랑해서 마음을 크게 다친 거라고요. 늦지 않게 수습한다면 두 분 다 마음을 잘 회복할 수 있을 거예요.	N	2022-10-17 07:37:44	2022-11-08 06:38:26
BE22030773	11	0	제 마음 다친 것만 생각했는데 듣고 보니 남자친구도 아주 속상했을 것 같아요. 별 이유도 아닌 일 때문에 이렇게 어긋나는 건 싫어요. 제가 마음을 다잡고 잘 말해야겠어요.	N	2022-10-17 07:37:44	2022-11-08 06:38:26
BE22030773	12	1	그게 감정화자씨를 위한 길이라고도 생각해요. 사귀다 보면 이런 갈등도 한 번은 겪을 거예요. 시간이 지나면 이것도 하나의 추억이 되리라 믿어요.	N	2022-10-17 07:37:44	2022-11-08 06:38:26
BE22030773	13	0	언젠가는 아무렇지 않게 말할 수 있다고 생각하니 마음이 참 나아요. 더 상처가 커지지 않게 잘 수습할게요.	N	2022-10-17 07:37:44	2022-10-17 07:37:44
BE22030773	14	1	그래요, 잘 용기를 내셨어요. 분명 잘 풀릴 테니까 염려하지 마시고 제게도 후기를 들려주세요.	N	2022-10-17 07:37:44	2022-11-08 06:38:26
BE22030773	15	0	그럴게요, 격려의 마음 보태 주셔서 감사해요. 덕분에 저도 다친 마음이 많이 회복됐어요. 그럼 오늘 업무도 파이팅이에요.	Y	2022-10-17 07:37:44	2022-11-08 06:38:26
