id	utterance_id	utterance_type	utterance_text	terminate	regDate	updDate
BE22030733	1	0	감정화자씨, 내가 다시 술을 입에 댔어요. 한번 대니 언제 금주했는지 무색할 정도로 걷잡을 수가 없네요.	N	2022-10-17 06:56:48	2022-11-08 06:38:12
BE22030733	2	1	공감화자씨, 두 달이나 끊느라고 그렇게 고생했는데 다시 술을 입에 댔다니, 무슨 일일까요? 무척 걱정돼요.	N	2022-10-17 06:56:48	2022-11-08 06:38:12
BE22030733	3	0	회사에서 받는 스트레스도 그렇고, 혼자라는 외로움도 참 견디기 어려운 문제인 것 같아요. 이렇게 나약한 내가 한심하고, 결심한 것을 지키지 못했다는 사실에 너무 상처가 커요.	N	2022-10-17 06:56:48	2022-11-08 06:38:12
BE22030733	4	1	요즘 유난히 회사 일로 스트레스가 심했던 거 나도 알아요. 게다가 혼자 사니 집에서도 그 스트레스를 잊어버리질 못했을 거예요. 남보다 더욱 힘들었을 걸 생각하니 내 마음이 아프네요.	N	2022-10-17 06:56:48	2022-11-08 06:38:12
BE22030733	5	0	마시고 싶은 것을 억지로 참고 있으니, 스트레스를 풀 길이 없더라고요. 이렇게 살면 뭐 하나 싶기도 하고, 어이없이 허물어지는 내 모습이 정말 답답해요. 상처가 상처를 낳는 것 같아요.	N	2022-10-17 06:56:48	2022-11-08 06:38:12
BE22030733	6	1	그러게요. 술이라도 마셔서 스트레스를 잊을 수 있었는데 그것마저도 못하는 상황이니 얼마나 힘들었겠어요. 가뜩이나 힘들어하는 자신을 너무 자책하지 않았으면 좋겠어요.	N	2022-10-17 06:56:48	2022-11-08 06:38:12
BE22030733	7	0	결심이 무너지는 순간, 나 자신이 하찮고 싫어지는 거예요. 내가 그렇지 하는 자괴감이 들면서 나를 무시하는 마음이 걷잡을 수 없이 올라와요.	N	2022-10-17 06:56:48	2022-10-17 06:56:48
BE22030733	8	1	물론 결심한 것을 잘 지켜서 좋은 결과를 얻었다면 좋았겠지만, 사람이니 무너질 수도 있지요. 결심하고 지킨다고, 또 무너진 결심에 좌절해서 마음이 얼마나 힘들었을까, 감정화자씨의 마음도 챙기면 좋겠네요. 누구나 그럴 수 있으니 상처로 주저앉지 말고 다시 툭툭 털고 일어나길 바라요.	N	2022-10-17 06:56:48	2022-11-08 06:38:12
BE22030733	9	0	공감화자씨가 그렇게 말해주니 상처 난 마음이 조금은 위안이 되네요. 누구나 무너질 수도 있지만, 다시 일어서는 것이 어찌 보면 더 중요할 수도 있겠지요.	N	2022-10-17 06:56:48	2022-11-08 06:38:12
BE22030733	10	1	그럼요. 이렇게 잘 아는 감정화자씨니 금세 훌훌 털고 다시 기운 차릴 수 있을 거예요. 다음번에는 좀 더 오래 결심을 유지하기 위한 방법을 찾아보면 어때요? 저녁에 헬스장을 끊거나 취미생활을 가져보는 것도 좋을 것 같아요.	N	2022-10-17 06:56:48	2022-11-08 06:38:12
BE22030733	11	0	네, 사실 무턱대고 참고 끊으리라 마음먹었던 것이 어찌 보면 어리석은 결심 같기도 해요. 너무 힘든 고행 같거든요. 공감화자씨 말대로 좀 더 지혜롭게 견딜 수 있는 방법을 고민해봐야겠어요.	N	2022-10-17 06:56:48	2022-11-08 06:38:12
BE22030733	12	1	맞아요, 바로 그거예요, 시간 쪼개 다른 보람 있고 즐거운 일을 해보는 거예요. 혼자서 가만히 있을 때 우울한 생각에 쉽게 빠지잖아요. 내가 다니는 헬스장 같이 다녀볼래요?	N	2022-10-17 06:56:48	2022-11-08 06:38:12
BE22030733	13	0	오, 그거 좋겠네요. 운동하면 활력도 생기고 잠도 잘 오니까 나에게 꼭 필요한 거 같아요. 이렇게 위로도 해주고 새롭게 결심할 수 있게 응원해주셔서 정말 감사해요.	N	2022-10-17 06:56:48	2022-11-08 06:38:12
BE22030733	14	1	그럼 감정화자씨, 다시 금주 결심하는 거예요. 이번에는 함께 운동하며 감정화자씨의 금주를 나도 열심히 응원할게요.	N	2022-10-17 06:56:48	2022-11-08 06:38:12
BE22030733	15	0	정말 고마워요. 이번엔 꼭 성공해볼게요.	Y	2022-10-17 06:56:48	2022-10-17 06:56:48
