id	utterance_id	utterance_type	utterance_text	terminate	regDate	updDate
BE22022605	1	0	얼마 전에 다른 동료에게 왜 아무도 알아주지 않는 일만 하냐는 말을 들었어요. 제가 하는 일을 부정당하는 기분이라 그 말이 너무 상처가 되었어요.	N	2022-09-29 05:32:02	2022-11-08 05:49:29
BE22022605	2	1	저 같아도 그런 말을 들으면 기분이 좋지 않았을 것 같아요. 그런데 지금 잘하고 계시니까 너무 신경 쓰지 않으셨으면 좋겠어요.	N	2022-09-29 05:32:02	2022-11-08 05:49:29
BE22022605	3	0	누군가는 필요로 하는 일이라고 생각해서 스스로 한 일인데, 이런 반응은 생각 못했거든요. 일할 동기를 잃은 기분이었어요.	N	2022-09-29 05:32:02	2022-09-29 05:32:02
BE22022605	4	1	아무도 알아주지 않는 일을 하는 게 얼마나 더 어려운 일인지 몰라서 한 말이었을 거예요. 그리고 그런 일은 봉사정신도 필요한 일이잖아요. 저는 감정화자님의 이타심과 남을 위해 봉사하는 마음이 참 대단하다고 느끼는걸요.	N	2022-09-29 05:32:02	2022-11-08 05:49:29
BE22022605	5	0	그런데 저 자신의 커리어를 생각하면 남들 앞에 서고, 티낼 수 있는 일을 해야 하나 싶어요. 누군가는 제 일을 필요로 하겠지만 아무도 알아주지 않으면 의미가 없다는 생각이 들었어요. 그런 생각만 하면 마음이 힘들고 상처 받는 기분이에요.	N	2022-09-29 05:32:02	2022-11-08 05:49:29
BE22022605	6	1	일이라는 게 남들에게 보여지는 것도 물론 필요하지만, 본인이 느끼는 의미와 성취감이 더 중요하다고 생각해요. 감정화자님이 그동안 스스로 보람을 느껴왔다면 그것만으로도 감정화자님은 중요하고 의미 있는 일을 하신 거예요.	N	2022-09-29 05:32:02	2022-11-08 05:49:29
BE22022605	7	0	그런데 앞으로 이직할 때 아무도 제가 한 일을 인정해주지 않으면 너무 상처받을 것 같아요.	N	2022-09-29 05:32:02	2022-09-29 05:32:02
BE22022605	8	1	회사에서는 보여지는 일을 하는 사람뿐만 아니라 뒤에서 묵묵히 서포트하는 사람도 모두 중요해요. 좋은 회사라면 감정화자님의 생각과 가치관을 높이 평가할 테니 너무 걱정하지 마세요. 지금까지 해왔던 대로 자신감을 가지시면 마음이 편해지실 거예요.	N	2022-09-29 05:32:02	2022-11-08 05:49:29
BE22022605	9	0	공감화자님이 그렇게 조언해주시니까 아픈 마음이 좀 달래지는 것 같아요. 혼자서는 그런 생각을 할 수가 없었거든요.	N	2022-09-29 05:32:02	2022-11-08 05:49:29
BE22022605	10	1	마음이 좀 괜찮아지신다니 정말 다행이네요. 계속 슬픈 마음 때문에 일에도 집중하지 못하실까봐 걱정되었거든요.	N	2022-09-29 05:32:02	2022-11-08 05:49:29
BE22022605	11	0	공감화자님 조언 덕분에 제 가치관이 흔들리지 않게 마음을 다잡을 수 있을 것 같아요.	N	2022-09-29 05:32:02	2022-11-08 05:49:29
BE22022605	12	1	회사생활 한 지 오래되지 않아서 이리저리 흔들리고 불안한 마음이 드는 게 당연해요. 그런데 지금처럼 마음을 다잡으면서 성장하다보면 한층 더 성숙할 수 있을 거예요.	N	2022-09-29 05:32:02	2022-11-08 05:49:29
BE22022605	13	0	네, 좋은 조언 정말 감사드려요. 덕분에 상처받은 마음이 사라지고 동기부여가 되네요.	N	2022-09-29 05:32:02	2022-11-08 05:49:30
BE22022605	14	1	저도 이제야 마음이 좀 놓이는 것 같네요. 언제든 또 힘들고 고민이 되면 제게 말해주세요.	Y	2022-09-29 05:32:02	2022-11-08 05:49:30
