id	utterance_id	utterance_type	utterance_text	terminate	regDate	updDate
BE22030998	1	0	요즘 들어 부쩍 체력이 떨어지는 거 있죠. 그래서 아내와 하기로 약속한 여행을 가지 못했어요. 그런데 아내가 실망하며 제게 한 말이 참 상처가 되네요.	N	2022-10-17 12:08:26	2022-11-08 06:39:49
BE22030998	2	1	많이 속상하고 마음이 아팠을 것 같아요. 나를 잘 아는 사람이 하는 말에 더 상처 받기 마련이잖아요. 감정화자씨가 받았을 고통을 생각하니 저도 눈시울이 붉어지네요.	N	2022-10-17 12:08:26	2022-11-08 06:39:49
BE22030998	3	0	아내는 제가 꼭 꾀병을 부린다는 듯이 말해서 상처 받았어요. 제가 여행을 가기 싫어서 거짓말을 한다고 생각하더라고요.	N	2022-10-17 12:08:26	2022-10-17 12:08:26
BE22030998	4	1	감정화자씨만큼 정직한 사람이 없을 거라 확신해요. 결코 거짓말은 하지 않는 우직한 성격을 가진 것을 저도 잘 아는걸요. 아내를 아끼는 감정화자씨가 정말 힘들어서 한 선택일 텐데 그런 말을 들으면 너무 섭섭하죠.	N	2022-10-17 12:08:26	2022-11-08 06:39:49
BE22030998	5	0	아내가 여행을 좋아하는 것은 알지만, 정말로 체력이 떨어져 가줄 수가 없는걸요. 요즘 일이 너무 바빠서 몸을 신경을 못 썼더니 더 체력적으로 한계가 왔어요. 저도 일부로 못 간다고 하는 게 아닌데 정말 서운해요.	N	2022-10-17 12:08:26	2022-10-17 12:08:26
BE22030998	6	1	요즘 몸이 두 개라도 모자를 정도로 회사에서 활약하고 계시잖아요. 중요한 계약을 성공시키시는 그 능력이 정말 멋지다고 생각했어요. 감정화자씨의 그 노력이 빛을 발한 순간이었죠.	N	2022-10-17 12:08:26	2022-11-08 06:39:49
BE22030998	7	0	체력이 떨어졌다고 말하는데도 믿어주지 않는 모습을 보면서 얼마나 상처를 받았는지 몰라요. 아내에게 최선을 다해주고 싶은데 체력은 없고. 아내는 제게 너무 무심한 것 같아 속상한걸요.	N	2022-10-17 12:08:26	2022-11-08 06:39:49
BE22030998	8	1	아내 분도 결코 감정화자씨를 상처 입히려고 한 말은 아니었을 테니 너무 상심하지 마세요. 아내 분도 속으로는 감정화자씨를 누구보다 아끼고 있을 거예요.	N	2022-10-17 12:08:26	2022-11-08 06:39:50
BE22030998	9	0	공감화자씨가 그렇게 말해주니 정말 고맙고 마음이 좀 풀려요. 실망한 티가 역력한 아내를 보면서 미안함이 더 컸거든요. 그래도 저를 아끼는 아내를 생각하니 괜찮아지네요.	N	2022-10-17 12:08:26	2022-11-08 06:39:50
BE22030998	10	1	아내의 마음을 생각해서라도 이번에는 감정화자씨가 너그럽게 양해해 주는 게 어떨까요. 때로는 먼저 용서하고 손을 내미는 배려가 나을 때가 있어요.	N	2022-10-17 12:08:26	2022-11-08 06:39:50
BE22030998	11	0	제가 상처받은 마음이 큰 탓에 미처 그런 부분은 생각하지 못하고 있었어요. 그동안 상처받은 마음만 컸었는데, 그 말을 들으니 생각을 달리하게 되네요. 다 공감화자씨 덕분입니다.	N	2022-10-17 12:08:26	2022-11-08 06:39:50
BE22030998	12	1	마음이 한결 편안해 보이셔서 정말 다행이네요. 그렇게 해서 서로를 이해하고 서운했던 마음도 한결 풀어지셨으면 좋겠어요.	N	2022-10-17 12:08:26	2022-11-08 06:39:50
BE22030998	13	0	먼저 손을 내밀어 봐야겠어요. 공감화자씨가 정말 큰 도움이 되었습니다.	N	2022-10-17 12:08:26	2022-10-17 12:08:26
BE22030998	14	1	언제든 지금처럼 힘든 일이 있다면 제게 털어놓으셔도 괜찮아요. 그렇게 해서 상처 입은 마음이 나아지신다면 얼마든지 도와드릴 수 있어요.	Y	2022-10-17 12:08:26	2022-11-08 06:39:50
