id	utterance_id	utterance_type	utterance_text	terminate	regDate	updDate
BE22030768	1	0	공감화자님, 오늘 첫 출근 어떠셨나요. 저는 이미 상사에게 혼이 났습니다. 상사에게 정말 상처받았어요.	N	2022-10-17 07:32:34	2022-10-17 07:32:34
BE22030768	2	1	감정화자님이 상사에게 벌써 혼나셨다니요. 우리 신입사원 동기들 중에서 제일 성적이 좋으셨잖아요. 무슨 실수라도 하신 건가요.	N	2022-10-17 07:32:34	2022-11-08 06:38:24
BE22030768	3	0	제가 큰 실수를 하나 했어요. 상사가 회의 시간을 미리 알려주셨는데 제가 시간을 착각했지 뭐예요. 30분 늦게 회의에 들어갔더니 사람들 앞에서 저를 엄청 혼내셨어요.	N	2022-10-17 07:32:34	2022-11-08 06:38:24
BE22030768	4	1	하필 첫 출근에 사람들 많은 곳에서 공개적으로 혼나시다니 상처를 많이 받으셨겠네요. 저였어도 정말 마음에 큰 상처를 입었겠어요. 정말 그 상황에서 나오고 싶으셨겠어요.	N	2022-10-17 07:32:34	2022-11-08 06:38:24
BE22030768	5	0	사실 제가 잘못한 일이라서 혼내시는 것은 상관없어요. 하지만 회의실 안에서 공개적으로 서 있으면서 혼난 경험은 잊지 못할 상처가 되었어요. 다른 사람들이 저를 보고 수군거리는 것 같더군요.	N	2022-10-17 07:32:34	2022-11-08 06:38:24
BE22030768	6	1	감정화자님, 그 상황에서 잘 버티셨어요. 저라면 정말 울면서 뛰쳐나갔을지도 몰라요. 어떻게 그 상황에서 가만히 묵묵하게 서 계셨는지 정말 대단하네요.	N	2022-10-17 07:32:34	2022-11-08 06:38:24
BE22030768	7	0	저도 울고 싶은 마음이었어서 누가 건드리면 툭 터졌을 거예요. 하지만 여기서 울면 상사가 저를 더 혼내실 것 같았어요. 상사한테 더 이상 미워 보이지 않기 위해 꾹 참았답니다.	N	2022-10-17 07:32:34	2022-10-17 07:32:34
BE22030768	8	1	감정화자님은 동기들 중에서 최우수 성적의 동기였잖아요. 이번 고비만 잘 넘기고 상사에게 감정화자님의 능력을 보여주신다면 상사에게 좋은 인상으로 남을 수 있어요. 감정화자님은 정말 뛰어난 능력을 가지고 계시잖아요.	N	2022-10-17 07:32:34	2022-10-17 07:32:34
BE22030768	9	0	정말 제가 앞으로 잘 한다면 상사가 저를 잘 봐주실 수 있을까요. 생각해 보니 첫 출근에 기대치를 낮춰 놓아서 조금만 잘해도 잘해 보일 것 같기는 해요. 앞으로 제 최대한의 노력으로 제 능력을 보여드려야겠어요.	N	2022-10-17 07:32:34	2022-11-08 06:38:25
BE22030768	10	1	듣고 보니 감정화자님의 말이 맞네요. 기대치가 너무 높으면 오히려 나중에 실망을 할 수도 있는 법이죠. 오늘 상사의 기대치를 낮춰 놓고, 후에 뛰어난 업무 능력을 보여주면 더 극적일 것 같네요.	N	2022-10-17 07:32:34	2022-11-08 06:38:25
BE22030768	11	0	상사에게 너무 크게 혼나서 첫 단추부터 잘못 꿴 것 같았어요. 이대로 퇴사를 해야 하나 생각했는데 공감화자님이 저를 위로해 주시니까 또 생각이 달라지네요. 조금 더 용기를 가져야겠어요.	N	2022-10-17 07:32:34	2022-10-17 07:32:34
BE22030768	12	1	우리가 얼마나 열심히 달려서 이 회사를 왔는데 이걸로 회사를 포기할 수는 없죠. 포기하지 않고 다니면 언젠가는 상처가 아물어서 더 단단해져 있을 거예요. 감정화자님, 우리는 점점 더 강해질 겁니다.	N	2022-10-17 07:32:34	2022-11-08 06:38:25
BE22030768	13	0	공감화자님 덕분에 상처받은 제 마음이 나아진 것 같아요. 상사가 저를 미워하셔도 제 곁에는 공감화자님이 있다는 생각에 더 마음이 좋아지네요. 첫 출근에 상사에게 혼났으니 이제 더 안 좋은 일은 없다고 생각하고 힘을 낼게요.	N	2022-10-17 07:32:34	2022-11-08 06:38:25
BE22030768	14	1	제가 감정화자님의 상처받은 마음에 조금이라도 도움이 되었군요. 저도 앞으로 상사에게 혼날 일이 많을 텐데 서로 의지하며 회사 생활을 잘 해봅시다. 저도 가끔 감정화자님께 제 상처를 털어놓을게요.	Y	2022-10-17 07:32:34	2022-10-17 07:32:34
