id	utterance_id	utterance_type	utterance_text	terminate	regDate	updDate
BE22025640	1	0	제가 요즘 취미로 문화센터에서 반려견 옷 만들기 수업을 듣거든요. 마냥 즐거울 줄만 알았는데 그렇지도 않네요. 생각지도 못하게 몇몇 친구들 때문에 제가 상처를 받을 줄 몰랐어요.	N	2022-10-08 08:34:45	2022-10-08 08:34:45
BE22025640	2	1	흔하지 않은 취미 생활을 갖고 있으면 친구들도 부러워하고 감정화자님도 즐거울 거 같은데요. 감정화자님은 워낙 손재주도 좋고 감각도 있으니 분명 잘 만들어서 반려견에게 입히면 뿌듯한 마음이 들겠어요.	N	2022-10-08 08:34:45	2022-11-08 06:07:28
BE22025640	3	0	배운 대로 반려견 옷을 만들어 친구들에게 선물하곤 하는데. 가끔 친구들이 제 마음을 아프게 하는 말을 해서 상처를 받네요.	N	2022-10-08 08:34:45	2022-11-08 06:07:28
BE22025640	4	1	그런 멋진 선물을 받았는데 상처 주는 말을 하다니요. 감정화자님의 정성이 담긴 선물을 몰라주는 것 같아 마음이 너무 상하겠어요.	N	2022-10-08 08:34:45	2022-11-08 06:07:28
BE22025640	5	0	친구 반려견을 생각하며 정성으로 만든 건데. 선물해 준 제 마음은 생각도 안 하고 다른 색으로 만들어 달라고 하는 애도 있어요.	N	2022-10-08 08:34:45	2022-10-08 08:34:45
BE22025640	6	1	반려견 옷이 정말 예뻤나 봐요. 그러니 다른 색도 갖고 싶어 부탁한 거 아니겠어요. 감정화자님의 친한 친구라 거리낌 없이 말한 거라 생각하면 마음이 풀릴 거예요.	N	2022-10-08 08:34:45	2022-11-08 06:07:28
BE22025640	7	0	다른 친구는 반려견이 셋인데 왜 하나만 만들어주냐며 성의가 없다고 하네요. 정말 기쁜 마음으로 좋아하는 모습 상상하며 만들었다가 후회하는 마음까지 생겨요. 이렇게 상처받다가 이제 선물하는 건 생각도 못 할 거 같아요.	N	2022-10-08 08:34:45	2022-10-08 08:34:45
BE22025640	8	1	좋은 마음으로 만들어서 즐거워하는 모습을 기대하셨을텐데 실망감이 컸겠어여. 아무리 친구여도 선의를 알아주고 감사 인사를 할 줄 알아야 하는데 너무 하셨네요. 하지만 그런 사람은 아주 일부이고 대부분이 좋아할테니 너무 상처받지 말아요.	N	2022-10-08 08:34:45	2022-11-08 06:07:28
BE22025640	9	0	네 좋아하는 친구들도 많죠. 그런데 그런 사람들만 있는 건 아니니까 망설여지는 건 어쩔 수 없나 봐요.	N	2022-10-08 08:34:45	2022-10-08 08:34:45
BE22025640	10	1	앞으로는 원하는 친구에게 선물해 보세요. 개인 소셜네트워크 하시잖아요. 만든 걸 올리고 갖고 싶어 하는 친구에게 주면 몇 배는 더 행복하고 즐거울 거예요.	N	2022-10-08 08:34:45	2022-11-08 06:07:28
BE22025640	11	0	그렇게 하면 정말 걱정 없겠네요. 원하는 사람에게 주면 제 마음이 더 기쁘겠죠. 생각만 해도 흥미진진해요.	N	2022-10-08 08:34:45	2022-10-08 08:34:45
BE22025640	12	1	만드는 재미도 선물하는 재미도 모두 느낄 거예요. 얼마나 생각만 해도 기뻐요. 그렇게 귀한 직접 만든 반려견 옷인데 모두들 감탄할 거예요.	N	2022-10-08 08:34:45	2022-11-08 06:07:28
BE22025640	13	0	지금은 부모님 반대로 반려견을 못 키우지만 나중에 입양하면 제가 만든 옷을 꼭 입혀주고 싶어요.	N	2022-10-08 08:34:45	2022-10-08 08:34:45
BE22025640	14	1	지금 이렇게 실력을 쌓고 계시니 미래의 그 반려견은 아마 친구들 사이에서 패션모델이 되겠어요. 열심히 배우면서 다양한 옷을 만들어보세요. 너무 기대돼요.	N	2022-10-08 08:34:45	2022-11-08 06:07:28
BE22025640	15	0	미래의 나의 단짝이 될 반려견을 기다리며 열심히 배워야죠. 정말 좋은 이야기해줘서 고마워요.	Y	2022-10-08 08:34:45	2022-10-08 08:34:45
