id	utterance_id	utterance_type	utterance_text	terminate	regDate	updDate
BE22031119	1	0	공감화자님, 제가 만성적인 어지럼증으로 고통을 받고 있는데 주변 사람들이 이해해주지 않아서 상처예요. 저희 가족들조차 인정해주지 않으니 너무나 억울하고 괴로워요.	N	2022-10-17 14:00:31	2022-10-17 14:00:31
BE22031119	2	1	사람이 몸이 아픈데 그걸 안 믿어주고 의심하면 정말 서럽죠. 저도 꾀병으로 의심 받았던 기억이 있어서 그게 얼마나 서운한지 알아요. 사람이 몸이 아플 때는 특히나 더 취약해지잖아요.	N	2022-10-17 14:00:31	2022-11-08 06:40:34
BE22031119	3	0	병원에 진단을 받으러 가보았는데 정확한 병명이 나오지 않았거든요. 원래 원인을 알 수 없는 어지럼증이 흔하다잖아요. 그런데 병명을 알아내지 못한다는 이유로 꾀병 취급을 받으니 참 억울하고 상처예요.	N	2022-10-17 14:00:31	2022-10-17 14:00:31
BE22031119	4	1	병명을 구체적으로 정하지 못한다고 해서 감정화자님께서 느끼시는 고통과 괴로움이 거짓은 아니잖아요. 오히려 진짜로 아픈데 왜 인지를 모르는 거니까 더 괴롭겠지요. 저는 감정화자님이 절대로 거짓말을 한다고 생각하지 않아요.	N	2022-10-17 14:00:31	2022-11-08 06:40:34
BE22031119	5	0	남들이 저를 이해하지 못하는 건 어쩌면 상관 없어요. 제 가족들이 저를 이해해주지 않는 것이 가장 큰 상처예요.	N	2022-10-17 14:00:31	2022-10-17 14:00:31
BE22031119	6	1	가족이라는 게 타인이 받아주지 못하는 것도 받아주어야 하는 존재잖아요. 그러니까 이렇게 가족에게 거부당하면 그 상처가 깊어지는 것 같아요.	N	2022-10-17 14:00:31	2022-11-08 06:40:34
BE22031119	7	0	누구나 가끔 어지럼증을 느낀다고 하면서 대수롭지 않게 넘어가요. 제가 느끼는 어지럼증은 그 정도가 굉장히 심한데 말이에요. 별 거 아닌 취급을 받으니 참 억울해요.	N	2022-10-17 14:00:31	2022-10-17 14:00:31
BE22031119	8	1	감정화자님의 가족 분들도 감정화자님의 마음을 상하게 하려고 일부러 그러는 건 아닐 거예요. 그저 정말로 이해를 못하고 제대로 알지 못해서 그러는 걸 거예요. 가족 분들은 분명히 감정화자님을 사랑하고 계실 거예요.	N	2022-10-17 14:00:31	2022-11-08 06:40:34
BE22031119	9	0	이제는 제가 이런 병을 앓는 게 저의 책임인 것 같아서 서글퍼요. 제가 아프고 싶어서 아픈 것도 아닌데 말이에요. 제 탓으로 느껴져서 참 괴로워요.	N	2022-10-17 14:00:31	2022-10-17 14:00:31
BE22031119	10	1	몸이 아픈 것은 사람이 자기 의지로 어찌할 수 있는 게 아니잖아요. 그게 어떻게 감정화자님의 잘못이겠어요. 스스로를 탓할 일이 절대로 아니니까 스스로를 오히려 보듬고 위로해주셔야 해요.	N	2022-10-17 14:00:31	2022-11-08 06:40:34
BE22031119	11	0	그래도 공감화자님께서 저를 이렇게 위로해주시고 알아주시니 참 고맙네요. 제 마음이 조금 위안 받은 기분이에요.	N	2022-10-17 14:00:31	2022-10-17 14:00:31
BE22031119	12	1	제가 감정화자님에게 도움이 되었다니 그 자체로 전 다행스럽네요.	N	2022-10-17 14:00:31	2022-11-08 06:40:34
BE22031119	13	0	사람은 자기가 겪어보지 못한 건 쉽게 이해하지 못한다잖아요. 그러니 가족들도 본의 아니게 저를 헤아리지 못하는 걸 거예요.	N	2022-10-17 14:00:31	2022-10-17 14:00:31
BE22031119	14	1	저도 정말로 그렇게 생각해요. 가족들도 속으로는 감정화자님을 걱정하고 계실 거예요.	Y	2022-10-17 14:00:31	2022-11-08 06:40:34
