id	utterance_id	utterance_type	utterance_text	terminate	regDate	updDate
BE22030938	1	0	공감화자님 저 오늘 친구를 만났는데 너무 상처받는 일이 있었어요. 열심히 일하고 만난 주말을 즐겁게 보낼 줄 알았는데 상처받은 마음으로는 불가능하네요.	N	2022-10-17 10:57:34	2022-11-08 06:39:28
BE22030938	2	1	행복해야 할 주말에 무슨 일이세요. 안 좋은 일이라도 있으셨나요.	N	2022-10-17 10:57:34	2022-10-17 10:57:34
BE22030938	3	0	친구를 만나서 제가 요즘 힘들어하는 야근 문제를 가지고 대화를 나눴거든요. 저희 회사가 야근이 심해서 제가 요즘 많이 힘들어하잖아요. 근데 친구가 하는 말이 그만두지 않는 제가 너무 한심하다고 하네요.	N	2022-10-17 10:57:34	2022-10-17 10:57:34
BE22030938	4	1	감정화자님은 그저 고민을 털어놓고 조언을 듣고 싶은 마음이셨을 텐데 얼마나 속상하셨을까요. 듣는 저 또한 감정화자님의 마음이 어떠셨을지 느껴져 너무 상처가 되네요. 제가 위로를 해드릴 테니 다 털어놓으셔도 괜찮아요.	N	2022-10-17 10:57:34	2022-11-08 06:39:28
BE22030938	5	0	친구가 제 말을 다 듣지도 않고는 그런 말을 했어요. 자기 회사는 정시 출근 정시 퇴근이라 얼마나 좋은지 모른다고 자랑까지 하면서요. 친구가 제 고민을 진지하게 들어주지 않는 것 같아 더욱 상처가 되는 것 같기도 해요.	N	2022-10-17 10:57:34	2022-10-17 10:57:34
BE22030938	6	1	친구분에게 의지하고 싶은 마음이셨을 것 같아 서운한 감정도 클 것 같아요. 친구분은 감정화자님이 힘들어하시는 모습을 보고 좀 편해졌으면 하는 마음이셨을 것 같기도 해요. 하지만 작정 퇴사를 하는 것이 능사는 아니라는 것을 감정화자님도 잘 아시잖아요.	N	2022-10-17 10:57:34	2022-11-08 06:39:28
BE22030938	7	0	맞아요. 하지만 한심하다는 말을 들으니 친구의 말이 제 가슴에 비수처럼 꽂힌 것 같았어요. 제가 정말 한심한 사람일까요? 사실 지금 생각해 보면 이렇게 야근하는 회사를 제가 왜 다니는지 잘 모르겠긴 해요.	N	2022-10-17 10:57:34	2022-10-17 10:57:34
BE22030938	8	1	그런 소리 하지 마세요. 누가 시켜서 하는 야근도 아니고 감정화자님의 열정이 대단하시기 때문에 하시는 거잖아요. 그저 회사에 대한 애정이 넘쳐서 하시는 거잖아요.	N	2022-10-17 10:57:34	2022-11-08 06:39:28
BE22030938	9	0	그렇죠. 근데 친구에게 그런 소리를 들으니 제 회사 생활을 다시 생각하게 됐어요. 저는 그래도 그렇게 열심히 노력해서 회사를 다니면 누군가가 인정해 줄 거라고 생각했거든요. 근데 친구에게 그런 소리를 들으니 너무 상처가 됐어요.	N	2022-10-17 10:57:34	2022-10-17 10:57:34
BE22030938	10	1	아직 아무도 모르지만 시간이 지나면 분명 회사에 모든 사람이 감정화자님의 노력을 알게 될 거예요. 노력하는 자를 이길 사람은 없다고 하잖아요. 친구분은 모르시겠지만 같은 회사에 있는 저는 분명 그렇게 될 거라고 믿어요.	N	2022-10-17 10:57:34	2022-11-08 06:39:28
BE22030938	11	0	그렇게 말씀해 주시니 위로가 되네요. 상처받은 마음이 한결 나아진 것 같아요. 오늘 하루 종일 정말 우울했거든요.	N	2022-10-17 10:57:34	2022-11-08 06:39:28
BE22030938	12	1	저희가 다니는 회사가 신체적으로나 정신적으로 많이 힘들긴 하죠. 하지만 감정화자님은 충분히 잘 해오고 계시니 친구분의 말로 너무 힘들어하지 않으셨으면 좋겠어요. 전 감정화자님 같은 동료를 잃고 싶지 않아요.	N	2022-10-17 10:57:34	2022-11-08 06:39:28
BE22030938	13	0	친구가 인정해 주는 것보다 공감화자님과 같은 동료가 인정해 주니 더욱 힘이 나네요. 오늘 조언 너무 감사해요. 공감화자님이 힘드신 일이 있을 때도 제가 똑같이 잘 들어드릴게요.	N	2022-10-17 10:57:34	2022-11-08 06:39:28
BE22030938	14	1	전 그저 사실을 말한 것뿐이랍니다. 황금 같은 주말 우울하게 보내지 마시고 지금부터라도 즐겨보도록 해보세요.	Y	2022-10-17 10:57:34	2022-11-08 06:39:28
