id	utterance_id	utterance_type	utterance_text	terminate	regDate	updDate
BE22016867	1	0	길에서 전단을 나눠주는 사람을 보면 옛날 생각이 나서 저는 전단을 꼭 받아요. 저도 백수 시절에 그런 알바를 하면서 버틴 적이 있거든요. 그때 전단을 안 받거나, 받아서 바로 버리는 사람들 때문에 상처를 많이 받았었어요.	N	2022-09-01 07:08:34	2022-11-08 05:11:56
BE22016867	2	1	자신의 상처를 잊지 않고 전단을 받아주는 모습이 기특하네. 종일 거리에서 그런 일을 하는 게 힘들어 보여서 나도 잘 받는 편이야. 가끔은 전단이 진짜로 도움이 될 때가 있어 좋은 점도 있어.	N	2022-09-01 07:08:34	2022-11-08 05:11:56
BE22016867	3	0	전단을 잘 활용하면 정말 도움 될 때가 많아요. 그래서 저도 전단을 받으면 꼼꼼히 살피는 버릇이 있어요. 길거리에 막 버려져 있는 걸 보면 예전의 저를 보는 것 같아 그것도 상처가 되네요.	N	2022-09-01 07:08:34	2022-11-08 05:11:56
BE22016867	4	1	이제는 다 지난 일인데 너무 예민하게 반응하면 그게 오히려 상처일 것 같아. 지금은 어엿한 직장인이 되었으니 더 이상 그런 일은 신경 쓰지 않는 게 어떨까? 난 자네가 마음을 좀 느긋하게 먹고 지냈으면 좋겠어.	N	2022-09-01 07:08:34	2022-11-08 05:11:56
BE22016867	5	0	저도 그러고 싶은데 마음속 상처는 쉽게 치유되지 않는 모양이에요. 바람 부는 거리에 떨어져 있는 전단을 보고 저도 모르게 주운 적이 있어요. 사람들이 받은 전단을 버리면 줍던 버릇이 순간적으로 되살아난 것 같아요.	N	2022-09-01 07:08:34	2022-11-08 05:11:56
BE22016867	6	1	그걸 줍고 황당했을 자네 모습이 그려져서 나도 마음이 아프군. 그래도 자네가 백수 시절을 아무것도 안 하고 지낸 것보다 훨씬 보람되었다고 생각하네. 그러니 지난 시절에서 너무 상처받지 않았으면 좋겠어.	N	2022-09-01 07:08:34	2022-11-08 05:11:56
BE22016867	7	0	전단을 나눠 주는 일을 저는 부끄럽다고 생각하지는 않아요. 다만 사람들 시선이 부담스러웠지요. 또 전단을 마구 쓰레기 취급하는 게 저에게는 상처가 되었을 뿐이에요.	N	2022-09-01 07:08:34	2022-11-08 05:11:56
BE22016867	8	1	전단이 성가시다고 생각하는 사람 입장을 이해하면 자네 마음이 좀 편해질 것 같은데 어떤가? 전단을 자신과 동일시하면서 스스로 상처받지 않았으면 좋겠네. 그건 그냥 한 때의 알바 일이었을 뿐이니 이제는 다 털어버렸으면 좋겠어.	N	2022-09-01 07:08:34	2022-11-08 05:11:56
BE22016867	9	0	제가 잊지 못하는 건 그 시절의 제 모습이에요. 그때 얼마나 서럽고 앞이 암담했는지 전단을 보면 그때 생각이 나서 가슴이 쓰린 거예요. 그래서 그걸 나눠주는 사람 마음을 알아서 전단을 꼭 받는 겁니다.	N	2022-09-01 07:08:34	2022-11-08 05:11:56
BE22016867	10	1	전단을 돌릴 때 자네는 많은 사람을 만나면서 사람에 대한 안목을 넓혔다고 보여지네. 그게 나중에 취업 활동에도 도움이 되었다고 생각해 보는 건 어떤가? 전단 돌린 일은 자네의 상처가 아니라 체험 학습이었다고 생각했으면 좋겠어.	N	2022-09-01 07:08:34	2022-11-08 05:11:56
BE22016867	11	0	그러고 보니 정말 전단 돌리면서 사람에 대해 많이 알게 되었던 것 같아요. 사실 공부만 하던 제가 어디 가서 사람들을 만날 수 있었겠어요? 과장님 말씀대로 그게 취업 활동에 도움이 되었던 것도 사실이에요.	N	2022-09-01 07:08:34	2022-11-08 05:11:56
BE22016867	12	1	전단 덕분에 체험 학습하면서 용돈까지 벌어 썼으니 얼마나 고마운 일인가? 그걸 상처로만 기억하는 건 너무 아까운 일이야. 내 삶에 도움이 되었던 좋은 시절이었다고 생각하면 훨씬 행복할 것 같아.	N	2022-09-01 07:08:34	2022-11-08 05:11:56
BE22016867	13	0	과장님 말씀이 백번 옳습니다. 역시 저보다 현명하신 분이라 제가 생각지 못한 부분을 짚어내시네요. 덕분에 마음이 푸근해졌습니다.	N	2022-09-01 07:08:34	2022-11-08 05:11:56
BE22016867	14	1	내가 자네보다 현명해서가 아니라 세상을 더 산 덕분이라네. 자네는 내 나이가 되면 훨씬 현명한 사람이 될 테니 걱정하지 말게. 전단 돌리는 경험은 누구나 하는 건 아니니 소중하게 생각하면 마음이 훨씬 풍요로워질 거야.	N	2022-09-01 07:08:34	2022-11-08 05:11:56
BE22016867	15	0	아무것도 아닌 일로 문자 드렸는데 이렇게 정성스럽게 답을 주셔서 정말 감사합니다. 과장님 말씀대로 앞으로는 소중한 경험이라고 생각하며 지내겠습니다.	Y	2022-09-01 07:08:34	2022-11-08 05:11:56
