id	utterance_id	utterance_type	utterance_text	terminate	regDate	updDate
BE22021767	1	0	과장님, 저 입사한 지 두 달이나 됐는데 아직도 업무 이해가 안 돼요. 제 머리가 나쁜 거 같아서 자신감도 떨어지고 고민이예요.	N	2022-09-26 15:54:34	2022-11-08 05:44:32
BE22021767	2	1	아직 신입인데 너무 부담감 가지는 거 아니에요? 두 달이라는 시간 동안 모든 업무를 다 이해할 순 없잖아요.	N	2022-09-26 15:54:34	2022-09-26 15:54:34
BE22021767	3	0	같이 입사한 동기들은 저처럼 많이 묻지 않아도 업무를 곧잘 이해하던데 전 그렇지 못하거든요. 아버지는 항상 제 머리가 나쁜 게 엄마를 닮아서라고 하셨어요. 그 말이 상처로 남아있는데 이럴 때면 그 말이 자꾸 생각나서 괴로워요.	N	2022-09-26 15:54:34	2022-09-26 15:54:34
BE22021767	4	1	저런, 아버지의 말에 상처 받았겠군요. 그런데 부모님이라고 자식을 다 아는 것도, 모두 다 맞는 말을 하는 것도 아니잖아요. 저 역시 신입일 때 실수 엄청나게 해서 이직 고민할 만큼 많이 힘들었던걸요.	N	2022-09-26 15:54:34	2022-11-08 05:44:32
BE22021767	5	0	과장님이요? 지금은 일 잘하신다고 소문이 났던데, 신입 때 그러셨다는 게 상상이 안 가요. 과장님의 업무 지식을 제 머리로 옮기고 싶어요. 지금은 상처로 남은 아버지 말만 맴돌아서 너무 힘들거든요.	N	2022-09-26 15:54:34	2022-09-26 15:54:34
BE22021767	6	1	그 때 일 가르쳐주던 상사들도 지금 내 모습 보면 많이 놀라워 해요. 내가 볼 땐 이해될 때까지 노력하는 감정화자씨 모습이 오히려 기특하던데요? 현재 업무 능력이 앞으로의 모습이 아니니까 너무 힘들어하지 말아요.	N	2022-09-26 15:54:34	2022-11-08 05:44:32
BE22021767	7	0	저도 앞으로 잘 할 거란 자신감으로 일하고 싶은데 어려움에 부딪히면 원래 이게 나인가 싶어요. 아버지가 제 머리가 안 좋다고 한 말도 계속 생각나서 상처만 더 깊어지고요.	N	2022-09-26 15:54:34	2022-09-26 15:54:34
BE22021767	8	1	제 직속 신입사원이 업무 때문에 아버지의 말까지 떠올라 상처 받는다니 마음이 안 좋네요. 그런데 그 말에 갇혀서 일에 대한 자신감을 잃지 않았으면 좋겠어요. 머리가 나쁘다는 평가는 상대방의 주관적인 생각일 뿐이에요.	N	2022-09-26 15:54:34	2022-11-08 05:44:32
BE22021767	9	0	아버지의 평가가 이렇게 저에게 영향력이 클 줄 몰랐어요. 전 항상 선천적으로 머리가 나쁘다는 생각을 했거든요. 그래서 공부든 일이든 남들보다 더 열심히 해야 한다고 생각했던 거 같아요.	N	2022-09-26 15:54:34	2022-09-26 15:54:34
BE22021767	10	1	그런 상처를 가지고 이 자리까지 온 게 정말 대단하네요! 신입 사원은 배우고 실수하고 깨닫고 하는 시기예요. 누구나 서툰 상황에서 본인 머리만 나쁘다고 생각한다면, 그게 정말 머리가 안 좋은 사람 아닐까요?	N	2022-09-26 15:54:34	2022-11-08 05:44:32
BE22021767	11	0	듣고보니 과장님 말씀이 맞네요. 뭐든 배우고 익히는 기간이 다른데 남들과 비교하면서 머리가 나쁘다고만 생각했네요. 그것도 아버지가 엄마 닮아서 머리 나쁘다는 말까지 소환하며 스스로 상처받고, 제가 어리석었어요.	N	2022-09-26 15:54:34	2022-09-26 15:54:34
BE22021767	12	1	그래요, 정말 머리가 나빴다면 좋은 대학을 나오고 입사 시험도 합격해서 이 자리까지 오기도 힘들었겠죠. 선천적이든 후천적이든 노력하는 머리도 있는 거니까요.	N	2022-09-26 15:54:34	2022-09-26 15:54:34
BE22021767	13	0	과장님 말을 들으니까 저는 노력하는 머리가 좋은 사람이 되고 싶어요. 앞으로 일을 배우는 동안 제가 성장하는 과정이라 생각하고 상처받거나 힘들어하지 않으려고요!	N	2022-09-26 15:54:34	2022-09-26 15:54:34
BE22021767	14	1	그렇게 말해주니 회사 선배뿐 아니라 인생 선배로서도 인정받은 거 같아서 기분 좋네요. 그런 마음가짐이라면 앞으로 정말 유능한 직원이 될 거예요. 저도 많이 도울게요!	N	2022-09-26 15:54:34	2022-09-26 15:54:34
BE22021767	15	0	고맙습니다! 앞으로 과장님처럼 인정받는 직원이 되도록 노력해 볼게요!	Y	2022-09-26 15:54:34	2022-09-26 15:54:34
