id	utterance_id	utterance_type	utterance_text	terminate	regDate	updDate
BE22004429	1	0	과장님, 저번에 제가 돈을 빌려줬다는 친구 있잖아요, 연락이 안 돼요.	N	2022-06-28 02:19:29	2022-11-08 03:52:54
BE22004429	2	1	저런, 친구한테 무슨 일이 있는 거야? 대리님이 많이 걱정되겠는걸.	N	2022-06-28 02:19:29	2022-11-08 03:52:54
BE22004429	3	0	친구도 걱정되지만, 제 돈을 돌려주지 않기 위해 잠적한 게 아닐까 의심이 돼요.	N	2022-06-28 02:19:29	2022-11-08 03:52:54
BE22004429	4	1	그러게, 친구에게 무슨 일이 있을 가능성은 드물고 돈 때문에 그런 걸 수도 있겠다. 만약 그렇다면 대리님이 속상하겠는걸.	N	2022-06-28 02:19:29	2022-11-08 03:52:54
BE22004429	5	0	십년지기가 어떻게 돈 때문에 하루 아침에 저를 떠날 수 있죠? 저는 정말 그 친구를 신뢰했었거든요.	N	2022-06-28 02:19:29	2022-11-08 03:52:54
BE22004429	6	1	대리님이 마음 잘 이해해. 항상 그 친구가 믿음직스럽다고 나한테 이야기했었잖아. 배신당한 기분이겠다.	N	2022-06-28 02:19:29	2022-11-08 03:52:54
BE22004429	7	0	사실 친구에게 돈을 빌려주고 잠적한 일이 이번만은 아니거든요. 2년 전에도 한 친구에게 돈을 빌려줬었는데 연락이 끊겼어요. 저는 왜 돈을 빌려주고 항상 상처만 받을까요?	N	2022-06-28 02:19:29	2022-11-08 03:52:54
BE22004429	8	1	대리님 잘못이 아냐. 친구에게 좋은 마음으로 도움을 준 것이잖아. 아무리 친구가 떠났다고 해도 대리님은 참 좋은 사람이야.	N	2022-06-28 02:19:29	2022-11-08 03:52:54
BE22004429	9	0	그러게요, 저는 친구에게 잘해주고 싶었을 뿐인데 이런 일이 일어나니 속상하네요. 이 친구에게도 연락이 끝까지 안 오면 정말 슬플 것 같아요.	N	2022-06-28 02:19:29	2022-11-08 03:52:54
BE22004429	10	1	분명 연락을 취해 올 거야. 아직 며칠 되지 않았잖아, 친구는 대리님을 배신하지 않았을 거야. 편안한 마음으로 조금 더 기다려 보자.	N	2022-06-28 02:19:29	2022-11-08 03:52:54
BE22004429	11	0	정말 저에게 다시 연락이 올까요? 그렇게 말씀해주시니 마음이 조금은 놓여요. 그리고 정말 친구가 의도적으로 떠난 거라고 해도 저는 순수하게 친구를 사랑했으니까요.	N	2022-06-28 02:19:29	2022-11-08 03:52:54
BE22004429	12	1	맞아, 친구도 지금쯤 아주 고마워하고 있을 거야. 대리님 말대로 친구가 떠나도 대리님이 친구를 사랑하는 마음은 정말 소중한 거야.	N	2022-06-28 02:19:29	2022-11-08 03:52:54
BE22004429	13	0	친구에 대한 미움이 조금 사그라들었어요. 친구를 믿는 마음으로 기다려 볼게요.	N	2022-06-28 02:19:29	2022-11-08 03:52:54
BE22004429	14	1	그래, 정말 잘 생각했어. 마음이 나아졌다니 나도 기쁘다.	Y	2022-06-28 02:19:29	2022-11-08 03:52:54
