id	utterance_id	utterance_type	utterance_text	terminate	regDate	updDate
BE22016362	1	0	공감화자씨는 남편이랑 식사할 때 별일 없어요?	N	2022-08-30 04:52:10	2022-11-08 05:08:50
BE22016362	2	1	저는 별문제 없어요. 남편분과 식사할 때 무슨 문제라도 있어요?	N	2022-08-30 04:52:10	2022-11-08 05:08:50
BE22016362	3	0	남편과 입맛이 안 맞아요. 그걸로 몇 번 다투다가 제가 남편한테 맞춰주고 있는데 저만 희생하는 느낌이라 상처예요. 왜 저만 이렇게 양보해야 하나 싶어서 상처받게 돼요.	N	2022-08-30 04:52:10	2022-11-08 05:08:50
BE22016362	4	1	저런, 듣는 제가 다 속상하네요. 서로 같이 화합을 찾아야 하는 걸 혼자만 맞춰주면 상처받을 수밖에 없죠. 저 같아도 왜 상대방을 기준으로 내가 맞춰야 하나 싶을 것 같아요.	N	2022-08-30 04:52:10	2022-11-08 05:08:50
BE22016362	5	0	네, 남편은 제 입맛 고려도 안 해주는데 저만 남편 배려하는 것 같아서 상처예요. 결혼하고 이렇게 희생하게 될 줄 몰랐네요. 연애할 때는 저한테 다 맞춰줬는데 이제는 온전히 저만 희생해야 하네요.	N	2022-08-30 04:52:10	2022-11-08 05:08:50
BE22016362	6	1	아무래도 마음의 상처가 클 수밖에 없겠어요. 저도 남편이랑 생활하면서 안 맞을 때 서로 조율하는 게 아니라 절 포기하게 되더라고요. 희생하고 그러는 게 꼭 자아를 잃는 기분이라 공허해지잖아요, 그 마음 잘 알아요.	N	2022-08-30 04:52:10	2022-11-08 05:08:51
BE22016362	7	0	네, 그래서 식사할 때면 남편 입맛에만 맞는 요리들로 구성되어 있으니 많이 안 먹게 돼요. 죄다 매운 음식들인데 전 매운 거 잘 못 먹거든요. 언제까지 이렇게 일방적으로 맞춰져야 할 지 참 막막하네요.	N	2022-08-30 04:52:10	2022-11-08 05:08:51
BE22016362	8	1	저런, 그럴 때일수록 끼니라도 잘 챙겨서 힘을 내야죠. 그렇게 남을 위해 희생하는 배려가 다음에 보상받는 날이 올 거예요. 그 희생이 무의미하게 소멸하는 게 아니라 빛을 발하게 될 테니까 상심에 젖지 않았으면 좋겠어요.	N	2022-08-30 04:52:10	2022-11-08 05:08:51
BE22016362	9	0	제가 제 입맛대로 음식도 제대로 먹지 못해서 너무 울분에 차 있었나 봐요. 희생당하는 기분이라서 온종일 기분이 좋지 않고 마음의 상처를 받았거든요.	N	2022-08-30 04:52:10	2022-11-08 05:08:51
BE22016362	10	1	있잖아요, 저는 감정화자씨가 자신을 소중하게 여기고 아꼈으며 해요. 혼자 일방적으로 희생하기보다는 같이 조율하는 방향으로 갔으면 해요. 혼자 끙끙 앓는 것보다 털어놓고 상처를 꺼내서 같이 치유하는 게 좋잖아요.	N	2022-08-30 04:52:10	2022-11-08 05:08:51
BE22016362	11	0	그렇게 말해주니까 기분이 좀 나아지네요. 아무래도 공감화자씨 말처럼 한번 솔직하게 털어놓아야겠어요.	N	2022-08-30 04:52:10	2022-11-08 05:08:51
BE22016362	12	1	네, 더는 상처 받지 않기를 바라는 마음으로 한 말이에요. 감정화자씨처럼 착한 분이 상처받고 있다고 생각하니 제가 다 속상해지는 거 있죠? 그러니 이제는 평온한 하루가 지속되기를 바랄게요.	N	2022-08-30 04:52:10	2022-11-08 05:08:51
BE22016362	13	0	네, 그렇게 되기를 바라야겠어요. 덕분에 속앓이하던 게 없어졌어요.	N	2022-08-30 04:52:10	2022-11-08 05:08:51
BE22016362	14	1	도움이 돼서 다행이에요. 잘 해결되기를 바랄게요! 남은 하루 좋게 보내시기를!	N	2022-08-30 04:52:10	2022-11-08 05:08:51
BE22016362	15	0	네, 공감화자씨도 그렇기를 바라요!	Y	2022-08-30 04:52:10	2022-11-08 05:08:51
