id	utterance_id	utterance_type	utterance_text	terminate	regDate	updDate
BE22025333	1	0	동호회에서 만난 동갑에게 고백했지만 차였는데 마음이 너무 아파요.	N	2022-10-07 08:44:03	2022-10-07 08:44:03
BE22025333	2	1	얼마 전까지만 해도 만나는 걸로 알고 있었는데 어쩌다가 그렇게 된 거예요? 감정화자가 얼마나 상처받았을지 생각하니까 내 마음이 다 아프네요. 둘이서 사이가 좋은 거로 알고 있었는데.	N	2022-10-07 08:44:03	2022-11-08 06:05:36
BE22025333	3	0	우리는 동호회에서 만나고 나서, 동갑이기도 하고 취미도 비슷하고 잘 통한다고 생각했어요. 동호회에서 한 달에 한 번씩 만날 때마다 마음이 설레기도 하고 너무 좋았어요. 난 진심으로 만났는데 정말 믿어지지 않아요.	N	2022-10-07 08:44:03	2022-11-08 06:05:36
BE22025333	4	1	감정화자씨가 얼마나 지극정성으로 다했는데 왜 그 마음도 몰라주고 그러는지 이해가 안 가네요. 나도 믿어지지 않는데 감정화자씨는 오죽하겠어요. 뭐 다른 이유라도 있는 거예요?	N	2022-10-07 08:44:03	2022-11-08 06:05:36
BE22025333	5	0	다른 동호회에 본인이 좋아하는 사람이 생겼다고 하더라고요. 난 정말 그 사람하고 결혼까지 생각할 정도로 사랑하고 있었어요. 이렇게 내 마음을 몰라주고 내 고백을 받아주지 않을 줄은 꿈에도 생각을 못 했어요.	N	2022-10-07 08:44:03	2022-11-08 06:05:36
BE22025333	6	1	감정화자씨의 마음에 깊은 상처를 받았다고 생각하니 내 마저 칼에 베인 듯 아파지네요. 더군다나 감정화자씨는 웬만한 사람한테 정을 주지 않는 사람인데, 그 상실감이 얼마나 크겠어요. 감정화자씨의 깊은 상처가 오롯이 나에게까지 전해져 오네요.	N	2022-10-07 08:44:03	2022-11-08 06:05:36
BE22025333	7	0	정말 되돌릴 수 없을까요? 난 어떻게 해서라도 붙잡고 싶어요. 지금 이 순간에도 너무 보고 싶은데 난 어떻게 하면 좋아요.	N	2022-10-07 08:44:03	2022-11-08 06:05:36
BE22025333	8	1	내가 방법을 안다면 알려주고 싶어요. 그런데 도움을 주지 못해서 정말 미안하고 속상해요. 감정화자씨의 공허하고 깊은 상처를 어떻게 안다고 하겠어요.	N	2022-10-07 08:44:03	2022-11-08 06:05:36
BE22025333	9	0	아니에요. 사실 나도 방법이 없다는 걸 알아요. 그런데도 한 가닥 희망이라도 붙잡고 싶어서 그러는 거예요.	N	2022-10-07 08:44:03	2022-11-08 06:05:36
BE22025333	10	1	감정화자씨가 너무 애처롭고 얼마나 좋아하면 저런 마음이 들까? 상상을 할 수가 없어요. 감정화자씨의 깊은 상처를 다 헤아릴 수는 없지만 감정화자씨를 더 사랑해주는 사람이 나타날 거예요.	N	2022-10-07 08:44:03	2022-11-08 06:05:37
BE22025333	11	0	정말 내가 이 깊은 상처를 잊고 다시 사랑할 수 있을까요? 지금은 아무 생각도 들지 않아요.	N	2022-10-07 08:44:03	2022-10-07 08:44:03
BE22025333	12	1	감정화자씨는 잘 견뎌내고 극복할 수 있을 거예요. 시간이 약이라는 말도 있잖아요. 분명 감정화자씨에게 더 소중하고 아껴주는 사랑하는 사람이 나타날 거예요, 감정화자씨는 충분히 그럴 자격이 있어요.	N	2022-10-07 08:44:03	2022-11-08 06:05:37
BE22025333	13	0	시간이 약이라는 말. 아프고, 보고 싶고, 말하는걸 들어줄 수 있다는 존재가 있다는 것만으로도 난 지금 위안이 돼요. 그럴 수 있을까요, 나를 그렇게 생각하신다니 정말 고마워요.	N	2022-10-07 08:44:03	2022-11-08 06:05:37
BE22025333	14	1	내가 감정화자씨에게 그런 존재가 돼서 감정화자씨가 조금이라도 위안받는다면 언제든지 들어 줄 수 있어요. 감정화자씨의 그 상처가 너무 아파서 버거울 때 언제든지 연락주세요.	N	2022-10-07 08:44:03	2022-11-08 06:05:37
BE22025333	15	0	내가 힘들 때 기댈 곳이 있다는 게 너무 다행이에요, 정말 고마워요.	Y	2022-10-07 08:44:03	2022-11-08 06:05:37
