id	utterance_id	utterance_type	utterance_text	terminate	regDate	updDate
BE22002520	1	0	우리 이번에 같이 들어온 입사 동기 요즘 사장님이 자주 찾으시는 것 같지 않아?	N	2022-06-22 04:20:08	2022-11-08 03:40:43
BE22002520	2	1	요새 들어 그런 것 같긴 해. 지난번 아침 회의 때도 사장님이 계속 부르시고 칭찬하시더라고.	N	2022-06-22 04:20:08	2022-11-08 03:40:43
BE22002520	3	0	같은 회사 사람인데 차별하는 것 같고 회사에 대한 애정이 점점 식어가는 것 같아.	N	2022-06-22 04:20:08	2022-11-08 03:40:44
BE22002520	4	1	다른 부서인 나도 속상한데 너는 같은 부서라서 더욱 힘들었겠다. 얼굴 계속 마주칠 텐데 괜찮아?	N	2022-06-22 04:20:08	2022-11-08 03:40:44
BE22002520	5	0	아침부터 퇴근까지 계속 얼굴 보는 게 조금 힘들어. 솔직히 나는 그 동기가 일을 잘하는지 잘 모르겠거든.	N	2022-06-22 04:20:08	2022-11-08 03:40:44
BE22002520	6	1	회사에서 그런 모습들을 계속 지켜봐야 하는 상황이면 나라도 힘들 것 같아. 그 동기랑 업무적으로 부딪히는 일이 있었어?	N	2022-06-22 04:20:08	2022-11-08 03:40:44
BE22002520	7	0	나에게 일을 잘못 전달해 줬는데 그걸 내가 뒷수습했어. 그래서 야근까지 하는 바람에 기분이 상당히 안 좋았어.	N	2022-06-22 04:20:08	2022-11-08 03:40:44
BE22002520	8	1	집에 빨리 가고 싶었을 텐데 야근이라니. 같은 동료로서 그날은 매우 가슴이 답답한 날이었겠다. 그 이후로는 어떻게 됐어?	N	2022-06-22 04:20:08	2022-11-08 03:40:44
BE22002520	9	0	다음날 아침에 상황을 이야기했더니 자기도 일이 많아서 그랬다고 미안하다고 하더라.	N	2022-06-22 04:20:08	2022-11-08 03:40:44
BE22002520	10	1	너라면 그런 상황을 이해해 줬을 거야. 근데도 화가 많이 나는 걸 보니 쌓인 게 많았구나.	N	2022-06-22 04:20:08	2022-11-08 03:40:44
BE22002520	11	0	응. 이제 앞으로 그 동기를 어떻게 대해야 할지 잘 모르겠어.	N	2022-06-22 04:20:08	2022-11-08 03:40:44
BE22002520	12	1	잘하고 싶은데 안돼서 너도 많이 속상했을 것 같아. 근데 동기도 일을 빠르게 처리해야 하다 보니 어쩔 수 없었던 거 아닐까? 사실 사장님께 잘 보이려고 하는 건 우리 모두가 같은 마음일 거야.	N	2022-06-22 04:20:08	2022-11-08 03:40:44
BE22002520	13	0	맞아. 그 동기 마음도 이해해. 그래서 나도 더 열심히 해야겠다는 생각이 들어.	N	2022-06-22 04:20:08	2022-11-08 03:40:44
BE22002520	14	1	너는 항상 매 순간 최선을 다하고, 잘해왔으니까 사장님도 결국 너의 공적을 알아봐 주실 거야. 응원할게.	N	2022-06-22 04:20:08	2022-11-08 03:40:44
BE22002520	15	0	고마워. 네 조언을 들으니 힘이 난다.	Y	2022-06-22 04:20:08	2022-11-08 03:40:44
