id	utterance_id	utterance_type	utterance_text	terminate	regDate	updDate
BE22031075	1	0	대리님, 제 친한 친구가 자살했다는 연락을 받았어요. 너무 슬프고 마음이 아파서 눈물이 앞을 가려요. 친구가 없다는 사실이 제게 상처가 돼요.	N	2022-10-17 13:24:20	2022-10-17 13:24:20
BE22031075	2	1	감정화자님 정말 많이 속상하시겠어요. 친한 친구의 자살이라니 소식을 전해 듣는 것만으로 제 마음도 아파요.	N	2022-10-17 13:24:20	2022-11-08 06:40:19
BE22031075	3	0	사업이 힘들어져서 고민이 많긴 했지만 다시 힘내서 잘 해보자고 함께 술잔을 기울였는데! 제가 바빠서 걸려 온 전화를 못 받은 이후라 제 탓으로 여겨져요. 마음이 너무 괴롭고 심장이 찢어질 것 같아요.	N	2022-10-17 13:24:20	2022-11-08 06:40:19
BE22031075	4	1	감정화자님이 어떤 마음인지 너무 이해돼요. 저였어도 감정화자님과 똑같이 생각했을 것 같아요. 친한 친구였으니 그 감정이 더하겠어요.	N	2022-10-17 13:24:20	2022-11-08 06:40:19
BE22031075	5	0	내가 조금이라도 더 신경 쓰고 친구를 챙겼다면 막을 수 있었을 텐데. 여러 생각과 후회가 저를 짓눌러요.	N	2022-10-17 13:24:20	2022-10-17 13:24:20
BE22031075	6	1	저는 감정화자님께 전해 듣기만 했는데도 가슴이 아려오는데, 감정화자님께서는 어떠시겠어요. 누가 뭐라고 해도 감정화자님의 잘못이 아니에요, 그러니 너무 자책하지 마세요.	N	2022-10-17 13:24:20	2022-11-08 06:40:19
BE22031075	7	0	친구가 힘들어하던 모습이 생생한데, 저는 왜 전화를 받지 못했을까요. 이 생각에서 벗어나기가 힘들어요. 제가 저를 원망하지 않으면 더 힘들 것 같아요.	N	2022-10-17 13:24:20	2022-10-17 13:24:20
BE22031075	8	1	감정화자님이 그만큼 친구를 아꼈기 때문에 그만큼 아프고 스스로를 탓하게 되는 것도 당연해요. 그런 감정화자님의 상심과 상처가 이해되지만, 너무 힘들어하셔서 걱정이 됩니다. 친구를 그리워하고 애도하는 마음은 남기시고 자신을 괴롭히는 자책은 그만하셔도 좋을 것 같아요.	N	2022-10-17 13:24:20	2022-11-08 06:40:19
BE22031075	9	0	학생 때부터 20년을 넘게 친구로 함께 했어요. 너무 충격적이라 사실 어떻게 말을 해야 할지도 모르겠고 너무 생각이 나요.	N	2022-10-17 13:24:20	2022-10-17 13:24:20
BE22031075	10	1	오랜 친구의 부고를 듣는다면 단어 하나하나가 가슴에 상처로 남을 것 같아요. 슬프고 마음 아프면 참지 않고 눈물을 흘리셔도 괜찮아요, 저도 많이 울었어요. 많이 생각하지 마세요, 쉽지 않겠지만 시간이 지나면 점점 괜찮아질 거예요.	N	2022-10-17 13:24:20	2022-11-08 06:40:19
BE22031075	11	0	대리님도 친구의 죽음을 겪으신 거예요? 지금 제 마음 같았을까요?	N	2022-10-17 13:24:20	2022-10-17 13:24:20
BE22031075	12	1	같았다고 할 수는 없겠지만, 어떤 마음인지 정말 이해해요. 제 친구는 사고를 당했어요, 저를 만나러 오는 길이었기에 저도 자책을 많이 했어요. 쉽지 않겠지만, 이번 일이 감정화자님께 상처로 남지는 않았으면 좋겠어요.	N	2022-10-17 13:24:20	2022-11-08 06:40:19
BE22031075	13	0	대리님 말씀을 들으니 조금은 위로가 되네요. 어떤 말씀을 해주시려는 건지도 이해가 돼요, 어려운 이야기 해주셔서 감사해요.	N	2022-10-17 13:24:20	2022-11-08 06:40:19
BE22031075	14	1	아니에요, 힘이 들고 괴로우면 언제든지 제게 연락하세요. 혼자 이겨내기 힘드실 테니 같이 하면 조금은 나을 거예요.	N	2022-10-17 13:24:20	2022-11-08 06:40:19
BE22031075	15	0	그렇게 말씀해 주셔서 감사해요. 말씀만으로도 힘이 됩니다.	Y	2022-10-17 13:24:20	2022-11-08 06:40:19
