id	utterance_id	utterance_type	utterance_text	terminate	regDate	updDate
BE22025269	1	0	대리님, 저 이 일을 어떻게 해야 하죠? 저 지금 상처를 너무 크게 받아서 정신이 없어요.	N	2022-10-07 07:04:44	2022-11-08 06:05:14
BE22025269	2	1	감정화자씨 무슨 일이길래 그렇게 정신이 없어 보여? 안 좋은 일이라도 생긴 거야?	N	2022-10-07 07:04:44	2022-11-08 06:05:14
BE22025269	3	0	제가 어제 머리 염색을 했는데 머리카락이 많이 빠졌어요. 정말 많이 빠져서 머리에 구멍이 날 정도라 고객센터에 전화했어요. 그랬더니 자기들 잘못이 아니라 어떻게 해줄 수 없다고 하는 거 있죠.	N	2022-10-07 07:04:44	2022-11-08 06:05:14
BE22025269	4	1	감정화자씨한테 그렇게 큰일이 일어났었다니까 내가 너무 걱정된다. 머리가 얼마나 많이 빠졌으면 감정화자씨가 고객센터에 전화까지 했겠어.	N	2022-10-07 07:04:44	2022-11-08 06:05:14
BE22025269	5	0	머리 빠지는 게 그냥 그랬으면 고객센터에 전화도 안 했을 거예요. 그런데 눈으로 보기에도 티 날 정도로 너무 심하게 빠졌어요. 이 머리로 밖에 나갈 생각을 하니까 너무 힘이 들어요.	N	2022-10-07 07:04:44	2022-11-08 06:05:14
BE22025269	6	1	감정화자씨가 그렇게 말할 정도면 머리가 정말 심하게 빠졌나 보다. 감정화자씨가 평소에 머리를 얼마나 소중히 여기는지 아는 나로서는 얼마나 상처받았을까 생각하니 마음이 안 좋다.	N	2022-10-07 07:04:44	2022-11-08 06:05:14
BE22025269	7	0	제가 정말 신경 써서 길러온 머리인데 이걸 어떻게 해야 할지 모르겠어요. 미용실에 갔더니 이건 가발로 커버해야 할 정도라고 그러더라고요. 사람들 시선이 신경 쓰이고 너무 상처에요.	N	2022-10-07 07:04:44	2022-11-08 06:05:14
BE22025269	8	1	가발로 커버해야 할 정도면 정말 심한 건데 감정화자씨가 받았을 상처가 짐작이 안 간다. 혼자서 그런 큰일을 겪었을 걸 생각하니까 너무 안타깝다.	N	2022-10-07 07:04:44	2022-11-08 06:05:14
BE22025269	9	0	고객센터에서는 자기들 잘못이 아니라고 하니까 대체 누굴 탓해야 좋을지 모르겠어요. 괜히 머리 염색하겠다고 한 제 잘못 같기도 하고 너무 상처에요.	N	2022-10-07 07:04:44	2022-10-07 07:04:44
BE22025269	10	1	이러지도 저러지도 못하는 상황이라 감정화자씨가 더 상처받는 것 같아. 내가 감정화자씨 입장이었어도 정말 큰 상처를 받았을 거야. 그래도 이건 감정화자씨 잘못이 아니니까 너무 자책하지 않았으면 좋겠어.	N	2022-10-07 07:04:44	2022-11-08 06:05:14
BE22025269	11	0	지금 이 상황을 어떻게 해야 할지를 모르겠어요. 너무 신경 쓰여서 미칠 것 같아요.	N	2022-10-07 07:04:44	2022-11-08 06:05:14
BE22025269	12	1	감정화자씨가 상처받아서 힘들어하는 모습 보니까 내가 더 안타깝다. 그래도 너무 걱정하지 말고 마음 편하게 가졌으면 좋겠어. 괜찮으니까 나랑 같이 어떻게 해야 할지 해결책을 찾아보자.	N	2022-10-07 07:04:44	2022-11-08 06:05:14
BE22025269	13	0	대리님이 그렇게 말해주시니까 마음이 조금 가벼워졌어요. 저랑 같이 고민해주셔서 정말 감사드려요.	N	2022-10-07 07:04:44	2022-11-08 06:05:14
BE22025269	14	1	내가 감정화자씨한테 도움을 준 게 뭐가 있다고 그래. 내가 지금 감정화자씨한테 갈 테니까 너무 걱정하지 말고 있어. 하나보다는 둘이서 해결하는 게 더 의지도 되고 좋잖아.	N	2022-10-07 07:04:44	2022-11-08 06:05:14
BE22025269	15	0	그렇게까지 도와주신다니까 제가 정말 감사하네요. 저 힘들 때 큰 도움 주셔서 감사합니다.	Y	2022-10-07 07:04:44	2022-11-08 06:05:14
