id	utterance_id	utterance_type	utterance_text	terminate	regDate	updDate
BE22031164	1	0	팀장님, 늦은 시간에 죄송해요. 제가 내일부터 며칠간 출근을 못 할 것 같아서 미리 연락드립니다.	N	2022-10-17 14:56:46	2022-11-08 06:40:50
BE22031164	2	1	아직 안 잤어, 괜찮아. 갑자기 출근을 못 한다니, 무슨 일 있어?	N	2022-10-17 14:56:46	2022-11-08 06:40:50
BE22031164	3	0	사실, 퇴근 에 한 패거리의 남자들에게 폭행당해서 입원하게 되었어요. 몸도 다치고 정신적으로도 충격을 많이 받아서 한동안 출근이 어려울 것 같아요.	N	2022-10-17 14:56:46	2022-11-08 06:40:50
BE22031164	4	1	뭐? 많이 다치진 않았고? 세상에, 정말 놀라고 무서웠겠다. 지금 출근 걱정할 때가 아니야. 그건 걱정하지 마!	N	2022-10-17 14:56:46	2022-11-08 06:40:50
BE22031164	5	0	네, 길을 지나는데 이유도 없이 시비를 걸더니 주먹을 휘두르고 돈도 빼앗겼어요. 몸은 많이 다치지 않았지만, 정신적으로 충격이 너무 크네요.	N	2022-10-17 14:56:46	2022-11-08 06:40:50
BE22031164	6	1	그랬겠다. 이렇게 이야기만 들었는데도 너무 충격적인데, 얼마나 큰 충격을 받았겠어. 병원에서 몸조리 잘하면서 빨리 회복하면 좋겠다.	N	2022-10-17 14:56:46	2022-11-08 06:40:50
BE22031164	7	0	네, 그리고 출근 때문에 연락드렸지만, 이 이야기는 팀장님만 아셨으면 좋겠어요. 저도 지금 너무 충격을 받아서 다른 사람들과 이야기하며 사건을 다시 꺼내기가 힘들 것 같아요. 다른 직원들도 너무 많이 걱정할 것 같고요.	N	2022-10-17 14:56:46	2022-11-08 06:40:50
BE22031164	8	1	그래, 알았어. 이렇게 큰 충격 받으면 트라우마가 엄청나게 오래 갈 텐데 다시 생각 떠올리는 게 얼마나 힘들겠어. 다 이해하고 회사에도 잘 들러서 말할 테니 걱정하지 마!	N	2022-10-17 14:56:46	2022-11-08 06:40:50
BE22031164	9	0	이해해주셔서 감사해요. 벌써 트라우마 생겨서 남자 의사 선생님만 봐도 깜짝 놀라게 되네요.	N	2022-10-17 14:56:46	2022-11-08 06:40:50
BE22031164	10	1	세상에, 얼마나 충격받았으면 그러겠어. 그 심정을 내가 다 헤아릴 수는 없겠지만 상상하는 것만으로도 너무 무섭고 고통스럽다.	N	2022-10-17 14:56:46	2022-11-08 06:40:50
BE22031164	11	0	누구에게나 일어날 수 있는 일인 걸 알아요. 하지만 왜 하필 저에게 이런 일이 일어난 건지 너무 억울하고 화도 나네요. 그러다가 제가 이기적이라는 생각이 들어서 더 고통스러워요.	N	2022-10-17 14:56:46	2022-11-08 06:40:50
BE22031164	12	1	아니야. 갑자기 그런 충격적인 일을 겪으면 누구나 다 그렇게 생각할 거야. 이해할만해. 지금은 너무 충격이 커서 더 감정이 동요되지만, 몸도 마음도 치료 잘 받으면 좋아질 거야.	N	2022-10-17 14:56:46	2022-11-08 06:40:50
BE22031164	13	0	네, 몸도 몸이지만 어서 정신적으로 치유됐으면 좋겠네요. 늦은 시간인데 이야기 들어주시고 걱정해 주셔서 감사합니다.	N	2022-10-17 14:56:46	2022-11-08 06:40:50
BE22031164	14	1	아니야, 걱정되는 건 당연한 일이지! 회사는 정말 하나도 걱정하지 말고 충분히 회복될 때까지 쉬어. 걱정되니까 한 번씩 연락해주고.	N	2022-10-17 14:56:46	2022-11-08 06:40:50
BE22031164	15	0	네, 또 연락드릴게요. 감사합니다.	Y	2022-10-17 14:56:46	2022-10-17 14:56:46
