id	utterance_id	utterance_type	utterance_text	terminate	regDate	updDate
BE22030743	1	0	대리님, 저 방금 휴대폰을 바꾸면서 번호까지 바꿔버렸어요. 이제 이전 남자친구와는 정말로 안녕인가 봐요.	N	2022-10-17 07:08:29	2022-10-17 07:08:29
BE22030743	2	1	헤어진 뒤로 마음고생이 심하신 것 같았어요. 어떻게 이 일로 조금은 위로가 되셨을까요?	N	2022-10-17 07:08:29	2022-11-08 06:38:15
BE22030743	3	0	번호를 바꾸면 힘이 날 줄 알았는데 오히려 상처받고 말았네요. 이제 그 사람과 남이라는 사실이 실감이 났나 봐요.	N	2022-10-17 07:08:29	2022-11-08 06:38:15
BE22030743	4	1	무슨 마음인지 알아요. 저도 이별과 동시에 번호를 바꾼 적이 있거든요. 당시 느낀 헛헛함은 제 안에도 깊게 자리 잡고 있어요.	N	2022-10-17 07:08:29	2022-11-08 06:38:15
BE22030743	5	0	저는 우리가 결혼할 줄 믿고 있었어요. 마지막이 그렇게 다툼으로 얼룩질 줄 상상도 못했죠. 지금도 생각만 하면 가슴이 시큰거리며 아파요.	N	2022-10-17 07:08:29	2022-10-17 07:08:29
BE22030743	6	1	이별 앞에서는 누구나 비슷한 고통을 느낄 거예요. 당장은 괴롭겠지만 나를 위한 삶에 집중하다 보면 상처도 무뎌질 날이 꼭 올 거라 믿어요.	N	2022-10-17 07:08:29	2022-11-08 06:38:15
BE22030743	7	0	저도 그럴 줄 알았는데 막상 전화번호부를 보니까 마음을 또 다치네요. 한때는 당연했던 존재가 없다는 게 힘들어요.	N	2022-10-17 07:08:29	2022-10-17 07:08:29
BE22030743	8	1	연인의 빈자리를 느끼는 일만큼 마음이 다치는 일도 없죠. 상심이 커 보여서 저도 마음이 짠하네요.	N	2022-10-17 07:08:29	2022-11-08 06:38:15
BE22030743	9	0	아직 아무것도 없는 이 핸드폰이 무로 돌아간 제 마음을 대변하는 것 같네요. 앞으로도 이 상처는 지워지지 않을 거예요.	N	2022-10-17 07:08:29	2022-10-17 07:08:29
BE22030743	10	1	비록 두 분의 인연은 끝났지만, 사랑했던 마음과 시간은 그 자체로 가치 있어요. 당시 행복했던 마음을 값지게 생각하면서 위안을 얻으시길 바라요. 좋은 날이 또 와요.	N	2022-10-17 07:08:29	2022-11-08 06:38:15
BE22030743	11	0	공감화자씨가 그렇게 확신에 찬 말씀을 해주시니까 저도 조금 기운이 나네요. 맞아요, 한편으로는 값진 경험이었어요.	N	2022-10-17 07:08:29	2022-11-08 06:38:15
BE22030743	12	1	여전히 서로를 응원하고 잘 되길 바라잖아요. 그걸로 충분한 거예요. 이제 감정화자씨의 마음을 낫게 해줄 일들에 더 집중하셔도 돼요.	N	2022-10-17 07:08:29	2022-11-08 06:38:15
BE22030743	13	0	맞아요, 괜한 방어 때문에 제게 오는 귀중한 순간들까지 망치지는 않을래요. 힘들더라도 마음을 다잡고 기운 낼게요.	N	2022-10-17 07:08:29	2022-10-17 07:08:29
BE22030743	14	1	수많은 사람이 이별을 겪고 또 힘내어 살아간다는 게 참 든든할 때도 있더라고요. 감정화자씨도 당분간은 마음을 회복하시면서 미래를 희망하시길 바라요.	N	2022-10-17 07:08:29	2022-11-08 06:38:15
BE22030743	15	0	제가 너무 낙담할 필요는 없다는 걸 알았어요. 성심껏 위로해 주신 덕분이에요, 고맙습니다.	Y	2022-10-17 07:08:29	2022-11-08 06:38:15
