id	utterance_id	utterance_type	utterance_text	terminate	regDate	updDate
BE22023092	1	0	여자친구가 뻔한 거짓말을 반복하니 그게 제게 상처가 되는 것 같아요.	N	2022-09-30 09:02:31	2022-09-30 09:02:31
BE22023092	2	1	연인사이에 신뢰가 가장 중요한 법인데 그것참 유감이네요. 심각한 일인가요?	N	2022-09-30 09:02:31	2022-11-08 05:52:22
BE22023092	3	0	종종 갑자기 연락이 안 될 때가 있는데 나중에 물으면 배터리 핑계를 대요. 뻔히 아닌 걸 아는 상황이라 왜 이런 걸 속이는지 도통 이해가 안 돼요.	N	2022-09-30 09:02:31	2022-09-30 09:02:31
BE22023092	4	1	정직하게 말해주면 감정화자는 잘 이해해줄 수 있을 텐데 믿음을 쌓기 어렵겠어요.	N	2022-09-30 09:02:31	2022-11-08 05:52:22
BE22023092	5	0	맞아요. 저에게 솔직하지 못한 모습을 자꾸 보여주니 저에 대한 마음도 진심인지 혼란스러워서 너무 괴로워요.	N	2022-09-30 09:02:31	2022-09-30 09:02:31
BE22023092	6	1	진실하지 못한 관계라고 생각이 드시니 그런 기분이 드는 건 당연해요. 진지한 대화가 필요해 보이네요.	N	2022-09-30 09:02:31	2022-11-08 05:52:22
BE22023092	7	0	저도 그렇게 생각해요. 그렇치만 대화를 시도할 때마다 휴대전화기가 꺼졌다는 변명만 하니 어찌 해야 할 지 모르겠어요.	N	2022-09-30 09:02:31	2022-11-08 05:52:22
BE22023092	8	1	왜 안 그렇겠어요. 의미있는 대화를 하지 못할 때 드는 그 심란한 마음은 이루 말할 수 없죠. 사정이 있다면 솔직하게 말해주면 좋을 텐데 말이에요.	N	2022-09-30 09:02:31	2022-11-08 05:52:22
BE22023092	9	0	저도 정말 그렇게 생각해요. 이유라도 속 시원하게 말해주면 좋겠는데 답답하기만 하네요. 이제 제 마음도 헷갈릴 지경이에요.	N	2022-09-30 09:02:31	2022-09-30 09:02:31
BE22023092	10	1	아무래도 신뢰가 무너져서 마음에 갈등이 커졌나 보군요. 제가 그런 상황이어도 관계에 대한 고민이 많이 됐을 거예요.	N	2022-09-30 09:02:31	2022-11-08 05:52:22
BE22023092	11	0	맞아요. 이런 일이 반복되니 미래를 함께할 사람이 맞는지 의문이 들어서 고통스러워요.	N	2022-09-30 09:02:31	2022-09-30 09:02:31
BE22023092	12	1	상대의 진심을 알 수 없으니 얼마나 힘들겠어요. 연인간에 가장 중요한 건 믿음인데 그게 깨지고 있는 것 같아 저도 안타깝네요.	N	2022-09-30 09:02:31	2022-11-08 05:52:22
BE22023092	13	0	그러니까요. 예전엔 여자친구가 이런 적이 없었는데 최근에 이런 행동을 하는 거라서 자꾸 의심하게 되더라고요.	N	2022-09-30 09:02:31	2022-09-30 09:02:31
BE22023092	14	1	그럼 일단은 기다려보는 게 어떨 까요? 때가 되면 모든 게 밝히 드러날 거예요. 사랑하는 사람이니까 한 번 쯤 믿고 기다려주는 것도 서로에게 좋을 거라는 생각이 드네요.	N	2022-09-30 09:02:31	2022-11-08 05:52:22
BE22023092	15	0	사랑하니까 믿어주라는 말씀이 마음에 확 와닿네요. 맞아요. 그 사람의 마음이 제게 진심이라면 후에 자연스레 알게 되겠죠. 말씀대로 너무 조급하게 생각하며 괴로워하지 않고 일단 기다려볼게요.	N	2022-09-30 09:02:31	2022-09-30 09:02:31
BE22023092	16	1	지금은 마음 아프겠지만 조금만 힘을 내세요. 인내하면 두 사람의 관계가 지금보다 더 발전하거나 감정화자님이 더 단단해지는 발판이 될 거예요.	N	2022-09-30 09:02:31	2022-09-30 09:02:31
BE22023092	17	0	어떤 쪽이 되던간에 제게 좋은 일이겠네요. 이야기 들어주셔서 정말 감사해요.	N	2022-09-30 09:02:31	2022-09-30 09:02:31
BE22023092	18	1	도울 수 있어서 기뻤어요. 잘 해결되길 바랄게요.	Y	2022-09-30 09:02:31	2022-09-30 09:02:31
