id	utterance_id	utterance_type	utterance_text	terminate	regDate	updDate
BE22031141	1	0	공감화자님, 제가 회사 끝나고 가는 영어 학원에서 마음에 드는 친구가 있었어요. 그래서 용기를 내서 고백을 했는데 차였어요. 솔직히 받아줄 줄 알아서 너무 충격이 크고 상처를 받았어요.	N	2022-10-17 14:30:04	2022-10-17 14:30:04
BE22031141	2	1	좋아하는 사람에게 마음을 털어놓았는데 거절당하면 정말 괴롭죠. 감정화자님께 그런 일이 있었다니 제가 다 안쓰럽고 마음이 안 좋네요. 저도 그랬던 경험이 있어서 그게 얼마나 상처가 되는지 알아요.	N	2022-10-17 14:30:04	2022-11-08 06:40:42
BE22031141	3	0	저는 그 친구와의 사이에 묘한 기류가 있다고 믿었거든요. 그런데 그게 다 저 혼자만의 착각이었다니 너무 상처가 깊어요.	N	2022-10-17 14:30:04	2022-10-17 14:30:04
BE22031141	4	1	너무나 좋아하는 마음이 강해서 그랬을 수 있어요. 원래 누군가를 좋아하면 그 사람의 모든 행동에 의미를 부여하게 되잖아요. 감정화자님께서 많이 속상하실 것 같아서 안타까워요.	N	2022-10-17 14:30:04	2022-11-08 06:40:42
BE22031141	5	0	제가 제 친구들에게 고백할 거라고 미리 얘기해놨는데 뭐라고 해야 할지 모르겠어요. 참 친구들에게 거절을 전하기도 민망스럽네요.	N	2022-10-17 14:30:04	2022-10-17 14:30:04
BE22031141	6	1	이런 사적인 실패를 친구들에게 털어놓기가 많이 힘들죠. 친구들이 놀릴까 걱정도 되고 말이에요. 그래도 누구에게나 있을 수 있는 일이니까 너무 염려하지 마셔요.	N	2022-10-17 14:30:04	2022-11-08 06:40:42
BE22031141	7	0	그 친구가 저에게 너무나 미안해 하면서 거절을 해서 더 가슴이 아팠어요. 제가 괜히 그렇게 착한 친구의 마음을 불편하게 했나 싶어서 미안했어요. 고백을 거절당하는 게 처음이라서 더욱 상처가 커요.	N	2022-10-17 14:30:04	2022-10-17 14:30:04
BE22031141	8	1	처음 겪는 거절이라면 그 상처가 정말 더 생경할 것 같아요. 그렇지만 누군가를 좋아하고 그 마음을 고백하는 건 정말로 용기 있는 일이에요. 그 친구를 좋아했다는 자체로 감정화자님이 잘못한 것은 전혀 없으니 죄책감 느끼지 말아요.	N	2022-10-17 14:30:04	2022-11-08 06:40:42
BE22031141	9	0	이번에 거절당한 상처가 너무 깊어서 앞으로 먼저 마음을 고백하기 힘들 것 같아요. 다음에도 거절을 받으면 어쩌나 하는 걱정 때문에 말이에요.	N	2022-10-17 14:30:04	2022-10-17 14:30:04
BE22031141	10	1	이번에 일이 잘 안 풀렸다고 해서 다음에도 똑같을 거라는 보장은 없잖아요. 다음에는 감정화자님의 마음을 받아줄 사람을 만날 수도 있지요. 긍정적으로 생각하면서 좋은 인연을 기다려 보아요.	N	2022-10-17 14:30:04	2022-11-08 06:40:42
BE22031141	11	0	그렇게 저를 위로해 주셔서 정말 고마워요. 공감화자님께 속상한 일을 털어놓으니 마음이 한결 가벼워지는 것 같아요.	N	2022-10-17 14:30:04	2022-10-17 14:30:04
BE22031141	12	1	제가 감정화자님께 도움이 되었다니 다행이네요. 다음에도 속상한 일이 있으면 제게 내려놓으세요.	N	2022-10-17 14:30:04	2022-11-08 06:40:42
BE22031141	13	0	사람은 저마다 자기의 인연이 있다고 하니까요. 다음에는 더 좋은 사람을 만날 수 있겠죠.	N	2022-10-17 14:30:04	2022-10-17 14:30:04
BE22031141	14	1	분명히 훌륭한 인연이 감정화자님을 기다리고 있을 거예요.	Y	2022-10-17 14:30:04	2022-11-08 06:40:42
