id	utterance_id	utterance_type	utterance_text	terminate	regDate	updDate
BE22023793	1	0	공감화자씨, 공감화자씨 아들이 우리 딸과 동갑이잖아요. 평소에 숙제 많이 도와주시나요? 딸 영어 숙제를 같이 해주려는데 너무 어렵네요.	N	2022-10-03 22:32:55	2022-11-08 05:56:30
BE22023793	2	1	감정화자씨도 그러시구나. 저도 한때 숙제 도와주는 게 정말 부담이 되어서 아들 얼굴 보는 것도 힘들었어요. 감정화자씨의 마음이 정말 이해가 갑니다.	N	2022-10-03 22:32:55	2022-11-08 05:56:30
BE22023793	3	0	초등학교 영어가 원래 이렇게 어려운 거였나 싶어요. 나름 학교 다닐 때 영어를 했다고 자부했는데 도와주는 건 또 다른 일이더라고요. 도움이 안 되는 엄마같아서 상처가 늘어요.	N	2022-10-03 22:32:55	2022-10-03 22:32:55
BE22023793	4	1	그 마음 저도 많이 느꼈답니다. 부족한 엄마라고 스스로 느껴질 때면 눈물도 흘렸고요. 그렇지만 우리는 노력하고 있는 거잖아요, 그러니 너무 상처 받지 마세요.	N	2022-10-03 22:32:55	2022-11-08 05:56:31
BE22023793	5	0	이게 상처 받을 일이 아니란 걸 알면서도 어쩔 수가 없네요. 아이가 속으로 저를 흉볼까봐 두렵기도 하고요.	N	2022-10-03 22:32:55	2022-10-03 22:32:55
BE22023793	6	1	정말 너무 구구절절 공감되는 마음이라 제 마음이 무거워져요. 하지만 아이와 함께 나아간다는 마음으로 열심히 해보려 해요. 그렇게 마음 먹으면 조금씩 괜찮아지더라고요.	N	2022-10-03 22:32:55	2022-11-08 05:56:31
BE22023793	7	0	제 영어 실력이 나아지기는 할는지, 회의감이 드네요. 아이가 스스로 공부할 수 있을 때까지는 어떻게든 도움이 되어야 할 텐데요.	N	2022-10-03 22:32:55	2022-11-08 05:56:31
BE22023793	8	1	자식에게 좋은 모습만 보이고 싶은 게 부모잖아요. 뭐든 도움이 되어서 자식을 뒷바라지 하고 싶고요. 감정화자씨 딸도 그 마음 깊이 이해할 거라 믿어요.	N	2022-10-03 22:32:55	2022-11-08 05:56:31
BE22023793	9	0	우리 딸이 그래줄까요? 애가 짜증을 낼 때마다 제 실력이 부족해서 애가 힘들겠구나 그런 생각만 들거든요.	N	2022-10-03 22:32:55	2022-10-03 22:32:55
BE22023793	10	1	감정화자씨가 워낙 섬세하고 다정한 성격이라서 그럴 거예요. 아이는 어른보다 더 빨리 학습할 수 있는 능력이 있으니 너무 심려하지 말아요. 엄마가 곁에서 숙제를 함께하는 것만으로도 아이에게 도움이 될 테니까요.	N	2022-10-03 22:32:55	2022-11-08 05:56:31
BE22023793	11	0	그런 생각은 못 해봤네요. 늘 제대로 못하는 스스로를 자책만 했거든요.	N	2022-10-03 22:32:55	2022-10-03 22:32:55
BE22023793	12	1	심리적으로 아이를 지지해주는 것만으로도 큰 힘이 될 거예요. 물론 실제적으로 도움을 못 주는 것 같은 마음은 충분히 이해해요. 하지만 부담을 내려놓고 아이와 시간을 함께 하는 일이라 생각하고 숙제를 봐주는 건 어떨까요?	N	2022-10-03 22:32:55	2022-11-08 05:56:31
BE22023793	13	0	네, 그러면 제가 앞으로 자책하고 힘들어할 일은 없을 거 같아요. 공감화자씨, 좋은 말씀 정말 감사해요. 덕분에 마음이 굉장히 편해졌어요.	N	2022-10-03 22:32:55	2022-11-08 05:56:31
BE22023793	14	1	그렇다니 다행이에요. 엄마 마음 엄마가 안다고, 앞으로도 힘든 일 있으면 언제든 털어놓아 주세요.	N	2022-10-03 22:32:55	2022-10-03 22:32:55
BE22023793	15	0	알겠어요, 듣는 것만으로도 정말 큰힘이 되네요. 조언을 새겨듣고 앞으로 잘해볼게요.	Y	2022-10-03 22:32:55	2022-10-03 22:32:55
