id	utterance_id	utterance_type	utterance_text	terminate	regDate	updDate
BE22015280	1	0	오늘 인사발표에서 저는 떨어지고 저희 팀 후배가 먼저 진급을 했어요. 너무 슬프고 참담해서 회사를 계속 다닐 수 있을지 모르겠네요. 10년 직장생활을 하면서 이렇게 상처를 받은 건 처음이에요.	N	2022-08-23 04:47:56	2022-11-08 05:02:06
BE22015280	2	1	하, 직장인으로서 제일 견디기 힘든 일이 있으셨네요. 저도 겪어봐서 아는데 후유증이 꽤 오래가는 일이죠. 어떤 기분인지 충분히 이해할 수 있어서 더 마음이 안 좋네요.	N	2022-08-23 04:47:56	2022-11-08 05:02:06
BE22015280	3	0	작년 한 해 실적도 제가 더 좋았고, 인사고과도 제가 더 괜찮았는데. 왜 이런 결정이 난 건지 모르겠어요. 진짜 너무 억울해서 참을 수가 없네요, 회사를 그만 다니고 싶을 정도예요.	N	2022-08-23 04:47:56	2022-11-08 05:02:06
BE22015280	4	1	입사 동기도 아니고 후배가 먼저 진급을 하면 당연히 기분이 좋지 않죠. 앞으로도 오랜 시간을 함께 일해야 하잖아요. 만약에 저였어도 민망하고 억울할 것 같아요.	N	2022-08-23 04:47:56	2022-11-08 05:02:06
BE22015280	5	0	후배가 회사의 높으신 분들과 친분이 있는 건 아닐까 하는 생각도 해봤어요. 그게 아니라면 어떻게 나보다 먼저 승진을 할 수가 있겠어요. 내가 능력이 떨어진다는 건 아무리 생각해도 받아들일 수가 없어요.	N	2022-08-23 04:47:56	2022-11-08 05:02:06
BE22015280	6	1	우리 회사는 나름 규모도 있고 탄탄한 조직력도 갖췄다고 생각해요. 설마 그런 낙하산 인사를 했을까요. 마음을 조금만 편하게 가져보세요, 감정화자님의 감정이 너무 격해지신 것 같아서 걱정되요.	N	2022-08-23 04:47:56	2022-11-08 05:02:06
BE22015280	7	0	집에서도 이번엔 확실히 승진을 할 거라고 알고 있는데, 뭐라고 말을 해야 할지 모르겠어요. 게다가 앞으로 후배를 상사로 모셔야 한다고 생각하니까, 출근하는 게 두려울 정도예요.	N	2022-08-23 04:47:56	2022-11-08 05:02:06
BE22015280	8	1	직장생활 하면서 진급에 실패하는 건 사실 비일비재한 일 이잖아요, 직장인이라면 누구나 다 겪는 일일 뿐이에요. 너무 큰 의미를 두지 마세요, 스트레스받으셔서 건강을 해치시면 더 큰일이에요.	N	2022-08-23 04:47:56	2022-11-08 05:02:06
BE22015280	9	0	아내에게 미안해서 집에서도 얼굴을 들고 다닐 수가 없네요, 회사에서는 말할 것도 없구요. 자존감이 바닥으로 떨어져서 회복되기 힘들 것 같아요.	N	2022-08-23 04:47:56	2022-11-08 05:02:06
BE22015280	10	1	진급에서 떨어지셨다고 가족들이 실망할 일은 절대 없어요, 오히려 마음이라도 상하실까 봐 걱정을 하시겠죠. 회사에서도 마찬가지예요, 어떤 직원도 감정화자님을 무시하거나 안 좋게 보지 않으니 그런 생각은 절대 하지 마세요.	N	2022-08-23 04:47:56	2022-11-08 05:02:06
BE22015280	11	0	공감화자님의 말을 들으니 위로가 되네요, 제가 너무 남의 시선을 의식하고 살아 왔나 봐요. 세상에서 제일 가까운 가족들에게 가장으로서 약한 모습을 보일까 봐 두려웠어요.	N	2022-08-23 04:47:56	2022-11-08 05:02:07
BE22015280	12	1	실패를 두려워하지 마세요, 처음에만 힘들지 아무것도 아니에요. 다음에 더 잘할 수 있는 원동력이 되어 주기도 해요, 승진의 기회는 내년에도 그 후에도 있잖아요. 오히려 이번 일로 감정화님은 좀더 단단하고 강인해지실 거예요.	N	2022-08-23 04:47:56	2022-11-08 05:02:07
BE22015280	13	0	왜 진급을 꼭 제가 먼저 해야 한다고 생각했을까요, 오늘 저의 속 좁은 마음을 다 들킨 것 같아 창피하네요. 저도 당연히 실패할 수 있다고 생각하니 마음이 편해졌어요, 앞으로는 남과 비교하지 않고 저의 삶을 살아야겠어요. 오늘 따뜻한 조언을 들으니 다기 시작할 용기가 생기네요, 정말 감사합니다.	N	2022-08-23 04:47:56	2022-11-08 05:02:07
BE22015280	14	1	이번 일이 전화위복이 되어서 감정화자님이 좀더 발전하시는 계기가 되었으면 좋겠네요. 여태까지 너무 잘 해오셨잖아요, 앞으로도 지금처럼 열심히 달리실 거라고 믿습니다. 제가 항상 응원하고 있다는 거 잊지 마세요, 힘내세요!	Y	2022-08-23 04:47:56	2022-11-08 05:02:07
