id	utterance_id	utterance_type	utterance_text	terminate	regDate	updDate
BE22026211	1	0	아이 낳는 것도 이렇게 눈치를 봐야 할 줄은 몰랐어요. 다들 육아휴직 이야기를 하니까, 우리 회사도 가능한 줄 알았는데. 오늘 반응 보고 저 너무 상처받았어요.	N	2022-10-09 18:18:34	2022-10-09 18:18:34
BE22026211	2	1	사실상 모두가 똑같다고 말하는 건 힘들죠. 아이를 낳는 건 분명 축하받을 일인데, 일이 그렇게 되어서 정말 안타까워요. 그래도 감정화자씨가 너무 스트레스받이지 않았으면 좋겠어요. 괜찮을 거예요.	N	2022-10-09 18:18:34	2022-11-08 06:10:51
BE22026211	3	0	그래도 기운 빠지고 상처받는 건 어쩔 수 없어요. 거의 그만두라는 말이잖아요. 팀장님 말고 다른 분들한테도 물어보니까, 저처럼 임신하면 그만두는 사람들이 더 많다고 하더라고요.	N	2022-10-09 18:18:34	2022-10-09 18:18:34
BE22026211	4	1	저도 그 부분에 대해서 위로를 어떻게 해야 할지 모를 정도로 참 마음이 안 좋아요. 다른 회사들의 복지가 부럽기도 하고 말이죠. 임신으로 육체적으로도 힘들 텐데, 상심 많이 했겠네요. 많이 힘들었죠.	N	2022-10-09 18:18:34	2022-11-08 06:10:51
BE22026211	5	0	그런 느낌 있죠? 기계의 부품이 된 것 같은 그런 기분이에요. 그것도 꼭 필요한 부품이 아니라, 하나 정도 빠져도 모르는 나사 같은 그런 종류요.	N	2022-10-09 18:18:34	2022-10-09 18:18:34
BE22026211	6	1	그 말만 들어도 받은 상처가 크다는 게 짐작이 가네요. 그런데 회사의 입장이 어떤지 몰라도, 저에게만은 꼭 필요한 사원이거든요. 감정화자씨를 가르치면서 난 정말 오랜만에 즐거움을 느꼈었어요.	N	2022-10-09 18:18:34	2022-11-08 06:10:51
BE22026211	7	0	그렇게 이야기해 주셔서 감사해요. 하지만 솔직히 좀처럼 기분이 나아지진 않네요. 제 임신이 환영받지 못한 기분이 쉽게 바뀌진 않을 것 같아요.	N	2022-10-09 18:18:34	2022-10-09 18:18:34
BE22026211	8	1	그럴지도 몰라요. 지금은 상심하고 기운도 빠지겠죠. 하지만 이런 이유들이 스스로를 축복받지 못하게 만들지는 말았으면 좋겠어요. 왜냐하면 다른 나머지 사람들은 모두 감정화자씨의 축복에 행복해졌다는 거 잊지 마세요.	N	2022-10-09 18:18:34	2022-11-08 06:10:51
BE22026211	9	0	팀장님. 그렇게 예쁜 말을 해 주셔서 감사해요. 방금까지는 정말 우울했거든요. 감정이 들쑥날쑥한지, 저도 모르게 팀장님 덕에 입가에 미소가 작게 걸렸네요.	N	2022-10-09 18:18:34	2022-11-08 06:10:51
BE22026211	10	1	말에는 사소한 게 없다고 하더라고요. 제 별거 없는 말에 웃었듯이, 저 역시도 감정화자씨 때문에 많이 웃었어요. 감정화자씨가 지금 동료들에게 축하받고 있는 것 역시도 그들을 웃게 했기 때문이라고 생각해요.	N	2022-10-09 18:18:34	2022-11-08 06:10:51
BE22026211	11	0	진짜 저 방금 엄청 감동했어요. 팀장님은 정말 고마운 분이에요. 그래서 그만두게 되더라도 다시 여기서 일하고 싶네요.	N	2022-10-09 18:18:34	2022-10-09 18:18:34
BE22026211	12	1	저도 그렇게 되길 너무나 간절히 바라요. 그리고 분명 그렇게 될 거라고 생각해요. 지금까지의 감정화자씨라면 분명 잘 이겨낼 거라고 믿거든요.	N	2022-10-09 18:18:34	2022-11-08 06:10:51
BE22026211	13	0	네. 용기가 생기는 것 같아요. 저 회사 생활 정말 잘 했다는 생각도 들고요. 마음 단단히 먹을 게요.	N	2022-10-09 18:18:34	2022-10-09 18:18:34
BE22026211	14	1	앞으로도 아이 낳고 키우면서 많이 힘들겠지만 분명 좋은 엄마도 될 거예요. 저는 감정화자씨한테 늘 도움이 되고 싶어요. 그러니 주저하지 말고 언제든 이야기를 들려주면 좋겠네요.	Y	2022-10-09 18:18:34	2022-11-08 06:10:52
