id	utterance_id	utterance_type	utterance_text	terminate	regDate	updDate
BE22019675	1	0	대리님, 마음에 유독 상처로 남는 말을 들었을 때는 주로 어떻게 하는 편이신가요. 돌아서서 계속 생각나고 괴로워서 힘든 일이 생겨 버렸어요.	N	2022-09-22 04:39:30	2022-09-22 04:39:30
BE22019675	2	1	문자를 보니 기분이 좋지 않으신 듯해서 걱정이네요. 혹시 무슨 일 있으셨나요?	N	2022-09-22 04:39:30	2022-11-08 05:35:08
BE22019675	3	0	오늘 점심에 부장님이 저에게 하셨던 말이 마음에 상처로 남아요. 장난이라고 한 말이라는 걸 알지만 머릿속에서 떠나지 않네요. 오늘 종일 그 말을 계속 생각했더니 마음이 너무 아프고 괴로워요.	N	2022-09-22 04:39:30	2022-09-22 04:39:30
BE22019675	4	1	상대방에게는 부정적인 의도가 없었다고 한들 나에게는 아프게 남는 말들이 꼭 있죠. 그 순간 진지하게 화를 내면 내가 이상한 사람이 되면 어쩌나 싶어서 겁이 났을 테고요. 그대로 잊어버리기에는 마음이 아파서 그것도 쉽지 않죠.	N	2022-09-22 04:39:30	2022-11-08 05:35:08
BE22019675	5	0	사실 예전에도 비슷한 말을 들은 적이 있는데, 그때도 상처를 많이 받았어요. 어른이 되어서 그 말을 다시 들으니까 힘들었던 기억이 마구잡이로 떠올라서 잠이 오지 않네요. 계속 생각하다 보니까 상처가 깊어지는 것처럼 아프고 괴로워요.	N	2022-09-22 04:39:30	2022-09-22 04:39:30
BE22019675	6	1	부장님께서 하셨던 말이 대리님의 마음속에 아프게 남아 있던 말이었나 봐요. 그동안 잊고 지냈던 기억들이 함께 고개를 들어 버리는 바람에 고립된 것처럼 외롭고 슬프셨겠어요. 혼자 계시면서 많이 외롭고 속상하셨을 듯해서 저도 마음이 좋지 않네요.	N	2022-09-22 04:39:30	2022-11-08 05:35:08
BE22019675	7	0	어제 하셨던 말이 장난인 걸 알지만 저는 상처받았다고 말할까 싶지만 그러지는 못할 듯해요. 어떻게든 저 혼자 삭혀야 할 것 같은데 어떻게 해야 할지 모르겠어요. 충격이 가시지를 않아서 힘들어요.	N	2022-09-22 04:39:30	2022-09-22 04:39:30
BE22019675	8	1	지금처럼 힘들고 어려운 상황에서는 마음가짐을 단단하고 곧게 만드는 게 가장 중요한 것 같아요. 남들이 했던 말을 마음에 담아 두면 나는 아니라고 생각해도 그게 진짜처럼 느껴질 때가 있으니까요. 대리님께서도 의식적으로 그 말을 생각하지 않기 위해 노력해 보시면 한결 나아질 거예요.	N	2022-09-22 04:39:30	2022-11-08 05:35:08
BE22019675	9	0	말씀해 주신 대로 한참을 생각해 보니 개의치 않고 꿋꿋하게 지내고 싶어졌어요. 그렇게 생각하다 보니 움츠러들었던 어깨도 펴지는 것 같고 마음도 한결 후련해지네요. 덕분에 마음이 확실히 편안해졌어요.	N	2022-09-22 04:39:30	2022-11-08 05:35:08
BE22019675	10	1	나 자신을 제일 잘 알고 사랑해 줄 수 있는 건 세상에 자신밖에 없다고 해요. 그러니 대리님도 오늘 밤에는 자신을 잘 다독여 주면서 편안하게 잠드셨으면 해요.	N	2022-09-22 04:39:30	2022-11-08 05:35:08
BE22019675	11	0	혼자 고민하면서 아주 괴로웠는데 덕분에 힘이 나고 있어요. 오늘 해 주신 조언들 마음속에 잘 새겨 둘게요.	N	2022-09-22 04:39:30	2022-11-08 05:35:08
BE22019675	12	1	앞으로도 힘들고 괴로운 일이 있을 땐 언제든지 저에게 연락하세요. 제가 조금이라도 도움을 드릴 수 있도록 성심성의껏 귀 기울일게요.	N	2022-09-22 04:39:30	2022-11-08 05:35:08
BE22019675	13	0	말씀만 들어도 벌써 마음이 든든해지는 것 같아요. 대리님이 도와주신 덕에 편하게 잘 수 있을 것 같아요. 내일 회사에서 봬요.	N	2022-09-22 04:39:30	2022-11-08 05:35:08
BE22019675	14	1	네, 편안하게 푹 쉬세요.	Y	2022-09-22 04:39:30	2022-09-22 04:39:30
