id	utterance_id	utterance_type	utterance_text	terminate	regDate	updDate
BE22001254	1	0	선배, 선배도 혹시 들었어요? 요즘 회사 내에서 떠도는 소문에 대해서요.	N	2022-06-14 07:59:20	2022-11-08 03:32:30
BE22001254	2	1	소문? 사람 많은 곳에서는 원래 그런 거 돌기 마련이잖아. 요즘 특별한 건 못 들었는데, 왜?	N	2022-06-14 07:59:20	2022-11-08 03:32:30
BE22001254	3	0	하, 그게 사실 저에 대한 안 좋은 소문이 돌고 있다는 걸 오늘에서야 알았어요.	N	2022-06-14 07:59:20	2022-11-08 03:32:30
BE22001254	4	1	너에 대한 소문이었단 말이야? 아니, 나는 그런 거 전혀 못 들었어. 세상에, 너 괜찮니?	N	2022-06-14 07:59:20	2022-11-08 03:32:30
BE22001254	5	0	너무 충격이에요. 글쎄 그 소문의 내용이 아주 고약해요. 제가 상습적으로 유부남 꼬시고 다닌다는 루머예요.	N	2022-06-14 07:59:20	2022-11-08 03:32:30
BE22001254	6	1	뭐라고? 너 정말 놀랐겠네. 대체 누가 그런 악의적인 소문을 함부로 퍼뜨리고 다니는 거야!	N	2022-06-14 07:59:20	2022-11-08 03:32:30
BE22001254	7	0	모르겠어요. 선배는 저 입사할 때부터 계속 저 봐오셨잖아요. 제가 그렇게 몰상식한 인간 아니라는 거 아시잖아요.	N	2022-06-14 07:59:20	2022-11-08 03:32:30
BE22001254	8	1	당연하지. 네가 그런 애가 아니라는 건 내가 누구보다 잘 알잖아. 얼마나 놀라고 충격받았겠어. 내 억장이 무너지는데 너는 어떻겠니.	N	2022-06-14 07:59:20	2022-11-08 03:32:30
BE22001254	9	0	회사 그만두고 싶을 지경이에요. 어떻게 사람들은 보지도 않고 사실이 아닌 이야기를 그렇게 퍼트릴까요.	N	2022-06-14 07:59:20	2022-11-08 03:32:30
BE22001254	10	1	원래 말 만들기 좋아하는 인간들은 어디에나 있어. 넌 결백하니까 아무것도 걱정하지 마. 그러지 말고 회사 게시판에 이 억울함에 대해 적어서 올리는 게 좋지 않을까?	N	2022-06-14 07:59:20	2022-11-08 03:32:30
BE22001254	11	0	그래도 괜찮을까요? 사람들이 비웃지 않을까요?	N	2022-06-14 07:59:20	2022-11-08 03:32:30
BE22001254	12	1	아냐, 이런 소문은 더 퍼지기 전에 바로 잡는 노력을 해야 해. 내가 네 곁에서 이 일이 바로 잡혀질 때까지 의지가 되어 줄게. 그러니까 글부터 올려서 사람들에게 주의를 주는 게 어떻겠니?	N	2022-06-14 07:59:20	2022-11-08 03:32:30
BE22001254	13	0	그래요, 선배. 선배 말이 옳아요. 당장 올려서 사람들에게 이 일에 대해 알려야겠어요.	N	2022-06-14 07:59:20	2022-11-08 03:32:30
BE22001254	14	1	네가 충격받고 상처받은 건 알아. 하지만 사람이 살다보면 억울하게 돌을 맞을 때도 있는 거야. 네가 이 억울함이 풀릴 때까지 내가 적극적으로 도울 테니까 마음 단단히 먹고 힘내자, 응?	N	2022-06-14 07:59:20	2022-11-08 03:32:30
BE22001254	15	0	선배, 정말 고마워요. 이제 조금 마음이 가라앉아요. 진짜 고마워요.	Y	2022-06-14 07:59:20	2022-11-08 03:32:30
