id	utterance_id	utterance_type	utterance_text	terminate	regDate	updDate
BE22031334	1	0	공감화자씨, 화장품을 바꾸고 얼굴에 뾰루지가 났어요. 상처받아서 화장품을 바꿨더니 이렇네요. 친구가 너는 왜 저렴한 화장품만 쓰냐고 말해서요.	N	2022-10-18 00:38:02	2022-10-18 00:38:02
BE22031334	2	1	피부가 예민해서 쓰는 것만 쓰시는 거잖아요. 그런 말에 상처받고 화장품을 바꾸셨다니 마음이 많이 상하셨나 보네요. 그 얘기를 들으니 저도 마음이 아파요.	N	2022-10-18 00:38:02	2022-11-08 06:41:51
BE22031334	3	0	친구가 얼마 전에 대기업에 들어갔거든요. 물론 저보다 잘 벌죠. 그렇다 보니 제가 그 친구에게 이미 자격지심이 생겨 상처받는 바람에 맞지도 않는 화장품을 샀네요.	N	2022-10-18 00:38:02	2022-11-08 06:41:51
BE22031334	4	1	자격지심이라니 그런 생각 하지 마세요. 친구끼리 그런 얘기를 듣는다면 누구나 상처를 받을 수 있어요. 저같아도 상처받았을 거예요.	N	2022-10-18 00:38:02	2022-11-08 06:41:51
BE22031334	5	0	학교다닐 때부터 그 친구는 항상 저보다 조금 더 앞서 있었어요. 아무리 노력해도 그 친구를 이길 수가 없었거든요. 그러다 보니 그 친구의 한마디로 발끈하게 되고 그게 다시 상처로 돌아와요.	N	2022-10-18 00:38:02	2022-11-08 06:41:51
BE22031334	6	1	감정화자님은 감정화자님의 존재만으로도 대단해요. 전혀 그분과 견주어 뒤처지는 게 없다고 저는 확신해요. 우리 회사에도 없어서는 안 될 분이시잖아요.	N	2022-10-18 00:38:02	2022-11-08 06:41:51
BE22031334	7	0	너무 오랜 기간 동안 받은 상처다 보니 이러지 말아야지 하는 생각하는데도 잘 되지 않아요. 피하려고 해도 워낙 오래된 친구라 피해지지도 않고요. 왜 이러고 사나 싶어서 자책만 하게 돼요.	N	2022-10-18 00:38:02	2022-11-08 06:41:51
BE22031334	8	1	그게 감정화잤 잘못도 아닌데 왜 자책하세요. 조금 더 잘하고 싶어 하는 마음은 누구나 있는 거잖아요. 그동안 혼자서 긴 여정을 지내느라 얼마나 힘드셨을지 가늠이 되지 않네요.	N	2022-10-18 00:38:02	2022-11-08 06:41:51
BE22031334	9	0	머리로는 이런 게 무슨 소용인가 싶은데 손은 맞지도 않는 화장품을 결재하고 있더라고요. 참 한심한 생각이 들면서도 나도 이런 거 충분히 사서 쓸 수 있다는 생각이 멈추지를 않았어요. 상처가 너무 오래 돼서 치유 안 될 것 같아요.	N	2022-10-18 00:38:02	2022-11-08 06:41:51
BE22031334	10	1	사람은 끈임없이 나의 부족함을 채우려고 하는 욕망이 있잖아요. 하지만 어느 순간 그 부족함을 인정하면 마음이 편해지더라고요. 한번이 어렵지 두 번째부터는 마음이 자유로워 질 거예요.	N	2022-10-18 00:38:02	2022-11-08 06:41:51
BE22031334	11	0	공감화자씨가 그렇게 얘기해주시니 마음이 아주 편안해졌어요. 항상 인정하기가 안 돼서 힘들었는데 이제 정말 노력해볼 마음이 들어요. 그 친구를 의식하지 않으려고 해볼게요.	N	2022-10-18 00:38:02	2022-11-08 06:41:51
BE22031334	12	1	잘생각 하셨네요. 다름을 인정하고 내 부족함을 인정하면 새로운 세계가 열릴 거예요. 저도 힘들었지만, 지금은 마음이 무척 편하답니다.	N	2022-10-18 00:38:02	2022-11-08 06:41:51
BE22031334	13	0	상처를 저 스스로 만드는 거 같아요. 제가 저를 사랑하면 되는 걸 그동안은 못 했네요.	N	2022-10-18 00:38:02	2022-11-08 06:41:51
BE22031334	14	1	이제부터라도 늦지 않았어요. 깨닫게 되신 지금, 이 순간 이미 반은 성공하신 거예요. 저도 응원하겠습니다.	N	2022-10-18 00:38:02	2022-11-08 06:41:51
BE22031334	15	0	제 마음을 위로해 주셔서 너무 감사합니다. 언제나 힘을 받으면서 기운 내고 있어요.	Y	2022-10-18 00:38:02	2022-11-08 06:41:51
