id	utterance_id	utterance_type	utterance_text	terminate	regDate	updDate
BE22025300	1	0	과장님, 저 너무 상처받는 일이 있었어요. 이 감정을 어떻게 하면 좋을지 모르겠어요.	N	2022-10-07 07:45:41	2022-10-07 07:45:41
BE22025300	2	1	감정화자씨한테 무슨 일이 일어났길래 그렇게 풀이 죽은 거야?	N	2022-10-07 07:45:41	2022-11-08 06:05:25
BE22025300	3	0	이번에 나간 모임에서 친구 아들이 벌써 대입 준비생이 되었어요. 저는 아직 결혼도 못 했는데 친구 아들은 대입 준비생이라니까 상처받았어요.	N	2022-10-07 07:45:41	2022-11-08 06:05:25
BE22025300	4	1	남들과 다른 자신의 현재 모습 때문에 감정화자씨가 상처받았나보다. 나도 감정화자씨 입장이었다면 자꾸 비교하게 되고 상처를 받았을 거 같아.	N	2022-10-07 07:45:41	2022-11-08 06:05:25
BE22025300	5	0	처음에는 아무렇지도 않았는데 시간이 지날수록 나는 왜 이러고 있나 하는 생각이 들어요. 무얼 위해 이렇게 살았나 하는 생각이 자꾸 들어서 상처가 커요.	N	2022-10-07 07:45:41	2022-10-07 07:45:41
BE22025300	6	1	감정화자씨가 이제껏 자신이 살아왔던 날을 부정당하는 느낌이 들어서 그렇게 큰 상처를 받은 것 같아. 혼자서 힘들었을 감정화자씨를 생각하니까 꼭 안아주고 위로해주고 싶다.	N	2022-10-07 07:45:41	2022-11-08 06:05:25
BE22025300	7	0	제가 헛살아왔다는 생각이 들어서 너무 괴로워요. 결혼도 못 하고 이러고 사는 절 생각하니까 한심해 보이고 이게 더 큰 상처로 돌아와요.	N	2022-10-07 07:45:41	2022-11-08 06:05:25
BE22025300	8	1	감정화자씨가 열심히 살아온 세월과 가치가 쓸모없다는 생각이 들어서 상처받았구나. 하지만 나는 감정화자씨가 얼마나 열심히 살아왔는지 알고 있으니까 너무 자책하지 않았으면 좋겠어.	N	2022-10-07 07:45:41	2022-11-08 06:05:25
BE22025300	9	0	아직은 괜찮을 거라고 생각했는데 막상 이렇게 깨닫고 나니까 마음이 너무 허한 거 있죠. 이제 어떻게 해야 할지도 모르겠어요.	N	2022-10-07 07:45:41	2022-11-08 06:05:25
BE22025300	10	1	감정화자씨가 혼자서 이렇게 상처받고 괴로워하고 있었다고 생각하니까 내가 마음이 너무 아프다. 나도 이런데 감정화자씨 마음은 얼마나 아프고 미어질지 짐작이 안 가네.	N	2022-10-07 07:45:41	2022-11-08 06:05:25
BE22025300	11	0	혼자서 현실과 타협하고 있었던 거라고 생각이 드니까 너무 상처받는 거 있죠. 왜 이러고 살고 있나 하는 마음도 자꾸 들어서 미치겠어요.	N	2022-10-07 07:45:41	2022-10-07 07:45:41
BE22025300	12	1	이러지도 저러지도 못하는 상황에서 감정화자씨가 얼마나 답답하고 힘들었을까. 그래도 나는 감정화자씨가 여태껏 열심히 살아온 날들이 쓸모없다고 생각하지 않아. 그런 거에 얽매이지 않고도 좋은 순간들이 많이 있었잖아.	N	2022-10-07 07:45:41	2022-11-08 06:05:25
BE22025300	13	0	과장님 말씀이 맞아요. 제가 고민해봤자 쓸모없는 일로 자꾸 상처받고 있었어요. 저는 그냥 이 자체만으로도 행복한데 남들과 비교하면서 상처만 받은 것 같아요.	N	2022-10-07 07:45:41	2022-11-08 06:05:25
BE22025300	14	1	감정화자씨한테 내 말이 도움이 되었다니까 내가 너무 기쁘다. 예전에 열정적이던 감정화자씨로 다시 돌아왔으면 좋겠어. 괜찮으니까 너무 신경 쓰지 말고 자책하지도 마.	N	2022-10-07 07:45:41	2022-11-08 06:05:25
BE22025300	15	0	그렇게 말씀해주셔서 정말 감사해요, 과장님. 과장님 덕분에 다시 열심히 살아갈 용기가 생겼어요. 저 다시 힘내볼게요!	Y	2022-10-07 07:45:41	2022-11-08 06:05:25
