id	utterance_id	utterance_type	utterance_text	terminate	regDate	updDate
BE22023573	1	0	여자친구랑 오랜만에 데이트했다가 상처만 받고 왔어요. 원래 많이 가까워지면 이런 일이 잦아지는 걸까요?	N	2022-10-03 05:58:39	2022-10-03 05:58:39
BE22023573	2	1	무슨 일 때문에 그러세요? 두 분이 크게 다투신 거예요?	N	2022-10-03 05:58:39	2022-11-08 05:55:12
BE22023573	3	0	어제 이발을 했는데 평소보다 좀 이상하게 잘렸거든요. 여자친구가 제 머리를 보더니 앞잡이 같다면서 온종일 놀리는 거예요. 처음엔 저도 웃겼는데 계속 듣다 보니 진심인 것 같아서 저도 모르게 상처가 되더라고요.	N	2022-10-03 05:58:39	2022-11-08 05:55:12
BE22023573	4	1	아무리 연인 사이가 가깝다지만 그런 말을 계속해서 하는 건 조금 무례한 것 같아요. 감정화자씨가 기분이 많이 상하셨을 것 같아요.	N	2022-10-03 05:58:39	2022-11-08 05:55:12
BE22023573	5	0	처음엔 데이트 분위기를 망치고 싶지 않아서 웃어넘기기만 했어요. 그런데 놀리는 정도가 점점 심해지니 나중엔 어쩔 수 없이 상처받게 되더라고요.	N	2022-10-03 05:58:39	2022-11-08 05:55:12
BE22023573	6	1	여자친구분은 장난을 친 거라고 하지만 감정화자씨 입장에선 재미있지 않았으니 장난이라고 보기 어렵죠. 가볍게 던진 돌에 맞아 죽는 개구리가 생긴다는 말이 있는 것처럼요. 감정화자씨가 그 자리에서 화를 내도 이상하지 않았을 상황이었다고 생각해요.	N	2022-10-03 05:58:39	2022-11-08 05:55:12
BE22023573	7	0	그래서 그만하라고 이야기할지 말지 고민했는데 그냥 참았거든요. 그런데 데이트가 끝나도 여자친구가 했던 장난이 귀에서 맴돌아요. 이제는 거울을 볼 때마다 정말 앞잡이 같은가라는 생각에 갇혀버렸어요.	N	2022-10-03 05:58:39	2022-11-08 05:55:12
BE22023573	8	1	심한 말장난으로 상처받은 마음은 이해하지만, 상대의 무례함에 진심으로 반응하지 않아도 돼요. 감정화자씨도 느끼셨겠지만, 도가 지나친 장난이었잖아요. 게다가 오전에 잠깐 뵀을 때를 떠올려 보면 그렇게 보이지도 않던데요, 그러니 마음 쓰지 말아요.	N	2022-10-03 05:58:39	2022-11-08 05:55:12
BE22023573	9	0	공감화자씨 말씀도 맞는데 온종일 외모에 대한 장난을 들은 게 충격이 큰가 봐요. 잊으려고 하는데 잘 잊히지 않네요.	N	2022-10-03 05:58:39	2022-11-08 05:55:12
BE22023573	10	1	감정화자씨가 생각보다 더 크게 상처를 받은 것 같아 마음이 안 좋네요. 여자친구분 딴에는 유난히 귀여워서 심하게 장난을 친 걸 수도 있으니까 안 좋게만 생각하지 말아요. 그리고 다음에 또 반복되면 감정화자씨를 위해서라도 진지하게 하지 말라고 대화할 필요도 있어 보여요.	N	2022-10-03 05:58:39	2022-11-08 05:55:12
BE22023573	11	0	따뜻한 위로와 조언 감사드려요. 어쩌면 다른 사람 눈에는 그렇게 보이지 않는다는 말이 듣고 싶었던 걸 수도 있겠어요.	N	2022-10-03 05:58:39	2022-11-08 05:55:12
BE22023573	12	1	물론 상처받지 않을 수는 없겠죠. 하지만 가볍게 던지는 농담에 필요 이상으로 자신을 가두고 검열하지는 말아요. 상처를 준 건 타인인데 그걸로 자신을 채찍질하실 필요는 없으니까요.	N	2022-10-03 05:58:39	2022-11-08 05:55:12
BE22023573	13	0	계속해서 위로해 주시고 좋은 말만 해주셔서 감사해요. 공감화자씨 덕에 상처받은 마음이 조금은 나아졌어요. 	N	2022-10-03 05:58:39	2022-11-08 05:55:12
BE22023573	14	1	감정화자씨가 기운을 차리려고 하시는 것 같아서 다행이네요. 감정화자씨의 기분은 감정화자씨가 주도적으로 결정하셨으면 좋겠어요. 다음에 또 그런 일이 있다면 참지만 마시고 건강한 방향으로 대화해보세요.	N	2022-10-03 05:58:39	2022-11-08 05:55:12
BE22023573	15	0	네, 공감화자씨 말씀이 맞아요. 무례한 장난에 갇혀있지 않도록 노력해 볼게요. 위로해 주셔서 감사해요.	Y	2022-10-03 05:58:39	2022-11-08 05:55:12
