id	utterance_id	utterance_type	utterance_text	terminate	regDate	updDate
BE22031461	1	0	공감화자님 잘 지내요? 저 오늘 너무 상처받는 일이 있었어요.	N	2022-10-18 02:00:51	2022-10-18 02:00:51
BE22031461	2	1	감정화자님도 잘 있죠? 늘 침착한 감정화자님이 상처받았다니 벌써 걱정이 돼요. 그래도 천천히 얘기해주세요.	N	2022-10-18 02:00:51	2022-11-08 06:42:39
BE22031461	3	0	오늘 딸의 공개수업이 있는 날인데, 중요한 회의에 참석해야 해요. 그래서 딸에게 미안하다고 했더니 딸이 엄마가 너무 싫다는 거 있죠. 저도 하고 싶어서 이러는 게 아닌데 딸의 말에 상처받았어요.	N	2022-10-18 02:00:51	2022-11-08 06:42:39
BE22031461	4	1	딸을 보러가 지 못하는 감정화자님 마음이 제일 아플 텐데, 딸의 말 때문에 속상하셨겠어요. 저도 회사생활을 하다 보면 아이들과 서로 서운한 마음이 생기는 일이 많았어요. 그래서 감정화자님 마음이 너무 잘 이해가 돼요.	N	2022-10-18 02:00:51	2022-11-08 06:42:39
BE22031461	5	0	뭐라고 말이라도 하고 싶었는데, 그래봤자 싸움밖에 더 될까 싶더라고요. 그래서 별말을 안 했는데 생각할수록 참 상처인거 있죠. 엄마 입장을 이해 못 해주는 딸 때문에 속상하네요.	N	2022-10-18 02:00:51	2022-11-08 06:42:39
BE22031461	6	1	보통 사람이라면 거기서 가만히 참지 못했을 거예요. 늘 침착한 감정화자님이라서 그렇게 할 수 있었다고 생각해요. 감정화자님의 그런 점은 늘 대단하다고 생각해왔어요.	N	2022-10-18 02:00:51	2022-11-08 06:42:39
BE22031461	7	0	이런 일이 있으니까 온종일 표정이 안 좋더라고요. 보는 사람들마다 무슨 일이 있냐고 물어보네요. 딸의 말 때문에 하루 종일 기분도 안 좋고, 참 상처에요.	N	2022-10-18 02:00:51	2022-11-08 06:42:39
BE22031461	8	1	가끔 저도 너무 상처받아서 어떻게 해야 할지 모르겠는 때가 있었어요. 그런데 시간이 조금만 흘러도 별것 아니라고 느껴지는 것 있죠. 시간이 조금만 흘러도 괜찮아질 거예요.	N	2022-10-18 02:00:51	2022-11-08 06:42:39
BE22031461	9	0	다른 생각을 해보려고도 했고, 일에 집중을 해보려고도 했어요. 그런데 자꾸만 아까 일이 떠올라서 마음에 상처로 다가오는 거 있죠. 이럴 땐 어떻게 해야 할지 모르겠어요.	N	2022-10-18 02:00:51	2022-11-08 06:42:39
BE22031461	10	1	쉽진 않겠지만, 감정화자님 스스로 잘 감당할 수 있다고 생각해봐요. 딸의 태도가 분명 상처를 주는 태도지만, 감정화자님 마음은 잘 감당할 수 있다고 생각해보면 어때요? 그러면 상처받은 마음이 괜찮아질 수 있을 거예요.	N	2022-10-18 02:00:51	2022-11-08 06:42:39
BE22031461	11	0	그렇게는 생각을 못해봤어요. 당장 상처받은 마음에만 너무 집중했던 것 같아요. 공감화자님이랑 대화를 나누다 보니 마음이 한결 나아져요.	N	2022-10-18 02:00:51	2022-11-08 06:42:39
BE22031461	12	1	감정화자님 기분이 좋아졌다니 정말 다행이에요. 저도 안도의 미소가 절로 나와요. 감정화자님은 잘 감당할 수 있을 거예요, 괜찮을 거예요.	N	2022-10-18 02:00:51	2022-11-08 06:42:39
BE22031461	13	0	진작 공감화자님께 고민을 얘기할 걸 그랬어요. 이 고민 탓에 많이 힘들었거든요. 이제야 마음이 좀 편해요.	N	2022-10-18 02:00:51	2022-11-08 06:42:39
BE22031461	14	1	제가 도움이 됐다니 기뻐요. 제 소중한 직장동료인 감정화자님의 얘기라면 언제라도 괜찮아요. 힘든 일이 있으면 언제라도 연락을 주세요.	N	2022-10-18 02:00:51	2022-11-08 06:42:39
BE22031461	15	0	정말 고마워요 공감화자님. 다음에는 저희 직접 만나서 얘기를 나눠요.	Y	2022-10-18 02:00:51	2022-11-08 06:42:39
