id	utterance_id	utterance_type	utterance_text	terminate	regDate	updDate
BE22021755	1	0	팀장님. 여자친구들은 다 외적인 거에 예민한 편인가요? 그래도 팀장님이 저보다 연애 경험이 많으실 거 같아서 여쭤봅니다.	N	2022-09-26 15:09:23	2022-11-08 05:44:27
BE22021755	2	1	보통 그랬던 거 같기는 해. 근데 그거는 왜 물어봐?	N	2022-09-26 15:09:23	2022-09-26 15:09:23
BE22021755	3	0	최근에 날씨가 좀 더워져서 제가 샌들을 신었는데 대뜸 여자친구가 발가락이 못생겼다고 엄청 짜증을 내는거예요. 평소에도 외적인 지적을 좀 많이 받기는 한데 그날 따라 그 지적이 너무 상처였어요. 자다 가도 그때 여자친구의 짜증 어린 표정과 차가운 어조가 생각나서 상처를 받아요.	N	2022-09-26 15:09:23	2022-11-08 05:44:27
BE22021755	4	1	그런 지적을 받았단 말이야? 외적인 지적을 매일 받는 것도 솔직히 어느 정도 상처가 됐을 텐데 마음이 많이 안 좋았겠네. 사람은 원래 별거 아닌 말로 더 상처를 크게 받는 법이잖아.	N	2022-09-26 15:09:23	2022-11-08 05:44:28
BE22021755	5	0	네. 오늘 머리가 별로다, 왜 옷을 그렇게 입냐, 피부 관리 좀 해라 등등. 그런 지적들은 많이 받았어서 괜찮은 줄 알았는데 어제는 진짜 마음이 시큰거렸어요. 이게 뭐라고 이렇게 짜증을 내는 건지, 나를 사랑하긴 하나? 싶더라고요.	N	2022-09-26 15:09:23	2022-09-26 15:09:23
BE22021755	6	1	왜 안그러겠어. 이 사람이 나를 배려하고 존중한다는 생각도 안 들 거 아니야. 내 기분을 전혀 고려하지 않은 채 지적한다는 생각이 들었을 거 같은데. 얘기 듣는 나도 덩달아 상처 받는 기분이네.	N	2022-09-26 15:09:23	2022-11-08 05:44:28
BE22021755	7	0	그렇죠? 지금 제가 상처 받고 마음이 시큰 거리는 거 예민한 게 아니죠? 저는 제가 마음이 약한 사람이라 이런 별 것도 아닌 거에 상처 받는다고 생각했어요.	N	2022-09-26 15:09:23	2022-11-08 05:44:28
BE22021755	8	1	아니야. 누구나 사랑하는 사람한테 매일 냉소적인 말투로 지적 받는다면 상처 받고 말 거야. 감정화자씨가 절대 예민하거나 마음 약한 사람이 아니라 그럴만한 상황이네. 그리고 본인이 상대방에게 받는 감정에 대해서 검열하거나 돌아보려고 하지 말고 감정을 있는 그대로 받아들여.	N	2022-09-26 15:09:23	2022-11-08 05:44:28
BE22021755	9	0	그렇게 말씀해주셔서 감사해요. 저는 이런거에 대해서 얘기하면 여자친구가 저를 예민한 사람으로 몰고갈 까봐 솔직히 얘기도 못 꺼냈어요. 상처받은 제 마음을 털어놓고 싶었거든요.	N	2022-09-26 15:09:23	2022-11-08 05:44:28
BE22021755	10	1	여자친구가 감정화자씨를 정말 사랑한다면 그렇게 나오지 않을 거야. 아마 여자친구의 말에 악의는 없고, 감정화자씨가 본인의 말로 인해 상처 받는다고 생각도 못하고 있을걸. 그러니 너무 걱정 말고 상처 받은 마음을 달래기 위해 용기 내서 대화를 해봐.	N	2022-09-26 15:09:23	2022-11-08 05:44:28
BE22021755	11	0	네. 팀장님 말씀 들으니까 대화할 용기가 생겼습니다. 팀장님이 위로해주고 제 마음을 알아주셔서 상처받은 제 마음이 그래도 좀 달래지네요. 역시 망설임을 이겨내서 메신저 하길 잘했습니다.	N	2022-09-26 15:09:23	2022-11-08 05:44:28
BE22021755	12	1	감정화자씨는 항상 긍정적이고 밝은 사람이라 상처도 잘 극복할 거라고 생각했어. 내 덕분에 마음이 달래졌다니 너무 다행이네.	N	2022-09-26 15:09:23	2022-11-08 05:44:28
BE22021755	13	0	팀장님이 제 얘기를 잘 들어주신 덕분이죠. 제 얘기 들어주셔서 너무 감사해요. 덕분에 여자친구에게 제 상처 받은 감정을 털어 낼 용기도 생기고 기분이 나아졌어요.	N	2022-09-26 15:09:23	2022-09-26 15:09:23
BE22021755	14	1	그래. 감정화자씨의 상처 받은 마음이 조금이라도 달래졌다면 나도 기뻐. 여자친구랑 잘 얘기 하고 잘 풀기를 응원하고 있을게. 화이팅!	Y	2022-09-26 15:09:23	2022-09-26 15:09:23
