id	utterance_id	utterance_type	utterance_text	terminate	regDate	updDate
BE22020002	1	0	공감화자씨, 저 오늘 퇴근하고 소개팅 있었잖아요. 다녀오고 나서 상처를 받아 기분이 너무 안 좋아졌어요.	N	2022-09-22 12:43:21	2022-11-08 05:35:50
BE22020002	2	1	소개팅 한다고 엄청 신나했었잖아요! 상대방이 마음에 들지 않던가요?	N	2022-09-22 12:43:21	2022-09-22 12:43:21
BE22020002	3	0	아니요, 그런 문제가 아니었어요. 자연스럽게 이야기를 주고 받다가 사는 곳 이야기가 나왔는데, 제가 먼저 강북에 산다고 이야기를 했거든요.	N	2022-09-22 12:43:21	2022-09-22 12:43:21
BE22020002	4	1	네, 그런데요? 서로 거리가 너무 멀었나요?	N	2022-09-22 12:43:21	2022-09-22 12:43:21
BE22020002	5	0	그건 아니었어요. 한 가지 확실한 것은, 제가 대답하는 순간 그분의 표정이 정말 좋지 않았다는 거예요. 마치 제가 강북에 산다는 사실이 제 결점인 것처럼요.	N	2022-09-22 12:43:21	2022-11-08 05:35:50
BE22020002	6	1	이럴수가. 그게 말이 되나요? 얼마나 속상했을지 짐작이 돼요.	N	2022-09-22 12:43:21	2022-09-22 12:43:21
BE22020002	7	0	네. 속상하기도 했지만 너무나도 상처로 남았어요. 개인적인 삶을 되돌아보면서 오늘에 이르기까지 제가 불우하게 느껴지기도 했고요.	N	2022-09-22 12:43:21	2022-09-22 12:43:21
BE22020002	8	1	그럴리가요. 그건 그 사람의 판단일 뿐이에요. 어쩔 수 없이 상처받은 마음도 이해가 가지만 감정화자씨는 절대 불우하지 않아요.	N	2022-09-22 12:43:21	2022-11-08 05:35:51
BE22020002	9	0	과연 그럴까요? 제가 아무리 노력하며 열심히 살아도 저는 결국 사는 곳으로만 판단 되고 있더군요. 그런 현실조차 상처가 되는 이유에요.	N	2022-09-22 12:43:21	2022-11-08 05:35:51
BE22020002	10	1	예전에 이야기를 얼핏 들어서 감정화자씨의 고단했던 삶을 잘 알아요. 어떤 부분에서는 가슴아프기도 했고요. 그렇지만 모두 극복하고 긍정적으로 생활하는 감정화자씨가 저는 너무 대단하고 멋져요.	N	2022-09-22 12:43:21	2022-11-08 05:35:51
BE22020002	11	0	다른 사람들도 그렇게 생각할까요? 세상은 저 혼자만 살아가는 게 아니니까요.	N	2022-09-22 12:43:21	2022-09-22 12:43:21
BE22020002	12	1	그럼요, 물론이죠. 대부분의 사람들은 누가 어디에 살고 있는지를 먼저 생각하지 않아요. 그 사람이 살아온 과정과 가치관이 더 중요한데, 제 생각에 감정화자씨는 건강하고 매력적인 사람이에요.	N	2022-09-22 12:43:21	2022-11-08 05:35:51
BE22020002	13	0	공감화자씨께서 그렇게 말씀해 주시니, 오히려 제가 저 스스로에게 자신이 없었다는 생각이 들어요. 저는 제가 생각하는 것보다 더 나은 사람인 것도 같고요.	N	2022-09-22 12:43:21	2022-11-08 05:35:51
BE22020002	14	1	맞아요. 감정화자씨는 정말 훌륭한 사람이에요. 남의 시선 때문에 스스로를 의심하지 말아요.	N	2022-09-22 12:43:21	2022-11-08 05:35:51
BE22020002	15	0	고마워요. 덕분에 기분이 많이 나아졌어요.	Y	2022-09-22 12:43:21	2022-11-08 05:35:51
