id	utterance_id	utterance_type	utterance_text	terminate	regDate	updDate
BE22002375	1	0	김대리 바빠? 나 억울한 일이 생겼어.	N	2022-06-21 07:01:01	2022-11-08 03:39:48
BE22002375	2	1	왜 무슨 일 있어?	N	2022-06-21 07:01:01	2022-11-08 03:39:48
BE22002375	3	0	아니 친구랑 주말에 백화점 같이 가기로 했는데 갑자기 안된다잖아.	N	2022-06-21 07:01:01	2022-11-08 03:39:48
BE22002375	4	1	그래? 왜 갑자기 약속을 취소한 거야?	N	2022-06-21 07:01:01	2022-11-08 03:39:48
BE22002375	5	0	몰라. 갑자기 미용실 가야 된다고 안된대. 난 백화점 가려고 수영장 가는 시간도 바꿨는데말야.	N	2022-06-21 07:01:01	2022-11-08 03:39:48
BE22002375	6	1	미용실이 뭐 그렇게 중요하다고 약속을 취소한대? 진짜 짜증 나겠다.	N	2022-06-21 07:01:01	2022-11-08 03:39:48
BE22002375	7	0	자기가 오래전부터 예약해 둔 거라 취소할 수 없다는 거야. 그래서 나랑 약속한 게 먼저 아니냐고 물었더니. 그건 인정하면서도 끝까지 자기 입장만 내세우더라.	N	2022-06-21 07:01:01	2022-11-08 03:39:48
BE22002375	8	1	너무 뻔뻔한 거 아니야? 약속했다가 갑자기 그러면 어떡해. 나 같아도 화나겠다.	N	2022-06-21 07:01:01	2022-11-08 03:39:48
BE22002375	9	0	예전부터 만나기로 해놓고 잠수타거나 나랑 있는데 약속 잡고 그래서 맘에 안 들었는데 이번에 또 그러네.	N	2022-06-21 07:01:01	2022-11-08 03:39:48
BE22002375	10	1	그 친구가 너무 자기 생각만 하는 거 같아. 같이 있는 네 생각도 해야지. 배려심이 너무 없는데?	N	2022-06-21 07:01:01	2022-11-08 03:39:48
BE22002375	11	0	응 어떻게 말하면 좋을까?	N	2022-06-21 07:01:01	2022-11-08 03:39:48
BE22002375	12	1	차분하게 네 입장을 말해봐. 난 너 때문에 원래 일정도 바꿔가면서 너 만나려고 그랬는데, 멋대로 취소하는 건 아니지 않냐고.	N	2022-06-21 07:01:01	2022-11-08 03:39:48
BE22002375	13	0	그렇게 말하면 조금 달라질까?	N	2022-06-21 07:01:01	2022-11-08 03:39:48
BE22002375	14	1	어투도 좀 강하게 말하고 기분 나쁜 티를 팍팍 내야 될 거 같은데? 친구라고 모든 걸 이해하고 받아주는 건 아니잖아.	N	2022-06-21 07:01:01	2022-11-08 03:39:48
BE22002375	15	0	네 말을 듣고 보니까 맞는 거 같아. 기분 나빠도 친구한테 내색을 못했는데말이야. 조언해줘서 고마워, 김대리.	Y	2022-06-21 07:01:01	2022-11-08 03:39:48
