id	utterance_id	utterance_type	utterance_text	terminate	regDate	updDate
BE22031323	1	0	공감화자님, 시어머니가 친구분들한테 제 흉을 보고 다닌다는 걸 우연히 들었어요. 저는 시댁에 노력한다고 하는데 어쩜 그럴 수 있죠? 너무 충격받아서 지금 말도 안 나와요.	N	2022-10-18 00:29:08	2022-11-08 06:41:47
BE22031323	2	1	우리 회사 결혼한 분 중에도 좋은 며느리로 소문난 감정화자님이 그런 소리를 들었다니. 저도 너무 놀랍고, 충격이네요. 노력에 대한 보상 대신 그런 말을 들었으니 얼마나 마음이 아프겠어요.	N	2022-10-18 00:29:08	2022-11-08 06:41:47
BE22031323	3	0	시어머니가 제 앞에서는 그저 좋은 소리만 하시다가 뒤에서 다른 말씀을 하셨다는 게 더 충격적이에요. 그러면 저한테 한 행동은 모두 가식이라는 거 아닌가요? 이젠 시어머니 얼굴 보기도 겁날 것 같아요.	N	2022-10-18 00:29:08	2022-11-08 06:41:47
BE22031323	4	1	왜 안 그렇겠어요? 저라도 그런 생각이 들었을걸요. 한동안은 시어머니 뵙기도 두려울 거 같고요.	N	2022-10-18 00:29:08	2022-11-08 06:41:47
BE22031323	5	0	네, 안 그래도 이번 주말에 시집에 가기로 했는데 어찌해야 좋을지 모르겠어요. 남편은 아직 몰라요. 괜히 남편 난처해질까 봐 말도 못 하겠더라고요.	N	2022-10-18 00:29:08	2022-11-08 06:41:47
BE22031323	6	1	그 상황에서도 남편 걱정하는 감정화자님이 참 안타까우면서도 대단한 것 같아요. 저라면 절대 못 그랬을 거 같은데 역시 감정화자님은 배려 깊은 사람이네요.	N	2022-10-18 00:29:08	2022-11-08 06:41:47
BE22031323	7	0	마음 같아서는 말하고 남편한테도 뭐라고 하고 싶죠. 근데 남편이 마음 약하고 순하기도 하고, 시어머니랑 있을 때 많이 도와줬거든요. 그런 사람이 무슨 죄가 있겠어요.	N	2022-10-18 00:29:08	2022-10-18 00:29:08
BE22031323	8	1	그러게요, 아무것도 모르는 감정화자님 남편은 죄가 없지요. 차라리 그 사실을 몰랐으면 좋았을 텐데요. 우연히 알게 돼서 감정화자님 힘들게 속만 끓이게 됐네요.	N	2022-10-18 00:29:08	2022-11-08 06:41:47
BE22031323	9	0	네, 지금은 정말 차라리 몰랐으면 좋았겠다는 생각이 들어요. 어차피 시어머니에게 말 한마디도 못 할 걸 괜히 감정만 상하고요. 그동안의 노력이 물거품인 것 같아 마음에 상처가 돼요.	N	2022-10-18 00:29:08	2022-10-18 00:29:08
BE22031323	10	1	근데 또 반대로 생각해 보면 아무것도 아닌 걸 수도 있겠어요. 지금 저에게 시어머니 얘기를 하듯 이런 정도의 수준일 수도 있잖아요? 아직 확실하게 아는 게 아니니 먼저 마음 상하지 않아도 되어요.	N	2022-10-18 00:29:08	2022-11-08 06:41:47
BE22031323	11	0	그러게요, 공감화자님 말을 듣고 보니 어쩜 그럴지도 모르겠다는 생각이 들어요. 따지고 보면 저도 지금 공감화자님에게 시어머니 흉을 보고 있는 거로 보일 수도 있잖아요. 별거 아닌 말이 확대돼서 내게 전해졌는지도 모르겠다는 생각이 들기도 하네요.	N	2022-10-18 00:29:08	2022-11-08 06:41:47
BE22031323	12	1	그렇게 생각하는 쪽이 차라리 마음 편하지 않겠어요? 확실하지 않은 이야기를 계속 생각하다 보면. 이야기가 더 잘못된 방향으로 흐르고 마음만 아프게 되더라고요.	N	2022-10-18 00:29:08	2022-11-08 06:41:47
BE22031323	13	0	그러네요. 저도 너무 감정에 휩쓸려서 그랬을 수도 있겠어요. 어차피 우리 남편 어머니고, 내 아이들의 할머니인데 좋은 방향으로 생각해봐야겠어요. 남편에게 조용히 물어볼까 싶기도 하네요.	N	2022-10-18 00:29:08	2022-11-08 06:41:47
BE22031323	14	1	네, 가볍게 털어내듯 이야기 한번 해봐요. 정말 잘 생각했어요. 그래도 바로 침착하게 마음먹는 감정화자님이 멋져요.	N	2022-10-18 00:29:08	2022-11-08 06:41:47
BE22031323	15	0	저야말로 감사하죠. 제 푸념 들어주고, 제 마음 풀어주려 애써서 정말 고마워요. 역시 회사 동기밖에 없네요. 이따 점심 같이 먹어요.	N	2022-10-18 00:29:08	2022-10-18 00:29:08
BE22031323	16	1	네, 이따 메신저로 또 연락주세요.	Y	2022-10-18 00:29:08	2022-11-08 06:41:48
