id	utterance_id	utterance_type	utterance_text	terminate	regDate	updDate
BE22031091	1	0	공감화자씨 나를 키워주신 할머니께서 시한부 판정을 받으셨는데 마음이 아프고 할머니가 너무 안쓰러워요.	N	2022-10-17 13:37:22	2022-10-17 13:37:22
BE22031091	2	1	왜 안 그렇겠어요. 부모님 대신해서 어릴 적부터 감정화자씨를 키워 주셔서 부모님이라고 생각한다고 항상 말했었잖아요. 그 마음이 얼마나 아프고 고통스러울지 생각하니까 내 마음이 다 아파지네요.	N	2022-10-17 13:37:22	2022-11-08 06:40:24
BE22031091	3	0	정말 상상도 못 했어요. 힐머니가 암 시한부 판정이라니 내가 뭘 잘못 들었나 하고, 몇 번을 의사 선생님에게 물어봤어요. 얼마 전까지만 해도 그렇게 건강하시던 분이 믿을 수가 없어요.	N	2022-10-17 13:37:22	2022-11-08 06:40:24
BE22031091	4	1	감정화자씨의 마음을 내가 다 어찌 헤아릴 수가 있겠어요. 나도 할머니를 공감화자씨랑 얼마 전에 뵌 적이 있었는데 그 때까지만 해도 정정하시던 분이었잖아요. 나도 이렇게 믿어지지 않는데 감정화자씨는 오죽하겠어요.	N	2022-10-17 13:37:22	2022-11-08 06:40:24
BE22031091	5	0	할머니는 어린 내가 부모님 없이 홀로 자라는 것을 굉장히 마음 아파하셨어요. 할머니의 사랑은 부모님이 주시는 사랑보다 더한 사랑을 내게 주셨어요. 나를 위해서 존재하시는 분 같았어요, 나를 키우시느라 병이 오는 줄도 몰랐다는 게 너무 마음이 아파요.	N	2022-10-17 13:37:22	2022-11-08 06:40:24
BE22031091	6	1	공감화자씨가 항상 했던 말이 생각나네요. 그동안은 할머니가 감정화자 씨를 위해 희생하셨지만, 이제부터는 할머니를 위해 감정화자씨가 최선을 다할 거라고. 그런 마음을 가지고 있던 감정화자씨가 할머니가 시한부 판정을 받았다는 사실에 얼마나 상심이 크겠어요.	N	2022-10-17 13:37:22	2022-11-08 06:40:24
BE22031091	7	0	나는 할머니의 사랑으로 이렇게 컸는데. 이제 내가 할머니에게 보답해드릴 차례인데 나에게 보답할 시간도 주시지 않는군요. 할머니가 너무 안쓰러워서 어찌할 바를 모르겠어요.	N	2022-10-17 13:37:22	2022-11-08 06:40:24
BE22031091	8	1	아마 할머니도 감정화자씨 마음을 다 알고 있을 거예요. 감정화자씨가 본인 때문에 상처받고, 마음 아파하는 거를 원하지 않으실 거예요. 어쩌면 할머니는 감정화자씨가 상처받은 마음이 커서 병이라도 날까 봐 걱정하실거예요.	N	2022-10-17 13:37:22	2022-11-08 06:40:24
BE22031091	9	0	차라리 할머니 대신 내가 아파도 상관없다고 생각해요. 그렇게 착하신 할머니가 왜 그런 병에 걸려야 하는지 하늘도 무심하시지. 내가 할머니를 위해 아무것도 할 수 없다는 것이 너무 무기력하게 느껴져요.	N	2022-10-17 13:37:22	2022-11-08 06:40:24
BE22031091	10	1	지금도 늦지 않았다고 생각해요. 마음이 아프고 힘들겠지만, 할머니가 바라는 게 무엇인지, 지금부터라도 최선을 다해서 도와드리면 된다고 생각해요. 어쩌면 지금 할머니가 감정화자씨의 도움이 더 필요할 수도 있어요.	N	2022-10-17 13:37:22	2022-11-08 06:40:24
BE22031091	11	0	정말 지금이라도 늦지 않았을까요? 그렇다면 할머니가 저에게 마지막으로 보답할 수 있다는 기회라고 생각하고 최선을 다할 거예요. 감정화자씨가 그렇게라도 말해주니까 조금은 위안이 돼요.	N	2022-10-17 13:37:22	2022-11-08 06:40:24
BE22031091	12	1	위로되었다니 정말 다행이에요. 언제라도 힘들고 버거우면 아기하세요. 언제라도 항상 감정화자씨 옆에서 힘이 되어드릴게요.	N	2022-10-17 13:37:22	2022-11-08 06:40:24
BE22031091	13	0	내가 힘들 때 공감화자씨가 해준 말들이 나에게 큰 용기를 주고 희망을 줬어요. 내가 절망감에 빠지지 않도록 나를 위로해 주고 나에 손을 잡아 줬어요. 정말 고마워요.	N	2022-10-17 13:37:22	2022-11-08 06:40:24
BE22031091	14	1	감정화자씨의 아픈 마음을 조금이라도 위로가 되었다니 내가 더 감사해요.	Y	2022-10-17 13:37:22	2022-11-08 06:40:24
