id	utterance_id	utterance_type	utterance_text	terminate	regDate	updDate
BE22031132	1	0	공감화자님, 어제 업무를 하고 정말 마음에 큰 상처를 받았어요. 전화연결이 되자마자 화가 난 고객이 저한테 욕을 했거든요.	N	2022-10-17 14:15:09	2022-11-08 06:40:39
BE22031132	2	1	감정화자님 어제 기분이 안 좋아 보이시던데, 그런 일이 있으셨군요. 정말 속상하셨을 것 같아요.	N	2022-10-17 14:15:09	2022-11-08 06:40:39
BE22031132	3	0	아침에 기분 좋게 출근해서 업무를 하자마자 너무 상처가 컸어요. 어떻게 다짜고짜 그렇게 욕을 할 수 있을까요.	N	2022-10-17 14:15:09	2022-10-17 14:15:09
BE22031132	4	1	저였어도 그런 전화를 받았다면 눈앞이 하얗게 됐을 것 같아요. 감정화자님이 많이 상처받으신 것 같아서 마음이 아프네요.	N	2022-10-17 14:15:09	2022-11-08 06:40:39
BE22031132	5	0	아무리 일이라고 해도 상처받는 건 어쩔 수 없는 것 같아요. 매번 겪어도 무뎌지지 않는 것 같아요. 제가 너무 어린애 같은 걸까요?	N	2022-10-17 14:15:09	2022-10-17 14:15:09
BE22031132	6	1	누가 욕을 먹는 거에 익숙해질 수 있겠어요. 감정화자님의 슬프고 화나는 마음은 당연한 거라고 생각해요. 그러니 자책하지 않으셨으면 좋겠어요.	N	2022-10-17 14:15:09	2022-11-08 06:40:39
BE22031132	7	0	생각하고 싶지 않아도 자꾸만 생각이 나고 마음이 아파요. 이런 취급을 받아야 한다니 너무 비참했어요.	N	2022-10-17 14:15:09	2022-10-17 14:15:09
BE22031132	8	1	그럴 때일수록 더 털어버리고 좋은 생각을 하셨으면 좋겠어요. 계속해서 감정화자님의 마음을 좀먹고 상처가 커질까 봐 걱정돼서요.	N	2022-10-17 14:15:09	2022-11-08 06:40:39
BE22031132	9	0	누군가의 감정을 제가 대신 처리해 줘야 한다는 기분은 정말 슬픈 것 같아요. 제 자존감도 낮아지는 것 같아요.	N	2022-10-17 14:15:09	2022-10-17 14:15:09
BE22031132	10	1	살면서 한 번도 마주치지 않을 확률이 높은 사람의 말인걸요. 그런 먼지 같은 사람은 흘려보내시고 기운을 차리셨으면 좋겠어요. 감정화자님은 정말 소중한 존재니까요.	N	2022-10-17 14:15:09	2022-11-08 06:40:39
BE22031132	11	0	그렇게 말씀해 주셔서 감사해요. 정말 얼굴도 모르고 생판 모르는 사람 때문에 제가 계속 고민하는 건 아닌 것 같아요.	N	2022-10-17 14:15:09	2022-11-08 06:40:39
BE22031132	12	1	그럼요, 고민하는 이 시간마저 너무나 아까운걸요. 쉽지 않겠지만, 털고 우리 좋은 것만 생각해요. 힘들면 제가 옆에 있어드릴게요.	N	2022-10-17 14:15:09	2022-11-08 06:40:39
BE22031132	13	0	공감화자님이 있어서 정말 든든해요. 멘탈이 많이 흔들렸는데 기분이 한결 좋아졌어요.	N	2022-10-17 14:15:09	2022-11-08 06:40:39
BE22031132	14	1	제가 도움이 되었다니 기쁜걸요! 앞으로도 감정화자님의 멘탈 지킴이가 되어드릴게요.	Y	2022-10-17 14:15:09	2022-11-08 06:40:39
