id	utterance_id	utterance_type	utterance_text	terminate	regDate	updDate
BE22023122	1	0	동기야, 우리 아이가 의료사고로 목숨을 잃었대. 너무 상황이 갑작스럽게 일어나서 믿을 수가 없어.	N	2022-09-30 15:21:59	2022-09-30 15:21:59
BE22023122	2	1	네 자녀가 떠나갔다는 게 정말 믿을 수가 없다. 다만 편안히 떠났기를 바라는 것밖에 해줄 수가 없어. 그 소식을 가장 먼저 들었을 네가 가장 걱정스러워.	N	2022-09-30 15:21:59	2022-11-08 05:52:32
BE22023122	3	0	나는 내 아이가 호전될 거라 분명 믿었었는데 갑자기 세상을 떠났다고 해서 이해할 수 없었어. 나는 내가 어떻게 반응해야 할지 모르겠어. 우리 아이 아직도 내 옆에서 웃어 줄 것만 같아.	N	2022-09-30 15:21:59	2022-11-08 05:52:32
BE22023122	4	1	동기야, 사실 나도 자녀가 떠난다는 생각 한 번도 못 해 봤어. 다만 지금은 네가 너무 위태로워 보여서 그것만이 걱정돼. 너무 무너져서 일어나지 못할까 봐 두려워.	N	2022-09-30 15:21:59	2022-11-08 05:52:33
BE22023122	5	0	우리 아이가 치료받으면서 얼마나 고통스러웠을지 상상만 해도 끔찍해. 수술하면서 의료사고 때문에 세상을 떠났다고 해. 우리 아이 수술을 상담했던 의사를 믿었던 내가 원망스러워.	N	2022-09-30 15:21:59	2022-11-08 05:52:33
BE22023122	6	1	동기야, 너는 아무 잘못 없어. 아이가 신장이 안 좋게 태어났다고 너 스스로 원망 많이 했잖아. 그때도 네 탓 아니라는 거 알아줬으니까 지금도 탓하지 않았으면 해.	N	2022-09-30 15:21:59	2022-11-08 05:52:33
BE22023122	7	0	아니야, 아이가 살아있을 때 조금이라도 시간을 더 함께 보낼걸. 너무나 가슴이 찢어지는 것처럼 아파. 우리 아이 못난 부모 만나서 힘들게만 살다 간 거 아닐까?	N	2022-09-30 15:21:59	2022-11-08 05:52:33
BE22023122	8	1	네가 그런 마음 안 가지면 좋겠어. 너는 아이와 함께했던 시간 중에 즐거운 적 없었어? 분명 가족끼리 모두 행복한 시간이 있다고 했던 그 시간 부정하지 않았으면 좋겠어.	N	2022-09-30 15:21:59	2022-11-08 05:52:33
BE22023122	9	0	우리 아이도 나와 함께 보낸 시간을 행복했다고 생각할까? 나 혼자만 그렇게 생각한 거 아닐까? 우리 아이가 살아 돌아와서 행복했었다고 한마디만 해 주면 좋겠어.	N	2022-09-30 15:21:59	2022-11-08 05:52:33
BE22023122	10	1	맞아, 비교할 수 없지만 나도 소중한 사람을 떠나보낸 기억이 있어. 그런데 그 아픔이 분명 사랑 때문이었단 걸 꼭 함께 기억하면 좋겠어. 아파도 사랑하는 사람과 있었던 과거를 원망하지 말자.	N	2022-09-30 15:21:59	2022-11-08 05:52:33
BE22023122	11	0	비록 우리 아이에게 짧은 시간이었겠지만 최대한 잘 해주고 싶었어. 아이도 내 마음 이해해주었으면 좋을 텐데. 이걸 알 수 없다고 하니 너무 아프다.	N	2022-09-30 15:21:59	2022-11-08 05:52:33
BE22023122	12	1	분명 그랬을 거야. 네가 가족들 자랑하는 모습 보여줄 때 너는 최고로 행복해 보였어. 네 가족이 언제나 너에게 최고로 남아 있단 거 변하지 않잖아.	N	2022-09-30 15:21:59	2022-11-08 05:52:33
BE22023122	13	0	맞아, 그들이 나의 가장 소중한 존재였고 지금도 그래. 빈자리가 채워지려면 시간이 걸리겠지만 우리 가족을 위해서 노력 해 봐야겠어. 우리 아이와 함께한 시간은 잊히지 않을 거야.	N	2022-09-30 15:21:59	2022-11-08 05:52:33
BE22023122	14	1	나도 사랑하는 사람과 함께한 시간이 가장 소중했던 시간이었어. 네가 노력해준 만큼 후회 없이 내일을 살아가면 좋겠어. 기억 속에서 사랑하는 사람들은 항상 함께하는 거잖아.	Y	2022-09-30 15:21:59	2022-11-08 05:52:33
