id	utterance_id	utterance_type	utterance_text	terminate	regDate	updDate
BE22019016	1	0	이사님. 우리 아들에게 연락이 왔는데 아내와 함께 외국으로 이민을 가기로 했다고 하네요. 그렇게 중요한 일을 어쩜 제게 상의도 없이 결정했을까요. 다 결정하고 통보하는 말에 너무 상처 입었어요.	N	2022-09-20 02:21:32	2022-09-20 02:21:32
BE22019016	2	1	부장님께서 아까 전화 통화를 하면서 심각한 표정을 지으시길래 무슨 일인지 궁금했는데 바로 이 일이었군요.	N	2022-09-20 02:21:32	2022-11-08 05:24:42
BE22019016	3	0	결혼하기 전에는 큰일이든 작은 일이든 말해주더니 아무 말도 없다가 당장 다음 달에 떠난대요. 가끔 제 아들 내외 얼굴 보는 즐거움으로 살았는데 어쩜 이렇게 상처를 주는지. 정말 배신당한 기분이에요.	N	2022-09-20 02:21:32	2022-09-20 02:21:32
BE22019016	4	1	아드님이 집에 온다는 연락을 받으면 퇴근 전부터 설렘에 웃음을 감추지 못하실 정도였잖아요. 그런데 그런 말을 들었으니 얼마나 상처가 됐을까요. 부장님이 입은 상처를 생각하니 제 마음이 너무 아파요.	N	2022-09-20 02:21:32	2022-11-08 05:24:42
BE22019016	5	0	이민을 가도 영상통화를 자주 하면 된다고 아무렇지도 않게 말하는 아들이 너무 낯설어요. 제 생각은 전혀 하지 않는 것 같아서 그게 더 큰 상처가 되네요. 저렇게 말하는 게 정말 내 아들인가 싶어요.	N	2022-09-20 02:21:32	2022-09-20 02:21:32
BE22019016	6	1	너무 갑자기 이야기를 들어서 상처가 더 클 거예요. 곁에 있어도 자꾸 보고 싶은 게 자녀들인데 이민을 가면 보고 싶어도 볼 수 없잖아요. 그 심정이 얼마나 아플지 감히 상상도 못하겠어요.	N	2022-09-20 02:21:32	2022-11-08 05:24:42
BE22019016	7	0	이렇게 훌쩍 가버릴 줄도 모르고 제가 그동안 너무 아들만 생각하고 살았던 것 같아요. 지금처럼 뭐든 아들 위주로 생각하고 행동하지 않았으면 덜 상처받았을 텐데. 이렇게 살아온 제가 너무 잘못한 것 같아요.	N	2022-09-20 02:21:32	2022-09-20 02:21:32
BE22019016	8	1	아드님을 독립적으로 사고하고 행동할 수 있게 키우셨기 때문에 이민을 갈 수 있는 거 아니겠어요. 어려움에 도전할 수 있는 훌륭한 아들로 키우신 부장님은 정말 대단하신 분이에요.	N	2022-09-20 02:21:32	2022-09-20 02:21:32
BE22019016	9	0	퇴직하면 아들 내외랑 가까이 살면서 함께 즐겁게 지내는 게 제 소원이에요. 그걸 제 아들이 너무나 잘 알고 있음에도 이민을 결정했다는 사실에 더 큰 상처를 입었어요.	N	2022-09-20 02:21:32	2022-09-20 02:21:32
BE22019016	10	1	소중한 어머니 소원을 들어드리지 못할 정도로 큰 이유가 있을 거라고 생각해 보세요. 직접 만나서 아들 내외의 이야기를 들어보면 마음이 달라질 수도 있어요.	N	2022-09-20 02:21:32	2022-09-20 02:21:32
BE22019016	11	0	이사님과 이야기를 나눠보니 아들을 만나서 이야기를 들어야겠다는 생각이 드네요. 이해할 수 있게 된다면 아들의 앞날을 응원해 줄 거예요.	N	2022-09-20 02:21:32	2022-11-08 05:24:42
BE22019016	12	1	정말 좋은 생각이에요. 대화를 통해 오해가 있으면 풀고 상처받은 건 보듬어 주면서 아드님과의 사이가 더 돈독해질 거예요.	N	2022-09-20 02:21:32	2022-11-08 05:24:42
BE22019016	13	0	이사님님의 이야기를 들으니 아들이 이유 없이 행동할 리가 없다는 믿음이 생기네요. 이번주 주말에 집으로 불러서 이야기를 잘 들어봐야겠어요.	N	2022-09-20 02:21:32	2022-09-20 02:21:32
BE22019016	14	1	제 이야기를 통해서 아드님에 대한 믿음이 생기셨다니 오히려 제가 기쁘네요. 아드님과 이야기 잘 나누셔서 상처받은 마음이 잘 치유되실 거예요. 걱정 마세요.	N	2022-09-20 02:21:32	2022-11-08 05:24:42
BE22019016	15	0	고마워요. 오늘 바로 연락해서 약속을 잡아야겠어요.	Y	2022-09-20 02:21:32	2022-11-08 05:24:42
