id	utterance_id	utterance_type	utterance_text	terminate	regDate	updDate
BE22030745	1	0	대리님, 저 마음에 상처로 남는 일들이 있어요. 어제 월급도 받았는데, 매달 월급을 받아도 남는 게 없어서 그런 것 같아요.	N	2022-10-17 07:09:50	2022-10-17 07:09:50
BE22030745	2	1	급여를 받으면 좋기도 하지만, 이내 카드값에 월세에 고정지출이 나가면 허탈하기도 하잖아요. 감정화자님 무슨 일 있으신 거예요?	N	2022-10-17 07:09:50	2022-11-08 06:38:16
BE22030745	3	0	사실 저 아직 학자금 대출이 남아있어요. 혼자 열심히 한다고 칭찬해주는 분들도 계시지만, 매달 그만큼 월급에서 빠지니까 속상하기도 해요. 남들보다 너무 뒤처지고 있다는 생각이 들고 이내 스스로 상처를 내요.	N	2022-10-17 07:09:50	2022-10-17 07:09:50
BE22030745	4	1	감정화자님 아직 학자금이 남아 있군요! 그렇다면 급여일마다 충분히 신경 쓰일 만해요. 저도 그런 경험이 있어서 지금 어떤 마음인지 너무나 이해해요.	N	2022-10-17 07:09:50	2022-11-08 06:38:16
BE22030745	5	0	필요해서 사용하긴 했지만, 한 번에 갚을 능력도 없어요. 직장에서 받은 월급으로 저축도 하고 남들 하는 만큼은 아니어도 뭔가 이뤄나가고 싶은데! 제게 주어지면 안되는 일인 것 같다는 생각마저 들어요.	N	2022-10-17 07:09:50	2022-11-08 06:38:16
BE22030745	6	1	감정화자님이 그동안 많이 힘들고 지치셨나 보네요! 지켜보는 제 마음까지 너무 안타깝고 아파옵니다. 당장은 돈이 모이거나 눈에 보이는 뭔가가 없어서 더 답답할 거예요, 그렇지만 분명 나아지고 있어요.	N	2022-10-17 07:09:50	2022-11-08 06:38:16
BE22030745	7	0	나아진다는 느낌이 전혀 들지 않아요. 월급을 받아도 제외되고 남은 금액 안에서 또 줄이고 아끼고, 그 생활이 반복돼요. 다람쥐 쳇바퀴 안에 갇힌 것 같고 저만 이 상태로 느껴져서 마음이 많이 힘들어요.	N	2022-10-17 07:09:50	2022-11-08 06:38:16
BE22030745	8	1	그런 마음이 드는 것도 당연해요. 그렇지만 학자금 대출 덕분에 학교 공부를 무사히 마칠 수 있었고, 우리 회사에도 입사하게 되었잖아요. 대출금이란 건 끝이 날 테니까, 조금씩 좋아지고 있다고 스스로에게 이야기를 해보는 건 어떨까요?	N	2022-10-17 07:09:50	2022-11-08 06:38:16
BE22030745	9	0	친구들은 차도 사고 집도 살 텐데, 저는 그만큼 늦어지잖아요. 좋아지고 있다고 느껴지지 않는걸요.	N	2022-10-17 07:09:50	2022-11-08 06:38:16
BE22030745	10	1	누군가와 비교하고 친구들과 비교하면 그 누구도 만족하는 사람은 없을 거예요. 답답한 상황 속에서 스스로 상처를 많이 받았겠지만, 조금은 힘을 내 봐요! 감정화자님은 지금 자신의 속도로 잘 가고 있는 중이에요. 분명 좋아질 테니 너무 힘들어하지 말아요.	N	2022-10-17 07:09:50	2022-11-08 06:38:16
BE22030745	11	0	대리님 말씀을 들으니, 제가 너무 조급한 마음에 철없는 소리를 한 것 같아요. 혼자 생각하면 할수록 좋지 않은 생각에 갇히게 되더라고요.	N	2022-10-17 07:09:50	2022-11-08 06:38:16
BE22030745	12	1	그럴 때가 있어요, 그 안에서 스스로를 상처내는 시기가 오히려 다행이에요. 앞으로 어떤 어려움도 잘 견뎌낼 수 있는 예방접종을 한 거예요. 앞으로 덜 아프고 잘 견뎌낼 수 있을 테니, 비교로 자신을 힘들게 놔두지 말아요.	N	2022-10-17 07:09:50	2022-11-08 06:38:16
BE22030745	13	0	네, 대리님 말씀이 맞아요. 대리님과 대화하니 제 마음이 많이 풀어지네요.	N	2022-10-17 07:09:50	2022-11-08 06:38:16
BE22030745	14	1	감정화자님 마음이 조금이라도 나아졌다면 정말 다행이에요. 힘들면 언제라도 제게 말해 주세요. 제가 감정화자님의 편이 되어 드릴게요.	N	2022-10-17 07:09:50	2022-10-17 07:09:50
BE22030745	15	0	그렇게 말씀해주셔서 정말 감사해요. 대리님과 대화하길 정말 잘했어요.	Y	2022-10-17 07:09:50	2022-11-08 06:38:16
