id	utterance_id	utterance_type	utterance_text	terminate	regDate	updDate
BE22030758	1	0	대리님 저는 이 일이랑 적성이 맞지 않는 것 같아요. 자꾸만 뒤처지는 느낌도 들고요. 특히나 같은 실수할 때마다, 저 자신이 싫고, 상처받는 것 같아요.	N	2022-10-17 07:22:55	2022-11-08 06:38:21
BE22030758	2	1	누구나 회사에 들어오면 그런 고민을 하곤 해요. 저 역시도 사회 초년생이었을 때 그런 고민으로 매일 힘들어했고, 상처도 받았죠. 그래서 감정화자씨의 마음 백번 이해해요.	N	2022-10-17 07:22:55	2022-11-08 06:38:21
BE22030758	3	0	동기들이 너무 잘하는데 노력까지 하잖아요. 다들 영어 학원도 다니고, 컴퓨터 수업도 듣고요. 그런데 저는 그러고 싶은데도 의지처럼 몸이 따라주지 않아요.	N	2022-10-17 07:22:55	2022-10-17 07:22:55
BE22030758	4	1	저런, 많이 힘들었을 것 같네. 사람이 지치고 힘들 때 조바심까지 나면 더 실수가 잦아지니까. 조금 마음의 여유를 가지는 건 어때요? 괜찮아요.	N	2022-10-17 07:22:55	2022-11-08 06:38:21
BE22030758	5	0	대리님은 일 정말 잘하시잖아요. 저는 같은 걸 들어도 자꾸 잊어버려서 실수만 하고. 다들 저를 별로 좋아하지 않는다는 것도 알아서 상처가 돼요.	N	2022-10-17 07:22:55	2022-11-08 06:38:21
BE22030758	6	1	감정화자씨가 뭐 어때서요. 지금도 충분히 잘하고 있어요. 그 사람들이 잘하는 건 맞지만, 늘 노력하는 건 똑같다고 생각해요. 애쓰고 있어요.	N	2022-10-17 07:22:55	2022-11-08 06:38:21
BE22030758	7	0	타고난 걸 이길 수는 없는 것 같아요. 저는 발표하는 것도 사람들 앞에 서는 것도 떨려서 하지 못하는데. 저랑 입사 동기인 친구들은 너무 잘하니까 비교가 되잖아요.	N	2022-10-17 07:22:55	2022-11-08 06:38:21
BE22030758	8	1	어떤 사람은 익숙해지기까지 많은 시간이 필요한 사람도 있더라고요. 저는 그런 경우가 아닐까, 싶어요. 아직 해보지 않았으니 성급하게 스스로를 판단하지 않았으면 좋겠어요.	N	2022-10-17 07:22:55	2022-11-08 06:38:21
BE22030758	9	0	그렇게 생각하려고 해도 자신이 없어서 그래요. 자신이 없으니 더 주눅이 들고 노력이라는 게 저 같은 사람은 매일 하는 건데. 그럼에도 따라잡지 못할까 봐 상처받죠.	N	2022-10-17 07:22:55	2022-10-17 07:22:55
BE22030758	10	1	원래 노력이란 평범한 것이죠. 하지만 한 걸음씩 걷다 보면 그 안에 쌓이는 것들 역시 무시할 수 없어요. 꾸준함에는 생각보다 많은 힘이 있거든요. 그러니 힘내요.	N	2022-10-17 07:22:55	2022-10-17 07:22:55
BE22030758	11	0	그렇게 말씀해 주셔서 기뻐요. 꾸준함에 힘이 있다는 말이 특히나 가슴에 와닿아요. 대리님 말씀에 용기를 얻었네요.	N	2022-10-17 07:22:55	2022-11-08 06:38:21
BE22030758	12	1	다행이네요. 나는 감정화자씨가 이렇게 고민을 하는 것 역시 노력이라고 생각해요. 동기들이 잘하는 걸 보고 따라잡으려는 것도 마찬가지죠. 어떤 사람은 그냥 멈춰 버리거든요.	N	2022-10-17 07:22:55	2022-11-08 06:38:21
BE22030758	13	0	네. 그렇다면 저는 느려도 멈추지 않고 한 걸음씩 나아가 보겠습니다. 그러면 언젠가는 대리님처럼 멋진 회사원이 될 것 같거든요. 조언 너무 감사드려요.	N	2022-10-17 07:22:55	2022-11-08 06:38:21
BE22030758	14	1	도움이 되었다니 저 역시 기쁘네요. 감정화자씨가 잘해낼 거라고 믿어서 걱정은 하지 않을게요. 대신 응원하겠습니다.	Y	2022-10-17 07:22:55	2022-11-08 06:38:21
