id	utterance_id	utterance_type	utterance_text	terminate	regDate	updDate
BE22031445	1	0	오늘은 정말 일찍 퇴근하고 싶은 날이에요. 헤어진 연인이 다른 사람을 만나고 있다는 소식을 들었어요. 상처가 너무 크네요.	N	2022-10-18 01:48:19	2022-10-18 01:48:19
BE22031445	2	1	왜 안 그러시겠어요. 그런 소식을 들으면 하루 종일 정말 심란하실 것 같아요. 옛 연인이라도 한때 사랑했던 사람의 그런 소식을 듣는다면 마음이 안 좋을 수밖에 없죠.	N	2022-10-18 01:48:19	2022-11-08 06:42:33
BE22031445	3	0	이미 헤어진 사람인데 왜 이렇게까지 신경이 쓰이는지 모르겠어요. 상처 받는 저 자신이 이해되질 않아요.	N	2022-10-18 01:48:19	2022-11-08 06:42:33
BE22031445	4	1	지금은 끝난 인연이라도 한때 무척 사랑했던 사람인데, 타인을 사랑하게 되었다는 소식을 들으면 심란하죠. 감정화자씨 마음 충분히 이해되는 보편적인 마음이라고 생각해요. 그러니 너무 혼란스러워하지 마시고 힘들어하지 않으셨으면 좋겠어요.	N	2022-10-18 01:48:19	2022-11-08 06:42:33
BE22031445	5	0	언제까지 이 사람 때문에 제 마음이 끊임없이 상처를 받아야 할지 모르겠어요. 아직까지 벗어나지 못하고 상처 받는 저 자신이 너무 한심하네요.	N	2022-10-18 01:48:19	2022-11-08 06:42:33
BE22031445	6	1	그만큼 마음을 다해 사랑했다는 뜻이라고 생각해요. 살면서 그렇게 깊은 사랑을 한 경험을 오히려 긍정하고 자랑스러워하셔도 되지 않을까요? 저는 감정화자씨가 감정에 솔직하고 누군가를 깊이 사랑하는 게 정말 멋있다고 생각하거든요.	N	2022-10-18 01:48:19	2022-11-08 06:42:33
BE22031445	7	0	저는 그런 제가 정말 싫어요. 누군가를 사랑하고 상처 받는 일을 다시는 하고 싶지 않은데 매번 반복이죠. 헤어진 연인이 다른 사람을 만나고 있다는 소식에도 이만큼 마음이 무너지고 상처 받는 게 끔찍해요.	N	2022-10-18 01:48:19	2022-10-18 01:48:19
BE22031445	8	1	감정화자씨가 마음이 많이 무너지신 것 같아서 저도 마음이 아파요. 아무리 똑 부러지고 멋진 사람도 사랑 앞에서는 못날 수 있다고 생각해요. 그러나 그걸 솔직히 받아들이고 인정하는 순간, 더 성장하게 된다고 믿으며 기운 내셨으면 해요.	N	2022-10-18 01:48:19	2022-11-08 06:42:33
BE22031445	9	0	과연 제가 얼마나 성장했는지 모르겠네요. 정작 그 사람은 제가 싫다고 떠났는데, 전 아직도 이러고 있잖아요. 전 헤어진 순간부터 조금도 자라지 못했나 봐요.	N	2022-10-18 01:48:19	2022-10-18 01:48:19
BE22031445	10	1	마음이 아프신 건 충분히 이해하지만 그것도 아직까지 미련이 남아 있으니 그런 거겠죠. 시간이 흘러 그 잔여물이 비워진다면 감정화자씨도 여유로워지실 테니 너무 조급해 하지 마세요. 힘들 때는 제게 다 털어놓으시고요.	N	2022-10-18 01:48:19	2022-11-08 06:42:33
BE22031445	11	0	그렇게 말씀해 주셔서 감사해요. 감정화자씨한테 털어놓고 나니까 그래도 상처가 조금 회복되는 것 같아요.	N	2022-10-18 01:48:19	2022-11-08 06:42:33
BE22031445	12	1	그렇다면 정말 다행이고요. 연애 상담은 원래 솔직하게 털어놓을수록 홀가분해지잖아요. 앞으로도 저한테 다 말씀하셔도 돼요.	N	2022-10-18 01:48:19	2022-11-08 06:42:33
BE22031445	13	0	공감화자씨는 참 따뜻한 사람이에요. 직장에서 이렇게 좋은 사람을 만난 건 참 행운이라고 생각해요. 덕분에 마음이 많이 치유되었어요.	N	2022-10-18 01:48:19	2022-11-08 06:42:33
BE22031445	14	1	조만간 퇴근해서 더 깊은 이야기 나눠요. 너무 힘들어하지 마시고, 기운 내셨으면 좋겠어요.	N	2022-10-18 01:48:19	2022-11-08 06:42:33
BE22031445	15	0	덕분에 마음이 많이 편해졌어요. 오늘은 좀 편안한 기분으로 퇴근할 수 있을 것 같아요. 오늘 정말 감사드려요.	Y	2022-10-18 01:48:19	2022-10-18 01:48:19
