id	utterance_id	utterance_type	utterance_text	terminate	regDate	updDate
BE22030754	1	0	대리님 퇴근하고 연락드려서 정말 죄송합니다. 다름이 아니라 제가 진지하게 요즘 출근하고 싶은 마음이 들지가 않아요. 개인적인 이유도 있고 회사 생활도 적응을 못 하는 것 같아서요.	N	2022-10-17 07:18:16	2022-11-08 06:38:19
BE22030754	2	1	감정화자씨 아니에요 괜찮아요 안 그래도 연락 기다리고 있었어요. 아까 회의에서 팀장님이 한 말씀 때문에 그러세요? 감정화자씨가 상처받을 것 같아 저도 걱정했어요.	N	2022-10-17 07:18:16	2022-11-08 06:38:19
BE22030754	3	0	팀장도 말씀도 그렇고 그냥 제가 조직 생활에 잘 맞지 않는 거 같아요. 일하면서 상처받는 일들이 계속 생기니까 제 자신의 문제 같아요. 그리고 이런 상황에 놓여있는 거 자체도 굉장히 저에게 괴로운 상처예요.	N	2022-10-17 07:18:16	2022-11-08 06:38:19
BE22030754	4	1	사실 감정화자씨가 느끼는 그 감정 제가 딱 감정화자씨처럼 신입 때 느꼈어요. 그래서 저는 감정화자씨 감정이 어떤지 정말 잘 알 수 있어요. 지금 많이 괴로우실 텐데 저도 그 감정을 알 것 같아서 상당히 안타깝네요.	N	2022-10-17 07:18:16	2022-11-08 06:38:19
BE22030754	5	0	팀원들에게 민폐만 끼치는 거 같고 정말 뭐 하나 잘하는 게 없어서 출근하고 싶지가 않아요. 그래서 당연히 저를 위해 말씀해주셔도 제가 쉽게 상처받고 힘들어하는 거 같아요.	N	2022-10-17 07:18:16	2022-11-08 06:38:19
BE22030754	6	1	원래 나는 너무 잘 해내고 싶은데 마음대로 되지 않을 때가 정말 힘들어요. 그리고 그런 마음이 드는 건 오히려 감정화자씨가 잘 해내고 있다는 증거예요. 아무 생각 없이 시간만 때우다 가는 사람들은 그런 상처도 받지 않거든요.	N	2022-10-17 07:18:16	2022-11-08 06:38:19
BE22030754	7	0	다들 저를 도와주시는데 저는 피해만 끼치니까 그 사실 자체가 저에게 상처로 다가오더라고요. 제가 언제쯤 대리님처럼 능숙하게 일을 할 수 있을지 걱정만 돼요.	N	2022-10-17 07:18:16	2022-10-17 07:18:16
BE22030754	8	1	저는 사실 감정화자씨처럼 신입일 때 더 심했어요. 제 신입 시절보다 너무 잘 해주고 계셔서 저는 오히려 고마운 마음이 들어요.	N	2022-10-17 07:18:16	2022-11-08 06:38:19
BE22030754	9	0	제가 본 대리님은 무엇이든 척척 해내셔서 막연한 동경의 대상이세요. 저는 대리님이 처음부터 잘 해내시는 에이스인 줄 알았어요. 그래서 제가 더 스스로 상처받은 것도 있었어요.	N	2022-10-17 07:18:16	2022-11-08 06:38:20
BE22030754	10	1	제 신입 때 얘기 들으시면 감정화자씨 정말 놀랄걸요? 저도 매일 상처받아서 혼자 울고 난리도 아니었어요. 그래서 감정화자씨를 이렇게 누구보다 더 이해할 수 있어요.	N	2022-10-17 07:18:16	2022-11-08 06:38:20
BE22030754	11	0	대리님 덕분에 상처받았던 마음이 훨씬 괜찮아졌어요. 얘기를 할까 말까 고민도 많았는데 이렇게 말씀해주시다니 정말 영광이에요.	N	2022-10-17 07:18:16	2022-11-08 06:38:20
BE22030754	12	1	저는 감정화자씨가 이렇게 감정을 공유해줘서 오히려 정말 고맙고 기특해요. 잘하려고 노력하는 사람을 누가 싫어하겠어요. 감정화자씨 이렇게만 쭉 가시면 저보다 에이스 되실 거예요.	N	2022-10-17 07:18:16	2022-11-08 06:38:20
BE22030754	13	0	대리님이 그렇게 말씀해주시니까 제가 굉장히 대단한 사람처럼 느껴져요. 퇴근하고 연락드려서 너무 죄송합니다. 대리님 소중한 시간 내어주셔서 정말 감사드려요.	N	2022-10-17 07:18:16	2022-11-08 06:38:20
BE22030754	14	1	아니에요 괜찮아졌다니까 너무 다행이에요. 우리 내일 웃으면서 회사에서 봐요.	Y	2022-10-17 07:18:16	2022-10-17 07:18:16
