id	utterance_id	utterance_type	utterance_text	terminate	regDate	updDate
BE22030805	1	0	대리님, 좀 전에 저 또 가슴이 콩닥콩닥 뛰고 숨이 가빠졌어요. 퇴근 후 쉬다가 뉴스를 괜히 봐서는... 학교 폭력은 얘기만 들어도 다시 상처가 도지네요.	N	2022-10-17 08:10:27	2022-10-17 08:10:27
BE22030805	2	1	저런, 저녁 뉴스에 학교 폭력 얘기가 나왔어? 어떡하니. 그래도 나한테라도 연락 잘했다.	N	2022-10-17 08:10:27	2022-10-17 08:10:27
BE22030805	3	0	집단 폭력과 따돌림에 힘들어하던 아이가 일기장에 글을 남기고 실종됐대요. 자기가 세상에서 없어져야 그들이 반성을 할 것 같다는 말에 너무 힘들어요. 저도 그런 생각 했었거든요, 졸업 후 트라우마 치료를 받았어도 소용없네요.	N	2022-10-17 08:10:27	2022-11-08 06:38:37
BE22030805	4	1	저번에 그때 자기가 괴로워했던 때 얘기 들으며 나도 피가 거꾸로 솟는 것 같더라. 비슷하게 생긴 아이들만 봐도 한동안 경기를 일으켰다며. 상처가 얼마나 깊으면 지금도 그렇게 힘들어하는지 너무 가슴이 아프고 세상이 원망스러워.	N	2022-10-17 08:10:27	2022-10-17 08:10:27
BE22030805	5	0	친구라면서 교묘하게 날 짓밟던 애들은 지금도 잘 살겠죠. 걔네들이 거짓말로 위기를 모면하고 아무런 처벌도 받지 않은 게 더 괴로워요. 무기력하게 당하기만 했던 제 자신이 가엾지만 화도 나고요.	N	2022-10-17 08:10:27	2022-10-17 08:10:27
BE22030805	6	1	학창 시절 본인의 스트레스를 주변 사람들에게 푸는 애들이 꼭 있지. 단체로 착하고 약한 사람을 괴롭히는 건 분명 범죄인데, 학교에선 처리하기에 한계가 있었나 봐. 자기 잘못도 아닌데 자꾸 과거에 연연하며 괴로워하지 않으면 좋겠어.	N	2022-10-17 08:10:27	2022-11-08 06:38:37
BE22030805	7	0	학교에서 아직도 예전과 똑같은 일들이 벌어진다는 게 너무 끔찍해요. 학원 폭력 피해자인 그 학생의 마음이 너무 절절하게 이해 되고요. 온 몸에 힘이 빠져나가는 것 같았어요.	N	2022-10-17 08:10:27	2022-10-17 08:10:27
BE22030805	8	1	얼핏 들어도 자기 상황과 비슷해서 더 공감을 했을 것 같네. 따돌림과 집단 폭력을 한꺼번에 당하면서 자기가 얼마나 오래 힘들었을지... 내가 자기를 모르던 시절이라 더 안쓰럽고 미안해.	N	2022-10-17 08:10:27	2022-11-08 06:38:37
BE22030805	9	0	그때 저를 괴롭혔던 애들은 다 잊고 아무렇지 않게 살고 있겠죠. 그런데 저만 그 혹독한 과거에 발목을 잡혀 수시로 공포에 질리는 게 너무 속상해요. 언제쯤 이런 뉴스를 보고도 괜찮아질까요?	N	2022-10-17 08:10:27	2022-10-17 08:10:27
BE22030805	10	1	양심이 한 조각이라도 있다면 그때 가해자들도 마음 편하게는 못 살고 있을 거야. 유명인들 과거 학교 폭력 증언 때문에 갑자기 망하기도 하잖아. 아마 그 애들도 과거의 잘못 때문에 전전긍긍 하고 있을지도 몰라.	N	2022-10-17 08:10:27	2022-10-17 08:10:27
BE22030805	11	0	제발 그러길, 아예 그들도 더 힘 센 강자에게 어디선가 혼쭐이 나고 있다면 더 좋겠고요. 자꾸 그들이 천벌을 받아 불행해지기를 바라는 마음이 들어요. 대리님, 이런 저 좀 실망스럽죠?	N	2022-10-17 08:10:27	2022-10-17 08:10:27
BE22030805	12	1	아니야, 나 같아도 복수심에 불타오를 것 같아! 하지만 그까짓 하찮은 범죄자들한테 더는 신경과 에너지를 쏟는 건 낭비가 아닐까? 더 생각할 가치도 없는 사람들이니, 이젠 자기 행복만 바라보며 살면 좋겠다고 생각해.	N	2022-10-17 08:10:27	2022-11-08 06:38:37
BE22030805	13	0	대리님 말씀이 맞아요, 그런데 뉴스에서 제 얘기랑 비슷한 얘기가 나오는 바람에 숨이 막혔어요. 많이 강해졌으니 과거의 저와 저는 같은 사람이 아니죠. 굳이 그들과 마주치고 싶진 않지만 이젠 제가 그들을 비웃어줄 수 있을 것 같아요.	N	2022-10-17 08:10:27	2022-10-17 08:10:27
BE22030805	14	1	그렇지, 형편없는 인간들은 잊어버리고 자기를 사랑하고 인정하는 사람들만 떠올리며 살아. 아픔을 딛고 결국 자기는 지금껏 멋지고 활기차게 잘 살아 왔잖아. 앞으로는 더 화려하고 근사한 미래가 자기를 기다리고 있을 거야.	N	2022-10-17 08:10:27	2022-10-17 08:10:27
BE22030805	15	0	대리님한테 옛날 상처를 털어놓길 참 잘했다 싶어요. 저번에도 오늘도 대리님의 응원과 위로가 저에게 큰 힘이 되었어요. 고맙습니다.	N	2022-10-17 08:10:27	2022-10-17 08:10:27
BE22030805	16	1	고맙긴, 마음 편하게 먹고 내일 밝은 얼굴로 회사에서 보자.	Y	2022-10-17 08:10:27	2022-10-17 08:10:27
