id	utterance_id	utterance_type	utterance_text	terminate	regDate	updDate
BE22025474	1	0	박 대리, 오늘 업무 잘 마쳤어? 난 오늘 병원에 다녀왔는데, 마음이 좀 무거워.	N	2022-10-07 20:10:42	2022-10-07 20:10:42
BE22025474	2	1	그렇지 않아도 김 대리 지난 주에 코로나 걸렸다는 소식 듣고 걱정했었어. 이제 몸은 좀 괜찮아?	N	2022-10-07 20:10:42	2022-10-07 20:10:42
BE22025474	3	0	하혈이 멈추지 않아서 병원에 갔는데, 내가 예민해서 그렇다는 말 뿐이었어. 마음이 불편하니 어디에 하소연하기도 힘드네. 아무도 내 마음을 몰라 준다는 생각이 드니, 마음의 상처가 되는 것 같아.	N	2022-10-07 20:10:42	2022-10-07 20:10:42
BE22025474	4	1	자가 격리 하느라 힘들었을 텐데, 김 대리 마음이 어떨지 짐작만 해도 마음이 답답하네. 힘든 일 겪으면 그런 심정이 드는 게 너무나 당연해.	N	2022-10-07 20:10:42	2022-11-08 06:06:28
BE22025474	5	0	코로나에 걸렸다고 말하면 주변 사람들이 나를 피하는 것 같아서 혼자 고립된 느낌이 들어. 후유증 이야기는 꺼낼 수조차 없어서 마음이 무거워.	N	2022-10-07 20:10:42	2022-10-07 20:10:42
BE22025474	6	1	그런 반응 보면 함께 일하는 동료들에게 서운한 마음이 들 것 같아. 김 대리 마음 미처 헤아려 주지 못 한 것 같아서, 나도 왠지 미안하네.	N	2022-10-07 20:10:42	2022-11-08 06:06:28
BE22025474	7	0	내가 부주의해서 코로나에 걸리고 이런 일이 생겼다는 자책감만 들어. 나한테 왜 이런 일이 일어났는지 모르겠다는 억울한 마음도 들고.	N	2022-10-07 20:10:42	2022-10-07 20:10:42
BE22025474	8	1	나도 몸이 힘들어지면, 주변 사람들에게 왠지 서운한 마음이 드는 것 같아. 지금 김 대리 마음이 어떨지 생각하니, 나도 마음이 무거워.	N	2022-10-07 20:10:42	2022-11-08 06:06:28
BE22025474	9	0	이런 일이 생기고 주변 사람들을 살피니, 마음이 착잡해. 자꾸만 혼자 속앓이만 하게 되고. 이런 마음으로 회사 다닐 생각을 하니, 눈앞이 막막해.	N	2022-10-07 20:10:42	2022-10-07 20:10:42
BE22025474	10	1	김 대리는 늘 긍정적이고 밝은 사람이잖아. 지금은 힘든 시기이지만, 난 김 대리가 누구보다 현명하게 잘 이겨낼 거라 믿어. 그리고 힘든 일 있으면 내가 뭐든 도울 테니, 늘 편안하게 연락해. 알았지?	N	2022-10-07 20:10:42	2022-11-08 06:06:28
BE22025474	11	0	그렇게 위로해 주니 정말 고마워. 무거웠던 마음도 이제는 좀 가벼워진 것 같아.	N	2022-10-07 20:10:42	2022-10-07 20:10:42
BE22025474	12	1	이제야 평소처럼 밝아진 모습을 보니 좀 안심이 되네. 후유증 심해지지 않도록 건강 더 조심하고.	N	2022-10-07 20:10:42	2022-11-08 06:06:28
BE22025474	13	0	그래, 며칠 전보다는 증상도 많이 완화된 것 같아. 내 이야기 들어 줘서 감사하게 생각해.	N	2022-10-07 20:10:42	2022-10-07 20:10:42
BE22025474	14	1	나도 힘들 때 이런 이야기 나눌 수 있는 동료가 있어서 다행이라 생각해. 얼른 회복해서 즐거운 마음으로 일하자.	N	2022-10-07 20:10:42	2022-11-08 06:06:28
BE22025474	15	0	덕분에 이제 기운이 좀 나는 것 같아. 그럼 회사에서 만나기로 하고, 푹 쉬어.	Y	2022-10-07 20:10:42	2022-10-07 20:10:42
