id	utterance_id	utterance_type	utterance_text	terminate	regDate	updDate
BE22025417	1	0	이번에 출장 갔다가 안 좋은 기억이 떠오르고 말았네요. 회의가 있는 호텔이 야구장 근처더라고요. 제가 어렸을 때부터 야구 관련해서는 생각만 해도 몸이 떨리거든요.	N	2022-10-07 13:06:16	2022-10-07 13:06:16
BE22025417	2	1	안 그래도 출장 다녀오신 뒤로 낯빛이 어두워서 마음이 쓰였어요. 야구에 무슨 안 좋은 일이라도 있었던 거예요?	N	2022-10-07 13:06:16	2022-11-08 06:06:06
BE22025417	3	0	아버지가 야구 동호회를 오래 다니셔서 집에 야구 방망이가 있었거든요. 혼날 땐 그 방망이로 참 많이도 맞았어요. 훈육이라기엔 터무니없는 이유로도 맞은 적이 많아서 내내 상처로 남아 있네요.	N	2022-10-07 13:06:16	2022-10-07 13:06:16
BE22025417	4	1	그런 가슴 아픈 사정이 있는 줄은 몰랐는데 유감이에요. 짧게 들어도 어린 나이에 견디기 힘든 시기를 보내신 것 같아요. 실례지만 아버지는 어떻게 지내고 계신지 여쭤 봐도 될까요?	N	2022-10-07 13:06:16	2022-11-08 06:06:06
BE22025417	5	0	지병으로 제가 대학생 때 돌아가셨어요. 사과 한마디를 못 들은 게 내내 마음에 응어리로 남아 있네요. 아버지는 끝까지 이기적인 분이셨어요.	N	2022-10-07 13:06:16	2022-10-07 13:06:16
BE22025417	6	1	뭐라 말을 얹기가 조심스럽네요. 항상 씩씩하고 밝게 지내셔서 그런 불우한 시절을 보내셨을 줄 상상도 못했어요. 그런 무자비한 폭력 속에서도 훌륭하게 자라신 감정화자씨가 참 대단해요.	N	2022-10-07 13:06:16	2022-11-08 06:06:06
BE22025417	7	0	아버지와 같은 사람은 되지 않겠다고 결심했거든요. 비행을 저지르고 싶을 때마다 그 생각 하나로 꾹 참았어요. 하지만 야구 중계나 방망이만 봐도 긴장이 되니 아직 그때 상처가 아물지 않았나 봐요.	N	2022-10-07 13:06:16	2022-10-07 13:06:16
BE22025417	8	1	그런 과거를 단번에 잊는 게 더 어려운 일일 거예요. 하늘에 계신 아버님도 감정화자씨께 내내 미안했을 거라고 생각돼요. 서로 마음을 확인할 길은 없지만 그렇게 믿는 편이 감정화자씨께 더 위안이 되지 않을까요.	N	2022-10-07 13:06:16	2022-11-08 06:06:06
BE22025417	9	0	글쎄요, 한 번도 따뜻한 말을 들어본 적이 없어서 그렇게 생각하기 어렵네요. 아버지와 사이 좋게 지내는 친구들을 보면 그렇게 부러울 수가 없었어요.	N	2022-10-07 13:06:16	2022-10-07 13:06:16
BE22025417	10	1	무슨 마음인지 알아요. 야속하지만 가족은 내가 선택할 수 있는 인연이 아니니 어쩔 수 없는 일이었잖아요. 그럼에도 감정화자씨 안에 작은 빛이 있어서 이렇게 잘 살아오셨으니 더 자랑스럽게 생각돼요.	N	2022-10-07 13:06:16	2022-11-08 06:06:06
BE22025417	11	0	공감화자씨가 그렇게 말씀해 주시니 부던히 노력했던 시절이 헛되진 않은 것 같네요. 저라고 엇나가고 싶을 때가 없었던 게 아니거든요. 지금처럼 중심을 잃지 않고 잘 살아볼게요.	N	2022-10-07 13:06:16	2022-11-08 06:06:06
BE22025417	12	1	인생이라는 게 한 시절이 미치도록 불우하면 다른 한 시절은 미치도록 행복하더군요. 10대의 기억을 지울 만한 더 좋은 일들이 많이 남아 있을 거예요. 시간이 지날수록 아픔도, 상처도 다 무뎌질 거라 믿어요.	N	2022-10-07 13:06:16	2022-11-08 06:06:06
BE22025417	13	0	생각해 보니 대학을 졸업하고부터는 일이 잘 풀렸던 것 같아요. 죽기 살기로 버틴 결과라고 생각하면 큰 위로가 되네요. 말씀처럼 언젠가는 저도 이 아픔에 의연해질 수 있겠죠.	N	2022-10-07 13:06:16	2022-10-07 13:06:16
BE22025417	14	1	그럼요, 그럼에도 힘에 부칠 때면 언제든 제게 털어놓으셔도 좋아요. 얘기하고 보면 묵은 감정이 좀 해소되기도 하잖아요.	N	2022-10-07 13:06:16	2022-11-08 06:06:06
BE22025417	15	0	그런 것 같아요. 공감화자씨께 털어놓으니 제 마음도 한결 가벼워진 것 같거든요. 유쾌하지 않은 이야기인데도 성심껏 들어주셔서 감사했어요.	Y	2022-10-07 13:06:16	2022-11-08 06:06:06
