id	utterance_id	utterance_type	utterance_text	terminate	regDate	updDate
BE22030986	1	0	매년 이맘때 쯤 가슴이 시리고 상처가 깊어지는 느낌입니다. 넓은 집이 텅 빈 것만 같고, 고립된 것만 같아요. 아내가 병으로 떠난 지 벌써 5년째네요.	N	2022-10-17 11:56:24	2022-11-08 06:39:45
BE22030986	2	1	진심으로 유감을 표합니다. 많이 힘든 시간을 보내셨을 것 같아요. 느껴지는 상처에 저도 마음이 참 아파옵니다.	N	2022-10-17 11:56:24	2022-11-08 06:39:45
BE22030986	3	0	집이 같이 살 때는 그렇게 좁아 보였는데 혼자 지내려니 적막하네요. 보일러를 아무리 틀어도 추운 느낌이예요.	N	2022-10-17 11:56:24	2022-11-08 06:39:45
BE22030986	4	1	사무치는 그리움과 또 외로움에 마음고생이 이만저만이 아닐 것 같아요. 감정화자씨께 이런 사연이 있는 줄 정말 몰랐네요.	N	2022-10-17 11:56:24	2022-11-08 06:39:45
BE22030986	5	0	시간이 흘러 조금쯤은 무덤덤해졌다고 생각했는데 이렇게 크게 힘들어질 때가 찾아와요. 하지만 때때로 아내의 빈 자리가 느껴질 때면 지독한 외로움이 밀려들어서 잠을 못 이룹니다.	N	2022-10-17 11:56:24	2022-10-17 11:56:24
BE22030986	6	1	사랑하는 아내를 잃은 슬픔이 큰 상심으로 다가왔을 것 같아요. 그리움 마음을 다스리기는 정말 어렵잖아요. 그동안 얼마나 가슴을 앓으셨을까, 제가 다 안타까운걸요.	N	2022-10-17 11:56:24	2022-11-08 06:39:45
BE22030986	7	0	사실 왜 제게 유독 일찍 이런 시련이 찾아온 걸까 곰곰이 생각해보기도 했어요. 텅 빈 집과 텅 빈 옆자리에 아무도 없다는 사실이 제게 큰 상처가 됐어요.	N	2022-10-17 11:56:24	2022-10-17 11:56:24
BE22030986	8	1	제가 어떻게 그 아픔을 다 헤아릴 수 있겠어요. 사랑하는 사람을 잃은 그 상처는 정말 더 사람을 괴롭게 만들죠. 그 감정을 겪으셨다고 생각하니 제 가슴이 미어지네요.	N	2022-10-17 11:56:24	2022-11-08 06:39:45
BE22030986	9	0	결국에는 시간이 답이더군요. 처음에는 이런 이야기를 꺼내지도 못했었는데. 이제는 아무렇지 않다고는 결코 말할 수 없지만 그래도 조금이나마 담담해질 수 있었어요.	N	2022-10-17 11:56:24	2022-10-17 11:56:24
BE22030986	10	1	부정적인 감정의 늪에서는 빠져나오기란 쉽지 않은 법이죠. 많이 힘드셨을 텐데, 지금까지 충분히 스스로 아픔을 잘 이겨내신 같아요. 충분히 잘하고 있다고 말해주고 싶네요.	N	2022-10-17 11:56:24	2022-11-08 06:39:45
BE22030986	11	0	한 번씩 찾아오는 외로움에 아내가 사무치게 그리운 날에는 눈물이 앞을 가리더라고요. 애써 괜찮은 척하기가 버거운 순간에는 집에서 혼자 울곤 해요.	N	2022-10-17 11:56:24	2022-11-08 06:39:45
BE22030986	12	1	그런 날에는 차라리 그 감정을 온전히 표출하는 게 좋아요. 실컷 울고 나면 후련해지는 감정도 있으니 너무 감추지 말아요.	N	2022-10-17 11:56:24	2022-11-08 06:39:45
BE22030986	13	0	그래서 보통은 이런 얘기를 털어놓지 않았는데, 공감화자씨가 그런 말을 해주셔서 큰 위안이 되네요. 덕분에 한결 마음의 짐이 가벼워지는 기분이에요. 제게 꼭 필요한 조언이었어요.	N	2022-10-17 11:56:24	2022-10-17 11:56:24
BE22030986	14	1	걱정 말고 마음껏 감정을 털어놓고 해소한다면, 분명 감정화자씨의 속이 훨씬 후련해질 거예요. 힘들 때는 저에게 털어놓으세요. 힘내셨으면 좋겠습니다.	Y	2022-10-17 11:56:24	2022-11-08 06:39:46
