id	utterance_id	utterance_type	utterance_text	terminate	regDate	updDate
BE22002175	1	0	대리님은 집 식구들 식사 준비는 어떻게 하세요? 밑반찬 같은 것도 다 직접 만드세요?	N	2022-06-20 06:55:49	2022-11-08 03:38:29
BE22002175	2	1	아유, 일하면서 그렇게까지는 못해요. 친정엄마가 해다 주시거나, 아님 시장 반찬가게에서 사다 먹어요.	N	2022-06-20 06:55:49	2022-11-08 03:38:30
BE22002175	3	0	그렇죠? 맞벌이 부부들은 대부분 그렇다고 들었는데.	N	2022-06-20 06:55:49	2022-11-08 03:38:30
BE22002175	4	1	왜요? 남편 분이 밑반찬도 직접 만들라고 하세요?	N	2022-06-20 06:55:49	2022-11-08 03:38:30
BE22002175	5	0	네. 자기는 반찬가게 반찬이 입에 안 맞고 싫대요. 남이 하는 음식은 믿을 수 없다는 거죠. 저는 친정엄마도 안 계셔서 대신 해주는 사람도 없고, 너무 힘들어요.	N	2022-06-20 06:55:49	2022-11-08 03:38:30
BE22002175	6	1	입에 안 맞는 음식 억지로 먹는 것도 고역이긴 해요. 그런데 밑반찬까지 일일이 만들려면 주말에도 못 쉬겠네요. 휴일은 쉬어줘야 또 일주일을 버티는 건데 너무 피곤하시겠어요.	N	2022-06-20 06:55:49	2022-11-08 03:38:30
BE22002175	7	0	밑반찬보다 더 문제는 저희 남편이 나물을 좋아한다는 거예요. 그런데 대리님도 주부시니까 잘 아시죠? 나물반찬이 얼마나 손이 많이 가는지.	N	2022-06-20 06:55:49	2022-11-08 03:38:30
BE22002175	8	1	아유, 너무 잘 알죠. 시장에서 장 봐다 다듬고, 삶고, 무치고. 거기다 시간은 또 얼마나 많이 걸려요?	N	2022-06-20 06:55:49	2022-11-08 03:38:30
BE22002175	9	0	그러니까 말이에요. 주말에 나물 두세 가지 만들고 나면 하루가 다 간다니까요. 얼마나 허무한지.	N	2022-06-20 06:55:49	2022-11-08 03:38:30
BE22002175	10	1	남편 분하고 진지하게 얘기를 해보시지 그래요? 일하랴, 살림하랴, 너무 힘에 부친다고 조금 양보를 해달라고 하세요. 가령 나물은 손이 많이 가니까 격주로 해먹는 건 어떠냐고 물어보세요.	N	2022-06-20 06:55:49	2022-11-08 03:38:30
BE22002175	11	0	안 그래도 나물반찬 너무 힘들다고 말했다가 잔소리만 들었어요. 그까짓 게 뭐가 힘드냐고, 자기 엄마 살아 계셨을 때는 끼니마다 나물이 떨어진 적이 없었대요. 내가 게을러서 나물반찬을 안 한다는 거예요.	N	2022-06-20 06:55:49	2022-11-08 03:38:30
BE22002175	12	1	직장 일과 집안일을 병행하는 게 얼마나 힘든지 몰라서 그러시는 거 같아요. 언제 주말에 같이 나물반찬을 한 번 만들어 보세요. 그럼 그 일이 얼마나 손이 많이 가는지 아시겠죠.	N	2022-06-20 06:55:49	2022-11-08 03:38:30
BE22002175	13	0	정말 그렇게라도 해야 할까봐요. 시어머니는 전업주부신 데다 솜씨도 좋으셨대요. 그런데 자꾸 거기다 나를 비교하니 한숨만 나오네요.	N	2022-06-20 06:55:49	2022-11-08 03:38:30
BE22002175	14	1	엄마반찬은 아들들의 영원한 로망이죠. 일단 그걸 인정하면 마음이 좀 편하실 거예요.	N	2022-06-20 06:55:49	2022-11-08 03:38:30
BE22002175	15	0	그 말이 백번 맞네요. 어떤 음식을 해줘도 오랫동안 먹어온 엄마 솜씨는 못 이기지요.	N	2022-06-20 06:55:49	2022-11-08 03:38:30
BE22002175	16	1	그런 마음을 기조에 깔고 남편 분과 대화로 문제를 풀어보세요. 시간이 지나면 남편 분 입맛도 저절로 맞춰질 거예요.	N	2022-06-20 06:55:49	2022-11-08 03:38:30
BE22002175	17	0	네, 그렇게 해볼게요. 여러모로 유익한 충고 감사해요.	Y	2022-06-20 06:55:49	2022-11-08 03:38:30
