id	utterance_id	utterance_type	utterance_text	terminate	regDate	updDate
BE22024667	1	0	대리님, 오늘 저에게 가슴 깊이 상처로 남는 일이 있었어요. 그걸 생각할 때마다 너무 억울하고 답답해지면서 상처가 가중되는 느낌이 들어요. 어디에든 이야기하고 싶은데 떠오르는 사람이 대리님밖에 없어서 메시지 보내 봐요.	N	2022-10-06 02:14:15	2022-10-06 02:14:15
BE22024667	2	1	혹시 무슨 일 있으셨던 거예요? 문자를 보니 기분이 좋지 않으신 것 같아서 걱정되네요.	N	2022-10-06 02:14:15	2022-11-08 06:01:38
BE22024667	3	0	제가 학생 때부터 구강 건조증이 있었는데, 그것 때문에 이제는 치아 건강까지 안 좋아졌거든요. 피곤할수록 잇몸의 통증이 심해지는 바람에 오늘 회의에서도 말을 제대로 하지 못해 버렸어요. 그 이유를 모르는 팀장님이 제가 말을 하지 않는다고 꾸짖으셨던 게 곱씹을수록 상처로 남네요.	N	2022-10-06 02:14:15	2022-10-06 02:14:15
BE22024667	4	1	누구에게나 말하기 어려운 고민이 있는 것처럼 어떤 질환이 있는지도 쉽게 말하기 어려운 법이잖아요. 그랬던 만큼 대리님께서는 사정을 숨기고 있으셨던 와중에 쓴소리를 듣게 되어서 마음이 많이 상하셨죠. 사정을 모르니 이해를 바라는 건 어렵겠지만 이유를 묻지도 않고 그러셔서 여러모로 속상하셨겠어요.	N	2022-10-06 02:14:15	2022-11-08 06:01:39
BE22024667	5	0	심지어 아침에는 오늘 목이 좋지 않다고 말씀드리기까지 했거든요. 분명 말씀을 드렸는데도 저에게 분풀이를 하듯이 채근하시니까 그 순간이 상처로 남더라고요. 그때 하셨던 말들이 귓가에 되풀이되는 듯해서 상처가 배로 늘어나는 것 같아요.	N	2022-10-06 02:14:15	2022-10-06 02:14:15
BE22024667	6	1	사정을 전해 드렸는데도 금세 잊으셨다는 걸 생각하면 무척 난처하면서 기분도 좋지 않으셨겠어요. 그런 순간에는 몸만 그런 게 아니라 마음까지도 아파졌을 듯해요. 문자로 상황을 전해 듣기만 해도 마음이 상하는데 대리님은 오죽하실까 싶어요.	N	2022-10-06 02:14:15	2022-11-08 06:01:39
BE22024667	7	0	심지어 이게 한두 번도 아니고 자주 이러시니까 마음의 상처가 더 깊어지는 것 같아요. 치아 건강이 좋지 않아서 잇몸이 아픈 것만 해도 서러운데 괴로운 일이 자꾸 늘어나네요.	N	2022-10-06 02:14:15	2022-10-06 02:14:15
BE22024667	8	1	남들에게 쉽게 말하기 어려운 고민을 안고 지내는 것만 해도 많이 힘드셨죠. 그런 상황에 대리님께서 억울할 수밖에 없는 일이 생기셨으니 얼마나 괴로우셨을까 싶어요. 혼자서 이런저런 고충을 전부 감당하시느라 정말 고생 많으셨어요.	N	2022-10-06 02:14:15	2022-10-06 02:14:15
BE22024667	9	0	아침부터 마음 깊이 남은 상처 때문에 참 괴로웠거든요. 그런데 대리님이 보내 주신 문자를 보니 그간의 서러움이 녹는 것처럼 마음이 풀리네요. 덕분에 서러웠던 것도 해소가 되는 기분이에요.	N	2022-10-06 02:14:15	2022-11-08 06:01:39
BE22024667	10	1	세상에 쉬운 일은 없다지만 특히 사람을 상대하는 건 정말 어렵고 고되죠. 그래도 대리님 곁에는 항상 대리님을 응원하는 제가 있으니 기운 내셨으면 좋겠어요. 몸이 좋지 않은 와중에도 모든 일을 무척 훌륭하게 해내는 대리님이 정말 멋지고 대단하다고 생각해요.	N	2022-10-06 02:14:15	2022-11-08 06:01:39
BE22024667	11	0	그렇게 말해 주니 마음에 위안이 되네요. 상처받을 일은 앞으로도 많겠지만 대리님이 계신다면 그래도 그럭저럭 이겨 낼 수 있을 것 같아요. 매번 다정하게 위로해 주셔서 정말 고마워요.	N	2022-10-06 02:14:15	2022-10-06 02:14:15
BE22024667	12	1	제가 조금이라도 도움이 될 수 있어서 다행이에요. 앞으로도 혼자서 감당하기 어려운 고민이 생기면 언제든 저에게 말씀해 주세요. 어떤 이야기든 성심성의껏 귀 기울여 들을게요.	N	2022-10-06 02:14:15	2022-11-08 06:01:39
BE22024667	13	0	말씀만 들어도 힘이 되네요. 덕분에 괴로웠던 게 해소되었으니 이제 일 하러 가 봐야겠어요.	N	2022-10-06 02:14:15	2022-11-08 06:01:39
BE22024667	14	1	네, 언제든 하고 싶은 이야기가 생기면 또 연락 주세요.	Y	2022-10-06 02:14:15	2022-10-06 02:14:15
