id	utterance_id	utterance_type	utterance_text	terminate	regDate	updDate
BE22024419	1	0	요즘 회사에 일이 너무 많아서 인지 일 하는 과정에서 종종 상처 받곤 해요.	N	2022-10-05 07:46:37	2022-10-05 07:46:37
BE22024419	2	1	근래 바쁘긴 했죠. 정신이 없어서 식사도 못할 때가 많잖아요. 무슨 일이 있는 건 아니죠?	N	2022-10-05 07:46:37	2022-11-08 06:00:11
BE22024419	3	0	특별한 일이 있는 건 아니에요. 그냥 지금 빌딩 숲이 아닌 푸른 숲속에 있으면 좀 나아질 것 같다는 생각을 해요.	N	2022-10-05 07:46:37	2022-10-05 07:46:37
BE22024419	4	1	저만 그런 생각을 하는 게 아니군요. 저도 그런 마음이 들 때가 있어요. 요즘 많이 힘들어요?	N	2022-10-05 07:46:37	2022-11-08 06:00:11
BE22024419	5	0	힘든 것보다는 다 같이 있는데 종종 혼자 상처받곤 해요. 별일 아니라고 넘길 수 있는 말과 행동들에 마음이 다치는 게 반복되니까 속이 쓰리네요.	N	2022-10-05 07:46:37	2022-10-05 07:46:37
BE22024419	6	1	무슨 마음인지 알 것 같아요. 그럴 땐 정말 세상에 혼자 있는 것 같잖아요. 그래도 바쁜 시기만 지나면 좀 괜찮아지지 않을까요.	N	2022-10-05 07:46:37	2022-10-05 07:46:37
BE22024419	7	0	그럴까요? 다른 동료들은 문제없이 잘 생활하는 것 같은데 저만 그런 것 같아서 뒤처지는 기분이에요. 어쩌면 내 성격이 너무 소심해서 상처 받는 건 아닌가 생각이 들어요.	N	2022-10-05 07:46:37	2022-10-05 07:46:37
BE22024419	8	1	그건 감정화자님 성격 탓이 아니에요. 늘 주변 사람을 편하게 해주고 잘 어울리셔서 동료들 사이에서도 칭찬하는걸요. 지금도 충분히 잘하고 있어요.	N	2022-10-05 07:46:37	2022-11-08 06:00:11
BE22024419	9	0	다들 좋게 생각해 주신다니 정말 다행이에요. 다만 요즘 업무 과정에서 충돌이 잦다 보니 그게 마음에 상처가 되는 것 같아요. 일하면서 이런 일은 당연한 거라고 생각하려고 해도 속 쓰린 건 어쩔 수 없네요.	N	2022-10-05 07:46:37	2022-10-05 07:46:37
BE22024419	10	1	다들 바쁘고 일에 치이다 보면 그럴 수 있죠. 보통은 너무 바빠서 마음에 여유가 없을 때 그런 생각이 들더라고요. 일 끝나고 잠시 휴식을 가지는 건 어때요?	N	2022-10-05 07:46:37	2022-11-08 06:00:11
BE22024419	11	0	공감화자님 말이 맞는 것 같아요. 요즘 정말 눈코 뜰 새 없이 바빠서 여유가 없었거든요. 일 끝나면 휴가 내고 마음에 여유를 가져야겠어요.	N	2022-10-05 07:46:37	2022-11-08 06:00:11
BE22024419	12	1	좋은 생각이에요. 아까 푸르른 숲속에 있으면 좋겠다고 했잖아요. 이참에 경치 좋은 곳으로 여행이라도 다녀오면 상처받은 마음에 위로가 되지 않을까요?	N	2022-10-05 07:46:37	2022-11-08 06:00:11
BE22024419	13	0	그래야 할 것 같아요. 생각해 보니 너무 바빠서 스스로의 마음을 돌볼 여유가 없었네요. 이참에 내 마음을 더 들여다보고 챙겨야겠어요.	N	2022-10-05 07:46:37	2022-11-08 06:00:11
BE22024419	14	1	그래요. 잘 생각했어요. 여행 가서 마음도 챙기고 나중에 여행 후기도 들려주세요.	N	2022-10-05 07:46:37	2022-10-05 07:46:37
BE22024419	15	0	그럴게요. 공감화자님께 말하고 나니 괜히 혼자 고민했다는 생각이 들어요. 정말 고마워요.	Y	2022-10-05 07:46:37	2022-11-08 06:00:11
