id	utterance_id	utterance_type	utterance_text	terminate	regDate	updDate
BE22023420	1	0	동기야, 나 이번에 내가 좋아하던 선배에게 농담 몇 마디를 했는데 연락이 끊어졌어. 내가 뭘 잘못한 걸까? 이유도 말 해 주지 않아서 너무 속상해.	N	2022-10-02 12:02:05	2022-10-02 12:02:05
BE22023420	2	1	네가 친하게 지내려던 사람과의 관계가 끊어져서 너무 마음 아플 거 같아. 지금 네가 받을 충격이 큰 충격일 거라고 생각해서 부디 마음 더 안 다치면 좋겠어. 이번에 큰 일을 겪은 너라는 걸 꼭 염두하고 마음 보듬어주면 좋겠어.	N	2022-10-02 12:02:05	2022-11-08 05:54:18
BE22023420	3	0	얼마나 오랫 안 좋아해 왔는데, 고작 농담 몇 마디로 이렇게 되다니. 평소에 용기가 없어서 말 한번 제대로 붙여 보지 못 했었어. 이번에야말로 친해질 기회라고 생각했는데 잘 안되어서 절망적이야.	N	2022-10-02 12:02:05	2022-11-08 05:54:18
BE22023420	4	1	맞아, 우리가 기대하던 것들이 좌절로 이어지는 순간은 너무나 견디기 어려운 거 같아. 그리고 할 수 있는 게 당장 없다고 느껴진다면 그 힘듦이 더욱 강할 거라 생각해. 하지만 네가 아프더라도 너무 아파서 무너지지 않았으면 좋겠다는 말은 꼭 하고 싶어.	N	2022-10-02 12:02:05	2022-11-08 05:54:18
BE22023420	5	0	내가 뭘 어떻게 했어야 하는 거지? 나로서는 정말 노력한 거였는데, 선배는 왜 그랬을까? 곱씹어봐도 내가 한 농담에는 잘못이 없어서 그냥 선배는 나를 싫어했던 것이 분명해서 충격이야.	N	2022-10-02 12:02:05	2022-10-02 12:02:05
BE22023420	6	1	맞아, 내 노력이 원하는 결과로 이어지지 않을 때는 정말 절망스러운 마음이 드는 게 당연하지. 그런데 네가 했던 노력이 결과로 이어지지 않아도 무의미 하다고 생각하지 않아. 그 노력 동안의 너는 너로서 빛나고 있던 시간이었다는 거 잊지 말아줘.	N	2022-10-02 12:02:05	2022-11-08 05:54:18
BE22023420	7	0	내가 대체 왜 싫었던 걸까. 오랫동안 노력 해 온 결과가 이 거라니 너무 아파. 나는 사실 사람들이 싫어할 만한 사람인 게 아닐까.	N	2022-10-02 12:02:05	2022-10-02 12:02:05
BE22023420	8	1	네가 좋아하던 사람으로부터 거절을 받은 마음이 너무 안타까워. 하지만 그 경험이 너의 모든 걸 결정하는 건 아니라는 거 알잖아. 나는 너를 싫어하지 않고 너를 좋아하는 사람들이 주변에 많이 있는걸.	N	2022-10-02 12:02:05	2022-11-08 05:54:18
BE22023420	9	0	아니야, 지금까지 날 좋아해준 사람은 단 한명도 없었어. 모두가 날 싫어할 거야. 나는 아무가치가 없는 사람처럼 느껴져서 괴롭고 버려진 거 같아.	N	2022-10-02 12:02:05	2022-10-02 12:02:05
BE22023420	10	1	네가 지금 큰 아픔을 느끼고 있다는 것만은 알겠어. 네가 하는 말이 충분히 공감이 되지 않더라도 너를 걱정하는 사람들이 많다는 건 알아줘. 네가 정말 힘들 때 네 곁을 지킬 사람들이 지금 나처럼 더 많이 있잖아.	N	2022-10-02 12:02:05	2022-11-08 05:54:18
BE22023420	11	0	내가 정말 힘들 때 내 옆엔 아무도 없다고 느꼈어. 나는 어떻게 해야 사람들에게 사랑받을 수 있을지 정말 모르겠어. 나는 사람들을 많이 좋아하는데 사람들은 나를 좋아하지 않으니 혼자 남겨진 것 같아.	N	2022-10-02 12:02:05	2022-10-02 12:02:05
BE22023420	12	1	네가 원하는 사람의 방식은 아니더라도 사랑은 주변에 없다고 생각하지 않아. 너의 가족들 같이 일하고 웃으며 함께하는 사람 모두 너를 사랑해. 그 마음이 충분하다고 느껴지지 않을 수 있지만 그 마음, 없는 마음으로 만들지 말아줘.	N	2022-10-02 12:02:05	2022-11-08 05:54:18
BE22023420	13	0	나는 아직 잘 모르겠지만, 그렇게 말해주니 조금 위로가 돼. 모두 날 싫어한다고 생각하지 않으려 노력해 볼게. 선배에게도 다시 한번 말 걸어 볼래.	N	2022-10-02 12:02:05	2022-11-08 05:54:18
BE22023420	14	1	정말 네가 그랬으면 좋겠다. 분명 너는 충분히 사랑받을 만한 사람이야. 힘든 일들 겪더라도 그게 사랑이 없어져서 그런 건 아니라고 믿어주면 좋겠어.	Y	2022-10-02 12:02:05	2022-11-08 05:54:18
