id	utterance_id	utterance_type	utterance_text	terminate	regDate	updDate
BE22023198	1	0	아내랑 좋은 마음에 해돋이를 보러 갔다가 상처만 받고 돌아왔어요.	N	2022-10-01 08:05:10	2022-10-01 08:05:10
BE22023198	2	1	상처를 받다뇨, 아내 분이랑 싸우기라도 한 거예요?	N	2022-10-01 08:05:10	2022-10-01 08:05:10
BE22023198	3	0	해가 떴을 때 새해 결심으로 올해는 더 좋은 남편이 될 거라고 말했거든요. 솔직히 감동받을 줄 알고 한 말이었는데 아내가 눈길도 주지 않고 두고 보겠다더군요. 꼭 지금까지는 좋은 남편이 아니었다는 듯한 뉘앙스여서 상처였어요.	N	2022-10-01 08:05:10	2022-10-01 08:05:10
BE22023198	4	1	무슨 상황인지 알겠네요. 부부 사이에서는 꼭 미묘하게 감정이 상해서 다툼으로 번지는 일이 있잖아요. 좋은 의도로 꺼낸 말인데 그런 반응이 돌아와서 많이 속상했을 것 같아요.	N	2022-10-01 08:05:10	2022-10-01 08:05:10
BE22023198	5	0	정말 그랬어요, 반응이 왜 그러냐고 물으니까 당신이 더 잘 알지 않아 하더라고요. 순간 아내가 내게 신뢰가 없다는 걸 느끼고 충격을 받았어요.	N	2022-10-01 08:05:10	2022-10-01 08:05:10
BE22023198	6	1	자세한 사정은 몰라도 감정화자씨가 느꼈을 충격은 이해해요. 이 일로 감정화자씨가 크게 낙담하실까 걱정이네요. 아무래도 아내 분과 더 깊은 대화를 나눠보면 서로의 마음을 달랠 수 있지 않을까 해요.	N	2022-10-01 08:05:10	2022-11-08 05:53:00
BE22023198	7	0	사실 지금껏 싸운 적도 없이 잘 지내왔다고 생각한 터라 충격이 더 커요. 서운한 게 있었다면 미리 말해주었음 고쳤을 텐데. 어디서부터 잘못된 건지 모르겠고 마음을 다쳤네요.	N	2022-10-01 08:05:10	2022-10-01 08:05:10
BE22023198	8	1	부부 사이는 언제나 현재가 가장 중요하다고 생각해요. 감정화자씨가 좋은 남편이 되겠다고 결심한 건 지금도 변함없는 진심이잖아요. 아내 분도 그걸 알 테니까, 사이만 잘 회복되면 감정화자씨 마음도 나아질 거예요.	N	2022-10-01 08:05:10	2022-11-08 05:53:00
BE22023198	9	0	저도 그렇게 믿고 싶지만 집으로 돌아오는 내내 냉전이었어요. 아내는 제가 어디서 감정이 상했는지 모르는 눈치더라고요. 이렇게 가다 상황이 더 심각해지진 않을까 싶네요.	N	2022-10-01 08:05:10	2022-10-01 08:05:10
BE22023198	10	1	모르는 눈치라는 걸 보니 아내 분도 큰 의미를 갖고 한 말은 아니었을 거예요. 당장은 처음 안 사실에 충격이 더 크게 느껴진 것도 있을 거고요. 서로 차분히 대화해보면 아내분 과의 사이도, 감정화자씨의 다친 마음도 좋아질 거라 믿어요.	N	2022-10-01 08:05:10	2022-11-08 05:53:00
BE22023198	11	0	공감화자씨 말을 듣고 나니까 제가 너무 과하게 생각했나 싶기도 하네요. 원하던 반응이 아니라 더 부정적으로 생각한 것도 같고요. 이 마음을 아내에게 털어놓는 편이 저에게도 좋을 것 같아요.	N	2022-10-01 08:05:10	2022-11-08 05:53:00
BE22023198	12	1	맞아요, 부부라면 누구나 크고 작은 갈등을 겪게 마련이잖아요. 시간이 지나면 오늘의 일도 무뎌질 때가 올 거예요. 더 건강한 부부 사이를 위한 시행착오라 생각하면 마음이 한결 편해질 거예요.	N	2022-10-01 08:05:10	2022-11-08 05:53:00
BE22023198	13	0	그래요, 아무래도 제가 아내를 많이 사랑하나 봐요. 작은 일에도 서운한 걸 보니 여전히 내가 저 사람에게 좋은 남편이고 싶구나 싶어요. 저녁에 잘 대화해야겠네요.	N	2022-10-01 08:05:10	2022-10-01 08:05:10
BE22023198	14	1	그렇게 마음을 다잡다니 너무 잘하셨어요. 역시 감정을 섬세하게 이해하는 분이라 오늘 같은 감정도 느끼신 것 같아요. 그래서 더 좋은 결과가 있을 거라 믿고요.	N	2022-10-01 08:05:10	2022-11-08 05:53:00
BE22023198	15	0	그렇게 말씀해주셔서 감사해요. 예민한 제가 실망스러웠는데 덕분에 큰 위안을 얻고 가네요. 오늘 은혜는 다음번 식사로 꼭 대접할게요, 그럼 내일 봬요!	Y	2022-10-01 08:05:10	2022-11-08 05:53:00
