id	utterance_id	utterance_type	utterance_text	terminate	regDate	updDate
BE22022403	1	0	대리님, 저 최근에 마음에 큰 상처가 된 일이 있어요.	N	2022-09-28 11:47:51	2022-09-28 11:47:51
BE22022403	2	1	항상 긍정적인 과장님께서 그런 말씀을 하시다니 걱정되네요. 무슨 일이 있으셨나요?	N	2022-09-28 11:47:51	2022-11-08 05:48:17
BE22022403	3	0	최근 저희 프로젝트때 문에 정신없이 바빴던 것 기억나세요? 그래서 저번주에 출근을 일찍해야할 것 같아 가족들에게 아이 유치원 등원을 여러 번 부탁했는데요. 가족들 모두 핑계를 대면서 부탁을 거절해서 마음에 큰 상처가 남은 것 같아요.	N	2022-09-28 11:47:51	2022-11-08 05:48:17
BE22022403	4	1	가족들의 거절로 과장님께서 혼자 일과 육아 전부 해결해야 하는 상황이니 가슴이 막막하고 속상하셨을 것 같아요. 제가 과장님의 상황이었다면 가족들에게 거절당한 서러움에 울어버렸을 것 같아요.	N	2022-09-28 11:47:51	2022-11-08 05:48:17
BE22022403	5	0	지난주에는 어떻게 시간이 지나갔는지 모르겠어요. 나홀로 모든 것을 해결해야 하는 상황이라 몸도 힘들고 마음도 힘들었어요. 더욱이 믿었던 가족들이 정작 내가 힘들 때 나를 외면한다는 생각에 마음에 고립감까지 들더라고요.	N	2022-09-28 11:47:51	2022-11-08 05:48:17
BE22022403	6	1	일과 육아 두가지 일을 전부 해낸다는 것이 쉽지 않았을 텐데 모두 묵묵히 해내는 과장님이 존경스러워요. 아이도, 회사도 그런 과장님의 노력을 알아줄 거예요.	N	2022-09-28 11:47:51	2022-11-08 05:48:17
BE22022403	7	0	저는 세상에서 믿고 의지할 수 있는 존재가 가족들이라 생각해요. 그래서 여태껏 가족들이 어려울 때마다 최대한 도움이 되려고 노력했는데 가족들이 저에게 어떻게 이럴 수 있을까요? 일과 육아보다 가족들의 거절이 저를 심적으로 더 힘들게 하네요.	N	2022-09-28 11:47:51	2022-11-08 05:48:18
BE22022403	8	1	과장님께서 가족들에게 쏟은 마음과 노력은 다른 곳으로 도망가지 않아요. 가족들도 곧 미안함을 느끼고 과장님께 사과하고 과장님을 물심양면으로 도울 거예요. 그러면 과장님의 상처받은 마음도 치유되고 일과 육아도 더 쉬워질 거예요.	N	2022-09-28 11:47:51	2022-11-08 05:48:18
BE22022403	9	0	가족들이 저에게 준 상처가 잊혀지지 않아요. 일에 더욱 몰두해보려고도 해보고, 아이랑 더 많은 시간을 보내기도 하지만 마음이 공허하고 외로워서 우울해요. 나를 가장 잘 알고 가깝다고 생각한 가족들이 나를 외면했단는 사실이 저의 가슴을 갈기갈기 찢어놓는 듯해요.	N	2022-09-28 11:47:51	2022-11-08 05:48:18
BE22022403	10	1	조금만 마음을 비워내고 스스로가 힐링할 수 있는 시간을 가져보는 것이 어때요? 제가 팀원으로서 보는 과장님은 위기를 극복하는 긍정적인 에너지를 가지고 있는 멋진 사람이에요. 마음을 진정시킬 과장님만의 시간을 가진다면 마음의 상처에서 벗어나 본래의 긍정적인 과장님으로 돌아올 거예요.	N	2022-09-28 11:47:51	2022-11-08 05:48:18
BE22022403	11	0	제 마음에 집중하고 저에게 힐링할 시간을 줄 생각은 해보지는 못했어요. 가족들로부터 고립되었다는 생각에 정작 제 마음을 돌아볼 생각을 못 했네요.	N	2022-09-28 11:47:51	2022-11-08 05:48:18
BE22022403	12	1	다시 본래의 긍정적인 과장님으로 돌아오신 것 같아 기뻐요. 너무 힘들어하지 마세요. 곧 마음의 상처에서 벗어날 수 있을 거예요.	N	2022-09-28 11:47:51	2022-11-08 05:48:18
BE22022403	13	0	이렇게 금방 마음이 편안해 질줄 알았다면 대리님께 빨리 이야기를 털어놓을 걸 그랬어요. 고마워요, 대리님. 마음이 한결 편안해졌어요.	N	2022-09-28 11:47:51	2022-11-08 05:48:18
BE22022403	14	1	과장님께 도움이 되었다니 기뻐요. 다음에도 고민이 있다면 언제든지 말해주세요.	Y	2022-09-28 11:47:51	2022-11-08 05:48:18
