id	utterance_id	utterance_type	utterance_text	terminate	regDate	updDate
BE22016858	1	0	저 어제 남편하고 집안일 때문에 싸웠는데 남편이 한 말이 너무 아파서 상처받았어요. 충격도 받았고요. 정말 속상하네요.	N	2022-09-01 04:17:51	2022-11-08 05:11:52
BE22016858	2	1	세상에 자주 싸우지도 않는 부부가 어쩐 일로 싸웠나요. 무슨 일 있으셨어요?	N	2022-09-01 04:17:51	2022-09-01 04:17:51
BE22016858	3	0	남편은 제가 남편보다 좀 일찍 퇴근하니 집에 오면서 직접 시장에서 장을 봐 왔으면 해요. 그런데 저는 퇴근길도 남편보다 멀고 뚜벅이라 그게 쉽지 않거든요. 그래서 새벽 배송 온라인 쇼핑을 이용하는데 남편은 제가 게을러서 그렇대요. 너무 충격적이었어요.	N	2022-09-01 04:17:51	2022-09-01 04:17:51
BE22016858	4	1	맞벌이하면서 장 보고 집안일 하는 건 정말 어려운 일이죠. 정말 너무 속상하고 억울하고 화날 것 같아요.	N	2022-09-01 04:17:51	2022-11-08 05:11:52
BE22016858	5	0	워낙 부지런하고 알뜰한 사람이라 왜 시장을 이용하라는 건지는 알겠어요. 그런데 퇴근길에 장 봐서 요리까지 한다는 건 정말 쉽지 않잖아요. 제 이런 상태를 몰라주고 무조건 자기 말이 맞는다고 하니 상처가 되더라고요.	N	2022-09-01 04:17:51	2022-11-08 05:11:52
BE22016858	6	1	정말 제가 그런 말 들었어도 상처가 되었을 거 같아요. 감정화자님의 입장을 전혀 고려하지 않고 본인이 맞다 생각하는 것만 강요하니 얼마나 힘드실까요. 그 마음이 너무 속상하고 슬플 것 같아서 제가 다 마음이 아프네요.	N	2022-09-01 04:17:51	2022-11-08 05:11:52
BE22016858	7	0	정말 그랬어요, 비용 조금 아끼겠다고 제가 힘든 걸 고려 안 해주는 남편에게 서운하더군요. 그리고 무엇보다 제가 고생하는 걸 너무 아무렇지 않게 생각하는 태도가 참 상처로 다가와요. 너무 속상하네요.	N	2022-09-01 04:17:51	2022-11-08 05:11:52
BE22016858	8	1	아마 남편분은 조금씩이라도 아껴서 잘살아보려고 하는 마음에 하신 말일 거예요. 하지만 그렇다고 해서 서운하지 않은 건 아니죠, 정말 속상하셨겠어요. 감정화자님 혹시 이렇게 진지하게 대화는 해 보셨나요?	N	2022-09-01 04:17:51	2022-11-08 05:11:52
BE22016858	9	0	아니요 그냥 말을 왜 그렇게 하냐는 식으로 다투기만 했어요. 조곤조곤 설명하기에는 제가 너무 힘들고 마음이 울컥해서 잘 안되더라고요.	N	2022-09-01 04:17:51	2022-11-08 05:11:53
BE22016858	10	1	얼마든지 그러실 만해요 그런 상황에서 이성적으로 대화하기는 참 어려운 일이죠. 하지만 어쩌면 남편분은 감정화자님이 그렇게 힘들다는 걸 몰라서 하신 말일 수도 있어요. 그러니 너무 속상해하지 마세요.	N	2022-09-01 04:17:51	2022-11-08 05:11:53
BE22016858	11	0	공감화자님 말이 맞아요 사실 제가 힘들다고 이야기를 잘하면 들어줄 사람이죠. 그런데 제가 요즘 너무 예민한 나머지 시도조차도 안 해본 것 같아요.	N	2022-09-01 04:17:51	2022-11-08 05:11:53
BE22016858	12	1	예민하다기보다는 남에 대한 배려가 몸에 배어 있어서 말씀을 못 한 것 같아요. 하지만 결혼 생활에서 자신의 상태를 표현하는 건 굉장히 중요한 일이라고 생각해요. 그러니 본인의 힘든 상태를 숨기지 말고 잘 전달하시면 마음이 좀 편안해지실 거예요.	N	2022-09-01 04:17:51	2022-11-08 05:11:53
BE22016858	13	0	공감화자님의 위로를 들으니 눈물도 조금 나면서 마음이 편안해졌어요. 아까는 너무 상처받고 충격받은 마음에 울컥하고 힘들었는데 지금은 가라앉았네요. 고마워요, 공감화자님.	N	2022-09-01 04:17:51	2022-11-08 05:11:53
BE22016858	14	1	아니에요 혼자서 많이 힘들어하셨을 것 같아서 매우 안쓰러웠어요. 감정화자님 오늘은 꼭 남편분과 진지하게 말씀 나눠보세요. 아마 잘 풀리실 거예요.	N	2022-09-01 04:17:51	2022-11-08 05:11:53
BE22016858	15	0	네 말씀대로 잘 말하고 제 마음도 잘 풀고 올게요. 고마워요, 공감화자님.	Y	2022-09-01 04:17:51	2022-11-08 05:11:53
