id	utterance_id	utterance_type	utterance_text	terminate	regDate	updDate
BE22024274	1	0	공감화자씨, 내일이 어버이날이네요. 다들 즐거워 보이는데 나만 이렇게 기분이 안 좋은가 봐요. 공감화자씨도 내일 지방에 계신 부모님께 내려가나요?	N	2022-10-05 01:51:54	2022-10-05 01:51:54
BE22024274	2	1	네, 그럼요! 어버이날이면 자녀분들이 다 집에 오시니까 기분 좋지 않으세요? 왜 기분이 안 좋으신 거예요, 무슨 걱정이라도 있으세요? 괜히 제가 다 걱정이 되네요.	N	2022-10-05 01:51:54	2022-11-08 05:59:19
BE22024274	3	0	몇 년 전부터 어버이날 자식들이 아무도 찾아오지 않네요. 혼자 사는 나는 자식들을 기다리는데 연락 한 통도 없고 참 마음이 안 좋네요. 그래서 어버이날이 나에겐 아주 큰 상처로 남아서 별로 기분이 좋지 않아요.	N	2022-10-05 01:51:54	2022-10-05 01:51:54
BE22024274	4	1	그런 생각을 하고 계셨군요, 말씀하지 않으셔서 전혀 몰랐어요. 문자를 받고 놀랍기도 하고 너무 속상해서 제가 눈물이 다 나올 거 같네요. 과장님은 얼마나 큰 상처를 받으셨겠어요, 감히 뭐라 위로의 말씀을 드려야 할지 모르겠네요.	N	2022-10-05 01:51:54	2022-10-05 01:51:54
BE22024274	5	0	내가 스스로 생각하기엔 자식들에게 충분히 잘 해줬다고 생각하거든요. 뭐가 그리들 서운했는지 너무 하단 생각도 들고 상처가 너무 커서 마음이 아려오네요. 다들 가족끼리 모여서 밥 먹는다는 그 말이 더 큰 상처로 돌아오네요.	N	2022-10-05 01:51:54	2022-10-05 01:51:54
BE22024274	6	1	왜 안 그러시겠어요, 저였어도 너무 속상하고 상처로 남았을 거 같아요. 계속 안 좋은 생각을 하시면서 더 큰 상처를 받지는 않으셨으면 좋겠어요. 속상하시겠지만 이럴 때일수록 최대한 긍정적인 생각을 하면서 극복하고자 하신다면 조금이나마 잘 해결될 거예요.	N	2022-10-05 01:51:54	2022-11-08 05:59:19
BE22024274	7	0	인생을 헛살았나 하는 생각도 들고 참 많은 생각들이 드네요. 이 상처가 평생 가슴속에 자리 잡고 있을 거 같아서 그저 마음이 아프네요. 이제는 기대를 버려야지 하면서도 그게 잘 안되니 마음속의 상처만 더 커질 뿐이네요.	N	2022-10-05 01:51:54	2022-10-05 01:51:54
BE22024274	8	1	무슨 말씀이세요, 요즘 같은 세상에 과장님같이 다정하시고 마음 따뜻한 분이 어디 있다고요. 스스로를 자책하면서 마음의 상처가 더 커지는 일은 없었으면 좋겠어요. 지금은 아무 생각 마시고 과장님만 생각하세요, 꼭 기운 내셔서 잘 이겨내셨으면 좋겠어요.	N	2022-10-05 01:51:54	2022-11-08 05:59:19
BE22024274	9	0	공감화자씨라도 그렇게 말해주니 내 편이 아직 있는 거 같아서 기분은 좋네요. 하지만 자식들이 찾아오지 않는다는 마음의 상처가 너무 커서 아무런 의욕이 안 드는군요. 내가 이런 기분과 일들을 잊어버리고 이겨낼 수 있을지 자신도 없네요.	N	2022-10-05 01:51:54	2022-10-05 01:51:54
BE22024274	10	1	물론 상처가 클수록 마음속에서 지우기까지는 오랜 시간이 걸리죠. 하지만 포기하지 않고 노력을 하다 보면 언젠간 이겨내실 수 있을 거라 생각해요. 그러니 힘드시더라도 끼니는 잘 챙겨 드시고 용기를 내셔서 꼭 극복해 내실 수 있기를 바랄게요.	N	2022-10-05 01:51:54	2022-11-08 05:59:19
BE22024274	11	0	공감화자씨랑 대화를 하고 나니 참 마음이 따뜻해지고 편안해지네요. 어른이라 모든 걸 혼자 감내해야 된다고 생각했는데 다른 누군가에게 위로를 받으니 좋네요. 정말 큰 힘이 나는 용기와 위로의 말들 너무 고마워요.	N	2022-10-05 01:51:54	2022-11-08 05:59:19
BE22024274	12	1	고맙기는요, 제가 뭐한 게 있다고요. 그저 저의 이런 말들이 과장님께 조금이나마 도움이 되어서 정말 다행이고 안심이에요. 회사에서의 강인한 모습처럼 이번 일도 꼭 잘 이겨내시리라 믿습니다!	N	2022-10-05 01:51:54	2022-11-08 05:59:19
BE22024274	13	0	어버이날 자식들이 아무도 찾아오지 않아 너무나 큰 상처를 받았다는 얘기를 혼자 이겨내야 한다 생각했거든요. 가슴이 먹먹하고 답답했는데 공감화자씨랑 대화를 하고 나니 뻥 뚫린 거처럼 속이 편안해졌어요. 진작에 누군가와 대화를 나누고 좀 풀어볼 걸 왜 고민했나 싶네요.	N	2022-10-05 01:51:54	2022-11-08 05:59:19
BE22024274	14	1	그럼요, 상처든 슬픔이든 다른 사람과 나누면 반이 된다고 하잖아요. 언제든 고민이나 마음 답답한 일이 생기시면 저한테 말씀하세요. 이렇게라도 답답한 속을 풀어버리고 위로를 받아야 좀 더 이겨내기 수월해지는 거 같아요.	N	2022-10-05 01:51:54	2022-10-05 01:51:54
BE22024274	15	0	이렇게 말이 잘 통하고 내 얘기에 진심으로 응원해 주는 공감화자씨가 옆에 있어서 다행이에요. 나도 공감화자씨의 말처럼 꼭 극복하기를 바라고 열심히 노력해 봐야겠어요. 그럼 오늘 하루도 수고하고 정말 고마웠어요.	Y	2022-10-05 01:51:54	2022-10-05 01:51:54
