id	utterance_id	utterance_type	utterance_text	terminate	regDate	updDate
BE22031006	1	0	저 오늘 팀장에게 기분 안 좋은 소리를 들었어요. 저한테 열정만 있고 능력이 부족하다는 말을 해서 상처 받았어요.	N	2022-10-17 12:14:35	2022-10-17 12:14:35
BE22031006	2	1	감정화자님도 그런 소리를 들으셨군요. 저도 회사에 갓 입사했을 때 들은 말이라 그 기분을 잘 알죠. 열정이란 말은 안 들어오고 능력 부족이란 말이 가슴에 박히지요.	N	2022-10-17 12:14:35	2022-10-17 12:14:35
BE22031006	3	0	그렇더군요, 원래 열정이란 말은 좋은 것인데 팀장 말속에는 열정조차 부정적인 말로 들렸어요. 그런 말 들을 때 아무 대꾸도 못 해서 더 상처예요. 뭐라고 한마디라도 했으면 좋았을 터인데.	N	2022-10-17 12:14:35	2022-11-08 06:39:52
BE22031006	4	1	그 당시에는 머리가 하얘져서 할 말이 생각나지 않았을 거예요. 그래도 감정화자님은 다른 사람 없는 곳에서 들은 것 같네요. 저는 동료들이 있는 곳에서 그런 말을 들어서 더 창피했어요.	N	2022-10-17 12:14:35	2022-10-17 12:14:35
BE22031006	5	0	저도 동료 한 사람이 있어서 창피했어요. 그 사람한테는 칭찬을 하고 저에게는 그런 말을 해서 상처가 커요. 어떻게 대놓고 능력 부족이라고 말할 수 있는지 알 수가 없어요.	N	2022-10-17 12:14:35	2022-10-17 12:14:35
BE22031006	6	1	팀장이 말은 그렇게 해도 사람을 차별하지는 않아요. 습관처럼 하는 말이니 신경 쓰지 말고 마음을 편히 먹어요. 그리고 처음에는 신경 쓰여도 괜찮아지니까 너무 걱정하지 말고 상처받지 말아요.	N	2022-10-17 12:14:35	2022-11-08 06:39:52
BE22031006	7	0	제 심정은 하늘이 무너지는 기분이에요. 직장에서 능력이 없다는 말은 직장을 그만 두라는 말처럼 들리거든요. 그런 말을 듣고 어떻게 행동해야 하는지 모르겠어요.	N	2022-10-17 12:14:35	2022-10-17 12:14:35
BE22031006	8	1	맞아요, 처음에는 너무 속상해서 직장을 그만 두고 싶을 수도 있어요. 저 같은 경우에는 능력을 키우는데 집중을 했어요. 팀장이 어떻게 업무를 처리하는지 주의 깊게 살피는 습관이 생기더라고요.	N	2022-10-17 12:14:35	2022-11-08 06:39:52
BE22031006	9	0	저도 그건 살펴보고 있어요. 그 말을 듣고 나서 팀장은 얼마나 일을 잘 하는지 보려고 그를 눈 여겨 보았어요.	N	2022-10-17 12:14:35	2022-10-17 12:14:35
BE22031006	10	1	감정화자님은 역시 열정도 있고 능력도 있는 사람이군요. 그런 이야기 듣고 회사를 그만두는 사람도 있어요. 그런데 감정화자님은 해결 방법을 찾는 현명함을 발휘하고 있네요.	N	2022-10-17 12:14:35	2022-11-08 06:39:52
BE22031006	11	0	제가 잘 하고 있다는 말로 들려서 위로가 되네요. 팀장을 살펴 보니 일은 잘 하더군요. 인정하기 싫지만 배워야 할 점이 많았어요.	N	2022-10-17 12:14:35	2022-10-17 12:14:35
BE22031006	12	1	그렇지요, 어쩌면 팀장은 그런 식으로 직원들을 트레이닝 하는 것일 수도 있어요. 저도 그 이후로 일을 훨씬 빨리 배웠어요.	N	2022-10-17 12:14:35	2022-10-17 12:14:35
BE22031006	13	0	그럼 저도 상처받았다고 주저앉아 있지 말아야겠어요. 열정 있는 사람이 어떻게 능력을 키워나가는지 보여주고 싶어요.	N	2022-10-17 12:14:35	2022-11-08 06:39:52
BE22031006	14	1	그래요, 바로 그런 정신을 팀장은 원하는지도 몰라요. 나중에는 그런 말로 상처 주었던 팀장이 고맙게 생각될 수도 있어요. 나를 가르친 진정한 스승이라고 생각하면 도움이 될 거예요.	Y	2022-10-17 12:14:35	2022-11-08 06:39:53
