id	utterance_id	utterance_type	utterance_text	terminate	regDate	updDate
BE22023276	1	0	제가 최근에 엄청 상처를 받았는데, 도저히 해결이 되지 않아서요. 주임님밖에는 떠오르지 않더라고요. 시간 괜찮으세요?	N	2022-10-01 18:00:44	2022-11-08 05:53:27
BE22023276	2	1	어머, 무슨 일이야? 괜찮아? 나 시간 충분하니까, 상황 이야기하고 천천히 말해 봐. 응?	N	2022-10-01 18:00:44	2022-10-01 18:00:44
BE22023276	3	0	실은 새로 만나게 된 남자친구가 집착이 너무 강해요. 제 휴대폰은 감시당하고, 문자 답장도 바로 하지 않으면 뭐라고 하고요. 그런데 더 힘든 건 집착은 결국에 끝이 좋지 않다는 걸 제가 안다는 거죠. 과거에 그랬어요.	N	2022-10-01 18:00:44	2022-11-08 05:53:27
BE22023276	4	1	과거에도 그런 비슷한 일이 있어서 현재도 혼란스러운 모양이네. 그렇지. 사랑이라는 말로 포장된 집착은 좋은 결과를 낳을 순 없어. 그게 연애든 결혼이든 마찬가지고 말이야.	N	2022-10-01 18:00:44	2022-11-08 05:53:27
BE22023276	5	0	매번 제가 뒤에서 다른 사람을 만나고 있다고 생각하는지 추궁해요. 그때 남자친구의 눈빛은 정말 예전 기억을 떠올리게 해요. 지금의 남자친구가 저는 좋은데, 자꾸 겹쳐 보여서 힘들어요.	N	2022-10-01 18:00:44	2022-10-01 18:00:44
BE22023276	6	1	당연히 힘들지. 특히나 과거에도 그런 일이 있었다면 겹쳐 보이는 건 어쩔 수가 없는 거야. 특히나 사랑은 신뢰와 믿음이 바탕이 되어야 하는 건데 의심받으니 얼마나 속상하겠어. 그래도 너무 마음 아파하지 마. 기운 내.	N	2022-10-01 18:00:44	2022-11-08 05:53:27
BE22023276	7	0	예전에 사귄 그 남자친구는 그렇게 절 의심하고 집착했는데, 결국 자기가 다른 여자를 만났었어요. 그때 사람들이 그러더라고요. 자신이 그런 사람이라, 상대도 그렇게 보는 사람들이 집착을 하는 거라고.	N	2022-10-01 18:00:44	2022-10-01 18:00:44
BE22023276	8	1	그건 충분히 일리가 있지. 그래서 네가 더 그 기억 때문에 힘들어하는 모양이네. 아무래도 이전에도 그런 일을 겪어서 상처를 받았으니까 말이야.	N	2022-10-01 18:00:44	2022-11-08 05:53:27
BE22023276	9	0	맞아요. 그때 저 정말 힘들었거든요. 그런데 지금 와서 또 그런 일을 겪으면 정말이지 못 견딜 것 같아요. 저 어떻게요?	N	2022-10-01 18:00:44	2022-10-01 18:00:44
BE22023276	10	1	무엇보다 네가 한 번 경험으로 무서워한 것을 두 번 무서워하지 말았으면 해. 두려움을 느끼지 않는 게 용기가 아니라, 극복해 나가는 게 용기거든. 그리고 그 사람은 예전의 그 사람이 아니잖니?	N	2022-10-01 18:00:44	2022-11-08 05:53:27
BE22023276	11	0	그렇네요. 대리님 말씀이 맞아요. 어쩌면 지금의 남자친구도 과거의 상처 때문에 저에게 집착하고 있을지도 모르겠네요.	N	2022-10-01 18:00:44	2022-11-08 05:53:27
BE22023276	12	1	그럴 수도. 세상에 상처가 없는 사람은 없데. 대신 덜 아픈 사람이 더 아픈 사람을 감싸주는 거지. 그러니 너도 용기를 내 봐.	N	2022-10-01 18:00:44	2022-11-08 05:53:27
BE22023276	13	0	네. 정말 감사해요. 제 상처만 생각하고 결론을 내버렸던 건 너무 성급했던 것 같아요. 대리님 아니었으면 이 연애가 지옥이 될 뻔했어요. 대화도 많이 나눠보고 잘 결정할게요.	N	2022-10-01 18:00:44	2022-11-08 05:53:27
BE22023276	14	1	그래, 분명 넌 지혜로우니까, 현명한 판단을 할 거라고 믿어.	Y	2022-10-01 18:00:44	2022-10-01 18:00:44
