id	utterance_id	utterance_type	utterance_text	terminate	regDate	updDate
BE22010785	1	0	요즘 남편이랑 사이가 안 좋아요. 그래서 일에 집중도 안 되네요.	N	2022-07-21 10:04:50	2022-11-08 04:33:46
BE22010785	2	1	가정에 불화가 생기면 직장 생활에 집중하기가 힘들긴 하죠. 그런데 뭐 때문에 그러세요?	N	2022-07-21 10:04:50	2022-11-08 04:33:46
BE22010785	3	0	작년에 판 아파트가 벌써 1억이나 올랐거든요. 그것 때문에 말다툼을 시작했다가, 벌써 일주일째 냉전이에요. 돈 때문에 사이가 멀어지다니 부부 사이가 참 부질없단 생각이 들어요.	N	2022-07-21 10:04:50	2022-11-08 04:33:46
BE22010785	4	1	가족끼리 돈 문제로 다투게 되면 그 허망함과 상처를 이루 말할 수 없죠. 감정화자씨가 요즘 왜 힘드신지 십분 이해되네요.	N	2022-07-21 10:04:50	2022-11-08 04:33:46
BE22010785	5	0	그러게요. 그렇게 다정하던 남편이 아파트를 팔게 된 게 다 저 때문이라며 몰아세우는데, 정말 상처더라고요. 그 표정이 잊히질 않네요.	N	2022-07-21 10:04:50	2022-11-08 04:33:46
BE22010785	6	1	듣는 저까지 가슴이 쿵 내려앉는 기분인데 얼마나 마음 아프셨겠어요. 감정화자씨가 받은 상처가 클 것 같아요.	N	2022-07-21 10:04:50	2022-11-08 04:33:46
BE22010785	7	0	저는 돈이야 있다가도 없고 없다가도 있는 거라고 생각하거든요. 금전적인 게 중요했다면 애초에 결혼은 하지도 않았을 거예요. 사랑 하나만 생각하고 결혼한 건데, 남편과 멀어지니 심란해서 잠이 오질 않네요.	N	2022-07-21 10:04:50	2022-11-08 04:33:46
BE22010785	8	1	감정화자씨의 마음이 무너져 내리신 것 같아 저도 가슴이 아프네요. 설령 아파트를 팔자는 게 감정화자씨의 의견이었어도 감정화자씨의 잘못이 아니라 생각해요. 억울하고 슬프시겠지만, 마음을 잘 추스르시고, 가정에 평화가 찾아왔으면 좋겠네요.	N	2022-07-21 10:04:50	2022-11-08 04:33:46
BE22010785	9	0	감사해요. 제가 참 듣고 싶었던 말이에요. 저도 제 잘못이 아니란 건 알지만, 1억이 적은 돈은 아니니까 괜히 심장이 철렁하더라고요. 남편까지 제 탓을 하니 다 제 잘못인가 싶었어요.	N	2022-07-21 10:04:50	2022-11-08 04:33:46
BE22010785	10	1	절대 감정화자씨 잘못이 아니에요. 어떻게 사람이 앞을 내다보고 매번 현명한 선택을 하겠어요. 그리고 그런 시행착오와 고통을 함께 나누는 게 부부의 일이잖아요.	N	2022-07-21 10:04:50	2022-11-08 04:33:46
BE22010785	11	0	공감화자씨 말이 맞아요. 공감화자씨가 이렇게 달래주시니까 상처받은 마음이 좀 회복되는 것 같아요. 남편에게도 잘 이야기해 봐야겠어요.	N	2022-07-21 10:04:50	2022-11-08 04:33:46
BE22010785	12	1	다행이에요. 감정화자씨가 크게 상처받으신 것 같아서 계속 걱정하던 참이었어요. 아마 남편분도 순간이나마 원망했던 걸 후회하고 계실 거예요.	N	2022-07-21 10:04:50	2022-11-08 04:33:46
BE22010785	13	0	정말 감사드려요. 그런 말만으로도 위로가 되네요. 마음이 좀 가벼워졌어요.	N	2022-07-21 10:04:50	2022-11-08 04:33:46
BE22010785	14	1	감정화자씨가 기분이 나아지셨다니 정말 다행이네요. 팔아버린 아파트는 그냥 인생의 경험이라 생각하시고 털어버리시길 바라요. 저는 감정화자씨가 늘 행복했으면 좋겠어요.	N	2022-07-21 10:04:50	2022-11-08 04:33:46
BE22010785	15	0	다정한 말씀 정말 감사드려요. 덕분에 복잡하고 아프던 제 마음이 홀가분해진 듯해요.	Y	2022-07-21 10:04:50	2022-11-08 04:33:46
