id	utterance_id	utterance_type	utterance_text	terminate	regDate	updDate
BE22030772	1	0	제가 키우는 강아지가 밥을 잘 못 먹어서 주말에 병원에 다녀왔거든요. 노견이라 잇몸이 약해져서 먹는 게 힘들어서 그렇다는데. 그 말을 듣는 순간 마음에 상처가 되더라고요.	N	2022-10-17 07:35:52	2022-10-17 07:35:52
BE22030772	2	1	대리님이 강아지 키우시는 건 알고 있었는데 나이가 많은 줄은 몰랐어요. 오래 함께한 강아지이니 가족이나 다름이 없겠네요. 그렇기 때문에 더욱더 속상하셨겠어요.	N	2022-10-17 07:35:52	2022-10-17 07:35:52
BE22030772	3	0	맞아요. 제 가족 같은 아이인데 하루가 다르게 체력 떨어지는 게 보여요. 강아지랑 헤어질 시간이 다가온다고 생각하니 그동안 못 해준 일들이 생각나요. 모든 일이 다 상처로 다가오고 미안해져요.	N	2022-10-17 07:35:52	2022-11-08 06:38:26
BE22030772	4	1	가족이나 다름없는데 그렇게 느끼시는 건 당연해요. 얼마나 슬픔이 크시겠어요. 저였어도 눈앞이 캄캄하고 가슴 아팠을 거예요.	N	2022-10-17 07:35:52	2022-11-08 06:38:26
BE22030772	5	0	밥을 잘 먹지 못했던 것도 제가 더 일찍 알아차렸어야 했는데 늦게 발견했어요. 저는 정말 이렇게 말할 자격도 없어요. 정말 비통해요. 혼자 얼마나 힘들었을지 너무 마음이 아파요.	N	2022-10-17 07:35:52	2022-10-17 07:35:52
BE22030772	6	1	주인이 슬퍼할까 봐 티 내지 않는 강아지들이 꽤 있다고 들었어요. 강아지가 정말 생각이 깊은가 봐요. 이렇게 주인이 슬퍼할 걸 알고 그런 것이 아닐까요?	N	2022-10-17 07:35:52	2022-10-17 07:35:52
BE22030772	7	0	그렇게 생각하니 더 마음이 아프네요. 혼자 얼마나 힘들었을까요? 주인은 그거 하나도 못 알아주고, 모든 게 다 미안해요.	N	2022-10-17 07:35:52	2022-11-08 06:38:26
BE22030772	8	1	그래도 대리님이 든든히 옆에서 버텨줘야 강아지도 힘을 내죠. 이렇게 사랑하는 마음이 넘치니 강아지도 모를 리 없을 거예요. 너무 죄책감 갖지 마시고 기운 내셨으면 좋겠어요.	N	2022-10-17 07:35:52	2022-11-08 06:38:26
BE22030772	9	0	그렇겠죠? 저라도 힘을 내야겠어요. 집에서 계속 강아지를 보면 눈물이 나고 마음이 아파요. 근데 오히려 저에게 와서 위로해주는 거 있죠.	N	2022-10-17 07:35:52	2022-11-08 06:38:26
BE22030772	10	1	강아지도 사람과 감정을 공유하네요. 위로 정말 많이 받으셨겠어요. 저도 이야기 듣는데 뭉클하네요.	N	2022-10-17 07:35:52	2022-11-08 06:38:26
BE22030772	11	0	퇴근하면 많이 안아주고 보듬어주고 사랑해줘야겠어요. 들어주셔서 너무 감사해요. 덕분에 마음이 좀 개운해졌어요.	N	2022-10-17 07:35:52	2022-11-08 06:38:26
BE22030772	12	1	아니에요. 제가 조금이나마 위로가 되었다면 다행이죠. 마음 굳게 먹으시고 강아지와 같이 좋은 시간 보내셨으면 좋겠어요.	N	2022-10-17 07:35:52	2022-11-08 06:38:26
BE22030772	13	0	네. 오늘은 유모차 태워서 산책도 하러 나가고 사진도 많이 찍어 두려고요. 다음에 사진 보여드릴게요.	N	2022-10-17 07:35:52	2022-10-17 07:35:52
BE22030772	14	1	너무 좋죠. 사진 기대하고 있을게요. 기운 내시고 다음에 또 연락해요.	N	2022-10-17 07:35:52	2022-10-17 07:35:52
BE22030772	15	0	덕분에 좀 기운이 납니다. 위로 정말 감사합니다.	Y	2022-10-17 07:35:52	2022-11-08 06:38:26
