id	utterance_id	utterance_type	utterance_text	terminate	regDate	updDate
BE22023376	1	0	어제 간만에 동창회 나갔다가 엄청 상처 받고 돌아왔어.	N	2022-10-02 09:01:33	2022-10-02 09:01:33
BE22023376	2	1	왜, 친구랑 싸우기라도 했나?	N	2022-10-02 09:01:33	2022-10-02 09:01:33
BE22023376	3	0	내가 사람들과의 관계에 신경을 쓰는 편이잖아. 늘 좋은 말만 하고 좋은 인상만 주고 싶고. 그런데 친구 눈엔 그게 너무 심해서 병적으로 보인다네.	N	2022-10-02 09:01:33	2022-10-02 09:01:33
BE22023376	4	1	감정화자씨는 원만한 관계 유지를 위해서 그러는 거잖아. 그런데 갑자기 그런 말 듣게 되면 엄청 충격에 휩싸였겠어.	N	2022-10-02 09:01:33	2022-11-08 05:54:02
BE22023376	5	0	맞아, 근데 그 말을 들으니 정말 내가 좋은 관계 강박이 있나 싶고. 내 안에서 자꾸 문제를 찾게 돼.	N	2022-10-02 09:01:33	2022-10-02 09:01:33
BE22023376	6	1	친구 말투가 혹독한 비난이었어? 오랜 친구한테 그런 취급을 받았으니 정말 아찔했겠다.	N	2022-10-02 09:01:33	2022-11-08 05:54:02
BE22023376	7	0	나름 충심 어린 조언이라고 해주는 말이라더라. 그동안 모든 모임에서 내가 감초나 윤할유 같은 역할이라 뿌듯하다고 여겼거든. 객관적으로는 그렇게 보인다는 게 당혹스러워.	N	2022-10-02 09:01:33	2022-10-02 09:01:33
BE22023376	8	1	우리 동기들 사이에서도 감정화자씨 역할이 정말 중요하고 난 좋기만 하던데. 그 친구가 너무 앞서서 염려하는 걸 수도 있다고 생각해. 크게 상처 받을 일은 아니라고 여겨지는걸.	N	2022-10-02 09:01:33	2022-11-08 05:54:02
BE22023376	9	0	공감화자씨처럼 생각해주는 사람들이 많으면 좋겠네. 하지만 진짜로 내가 모든 상황을 좋게 마무리하려는 걸 못마땅해 하는 사람도 있을 것 같아. 좋은 인상 남긴답시고 마냥 참기도 하니까.	N	2022-10-02 09:01:33	2022-11-08 05:54:02
BE22023376	10	1	사람마다 생각이 다르니 그리 생각하는 사람도 있겠지. 그런데 내 눈엔 배려심과 이해심이 클 뿐 좋은 관계 강박으론 안 보여. 대다수는 나처럼 생각할 거야.	N	2022-10-02 09:01:33	2022-11-08 05:54:02
BE22023376	11	0	그렇게 봐줘서 고마워. 곰곰이 생각해보면 정말로 강박적으로 좋은 인상에 매달리는 것도 같거든. 친구 말이 대부분 맞을지도 몰라.	N	2022-10-02 09:01:33	2022-11-08 05:54:02
BE22023376	12	1	회사에서보다 친구들 사이에서 모습이 좀 더 다를 수 있겠다. 다른 친구들한테도 물어보면 더 알 수 있지 않을까? 진짜로 그렇게 안타까워 보일 정도인지 말이야.	N	2022-10-02 09:01:33	2022-11-08 05:54:02
BE22023376	13	0	좋은 생각이네. 이렇게 인간 관계에 관해서 들은 말로도 깊은 상처가 느껴지니 고민은 해봐야겠어.	N	2022-10-02 09:01:33	2022-11-08 05:54:03
BE22023376	14	1	감정화자씨 같은 사람은 모든 모임에 꼭 필요한 사람이야. 하지만 스스로는 스트레스가 많을 것 같긴 해. 친구도 애정어린 마음으로 그런 말을 했을 테니 좀 더 고민해 봐.	Y	2022-10-02 09:01:33	2022-11-08 05:54:03
