id	utterance_id	utterance_type	utterance_text	terminate	regDate	updDate
BE22024608	1	0	공감화자님, 저 지난주에 회식 자리에서 너무 상처를 받아서 여전히 괴로워요. 부장님께서 취하셔서는 제가 먹는 걸로 너무 유난 떠는 게 늘 눈에 거슬렸다고 꾸짖으셨거든요. 제가 혈당이 높아서 식이 조절 중인데 그걸 가지고 뭐라고 하시니 너무 서러웠고 상처 받았어요.	N	2022-10-05 17:38:06	2022-11-08 06:01:18
BE22024608	2	1	감정화자님께서 정말 속상하고 괴로우실 만한 사건이네요. 부장님께서도 참 속사정을 잘 모르시면서 한소리 하셨군요. 잘 모르고 실수하신 거겠지만 그 말을 듣는 감정화자님의 마음은 얼마나 아프셨겠어요.	N	2022-10-05 17:38:06	2022-11-08 06:01:18
BE22024608	3	0	부장님께서 제가 혈당 문제가 있다는 걸 들으시고도 떨떠름한 반응이셨어요. 당뇨인 거냐고 물으셨는데 아직 당뇨까지는 아니라고 했거든요. 당뇨 전단계도 위험한 건데 당뇨가 아니라고 하니 별로 큰 일이 아니라 여기시나 봐요.	N	2022-10-05 17:38:06	2022-10-05 17:38:06
BE22024608	4	1	건강에 있어서는 철두철미해야 하는 건데 남의 일이라고 대수롭지 않게 여기는 듯 느껴지셨겠어요. 그러니 얼마나 서운하고 서러울까요. 충분히 감정화자님께서 상처 받을 일이라고 생각되어요.	N	2022-10-05 17:38:06	2022-11-08 06:01:19
BE22024608	5	0	중요한 것은 그 자리에 있던 누구도 나서서 제 편을 들어주지 않았단 거예요. 저 혼자 이상한 사람이 된 것 같은 기분에 상처를 받았고 너무 괴로웠어요.	N	2022-10-05 17:38:06	2022-10-05 17:38:06
BE22024608	6	1	아무래도 부장님의 말이라서 아무도 나서기 힘들었나 봐요. 그래도 감정화자님 입장에서는 누구라도 나서주기를 바라셨을 테지요. 홀로 비난 받는 느낌은 참 슬프고 괴로운데 감정화자님께서 많이 속상하셨겠어요.	N	2022-10-05 17:38:06	2022-11-08 06:01:19
BE22024608	7	0	그날 회식 자리에서도 흰 밥을 반절 정도 남겼는데 눈치를 주시더라고요. 흰 밥이 혈당을 빠르게 높여서 피해야 하는데 말이에요. 그래서 참 서럽고 상처가 컸어요.	N	2022-10-05 17:38:06	2022-11-08 06:01:19
BE22024608	8	1	그렇게 먹는 것 하나 하나 지적받으면 사람이 참 위축되고 울고 싶어지죠. 그렇게 힘든 시간을 보냈으니 얼마나 수고로우셨겠어요. 아직까지 괴로워하시니 저도 참 안타깝네요.	N	2022-10-05 17:38:06	2022-11-08 06:01:19
BE22024608	9	0	그날 이후로는 다른 사람들이 다 제가 유난스럽고 까다로운 사람인 듯 생각할까 너무 걱정스러워요. 상처가 커서 자꾸 눈치를 보게 되고 위축이 되네요. 다른 사람들도 부장님과 같은 의견이라서 나서지 않은 걸까 봐 괴로워요.	N	2022-10-05 17:38:06	2022-10-05 17:38:06
BE22024608	10	1	다른 사람들이 부장님께 반기를 들기 어려워서 그렇지 다들 감정화자님의 입장에 공감하고 계실 거예요. 속으로는 그렇게 생각해도 차마 입 밖으로 꺼내지 못하는 상황이 있잖아요. 감정화자님의 평소 평판이 워낙 좋으니 모두들 감정화자님의 편일 게 분명하니까 너무 걱정 말아요.	N	2022-10-05 17:38:06	2022-11-08 06:01:19
BE22024608	11	0	혈당이 높은 것이 제가 원해서 그런 것도 아니잖아요. 건강이 나쁘고 싶어서 나쁜 사람이 어디 있겠어요. 걱정해주기를 바라지도 않지만 적어도 비난은 받지 않기를 바랐어요.	N	2022-10-05 17:38:06	2022-10-05 17:38:06
BE22024608	12	1	당연히 건강에 대한 것으로 꾸지람을 들어서는 안 되는 거라고 저도 동의해요. 감정화자님의 의견이 지극히 타당하고 그래서 감정화자님의 감정도 너무나 옳고 당연하다고 생각해요. 그렇지만 이제 지난 일이니 이만 털어내고 부정적인 감정을 보내주는 건 어떨까요?	N	2022-10-05 17:38:06	2022-11-08 06:01:19
BE22024608	13	0	지난 일에 대한 악감정을 계속 품고 있으면 제 마음만 더 무겁고 어두워지겠지요. 공감화자님의 의견이 맞는 것 같아요. 저도 이제 그만 이 상처를 키우지 말아야겠어요.	N	2022-10-05 17:38:06	2022-10-05 17:38:06
BE22024608	14	1	제게 이렇게 고민을 말헤주셔서 고마워요. 그만큼 저를 믿어주신다는 뜻이니까요. 앞으로도 언제든 고민이 있으시면 찾아주세요.	Y	2022-10-05 17:38:06	2022-11-08 06:01:19
