id	utterance_id	utterance_type	utterance_text	terminate	regDate	updDate
BE22024903	1	0	제가 요즘 간헐적 단식에 빠져서 열심히 하고 있는데 친구가 바뀐 게 없는 것 같대요. 제 노력이 짓밟힌 것 같아서 정말 상처가 되었어요. 전 정말 열심히 했는데 너무 억울해요.	N	2022-10-06 11:01:22	2022-10-06 11:01:22
BE22024903	2	1	그런 일이 있으셨군요. 정말 제가 다 속상하네요. 대리님이 얼마나 열심히 하시는데 그걸 몰라주다니 너무 안타까워요.	N	2022-10-06 11:01:22	2022-11-08 06:03:02
BE22024903	3	0	정말 먹고 싶은 것도 안 먹고 힘들게 하고 있거든요. 저런 말을 들으니 온몸에 힘이 쭉 빠지는 기분이에요. 마음에 상처가 너무 크게 남을 것 같네요.	N	2022-10-06 11:01:22	2022-11-08 06:03:02
BE22024903	4	1	누구라도 자신의 노력이 부정당하는 말을 들으면 많이 속상했을 거예요. 특히 대리님의 노력은 제가 잘 아니까 더 안타깝네요. 너무 상처받지 마세요. 적어도 저는 대리님의 노력을 그 누구보다 잘 알아요.	N	2022-10-06 11:01:22	2022-11-08 06:03:02
BE22024903	5	0	친구 말을 들으니 어차피 변한 것도 없는데 이걸 계속해야 하느냐는 생각이 들어요. 너무 상처가 되어서 잘 해보려는 저의 의지마저 꺾인 것 같은 기분이에요. 저도 변화가 더디다는 걸 잘 알고 있거든요.	N	2022-10-06 11:01:22	2022-11-08 06:03:02
BE22024903	6	1	힘내세요 다른 사람의 의견이 뭐가 중요하겠어요! 다른 사람이 뭐라 해도 자신을 믿고 끝까지 포기하지 않으면 분명 성공하실 거예요. 저도 곁에서 끝까지 응원할게요!	N	2022-10-06 11:01:22	2022-11-08 06:03:02
BE22024903	7	0	아무리 생각해도 친구의 말이 맞는 것 같거든요. 이미 꺾여버린 저의 의지와 식어버린 열정을 어떻게 다시 살리겠어요. 깊게 파인 이 상처가 아물 수 있을지 모르겠어요.	N	2022-10-06 11:01:22	2022-10-06 11:01:22
BE22024903	8	1	친한 친구의 말이라 더 진심으로 다가오셨던 것 같아요. 그래도 간헐적 단식을 처음 시작하던 날의 그 열정을 다시 떠올려 보세요! 처음 가지셨던 그 열정을 다시 생각하시면 분명 성공하실 거예요!	N	2022-10-06 11:01:22	2022-11-08 06:03:02
BE22024903	9	0	다시 타오를 불씨가 남아 있을지도 모르겠네요. 친한 친구에게 그런 말을 할 정도면 제가 열심히 하지 않은 것 같아서요.	N	2022-10-06 11:01:22	2022-11-08 06:03:02
BE22024903	10	1	제가 본 어느 사람보다 열심히 하셨던 분이 바로 대리님이세요. 힘들어도 지치지 않고 본인의 목표를 향해 달려가는 모습은 많은 회사 동료들에게 큰 영감을 주었거든요. 대리님은 제가 정말 존경하고 닮고 싶은 의지와 열정을 가지신 분이세요.	N	2022-10-06 11:01:22	2022-10-06 11:01:22
BE22024903	11	0	이런 과분한 칭찬을 해주시다니 정말 감사해요. 덕분에 초심을 되찾을 수 있을 것 같아요. 정말 감사해요 이 은혜 잊지 않을게요.	N	2022-10-06 11:01:22	2022-10-06 11:01:22
BE22024903	12	1	제가 존경하는 분의 열정을 되찾아 드렸다는 것만으로도 저는 뿌듯해요. 꼭 성공해서 친구에게 대리님의 진가를 보여주세요!	N	2022-10-06 11:01:22	2022-11-08 06:03:02
BE22024903	13	0	제 의지를 의심했던 친구에게 증명할 때가 온 것 같아요. 제가 얼마나 열심히 노력하고 있는지 말이에요. 저에게 다시 열정을 불어넣어 주셔서 정말 감사해요.	N	2022-10-06 11:01:22	2022-10-06 11:01:22
BE22024903	14	1	꼭 성공해서 확 달라지신 모습 보여주세요! 멀리서라도 항상 응원할게요!	Y	2022-10-06 11:01:22	2022-11-08 06:03:02
