id	utterance_id	utterance_type	utterance_text	terminate	regDate	updDate
BE22022104	1	0	동기야, 나 당황하는 게 습관이라 고치고 싶어. 그게 잘 안돼. 그래서 너무 상처가 돼.	N	2022-09-27 15:02:57	2022-09-27 15:02:57
BE22022104	2	1	그래? 동기야, 네가 그걸 크게 느끼는 줄 충분히 알아차리지 못 했어. 네가 그렇게 어려워 하는 이유가 있니? 괜찮다면 더 들려 줄 수 있을까?	N	2022-09-27 15:02:57	2022-11-08 05:46:32
BE22022104	3	0	나는 숨기는 것도 없는데 누가 갑자기 말을 걸면 당황해. 내 연인한테 얘기를 꺼내봤는데 너 그거 정신질환과 연결되어 있을 수 있다고 말하더라. 그 말이 왜이렇게 상처가 되는지 모르겠어.	N	2022-09-27 15:02:57	2022-09-27 15:02:57
BE22022104	4	1	아 그랬구나. 네가 가지고 있는 성격이 질병으로 취급된다니 마음이 아플 거 같아. 네가 가진 부분이 인정받을 수 없는 일이라는 거잖아. 내가 잘 모르지만 정신적인 부분은 누구라도 함부로 얘기하기엔 조심스런 부분인 것 같아 걱정이다.	N	2022-09-27 15:02:57	2022-11-08 05:46:32
BE22022104	5	0	내가 이런 성격이 된 것이 어렸을 때 겪었던, 부모님의 싸움 때문이 아닐까 해. 어릴 때 그런 일들을 많이 보면 이런 당황감을 잘 느끼는 성격이 된다고 들었거든. 나는 그래서 부모님으로부터 받았던 상처가 아직까지도 계속 되는 거 같아서 속상해.	N	2022-09-27 15:02:57	2022-09-27 15:02:57
BE22022104	6	1	동기야, 어린 시절을 우리가 선택할 수 없잖아. 너의 안타까운 이야기가 다만 계속되지 않기를 바라. 너의 성격이 너의 과거 때문이라고 하는데 그게 너의 미래를 결정하지 않았으면 좋겠어.	N	2022-09-27 15:02:57	2022-11-08 05:46:32
BE22022104	7	0	나는 내 상처를 극복하려고 노력도 하는데 사람들이 그런 나를 보고 비웃으니까 싫어. 그 사람들의 모습이 잘때마다 떠올라. 나는 이 지속되는 괴로움을 고치고 싶을 뿐이야.	N	2022-09-27 15:02:57	2022-09-27 15:02:57
BE22022104	8	1	네가 노력하는 일들이 나는 잘 모르지만 분명 의미가 있을 거라 생각해. 우리가 없는 것을 만들 거나 있는 것을 지울 수 없지만 바꿀 수 있어. 나는 네가 이렇게 아픈데도 노력하는 그 마음이 얼마나 버거울지 몰라도 대단하다고 느껴.	N	2022-09-27 15:02:57	2022-11-08 05:46:32
BE22022104	9	0	나는 이 어려움을 이겨내고 싶은데 사람들이 계속 심각하게 반응하니까 더 심해지는 거 같아. 그게 너무 아파. 나를 외롭게 만들어서 위축되게 해.	N	2022-09-27 15:02:57	2022-09-27 15:02:57
BE22022104	10	1	맞아 누군가 나를 불편한 시선으로 바라본다면 그럴 거 같아. 네가 노력하는 만큼 다른 사람들도 받아들이고 이해하길 원하는 마음이었을 텐데. 네 아픔은 다 모르지만 네 잘못은 아니라는 거 아니까 우리 동료들만큼은 더 믿어 줘.	N	2022-09-27 15:02:57	2022-11-08 05:46:32
BE22022104	11	0	그게 쉬운 일은 아닐 거 같기는 해. 그렇지만 한번 시도 하도록 노력해 볼게. 나를 많이 도와줘.	N	2022-09-27 15:02:57	2022-11-08 05:46:32
BE22022104	12	1	네가 괜찮은 만큼 도와주고 싶어. 나는 너와 어려움을 함께 해쳐나가는 동료잖아. 우리의 일 뿐만 아니라 마음도 나눌 수 있는 동료가 됐으면 좋겠어.	N	2022-09-27 15:02:57	2022-11-08 05:46:32
BE22022104	13	0	그래, 네가 그렇게 얘기하니 믿어 볼래. 고마워 한번 해 볼게.	N	2022-09-27 15:02:57	2022-11-08 05:46:32
BE22022104	14	1	네가 가진 아픔 함께 해봐도 괜찮다면 우리 같이 노력해 보자. 나도 네 옆에 항상 있을게. 어려운 얘기 해 줘서 고마워.	Y	2022-09-27 15:02:57	2022-11-08 05:46:32
