id	utterance_id	utterance_type	utterance_text	terminate	regDate	updDate
BE22000426	1	0	여행 마치고 공항으로 가는 중이에요. 원래 제주도 날씨는 변화무쌍해서 잠깐 맑고 대부분은 흐리다는데 돌아가는 날까지 화창하네요.	N	2022-06-13 02:21:16	2022-11-08 03:27:02
BE22000426	2	1	회사 휴가 내고 제주도라니 정말 부러워요. 4박 5일 내내 화창하기 참 어렵다고 하는데 대리님 복 받았나 봐요.	N	2022-06-13 02:21:16	2022-11-08 03:27:02
BE22000426	3	0	저는 학창 시절 내내 징크스 같은 게 있었어요. 소풍 날 꼭 비가 와 연기되거나 취소되거나 했어요.	N	2022-06-13 02:21:16	2022-11-08 03:27:02
BE22000426	4	1	어린 마음에 소풍 날만 기다렸을 텐데 얼마나 슬펐을까요?	N	2022-06-13 02:21:16	2022-11-08 03:27:02
BE22000426	5	0	소풍 전날 밤 기도까지 했다니까요. 그런데 번번이 비가 오니까 아예 체념하게 됐어요.	N	2022-06-13 02:21:16	2022-11-08 03:27:02
BE22000426	6	1	얼마나 실망했으면 체념까지 하게 됐을까요. 지금 생각해도 안타깝네요.	N	2022-06-13 02:21:16	2022-11-08 03:27:02
BE22000426	7	0	바쁜 와중에 여행 계획 짤 때 또 비가 와 여행 망칠지도 모른다는 생각에 좀 불안했거든요.	N	2022-06-13 02:21:16	2022-11-08 03:27:02
BE22000426	8	1	그래서 여행간다는 대리님의 밝은 얼굴이 아니었군요. 저는 일이 너무 바빠 여행이 내키지 않나 싶었거든요.	N	2022-06-13 02:21:16	2022-11-08 03:27:02
BE22000426	9	0	그런데 이렇게 아름다운 자연환경과 환한 햇살 아래서 여행하니 얼마나 행복한지 모르겠어요. 축복받은 느낌이에요.	N	2022-06-13 02:21:16	2022-11-08 03:27:02
BE22000426	10	1	정말 그랬겠어요. 세상이 너를 위해 존재하는 듯한 느낌이 들었겠어요.	N	2022-06-13 02:21:16	2022-11-08 03:27:02
BE22000426	11	0	이제 나한테 징크스 같은 건 없다는 생각이 들어 더 감사한 마음이에요.	N	2022-06-13 02:21:16	2022-11-08 03:27:02
BE22000426	12	1	안 좋은 일이 반복적으로 생기면 그런 마음이 들 수 있어요. 한데 대리님이 거기에 사로잡히지 않고 긍정적 마음을 갖게 된 게 무엇보다 기뻐요.	N	2022-06-13 02:21:16	2022-11-08 03:27:02
BE22000426	13	0	앞으로 분명 흐린 날도 있을 테고 비가 오는 날도 있겠지요. 기분이 처지는 날에는 이번 여행에서 누린 행복감과 화창한 날을 떠올릴 거예요.	N	2022-06-13 02:21:16	2022-11-08 03:27:02
BE22000426	14	1	그러면 늘 웃는 날만 이어지겠네요. 대리님은 늘 행복한 사람이 되는 거지요.	N	2022-06-13 02:21:16	2022-11-08 03:27:02
BE22000426	15	0	제주도에서 사온 선물은 출근하자마자 드릴게요.	Y	2022-06-13 02:21:16	2022-11-08 03:27:02
