id	utterance_id	utterance_type	utterance_text	terminate	regDate	updDate
BE22011754	1	0	여름휴가에 어디를 갈지 즐거운 고민 시작이네요. 생각만 해도 신이 나요.	N	2022-07-26 04:34:00	2022-11-08 04:39:57
BE22011754	2	1	맞아요. 힘들게 일하다가 휴식 취할 걸 생각하면 정말 기분이 좋아져요. 어디로 가실 계획이세요?	N	2022-07-26 04:34:00	2022-11-08 04:39:57
BE22011754	3	0	평소에는 도시에서 생활하니까 이곳과는 전혀 다른 곳으로 가고 싶어요.	N	2022-07-26 04:34:00	2022-11-08 04:39:57
BE22011754	4	1	어디로 가면 일상에서 탈출한 기분이 들까요? 그런 곳으로 가는 상상만 해도 저도 즐거워지네요.	N	2022-07-26 04:34:00	2022-11-08 04:39:57
BE22011754	5	0	생각해봤는데, 가고 싶은 곳들의 공통점이 나무나 꽃 같은 자연이 많은 곳이더라고요. 그래서 자연을 즐길 수 있는 곳 위주로 찾아보고 있어요.	N	2022-07-26 04:34:00	2022-11-08 04:39:57
BE22011754	6	1	굉장히 좋은 생각이시네요. 나무와 꽃에 둘러싸여서 쉬는 모습이 상상이 돼요. 저도 그런 곳으로 가고 싶어져요.	N	2022-07-26 04:34:00	2022-11-08 04:39:57
BE22011754	7	0	아무래도 휴식을 취하러 가는 거니까 시설도 깨끗하면서 자연과도 가까운 곳이 좋을 것 같아요. 생각보다 그런 곳이 많아서 목록으로 정리해야 할 정도예요.	N	2022-07-26 04:34:00	2022-11-08 04:39:57
BE22011754	8	1	하하하, 정말 즐거운 고민이시겠네요. 장소를 볼 때마다 그곳에 있는 상상을 하게 되잖아요. 이미 거기에서부터 힐링하고 계신 것 같네요.	N	2022-07-26 04:34:00	2022-11-08 04:39:57
BE22011754	9	0	네, 정말 그래요. 아직 가기 전인데 이제는 나무나 꽃만 봐도 신이 나고 즐거워져요.	N	2022-07-26 04:34:00	2022-11-08 04:39:57
BE22011754	10	1	즐거워하시는 모습이 상상이 되네요. 저도 덩달아 신이 나요. 참 휴가지에서 완전히 새로운 스타일을 시도해 보는 것도 또 다른 즐거움을 주지 않을까요?	N	2022-07-26 04:34:00	2022-11-08 04:39:57
BE22011754	11	0	와, 좋은 생각이시네요. 그 말씀을 들으니 더 빨리 가고 싶어지네요. 정말 제대로 일상탈출 한 기분이 들 것 같아요.	N	2022-07-26 04:34:00	2022-11-08 04:39:57
BE22011754	12	1	일상탈출이라는 그 단어가 정말 딱 맞는 것 같아요. 완전히 새로운 곳에 있는 또 다른 내 모습은 상상하기만 해도 자유로워지는 기분이 드네요. 그보다 더 좋을 수는 없을 것 같아요.	N	2022-07-26 04:34:00	2022-11-08 04:39:57
BE22011754	13	0	그 말씀을 들으니 기분이 좋다 못해 하늘로 붕 떠서 날아갈 것 같네요. 어떻게 기다리나 싶어요.	N	2022-07-26 04:34:00	2022-11-08 04:39:57
BE22011754	14	1	즐거워하시니까 저도 덩달아 신이 나네요. 감정화자님과 대화하다 보니 저도 나무나 꽃 같은 자연이 있는 곳으로 가고 싶어지네요.	N	2022-07-26 04:34:00	2022-11-08 04:39:57
BE22011754	15	0	그러시군요. 그렇다면 제가 찾은 정보 공유해 드릴게요! 서로 다른 곳으로 가게 되면 다녀와서 이야기 나눠도 즐거울 것 같아요!	Y	2022-07-26 04:34:00	2022-11-08 04:39:57
