id	utterance_id	utterance_type	utterance_text	terminate	regDate	updDate
BE22009806	1	0	공감화자님 정말 감사합니다. 이렇게까지 챙겨주실 줄은 몰랐어요.	N	2022-07-18 07:41:24	2022-11-08 04:27:34
BE22009806	2	1	별거 아닌데 좋아해 줘서 고마워요. 작업하느라 손이 많이 거칠어졌을 것 같아서 준비했어요.	N	2022-07-18 07:41:24	2022-11-08 04:27:34
BE22009806	3	0	정말요? 아무도 모르는 줄 알았는데 신경 써 주셔서 감사해요. 그렇지 않아도 다른 직원분들도 모두 핸드크림을 사주셔서 5개나 됐지 뭡니까. 하하.	N	2022-07-18 07:41:24	2022-11-08 04:27:34
BE22009806	4	1	아이고. 그럴 줄 알았으면 다른 걸 살 걸 그랬어요. 다른 직원들도 감정화자님의 손을 지켜봤나 보군요.	N	2022-07-18 07:41:24	2022-11-08 04:27:34
BE22009806	5	0	네, 그래서 더욱 뭉클했어요. 기분이 5배로 좋아졌습니다.	N	2022-07-18 07:41:24	2022-11-08 04:27:34
BE22009806	6	1	힘든 일, 거친 일은 제일 먼저 손수 해내는 감정화자님에 대한 직원들의 칭찬이 이만저만이 아닙니다.	N	2022-07-18 07:41:24	2022-11-08 04:27:34
BE22009806	7	0	모두 공감화자님 덕분이지요. 자상하게 가르쳐주셔서 인정받게 해주신 것 정말 감사드려요.	N	2022-07-18 07:41:24	2022-11-08 04:27:34
BE22009806	8	1	타지에 와서 혼자서 지내기 힘들 텐데, 늘 웃는 모습으로 일하는 것이 정말 보기 좋아요.	N	2022-07-18 07:41:24	2022-11-08 04:27:34
BE22009806	9	0	그렇게까지 신경 써주시니 몸 둘 바를 모르겠어요.	N	2022-07-18 07:41:24	2022-11-08 04:27:34
BE22009806	10	1	작은 것에도 이렇게 기뻐해 주니 내 마음도 좋아요. 이런 인재가 우리 회사 있다는 게 나는 너무 든든합니다.	N	2022-07-18 07:41:24	2022-11-08 04:27:34
BE22009806	11	0	회사의 모든 분께서 잘 챙겨주셔서 그래요. 사회생활이니 불만도 있지만 좋은 점들이 훨씬 많아요. 그래서 잘 지내고 있고요.	N	2022-07-18 07:41:24	2022-11-08 04:27:34
BE22009806	12	1	그렇게 생각해준다면 정말 고맙지요. 언제나 우리에게 긍정의 에너지를 불어 넣어줘서 정말 고마워요.	N	2022-07-18 07:41:24	2022-11-08 04:27:34
BE22009806	13	0	이 핸드크림 꼼꼼히 바르고 더 열심히 일하겠습니다.	N	2022-07-18 07:41:24	2022-11-08 04:27:34
BE22009806	14	1	우리 앞으로도 계속 잘해봐요. 지금 이 마음 계속 이어갈 수 있게 나도 노력할게요.	Y	2022-07-18 07:41:24	2022-11-08 04:27:34
