id	utterance_id	utterance_type	utterance_text	terminate	regDate	updDate
BE22012765	1	0	요즘 우리 딸이 얼마나 귀여운지 몰라요. 말을 배우기 시작하더니 자기 생각을 마음껏 표현하는 모습이 정말 사랑스러워요!	N	2022-08-01 14:37:57	2022-11-08 04:46:17
BE22012765	2	1	어머, 정말요? 대리님 아이가 이제 네 살이 되었죠?	N	2022-08-01 14:37:57	2022-11-08 04:46:17
BE22012765	3	0	맞아요. 아직 길게 말하지는 못하지만 자기 의사를 확실하게 표현하는 거 있죠? 주말에 바다로 놀러 갔는데 딸이 구명조끼를 입지 않겠다고 고집을 부리는 모습조차 사랑스러웠어요.	N	2022-08-01 14:37:57	2022-11-08 04:46:17
BE22012765	4	1	하하, 작고 소중한 아이가 자신의 생각을 말하는 모습이 정말 귀여웠겠어요. 사랑하는 아이의 모든 행동은 다 예쁘게 보이기 마련이죠.	N	2022-08-01 14:37:57	2022-11-08 04:46:17
BE22012765	5	0	안전을 위해서 구명조끼를 입어야 한다고 말하니까 두 손을 허리가 척 올리더니, 고개를 젓더라고요. 만화 캐릭터처럼 앙증맞게 행동하는 그 모습이 얼마나 예뻤는지 몰라요. 저도 모르게 웃음이 터져서 아이랑 같이 한참을 웃고 말았다니까요.	N	2022-08-01 14:37:57	2022-11-08 04:46:17
BE22012765	6	1	그 상황이 얼마나 재밌었을지 상상이 가요. 대리님의 마음이 무슨 마음인지 알겠어요. 저도 아이가 하는 모든 행동들이 대견하게만 느껴지거든요.	N	2022-08-01 14:37:57	2022-11-08 04:46:17
BE22012765	7	0	딸이 언제 이렇게 컸나 싶었어요. 잘 자라주어서 고맙기도 하고, 그런 순간조차 아이와의 즐거운 추억으로 남길 수 있어서 기뻤어요.	N	2022-08-01 14:37:57	2022-11-08 04:46:17
BE22012765	8	1	저도 아이가 어렸을 때 대리님과 같은 마음으로 나날을 보냈던 것 같아요. 가장 예쁠 나이가 딱 그때잖아요. 소중한 시기에 아이와 추억을 만들려는 대리님의 모습이 참 보기 좋아요.	N	2022-08-01 14:37:57	2022-11-08 04:46:17
BE22012765	9	0	바다에서 놀기 위해서는 구명조끼를 입어야 한다고 잘 설명해주었더니 고개를 끄덕이며 제 말에 따르는 모습도 귀여웠어요. 시간을 붙잡아두고 싶을 만큼 즐거운 시간이었어요. 딸과 함께 멋진 추억을 많이 만들어야겠다고 다짐하는 순간이었죠.	N	2022-08-01 14:37:57	2022-11-08 04:46:17
BE22012765	10	1	대리님처럼 자녀와의 추억을 소중하게 생각하는 분이야말로 정말 좋은 부모라고 생각해요. 아이와 함께 보내는 시간을 모두 기억하려고 노력하는 모습을 본받고 싶어요. 훗날 아이가 크면 대리님처럼 좋은 부모님이 곁에 있다는 사실에 매우 행복할 거예요.	N	2022-08-01 14:37:57	2022-11-08 04:46:17
BE22012765	11	0	그렇게 말씀해 주셔서 감사해요. 아이와 보내는 모든 순간을 소중히 여길 뿐인데 과분한 칭찬을 들었네요. 앞으로도 아이에게 넘치는 사랑을 주는 부모가 되고 싶어요.	N	2022-08-01 14:37:57	2022-11-08 04:46:17
BE22012765	12	1	대리님이라면 분명 좋은 부모님이 되어주실 거예요. 대리님은 마음이 선하고 따뜻한 분이시잖아요. 저는 언제나 대리님의 선한 영향력을 응원해왔답니다.	N	2022-08-01 14:37:57	2022-11-08 04:46:17
BE22012765	13	0	정말 큰 힘이 되는 말이네요. 제 말에 언제나 귀 기울여줘서 얼마나 고마운지 몰라요. 덕분에 기분이 참 좋아졌어요.	N	2022-08-01 14:37:57	2022-11-08 04:46:17
BE22012765	14	1	저야말로 대리님의 이야기를 들으며 긍정적인 에너지가 가득 생겼는걸요. 앞으로도 대리님의 행복한 이야기를 많이 공유해주세요!	Y	2022-08-01 14:37:57	2022-11-08 04:46:17
