id	utterance_id	utterance_type	utterance_text	terminate	regDate	updDate
BE22007605	1	0	엄청난 일이 일어났어요, 이번 프로젝트에서 제가 낸 기획안이 모두 채택되었어요!	N	2022-07-10 14:47:12	2022-11-08 04:13:24
BE22007605	2	1	와 정말 대단한데? 입사 1년 만에 이런 일이 일어나다니, 천재였던 거야?	N	2022-07-10 14:47:12	2022-11-08 04:13:24
BE22007605	3	0	정말 떨렸거든요, 운이 좋았던 것 같아요. 어제 좋은 꿈도 꿨구요.	N	2022-07-10 14:47:12	2022-11-08 04:13:24
BE22007605	4	1	내가 지난 몇 달 동안 얼마나 노력했는지 아는데 운이라니, 너무 겸손한 거 아니야? 그동안 하루에 몇 시간이나 잔 거야?	N	2022-07-10 14:47:12	2022-11-08 04:13:24
BE22007605	5	0	거의 석 달 동안, 4시간 이상 잠을 잔 적이 없어요, 능력이 없으니 노력이라도 한 거죠.	N	2022-07-10 14:47:12	2022-11-08 04:13:24
BE22007605	6	1	재능이 없는 사람의 기획안을 모두 채택했다니, 조직이 그렇게 허술한 줄 알아? 난 입사 때부터 범상치 않다고 느꼈지, 역시 내 선구안이 맞았어. 대단한 후배였네.	N	2022-07-10 14:47:12	2022-11-08 04:13:24
BE22007605	7	0	너무 비행기 태우지 마세요, 떨어지겠어요. 그래도 기분은 좋네요.	N	2022-07-10 14:47:12	2022-11-08 04:13:24
BE22007605	8	1	학교 다닐 때도 경쟁사 프로젝트에 참여했었다면서, 그때부터 능력을 인정받았 던 거야? 우리 회사가 운이 좋았네. 이런 인재를 뽑다니.	N	2022-07-10 14:47:12	2022-11-08 04:13:24
BE22007605	9	0	저 보다 더 좋아해 주시는 것 같아서, 마음이 따뜻해져요. 이렇게 사랑받고 있었네요.	N	2022-07-10 14:47:12	2022-11-08 04:13:24
BE22007605	10	1	기쁘지, 내가 채택된 거 같은 기분이야. 열심히 노력하고 성과를 내는 모습은 옆에서 보는 것만으로도 좋은 일이야.	N	2022-07-10 14:47:12	2022-11-08 04:13:24
BE22007605	11	0	우리 회사에 들어오길 잘한 거 같아요, 인정받는다는 게 이렇게 좋은 거군요.	N	2022-07-10 14:47:12	2022-11-08 04:13:24
BE22007605	12	1	참, 아까 꿈 얘기 했었지? 어떤 꿈을 꾼 거야? 갑자기 궁금하네.	N	2022-07-10 14:47:12	2022-11-08 04:13:24
BE22007605	13	0	무지개를 봤어요, 아주 선명한 무지개가 떴더라구요. 꿈속에서도 기분이 좋았어요.	N	2022-07-10 14:47:12	2022-11-08 04:13:24
BE22007605	14	1	행운의 상징이었네, 앞으로도 회사를 위해서, 자신을 위해서 함께 노력해 보자고. 혹시 알아? 사장까지 진급할지. 우리 둘 다 파이팅하자고!	N	2022-07-10 14:47:12	2022-11-08 04:13:24
BE22007605	15	0	예, 감사합니다, 더 열심히 하겠습니다!	Y	2022-07-10 14:47:12	2022-11-08 04:13:24
