id	utterance_id	utterance_type	utterance_text	terminate	regDate	updDate
BE22017048	1	0	드디어 제가 빚을 다 갚고 신용불량에서 벗어났어요, 그동안 진짜 힘들었거든요. 이제는 마음 편히 먹고 어깨 펴고 당당하게 살 수 있을 것 같아서 매우 기뻐요.	N	2022-09-04 08:29:05	2022-11-08 05:12:59
BE22017048	2	1	오랜 시간 감정화자님이 불편하게 생활하시는 걸 보면서 저도 마음이 안 좋았는데, 기뻐하시는 모습을 보니 정말 기분이 좋네요. 고생 많으셨어요, 축하드립니다.	N	2022-09-04 08:29:05	2022-11-08 05:12:59
BE22017048	3	0	빚이 있다는 건 항상 마음속에 큰 돌덩어리를 가지고 있는 기분이거든요. 진짜 오랜만에 마음이 편안해졌어요.	N	2022-09-04 08:29:05	2022-11-08 05:12:59
BE22017048	4	1	감당할 수 없는 빚을 지셨던 건 잘못이지만, 자기 행동에 책임을 지고 다 갚으신 건 정말 훌륭하세요. 앞으로는 항상 행복하게 꽃길만 걸으실 거예요.	N	2022-09-04 08:29:05	2022-11-08 05:12:59
BE22017048	5	0	월급을 받으면 거의 다 채무를 갚고, 저녁에 아르바이트해서 생활비로 충당하면서 살았어요. 때로는 너무 고되고 힘들어서 눈물이 난 적도 있었지만 이를 악물고 살았더니 이런 날이 오네요.	N	2022-09-04 08:29:05	2022-11-08 05:12:59
BE22017048	6	1	하, 상상만 해도 숨이 막힐 정도로 열심히 사셨네요, 그동안 얼마나 힘드셨을까요. 이제 모두 해결하셨으니 조금 여유를 가지셨으면 좋겠어요.	N	2022-09-04 08:29:05	2022-11-08 05:12:59
BE22017048	7	0	부모님께 말해서 도움을 받고 싶은 적이 한두 번이 아니었지만. 저 때문에 여태까지 고생하셨는데 또 부담을 드리고 싶지 않아서 마음을 다잡곤 했었어요. 이제 생각해보니 말씀드리지 않은 건 정말 잘한 일 같네요.	N	2022-09-04 08:29:05	2022-11-08 05:12:59
BE22017048	8	1	모르는 게 약이라는 말도 있잖아요, 만약 부모님이 아셨다면 얼마나 마음이 아프셨을까요. 그것 때문에 감정화자님은 더 힘들어지셨을 거예요, 말하지 않은 건 최선의 선택이었어요.	N	2022-09-04 08:29:05	2022-11-08 05:12:59
BE22017048	9	0	자존심 때문에 친구들도 만나지 않았거든요, 다시 돌아가라고 하면 절대 못 할 것 같아요. 이제는 친구들과도 연락하고 만나서 맥주라도 한잔하고 싶네요.	N	2022-09-04 08:29:05	2022-11-08 05:13:00
BE22017048	10	1	당연히 그러셔야죠, 당연히 그럴 자격이 있으세요. 사람은 누구나 실수하며 살아가요, 이제 지나간 일은 다 잊으시고 행복해지실 일만 남았다고 생각하세요.	N	2022-09-04 08:29:05	2022-11-08 05:13:00
BE22017048	11	0	실수는 한 번으로 족해요, 그 고된 시간을 다시는 반복하고 싶지 않거든요. 앞으로는 저축도 많이 하고 절약하면서 살려고요.	N	2022-09-04 08:29:05	2022-11-08 05:13:00
BE22017048	12	1	그동안 회사에서 항상 힘들어하시고 우울해하셔서 팀원들도 걱정을 많이 했었거든요. 이제야 예전으로 돌아오신 것 같아서 저도 아주 기뻐요, 지금부터는 웃는 모습만 보여주세요.	N	2022-09-04 08:29:05	2022-11-08 05:13:00
BE22017048	13	0	제 일인데 자기 일처럼 기뻐하시는 공감화자님 때문에 마음이 따뜻해지네요. 항상 곁에서 사랑 가득한 조언을 해주셔서 정말 감사드려요. 실망하지 않으시도록 더 열심히 살아 볼게요, 꼭 지켜봐 주세요.	N	2022-09-04 08:29:05	2022-11-08 05:13:00
BE22017048	14	1	저도 감정화자님을 보면서 여러 가지 배운 게 많아요. 직장에서 만난 사이이긴 하지만 친구처럼 서로 고민을 나누는 좋은 관계가 되었으면 좋겠네요. 앞으로도 항상 응원하겠습니다, 힘내세요!	Y	2022-09-04 08:29:05	2022-11-08 05:13:00
