id	utterance_id	utterance_type	utterance_text	terminate	regDate	updDate
BE22016727	1	0	저 그 사람과 결혼하기로 했어요. 아이들 때문에 계속 망설였는데 이제 서로 많이 가까워져서 아무 문제없을 것 같아서요. 제 인생에 이런 기쁜 일이 생길 줄은 상상도 못했는데, 가슴이 떨리네요.	N	2022-08-31 06:19:27	2022-11-08 05:11:06
BE22016727	2	1	드디어 마음의 결정을 하셨나봐요, 정말 축하드려요. 그동안 얼마나 고민하셨는지 다 알아서 그런지 저도 가슴이 벅차서 눈물이 나오려고 하네요.	N	2022-08-31 06:19:27	2022-11-08 05:11:06
BE22016727	3	0	사별 후 혼자 아이들을 키우면서 이번 생은 엄마로만 살아야겠다고 생각했었거든요. 저에게 이런 소중한 사람이 나타나다니 정말 감사한 일이에요, 꿈만 같아요.	N	2022-08-31 06:19:27	2022-11-08 05:11:06
BE22016727	4	1	혼자 몸으로 가정을 꾸리시고, 직장 생활을 하시면서 얼마나 고생이 많으셨어요. 옆에서 지켜보면서도 너무 지치고 힘들어 보이셔서 가슴 아플 때가 한두 번이 아니었어요. 이제야 저도 좀 안심이 되는것 같아요.	N	2022-08-31 06:19:27	2022-11-08 05:11:06
BE22016727	5	0	몸이 힘든 건 참을 수 있었는데 아이들이 아빠 없이 자라야 한다는 게 제일 마음이 아팠어요. 아빠가 해줘야 할 일들까지 제가 혼자 감당하기는 벅찼거든요.	N	2022-08-31 06:19:27	2022-11-08 05:11:06
BE22016727	6	1	비록 아빠는 곁에 없었지만 그 몫까지 충분히 다 해주셨어요. 회사에서도 인정받으시며 일하고 계시잖아요. 누구보다 최선을 다해 열심히 사셔서 이런 축복을 받으신 거예요.	N	2022-08-31 06:19:27	2022-11-08 05:11:06
BE22016727	7	0	저만 이렇게 행복한 것 같아서 죽은 남편에게 미안한 마음이 들어요. 정말 좋은 사람이었거든요, 이번 주말에는 아이들과 함께 납골당에 다녀와야겠어요.	N	2022-08-31 06:19:27	2022-11-08 05:11:06
BE22016727	8	1	감정화자님이 그동안 얼마나 훌륭히 살아오셨는지 다 보고 계셨을 거예요. 그분도 분명히 하늘나라에서 기뻐하며 축복해 주실 거예요, 마음을 편하게 가지세요.	N	2022-08-31 06:19:27	2022-11-08 05:11:06
BE22016727	9	0	새롭게 시작한다는 게 조금은 두렵기도 해요. 지금까지와는 또 다른 성격의 문제가 생길 것 같기도 하고요. 하지만 제가 선택한 길이니 잘 헤쳐 나가고 싶어요.	N	2022-08-31 06:19:27	2022-11-08 05:11:06
BE22016727	10	1	어떤 가정이든 다 크고 작은 문제를 가지고 살아가요. 이제 혼자가 아니잖아요, 함께 고민하고 하나씩 해결해 가시면 되죠. 감정화자님은 현명한 분이시니까 어떤 어려움이 닥쳐도 다 이겨내실 수 있을 거예요.	N	2022-08-31 06:19:27	2022-11-08 05:11:06
BE22016727	11	0	혼자였을 때는 잘 몰랐는데 소중한 사람이 곁에 있다는 게 이렇게 든든한 일이었네요. 공감화자님의 말을 들으니 무슨 일이든 다 잘 해낼 수 있다는 희망이 솟아나는 것 같아요.	N	2022-08-31 06:19:27	2022-11-08 05:11:06
BE22016727	12	1	감정화자님이 이제야 마음의 안정을 찾으신 것 같아서 정말 기쁘네요. 행복은 스스로 찾아가는 거라고 하잖아요. 오늘의 설레는 마음을 잊지 마세요, 살아가시는데 힘이 되어 줄 거예요.	N	2022-08-31 06:19:27	2022-11-08 05:11:06
BE22016727	13	0	제 일을 본인의 일처럼 기뻐해 주시고 격려해 주시니, 천군만마를 얻은 것 같은 기분이에요. 오늘 저에게 따뜻한 조언과 사랑 가득한 말씀을 해주셔서 너무 감사드려요. 지금처럼 항상 지켜봐 주세요, 앞으로 잘 사는 모습을 꼭 보여드릴게요.	N	2022-08-31 06:19:27	2022-11-08 05:11:06
BE22016727	14	1	이제 힘들었던 지난날은 다 잊으시고, 반드시 행복해진다고 믿으세요. 새로운 인생 시작을 다시 한번 축하드려요. 감정화자님의 가정에 언제나 웃음만 가득하시기를 저도 응원하겠습니다!	Y	2022-08-31 06:19:27	2022-11-08 05:11:06
