id	utterance_id	utterance_type	utterance_text	terminate	regDate	updDate
BE22017784	1	0	부장님, 아직도 이번 주말에 있었던 일이 꿈만 같아요. 아들이 성인이 됐거든요. 그래서 남편이 처음으로 아들에게 술을 가르쳤어요.	N	2022-09-12 18:06:03	2022-09-12 18:06:03
BE22017784	2	1	여러 부모가 자녀에게 술 알려주는 것을 기대하고, 기다리잖아요. 그 순간이 왔다니 정말 가슴이 벅차고 새로웠을 것 같아요. 저도 딸에게 술 알려줄 때 정말 오만 감정이 다 교차했거든요.	N	2022-09-12 18:06:03	2022-11-08 05:17:30
BE22017784	3	0	부장님도 벌써 그런 경험이 있으시다니, 제 마음을 더 잘 아실 것 같아요. 맞아요, 교복 입은 모습이 엊그제 같은데 언제 이렇게 컸나 실감도 안 나고. 그러면서도 술 마시는 걸 보는 게 정말 벅차더라고요.	N	2022-09-12 18:06:03	2022-11-08 05:17:30
BE22017784	4	1	교복을 입고 벗고의 차이도 있지만 술을 마실 수 있다는 게 성인의 증거이기도 하잖아요. 자녀가 성인이 된 걸 보는 건 정말 눈물이 날 정도로 벅찬 일인 것 같아요. 그동안의 시간이 스쳐 지나가는 기분이겠어요.	N	2022-09-12 18:06:03	2022-11-08 05:17:30
BE22017784	5	0	아직도 교복을 입고 아침마다 급하게 나가야 할 것 같은데, 잘 실감이 안 나네요. 남편과 같이 아들에게 술을 가르치고 있자니 술 못 마시는 게 귀엽기도 하더라고요. 대학 생활은 어떨지 정말 궁금하기도 해요.	N	2022-09-12 18:06:03	2022-09-12 18:06:03
BE22017784	6	1	교복뿐만 아니라 공부하는 공간과 방법마저 고등학교와는 정말 다른 곳이잖아요. 대학교는 작은 사회라고도 하는데, 아들의 첫 발걸음을 기대하고 있는 건 당연한 일이에요. 그래도 술을 못 마시는 모습을 보면서 여전히 아이 같았겠어요.	N	2022-09-12 18:06:03	2022-11-08 05:17:30
BE22017784	7	0	대학이 멀지 않아서 집에서 다니기로 했거든요. 아들도 아직은 독립하겠다고 말하지 않아서 오히려 고맙더라고요. 학교생활이 어땠는지 물어보면서 가족 다 같이 술 한잔하는 주말이 너무 기다려져요.	N	2022-09-12 18:06:03	2022-11-08 05:17:30
BE22017784	8	1	말만 들어도 행복한 기대로 인해 잔뜩 흥분되는 마음이에요. 자녀의 변화를 조금이라도 더 지켜보고, 함께하고 싶은 게 부모의 마음이라는 게 어떤지 잘 알아요.	N	2022-09-12 18:06:03	2022-09-12 18:06:03
BE22017784	9	0	대학 준비한다고 정말 힘들어했거든요. 그땐 남편도 저도 애 눈치만 보면서 언제쯤 웃으며 저녁 먹을 수 있을까 했거든요. 이제야 속풀이를 할 수 있어서 더 짜릿하게 느껴지는 거 있죠.	N	2022-09-12 18:06:03	2022-11-08 05:17:30
BE22017784	10	1	자녀를 위해 모든 집이 맞춰가는 순간이 꼭 있잖아요. 그때는 나의 일상보다 내 자녀의 하루가 무탈하길 바라는 마음만 들잖아요. 자녀가 고생하는 순간을 지켜보는 게 정말 힘든데, 그 시간을 잘 이겨냈다니 정말 기특하네요.	N	2022-09-12 18:06:03	2022-11-08 05:17:30
BE22017784	11	0	사실 이제 대학에 붙었으니 완전히 달라질 대학 생활을 잘 견딜 수 있을지 걱정도 돼요. 술 마시는 게 기특하면서도 대학 다니면서 너무 많이 마시는 건 아닐지.	N	2022-09-12 18:06:03	2022-09-12 18:06:03
BE22017784	12	1	보이지 않는 곳에서 실수할까 걱정하는 마음은 당연하잖아요. 하지만 부모님에게 술을 배운 아이들은 친구들과의 술자리에서도 안전하다고 하더라구요. 아들을 믿고 조금 걱정을 내려놔 봐요.	N	2022-09-12 18:06:03	2022-11-08 05:17:31
BE22017784	13	0	친절한 조언 감사해요, 부장님. 사실 그래서 저녁 먹는 시간마다 조금씩 자주 마셔볼 생각이에요. 바랐던 시간을 보낼 수 있게 되어서 기분도 좋고, 아들도 술 먹는 연습이 되겠죠.	N	2022-09-12 18:06:03	2022-11-08 05:17:31
BE22017784	14	1	차분하게 아들이 적응할 수 있는 시간을 계획하는 모습이 정말 멋있네요. 그럼요, 부모에게 배우는 음주만큼 효과적이고 안정적인 것도 없을 거예요. 이제 가족과 색다른 시간을 보낼 수 있다니 정말 기뻐서 흥분되겠어요.	N	2022-09-12 18:06:03	2022-09-12 18:06:03
BE22017784	15	0	맞아요, 이러다 아들이 결혼이라도 하겠다는 날엔 정말 울 것만 같다니까요. 축하해줘서 고마워요.	Y	2022-09-12 18:06:03	2022-09-12 18:06:03
