id	utterance_id	utterance_type	utterance_text	terminate	regDate	updDate
BE22007489	1	0	주말을 기분 좋게 보냈더니 확실히 월요일에도 덜 피곤하네요.	N	2022-07-10 06:25:53	2022-11-08 04:12:40
BE22007489	2	1	오늘이 월요일인데도 피곤한 기색이 없는 것 보니 대리님은 주말을 정말 잘 보내셨나보네요. 주말에 대리님의 기분을 좋게 하는 일이 있었나봐요.	N	2022-07-10 06:25:53	2022-11-08 04:12:40
BE22007489	3	0	이제 거리두기가 풀렸잖아요. 어제 오랜만에 동창회 모임이 있어서 참석했거든요.	N	2022-07-10 06:25:53	2022-11-08 04:12:40
BE22007489	4	1	와, 좋으셨겠어요. 오랜만에 동창들을 만나서 그동안 하지 못했던 이야기를 나누었으니 얼마나 좋았을지 짐작이 가요. 저도 갑자기 친구들 만나서 수다 떨고 싶네요. 부러워요.	N	2022-07-10 06:25:53	2022-11-08 04:12:40
BE22007489	5	0	정말 기분이 좋더라구요. 그동안 사람들을 만나지 못하는 것이 은근히 스트레스였나봐요.	N	2022-07-10 06:25:53	2022-11-08 04:12:40
BE22007489	6	1	그럼요. 친한 사람들끼리 만나서 밥도 먹고, 커피도 마시면서 살아가는 이야기를 해야 하는데 그렇게 하지 못했잖아요. 그러니 스트레스가 얼마나 많이 쌓였겠어요. 이해가 가요.	N	2022-07-10 06:25:53	2022-11-08 04:12:40
BE22007489	7	0	맞아요. 회사 사람들 외엔 친구들을 만나지 못한 것이 알게 모르게 스트레스가 누적 되었던 것 같아요.	N	2022-07-10 06:25:53	2022-11-08 04:12:40
BE22007489	8	1	그동안 코로나19 때문에 외출은커녕 사람들을 만날 수도 없었잖아요. 그런데다가 코로나19에 대한 긴장의 연속이어서 마음이 편치 못했으니 더욱 힘들었을 거예요. 그런데 이제 거리두기가 풀려서 동창들을 만났으니 스트레스가 많이 풀렸을 것 같아요.	N	2022-07-10 06:25:53	2022-11-08 04:12:40
BE22007489	9	0	확실히 동창들을 만나니까 사회에서 만나는 사람들과는 다른 느낌이더라구요.	N	2022-07-10 06:25:53	2022-11-08 04:12:40
BE22007489	10	1	동창들만큼 마음 편하게 속 이야기를 나눌 사람도 드물지요. 사회에서 만난 사람들과는 체면치레를 해야 하는데, 동창들과는 체면치레가 필요 없으니 편하잖아요. 동창들과 그동안 나누지 못했던 이야기가 무척 많았겠어요.	N	2022-07-10 06:25:53	2022-11-08 04:12:40
BE22007489	11	0	동창들 중에 친하지 않았던 친구들과도 대화를 나누다보니 오래전부터 친했던 것처럼 느껴지더라구요. 그래서 동창이 좋은가 봐요.	N	2022-07-10 06:25:53	2022-11-08 04:12:40
BE22007489	12	1	맞아요. 사회에서 오래전부터 알아온 사람보다 어쩌다 만나는 동창이 더 애틋할 때가 있어요. 아마 어렸을 때부터 교류를 나누어서 그런가봐요. 저도 동창회 모임에서 연락이 오면 꼭 참석해야겠어요.	N	2022-07-10 06:25:53	2022-11-08 04:12:40
BE22007489	13	0	그래요. 김주임도 동창회 모임이 있었으면 좋겠어요.	N	2022-07-10 06:25:53	2022-11-08 04:12:40
BE22007489	14	1	대리님이 오랜만에 동창들을 만나서 기분이 한결 좋아진 것을 보니 제 마음이 다 좋아요. 저도 이번에 꼭 친구들을 만나서 그동안 쌓였던 스트레스를 모두 풀어야겠어요.	N	2022-07-10 06:25:53	2022-11-08 04:12:40
BE22007489	15	0	스트레스가 풀리면 모든 면에서 더 능률이 오를 거예요. 동창회 모임에 꼭 참석하세요,.	Y	2022-07-10 06:25:53	2022-11-08 04:12:40
