id	utterance_id	utterance_type	utterance_text	terminate	regDate	updDate
BE22015966	1	0	지난주, 포상 휴가를 받아서 뭘 할까 하다가 좋아하는 작가의 전시회를 다녀왔어.	N	2022-08-27 06:41:23	2022-08-27 06:41:23
BE22015966	2	1	정말? 너 전시회 가는 것 너무 좋아하는데 간만에 시간 내서 다녀왔던 거 아냐? 정말 많이 신났겠다.	N	2022-08-27 06:41:23	2022-11-08 05:06:22
BE22015966	3	0	응 맞아. 서울에는 많은 미술 전시회가 열리고 있는데, 이 작가는 전시회를 자주 열지 않아서 기다리고 있었거든. 너무 오래간만에 다녀오는 전시회라 너무 기뻐서 엄청나게 들뜬 마음이 들었어.	N	2022-08-27 06:41:23	2022-08-27 06:41:23
BE22015966	4	1	네 문자만 봐도 얼마나 신이 나 있는지 다 느껴질 정도야. 무엇보다도 오랜만에 한 취미 생활이니 정말 많이 기뻤을 것 같아. 그래서 재미있게 감상하고 왔니?	N	2022-08-27 06:41:23	2022-11-08 05:06:22
BE22015966	5	0	기존에 다녔던 갤러리보다 규모 면으로 상당해서 건물 분위기부터 사람을 압도하는 것이 있었어. 그래서 작품을 감상하기에 앞서 설렘이 가득했지. 요즘 예술시장에서 꽤 주목받는 작가라 그런지 관람객들로 넘쳐났지만 그래도 결론적으로 너무 좋았어.	N	2022-08-27 06:41:23	2022-08-27 06:41:23
BE22015966	6	1	나도 작품 관람하는 것 참 좋아하는데 말이야. 사실 그림에 대한 지식이 많지 않다 보니까 어떤 전시회를 선택해야 할지 막막하기만 하더라고. 근데 너는 참, 지식도 풍부하고, 그에 대해 꾸준히 공부하는 것을 보면 정말 대단하게 느껴져.	N	2022-08-27 06:41:23	2022-11-08 05:06:22
BE22015966	7	0	나도 엄청난 지식을 가지고 전시회를 참여하는 것은 아니야. 단지 작품을 보는 시간에는 한 가지에 집중을 할 수 있다는 것이 좋아. 그리고 생각보다 그럴 때면 정말 여유롭게 온전히 나만의 시간을 즐기게 되는 기분이 들거든.	N	2022-08-27 06:41:23	2022-08-27 06:41:23
BE22015966	8	1	하긴 네가 그동안 사람에 치이고 일에 치여서 혼자 있을 시간이 많지 않았지. 그래도 완벽한 일 처리 덕분에 여유로운 시간을 즐길 수 있었으니 얼마나 좋았을지 알만해. 네 덕분에 나도 이렇게 한가로운 시간을 보내고 있는걸.	N	2022-08-27 06:41:23	2022-11-08 05:06:22
BE22015966	9	0	그게 비단 내 덕만은 아니지. 우리 팀이 다 함께 도와서 이번 프로젝트를 성공적으로 이끌었잖아. 특히 정신적으로 네가 없었다면 이미 중간에 때려치웠을지도 몰라.	N	2022-08-27 06:41:23	2022-08-27 06:41:23
BE22015966	10	1	겸손까지 겸비하고 있는 동료 덕분에 나까지도 어깨가 으쓱인다. 팀장인 네가 잘 이끈 덕에 다들 불가능할 거라고 했었던 이번 과제도 성공적으로 마무리되었잖아. 그리고 네 그런 모습이 많은 이들에게 귀감이 된 건 사실인걸.	N	2022-08-27 06:41:23	2022-11-08 05:06:22
BE22015966	11	0	아 뭐 그렇게까지. 부끄럽긴 하지만 칭찬해주니까 고래처럼 춤을 추고 싶어지잖아. 다들 하나하나가 이끄는 대로 잘 따라 열심히 해 준 덕분이라고 생각해.	N	2022-08-27 06:41:23	2022-08-27 06:41:23
BE22015966	12	1	누구도 앞장서지 못하는 부분을 과감하게 판단하고 앞장섰던 네가 있어서 가능했던 일이야. 나는 그런 점에서 네가 참 부럽기도 하고 고맙기도 해.	N	2022-08-27 06:41:23	2022-11-08 05:06:22
BE22015966	13	0	네가 그렇게 말해 주니까 더더욱 열심히 해야 하는 의미를 찾게 되는 것 같아. 언제나 칭찬으로 나의 자존감을 높여주거든. 그래서 너와 대화할 때면 항상 기분이 좋아지곤 해.	N	2022-08-27 06:41:23	2022-08-27 06:41:23
BE22015966	14	1	내가 너에게 그런 사람이 되어줄 수 있어서 정말 다행이야. 앞으로도 그런 사람으로 네 옆에 남고 싶다.	N	2022-08-27 06:41:23	2022-11-08 05:06:22
BE22015966	15	0	당연하지. 언제나 너는 내게 힘이 되어 주는 사람인걸. 앞으로도 잘 부탁해!	Y	2022-08-27 06:41:23	2022-08-27 06:41:23
