id	utterance_id	utterance_type	utterance_text	terminate	regDate	updDate
BE22018617	1	0	나 이번에 프로젝트 진행하기로 했잖아. 이거 걱정이 많았거든. 이제 한시름 놓았어!	N	2022-09-17 05:39:59	2022-11-08 05:22:29
BE22018617	2	1	네가 저번에 얘기했었지, 잘 돼가? 그 일로 진짜 고민 많이 했었잖아. 좋은 일 있는 거 같다?	N	2022-09-17 05:39:59	2022-11-08 05:22:29
BE22018617	3	0	다른 팀이랑 협업할 게 많아서 막막했었어. 그런데 이번에 협상에 에이스가 한명 들어와서 마음이 놓이게 됐어. 그녀가 도와준다니 정말 다행이야.	N	2022-09-17 05:39:59	2022-11-08 05:22:29
BE22018617	4	1	그 사람? 완전 유명하잖아. 걱정 많았을 텐데 마음이 좀 놓이겠다. 다행이야. 잘됐다.	N	2022-09-17 05:39:59	2022-11-08 05:22:29
BE22018617	5	0	그렇다니까. 이번에 모의로 회의를 진행했었는데 정말 잘하더라. 아주 믿음직해. 마음 좀 놨어.	N	2022-09-17 05:39:59	2022-11-08 05:22:29
BE22018617	6	1	네가 이번에 많이 고민하던 프로젝트라 잘 되길 바라고 있었는데 잘되어간다니 기쁘다. 요전까지만 해도 네가 걱정 많았었잖아.	N	2022-09-17 05:39:59	2022-11-08 05:22:29
BE22018617	7	0	맞아. 인원도 너무 적고 내가 잘 못 하는 부분이 많아서 고민이 많았어. 그런데 이렇게 인원 보충이 잘 되니까 더 잘 할 수 있는 힘을 느껴.	N	2022-09-17 05:39:59	2022-11-08 05:22:29
BE22018617	8	1	대단하다 정말 프로젝트 맡은 너도 대단하고 함께하는 팀원들도 대단해. 여럿이서 하는 일은 혼자 하는 일보다 몇 배나 힘들잖아. 네가 그 팀장이라는 게 자랑스럽다.	N	2022-09-17 05:39:59	2022-11-08 05:22:29
BE22018617	9	0	나도 자랑스러워. 다만 너무 자만하지 않고 끝까지 잘 끝내고 나서 만족해야겠지. 지금 너무 분위기가 좋아서 흥에 취해버렸네.	N	2022-09-17 05:39:59	2022-09-17 05:39:59
BE22018617	10	1	그럴 만해. 이게 다 네가 그동안 열심히 해 왔기 때문이잖아. 인복은 그냥 생기는 게 아니라 그동안 쌓아온 덕으로 생기는 거래. 네가 주었던 신뢰를 바탕으로 덕을 발휘하는 것 같아서 너무 멋져 정말.	N	2022-09-17 05:39:59	2022-11-08 05:22:29
BE22018617	11	0	그런가? 이게 다 좋은 사람들 만난 덕분이지 고마워. 배울 점도 많이 있는 팀원들이랑 함께하는 나는 참 행복한 사람이야.	N	2022-09-17 05:39:59	2022-11-08 05:22:29
BE22018617	12	1	그렇게 생각하는 점도 참 겸손한 거 같아. 팀원들도 그 마음 분명 느끼고 있을 거야. 분위기가 참 좋을 거 같아.	N	2022-09-17 05:39:59	2022-11-08 05:22:29
BE22018617	13	0	그렇게 느꼈으면 좋겠다. 항상 팀원들에게 감사하고 덕분에 힘을 많이 받거든. 오래오래 함께하고 프로젝트도 잘 됐으면 좋겠다.	N	2022-09-17 05:39:59	2022-09-17 05:39:59
BE22018617	14	1	분명 그럴 거야. 이렇게 팀원들에게 애정이 넘치는 팀장이라니. 안 될 수가 없다, 야.	N	2022-09-17 05:39:59	2022-11-08 05:22:29
BE22018617	15	0	그렇게 말해주니 나도 너무나도 고맙다. 너도 나의 소중한 동료야. 얘기 들어줘서 고마워!	Y	2022-09-17 05:39:59	2022-11-08 05:22:29
