id	utterance_id	utterance_type	utterance_text	terminate	regDate	updDate
BE22011402	1	0	어제 잠깐이라도 돌잔치에 와줘서 고마웠어요.	N	2022-07-25 01:24:06	2022-11-08 04:37:40
BE22011402	2	1	아니에요. 끝까지 못 보고 금방 가야 해서 너무 죄송했어요. 돌잔치는 잘 치르셨어요?	N	2022-07-25 01:24:06	2022-11-08 04:37:40
BE22011402	3	0	네, 생각보다 사람들도 많이 오고 아기도 컨디션이 좋아서 잘 치렀어요.	N	2022-07-25 01:24:06	2022-11-08 04:37:40
BE22011402	4	1	다행이에요! 아기 너무 귀여웠어요. 돌잡이 때는 뭘 잡았어요?	N	2022-07-25 01:24:06	2022-11-08 04:37:40
BE22011402	5	0	돈 잡았어요! 저도 내심 아기가 돈을 잡았으면 했는데 딱 돈을 잡더라고요. 얼마나 기뻤는지 몰라요.	N	2022-07-25 01:24:06	2022-11-08 04:37:40
BE22011402	6	1	어머 정말요? 너무 귀여웠겠다. 듣는 저도 이렇게 기쁜데 엄마는 얼마나 기뻤겠어요. 그 마음 충분히 이해합니다.	N	2022-07-25 01:24:06	2022-11-08 04:37:40
BE22011402	7	0	네. 너무 기뻐서 표정 관리하기도 힘들었어요. 티를 대놓고는 못 내겠는데 속으로는 얼마나 만족스럽던지요!	N	2022-07-25 01:24:06	2022-11-08 04:37:40
BE22011402	8	1	왜 안 그러겠어요. 이렇게 행복해하시는 걸 요즈음 들어 처음 보는 거 같네요. 그래서 제가 다 기쁩니다.	N	2022-07-25 01:24:06	2022-11-08 04:37:40
BE22011402	9	0	고마워요, 제 마음을 이해해 주셔서. 남편은 연필 잡기를 원했는데 아기가 돈 잡는 순간 기뻐하는 저와는 다르게 실망하더라고요. 옆에서 약 좀 올렸죠.	N	2022-07-25 01:24:06	2022-11-08 04:37:40
BE22011402	10	1	너무 웃겨요. 아쉽네요, 두 분의 상반되는 표정을 실제로 봤어야 했는데! 그래도 남편분도 내심 기쁘셨을 거라 생각해요.	N	2022-07-25 01:24:06	2022-11-08 04:37:40
BE22011402	11	0	돌잔치 앨범 나오면 회사에 가져갈게요. 남편 표정이 얼마나 웃기는지 몰라요. 돌잔치가 이렇게 기분 좋게 끝나서 너무 후련하고 얼마나 다행인지 몰라요.	N	2022-07-25 01:24:06	2022-11-08 04:37:40
BE22011402	12	1	네, 꼭 보여주세요! 그러니까요, 돌잔치 준비하실 때 엄청나게 힘들어하셨는데 이렇게 기분 좋게 마무리해서 다행이에요! 다시 한번 너무 축하드려요.	N	2022-07-25 01:24:06	2022-11-08 04:37:40
BE22011402	13	0	너무 감사해요. 공감화자님과 나눈 기분 좋은 대화로 기쁨이 배가 되는 것 같네요. 조만간 제가 밥 한 번 살게요.	N	2022-07-25 01:24:06	2022-11-08 04:37:40
BE22011402	14	1	말씀을 그렇게 해주시니 제가 더 기쁘네요. 저야 너무 좋죠! 2차로 커피는 제가 사드릴게요.	N	2022-07-25 01:24:06	2022-11-08 04:37:40
BE22011402	15	0	네! 내일 회사에서 뵐게요.	Y	2022-07-25 01:24:06	2022-11-08 04:37:40
