id	utterance_id	utterance_type	utterance_text	terminate	regDate	updDate
BE22017626	1	0	동기야, 나 오랜만에 고등학교 동창 친구를 만나서 즐겁게 놀았어. 그렇지만 다음에 만나자는 말은 하지 않았어. 그게 나는 편안해서 너무 만족스러웠어.	N	2022-09-09 07:39:40	2022-09-09 07:39:40
BE22017626	2	1	정말, 그런 관계가 있다니 너무나도 즐거울 거 같아. 네가 말을 하지 않아도 통하는 친구라니 정말 부럽다.	N	2022-09-09 07:39:40	2022-11-08 05:16:33
BE22017626	3	0	맞아, 내 인생 최고의 친구야. 이 친구랑 오랜만에 만날 수 있어서 정말 좋았어. 직장 다니면서 받던 스트레스가 완전히 없어질 만큼 나의 가장 큰 행복 중 하나야.	N	2022-09-09 07:39:40	2022-11-08 05:16:33
BE22017626	4	1	회사에 다니면 일에 치이며 살 때가 많은데 이런 좋은 만남이 있었다고 하니 무척 좋았겠다. 네 모습을 보니 그 기쁨이 전달되는 거 같아. 나도 그 친구가 궁금하다.	N	2022-09-09 07:39:40	2022-11-08 05:16:33
BE22017626	5	0	이 친구가 고등학교 때 친구인데 우리가 3학년 동안 항상 같이 다녔어. 우리 가족들이랑도 서로 다 친하고 잘 아는 사이였어. 가족이 더 있다면 이 친구라고 바로 생각할 만큼 가까운 사이였어.	N	2022-09-09 07:39:40	2022-09-09 07:39:40
BE22017626	6	1	가족이 한 명 더 있다니 그 의미를 상상해 볼 수 있는 거 같아. 피를 나눈 사이만큼이나 잘 통한다는 뜻이잖아. 네가 그 친구를 소중하게 여기는 마음이 잘 느껴져.	N	2022-09-09 07:39:40	2022-11-08 05:16:33
BE22017626	7	0	내 목숨을 바쳐서 한 명을 살릴 수 있다면 이 친구의 얼굴이 떠오를 거 같아. 이 친구가 내가 가장 힘들고 방황할 때 옆에 있어 줬거든. 그게 나에게 가장 큰 위로이고 위안이었어.	N	2022-09-09 07:39:40	2022-11-08 05:16:33
BE22017626	8	1	맞아, 힘들 때 곁에서 함께 지켜봐 주는 것만으로도 엄청난 힘이 되지. 그 친구가 너에게 얼마나 큰 기쁨을 줄지 다 헤아리기 어려울 만큼 큰 사람 같아. 네가 그런 사람을 만났다고 하니 정말 좋겠구나.	N	2022-09-09 07:39:40	2022-11-08 05:16:33
BE22017626	9	0	맞아, 만나서도 오랜만에 사는 얘기만 나눴을 뿐인데 과거의 일들이 생각나고 그때로 돌아간 것만 같았어. 이 마음이 이 친구를 통해서만 얻을 수 있는 행복인 거 같아. 나는 정말 행운아야.	N	2022-09-09 07:39:40	2022-11-08 05:16:33
BE22017626	10	1	그런 사람을 만나는 건 쉽지 않은데, 네가 그런 사람을 만났다고 하니 정말 멋지다. 너의 어려움을 모두 받아줄 수 있는 사람이 있다는 게 다행스럽다. 네가 귀한 사람을 만날 만큼 좋은 사람이기 때문일 거라 생각해.	N	2022-09-09 07:39:40	2022-11-08 05:16:33
BE22017626	11	0	그럴까? 나는 이 친구 덕분에 이 회사에도 들어올 수 있었던 거라 고마워. 이 친구가 없었으면 고등학교도 제대로 졸업할 수 없었을 거야. 나의 방황을 끝내고 삶의 의욕을 심어준 친구가 내 은인 같아.	N	2022-09-09 07:39:40	2022-11-08 05:16:33
BE22017626	12	1	그렇게 듣고 보니 정말, 대단한 친구 같아. 너도 그 친구처럼 누군가의 버팀목이 될 수 있을 만큼 훌륭한 동료라고 생각해. 그것이 다 그 친구 덕분이었다니 대단하다.	N	2022-09-09 07:39:40	2022-11-08 05:16:33
BE22017626	13	0	다음을 기약하지 않았는데도 나는 분명 살면서 이 친구를 다시 볼 수 있을 거 같아. 우리의 우정이 우리를 강하게 이어주고 있단 확신이 들어. 나는 그때까지 덕분에 잘 살 수 있을 거 같아.	N	2022-09-09 07:39:40	2022-09-09 07:39:40
BE22017626	14	1	이야, 네가 최고의 친구를 만날 수 있던 건 그 최고의 친구가 너잖아. 나도 너와 함께 그 힘을 받아서 항상 고마워. 네가 그만큼 나도 멋진 사람이라 느껴.	N	2022-09-09 07:39:40	2022-11-08 05:16:33
BE22017626	15	0	그래? 이게 다 내 친구 덕분이지. 나도 고맙다.	Y	2022-09-09 07:39:40	2022-09-09 07:39:40
