id	utterance_id	utterance_type	utterance_text	terminate	regDate	updDate
BE22014829	1	0	최근에 혼자 기차여행을 다녀왔는데 정말 만족스러운 경험이었어요.	N	2022-08-19 06:28:32	2022-08-19 06:28:32
BE22014829	2	1	우와 정말요? 상상만 해도 너무 좋을 것 같아요.	N	2022-08-19 06:28:32	2022-11-08 04:59:20
BE22014829	3	0	여행을 가고 싶다고 고민만 했는데 막상 가보니까 별거 아닌 거 있죠. 저만을 위한 시간을 가져서 정말 즐거웠어요.	N	2022-08-19 06:28:32	2022-11-08 04:59:20
BE22014829	4	1	맞아요. 저도 매번 시간이 부족하다는 탓으로 미루곤 했었어요. 하지만 막상 여행을 다녀오면 한동안은 그 추억으로 사는 것 같아요.	N	2022-08-19 06:28:32	2022-08-19 06:28:32
BE22014829	5	0	평상시에 혼자 밥 먹는 것을 두려워할 정도로 혼자 있는 시간이 없었거든요. 근데 혼자 여행을 다녀오니 오롯이 제 생각만 해도 되니 편하고 좋았어요.	N	2022-08-19 06:28:32	2022-11-08 04:59:20
BE22014829	6	1	혼자 여행한다는 게 정말 쉬운 일이 아니었을 텐데, 진짜 멋져요! 뜻깊은 시간을 보내고 오신 것 같아서 저까지 여행을 가고 싶어지네요.	N	2022-08-19 06:28:32	2022-11-08 04:59:20
BE22014829	7	0	도시에서는 항상 해야 할 것들이 쌓여있고 남들보다 뒤처진다는 불안감이 컸어요. 그래서 주말에도 쉬는 게 쉬는 것 같지 않았거든요.	N	2022-08-19 06:28:32	2022-11-08 04:59:20
BE22014829	8	1	어떤 일이든 척척 해내시는 걸 보면서 그런 걱정은 하지 않으실 줄 알았어요. 하지만 직장 동료로서 옆에서 보는 모습은 정말 훌륭하시니까 그런 걱정은 안 하셔도 돼요. 지금도 충분히 잘하고 있어요!	N	2022-08-19 06:28:32	2022-11-08 04:59:20
BE22014829	9	0	그렇게 말해주시니 뿌듯하네요. 근데 여행을 다녀오고 나니 그런 압박감이 사라졌어요. 진짜 내가 좋아하는 게 무엇인지 느낄 수 있었던 것 같아요.	N	2022-08-19 06:28:32	2022-08-19 06:28:32
BE22014829	10	1	그동안 그런 마음을 가지고 있어서 힘드셨을 텐데 잘 극복해내신 것 같아서 존경스럽네요. 왠지 표정도 더 편안하게 보여서 정말 좋네요.	N	2022-08-19 06:28:32	2022-11-08 04:59:20
BE22014829	11	0	스트레스를 어떻게 풀어야 할지 몰랐었는데 이번 여행을 통해 해소가 돼서 만족스러워요. 언제든지 떠날 수 있다는 자신감이 생겼어요.	N	2022-08-19 06:28:32	2022-08-19 06:28:32
BE22014829	12	1	진심으로 행복해하는 모습을 보니 부러운 마음마저 들어요. 이런 긍정적인 모습이라면 무슨 일이든 잘 될 거예요. 앞으로도 행복한 일이 많길 바랄게요!	N	2022-08-19 06:28:32	2022-11-08 04:59:20
BE22014829	13	0	그렇게 말해주셔서 감사해요. 좋은 동료가 있으니 더 힘이 나네요.	N	2022-08-19 06:28:32	2022-08-19 06:28:32
BE22014829	14	1	저도 마찬가지인걸요. 다음에는 같이 여행가요!	N	2022-08-19 06:28:32	2022-08-19 06:28:32
BE22014829	15	0	좋아요, 같이 가죠!	Y	2022-08-19 06:28:32	2022-11-08 04:59:20
