id	utterance_id	utterance_type	utterance_text	terminate	regDate	updDate
BE22000409	1	0	대리님, 우리 집 집들이 언제 오실래요?	N	2022-06-13 01:57:25	2022-11-08 03:26:54
BE22000409	2	1	회사 일이 바빠서 계속 미뤘네요. 이제 좀 한가하니 초대만 해줘요.	N	2022-06-13 01:57:25	2022-11-08 03:26:54
BE22000409	3	0	다음 주말 괜찮아요? 방안에 미러볼 설치했는데 분위기가 너무 좋아요!	N	2022-06-13 01:57:25	2022-11-08 03:26:54
BE22000409	4	1	다음 주 주말에 당장 가야겠어요. 코로나 때문에 클럽도 못 가서 몸이 근질거렸는데 아주 잘됐네요.	N	2022-06-13 01:57:25	2022-11-08 03:26:54
BE22000409	5	0	대리님이 좋아할 줄 알았어요. 미러볼 틀어놓고 이디엠 음악 틀어놓으면 여기가 바로 클럽인지 내 방인지 모르겠더라고요.	N	2022-06-13 01:57:25	2022-11-08 03:26:54
BE22000409	6	1	지금 상상만 해도 벌써 신나고 춤이 절로 춰지는데 감정화자 감정화자씨는 얼마나 신날까? 진짜 좋겠어요. 나도 얼른 자취해서 방 그렇게 꾸미고 싶어요.	N	2022-06-13 01:57:25	2022-11-08 03:26:54
BE22000409	7	0	솔직히 이렇게까지 신날 줄 모르고 반 장난으로 설치했는데 생각보다 너무 분위기가 좋아요. 기뻐서 나도 모르게 춤이 절로 나와요.	N	2022-06-13 01:57:25	2022-11-08 03:26:54
BE22000409	8	1	나보다 클럽을 더 좋아했던 감정화자씨인데 오죽하겠어요. 감정화자씨가 지금 기뻐하면서 미러볼 밑에서 춤추는 게 눈에 선해요.	N	2022-06-13 01:57:25	2022-11-08 03:26:54
BE22000409	9	0	역시 대리님은 나를 너무 잘 안다니까요. 나만 이 기쁨을 만끽할 수는 없잖아요. 그러니까 얼른 놀러 와서 나랑 미러볼 틀어놓고 놀아요.	N	2022-06-13 01:57:25	2022-11-08 03:26:54
BE22000409	10	1	당연하지요. 원래 그런 기쁨은 같이 나눠야지 배가 되는 거라고요! 나도 얼른 감정화자랑같이 신나게 춤추고 싶어요. 내가 다 신나고 기분이 좋아요.	N	2022-06-13 01:57:25	2022-11-08 03:26:54
BE22000409	11	0	저도 대리님이랑 같이 미러볼 밑에서 춤추고 놀면서 신나는 밤 보낼 생각하니까 엄청 기대돼요. 절로 미소가 지어지는걸요.	N	2022-06-13 01:57:25	2022-11-08 03:26:54
BE22000409	12	1	너무 기대돼서 다음 주까지 시간이 안 갈 거 같아요. 집들이 선물은 뭐로 사 갈까요?	N	2022-06-13 01:57:25	2022-11-08 03:26:54
BE22000409	13	0	선물이 무슨 필요가 있어요. 대리님 자체가 선물인걸요.	N	2022-06-13 01:57:25	2022-11-08 03:26:54
BE22000409	14	1	그래도 빈손으로 갈 수 없지요. 예쁜 선물골라서 다음 주말 놀러갈게요.	N	2022-06-13 01:57:25	2022-11-08 03:26:54
BE22000409	15	0	우리 미러볼 아래서 밤새 신나게 놀아보자고요.	Y	2022-06-13 01:57:25	2022-11-08 03:26:54
