id	utterance_id	utterance_type	utterance_text	terminate	regDate	updDate
BE22000398	1	0	이번엔 진짜 떠나요. 얼마나 기다리던 여행인지 너무 행복해서 웃음만 나와요.	N	2022-06-13 01:38:32	2022-11-08 03:26:50
BE22000398	2	1	설마 그토록 벼려오던 유럽여행인 거예요? 축하해! 기분 진짜 최고로 좋겠어요.	N	2022-06-13 01:38:32	2022-11-08 03:26:50
BE22000398	3	0	비행기 티켓 끊었어요. 그 많던 빚 진짜 죽을힘을 다해 다 갚고, 조금 남은 돈으로 나에게 선물했어요.	N	2022-06-13 01:38:32	2022-11-08 03:26:50
BE22000398	4	1	빚 갚는다고 열심히 사는 모습 보면서 진짜 대단하다고 생각했어요. 그렇게 꿈꾸던 유럽이라니요. 왜 내가 눈물 날 것 같지요.	N	2022-06-13 01:38:32	2022-11-08 03:26:50
BE22000398	5	0	대리님이 왜 울어요. 난 이제 눈물도 청산했어요. 유럽여행에 대한 기대뿐이에요.	N	2022-06-13 01:38:32	2022-11-08 03:26:50
BE22000398	6	1	감정화자씨가 즐거워하니까 나까지 설레네요.	N	2022-06-13 01:38:32	2022-11-08 03:26:50
BE22000398	7	0	내 인생에 유럽이라니 앞으로 계획만 완벽하게 짜는 일만 남았어요.	N	2022-06-13 01:38:32	2022-11-08 03:26:50
BE22000398	8	1	계획 짜는 거 막히면 나한테 언제든 물어봐요. 우리 집에 여행 책도 있으니 감정화자씨한테 줄게요!	N	2022-06-13 01:38:32	2022-11-08 03:26:50
BE22000398	9	0	사실 티켓은 끊었지만 내가 해외는 처음이잖아요. 덕분에 더 행복한 여행이 될 것 같아요.	N	2022-06-13 01:38:32	2022-11-08 03:26:50
BE22000398	10	1	마음 같아서는 같이 가서 놀고 싶지만 회사일 때문에 같이 못 갈 것 같아서 내가 미안하네요.	N	2022-06-13 01:38:32	2022-11-08 03:26:50
BE22000398	11	0	대리님이 뭘 미안해해요. 혼자 이것저것 준비도 하고 부딪쳐 보면서 하는 것도 처음이라 오히려 좋아요.	N	2022-06-13 01:38:32	2022-11-08 03:26:50
BE22000398	12	1	항상 도전할 줄 아는 감정화자씨의 모습에 나도 자극받는 것 같아요.	N	2022-06-13 01:38:32	2022-11-08 03:26:50
BE22000398	13	0	갑자기 칭찬이라니 부끄럽네요. 고마워요. 유럽 가기 전에 한번 보자고!	N	2022-06-13 01:38:32	2022-11-08 03:26:50
BE22000398	14	1	내 솔직한 마음을 말했을 뿐이에요. 출근해서 책도 전해주고 계획 짠 거도 봐줄게요.	Y	2022-06-13 01:38:32	2022-11-08 03:26:50
