id	utterance_id	utterance_type	utterance_text	terminate	regDate	updDate
BE22021120	1	0	나 요즘 너무 기뻐서 꿈같은 나날을 보내고 있어. 지난달에 우연히 게임 방송에 출연했었는데, 지난주에 프로 선수 제의를 받았거든. 생각만 해도 정말 흥분돼.	N	2022-09-23 21:40:35	2022-11-08 05:40:46
BE22021120	2	1	와, 나는 이야기만 들어도 너무 흥분해서 심장이 떨리는 것 같아. 네가 게임을 워낙 잘해서 언젠가 좋은 날이 올 거라 기대했거든. 마치 내 꿈을 이룬 것처럼 신이 나.	N	2022-09-23 21:40:35	2022-09-23 21:40:35
BE22021120	3	0	프로인 친구를 따라서 그냥 재미 삼아 방송국에 갔거든. 선수 한 명이 출전하지 않아서 내가 대신 참가했는데, 제의를 받자 하늘을 날 것 같았어.	N	2022-09-23 21:40:35	2022-09-23 21:40:35
BE22021120	4	1	내 고등학교 친구는 프로 선수가 되고 싶어서 직장도 관두고 3년 동안이나 애썼는데 실패했거든. 그런데 너는 그 어려운 걸 해 냈으니, 감탄이 절로 나오네.	N	2022-09-23 21:40:35	2022-09-23 21:40:35
BE22021120	5	0	나도 연락을 받고 처음에는 믿기지 않았어. 그런데 어제 계약서를 우편으로 받아 보고는 너무 기뻐서 환호성을 질렀어.	N	2022-09-23 21:40:35	2022-09-23 21:40:35
BE22021120	6	1	와, 정말 뛸 듯이 기뻤겠다. 나라면 기쁨에 겨워서 친구들을 모두 모아서 파티도 열었을 거야.	N	2022-09-23 21:40:35	2022-11-08 05:40:46
BE22021120	7	0	당장 엄마한테 먼저 연락을 드렸어. 내가 게임을 하는 걸 좋아하지 않으셨는데, 엄마도 정말 잘 됐다면서 축하해 주셔서 정말 기뻤어.	N	2022-09-23 21:40:35	2022-09-23 21:40:35
BE22021120	8	1	너 평소에 게임 때문에 엄마에게 잔소리도 많이 들었잖아. 그런 엄마에게 인정을 받은 거잖아. 네가 얼마나 기뻤을지 상상도 할 수 없을 정도야.	N	2022-09-23 21:40:35	2022-09-23 21:40:35
BE22021120	9	0	어제는 온 가족이 모여서 축하 파티를 열었어. 그 동안 열심히 노력한 결실을 맺은 것 같아서 정말 보람 있었어.	N	2022-09-23 21:40:35	2022-09-23 21:40:35
BE22021120	10	1	우리도 직장 생활하느라 시간은 빠듯했지만, 틈만 나면 같이 게임을 하며 즐거워했잖아. 네 이야기를 들으니 마치 내 꿈을 이룬 것처럼 기쁨이 밀려와.	N	2022-09-23 21:40:35	2022-11-08 05:40:46
BE22021120	11	0	어젯밤에는 프로 선수로 활약하다가 1등을 하는 기분 좋은 꿈도 꿨어. 앞날이 정말 기대되어 설렘 폭발이야.	N	2022-09-23 21:40:35	2022-09-23 21:40:35
BE22021120	12	1	넌 원래 마음만 먹으면 뭐든지 열심히 하잖아. 같이 게임을 하면서도 네 집중력에 감탄한 적이 한두 번이 아니야. 프로 선수로 데뷔하면 미래도 정말 밝을 거라 확신해.	N	2022-09-23 21:40:35	2022-11-08 05:40:46
BE22021120	13	0	직장 동료가 그렇게 격려해 주니 정말 기분 좋은 걸. 내 마음의 기쁨이 열 배가 된 것 같아.	N	2022-09-23 21:40:35	2022-09-23 21:40:35
BE22021120	14	1	나도 마치 내가 프로 선수 제의를 받은 것처럼 너무 신이 나서 춤이라도 추고 싶어. 오늘 퇴근 길에 같이 축하 파티라도 하자. 내가 맛있는 거 사 줄게.	N	2022-09-23 21:40:35	2022-11-08 05:40:46
BE22021120	15	0	너 같은 동료가 있어서 정말 다행이야. 기쁨을 나눌 수 있는 동료가 있는 건 큰 행운이라 생각해. 정말 진심으로 고마워.	Y	2022-09-23 21:40:35	2022-09-23 21:40:35
