id	utterance_id	utterance_type	utterance_text	terminate	regDate	updDate
BE22017528	1	0	대리님, 우연찮게 친구가 예매한 티켓 있다고 가자고 해서 공연 보고 왔는데 매우 색다른 체험이었어요.	N	2022-09-08 06:27:33	2022-11-08 05:15:56
BE22017528	2	1	몹시 궁금한데. 무슨 공연을 보았길래, 색다르다고 할까?	N	2022-09-08 06:27:33	2022-09-08 06:27:33
BE22017528	3	0	학춤 공연을 보았어요. 그분이 무형문화재 3호이시더라고요. 신비롭고 뭐라 표현할 수 없는 기쁨이 있더라고요.	N	2022-09-08 06:27:33	2022-11-08 05:15:56
BE22017528	4	1	얼마나 기쁘고 좋았을까. 나는 한 번도 접해 보지 못한 공연이네. 판소리 공연은 봤지만.	N	2022-09-08 06:27:33	2022-11-08 05:15:56
BE22017528	5	0	대리님, 저도 처음에는 분위기가 판소리인가 했어요. 날갯짓하며 무대 뒤쪽에서 입장하는데. 마치 한 마리의 학이 들어오는 것 같은 느낌마저 들더라고요.	N	2022-09-08 06:27:33	2022-11-08 05:15:56
BE22017528	6	1	얼마나 가슴이 쿵쾅거렸을까. 너무나 멋지고 신비로워서 문학의 세계는 참으로 다양하고 풍성한 것 같아. 배울 것도 참 많고.	N	2022-09-08 06:27:33	2022-11-08 05:15:56
BE22017528	7	0	손짓 하나하나 사뿐사뿐 걸음이 무대 위에서 학이 춤추는 것 같았어요. 모두 숨도 못 쉬고 있다가 탄성이 절로 나오더라고요.	N	2022-09-08 06:27:33	2022-09-08 06:27:33
BE22017528	8	1	역시 표현력이 대단해. 마치 내가 그 공연 현장에 있는 것처럼 전율이 느껴지면서 학이 날아가는 모습이 보여. 다음에 혹시 기회가 되면 함께 꼭 가고 싶어.	N	2022-09-08 06:27:33	2022-11-08 05:15:56
BE22017528	9	0	친구 성의 생각해서 큰 기대 없이 갔는데, 이렇게도 감동이 휘몰아칠지 몰랐어요. 색다르면서 사람으로서 이렇게 표현하는 게 가능할까, 하는 생각까지 들어서 너무나 행복한 공연이었어요.	N	2022-09-08 06:27:33	2022-11-08 05:15:56
BE22017528	10	1	멋진 취미를 가진 친구 덕분에 소중한 추억을 하나 남겼군. 소중하게 간직하시고 만나면 더 많이 표현해 줘야 해.	N	2022-09-08 06:27:33	2022-11-08 05:15:56
BE22017528	11	0	그럴게요. 다녀와서 인터넷에서 찾아보니 공연 참 많이 하셨더라고요. 저 만나기 전에 먼저 한 번 보세요.	N	2022-09-08 06:27:33	2022-09-08 06:27:33
BE22017528	12	1	너무나 좋아하길래 찾아보려고 했어. 만나면 대화가 풍성해질 것 같아서. 실은 학춤 공연도 처음 들어보기도 했고.	N	2022-09-08 06:27:33	2022-09-08 06:27:33
BE22017528	13	0	대리님 저도 그렇죠. 친구 덕분에 알게 되었으니 친구한테 고마워요.	N	2022-09-08 06:27:33	2022-09-08 06:27:33
BE22017528	14	1	여러 사람에게 고마워지네. 좋은 것은 나누면 이렇게 기쁨과 풍성함이 되네. 나도 앞으로 좋은 것은 함께 나눌게.	Y	2022-09-08 06:27:33	2022-11-08 05:15:56
