id	utterance_id	utterance_type	utterance_text	terminate	regDate	updDate
BE22006704	1	0	요즘 반복되는 일상에 빛이 하나 생겼습니다.	N	2022-07-06 22:39:04	2022-11-08 04:07:38
BE22006704	2	1	정말요? 무슨 일인지 너무 궁금해집니다.	N	2022-07-06 22:39:04	2022-11-08 04:07:38
BE22006704	3	0	오래전부터 하고 싶던 일을 시작했거든요.	N	2022-07-06 22:39:04	2022-11-08 04:07:38
BE22006704	4	1	듣기만 해도 설레네요. 그게 무슨 일인가요?	N	2022-07-06 22:39:04	2022-11-08 04:07:38
BE22006704	5	0	제가 어울리지 않지만 춤추는 걸 참 좋아했습니다. 그런데 아내 때문에 그 일을 그만두었어요.	N	2022-07-06 22:39:04	2022-11-08 04:07:38
BE22006704	6	1	하고 싶은 일을 누군가에 의해 할 수 없을 때 오는 실망감과 무력감은 무시 못할 텐데요.	N	2022-07-06 22:39:04	2022-11-08 04:07:38
BE22006704	7	0	네, 그래서 한동안 우울하게 회사 생활을 했죠. 그러다 댄스 학원에 지난주에 등록했습니다.	N	2022-07-06 22:39:04	2022-11-08 04:07:38
BE22006704	8	1	드디어 다시 시작하시는군요. 아내 분은 찬성하셨나 봅니다, 이번엔?	N	2022-07-06 22:39:04	2022-11-08 04:07:38
BE22006704	9	0	아니요. 아내 몰래 등록했어요. 그래서 좀 걱정되긴 하지만 흥분되는 마음이 더 큽니다.	N	2022-07-06 22:39:04	2022-11-08 04:07:38
BE22006704	10	1	다른 사람 의견 상관없이 본인이 하고 싶은 일을 선택하신 거네요. 용감하십니다!	N	2022-07-06 22:39:04	2022-11-08 04:07:38
BE22006704	11	0	고민을 좀 하긴 했지만, 춤추는 일이 너무 그리워서 그런 선택을 했습니다.	N	2022-07-06 22:39:04	2022-11-08 04:07:38
BE22006704	12	1	네 저라도 정말 하고 싶은 일이 있다면, 비슷한 결정을 내렸을 것 같습니다.	N	2022-07-06 22:39:04	2022-11-08 04:07:38
BE22006704	13	0	그렇게 말해주시니, 마음이 놓이네요.	N	2022-07-06 22:39:04	2022-11-08 04:07:38
BE22006704	14	1	그럼요, 요즘 얼굴이 밝고 좋아 보이셔서 무슨 일인가 궁금했습니다. 아마 아내 분도 아시게 되면 이제는 충분히 이해해 주실 거라 생각합니다.	N	2022-07-06 22:39:04	2022-11-08 04:07:38
BE22006704	15	0	그렇게 되면 참 좋겠습니다. 덕분에 기쁜 마음이 더 환하게 기뻐지네요. 좋은 말씀 고맙습니다.	Y	2022-07-06 22:39:04	2022-11-08 04:07:38
