id	utterance_id	utterance_type	utterance_text	terminate	regDate	updDate
BE22012996	1	0	제가 부산 사람이라 좀 무뚝뚝하고, 표현을 잘 못하는 게 있어요. 그리고 사투리 쓰는 것도 창피해하고 말이죠. 그런데 이런 저를 위해 여자 친구가 사투리를 배우고 있다는 사실을 알았지 뭐예요.	N	2022-08-03 05:05:34	2022-11-08 04:47:45
BE22012996	2	1	어머나, 정말 사랑스러운 여자 친구네요. 그 사실을 알고 얼마나 감동을 많이 받으셨을까요. 듣는 저도 이렇게 감동받았는데 말이죠.	N	2022-08-03 05:05:34	2022-11-08 04:47:45
BE22012996	3	0	네 사실 감동도 받았고, 여자 친구의 마음이 너무 예뻐서 사랑스럽기도 하고 그랬어요. 무엇보다 그런 사람이 제 여자 친구라는 사실이 참 기쁘더라고요.	N	2022-08-03 05:05:34	2022-11-08 04:47:45
BE22012996	4	1	감정화자님 이렇게 마음을 잘 표현하실 줄 아시면서, 무뚝뚝하다니요. 여자 친구를 향한 감정화자님의 사랑이 저에게도 이렇게 흠뻑 느껴지는걸요.	N	2022-08-03 05:05:34	2022-11-08 04:47:45
BE22012996	5	0	그런가요? 쑥스럽네요. 무슨 이유에서인지 정작 여자 친구에게는 이렇게 표현을 못하겠어요. 제가 뭐라고 이렇게 사투리까지 배워가며, 저를 이해하려 하는지 그 마음이 그저 감사하죠. 그리고 그런 사람을 만날 수 있었다는 게 행운처럼 기쁘게 다가와요.	N	2022-08-03 05:05:34	2022-11-08 04:47:45
BE22012996	6	1	사투리까지 배워가며, 공감화자님을 이해하려는 여자 친구의 마음이 귀하다는 걸 아시는 감정화자님 마음도 참 예쁘네요. 서로를 그렇게 이해하고 소중하게 생각하며, 관계는 더 깊어진다고 생각됩니다. 앞으로 두 분이 만들어 갈 사랑 이야기가 더욱 궁금해집니다.	N	2022-08-03 05:05:34	2022-11-08 04:47:45
BE22012996	7	0	그렇게 말씀해 주셔 감사해요. 여자 친구 만난 지는 얼마 되지 않았지만, 저를 우선 생각하는 배려심을 바라보며 흐뭇한 미소를 짓게 됩니다. 그 모습 덕분에 저도 더 여자 친구를 배려하게 되고 말이죠.	N	2022-08-03 05:05:34	2022-11-08 04:47:45
BE22012996	8	1	두 분의 마음이 아름답게 다가옵니다. 시작하는 연인들이 모두 두 분과 같다면, 이 세상은 핑크빛이 될 것 같아요. 그런 마음으로 오랫동안 사랑을 나누셨으면 좋겠다는 바람도 생기네요.	N	2022-08-03 05:05:34	2022-11-08 04:47:45
BE22012996	9	0	이렇게 고운 마음으로 연애를 하는 게 처음인 것 같아요. 역시 사람은 상대방을 통해 배우는 것 같다는 생각도 합니다. 그러니 만나는 사람이 중요하다고 어른들이 말씀하신 것 같고 말이죠.	N	2022-08-03 05:05:34	2022-11-08 04:47:45
BE22012996	10	1	네 저도 그 말에는 완전히 공감합니다. 누구를 만나느냐에 따라 태도와 생각이 달라지게 마련이니까요.	N	2022-08-03 05:05:34	2022-11-08 04:47:45
BE22012996	11	0	네 그런 면에서 제가 참 많이 배우게 되는 것 같습니다. 여자 친구를 보면서 더 나은 사람이 되고 싶다는 마음이 들었거든요. 이런 제 모습을 보면 반갑고, 기쁜 감정이 들어요.	N	2022-08-03 05:05:34	2022-11-08 04:47:45
BE22012996	12	1	감정화자님 부럽습니다. 좋은 분을 만나 함께 발전하면서 사랑을 나누시는 모습이 좋은 귀감이 되어요.	N	2022-08-03 05:05:34	2022-11-08 04:47:45
BE22012996	13	0	공감화자님께서 편하게 대화를 이끌어주시는 덕분에 제가 마음 편하게 대화를 나눌 수 있었네요. 대화를 나누다 보니 얼마나 소중한 사람을 만나고 있는지도 다시 알게 되고 말이죠. 제 기쁜 마음을 들어주셔 감사해요.	N	2022-08-03 05:05:34	2022-11-08 04:47:45
BE22012996	14	1	무슨 말씀을요, 덕분에 저도 덩달아 기분이 정말 좋아졌는걸요! 이렇게 아름답게 사랑하시는 두 분의 이야기 종종 나눠 주세요.	N	2022-08-03 05:05:34	2022-11-08 04:47:45
BE22012996	15	0	언제나 따뜻한 마음으로 대화 나눠주셔 고맙습니다. 제 마음이 더 따뜻하고, 포근해집니다.	Y	2022-08-03 05:05:34	2022-11-08 04:47:45
