id	utterance_id	utterance_type	utterance_text	terminate	regDate	updDate
BE22015709	1	0	드디어 마음에 드는 소파를 구입했어요. 가구점 여러 곳 돌아다닌 보람이 있네요. 너무 기분이 좋아서 춤이라도 추고 싶은 지경이에요!	N	2022-08-25 11:55:37	2022-11-08 05:04:45
BE22015709	2	1	대리님 이사하신 자취방에 둘 소파 말씀하시는 거죠? 엄청나게 고민하시던데 결국 구입하셨군요. 축하드려요!	N	2022-08-25 11:55:37	2022-11-08 05:04:45
BE22015709	3	0	정말 감사해요. 진짜 제 방에 어울리는 소파가 무엇일까 무지 고민한 보람이 있는 것 같아요. 여러 가구점을 돌아다녀도 다리가 하나도 아프지 않아요!	N	2022-08-25 11:55:37	2022-11-08 05:04:45
BE22015709	4	1	정말 행복하셔서 힘든 것도 모르시는 건가 봐요. 근데 그렇게 마음에 드는 소파를 구입하면 저라도 기분이 좋아서 그랬을 것 같아요.	N	2022-08-25 11:55:37	2022-11-08 05:04:45
BE22015709	5	0	그럼요, 오늘 종일 걸었는데도 새로 산 소파를 보면 힘든 게 뭔지 모를 정도니까요. 어서 빨리 배송이 왔으면 좋겠네요! 지금은 구매한 사진만 계속 바라보고 있어요.	N	2022-08-25 11:55:37	2022-11-08 05:04:45
BE22015709	6	1	저도 며칠 전에 새로운 핸드폰을 구매했는데 지금 배송만 기다리고 있어요. 그래도 너무 행복해서 기다리는 시간조차 즐겁더라고요! 어떤 기분이실지 잘 알 것 같아요.	N	2022-08-25 11:55:37	2022-08-25 11:55:37
BE22015709	7	0	기다리는 시간이 전혀 길게 느껴지지 않아요! 저 소파를 어디에 둘지 상상하면서 이리저리 가구를 옮기다 보면 시간 가는 줄도 모르거든요! 예쁜 1인용 소파라 더욱더 기대돼요!	N	2022-08-25 11:55:37	2022-11-08 05:04:45
BE22015709	8	1	1인용 소파라니 센스가 정말 대단하신데요? 전 당연히 긴 소파를 구입하실 줄 알았거든요! 역시 가구를 고르시는 안목 또한 출중하시군요!	N	2022-08-25 11:55:37	2022-11-08 05:04:45
BE22015709	9	0	그렇게 말씀해주시니 더 기분이 좋네요. 그냥 제 방에 가장 어울릴 것 같은 가구라 구입 한 거예요. 이게 제 방을 한층 더 예쁘게 해줄 것 같거든요.	N	2022-08-25 11:55:37	2022-11-08 05:04:45
BE22015709	10	1	예전부터 소품이나 집을 꾸미는 데 소질이 있으시다고 생각했는데 역시 대단하세요! 방을 그렇게 예쁘게 꾸미시면 집에서 쉬실 때도 기분이 좋으실 것 같아요! 정말 멋있는 집에 살고 계신 것 같아서 부럽습니다.	N	2022-08-25 11:55:37	2022-11-08 05:04:45
BE22015709	11	0	과찬이세요 그래도 심혈을 기울인 집에 대해서 이렇게 칭찬을 들으니 기분이 좋네요. 저도 모르게 절로 미소가 지어지는 것 같아요.	N	2022-08-25 11:55:37	2022-08-25 11:55:37
BE22015709	12	1	나중에 꼭 한번 구경을 가고 싶어요. 저도 요즘 방을 꾸미는 데 심혈을 기울이고 있거든요! 나중에 꼭 저에게도 그 센스를 전수해주세요!	N	2022-08-25 11:55:37	2022-11-08 05:04:45
BE22015709	13	0	얼마든지요! 제 방에 대해서 이렇게 칭찬을 해주시는데 어떻게 안 그러겠어요! 제가 꼭 도와드릴게요.	N	2022-08-25 11:55:37	2022-08-25 11:55:37
BE22015709	14	1	말씀만 들어도 정말 기대가 되네요! 오늘 구매하신 소파도 꼭 구경하고 싶네요.	N	2022-08-25 11:55:37	2022-11-08 05:04:45
BE22015709	15	0	같이 기뻐해 줘서 정말 고마워요! 저도 더 기대되는 것 같아요.	Y	2022-08-25 11:55:37	2022-11-08 05:04:45
