id	utterance_id	utterance_type	utterance_text	terminate	regDate	updDate
BE22000328	1	0	어제 급하게 연차를 써서 죄송해요, 대리님.	N	2022-06-12 15:27:02	2022-11-08 03:26:21
BE22000328	2	1	갑작스럽게 연차를 쓴다고 해서 좀 걱정했어요. 무슨 일 있었나요?	N	2022-06-12 15:27:02	2022-11-08 03:26:21
BE22000328	3	0	그이가 갑자기 깜짝 여행을 준비했지 뭐예요. 아들들 데리고 급하게 동해 바다에 1박 2일로 여행 다녀왔어요.	N	2022-06-12 15:27:02	2022-11-08 03:26:21
BE22000328	4	1	너무 다정시네요. 이런 말 좀 그렇지만 감정화자씨 재혼 정말 잘했네요.	N	2022-06-12 15:27:02	2022-11-08 03:26:21
BE22000328	5	0	저도 그렇게 생각해요. 특히 이 사람이 아들들이랑 잘 지내보려고 노력하는 모습을 보면 너무 고맙고요.	N	2022-06-12 15:27:02	2022-11-08 03:26:21
BE22000328	6	1	그러겠지요. 갓 사춘기가 된 아이들이랑 가까워지는 게 어디 보통 일인가요. 감정화자씨가 아주 마음이 든든하겠어요.	N	2022-06-12 15:27:02	2022-11-08 03:26:21
BE22000328	7	0	축구공까지 챙겨서 여행 준비를 했더라고요. 작은 애가 한창 축구에 재미를 붙였거든요. 모래사장에서 다같이 축구하는 모습을 보니까 코끝이 찡하더라고요.	N	2022-06-12 15:27:02	2022-11-08 03:26:21
BE22000328	8	1	듣기만 해도 흐뭇해요. 감정화자씨가 얼마나 좋겠니? 잘 지내는 것 같아서 한결 마음이 놓네요.	N	2022-06-12 15:27:02	2022-11-08 03:26:21
BE22000328	9	0	솔직히 재혼을 결정할 때 애들이 제일 걸렸거든요. 대리님 말대로 사춘기 사내애들 둘이나 있으니 안 그렇겠어요?	N	2022-06-12 15:27:02	2022-11-08 03:26:21
BE22000328	10	1	다들 그 걱정부터 했잖아요. 그렇지만 감정화자씨가 어려운 결심을 해서 이렇게 좋은 결과를 맞았으니 얼마나 좋은 일이에요.	N	2022-06-12 15:27:02	2022-11-08 03:26:21
BE22000328	11	0	네, 가끔 애들이 그이를 어색하게 대해서 조금 속상한 점은 있지만 차차 나아지겠지요.	N	2022-06-12 15:27:02	2022-11-08 03:26:21
BE22000328	12	1	남편이 그렇게 노력하고 있잖아요. 아이가 어른보다 진심을 더 잘 알아요. 감정화자씨의 애들도 금세 마음을 완전히 열 거예요.	N	2022-06-12 15:27:02	2022-11-08 03:26:21
BE22000328	13	0	그럴 수 있겠지요? 이 감사한 마음을 계속 이어갈 수 있었으면 졸겠어요.	N	2022-06-12 15:27:02	2022-11-08 03:26:21
BE22000328	14	1	감정화자씨와 남편이 신중히 결정한 재혼이잖아요. 아이들도 크면서 한마음으로 네 남편을 아버지로 받아들일 거예요. 이렇게 잘 지내는 거 정말 축하해요.	N	2022-06-12 15:27:02	2022-11-08 03:26:21
BE22000328	15	0	고마워요. 요즘 정말 행복해요.	N	2022-06-12 15:27:02	2022-11-08 03:26:21
BE22000328	16	1	감정화자씨가 행복하다니 나도 좋아요. 앞으로도 계속 이렇게 행복만 하길 빌게요.	N	2022-06-12 15:27:02	2022-11-08 03:26:21
BE22000328	17	0	고마워요. 내일 출근해서 뵈어요.	Y	2022-06-12 15:27:02	2022-11-08 03:26:21
