id	utterance_id	utterance_type	utterance_text	terminate	regDate	updDate
BE22001610	1	0	과장님, 주말 잘 보내고 계시나요?	N	2022-06-16 06:25:18	2022-11-08 03:34:50
BE22001610	2	1	그럼요. 집에서 뒹굴뒹굴하면서 마음껏 쉬다가 방금 피자 주문했어요.	N	2022-06-16 06:25:18	2022-11-08 03:34:50
BE22001610	3	0	제대로 힐링하고 계시네요. 저는 오늘 친구랑 헤이리 마을에 왔어요. 기분이 너무 좋네요.	N	2022-06-16 06:25:18	2022-11-08 03:34:50
BE22001610	4	1	아, 그 전시회 가셨구나! 빈센트 반 고흐 전! 정말 신나시겠는데요?	N	2022-06-16 06:25:18	2022-11-08 03:34:50
BE22001610	5	0	과장님께서 표까지 예매해주셨잖아요. 토요일 되자마자 바로 보러 왔죠. 지금은 끝까지 돌아보고 밥 먹으러 왔어요.	N	2022-06-16 06:25:18	2022-11-08 03:34:50
BE22001610	6	1	그런 적극성, 아주 좋아요. 전시회는 어땠어요? 레플리카인데도 재현을 잘해놨다고 평이 자자하던데.	N	2022-06-16 06:25:18	2022-11-08 03:34:50
BE22001610	7	0	고흐의 그림이라면 바로 생각나는 이미지들 있잖아요. 노란색이나 해바라기, 자화상.	N	2022-06-16 06:25:18	2022-11-08 03:34:50
BE22001610	8	1	맞아요. 고흐가 워낙 그런 작품을 많이 그렸죠. 유명하기도하고.	N	2022-06-16 06:25:18	2022-11-08 03:34:50
BE22001610	9	0	저는 그림도 잘 모르는 데다 고흐의 작품이라면 지겹도록 봤으니까 사실 전시회를 관람해도 별 느낌 없을 줄 알았어요. 그런데 막상 전시를 보니 휴대폰 화면으로 보는 것과 다르더라고요. 정말 감동이었어요.	N	2022-06-16 06:25:18	2022-11-08 03:34:50
BE22001610	10	1	현장에 가야 알 수 있는 공간감과 특유의 공기가 있죠. 고흐의 그림은 워낙 강렬해서 그런지 몰라도 사람의 마음을 잡아끄는 게 있는 것 같아요. 저 같아도 실제로 봤으면 감동 그 자체였을 거 같아요.	N	2022-06-16 06:25:18	2022-11-08 03:34:50
BE22001610	11	0	정말로 그렇더라고요. 전시회를 다녀오니 원본이 엄청 보고 싶어지는 거 있죠?	N	2022-06-16 06:25:18	2022-11-08 03:34:50
BE22001610	12	1	다음에 같이 비행기 타고 보러 가면 되죠.	N	2022-06-16 06:25:18	2022-11-08 03:34:50
BE22001610	13	0	에이, 또 빈말하신다. 아무튼, 과장님 덕분에 좋은 전시회 다녀올 수 있었어요. 정말로 감사드려요.	N	2022-06-16 06:25:18	2022-11-08 03:34:50
BE22001610	14	1	그렇게 말해주니 정말 뿌듯해지는데요? 다음에는 다른 전시회도 같이 가보자고요.	N	2022-06-16 06:25:18	2022-11-08 03:34:50
BE22001610	15	0	너무 좋죠! 제가 한번 검색해보고 연락드릴게요. 그럼 과장님, 식사 맛있게 하세요!	Y	2022-06-16 06:25:18	2022-11-08 03:34:50
