id	utterance_id	utterance_type	utterance_text	terminate	regDate	updDate
BE22001234	1	0	김 대리, 이따 퇴근하고 만나요, 줄 게 있어요.	N	2022-06-14 07:23:56	2022-11-08 03:32:22
BE22001234	2	1	갑자기 선물이라도 주는 거예요? 무슨 일이에요?	N	2022-06-14 07:23:56	2022-11-08 03:32:22
BE22001234	3	0	사실은 내가 어제 생일이었거든요. 내 생일 기념으로 나를 위해 화장품을 샀는데 사는 김에 김 대리 것도 샀어요.	N	2022-06-14 07:23:56	2022-11-08 03:32:22
BE22001234	4	1	생일이었으면 말을 하죠. 조 대리 생일인데 왜 내가 선물을 받아요. 너무 미안해지잖아요.	N	2022-06-14 07:23:56	2022-11-08 03:32:22
BE22001234	5	0	아니예요. 일부러 말을 안 한 게 아니라 정말 나를 위해서 스스로 크게 축하하는 생일을 즐기고 싶어서 그랬어요.	N	2022-06-14 07:23:56	2022-11-08 03:32:22
BE22001234	6	1	그런 거였어? 듣고 보니 혼자 생일을 축하하면서 선물도 사고 그러니까 좋았겠어요. 온전히 본인만을 위한 날인 거잖아요.	N	2022-06-14 07:23:56	2022-11-08 03:32:22
BE22001234	7	0	그러니까요. 요즘 일이 너무 바빠서 조용히 시간 보내고 싶었는데 너무 좋았지요. 혼자서 쇼핑하면서 머리도 비우고.	N	2022-06-14 07:23:56	2022-11-08 03:32:22
BE22001234	8	1	조 대리가 그렇게 즐겼다면 다행이고요. 생일에 내 생각하면서 내 선물까지 사줬다니 너무 감동이네요.	N	2022-06-14 07:23:56	2022-11-08 03:32:22
BE22001234	9	0	뭘 이런 걸 가지고 감동을 받아요. 감동받았으면 이따가 만났을 때 김 대리가 밥 사요.	N	2022-06-14 07:23:56	2022-11-08 03:32:22
BE22001234	10	1	당연하지요. 하루 늦었지만 내가 멋지게 한턱 쏠게요.	N	2022-06-14 07:23:56	2022-11-08 03:32:22
BE22001234	11	0	오늘 서로 너무 좋은 시간을 가지겠어요.	N	2022-06-14 07:23:56	2022-11-08 03:32:22
BE22001234	12	1	근데 조 대리 정말 멋지네요. 혼자서 그렇게 스스로를 위할 줄 알고 말이에요. 우리가 정작 자기 자신을 위해 살기가 어렵잖아요?	N	2022-06-14 07:23:56	2022-11-08 03:32:22
BE22001234	13	0	그렇지요. 한 번씩 이렇게 누구도 신경 안 쓰고 자기 자신을 위해서만 시간을 쓰고 선물도 하는 게 자존감을 기르는 데 도움이 되더라요.	N	2022-06-14 07:23:56	2022-11-08 03:32:22
BE22001234	14	1	덕분에 나도 좋은 걸 깨닫는네요. 인격적으로 성숙한 동료와 가까운 게 너무 좋아요. 항상 이렇게 날 일깨워줘서 너무 고마워요.	N	2022-06-14 07:23:56	2022-11-08 03:32:22
BE22001234	15	0	그렇게 말해주니 어깨가 으쓱해요. 좋은 말 고마워요.	N	2022-06-14 07:23:56	2022-11-08 03:32:22
BE22001234	16	1	그럼 이따가 퇴근하고 만나요.	Y	2022-06-14 07:23:56	2022-11-08 03:32:22
