id	utterance_id	utterance_type	utterance_text	terminate	regDate	updDate
BE22019134	1	0	오늘은 재활용 쓰레기 분리수거 하는 날이에요. 분리수거를 하면 잡생각이 사라지는 것 같아서 기분이 좋아요. 묵혀두었던 쓰레기를 분리수거 할 생각에 기쁘네요.	N	2022-09-20 12:40:37	2022-09-20 12:40:37
BE22019134	2	1	온갖 근심 걱정을 분리수거를 하며 떨쳐 내시는 군요. 그러고 나면 몸도 마음도 더 상쾌할 것 같아요. 즐거워하는 감정화자씨를 보니 저도 참 기쁘네요.	N	2022-09-20 12:40:37	2022-11-08 05:33:25
BE22019134	3	0	쓰레기를 구분하고 분리수거하기 좋게 라벨을 떼는 작업을 반복하면 은근히 재밌기도 하거든요. 재밌는 놀이처럼 느껴지는 분리수거 날이 찾아와서 들뜨는 마음입니다.	N	2022-09-20 12:40:37	2022-09-20 12:40:37
BE22019134	4	1	어떻게 보면 귀찮게 여길 만한 일인데 긍정적으로 생각하며 즐기는 감정화자씨가 정말 대단하네요. 하나의 놀이처럼 분리수거를 한다면 흥겹게 분리수거가 가능할 것 같습니다. 그렇게 좋은 쪽으로 생각할 수 있는 감정화자씨가 참 멋있네요.	N	2022-09-20 12:40:37	2022-11-08 05:33:25
BE22019134	5	0	최근에 아내 혼자 집안일을 하는 것 같아 마음이 좀 그랬거든요. 일이 바빠 한동안 집안일에 손을 대지 못했는데 오늘은 참여할 수 있을 것 같아 좋아요. 제가 도맡아서 할 수있다는 게 마음이 정말 편하고 가볍습니다.	N	2022-09-20 12:40:37	2022-11-08 05:33:25
BE22019134	6	1	진정으로 아내를 위할 줄 아는 정말 멋진 남편이네요. 감정화자씨같은 일등 신랑감은 어디에도 없을 것 같아요. 아내의 집안일을 당연시여기지 않고 가사에 참여하려는 노력이 정말 훌륭합니다.	N	2022-09-20 12:40:37	2022-09-20 12:40:37
BE22019134	7	0	사랑하는 아내를 위해서라면 매일이라도 집안일을 하고 싶은 마음이죠. 하지만 마음처럼 그게 안되니 분리수거라도 열심히 하려고 마음 먹었습니다. 그래서 분리수거를 기쁜 마음으로 기꺼이 할 수 있는 거고요.	N	2022-09-20 12:40:37	2022-09-20 12:40:37
BE22019134	8	1	감정화자씨의 따듯한 마음이 전해져서 저도 모르게 미소가 새어나옵니다. 감정화자씨의 진심이 저를 감동시키네요.	N	2022-09-20 12:40:37	2022-11-08 05:33:25
BE22019134	9	0	공감화자씨가 그렇게 말해주시니 점점 더 기쁨이 커지네요. 칭찬 받으려 말한 것은 아니었는데 쑥스럽지만 기분은 좋습니다.	N	2022-09-20 12:40:37	2022-09-20 12:40:37
BE22019134	10	1	감정화자씨가 이렇게 행복해하는 모습을 보니 제가 다 날아갈 듯이 기뻐지네요.	N	2022-09-20 12:40:37	2022-11-08 05:33:25
BE22019134	11	0	확실히 회사 일이 어느 정도 정리 되니 집안일에 대해서도 생각할 여유가 생기네요. 그래서 마음이 더 안정되고 편해지면서 집에 가서 분리수거할 계획을 세우고 있어요.	N	2022-09-20 12:40:37	2022-09-20 12:40:37
BE22019134	12	1	그동안 이끌어오던 프로젝트가 성공리에 마쳤으니 홀가분하실 것 같아요. 마음 같아서는 일찍 집에 보내드리고 싶은 심정입니다.	N	2022-09-20 12:40:37	2022-11-08 05:33:25
BE22019134	13	0	마음만으로도 정말 고마운 걸요. 공감화자씨와 말하고 나니 더 힘이 생겨서 분리수거도 거뜬히 해낼 것 같습니다.	N	2022-09-20 12:40:37	2022-09-20 12:40:37
BE22019134	14	1	그렇게 느끼셨다면 정말 다행입니다. 저희 남은 업무 시간 조금 더 힘내보자고요!	Y	2022-09-20 12:40:37	2022-11-08 05:33:25
