id	utterance_id	utterance_type	utterance_text	terminate	regDate	updDate
BE22016019	1	0	이번 추석 때 손주들과 나들이를 가서 너무 행복했어요.	N	2022-08-28 03:50:22	2022-08-28 03:50:22
BE22016019	2	1	연휴 동안 날씨도 좋았잖아요. 즐겁게 보내신 것 같아 마음이 좋네요.	N	2022-08-28 03:50:22	2022-11-08 05:06:41
BE22016019	3	0	맞아요. 근교에 있는 호수공원에 갔는데 날이 화창해서 그런지 더 행복하더군요. 손주들이 걸으면서 길가에 버려진 쓰레기를 줍더라고요. 어린 녀석들이 어쩜 저를 빼닮은 행동만 하는지 뿌듯했어요.	N	2022-08-28 03:50:22	2022-08-28 03:50:22
BE22016019	4	1	세상에, 말만 들어도 기특한 손주들이네요. 말씀처럼 감정화자씨의 평소 솔선수범한 모습을 꼭 빼닮은 것 같은걸요. 감정화자씨가 느낄 뿌듯함이 너무 와닿네요.	N	2022-08-28 03:50:22	2022-11-08 05:06:41
BE22016019	5	0	공감화자씨도 아시다시피 제가 날마다 길가에 버려진 쓰레기를 줍곤 하잖아요. 언제 봤는지 손주들이 그 행동을 따라 하고 있길래 기뻤어요.	N	2022-08-28 03:50:22	2022-11-08 05:06:41
BE22016019	6	1	손주들에게 모범이 되는 조부모가 된다니, 인생에 그만한 기쁨도 없을 것 같아요. 역시 어른이 먼저 좋은 행동을 실천해야 아이들이 본받는 것 같네요. 감정화자씨는 정말 훌륭한 어른이자 조부모예요.	N	2022-08-28 03:50:22	2022-11-08 05:06:41
BE22016019	7	0	칭찬해주시니 쑥스럽지만, 기분은 좋네요. 아무래도 손주들 좋은 점은 전부 나를 닮은 것 같아요. 식구들도 손주들의 모습을 보더니 제 얘기를 하면서 칭찬하더라고요.	N	2022-08-28 03:50:22	2022-11-08 05:06:41
BE22016019	8	1	당연하죠. 누구나 손주들의 대견한 모습에서 감정화자씨의 평소 모습을 떠올렸을 거예요. 명절날 가족과 만난 것만으로도 행복하셨을 텐데, 그런 일까지 있었으니 마음이 너무 좋으셨겠어요. 듣는 제 가슴도 따뜻해지는걸요.	N	2022-08-28 03:50:22	2022-11-08 05:06:41
BE22016019	9	0	이번 일을 겪고 나서 제가 더 성실하게 살아야겠다고 생각했어요. 제 모습을 아이들이 보고 배울 수 있다는 걸 잊지 않고, 좋은 것만 물려주고 싶어서요.	N	2022-08-28 03:50:22	2022-11-08 05:06:41
BE22016019	10	1	어쩜 감정화자씨는 제 예상을 뛰어넘는 생각만 하시는 것 같아요. 거기서 그치지 않고 더 노력해야겠다는 다짐을 하시다니 대단한걸요. 아무렴 손주들뿐만 아니라 저도, 세상 사람들도 모두 감정화자씨를 본받아야 할 거예요.	N	2022-08-28 03:50:22	2022-11-08 05:06:41
BE22016019	11	0	공감화자씨 말씀을 들으니 제가 무슨 대단한 사람이 된 것 같네요. 늙어서 이런 즐거움을 느끼다니 인생은 아직 살 만한 것 같아요. 노년도 전혀 쓸쓸하지 않네요.	N	2022-08-28 03:50:22	2022-11-08 05:06:41
BE22016019	12	1	그동안 감정화자씨가 열심히 살아오면서 일군 것들이 노년에도 복으로 돌아온 덕일 거예요. 충만한 일상을 보내시는 것 같아 마음이 놓이네요. 감정화자씨의 기쁨이 꼭 제 기쁨처럼 느껴져요.	N	2022-08-28 03:50:22	2022-11-08 05:06:41
BE22016019	13	0	공감화자씨가 너무 잘 공감해주시니까 뿌듯하네요. 다음에 기회가 된다면 제 손주들도 소개해드리고 싶어요.	N	2022-08-28 03:50:22	2022-11-08 05:06:41
BE22016019	14	1	정말요? 그렇게 좋은 만남은 마다할 이유가 없죠. 요즘은 감정화자씨와 나누는 감정에 저도 긍정적인 영향만 받는 것 같아요.	N	2022-08-28 03:50:22	2022-11-08 05:06:41
BE22016019	15	0	저도 마찬가지예요. 역시 기쁨은 나누면 배가 되나 봐요. 이른 시일 안에 만남이 성사됐으면 좋겠네요!	Y	2022-08-28 03:50:22	2022-11-08 05:06:41
