id	utterance_id	utterance_type	utterance_text	terminate	regDate	updDate
BE22015976	1	0	대리님, 저희 아들이 초등학교 입학하더니 패션에 부쩍 관심이 커졌어요. 귀엽기도 하고 잘 자라고 있는 것 같아 기쁘네요.	N	2022-08-27 08:14:20	2022-11-08 05:06:25
BE22015976	2	1	듣기에도 너무 흐뭇한 일이네요. 자식이 성장하면서 관심사가 느는 걸 보면 부모로서 정말 뿌듯할 거예요.	N	2022-08-27 08:14:20	2022-11-08 05:06:25
BE22015976	3	0	그러니까요. 예전엔 입혀주는 대로 입더니 요즘은 제 취향이 생겨 고집을 부려요. 그마저도 저를 기쁘게 한답니다. 주말마다 아들이랑 쇼핑하러 다니는 게 낙이 됐어요.	N	2022-08-27 08:14:20	2022-08-27 08:14:20
BE22015976	4	1	하하하. 동료이기 이전에 같은 엄마로서 웃음이 나는걸요. 그런 즐거움이 생기면 하루하루가 행복할 거예요. 취향이 생겼다는 게 주관이 확실해졌다는 의미기도 하니까요, 아들을 키우는 마음이 너무 좋겠어요.	N	2022-08-27 08:14:20	2022-11-08 05:06:25
BE22015976	5	0	맞아요. 제가 생각하기에는 아무래도 같은 반에 좋아하는 친구가 생긴 것 같아요. 학교 가기 전에 스스로 단장하는 걸 보고 있으면 귀여워서 웃음이 막 나요.	N	2022-08-27 08:14:20	2022-08-27 08:14:20
BE22015976	6	1	아이가 풋사랑을 시작하는 걸 지켜보는 일만큼 행복한 순간도 없을 거예요. 감정화자씨도 아침마다 덩달아 설레겠는걸요. 괜히 제가 부럽기까지 하네요.	N	2022-08-27 08:14:20	2022-11-08 05:06:25
BE22015976	7	0	어렸을 때 제가 생각나면서 설레고 좋더라고요. 작은 손으로 머리를 막 만지는 걸 보면 언제 이렇게 컸나 싶고 뿌듯해요. 아들 덕분에 요즘 아주 마음이 좋아요.	N	2022-08-27 08:14:20	2022-08-27 08:14:20
BE22015976	8	1	감정화자씨가 아들의 성장을 온전히 기쁘게만 바라보는 게 저도 보기 좋네요. 감정화자씨는 평범한 일상에서도 특별한 기쁨을 찾는 재주가 뛰어난 것 같아요. 그 따뜻한 시선 덕분에 행복이 배가 되는 것도 있을 거예요.	N	2022-08-27 08:14:20	2022-11-08 05:06:25
BE22015976	9	0	그렇게 말씀해주시니 쑥스럽네요. 저는 육아로 지칠 때마다 옷을 고르는 아들 모습을 떠올리면서 마음을 달래거든요. 긍정적으로 생각하는 법을 조금은 터득하게 됐다고나 할까요.	N	2022-08-27 08:14:20	2022-11-08 05:06:26
BE22015976	10	1	육아로 고단한 와중에 그렇게 마음먹기가 쉽지 않잖아요. 감정화자씨는 제가 아는 것보다 훨씬 더 현명한 분이신 것 같아요. 대화하다 보면 늘 저까지 좋은 영향을 얻게 된다니까요.	N	2022-08-27 08:14:20	2022-11-08 05:06:26
BE22015976	11	0	자꾸 칭찬해주시니까 부끄럽지만, 기분은 좋네요. 확실히 대리님과 얘기하면 공감대가 있어서 마음이 더 좋아지는 것 같아요.	N	2022-08-27 08:14:20	2022-11-08 05:06:26
BE22015976	12	1	저도 그래요. 머릿속으로 두 모자의 모습을 그려보고 있는데 저까지 행복해지네요. 훌륭한 엄마 밑에서 몸도 마음도 건강히 자라고 있는 아들일 것 같아 안심돼요.	N	2022-08-27 08:14:20	2022-11-08 05:06:26
BE22015976	13	0	주책이긴 하지만 아들이 제가 봐도 잘생겼거든요. 앞으로도 원하는 대로 멋지고 좋은 옷만 입히고 싶네요.	N	2022-08-27 08:14:20	2022-08-27 08:14:20
BE22015976	14	1	아들의 행복이 곧 엄마의 기쁨이잖아요. 좋은 것만 해주고 싶은 마음이 뭔지 엄마로서 너무 와닿아요. 감정화자씨랑 얘기하고 있으니까 저도 괜히 제 아들에게 더 잘해줘야겠다 싶은걸요.	N	2022-08-27 08:14:20	2022-11-08 05:06:26
BE22015976	15	0	저야말로 대화하면서 느끼는 바가 커졌어요. 다음에는 서로의 아들과 함께 만나도 좋을 것 같네요.	N	2022-08-27 08:14:20	2022-08-27 08:14:20
BE22015976	16	1	생각만 해도 기분이 좋아지는 일인걸요. 빠른 시일 내로 시간을 맞춰 봐요.	Y	2022-08-27 08:14:20	2022-08-27 08:14:20
