id	utterance_id	utterance_type	utterance_text	terminate	regDate	updDate
BE22007230	1	0	딸이 다음 달에 손주 중학교 입학식에 참여해요.	N	2022-07-08 09:37:32	2022-11-08 04:11:02
BE22007230	2	1	감정화자씨네 손주가 벌써 중학생이 되었어요? 유치원 다닐 때가 엊그제 같은데.	N	2022-07-08 09:37:32	2022-11-08 04:11:02
BE22007230	3	0	네. 아이들은 정말 빨리 크죠? 제 딸이 다 커서 아이를 낳은 것도 신기한데, 손주 중학교 입학식에 참여하다니요. 아이의 성장을 지켜보는 게 제 인생의 가장 큰 기쁨이에요.	N	2022-07-08 09:37:32	2022-11-08 04:11:02
BE22007230	4	1	정말 기쁘실 것 같아요. 아이의 모든 처음을 함께하는 게 부모로서 더할 나위 없는 축복이잖아요. 할머니로서도, 엄마로서도 처음을 함께하시니까 의미 있겠어요.	N	2022-07-08 09:37:32	2022-11-08 04:11:02
BE22007230	5	0	맞아요. 그래서 중학교 입학식도 너무 기대돼요. 손주가 교복을 입고 서 있는 모습을 상상하면 어찌나 기쁘고 두근거리는지 몰라요. 아마 제 딸아이도 같은 마음이겠죠.	N	2022-07-08 09:37:32	2022-11-08 04:11:02
BE22007230	6	1	정말 설레시겠는데요? 저도 제 첫아이 교복 입은 모습이 너무 좋아서 사진을 왕창 찍어놨던 기억이 있어요. 입학식 가셔서 사진 많이 찍고 좋은 시간 보내시다 오세요.	N	2022-07-08 09:37:32	2022-11-08 04:11:02
BE22007230	7	0	네. 안 그래도 좋은 화질로 기록해두고 싶어서 딸과 함께 카메라까지 빌렸어요. 저희 둘 다 만반의 준비를 한 셈이죠.	N	2022-07-08 09:37:32	2022-11-08 04:11:02
BE22007230	8	1	감정화자씨 같은 할머니가 있어서 아이는 참 행복할 것 같아요. 아이가 성장하는 모습을 허투루 생각하지 않고, 귀하게 여겨주고 기록하시는 모습이 참 멋있어요.	N	2022-07-08 09:37:32	2022-11-08 04:11:02
BE22007230	9	0	어머. 그렇게 말씀해 주셔서 정말 감사해요. 딸이 기뻐하는 모습을 보고 싶어서 준비하는 거기도 해요. 그날 카메라로 손주를 잔뜩 찍을 생각하니까 너무 설레는 거 있죠?	N	2022-07-08 09:37:32	2022-11-08 04:11:02
BE22007230	10	1	감정화자씨가 너무 즐거워하시니까 저까지 흐뭇한데요? 예쁜 꽃다발도 준비해 가시면 사진 찍을 때 더 예쁘게 나오지 않을까요?	N	2022-07-08 09:37:32	2022-11-08 04:11:02
BE22007230	11	0	남편이 꽃다발도 챙겨 오기로 했어요. 예쁜 사진 많이 찍어서 공감화자씨한테도 보여드릴게요!	N	2022-07-08 09:37:32	2022-11-08 04:11:02
BE22007230	12	1	너무 좋죠. 감정화자씨의 가족들에게 소중한 하루를 공유해 주셔서 감사해요. 오늘 감정화자씨가 너무 들뜨고 행복해 보여서 저까지 기분이 좋아졌어요.	N	2022-07-08 09:37:32	2022-11-08 04:11:02
BE22007230	13	0	저야말로 공감화자씨가 제 이야기를 늘 성심껏 들어 주셔서 얼마나 좋은지 몰라요. 공감화자씨랑 이야기하다 보면 행복한 기분이 두 배로 늘어나는 것 같아요.	N	2022-07-08 09:37:32	2022-11-08 04:11:02
BE22007230	14	1	그렇게 생각해 주셔서 감사해요. 앞으로도 즐거운 일 있으시면 저한테 말씀해 주세요.	N	2022-07-08 09:37:32	2022-11-08 04:11:02
BE22007230	15	0	꼭 그럴게요! 그럼, 입학식 사진 기대하고 계세요.	Y	2022-07-08 09:37:32	2022-11-08 04:11:02
