id	utterance_id	utterance_type	utterance_text	terminate	regDate	updDate
BE22001609	1	0	저 얼마 전에 생일이었잖아요. 시누이가 생일선물로 아주 큰 걸 줬어요.	N	2022-06-16 06:23:19	2022-11-08 03:34:50
BE22001609	2	1	정말요? 무슨 선물을 받으셨는데요?	N	2022-06-16 06:23:19	2022-11-08 03:34:50
BE22001609	3	0	식기세척기요. 정말 필요하던 건데, 마침 너무 잘 된 거 있죠. 결혼하고 꼭 친동생 한 명이 더 생긴 것 같아 기뻐요.	N	2022-06-16 06:23:19	2022-11-08 03:34:50
BE22001609	4	1	감정화자씨가 성격이 좋으시잖아요. 시누이랑 그렇게 가깝게 지내는 것도 드문 일인데, 감정화자씨가 워낙 시누이를 편하고 다정하게 대해 주셔서 그런 걸 거예요. 그러니까 그렇게 큰 선물도 흔쾌히 사주시는 거겠죠.	N	2022-06-16 06:23:19	2022-11-08 03:34:50
BE22001609	5	0	정말요? 안 그래도 시누이가 저를 정말 좋아하고 따르기는 하거든요.	N	2022-06-16 06:23:19	2022-11-08 03:34:50
BE22001609	6	1	저라도 그럴 것 같아요. 감정화자씨는 사실 누구라도 안 좋아하기가 힘든 성격이시긴 하죠. 쾌활하고 사랑스럽잖아요.	N	2022-06-16 06:23:19	2022-11-08 03:34:50
BE22001609	7	0	그렇게 좋게 봐주시니 고마워요. 요즘 시누이의 사랑을 듬뿍 받고 있어서 안 그래도 날아갈 것 같은데, 공감화자씨 덕분에 더 행복한데요?	N	2022-06-16 06:23:19	2022-11-08 03:34:50
BE22001609	8	1	저야말로 감정화자씨랑 같은 팀원이라 긍정적인 기운을 가득 받고 있어요. 제가 더 감사할 따름이에요!	N	2022-06-16 06:23:19	2022-11-08 03:34:50
BE22001609	9	0	공감화자씨 생일 선물로 식기세척기라도 사드려야겠어요. 말을 이렇게 예쁘게 하시니 몸 둘 바를 모르겠네요.	N	2022-06-16 06:23:19	2022-11-08 03:34:50
BE22001609	10	1	하하하. 진심을 전하는 것뿐인데요. 시누이분과 지금처럼 잘 지내시면 좋겠어요. 정말 보기 좋아요.	N	2022-06-16 06:23:19	2022-11-08 03:34:50
BE22001609	11	0	왠지 세월이 지나도 싸울 일 없이 이렇게 지낼 것 같아요. 시댁 식구들이 성격이 하나같이 좋아서 참 행운이다 싶어요.	N	2022-06-16 06:23:19	2022-11-08 03:34:50
BE22001609	12	1	아마 시댁 식구분들도 같은 생각을 하고 계실 거예요. 감정화자씨 같은 분이 식구가 되어서 참 다행이라고요.	N	2022-06-16 06:23:19	2022-11-08 03:34:50
BE22001609	13	0	쑥스럽네요. 정말 감사해요. 저를 이렇게 좋게 봐주시니까 저도 더 잘하고 싶어지네요.	N	2022-06-16 06:23:19	2022-11-08 03:34:50
BE22001609	14	1	지금도 충분하답니다. 내년 생일에는 저도 꼭 좋은 선물해드리고 싶어요.	N	2022-06-16 06:23:19	2022-11-08 03:34:50
BE22001609	15	0	지금처럼 진심 어린 축하와 애정만으로도 정말 감사한걸요. 말씀만으로도 기뻐요.	Y	2022-06-16 06:23:19	2022-11-08 03:34:50
