id	utterance_id	utterance_type	utterance_text	terminate	regDate	updDate
BE22007223	1	0	오늘 제 아들이 인생 첫 투표권을 행사했어요. 18세가 되었거든요.	N	2022-07-08 09:31:01	2022-11-08 04:10:59
BE22007223	2	1	어머, 감정화자씨네 아들이 벌써 18살이 되었다고요? 시간 정말 빠르네요. 오늘 정말 뜻깊은 하루겠어요.	N	2022-07-08 09:31:01	2022-11-08 04:10:59
BE22007223	3	0	네. 아들도 무척 기분 좋아하더라고요. 평소에 정치에 관심이 많거든요.	N	2022-07-08 09:31:01	2022-11-08 04:10:59
BE22007223	4	1	정말 대견한데요. 어린 나이에 정치에 관심도 가지고, 투표하고 나서 뿌듯함도 느끼고. 나중에 크게 되겠어요.	N	2022-07-08 09:31:01	2022-11-08 04:10:59
BE22007223	5	0	하하. 그랬으면 좋겠네요. 저도 감회가 새로워요. 제게는 아직 아기 같기만 한데, 언제 저렇게 커서 투표할 나이가 되었는지.	N	2022-07-08 09:31:01	2022-11-08 04:10:59
BE22007223	6	1	무슨 마음인지 알아요. 가끔은 자식들이 크는 속도를 보면 깜짝깜짝 놀란다니까요. 그게 참 경이롭고 기쁘기도 하고, 한편으로는 아쉽고 서운하기도 하고요.	N	2022-07-08 09:31:01	2022-11-08 04:10:59
BE22007223	7	0	그러게요. 언제나 양가감정에 시달렸지만, 오늘만큼은 무척 기뻐요. 아이 인생에 잊을 수 없는 첫 경험을 제가 옆에서 지켜볼 수 있어서요.	N	2022-07-08 09:31:01	2022-11-08 04:10:59
BE22007223	8	1	감정화자씨는 참 좋은 어머니인 것 같아요. 아이에게 늘 자유를 보장해 주면서도, 아이 인생에 소중한 일들을 다 지켜봐 주시잖아요. 그런 균형 잡힌 태도가 참 탁월한 양육법인 것 같아요.	N	2022-07-08 09:31:01	2022-11-08 04:10:59
BE22007223	9	0	좋게 봐주셔서 감사해요. 사실 제가 잔소리를 할 필요 없이 아들이 알아서 곧잘 하기 때문이기도 해요. 저야 정말 복 받은 엄마죠.	N	2022-07-08 09:31:01	2022-11-08 04:10:59
BE22007223	10	1	감정화자씨가 너무 기분이 좋아 보이셔서 저까지 행복해지는데요? 감정화자씨가 아들 이야기를 하실 때마다 눈빛이 초롱초롱 빛나셔서, 덩달아 기분이 좋아져요.	N	2022-07-08 09:31:01	2022-11-08 04:10:59
BE22007223	11	0	제가 그런가요? 하하. 공감화자씨가 이야기를 너무 잘 들어 주시니까 제가 자꾸 아들 자랑을 하게 되나 봐요. 늘 진심으로 들어 주시고 함께 이야기해 주셔서 정말 감사해요.	N	2022-07-08 09:31:01	2022-11-08 04:10:59
BE22007223	12	1	에이, 저는 진심으로 재밌어서 듣는 건데요. 오늘 아들한테 첫 투표 정말 축하한다고, 소중한 하루로 기억되길 바란다고 꼭 전해 주세요.	N	2022-07-08 09:31:01	2022-11-08 04:10:59
BE22007223	13	0	알겠어요. 공감화자씨는 참 다정하신 분 같아요. 그래서 함께 이야길 나누면 기분이 좋아져요.	N	2022-07-08 09:31:01	2022-11-08 04:10:59
BE22007223	14	1	감정화자씨도 마찬가지예요! 같이 이야기하다 보면 시간 가는 줄 모르고 즐겁다니까요. 조만간 퇴근하고 함께 밥 한번 먹어요.	N	2022-07-08 09:31:01	2022-11-08 04:10:59
BE22007223	15	0	너무 좋죠. 조만간 시간 잡아 봐요!	Y	2022-07-08 09:31:01	2022-11-08 04:10:59
