id	utterance_id	utterance_type	utterance_text	terminate	regDate	updDate
BE22012924	1	0	나 요즘 살이 좀 빠진 것 같지 않아?	N	2022-08-02 12:13:39	2022-11-08 04:47:17
BE22012924	2	1	살만 빠진 게 아니라 얼굴도 좋아졌어. 요즘 좋은 일 있어?	N	2022-08-02 12:13:39	2022-11-08 04:47:17
BE22012924	3	0	나 스피닝 한 달째 하고 있는데 어제 몸무게 재보니까 살이 조금 빠졌더라고. 그래서 너무 기분이 좋다.	N	2022-08-02 12:13:39	2022-11-08 04:47:17
BE22012924	4	1	스피닝 엄청 힘들다던데 대단하다. 더군다나 회사 끝나고 가면 엄청 힘들 텐데. 일 끝나고 가서 하기 피곤하진 않아?	N	2022-08-02 12:13:39	2022-11-08 04:47:17
BE22012924	5	0	처음엔 페달 밟는 것도 힘들었는데 계속하니까 잘하게 되더라고. 그리고 오히려 땀을 흠뻑 흘리면서 운동하니까 활력이 생겨. 운동하기 전엔 퇴근하고 나면 너무 무기력했고 그 기분 떨치려고 술을 많이 먹었거든.	N	2022-08-02 12:13:39	2022-11-08 04:47:17
BE22012924	6	1	너 한동안 너무 술을 자주 먹어서 걱정됐었어. 좋은 방법으로 풀어서 다행이긴 한데, 요즘도 무척 힘들어? 한동안 팀장님 때문에 힘들어했잖아.	N	2022-08-02 12:13:39	2022-11-08 04:47:17
BE22012924	7	0	지금도 사실 많이 힘들어. 팀장님은 내가 하는 것 뭐든 맘에 안 들어 하시고, 나는 어떻게 맞춰가야 할지 모르겠고. 신경 안 쓰겠다고 생각은 하지만 상사니까 완전히 무시할 수도 없잖아.	N	2022-08-02 12:13:39	2022-11-08 04:47:17
BE22012924	8	1	맞아. 누군가가 나를 싫어하는 것만큼 힘든 일도 없는데. 더군다나 직장 상사면 더 어렵지. 그때 팀장님이 아무리 뭐라고 해도 꾹 참는 네 모습이 대단하게 느껴지면서도 너무 안쓰러웠어.	N	2022-08-02 12:13:39	2022-11-08 04:47:17
BE22012924	9	0	나도 나 자신이 안쓰러웠어. 그만둘 생각도 많이 했지만, 용기는 안 나고. 어디에든 기대고 싶다고 찾은 게 술이었던 것 같아.	N	2022-08-02 12:13:39	2022-11-08 04:47:17
BE22012924	10	1	마음도 아픈데 술 때문에 건강까지 상하면 너만 더 힘들어지잖아. 많이 걱정했는데, 그런데 이렇게 건강한 방법으로 이겨낸다니 대단한걸.	N	2022-08-02 12:13:39	2022-11-08 04:47:17
BE22012924	11	0	나도 어느 순간 그 생각이 들더라고. 이래봤자 나만 더 손해인 것 같아서 나가서 뭐든 하려고 시작한 게 운동이었어. 그런데 운동하고 나니까 오히려 회사도, 팀장님도 버텨낼 힘이 생기더라고.	N	2022-08-02 12:13:39	2022-11-08 04:47:17
BE22012924	12	1	나는 너처럼 힘들 때 숨거나 피하기 바빴어. 그런데 운동으로 극복하는 널 보니까 너무 기특해. 막연하게 힘내겠다고 하는 게 아니라, 정말로 네가 스스로 움직여서 힘을 얻고 있잖아.	N	2022-08-02 12:13:39	2022-11-08 04:47:17
BE22012924	13	0	나는 힘든 일을 버텨낼 단단한 힘을 갖고 싶어. 스피닝을 통해서 많이 얻었고.	N	2022-08-02 12:13:39	2022-11-08 04:47:17
BE22012924	14	1	이미 너는 충분히 단단한 사람이 된 것 같아. 워낙 마음이 건강한데 운동까지 해서 어떤 위기든 잘 이겨내도록 강해진 것 같은데. 그래도 운동만으로 극복이 안 될 땐 꼭 나에게 털어놔야 해.	N	2022-08-02 12:13:39	2022-11-08 04:47:17
BE22012924	15	0	당연하지. 나는 동기인 너와 말할 때 힘을 가장 많이 얻는걸. 그리고 운동도 좋지만, 너랑 먹는 맥주 한잔도 포기할 수 없어.	N	2022-08-02 12:13:39	2022-11-08 04:47:17
BE22012924	16	1	얘기 나온 김에 동기 모임을 계획해야겠다. 네 걱정하던 다른 동기들도 너 좋아진 모습 보면 기뻐할 거야.	Y	2022-08-02 12:13:39	2022-11-08 04:47:17
