id	utterance_id	utterance_type	utterance_text	terminate	regDate	updDate
BE22001249	1	0	대리님, 제 여자 친구 공무원 시험에 합격했어요.	N	2022-06-14 07:49:44	2022-11-08 03:32:28
BE22001249	2	1	그렇게 긴 시간 노력하시더니 마침내 결실을 이루셨군요. 정말 축하한다고 전해줘요.	N	2022-06-14 07:49:44	2022-11-08 03:32:28
BE22001249	3	0	이제 더 이상 여자 친구가 힘들어하는 거 보지 않아도 돼서 정말 다행이에요.	N	2022-06-14 07:49:44	2022-11-08 03:32:28
BE22001249	4	1	맞아요. 시험 준비하시느라 몸도 마음도 많이 상하신 것 같았어요.	N	2022-06-14 07:49:44	2022-11-08 03:32:28
BE22001249	5	0	가끔 공부하다가 지쳐서 울 때마다 옆에서 해줄 수 있는 게 없어서 정말 괴로웠거든요.	N	2022-06-14 07:49:44	2022-11-08 03:32:28
BE22001249	6	1	그랬을 것 같아요. 남자친구로서 해줄 수 있는 게 없다는 기분에 감정화자씨도 참 힘들었을 것 같아요. 이제는 둘 다 꽃길 걸을 일만 남았네요.	N	2022-06-14 07:49:44	2022-11-08 03:32:28
BE22001249	7	0	이제 슬슬 결혼도 준비해 보려고요. 당분간은 이 기쁨을 즐기느라 바쁘겠지만요.	N	2022-06-14 07:49:44	2022-11-08 03:32:28
BE22001249	8	1	둘 다 정말 고생 많았어요. 사실 여자 친구가 시험에 합격할지 어떨지도 모르는 상황에서 무조건적으로 지원해 주고, 결혼을 약속한 감정화자씨도 참 멋있는 사람이에요. 요즘 같은 시대에 그런 애인도 정말 희귀하다고 생각해요.	N	2022-06-14 07:49:44	2022-11-08 03:32:28
BE22001249	9	0	여자 친구도 내가 취직하는 거 얼마나 도와줬는데요. 나도 꼭 도움이 되고 싶었거든요. 받은 만큼 돌려주고 싶어서 그 부담감도 엄청 심했었어요.	N	2022-06-14 07:49:44	2022-11-08 03:32:28
BE22001249	10	1	옆에서 지켜보기에도 그래 보였어요. 감정화자씨가 여자 친구를 도와줘야 한다는 책임감이 무척 강해 보이더라고요. 이제 그 책임감으로부터 해방되었으니 마음껏 기뻐해요.	N	2022-06-14 07:49:44	2022-11-08 03:32:28
BE22001249	11	0	비로소 모든 게 안정적으로 느껴져요. 여자 친구 얼굴을 보는데 이제 고생은 다 끝났다 싶어서 어찌나 안심되던지요.	N	2022-06-14 07:49:44	2022-11-08 03:32:28
BE22001249	12	1	이제 좋은 일만 있을 거예요. 여자 친구가 얼른 새 직장에 적응하셔서 결혼 준비도 하고, 달콤한 신혼생활도 즐기길 바랄게요.	N	2022-06-14 07:49:44	2022-11-08 03:32:28
BE22001249	13	0	고마워요. 여자 친구랑 조만간 함께 자리 가지자요. 취업한 기념으로 크게 한턱 쏠게요.	N	2022-06-14 07:49:44	2022-11-08 03:32:28
BE22001249	14	1	한턱 쏘는 건 내가 해야지요. 결혼하게 되면 그때는 감정화자씨가 거하게 쏴요.	N	2022-06-14 07:49:44	2022-11-08 03:32:28
BE22001249	15	0	네. 그럼 시간 잡아보아요.	Y	2022-06-14 07:49:44	2022-11-08 03:32:29
