id	utterance_id	utterance_type	utterance_text	terminate	regDate	updDate
BE22003520	1	0	내가 남편이 갱년기라고 얘기했던가요?	N	2022-06-25 02:33:44	2022-11-08 03:47:04
BE22003520	2	1	처음 듣는 얘기에요. 남자도 갱년기가 있다는 말은 들어봤어요.	N	2022-06-25 02:33:44	2022-11-08 03:47:04
BE22003520	3	0	내가 지금 갱년기잖아요. 남편이 갱년기라고 얼마나 유난을 떠는지. 내 입장에서 보면 아주 웃긴다니까요.	N	2022-06-25 02:33:44	2022-11-08 03:47:04
BE22003520	4	1	김 대리님이 갱년기라고, 호르몬 변화가 심해서 힘들다고 하신 건 기억나요. 남편분도 그러신 거예요?	N	2022-06-25 02:33:44	2022-11-08 03:47:04
BE22003520	5	0	개인 차이가 있겠지만, 여자들이 느끼는 갱년기 증상하곤 차이가 있어요. 본인이 갱년기라고 얼마나 나를 이해하는 척을 하는지. 덕분에 엄청나게 배려받고 있어요.	N	2022-06-25 02:33:44	2022-11-08 03:47:04
BE22003520	6	1	김 대리님이 갱년기라서 힘들어하셨는데 정말 잘 됐어요. 힘들 때 이해해주고 배려해주면 그래도 기운이 나잖아요. 갱년기로 인해 두 분 사이가 더 좋아질 것 같은데요?	N	2022-06-25 02:33:44	2022-11-08 03:47:04
BE22003520	7	0	남편이 배려해주니까 기분이 좋은 건 사실이에요. 워낙 배려가 없는 사람이었거든요. 게다가 말이 얼마나 많아졌는지, 요즘 남편과 수다 떠는 재미가 새로 생겼어요.	N	2022-06-25 02:33:44	2022-11-08 03:47:04
BE22003520	8	1	김 대리님 정말 기분이 좋으신가 봐요. 마음만 잘 맞으면 배우자만큼 가까운 친구가 어딨겠어요. 김 대리님이 너무 부러워지는데요.	N	2022-06-25 02:33:44	2022-11-08 03:47:04
BE22003520	9	0	갱년기가 되면 진짜 아침잠이 없어지거든요. 예전엔 남편 깨우느라 너무 힘들었는데, 요즘은 아침에 산에 같이 올라가는 게 일상이 됐어요.	N	2022-06-25 02:33:44	2022-11-08 03:47:04
BE22003520	10	1	김 대리님의 즐거운 비명이 들리는 것 같아요. 갱년기 때문에 우울해하셨잖아요. 기분이 밝아지신 것 같아 제가 다 기분이 좋아요.	N	2022-06-25 02:33:44	2022-11-08 03:47:04
BE22003520	11	0	그러게요. 남편이 갱년기 됐다고 좋아하는 여자는 저밖에 없을 것 같아요.	N	2022-06-25 02:33:44	2022-11-08 03:47:04
BE22003520	12	1	얼마나 다행이에요. 두 분이 갱년기라고 서로 이해하고 배려하는 모습 보기 좋아요.	N	2022-06-25 02:33:44	2022-11-08 03:47:04
BE22003520	13	0	그래요? 남편과 나의 갱년기, 둘이 힘을 합쳐 잘 견디고 극복해 볼게요.	N	2022-06-25 02:33:44	2022-11-08 03:47:04
BE22003520	14	1	기분 좋은 얘기 들으니까 덕분에 저도 힘이 나네요. 파이팅입니다.	Y	2022-06-25 02:33:44	2022-11-08 03:47:04
