id	utterance_id	utterance_type	utterance_text	terminate	regDate	updDate
BE22005762	1	0	저 내일 한라산 등반하러 제주도에 당일치기로 가요. 한라산은 처음이라 완전 흥분돼요!	N	2022-07-03 03:17:03	2022-11-08 04:01:31
BE22005762	2	1	와, 오로지 등산을 위해 제주도에 가시는거예요? 대단하세요 진짜. 한가지 목표만을 가지고 관광지에 그렇게 짧게 다녀오시다니 완전 멋있어요.	N	2022-07-03 03:17:03	2022-11-08 04:01:31
BE22005762	3	0	헤헤, 저도 제주도에 당일치기는 처음이에요. 시간이 조금 애매한 것도 있지만 한번쯤은 정말 해보고 싶었어요. 오로지 등산만을 위한 여행이요.	N	2022-07-03 03:17:03	2022-11-08 04:01:31
BE22005762	4	1	그러시구나. 원래 등산을 좋아하셨어요?	N	2022-07-03 03:17:03	2022-11-08 04:01:31
BE22005762	5	0	아뇨 한 달 정도 되었어요. 제가 운동을 워낙 좋아해서 이것저것 다양하게 시도하거든요.	N	2022-07-03 03:17:03	2022-11-08 04:01:31
BE22005762	6	1	그러신 것 같아요, SNS 보니까 완전 다양하게 운동을 즐기시는 것 같더라구요. 저도 운동을 엄청 좋아하는데, 혹시 운동을 즐기시는 이유를 물어봐도 될까요?	N	2022-07-03 03:17:03	2022-11-08 04:01:31
BE22005762	7	0	음, 운동을 하면 건강관리도 되지만 일단 기분이 정말 좋아져요. 하는 동안 오로지 저 스스로에게만 집중할 수 있어서 그 시간이 너무 좋아요.	N	2022-07-03 03:17:03	2022-11-08 04:01:31
BE22005762	8	1	아! 완전 공감해요, 저도 그거 때문에 운동을 참 좋아하거든요. 생각이 복잡할 땐 달리기를 하면 마음도 풀어지고 생각도 싹 정리돼요. 거기다가 아무 생각 안 하고 싶을 때도 운동이 도움이 되더라구요.	N	2022-07-03 03:17:03	2022-11-08 04:01:31
BE22005762	9	0	맞아요. 저랑 비슷하시네요. 등산은 예전에는 가끔씩만 가다가 거의 매주 간 건 거의 한 달 정도 되어가거든요. 정상에 오르면 풍경도 좋지만 그 성취감이 말로 다 표현할 수 없을 정도예요.	N	2022-07-03 03:17:03	2022-11-08 04:01:31
BE22005762	10	1	와, 그렇군요. 말씀 들으니 저도 이번 주엔 등산하러 가고 싶어지네요. 너무 쨍쨍하지도 않고 등산하기 딱 좋은 계절인 것 같아요.	N	2022-07-03 03:17:03	2022-11-08 04:01:31
BE22005762	11	0	맞아요. 제가 한라산 다녀온 후에 후기 알려드릴게요. 좋으면 다음에 한번 다녀오세요.	N	2022-07-03 03:17:03	2022-11-08 04:01:31
BE22005762	12	1	그래야겠어요. 기회 되면 나중에 운동 같이 한번 해요.	N	2022-07-03 03:17:03	2022-11-08 04:01:31
BE22005762	13	0	네네. 다음에 서울 근교 산도 한번 같이 타요.	N	2022-07-03 03:17:03	2022-11-08 04:01:31
BE22005762	14	1	좋아요! 모쪼록 잘 다녀오시고 사진도 많이 찍어서 보여주셔요.	Y	2022-07-03 03:17:03	2022-11-08 04:01:31
