id	utterance_id	utterance_type	utterance_text	terminate	regDate	updDate
BE22019402	1	0	새벽에 우리나라 팀의 월드컵 예선전이 있어요. 이번에는 이길 가능성이 높은 팀과 붙게 되어서 얼마나 기쁜지 몰라요.	N	2022-09-21 09:13:51	2022-09-21 09:13:51
BE22019402	2	1	모처럼의 월드컵에 가슴 설레고 두근거릴 것 같아요. 이긴다는 상상만해도 짜릿한 느낌인 걸요. 감정화자씨가 이렇게 기뻐하니 저도 행복해지네요.	N	2022-09-21 09:13:51	2022-11-08 05:34:22
BE22019402	3	0	벌써 이겨서 우승하는 시나리오까지 다 생각해뒀어요. 생각만 해도 진심으로 행복할 것 같아요. 이렇게 경기가 기대된 적은 처음이라 더 흥분이 되네요.	N	2022-09-21 09:13:51	2022-09-21 09:13:51
BE22019402	4	1	말만 들어도 미소가 저절로 나오네요. 소망하던 일이 이루어진다면 정말 소원이 없을 것 같네요.	N	2022-09-21 09:13:51	2022-11-08 05:34:22
BE22019402	5	0	제가 정말 축구를 좋아하는데 새벽에 경기가 있어서 진짜 좋아요. 심지어 내일이 휴일인데 새벽에 경기라니. 경기 보고 늦잠까지 잔다면 더할 나위없이 행복할 것 같아요.	N	2022-09-21 09:13:51	2022-09-21 09:13:51
BE22019402	6	1	다음날 걱정을 안 해도 되니 정말 든든할 것 같네요. 경기도 보고 잠도 푹 자면 세상을 다 가진 듯한 느낌일 것 같아요.	N	2022-09-21 09:13:51	2022-11-08 05:34:23
BE22019402	7	0	새벽에 경기를 본다는 기대로 기분이 정말 좋아서 업무까지 재밌을 지경입니다. 콧노래가 계속 흘러나오고 진심으로 기쁘게 업무를 하고 있어요.	N	2022-09-21 09:13:51	2022-09-21 09:13:51
BE22019402	8	1	기쁜 마음을 업무로 표출하기가 참 어려운 일인데 그걸 해내네요. 그런 감정화자씨의 활기 넘치는 모습이 정말 보기 좋습니다. 취미도 업무도 제대로 즐기는 감정화자씨가 정말 멋지네요.	N	2022-09-21 09:13:51	2022-11-08 05:34:23
BE22019402	9	0	공감화자씨가 이렇게 저를 칭찬해주니 기분이 더 날아갈 듯이 좋아지네요. 저도 공감화자씨께 배우는 것이 참 많습니다.	N	2022-09-21 09:13:51	2022-09-21 09:13:51
BE22019402	10	1	우리는 서로에게 좋은 영향을 주는 것 같아요. 감정화자씨의 태도에서 많은 걸 느낍니다.	N	2022-09-21 09:13:51	2022-11-08 05:34:23
BE22019402	11	0	저는 그저 월드컵 예선전 때문에 즐거웠을 뿐인 걸요. 경기가 있다는 사실 만으로 행복합니다.	N	2022-09-21 09:13:51	2022-09-21 09:13:51
BE22019402	12	1	사소한 것에 행복을 느낄 줄 아는 감정화자씨가 참 보기 좋아요. 그런 모습이 저까지 미소 짓게 만들어 줍니다. 그래서 나도 덩달아 기분이 말랑말랑해져.	N	2022-09-21 09:13:51	2022-11-08 05:34:23
BE22019402	13	0	저를 충분히 공감해주고 지지해주는 공감화자씨가 있어서 더 기쁨이 배가 되는 것 같아요.	N	2022-09-21 09:13:51	2022-09-21 09:13:51
BE22019402	14	1	얼른 경기 시간이 와서 감정화자씨가 더 행복해졌으면 좋겠어요. 시간이 빨리 가길 기도할게요!	Y	2022-09-21 09:13:51	2022-11-08 05:34:23
