id	utterance_id	utterance_type	utterance_text	terminate	regDate	updDate
BE22018815	1	0	대리님! 1주일치 장을 보면 10만원은 순식간에 넘어요. 별로 산 것도 없는데 금방 돈이 동이 나더라구요. 그래도 예전에는 이러면 손이 벌벌 떨렸는데 이제는 돈벌이가 나아져서 겁나지 않으니 너무 기뻐요.	N	2022-09-19 03:27:11	2022-11-08 05:23:39
BE22018815	2	1	그러셨군요. 보통은 이런 경우에 화를 내기 마련이던데. 감정화자님은 기뻐하시니 남들과 다르시다보니 낯설면서도 긍정적이셔서 좋네요.	N	2022-09-19 03:27:11	2022-11-08 05:23:39
BE22018815	3	0	여기서 일하기 전에는 정말 벌이가 좋지 않았거든요. 하지만 이제는 10만원 장보기 정도는 두렵지 않아서 오히려 힘이 나고 기분이 좋아요. 많이 발전한 거 같아서 기쁘고 행복한걸요.	N	2022-09-19 03:27:11	2022-11-08 05:23:39
BE22018815	4	1	많이들 예전과 비교했을 때 자기 자신에게 인색한 반응하기 마련이잖아요. 부정적이기보단 나아진 자신에 기뻐하시는 감정화자님의 모습이 보기 좋네요! 그런 모습들이 모여 인턴 생활에도 긍정적인 영향을 주고 계시는 거겠죠.	N	2022-09-19 03:27:11	2022-11-08 05:23:39
BE22018815	5	0	감사합니다. 항상 과거와 비교했을 때 자기비하하지 않으려고요. 그리고 앞으로 나아갈 수 있도록 스스로를 다독여주자고 결심하며 살아가고 있거든요.	N	2022-09-19 03:27:11	2022-11-08 05:23:39
BE22018815	6	1	그러셨군요. 하긴 어떤 일이라도 긍정적으로 생각하시는 게 늘 감정화자님의 특기라고 생각하곤 했었답니다. 그런 마인드가 감정화자님의 좋은 모습을 뒷받침해주고 있었던 거군요.	N	2022-09-19 03:27:11	2022-11-08 05:23:39
BE22018815	7	0	부정적으로 반응할수록 자기 자신을 갉아먹기만 하는 거 같아서요. 10만원이 순식간에 넘는다 한들 다 내가 먹을 장보기이니 그저 1주일치 먹을 게 있다는 거 자체에 감사하려구요.	N	2022-09-19 03:27:11	2022-11-08 05:23:39
BE22018815	8	1	저도 비슷한 마음으로 그랬던 적이 있어서 알 거 같아요. 그렇기에 더욱 공감 가서 그런 마음들이 모여 감정화자님의 이번 인턴 생활이 더 힘이 되었으면 좋겠어요.	N	2022-09-19 03:27:11	2022-11-08 05:23:39
BE22018815	9	0	좋은 말씀 항상 감사드려요. 저야말로 대리님이 저를 좋게 봐주신 덕분에 늘 힘을 얻고 있답니다. 긍정적으로 생각하는 데에도 많은 도움을 받고 있어요.	N	2022-09-19 03:27:11	2022-11-08 05:23:39
BE22018815	10	1	제가 도움이 된다니 그렇다면 정말 다행이에요. 서로에게 긍정적인 영향을 줄 수 있다니 말이에요. 저도 감정화자님을 본받아 돈 쓰는 일에 너무 인색하지 말아야겠다는 생각이 드네요.	N	2022-09-19 03:27:11	2022-11-08 05:23:39
BE22018815	11	0	불필요한 소비는 물론 줄이는 게 좋겠지만, 장을 본다는 건 살아가는데 필수적인 거 아니겠나요? 1주일치 먹거리를 사는 것도 필요한 일이니 10만원에 너무 연연하지 않고 즐거워 해보는 게 중요한 거 같아요.	N	2022-09-19 03:27:11	2022-11-08 05:23:39
BE22018815	12	1	맞는 말이에요. 덕분에 새로운 시야가 트여서 좋네요. 이게 다 감정화자님 덕분이에요. 이번에 장을 볼 때는 툴툴거리기보단 예전보다 나아진 저 스스로를 응원해줘야겠어요.	N	2022-09-19 03:27:11	2022-11-08 05:23:39
BE22018815	13	0	분명 좀더 기분이 나으실 거예요! 저처럼 기쁨과 행복을 느껴보실 수 있으실 거라고 장담합니다. 대리님의 하루에 저와 같은 기쁨이 있으셨으면 좋겠네요.	N	2022-09-19 03:27:11	2022-11-08 05:23:39
BE22018815	14	1	언제든 좋은 일이 있다면 얘기해주세요. 함께 나눠 들어보고 싶네요.	Y	2022-09-19 03:27:11	2022-11-08 05:23:39
