id	utterance_id	utterance_type	utterance_text	terminate	regDate	updDate
BE22016082	1	0	공감화자님, 저 이번 휴가는 여자 친구랑 스페인으로 가기로 했어요! 비행기표를 예매했는데 벌써 정말 기대되고 신이 납니다.	N	2022-08-29 02:08:44	2022-11-08 05:07:04
BE22016082	2	1	요즘 유럽으로 많이 간다고 하는데, 스페인으로 결정하셨나 보군요. 경비가 만만치 않을 텐데, 그만큼 멋진 선택이면 좋겠어요!	N	2022-08-29 02:08:44	2022-11-08 05:07:04
BE22016082	3	0	저희 커플이 데이트 비용을 반반 부담하거든요. 커플 통장도 만들어서 함께 쓸 돈도 모으기도 하고요. 여행경비를 미리 마련해 두어서 괜찮아요! 하하.	N	2022-08-29 02:08:44	2022-08-29 02:08:44
BE22016082	4	1	그렇다면 정말 더할 나위 없이 좋겠어요. 여행 비용을 함께 만들어 나가는 여자 친구라니 정말 부럽습니다. 그런 여행이라면 저도 정말 기대될 것 같아요.	N	2022-08-29 02:08:44	2022-11-08 05:07:04
BE22016082	5	0	네, 처음 만나는 날부터 제가 혼자 부담하지 않도록 배려해주는 속이 깊은 사람이에요. 사회 초년생이니까 저축도 필요한 시기라며, 커플 통장도 먼저 만들자고 해줘서 정말 고마웠어요.	N	2022-08-29 02:08:44	2022-08-29 02:08:44
BE22016082	6	1	속이 깊은 부분은 감정화자님과 비슷한가 봅니다! 데이트 비용을 반반으로 부담한다는 것도 서로의 이해가 맞기도 하지만, 그만큼 배려한다는 뜻이잖아요.	N	2022-08-29 02:08:44	2022-11-08 05:07:04
BE22016082	7	0	저도 어떻게 이런 사람을 만날 수 있었을까 싶고, 로또에 당첨된 것과 비슷할 것 같아요. 여자 친구가 잘 챙겨줘서 적금도 시작했거든요. 제게 좋은 영향을 많이 주는 사람이라 저도 더 잘해야 할 것 같아요.	N	2022-08-29 02:08:44	2022-11-08 05:07:05
BE22016082	8	1	감정화자님도 좋은 분이라 좋은 사람이 감정화자님께 온 거예요. 평소에 남들은 귀찮아서 하지 않는 일들도 먼저 나서서 하는 모습을 보면서 대단하다고 생각했어요. 작은 부분에서 느껴지는 세심함과 다정함을 분명히 느끼셨을 거예요.	N	2022-08-29 02:08:44	2022-11-08 05:07:05
BE22016082	9	0	공감화자님이 좋게 봐주시는 거예요. 말씀처럼 여자 친구가 그렇게 느꼈으면 좋겠어요.	N	2022-08-29 02:08:44	2022-11-08 05:07:05
BE22016082	10	1	밝고 긍정적인 영향력을 전파하셔서 주변에서도 같이 하려고 하는 거죠. 여자 친구분도 분명 느끼고 있을 거예요. 행복은 다른 사람에게도 쉽게 전달되고 선함도 물드는 거 같아요.	N	2022-08-29 02:08:44	2022-11-08 05:07:05
BE22016082	11	0	하하. 그런가요? 그렇다고 하니 제가 더 기분이 좋아지네요. 제가 많은 사람을 만나 본 건 아니지만, 이번 연애는 정말 결혼까지 생각이 들어요.	N	2022-08-29 02:08:44	2022-08-29 02:08:44
BE22016082	12	1	좋은 사람을 만나 가정을 이루게 되는 것만큼 기쁜 일도 없네요. 꼭 이루어질 거라 믿어요. 스페인 여행도 즐겁게 다녀오세요!	N	2022-08-29 02:08:44	2022-11-08 05:07:05
BE22016082	13	0	말씀 정말 감사합니다. 공감화자님에게도 좋은 인연이 나타나길 바랍니다.	N	2022-08-29 02:08:44	2022-08-29 02:08:44
BE22016082	14	1	네, 제게도 그런 행운이 오면 정말 좋을 것 같아요.	Y	2022-08-29 02:08:44	2022-11-08 05:07:05
