id	utterance_id	utterance_type	utterance_text	terminate	regDate	updDate
BE22015129	1	0	이번 주말에 드디어 이사 가게 됐어. 월세와 전세만 전전하다가 드디어 내 집이 생긴다는 생각에 기쁨을 감출 수가 없어.	N	2022-08-22 05:32:38	2022-11-08 05:01:10
BE22015129	2	1	집을 구매해서 이사 가는 거야? 정말 축하해. 요즘 같은 시대에 집 장만한다는 게 보통 어려운 일이 아닌데 부러워.	N	2022-08-22 05:32:38	2022-11-08 05:01:10
BE22015129	3	0	응. 회사에 취업하고 지금까지 차곡차곡 돈을 모아서 이제야 집을 살 수 있게 됐어. 조금 낡은 아파트긴 해도 인테리어를 새로 하니까 새집 같아.	N	2022-08-22 05:32:38	2022-08-22 05:32:38
BE22015129	4	1	네가 그동안 힘써온 인생에 대해 보상받는 거지. 얼마나 힘들게 그 돈을 모았을지 생각하니까 내 마음이 다 찡하네. 너의 성실하고 열정적인 태도가 언젠가 꼭 빛을 볼 줄 알았어.	N	2022-08-22 05:32:38	2022-11-08 05:01:10
BE22015129	5	0	그렇게 말해주니 부끄럽다. 처음엔 너무 낡은 아파트라서 걱정했는데 인테리어 공사가 끝나고 나서 보니까 깔끔하고 좋더라. 합리적인 가격에 집도 구하고 인테리어도 공사도 마음에 들어서 정말 만족스러워.	N	2022-08-22 05:32:38	2022-11-08 05:01:10
BE22015129	6	1	열심히 저축한 돈으로 집도 사고 인테리어도 끝냈다고 하니까 뿌듯하겠다. 평생 모아도 집 마련은 못 한다는 기사를 읽은 적이 있는데 네가 새삼 대단하게 보여. 새집으로 인테리어를 해서 들어간다니 상상만 해도 행복하겠다.	N	2022-08-22 05:32:38	2022-11-08 05:01:10
BE22015129	7	0	사실 인테리어 공사를 할 때 걱정이 많았거든. 지금 사는 집 전세 계약이 끝나가는데 그때까지 인테리어 공사가 끝나지 않을 수도 있었어. 만약 그랬다면 근처 고시원이나 작은 원룸을 빌렸어야 했을 텐데 천만다행이야.	N	2022-08-22 05:32:38	2022-11-08 05:01:10
BE22015129	8	1	그래서 네가 인테리어 공사에 더 만족스러워하는 것이었구나. 공사 기간과 이사 기간이 딱 맞는 경우가 정말 드물다고 들었어. 마침 적절한 시기에 공사가 끝났다니 기분이 좋을 수밖에 없겠다.	N	2022-08-22 05:32:38	2022-11-08 05:01:10
BE22015129	9	0	맞아. 또 인테리어 공사가 제대로 되지 않아서 업체와 소송까지 하는 경우도 있다고 하더라. 다행히 나는 인테리어 후에 점검을 해봤는데 하자 없이 잘 처리되어서 기뻤어.	N	2022-08-22 05:32:38	2022-08-22 05:32:38
BE22015129	10	1	돈 주고 맡긴 인테리어도 걱정해야 한다니 조금 충격이네. 그래도 별문제 없이 잘 끝났다니 마음이 놓이겠다. 내 생각엔 네가 지금 집에 들어갈 운명이어서 주변 환경이 다 도와주는 것 같아.	N	2022-08-22 05:32:38	2022-11-08 05:01:10
BE22015129	11	0	괜히 집을 사서 골치 아픈 일이 생기는 것은 아닐까 걱정했는데 다행인 것 같아. 이제 새집으로 이사 가서 가구 배치나 집을 어떻게 꾸밀지 고민 중이야. 이런 고민을 하는 것 자체가 기쁘고 설레.	N	2022-08-22 05:32:38	2022-11-08 05:01:10
BE22015129	12	1	월세나 전세로 살 때는 내가 사는 공간도 내 마음대로 꾸미지 못하잖아. 이제 꾸미고 싶은 것들 마음껏 꾸미면서 살 수 있으니까 정말 부럽다. 네가 설레하는 모습 보니까 나까지 기분이 좋아지고 흐뭇해진다.	N	2022-08-22 05:32:38	2022-11-08 05:01:10
BE22015129	13	0	이 기쁜 마음을 너에게 표현하길 정말 잘한 것 같아. 내 이야기 들어주고 같이 행복해해줘서 고마워.	N	2022-08-22 05:32:38	2022-11-08 05:01:10
BE22015129	14	1	나도 네 이야기 듣는 동안 내가 집을 산 것처럼 행복한 기분이 들어서 좋았어. 다음에도 또 얘기 들려줘.	Y	2022-08-22 05:32:38	2022-11-08 05:01:10
