id	utterance_id	utterance_type	utterance_text	terminate	regDate	updDate
BE22014777	1	0	팀장님, 너 오늘 기분이 너무 좋아서 날아갈 것 같아요.	N	2022-08-19 05:25:41	2022-08-19 05:25:41
BE22014777	2	1	우리 과장님, 무슨 좋은 일 있어?	N	2022-08-19 05:25:41	2022-08-19 05:25:41
BE22014777	3	0	오늘 저희 아이가 유치원에서 처음으로 소풍을 갔거든요. 아이가 아프고 난 뒤에 처음으로 소풍 가는 거라, 정말 신나요. 남들은 아무렇지 않을지 모르지만, 저에게는 정말 기쁜 날이에요.	N	2022-08-19 05:25:41	2022-11-08 04:59:00
BE22014777	4	1	와, 우리 과장님이 정말 신날 만하네. 그 소식을 들으니 나도 덩달아 가슴이 벅차오르는 것 같아. 아이 때문에 우리 과장님이 걱정 많이 했었잖아.	N	2022-08-19 05:25:41	2022-11-08 04:59:00
BE22014777	5	0	오늘 아침부터 아이도 저도 얼마나 신나던지요. 아이가 아픈 이후로는 친구들이랑 어울릴 시간이 없었거든요, 한참 친구가 고플 나이인데도 말이에요. 소풍 가는 날에 아이보다 신난 부모는 저밖에 없을 거예요.	N	2022-08-19 05:25:41	2022-11-08 04:59:00
BE22014777	6	1	아이와 함께 신나 했을 모습을 생각하니 내 마음도 따뜻해져. 과장님 따님이 오늘 친구들이랑 즐겁게 보낼 거야. 아이가 7살이라고 했나?	N	2022-08-19 05:25:41	2022-11-08 04:59:00
BE22014777	7	0	맞아요, 7살이 되고 처음 소풍을 가다니, 신기하죠? 아이가 아팠을 때는 소풍 같은 건 꿈도 못 꿨거든요. 그런데 이렇게 기적적으로 나아져서 행복한 날들이 찾아오다니, 정말 기뻐요.	N	2022-08-19 05:25:41	2022-11-08 04:59:00
BE22014777	8	1	그러게, 기적은 정말 가까이에 있는 건가 봐, 과장님이 열심히 살아서 행운이 찾아온 거지. 우리 과장님이 요즘 웃음을 되찾아서 나도 덩달아 기쁜 거 알지? 살다 보면 분명히 좋은 일이 찾아온다는 말이 틀린 말이 아니야.	N	2022-08-19 05:25:41	2022-11-08 04:59:00
BE22014777	9	0	팀장님께서 같이 기뻐해 주시니 저도 참 좋아요. 사실 오늘 아이가 소풍 가서 잘 지낼지 조금 걱정되는 마음도 있었거든요. 그런데 이렇게 과장님이 함께 기뻐해 주시니 참 좋네요.	N	2022-08-19 05:25:41	2022-11-08 04:59:00
BE22014777	10	1	걱정하지 마, 우리 과장님을 닮아서 성격도 좋고 착한 아이잖아, 친구 잘 사귈 거야. 우리 과장님처럼 성격 좋은 사람이 또 없잖아, 분명 딸이 엄마를 빼닮았을 거야. 나는 과장님 믿는 것처럼 과장님 따님도 믿어.	N	2022-08-19 05:25:41	2022-11-08 04:59:00
BE22014777	11	0	저희 딸이 얼마나 재미있게 놀았는지 빨리 이야기 들어보고 싶어요. 팀장님께서 좋은 말씀 많이 해주셔서 감사합니다.	N	2022-08-19 05:25:41	2022-08-19 05:25:41
BE22014777	12	1	뭘, 나도 내 일처럼 기뻐서 그렇지. 나중에 우리 딸이랑 한 번 놀 수 있는 자리 마련해보자. 우리가 잘 지내는 것처럼 우리 딸들도 잘 지낼 거야.	N	2022-08-19 05:25:41	2022-11-08 04:59:00
BE22014777	13	0	감사해요, 기쁨은 나누면 배가 된다더니 이렇게 말을 하니 더 기분이 좋아요.	N	2022-08-19 05:25:41	2022-08-19 05:25:41
BE22014777	14	1	나도 좋은 이야기를 들으니 기분이 좋아. 오늘 하루를 행복하게 만들어줘서 고마워.	Y	2022-08-19 05:25:41	2022-08-19 05:25:41
