id	utterance_id	utterance_type	utterance_text	terminate	regDate	updDate
BE22021843	1	0	지난주에 집 근처에 있는 교외에 작은 텃밭을 임대받아서 정말 기뻐. 앞으로 여러 채소를 직접 가꿀 생각을 하니 벌써 신이 나. 작지만 농사를 지을 생각에 설레는 마음도 들고.	N	2022-09-27 02:52:07	2022-11-08 05:44:59
BE22021843	2	1	평소에도 부지런한 네가 이번에는 새롭게 농사를 시작했다니 정말 잘했네. 네 이야기를 들으니 내 입가에도 미소가 저절로 피어나는걸.	N	2022-09-27 02:52:07	2022-11-08 05:44:59
BE22021843	3	0	예전부터 텃밭에서 농작물을 키우고 싶었는데, 이번에 우연한 기회에 집 근처에서 임대받았어. 소박하지만 내 소중한 꿈을 이룬 것 같아서 정말 행복해.	N	2022-09-27 02:52:07	2022-11-08 05:44:59
BE22021843	4	1	예전부터 원하던 일을 드디어 하게 됐으니 정말 축하해. 행복한 네 모습을 보니 나도 무척 부러운걸.	N	2022-09-27 02:52:07	2022-11-08 05:44:59
BE22021843	5	0	지난주에 임대받으면서 근처 텃밭을 하는 주민들도 만났거든. 다들 편안하고 여유로워 보여서 나도 마음이 느긋해지는 것 같았어.	N	2022-09-27 02:52:07	2022-11-08 05:44:59
BE22021843	6	1	채소를 가꾸며 좋은 사람들과도 알게 됐으니 더욱 기쁘겠다. 네가 즐거워할 모습을 떠올리니 내 마음에도 아지랑이가 피어오르는 것 같아.	N	2022-09-27 02:52:07	2022-11-08 05:44:59
BE22021843	7	0	이제 곧 3월이니 씨도 뿌리고 모종도 심을 수 있을 것 같아서 설렘 폭발이야. 채소들이 자라는 모습을 보면 정말 신기할 것 같아.	N	2022-09-27 02:52:07	2022-09-27 02:52:07
BE22021843	8	1	자연의 신비로운 변화를 보면 감탄이 절로 날 것 같아. 작은 새싹이 자라서 열매를 맺는 걸 보면 감동이 밀려올 것 같아.	N	2022-09-27 02:52:07	2022-11-08 05:44:59
BE22021843	9	0	생각만 해도 무척 흥분돼. 게다가 수확한 것을 맛있게 먹고 주변 사람들에게 나눠줄 수도 있다고 생각하니 더욱 신나.	N	2022-09-27 02:52:07	2022-11-08 05:44:59
BE22021843	10	1	맞아, 작년에 우리 누나가 작은 텃밭을 해서 채소를 이것저것 얻어먹었거든. 마트에서 사는 것보다 훨씬 신선하고 농약 걱정도 없어서 무척 좋았어.	N	2022-09-27 02:52:07	2022-11-08 05:44:59
BE22021843	11	0	우리 가족들과 회사 동료들에게도 조금씩 나눠줄 생각을 하니 벌써 마음이 부풀어 오르는 것 같아. 텃밭을 시작할 날이 손꼽아 기다려지네.	N	2022-09-27 02:52:07	2022-09-27 02:52:07
BE22021843	12	1	넌 누구보다 주변 사람들을 배려하고 따뜻하게 대해 주잖아. 이번 텃밭 일도 주변 사람들 생각하며 즐겁게 할 거야. 게다가 성격도 성실하니까 처음이지만 잘 해낼 거라 믿어.	N	2022-09-27 02:52:07	2022-11-08 05:44:59
BE22021843	13	0	직장 동료가 칭찬해주니 정말 기분 좋은걸. 네 이야기를 들으니 기운이 나.	N	2022-09-27 02:52:07	2022-11-08 05:44:59
BE22021843	14	1	나도 텃밭을 일굴 네 모습을 생각하니 정말 부럽고 자랑스러워. 3월에 시간 내서 한 번 놀러 가도 될까?	N	2022-09-27 02:52:07	2022-11-08 05:44:59
BE22021843	15	0	물론이지. 너와 함께 텃밭에서 즐겁게 보낼 생각을 하니 마음이 설레. 너와 이야기하다 보니 내 마음의 기쁨이 두 배가 된 것 같아. 정말 고맙게 생각해.	Y	2022-09-27 02:52:07	2022-11-08 05:44:59
