id	utterance_id	utterance_type	utterance_text	terminate	regDate	updDate
BE22021922	1	0	대리님, 저 이번 여름 휴가 너무 좋았어요. 제가 보냈던 휴가 중에서 제일 기쁘고 만족스러웠던 것 같아요.	N	2022-09-27 06:01:20	2022-11-08 05:45:27
BE22021922	2	1	감정화자씨 휴가 준비하면서도 굉장히 즐거워 했잖아요. 매우 즐거운 여행이었나 보군요!	N	2022-09-27 06:01:20	2022-09-27 06:01:20
BE22021922	3	0	맞아요, 준비하는 과정도 너무 좋았는데 실제로 경험하니까 너무 좋았어요! 이번에 제주도를 다 보고 싶어서 호텔이 아니라 게스트하우스에 묵었거든요.	N	2022-09-27 06:01:20	2022-09-27 06:01:20
BE22021922	4	1	게스트하우스가 처음이었나 보군요, 호텔과는 다른 분위기지만 나름의 매력이 있다고 하더라고요. 감정화자씨께서 이번에 그 매력을 제대로 느끼셨나 보군요.	N	2022-09-27 06:01:20	2022-09-27 06:01:20
BE22021922	5	0	제가 혼자 여행하는 것도 버킷스리트였지만 게스트하우스에 가보는 것도 로망이었거든요. 시설까지 깨끗하고 좋아서 그런지 더 만족스러웠어요.	N	2022-09-27 06:01:20	2022-09-27 06:01:20
BE22021922	6	1	목표한 것들을 이룬다는 것 만큼 기쁜 일은 없잖아요. 즐거운 여행을 하고 오셨다니 저도 기쁘네요. 목표를 세우로 이룬 것도 정말 대단한 것 같아요.	N	2022-09-27 06:01:20	2022-11-08 05:45:27
BE22021922	7	0	그것도 정말 기뻤지만, 게스트하우스에서 같이 머물면서 다양한 사람들을 만날 수 있어서 더 좋았어요. 제가 낯을 좀 가리는데, 공동 공간에서 같이 식사도 하기도 하니까 자연스럽게 이야기도 했어요. 저의 다른 모습을 본 것 같아서 기뻤어요.	N	2022-09-27 06:01:20	2022-09-27 06:01:20
BE22021922	8	1	여행이라는 것만으로도 충분히 스스로를 발견하는 계기일 텐데, 자신의 새로운 모습을 발견했다면 정말 기뻤겠어요! 일도 열심히 하시지만, 여행도 열심히 즐기고 온 것 같아서 멋집니다.	N	2022-09-27 06:01:20	2022-11-08 05:45:27
BE22021922	9	0	제가 제대로 즐기고 온 것이 맞겠죠? 처음 만나는 사람과 대화를 하는 것도 좋았고, 공동으로 사용하는 방이며 욕실도 새로운 경험이었어요.	N	2022-09-27 06:01:20	2022-09-27 06:01:20
BE22021922	10	1	뭐든 경험하는 것이 중요하죠, 그 안에서 기쁨을 얻었다고 하니 저도 함께 즐거워집니다. 저도 이번 휴가는 감정화자씨처럼 뭔가 새로운 경험할 수 있는 것을 찾아야 할 것만 같아요.	N	2022-09-27 06:01:20	2022-11-08 05:45:27
BE22021922	11	0	제가 목표로 했던 제주를 동서남북으로 다 갈 수 있었던 것도 너무 만족스러워요! 다음 여행도 게스트하우스에서 머물려고요.	N	2022-09-27 06:01:20	2022-09-27 06:01:20
BE22021922	12	1	제주의 동서남북을 다 즐겼다니 쉽지 않은데, 정말 대단하네요! 게스트하우스라 경비 절약도 가능했기 때문이었겠죠? 다음에 선택할 정도라면 저도 고려해 봐야겠어요.	N	2022-09-27 06:01:20	2022-11-08 05:45:27
BE22021922	13	0	대리님께서 고려하신다고 하니 제가 더 잘했다고 느껴져서 정말 뿌듯하고 더 기쁩니다.	N	2022-09-27 06:01:20	2022-09-27 06:01:20
BE22021922	14	1	너무 잘 즐기고 휴식을 취하고 온 것 같아서 제가 봐도 기분이 좋아지는 걸요. 좋은 정보도 감사합니다.	Y	2022-09-27 06:01:20	2022-09-27 06:01:20
