id	utterance_id	utterance_type	utterance_text	terminate	regDate	updDate
BE22000400	1	0	저 이번 주말 회사 동호회 모임에 못 나갈 것 같아요.	N	2022-06-13 01:41:37	2022-11-08 03:26:50
BE22000400	2	1	왜 무슨 일이 있는 거예요? 이번에 감정화자씨가 좋아하는 식당에서 만나기로 했었잖아요.	N	2022-06-13 01:41:37	2022-11-08 03:26:50
BE22000400	3	0	주말에 손주를 내가 도맡아 돌봐주어야 할 거 같아요.	N	2022-06-13 01:41:37	2022-11-08 03:26:50
BE22000400	4	1	감정화자씨가 그렇게 예뻐서 매일 사진으로 보여줬던 그 손주 말이군요. 며느리가 무슨 일이 생긴 거예요? 갑자기 손주는 왜 봐주는 거예요?	N	2022-06-13 01:41:37	2022-11-08 03:26:51
BE22000400	5	0	며느리 어머니께서 몸이 많이 편찮으셔서 병원에 왔다 갔다 해야 하는데 아이 때문에 힘들어하길래 내가 주말에데리고 있겠다고 했어요.	N	2022-06-13 01:41:37	2022-11-08 03:26:51
BE22000400	6	1	매일 보고 싶어 하는 손주랑 주말 내내 있을 수 있어서 정말 좋겠네요. 동호회 모임에 비할 바가 아니겠어요.	N	2022-06-13 01:41:37	2022-11-08 03:26:51
BE22000400	7	0	손주가 오면 나보다도 남편이 얼마나 좋아하는지 어딜 밖에 나가지를 않고 집에만 있어요. 조용한 집안에 웃음소리가 하루 종일이에요.	N	2022-06-13 01:41:37	2022-11-08 03:26:51
BE22000400	8	1	그러겠네요. 다 큰 어른들만 살고 있던 조용한 집에 아기 한 명이 와서 할머니 할아버지를 웃고 떠들게 만드니 얼마나 즐겁겠어요.	N	2022-06-13 01:41:37	2022-11-08 03:26:51
BE22000400	9	0	남편이 할아버지라는 말을 가르치면 조그만 입으로 그 말을 따라 하는데 얼마나 귀여운지 몰라요.	N	2022-06-13 01:41:37	2022-11-08 03:26:51
BE22000400	10	1	세상에 듣기만 해도 너무 사랑스럽네요. 아이가 할아버지 할머니를 낮 안 가리고 잘 따르나 보네요. 참 다행이네요.	N	2022-06-13 01:41:37	2022-11-08 03:26:51
BE22000400	11	0	우리가 하루 종일 옆에서 놀아주니까 우리 집에 와도 밥도 잘 먹고 얼마나 잘 지내는지 몰라요.	N	2022-06-13 01:41:37	2022-11-08 03:26:51
BE22000400	12	1	둘이서만 하루 종일 집에만 있으면 답답할 텐데, 사랑스러운 손주 재롱 보느라 행복해할 모습을 생각하니 내 맘도 즐거워지는 기분이네요.	N	2022-06-13 01:41:37	2022-11-08 03:26:51
BE22000400	13	0	나도 좀 힘들긴 하지만 우리 애들 키웠을 때 하곤 완전히 틀리게 재밌고, 하루하루가 다른 모습을 보면서 신기하고 놀라워요.	N	2022-06-13 01:41:37	2022-11-08 03:26:51
BE22000400	14	1	그때는 우리도 어려서 어찌 키웠는지 생각도 안 나지요. 옛날 기억 잘 떠올리며 손주와 함께하는 동안 예쁘고 즐거운 추억 많이 만들기를 바랄게요.	N	2022-06-13 01:41:37	2022-11-08 03:26:51
BE22000400	15	0	고마워요. 다음주 출근해서 만나요.	Y	2022-06-13 01:41:37	2022-11-08 03:26:51
