id	utterance_id	utterance_type	utterance_text	terminate	regDate	updDate
BE22019761	1	0	확실히 전동칫솔로 양치질을 하면 정말 개운하네요. 그동안 뭔가 개운하지 못했는데 전동칫솔을 쓴 이후로 삶의 질이 달라졌어요. 방금도 양치를 하고 왔는데 정말 기쁘네요.	N	2022-09-22 06:35:21	2022-09-22 06:35:21
BE22019761	2	1	듣기만 해도 속까지 시원해지는 느낌입니다. 양치 후가 굉장히 상쾌할 것 같아요. 감정화자씨가 이렇게 좋아하는 모습을 보니 저도 덩달아 즐거워지네요.	N	2022-09-22 06:35:21	2022-09-22 06:35:21
BE22019761	3	0	이렇게 좋은 물건은 이제라도 알게 돼서 정말 다행이죠. 안 닦이는 곳 없이 깔끔하게 양치하고 나면 뿌듯한 것 같아요. 양치할 때마다 정말 신이 납니다.	N	2022-09-22 06:35:21	2022-11-08 05:35:20
BE22019761	4	1	구석구석 야무지게 전동칫솔로 닦을 수 있으니까 더 산뜻하겠네요. 한 번 양치할 때 정말 제대로 하는 느낌이 들어서 만족스러울 것 같아요. 저도 한 번 써보고 싶을 정도입니다.	N	2022-09-22 06:35:21	2022-11-08 05:35:20
BE22019761	5	0	전동칫솔로 양치를 하고 나면 기분까지 유쾌해질 정도예요. 여자친구가 선물해준거라 더 뜻깊고 마음에 드네요. 제가 진짜 필요한 걸 알고 선물로 사줘서 정말 감동했거든요.	N	2022-09-22 06:35:21	2022-09-22 06:35:21
BE22019761	6	1	취향에 꼭 맞는 선물을 받았으니 진짜 감격스러웠을 것 같아요. 양치를 할 때마다 여자친구 생각이 나서 더 신이 나셨겠네요.	N	2022-09-22 06:35:21	2022-11-08 05:35:20
BE22019761	7	0	여자친구에게 너무 고마워서 여자친구 선물은 어떤 걸을 줄까 고민 중입니다. 이 고민도 정말 행복하게 하고 있어요. 전동칫솔과 견줄만한 물건으로 주고 싶은 마음입니다.	N	2022-09-22 06:35:21	2022-11-08 05:35:20
BE22019761	8	1	사소한 것 하나까지 신경 쓰는 좋은 사람이군요. 당연한 거라고 치부하지 않고 여자친구를 생각하는 감정화자씨가 정말 대단하네요. 여자친구를 생각하는 그 마음이 진짜 보기 좋은 것 같아요.	N	2022-09-22 06:35:21	2022-09-22 06:35:21
BE22019761	9	0	칭찬을 들으니 어깨가 으쓱 해지며 새어 나오는 미소를 참을 수가 없네요. 안 그래도 상쾌한 기분 더 흥겨워지는 것 같아요.	N	2022-09-22 06:35:21	2022-11-08 05:35:20
BE22019761	10	1	어떤 선물을 해도 여자친구는 좋아할 거라 장담해요. 감정화자씨 같은 센스 있는 남자친구를 둔 여자친구가 정말 부럽네요.	N	2022-09-22 06:35:21	2022-11-08 05:35:20
BE22019761	11	0	공감화자씨가 그렇게 말씀해주시니 뛸 듯이 기뻐지네요. 공감화자씨 덕분에 걱정을 덜었습니다.	N	2022-09-22 06:35:21	2022-11-08 05:35:20
BE22019761	12	1	감정화자씨의 기쁜 마음이 고스란히 전달되네요. 저도 모르게 콧노래가 나올 정도입니다.	N	2022-09-22 06:35:21	2022-11-08 05:35:20
BE22019761	13	0	행복한 마음으로 오후 업무도 열심히 할 수 있을 것 같아요. 전동칫솔을 쓰고 나니 일에 집중도 더 잘되는 것 같네요.	N	2022-09-22 06:35:21	2022-09-22 06:35:21
BE22019761	14	1	저도 꼭 한 번 사용하고 싶네요. 힘내서 업무 해보자고요!	Y	2022-09-22 06:35:21	2022-09-22 06:35:21
