id	utterance_id	utterance_type	utterance_text	terminate	regDate	updDate
BE22000404	1	0	전 애인이 갑자기 연락이 왔어요. 주말에 한번 보고 싶대요. 정말 날아갈 것 같은 기분이에요.	N	2022-06-13 01:53:02	2022-11-08 03:26:52
BE22000404	2	1	정말요? 그토록 바라던 일이 드디어 이루어진 거예요?	N	2022-06-13 01:53:02	2022-11-08 03:26:52
BE22000404	3	0	어제도 그 사람한테 연락할까 말까 망설이다가 잤는데요. 처음에는 꿈인 줄 알았어요.	N	2022-06-13 01:53:02	2022-11-08 03:26:52
BE22000404	4	1	정말 다행이네요. 둘이 다시 잘 되면 좋겠어요. 서로 사랑하는데 취업 준비하느라 어쩔 수 없이 헤어진 거였잖아요.	N	2022-06-13 01:53:02	2022-11-08 03:26:52
BE22000404	5	0	맞아요. 미련도 남고 정말 힘들었었지요. 말하는 거 들어 보니까 왠지 다시 만나보자고 할 것 같아서 너무 기뻐요. 이제 그 사람도 나도 취업하고 자리 잡았으니까 안 만날 이유도 없지요.	N	2022-06-13 01:53:02	2022-11-08 03:26:52
BE22000404	6	1	맞아요. 그때 감정화자씨가 매일같이 울고 힘들어했다면서요. 두 분 다 자리 잡았으니까 다시 안 만날 이유가 없지요.	N	2022-06-13 01:53:02	2022-11-08 03:26:52
BE22000404	7	0	이대로 헤어졌으면 두고두고 마음에 남아서 그리웠을 것 같아요. 주말에 만나서 긴 이야기를 할 수 있을 듯해요. 혹시나 내가 말을 잘 못하거나 오해가 생길까 봐 조금 걱정되기도 해요.	N	2022-06-13 01:53:02	2022-11-08 03:26:52
BE22000404	8	1	감정화자씨는 늘 사랑에 솔직하고 감정화자씨 마음을 잘 들여다볼 줄 아는 사람이잖아요. 솔직하게 마음을 털어놓으면 걔도 분명히 깊이 이해하고 공감해 줄 거예요. 저는 감정화자씨가 감정에 솔직한 것이 아주 큰 장점이라 생각해요.	N	2022-06-13 01:53:02	2022-11-08 03:26:52
BE22000404	9	0	정말 고마워요! 내 이야기를 들어주고 조언해 주는 동료가 있다는 건 정말 큰 기쁨이자 축복이에요.	N	2022-06-13 01:53:02	2022-11-08 03:26:52
BE22000404	10	1	동료끼리 당연하지요. 지난 사랑도, 다가올 사랑도 내가 언제나 응원하고 있는 거 알지요?	N	2022-06-13 01:53:02	2022-11-08 03:26:52
BE22000404	11	0	사실 제가 먼저 헤어지자고 했기 때문에 어떤 말을 하기도 망설여졌었거든요.	N	2022-06-13 01:53:02	2022-11-08 03:26:52
BE22000404	12	1	무슨 마음인지 이해해요. 괜히 미안하고 죄책감이 들었을 수도 있을 것 같아요. 하지만 결론적으로는 그분도 취업에 집중할 수 있었고 감정화자씨도 자리 잡았으니 잘된 일이라고 생각할 거예요.	N	2022-06-13 01:53:02	2022-11-08 03:26:52
BE22000404	13	0	대리님이 달래주니까 마음이 정말 가벼워요. 고마워요. 주말에 만나서 이야기 잘하고 올게요.	N	2022-06-13 01:53:02	2022-11-08 03:26:52
BE22000404	14	1	후기 바로 말해줘야 하는 거 알지요?	N	2022-06-13 01:53:02	2022-11-08 03:26:52
BE22000404	15	0	네, 월요일 출근하자마자 바로 말씀드릴게요.	Y	2022-06-13 01:53:02	2022-11-08 03:26:52
