id	utterance_id	utterance_type	utterance_text	terminate	regDate	updDate
BE22012685	1	0	어제 지방 출장 가면서 관심이 있는 직원을 조수석에 태워서 정말 기뻤어. 작가와 계약을 맺으려고 출장을 갔던 건데, 결과도 성공적이어서 기분이 무척 좋아.	N	2022-08-01 06:38:25	2022-11-08 04:45:47
BE22012685	2	1	네가 관심이 있는 직원이라면 누구를 말하는 거야? 동료로 일하면서 네가 이렇게 들뜬 모습은 처음 보는 것 같아.	N	2022-08-01 06:38:25	2022-11-08 04:45:47
BE22012685	3	0	말하기 쑥스럽지만, 편집 부서에서 일하는 대리님을 마음에 두고 있었거든. 옆 좌석에 그녀가 앉아 있다고 생각하니, 운전하는 내내 가슴이 콩닥콩닥 뛰었어.	N	2022-08-01 06:38:25	2022-11-08 04:45:47
BE22012685	4	1	대리님이 실력도 있고 성격도 좋은 직원이지. 어제는 업무차 자연스러운 만남이라서 네가 정말 기분이 좋았겠다. 나는 상상만 해도 입가에 웃음꽃이 저절로 피어오르는 걸.	N	2022-08-01 06:38:25	2022-11-08 04:45:47
BE22012685	5	0	대리님을 좋아하게 된 지는 몇 달 됐는데, 부끄러워서 말도 제대로 못 붙였거든. 제대로 된 대화조차 나눈 적이 없었어. 그런데 어제는 오랜 시간 동안 이런저런 이야기도 나누다 보니 정말 가슴이 설레더라.	N	2022-08-01 06:38:25	2022-11-08 04:45:47
BE22012685	6	1	꿈에 그리기만 하던 상황이 눈 앞에 펼쳐진다는 걸 상상하니 정말 멋져. 네가 어제는 정말 하늘을 나는 것 같은 기분이었겠다. 나라도 그런 심정이었을 거야.	N	2022-08-01 06:38:25	2022-11-08 04:45:47
BE22012685	7	0	처음 차에 탔을 땐 마치 꿈을 꾸는 것 같았어. 옆자리에 앉아서 웃는 모습을 보면 천사처럼 아름다워 보여서 눈을 뗄 수 없었어.	N	2022-08-01 06:38:25	2022-11-08 04:45:47
BE22012685	8	1	너 대리님을 정말 좋아하는가 보구나. 네가 좋아하는 사람을 드디어 찾은 것 같으니 나도 곁에서 응원해 주고 싶은걸.	N	2022-08-01 06:38:25	2022-11-08 04:45:47
BE22012685	9	0	오랜 시간 이야기를 나누다 보니 성격도 정말 좋고 의외로 섬세한 면도 있더라. 앞으로 그녀에 관해 더 많은 걸 알게 될 거라는 기대감도 들어서 한껏 기뻐져.	N	2022-08-01 06:38:25	2022-11-08 04:45:47
BE22012685	10	1	네가 구름 위에 붕 뜬 것처럼 기분이 좋구나. 동료가 기쁜 모습을 보니 나도 무척 흐뭇하네.	N	2022-08-01 06:38:25	2022-11-08 04:45:47
BE22012685	11	0	출장 마치고 나서는 저녁도 함께 먹었어. 다음에는 정식으로 데이트 신청도 할까 해.	N	2022-08-01 06:38:25	2022-11-08 04:45:47
BE22012685	12	1	와, 이제 진도가 자연스럽게 술술 나가는 건가? 네 이야기를 듣다 보니 내 마음도 함께 부풀어 오르는걸.	N	2022-08-01 06:38:25	2022-11-08 04:45:47
BE22012685	13	0	그런데 내가 용기 내어 데이트 신청을 하면 그녀가 받아줄까? 설레기도 하지만 한편으로는 걱정도 돼.	N	2022-08-01 06:38:25	2022-11-08 04:45:47
BE22012685	14	1	넌 동료인 내가 봐도 꽤 괜찮은 남자야. 대리님도 평소에 너한테 호감을 가지고 있었을 수도 있고. 그러니 얼른 용기 내서 데이트 신청 해 봐.	N	2022-08-01 06:38:25	2022-11-08 04:45:47
BE22012685	15	0	그렇게 격려해 진심으로 고마워. 네 말에 용기를 얻어 내일 꼭 데이트 신청해야겠다. 그럼 내일 회사에서 보기로 하고, 안녕.	Y	2022-08-01 06:38:25	2022-11-08 04:45:47
