id	utterance_id	utterance_type	utterance_text	terminate	regDate	updDate
BE22009904	1	0	과장님, 저번 주 주말에 제 동생들이 동반해서 입대했어요. 막냇동생이 혼자 군대에 갈까 봐 무척 걱정했거든요. 그런데 둘째 동생과 같이 가게 돼서 얼마나 안도했는지 정말 기쁘게 보내주고 왔어요.	N	2022-07-18 11:51:12	2022-11-08 04:28:11
BE22009904	2	1	형제가 같이 입대했다니 다행이고, 잘됐네요. 형제가 군대에 가면 같은 부대에 배치되는 거죠. 감정화자님이 하던 걱정이 해결돼서 기쁘시겠어요.	N	2022-07-18 11:51:12	2022-11-08 04:28:11
BE22009904	3	0	네 맞아요. 그래서 지난주에 동생들을 군대에 보내고 왔는데도 슬픈 마음보다는 기쁜 마음으로 보낼 수 있었어요. 다들 슬픈 분위기인데 저만 활짝 웃고 있어서 눈치가 보이긴 했어요.	N	2022-07-18 11:51:12	2022-11-08 04:28:11
BE22009904	4	1	그래도 감정화자님이 좋은 마음으로 웃음이라는 거 동생들은 다 알고 있을 거예요. 감사하고 행복하게 동생들을 보내고 왔다니 메신저를 읽는 제가 다 뿌듯하네요.	N	2022-07-18 11:51:12	2022-11-08 04:28:11
BE22009904	5	0	둘째 동생도 걱정이지만 저는 막냇동생이 유독 걱정됐어요. 막냇동생의 입영 통지서가 저에게는 큰 충격이었으니까요. 그런데 둘째 동생이 같이 가겠다고 해줘서 얼마나 고마운지 어른이 다 됐더라고요.	N	2022-07-18 11:51:12	2022-11-08 04:28:11
BE22009904	6	1	정말 사이가 좋은 형제네요. 둘째 동생도 감정화자님을 닮아서 동생을 생각하는 마음이 애틋한가 봐요. 감정화자님의 집 분위기가 참 따뜻하게 느껴져서 제가 다 기분이 좋아요.	N	2022-07-18 11:51:12	2022-11-08 04:28:11
BE22009904	7	0	그렇지도 않아요. 매일 투다 거리며 싸워요. 그래도 두 명이 동반해서 입대했으니, 그 안에서 형제애를 더욱 느낄 것 같아서 다행이죠.	N	2022-07-18 11:51:12	2022-11-08 04:28:11
BE22009904	8	1	제가 보기 애는 그 누구보다 충분히 형제애가 있어 보여요. 감정화자님 의견처럼 동반 입대하면 더 충만해서 돌아올 것 같긴 하네요. 사이가 너무 좋아서 감정화자님 외로워지시겠는데요?	N	2022-07-18 11:51:12	2022-11-08 04:28:11
BE22009904	9	0	그러게요. 원래도 두 명이 편 먹고 저를 놀렸는데 동반 입대하면 무적이 돼서 돌아올 것 같아요. 근데 김 과장님도 동생들 군대 보낼 때 이런 뿌듯한 마음이셨나요?	N	2022-07-18 11:51:12	2022-11-08 04:28:11
BE22009904	10	1	전 동생 군대 갈 때 따라가지도 않았어요. 모두 감정화자님처럼 다정한 건 아니에요. 제가 보기에는 감정화자님 남매 사이가 정말 좋으셔요.	N	2022-07-18 11:51:12	2022-11-08 04:28:11
BE22009904	11	0	사실 동네에서 저희 삼 남 내가 유명하긴 했죠. 근데 예전만큼은 아니에요. 저부터도 동반 입대하는 동생들을 보면서 기뻐서 웃고 있었는데요, 뭘.	N	2022-07-18 11:51:12	2022-11-08 04:28:11
BE22009904	12	1	안도에서 나오는 기쁨의 웃음이잖아요. 감정화자님의 웃음도 동생들을 사랑하는 마음에서 피어나는 미소셨잖아요. 그 마음도 역시 동생들을 사랑하는 표현 중의 하나니까요.	N	2022-07-18 11:51:12	2022-11-08 04:28:11
BE22009904	13	0	그렇게 생각해 주셔서 감사하네요. 동생들을 사랑하는 마음이라고 하시니 좀 쑥스럽기도 해요. 둘 다 떨어져서 군대 생활할까 봐 불안했던 제 마음을 대단하게 여겨 주셔서 감사해요.	N	2022-07-18 11:51:12	2022-11-08 04:28:11
BE22009904	14	1	당연하죠. 제가 회사에서 보는 감정화자님은 항상 따뜻하고 배려 넘치는 분이세요. 메신저를 읽다 보니 다 가족 환경에서 자연스레 나오는 심성이셨어요.	N	2022-07-18 11:51:12	2022-11-08 04:28:11
BE22009904	15	0	공감화자님이 저를 엄청나게 격려해 주시고 동조해 주셔서 감사해요. 동생들이 동반 입대해서 안도감에 기뻐하는 저의 마음이 배가 되었어요. 항상 저의 메신저에 답해주시는 것도 감사드리고요.	Y	2022-07-18 11:51:12	2022-11-08 04:28:11
