id	utterance_id	utterance_type	utterance_text	terminate	regDate	updDate
BE22014003	1	0	아이스커피를 마시고 싶어서 얼음을 얼렸거든요. 시원한 얼음을 만들어놓으니까 이렇게 기쁠 수가 없네요!	N	2022-08-11 22:19:38	2022-11-08 04:54:08
BE22014003	2	1	아휴, 이 무더위에는 아이스커피가 최고죠! 생각만 해도 등골까지 시원해지는 게 저도 기분이 좋아지네요!	N	2022-08-11 22:19:38	2022-08-11 22:19:38
BE22014003	3	0	회사 사무실이 아무리 시원해도 무더운 날씨에 아이스커피는 빼놓을 수 없죠. 얼른 시원하게 한잔 만들어 먹어야겠어요.	N	2022-08-11 22:19:38	2022-08-11 22:19:38
BE22014003	4	1	편안하게 커피를 즐기며 더위를 이겨내는 좋은 방법인 것 같아요. 그런 일상의 소소한 즐거움이 저에게도 행복감을 전해주네요!	N	2022-08-11 22:19:38	2022-08-11 22:19:38
BE22014003	5	0	다른 동료들도 아이스커피를 만들어 먹을 수 있게 얼음을 넉넉하게 만들어놔야겠어요. 다들 신나 할 모습을 생각하니 흐뭇하네요.	N	2022-08-11 22:19:38	2022-11-08 04:54:08
BE22014003	6	1	아휴, 다들 엄청나게 좋아하겠네요. 외근 나갔다 들어온 동료들은 더 환호하겠어요! 모두의 기쁨의 저의 기쁨 같아요.	N	2022-08-11 22:19:38	2022-11-08 04:54:08
BE22014003	7	0	요즘 커피값이 장난 아닌데 매번 어떻게 다 밖에서 사 먹어요. 사무실에서 편하게 만들어 먹을 수 있으면 좋잖아요.	N	2022-08-11 22:19:38	2022-08-11 22:19:38
BE22014003	8	1	역시 다른 사람을 배려하는 마음은 알아줘야 한다니까요. 우리 사무실에 기쁨을 선사하는 그런 분이 계셔서 정말 행복합니다!	N	2022-08-11 22:19:38	2022-11-08 04:54:08
BE22014003	9	0	제가 좋아서 그런 건데요, 뭐. 다른 사람이 좋아하면 제가 더 즐겁거든요.	N	2022-08-11 22:19:38	2022-08-11 22:19:38
BE22014003	10	1	전 막내로 자라서 그런지 나 하고 싶은 것만 하게 되거든요. 그런데 그렇게 남을 배려하고 즐거워하는 모습을 보면 정말 대단하다는 생각이 들어요. 제가 항상 본받으려고 한답니다.	N	2022-08-11 22:19:38	2022-08-11 22:19:38
BE22014003	11	0	뭘 그렇게까지 말씀하세요, 부끄럽게. 나를 위해 하는 일인데, 이왕이면 다른 사람도 같이 즐거우면 좋잖아요. 그럼 저는 더 즐겁고요, 하하.	N	2022-08-11 22:19:38	2022-11-08 04:54:08
BE22014003	12	1	그게 말은 쉽지만, 행동으로 옮기기는 쉽지 않죠. 언제나 배려심 많은 넉넉한 마음을 내니 곁에서 바라보는 제가 너무 흐뭇하고 즐거워요.	N	2022-08-11 22:19:38	2022-11-08 04:54:08
BE22014003	13	0	저의 작은 수고로 주변 사람들이 즐거워하는 모습을 보는 게 저는 기쁘답니다. 그런데 그렇게 저를 응원해주시니 앞으로는 더욱더 기쁜 마음으로 하게 될 것 같네요, 하하.	N	2022-08-11 22:19:38	2022-08-11 22:19:38
BE22014003	14	1	당신의 기쁨이 우리 동료들에게는 더 큰 기쁨이지요. 모두가 함께 기쁨을 누릴 수 있게 해줘서 고맙습니다!	Y	2022-08-11 22:19:38	2022-08-11 22:19:38
