id	utterance_id	utterance_type	utterance_text	terminate	regDate	updDate
BE22016829	1	0	이제 곧 추석인데 온 가족이 모일 생각하니 즐거워지네요. 벌써부터 고향 집 시끌벅적한 소리가 들리는 것 같고 너무 행복해요.	N	2022-08-31 14:59:19	2022-08-31 14:59:19
BE22016829	2	1	벌써 사랑하는 가족 곁에 가 있는 것만 같은 느낌에 행복한 마음으로 들뜨고 계시나 봐요.	N	2022-08-31 14:59:19	2022-11-08 05:11:42
BE22016829	3	0	이번 추석 연휴 중에 온 가족이 함께 영화를 보자고 하네요. 전에 한 번 다 같이 영화 본 적이 있었는데 엄마가 좋았나 봐요.	N	2022-08-31 14:59:19	2022-08-31 14:59:19
BE22016829	4	1	추석 때 그런 좋았던 기억이 있으면 추석마다 떠오르고 생각나겠어요. 가족이 함께했으니 얼마나 즐거운 기억이겠어요.	N	2022-08-31 14:59:19	2022-11-08 05:11:42
BE22016829	5	0	엄마가 먼저 뭐 하자고 말씀하신 적이 없는데 이번에 그렇게 하고 싶은 걸 말하니 좋아요.	N	2022-08-31 14:59:19	2022-08-31 14:59:19
BE22016829	6	1	자녀들과 부모님이 얼마나 화목한 분위기에서 지냈는지 느끼게 되는걸요. 행복한 가정의 대화법이란 이런 거야라고 말하는 것 같아요.	N	2022-08-31 14:59:19	2022-11-08 05:11:42
BE22016829	7	0	가족이 같은 걸 보고 나와서 밥도 먹고 그러다 보면 어느새 시간이 총알처럼 지나가더라고요.	N	2022-08-31 14:59:19	2022-08-31 14:59:19
BE22016829	8	1	많은 사람들이 명절 때가 되면 명절 후유증을 겪는다고들 하잖아요. 감정화자님은 이렇게 즐겁기만 하니 명절 걱정도 없겠어요. 너무 부러워요.	N	2022-08-31 14:59:19	2022-11-08 05:11:43
BE22016829	9	0	맞아요. 추석에 집에서 계속 먹고 마시고 하면 엄마도 저도 많이 힘들잖아요. 조금이라도 나가서 쉬고 오는 기분도 들어서 엄마가 좋으셨나 봐요.	N	2022-08-31 14:59:19	2022-08-31 14:59:19
BE22016829	10	1	이렇게 딸이 엄마 마음을 잘 알아주니 엄마는 얼마나 행복하시겠어요. 그런 엄마를 보는 마음은 또 얼마나 기쁘고 안심이 될까요.	N	2022-08-31 14:59:19	2022-11-08 05:11:43
BE22016829	11	0	엄마가 좋아하시면 정말 제 마음도 너무 좋아요. 다들 즐거운 추석이 되면 그거만큼 좋은 게 어디 있겠어요.	N	2022-08-31 14:59:19	2022-08-31 14:59:19
BE22016829	12	1	맞아요. 아무리 힘들고 걱정이 있어도 가족과 함께하는 명절만큼은 모든 고민이 사라지고 행복하면 좋겠어요.	N	2022-08-31 14:59:19	2022-08-31 14:59:19
BE22016829	13	0	가는 길이 막히고 피곤해도 사랑하는 가족들에게 달려가는 길은 얼마나 기쁜지 몰라요.	N	2022-08-31 14:59:19	2022-08-31 14:59:19
BE22016829	14	1	모든 사람들이 감정화자님 같은 마음으로 가족들에게 행복하게 달려가면 좋겠어요. 감정화자님의 마음을 본받아서 저도 기쁨 가득한 마음으로 추석을 보내야겠어요.	N	2022-08-31 14:59:19	2022-11-08 05:11:43
BE22016829	15	0	네. 좋은 시간 보내야죠. 마음도 풍성한 추석이 될 거예요.	Y	2022-08-31 14:59:19	2022-08-31 14:59:19
