id	utterance_id	utterance_type	utterance_text	terminate	regDate	updDate
BE22013446	1	0	우리 딸은 크면 클수록 아빠를 더 닮아가는 것 같아서 만족스러워.	N	2022-08-08 04:05:17	2022-08-08 04:05:17
BE22013446	2	1	왜 딸이 감정화자씨보다 남편 닮아서 더 좋아? 특별한 이유라도 있어?	N	2022-08-08 04:05:17	2022-11-08 04:50:30
BE22013446	3	0	우리 남편 코가 오뚝한 편이거든. 그래서 코를 아빠 닮길 원했는데 코 말고 다른 곳도 많이 닮아서 좋아.	N	2022-08-08 04:05:17	2022-11-08 04:50:30
BE22013446	4	1	딸이 예쁘게 자라니까 감정화자씨 기분도 참 좋겠다. 감정화자씨처럼 심성도 고운 아이로 크면 진짜 사랑 많이 받겠다.	N	2022-08-08 04:05:17	2022-11-08 04:50:30
BE22013446	5	0	어릴 땐 내 판박이였는데 조금 크고 나니까 아빠 닮은 것 같아서 만족스러워. 말투도 아빠랑 비슷해서 너무 귀여워.	N	2022-08-08 04:05:17	2022-08-08 04:05:17
BE22013446	6	1	딸이 아빠 닮았다니 더 기분 좋겠다. 내가 사랑하는 사람의 얼굴을 닮는 것도 참 기쁜 일이라고 생각돼.	N	2022-08-08 04:05:17	2022-11-08 04:50:30
BE22013446	7	0	맞아 딸이 내 남편하고 비슷하니까 사랑스러워 보이고 그러더라고. 생각이나 행동도 아빠 닮아서 더 예뻐 보여.	N	2022-08-08 04:05:17	2022-08-08 04:05:17
BE22013446	8	1	딸이 엄마 바라던 대로 자라줘서 감정화자씨가 너무 기쁠 것 같아. 얼마나 사랑스러울까 딸 보고 있으면 감정화자씨 마음도 참 뿌듯할 것 같아.	N	2022-08-08 04:05:17	2022-11-08 04:50:30
BE22013446	9	0	응 이제 초등학교 들어가는데 너무 예쁘고 귀여워서 사랑스러워.	N	2022-08-08 04:05:17	2022-08-08 04:05:17
BE22013446	10	1	정말 자기 딸이지만 너무 소중하고 사랑스럽겠다. 감정화자씨 딸 얘기하니까 기분이 너무 좋아 보여서 나까지 흐뭇해져.	N	2022-08-08 04:05:17	2022-11-08 04:50:30
BE22013446	11	0	나도 어쩔 수 없는 딸바보라서 그런가 봐. 공부에도 좀 관심 가지면 정말 기쁠 것 같아.	N	2022-08-08 04:05:17	2022-11-08 04:50:30
BE22013446	12	1	그러게, 남편분이 똑똑하시잖아. 딸이 얼굴도 닮고 머리까지 닮으면 감정화자씨 정말 기뻐하겠는걸?	N	2022-08-08 04:05:17	2022-11-08 04:50:30
BE22013446	13	0	그래도 아빠처럼 책을 좋아해서 참 다행이야. 그저 착하고 올바른 아이로 자랐으면 좋겠어.	N	2022-08-08 04:05:17	2022-08-08 04:05:17
BE22013446	14	1	감정화자씨 바람대로 딸이 쑥쑥 커 줄 거야. 많이 사랑하고 예뻐해 주니까 말이야.	N	2022-08-08 04:05:17	2022-11-08 04:50:30
BE22013446	15	0	진짜 그렇게 크면 좋겠다. 상상만으로도 좋아.	Y	2022-08-08 04:05:17	2022-11-08 04:50:30
