id	utterance_id	utterance_type	utterance_text	terminate	regDate	updDate
BE22001606	1	0	짜잔. 방금 내가 보낸 사진 봐봐. 이 그림 보여?	N	2022-06-16 06:21:00	2022-11-08 03:34:48
BE22001606	2	1	어머. 딸이 그린 거야? 아직 6살이라더니 그림 실력이 너무 탁월하다. 딸 덕분에 기쁘겠다.	N	2022-06-16 06:21:00	2022-11-08 03:34:48
BE22001606	3	0	그치. 애가 미술적 감각이 엄청 뛰어나다니까.	N	2022-06-16 06:21:00	2022-11-08 03:34:48
BE22001606	4	1	딸이 엄마를 엄청 사랑하나보네. 원래 얼굴보다 훨씬 예쁘게 그렸잖아.	N	2022-06-16 06:21:00	2022-11-08 03:34:49
BE22001606	5	0	내가 보기엔 똑같이 그렸는데 뭘.	N	2022-06-16 06:21:00	2022-11-08 03:34:49
BE22001606	6	1	눈 크기가 얼굴의 반을 넘는데?	N	2022-06-16 06:21:00	2022-11-08 03:34:49
BE22001606	7	0	우리 딸 눈에는 그렇게 보이나 보지. 이참에 미술유치원으로 보낼까?	N	2022-06-16 06:21:00	2022-11-08 03:34:49
BE22001606	8	1	원래 천재는 그렇게 교육의 틀에 가두면 안 되는 거래. 그냥 자유롭게 그리고 싶을 때만 그리도록 내버려두는 건 어때?	N	2022-06-16 06:21:00	2022-11-08 03:34:49
BE22001606	9	0	자기 말이 맞다. 이것도 부모 욕심인데.	N	2022-06-16 06:21:00	2022-11-08 03:34:49
BE22001606	10	1	욕심대로 되는 게 자식이면 얼마나 좋겠어.	N	2022-06-16 06:21:00	2022-11-08 03:34:49
BE22001606	11	0	아니, 이목구비를 자세히 봐봐. 너무 섬세하지 않아?	N	2022-06-16 06:21:00	2022-11-08 03:34:49
BE22001606	12	1	그러네. 6살이 그렸다고 말하면 믿을 사람 아무도 없겠다. 네가 뿌듯해할 만하다.	N	2022-06-16 06:21:00	2022-11-08 03:34:49
BE22001606	13	0	참 희한해. 나도 남편도 미술 쪽으론 재능이 영 꽝인데.	N	2022-06-16 06:21:00	2022-11-08 03:34:49
BE22001606	14	1	가끔 그런 돌연변이가 나오기도 한다더라. 그게 참 자식 키우는 맛인 것 같아.	N	2022-06-16 06:21:00	2022-11-08 03:34:49
BE22001606	15	0	그러게. 기분이 너무 좋다. 하루 종일 이 그림만 보고 있어도 배부르겠어.	N	2022-06-16 06:21:00	2022-11-08 03:34:49
BE22001606	16	1	하이고. 그래도 밥은 드셔야지요.	Y	2022-06-16 06:21:00	2022-11-08 03:34:49
