id	utterance_id	utterance_type	utterance_text	terminate	regDate	updDate
BE22009786	1	0	언니 저 남자 친구와 이제 헤어져야겠어요.	N	2022-07-18 07:17:16	2022-11-08 04:27:27
BE22009786	2	1	왜 무슨 일 있었어?	N	2022-07-18 07:17:16	2022-11-08 04:27:27
BE22009786	3	0	이제까지 알던 남자 친구는 이제 없으니까요. 저를 속이며 안 그런 척하느라 얼마나 힘들었을까요? 일베 회원이라는 엄청난 사실을 숨기려 했다니 분노가 치밀어요.	N	2022-07-18 07:17:16	2022-11-08 04:27:27
BE22009786	4	1	정말 일베였다고? 너무 놀라서 머릿속이 하얗게 되어 버렸어. 나도 이렇게 놀랍고 당황스러운데 너는 오죽하겠니?	N	2022-07-18 07:17:16	2022-11-08 04:27:27
BE22009786	5	0	그 사실을 숨기려고 정치색도 내 입맛에 맞게 말했어요. 게다가 여자를 진심으로 위하는 척 머리가 깨인 사람인 양 속였다는 게 더 화가 나요.	N	2022-07-18 07:17:16	2022-11-08 04:27:27
BE22009786	6	1	나도 지금 머리가 어지럽고 뭐가 뭔지 모르겠어. 이제껏 눈치도 못 챘으니까. 너희를 소개해 준 입장에서 내가 그런 사람인 줄 알았으면 절대 그러지 않았을 거야. 뒤통수 세게 맞은 것처럼 얼마나 힘이 들까 도무지 어찌할 줄을 모르겠어.	N	2022-07-18 07:17:16	2022-11-08 04:27:27
BE22009786	7	0	네 언니가 알고도 소개시켜 줬을 거라 생각하지 않아요. 저도 일 년을 만나면서도 전혀 눈치채지 못했으니까요. 걔가 화장실에 간 사이 사이트 알림이 울려서 알게 돼서 걔는 내가 아는 것도 몰라요.	N	2022-07-18 07:17:16	2022-11-08 04:27:27
BE22009786	8	1	목요일에 우리 모임에서도 일베 이야기가 나왔고 치를 떨었는데 싫어하는 부류가 남자 친구라니 심정이 얼마나 참담하겠니. 너를 속였고 가치관의 차이가 다르니 네 생각대로 헤어짐을 고민해 보는 게 좋을 것 같다.	N	2022-07-18 07:17:16	2022-11-08 04:27:27
BE22009786	9	0	아무래도 그래야 하겠죠? 어떠한 변명을 해도 내 마음은 돌아서서 더 이상 꼴도 보고 싶지 않아요.	N	2022-07-18 07:17:16	2022-11-08 04:27:27
BE22009786	10	1	그래 그래도 오랜 시간 남자 친구로서 정이 있으니 네 마음이 얼마나 힘이 들겠니? 언제든 네가 힘이 들고 눈물이 날 때 내가 함께 있어 줄게. 힘든 결정이지만 너 자신을 위해 옳은 선택이니 널 지지해.	N	2022-07-18 07:17:16	2022-11-08 04:27:27
BE22009786	11	0	맞아요. 거짓말 그릇된 신념으로 점철된 일베 회원이니 마음은 이미 식어버렸어요. 아마 잘 이겨낼 수 있을 거예요.	N	2022-07-18 07:17:16	2022-11-08 04:27:27
BE22009786	12	1	시간이 지나면 서서히 마음의 고통도 희미해지겠지. 그래도 너의 소신을 지킨 건 진짜 용기 있고 잘한 선택이니까 마음 단단하게 가졌으면 좋겠다. 누구보다 네 스스로를 아끼고 사랑하는 게 가장 지혜로운 거니까 힘내.	N	2022-07-18 07:17:16	2022-11-08 04:27:27
BE22009786	13	0	아까 속이 울렁이고 토할 것처럼 구역질이 날 정도로 화가 머리끝까지 났어요. 그런데 언니의 마음 깊은 조언을 들은 마음이 한결 부드러워졌어요. 너무 고마워요.	N	2022-07-18 07:17:16	2022-11-08 04:27:27
BE22009786	14	1	아니야 정답을 알고 스스로 노력하는 네 결단력이 대단한 거지. 나는 그 모습에 박수 쳐주고 싶어. 다음에 얼굴 마주하고 속에 쌓인 얘기 다 털어놓으렴.	N	2022-07-18 07:17:16	2022-11-08 04:27:27
BE22009786	15	0	네 언니 그럴게요.	Y	2022-07-18 07:17:16	2022-11-08 04:27:27
