id	utterance_id	utterance_type	utterance_text	terminate	regDate	updDate
BE22015107	1	0	참 덥다 더워. 한여름에 식당 앞에서 한 시간 넘게 줄 서봤어? 짜증이 머리끝까지 나네.	N	2022-08-22 03:33:46	2022-11-08 05:01:02
BE22015107	2	1	늘 날씨라면 밥 먹기도 전에 진이 빠지겠는걸. 평소에 맛집 다니는 스타일은 아니잖아.	N	2022-08-22 03:33:46	2022-11-08 05:01:02
BE22015107	3	0	맞아. 하지만 내 여자 친구는 오늘 여기를 꼭 가셔야겠대. 덕분에 나 혼자 먼저 나와서 줄 서는 중이고. 더워질수록 분노가 치밀어 올라!	N	2022-08-22 03:33:46	2022-11-08 05:01:02
BE22015107	4	1	정말 고생이겠구나. 한편으론 여자 친구가 부럽다. 맛있는 거 먹이려고 혼자 줄 서는 남친이라니! 너무 자상하잖아. 사랑은 사람도 변하게 한다더니 딱 감정화자님 이야기네!	N	2022-08-22 03:33:46	2022-11-08 05:01:02
BE22015107	5	0	좋아하니까 이런 것도 하는 거지. 사실 이런 맛집이나 저기 앞에 있는 김밥집이나 내 입맛엔 다 비슷하단 말이야.	N	2022-08-22 03:33:46	2022-11-08 05:01:02
BE22015107	6	1	에이, 그래도 맛집은 뭔가 다르겠지.	N	2022-08-22 03:33:46	2022-11-08 05:01:02
BE22015107	7	0	나 혼자였으면 절대 안 했을 거야. 평소에 이렇게 기다리는 사람들이 이해가 가지 않았거든.	N	2022-08-22 03:33:46	2022-08-22 03:33:46
BE22015107	8	1	조금만 기다려 봐. 여자 친구가 행복한 표정을 지으면서 밥 먹는 걸 보면 그 화도 눈 녹듯이 사라질 거야.	N	2022-08-22 03:33:46	2022-11-08 05:01:02
BE22015107	9	0	하긴 그렇긴 해. 여자 친구가 요새 일 때문에 스트레스를 받길래 일부러 맛있는 거 먹자고 한 거거든. 이렇게 해서 오늘 하루 기분 좋게 보낼 수만 있다면 난 만족해.	N	2022-08-22 03:33:46	2022-11-08 05:01:02
BE22015107	10	1	당연하지. 그리고 이런 것만 봐도 평소에 감정화자님이 얼마나 자상한 사람이었는지 알 수 있는걸. 그분은 정말 복 받았다! 부러워.	N	2022-08-22 03:33:46	2022-11-08 05:01:02
BE22015107	11	0	하하. 이제 하나도 덥지 않네! 줄도 금방 줄어드는 것 같고. 마음이 아까랑은 확연히 다른걸? 기분이 좋네.	N	2022-08-22 03:33:46	2022-11-08 05:01:02
BE22015107	12	1	이왕 줄 서는 거 좋게 생각하면 좋잖아. 얼마나 맛집이길래 이렇게 서는 거야? 나도 그 맛이 참 궁금하다.	N	2022-08-22 03:33:46	2022-11-08 05:01:02
BE22015107	13	0	궁금하지? 내가 오늘 먹고 이야기해줄게. 공감화자님도 이렇게 줄 좀 서다 먹으면 꿀맛일 거야. 흐흐.	N	2022-08-22 03:33:46	2022-11-08 05:01:02
BE22015107	14	1	그러게. 나는 이렇게 대신 줄 서줄 여자 친구 없나? 하하.	Y	2022-08-22 03:33:46	2022-11-08 05:01:02
