id	utterance_id	utterance_type	utterance_text	terminate	regDate	updDate
BE22013198	1	0	화가 나서 언니랑 더는 같이 못 살겠어.	N	2022-08-05 02:56:19	2022-11-08 04:48:59
BE22013198	2	1	왜 그래, 싸우기라도 한 거야?	N	2022-08-05 02:56:19	2022-08-05 02:56:19
BE22013198	3	0	퇴근하고 집에 왔는데 설거지가 한가득 쌓여 있잖아. 언니가 벼슬도 아니고 왜 집안일은 매일 내가 해야 해? 분통이 터져서 견딜 수가 없어.	N	2022-08-05 02:56:19	2022-08-05 02:56:19
BE22013198	4	1	무슨 상황인지 알겠다. 네가 매번 동생이라고 희생을 감내했으니까 이제 지칠 만도 하지. 언니한테 서운한 감정도 너무 이해가 가.	N	2022-08-05 02:56:19	2022-11-08 04:48:59
BE22013198	5	0	반씩 딱 나눠서 하길 바라는 것도 아니야. 내가 열 번은 하면 언니가 오늘 같은 날 한 번은 해줄 수 있는 거잖아. 힘들게 일하고 왔는데 집안이 이러니까 너무 열받아.	N	2022-08-05 02:56:19	2022-11-08 04:48:59
BE22013198	6	1	남 일 같지 않아서 나까지 속이 뜨거워진다. 동생의 설움을 내가 모르지 않잖아. 네가 그동안 참은 분노를 터뜨리는 것도 당연한 일이야.	N	2022-08-05 02:56:19	2022-11-08 04:48:59
BE22013198	7	0	마음 같아선 공과금이라도 더 내라고 소리 지르고 싶어. 싸우는 게 싫어서 내가 참고 견디는 것도 이제 한계야. 정말 분노가 한계치까지 차올랐다고.	N	2022-08-05 02:56:19	2022-08-05 02:56:19
BE22013198	8	1	화가 많이 나 보여서 내가 다 마음이 아프다. 늘 차분하고 남을 배려하는 네가 이렇게 화가 났으니, 얼마나 속이 문드러졌을지 짐작이 가.	N	2022-08-05 02:56:19	2022-11-08 04:48:59
BE22013198	9	0	아예 그릇을 깨뜨려서 본때를 보여 줄까? 그렇게라도 하지 않으면 화가 영영 안 풀릴 것 같은데.	N	2022-08-05 02:56:19	2022-08-05 02:56:19
BE22013198	10	1	속상한 마음은 이해하지만, 분노는 양날의 검이라잖아. 화를 낸 순간에는 속 시원할지 몰라도 결국 네 마음만 더 불편해질 거야. 너를 생각해서라도 화난 감정은 털어 버려.	N	2022-08-05 02:56:19	2022-11-08 04:48:59
BE22013198	11	0	네 말도 틀린 말은 아니야. 언니한테 화를 낸 다음엔 꼭 미안해지더라. 내가 잘못한 것도 없는데.	N	2022-08-05 02:56:19	2022-11-08 04:48:59
BE22013198	12	1	감정 그대로 쏟아내고 나면 꼭 후회가 몰려온다잖아. 네 마음이 편한 것보다 중요한 일은 없을 거야. 그것만 생각하고 마음을 편히 가져.	N	2022-08-05 02:56:19	2022-11-08 04:48:59
BE22013198	13	0	그래, 네 말이 맞아. 이미 벌어진 일에 화를 내서 뭐 해. 마음이 넓은 내가 오늘도 이해한다!	N	2022-08-05 02:56:19	2022-11-08 04:48:59
BE22013198	14	1	넌 언제나 지혜로운 답을 찾는다니까. 잘 생각했어. 나중엔 오늘 일도 다 잊힐 거야.	N	2022-08-05 02:56:19	2022-11-08 04:48:59
BE22013198	15	0	맞아. 너랑 대화하니까 속도 풀리고 정신이 번쩍 들었어. 오늘은 그만 쉬어야겠다.	N	2022-08-05 02:56:19	2022-11-08 04:48:59
BE22013198	16	1	좋은 생각이야. 오늘도 고생 많았어. 푹 쉬고 좋은 꿈 꿔.	Y	2022-08-05 02:56:19	2022-11-08 04:48:59
