id	utterance_id	utterance_type	utterance_text	terminate	regDate	updDate
BE22013160	1	0	아, 요즘 밤에 너무 시끄러워서 잠을 못 자겠어. 집이 8층인데도 아파트 단지에서 떠드는 소리가 너무 잘 들려서 짜증 나.	N	2022-08-04 09:40:57	2022-11-08 04:48:45
BE22013160	2	1	얼마나 시끄럽게 놀면 잠을 못 잘 정도인 거야. 네가 그래서 피곤하다고 한 거였구나.	N	2022-08-04 09:40:57	2022-11-08 04:48:45
BE22013160	3	0	응, 잠 좀 들려고 하면 누가 소리 지르면서 놀거나 노래를 부르거나 그래. 어제는 새벽 2시에도 시끄럽더라. 밤엔 잠을 자야지 왜들 그렇게 시끄럽게 하는지 모르겠어, 잠을 못 자서 너무 예민하네.	N	2022-08-04 09:40:57	2022-08-04 09:40:57
BE22013160	4	1	아이고, 자야 될 시간을 그런 식을 방해받으면 당연히 화가 나지. 더군다나 한두 번도 아니고 요즘 계속 그런다며, 네가 신경이 곤두설 만도 해. 수면이 가장 중요한데 계속 못 자서 어떡하냐.	N	2022-08-04 09:40:57	2022-11-08 04:48:45
BE22013160	5	0	내 말이 그 말이야, 남들이 잘 시간이면 알아서 좀 조심해 줘야 되는 거 아니야? 경비실에 말하고 싶어도 경비분들도 밤엔 퇴근하시니까 방법이 없어.	N	2022-08-04 09:40:57	2022-08-04 09:40:57
BE22013160	6	1	그러게, 아니면 경찰에 신고는 해봤어? 요즘은 문자로도 신고할 수 있다던데. 오랜 기간 잠을 설치면 정신적인 건강도 나빠질 텐데 걱정이다.	N	2022-08-04 09:40:57	2022-11-08 04:48:45
BE22013160	7	0	저번에 한 번 하긴 했는데 시끄러워서 한 건 아니었어. 주취자가 집에 못 들어가고 길바닥에서 주무실 것 같길래 신고해서 도움 요청한 적은 있었어. 단순 소음으로 신고한 적은 아직 없네.	N	2022-08-04 09:40:57	2022-08-04 09:40:57
BE22013160	8	1	시끄러워서 신고한 게 아니라 취객이 걱정돼서 신고를 해주다니, 아량이 참 넓다. 나 같으면 시끄러울 때마다 못 참고 신고했을 것 같아. 그렇게 참는 것도 쉽지 않을 텐데 네가 대단하네.	N	2022-08-04 09:40:57	2022-11-08 04:48:46
BE22013160	9	0	그 사람들도 그렇게 잘 들리는 줄 모르고 그랬을 것 같아서 신고하기 쉽지가 않더라. 이 생각으로 여태 신고 안 하고 참은 건데 심해지면 더는 못 참을 것 같아. 새벽마다 열불 나서 잠을 잘 수가 없으니까.	N	2022-08-04 09:40:57	2022-08-04 09:40:57
BE22013160	10	1	그래, 앞으로 계속 그러면 너도 참지 말고 신고해. 아니면 아예 인근 경찰서에 새벽 순찰해달라고 하는 것도 좋을 것 같아. 하루 이틀도 아니고 매일 그러면 네가 너무 스트레스받고 화가 나서 힘들 것 같아.	N	2022-08-04 09:40:57	2022-11-08 04:48:46
BE22013160	11	0	어머, 그 생각은 전혀 못 했는데 그런 방법도 있구나! 네 말 듣고 보니 어딘가에서 비슷한 일이 있었다고 들었던 것 같아. 요즘 새벽마다 시끄럽게 하는 사람들이 많으니까 한 번씩 순찰해달라고 하는 것도 좋은 방법이네.	N	2022-08-04 09:40:57	2022-08-04 09:40:57
BE22013160	12	1	민원이 쌓이면 그것도 무시 못 할 테니까 너도 참지 말고 민원 꼭 넣어. 그래야 밤에 푹 자고 네 기분도 나아지잖아. 난 새벽에 소음 때문에 잠을 설치는 상상만 해도 벌써 피곤한걸.	N	2022-08-04 09:40:57	2022-11-08 04:48:46
BE22013160	13	0	사람이 참 신기한 게 민원을 넣지도 않았는데, 점차 해결될 거 생각하니까 기분이 좋아지네. 이따 저녁 먹고 민원 넣어야겠다. 좋은 아이디어 줘서 고마워!	N	2022-08-04 09:40:57	2022-11-08 04:48:46
BE22013160	14	1	나도 너랑 대화하다가 우연히 떠오른 생각인데 뭘. 잠도 못 자고 스트레스받을 너 생각하면 나도 같이 화가 나. 하루 빨리 해결되어서 네가 숙면을 했으면 좋겠어.	N	2022-08-04 09:40:57	2022-11-08 04:48:46
BE22013160	15	0	고민은 나누면 낫다더니, 네가 이야기 들어줘서 잘 해결될 것 같은 기분이 들어. 이야기 들어줘서 고마워.	Y	2022-08-04 09:40:57	2022-11-08 04:48:46
