id	utterance_id	utterance_type	utterance_text	terminate	regDate	updDate
BE22011033	1	0	어휴, 열받아! 생활비는 턱없이 부족한데, 애들 아빠가 좋아하는 일을 계속하겠다고 하겠다지 뭐야? 말이 안 통하니 속 터지네, 정말!	N	2022-07-22 08:10:45	2022-11-08 04:35:19
BE22011033	2	1	남편이랑 엄청나게 싸웠구나? 아이들도 점점 커가는데, 생활비 얘기 나올 때마다 너무 답답하겠다. 진지한 문제인데 소통이 안 되면 화도 나고 많이 속상할 것 같네.	N	2022-07-22 08:10:45	2022-11-08 04:35:19
BE22011033	3	0	이걸로 싸우는 게 벌써 몇 번째인지 몰라. 나도 아르바이트 2개나 하고 있지만 남편도 제대로 된 직장을 가져야 할 것 아니야? 얼굴만 쳐다봐도 열이 확 뻗치는 게, 화병이 나겠어!	N	2022-07-22 08:10:45	2022-11-08 04:35:19
BE22011033	4	1	내가 감정 화자님 입장이라도 정말 화나겠다. 아무리 가족을 사랑한다지만 생활비가 제일 중요한 문제인데 이렇게 대충 넘어갈 문제는 아니잖아. 감정 화자님 얼마나 힘들고 답답할지 이해돼.	N	2022-07-22 08:10:45	2022-11-08 04:35:19
BE22011033	5	0	가족들이랑 아이들은 어떡하라고? 이제 초등학생 돼서 들어갈 교육비도 만만찮은데 어떻게 사람이 좋아하는 일로만 먹고살아? 내가 너무 속물적이고 예민한 거야?	N	2022-07-22 08:10:45	2022-11-08 04:35:19
BE22011033	6	1	전혀 그렇지 않아. 감정 화자님 화나고 걱정되고 답답한 심정 다 이해가 가는걸. 현실적으로 필요한 교육비나 생활비가 점점 늘어날 텐데 남편은 속 좋은 소리만 하고 있으면 얼마나 힘들겠어.	N	2022-07-22 08:10:45	2022-11-08 04:35:19
BE22011033	7	0	나더러 계속 너무 돈만 밝힌다잖아. 지금 수입으로는 애들 학원비 어림도 없는데, 애들 아빠라는 사람이 말이 안 통하니 원! 남편 학벌이 부족한 것도 아니라서 지금이라도 평범한 직장 다닐 수 있을 텐데, 계속 음악을 하겠대!	N	2022-07-22 08:10:45	2022-11-08 04:35:19
BE22011033	8	1	중요한 문제인데 남편이랑 전혀 소통이 안 되고 있으니 얼마나 속상할지 가늠이 안 돼. 나를 이해해주지도 않고 계속 고집만 부리니 얼마나 화가 나겠어. 아이들을 생각해서 자기주장을 조금 굽히면 좋을 텐데 얼마나 답답하고 화가 나니.	N	2022-07-22 08:10:45	2022-11-08 04:35:19
BE22011033	9	0	진지하게 말했는데도 계속 본인 고집만 부리니까 날 무시하는 것 같아서 더 화가 나는 거 있지? 진지하게 생업 고려도 안 하고, 나랑 아이들은 안중에도 없는 거겠지. 그러지 않고서야 이렇게까지 하겠어?	N	2022-07-22 08:10:45	2022-11-08 04:35:19
BE22011033	10	1	그건 전혀 아니야. 본인 일에 자부심이 클 뿐, 감정 화자님이랑 아이들을 끔찍하게 아끼는 분이라는 건 나도 알 정도인걸. 말싸움하다 보면 말을 격정적으로 하게 되니까 제대로 의사소통이 안 됐나 봐.	N	2022-07-22 08:10:45	2022-11-08 04:35:19
BE22011033	11	0	그렇게 말해주니까 나도 너무 내 감정에 치우쳐서 말을 막 한 것 같기도 하네. 네 말대로 남편은 작업물에 대한 자부심이 엄청나거든. 난 남편이 날 더 이상 사랑하지 않는다고 생각했어.	N	2022-07-22 08:10:45	2022-11-08 04:35:20
BE22011033	12	1	서로 그동안 많이 힘들다 보니까 마음에 여유를 가질 시간이 없었나 봐. 그래도 지친 기색 없이 열심히 살아가는 감정 화자님 모습이 존경스럽다. 조금만 차분하게 흥분을 가라앉히고 다시 한번 남편과 진지하게 대화해보는 건 어때?	N	2022-07-22 08:10:45	2022-11-08 04:35:20
BE22011033	13	0	그래야겠다. 공감 화자님 말을 듣고 보니까 내가 했던 말들을 객관적으로 돌아보게 됐어. 나도 돌이켜보면 남편한테 말을 함부로 한 것 같아. 남편도 화가 많이 났겠지.	N	2022-07-22 08:10:45	2022-11-08 04:35:20
BE22011033	14	1	부부간에 갈등이 생기는 건 살다 보면 늘 생길 수밖에 없더라고. 그래도 감정 화자님 남편과 다시 진중하게 문제를 해결하려는 모습이 멋진걸? 아무쪼록 문제 해결이 잘 돼서 네 마음이 다시 평화로워졌으면 좋겠다.	N	2022-07-22 08:10:45	2022-11-08 04:35:20
BE22011033	15	0	그래도 내 마음 알아주는 건 공감 화자님 밖에 없는 것 같네. 맞벌이 엄마들 아니고서야 이 감정 이해 못 할 거야. 공감 화자님 말대로 마음의 여유를 좀 가진 후에 남편과 진지하게 대화해봐야겠어.	N	2022-07-22 08:10:45	2022-11-08 04:35:20
BE22011033	16	1	그래, 나도 감정 화자님처럼 아이 키우면서 직장을 다녀서 그런지 처지가 많이 공감되는 것 있지. 어려운 상황일 텐데 용기를 내는 감정 화자님 모습이 멋지다. 얼른 이 상황이 나아져서 행복하기만 했으면 좋겠어.	Y	2022-07-22 08:10:45	2022-11-08 04:35:20
