id	utterance_id	utterance_type	utterance_text	terminate	regDate	updDate
BE22011782	1	0	공감 화자님, 회사 점심시간에 맛있는 게 나와서 배가 불러도 모두 먹어 버렸더니 너무 과식했나 봐. 어릴 때부터 이러더니 안 고쳐진다 정말로. 못 고치는 게 아니라 안 고치는 나 자신에게 짜증 나서 열 받는다.	N	2022-07-26 05:27:43	2022-11-08 04:40:08
BE22011782	2	1	그렇지, 자기 자신에게 나는 화는 누가 와도 풀 수가 없지. 그리고 식탐이란 것이 인간이 잘 고칠 수 없는 거잖아. 어려운 일이라 고치는 것에 어려움을 겪고 있는 것이니까 상처받지 마.	N	2022-07-26 05:27:43	2022-11-08 04:40:08
BE22011782	3	0	그래야 하는 걸 알면서도 내가 할 수 있을 거란 생각이 계속 들게 돼. 음식이 앞에 있으면 배가 불러도 먹는 게 숟가락만 내려놓으면 되는 단순한 일 이잖아. 진짜 생각할수록 나 자신에게 분노가 뻗친다.	N	2022-07-26 05:27:43	2022-11-08 04:40:08
BE22011782	4	1	단순한 일도 못하는 것 같아서 너 많이 화가 났겠다. 그런데 숟가락을 내려놓는 게 나의 의지와 상관이 되어 있긴 하지만 그래서 더 어려운 것 같아.	N	2022-07-26 05:27:43	2022-11-08 04:40:08
BE22011782	5	0	그렇긴 하지, 지금은 이런 문제로 어디다 하소연할 곳도 없어. 잘못한 게 나 자신인데 누구 탓을 하겠냐고. 정말 나 자신이 한심스럽다.	N	2022-07-26 05:27:43	2022-11-08 04:40:08
BE22011782	6	1	한심하다고 생각하면 내가 더 속상할 것 같아. 넌 한심한 사람이 절대 아닌걸. 이 문제는 인간의 식욕과 식탐이 연결된 문제라서 어쩔 수가 없는 부분이기도 하잖아.	N	2022-07-26 05:27:43	2022-11-08 04:40:08
BE22011782	7	0	그렇지 나는 나 자신에게 너무 가혹하긴 하게 생각하는 경향이 있긴 하지. 내가 먹고 있으면서도 왜 이렇게 먹는 건지 나 자신을 폄하하기도 하거든. 이런 생각을 매일 하고 나 자신에 대한 사랑이 많이 떨어진 상태기도 해.	N	2022-07-26 05:27:43	2022-11-08 04:40:08
BE22011782	8	1	그렇구나. 스스로 품위를 지키고 자기를 존중하는 마음이 자존감인데 자기를 존중하는 마음이 없다면 이라고 하잖아. 네가 자존감이 떨어진 게 많은 스트레스로 작용한 것 같아서 내가 다 속상하다.	N	2022-07-26 05:27:43	2022-11-08 04:40:08
BE22011782	9	0	나의 잘못으로 고치지 못하는 건데 너에게까지 스트레스를 주는 것 같아서 미안하다. 사실 생각해 보면 대단한 문제도 아닌 거잖아.	N	2022-07-26 05:27:43	2022-11-08 04:40:08
BE22011782	10	1	대단하지 않은 문제가 어디 있겠어. 너의 문자만 읽어보아도 네가 많이 속상했음이 느껴져서 내가 다 마음이 찢어질 것 같은데. 내가 너에게 많은 힘이 못 되어 주는 것 같아서 속상한 마음뿐이야.	N	2022-07-26 05:27:43	2022-11-08 04:40:08
BE22011782	11	0	난 무슨 일 이 생기든지 너를 가장 먼저 생각하는걸. 그건 내가 너를 많이 의지하고 있다는 거지. 지금 상황처럼 분노에 차 있을 때도 나는 너의 격려를 받고 힘을 내고 있는걸.	N	2022-07-26 05:27:43	2022-11-08 04:40:08
BE22011782	12	1	그렇게 생각해 준다면 내가 더 고맙지. 내가 보는 너는 절대 한심한 사람이 아니라서 네가 자신을 폄하할 때 많이 속상하더라고. 그래도 네가 나를 통해 조금이라도 마음이 한결 가벼워졌다면 난 그걸 만으로도 행복해.	N	2022-07-26 05:27:43	2022-11-08 04:40:08
BE22011782	13	0	너의 진심 어린 격려와 응원이 나를 불안함에서 많이 벗어나게 해줬어. 문자를 나누는 지금도 나 자신을 미워하던 마음이 많이 다스려졌어. 이건 다 네 덕분인걸.	N	2022-07-26 05:27:43	2022-11-08 04:40:08
BE22011782	14	1	그렇지도 않아. 이게 모두 네가 현명하고 매사 긍정적으로 생각할 수 있는 힘을 가지고 있어서 그렇지. 위기가 닥쳐올 때 매사 슬기롭게 헤쳐 나가는 너의 모습이 참 대단해.	N	2022-07-26 05:27:43	2022-11-08 04:40:08
BE22011782	15	0	고마워 너의 응원과 격려를 통해서 식탐으로 인해 분노했던 나의 마음이 많이 해결되었어. 정말 네가 나에게 많은 도움이 된다는 것을 꼭 알아줬으면 해. 그리고 항상 우리 지금처럼 잘 지내자.	Y	2022-07-26 05:27:43	2022-11-08 04:40:08
