id	utterance_id	utterance_type	utterance_text	terminate	regDate	updDate
BE22013623	1	0	전세 기간이 만료되어서 이사해야 하는데 화가 나네요. 주인이 너무 무례하게 굴어요.	N	2022-08-09 10:25:00	2022-11-08 04:51:37
BE22013623	2	1	법대로 하면 되는 거 아닌가요? 감정 소비하는 일이 있었나요?	N	2022-08-09 10:25:00	2022-11-08 04:51:37
BE22013623	3	0	기간이 만료되었으니까 나가면 되죠. 그런데 아무리 집주인이라고 해도 그렇지, 집 검사를 하겠대요. 벽지나 장판 같은 게 훼손되었으면 돈을 내라고 하는데, 화가 나요.	N	2022-08-09 10:25:00	2022-11-08 04:51:37
BE22013623	4	1	그런 경우가 종종 있다고 듣기는 했어요. 합리적으로 해결하는 게 좋지 않을까요?	N	2022-08-09 10:25:00	2022-11-08 04:51:37
BE22013623	5	0	물론 사는 동안 많이 훼손했으면 저도 어느 정도 비용을 지불해야겠죠. 그 부분은 동의하는데 예의 없이 찾아왔어요. 미리 말도 해주지 않고 갑자기 방문해서 제가 화를 냈어요.	N	2022-08-09 10:25:00	2022-11-08 04:51:37
BE22013623	6	1	화 날 만한 일이네요. 아무리 집주인이라도 그렇지, 예고 없이 찾아오는 것은 무척 무례한 일이죠. 몹시 언짢으셨겠어요.	N	2022-08-09 10:25:00	2022-11-08 04:51:37
BE22013623	7	0	그러나 집주인은 자기 행동에 대해서 전혀 알지 못하더라고요. 제가 화를 내니 오히려 적반하장으로 주인 행사만 하더라고요. 제가 공짜로 산 것도 아니고 전세 계약을 한 건데 이렇게까지 을이 될 이유가 없죠.	N	2022-08-09 10:25:00	2022-11-08 04:51:37
BE22013623	8	1	당연히 권리를 주장하셔야 할 때는 주장하셔야죠. 무례한 사람 때문에 괜히 나만 기분 나빠질 때가 있죠. 괜히 나만 이상한 사람이 된 것 같아서 더 화가 나기도 하고요.	N	2022-08-09 10:25:00	2022-11-08 04:51:37
BE22013623	9	0	상대가 뻔뻔하니까 제가 더 몰아붙이게 되더라고요. 그래서 화만 내고 감정은 상할 대로 상하고. 나가는 마당에 불리한 위치만 된 거 같아서 속상하네요.	N	2022-08-09 10:25:00	2022-08-09 10:25:00
BE22013623	10	1	상황이 뜻대로 되지 않을 때는 어쩔 수 없는 일이라고 생각하는 것도 좋은 방법이에요. 마음을 좀 내려놓으면 화가 나는 감정도 잠잠해질 거예요. 화만 내봤자 현실적으로 얻는 게 없으니 속이라도 편한 게 낫잖아요.	N	2022-08-09 10:25:00	2022-11-08 04:51:37
BE22013623	11	0	현명한 말씀이네요. 그동안 제가 너무 감정 소모적으로 이 상황에 대처한 거 같네요. 마음을 좀 내려놓고 편안하게 생각해야겠어요.	N	2022-08-09 10:25:00	2022-11-08 04:51:37
BE22013623	12	1	살다 보니 이런저런 일이 많이 일어나더라고요. 내가 화를 내봤자 상황은 바뀌지 않는데 무슨 소용이겠어 싶더라고요. 어쩔 수 없는 일에는 그냥 마음을 내려놓는 것도 방법이에요.	N	2022-08-09 10:25:00	2022-11-08 04:51:37
BE22013623	13	0	휴, 맞는 말씀이네요. 집주인은 인제 그만 생각해야겠어요. 이사할 거 챙기는 일도 잔뜩인데 저를 위해서 평온한 마음을 가져야겠어요.	N	2022-08-09 10:25:00	2022-11-08 04:51:37
BE22013623	14	1	좋은 생각입니다. 물론 집을 나가면서 다소 손해 보는 일이 있을 수도 있겠지만, 그래도 당신이 편안했으면 좋겠어요. 그 순간이 지나고 나면 다 괜찮아질 겁니다.	N	2022-08-09 10:25:00	2022-11-08 04:51:37
BE22013623	15	0	고맙습니다. 많이 진정되고 상황이 객관적으로 보이는군요. 현명하게 처신해서 이사를 잘해볼게요!	Y	2022-08-09 10:25:00	2022-11-08 04:51:37
