id	utterance_id	utterance_type	utterance_text	terminate	regDate	updDate
BE22012667	1	0	나 진짜 너무 힘들어 죽겠어. 내 부모님도 이렇게 안 모셔봤는데. 어쩜 이럴 수 있는지 정말 화가 나.	N	2022-08-01 05:56:19	2022-11-08 04:45:40
BE22012667	2	1	도대체 무슨 일인데 그래? 시부모님이 너 힘들게 해?	N	2022-08-01 05:56:19	2022-11-08 04:45:40
BE22012667	3	0	시어머님 입원해서 병간호하거든. 그런데 그 누구도 도와줄 생각을 안 해.	N	2022-08-01 05:56:19	2022-11-08 04:45:40
BE22012667	4	1	너 첫째 며느리도 아니잖아? 형님들과 시누이들은 다 손 놓고 있는 거야?	N	2022-08-01 05:56:19	2022-11-08 04:45:40
BE22012667	5	0	말도 마. 다들 본인 일들 바쁘다고 나 몰라라 해. 내 시어머니이기만 한 것도 아닌데. 시누이들 부모이기도 하잖아.	N	2022-08-01 05:56:19	2022-11-08 04:45:40
BE22012667	6	1	아니 어떻게 그렇게 매정할 수가 있지? 가족 대소사는 함께 나누어서 분담해야지 이렇게 등한시하다니. 네가 많이 화나고 고립됐다고 느껴지겠다.	N	2022-08-01 05:56:19	2022-11-08 04:45:40
BE22012667	7	0	내 말이 그 말이야. 더 웃긴 건 남편마저도 병원에 자주 들러보지도 않고 퇴근 후 집으로 가기 바빠. 내가 이러니 화나 안 나겠어?	N	2022-08-01 05:56:19	2022-11-08 04:45:40
BE22012667	8	1	나였어도 복장이 터질 노릇이지. 진짜 화가 머리끝까지 부글부글 끓어올랐을 것 같아. 남편 등짝이라도 시원하게 한 대 때려주고 싶은 마음이다.	N	2022-08-01 05:56:19	2022-11-08 04:45:40
BE22012667	9	0	내가 앞으로 무슨 부귀영화를 누리려고 이래야 하는 건지 모르겠어.	N	2022-08-01 05:56:19	2022-11-08 04:45:40
BE22012667	10	1	그래도 주위 둘러보면 너 같은 사람이 없어. 부모님이든 시부모님이든 무슨 일 터지면 제일 먼저 나서서 해결해 드리려 하잖아. 다 품어내는 너의 넓은 마음을 보면서 나도 배운다니까?	N	2022-08-01 05:56:19	2022-11-08 04:45:40
BE22012667	11	0	그렇게 말해주니 괜스레 또 힘이 나잖아.	N	2022-08-01 05:56:19	2022-11-08 04:45:40
BE22012667	12	1	서로 하기 싫어하는 일 앞장서서 맡는다는 게 쉬운 일이 아니잖아. 시부모님께서도 너의 큰마음 알고 분명 고마워하실 거야. 그리고 어떤 일이든 누구보다 꿋꿋이 잘 해낼 너란 걸 나는 믿고.	N	2022-08-01 05:56:19	2022-11-08 04:45:40
BE22012667	13	0	생각해 보니 시부모님이 나에게 수고했다 이 말 한마디만 해주시면 될 것 같아. 그럼 모든 수고로움이 날아갈 듯하다.	N	2022-08-01 05:56:19	2022-11-08 04:45:40
BE22012667	14	1	당연히 그러실 거야. 모쪼록 시어머님 얼른 쾌차하셨으면 좋겠다. 병간호 끝내면 우리도 얼굴 보고 대화 나누자!	N	2022-08-01 05:56:19	2022-11-08 04:45:40
BE22012667	15	0	늘 내 편이 되어줘서 고마워.	Y	2022-08-01 05:56:19	2022-11-08 04:45:40
