id	utterance_id	utterance_type	utterance_text	terminate	regDate	updDate
BE22011916	1	0	이사한 집이 너무 맘에 안 들어. 분노 때문에 잠이 오지 않을 정도야. 나 어떡해?	N	2022-07-26 13:13:23	2022-11-08 04:41:01
BE22011916	2	1	새로운 기분으로 잘 살고 싶어서 이사한 거잖아. 무슨 일이 있는 거야?	N	2022-07-26 13:13:23	2022-11-08 04:41:02
BE22011916	3	0	처음에는 저렴하게 잘 샀다고 생각했어. 그런데 저렴한 이유가 있었어. 집안으로 햇빛이 한 줌도 들지 않는 거야.	N	2022-07-26 13:13:23	2022-11-08 04:41:02
BE22011916	4	1	어쩌면 좋니? 너 정말 화 많이 나겠다. 햇빛 좋아하는 네가 그런 집에서 살아야 한다니 나라도 분노로 잠이 안 왔겠다.	N	2022-07-26 13:13:23	2022-11-08 04:41:02
BE22011916	5	0	응 정말 그래. 이삿짐도 다 정리하지 않고 멍하니 있다가 화나서 씩씩거리다가 그러고 있어.	N	2022-07-26 13:13:23	2022-11-08 04:41:02
BE22011916	6	1	너는 가족이랑 살고 싶지 않아서 독립한 거잖아? 그런 상황인 줄도 모르고 네가 이사해서 다행이라고 생각했어.	N	2022-07-26 13:13:23	2022-11-08 04:41:02
BE22011916	7	0	독립하면 정말 행복만 기다릴 줄 알았어. 내 맘대로 아무것도 못 하게 해서 부모님 밑에서 사는 게 너무 힘들었거든.	N	2022-07-26 13:13:23	2022-11-08 04:41:02
BE22011916	8	1	그래 너 힘들게 살았지. 내가 너 고생하는 이야기 들으면서 얼마나 가슴 아팠는데. 이제 네 맘대로 살 수 있을 줄 알았는데 너무 속상하다.	N	2022-07-26 13:13:23	2022-11-08 04:41:02
BE22011916	9	0	지금은 아무것도 하고 싶은 의욕이 안 생겨. 창문 앞에는 건물이 가려있고 현관으로도 햇빛이 안 들어오니까 집이 어두컴컴해서 화만 나.	N	2022-07-26 13:13:23	2022-11-08 04:41:02
BE22011916	10	1	정말 화 많이 나겠지만 부모님 집으로 다시 들어가고 싶지 않다면 거기서 견뎌야 하지 않을까? 생각해 보니까 너 낮에 집에 있는 시간 별로 없을 것 같아. 학교도 가고 아르바이트도 하느라 바쁘잖아?	N	2022-07-26 13:13:23	2022-11-08 04:41:02
BE22011916	11	0	그러고 보니 낮에 밖에 있는 시간이 많은데 그 생각을 못 하고 화만 내고 있었네. 정말 중요한 건 다시 부모님 집에 들어가고 싶지는 않아. 얼마나 힘들게 독립을 한 건데 인제 와서 뒤로 물러날 수는 없어.	N	2022-07-26 13:13:23	2022-11-08 04:41:02
BE22011916	12	1	그래, 이제 마음 편하게 먹고 독립하면 하고 싶었던 거 하면서 살아봐. 그리고 아무 걱정하지 말고 집들이나 해. 눈부시게 환한 스탠드 조명 사서 갈게.	N	2022-07-26 13:13:23	2022-11-08 04:41:02
BE22011916	13	0	네 말대로 여기서 조금 견뎌보고 돈을 모아서 이사해야겠어. 부모님 집보다는 햇빛이 들지 않지만, 나만의 공간인 여기가 훨씬 나을 것 같아. 또 네가 등도 밝은 걸로 사 온다니 갑자기 기분이 좋아지네.	N	2022-07-26 13:13:23	2022-11-08 04:41:02
BE22011916	14	1	용기 있는 너답게 잘 결정했어. 다음번 집은 햇빛이 잘 들어오는 집이 분명할 거야. 그때까지 햇빛 보고 싶을 땐 가끔 나랑 산책하자.	Y	2022-07-26 13:13:23	2022-11-08 04:41:02
