id	utterance_id	utterance_type	utterance_text	terminate	regDate	updDate
BE22015105	1	0	주말에 날씨가 좋길래 오랜만에 여자 친구랑 자전거 대여해서 한강에 자전거 타러 갔었거든. 좋은 날씨랑 다르게 내 안의 모든 분노가 치솟는 하루가 됐어.	N	2022-08-22 03:27:43	2022-11-08 05:01:01
BE22015105	2	1	여자 친구랑 데이트하러 한강까지 갔는데, 무슨 일이 있었던 거야? 자전거 타면 기분이 좋아지는 거 아니야?	N	2022-08-22 03:27:43	2022-11-08 05:01:01
BE22015105	3	0	더운 날씨였지만 한강에 사람들이 평소보다 많은 거 같더라. 근데 쓰레기를 아무 곳에나 버리고, 들어가지 말라는 잔디밭에 누워 있더라고. 그 모습을 보는데, 화가 나서 인상이 절로 찌푸려졌어.	N	2022-08-22 03:27:43	2022-08-22 03:27:43
BE22015105	4	1	다 같이 이용하는 공간일수록 서로의 노력과 관리가 필요한 건데, 그 사람들의 태도가 너무 아쉽다. 네가 화를 내는 것도 당연한 것 같아.	N	2022-08-22 03:27:43	2022-11-08 05:01:01
BE22015105	5	0	물론 나도 음식을 가져가거나 맥주를 사서 마시는 일도 많아. 그날도 자전거 탄 후에 치킨 주문해서 맥주를 마셨거든! 그렇지만 뒤처리를 잘해야 하는 건, 기본 중의 기본 아니야?	N	2022-08-22 03:27:43	2022-11-08 05:01:01
BE22015105	6	1	워낙 환경을 생각하고 실천하려고 하는 네가 보기에는 더 화가 났을 것 같아. 그래도 일회용품을 아끼려는 사람도 늘어나고 있어서 분명 좋아질 거라고 생각해. 모두가 한 번에 바뀌기 어려운 일이니까, 너무 조급하게 생각하지 말자.	N	2022-08-22 03:27:43	2022-11-08 05:01:01
BE22015105	7	0	맥주를 마시고 화장실을 다녀오는데도 여기저기 버린 쓰레기들이 너무 보기 안 좋았어. 그럴 거라면 음식을 먹지 못하게 해야 할 것 같아.	N	2022-08-22 03:27:43	2022-11-08 05:01:01
BE22015105	8	1	네 마음을 나도 너무 이해해. 사람들 생각은 모두 다른 거지만, 그래도 환경에 대해 인식하고 노력하고 있다고 느껴져. 좋아지고 있는 부분도 있으니까, 너무 화내지 말고 긍정적인 부분을 보려고 노력해보자.	N	2022-08-22 03:27:43	2022-11-08 05:01:01
BE22015105	9	0	네 말을 들으니 좋아지고 있는 부분도 있는 것 같아. 물론 내가 다른 사람들보다 먼저 움직이면 더 깨끗하게 만들 수 있었는데 그렇지 못하기도 했어.	N	2022-08-22 03:27:43	2022-08-22 03:27:43
BE22015105	10	1	평소에도 일회용 안 쓰려고 노력하는 너를 보고 얼마나 많이 배웠는지 몰라. 주변에 선한 영향력을 전달하고 있으니까, 점점 더 좋아질 거야.	N	2022-08-22 03:27:43	2022-11-08 05:01:01
BE22015105	11	0	그렇게 되면 정말 좋을 것 같아. 지금 당장 편할 수 있겠지만, 다음 세대에게 조금 더 나은 세상을 주고 싶어.	N	2022-08-22 03:27:43	2022-08-22 03:27:43
BE22015105	12	1	그래, 나부터 더 노력하고 실천하도록 해야겠다. 이런 마음들이 모이면 네 말대로 이루어질 것 같아.	N	2022-08-22 03:27:43	2022-11-08 05:01:01
BE22015105	13	0	네 말대로 다음에 한강에 갈 때는 조금 나아지길 희망해 본다.	N	2022-08-22 03:27:43	2022-08-22 03:27:43
BE22015105	14	1	그럼, 조금씩이라도 나아질 거야. 믿음이 현실이 되기를 바란다.	Y	2022-08-22 03:27:43	2022-11-08 05:01:01
