id	utterance_id	utterance_type	utterance_text	terminate	regDate	updDate
BE22010691	1	0	오늘 정말 어이없는 사람을 봤어. 누가 사람이 많이 다니는 길거리에서 쓰레기를 아무 곳에나 버리는 거야. 그걸 보는데 분노가 막 치솟으면서 노여워지기까지 했어.	N	2022-07-21 04:29:51	2022-11-08 04:33:10
BE22010691	2	1	하필 공공장소에서 그렇게 행동하다니. 네가 그 모습을 보면서 마음이 정말 불편해졌겠다.	N	2022-07-21 04:29:51	2022-11-08 04:33:10
BE22010691	3	0	그렇게 버려진 쓰레기가 길거리에 한두 개가 아니라는 게 더 화가 나던 것 있지. 길거리가 지저분해지면 누구에게도 좋을 게 없는데 왜 서로 배려하지 않는 건지 모르겠어.	N	2022-07-21 04:29:51	2022-11-08 04:33:10
BE22010691	4	1	모두가 함께 쓰는 공간인 만큼 쾌적하게 유지되는 게 무엇보다 중요하잖아. 건강을 생각해서 조금씩 배려하면 되는데 그러지 못한 사람이 더 많다는 게 답답했을 것 같아. 네 말을 전해 듣기만 했는데 지저분한 거리가 눈앞에 보이는 것처럼 불편해진다.	N	2022-07-21 04:29:51	2022-11-08 04:33:10
BE22010691	5	0	그렇지 않아도 환경 오염이다, 지구 온난화다고 하면서 계속 위험해지고 있잖아. 그렇게 사소한 것들이 모여서 내가 사는 곳이 점점 망가진다고 생각하니까 화가 치밀어 오르더라.	N	2022-07-21 04:29:51	2022-11-08 04:33:10
BE22010691	6	1	다른 사람도 아니고 자기 자신이 지내는 곳인 만큼 더 청결했으면 하는 마음이 있었구나. 그런 마음이라면 나도 십분 이해해. 날이 더워지고 있어서 여러모로 불쾌한 것도 많았을 것 같아.	N	2022-07-21 04:29:51	2022-11-08 04:33:10
BE22010691	7	0	응, 그거 보고 그냥 답답해서 내가 보이는 것 몇 개만 주워다가 버렸어. 그 사람들 대신해서 한다는 게 찝찝하고 화도 났는데 그냥 눈앞에서 치우고 싶어서.	N	2022-07-21 04:29:51	2022-11-08 04:33:10
BE22010691	8	1	눈으로 보고 지나칠 수 있었던 걸 직접 정리해 줬구나. 매사에 다른 사람들을 배려해 주는 섬세한 마음씨가 돋보이는 순간이었겠어. 그렇게 해준 덕분에 많은 사람이 편해졌을 거야.	N	2022-07-21 04:29:51	2022-11-08 04:33:11
BE22010691	9	0	당연한 일이라고 생각해서 한 건데 그렇게 말해 주니 좀 민망하다. 아무도 안 하면 내가 해야지 하는 마음이 있었거든. 화가 나는 것도 내가 지내는 곳이라고 생각해서 그런 거니까 그냥 치웠어.	N	2022-07-21 04:29:51	2022-11-08 04:33:11
BE22010691	10	1	모두를 위해 행동한다는 건 사소한 일이어도 쉽지 않을 때가 많잖아. 사소한 일이지만 기꺼이 선행을 실천하는 것만 해도 정말 대단하다고 생각해. 그런 멋진 부분은 나도 본받아야겠어.	N	2022-07-21 04:29:51	2022-11-08 04:33:11
BE22010691	11	0	어쨌든 내가 치워서 깨끗해졌고, 너에게 좋은 말도 들으니 속에 끓던 분노가 가라앉는 것 같아. 노여웠던 마음도 차츰 편해지는 것 같고. 앞으로도 쓰레기가 보이면 웬만한 건 내가 주워서 버려야겠어.	N	2022-07-21 04:29:51	2022-11-08 04:33:11
BE22010691	12	1	화나는 일까지도 긍정적인 동력으로 바꿀 줄 아는 능력이 정말 훌륭한 것 같아. 덕분에 나도 좋은 걸 많이 배우는 기분이야. 여느 때보다 멋지고 대단하다.	N	2022-07-21 04:29:51	2022-11-08 04:33:11
BE22010691	13	0	그렇게 말해 줘서 고마워. 쓰레기를 길거리 아무 곳에 버리는 사람을 봐서 종일 기분이 나쁠 뻔했거든. 근데 너랑 이야기를 나누니까 마음도 편해지고 뿌듯해졌어.	N	2022-07-21 04:29:51	2022-11-08 04:33:11
BE22010691	14	1	내가 너에게 조금이라도 도움이 될 수 있어서 다행이다. 또 하고 싶은 이야기가 생기면 언제든 연락해.	Y	2022-07-21 04:29:51	2022-11-08 04:33:11
