id	utterance_id	utterance_type	utterance_text	terminate	regDate	updDate
BE22001095	1	0	참 어이없는 기사를 읽었어요. 너무 화가 나서 진정이 안 되네요.	N	2022-06-14 02:09:38	2022-11-08 03:31:26
BE22001095	2	1	무슨 기사길래 아침부터 감정화자님이 화가 나셨을까요?	N	2022-06-14 02:09:38	2022-11-08 03:31:26
BE22001095	3	0	등산할 때 레깅스 입는 것에 대해서 의견이 분분하다는 내용인 거예요.	N	2022-06-14 02:09:38	2022-11-08 03:31:26
BE22001095	4	1	그게 의견이 갈릴 행동인가? 개인의 자유인데요. 특히나 레깅스 브랜드를 운영하고 있는 감정화자씨에게 참 어이없는 기사였겠어요.	N	2022-06-14 02:09:38	2022-11-08 03:31:26
BE22001095	5	0	그러니까요. 아웃도어용으로 만들기 위해서 소재를 얼마나 고심해서 만들었는데 화가 나요.	N	2022-06-14 02:09:38	2022-11-08 03:31:26
BE22001095	6	1	감정화자씨가 아웃도어용 레깅스 제작한다고 구상할 때부터 옆에서 그 열의를 직접 본 나니까, 화가 나는 게 이해가 돼요.	N	2022-06-14 02:09:38	2022-11-08 03:31:26
BE22001095	7	0	산행에 맞춰서 기능성 있으면서도 착용감 좋게 만들었는데 이런 논란들이 있다니요.	N	2022-06-14 02:09:38	2022-11-08 03:31:26
BE22001095	8	1	감정화자님이 만든 레깅스 입고 산에 자주 가서 내가 더 잘 알지요. 얼마나 잘 만들어졌는지요. 그리고 레깅스를 입고 산에 가는 게 이제 보편화되는 단계니까 금방 그런 논란들은 사그라들 거예요.	N	2022-06-14 02:09:38	2022-11-08 03:31:26
BE22001095	9	0	그럴까요? 내가 열심히 만든 결과물인데 이런 논란이 나오니 아침부터 열 내버렸어요.	N	2022-06-14 02:09:38	2022-11-08 03:31:26
BE22001095	10	1	그럴 만도 하지요. 하지만 의견이 또 분분하다는 건, 찬성하는 사람도 있다는 거잖아요. 사람들도 감정화자씨가 들인 노력은 언젠가 알아줄 거예요.	N	2022-06-14 02:09:38	2022-11-08 03:31:26
BE22001095	11	0	그렇게 말해줘서 고마워요. 론칭한 지 얼마 안 되었다 보니 신경이 많이 쓰이더라고요.	N	2022-06-14 02:09:38	2022-11-08 03:31:26
BE22001095	12	1	그 마음 잘 알지요. 그 기사 링크 좀 보내줘요. 난 찬성이라고 댓글 남겨야겠어요.	N	2022-06-14 02:09:38	2022-11-08 03:31:26
BE22001095	13	0	그렇게까지 해주다니! 너무 든든해요. 	N	2022-06-14 02:09:38	2022-11-08 03:31:26
BE22001095	14	1	오히려 해줄 수 있는 게 이것밖에 없어서 난 미안한걸요.	Y	2022-06-14 02:09:38	2022-11-08 03:31:26
