id	utterance_id	utterance_type	utterance_text	terminate	regDate	updDate
BE22011978	1	0	와 정말 앉아서 하는 일은 너무 나랑 안 맞아서 화가 나.	N	2022-07-27 03:05:36	2022-11-08 04:41:25
BE22011978	2	1	무슨 일 있는 거야? 저번까지는 입사하게 됬다고 엄청 행복해했었잖아.	N	2022-07-27 03:05:36	2022-11-08 04:41:25
BE22011978	3	0	그건 진짜 그때 잠깐의 감정이었어. 요즘은 하루 종일 앉아만 있고 밥 먹으러 나가는 거 아니면 나갈 일도 없고 하거든. 그래서 요즘 사무직이라는 직업에 환멸이 생기는 중이야.	N	2022-07-27 03:05:36	2022-11-08 04:41:25
BE22011978	4	1	아이고 평소에 활동량이 많은 너라서 그런지 얼마나 짜증 나는지 잘 이해돼. 옛날에도 앉아있는 것보다는 서 있는 걸 훨씬 많이 봤던 것 같기는 하네. 요즘 많이 힘들었구나.	N	2022-07-27 03:05:36	2022-11-08 04:41:25
BE22011978	5	0	응 그래도 처음에는 조금 버틸 만했는데, 계속 이런 재미 없는 날이 반복되니까 점점 화가 나더라고.	N	2022-07-27 03:05:36	2022-11-08 04:41:25
BE22011978	6	1	맞아 같은 일상만 반복되면 굉장히 지루하고 답답함을 느끼기 쉽지. 그동안 힘들만 했네. 이만큼이나 버틴 것도 정말 대단한걸?	N	2022-07-27 03:05:36	2022-11-08 04:41:25
BE22011978	7	0	요즘은 그래서 내가 이 기분을 가지고 앞으로도 계속 이 일을 해야 되는 건가 하고 생각이 많아.	N	2022-07-27 03:05:36	2022-11-08 04:41:25
BE22011978	8	1	그런 생각이 많아져서 더 힘들고 화도 나는구나! 근데 나는 이번에 한 일을 통해 네가 무슨 일을 좋아하는지 알 수 있었던 기회로 생각하길 바라. 사실 이런 경험을 하는 게 쉬운 일은 아니잖아?	N	2022-07-27 03:05:36	2022-11-08 04:41:25
BE22011978	9	0	하지만 지금 일하는 게 너무 힘든걸. 게다가 다른 사람들은 잘만 하는 것 같다는 생각에 요즘은 스스로에게도 화가 나.	N	2022-07-27 03:05:36	2022-11-08 04:41:25
BE22011978	10	1	세상에 얼마나 다양한 사람들이 있고 직업이 있는데! 너무 스스로를 몰아붙이기보다는, 앞으로 더 잘살 수 있다는 생각으로 기분이 나아지면 좋겠어. 사실 확실히 앞으로의 선택에 도움이 되잖아?	N	2022-07-27 03:05:36	2022-11-08 04:41:25
BE22011978	11	0	맞아 그렇게 생각해야겠어! 마냥 화만 낸다고 사실 해결되는 일이 없기는 하지! 앞으로 나에게 맞는 직업을 더 잘 찾을 것 같아.	N	2022-07-27 03:05:36	2022-11-08 04:41:25
BE22011978	12	1	이렇게 딱 생각을 전환하고 행동하는 게 정말 쉬운 일이 아닌데! 역시 넌 정말 대단해. 앞으로의 네 선택은 항상 완벽할 거야!	N	2022-07-27 03:05:36	2022-11-08 04:41:25
BE22011978	13	0	그렇게 말해주니 정말 용기가 생기는데? 정말 고마워. 더 노력해봐야겠어.	N	2022-07-27 03:05:36	2022-11-08 04:41:25
BE22011978	14	1	그렇다니 다행이야. 역시 너는 언제나 노력하는 사람이라니깐? 정말 멋있어. 도움이 필요하면 언제든지 또 연락해!	N	2022-07-27 03:05:36	2022-11-08 04:41:25
BE22011978	15	0	하하. 아까 화난다고 불평했던 게 부끄럽네. 좋아 열심히 찾아보겠어!	Y	2022-07-27 03:05:36	2022-11-08 04:41:25
