id	utterance_id	utterance_type	utterance_text	terminate	regDate	updDate
BE22007743	1	0	지난주에 휴직 신청을 냈는데 반려됐어.	N	2022-07-11 06:47:30	2022-11-08 04:14:15
BE22007743	2	1	왜? 이번에 반려 안 될 거라고 했었잖아.	N	2022-07-11 06:47:30	2022-11-08 04:14:15
BE22007743	3	0	그러니까 말이야. 지금 거의 반년 동안 진행했던 프로젝트도 최고 평가를 받으면서 마무리했거든. 그래서 상부에서도 휴직 신청이 통과될 거라고 했었단 말이야. 그게 반려되니까 너무 짜증 나서 그 반려 통지서를 찢어버릴 정도로 화가 났어.	N	2022-07-11 06:47:30	2022-11-08 04:14:15
BE22007743	4	1	될 거라고 믿어 의심치 않았던 일이 무산되어 엄청나게 화가 났구나. 나였어도 그런 상황에 닥친다면 화를 참지 못하고, 소리를 질렀을 거야.	N	2022-07-11 06:47:30	2022-11-08 04:14:15
BE22007743	5	0	일 년 휴직하면서 무엇을 할지 다 계획해 놨는데. 모두 취소해야 해. 하나씩 취소하면서 신경질적으로 마우스를 누르고 있어.	N	2022-07-11 06:47:30	2022-11-08 04:14:15
BE22007743	6	1	그 전에 마음을 진정하기 위해 따뜻한 차 한잔 마시고 생각하면 더 좋을 것 같아. 그런 다음 같이 다른 방법을 떠올리는 건 어때?	N	2022-07-11 06:47:30	2022-11-08 04:14:15
BE22007743	7	0	그럴까? 생각을 정리하고, 다른 방법을 떠올리는 게 후회가 없을 것 같다.	N	2022-07-11 06:47:30	2022-11-08 04:14:15
BE22007743	8	1	좋은 마음가짐이야. 지금은 기분이 어때?	N	2022-07-11 06:47:30	2022-11-08 04:14:15
BE22007743	9	0	아직도 완벽하게 진정된 건 아니지만, 아까보단 훨씬 나아졌어. 이제 어쩌면 좋을까? 이 회사에 더는 다니고 싶지도 않을 정도로 앙금이 해소된 건 아닌데 말이야.	N	2022-07-11 06:47:30	2022-11-08 04:14:15
BE22007743	10	1	그렇다고 갑자기 퇴사하기는 어려워 보여. 지금 너무 격앙되어 있는 것 같은데, 조금 다른 방법으로 시간을 가지는 건 어떨까? 넌 항상 시간을 가지면 최고의 선택을 했었으니까 좋은 방법을 생각해 낼 수 있을 거야.	N	2022-07-11 06:47:30	2022-11-08 04:14:15
BE22007743	11	0	맞는 말이야. 내일 회사에 3일 장기 휴가를 내면서 주말까지 쉬어봐야겠어. 혼자 호텔로 여행을 가서 마음을 정리하면 좋을 것 같아.	N	2022-07-11 06:47:30	2022-11-08 04:14:15
BE22007743	12	1	정말 좋은 방법이다. 네가 좋아하는 여행지에서 최선의 결정을 정해서 오는 거야.	N	2022-07-11 06:47:30	2022-11-08 04:14:16
BE22007743	13	0	지금 컴퓨터 켜져 있는 김에 바로 예약해야겠다. 좋은 조언 고마워!	N	2022-07-11 06:47:30	2022-11-08 04:14:16
BE22007743	14	1	도움이 돼서 나도 기뻐! 휴가 잘 다녀와.	Y	2022-07-11 06:47:30	2022-11-08 04:14:16
