id	utterance_id	utterance_type	utterance_text	terminate	regDate	updDate
BE22013128	1	0	아니, 진짜 우리 아내 제정신이 아닌 거 같아. 지금 너무 짜증 나고 화나서 혼자 뛰쳐 나가 버리고 싶어.	N	2022-08-04 05:34:44	2022-11-08 04:48:33
BE22013128	2	1	왜 그래? 제수씨랑 다툰 거야? 무슨 일이야? 평소에 항상 제수씨 아끼고 사랑하는 네가 그러니까 너무 걱정된다.	N	2022-08-04 05:34:44	2022-11-08 04:48:33
BE22013128	3	0	오늘 창립기념일이라서 창립총회 겸 단체 회식이 있거든. 그래서 부부 동반으로 참석했어. 그런데 양옆이 쫙 찢어진 청바지를 입고 나온 거야 진짜 화가 나서 참을 수가 없어.	N	2022-08-04 05:34:44	2022-11-08 04:48:34
BE22013128	4	1	어머나, 참석한 자리가 회사 사람들도 다 있고 공적인 자리인데 제수씨가 그렇게 나타났다니. 네가 지금 진짜 너무 황당하고 민망해서 도망치고 싶겠다.	N	2022-08-04 05:34:44	2022-11-08 04:48:34
BE22013128	5	0	진짜로 와이프 데리고 빨리 이 자리에서 벗어나고 싶어. 그래도 내가 임원급인데 어떻게 찢어진 청바지를 입고 나오냐고. 내 체면이 뭐가 되겠어, 진짜 와이프가 제정신인가 싶어서 분노가 치밀어.	N	2022-08-04 05:34:44	2022-11-08 04:48:34
BE22013128	6	1	아이고, 너 마음이 진짜 충분히 이해된다. 나라도 공적인 자리에 와이프가 튀는 옷을 입고 오면 당황스러워서 화가 확 치밀 것 같아. 너 마음이 어떨지 생각하니 내가 다 속상하다.	N	2022-08-04 05:34:44	2022-11-08 04:48:34
BE22013128	7	0	응, 거기다가 회장님이 다가오셔서 나한테 와이프가 참 현란하네요. 이렇게 말씀하시는데, 진짜 얼굴이 화끈거리고 민망해서 혼났어. 그리고 나니까 진짜 화가 확 오르는 거야.	N	2022-08-04 05:34:44	2022-11-08 04:48:34
BE22013128	8	1	응, 발끝부터 머리끝까지 화가 치밀었을 거 같아. 그래도 그 자리에서 제수씨한테 화내지 않고 참고 있다니. 너 참을성이 진심으로 대단하다, 나라면 와이프 보자마자 한마디 했을 거 같아.	N	2022-08-04 05:34:44	2022-11-08 04:48:34
BE22013128	9	0	거기서 내가 와이프한테 소리 지르거나 한소리를 하면 우리 와이프가 너무 민망해질 거 같아서. 정말 있는 힘껏 화를 참고 있어.	N	2022-08-04 05:34:44	2022-11-08 04:48:34
BE22013128	10	1	너 평소에도 멋지다고 느꼈지만, 진심으로 멋지고 존경스럽다. 나는 내 체면만 생각하고 화가 치밀어서 와이프 그 자리에서 면박을 줄 거 같은데. 그 당혹스럽고 화가 치미는 중에도 와이프 마음을 걱정해 주다니, 너무 대단해.	N	2022-08-04 05:34:44	2022-11-08 04:48:34
BE22013128	11	0	내가 거기서 우리 와이프한테 면박을 주면 우리 와이프가 정말 수치스러울 거 같더라고. 그래서 화를 꾹꾹 참으면서 칭찬해줬지, 오늘 멋지다고.	N	2022-08-04 05:34:44	2022-11-08 04:48:34
BE22013128	12	1	이야, 역시 네가 진짜 어른답고 임원진답다. 배려할 줄 아는 그 모습 진심으로 존경스러워. 아마 창립총회에 참석한 다른 직원분들이 속으로 너에게 박수를 보내고 대단하다고 여길 거야.	N	2022-08-04 05:34:44	2022-11-08 04:48:34
BE22013128	13	0	너 문자 보니 그렇긴 해. 내가 와이프를 보고 오늘 멋지다고 했더니 주변 직원들이 나를 보면서, 상무님 멋져요, 하더라고. 직원들이 날 놀리는 건가 싶었는데, 너 얘기 듣고 보니 진심 어린 칭찬이었던 거 같아.	N	2022-08-04 05:34:44	2022-11-08 04:48:34
BE22013128	14	1	그럼 그럼, 너처럼 대인배처럼 행동하는 건 정말 쉽지 않잖아. 너무 대견하고 멋져!	N	2022-08-04 05:34:44	2022-11-08 04:48:34
BE22013128	15	0	와이프가 찢어진 청바지를 입고 온 거 보고 너무 화가 치밀었는데. 네가 내 마음을 위로해 주고 칭찬해 주니까 마음이 많이 가라앉았어. 고마워.	Y	2022-08-04 05:34:44	2022-11-08 04:48:34
