id	utterance_id	utterance_type	utterance_text	terminate	regDate	updDate
BE22010054	1	0	옷을 팔다 보면 무례한 고객들을 자주 만나요. 입었던 옷을 환불해달라고 하는 고객도 있어요. 정말 화가 나요.	N	2022-07-19 03:56:27	2022-11-08 04:29:09
BE22010054	2	1	평소에 감정 소비가 심하겠어요. 그런 사람들을 상대하는 건 저 같아도 어려울 것 같아요.	N	2022-07-19 03:56:27	2022-11-08 04:29:09
BE22010054	3	0	오늘은 고래고래 소리를 지르는 고객을 만났어요. 모든 사람들이 저를 쳐다보았어요.	N	2022-07-19 03:56:27	2022-11-08 04:29:09
BE22010054	4	1	어떻게 대처하셨나요? 같이 화를 내셨나요?	N	2022-07-19 03:56:27	2022-11-08 04:29:09
BE22010054	5	0	처음에는 무조건 죄송하다고 고개를 숙이다가 저도 슬슬 화가 치밀어 올랐어요. 제가 잘못한 것도 없고 그렇게 창피를 당할 일도 아니잖아요. 저도 대놓고 따졌어요.	N	2022-07-19 03:56:27	2022-11-08 04:29:09
BE22010054	6	1	사람들 앞에서 그랬다면 더 화가 났겠어요. 일방적으로 무조건 욕만 먹으면 누구라도 가만히 있을 수 없을 거예요. 부당하게 화를 내는 사람 앞에서는 똑같이 해줘야지 그 사람도 함부로 굴지 않을 거예요.	N	2022-07-19 03:56:27	2022-11-08 04:29:09
BE22010054	7	0	늘 참을 수는 없으니까요. 그리고 그 사람들은 저에게 화를 내면서 자신의 스트레스를 푸는 거 같아요. 제가 화를 내니까 꼬리를 내리고 도망갔지만 저는 아직도 화가 나요.	N	2022-07-19 03:56:27	2022-11-08 04:29:09
BE22010054	8	1	저런, 아마 억울한 감정 때문에 화가 가라앉지 않는 거 같네요. 세상이 억울함을 알아주진 않겠지만 당신의 평온한 마음을 위해서 화를 푸는 게 어떨까요? 말이 안 통하는 사람들도 있다는 사실을 받아들이면 그래도 마음이 좀 나아질 거예요.	N	2022-07-19 03:56:27	2022-11-08 04:29:09
BE22010054	9	0	부당한 일을 겪을 땐 나만 당하고 있다는 생각이 들어요. 늘 상황을 객관적으로 볼 순 없어요.	N	2022-07-19 03:56:27	2022-11-08 04:29:09
BE22010054	10	1	앞으로도 그런 일은 분명 많이 일어날 거예요. 하지만 그럴 때마다 계속 화만 내신다면 그대만 힘이 들 거예요.	N	2022-07-19 03:56:27	2022-11-08 04:29:09
BE22010054	11	0	그래서 화를 내지 않으려고 저 스스로 많이 참지만 결국은 터져버려요. 비슷한 사람들은 자주 만나다 보니 인내심이 짧아진 거 같아요. 죄송합니다 하고 말하는 순간 마음속에선 이미 용암이 부글부글 끓듯 화가 올라오고 있어요.	N	2022-07-19 03:56:27	2022-11-08 04:29:09
BE22010054	12	1	반복되는 감정을 계속 겪다 보니 감정 조절하기가 쉽지 않으실 거예요. 저도 같은 일을 자주 겪으면 감정 발화점이 짧아지는 경험을 해본 적이 있어요. 그대가 그토록 화가 나는 이유가 공감이 되네요.	N	2022-07-19 03:56:27	2022-11-08 04:29:09
BE22010054	13	0	저만 그런 게 아닌 거 같아서 좀 위안이 되네요. 저는 저 스스로 화가 많은 사람 같아서 그것 또한 기분이 좋지 않았거든요.	N	2022-07-19 03:56:27	2022-11-08 04:29:09
BE22010054	14	1	인간은 누구나 마음속에 화를 가지고 있어요. 그 감정이 드러나는 환경에 놓이거나 놓이지 않거나 하는 차이만 있죠. 그래도 그대는 스스로 화가 나는 감정을 인지하고 있으니 괜찮아요.	N	2022-07-19 03:56:27	2022-11-08 04:29:09
BE22010054	15	0	누군가 제 마음을 알아주니 화 나는 감정이 좀 풀리네요. 고마워요.	Y	2022-07-19 03:56:27	2022-11-08 04:29:09
