id	utterance_id	utterance_type	utterance_text	terminate	regDate	updDate
BE22015685	1	0	성묘하러 가는데 차가 많이 밀려서 무척 짜증이 났어요. 그 와중에 운전 매너 없는 사람들이 너무 많고요.	N	2022-08-25 08:00:17	2022-08-25 08:00:17
BE22015685	2	1	운전을 하다 보면 꼭 그런 일이 있죠. 아무래도 차에 있으면 차들끼리 소통이 되지 않으니 짜증 나는 일이 많이 발생하는 거 같아요.	N	2022-08-25 08:00:17	2022-11-08 05:04:36
BE22015685	3	0	다들 줄 서서 기다리고 있는데 깜빡이도 안 켜고 얌채처럼 들어오는 차가 있었어요. 사고 날까 봐 안 껴 줄 수도 없고 정말 화가 났어요.	N	2022-08-25 08:00:17	2022-11-08 05:04:36
BE22015685	4	1	저도 운전할 때 그런 사람들을 많이 봤어요. 위험천만한 상황에서 이기적으로 차를 모는 사람들을 보면 매우 화가 나고 스트레스받죠. 오래 기억하면 더 스트레스로 다가오니 그날 일은 얼른 머릿속에서 지우고 기분 푸세요.	N	2022-08-25 08:00:17	2022-11-08 05:04:36
BE22015685	5	0	같은 상황에 있지도 않았는데도 잘 공감해주시네요. 그런데 제 남편은 운전을 못 해서 그런지 그 상황에서 공감을 못하더라고요. 그래서 더 짜증이 났어요.	N	2022-08-25 08:00:17	2022-11-08 05:04:36
BE22015685	6	1	차가 밀리면 운전하는 사람이 힘든데 옆에 있는 사람이 같이 있는데도 공감을 못 해 주면 더 불쾌하죠. 특히 운전은 안전해야 하는 거여서 할 때마다 예민해지는데 고생 많으셨네요. 평소에 운전으로 짜증 났던 기억이 많아서 저도 당신의 기분을 충분히 이해해요.	N	2022-08-25 08:00:17	2022-11-08 05:04:36
BE22015685	7	0	명절 때는 매번 이런 거 같아요. 남편이 운전을 배우면 좋으련만 제가 하니까 배울 생각이 없나 봐요. 그래서 저만 힘든 거 같아요.	N	2022-08-25 08:00:17	2022-08-25 08:00:17
BE22015685	8	1	일단 이미 지난 일이니까 노여움을 푸세요. 짜증이라는 게 한 번 나기 시작하면 생각할수록 계속 나는 감정이잖아요. 그대는 소중한 사람이니 얼른 노여운 감정을 풀고 평온해졌으면 좋겠어요.	N	2022-08-25 08:00:17	2022-11-08 05:04:36
BE22015685	9	0	맞아요. 한 번 짜증이 나면 그날은 작은 일에도 짜증이 나는 거 같아요. 이번에도 그 일을 생각만 하면 짜증이 밀려와요.	N	2022-08-25 08:00:17	2022-08-25 08:00:17
BE22015685	10	1	그럴 때는 마음속으로 지나가면 다 별일 아닐 거라고 되뇌어보세요. 짜증 나는 일들이 당시에는 큰일인데 지나고 보면 왜 그렇게까지 감정을 소비했지 싶은 게 많으니까요. 이미 충분히 스트레스받으셨을 텐데 너무 깊게 파헤치지 말아요.	N	2022-08-25 08:00:17	2022-11-08 05:04:36
BE22015685	11	0	제가 또 감정에만 몰두했네요. 성미가 불 같아서 한 번 생각하면 잘 가라앉지 않아요. 이러면 저한테만 스트레스가 된다는 걸 알면서도 그러네요.	N	2022-08-25 08:00:17	2022-08-25 08:00:17
BE22015685	12	1	누구나 화가 날 때는 다 비슷하니까 걱정 말아요. 화가 나면 풀어야지 건강한 마음 상태가 오는 법이랍니다.	N	2022-08-25 08:00:17	2022-11-08 05:04:36
BE22015685	13	0	얘기를 잘 들어주셔서 제 화가 많이 풀렸어요. 한결 가벼워졌어요.	N	2022-08-25 08:00:17	2022-08-25 08:00:17
BE22015685	14	1	사람이 살다 보면 화 나는 일도 짜증 나는 일도 다양하지요. 그저 우리는 감정에 충실할 뿐이지만 그래도 당신이 감정으로 인해 덜 힘들었으면 좋겠어요.	N	2022-08-25 08:00:17	2022-11-08 05:04:36
BE22015685	15	0	좋은 조언 감사합니다. 이제부터는 화날 때는 최대한 빨리 잊어보려고 노력해야겠어요. 고맙습니다.	Y	2022-08-25 08:00:17	2022-08-25 08:00:17
