id	utterance_id	utterance_type	utterance_text	terminate	regDate	updDate
BE22011083	1	0	나 오늘 속상한 일이 있었어.	N	2022-07-22 14:13:32	2022-11-08 04:35:38
BE22011083	2	1	무슨 일이야? 나한테 전부 털어놔 봐.	N	2022-07-22 14:13:32	2022-11-08 04:35:38
BE22011083	3	0	초등학교 앞을 지나가는데 어떤 사람이 병아리들을 팔더라고. 아직도 저런 일을 막지 않는 건가 싶어서 너무 화가 났어.	N	2022-07-22 14:13:32	2022-11-08 04:35:38
BE22011083	4	1	정말이야? 마음이 안 좋았겠다. 나도 소동물들을 길거리에서 파는 걸 보면 기분이 안 좋아지거든.	N	2022-07-22 14:13:32	2022-11-08 04:35:38
BE22011083	5	0	아직도 동물의 생명을 쉽게 사고파는 사람이 있다고 생각하니 너무 화가 나더라. 게다가 제재하는 사람도 없었어.	N	2022-07-22 14:13:32	2022-11-08 04:35:38
BE22011083	6	1	불법을 이렇게 단속하지 않다니 나도 덩달아 화가 난다. 심지어 감정 화자님은 동물도 키우고 있어서 동물 보호에 관심이 많잖아. 이렇게 분노하는 것도 이해가 가.	N	2022-07-22 14:13:32	2022-11-08 04:35:38
BE22011083	7	0	게다가 저렇게 싼값에 팔려 가는 병아리들은 병들어있는 경우가 많잖아. 저렇게 상자 안에 모여있는 모습을 보면 너무 측은하더라고.	N	2022-07-22 14:13:32	2022-11-08 04:35:38
BE22011083	8	1	맞아. 그래서 보통 학교 앞에서 파는 병아리들은 대부분 얼마 살지도 못하잖아. 예전에 친구가 산 병아리가 3일 만에 죽은 걸 본 적이 있는데 정말 불쌍하더라고.	N	2022-07-22 14:13:32	2022-11-08 04:35:38
BE22011083	9	0	사실 나도 어릴 때 학교 앞에서 파는 병아리를 구매한 적이 있어. 데려온 병아리가 일주일도 안 돼서 죽어버려서 어린 마음에 큰 충격이었지. 요즘 아이들도 그런 아픔을 겪을까 봐 걱정이네.	N	2022-07-22 14:13:32	2022-11-08 04:35:38
BE22011083	10	1	원래 어릴 때 겪은 나쁜 기억은 오래 남아있는 법이잖아. 감정 화자님은 직접 아픔을 겪었으니까 더 마음이 쓰이겠다.	N	2022-07-22 14:13:32	2022-11-08 04:35:38
BE22011083	11	0	아직도 그때 병아리를 데리고 온 걸 후회하고 있거든. 나 때문에 병아리가 죽은 게 아닐까 무섭기도 했어.	N	2022-07-22 14:13:32	2022-11-08 04:35:38
BE22011083	12	1	원래 어릴 땐 미숙해서 실수도 할 수 있는 거 아닐까? 게다가 지금은 동물보호를 위해서 노력하고 있잖아. 너무 죄책감 가질 필요는 없을 것 같아.	N	2022-07-22 14:13:32	2022-11-08 04:35:38
BE22011083	13	0	그렇게 말해줘서 고마워. 공감 화자님한테 털어놓고 나니까 마음이 훨씬 편해졌어.	N	2022-07-22 14:13:32	2022-11-08 04:35:38
BE22011083	14	1	난 언제나 동물들을 아끼는 감정 화자님이 대단하다고 생각했거든. 감정 화자님과 이런 이야기를 할 수 있어서 오히려 다행이야.	N	2022-07-22 14:13:32	2022-11-08 04:35:38
BE22011083	15	0	나야말로 좋은 시간이었어. 다음에 밥이라도 같이 먹자.	Y	2022-07-22 14:13:32	2022-11-08 04:35:38
