id	utterance_id	utterance_type	utterance_text	terminate	regDate	updDate
BE22000889	1	0	내가 요즘 피곤하긴 한가 봐. 입술이 맨날 건조해서 터져.	N	2022-06-13 13:07:20	2022-11-08 03:30:03
BE22000889	2	1	나도 피곤하면 입술이 터지더라. 너 요즘 회사업무가 많이 바쁜가보네.	N	2022-06-13 13:07:20	2022-11-08 03:30:03
BE22000889	3	0	요즘 일이 많아서 야근이 잦거든. 퇴근을 10시에 해서 집에 가면 잠만 자고 바로 나오는 거 같아.	N	2022-06-13 13:07:20	2022-11-08 03:30:04
BE22000889	4	1	정말 피곤할 거 같은데? 영양제 같은 거라도 챙겨 먹어야 되겠어.	N	2022-06-13 13:07:20	2022-11-08 03:30:04
BE22000889	5	0	영양제도 잘 챙겨 먹는데도 이걸로는 안 되나 봐. 피가 터지면서까지 이런 회사 다녀야 할까? 요즘에는 회사를 관두고 싶다는 생각밖에 없어.	N	2022-06-13 13:07:20	2022-11-08 03:30:04
BE22000889	6	1	야근 때문에 네 몸과 마음이 많이 지쳤나 보다. 너 그 회사 다니는 거 많이 좋아했잖아.	N	2022-06-13 13:07:20	2022-11-08 03:30:04
BE22000889	7	0	사람들이 좋아서 다니기 좋았는데, 다들 나가고 새로운 사람들이 많이 입사했거든. 그래서 신입들이 업무에 익숙해지기 전까지 일이 많을 예정이야.	N	2022-06-13 13:07:20	2022-11-08 03:30:04
BE22000889	8	1	좋아하던 사람들이 나간 것도 서러울 텐데, 네 업무량까지 늘어나다니 삶이 아주 고달프겠다. 그래서 네가 입술이 터질 만큼 힘이 드나 보다. 내가 너였어도 회사를 관두고 싶을 거야.	N	2022-06-13 13:07:20	2022-11-08 03:30:04
BE22000889	9	0	그런 거 같아. 요즘 새삼 나갔던 사람들이 원망스러워. 내가 많이 피곤하긴 한가 봐.	N	2022-06-13 13:07:20	2022-11-08 03:30:04
BE22000889	10	1	나간 사람들도 네가 이렇게 고통받을지 몰랐을 거야.	N	2022-06-13 13:07:20	2022-11-08 03:30:04
BE22000889	11	0	그렇겠지. 그 사람들도 더 좋은 기회가 있어서 나갔을 뿐이니까. 나한테도 얼른 좋은 기회가 오면 좋겠어.	N	2022-06-13 13:07:20	2022-11-08 03:30:04
BE22000889	12	1	너한테도 더 좋은 기회가 올 거야. 내가 아는 너는 누구보다도 노력하는걸. 지금도 책임감 있게 일을 해내려니까 이렇게 피곤한 거야.	N	2022-06-13 13:07:20	2022-11-08 03:30:04
BE22000889	13	0	그렇게 말해줘서 고마워.	N	2022-06-13 13:07:20	2022-11-08 03:30:04
BE22000889	14	1	별말씀을. 네가 내 친구라는 게 자랑스러운걸.	Y	2022-06-13 13:07:20	2022-11-08 03:30:04
