id	utterance_id	utterance_type	utterance_text	terminate	regDate	updDate
BE22014196	1	0	아 진짜 오늘 부서 이동이 있었는데 하필 내가 하기 싫은 일을 받았어. 진짜 너무 화가 나서 뭐라도 막 때리고 싶어.	N	2022-08-15 06:13:43	2022-11-08 04:55:23
BE22014196	2	1	요즘 일도 많다고 들었는데 하기 싫은 일이 배정됐구나. 요즘 일도 많다고 들었는데 정말 유감이다. 우리 다 같이 조금만 더 힘내자!	N	2022-08-15 06:13:43	2022-11-08 04:55:23
BE22014196	3	0	내가 어떻게 모든 사람의 출근 기록을 관리해. 정말 너무 원망스럽고 화가 치밀어 올라. 모두가 나를 적으로 생각하지 않고서야 이럴 수 없어.	N	2022-08-15 06:13:43	2022-11-08 04:55:23
BE22014196	4	1	네 분노가 이해가 가는 일이다. 그래도 네가 정말 최고의 적임자라 너한테 맡겼을 거야. 스트레스 너무 받지 않았으면 좋겠다.	N	2022-08-15 06:13:43	2022-11-08 04:55:23
BE22014196	5	0	이건 나밖에 할 사람이 없대. 당연히 그렇겠지 다들 기피하는 일이니까. 나한테 이걸 넘기다니 그냥 나보고 쓸모없는 일이나 하라는 거 아닐까 싶어서 화가 나.	N	2022-08-15 06:13:43	2022-11-08 04:55:23
BE22014196	6	1	네가 최고의 인재라서 어쩔 수 없이 배정한 게 아닐까? 회사에서 너만이 할 수 있는 일이 있다는 것은 네가 최고의 인재라는 증거잖아! 분명 이번 일이 끝나면 네가 꿈꿔왔던 승진의 기회가 있을 거야!	N	2022-08-15 06:13:43	2022-11-08 04:55:23
BE22014196	7	0	하, 정말 그런 생각인 걸까? 나도 그런 일이었으면 좋겠다. 만약 그게 아니라면 당장이라도 이직할 정도로 화가 나.	N	2022-08-15 06:13:43	2022-11-08 04:55:23
BE22014196	8	1	네가 많이 화가 난 것 같아서 내 마음도 좋지 않네. 하지만 네가 그 회사에 들어간 지도 꽤 시간이 흘렀잖아. 이번이 승진의 기회라고 생각하면 기분이 좀 나아지지 않을까?	N	2022-08-15 06:13:43	2022-11-08 04:55:23
BE22014196	9	0	나도 그렇게 생각하고 싶다. 정말 이 기분 대로면 당장 회사를 그만두고 싶을 만큼 화가 많이 나. 이 분노는 절대로 잠재울 수 없을 것 같아.	N	2022-08-15 06:13:43	2022-11-08 04:55:23
BE22014196	10	1	이왕 일을 맡게 되었으니 분노를 조금 삭이고 열심히 노력해보는 게 어때? 네 능력이라면 충분히 성공적으로 해낼 수 있을 거야! 그러면 너도 분명 잘한 결정이라고 생각할지도 몰라!	N	2022-08-15 06:13:43	2022-11-08 04:55:23
BE22014196	11	0	그렇게 생각하니 또 괜찮은 것 같기도 하네? 어차피 이 일을 하기 싫다고 안 할 수 있는 것도 아니고 말이야. 차라리 네 말처럼 열심히 노력을 해봐야겠어.	N	2022-08-15 06:13:43	2022-11-08 04:55:23
BE22014196	12	1	그럼! 네가 회사에서 실적도 가장 좋고 문제 해결 능력까지 뛰어나다고 하잖아. 가장 신뢰할 만한 사람이고 그 일을 잘 해낼 것 같아서 배정한 걸 거야!	N	2022-08-15 06:13:43	2022-11-08 04:55:23
BE22014196	13	0	그래, 그렇게 생각하니 또 괜찮은 것 같아. 어차피 배정받은 일이니까 잘해서 다음에 꼭 승진을 노려야겠어.	N	2022-08-15 06:13:43	2022-11-08 04:55:23
BE22014196	14	1	맞아, 잘 생각했어! 분명 너에겐 좋은 기회가 될 거야!	N	2022-08-15 06:13:43	2022-11-08 04:55:23
BE22014196	15	0	네 덕분에 기분이 많이 좋아졌어. 이번 일 잘되면 내가 한턱낼게!	Y	2022-08-15 06:13:43	2022-11-08 04:55:23
