id	utterance_id	utterance_type	utterance_text	terminate	regDate	updDate
BE22000622	1	0	역시 컬이 많이 안 들어가도 펌을 하니까 나이 들어 보이고 살쪄 보이는 거 같아요. 귀여울 줄 알았는데 괜히 했나 봐요.	N	2022-06-13 06:05:38	2022-11-08 03:28:17
BE22000622	2	1	그 전에 바가지 머리도 감정화자씨랑 잘 어울렸지만 지금 짧은 단발펌은 생기 있고 발랄 해 보이던데요. 지금은 어색해서 그렇게 느껴질 수도 있을 것 같아요.	N	2022-06-13 06:05:38	2022-11-08 03:28:17
BE22000622	3	0	컬이 자연스럽게 들어간 거라지만 난 너무 지저분해 보이는 거 같아서 스트레스예요. 거울 볼 때마다 꼴 보기 싫다는 생각을 해요.	N	2022-06-13 06:05:38	2022-11-08 03:28:17
BE22000622	4	1	감정화자씨가 원래 곱슬이 심해서 단정한 스타일을 좋아하잖아요. 거부감이 생겨 그런가요 봐요.	N	2022-06-13 06:05:38	2022-11-08 03:28:17
BE22000622	5	0	네, 난 부스스해 보이는 게 딱 질색이에요.	N	2022-06-13 06:05:38	2022-11-08 03:28:17
BE22000622	6	1	감정화자씨는 이미 곱슬기가 있어요? 그런지 컬이 더 풍부해 보이고 자연스러워 보여요. 그러니 스트레스 안 받아도 될 거 같은데요.	N	2022-06-13 06:05:38	2022-11-08 03:28:17
BE22000622	7	0	내가 볼 땐 갑자기 확 늙어 버린 것 같고 얼굴도 더 커 보여서 너무 싫어요.	N	2022-06-13 06:05:38	2022-11-08 03:28:17
BE22000622	8	1	감정화자씨는 마음에 안 든다고 생각하면서 보니까 밉게만 보일 수도 있어요. 보내주신 사진을 보니 오히려 인상도 더 부드러워 보이고 귀엽기도 한걸요.	N	2022-06-13 06:05:38	2022-11-08 03:28:17
BE22000622	9	0	그런가요. 난 지금도 거울을 보고 있지만 공감화자씨 말이 맞는지 잘 모르겠어요. 거울에 웬 못난이가 있어요.	N	2022-06-13 06:05:38	2022-11-08 03:28:17
BE22000622	10	1	시간이 좀 지나면 컬도 자연스러워지고 감정화자씨도 그 모습에 익숙해질 거예요. 그때는 그 머리가 얼마나 잘 어울리고 예쁜지 감정화자씨도 알게 되고 스스로도 만족하게 될걸요?	N	2022-06-13 06:05:38	2022-11-08 03:28:17
BE22000622	11	0	남편이 나더러 호호할머니라잖아요. 얘들도 남자라 그런지 펌은 왜 한 거냐고 그러고요. 진짜 너무 속상해요.	N	2022-06-13 06:05:38	2022-11-08 03:28:17
BE22000622	12	1	감정화자씨가 반응하는 게 귀여워서 일부러 놀리는 거 같은데요. 정말 안 어울리면 감정화자씨가 화낼까 봐서라도 그렇게 대놓고 말 못하지요.	N	2022-06-13 06:05:38	2022-11-08 03:28:17
BE22000622	13	0	그런 건가요. 공감화자씨 말이 맞는 거 같기도 해서 속상했던 게 좀 풀리는 거 같아요.	N	2022-06-13 06:05:38	2022-11-08 03:28:17
BE22000622	14	1	감정화자씨는 지금 상큼하고 발랄하고 귀여운 모습이에요. 자신감을 가져 봐요. 	N	2022-06-13 06:05:38	2022-11-08 03:28:17
BE22000622	15	0	공감화자님 말 믿고 그럼 딱 한 달만 버텨 봐야겠어요. 수준 높은 안목을 가진 분이니까요.	Y	2022-06-13 06:05:38	2022-11-08 03:28:17
