id	utterance_id	utterance_type	utterance_text	terminate	regDate	updDate
BE22000633	1	0	무슨 비가 이렇게 심술 사납게 올까요. 안 그래도 심란한데요.	N	2022-06-13 06:10:49	2022-11-08 03:28:21
BE22000633	2	1	아까 저 퇴근할 때도 심했었어요. 야근한다더니 이제야 퇴근한 거예요?	N	2022-06-13 06:10:49	2022-11-08 03:28:21
BE22000633	3	0	저녁도 못 먹고 일에 쫓겨 힘든데, 우산살을 부러져 완전 물에 빠진 생쥐 꼴이에요. 오늘은 정말 종일 되는 일이 없네요.	N	2022-06-13 06:10:49	2022-11-08 03:28:21
BE22000633	4	1	이 늦은 밤까지 밥도 못 먹고, 힘들었겠어요. 거기에 퇴근길 폭우까지, 오늘이 그날인가 보네요. 가끔 그런 날 있잖아요.1년 치 불운이 한꺼번에 닥친 것 같은 날요.	N	2022-06-13 06:10:49	2022-11-08 03:28:21
BE22000633	5	0	오늘 아침부터 지각해 깨지고 회의 자료 빠뜨려 깨지고, 종일 불운이 따라다니는 거 같았어요. 겨우 퇴근했는데, 날씨에 우산까지 날 괴롭혀서 결국 애인이랑 싸우기까지 했잖아요.	N	2022-06-13 06:10:49	2022-11-08 03:28:21
BE22000633	6	1	정말 시련의 연속이었네요. 근데 애인이랑은 왜 싸웠어요?	N	2022-06-13 06:10:49	2022-11-08 03:28:21
BE22000633	7	0	내가 오늘 일진 사나워 힘들다고, 늦게까지 야근할 거 같다고 아까 말했거든요. 그럼 보통은 이런 날씨에 여자 동료 걱정돼 데리러 오고 그러지 않아요? 우산 망가져 심란한 맘에 전화했는데, 왁자지껄 술 마시는 소리를 듣는 순간 분노가 솟구치더라고요.	N	2022-06-13 06:10:49	2022-11-08 03:28:21
BE22000633	8	1	그랬군요. 주위의 모든 게 날 공격하는 거 같을 때, 그럴 때 누구 하나만은 그런 날 보듬고 위로해주고 그랬으면 하는 게 인지상정이니까요.	N	2022-06-13 06:10:49	2022-11-08 03:28:21
BE22000633	9	0	그러니까요. 아까 전화했을 때 그런 위로의 말이 절실했거든요. 꼭 데리러 오지 않더라도요.	N	2022-06-13 06:10:49	2022-11-08 03:28:21
BE22000633	10	1	올 수 없는 상황이라도 따뜻한 말 한마디로 얼마든지 위로를 전할 수 있는데요. 아마 애인도 지금쯤 상황 파악하고 반성하고 있지 않을까요?	N	2022-06-13 06:10:49	2022-11-08 03:28:21
BE22000633	11	0	실은 아까 사과하긴 했어요. 내가 맘이 안 풀려 그대로 전화를 끊어버리긴 했지만요.	N	2022-06-13 06:10:49	2022-11-08 03:28:21
BE22000633	12	1	그랬군요. 오늘은 힘든 하루였으니까 너무 깊이 생각하지 말고 그냥 좀 쉬어요. 평소 감정을 잘 내비치지 않는 감정화자씨가 그렇게 화낼 정도면 오죽 힘든 하루였을까요. 힘든 하루 버티느라 고생한 감정화자씨한테 따뜻한 차라도 한잔 타주고 싶은데 멀리 있어서 너무 아쉬워요.	N	2022-06-13 06:10:49	2022-11-08 03:28:21
BE22000633	13	0	말만 들어도 눈물 나게 고마워요. 덕분에 마음도 많이 가라앉았어요.	N	2022-06-13 06:10:49	2022-11-08 03:28:21
BE22000633	14	1	비 맞았으니 차 한잔 마시고 얼른 자요. 감기 안 걸리게요. 오늘 액땜했으니 아마 내일부터 한동안은 맑은 날이 이어질 거예요.	N	2022-06-13 06:10:49	2022-11-08 03:28:21
BE22000633	15	0	그랬으면 좋겠어요. 그 맑은 날 맛있는 밥 한번 살게요. 고마워요.	Y	2022-06-13 06:10:49	2022-11-08 03:28:21
