id	utterance_id	utterance_type	utterance_text	terminate	regDate	updDate
BE22014746	1	0	이번 주말에도 나만 돈을 쓰게 생겼어. 하루, 이틀도 아니고 이제는 너무 부담돼서 화가 나.	N	2022-08-19 04:47:32	2022-11-08 04:58:48
BE22014746	2	1	무슨 일 있어? 주말에 여자 친구랑 데이트한다고 하지 않았어?	N	2022-08-19 04:47:32	2022-11-08 04:58:48
BE22014746	3	0	응. 아니 여자 친구랑 만나는 건 좋은데, 데이트 비용을 아예 안 내. 처음에는 그냥 기분이 나빴는데 이제는 정말 화를 참을 수가 없어. 나한테 관심이 없는 건 아닐까?	N	2022-08-19 04:47:32	2022-11-08 04:58:48
BE22014746	4	1	아무리 사랑하는 사람이어도 너무 부담스럽겠다. 내가 너였어도 기분 나쁘고, 상대의 마음마저 의심하게 될 것 같아. 여자 친구와 대화는 해본 거야?	N	2022-08-19 04:47:32	2022-11-08 04:58:48
BE22014746	5	0	몇 번이고 말하려고 했지. 근데 또 막상 얼굴을 보면 내가 너무 쪼잔하게 보일까 봐 말이 안 나와. 여자 친구랑 잘 대화가 안 된다고 느낄 때가 많거든.	N	2022-08-19 04:47:32	2022-11-08 04:58:48
BE22014746	6	1	지금 얘기만 듣는데도 너무 기분 나빴을 것 같아. 아무리 돈이 전부가 아니라고 하지만 그건 성의의 문제잖아. 나도 만날 때마다 돈을 안 내려는 친구가 있는데 매번 그러니까 보기 싫더라고.	N	2022-08-19 04:47:32	2022-11-08 04:58:48
BE22014746	7	0	계산할 때마다 은근히 뒤로 내빼는 게 꼴 보기 싫을 때가 한두 번이 아니야. 이제 더는 데이트가 기대되지 않아. 어차피 밥도, 커피도, 영화 관람료도 다 내 몫이니까.	N	2022-08-19 04:47:32	2022-11-08 04:58:48
BE22014746	8	1	너도 힘들게 일해서 돈을 버는데 혼자 너무 부담스러울 것 같아. 다른 것보다 여자 친구가 네 마음을 몰라준단 생각이 들 것 같아. 혼자 끙끙 앓느라 너무 고생 많았겠다.	N	2022-08-19 04:47:32	2022-11-08 04:58:48
BE22014746	9	0	처음에는 속상했는데 이제 정말 화가 나서 뭘 어떻게 해야 할지 모르겠어. 나랑 헤어지고 싶어서 그러나 싶다니까 정말.	N	2022-08-19 04:47:32	2022-08-19 04:47:32
BE22014746	10	1	그런 건 절대 아닐 거야. 너는 늘 좋은 남자 친구였잖아. 힘들겠지만 여자 친구와 대화를 시도해 보는 건 어떨까?	N	2022-08-19 04:47:32	2022-11-08 04:58:49
BE22014746	11	0	걔가 내 얘기를 제대로 듣기나 할지 모르겠어. 정말 이기적인 애란 생각밖에 안 들어.	N	2022-08-19 04:47:32	2022-08-19 04:47:32
BE22014746	12	1	지금 당장은 속상하고 화도 나겠지만 두 사람의 좋은 기억들이 있잖아. 무엇보다 난 네가 혼자 고민하고 괴로워하지 않았으면 좋겠어. 너는 마땅히 존중받아야 하는 존재인데 말이야.	N	2022-08-19 04:47:32	2022-11-08 04:58:49
BE22014746	13	0	맞아. 생각해보면 좋은 날이 아예 없진 않았지. 네 얘기를 들어보니 그간의 일들이 스쳐 지나가네. 나는 그 애를 정말 좋아했고, 지금도 좋아하는데 말이야.	N	2022-08-19 04:47:32	2022-08-19 04:47:32
BE22014746	14	1	너라면 충분히 네 생각을 전달하고 상대방의 얘기도 들어줄 수 있을 거야. 나는 네가 힘들어도 조금 용기를 내서 지금의 괴로움을 훌훌 털었으면 좋겠어.	N	2022-08-19 04:47:32	2022-11-08 04:58:49
BE22014746	15	0	맞아. 언제까지 이렇게 혼자 끙끙 앓을 수도 없고 더는 사랑하는 사람을 오해하고 싶지도 않아. 네 말대로 해야겠어. 훨씬 마음이 가뿐해졌네, 정말 고마워!	N	2022-08-19 04:47:32	2022-11-08 04:58:49
BE22014746	16	1	나야말로 어려운 얘기를 나눠줘서 고맙지. 그동안 혼자 정말 고생 많았어. 모쪼록 얘기가 잘 풀리길 바라고 있을게!	Y	2022-08-19 04:47:32	2022-11-08 04:58:49
