id	utterance_id	utterance_type	utterance_text	terminate	regDate	updDate
BE22014168	1	0	공감화자님, 저는 오늘 아침부터 정말 분노하면서 하루를 시작했네요.	N	2022-08-14 13:18:24	2022-08-14 13:18:24
BE22014168	2	1	이른 시간에 무슨 안 좋은 일이에요. 너무 화가 나 보이네요.	N	2022-08-14 13:18:24	2022-08-14 13:18:24
BE22014168	3	0	아침에 일어나서 물을 마시려고 냉장고 문을 열다 손가락을 다쳤지 뭐예요. 가뜩이나 피아노를 치는 직업이라 손가락이 중요한데 너무 화가 나서 아무런 생각이 안 들어요.	N	2022-08-14 13:18:24	2022-08-14 13:18:24
BE22014168	4	1	어머 정말 화도 나면서 속상하겠어요. 말로만 듣는 제가 다 마음이 아프네요. 감정화자님의 심정이 어떨지 너무나 이해가 됩니다.	N	2022-08-14 13:18:24	2022-11-08 04:55:12
BE22014168	5	0	지금 또 엄청 바쁜 시즌이라 조심하면서 지내고 있었는데 이렇게 어이없게 다칠 줄은 몰랐네요. 왜 이런 현실에 처한 건지 나 자신 스스로한테도 부아가 치밀어요. 꽤 오랜 시간 깁스하고 있어야 한다네요.	N	2022-08-14 13:18:24	2022-11-08 04:55:12
BE22014168	6	1	지금 당장은 너무 힘들고 화가 나는 거 충분히 이해합니다. 그래도 자신을 힘들게 하는 자책이나 마음의 상처는 안 받았으면 좋겠어요. 사람이 생각보다는 강하더라고요, 그러니 감정화자님도 잘 이겨낼 수 있을 거예요.	N	2022-08-14 13:18:24	2022-11-08 04:55:12
BE22014168	7	0	그렇게 말씀해 주시니 조금은 마음이 놓이는 거 같네요. 그래도 지금 당장 화가 나는 건 쉽게 가라앉을지 잘 모르겠어요. 어쩌면 좋을지 의욕도 안 들고 그저 머리가 멍해요.	N	2022-08-14 13:18:24	2022-08-14 13:18:24
BE22014168	8	1	그럴 수밖에 없죠, 누구나 그럴 거예요! 하지만 이겨내고자 하는 의지만 있다면 반드시 극복할 수 있을 거라 생각해요.	N	2022-08-14 13:18:24	2022-11-08 04:55:12
BE22014168	9	0	말씀만으로도 너무 큰 힘이 되네요. 제가 너무 나약한 생각만 하면서 지내왔나 봐요. 덕분에 잘 이겨낼 수 있을 거 같은 용기도 생긴 거 같고, 마음도 한결 편해졌어요.	N	2022-08-14 13:18:24	2022-11-08 04:55:12
BE22014168	10	1	오히려 이렇게 금방 기운 내는 모습을 보여주시니 정말 다행이고 제 기분이 다 좋아지네요. 저도 진심으로 응원할 테니 꼭 용기를 낼 수 있기를 바라요.	N	2022-08-14 13:18:24	2022-08-14 13:18:24
BE22014168	11	0	어디 하소연할 데도 없어서 혼자 너무 답답했었거든요. 이렇게 공감화자님한테 얘기하고 나니까 속이 많이 후련해졌어요. 얘기하길 잘했다는 생각이 드네요.	N	2022-08-14 13:18:24	2022-11-08 04:55:12
BE22014168	12	1	그래요, 언제든 힘든 일이 있으면 고민 마시고 저한테 털어놓으세요. 마음도 힘든데 얘기할 사람이 없어서 혼자 이겨내려면 너무 속상할 거 같아요.	N	2022-08-14 13:18:24	2022-08-14 13:18:24
BE22014168	13	0	이렇게 얘기할 수 있는 지인이 옆에 있다는 게 너무나 든든하네요. 덕분에 참 보람차고 마음이 따뜻해지는 시간이었습니다. 조만간 제가 저녁이라도 대접할게요.	N	2022-08-14 13:18:24	2022-08-14 13:18:24
BE22014168	14	1	저야 너무 좋죠! 그때는 감정화자님이 꼭 극복해낸 후여서 웃는 얼굴로 뵐 수 있으면 좋겠습니다.	N	2022-08-14 13:18:24	2022-08-14 13:18:24
BE22014168	15	0	네, 저도 그럴 수 있도록 열심히 노력해 볼게요. 그럼 다시 연락드리겠습니다.	Y	2022-08-14 13:18:24	2022-08-14 13:18:24
