id	utterance_id	utterance_type	utterance_text	terminate	regDate	updDate
BE22014567	1	0	나 오늘 출근길에 정말 화가 나는 일이 있었어. 교차로에서 좌회전하려고 하는데 옆 차가 갑자기 끼어들어서 사고가 날 뻔했거든. 내가 브레이크를 밟지 않았더라면, 정말이지 상상도 하기 싫다.	N	2022-08-18 05:57:13	2022-11-08 04:57:42
BE22014567	2	1	교통사고라니 듣기만 해도 아찔하다. 네가 많이 놀랐겠는걸?	N	2022-08-18 05:57:13	2022-11-08 04:57:42
BE22014567	3	0	진짜 어이없던 건 뭔지 알아? 그 차가 내 앞으로 끼어들고 나선, 나한테 되려 운전 똑바로 하라고 소리를 질렀다는 거야. 그 꼴이 믿기지 않을 만큼 화가 나서 하마터면 핸들을 놓을 뻔했어.	N	2022-08-18 05:57:13	2022-11-08 04:57:42
BE22014567	4	1	어떻게 그런 일이! 나라면 머리가 하얘져서 그대로 눈을 감아버렸을지도 몰라. 적잖이 놀랐을 텐데 지금은 좀 어때?	N	2022-08-18 05:57:13	2022-11-08 04:57:42
BE22014567	5	0	아깐 너무 정신이 없어서 조퇴하고 쉴까도 생각했는데 이젠 조금 괜찮아졌어. 근데 더 기가 막힌 건 그 운전자 자긴 잘못이 없다고 우기더라니까. 진짜 화가 나, 어떻게 그럴 수가 있지?	N	2022-08-18 05:57:13	2022-11-08 04:57:42
BE22014567	6	1	나라도 가뜩이나 바쁜 출근길에 그런 일이 생기면 이게 꿈인지 아닌지 분간하기 어려울 정도였을 거야. 그 와중에 네 책임 소지의 일을 끝까지 해내려는 모습이 정말 멋있다. 인내하기 어려운 상황에서도 감정을 다스릴 줄 아는 네가 너무 존경스러워!	N	2022-08-18 05:57:13	2022-08-18 05:57:13
BE22014567	7	0	난 정말 교통 법규를 제대로 지키지 않는 사람들을 용인할 수가 없어. 운전은 흐린 순간의 판단으로 다른 무고한 사람의 생명까지도 충분히 앗아갈 수 있을 만한 행동이잖아.	N	2022-08-18 05:57:13	2022-08-18 05:57:13
BE22014567	8	1	그 마음 나도 이해해, 운전은 내가 잠재적 가해자가 될 수 있다는 사실을 명심해야 하지. 그래도 네가 브레이크로 주행 속도를 낮춘 건 정말 대단한 대처 능력이다. 곧은 신념으로 네 삶을 꾸려내는 모습은 꼭 본받아야겠다, 싶은걸?	N	2022-08-18 05:57:13	2022-11-08 04:57:42
BE22014567	9	0	만약 내가 그 순간에 너무 당황해서 브레이크 대신 액셀을 밟았더라면, 더 큰 일이 났겠지? 아, 정말 너무 두려운 아침이었어. 갑자기 떠올리려니 심장이 너무 빨리 뛰는 것만 같아.	N	2022-08-18 05:57:13	2022-08-18 05:57:13
BE22014567	10	1	자꾸 신경 쓰지 마, 네 마음이 요동치는 건 당혹스러움과 공포감이 혼재되어서일 거야. 놀란 마음을 좀 편하게 먹으면 한결 편안해질 거야.	N	2022-08-18 05:57:13	2022-11-08 04:57:42
BE22014567	11	0	앞으로 핸들을 잡는 순간마다 오늘 사고날 뻔한 장면이 생각날 것 같은데, 벌써부터 당황스럽다. 내가 급브레이크를 밟아서 그 차도 놀랐을까? 혹시 내 순간의 판단이 그 사람을 더 자극한 것일지도 모른다는 생각이 불현듯 드네.	N	2022-08-18 05:57:13	2022-08-18 05:57:13
BE22014567	12	1	네가 잘못해서 일어난 일이 아니란 걸 알잖아, 넌 그 상황에서 최선의 판단을 했을 뿐이야! 너무 걱정하지 마.	N	2022-08-18 05:57:13	2022-11-08 04:57:42
BE22014567	13	0	지금 같아선 당분간 자차 대신 대중교통으로 통근해야겠다는 생각이 들어. 도로에서 갑작스러운 사고로 내가 가해자나 피해자가 될지도 모른다는 생각이 자꾸 나를 어지럽게 해.	N	2022-08-18 05:57:13	2022-08-18 05:57:13
BE22014567	14	1	네 기분이 어떤 건지 잘 알겠어. 괜찮아, 공감화자야. 처음 있는 사고라 그럴 수 있어. 시간이 지나면 조금 누그러질 테니 지나치게 염려하지 않아도 될 것 같아.	N	2022-08-18 05:57:13	2022-11-08 04:57:42
BE22014567	15	0	그렇겠지? 역시 너한테 이야기하길 잘했다. 이야기를 하다 보니 굳어 있던 마음이 조금씩 풀리는 기분이야. 고마워!	N	2022-08-18 05:57:13	2022-08-18 05:57:13
BE22014567	16	1	뭘 이런 걸로 그래. 오늘 퇴근하고 잠깐 만날래? 스트레스는 수다로 풀어야 제격이지.	N	2022-08-18 05:57:13	2022-11-08 04:57:42
BE22014567	17	0	좋은 생각인데? 알았어. 네 얼굴 보고 이야기하면 부글댔던 마음도 조금은 진정될 것 같아. 있다가 저녁에 봐!	Y	2022-08-18 05:57:13	2022-11-08 04:57:42
