id	utterance_id	utterance_type	utterance_text	terminate	regDate	updDate
BE22013557	1	0	내가 운전면허 학원 등록했다고 얘기했지? 요즘 학원에서 운전 연습을 하는데 너무 답답해.	N	2022-08-09 04:37:38	2022-08-09 04:37:38
BE22013557	2	1	나도 학원에서 배웠는데 너무 어렵더라. 선생님께서 알려주셔도 이해하기 어렵잖아. 너는 뭐가 제일 어려워?	N	2022-08-09 04:37:38	2022-11-08 04:51:12
BE22013557	3	0	운전을 하다 보면 좌회전과 우회전이 헷갈릴 때가 많더라고. 나도 답답한데 선생님이 그럴 때마다 크게 호통을 치시는 거야. 정말 화가 나.	N	2022-08-09 04:37:38	2022-11-08 04:51:12
BE22013557	4	1	가뜩이나 긴장되는데 선생님께서 호통을 치시면 집중하기 어려울 것 같아. 네가 충분히 기분 상하겠어.	N	2022-08-09 04:37:38	2022-11-08 04:51:12
BE22013557	5	0	자꾸 지적을 하니까 오히려 더 실수를 하는 거 같아. 깜빡이를 켜야 하는 상황이 오면 마음이 두근거려.	N	2022-08-09 04:37:38	2022-08-09 04:37:38
BE22013557	6	1	같은 실수를 반복하지 않기 위해 노력하다 보면 몸에 힘이 들어가서 더 신경이 쓰이잖아. 네가 그만큼 잘하고 싶은 마음이 있어서 더 어렵게 느껴지나 봐. 스트레스받겠지만 시간이 지나면 나아질 테니 힘냈으면 좋겠어.	N	2022-08-09 04:37:38	2022-11-08 04:51:12
BE22013557	7	0	그렇지만 요즘은 퇴근하고 운전 연습을 하러 가서 집에 돌아오면 너무 무기력해져. 너무 짜증이 나.	N	2022-08-09 04:37:38	2022-08-09 04:37:38
BE22013557	8	1	몸과 마음 모두 긴장이 되어서 충분히 그럴 수 있겠어. 그래도 공감화자야, 열정적인 만큼 습득력이 빠른 너잖아. 신경쓰는 만큼 일을 잘 할 수 있을 거라고 생각해.	N	2022-08-09 04:37:38	2022-11-08 04:51:12
BE22013557	9	0	네가 그렇게 말해주니까 위안이 된다. 그래도 내일 운전 연습을 하러 가야 하는 걸 생각하니 마음이 너무 무거워. 이렇게까지 힘들어하면서 면허를 취득하는 게 맞는 걸까.	N	2022-08-09 04:37:38	2022-11-08 04:51:12
BE22013557	10	1	당장은 힘들지만 시간이 지나면 지금의 순간이 너에게 큰 양분이 될 거야. 운전 선생님께서 조금 더 친절하시면 좋겠지만, 그만큼 네가 깜빡이에 주의를 기울이고 있잖아. 시간이 지나서 혼자 운전을 할 때는 지금처럼 실수하지 않게 될걸.	N	2022-08-09 04:37:38	2022-11-08 04:51:12
BE22013557	11	0	그렇게 생각하니까 스트레스가 가신다. 정말 짜증이 많이 났는데 기분이 좋아졌어.	N	2022-08-09 04:37:38	2022-08-09 04:37:38
BE22013557	12	1	기분이 나아져서 정말 다행이다. 내가 아는 너는 곧 운전을 아주 능숙하게 하게 될 것 같아. 너무 스트레스받지 마.	N	2022-08-09 04:37:38	2022-11-08 04:51:12
BE22013557	13	0	정말 고마워. 지금의 과정이 나중에 도움이 될 거라는 생각을 하니까 기분 좋게 연습을 할 수 있겠어.	N	2022-08-09 04:37:38	2022-08-09 04:37:38
BE22013557	14	1	그럼. 내일 연습 잘하고 얘기해줘. 내일 또 기분이 상하게 되어도 부담 없이 연락해.	N	2022-08-09 04:37:38	2022-11-08 04:51:12
BE22013557	15	0	꼭 그럴게. 덕분에 오늘은 편히 자겠어. 내일 또 연락할게.	Y	2022-08-09 04:37:38	2022-08-09 04:37:38
