id	utterance_id	utterance_type	utterance_text	terminate	regDate	updDate
BE22002237	1	0	언니 이 좋은 날씨에 한강에서 맥주를 먹으면서 기분이 이렇게 잡칠 수가 있나 싶어요.	N	2022-06-20 13:26:09	2022-11-08 03:38:54
BE22002237	2	1	응? 오늘 친구들 만난다고 하지 않았어? 무슨 일 있니?	N	2022-06-20 13:26:09	2022-11-08 03:38:54
BE22002237	3	0	기분 좋게 1차 끝나고 2차로 한강으로 맥주 먹으러 왔는데, 1차에서 취한 애들을 데리고 온 게 화근이었나봐요. 애들끼리 싸우고 완전 난리도 아니었어요. 너무 짜증나요.	N	2022-06-20 13:26:09	2022-11-08 03:38:54
BE22002237	4	1	아이고, 기분 좋게 오랜만에 친구들끼리 모였는데 그런 트러블이 생기면 기분 안 좋을 만하지. 중간에 껴서 많이 고생했구나? 언니도 그런 적 많아서 그 기분 다 알아.	N	2022-06-20 13:26:09	2022-11-08 03:38:54
BE22002237	5	0	언니도 친구들 사이에서 항상 중재자 역할 하신다고 하셨죠? 그럼 말 안 해도 이 속에서 들끓는 제 분노를 정말 잘 아시겠네요.	N	2022-06-20 13:26:09	2022-11-08 03:38:54
BE22002237	6	1	그럼, 알다마다. 맨 정신에는 멀쩡한 애들이 술만 들어가면 서로 못 잡아먹어서 안달인 거 언니도 너무 잘 알지. 네가 엄청 고생했겠네. 대체 무슨 일 때문에 그렇게 싸움으로 번진 건데?	N	2022-06-20 13:26:09	2022-11-08 03:38:54
BE22002237	7	0	이 싸움의 원인 때문에 더 화가 나요. 고작 치킨 때문이었어요. 치킨을 시키는데 후라이드냐 양념이냐로 진짜 진지하게 싸우더라고요. 어이가 없어서. 중간에서 내가 반반으로 시키면 되는 거 아니냐고 중재 안 했으면 머리채 잡았을 기세였어요.	N	2022-06-20 13:26:09	2022-11-08 03:38:54
BE22002237	8	1	어머, 듣는 제3자입장에서는 좀 귀여운데. 막상 그 입장에 처해진다면 너무 황당하고 어이없고 화가 나기는 하겠다. 그게 내 상황이라고 친다면 나 같아도 어이없어서 화날 거 같네.	N	2022-06-20 13:26:09	2022-11-08 03:38:54
BE22002237	9	0	네. 진짜 너무 화가 나는데 고작 그거가지고 싸우는 게 진짜 말이 되나 싶기도 해서 어이없고, 참 그러네요.	N	2022-06-20 13:26:09	2022-11-08 03:38:54
BE22002237	10	1	그래도 큰 싸움으로 안 번지고 잘 해결돼서 다행이야. 감정화자 같은 중재자가 역할은 잘해서 그런 거지. 술에 취해도 이성적인 그 모습은 정말 칭찬하고 본받을만 해.	N	2022-06-20 13:26:09	2022-11-08 03:38:54
BE22002237	11	0	에이, 갑자기 칭찬해주시면 제가 또 기분이 스르르 풀리려고 하네요. 그나마 친구들 중에서는 제가 술을 제일 잘 마셔서 그래요.	N	2022-06-20 13:26:09	2022-11-08 03:38:54
BE22002237	12	1	가끔 그럴 때 차라리 그냥 내가 취해버릴걸 하는 생각이 들 때도 있지 않니?	N	2022-06-20 13:26:09	2022-11-08 03:38:54
BE22002237	13	0	맞아요! 언니 진짜 저랑 비슷하게 많네요. 아 언니한테 털어놓길 잘했어요. 역시 기분이 좀 풀려요.	N	2022-06-20 13:26:09	2022-11-08 03:38:54
BE22002237	14	1	너의 끓어오르던 분노가 가라앉았다니 다행이다. 문자 그만하고 이제 친구들이랑 다시 놀러 가봐. 집 갈 떄 연락해.	N	2022-06-20 13:26:09	2022-11-08 03:38:54
BE22002237	15	0	네. 얘기 들어줘서 고마워요. 집 갈 때 연락 드릴게요!	Y	2022-06-20 13:26:09	2022-11-08 03:38:54
