id	utterance_id	utterance_type	utterance_text	terminate	regDate	updDate
BE22011045	1	0	나 저번 달에 스페인 여행 갔을 때 소매치기당했었어.	N	2022-07-22 08:35:56	2022-11-08 04:35:24
BE22011045	2	1	거기 소매치기가 기승이라는 말을 듣긴 했었는데 네가 그 피해자가 되었단 말이야?	N	2022-07-22 08:35:56	2022-11-08 04:35:24
BE22011045	3	0	주머니에 지갑을 뒀는데 언제 빼갔는지도 모르게 당했어. 나중에 그 사실을 알았을 때 어찌나 화나고 분노가 치밀어 올랐는지.	N	2022-07-22 08:35:56	2022-11-08 04:35:24
BE22011045	4	1	기분 좋게 여행 갔다가 그런 일을 당했다니, 정말 암담하고 열받았겠다. 내가 너였으면 너무 분해서 엉엉 울었을 거 같아.	N	2022-07-22 08:35:56	2022-11-08 04:35:24
BE22011045	5	0	네가 내 마음을 알아주니까 그때 화났던 게 좀 풀리는 거 같다. 거기서는 누가 내 이야기 들어줄 사람도 없고 어찌나 서럽던지.	N	2022-07-22 08:35:56	2022-11-08 04:35:24
BE22011045	6	1	많이 힘들었겠다. 소매치기당해서 너무 화나는데 주변에 내 이야기 들어줄 사람 하나 없으면 외롭고 마음이 더 힘들지.	N	2022-07-22 08:35:56	2022-11-08 04:35:24
BE22011045	7	0	나중에는 좀더 철저하지 못했던 나 자신에게도 화가 났어. 난 왜 이렇게 한심한지 그런 생각까지 들어서 괴로웠어.	N	2022-07-22 08:35:56	2022-11-08 04:35:24
BE22011045	8	1	스스로가 바보같이 느껴질 때 화가 많이 날 수 있지. 하지만 누구나 실수할 수 있으니까 너무 너 자신에게 화내지 말고 보듬어주는 게 어떨까?	N	2022-07-22 08:35:56	2022-11-08 04:35:24
BE22011045	9	0	네 말을 듣고 보니 너무 나 자신에게 엄격하게 굴었던 거 같아. 화만 내지 말고 나를 좀더 잘 보듬어줬다면 좋았을 텐데.	N	2022-07-22 08:35:56	2022-11-08 04:35:24
BE22011045	10	1	네가 실수했거나 잘못한 일이 아니라, 소매치기는 누구에게나 일어날 수 있는 사고 같은 일이니까. 화가 나고 힘들었던 그때의 너를 위로해 주자.	N	2022-07-22 08:35:56	2022-11-08 04:35:24
BE22011045	11	0	네 말을 듣고 보니 정말 그렇다. 잘못한 사람은 소매치기한 사람인데 나는 나 자신에게 화를 내고 있었네.	N	2022-07-22 08:35:56	2022-11-08 04:35:24
BE22011045	12	1	이미 소매치기당한 것만으로도 충분히 화가 나는 상황인데. 자기에게 더 화를 내니까 네가 마음이 무척 힘들었겠다.	N	2022-07-22 08:35:56	2022-11-08 04:35:24
BE22011045	13	0	맞아 그래서 내가 마음이 더 화나고 힘들었나 봐. 이젠 그러지 말아야겠다는 생각이 들고, 화났던 마음도 다 풀렸어. 너랑 이야기하니깐 마음이 편안해지고 좋다.	N	2022-07-22 08:35:56	2022-11-08 04:35:24
BE22011045	14	1	네가 기분이 풀렸다니 나도 좋아. 언제든지 너의 이야기를 들어줄게.	Y	2022-07-22 08:35:56	2022-11-08 04:35:24
