id	utterance_id	utterance_type	utterance_text	terminate	regDate	updDate
BE22010101	1	0	진짜 미혼인 사람들이 부러워 죽겠어.	N	2022-07-19 06:02:49	2022-11-08 04:29:26
BE22010101	2	1	부럽긴. 귀여운 아기도 있고 현명한 부인도 있는 네가 더 부럽다.	N	2022-07-19 06:02:49	2022-11-08 04:29:26
BE22010101	3	0	네가 결혼생활을 몰라서 하는 소리야. 야근한 바로 다음 날이라 피곤해 죽겠는데 지금도 애들 보래.	N	2022-07-19 06:02:49	2022-11-08 04:29:26
BE22010101	4	1	네가 체력이 많이 떨어졌을 텐데 아이들을 너에게 맡기다니 너무 지치고 힘들었겠다. 나도 주변 사람들 아이들 길게 돌보려니 여간 어려운 일이 아니더라고. 얼마나 의도치 않게 짜증이 났겠어.	N	2022-07-19 06:02:49	2022-11-08 04:29:26
BE22010101	5	0	내 말이 그 말이야. 기운 있어도 애 돌보기 힘든데 힘든 사람한테 다짜고짜 애랑 놀아주라니. 화가 안 나고 배기냐고.	N	2022-07-19 06:02:49	2022-11-08 04:29:26
BE22010101	6	1	나라도 당장에 화가 나고 가슴이 답답하게 속상할 것 같아. 하지만 와이프분도 널 당장 힘들게 하려는 건 아니고 이유가 있으셨을 거야. 너무 분개해서 너 자신의 감정을 망치지 않았으면 좋겠어.	N	2022-07-19 06:02:49	2022-11-08 04:29:26
BE22010101	7	0	몸이 지치니까 말도 더 거칠게 나가는 것 같아. 아이들이 싫어선 절대 아닌데 말이야.	N	2022-07-19 06:02:49	2022-11-08 04:29:26
BE22010101	8	1	네가 얼마나 스스로 상황에 대해 짜증 나고 속상했을지 가늠이 잘 안된다. 몸이 힘든데 마음도 무거우니 얼마나 두 배로 힘들었겠어. 아이들도 네가 세상 무엇보다도 아끼고 사랑한다는 거 충분히 이해하고 알고 있을 거야.	N	2022-07-19 06:02:49	2022-11-08 04:29:26
BE22010101	9	0	맞아, 상황이 화가 난거지 와이프에게 화낼 의도는 전혀 없었어.	N	2022-07-19 06:02:49	2022-11-08 04:29:26
BE22010101	10	1	와이프분도 충분히 이해해 주리라 생각돼. 순간에 화로 서로 마음 다쳤을 생각하니 내가 다 안타깝고 쓰리다. 너희 내외는 얼마나 이 상황에서 벗어나고 싶었겠어.	N	2022-07-19 06:02:49	2022-11-08 04:29:26
BE22010101	11	0	어떻게 하면 좋을까? 나도 와이프도 화내지 않고 대화할 수 있다면 좋겠는데.	N	2022-07-19 06:02:49	2022-11-08 04:29:27
BE22010101	12	1	따뜻한 차를 한잔 내려서 슬며시 건네봐. 사과와 함께 네 마음을 진솔하게 말해보는 건 어떨까? 그럼 네 마음도 분노라는 감정보다는 안도감이 올 것 같아.	N	2022-07-19 06:02:49	2022-11-08 04:29:27
BE22010101	13	0	덕분에 화도 많이 가라앉고 어떻게 해야 할지 해결방안을 찾은 것 같아.	N	2022-07-19 06:02:49	2022-11-08 04:29:27
BE22010101	14	1	주말인데 짜증에만 갇혀있기에는 너무 억울하잖아? 남은 시간 즐겁게 보내길 바라.	Y	2022-07-19 06:02:49	2022-11-08 04:29:27
