id	utterance_id	utterance_type	utterance_text	terminate	regDate	updDate
BE22011349	1	0	나 너무 화나는 일 있었어.	N	2022-07-24 14:12:35	2022-11-08 04:37:19
BE22011349	2	1	왜? 무슨 일이길래 그래?	N	2022-07-24 14:12:35	2022-11-08 04:37:19
BE22011349	3	0	아니, 어제 내가 집에 오면서 샌드위치를 사다 놨거든? 그래서 오늘 먹으려고 샌드위치를 냉장고에 넣어 놨는데, 집에 와서 열어보니까 텅 비어있는 거야.	N	2022-07-24 14:12:35	2022-11-08 04:37:19
BE22011349	4	1	헐, 진짜? 그런 일이 있었구나. 가족이 먹은 건가?	N	2022-07-24 14:12:35	2022-11-08 04:37:19
BE22011349	5	0	동생한테 물어보니까 자기가 먹었대. 먹을 거면 나한테 물어는 보고 먹지. 진짜 너무 배려 없어!	N	2022-07-24 14:12:35	2022-11-08 04:37:20
BE22011349	6	1	그니깐! 네가 먹으려고 사다 놓은 건데 진짜 억울하겠다.	N	2022-07-24 14:12:35	2022-11-08 04:37:20
BE22011349	7	0	근데 심지어 사과도 안 하더라고. 오히려 그거 샌드위치 하나 먹은 게 뭐 대수냐고 적반하장으로 나오더라니까. 그래서 엄청나게 싸우고 난리가 났어.	N	2022-07-24 14:12:35	2022-11-08 04:37:20
BE22011349	8	1	아무래도 동생이 많이 어려서 어떻게 말해야 하는지 모르는 것 같아. 네가 여러모로 고생이 많네.	N	2022-07-24 14:12:35	2022-11-08 04:37:20
BE22011349	9	0	맞아. 어휴, 학교 마치고 샌드위치 먹으려고 집까지 뛰어왔는데 갑자기 기분 다운됐어.	N	2022-07-24 14:12:35	2022-11-08 04:37:20
BE22011349	10	1	에구, 나였어도 그랬을 것 같다. 너도 샌드위치 먹을 생각에 들떴을 텐데 많이 속상했을 것 같아. 동생한테 다음부터는 절대 그러지 말라고 잘 얘기해봐.	N	2022-07-24 14:12:35	2022-11-08 04:37:20
BE22011349	11	0	그래야겠어. 근데 아까 내가 괜한 걸로 너무 화를 낸 것 같아서 마음이 좀 불편해.	N	2022-07-24 14:12:35	2022-11-08 04:37:20
BE22011349	12	1	동생도 말은 그렇게 했지만, 마음이 좋지는 않을 거야. 원래 싸우면서 친해진다고 하잖아. 너무 마음 쓰지 마.	N	2022-07-24 14:12:35	2022-11-08 04:37:20
BE22011349	13	0	알겠어. 그렇게 생각하니 좀 편해지네. 동생이랑 잘 얘기해볼게.	N	2022-07-24 14:12:35	2022-11-08 04:37:20
BE22011349	14	1	마음이 좀 편해졌다니 다행이다. 다음에도 이런 일 있으면 언제든지 찾아와. 얘기 들어줄게.	Y	2022-07-24 14:12:35	2022-11-08 04:37:20
