id	utterance_id	utterance_type	utterance_text	terminate	regDate	updDate
BE22001338	1	0	남편이 과자마다 봉투를 죄다 열어 놓았네요. 다 먹지도 않을 거면서 한꺼번에 세 봉지나 뜯어 먹은 거죠.	N	2022-06-15 00:26:05	2022-11-08 03:33:04
BE22001338	2	1	아이고. 얼마 전에 제 아들이 똑같은 일을 저질러서 저도 잔소리를 많이 했어요.	N	2022-06-15 00:26:05	2022-11-08 03:33:04
BE22001338	3	0	선생님 아들은 중학생이잖아요. 우리 남편은 마흔이 넘었는데 왜 저러는 걸까요?	N	2022-06-15 00:26:05	2022-11-08 03:33:04
BE22001338	4	1	주말부부라 남편분이 혼자 떨어져 사셨잖아요. 자기만의 습관이나 버릇이 생겨버린 거 아닐까요?	N	2022-06-15 00:26:05	2022-11-08 03:33:04
BE22001338	5	0	그런 것 같아요. 주말부부일 때는 참 애틋했는데, 이렇게 살림을 합치고 나니 이런 사소한 일들로 여간 스트레스가 아니네요.	N	2022-06-15 00:26:05	2022-11-08 03:33:04
BE22001338	6	1	정말 그럴 것 같아요. 선생님도 혼자 사시면서 아주 사소한 것들부터 다 규칙을 만들어 놓으셨을 텐데 이제 와 새로 맞춰가는 게 여간 어려운 일이 아닐 것 같긴 해요.	N	2022-06-15 00:26:05	2022-11-08 03:33:04
BE22001338	7	0	그러니까요. 서로 대화하면서 맞춰가면 될 줄 알았는데, 몇 번을 말해도 안 고쳐지니까 일부러 저러나 싶어요.	N	2022-06-15 00:26:05	2022-11-08 03:33:04
BE22001338	8	1	맞아요. 저도 아들한테 똑같은 말을 했어요. 혹시 나를 무시하는 거냐고 물었죠.	N	2022-06-15 00:26:05	2022-11-08 03:33:04
BE22001338	9	0	제가 가장 짜증 나는 점이 그거라니까요. 저를 무시하는 것 같다는 것!	N	2022-06-15 00:26:05	2022-11-08 03:33:04
BE22001338	10	1	정말 공감해요. 저를 무시해서 일부러 저러는 게 아닌 걸 잘 알면서도 욱하는 마음을 달래기가 쉽지가 않죠.	N	2022-06-15 00:26:05	2022-11-08 03:33:04
BE22001338	11	0	비슷한 입장인 선생님과 이야기를 나누니까 조금은 화가 누그러지는 것 같네요. 오늘 남편한테 뭐라고 따끔하게 이야기를 해야 좀 알아들을까요? 정말 고쳤으면 좋겠어요.	N	2022-06-15 00:26:05	2022-11-08 03:33:04
BE22001338	12	1	선생님의 마음은 너무 이해하지만, 강경하게 말하다가 괜한 싸움이 일어날 수도 있고 선생님 기분만 더 상할 수도 있을 것 같아요. 우선은 조금 진정하신 뒤에 사진을 찍어서 한 번 문자로 보내보시는 건 어때요? 시각적으로 확 각인이 되면 쉽게 잊히지 않을 거예요.	N	2022-06-15 00:26:05	2022-11-08 03:33:04
BE22001338	13	0	정말 좋은 생각 같아요. 지금 당장 사진 찍어서 보내야겠어요.	N	2022-06-15 00:26:05	2022-11-08 03:33:04
BE22001338	14	1	대신에 너무 화내지는 마시고요. 너무 격하게 반응하시면 오히려 안 좋은 결과를 초래할지도 모르니까요.	N	2022-06-15 00:26:05	2022-11-08 03:33:04
BE22001338	15	0	알겠어요. 오늘은 꼭 침착하게 말해볼게요.	Y	2022-06-15 00:26:05	2022-11-08 03:33:04
