id	utterance_id	utterance_type	utterance_text	terminate	regDate	updDate
BE22012513	1	0	나 어제 비가 오길래 오랜만에 포장마차에 술 한잔했어.	N	2022-07-30 09:58:42	2022-11-08 04:44:42
BE22012513	2	1	비 오는 날에 포장마차는 정말 대단하지. 감성과 맛 둘 다 사로잡을 수 있잖아. 만족스러운 술자리였어?	N	2022-07-30 09:58:42	2022-11-08 04:44:42
BE22012513	3	0	맞아. 나도 그 감성을 즐기고 싶어서 일반 술집이 아닌 포장마차로 간 거였어. 근데 오늘 아침에 몸이 너무 간지러워서 깨서 확인해봤는데 모기가 잔뜩 물려있네. 간지러워서 일찍 일어난 것도 화가 나는데 세보니까 열 방이나 물려서 짜증까지 나.	N	2022-07-30 09:58:42	2022-11-08 04:44:42
BE22012513	4	1	기분 좋게 술 마시고 집에 들어왔는데 모기 때문에 제대로 잠을 못 자서 짜증 났겠다. 나라도 그 상황에서 모기 때문에 잠이 깼다면 분을 참지 못했을 거야.	N	2022-07-30 09:58:42	2022-11-08 04:44:42
BE22012513	5	0	맞아. 오늘 주말이라 늦게 일어나도 돼서 일부로 어제 늦게까지 마신 건데 이러면 안 되는 거잖아. 다시 자고 싶은데 몸이 간지러울 때마다 짜증이 올라와서 잠을 다시 잘 수가 없어.	N	2022-07-30 09:58:42	2022-11-08 04:44:42
BE22012513	6	1	정말 짜증 나겠다. 나는 지금 모기 물려서 간지러운 거 상상만 했는데도 벌써 미간이 찌푸려지는 것 같아. 모기 물리면 왜 이렇게 기분 나쁘게 간지러운 걸까?	N	2022-07-30 09:58:42	2022-11-08 04:44:42
BE22012513	7	0	내 말이 그 말이야. 이미 물려서 화가 나는데도 어떻게 할 수가 없다. 이럴 거면 포장마차 가지 말고 그냥 건물 안에 있는 술집으로 갈 걸 그랬어.	N	2022-07-30 09:58:42	2022-11-08 04:44:42
BE22012513	8	1	그랬다면 비 오는 날의 포차 감성을 느낄 수 없었을 거야. 어제 포장마차에서 술 마실 때는 기분 좋았을 거 아냐. 지나간 일에 후회하지 말자. 우리.	N	2022-07-30 09:58:42	2022-11-08 04:44:42
BE22012513	9	0	모기만 없었으면 오늘까지 정말 완벽한 시간이었을 텐데. 모기는 왜 짜증 나게 피를 먹는 거야. 피 먹고 안 간지러우면 괜찮을 텐데 또 너무 간지럽기까지 해. 몹시 화가 나.	N	2022-07-30 09:58:42	2022-11-08 04:44:42
BE22012513	10	1	나도 모기 물려서 간지러울 때마다 그런 생각을 했었어. 그 많은 사람 중에 왜 하필 나만 이렇게 물리는지 이해가 안 되기도 하고. 하지만, 시간이 지나 오늘을 되돌아보면 재밌었던 추억으로 남을 수도 있지 않을까?	N	2022-07-30 09:58:42	2022-11-08 04:44:42
BE22012513	11	0	나중에 포장마차의 추억을 생각하면 그것도 나름대로 재미있긴 하겠다. 그렇게 생각하니까 짜증이 좀 사라지는 것 같아. 하지만 지금 당장 간지럽다는 생각에 아직은 화가 나는 것 같아.	N	2022-07-30 09:58:42	2022-11-08 04:44:42
BE22012513	12	1	모기 물린 건 금방 괜찮아질 거야. 심호흡하면서 화난 감정을 추슬러보자. 나는 네가 모기 때문에 스트레스를 받아서 너무 화내지 않았으면 좋겠어.	N	2022-07-30 09:58:42	2022-11-08 04:44:42
BE22012513	13	0	네가 얘기해준 대로 심호흡하면서 다른 생각을 하니까 덜 간지러워졌어. 덕분에 짜증이 좀 풀린 것 같아. 고마워.	N	2022-07-30 09:58:42	2022-11-08 04:44:42
BE22012513	14	1	고맙긴 뭘. 다음번에는 나랑 같이 식당 안에서 술 한잔하자!	Y	2022-07-30 09:58:42	2022-11-08 04:44:42
