id	utterance_id	utterance_type	utterance_text	terminate	regDate	updDate
BE22002842	1	0	어제 정말 남편한테 화가 나는 일이 있었어요.	N	2022-06-23 02:54:12	2022-11-08 03:42:47
BE22002842	2	1	무슨 일 있었어요 감정화자씨? 남편 분이 속을 썩였나 보네요.	N	2022-06-23 02:54:12	2022-11-08 03:42:47
BE22002842	3	0	어제가 남편의 월급날이었거든요? 그래서 얼마 들어왔는지 확인하기 위해서 저녁에 통장을 확인했는데 글쎄 월급의 대부분이 사라져 있더라고요.	N	2022-06-23 02:54:12	2022-11-08 03:42:47
BE22002842	4	1	정말요? 생활비에 대출금에 들어갈 돈이 많을 텐데. 많이 당황스러웠겠네요.	N	2022-06-23 02:54:12	2022-11-08 03:42:47
BE22002842	5	0	그래서 바로 남편에게 전화해서 어떻게 된 일인지 물어보니 그동안 갖고 싶었던 게임기를 샀다고 하더라고요.	N	2022-06-23 02:54:12	2022-11-08 03:42:47
BE22002842	6	1	상의 없이 구매한 거예요? 적어도 말이라도 해주고 구매했으면 몰라. 많이 서운하고 화나셨겠네요.	N	2022-06-23 02:54:12	2022-11-08 03:42:47
BE22002842	7	0	너무 어이가 없고 황당해서 뭐 하는 짓이냐 물었더니 글쎄 돌아오는 답이 저를 더 화나게 했어요.	N	2022-06-23 02:54:12	2022-11-08 03:42:47
BE22002842	8	1	그럴 때일수록 화를 풀어주려고 노력해야 하는데 불씨를 더 키웠나 보군요.	N	2022-06-23 02:54:12	2022-11-08 03:42:47
BE22002842	9	0	제가 사고 싶어 하는 것들을 못 사게 할 거라고 생각해서 저 몰래 구매했다고 하더라고요. 그 얘기를 듣고선 내가 그렇게 믿음직스럽지 못한가 하고 머리가 지끈해질 정도로 화가 났어요.	N	2022-06-23 02:54:12	2022-11-08 03:42:47
BE22002842	10	1	부부 사이에 신뢰는 중요하고 경제적인 부분에선 서로 상의해야 한다고 생각해요. 감정화자씨가 크게 화나는 것도 타당한 일이라 생각합니다. 저였으면 화나서 말도 안 나왔을 거예요.	N	2022-06-23 02:54:12	2022-11-08 03:42:47
BE22002842	11	0	그렇죠? 제가 잡고 살았던 것도 아닌데 여태까지 신뢰를 쌓고 했던 게 의미 없다는 생각이 들었어요.	N	2022-06-23 02:54:12	2022-11-08 03:42:47
BE22002842	12	1	감정화자씨처럼 성실하고 착한 부인도 흔치 않은데 말이죠. 경제적인 부분도 믿고 맡길 수 있는 현명한 사람이라고 생각해요. 남편 분에게 많이 서운하시겠네요.	N	2022-06-23 02:54:12	2022-11-08 03:42:47
BE22002842	13	0	네. 그래서 많이 싸웠어요. 한창 들어가는 돈에 예민한 상황이라 더 예민해지고 짜증 내게 되더라고요.	N	2022-06-23 02:54:12	2022-11-08 03:42:47
BE22002842	14	1	생활에 시들리다보면 평소보다 예민해지게 되죠. 하지만 부부 싸움은 유연하게 해결하는 게 좋다고 생각해요. 밤에 한번 진지하게 감정 털어놓고 상냥하게 대화해 보는 게 어때요?	N	2022-06-23 02:54:12	2022-11-08 03:42:47
BE22002842	15	0	그래야겠어요. 얼마나 사고 싶었을지 이해하지 못하는 제 몫도 있겠지요. 오늘 한번 대화해 보도록 할게요. 얘기 들어줘서 고마워요.	Y	2022-06-23 02:54:12	2022-11-08 03:42:47
