id	utterance_id	utterance_type	utterance_text	terminate	regDate	updDate
BE22008216	1	0	아니, 이건 아니지 않습니까? 바닐라라테 시럽 한 번만 조금 넣어 달라고 했는데. 너무 달아요. 시럽을 한가득 넣었어요!	N	2022-07-12 12:35:02	2022-11-08 04:17:15
BE22008216	2	1	응? 주문이 잘못 들어갔어? 어구, 너무 기분 상했을 거 같아. 바닐라라테 맛이 너무 달다니!	N	2022-07-12 12:35:02	2022-11-08 04:17:15
BE22008216	3	0	네, 맛도 지나치게 달고 제가 다이어트 중인데 정해둔 칼로리도 넘긴 거 같아요. 여기 장사 함부로 하네. 다신 여기서 시키지 맙시다.	N	2022-07-12 12:35:02	2022-11-08 04:17:15
BE22008216	4	1	그래그래, 기분 좋자고 마시는 건데 이렇게 기분 상하게 만드는 곳은 가지 말자. 에구, 입맛 버려서 어떡하면 좋아. 나 같아도 다신 안 먹고 싶을 거야.	N	2022-07-12 12:35:02	2022-11-08 04:17:15
BE22008216	5	0	그러니까요. 생각할수록 화나네, 여기. 가서 한번 따지고 와야겠어요. 사장이 누군지 얼굴 한번 새겨주고 와야 분이 풀릴 거 같아요.	N	2022-07-12 12:35:02	2022-11-08 04:17:15
BE22008216	6	1	무시당하는 거 같고 그랬어? 가게 한번 찾아가면 기분 좀 나아질 거 같아? 기분 안 좋은 공간에 또 가면 다시 더 기분 나빠지진 않을까 걱정돼.	N	2022-07-12 12:35:02	2022-11-08 04:17:15
BE22008216	7	0	아니, 장사를 이렇게 하면 안 되죠. 맛도 없고. 내가 당뇨라도 걸렸으면 어떻게 책임졌을 거야? 쇼크 걸려서 죽기라도 했으면 책임이고 뭐고 없는 거 아닙니까?	N	2022-07-12 12:35:02	2022-11-08 04:17:15
BE22008216	8	1	그렇지, 건강도 신경 쓰고 있었는데 내 노력이 타인 때문에 침해당하는 기분이었을 거 같아. 그럴 때는 정말 지치고 짜증 나지 말이야.	N	2022-07-12 12:35:02	2022-11-08 04:17:15
BE22008216	9	0	그러니까 말이에요. 내가 얼마나 엄격하게 관리하는데 몇 칼로리인지도 확인 안 되는 시럽을 누가 먹인 거잖아요. 억울하죠. 이건 범죄 아닙니까? 내가 이상한 게 아니지 말이에요.	N	2022-07-12 12:35:02	2022-11-08 04:17:15
BE22008216	10	1	맞아. 화날 만해. 나도 신발에 돌 하나만 들어가도 종일 기분이 안 좋다니까? 그런데 이렇게 다른 사람이 내 하루를 침범한 상황이라고 느끼면 더 안 좋을 거 같아.	N	2022-07-12 12:35:02	2022-11-08 04:17:15
BE22008216	11	0	아 그래요? 맞아요 바로 그런 겁니다. 신발에 들어간 돌 같은 느낌. 뭔지 딱 알 거 같은 그 느낌이에요.	N	2022-07-12 12:35:02	2022-11-08 04:17:15
BE22008216	12	1	그래, 그래 그런 날이 있잖아. 그때는 돌을 뺄 수 없으면 다른 일에 눈 돌리는 건 어떨까? 소중한 일들이 나를 기다리는 하루잖아.	N	2022-07-12 12:35:02	2022-11-08 04:17:15
BE22008216	13	0	맞아요. 이렇게 열 내 봤자 제 손해인 거 같아요. 제 할 일이나 열심히 하는 게 좋겠어요. 그게 성숙한 시민의 자세 아니겠어요?	N	2022-07-12 12:35:02	2022-11-08 04:17:15
BE22008216	14	1	그렇지, 다른 일에 집중할 만큼 아주 성숙한 너구나. 나쁜 일도 있었지만 그게 널 흔들지는 못한 하루가 되길 바랄게.	Y	2022-07-12 12:35:02	2022-11-08 04:17:15
