id	utterance_id	utterance_type	utterance_text	terminate	regDate	updDate
BE22012258	1	0	저번에 공감화자님이랑 같이 간 이태원 카페 친구랑 가려고 왔는데 문을 안 열었어요. 진짜 화가 나요.	N	2022-07-28 11:13:04	2022-11-08 04:43:06
BE22012258	2	1	월요일 휴무로 알고 있었는데 오늘 문 닫았어요? 거기 찾아가기 좀 까다로운데 괜히 헛걸음하게 돼서 어떡해요.	N	2022-07-28 11:13:04	2022-11-08 04:43:06
BE22012258	3	0	오늘 날씨도 덥고 가파른 언덕 올라오느라 얼마나 고생했는데 이게 무슨 일인지. 디저트며 경치며 끝내준다고 제가 얼마나 자랑하면서 데려갔는데요. 그런데 문을 안 열어서 얼마나 무안하고 짜증 났는지 몰라요.	N	2022-07-28 11:13:04	2022-11-08 04:43:06
BE22012258	4	1	가는 날이 장날이라더니. 카페가 좀 높은 곳에 있어서 그냥 올라가도 진이 빠질 텐데. 오늘 같은 폭염에 걸어 올라가느라 진짜 힘들었겠어요.	N	2022-07-28 11:13:04	2022-11-08 04:43:06
BE22012258	5	0	너무 마음에 들었던 카페라 친구한테도 꼭 보여주고 싶었거든요. 둘이 취향도 비슷해서 분명 기뻐했을 텐데 이게 뭐예요. 완전 망신이라고요!	N	2022-07-28 11:13:04	2022-11-08 04:43:06
BE22012258	6	1	저 같아도 기대한 만큼 당황스럽고 맥이 탁 풀렸을 거예요. 좋은 곳을 함께하고 싶어서 데려갔는데 하필 휴무라 더 아쉬운 마음이겠어요. 친구가 좋아하는 모습 보고 싶었을 텐데 진짜 너무 속상하겠다.	N	2022-07-28 11:13:04	2022-11-08 04:43:06
BE22012258	7	0	게다가 지방에서 놀러 온 친구라 괜히 시간 낭비한 거 같아서 더 짜증 나고 속상해요.	N	2022-07-28 11:13:04	2022-11-08 04:43:06
BE22012258	8	1	멀리서 찾아온 친구인데 제대로 준비하지 못한 거 같아서 더 신경이 쓰이나 봐요. 그래도 힘들고 짜증 나는 마음을 추스르고 상대방을 먼저 생각하는 모습이 참 어른스러운 거 같아요. 감정화자님도 속상할 텐데 친구분을 위하는 마음이 너무 예뻐 보여요.	N	2022-07-28 11:13:04	2022-11-08 04:43:06
BE22012258	9	0	그렇게 봐주셔서 감사해요. 저는 괜찮은데 같이 온 친구가 내심 실망한 거 같아서 더 화가 났던 거 같아요.	N	2022-07-28 11:13:04	2022-11-08 04:43:06
BE22012258	10	1	친구분도 감정화자님이 이렇게 자신을 생각해 주는 마음만으로도 기쁠 거 같아요. 어디서 무얼 하느냐보다 누구와 함께하는지가 더 중요한 법이니까요. 고생한 기억이 더 오래 남는다는데 오히려 재밌는 에피소드로 추억이 될 거 같은걸요.	N	2022-07-28 11:13:04	2022-11-08 04:43:06
BE22012258	11	0	그럴까요? 그렇게 생각해 주고 있다면 저도 마음이 좀 풀리네요.	N	2022-07-28 11:13:04	2022-11-08 04:43:06
BE22012258	12	1	그럼요. 말하지 않아도 친구라면 다 느낄 수 있을 거예요. 대신에 제가 그 근처에 다른 괜찮은 카페 하나 알려드릴게요.	N	2022-07-28 11:13:04	2022-11-08 04:43:06
BE22012258	13	0	앗 정말요? 다시 갈만한 곳 알아봐야 하나 걱정했는데 다행이다.	N	2022-07-28 11:13:04	2022-11-08 04:43:06
BE22012258	14	1	어려운 일도 아닌데요 뭘. 주소 보내드릴 테니 확인해 보시고 친구분과 좋은 시간 보내세요.	N	2022-07-28 11:13:04	2022-11-08 04:43:06
BE22012258	15	0	정말 고마워요. 추천해 주시는 곳 항상 기대 이상이라 꼭 가볼게요.	Y	2022-07-28 11:13:04	2022-11-08 04:43:06
