id	utterance_id	utterance_type	utterance_text	terminate	regDate	updDate
BE22009633	1	0	요즘 둘째 때문에 힘든데 큰 딸아이 때문에 배로 힘드네요.	N	2022-07-18 02:18:00	2022-11-08 04:26:26
BE22009633	2	1	따님이 오늘 감정화자님께 어렵게 굴었나 보네요. 넋두리를 다 하시다니 많이 힘드셨나 봐요.	N	2022-07-18 02:18:00	2022-11-08 04:26:26
BE22009633	3	0	네, 오늘 너무 힘든 하루였어요. 안 그랬었는데 더 아기처럼 굴기도 해요. 딸이 동생이 태어난 이후 떼가 늘어서 매일 화를 내게 되네요.	N	2022-07-18 02:18:00	2022-11-08 04:26:26
BE22009633	4	1	둘째 낳은 지 얼마 안 되셨는데 몸도 마음도 많이 지치실 것 같아요. 저도 겪어봐서 얼마나 힘드신지 알겠어요. 화도 나고 노여워지기도 하실 거예요.	N	2022-07-18 02:18:00	2022-11-08 04:26:26
BE22009633	5	0	오늘은 동생 젖병을 뺏기도 하고 밥투정도 심하게 하더라고요. 화가 머리끝까지 치밀어서 참느라 혼났어요.	N	2022-07-18 02:18:00	2022-11-08 04:26:26
BE22009633	6	1	말만 들어도 화가 나실 만하네요. 동생 보랴, 언니 살피랴 하루가 어떻게 가는 줄도 모르시겠어요. 그런 상황에 딸이 떼를 쓰면 정말 울고 싶을 것 같아요.	N	2022-07-18 02:18:00	2022-11-08 04:26:26
BE22009633	7	0	정말 그래요. 아이가 말을 알아들으면 덜 힘들 텐데 아직 그러지 못하니 더 진이 빠져요.	N	2022-07-18 02:18:00	2022-11-08 04:26:26
BE22009633	8	1	날도 더운데 두 아이가 매달릴 걸 생각하니 제가 가서 도와드리고 싶은 심정이에요. 감정화자님을 돌볼 시간은 전혀 나질 않겠네요. 정말 겨우겨우 하루를 버티고 계실 것 같아요.	N	2022-07-18 02:18:00	2022-11-08 04:26:26
BE22009633	9	0	도와주시고 싶으시다는 말씀이 얼마나 감사한지 모릅니다. 독박 육아라 누가 도와줄 수 있다고는 전혀 생각하지 못했거든요. 제 상황을 공감해 주시는 것만으로도 마음이 가벼워지는 것 같습니다.	N	2022-07-18 02:18:00	2022-11-08 04:26:26
BE22009633	10	1	그 말씀을 들으니 더 안타까워지네요. 큰아이가 사랑을 독차지하다가 아마 샘이 나서 그럴 거예요. 그런데 딸들은 조금만 크면 오히려 동생을 돌봐주게 되더라고요.	N	2022-07-18 02:18:00	2022-11-08 04:26:26
BE22009633	11	0	딸이 동생을 돌봐 준다고요? 전혀 생각해보지도 못했네요. 그럴 수 있다고 생각해 보니 딸아이에게 화냈던 게 미안해지고 감정도 조금 가라앉아요.	N	2022-07-18 02:18:00	2022-11-08 04:26:27
BE22009633	12	1	아직은 너무 어리지만, 곧 그렇게 될 날이 올 거예요. 엄마 대신 젖병도 잡아주고 장난감도 챙겨주고 하는 그런 날이요. 그리고 아이들이 엄마에게 무조건적인 사랑을 베풀고 바라보는 시기가 사실 그렇게 길지는 않더라고요.	N	2022-07-18 02:18:00	2022-11-08 04:26:27
BE22009633	13	0	하긴 딸이 큰아이지만 사실 아직 어린 아기에 불과한데 제가 너무 화를 냈었다 싶어지네요. 이렇게 저만 바라보는 시기도 곧 지나가긴 할 테고요. 말씀 들으니까 딸에게 사랑을 더 줘야겠다는 생각이 들고 마음이 누그러져요.	N	2022-07-18 02:18:00	2022-11-08 04:26:27
BE22009633	14	1	아마 몸이 지치다 보니 어쩔 수 없이 오늘 화도 내시고 앞이 캄캄하셨을 거예요. 그것도 곧 지나갈 거라고 마음을 다독여 보세요.	N	2022-07-18 02:18:00	2022-11-08 04:26:27
BE22009633	15	0	네, 그럴게요. 제 상황에 공감해 주셔서 너무 감사해요. 내일부터는 훨씬 덜 힘들 것 같아요.	Y	2022-07-18 02:18:00	2022-11-08 04:26:27
