id	utterance_id	utterance_type	utterance_text	terminate	regDate	updDate
BE22010257	1	0	오늘은 정말 되는 일이 없는 하루였어요. 뭘 해도 안 되는 거 같고 좌절감만 드네요.	N	2022-07-19 10:09:47	2022-11-08 04:30:25
BE22010257	2	1	많이 속상하신 것 같아요. 무슨 일이 있으셨길래 그러세요?	N	2022-07-19 10:09:47	2022-11-08 04:30:25
BE22010257	3	0	사실 오늘 급한 작업을 하려고 스터디 카페에 갔었거든요. 선불이라 돈을 내고 들어가 작업을 하려고 보니 노트북 키보드가 되질 않는 거예요. 어이도 없고 어찌나 짜증이 나던지 마음이 가라앉질 않더라고요.	N	2022-07-19 10:09:47	2022-11-08 04:30:25
BE22010257	4	1	그런 일이 있으셨군요. 별일 아닌 것 같아도 급한 일인 경우에는 충분히 화나고 짜증 나셨을 만 해요.	N	2022-07-19 10:09:47	2022-11-08 04:30:25
BE22010257	5	0	이렇게 저렇게 해보려다가 안 돼서 결국 나왔는데, 돈만 날리고 작업은 못 하고 너무 화가 나더라고요.	N	2022-07-19 10:09:47	2022-11-08 04:30:25
BE22010257	6	1	나쁜 일이 한꺼번에 다 일어나는 것 같은 그런 날이 있는 것 같아요. 너무 속상해하지 않으셨으면 해요. 키보드는 쓰다보면 망가질 수도 있고, 그런 상황을 모르고 결제 한 거니 부주의하셨던 것도 아니에요.	N	2022-07-19 10:09:47	2022-11-08 04:30:26
BE22010257	7	0	망가진 키보드도 짜증스럽고 낭비한 돈도 아깝고 이런 사소한 일에 노여워하는 자신도 정말 싫어지더라고요. 제가 너무 툴툴거리는 것 같네요.	N	2022-07-19 10:09:47	2022-11-08 04:30:26
BE22010257	8	1	들어보니 그러실 만한 하루였어요. 요즘 너무 바쁘게 지내셔서 마음에 여유가 없어진 탓일 거예요.	N	2022-07-19 10:09:47	2022-11-08 04:30:26
BE22010257	9	0	그런 걸까요. 스스로 너무 쪼잔한 것 같아서 화가 더 났었던 것 같아요. 밤낮없이 작업량 맞추느라 잠이 부족한 탓일 거라고 스스로를 위로하려 해도 노여움이 가시질 않아요.	N	2022-07-19 10:09:47	2022-11-08 04:30:26
BE22010257	10	1	몸이 힘드시니 여유가 없어지신 것도 당연해요. 평소 감정화자님은 주변에 계신 분들 잘 챙기고 다정하신 분이시잖아요. 절대 마음 그릇이 작은 분이 아니니 자신을 비하하지 마세요.	N	2022-07-19 10:09:47	2022-11-08 04:30:26
BE22010257	11	0	그렇게 말씀해 주시니 마음이 한결 편안해지네요. 오늘 있었던 일은 털어 버릴 수도 있을 것 같아요.	N	2022-07-19 10:09:47	2022-11-08 04:30:26
BE22010257	12	1	금세 나쁜 감정을 털어버리시네요. 감정화자님은 워낙 회복 탄력성이 좋으셔서 그런 것 같아요. 그래서 스스로 다시 일어서시는 힘도 강하신 것 같아요.	N	2022-07-19 10:09:47	2022-11-08 04:30:26
BE22010257	13	0	저를 그렇게 좋게 평가해주시니 감사한 마음마저 들어요. 공감화자님께 털어놓길 잘했다는 생각이 드네요.	N	2022-07-19 10:09:47	2022-11-08 04:30:26
BE22010257	14	1	뭘요, 있는 그대로 말씀드렸을 뿐이에요. 감정화자님의 긍정적인 삶의 태도 덕분에 제 몇 마디로도 회복되시는 거예요.	N	2022-07-19 10:09:47	2022-11-08 04:30:26
BE22010257	15	0	공감화자님 덕분에 화가 났던 마음이 싹 사라지는 기분이 들어요. 내일부터 다시 작업에 열중할 수 있을 것 같습니다. 항상 좋은 말씀 해주셔서 정말 감사드려요!	Y	2022-07-19 10:09:47	2022-11-08 04:30:26
