id	utterance_id	utterance_type	utterance_text	terminate	regDate	updDate
BE22012950	1	0	요즘 들어 느끼는 생각인데 내가 인간관계에 대해 한계를 느끼고 있는 것 같아. 예전에는 모두의 얘기를 들어주고 조언해 주고 격려해 줬었는데... 이제는 남들 말을 다 들어주려니 너무 피곤하고 화가 나.	N	2022-08-02 16:14:17	2022-11-08 04:47:27
BE22012950	2	1	어떻게 모든 얘기를 다 들어주겠어. 피곤하고 힘든 게 당연해. 요즘에 혹시 무슨 일이라도 있었니?	N	2022-08-02 16:14:17	2022-11-08 04:47:27
BE22012950	3	0	어제 오랜만에 고등학교 친구를 만났어. 그런데 나에게 잘 지냈냐고 형식적인 안부 인사를 한마디 한 다음 자기 말만 쏟아내더라고. 마치 내 얘기는 궁금하지 않은 느낌을 받아서 너무 화가 났어.	N	2022-08-02 16:14:17	2022-11-08 04:47:27
BE22012950	4	1	오랜만에 만나서 반가운 마음이 컸을 텐데 친구가 너에게 그랬으니 네가 얼마나 상심이 컸을까. 나였어도 줄곧 친구 얘기만 들어주고 있었으면 내가 상담가도 아니고 기분 나빴을 것 같아.	N	2022-08-02 16:14:17	2022-11-08 04:47:28
BE22012950	5	0	그렇지? 근데 웃긴 건 이 친구뿐만이 아니라 만나는 사람들이 대부분 그러는 것 같다는 느낌을 받았어. 내가 예민해진 것일 뿐일까? 정말 회사 얘기에 사돈에 팔촌 얘기까지 별 얘기들을 쏟아내는데 너무 성가시고 듣기 싫어지더라고.	N	2022-08-02 16:14:17	2022-11-08 04:47:28
BE22012950	6	1	네가 예민한 게 절대 아니야. 들어주고 공감해주는 건 어느 정도 선에서나 이야기이지. 평생 마주칠 일도 없을 사돈의 팔촌 얘기까지도 네가 계속 들어주고 있을 필요는 없지.	N	2022-08-02 16:14:17	2022-11-08 04:47:28
BE22012950	7	0	그런 거지? 그래서 요즘 약속을 잡게 되는 일이 있으면 안 나가고 싶어지고 갑자기 피곤해지더라고. 변해버린 친구들이 야속하고 밉기도 하고 지금도 그날에 날 대하는 태도에 화가 안 풀려.	N	2022-08-02 16:14:17	2022-11-08 04:47:28
BE22012950	8	1	네가 평소에 너무 공감을 잘해주니까 친구들이 거기에 적응해 버렸나 봐. 너는 사람을 기분 좋게 하는 말솜씨가 있거든. 네가 그 점에서 뛰어난 건 인정하지만 네가 얘기만 듣고 있는 사람은 아닐 텐데 속상하다.	N	2022-08-02 16:14:17	2022-11-08 04:47:28
BE22012950	9	0	날 그렇게 봐줘서 고마워. 내가 언변이 뛰어난 편은 아니라고 생각했는데 오히려 지금처럼 내 고민을 들어주는 네가 뛰어난 거지. 너한테 털어놓기만 했는데도 벌써 기분이 나아지고 있는걸.	N	2022-08-02 16:14:17	2022-11-08 04:47:28
BE22012950	10	1	나 누구에게나 이렇게 진심으로 공감하는 편이 아닌데 너의 고민이라서 이렇게 들어주는 거야. 네가 평소에 얼마나 내 이야기를 잘 들어주고 다독여줬었는데.	N	2022-08-02 16:14:17	2022-11-08 04:47:28
BE22012950	11	0	그 친구들이 너처럼 이렇게 내 얘기에도 집중을 해줬었더라면 내가 이렇게까지 기분이 나쁘지 않았을 텐데. 너랑 대화하고 있으니까 진짜 소통하는 느낌이 든다. 나도 이렇게 내 속마음을 털어놓고 싶을 때가 있는데 그 기회가 없어서 더 속상했나 봐.	N	2022-08-02 16:14:17	2022-11-08 04:47:28
BE22012950	12	1	네가 너무 착해서 친구들이 말하고 있는 타이밍을 끊을 수 없어서 그래. 남들보다 너 자신의 감정을 우선시해봐. 그동안 남들의 배려한다는 이유로 말을 안 하고 있던 게 너에게 독이 된 것 같아.	N	2022-08-02 16:14:17	2022-11-08 04:47:28
BE22012950	13	0	무슨 이유로 이렇게 된 건지 확실하게 알지 못했었는데 네 말을 듣고 나니 이해가 된다. 친구들을 생각한다는 이유로 나 자신의 마음은 챙기지 못하고 있었던 것 같아.	N	2022-08-02 16:14:17	2022-11-08 04:47:28
BE22012950	14	1	맞아. 친구들도 네 얘기를 묵살하려고 의도한 게 전혀 아닐 거야. 다만 네가 너무 배려 깊은 탓에 얘기만 들어주다가 시간이 빠르게 흘러버렸을 것 같아. 앞으로는 고민이 있다고 먼저 얘기를 꺼내 본다면 친구들이 경청하면서 공감해 줄 것 같아.	N	2022-08-02 16:14:17	2022-11-08 04:47:28
BE22012950	15	0	내가 나를 가로막고 있다는 생각을 안 한 체 친구들 탓만 한 게 부끄러워진다. 앞으로는 좀더 나를 챙겨봐야겠어. 그런다면 인간관계가 피곤하다는 생각이 별로 안 들 것 같네.	Y	2022-08-02 16:14:17	2022-11-08 04:47:28
