id	utterance_id	utterance_type	utterance_text	terminate	regDate	updDate
BE22007587	1	0	선생님 안녕하세요. 제가 고민이 있어요. 이런 상황에서는 어떻게 해야 할지 도움말을 듣고 싶어요.	N	2022-07-10 13:44:30	2022-11-08 04:13:17
BE22007587	2	1	무슨 일일까요? 힘닿는 데까지 도와드릴 테니 말씀해 보세요.	N	2022-07-10 13:44:30	2022-11-08 04:13:17
BE22007587	3	0	남자 친구가 다른 여성을 만나 시간을 보내고선 거짓말하는 걸 알게 됐어요. 저는 너무 화가 나 남자 친구가 꼴도 보기 싫은 거예요. 이런 사람을 계속 만나야 할까요?	N	2022-07-10 13:44:30	2022-11-08 04:13:17
BE22007587	4	1	얼마나 마음이 상했을까요. 신뢰하고 사랑하는 사람이 내게 거짓말을 하면 엄청난 분노가 밀려오지요.	N	2022-07-10 13:44:30	2022-11-08 04:13:17
BE22007587	5	0	네 배신당한 느낌이었어요. 그래서 남자 친구가 연락을 해와도 받지 않고 거리를 두고 있어요.	N	2022-07-10 13:44:30	2022-11-08 04:13:17
BE22007587	6	1	거짓말한 거 자체도 화가 나는데 그 대상이 여성이니 더 마음 상하고 화가 났을 거예요.	N	2022-07-10 13:44:30	2022-11-08 04:13:17
BE22007587	7	0	네 맞아요. 여성이라는 사실이 제 마음을 참 힘들게 해요.	N	2022-07-10 13:44:30	2022-11-08 04:13:17
BE22007587	8	1	그런 마음이 드는 거 당연해요. 하지만 남자 친구와 영영 이별하고 싶은 건 아니지요?	N	2022-07-10 13:44:30	2022-11-08 04:13:17
BE22007587	9	0	네 지금은 꼴도 보기 싫지만, 아예 헤어지고 싶은 건 아니에요. 어떻게 마음을 추슬러야 할지 모르겠어요.	N	2022-07-10 13:44:30	2022-11-08 04:13:17
BE22007587	10	1	남자 친구가 감정화자님이 화가 난 이유를 알고 있나요?	N	2022-07-10 13:44:30	2022-11-08 04:13:17
BE22007587	11	0	아니요. 모르는 거 같아요. 내가 화난 이유를 알리는 게 영 마뜩잖아요. 내가 속 좁은 사람으로 보일까봐서요.	N	2022-07-10 13:44:30	2022-11-08 04:13:17
BE22007587	12	1	넓은 마음으로 받아들이고 이해할 수도 있는 사안이라는 생각도 하나 봐요?	N	2022-07-10 13:44:30	2022-11-08 04:13:17
BE22007587	13	0	글쎄 저도 제 마음을 잘 모르겠어요. 그 여성과 별 사이가 아닌데 내가 신경 쓸까 봐 거짓말을 한 것은 아닐까. 뭐 그런 생각도 하고 있어요.	N	2022-07-10 13:44:30	2022-11-08 04:13:17
BE22007587	14	1	감정화자님은 남자 친구를 이해해 보려는 마음도 큰 거 같아요. 불쾌하고 화가 난 상황에서도 분노를 삭이는 감정화자님이 참 대단하다는 생각이 들어요. 그러기 쉽지 않거든요.	N	2022-07-10 13:44:30	2022-11-08 04:13:17
BE22007587	15	0	그런가요? 공감화자님이 그렇게 말씀해 주시니 제 기분이 한결 나아지네요. 저는 이렇게 토라져 있는 게 마음이 불편해요. 남자 친구에게 화내지 않고 왜 그랬는지 물어보는 게 좋겠다는 생각이 드네요.	N	2022-07-10 13:44:30	2022-11-08 04:13:17
BE22007587	16	1	잘 생각하셨어요. 앙금이 남아 있는 상태로는 잘 지내기 어렵지요.	N	2022-07-10 13:44:30	2022-11-08 04:13:17
BE22007587	17	0	고맙습니다. 공감화자님과 문자 주고받는 사이 화가 많이 풀렸어요. 남자 친구에게 담담하게 물어볼 수 있을 거 같아 마음이 많이 편해졌어요.	Y	2022-07-10 13:44:30	2022-11-08 04:13:17
