id	utterance_id	utterance_type	utterance_text	terminate	regDate	updDate
BE22002328	1	0	요즘 나 몸이 너무 안 좋아진 것 같아.	N	2022-06-21 05:05:29	2022-11-08 03:39:29
BE22002328	2	1	너 매일 운동하고 식단 조절도 하잖아. 무슨 일 있어?	N	2022-06-21 05:05:29	2022-11-08 03:39:29
BE22002328	3	0	사실 퇴사하고 프리랜서 재택근무를 하고 있거든.	N	2022-06-21 05:05:29	2022-11-08 03:39:29
BE22002328	4	1	계속 집에만 있어서 건강이 안 좋아진 것 같다는 얘기지?	N	2022-06-21 05:05:29	2022-11-08 03:39:29
BE22002328	5	0	응 맞아. 밥 먹고 하루 종일 앉아서 타자만 치려니까, 어깨랑 팔목도 아프고 몸이 너무 무거워.	N	2022-06-21 05:05:29	2022-11-08 03:39:29
BE22002328	6	1	무슨 일을 하길래 그렇게 바빠?	N	2022-06-21 05:05:29	2022-11-08 03:39:29
BE22002328	7	0	프리랜서 일러스트레이터로 근무하고 있거든. 근데 일이 쏟아져서 너무 바쁘네. 개인 정비 시간을 가지려고 이직했는데, 오히려 전보다 바빠서 너무 화가 나.	N	2022-06-21 05:05:29	2022-11-08 03:39:29
BE22002328	8	1	그 회사 사람들 네가 맡은 일을 너무 쉽게 생각하는 거 아니야? 적당하게 일을 줘야지.	N	2022-06-21 05:05:29	2022-11-08 03:39:29
BE22002328	9	0	재택근무라 쉬울 줄 알았는데, 오히려 몸도 더 상하고, 스트레스도 더 받는 것 같아.	N	2022-06-21 05:05:29	2022-11-08 03:39:29
BE22002328	10	1	나도 그 마음 알아. 할 일이 산더미인데, 집에 있으면 괜히 집중도 안 되고, 자꾸만 일이 밀리는 기분.	N	2022-06-21 05:05:29	2022-11-08 03:39:29
BE22002328	11	0	일에 비해 시간이 모자라서 너무 힘들어. 난 운동이랑 취미 생활도 하고 싶단 말이야.	N	2022-06-21 05:05:29	2022-11-08 03:39:29
BE22002328	12	1	한숨 돌리려고 재택근무에 도전했는데, 생각한 거랑 달라서 너무 힘들겠다.	N	2022-06-21 05:05:29	2022-11-08 03:39:29
BE22002328	13	0	건강은 무슨 오히려 전에 다니던 회사보다 개인 시간이 더 없어.	N	2022-06-21 05:05:29	2022-11-08 03:39:29
BE22002328	14	1	아직 일이 익숙해지지 않아서 그런 걸 거야. 일이 익숙해지고 나면, 너 개인 시간도 더 늘어날 테니, 너무 걱정하지 마.	N	2022-06-21 05:05:29	2022-11-08 03:39:29
BE22002328	15	0	너 말대로 아직 근무한 지 얼마 안 돼서 그런 거겠지? 생각해보면 상사 잔소리 안 들어도 되고, 좋은 점도 많아.	N	2022-06-21 05:05:29	2022-11-08 03:39:29
BE22002328	16	1	그럼, 익숙해지면 전보다 훨씬 편해질 거야. 다니던 회사를 용기 있게 퇴사한 네가 너무 멋있고 부러워. 너는 어떤 일이든 잘 해낼 수 있을 거야.	N	2022-06-21 05:05:29	2022-11-08 03:39:29
BE22002328	17	0	고마워. 너무 투덜대지 말고 조금 더 일에 적응해봐야겠다.	Y	2022-06-21 05:05:29	2022-11-08 03:39:29
