id	utterance_id	utterance_type	utterance_text	terminate	regDate	updDate
BE22014765	1	0	아침에 눈 뜨고 울고 싶어지더라. 밤새워서 영상 작업했던 게 중간에 멈춰 버렸어. 오늘 또 밤새워야 할 것 같아서 너무 화가 나.	N	2022-08-19 05:13:26	2022-11-08 04:58:56
BE22014765	2	1	여름휴가 가려고 미리 무리하면서 작업하고 있는 거 알고 있는데 컴퓨터가 멈췄으면 어떡하니. 그동안 했던 일이 물거품 되고 다시 해야 하니 너무 화가 날 것 같아. 내가 네 입장이라도 정말 짜증 날 것 같아.	N	2022-08-19 05:13:26	2022-11-08 04:58:56
BE22014765	3	0	구매한 지 6년 됐는데 워낙 영상 편집할 때 여러 효과가 들어가서 컴퓨터가 느려지거든. 그래도 하필 왜 저장하지 않았을 때 멈춘 건지 너무 화가 나.	N	2022-08-19 05:13:26	2022-11-08 04:58:56
BE22014765	4	1	컴퓨터 구매해서 오래 쓰기는 했다. 요즘 너무 빠르게 변화하면서 고사양을 요구하는 프로그램이 많아서 편집에 어려움이 있었겠구나. 그렇다고 매번 바꿀 수 있는 일도 아니니까 네가 난감할 것 같아.	N	2022-08-19 05:13:26	2022-11-08 04:58:56
BE22014765	5	0	맞아, 한두 번도 아니고 이번 달에만 몇 번 그랬어. 스트레스를 너무 받으니까 컴퓨터 본체를 바꿔야 하는 생각도 들더라.	N	2022-08-19 05:13:26	2022-11-08 04:58:56
BE22014765	6	1	능력이 부족해서 그런 게 아니라 장비 때문이라면 누구라도 화가 날 것 같아. 네 마음을 이해하지 못하는 건 아니지만, 나는 네가 어려움을 이겨낼 수 있는 사람이라고 생각해. 답답하겠지만 더 좋은 결과물을 얻을 수 있는 시간이 주어졌다고 생각해 보는 건 어떨까?	N	2022-08-19 05:13:26	2022-11-08 04:58:56
BE22014765	7	0	그러고 싶지만 쉽지 않아. 컴퓨터를 새로 바꾸고 싶어도 현실적으로 너무 부담되니까 그것도 짜증으로 다가오거든.	N	2022-08-19 05:13:26	2022-11-08 04:58:56
BE22014765	8	1	이 세상에 쉬운 일이 없겠지만 실력으로 이겨내 보자. 당장은 앞이 보이지 않고 뒤처지고 떨어진 것같이 느껴져도 길게 보면 찰나의 순간일 거야. 네 성공담의 한 페이지가 되는 순간으로 바꿔보는 거야.	N	2022-08-19 05:13:26	2022-11-08 04:58:56
BE22014765	9	0	그런 날이 과연 올까 싶다. 작업할 때마다 다운되는 건 아닌지 전전긍긍하는 내 모습도 싫어져.	N	2022-08-19 05:13:26	2022-08-19 05:13:26
BE22014765	10	1	노력하고 있는 네 모습까지 미워하지는 말았으면 좋겠어. 네 노력이 배신하지 않을 거라고 나는 믿고 있어.	N	2022-08-19 05:13:26	2022-11-08 04:58:56
BE22014765	11	0	네가 그렇게 생각해 주니까, 화난 마음이 조금은 사그라진다. 그래도 작업할 컴퓨터는 조금 수리가 필요할 것 같아.	N	2022-08-19 05:13:26	2022-11-08 04:58:56
BE22014765	12	1	그건 그렇지, 그래도 작업은 원활하게 해야 하니까. 그동안 작업하면서 아껴서 사용했으니 지금 상황만 잘 견뎌보자.	N	2022-08-19 05:13:26	2022-11-08 04:58:56
BE22014765	13	0	그래, 네 말대로 견디다 보면 좋은 날도 오겠지.	N	2022-08-19 05:13:26	2022-08-19 05:13:26
BE22014765	14	1	힘내길 바란다, 털어놓을 곳이 필요하면 언제든지 연락하고!	Y	2022-08-19 05:13:26	2022-11-08 04:58:56
