id	utterance_id	utterance_type	utterance_text	terminate	regDate	updDate
BE22011995	1	0	도대체 왜 나한테 책임을 떠넘기는지, 이해할 수가 없어서 너무 화가 나.	N	2022-07-27 04:42:04	2022-11-08 04:41:31
BE22011995	2	1	갑자기 무슨 일이야? 천천히 자세히 이야기해야 알지.	N	2022-07-27 04:42:04	2022-11-08 04:41:31
BE22011995	3	0	내 동생 때문에 스트레스받아서 머리가 다 지끈거려. 대학에 못 가게 한 게, 나 때문이라고 성질을 내는 거 있지?	N	2022-07-27 04:42:04	2022-11-08 04:41:31
BE22011995	4	1	동생이 갑자기 화를 냈어? 동생이 대학 안 갔다는 건 알고 있었는데, 왜 너 때문이라는 건지 이야기는 들었어?	N	2022-07-27 04:42:04	2022-11-08 04:41:31
BE22011995	5	0	내가 대학 다닐 때, 아빠가 다치신 적이 있었거든. 근데 엄마가 형편이 어려우니, 동생은 대학에 안 갔으면 좋겠다고 했었나 봐. 근데 인제 와서 왜 나한테 화를 내는지 이해가 안 돼서 싸우고 말았어.	N	2022-07-27 04:42:04	2022-11-08 04:41:31
BE22011995	6	1	너도 학자금 대출받으면서 겨우 다니긴 했잖아. 동생 마음에는 그게 상처로 남아있었나 보다. 속상해서 그런 걸 테니 너무 화내지 마.	N	2022-07-27 04:42:04	2022-11-08 04:41:31
BE22011995	7	0	화를 내려면 엄마한테 내야지. 왜 나한테 그러는지 이해가 되질 않아서 나도 화가 나더라고.	N	2022-07-27 04:42:04	2022-11-08 04:41:31
BE22011995	8	1	네 마음을 모르는 건 아니야. 동생이 갑자기 예전 일을 꺼내면서 화를 내면 나라도 당황스러웠을 것 같아. 내 잘못이 아니라는 생각이 들면 화도 났을 것 같고.	N	2022-07-27 04:42:04	2022-11-08 04:41:31
BE22011995	9	0	맞아, 인제 와서 왜 그것도 나한테 화를 내는지 모르겠어. 참으려다가 나도 쏘아붙여 버렸어.	N	2022-07-27 04:42:04	2022-11-08 04:41:31
BE22011995	10	1	내색하지 않았지만, 계속 마음에 상처로 남아있었던 것 같아. 누구나 오래 간직되는 아픔이 있잖아. 그래서 네게 화를 내게 된 거라면 이해해 줄 수 있지 않을까?	N	2022-07-27 04:42:04	2022-11-08 04:41:31
BE22011995	11	0	내가 사과받아야 하는 게 아니라, 이해해 줘야 한다는 거야?	N	2022-07-27 04:42:04	2022-11-08 04:41:31
BE22011995	12	1	응, 내 생각에는 네가 이번에 동생을 너그럽게 이해해 줘야 하는 일 같아. 네가 잘못한 일은 아니지만, 아픈 사람을 감싸줘야 하지 않을까? 동생이 아마도 대학에 가지 않아 이루지 못한 꿈이 남아 있다면, 계속 아플 것 같아.	N	2022-07-27 04:42:04	2022-11-08 04:41:31
BE22011995	13	0	그렇게까지는 생각하지 못했어. 네 말을 들으니까, 내가 동생을 이해해 주는 게 맞을 것 같아.	N	2022-07-27 04:42:04	2022-11-08 04:41:31
BE22011995	14	1	그렇다면 정말 다행이야. 네가 이해해 주면 동생도 네게 분명 미안해할 거야.	N	2022-07-27 04:42:04	2022-11-08 04:41:31
BE22011995	15	0	응, 고마워! 네 덕분에 동생을 이해할 수 있게 된 것 같아.	Y	2022-07-27 04:42:04	2022-11-08 04:41:31
