id	utterance_id	utterance_type	utterance_text	terminate	regDate	updDate
BE22001819	1	0	공감화자씨 이혼한 게 아이한테는 정말 못할 짓 같아요.	N	2022-06-17 01:37:17	2022-11-08 03:36:11
BE22001819	2	1	저도 이혼하고 딱 하나 걸리는 게 아이 문제였어요. 그 마음 이해해요.	N	2022-06-17 01:37:17	2022-11-08 03:36:11
BE22001819	3	0	전 남편이 양육비를 안 보내면서 아이는 만나겠대요. 너무 화가 나는데 어떻게 해야 할지 모르겠어요.	N	2022-06-17 01:37:17	2022-11-08 03:36:11
BE22001819	4	1	하... 정말 어려운 문제네요. 아이만 생각하면 만나게 해줘야 할 것 같고. 저 같아도 고민이 될 것 같아요.	N	2022-06-17 01:37:17	2022-11-08 03:36:11
BE22001819	5	0	말씀하신 그 부분이 마음에 걸려요. 아이가 아빠를 못 보면 실망할까 봐서요.	N	2022-06-17 01:37:17	2022-11-08 03:36:11
BE22001819	6	1	아이에게 저런 사정을 설명할 수는 없으니까 난감하죠.	N	2022-06-17 01:37:17	2022-11-08 03:36:11
BE22001819	7	0	양육비를 안 보내는 건 상상도 못했었는데... 제가 화가 난다고 아이랑 아빠를 못 만나게 하는 게 맞는 건지 모르겠네요.	N	2022-06-17 01:37:17	2022-11-08 03:36:11
BE22001819	8	1	당연히 아이를 위해서 보내줘야 하는 건데, 내가 돈 달라고 독촉하는 것 같아서 당황스럽죠. 저도 그 마음 알아요.	N	2022-06-17 01:37:17	2022-11-08 03:36:11
BE22001819	9	0	애 아빠가 돈을 못 버는 건 아니어서 왜 안 주는지 모르겠어요. 아이를 정말 위하는 마음이 있는 건지 모르니까 자꾸 방어적으로 행동하게 돼요.	N	2022-06-17 01:37:17	2022-11-08 03:36:11
BE22001819	10	1	혹시 사정이 갑자기 어려워졌을 수도 있으니까 한번 물어보는 게 어때요?	N	2022-06-17 01:37:17	2022-11-08 03:36:11
BE22001819	11	0	하긴... 그 사람 성격상 자존심 때문에 말 못했을 것 같기도 하네요. 제가 먼저 물어보는 게 좋겠어요.	N	2022-06-17 01:37:17	2022-11-08 03:36:11
BE22001819	12	1	감정화자씨가 마음이 참 넓네요. 좋지만은 않은 감정일 텐데 이렇게 전남편 입장을 이해하려고 노력하고 대단해요.	N	2022-06-17 01:37:17	2022-11-08 03:36:11
BE22001819	13	0	아이에게는 아빠가 필요하니까요... 다른 사람한테 말하기 힘들었는데 얘기 들어줘서 고마워요.	N	2022-06-17 01:37:17	2022-11-08 03:36:11
BE22001819	14	1	나도 같은 상황이니까 언제든 같이 의논해요.	Y	2022-06-17 01:37:17	2022-11-08 03:36:11
