id	utterance_id	utterance_type	utterance_text	terminate	regDate	updDate
BE22014511	1	0	공감화자씨 잘 지내시죠? 오랜만이에요. 저는 오늘 너무 화가 나는 일이 있었어요.	N	2022-08-18 03:00:09	2022-08-18 03:00:09
BE22014511	2	1	저는 잘 있는데, 감정화자씨가 무슨 일이 있는 것 같아요. 저에게 편하게 얘기해주셔도 괜찮아요.	N	2022-08-18 03:00:09	2022-11-08 04:57:20
BE22014511	3	0	제가 오늘 회사에서 점심시간에 동 료직원분들이랑 먹으려고 직접 수제 드레싱을 만들어서 가져갔어요. 사람들이 맛있어하는 반응을 기대하고 가져갔는데, 날씨가 더워서 상해버린 거예요. 저는 왜 이렇게 좋은 의도로 계획해도 늘 뜻대로 안 되는지 너무 화가 나요.	N	2022-08-18 03:00:09	2022-11-08 04:57:20
BE22014511	4	1	감정화자씨가 화나는 마음이 너무 이해가 돼요. 감정화자씨가 분명 어제 정성들여서 드레싱을 만들었을 텐데. 좋은 반응은커녕 상해버렸다는 얘기를 들으니 얼마나 기분이 안 좋았겠어요.	N	2022-08-18 03:00:09	2022-11-08 04:57:21
BE22014511	5	0	그러게말이에요. 이럴 줄 알았으면 이거 만드느라 어제 늦게 자는 게 아니었어요. 결국 드레싱은 못 먹게 돼서 다 버리고 왔어요.	N	2022-08-18 03:00:09	2022-11-08 04:57:21
BE22014511	6	1	감정화자씨가 잠을 줄이면서까지 만들었던 거였군요. 그런 상황에선 누구라도 마음이 안 상했겠어요. 날씨가 더운 것 때문에 감정화자씨의 정성이 빛을 발하지 못한 것 같아 아쉬워요.	N	2022-08-18 03:00:09	2022-11-08 04:57:21
BE22014511	7	0	제 마음을 제일 잘 알아주시는 건 역시 공감화자씨에요. 저는 늘 계획을 해도 뜻대로 되지가 않았어요. 입사 초기에는 동료들을 주려고 쿠키를 만들었다가 출근길에 지하철에 두고 내린 적도 있어요.	N	2022-08-18 03:00:09	2022-11-08 04:57:21
BE22014511	8	1	제가 듣기만 해도 마음이 아픈데 감정화자씨는 얼마나 그 당시에 속상했을까요. 매번 상황이 따라주진 않았지만, 저는 감정화자씨가 누구보다 동료들을 생각한다는 걸 알아요.	N	2022-08-18 03:00:09	2022-11-08 04:57:21
BE22014511	9	0	알아주셔서 고마워요. 그런데 과연 동료들도 알까요? 제가 마음을 전하려고 해도 매번 제대로 하지도 못했는걸요. 저 혼자 좋은 마음으로 이러는 것 같아서 너무 짜증나요.	N	2022-08-18 03:00:09	2022-08-18 03:00:09
BE22014511	10	1	분명 사람들은 꼭 말로 하지 않더라도 마음을 보더라고요. 사람들은 감정화자씨의 진심을 보고 있을 거예요. 사람들에게 잘 해주려는 좋은 마음은 어떻게든 전해질 거니까, 공감화자씨가 힘을 냈으면 좋겠어요.	N	2022-08-18 03:00:09	2022-11-08 04:57:21
BE22014511	11	0	그렇게는 생각을 못 해 봤어요. 그냥 좋은 걸 사람들에게 못 줬다는 제 상황에만 화가 났던 것 같아요. 그럼 공감화자씨가 보기에는 회사 사람들도 제 마음을 보았을 것 같아요?	N	2022-08-18 03:00:09	2022-11-08 04:57:21
BE22014511	12	1	저는 당연히 회사 분들이 감정화자씨의 친절하고 착한 마음을 좋게 보고 있을 거라고 생각해요. 좋은 마음은 어떻게든 전달이 되기 마련이거든요. 그러니까 너무 급급해지 말고 여유를 가지고 지금의 마음대로 천천히 좋은 일들을 해보는 건 어때요?	N	2022-08-18 03:00:09	2022-11-08 04:57:21
BE22014511	13	0	저 공감화자씨랑 대화를 나누다 보니까 기분이 한결 나아졌어요. 사람들이 제 진심을 알아줄 거라는 생각을 안 해 보았어요. 그런데 그런 마음을 가지면 결과와 상관없이 좋은 일을 할 수 있을 것 같아요.	N	2022-08-18 03:00:09	2022-11-08 04:57:21
BE22014511	14	1	감정화자씨의 화가 났던 감정이 조금 누그러졌다니 너무 다행이에요. 분명 동료분들은 감정화자씨의 착하고 좋은 마음을 알아줄 거예요.	N	2022-08-18 03:00:09	2022-11-08 04:57:21
BE22014511	15	0	제 얘기를 들어줘서 너무 고마워요. 힘들 땐 늘 공감화자씨를 찾게 되는 것 같아요. 제가 다음엔 좋은 소식으로 연락을 드릴게요.	N	2022-08-18 03:00:09	2022-08-18 03:00:09
BE22014511	16	1	칭찬해줘서 기분이 좋네요. 조심히 들어가요!	Y	2022-08-18 03:00:09	2022-08-18 03:00:09
