id	utterance_id	utterance_type	utterance_text	terminate	regDate	updDate
BE22013975	1	0	공감화자님, 나는 엄마와 신발 사이즈가 같아서 운동화를 같이 신거든? 그래서 오늘 아침 너무 화가 났어.	N	2022-08-11 09:22:26	2022-11-08 04:53:55
BE22013975	2	1	왜? 사이즈가 같다면 정말 좋은 거 아냐? 서로 다른 디자인을 사서 가끔 바꾸어 신어도 되잖아. 부러운데!	N	2022-08-11 09:22:26	2022-08-11 09:22:26
BE22013975	3	0	네 생각대로라면 얼마나 좋겠니? 그런데 엄마 출근 시간이 빨라서 내가 신으려고 했던 신발을 신고 가버렸단 말이야. 그러니 내가 화가 나지 않겠어?	N	2022-08-11 09:22:26	2022-11-08 04:53:55
BE22013975	4	1	그래? 엄마가 양보할 거란 생각에 나는 네가 훨씬 좋을 거라 생각했거든. 그런데 엄마가 먼저 신고 가버렸으면 참 속상했겠다. 그럼 나 같아도 화가 날 것 같아.	N	2022-08-11 09:22:26	2022-11-08 04:53:55
BE22013975	5	0	내가 아침에 신으려고 한쪽에 챙겨두었던 신발이 아무리 찾아도 보이지 않는 거야. 어제저녁 일부러 챙겨 놓았는데 엄마가 생각도 없이 신고 가버린 거지. 그래서 오늘 아침부터 화가 났단 말이야.	N	2022-08-11 09:22:26	2022-11-08 04:53:55
BE22013975	6	1	그런 일이 있으면 볼이 잔뜩 부을 정도로 화가 날 것 같아. 그럼 엄마한테 네가 신고 갈 거라고 미리 말을 하지 그랬어? 그러면 엄마가 다른 신발을 신고 갔을 거 같은데.	N	2022-08-11 09:22:26	2022-11-08 04:53:55
BE22013975	7	0	내가 말했지! 그런데도 신고 가 버려서 엄마한테 전화해서 막 화를 냈어. 그런데 엄마가 아침 출근을 서두르다 깜빡 잊고 눈에 띄는 운동화를 얼른 신고 나갔다지 뭐야. 엄마는 실수라고 해도 나는 속이 상한단 말이야.	N	2022-08-11 09:22:26	2022-08-11 09:22:26
BE22013975	8	1	미리 말했는데도 엄마가 깜빡했다니 네가 짜증 날 만도 하네. 그런데 엄마가 회사 다니랴 집안일 하랴 얼마나 바빴으면 그랬을까? 네 운동화를 신고 간 걸 알았을 때는 너무 당황하고 미안해했을 것 같아.	N	2022-08-11 09:22:26	2022-11-08 04:53:55
BE22013975	9	0	엄마가 너무 미안해하니까 내가 더 이상 화를 내질 못했어. 생각해 보니 엄마가 오늘 아침밥도 제대로 먹지 못하고 출근했던 것 같아. 가족들 챙기느라 바쁜데 내가 너무 철없이 화를 낸 것 같아 속상해.	N	2022-08-11 09:22:26	2022-11-08 04:53:55
BE22013975	10	1	너도 작정하고 엄마한테 화를 낸 것은 아니잖아? 등교할 때 신으려고 했던 운동화가 보이지 않으니까 속상해서 불쑥 화가 났을 거야. 엄마도 네가 나쁜 뜻으로 화를 낸 것이 아니라는 것은 누구보다 잘 알고 있을 거야.	N	2022-08-11 09:22:26	2022-08-11 09:22:26
BE22013975	11	0	그렇다면 다행이야. 엄마가 일부러 그런 것도 아니고 출근하느라 정신없이 그런 건데 내가 지나치게 짜증을 냈어. 엄마의 사랑을 내가 너무 당연하다고 생각해서 그런 행동을 한 것 같아. 엄마 퇴근 전에 청소기를 싹 돌려놓으면 엄마도 마음이 풀려 철없는 내 행동을 용서해 주실까?	N	2022-08-11 09:22:26	2022-08-11 09:22:26
BE22013975	12	1	그럼. 딸 운동화를 신고 출근해서 속으로 마음이 짠했을 텐데, 네가 청소해 놓으면 감동하실 거야. 그리고 너무 기뻐서 직장 일에서 받은 피곤함도 확 풀릴 거야.	N	2022-08-11 09:22:26	2022-11-08 04:53:55
BE22013975	13	0	그렇겠지? 내가 아침에 화낸 것도 잊고 엄마가 많이 기뻐하시겠지?	N	2022-08-11 09:22:26	2022-11-08 04:53:55
BE22013975	14	1	당연하지. 네가 청소기를 돌리는 것만으로도 엄마의 속상했던 마음은 먼지처럼 싹 사라질 거야. 아마 딸 잘 키웠고 하면서 널 엄청나게 대견해하실걸! 그리고 우리 딸 고맙구나, 하면서 너를 꼭 안아주실 거야.	N	2022-08-11 09:22:26	2022-11-08 04:53:55
BE22013975	15	0	공감화자님, 고맙다. 엄마가 기뻐할 걸 생각하니 내 마음도 즐거워서 두둥실 구름 위에 뜬 것 같아. 엄마가 오시기 전에 신나게 청소기 돌려야겠다.	Y	2022-08-11 09:22:26	2022-11-08 04:53:55
