id	utterance_id	utterance_type	utterance_text	terminate	regDate	updDate
BE22014705	1	0	오늘 은행에 갔다가 은행원이 너무 불친절해서 화가 났어요. 참다가 도저히 안 되겠어 한마디 했더니 되레 저에게 무슨 자격지심이 있냐고 하는 거예요. 생각할수록 기가 막히고 분노가 치미네요.	N	2022-08-19 03:58:04	2022-11-08 04:58:33
BE22014705	2	1	정말 어처구니없는 일을 당하셨네요. 사람들 있는 데서 그런 소리를 들었다면 자존심도 상하고 어쩔 줄 몰랐을 거 같아요. 직접 겪은 일이기라도 한 듯 저도 화가 나네요.	N	2022-08-19 03:58:04	2022-11-08 04:58:33
BE22014705	3	0	주변 사람들이 힐끔거리는데 진짜 자존심이 상했어요. 은행에 고객으로 와서 이런 꼴을 당해야 하나 싶어 울화가 치밀더라고요. 한바탕 난리를 치려다 간신히 참았어요.	N	2022-08-19 03:58:04	2022-08-19 03:58:04
BE22014705	4	1	그런 상황에서도 참으셨다니 정말 대단하세요. 저 같으면 그냥 못 넘어갔을 거 같은데 어떻게 견디셨는지 모르겠어요. 그 인내심에 존경을 표하지 않을 수 없네요.	N	2022-08-19 03:58:04	2022-11-08 04:58:33
BE22014705	5	0	사람들이 모두 쳐다봐서 주변 눈치를 안 볼 수 없었어요. 거기서 화를 내면 내가 더 초라해질 것 같은 생각이 들었어요. 그래서 울며 겨자 먹기로 참았지요.	N	2022-08-19 03:58:04	2022-08-19 03:58:04
BE22014705	6	1	화가 나는 그 순간에도 그런 이성적인 판단을 하셨다니 정말 존경스럽네요. 참고 넘어가신 건 속상하지만 잘하신 것 같아요. 스스로 장하다, 생각하시고 그만 마음을 푸셨으면 좋겠어요.	N	2022-08-19 03:58:04	2022-11-08 04:58:33
BE22014705	7	0	저 자신은 물론 잘 참았다고 생각해요. 거기서 화를 냈으면 두고두고 창피했을 거예요. 그런데 그 은행원은 도저히 용서가 안 돼서 계속 화가 나네요.	N	2022-08-19 03:58:04	2022-11-08 04:58:33
BE22014705	8	1	무안을 당하셨으니 그런 마음이 드는 건 당연해요. 그런데 그 일로 계속 속을 끓이시는 건 본인에게 안 좋을 거 같아요. 잘못한 건 저쪽인데 스트레스를 이쪽에서 받는 건 억울하지요.	N	2022-08-19 03:58:04	2022-11-08 04:58:33
BE22014705	9	0	생각해 보니 그렇네요. 그 일을 떠올리고 스트레스를 받았더니 기분이 계속 안 좋아요. 이게 무슨 일인지 모르겠어요.	N	2022-08-19 03:58:04	2022-08-19 03:58:04
BE22014705	10	1	요즘 사람들은 자신이 억울하면 주변을 생각지 않던데 감정화자님은 그 순간 감정을 잘 다스리셨어요. 덕분에 후회를 남기지 않으면서 민폐도 끼치지 않으셨으니 정말 대단하신 거예요. 그건 아무나 할 수 없는 일이니까 그걸로 자부심을 갖고 마음을 푸셨으면 좋겠어요.	N	2022-08-19 03:58:04	2022-11-08 04:58:33
BE22014705	11	0	하기야 제가 그 자리에서 화를 내고 항의를 거세게 했다면 일에 차질이 생겼을 거예요. 일을 보려는 사람이 많이 밀려 있었거든요. 그것 때문에 제가 참았는데 결과적으로 민폐를 끼치지 않게 되었네요.	N	2022-08-19 03:58:04	2022-08-19 03:58:04
BE22014705	12	1	정말 요즘은 남이야 불편하든 말든 자신의 감정에만 충실한 사람이 너무 많아요. 그런데 감정화자님은 그런 것까지 신경을 쓰셨으니 잘하신 거지요. 아마 이 일은 나중에 생각해도 잘했다는 생각이 드실 거예요.	N	2022-08-19 03:58:04	2022-11-08 04:58:33
BE22014705	13	0	그렇게 말씀하시니 제가 마음이 좀 풀리네요. 그쪽 말씀대로 하면 그 은행원도 그런 부류니 그냥 제가 이해하고 말지요. 그쪽 말대로 계속 곱씹으면 나만 스트레스 쌓여서 손해인 것 같아요.	N	2022-08-19 03:58:04	2022-11-08 04:58:33
BE22014705	14	1	정말 바람직한 생각을 하셨어요. 그런 너그러운 마음으로 이해하시면 세상에 속 썩을 일이 없을 거예요. 마음이 넓어진 만큼 평온을 느끼시리라 믿어요.	N	2022-08-19 03:58:04	2022-11-08 04:58:33
BE22014705	15	0	그쪽이 좋은 말씀을 해주신 덕분에 제 마음이 다 풀렸어요. 별것도 아닌 걸 들어 주시고 열심히 답해주셔서 정말 감사합니다.	Y	2022-08-19 03:58:04	2022-11-08 04:58:33
