id	utterance_id	utterance_type	utterance_text	terminate	regDate	updDate
BE22014090	1	0	어제 있던 소개팅을 주차 문제로 망쳐버린 것 같아서 너무 화가 난다. 분위기는 좋았는데 상황이 나를 안 도와주네.	N	2022-08-13 12:41:22	2022-08-13 12:41:22
BE22014090	2	1	분위기가 좋았다면 서로 잘 맞고 재밌었나 본데 주차하다가 접촉 사고라도 낸 거야? 무슨 일이 있었니?	N	2022-08-13 12:41:22	2022-08-13 12:41:22
BE22014090	3	0	서로 잘 맞는 것 같아서 화기애애하게 2차를 가려고 나왔거든. 그래서 차를 타고 가다가 근처 유명한 빵집에 들르고 싶다길래 아무도 없는 골목에 주차했어. 그런데 5분도 안 되어서 돌아오니까 주차 딱지가 붙어 있는 걸 보고 얼마나 민망하고 화가 났는지 몰라.	N	2022-08-13 12:41:22	2022-11-08 04:54:41
BE22014090	4	1	와, 화가 날 만하네. 첫 만남에 좋은 모습만 보여주고 싶었을 텐데 그런 상황에 놓여서 너무 속상했겠네. 나였어도 민망해서 얼굴이 빨개졌을 거야.	N	2022-08-13 12:41:22	2022-11-08 04:54:41
BE22014090	5	0	잘 나가다가 왜 거기서 주차단속에 걸려서 모든 게 물거품이 되냔 말이야. 첫 만남에 이런 모습을 보이니 민망해서 괜히 안 떼어지는 주차 딱지를 보면서 신경질만 나더라. 그 더운 날씨에 주차 딱지를 떼는데 땀도 뻘뻘 나서 더 화가 나더라고.	N	2022-08-13 12:41:22	2022-11-08 04:54:41
BE22014090	6	1	주차 스티커도 잘 안 떼지는데 게다가 덥기까지 했으니 네가 얼마나 쩔쩔맸을지 상상이 간다. 여자분도 아주 민망하셨겠지만, 자기 때문에 벌어진 일이라 미안해하실 것 같은데. 아직 소개팅이 망했다고 화를 내긴 일러.	N	2022-08-13 12:41:22	2022-11-08 04:54:41
BE22014090	7	0	과연 그럴까? 너는 나를 알지만, 그분은 내가 평소에도 그런다고 오해할 것 같아. 사실 근처 유료 주차장도 있었는데 거리가 멀어서 바로 금지구역에 주차했다가 단속됐거든. 이럴 줄 알았으면 유료 주차장에 대고 갈걸, 괜히 화가 난다.	N	2022-08-13 12:41:22	2022-11-08 04:54:41
BE22014090	8	1	폭염이 가득한 날의 소개팅이라 오히려 여자분은 첫날에 화장이 지워지실까 봐 걱정이 많으셨을 텐데. 너의 그런 세세한 배려가 몸에 배어 있어서 여자분이 소개팅 내내 편안하셨을 것 같은데. 너는 참 세심하고 배려가 넘치는 사람이라서 모든 사람의 호감을 빠르게 사곤 하잖아.	N	2022-08-13 12:41:22	2022-11-08 04:54:41
BE22014090	9	0	내 배려를 느끼셨을까? 더운 날 불법 주차 딱지나 떼고 있는 모습을 보고 정이 떨어졌을 것 같은데. 나라는 애는 참 항상 결정적인 순간에 일을 망친다니까.	N	2022-08-13 12:41:22	2022-08-13 12:41:22
BE22014090	10	1	네가 단속을 당한 게 처음이라 많이 당황해서 안 좋은 생각만 드는 것 같은데. 누구에게나 충분히 일어날 수 있는 일이고 어쩔 수 없는 상황이었잖아. 화 나는 마음이 충분히 이해되지만, 너무 자책하지 말고 긍정적으로 생각했으면 좋겠어.	N	2022-08-13 12:41:22	2022-11-08 04:54:41
BE22014090	11	0	네가 그렇게 말해주니까 위로가 되는 것 같다. 더 이상 자책하지 않을게. 너무 잘되고 싶은 상대여서 내가 너무 예민했나 봐.	N	2022-08-13 12:41:22	2022-08-13 12:41:22
BE22014090	12	1	사람이 아무리 멋지고 완벽해도 안 좋은 상황은 바꿀 수 없지. 하지만 그걸 어떻게 대처하느냐에 따라 좋게 바꿀 수 있다고 생각해. 넌 그 상황에서 할 수 있는 모든 것에 최선을 다했어.	N	2022-08-13 12:41:22	2022-08-13 12:41:22
BE22014090	13	0	역시 넌 내 마음을 항상 좋은 쪽으로 바뀌게 하는 능력이 있다니까. 고마워.	N	2022-08-13 12:41:22	2022-08-13 12:41:22
BE22014090	14	1	고맙긴. 여자분이 네 연락을 기다리고 계실 것 같은데 빨리 연락해 봐. 오히려 첫 만남에 그런 해프닝이 있는 인연이 잘 되더라. 좋은 예감이 들어.	N	2022-08-13 12:41:22	2022-08-13 12:41:22
BE22014090	15	0	생각해 보니 강렬한 첫 만남이라 기억에 남을 것 같기도 하다. 네 말대로 연락해 볼게.	Y	2022-08-13 12:41:22	2022-11-08 04:54:41
