id	utterance_id	utterance_type	utterance_text	terminate	regDate	updDate
BE22011187	1	0	어제 분노로 밤을 지새웠어. 완전 피곤해.	N	2022-07-23 11:59:53	2022-11-08 04:36:18
BE22011187	2	1	무슨 일이 있었길래 그 정도로 화가 났어?	N	2022-07-23 11:59:53	2022-11-08 04:36:18
BE22011187	3	0	나 남자 친구랑 제주도 왔잖아. 어제 잔 숙소에서 방음이 하나도 안 되는 거야. 시끄러워서 죽는 줄 알았네.	N	2022-07-23 11:59:53	2022-11-08 04:36:18
BE22011187	4	1	잠을 못 잤으니 얼마나 힘들었어. 감정 화자님이 화날 만도 하다. 나도 밤에 누가 옆 방에서 떠들면 잠이 안 오더라고.	N	2022-07-23 11:59:53	2022-11-08 04:36:18
BE22011187	5	0	그러니까. 조용히 해달라고 했는데도 계속 시끄럽게 하는 거야. 생각하니까 지금도 화나네.	N	2022-07-23 11:59:53	2022-11-08 04:36:18
BE22011187	6	1	그렇게 늦은 시간까지 떠드는 사람들이 있다니, 감정 화자님은 잠이 중요하잖아. 이렇게 분노하는 게 당연하네. 얼마나 피곤하고 스트레스받았니? 고생했다.	N	2022-07-23 11:59:53	2022-11-08 04:36:18
BE22011187	7	0	완전 피곤해 지금. 숙소 측에서 방도 안 바꿔주고 진짜 어이가 없어서.	N	2022-07-23 11:59:53	2022-11-08 04:36:18
BE22011187	8	1	그 정도로 심하면 방을 바꿔줘야지, 진짜 어이없었겠다. 기분 좋게 여행 가서 고생만 하고 오는 기분이라 감정 화자님이 더 화가 났구나?	N	2022-07-23 11:59:53	2022-11-08 04:36:18
BE22011187	9	0	응 맞아. 그것 때문에 숙소 직원이랑도 다퉜는데 내가 성격이 너무 이상한가?	N	2022-07-23 11:59:53	2022-11-08 04:36:18
BE22011187	10	1	신경이 곤두서있으니까 그럴 수 있지. 누구나 예민할 땐 감정 조절하기 어렵잖아. 감정 화자님 성격이 이상해서 그런 게 아니야, 내가 감정 화자님을 잘 알잖아.	N	2022-07-23 11:59:53	2022-11-08 04:36:18
BE22011187	11	0	역시 잠을 못 자서 그런가 봐, 어디 돌아다니기도 귀찮고 빨리 숙소 가서 쉬려고.	N	2022-07-23 11:59:53	2022-11-08 04:36:18
BE22011187	12	1	지금 상황에선 진짜 누워 있고 싶겠다. 그래도 안 좋은 일은 금방 잊어버리고 즐겁게 여행했으면 좋겠어. 그동안 많이 기대했었잖아.	N	2022-07-23 11:59:53	2022-11-08 04:36:18
BE22011187	13	0	맞아. 내가 얼마나 기다렸는데, 화내면 나만 손해지. 이제 잊어버려야겠어.	N	2022-07-23 11:59:53	2022-11-08 04:36:18
BE22011187	14	1	좋은 생각이야. 단 거 먹으면서 당도 좀 보충하면서 기분 풀어. 안 좋은 감정은 금방 털어버리는 게 또 감정 화자님의 장점이잖아.	N	2022-07-23 11:59:53	2022-11-08 04:36:18
BE22011187	15	0	공감 화자님 말이 맞아. 일깨워줘서 고맙다. 가서 만나자!	Y	2022-07-23 11:59:53	2022-11-08 04:36:18
