id	utterance_id	utterance_type	utterance_text	terminate	regDate	updDate
BE22011846	1	0	역시 시어머니는 친정 엄마랑 다른 것 같아. 며느리도 딸 같이 생각한다고 말은 하시지만 조금이라도 맘에 안 들으시면 가차 없다니까. 그럴 때면 나도 정말 화가나.	N	2022-07-26 07:50:43	2022-11-08 04:40:34
BE22011846	2	1	맞아, 나도 어머니한테 혼날 때면 그런 생각이 들었어. 무슨 일로 꾸중을 들었는지는 모르겠지만 너도 섭섭한 건 당연하지. 얼마나 속상했겠니.	N	2022-07-26 07:50:43	2022-11-08 04:40:34
BE22011846	3	0	어제 퇴근하는 차 안에서 전화를 받았는데, 근처에 볼일이 있으셨다면서 1시간 후에 집에 오신다는 거야. 나에 대한 배려가 전혀 없으신 거지, 식사하고 가신다고 준비하라고 하시는데 너무 짜증이 났어.	N	2022-07-26 07:50:43	2022-11-08 04:40:34
BE22011846	4	1	하루 종일 일하고 오는 며느리한테 바로 밥상을 차리라고 하시다니, 시간이 너무 촉박하잖아, 나 같았어도 짜증났을 거야.	N	2022-07-26 07:50:43	2022-11-08 04:40:34
BE22011846	5	0	그래서 바로 마트에 가서 쇼핑하려다가, 재료 손질한 시간이 없을 것 같아서. 그냥 밀키트를 사서 상을 차렸어, 그랬더니 조금도 안 드시고 그냥 가시더라. 내가 그 짧은 시간에 어떻게 제대로 된 저녁을 준비할 수가 있겠니, 너무 화나고 답답해.	N	2022-07-26 07:50:43	2022-11-08 04:40:34
BE22011846	6	1	성의가 없다고 생각하셨나보다. 그렇지만 바로 퇴근했는데 준비할 시간이 너무 없었잖아. 조금 이해해 주시면 좋을 텐데.	N	2022-07-26 07:50:43	2022-11-08 04:40:34
BE22011846	7	0	남편은 어머니가 그냥 가시니까 밀키트로 차린 것을 드렸다고 나한테 화를 내더라. 모든 상황을 다 알면서 그러니까 시어머니보다 남편한테 더 화가 났었어.	N	2022-07-26 07:50:43	2022-11-08 04:40:34
BE22011846	8	1	같이 출근하고 퇴근했는데 다 알면서 왜 화를 낸 거지, 섭섭했겠다. 널 위로해 주었으면 좋았을 텐데.	N	2022-07-26 07:50:43	2022-11-08 04:40:34
BE22011846	9	0	너무 속상해서 눈물이 나더라고. 그래도 이런 상태로 계속 지낼 수는 없어, 어머니 화는 풀어 드리고 싶은데 어떻게 해야 할지 고민이야.	N	2022-07-26 07:50:43	2022-11-08 04:40:34
BE22011846	10	1	어머니가 좋아하시는 걸로 음식을 좀 준비해서 주말에 시댁에 가보는 건 어때. 어제 일은 죄송했다고 말씀드려, 서로의 입장을 바꿔서 생각해 보는 것도 좋은 방법이야. 가까운 사이라도 말하지 않으면 서로의 마음을 알 수 없잖아.	N	2022-07-26 07:50:43	2022-11-08 04:40:34
BE22011846	11	0	내가 너무 내 입장만 생각하고 어머니 마음을 알아드리지 못했던 것 같아. 시간이 걸리더라도 성의 있게 차려드리는 방법도 있었을 텐데. 정말 최선을 다해서 맛있게 준비해갈래, 시어머니 마음도 풀어드리고 이번 기회에 좋은 며느리가 되어봐야겠어.	N	2022-07-26 07:50:43	2022-11-08 04:40:34
BE22011846	12	1	네가 성의 없는 모습을 보여드려서 화가 나신 거니까, 사과드리고. 준비해 간 거 드리면서, 네 마음도 이해시켜 드려. 진심은 언제나 통하게 되어있어.	N	2022-07-26 07:50:43	2022-11-08 04:40:34
BE22011846	13	0	어머니가 화내신 것만 생각하고 섭섭해서 원망했었어, 원인이 나에게도 있었다고 생각하니 반성하게 된다. 얼른 가서 마음 편하게 해드리고 싶어서, 이번 주말이 설레고 기다려져. 다 네 덕분이야, 오늘 따뜻한 조언 너무 고마워!	N	2022-07-26 07:50:43	2022-11-08 04:40:34
BE22011846	14	1	이번 기회로 너와 시어머니 사이가 전보다 더 가까워졌으면 좋겠다. 사랑받는 아내, 며느리가 되기를 나도 항상 응원할게!	Y	2022-07-26 07:50:43	2022-11-08 04:40:34
