id	utterance_id	utterance_type	utterance_text	terminate	regDate	updDate
BE22012384	1	0	나 정말 화가 나는 일이 있었는데, 오늘 술 한잔 할래?	N	2022-07-29 06:05:41	2022-11-08 04:43:53
BE22012384	2	1	무슨 일이야? 갑자기 술이라니.	N	2022-07-29 06:05:41	2022-11-08 04:43:53
BE22012384	3	0	내 석사 논문이 괜찮다고 학술지에서 발전시켜서 투고해보라는 제안을 해서 열심히 썼는데. 심사에서 탈락해서 논문이 게재가 안 된 거야. 그러니 화가 안 나고 배겨?	N	2022-07-29 06:05:41	2022-11-08 04:43:53
BE22012384	4	1	당연히 될 거라는 기대를 안고 노력을 투자했는데 탈락이면 분노에 휩싸일 것 같아. 학술지 게재하려고 쓴 시간이 아까우면서 노력에 배신당한 기분이겠다.	N	2022-07-29 06:05:41	2022-11-08 04:43:53
BE22012384	5	0	왜 가만히 있던 나를 건드려서 이런 기대를 가지게 했는지 모르겠어. 진짜 짜증 나서 술이라도 진탕 먹고 싶은 심정이야.	N	2022-07-29 06:05:41	2022-11-08 04:43:53
BE22012384	6	1	그냥 석사 논문에서 끝냈으면 괜찮았을 텐데. 나 같아도 탈락할 거라는 생각을 못했을 것 같아서 그 마음 알 것 같아. 듣는 나도 이렇게 화가 나는데 넌 얼마나 화가 나겠니.	N	2022-07-29 06:05:41	2022-11-08 04:43:53
BE22012384	7	0	학술지 투고된 이후의 상황까지 행복한 상상을 다했는데, 일이 이렇게 되어서 다 망쳤어. 기분이 정말 나쁘네.	N	2022-07-29 06:05:41	2022-11-08 04:43:53
BE22012384	8	1	그러게 말이야. 기다리는 시간이 정말 희망 고문 같았겠다. 그래도 네 논문이 괜찮으니까 그런 제안이 온 것 아니겠어. 학술지가 여러 군데 있으니 다른 곳에서는 통과될지도 모르니 다시 한번 도전해보자.	N	2022-07-29 06:05:41	2022-11-08 04:43:53
BE22012384	9	0	그럴 수 있을까? 이미 써 놓은 논문이라 투고는 어렵지 않으니 네 말 대로 도전해 봐야겠어. 방금까지만 해도 분노에 아무것도 못할 것 같은 기분이었는데 덕분에 정신 차리게 되네.	N	2022-07-29 06:05:41	2022-11-08 04:43:53
BE22012384	10	1	가능성이 충분해 보여서 내가 다 안타까워서 그래. 공들여 발전시킨 논문이니 그걸 가지고 열심히 문을 두드리다 보면 결국 열릴 거라고 생각해.	N	2022-07-29 06:05:41	2022-11-08 04:43:53
BE22012384	11	0	나를 위해 주는 너의 말에 화가 사르르 녹는 것 같아. 더 해보겠다는 의지로 불타오르게 되었어!	N	2022-07-29 06:05:41	2022-11-08 04:43:53
BE22012384	12	1	그랬다면 정말 다행이다. 긍정적으로 생각하면 기분도 덩달아 좋아질 거야. 오늘 기분 더 좋아지게 내가 맛있는 안주랑 술 사줄게.	N	2022-07-29 06:05:41	2022-11-08 04:43:53
BE22012384	13	0	앗, 그래 주면 더 기분이 좋아질 것 같아. 사양하지 않고 받아들일게. 	N	2022-07-29 06:05:41	2022-11-08 04:43:53
BE22012384	14	1	나는 네 속상한 마음이 조금이라도 풀어진다면 그걸로 좋아. 이따가 저녁에 만나자고!	Y	2022-07-29 06:05:41	2022-11-08 04:43:53
