id	utterance_id	utterance_type	utterance_text	terminate	regDate	updDate
BE22001381	1	0	요즘 왜 이러지? 분명 아침에 화장을 했는데 출근 중에 금방 다 다 지워지네.	N	2022-06-15 02:34:55	2022-11-08 03:33:20
BE22001381	2	1	날이 점점 더워지더니 여름이 오기는 하나 봐. 나도 아침에 한 화장 뭉쳐서 사무실 도착해서 바로 수정했어.	N	2022-06-15 02:34:55	2022-11-08 03:33:20
BE22001381	3	0	오늘 약속 있는데, 다시 화장 언제 하지?	N	2022-06-15 02:34:55	2022-11-08 03:33:20
BE22001381	4	1	수정 화장할 시간 없어? 지워진 곳 덧바르기 힘들 것 같아.	N	2022-06-15 02:34:55	2022-11-08 03:33:20
BE22001381	5	0	화장실 가서 좀 고치고 나가야지. 안 뭉치길 바라면서.	N	2022-06-15 02:34:55	2022-11-08 03:33:20
BE22001381	6	1	고칠 때 미스트를 팍팍 뿌리고 두드려서 발라봐. 그럼 나아질걸?	N	2022-06-15 02:34:55	2022-11-08 03:33:20
BE22001381	7	0	오오, 좋은 정보 고마워. 이번에 산 파운데이션이 별로인 거 같아. 나는 땀도 잘 안 흘리고, 일부러 매일 팩도 하는데 왜 무너지는지 모르겠어.	N	2022-06-15 02:34:55	2022-11-08 03:33:20
BE22001381	8	1	제품이 문제라면 정말 짜증나고 속상하겠다. 매일 팩까지 하는 정성을 들이고 있는데... 근데 땀이 많이 나지 않아도 공기가 습해서 그럴 수 있지 않을까?	N	2022-06-15 02:34:55	2022-11-08 03:33:20
BE22001381	9	0	그런가? 내가 복합성 피부라 건조한 곳은 무척 건조하고 지성인 곳은 거의 산유국이거든.	N	2022-06-15 02:34:55	2022-11-08 03:33:20
BE22001381	10	1	화장품 고르기에 복합성이 제일 까다로운 것 같아.	N	2022-06-15 02:34:55	2022-11-08 03:33:20
BE22001381	11	0	맞아, 일단 써보고 시간 지나야지 괜찮은지 아니까. 샀다가 안 쓰는 화장품들도 많고...	N	2022-06-15 02:34:55	2022-11-08 03:33:20
BE22001381	12	1	이번에 나온 쿠션 팩트가 복합성한테 잘 맞게 보송하게 잘 마무리된대.	N	2022-06-15 02:34:55	2022-11-08 03:33:20
BE22001381	13	0	그럼 그거 한번 써볼까 봐. 이제 수정 화장해야겠다.	N	2022-06-15 02:34:55	2022-11-08 03:33:20
BE22001381	14	1	응, 쓰고 후기 알려줘.	Y	2022-06-15 02:34:55	2022-11-08 03:33:20
