id	utterance_id	utterance_type	utterance_text	terminate	regDate	updDate
BE22012833	1	0	우리 부모님 정말 너무 하신 거 아니니? 어떻게 오빠만 용돈을 주셔.	N	2022-08-02 04:22:18	2022-11-08 04:46:42
BE22012833	2	1	와, 진짜? 너는 안 주시고 오빠한테만 주셨다고?	N	2022-08-02 04:22:18	2022-11-08 04:46:42
BE22012833	3	0	어, 진짜 너무 화가 나, 나는 자식 아니야? 저번에도 그러시더니 왜 오빠만 용돈 주고 나는 안 주시는 거야? 너무 화가 나서 아무런 의욕도 안 생겨.	N	2022-08-02 04:22:18	2022-11-08 04:46:42
BE22012833	4	1	네 마음 충분히 이해해. 말로만 듣는 나도 이렇게 화가 나는데 너는 오죽하겠어. 정말 화가 많이 나겠다.	N	2022-08-02 04:22:18	2022-11-08 04:46:42
BE22012833	5	0	왜 오빠만 주냐고 툴툴거리면서 얘기했더니 오히려 내 얘기를 안 들으셔. 그 모습에 더 부아가 치밀어올라. 나도 용돈 다 떨어져서 받아야 하는데, 신경질 나!	N	2022-08-02 04:22:18	2022-11-08 04:46:42
BE22012833	6	1	왜 안 그러겠어. 너의 의견을 무시하는 거 같아 오히려 상처받았을 거 같아. 누구나 이런 일을 겪는다면 너처럼 화가 나고 기분이 상할만한 일이야.	N	2022-08-02 04:22:18	2022-11-08 04:46:42
BE22012833	7	0	그 옆에서 약 올리는 오빠를 보면서 더 화가 나더라니까? 툴툴거리면 툴툴거린다고 뭐라 하시고, 용돈 달라고 해도 안 주시고. 뭘 어떻게 해야 할지 모르겠어.	N	2022-08-02 04:22:18	2022-11-08 04:46:42
BE22012833	8	1	나 같아도 화도 나고 마음이 안 좋을 거 같아. 그래도 부정적인 감정을 살짝 내려놓고 부모님께 정중하게 이야기해 보는 건 어떨까? 그럼 부모님도 너의 이야기를 들어주실 거 같은데.	N	2022-08-02 04:22:18	2022-11-08 04:46:42
BE22012833	9	0	너라도 날 이해해 주니 정말 고마워. 화가 났던 마음이 조금은 진정이 되는 거 같아. 너의 말대로 정중하게 얘기를 하면 들어주실까?	N	2022-08-02 04:22:18	2022-11-08 04:46:42
BE22012833	10	1	물론이지! 굳은 의지만 있다면 무슨 일이든 잘 이겨낼 수 있을 거야. 그런 의지로 대화를 시도해 보면 분명 좋은 결과도 있을 거야.	N	2022-08-02 04:22:18	2022-11-08 04:46:43
BE22012833	11	0	조언 고마워! 말할 사람도 없어서 혼자 속으로 삭이니까 너무 힘들었거든. 너한테 이렇게 털어놓으니 문제가 해결된 기분이고 속이 많이 후련해졌어.	N	2022-08-02 04:22:18	2022-11-08 04:46:43
BE22012833	12	1	오히려 네가 금방 기운 차리고 마음이 편해졌다니 내가 더 보람차고 기분이 좋다! 아무쪼록 이 문제도 빨리 해결됐으면 좋겠어.	N	2022-08-02 04:22:18	2022-11-08 04:46:43
BE22012833	13	0	너도 공부하느라 바쁠 텐데 내 얘기 들어주고 좋은 말들 해줘서 정말 고마워. 다음에 내가 맛있는 거 사줄게.	N	2022-08-02 04:22:18	2022-11-08 04:46:43
BE22012833	14	1	고맙기는! 언제든 고민 있으면 나한테 다 이야기하고! 다음에 만날 땐 웃으면서 만날 수 있으면 좋겠다.	N	2022-08-02 04:22:18	2022-11-08 04:46:43
BE22012833	15	0	나도 노력해 볼게, 부모님께 말씀드리고 어떻게 됐는지 문자로 알려줄게.	Y	2022-08-02 04:22:18	2022-11-08 04:46:43
