id	utterance_id	utterance_type	utterance_text	terminate	regDate	updDate
BE22009661	1	0	선생님, 저 지금 너무 치가 떨려서 아무 것도 못 하겠어요.	N	2022-07-18 03:26:10	2022-11-08 04:26:37
BE22009661	2	1	네? 무슨 일이 있으시길래 그러세요?	N	2022-07-18 03:26:10	2022-11-08 04:26:37
BE22009661	3	0	남편이 외도를 하는 것 같아요. 요즘 외박도 잦고 핸드폰도 몰래 하는 것 같고, 뭔가 숨기는 것 같아요. 너무 화가 나고 피가 거꾸로 솟는 기분이에요.	N	2022-07-18 03:26:10	2022-11-08 04:26:37
BE22009661	4	1	세상에, 항상 다정하게 지내시던 두 분인데 그런 의심이 들다니 화가 나실 만하네요. 제가 감정화자님이었으면 화가 머리끝까지 나서 다 뒤집었을 거예요. 저도 듣기만 해도 열이 받네요.	N	2022-07-18 03:26:10	2022-11-08 04:26:37
BE22009661	5	0	누가 아니래요. 저한테 항상 다정하게 웃어주고, 제 말도 잘 들어주는 남편이 그랬다고 생각하니까 너무 배신감이 들어요. 어떻게 나한테 이럴 수 있나 울화가 치밀어서 속이 뒤틀리는 것 같아요.	N	2022-07-18 03:26:10	2022-11-08 04:26:37
BE22009661	6	1	평소에 잘 해주던 남편이 외도하는 건 아닐까 의심한 것만으로도 감정적으로 너무 힘들고 부아가 치밀죠. 그런 마음이 드는 건 당연해요. 아무 것도 손에 안 잡히고 얼마나 힘이 드실까요?	N	2022-07-18 03:26:10	2022-11-08 04:26:37
BE22009661	7	0	의심만 하고 있지 아직 확증도 없고 제대로 말을 꺼내 보진 못했는데 어찌해야 하나 고민이에요. 너무 화가 나서 손이 떨려요.	N	2022-07-18 03:26:10	2022-11-08 04:26:37
BE22009661	8	1	정말 화가 나고 속이 터지실 것 같아요. 아직 확실한 건 아니니 벌써부터 너무 걱정하지 않는 게 어떨까요? 계속 화나고 스트레스받으시면 너무 힘드시잖아요.	N	2022-07-18 03:26:10	2022-11-08 04:26:37
BE22009661	9	0	그럴까요? 그런데 너무 분노가 차올라서 아무 것도 할 수가 없어요.	N	2022-07-18 03:26:10	2022-11-08 04:26:37
BE22009661	10	1	얼마나 분통이 터지고 화가 나실까요? 의심만으로도 화가 나고 열이 받아서 도저히 일을 할 수가 없으실 거예요. 그래도 우선 남편분께 말씀드릴 때까지는 시간이 있으니까 마음 차분히 가라앉히시고 어찌해야 할지 생각해보세요.	N	2022-07-18 03:26:10	2022-11-08 04:26:37
BE22009661	11	0	그러게요. 어떻게 말을 꺼낼지 생각도 해야 하니까 마음을 좀 가라앉히긴 해야 할 것 같아요.	N	2022-07-18 03:26:10	2022-11-08 04:26:37
BE22009661	12	1	당연히 이런 상황에서는 울화통이 터지고 속상해서 눈물이 나죠. 너무 화가 나고 실망감이 크시겠지만 우선은 진정하시는 게 좋을 것 같아요. 너무 스트레스받으면 판단력이 흐려질 수 있으니까요.	N	2022-07-18 03:26:10	2022-11-08 04:26:37
BE22009661	13	0	네, 알겠어요. 확실하게 확인할 때까지는 너무 열 받지 말아야겠어요. 확실한 것도 아니니까요. 화가 좀 가라앉았어요. 고마워요.	N	2022-07-18 03:26:10	2022-11-08 04:26:37
BE22009661	14	1	네, 나중에 이야기 잘 나눠보시고 잘 해결되길 바랄게요.	N	2022-07-18 03:26:10	2022-11-08 04:26:37
BE22009661	15	0	네, 얘기 들어줘서 고마워요. 마음이 좀 진정이 되네요.	Y	2022-07-18 03:26:10	2022-11-08 04:26:37
