id	utterance_id	utterance_type	utterance_text	terminate	regDate	updDate
BE22011145	1	0	나 오늘 길 걷다가 진짜 짜증 나서 죽는 줄 알았어.	N	2022-07-23 08:58:06	2022-11-08 04:36:02
BE22011145	2	1	왜? 감정 화자님 기분 되게 안 좋은 것처럼 느껴져. 무슨 일이 있었던 거야?	N	2022-07-23 08:58:06	2022-11-08 04:36:02
BE22011145	3	0	나 며칠 전에 산 샌들 끈이 끊어져서 가다가 넘어질 뻔했거든. 어떻게 신발을 그렇게 허술하게 만들 수가 있어? 너무 화나서 신발 집어 던질 뻔했어.	N	2022-07-23 08:58:06	2022-11-08 04:36:02
BE22011145	4	1	그런 일이 있었어? 그 샌들, 심지어 비싼 거로 기억하는데 정말 당황스럽고 화가 많이 났을 것 같아. 만약 다치기라도 했으면 정말 억울해서 잠도 안 왔을 거야.	N	2022-07-23 08:58:06	2022-11-08 04:36:02
BE22011145	5	0	맞아, 그래서 더 화가 났어. 비싼 돈 주고 샀는데 결국 맨발로 슬리퍼 사러 이리저리 돌아다녔다니까. 진짜 아직도 생각만 하면 화가나.	N	2022-07-23 08:58:06	2022-11-08 04:36:02
BE22011145	6	1	날씨도 더워서 바닥도 뜨거웠을 텐데 발은 괜찮아? 감정 화자님이 얼마나 화나고 짜증스러웠을지 느껴져서 내가 다 속상한 기분이야.	N	2022-07-23 08:58:06	2022-11-08 04:36:02
BE22011145	7	0	다행히 발은 괜찮았어. 그런데 사람들도 많은 길거리에서 맨발로 다니느라 너무 부끄럽기도 하고 화나서 욕이 나오더라.	N	2022-07-23 08:58:06	2022-11-08 04:36:02
BE22011145	8	1	감정 화자님 맘이 어땠을지 알 것 같아서 내 얼굴도 화끈해지는 것 같아. 그래도 발을 다치지 않아서 정말 천만다행이라고 생각해보자. 다행히 슬리퍼도 너무 늦지 않게 잘 구했구나.	N	2022-07-23 08:58:06	2022-11-08 04:36:02
BE22011145	9	0	어떤 분이 지나가다가 슬리퍼 사는 거 도와주셨거든.	N	2022-07-23 08:58:06	2022-11-08 04:36:02
BE22011145	10	1	와, 정말 고마운 분을 만났구나. 그때 감정 화자님한테는 그분이 마치 하늘에서 내려온 천사처럼 느껴졌겠다. 그때는 감정 화자님 기분이 정말 좋았겠는걸?	N	2022-07-23 08:58:06	2022-11-08 04:36:02
BE22011145	11	0	맞아, 그분 덕을 본 거지. 안 그랬음 더 고생했을 거야.	N	2022-07-23 08:58:06	2022-11-08 04:36:02
BE22011145	12	1	살면서 그런 따뜻한 도움을 받아본 경험이 있으면 다음에 감정 화자님도 베풀 줄 아는 사람이 돼. 비록 사건이 있었지만, 그보다 더 큰 따스함과 온기를 느낀 특별한 날이라고 오늘을 기억해보면 어때? 그럼 감정 화자님의 화나는 마음이 사그라질 거야.	N	2022-07-23 08:58:06	2022-11-08 04:36:02
BE22011145	13	0	정말 좋은 생각이야. 공감 화자님 말을 들으니까 오늘 화났던 일이 다 사라지고 고마운 기억만 남는 것 같아.	N	2022-07-23 08:58:06	2022-11-08 04:36:02
BE22011145	14	1	그렇게 느낀다니 정말 다행이야. 긍정적인 기억만 남기기에도 인생은 너무 짧잖아. 그럼 좋은 하루 보내!	Y	2022-07-23 08:58:06	2022-11-08 04:36:02
