id	utterance_id	utterance_type	utterance_text	terminate	regDate	updDate
BE22014987	1	0	제 남자 친구는 너무 센스가 없는 것 같아요. 생각하니까 또 분노가 치솟네요.	N	2022-08-20 05:55:19	2022-11-08 05:00:18
BE22014987	2	1	왜요? 최근에 기념일이라 좋은 곳 놀러 가신다고 하지 않으셨어요?	N	2022-08-20 05:55:19	2022-08-20 05:55:19
BE22014987	3	0	저도 그럴 수 있을 줄 알았죠. 주말에 겨울 바다를 보러 갔는데, 너무 추워서 차 안에만 있었어요. 제가 추우니까 바다는 가지 말자고 했는데 그렇게 고집을 피우더니 너무 화가 나서 싸우고 돌아왔어요.	N	2022-08-20 05:55:19	2022-11-08 05:00:18
BE22014987	4	1	주말에는 집에만 있는 저조차 너무 추워서 오들오들 떨렸는데, 정말 춥고 힘드셨겠어요. 차 안에서 히터를 틀어놓는다고 해도 한계가 있잖아요. 말씀만 들어도 얼마나 추위에 떠셨을지 상상이 가서 너무 안타까워요.	N	2022-08-20 05:55:19	2022-11-08 05:00:18
BE22014987	5	0	제가 추위를 많이 타는 걸 누구보다 잘 알면서 그런다니까요. 저렇게 센스도 없고 제 맘도 몰라주는 남자랑 만나니까 너무 힘들어요. 화가 나서 대판 싸웠는데 마음도 안 좋고 짜증 나네요.	N	2022-08-20 05:55:19	2022-11-08 05:00:18
BE22014987	6	1	맞아요. 연인과 싸우고 나면 싸운 문제 자체보다도 왜 조금 더 섬세하지 못할까 하는 생각에 화나죠. 나를 섬세하게 배려했으면 이러지 않았을 텐데, 하는 생각이 드니까 너무 서운하고 열받잖아요. 좋은 날 여행 가실 생각에 줄곧 들떠 계셨는데 제가 다 아쉽고 안타깝네요.	N	2022-08-20 05:55:19	2022-11-08 05:00:18
BE22014987	7	0	남자 친구는 자기 잘못이 없다는 태도니까 더 화가 나요. 싫다는 곳 억지로 데려갔으면 책임을 져야지, 결국 차 안에만 있다가 돌아온 게 너무 어이없지 않아요? 생각하니까 또 화나는 것 같아요.	N	2022-08-20 05:55:19	2022-11-08 05:00:18
BE22014987	8	1	물론 감정화자씨 속상하신 마음은 저도 누구보다 잘 이해하죠. 그래도 남자 친구도 감정화자씨께 예쁜 바다를 보여주려는 마음이셨을 텐데 속상한 건 마찬가지 아닐까요? 서로 똑같은 문제로 마음을 상한 거면 대화를 통해 풀어볼 수도 있다고 생각해요.	N	2022-08-20 05:55:19	2022-11-08 05:00:18
BE22014987	9	0	저도 이야길 해 봐야겠다는 생각은 드는데 아직은 마음이 안 풀리네요. 좋은 곳도 많은데 뭐 하러 바다까지 가서 이 고생을 하고 돌아왔는지 참.	N	2022-08-20 05:55:19	2022-11-08 05:00:18
BE22014987	10	1	연애를 하다 보면 내 생각과 상대방 생각이 너무 달라서 속상할 때가 있잖아요. 그래도 사랑하는 마음, 서로를 위하려는 마음의 본질은 같으니 그걸 생각하면 좀 가라앉기도 하더라고요. 감정 잘 추스르시고 남자 친구와 깊은 대화를 해 보시면 잘 풀릴 것 같으니 속상해 마세요.	N	2022-08-20 05:55:19	2022-11-08 05:00:18
BE22014987	11	0	생각해 보니 공감화자씨 말씀이 맞는 것 같아요. 서로 좋아하니까 즐거운 추억을 쌓고 싶었던 마음은 똑같으니까요. 공감화자씨와 대화하고 나니까 분노가 가라앉고 넓은 시야로 이해해볼 수 있게 된 것 같아요.	N	2022-08-20 05:55:19	2022-11-08 05:00:18
BE22014987	12	1	다행이에요. 연인이 있으면 너무 좋지만 사랑 싸움은 에너지 소모가 무척 크잖아요. 부디 원만하게 화해하셨으면 좋겠어요. 감정화자씨의 마음이 더 상하지 않게요.	N	2022-08-20 05:55:19	2022-11-08 05:00:18
BE22014987	13	0	걱정해 주셔서 정말 감사해요. 덕분에 저도 마음이 많이 풀렸어요. 오늘 남자 친구와 대화해볼게요.	N	2022-08-20 05:55:19	2022-11-08 05:00:18
BE22014987	14	1	그렇게 말씀해 주시니 제가 더 뿌듯하네요. 날씨가 조금 더 풀리면 두 분이 다시 바다 보러 가시는 것도 좋을 것 같은데요?	N	2022-08-20 05:55:19	2022-11-08 05:00:18
BE22014987	15	0	그렇네요. 좋은 기억으로 이번 기억을 덮는 방법도 괜찮은 것 같아요. 제 이야기 성심껏 들어 주셔서 정말 감사해요.	Y	2022-08-20 05:55:19	2022-08-20 05:55:19
