id	utterance_id	utterance_type	utterance_text	terminate	regDate	updDate
BE22012260	1	0	나 어제도 한 끼밖에 안 먹었어. 내일은 아예 식사량도 줄일까 생각 중이야. 너무 화가 나고 열받아.	N	2022-07-28 11:14:05	2022-11-08 04:43:07
BE22012260	2	1	요즘 다이어트 한다더니 너무 무리하는 거 아니야? 해쓱해 보여.	N	2022-07-28 11:14:05	2022-11-08 04:43:07
BE22012260	3	0	그런데 화나는 건 아무리 노력해도 살이 안 빠진다는 거야. 친구 결혼식이 얼마 안 남았는데 옷이 안 맞으면 어떡하지. 괜히 옷을 먼저 사는 바람에 내내 불안하고 화가 나.	N	2022-07-28 11:14:05	2022-11-08 04:43:07
BE22012260	4	1	초등학교 동창 예식이 벌써 다음 주구나. 나였어도 그렇게 당장 약속이 있으면 너무 조급해질 것 같아. 특히 여름철에는 컨디션 조절이 안 되니까 다이어트도 어렵더라고.	N	2022-07-28 11:14:05	2022-11-08 04:43:07
BE22012260	5	0	나만 그런 거 아니야? 난 진짜 남들 말하는 대로 안 먹고 부지런히 움직이는데 도무지 살은 빠질 생각을 안 해. 답답해 죽겠어. 열받아서 미치겠어.	N	2022-07-28 11:14:05	2022-11-08 04:43:07
BE22012260	6	1	그 말을 들으니까 답답한 심정이 더 와닿는 것 같아. 혼자 말도 못하고 운동하느라 많이 답답하고 힘들었을 것 같아.	N	2022-07-28 11:14:05	2022-11-08 04:43:07
BE22012260	7	0	친구들이 논다고 해도 배가 아프거나 집에 일이 있다고 핑계 댔어. 나도 애들이랑 놀고 맛있는 거 먹고 싶지. 그런데 똑같이 먹어도 나만 살찌는 걸 어떡해.	N	2022-07-28 11:14:05	2022-11-08 04:43:07
BE22012260	8	1	다른 사람들은 아무렇지 않은데 나만 조급한 것 같은 기분. 나도 그게 얼마나 불안하고 답답한지 잘 알아. 혼자 끙끙 앓는 일도 너무나도 괴롭잖아.	N	2022-07-28 11:14:05	2022-11-08 04:43:07
BE22012260	9	0	정말 길을 지나다니다 보면 나만 뚱뚱한 것 같아. 친구 결혼식에서도 나만 못생긴 거 아니야? 이런 생각만 하면 화가 나고 답답해.	N	2022-07-28 11:14:05	2022-11-08 04:43:07
BE22012260	10	1	너는 너로서도 이미 훌륭한 가치를 지닌 사람이야. 예전에도 지금도 항상 훌륭한 사람이라는 걸 기억하면 좋겠어. 괴로운 마음은 이해하지만 너의 가치는 어떤 순간에도 변함이 없잖아.	N	2022-07-28 11:14:05	2022-11-08 04:43:07
BE22012260	11	0	네 말을 들으니까 너무 감동적이다. 계속 안달 나 있고 답답했는데 이제 조금 마음이 편안해져. 나는 노력을 해왔고 그걸 무시하고 있었던 것 같아.	N	2022-07-28 11:14:05	2022-11-08 04:43:07
BE22012260	12	1	네가 얼마나 열심히 했는지 알고 있어. 내가 늘 곁에서 응원할게. 네 마음이 편안해질 때까지 말이야.	N	2022-07-28 11:14:05	2022-11-08 04:43:07
BE22012260	13	0	그렇게 말해줘서 고마워. 중요한 건 내 마음인데 간과하고 있었어.	N	2022-07-28 11:14:05	2022-11-08 04:43:07
BE22012260	14	1	나도 너에게 늘 위로받고 있어. 우리 지금처럼 자기 자신을 아끼고 사랑하자!	Y	2022-07-28 11:14:05	2022-11-08 04:43:07
