id	utterance_id	utterance_type	utterance_text	terminate	regDate	updDate
BE22012228	1	0	뭐야, 난 왜 이렇게 힘든 거니? 속상해서 정말 화가 난다.	N	2022-07-28 07:25:01	2022-11-08 04:42:55
BE22012228	2	1	지난번에 만날 때까지만 해도 잘 지낸다고 하더니, 안 보는 사이에 무슨 일 있어?	N	2022-07-28 07:25:01	2022-11-08 04:42:55
BE22012228	3	0	열흘 전에 독감 주사를 맞았거든. 그런데 아주 일주일 동안 호되게 몸살을 앓았어. 정말 속상해.	N	2022-07-28 07:25:01	2022-11-08 04:42:55
BE22012228	4	1	생각보다 많이 힘들었구나. 원래 예방주사라는 게 조금 아프고 지나가던데. 그렇게 많이 아팠다면 너무 속상하지.	N	2022-07-28 07:25:01	2022-11-08 04:42:55
BE22012228	5	0	차라리 주사를 안 맞는 게 나을 뻔했어. 독감이 걸려도 이 정도는 안 아팠을 것 같아.	N	2022-07-28 07:25:01	2022-11-08 04:42:55
BE22012228	6	1	이번 유행하는 독감이 엄청 아프다더니, 맞긴 하나보다. 독감 주사를 맞아도 그렇게 아픈 걸 보면.	N	2022-07-28 07:25:01	2022-11-08 04:42:55
BE22012228	7	0	나도 그렇다고 해서 맞았지. 독감 주사 맞는 비용도 비싼데, 아픈 걸 돈 주고 산 꼴이지 뭐야. 속상하다 못해 억울한 마음까지 들더라.	N	2022-07-28 07:25:01	2022-11-08 04:42:55
BE22012228	8	1	생각지도 못하게 많이 아팠으니 그런 생각이 드는 것도 당연하지. 그런데 이번 독감이 치사율이 높다고 하잖아. 안 맞기에는 걱정스럽지 않겠어?	N	2022-07-28 07:25:01	2022-11-08 04:42:55
BE22012228	9	0	그 생각을 하면 독감 주사 맞길 잘한 것 같아. 다른 사람은 몰라도 내 경우엔 꼭 맞긴 해야 했으니까. 몇 년 전에 독감에 걸려 하마터면 폐렴으로 갈 뻔했거든.	N	2022-07-28 07:25:01	2022-11-08 04:42:55
BE22012228	10	1	너무 힘들었겠다. 그렇게 심하게 아팠던 경험이 있다면 이번에 독감 주사 맞길 잘했네. 독감이 오래가면 한 달도 가잖아. 힘들긴 했어도 이젠 걱정은 좀 덜 할 것 아냐?	N	2022-07-28 07:25:01	2022-11-08 04:42:55
BE22012228	11	0	맞아. 독감 주사를 미리 맞았으니 이번 겨울은 괜찮을 거야. 호되게 앓긴 했어도 그 생각을 하니까 오히려 안심이 된다.	N	2022-07-28 07:25:01	2022-11-08 04:42:55
BE22012228	12	1	그렇지. 이젠 독감은 예방한 거나 마찬가지이니 마음을 편하게 가지렴. 일주일 아팠으면 아직도 몸이 완전한 컨디션은 아닐 텐데. 생각을 밝게 가지면 화가 나고 억울했던 마음도 씻은 듯 사라질 거야.	N	2022-07-28 07:25:01	2022-11-08 04:42:55
BE22012228	13	0	그렇네! 일주일 단단히 아팠던 것으로 독감에 튼튼한 방패막이를 만들었다고 생각하니 위안이 된다. 마음을 편하게 가지니까 우중충했던 내 마음에 밝은 햇살이 비춰든 것 같아.	N	2022-07-28 07:25:01	2022-11-08 04:42:55
BE22012228	14	1	네 마음이 밝아진 것 같아 내 속이 다 후련해진다! 빨리 회복되어서 얼굴 보고 이야기하자. 하루빨리 건강한 모습 보고 싶네.	N	2022-07-28 07:25:01	2022-11-08 04:42:55
BE22012228	15	0	그러자. 며칠 내로 훌훌 털고 나갈 테니 그때 만나자.	Y	2022-07-28 07:25:01	2022-11-08 04:42:55
