id	utterance_id	utterance_type	utterance_text	terminate	regDate	updDate
BE22012317	1	0	나 사실 지난주에 소개팅했었어요. 진짜 어이가 없어서 아직도 분이 안 풀린다니까요.	N	2022-07-29 02:20:26	2022-11-08 04:43:28
BE22012317	2	1	어머 소개팅이면 기분 좋은 일인 것 같은데 어쩌다가 화가 나셨어요?	N	2022-07-29 02:20:26	2022-11-08 04:43:28
BE22012317	3	0	그게 처음엔 호감을 가지고 대화하기 시작했죠. 그런데 뜬금없이 혈액형을 묻는 거예요. 듣자마자 너무 기분이 별로였죠.	N	2022-07-29 02:20:26	2022-11-08 04:43:28
BE22012317	4	1	아, 그런 종류의 질문을 들어서 당황하셨겠어요. 소개팅에서 혈액형 물으면 당황스럽던데요.	N	2022-07-29 02:20:26	2022-11-08 04:43:28
BE22012317	5	0	당황하다가 제가 A형이라고 대답하니 한숨을 쉬는 거예요. 본인은 A형이랑 정말 맞지 않고 좋아하지 않는 혈액형이라고. 슬슬 분노가 밀려오는데 그 자리에 앉아 있기가 너무 힘들더라고요.	N	2022-07-29 02:20:26	2022-11-08 04:43:28
BE22012317	6	1	얼마나 화가 나고 당황하셨을지 짐작되고도 남네요. 듣는 자체로도 화가 나는데 당사자는 얼마나 놀라고 화가 났을까요?	N	2022-07-29 02:20:26	2022-11-08 04:43:28
BE22012317	7	0	자리를 박차고 일어서고 싶은 마음을 꾹 누르고 가만히 있었죠. 그랬더니 또 원래 그렇게 말이 없는 편이냐고 묻더라고요. 소심한 A형들이 원래 낯가리고 말이 없다나.	N	2022-07-29 02:20:26	2022-11-08 04:43:28
BE22012317	8	1	세상에, 너무 적절하지 못한 발언이라 화가 무척 나셨을 거 같아요. 예의를 차리려는 마음에 꾹 참으시느라 화가 더 쌓였겠네요.	N	2022-07-29 02:20:26	2022-11-08 04:43:28
BE22012317	9	0	그때부터 포기했던 것 같아요. 이 사람과는 인연이 아니니 감정 소모하지 말고 조용히 있다가 나가자고 생각했죠. 주선자와의 관계도 무시할 수는 없으니까요.	N	2022-07-29 02:20:26	2022-11-08 04:43:28
BE22012317	10	1	그렇군요. 그 상황에서도 예의를 지키시려는 마음이 대단하게 느껴지네요. 남을 배려하는 마음이 크신 것 같아요.	N	2022-07-29 02:20:26	2022-11-08 04:43:28
BE22012317	11	0	도대체 왜 혈액형으로 사람을 판단하려고 하는지 이해가 안 돼요. 무슨 공식도 아니고. 그렇게 편견을 가진 사람이랑은 애초에 대화가 하고 싶지 않아요.	N	2022-07-29 02:20:26	2022-11-08 04:43:28
BE22012317	12	1	상대방의 마음도 배려 않는 사람에게 심지어 부정적으로 평가당하니 얼마나 화가 나셨을지 짐작이 갑니다.	N	2022-07-29 02:20:26	2022-11-08 04:43:28
BE22012317	13	0	세상에 별의별 사람이 다 있다는 것은 익히 알고 있었어요. 그래도 이렇게 나이 서른 넘어 혈액형 가지고 비난받을 줄이야. 저보고 싹싹하지 못한 걸 보니 A형이 확실하다며 웃더라고요.	N	2022-07-29 02:20:26	2022-11-08 04:43:28
BE22012317	14	1	어머 그런 말을 듣다니 너무 화나서 괴로우셨을 거 같아요. 그래도 끝까지 화내지 않고 매너를 지키신 거 정말 대단해요.	N	2022-07-29 02:20:26	2022-11-08 04:43:28
BE22012317	15	0	제가 문제가 있는 건 아니겠죠? 너무 심하게 화가 나서 내가 이상한 건가 싶더라고요.	N	2022-07-29 02:20:26	2022-11-08 04:43:28
BE22012317	16	1	절대 아니에요. 다시 말씀드리지만, 저 같았으면 그렇게 다 들어주지도 못하고 그냥 나와버렸을 거예요. 정말 고생하셨어요.	N	2022-07-29 02:20:26	2022-11-08 04:43:28
BE22012317	17	0	그렇죠? 전 정말 우울했는데 그렇게 말씀해주시니 맘이 조금 풀리네요. 고마워요.	Y	2022-07-29 02:20:26	2022-11-08 04:43:28
