id	utterance_id	utterance_type	utterance_text	terminate	regDate	updDate
BE22012223	1	0	식당에서 찌개를 주문했는데 비닐이 나왔어요.	N	2022-07-28 06:57:09	2022-11-08 04:42:53
BE22012223	2	1	찌개에서요? 식사하러 가서 비위가 많이 상했겠네요.	N	2022-07-28 06:57:09	2022-11-08 04:42:53
BE22012223	3	0	네. 찌개에서요. 배가 무척 고팠었는데 입맛이 뚝 떨어졌어요. 구역질이 날 지경이에요.	N	2022-07-28 06:57:09	2022-11-08 04:42:53
BE22012223	4	1	저도 식당 음식에서 머리카락이 나온 적이 있어서 그 마음 충분히 이해해요. 그냥 입맛이 줄어드는 게 아니라 아예 사라지잖아요.	N	2022-07-28 06:57:09	2022-11-08 04:42:53
BE22012223	5	0	그러니까요. 근데 식당 사장님은 자기들이 넣은 게 아니라고 우겨서 어이가 없네요.	N	2022-07-28 06:57:09	2022-11-08 04:42:53
BE22012223	6	1	그렇겠어요. 손님이 일부러 넣었을 리는 없는 건데 말이죠. 기분이 상한 상태에서 그런 말을 들어서 울화가 치밀어 올랐을 것 같아요.	N	2022-07-28 06:57:09	2022-11-08 04:42:53
BE22012223	7	0	맞아요. 제가 일부러 넣었을 리는 없잖아요. 결국 환불도 못 받고 나왔네요. 하루를 다 망쳐버린 것 같아 기분이 안 좋아요.	N	2022-07-28 06:57:09	2022-11-08 04:42:53
BE22012223	8	1	그렇겠네요. 식사도 제대로 못 했지, 식당에서는 모르쇠를 잡지, 돈도 날렸지... 안 좋은 일이 반복해서 일어나니까 우울하기도 하고 신경질 나기도 할 것 같아요.	N	2022-07-28 06:57:09	2022-11-08 04:42:53
BE22012223	9	0	네. 왜 하필 메인 요리인 찌개에서 그런 비위생적인 게 나왔을까요? 메인 요리가 그러니까 다른 반찬 전부가 그럴 것 같아서 더 토할 것 같았어요.	N	2022-07-28 06:57:09	2022-11-08 04:42:53
BE22012223	10	1	그러게요. 식사 한 끼에 종일 기분이 좋기도 하고, 기분이 나쁘기도 하잖아요. 그런데 가장 중요한 음식이 그렇게 나오니까 기분이 참 찝찝할 것 같아요. 앞으로의 하루도 그 음식 같을 것 같아서 기분이 많이 상했을 것 같아요.	N	2022-07-28 06:57:09	2022-11-08 04:42:53
BE22012223	11	0	그러니까요. 지금까지 기분이 안 풀린 것 보면 오늘은 종일 기분이 안 좋을 것 같네요. 아직도 이 일만 생각하면 화가 나요.	N	2022-07-28 06:57:09	2022-11-08 04:42:53
BE22012223	12	1	그 마음 충분히 이해하지만, 남은 하루를 위해 이 일을 흘려보내는 게 어때요? 한 사람의 문제로 종일 우울하고 화난 상태로 있기에는 너무 아쉽고 아까운 것 같아요. 이 일에 화를 내기에는 너무 아까운 하루라고 생각하고 마음을 좀 가라앉혀봐요.	N	2022-07-28 06:57:09	2022-11-08 04:42:53
BE22012223	13	0	맞아요. 화만 내고 하루를 보내기에는 너무 아깝기는 하네요. 그냥 똥 밟았다고 생각하고 기운을 내봐야겠어요.	N	2022-07-28 06:57:09	2022-11-08 04:42:53
BE22012223	14	1	잘 생각하셨어요. 그렇게 생각을 해주시니 제가 말씀드린 보람이 있는 것 같아요. 평소에 긍정적인 기운을 가지신 분이니 분명 금방 긍정을 되찾으실 수 있을 거예요.	N	2022-07-28 06:57:09	2022-11-08 04:42:53
BE22012223	15	0	그렇게 말씀해주셔서 감사해요. 제 하소연도 들어주시고 조언도 해주셔서 기분이 많이 나아졌어요. 이제는 이 일은 잊고 남은 하루를 즐겨봐야겠어요.	N	2022-07-28 06:57:09	2022-11-08 04:42:53
BE22012223	16	1	그래요. 저와의 대화로 기분이 나아지셨다니 정말 다행이에요. 앞으로 남은 하루 웃으면서 보내시길 바랍니다!	Y	2022-07-28 06:57:09	2022-11-08 04:42:53
