id	utterance_id	utterance_type	utterance_text	terminate	regDate	updDate
BE22015264	1	0	오늘 딸이 말도 없이 학원을 안 가고 친구들이랑 노래방에 갔어.	N	2022-08-23 03:10:50	2022-08-23 03:10:50
BE22015264	2	1	어머 정말? 말도 없이 간 거라면 네 입장에선 많이 화가 나겠는데?	N	2022-08-23 03:10:50	2022-11-08 05:02:00
BE22015264	3	0	진짜 왜 이렇게 말을 안 듣는지 모르겠어. 저번에도 이런 적 있어서 크게 혼냈거든 그런데도 또 이러네. 정말 화가 나서 어쩔 줄 모르겠어.	N	2022-08-23 03:10:50	2022-08-23 03:10:50
BE22015264	4	1	아, 이번이 처음 그런 게 아니야? 그럼 네 말을 무시한 것 같아서 더 화나겠구나. 차라리 이번 경우가 처음이라면 네가 이만큼까지 화가 나지는 않았을 텐데 말이야.	N	2022-08-23 03:10:50	2022-11-08 05:02:00
BE22015264	5	0	응, 그래서 더 화가 나. 이해가 안 가는 게 학원 끝나고 노래방 가면 되는 거 아니야? 비싼 돈 내고 다니는 학원을 저렇게 안 가면 내가 어떻게 화를 안 내겠어.	N	2022-08-23 03:10:50	2022-08-23 03:10:50
BE22015264	6	1	그럼 당연하지, 자식이 잘되었으면 하는 마음으로 네가 애써 고생해가며 보낸 학원이잖아. 그리고 이번 일을 계기로 네 딸한테 신뢰가 깨졌을 텐데 어떻게 속상하지 않을 수 않겠어. 네 마음이 얼마나 허탈하고 공허할지 나도 정말 충분히 공감이 가.	N	2022-08-23 03:10:50	2022-11-08 05:02:01
BE22015264	7	0	맞아, 화도 화지만 그동안 딸을 순전히 믿은 내가 바보다 싶을 정도로 허탈하고 화가 나. 자기가 쓰는 돈이 거저 나오는 줄 아는가 봐. 진짜 마음 같아선 딴생각 못 하게 용돈을 확 끊어버리고 싶어.	N	2022-08-23 03:10:50	2022-08-23 03:10:50
BE22015264	8	1	네가 진짜 마음이 많이 상했나 보구나. 정말 순하고 착한 네가 이렇게까지 극단적으로 얘기하는 걸 보니까. 근데 혹시 딸과 이번 일을 대상으로 대화를 나눠 봤니?	N	2022-08-23 03:10:50	2022-11-08 05:02:01
BE22015264	9	0	무슨 대화? 뻔히 본인이 잘못한 건데 대화를 나눌 필요가 있을까? 이따 들어오면 따끔하게 혼을 낼 생각이야. 대화도 걔한테 뭐 억울한 부분이 보여야 하든가 말든가 하지.	N	2022-08-23 03:10:50	2022-08-23 03:10:50
BE22015264	10	1	지금 네가 많이 화가 나 있어서 충분히 그렇게 생각할 수 있어. 다만 딸이 왜 그런 행동을 했는지 먼저 들어보는 것도 좋을 것 같아. 보통 그 나이 때 아이들은 친구들과 놀 수 있는 기회를 쉽게 저버리지 못하잖아. 안 그래?	N	2022-08-23 03:10:50	2022-11-08 05:02:01
BE22015264	11	0	그래 네가 무슨 말 하는지는 알아. 나도 학교 다닐 때 친구들이랑 노는 걸 제일 좋아했으니까. 다만 내가 하루 종일 고생하는 걸 아무렇지 않게 생각하는 거 같아 더 화가 나.	N	2022-08-23 03:10:50	2022-08-23 03:10:50
BE22015264	12	1	아니야 그렇지 않아, 너는 네 가족에게 항상 큰 나무처럼 기댈 수 있는 버팀목이 되어주잖아? 네 딸도 분명히 그 사실을 알고 있고 또 항상 든든하게 생각하며 의지할 거라 생각해. 가족에 대한 너의 노력과 헌신은 그 어느 산만큼 거대하니까 꼭 자부심을 가졌으면 좋겠어.	N	2022-08-23 03:10:50	2022-11-08 05:02:01
BE22015264	13	0	그렇게 말해 줘서 고마워. 그래도 너는 내 노력을 알아주는 것 같아 다행이네. 내 딸도 빨리 깨닫고 철 좀 들어야 하는데 말이야.	N	2022-08-23 03:10:50	2022-11-08 05:02:01
BE22015264	14	1	알고는 있는데 쑥스러워서 말 못 한 것일 수도 있어. 이따가 차분히 대화를 나누다 보면 네 딸도 너의 진심과 노력에 분명 감사함을 표할 거야. 그리고 너는 정말 좋은 엄마니까 항상 어느 순간에도 힘을 냈으면 좋겠어.	N	2022-08-23 03:10:50	2022-11-08 05:02:01
BE22015264	15	0	고마워 공감화자야. 얘기 듣다 보니 기분이 정말 많이 풀린다. 이따가 꼭 한번 차분히 마음을 가라앉히고 딸과 대화를 나눠 볼게!	Y	2022-08-23 03:10:50	2022-11-08 05:02:01
