id	utterance_id	utterance_type	utterance_text	terminate	regDate	updDate
BE22012488	1	0	어제 시장에서 장을 봤는데, 세상에 물가가 왜 이러니? 물가가 올라도 너무 올랐어. 세상 모든 것이 다 오르는데 월급만 그대로라 너무 화가 나.	N	2022-07-30 04:15:37	2022-11-08 04:44:32
BE22012488	2	1	누가 아니래. 나도 마트 가서 별거 사지도 않았는데 금세 십만 원이 넘더라. 물가 무서워서 장을 어떻게 봐야 할지 몰라.	N	2022-07-30 04:15:37	2022-11-08 04:44:32
BE22012488	3	0	아이고, 그런데 우리 남편이 나보고 아껴 쓰라고 잔소리했다니까? 그래서 오늘 아침에 엄청 열 받아서 남편이랑 대판 싸웠어. 물가가 올라서 그런 걸 내가 어떻게 하냐는 말이야. 정말 화났어.	N	2022-07-30 04:15:37	2022-11-08 04:44:32
BE22012488	4	1	저런, 네가 화가 날 만하겠네. 네가 뭘 잘못한 것도 아니고 물가가 올라서 생활비가 빠듯한 것을 어쩌겠어?	N	2022-07-30 04:15:37	2022-11-08 04:44:33
BE22012488	5	0	그렇지? 네가 봐도 내가 화 날 만하지? 월급은 그대로이고 물가만 치솟는데 어떻게 하겠냐고, 나는 최선을 다해서 생활비를 아껴 쓰고 있는걸. 나 정말 아껴 쓰려고 웬만하면 걸어 다니고, 부업도 하고, 쿠폰이며 적립금은 있는 대로 다 모아.	N	2022-07-30 04:15:37	2022-11-08 04:44:33
BE22012488	6	1	네가 아껴 쓰려고 그렇게 노력하는데 그걸 몰라주고 남편이 잔소리해서 너무 화가 났겠다. 열심히 아끼고 살림하는 네게 힘이 되지는 못하고 도리어 속상하게 하는 남편이 무척 야속했겠어. 전해 듣는 나도 서운하고 마음이 무거운데 직접 겪은 너는 오죽 화가 나고 열받았을까?	N	2022-07-30 04:15:37	2022-11-08 04:44:33
BE22012488	7	0	정말 서운하고 화가 많이 났지. 월급이 그만큼 오르지 않고, 물가가 올라서 어쩔 수 없다는 걸 본인도 알고 있을 거야. 근데 원인은 다른 곳에 있는데 나한테 화를 내면 되냐고, 마른오징어를 짠다고 물이 나오냐.	N	2022-07-30 04:15:37	2022-11-08 04:44:33
BE22012488	8	1	남편이 아침에 잔소리 한 건 잘못이지만, 속으로는 살림을 도맡아 하는 네게 고마워하고 있을 거야. 네가 알뜰하고, 성실하게 살림하는 거 내가 잘 알잖아, 그러니까 너무 속상해하지 말고 기분 풀어. 너는 이미 충분히 잘하고 있다고.	N	2022-07-30 04:15:37	2022-11-08 04:44:33
BE22012488	9	0	그러게. 월급이 적어 민망해서 애먼 데에다 화풀이하는 남편이나 그걸 알면서도 받아주지 못하는 나나 마음이 각박하네. 도대체 물가는 왜 이렇게 올라서 평화로운 우리 집에 갈등을 가져오는지 몰라.	N	2022-07-30 04:15:37	2022-11-08 04:44:33
BE22012488	10	1	가난이 창문으로 들어오면 사랑이 대문으로 도망간다고 하잖아, 아무래도 지갑이 얇아지면 마음에 여유가 없어지기 마련이지. 그러니까 너무 속상해하지 말고 남편이랑 잘 대화해서 풀어 봐. 집에 곳간이 비었다고 마음의 곳간마저 비어버리면 안 되잖아.	N	2022-07-30 04:15:37	2022-11-08 04:44:33
BE22012488	11	0	네 말이 맞아. 힘들 때일수록 부부가 힘을 합쳐서 이겨 내야지. 남편이랑 잘 얘기해서 풀어볼게.	N	2022-07-30 04:15:37	2022-11-08 04:44:33
BE22012488	12	1	물가가 너무 많이 올라서 다들 생활이 너무 힘들어지는 것 같아. 너도 남편이랑 잘 얘기하고 기분 풀어. 가뜩이나 힘든데 스트레스받으면 더 손해니까 마음 편하게 먹고.	N	2022-07-30 04:15:37	2022-11-08 04:44:33
BE22012488	13	0	그래, 너랑 얘기하다 보니까 마음이 많이 편해졌어. 내 얘기 들어줘서 고마워. 덕분에 기분이 좋아졌어.	N	2022-07-30 04:15:37	2022-11-08 04:44:33
BE22012488	14	1	내가 도움이 됐다니 정말 다행이다. 어려운 시기니까 너도 그렇고 나도 힘내서 잘 이겨 내자. 파이팅!	Y	2022-07-30 04:15:37	2022-11-08 04:44:33
