id	utterance_id	utterance_type	utterance_text	terminate	regDate	updDate
BE22011215	1	0	술에 취한 아버지께 심하게 두들겨 맞은 기억이 있는데 그것만 생각하면 너무 화가 나.	N	2022-07-23 15:46:25	2022-11-08 04:36:29
BE22011215	2	1	왜 안 그렇겠어. 아무리 아버지라고 해도 자식을 때리는 건 아니지. 그때 힘들었던 것을 생각하니까 내가 다 분노가 치밀어 오르는 기분이야.	N	2022-07-23 15:46:25	2022-11-08 04:36:29
BE22011215	3	0	아버지는 술에 취하면 주사가 심해지셔서게 정말 힘들었지. 아버지가 술에 취해서 오는 날이면 난 항상 도망갔었어. 너무 무서워서 지금도 그때 생각만 하면 열이 나고 화가 나.	N	2022-07-23 15:46:25	2022-11-08 04:36:29
BE22011215	4	1	상상할 수 없는 일을 겪었다고 생각하니까 마음이 너무 아프다. 감정 화자님의 끓어오르는 분노가 나에게 전해져 오는 것 같은 기분이야.	N	2022-07-23 15:46:25	2022-11-08 04:36:29
BE22011215	5	0	추운 어느 날 소주 심부름을 시켜서 갔다 오는 길에 미끄러져서 소주병을 깨트렸어. 결국 빈손으로 집에 갔고 아버지가 나를 때리기 시작했지. 그때 나는 정말 죽는 줄 알았어.	N	2022-07-23 15:46:25	2022-11-08 04:36:29
BE22011215	6	1	얼마나 아프고 고통스러웠을까. 어린 감정 화자님이 감당하기엔 너무 큰 아픔이야. 가끔 힘들어하면서 울분에 찬 모습을 볼 때면 나도 피가 거꾸로 솟는 분노가 치밀어 올랐지.	N	2022-07-23 15:46:25	2022-11-08 04:36:29
BE22011215	7	0	나는 정말 그 순간들이 내 인생이 아니기를 매 순간 바랬어. 그때 그 일은 아직 내게 트라우마로 남아있고. 크면 다 잊을 줄 알았는데, 술만 보면 그때가 생각나서 가슴이 떨려 아무것도 못 해.	N	2022-07-23 15:46:25	2022-11-08 04:36:29
BE22011215	8	1	어떻게 그렇게 자식한테 주먹을 휘두를 수가 있는지. 말을 듣는 것만으로도 내가 그때의 감정 화자님의 상황이 된 것만 같아 너무 힘들다. 듣는 나도 이런데 감정 화자님은 얼마나 열이 나고 분노가 가득하겠어.	N	2022-07-23 15:46:25	2022-11-08 04:36:29
BE22011215	9	0	그렇지. 어릴 적 나의 마음은 오직 분노에 가득 차 있었어. 아버지를 절대 용서하지 않을 거라고 다짐도 했지. 아버지를 벗어나면 다 잊고 살 수 있을 거라고 생각했는데 그게 마음처럼 쉽지 않더라고.	N	2022-07-23 15:46:25	2022-11-08 04:36:29
BE22011215	10	1	어린 감정 화자님이 감당하기엔 너무 벅찬 일이었으니까. 그렇게 상처받았을 때, 그리고 그 이후에 마음을 치유 받았어야 했는데. 그렇게 하지 못했던 감정 화자님이 너무 안쓰럽고 안타까워서 눈물이 난다.	N	2022-07-23 15:46:25	2022-11-08 04:36:29
BE22011215	11	0	공감 화자님이 그렇게 말해주니 그때 그 상처가 조금은 없어지는 기분이 들어. 그때는 누구도 내 편인 적이 없었어. 나는 그게 더 아픔이고 상처가 됐었어.	N	2022-07-23 15:46:25	2022-11-08 04:36:29
BE22011215	12	1	감정 화자님 편에 서서 아픔을 같이 나눴더라면 감정 화자님이 덜 힘들었을 텐데. 지금이라도 감정 화자님 편에서 마음이 풀릴 때까지 들어줄게. 밤을 새워서라도 하고 싶은 얘기 있으면 해.	N	2022-07-23 15:46:25	2022-11-08 04:36:29
BE22011215	13	0	이런 말은 처음이야. 나를 이해해 주고 나의 고통과 분노를 같이 느껴주고 정말 고마워. 여태까지 받은 고통을 치유 받고 있다는 느낌이 들어.	N	2022-07-23 15:46:25	2022-11-08 04:36:29
BE22011215	14	1	감정 화자님에게 이렇게라도 도움을 줬다니 나에게는 기쁨이야. 앞으로도 억눌렸던 감정들이 감정 화자님을 괴롭히면 언제든지 말해. 항상 옆에 있으니까.	N	2022-07-23 15:46:25	2022-11-08 04:36:29
BE22011215	15	0	기댈 수 있는 사람이 옆에 있다는 것만으로도 나에게는 큰 위안이 된다. 정말 고마워.	Y	2022-07-23 15:46:25	2022-11-08 04:36:29
