id	utterance_id	utterance_type	utterance_text	terminate	regDate	updDate
BE22009232	1	0	아. 여행하러 와서 이렇게 짜증이 난 적은 처음이야.	N	2022-07-15 10:24:20	2022-11-08 04:23:46
BE22009232	2	1	어제는 여행 간다고 신나서 문자 보내더니 무슨 일이야?	N	2022-07-15 10:24:20	2022-11-08 04:23:46
BE22009232	3	0	결혼 10주년 기념으로 신혼여행지로 가족 여행 온 거잖아. 근데 어떻게 이렇게 다들 방에 박혀서 아무것도 안 할 수가 있어? 진짜 이러다가 복장 터져 죽겠어.	N	2022-07-15 10:24:20	2022-11-08 04:23:46
BE22009232	4	1	아이고. 너는 신혼여행지에서 즐겼던 추억을 되짚고 싶은데 가족들이 안 따라줘서 그렇게 화가 난 거니?	N	2022-07-15 10:24:20	2022-11-08 04:23:46
BE22009232	5	0	응. 맞아. 정답이야. 오랜만에 추억도 되새기고 싶어서 그때 갔던 그 장소 그대로 가보고 싶거든. 근데 남편은 갔던 곳인데 뭐 하러 가냐 그러고. 아이들은 더워서 나가기 싫다고 방에서 핸드폰만 해. 여행이 무슨 의미야?	N	2022-07-15 10:24:20	2022-11-08 04:23:46
BE22009232	6	1	그래도 모처럼 해외로 놀러 온 건데 여기저기 돌아다니고 싶은 마음이 굴뚝 같은 거 아니야. 나 같아도 그런 상황이면 너무 화날 거 같아. 네가 진짜 속상하겠다.	N	2022-07-15 10:24:20	2022-11-08 04:23:46
BE22009232	7	0	내 말이 그 말이야. 이렇게 숙소에서 아무것도 안 할 거면 비싼 돈 주고 해외여행 온 의미가 없는 거잖아. 진짜 설득할 의욕도 안 나서 그냥 혼자 나와서 지금 카페 와서 너한테 연락한 거야. 진짜 화가 난다.	N	2022-07-15 10:24:20	2022-11-08 04:23:46
BE22009232	8	1	그러게. 가족 여행이라는 의미가 무색해지는 순간이구나. 얘기 듣는다고 이렇게 속이 상할 정돈데 너는 정말 오죽하겠니. 네가 멀리까지 가서 고생이 많아.	N	2022-07-15 10:24:20	2022-11-08 04:23:46
BE22009232	9	0	휴. 정말 너무 속이 상해서 지금 속도 안 좋은 거 같아. 이럴 거면 그냥 국내 여행이나 가자고 할 걸 그랬어.	N	2022-07-15 10:24:20	2022-11-08 04:23:46
BE22009232	10	1	네가 너무 화나고 속이 상하는 건 알겠지만 그래도 모처럼 시간 내서 온 여행을 후회하지는 말자. 남편이나 아이들도 네가 솔직한 감정으로 얘기하면 네 말을 따라 줄 거야. 너무 부정적으로 생각하지 말고 화를 가라앉히고 마음을 좀 풀어보면 어때?	N	2022-07-15 10:24:20	2022-11-08 04:23:47
BE22009232	11	0	네 말이 맞는 거 같아. 여행하러 와서 이렇게 화만 내다가 갈 수는 없는 노릇이지. 화를 가라앉히고 애들이랑 남편 설득 해 봐야겠다.	N	2022-07-15 10:24:20	2022-11-08 04:23:47
BE22009232	12	1	잘 생각했어. 분명 네가 설득하면 다들 잘 따라와 줄 테니까 너무 스트레스를 받지 말고 기분 풀어. 마음을 편히 먹어봐. 잘될 거야.	N	2022-07-15 10:24:20	2022-11-08 04:23:47
BE22009232	13	0	응. 위로해주고 조언해줘서 고맙다. 덕분에 화가 많이 풀렸어. 여행까지 와서 네 도움을 받네.	N	2022-07-15 10:24:20	2022-11-08 04:23:47
BE22009232	14	1	에이. 친구라면 당연히 이 정도는 해줘야지. 아무튼 잘 해결하고 다시 문자 보내줘.	N	2022-07-15 10:24:20	2022-11-08 04:23:47
BE22009232	15	0	응. 그럴게! 얘기하고 와서 다시 연락할게. 푹 쉬고 있어.	Y	2022-07-15 10:24:20	2022-11-08 04:23:47
