id	utterance_id	utterance_type	utterance_text	terminate	regDate	updDate
BE22012970	1	0	이사해서 새집 적응하는 게 생각보다 쉽지 않네. 인생 첫 자취라 그런지 집에 신경 쓸 게 이렇게 많은지 몰랐어. 이런저런 일 때문에 지금 너무 화가 나.	N	2022-08-03 01:37:55	2022-11-08 04:47:35
BE22012970	2	1	나도 부모님 집에서만 살아서 잘은 모르지만 신경 쓸 게 많다고 하긴 하더라. 한참 자유를 만끽하고 있을 줄 알았는데, 그게 아닌 거야?	N	2022-08-03 01:37:55	2022-11-08 04:47:35
BE22012970	3	0	자유를 즐기기 전에 책임질 게 너무 많은 것 같아. 오늘은 갑자기 세면대가 막혀서 고생했다니까. 이사 온 지 얼마 안 돼서 몇 번 쓰지도 않았는데 말이 되냐고.	N	2022-08-03 01:37:55	2022-11-08 04:47:35
BE22012970	4	1	그러게! 아직 이사한 지 한 달도 안 됐는데 벌써 그러면 어떻게 해? 네가 많이 당황스러웠겠다.	N	2022-08-03 01:37:55	2022-11-08 04:47:35
BE22012970	5	0	어이가 없고 너무 화가 나더라고. 당장 세면대 사용해야 되는데 하지도 못하고, 수리를 어디서 해야 되나 찾는 것도 한참 걸렸어. 기사 아저씨랑 약속 잡는 것도 어렵고 성가신 게 한두 개가 아니더라고.	N	2022-08-03 01:37:55	2022-11-08 04:47:35
BE22012970	6	1	말만 들어도 머리가 복잡한 느낌이야. 너 혼자 살다 보니까 그런 것까지 네가 다 책임을 져야 되는구나. 여태껏 그래 본 적이 없어서 더 어려웠을 만해.	N	2022-08-03 01:37:55	2022-11-08 04:47:35
BE22012970	7	0	그러니까. 내가 독립하면서 세면대로 고생하게 될 줄은 꿈에도 몰랐는데 너무 어이가 없더라. 겨우 기사 아저씨랑 시간 맞춰서 아까 오셨다가 가셨는데 고치지도 못했어. 전에 살던 사람이 세면대를 엉망으로 써서 배수관이 다 막혔다는 거 있지.	N	2022-08-03 01:37:55	2022-11-08 04:47:35
BE22012970	8	1	나였어도 막연히 월세나, 공과금 같은 걱정만 생길 거라고 예상했을 것 같아. 심지어 전 사람이 그렇게 엉망으로 쓰고 갔을 줄은 어떻게 알았겠어, 네가 정말 놀랐겠다. 당장 고치지도 못해서 어떻게 해?	N	2022-08-03 01:37:55	2022-11-08 04:47:35
BE22012970	9	0	내 말이. 배수관을 다 교체해야 되는 문제라고 따로 날을 잡아서 공사처럼 해야 되나 봐. 진짜 너무 성가시고 화가 나. 막힌 배수관처럼 내 속도 꽉 막힌 느낌이야.	N	2022-08-03 01:37:55	2022-11-08 04:47:35
BE22012970	10	1	네 말대로 커다란 숙제가 남은 느낌이겠다. 당장 사용하지도 못해서 불편하기도 하고 공사도 해야 된다니까 얼마나 신경 쓰이겠어. 더군다나 이런 걸 다 처음 겪는 너인데 얼마나 힘들지 짐작도 안 된다.	N	2022-08-03 01:37:55	2022-11-08 04:47:35
BE22012970	11	0	세면대 하나로 생활이 이렇게 불편해질지 몰랐다니까. 벌써부터 부모님 집에 얹혀살던 때가 그리워지고 있어. 왜 이렇게 힘드냐.	N	2022-08-03 01:37:55	2022-11-08 04:47:35
BE22012970	12	1	그런 큰일을 겪으니까 자연스럽게 집 생각이 날만 하지. 그래도 이런 우여곡절을 겪으면서 성장하는 거 아니겠어? 자취도 처음이라서 더 어려운 것뿐일 거야, 나도 당장 자취하라고 하면 너보다 더 어려워할걸?	N	2022-08-03 01:37:55	2022-11-08 04:47:35
BE22012970	13	0	다들 어려운 거 맞겠지? 내가 아직 독립할 준비도 안 됐는데 섣불리 시작했나 싶었거든. 이제 더 어려운 일이 없으면 좋겠다.	N	2022-08-03 01:37:55	2022-11-08 04:47:35
BE22012970	14	1	그럼, 독립할 마음가짐부터가 얼마나 힘든 건데 너는 해냈잖아? 다음 집을 구할 땐 세면대 물 빠지는 것까지 점검할 수 있는 네가 되어있을 거야! 자취 고수가 되어가는 길이라고 생각하고 너무 좌절하지 마! 힘내!	N	2022-08-03 01:37:55	2022-11-08 04:47:35
BE22012970	15	0	위로해 줘서 고마워. 네 말대로 누구나 겪는 우여곡절이라고 생각하니까 마음이 좀 놓인다.	Y	2022-08-03 01:37:55	2022-11-08 04:47:35
