id	utterance_id	utterance_type	utterance_text	terminate	regDate	updDate
BE22012305	1	0	나 오늘 게임을 10번이나 연속으로 져서 진짜 분노의 연속이야.	N	2022-07-29 01:34:48	2022-11-08 04:43:23
BE22012305	2	1	그래? 네가 정말 화난 마음이 느껴지는 것 같아. 나라도 기분이 많이 상했을 것 같고 마음이 안 좋네.	N	2022-07-29 01:34:48	2022-11-08 04:43:23
BE22012305	3	0	마지막엔 너무 화나서 책상을 엎을 뻔했어. 한 번만이라도 이겨보려고 하다가 결국 때려치웠지.	N	2022-07-29 01:34:48	2022-11-08 04:43:23
BE22012305	4	1	좌절감이 많이 커서 정말 힘들었을 것 같아. 즐기려고 하는 건데 기분만 나빠지고 이걸 왜 하고 있나 싶기도 하고 그런 기분이었던 거야?	N	2022-07-29 01:34:48	2022-11-08 04:43:23
BE22012305	5	0	응, 그리고 심지어 원래 나보다 훨씬 못하던 사람이랑 한 거였거든. 그래서 더 화가나!	N	2022-07-29 01:34:48	2022-11-08 04:43:23
BE22012305	6	1	네가 자존심도 상하고 마음이 많이 위축되기도 했겠다. 잘하고 싶은 마음이 컸을 텐데 나도 마음이 너무 안타깝네. 원래 좋아하던 게임이야?	N	2022-07-29 01:34:48	2022-11-08 04:43:23
BE22012305	7	0	응, 내가 좋아하는 게임이고 우리 학교에서 내가 제일 잘하기로 유명했었는데 이제 끝났어.	N	2022-07-29 01:34:48	2022-11-08 04:43:23
BE22012305	8	1	네가 그래서 더 분노하고 좌절했던 거구나. 네가 자신감을 잃은 것 같아서 나도 걱정이 될 정도야. 그래도 다음번에 하면 또 다르지 않을까?	N	2022-07-29 01:34:48	2022-11-08 04:43:23
BE22012305	9	0	그래? 이제 내가 잘하는지도 모르겠어, 사실.	N	2022-07-29 01:34:48	2022-11-08 04:43:23
BE22012305	10	1	일시적으로 자존심이 많이 하락해서 그런 거야. 누구나 갑자기 실패를 맛보면 그런 마음이 들 수 있어. 그렇지만 너는 지금껏 잘해온 시간이 훨씬 더 길잖아.	N	2022-07-29 01:34:48	2022-11-08 04:43:23
BE22012305	11	0	네 말을 들으니까 좀 위로가 되는 기분이야. 그렇게 말해줘서 고맙다.	N	2022-07-29 01:34:48	2022-11-08 04:43:23
BE22012305	12	1	예전처럼 즐기는 마음으로 하면 또 다음번에는 네가 10연승 하는 날도 있을 거야. 이번엔 컨디션이 좀 안 좋았던 거라고 생각해보면 어때? 자신감을 회복할 수 있을 거야.	N	2022-07-29 01:34:48	2022-11-08 04:43:23
BE22012305	13	0	알겠어. 다시 심기일전해야겠네. 네 덕분에 다시 힘이 나고 화나는 마음도 사라졌어.	N	2022-07-29 01:34:48	2022-11-08 04:43:24
BE22012305	14	1	그렇게 생각해주니 나도 고마운걸. 나는 네 자신감 넘치는 성격이 좋아. 항상 응원하고 있을게!	Y	2022-07-29 01:34:48	2022-11-08 04:43:24
