id	utterance_id	utterance_type	utterance_text	terminate	regDate	updDate
BE22000676	1	0	퇴근하고 집에 오는 길에 혼자 코인 노래방에 들렀다가 왔어요. 	N	2022-06-13 06:46:04	2022-11-08 03:28:38
BE22000676	2	1	왜 혼자 갔어, 무슨 일 있는 거예요?	N	2022-06-13 06:46:04	2022-11-08 03:28:38
BE22000676	3	0	오랜만에 스트레스 좀 풀려고요. 근데 방에서 담배 냄새가 엄청 저는 거예요. 오히려 화만 더 났네요.	N	2022-06-13 06:46:04	2022-11-08 03:28:38
BE22000676	4	1	스트레스를 풀려고 갔는데 그 상황이면 정말 불쾌했겠어요. 	N	2022-06-13 06:46:04	2022-11-08 03:28:38
BE22000676	5	0	다른 방들도 마찬가지였어요. 노래 부르기도 전에 목이 다 아프더라요.	N	2022-06-13 06:46:04	2022-11-08 03:28:38
BE22000676	6	1	맞아요. 담배 냄새 맡으면 진짜 목 아파요. 기분을 푸는 곳이니 서로 기본 예티켓을 지키면 좋을 텐데 아쉽네요.	N	2022-06-13 06:46:04	2022-11-08 03:28:38
BE22000676	7	0	담배를 피우는 그 순간의 즐거움만 생각했지 이후의 사람에 대한 배려는 안 하는 것 같아요.	N	2022-06-13 06:46:04	2022-11-08 03:28:38
BE22000676	8	1	분명히 금연구역일 텐데, 정말 화가 날 만하겠어요.	N	2022-06-13 06:46:04	2022-11-08 03:28:38
BE22000676	9	0	내가 돈 내고 담배 냄새 맡으러 왔냐고요. 노래하는 게 유일한 낙이었는데 앞으로는 망설여질 것 같아요.	N	2022-06-13 06:46:04	2022-11-08 03:28:38
BE22000676	10	1	기분 많이 상했겠네요. 그러지 않아도 감정화자씨 폐도 안 좋지 않아?	N	2022-06-13 06:46:04	2022-11-08 03:28:38
BE22000676	11	0	어릴 적에 수술한 적이 있어서 최대한 담배 냄새저는 곳은 피해 다녀요. 이제 노래방도 맘대로 못 다니겠네요.	N	2022-06-13 06:46:04	2022-11-08 03:28:38
BE22000676	12	1	평소에도 불편했겠어요. 난 감정화자씨가 그 정도일 줄은 몰랐어요. 우리 지인들끼리 모일 때도 신경 써야겠어요.	N	2022-06-13 06:46:04	2022-11-08 03:28:38
BE22000676	13	0	내가 예민한 건가 봐요. 남들은 아무렇지 않은 것 같더고요.	N	2022-06-13 06:46:04	2022-11-08 03:28:38
BE22000676	14	1	아니에요. 담배 냄새가 별거 아니라고 생각하는 사람도 있지만 분명 그렇지 않은 사람도 있어요. 멀쩡한 나도 담배 냄새는 싫은데 감정화자씨는 당연히 더 신경 쓰일 수밖에요.	N	2022-06-13 06:46:04	2022-11-08 03:28:38
BE22000676	15	0	하긴 담배 냄새 좋아하는 사람이 어딨겠어요. 다음에 우리 공기좋은 곳에서 스트레스 같이 풀어요.	Y	2022-06-13 06:46:04	2022-11-08 03:28:38
