id	utterance_id	utterance_type	utterance_text	terminate	regDate	updDate
BE22013888	1	0	우리 부부 사이 때문에 요즘 너무 화가 나.	N	2022-08-11 02:41:06	2022-11-08 04:53:21
BE22013888	2	1	무슨 일이 있었길래 그래?	N	2022-08-11 02:41:06	2022-08-11 02:41:06
BE22013888	3	0	아이가 생기고 나서 부부 사이가 더 나빠졌어. 내가 아이 좀 돌보라고 해도 아내가 자꾸 주말마다 모임에 가. 그러니까 이제는 너무 열 받고 그래.	N	2022-08-11 02:41:06	2022-11-08 04:53:21
BE22013888	4	1	듣는 내가 다 화가 날 정도야. 감정화자님이 여태 화를 잘 참았다 싶네. 나 같으면 진작에 화내고도 말았을 텐데 말이야.	N	2022-08-11 02:41:06	2022-11-08 04:53:21
BE22013888	5	0	그래서 요즘 사이가 안 좋아. 아내는 아내대로 놀고 싶다고 고집을 부리니 대화가 안 통하더라고. 아이 생기기 전보다 사이가 나빠져서 이 상황 자체가 화가 난다.	N	2022-08-11 02:41:06	2022-11-08 04:53:21
BE22013888	6	1	상황이 정말 갑갑해서 화가 날 수밖에 없겠다. 나도 한때 아내가 자꾸 말을 무시해서 정말 속이 부글부글했었거든. 그래서 감정화자님의 심정이 이해가 가.	N	2022-08-11 02:41:06	2022-11-08 04:53:21
BE22013888	7	0	왜 저러는 지 모르겠어. 아이가 생기기 전에는 저렇게까지 고집부리지는 않았는데 말이야. 요즘은 아내 얼굴만 봐도 화가 나.	N	2022-08-11 02:41:06	2022-11-08 04:53:21
BE22013888	8	1	감정화자님이 그렇게 마음고생하는 걸 보니 내가 다 마음이 아프다. 하지만 화를 계속 내다보면 감정화자님 속만 타들어 갈 거야. 그러니 마음을 조금 진정해보는 게 어떨까?	N	2022-08-11 02:41:06	2022-11-08 04:53:21
BE22013888	9	0	하지만 아내랑 사이도 안 좋아지고 아이는 아이대로 돌봐야 하니까 화가 날 수밖에 없는걸. 내가 요즘 열이 올라 있을 수밖에 없어.	N	2022-08-11 02:41:06	2022-11-08 04:53:21
BE22013888	10	1	응, 그렇지만 마음을 차분히 가지면 지금을 달리 볼 수 있을 거야. 시간이 지나면 해결되는 문제라 생각하고 우리 화를 달래보자. 마음고생까지 하면서 본인을 갉아먹지 말자고.	N	2022-08-11 02:41:06	2022-11-08 04:53:21
BE22013888	11	0	정말 시간이 지나면 해결될까? 공감화자님 말을 들으니 내가 화를 더 내는 게 무의미한 것 같아.	N	2022-08-11 02:41:06	2022-11-08 04:53:21
BE22013888	12	1	응, 나한테 이렇게 털어놓고 더는 신경을 쓰지 않기로 하자. 그래야 감정화자님도 정신적으로 건강해지고 마음도 한결 더 편해질 거야. 너무 스트레스받지 않았으면 해.	N	2022-08-11 02:41:06	2022-11-08 04:53:21
BE22013888	13	0	그렇게 말해줘서 고마워. 하긴 공감화자님한테 말하니까 속이 후련하다. 덕분에 좀 진정이 됐어.	N	2022-08-11 02:41:06	2022-11-08 04:53:21
BE22013888	14	1	도움이 되어서 다행이야. 아마 시간이 지나면 골칫거리들이 하나씩 해결될 거야. 그러니 그 날을 기다리면서 조금 더 견디자.	N	2022-08-11 02:41:06	2022-11-08 04:53:21
BE22013888	15	0	응, 그렇게 말해줘서 고마워. 지금은 더 참아보고 견뎌볼게!	Y	2022-08-11 02:41:06	2022-08-11 02:41:06
