id	utterance_id	utterance_type	utterance_text	terminate	regDate	updDate
BE22011258	1	0	공감화자씨, 저 그때 투고했던 학술지, 결국 게재 불가 판정을 받았어요. 너무 화나고 좌절감이 들어요.	N	2022-07-24 03:22:56	2022-11-08 04:36:44
BE22011258	2	1	감정화자씨가 오래 공들였던 논문으로 알고 있는데, 불가 판정이 났다니 너무 속상하시겠어요. 왜 안 됐을까요?	N	2022-07-24 03:22:56	2022-11-08 04:36:45
BE22011258	3	0	심사평 보니까 논리구조에 결격 사유가 있다는데, 정확한 분석도 없어서 잘 모르겠어요. 난 실패한 연구자인가 봐요.	N	2022-07-24 03:22:56	2022-11-08 04:36:45
BE22011258	4	1	절대 그렇지 않아요. 논문이 게재되지 않았다고 해서 공감화자씨가 실패한 연구자가 될 수는 없어요. 거기에 들인 시간과 애정을 공감화자씨는 잘 알고 있잖아요.	N	2022-07-24 03:22:56	2022-11-08 04:36:45
BE22011258	5	0	저 정말 이 논문에 제 모든 걸 바쳤거든요. 그렇게 헌신해서 만들어 냈는데, 떨어지니까 절망이 배가 되는 것 같아요.	N	2022-07-24 03:22:56	2022-11-08 04:36:45
BE22011258	6	1	저였어도 이 순간이 너무 힘들었을 것 같네요. 하지만 몇 년 동안의 노력이 단 한 번의 탈락으로 절대 사라지지 않아요. 다시 재정비하는 시간을 가지면 훨씬 좋은 아이디어들이 떠오를 거예요!	N	2022-07-24 03:22:56	2022-11-08 04:36:45
BE22011258	7	0	정말 그랬으면 좋겠어요. 자꾸 실패하니까, 제 진가를 알아봐 주지 못하는 학계에 점점 화가 나요. 이런 생각을 하는 스스로에게도 화가 나고요.	N	2022-07-24 03:22:56	2022-11-08 04:36:45
BE22011258	8	1	세상에는 곧바로 진가가 드러나지 않는 보석도 있다고 생각해요. 저는 감정화자씨가 그런 진흙 속 진주가 아닐까 싶은데요. 언젠가는 빛을 발할 날이 올 거라고 믿어요!	N	2022-07-24 03:22:56	2022-11-08 04:36:45
BE22011258	9	0	그렇게 말씀해주셔서 정말 감사해요. 분노가 조금 사그라드는 것 같아요. 하지만 새로운 아이디어를 내고 거기에 또 매달리기엔 이미 너무 많은 기회비용을 투자했다는 생각이 들어요.	N	2022-07-24 03:22:56	2022-11-08 04:36:45
BE22011258	10	1	그런 생각이 드는 건 당연해요. 하지만 뜻이 있는 곳에 길이 있다고 하잖아요! 감정화자씨가 정말로 이루고 싶은 목표라면 또 좋은 기회들이 열려 있을 게 분명해요!	N	2022-07-24 03:22:56	2022-11-08 04:36:45
BE22011258	11	0	덕분에 조금씩 힘이 나는 것 같아요. 비록 이번 기회는 놓쳤지만, 제 연구도 언젠가 빛을 볼 날이 오겠죠?	N	2022-07-24 03:22:56	2022-11-08 04:36:45
BE22011258	12	1	그럼요! 저는 당신이 누구보다 똑똑하고 성실한 연구자라고 늘 생각해왔는걸요! 제가 감정화자씨를 믿는 만큼 감정화자씨도 자기를 믿어주셨으면 좋겠어요.	N	2022-07-24 03:22:56	2022-11-08 04:36:45
BE22011258	13	0	네, 그럴게요. 타인의 저에 대한 믿음이 정말 필요했던 것 같아요. 그동안 좌절감에 휩싸였었는데 덕분에 자신감이 조금 회복됐어요.	N	2022-07-24 03:22:56	2022-11-08 04:36:45
BE22011258	14	1	기분이 나아지셨다니 정말 다행이에요! 우리, 결과만이 성과라고 생각하지 말아요. 당신이 결과를 향해 달려가는 모든 과정 또한 성취의 일부분이니까요.	N	2022-07-24 03:22:56	2022-11-08 04:36:45
BE22011258	15	0	정말 위로가 되네요. 이번 일을 전화위복으로 여기고 다시 한번 열심히 노력해볼게요!	Y	2022-07-24 03:22:56	2022-11-08 04:36:45
