id	utterance_id	utterance_type	utterance_text	terminate	regDate	updDate
BE22002853	1	0	공감화자씨는 만약에 애인과 영화를 보러 갔는데 애인이 내내 잠만 잔다면 어떨 것 같아요?	N	2022-06-23 03:25:09	2022-11-08 03:42:51
BE22002853	2	1	음. 많이 피곤했나 생각이 들기도 하겠고 나랑 데이트하는 게 재미가 없나 생각도 들 것 같아요.	N	2022-06-23 03:25:09	2022-11-08 03:42:51
BE22002853	3	0	사실 어제 남자 친구랑 오랜만에 만나서 영화를 봤는데 영화 내내 쭉 잠만 자는 거예요! 그래서 남자 친구에게 많이 화냈어요.	N	2022-06-23 03:25:09	2022-11-08 03:42:51
BE22002853	4	1	오랜만에 만난 데이트인데 잠만 자서 많이 서운했군요. 끝나고 연인끼리 영화에 대해 느낀 점도 서로 말하고 그러는 재미도 있는데 말이에요.	N	2022-06-23 03:25:09	2022-11-08 03:42:51
BE22002853	5	0	그러니까요. 서로 영화관에서 대화는 안 하겠지만 그 후에 영화에 대해 서로 토론하는 것도 좋아하거든요. 그래서 뭐처럼 만난 데이트가 허무하게 지나가버린 느낌이에요.	N	2022-06-23 03:25:09	2022-11-08 03:42:51
BE22002853	6	1	많이 기대했던 데이트일 텐데, 감정화자씨가 기대했던 만큼 상대방이 기대하지 않은 것 같단 느낌에 실망했겠어요.	N	2022-06-23 03:25:09	2022-11-08 03:42:51
BE22002853	7	0	네 맞아요. 그래서 남자 친구에게 서운했던 걸 말하니 영화가 재미가 없어 보여서 잤다는 거예요!	N	2022-06-23 03:25:09	2022-11-08 03:42:51
BE22002853	8	1	일이 바빠서 피곤했던 거라면 이해해 줄 수 있을 텐데. 성의 없는 대답에 더 화가 났겠네요.	N	2022-06-23 03:25:09	2022-11-08 03:42:51
BE22002853	9	0	피곤했구나 하고 이해하려던 제가 비참해지더라고요. 성의 없고 툭툭 던지는 말투에 눈물이 나올 것 같이 화가 나서 그대로 집으로 와버렸어요.	N	2022-06-23 03:25:09	2022-11-08 03:42:51
BE22002853	10	1	서운함과 실망감이 겹쳐서 더욱 기분이 안 좋았을 것 같아요. 가끔 남자들은 세심하지 못한 부분이 많더라고요. 말이라도 상냥하게 하면 용서해 줄 텐데.	N	2022-06-23 03:25:09	2022-11-08 03:42:51
BE22002853	11	0	분명 연애 초엔 좋아하지 않던 장르도 저를 위해 봐주던 남자 친구였거든요. 그렇기에 그런 사소한 변화가 더 크게 다가오는 것 같아요.	N	2022-06-23 03:25:09	2022-11-08 03:42:51
BE22002853	12	1	분명 남자 친구도 반성하고 있을 거예요. 여자 친구가 화를 내기 전에는 뭐가 잘못되었는지 잘 모르는 사람도 많다고 하더라고요. 그러니까 서운하다고 너무 화내지 말고 기분 전환하면서 차분하게 기다려보는 건 어떨까요?	N	2022-06-23 03:25:09	2022-11-08 03:42:51
BE22002853	13	0	앞으로 어떤 태도로 나오나 지켜볼 생각이에요. 화내고 집에 바로 가버려서 미안한 마음도 들고 반성하는 마음만 보인다면 용서해 주려고요.	N	2022-06-23 03:25:09	2022-11-08 03:42:51
BE22002853	14	1	잘 생각했어요. 많이 서운했을 텐데 최대한 포용하려는 감정화자씨도 참 순하고 마음이 따듯하신 것 같아요.	N	2022-06-23 03:25:09	2022-11-08 03:42:51
BE22002853	15	0	그렇게 말해주시니 기분이 좋네요. 서로 좋아해서 만나고 있으니 이해해 보도록 노력해야죠. 조금 감정이 격양되어서 말했는데 진지하게 고민 들어줘서 고마워요.	Y	2022-06-23 03:25:09	2022-11-08 03:42:51
