id	utterance_id	utterance_type	utterance_text	terminate	regDate	updDate
BE22007784	1	0	요즘 어이없는 실수를 자주 하게 되니, 기분 나쁘고 화날 때가 많아요.	N	2022-07-11 08:18:11	2022-11-08 04:14:31
BE22007784	2	1	그럴 때가 있어요. 스스로한테 화나는 거 보면 무슨 일 있는 건 아닌가 싶은 생각도 드는걸요.	N	2022-07-11 08:18:11	2022-11-08 04:14:31
BE22007784	3	0	그럴 수도 있겠네요. 어제는 찌개에 간장을 부었는데 그게 감식초였어요. 너무 어이없게 실수 저지르는 나를 바라보니 화가 너무 많이 나더라구요.	N	2022-07-11 08:18:11	2022-11-08 04:14:31
BE22007784	4	1	당연히 실수할 때가 있는데 그럴 때마다 자기한테 화를 내면 스트레스받아서 어떻게 살아요? 너무 스스로를 다그치는 건 아닌지도 생각해 보면 좋겠네요. 왜 그러는지 이유를 알면 화나는 일도 줄어들 거예요.	N	2022-07-11 08:18:11	2022-11-08 04:14:31
BE22007784	5	0	그러고 보니 상황에만 집중을 한 것 같아요. 내 마음이 왜 그러는지 감정에 대한 고민은 한 적이 없네요. 감정을 알고 나면 화가 좀 덜 날 수도 있을 것 같아요.	N	2022-07-11 08:18:11	2022-11-08 04:14:31
BE22007784	6	1	이유 없이 화가 그렇게 자주 나지 않거든요. 혹시 회사 일에 대한 부담감이나 압박감 같은 게 있는 건 아닐까요? 외부적으로 어쩔 수 없는 상황에 스트레스를 받으면, 스스로에게 화를 내며 푸는 사람들도 있다고 해요.	N	2022-07-11 08:18:11	2022-11-08 04:14:31
BE22007784	7	0	공감화자님 말을 듣고 보니 그럴 수도 있겠어요. 새로 시작한 프로젝트가 잘 되고 있지 않아서 요즘 스트레스가 정말 크거든요.	N	2022-07-11 08:18:11	2022-11-08 04:14:31
BE22007784	8	1	스트레스가 쌓이다보면 잘하던 일을 하면서도 실수를 하게 돼요. 저도 평소 잘하던 일인데 실수가 잦아져 감정화자님처럼 화를 많이 내곤 했어요.	N	2022-07-11 08:18:11	2022-11-08 04:14:31
BE22007784	9	0	정말요? 그래서 어떻게 하셨어요? 저는 어디서부터 해결해야 마음이 편안해질지 잘 모르겠어요.	N	2022-07-11 08:18:11	2022-11-08 04:14:31
BE22007784	10	1	저는 그럴 때면 그럴 수도 있지, 내가 요즘 신경 쓸 게 많았나보다. 하면서 나에게 위로도 해주고, 여유도 주려고 노력해요. 그러다보면 실수가 줄어드는 게 보여요.	N	2022-07-11 08:18:11	2022-11-08 04:14:31
BE22007784	11	0	스스로에게 하는 위로라니, 생각만으로도 눈물이 날 것 같아요. 전 너무 저에게 화만 내고, 실수하면 안 된다고 다그치기만 했거든요.	N	2022-07-11 08:18:11	2022-11-08 04:14:31
BE22007784	12	1	많은 사람들이 그렇죠. 저도 한 때는 얼마나 저를 못살게 굴었다구요. 자신에게 친절해지면 세상도 친절하게 대하더라구요.	N	2022-07-11 08:18:11	2022-11-08 04:14:31
BE22007784	13	0	정말 좋은 말씀 감사드려요. 일기도 쓰고 싶어지네요. 저와 대화하면서 마음을 다독이기에는 그게 최고가 아닐까요?	N	2022-07-11 08:18:11	2022-11-08 04:14:31
BE22007784	14	1	어머, 하나를 알면 둘을 행하는 분이 여기 계셨네요! 일기만큼 친밀한 대화를 나눌 수 있는 수단은 없으니까요. 정말 훌륭한 생각이에요!	N	2022-07-11 08:18:11	2022-11-08 04:14:31
BE22007784	15	0	마음 깊은 대화를 나누고 나니 이렇게 편할 수가 없네요. 정말 감사해요, 덕분에 저에게 친절해지기로 결심했어요.	Y	2022-07-11 08:18:11	2022-11-08 04:14:31
