id	utterance_id	utterance_type	utterance_text	terminate	regDate	updDate
BE22014516	1	0	요즘 사람들이 욱일기와 전범기가 같은 것이라는 사실을 많이 모르는 것 같아요. 어떻게 그럴 수 있죠?	N	2022-08-18 03:04:13	2022-08-18 03:04:13
BE22014516	2	1	우리나라 역사에 큰 영향을 끼친 사건이니 모를 수가 없을 텐데 말이에요. 사람들이 관심이 없는 것 같아서 정말 속상하겠어요.	N	2022-08-18 03:04:13	2022-11-08 04:57:22
BE22014516	3	0	저희 할아버지도 일제강점기 시절에 태어나셨거든요. 그래서 그 시절 이야기를 많이 들었는데 정말 화가 나지 않을 수 없더라고요. 사람들은 왜 경각심을 가지지 않는 걸까요?	N	2022-08-18 03:04:13	2022-08-18 03:04:13
BE22014516	4	1	감정화자씨는 주변에서 그런 이야기를 직접 들었으니까 더 마음에 와닿았겠어요. 저도 우리 조상들이 얼마나 힘들었을지를 생각하면 정말 화가 나고 눈물이 날 정도거든요. 감정화자씨가 얼마나 답답해하고 있는지 이해가 가네요.	N	2022-08-18 03:04:13	2022-11-08 04:57:22
BE22014516	5	0	맞아요. 일제강점기 시절을 다루는 영화나 드라마를 볼 때도 정말 가슴이 아프거든요. 일본 사람들이 정말 밉게 느껴지기도 해요. 외국인들이 욱일기를 사용하는 것을 보면 정말 답답해서 속이 타들어가는 것 같아요.	N	2022-08-18 03:04:13	2022-08-18 03:04:13
BE22014516	6	1	그만큼 우리나라를 소중히 여기고 아픈 기억을 잊지 않으려고 힘쓴다는 뜻이에요. 저는 감정화자씨가 정말 대단하다고 생각해. 보통의 사람들은 그렇게 하지 못할 거예요.	N	2022-08-18 03:04:13	2022-11-08 04:57:22
BE22014516	7	0	하지만 사람들이 이렇게 역사에 관심이 없는 걸 보면 정말 서글퍼져요. 친구들에게도 이런 말을 하면 언제나 저에게 유난스럽다고 하더라고요.	N	2022-08-18 03:04:13	2022-11-08 04:57:22
BE22014516	8	1	그런 소리를 들을 때마다 정말 의지가 꺾일 것 같아요. 좋은 마음을 가지고 한 일인데 그 마음이 부정당하는 기분이죠? 저였어도 정말 속상하고 참담했을 거예요.	N	2022-08-18 03:04:13	2022-11-08 04:57:22
BE22014516	9	0	가끔은 정말 제가 유난스럽게 구는 건가 하는 생각도 들어요. 남들은 관심 없는 주제에 저만 너무 과하게 반응하는 거 아닌가 싶어서 우울하기도 하네요.	N	2022-08-18 03:04:13	2022-11-08 04:57:22
BE22014516	10	1	감정화자씨의 마음을 공감받지 못해서 정말 속상하겠지만 너무 낙담하지는 말아요. 원래 꾸준함이 사람의 마음을 움직이는 법이잖아요. 감정화자씨의 노력이 헛된 것이 절대 아닐 테니 좀더 의지를 가져보세요.	N	2022-08-18 03:04:13	2022-11-08 04:57:23
BE22014516	11	0	역시 공감화자씨께 고민을 털어놓으니까 마음이 한결 편해지네요. 그전까진 아무도 이해해 주지 않는 곳에 저만 떨어진 기분이었거든요. 역시 마음이 맞는 사람과 대화를 하니 이렇게 속이 시원할 수가 없네요.	N	2022-08-18 03:04:13	2022-08-18 03:04:13
BE22014516	12	1	제 말로 인해서 감정화자씨가 조금이라도 긍정적인 마음이 생겨서 정말 다행이에요. 언제나 감정화자씨를 보며 저도 경각심을 가져왔거든요.	N	2022-08-18 03:04:13	2022-11-08 04:57:23
BE22014516	13	0	공감화자씨 같은 분이 계셔서 정말 다행이에요. 공감화자씨의 응원을 생각해서라도 지치지 않고 꾸준히 힘내볼게요.	N	2022-08-18 03:04:13	2022-08-18 03:04:13
BE22014516	14	1	잘 생각했어요. 감정화자씨는 사람들의 마음을 움직일 수 있는 힘이 있잖아요. 분명 잘 될 테니 힘내세요.	N	2022-08-18 03:04:13	2022-11-08 04:57:23
BE22014516	15	0	정말 고마워요. 노력해 볼게요.	Y	2022-08-18 03:04:13	2022-08-18 03:04:13
