id	utterance_id	utterance_type	utterance_text	terminate	regDate	updDate
BE22011914	1	0	우리 부모님은 왜 놀이공원에 안 데려가 주는 거야? 놀이공원 가고 싶어 죽겠어.	N	2022-07-26 13:09:00	2022-11-08 04:41:01
BE22011914	2	1	네가 불만이 많이 쌓인 기분인가 보네. 부모님이랑 싸웠어?	N	2022-07-26 13:09:00	2022-11-08 04:41:01
BE22011914	3	0	응. 나는 놀이공원 가고 싶은데 부모님은 맨날 바쁘다고만 하셔. 그래서 정말 화가나.	N	2022-07-26 13:09:00	2022-11-08 04:41:01
BE22011914	4	1	너가 얼마나 화가 많이 났을지 알 것 같아서 나도 마음이 참 아프네. 부모님한테 많이 서운해?	N	2022-07-26 13:09:00	2022-11-08 04:41:01
BE22011914	5	0	응. 내 생일 때도 못 갔고, 어린이날에도 못 갔어. 그럼 대체 언제 가는 거야. 짜증나서 부모님한테 엄청 소리지르고 화냈어.	N	2022-07-26 13:09:00	2022-11-08 04:41:01
BE22011914	6	1	네가 많이 실망할 만했구나. 나라도 너처럼 서운하고 섭섭한 마음이 들었을 거야. 그런데 네가 화를 내서 부모님도 마음이 많이 아프셨을 것 같아.	N	2022-07-26 13:09:00	2022-11-08 04:41:01
BE22011914	7	0	그렇긴 한데 나도 너무 화가 나서 어쩔 수 없었어. 이 정도면 나를 사랑하지 않는 거 아니야?	N	2022-07-26 13:09:00	2022-11-08 04:41:01
BE22011914	8	1	어쩌면 부모님도 너랑 같이 놀이공원에 가지 못해서 많이 슬프실지도 몰라. 일하느라 바쁘셔서 어쩔 수 없는 상황일 수도 있잖아. 너를 사랑하지 않아서가 아닐 거니 너무 마음 상하지 마.	N	2022-07-26 13:09:00	2022-11-08 04:41:01
BE22011914	9	0	그래? 부모님도 슬플 수 있다는 생각은 못 했어. 나만 생각했나 봐.	N	2022-07-26 13:09:00	2022-11-08 04:41:01
BE22011914	10	1	네 감정이 격해져서 그렇게 느낄 수 있지. 그리고 부모님이랑 깊은 대화는 아직 못 나눠봤으니 차분하게 네 생각을 말씀드려보면 어때? 부모님 생각도 들어보면 네 마음이 나아질 수 있을 거야.	N	2022-07-26 13:09:00	2022-11-08 04:41:01
BE22011914	11	0	그래야겠어. 생각해보니 내가 화만 내고 부모님 의견은 안 들은 것 같아.	N	2022-07-26 13:09:00	2022-11-08 04:41:01
BE22011914	12	1	네 마음이 좀 진정된 것 같아 나도 마음이 놓여. 아마도 부모님이야말로 너와 놀이공원 가장 가고 싶어하실걸? 놀이공원이 힘들면 다른 방법으로라도 너와 놀아주려고 하실 거야.	N	2022-07-26 13:09:00	2022-11-08 04:41:01
BE22011914	13	0	네 덕분에 이제 화가 사라졌어. 부모님이랑 잘 말해볼게. 고마워.	N	2022-07-26 13:09:00	2022-11-08 04:41:01
BE22011914	14	1	그래, 잘 생각했어. 마음이 힘들 때는 언제든지 나한테 또 연락해!	Y	2022-07-26 13:09:00	2022-11-08 04:41:01
