id	utterance_id	utterance_type	utterance_text	terminate	regDate	updDate
BE22010205	1	0	나 지금 충격받아서 아무것도 못 하겠어.	N	2022-07-19 08:21:51	2022-11-08 04:30:06
BE22010205	2	1	아까까지만 해도 기분 좋아 보였는데 무슨 일 있었어?	N	2022-07-19 08:21:51	2022-11-08 04:30:06
BE22010205	3	0	오늘 시험 잘 쳐서 기쁜 마음으로 집에 서둘러 갔는데 부모님이 싸우고 계셨어. 너무 놀라서 그냥 그대로 나왔지 뭐야.	N	2022-07-19 08:21:51	2022-11-08 04:30:06
BE22010205	4	1	그대로 나왔다고? 너한테 듣기론 아주 사이 좋으신 부모님인데 얼마나 크게 싸웠길래 네가 다 놀란 거야?	N	2022-07-19 08:21:51	2022-11-08 04:30:06
BE22010205	5	0	집 안에 있는 물건을 던지는 소리가 들리고 접시가 깨지는 소리를 들었어. 서로 크게 소리치고 말이야. 누가 던지는지는 모르겠지만 화가 나면 그렇게 하신다는 거에 당황했어.	N	2022-07-19 08:21:51	2022-11-08 04:30:06
BE22010205	6	1	네가 시험을 잘 못 쳐도 화도 잘 안 내던 분이셨잖아. 그렇게 크게 소리치면서 화가 끝까지 난 걸 보다니 정말 세상에 더한 충격은 없겠는걸.	N	2022-07-19 08:21:51	2022-11-08 04:30:06
BE22010205	7	0	맞아. 난장판이 된 집을 생각하니 시험이고 뭐고 너무 무서워졌어. 살면서 이런 적이 없었는데 이대로 부모님께서 화해하지 못하시면 어떡하지?	N	2022-07-19 08:21:51	2022-11-08 04:30:06
BE22010205	8	1	그 두려움을 너 혼자 견디고 있다니 내가 다 안쓰럽다. 어떻게 혼자 견디고 있는 거니. 내가 있었다면 너를 꽉 안아주고 싶어.	N	2022-07-19 08:21:51	2022-11-08 04:30:06
BE22010205	9	0	그 말을 보니 눈물이 날 것 같아. 차마 입이 떨어지지 않아서 여쭤보지도 못했어.	N	2022-07-19 08:21:51	2022-11-08 04:30:06
BE22010205	10	1	지금 당장 두려움에 부모님이 헤어질 거라는 생각이 들 수 있어. 하지만 막상 알고 보면 별거 아닌 일일 수도 있거든. 부부 싸움은 칼로 물 베기라는 말도 괜히 있는 게 아닌걸.	N	2022-07-19 08:21:51	2022-11-08 04:30:06
BE22010205	11	0	네 말을 들으니 내가 너무 심각하게 생각 한 것 같네. 지금 전화해봐야겠어.	N	2022-07-19 08:21:51	2022-11-08 04:30:06
BE22010205	12	1	당연하지. 그렇게 사이가 좋으신 분들인데 아마 지금쯤 화해하고 함께 집을 청소 하고 계실지도 몰라. 연락해보는 게 어때?	N	2022-07-19 08:21:51	2022-11-08 04:30:06
BE22010205	13	0	그럼 좋겠다. 어제는 두 분이 여행 계획을 하시면서 행복해 보이셨거든.	N	2022-07-19 08:21:51	2022-11-08 04:30:06
BE22010205	14	1	그래. 분명 별거 아닐 거야. 너무 걱정하지 말고 집에 가서 시험 잘 친 기쁨을 함께 나누라고. 힘내.	N	2022-07-19 08:21:51	2022-11-08 04:30:06
BE22010205	15	0	응. 정말 고마워.	Y	2022-07-19 08:21:51	2022-11-08 04:30:06
