id	utterance_id	utterance_type	utterance_text	terminate	regDate	updDate
BE22007291	1	0	공감화자야, 네가 보기에 내가 이상한 사람 같니?	N	2022-07-08 14:53:53	2022-11-08 04:11:25
BE22007291	2	1	왜 갑자기 그런 걸 물어봐? 무슨 일 있어?	N	2022-07-08 14:53:53	2022-11-08 04:11:25
BE22007291	3	0	오늘 아내가 나한테 어디 좀 같이 가자고 해서 따라갔는데, 정신과였어. 같이 상담받자고 하더라고.	N	2022-07-08 14:53:53	2022-11-08 04:11:25
BE22007291	4	1	그런 일이 있었구나. 갑자기 말도 안 하고 데리고 가서 놀랐겠네.	N	2022-07-08 14:53:53	2022-11-08 04:11:25
BE22007291	5	0	놀란 것도 놀랐지만 나랑 먼저 상의도 안 한 게 컸어. 외식하러 가는 줄 알고 가볍게 나갔는데 배신감이 들더라.	N	2022-07-08 14:53:53	2022-11-08 04:11:25
BE22007291	6	1	그럴 수 있지. 아무래도 어디 간다고 말을 안 했으니까 갑자기 정신과에 데려가면 나라도 당황스러울 것 같다.	N	2022-07-08 14:53:53	2022-11-08 04:11:25
BE22007291	7	0	나한테 솔직하게 같이 정신과에 가보자고 말했으면, 이유가 있겠거니 생각하고 갔을 텐데. 날 미덥지 않다고 여기는 것 같아서 상처받았어. 나도 아내를 믿고 있었는데 그런 식으로 나오니까 마음에 상처를 입었지.	N	2022-07-08 14:53:53	2022-11-08 04:11:25
BE22007291	8	1	아내가 너를 못 믿는 거 같아서 속상했겠네. 부부 사이에 신뢰가 깨진다는 건 고통스러운 일이지.	N	2022-07-08 14:53:53	2022-11-08 04:11:25
BE22007291	9	0	아내는 나를 어떻게 생각하는 걸까? 내가 남편이 아니라 아들이라고 생각하는 것 같아.	N	2022-07-08 14:53:53	2022-11-08 04:11:25
BE22007291	10	1	직장에서도 인정받아서 이번에 승진도 했고, 주변에 어려운 일이 있으면 나서서 도와주잖아. 아내도 너의 그런 믿음직한 면을 보면 너를 믿고 이해할 거야.	N	2022-07-08 14:53:53	2022-11-08 04:11:25
BE22007291	11	0	내가 평소에 잘못해서 그런 건가 싶고, 속상해. 나는 아내에게 잘한다고 생각했는데 아내는 그렇게 생각하지 않았나 봐. 서로 생각하는 게 다르니까 이런 일이 생긴 것 같네.	N	2022-07-08 14:53:53	2022-11-08 04:11:25
BE22007291	12	1	아내에게 그런 마음을 솔직하게 터놓고 말해봐. 그리고 같이 상담을 꾸준히 받으면 아내도 너의 성실함을 알아줄 거니까 너무 마음 쓰지 마. 네가 아내에게 잘하고 있다는 거 아내도 말은 안 했지만 잘 알고 있을 거야.	N	2022-07-08 14:53:53	2022-11-08 04:11:25
BE22007291	13	0	그래, 같이 상담받으러 다니면서 진지하게 얘기해 봐야겠다. 서로 이야기 나누다 보면 오해도 풀리고 감정의 골도 풀리겠지.	N	2022-07-08 14:53:53	2022-11-08 04:11:25
BE22007291	14	1	그래, 이 기회에 너희 부부끼리 대화를 잘 해봐. 잘 해결되도록 내가 응원할게.	N	2022-07-08 14:53:53	2022-11-08 04:11:25
BE22007291	15	0	응, 고마워. 그렇게 해볼게.	Y	2022-07-08 14:53:53	2022-11-08 04:11:25
