id	utterance_id	utterance_type	utterance_text	terminate	regDate	updDate
BE22004729	1	0	어머니가 재혼을 하셔서 동생이랑 흩어지게 되었어.	N	2022-06-28 12:03:49	2022-11-08 03:54:49
BE22004729	2	1	어떡해... 그러면 누가 동생을 데려가신 거야?	N	2022-06-28 12:03:49	2022-11-08 03:54:49
BE22004729	3	0	어머니가 데려가셨어. 나는 아버지랑 살기로 했고... 근데 마치 어머니한테 버려진 느낌이 들어서 내 마음에 상처를 입었어.	N	2022-06-28 12:03:49	2022-11-08 03:54:49
BE22004729	4	1	네가 얼마나 동생이랑 어머니를 좋아했는지 아는데 네가 이렇게 슬퍼하니까 나도 마음이 안 좋네. 네가 너무 상처받았을 것 같아서 내 마음이 다 찢어지는 것 같아.	N	2022-06-28 12:03:49	2022-11-08 03:54:49
BE22004729	5	0	응. 왜 어머니는 동생과 나를 다 데려가지 않으시고 동생만 데려가신 걸까? 내가 싫어서 그러신 걸까? 너무 마음이 아파.	N	2022-06-28 12:03:49	2022-11-08 03:54:50
BE22004729	6	1	동생이 더 어리니까 더 보살핌이 필요하다고 생각하셔서 그러신 걸 거야. 어머님이 너를 사랑하고 믿으시니까 그런 선택을 하셨지 절대 네가 싫어서 그러신 게 아닐 거야. 너무 상처받지 마.	N	2022-06-28 12:03:49	2022-11-08 03:54:50
BE22004729	7	0	정말 그럴까? 근데 어머니는 나한테 그런 얘기를 한 번도 해주시지 않았어.	N	2022-06-28 12:03:49	2022-11-08 03:54:50
BE22004729	8	1	어머님도 지금 너무 혼란스러우시고 또 너한테 미안하셔서 말씀하지 못하신 거 아닐까? 상황이 나아지면 어머님이 너에게 차근차근 설명해주실 거라 생각해. 그때까지 우리 마음 편하게 있어 보자.	N	2022-06-28 12:03:49	2022-11-08 03:54:50
BE22004729	9	0	그랬으면 좋겠다. 어머니랑 동생이 너무 보고 싶을 땐 어떡하지? 너무 많이 보고 싶을 것 같아.	N	2022-06-28 12:03:49	2022-11-08 03:54:50
BE22004729	10	1	그럴 때는 전화해서 만나면 되지. 떨어져서 산다고 가족이 아니게 된 게 아니잖아. 언제든 가족들은 너를 반겨줄 거야.	N	2022-06-28 12:03:49	2022-11-08 03:54:50
BE22004729	11	0	네가 그렇게 말해주니까 좀 마음이 괜찮아지는 것 같아. 너무 상처받지 말고 나 스스로도 앞으로 어떻게 할지 생각해봐야겠어.	N	2022-06-28 12:03:49	2022-11-08 03:54:50
BE22004729	12	1	그래. 가족들은 항상 너를 사랑하고 네 편이라는 거 잊지 말고. 나 또한 네 편이니까 언제든 고민 있으면 말해.	N	2022-06-28 12:03:49	2022-11-08 03:54:50
BE22004729	13	0	응. 네가 아니었으면 나 혼자 또 우울해하면서 괴로워하고 있었을 거야. 정말 고마워.	N	2022-06-28 12:03:49	2022-11-08 03:54:50
BE22004729	14	1	도움이 되었다니 다행이다. 오늘도 평안한 밤 보내길 바라.	Y	2022-06-28 12:03:49	2022-11-08 03:54:50
