id	utterance_id	utterance_type	utterance_text	terminate	regDate	updDate
BE22005310	1	0	나 사실 너에게 할 말이 있어. 나 요즘 와이프 말고 다른 여자를 만나고 싶은 생각이 들어.	N	2022-06-30 01:24:51	2022-11-08 03:58:36
BE22005310	2	1	뭐? 무슨 일이 있었어?	N	2022-06-30 01:24:51	2022-11-08 03:58:36
BE22005310	3	0	너무 창피한 이야기라 너한테 말하는 것도 힘들긴 한데 와이프가 다른 남자를 만나는 것 같아.	N	2022-06-30 01:24:51	2022-11-08 03:58:36
BE22005310	4	1	와, 그런 일이 일어나다니 믿을 수가 없어. 너희 둘이 너무 잘 지내서 전혀 그런 낌새는 못 챘는데. 완전 내가 태어나서 들은 일 중에 가장 쇼킹한 일인데 너는 마음이 어땠겠어.	N	2022-06-30 01:24:51	2022-11-08 03:58:36
BE22005310	5	0	너무 깊은 상처를 받아서 이제 영원히 회복 불가능할 것 같아. 이혼이란 단어가 맴도는데 아이들 때문에 그건 못 할 거 같고. 그러니 뭔가 억울함이 마음에서 터져 나오는 것 같아.	N	2022-06-30 01:24:51	2022-11-08 03:58:36
BE22005310	6	1	나도 이렇게 화가 나는데 너의 마음은 정말 상처로 갈기갈기 찢어지는 게 당연해. 정말 힘들겠다 너. 도대체 이런 일이 어떻게 생긴 건지 나도 혼란스럽다.	N	2022-06-30 01:24:51	2022-11-08 03:58:36
BE22005310	7	0	내가 뭘 잘못한 걸까 하는 생각도 들고 괴로워.	N	2022-06-30 01:24:51	2022-11-08 03:58:36
BE22005310	8	1	그런 마음 이해하지만 너는 잘못한 것이 없어. 자꾸 자책하지 마. 너가 얼마나 가족을 사랑하고 위해왔는지 누구보다 내가 잘 알아. 넌 누구보다 자상하고 따뜻한 남편이자 아빠였다고.	N	2022-06-30 01:24:51	2022-11-08 03:58:36
BE22005310	9	0	그런가. 그런데 왜 와이프는 다른 남자를 만난 걸까?	N	2022-06-30 01:24:51	2022-11-08 03:58:36
BE22005310	10	1	그건 개인적인 또 다른 이슈가 있겠지. 믿었던 와이프에게 배신을 당했으니 그 상처감은 상상할 수 없을 정도로 깊을 거야. 상처를 준 사람이 잘못이지 너의 잘못이 아니야.	N	2022-06-30 01:24:51	2022-11-08 03:58:36
BE22005310	11	0	이혼을 못 할 바에 나도 다른 여자를 만나야겠다는 생각이 들기 시작하더라구. 이런 생각이 들다니 나도 참 못난 인간 같아.	N	2022-06-30 01:24:51	2022-11-08 03:58:36
BE22005310	12	1	아니 그렇게 배신당했으니 당연히 너도 복수하고 싶은 마음이 들지. 정말 다른 사람을 사랑해서 만나고 싶은 것도 아니니 자책할 필요 절대 없어. 아무리 착한 사람이라도 이렇게 참담한 상황이면 그런 생각 할 수 있어.	N	2022-06-30 01:24:51	2022-11-08 03:58:36
BE22005310	13	0	그래. 내가 너무 상처가 깊어서 사리분별도 안 되고 모든 게 혼란스럽다. 이 상황에서 벗어나고 싶을 뿐이야.	N	2022-06-30 01:24:51	2022-11-08 03:58:36
BE22005310	14	1	일단 마음을 진정시키고 차분하게 상황을 냉정하게 바라보자. 너의 감정이 무엇인지도 조금이라도 여유가 생기면 분명히 알 수 있을 거야. 상처받고 마음이 힘들 때는 그 마음을 오롯이 보듬어줄 시간이 필요할 것 같아.	N	2022-06-30 01:24:51	2022-11-08 03:58:36
BE22005310	15	0	그래. 상황은 이렇지만 쓸데없는 생각 말고 일단 냉정을 되찾아야겠다. 무엇보다 나와 아이들을 위해서라도.	N	2022-06-30 01:24:51	2022-11-08 03:58:36
BE22005310	16	1	그래. 조만간 직접 만나서 다시 이야기해보자. 마음이 많이 힘들었을 텐데 눈이라도 좀 붙이고 쉬어.	N	2022-06-30 01:24:51	2022-11-08 03:58:36
BE22005310	17	0	고맙다. 이런 얘기를 할 친구가 있다는 게 그나마 지금 나에게 위로가 된다.	N	2022-06-30 01:24:51	2022-11-08 03:58:36
BE22005310	18	1	별말씀을. 난 늘 네 편이라고.	Y	2022-06-30 01:24:51	2022-11-08 03:58:36
