id	utterance_id	utterance_type	utterance_text	terminate	regDate	updDate
BE22002061	1	0	너 그런 느낌 알지? 누가 자꾸 뒤에서 나 욕하고 따돌리는 느낌.	N	2022-06-18 17:50:51	2022-11-08 03:37:44
BE22002061	2	1	그 싸한 기운이 따라다니는 거 잘 알지. 근데 갑자기 그걸 왜 물어?	N	2022-06-18 17:50:51	2022-11-08 03:37:44
BE22002061	3	0	나 요즘 사내 따돌림당하는 중인 거 같아. 되게 은근히 나를 멀리하는 느낌이 들어.	N	2022-06-18 17:50:51	2022-11-08 03:37:44
BE22002061	4	1	이유도 모르고 그런 일을 당할 때가 있지. 회사생활이라는 게 뭐가 진실인지 상관없이 그냥 그렇게 될 때가 있더라. 괜찮니?	N	2022-06-18 17:50:51	2022-11-08 03:37:44
BE22002061	5	0	누구라도 붙잡고 이게 사실이냐고 묻고 싶은 지경이야. 근데 엄두가 안 나.	N	2022-06-18 17:50:51	2022-11-08 03:37:44
BE22002061	6	1	당연히 그럴 거야. 그럴 때 지금 나 따돌림당하고 있냐고 물을 수 있는 사람이 몇이나 되겠어. 많이 속상하겠다.	N	2022-06-18 17:50:51	2022-11-08 03:37:44
BE22002061	7	0	벙어리 냉가슴 앓듯 그러고 있어. 누구한테 물어봐야 할지도 모르겠다. 이미 고립된 것 같아.	N	2022-06-18 17:50:51	2022-11-08 03:37:44
BE22002061	8	1	그 마음 이해해. 뭔가 잘못되어 가는 것 같은데 어떻게 손을 써야 할지 모르는 거. 그렇지만 정신 차리고 더 늦기 전에 이 문제에 대해 짚고 넘어가야 해.	N	2022-06-18 17:50:51	2022-11-08 03:37:44
BE22002061	9	0	알아, 알면서 어떻게 하지 고민하며 시간만 때우고 있어. 나 정말 어쩌면 좋니?	N	2022-06-18 17:50:51	2022-11-08 03:37:44
BE22002061	10	1	입사 동기를 찾아서 그 친구에게 물어봐. 그게 제일 빠를 거야. 닥친 문제를 직면하는 게 무척 버겁겠지만, 용기를 냈으면 좋겠다.	N	2022-06-18 17:50:51	2022-11-08 03:37:44
BE22002061	11	0	그러다가 정말 완전히 따돌림을 당하기 시작하면 어떡하지?	N	2022-06-18 17:50:51	2022-11-08 03:37:44
BE22002061	12	1	한 명씩 찾아다니면서 이유를 묻고 대화를 하면서 설명하면 그러지 않을 거야. 네가 어떤 사람인지 알면 네 편이 반드시 생길 거라 믿어. 고립된 상황을 벗어나는 게 급선무니까, 그게 도움이 될 거야.	N	2022-06-18 17:50:51	2022-11-08 03:37:44
BE22002061	13	0	그래, 정말 마음을 굳건히 먹어볼게. 내가 이렇게 고립될 이유가 없잖아. 잘못한 것도 없는데, 그렇지?	N	2022-06-18 17:50:51	2022-11-08 03:37:44
BE22002061	14	1	그럼, 뭔가 오해가 있을 테고 넌 그걸 바로 잡을 수 있을 거야. 그러면 고립된 상황을 벗어나고 네가 괜찮아질 수 있을 거야. 친구야, 너는 선한 사람이니까 반드시 좋은 결과가 있으리라 믿어 힘을 내.	N	2022-06-18 17:50:51	2022-11-08 03:37:44
BE22002061	15	0	알았어. 용기를 줘서 고마워. 나 잘 해볼게. 연락할게!	Y	2022-06-18 17:50:51	2022-11-08 03:37:44
