id	utterance_id	utterance_type	utterance_text	terminate	regDate	updDate
BE22001899	1	0	너, 저번에 만났던 내 남자 친구 기억해? 사실 나 그 사람이랑 헤어졌어.	N	2022-06-17 07:28:58	2022-11-08 03:36:41
BE22001899	2	1	뭐라고? 무슨 일 있었어? 너 그 사람 정말 좋아했잖아. 너희들은 결혼할 거라고 생각했는데.	N	2022-06-17 07:28:58	2022-11-08 03:36:41
BE22001899	3	0	그게 사실은, 그 사람이 사기죄로 구속되었어. 나도 최근에 안 일이야.	N	2022-06-17 07:28:58	2022-11-08 03:36:41
BE22001899	4	1	어머 세상에, 정말이야? 어떻게 해... 너무 놀랐겠다. 너 지금은 괜찮아?	N	2022-06-17 07:28:58	2022-11-08 03:36:41
BE22001899	5	0	사실 아직도 많이 놀라고 슬퍼. 세상에 믿을 사람 없다는 느낌도 들고. 나는 왜 이렇게 사람 보는 눈이 없을까?	N	2022-06-17 07:28:58	2022-11-08 03:36:41
BE22001899	6	1	평생 정직하게만 살아온 네가 어떻게 그 사람이 사기를 칠 거라고 생각이나 했겠어. 그건 네 잘못이 아니야.	N	2022-06-17 07:28:58	2022-11-08 03:36:41
BE22001899	7	0	그래도 그렇지. 그 사람과 결혼까지 생각했었는데 도대체 난 왜 이렇게 멍청하냐구.	N	2022-06-17 07:28:58	2022-11-08 03:36:41
BE22001899	8	1	그 사람이 워낙 사람 속이는 데 능숙한 사기꾼인데, 너처럼 착하고 순진한 애가 속는 건 당연한 거야. 그건 그 사람이 잘못 한 거지 네가 잘못한 건 아냐. 그리고 결혼 전에 알게 된 게 정말 다행인 거 아냐?	N	2022-06-17 07:28:58	2022-11-08 03:36:41
BE22001899	9	0	그렇긴 한데 이제 다시는 사람을 못 만날 것 같아.	N	2022-06-17 07:28:58	2022-11-08 03:36:41
BE22001899	10	1	결혼까지 약속할 정도로 믿었던 사람에게 상처를 입었으니 쉽게 아물지는 않겠지만 아직 세상에는 좋은 사람이 많아. 이번에는 네가 운이 좀 안 좋았을 뿐이야. 곧 좋은 사람이 나타날 거야.	N	2022-06-17 07:28:58	2022-11-08 03:36:41
BE22001899	11	0	네 얘기를 들어보니 내 잘못이 아닌 것 같기도 하다. 나는 그동안 다 사람 보는 눈이 없는 내 탓인 줄 알았거든.	N	2022-06-17 07:28:58	2022-11-08 03:36:41
BE22001899	12	1	그런 걱정 하지 마. 앞으로는 너한테 나타나는 사람들은 우리 친구들이 모두 몰려가서 확인해줄게.	N	2022-06-17 07:28:58	2022-11-08 03:36:42
BE22001899	13	0	우리 친구들 정말 든든하네.	N	2022-06-17 07:28:58	2022-11-08 03:36:42
BE22001899	14	1	좋은 경험을 했다 생각하고 마음 편히 가져.	N	2022-06-17 07:28:58	2022-11-08 03:36:42
BE22001899	15	0	정말 고마워, 친구야.	Y	2022-06-17 07:28:58	2022-11-08 03:36:42
