id	utterance_id	utterance_type	utterance_text	terminate	regDate	updDate
BE22010244	1	0	우리 부모님은 왜 매번 나를 속상하게 할까. 오랜만에 본가 내려왔는데 괜히 온 것 같아.	N	2022-07-19 09:22:57	2022-11-08 04:30:21
BE22010244	2	1	괜찮아? 혹시 무슨 일 있었어?	N	2022-07-19 09:22:57	2022-11-08 04:30:21
BE22010244	3	0	오랜만에 얼굴 보는 건데도 보자마자 결혼은 언제 할 거냐고 하더라. 볼 때마다 결혼하지 않는다고 잔소리만 늘어놓으니까 너무 괴로워. 이제는 듣기만 해도 상처가 되는 말이 되어 버렸어.	N	2022-07-19 09:22:57	2022-11-08 04:30:21
BE22010244	4	1	가벼운 마음으로 먼 길을 떠났는데 불편한 말을 들어서 마음이 좋지 않았구나. 그런 너의 마음은 알아주지 않으시고 잔소리만 하셔서 기분도 많이 상했지.	N	2022-07-19 09:22:57	2022-11-08 04:30:21
BE22010244	5	0	너한테도 말했지만 난 결혼 생각이 별로 없거든. 좋은 사람을 만나면 할 수도 있겠지만 지금은 생각이 없어. 매번 강요하실 때마다 너무 괴롭고 마음을 누가 할퀴는 것처럼 아파져.	N	2022-07-19 09:22:57	2022-11-08 04:30:21
BE22010244	6	1	결혼하지 않는 것도 너의 선택인데 그 선택을 존중해 주시지 않아서 더욱 괴로워졌구나. 내가 믿고 의지하는 가족이 내 뜻을 존중해 주지 않으면 정말 괴롭잖아. 전해 듣는 나도 속상한데 너는 오죽할까.	N	2022-07-19 09:22:57	2022-11-08 04:30:21
BE22010244	7	0	자꾸 이러시니까 본가에 오는 것도 망설여져. 오늘도 거의 두 달 만에 온 건데 얼른 집으로 돌아가고 싶은 마음밖에 없어. 상처만 점점 늘어나니까 두 분을 보는 것도 지친다.	N	2022-07-19 09:22:57	2022-11-08 04:30:21
BE22010244	8	1	그래도 언젠가 너의 뜻을 알아주실 거야. 너처럼 성실하고 총명하게 자기 삶을 꾸려 가는 사람이 또 없으니까.	N	2022-07-19 09:22:57	2022-11-08 04:30:21
BE22010244	9	0	내일 아침에 다시 한번 얘기해야겠어. 계속해서 나한테 상처가 되는 말을 듣고 싶지 않아. 그래도 내 마음 알아주는 사람이 있어서 괴롭던 마음이 편안해졌어.	N	2022-07-19 09:22:57	2022-11-08 04:30:21
BE22010244	10	1	정말 잘 생각했어. 가까운 사람일수록 서로를 존중할 필요가 있으니까. 또 너 상처가 되는 상황에서 너 자신을 지키기 위해서 노력하는 모습이 무척 멋지다.	N	2022-07-19 09:22:57	2022-11-08 04:30:21
BE22010244	11	0	그렇게 말해 줘서 고마워. 부모님 얘기를 듣다 보면 정말 내가 이상한 걸까 싶어지거든. 너랑 이야기하고 나니까 답답한 것들이 전부 사라졌어.	N	2022-07-19 09:22:57	2022-11-08 04:30:21
BE22010244	12	1	나는 앞으로도 너에게 도움이 될 수 있는 거라면 뭐든 할 거야. 지금도 조금이라도 도움이 되어서 정말 다행이야.	N	2022-07-19 09:22:57	2022-11-08 04:30:21
BE22010244	13	0	앞으로도 힘든 일 있으면 너한테 이야기해도 되지? 일단 난 이만 잘게. 너도 남은 하루 즐겁게 보내.	N	2022-07-19 09:22:57	2022-11-08 04:30:21
BE22010244	14	1	당연하지, 언제든 편하게 연락해.	Y	2022-07-19 09:22:57	2022-11-08 04:30:21
