id	utterance_id	utterance_type	utterance_text	terminate	regDate	updDate
BE22006918	1	0	우리 아들이 나보고 살 좀 빼래.	N	2022-07-07 11:43:39	2022-11-08 04:09:03
BE22006918	2	1	너 열심히 다이어트 하고 있잖아. 아들이 잘못 말한 거 아냐?	N	2022-07-07 11:43:39	2022-11-08 04:09:03
BE22006918	3	0	모르겠어. 나 진짜 열심히 하고 있어. 지금 다이어트 시작한 지 한 달 지났는데 6kg 정도 빠졌거든. 근데 아들이 내 노력을 못 알아보고 잔소리를 하는데 너무 억울해서 눈물이 나.	N	2022-07-07 11:43:39	2022-11-08 04:09:03
BE22006918	4	1	한 달에 6kg 뺀 거면 대단한 거 아냐? 난 네가 일과 가정까지 신경 쓰면서 그렇게 다이어트 하는 게 정말 대단하다고 생각하는걸?	N	2022-07-07 11:43:39	2022-11-08 04:09:03
BE22006918	5	0	나도 스스로 대견하다고 생각하면서 하고 있었어. 그런데 아들이 갑자기 살 좀 뺴라고 하는 거야. 나는 열심히 노력하고 있는데 그걸 몰라주니까 너무 속상하고 억울해.	N	2022-07-07 11:43:39	2022-11-08 04:09:03
BE22006918	6	1	너는 정말 열심히 운동했는데 아들이 노력을 인정해주지 않아서 많이 억울했겠다. 내가 그런 상황이었으면 너무 속상해서 다이어트도 포기했을 것 같아.	N	2022-07-07 11:43:39	2022-11-08 04:09:03
BE22006918	7	0	나도 포기하고 싶었어. 근데 이대로 포기해버리면 아들에게 지는 것 같아서 더 억울할 것 같아. 그래서 더 구체적인 다이어트 계획을 작성해서 완벽하게 살을 빼고 당당하게 이들에게 말하려고.	N	2022-07-07 11:43:39	2022-11-08 04:09:03
BE22006918	8	1	정말 좋은 생각이야. 나한테까지 너의 굳은 의지가 전달된것 같아.	N	2022-07-07 11:43:39	2022-11-08 04:09:03
BE22006918	9	0	내가 효과적인 다이어트 방법을 몰라서 아들이 그렇게 얘기한 걸까? 나는 나름 열심히 한다고 생각했는데 제대로 안 되는 것 같아. 그래서 내가 못난 탓인 것 같아서 속상해.	N	2022-07-07 11:43:39	2022-11-08 04:09:03
BE22006918	10	1	네가 못나서가 아니야. 다른 사람들은 도전하기도 전에 포기하는 경우가 대부분인데 너는 이미 한 달째 하고 있잖아. 넌 이미 남들보다 한 발자국 앞서 나가 있는 거야. 잘하고 있어.	N	2022-07-07 11:43:39	2022-11-08 04:09:03
BE22006918	11	0	그렇게 말해줘서 고마워. 덕분에 억울했던 감정이 다이어트를 향한 의지로 바뀐 것 같아.	N	2022-07-07 11:43:39	2022-11-08 04:09:03
BE22006918	12	1	고맙긴 뭘. 다 너의 의지와 노력이 강해서 가능한 일이야. 상처받지 말고 자신감을 가져!	N	2022-07-07 11:43:39	2022-11-08 04:09:03
BE22006918	13	0	알겠어. 네가 말해준 대로 자신감을 가져볼게. 아들에게 당당한 모습을 보여줘야겠어!	N	2022-07-07 11:43:39	2022-11-08 04:09:03
BE22006918	14	1	넌 잘하고 있어! 기죽지 말자! 파이팅!	Y	2022-07-07 11:43:39	2022-11-08 04:09:03
