id	utterance_id	utterance_type	utterance_text	terminate	regDate	updDate
BE22010237	1	0	오늘 내 세상이 무너졌어. 어떻게 이런 일이 나한테 벌어진 거지?	N	2022-07-19 09:06:10	2022-11-08 04:30:18
BE22010237	2	1	왜 그래? 무슨 일 있었어?	N	2022-07-19 09:06:10	2022-11-08 04:30:18
BE22010237	3	0	노트북으로 중요한 작업을 하고 있었는데, 백업을 제대로 안 해서 자료가 다 날아가 버렸어. 거의 다 했는데 이렇게 됐다는 게 너무 충격적이야. 다 날아간 걸 보고 있으니까 마음에도 큰 상처가 생긴 것처럼 고통스러워.	N	2022-07-19 09:06:10	2022-11-08 04:30:18
BE22010237	4	1	그게 어떤 고통인지 나도 너무 잘 알지. 공들여 만든 것들이 한순간에 사라져 버렸다는 사실 하나로 마음이 무너져 내리잖아. 말도 못 꺼낼 만큼 속상하고 괴롭기도 하고.	N	2022-07-19 09:06:10	2022-11-08 04:30:18
BE22010237	5	0	누가 내 머리 위에 엄청 무거운 돌을 떨어뜨린 것 같아. 이런 일이 생길 때마다 정말 크게 상처받게 돼. 내 실수라는 걸 알아도 그래.	N	2022-07-19 09:06:10	2022-11-08 04:30:18
BE22010237	6	1	내가 너였어도 분명 그랬을 거야. 전해 듣는 나한테도 너무 충격적인 일인데 너는 오죽했을까.	N	2022-07-19 09:06:10	2022-11-08 04:30:18
BE22010237	7	0	너무 허무하고 속상해. 충격이 너무 심해서 아무것도 하고 싶지 않아. 손에서 전부 다 놓아 버리고 싶어.	N	2022-07-19 09:06:10	2022-11-08 04:30:18
BE22010237	8	1	처음부터 다시 시작해야 한다는 사실만 해도 막막하고 괴롭지. 내가 뭐든 도움이 될 수 있으면 좋을 테지만 그럴 수 없어서 정말 속상하다. 그래도 너라면 다시 하게 되어도 분명 잘할 수 있을 거야.	N	2022-07-19 09:06:10	2022-11-08 04:30:18
BE22010237	9	0	울면서 겨자 먹는 심정으로 다시 해야 할 것 같기는 해. 그래도 기억에 남아 있을 때 얼른 시작하는 게 낫겠지. 아까보다 훨씬 차분해지는 것 같아.	N	2022-07-19 09:06:10	2022-11-08 04:30:18
BE22010237	10	1	지금까지 정말 열심히 했으니까 기억 속에도 분명 남아 있을 거야. 너처럼 성실하고 끈기 있는 사람이라면 그 과정에서 더 멋지게 해낼 수 있을 거라고 장담해. 그래도 포기하지 않고 다시 시작하려는 마음가짐이 정말 멋지다.	N	2022-07-19 09:06:10	2022-11-08 04:30:18
BE22010237	11	0	처음에는 답답한 만큼 상처도 크게 느껴졌는데 이제는 점점 괜찮아지고 있어. 충격받은 상태에 멈춰 있지 않고 너랑 대화하니까 머리도 맑아지는 것 같아.	N	2022-07-19 09:06:10	2022-11-08 04:30:18
BE22010237	12	1	친구로서 어려운 일이 있을 때 이야기를 들어 주는 건 당연한 일이지. 내가 도움을 줄 수 있는 게 없어서 아쉬울 따름이야. 그래도 조금만 더 힘내.	N	2022-07-19 09:06:10	2022-11-08 04:30:18
BE22010237	13	0	응, 이번에는 백업 제대로 해서 다시는 자료가 날아가지 않게 해야겠어. 덕분에 기분도 훨씬 괜찮아졌어, 고마워.	N	2022-07-19 09:06:10	2022-11-08 04:30:18
BE22010237	14	1	언제든 하고 싶은 얘기가 생기면 또 연락해.	Y	2022-07-19 09:06:10	2022-11-08 04:30:18
