id	utterance_id	utterance_type	utterance_text	terminate	regDate	updDate
BE22010039	1	0	나 정말 사업에 소질이 없는 걸까. 벌써 이번이 두 번째 시도인데 또 망할 것 같아. 너무 괴롭다.	N	2022-07-19 03:12:47	2022-11-08 04:29:03
BE22010039	2	1	작년부터 새로 시도하는 사업이 있다더니 잘 안되었나 보네. 그 마음이 얼마나 괴로울까 싶어서 걱정이 많이 되네. 괜찮아?	N	2022-07-19 03:12:47	2022-11-08 04:29:03
BE22010039	3	0	아니. 사실 좀 힘들어. 그동안 사업하면서 사람들에게 상처도 많이 받았거든. 난 순수하게 호의로 다가서면 꼭 무언가 배신당하는 일이 생기더라.	N	2022-07-19 03:12:47	2022-11-08 04:29:03
BE22010039	4	1	너의 순수한 마음을 이용하는 사람들이 있었나 보네. 그럴 땐 정말 인간관계에 대해 실망하고 상처받게 되지. 나도 예전에 한 사람한테 사기당해서 그런 심정을 이해해.	N	2022-07-19 03:12:47	2022-11-08 04:29:03
BE22010039	5	0	맞아. 특히 내가 믿었던 사람에게 그런 일을 당하면 정말 괴로워. 그래서 더 지금 사업을 그만두어야 할까 하고 고민 중이야. 모든 게 너무 힘들거든.	N	2022-07-19 03:12:47	2022-11-08 04:29:03
BE22010039	6	1	많이 지치고 힘든 네 마음이 느껴져서 속상해. 그래도 감정화자야, 그동안 네가 노력해온 것들이 있잖아. 나는 그 노력이 분명 조만간 빛을 볼 거라고 생각해.	N	2022-07-19 03:12:47	2022-11-08 04:29:03
BE22010039	7	0	정말 그럴까? 그래 그동안 나 노력 진짜 많이 했지. 그래서 더 고민이 많아.	N	2022-07-19 03:12:47	2022-11-08 04:29:03
BE22010039	8	1	지금까지는 그냥 높은 곳으로 향하기 위해 디딤돌을 밟는 시기였던 거야. 너를 괴롭게 했던 사람들 안 좋았던 기억들이 많지? 그게 널 성장 시켜줄 동력원으로 작용하려고 생겼던 일이라고 생각하면 어때?	N	2022-07-19 03:12:47	2022-11-08 04:29:03
BE22010039	9	0	와, 그렇게 생각할 수 있구나. 네 말을 듣고 보니 정말 그런 순간들은 나를 성장시키고 더 나은 방향으로 나가게 해주었어.	N	2022-07-19 03:12:47	2022-11-08 04:29:03
BE22010039	10	1	내가 아는 넌 위기에서 항상 방법을 찾아내는 친구였어. 그리고 어려운 상황이 닥치면 그걸 너의 힘으로 발판 삼아 더 높은 곳으로 나아가더라. 그러니까 분명 지금, 이 순간도 그렇게 잘 넘길 거야.	N	2022-07-19 03:12:47	2022-11-08 04:29:03
BE22010039	11	0	지난 시절을 생각해보니 정말 그렇구나. 네 덕분에 몰랐던 나를 새삼 알게 된 것 같아. 고마워 네 덕분에 다시 새롭게 시작할 수 있을 것 같아.	N	2022-07-19 03:12:47	2022-11-08 04:29:03
BE22010039	12	1	나는 널 오랫동안 지켜봐 왔잖아. 그러니 네가 얼마나 고민하며 이 길로 왔을지도 지켜보았어. 그런 사업을 지금 그만둔다는 건 너무 아쉬우니까 한 번만 더 생각해보자.	N	2022-07-19 03:12:47	2022-11-08 04:29:03
BE22010039	13	0	그래. 네 말을 들으니 마음이 좀 편안해졌어. 본래 이 정도로 상처받았다고 나 괴로워하는 타입은 아니었는데 그동안 많이 지쳤었나 봐. 나 다시 잘 해볼게.	N	2022-07-19 03:12:47	2022-11-08 04:29:03
BE22010039	14	1	맞아. 몸과 마음이 힘들면 모든 걸 다 그만두고 싶을 때가 있지. 내 말로 위로가 되어서 다행이다. 우리 또 힘내보자.	N	2022-07-19 03:12:47	2022-11-08 04:29:03
BE22010039	15	0	고마워 정말. 다시 힘내서 일하러 가볼게. 우리 나중에 봐.	Y	2022-07-19 03:12:47	2022-11-08 04:29:03
