id	utterance_id	utterance_type	utterance_text	terminate	regDate	updDate
BE22010034	1	0	어떻게 이럴 수가 있어? 나 정말 상처받았어.	N	2022-07-19 02:58:53	2022-11-08 04:29:01
BE22010034	2	1	무슨 일인데 그래?	N	2022-07-19 02:58:53	2022-11-08 04:29:01
BE22010034	3	0	나 대학교 들어간 뒤로 집에서 통학하는 게 너무 힘들어서 부모님이 자취방 알아봐 주신댔거든. 공인중개사 안 쓰고 자취방 구했다더니, 알고 보니 엄마 아는 분이 하는 허름한 곳으로 구했지 뭐야. 내 의사는 전혀 고려 안 하고 집을 구했다니, 너무 상처받아.	N	2022-07-19 02:58:53	2022-11-08 04:29:01
BE22010034	4	1	그랬구나. 네가 혼자 지낼 곳인데 그렇게 일방적으로 네 거처가 정해졌다니 너무 속상했겠다.	N	2022-07-19 02:58:53	2022-11-08 04:29:01
BE22010034	5	0	그러니까. 나는 심지어 엄마 지인이라는 그분도 잘 모르고, 그 집이 어디에 있는지도 모른단 말이야. 어떻게 마지막까지 날 통제하려고 하는지 모르겠어.	N	2022-07-19 02:58:53	2022-11-08 04:29:01
BE22010034	6	1	어머니께서는 아는 분이시니까 널 믿고 맡길 수 있다고 생각하신 것 아닐까? 통제하려고 하는 게 아니라, 딸이 안전한 곳에서 지내길 바라는 마음이실 거야. 하지만 네 의사를 전혀 고려하지 않으셨으니 네가 속상할 만도 하지.	N	2022-07-19 02:58:53	2022-11-08 04:29:01
BE22010034	7	0	엄마가 날 걱정하는 건 알겠는데 그러면 적어도 나한테 선택지를 줬어야 하잖아. 말도 안 하고 구했다고 통보하니까 더 속상해.	N	2022-07-19 02:58:53	2022-11-08 04:29:01
BE22010034	8	1	부모님은 나랑 가장 가까운 관계인데 소통도 잘 안되고 그러면 너무 상처받지. 더군다나 네가 잘못한 일도 아닌데 말야.	N	2022-07-19 02:58:53	2022-11-08 04:29:01
BE22010034	9	0	내가 그렇게 믿음을 줄 수 없는 딸인 걸까? 고등학생 때까지만 해도 이러지 않았는데 대학생이 되니까 간섭이 더 심해지신 것 같아.	N	2022-07-19 02:58:53	2022-11-08 04:29:01
BE22010034	10	1	부모님 입장에서는 자녀들이 항상 걱정되기 마련이니까. 널 믿지 못해서가 아니고, 이 세상이 너무 흉흉해서 그런 것 아닐까? 너도 갓 스무 살인데, 부모님 입장에서는 아직 많이 어린 아이처럼 보일 수 있어.	N	2022-07-19 02:58:53	2022-11-08 04:29:01
BE22010034	11	0	앞으로 어디 놀러 가거나 할 때마다 그 집 주인이 엄마한테 다 말할 거 아냐. 내 일거수일투족이 그렇게 알려질 거라고 생각하니까 벌써 숨통이 막혀.	N	2022-07-19 02:58:53	2022-11-08 04:29:01
BE22010034	12	1	아직 집주인을 만나보지 않았으니 너무 걱정하지 말자. 그분도 너를 존중하신다면 함부로 네 얘기를 하지 않으실 거야.	N	2022-07-19 02:58:53	2022-11-08 04:29:01
BE22010034	13	0	그렇게 걱정되면 나한테 얘기를 먼저 하지. 나 혼자 지내는 거 불안하고 걱정된다고 엄마가 먼저 얘기한 적도 없어.	N	2022-07-19 02:58:53	2022-11-08 04:29:01
BE22010034	14	1	어머니께서도 조심스러우셨나 봐. 너무 힘들면 네가 먼저 부모님께 자주 연락드리고, 어떻게 지내고 있는지 말씀드려보는 건 어때? 그러면 부모님도 걱정을 덜 하실 거야.	N	2022-07-19 02:58:53	2022-11-08 04:29:01
BE22010034	15	0	네 말을 듣고 보니까 나도 엄마한테 연락을 잘 안 했던 것 같아서 반성하게 되네. 지금부터라도 내가 먼저 전화도 자주 하고 해서 걱정을 좀 덜 시켜드려야겠어.	N	2022-07-19 02:58:53	2022-11-08 04:29:01
BE22010034	16	1	어차피 얼마간은 그 집에서 지내야 할 텐데, 긍정적으로 생각해보자. 막상 거기서 지내다 보면 생각보다 괜찮을지도 몰라. 네가 대학생이 된 지 얼마 안 됐으니 부모님도 걱정이 많으셔서 그런 걸 거야.	N	2022-07-19 02:58:53	2022-11-08 04:29:01
BE22010034	17	0	이미 집도 구했고 학교도 다녀야 하니까 어쩔 수 없겠지. 엄마 마음을 이해해보려고 노력해봐야겠네.	N	2022-07-19 02:58:53	2022-11-08 04:29:01
BE22010034	18	1	그래. 아마 지내다 보면 그렇게 나쁘진 않을 거야. 일이 잘 해결돼서 네 상처받은 마음이 좀 회복되었으면 좋겠다.	Y	2022-07-19 02:58:53	2022-11-08 04:29:01
