id	utterance_id	utterance_type	utterance_text	terminate	regDate	updDate
BE22006428	1	0	나 어제 엄마한테 상처받는 말을 들었어.	N	2022-07-06 03:15:46	2022-11-08 04:05:45
BE22006428	2	1	엄마랑? 무슨 일 때문인데?	N	2022-07-06 03:15:46	2022-11-08 04:05:45
BE22006428	3	0	내가 사실은 며칠 전부터 바다 오염물로 고통받는 동물들을 보고 제로 웨이스트 운동에 동참하기 시작했거든.	N	2022-07-06 03:15:46	2022-11-08 04:05:45
BE22006428	4	1	너 정말 훌륭하다. 관심 없는 사람들도 많고 요즘 시국에 그렇게 실천하기 쉽지 않은데. 완전 멋있어. 도대체 이런 멋진 딸에게 어머니가 뭘로 상처를 주신 거야?	N	2022-07-06 03:15:46	2022-11-08 04:05:45
BE22006428	5	0	어머 그렇게 말해주니 고마워. 하지만 우리 엄마는 이런 날 이해를 못 해주고 오히려 면박을 줘서 속이 너무 상했어.	N	2022-07-06 03:15:46	2022-11-08 04:05:45
BE22006428	6	1	어떤 일이 있었는지 자세히 알 수 있을까?	N	2022-07-06 03:15:46	2022-11-08 04:05:45
BE22006428	7	0	어제 엄마가 집에서 15분 거리인 가게에서 찜닭을 시켜 먹자길래 냄비를 들고 나갔다 오자고 했다? 그랬더니 한숨을 푹 쉬더니 나같이 유난 떠는 애도 처음 본다는 거야. 엄마의 그만하라는 경멸의 눈빛을 보고 너무 상처를 받아서 울고 결국은 안 갔어.	N	2022-07-06 03:15:46	2022-11-08 04:05:45
BE22006428	8	1	좋은 일 하려고 한 건데 엄마한테 그런 말을 들어서 많이 속상했겠다. 유난 떤다니 오히려 가게 사장님도 이런 훌륭한 손님이 있구나 생각하셨을 거 같은데. 어머니가 딸이 얼마나 멋진 행동을 실천하는 건지 정확히 잘 모르셔서 그러셨나 봐.	N	2022-07-06 03:15:46	2022-11-08 04:05:45
BE22006428	9	0	지난주에 카페에서도 한번 싸울 뻔했어. 잠깐 있다가 나갈 건데 왜 머그잔에 주냐고 따지길래 내가 환경을 위해서 그러는 거라고 타일렀거든. 그랬는데 엄마는 내가 사람들 앞에서 무안 준 게 기분이 나빴는데 화를 냈었어.	N	2022-07-06 03:15:46	2022-11-08 04:05:45
BE22006428	10	1	아이고 어머니가 요즘 환경보호 운동에 대해서 잘 모르셔서 네 행동을 이해하지 못하셨나 보다. 그래도 어머니가 한 말 너무 마음에 담아두지 마. 진심으로 하신 말이 아니라 홧김에 나온 말일 테니까.	N	2022-07-06 03:15:46	2022-11-08 04:05:45
BE22006428	11	0	딸이 지구를 위해 사소한 걸 실천한다는데도 칭찬 한마디 없이 상처만 주는 게 너무 속상해. 과연 내가 가족과 문제를 일으키면서까지 제로 웨이스트 운동을 하는 게 맞나 싶기도 하고.	N	2022-07-06 03:15:46	2022-11-08 04:05:45
BE22006428	12	1	내가 봤을 때는 어머니는 환경을 왜 지키는지 이해를 못 하시는 게 아닌 것 같아. 자세한 정보나 설명 없이 어머니가 보기에 유난스럽게 아끼려는 모습만 봐서 그렇게 말씀하시는 걸 거야. 공익광고들을 소개하면서 네가 이런 운동을 하는 이유를 차근차근 설명해 드리면 어때?	N	2022-07-06 03:15:46	2022-11-08 04:05:45
BE22006428	13	0	그렇구나. 생각해 보니 내가 아끼는 운동을 한다고만 했지. 내가 이 운동을 하려고 한 계기를 자세히 엄마한테 설명해 본 적은 없는 것 같아.	N	2022-07-06 03:15:46	2022-11-08 04:05:45
BE22006428	14	1	그럼 결론 나왔네. 환경도 지키고 엄마도 설득해서 함께 실천해 나가는 멋진 모녀가 돼보는 거야. 나도 동참할게. 너의 그 사소한 실천들에 감동받았어.	N	2022-07-06 03:15:46	2022-11-08 04:05:45
BE22006428	15	0	너까지? 나야 너무 좋지. 이렇게까지 자세하게 고민을 들어줘서 고마워. 이따 엄마한테 말해봐야겠다.	Y	2022-07-06 03:15:46	2022-11-08 04:05:45
