id	utterance_id	utterance_type	utterance_text	terminate	regDate	updDate
BE22008794	1	0	오늘 호텔에서 친구의 브라이덜 샤워가 있었어.	N	2022-07-14 05:43:32	2022-11-08 04:20:59
BE22008794	2	1	우와, 정말 화려하고 재밌었겠다. 그런데 기분이 안 좋아 보이네. 모임에서 무슨 일 있었어?	N	2022-07-14 05:43:32	2022-11-08 04:20:59
BE22008794	3	0	무슨 일이 있었던 건 아닌데 사실 행복해하는 친구를 보면서 질투가 나더라고. 나도 모르게 친구의 결혼 생활이 불행하길 빌었어.	N	2022-07-14 05:43:32	2022-11-08 04:20:59
BE22008794	4	1	그런 일이 있었구나. 그런 감정은 누구나 자연스럽게 가질 수 있어. 절대 네가 이상한 게 아니야.	N	2022-07-14 05:43:32	2022-11-08 04:20:59
BE22008794	5	0	과연 그럴까? 겉으로는 웃으면서 친구한테 축하한다고 말을 건네면서 속으로는 친구를 시기하고 질투하는 나 자신이 너무 끔찍해.	N	2022-07-14 05:43:32	2022-11-08 04:20:59
BE22008794	6	1	정말 많이 속상했나 보구나. 나도 취업 준비할 때 친구가 취업을 했다는 소식을 듣고 비슷한 감정을 느낀 적이 있어. 네 마음 충분히 이해해.	N	2022-07-14 05:43:32	2022-11-08 04:20:59
BE22008794	7	0	사실 얼마 전에 남자 친구랑 헤어진 후부터 다른 사람들의 연애에 대해서 비관적인 생각만 들어. 이런 나도 친구처럼 좋은 사람을 만나서 결혼할 수 있을까?	N	2022-07-14 05:43:32	2022-11-08 04:20:59
BE22008794	8	1	당연하지. 너는 내가 아는 누구보다 마음이 깊은 사람이야. 그런 네 따뜻한 마음을 알아주는 사람이 분명 나타날 거야.	N	2022-07-14 05:43:32	2022-11-08 04:20:59
BE22008794	9	0	정말 그렇게 생각해? 나는 오늘 나 자신에게 너무 실망했어.	N	2022-07-14 05:43:32	2022-11-08 04:20:59
BE22008794	10	1	그렇게 상심하지 마. 친구를 질투하는 것을 자책하는 감정도 사실은 그만큼 네가 주변 친구들을 소중하게 생각하기 때문이 아닐까?	N	2022-07-14 05:43:32	2022-11-08 04:20:59
BE22008794	11	0	그렇게도 생각할 수 있겠구나. 잘 생각해 보니까 나한테 소중한 친구한테 나쁜 생각을 했다는 죄책감 때문에 괴로웠던 것 같아.	N	2022-07-14 05:43:32	2022-11-08 04:20:59
BE22008794	12	1	응, 그런 생각이 들었는데도 친구를 위해 축하를 건네준 네가 나는 정말 대단하다고 생각해. 죄책감 가질 필요 없어.	N	2022-07-14 05:43:32	2022-11-08 04:20:59
BE22008794	13	0	네 말을 들으니까 기분이 많이 괜찮아졌어. 조언대로 나에 대한 죄책감을 내려놓으려고 노력해 볼게.	N	2022-07-14 05:43:32	2022-11-08 04:20:59
BE22008794	14	1	내가 도움이 되었다고 말해주니까 너무 기쁘다. 너는 강한 사람이니까 분명히 이겨낼 거야. 힘내!	N	2022-07-14 05:43:32	2022-11-08 04:20:59
BE22008794	15	0	고마워. 너한테 고민을 털어놓길 정말 잘한 것 같아.	Y	2022-07-14 05:43:32	2022-11-08 04:20:59
