id	utterance_id	utterance_type	utterance_text	terminate	regDate	updDate
BE22001959	1	0	나, 지난 주말에 제주도 다녀왔잖아.	N	2022-06-17 13:48:34	2022-11-08 03:37:04
BE22001959	2	1	그래, 오랜만에 자매들끼리 여행 간다고 잔뜩 들떠 있었잖아. 재밌게 잘 놀다 왔어?	N	2022-06-17 13:48:34	2022-11-08 03:37:04
BE22001959	3	0	가는 길에 누구 때문에 완전 기분 상한 거 말고는 괜찮았어. 공항에서 전 남친 만났거든. 신혼여행 가는 길이라더라.	N	2022-06-17 13:48:34	2022-11-08 03:37:04
BE22001959	4	1	어머, 웬일이니? 7년 넘게 사귀다 헤어진 게, 남친이 자기 인생 계획에 결혼은 없다 그래서였잖아.	N	2022-06-17 13:48:34	2022-11-08 03:37:04
BE22001959	5	0	그러니까. 걔한테 남은 감정 손톱만큼도 없고 관심도 없는데, 뭔가 배신이라도 당한 것처럼 기분이 묘한 거 있지.	N	2022-06-17 13:48:34	2022-11-08 03:37:04
BE22001959	6	1	사람이니까, 누구라도 그런 감정 느꼈을 거야. 나라도 그땐 그랬는데 지금은 왜 맘이 바뀌었을까, 아님 그때 거짓말을 한 건가, 생각의 가지가 만 갈래로 뻗어나갔을걸.	N	2022-06-17 13:48:34	2022-11-08 03:37:04
BE22001959	7	0	맞아, 나도 가는 비행기 안에서 내내 기분이 꿀꿀했어. 사람 맘이 참 이상하지? 지금의 나한테 완전 만족하고 우리 자기도 엄청 사랑하는데, 왜 그런 감정이 드는 건지.	N	2022-06-17 13:48:34	2022-11-08 03:37:04
BE22001959	8	1	그런 감정 들 수 있지만 금방 괜찮아지지 않았어? 지금 남친 생각만 해도 절로 입꼬리가 올라가면서. 그 사람이랑 그렇게 헤어진 덕에 지금 남친 만났으니 오히려 고마워해야 할 거 같은데?	N	2022-06-17 13:48:34	2022-11-08 03:37:04
BE22001959	9	0	당연히 그렇지. 잠깐 봤는데, 걔가 하는 행동을 이해할 수 없어 괜히 생각이 길어졌나 봐. 걘 대체 무슨 생각으로 옆에 새신부 세워놓고 전 여친한테 알은 척을 한 걸까?	N	2022-06-17 13:48:34	2022-11-08 03:37:04
BE22001959	10	1	그랬어? 어쩌다 정면으로 딱 부딪친 거 아니고? 그냥 잘된 일이다 생각해. 첫사랑이라 가끔씩 생각날 수도 있었는데, 이번 만남을 계기로 확실히 마침표를 찍을 수 있을지도 모르겠네.	N	2022-06-17 13:48:34	2022-11-08 03:37:04
BE22001959	11	0	나도 그 생각했어. 한때 사랑했지만 헤어졌고 상처를 받았지만 이겨냈고 난 지금을 살고 있으니까. 지금 이대로 너무 좋으니까.	N	2022-06-17 13:48:34	2022-11-08 03:37:04
BE22001959	12	1	그래, 나도 지금의 내 친구가 훨씬 좋다. 과거가 지금의 우리를 만들었지만, 과거는 과거고 우리는 미래를 보며 현실을 살아가야 하니까.	N	2022-06-17 13:48:34	2022-11-08 03:37:04
BE22001959	13	0	그러니까. 과거에 비춰 보니 지금의 인연이 얼마나 소중한지, 얼마나 고마운 사람들인지 새삼 알겠더라. 너도 늘 내 옆에 있어줘서 고마워.	N	2022-06-17 13:48:34	2022-11-08 03:37:04
BE22001959	14	1	나야말로 이렇게 맘 따스한 네가 내 친구라 넘 고맙다. 우리 계속 이렇게 서로를 비추며 이쁘게 나이 들어가자.	N	2022-06-17 13:48:34	2022-11-08 03:37:04
BE22001959	15	0	그래, 그러자. 고맙다.	Y	2022-06-17 13:48:34	2022-11-08 03:37:04
