id	utterance_id	utterance_type	utterance_text	terminate	regDate	updDate
BE22002480	1	0	오늘이 최종기한이라서 교수님께 오늘 안에는 말씀드려야 할 것 같아.	N	2022-06-21 17:30:15	2022-11-08 03:40:28
BE22002480	2	1	결국 오늘이 왔구나. 마음은 좀 어때?	N	2022-06-21 17:30:15	2022-11-08 03:40:28
BE22002480	3	0	며칠 전에 교수님이 내가 유학생으로 선발됬다고 하실 때 태어나서 가장 행복했었거든.	N	2022-06-21 17:30:15	2022-11-08 03:40:28
BE22002480	4	1	맞아, 네가 정말 이번 유학 가고 싶어서 밤낮이 열심히 했었잖아.	N	2022-06-21 17:30:15	2022-11-08 03:40:28
BE22002480	5	0	너무나 애타게 바라던 게 실제로 이루어지니까 꿈꾸는 것 같더라. 그동안 고생이 싹 다 씻겨져 내려가는 것 같은 기분도 들고. 근데 가정형편 때문에 못 가게 된다는 게 말이 되는 거야?	N	2022-06-21 17:30:15	2022-11-08 03:40:28
BE22002480	6	1	에효, 나도 너무 속상해서 요즘 잠도 안 오는데, 너 마음은 썩어 문드러지겠지. 괴로워서 요즘 밥도 잘 못 먹고 입술도 다 튼 모습 보면 정말 안쓰러워. 나라도 도움을 줄 수 있으면 좋을 텐데 도움도 안 되고 괜히 미안한 마음이야.	N	2022-06-21 17:30:15	2022-11-08 03:40:28
BE22002480	7	0	그래도 네가 이런 말 해주니까 누군가는 내 마음 알아주는 것 같아 위로가 된다. 네가 미안하긴 뭐가 미안해. 항상 내 곁에서 내 편이 되어주는 건 너밖에 없는걸?	N	2022-06-21 17:30:15	2022-11-08 03:40:28
BE22002480	8	1	나라도 너에게 힘이 된다면 언제고 네 곁에서 함께 할게. 그러니 무너지지 말고 같이 힘내서 고비를 넘겨보자!	N	2022-06-21 17:30:15	2022-11-08 03:40:28
BE22002480	9	0	항상 바쁘고 일이 많아도 밥 잘 먹고, 잠 잘 자는 게 내 유일한 무기였잖아. 근데 요즘은 괴로워서 그런지 생각이 많아서 그런지 밥도 잘 안 먹히고, 불면증에 시달리고 있어.	N	2022-06-21 17:30:15	2022-11-08 03:40:28
BE22002480	10	1	나도 네가 건강 상할까봐 그게 제일 걱정 돼. 오늘 교수님께 말씀드리고 나면 나랑 같이 한약이라도 지어 먹자. 내가 그래야 마음이 편할 것 같으니 아무 말도 하지말고 따라오기만 해.	N	2022-06-21 17:30:15	2022-11-08 03:40:28
BE22002480	11	0	내가 한약 먹을 자격이 되니? 가정형편 때문에 그동안 고생 죽어라 해놓고 유학도 못 가는걸?	N	2022-06-21 17:30:15	2022-11-08 03:40:28
BE22002480	12	1	너만큼 자격 되는 사람이 어디 있니? 가정형편이 안 좋은 게 네 잘못도 아니고, 유학은 네가 노력해서 성취한 거니까 얼마나 대단하니? 나는 네가 내 친구여서가 아니라 진심으로 대단하고 존경스럽다고 생각해, 정말이야!	N	2022-06-21 17:30:15	2022-11-08 03:40:28
BE22002480	13	0	나 너한테 인정받은 사람이네? 내가 가장 사랑하는 친구한테 인정받았으면 그럼 됬지 뭐. 오늘까지만 괴로워하고 이제 털고 일어나야겠어.	N	2022-06-21 17:30:15	2022-11-08 03:40:28
BE22002480	14	1	그래! 내가 기다리고 있을 테니까 교수님께 잘 말씀드리고 와. 네가 까먹을 때마다 괴롭고 우울해질 때마다 내가 자꾸자꾸 말해줄게, 네가 얼마나 멋지고 대단한 사람인지를!	N	2022-06-21 17:30:15	2022-11-08 03:40:29
BE22002480	15	0	네 말을 들으니까 그래도 괴로웠던 마음이 진정이 돼서 교수님께 말씀드릴 수 있는 용기가 났어. 얼른 말해버리고 올게!	Y	2022-06-21 17:30:15	2022-11-08 03:40:29
