id	utterance_id	utterance_type	utterance_text	terminate	regDate	updDate
BE22009068	1	0	나 요즘 잠이 부족 한 거 같아. 힘드네.	N	2022-07-15 05:22:18	2022-11-08 04:22:43
BE22009068	2	1	무슨 일 있어? 잠을 잘 자야 하루가 편안한데.	N	2022-07-15 05:22:18	2022-11-08 04:22:43
BE22009068	3	0	아이들 때문에 일요일에도 늦잠을 못 자. 아침 7시부터 일어나서 놀아 달라고 날 깨워. 잠이 부족해서 너무 괴로워.	N	2022-07-15 05:22:18	2022-11-08 04:22:43
BE22009068	4	1	그랬구나. 평일엔 일, 육아에 쉬는 시간도 없는데, 주말엔 늦잠 싶은데 아이들 땜에 쉽지 않겠네. 너무 피곤하겠다.	N	2022-07-15 05:22:18	2022-11-08 04:22:43
BE22009068	5	0	응 어떻게 된 게 주말에 더 힘들더라.	N	2022-07-15 05:22:18	2022-11-08 04:22:43
BE22009068	6	1	아무래도 아이들이 어릴 땐 주말에 손이 많이 가서 더 힘들지. 하지만 그런 시간이 쌓여서 엄마와의 추억으로 차곡차곡 남을 거야. 우리 아이들도 아직도 얘기해.	N	2022-07-15 05:22:18	2022-11-08 04:22:43
BE22009068	7	0	그래? 많은 시간을 보내려고 하지만 어리기도 하고 내가 이렇게 최선을 다하는 걸 아이가 알아줄까? 의심이 들기도 해.	N	2022-07-15 05:22:18	2022-11-08 04:22:43
BE22009068	8	1	나도 그랬어. 평일 주말 구분 없이 잠도 없이 육아만 했을 때 뭐 하는 걸까 싶었지. 근데 지나고 보니 소중한 시간이었어.	N	2022-07-15 05:22:18	2022-11-08 04:22:43
BE22009068	9	0	내가 지금 그런 생각이 들어. 잠은 너무 부족하고 잘하고 있는 걸까. 괴롭고 걱정도 되고.	N	2022-07-15 05:22:18	2022-11-08 04:22:43
BE22009068	10	1	다들 그 과정을 겪어 너만 그런 게 아니니 걱정 마. 너의 건강이 최우선이지. 오늘은 남편에게 육아를 맡겨 보는 게 어때?	N	2022-07-15 05:22:18	2022-11-08 04:22:43
BE22009068	11	0	안 그래도 남편이 피곤해 보인다고 오늘은 쉬라고 말해줘서. 한시름 놨어.	N	2022-07-15 05:22:18	2022-11-08 04:22:43
BE22009068	12	1	다행이다. 오늘은 육아나 집안일 생각 말고 하루 푹 쉬어. 네가 건강하고 행복해야 그런 영향이 아이에게도 전해질 거야.	N	2022-07-15 05:22:18	2022-11-08 04:22:43
BE22009068	13	0	진짜 그럴까? 피곤해서 아이랑 놀아 주지 못할 때 살짝 죄책감이 들거든. 내가 아주 잘못하는 엄마인 것 같아.	N	2022-07-15 05:22:18	2022-11-08 04:22:43
BE22009068	14	1	아냐, 엄마가 아프면 아이는 더 슬프지. 컨디션 회복되면 그때 신나게 같이 놀아 주면 돼. 걱정 말고 오늘은 쉬어.	N	2022-07-15 05:22:18	2022-11-08 04:22:43
BE22009068	15	0	응 그렇게 생각하니 맘이 놓인다. 고마워.	Y	2022-07-15 05:22:18	2022-11-08 04:22:43
