id	utterance_id	utterance_type	utterance_text	terminate	regDate	updDate
BE22002893	1	0	친구야. 이걸 어쩌면 좋냐. 나 지금 머릿속이 텅 비어버린 거 같아.	N	2022-06-23 05:29:43	2022-11-08 03:43:05
BE22002893	2	1	왜 그래? 무슨 일이라도 있는 거야?	N	2022-06-23 05:29:43	2022-11-08 03:43:05
BE22002893	3	0	SNS 메신저로 내 여자 친구의 남자 친구라고 주장하는 사람에게 메시지를 받았어. 알고보니 여자 친구가 양다리였더라. 나 지금 너무 슬퍼서 아무것도 못하고 있다.	N	2022-06-23 05:29:43	2022-11-08 03:43:05
BE22002893	4	1	뭐라고? 네가 이번에는 정말 너무 좋은 사람이라고 그렇게 칭찬하던 사람이잖아. 굳게 믿고 있었는데 그런 소식 들으면 너무 슬플 만하지. 듣는 내 억장이 무너지는 거 같아.	N	2022-06-23 05:29:43	2022-11-08 03:43:05
BE22002893	5	0	처음에는 믿지 않고 화냈거든. 웬 이상한 놈이 나랑 여자 친구 사이를 갈라놓는다고 생각해서. 근데 증거 사진을 보내주더라.	N	2022-06-23 05:29:43	2022-11-08 03:43:05
BE22002893	6	1	무슨 사진들이었길래 그래?	N	2022-06-23 05:29:43	2022-11-08 03:43:05
BE22002893	7	0	내 여자 친구랑 같이 놀러 가서 찍은 사진들과, 주고받은 문자 내용. 날짜가 다 겹쳐. 나 지금 심장이 조여오는 듯한 기분이야. 눈물이 난다.	N	2022-06-23 05:29:43	2022-11-08 03:43:05
BE22002893	8	1	세상에, 네 두 눈으로 여자 친구의 바람난 사진을 본 건데 어떻게 안 슬플 수가 있겠어. 그 누구라도 슬프고 힘들 만한 상황이야. 어떡해, 네가 너무 속상하겠다.	N	2022-06-23 05:29:43	2022-11-08 03:43:05
BE22002893	9	0	진짜 화도 안 나고 그저 눈물밖에 안 나.너무 슬퍼서 세상이 무너지는 듯한 기분이야. 내가 아는 사람이 아닌 거 같아.	N	2022-06-23 05:29:43	2022-11-08 03:43:05
BE22002893	10	1	네 기분이 얼마나 슬프고 참담할지 감히 짐작도 못하겠지만, 너무 슬퍼하지 말았으면 해. 오히려 지금 알아서 다행이라고 생각하자. 너 결혼까지 생각했었잖아.	N	2022-06-23 05:29:43	2022-11-08 03:43:05
BE22002893	11	0	맞아. 결혼까지 생각했던 사람이라 더 무너지는 듯한 기분인가봐.	N	2022-06-23 05:29:43	2022-11-08 03:43:05
BE22002893	12	1	알아. 얼마나 힘들지. 네 기분을 감히 어떤 말로 위로해야 할지 모르겠지만, 그래도 결혼 준비하기 전에 알아서 다행이라고 생각해. 그걸로 위안을 삼아보자. 뒤늦게 알았다면 네가 받았을 상처와 슬픔이 더 컸을 거야.	N	2022-06-23 05:29:43	2022-11-08 03:43:06
BE22002893	13	0	그렇게 위로해주니까 고맙다. 언제까지 바보같이 울고 있을 수는 없지. 네 말대로 지금이라도 여자 친구의 양다리 사실을 알아서 다행이라고 생각해봐야겠다.	N	2022-06-23 05:29:43	2022-11-08 03:43:06
BE22002893	14	1	그래. 차라리 그렇게 생각하고 네 마음을 얼른 추슬렀으면 해. 세상은 넓고 여자는 많잖아. 바람피운 여자 때문에 흘리는 네 눈물이 아까워. 힘을 내.	N	2022-06-23 05:29:43	2022-11-08 03:43:06
BE22002893	15	0	그래. 고마워. 친구 너랑 문자 하면서 한바탕 울었더니 그래도 속이 어느 정도 후련해졌어. 얘기 들어주고 위로해줘서 고맙다.	N	2022-06-23 05:29:43	2022-11-08 03:43:06
BE22002893	16	1	별말씀을. 언제든 힘들고 슬픈 감정이 밀려올 때 연락 줘. 내가 옆에서 항상 위로해줄게. 술도 사주고.	N	2022-06-23 05:29:43	2022-11-08 03:43:06
BE22002893	17	0	그래. 술이나 먹자. 이따 연락하면 나와.	N	2022-06-23 05:29:43	2022-11-08 03:43:06
BE22002893	18	1	너무 좋지. 연락 줘. 튀어 나갈게.	Y	2022-06-23 05:29:43	2022-11-08 03:43:06
