id	utterance_id	utterance_type	utterance_text	terminate	regDate	updDate
BE22008546	1	0	네 자취생활 어떠니? 나도 얼른 독립하고 싶어, 출근길보다 퇴근길이 더 발걸음이 무겁게 느껴져.	N	2022-07-13 08:54:51	2022-11-08 04:19:23
BE22008546	2	1	집에 있는 게 더 피곤한 모양이야. 퇴근길이 더 안 내켜 하는 걸 보니 말이야.	N	2022-07-13 08:54:51	2022-11-08 04:19:23
BE22008546	3	0	점점 간섭이 도를 지나치는 것 같아, 내가 그렇게 못 미더우신 걸까? 내 자존감 깎는 소리를 자신도 모르게 하셔. 네가 어떻게 그걸 해낼 거냐 하는 뉘앙스 말이야.	N	2022-07-13 08:54:51	2022-11-08 04:19:23
BE22008546	4	1	가족이 나를 믿어주지 못하는 것만큼 서러운 것도 없을 것 같아. 독립심도 강한 성격인 네가 견디기 힘들 만도 하지.	N	2022-07-13 08:54:51	2022-11-08 04:19:23
BE22008546	5	0	아예 남이면 듣는 척만 하고 넘길 텐데. 엄마가 내 의지를 믿어주지 않고 말을 덧붙이니까 너무 서럽고 상처야. 유난히 간섭이 심한 날에는 밤에 소리 없이 울기도 해.	N	2022-07-13 08:54:51	2022-11-08 04:19:23
BE22008546	6	1	항상 네가 장녀라서 잘 해내야 한다는 말을 달고 사는 너였는데. 성인으로서 인정받지 못하는 기분이라 나라도 마음이 괴로울 거야.	N	2022-07-13 08:54:51	2022-11-08 04:19:23
BE22008546	7	0	이번에 퇴사하고 이직 준비하겠다고 말씀드리니까. 그 회사를 왜 그만두며, 네가 또 그만한 회사를 들어갈 수 있겠냐고 간섭하시는데. 내색은 안 했지만 마음이 많이 쓰리더라.	N	2022-07-13 08:54:51	2022-11-08 04:19:23
BE22008546	8	1	어머니가 비록 표현은 그렇게 하셨어도, 다 너무 널 사랑해서, 염려해서 그러신 걸 거야. 부모님들 입장에서는 자식이 늘 걱정되는 법이라잖아.	N	2022-07-13 08:54:51	2022-11-08 04:19:23
BE22008546	9	0	맞아 그럴 수도 있을 것 같아. 하지만 어떻게 말을 꺼내야 할지 모르겠어. 그걸로 엄마가 바뀔까 싶기도 하고.	N	2022-07-13 08:54:51	2022-11-08 04:19:23
BE22008546	10	1	평소에 안 하던 말을 하려니까 많이 막막하지? 하지만 차분히 말을 꺼내다 보면 꼬인 실타래 풀리듯 서서히 얘기가 풀릴 거야.	N	2022-07-13 08:54:51	2022-11-08 04:19:23
BE22008546	11	0	네 얘기를 듣다 보니까 마음에 쌓아 두는 것 보단, 소통을 적극적으로 해 봐야겠어. 피한다고 해결될 문제는 아닌 것 같다.	N	2022-07-13 08:54:51	2022-11-08 04:19:23
BE22008546	12	1	그래 잘 생각했어. 너가 속이 깊어서 속마음을 숨겨서 그렇지, 마음먹고 이야기하다 보면 곧잘 표현하니까. 잘 이야기 할 수 있을 거야.	N	2022-07-13 08:54:51	2022-11-08 04:19:23
BE22008546	13	0	고마워 어제까지만 해도 많이 섭섭하고 외로워서 내내 눈물이 났었거든. 기분이 한결 가벼워 진 것 같다.	N	2022-07-13 08:54:51	2022-11-08 04:19:23
BE22008546	14	1	고맙긴, 너도 늘 나한테 그런 도움을 주는데. 언제나 마음 힘든 일은 함께 고민해 보자.	Y	2022-07-13 08:54:51	2022-11-08 04:19:23
