id	utterance_id	utterance_type	utterance_text	terminate	regDate	updDate
BE22010264	1	0	휴. 나 지금 너무 대화할 상대가 필요해서 늦은 시간이지만 문자 해. 자?	N	2022-07-19 10:40:00	2022-11-08 04:30:28
BE22010264	2	1	아니. 나 지금 안 자고 있는데. 무슨 일 있어?	N	2022-07-19 10:40:00	2022-11-08 04:30:28
BE22010264	3	0	나 정말 꿈에도 몰랐는데 회사에서 부하 직원들이 꼰대라고 부르더라.	N	2022-07-19 10:40:00	2022-11-08 04:30:28
BE22010264	4	1	헉. 그걸 어떻게 알게 됐는지는 모르겠지만 그걸 들었을 때 네 마음에 너무 상처를 받았겠구나.	N	2022-07-19 10:40:00	2022-11-08 04:30:28
BE22010264	5	0	응. 맞아. 사실 화장실에서 볼일 보다가 의도치 않게 부하 직원들 얘기하는 거 듣게 됐거든. 꼰대 팀장 하면서 웃는데 진짜 가슴이 너무 철렁했어. 나는 나름 부하 직원들에게 좋은 상사라고 생각해서 그런지 더 큰 상처야. 진짜 충격이다.	N	2022-07-19 10:40:00	2022-11-08 04:30:28
BE22010264	6	1	아이고. 나는 가끔 가다가 동생들이 장난으로 꼰대라고 해도 마음이 찌릿한데, 직장에서 그 말을 들었다니. 진짜 너무 상처와 충격으로 말이 안 나오겠다.	N	2022-07-19 10:40:00	2022-11-08 04:30:28
BE22010264	7	0	맞아. 혼낼 때도 혹시라도 기분이 상할까봐 최대한 부드럽게 얘기하고 업무적인 부분 외에는 지적한 것도 없거든. 근데 대체 내가 왜 꼰대 소리를 듣는 건지 이해가 안 돼. 진짜 오늘 너무 상처받아서 그런가 도저히 일할 의욕이 안 나더라.	N	2022-07-19 10:40:00	2022-11-08 04:30:28
BE22010264	8	1	나 같아도 진짜 그랬을 거 같아. 본인들은 장난으로 그런 말 했다고 할 수 있지만 듣는 본인에게는 너무 상처잖아. 얘기 들으면 들을수록 내가 다 덩달아 상처받는 기분이라 마음이 아픈걸.	N	2022-07-19 10:40:00	2022-11-08 04:30:28
BE22010264	9	0	휴. 네가 내 상처받은 마음을 알아주는 거 같아서 고맙네. 다른 친구들한테 얘기하면 뭐 그런 거 가지고 상처받냐고 유난이라고 생각할까 봐 얘기도 못 꺼냈어.	N	2022-07-19 10:40:00	2022-11-08 04:30:28
BE22010264	10	1	사람이 상처받는 상황에 대해 누가 기준을 정해 놓은 것도 아닌데 그런 생각하지 마. 그리고 그 말은 정말 누가 들어도 상처받을 만한 일인걸. 네가 유난이거나 그런 게 아니니 그런 생각은 하지 말자.	N	2022-07-19 10:40:00	2022-11-08 04:30:28
BE22010264	11	0	정말? 이런 걸로 상처받는 내가 약하고 유난인 사람은 아닌 거지? 네가 그렇게 얘기해주니까 마음이 좀 편안해진다.	N	2022-07-19 10:40:00	2022-11-08 04:30:28
BE22010264	12	1	그럼. 그리고 사실 회사에서 상사 입장이면 아무리 잘해도 어느 정도 욕은 먹더라고. 그러니까 너무 그런 말에 신경 쓰지 마. 그들도 악의를 가지고 한 말이 아닐 테니까 그 말에 너무 상처 안 받았으면 해. 기운 내.	N	2022-07-19 10:40:00	2022-11-08 04:30:28
BE22010264	13	0	네 말이 맞다. 생각해보니 나도 전에 다니던 회사에서 상사가 아무리 잘해줘도 뒤에서 꼰대라고 욕했던 거 같아. 상사라는 위치가 원래 그런 거지 뭐.	N	2022-07-19 10:40:00	2022-11-08 04:30:28
BE22010264	14	1	맞아. 그렇게 대수롭지 않게 생각하면서 상처받은 네 마음을 달래 보는 거야. 이제야 긍정적인 내 친구답네.	N	2022-07-19 10:40:00	2022-11-08 04:30:28
BE22010264	15	0	응. 네가 위로해주고 내 얘기 잘 들어줘서 상처받은 내 마음이 어느 정도 치유가 된 거 같아. 덕분이야. 정말 고마워. 내가 나 자신이 꼰대가 아니라는 걸 아니까 됐어!	N	2022-07-19 10:40:00	2022-11-08 04:30:28
BE22010264	16	1	내 얘기로 인해 네 마음이 조금 치유됐다니 너무 다행이네. 앞으로도 그런 소리 듣고 마음이 힘들면 언제든지 연락해. 최선을 다해서 위로해주고 조언해줄게.	N	2022-07-19 10:40:00	2022-11-08 04:30:28
BE22010264	17	0	응. 그럴게. 내 얘기 듣느라 고생했어. 시간 늦었으니 이만 푹 자자.	Y	2022-07-19 10:40:00	2022-11-08 04:30:28
