id	utterance_id	utterance_type	utterance_text	terminate	regDate	updDate
BE22003754	1	0	나 오늘 그 사람이 준 선물을 모두 버렸어.	N	2022-06-26 04:45:56	2022-11-08 03:48:36
BE22003754	2	1	드디어 정리하는 거야? 네 마음도?	N	2022-06-26 04:45:56	2022-11-08 03:48:36
BE22003754	3	0	응, 이제 깨끗하게 잊어버릴 수 있을 것 같아.	N	2022-06-26 04:45:56	2022-11-08 03:48:36
BE22003754	4	1	갑자기 무슨 일이라도 있는 거야? 어제까지 돌아올 거라고 기다린다고 했잖아.	N	2022-06-26 04:45:56	2022-11-08 03:48:36
BE22003754	5	0	그랬었지... 근데 선배 언니한테 연락받았어. 그 사람 다음 달에 결혼한다고...	N	2022-06-26 04:45:56	2022-11-08 03:48:36
BE22003754	6	1	갑자기? 4년을 만났는데 잠깐 시간을 갖자고 하고 했었다며. 한 달간 연락도 없고 잠적하더니, 결혼을 한다고?	N	2022-06-26 04:45:56	2022-11-08 03:48:36
BE22003754	7	0	응, 어디서 만난 건지... 아이가 생겨서 급하게 날짜를 잡았나 봐. 어이가 없고 더 할 말이 없더라.	N	2022-06-26 04:45:56	2022-11-08 03:48:36
BE22003754	8	1	정말 그랬겠다. 그동안 기다렸던 시간이 한없이 아깝게 느껴졌을 것 같아. 네 마음은 괜찮니?	N	2022-06-26 04:45:56	2022-11-08 03:48:36
BE22003754	9	0	처음 연락을 받고 지금까지 솔직히 충격적이야. 한 달간 별의별 생각을 다 하고 한 시간을 일 년처럼 버티고 있었잖아. 내가 뭐 하러 그랬나 싶더라.	N	2022-06-26 04:45:56	2022-11-08 03:48:36
BE22003754	10	1	기다리는 사람의 마음이 그런 거겠지. 돌아올 거라는 믿음이 산산이 부서졌으니 네 마음이 남아나지 않았을 것 같아. 4년이면 짧은 시간을 만났던 것도 아니니까.	N	2022-06-26 04:45:56	2022-11-08 03:48:36
BE22003754	11	0	맞아, 배신감이 들지 않았다고 하면 거짓말일 거야. 그동안 받았던 흔적들을 버리면서 얼마나 울었는지 몰라.	N	2022-06-26 04:45:56	2022-11-08 03:48:36
BE22003754	12	1	그래, 왜 눈물이 나지 않겠어. 마음이 아프고 속이 쓰리고 머리가 생각을 할 수 없을 것만 같은데... 마지막이 아름답지 못했지만 더 기다리지 않아도 되니까, 새롭게 다가올 너의 인연을 위해 조금만 울자.	N	2022-06-26 04:45:56	2022-11-08 03:48:36
BE22003754	13	0	그래서 선물을 버리면서 마음 정리도 함께 한 것 같아. 나도 이제 더 좋은 사람 만날 거야.	N	2022-06-26 04:45:56	2022-11-08 03:48:36
BE22003754	14	1	좋아, 바로 그 자세야! 그런 사람은 기억에서도 깨끗하게 지워버리자.	N	2022-06-26 04:45:56	2022-11-08 03:48:36
BE22003754	15	0	응! 그렇게 하려고, 너랑 얘기하면서 더 굳게 마음먹었어.	N	2022-06-26 04:45:56	2022-11-08 03:48:36
BE22003754	16	1	응원한다, 친구야! 힘내자.	Y	2022-06-26 04:45:56	2022-11-08 03:48:36
