id	utterance_id	utterance_type	utterance_text	terminate	regDate	updDate
BE22008253	1	0	친구야, 나 너무 충격적인 소식 들었어. 내 전 애인 결혼한대.	N	2022-07-12 14:10:27	2022-11-08 04:17:29
BE22008253	2	1	뭐? 그 사람이 어떻게 그럴 수가 있어? 너랑 헤어진 지 얼마 안 됐는데 너무 상처받았겠다. 괜찮아?	N	2022-07-12 14:10:27	2022-11-08 04:17:29
BE22008253	3	0	아니. 안 괜찮아. 내가 많이 의지하고 사랑했는데 어떻게 나한테 그럴 수 있을까.	N	2022-07-12 14:10:27	2022-11-08 04:17:29
BE22008253	4	1	나도 전 애인 바람피웠다는 소식 들었을 때 머리가 핑 돌았었어. 근데 헤어진 지 얼마 안 된 너는 그 마음이 어떻겠어. 그 사람 취업 준비할 때도 네가 옆에서 뒷바라지까지 해줬잖아.	N	2022-07-12 14:10:27	2022-11-08 04:17:29
BE22008253	5	0	맞아. 너무 속상하고, 힘들어. 누가 내 마음을 찢어 놓은 것 같아. 자꾸 심장이 아파.	N	2022-07-12 14:10:27	2022-11-08 04:17:29
BE22008253	6	1	헤어진 지 얼마 안 돼서 더 충격이 클 수 있어. 네가 그 사람 위해서 아르바이트까지 하면서 선물 사고 그랬던 걸 내가 아는데. 넌 정말 누가 봐도 최고의 여자 친구였는데 그 사람이 나중에 후회할 거야.	N	2022-07-12 14:10:27	2022-11-08 04:17:29
BE22008253	7	0	그렇겠지? 나도 붙잡고 싶어서 계속 연락하려고 고민 많이 했는데 이런 소식을 들으니까 어이가 없어. 그런데도 그 사람이랑 있었던 공간을 지나가기만 해도 자꾸 생각나.	N	2022-07-12 14:10:27	2022-11-08 04:17:29
BE22008253	8	1	네 전 애인의 행동은 정말 배려가 없었어. 그렇지만 오랫동안 사귀었으니까 잊지 못하는 건 어쩌면 당연할지도 몰라.	N	2022-07-12 14:10:27	2022-11-08 04:17:29
BE22008253	9	0	그래서 계속해야 하는 일이 손에 안 잡히고, 나한테 상처 준 말들이 귀에 맴돌아.	N	2022-07-12 14:10:27	2022-11-08 04:17:29
BE22008253	10	1	그럴 수 있어. 네 전 애인 너한테 마지막에 모진 말까지 했잖아. 그건 누가 들어도 속상했을 거야.	N	2022-07-12 14:10:27	2022-11-08 04:17:29
BE22008253	11	0	맞아. 시간을 되돌려서 전 애인을 만나기 전으로 돌아가고 싶어.	N	2022-07-12 14:10:27	2022-11-08 04:17:29
BE22008253	12	1	근데 친구야, 어차피 일어난 일 되돌릴 수 없잖아. 네가 상처받은 것들만 생각하지 말고 오히려 더 좋은 사람을 만나기 위한 배움이었다고 생각해 봐. 마음이 덜 아플 거야.	N	2022-07-12 14:10:27	2022-11-08 04:17:29
BE22008253	13	0	그동안 내 감정에만 집중해서 그렇게는 생각 못 했는데 이야기해줘서 고마워. 네 말처럼 지금의 내 감정에 집중하기보다 내 앞날을 더 생각해야겠다.	N	2022-07-12 14:10:27	2022-11-08 04:17:30
BE22008253	14	1	너는 상대방을 배려할 줄도 알고, 온 마음 다해 사랑을 줄 수 있는 여자 친구이니까. 분명 더 멋진 사람이 나타날 거야.	Y	2022-07-12 14:10:27	2022-11-08 04:17:30
