id	utterance_id	utterance_type	utterance_text	terminate	regDate	updDate
BE22002557	1	0	내 여자 친구가 성형을 했었다는 사실을 오늘에서야 알았어.	N	2022-06-22 05:32:22	2022-11-08 03:40:57
BE22002557	2	1	나도 그 이야기는 처음 듣는 거 같아.	N	2022-06-22 05:32:22	2022-11-08 03:40:57
BE22002557	3	0	그걸 여자 친구가 먼저 이야기해준 것도 아니야. 우연히 여자 친구의 옛날 사진이 가방에 있는 걸 내가 발견하니까 그제야 이야기를 해주더라고. 여자 친구가 성형을 했다는 사실보다, 성형을 한 걸 이제껏 말해주지 않은 거에 더 놀라고 상처가 되었어.	N	2022-06-22 05:32:22	2022-11-08 03:40:57
BE22002557	4	1	그랬구나. 널 신뢰하지 못했다는 뜻이니까. 내가 너였어도 상처받았을 거 같아.	N	2022-06-22 05:32:22	2022-11-08 03:40:57
BE22002557	5	0	그러니까 우리가 1년도 아니고 자그마치 5년이나 사귀었고, 우리 이제 결혼 이야기도 나오는 중이잖아.	N	2022-06-22 05:32:22	2022-11-08 03:40:57
BE22002557	6	1	그러게. 사귄 지 5년이 넘도록 감추기도 쉽지 않았을 텐데.	N	2022-06-22 05:32:22	2022-11-08 03:40:57
BE22002557	7	0	언제까지 나를 속일 생각이었을까. 정말 내가 알고 있던 여자 친구가 맞나? 배신감이 든다.	N	2022-06-22 05:32:22	2022-11-08 03:40:57
BE22002557	8	1	네 마음도 충분히 이해돼. 그런데 한편으로는 네 여자 친구도 얼마나 마음이 불편했을지 안쓰러운 마음도 든다.	N	2022-06-22 05:32:22	2022-11-08 03:40:57
BE22002557	9	0	배신당한 건 난데, 왜 여자 친구가 불쌍해.	N	2022-06-22 05:32:22	2022-11-08 03:40:57
BE22002557	10	1	내가 네 여자 친구를 소개받았을 때 나쁜 사람이라고 생각이 들지 않았거든. 여자 친구도 네게 숨기고 있는 게 쉽지만은 않았을 거 같아.	N	2022-06-22 05:32:22	2022-11-08 03:40:57
BE22002557	11	0	내 여자 친구가 거짓말을 못하긴 해. 그래도 지금껏 숨기고 있었는걸?	N	2022-06-22 05:32:22	2022-11-08 03:40:58
BE22002557	12	1	성형 사실을 너한테만 숨기려 했던 게 아니라. 성형을 하기 전에는 떳떳하지 못하다고 생각했던 부위니까 숨기고 싶지 않았을까?	N	2022-06-22 05:32:22	2022-11-08 03:40:58
BE22002557	13	0	그렇게 생각하니까 이해가 되기도 해. 여자 친구가 학교 다닐 때 별명이 주걱이라고 했거든. 그때는 이해가 되지 않았는데, 지금 사진을 보니 이해가 되는 별명이었어.	N	2022-06-22 05:32:22	2022-11-08 03:40:58
BE22002557	14	1	네 여자 친구도 학창 시절부터 고생이 많았을 텐데. 남자 친구인 네가 성형 사실을 이해해 주면 너에게도 마음을 더 열어 주지 않을까?	N	2022-06-22 05:32:22	2022-11-08 03:40:58
BE22002557	15	0	네 말이 맞는 거 같다. 여자 친구에게 내가 신뢰할 만한 사람이라는 걸 보여줘야겠어.	Y	2022-06-22 05:32:22	2022-11-08 03:40:58
