id	utterance_id	utterance_type	utterance_text	terminate	regDate	updDate
BE22006554	1	0	야, 우리 체육 선생님 진짜 제정신 아닌가 봐.	N	2022-07-06 07:55:16	2022-11-08 04:06:36
BE22006554	2	1	무슨 일 있었어?	N	2022-07-06 07:55:16	2022-11-08 04:06:36
BE22006554	3	0	몇몇 애들이 학교 담을 넘어 밖에 나갔다 왔었나 봐.	N	2022-07-06 07:55:16	2022-11-08 04:06:36
BE22006554	4	1	진짜? 그러면 안 되는 거잖아.	N	2022-07-06 07:55:16	2022-11-08 04:06:36
BE22006554	5	0	문제는 나는 용변이 급해서 화장실에 다녀왔었거든. 내가 자리에 안 보이니 나도 그들과 같이 나갔다 왔다고 생각하신 거야.	N	2022-07-06 07:55:16	2022-11-08 04:06:36
BE22006554	6	1	그래서 너도 혼이 난 거야? 말도 안 돼. 너무 억울했겠다.	N	2022-07-06 07:55:16	2022-11-08 04:06:36
BE22006554	7	0	잔소리만 들었다면 내가 이렇게 화나지도 않았겠지. 선생님이 다짜고짜 나한테 따귀를 날리지 뭐야.	N	2022-07-06 07:55:16	2022-11-08 04:06:36
BE22006554	8	1	선생님께서 너를 때리셨다고? 더구나 네가 잘못 하지도 않은 상황에 얼마나 억울하고 놀랐겠어. 나라면 눈물이 펑펑 났을 거야.	N	2022-07-06 07:55:16	2022-11-08 04:06:36
BE22006554	9	0	너무 어이가 없어서 눈물도 안 나더라니까? 너무 황당한 거 있지? 어이가 없어서 웃음만 나더라.	N	2022-07-06 07:55:16	2022-11-08 04:06:36
BE22006554	10	1	그 상황을 웃음으로 지나 보내다니 진짜 멋지고 대단하다. 나였다면 진짜 난리 쳤을 것 같아. 너의 의연한 모습에 박수를 보내.	N	2022-07-06 07:55:16	2022-11-08 04:06:36
BE22006554	11	0	상황 자체는 잘 지나쳐 보낸 것 같아. 하지만 속상하고 억울한 마음은 어쩔 수 없는 것 같아.	N	2022-07-06 07:55:16	2022-11-08 04:06:37
BE22006554	12	1	누구라도 너와 같은 마음이었을 거야. 혹독한 겨울 뒤에 오는 봄이 더 따뜻하데. 안 좋은 일 경험했으니 이제 너에게 좋은 일이 가득할 거야.	N	2022-07-06 07:55:16	2022-11-08 04:06:37
BE22006554	13	0	마음이 가라앉기는 할까?	N	2022-07-06 07:55:16	2022-11-08 04:06:37
BE22006554	14	1	혹시나 이제라도 눈물이 난다면 펑펑 울어도 돼. 네 마음은 잘못이 없으니까. 네가 마음 가는 대로 행동해도 뭐라고 할 사람 아무도 없어.	N	2022-07-06 07:55:16	2022-11-08 04:06:37
BE22006554	15	0	네가 그렇게 말해주니 울지 않아도 운 것 같은 기분이 들어. 속이 시원하다. 다음엔 이런 일이 일어나지 않길 바라야지.	Y	2022-07-06 07:55:16	2022-11-08 04:06:37
