id	utterance_id	utterance_type	utterance_text	terminate	regDate	updDate
BE22003552	1	0	우리 아들이 1년치 독서실 비용을 달라 해서 카드를 줬는데, 몰래 게임 아이템을 300만원이나 결제했더라고. 들키지 않을 줄 알았나 봐. 지금 아들한테 배신당한 기분이 들어서 미치겠어.	N	2022-06-25 04:55:04	2022-11-08 03:47:16
BE22003552	2	1	얼마나 답답하면 나한테 이런 이야기를 해. 얼마나 상처가 클지 짐작도 안 간다. 나 같으면 일이 손에 잡히지도 않을 것 같아.	N	2022-06-25 04:55:04	2022-11-08 03:47:16
BE22003552	3	0	정말 그래. 이 상처는 두고두고 나를 괴롭힐 것 같아. 지금 일이고 뭐고 눈에 하나도 안 들어오고, 온종일 그 생각뿐이야. 내가 얼마나 잘해줬는데, 나를 속이고 게임 아이템을 사? 그것도 300만원어치나?	N	2022-06-25 04:55:04	2022-11-08 03:47:16
BE22003552	4	1	가장 사랑하는 내 아이가 믿음을 저버리면 너무 괴롭지. 나도 아이를 키우는 입장에서, 아이에 대한 믿음이 깨지는 순간들이 있었거든. 그래서 네가 얼마나 상처가 클지 이해해.	N	2022-06-25 04:55:04	2022-11-08 03:47:16
BE22003552	5	0	너도 그런 적이 있구나. 사실 아이를 키우면 누구나 겪는 일인 건 알고 있는데, 그래도 막상 닥치니 너무 힘이 드네. 다시는 아이를 믿지 못할 것 같아.	N	2022-06-25 04:55:04	2022-11-08 03:47:16
BE22003552	6	1	자연스러운 마음이야. 내가 들어주는 것밖에 할 수가 없어서 너무 안타깝다.	N	2022-06-25 04:55:04	2022-11-08 03:47:16
BE22003552	7	0	아니야. 들어주는 것만으로도 큰 힘이 되는걸. 너는 아이에 대한 믿음이 깨지는 순간들을 어떻게 극복한 거야?	N	2022-06-25 04:55:04	2022-11-08 03:47:17
BE22003552	8	1	우선 스스로 상처와 배신당한 기분에 매몰되지 않도록 노력했어. 아이니까, 아직 덜자란 존재니까 그럴 수 있다고 생각하면서, 내 기분을 차분히 전달하려고 노력했지. 어렵겠지만, 너도 이번에 그렇게 해보면 오히려 네 마음이 편해질 수도 있을 것 같아.	N	2022-06-25 04:55:04	2022-11-08 03:47:17
BE22003552	9	0	내 기분을 전달하는 방법이 아이에게 통할까?	N	2022-06-25 04:55:04	2022-11-08 03:47:17
BE22003552	10	1	그럼, 아이들은 분명 우리를 사랑해. 자신이 우리에게 상처를 줬다는 사실을 알고 있을 거고, 이미 미안해 하고 있을 거야. 다만 쏟아질 화가 두렵고, 어떻게 사과해야 할 지 모를 뿐이지.	N	2022-06-25 04:55:04	2022-11-08 03:47:17
BE22003552	11	0	하긴, 내가 어렸을 때만 해도, 순간의 욕망을 못 이겨 잘못을 저질렀던 것 같아. 그래 놓고 엄마가 속상해 하실까 봐 엄마 눈치를 보곤 했지. 엄마께서 너무 화가 나 보이시니까, 무서워서 선뜻 죄송하다고 못 했던 것 같아.	N	2022-06-25 04:55:04	2022-11-08 03:47:17
BE22003552	12	1	그래 맞아. 성숙한 어른인 우리가, 미숙한 존재인 아이들을 이해하고 품어주자.	N	2022-06-25 04:55:04	2022-11-08 03:47:17
BE22003552	13	0	고마워. 아이가 나에게 일부러 상처 주려고 한 행동이 아니었다는 사실만으로도 큰 위로가 된다. 배신감이 컸었는데, 조금 진정이 됐어.	N	2022-06-25 04:55:04	2022-11-08 03:47:17
BE22003552	14	1	도움이 됐다니 다행이다. 우리 부모로서, 함께 성장해나가자.	Y	2022-06-25 04:55:04	2022-11-08 03:47:17
