id	utterance_id	utterance_type	utterance_text	terminate	regDate	updDate
BE22010302	1	0	길고 길었던 이혼 분쟁도 끝이 보이는 것 같아. 조만간 이사를 할 생각이야.	N	2022-07-19 13:43:29	2022-11-08 04:30:43
BE22010302	2	1	그동안 정말 고생 많았어. 재산 문제로도 골치 아팠잖아. 이제 하나둘씩 마무리가 되는 듯하구나.	N	2022-07-19 13:43:29	2022-11-08 04:30:43
BE22010302	3	0	응. 이사할 집을 알아보는데 문득 눈물이 나더라. 결혼하고 신혼집 구할 땐 참 행복했었는데 말이야.	N	2022-07-19 13:43:29	2022-11-08 04:30:43
BE22010302	4	1	왜 안 그러겠어. 살 맞대며 몇 년이나 함께 살았던 사람과 갈라서는데, 미움도 미움이지만 슬픈 건 당연해.	N	2022-07-19 13:43:29	2022-11-08 04:30:43
BE22010302	5	0	내 인생의 큰 부분이 떨어져 나간다는 생각에 마음이 싱숭생숭해. 내 생각보다 서로 상처를 주고받은 고통이 큰 것 같아.	N	2022-07-19 13:43:29	2022-11-08 04:30:43
BE22010302	6	1	네가 그동안 애를 많이 썼잖아. 전남편의 단점을 눈감아 주려고도 해 보고, 관계 회복을 위해 힘쓴 거 잘 알아. 그러니 온갖 감정에 마음이 복잡할 만도 해.	N	2022-07-19 13:43:29	2022-11-08 04:30:43
BE22010302	7	0	신혼집을 구할 때만 해도 그렇게 사랑해서 죽고 못 살았는데 왜 이렇게 된 걸까? 이제 혼자 살아야 한다고 생각하니 막막하기만 해. 이혼이 내게 너무 많은 상처를 남기는 것 같아.	N	2022-07-19 13:43:29	2022-11-08 04:30:43
BE22010302	8	1	이혼이 네 인생에 새로운 전환점이 될 거라고 생각해. 물론 지금은 마음이 아프고 상처가 크겠지만, 네가 더 행복할 수 있는 길일 거야. 더 나아지기 위한 선택이라고 생각하면 조금은 위안이 되지 않을까?	N	2022-07-19 13:43:29	2022-11-08 04:30:43
BE22010302	9	0	네 말이 맞아. 내가 더 행복해지기 위해서 이혼하는 거니까, 좋게 생각해야겠다. 그러고 보니 혼자 사는 것도 몇 년 만인지 모르겠네.	N	2022-07-19 13:43:29	2022-11-08 04:30:43
BE22010302	10	1	그동안 많이 힘들었으니까 혼자 살다 보면 자유로움과 충만함을 만끽할 수 있을 거야. 이사 갈 집에서는 좋은 기억만 있기를 기도할게. 넌 반드시 지금보다 행복하고 만족스러운 삶을 살게 될 거야.	N	2022-07-19 13:43:29	2022-11-08 04:30:43
BE22010302	11	0	정말 고마워. 네가 그렇게 말해 주니까 새로운 시작에 용기가 생기는 듯해.	N	2022-07-19 13:43:29	2022-11-08 04:30:43
BE22010302	12	1	너는 총명하고 똑 부러지는 사람이니까, 더 행복하고 완전하게 사는 방법을 잘 찾아낼 거야. 넌 언제나 삶에서 최선을 선택하는 사람이었어. 네가 앞으로도 지금처럼 자신을 믿으며 앞으로 나아갈 사람이란 걸 믿어.	N	2022-07-19 13:43:29	2022-11-08 04:30:43
BE22010302	13	0	지금 이 순간 네가 얼마나 큰 힘이 되는지 모를 거야. 정말 고마워. 어떤 말로 감사 인사를 해도 모자랄 거야.	N	2022-07-19 13:43:29	2022-11-08 04:30:43
BE22010302	14	1	감사 인사는 무슨, 네 인생에 이렇게 큰일을 들어주고 위로해 주는 게 당연하지. 우리 우정에 이런 것쯤은 아무것도 아니라고.	N	2022-07-19 13:43:29	2022-11-08 04:30:43
BE22010302	15	0	네가 있어 정말 든든하다. 앞으로 이사하고 혼자 살게 될 삶도 기대가 되는 듯해. 덕분에 기분이 훨씬 가벼워졌어!	Y	2022-07-19 13:43:29	2022-11-08 04:30:43
