id	utterance_id	utterance_type	utterance_text	terminate	regDate	updDate
BE22006407	1	0	나한테 어떻게 이런 일이 생길 수 있지?	N	2022-07-06 01:25:59	2022-11-08 04:05:36
BE22006407	2	1	왜 그래 무슨 일 생겼어?	N	2022-07-06 01:25:59	2022-11-08 04:05:36
BE22006407	3	0	어 남편이 알고 보니 예전에 결혼했었던 사람이었어. 그걸 속이고 나랑 결혼 한 거야.	N	2022-07-06 01:25:59	2022-11-08 04:05:36
BE22006407	4	1	진짜 어떻게 그럴 수가 있어? 연애할 때부터 지금까지 쭉 속여 왔던 거야?	N	2022-07-06 01:25:59	2022-11-08 04:05:36
BE22006407	5	0	응 나한테 단 한마디도 안 했었어. 연애할 때도 상견례 때도 남편뿐만이 아니라 온 가족이 날 속인 거야.	N	2022-07-06 01:25:59	2022-11-08 04:05:36
BE22006407	6	1	맞다. 너네 시부모님도 아무 말 않고 결혼 진행 시킨 거네. 근데 이거 어떻게 알게 된 거야?	N	2022-07-06 01:25:59	2022-11-08 04:05:36
BE22006407	7	0	어떤 사람이 내 SNS에 메시지를 보냈더라고, 당신 남편 유부남이었던 거 알고 있었냐고. 그래서 누구냐고 물어봤더니 전 부인이래. 그동안 워낙 거짓말을 한 게 많고 사기꾼 기질이 심해서 혹시나 하고 나한테 알려준 것이래.	N	2022-07-06 01:25:59	2022-11-08 04:05:36
BE22006407	8	1	그랬구나. 그 사람 아니었으면 평생 몰랐을 수도 있었겠다. 진짜 그렇게 안 봤는데 그런 걸 속일 수가 있지?	N	2022-07-06 01:25:59	2022-11-08 04:05:36
BE22006407	9	0	그래서 아까 구청에 가서 확인해봤더니 진짜 결혼했었더라고. 가장 믿었던 사람에게 배신당해서 충격받은 상태라서 머릿속이 새하얘.	N	2022-07-06 01:25:59	2022-11-08 04:05:36
BE22006407	10	1	진짜 많이 혼란스럽겠다. 어떻게 평생을 함께할 사람한테 이렇게 큰 거짓말을 할 수가 있지? 이건 사기 결혼 같은데 이런 경우에 고소도 가능하려나?	N	2022-07-06 01:25:59	2022-11-08 04:05:36
BE22006407	11	0	모르겠어, 어떻게 처리해야 할지. 내가 알게 된 거 남편은 아직 모르는 거 같으니 변호사부터 만나서 상담해봐야 할 거 같아.	N	2022-07-06 01:25:59	2022-11-08 04:05:37
BE22006407	12	1	그래 변호사 먼저 만나서 어떻게 처리해야 좋을지 상담해봐. 네 인생이 우선이니깐 맘 단단히 먹어. 너한테 이런 일이 생기다니 친구로서 정말 맘 아프고 슬프다.	N	2022-07-06 01:25:59	2022-11-08 04:05:37
BE22006407	13	0	응 아까 구청에서 확인했을 땐 하늘이 무너지는 거 같았어. 근데 너랑 얘기하다 보니깐 오히려 더 차분해지는 거 같아. 이 사람 용서하지 않으려고.	N	2022-07-06 01:25:59	2022-11-08 04:05:37
BE22006407	14	1	내가 직접적인 도움은 못 주겠지만 무슨 일 생기면 바로바로 얘기해줘. 남편에 대한 배신감과 상실감이 크겠지만 기운을 내.	N	2022-07-06 01:25:59	2022-11-08 04:05:37
BE22006407	15	0	응 고마워 큰 소란 없이 처리해 보도록 할게. 그래도 너한테 털어놓으니 마음이 좀 편해진다. 나중에 연락할게.	Y	2022-07-06 01:25:59	2022-11-08 04:05:37
