id	utterance_id	utterance_type	utterance_text	terminate	regDate	updDate
BE22010091	1	0	친구야, 나 너에게 상담하고 싶은 고민이 있어.	N	2022-07-19 05:41:53	2022-11-08 04:29:22
BE22010091	2	1	무슨 일이길래? 걱정되네.	N	2022-07-19 05:41:53	2022-11-08 04:29:22
BE22010091	3	0	사실은 아내가 우리 아버지를 두려워해. 그 사실이 충격적이고 나에게는 또 상처가 되네.	N	2022-07-19 05:41:53	2022-11-08 04:29:23
BE22010091	4	1	그런 고민이 있었구나. 아내가 왜 무서워하는지 물어봐도 될까?	N	2022-07-19 05:41:53	2022-11-08 04:29:23
BE22010091	5	0	아내가 사실 친아버지로부터 폭행당한 트라우마가 있거든. 지금은 돌아가셔서 안 계시기만 우리 아버지를 보면 그때가 생각나나 봐.	N	2022-07-19 05:41:53	2022-11-08 04:29:23
BE22010091	6	1	그렇구나. 그러면 너는 아내에게 그런 상처가 있다는 것에 대해서 마음이 어려운 거야? 아니면 그 상처로 인해서 너희 아버지를 두려워하는 사실에 대해서 상처를 받은 거야?	N	2022-07-19 05:41:53	2022-11-08 04:29:23
BE22010091	7	0	아내에게 상처가 있다는 건 원래도 알았지만 그게 우리 아버지에게 발현이 되니까 그게 좀 충격이네.	N	2022-07-19 05:41:53	2022-11-08 04:29:23
BE22010091	8	1	그렇지. 그게 다른 사람도 아니고 가족에게 나타나니까 네 입장에서는 마음이 아프고 괴롭겠다.	N	2022-07-19 05:41:53	2022-11-08 04:29:23
BE22010091	9	0	응. 이해는 하지만 상처가 되는 건 어쩔 수가 없나 봐. 아버지는 며느리라고 엄청 예뻐하시는데 아내는 그것마저 피하려고 하니까.	N	2022-07-19 05:41:53	2022-11-08 04:29:23
BE22010091	10	1	어려운 문제다. 누구의 잘못도 아니지만 그 상황에서 의도치 않게 너는 마음을 다치고 마음이 상하게 되니까.	N	2022-07-19 05:41:53	2022-11-08 04:29:23
BE22010091	11	0	맞아. 아무것도 모르는 아버지는 며느리가 자기를 어려워하는 것에 속상해하시는데 보는 나도 속이 상하고 상처가 돼.	N	2022-07-19 05:41:53	2022-11-08 04:29:23
BE22010091	12	1	그렇지 너 속은 오죽할까. 그렇지만 먼저 아내의 트라우마를 치료하는 게 우선일 것 같아. 아내가 먼저 회복해야 건강한 관계를 맺을 수 있을 테니 같이 상담받으러 가보는 건 어때?	N	2022-07-19 05:41:53	2022-11-08 04:29:23
BE22010091	13	0	네 말이 맞아. 아내가 건강해지고 회복돼야 상처받은 내 마음도 나아질 것 같아.	N	2022-07-19 05:41:53	2022-11-08 04:29:23
BE22010091	14	1	너도 상처받은 상태에서 아내를 우선시하기 쉽지 않을 텐데 지금 네 모습 대단하다고 생각해.	N	2022-07-19 05:41:53	2022-11-08 04:29:23
BE22010091	15	0	대단하기는 당연한 일이지. 그렇게 말해줘서 고마워 친구야. 네 덕에 나도 생각과 마음이 정리가 되고 위로가 되었어.	Y	2022-07-19 05:41:53	2022-11-08 04:29:23
