id	utterance_id	utterance_type	utterance_text	terminate	regDate	updDate
BE22004019	1	0	친구야 나 오늘 알바에서 얼마나 황당하고 억울한 일이 있었는지 알아? 지금 나 혼자서 집에서 있는데 분이 안 풀려서 연락했어.	N	2022-06-27 04:35:14	2022-11-08 03:50:17
BE22004019	2	1	왜! 무슨 일이야! 편의점 알바가 정말 다양한 일이 많이 생긴다고 하던데, 억울한 일? 무슨 일이 있었는지 나에게 말해줘 내가 같이 화내줄게! 아이고.	N	2022-06-27 04:35:14	2022-11-08 03:50:17
BE22004019	3	0	그게 말이야. 오늘 편의점에서 근무하다가 마스크를 착용하지 않은 손님이 가게로 들어오시는 거야. 그래서 내가 마스크 착용해달라고 말씀드렸다? 실내이니까 말이야.	N	2022-06-27 04:35:14	2022-11-08 03:50:17
BE22004019	4	1	응응 그런데? 마스크 착용을 손님께서 하지 않으셨어? 평소에 상냥한 목소리로 이야기하는 너니까 분명 기분 나쁘게 이야기하지 않았을 텐데 말이야. 대체 어떻게 손님이 말하셨길래 그렇게나 너가 억울해할까 듣기도 전에 속이 상하네.	N	2022-06-27 04:35:14	2022-11-08 03:50:17
BE22004019	5	0	맞아. 마스크 착용을 하지 않으셨어. 그리고 내가 한 번 더 말씀드리니 계산대로 오시더니 뺨을 때리시는 거야. 내가 진짜 너무 억울해서 그 자리에서 제대로 말도 못하고 눈물만 흘렸는데 그게 너무 화가 나.	N	2022-06-27 04:35:14	2022-11-08 03:50:17
BE22004019	6	1	맞은 거야? 손님한테? 아니 어떻게 이런 일이 벌어질 수가 있어? 분명 코로나로 인해서 마스크 착용이 실내에서는 꼭 이루어져야 하는데 필수사항을 말해준 탓에 뺨을 맞다니. 이게 정말 무슨 일이야.	N	2022-06-27 04:35:14	2022-11-08 03:50:17
BE22004019	7	0	그러니까. 꼭 필요한 필수적인 이야기를 한 거고 모두를 위한 안내사항이었다고 생각해. 그리고 나는 분명 기분 좋지 않은 말투로 이야기를 건네지도 않았는데 그래서 더 억울하고 속이 상해.	N	2022-06-27 04:35:14	2022-11-08 03:50:17
BE22004019	8	1	그렇지. 항상 내가 아는 너는 친절함의 대명사였어. 그렇기에 서비스직과 관련한 직업도 잘 맞는다고 생각할 정도였는데. 당연히 정당한 요구를 했을 때 뺨 맞는 행동이 돌아 오게 되면 그 누구도 화가 나고 속상하지.	N	2022-06-27 04:35:14	2022-11-08 03:50:17
BE22004019	9	0	아직도 맞은 뺨 부위가 얼얼하고 아픈 거 있지? 진짜 무슨 일일까. 이게 나에게 실제로 벌어진 일인가 싶고 믿기지도 않아.	N	2022-06-27 04:35:14	2022-11-08 03:50:17
BE22004019	10	1	그렇지. 세게 맞았으면 그리고 기분 좋지 않은 상태에서 맞으면 더더욱 아플 것 같아. 내가 맞지 않았는데도 내 뺨이 아플 정도로 너무 속이 상하다. 얼마나 아플 거야 걱정된다, 정말.	N	2022-06-27 04:35:14	2022-11-08 03:50:17
BE22004019	11	0	걱정해줘서 고마워. 이 일을 어떻게 해야 할지 모르겠어.	N	2022-06-27 04:35:14	2022-11-08 03:50:17
BE22004019	12	1	내 생각에는 너는 어디 가서나 예쁨 받고 일 처리도 평소에 잘했을 테니. 사장님께 잘 이야기하고 같이 일 처리를 의논하면 좋겠어. 마스크 착용을 요청하는 거는 절대 잘못된 일이 아니니까 말이야!	N	2022-06-27 04:35:14	2022-11-08 03:50:17
BE22004019	13	0	응 그래야겠다. 사실 어떻게 먼저 이 일을 풀어나가야 할지 감도 잡히지 않을 정도로 너무 억울했어. 그런데 너가 이렇게 공감해주니 조금 마음이 진정된 거 같아. 이제 내가 속상하고 억울했던 일을 해결해야겠어.	N	2022-06-27 04:35:14	2022-11-08 03:50:17
BE22004019	14	1	그렇지. 좋은 생각이야. 힘든 일을 겪은 것에만 힘들어하고 계속 그 자리에 있다면 달라지는 것이 적을 것 같아. 추진력 있는 너의 모습으로 이번에도 문제를 진취적으로 해결해 나아가면 좋겠어.	N	2022-06-27 04:35:14	2022-11-08 03:50:17
BE22004019	15	0	고마워. 나 그럼 이제 사장님께 연락드려봐야겠다. 내 억울한 마음 같이 공감해주고 내 몸 상태도 위로해주어서 너무 고마워 친구야.	Y	2022-06-27 04:35:14	2022-11-08 03:50:17
