id	utterance_id	utterance_type	utterance_text	terminate	regDate	updDate
BE22007146	1	0	어제저녁에 너무 속상한 일이 있었어.	N	2022-07-08 07:04:06	2022-11-08 04:10:30
BE22007146	2	1	집에서 무슨 일 있었니?	N	2022-07-08 07:04:06	2022-11-08 04:10:30
BE22007146	3	0	가족들끼리 밥 먹고 있는데, 애들 둘이 얘기하다가 다투더라고. 사춘기라서 자주 싸우거든.	N	2022-07-08 07:04:06	2022-11-08 04:10:30
BE22007146	4	1	그런 일이 있었구나. 자식들이 싸우면 맘이 많이 아프지. 그걸 지켜보느라 네가 힘들었겠어.	N	2022-07-08 07:04:06	2022-11-08 04:10:30
BE22007146	5	0	원래 말다툼으로 끝나는데, 어제는 첫째가 둘째를 때렸어.	N	2022-07-08 07:04:06	2022-11-08 04:10:30
BE22007146	6	1	정말 심하게 다퉜네. 내가 너였다면 정말 충격받았을 것 같아. 너는 좀 괜찮은지 걱정이 되네.	N	2022-07-08 07:04:06	2022-11-08 04:10:30
BE22007146	7	0	어제는 너무 놀라긴 했어. 지금은 괜찮아. 어제 둘째가 첫째 애 옷을 몰래 입고 나갔는데 들켜서 때렸대. 이번이 처음이 아니었던 거야.	N	2022-07-08 07:04:06	2022-11-08 04:10:30
BE22007146	8	1	아무래도 자매들은 그걸로 제일 많이 싸우는 것 같아. 부모 입장에서 네 속이 꽤 쓰렸겠어.	N	2022-07-08 07:04:06	2022-11-08 04:10:30
BE22007146	9	0	그런 일로 폭력을 썼다는 것이 너무 황당했어. 얼른 정신 차리고 말렸는데, 내가 왜 눈물이 나는지 모르겠더라고.	N	2022-07-08 07:04:06	2022-11-08 04:10:30
BE22007146	10	1	너 역시 많이 놀라서일 거야. 네가 얼마나 놀랐을지 나는 상상도 안 돼. 때리면서 싸우는 걸 보는 네 마음은 얼마나 괴로웠을까.	N	2022-07-08 07:04:06	2022-11-08 04:10:30
BE22007146	11	0	혼내려고 했는데, 나도 놀라서 제대로 말도 못 하고 뒤늦게 말려서 각자 방에 보낸 거 있지.	N	2022-07-08 07:04:06	2022-11-08 04:10:30
BE22007146	12	1	나라면 벌써 애들한테 소리 지르고 혼냈을 텐데, 나긋나긋하게 상황을 잘 마무리한 너도 참 존경스러워.	N	2022-07-08 07:04:06	2022-11-08 04:10:30
BE22007146	13	0	한 번 그러면 두 번이 쉽잖니. 또 그렇게 폭력적으로 싸움이 날까봐 걱정돼.	N	2022-07-08 07:04:06	2022-11-08 04:10:30
BE22007146	14	1	다시 그런 일이 생긴다면, 애들 불러서 대화를 해봐. 그러지 않겠다는 약속도 받아내면 좋을 것 같아.	N	2022-07-08 07:04:06	2022-11-08 04:10:30
BE22007146	15	0	그렇게 해봐야지. 말하고 나니 한결 나아졌네. 조언 고마워.	Y	2022-07-08 07:04:06	2022-11-08 04:10:30
