id	utterance_id	utterance_type	utterance_text	terminate	regDate	updDate
BE22004035	1	0	이제 어떡하지. 모든 걸 다시 시작해야 하나... 아무것도 할 수가 없네.	N	2022-06-27 05:08:27	2022-11-08 03:50:23
BE22004035	2	1	너 괜찮아? 왜 그래? 무슨 일 있는 거야?	N	2022-06-27 05:08:27	2022-11-08 03:50:23
BE22004035	3	0	내일이 출판사 마감이라서 밤새워서 원고 작업했는데... 그동안 작업했던 원고까지 다 사라졌어. 외장하드가 고장이 났나 봐.	N	2022-06-27 05:08:27	2022-11-08 03:50:23
BE22004035	4	1	세상에나... 어떡하니. 네가 얼마나 고민하면서 쓴 작품인데... 나도 억장이 무너지는 기분인데, 넌 어떻겠어.	N	2022-06-27 05:08:27	2022-11-08 03:50:23
BE22004035	5	0	휴. 서브로 다른 곳에 저장해 두지 않은 내 잘못이긴 한데, 지금까지는 문제가 없었거든. 지금 너무 충격을 받아서 무엇을 해야 할지도 모르겠어.	N	2022-06-27 05:08:27	2022-11-08 03:50:23
BE22004035	6	1	아니야. 내가 너였어도, 지금까지 사용하는 데 문제가 없었으면, 그냥 믿고 쓰지. 평소에 네가 얼마나 꼼꼼하게 작업을 해왔니. 그 원고 아까워서 어떻게 하니.	N	2022-06-27 05:08:27	2022-11-08 03:50:23
BE22004035	7	0	머리가 너무 무거워서, 계속 누워 있게 되네. 아, 출판사에는 뭐라고 말해야 하나.	N	2022-06-27 05:08:27	2022-11-08 03:50:23
BE22004035	8	1	어쩌니. 스트레스 많이 받아서 머리가 아픈 거 같은데. 약은 먹었어? 음... 출판사에는 우선 사실대로 말하는 게 좋을 것 같은데...	N	2022-06-27 05:08:27	2022-11-08 03:50:23
BE22004035	9	0	그렇겠지? 아, 마음이 너무 아프다. 난 왜 이렇게 되는 게 없을까.	N	2022-06-27 05:08:27	2022-11-08 03:50:23
BE22004035	10	1	어휴. 지금은 그렇게 생각이 드는 게 당연한데... 친구야, 나는 네가 최고의 작가가 되기 위해 여러 과정을 겪는 중이라 생각해. 나는 너를 믿어. 그러니 힘내!	N	2022-06-27 05:08:27	2022-11-08 03:50:23
BE22004035	11	0	고맙다, 친구야. 늘 너는 나를 응원해주고 믿어주는구나.	N	2022-06-27 05:08:27	2022-11-08 03:50:23
BE22004035	12	1	당연하지. 너의 성실함, 너의 반짝이는 상상력, 그리고 너의 열정과 끈기가 얼마나 대단한데! 나뿐만 아니라 널 응원하는 동기들도 얼마나 많은데...	N	2022-06-27 05:08:27	2022-11-08 03:50:23
BE22004035	13	0	그렇게 이야기해주니, 조금 용기가 생긴다, 친구야. 고마워 정말.	N	2022-06-27 05:08:27	2022-11-08 03:50:23
BE22004035	14	1	고맙긴. 그리고 우선 업체에 외장하드를 맡겨 보는 게 어때? 우리 회사에서도 그런 일이 있어서, 맡겼었는데 복구된 경험도 있었거든.	N	2022-06-27 05:08:27	2022-11-08 03:50:23
BE22004035	15	0	정말? 거기 업체 나한테 소개해줄 수 있어?	N	2022-06-27 05:08:27	2022-11-08 03:50:23
BE22004035	16	1	그럼. 우선 맡겨 보자고. 그러니까 너무 힘들어하지 말고.	N	2022-06-27 05:08:27	2022-11-08 03:50:23
BE22004035	17	0	응. 알았어. 친구야! 고맙다 정말. 힘내서 해결해 볼게.	Y	2022-06-27 05:08:27	2022-11-08 03:50:23
