id	utterance_id	utterance_type	utterance_text	terminate	regDate	updDate
BE22008808	1	0	내 성격에 진짜 문제가 있는 걸까? 네가 보기에는 어때?	N	2022-07-14 06:15:53	2022-11-08 04:21:05
BE22008808	2	1	갑자기 그게 무슨 소리야? 무슨 일 있었어?	N	2022-07-14 06:15:53	2022-11-08 04:21:05
BE22008808	3	0	회사에서 옆자리에 있는 대리가 나한테 공감 능력이 없다는 말을 종종 하거든. 그런데 오늘도 회의 끝나고 나오는데 그런 말을 하더라고. 자꾸 듣다 보니까 좀 신경 쓰이고 너무 상처받았어.	N	2022-07-14 06:15:53	2022-11-08 04:21:05
BE22008808	4	1	그런 소리 들으면 나 같아도 너무 큰 상처일 것 같아. 한 번도 아니고 여러 번 들었다면 더욱 고민도 많이 되고 힘들었을 것 같아. 친구처럼 편한 사이에서 들은 얘기도 아니고 회사 사람한테 들었다니 네가 너무 심란하겠다.	N	2022-07-14 06:15:53	2022-11-08 04:21:05
BE22008808	5	0	맞아. 처음에는 그냥 조금 말이 지나치다 싶은 정도였는데, 이제는 정말 내가 그런 사람일까 하는 의구심까지 들어. 여러 번 듣다 보니까 정말 큰 상처로 다가오는 것 같아.	N	2022-07-14 06:15:53	2022-11-08 04:21:05
BE22008808	6	1	아니 그런데 도대체 어쩌다가 회사에서 그런 얘기가 나온 거야? 네 성격을 내가 아는데 전혀 상상도 안 가.	N	2022-07-14 06:15:53	2022-11-08 04:21:05
BE22008808	7	0	회의에서 개인 일정 공유하는 시간에 내가 금주에 담당 업무를 완료하니 차주에 휴가 쓴다고 공유했거든. 그랬더니 회의 끝나고 그 대리가 자기는 아직 업무 한참 남았다는 거야. 그러면서 그런 얘기 했다고 역시 공감 능력이 없어 보인다고 그러더라.	N	2022-07-14 06:15:53	2022-11-08 04:21:05
BE22008808	8	1	헐! 그 사람이 진짜 이상한 거야. 업무 분장이나 담당 업무라는 말이 괜히 있는 것도 아니고, 심지어 개인 연차인데 무슨 상관이야. 그 사람이 오히려 공감 능력이 없어 보이는데?	N	2022-07-14 06:15:53	2022-11-08 04:21:05
BE22008808	9	0	나도 그렇게 생각해 보려고 했는데 자꾸 마음이 싱숭생숭하네. 이제는 그런 말에 일희일비하는 나도 너무 싫다.	N	2022-07-14 06:15:53	2022-11-08 04:21:05
BE22008808	10	1	그런 말 들으면 당연히 상처가 되고 머릿속에 맴돌지. 그래도 배려 없는 사람이 건넨 말들을 너무 곱씹으며 스스로한테까지 상처를 더 얹어주지 마. 그런 말들을 쉽게 흘리지 못한다는 것만 봐도 너는 공감 능력이 충분하다는 방증이야.	N	2022-07-14 06:15:53	2022-11-08 04:21:05
BE22008808	11	0	네가 그렇게 따뜻하게 얘기해 주니까 마음이 좀 풀린다. 너랑 얘기하길 정말 잘한 것 같아.	N	2022-07-14 06:15:53	2022-11-08 04:21:05
BE22008808	12	1	내가 그 사람보다 너를 훨씬 더 잘 알잖아. 너는 진짜 항상 남 배려하고, 공감도 엄청 잘해주는 사람이야. 그 사람은 그냥 무례하고 이기적인 사람일 뿐이니 상처받지도 말고 너무 귀담아듣지 마.	N	2022-07-14 06:15:53	2022-11-08 04:21:05
BE22008808	13	0	그래! 이제 그냥 잊어버리고 내 일에만 열중해야겠다. 열심히 해서 다음 주에 푹 쉬어야지.	N	2022-07-14 06:15:53	2022-11-08 04:21:05
BE22008808	14	1	내가 응원할게. 혹시 그 사람이 또 나쁘게 얘기하면 단호하게 대응해!	N	2022-07-14 06:15:53	2022-11-08 04:21:05
BE22008808	15	0	응! 다음에는 확실하게 말할게!	Y	2022-07-14 06:15:53	2022-11-08 04:21:05
