id	utterance_id	utterance_type	utterance_text	terminate	regDate	updDate
BE22009052	1	0	회사에서 오늘 과장님한테 또 깨졌어. 난 왜 이러는지 모르겠어.	N	2022-07-15 04:34:43	2022-11-08 04:22:37
BE22009052	2	1	속 많이 상하지? 나도 직장 생활 시작한 지 3년이 넘었는데도 아직도 혼나면 정신이 없어. 마음이 많이 안 좋지?	N	2022-07-15 04:34:43	2022-11-08 04:22:37
BE22009052	3	0	내가 아직 일이 서툴러서 실수해서 혼난걸. 익숙해질 때도 됐는데 그래도 여전히 혼날 때마다 상처받는 건 어쩔 수 없나 봐.	N	2022-07-15 04:34:43	2022-11-08 04:22:37
BE22009052	4	1	상처가 낫기도 전에 또 상처받으면 점점 더 깊어져. 격려해 주면서 가르쳐주고 하면 좋은 감정으로 잘 할 수 있을 텐데. 상사들은 왜 그런 생각도 하지 못하고 이렇게 힘들게 하는 걸까.	N	2022-07-15 04:34:43	2022-11-08 04:22:37
BE22009052	5	0	그러니까 말이야. 한다고 하는데 핀잔 듣고 나면 자존감 낮아지고 다른 동기들하고 비교당하는 거 같고 많이 힘들어.	N	2022-07-15 04:34:43	2022-11-08 04:22:37
BE22009052	6	1	이런 날은 내가 어깨 토닥토닥해 주면서 위로해 주고. 맛난 거 먹여서 기분 풀어줘야 하는데. 뭐 하고 있어?	N	2022-07-15 04:34:43	2022-11-08 04:22:37
BE22009052	7	0	그냥 우리 동네 둘레길 혼자 걷고 있어. 집에 있으면 혼자 울 거 같아서.	N	2022-07-15 04:34:43	2022-11-08 04:22:37
BE22009052	8	1	혼자 걷다 보면 마음도 안정되고 머리도 맑아지지. 잘 견뎌 내고 있네. 내 친구 정말 장하다.	N	2022-07-15 04:34:43	2022-11-08 04:22:37
BE22009052	9	0	직장 생활하다 보니 스트레스 푸는 나만의 방법이 필요하겠더라고. 생각 없이 걷다 보면 스트레스 다 풀리더라.	N	2022-07-15 04:34:43	2022-11-08 04:22:37
BE22009052	10	1	너만의 스트레스 푸는 방법이 있는 건 그나마 너무 다행이다. 쌓아두고 있으면 감정이 계속 안 좋아져서 더 힘들더라고. 네 마음이 복잡해서 아무 생각 안 할 때 오히려 기분이 풀리는 거구나?	N	2022-07-15 04:34:43	2022-11-08 04:22:37
BE22009052	11	0	많이 진정됐어. 힘들 때마다 이렇게 혼자 걷고 있으면 사람보다 자연이 보이고 주변 풍경이 보이더라. 마음이 어느 순간 사르르 풀리더라고.	N	2022-07-15 04:34:43	2022-11-08 04:22:37
BE22009052	12	1	이럴 때 보면 네가 참 지혜로운 게 느껴져. 감정을 추스르기가 쉬운 게 아니잖아. 이 시기도 지나가고 너도 성장하면 웃으며 돌아볼 때가 있을 거야.	N	2022-07-15 04:34:43	2022-11-08 04:22:37
BE22009052	13	0	그렇게 되겠지? 점점 강해지고 익숙해지도록 내 정신 단단히 해야지. 언젠가 나도 중요한 사람으로 성장할 거야.	N	2022-07-15 04:34:43	2022-11-08 04:22:37
BE22009052	14	1	내 친구 장하다. 내가 항상 응원하는 거 알지? 산책 동무가 필요하면 당장 달려갈 테니 불러.	N	2022-07-15 04:34:43	2022-11-08 04:22:37
BE22009052	15	0	고마워. 기분 많이 좋아졌어. 너무 걱정하지 않아도 돼.	Y	2022-07-15 04:34:43	2022-11-08 04:22:37
