id	utterance_id	utterance_type	utterance_text	terminate	regDate	updDate
BE22006763	1	0	나 오늘도 가족들이랑 크게 싸웠어. 사소한 문제였는데 감정 싸움으로 번지더라고.	N	2022-07-07 03:54:25	2022-11-08 04:08:01
BE22006763	2	1	정말이야? 가족들이 네게 심한 말을 한 거니?	N	2022-07-07 03:54:25	2022-11-08 04:08:01
BE22006763	3	0	응. 조금 늦게 집에 들어왔는데, 예전 일까지 들먹이면서 버릇이 없다고 쏘아붙이는 거야. 그런 말 들을 때마다 정말 속상해. 가족이 없어졌으면 좋겠다고 생각한 적도 있어.	N	2022-07-07 03:54:25	2022-11-08 04:08:02
BE22006763	4	1	저런, 네가 가족들에서 그동안 쌓인 스트레스가 상당했구나. 그런 생각까지 했다니 안쓰러워서 내 마음이 아파.	N	2022-07-07 03:54:25	2022-11-08 04:08:02
BE22006763	5	0	그냥, 가족들이랑은 같이 있으면 불행해지는 기분이야. 별로 보고 싶지도 않아.	N	2022-07-07 03:54:25	2022-11-08 04:08:02
BE22006763	6	1	사이가 많이 나쁘구나. 가족과 함께 있는 것이 네게 힘들고 버거운 일이었니?	N	2022-07-07 03:54:25	2022-11-08 04:08:02
BE22006763	7	0	응. 이야기만 나누면 서로를 헐뜯기 바빠. 그래서 평소에는 말도 자주 섞지 않는 편이야. 나는 어릴 때부터 늘 상처받고 울곤 했거든.	N	2022-07-07 03:54:25	2022-11-08 04:08:02
BE22006763	8	1	어린 시절에 상처를 받은 너를 생각하니 내 마음이 다 안타까운걸. 어릴 때부터 비슷한 상황이 반복되었다면 네가 가족에 대해 느끼는 심정도 이해가 돼. 그동안 많이 스트레스를 받고 지친 상태였겠구나.	N	2022-07-07 03:54:25	2022-11-08 04:08:02
BE22006763	9	0	맞아. 솔직히 말해 더 이상 보고 싶지 않은 사람들이야. 이런 생각을 하는 내가 너무 정이 없는 건가?	N	2022-07-07 03:54:25	2022-11-08 04:08:02
BE22006763	10	1	아니야. 네가 자라온 환경이 네게 버거울 만큼 힘들었다면, 그걸 벗어나고 싶다는 생각은 지극히 자연스러운걸. 난 오히려 그런 네 말을 듣고 나니 고생이 많았다고 위로를 건네고 싶은걸.	N	2022-07-07 03:54:25	2022-11-08 04:08:02
BE22006763	11	0	그렇게 말해줘서 고마워. 조만간 가족에게서 독립을 하는 것도 고민 중이었거든. 그런데 이런 고민을 하는 내가 너무 인정 없고 차가운 사람은 아닐까 내심 걱정이 됐었어.	N	2022-07-07 03:54:25	2022-11-08 04:08:02
BE22006763	12	1	누구도 너의 고민을 비난하지 않을 거야. 네가 받은 아픔과 상처를 생각한다면, 나는 오히려 그런 너의 생각을 응원해주고 싶은걸.	N	2022-07-07 03:54:25	2022-11-08 04:08:02
BE22006763	13	0	고마워. 내게 그런 말을 해줘서 큰 위안이 돼. 그동안 가족들에게 느낀 설움을 이해받은 것 같아 얼마나 위로가 되는지 몰라.	N	2022-07-07 03:54:25	2022-11-08 04:08:02
BE22006763	14	1	네가 그렇게 느꼈다니 나야말로 정말 기쁘고 다행인걸. 네가 다른 이들이 주는 상처에 무너지지 않고 꿋꿋이 이겨냈으면 좋겠어. 힘들 때면 언제든지 그 감정을 털어놓고 내게 기대도 좋아.	N	2022-07-07 03:54:25	2022-11-08 04:08:02
BE22006763	15	0	네게 정말 큰 감동을 받았어. 너 같은 친구가 곁에 있어 주어서 정말 안심이 된다.	Y	2022-07-07 03:54:25	2022-11-08 04:08:02
