id	utterance_id	utterance_type	utterance_text	terminate	regDate	updDate
BE22010315	1	0	회사에 취직해서 부모님이 기뻐하실 줄 알았는데, 탐탁지 않으신 모양이야. 여전히 부모님은 내 출근길을 달가워하지 않으셔. 못마땅하신가 봐.	N	2022-07-19 14:27:32	2022-11-08 04:30:48
BE22010315	2	1	에고, 오랜만에 듣는 소식이 안 좋은 소식이라 마음이 아프다. 언제 취직한 거야? 일단 먼저 취직하느라 고생했다는 말부터 해주고 싶은데.	N	2022-07-19 14:27:32	2022-11-08 04:30:48
BE22010315	3	0	취직한 지 얼마 안 됐어. 너도 알다시피 내가 빚이 좀 있잖아. 빚을 갚아야겠다는 생각에 공장형 회사에 취직했거든.	N	2022-07-19 14:27:32	2022-11-08 04:30:48
BE22010315	4	1	그랬구나. 네가 그래도 어려운 일들을 겪어가면서 취직했는데, 부모님의 반응이 그러셔서 참 속상하겠다. 나 같아도 기분이 좋지 않을 것 같아. 너도 나름 노력했을 텐데 정말 마음이 무너져 내렸겠다.	N	2022-07-19 14:27:32	2022-11-08 04:30:48
BE22010315	5	0	나보고, 그런 회사에 취직하면 뭐 하냐고 잔소리를 많이 하시더라고. 부모님 말씀이 틀린 건 아니지만, 괜히 너무 마음이 아팠어. 나에게는 무지 상처였거든.	N	2022-07-19 14:27:32	2022-11-08 04:30:48
BE22010315	6	1	나 같아도 그런 말을 들으면 너무 속상하고 상처였을 것 같아. 심지어 부모님이라는 존재는 우리 각자에게 특별한 존재잖아. 그런 사람에게 아픈 말을 듣는다는 건 정말 힘든 일이야.	N	2022-07-19 14:27:32	2022-11-08 04:30:48
BE22010315	7	0	공감해줘서 고마워. 난 빚을 갚기 위해 나름대로 노력하고 있다고 생각하는데 말이야. 부모님의 가시 돋친 말에 나도 모르게 움츠러드네.	N	2022-07-19 14:27:32	2022-11-08 04:30:48
BE22010315	8	1	지금 당장은 부모님이 너에 대해 긍정적으로만 바라보실 순 없겠지만, 시간이 지나면 분명 생각이 바뀌실 거야. 네가 꾸준히 일을 다니며 빚을 갚는 모습을 보시면서 생각이 바뀌실지도 몰라. 지금 네가 너무 상처받아서 힘들게 하루를 보내고 있겠지만 미래를 위한 투자라고 생각해보자.	N	2022-07-19 14:27:32	2022-11-08 04:30:48
BE22010315	9	0	네 말을 들으니 맞는 말이야. 부모님도 내가 빚이 있다는 사실을 아시니 좋은 말만 해주기 어려우셨겠지. 하지만 상처가 쉬이 치료되진 않네.	N	2022-07-19 14:27:32	2022-11-08 04:30:48
BE22010315	10	1	한번 깨진 유리를 이어 붙이기란 정말 어렵잖아. 그런 것처럼 이미 상처받은 너의 마음을 치유하는 데도 많은 시간이 걸릴 거야. 네가 많이 힘들겠지만, 우리 조금만 더 버텨보자.	N	2022-07-19 14:27:32	2022-11-08 04:30:48
BE22010315	11	0	그렇게 말해줘서 고마워. 네 말대로 시간이 어느 정도 지나면 해결될까?	N	2022-07-19 14:27:32	2022-11-08 04:30:48
BE22010315	12	1	당연하지. 너의 꾸준한 모습을 보시고 부모님도 감동하실지도 몰라. 네가 그래도 의지력 하나는 강하잖아. 분명 너는 열심히 회사도 다니고 채무도 다 상환할 수 있을 거야.	N	2022-07-19 14:27:32	2022-11-08 04:30:48
BE22010315	13	0	그렇게 말해줘서 고마워. 덕분에 기운이 난다.	N	2022-07-19 14:27:32	2022-11-08 04:30:48
BE22010315	14	1	부모님의 가시 돋친 말 때문에 많이 상처받았지? 나의 말들이 너의 마음을 조금이라도 위로해줬으면 좋겠는데. 오늘 밤은 마음 편히 먹고 푹 자자. 응원할게.	N	2022-07-19 14:27:32	2022-11-08 04:30:48
BE22010315	15	0	역시 너뿐이야. 앞으로 열심히 하고자 하는 동기가 다시 생긴 것 같아.	Y	2022-07-19 14:27:32	2022-11-08 04:30:48
