id	utterance_id	utterance_type	utterance_text	terminate	regDate	updDate
BE22004139	1	0	나 다음 학기에는 휴학해야 할까 봐.	N	2022-06-27 08:42:28	2022-11-08 03:51:02
BE22004139	2	1	무슨 문제가 있길래 휴학까지 생각한 거야?	N	2022-06-27 08:42:28	2022-11-08 03:51:02
BE22004139	3	0	내가 지난번에 말했던 우리 과 선배 때문에 너무 힘들어서 더는 못 다닐 것 같아. 이 선배는 정말 너무한 것 같아.	N	2022-06-27 08:42:28	2022-11-08 03:51:02
BE22004139	4	1	너한테 계속 인신공격성 농담한다던 그 선배 말이지? 아직도 그러는 거야?	N	2022-06-27 08:42:28	2022-11-08 03:51:02
BE22004139	5	0	응. 몇 번 하다가 말겠지 하고 기다렸는데 오히려 강도만 더 심해졌어. 무시하고 넘기는 것도 한두 번이지 이제 지쳐서 그럴 힘도 없더라.	N	2022-06-27 08:42:28	2022-11-08 03:51:02
BE22004139	6	1	세상에 벌써 이게 몇 달째야. 네가 정말 마음고생이 컸겠다.	N	2022-06-27 08:42:28	2022-11-08 03:51:02
BE22004139	7	0	하지 말라고 하면 농담인데 뭘 그렇게 정색하냐고 나한테 적반하장이야. 내가 할 수 있는 게 없어서 너무 괴로워.	N	2022-06-27 08:42:28	2022-11-08 03:51:02
BE22004139	8	1	정말 억울하고 무기력한 상황이라 네가 힘들었겠다. 네 이야기를 듣는 내 마음도 찢어질 것 같아.	N	2022-06-27 08:42:28	2022-11-08 03:51:02
BE22004139	9	0	주위에서 아무도 안 도와주고 그냥 방관하는 것도 너무해. 어떻게 내 편이 아무도 없을 수가 있어.	N	2022-06-27 08:42:28	2022-11-08 03:51:02
BE22004139	10	1	네가 이렇게 악의적인 괴롭힘을 당할 때 함께 맞서줄 사람이 없어서 실망이 컸겠어. 너 혼자 버티느라고 얼마나 쓸쓸하고 외로웠니.	N	2022-06-27 08:42:28	2022-11-08 03:51:02
BE22004139	11	0	선배가 그런 농담할 때마다 눈물 날 것 같은데 울면 지는 기분이라 간신히 참고 버텼어.	N	2022-06-27 08:42:28	2022-11-08 03:51:02
BE22004139	12	1	그 와중에도 기죽지 않고 당당하게 굴 수 있다니 멋지다. 네가 힘든 상황에서도 약한 모습을 보이지 않았다니 너무 존경스러운걸.	N	2022-06-27 08:42:28	2022-11-08 03:51:02
BE22004139	13	0	그렇게 말해주니까 이 악물고 버틴 보람이 있네. 휴학하면 꼬리 내리고 도망간다고 생각할 테니 다시 고민해 봐야겠어. 저런 사람한테 질 수 없지.	N	2022-06-27 08:42:28	2022-11-08 03:51:02
BE22004139	14	1	네 용기와 의지에 정말 감탄하게 되네. 넌 내 멋진 친구니까 충분히 이겨낼 수 있을 거야. 힘내.	N	2022-06-27 08:42:28	2022-11-08 03:51:03
BE22004139	15	0	응원해 줘서 고마워. 마음 단단히 먹고 다시 힘내볼게.	Y	2022-06-27 08:42:28	2022-11-08 03:51:03
