id	utterance_id	utterance_type	utterance_text	terminate	regDate	updDate
BE22009839	1	0	내가 진짜 너무 어이가 없어서. 어떻게 친구 말을 안 믿어줄 수가 있지?	N	2022-07-18 08:16:59	2022-11-08 04:27:47
BE22009839	2	1	왜 그러는데? 무슨 일이야?	N	2022-07-18 08:16:59	2022-11-08 04:27:47
BE22009839	3	0	아니, 내 친구 있지, 내가 걔 욕을 하는 걸 다른 사람한테 들었데. 억울해, 난 그런 적 없는데.	N	2022-07-18 08:16:59	2022-11-08 04:27:47
BE22009839	4	1	와 정말 속상하겠다. 믿었던 친구가 나를 믿어주지 않는 느낌은 뭐라 설명할 수 없는 상처가 되는 것 같아. 지금 네 심정이 얼마나 슬플지 모르겠지만 힘냈으면 좋겠다.	N	2022-07-18 08:16:59	2022-11-08 04:27:47
BE22009839	5	0	너무 억울해서 눈물이 났어. 난 그런 적 없다고 분명히 말했거든. 난 누구 뒷얘기 절대 안 한다고.	N	2022-07-18 08:16:59	2022-11-08 04:27:47
BE22009839	6	1	그렇지, 네가 제일 싫어하는 게 남 얘기하는 거잖아. 그래서 남 얘기하는 자리 있으면 아예 피해버리는 거 다 알지.	N	2022-07-18 08:16:59	2022-11-08 04:27:47
BE22009839	7	0	걔는 나랑 10년을 친구였는데도 그걸 모르나 봐. 너무 속상하다.	N	2022-07-18 08:16:59	2022-11-08 04:27:47
BE22009839	8	1	10년이면 강산이 변할 만큼의 엄청난 시간인데, 그동안 쌓은 신뢰가 다 깨져버리는 기분이었겠다. 내가 해줄 수 있는 게 없어서 나도 마음이 아프네.	N	2022-07-18 08:16:59	2022-11-08 04:27:47
BE22009839	9	0	친구는 평생 갈 줄 알았는데, 한순간에 이렇게 돌아설 수 있다니 충격이야. 나는 정말 내 친구의 욕을 한 적이 없거든. 근데 아무도 믿어주지 않아.	N	2022-07-18 08:16:59	2022-11-08 04:27:47
BE22009839	10	1	내가 널 믿어. 너는 진실된 사람이고 누군가를 험담하지 않는다는 걸 내가 너무 잘 알아. 아마 뭔가 오해가 있었기 때문에 그런 일이 있었을 거야.	N	2022-07-18 08:16:59	2022-11-08 04:27:47
BE22009839	11	0	그렇게 말해줘서 고마워. 지금 제일 듣고 싶은 말이었던 것 같아. 나라는 사람이 친구들에게 믿음을 주지 못한 건 아닐까 억울하다가 자책까지 하게 되더라고.	N	2022-07-18 08:16:59	2022-11-08 04:27:47
BE22009839	12	1	살다 보면 오해가 생기는 경우도 있고 또 친구 사이가 영원하지 못할 수도 있을 거야. 남을 배려하는 네 성향상 누군가를 탓하는 건 힘들겠지만, 무조건 네 탓으로 돌리지 않았으면 해. 너는 너의 편이 되어주고 널 믿어줘야 해.	N	2022-07-18 08:16:59	2022-11-08 04:27:47
BE22009839	13	0	맞아. 나는 친구들 사이에서 아직 정답이 나오지도 않은 문제를 나쁜 쪽으로 고민했던 것 같아. 그러다가 좋지 않은 방향으로 계속 생각하고 있었어. 날 믿어줘서 고맙고, 내 생각을 멈추게 해준 것도 고마워.	N	2022-07-18 08:16:59	2022-11-08 04:27:47
BE22009839	14	1	나도 힘들 때 고민하다가 억울해서 울기도 하고 자책하기도 했었거든. 그럴 때 옆에서 잡아주면 큰 힘이 되더라고. 난 언제든지 네 옆에 있을 거고 네 편이 되어줄게.	N	2022-07-18 08:16:59	2022-11-08 04:27:47
BE22009839	15	0	고마워. 억울하고 아팠던 마음이 너와의 대화로 많이 치유된 느낌이야.	Y	2022-07-18 08:16:59	2022-11-08 04:27:47
