id	utterance_id	utterance_type	utterance_text	terminate	regDate	updDate
BE22010012	1	0	어쩌면 사람이 이렇게 이기적일 수가 있니, 아버지 연락을 받고 괴로워서 정신 차리지 못하겠어.	N	2022-07-19 02:05:43	2022-11-08 04:28:52
BE22010012	2	1	너희 집에는 아버지가 안 계시잖아. 갑자기 연락이 닿기라도 한 거야?	N	2022-07-19 02:05:43	2022-11-08 04:28:52
BE22010012	3	0	10년 전에 우리 가족을 버리고 떠나던 아버지 뒷모습이 아직도 가슴에 상처로 남아있어. 태연하게 연락이 와서 보고 싶다고 하는데 버릴 땐 언제고 이제 와서? 말문이 막혀서 대답도 못하겠더라.	N	2022-07-19 02:05:43	2022-11-08 04:28:52
BE22010012	4	1	아버지의 존재가 필요한 성장기에 부재를 느꼈으니, 네가 얼마나 상심이 컸을까. 감히 상상조차 할 수가 없네.	N	2022-07-19 02:05:43	2022-11-08 04:28:53
BE22010012	5	0	아버지가 떠나고 나서 엄마와 나는 생활고에 시달려야 했어. 엄마가 우울증에 걸려 힘들어했던 때가 또렷이 기억나는데, 10년 만에 연락을 해서 사람을 흔들어놓다니. 내 암울한 어린 시절은 내게 인생에 가장 큰 상처야.	N	2022-07-19 02:05:43	2022-11-08 04:28:53
BE22010012	6	1	그 어린 나이에 엄마도 보살피고, 학교 수업도 따라가느라 많이 힘들었다고 했지. 들추고 싶은 기억을 억지로 꺼낸 느낌이 얼마나 괴로울까. 할 수만 있다면 네 마음을 내가 보듬어 주고 싶어.	N	2022-07-19 02:05:43	2022-11-08 04:28:53
BE22010012	7	0	연락 온 이유가 뭔지 알아? 자기가 죽을병에 걸렸다고, 많이 아프다고 찾아와달라고 전화 한 거야. 엄마랑 내가 아팠을 땐 관심도 없었으면서, 너무 괘씸해서 눈물이 나.	N	2022-07-19 02:05:43	2022-11-08 04:28:53
BE22010012	8	1	너도 아버지의 애정이 간절했을 텐데, 자신의 상황만 가엾게 여겨 찾아와달라고 하는 게 네 입장에서 이해하기 어려울 거야. 네가 찾아가지 않는다고 해도 나는 충분히 이해가 가.	N	2022-07-19 02:05:43	2022-11-08 04:28:53
BE22010012	9	0	웃기는 건 그렇게 원망을 하면서 악착같이 살았는데, 내 마음이 흔들린다는 거야. 엄마를 배신하는 느낌이라서 죄책감도 들고, 직접 만나서 왜 우리를 버렸는지 물어보고 싶기도 하고. 나도 내 진짜 마음을 모르겠어, 그래서 너무 괴로워.	N	2022-07-19 02:05:43	2022-11-08 04:28:53
BE22010012	10	1	갑자기 온 연락이라 많이 힘들고 혼란스럽지? 난 네가 불편하더라도 마주해서 그 감정을 다 털어버렸으면 좋겠어. 미련이 남은 채로 해결하지 못하면 평생 한이 될 거야.	N	2022-07-19 02:05:43	2022-11-08 04:28:53
BE22010012	11	0	나도 그럴 것 같아서 자꾸 아버지를 만나는 방향으로 마음이 기울여져. 하지만 아버지 이야기를 듣고 또 다른 상처가 깊이 남을까봐 두려워.	N	2022-07-19 02:05:43	2022-11-08 04:28:53
BE22010012	12	1	많은 복합적인 감정과 두려움을 느끼면서도, 상처를 마주할 생각을 한다는 게 참 용감하고 대단한 일이야. 너의 그런 용기는 항상 널 나아가게 만들었어, 이번에도 그렇게 될 수 있을 거야.	N	2022-07-19 02:05:43	2022-11-08 04:28:53
BE22010012	13	0	네가 진심으로 응원해주고, 격려를 해 주니 결심이 섰어. 직접 만나서 물어보고 내가 얼마나 힘들었는지 말할 거야.	N	2022-07-19 02:05:43	2022-11-08 04:28:53
BE22010012	14	1	응. 분명 아버지의 이유가 있을 거야, 그게 네가 수긍이 되지 않는다고 해도. 이유를 알게 되는 거니 네가 받은 상처는 그래도 한결 나아질 거야.	Y	2022-07-19 02:05:43	2022-11-08 04:28:53
