id	utterance_id	utterance_type	utterance_text	terminate	regDate	updDate
BE22003081	1	0	며칠 전부터 회사 사람들이 왠지 나 피하는 것 같다고 말했었잖아.	N	2022-06-23 14:21:07	2022-11-08 03:44:18
BE22003081	2	1	밥 먹을 때나, 쉬는 시간에 너만 가면 이야기 멈추고 조용해진다고 했던 거?	N	2022-06-23 14:21:07	2022-11-08 03:44:18
BE22003081	3	0	응 그게 내 느낌이 아니라 사실이었더라고. 나 오늘 너무 상처받아서 화장실에서 혼자 울고 왔어.	N	2022-06-23 14:21:07	2022-11-08 03:44:18
BE22003081	4	1	어머, 왜 울었어. 무슨 일이라도 있었던 거야?	N	2022-06-23 14:21:07	2022-11-08 03:44:18
BE22003081	5	0	아니, 내가 부장님한테 애교를 부려서 어려운 일이나 까다로운 일에서 제외되고 있다는 소문이 돌고 있는 거야. 무슨 퇴근 후에 주차장에서 부장님 차 옆자리를 탔다, 단둘이 술을 마셨다, 별 소문이 다 퍼졌더라.	N	2022-06-23 14:21:07	2022-11-08 03:44:18
BE22003081	6	1	무슨 말도 안 되는 소리래? 사람들이 너 연말에 결혼하는 거 몰라?	N	2022-06-23 14:21:07	2022-11-08 03:44:18
BE22003081	7	0	모르긴, 다들 알고 있는데도 말도 안 되는 소문에 심취해 있어서 아무도 안 믿어줘. 나한테 승진심사 밀린 동료가 한 명 있는데 그 사람이 거짓된 정보를 흘리고 다녔더라. 탕비실에서 지들끼리 희희덕 거리는데 나만 고립된 거 같고 투명인간 취급받는 거 못 참겠어서 바로 뛰쳐나갔어.	N	2022-06-23 14:21:07	2022-11-08 03:44:18
BE22003081	8	1	너 말 듣기만 해도 내가 이렇게 상처가 되고 힘든데, 너는 오죽했겠니. 원래 지들끼리 뭉쳐서 한 명 이상한 사람 만드는 거 쉽잖아. 그런 상황이면 진짜 너만 혼자라는 생각이 들고 너무 상처받았을 거 같아.	N	2022-06-23 14:21:07	2022-11-08 03:44:18
BE22003081	9	0	너한테라도 이렇게 하소연하니까 그래도 좀 고립돼서 답답했던 마음이 풀리는 것 같아.	N	2022-06-23 14:21:07	2022-11-08 03:44:18
BE22003081	10	1	그랬다니 그나마 다행이야. 근데, 그 사람한테 가서 좀 따져볼 수는 없는 거야? 헛소문 좀 퍼트리지 말라고?	N	2022-06-23 14:21:07	2022-11-08 03:44:18
BE22003081	11	0	일단 오늘 너무 충격받아서, 지금은 아무것도 하기 싫어서 가만히 있었어. 아까 사람들이 뒷담화 까는 거 들었을 때 너무 상처가 됐나봐. 지들끼리 뭉쳐 있고 나는 혼자 고립되어 있었던 그 모습이 잊혀지지가 않네.	N	2022-06-23 14:21:07	2022-11-08 03:44:18
BE22003081	12	1	너 맘도 충분히 이해가 되지만, 너를 알지도 못하면서 거짓된 정보를 근거로 아무 말이나 떠드는 거잖아. 거짓 정보를 퍼트린 사람이 잘못이지, 네가 하지도 않은 일로 상처받을 필요 없어. 내가 대신가서 따져주고 싶네.	N	2022-06-23 14:21:07	2022-11-08 03:44:18
BE22003081	13	0	학생도 아닌데 왕따당하는 거 같아서 슬펐는데, 네가 이렇게 속 시원하게 말해주니까 너무 고맙다. 나도 힘내서 잘못된 정보 바로 잡아봐야겠어! 말 함부로 전하고 다니는 거에 대한 대가를 톡톡히 치르게 해야지.	N	2022-06-23 14:21:07	2022-11-08 03:44:18
BE22003081	14	1	잘 생각했어! 네가 안 했으면 내가 쫓아가서 한마디 하고 싶은 심정이었거든. 네가 잘못한 거 아니니까 가서 당당하게 따지고 와!	N	2022-06-23 14:21:07	2022-11-08 03:44:18
BE22003081	15	0	너 덕에 전투력 충전했어. 다녀와서 후기 알려줄게!	Y	2022-06-23 14:21:07	2022-11-08 03:44:18
