id	utterance_id	utterance_type	utterance_text	terminate	regDate	updDate
BE22001860	1	0	자식 키워봤자 다 필요 없다는 말이 정말이었어. 아들이 아침부터 부엌에서 혼자 바쁜 거야.	N	2022-06-17 04:43:28	2022-11-08 03:36:27
BE22001860	2	1	거기서 뭘 했는데? 배고파서 밥을 했나?	N	2022-06-17 04:43:28	2022-11-08 03:36:27
BE22001860	3	0	그런 거였으면 내가 말을 안 해. 여자 친구 생일이라고 미역국을 끓이고 있는 거야.	N	2022-06-17 04:43:28	2022-11-08 03:36:27
BE22001860	4	1	세상에! 아니 저번 네 생일은 까먹고 지나간 애가 그러고 있었다는 거야?	N	2022-06-17 04:43:28	2022-11-08 03:36:27
BE22001860	5	0	그러니까. 내가 아들한테 이렇게 배신감을 느낄 줄은 몰랐어. 평소에는 자기 먹은 거 설거지도 할 줄 모르는 녀석이.	N	2022-06-17 04:43:28	2022-11-08 03:36:27
BE22001860	6	1	얘, 너 정말 서운했겠다. 친구야, 남자들이 다 그래. 지 엄마는 뭐든 괜찮은 줄 알고 애인 생기면 나 몰라라 한다니까.	N	2022-06-17 04:43:28	2022-11-08 03:36:27
BE22001860	7	0	나는 내 아들까지 그럴 줄은 몰랐지. 어떡하지? 미역국만 생각하면 정말 속상해.	N	2022-06-17 04:43:28	2022-11-08 03:36:27
BE22001860	8	1	그런데 잘 생각해 보면 네 남편도 젊었을 때는 그랬었잖아. 그 덕분에 나는 옆에서 심통이 나 있고 너는 감동해서 눈물 글썽이고 있고. 잊었어?	N	2022-06-17 04:43:28	2022-11-08 03:36:27
BE22001860	9	0	그러기는 했지. 그런데 이게 아들이 그러니까 너무 속상한 거야.	N	2022-06-17 04:43:28	2022-11-08 03:36:27
BE22001860	10	1	남편보다 아들을 더 사랑하고 아끼면 키웠잖아. 그런 아들이 이제 컸다고 제 짝을 찾아가니 네가 배신당한 느낌이 드는 건 당연하지. 하지만 이젠 아들을 놓아줄 때가 된 거야.	N	2022-06-17 04:43:28	2022-11-08 03:36:27
BE22001860	11	0	이제 내 품에서 그 아이를 놓아줘야 된다는 거지? 그럼 난 허전해서 어떻게 해.	N	2022-06-17 04:43:28	2022-11-08 03:36:27
BE22001860	12	1	이제부터라도 너를 위해 살아야지. 너 예전에는 수영도 좋아하고 자전거 타는 것도 좋아했잖아. 신랑이랑 같이 운동을 시작해 봐.	N	2022-06-17 04:43:28	2022-11-08 03:36:27
BE22001860	13	0	그럴까? 안 그래도 요즘 남편이 운동을 해야겠다고 하던데 이 기회에 같이 운동을 시작해봐야겠다.	N	2022-06-17 04:43:28	2022-11-08 03:36:27
BE22001860	14	1	아들이 떠난 덕분에 너희 부부 금슬이 좋아지겠네. 축하해.	N	2022-06-17 04:43:28	2022-11-08 03:36:27
BE22001860	15	0	고맙다, 친구야. 오히려 마음이 홀가분 하다.	Y	2022-06-17 04:43:28	2022-11-08 03:36:27
