id	utterance_id	utterance_type	utterance_text	terminate	regDate	updDate
BE22003785	1	0	예전에 내가 우리 부모님이 동생 입양했다고 말한 거 기억나?	N	2022-06-26 06:41:55	2022-11-08 03:48:48
BE22003785	2	1	응. 당연하지. 너 새로운 동생 생긴다고 기뻐했었잖아.	N	2022-06-26 06:41:55	2022-11-08 03:48:48
BE22003785	3	0	맞아. 그때 진짜 설레고 기뻤었어. 지금도 동생은 너무 착하고 귀여워서 좋은데 사실 좀 고민이 생겼어.	N	2022-06-26 06:41:55	2022-11-08 03:48:48
BE22003785	4	1	왜 무슨 일 있어? 내가 들어줄게 얘기해 봐.	N	2022-06-26 06:41:55	2022-11-08 03:48:48
BE22003785	5	0	무슨 일은 아닌데 동생한테 좀 질투가 나. 동생 들어온 뒤로 부모님 신경이 온통 동생한테로 가고 있거든.	N	2022-06-26 06:41:55	2022-11-08 03:48:48
BE22003785	6	1	아 말만 들어도 알 거 같아. 부모님이 동생만 챙길 때 서운하지. 네가 질투심이 많은 사람도 아닌 거 아니까 충분히 이해가 간다.	N	2022-06-26 06:41:55	2022-11-08 03:48:48
BE22003785	7	0	응. 나 원래 동생 되게 좋아하거든. 더 잘 챙겨주고 싶은데 부모님한테 좀 서운한 마음이 동생을 질투하는 감정으로 변한 느낌이야.	N	2022-06-26 06:41:55	2022-11-08 03:48:48
BE22003785	8	1	왜 안 그러겠어. 충분히 공감돼. 혹시 부모님께 네 감정에 대해 이야기해봤어?	N	2022-06-26 06:41:55	2022-11-08 03:48:48
BE22003785	9	0	아직 못했는데 괜히 어리광 부린다고 생각하실까 봐 말을 못 하겠더라고.	N	2022-06-26 06:41:55	2022-11-08 03:48:48
BE22003785	10	1	나 같아도 그런 생각 할 거 같아. 그렇지만 만약 부모님이 너의 속상한 마음을 나중에 알게 됐다면 많이 속상하실 거 같아. 부모님은 무엇보다 너의 행복을 원하실 테니까.	N	2022-06-26 06:41:55	2022-11-08 03:48:48
BE22003785	11	0	듣고 보니까 네 말이 맞는 거 같아. 괜히 혼자 속 끓이고 있다는 것을 부모님이 아시면 분명 속상해하실 거야.	N	2022-06-26 06:41:55	2022-11-08 03:48:48
BE22003785	12	1	맞아. 그러니까 너의 속마음을 부모님께 잘 말씀드려봐. 네가 얼마나 의젓한지 잘 아실 테니까 오해하지 않으실 거야.	N	2022-06-26 06:41:55	2022-11-08 03:48:48
BE22003785	13	0	응. 오늘 잘 말씀드려야겠다. 덕분에 용기 내서 잘 이야기할 수 있을 거 같아. 동생한테도 더 이상 질투하며 미안해하지 않아도 될 거 같아서 마음 편해졌어. 너무 고마워.	N	2022-06-26 06:41:55	2022-11-08 03:48:48
BE22003785	14	1	고맙긴. 나야말로 너에게 조금이나마 힘이 된 거 같아서 정말 기뻐. 잘 말씀드려보고 어떻게 됐는지 알려줘.	N	2022-06-26 06:41:55	2022-11-08 03:48:48
BE22003785	15	0	응. 정말 큰 힘이 됐어. 오늘 잘 말씀드려보고 연락해서 말해줄게. 정말 고마워 내 친구.	Y	2022-06-26 06:41:55	2022-11-08 03:48:48
