id	utterance_id	utterance_type	utterance_text	terminate	regDate	updDate
BE22010134	1	0	휴. 어쩌지 나 또 엄마한테 심한 말을 해버렸어. 싸울 때는 흥분해서 몰랐는데 지나고 보니 너무 괴로워.	N	2022-07-19 06:46:19	2022-11-08 04:29:39
BE22010134	2	1	에고 요즘 엄마랑 많이 싸운다더니 오늘도 그랬구나? 얼마나 후회될까 싶어서 나도 속상하네.	N	2022-07-19 06:46:19	2022-11-08 04:29:39
BE22010134	3	0	응. 이상하게 친구랑 하는 말은 대화는 짜증이 안 나는데, 엄마랑 하는 대화는 자꾸 짜증이 나. 사실 오늘도 별거 아닌 문제였거든.	N	2022-07-19 06:46:19	2022-11-08 04:29:39
BE22010134	4	1	오늘은 무슨 일 때문에 그랬던 거야?	N	2022-07-19 06:46:19	2022-11-08 04:29:39
BE22010134	5	0	그냥 엄마가 빨래통에 옷 잘 넣으라고 한마디 했는데 순간 욱하더라고. 그래서 엄마도 제대로 하는 거 하나도 없으면서 나한테만 그러냐고 화내버렸어.	N	2022-07-19 06:46:19	2022-11-08 04:29:39
BE22010134	6	1	에고. 그런 말 하고 너도 스스로 깜짝 놀랐겠다. 솔직히 본심은 그게 아니었지? 나도 엄마랑 자주 싸워서 그 마음 알아.	N	2022-07-19 06:46:19	2022-11-08 04:29:39
BE22010134	7	0	응 사실은 그냥 조금 부끄러웠을 뿐인데 너무 심하게 대꾸했다 싶었어. 이미 아차 싶어서 엄마를 봤더니 엄마는 이미 상처받은 얼굴로 들어가시더라고. 그 얼굴에 내가 더 상처받았지 뭐야.	N	2022-07-19 06:46:19	2022-11-08 04:29:39
BE22010134	8	1	정말 그랬겠다. 엄마와 딸 관계는 참 미묘하고 어려운 것 같아. 사실은 그런 마음이 아닌데도 표현이 거칠게 나가고 말이야. 네가 얼마나 괴로울까.	N	2022-07-19 06:46:19	2022-11-08 04:29:39
BE22010134	9	0	응, 맞아. 난 정말 일부러 그런 건 아니었어.	N	2022-07-19 06:46:19	2022-11-08 04:29:39
BE22010134	10	1	감정화자야, 너무 괴로워하지 말고 지금이라도 엄마한테 가서 죄송하다고 해보는 건 어떨까? 아마 엄마는 이미 너를 이해하고 풀리셨을지도 몰라. 그냥 좀 네가 다가와 주기를 기다리시는 것 같아.	N	2022-07-19 06:46:19	2022-11-08 04:29:39
BE22010134	11	0	정말 그럴까? 하긴 엄마는 내가 사랑한다 그러면 언제든 환한 얼굴로 웃어 주셨지. 네 말을 듣고 보니 이번엔 내가 먼저 엄마한테 다가가 봐야겠다는 생각이 드네.	N	2022-07-19 06:46:19	2022-11-08 04:29:39
BE22010134	12	1	응 아마 그럼 정말 기뻐하실 거 같아. 그리고 요즘 우리가 사춘기라는 걸 알고 계시니까 엄마도 이해해주실 거야. 너무 혼자 괴로워하지 마.	N	2022-07-19 06:46:19	2022-11-08 04:29:39
BE22010134	13	0	고마워. 너랑 이야기하다 보니 나도 좀 풀렸어. 그리고 새삼 엄마한테 미안한 감정도 드네. 어서 가서 죄송하다고 해야겠어.	N	2022-07-19 06:46:19	2022-11-08 04:29:39
BE22010134	14	1	난 너의 이런 바른 마음이 참 좋더라. 잘 다녀와서 후기 들려줘.	N	2022-07-19 06:46:19	2022-11-08 04:29:39
BE22010134	15	0	응. 지금 다녀올게. 같이 고민해줘서 고마워, 공감화자야.	Y	2022-07-19 06:46:19	2022-11-08 04:29:39
