id	utterance_id	utterance_type	utterance_text	terminate	regDate	updDate
BE22003574	1	0	공감화자야, 나 요새 너무 힘들다.	N	2022-06-25 06:41:55	2022-11-08 03:47:25
BE22003574	2	1	무슨 일 있어? 생전 힘들다 소리 한 번 안 하더니 왜 그래?	N	2022-06-25 06:41:55	2022-11-08 03:47:25
BE22003574	3	0	다른 게 아니라, 이번에 회사에서 우리 팀이 프로젝트를 하나 맡게 되었는데 그게 잘 안됐어.	N	2022-06-25 06:41:55	2022-11-08 03:47:25
BE22003574	4	1	저런, 너 입사하고 맡았던 첫 팀 프로젝트였잖아. 잘됐으면 좋았을 텐데 진짜 아쉽고 속상하겠다.	N	2022-06-25 06:41:55	2022-11-08 03:47:26
BE22003574	5	0	그렇지. 근데 그것보다 더 속상한 건 우리 팀 대리가 자꾸 실패 원인을 나로 몬다는 거야.	N	2022-06-25 06:41:55	2022-11-08 03:47:26
BE22003574	6	1	무슨 그런 말도 안 되는 소리가 있어? 혹시 무슨 큰 실수라도 저질렀니?	N	2022-06-25 06:41:55	2022-11-08 03:47:26
BE22003574	7	0	아니 전혀 없어. 맡은 업무도 실수 없이 잘 해냈고, 좋은 아이디어도 많이 내서 오히려 팀장님은 계속 칭찬해주셨거든.	N	2022-06-25 06:41:55	2022-11-08 03:47:26
BE22003574	8	1	팀장님께 칭찬을 들었다면 일을 못해서도 아니고, 네가 실수한 게 없는데 대체 왜 그러는 거지?	N	2022-06-25 06:41:55	2022-11-08 03:47:26
BE22003574	9	0	내 생각엔 프로젝트 때 자신이 한 실수들이 밝혀질까 봐 내 탓을 하는 거 같아.	N	2022-06-25 06:41:55	2022-11-08 03:47:26
BE22003574	10	1	그런 경우 많이 봤어. 네가 막내니까 억울해도 아무 말 못할 거라고 생각했겠지?	N	2022-06-25 06:41:55	2022-11-08 03:47:26
BE22003574	11	0	맞아. 회사에서 마주칠 때마다 나한테 자꾸 화살을 돌리는데, 오늘은 진짜 억울해서 눈물이 다 나더라고. 화장실에서 한참 울다 들어갔잖아.	N	2022-06-25 06:41:55	2022-11-08 03:47:26
BE22003574	12	1	회사에서 말할 사람도 마땅히 없었을 텐데 혼자서 삭히느라 얼마나 힘들었을까? 많이 힘들었지?	N	2022-06-25 06:41:55	2022-11-08 03:47:26
BE22003574	13	0	이제는 정말 아침에 눈을 뜨는 것도 힘들어. 퇴사 생각도 하는 중이야...	N	2022-06-25 06:41:55	2022-11-08 03:47:26
BE22003574	14	1	정말 어렵게 들어간 회사잖아. 조금만 더 생각해보는 게 어떨까?	N	2022-06-25 06:41:55	2022-11-08 03:47:26
BE22003574	15	0	대리님이야 그렇다 쳐도 팀장님이 나를 무능력한 사람으로 볼까 봐 그게 제일 속상해. 신입이라고 많이 챙겨주시기도 하셨는데 실망시켜 드린 것 같기도 하고.	N	2022-06-25 06:41:55	2022-11-08 03:47:26
BE22003574	16	1	오죽하면 그런 생각까지 했을까 싶지만, 미리 그렇게 걱정하지 마. 차라리 팀장님께 커피 한잔 사 들고 가서 일대일 면담을 해보는 건 어때?	N	2022-06-25 06:41:55	2022-11-08 03:47:26
BE22003574	17	0	일대일 면담? 좋은 생각이긴 한데, 지금 같이 일방적으로 대리님께 혼나는 상황에 내 말을 다 믿어주실까?	N	2022-06-25 06:41:55	2022-11-08 03:47:26
BE22003574	18	1	아마 너희 팀장님은 어떤 직원이 성실하고 어떤 직원이 거짓말을 하는지 다 알고 있을 거야. 그리고 내가 본 너는 항상 성실한 친구고. 그러니 너무 걱정 마.	N	2022-06-25 06:41:55	2022-11-08 03:47:26
BE22003574	19	0	알았어. 네 말대로 면담을 신청하고 이야기를 나눠봐야겠어. 정말 고마워! 덕분에 정말 큰 도움이 됐어!	N	2022-06-25 06:41:55	2022-11-08 03:47:26
BE22003574	20	1	별말씀을. 마냥 참는 게 능사는 아니야. 알았지? 파이팅!	Y	2022-06-25 06:41:55	2022-11-08 03:47:26
