id	utterance_id	utterance_type	utterance_text	terminate	regDate	updDate
BE22008316	1	0	나 요즘 피부가 너무 건조해.	N	2022-07-13 01:28:34	2022-11-08 04:17:54
BE22008316	2	1	그래? 요즘 날씨 때문에 피부가 많이 건조한가봐. 나도 건조함을 느껴서 화장품을 바꿔볼까 해.	N	2022-07-13 01:28:34	2022-11-08 04:17:54
BE22008316	3	0	날씨 문제가 아닌 거 같아. 너무 건조해서 내 생활 습관을 체크해봤거든 근데 하루에 500ml도 안 마시는 거야. 정말 충격이었어.	N	2022-07-13 01:28:34	2022-11-08 04:17:54
BE22008316	4	1	그래 맞아. 물을 많이 섭취 안 하면 피부가 엄청 건조하다고 느낀다고 하더라. 그래서 물 많이 마시라고 의사들도 그러더라.	N	2022-07-13 01:28:34	2022-11-08 04:17:54
BE22008316	5	0	응 그래서 요즘 신경 써서 물을 마시고 있어. 하루에 1.2리터는 마셔 보려고 해.	N	2022-07-13 01:28:34	2022-11-08 04:17:54
BE22008316	6	1	그 정도면 수분 섭취가 충분히 되겠다. 이제 곧 피부 미인이 될 일만 남은 거네? 하하 노력하는 모습이 참 보기 좋다.	N	2022-07-13 01:28:34	2022-11-08 04:17:54
BE22008316	7	0	하하 아직 시작한 지 하루밖에 안 됐어. 신경 써서 물을 마시고 있는데 아무 맛도 없는 물을 마시려니 곤역스러워.	N	2022-07-13 01:28:34	2022-11-08 04:17:54
BE22008316	8	1	그래 맞아. 사실 나도 물이 좋다는 건 알고 있는데, 아무 맛도 없어서 잘 안 먹게 돼.	N	2022-07-13 01:28:34	2022-11-08 04:17:54
BE22008316	9	0	응 나도 그게 제일 힘들더라. 그래서 맛있게 먹을 수 있는 방법이 있나 하고 찾아봤거든. 차를 타서 마시는 것도 좋대.	N	2022-07-13 01:28:34	2022-11-08 04:17:54
BE22008316	10	1	오 그래? 물이 맛이 없다고 포기하지 않고 새로운 방법을 찾아서 노력하는구나. 포기하지 않고 노력하는 너의 모습이 참 보기 좋아.	N	2022-07-13 01:28:34	2022-11-08 04:17:54
BE22008316	11	0	그래? 좋게 봐줘서 고마워. 내 건강 관리를 위한 일이라 포기하지 않고 계속 방법을 찾았을 뿐이야.	N	2022-07-13 01:28:34	2022-11-08 04:17:54
BE22008316	12	1	당연히 좋게 보이지. 지속적인 건강 관리도 자기 자신을 사랑하고 아끼는 마음에서 시작되는 것 같아. 너는 자신을 사랑하고 아낄 줄 아는 사람이구나.	N	2022-07-13 01:28:34	2022-11-08 04:17:54
BE22008316	13	0	응. 내 건강을 지킬 사람은 나 자신이라고 생각해서 더욱 신경 써서 물을 마시려는 것도 있지.	N	2022-07-13 01:28:34	2022-11-08 04:17:54
BE22008316	14	1	나도 너처럼 나 자신을 사랑하고 아끼면서 건강 관리를 지속적으로 해야겠다.	Y	2022-07-13 01:28:34	2022-11-08 04:17:54
