id	utterance_id	utterance_type	utterance_text	terminate	regDate	updDate
BE22007004	1	0	오늘 엄마, 아빠랑 대판 싸웠어. 당분간 두 분이랑 얘기도 하고 싶지 않아.	N	2022-07-08 02:02:35	2022-11-08 04:09:36
BE22007004	2	1	무슨 일 있었어? 기분이 많이 상한 것 같아서 걱정된다.	N	2022-07-08 02:02:35	2022-11-08 04:09:36
BE22007004	3	0	내가 한동안 남자 친구가 있다는 걸 숨기다가 오늘 들켜 버렸어. 나를 무슨 거짓말쟁이 취급하는 것 있지. 그런 말은 처음 들어 봐서 너무 놀랐어.	N	2022-07-08 02:02:35	2022-11-08 04:09:36
BE22007004	4	1	네가 원해서 숨긴 것도 아닌데 그렇게 말씀하셨단 말이야? 항상 믿고 의지하던 두 분께 생각지도 못한 말을 들어서 무척 놀랐지. 속상한 마음이 나한테도 느껴져.	N	2022-07-08 02:02:35	2022-11-08 04:09:36
BE22007004	5	0	그게 그렇게 잘못된 일이야? 다 큰 성인이 원하는 사람을 만나는 게 뭐가 문제인데. 어떻게 나한테 그렇게 심한 말을 하실 수가 있는 건지 모르겠어.	N	2022-07-08 02:02:35	2022-11-08 04:09:36
BE22007004	6	1	심지어 너에게 상처가 되는 말씀을 하셨으니 네 마음이 얼마나 곤혹스러웠겠어. 많이 억울하고 화도 났을 것 같아.	N	2022-07-08 02:02:35	2022-11-08 04:09:36
BE22007004	7	0	생각할수록 억울하고 화가 나. 날 믿어 주지는 못할망정 얘기는 듣지도 않고 그 사람이랑 헤어지자고 했어.	N	2022-07-08 02:02:35	2022-11-08 04:09:36
BE22007004	8	1	너도 엄연히 성인으로서 신중하게 고민하고 선택했는데 무작정 헤어지라고 하시니 정말 속상했구나. 네가 충분히 이해할 수 있는 이유를 설명하지도 않았으니 화가 나는 게 당연해.	N	2022-07-08 02:02:35	2022-11-08 04:09:37
BE22007004	9	0	부모님 심정이 이해가 안 되는 것도 아니야. 하나밖에 없는 딸이 본인들 몰래 남자 친구를 사귀어서 놀라셨겠지. 그래도 모질게 말씀하실 일은 아니었다고 생각해.	N	2022-07-08 02:02:35	2022-11-08 04:09:37
BE22007004	10	1	너는 똑똑하고 이해력도 뛰어난 만큼 무슨 말씀을 하시든 충분히 이해할 수 있었을 거야. 난처한 상황이지만 이해해 보려고 하는 모습이 몹시 사려 깊게 느껴져. 이런 너를 믿고 이해해 주시면 좋았을 것 같은데.	N	2022-07-08 02:02:35	2022-11-08 04:09:37
BE22007004	11	0	억울하고 답답하지만, 부모님 말씀대로 헤어지지는 않을 거야. 진정하셨을 때 다시 가서 말해 보는 게 좋겠지?	N	2022-07-08 02:02:35	2022-11-08 04:09:37
BE22007004	12	1	그럼, 그 사람을 만나면서 네가 참 행복해 보인다고 생각했거든. 그 모습을 보면서 나도 마음이 든든해졌던 만큼 곁에서 항상 응원할게. 잘 풀릴 수 있을 거야.	N	2022-07-08 02:02:35	2022-11-08 04:09:37
BE22007004	13	0	그래도 내 곁에 네가 있어서 참 다행이다. 고마워, 얘기 들어줘서. 좀 지나서 부모님한테 말하러 갈게.	N	2022-07-08 02:02:35	2022-11-08 04:09:37
BE22007004	14	1	도움이 되었다니 다행이야. 잘 말씀해 보고 어떻게 됐는지 나한테도 알려 줘.	Y	2022-07-08 02:02:35	2022-11-08 04:09:37
