id	utterance_id	utterance_type	utterance_text	terminate	regDate	updDate
BE22001563	1	0	나 오늘 운동하다가 정말 망신살이 뻗쳤어.	N	2022-06-16 05:09:36	2022-11-08 03:34:30
BE22001563	2	1	골프 연습장 간다더니 무슨 일이 있었어?	N	2022-06-16 05:09:36	2022-11-08 03:34:30
BE22001563	3	0	막 드라이버를 날리려는데 돌풍이 불더니 가발이 훌러덩 벗겨졌잖아.	N	2022-06-16 05:09:36	2022-11-08 03:34:30
BE22001563	4	1	아이고, 무슨 그런 일이 다 있어?	N	2022-06-16 05:09:36	2022-11-08 03:34:30
BE22001563	5	0	말도 마. 사람들 시선이 완전히 나한테 집중된 게 느껴져서 정말 쥐구멍이 필요한 순간이었어.	N	2022-06-16 05:09:36	2022-11-08 03:34:30
BE22001563	6	1	어쩌다 그런 당황스러운 일을 겪었어? 나 같으면 정말 그 자리에서 증발하고 싶었겠다.	N	2022-06-16 05:09:36	2022-11-08 03:34:30
BE22001563	7	0	나라고 안 그랬겠어? 증발은 못하겠고 그렇다고 짐 챙겨 나오기도 그렇고 정말 연습 시간 내내 엉망진창이었다니까.	N	2022-06-16 05:09:36	2022-11-08 03:34:30
BE22001563	8	1	그 상황에서도 포기하지 않고 연습을 한 거야? 자기 정신력은 정말 대단한 거 같아. 멋진걸.	N	2022-06-16 05:09:36	2022-11-08 03:34:30
BE22001563	9	0	한번 망신을 당하고 나니 엉망진창인 실력으로도 그냥 하게 되던데.	N	2022-06-16 05:09:36	2022-11-08 03:34:30
BE22001563	10	1	가발 사고로 집중력이 떨어져서 그랬겠지. 자기 원래 실력을 다 발휘하지 못했을 거야.	N	2022-06-16 05:09:36	2022-11-08 03:34:30
BE22001563	11	0	다시 그 연습장을 갈 수 있을지는 잘 모르겠어. 알아보는 사람들이 있지 않을까?	N	2022-06-16 05:09:36	2022-11-08 03:34:30
BE22001563	12	1	무슨 상관이야. 부끄러운 행동을 한 것도 아닌데. 우리 주말에 좋은 가발 다시 맞추러 가볼래?	N	2022-06-16 05:09:36	2022-11-08 03:34:30
BE22001563	13	0	정말? 역시 날 생각해 주는 사람은 우리 자기뿐이야. 튼튼한 가발 쓰고 마음 놓고 골프채를 휘둘러 보고 싶어.	N	2022-06-16 05:09:36	2022-11-08 03:34:30
BE22001563	14	1	자기 골프 치는 모습은 언제 봐도 멋지거든. 주말 쇼핑 기대해.	Y	2022-06-16 05:09:36	2022-11-08 03:34:30
