id	utterance_id	utterance_type	utterance_text	terminate	regDate	updDate
BE22026134	1	0	여보, 요즘 우리 아들이 수학 점수가 좀 안 나오는 것 같아. 투자한 만큼 성적이 안 나오는 것 같아 많이 당황스럽네. 어떻게 해야할 지 모르겠어.	N	2022-10-09 13:21:55	2022-10-09 13:21:55
BE22026134	2	1	내가 출장을 나와 당신과 우리 아들에게 신경을 많이 못 쓴 거같아서 오히려 내가 미안한걸. 자기가 여러모로 당황스러웠겠다. 그래도 우리 아들이 학원을 꽤 잘 다니는 것 같은데 말이야.	N	2022-10-09 13:21:55	2022-11-08 06:10:24
BE22026134	3	0	그러게. 그냥 점수가 좀 낮으면 모르겠는데 학급 평균에 훨씬 못 미쳐. 아들이 수학을 좋아하고 잘하는 줄 알았는데 정반대의 결과가 나오니 당황을 숨기기 어려웠어. 물론 아들에게 티는 안 냈지만.	N	2022-10-09 13:21:55	2022-11-08 06:10:24
BE22026134	4	1	그래도 아들에게 티 안 내느랴 노력 많이 했겠네. 사실 그 학원도 여보가 열심히 알아낸 학원이잖아. 그동안 잘하고 있을 거라 생각했는데, 듣는 나도 많이 당황스럽다.	N	2022-10-09 13:21:55	2022-11-08 06:10:24
BE22026134	5	0	아들은 영문도 모르고 놀고 있는데, 성적표를 받아서 든 내 입장에서는 너무 당황스러워. 이렇게나 점수가 낮을 줄은 몰랐거든.	N	2022-10-09 13:21:55	2022-11-08 06:10:24
BE22026134	6	1	나 같아도 그 성적표를 받아들이면 당혹스럽기 마련이지. 우리가 아들의 마음을 다 꿰뚫어 볼 수도 없는 노릇이고.	N	2022-10-09 13:21:55	2022-11-08 06:10:24
BE22026134	7	0	내가 그동안 잘 못 생각했나 봐. 아들 교육을 잘 못 하고 있었다는 생각이 드네.	N	2022-10-09 13:21:55	2022-11-08 06:10:24
BE22026134	8	1	여보, 그렇게 생각하지 마. 어떻게 사람이 원하는 대로 다 되겠어. 이런 과정도 우리 아들이 성장하는 과정 중 하나잖아.	N	2022-10-09 13:21:55	2022-11-08 06:10:24
BE22026134	9	0	여보 말이 맞긴 해. 하지만 어떻게 해야 할 지 모르겠고 많이 혼란스러운 건 사실이야.	N	2022-10-09 13:21:55	2022-11-08 06:10:24
BE22026134	10	1	왜 안 혼란스럽겠어. 하지만 여보는 최선을 다하고 있었잖아. 분명 해결책이 있을 거니 이성적으로 잘 생각해보자.	N	2022-10-09 13:21:55	2022-11-08 06:10:24
BE22026134	11	0	그렇게 말해줘서 고마워. 출장 간 여보한테 말할까 말까 고민할 시간이 아까울 정도로 훨씬 낫네. 여보 덕에 마음이 훨씬 안정이 되는 것 같아.	N	2022-10-09 13:21:55	2022-11-08 06:10:24
BE22026134	12	1	마냥 당황하기보다는 일단 아들과, 그리고 학원 선생님과 차근히 대화를 해보는 게 어떨까. 분명 해결의 실마리를 찾을 수 있을 거야. 너무 조급하게 생각하지 말고.	N	2022-10-09 13:21:55	2022-11-08 06:10:24
BE22026134	13	0	여보 말대로 분명 해결의 실마리가 있겠지. 아들에게 길잡이 역할을 해주는 것도 내 역할이니까, 내가 정신 잘 붙잡아야겠어.	N	2022-10-09 13:21:55	2022-10-09 13:21:55
BE22026134	14	1	여보가 우리 아들을 잘 길러줘서 난 너무 고마울 따름이야. 아들이 성적이 잘 안 나온게 당신 탓도 아니고, 다시 성적 오를 수 있는 거잖아. 그러니 오늘 놀란 마음은 잠깐 내려놓자고.	N	2022-10-09 13:21:55	2022-11-08 06:10:24
BE22026134	15	0	여보 덕에 훨씬 낫네. 너무 고마워. 따뜻한 조언 덕분에 마음이 한결 가라앉았어.	Y	2022-10-09 13:21:55	2022-10-09 13:21:55
