id	utterance_id	utterance_type	utterance_text	terminate	regDate	updDate
BE22021964	1	0	여보, 나 요즘 감정 조절이 내 마음대로 안돼서 당황스러워.	N	2022-09-27 07:33:52	2022-09-27 07:33:52
BE22021964	2	1	당신 요새 눈물이 좀 많아진 것 같긴 했어.	N	2022-09-27 07:33:52	2022-11-08 05:45:42
BE22021964	3	0	당신도 느꼈어? 어제 친구한테 눈물이 많아진다고 했더니 갱년기 아니냐고 물어보더라. 나는 남자라 갱년기는 생각도 못 해봐서 좀 놀랐어.	N	2022-09-27 07:33:52	2022-11-08 05:45:42
BE22021964	4	1	여자인 나도 내가 모르는 새에 갱년기가 시작됐다는 사실을 알고 당황스러웠는데, 당신은 오죽했겠어. 남자 갱년기는 여성 갱년기에 비해 덜 알려져 있으니까 놀랄 만도 하지.	N	2022-09-27 07:33:52	2022-11-08 05:45:42
BE22021964	5	0	그렇게 생각하고 나니까 최근 들어 감정 기복이 심해서 어이없었던 일들이 생각나더라. 어느 날은 드라마를 보면서 내가 울고 있더라니까. 그런 일은 처음 겪어봐.	N	2022-09-27 07:33:52	2022-11-08 05:45:42
BE22021964	6	1	그럼, 나도 그런 경험 있어서 그 마음 잘 알아. 스스로에게 너무 황당한 기분이 들잖아. 내가 나를 모르겠는 혼란스러움을 느끼게 되지.	N	2022-09-27 07:33:52	2022-09-27 07:33:52
BE22021964	7	0	맞아, 그런데 조절이 잘 안되니까 앞으로 어떻게 해야 할지 모르겠어. 내가 나 자신을 어찌할 바를 모르겠다는 심정을 요즈음 느끼고 있어.	N	2022-09-27 07:33:52	2022-11-08 05:45:42
BE22021964	8	1	당신은 평소에 나약한 모습을 드러내고 싶지 않아 하니까 더 그런 마음이 들 것 같아. 강한 모습을 보여야 한다는 생각은 좀 내려놓고 갱년기가 찾아온 내 모습을 인정해봐. 당신의 솔직한 감정을 우리에게 표현해도 괜찮아.	N	2022-09-27 07:33:52	2022-11-08 05:45:42
BE22021964	9	0	하지만 내가 나 자신을 통제할 수 없다는 사실을 받아들이기가 쉽지가 않아. 자존심도 상하는 것 같고.	N	2022-09-27 07:33:52	2022-11-08 05:45:42
BE22021964	10	1	갱년기는 그냥 질병 중의 하나일 뿐이니까 당신이 통제력을 잃었다고 생각할 것 없어. 우리는 다 당신이 어떤 사람인지 아는데 왜 그런 걱정을 해. 시간이 해결해 줄 테니 너무 당황하면서 스트레스받이지 않았으면 좋겠어.	N	2022-09-27 07:33:52	2022-11-08 05:45:42
BE22021964	11	0	그렇게 따뜻하게 말해줘서 고마워. 덕분에 마음이 좀 가라앉는 것 같다.	N	2022-09-27 07:33:52	2022-09-27 07:33:52
BE22021964	12	1	다행이다. 당신이 갱년기를 잘 보낼 수 있도록 나도 옆에서 많이 도울게.	N	2022-09-27 07:33:52	2022-09-27 07:33:52
BE22021964	13	0	당신이 없었으면 혼자 갈피도 못 잡고 괴로워하기만 했을 거야. 당신이 있어서 얼마나 든든한지 몰라.	N	2022-09-27 07:33:52	2022-09-27 07:33:52
BE22021964	14	1	당신이 행복하게 노년을 맞이할 수 있도록 우리 열심히 극복해 보자.	Y	2022-09-27 07:33:52	2022-11-08 05:45:42
