id	utterance_id	utterance_type	utterance_text	terminate	regDate	updDate
BE22029126	1	0	지금 우리 팀이 이기고 있어. 그런데 기분이 좋지 않고 정말 당황스러워. 상대 팀 응원하는 사람들이 어찌나 큰 소리로 매너 없이 응원을 하고 있는지 몰라.	N	2022-10-14 15:14:00	2022-11-08 06:28:21
BE22029126	2	1	당신 오랜만에 야구 경기장 간다고 좋아했는데 이런 일이 있어서 당황했겠어. 얼마나 시끄러우면 당신이 이렇게 당황할까.	N	2022-10-14 15:14:00	2022-11-08 06:28:21
BE22029126	3	0	말도 못 할 정도야. 우리 팀이 공격하는 타임마다 소리 지르고 야유를 보내. 아이들과 같이 오는 가족들도 많은데 이렇게 하는 건 아니지 싶어.	N	2022-10-14 15:14:00	2022-11-08 06:28:21
BE22029126	4	1	맞아, 가족들과 나들이 겸 오는 경우가 많은데 그런 모습 보이는 건 잘못됐지.	N	2022-10-14 15:14:00	2022-11-08 06:28:21
BE22029126	5	0	상대 팀이 지고 있어서 화가 나니까 그럴 수도 있겠지만 이건 경기잖아. 이기고 지고 보다 멋진 경기 관람하고 응원하면서 스트레스도 풀 수 있어서 좋잖아.	N	2022-10-14 15:14:00	2022-11-08 06:28:21
BE22029126	6	1	얼마나 이기고 싶었으면 그런 행동을 했을까. 경기 끝나고 돌아가면서 그런 행동을 후회하지 않을까.	N	2022-10-14 15:14:00	2022-10-14 15:14:00
BE22029126	7	0	사실 나도 우리 팀이 계속 지고 있다면 어땠을까, 하고 생각은 해봤어.	N	2022-10-14 15:14:00	2022-11-08 06:28:21
BE22029126	8	1	그 팀이 연패를 당하니까 자기 팀 선수들 응원하려고 더 크게 소리 질렀을 것 같아.	N	2022-10-14 15:14:00	2022-11-08 06:28:21
BE22029126	9	0	맞아, 진 팀의 선수들도 똑같이 땀 흘리고 훈련하는 거잖아. 그러면 힘이 되도록 응원해 주고 격려해 주는 것이라고 생각하면 되겠다.	N	2022-10-14 15:14:00	2022-11-08 06:28:21
BE22029126	10	1	이겨야만 내 팀이고 지면 남의 팀이 아니잖아. 선수들도 야유보다는 응원 소리를 듣고 싶을 거야. 다음에는 나도 당신과 같이 가서 응원해야겠어.	N	2022-10-14 15:14:00	2022-11-08 06:28:21
BE22029126	11	0	이제 당신도 야구, 축구 이런 경기에 관심을 가져봐. 관중석을 꽉 메운 사람들을 보면 에너지가 솟아올라.	N	2022-10-14 15:14:00	2022-11-08 06:28:21
BE22029126	12	1	나는 실내경기를 좋아하는데 앞으로는 실외 경기도 즐겨야겠어. 실외 경기는 날씨 영향을 많이 받아서 관심이 없었거든.	N	2022-10-14 15:14:00	2022-11-08 06:28:21
BE22029126	13	0	비 맞으면서 보는 축구 경기는 세상에서 제일 스릴 있는 경기야. 당신은 나를 이해 못 하겠지만 당신에게도 이런 스릴을 느끼게 해주고 싶어.	N	2022-10-14 15:14:00	2022-10-14 15:14:00
BE22029126	14	1	농구 경기도 보러 가자. 운동장보다는 좁지만 그곳에서 느끼는 박진감 또한 최고야.	N	2022-10-14 15:14:00	2022-11-08 06:28:21
BE22029126	15	0	그래. 매너는 꼭 지키면서 운동 경기를 관람해 보자.	Y	2022-10-14 15:14:00	2022-10-14 15:14:00
