id	utterance_id	utterance_type	utterance_text	terminate	regDate	updDate
BE22027786	1	0	여보, 이를 정말 어쩌지? 당장 급한 비상 회의가 있어서 서두르는데, 반쯤 와서 생각해보니 문을 안 잠그고 나왔어! 이대로 돌아갈 수도 없고, 문을 열어둔 채로 둘 수도 없고 너무 당황스러워!	N	2022-10-12 14:49:58	2022-10-12 14:49:58
BE22027786	2	1	뭐든 확실하게 하지 않으면 직성이 풀리지 않는 당신에게 집을 무방비하게 비운다는 건 큰 스트레스겠죠. 하지만 다른 일도 포기할 수 없으니 당신이 얼마나 난처하고 당혹스러울까요. 저도 옛날에 문단속을 잊었을 때 어려운 선택을 내렸어야 했던 적이 있기에 당신의 기분을 이해해요.	N	2022-10-12 14:49:58	2022-11-08 06:20:14
BE22027786	3	0	한두 번도 아니고 자꾸 같은 실수를 반복하다니! 설마 나도 이제 치매인지 의심이 가서 너무 당혹스러워져! 내가 아직 먹여 살려야 하는 식구들만 넷인걸!	N	2022-10-12 14:49:58	2022-11-08 06:20:14
BE22027786	4	1	걱정하지 마세요, 당신이 얼마나 여전히 총명하고 명석하신데요. 저번 가족여행 때만 해도 그 자리에서 모든 예상 지출액을 암산하고 최고의 선택을 도출하셨잖아요. 우리 모두 당신의 뛰어난 두뇌를 체감할 때마다 감탄을 금치 못하는걸요.	N	2022-10-12 14:49:58	2022-10-12 14:49:58
BE22027786	5	0	그러도록 누군가에게 절박하게 부탁하고 싶은 심정이야! 하지만 애들은 다들 수학여행을 갔고, 당신도 직장에 있으니 나밖에 없잖아! 나 혼자 해결해야 한다는 부담에 더 혼란스러워 어찌해야 할 바를 모르겠어!	N	2022-10-12 14:49:58	2022-10-12 14:49:58
BE22027786	6	1	괜찮아요, 별일 아니니 큰 문제가 생기지 않을 거예요. 종일도 아니고 몇 시간만 회의하는 거잖아요. 고작 몇 시간 사이에 큰일이 나지 않을 테니 너무 걱정하지 마세요.	N	2022-10-12 14:49:58	2022-11-08 06:20:14
BE22027786	7	0	재작년 여름에 문 열고 자다가 잠결에 모르는 사람하고 눈이 마주쳤을 땐 얼마나 혼비백산했는지 몰라! 오늘 열린 문을 방치하고 갔다 만에 하나 도둑이 들면 어떡해! 그 생각만으로도 당황스러워 견딜 수가 없어!	N	2022-10-12 14:49:58	2022-11-08 06:20:14
BE22027786	8	1	진정하세요, 침착하게 생각한다면 틀림없이 좋은 방법이 날 거랍니다. 만일 너무 난감하시다면 무리하지 마세요. 차분하고 솔직하게 당신의 사정을 설명하면 다들 이해해줄 거예요.	N	2022-10-12 14:49:58	2022-11-08 06:20:14
BE22027786	9	0	하지만 이사도 오는 이번 회의에 지각한다는 건 결코 있을 수 없는 일인걸! 만에 하나 윗선이 내 부재를 눈치채고 이름을 기억한다면 대참사야! 그 상상만으로 머릿속이 하얘지고 당혹스러워 참을 수가 없어!	N	2022-10-12 14:49:58	2022-10-12 14:49:58
BE22027786	10	1	심정은 이해하지만, 당신이 허둥지둥하다 시간을 뺏길수록 상황은 악화할 뿐이에요. 어떤 선택이든 계속 가만히 있는 것보다는 낫겠죠. 용기를 내 당신의 최선을 다하면 분명 지금보다 훨씬 마음이 편해질 거예요.	N	2022-10-12 14:49:58	2022-11-08 06:20:14
BE22027786	11	0	당신 말이 옳아, 이러고 있다가는 두 마리의 토끼를 놓치게 되는 꼴일 거야! 뭐든 이대로보다는 나을 거란 확신을 가지고 용기를 낼게! 마음을 굳게 다지니 혼란스러웠던 기분이 차분해져 가.	N	2022-10-12 14:49:58	2022-11-08 06:20:14
BE22027786	12	1	굉장히 괴롭고 난감해 보이는 당신이 무척 걱정됐는데 평정을 되찾아서 다행이에요. 평상시대로만 하셔도 틀림없이 잘 해내실 수 있어요.	N	2022-10-12 14:49:58	2022-11-08 06:20:15
BE22027786	13	0	고마워, 당신의 진심이 담긴 위로와 조언 덕분에 이성을 되찾을 수 있었어! 당신이 아니었다면 아직도 방황하고 있었을 거야. 늘 내 생각을 해주는 당신에게 많은 도움을 받고 있어.	N	2022-10-12 14:49:58	2022-11-08 06:20:15
BE22027786	14	1	저야말로 사랑하는 남편에게 도움이 될 수 있어서 기뻐요. 항상 응원하고 있으니 힘내세요!	Y	2022-10-12 14:49:58	2022-11-08 06:20:15
