id	utterance_id	utterance_type	utterance_text	terminate	regDate	updDate
BE22028863	1	0	여보 나 잠을 잘 못 잤나 봐. 갑자기 목이 너무 아프고 잘 안 움직여지네. 이런 일은 처음이라 좀 당황스러워.	N	2022-10-14 07:26:51	2022-10-14 07:26:51
BE22028863	2	1	어제 당신 크게 이상하게 잔 것 같진 않은데 많아 아파? 목 아프면 하루 종일 신경 쓰이고 많이 불편할 텐데 어쩜 좋아. 걱정되네.	N	2022-10-14 07:26:51	2022-11-08 06:26:44
BE22028863	3	0	그러게 나도 왜 아픈지 잘 모르겠네. 요즘 컨디션이 안 좋다고 느끼긴 했는데 그게 목으로 온 걸까. 예상하지 못한 아픔이라 많이 당황스러워.	N	2022-10-14 07:26:51	2022-10-14 07:26:51
BE22028863	4	1	나도 예전에 목이 아파서 고개를 돌릴 수 없던 적이 있는데 정말 불편하더라. 그래서 자기가 왜 당황하는지 나도 이해해. 이거 병원 가도 별 소용이 없긴 하더라고.	N	2022-10-14 07:26:51	2022-11-08 06:26:44
BE22028863	5	0	맞아. 나 지금 병원 다녀왔는데 그냥 푹 쉬면 괜찮아진다고 별다른 처방이 없더라. 나는 사실 병원 가면 그래도 해결이 될 줄 알았는데 이제 어쩔 줄을 모르겠네. 이런 경우는 정말 어떻게 해야 하지? 너무 당황스럽네.	N	2022-10-14 07:26:51	2022-11-08 06:26:44
BE22028863	6	1	내 경험상 시간이 지나야 풀리긴 하더라. 요즘 자기 일도 너무 많고 집에서도 잘 쉬지 못했잖아. 그러니 이번 기회에 마음을 좀 편히 가지면서 쉬어 보는 건 어떨까?	N	2022-10-14 07:26:51	2022-11-08 06:26:44
BE22028863	7	0	쉬고 싶어도 아직 일이 많은걸. 목 아픈 게 금방 사라지면 좋으련만. 너무 속상하고 당황스럽네.	N	2022-10-14 07:26:51	2022-11-08 06:26:44
BE22028863	8	1	이제 우리 나이는 무조건 일을 열심히 하는 것보다는 건강을 먼저 챙겨야 해. 나 자기가 그렇게 무리해서 일하다가 아플까 봐 정말 걱정하고 있었거든. 자기야 며칠만이라도 아무 생각 없이 좀 푹 쉬어 보자.	N	2022-10-14 07:26:51	2022-11-08 06:26:44
BE22028863	9	0	나도 모르게 항상 긴장하며 살아왔나 봐. 자기 말을 듣고 보니 나도 쉬어야 할 때라는 걸 알겠어. 그래 이번 기회에 휴가를 좀 쓸까 봐.	N	2022-10-14 07:26:51	2022-11-08 06:26:44
BE22028863	10	1	정말 좋은 생각이야. 자기가 쉰다고 하면 내가 푹 쉴 수 있도록 집안일도 도맡아서 할게. 자기는 그동안 너무 여러 가지를 감당하면서 무리했어.	N	2022-10-14 07:26:51	2022-11-08 06:26:44
BE22028863	11	0	당신이 이렇게 날 위해주니 몸 아픈 것도 사르륵 낫는 기분이야. 아까는 갑자기 아픈 목 때문에 속상하고 당황했는데 다 나은 것 같네.	N	2022-10-14 07:26:51	2022-10-14 07:26:51
BE22028863	12	1	그래도 아직은 절대 무리해서 목 돌리면 안돼. 그러다가 더 아파질 수 있거든. 오늘 휴가 내고 집에 오면 내가 목 찜질이라도 해 줄게.	N	2022-10-14 07:26:51	2022-11-08 06:26:44
BE22028863	13	0	고마워 여보. 내가 당신 덕분에 힘내서 살아갈 수 있는 것 같아. 덕분에 마음도 많이 진정되고 기분도 좋아졌어.	N	2022-10-14 07:26:51	2022-11-08 06:26:44
BE22028863	14	1	힘들 때면 언제든지 내가 옆에 있을 테니까 뭐든 혼자서 이기려거나 참지 말고 나한테도 말 해줘. 우리는 부부니까 함께 의지하고 버티면 모든 게 다 잘 풀릴 거야.	N	2022-10-14 07:26:51	2022-11-08 06:26:44
BE22028863	15	0	응 나 오늘은 정말 빨리 집에 가서 자기 말 대로 푹 쉬어 볼게. 사랑해 여보.	Y	2022-10-14 07:26:51	2022-10-14 07:26:51
