id	utterance_id	utterance_type	utterance_text	terminate	regDate	updDate
BE22028572	1	0	여보, 오늘 놀이동산에서 딸을 잠시 잃어버렸거든. 얼마나 당황하고 놀랐는지 심장이 철렁 내려앉더라. 지금도 아까만 생각하면 심장이 쿵쾅쿵쾅 뛰네.	N	2022-10-13 22:39:53	2022-10-13 22:39:53
BE22028572	2	1	이야기를 듣는 나도 이렇게 등골이 서늘한데 그 순간 당신은 정말 놀라고 당황했겠다. 당신이 넓은 놀이공원에서 마음고생했을 하니 정말 마음이 안 좋네.	N	2022-10-13 22:39:53	2022-11-08 06:25:01
BE22028572	3	0	1분 전까지 손을 잡고 있었는데 뒤돌아서니 갑자기 안 보이는 거야. 정말 눈앞이 캄캄하고 너무 당황해서 어찌할 바를 모르겠더라. 허둥지둥 혼자 한바탕 난리를 쳤어.	N	2022-10-13 22:39:53	2022-11-08 06:25:01
BE22028572	4	1	아이들 사라지는 건 정말 순식간이잖아. 내가 당신이라도 놀라서 어쩔 줄을 몰랐을 것 같아. 상상만으로도 이렇게 눈앞이 아찔한데 당신 마음이 오죽했겠어.	N	2022-10-13 22:39:53	2022-10-13 22:39:53
BE22028572	5	0	딸아이 성격상 겁도 많고 항상 옆에 잘 붙어서 있잖아. 더 어렸을 때도 이런 적이 없었는데 갑자기 눈앞에서 사라지니 정말 당황했어.	N	2022-10-13 22:39:53	2022-10-13 22:39:53
BE22028572	6	1	그러게. 예상치 못한 상황에 더 당황할 수밖에 없지. 그래도 당신은 항상 어떤 상황에도 침착하려 노력하잖아. 그러니 차분하게 잘 찾을 수 있지 않았을까 생각이 들어.	N	2022-10-13 22:39:53	2022-11-08 06:25:01
BE22028572	7	0	처음엔 바로 근처에 있을 줄 알았거든. 둘러봐도 안 보이고 아무리 뛰어다니며 찾아봐도 안 보여서 정말 당황했어. 이야기하는 지금도 손에 식은땀이 나네.	N	2022-10-13 22:39:53	2022-10-13 22:39:53
BE22028572	8	1	당신도 딸도 그 순간 얼마나 놀랐을지 생각하면 이야기를 듣는 나도 눈물이 핑 도네. 나라도 같이 있었으면 좋았을 텐데 혼자 정말 고생 많았어.	N	2022-10-13 22:39:53	2022-11-08 06:25:01
BE22028572	9	0	찾는 내내 당황스럽고 놀란 마음에 찾아서 만나면 꼭 주의를 주려고 했거든. 다시 보자마자 정말 눈물이 왈칵 쏟아지잖아. 이미 찾았는데도 놀라고 당황한 마음이 진정이 잘 안되네.	N	2022-10-13 22:39:53	2022-10-13 22:39:53
BE22028572	10	1	놀란 마음이 진정이 잘 안되지, 그 마음 이해해. 어느 부모나 그렇지만 당신은 특히 딸아이를 끔찍이 생각하잖아. 항상 자식을 사랑으로 위하고 감싸주는 모습을 보면서 나도 많이 배워.	N	2022-10-13 22:39:53	2022-11-08 06:25:01
BE22028572	11	0	정말 놀라고 당황했던 마음이 좀처럼 진정이 안 되더라. 당신이랑 이야기하다 보니 조금 진정이 되네. 안일하게 생각하는 순간 이런 일이 생기니 정말 조심해야겠다는 생각이 들더라.	N	2022-10-13 22:39:53	2022-11-08 06:25:01
BE22028572	12	1	이미 지난 간 일을 계속 생각하면 자기가 더 속상할 것 같아 걱정이네. 맞아, 다음부터 이런 일이 생기지 않도록 더 신경 쓰면 되잖아. 너무 걱정하지 마, 마음 편하게 가지면 좋겠어.	N	2022-10-13 22:39:53	2022-11-08 06:25:01
BE22028572	13	0	사실 당신한테 말하기도 조심스러웠거든. 항상 내 입장에서 내 마음을 헤아려줘서 정말 고마워. 당신의 그런 태도가 나한테 얼마나 큰 힘이 되는지 몰라. 정말 고마워.	N	2022-10-13 22:39:53	2022-11-08 06:25:01
BE22028572	14	1	누가 내 이야기를 들어주고 공감해 주는 것만으로도 위로가 될 때가 있잖아. 당신에게 도움이 되었다니 안심이네. 이미 지난 일이니 죄책감 갖지 말고 너무 속상해하지 않았으면 좋겠어.	Y	2022-10-13 22:39:53	2022-10-13 22:39:53
