id	utterance_id	utterance_type	utterance_text	terminate	regDate	updDate
BE22026502	1	0	여보, 우리 아들을 어떻게 해야 할까요? 방금 욕실에서 큰 소리가 나서 가보니, 아들이 미끄러졌다 머리를 부딪힌 모양이에요. 제가 혹시 모르니 병원에 가보라고 해도, 한사코 거절하니 어떻게 해야 할지 당황스러워요!	N	2022-10-10 11:34:41	2022-10-10 11:34:41
BE22026502	2	1	당신이 얼마나 애지중지 소중하게 키운 아들인데. 다른데도 아닌 머리를 다쳐서 당신에게 얼마나 큰 충격이었겠어. 그런 아들이 병원에도 안 간다니 정말 당혹스럽겠군,.	N	2022-10-10 11:34:41	2022-11-08 06:12:33
BE22026502	3	0	오늘 공연은 병원에 갔다 가라 해도, 리허설에 지금 가지 않으면 안 된다고 고집을 부려요. 하지만 부상이 사람 의지대로 되는 게 아니잖아요? 이러지도 저러지도 못하고 어떡해야 할지 몰라 당혹스럽기 그지없어요!	N	2022-10-10 11:34:41	2022-10-10 11:34:41
BE22026502	4	1	괜찮아, 아들도 이제 성인인데다 원체 착실하고 믿음직스러운 아이인걸. 본인의 컨디션은 스스로 잘 관리할 테니 너무 걱정하지 마.	N	2022-10-10 11:34:41	2022-11-08 06:12:34
BE22026502	5	0	아들의 심정도 이해가 되지만, 혹시 큰일이라도 생길까 봐 내버려 둘 수 없는걸요! 아들이 쓰러지면 어쩌지, 상상만 해도 머리가 하얘져서 너무 곤혹스러워요!	N	2022-10-10 11:34:41	2022-11-08 06:12:34
BE22026502	6	1	너무 당황하지 말고 진정해. 당신이 차분하게 아들과 이야기를 하면, 분명 아들도 이해해 줄 거야. 그 아이가 참 당신을 잘 따랐잖아.	N	2022-10-10 11:34:41	2022-11-08 06:12:34
BE22026502	7	0	하지만 억지로 강요해서 아들의 간절한 기회를 놓치면 아들이 얼마나 상심할까요. 그 아이가 저를 평생 원망할지도 모른다는 생각에 어찌해야 할지 당황스러워 견딜 수가 없어요!	N	2022-10-10 11:34:41	2022-10-10 11:34:41
BE22026502	8	1	당신이 당혹스러운 마음에 쉽게 움직이지 못하고 고민할 수밖에 없다는 거 이해해. 하지만 문제에서 회피하면 할수록 마주하기 더 힘들어질 뿐이야. 용기를 내 후회를 남기지 않도록 최선을 다한다면 어떤 결과든 지금보다 훨씬 마음이 홀가분해질 거야.	N	2022-10-10 11:34:41	2022-11-08 06:12:34
BE22026502	9	0	하지만 제가 뭣도 모르고 행동하다 모두 망치면 어떡하죠? 아들의 건강도, 신뢰도 잃어버리면 어쩌죠? 최악의 가능성들이 눈앞에서 사라지지 않아 정말 당황스러워져요!	N	2022-10-10 11:34:41	2022-10-10 11:34:41
BE22026502	10	1	누구보다 아들을 사랑하고, 아들에 대해 가장 잘 아는 당신이잖아. 그 아이가 몸이 불편하거나 곤란해하면 말하지 않아도 당신은 항상 바로 눈치를 챘지. 그런 당신이라면 이 위기도 잘 극복할 수 있어.	N	2022-10-10 11:34:41	2022-10-10 11:34:41
BE22026502	11	0	당신 말이 옳아요, 제가 이대로 허둥지둥거려도 아들만 불안하고 불편하게 만들 뿐, 아무것도 달라지지 않겠죠. 아들을 위해서라도 침착하게 용기를 낼게요! 그렇게 결심을 하니 마음이 정말 진정이 돼가는 기분이에요.	N	2022-10-10 11:34:41	2022-10-10 11:34:41
BE22026502	12	1	옛날부터 당신은 아들을 위해서라면 뭐든 해내는 대단한 엄마였지. 이번에도 잘 해낼 수 있어. 비록 멀리 있지만 나도 응원할게!	N	2022-10-10 11:34:41	2022-11-08 06:12:34
BE22026502	13	0	옛날부터 감정이 크게 동요하면 현실도피부터 하고 보는 경향이 제가 심했어요. 하지만 제 부족한 부분도 채워주는 당신이 있어, 오늘 문제를 마주할 용기를 낼 수 있었어요. 어디에 있든 늘 절 지지해 주는 당신이 있어 정말 든든하네요.	N	2022-10-10 11:34:41	2022-10-10 11:34:41
BE22026502	14	1	나야말로 필요할 때 옆에 있어줄 수 없는 못난 남편이어서 미안해. 그럼에도 불평하나 하지 않는 당신에게 늘 고마운걸. 그리고 아들을 믿고 맡길 수 있는 당신이 있어 나 또한 든든해!	Y	2022-10-10 11:34:41	2022-11-08 06:12:34
