id	utterance_id	utterance_type	utterance_text	terminate	regDate	updDate
BE22000986	1	0	여보 글쎄, 오늘 얘들 겨울옷들 맡기려고 세탁소에 갔었거든?	N	2022-06-14 00:59:39	2022-11-08 03:30:41
BE22000986	2	1	어, 롱패딩 맡긴다고 그랬었지. 세탁소에서 무슨 일 있었어?	N	2022-06-14 00:59:39	2022-11-08 03:30:41
BE22000986	3	0	맡기고 나오려는데 사장님이 부르시는 거야. 맡긴 적도 없는데 옷 찾아가라고.	N	2022-06-14 00:59:39	2022-11-08 03:30:41
BE22000986	4	1	착각하신 건가? 좀 당황스러웠겠는걸.	N	2022-06-14 00:59:39	2022-11-08 03:30:41
BE22000986	5	0	나도 착각하셨나 보다면서 옷을 확인했더니 내 반코트였던 거야.	N	2022-06-14 00:59:39	2022-11-08 03:30:41
BE22000986	6	1	응? 올겨울에 반코트 입은 걸 본 적이 없는 거 같은데 언제 맡긴 거야?	N	2022-06-14 00:59:39	2022-11-08 03:30:41
BE22000986	7	0	세상에, 내가 작년 겨울에 맡겼대. 1년을 잊고 지냈어.	N	2022-06-14 00:59:39	2022-11-08 03:30:41
BE22000986	8	1	깜박 잊고 있었나 보네. 당신은 얘들이랑 나도 챙겨야 하고 직장까지 다니니까 잊을 수도 있어.	N	2022-06-14 00:59:39	2022-11-08 03:30:42
BE22000986	9	0	그렇다고 아예 생각이 안 난다는 건 문제가 있지 않아? 내가 이렇게 머리가 나빠진 건가, 치매 초기인가 별생각이 다 들더라.	N	2022-06-14 00:59:39	2022-11-08 03:30:42
BE22000986	10	1	에이... 내 옷 중에 그 하늘색 반팔 니트 알지? 당신이 사준 게 아니라고 했잖아. 난 그 옷이 어디서 난 옷인지 지금까지도 기억이 안 나.	N	2022-06-14 00:59:39	2022-11-08 03:30:42
BE22000986	11	0	그러네. 당신도 기억을 여태 못하는 일이 있긴 하네.	N	2022-06-14 00:59:39	2022-11-08 03:30:42
BE22000986	12	1	그래. 살다 보면 신경 쓸 일이 많잖아. 기억이 전혀 안 나는 일도 더러 있고 그런 거지. 너무 심각하게 받아들이지 마.	N	2022-06-14 00:59:39	2022-11-08 03:30:42
BE22000986	13	0	아깐 어찌나 얼굴이 화끈거리고 죄송하던지... 도망치듯 나와 버렸지 뭐야.	N	2022-06-14 00:59:39	2022-11-08 03:30:42
BE22000986	14	1	나 같아도 그 자리에선 민망하고 그랬을 거야. 그래도 자책하진 마. 당신처럼 꼼꼼하게 잘 챙기고 사는 사람이 어딨다고 그래.	N	2022-06-14 00:59:39	2022-11-08 03:30:42
BE22000986	15	0	그래도 당신이 아무것도 아닌 일처럼 말해 주니까 마음이 한결 가볍네.	Y	2022-06-14 00:59:39	2022-11-08 03:30:42
