id	utterance_id	utterance_type	utterance_text	terminate	regDate	updDate
BE22003570	1	0	자기야, 나 요즘 어휘력이 엄청 떨어진 것 같아. 나이가 들어가고 있다는 걸까?	N	2022-06-25 06:21:16	2022-11-08 03:47:24
BE22003570	2	1	갑자기 무슨 일 있어? 왜 그렇게 느꼈어?	N	2022-06-25 06:21:16	2022-11-08 03:47:24
BE22003570	3	0	방금 회사 사람들이랑 얘기하다가 순간 징크스라는 단어가 생각이 안 나는 거야. 그래서 징크스 단어 뜻을 설명하려고 애쓰다가 결국 다른 사람이 맞춰줬어. 되게 민망하더라.	N	2022-06-25 06:21:16	2022-11-08 03:47:24
BE22003570	4	1	그랬구나. 그런 단어를 평소에 잘 쓰지 않아서 그런 거 아닐까? 나도 잘 안 쓰는 단어인데?	N	2022-06-25 06:21:16	2022-11-08 03:47:24
BE22003570	5	0	그런 거면 좋겠는데 오늘뿐만이 아니야. 단어가 잘 생각나지 않아서 말이 막히는 경우가 점점 늘고 있어서 걱정이야. 어려운 단어도 아니고 쉬운 단어가 기억이 안 나면 너무 당황스럽고 부끄럽더라고.	N	2022-06-25 06:21:16	2022-11-08 03:47:24
BE22003570	6	1	그런 일로 부끄러운 적도 있었구나! 그럼 신경 쓰일만하네. 그것도 요즘 들어 그렇게 느낀다면 걱정되기도 하겠다.	N	2022-06-25 06:21:16	2022-11-08 03:47:24
BE22003570	7	0	그러니까. 원래 이렇지 않았거든. 나름 말도 매끄럽게 잘했던 것 같은데 요즘 책을 안 읽어서 그런지... 정말 나이 들어가는 건지...	N	2022-06-25 06:21:16	2022-11-08 03:47:24
BE22003570	8	1	너무 걱정 마. 정말 어휘력의 문제이면 사용할 수 있는 단어 자체가 줄어든다고 느끼겠지? 난 자기가 가끔 편지 써주고 그럴 때마다 어휘력과 문장력에 감탄하는걸?	N	2022-06-25 06:21:16	2022-11-08 03:47:24
BE22003570	9	0	자기 말대로 그렇게 시간을 들여서 글을 쓸 때에는 괜찮은 것 같긴 해.	N	2022-06-25 06:21:16	2022-11-08 03:47:24
BE22003570	10	1	거봐, 그럼 어휘력의 문제는 아닐 거야. 정말 그냥 순간 안 떠오른 것 같은데. 그건 보통 사람들은 다 겪는 일일걸?	N	2022-06-25 06:21:16	2022-11-08 03:47:24
BE22003570	11	0	그래? 내가 요즘 너무 신경 쓰고 있었던 걸까?	N	2022-06-25 06:21:16	2022-11-08 03:47:24
BE22003570	12	1	자기가 한 번 이상하다고 느껴서 말할 때마다 의식하고 있었던 걸 수도 있어. 그래서 단어를 떠올리려고 할 때 긴장했을 수도 있고.	N	2022-06-25 06:21:16	2022-11-08 03:47:24
BE22003570	13	0	자기 말을 들어보니까 요즘 단어를 떠올릴 때 유독 긴장하긴 했던 것 같아. 또 기억이 안 나서 부끄러워질까 봐 그랬나 봐.	N	2022-06-25 06:21:16	2022-11-08 03:47:24
BE22003570	14	1	그러니까 다음부터는 대화할 때 조금 편하게 마음을 먹어봐. 그렇게 신경 쓰지 않아도 자기랑 대화하는 건 누구나 항상 즐거울 테니까.	N	2022-06-25 06:21:16	2022-11-08 03:47:24
BE22003570	15	0	조금 긴장을 풀어볼 필요는 있는 것 같아. 마음이 벌써 조금 놓이네. 걱정 들어줘서 고마워.	Y	2022-06-25 06:21:16	2022-11-08 03:47:24
