id	utterance_id	utterance_type	utterance_text	terminate	regDate	updDate
BE22029577	1	0	여보, 아침에 물 마시러 나갔다가 마주친 과장님이 나더러 부장님이라고 하더라? 얼굴 부기 때문에 착각하신 것 같은데 어찌나 당혹스럽던지.	N	2022-10-15 12:21:24	2022-11-08 06:31:05
BE22029577	2	1	당신이 아침엔 조금 심하게 얼굴이 붓는 편이라는 건 알지만 그럴 정도까지는 아닌 것 같은데. 당신도 많이 놀랐겠다.	N	2022-10-15 12:21:24	2022-11-08 06:31:05
BE22029577	3	0	처음엔 이유를 몰라서 내 뒤에 부장님이 서 계신 줄 알고 돌아봤어. 그 정도로 당황한 거야. 나중에 자리에 앉으니까 내 얼굴 부기 때문이구나 싶어 부끄럽더라고.	N	2022-10-15 12:21:24	2022-11-08 06:31:06
BE22029577	4	1	당신이 그럴 정도면 정말 많이 놀랐네. 자연스러운 생리 현상인데 당신이 부끄러울 게 뭐가 있어. 잘못한 일도 아닌데 너무 깊게 생각하지 않아도 돼.	N	2022-10-15 12:21:24	2022-11-08 06:31:06
BE22029577	5	0	하지만 남들이 못 알아볼 정도라고 생각하니까 지난 아침들이 생각나면서 머릿속이 새하얘지더라.	N	2022-10-15 12:21:24	2022-10-15 12:21:24
BE22029577	6	1	모든 날을 연관 지어 생각하면 더 크게 와닿을 수밖에 없지. 그러지 않아도 괜찮아. 과장님이 단순히 착각하신 건데 부정적으로 생각할 건 또 뭐겠어.	N	2022-10-15 12:21:24	2022-11-08 06:31:06
BE22029577	7	0	예상치도 못한 일이 생기니까 나도 어쩔 줄 모르겠다. 이쯤 되면 붓기의 정도가 문제이지 않나 싶어 생각도 많아져.	N	2022-10-15 12:21:24	2022-10-15 12:21:24
BE22029577	8	1	내가 매일 아침 당신 얼굴을 보잖아. 그렇게 문제 삼을 만한 정도도 아니며 과장님도 별 뜻 없이 실수하신 거야. 그렇게 생각하면 당신 마음도 한결 진정될 수 있을 거야.	N	2022-10-15 12:21:24	2022-11-08 06:31:06
BE22029577	9	0	과장님도 내가 벙져 있으니까 한참을 멍하니 계시다 아차 하고 웃으시더라고. 별 뜻이 없다는 건 사실 나도 알았지만 그냥 그 상황이 당황스러웠어.	N	2022-10-15 12:21:24	2022-10-15 12:21:24
BE22029577	10	1	나도 당신이 느꼈을 감정은 온전히 이해하고 있어. 그래도 그런 과장님의 가벼운 반응을 위안 삼아 머리를 식힐 수 있지도 않을까? 시간이 지나고 보면 오늘 일도 그저 유쾌한 해프닝으로 남을 수 있을 거야.	N	2022-10-15 12:21:24	2022-11-08 06:31:06
BE22029577	11	0	그래, 언젠가는 웃으며 얘기할 수 있다고 생각하니까 진정이 좀 된다. 아침부터 잠도 덜 깬 탓에 내가 과하게 반응했나 봐.	N	2022-10-15 12:21:24	2022-11-08 06:31:06
BE22029577	12	1	그럴 수 있지. 당신이 고민이 많다면 내가 아침 부기를 빼줄 수 있는 방법이라도 찾아볼게. 혼자 애태우고 고민하지 않았음 해.	N	2022-10-15 12:21:24	2022-11-08 06:31:06
BE22029577	13	0	그러지 않는다고 약속할게. 그래도 당신이 힘을 보태준다니까 큰 위안이 된다. 괜한 고민으로 당신 마음 까지 쓰이게 했구나.	N	2022-10-15 12:21:24	2022-11-08 06:31:06
BE22029577	14	1	나야 당신에게 위안이 될 수 있다면 기쁜걸. 이제 원래의 컨디션을 회복한 것 같아 나도 마음이 놓여.	N	2022-10-15 12:21:24	2022-11-08 06:31:06
BE22029577	15	0	당신 덕분에 생각 정리가 잘 끝났어. 한결 가벼워진 마음으로 일할 수 있을 것 같아, 고마워 여보.	Y	2022-10-15 12:21:24	2022-11-08 06:31:06
