id	utterance_id	utterance_type	utterance_text	terminate	regDate	updDate
BE22016590	1	0	여보, 나 조금 전에 회사에 도착했는데, 노트북을 택시에 두고 내렸어. 깜빡 졸다가 기사님이 목적지에 도착했다고 깨워서 허겁지겁 내렸거든. 지금 나 어쩔 줄을 모르겠어.	N	2022-08-31 00:58:11	2022-11-08 05:10:15
BE22016590	2	1	저런, 당신 너무 당황했겠다. 그 노트북 얼마 전에 새로 산 거잖아. 가격도 만만찮게 비싸고.	N	2022-08-31 00:58:11	2022-11-08 05:10:15
BE22016590	3	0	맞아. 근데 가격이 문제가 아니고 그 노트북에 다음 주 월요일에 발표할 프레젠테이션 자료가 들어 있어. 나 자신이 너무 한심하고 당황스러워서 눈앞이 캄캄하고 아무 생각도 못 하겠어.	N	2022-08-31 00:58:11	2022-11-08 05:10:15
BE22016590	4	1	어머나, 당신 요즘 며칠간 야근하며 준비한 자료라서 정신 못 차릴 만큼 당황스럽겠다. 당신의 놀란 마음이 느껴져 나도 가슴이 덜컥 내려앉네.	N	2022-08-31 00:58:11	2022-11-08 05:10:15
BE22016590	5	0	지금 아마 내 얼굴이 하얗게 질렸을 거야. 심장이 꽉 조여오는 것같이 답답하고 등줄기에 식은땀이 흐르네. 이제 나 어떡하지?	N	2022-08-31 00:58:11	2022-08-31 00:58:11
BE22016590	6	1	여보, 당신에게는 내가 있잖아. 그렇게 지나치게 긴장하고 당황하지 말고 우선 나를 믿고 마음을 편안하게 가져봐. 내가 최선을 다해서 도와줄 테니 당황스러운 마음을 풀어봐.	N	2022-08-31 00:58:11	2022-11-08 05:10:15
BE22016590	7	0	그래, 내가 너무 놀라서 많이 긴장하고 당황한 것 같아. 당신이 도와준다니 마음이 좀 놓이고 눈앞이 밝아지네. 당신만 믿을게.	N	2022-08-31 00:58:11	2022-08-31 00:58:11
BE22016590	8	1	그래, 내 말 듣고 마음이 좀 안정된다니 정말 다행이야. 우리나라에선 택시에 놓고 내린 분실물을 분명히 찾을 수 있을 테니 너무 걱정하지 마. 여보, 너무 걱정하지 말고 당황스러운 마음을 추슬러봐.	N	2022-08-31 00:58:11	2022-11-08 05:10:15
BE22016590	9	0	맞아. 전에 외국에서 노트북을 잃어버린 경험 때문에 내가 더 긴장하고 당황했던 것 같아. 당신 말 듣고 보니 희망이 생기고 당황스러운 마음이 한결 가라앉네. 여긴 한국이니까 분명히 찾을 수 있을 거야.	N	2022-08-31 00:58:11	2022-11-08 05:10:15
BE22016590	10	1	그래. 우리 같이 차근차근 분실물 찾는 방법을 알아보는 게 좋겠어. 내가 도와줄게. 당신 택시비는 신용카드로 결제했지?	N	2022-08-31 00:58:11	2022-11-08 05:10:15
BE22016590	11	0	응. 현금은 거의 갖고 다니지 않으니까 당연히 신용카드로 결제했지.	N	2022-08-31 00:58:11	2022-08-31 00:58:11
BE22016590	12	1	정말 천만다행이다. 카드회사에 택시비 결제 기록이 남아 있으니까 카드회사 콜센터로 문의하면 된대. 그러면 자신이 탔던 택시를 찾을 수 있대.	N	2022-08-31 00:58:11	2022-08-31 00:58:11
BE22016590	13	0	휴, 진짜 다행이다. 그럼 내가 카드사에 전화해서 아까 탔던 택시를 찾은 다음 내 노트북을 찾으면 되겠네. 당신의 위로와 도움 덕분에 이제 당황했던 마음이 놓인다.	N	2022-08-31 00:58:11	2022-11-08 05:10:15
BE22016590	14	1	도움이 되었다면 다행이야. 잃어버린 물건을 꼭 찾을 수 있었으면 좋겠다.	Y	2022-08-31 00:58:11	2022-11-08 05:10:15
