id	utterance_id	utterance_type	utterance_text	terminate	regDate	updDate
BE22013296	1	0	당신에게 맛있는 저녁을 차려 주고 싶었는데 요리하려다 부엌에서 접시를 깨버렸어요. 신혼여행 가서 당신이 큰맘 먹고 산 접시라서 너무 당황스러운 마음에 이제야 문자 보냈어요. 당신이 올 시간이 다 됐는데 이제야 보낸 내 마음을 이해해줄 수 있을까요.	N	2022-08-05 15:27:53	2022-08-05 15:27:53
BE22013296	2	1	당신의 마음이 공감되네요, 당연히 이해하죠. 저에게 근사한 식사를 차려 주려고 노력하다 깨뜨리고 얼마나 당황했겠어요. 더군다나 제가 아끼는 접시라서 더 어쩔 줄 몰라 하고 있을 당신이 떠올라 제가 더 속상해지네요.	N	2022-08-05 15:27:53	2022-11-08 04:49:35
BE22013296	3	0	정말 당황스러워서 아직도 말이 안 나와요. 전 당신이 좋아하는 접시에 담으면 더 좋아할 거란 생각이 들어서 꺼내려다 이 사달이 났어요. 깨진 접시를 바라보면서 말도 안 나올 정도로 당황스럽고 과거로 시간을 되돌리고 싶어요.	N	2022-08-05 15:27:53	2022-08-05 15:27:53
BE22013296	4	1	아이고, 과거로 돌아가고 싶다는 당신의 문자가 왜 이렇게 슬픈지 모르겠네요. 죄책감에 바진 당신이 떠올라서 저 너무 속상하네요. 전 괜찮으니까 당신이 마음을 편하게 가졌으면 좋겠어요.	N	2022-08-05 15:27:53	2022-11-08 04:49:35
BE22013296	5	0	고마워요, 그런데 덜렁거리는 저의 성격 때문에 이런 일이 일어난 게 처음이 아니니까. 그게 너무 미안하고 내가 고치고 싶어도 못하는 게 너무 속상하고 그래요. 그래서 정말 오늘도 접시를 깨고 과거의 똑같은 사건이 떠올라서 참 당황했어요.	N	2022-08-05 15:27:53	2022-08-05 15:27:53
BE22013296	6	1	당신이 그 과거의 기억을 아직도 생각하고 있는 게 왜 이렇게 마음이 아픈지 모르겠네요. 당신은 최대한 조심했을 텐데 이러한 결과가 일어난 것이잖아요. 그러니 좋은 의도였지만 어쩔 수 없이 일어난 결과니 속상한 마음을 풀면 좋을 것 같아요.	N	2022-08-05 15:27:53	2022-11-08 04:49:35
BE22013296	7	0	발전이 없는 것 같다는 생각이 들어서 더욱 그런가 봐요. 사람이 한 번은 실수고 두 번째부터는 실수가 아니라고 생각하는 마음도 있긴 해요. 같은 실수를 반복하기 싫은데 어떻게 이렇게 발전이 없는지 참 당황스러워요.	N	2022-08-05 15:27:53	2022-08-05 15:27:53
BE22013296	8	1	그렇게 생각하면서 속상할 당신이 떠올라서 내가 더 속상하고 마음이 아파요. 사람이 어떻게 한 번만 실수하고 살겠어요 두 번도 할 수 있는 걸 요. 당신은 자신에게 엄격한 부분이 있어서 자신을 더 힘들게 하는 것 같아 내가 너무 안타까워요.	N	2022-08-05 15:27:53	2022-11-08 04:49:35
BE22013296	9	0	그런 걸까요. 당신이 아끼는 접시를 한 번도 아니고 두 번 이나 깨버려서 너무 미안하고 속상해서. 내가 도대체 왜 이렇게 실수를 하는지 나도 몰라서 당황스러운 마음뿐이에요. 정말 난 구제불능이에요.	N	2022-08-05 15:27:53	2022-11-08 04:49:35
BE22013296	10	1	당신의 속상함이 나에게도 느껴져서 제가 더 눈물이 날 것 같네요. 그런데 날 위해서 맛있는 요리를 준비하려다 한 실수일 뿐이니 너무 속상해하지 말았으면 해요. 난 당신이 나를 위해 요리하는 마음만 생각해도 기뻐서 가슴이 뿌듯한데요.	N	2022-08-05 15:27:53	2022-11-08 04:49:35
BE22013296	11	0	그렇게 답장해 줘서 고마워요, 요리를 하려다 접시를 깨고 너무 당황스러워서 말할 용기가 안 났어요. 당신에게 이해를 구하는 내용의 문자에 진심으로 답해 준 당신. 이제는 내가 정말 연락을 잘했다는 생각이 들어요.	N	2022-08-05 15:27:53	2022-11-08 04:49:35
BE22013296	12	1	그렇게 생각해 주니 내가 기뻐서 눈물이 날 것 같네요. 난 당신이 나를 위해서 한 행동이 잘못됐다는 생각을 절대 안 하니까요. 그 마음을 풀었으면 좋겠다는 생각 뿐이에요.	N	2022-08-05 15:27:53	2022-11-08 04:49:35
BE22013296	13	0	정말 고마워요, 내가 용기를 이렇게 낼 수 있었던 것은 다 당신 덕분이에요. 처음에는 접시가 깨진 사실을 당신에게 알리고 답장을 기다리며 노심초사했어요. 그런데 이해해 주는 당신이 있어서 얼마나 다행인지 모르겠어요.	N	2022-08-05 15:27:53	2022-11-08 04:49:35
BE22013296	14	1	당연하죠, 저는 접시가 얼마나 깨지든 당신이 상처를 안 받았으면 좋겠다는 마음뿐이에요. 그리고 내가 좋아하는 접시였지만 당신이 나를 위해서 요리하는 그 마음보다는 중요치 않아요. 난 당신이 나를 생각하는 그 마음이 가장 중요해요.	N	2022-08-05 15:27:53	2022-11-08 04:49:35
BE22013296	15	0	정말 고마워요, 오늘 당신이 내게 보내준 격려와 응원의 메시지는 정말 나를 많이 변하게 했어요. 이제는 실수에 대해서 좀더 다른 관점으로 날 바라볼 수 있는 힘이 생겼어요. 이게 다 당신 덕분이라고 생각해요.	Y	2022-08-05 15:27:53	2022-11-08 04:49:35
