id	utterance_id	utterance_type	utterance_text	terminate	regDate	updDate
BE22027638	1	0	여보, 오늘 아파트 커뮤니티 센터에 있는 탁구장엘 처음 갔는데, 사람들 실력을 보고 깜짝 놀랐어.	N	2022-10-12 11:16:41	2022-10-12 11:16:41
BE22027638	2	1	당신, 오늘부터 아파트에서 탁구 배우기로 했잖아. 가보니 어때? 잘 치는 사람들이 많았어?	N	2022-10-12 11:16:41	2022-10-12 11:16:41
BE22027638	3	0	글쎄, 선수야 뭐야 싶은 정도로 잘 치는 사람들이 많더라. 처음 배우러 온 사람은 나 혼자여서 괜히 당황스럽고 주눅이 들더라고.	N	2022-10-12 11:16:41	2022-11-08 06:19:21
BE22027638	4	1	그랬구나. 탁구 10년 이상 친 사람들도 많을 걸 아마. 처음 탁구를 치러 간 당신은 그 사람들에 비한다면 그야말로 새싹이잖아. 잘하는 사람들 틈에서 당황스럽고 은근히 주눅이 들 만도 했겠다.	N	2022-10-12 11:16:41	2022-11-08 06:19:21
BE22027638	5	0	맞아. 언제 배워서 저 사람들처럼 되나, 괜히 조바심 나고 좌절 스럽기도 하더라고.	N	2022-10-12 11:16:41	2022-11-08 06:19:21
BE22027638	6	1	잘하는 사람들도 당신같이 처음 시작했을 때가 있었겠지. 뭐든 하루아침에 실력이 뚝딱 주어지는 건 아닐 테니. 그러니 당신도 평생 취미 만든다 생각하고 느긋이, 차근차근 배우도록 해봐.	N	2022-10-12 11:16:41	2022-11-08 06:19:21
BE22027638	7	0	라켓을 잡고 기본 동작을 배우는데 몸이 예전처럼 빠르게 움직여지지 않아 당황스러웠어. 내 몸이 내 몸 같지 않은 기분이 좀 한심스럽기도 했어. 내가 잘할 수 있을까 하는 생각도 내내 맴돌고.	N	2022-10-12 11:16:41	2022-11-08 06:19:21
BE22027638	8	1	탁구 배우러 간 첫날엔 누구나 당황스럽고 조바심이 날 거야. 내가 너무 못하는 거 아닌가 싶기도 하고. 하지만 첫술에 배부른 법은 없잖아, 비교하지 말고 천천히 가볍게 배워봐.	N	2022-10-12 11:16:41	2022-11-08 06:19:21
BE22027638	9	0	나만 못한다고 생각하면 우울하고 더 당황스러워. 이런 좌절감도 오랜만인 거 같아. 내 욕심이겠지?	N	2022-10-12 11:16:41	2022-10-12 11:16:41
BE22027638	10	1	좌절감이 든다는 것은 당신이 잘하고 싶은 마음이 있기 때문이잖아. 조바심만 안 낸다면 그 마음으로 더 열심히 배워보면 좋은 결과 있을 거야.	N	2022-10-12 11:16:41	2022-11-08 06:19:21
BE22027638	11	0	오, 당신이 그렇게 말해주니 당황했던 마음이 차분해지고, 더 열심히 해야겠다는 용기가 생기는걸.	N	2022-10-12 11:16:41	2022-11-08 06:19:21
BE22027638	12	1	그래, 모든 스포츠는 끈기와 오기가 있어야 끝까지 해낼 수 있겠지. 앞으로 좌절도 맛보고 힘든 고비도 넘기겠지만, 난 늘 당신 편에서 당신을 응원할게. 모쪼록 재미있게 즐기며 새로운 취미를 배울 수 있기를 바라.	N	2022-10-12 11:16:41	2022-11-08 06:19:21
BE22027638	13	0	당신이 응원한다니 나도 힘이 난다. 잘 할지 못 할지 모르겠지만, 당신 말대로 이 악물기보다 재미있게 배워볼게. 고마워.	N	2022-10-12 11:16:41	2022-11-08 06:19:21
BE22027638	14	1	언제든 하소연할 일 있으면 말해. 내가 다 들어줄게. 사랑해, 여보.	Y	2022-10-12 11:16:41	2022-11-08 06:19:22
