id	utterance_id	utterance_type	utterance_text	terminate	regDate	updDate
BE22029147	1	0	여보, 친구들과 같이 에스엔에스를 시작했어. 모두 이런 쪽에 관심이 없다가 다 같이 추억을 쌓자며 시작했거든. 그런데 친구들 여덟명에서 시작했는데 아무도 내 게시글에는 반응이 없어서 정말 당황스러워.	N	2022-10-14 16:57:34	2022-10-14 16:57:34
BE22029147	2	1	당신이 요즘 사진을 열심히 찍더니 에스엔에스 때문이었구나. 다 같이 시작했는데 내 게시물에만 반응이 없으면 당연히 속상하고 당황스럽지. 당신이 속상했을 것 생각하니 나도 마음이 안 좋네.	N	2022-10-14 16:57:34	2022-11-08 06:28:29
BE22029147	3	0	같이 모임을 한날 똑같이 사진을 올려도 내가 올린 게시글만 썰렁해. 함께 있을 땐 다 같이 잘 지내거든. 그런데 에스엔에스에서만 그래서 더 당황스러운 마음에 어찌할 바를 모르겠어.	N	2022-10-14 16:57:34	2022-10-14 16:57:34
BE22029147	4	1	그러면 정말 서운하지, 나라도 그럴 것 같아. 이유를 알 수 없으니 당신이 더 답답하고 당황스럽겠네. 그래도 너무 신경 쓰며 의미 부여하지 않았으면 좋겠어.	N	2022-10-14 16:57:34	2022-11-08 06:28:29
BE22029147	5	0	내가 게시글에 실수한 것도 아니고 자랑을 하는 것도 아니거든. 그런데 내 게시물에만 반응이 없는 이유를 모르니 더 당황스럽네. 별일 아니라면 아니겠지만 어찌해야 할지를 모르겠어.	N	2022-10-14 16:57:34	2022-11-08 06:28:29
BE22029147	6	1	당신이 실수하거나 자랑하는 성격도 아니잖아. 항상 매사에 조심스럽고 배려 있는 당신이라는 걸 친구들도 잘 아니 그런 이유는 아닐 거야. 괜한 걱정 하며 속앓이하지 않았으면 좋겠어.	N	2022-10-14 16:57:34	2022-11-08 06:28:29
BE22029147	7	0	솔직히 물어보고 싶거든. 그런데 이 나이에 내 게시물에만 왜 반응이 없냐고 묻기도 웃기잖아. 그래서 참고 있는데 당황스러운 마음은 어쩔 수 없는 것 같아.	N	2022-10-14 16:57:34	2022-11-08 06:28:29
BE22029147	8	1	당연히 그런 마음 들 것 같아. 하지만 당신이 일희일비하는 성격이 아니잖아. 그런 모습을 보며 나도 항상 배우려고 노력하고 있어.	N	2022-10-14 16:57:34	2022-11-08 06:28:29
BE22029147	9	0	그렇긴 하지만 혹시나 내가 친구들한테 실수한 게 있나 그런 생각이 계속 들어. 아무리 생각해도 그런 일이 없어서 더 당황스러운 것 같아.	N	2022-10-14 16:57:34	2022-10-14 16:57:34
BE22029147	10	1	정확하게 알지도 못하는 일을 계속 생각하며 마음 쓰면 당신이 너무 힘들 것 같아. 어떤 이유든 너무 신경 쓰고 걱정할 필요 없어. 마음 맞는 친구들과 만나서 잘 지내는 당신을 보면 나는 너무 행복해 보이더라!	N	2022-10-14 16:57:34	2022-11-08 06:28:29
BE22029147	11	0	당신 말이 맞아, 내가 너무 예민하게 생각하는 것 같네. 언제부터 에스엔에스를 신경 썼다고 싶은 마음도 들고 말이야. 당신이 속상하고 당황스러운 마음을 헤아려주니 한결 마음이 편해졌어.	N	2022-10-14 16:57:34	2022-11-08 06:28:29
BE22029147	12	1	그렇게 말해주니 내가 더 고맙네. 항상 긍정적이고 현명한 당신이 이 상황을 잘 풀어나갈 거라 생각해. 너무 마음에 담아두지 말고.	N	2022-10-14 16:57:34	2022-11-08 06:28:29
BE22029147	13	0	당신이 따뜻하게 말해주니 정말 좋다. 당신이 내 이야기에 공감해 주는 것만으로도 엄청난 위로가 되는 것 같아. 정말 고마워.	N	2022-10-14 16:57:34	2022-11-08 06:28:29
BE22029147	14	1	내가 당신에게 도움이 되었다니 나도 기분이 좋네. 친구들 문제는 너무 염려 말고 즐거운 하루 보자!	N	2022-10-14 16:57:34	2022-11-08 06:28:29
BE22029147	15	0	응. 당신 말이 맞아. 훌훌 털어내고 대수롭지 않게 여겨야겠어. 당신도 즐거운 하루 보내고 퇴근할 때 연락할게.	Y	2022-10-14 16:57:34	2022-10-14 16:57:34
