id	utterance_id	utterance_type	utterance_text	terminate	regDate	updDate
BE22029283	1	0	여보, 우리 부장님이 회식만 하면 실수를 하시거든. 실언은 물론이고 돌발행동을 많이 하니 정말 당황스러워서 어쩔 줄을 모르겠어.	N	2022-10-15 03:08:29	2022-10-15 03:08:29
BE22029283	2	1	그런 사람과 자리를 함께하면 같이 시간을 보내는 내내 불안하기도 하고 걱정도 되잖아. 당신이 매번 마음고생이 심할 것 같아서 나도 걱정이 되네.	N	2022-10-15 03:08:29	2022-11-08 06:29:18
BE22029283	3	0	우리는 업무 특성상 술자리도 많잖아. 그런데 매번 일이 생기니 당황스럽네. 더군다나 뒤처리는 내가 다해야 하니 더 당황스러운 상황인 것 같아.	N	2022-10-15 03:08:29	2022-10-15 03:08:29
BE22029283	4	1	일주일에 세 번 이상을 술자리가 있는 상황인데 매번 그렇다니 당신이 정말 힘들겠다. 자리도 편한 자리가 아닌데 상황까지 그렇다면 얼마나 스트레스받을지 생각하니 너무 마음이 아프네.	N	2022-10-15 03:08:29	2022-11-08 06:29:18
BE22029283	5	0	어제는 갑자기 옆 테이블에 있는 애꿎은 사람들에게 시비를 거는 거야. 그 사람들이 점잖게 넘어가 줘서 천만다행이지 그 순간에는 정말 당황스러워서 어찌할 바를 모르겠더라.	N	2022-10-15 03:08:29	2022-10-15 03:08:29
BE22029283	6	1	누가 싸움을 좋았겠냐마는 당신은 항상 불필요한 논쟁을 피하려고 하잖아. 항상 침착하게 좋은 분위기를 유지하려는 당신을 보면서 내가 항상 배울 점이 많은 것 같아.	N	2022-10-15 03:08:29	2022-11-08 06:29:18
BE22029283	7	0	같이 자리를 할 수 없는 상황도 아니잖아. 그러니 이러지도 저러지도 못하는 마음이야.	N	2022-10-15 03:08:29	2022-10-15 03:08:29
BE22029283	8	1	걱정과 고민은 하면 할수록 커지더라. 마음 편히 여유를 가지고 생각하면 더 좋은 생각이 나지 않을까 하는 생각이 드네.	N	2022-10-15 03:08:29	2022-11-08 06:29:18
BE22029283	9	0	내가 워낙 부장님과 보낸 시간이 정말 길잖아. 그래서 그런지 난처한 일이 생기면 모든 직원들이 나한테 떠넘기거든. 그러니 솔직히 더 당황스럽고 부담이 되네.	N	2022-10-15 03:08:29	2022-10-15 03:08:29
BE22029283	10	1	당신이 항상 침착하게 상황을 정리하다 보니 다른 직원들도 당신한테 의지하나 보다. 당신이 더 힘들 것 같아서 나도 마음이 쓰이네. 쉽진 않겠지만 조금 긍정적으로 마음 편히 생각했으면 좋겠어.	N	2022-10-15 03:08:29	2022-11-08 06:29:18
BE22029283	11	0	당신 말이 맞아, 신경 쓰니 정말 한도 끝도 없더라. 너무 신경 쓰지 말고 업무에 더 집중해야겠어. 나로 인해 상황이 더 커지지 않는다면 다행이라는 생각도 들고 말이야.	N	2022-10-15 03:08:29	2022-11-08 06:29:18
BE22029283	12	1	당신은 항상 매사에 긍정적으로 생각하는 것 같아. 현명한 당신이 이 상황을 잘 이겨낼 거라 생각해. 너무 마음 쓰며 힘들어하지 마.	N	2022-10-15 03:08:29	2022-11-08 06:29:18
BE22029283	13	0	당신이 따뜻하게 말해주니 정말 좋다. 당신이 내 이야기에 공감해 주고 내 마음을 알아주는 것만으로도 엄청난 위로가 되는 것 같아. 정말 고마워.	N	2022-10-15 03:08:29	2022-11-08 06:29:18
BE22029283	14	1	그렇게 말해주니 내가 더 고마워. 언제든지 고민되거나 속상한 일 있으면 지금처럼 연락해 줘. 언제든 당신 이야기를 들을 준비가 되어있어.	Y	2022-10-15 03:08:29	2022-11-08 06:29:18
