id	utterance_id	utterance_type	utterance_text	terminate	regDate	updDate
BE22001953	1	0	요즘 자꾸 깜박깜박해서 큰일이야.	N	2022-06-17 12:57:15	2022-11-08 03:37:01
BE22001953	2	1	무슨 업무적인 일로 실수가 있었어?	N	2022-06-17 12:57:15	2022-11-08 03:37:01
BE22001953	3	0	그건 아닌데 오늘 점심 먹으러 나가면서 지갑을 사무실에 두고 나갔지 뭐야.	N	2022-06-17 12:57:15	2022-11-08 03:37:01
BE22001953	4	1	에이, 그 정도는 그럴 수도 있지. 지갑이나 핸드폰은 다들 잘 두고 다니고 잃어버리고 하는걸.	N	2022-06-17 12:57:15	2022-11-08 03:37:01
BE22001953	5	0	그게, 월요일부터 신입사원이 두 명 출근하고 있어. 내가 오늘 점심 한 끼 사겠다고 큰소리치며 함께 나갔었거든.	N	2022-06-17 12:57:15	2022-11-08 03:37:01
BE22001953	6	1	아, 당신이 밥 사준다고 셋이서만 나간 거였어? 그럼 당황스러웠겠다.	N	2022-06-17 12:57:15	2022-11-08 03:37:01
BE22001953	7	0	응, 실컷 잘 먹고는 계산하려고 아무리 주머니를 찾아봐도 지갑이 없는 거야. 신입사원 한 명이 앱 카드로 하시면 된다는데 내가 그런 걸 할 줄 알 리가 있나...	N	2022-06-17 12:57:15	2022-11-08 03:37:01
BE22001953	8	1	아이고, 우리 여보 진땀 좀 흘렸겠는데... 그냥 핸드폰 계좌이체로 계산을 하지 그랬어.	N	2022-06-17 12:57:15	2022-11-08 03:37:01
BE22001953	9	0	그때는 너무 당황이 되니까 그런 건 생각도 안 나더라고. 더군다나 앱 카드 모른다고 말한 것도 더 창피스럽고 말이야.	N	2022-06-17 12:57:15	2022-11-08 03:37:01
BE22001953	10	1	그랬겠다. 뭔가 뒤처진 느낌도 들고 신입사원들 앞에서 체면이 많이 구겨졌다는 생각에 정말 많이 당황스러웠겠어.	N	2022-06-17 12:57:15	2022-11-08 03:37:01
BE22001953	11	0	그래서 결국 한 명이 대신 결제를 하고. 다른 한 명은 사무실 들어가자마자 앱 카드 핸드폰에 사용할 수 있게 해 주고 결제 방법까지 알려줬어. 내가 되려 많이 배우고 신세를 졌지 뭐야.	N	2022-06-17 12:57:15	2022-11-08 03:37:02
BE22001953	12	1	사람은 죽을 때까지 배우는 거래. 배움에 대해서 창피하게 생각지 마, 여보. 이참에 알게 돼서 얼마나 다행이고 좋아.	N	2022-06-17 12:57:15	2022-11-08 03:37:02
BE22001953	13	0	밥 사준다고 나가면서 지갑 확인 안 한 것도 너무 민망해. 직장 상사인 나를 얼마나 허당으로 보겠어.	N	2022-06-17 12:57:15	2022-11-08 03:37:02
BE22001953	14	1	당신은 아주 성실하고 부지런해. 업무를 할 때는 정확하고 딱 떨어지게 맞춰 일하고 평소에 사람들은 세심하게 챙기는 사람이지. 당신이 이렇게 장점이 많은 사람이란 걸 당신은 모르나 봐.	N	2022-06-17 12:57:15	2022-11-08 03:37:02
BE22001953	15	0	그래도 오늘 일은 내가 너무 한심하단 생각이 들어서 말이야.	N	2022-06-17 12:57:15	2022-11-08 03:37:02
BE22001953	16	1	당신이 당황스럽고 창피했겠지만 그랬다고 누구에게 피해를 준 건 아무것도 없었잖아. 그러니 당신을 한심하게 여길 필요는 없어. 괜찮아, 그럴 수 있어.	N	2022-06-17 12:57:15	2022-11-08 03:37:02
BE22001953	17	0	그야 그렇지. 좀 번거로운 일이 발생했을 뿐 피해를 준 건 없었지.	N	2022-06-17 12:57:15	2022-11-08 03:37:02
BE22001953	18	1	지갑은 이제부터 더 꼼꼼하게 챙기면 되고. 앱 카드 사용법도 알았으니 그런 것도 이제 자연스럽게 사용하면 돼.	N	2022-06-17 12:57:15	2022-11-08 03:37:02
BE22001953	19	0	그렇게 생각하니 상황이 나쁘지만은 않네? 신입사원들은 앞으로 내가 더 신경 써 주면 되는 거고.	N	2022-06-17 12:57:15	2022-11-08 03:37:02
BE22001953	20	1	맞아! 그러니까 당신이 긍정의 힘만 조금 더 내면 돼!	Y	2022-06-17 12:57:15	2022-11-08 03:37:02
