id	utterance_id	utterance_type	utterance_text	terminate	regDate	updDate
BE22025064	1	0	오늘 친구네 집에 가서 고양이를 쓰다듬어 주다가 갑자기 물려서 깜짝 놀랐어.	N	2022-10-06 17:13:22	2022-10-06 17:13:22
BE22025064	2	1	친구네 고양이가 엄청 순둥이라고 들었는데 갑자기 물렸다니 여보가 많이 당황했겠다. 크게 다치지는 않았어?	N	2022-10-06 17:13:22	2022-11-08 06:04:02
BE22025064	3	0	사실 크게 다치지는 않았는데 의외로 너무 아파서 당황스러웠어. 누군가에게 물려본 건 처음이라 더 그렇게 느낀 것 같다.	N	2022-10-06 17:13:22	2022-10-06 17:13:22
BE22025064	4	1	나도 예전에 친구네 강아지한테 간식을 주다가 실수로 손이 물린 적이 있었잖아. 그래서 그 상황이 어떤지 아니까 자기가 당황했다는 게 완벽히 이해가 된다.	N	2022-10-06 17:13:22	2022-10-06 17:13:22
BE22025064	5	0	게다가 친구가 보고 있는데 아프다고 하기가 좀 그래서 어떻게 해야 할지 모르겠더라고. 혹시나 내가 너무 아프다고 하면 친구가 섭섭해할 수도 있으니까 말이야.	N	2022-10-06 17:13:22	2022-10-06 17:13:22
BE22025064	6	1	이럴 때 여보의 배려심 있는 모습이 진가를 드러내는 것 같아. 여보 말처럼 아프다고 고양이를 혼내거나 화를 냈으면 친구도 기분이 상했을 수 있을 거야. 그렇게 짧은 시간에 그런 판단을 내리다니 대단해!	N	2022-10-06 17:13:22	2022-10-06 17:13:22
BE22025064	7	0	그동안 나는 모든 동물들과 교감이 잘 된다고 생각했어. 그런데 고양이한테 한번 물리고 나니까 앞으로 어떻게 만져줘야 할지 좀 혼란스러운 것 같아.	N	2022-10-06 17:13:22	2022-10-06 17:13:22
BE22025064	8	1	여보는 특히 동물을 좋아하니까 그게 가장 고민이 되겠다. 그동안 해왔던 것이 통하지 않을 거라고 생각하면 나라도 그런 고민이 생길 것 같거든. 하지만 오늘 일은 극히 드문 일이니까 너무 걱정하지 않아도 될 것 같아.	N	2022-10-06 17:13:22	2022-11-08 06:04:02
BE22025064	9	0	나도 그렇게 생각하고 싶지만 다음 번에 또 이런 일이 생기면 내가 너무 당황할 것 같아. 그래서 미리 준비하고 싶은 마음이 큰 것 같아.	N	2022-10-06 17:13:22	2022-11-08 06:04:02
BE22025064	10	1	당신 말대로 미리 준비해서 나쁠 건 없지! 앞으로는 다가가기 전에 상대가 마음의 준비를 할 시간을 주면 어떨까? 자기는 진심으로 좋아하는 마음을 갖고 상대에게 다가가니 이런 일은 또 생기지 않을 거라고 확신해.	N	2022-10-06 17:13:22	2022-11-08 06:04:02
BE22025064	11	0	여보가 그렇게 말해주니 마음이 놓인다. 내심 친구네 고양이가 나를 미워하는 건 아닐까 고민을 했거든. 자기 말을 듣고 보니 내가 반가운 마음에 급하게 다가간 것 같다는 생각이 들어.	N	2022-10-06 17:13:22	2022-10-06 17:13:22
BE22025064	12	1	지금이라도 그 이유를 알게 돼서 다행이다. 그럼 여보 마음이 조금이라도 편해질 것 같아서 나도 기분이 좋네.	N	2022-10-06 17:13:22	2022-11-08 06:04:02
BE22025064	13	0	고양이한테 물어볼 수도 없으니 얼마나 답답했는지 몰라. 여보 덕분에 답답한 마음이 풀리고 다시 기분이 좋아졌어!	N	2022-10-06 17:13:22	2022-10-06 17:13:22
BE22025064	14	1	여보는 누구에게나 따뜻한 사람이니까 자기를 싫어하는 동물은 없을 거라고 내가 사진 할 수 있어. 혹시 오늘 일로 조금이라도 마음이 상했다면 모두 풀어버리자!	N	2022-10-06 17:13:22	2022-11-08 06:04:02
BE22025064	15	0	여보에게 이야기하길 정말 잘한 것 같다는 생각이 든다.	Y	2022-10-06 17:13:22	2022-10-06 17:13:22
