id	utterance_id	utterance_type	utterance_text	terminate	regDate	updDate
BE22019881	1	0	여보, 나 지금 조기 퇴근 중인데 너무 당황스러운 일이 있어서 연락했어.	N	2022-09-22 07:29:50	2022-11-08 05:35:26
BE22019881	2	1	어차피 집에 곧 올 건데 무슨 급한 일이길래 연락했어? 어떤 일인지 궁금하다.	N	2022-09-22 07:29:50	2022-09-22 07:29:50
BE22019881	3	0	아니 모르는 사람이 날 보고 반갑게 인사를 하는 거야. 나도 모르게 인사하긴 했는데 당황스럽고 혼란스러운 거 있지?	N	2022-09-22 07:29:50	2022-09-22 07:29:50
BE22019881	4	1	당신 낯도 많이 가리는 사람인데 많이 놀라긴 했겠다. 어쩔 줄 몰라 하고 안절부절못하는 자기 모습이 눈앞에 선해. 얼마나 마음이 혼란스러웠을 거야?	N	2022-09-22 07:29:50	2022-11-08 05:35:26
BE22019881	5	0	너무 당황해서 눈이 흔들리는데도 다가오시는거야. 그래서 어떻게 해야 할 줄을 몰라 시선을 피했어.	N	2022-09-22 07:29:50	2022-09-22 07:29:50
BE22019881	6	1	진짜 너무 놀라서 동공이 지진이라도 난 듯이 흔들렸겠어. 얼마나 당황스러웠으면 눈을 피했을까. 그런 상황에서도 인사를 했다니 정말 대단해.	N	2022-09-22 07:29:50	2022-11-08 05:35:26
BE22019881	7	0	아니 어쩔 수가 없어서 그냥 일단 대답한 거지. 지나치고도 너무 혼란스러워서 한동안 땅만 보고 걸었어.	N	2022-09-22 07:29:50	2022-09-22 07:29:50
BE22019881	8	1	당황스러움에 마음을 어찌할 줄 몰라 축 처져 걸었을 당신 생각하니 내가 다 안쓰럽다. 놀랐을 여린 당신 마음이 너무 염려가 돼.	N	2022-09-22 07:29:50	2022-11-08 05:35:26
BE22019881	9	0	모르는 사람을 마주치는 건 늘 어려운 일이야 정말. 나도 대범해지고 싶은데 쉽지가 않네.	N	2022-09-22 07:29:50	2022-09-22 07:29:50
BE22019881	10	1	사람마다 모양새가 다른 것처럼 마음의 모양도 다른데 어쩔 수 없지. 각자가 빛을 낼 수 있는 서로 다른 부분들이 있다고 생각해. 그러니까 너무 주눅 들지 말고 어깨 펴고 당당해지면 마음이 조금 풀릴 거야.	N	2022-09-22 07:29:50	2022-11-08 05:35:26
BE22019881	11	0	당신의 다정하고 따뜻한 말을 들으니 벌써 위로가 되네. 각자의 강점이 있겠지?	N	2022-09-22 07:29:50	2022-11-08 05:35:26
BE22019881	12	1	당연하지! 당신의 인상이 편하고 좋으니 모르는 사람도 인사한 걸 거야. 상황을 긍정적인 방향으로 생각하고 이해하면 당신 마음도 한결 나아질 거야.	N	2022-09-22 07:29:50	2022-11-08 05:35:26
BE22019881	13	0	그러게, 내 인상이 안 좋았다면 아는 사람이어도 모르는 척하고 싶었겠지? 고마워, 여보!	N	2022-09-22 07:29:50	2022-11-08 05:35:26
BE22019881	14	1	응, 오늘 당신 빨리 들어오니까 벌써 기분이 좋네. 조금 있다가 집에서 봐.	Y	2022-09-22 07:29:50	2022-09-22 07:29:50
