id	utterance_id	utterance_type	utterance_text	terminate	regDate	updDate
BE22025179	1	0	오늘 우리 아들이랑 수산시장을 같이 갔는데 대게를 구입하다 얼마나 당황했는지 몰라요. 아이에게 호기롭게 마음대로 고르라고 했다가 당황해서 표정관리를 하느라 너무 고생했어요 여보.	N	2022-10-07 04:42:00	2022-10-07 04:42:00
BE22025179	2	1	우리 아들이 시험을 잘 봐서 평소 좋아하는 대게를 사서 쪄주겠다고 하더니 같이 간 모양이로군요. 그런데 당신이 당황할만한 일이 있었다니 무슨 일인지 궁금해요.	N	2022-10-07 04:42:00	2022-11-08 06:04:42
BE22025179	3	0	요즘 물가를 너무 우습게 생각하고 있었던 건지 대게 가격이 갑자기 오른 건지 가격이 엄청나더라고요. 아이가 고른 게를 쪄달라고 부탁하고 결제를 하는데 예상보다 두 배 가까이 되는 가격이었어요. 처음 생각한 가격도 적은 금액이 아닌데 취소도 못하고 당황해서 얼굴에 열이 오르는 게 느껴졌어요.	N	2022-10-07 04:42:00	2022-10-07 04:42:00
BE22025179	4	1	평소 근검절약이 습관처럼 몸에 배어있는 당신이라서 더 놀랐나봐요. 많이 비싸긴 했겠지만 그만큼 우리 아들이 좋아했으니 마음을 편히 가져요. 살다 보면 이런 날도 있는 거라고 생각합시다.	N	2022-10-07 04:42:00	2022-11-08 06:04:42
BE22025179	5	0	아들이 시험을 잘 봐서 축하의 의미로 사는 거라지만 형편 걱정을 안 할 수가 없더라고요. 한 끼에 수십만 원을 써도 되는 건지 적당히 회를 살 걸 하는 후회가 몰려왔어요. 이런 마음이 드니 아들 앞에서 당황해서 말도 더듬고 신용카드를 내미는데 손이 다 떨리더라고요.	N	2022-10-07 04:42:00	2022-10-07 04:42:00
BE22025179	6	1	평소 버스비도 아끼려고 가까운 거리는 걸어 다니는 당신이니 그 상황에서 얼마나 당황했겠어요. 당신 마음 충분히 이해해요. 이번에는 우리 가족을 더 행복하게 해줄 식사를 준비한 거라고 생각하고 마음을 가라앉혀요.	N	2022-10-07 04:42:00	2022-11-08 06:04:42
BE22025179	7	0	왜 가격을 미리 물어보지 않았는지 제가 정말 바보 같은 짓을 했어요. 버스비 아끼는 게 무슨 소용인가 싶어요. 이렇게 한순간의 판단 실수로 큰돈을 낭비하게 됐는데.	N	2022-10-07 04:42:00	2022-10-07 04:42:00
BE22025179	8	1	당신의 절약하는 습관이 얼마나 훌륭한데요. 우리가 지금 이만큼 잘 지내는 것도 당신이 지금까지 잘 해온 덕분이잖아요. 그러니 이번 일은 별일 아니라 생각하고 자책하지 말아요.	N	2022-10-07 04:42:00	2022-11-08 06:04:42
BE22025179	9	0	정말 그렇게 생각해도 되는 걸까요. 오늘처럼 기쁜 날에 과한 소비 한 번 정도는 할 수 있는 거겠죠. 당신이 이해해 주는 것 같으니 생각을 좀 다르게 해볼까 봐요.	N	2022-10-07 04:42:00	2022-11-08 06:04:42
BE22025179	10	1	우리가 절약을 하는 이유 중 하나가 행복한 삶을 위한 준비를 하기 위함이잖아요. 행복하게 살기 위해서는 미래를 준비하는 것도 중요하지만 현재를 즐기는 것도 그만큼 중요해요. 자주 그럴 수는 없더라도 이번에는 우리의 소중한 현재를 즐겼다고 생각하면 마음이 편해질 거예요.	N	2022-10-07 04:42:00	2022-11-08 06:04:42
BE22025179	11	0	그래요 여보, 당신과 이야기를 나눠보니 내가 너무 돈을 많이 썼다는 생각만 한 것 같아요. 당신 말처럼 절약을 하는 목적을 잊어버리고 절약 자체에 집착을 한 것 같아요.	N	2022-10-07 04:42:00	2022-11-08 06:04:42
BE22025179	12	1	당신 말이 맞아요 여보. 수단에만 집중하게 되면 결국 방향을 잃어버리게 될지도 몰라요. 그러니까 오히려 오늘처럼 한 번씩 큰 소비를 하는 게 오히려 도움이 될 거라고 생각해요.	N	2022-10-07 04:42:00	2022-11-08 06:04:42
BE22025179	13	0	쪄온 게를 보면서도 당황스러움이 가시질 않아서 목으로 넘어갈까 싶었는데 당신 덕분에 마음이 많이 안정됐어요. 정말 고마워요 여보. 앞으로 너무 가격에 구애받지 말고 오늘 같은 날을 한 번씩 가져야겠어요.	N	2022-10-07 04:42:00	2022-11-08 06:04:42
BE22025179	14	1	당신이 고맙다고 이야기하니 오히려 내가 더 고마워요. 늘 노력하는 당신에게 고마워하고 있다는 거 잊지 말아요. 그리고 앞으로도 당황스러운 일이 생기면 나에게 꼭 이야기해 줘요.	Y	2022-10-07 04:42:00	2022-11-08 06:04:42
