id	utterance_id	utterance_type	utterance_text	terminate	regDate	updDate
BE22023673	1	0	아니 우리 아들이 게임 채팅방에서 만난 여자와 사귄다는데. 알고 있었어요?	N	2022-10-03 08:55:42	2022-10-03 08:55:42
BE22023673	2	1	그건 몰랐네요. 우리 아들은 여자에게 관심이 없는 줄 알았는데 그건 아닌 모양이네요.	N	2022-10-03 08:55:42	2022-10-03 08:55:42
BE22023673	3	0	당신은 걱정되거나 하지 않아요? 나는 걱정스럽고 솔직히 당황스러운 마음이 커요.	N	2022-10-03 08:55:42	2022-10-03 08:55:42
BE22023673	4	1	아무래도 저도 당신과 같죠. 많이 걱정되고 고민스럽기도 하고요. 당신이 얼마나 당황했을지 생각하니 가슴이 철렁했는데요.	N	2022-10-03 08:55:42	2022-10-03 08:55:42
BE22023673	5	0	온라인으로 만난 사이에 깊은 관계가 가능하기나 한 건지 모르겠어요. 의심스럽기도 하고. 이상한 사람을 만나는 건 아닌지 몰라요.	N	2022-10-03 08:55:42	2022-10-03 08:55:42
BE22023673	6	1	어떤 사람인지 우리가 알 도리는 없으니까요. 우리는 실제 만남을 통해 연인이 되는 경우만 보았지, 온라인으로 만나는 걸 직접 보지 못했잖아요. 그러니까 당신이 의심하는 것도 충분히 이해할 만해요.	N	2022-10-03 08:55:42	2022-11-08 05:55:48
BE22023673	7	0	우리 아들이 신원이 확실한 좋은 사람을 만나야 할 텐데. 저렇게 온라인 게임에 빠져 살다가 여자 친구도 게임에서 만드니 이대로 괜찮나 싶어요. 헤어지라고 말해야 하는 건 아닐까요?	N	2022-10-03 08:55:42	2022-10-03 08:55:42
BE22023673	8	1	당신이 많이 걱정스러운 것 알겠어요. 하지만 요즘은 온라인으로 만나서 결혼하는 커플도 정말 많다고 하니 너무 불안해하지 말자고요.	N	2022-10-03 08:55:42	2022-11-08 05:55:48
BE22023673	9	0	세상이 진짜 어떻게 되려고 하는 건가 싶다가도, 내가 시대를 못 따라가나 싶어요. 일단 걱정은 접어두고 아들의 연애를 지켜봐 주는 게 맞다고 생각하나요?	N	2022-10-03 08:55:42	2022-10-03 08:55:42
BE22023673	10	1	우리 아들이 어릴 때부터 사고도 안 치고 참 착했잖아요. 게임을 좋아하긴 하지만 취미 생활이니 저는 적당히만 하면 문제없다고 생각해요. 그런 아들과 취미를 공유하는 여자친구가 생겼다고 생각하면 지켜보지 못할 것도 없지요.	N	2022-10-03 08:55:42	2022-11-08 05:55:48
BE22023673	11	0	그렇게 생각하면 그렇기는 하네요. 내가 우리 아들을 믿어주고 자신의 결정을 존중해주는 게 필요하다는 건 저도 동의해요.	N	2022-10-03 08:55:42	2022-11-08 05:55:48
BE22023673	12	1	그럼요. 우리가 우리 아들을 지지해주어야 해요. 걱정이 되는 걸 억지로 안 할 수는 없죠. 하지만 이제 막 시작한 연애이니, 조금은 함께 지켜봐 줍시다.	N	2022-10-03 08:55:42	2022-11-08 05:55:48
BE22023673	13	0	알겠어요. 우리 아들을 세상에서 가장 잘 아는 당신이 그렇게 말한다면야. 저도 안심이 좀 되네요.	N	2022-10-03 08:55:42	2022-10-03 08:55:42
BE22023673	14	1	당신도 이 소식을 듣고 많이 당황했을 텐데 나에게 차분히 의논해주어서 고마워요. 그리고 내 말을 들어주어서 고맙고요. 당신의 의견 또한 곧 내 의견이니 언제든 저에게 논의해주세요.	N	2022-10-03 08:55:42	2022-11-08 05:55:48
BE22023673	15	0	고마워요. 당신이 항상 저의 곁에서 이런 일들을 함께 생각해주니 내 고민이 덜어지네요.	Y	2022-10-03 08:55:42	2022-10-03 08:55:42
