id	utterance_id	utterance_type	utterance_text	terminate	regDate	updDate
BE22019339	1	0	내가 괜히 회사를 그만두고 자영업을 하겠다고 했나 봐. 세금 신고를 해야 하는데 너무 복잡하고 어려워서 어떻게 해야 할지 모르겠어. 회사에 다닐 때는 그냥 회사에서 알아서 해줬는데 자영업자가 되니까 내가 책임지고 해야 하니 힘드네.	N	2022-09-21 07:14:15	2022-11-08 05:25:36
BE22019339	2	1	아무래도 처음 하는 일이니까 어렵고 낯설지. 그래도 당신이 힘들었던 회사 생활에서 벗어나 즐겁게 자기 사업을 하니 보기 좋아. 나는 당신 잘 할 수 있으리라 믿어.	N	2022-09-21 07:14:15	2022-11-08 05:25:36
BE22019339	3	0	세액공제, 소득공제, 인적공제 등등 뭐가 이렇게 어려운 말이 많은지 모르겠어. 게다가 내야 하는 세금이 생각보다 너무 많이 나와서 무척 당황스러워. 신고 기간도 얼마 안 남았는데 이걸 어찌해야 하나 싶어서 눈앞이 캄캄해.	N	2022-09-21 07:14:15	2022-11-08 05:25:36
BE22019339	4	1	갑자기 돈을 내야 하는 것도 난감한데 모르는 말이 한가득하니 오죽 당황스럽겠어. 내가 당신이었어도 어찌할 바를 몰랐을 거야. 완전히 새로운 분야니까 모르고 버벅거릴 수밖에 없어, 그러니 너무 당황하지 마.	N	2022-09-21 07:14:15	2022-11-08 05:25:36
BE22019339	5	0	자영업을 하면 이렇게 세금을 많이 내는 건지 몰랐어. 다른 사람들은 세금을 이렇게 많이 내면서도 장사를 어떻게 하는지 몰라. 갑자기 이 많은 돈을 내려니 적금이라도 깨야 하는 건지 당황스러워.	N	2022-09-21 07:14:15	2022-09-21 07:14:15
BE22019339	6	1	당장은 세금 때문에 머리가 아프겠지만 당신이 자영업자로서 한 단계 성장하는 계기가 될 거야. 내년 이맘때는 어렵지 않게 세금 신고도 하고 그렇게 되겠지. 그러니 올해만 고생한다고 생각하고 기운 내보자.	N	2022-09-21 07:14:15	2022-11-08 05:25:36
BE22019339	7	0	그래야 하는데 모르는 게 너무 많아서 어떤 것부터 해야 할지 모르겠어. 잘 알아보고 시작했어야 했는데 신경 쓸 일이 생각보다 많아서 참 당황스러워. 세금 문제는 깔끔하게 정리하고 싶은데 참 어렵네.	N	2022-09-21 07:14:15	2022-09-21 07:14:15
BE22019339	8	1	완전히 새로운 분야에 도전하고 노력해서 이만큼 일궈낸 당신이 대단하게 느껴져. 나였으면 이렇게 용기 내서 도전하는 것조차 겁이 나서 못 했을 거야. 내가 옆에서 지켜본 당신은 위기도 기회로 만드는 사람이야, 그러니 잘 할 수 있어.	N	2022-09-21 07:14:15	2022-11-08 05:25:36
BE22019339	9	0	내가 잘 할 수 있을지 모르겠네. 그냥 회사에 다녔으면 이런 일은 생기지 않았을 텐데 내가 괜한 객기를 부린 것 같아. 당신이 보기에도 내가 바보 같지?	N	2022-09-21 07:14:15	2022-11-08 05:25:36
BE22019339	10	1	아니, 당신은 내게 자주적이고 당찬, 멋진 남편이야. 당신이 장사를 준비하면서 신나 하고 몰입하는 모습이 얼마나 멋졌는데. 세금 신고는 처음이니까 어려웠던 거고 한번 해보면 금방 적응할 거야.	N	2022-09-21 07:14:15	2022-11-08 05:25:36
BE22019339	11	0	당신이 나를 멋지다고 말해주니까 마음에 위로가 되네. 당신 말대로 세금 문제는 올해 처음이니까 신고식이라고 생각해볼게. 내년엔 능숙하게 할 수 있겠지.	N	2022-09-21 07:14:15	2022-11-08 05:25:36
BE22019339	12	1	그래, 그런 긍정적인 자세가 아주 훌륭해. 당신은 한 번 제대로 배우면 그다음엔 쉽게 할 수 있는 사람이니까 걱정 없어.	N	2022-09-21 07:14:15	2022-11-08 05:25:36
BE22019339	13	0	나를 항상 응원해주는 당신 덕분에 힘이 나. 나를 믿어주고 지지해줘서 고마워.	N	2022-09-21 07:14:15	2022-11-08 05:25:36
BE22019339	14	1	언제나 내게 귀감이 되는 당신이 참 멋져. 내가 항상 곁에서 응원할게, 힘내!	Y	2022-09-21 07:14:15	2022-11-08 05:25:36
