id	utterance_id	utterance_type	utterance_text	terminate	regDate	updDate
BE22004728	1	0	모처럼 결혼 20주년 기념 호캉스 가려고 미리 예약했는데 어떻게 예약 내역 확인이 안 되는 건지 황당하네.	N	2022-06-28 12:01:51	2022-11-08 03:54:49
BE22004728	2	1	거기가 유명한 곳이라 예약할 때도 대기 걸어서 겨우 된 거라고 좋아했는데.	N	2022-06-28 12:01:51	2022-11-08 03:54:49
BE22004728	3	0	여름 휴가철이라 바쁘기도 하고 오류가 있었던 것 같다고 죄송하다고 하는데 어떻게 하지? 다른 곳을 알아볼까?	N	2022-06-28 12:01:51	2022-11-08 03:54:49
BE22004728	4	1	우리가 원했던 곳은 아니지만 할 수 없지 뭐. 다른 곳은 어디야?	N	2022-06-28 12:01:51	2022-11-08 03:54:49
BE22004728	5	0	우리 마누라 깜짝 이벤트 해주려고 마음먹고 있었는데 김샜네.	N	2022-06-28 12:01:51	2022-11-08 03:54:49
BE22004728	6	1	정말? 역시 우리 남편 최고네. 꼭 그곳이 아니어도 난 괜찮아.	N	2022-06-28 12:01:51	2022-11-08 03:54:49
BE22004728	7	0	여보가 그곳에 가보고싶어 해서 준비한 건데. 너무 아쉽잖아. 솔직히 화도 나고.	N	2022-06-28 12:01:51	2022-11-08 03:54:49
BE22004728	8	1	TV 드라마에 나오니까 더 멋져 보여서 궁금했는데. 예약도 안 되어 있다고 하니까 그 호텔 좀 실망인걸. 오히려 다른 곳이 좋을 것 같아.	N	2022-06-28 12:01:51	2022-11-08 03:54:49
BE22004728	9	0	처음에 예약한 곳은 아니지만 근처 다른 곳도 나름 맛집도 가깝고 평이 좋아.	N	2022-06-28 12:01:51	2022-11-08 03:54:49
BE22004728	10	1	오케이. 잘됐네. 오랜만에 호텔에서 묵으면서 맛집도 가고 기대된다.	N	2022-06-28 12:01:51	2022-11-08 03:54:49
BE22004728	11	0	여보가 그렇게 말해주니까 내 맘이 좀 풀리네. 다음에 더 근사한 곳으로 모시겠습니다. 사모님. 하하.	N	2022-06-28 12:01:51	2022-11-08 03:54:49
BE22004728	12	1	아휴, 지금도 충분히 근사합니다요. 집 놓아두고 남편 덕분에 호강이지 뭐.	N	2022-06-28 12:01:51	2022-11-08 03:54:49
BE22004728	13	0	그럼 우리 뭐부터 할까? 저녁에 근처 펍에서 시원한 맥주부터 한잔 어때?	N	2022-06-28 12:01:51	2022-11-08 03:54:49
BE22004728	14	1	그거 좋지. 생각만 해도 벌써 시원하다. 나 좀 취해도 되지? 자기가 책임져야 돼.	N	2022-06-28 12:01:51	2022-11-08 03:54:49
BE22004728	15	0	너무 무리하시면 건강에 해롭습니다, 마나님. 적당히 달리자구요.	N	2022-06-28 12:01:51	2022-11-08 03:54:49
BE22004728	16	1	호텔 예약 때문에 상한 기분도 풀고. 우리 둘이 오랜만에 데이트도 하고. 살맛 나네.	N	2022-06-28 12:01:51	2022-11-08 03:54:49
BE22004728	17	0	그거야 이해심 많은 우리 마나님 덕분이지요. 내일은 더 맛난 걸로 기대하셔도 좋습니다.	N	2022-06-28 12:01:51	2022-11-08 03:54:49
BE22004728	18	1	사는 게 변수가 항상 있으니까 이해가 뭐 어렵다고. 우리 건강하게 즐겁게 살아요.	Y	2022-06-28 12:01:51	2022-11-08 03:54:49
