id	utterance_id	utterance_type	utterance_text	terminate	regDate	updDate
BE22013844	1	0	당신, 난 지금 동료들과 카페에 왔는데 다들 나를 힐끔거리며 쳐다보고 있는 중이에요. 난 뜨거운 걸 잘 못 먹어서 천천히 식혀 마시니까 다들 날 기다리나 봐요. 이게 노력한다고 되는 게 아닌데 나를 쳐다보는 시선이 너무 뜨거워서 당황스럽네요.	N	2022-08-10 14:02:30	2022-11-08 04:53:03
BE22013844	2	1	당신 정말 눈치 보였겠어요. 얼마나 당황스러울지 당신의 문자에서도 당황스러움이 느껴져서 내가 다 속상해요. 신체의 특성일 뿐이고 사람들이 쳐다보면 더 못 먹을 텐데 너무 안타깝네요.	N	2022-08-10 14:02:30	2022-11-08 04:53:03
BE22013844	3	0	동료들이 말은 안 하는데 다들 빈 잔이고 나만 커피가 가득하네요. 카페에서 업무 이야기를 하고 있어서 일어나자고 말하기도 어렵네요. 이 뜨거운 커피를 언제 다 마시나 싶어서 너무 당황스러워요.	N	2022-08-10 14:02:30	2022-08-10 14:02:30
BE22013844	4	1	당연히 당신이 당황스러울 만하죠. 다들 빈 잔인데 혼자 커피를 천천히 식혀 마시려면 얼마나 신경이 쓰이는 마음이 들겠어요. 그래도 이야기를 한다면 급한 건 아닌 것 같으니 너무 신경 쓰지 말고 천천히 마셔요.	N	2022-08-10 14:02:30	2022-08-10 14:02:30
BE22013844	5	0	네 그래서 눈치껏 뜨거운 커피를 후후 불어가면서 열심히 먹으려고요. 참 나도 소심해요. 그냥 안 먹어도 되는데 사람들 눈치 보면서 먹고 있는 게 나노 내가 당황스러워요.	N	2022-08-10 14:02:30	2022-11-08 04:53:03
BE22013844	6	1	당신이 매사 모든 일을 깔끔히 마무리하고 싶은 마음에 그런 거죠. 남들 눈에는 사소한 일이지만 그래도 열심히 노력하는 모습이 난 보기 좋은 걸 요.	N	2022-08-10 14:02:30	2022-11-08 04:53:03
BE22013844	7	0	그렇게 생각해 주는 당신이 있어서 내가 힘이 나요. 사실 카페 사장님이 우리 거래처 사람이라서 개업 축하해드리는 취지라 잘 보이고 싶은 마음이 있어요. 다들 맛있다고 칭찬하는 데 커피를 다 남기고 말하기는 민망하잖아요.	N	2022-08-10 14:02:30	2022-08-10 14:02:30
BE22013844	8	1	역시 당신은 생각이 깊고 현명한 사람이에요. 당연히 커피를 다 마시고 해야 할 이야기니까 동료들도 기다리고 그런가 봐요. 이유가 있으니 너무 부담 가지지 말고 천천히 먹어도 될 상황인 것 같아요.	N	2022-08-10 14:02:30	2022-08-10 14:02:30
BE22013844	9	0	그런가요. 아까부터 나는 괜히 뜨거운 걸 시킨 것 같아서 나 자신을 원망도 했거든요. 그런데 당신 말을 들으니 개업 축하하는 거니까. 천천히 음미하면서 마시고 커피 평도 해드리면서 점수 좀 따야겠다는 생각이 들어요.	N	2022-08-10 14:02:30	2022-08-10 14:02:30
BE22013844	10	1	역시 당신에게는 다 생각이 있었군요, 역시 대단한 당신이에요. 당신이 그렇게 해준다면 사장님도 감동하실 게 분명해요. 그리고 당신의 노력을 동료들도 다 알고 있을 테니 너무 동료들 시선 신경 쓰지 말고요.	N	2022-08-10 14:02:30	2022-08-10 14:02:30
BE22013844	11	0	나의 신체 특성상 뜨거운 것을 잘 먹지 못하는데 참 당황스러운 상황이에요. 이 민망함을 달래기 위해서 당신에게 연락한 것인데 정말 연락하길 잘했다는 생각이 드네요. 당신과 문자를 나누다 보니 전보다 당황스러운 마음이 많이 해소되었어요.	N	2022-08-10 14:02:30	2022-11-08 04:53:03
BE22013844	12	1	당신이 그렇게 문자 보내주니 내가 더 감동이에요. 뜨거운 것을 못 먹는 게 잘못이 아닌데 미안해서 눈치 보는 당신이 떠올라 많이 속상했어요. 그래도 위기에서도 돌파구를 찾는 당신을 보며 아주 잘해오고 있다는 사실에 감동받았어요.	N	2022-08-10 14:02:30	2022-11-08 04:53:03
BE22013844	13	0	그렇게 말해줘서 고마워요, 나도 빨리 마시고 싶은데 그게 마음처럼 안 되더라고요. 속상하고 동료들도 쳐다보니 난 더 당황스러운 마음이 가득했죠. 그런데 당신과 문자를 하다 보니 칭찬도 받고 격려도 받아서 마음이 많이 진정됐어요.	N	2022-08-10 14:02:30	2022-11-08 04:53:03
BE22013844	14	1	정말 다행이네요. 커피집 사장님도 당신이 열심히 마시는 모습 다 보셨을 거예요. 거래처 사장님께 잘 보이는 건 성공이니 너무 걱정 말고요.	N	2022-08-10 14:02:30	2022-11-08 04:53:03
BE22013844	15	0	네 당신 정말 고마워요, 다들 쳐다보니까 당황스럽긴 하더라고요. 그래도 당신과 문자로 대화하면서 내 신체적 특성임을 인정하게 되면서 마음이 편해졌어요. 이게 다 당신 덕분이라는 생각이 들어요.	Y	2022-08-10 14:02:30	2022-11-08 04:53:03
