id	utterance_id	utterance_type	utterance_text	terminate	regDate	updDate
BE22021337	1	0	여보, 당신이 아까 전화했는데 내가 못 받아서 미안해. 친구가 끊을 생각을 하지 않았어.	N	2022-09-25 04:03:32	2022-09-25 04:03:32
BE22021337	2	1	어떤 친구가 그렇게 오랜 시간 전화를 한 거야? 무슨 일 있어서 그런 거야? 당신 그렇게 오래 전화하는 거 안 좋아하잖아.	N	2022-09-25 04:03:32	2022-09-25 04:03:32
BE22021337	3	0	내가 그렇기는 한데 이번에는 좀 느낌이 안 좋아서 계속 듣고 있었어. 친구가 사업 실패로 많이 좌절을 하더라고. 혹시 안 좋은 생각을 할까 봐 당황스러워서 계속 이야기를 들어줬어.	N	2022-09-25 04:03:32	2022-09-25 04:03:32
BE22021337	4	1	많이 힘들었겠다. 나도 그런 전화를 받고 있으면 뭐라고 말해야 할지 당황스러웠을 것 같아. 당신이 잘못 말하면 또 상대가 어떻게 생각할까 걱정스러웠을 것 같아.	N	2022-09-25 04:03:32	2022-09-25 04:03:32
BE22021337	5	0	당신도 알다시피 내가 공감 능력이 그렇게 뛰어나지 않잖아. 그리고 가슴보다는 머리를 더 잘 작동해서 감정 표현이 서툴잖아. 그런데 그 친구 감정에 공감해 줘야 하는 난감함에 부딪혀서 어떻게 말해야 할지 모르겠더라고.	N	2022-09-25 04:03:32	2022-09-25 04:03:32
BE22021337	6	1	그렇지, 당신은 사람 마음을 알아주기보다는 해결책을 제시해 주는 편이잖아. 그 친구에게 뭐라 말했을지 궁금해.	N	2022-09-25 04:03:32	2022-09-25 04:03:32
BE22021337	7	0	내가 말하기보다는 그 친구 하소연을 들어주는 편이었어. 내가 나를 알아서 그 친구를 위로해주지 않고 질책할까 봐서 참았어. 말 끝에 너 힘들었겠다, 이해가 간다, 안타깝다, 같은 말을 해줬는데 잘 했는지 모르겠어.	N	2022-09-25 04:03:32	2022-09-25 04:03:32
BE22021337	8	1	전엔 해결 방법 알려주고 논리적으로 따지기만 했는데, 당신 이제 많이 나아진 것 같아. 친구가 전화를 끊지 않으려 했다면 당신이 위로를 잘 해준 것 같아. 좌절하고 있는 친구에게 희망을 준 당신이 대단해.	N	2022-09-25 04:03:32	2022-09-25 04:03:32
BE22021337	9	0	당신한테 모처럼 칭찬을 받으니 마음이 진정되는 것 같아. 그 친구가 내게 전화한 걸 후회하지 않기를 바라. 마지막에 그 친구가 도움이 많이 됐다고 말하긴 해서 다행이라 생각했어.	N	2022-09-25 04:03:32	2022-09-25 04:03:32
BE22021337	10	1	정말로 당신과 전화 통화해서 희망을 얻었으면 좋겠다. 사업 실패 했다고 인생이 끝난 건 아니니까 잘 일어서기를 바라는 마음이야.	N	2022-09-25 04:03:32	2022-11-08 05:42:01
BE22021337	11	0	그러니까 말이야. 친구가 말하는데 내가 도울 방법이 뭘까 계속 생각하는 나를 알아챘어. 그런데 일단 힘든 마음을 들어주어야겠다고 생각했어.	N	2022-09-25 04:03:32	2022-09-25 04:03:32
BE22021337	12	1	도우려는 마음도 사실 공감하는 건데, 당신이 공감 능력 없다는 말 취소할게. 그런 면에서 내가 당신에 대해 공감 안 해 줄 때가 더 많았던 것 같아.	N	2022-09-25 04:03:32	2022-09-25 04:03:32
BE22021337	13	0	그럼 나도 공감 능력 있다는 것을 인정해 주는 거지? 그 사람의 상황에 공감을 해서 어떻게 하든 그 문제를 해결하는데 도움 되는 말을 했어. 이제 거기다 감정에 대해 이해하고 함께 느껴주는 사람이 되면 될 것 같아.	N	2022-09-25 04:03:32	2022-09-25 04:03:32
BE22021337	14	1	맞아, 그러면 금상첨화지. 당신이 친구나 내 마음에 공감하는 걸 보니 너무나 기뻐. 이렇게 스스로 바꾸어나가는 당신이 자랑스러워.	Y	2022-09-25 04:03:32	2022-11-08 05:42:01
