id	utterance_id	utterance_type	utterance_text	terminate	regDate	updDate
BE22013074	1	0	내가 동료의 부탁을 거절했어야 했는데 그러지 못한 게 너무 한심스럽지 뭐야. 아침 일찍 전화가 오니 당황스러웠어.	N	2022-08-03 11:37:35	2022-11-08 04:48:13
BE22013074	2	1	회사 일로 주말에도 쉬지 못하고 출근한 당신이 안쓰럽네요. 아까 전화 받으면서 자꾸 내 눈치를 보는 거 같아 너무 짠하더라고요.	N	2022-08-03 11:37:35	2022-11-08 04:48:13
BE22013074	3	0	그동안 혼자 육아하느라 힘들었을 당신을 생각하면 거절했어야 했는데 너무 당황스러워서 그러지 못했어. 나는 한심한 남편이야.	N	2022-08-03 11:37:35	2022-11-08 04:48:13
BE22013074	4	1	당신 심성이 고와서 동료를 돕고 싶은 마음이 컸던 거잖아요. 나는 정말 괜찮고 당신도 한심한 행동 한 거 아니니까 자책하지 말아요.	N	2022-08-03 11:37:35	2022-11-08 04:48:13
BE22013074	5	0	당신한테 정말 면목이 없어. 누가 부탁하면 왜 그렇게 당황해서 판단이 흐려지는지 모르겠어.	N	2022-08-03 11:37:35	2022-11-08 04:48:13
BE22013074	6	1	나는 당신만큼 착하지도 않지만 나 같아도 이런저런 생각 못하고 허락했을 거예요.	N	2022-08-03 11:37:35	2022-11-08 04:48:13
BE22013074	7	0	그렇게 이해해주다니 나는 정말 결혼을 잘한 거 같아. 다른 아내들이었다면 잔소리 꽤 했을 텐데 말이야.	N	2022-08-03 11:37:35	2022-11-08 04:48:13
BE22013074	8	1	당신이 잘못한 게 아니잖아요. 당신이 자꾸 자책하니까 너무 속상해요.	N	2022-08-03 11:37:35	2022-11-08 04:48:13
BE22013074	9	0	안 된다고 한마디만 하면 되는데 못하고 주말에 출근하는 게 너무 황당해서 말이야.	N	2022-08-03 11:37:35	2022-11-08 04:48:13
BE22013074	10	1	당신이 주말 휴식을 포기한 덕분에 그 동료는 급한 일도 해결할 수 있으니 좋은 일이잖아요. 너무 스트레스를 받지 말고 기분 좋게 출근하세요.	N	2022-08-03 11:37:35	2022-11-08 04:48:13
BE22013074	11	0	당신이 이해해 준 덕분에 힘든지 모르고 가서 일할 수 있을 거 같아.	N	2022-08-03 11:37:35	2022-11-08 04:48:14
BE22013074	12	1	우리는 부부인데 내가 당신 마음을 이해하는 게 당연하죠. 당신 마음을 존중하고 이해해요.	N	2022-08-03 11:37:35	2022-11-08 04:48:14
BE22013074	13	0	그래, 이렇게 된 거 기분 좋게 가서 일하고 올게. 우리 퇴근 후에 만나면 서로 수고했다고 다독여 주자고.	N	2022-08-03 11:37:35	2022-11-08 04:48:14
BE22013074	14	1	당신과 나, 많이 수고한 우리에게 주는 보상으로 세상에서 가장 행복한 저녁 시간이 되도록 해요.	N	2022-08-03 11:37:35	2022-11-08 04:48:14
BE22013074	15	0	진심으로 당신한테 고마워.	Y	2022-08-03 11:37:35	2022-11-08 04:48:14
