id	utterance_id	utterance_type	utterance_text	terminate	regDate	updDate
BE22026283	1	0	여보 나 오늘 병원에 다녀왔는데 정말 당황스러운 상황을 맞닥뜨렸어. 의사가 나보고 나트륨 섭취를 줄이래. 그 말을 듣는 데 정말 혼란스럽더라.	N	2022-10-10 02:16:10	2022-11-08 06:11:17
BE22026283	2	1	당신 그런 이야기 처음 듣는 것 같은데 당황스러웠겠다. 평소에 관리 잘하는 당신인데 놀랐을 거 같아.	N	2022-10-10 02:16:10	2022-11-08 06:11:17
BE22026283	3	0	지금도 당황해서 어안이 벙벙해. 평소에 내가 얼마나 식단 관리를 철저히 하는데 그런 진단이 나왔지? 앞으로 그럼 얼마나 더 조절을 하라는 건지 혼란스러워.	N	2022-10-10 02:16:10	2022-10-10 02:16:10
BE22026283	4	1	검사 결과가 잘못 나온 거면 좋겠다. 우리 여보가 평소에 얼마나 바른 식습관을 가지고 사는데 진짜 혼란스러울 만하다. 당신 지금 마음 상태는 괜찮은 거야?	N	2022-10-10 02:16:10	2022-11-08 06:11:17
BE22026283	5	0	나 평소에 먹고 싶은 음식들 정말 엄청난 고뇌를 하며 참아왔어. 정말 놀라서 건강을 생각한 내 노력들이 한순간에 와르르 무너지는 기분이야. 살면서 가장 당황스러운 순간이라 어찌할 줄 모르겠어.	N	2022-10-10 02:16:10	2022-10-10 02:16:10
BE22026283	6	1	내가 당신이 얼마나 노력하고 관리하는지 가장 가까이에서 보기 때문에 당신 당황했을 마음 충분히 이해해. 청천벽력 같은 진단에 당신이 속상할 것 같아서 나도 정말 슬퍼. 노력만 해오던 당신에게 그런 일이 벌어져서 내가 다 화나고 당황스러운데 당신 마음은 오죽할까.	N	2022-10-10 02:16:10	2022-10-10 02:16:10
BE22026283	7	0	지금까지 해온 노력들이 물거품이 돼버린 거잖아 이 상황이 정말 놀랍다. 더 이상 뭘 줄이라는 건지 너무 당황스럽네.	N	2022-10-10 02:16:10	2022-10-10 02:16:10
BE22026283	8	1	그동안 당신이 철저하게 자신을 통제하며 지내온 거 누구보다 내가 잘 알아서 나도 마음이 아파. 그래도 당신이 그만큼 잘해왔기 때문에 지금의 멋진 당신의 모습이 있다고 생각해. 속은 상하겠지만 너무 좌절하지 말고 당신의 스타일대로 노력하다 보면 분명 좋은 결과 있을 거야.	N	2022-10-10 02:16:10	2022-11-08 06:11:17
BE22026283	9	0	그래도 이렇게 내 노력을 알아주는 당신이 있어서 한편으론 힘이 난다. 당신과 대화하면서 당황했던 마음이 조금은 진정이 되었어. 결과가 꼭 좋으리란 법은 없는 거니까.	N	2022-10-10 02:16:10	2022-10-10 02:16:10
BE22026283	10	1	지금까지의 당신을 보면 어떠한 일에도 뼈를 깎는 고통도 잘 이겨내고 흔들림 없이 앞으로 나아갔어. 나는 옆에서 지켜보며 항상 그런 당신이 대단하고 멋지다고 생각했고. 당신은 앞으로도 무슨 일이든지 잘 헤쳐 나갈 수 있는 강한 사람이라고 생각해.	N	2022-10-10 02:16:10	2022-11-08 06:11:17
BE22026283	11	0	오늘은 사실 노력이 헛되었다는 생각에 잠시 당황했었어. 그런데 이렇게 당신과 대화를 하고 나니 다시 뭔가를 열심히 해보고 싶다는 생각이 들어. 당신 말대로 하루만 살아가는 세상이 아니니까 더 노력하면 좋은 결과 있겠지?	N	2022-10-10 02:16:10	2022-10-10 02:16:10
BE22026283	12	1	매사 노력하는 당신이라면 무슨 일이든 다 가능하게 만들 수 있을 거야. 그리고 내가 옆에서 항상 당신 곁에서 귀 기울이며 힘이 되어줄게. 힘든 일 생기면 낮에라도 언제든지 연락 줘.	N	2022-10-10 02:16:10	2022-11-08 06:11:17
BE22026283	13	0	오늘 놀란 마음이 싹 사라지는 기분이야. 당신이 곁에 있어서 정말 든든하고 행복해. 오늘 바쁠 텐데 내 얘기 들어주고 응원해 줘서 정말 고마워 여보.	N	2022-10-10 02:16:10	2022-10-10 02:16:10
BE22026283	14	1	당신 마음이 조금은 편해졌다니 내가 더 기쁘다. 당신이 힘들면 나도 마음이 아파. 그러니까 우리 항상 함께 대화하고 의지하며 즐겁게 잘 지내자 사랑해 여보.	Y	2022-10-10 02:16:10	2022-11-08 06:11:17
