id	utterance_id	utterance_type	utterance_text	terminate	regDate	updDate
BE22001482	1	0	여보 나 지금 주말마다 우리가 가는 마트에서 장을 보고 왔는데요.	N	2022-06-15 15:24:25	2022-11-08 03:33:59
BE22001482	2	1	나랑 주말에 같이 가면 되지 무겁게 왜 당신 혼자 갔어? 뭐 급하게 필요한 거라도 있었던 거야?	N	2022-06-15 15:24:25	2022-11-08 03:33:59
BE22001482	3	0	그런 건 아니지만 차를 가지고 마트에 갔는데 내가 어디에다 주차를 했는지 기억이 나질 않아서 한참을 헤맸어요.	N	2022-06-15 15:24:25	2022-11-08 03:33:59
BE22001482	4	1	아이고 당신 당황했겠네? 괜찮아 나도 그런 적 종종 있잖아. 그럴 때마다 항상 당신이 기억하고 찾아줬었는데.	N	2022-06-15 15:24:25	2022-11-08 03:33:59
BE22001482	5	0	내가 오늘 당신 맘이 이런 맘이구나 하고 절실히 느꼈다니까요. 정말 머리가 하얘지는 것 같았어요.	N	2022-06-15 15:24:25	2022-11-08 03:33:59
BE22001482	6	1	그래 그럴 수 있어. 갑자기 그랬으니 많이 놀랐겠네. 그래도 집으로 온 거 보니 차는 찾았나 보네. 다행이다.	N	2022-06-15 15:24:25	2022-11-08 03:33:59
BE22001482	7	0	한 번도 이런 적이 없었는데 오늘 갑자기 그래서 너무 혼란스럽고 내가 이제 나이를 먹고 있다는 생각이 들면서 기분이 우울해요.	N	2022-06-15 15:24:25	2022-11-08 03:33:59
BE22001482	8	1	여보 사람이 나이를 먹다 보면 예상치 못하는 실수를 하는 경우가 종종 생기잖아. 그래도 남에게 피해를 준 것도 아니고 완전히 기억을 잃은 것도 아니니 너무 속상해하지 마.	N	2022-06-15 15:24:25	2022-11-08 03:33:59
BE22001482	9	0	마트에 다니다 보면 주차하고 핸드폰으로 사진 찍어두는 사람을 종종 본 적이 있는데 이제부터 나도 그래야 할 거 같아요.	N	2022-06-15 15:24:25	2022-11-08 03:33:59
BE22001482	10	1	오늘 처음 그랬는데 벌써부터 너무 겁먹고 그러지 마. 당신 기억력도 좋고 주차하고 나서 머릿속에 한 번 더 체크한다면 앞으로 오늘 같은 일은 일어나지 않을 거야.	N	2022-06-15 15:24:25	2022-11-08 03:33:59
BE22001482	11	0	정말 그렇겠죠? 괜히 사진 찍고 메모하고 그러면 점점 머리를 안 쓰게 될 테고 그러다 보면 더 퇴화할 테니 최대한 기억해 내는 습관을 가져야겠어요.	N	2022-06-15 15:24:25	2022-11-08 03:33:59
BE22001482	12	1	그래 너무 잘 생각했어. 우리 아들도 몇 날을 외우고 공부했는데도 막상 시험 때 긴장하고 당황하면 생각이 하나도 안 난다고 하잖아. 아마 당신 오늘 좀 피곤해서 그랬을 거야.	N	2022-06-15 15:24:25	2022-11-08 03:33:59
BE22001482	13	0	그러고 보니 요 며칠 아이 시험 때문에 신경을 좀 썼더니 잠을 잘 못 잤어요.	N	2022-06-15 15:24:25	2022-11-08 03:33:59
BE22001482	14	1	그래 그래서 잠시 깜박한 거야. 괜히 너무 심각하게 받아들여서 더 스트레스 받지 말고 앞으로 또 그런 경우가 오면 당황하지 말고 집중하다 보면 반드시 생각이 날 거야.	N	2022-06-15 15:24:25	2022-11-08 03:33:59
BE22001482	15	0	고마워요 여보. 앞으로 정신 바짝 차리고 다녀야겠어요.	Y	2022-06-15 15:24:25	2022-11-08 03:33:59
