id	utterance_id	utterance_type	utterance_text	terminate	regDate	updDate
BE22024805	1	0	여보, 부모님은 교회를 다니시긴 하지만 나는 종교에 심취하는 게 안돼. 이번엔 엄마가 빚까지 내서 교회에 헌금을 하고 오셨대. 이게 도대체 무슨 상황인지 당황스러울 뿐이야.	N	2022-10-06 07:15:48	2022-10-06 07:15:48
BE22024805	2	1	나는 종교를 믿고 의지하는 것까진 존중하지만 빚을 내서 헌금을 하셨다니 혼란스럽네. 자기가 왜 그렇게 종교를 싫어하는지 이해할 수 있을 것 같아. 얘기를 듣고 보니 나도 이렇게 부정적인 마음이 드는데 당신은 얼마나 더하겠어.	N	2022-10-06 07:15:48	2022-10-06 07:15:48
BE22024805	3	0	그걸 아버지도 말리시지 않았다는 게 더 당황스러울 따름이야. 어디 가서 말도 못 하고 부끄러워 죽겠어.	N	2022-10-06 07:15:48	2022-10-06 07:15:48
BE22024805	4	1	당신이 돈을 함부로 쓰지 않는 사람이다 보니 더 그럴 수 있겠다. 당신이 너무 스트레스받아하는 것 같아서 걱정이네.	N	2022-10-06 07:15:48	2022-11-08 06:02:27
BE22024805	5	0	나는 종교를 싫어하지만 부모님이 믿으시는 것까지 부정할 생각은 없어. 헌금 내는 것도 그분들의 자유니까 참았어. 하지만 빚까지 지면서 내는 건 진짜 놀라서 까무러칠 수밖에 없다.	N	2022-10-06 07:15:48	2022-10-06 07:15:48
BE22024805	6	1	내가 같은 상황이었다면 대뜸 부모님한테 화부터 냈을 텐데 이해해 보려 노력하는 당신의 마음이 느껴진다. 부모님께서도 당신을 이렇게 놀라게 하려고 그러시진 않으셨을 거야. 아무래도 종교에서 당신들께 주는 위로가 크다 보니 감행하신 거겠지.	N	2022-10-06 07:15:48	2022-11-08 06:02:27
BE22024805	7	0	아니 아무리 마음의 위안이 됐다고 한들 빚까지 내면서 헌금할 일은 아니잖아. 지금 그 소식을 듣고 당황스러워서 일도 손에 잡히지 않아.	N	2022-10-06 07:15:48	2022-11-08 06:02:27
BE22024805	8	1	놀란 마음에 이도 저도 제대로 하지 못하고 있을 당신 생각하니까 염려스러워. 당신이 마음을 차분히 내려두고 일에 몰두할 수 있으면 좋겠는데 말이야.	N	2022-10-06 07:15:48	2022-11-08 06:02:27
BE22024805	9	0	아직도 이 현실이 믿어지지 않고 어이가 없을 따름이야. 당신한테도 집안의 부족한 모습 보인 것 같아 미안해.	N	2022-10-06 07:15:48	2022-10-06 07:15:48
BE22024805	10	1	전혀 미안해하고 부끄러워할 필요 없어. 나는 당황할 수밖에 없는 당신 마음 충분히 이해하고 존중해. 하지만 내가 당신을 생각하는 것만큼 부모님의 마음도 당신이 이해해 드렸으면 좋겠어.	N	2022-10-06 07:15:48	2022-11-08 06:02:27
BE22024805	11	0	한심하게 여길 줄 알았는데 우리 부모님을 이해해 줘서 고마워. 당신이 괜찮은 것 같으니 나도 당황함이 덜어진다.	N	2022-10-06 07:15:48	2022-10-06 07:15:48
BE22024805	12	1	나는 정말로 당신도 시부모님도 충분히 이해가 되는걸? 분명 교회에서 마음의 안정을 많이 느끼셔서 그만큼의 가치가 있다고 여기셨을 거야.	N	2022-10-06 07:15:48	2022-11-08 06:02:27
BE22024805	13	0	부디 그러신 거면 좋겠다. 빚 갚기 위해서라도 부모님 용돈 올려 드려야 할 게 걱정이네.	N	2022-10-06 07:15:48	2022-10-06 07:15:48
BE22024805	14	1	자기랑 나랑 조금 더 힘써 일하면 되지. 그리고 부모님 마음 외롭지 않게 더 노력하자. 일 잘하고 있다 퇴근해서 만나.	Y	2022-10-06 07:15:48	2022-11-08 06:02:27
