id	utterance_id	utterance_type	utterance_text	terminate	regDate	updDate
BE22021520	1	0	여보 저 석 달 전에 친구한테 돈 빌렸던 거 기억하죠? 저 그 돈을 깜빡하고 못 갚았네요. 분명 기억하고 있었는데 언제 잊어버린 건지 당황스럽네요.	N	2022-09-26 04:17:15	2022-11-08 05:43:04
BE22021520	2	1	기억하죠. 그때 액수가 꽤 됐잖아요. 여보가 돈 갚는 기한을 넘기거나 안 갚는 사람이 아닌데 많이 당황스러웠겠네요.	N	2022-09-26 04:17:15	2022-11-08 05:43:04
BE22021520	3	0	이렇게 중요한 일을 까먹다니 정말 저를 이해할 수 없네요. 당장 이번 달 돈을 다 써버려서 갚을 여유가 없는데 어떻게 해야 할까요. 돈 쓰기 전에 먼저 갚았어야 했는데 제가 너무 한심하네요.	N	2022-09-26 04:17:15	2022-09-26 04:17:15
BE22021520	4	1	여보 요즈음 정말 바빠서 정신이 없었잖아요. 일부러 갚지 않은 것도 아니고 실수를 한 건데 자신을 바닥으로 끌고 가지 않았으면 좋겠어요.	N	2022-09-26 04:17:15	2022-11-08 05:43:05
BE22021520	5	0	그래도 이 일로 친구를 잃을까 봐 걱정되네요. 정말 좋은 친구고 저 힘들 때 도와준 친구인데 말이에요. 뭐라고 이야기를 꺼내야 할지도 모르겠어요.	N	2022-09-26 04:17:15	2022-09-26 04:17:15
BE22021520	6	1	여보가 그 친구를 좋아하고 믿는 만큼 그 친구도 여보를 믿을 거예요. 왜 연락이 없나 걱정하고 있을 수도 있으니 얼른 연락해보세요. 너무 걱정 말아요.	N	2022-09-26 04:17:15	2022-11-08 05:43:05
BE22021520	7	0	연락을 해도 또 갚는 기한이 밀리는 걸 어떻게 설명해야 할까요. 이번에 돈을 갚았으면 됐는데 간단한 일을 이렇게나 복잡하게 만들다니 정말 저는 문제가 많네요.	N	2022-09-26 04:17:15	2022-09-26 04:17:15
BE22021520	8	1	여보 살다 보면 누구나 실수할 수 있다고 생각해요. 실수를 통해 오히려 기회가 생기기도 하고요. 제가 아는 여보는 누구보다 현명하니 잘 해결하고 오해도 풀 수 있을 거라 생각해요.	N	2022-09-26 04:17:15	2022-11-08 05:43:05
BE22021520	9	0	그렇게 말해줘서 고마워요. 그래도 제가 실수를 했단 사실에 저 자신이 너무 실망스럽네요. 요즈음 너무 나사가 빠진 상태로 사나 봐요.	N	2022-09-26 04:17:15	2022-11-08 05:43:05
BE22021520	10	1	제가 옆에서 여보 일하는 모습을 보면 누구보다 열심히 살아서 대단하다고 느껴요. 너무 자신을 나무라지 마세요. 여보는 지금 누구보다 열심히 그리고 최선을 다하며 살고 있으니까요.	N	2022-09-26 04:17:15	2022-11-08 05:43:05
BE22021520	11	0	여보가 알아주니 그래도 조금 뿌듯하네요. 제가 너무 실수에 빠져서 있었나 봐요. 얼른 친구에게 전화해서 자초지종을 설명하고 밥이라도 한 끼 사야겠어요.	N	2022-09-26 04:17:15	2022-09-26 04:17:15
BE22021520	12	1	그래요, 둘이 어릴 때부터 함께한 죽마고우니까 이야기하면 친구가 충분히 이해해 줄 거예요. 너무 걱정 말고 있는 그대로 솔직하게 이야기하고 와요.	N	2022-09-26 04:17:15	2022-11-08 05:43:05
BE22021520	13	0	여보 이야기 들어줘서 너무 고마워요. 역시 여보밖에 없네요.	N	2022-09-26 04:17:15	2022-11-08 05:43:05
BE22021520	14	1	별말씀을요. 또 도움 필요하면 언제든 저에게 말씀해 주셔요. 파이팅 해요 여보.	Y	2022-09-26 04:17:15	2022-09-26 04:17:15
