id	utterance_id	utterance_type	utterance_text	terminate	regDate	updDate
BE22025938	1	0	여보, 이번 달 생활비를 다 지출해서 돈이 없는데 모든 화장품이 동시에 똑 떨어졌어. 월급이 들어오려면 아직 더 남았는데, 당장 내일부터 사용할 화장품이 없어서 당황스럽네.	N	2022-10-09 05:04:47	2022-11-08 06:09:14
BE22025938	2	1	여보는 출근할때 꼭 화장을 하고 출근을 하잖아. 갑작스레 사용할 화장품이 없으니 여보가 많이 난처하겠다. 요즘 우리가 형편이 안 좋으니까, 내가 도울 수 있는 게 없어서 속상한 마음이야.	N	2022-10-09 05:04:47	2022-11-08 06:09:14
BE22025938	3	0	당장 내일 회사에 화장을 안 한 얼굴로 출근할 생각 하니 어떻게 해야 할지를 모르겠네. 이렇게 화장품이 떨어지는 줄도 모르고 있었다는 것도 너무 당황스러워. 요즘 회사가 너무 바쁘다 보니 이런 작은 일에는 신경을 잘 못썼거든.	N	2022-10-09 05:04:47	2022-11-08 06:09:14
BE22025938	4	1	요즘 야근 하느라 계속 정신이 없었으니 충분히 몰랐을 수 있다고 생각해. 워낙 바쁘고, 열심히 살다 보니 놓친거잖아. 조금만 더 기다리면 월급이 들어오고, 새 화장품도 살 수 있을 테니 조금만 기다리고 기운 내길 바라.	N	2022-10-09 05:04:47	2022-11-08 06:09:14
BE22025938	5	0	생활비를 예정보다 빨리 지출한 이유는, 저번달에 구매한 가방의 카드값이 이번 달에 청구된 거야. 나는 깜빡 잊고 있었어서 몰랐거든. 그래서 내가 생각한 것 보다 생활비를 빨리 지출해서 너무 난감하고 당황스러운 거야.	N	2022-10-09 05:04:47	2022-11-08 06:09:14
BE22025938	6	1	나도 예전에 카드값을 헷갈려서 월급이 많이 나간적이 있어. 그때 내가 생각한 금액보다 많이나가서 너무 놀라기도 했었어. 그래서 여보가 얼마나 당황했을지 이해가 돼.	N	2022-10-09 05:04:47	2022-10-09 05:04:47
BE22025938	7	0	난 나름대로, 돈 계산을 잘 한다고 생각해왔고, 가계부도 성실히 써왔어. 그런데 내가 이런 실수를 했다는 게 참 속상하고 자괴감이 든다. 생활비를 잘못 계산을 해서, 화장품이 떨어져도 살수가 없으니 내가 한심하게 느껴져.	N	2022-10-09 05:04:47	2022-11-08 06:09:14
BE22025938	8	1	이런 실수는 누구나 흔히 할 수 있는 거니까 너무 자책하지 마. 당황한 마음을 가라앉히고 차분히 진정하길 바라. 긍정적으로 생각한다면 마음도 한결 편안해지고, 해답도 찾게 될 거야.	N	2022-10-09 05:04:47	2022-11-08 06:09:14
BE22025938	9	0	격려해주고 조언해주니 마음이 좀 편해지네. 사실 나도 아무리 돈이 없어도, 화장품이 다 떨어져서 못 산적은 없었거든. 이번엔 내가 너무 정신없다 보니 화장품을 미리 사지도 못했고, 다 쓴 줄도 몰랐어서 더 당황했던 것 같아.	N	2022-10-09 05:04:47	2022-11-08 06:09:14
BE22025938	10	1	그 정도야 누구나 할 수 있는 실수인걸. 나도 잘 깜빡해서 그런 류의 실수 자주 해. 여보가 부족해서 실수한거 아니니까 염려 하지말고 기운내.	N	2022-10-09 05:04:47	2022-11-08 06:09:14
BE22025938	11	0	응 여보 덕분에 기운이 나. 당황한 마음도 많이 진정이 됐어. 당장 내일 회사는 어떻게 출근하나 싶었는데, 당분간만 불편해도 감수해야겠어.	N	2022-10-09 05:04:47	2022-11-08 06:09:14
BE22025938	12	1	응 긍정적으로 생각하는 여보를 보니 나도 마음이 놓인다. 내 조언을 듣고 좋은 마음을 가져줘서 고마워.	N	2022-10-09 05:04:47	2022-11-08 06:09:14
BE22025938	13	0	내가 당황하고 난감할 때 도움을 준 게 더 고맙지. 얘기를 듣는 것만으로도 큰 도움인데, 여보는 항상 날 위로해주고 응원해주잖아.	N	2022-10-09 05:04:47	2022-11-08 06:09:14
BE22025938	14	1	여보를 위해 당연한 일을 할 뿐이야. 언제든 든든한 여보의 편이 되어줄게. 오늘도 기운 내고 힘내자.	Y	2022-10-09 05:04:47	2022-11-08 06:09:14
