id	utterance_id	utterance_type	utterance_text	terminate	regDate	updDate
BE22026009	1	0	여보, 나이 먹었다는 걸 이런 걸로 실감하는 건가 봐. 나름대로 노력한다고 하는데도 너무 서러워.	N	2022-10-09 08:01:40	2022-10-09 08:01:40
BE22026009	2	1	백세 시대에 우리가 얼마나 살았다고 벌써 그런 말을 해. 도대체 뭐가 당신한테 그런 마음을 들게 한 거야?	N	2022-10-09 08:01:40	2022-11-08 06:09:39
BE22026009	3	0	요즘 살찐 내 모습이 마음에 안 들어서 다이어트 열심히 하고 있었잖아. 그런데 아무리 열심히 운동을 해도 살이 빠지지가 않아서 너무 당황스러워.	N	2022-10-09 08:01:40	2022-10-09 08:01:40
BE22026009	4	1	당신 요 근래 정말 식이조절도 열심히 하고 운동도 꾸준히 나갔었잖아. 내가 하는 수고로움이 성과로 나오지 않으니 당황하고 놀랄 수밖에 없을 것 같아. 나도 내 노력에 대한 피드백이 즉각적으로 오지 않으면 당황스럽기 그지없더라고.	N	2022-10-09 08:01:40	2022-11-08 06:09:39
BE22026009	5	0	맞아, 성과로 드러나지 않는다는 사실이 날 당황스럽게 만드는 것 같아. 살이 잘 빠지지 않으니까 자신감도 없어지고 열등감도 느껴지는 것 같아.	N	2022-10-09 08:01:40	2022-10-09 08:01:40
BE22026009	6	1	노력에 배신당한 느낌은 충분히 이해할 수 있지만 스스로를 궁지로 몰지는 않았으면 좋겠어. 변화를 위해 무언가를 마음먹고 행동으로 옮기려고 노력한다는 것 자체로 충분히 대단한 일이야. 그러니 열등감을 느끼지 않고 충분히 자신감을 가져도 돼.	N	2022-10-09 08:01:40	2022-11-08 06:09:39
BE22026009	7	0	과연 이렇게 운동을 지속해도 되는 게 맞는 건지 혼란스러운 거지. 당연히 살이 확연히 빠질 거라 생각했는데 그렇지 않으니 당황스럽고 말이야.	N	2022-10-09 08:01:40	2022-10-09 08:01:40
BE22026009	8	1	결과에 집착하기보다는 내가 한 노력을 높게 평가하는 당신이 됐으면 좋겠어. 당장 눈에 보이진 않지만 당신이 쌓아온 시간들이 분명 마음을 한층 더 성장시키는데 일조했을 거야. 운동을 하기 시작하면서 긍정적인 마음으로 변모했던 당신의 모습이 날 행복하게 했어.	N	2022-10-09 08:01:40	2022-11-08 06:09:39
BE22026009	9	0	당신 말대로 내가 결과에만 너무 집착했던 것 같아. 운동과 식이요법을 병행하면서 확실히 몸이 건강해진 걸 느꼈었어. 위로해 주고 일깨워줘서 고마워.	N	2022-10-09 08:01:40	2022-10-09 08:01:40
BE22026009	10	1	당신은 이미 충분히 사랑스럽고 존중받아 마땅한 사람인 걸 뭐. 스스로를 너무 마음의 벼랑 끝으로 모는 것 같아서 안타까웠을 뿐이야. 당신이 조금이나마 위로가 됐다면 나야말로 다행이지.	N	2022-10-09 08:01:40	2022-11-08 06:09:40
BE22026009	11	0	운동하면서 생활에 활력도 생겼던 것 같아. 기초체력이 높아져서 일에도 더 집중할 수 있었고 말이야.	N	2022-10-09 08:01:40	2022-10-09 08:01:40
BE22026009	12	1	운동으로 인해 외적인 부분보다도 내적인 부분으로 당신이 성장하는 부분이 참 보기 좋았어. 운동이 지겨운 게 아니라면 당신이 계속해서 즐기는 것도 나쁘지 않은 것 같아.	N	2022-10-09 08:01:40	2022-11-08 06:09:40
BE22026009	13	0	당신의 적극적인 지지로부터 내가 뭐든 해낼 수 있는 것 같아. 늘 이렇게 응원해 주고 조언자로 남아주길 바라.	N	2022-10-09 08:01:40	2022-10-09 08:01:40
BE22026009	14	1	나도 아직 부족한 부분이 많아 늘 당신으로부터 챙김 받는걸. 힘내고 있다가 퇴근해서 집에서 봐.	Y	2022-10-09 08:01:40	2022-10-09 08:01:40
