id	utterance_id	utterance_type	utterance_text	terminate	regDate	updDate
BE22028864	1	0	여보, 갑자기 오늘 엄마가 연락이 와서는 돈을 보냈다고 통보했어요, 어찌나 당황스럽던지. 얼떨떨하고 어떻게 반응해야 할지 모르겠어요.	N	2022-10-14 07:28:15	2022-10-14 07:28:15
BE22028864	2	1	장모님이 돈을 줬으면 당신은 그저 고맙다고 잘 쓰면 되는 거 아니야? 왜 그렇게 당황스러워하는 거야?	N	2022-10-14 07:28:15	2022-11-08 06:26:44
BE22028864	3	0	우리 엄마 엄청난 짠순이예요, 가족들 아파도 병원 한 번 안 가고 집에서 약 먹고 버텼어요. 아껴야 잘 산다는 신조를 몸에 새긴 것처럼 살아가는 엄마예요. 그런데 이렇게 큰돈을 주니까 당황하지 않을 수가 없죠.	N	2022-10-14 07:28:15	2022-11-08 06:26:44
BE22028864	4	1	그 말을 들으니까 당신은 예상하지도 못했던 돈이라서 당황스럽고 놀랐을 것 같아요. 장모님 우리 결혼할 때에도 절약을 강조하던 분이었는데 갑자기 달라진 모습이 저도 얼떨떨하네요. 그래도 장모님이 준 고마운 돈이니까 좋은 곳에 써요, 당신.	N	2022-10-14 07:28:15	2022-11-08 06:26:44
BE22028864	5	0	액수를 확인 하고서 는 더 당황스럽고 놀라서는 뭐라고 해야 할지 모르겠더라고요. 엄마에게 큰 금액이라서 너무 놀라서 무슨 말을 해야 할지 모르겠더라고요. 출산하고 몸이 약해졌으니까 보약이라도 먹으라는데 이렇게까지 세심한 모습이 처음이어서 또 놀랐지 뭐에요.	N	2022-10-14 07:28:15	2022-11-08 06:26:44
BE22028864	6	1	당신에게 들은 장모님은 항상 대쪽 같은, 조금은 냉정하다고 느낄 수 있는 분이었거든요. 그런데 이렇게 당신을 생각해주고 있다는 걸 느끼게 되어서 당황스럽기도 하고 어색하기도 했겠어요. 어머님의 속 이야기를 처음 들은 거니까 놀라서 얼떨떨하기도 했겠고요.	N	2022-10-14 07:28:15	2022-11-08 06:26:45
BE22028864	7	0	그러면서 어렸을 때 잘 챙겨줬으면 지금 그렇게 몸이 상하지 않았을 텐데 미안하다고 했어요. 그 말을 듣는데 엄마라는 이유만으로 자식에게 미안해 하는 모습을 보니까 덩달아 저도 미안해졌어요. 제가 아프지 않고 건강해야 엄마 마음에 짐을 덜어줄 수 있는데, 죄책감이 밀려 오더라고요.	N	2022-10-14 07:28:15	2022-11-08 06:26:45
BE22028864	8	1	그 말을 듣고 마음이 정말 뭉클했겠어요, 하지만 당신 잘못은 없으니까 죄책감 느끼지 말아요. 그런 모습을 보면 좋은 뜻이었던 장모님도 더 속상하고 불편할 거예요. 장모님을 위해서라도 보약도, 밥도 다 잘 챙겨먹고 얼른 건강해져야죠, 그게 최고의 보답이잖아요.	N	2022-10-14 07:28:15	2022-11-08 06:26:45
BE22028864	9	0	엄마에게 너무 미안해요, 이렇게 큰 돈을 선뜻 주는 게 엄청 큰 일이었을 텐데. 게다가 엄마도 수입도 없고 요즘 힘들 텐데 자식을 위해서 헌신한 거잖아요. 그런 엄마를 한때 원망했던 스스로에게 죄책감이 들어요.	N	2022-10-14 07:28:15	2022-11-08 06:26:45
BE22028864	10	1	어렸을 적 우리는 누구나 철이 없고 생각이 미숙하잖아요. 부모님의 넓고 큰마음을 헤아리지 못하고, 이해하지도 못하는 게 당연한걸요. 지금이나마 그 마음의 크기를 알았으니 앞으로 더 잘해주고 효도하면 돼요, 죄책감 갖지 말아요.	N	2022-10-14 07:28:15	2022-11-08 06:26:45
BE22028864	11	0	저도 엄마가 되어 보니까 이제야 우리 엄마 마음을 조금이나마 알 것 같아요. 엄마에게 받은 사랑만큼 이제는 제가 다시 엄마에게 사랑을 주면 되는 거죠.	N	2022-10-14 07:28:15	2022-11-08 06:26:45
BE22028864	12	1	당신은 장모님에게 지금도 충분히 훌륭한 딸인걸요, 그러니까 당신 스스로를 깎아내리지 말아요. 금이야 옥이야 귀하게 기른 딸이 자신 때문에 자책하고 있단 걸 알면 장모님 마음도 무너져요.	N	2022-10-14 07:28:15	2022-11-08 06:26:45
BE22028864	13	0	당신 말이 맞아요, 엄마의 마음을 미안함 없이 온전히 받아들이고 다시 되돌려줄래요. 당신 덕분에 죄책감을 덜어내고 마음에 위로가 되었어요. 고마워요, 당신.	N	2022-10-14 07:28:15	2022-11-08 06:26:45
BE22028864	14	1	장모님과 당신 사이가 시간이 갈수록 점점 돈독해지는 것 같아서 정말 보기 좋아요. 잘 익은 관계는 삶에 행복을 가득 채워주는 법이니까요. 지금 마음 잊지만 말고 앞으로 장모님한테 잘하면 돼요, 힘내요. 당신.	Y	2022-10-14 07:28:15	2022-11-08 06:26:45
