id	utterance_id	utterance_type	utterance_text	terminate	regDate	updDate
BE22019217	1	0	여보. 나 오늘 반차 내고 병원에 가야 할 거 같아요.	N	2022-09-21 02:59:59	2022-11-08 05:33:41
BE22019217	2	1	네? 그게 무슨 말이에요. 어디 몸이 안 좋나요?	N	2022-09-21 02:59:59	2022-11-08 05:33:41
BE22019217	3	0	거래처 미팅 끝나고 다음 거래처 가고 있었는데 귀가 좀 아프더니 피가 흘러나오네요. 운전 중이었는데 피를 보고 얼마나 당황했는지 몰라요. 아직도 손이 떨려요.	N	2022-09-21 02:59:59	2022-11-08 05:33:41
BE22019217	4	1	아이고. 평상시도 아니고 운전 중에 그런 거라면 정말 얼마나 당황했겠어요. 당신이 얼마나 놀라고 혼란스러웠을지 제 마음이 덩달아 어지럽네요. 지금은 괜찮은 건가요?	N	2022-09-21 02:59:59	2022-11-08 05:33:41
BE22019217	5	0	지금은 아프거나 그러지는 않는데 피는 여전히 나고 있네요. 놀란 마음이 진정이 잘 안돼서 일단 갓길에 차 세우고 있어요. 귀에서 나는 피 보고 너무 놀라고 당황스러워서 눈이 휘둥그레졌지 뭐예요.	N	2022-09-21 02:59:59	2022-11-08 05:33:41
BE22019217	6	1	어찌 안 놀랄 수가 있나요. 지금 얘기 듣는 나도 너무 놀라서 심장이 쿵쾅거릴 정도인걸요. 그런 당황스러운 순간에서도 침착하게 갓길에 차를 세운 당신의 판단력이 존경스러워요.	N	2022-09-21 02:59:59	2022-11-08 05:33:41
BE22019217	7	0	이런 상태로 운전하면 100퍼센트 사고 날 거 같았거든요. 이따 거래처 미팅도 중요한 건데 정말 어쩔 줄을 모르겠네요. 그래도 병원이 먼저겠죠?	N	2022-09-21 02:59:59	2022-11-08 05:33:41
BE22019217	8	1	당연하죠. 다음 거래처 미팅은 대리님한테 맡기고 당신은 병원부터 다녀와요. 당신 상황 설명하면 대리님도 충분히 이해하고 대신 업무 맡아 주실 거예요. 그러니 걱정 말고 당신은 놀란 마음을 좀 진정시켜요.	N	2022-09-21 02:59:59	2022-11-08 05:33:41
BE22019217	9	0	그래야 하는데 자꾸만 심장이 벌렁거리네요. 이렇게 당황한 적이 오랜만이라 그런지 쉽사리 진정이 안 돼요. 귀에 큰 문제가 생겼을까봐 더 혼란스럽네요.	N	2022-09-21 02:59:59	2022-11-08 05:33:41
BE22019217	10	1	청력에 문제가 없다면 그렇게 큰 문제는 아닐 거예요. 중이염 정도일 테니 너무 혼란스러워하지 마요. 병원에서 처치 받으면 금방 좋아질 거예요.	N	2022-09-21 02:59:59	2022-11-08 05:33:41
BE22019217	11	0	당신이 그렇게 말해주니 놀라고 당황스러운 마음이 많이 진정이 되네요. 역시 이런 상황에서 당신하고 문자하면 큰 안정을 찾는 거 같아요.	N	2022-09-21 02:59:59	2022-11-08 05:33:41
BE22019217	12	1	그렇다면 너무 다행이네요. 큰 문제 없을 테니 운전 조심해서 병원 다녀와요. 회사에 연락은 해놓은 거죠?	N	2022-09-21 02:59:59	2022-11-08 05:33:41
BE22019217	13	0	네. 귀에서 피가 나와서 병원에 급히 가야 할 거 같다고 연락해놨어요. 당신 말대로 흔쾌히 대리님이 대신 미팅 갈 테니 걱정 말고 다녀오라고 하네요. 마음이 많이 차분해졌습니다.	N	2022-09-21 02:59:59	2022-11-08 05:33:42
BE22019217	14	1	잘된 일이네요. 이제 업무에 대한 걱정도 사라졌으니 놀라고 당황스러운 마음은 그만 털어내고 병원 다녀와서 다시 문자 줘요. 기다리고 있을게요.	N	2022-09-21 02:59:59	2022-11-08 05:33:42
BE22019217	15	0	그럴게요. 얘기 들어줘서 고마워요.	Y	2022-09-21 02:59:59	2022-09-21 02:59:59
