id	utterance_id	utterance_type	utterance_text	terminate	regDate	updDate
BE22027940	1	0	여보, 나 요즘 머리 감을 때마다 머리카락이 한 움큼씩 빠져. 오늘 아침에는 머리카락 때문에 하수구에 물이 잘 안 내려가서 얼마나 당황했는지 몰라.	N	2022-10-13 02:34:46	2022-11-08 06:21:10
BE22027940	2	1	세상에, 그렇게 머리카락이 많이 빠진다면 누구나 당황스럽지. 게다가 오늘만 그런 게 아니라 요즘 계속 그랬다니 너무 걱정이 되네.	N	2022-10-13 02:34:46	2022-11-08 06:21:10
BE22027940	3	0	지난번 수술하고 받은 약이 좀 독해서 머리카락이 빠질 수 있다는 말은 들었어. 그런데 내 생에 이렇게 많이 빠져 본 적이 없어서 그런지 너무 당황스럽더라고.	N	2022-10-13 02:34:46	2022-10-13 02:34:46
BE22027940	4	1	당신 머리카락이 긴 것도 아닌데 하수구가 막힐 정도라니 당연히 당황스럽지. 난 당신이 스트레스를 심하게 받는 건 아닌지 걱정부터 했는데, 그 약 때문이라니 그래도 다행이야.	N	2022-10-13 02:34:46	2022-11-08 06:21:10
BE22027940	5	0	약 때문인 걸 알면서도 머리카락이 많이 빠지니까 너무 당황스러워. 아직도 이 약을 며칠 더 먹어야 하는데, 나 이러다가 대머리 되는 건 아니겠지?	N	2022-10-13 02:34:46	2022-11-08 06:21:10
BE22027940	6	1	몸에 이상이 있어서 빠지는 게 아니라 그저 약 때문에 나타나는 일시적인 증상일 거야. 그리고 머리카락도 빠진 만큼 다시 나는 거니까 자세히 보면 분명히 잔머리들이 많이 올라오고 있을 거야. 너무 걱정하지 마.	N	2022-10-13 02:34:46	2022-11-08 06:21:10
BE22027940	7	0	며칠 동안 머리카락이 한 움큼씩 빠지니까 너무 당황스럽더라고. 이제는 아침에 일어나면 머리카락 때문에 신경이 쓰여.	N	2022-10-13 02:34:46	2022-11-08 06:21:10
BE22027940	8	1	아침마다 그런 상황을 겪으면 나라도 당황스러울 거야. 약을 다 먹고 나면 분명히 괜찮아질 테니까 당신이 너무 신경 쓰지 않았으면 좋겠어. 뭐든지 신경을 쓰면 더 심해질 수 있으니까 당신이 마음을 편안하게 먹으면 좀 나을 거야.	N	2022-10-13 02:34:46	2022-11-08 06:21:10
BE22027940	9	0	별 생각 없이 잊고 지내다가도 머리만 감으면 빠지는 머리카락 때문에 당황스러워져. 며칠 동안 계속되니까 조금 스트레스받은 거 같기도 해.	N	2022-10-13 02:34:46	2022-11-08 06:21:10
BE22027940	10	1	큰 수술도 잘 견뎌낸 당신이잖아, 아팠던 머리카락은 다 빠지고 튼튼한 새 머리카락이 나오는 걸 거야. 이제 몸도 머리카락도 훨씬 더 건강해지는 과정이라고 생각하고 긍정적으로 받아들이자. 지금 그 약까지 다 먹고 나면 당신 정말 건강해졌다는 뜻이잖아.	N	2022-10-13 02:34:46	2022-11-08 06:21:10
BE22027940	11	0	그런 거겠지? 당신 말을 들으니 좀 안정이 되네. 수술받고도 안 빠지던 머리카락이 이제야 빠지니까 좀 놀랐는데 생각해보니 그럴 수도 있겠어.	N	2022-10-13 02:34:46	2022-11-08 06:21:10
BE22027940	12	1	건강해지는 마지막 과정일 거야. 당신 수술하고 나서 새로 태어난 거 같다고 했잖아. 머리카락도 새로 태어난 기념으로 새 머리카락이 난다고 생각하고 힘내자!	N	2022-10-13 02:34:46	2022-11-08 06:21:10
BE22027940	13	0	그렇게 생각하니 정말 힘이 나는 거 같아. 며칠만 더 먹으면 끝나니까 기운내볼게.	N	2022-10-13 02:34:46	2022-11-08 06:21:10
BE22027940	14	1	잘 생각했어, 역시 당신은 긍정적인 사람이야. 내가 항상 옆에서 응원해줄게, 힘내!	Y	2022-10-13 02:34:46	2022-11-08 06:21:10
