id	utterance_id	utterance_type	utterance_text	terminate	regDate	updDate
BE22019912	1	0	여보, 오늘 정말 당황스러운 일이 있었어. 내일 출장 때문에 전기차 충전을 해야 하는데 회사에 충전 공간에 빈자리가 하나도 없더라고.	N	2022-09-22 07:47:07	2022-09-22 07:47:07
BE22019912	2	1	한자리도 남아 있지 않았던 거야? 내일 출장을 앞두고 당신이 정말 곤란했겠다.	N	2022-09-22 07:47:07	2022-11-08 05:35:27
BE22019912	3	0	내 차를 타고 가기로 이미 정해 두었는데 정말 당황스럽고 난감했어. 미리 준비하지 않은 모습을 보인 것 같아 부끄럽더라.	N	2022-09-22 07:47:07	2022-09-22 07:47:07
BE22019912	4	1	당신이 요즘 새로운 프로젝트 때문에 워낙 바빴잖아. 상황을 아는 다른 직원들도 이해하지 않을까?	N	2022-09-22 07:47:07	2022-09-22 07:47:07
BE22019912	5	0	하지만 직원들에게 항상 미리 준비하는 습관을 들이라고 충고하다 보니 신경이 어제 일이 신경이 쓰이네.	N	2022-09-22 07:47:07	2022-09-22 07:47:07
BE22019912	6	1	항상 꼼꼼하게 미리 준비하는 당신이라 더 그렇게 느낄 수도 있겠다. 나라도 정말 당황스러웠을 것 같아. 다른 출장 준비는 다 된 거야?	N	2022-09-22 07:47:07	2022-11-08 05:35:27
BE22019912	7	0	응, 전기차 충전 말고는 모든 것이 완벽하게 준비된 것 같아.	N	2022-09-22 07:47:07	2022-09-22 07:47:07
BE22019912	8	1	차는 다른 차를 타고 가면 되지만 준비는 대체할 수 있는 게 없잖아. 차 외에 준비가 완벽하게 되었으면 너무 걱정하지 말고 마음 편하게 가져봐.	N	2022-09-22 07:47:07	2022-09-22 07:47:07
BE22019912	9	0	당신 말이 맞아, 차는 미리 충전해 둔 회사 차를 타고 가기로 했어.	N	2022-09-22 07:47:07	2022-09-22 07:47:07
BE22019912	10	1	미리 충전해 둔 차가있다니 다행이다. 다음부터는 지금까지 잘 해온 것처럼 미리미리 준비하면 되니까, 출장 가기 전까지 조금 쉬어.	N	2022-09-22 07:47:07	2022-11-08 05:35:27
BE22019912	11	0	그래야겠다. 중요한 출장을 앞두고 예민해져서 별것 아닌 일에 너무 신경을 쓴 것 같아.	N	2022-09-22 07:47:07	2022-11-08 05:35:27
BE22019912	12	1	당신한테 책임이 막중한 출장이라 그럴 수 있다고 생각해. 준비를 잘했으니 분명 좋은 결과가 있을 거야.	N	2022-09-22 07:47:07	2022-11-08 05:35:27
BE22019912	13	0	당신에게 말하고 나니 한결 마음이 편해졌어. 잘 마무리해서 잘 하고 올게.	N	2022-09-22 07:47:07	2022-11-08 05:35:27
BE22019912	14	1	당신의 마음이 한결 나아졌다니 나도 기분이 좋다. 내가 응원할게. 파이팅!	Y	2022-09-22 07:47:07	2022-09-22 07:47:07
