id	utterance_id	utterance_type	utterance_text	terminate	regDate	updDate
BE22025718	1	0	여보, 오늘 가구 단지에 다녀왔어요. 모두 사고 싶을 정도로 고급스럽고 마음에 들었어요. 그런데 가격이 너무 비싸서 당황했어요.	N	2022-10-08 12:28:14	2022-10-08 12:28:14
BE22025718	2	1	주말에 나하고 가기로 했었는데 벌써 갔다 왔어? 둘러보고 마음에 드는 거는 골라 놓았어?	N	2022-10-08 12:28:14	2022-10-08 12:28:14
BE22025718	3	0	당신이 바빠서 시간 내기 힘들 것 같아서 다녀왔어요. 그래서 미리 결정해 놓고 오려고 했지요. 그런데 우리 형편에 맞는 게 없을 정도로 비싸서 너무 당황했어요.	N	2022-10-08 12:28:14	2022-10-08 12:28:14
BE22025718	4	1	요즘 물가가 너무 올랐으니 가구 값도 올랐겠지. 내 월급은 그대로 인데 모든 물가가 다 오르니 걱정이네. 더 아끼면서 살아야겠어.	N	2022-10-08 12:28:14	2022-11-08 06:07:54
BE22025718	5	0	지금도 아끼고 살아서 더 아끼면서 살 수도 없어요. 가구 사는 것이 급하지 않으니 형편이 안 되면 나중에 사기로 해요.	N	2022-10-08 12:28:14	2022-10-08 12:28:14
BE22025718	6	1	그 정도로 비싼 모양이지? 당신이 그렇게 사고 싶어 했는데 다음 기회로 미루자고 하니 말이야. 당신 속 상할 생각하니 내가 미안해 지네.	N	2022-10-08 12:28:14	2022-11-08 06:07:54
BE22025718	7	0	미안해 하지 말아요. 당신이 쉬지 않고 열심히 고생한 덕분에 우리가 새 집도 살 수 있었잖아요. 가구를 못 사도 우리 가족이 모두 건강한 거에 감사해야죠.	N	2022-10-08 12:28:14	2022-10-08 12:28:14
BE22025718	8	1	그렇게 말 해 주니 내가 너무 고마워. 그런데 새로 가구를 사기로 마음 먹었으니 장기 할부로 해서 구매하는 것은 어떨까?	N	2022-10-08 12:28:14	2022-11-08 06:07:55
BE22025718	9	0	안 돼요. 할부도 빚이고 결국엔 다 갚아야 하잖아요. 그것 갚다 보면 꼭 해야 할 다른 것을 못할 수도 있어요. 최대한 저축한 다음 형편이 되면 그때 사는 것으로 해요.	N	2022-10-08 12:28:14	2022-10-08 12:28:14
BE22025718	10	1	알뜰하게 집 안 살림 챙겨주는 당신에게 항상 감사해. 야근이나 주말 근무가 있으면 무조건 해서 가구를 살 수 있도록 해볼게.	N	2022-10-08 12:28:14	2022-11-08 06:07:55
BE22025718	11	0	그렇게 하지 않아도 돼요. 돈을 잃으면 조금 잃는 것이고, 건강을 잃으면 모든 것을 잃는 거나 마찬가지예요. 우리 집에서는 당신 건강인 최우선이에요.	N	2022-10-08 12:28:14	2022-10-08 12:28:14
BE22025718	12	1	건강을 해치지 않을 만큼 적당히 할게. 너무 걱정 말아. 당신에게 새 집에 어울리는 가구를 꼭 사주고 싶어.	N	2022-10-08 12:28:14	2022-11-08 06:07:55
BE22025718	13	0	그렇게 까지 내 생각을 해 주니 정말 고마워요. 그럼 너무 무리하지 않도록 조심하고 나도 아르바이트를 해서 살림에 보탬이 되도록 해 볼게요.	N	2022-10-08 12:28:14	2022-10-08 12:28:14
BE22025718	14	1	그럼 당신도 건강 해치지 않고 운동 겸 한다고 생각하고 적당하게 일해요.	N	2022-10-08 12:28:14	2022-11-08 06:07:55
BE22025718	15	0	알았어요. 우리 같이 새 집에서 열심히 행복하게 살도록 해요.	Y	2022-10-08 12:28:14	2022-10-08 12:28:14
