id	utterance_id	utterance_type	utterance_text	terminate	regDate	updDate
BE22026289	1	0	여보, 오늘 우리 집 강아지가 가방에 오줌을 쌌어. 한 번도 이런 실수를 한 적이 없는 아인데 정말 당황스러워서 어찌할 바를 모르겠더라.	N	2022-10-10 02:36:45	2022-10-10 02:36:45
BE22026289	2	1	그러게, 이런 적이 없다 보니 당신이 더 당황할만하네. 닦는다고 해결되는 물건이 아니라 더 난감한 상황이겠다. 순간적으로 정말 깜짝 놀랐겠다.	N	2022-10-10 02:36:45	2022-11-08 06:11:19
BE22026289	3	0	그것도 내 가방 중에 제일 비싼 가방에 실수를 해서 더 당황했던 것 같아. 보고 어찌해야 할 바를 모르겠더라.	N	2022-10-10 02:36:45	2022-10-10 02:36:45
BE22026289	4	1	당신이 정말 속상했겠네. 당신이 얼마나 놀라고 당황했을지 생각하니 내 마음도 좋지 않네. 속상하겠지만 이미 벌어진 일이니 너무 마음 쓰지 마.	N	2022-10-10 02:36:45	2022-11-08 06:11:19
BE22026289	5	0	오늘 저녁에 중요한 약속이 있거든. 들고 가려고 코디까지 완성해두었거든. 그가 방 말고는 어울리는 가방도 없어서 어떻게 해야 할지 모르겠어.	N	2022-10-10 02:36:45	2022-10-10 02:36:45
BE22026289	6	1	예상치 못한 상황에는 누구나 더 당황하게 되는 것 같아. 이미 지난 간 일을 계속 생각하면 당신이 더 속상할 것 같아 걱정이네. 너무 신경 쓰지 말고 마음 편하게 자지면 좋겠어.	N	2022-10-10 02:36:45	2022-11-08 06:11:19
BE22026289	7	0	당신이 첫 결혼기념일 때 사준 가방이라 정말 아끼고 아끼다가 특별한 날에만 드는 가방이잖아. 조금만 실수한 게 아니라 가방 전체에 오줌을 싸서 어떻게 하면 좋을지 모르겠네.	N	2022-10-10 02:36:45	2022-10-10 02:36:45
BE22026289	8	1	아무래도 당신이 아끼는 물건이라 더 속상하겠다. 당신이 속앓이할 생각하니 내 마음도 편치가 않네. 어찌하면 좋을지 같이 생각 보자.	N	2022-10-10 02:36:45	2022-11-08 06:11:19
BE22026289	9	0	우리 집 강아지가 노견이잖아. 한 번도 이런 실수를 한 적이 없으니까 당황하기도 하고 걱정도 되고 마음이 울컥하더라.	N	2022-10-10 02:36:45	2022-10-10 02:36:45
BE22026289	10	1	당신은 항상 동물을 진심으로 사랑하고 위하는 것 같아. 나에게는 당신의 그런 모습이 정말 좋은 본보기가 되는 것 같아. 당신의 그런 점을 배우려고 나도 노력 중이야.	N	2022-10-10 02:36:45	2022-11-08 06:11:19
BE22026289	11	0	이런 일이 처음이라 황당하기도 하고 당황한 기분이 좀처럼 가라앉지 않더라고. 당신한테 이야기하고 나니 한결 마음이 편해졌어.	N	2022-10-10 02:36:45	2022-10-10 02:36:45
BE22026289	12	1	그렇게 말해주니 내가 더 고마워. 언제든지 고민되거나 속상한 일 있으면 지금처럼 연락해 줘. 언제든 당신 이야기를 들을 준비가 되어있어.	N	2022-10-10 02:36:45	2022-10-10 02:36:45
BE22026289	13	0	이런 일이 처음이라 더 놀랐던 것 같아. 당신이 따뜻하게 말해주니 침착해진다. 고마워.	N	2022-10-10 02:36:45	2022-10-10 02:36:45
BE22026289	14	1	이미 생긴 일이니 너무 개의치 말고 저녁에 모임 잘 다녀와. 나중에 연락하자.	Y	2022-10-10 02:36:45	2022-10-10 02:36:45
