id	utterance_id	utterance_type	utterance_text	terminate	regDate	updDate
BE22018731	1	0	여보 나 오늘 왜 이럴까? 큰 실수한 거 같아. 나 매일 듣는 경제 뉴스 라디오 알지?	N	2022-09-18 09:11:41	2022-09-18 09:11:41
BE22018731	2	1	응 알지. 당신이 추천하길래 나도 출근길에 가끔 그거 듣고 있어.	N	2022-09-18 09:11:41	2022-11-08 05:23:10
BE22018731	3	0	나 오늘 거기 사연 보냈는데 DJ한테 전화가 온 거야. 전혀 예상하지 못한 상황이라서 너무 설레였나 봐. 머리가 새하얘지는 거 있지.	N	2022-09-18 09:11:41	2022-11-08 05:23:10
BE22018731	4	1	그랬어? 많이 놀랐구나. 그 상황이면 강심장 아니고선 다른 사람들도 그렇지.	N	2022-09-18 09:11:41	2022-11-08 05:23:10
BE22018731	5	0	말 더듬고 막 목소리 갈라지고 막 DJ가 커버 쳐주려고 애쓰는 게 다 느껴질 정도였어. 다시 떠올리니까 나 너무 부끄러워서 지금이라도 쥐구멍에 숨고 싶어.	N	2022-09-18 09:11:41	2022-09-18 09:11:41
BE22018731	6	1	에이 그럴 수도 있지 뭘 그래. 우리 여보 너무 귀여웠을 거 같은데?	N	2022-09-18 09:11:41	2022-11-08 05:23:10
BE22018731	7	0	당신은 그렇게 생각할 수도 있겠지만. 다른 사람들은 아니겠지. 부끄러운 짓이야. 목소리 이상한 건 기본이고 DJ가 물어보는 거 다 동문서답하고 그랬어.	N	2022-09-18 09:11:41	2022-11-08 05:23:10
BE22018731	8	1	다들 긴장했구나 하고 이해했을 거야. 그런 경우가 많긴 하잖아.	N	2022-09-18 09:11:41	2022-09-18 09:11:41
BE22018731	9	0	그랬으면 좋을 텐데. 통화 중간부터 DJ 목소리가 너무 어두워지더라고. 혹시나 말실수한 거 있나 싶어서 찜찜해.	N	2022-09-18 09:11:41	2022-09-18 09:11:41
BE22018731	10	1	잘못했음 뭐 어때. 계속 볼 사이도 아니고 일부로 그런 것도 아니잖아. 그냥 괜히 그렇게 느낀 걸 거야.	N	2022-09-18 09:11:41	2022-11-08 05:23:10
BE22018731	11	0	그래도 계속 생각나고 신경 쓰여. 소심한 성격이 이래서 안 좋아 계속 맘이 쓰여서 다른 걸 못 하겠어.	N	2022-09-18 09:11:41	2022-09-18 09:11:41
BE22018731	12	1	엄청 부끄러웠구나. 나도 어떤 기분인지 짐작이 가. 그래도 너무 맘 쓰면 스트레스받아서 몸에 안 좋으니까 잊어버리려고 노력해 보자.	N	2022-09-18 09:11:41	2022-11-08 05:23:10
BE22018731	13	0	맞아. 어차피 시간을 되돌릴 수도 없고 딱히 만회할 방법도 없으니까 잊어야겠어.	N	2022-09-18 09:11:41	2022-11-08 05:23:10
BE22018731	14	1	그래. 여보 오늘 신경 많이 썼으니까 남은 시간은 당신이 좋아하는 거 하면서 시간 보내.	N	2022-09-18 09:11:41	2022-11-08 05:23:10
BE22018731	15	0	응. 고마워. 지나간 일이라고 생각하니까 맘이 좀 낫다. 기분이 한결 나아졌어.	N	2022-09-18 09:11:41	2022-09-18 09:11:41
BE22018731	16	1	그래? 다행이다. 당신이 실수해도 나는 항상 응원할 테니까 그런 일 있을 땐 날 생각해 줘.	N	2022-09-18 09:11:41	2022-11-08 05:23:10
BE22018731	17	0	그렇게 말해줘서 고마워. 든든하고 힘이 난다. 역시 당신이랑 결혼하길 잘한 거 같아.	N	2022-09-18 09:11:41	2022-11-08 05:23:10
BE22018731	18	1	그럼 내가 당신을 얼마나 사랑하는데. 힘들 땐 오늘처럼 나한테 다 얘기해줘.	N	2022-09-18 09:11:41	2022-11-08 05:23:10
BE22018731	19	0	알겠어. 항상 내 편 들어줘서 고마워. 내 맘 알지?	N	2022-09-18 09:11:41	2022-09-18 09:11:41
BE22018731	20	1	응. 알고말고. 앞으로도 변치 말고 지금처럼 알콩달콩 지내자!	Y	2022-09-18 09:11:41	2022-09-18 09:11:41
