id	utterance_id	utterance_type	utterance_text	terminate	regDate	updDate
BE22026448	1	0	여보 나 오늘 회사 근처에서 우연히 동창을 만났는데 나를 보고 반갑게 인사를 건네더라고. 근데 난 도무지 생각이 안 나서 너무 당황스러웠어.	N	2022-10-10 09:44:30	2022-10-10 09:44:30
BE22026448	2	1	당신을 만나서 반가워하는 친구를 몰라봤으니 정말 당황했겠네요.	N	2022-10-10 09:44:30	2022-11-08 06:12:15
BE22026448	3	0	내 이름까지 부르면서 너무 반가워하는데 순간적으로 얼마나 당황했는지 아무 말도 못 했다니까. 내가 이렇게까지 기억을 못 할 수가 있나 싶어서 너무 정말 당황했어. 당황스러운 내 표정을 보더니 친구가 자기 이름을 막 말하면서 알려주는 거야.	N	2022-10-10 09:44:30	2022-10-10 09:44:30
BE22026448	4	1	졸업한 지 벌써 10년이나 됐으니 기억이 안날 수도 있죠. 시간이 많이 지나고 나이 들면서 조금씩 변화하는 모습을 어떻게 다 기억해 낼 수 있겠어요. 당신이 당황스러운 마음이 드는 건 당연해요.	N	2022-10-10 09:44:30	2022-11-08 06:12:15
BE22026448	5	0	순간적으로 당황해서 간단히 인사만 건네고 지나쳤는데 곰곰이 생각해 보니 고등학교 때 꽤 친했던 친구였더라고. 한참을 기억을 더듬어 보니 생각이 나는 거야. 나이 들면서 기억도 가물거리고 나 자신이 너무 혼란스럽다.	N	2022-10-10 09:44:30	2022-10-10 09:44:30
BE22026448	6	1	당신이 오늘 많이 당황해서 마음이 많이 힘들었겠네요. 바쁘게 살면서 열심히 일하다 보면 깜박하는 경우가 얼마나 많은데요. 차분히 기억을 더듬어보고 생각이 났으니 얼마나 다행이에요.	N	2022-10-10 09:44:30	2022-11-08 06:12:15
BE22026448	7	0	혹시라도 그 친구가 괜히 나에게 실망했을까 봐 지금 생각해 보니 괜히 미안해지는 거야. 내가 순간적으로 너무 당황스러운 표정을 지어서 그 친구가 서운해하지는 않았겠지?	N	2022-10-10 09:44:30	2022-10-10 09:44:30
BE22026448	8	1	얼마나 반가웠으면 친구가 당신에게 인사를 건넸겠어요. 그 친구는 지금 당신이 당황했다는 것보다는 오랜만에 만난 반가움에 한껏 기뻐하고 있을 거예요. 그러니 괜히 속상해하면서 걱정하지 마세요.	N	2022-10-10 09:44:30	2022-11-08 06:12:15
BE22026448	9	0	안 그래도 연락처를 주고받으면서 조만간 술 한잔하자고 몇 번을 말하는 거야. 연락처를 받고 그 친구 메신저를 보니까 그제야 기억이 나더라고.	N	2022-10-10 09:44:30	2022-10-10 09:44:30
BE22026448	10	1	연락처까지 주고받다니 정말 잘했네요. 그 친구의 기억속 에 당신이 정말 보고 싶고 그리웠던 친구였나 봐요. 나라도 그런 친구를 길에서 우연히 만났다면 상대방이 기억을 좀 못한다 하더라도 기뻐했을 거예요.	N	2022-10-10 09:44:30	2022-11-08 06:12:15
BE22026448	11	0	당신 말을 듣고 보니 내가 지금 괜히 당황할 필요가 없네. 생각해 보니 오랜 시간이 지나도 나를 보며 반가워하는 친구를 만난 게 얼마나 기쁜 일이야.	N	2022-10-10 09:44:30	2022-10-10 09:44:30
BE22026448	12	1	당신이 학교 다니면서 얼마나 멋진 친구였으면 그렇게 다시 만나고 싶겠어요. 어릴 적 친구는 몇 년을 못 보더라도 만나면 마치 엊그제 만난 것처럼 금방 익숙해지잖아요. 당신도 아마 그 친구를 만나면 다시 고등학교 때로 돌아간 것처럼 행복한 시간이 될 거예요.	N	2022-10-10 09:44:30	2022-11-08 06:12:15
BE22026448	13	0	당장 다른 친구들에게도 연락을 해서 오랜만에 다 같이 친구들과 만남을 가져 봐야겠어. 그동안 친구들과의 만남이 너무 소홀했었나 봐. 조만간 옛날 추억을 안주 삼아 술 한잔 해야겠는 걸.	N	2022-10-10 09:44:30	2022-11-08 06:12:15
BE22026448	14	1	옛 추억을 꺼내며 친구들과 즐거운 시간을 보내면 얼마나 행복하고 재밌겠어요. 당신 추억 속 한구석을 차지했었던 친구를 우연히 만났으니 얼마나 반가워요. 만나서 실컷 떠들다 보면 잠시 얼굴을 기억 못 했던 당황스러운 마음은 싹 사라질 거예요.	N	2022-10-10 09:44:30	2022-11-08 06:12:15
BE22026448	15	0	고마워. 여보. 정말 그럴 것 같아.	Y	2022-10-10 09:44:30	2022-11-08 06:12:15
