id	utterance_id	utterance_type	utterance_text	terminate	regDate	updDate
BE22027997	1	0	여보, 난 영어로 말은 할 수 있는데 알아들을 수가 없어. 해외 바이어를 만나러 나간 자리에서 말을 못 알아들어서 정말 당황했어. 상대방은 내 말을 다 알아듣는데 내가 상대방 말을 못 알아듣는 게 정말 부끄러웠어.	N	2022-10-13 04:29:34	2022-10-13 04:29:34
BE22027997	2	1	당신이 그 자리에서 얼마나 당황했을까 생각하니 나도 정말 속상하다. 내가 그런 일을 겪었다면 당황해서 등에서 식은땀이 났을 거야. 그래도 말은 알아듣게 잘했다니 그나마 다행이라 생각하고 마음을 풀기 바라.	N	2022-10-13 04:29:34	2022-11-08 06:21:31
BE22027997	3	0	진짜 나도 등에서 식은땀이 나고 어쩔 줄 모르겠더라. 다행히 동료가 말을 알아들어서 일은 잘 처리되었어. 발음은 내가 좋아서 말은 내가 하고 동료가 상대방 말을 통역해줬는데 나중에 생각하니 그것도 당황스럽다.	N	2022-10-13 04:29:34	2022-11-08 06:21:31
BE22027997	4	1	그래도 말을 알아듣는 동료가 옆에 있어서 다행이야. 덕분에 회사 일에 차질이 생기지 않았으니 잘 됐다 생각하고 마음을 풀어. 그런데 발음은 당신이 더 좋았다니 나는 그게 자랑스러워서 칭찬해주고 싶다.	N	2022-10-13 04:29:34	2022-11-08 06:21:31
BE22027997	5	0	일에 차질이 없어 다행이긴 한데 생각할수록 그 상황이 우습다. 상대방 바이어한테도 그 상황이 얼마나 웃겼을까 생각하니 지금도 얼굴이 뜨거워진다. 내가 영어에 귀가 트이지 않는 것도 너무 당황스러운 일이야.	N	2022-10-13 04:29:34	2022-10-13 04:29:34
BE22027997	6	1	당신은 유학을 가지 않고 국내에서만 공부한 순수 국내파잖아. 그런데도 외국인이 다 알아들을 정도로 발음이 정확하다는 건 정말 대단한 일이야. 유학을 갔더라면 듣는 것도 수준급이었을 거라 생각하고 마음을 풀어.	N	2022-10-13 04:29:34	2022-11-08 06:21:31
BE22027997	7	0	국내에서 사 년 공부하는 것보다 해외에 일 년 나갔다 오는 게 낫다는 말이 맞아. 발음은 노력으로 극복이 가능한데 듣기는 원어민을 만나기 쉽지 않아. 왜 진작 어학연수를 안 갔는지 정말 당황스러운 노릇이다.	N	2022-10-13 04:29:34	2022-11-08 06:21:31
BE22027997	8	1	그때는 여러 가지로 형편이 어려운 상황이었잖아. 앞으로 해외에 나갈 기회가 있을 테니 너무 걱정하지 마. 해외 바이어를 자주 만나다 보면 듣기 실력도 늘 것 같으니 안심해.	N	2022-10-13 04:29:34	2022-11-08 06:21:31
BE22027997	9	0	해외 바이어 만날 때마다 이런 일을 반복하라는 거야? 그건 생각만 해도 당황스럽고 진땀 나는 일이야. 회사에 매인 몸이라 해외 연수를 갈 일도 없을 것 같아 속상하다.	N	2022-10-13 04:29:34	2022-10-13 04:29:34
BE22027997	10	1	회사에서 해외 연수를 보내줄지도 모르니 미리 실망하지 말고 희망을 갖기 바라. 그리고 듣기 공부를 꼭 해외에 나가야만 한다는 생각을 버렸으면 좋겠어. 국내에서도 마음만 먹으면 얼마든지 가능하다고 생각하기 바라.	N	2022-10-13 04:29:34	2022-11-08 06:21:31
BE22027997	11	0	당신이 그렇게 말하니까 내가 부끄러운 생각이 든다. 당신 말대로 요즘은 인터넷이 활성화되어서 원어민 말은 얼마든지 들을 수 있지. 내가 게을렀다는 반성과 함께 할 수 있다는 자신감이 생겨서 마음이 편해졌어.	N	2022-10-13 04:29:34	2022-11-08 06:21:31
BE22027997	12	1	당신 마음이 편해진 걸 보니 정말 다행이라는 생각이 든다. 앞으로 틈틈이 영어 듣기 공부에 매진하길 빌어. 그래서 다시는 원어민 앞에서 진땀 흘리는 일이 없기를 바라.	N	2022-10-13 04:29:34	2022-11-08 06:21:31
BE22027997	13	0	영어로 말은 할 수 있는데 알아들을 수 없었던 건 사실 내 게으름 탓이었어. 당신과 얘기하면 그걸 깨달아서 정말 다행이라는 생각이 든다. 앞으로 열심히 해서 다시는 그런 일이 생기지 않게 할 작정이야.	N	2022-10-13 04:29:34	2022-10-13 04:29:34
BE22027997	14	1	당신이 이렇게 마음을 넓게 쓰는 걸 보니 정말 자랑스러워. 당신의 영어 발음이 좋은 걸 보니 당신은 틀림없이 언어에 재능을 타고난 거야. 조금만 노력하면 원어민과 막힘 없는 대화를 할 수 있을 테니 힘내기 바라.	N	2022-10-13 04:29:34	2022-11-08 06:21:31
BE22027997	15	0	당신이 나를 믿어주니 더 자신감이 생긴다. 늘 나를 믿고 응원해줘서 정말 고마워 여보.	Y	2022-10-13 04:29:34	2022-11-08 06:21:31
