id	utterance_id	utterance_type	utterance_text	terminate	regDate	updDate
BE22017753	1	0	난 어떤 고민이고 오래 하지 못한다는 거 당신도 알지? 그런데 그게 어떤 사람들한테는 너무 가볍게 보인다는 걸 알고 놀랐어. 친구들 사이에서 나는 단순한 사람으로 낙인찍혀 있어서 정말 당황했어.	N	2022-09-12 07:39:57	2022-11-08 05:17:19
BE22017753	2	1	난 당신이 고민을 오래 하지 않아서 좋았는데 그게 그렇게 받아들여졌다니 나도 당황스럽네. 친구들한테 그런 말 듣고 당신 상처받았을 것 같아 걱정이다. 내가 장점이라고 생각했던 점을 남들이 단점인 듯 말하면 나라도 속상할 거 같아.	N	2022-09-12 07:39:57	2022-11-08 05:17:19
BE22017753	3	0	상처까지는 아니고 그냥 좀 당황했어. 그게 그렇게 받아들여질 수도 있구나 싶어서 생각이 많아졌어. 이제껏 불편 없이 살아왔던 내 습성에 대해 다시 생각하게 되었어.	N	2022-09-12 07:39:57	2022-09-12 07:39:57
BE22017753	4	1	친구들 말에 신경이 쓰이는 건 그럴 수 있는데 그걸로 너무 맘 상하지 않았으면 좋겠다. 당신이 고민을 오래 하지 않는 것 타고난 거라고 생각해. 그걸 바꾸려다 오히려 당신 마음이 불편해질까 봐 걱정이다.	N	2022-09-12 07:39:57	2022-11-08 05:17:19
BE22017753	5	0	내가 고민을 오래 하지 못하는 건 생각을 하다 보면 답답한 생각이 들어서 그렇거든. 그게 다른 사람 눈에는 단순하게 보일 수도 있겠다는 생각이 들었어. 난 내가 꽤 주도면밀한 사람이라고 자부했는데 그게 아니라니 당황한 거야.	N	2022-09-12 07:39:57	2022-09-12 07:39:57
BE22017753	6	1	난 당신이 고민을 오래 하지 않는 걸 오히려 장점이라고 생각하는데 그렇게 받아들였다니 안타깝다. 그건 사람의 성향에 따라 다른 거니 남의 시선을 너무 의식하지 않았으면 좋겠어. 남한테 억지로 맞추면 당신이 힘드니 그 부분은 그만 잊어버려.	N	2022-09-12 07:39:57	2022-11-08 05:17:19
BE22017753	7	0	나도 그렇게 생각했는데 그게 남들 눈에는 단순해 보였던 모양이야. 친구들이 여태 나를 그렇게 봐왔나 싶어서 놀랐어. 난 내가 꽤 잘하고 있다고 생각했는데 이번에 아니라는 생각이 들어서 당황스럽다.	N	2022-09-12 07:39:57	2022-11-08 05:17:19
BE22017753	8	1	당신이 고민을 오래 하지 않는 건 오히려 결단력이 있다는 방증 아닌가? 요즘 사람들이 흔히 겪는 결정 장애가 당신에게 없는 게 나는 좋다고 생각해. 그러니 당신도 그 점에 자부심을 가졌으면 좋겠어.	N	2022-09-12 07:39:57	2022-11-08 05:17:19
BE22017753	9	0	당신과 친구들이 나를 바라보는 시각이 반대인데 어떤 것을 받아들여야 할까? 당신의 좋은 말이 마음에 드는데 그렇다고 친구들 시각을 무조건 무시하기도 힘들어.	N	2022-09-12 07:39:57	2022-09-12 07:39:57
BE22017753	10	1	이제까지 당신이 빠른 결단을 내려서 친구들 모임에 많은 도움을 줬잖아. 모두 고민할 때 당신이 앞장서 추진해서 이룬 일이 얼마나 많아. 내가 보기에 당신은 지도자가 될 자질을 타고난 것 같아.	N	2022-09-12 07:39:57	2022-09-12 07:39:57
BE22017753	11	0	지도자까지는 좀 받아들이기 민망하지만 당신 말대로 내가 앞장선 덕분에 우리 모임이 많은 일을 했지. 모두 머뭇거리며 고민만 하는 걸 내가 밀어붙인 일이 한 두 가지가 아니야. 그 일들을 떠올려 보니 대단하긴 했다.	N	2022-09-12 07:39:57	2022-09-12 07:39:57
BE22017753	12	1	지도자가 별 게 아니라 그렇게 앞장서 용단을 내려주는 사람이 바로 지도자야. 친구들은 거기까지 생각이 미치지 못한 거니 너무 심각하게 받아들이지 마. 시간이 지나면 친구들도 당신 장점을 알아봐 줄 테니 걱정하지 마.	N	2022-09-12 07:39:57	2022-11-08 05:17:19
BE22017753	13	0	당신 말을 들으니 정말 시원시원해서 좋다. 단순한 사람에서 갑자기 지도자급으로 격이 높아진 것도 기분이 좋아. 역시 나를 알아주는 사람은 당신밖에 없어.	N	2022-09-12 07:39:57	2022-11-08 05:17:19
BE22017753	14	1	내가 당신을 모르면 누가 알아주겠어? 당신이 이렇게 마음이 풀려서 나도 기분이 좋아. 앞으로도 계속 그렇게 고민을 길게 하지 말고 시원하게 결단을 내리길 바랄게.	N	2022-09-12 07:39:57	2022-11-08 05:17:19
BE22017753	15	0	고민을 오래 하지 않던 내가 모처럼 고민한 문제가 당신 덕분에 다 풀렸어. 늘 내 편에 서서 얘기를 들어주고 말도 해줘서 고마워 여보.	Y	2022-09-12 07:39:57	2022-09-12 07:39:57
