id	utterance_id	utterance_type	utterance_text	terminate	regDate	updDate
BE22026288	1	0	여보, 나는 나이가 들수록 난시가 심해져. 갈수록 잘 보이지 않을 때가 잦아져서 당황스러워. 나도 나이가 들고 있다는 생각까지 뒤따르니까 당황스럽네.	N	2022-10-10 02:35:57	2022-10-10 02:35:57
BE22026288	2	1	요즘 난시 때문에 시력이 떨어져서 불편하겠다. 나는 어린 나이 때부터 안경을 쓰고 있으니까 잘 보이지 않는 게 얼마나 불편한지 이해해. 젊을 때와 몸 상태가 달라지는 걸 느껴서 기분이 좋지 않은 것도 공감이 가.	N	2022-10-10 02:35:57	2022-11-08 06:11:19
BE22026288	3	0	시력이 떨어진다는 게 이렇게 불편한 건지 미처 몰랐기 때문에 요즘 너무 당황스러워. 그리고 난시가 유전될 수 있다는 뉴스를 봤거든. 아이들에게 안 좋은 걸 물려주게 될까 봐 당황스럽기도 해.	N	2022-10-10 02:35:57	2022-11-08 06:11:19
BE22026288	4	1	시력이 떨어져서 낯선 경험을 하느라 당신이 당황하게 되는 거 이해해. 그런데 난시의 유전 가능성이 백 퍼센트는 아니래. 그러니까 벌써 너무 걱정하지 않아도 괜찮아.	N	2022-10-10 02:35:57	2022-11-08 06:11:19
BE22026288	5	0	그래도 가능성을 무시할 순 없으니까 미안한 마음에 당황스러워. 그리고 난 안경이 안 어울리는 편인데 안경을 써야만 하는 상황 같아. 건강도 외모도 별로인 사람이 되는 이 현실이 당황스럽네.	N	2022-10-10 02:35:57	2022-11-08 06:11:19
BE22026288	6	1	당신은 여전히 매력적이고 아름다운 사람이야. 나는 물론이고 내 주변 사람들도 당신 보고 다들 예쁘다고 하는걸. 그러니까 점점 더 못난 사람이 되는 것 같다고 속상해하지 마.	N	2022-10-10 02:35:57	2022-11-08 06:11:19
BE22026288	7	0	그런 매력이 내리막길로 들어서고 있다는 생각이 들어서 당황스럽기만 해. 최근에는 난시 때문에 눈이 잘 안 보여서 눈을 자주 찌푸렸더니 주름도 짙어졌어. 눈을 찌푸리다 보니까 표정도 못생겨져서 얼마나 당황스러운지 몰라.	N	2022-10-10 02:35:57	2022-10-10 02:35:57
BE22026288	8	1	당신이 난시 때문에 스트레스를 많이 받아서 예민해진 걸지도 몰라. 당신은 피부 관리를 잘해서 또래보다도 주름 하나 없잖아. 그러다 보니까 작은 것도 신경 쓰이는 거지, 여전히 탱탱한 피부니까 신경 쓰지 않아도 괜찮아.	N	2022-10-10 02:35:57	2022-11-08 06:11:19
BE22026288	9	0	그래도 예전엔 보이지 않던 게 보이는 건 당황스럽기만 한걸. 시력이 떨어진 것 하나로 건강과 외모에 자신감마저 떨어지는데 내가 너무 안 좋게 생각하나. 당신이랑 이야기하다 보니까 내가 너무 예민한가 싶기도 하지만 여전히 이 현실이 당황스러워.	N	2022-10-10 02:35:57	2022-11-08 06:11:19
BE22026288	10	1	전과 다름을 경험하면 예민해질 수밖에 없지. 하지만 당신은 신경 쓰이는 부분은 더 관리하잖아. 그렇게 관리하다 보면 다시 자신감을 되찾을 거라고 생각해.	N	2022-10-10 02:35:57	2022-11-08 06:11:19
BE22026288	11	0	맞아, 내가 신경 쓰이는 부분은 더 관리하고 나아지려고 노력하는 편이지. 당신 말대로 신경 거슬리게 하는 것들 모두 더 열심히 관리해서 나아지자고 생각하니까 당황스러움이 풀려. 요즘 내 상태도 내가 하기 나름이라는 확신이 드니까 당황스러워 할 필요도 없는 것 같아.	N	2022-10-10 02:35:57	2022-11-08 06:11:19
BE22026288	12	1	그런 마음이 들어서 당신은 훨씬 고와지겠다. 난시가 심해져서 여러모로 속상하겠지만 더 나빠지지 않도록 관리할 당신이 눈에 선해. 자신감 잃지 말고 너무 속상해하지 않길 바라.	N	2022-10-10 02:35:57	2022-11-08 06:11:19
BE22026288	13	0	응, 내가 열심히 관리하면 된다고 마음먹으니까 이제 괜찮아. 어울리지 않는 안경을 써야 하긴 하지만 그것도 나름대로 어울리는 걸 찾아보지 뭐. 그리고 아이들 시력도 꾸준히 검사하고 관리해 주면 되니까 당황스럽지, 않아졌어.	N	2022-10-10 02:35:57	2022-11-08 06:11:19
BE22026288	14	1	당신이 마음을 풀어서 정말 다행이다. 앞으로 모든 게 다 좋아질 거니까 걱정하지 말고 힘내자!	Y	2022-10-10 02:35:57	2022-10-10 02:35:57
