id	utterance_id	utterance_type	utterance_text	terminate	regDate	updDate
BE22024918	1	0	여보, 오늘 우리 맛있는 것 좀 먹을까? 오늘 종일 젊은 직원들하고 대화하다 보니 진이 빠졌거든.	N	2022-10-06 11:36:06	2022-10-06 11:36:06
BE22024918	2	1	오늘 회의 많다고 하더니. 회의라는 게 원래 진 빠지는 일이지. 수고 많았어, 여보.	N	2022-10-06 11:36:06	2022-10-06 11:36:06
BE22024918	3	0	더구나 오늘은 중간에 상품 개발 회의까지 해서 많은 아이디어가 오갔거든. 그런데 오늘 보니 내가 젊은 직원들의 대화를 못 따라가는 것 같아서 당황스러웠어. 그래서 에너지를 더 많이 쓴 것 같고, 말이야.	N	2022-10-06 11:36:06	2022-11-08 06:03:07
BE22024918	4	1	참신한 아이디어가 필요한 일이니 그럴 수 있을 것 같아. 그런데 당신은 그 분야에서 정평이 나 있는 사람이잖아. 감만 잡으면 금방 따라갈 수 있지 않을까?	N	2022-10-06 11:36:06	2022-11-08 06:03:07
BE22024918	5	0	오늘만 그런 게 아니라 평소 젊은 친구들과 식사하거나 가벼운 미팅할 때도 그런 걸 느꼈어. 지난번엔 마케팅 아이디어를 논의하는데, 정말 말도 안 되고 어이없는 의견들을 내놓더라고. 그런데 놀라운 건, 그게 고객들에게는 통한다는 거야.	N	2022-10-06 11:36:06	2022-10-06 11:36:06
BE22024918	6	1	나도 젊은 친구들과 얘기하면서 그런 걸 자주 느껴. 우리 때와는 사고 체계 자체가 다른 사람들 같다니까. 그런 의미에서 젊은 층을 상대로 상품 개발을 총괄하는 당신이 정말 대단하게 느껴져.	N	2022-10-06 11:36:06	2022-11-08 06:03:07
BE22024918	7	0	뭘, 나 혼자 하는 게 아니라 다른 많은 분이 협업하기에 가능한 일인걸. 오늘만 해도 나는 이미 과부하가 걸렸어.	N	2022-10-06 11:36:06	2022-11-08 06:03:07
BE22024918	8	1	그 많은 의견을 귀담아듣고 수렴한다는 게 어디 쉬운 일인가? 더구나 결정은 당신이 하잖아. 누군가에게 권한을 부여하는 일조차도.	N	2022-10-06 11:36:06	2022-11-08 06:03:07
BE22024918	9	0	그런 거라도 잘해야지. 이제는 나도 점점 설 자리가 줄어드는 것 같고, 이게 나의 한계인가 싶다니까.	N	2022-10-06 11:36:06	2022-10-06 11:36:06
BE22024918	10	1	그 말에 백번 공감해, 그런데 너무 열등감 느끼지 마. 젊은이들이 맘껏 아이디어를 낼 수 있는 것도 다 당신 같은 사람이 든든하게 받쳐주기 때문이잖아. 그중에서도 특히 탁월한 리더십을 가진 당신 같은 사람이 중심을 잡아줘야 조직이 유지되는 거잖아.	N	2022-10-06 11:36:06	2022-11-08 06:03:07
BE22024918	11	0	큰 회사의 이사님인 당신이 그렇게 얘기해주니 좀 힘이 나는 듯하네. 고마워, 여보.	N	2022-10-06 11:36:06	2022-10-06 11:36:06
BE22024918	12	1	세월이 가고 시대가 바뀌는 건 어쩔 수 없는 일인 것 같아. 그런데 시의적절한 아이디어도 중요하지만, 시스템을 만들고 일이 가능하여지도록 하기 위해서는 경험만큼 중요한 게 없잖아. 지금 당신은 그런 일을 하는 거고 정말 잘하고 있으니까 힘내, 여보.	N	2022-10-06 11:36:06	2022-11-08 06:03:07
BE22024918	13	0	당신이 그렇게까지 말해주니 내가 힘을 안 낼 수가 없네요. 그리고 내가 욕심이 지나쳤던 것 같아, 젊은이들과 내 역할이 엄연히 다른데 말이야. 당신과 얘기 나누고 나니 마음이 좀 가벼워지네요.	N	2022-10-06 11:36:06	2022-10-06 11:36:06
BE22024918	14	1	자기 마음이 가벼워진다니 나도 기분이 좋아. 그럼, 우리 좀 더 힘을 내기 위해 저녁 맛있는 거 먹자. 제철 해산물은 어떨까?	N	2022-10-06 11:36:06	2022-11-08 06:03:07
BE22024918	15	0	해산물 좋지, 내가 맛집 몇 군데 찾아보고 알려줄게. 이따 퇴근 후에 봐, 여보.	Y	2022-10-06 11:36:06	2022-10-06 11:36:06
