id	utterance_id	utterance_type	utterance_text	terminate	regDate	updDate
BE22026980	1	0	여보, 여보가 출장에 나가 있는 사이 저에게 당황스러운 일이 생겼어요. 글쎄 우리 아들 가방에서 담배가 발견 되었지 뭐예요. 정말 상상도 못한 일이라 너무 당황스러워서 지금 타자도 잘 안 쳐지네요.	N	2022-10-11 09:59:23	2022-10-11 09:59:23
BE22026980	2	1	그런 일이 있었다니 정말 적잖이 당황했겠어요. 우리 아들이 아직 어려서 그런지 담배라니 나도 상상이 안 가는데, 직접 마주한 당신은 어떻겠어요. 지금 마음이 많이 놀랬을 것 같아 당신이 걱정되네요.	N	2022-10-11 09:59:23	2022-11-08 06:15:23
BE22026980	3	0	우리 아들이 아직 미성년자 이기도 하고, 성인이 되려면 멀었는데 이 담배를 어디서 구했을까요. 어디서 부터 어떻게 해야 할 지 갈피가 도통 안 잡히네요. 너무 당황했어요.	N	2022-10-11 09:59:23	2022-11-08 06:15:23
BE22026980	4	1	나라도 그 상황에서 담배를 발견하면 심장이 쿵 떨어지는 기분 일 것 같아요. 출장때문에 집을 비우니 옆에서 당신이랑 이야기도 못하고, 오히려 내가 미안해지네요. 여보처럼 놀라는게 당연한 반응이에요.	N	2022-10-11 09:59:23	2022-11-08 06:15:23
BE22026980	5	0	아들을 혼냈다가 아들이 더 어긋나거나 상처를 받을 것 같아 어떻게 해야 할 지 모르겠어요. 아들에게는 당황한 티를 전혀 내지 않았지만, 머릿속은 너무 복잡하네요.	N	2022-10-11 09:59:23	2022-11-08 06:15:23
BE22026980	6	1	그래도 당신이 이성적으로 잘 판단한 것 같아요. 자칫하면 감정적으로 상황이 흘러갔을 수도 있었을텐데. 여보 표정이 좀 잘 드러나는 편인데 잘 숨겼다니 당신한테 고마워지네요.	N	2022-10-11 09:59:23	2022-11-08 06:15:23
BE22026980	7	0	우리 아들이 정말 모범생이라고만 생각했는데, 우리가 너무 안일했던 걸까요. 어떻게 이야기를 꺼내야 할 지 모르겠어요.	N	2022-10-11 09:59:23	2022-10-11 09:59:23
BE22026980	8	1	그래도 우리 아들이 살갑고 다정한 편이잖아요. 단순한 호기심에 담배를 소유하고 있는 것 일 수도 있으니 일단 이야기를 나눠봅시다. 모든 일에 있어서 해결책은 대화이니, 놀랜 가슴은 조금 진정시켜 보는게 어때요.	N	2022-10-11 09:59:23	2022-11-08 06:15:23
BE22026980	9	0	담배를 피우지 않고 그냥 가지고 있었을 수도 있겠네요. 일단 당신 말대로 아들이랑 이야기를 좀 해봐야 할 것 같아요.	N	2022-10-11 09:59:23	2022-10-11 09:59:23
BE22026980	10	1	이야기를 하면서 차근히 풀어나가다보면 돌파구를 찾을 수 있을거예요. 오늘 당신이 너무 많이 놀란 것 같아서 걱정되네요. 그래도 우리 가족은 소통이 잘 되는 편이니, 너무 오래 혼란스러워 하지 말아요.	N	2022-10-11 09:59:23	2022-11-08 06:15:23
BE22026980	11	0	그렇게 말해줘서 고마워요. 그래도 여보 덕분에 훨씬 마음이 낫네요.	N	2022-10-11 09:59:23	2022-10-11 09:59:23
BE22026980	12	1	훨씬 마음이 나아졌다니 정말 다행이에요. 그리고 당신 잘못도 아니니 자책 말고요. 아들도 우리의 마음을 알아줄 거예요.	N	2022-10-11 09:59:23	2022-11-08 06:15:23
BE22026980	13	0	알겠어요. 당신 말대로 차분히 생각하고 대화를 하다 보면 해결책이 찾아지겠죠. 당신한테 말할까 말까 했는데 말하길 잘 했네요.	N	2022-10-11 09:59:23	2022-11-08 06:15:23
BE22026980	14	1	내가 혼란스러운 상황이 있었을 때 당신이 항상 나에게 좋은 조언을 줬었잖아요. 여보, 이제 조금 편안하게 마음 먹읍시다. 괜찮을 거예요.	N	2022-10-11 09:59:23	2022-11-08 06:15:23
BE22026980	15	0	여보 덕분에 안정을 좀 돼 찾은 것 같아요. 시간 날 때 우리 아들이랑 이야기를 좀 해봐야겠어요. 고마워요.	Y	2022-10-11 09:59:23	2022-11-08 06:15:23
