id	utterance_id	utterance_type	utterance_text	terminate	regDate	updDate
BE22029331	1	0	계란말이를 하다가 다 망쳐버린 거 있지. 모양도 완전 엉망이 되어서 너무 당황스러워.	N	2022-10-15 04:38:22	2022-10-15 04:38:22
BE22029331	2	1	모양이 뭐가 중요해. 노릇하게 익은 게 맛있어 보이는걸.	N	2022-10-15 04:38:22	2022-11-08 06:29:36
BE22029331	3	0	계란말이는 내 회심의 역작이었거든. 이번 주말에 당신한테 해주기 위해서 여러 번 연습했었단 말이야. 그런데 이렇게 다 망쳐버린 내가 너무 한심해.	N	2022-10-15 04:38:22	2022-11-08 06:29:36
BE22029331	4	1	계란말이가 맛이 중요하지, 모양이 뭐가 중요해. 자기가 나를 위해서 열심히 노력해주었다는 것만으로도 기분이 너무 좋아. 케첩을 뿌리면 모양이 조금은 나아질 테니 걱정하지 마.	N	2022-10-15 04:38:22	2022-11-08 06:29:36
BE22029331	5	0	내가 요리에 감이 없나 봐. 배워본 적이 따로 없다 보니 매번 실수하는 것 같아. 분명 레시피대로 만들었는데도 내가 예상한 음식이 아니니까 어쩔 줄을 모르겠어.	N	2022-10-15 04:38:22	2022-11-08 06:29:36
BE22029331	6	1	누구나 처음 하는 일은 어려운 법인데, 심지어 요리는 더욱 그렇지. 나라면 시도하려는 엄두조차 내지 못했을 거야. 그런데 당신은 잦은 실패에도 불구하고 매번 도전하는 모습이 얼마나 멋진지 몰라.	N	2022-10-15 04:38:22	2022-11-08 06:29:36
BE22029331	7	0	지난번에는 튀김 요리하다가 다 태워버린 거 있지. 하마터면 사고가 날뻔해서 얼마나 놀랐는 지 몰라. 더 큰 일이 일어나지 않아서 다행이었다니까.	N	2022-10-15 04:38:22	2022-11-08 06:29:36
BE22029331	8	1	그런 위험한 일이 있었다니 자기가 많이 놀랐겠다. 요리도 좋지만, 무엇보다 중요한 건 자기 자신이니까 잘 챙겨가면서 해. 지금처럼만 한다면 요리 실력이 일취월장 해질 거야.	N	2022-10-15 04:38:22	2022-11-08 06:29:36
BE22029331	9	0	그나저나 계란말이를 다 망쳐버렸는데 어떡하지. 이대로 먹기에는 너무 불편할 것 같아. 잘 해주고 싶었는데 미안해.	N	2022-10-15 04:38:22	2022-10-15 04:38:22
BE22029331	10	1	먹음직스러워 보이기만 하는데 무슨. 나는 자기가 해준 음식이라면 뭐든 맛있기만 한걸. 주말이어도 피곤할 텐데 나를 위해 요리를 해줘서 정말 고마워.	N	2022-10-15 04:38:22	2022-11-08 06:29:36
BE22029331	11	0	내가 무슨 요리를 해주든 잘 먹어주는 당신이 있어서 더 신나서 하게 되는 것 같아. 자기 덕분에 기분이 나아졌어. 고마워.	N	2022-10-15 04:38:22	2022-10-15 04:38:22
BE22029331	12	1	나는 정말 맛있어서 그렇게 얘기한 것뿐인데 내가 더 고맙지. 자기 덕분에 밖에 나가도 집에 와서 밥을 먹고 싶을 정도라니까. 그러니 자신감을 가져.	N	2022-10-15 04:38:22	2022-11-08 06:29:36
BE22029331	13	0	정말? 그렇게 말해주니까 요리할 힘이 난다. 오늘 저녁에는 더 맛있는 음식 해줄게.	N	2022-10-15 04:38:22	2022-10-15 04:38:22
BE22029331	14	1	듣기만 해도 기대된다. 이럴 때면 자기랑 결혼하길 잘했다는 생각이 든다니까. 정말 고마워.	Y	2022-10-15 04:38:22	2022-11-08 06:29:36
