id	utterance_id	utterance_type	utterance_text	terminate	regDate	updDate
BE22028973	1	0	아까 너무 당황스러운 일이 있었어.	N	2022-10-14 09:55:54	2022-10-14 09:55:54
BE22028973	2	1	회사에서 안 좋은 일 있었어?	N	2022-10-14 09:55:54	2022-10-14 09:55:54
BE22028973	3	0	오늘 중요한 회의가 있었는데, 내가 어제 회의 시간을 잘못 공지한 거야. 거래처 분들은 오셨는데 우리는 회의 준비가 안 되어 있어서 너무 당황했어.	N	2022-10-14 09:55:54	2022-10-14 09:55:54
BE22028973	4	1	거래처 분들까지 참석하는 회의라서 당신이 더 당황스러웠겠다. 나였어도 당황해서 정신이 없었을 것 같아.	N	2022-10-14 09:55:54	2022-11-08 06:27:24
BE22028973	5	0	요즘 내가 자꾸 깜박깜박하네. 정신을 어디 두고 다니는 건지 모르겠어. 중요한 일에 지장이 생길 뻔해서 너무 당황스럽다.	N	2022-10-14 09:55:54	2022-10-14 09:55:54
BE22028973	6	1	당신은 누구보다 계획적이고 준비성이 철저하잖아. 그런 사람이 요즘 들어 실수를 하니까 스스로 더 문제라고 생각이 드나 봐. 누구나 실수는 하니까 너무 염려하지 않아도 돼.	N	2022-10-14 09:55:54	2022-11-08 06:27:24
BE22028973	7	0	나 자신이 완벽하다고 믿어왔어. 그런데 이런 어이없는 실수를 하니까 더 당황스러운 것 같아.	N	2022-10-14 09:55:54	2022-10-14 09:55:54
BE22028973	8	1	누구나 가벼운 실수를 하면서 살잖아. 이런 사소한 실수를 통해 깨닫게 되는 것들도 있어. 무의미한 일들이 아니고 모든 게 당신에게 도움이 될 거라 생각해.	N	2022-10-14 09:55:54	2022-11-08 06:27:24
BE22028973	9	0	실수라는 걸 잘 모르고 살아오다가 요즘 들어 자주 겪으니까 더 걱정이 됐나 봐. 내가 다른 사람보다 실수를 두려워하고 있었던 것 같아. 당신 말처럼 나에게 도움이 된다고 생각하고 받아들여 볼게.	N	2022-10-14 09:55:54	2022-11-08 06:27:24
BE22028973	10	1	이미 벌어진 일에서 배우는 것이 더 중요하다고 생각해. 오늘 일도 절대 문제 될만한 일이 아니니까 마음 쓰지 마.	N	2022-10-14 09:55:54	2022-11-08 06:27:24
BE22028973	11	0	좋은 말 해줘서 고마워. 당신 덕분에 용기도 생겼어.	N	2022-10-14 09:55:54	2022-11-08 06:27:24
BE22028973	12	1	당신에게 힘이 될 수 있어서 나도 기쁘다.	N	2022-10-14 09:55:54	2022-10-14 09:55:54
BE22028973	13	0	나도 당신에게 좋은 기운을 줄 수 있는 사람이 될게.	N	2022-10-14 09:55:54	2022-10-14 09:55:54
BE22028973	14	1	이미 충분히 그런 사람이야.	Y	2022-10-14 09:55:54	2022-10-14 09:55:54
