id	utterance_id	utterance_type	utterance_text	terminate	regDate	updDate
BE22028561	1	0	여보, 난데없이 폭우가 쏟아져서 지금 어찌해야 할지 정말 당황스러워! 멀리 지방에 출장을 나왔는데, 우산은 물론이고 주변에 가게도 없어! 이대로 라면 내 노트북까지 젖어버리고 말 거야!	N	2022-10-13 20:17:59	2022-10-13 20:17:59
BE22028561	2	1	아무런 대비도 되지 않았을 때 갑작스러운 비가 내려 당신이 정말 당혹스럽겠어요. 더군다나 낯선 토지인지라 당신으로서 어디를 가야 할지조차 혼란스럽겠군요.	N	2022-10-13 20:17:59	2022-11-08 06:24:57
BE22028561	3	0	맞아, 지금 버스 정류장에서 간신히 비를 피하고 있는데, 다음 버스가 무려 네 시간 뒤야! 하필 내 차를 아들에게 빌려줬을 때 이런 일이 일어나다니! 워낙 오지라 택시도 오지 않고, 이제 대체 어떻게 해야 할지 너무 당혹스럽기 그지없어!	N	2022-10-13 20:17:59	2022-10-13 20:17:59
BE22028561	4	1	너무 걱정하지 마세요, 회사에서도 이 어쩔 수 없는 상황을 이해해 줄 거예요. 안 그래도 요즘 일에 치여 하루하루가 바빴던 당신이잖아요. 이 위기를 빗소리를 들으며 느긋하게 쉴 기회로 여긴다면 조급한 마음도 한결 가라앉을 거예요.	N	2022-10-13 20:17:59	2022-11-08 06:24:57
BE22028561	5	0	나도 그러고 싶지만, 오늘 안에 반드시 끝내야 하는 사안들이 있어서 최대한 빠르게 돌아가야 해! 하지만 이 빗속을 헤쳐서 역을 찾을 때쯤에는 내 노트북도 비에 푹 젖어버려 있을 거야! 이대로 앉아 있을 수도, 일어나 떠날 수도 없으니 너무 곤혹스러워!	N	2022-10-13 20:17:59	2022-10-13 20:17:59
BE22028561	6	1	괜찮아요, 회사에는 당신만 있는 것이 아니라 이럴 때일수록 의지할 수 있는 믿음직스러운 동료들이 있잖아요. 분명 다들 곤란한 당신을 위해 조력을 아끼지 않을 테니 안심하세요.	N	2022-10-13 20:17:59	2022-11-08 06:24:57
BE22028561	7	0	비에 젖은 옷에 내려간 기온에 몸이 으슬으슬 떨려오고 있어! 이대로 있다간 좋지 않을 거 같은데 비에 맞으면 더욱 안 좋을 것 같아! 오한에 머리가 멍하고 어지러우니, 뭘 해야 할지 더욱 당혹스러워 참을 수가 없어!	N	2022-10-13 20:17:59	2022-10-13 20:17:59
BE22028561	8	1	너무 당황하지 마세요, 이런 때일수록 침착해야 좋은 방안이 생각날 거예요. 특히 혼자서는 도무지 앞이 보이지 않을 때는 무리하지 말고 다른 이에게 의지해보면 어떨까요? 전국 각지에 넓은 인맥을 가진 당신이라면 분명 도와줄 인연을 떠올릴 수 있을 거예요!	N	2022-10-13 20:17:59	2022-11-08 06:24:57
BE22028561	9	0	과연 이런 엄청난 폭우를 뚫고 이 오지까지 와서 나를 도와줄 사람이 있을까? 괜히 사람들에게 거절만 당하고 서로 의만 상하지 않을까? 그 생각에 용기가 나지 않아 어찌해야 할지 당황스러워 견딜 수가 없어!	N	2022-10-13 20:17:59	2022-10-13 20:17:59
BE22028561	10	1	안심하세요, 사람을 정말 좋아하고 늘 진심으로 대하는 당신이잖아요. 누구에게나 다가가 금세 친해지고, 어려운 친구는 결코 그냥 지나치지 않죠. 그런 당신을 마찬가지로 돕고 싶어 하는 이들이 정말 많으니 자신을 가지세요!	N	2022-10-13 20:17:59	2022-11-08 06:24:58
BE22028561	11	0	당신이 옳아, 언제까지 혼자서 우왕좌왕 해봤자 상황은 조금도 나아지지 않는걸. 이런 때까지 자존심을 부리지 말고 다른 사람들에게 의지해 볼게! 의지할 수 있는 이들의 얼굴을 떠올리니 마음이 든든해지면서 혼란도 빠르게 가라앉아가.	N	2022-10-13 20:17:59	2022-11-08 06:24:58
BE22028561	12	1	고생이 많은 당신이 정말 걱정됐는데 평정을 되찾아서 다행이에요. 늘 사람들에게 둘러싸여 있던 당신이라면 모두의 도움으로 이 난관을 잘 헤쳐 나갈 거예요.	N	2022-10-13 20:17:59	2022-11-08 06:24:58
BE22028561	13	0	고마워, 당신의 위로 덕분에 정신을 차릴 수 있었어. 아니면 지금도 빗속에서 떨면서 허둥지둥하고만 있었을 거야. 비록 거리는 멀지만 늘 나와 함께 해주는 당신이 있어서 정말 든든해.	N	2022-10-13 20:17:59	2022-11-08 06:24:58
BE22028561	14	1	저야말로 사랑하는 당신에게 조금이나마 도움이 될 수 있다면 기쁜걸요. 벌써 당신이 그리워 어서 보고 싶네요. 부디 무사히 돌아오시길 바라요!	Y	2022-10-13 20:17:59	2022-10-13 20:17:59
