id	utterance_id	utterance_type	utterance_text	terminate	regDate	updDate
BE22029416	1	0	여보 지금 어떻게 해야 할지 잘 모르겠어.	N	2022-10-15 07:44:10	2022-11-08 06:30:08
BE22029416	2	1	왜 그래 무슨 일인데 그러는 거야?	N	2022-10-15 07:44:10	2022-11-08 06:30:08
BE22029416	3	0	지금 열심히 일하고 있었는데, 갑자기 노트북이 작동을 하지 않네. 얼른 일을 끝내서 대리님한테 보내드려야 하는데. 이런 일이 있었던 적이 없어서 너무 당황스러워.	N	2022-10-15 07:44:10	2022-11-08 06:30:08
BE22029416	4	1	일하다가 이런 일이 발생하면 정말 당황스럽지. 게다가 그 일 하나 하려고 정말 많은 시간을 쓰고 있었을 텐데 말이야. 그렇게 되면 계획에 전혀 맞출 수가 없잖아 여보가 정말 깜짝 놀랐겠다.	N	2022-10-15 07:44:10	2022-11-08 06:30:08
BE22029416	5	0	그래서 지금 어떻게 해야 할지를 전혀 모르겠어. 게다가 산 지 얼마 되지도 않은 노트북이란 말이야. 분명히 오래 사용할 수 있다는 이야기를 들었는데 갑자기 이렇게 되다니 당황스러운 거 있지.	N	2022-10-15 07:44:10	2022-11-08 06:30:08
BE22029416	6	1	맞아 그때 노트북 뭐 살지 같이 고민하고 들었었잖아. 그때 오래 쓰려고 일부러 비싼 제품으로 샀던 거였는데. 이런 일이 일어나다니 정말 너무 당황스럽다.	N	2022-10-15 07:44:10	2022-11-08 06:30:08
BE22029416	7	0	그치 게다가 내가 지금 하고 있던 일이 거의 마무리 단계였는데. 혹시 파일 날라갔을까 봐 지금 너무 걱정돼. 얼른 내가 보내드려야 대리님 일이 금방 끝날 수 있는데 말이야 너무 당황스러워.	N	2022-10-15 07:44:10	2022-11-08 06:30:08
BE22029416	8	1	그래도 분명 곧 노트북이 작동해서 보내 드릴수 있을거야. 게다가 파일도 잘 보존되어 있을 테니 너무 걱정하지 마. 짧은 시간 안에 다시 확인할 수 있을 게 분명해.	N	2022-10-15 07:44:10	2022-11-08 06:30:08
BE22029416	9	0	하지만 지금 기분도 계속 안 좋고 어떻게 해야 할지 전혀 모르겠는걸.	N	2022-10-15 07:44:10	2022-11-08 06:30:08
BE22029416	10	1	모든 일은 결국 생각하는 대로 이루어진다고 하잖아, 그러니 긍정적으로 생각하면 잘 해결될 거야. 그리고 좋게 생각한다면 기분도 좋아지고 분명 일도 잘 풀릴걸! 그러니 얼른 기분 풀자 여보.	N	2022-10-15 07:44:10	2022-11-08 06:30:08
BE22029416	11	0	여보 말이 맞아, 계속 걱정한다고 해결되는 일도 없으니, 잘 풀릴 거라고 생각해야겠어.	N	2022-10-15 07:44:10	2022-11-08 06:30:08
BE22029416	12	1	기운 차리지 못할까 봐 정말 걱정했는데, 얼른 괜찮아진 것 같아서 참 다행이야.	N	2022-10-15 07:44:10	2022-11-08 06:30:08
BE22029416	13	0	자기 아니었으면 아마 계속 속상해하고 있었을 거야. 다 자기 덕분이야 정말 고마워.	N	2022-10-15 07:44:10	2022-11-08 06:30:08
BE22029416	14	1	혹시 또 속상한 일 생기면 언제든지 이야기해, 내가 최선을 다해 들어줄게.	N	2022-10-15 07:44:10	2022-10-15 07:44:10
BE22029416	15	0	응, 그러면 얼른 일하러 가봐야겠다 고마워.	Y	2022-10-15 07:44:10	2022-10-15 07:44:10
