id	utterance_id	utterance_type	utterance_text	terminate	regDate	updDate
BE22027743	1	0	회사에서 내 업무가 무역 파트잖아요. 바이어들이 오면 내가 상담해야 하는데 영어 실력이 부족해서 학원에 다니는데 오늘 당황스러운 일이 있었어요.	N	2022-10-12 13:39:02	2022-10-12 13:39:02
BE22027743	2	1	무슨 일이 있어서 그래요. 항상 침착한 당신이 당황스러워 하니 걱정이 되네요.	N	2022-10-12 13:39:02	2022-11-08 06:19:59
BE22027743	3	0	영어 학원에 갔을 때 학원에 알고 지내던 친구들이 모여서 유창한 영어로 대화를 하고 있더라고요. 나는 무슨 말인지 알아듣지 못해 대화에 끼지 못하고 왕따당하는 기분이었어요.	N	2022-10-12 13:39:02	2022-11-08 06:19:59
BE22027743	4	1	대화에 동참하지 못하면 소외감을 느끼는 건 당연하죠. 친구들이 당신의 영어 실력이 부족한지 모르고 대화 중간에 들어오겠지 하고 기다렸을 수도 있잖아요.	N	2022-10-12 13:39:02	2022-11-08 06:19:59
BE22027743	5	0	섭섭한 표정을 하면 친구들이 당황스러워 할까 봐 그냥 웃으면서 대화를 듣기만 했어요. 열심히 공부해서 영어 실력을 늘려서 다음부터는 이런 열등감 느끼지 않을 거예요.	N	2022-10-12 13:39:02	2022-11-08 06:19:59
BE22027743	6	1	영어 실력이 늘고 나서 대화에 동참하는 것도 좋아요. 하지만 지금 실력이 부족해도 부족한 대로 대화를 같이 이어가면 어떨까요. 그러면 친구들이 도와줄 수 있을 것 같은데.	N	2022-10-12 13:39:02	2022-11-08 06:19:59
BE22027743	7	0	아침에 학원에서 말 한마디도 못 하고 억지 미소를 지으며 분위기 맞추려고 했어요. 그런 모습을 생각하니 너무 당황스러워요.	N	2022-10-12 13:39:02	2022-11-08 06:19:59
BE22027743	8	1	누구든지 처음부터 잘하는 사람은 없어요. 유창하게 영어를 잘하는 친구들도 처음엔 당신과 같았을 거예요. 다만 피하거나 외면하지 말고 부족한 실력이더라도 적극적으로 더 배우면 실력이 늘겠죠.	N	2022-10-12 13:39:02	2022-11-08 06:19:59
BE22027743	9	0	내일부터는 그래야겠어요. 모르면서 아는 척하려고 침묵하지 말고 아는 만큼 손짓 발짓 하면서 적극적으로 대화에 동참해야겠어요.	N	2022-10-12 13:39:02	2022-11-08 06:19:59
BE22027743	10	1	외국어 공부는 먼저 자신감이 중요하죠. 내가 영어로 하는 말이 맞는지 틀리는 지는 상관 말고 적극적으로 말하는 자세가 중요해요.	N	2022-10-12 13:39:02	2022-11-08 06:19:59
BE22027743	11	0	맞아요. 친구들도 대화에 적극적으로 동참하는 나에게 잘못된 부분은 알려 주면서 리드해 줄 것 같아요.	N	2022-10-12 13:39:02	2022-10-12 13:39:02
BE22027743	12	1	가만히 앉아서 누군가가 해주길 기다리면 아무것도 이룰 수 없어요. 당신이 적극적으로 나서서 부딪히며 해결하다 보면 어느새 당신도 영어의 달인이 되겠지요.	N	2022-10-12 13:39:02	2022-11-08 06:19:59
BE22027743	13	0	당신 덕분에 동기 부여를 받았어요. 사실 그동안 학원 갈 때마다 부담스럽고 힘들었는데 이제는 학원 가고 싶은 마음에 기뻐요.	N	2022-10-12 13:39:02	2022-10-12 13:39:02
BE22027743	14	1	아무리 열심히 해도 즐기면서 하는 사람을 이기지 못한다고 하잖아요. 이왕 공부하려고 마음먹었으니 부담 갖지 말고 재미있고 즐기면서 해 봐요.	N	2022-10-12 13:39:02	2022-11-08 06:19:59
BE22027743	15	0	정말 많은 도움 줘서 고맙고 사랑해요.	Y	2022-10-12 13:39:02	2022-11-08 06:19:59
