id	utterance_id	utterance_type	utterance_text	terminate	regDate	updDate
BE22025999	1	0	당신, 우리 화단에 선물 받은 수국 화분에서 불개미가 떼로 나왔어요. 처음 보는 광경에 너무 놀라서 어찌할 자를 몰라서 그냥 두고 나왔어요. 징그러워서 아무것도 못하고 당황스러운 마음이라 해결할 방법이 생각이 안 나요.	N	2022-10-09 07:43:50	2022-10-09 07:43:50
BE22025999	2	1	당신 많이 놀랐겠어요, 평소에도 화분을 많이 아끼는 당신인데 속상하겠어요. 얼마나 당황했으면 저에게 까지 연락했을까 하는 생각이 들어서 너무 걱정이 되네요.	N	2022-10-09 07:43:50	2022-11-08 06:09:36
BE22025999	3	0	너무 놀라서 어찌 할 바를 모를 정도의 다급함이 느껴져서 화단을 박차고 나왔네요. 이게 바로 당황스러움 그 자체라는 것을 몸소 느꼈죠.	N	2022-10-09 07:43:50	2022-10-09 07:43:50
BE22025999	4	1	그러니까 말이에요. 당신이 안 느꼈으면 좋았을 텐데 얼마나 놀랐을지 상상 돼서 제가 다 마음이 아파요. 그리고 지금은 제가 출장 중이라 당신을 도울 수 없다는 것이 너무 미안해요.	N	2022-10-09 07:43:50	2022-10-09 07:43:50
BE22025999	5	0	당황한 마음이 진정이 안돼서 그런지 화단 쪽으로 들어가기 어려워요. 빨리 들어가서 내 화단을 다시 정리해야 할 텐데. 불개미가 수국 화분에서 나와서 내 다른 꽃들을 해치면 어쩌죠.	N	2022-10-09 07:43:50	2022-10-09 07:43:50
BE22025999	6	1	아직은 처음 발견 한 것이니까 그렇게 피해가 심각하지는 않을 거예요. 당신이 매일 화단을 가꾸면서 상태 체크를 열심히 했잖아요. 당신의 노력이 있으니 그렇게 심각한 피해는 안 생길 거라 확신해요.	N	2022-10-09 07:43:50	2022-11-08 06:09:36
BE22025999	7	0	물을 주다가 화분에서 뭐가 기어 나오길래 자세히 봤더니 개미더라고요. 그런데 한 마리가 아니라 떼로 있는 게 너무 징그러웠어요. 그 모습에 당황해서 내팽개치고 그 자리를 떠났죠.	N	2022-10-09 07:43:50	2022-10-09 07:43:50
BE22025999	8	1	잘했어요, 불개미는 호전적이라서 사람도 물잖아요. 당신이 그 자리를 바로 떠났기에 당신이 안 다치고 피해가 없었어요. 당황했다고 는 했지만 결론적으로는 잘한 것이니 너무 자책 말아요.	N	2022-10-09 07:43:50	2022-11-08 06:09:36
BE22025999	9	0	그렇게 문자 보내줘서 너무 고마워요, 당신이 이렇게 나를 위해서 위로와 격려를 해주니 힘이 생겨요. 사실 많이 놀라서 그런지 당황함이 쉽게 진정이 안돼서 당신에게 연락한 것이었어요.	N	2022-10-09 07:43:50	2022-10-09 07:43:50
BE22025999	10	1	힘이 될 수만 있다면 못할 것이 없는 사람이에요 저는. 그런데 지금 떨어져 있어서 너무 미안했는데 당신이 기회를 준 것이죠. 나의 위로가 힘이 되기 만을 바라는 마음으로 진심을 다해 문자를 보냈어요.	N	2022-10-09 07:43:50	2022-11-08 06:09:36
BE22025999	11	0	그 진심이 나에게 닿았어요, 정말 당신이 없었다면 난 진정 하지 못했을 거예요. 정말 고마워요 당신.	N	2022-10-09 07:43:50	2022-11-08 06:09:36
BE22025999	12	1	화단에서 나온 불개미 떼가 당신을 곤란하게 만든 것 같아서 걱정되는 마음이었어요. 그런데 이제 진정하고 해결책을 찾으려는 당신이 멋지다는 생각이 드네요.	N	2022-10-09 07:43:50	2022-11-08 06:09:36
BE22025999	13	0	이게 다 당신 덕분이죠. 당신이 용기를 줬잖아요. 그리고 항상 내가 관리를 한 화단이라서 괜찮을 거라고 해줘서 고마웠어요.	N	2022-10-09 07:43:50	2022-10-09 07:43:50
BE22025999	14	1	당연하죠, 당신처럼 꽃과 식물을 사랑하는 사람이 어디 있나요. 관리를 잘 받은 우리 식물들이 잘 자라고 있는데 이번에는 선물 받은 화분에서 나온 것이잖아요. 그러니 곧 잘 해결되리라 믿어 의심치 않아요.	N	2022-10-09 07:43:50	2022-11-08 06:09:36
BE22025999	15	0	역시 나를 위해서 항상 응원과 격려를 아끼지 않는 당신이라서 너무 고마워요. 오늘도 난 당신에게서 힘을 얻네요. 당황했던 마음이 진정되니까 이번 일을 해결해야겠다는 생각이 들어요.	Y	2022-10-09 07:43:50	2022-10-09 07:43:50
