id	utterance_id	utterance_type	utterance_text	terminate	regDate	updDate
BE22024531	1	0	우리 집 고양이가 미닫이 중문을 열고 현관문까지 열고 나가는 광경을 두 눈으로 똑똑히 봤어요. 정말 너무 놀라서 어찌할 바를 몰라 멀뚱히 서 있다가 정신을 차리고 달려 나가서 고양이를 데리고 들어왔어요. 다시 생각해도 안 믿기고 너무 당황스러워서 말이 안 나와요.	N	2022-10-05 12:22:22	2022-11-08 06:00:50
BE22024531	2	1	당신이 문자로 보내준 내용이지만 너무 당황스러웠겠는데요. 우리 고양이가 그렇게 행동하다니 정말 비현실적이네요. 당신의 눈으로 본 것이지만 누구라도 당황했을 거예요.	N	2022-10-05 12:22:22	2022-11-08 06:00:50
BE22024531	3	0	아직도 꿈인가 하는 생각이 들 정도라서 이렇게 당황스럽나 봐요. 우리 집 고양이가 이 정도로 똑똑한지 몰랐어요. 지금까지 우리 몰래 이렇게 나갔던 건 아닌지 의심이 될 정도예요.	N	2022-10-05 12:22:22	2022-10-05 12:22:22
BE22024531	4	1	설마 요, 그런데 그렇게 생각할 만도 해요. 고양이가 미닫이 중문을 어떻게 열겠어요. 당신의 당황스러운 감정이 충분히 공감되는 심정이네요.	N	2022-10-05 12:22:22	2022-11-08 06:00:50
BE22024531	5	0	제가 친구에게 이 말을 했는데 친구는 전혀 믿지 않더라고요. 그런데 나도 친구가 그렇게 말해 줬다면 안 믿었을 것 같긴 했어요. 당황을 넘어서는 이야기죠.	N	2022-10-05 12:22:22	2022-10-05 12:22:22
BE22024531	6	1	그런데 저는 당신이 대단하다고 생각해요. 많이 당황스러울 텐데 친구의 마음까지 이해를 해주네요. 저라면 내 말을 안 믿어주는 친구 때문에 속상할 것 같은데 역시 당신이에요.	N	2022-10-05 12:22:22	2022-11-08 06:00:50
BE22024531	7	0	그냥 저의 입장에서 생각해 본 것뿐이었어요. 우리 집 고양이 때문에 나도 그렇고 내 이야기를 믿어주는 당신도 당황 그 자체잖아요. 그런데 우리 사정을 모르는 친구는 당연히 안 믿어줄 것 같다고 생각한 것이죠. 뭐.	N	2022-10-05 12:22:22	2022-11-08 06:00:50
BE22024531	8	1	전 그게 배려라고 생각해요. 남을 편견 없이 이해하고 공감하는 당신의 면모를 이럴 때도 알 수 있다는 게 대단하죠. 그래서 저는 당신에게 본받아야 할 점이 참 많다고 생각해요.	N	2022-10-05 12:22:22	2022-11-08 06:00:50
BE22024531	9	0	전 당신에게 고마워요, 제가 많이 당황해서 두서없이 말하는 이런 내용도 다 믿어주잖아요. 내 이야기에 편견 없이 믿어주는 당신이 있어서 정말 고마워서 당황스러웠던 내 마음이 진정돼요.	N	2022-10-05 12:22:22	2022-11-08 06:00:50
BE22024531	10	1	당연히 당신을 믿죠, 이 세상에 모두가 당신의 말을 안 믿는다고 해도 난 믿어요. 그리고 당신에게 지지를 보낼 거고요.	N	2022-10-05 12:22:22	2022-11-08 06:00:50
BE22024531	11	0	당신이 그렇게 문자 해주니까 정말 고마워서 눈물이 나려고 해요. 오늘 우리 집 고양이가 미닫이 중문을 열고 현관문까지 열고 나가는 걸 봤어요. 너무 당황했지만 누가 믿어 줄까 싶어서 말할 사람이 없었어요.	N	2022-10-05 12:22:22	2022-11-08 06:00:50
BE22024531	12	1	그랬군요, 너무 비 현실적인 일이 일어났으니까 그럴 만하죠. 당신의 마음이 충분이 공감돼요. 그러니 그 마음을 달래주고 싶었어요.	N	2022-10-05 12:22:22	2022-11-08 06:00:50
BE22024531	13	0	당신은 내 문자를 편견 없이 믿어주고 나에게 칭찬까지 해줬어요. 정말 당신이 내 남편이란 사실이 감사하더라고요.	N	2022-10-05 12:22:22	2022-10-05 12:22:22
BE22024531	14	1	그렇게 생각해주면 내가 더 고맙죠. 당신에게 힘이 되어 주기로 결심한 나예요. 그런데 나 덕분에 힘이 났다고 해주니까 너무 다행이라는 생각이 들 뿐이었어요.	N	2022-10-05 12:22:22	2022-11-08 06:00:50
BE22024531	15	0	당연하죠, 당신이 나의 이야기에 공감해 주어서 내 당황스러웠던 마음이 진정되었어요. 그리고 나에 대해서 칭찬까지 해주니까 되려 기분이 좋아져서 힘이 나더라고요. 정말 고마운 마음이었어요.	Y	2022-10-05 12:22:22	2022-11-08 06:00:50
