id	utterance_id	utterance_type	utterance_text	terminate	regDate	updDate
BE22029144	1	0	여보, 부장님이 내가 결재 올리는 보고서마다 핀잔을 주네. 한두 번도 아니고 매번 이러니 정말 당황스러워서 어찌할 바를 모르겠어.	N	2022-10-14 16:51:21	2022-10-14 16:51:21
BE22029144	2	1	제출한 보고서에 문제가 있는 거야? 항상 그렇게 핀잔을 주면 당신이 일할 의욕도 떨어지겠다. 당신이 속상하고 마음이 안 좋을 것 같아서 나도 걱정이 되네.	N	2022-10-14 16:51:21	2022-11-08 06:28:28
BE22029144	3	0	업무적으로 문제가 있거나 정말 잘못된 부분이 있다면 나도 받아들이고 수정할 부분은 수정을 하겠어. 그런데 정말 별것 아닌 것들로 자꾸 지적을 하니 정말 당황스러워.	N	2022-10-14 16:51:21	2022-10-14 16:51:21
BE22029144	4	1	당신은 잘못을 알려주면 항상 고치려고 노력을 하잖아. 부장님도 이유가 있다면 말씀을 해주시면 좋을 텐데 당신이 마음고생이 너무 많을 것 같네.	N	2022-10-14 16:51:21	2022-11-08 06:28:28
BE22029144	5	0	어제는 다른 직원들 앞에서 핀잔을 주는데 당황스러워서 표정관리도 안 되더라. 다른 직원들도 정말 의아해하더라. 도대체 이러는 이유가 뭔지 이유라도 알고 싶은 심정이야.	N	2022-10-14 16:51:21	2022-11-08 06:28:28
BE22029144	6	1	다른 직원들까지 느껴질 정도면 자기 마음은 오죽하겠어. 사소한 것들로 계속 트집을 잡으면 감정이 있다고 느껴질 것 같아. 당신이 마음 상할 일이 많겠다.	N	2022-10-14 16:51:21	2022-11-08 06:28:28
BE22029144	7	0	지난번에는 다른 직원 한 것을 내가 한 줄 알고 다짜고짜 트집을 잡더라고. 그런데 내 것이 아니니까 민망해하는 모습을 보고 정말 당황스럽더라.	N	2022-10-14 16:51:21	2022-11-08 06:28:28
BE22029144	8	1	당신이 정말 기분 상했을 것 같네. 너무 마음에 담아두고 개의치 않았으면 좋겠어. 자기가 감당하기 불편한 감정은 그냥 신경 쓰지 않는 게 더 좋을 것 같아.	N	2022-10-14 16:51:21	2022-11-08 06:28:28
BE22029144	9	0	이젠 부장님이 내 이름만 불러도 깜짝 놀라게 되는 것 같아. 정말 내가 어떻게 해야 할지 모르겠어.	N	2022-10-14 16:51:21	2022-10-14 16:51:21
BE22029144	10	1	이유가 무엇인지 모르겠지만 당신이 너무 신경 쓰면 당신만 힘들어질 것 같아 걱정이야. 항상 근면 성실한 당신은 늘 그래왔던 것처럼 묵묵히 당신의 일을 해내보자. 그러면 어느새 모든 일들이 해결돼있지 않을까 싶네.	N	2022-10-14 16:51:21	2022-11-08 06:28:28
BE22029144	11	0	당신 말이 맞아, 신경 쓰기 시작하니 한도 끝도 없더라. 능률도 떨어지는 것 같고 말이야. 신경 쓰지 않고 내 할 일을 잘해서 인정받고 싶다는 생각이 드네.	N	2022-10-14 16:51:21	2022-11-08 06:28:28
BE22029144	12	1	당신은 항상 긍정적이고 밝은 사람이잖아. 의식하며 힘들어하지 말고 당신의 페이스대로 천천히 나아가면 좋을 것 같아.	N	2022-10-14 16:51:21	2022-11-08 06:28:28
BE22029144	13	0	당신이 항상 내 입장에서 생각해 주고 내 마음을 헤아려줘서 정말 고마워. 그게 나한테 얼마나 큰 힘이 되는지 몰라.	N	2022-10-14 16:51:21	2022-11-08 06:28:28
BE22029144	14	1	당신의 마음이 조금이라도 나아졌다니 나도 안심이네. 속상한 일은 훌훌 털어버리고 오후 업무도 파이팅 해!	Y	2022-10-14 16:51:21	2022-11-08 06:28:28
