id	utterance_id	utterance_type	utterance_text	terminate	regDate	updDate
BE22016305	1	0	여보, 내일부터 어린이집 여름방학인 거 알지? 아무런 준비가 없어서 당황스러워. 벌써 머리가 지끈거린다.	N	2022-08-30 01:35:09	2022-11-08 05:08:29
BE22016305	2	1	당신이 아이들 방학 동안 고생할 것을 생각하니 혼란스럽네. 나라도 시간이 되면 아이들 봐주면 좋겠는데 그러지 못해 너무 미안해.	N	2022-08-30 01:35:09	2022-08-30 01:35:09
BE22016305	3	0	그러게, 휴가라도 다녀오면 며칠이 훌쩍 지나갈 건데. 나 혼자 아이들을 감당하려니 마음이 혼란스러워. 날씨가 더워서 놀이터에서 놀기도 뭣하고 정말 당황스럽다.	N	2022-08-30 01:35:09	2022-08-30 01:35:09
BE22016305	4	1	당신 혼자 감당하기엔 무리라는 생각이 들어. 당신을 도울 방법을 고민해 볼게. 무엇보다 당신이 즐거워야 아이들도 행복해지는데 말이야.	N	2022-08-30 01:35:09	2022-11-08 05:08:29
BE22016305	5	0	온종일 먹이고 씻기고 놀아주고 청소하고 뒤치다꺼리할 생각을 하니 머릿속이 뒤죽박죽이야. 날씨까지 더우면 아이들 짜증도 만만치 않을듯해. 난 좋은 엄마가 되고 싶은데 아이들이 집에 있는 게 당황스럽다는 것도 이상한 것 같아.	N	2022-08-30 01:35:09	2022-11-08 05:08:29
BE22016305	6	1	당황스러운 것은 자연스러운 감정이니 너무 자책하지는 않았으면 좋겠어. 이제껏 당신이 아이들과 잘해온 것을 생각하면 용기가 생길 거야. 아마 당신은 아이들과 의미 있게 보내고 싶은 욕심 때문에 그런 걸 거야.	N	2022-08-30 01:35:09	2022-11-08 05:08:29
BE22016305	7	0	내가 다니는 수영장과 취미 교실을 일주일간 쉬니까 생활 리듬이 깨지는 것 같아. 내가 부족한 엄마일까? 방학이 짧으니 그나마 다행스럽게 느껴지니 나도 참 못난 엄마 같아.	N	2022-08-30 01:35:09	2022-11-08 05:08:29
BE22016305	8	1	그런 부정적인 생각은 하지 말아. 당신은 자기 삶을 잘 가꿔 나가는 것이 보기 좋아. 생활 리듬에 변화가 생기는 것에 민감할 뿐이야.	N	2022-08-30 01:35:09	2022-11-08 05:08:29
BE22016305	9	0	그렇게 말해 줘서 고마워. 내 생활을 규칙적으로 잘하듯이 아이들과 방학을 재미나게 보내도록 노력해볼게. 나랑 같이 계획을 짜보자.	N	2022-08-30 01:35:09	2022-11-08 05:08:29
BE22016305	10	1	계획에라도 참여할 수 있어서 기분 좋다. 당신을 도울 수 있는 일이라면 얼마든지 할게. 엄마가 무엇이라도 하려고 하면 아이들도 즐거운 마음으로 지낼 수 있을 것 같아 마음이 놓여.	N	2022-08-30 01:35:09	2022-11-08 05:08:29
BE22016305	11	0	엄마라는 역할에 미숙하지만 노력해 볼게. 일단 잘 먹이고 신나게 놀도록 해 줘야지. 나 너무 바보 같지?	N	2022-08-30 01:35:09	2022-08-30 01:35:09
BE22016305	12	1	엄마 노릇을 잘하려는 마음과 자신 없는 마음이 충돌해서 잠시 당황했던 거지. 당신은 닥치면 누구보다 열심히 잘 해내잖아. 그러니까 우리 아이들이 저렇게 밝게 잘 자라는 거야.	N	2022-08-30 01:35:09	2022-11-08 05:08:29
BE22016305	13	0	미숙한 엄마를 잘한다고 말해주니 용기가 막 생기네. 더 잘하려는 욕심을 줄이고 평범한 일상을 웃음으로 채우도록 해 볼게. 아이들에게 이 순간은 정말 소중하잖아.	N	2022-08-30 01:35:09	2022-11-08 05:08:29
BE22016305	14	1	당신 너무 멋지다. 아이들에게 웃음만큼 더 좋은 것이 있을까. 당신의 그런 마음이 난 너무 좋아.	N	2022-08-30 01:35:09	2022-11-08 05:08:29
BE22016305	15	0	항상 내 곁에서 내 마음 편하게 해줘서 고마워. 당신이 내 남편이라서 정말 든든해. 휴가비로 맛있는 요리도 해 먹고 신나는 체험 놀이도 다녀와야지.	N	2022-08-30 01:35:09	2022-11-08 05:08:29
BE22016305	16	1	일단 당황스러운 일이 있어도 지금처럼 꼭 나에게 표현해 줘. 난 항상 당신에게 공감할 준비가 되어있으니까.	N	2022-08-30 01:35:09	2022-11-08 05:08:29
BE22016305	17	0	당신이 내 이야기를 잘 들어주니까 내 감정이 막히다가도 순순히 흐르는 것 같아.	Y	2022-08-30 01:35:09	2022-11-08 05:08:29
