id	utterance_id	utterance_type	utterance_text	terminate	regDate	updDate
BE22004606	1	0	어이쿠, 삭신이야. 오랜만에 등산을 했더니 온몸이 다 아프네.	N	2022-06-28 08:22:53	2022-11-08 03:54:02
BE22004606	2	1	등산하고 오더니 몸살이 났나 보네요. 자면서도 계속 앓는 소리를 내던데, 괜찮아요?	N	2022-06-28 08:22:53	2022-11-08 03:54:02
BE22004606	3	0	오랜만에 친구들과 등산을 했더니 무리했나 봐. 몸살이 심하게 난 것 같아. 기껏 등산하고 나서 몸살이 났다고 하면 친구들이 모두 비웃겠지?	N	2022-06-28 08:22:53	2022-11-08 03:54:02
BE22004606	4	1	평상시에 운동을 안 하다가 갑자기 등산을 하니까 근육이 놀랐나 봐요. 친정에서 집으로 가는 길에 약을 지어갈까요?	N	2022-06-28 08:22:53	2022-11-08 03:54:02
BE22004606	5	0	아니야. 당신 올 때까지 푹 자고 나면 괜찮아질 거야. 이제 나도 늙었나 봐. 옛날엔 펄펄 날았는데, 이제는 기껏 산에 올라갔다 왔다고 몸이 이 지경이니말야.	N	2022-06-28 08:22:53	2022-11-08 03:54:02
BE22004606	6	1	늙었다고 자책하지 말아요. 당신은 아직 젊고 멋져요. 단지 등산이 무리가 되었을 뿐이에요.	N	2022-06-28 08:22:53	2022-11-08 03:54:02
BE22004606	7	0	아직 젊다고 말해주니까 기분은 참 좋네. 근데 운동을 하긴 해야겠어. 친구들은 아직도 날다람쥐처럼 산에 오르더라구.	N	2022-06-28 08:22:53	2022-11-08 03:54:02
BE22004606	8	1	맞아요. 이제부터는 아무리 바쁘더라도 조금씩 운동을 하는 것이 좋겠어요. 저녁 먹고 소파에 누워 티브이만 보니까 소화도 안 되더라구요.	N	2022-06-28 08:22:53	2022-11-08 03:54:02
BE22004606	9	0	당신 말이 맞아. 운동을 안 하니까 배만 나오고, 점점 더 게을러지는 것 같아서 가끔은 내가 나를 봐도 한심해. 등산했다고 몸살이나 나고 말이야.	N	2022-06-28 08:22:53	2022-11-08 03:54:02
BE22004606	10	1	약 넣어 놓는 서랍에 보면 쌍화탕이 있으니까 따끈하게 데워 먹고 푹 자도록 해요. 그래야 몸살 기운이 사라지지요.	N	2022-06-28 08:22:53	2022-11-08 03:54:02
BE22004606	11	0	그래? 얼른 데워먹고 쉬어야겠네. 친구들에게는 내가 몸살 났다는 거 비밀로 해, 창피하니까.	N	2022-06-28 08:22:53	2022-11-08 03:54:02
BE22004606	12	1	알았어요. 비밀 보장이니까 걱정 말고 어서 자요. 집에 가서 삼계탕 끓여줄 테니 먹고 기운내요.	N	2022-06-28 08:22:53	2022-11-08 03:54:02
BE22004606	13	0	역시 내 걱정해주는 것은 당신밖에 없어. 고마워.	N	2022-06-28 08:22:53	2022-11-08 03:54:02
BE22004606	14	1	내일부터는 건강을 위해 조금씩이라도 걷자구요. 걷는 것이 혈액순환에도 좋다잖아요. 열심히 걷고 운동하다 보면 근육이 생겨서 산에 오르더라도 많이 힘들지는 않을 거예요.	N	2022-06-28 08:22:53	2022-11-08 03:54:02
BE22004606	15	0	당신 말이 맞아. 체력은 국력이라고 했어. 열심히 체력을 키워서 비실거리는 남편의 모습이 아니라 힘이 솟는 근육맨의 모습을 보여줄 테니 기대해도 좋아.	N	2022-06-28 08:22:53	2022-11-08 03:54:02
BE22004606	16	1	그래요. 근육맨으로 건강하게 오래오래 행복하게 살자구요.	Y	2022-06-28 08:22:53	2022-11-08 03:54:02
