id	utterance_id	utterance_type	utterance_text	terminate	regDate	updDate
BE22029730	1	0	여보, 오늘 손자들이 병문안을 왔어. 과일바구니까지 가져오다니 참 기특한 아이들이야. 그런데 단지 내가 모르는 이야기만 하니, 뭐라고 대답해야 할지 너무 당황스럽구려!	N	2022-10-15 17:14:35	2022-10-15 17:14:35
BE22029730	2	1	이해해요, 요즘 애들은 무슨 말이든 죄다 줄여버리고 외국어와 질서 없이 섞어 쓰잖아요. 저도 며칠 전 버스 정류장에서 옆의 아가씨가 열심히 뭐라 통화를 하는데, 같은 한국어인지도 의심스럽더군요. 기껏 찾아와준 손주들인데, 하나도 알아들을 수 없으니 당신이 얼마나 난처하고 곤혹스러웠을까요.	N	2022-10-15 17:14:35	2022-11-08 06:32:01
BE22029730	3	0	쓰는 어휘도 다르고, 얘기 주제도 달라서 내가 이해할 수 있는 게 하나도 없어. 지금도 듣자 하니 요즘 뜨는 연예인 얘기 같은데 죄다 처음 들어보는 이름들이야. 그런데 내게 누가 좋냐고 물어봐도 정말 당혹스럽지!	N	2022-10-15 17:14:35	2022-10-15 17:14:35
BE22029730	4	1	너무 당황하지 마세요, 우리 손주들이 얼마나 착하고 어른스러운가요. 솔직하게 모른다고 말해주면, 분명 할아버지를 배려해서 이야기할 거예요.	N	2022-10-15 17:14:35	2022-11-08 06:32:01
BE22029730	5	0	하지만 나는 즐거울지라도 손주들은 하고 싶은 얘기도 못 해 얼마나 불편하겠어? 이렇게 손주들과 느긋하게 잡담을 나누는 것도 정말 오랜만인걸. 내가 언제 갈지도 모르는데 이 귀중한 시간을 망칠지도 모른다니 곤혹스러워 어찌할 바를 모르겠어!	N	2022-10-15 17:14:35	2022-10-15 17:14:35
BE22029730	6	1	아직 정정한 당신이 갈려면 한참 멀었으니 부담 갖지 마세요. 손주들도 당신이 당황할수록 불편해질 테죠. 흠결 없이 완벽한 시간을 보내야 한다는 고집을 버린다면 당신 마음도 편해질 거예요.	N	2022-10-15 17:14:35	2022-11-08 06:32:01
BE22029730	7	0	하지만 그래도 명색이 할아버지인데 손주들에게 멋있게 기억되고 싶은걸. 무슨 말 할 때마다 다시 설명해달라고 맥을 끊는 멋없는 노인네라니! 손주들이 기억하는 내 마지막 모습이 그렇게 될지도 모른다니 어떻게 해야 할지 정말 당황스러워!	N	2022-10-15 17:14:35	2022-10-15 17:14:35
BE22029730	8	1	여보, 당신도 잘 알다시피 허세와 거짓은 결국엔 문제를 악화시킬 뿐이에요. 괜찮아요, 모르는 걸 아는 척하는 것 이외에도 좋은 방법은 많은 거예요. 침착하게 생각해 보시면 분명 잘 될 거예요.	N	2022-10-15 17:14:35	2022-11-08 06:32:01
BE22029730	9	0	그렇지만 내가 정말 요즘 아이들과 잘 소통할 수 있을 까? 애들이 쓰는 밈이란 것도 모르겠고, 저 말이 왜 웃긴 줄도 모르겠어. 착한 손주들이 지루하다는 말도 못 하고 참게 만드는 건 아닐지 몰라 너무 당혹스럽기 그지없어!	N	2022-10-15 17:14:35	2022-10-15 17:14:35
BE22029730	10	1	너무 걱정하지 마세요, 당신이 얼마나 손주들을 아꼈나요. 어릴 때부터 손수 돌보고 업고 다니던 당신을 그 애들도 병아리처럼 따라다니던 모습이 생생하기만 한걸요. 당신이 모르는 말만 하는 손주들도 사랑하는 것처럼, 손주들은 이야기를 이해하지 못하는 당신도 사랑할 거예요.	N	2022-10-15 17:14:35	2022-11-08 06:32:01
BE22029730	11	0	당신이 옳구려, 말도 못 알아듣는 부끄러운 모습을 보여주고 싶지 않다는 내 욕심에만 급급했어. 내 건강을 걱정해 온 손주들이 정말 원하는 건 그냥 있는 그대로의 나일 텐데 말이야. 내 과오를 인정하고 욕심을 버리니 마음도 평온해지네.	N	2022-10-15 17:14:35	2022-10-15 17:14:35
BE22029730	12	1	여러 우여곡절을 겪어온 당신이라면 금세 평정을 되찾을 줄 알았어요. 당신 말대로 평상시대로만 해도 충분할 테니 무리하지 마세요.	N	2022-10-15 17:14:35	2022-11-08 06:32:01
BE22029730	13	0	고맙구려, 당신이 내 얘기에 경청해주지 않았더라면, 뻔히 보이는 허세를 부리며 손주들만 곤란하게 할 뻔했어. 오랜 세월 동안 늘 나를 지지해줬던 당신에게 참 감사해.	N	2022-10-15 17:14:35	2022-10-15 17:14:35
BE22029730	14	1	저야말로 당신이 없었더라면 홀로 지금까지 견뎌오지 못했을 거예요. 제가 당신을 도울 수 있었다면 그저 기쁘네요.	Y	2022-10-15 17:14:35	2022-10-15 17:14:35
