id	utterance_id	utterance_type	utterance_text	terminate	regDate	updDate
BE22014432	1	0	여보. 이번 주 내내 집에 늦게 들어갔는데 오늘도 늦을 것 같아. 거래처 사장님하고 저녁 먹어야 할 것 같아. 근데 지금 돈도 없는데 너무 비싼 식당이라 조금 당황스러워.	N	2022-08-17 07:07:46	2022-08-17 07:07:46
BE22014432	2	1	요새 돈 걱정을 많이 했으니 당황스러울 만도 하네요. 그런데 오늘도 늦게 오면 피곤해서 어떻게 해요. 당신 요즘 잠을 너무 못 자서 걱정이네요.	N	2022-08-17 07:07:46	2022-11-08 04:56:51
BE22014432	3	0	괜찮아. 집에 가서 얼른 씻고 자면 되니까 너무 염려 말아. 하지만 요즘 집안 가계 사정도 어려운데 비싼 대접을 하게 되니 황당하고 당신에게 미안하네.	N	2022-08-17 07:07:46	2022-08-17 07:07:46
BE22014432	4	1	당신이 그런 선택을 했다면 다 사정이 있겠죠. 무슨 일인지 자세히 말해 줄래요?	N	2022-08-17 07:07:46	2022-08-17 07:07:46
BE22014432	5	0	지난번부터 거래처 사장님이 너무 과하게 비싼 음식들을 대접해주셨거든. 매번 얻어먹기만 해서 이번에는 내가 사야 할 것 같아.	N	2022-08-17 07:07:46	2022-08-17 07:07:46
BE22014432	6	1	그동안 맛있는 음식 많이 사주신 사장님 말씀인가요? 그래도 당신에게 늘 잘해 주셔서 너무 감사하죠. 일하느라 저녁도 잘 못 먹는데 맛있는 음식 챙겨주셨잖아요.	N	2022-08-17 07:07:46	2022-11-08 04:56:51
BE22014432	7	0	그게 말이야. 알고 보니 1인분에 20만원 하는 일식집을 예약해 놓으셨더라고. 나도 어딘지 찾아보다가 알게 됐어. 내가 남의 시선을 의식하느라 이렇게 비싼 밥을 먹어야 하나 좀 당황스럽더라고.	N	2022-08-17 07:07:46	2022-08-17 07:07:46
BE22014432	8	1	여보. 진짜 고민 많겠어요. 우리 가족을 위해서 열심히 일하느라 그런 거니 마음 편하게 대접해드려요. 그래도 회사 생활하다 보면 남들에게 맞춰야 하는 상황도 있으니까 너무 염려하지 말아요.	N	2022-08-17 07:07:46	2022-11-08 04:56:51
BE22014432	9	0	내가 지금까지 3번 연속 식사를 얻어먹었거든. 그동안도 비싸고 좋은 식당에서 계속 먹어서 이번에는 내가 사야지 했는데 여기는 진짜 너무 비싸네. 아, 이 돈이면 우리 가족들 외식할 수 있는데 말이야.	N	2022-08-17 07:07:46	2022-11-08 04:56:51
BE22014432	10	1	감사한 마음으로 식사 맛있게 하면 당신도 마음이 편해질 것 같아요. 여보 나한테 미안해하지 말고 마음 편하게 맛있게 식사하세요.	N	2022-08-17 07:07:46	2022-11-08 04:56:51
BE22014432	11	0	당신이 집안일 하면서 생활비 아껴 쓰는 거 아는데 우리 형편에 이런 식사 대접이 말이 될까? 지금이라도 취소하는 게 낫지 않을까?	N	2022-08-17 07:07:46	2022-11-08 04:56:51
BE22014432	12	1	매번 있는 일도 아니니까 기분 좋게 마음 비우고 대접 잘 해드려요. 나도 더 아껴서 당신 뒷바라지하면 되니까 기운 내고 잘 다녀와요.	N	2022-08-17 07:07:46	2022-11-08 04:56:51
BE22014432	13	0	내가 당신 볼 면목이 없는데 이야기하다 보니 당신이 나를 더 챙겨줘서 고마워. 마음이 무거웠는데 잘하고 오라고 격려해주니 당황스러웠던 마음이 풀린 것 같아.	N	2022-08-17 07:07:46	2022-11-08 04:56:51
BE22014432	14	1	나는 당신이 하는 모든 일을 응원하고 믿어요. 당신이 이유 없이 어떤 일을 하는 사람이 아니니까. 당신은 신중한 사람이라서 당신이 하는 일들을 늘 지지해요.	N	2022-08-17 07:07:46	2022-11-08 04:56:51
BE22014432	15	0	이따가 저녁 얼른 먹고 집으로 바로 들어갈게. 그래도 당신과 상의하니 훨씬 마음이 가벼워진다. 고마워. 이따 봐.	Y	2022-08-17 07:07:46	2022-08-17 07:07:46
