id	utterance_id	utterance_type	utterance_text	terminate	regDate	updDate
BE22027861	1	0	여보, 우리 형 때문에 너무 당황스러워. 형에게 돈을 빌려줬었는데 아직도 갚지 않아. 우리가 적금도 꺠서 빌려준 거라 큰 액수잖아. 	N	2022-10-13 00:07:48	2022-11-08 06:20:41
BE22027861	2	1	가족을 소중히 생각하는 당신이라 더 속이 상한 것 같아. 잠깐 빌려달라고 하셔서 우리가 적금을 깬 거라 당신이 나에게도 미안해하는 것 같아서 마음이 무거웠어. 	N	2022-10-13 00:07:48	2022-11-08 06:20:41
BE22027861	3	0	맞아. 당신이 애써 모은 돈이라 더 마음이 아프고, 또 형에게 말을 꺼냈다간 형이 민망해할까 봐 말을 도저히 못 하겠어. 그렇다고 가만히 있을 수도 없는 노릇이잖아.	N	2022-10-13 00:07:48	2022-11-08 06:20:41
BE22027861	4	1	당신이 형을 아끼는 만큼 형도 당신을 아낀다는 것을 잘 알잖아. 너무 걱정하지 말고 마음을 터놓고 한번 이야기를 해보면 어떨까?	N	2022-10-13 00:07:48	2022-11-08 06:20:41
BE22027861	5	0	형은 늘 가족 중에 믿을 사람이 나밖에 없다 하잖아. 나까지 형에게 어려운 말을 하면큰 상처를 받지 않을까? 우애가 이 망가질질까 봐 겁도 나고, 이런 상황을 예측하지 못해서 당황스럽기도 해.	N	2022-10-13 00:07:48	2022-11-08 06:20:41
BE22027861	6	1	당신을 그토록 믿고 소중히 여기는 형잖아. 당신이 이런 생각을 하는 것을 안다면 속이 상하실 거야. 그러니 형을 위한다면 마음을 털어놓는 게 낫지 않을까 싶어.	N	2022-10-13 00:07:48	2022-11-08 06:20:41
BE22027861	7	0	더 큰 문제는 형이 또 돈을 빌려달라고 한다는 거야. 어떻게 해야 할지 너무 당황스러워. 거절할 말이 생각나지 않아.	N	2022-10-13 00:07:48	2022-11-08 06:20:41
BE22027861	8	1	하지만 언제까지 미뤄둘 수 없으니 형과 마주해야만 해. 지금 당신보다 형이 더 마음을 졸이실지도 몰라. 상황이 얼마나 안 좋은 건지 이야기도 들어보고. 	N	2022-10-13 00:07:48	2022-11-08 06:20:41
BE22027861	9	0	하지만 내가 형을 다치지 않게 하면서 잘 말할 수 있을까? 오히려 상황이 나빠지면 어떻게 해.	N	2022-10-13 00:07:48	2022-11-08 06:20:41
BE22027861	10	1	너무 염려하지 마. 당신은 누군가에게 진심이 느껴지게 하는 진실한 사람이야. 형과도 진솔한 이야기를 나눌 수 있을 거야.	N	2022-10-13 00:07:48	2022-11-08 06:20:41
BE22027861	11	0	당신이 옳아. 어차피 피할 수 없는 일이라면 최선을 다할 수밖에 없어. 당신에게 털어놓고 나니 현실을 마주하니 혼란스러웠던 마음도 이제 진정이 돼.	N	2022-10-13 00:07:48	2022-11-08 06:20:41
BE22027861	12	1	당신 마음이 가벼워져서 다행이야. 나에게 미안하다는 생각은 하지 마. 자기의 형이면 나에게도 오빠나 다름없는 가족이잖아.	N	2022-10-13 00:07:48	2022-11-08 06:20:41
BE22027861	13	0	고마워, 당신의 진심이 담긴 위로와 격려가 아니었다면 용기가 나질 않았을 거야. 늘 날 믿어주는 당신이 있어 참 든든해.	N	2022-10-13 00:07:48	2022-11-08 06:20:41
BE22027861	14	1	나야말로 외로울 때나 힘들 때 항상 당신에게서 많은 위안을 받는걸. 형과 이야기를 잘 나누길 바라.	Y	2022-10-13 00:07:48	2022-11-08 06:20:41
