id	utterance_id	utterance_type	utterance_text	terminate	regDate	updDate
BE22029189	1	0	여보, 오늘 장례식장에 가서 절을 하는데 양말에 구멍이 난 거 있지. 너무 당황스럽고 부끄러워서 지금도 계속 앉아 있어. 주변에 편의점 같은 것도 없어서 난감하기만 해.	N	2022-10-15 00:34:46	2022-10-15 00:34:46
BE22029189	2	1	아이코, 당신이 처음에 구멍을 발견하고 많이 당황했을 것 같아. 하지만 중요한 건 고인을 위해 기도하고, 가족들을 위로하는 일이잖아. 그 누구도 그걸 이상하다고 생각하지 않을 거야.	N	2022-10-15 00:34:46	2022-11-08 06:28:45
BE22029189	3	0	장례식장에 맞는 예의가 필요한데 내가 너무 무신경했나 봐. 사실 평소에 검은 양말을 신을 일이 없으니까 제대로 안 보고 나왔거든. 그런데 이렇게 커다란 구멍이 나 있으니 너무 당황스럽기만 해.	N	2022-10-15 00:34:46	2022-10-15 00:34:46
BE22029189	4	1	당신은 무신경한 게 아니라 부고 소식을 듣고 정신없이 장례식장에 간 거잖아. 난 당신이 새벽에 옷을 입고 한달음에 출발하는 걸 보고 많이 놀랐는걸. 나에게도 저런 친구가 한 명 있으면 외롭지 않겠다는 생각까지 들었어.	N	2022-10-15 00:34:46	2022-11-08 06:28:45
BE22029189	5	0	가장 친한 친구 어머님의 장례식장이라 지금 당장 집에 갈 수도 없어. 적어도 내일 아침 발인까지는 함께 있어야 하는데 양말에 구멍이 자꾸 생각나니까 너무 답답해. 사실 이런 걸 생각해야 하는 장소는 아니니까 말이야.	N	2022-10-15 00:34:46	2022-10-15 00:34:46
BE22029189	6	1	당신의 당황스러움이 내가 있는 곳까지 느껴져서 너무 속상하다. 하지만 나는 당신이 그 부분에 대해 부끄러워할 필요는 없다고 생각해. 사실 양말의 구멍은 잘 보이지도 않을 거야.	N	2022-10-15 00:34:46	2022-11-08 06:28:45
BE22029189	7	0	다른 것보다 상주인 친구가 구멍 난 양말을 신고 온 나를 볼까 봐 좀 그래. 지금 장례식장을 지키느라 얼마나 바쁘고 정신이 없겠어. 그런 와중에 내 양말을 보면 얼마나 어이가 없을까.	N	2022-10-15 00:34:46	2022-10-15 00:34:46
BE22029189	8	1	아마 그 친구는 당신의 마음을 먼저 보고 감동을 하지 않을까. 자기가 힘들 때 곁을 지켜주는 사람만큼 고마운 사람이 없으니까 말이야. 나는 당신이 지금 그곳에서 친구의 마음을 염려하는 것도 참 근사하다 생각해.	N	2022-10-15 00:34:46	2022-11-08 06:28:45
BE22029189	9	0	사실 지금 자리에 앉아 있는 게 아니라 장내를 돌면서 일을 돕고 싶거든. 이것저것 설거지도 하고 말이야. 그런데 양말이 신경 쓰여서 계속 한자리에 있었어.	N	2022-10-15 00:34:46	2022-10-15 00:34:46
BE22029189	10	1	기왕 친구의 곁을 지키기로 했으니 더는 양말을 신경 쓰지 않고 장례식장에 충실하면 어떨까. 그러면 지금 당신 마음도 한결 나아질 것 같아. 중요한 건 친구를 위로하는 일이니까 말이야.	N	2022-10-15 00:34:46	2022-11-08 06:28:45
BE22029189	11	0	맞아, 이제라도 일어나서 친구를 도와야겠어. 내가 지금 사소한 것에 신경을 쓰고 있었던 것 같아. 당신과 얘기하고 문제가 해결됐어. 정말 고마워.	N	2022-10-15 00:34:46	2022-10-15 00:34:46
BE22029189	12	1	나는 자기가 친구의 마음을 헤아리는 걸 보고 감동을 하였는걸. 누군가 어려운 상황에 부닥칠 때마다 가장 먼저 가서 그 자리를 지키는 것도 말이야. 당신은 참 마음이 따뜻한 사람인 것 같아.	N	2022-10-15 00:34:46	2022-11-08 06:28:45
BE22029189	13	0	당신이 그렇게 말해주니까 내가 꽤 근사한 사람이 된 기분이다. 앞으로는 당신의 곁을 묵묵히 지킬 거야. 오늘도 내 얘기를 들어줘서 정말 고마워.	N	2022-10-15 00:34:46	2022-10-15 00:34:46
BE22029189	14	1	나야말로 당신에게 고마운 일 투성이지. 집에 조심히 돌아와야 해. 내가 늘 같은 자리에서 기다리고 있을게.	Y	2022-10-15 00:34:46	2022-11-08 06:28:45
