id	utterance_id	utterance_type	utterance_text	terminate	regDate	updDate
BE22028604	1	0	여보 나 지금 머릿속이 너무 복잡해. 내 상황이 너무 당황스럽네.	N	2022-10-14 00:44:44	2022-10-14 00:44:44
BE22028604	2	1	무슨 일 때문에 그래? 안 좋은 일이라도 생긴 거야?	N	2022-10-14 00:44:44	2022-10-14 00:44:44
BE22028604	3	0	별 건 아닌데, 요즘 숙취가 너무 오래가는 것 같아. 전에는 이 정도까진 아니었던 것 같아서 당황스럽네. 체력이 예전 같지 않은 것 같아서 놀랐어.	N	2022-10-14 00:44:44	2022-10-14 00:44:44
BE22028604	4	1	원래 별것 아니라고 느껴진 게 갑자기 힘들고 버겁다고 느껴져서 당황했구나. 평소 생각했던 것들과 다른 결과에 당신이 혼란스러움을 느낄 만도 해.	N	2022-10-14 00:44:44	2022-11-08 06:25:12
BE22028604	5	0	그래서 숙취를 느끼는 와중에도 어안이 벙벙해. 심지어 요즘은 많이 마시지도 않는데 이래도 되나 싶네. 너무 당황스러워서 잠시 숙취를 잊었을 정도로 어찌할 줄 모르겠어.	N	2022-10-14 00:44:44	2022-10-14 00:44:44
BE22028604	6	1	뭐 때문에 당황스러운지 알 것 같아, 나도 요즘에 몸이 예전 같지 않다는 느낌을 받아. 전에는 분명 쉽고 거뜬했던 것들도 이젠 버거울 때가 있더라. 자기도 이런 심정을 느껴서 당황한 거지?	N	2022-10-14 00:44:44	2022-10-14 00:44:44
BE22028604	7	0	응, 밤새 술을 마신 것도 아니고 조금 마신 것뿐인데 이러니까. 아직 한창인 나이에 이런 걸로 힘들어하는 내 모습이 창피하기까지 해. 그동안 자기관리를 얼마나 엉망으로 했으면 이렇게 됐을까 싶은 마음에 당황해서 자괴감도 드네.	N	2022-10-14 00:44:44	2022-10-14 00:44:44
BE22028604	8	1	당신이 예전 같지 않은 체력에 당황해서 비관적인 생각하는 것 이해해. 그래도 그걸로 자기관리를 운운하며 자신을 절벽으로 몰아가지는 마. 일하기도 바쁘니 그만큼 운동할 시간이 없었던 거잖아, 아직 늦지 않았으니 이제 시작하면 돼.	N	2022-10-14 00:44:44	2022-11-08 06:25:12
BE22028604	9	0	그래도 이렇게까지 체력이 나빠질 줄은 몰라서 당황스럽고 놀랐어. 그동안 젊음만 믿고 내가 나를 너무 과신했었나 봐.	N	2022-10-14 00:44:44	2022-11-08 06:25:12
BE22028604	10	1	나도 당신 마음 알아, 비슷한 고민을 최근까지 했었던 것 같아. 그럴 땐 당황에 갇혀있기보다는 어떻게 해야 다시 좋아질 수 있을지 생각하는 게 좋더라. 과거의 나를 후회하며 채찍질하기보다는 앞으로의 계획을 생각하는 게 더 긍정적인 효과를 주더라.	N	2022-10-14 00:44:44	2022-11-08 06:25:12
BE22028604	11	0	경험에서 우러나오게 조언해 줘서 고마워. 당신 말이 무슨 뜻인지 알 것 같아.	N	2022-10-14 00:44:44	2022-11-08 06:25:12
BE22028604	12	1	당신도 이미 정답을 알고 있을 거야. 지금은 당황해서 다른 생각이 나지 않겠지만 조금만 침착해지면 안 보이던 게 보일걸.	N	2022-10-14 00:44:44	2022-11-08 06:25:12
BE22028604	13	0	이야기 들어줘서 고마워. 사실 털어놓고 나니 그리 심각한 것도 아닌 것 같네. 덕분에 차분하게 생각할 수 있을 것 같아.	N	2022-10-14 00:44:44	2022-10-14 00:44:44
BE22028604	14	1	당황하며 누구나 그럴 수도 있는 거지. 그래도 당신 기분이 점점 나아지고 있는 것 같아서 다행이다.	N	2022-10-14 00:44:44	2022-10-14 00:44:44
BE22028604	15	0	당신이 들어준 덕분이지. 따뜻하게 위로해줘서 고마워.	Y	2022-10-14 00:44:44	2022-11-08 06:25:13
