id	utterance_id	utterance_type	utterance_text	terminate	regDate	updDate
BE22029397	1	0	여보, 나 지금 언니가 조카를 갑자기 맡기고 갔는데 너무 당황스러워. 돌도 안 된 아기를 경험도 없는 내가 어떻게 보지?	N	2022-10-15 07:13:41	2022-11-08 06:30:01
BE22029397	2	1	완전 당황스러운 상황이네. 처형이 급한 일이 있으셨나보네. 그래도 아기 보는 일이 엄청 어려운 일인데 어떡할지 당황되고 걱정되겠다.	N	2022-10-15 07:13:41	2022-11-08 06:30:01
BE22029397	3	0	완전 정신이 무너져 내리는 것 같아. 언니가 쉽게 생각하라는 데 아무 생각도 안 나. 그리고 지금 아기가 계속 우는데 어떻게 해야 할 지 모르겠어.	N	2022-10-15 07:13:41	2022-11-08 06:30:01
BE22029397	4	1	듣는 나도 식은 땀이 나는데 당신 너무 당황스럽고 힘들겠다.	N	2022-10-15 07:13:41	2022-10-15 07:13:41
BE22029397	5	0	계속 우는데 그 소리가 마치 알람이 계속 울리는 것 같아. 제정신이 아니야 지금.	N	2022-10-15 07:13:41	2022-10-15 07:13:41
BE22029397	6	1	아기가 뭘 원하는 게 있을 텐데 그걸 몰라서 당황스러운가 보다. 일단 아기는 원래 우는 게 정상이다 이런 마음을 가지면 좋을 것 같아. 성인의 울음과는 다른 거니까 너무 놀라지 마.	N	2022-10-15 07:13:41	2022-11-08 06:30:01
BE22029397	7	0	맞아. 좋은 조언이야. 누가 우는 소리 듣는 거 힘들어하는데 아기는 우는게 당연한 거잖아. 내가 좀 마인드를 바꾸긴 해야 오늘을 버티겠다.	N	2022-10-15 07:13:41	2022-10-15 07:13:41
BE22029397	8	1	맞아. 지금 너무 잘 하고 있으니까 배고픈 지 기저귀를 갈았는지 졸린 지 그런 거 확인하면 좋겠다.	N	2022-10-15 07:13:41	2022-11-08 06:30:01
BE22029397	9	0	응. 지금 일단 잠들었는데 기진맥진이야. 아기보다 내가 더 힘든 것 같아. 정말 아기 보는 일은 대단한 일인 것 같아.	N	2022-10-15 07:13:41	2022-11-08 06:30:01
BE22029397	10	1	그럼. 엄청난 일이지. 조금만 한 눈을 팔아도 아이는 목숨이 위태로는 거니까. 엄청 큰 일을 잘 해내고 있는 거야. 대단해.	N	2022-10-15 07:13:41	2022-10-15 07:13:41
BE22029397	11	0	그렇게 말해주니 조금 위안이 된다. 자꾸 허둥지둥 하면서 뭔가 내가 실수하는 느낌이 들었거든.	N	2022-10-15 07:13:41	2022-10-15 07:13:41
BE22029397	12	1	처음이니까 실수하는 게 당연하지. 연습도 없이 본 게임에 투입된 거잖아. 너무 잘 하려고 하지 말고 아이의 안전만 신경 쓰면 될 거야.	N	2022-10-15 07:13:41	2022-11-08 06:30:01
BE22029397	13	0	그래. 맞아. 내가 너무 당황 되서 잠시 정신을 잃었던 것 같아. 자기랑 얘기하고 편안해졌어.	N	2022-10-15 07:13:41	2022-11-08 06:30:01
BE22029397	14	1	생각보다 시간이 빨리 안 가서 힘들지? 그래도 하루 종일 있다 보면 정들겠다. 고생 많이 하는데 식사 거르지는 마.	N	2022-10-15 07:13:41	2022-11-08 06:30:01
BE22029397	15	0	고마워. 용기 내서 한 번 잘 해볼게. 차분한 마음으로. 이따 임무를 완수하고 전화할게.	Y	2022-10-15 07:13:41	2022-10-15 07:13:41
