id	utterance_id	utterance_type	utterance_text	terminate	regDate	updDate
BE22021799	1	0	나 어제 회사에서 정말 당황한 일이 있었어. 업체에서 만난 사람이 나를 보며 반갑게 인사하는데 도저히 누구인지 모르겠더라고.	N	2022-09-27 01:01:56	2022-11-08 05:44:43
BE22021799	2	1	중요한 미팅이라고 하지 않았어? 당신이 정말 당황했겠다. 당신은 그래서 어떻게 인사를 했어?	N	2022-09-27 01:01:56	2022-11-08 05:44:43
BE22021799	3	0	맞아 정말 중요한 자리였어. 신입 직원이라고 소개하는데 어찌나 반갑게 인사하던지. 그런데 아무리 기억 해내려고 해도 도저히 누군지 기억이 안 나서 제대로 인사를 못 했어.	N	2022-09-27 01:01:56	2022-11-08 05:44:43
BE22021799	4	1	당황한 마음도 들었겠지만 상대에게 괜히 미안한 마음도 들었겠다. 기억이 나지 않는다고 사실대로 말했어?	N	2022-09-27 01:01:56	2022-11-08 05:44:43
BE22021799	5	0	솔직하게 말했어야 했는데 그 자리에서 나도 모르게 얼버무렸어. 그 뒤로는 중요한 이야기를 나누고 미팅 끝에는 어영부영 헤어졌어.	N	2022-09-27 01:01:56	2022-09-27 01:01:56
BE22021799	6	1	결국 그 사람이 누군지 모르는 거야? 앞으로 계속 같이 일을 해야 할 텐데 솔직하게 말하는 게 좋지 않을까? 어떻게 말해야 그 직원이 기분이 나쁘지 않을지 한번 생각해 보는 것도 좋겠다.	N	2022-09-27 01:01:56	2022-11-08 05:44:43
BE22021799	7	0	다음 주에도 만나야 하는 업체라 아무래도 그래야 할 것 같아. 다른 직원에게 물어보는 것보다 직접 물어보는 게 좋겠지?	N	2022-09-27 01:01:56	2022-09-27 01:01:56
BE22021799	8	1	그게 좋을 것 같아. 회사에서 알게 된 사람이 아닐 수도 있잖아? 당신을 반기며 이름까지 부르는 사이면 당신에 대한 기억이 좋은 게 아닐까?	N	2022-09-27 01:01:56	2022-11-08 05:44:43
BE22021799	9	0	당신 말이 맞아. 그 자리에서 웃으며 바로 물어봤으면 좋았을 텐데, 너무 당황해서 그러지 못한 것이 아쉽네. 다음 주 미팅 전엔 따로 연락해 봐야겠다.	N	2022-09-27 01:01:56	2022-09-27 01:01:56
BE22021799	10	1	당황하면 바로 물어보기가 어렵지. 나라도 그랬을 거야. 당신이 기분 나쁘지 않게 잘 이야기한다면 재미있는 에피소드로 남을 수도 있어.	N	2022-09-27 01:01:56	2022-11-08 05:44:43
BE22021799	11	0	그렇게 되도록 잘 이야기해 봐야겠다. 민망하기도 하고 순간적으로 당황스러워서 판단으로 잘못한 것 같아.	N	2022-09-27 01:01:56	2022-09-27 01:01:56
BE22021799	12	1	누구라도 나는 기억을 못 하는데 나를 안다면 당황스러워할 것 같아. 좋게 대화한다면 큰 문제가 될 것 같지 않은데? 너무 마음 쓰지 마.	N	2022-09-27 01:01:56	2022-11-08 05:44:43
BE22021799	13	0	당신한테 말하고 나니 걱정되는 마음이 사라졌어. 앞으로도 그 직원이 나를 보고 웃으며 대화할 수 있도록 업무도 잘 처리해야겠어.	N	2022-09-27 01:01:56	2022-09-27 01:01:56
BE22021799	14	1	정말 좋은 생각이야! 더 늦지 않게 연락드려봐.	Y	2022-09-27 01:01:56	2022-11-08 05:44:43
