id	utterance_id	utterance_type	utterance_text	terminate	regDate	updDate
BE22029129	1	0	여보 친구들하고 등산 가기로 해서 등산복을 꺼내 입는데 바지는 안 맞고. 배가 나와서 지퍼가 안 올라가는 거야. 약속 시간은 되어가는데 지퍼는 안 올라가지 정말 당황스럽고 내가 한심하게 느껴졌어.	N	2022-10-14 15:29:40	2022-11-08 06:28:22
BE22029129	2	1	어머나 어떡해 그래서 당신 어떻게 했어 얘기만 들어도 내가 다 걱정이 된다. 내가 미리 챙겨야 하는데 나라도 그런 상황이면 어찌할 바를 몰랐을 거야 당신 진짜 황당했겠다.	N	2022-10-14 15:29:40	2022-11-08 06:28:22
BE22029129	3	0	내 말이 배에 힘을 꽉 주고 올려도 안 올라가고 나중에는 땀까지 나더라. 정말 당황스럽고 내가 한심하게 느껴졌어. 진작 당신 말을 듣고 운동도 하고 살을 빼는 건데.	N	2022-10-14 15:29:40	2022-10-14 15:29:40
BE22029129	4	1	당신이 너무 바쁘고 일에 집중하다 보니 건강을 돌볼 틈이 없었던 거지 당신 잘못 아니야. 그나저나 당신 정신이 하나도 없었겠다. 당신이 힘들었을 걸 생각하니 내가 다 속상하다 약속에 늦지는 않았어 걱정이네.	N	2022-10-14 15:29:40	2022-11-08 06:28:22
BE22029129	5	0	간신히 입고 약속 시간에 늦지 않게 왔는데 너무 불편한 거야. 다행히 버스 터미널에 등산복 가게가 있어서 바지만 사 입었어. 사이즈가 많이 늘어 있어서 나 또 한 번 당황했잖아 그냥 내가 좀 싫더라.	N	2022-10-14 15:29:40	2022-11-08 06:28:22
BE22029129	6	1	당신 진짜 여러 가지로 속상했겠다. 그래도 어쩌겠어 기왕 등산 갔고 바지도 새로 사 입었잖아 안 좋은 마음 다 잊어버리자. 어차피 할 등산이니 좋게 마음먹고 즐겁게 등산하는 게 좋을 것 같아.	N	2022-10-14 15:29:40	2022-11-08 06:28:22
BE22029129	7	0	나도 그래야겠다고 생각은 했는데. 내 자신이 참 한심하게 느껴지면서 힘이 빠지네. 다른 친구들은 다 운동을 열심히 했는지 날씬해 보이고 말이야.	N	2022-10-14 15:29:40	2022-10-14 15:29:40
BE22029129	8	1	당신도 보기 좋아 키도 적당하지 게다가 인상도 좋아서 사람들이 다 좋아하잖아. 당신 요즘 일이 바빠서 운동을 못 해서 그렇지. 운동하면 금방 좋아질 거야 그러니 힘내서 등산해.	N	2022-10-14 15:29:40	2022-11-08 06:28:22
BE22029129	9	0	당신 말을 들으니 힘이 나네 기분도 좋아지고 내가 운동을 하면 또 확실하게 하지. 당신 말대로 기분 좋게 등산이나 열심히 해야겠다. 살도 빠지고 건강해지고 얼마나 좋아 마음을 바꾸니 진짜 기분이 좋네 고마워 여보.	N	2022-10-14 15:29:40	2022-11-08 06:28:22
BE22029129	10	1	정말 다행이다 당신 마음이 괜찮아졌다니 나도 덩달아 행복해지네. 이제 가라앉았던 마음도 다 잊어버리고. 힘내서 산에 오르고.	N	2022-10-14 15:29:40	2022-11-08 06:28:22
BE22029129	11	0	그래야지 오늘 날씨가 정말 좋아 공기도 맑고. 이런 날씨를 놔두고 쳐져 있으면 안 될 것 같아. 다 당신 덕분이야 고마워.	N	2022-10-14 15:29:40	2022-11-08 06:28:22
BE22029129	12	1	역시 우리 남편이네 언제나 좋은 쪽으로 생각하고 정말 멋있다. 그 기분 그대로 등산 잘하고 스트레스도 다 풀고 와.	N	2022-10-14 15:29:40	2022-11-08 06:28:22
BE22029129	13	0	알았어 꼭 그렇게 할 게 날씨가 너무 좋아서 저절로 기분이 좋아져. 다음에는 당신이랑 같이 와야겠어.	N	2022-10-14 15:29:40	2022-11-08 06:28:22
BE22029129	14	1	그것도 참 좋지 우리 꼭 함께 등산 가자 나도 등산복 입어봐야겠다. 당신처럼 당황스러운 일이 생기면 안 되잖아. 얼른 잘 갔다 와.	N	2022-10-14 15:29:40	2022-11-08 06:28:22
BE22029129	15	0	뭐 당신은 평소 운동 열심히 하잖아. 어쨌든 내 기분도 좋게 해주고 고마워. 나 열심히 등산할게 집에서 봐.	Y	2022-10-14 15:29:40	2022-11-08 06:28:22
