id	utterance_id	utterance_type	utterance_text	terminate	regDate	updDate
BE22029433	1	0	여보, 나 당신한테 미처 못한 말이 있어. 사실 지난달에 친구가 급전이 필요하다고 해서 한 달치 월급을 빌려줬거든. 분명 이번 달에 준다고 했는데 연락을 안 받아서 너무 당황스러워.	N	2022-10-15 08:12:47	2022-11-08 06:30:14
BE22029433	2	1	친구분이 계속 부재중이었던 거야? 당신이 처음에 너무 놀랐을 것 같아. 게다가 나한테 말도 못 하고 너무 힘들었지?	N	2022-10-15 08:12:47	2022-11-08 06:30:14
BE22029433	3	0	당신한테 말하면 화를 낼 것 같아서 혼자 전전긍긍하고 있었거든. 오로지 친구만 믿고 돈을 빌려줬던 건데 그 애가 이럴 줄은 몰랐어. 지금은 뭘 어떻게 해야 할지 모르겠어, 너무 혼란스럽기만 해.	N	2022-10-15 08:12:47	2022-11-08 06:30:14
BE22029433	4	1	친구가 힘들 때 도와줄 수 있는 건 당연한 거지. 그리고 당신이 나한테 일일이 말하고 허락받을 일이라고 생각하지도 않아. 그저 당신이 혼자 너무 상처받았을까 봐 너무 걱정이 될 뿐이야.	N	2022-10-15 08:12:47	2022-11-08 06:30:14
BE22029433	5	0	사실, 그 친구와는 너무 오래된 사이기도 하고 내가 유일하게 믿는 사람이거든. 정말 아무런 의심 없이 빌려줬던 건데 이럴 줄은 몰랐어. 처음에는 너무 당황스러웠는데 지금은 혼란스럽기만 해.	N	2022-10-15 08:12:47	2022-10-15 08:12:47
BE22029433	6	1	내가 당신이었어도 친한 친구가 돈을 빌리고 연락을 안 받으면 너무 힘들 것 같아. 사실 돈보다 친구와의 우정에 회의감이 들 것 같고 말이야. 하지만 다시 생각해보면 그 친구에도 사정이 있는 게 아닐까.	N	2022-10-15 08:12:47	2022-10-15 08:12:47
BE22029433	7	0	물론 자기만의 사정이 있는 거겠지만 적어도 나한테는 연락을 해줬어야 하지 않을까. 돈을 갚기로 한 날이 되었는데도 연락이 없으니 나만 계속 힘들어야 하잖아. 그 친구가 나한테 왜 이러는 걸까, 너무 혼란스러워.	N	2022-10-15 08:12:47	2022-10-15 08:12:47
BE22029433	8	1	자기야, 우리는 지금 당장 돈이 급한 것도 아니잖아. 나는 당신이 너무 불안해하기보단 친구를 잠깐 믿어주면 어떨까 싶어. 당신 마음에도 그게 훨씬 더 낫지 않을까.	N	2022-10-15 08:12:47	2022-11-08 06:30:14
BE22029433	9	0	나도 내 친구를 못 믿어서 이러는 건 아니야. 그냥 이렇게까지 연락을 피할 일은 아니라고 생각해. 이런 식으로 자꾸 상황을 모면하려고만 하면 결국에 오해가 쌓이는 거잖아.	N	2022-10-15 08:12:47	2022-10-15 08:12:47
BE22029433	10	1	나는 당신이 친구를 정말 아끼고 사랑한다는 걸 알아. 그렇기에 월급을 통째로 빌려줄 수도 있었던 거잖아. 그러니 우리 너무 조급해 말고 친구를 조금만 더 믿어보자.	N	2022-10-15 08:12:47	2022-11-08 06:30:14
BE22029433	11	0	당신이 그렇게 말해주니 내 마음이 한결 나아지는 것 같아. 사실 당신이 괜찮다고 하는데 내가 뭐라도 더 하겠어. 마음이 훨씬 편안해졌어, 정말 고마워.	N	2022-10-15 08:12:47	2022-10-15 08:12:47
BE22029433	12	1	난 당신과 친구분이 이번 일을 계기로 더 견고해질 수 있다고 생각해. 그러니 너무 걱정하지 말고 마음을 편안하게 먹자. 당신이 너무 불안해하지 않으면 다 잘 될 거야.	N	2022-10-15 08:12:47	2022-11-08 06:30:14
BE22029433	13	0	정말 고마워. 당신과 대화를 나누면서 나는 내가 꽤 괜찮은 사람이라는 생각이 드는 거 있지. 내가 당신과 함께여서 다행이라는 생각이 들었어.	N	2022-10-15 08:12:47	2022-10-15 08:12:47
BE22029433	14	1	나도 당신이 내 곁에 있어서 얼마나 안심인지 몰라. 당신 같은 따뜻한 사람이 내 아내여서 정말 감사할 때가 많아. 오늘 하루도 잘 보내고, 우리 늘 서로를 아끼고 사랑하자.	Y	2022-10-15 08:12:47	2022-11-08 06:30:14
