id	utterance_id	utterance_type	utterance_text	terminate	regDate	updDate
BE22014850	1	0	내일 승진 발표인데 당연히 이번에 승진 대상인 선배가 오늘 아무 말이 없어. 그래서 무슨 일이 있는 건가 싶어서 너무 당황스럽네.	N	2022-08-19 06:44:07	2022-08-19 06:44:07
BE22014850	2	1	당신 사수라는 선배님 말하는 거야? 당신이랑 무척 친한 선배님이라 더 신경 쓰이고 조바심 나겠다. 그런데 아무 말씀이 없으시다니, 진짜 뭐가 잘못된 건가 싶어서 당혹스러울 거 같아.	N	2022-08-19 06:44:07	2022-11-08 04:59:28
BE22014850	3	0	이러지도 저러지도 못하고 내가 더 눈치가 보여. 확실히 승진 대상자인데, 왜 아무 말도 없는 걸까? 너무 당황스러워서 어찌할 바를 모르겠어.	N	2022-08-19 06:44:07	2022-08-19 06:44:07
BE22014850	4	1	당신 문자 보는데 지금 당신이 얼마나 당혹스러울지 느껴져서. 선배가 염려돼서 혼란스럽겠어, 당신이 자리에 앉지도 못하고 일도 손에 안 잡힐 거 같아. 그래서 나는 긴장하고 있을 당신이 너무 걱정된다.	N	2022-08-19 06:44:07	2022-11-08 04:59:28
BE22014850	5	0	맞아, 당신 문자처럼 정말 선배가 왜 저러지 싶어서 지금 아무것도 손에 잡히지 않고. 눈치만 살피고 있어.	N	2022-08-19 06:44:07	2022-08-19 06:44:07
BE22014850	6	1	그럼, 그 마음 충분히 이해해. 당신이 회사에 신입으로 입사했을 때 처음부터 하나하나 일일이 가르쳐 주신 분이시잖아. 당신이 정말 자기가 승진하는 거처럼 기뻐했는데, 괜찮을 거야, 걱정하지 마.	N	2022-08-19 06:44:07	2022-11-08 04:59:28
BE22014850	7	0	맞아. 내가 입사하고 뭘 어떻게 해야 하는지 아무것도 모르겠고 정신없을 때 선배도 바쁠 텐데 화내지 않고 하나하나 꼼꼼하게 알려주셨어. 그 후에도 내가 막히는 일이나 처리 못 하는 일이 있으면 선배가 나서서 같이 처리해 줬어.	N	2022-08-19 06:44:07	2022-11-08 04:59:28
BE22014850	8	1	그 선배님 얘기 들을 때마다 얼마나 감사하던지 항상 좋은 사람이라고 생각하고 있었어. 이번 승진 대상자라는 얘기를 들었을 때 내심 너무 기쁘고 반갑더라고. 내가 당신이라도 내 일처럼 두근거릴 거 같아, 그런데 선배가 조용하면 너무 걱정스러울 거 같아.	N	2022-08-19 06:44:07	2022-11-08 04:59:28
BE22014850	9	0	응, 자기 문자처럼 많이 걱정되고 말 없는 선배를 보며 당황스러워.	N	2022-08-19 06:44:07	2022-08-19 06:44:07
BE22014850	10	1	자기가 선배를 생각하는 마음이 너무 착하고 예쁘다. 어쩌면 선배님이 오늘 너무 긴장 상태여서 말을 못 하시는 거일 수도 있어. 우리도 너무 기쁜 일이 생기면 벅차서 말이 나오질 않잖아, 아마 그런 거일 거야.	N	2022-08-19 06:44:07	2022-11-08 04:59:28
BE22014850	11	0	그런 거겠지? 그래도 당신이랑 이렇게 문자 나누니까 당황스러웠던 마음이 천천히 진정되는 거 같아.	N	2022-08-19 06:44:07	2022-08-19 06:44:07
BE22014850	12	1	당신 마음이 조금씩 안정되고 있다고 하니 너무 다행이야. 그리고 당신의 주변을 신경 쓰는 배려심과 착한 마음에 너무 감동했어. 본인 승진도 아니고 다른 사람 승진을 이렇게나 기뻐하고 기다리는 사람이라니, 너무 착하고 멋져.	N	2022-08-19 06:44:07	2022-11-08 04:59:28
BE22014850	13	0	고마워, 혼자서 너무 긴장돼서 일도 손에 잡히지 않았는데. 그래도 당신이랑 문자 나누니까 마음이 편하다. 거기다 나를 멋지고 착하다고 칭찬까지 해주니까 마음이 너무 좋아.	N	2022-08-19 06:44:07	2022-08-19 06:44:07
BE22014850	14	1	다 잘될 거야, 너무 걱정하지 마. 그리고 선배님에게는 당신처럼 세심하고 배려심 강한 후배가 있으니까 든든하실 거야. 당신의 아름다운 마음에 다시금 반했어, 사랑해.	Y	2022-08-19 06:44:07	2022-11-08 04:59:28
