id	utterance_id	utterance_type	utterance_text	terminate	regDate	updDate
BE22026890	1	0	여보, 올해 농사가 생각보다 너무 안 돼서 큰일이야. 비가 너무 많이 왔어.	N	2022-10-11 07:36:48	2022-11-08 06:14:51
BE22026890	2	1	막내 결혼 때문에 그런거지?	N	2022-10-11 07:36:48	2022-10-11 07:36:48
BE22026890	3	0	응, 결혼에 보태주기로 한 돈을 못 해줄 것 같아서 지금 너무 당황스러워.	N	2022-10-11 07:36:48	2022-10-11 07:36:48
BE22026890	4	1	이런 상황이 생길 줄 예상하지 못했으니까 당황스러울 만도 하지. 막내에게 뭐라고 말을 해야 할지 난감할 것 같아.	N	2022-10-11 07:36:48	2022-11-08 06:14:51
BE22026890	5	0	내가 도와준다고 걱정말라고 호언장담을 해놨는데 어쩌지. 막내가 많이 실망하겠지? 막내 혼자서 결혼 준비를 할 수 있을까?	N	2022-10-11 07:36:48	2022-10-11 07:36:48
BE22026890	6	1	우리 막내가 얼마나 의젓한데 그럴 리가 있어. 당신이 최선을 다해서 농사지은 걸 알고 있을 텐데 오히려 당신을 위로할 거야. 너무 심란해하지 않아도 괜찮아.	N	2022-10-11 07:36:48	2022-11-08 06:14:51
BE22026890	7	0	하지만 나는 아버지로서 이렇게 큰일이 있을 때 버팀목이 되어주고 싶은데. 농사는 당장 내 맘대로 할 수 있는 게 없고 너무 답답하고 어떡해야 좋을지 모르겠어.	N	2022-10-11 07:36:48	2022-11-08 06:14:51
BE22026890	8	1	해주고 싶은 게 많은데 마음처럼 되질 않으니 다급한 당신 마음도 이해가 돼. 하지만 꼭 이번만 기회가 있는 게 아니잖아, 여유가 될 때 도와주면 되지. 조금이라도 더 해주고 싶어서 안달인 당신 마음 자체로 막내한테는 큰 든든함이 될 거야.	N	2022-10-11 07:36:48	2022-11-08 06:14:51
BE22026890	9	0	그래, 진정하고 지금부터 준비해야 다음 농사를 잘해서 우리 아들을 도와주지. 그래도 당신이 그렇게 말해주니까 위안이 된다.	N	2022-10-11 07:36:48	2022-11-08 06:14:51
BE22026890	10	1	당신이 이렇게 사랑으로 키운 덕에 막내가 결혼도 하고 잘 컸잖아. 스스로 잘 살아갈 수 있으니까 너무 걱정하지 마.	N	2022-10-11 07:36:48	2022-11-08 06:14:51
BE22026890	11	0	내 눈에는 아직도 애 같아서 챙겨주지 못한다고 생각하니 너무 당황스러웠나 봐. 당신 말대로 막내를 믿어도 된다고 생각하니 마음이 좀 편안해 진다.	N	2022-10-11 07:36:48	2022-11-08 06:14:51
BE22026890	12	1	올해 농사는 힘들었어도, 당신이 자식 농사 하나는 기가막히게 했잖아. 걱정할 것 하나도 없어.	N	2022-10-11 07:36:48	2022-11-08 06:14:51
BE22026890	13	0	고마워, 나한텐 당신이 버팀목이네.	N	2022-10-11 07:36:48	2022-10-11 07:36:48
BE22026890	14	1	당신이 그동안 혼자서 우리 가정을 책임지느라 고생많았지. 내가 당신한테 위안이 된다니 기쁘다.	Y	2022-10-11 07:36:48	2022-11-08 06:14:51
