id	utterance_id	utterance_type	utterance_text	terminate	regDate	updDate
BE22028469	1	0	큰일이네요, 캠핑장에 다 도착했는데 텐트를 안 가지고 왔어요. 너무 놀라 어찌할 바를 몰라 당황에 덜고 있어요. 캠핑장에 텐트를 안 가져오다니 상상도 못 할 일인 거죠.	N	2022-10-13 14:21:00	2022-11-08 06:24:23
BE22028469	2	1	당신이 아주 바빴나 보네요, 그럴 수도 있죠. 요즘 회사에서도 집에서도 바쁜 당신 어렸어요. 사람은 언제나 완벽할 순 없어요, 누구나 실수하기 마련이니 너무 괴로워하지 않았으면 좋겠어요.	N	2022-10-13 14:21:00	2022-11-08 06:24:23
BE22028469	3	0	그래도 한도가 있죠, 캠핑을 몇 번이나 다녔는데 텐트를 안 가지고 오다니 정말 당황스럽기 그지없네요. 여기 캠핑장에 다 와서 알게 되니까 눠 해결할 방법도 없어요.	N	2022-10-13 14:21:00	2022-10-13 14:21:00
BE22028469	4	1	당신이 많이 당황한 것 같아서 내가 다 안타깝네요. 우선은 당신이 이 상황에 너무 빠져서 아무것도 못 하는 것 같아서 마음을 편하게 가졌으면 해요. 당황할수록 아무것도 생각이 안 나는 게 당연한지라 걱정이 되는 마음이에요.	N	2022-10-13 14:21:00	2022-11-08 06:24:23
BE22028469	5	0	마음을 편하게 가질 수가 없어요, 텐트가 없으니 어떻게 캠핑장에서 자야 할지 모르겠어요. 이번에는 저 혼자 캠핑을 즐기기 위해서 온 거라 도움을 요청할 사람도 없어요. 당황스럽네요. 정말.	N	2022-10-13 14:21:00	2022-11-08 06:24:23
BE22028469	6	1	그렇군요, 저도 그 상황이었다면 당신처럼 많이 당황했을 것 같네요. 아무리 당신처럼 프로 캠핑족이라고 해도 당황할 수밖에 없는 것처럼 요. 당신이 힘을 냈으면 좋겠다는 생각뿐이에요.	N	2022-10-13 14:21:00	2022-11-08 06:24:23
BE22028469	7	0	지금은 캠핑장에 막 도착해서 장비들을 꺼내고 텐트를 찾았는데 아무리 찾아도 없어요. 당황함에 등에 식은땀이 다 흘렀어요. 그런데 끝내 텐트는 찾지 못했고 전 텐트를 안 챙겼다는 것을 인정할 수밖에 없었죠.	N	2022-10-13 14:21:00	2022-10-13 14:21:00
BE22028469	8	1	당신이 문자로 보내 준 내용이지만 생생하게 상상돼서 제가 되려 속상하네요. 얼마나 당황하고 있을 당신이 떠올라서 눈물이 날 것 같아요. 이번 휴가를 위해서 회사에서 야근까지 하면서 일정을 조율한 당신이잖아요.	N	2022-10-13 14:21:00	2022-11-08 06:24:23
BE22028469	9	0	그러니까요, 바보같이 저 스스로가 캠핑을 망쳤어요. 이 당황으로 뭘 어떻게 하겠어요. 정말 이제는 어디 가서 캠핑족이라고 말하기 힘들 것 같네요.	N	2022-10-13 14:21:00	2022-11-08 06:24:23
BE22028469	10	1	당신이 지치고 당황한 마음이라는 것은 알겠지만 자신을 깎아내리면서 괴롭히지 않았으면 해요. 당신이 실수한 것이지 잘못을 한 것이 아니에요. 이건 언제든지 다시 해볼 수 있으니 너무 자신을 괴롭히지 말아 줘요.	N	2022-10-13 14:21:00	2022-11-08 06:24:23
BE22028469	11	0	알겠어요, 역시 당신과 문자를 하길 잘했네요. 제가 당황에 빠져서 자기 비하까지 하고있는 줄 몰랐어요. 당신의 위로와 달램이 없었다면 또 우울감에 빠져 있을뻔했어요. 정말 고마워요.	N	2022-10-13 14:21:00	2022-11-08 06:24:23
BE22028469	12	1	전 당신이 즐기러 간 캠핑장에서 행복했으면 하거든요. 우선 텐트가 없어도 해도 프로 캠핑족으로 즐길 거리가 많다는 것을 아는 당신이잖아요. 그러니 힘을 냈으면 좋겠다는 생각뿐이었어요.	N	2022-10-13 14:21:00	2022-11-08 06:24:23
BE22028469	13	0	그렇죠, 역시 당신은 나보다 다를 더 잘 알고 있어요. 그리고 나에게 용기가 날 수 있게 도와줘서 너무 힘이 돼요. 정말 고마워요.	N	2022-10-13 14:21:00	2022-10-13 14:21:00
BE22028469	14	1	당연히 당신이 행복했을 여자면 좋겠고 언제나 기뻤으면 해요. 이번 일도 당신에게 추억으로 남아 기쁜 일로 바뀌었으면 했어요. 당신에게 힘을 주려 노력했죠.	N	2022-10-13 14:21:00	2022-11-08 06:24:23
BE22028469	15	0	그 진심 어린 응원이 저에게 통했어요, 이제는 텐트가 대수가 아니라는 것을 알았어요. 텐트에 집중해서 제 캠핑 기분을 망칠 뻔했네요. 당신의 위로와 격려고 당황을 떨쳤더니 다른 대안들이 생각나네요.	Y	2022-10-13 14:21:00	2022-10-13 14:21:00
