id	utterance_id	utterance_type	utterance_text	terminate	regDate	updDate
BE22029400	1	0	여보, 나 방금 카페에서 업무 미팅하다가 얼마나 당황스러운 일이 생겼는지 알아?	N	2022-10-15 07:18:50	2022-10-15 07:18:50
BE22029400	2	1	좀처럼 당황하지 않는 당신이 그럴 정도면 무슨 큰일이 있었나 보네.	N	2022-10-15 07:18:50	2022-10-15 07:18:50
BE22029400	3	0	내가 우유를 조금만 마셔도 장이 부글거리잖아. 근데 동료가 라떼 맛집이니까 꼭 라떼를 마시라고 재차 권유를 하더라고. 이 정도는 괜찮겠지 싶어서 주문하고 마시자마자 배에서 소리가 나서 너무 당혹스러웠어.	N	2022-10-15 07:18:50	2022-11-08 06:30:02
BE22029400	4	1	내 일이라고 생각하니까 나도 당황스럽다. 동료들 앞에서 당신이 많이 민망했겠어.	N	2022-10-15 07:18:50	2022-11-08 06:30:02
BE22029400	5	0	나도 한동안 조심하다 보니까 트러블이 이 정도인 줄 까먹고 있었어. 장이 부글거려서 미팅에도 도통 집중이 안 되고 어쩔 줄을 모르겠더라.	N	2022-10-15 07:18:50	2022-11-08 06:30:02
BE22029400	6	1	속이 편치 않은 상황에 어느 누구라도 그랬을 거야. 지금은 좀 괜찮은 건지 걱정된다. 자기가 얼마나 혼자 참았을지 그려져 마음이 짠해.	N	2022-10-15 07:18:50	2022-11-08 06:30:02
BE22029400	7	0	화장실을 다녀왔더니 지금은 좀 나아. 솔직히 부끄럽기도 하고 머릿속이 새하얘졌었어.	N	2022-10-15 07:18:50	2022-10-15 07:18:50
BE22029400	8	1	생리 현상이니 당신 힘으로는 어쩔 수 없었잖아, 너무 마음 쓰지 마. 시간이 지나면 다들 언제 그랬냐는 듯 잊을 테니까 너무 개의치 말고. 살다 보면 그럴 수도 있는 거지 뭐.	N	2022-10-15 07:18:50	2022-11-08 06:30:02
BE22029400	9	0	솔직히 한 모금 마셨다고 바로 반응이 와서 놀란 것도 있었어. 내 몸이 이렇게 예민했나 싶기도 하고.	N	2022-10-15 07:18:50	2022-11-08 06:30:02
BE22029400	10	1	나도 당신이 그런 정도인 줄은 몰랐어서 마음이 아파. 지금까지도 숱한 고생이 있었을 것 같은데 잘 버텼다는 게 한편으로는 대견하다. 이번을 계기로 앞으로는 더 조심하면 되니까 그만 털어 버려.	N	2022-10-15 07:18:50	2022-11-08 06:30:02
BE22029400	11	0	사람은 정말 망각의 동물인가 봐. 너무 오랜만에 겪는 일이라 식은땀이 다 났거든. 그래도 이렇게 말하고 나니까 한결 진정이 된다.	N	2022-10-15 07:18:50	2022-11-08 06:30:02
BE22029400	12	1	비슷한 고충을 앓고 있는 사람이 우리 주변에 참 많을 거란 생각이 들어. 혼자만 겪는 일이 아니라는 게 위안이 될 수 있다면 좋겠다.	N	2022-10-15 07:18:50	2022-11-08 06:30:02
BE22029400	13	0	그렇게 생각하면 정말 위로가 돼. 이렇게 불시에 당황하게 되는 사람들도 또 얼마나 많겠나 싶다. 마음을 다잡고 기운 내서 살아야겠어.	N	2022-10-15 07:18:50	2022-10-15 07:18:50
BE22029400	14	1	좋은 생각이야, 그래도 오늘 중요한 자리에서 너무 고생 많았어. 평정심 유지하느라 힘들었을 텐데 얼른 집에 와서 푹 쉬어.	N	2022-10-15 07:18:50	2022-11-08 06:30:02
BE22029400	15	0	덕분에 이제야 침착할 수 있게 된 것 같아. 힘내서 얼른 퇴근하고 갈게. 그럼 이따 집에서 봐 여보.	Y	2022-10-15 07:18:50	2022-11-08 06:30:02
