id	utterance_id	utterance_type	utterance_text	terminate	regDate	updDate
BE22013609	1	0	매사에 자기중심적인 사람을 만나게 되면 참 피곤해요. 남 생각은 전혀 하지 않아서 언제나 상처를 주거든요.	N	2022-08-09 08:38:30	2022-08-09 08:38:30
BE22013609	2	1	그렇죠. 그런 사람을 만나면 기분이 곧잘 상하곤 하죠. 그런 경험이 있으신가 봐요.	N	2022-08-09 08:38:30	2022-11-08 04:51:32
BE22013609	3	0	네. 같이 일을 하는 직장 동료가 딱 그렇거든요. 언제나 자기밖에 몰라서 함께 일하다 보면 은근히 상처받아요.	N	2022-08-09 08:38:30	2022-11-08 04:51:32
BE22013609	4	1	그러셨군요. 그런 사람과 함께 일하는 것만큼 여간 피곤하고 마음 상하는 일이 없죠. 고생이 많으시겠어요.	N	2022-08-09 08:38:30	2022-11-08 04:51:32
BE22013609	5	0	네. 힘든 업무를 슬쩍 제게 넘기고서 나몰라라 하는데, 그게 얼마나 미운지 몰라요. 정말 나를 배려하려는 생각은 조금도 없구나, 싶어서 우울해지는걸요.	N	2022-08-09 08:38:30	2022-11-08 04:51:32
BE22013609	6	1	저런, 그래도 너무 상심하지는 말아요. 무례한 사람의 태도에 너무 마음 쓸 필요 없어요.	N	2022-08-09 08:38:30	2022-11-08 04:51:32
BE22013609	7	0	저도 그러고는 싶은데, 자꾸 신경이 쓰이고 울분이 치미는걸요. 그런 사람을 보면 제가 누군가를 배려하려고 노력하는 게 다 무의미한 일이 아닌가 싶어 허탈해져요. 상대방은 전혀 나를 배려하지 않으니까요.	N	2022-08-09 08:38:30	2022-08-09 08:38:30
BE22013609	8	1	아니에요. 당신은 충분히 잘하고 있는 거예요. 그런 당신의 작은 배려가 쌓여 좋은 관계가 맺어지고, 그게 결국에는 당신을 기쁘게 할 거예요. 그것만은 제가 단언할 수 있으니, 그런 부정적인 생각은 거두셔도 좋아요.	N	2022-08-09 08:38:30	2022-11-08 04:51:32
BE22013609	9	0	그렇게 말해주셔서 그나마 위안이 되네요. 이번에 정말 자기중심적인 사람을 만나 시달리다 보니, 어느샌가 저도 부정적으로 생각하고 있었나 봐요.	N	2022-08-09 08:38:30	2022-11-08 04:51:32
BE22013609	10	1	심적으로 힘든 일을 참아오셨을 테니 그럴 만도 해요. 하지만 그런 사람들이 당신의 기분까지 망치게 두지 말아요. 당신이 부디 기운을 차렸으면 좋겠어요.	N	2022-08-09 08:38:30	2022-11-08 04:51:32
BE22013609	11	0	네. 그동안 상처를 많이 받아 지치고 우울해졌었는데, 이제는 극복해야겠죠. 언제까지고 혼자 괴로워할 수는 없는 노릇이니까요.	N	2022-08-09 08:38:30	2022-08-09 08:38:30
BE22013609	12	1	네. 당신은 원래 늘 밝고 긍정적인 성격이 가장 큰 매력인 사람인걸요. 힘든 기억은 훌훌 털어 버리고 힘을 내보는 거예요. 당신은 할 수 있어요!	N	2022-08-09 08:38:30	2022-08-09 08:38:30
BE22013609	13	0	그런 말을 들으니 쑥쓰러운걸요. 하지만 당신의 그 칭찬 덕분에 기뻐졌어요. 기분이 훨씬 나아진 것 같아요.	N	2022-08-09 08:38:30	2022-08-09 08:38:30
BE22013609	14	1	그렇다면 다행이네요. 당신이 무례한 사람을 떠올리며 피곤해하기보다, 늘 밝은 기운을 내뿜으며 환하게 웃었으면 좋겠어요. 저는 그런 당신의 모습을 무척 좋아하거든요.	N	2022-08-09 08:38:30	2022-11-08 04:51:32
BE22013609	15	0	그 말을 듣고 나니 더욱더 힘을 내야겠다는 생각이 드네요. 제 기운을 북돋아 주셔서 고마워요.	Y	2022-08-09 08:38:30	2022-11-08 04:51:32
