id	utterance_id	utterance_type	utterance_text	terminate	regDate	updDate
BE22012186	1	0	나 지금 상처받은 마음 달래려고 혼자 순댓국에 소주 한잔하는 중.	N	2022-07-28 04:06:44	2022-11-08 04:42:40
BE22012186	2	1	쓸쓸하게 왜 그래? 뭐 안 좋은 일이라도 있었어?	N	2022-07-28 04:06:44	2022-11-08 04:42:40
BE22012186	3	0	우리 시어머니가 잔소리 심하잖아. 도저히 참을 수가 없어서 싸웠는데, 우리 신랑이 시어머니 편을 드는 거야. 얼마나 서러웠는지.	N	2022-07-28 04:06:44	2022-11-08 04:42:40
BE22012186	4	1	네가 평소에 힘들어하는 걸 알면서 시어머니 편을 들으니, 버림받은 기분에 상처받은 거구나. 그건 누구나 상처받을만한 일이야.	N	2022-07-28 04:06:44	2022-11-08 04:42:40
BE22012186	5	0	집에서 소외당한 것 같아, 너무 슬펐어. 지금까지 어머님 원하시는 대로 살려고 노력했던 것이 아무 소용이 없었나 봐.	N	2022-07-28 04:06:44	2022-11-08 04:42:40
BE22012186	6	1	그렇지 않아. 네가 잘하려고 애써왔던 것을 다 알고 있어. 넌 누가 봐도 정말로 착한 며느리야.	N	2022-07-28 04:06:44	2022-11-08 04:42:40
BE22012186	7	0	근데 우리 신랑이 왜 그랬을까. 말로는 항상 어머니 때문에 고생이 많다고 위로하면서, 속마음은 어머니 편이었나 봐. 배신당한 기분이야.	N	2022-07-28 04:06:44	2022-11-08 04:42:40
BE22012186	8	1	그래, 나 같아도 그런 생각 할 만한 상황이야. 인내심의 한계가 와서 싸우게 되었는데, 그걸 이해해 주지 않았으니. 근데, 너는 신랑의 마음을 생각해 본 적이 있어?	N	2022-07-28 04:06:44	2022-11-08 04:42:40
BE22012186	9	0	글쎄, 항상 내가 말하면 듣기만 하고, 자기 생각을 말한 적은 거의 없는 것 같아. 내 눈치를 보는 듯한데, 그게 더 얄밉고 상대하기 싫어.	N	2022-07-28 04:06:44	2022-11-08 04:42:40
BE22012186	10	1	그렇다면 입장 바꿔놓고 생각해 봐, 네 신랑이 네 친정어머니랑 싸운다면, 너는 어떻게 할 거야? 어머니와 신랑 사이에서 엄청 곤란할 것 같은데?	N	2022-07-28 04:06:44	2022-11-08 04:42:40
BE22012186	11	0	아 그건 그럴 것 같아. 중간에서 이러지도 저러지도 못하고 머리만 아프겠지.	N	2022-07-28 04:06:44	2022-11-08 04:42:40
BE22012186	12	1	네 신랑 입장이 딱 그거야, 제일 사랑하는 사람들이 싸우고 있는데 얼마나 초조하고 난처하겠어. 안 그래도 어머니 때문에 네가 마음고생하는 것을 알고 있었으니, 네 신랑은 너만큼 속상할 거야.	N	2022-07-28 04:06:44	2022-11-08 04:42:40
BE22012186	13	0	그럴까? 생각해 보니까 나만 떠들고 지냈지, 우리 신랑이 속마음 얘기를 잘 안 했던 것 같아. 그런 생각 하니까 갑자기 미안한 마음이 드네. 신랑이 밥 먹으러 가자고 하는데, 답을 안 한 것도 괜스레 미안해지네.	N	2022-07-28 04:06:44	2022-11-08 04:42:40
BE22012186	14	1	그래, 분명히 그럴 거야, 둘이서 식사하면서 솔직한 얘기를 하고 싶은 거겠지. 섭섭한 마음은 잠시 접어두고, 서로 진심을 다해 얘기해 봐. 이미 네 신랑이 대화를 시도하려고 애쓰고 있으니, 분명히 잘 해결이 될 거야.	N	2022-07-28 04:06:44	2022-11-08 04:42:40
BE22012186	15	0	그렇게 얘기해 주니, 잘 해결할 수 있을 거 같아서 마음이 놓인다. 고마워.	Y	2022-07-28 04:06:44	2022-11-08 04:42:40
