id	utterance_id	utterance_type	utterance_text	terminate	regDate	updDate
BE22011252	1	0	세상엔 정말 돈이 다가 아닌 것 같아.	N	2022-07-24 02:18:24	2022-11-08 04:36:42
BE22011252	2	1	돈은 있다가도 없고 없다가도 있는 거니까 뭐. 그때그때 너무 부족하지 않게만 있으면 되지.	N	2022-07-24 02:18:24	2022-11-08 04:36:42
BE22011252	3	0	이번에 부모님 모두 돌아가시고 유산 상속 문제로 형제끼리 사이가 틀어졌어. 마음에 상처가 된다.	N	2022-07-24 02:18:24	2022-11-08 04:36:42
BE22011252	4	1	진짜 돈이 있어도 문제구나. 유산으로 싸우는 집이 한둘이 아니더라. 감정 화자님네 집은 그렇지 않을 거라 여겼었는데 말이야.	N	2022-07-24 02:18:24	2022-11-08 04:36:42
BE22011252	5	0	우리 가족도 돈 앞에선 다른 집들과 별반 다를 게 없더라고. 이번에 소송까지 가게 돼서 너무 상처 받았어.	N	2022-07-24 02:18:24	2022-11-08 04:36:42
BE22011252	6	1	소송까지 가게 됐다니 마음이 돌덩이를 끌어안은 듯 너무 불편하고 좋지 않겠다. 서로 말다툼만 해도 상처인데 변호사까지 대동했다니 얼마나 얼굴 붉힐 일이 많겠어. 감정 화자님의 마음이 많이 다쳤겠어.	N	2022-07-24 02:18:24	2022-11-08 04:36:42
BE22011252	7	0	큰오빠가 장남인데 동생들을 이렇게 등한시할 줄은 몰랐어. 유산만 챙겨서 올케랑 모두 우리에게 연락도 하지 않아.	N	2022-07-24 02:18:24	2022-11-08 04:36:42
BE22011252	8	1	동생들이 숯덩이처럼 속이 많이 탔겠네. 얼마나 상처받았을 거야. 감정 화자님네 부모님은 자식들한테 공평하기로 동네에서 소문이 자자했던 분들이신데.	N	2022-07-24 02:18:24	2022-11-08 04:36:43
BE22011252	9	0	부모님은 오빠를 믿고 돈을 모두 나눠 가지라고 주셨었나 봐. 그런데 오빠 혼자 독식했지 뭐야. 딸들은 뭐가 돼?	N	2022-07-24 02:18:24	2022-11-08 04:36:43
BE22011252	10	1	나라도 너무 서운하고 당장에라도 달려가 따지고 싶은 마음이었을 거야. 그래도 부모님께서 딸들까지도 지식인으로 잘 키워주신 덕분에 물질적 모자람 없이 잘 지내고 있잖아. 그깟 돈 없는 셈 치고 자매끼리라도 우애 좋게 잘 지냈으면 좋겠다.	N	2022-07-24 02:18:24	2022-11-08 04:36:43
BE22011252	11	0	맞아, 다행인 건 형편을 보면 오빠보다 우리가 더 나으면 나았지, 나쁘지는 않다는 거지. 의지할 언니 동생들이라도 있어서 다행이야.	N	2022-07-24 02:18:24	2022-11-08 04:36:43
BE22011252	12	1	오빠와 다시 연락이 닿는다면 좋겠지만 그렇지 않더라도 너무 속상해하지 마. 감정 화자님에게 심적으로 힘이 돼 줄 사람들은 주위에 얼마든지 있잖아? 감정 화자님은 돈보다도 중요한 소중한 사람들을 주변에 갖고 있다고!	N	2022-07-24 02:18:24	2022-11-08 04:36:43
BE22011252	13	0	그러게, 공감 화자님 같은 지인도 있고 얼마나 축복받은 삶이야? 얘기 들어줘서 정말 고마워.	N	2022-07-24 02:18:24	2022-11-08 04:36:43
BE22011252	14	1	아무튼 감정 화자님이 이번 일로 너무 상심치 않았으면 좋겠어. 다음에 또 연락해.	Y	2022-07-24 02:18:24	2022-11-08 04:36:43
