id	utterance_id	utterance_type	utterance_text	terminate	regDate	updDate
BE22010750	1	0	언니, 나 요즘 남편 때문에 속상해요.	N	2022-07-21 08:03:46	2022-11-08 04:33:32
BE22010750	2	1	남편이랑 무슨 일 있었어? 둘이 아주 잘 지내는 줄 알았는데.	N	2022-07-21 08:03:46	2022-11-08 04:33:32
BE22010750	3	0	남편이 요즘 주말에 출근할 일이 많은가 봐요. 저 혼자 거의 매주 주말을 보내고 있어요. 함께 보낼 수 있는 시간이 저녁밖에 없으니 너무 슬퍼요.	N	2022-07-21 08:03:46	2022-11-08 04:33:32
BE22010750	4	1	감정화자씨가 많이 외롭겠네. 남편은 일 때문에 어쩔 수 없이 출근하는 거야?	N	2022-07-21 08:03:46	2022-11-08 04:33:32
BE22010750	5	0	일 때문에 어쩔 수 없는 출근이기는 한데, 그래도 저를 신경 쓰지 않는 것 같아서 슬퍼요. 제가 혼자 집에 외롭게 있을 거라는 생각은 안 하나 봐요. 버림받은 기분이라 마음의 상처가 커요.	N	2022-07-21 08:03:46	2022-11-08 04:33:32
BE22010750	6	1	그러게, 남편이 우리 감정화자씨를 조금 더 생각해 주었다면 좋았을 텐데. 모처럼 쉬는 날에 남편이랑 시간 보내려고 했는데 혼자 있으면 얼마나 쓸쓸했겠어.	N	2022-07-21 08:03:46	2022-11-08 04:33:32
BE22010750	7	0	남편에게 징징대는 것처럼 느껴질까 봐 출근하지 말라고는 말을 못 하겠어요. 알아서 제 마음을 알아채 주면 좋겠는데 상처받은 제 마음을 왜 모르는 걸까요. 서운하고 섭섭해서 혼자 있으면 눈물이 나요.	N	2022-07-21 08:03:46	2022-11-08 04:33:32
BE22010750	8	1	우리 감정화자씨 무척 힘들었구나, 남편한테 한번 이야기해보는 건 어떨까? 우리 감정화자씨가 이렇게 슬퍼하는 모습을 보니 나도 눈물이 날 것 같아. 혼자 외롭게 집 안에 남겨진 기분이 어떤지 나도 알거든.	N	2022-07-21 08:03:46	2022-11-08 04:33:33
BE22010750	9	0	지금까지는 남편이 자연스레 알아주기를 바랐는데 언니 말을 들으니 말해보는 것도 괜찮을 것 같아요. 계속 이렇게 상처받은 기분으로 있느니 한 번 이야기 해 볼래요.	N	2022-07-21 08:03:46	2022-11-08 04:33:33
BE22010750	10	1	그래, 남편이 아마 몰라서 그런 걸 수도 있어. 아무리 일이 우선이라도 속상해하지 말고 우리 감정화자씨 감정을 솔직하게 이야기해보는 게 어때. 마음이 한결 편해질 거야.	N	2022-07-21 08:03:46	2022-11-08 04:33:33
BE22010750	11	0	조언 감사해요, 언니. 생각해 보니 제가 말을 하지 않으면 몰랐을 것 같기도 해요. 언니 위로 덕분에 기분이 나아졌어요.	N	2022-07-21 08:03:46	2022-11-08 04:33:33
BE22010750	12	1	나는 우리 감정화자씨가 혼자 외롭지 않았으면 좋겠어. 우리 감정화자씨는 나에게 친동생과도 같이 애틋한걸.	N	2022-07-21 08:03:46	2022-11-08 04:33:33
BE22010750	13	0	언니가 있어서 항상 힘을 얻어요. 남편과 함께 가벼운 마음으로 이야기해볼게요. 덕분에 오늘은 즐겁게 보낼 수 있을 것 같아요.	N	2022-07-21 08:03:46	2022-11-08 04:33:33
BE22010750	14	1	감정화자씨가 나아졌다니 나도 아주 기쁘네. 다 잘 해결될 테니 걱정하지 마.	Y	2022-07-21 08:03:46	2022-11-08 04:33:33
