id	utterance_id	utterance_type	utterance_text	terminate	regDate	updDate
BE22013645	1	0	나 너무 억울해. 오늘 집 대청소를 하려고 잠깐 큰 짐들 몇 개를 문 앞에 뒀거든. 그런데 누군가 남편이 늘 앉아 있던 의자를 가져가 버렸어.	N	2022-08-09 14:12:15	2022-08-09 14:12:15
BE22013645	2	1	어머, 웬일이니. 네가 진짜 너무 당혹스럽고 깜짝 놀랐겠다. 괜찮아?	N	2022-08-09 14:12:15	2022-11-08 04:51:45
BE22013645	3	0	아니 지금 완전히 패닉 상태야. 너무 상처받아서 말도 안 나와. 그런데 이 일을 남편에게 전화해서 말했더니 내가 일부러 버린 거 아니냐는 거야.	N	2022-08-09 14:12:15	2022-11-08 04:51:46
BE22013645	4	1	네가 얼마나 당황스러울지 너 문자만 봐도 너무 절실히 느껴져서 내 마음도 너무 안타깝고 씁쓸하다. 어머, 안 그래도 네가 당혹스러워서 어찌할 바를 모르고 남편한테 미안했을 텐데. 남편이 그렇게 말했으니 면 너 마음이 너무 상처받았을 거 같아.	N	2022-08-09 14:12:15	2022-11-08 04:51:46
BE22013645	5	0	진짜 너무 상처받아서 눈물이 날 거 같아. 내가 일부러 버린 게 아닌데, 일부러 버린 거 아니냐고 하니까 너무 억울한 거야. 거기다 남편이 그러니까 더 상처받았어.	N	2022-08-09 14:12:15	2022-08-09 14:12:15
BE22013645	6	1	어머나, 네가 진심으로 상처받았을 거 같아. 다른 사람도 아니고 너를 가장 이해해 주고 염려해 줬으면 하는 남편이 그런 말을 했으니. 얼마나 마음이 아프고 상처받았겠니, 생각만 해도 내가 다 억울하고 가슴이 아프다.	N	2022-08-09 14:12:15	2022-11-08 04:51:46
BE22013645	7	0	너 문자처럼 정말 나를 이해해 주고 가장 염려해 줘야 될 사람인데. 그런 사람이 날 걱정하는 거보다 날 의심하니까 더 상처받은 거 같아.	N	2022-08-09 14:12:15	2022-08-09 14:12:15
BE22013645	8	1	네가 지금 너무 속상할 거 같아. 청소하면서 잠깐 문 앞에 둔 건데 그런 일이 벌어질지 누가 상상이나 했겠니? 너무 자책하거나 힘들어하지 마, 네가 일부러 그런 게 아니잖아.	N	2022-08-09 14:12:15	2022-11-08 04:51:46
BE22013645	9	0	응, 그렇지 일부러 그런 게 아니지. 그래도 너랑 문자를 나누면서 네가 위로해 주고 괜찮다고 해주니까 마음이 많이 편해지는 거 같아.	N	2022-08-09 14:12:15	2022-08-09 14:12:15
BE22013645	10	1	절대로 너 잘못이 아니야. 그리고 남편분도 아마 자기가 소중히 생각하던 게 사라졌다고 들으니 너무 깜짝 놀라서 그렇게 말한 걸 거야. 너무 자책하지 마, 괜찮아.	N	2022-08-09 14:12:15	2022-11-08 04:51:46
BE22013645	11	0	그런 거겠지? 그래도 혼자 상처받고 꿍하니 있는 거보다 너랑 이렇게 얘기 나누니까. 상처받은 마음이 위로받는 느낌이야.	N	2022-08-09 14:12:15	2022-08-09 14:12:15
BE22013645	12	1	너무 다행이다. 아마 남편분도 네가 일부러 그러지 않은 걸 다 알 거야. 자기도 모르게 당황스러워서 그런 걸 거야. 네가 버린 게 아니니까, 너무 상처받지 않아도 될 거 같아.	N	2022-08-09 14:12:15	2022-11-08 04:51:46
BE22013645	13	0	그렇게 얘기해 줘서 고마워. 너 문자를 보면서 생각해 보니까. 남편도 금방 이해하고 풀릴 거 같아 혼자 계속 상처받고 있을 뻔했어. 고마워.	N	2022-08-09 14:12:15	2022-08-09 14:12:15
BE22013645	14	1	너 마음이 조금이나마 편안해졌다고 하니 내 마음도 좋다. 혹시 또 힘들거나 당황스러운 일이 생기면 언제든 연락줘.	Y	2022-08-09 14:12:15	2022-11-08 04:51:46
