id	utterance_id	utterance_type	utterance_text	terminate	regDate	updDate
BE22014334	1	0	어제 술을 좀 많이 마셔서 해장을 하고 싶은데 집에 먹을 게 식빵밖에 없더라고. 처량한 내 신세를 생각하니 이게 또 상처가 되는구나.	N	2022-08-16 09:12:59	2022-08-16 09:12:59
BE22014334	2	1	속은 불편한데 먹을 게 퍽퍽한 식빵뿐이라니 생각만 해도 눈물이 날 것 같아. 지금 네 심정이 어떨지 생각하니 내 마음이 칼로 에이는 듯 시리다.	N	2022-08-16 09:12:59	2022-11-08 04:56:13
BE22014334	3	0	이혼 후에 혼자 지내는 게 이제 많이 익숙해졌거든. 근데 이럴 때 내 처지가 너무 불우하게 느껴지고 내가 불쌍해서 상처가 된다.	N	2022-08-16 09:12:59	2022-11-08 04:56:13
BE22014334	4	1	나라도 그런 상황에 놓이면 얼마나 마음이 아플지 생각하니 눈물이 앞을 가리는구나. 감정화자님, 그럴수록 더 잘 챙겨 먹고 힘을 내야 해.	N	2022-08-16 09:12:59	2022-11-08 04:56:13
BE22014334	5	0	술 마시고 들어오면 다음 날 해장국은 잘 끓여줬거든. 집에 남은 식빵을 뜯어서 우적우적 씹다 보니 마음이 울적해지면서 눈물이 나더라고. 세상에 나 혼자 남은 느낌이 드는 거야, 정말 마음의 상처가 돼.	N	2022-08-16 09:12:59	2022-11-08 04:56:13
BE22014334	6	1	식빵을 먹으면서 눈물 흘리는 너를 생각하니 내 마음이 정말 찢어지는 것같이 아프다. 그럴 때 얼마나 외로웠을까. 너무 두렵고 쓸쓸했을 것 같아.	N	2022-08-16 09:12:59	2022-11-08 04:56:13
BE22014334	7	0	그런데 헤어진 그 사람 생각도 나더라고. 그 사람은 나처럼 살지 말고 행복했으면 좋겠어. 예전에 해장국 잘 끓여줬던 게 새삼스레 고마운 생각도 들면서.	N	2022-08-16 09:12:59	2022-08-16 09:12:59
BE22014334	8	1	네가 헤어진 사람에 대해서 그렇게 따듯한 마음을 가지고 있구나. 내가 안심해도 될 것 같아. 남을 그렇게 생각해주는 마음을 가졌으니 충분히 너 자신을 잘 지켜낼 수 있을 거야.	N	2022-08-16 09:12:59	2022-11-08 04:56:13
BE22014334	9	0	네가 그렇게 말해주니까 왠지 마음이 조금 편안해지면서 위로가 되는 것 같아. 나는 상처로 아파하는 게 안 어울리는 것 같아. 아니, 솔직히 말하면 더 이상 상처로 아파하지 않았으면 좋겠어.	N	2022-08-16 09:12:59	2022-08-16 09:12:59
BE22014334	10	1	너무 반가운 소리를 하는구나. 네가 그렇게 생각해서 정말 너무너무 기뻐! 세상은 다 마음먹기에 달린 거라고 생각해.	N	2022-08-16 09:12:59	2022-11-08 04:56:13
BE22014334	11	0	해장국이 필요하면 배달시켜 먹어도 되고 얼른 나가서 한 그릇 사 먹어도 되는 일이잖아. 식빵 먹으면서 괜히 상처받고, 내가 바보 같은 짓을 한 것 같아.	N	2022-08-16 09:12:59	2022-08-16 09:12:59
BE22014334	12	1	너는 몸이 건강한 것처럼 마음도 건강해서 아프더라도 금방 회복이 잘되고 진짜 짱이야! 정말 멋진 감정화자님!	N	2022-08-16 09:12:59	2022-11-08 04:56:13
BE22014334	13	0	너같이 좋은 사람을 곁에 둬서 내가 복이 많은 사람이지. 상처가 아프다고 아우성치던 나를 네가 이렇게 잘 다독여줬잖아. 네 덕분에 이제 마음이 편안해졌어.	N	2022-08-16 09:12:59	2022-11-08 04:56:13
BE22014334	14	1	내가 한 건 없지만 네가 그리 생각해주니 고맙구나. 아무튼 네 마음이 그리 편안해졌다니 정말 다행이야.	Y	2022-08-16 09:12:59	2022-11-08 04:56:13
