id	utterance_id	utterance_type	utterance_text	terminate	regDate	updDate
BE22003932	1	0	아, 오늘은 정말 잠이 안 오네요.	N	2022-06-26 17:00:32	2022-11-08 03:49:44
BE22003932	2	1	감정화자씨, 무슨 일 있으세요? 밤이 늦었어요.	N	2022-06-26 17:00:32	2022-11-08 03:49:44
BE22003932	3	0	정말 충격적인 사실을 알게 되었거든요. 저는 제가 지금껏 옳은 길로, 정답을 찾았다고 생각하고 살아왔는데 틀렸다는 사실을 깨달았어요. 그것도 스스로가 아닌 남이 알려줘서 알게 되었어요.	N	2022-06-26 17:00:32	2022-11-08 03:49:44
BE22003932	4	1	아, 오래도록 가지고 계셨던 신념이 무너지신 건가요? 저도 그런 경험이 있어서 알아요. 정말 세상이 무너지는 것 같고 앞으로 어떻게 살아야 할지 막막한 심정이 되었거든요.	N	2022-06-26 17:00:32	2022-11-08 03:49:44
BE22003932	5	0	네. 구체적으로 말하기는 어렵지만, 사실 그 답에 대한 확신이 지금껏 저를 만들어왔다고 생각했어요. 누군가가 제 답의 방향성을 지적했을 때 정말 심장이 두근거리고 온 세상이 빙빙 돌아가는 느낌이었어요.	N	2022-06-26 17:00:32	2022-11-08 03:49:44
BE22003932	6	1	정말 크게 충격을 받으셨구나. 그럴 때는 잠시 쉬어가는 시간이 필요할 것 같아요. 지금껏 답을 찾아서 몰두해왔다면, 번아웃이 왔을 수도 있잖아요.	N	2022-06-26 17:00:32	2022-11-08 03:49:44
BE22003932	7	0	네, 확실히 쉬어가는 게 좋을 것 같아요. 이번 일로 타격이 좀 크네요. 자다가도 악몽을 꿔서 벌떡벌떡 일어나곤 해요.	N	2022-06-26 17:00:32	2022-11-08 03:49:44
BE22003932	8	1	상처를 크게 받았을 때는 정신과나 상담의 도움을 받는 것도 좋을 것 같아요. 저도 크게 상처받았을 때 상담사의 도움을 받고 다시 시작할 힘을 얻은 적이 있거든요. 저는 감정화자씨가 회복을 위해 노력할 마음이 있다는 걸 알아요.	N	2022-06-26 17:00:32	2022-11-08 03:49:44
BE22003932	9	0	조언 고마워요. 생각해볼게요. 제게 다시 시작할 힘이 남아있는지는 잘 모르겠지만요.	N	2022-06-26 17:00:32	2022-11-08 03:49:44
BE22003932	10	1	감정화자씨는 강한 사람이잖아요. 이제껏 답을 찾으려 노력해왔다는 것만으로도 이미 훌륭한 걸요. 감정화자씨는 무언가를 발견할 줄 아는 사람이라는 거니까요.	N	2022-06-26 17:00:32	2022-11-08 03:49:44
BE22003932	11	0	그렇게 생각해줘서 고마워요. 제가 틀렸다는 사실을 알고 나서는 모두가 제게 손가락질할지도 모른다고 생각했어요.	N	2022-06-26 17:00:32	2022-11-08 03:49:44
BE22003932	12	1	모두가 손가락질하더라도 감정화자씨가 떳떳하다면 개의치 않아도 됩니다. 저는 감정화자씨 편이에요.	N	2022-06-26 17:00:32	2022-11-08 03:49:44
BE22003932	13	0	네. 지금 당장 새로운 답을 찾아낼 수는 없더라도 다시 차근차근 시작해볼게요.	N	2022-06-26 17:00:32	2022-11-08 03:49:44
BE22003932	14	1	잘 생각하셨어요. 늘 응원을 보내는 제가 곁에 있다는 걸 잊지 말아 주세요.	N	2022-06-26 17:00:32	2022-11-08 03:49:44
BE22003932	15	0	네, 그럴게요. 좋은 소식이 생기면 꼭 전달하도록 하겠습니다.	Y	2022-06-26 17:00:32	2022-11-08 03:49:44
