id	utterance_id	utterance_type	utterance_text	terminate	regDate	updDate
BE22014393	1	0	공감화자님 바쁘세요? 지금 친구 때문에 너무 상처받아서 감정이 주체가 안되요.	N	2022-08-17 02:22:29	2022-11-08 04:56:35
BE22014393	2	1	네 지금 괜찮아요. 그런데 무슨 문제이기에 그렇게 충격받으신 거예요?	N	2022-08-17 02:22:29	2022-08-17 02:22:29
BE22014393	3	0	몇 달 전에 친한 친구가 돈을 빌려줬거든요. 그런데 빌려 간 돈은 갚지도 않고 해외여행 간 걸 알게 됐어요.	N	2022-08-17 02:22:29	2022-08-17 02:22:29
BE22014393	4	1	듣는 저도 너무 당황스러운데 감정화자님은 더 놀라고 어리둥절했겠어요. 다른 것도 아니고 돈 관계는 예민한 문제인데 친구분 행동에 실망이 클 거 같아요.	N	2022-08-17 02:22:29	2022-11-08 04:56:35
BE22014393	5	0	큰돈을 빌려준 건 아니었지만 진짜 뒤통수를 한 대 얻어맞은 기분이에요. 마음에 생채기가 난 것처럼 너무 쓰라려요.	N	2022-08-17 02:22:29	2022-11-08 04:56:35
BE22014393	6	1	감정화자님이 느꼈을 실망과 배신감을 생각하니 제가 다 속상해지네요. 소중한 친구를 하나 잃은 것 같은 기분이라서 더 힘드시겠어요. 진정한 친구 사이라면 그러면 안 되는데 저였어도 말로 표한하기 어려울 정도로 괴로웠을 거 같아요.	N	2022-08-17 02:22:29	2022-11-08 04:56:35
BE22014393	7	0	맞아요. 친구니까 믿고 빌려준 건데 배신당한 거 같아서 마음이 너무 괴로워요.	N	2022-08-17 02:22:29	2022-08-17 02:22:29
BE22014393	8	1	많이 믿었던 만큼 아픔도 크게 느끼나 봐요. 그동안 쌓아올린 신뢰가 한순간에 무너진 거 같아서 더 슬플 거 같아요. 이런 일로 친구분과의 관계가 깨져버린 것 같아서 안타까워요.	N	2022-08-17 02:22:29	2022-11-08 04:56:35
BE22014393	9	0	그동안 사이가 멀어질까 봐 제대로 달라고도 못 했는데 참고 기다려준 제가 오히려 바보 같아요.	N	2022-08-17 02:22:29	2022-11-08 04:56:35
BE22014393	10	1	다른 사람에게 싫은 소리 못하는 감정화자님이라서 더 말 꺼내기도 조심스러웠을 거 같아요. 빌려준 걸 받는 입장인데 아쉬운 소리 해야 한다는 게 생각보다 힘든 일이잖아요. 말도 못 하고 그동안 많이 답답했겠다.	N	2022-08-17 02:22:29	2022-11-08 04:56:35
BE22014393	11	0	그러니까요. 답답해서 숨도 질 안 쉬어지는 거 같고 배신감에 몸이 다 떨려요. 저한테 어떻게 그럴 수가 있죠?	N	2022-08-17 02:22:29	2022-08-17 02:22:29
BE22014393	12	1	감정화자님이 너무 힘들고 고통스러워하는 것 같아서 저도 마음이 무겁네요. 그래도 다른 피치 못할 사정이 있을 수도 있으니 진지하게 대화를 한번 해보는 게 어때요?	N	2022-08-17 02:22:29	2022-11-08 04:56:36
BE22014393	13	0	그럴까요? 이미 제 기분은 신경도 안 쓰고 저는 안중에도 없는 것처럼 보였거든요.	N	2022-08-17 02:22:29	2022-08-17 02:22:29
BE22014393	14	1	말하지 않으면 알지 못하는 경우도 많잖아요. 오해가 있다면 대화로 풀고 감젇화자님의 생각을 단호하게 전달해 보면 좋을 거 같아요. 의외로 잘 해결될 수 있을지도 모르니 너무 상심하지 말고 기운 내세요.	N	2022-08-17 02:22:29	2022-11-08 04:56:36
BE22014393	15	0	정말 그랬으면 좋겠네요. 여행에서 돌아오면 만나서 진지하게 얘기 나눠봐야겠어요. 위로해 주셔서 감사해요.	Y	2022-08-17 02:22:29	2022-08-17 02:22:29
