id	utterance_id	utterance_type	utterance_text	terminate	regDate	updDate
BE22013923	1	0	새로운 전자피아노를 구매하고 싶은데 엄마가 허락을 안 해주셔. 집에 있는 건 고장 났는데 말이야. 날 생각해주지 않는 것 같아서 상처야.	N	2022-08-11 05:41:11	2022-11-08 04:53:35
BE22013923	2	1	피아노 치는 걸 좋아하나 보네? 새 걸로 사주시지 않아서 속상했겠다.	N	2022-08-11 05:41:11	2022-08-11 05:41:11
BE22013923	3	0	나는 피아니스트가 꿈이거든. 그런데 엄마는 무슨 피아노냐고 공부나 하라고 하셔. 이 말이 너무나 상처가 돼.	N	2022-08-11 05:41:11	2022-11-08 04:53:35
BE22013923	4	1	장래 희망이 피아니스트라니 정말 멋진데? 그런데 부모님이 반대하시나 보구나.	N	2022-08-11 05:41:11	2022-11-08 04:53:35
BE22013923	5	0	응. 우리 부모님은 피아니스트를 직업으로 인정해주시지 않는다고 해야 하나? 내가 꿈에 대해 이야기할 때마다 들은 체도 하지 않고 무시해서 상처받을 때가 많아. 오늘도 그랬고.	N	2022-08-11 05:41:11	2022-11-08 04:53:35
BE22013923	6	1	너의 진지한 꿈을 이야기하는데 그런 반응을 보이시다니, 감정화자님이 정말 속상하고 슬펐겠다. 그러면 새 피아노를 사 달라고 부모님을 설득하는 것도 정말 쉽지 않겠는걸.	N	2022-08-11 05:41:11	2022-11-08 04:53:35
BE22013923	7	0	아무래도 빠른 시일 내에 사기는 힘들 것 같아. 그래서 앞으로 용돈을 모아서 살까 생각 중이야.	N	2022-08-11 05:41:11	2022-08-11 05:41:11
BE22013923	8	1	매달 받는 용돈을 모아서 피아노를 사려면 정말 놀지도 못하고 간식도 먹기 힘들 텐데 어떡하니. 내가 다 속상하네.	N	2022-08-11 05:41:11	2022-08-11 05:41:11
BE22013923	9	0	하지만 내가 하고 싶은 일이고, 부모님이 허락해주시지 않으니 내 힘으로 해봐야지.	N	2022-08-11 05:41:11	2022-08-11 05:41:11
BE22013923	10	1	스스로의 노력으로 부모님의 인정을 받을 생각을 한다는 게 참 쉽지 않은데. 감정화자님은 정말 의젓한 것 같아. 나는 너의 그런 점이 참 멋있더라.	N	2022-08-11 05:41:11	2022-11-08 04:53:35
BE22013923	11	0	정말 그렇게 생각해? 나는 지금은 고장 난 피아노를 가진 부모님의 반대에 부딪히는 학생일 뿐인데 말이야.	N	2022-08-11 05:41:11	2022-08-11 05:41:11
BE22013923	12	1	물론 지금이야 그렇지. 하지만 너는 거기에 순응하지 않고 상황을 바꾸려고 노력하는 거잖아. 그런 점이 참 대단하고 존경스럽기까지 해.	N	2022-08-11 05:41:11	2022-08-11 05:41:11
BE22013923	13	0	공감화자님이 그렇게 말해주니까 내가 잘하고 있다는 확신이 드네. 여태까지는 다짐은 했지만, 내가 잘 하고 있는 건지 긴가민가했거든.	N	2022-08-11 05:41:11	2022-11-08 04:53:35
BE22013923	14	1	내가 볼 땐 너는 충분히 잘하고 있어! 이제 확신을 얻었으니 그 확신을 더더욱 굳힐 일만 남았겠는걸? 앞으로 네가 가는 길이 쉽지 않겠지만 너는 잘할 거라고 나는 믿어.	N	2022-08-11 05:41:11	2022-11-08 04:53:35
BE22013923	15	0	정말 고마워. 너의 말에 용기를 얻을 수 있었어. 너의 기대에 부응하기 위해서라도 꿈을 이루기 위해서 열심히 노력할 거야!	N	2022-08-11 05:41:11	2022-08-11 05:41:11
BE22013923	16	1	정말 멋진걸? 내가 항상 옆에서 너의 지지자가 되어주고 응원할 테니까 그 꿈을 실현시키는 날까지 같이 힘내보자!	Y	2022-08-11 05:41:11	2022-08-11 05:41:11
