id	utterance_id	utterance_type	utterance_text	terminate	regDate	updDate
BE22011822	1	0	정말 여러모로 속상하다 요즘. 돈이 없어서일까, 마음이 너무 초라해진 기분이야. 나의 이런 비루한 상태에 스스로 상처받는 중이고.	N	2022-07-26 06:51:37	2022-11-08 04:40:24
BE22011822	2	1	에구 무슨 일이야. 항상 밝던 네가 이렇게 우울할 정도면 큰일이 있었나 보네?	N	2022-07-26 06:51:37	2022-11-08 04:40:24
BE22011822	3	0	별일은 아냐 그냥 반지하에 살면서 단수까지 되니 지금 내가 너무 초라해. 바닥도 내 몸도 끈끈해서 인생까지 불우해진 기분이야.	N	2022-07-26 06:51:37	2022-11-08 04:40:24
BE22011822	4	1	아, 오늘 단수였구나. 그래 날씨도 덥고 습한데 단수까지 되었으니 얼마나 힘들까. 그 상황이 그려져서 내가 다 마음이 아프다.	N	2022-07-26 06:51:37	2022-11-08 04:40:24
BE22011822	5	0	응, 세상 되는 일 하나 없고 근근이 버티는 삶이 너무 힘들어. 세상에 상처받고 일어설 힘이 하나도 안 나는 것 같아.	N	2022-07-26 06:51:37	2022-11-08 04:40:24
BE22011822	6	1	네 말만 들어도 너무 슬프다. 내가 혼자인 것 같고 모든 일이 다 나를 거절하며 수렁으로 빠지는 기분 나도 알아. 나도 꽤 오래 반지하에서 살아봤었거든.	N	2022-07-26 06:51:37	2022-11-08 04:40:24
BE22011822	7	0	내 심정을 이해해줘서 고마워. 나 정말 계속 이렇게 살게 될까 봐 너무 무서워. 나도 변할 수 있을까?	N	2022-07-26 06:51:37	2022-11-08 04:40:24
BE22011822	8	1	감정화자야 어떤 사람이든 계속해서 나쁜 상황만 있지는 않을 거야. 분명 어느 순간 이 상황을 밟고 일어서서 나아가게 될 거라고 생각해. 너는 지금 잠시 주춤해 있을 뿐인 거고.	N	2022-07-26 06:51:37	2022-11-08 04:40:24
BE22011822	9	0	맞아, 그래도 예전에 고시원 살던 때를 생각하면 지금이 낫긴 하지. 맞아 나는 천천히 조금씩이라도 나아가고 있는 거야. 고마워 다시 나를 일깨워줘서.	N	2022-07-26 06:51:37	2022-11-08 04:40:24
BE22011822	10	1	지금까지도 충분히 잘해왔어. 얼마나 열심히 노력하며 살아왔는지 내가 보장해 줄 수 있어. 지금은 비록 잠시 멈춰 있는듯한 느낌이 들겠지만 분명 너는 이 순간을 벗어나게 될 거야.	N	2022-07-26 06:51:37	2022-11-08 04:40:24
BE22011822	11	0	고마워, 이렇게 진심을 담은 응원을 받으니 힘이 나는걸. 내가 너무 상황이 힘들어서 우울감에 빠져 있었나 봐. 이렇게 살면 안 되는데 다시 힘내야지.	N	2022-07-26 06:51:37	2022-11-08 04:40:24
BE22011822	12	1	응, 고시원에 살았을 때도 희망이 없어 보였는데 어느새 이렇게 너만의 공간을 가지게 되었잖아. 네 노력의 결실이야. 하루하루 또 잘 살아가다 보면 더 나은 삶을 누릴 게 분명해.	N	2022-07-26 06:51:37	2022-11-08 04:40:24
BE22011822	13	0	맞아, 네 말대로 나는 느리지만 나아가는 중이야. 공감화자야, 고마워, 덕분에 기분이 많이 나아졌어. 네가 아니었으면 오늘 정말 힘들었을 거 같아.	N	2022-07-26 06:51:37	2022-11-08 04:40:24
BE22011822	14	1	그렇게 느껴줘서 나도 고마워. 감정화자야, 조금만 더 힘내서 버텨보자. 곧 좋은 날이 올 거야.	N	2022-07-26 06:51:37	2022-11-08 04:40:24
BE22011822	15	0	응, 나 기운 내서 잘 지내볼게. 그리고 꼭 성공해서 다시 일어설게. 고마워.	Y	2022-07-26 06:51:37	2022-11-08 04:40:24
