id	utterance_id	utterance_type	utterance_text	terminate	regDate	updDate
BE22013222	1	0	공감화자야 지금 뭐 해? 나 정말 너무 상처받는 일이 생겼어. 마음이 너무 아파.	N	2022-08-05 05:34:19	2022-11-08 04:49:08
BE22013222	2	1	이 야밤에 갑자기 무슨 일이야 깜짝 놀랐다 너 괜찮아?	N	2022-08-05 05:34:19	2022-08-05 05:34:19
BE22013222	3	0	내가 전에 말했던 내 여자 친구 남자 절친 기억나? 내가 둘 사이가 마음에 들지 않아서 그만 만나는 게 어떠냐고 여자 친구한테 부탁했거든. 근데 여자 친구가 네가 뭔데 나한테 이래라저래라 냐고 하는 거 있지 정말 너무 충격이야.	N	2022-08-05 05:34:19	2022-11-08 04:49:08
BE22013222	4	1	헉 다른 사람도 아닌 여자 친구가 그렇게 말해서 너무 화들짝 놀랐겠다 네가 충격받을 만해. 네가 그렇게까지 말하기엔 널 신경 쓰이게 한 많은 일들이 있었을 텐데 말이야. 여자 친구가 네 서운한 감정을 제대로 이해해 주지 못한 것 같아 내가 다 속상하네.	N	2022-08-05 05:34:19	2022-11-08 04:49:08
BE22013222	5	0	그러니까 말이야 여태껏 좀 거슬린다고 하는 일들이 꽤 있었었거든. 내가 엄청나게 큰 부탁을 한 것도 아니고 남자 친구로서 그저 내 감정을 토로한 것뿐인데 서운해. 여자 친구의 반응이 너무 상처가 되더라.	N	2022-08-05 05:34:19	2022-11-08 04:49:08
BE22013222	6	1	듣는 나도 깜짝 놀랐는데 너는 얼마나 상처가 됐겠니. 나였어도 그 말을 듣고선 침착하지 못했을 거야. 내가 사랑하는 사람이 나의 진정한 마음을 알아주지 못하는데 당연히 마음이 속상하지.	N	2022-08-05 05:34:19	2022-11-08 04:49:08
BE22013222	7	0	그 후론 자꾸 여자 친구가 나보다 그 친구를 더 좋아하는 것 같다는 생각이 들어. 자꾸 여자 친구를 의심하게 되고 그러는 나 자신이 너무 한심하게 보이기도 해.	N	2022-08-05 05:34:19	2022-11-08 04:49:08
BE22013222	8	1	너 자신을 탓하지 마! 사랑하는 마음에 자꾸 확인하고 싶은 마음이 드는 것은 당연하잖아. 여자 친구한테 솔직하게 말해보는 것은 어때? 네가 여자 친구를 사랑하는 마음에 그 남자가 거슬린다고 말이야 그럼 네 마음이 조금은 나아지지 않을까?	N	2022-08-05 05:34:19	2022-11-08 04:49:08
BE22013222	9	0	솔직하게 말하는 것도 좋은 방법이지. 하지만 오늘 여자 친구가 나에 대한 반응이 너무 충격적이었거든. 또 솔직하게 말했다가 더욱 상처받을까 두려워.	N	2022-08-05 05:34:19	2022-11-08 04:49:08
BE22013222	10	1	솔직한 마음을 털어놓기 힘든 네 맘은 충분히 이해하지. 하지만 처음엔 그냥 만나지 말라고 한 것이었고 지금은 이유가 들어간 너의 진실한 감정이잖아. 네 여자 친구도 네가 솔직한 너의 맘을 말한다면 널 십분 이해해 줄 거라고 생각해.	N	2022-08-05 05:34:19	2022-11-08 04:49:08
BE22013222	11	0	네 말을 듣고 보니 여자 친구가 내가 본인을 이유도 없이 단속했다고 생각할 수도 있겠네. 오히려 내 말 때문에 여자 친구도 나만큼 상처받았을까 걱정이다.	N	2022-08-05 05:34:19	2022-11-08 04:49:08
BE22013222	12	1	지금이라도 여자 친구한테 솔직한 네 마음을 전달해 봐. 난 이런 고비들이 너희들의 사랑을 한층 더 견고하게 만든다고 생각해. 서로의 마음을 더욱 잘 알게 될 테니까 말이야.	N	2022-08-05 05:34:19	2022-11-08 04:49:08
BE22013222	13	0	그래 지금이라도 말을 해봐야겠다. 내 상처받은 마음만 계속 신경 쓰고 정작 여자 친구의 마음은 헤아려 주지 못했네. 내 입장만 중요한 게 아닌데 말이야.	N	2022-08-05 05:34:19	2022-11-08 04:49:08
BE22013222	14	1	보통 이런 상황에 서운함을 표출할 만도 한데 넌 정말 이해심이 깊구나. 본인의 상처받은 마음은 제쳐두고 남을 먼저 생각하다니 참 대단해. 서로를 대하는 마음이 그렇다면 여자 친구도 네가 왜 그랬는지 이해해 줄 거야.	N	2022-08-05 05:34:19	2022-11-08 04:49:08
BE22013222	15	0	네 덕에 이 문제를 어떻게 해결해 나가야 할지 갈피가 잡힌 것 같아 마음이 편해진다. 	N	2022-08-05 05:34:19	2022-11-08 04:49:08
BE22013222	16	1	기분이 조금이라도 나아졌다니 다행이네. 여자 친구랑 대화 잘 나누고! 파이팅.	Y	2022-08-05 05:34:19	2022-11-08 04:49:08
