id	utterance_id	utterance_type	utterance_text	terminate	regDate	updDate
BE22012699	1	0	공감화자야 제주도에 잘 도착했어?	N	2022-08-01 07:53:38	2022-11-08 04:45:52
BE22012699	2	1	응. 이제 비행기 내려서 짐 찾고 버스 기다리고 있어. 네가 함께하지 못해서 너무 아쉽다.	N	2022-08-01 07:53:38	2022-11-08 04:45:52
BE22012699	3	0	나도 그래서 정말 가슴 아프고 상처가 되어서 속상해. 수학여행 꼭 가고 싶었는데 비용이 생각보다 너무 비싸서 부담되더라고.	N	2022-08-01 07:53:38	2022-11-08 04:45:52
BE22012699	4	1	네가 나보다 훨씬 상심이 커서 마음 아플 텐데 내가 괜한 이야기를 했나 봐. 미안해.	N	2022-08-01 07:53:38	2022-11-08 04:45:52
BE22012699	5	0	에이 아니야. 그냥 아쉬운 게 부모님께 말이라도 꺼내 볼 걸 그랬나 싶어서 후회스러워. 인생 마지막 수학여행 기회인데 미리 포기한 게 씁쓸해서 상처가 되더라.	N	2022-08-01 07:53:38	2022-11-08 04:45:52
BE22012699	6	1	네가 어쩔 수 없는 상황이 공허하게 느껴져서 가슴이 미어지는 기분이겠다. 네가 이렇게 상처받고 힘들어하는 모습을 보니까 마음이 아파서 찢어질 것 같아.	N	2022-08-01 07:53:38	2022-11-08 04:45:52
BE22012699	7	0	가고 싶다고 아무 걱정 없이 턱턱 결정하면 좋았을 텐데. 어려운 집안 사정부터 생각하고 막막한 심정으로 계산하는 내가 비참하게 느껴졌어. 현실을 생각할 때마다 마음이 아프고 돌덩이라도 얹은 듯 괴롭더라.	N	2022-08-01 07:53:38	2022-11-08 04:45:52
BE22012699	8	1	그래. 하고 싶은 걸 체념해야만 하는 상황이니까 네가 얼마나 가슴이 저리고 서러웠겠어. 상처가 너무 크고 괴로워서 좌절감이 느껴졌겠네.	N	2022-08-01 07:53:38	2022-11-08 04:45:52
BE22012699	9	0	그렇지. 그런데 또 부모님께 괜한 부담 지워드리기가 싫어서 참게 되더라. 씁쓸한 기분이지만 우리 집 상황 생각하면 어쩔 수 없지.	N	2022-08-01 07:53:38	2022-11-08 04:45:52
BE22012699	10	1	사려 깊게 부모님 사정 이해해 드리고 어른스럽게 넓은 마음을 나타내다니 대단하다. 나였으면 앞뒤 생각 안 하고 징징거렸을 것 같은데 넌 정말 멋있다.	N	2022-08-01 07:53:38	2022-11-08 04:45:52
BE22012699	11	0	그런 거 아니야. 그냥 내가 가족의 구성원으로서 고려하고 해야 할 일이라고 생각한 것뿐인걸.	N	2022-08-01 07:53:38	2022-11-08 04:45:52
BE22012699	12	1	네가 하고 싶은 일을 우선순위에 두지 않고 이해심을 보일 수 있다는 것 자체가 훌륭한걸.	N	2022-08-01 07:53:38	2022-11-08 04:45:52
BE22012699	13	0	네가 그렇게 말해주니까 답답하게 꽉 막혀 있던 가슴에 한 줄기 바람이 통하는 것 같아. 못 가서 아쉽지만 네가 사진이라도 많이 찍어서 보내줘.	N	2022-08-01 07:53:38	2022-11-08 04:45:52
BE22012699	14	1	알겠어. 네가 아쉬움 느끼지 않을 만큼 현장감 있는 사진이랑 동영상 많이 보내줄게.	N	2022-08-01 07:53:38	2022-11-08 04:45:52
BE22012699	15	0	기다리고 있을게. 수학여행 중이라 정신없이 바쁠 텐데도 내 이야기 들어주고 상처받은 마음을 위로해 줘서 고마워.	Y	2022-08-01 07:53:38	2022-11-08 04:45:52
