id	utterance_id	utterance_type	utterance_text	terminate	regDate	updDate
BE22014378	1	0	공감화자님. 나 정말 죽고 싶을 만큼 괴롭다. 정말 상처받았어.	N	2022-08-16 23:51:17	2022-11-08 04:56:29
BE22014378	2	1	네가 그런 소리를 다 하고 무슨 일이 있었니.	N	2022-08-16 23:51:17	2022-11-08 04:56:29
BE22014378	3	0	여자 친구랑 데이트 하다가 한 패거리 남자들한테 돈을 뺏겼어. 나 정말 평생 상처로 남을 거 같아.	N	2022-08-16 23:51:17	2022-11-08 04:56:29
BE22014378	4	1	세상에, 어디 다친 데는 없고? 정말 너무 놀라고 두려웠겠다. 여자 친구 다칠까 걱정도 컸을 것이고 말이야.	N	2022-08-16 23:51:17	2022-11-08 04:56:29
BE22014378	5	0	사실 여자 친구 앞에서 너무 창피하기도 했지만, 무엇보다 순간 생명의 위협을 느끼게 되더라. 여자 친구는 괜찮고, 내가 막느라 조금 다쳤지만 크게 다치진 않았어.	N	2022-08-16 23:51:17	2022-11-08 04:56:29
BE22014378	6	1	두 사람 모두 안전하다니 천만다행이다. 너무 충격적인 기억으로 남겠지만, 사람 다치지 않은 게 또 얼마나 다행이니.	N	2022-08-16 23:51:17	2022-11-08 04:56:29
BE22014378	7	0	살면서 이런 일은 처음이라, 진짜 그 순간 섬뜩했던 감정이 계속 남아 있어 괴로워.	N	2022-08-16 23:51:17	2022-08-16 23:51:17
BE22014378	8	1	당연히 그렇지. 왜 아니겠니. 듣기만 해도 네가 얼마나 두려웠을지, 그 감정이 큰 상처로 남을 거 같아.	N	2022-08-16 23:51:17	2022-11-08 04:56:29
BE22014378	9	0	여자 친구도 제대로 지켜주지 못하고 그런 패거리에 당했다고 생각하니 너무 진정이 안 돼.	N	2022-08-16 23:51:17	2022-11-08 04:56:29
BE22014378	10	1	그런 상황을 제대로 대처하는 건 정말 힘든 일인데, 너라서 나는 침착하게 잘 대응했다고 생각해. 너는 할 수 있는 최선을 다하고 용감하게 지켜준 멋진 남자 친구였을 거야. 위기 앞에 강한 기질이 너의 장점이니 지금의 괴로움도 금방 극복할 수 있을 거야.	N	2022-08-16 23:51:17	2022-11-08 04:56:29
BE22014378	11	0	아. 네 말처럼 우리 두 사람 안전하게 집에 돌아온 게 천만다행인 것인데, 마음이 심란하네.	N	2022-08-16 23:51:17	2022-11-08 04:56:29
BE22014378	12	1	큰일 겪고 나면 쉽게 진정이 어렵지. 하지만, 차분하게 마음 추스르고 너와 여자 친구를 잘 지켜낸 거라고 진심으로 위로해주고 싶어.	N	2022-08-16 23:51:17	2022-11-08 04:56:29
BE22014378	13	0	고맙다. 공감화자님. 평생 상처로 남을 것 같아 마음이 불안했는데, 많이 위로가 됐어.	N	2022-08-16 23:51:17	2022-11-08 04:56:29
BE22014378	14	1	그래. 너도 항상 긍정적으로 생각하는 사람이잖아. 이만하길 다행이라고 생각하면, 좀더 자신에게 위로가 될 거야. 힘내.	Y	2022-08-16 23:51:17	2022-11-08 04:56:29
