id	utterance_id	utterance_type	utterance_text	terminate	regDate	updDate
BE22009239	1	0	저녁만 되면 자꾸 술이 생각나요. 회사에서 받은 스트레스를 어디 풀 때가 없기 때문이죠. 오늘도 맥주를 사서 들어왔어요.	N	2022-07-15 11:03:55	2022-11-08 04:23:49
BE22009239	2	1	저런 무슨 힘든 일이 있나요? 예전에 그대는 술을 별로 좋아하지 않는다고 말했었잖아요.	N	2022-07-15 11:03:55	2022-11-08 04:23:49
BE22009239	3	0	예전에는 술을 잘 못 먹었지만, 술도 먹다 보니 늘더군요. 회사에서 저를 힘들게 하는 사람이 있어요. 저한테 매일같이 일방적인 화풀이를 해요.	N	2022-07-15 11:03:55	2022-11-08 04:23:49
BE22009239	4	1	낮을 버티는 게 힘드시겠어요. 감정 소비를 하는 것만큼 고통스러운 일도 없죠. 술을 먹으면 일시적으로 기분이 좀 좋아지니까 그대의 행동이 이해가 가네요.	N	2022-07-15 11:03:55	2022-11-08 04:23:49
BE22009239	5	0	맞아요. 낮에 저는 말도 안 되는 이야기를 들어요. 저한테 얼굴이 못생기니 일을 못한다, 뭐 하나 잘하는 게 없다고 말하는데 정말 상처받았어요.	N	2022-07-15 11:03:55	2022-11-08 04:23:49
BE22009239	6	1	그런 이야기를 다 기억해두시나요?	N	2022-07-15 11:03:55	2022-11-08 04:23:49
BE22009239	7	0	들었으니 기억날 수밖에 없죠. 그래서 잊기 위해 술을 마시는 거고요. 하지만 매일 같이 기억이 쌓이고 쌓이면 마음의 독은 점점 더 커져 상처도 더 불어나요.	N	2022-07-15 11:03:55	2022-11-08 04:23:49
BE22009239	8	1	당신이 힘든 마음이 전달되어 오는 거 같군요. 하지만 말도 안 되는 나쁜 소리는 기억하지 않는 게 더 좋습니다. 당신이 힘들어하면 힘들어할수록 그들이 원하는 대로 되는 겁니다.	N	2022-07-15 11:03:55	2022-11-08 04:23:49
BE22009239	9	0	그러나 그들이 말하는 것들이 다 틀린 것도 아니에요. 자신 없는 목소리나 야무지지 않은 말투는 분명 저도 고쳐야 한다고 생각해요. 그들이 말하는 것이 분명 저에게 있는 단점이어서 더 상처가 돼요.	N	2022-07-15 11:03:55	2022-11-08 04:23:49
BE22009239	10	1	그러나 당신은 장점도 많은 사람입니다. 매일매일 힘들어도 끝까지 버틸 수 있는 인내심을 갖고 있으니 그 점을 더 마음속에 간직하세요. 그렇다면 분명 당신의 지금의 힘든 시간을 딛고 일어설 수 있을 거예요.	N	2022-07-15 11:03:55	2022-11-08 04:23:49
BE22009239	11	0	그렇게 말씀해주시니 잊고 있던 저의 장점이 이제야 떠오르는군요. 고맙습니다. 사람은 누구나 장단점을 비슷하게 갖고 있다는 사실을 기억해야겠어요.	N	2022-07-15 11:03:55	2022-11-08 04:23:49
BE22009239	12	1	좋은 생각입니다. 그리고 술을 드시고 싶을 때는 자신의 장점을 하나씩 적어보는 습관을 길러보세요. 분명 상처받았던 마음을 스스로 치유할 수 있는 힘이 생길 거예요.	N	2022-07-15 11:03:55	2022-11-08 04:23:49
BE22009239	13	0	제가 혼자서 할 수 있을까요? 저는 용기도 없고 나약한 사람인걸요. 이렇게 상처받았다고 툴툴대는 사람입니다.	N	2022-07-15 11:03:55	2022-11-08 04:23:49
BE22009239	14	1	무엇이든 생각하기 나름입니다. 제가 곁에서 그대의 편이 되어드릴게요. 누군가가 함께한다 생각하면 훨씬 긍정적인 힘이 불어날 거예요.	N	2022-07-15 11:03:55	2022-11-08 04:23:49
BE22009239	15	0	제 편이 있다는 말이 상처받았던 마음에 연고를 발라주는 거 같네요. 고맙습니다.	Y	2022-07-15 11:03:55	2022-11-08 04:23:49
