id	utterance_id	utterance_type	utterance_text	terminate	regDate	updDate
BE22011767	1	0	말도 안 돼. 목줄이 채워진 고양이가 밖에 방치되어 있어. 나 정말 너무 충격받았어.	N	2022-07-26 04:58:20	2022-11-08 04:40:02
BE22011767	2	1	누가 그런 끔찍한 짓을 저질렀단 말이야. 네가 충격받을 만하다. 나도 지금 너무 놀라서 말도 잘 안 나오는걸.	N	2022-07-26 04:58:20	2022-11-08 04:40:02
BE22011767	3	0	문구점 출입문 문고리에 목줄이 묶여 있는 걸 보니 문구점 주인이 데리고 있는 모양이야. 사람들에게 둘러싸여 있는 새끼 고양이가 무서워서 벌벌 떠는 데 아무렇지도 않나 봐. 호객용으로 이용하고 있는 것 같은데 너무 안타까워서 내가 다 상처야.	N	2022-07-26 04:58:20	2022-11-08 04:40:02
BE22011767	4	1	네 말대로 돈벌이 수단으로 키우는 건가 봐. 가뜩이나 너는 동물을 사랑하는데 그런 현장을 보고 마음이 너무 아플 것 같아.	N	2022-07-26 04:58:20	2022-11-08 04:40:02
BE22011767	5	0	가슴이 찢어지는 것 같아. 그릇에는 사람이 먹다 남은 음식이 들어있고, 작은 고양이는 갈비뼈가 드러날 정도로 말랐어. 얼굴에도 이물질이 가득한 걸 보니 기어이 병이 든 것 같아.	N	2022-07-26 04:58:20	2022-11-08 04:40:02
BE22011767	6	1	네 얘길 들으니 내가 안타까워서 눈물이 나려고 해. 누가 봐도 아픈 고양이인데 그대로 방치되어 있다니. 너도 마음이 무겁겠구나.	N	2022-07-26 04:58:20	2022-11-08 04:40:02
BE22011767	7	0	길고양이도 저 정돈 아닌데, 정말 충격적이라고. 저대로 뒀다간 고양이가 정말 위험해. 무슨 방법이 없을까?	N	2022-07-26 04:58:20	2022-11-08 04:40:02
BE22011767	8	1	그 정도로 심한 상태라니 한시가 시급할 것 같긴 하구나. 그렇다고 함부로 데려갈 수도 없는 노릇이니 정말 답답하겠다. 우선 문구점 주인과 대화를 해보는 건 어떨까?	N	2022-07-26 04:58:20	2022-11-08 04:40:02
BE22011767	9	0	그 생각도 해봤는데 대화가 통할 것 같지 않더라. 아까 아이들이 고양이도 팔면 안 되냐고 갖고 싶다고 하던데 절대 안 된다고 했어. 심술 맞은 표정으로 퉁명스레 대답하는 데 절대 내줄 것 같지 않아서 속상해.	N	2022-07-26 04:58:20	2022-11-08 04:40:02
BE22011767	10	1	잘 키울 것도 아니면서 욕심만 많은 사람이네. 네가 정말 막막한 심정일 것 같아. 그럼 동물 학대를 거론해서 구출해 내는 방법은 어떨까?	N	2022-07-26 04:58:20	2022-11-08 04:40:02
BE22011767	11	0	좋은 방법인 것 같아. 이 끔찍한 장면은 누가 봐도 동물 학대의 현장이거든. 좋게 대화를 시도했다가 정 안 통하면 네가 말해준 방법을 써 봐야겠어.	N	2022-07-26 04:58:20	2022-11-08 04:40:02
BE22011767	12	1	너는 어쩌면 그렇게 정의롭고 마음이 따뜻하니? 겁도 많으면서 이런 상황에서는 언제나 약자의 편에 서서 용기를 내잖아. 너의 그런 모습을 본받고 싶어.	N	2022-07-26 04:58:20	2022-11-08 04:40:02
BE22011767	13	0	네가 그렇게 얘기해 주니 쑥스럽기도 하고 용기도 나고 그러네. 새끼 고양이가 고통스러워하는데 그냥 지나쳤다간 두고두고 내 마음속에 상처로 남을 것 같아. 그리고 이렇게 충격적인 상황을 더는 지켜만 볼 수도 없고 말이야.	N	2022-07-26 04:58:20	2022-11-08 04:40:02
BE22011767	14	1	너는 말도 조리 있게 잘하고 동물에 관심이 많아 전문적인 지식도 풍부하잖아. 그러니 분명 네가 원하는 대로 대화를 이끌 수 있을 거야. 진심으로 응원할게.	N	2022-07-26 04:58:20	2022-11-08 04:40:02
BE22011767	15	0	고마워. 네 응원대로 반드시 구해내서 연락할게.	Y	2022-07-26 04:58:20	2022-11-08 04:40:02
