id	utterance_id	utterance_type	utterance_text	terminate	regDate	updDate
BE22013469	1	0	나 오늘 요가수업 받으러 갔는데, 너무 충격적이었어.	N	2022-08-08 06:32:49	2022-11-08 04:50:38
BE22013469	2	1	왜 그래? 무슨 일 있었어?	N	2022-08-08 06:32:49	2022-08-08 06:32:49
BE22013469	3	0	나이가 들어서 그런지 몸이 너무 굳어있더라고. 그래서 동작을 제대로 따라 할 수 없었어.	N	2022-08-08 06:32:49	2022-08-08 06:32:49
BE22013469	4	1	얼마 전까지 중요한 프로젝트 때문에 종일 업무만 하느라 몸을 제대로 움직이지 못했잖아. 몸이 마음처럼 움직이지 않는 그 마음 나도 잘 알아. 정말 당황스러웠겠다.	N	2022-08-08 06:32:49	2022-11-08 04:50:38
BE22013469	5	0	수업 중에 선생님이 한 명씩 자세를 잡아주는데 내가 너무 못해서 그런지 한숨을 쉬시더라고. 그래서 조금 상처받았어. 나 때문에 진도를 빨리 나가지 못하는 것 같아서 부끄럽기도 하더라.	N	2022-08-08 06:32:49	2022-08-08 06:32:49
BE22013469	6	1	요가를 배우는 건 몸을 건강하게 하기 위해서지 요가를 잘해서가 아니잖아. 네가 마음 불편해할 필요는 전혀 없어. 네가 상처를 많이 받은 것 같아서 마음이 안 좋네.	N	2022-08-08 06:32:49	2022-11-08 04:50:38
BE22013469	7	0	수업을 들으면서도 괜히 눈치가 보이더라고. 그래서 그냥 수강을 취소할까, 하는 생각도 했어.	N	2022-08-08 06:32:49	2022-11-08 04:50:39
BE22013469	8	1	타인의 시선 때문에 그 기회를 놓치면 너무 아깝지 않을까? 너 자신의 건강을 위해서 운동을 배우는 거라고 생각하면 어때? 훨씬 마음이 편해질 거야.	N	2022-08-08 06:32:49	2022-11-08 04:50:39
BE22013469	9	0	역시 그래야겠지? 사실 동작을 못 따라갈 때 충격을 많이 받긴 했어. 이런 거 보면 회사가 참 원망스럽다니까.	N	2022-08-08 06:32:49	2022-11-08 04:50:39
BE22013469	10	1	너는 평소에도 맡은 바를 책임감 있게 해내는 성격이었잖아. 그래서 마감 기한이 짧았는 데도 성공적으로 일을 마칠 수 있었던 거고. 나는 네가 정말 존경스럽고, 대단하다고 생각해.	N	2022-08-08 06:32:49	2022-11-08 04:50:39
BE22013469	11	0	그렇게 말해줘서 고마워. 이번 일이 잘 끝나서 기분 좋게 운동하려고 요가를 신청한 거였거든. 그런데 마음처럼 잘 안돼서 속상했나 봐.	N	2022-08-08 06:32:49	2022-11-08 04:50:39
BE22013469	12	1	누구라도 하고 싶은 일이 생각처럼 되지 않으면 마음이 상하잖아. 나였어도 무안하고 당황스러웠을 거야. 하지만 너는 의지가 대단하니까 모든 동작을 잘 해낼 수 있을 거라고 믿어.	N	2022-08-08 06:32:49	2022-11-08 04:50:39
BE22013469	13	0	네가 그렇게 말해주니까 역시 꾸준히 요가 수업을 들어야겠어. 그동안 나답지 않게 많이 의기소침해 있었던 것 같네. 너의 기대에 부응하도록 노력해 볼게.	N	2022-08-08 06:32:49	2022-11-08 04:50:39
BE22013469	14	1	잘 생각했어. 너는 한다면 하는 사람이잖아. 분명 선생님도 너의 성장에 놀라게 되실 거야.	N	2022-08-08 06:32:49	2022-11-08 04:50:39
BE22013469	15	0	용기를 북돋아 줘서 정말 고마워.	Y	2022-08-08 06:32:49	2022-11-08 04:50:39
