id	utterance_id	utterance_type	utterance_text	terminate	regDate	updDate
BE22011078	1	0	이제야 상처가 아물어가는 느낌이었는데, 다시 원점으로 돌아온 것 같아.	N	2022-07-22 13:30:48	2022-11-08 04:35:36
BE22011078	2	1	감정 화자님 괜찮은 거야? 무슨 일 있었어?	N	2022-07-22 13:30:48	2022-11-08 04:35:36
BE22011078	3	0	사거리에서 평생 마주치고 싶지 않았던 그 사람을 만났어. 어찌나 서늘한 눈으로 쳐다보던지, 가슴에 비수가 날아와 꽂히는 느낌이었어. 내게 그렇게 한 맺힌 게 많은 걸까, 한참을 마주 서서 서로 보다가 갔어.	N	2022-07-22 13:30:48	2022-11-08 04:35:36
BE22011078	4	1	오래 만나다 작년에 헤어진 사람 말하는 거구나. 한참을 힘들어했잖아, 마주친 것도 놀랐을 텐데 그런 눈빛까지 받았다니 얼마나 상처받았을까. 내 가슴도 같이 아려오네.	N	2022-07-22 13:30:48	2022-11-08 04:35:36
BE22011078	5	0	잘 지냈냐고 물어보려고 가까이 다가갔어. 그런데 상종 못 할 사람처럼 피하는 그 사람을 보고 목이 메어 말을 걸 수가 없었어. 8년이나 함께 했는데 그 사람에게 우리의 시간이 어떻게 남아있는지 알 것 같아서 상처받았어.	N	2022-07-22 13:30:48	2022-11-08 04:35:36
BE22011078	6	1	감정 화자님도 애써 용기를 낸 걸 텐데, 불편한 마음만 확인하고 말았구나. 서럽게 울던 감정 화자님을 보던 날이 아직도 선명한데, 그 아픔을 마주하는 것 같아서 너무 안타까워.	N	2022-07-22 13:30:48	2022-11-08 04:35:36
BE22011078	7	0	난 그 사람이 애틋하고 짠한데, 그 사람은 내가 아직도 원망스럽나 봐. 그 눈빛에서 나랑 보낸 시간을 후회하는 마음도 보았어. 아름다운 추억이길 바랐는데, 현실은 그렇지 않나 봐, 그게 너무 충격적이야.	N	2022-07-22 13:30:48	2022-11-08 04:35:36
BE22011078	8	1	이별은 양쪽이 똑같이 겪더라도 받아들이는 사람 나름인 것 같아. 감정 화자님은 사랑에 최선을 다했으니 힘들어도 말을 건낼 수 있었던 거고. 난 그게 성숙한 사랑을 하는 사람의 방식이라고 생각해.	N	2022-07-22 13:30:48	2022-11-08 04:35:36
BE22011078	9	0	공감 화자님 말대로 난 그를 기다려주려고 최선을 다했어. 그렇지만 그 사람의 기억 안에서는 내가 평생 나쁜 사람일까 봐 겁이 나.	N	2022-07-22 13:30:48	2022-11-08 04:35:36
BE22011078	10	1	아직 이별을 받아들일 시간이 더 필요한 상태에서 마주쳤을 뿐이야. 감정 화자님에게 1년이란 시간이 걸린 것처럼 그분도 노력 중인 게 아니었을까? 그러니 너무 눈빛에 상처받지 않았으면 해.	N	2022-07-22 13:30:48	2022-11-08 04:35:36
BE22011078	11	0	마주치고 나서부터 감정이 파도처럼 몰려오는 것 같아. 그렇게 마주치고 싶지 않아 했으면서 또 보고 싶어지는 마음은 뭘까. 나도 내 진짜 마음을 모르겠어, 너무 혼란스러워.	N	2022-07-22 13:30:48	2022-11-08 04:35:36
BE22011078	12	1	각별한 사이였으니 혼란을 느끼는 것도 당연하지. 사랑은 원래 복잡한 감정이잖아, 그러니 그 마음에 거부감 느끼지 않아도 돼. 그저 다시 시간을 가지고 감정 화자님 마음에 귀를 기울이다 보면 정답이 나올 거야.	N	2022-07-22 13:30:48	2022-11-08 04:35:36
BE22011078	13	0	응. 얼굴을 갑자기 마주치니 마음이 요동쳤나 봐. 아직 시간이 더 필요한 걸지도 모르지. 아까는 충격적이라 너무 혼란스러워 내 목적지도 잊었었는데, 공감 화자님과 이야기하다 보니 진정되었어.	N	2022-07-22 13:30:48	2022-11-08 04:35:36
BE22011078	14	1	응, 감정 화자님이 아파하면 나도 가슴이 아파. 이제 좀 나아진 듯 보여 나도 안심되네.	Y	2022-07-22 13:30:48	2022-11-08 04:35:36
