id	utterance_id	utterance_type	utterance_text	terminate	regDate	updDate
BE22013606	1	0	나 요새 매일 아침에 샤워를 하는데 머리카락이 너무 많이 빠져. 근래 스트레스를 좀 많이 받았더니 탈모가 생긴 것 같아서 충격받았어. 이렇게 될 때까지 스스로를 돌보지 못했다는 사실이 너무 마음에 상처가 돼서 샤워하기가 힘들어.	N	2022-08-09 08:35:34	2022-11-08 04:51:31
BE22013606	2	1	저런, 평소보다 하수구에 머리카락이 많이 빠져 있으면 심장이 쿵 하고 내려앉잖아. 많이 놀라고 힘들었을 것 같아서 네가 많이 걱정된다. 요새 스트레스를 받거나 힘든 일 있으면 나한테 털어놓아도 괜찮아.	N	2022-08-09 08:35:34	2022-11-08 04:51:31
BE22013606	3	0	회사에서 대리님이랑 조금 사이가 안 좋아지긴 했거든. 나한테 아무런 이유 없이 근태 지적을 하더라고. 이제는 우울증처럼 샤워하는 일상적인 일조차 무기력해서 하고 싶지가 않아, 상처가 큰가 봐.	N	2022-08-09 08:35:34	2022-11-08 04:51:31
BE22013606	4	1	싫어하는 사람과 하루 종일 어쩔 수 없이 붙어있어야 하면 신경이 곤두서게 되잖아. 네가 스트레스가 많이 쌓였던 것 같아서 너무 걱정이 되고 마음이 아파. 샤워하면서 자꾸 그런 안 좋은 생각이 떠오르면 마음이 힘들 것 같아.	N	2022-08-09 08:35:34	2022-11-08 04:51:31
BE22013606	5	0	정말 회사에서 종일 스트레스를 받아서 샤워할 때 머리카락이 빠지는 건가 봐. 탈모가 걱정된다고 매일 샤워를 안 할 수도 없고, 어떻게 해야 할지 모르겠다. 샤워할 때마다 내 스스로 너무 나약한 사람인 것 같아서 상처받았어.	N	2022-08-09 08:35:34	2022-11-08 04:51:31
BE22013606	6	1	잠깐 스트레스로 힘들 때가 있어도 너는 언제든 마음을 다잡고 일어설 수 있을 거야. 스스로 약하다고 생각하기엔 가능성이 무궁무진한 사람이잖아. 그동안 견뎌온 날들을 생각하면, 네가 시련을 이겨낼 수 있는 강한 사람이라는 걸 깨달을 거야.	N	2022-08-09 08:35:34	2022-11-08 04:51:31
BE22013606	7	0	내가 정말 그런 사람일까? 사실 학생 때부터 아무렇지 않게 아침마다 샤워해왔던 사람이었는데, 왜 이렇게 된 걸까. 다시 예전으로 돌아갈 수 있도록 누군가 힘을 줬으면 좋겠어.	N	2022-08-09 08:35:34	2022-11-08 04:51:31
BE22013606	8	1	네가 다시 예전의 너로 돌아갈 수 있도록 힘을 보태줄게. 흐린 날이 있으면 반드시 하늘이 맑게 개인 날도 오는 법이잖아. 지금은 비에 젖어 마음이 축 처져 있을지 몰라도, 내가 너의 손을 꼭 잡고 함께 있을게.	N	2022-08-09 08:35:34	2022-11-08 04:51:31
BE22013606	9	0	고마워, 네가 그렇게 말해주니까 힘이 좀 나는 것 같아. 다시 긍정적으로 생각하려고 노력하다 보면 괜찮아지겠지? 내일부터는 다시 매일 아침 샤워를 하도록 시도해볼게.	N	2022-08-09 08:35:34	2022-11-08 04:51:31
BE22013606	10	1	그래, 그리고 회사에서 스트레스를 많이 받는다면 모든 사람을 신경쓸 필요는 없어. 다른 사람 때문에 스트레스받지 말고 너 스스로에게 집중하려고 해보면 모든 게 잘 풀릴 거야. 너의 마음이 편안한 것이 나한테는 가장 중요하거든.	N	2022-08-09 08:35:34	2022-11-08 04:51:31
BE22013606	11	0	응, 그러려고 노력해볼게. 이제 회사에서 내 모니터만 보고 내 할 일만 해야지. 그리고 매일 칼퇴해서 스트레스 푸는 활동도 해야겠어.	N	2022-08-09 08:35:34	2022-11-08 04:51:31
BE22013606	12	1	좋은 생각이야. 스트레스를 풀기 위해 이것저것 해보고, 하소연할 때가 필요하면 나한테 말해. 나는 네 이야기를 들어주기 위해 매일 기다리고 있을게.	N	2022-08-09 08:35:34	2022-11-08 04:51:31
BE22013606	13	0	고마워, 은근히 든든한 것 같네. 너한테 털어놓고 나니까 뭔가 시원하기도 하고.	N	2022-08-09 08:35:34	2022-11-08 04:51:31
BE22013606	14	1	남한테 말하기 좀 그런 것들은 나한테 말해. 내가 그런 거 잘 들어주잖아. 알지?	N	2022-08-09 08:35:34	2022-08-09 08:35:34
BE22013606	15	0	응, 알았어. 고마워.	Y	2022-08-09 08:35:34	2022-08-09 08:35:34
