id	utterance_id	utterance_type	utterance_text	terminate	regDate	updDate
BE22011868	1	0	이럴 때마다 정말 회사 다니기 싫어진다. 이번에 승진이 되지 않았어. 내가 문제가 있다고 말하는 거 같아. 정말 상처받았어.	N	2022-07-26 09:24:24	2022-11-08 04:40:43
BE22011868	2	1	네가 지금껏 열심히 일해온 걸 내가 알잖아. 그래서 네 상처받은 마음이 이해된다. 네가 노력한 만큼의 보상을 못 받으면, 얼마나 속상하고 원망스럽겠어.	N	2022-07-26 09:24:24	2022-11-08 04:40:43
BE22011868	3	0	맞아. 가족들이랑 보낼 시간도 아껴가면서 일해서 승진이 될 줄 알았거든. 그런데 승진 이야기가 나올 때마다 내가 마치 투명 인간이 된 듯 내 이야기만 없더라. 덕분에 마음에 큰 상처만 입었어.	N	2022-07-26 09:24:24	2022-11-08 04:40:43
BE22011868	4	1	듣는 것만으로도 내 가슴이 찢어질 거 같은데, 너는 어떻겠어. 누구보다도 가족을 생각하는 네가 가족보다도 우선시할 정도로 노력했는데도 보상을 못 받은 거잖아. 네가 얼마나 상처받았을지 가늠조차 되지 않는다.	N	2022-07-26 09:24:24	2022-11-08 04:40:43
BE22011868	5	0	맞아. 정말 세상에서 버림받은 기분이 들고, 모든 걸 포기하고 싶은 마음이야. 사실 이번에 정말 승진할 자신이 있었거든. 그런데 안 되니까 마음이 정말 공허하다.	N	2022-07-26 09:24:24	2022-11-08 04:40:43
BE22011868	6	1	그깟 승진이 뭐라고 사람을 그렇게 서럽게 만드는지 모르겠다. 네가 한 가정의 가장이니, 승진 문제가 더 무겁게만 느껴지겠지. 젊은 나이에 정말 많은 짐을 지고 있어서 마음이 더 무겁겠다.	N	2022-07-26 09:24:24	2022-11-08 04:40:43
BE22011868	7	0	맞아. 내가 먹여 살려야 되는 여우 같은 아내, 토끼 같은 자식들이 집에 있으니까. 마음대로 무너지지도 못하고 포기도 못해. 정말 참담한 기분이다.	N	2022-07-26 09:24:24	2022-11-08 04:40:43
BE22011868	8	1	내가 네 짐을 덜어줄 수만 있다면 뭐든 하고 싶은 정도야. 내가 당장 할 수 있는 일은 위로와 격려인데, 그마저도 도움이 안 될까 봐 걱정이야.	N	2022-07-26 09:24:24	2022-11-08 04:40:43
BE22011868	9	0	말만으로도 정말 고맙다. 이렇게 아내한테는 못하는 이야기를 들어주는 것만으로도 도움이 돼.	N	2022-07-26 09:24:24	2022-11-08 04:40:43
BE22011868	10	1	너의 이런 책임감을 사람들이 알게 된다면, 승진은 떼놓은 당상인데. 지금은 미처 알지 못했지만, 곧 너의 능력을 보여줄 기회가 올 거야. 너 자신을 믿고 조금만 기다려보자.	N	2022-07-26 09:24:24	2022-11-08 04:40:43
BE22011868	11	0	그래. 네 말이 맞아. 아직 창창한 나이니까 벌써 이렇게 기죽을 이유 없지.	N	2022-07-26 09:24:24	2022-11-08 04:40:43
BE22011868	12	1	아까의 의기소침한 모습보다 지금의 자신감 넘쳐 보이는 네 모습이 보기 좋다. 너 자신을 믿고 열심히 하다 보면, 분명 좋은 기회가 올 거야.	N	2022-07-26 09:24:24	2022-11-08 04:40:43
BE22011868	13	0	그래 네 말이 맞아. 내 격려 덕분에 기운이 난다. 네게 이야기하길 잘한 거 같아. 정말 고맙다.	N	2022-07-26 09:24:24	2022-11-08 04:40:44
BE22011868	14	1	별말씀을. 다음번에는 꼭 승진하길 바랄게.	Y	2022-07-26 09:24:24	2022-11-08 04:40:44
