id	utterance_id	utterance_type	utterance_text	terminate	regDate	updDate
BE22011660	1	0	종합 검진받았는데 유방암이라고 큰 병원에 가 보라고 해요. 의사 말을 듣는데, 너무나 무섭고 가슴이 철렁 내려앉았어요.	N	2022-07-25 16:41:56	2022-11-08 04:39:21
BE22011660	2	1	어머, 얼마나 놀라고 상심이 크시겠어요. 저라도 그런 진단을 받으면 너무 당혹스러워서 앞이 막막할 것 같아요.	N	2022-07-25 16:41:56	2022-11-08 04:39:21
BE22011660	3	0	이게 하루아침에 생기는 게 아니라고 하면서 언제 종합 검진했냐고 묻더라고요. 생각해보니 검진한 지 5년이 넘었어요. 이런 내가 얼마나 미련하고 한심스러웠는지 몰라요.	N	2022-07-25 16:41:56	2022-11-08 04:39:21
BE22011660	4	1	그동안 코로나로 조심스러웠고, 연이어 애들 입시 하느라 정신없으셨잖아요. 저도 한창 애들 중요한 시기에는 아무것도 못 하고 미루게 되더라고요. 그래도 유방암은 큰 병원 가면 대부분 치료가 가능하다고 하니 좋아지실 수 있어요.	N	2022-07-25 16:41:56	2022-11-08 04:39:21
BE22011660	5	0	애들에게는 그 시기가 중요하니 집중하느라 저에게 신경을 못 썼어요. 가족들이 다들 저에게 자기 관리를 그렇게 안 하냐며 뭐라고 하는데 정말 서럽고 상처가 되었어요. 내 탓을 하는 말을 들으니 나만 희생된 느낌이 들어 눈물이 콸콸 흐르더라고요.	N	2022-07-25 16:41:56	2022-11-08 04:39:21
BE22011660	6	1	고생하고 수고해 온 감정화자의 희생이 있어서 무사히 아이들이 진학하고 가정이 화목할 수 있었잖아요. 가족들도 그걸 아니까 헌신하느라 자신을 돌보지 못한 감정화자에게 미안하고 걱정되어 한 말일 거예요. 진심은 엄마와 아내인 감정화자가 자신의 건강과 삶을 제일 우선하고 아꼈으면 하는 바람일 거예요.	N	2022-07-25 16:41:56	2022-11-08 04:39:21
BE22011660	7	0	평소에는 아이들도 남편도 자신들을 섬세하게 돌봐준 것에 감사했어요. 그런데 막상 제가 아프고 자신들이 저를 돌봐야 하는데 자기 일정을 늘어놓더라고요. 핑계를 대서 피하려는 건 아니겠죠?	N	2022-07-25 16:41:56	2022-11-08 04:39:21
BE22011660	8	1	엄마는 돌보는 데 익숙하지만, 다른 구성원들은 무얼 어떻게 해야 할지 서툴러서 당황한 걸 거예요. 제 가족도 어머니 아프실 때 그렇게 대화하며 역할을 나눴어요. 감정화자를 돕고 싶어서 일정을 조율하는 과정이니 따뜻하게 지켜봐 줘요.	N	2022-07-25 16:41:56	2022-11-08 04:39:21
BE22011660	9	0	가족에게 피해를 주고 싶지 않은데 한편에서는 가족에게 희생만 하고 나는 방치될까 걱정이 돼요. 우리 식구들이 그럴 일 없다는 걸 알면서도 한마디 한마디가 거슬리고 예민해져요.	N	2022-07-25 16:41:56	2022-11-08 04:39:21
BE22011660	10	1	가족과 반대로 우리가 돌봄을 받는 일에 익숙하지 않아서 불안하고 부담스러워서 그럴 거예요. 어렵고 힘들 때마다 가족을 믿어주고 챙겼던 감정화자처럼 가족들도 그렇게 할 거예요.	N	2022-07-25 16:41:56	2022-11-08 04:39:21
BE22011660	11	0	가족을 사랑하고 믿어요. 심경이 복잡해지니, 이성은 사라지고 어렵고 부정적이었던 감정들만 올라왔어요.	N	2022-07-25 16:41:56	2022-11-08 04:39:21
BE22011660	12	1	지금은 감정화자가 스트레스 없이 편안한 감정으로 건강 회복하는 일에 집중해야 해요. 가족과 즐거웠던 추억이나 기뻤던 순간들을 떠올려 보세요.	N	2022-07-25 16:41:56	2022-11-08 04:39:21
BE22011660	13	0	중학생이었던 아들이 아픈 엄마를 위해 죽을 끓였는데, 덜 익은 채로 먹었던 기억이 나요. 내 집을 마련해 이사 가던 날 남편과 마시던 맥주 맛을 잊을 수가 없어요.	N	2022-07-25 16:41:56	2022-11-08 04:39:21
BE22011660	14	1	나를 아껴주고, 함께 기쁨을 나눈 가족은 감정화자에게 가장 큰 힘이 되어줄 거예요. 가족들도 감정화자가 온전히 자신에게 정성을 쏟아 하루빨리 건강해지기를 진심으로 바랄 거예요.	N	2022-07-25 16:41:56	2022-11-08 04:39:21
BE22011660	15	0	자취하던 아들이 집으로 들어와서 지내겠다고 문자가 왔어요. 말씀하신 대로 조율하는 과정이었던 것 같아요. 정말 고맙고 감동스러워서 눈물이 나요.	N	2022-07-25 16:41:56	2022-11-08 04:39:21
BE22011660	16	1	정말 착하고 기특한 효자네요. 이렇게 서로를 생각하는 마음이 깊고 행동도 빠른데 좋은 결과 있을 거예요.	N	2022-07-25 16:41:56	2022-11-08 04:39:21
BE22011660	17	0	고마워요. 많은 위로와 도움이 되었어요.	Y	2022-07-25 16:41:56	2022-11-08 04:39:21
