id	utterance_id	utterance_type	utterance_text	terminate	regDate	updDate
BE22011967	1	0	나 어제 여자 친구랑 헤어졌어.	N	2022-07-27 01:40:59	2022-11-08 04:41:21
BE22011967	2	1	저런, 어쩌다 그렇게 된 거야?	N	2022-07-27 01:40:59	2022-11-08 04:41:21
BE22011967	3	0	여자 친구가 다른 남자가 생겼다고 헤어지자고 했어. 이렇게 큰 상처는 처음 겪어서 내가 어떻게 극복해야 할지 모르겠다.	N	2022-07-27 01:40:59	2022-11-08 04:41:21
BE22011967	4	1	충격이 정말 크겠다. 듣는 나도 이렇게 놀랍고 속상한데 너는 상처가 클 수밖에 없겠어.	N	2022-07-27 01:40:59	2022-11-08 04:41:21
BE22011967	5	0	믿었던 여자 친구에게 배신당한 기분이 들고 내가 너무 순진하게 여자 친구를 믿었나 싶어서 자책도 돼.	N	2022-07-27 01:40:59	2022-11-08 04:41:21
BE22011967	6	1	배신감 느끼는 게 당연해. 하지만 네 잘못으로 벌어진 일이 아니란 건 너도 알고 있잖아. 자책은 하지 않는 게 좋을 것 같아.	N	2022-07-27 01:40:59	2022-11-08 04:41:21
BE22011967	7	0	그래야겠지만 지금은 상처가 너무 커서 다른 일에 집중이 안 돼.	N	2022-07-27 01:40:59	2022-11-08 04:41:21
BE22011967	8	1	그렇겠다. 많이 믿고 의지했던 여자 친구였는데 배신당한 기분이 들어서 네가 많이 힘들 것 같아.	N	2022-07-27 01:40:59	2022-11-08 04:41:21
BE22011967	9	0	나와 연애하는 중에도 이미 다른 남자와 만나고 있었던 건 아닌지 의심이 들어.	N	2022-07-27 01:40:59	2022-11-08 04:41:21
BE22011967	10	1	갑자기 다른 남자가 생겼다고 이별 통보를 받았으니까 누구라도 그런 의심이 들 수밖에 없었을 거야. 지금 너의 감정은 자연스럽고 충분히 이해돼.	N	2022-07-27 01:40:59	2022-11-08 04:41:21
BE22011967	11	0	이미 벌어진 일이라서 내가 할 수 있는 일이 없다는 건 아는데... 상처가 빨리 낫게 되면 좋겠어.	N	2022-07-27 01:40:59	2022-11-08 04:41:21
BE22011967	12	1	당분간은 많이 힘들겠지만 시간이 지나면 잊혀질 상처라고 생각하면서 받아들일 수 있도록 노력해보자. 나중엔 이런 일도 있었지 하면서 웃게 되는 날이 올 거야.	N	2022-07-27 01:40:59	2022-11-08 04:41:21
BE22011967	13	0	그렇게 되면 좋겠다. 내가 우울한 얘기만 하는데도 들어줘서 고마워. 덕분에 기분이 나아졌어.	N	2022-07-27 01:40:59	2022-11-08 04:41:21
BE22011967	14	1	조금이라도 기분이 풀렸다니 다행이다. 내가 너에게 도움이 될 수 있으면 언제든 나한테 얘기해줘.	Y	2022-07-27 01:40:59	2022-11-08 04:41:21
