id	utterance_id	utterance_type	utterance_text	terminate	regDate	updDate
BE22001164	1	0	오늘 엄마한테 제대로 실망했어요.	N	2022-06-14 04:37:52	2022-11-08 03:31:53
BE22001164	2	1	왜요? 무슨 일 있었나요?	N	2022-06-14 04:37:52	2022-11-08 03:31:53
BE22001164	3	0	제가 정말 애지중지 가족처럼 키우던 고양이한테 화가 나서 나가라고 문을 열어줘버렸대요. 엄마한테 실망스러운 마음을 감출 수가 없고 마음이 정말 고통스러워요. 어떻게 가족 같은 아이한테 그럴 수 있죠?	N	2022-06-14 04:37:52	2022-11-08 03:31:53
BE22001164	4	1	어머니가 감정화자님이나 감정화자님의 고양이한테 화나는 일이 있었나요? 어쩌다 그런 일이 벌어졌어요?	N	2022-06-14 04:37:52	2022-11-08 03:31:53
BE22001164	5	0	고양이가 엄마가 키우던 난을 망가트려서, 화가 나서 고양이를 집 밖으로 내보냈대요.	N	2022-06-14 04:37:52	2022-11-08 03:31:53
BE22001164	6	1	그런 일이 있으셨군요. 고양이는 바로 찾으셨나요?	N	2022-06-14 04:37:52	2022-11-08 03:31:53
BE22001164	7	0	제가 엄마한테 연락받고 바로 찾으러 나가서 다행히 금방 찾을 수 있었어요. 고양이가 너무 놀라서 벌벌 떨고 있더라고요.	N	2022-06-14 04:37:52	2022-11-08 03:31:53
BE22001164	8	1	감정화자님, 어머니한테 마음이 많이 상하셨겠어요?	N	2022-06-14 04:37:52	2022-11-08 03:31:53
BE22001164	9	0	사람이 어쩜 그리 매정할 수 있는지. 어머니가 정말 절 생각하셨다면 이렇게 행동해선 안 되잖아요. 고양이를 정말 가족처럼 생각하셨다면, 그렇게 매정하게 내보내지 못했을 거예요.	N	2022-06-14 04:37:52	2022-11-08 03:31:53
BE22001164	10	1	저는 감정화자님 마음이 어느 정도 이해가 돼요. 이번 상황에서는 고양이었지만, 나중엔 감정화자님이 될 거라고 생각하면 당연히 상처가 되죠.	N	2022-06-14 04:37:52	2022-11-08 03:31:53
BE22001164	11	0	맞아요. 이러다 정말 나중에 제가 잘못을 저지르면, 절 버릴 수도 있다는 생각이 들더라고요.	N	2022-06-14 04:37:52	2022-11-08 03:31:54
BE22001164	12	1	그래도 어머니도 홧김에 그러신 거지, 진심은 아니실 거예요. 이번 기회에 감정화자님의 상처받은 마음을 어머니한테 말씀드려보세요.	N	2022-06-14 04:37:52	2022-11-08 03:31:54
BE22001164	13	0	말씀을 듣고 나니 좀 낫긴 하지만, 제 마음을 엄마한테 이해시키도록 해볼게요.	N	2022-06-14 04:37:52	2022-11-08 03:31:54
BE22001164	14	1	어머니도 홧김에 그런 행동을 하시고 후회 중이실 거예요. 어머니와 잘 대화해 보세요.	Y	2022-06-14 04:37:52	2022-11-08 03:31:54
