id	utterance_id	utterance_type	utterance_text	terminate	regDate	updDate
BE22012684	1	0	공감화자야 나 요즘 바깥에 나가는 것도 너무 두렵고 거울 보기도 싫어. 아이 낳고 자존감이 떨어져서 그럴까? 그냥 주변의 시선 모든 게 상처로 남아.	N	2022-08-01 06:36:33	2022-11-08 04:45:46
BE22012684	2	1	요즘 많이 우울해 보인다고 생각했는데 그런 마음 때문에 그랬구나? 내가 진작 알아주지 못해서 미안해. 혼자 아이 돌보랴 몸 챙기랴 얼마나 혼자 힘들었을까.	N	2022-08-01 06:36:33	2022-11-08 04:45:46
BE22012684	3	0	네가 알아주니 너무 좋다. 다른 아기 엄마들은 아기 낳고 잘만 몸매 관리하던데 나는 왜 이럴까. 조리원에서 어떤 사람이 나보고 몸매관리 좀 하셔야겠다고 해서 나 정말 상처받았어.	N	2022-08-01 06:36:33	2022-11-08 04:45:46
BE22012684	4	1	어머나 세상에 그런 말을 하다니 갓 출산한 산모한테 그게 무슨 말이니. 감정화자야 그런 말 마음에 담고 상처받지 마. 너는 그런 비난을 받을 이유가 없어. 마음도 몸도 건강해야 할 산모한테 정말 이상한 말을 한 사람이네.	N	2022-08-01 06:36:33	2022-11-08 04:45:46
BE22012684	5	0	응 그래서 충격받고 아무도 안 만나고 안 보고 싶더라고. 모든 만남에서 벗어나고 싶었거든. 그래서 네 연락도 잘 안 받았던 거야 미안해.	N	2022-08-01 06:36:33	2022-11-08 04:45:46
BE22012684	6	1	감정화자야. 바뀐 네 모습에 얼마나 마음이 안 좋을지 나도 알아. 아이 낳고 부은 자기 모습이 얼마나 어색하고 속상할지 말이야. 하지만 그걸 부끄러워할 필요는 없어 너무 자연스러운 일인걸.	N	2022-08-01 06:36:33	2022-11-08 04:45:46
BE22012684	7	0	그치? 나 정말 속상했어. 아이 낳고 몸이 이렇게 되는 건 자연스러운 현상이고 차차 예전으로 돌아갈 거라 생각했는데. 그런 말 들으니 나만 뒤처져 있는 건가 싶어서 서 주변 시선에 자꾸 움츠러들더라고.	N	2022-08-01 06:36:33	2022-11-08 04:45:46
BE22012684	8	1	맞아 그럴 수 있지 변한 내 몸도 속상하고 말이야. 사람들의 시선에 상처받는 거 나도 이해해. 나도 출산 후에 달라진 내 모습을 보고 정말 슬펐거든. 그래서 지금 네 마음을 정말 잘 알 수 있을 것 같아.	N	2022-08-01 06:36:33	2022-11-08 04:45:46
BE22012684	9	0	네가 이해해주니 정말 많은 위안이 돼. 처음에 그런 말 듣고 너무 내 몸이 부끄럽고 슬퍼져서 거울도 보기 싫었어.	N	2022-08-01 06:36:33	2022-11-08 04:45:46
BE22012684	10	1	너는 지금 그대로도 아주 예쁘고 매력적이야. 그리고 아이를 낳은 위대한 엄마라고. 물론 나도 처음엔 너와 같았어. 하지만 난 이제 아이를 키우느라 강인해진 내 몸이 자랑스러워.	N	2022-08-01 06:36:33	2022-11-08 04:45:46
BE22012684	11	0	그렇게 생각하니 새삼 내 몸이 대단하게 느껴져. 커다란 아이를 배에서 키우고 지금은 그 갓난아이를 위해 회복되지 않은 몸으로 노력 중이잖아.	N	2022-08-01 06:36:33	2022-11-08 04:45:46
BE22012684	12	1	당연하지. 정말 잘 생각하는 거야. 그리고 부은 몸은 시간이 지날수록 천천히 빠질 테니까 너무 조급해하거나 불안해하지 마. 오히려 정신건강에 안 좋아.	N	2022-08-01 06:36:33	2022-11-08 04:45:46
BE22012684	13	0	응 고마워 마음도 잘 추스르고 내 몸도 좀더 사랑해 볼게. 그리고 그런 사람들의 말에도 흔들리지 않을게.	N	2022-08-01 06:36:33	2022-11-08 04:45:46
BE22012684	14	1	응 나는 언제나 너를 응원하니까 혼자 아이 돌보면서 힘들거나 그러면 바로 연락해. 내가 달려갈게.	N	2022-08-01 06:36:33	2022-11-08 04:45:46
BE22012684	15	0	고마워 공감화자야 적분에 기분이 정말 많이 나아졌어. 나 다시 힘내서 육아해볼게.	Y	2022-08-01 06:36:33	2022-11-08 04:45:46
