id	utterance_id	utterance_type	utterance_text	terminate	regDate	updDate
BE22013032	1	0	요즘은 빈 병을 그냥 버리는 사람들이 많더라고요. 저는 어릴 때 집에 돈이 없어서 빈 병을 팔아 동생 과자를 사주곤 했었어요. 그 불우했던 기억이 저에게는 상처로 남아 있어요.	N	2022-08-03 06:12:56	2022-11-08 04:47:58
BE22013032	2	1	빈곤했던 어린 시절의 기억은 떠올리면 가슴 아프죠. 저도 어렵게 자라서 그 심정을 이해할 수 있어요. 빈 병을 볼 때마다 가슴 한구석이 쓰리실 거 같아요.	N	2022-08-03 06:12:56	2022-11-08 04:47:58
BE22013032	3	0	아닌 게 아니라, 빈 병을 볼 때마다 남다른 감정을 느끼죠. 부모님은 장사 나가셔서 밤늦게야 오시는데 집에는 늘 돈이 없었어요. 저는 동생한테 과자를 사주려고 빈 병을 주우러 동네를 돌아다니곤 했어요.	N	2022-08-03 06:12:56	2022-11-08 04:47:58
BE22013032	4	1	그 장면을 생각하니 저도 가슴이 뭉클하네요. 이제는 다 지난 일이니 그만 생각하셨으면 좋겠어요. 떠올리면 상처가 되는데 그만 잊는 게 좋지 않겠어요?	N	2022-08-03 06:12:56	2022-11-08 04:47:58
BE22013032	5	0	그러고 싶은데 쉽게 잊히지 않아요. 빈 병을 보거나, 그때 사 먹었던 과자를 보면 그 기억이 고스란히 떠오르는 거예요. 그럼 저도 모르게 눈물이 나요.	N	2022-08-03 06:12:56	2022-11-08 04:47:58
BE22013032	6	1	그걸 너무 아픈 기억으로만 간직하셔서 그런 거 같아요. 원래 지난 것은 다 아름답다는 말도 있잖아요? 그런데 그 일이 아픔으로만 기억된 건 힘들었던 게 부각돼서 그런 것 같아요.	N	2022-08-03 06:12:56	2022-11-08 04:47:58
BE22013032	7	0	그 말씀이 맞아요. 빈 병을 보면 더운 여름에 땀을 뻘뻘 흘리며 골목을 걸었던 기억이 먼저 떠올라요. 골목 여기저기를 살피며 빈 병을 찾던 일이 악몽처럼 떠오르지요.	N	2022-08-03 06:12:56	2022-11-08 04:47:58
BE22013032	8	1	그렇다면 생각을 조금 더 넓게 해 보세요. 빈 병을 과자로 바꿨을 때의 즐거웠던 기분. 동생과 과자를 맛있게 먹었던 기억도 있을 거 아녜요?	N	2022-08-03 06:12:56	2022-11-08 04:47:58
BE22013032	9	0	그런 기억도 당연히 있죠. 과자를 한 봉지 받았을 때 부자가 된 것 같았던 기분. 동생이 과자를 맛있게 먹는 걸 보며 흐뭇했던 기억들이 있어요.	N	2022-08-03 06:12:56	2022-11-08 04:47:58
BE22013032	10	1	그건 정말 아름답고 흐뭇한 장면이네요. 그럼 빈 병을 보면 그 기억을 먼저 떠올려 보세요. 그럼 마음이 따뜻해질 거예요.	N	2022-08-03 06:12:56	2022-11-08 04:47:58
BE22013032	11	0	그쪽 말을 들으니 어째 마음이 풀리는 느낌이에요. 과자 한 봉지로 형제가 풍성한 한 한나절을 보냈던 게 생생하게 기억나네요.	N	2022-08-03 06:12:56	2022-11-08 04:47:58
BE22013032	12	1	이제부터는 빈 병을 보면 그 기억을 먼저 떠올려 보세요. 어린 날의 자신이 얼마나 의젓하게 동생을 보살폈나를 생각해 보세요. 그럼 마음이 넉넉하면서 따뜻해질 거예요.	N	2022-08-03 06:12:56	2022-11-08 04:47:58
BE22013032	13	0	생각해 보니 정말 가슴 뿌듯한 추억이네요. 그런데 힘든 일만 자꾸 되새겨서 저 자신을 괴롭혔어요. 덕분에 아름다운 추억을 되찾은 것 같아 뭐라고 감사드려야 할지 모르겠어요.	N	2022-08-03 06:12:56	2022-11-08 04:47:58
BE22013032	14	1	그쪽이 소중한 추억을 되찾아서 저도 기분이 좋아요. 그 추억에 기대어 늘 풍요로운 마음으로 지내기를 기도할게요.	N	2022-08-03 06:12:56	2022-11-08 04:47:58
BE22013032	15	0	그냥 늘어놓은 푸념에 이렇게 좋은 말씀으로 응답해 주셔서 감사합니다. 좋은 말씀 잊지 않고 늘 간직하겠습니다.	Y	2022-08-03 06:12:56	2022-11-08 04:47:58
