id	utterance_id	utterance_type	utterance_text	terminate	regDate	updDate
BE22005923	1	0	언니, 나 마음이 너무 힘들어. 전 남친과 헤어진 후 매일 얼굴을 마주해야 하는 게 괴로워.	N	2022-07-04 04:23:33	2022-11-08 04:02:32
BE22005923	2	1	그래. 마음이 아예 없으면 모를까, 남은 마음이 있는 상태에서 그 사람을 봐야 한다니. 얼마나 힘들겠니?	N	2022-07-04 04:23:33	2022-11-08 04:02:32
BE22005923	3	0	더 힘든 건 그 사람은 나에게 더 이상 마음이 없어 보인다는 거야. 나를 사무적으로 딱딱하게 대하는 모습에 가슴이 무너져 내려. 회사에서 운 티를 내고 싶지 않아, 몰래 숨어 울지도 못해.	N	2022-07-04 04:23:33	2022-11-08 04:02:32
BE22005923	4	1	울고 나면 마음이 좀 나아질 텐데, 울지도 못하는 네가 너무 안쓰럽다. 언니가 옆에 있으면 안아주기라도 할 텐데, 멀리 있는 게 안타까워.	N	2022-07-04 04:23:33	2022-11-08 04:02:32
BE22005923	5	0	그 사람은 내 생각을 조금도 하지 않나 봐. 내 시선을 느낄 텐데도, 다른 여직원들과 스스럼없이 장난치고 농담을 해. 그럴 땐 너무 힘들어서, 그 사람을 아직 생각하고 있는 나 자신이 원망하게 돼.	N	2022-07-04 04:23:33	2022-11-08 04:02:32
BE22005923	6	1	오래 만난 사이인데, 신경 안 쓰이는 게 이상하지. 네 전 남친이 너를 조금만 더 배려해 주면 좋을 텐데.	N	2022-07-04 04:23:33	2022-11-08 04:02:32
BE22005923	7	0	그러니까. 이렇게 배려 없는 사람이었나, 놀라울 정도야. 나한테는 차갑게 굴면서 다른 직원들에게는 어찌나 상냥한지.	N	2022-07-04 04:23:33	2022-11-08 04:02:32
BE22005923	8	1	네가 몰랐던 그 사람의 본 모습이겠지. 이제 너 자신을 탓하지 말고, 그 사람을 원망하는 게 낫겠어. 그러면 네 마음도 조금씩 편해지지 않을까?	N	2022-07-04 04:23:33	2022-11-08 04:02:32
BE22005923	9	0	나도 그러려고 해 봤는데, 잘 안되더라고. 사귀는 동안은 나에게 무척 다정하던 사람이잖아. 그 모습이 생각나서 도저히 미워할 수가 없어.	N	2022-07-04 04:23:33	2022-11-08 04:02:32
BE22005923	10	1	그래, 오래 사랑한 사이인데 오죽하겠어? 너 정말 그 사람을 깊이 사랑했으니까. 무 자르듯 감정을 자를 수는 없는 거겠지.	N	2022-07-04 04:23:33	2022-11-08 04:02:32
BE22005923	11	0	나는 정말 한순간도 그 사람에게서 마음이 떠난 적 없어. 그래서 더 이별 통보가 힘들었고, 헤어졌다는 사실을 받아들이기도 힘들어.	N	2022-07-04 04:23:33	2022-11-08 04:02:32
BE22005923	12	1	열렬히, 충실히 사랑한 만큼 이별이 더 아픈 거겠지. 아마 앞으로 오랫동안 이별을 실감하기 힘들 거야. 나도 예전에 그랬어.	N	2022-07-04 04:23:33	2022-11-08 04:02:32
BE22005923	13	0	언니도 그랬구나. 시간이 흐르면, 마음이 좀 나아질까? 나 지금 그 사람과 한 공간에 있는 것이, 숨쉬기 버거울 만큼 괴로운데.	N	2022-07-04 04:23:33	2022-11-08 04:02:32
BE22005923	14	1	그래, 지금은 겨우 숨만 쉬며 사는 느낌이겠지. 하지만 내가 그랬듯이 시간이 지나면 너도 반드시 괜찮아지는 때가 올 거야. 그러니 귀한 존재인 너를 방치하지 말고, 밥 잘 챙겨 먹으며 그때를 기다려 봐.	N	2022-07-04 04:23:33	2022-11-08 04:02:32
BE22005923	15	0	고마워, 언니. 그런 날이 온다 생각하니 기운이 좀 솟는 것 같아. 언니 말대로 나를 소중히 여기며, 그때를 기다려 볼게.	Y	2022-07-04 04:23:33	2022-11-08 04:02:32
