id	utterance_id	utterance_type	utterance_text	terminate	regDate	updDate
BE22011220	1	0	나 정말 상처 받은 것 같아. 내가 왜 이런 취급을 받아야 하지?	N	2022-07-23 16:21:56	2022-11-08 04:36:30
BE22011220	2	1	뭐야? 무슨 일인데 그래? 누가 너 엄청 뭐라고 했어?	N	2022-07-23 16:21:56	2022-11-08 04:36:30
BE22011220	3	0	뭐라고 한 건 아닌데, 그냥 내 존재감이 사라진 것 같아. 내가 그렇게 영향력 없고 재미없나?	N	2022-07-23 16:21:56	2022-11-08 04:36:30
BE22011220	4	1	에이, 감정 화자님이 재미가 없다니. 감정 화자님만큼 웃기고 편한 사람이 어디 있다고 그런 안 좋은 소리를 해.	N	2022-07-23 16:21:56	2022-11-08 04:36:31
BE22011220	5	0	사실 내가 단체 채팅방 사람들이랑 최근에 자리를 가졌는데 병풍 마냥 아무도 나를 신경 쓰지 않더라고. 단체 채팅할 때도 그런 기분 느꼈었는데 눈으로 보니 더 상처더라.	N	2022-07-23 16:21:56	2022-11-08 04:36:31
BE22011220	6	1	그런 일이 있었구나. 나였어도 그런 상황을 접하게 된다면 진짜 상처받을 것 같아. 진짜 가슴 아프겠다.	N	2022-07-23 16:21:56	2022-11-08 04:36:31
BE22011220	7	0	더 상처받고 버려진 기분 든 건 뭔지 알아? 단체 채팅방에서 다른 사람들이 얘기하는 거 하나하나 다 반응해 줬거든? 심지어 모임에서도 그렇게 노력했는데 나만 없는 사람 취급하니까 정말 못 참겠더라고.	N	2022-07-23 16:21:56	2022-11-08 04:36:31
BE22011220	8	1	내가 만약 감정 화자님이였더라면 정말 꾸준히 반응해주지도 않았고 모임 가지도 않았을 것 같아. 그런데도 감정 화자님은 나와 다르게 모임을 나갔구나. 그런 모습은 정말 대단한 것 같아.	N	2022-07-23 16:21:56	2022-11-08 04:36:31
BE22011220	9	0	그러면 뭐 해. 결국 병풍 취급이나 받았잖아. 정말 상처뿐인 자리였어.	N	2022-07-23 16:21:56	2022-11-08 04:36:31
BE22011220	10	1	그 자리에 있었던 사람들은 감정 화자님의 가치를 잘 알지 못하는 것 같아. 감정 화자님이 얼마나 대단한 사람인데. 사람들 얘기 다 들어주고 반응해주는 거, 정말 어려운 일이야.	N	2022-07-23 16:21:56	2022-11-08 04:36:31
BE22011220	11	0	그게 뭐가 어려운 일이라고. 그냥 나도 같이 대화하고 싶어서 계속 반응한 건데?	N	2022-07-23 16:21:56	2022-11-08 04:36:31
BE22011220	12	1	다른 사람들은 그렇게 하지 않고 감정 화자님의 말에 반응해주지 않았잖아. 공감해주고 반응해주는 거 진짜 대단한 거니까 기운 내. 감정 화자님의 가치를 알아주고 존중해주는 사람들은 분명 나타날 거야.	N	2022-07-23 16:21:56	2022-11-08 04:36:31
BE22011220	13	0	고마워. 덕분에 내가 비록 이번 모임에서 그런 존재감밖에 드러내지 못했지만 공감 화자님의 말 새겨들을게. 날 존중해주고 배려해주는 사람들이랑 채팅하고 모임을 가지려고.	N	2022-07-23 16:21:56	2022-11-08 04:36:31
BE22011220	14	1	좋은 생각인 것 같아. 감정 화자님을 아껴주고 위해주는 사람들과 더 좋은 추억 만들면 됐어. 감정 화자님이 병풍처럼 있지 말았으면 좋겠어.	Y	2022-07-23 16:21:56	2022-11-08 04:36:31
