id	utterance_id	utterance_type	utterance_text	terminate	regDate	updDate
BE22011797	1	0	나 지금 너무 우울해서 오늘 약속에 나가지 못할 것 같아. 미안해.	N	2022-07-26 05:57:37	2022-11-08 04:40:13
BE22011797	2	1	괜찮아? 무슨 일 있어? 갑자기 그러니까 걱정이 되네.	N	2022-07-26 05:57:37	2022-11-08 04:40:13
BE22011797	3	0	내가 이제까지 힘들었던 걸 지금 이 순간까지 견뎌왔거든. 근데 그걸 다른 사람이 나보고 아무것도 아니라고 치부하는 말에 상처를 입었어.	N	2022-07-26 05:57:37	2022-11-08 04:40:13
BE22011797	4	1	네가 얼마나 힘들게 견뎌왔는지 내가 아니까 그런 말을 들었을 때 어땠을지 예상이 가. 나였어도 아주 속상하고 상처받았을 거야.	N	2022-07-26 05:57:37	2022-11-08 04:40:13
BE22011797	5	0	응. 나는 정말 안간힘을 다해서 견뎌왔는데 그걸 우습게 여기더라고. 나의 노력을 무시하는 듯한 말투에 크게 상처받았어.	N	2022-07-26 05:57:37	2022-11-08 04:40:13
BE22011797	6	1	그 사람은 직접 그걸 경험해보지 않아서 그렇게 쉽게 얘기하는 것뿐일 거야. 원래 직접 경험해보지 않은 사람은 그 노고를 자세히 알지 못하잖아. 그러니까 너무 귀담아듣지 마.	N	2022-07-26 05:57:37	2022-11-08 04:40:14
BE22011797	7	0	하지만 어떻게 그렇게 말할 수 있지? 자신이 모르는 영역의 일이라면 그렇게 쉽게 말하면 안 되는 거 아니야? 이렇게 상처받은 사람은 어떻게 하라고.	N	2022-07-26 05:57:37	2022-11-08 04:40:14
BE22011797	8	1	그렇긴 하지. 그 사람이 너의 마음을 상하게 하려고 그렇게 말한 건 아니었을 거야. 그냥 그 사람의 원래 말투가 그렇다고 생각하면 어떨까? 그러면 너의 기분이 좀 나아지지 않을까?	N	2022-07-26 05:57:37	2022-11-08 04:40:14
BE22011797	9	0	듣고 보니까 다른 사람한테도 그렇게 말하긴 하더라고. 나도 흘려듣고 싶은데 내 성격이 그렇게 되지 않아. 내가 훌훌 털어버리고 이 상처를 이겨낼 수 있을까?	N	2022-07-26 05:57:37	2022-11-08 04:40:14
BE22011797	10	1	당연하지. 너는 원래 긍정적인 생각으로 다른 사람들을 행복하게 만들어주는 사람이잖아. 이제 그 긍정적인 생각을 가지고 너를 행복하게 만들도록 해보자. 너는 충분히 할 수 있을 거야.	N	2022-07-26 05:57:37	2022-11-08 04:40:14
BE22011797	11	0	그렇게 말해줘서 고마워. 네 덕분에 상처를 극복할 용기가 조금 생겨난 것 같아.	N	2022-07-26 05:57:37	2022-11-08 04:40:14
BE22011797	12	1	그렇다니 다행이야. 원래 상처를 극복하는 데에는 오랜 시간이 걸릴 수 있으니까 더디더라도 너무 초조해하지 말고. 그러다 보면 결국 너는 그 상처를 극복해낼 수 있을 거야. 항상 응원하고 있을게.	N	2022-07-26 05:57:37	2022-11-08 04:40:14
BE22011797	13	0	정말 고마워. 오늘 네가 내 고민을 들어줘서 기분이 많이 괜찮아진 것 같아.	N	2022-07-26 05:57:37	2022-11-08 04:40:14
BE22011797	14	1	너에게 도움이 된 것 같아서 기쁘다. 다음에 또 고민 있으면 나에게 얘기해. 들어줄게.	Y	2022-07-26 05:57:37	2022-11-08 04:40:14
