id	utterance_id	utterance_type	utterance_text	terminate	regDate	updDate
BE22011092	1	0	오늘 아르바이트하는데 손님이 와서 분홍색 머그잔이 있냐는 거야. 근데 그게 요즘 제일 잘나가는 색상이라 우리 매장에 재고가 없었거든. 그래서 내가 없다고 했더니 노발대발 찾아보지도 않고 없다고 한다고 나한테 욕을 하는 거야.	N	2022-07-22 15:38:15	2022-11-08 04:35:41
BE22011092	2	1	헉, 정말? 요즘에 손님들이 그렇게 갑질을 한다더니 웬일이니. 갑자기 큰소리 들어서 깜짝 놀랐겠다. 없다고 하면 다른 색상을 알아볼 수도 있었을 텐데 그 손님이 너무 무례했네.	N	2022-07-22 15:38:15	2022-11-08 04:35:41
BE22011092	3	0	재고가 없는 게 내 잘못도 아니고 인신공격을 하면서 소리 지르는데 진짜 상처받았어. 억울해 죽는 줄 알았다니까, 재고가 없는데 내가 어떻게 하냔 말이야.	N	2022-07-22 15:38:15	2022-11-08 04:35:41
BE22011092	4	1	뭐? 인신공격까지 하셨단 말이야. 그걸 그 자리에서 듣고 있는 감정 화자님 모습이 상상돼서 너무 안쓰럽다. 그런 소리는 들으면 무서워서 몸이 얼게 되잖아, 네가 반박하지도 못하고 마음을 많이 다쳤을까 걱정되네.	N	2022-07-22 15:38:15	2022-11-08 04:35:41
BE22011092	5	0	온 매장에 욕지거리가 쩌렁쩌렁 울려 퍼지니까 손님들이 나만 쳐다보는 거야 마치 내가 잘못한 것처럼. 내 잘못이라면 없다고 말하기 전에 찾아보지 않은 죄밖에 없는데 너무 억울하고 속상해. 그 제품은 이미 한 달 동안 우리 매장에서 품절이어서 알고 있었던 걸 어떡해.	N	2022-07-22 15:38:15	2022-11-08 04:35:41
BE22011092	6	1	잘못이 어딨어? 그분이 너무 화가 나서 감정 화자님에게 분풀이를 하신 거지. 너무 마음 아파하지 마 상처받았을 네 마음을 생각하니 나도 속상하다. 얘기 듣는 것만으로도 마음이 안 좋은데 감정 화자님이 얼마나 힘들었을까.	N	2022-07-22 15:38:15	2022-11-08 04:35:41
BE22011092	7	0	욕도 그냥 욕이 아니라 내가 성격이 안 좋네 어쩌네 하시는데 가슴에 비수가 꽂히는 기분이었다니까. 해코지 안 하고 가신 게 다행이라고 생각해야 할지. 사람 상대하는 일을 한다는 게 정말 어렵다 어려워. 내 마음은 지금 상처투성이야.	N	2022-07-22 15:38:15	2022-11-08 04:35:42
BE22011092	8	1	그분도 그 머그잔을 사실 생각에 오랫동안 기대하셨던 거로 생각하면 어떨까? 물론 감정 화자님에게 그렇게 욕설을 퍼부은 건 정말 잘못된 일이지. 하지만 이렇게 생각한다면 그분도 속상한 마음에 그러셨겠구나 하면 조금이나마 기분이 나아질 것 같아.	N	2022-07-22 15:38:15	2022-11-08 04:35:42
BE22011092	9	0	그럴 수 있지. 안 그래도 아까 소리 지르시면서 내가 이날만을 얼마나 기다렸는데! 하시더라고. 그 마음은 이해하지만 내가 해드릴 수 있는 게 아무것도 없는데 욕을 하시니 무력감도 느껴지더라.	N	2022-07-22 15:38:15	2022-11-08 04:35:42
BE22011092	10	1	그럼 물론이지. 그 매장 사장님도 아니고 아르바이트하는 사람으로서 할 말도 못 하고 얼마나 답답했겠니. 나한테라도 하고 싶었던 말을 쏟아내 보는 건 어때 내가 들어줄게.	N	2022-07-22 15:38:15	2022-11-08 04:35:42
BE22011092	11	0	공감 화자님한테 어떻게 그런 소리를 하니. 그렇게 말이라도 해줘서 고맙다. 공감 화자님에게 하소연하니까 마음이 풀려.	N	2022-07-22 15:38:15	2022-11-08 04:35:42
BE22011092	12	1	이런 날이 있으면 저런 날도 있는 거지 하고 넘겨버려. 그분은 자기 화 다 풀고 갔는데 감정 화자님만 기분 나쁘게 있으면 감정 화자님 손해잖아. 정말 고생이 많다.	N	2022-07-22 15:38:15	2022-11-08 04:35:42
BE22011092	13	0	위로해 줘서 고마워. 그래 상처받은 마음은 이제 훌훌 털어버리고 다시 일하러 가야겠다. 그런 손님 겪었으니 이제는 착한 손님들만 오겠지.	N	2022-07-22 15:38:15	2022-11-08 04:35:42
BE22011092	14	1	꼭 그랬으면 좋겠다. 남은 시간도 수고하고 힘내!	Y	2022-07-22 15:38:15	2022-11-08 04:35:42
