id	utterance_id	utterance_type	utterance_text	terminate	regDate	updDate
BE22011472	1	0	내가 무슨 잘못을 했다고 나를 이렇게 괴롭히는 걸까? 직장에서 나를 괴롭히는 사람들 때문에 너무 마음에 상처가 깊어. 너무 마음이 아파.	N	2022-07-25 06:30:50	2022-11-08 04:38:07
BE22011472	2	1	직장 동료한테 도대체 왜 그러는 거야? 자기들도 똑같이 힘들게 일하면서 네가 뭘 그렇게 잘못했다고?	N	2022-07-25 06:30:50	2022-11-08 04:38:07
BE22011472	3	0	그냥 내가 신입 중에서 마음에 안 드는 모양이야. 필요도 없는 심부름 시키고, 슬리퍼가 없어지고, 이런 일은 아주 일상이야. 챙겨주는 건 바라지도 않으니까 나를 좀 가만히 내버려 두면 좋겠어.	N	2022-07-25 06:30:50	2022-11-08 04:38:07
BE22011472	4	1	네가 얼마나 고통스럽고 상처가 될지 나는 감히 상상도 못 할 것 같아. 네 얘기를 듣기만 해도 마음이 너무 아파서 찢어질 것 같아. 내가 당장 가서 너를 안아주고 위로해주고 싶어.	N	2022-07-25 06:30:50	2022-11-08 04:38:07
BE22011472	5	0	따뜻한 말 해줘서 고마워. 직장생활이 다 이런 걸까, 이런 거라면 난 앞으로 직장생활은 도저히 못 할 것 같아. 사람을 이렇게 상처를 주고 피를 말리는데, 어떻게 버티고 살아가겠어.	N	2022-07-25 06:30:50	2022-11-08 04:38:07
BE22011472	6	1	아니야, 그렇지 않아. 네가 있는 곳이 이상한 거고, 세상엔 좋은 사람들과 좋은 직장 동료들이 훨씬 많아. 네가 상처받은 마음에 위축되고 자신감을 잃는 것 같아서 내 마음이 무척 무겁고 안쓰럽다.	N	2022-07-25 06:30:50	2022-11-08 04:38:07
BE22011472	7	0	정말 그럴까? 나는 그 사람들이 하도 괴롭히니까 내가 뭘 잘못해서 그런 건가 싶더라고. 그런 생각을 하니까 자책감이 들고 너무 상처가 돼서 마음이 찢어지는 것 같았어. 자존감도 많이 떨어지고.	N	2022-07-25 06:30:50	2022-11-08 04:38:07
BE22011472	8	1	너는 잘못한 거 하나도 없어. 설령 잘못한 게 아주 조금 있다고 하더라도 다 큰 어른들이 조리돌리는 게 나쁜 거야. 그러니까 네가 자책할 필요 하나도 없고, 상처받은 마음이 조금이나마 달래지면 좋겠어.	N	2022-07-25 06:30:50	2022-11-08 04:38:07
BE22011472	9	0	위로해줘서 고마워. 내가 취업 준비 기간이 길었잖아. 어렵게 취직했는데 이런 일을 겪으니까 더 속상하고, 그래서 당장 그만두는 것도 망설여져.	N	2022-07-25 06:30:50	2022-11-08 04:38:07
BE22011472	10	1	어렵게 입사한 만큼 직장생활에 대한 기대도 컸을 텐데 일이 이렇게 되니까 더욱 상처받았겠다. 많이 힘들고 괴롭지? 지금 네가 괴로운 건 절대로 네 잘못이 아니니까 너무 상처받지 않았으면 해.	N	2022-07-25 06:30:50	2022-11-08 04:38:07
BE22011472	11	0	고마워. 마음이 무척 무거웠는데 네가 위로해줘서 마음이 조금이나마 가벼워졌어. 그동안 속앓이 많이 했는데 지금은 그래도 털어놓으니까 기분이 좀 나아졌다.	N	2022-07-25 06:30:50	2022-11-08 04:38:07
BE22011472	12	1	상처 입은 마음이 쉽게 치유되지는 않겠지만, 네가 기운 내고 이겨냈으면 좋겠어. 이 또한 지나가리라 하고 생각하면서 말이야. 그리고 너무 힘들고 괴로우면 나한테 얘기해, 내가 도울 수 있는 일은 도울게.	N	2022-07-25 06:30:50	2022-11-08 04:38:07
BE22011472	13	0	그래, 네가 나를 이렇게 응원해주니까 기운 낼게. 고마워. 좀 버텨보다가 정 힘들면 그만두고 이직하는 것도 고려해봐야겠어.	N	2022-07-25 06:30:50	2022-11-08 04:38:07
BE22011472	14	1	그래, 여러 가지 방향으로 다 생각해봐, 네가 우선은 살고 봐야지. 언제든지 하소연하고 싶으면 나한테 연락하고, 기운 차려. 감정 화자님, 힘내라!	N	2022-07-25 06:30:50	2022-11-08 04:38:07
BE22011472	15	0	그래, 그럴게. 내 얘기 들어줘서 고마워. 기운 차릴게.	Y	2022-07-25 06:30:50	2022-11-08 04:38:07
