id	utterance_id	utterance_type	utterance_text	terminate	regDate	updDate
BE22006455	1	0	오늘 아침에 너무 부끄러운 일이 있었어. 앞으로 윗집 사람을 마주칠 때마다 많이 불편할 것 같아.	N	2022-07-06 04:04:06	2022-11-08 04:05:56
BE22006455	2	1	왜 그래 무슨 일이야? 너희 윗집에 사시는 분들과 무슨 불편한 일이라도 생겼나 보구나.	N	2022-07-06 04:04:06	2022-11-08 04:05:56
BE22006455	3	0	어제 내가 힘들게 취업 성공한 기념으로 친구들을 집으로 초대했거든. 기분이 좋아서 늦은 시간까지 놀다 갔는데 그게 윗집에 피해를 준 모양이야.	N	2022-07-06 04:04:06	2022-11-08 04:05:56
BE22006455	4	1	오랜 기간 동안 어렵게 준비하며 이번에 원하는 곳에 당당히 취업했으니 정말 축하할 일이야. 기분 좋게 놀다가 너도 모르게 윗집에 피해를 끼쳐서 당황스럽고 미안했겠구나.	N	2022-07-06 04:04:06	2022-11-08 04:05:56
BE22006455	5	0	나의 취업 축하 파티로 윗집에 피해를 준 건 미안하지만 조금은 억울한 감정도 들어. 윗집엔 어린 아들이 두 명인데 늦은 시간 쿵쾅거리며 시끄럽게 할 때에도 난 참고 넘어갔었거든.	N	2022-07-06 04:04:06	2022-11-08 04:05:56
BE22006455	6	1	늦은 시간 층간 소음으로 너도 많이 불편을 느꼈겠구나. 어제의 일은 분명 네가 잘못했지만 그동안 윗집에 피해를 받고도 눈감아줬다면 억울할 만도 해. 나라도 분명 그런 마음이 들었을 거야.	N	2022-07-06 04:04:06	2022-11-08 04:05:56
BE22006455	7	0	한 번씩 오고 가며 인사도 자주 하는데 한 번도 미안하다는 말이 없었어. 밤늦게 아이들이 뛰어다니는데 아랫집에 피해가 갈 거라는 생각은 안 하나? 나도 정말 참기 힘들었다고.	N	2022-07-06 04:04:06	2022-11-08 04:05:56
BE22006455	8	1	늦은 시간 뛰어서 남에게 피해를 주는 행동은 분명히 제지해야 한다고 봐. 마주칠 때 한 번쯤 피해를 줘서 미안하다고 했으면 좋았을 거라는 아쉬움이 드네. 너도 많이 힘들었겠다.	N	2022-07-06 04:04:06	2022-11-08 04:05:56
BE22006455	9	0	윗집과 얼굴 붉히기도 싫고 이웃이니 피해는 받지만 배려하고 참은 거지. 그런데 어제 하루 조금 시끄러웠다고 그렇게 메모를 남길 수 있니? 피해는 주면서 피해는 받기 싫다는 거잖아.	N	2022-07-06 04:04:06	2022-11-08 04:05:56
BE22006455	10	1	층간소음은 정말 참기 힘들지만 이웃 간에 어느 정도 이해와 배려도 필요한 것 같아. 그동안 넌 그렇게 참고 배려해 왔는데 메모를 바로 남겼다니. 윗집에도 이해심이 좀 있었더라면 네가 덜 억울했을 텐데.	N	2022-07-06 04:04:06	2022-11-08 04:05:56
BE22006455	11	0	앞에 집에서 우리 집 앞에 붙은 메모를 봤다면 날 얼마나 예의 없는 사람으로 볼까? 평소엔 늘 독서실 갔다가 집에 와서 잠만 잤는데 억울해서 잠도 안 와.	N	2022-07-06 04:04:06	2022-11-08 04:05:56
BE22006455	12	1	늦은 시간 불러내서 말하기도 그렇고 직접 전달하기엔 서로 불편할까 봐 메모로 전달했을 거야. 그리고 평소에 인사성도 밝고 피해도 주지 않는 너를 앞집 사람이 그렇게 볼 리 없어. 그런 부분은 너무 걱정하지 않아도 돼.	N	2022-07-06 04:04:06	2022-11-08 04:05:56
BE22006455	13	0	그래 얼굴 맞대고 시끄러우니 조용히 해 달라는 말을 들었다면 더 불편했을 수 있겠어. 억울하지만 어쨌든 내가 피해를 준 건 사실이니까 사과를 해야겠지?	N	2022-07-06 04:04:06	2022-11-08 04:05:56
BE22006455	14	1	앞으로도 계속 마주칠 사이인데 이번 일에 대해선 죄송하다고 하면 좋을 것 같아. 대신 너도 층간 소음으로 피해를 봤으니 늦은 시간 큰 소음은 주의해 달라고 말하면 어때? 너무 기분 나쁘지 않게 잘 말하면 윗집도 미안해할 거야.	N	2022-07-06 04:04:06	2022-11-08 04:05:56
BE22006455	15	0	그래 너 말대로 그간 나의 배려도 좀 생색을 내야 덜 억울할 것 같아. 같이 고민해주고 답을 찾아줘서 고마워. 이제야 좀 속이 뻥 뚫린다.	Y	2022-07-06 04:04:06	2022-11-08 04:05:56
