id	utterance_id	utterance_type	utterance_text	terminate	regDate	updDate
BE22014274	1	0	공감화자씨, 명절 잘 보냈어요?	N	2022-08-16 03:31:14	2022-08-16 03:31:14
BE22014274	2	1	그럼요, 덕분에 즐거운 명절 보냈죠. 감정화자씨는요? 아들이랑 며느리가 있어서 든든한 명절이었겠어요.	N	2022-08-16 03:31:14	2022-11-08 04:55:51
BE22014274	3	0	사실 이번 명절에 며느리가 안 왔어요. 아들 말로는 몸이 안 좋아서 올 수 있는 상황이 아니라길래 저랑 남편이랑 엄청나게 걱정했었거든요. 그런데 어쩌다가 알게 되었는데 며느리가 저 때문에 안 온 거라고 하더라구요, 너무 상처받았어요.	N	2022-08-16 03:31:14	2022-11-08 04:55:51
BE22014274	4	1	저런, 그런 얘기를 듣게 되었다니 감정화자씨 마음에 큰 상처가 되었을 것 같아요. 저라면 너무 충격받아서 한동안은 아무것도 못 하고 멍하게만 지냈을 것 같은걸요. 감정화자씨 괜찮아요?	N	2022-08-16 03:31:14	2022-11-08 04:55:51
BE22014274	5	0	저도 딱 그 마음이죠, 아들이랑 남편이랑 얘기하는 걸 우연히 듣게 되었는데 아들이 말해주더라고요. 생각해보면 며느리랑 제 성향이 완전 달라서 부딪히는 게 좀 많긴 했어요. 제 딴에는 도와주고 싶어서 한마디씩 한 게 며느리에게는 스트레스였나 봐요.	N	2022-08-16 03:31:14	2022-11-08 04:55:51
BE22014274	6	1	감정화자씨는 며느리가 잘됐으면 하는 바람에서 한 말인데 그렇게 전달되지 않아서 속상하겠어요. 전해 듣는 것만으로 너무 마음 아픈 일이네요. 감정화자씨 마음에 큰 상처로 남을까 봐 걱정스러운걸요.	N	2022-08-16 03:31:14	2022-11-08 04:55:51
BE22014274	7	0	며느리가 항상 생글생글 웃으면서 알겠다고 하고, 아무렇지도 않아 해서 저는 정말 괜찮은 줄 알았어요. 그런데 그렇게 스트레스를 받고 힘들어할 줄은 몰라서 좀 충격적이에요. 제 마음에도 큰 상처이지만 며느리에게 제가 상처를 줬을 거라 생각하니까요.	N	2022-08-16 03:31:14	2022-08-16 03:31:14
BE22014274	8	1	마음이 정말 복잡할 것 같아요, 감정화자씨 마음도 무너져내리고 며느리에게 미안함도 들고 말이에요. 나도 모르게 누군가를 아프게 했다고 생각하면 충격적이고 혼란스럽기 마련이니까요. 특히 문제없다고 생각했던 관계에서 이런 일이 생기다니 제가 어떤 말을 해야 할지 어렵네요.	N	2022-08-16 03:31:14	2022-11-08 04:55:51
BE22014274	9	0	제 마음 알아준 것만으로 고마운걸요. 명절에 시댁에 오지 않을 만큼 내가 괴롭고 힘들게 했나 싶은 생각에 상처고, 충격적이기도 하고. 동시에 미안한 감정도 들면서 후회되기도 하고 그렇네요.	N	2022-08-16 03:31:14	2022-08-16 03:31:14
BE22014274	10	1	평소 감정화자씨가 며느리를 애틋하게 생각하는 마음이 있었다는 거 다들 알고 있을 거예요. 감정화자씨는 아들 내외를 너무 사랑하고, 소중하게 생각하는 마음에 그런 거잖아요. 그러니까 너무 상처받지 말고, 자신을 탓하면서 우울해하지 말아요.	N	2022-08-16 03:31:14	2022-11-08 04:55:51
BE22014274	11	0	그랬으면 좋겠네요. 제가 나쁜 마음으로 얘기한 게 아니라는 걸 둘 다 알아주면 충분한데 말이에요.	N	2022-08-16 03:31:14	2022-11-08 04:55:51
BE22014274	12	1	그럼요, 지금도 이렇게 자기가 받은 충격보다 며느리의 상처를 생각해주고 있잖아요, 얼마나 멋진 시어머니예요. 서로 다른 사람이 맞춰가는 과정이니까 누구 한 명의 잘못이 아닌걸요. 감정화자씨의 이런 마음을 말하지 않으면 모르니까, 며느리와 얘기를 나눠보는 건 어때요?	N	2022-08-16 03:31:14	2022-11-08 04:55:51
BE22014274	13	0	공감화자씨 말이 맞아요, 사실 조금 무섭기도 해서 피하려고만 생각했거든요. 하지만 서로 얘기를 나눠야 오해도 없고 더 돈독해질 수 있을 것 같아요. 공감화자씨 덕분에 마음이 조금 편안해지네요, 고마워요.	N	2022-08-16 03:31:14	2022-11-08 04:55:51
BE22014274	14	1	며느리를 사랑하는 공감화자씨 마음이 전달된다면 틀림없이 더 좋아질 거예요. 먼저 손을 건네는 모습이 정말 어른스럽고 멋있어요. 좋은 방향으로 해결되길 바랄게요.	Y	2022-08-16 03:31:14	2022-11-08 04:55:51
