id	utterance_id	utterance_type	utterance_text	terminate	regDate	updDate
BE22007986	1	0	언니, 나 어떡해요. 진짜 울고만 싶어요.	N	2022-07-12 03:24:53	2022-11-08 04:15:47
BE22007986	2	1	무슨 일 있는 거야?	N	2022-07-12 03:24:53	2022-11-08 04:15:47
BE22007986	3	0	우리 부모님 그렇게 싸우시더니 결국 이혼하신대요. 저 너무 충격받았어요.	N	2022-07-12 03:24:53	2022-11-08 04:15:47
BE22007986	4	1	충격이 이만저만이 아니었겠다. 갑자기 맞닥뜨리게 된 사실에 마음고생이 너무 심할 것 같네. 내 가슴이 이렇게 찢어지는데 너는 오죽하겠어.	N	2022-07-12 03:24:53	2022-11-08 04:15:47
BE22007986	5	0	저는 진짜 충격받아서 눈물이 막 나는데, 저 이제 어떻게 하죠. 진짜 너무 힘들어요.	N	2022-07-12 03:24:53	2022-11-08 04:15:47
BE22007986	6	1	너무나 고통스럽겠다. 감당하기에는 너무나 큰 상처니 정말 힘들 것 같아. 네 심정 정말 공감 가.	N	2022-07-12 03:24:53	2022-11-08 04:15:47
BE22007986	7	0	진짜 엄마 아빠 이해도 하나도 안 되고 밉고... 이혼이라니요. 저는 이제 어쩌죠.	N	2022-07-12 03:24:53	2022-11-08 04:15:47
BE22007986	8	1	감정화자야, 조금 이해하는 방향으로 걱정을 덜어보는 게 어때? 엄마도 아빠도 많은 고민과 걱정을 했을 거야. 서로 덜 아프고 싶고, 그만 싸우고 싶고 덜 아픈 쪽을 선택하는 것일 수도 있어.	N	2022-07-12 03:24:53	2022-11-08 04:15:47
BE22007986	9	0	머리는 이해하라고 하는데 가슴으로는 잘 안되네요. 나만 혼자인 것 같고.	N	2022-07-12 03:24:53	2022-11-08 04:15:47
BE22007986	10	1	너는 여전히 부모님이 사랑하는 소중한 존재야, 그 부분은 변함없어. 느려도 돼, 부모님을 이해할 충분한 시간을 가지자.	N	2022-07-12 03:24:53	2022-11-08 04:15:47
BE22007986	11	0	진심을 담아 이렇게 말해주시다니 언니 진짜 감사드려요. 조금은 마음이 안정되네요.	N	2022-07-12 03:24:53	2022-11-08 04:15:48
BE22007986	12	1	감사는 무슨, 나도 같은 아픔을 겪었기 때문에 네 심정 잘 알아서 그래. 너무 힘들면 내게 와서 기대.	N	2022-07-12 03:24:53	2022-11-08 04:15:48
BE22007986	13	0	비록 힘든 상황이지만 한 사람에게 또 위로받네요.	N	2022-07-12 03:24:53	2022-11-08 04:15:48
BE22007986	14	1	위로를 받았다면 정말 다행이다. 언제나 널 응원해.	Y	2022-07-12 03:24:53	2022-11-08 04:15:48
