id	utterance_id	utterance_type	utterance_text	terminate	regDate	updDate
BE22012049	1	0	내가 계속 피곤하고 기력이 없어서 갑상선 초음파 검사 했다고 했잖아. 결과는 괜찮다고 나왔어. 그런데 아내가 괜찮을 거 같다고 했는데 돈 아깝게 뭐 하러 검사했냐고 하더라.	N	2022-07-27 07:39:26	2022-11-08 04:41:50
BE22012049	2	1	진짜? 그런 얘기 듣고 네 마음이 어땠을지 상상이 안 된다.	N	2022-07-27 07:39:26	2022-11-08 04:41:50
BE22012049	3	0	아무 이상이 없으니까 검사한 병원비가 아깝다고 생각했나 봐. 요즘 우리 집 외벌이라서 경제 사정이 조금 힘들거든. 아무리 그렇게 생각하더라도 직접적으로 말할 줄은 몰랐는데 진짜 상처야.	N	2022-07-27 07:39:26	2022-11-08 04:41:50
BE22012049	4	1	믿었던 아내가 그런 말을 했으니 듣는 나도 이렇게 속상한데 네가 상처받을 만해.	N	2022-07-27 07:39:26	2022-11-08 04:41:50
BE22012049	5	0	응. 가족을 위해 최선을 다했는데 내가 이 정도밖에 안 되는 존재인가 하는 생각만 들어. 검사 결과 기다리는데 갑상선암은 아닌지 얼마나 걱정했다고. 괜찮다는 말 듣고 나는 너무 기뻤는데 그런 말을 들으니까 세상이 무너지는 기분이었어.	N	2022-07-27 07:39:26	2022-11-08 04:41:50
BE22012049	6	1	한 집의 가장으로서 아프면 안 된다는 생각에 걱정 많이 했을 거 같아. 검사 결과 기다리면서 그 속이 어땠을지 십분 이해해.	N	2022-07-27 07:39:26	2022-11-08 04:41:50
BE22012049	7	0	나중에 아내도 너무 힘들어서 실수했다고 하긴 했는데 마음이 풀어지지 않아.	N	2022-07-27 07:39:26	2022-11-08 04:41:50
BE22012049	8	1	그래도 많이 미안했나 보다. 이기적으로 자기만 힘들었다고 말하는 사람들도 많은데 먼저 사과했다니 모질게 말하고 마음이 불편했나 보다.	N	2022-07-27 07:39:26	2022-11-08 04:41:51
BE22012049	9	0	내가 누구 때문에 새벽같이 나가서 종일 일하고 밤늦게 들어오는지 제일 잘 알잖아. 그런데 아무리 실수여도 어떻게 그런 말을 할 수 있는지 이해가 안 돼.	N	2022-07-27 07:39:26	2022-11-08 04:41:51
BE22012049	10	1	충분히 충격받을 만한 말이긴 해. 가장 가까워야 하는 사이인데 이대로 지내면 너무 불편하잖아. 마음을 서로 대화로 풀어나가면 좋을 거 같아.	N	2022-07-27 07:39:26	2022-11-08 04:41:51
BE22012049	11	0	안 그래도 진지하게 대화해봐야겠다고 생각했어. 우리 둘 다 각자의 생활에 너무 지쳐 있는 거 같아.	N	2022-07-27 07:39:26	2022-11-08 04:41:51
BE22012049	12	1	좋은 생각이야. 너는 언제나 대화로 문제를 해결했던 사람이잖아. 다른 친구들도 문제가 생기면 화해시키는 데 네가 꼭 빠지지 않았고. 그때처럼 네 아내가 하고 싶은 얘기도 들어주고 네 마음도 얘기해봐.	N	2022-07-27 07:39:26	2022-11-08 04:41:51
BE22012049	13	0	막연하게 아이 키우는 게 힘들겠다는 생각만 했지, 다른 힘든 부분이 있는지는 물어본 적이 없더라. 오늘 집에 가서 잘 얘기해볼게.	N	2022-07-27 07:39:26	2022-11-08 04:41:51
BE22012049	14	1	그래. 너는 고집 부리지 않고 수용하는 자세가 참 좋은 사람이잖아. 차 한잔 마시면서 아내랑 좋은 시간을 가져봐.	N	2022-07-27 07:39:26	2022-11-08 04:41:51
BE22012049	15	0	응. 너랑 연락 안 했으면 계속 안 좋은 마음 상태로 집에 갔을 거야. 마음이 한결 가벼워졌어. 고마워.	Y	2022-07-27 07:39:26	2022-11-08 04:41:51
