id	utterance_id	utterance_type	utterance_text	terminate	regDate	updDate
BE22014353	1	0	공감화자님, 정말 생각할수록 마음에 상처를 입어서 말이 안 나온다. 여자 친구는 나보다 애견을 더 챙기고 내가 밥 먹었는지 뭐 하는지 신경도 안 써. 다른 사람이 여자 친구를 보면 나랑 사귀는 건지 강아지랑 사귀는지 모를 것 같아.	N	2022-08-16 13:26:53	2022-11-08 04:56:20
BE22014353	2	1	너 많이 속상하겠다. 강아지랑 너를 비교 당하다니 너의 메시지만 읽어도 내가 다 안타까워서 마음이 너무 아픈걸. 그래도 여자 친구가 강아지를 사랑하는 마음과 너를 사랑하는 마음이 다르다는 걸 알고 있잖아.	N	2022-08-16 13:26:53	2022-11-08 04:56:20
BE22014353	3	0	그렇긴 해도, 난 강아지에게 질투해야 하니까 너무 상처를 받아. 사람도 아니고 내가 황당해서 어디서 말도 못하겠어.	N	2022-08-16 13:26:53	2022-08-16 13:26:53
BE22014353	4	1	당연히 그렇겠지. 질투하는 대상이 여자 친구의 애견이라면 나도 속상해서 정말 상처를 받을 것 같아. 너의 마음을 깊이 공감하고 있어서 그런지 너의 메시지를 읽을 때마다 더욱더 속상해진다.	N	2022-08-16 13:26:53	2022-11-08 04:56:20
BE22014353	5	0	난 여자 친구에게 정말 어떤 존재인지 이제는 의문이 들 정도야. 이럴 거면 나와 왜 사귀는지도 궁금해. 내가 여자 친구를 챙기면 여자 친구는 강아지를 챙기고 이게 무슨 사랑의 삼각관계도 아니고.	N	2022-08-16 13:26:53	2022-11-08 04:56:20
BE22014353	6	1	얼마나 네가 상처받았으면 나에게 보냈을까 하는 생각이 들어서 내 가슴이 너무 아프다. 네가 상처받을 만한 상황이라서 내가 더 속상하고. 여자 친구가 조금이라도 너에게 잘해주었다면 네가 이렇게 말하진 않을 텐데 너무 안타까워.	N	2022-08-16 13:26:53	2022-11-08 04:56:20
BE22014353	7	0	응 나도 그게 제일 안타깝고 속상한 부분이야. 애견보다 나를 더 챙겨주는 게 아니라 나도 조금 신경 써줬으면 좋겠다는 생각인 건데. 여자 친구는 나를 욕심을 부리는 것처럼 취급해서 너무 상처를 받았어.	N	2022-08-16 13:26:53	2022-11-08 04:56:20
BE22014353	8	1	그렇지, 당연히 속상한 상황이고 너의 심정이 깊이 공감돼. 여자 친구가 오해한 부분이 있으니 얼마나 억울하고 답답했겠어. 난 상상만 해도 가슴이 막혀. 지금도 너의 문자를 읽는데 너무 안타까워서 나 가슴이 턱하고 막히는 기분이 든다.	N	2022-08-16 13:26:53	2022-11-08 04:56:20
BE22014353	9	0	나의 심정을 정확히 이해하는구나 정말 여자 친구와는 강아지 문제로는 대화가 안 되는 상황이야. 내가 조금이라도 불만을 말하면 화내면서 말 못 하는 동물이니까 불쌍하게 생각을 못 할망정 이래. 너한테 문자를 보내면서 그 기억이 떠올라서 슬프네.	N	2022-08-16 13:26:53	2022-11-08 04:56:20
BE22014353	10	1	나도 네가 떠올리는 장면이 눈에 보이는 것 같아서 속상한 마음에 가슴이 미어진다. 얼마나 힘들고 상처가 되었을지 너무 이해돼. 그래도 진심으로 너를 험담 하는 게 아니기에 네가 상처받지 않기만을 바랄 뿐이야.	N	2022-08-16 13:26:53	2022-11-08 04:56:20
BE22014353	11	0	오늘은 여자 친구가 나보다 애견을 더 챙기는 것 때문에 마음에 상처를 입고 많이 힘들더라고. 그때 네가 제일 먼저 떠올라서 연락을 한 건데 연락하길 잘했다는 생각이 든다. 너에게 상처를 위로받고 정말 기분이 많이 회복되었어.	N	2022-08-16 13:26:53	2022-11-08 04:56:20
BE22014353	12	1	내가 더 고마워, 내가 너에게 힘이 되었다는 메시지만 받아도 난 진심으로 행복해. 네가 진심으로 상처에서 회복하기를 바랄 뿐이야.	N	2022-08-16 13:26:53	2022-11-08 04:56:20
BE22014353	13	0	응 정말로 너의 진심이 나에게 느껴져서 많은 위로를 받았어. 나 정말 힘들었나 봐. 너의 격려가 이렇게 나의 기분을 바꾸어 놓은 게 나도 놀라울 따름이야.	N	2022-08-16 13:26:53	2022-08-16 13:26:53
BE22014353	14	1	그렇게 극적인 변화까지 너에게 주었다니 난 더 기쁘고 행복하다. 조금만 너에게 힘을 주어도 나에게는 소원이 없었는데. 이게 다 네가 현명하게 상황을 받아들였기 때문이지.	N	2022-08-16 13:26:53	2022-11-08 04:56:20
BE22014353	15	0	나에게는 너는 정말 소중하고도 대단한 공감화자님. 오늘 나의 상처 받은 마음이 너의 격려와 위로 덕분에 정말 많이 해소되었어. 이제는 여자 친구와 사이좋게 잘 지내야겠다는 생각을 할 수 있는 힘을 줘서 고마워.	Y	2022-08-16 13:26:53	2022-11-08 04:56:20
