id	utterance_id	utterance_type	utterance_text	terminate	regDate	updDate
BE22014250	1	0	이런 상황은 도대체 왜 생기는 걸까? 그리고 나는 왜 이 정도까지밖에 못하는 걸까? 너무 마음에 상처가 커.	N	2022-08-16 00:19:00	2022-11-08 04:55:42
BE22014250	2	1	뭐야, 너? 항상 자신감이 넘쳤으면서. 오랜만에 연락해서는 왜 이렇게 자조적이야?	N	2022-08-16 00:19:00	2022-11-08 04:55:42
BE22014250	3	0	마음이 이제 남는 것도 없이 너덜너덜해졌어. 나 요즘 사흘 동안 아무것도 못 하고 원고만 썼어. 정신은 죽어있고 몸만 살아있는 느낌이야, 이 느낌이 너무 힘들고 상처가 돼.	N	2022-08-16 00:19:00	2022-11-08 04:55:42
BE22014250	4	1	뭐? 사흘 동안이나? 정말 힘들겠다. 삼시 세끼는 챙기면서 일하고 있는 거야?	N	2022-08-16 00:19:00	2022-08-16 00:19:00
BE22014250	5	0	아니, 하루에 한 끼도 먹을까 말까야. 그리고 잠을 잘 자지 못하니 입술에 물집도 크게 잡히고, 정말 힘들어. 나를 둘러싼 모든 게 힘들고 상처가 된다.	N	2022-08-16 00:19:00	2022-11-08 04:55:43
BE22014250	6	1	왜 그렇게 스스로 자기를 옭매면서 일하는 거야? 말만 들어도 내가 다 속상하네.	N	2022-08-16 00:19:00	2022-11-08 04:55:43
BE22014250	7	0	이렇게 원고를 써야만 이번 공모전에서 당선될 수 있을 것만 같아. 저번에 나랑 같이 작업하던 친구는 이미 당선되었단 말이야. 내가 걔보다 더 잘 쓸 수 있는데, 정말 질투나.	N	2022-08-16 00:19:00	2022-08-16 00:19:00
BE22014250	8	1	그렇구나. 같이 공모전을 준비하던 친구였는데 그 친구가 먼저 당선돼서 속으로 상처 많이 받았겠다. 글 쓰느라 스스로 몸도 제대로 못 챙기고 마음이 무척 아프다.	N	2022-08-16 00:19:00	2022-11-08 04:55:43
BE22014250	9	0	응. 그때 이후로 다시는 누구랑 같이 작업 안 해. 내가 그 사람보다 못하면 너무 힘들고, 함께 일하던 사람한테 질투심이 나서 못 버티겠어.	N	2022-08-16 00:19:00	2022-08-16 00:19:00
BE22014250	10	1	맞아. 같은 수준이었는데, 어느 순간 날 앞서가는 친구를 보면 질투 날 거 같아. 내가 생각하기에, 질투는 열심히 살아갈 수 있게끔 만드는 하나의 원동력으로 작용할 수 있어. 하지만 질투심을 과도하게 많이 가지면, 그건 나를 옭아매는 것이라고 생각해.	N	2022-08-16 00:19:00	2022-11-08 04:55:43
BE22014250	11	0	나도 그것에 대해서 어느 정도 인지하고 있어. 지금 내 모습을 봐. 몸도 마음도 망가진 상태야.	N	2022-08-16 00:19:00	2022-08-16 00:19:00
BE22014250	12	1	그렇다면, 다른 사람의 능력을 과도하게 질투하기보다는 너의 글쓰기 능력을 믿어보면서 작업하는 거 어떨까? 나는 네가 누군가와 비교하지 않아도 될 만큼의 능력이 있다고 생각해.	N	2022-08-16 00:19:00	2022-11-08 04:55:43
BE22014250	13	0	정말이니? 나도 나의 능력을 스스로 믿고 있지 못하는 상태인데, 내가 정말 그렇게 생각해도 될까?	N	2022-08-16 00:19:00	2022-08-16 00:19:00
BE22014250	14	1	당연하지. 난 사람은 자기 자신을 믿을 때 가장 강력한 힘이 생긴다고 믿어. 분명 너도 꼭 그럴 거야.	N	2022-08-16 00:19:00	2022-11-08 04:55:43
BE22014250	15	0	너는 정말 나와 다르다. 그래서 너한테서 내가 생각도 하지 못했던 것을 알아가는 거 같아. 그렇게 말해줘서 고마워.	N	2022-08-16 00:19:00	2022-08-16 00:19:00
BE22014250	16	1	응. 몸도 마음도, 건강히 유지하면서 네가 원고 작업을 했으면 좋겠어. 건강한 마음으로 작업하다 보면 분명 긍정적인 결과가 있지 않을까?	N	2022-08-16 00:19:00	2022-11-08 04:55:43
BE22014250	17	0	네 말처럼 한번 노력해볼게. 몸도 마음도, 건강히 챙기면서. 원고 나오면 나중에 보여줄게.	Y	2022-08-16 00:19:00	2022-11-08 04:55:43
