id	utterance_id	utterance_type	utterance_text	terminate	regDate	updDate
BE22013825	1	0	나 진짜 이제 학과 생활 못 할 것 같아. 너무 상처가 크다.	N	2022-08-10 12:32:17	2022-08-10 12:32:17
BE22013825	2	1	학교에서 무슨 일 있었어? 감정화자씨가 그렇게 말하니까 너무 걱정된다.	N	2022-08-10 12:32:17	2022-11-08 04:52:55
BE22013825	3	0	같은 과에서 사귀고 있던 여자 친구랑 헤어졌어. 묘하게 수군거리는 것 보니까 그게 소문이 도는 것 같아. 딱히 나쁘게 헤어진 것도 아닌데 이런 상황이 되니까 너무 상처받았어.	N	2022-08-10 12:32:17	2022-11-08 04:52:55
BE22013825	4	1	안 그래도 여자 친구랑 헤어져서 감정화자씨가 마음이 심란할 텐데, 학과에 얘기도 도니까 정말 상심이 크겠다. 관계 정리가 감정화자씨한테는 정말 큰일인데 사람들이 그렇게 수군거리면 나였어도 너무 상처일 거야. 게다가 학과 사람들이면 다들 아는 사람들이라 더욱 속상하겠구나.	N	2022-08-10 12:32:17	2022-11-08 04:52:55
BE22013825	5	0	맞아, 나한테 대놓고 말하지 않아서 정확하게 무슨 소문이 도는 건지도 모르겠어. 그냥 차라리 나한테 직접 와서 말해주면 좋을 것 같아. 너무 답답하고 막막해.	N	2022-08-10 12:32:17	2022-11-08 04:52:55
BE22013825	6	1	뒤에서 수군거리면 감정화자씨 입장에서 적극 해명하기도 난감하니까 정말 답답하겠다. 그냥 헤어졌다는 얘기를 하는 것일 테니 너무 걱정하지 마. 혹시 터무니없는 소문이 돈다고 해도 뜬소문은 금방 사그라질 거고.	N	2022-08-10 12:32:17	2022-11-08 04:52:55
BE22013825	7	0	정말 그럴까? 하긴, 학과 커플이었으니 그저 헤어졌다는 것만으로도 다른 사람들은 재밌겠지. 이래서 학교에서 사귀지 말라고 하는 건가 봐. 괜히 사귀었다는 후회가 몰려와.	N	2022-08-10 12:32:17	2022-08-10 12:32:17
BE22013825	8	1	너무 그렇게 부정적으로 생각하면 소중했던 추억까지 부정하게 되는 거라 감정화자씨가 더 괴로울 거야. 당장 헤어진 상황과 소문이 돈다는 것이 큰 상처겠지만, 여자 친구랑 사랑했던 것이랑은 분리해서 생각해 보자. 감정화자씨가 결국 이렇게 헤어지긴 했지만 정말 많이 좋아했고 그 시간 행복하게 보냈었잖아.	N	2022-08-10 12:32:17	2022-11-08 04:52:55
BE22013825	9	0	맞아. 내가 지금 당장 괴로워서 의미 없이 너무 결과론적인 생각을 했나 봐. 공감화자씨 말대로 사귀면서 다양한 경험도 많이 하고, 사랑도 많이 받아서 행복한 순간이 많았어. 부정적인 생각이 꼬리를 물기 전에 공감화자씨 조언대로 감정을 분리해야겠어.	N	2022-08-10 12:32:17	2022-11-08 04:52:55
BE22013825	10	1	그리고 소문이 도는 것도 너무 의식하지 말고 마음에 담아두지 마. 이내 곧 잠잠해질 테니 너무 걱정하지 않아도 돼.	N	2022-08-10 12:32:17	2022-11-08 04:52:55
BE22013825	11	0	공감화자씨가 이렇게 차분히 말해주니 혼란스럽던 내 마음도 많이 진정됐어. 역시 공감화자씨한테 연락하길 정말 잘했다는 생각이 든다.	N	2022-08-10 12:32:17	2022-11-08 04:52:55
BE22013825	12	1	감정화자씨가 편해졌다니 내가 다 기쁘다. 나도 감정화자씨가 힘든 순간에 나를 떠올리고 이렇게 연락 줘서 너무 고마워. 앞으로도 언제든 힘들거나 어려운 일이 있으면 연락 줘.	N	2022-08-10 12:32:17	2022-11-08 04:52:55
BE22013825	13	0	공감화자씨가 있어서 너무 든든해. 오늘 얘기 들어주고 위로와 조언도 너무 고마워. 다음에 또 연락할게.	N	2022-08-10 12:32:17	2022-11-08 04:52:55
BE22013825	14	1	그래, 그럼 잘 지내고 있어.	Y	2022-08-10 12:32:17	2022-11-08 04:52:55
