id	utterance_id	utterance_type	utterance_text	terminate	regDate	updDate
BE22002547	1	0	언니, 오늘 아빠가 엄마한테 손찌검하는 걸 봤어요.	N	2022-06-22 05:17:13	2022-11-08 03:40:54
BE22002547	2	1	뭐라고? 세상에, 얼마나 놀랐을까. 너 마음은 괜찮니?	N	2022-06-22 05:17:13	2022-11-08 03:40:54
BE22002547	3	0	너무 괴로워요. 무서워서 싸움을 말리기는커녕 그냥 집을 나와버렸거든요.	N	2022-06-22 05:17:13	2022-11-08 03:40:54
BE22002547	4	1	너 어릴 때 아버지에게 매를 많이 맞아서 무섭다고 했잖아. 네 입장에서는 충분히 그럴 수 있는 일이야. 트라우마라는 게 성인이 됐다고 해서 그렇게 쉽게 사라지는 게 아니니까.	N	2022-06-22 05:17:13	2022-11-08 03:40:54
BE22002547	5	0	그렇게 말해줘서 고마워요. 언니는 이해해줄 것 같아서 망설이다 말을 꺼내본 거예요.	N	2022-06-22 05:17:13	2022-11-08 03:40:54
BE22002547	6	1	감정화자야, 혹시 네 탓을 하고 있는 거니? 무슨 상황이 됐든 물리적 폭력을 휘두른 사람이 무조건 잘못인 거야. 절대로 네 잘못이 아니니 생각을 조금 돌려보면 어떨까?	N	2022-06-22 05:17:13	2022-11-08 03:40:54
BE22002547	7	0	어릴 때는 힘이 없어서 못 말렸다손 치더라도 이제는 성인이니까 말렸어야 하는 거 아닐까요? 저러다 엄마가 많이 다치면 제 탓이잖아요.	N	2022-06-22 05:17:13	2022-11-08 03:40:54
BE22002547	8	1	감정화자야, 그렇지 않아. 폭력을 휘두른 사람 탓이지 절대로 네 탓이 아니야. 어머님이 다칠 만한 상황이라면 경찰의 도움을 받는 건 어떨까?	N	2022-06-22 05:17:13	2022-11-08 03:40:54
BE22002547	9	0	지금 집 앞인데 이제 잠잠해진 것 같아요. 근데 무섭고 엄마 볼 낯이 없어서 집에 못 들어가겠어요.	N	2022-06-22 05:17:13	2022-11-08 03:40:54
BE22002547	10	1	감정화자야, 어머님은 성인이니 본인이 위험에 처할 만한 상황이라면 본인이 그 관계를 끊어야 해. 너의 책임이 절대 아니야.	N	2022-06-22 05:17:13	2022-11-08 03:40:54
BE22002547	11	0	그래도 엄마를 구해줄 사람은 저밖에 없는데 제가 도망쳤으니 너무 비겁하잖아요.	N	2022-06-22 05:17:13	2022-11-08 03:40:54
BE22002547	12	1	전혀 비겁하지 않아. 무섭고 힘든 상황에서 도망치는 건 인간으로서 자연스러운 행동이야. 그러니 스스로 비난하고 자책하는 마음을 다른 방향으로 바꿔보면 어떨까?	N	2022-06-22 05:17:13	2022-11-08 03:40:54
BE22002547	13	0	그럼 이제 저는 어떻게 해야 할까요?	N	2022-06-22 05:17:13	2022-11-08 03:40:54
BE22002547	14	1	일단 네 마음을 돌아보고 진정이 되면 집으로 들어가는 게 좋을 것 같아. 그리고 조금 시간이 지난 후에 부모님과 대화를 나눠보면 어떨까? 특히 아버님께 그 어떤 상황에서도 폭력은 안 된다고 단호히 말씀드리는 게 좋을 것 같아.	N	2022-06-22 05:17:13	2022-11-08 03:40:54
BE22002547	15	0	알겠어요, 언니. 정말 고마워요. 역시 언니한테 말하길 잘한 것 같아요. 일단 저를 추스린 후에 부모님과 대화해볼게요.	N	2022-06-22 05:17:13	2022-11-08 03:40:54
BE22002547	16	1	나는 언제든 괜찮으니 힘든 일 있으면 꼭 연락해. 오늘도 나에게 연락해줘서 정말 고마워.	N	2022-06-22 05:17:13	2022-11-08 03:40:54
BE22002547	17	0	정말 고마워요, 언니. 꼭 연락할게요.	Y	2022-06-22 05:17:13	2022-11-08 03:40:54
