id	utterance_id	utterance_type	utterance_text	terminate	regDate	updDate
BE22012688	1	0	헌혈하러 갔는데 다음에 다시 오라고 해서 상처받았어.	N	2022-08-01 07:16:56	2022-11-08 04:45:48
BE22012688	2	1	오늘은 안 되는 이유라도 있었던 거야?	N	2022-08-01 07:16:56	2022-11-08 04:45:48
BE22012688	3	0	일주일 전에 사랑니를 뺐거든. 관련 약을 먹으면 조건이 안 돼서 헌혈을 못 한다나 봐. 좋은 마음에 갔는데 거절당하니까 부끄럽고 괜히 상처가 됐어.	N	2022-08-01 07:16:56	2022-11-08 04:45:48
BE22012688	4	1	무슨 상황인지 알겠다. 좋은 의도로 시작한 일이 예상치 못한 난관에 부딪히면 그만큼 난처한 일도 없을 것 같아. 귀한 발걸음 했는데 많이 허무했겠네.	N	2022-08-01 07:16:56	2022-11-08 04:45:48
BE22012688	5	0	정말 허무했어. 사랑니를 뺀 것과는 별개로 나는 몸에 아무 이상이 없었거든. 아무리 설명해도 딱 잘라 안 된다고 거절하니까 내가 잘못이라도 저지른 사람처럼 느껴지더라.	N	2022-08-01 07:16:56	2022-11-08 04:45:48
BE22012688	6	1	나라도 존중받지 못한 기분에 괜히 상처받았을 것 같아. 네가 어느 부분에서 민망했을지 너무 이해돼서 내가 다 홧홧해진다.	N	2022-08-01 07:16:56	2022-11-08 04:45:48
BE22012688	7	0	무슨 말인지 알겠지? 한 달에 한 번은 꼭 헌혈을 해왔는데 오늘은 꼭 헌혈 초보처럼 취급받은 느낌이었어. 이웃에게 도움을 주려고 왔다가 상처만 받고 돌아온 거지.	N	2022-08-01 07:16:56	2022-11-08 04:45:48
BE22012688	8	1	네 심정도 십분 이해하지만, 너무 깊게 파고들면 네 마음만 더 괴로워질 거야. 헌혈을 하려는 네 좋은 의도까지 퇴색한 건 아니니까. 이번은 어쩔 수 없었다고 생각하고 그만 털어 버려.	N	2022-08-01 07:16:56	2022-11-08 04:45:48
BE22012688	9	0	그런 거지? 헌혈하려는 마음마저 거절당한 것 같아서 상처였거든. 내 의도까지 하찮아진 기분이었다니까.	N	2022-08-01 07:16:56	2022-11-08 04:45:48
BE22012688	10	1	나라도 그 생각에 속상했을 거야. 하지만 이웃을 도우려던 네 착한 마음은 여전히 살아 있잖아. 다음 기회를 차분히 기다리면서 마음을 잘 다스렸으면 좋겠어.	N	2022-08-01 07:16:56	2022-11-08 04:45:48
BE22012688	11	0	그래. 예상치 못하게 그냥 집으로 돌아와서 순간 생각이 깊어졌나 봐. 내 마음까지 바랜 건 아니니까 너무 파고들지 않는 게 좋겠어.	N	2022-08-01 07:16:56	2022-11-08 04:45:48
BE22012688	12	1	그럴 수 있지. 컨디션 잘 회복하고 있다가 기쁜 마음으로 재도전하면 되니까 마음 놓아. 네 마음이 편한 것보다 중요한 일은 없잖아.	N	2022-08-01 07:16:56	2022-11-08 04:45:48
BE22012688	13	0	네 말이 맞아. 매뉴얼이 그렇다고 하니까 차분히 기다리면서 더 좋은 시간에 헌혈해야겠어.	N	2022-08-01 07:16:56	2022-11-08 04:45:48
BE22012688	14	1	역시 너는 지혜롭다니까. 네 좋은 마음이 분명 누군가의 빛이 될 거라 믿어. 솔선수범하는 네 모습을 나도 본받고 싶다니까.	N	2022-08-01 07:16:56	2022-11-08 04:45:48
BE22012688	15	0	하하하. 네가 그렇게 말해주니까 오늘은 헌혈을 안 했는데도 보람이 느껴진다. 마음이 많이 풀렸어.	N	2022-08-01 07:16:56	2022-11-08 04:45:48
BE22012688	16	1	별말씀을. 그럼 오늘은 맛있는 거 먹고 푹 쉬어.	Y	2022-08-01 07:16:56	2022-11-08 04:45:48
