id	utterance_id	utterance_type	utterance_text	terminate	regDate	updDate
BE22012244	1	0	있지, 나 오늘 남자 친구랑 헤어졌어.	N	2022-07-28 08:30:32	2022-11-08 04:43:01
BE22012244	2	1	뭐? 남자 친구 너무 좋다고 나한테 어제까지 이야기보따리를 잔뜩 풀어놨었잖아. 근데 갑자기 헤어지다니, 무슨 일이야? 걱정되는걸?	N	2022-07-28 08:30:32	2022-11-08 04:43:01
BE22012244	3	0	음, 나는 남자 친구를 너무 좋아했는데, 남자 친구는 그만큼이 아니었던 것 같아. 내가 좋아하는 것만큼 남자 친구에게 애정이 돌아오지 않으니까 힘들기도 하고, 지치기도 해서. 내가 헤어지자고 했는데 남자 친구가 알겠다고 하더라고, 너무 상처받았어.	N	2022-07-28 08:30:32	2022-11-08 04:43:01
BE22012244	4	1	저런, 내가 좋아하는 사람과 만남을 지속할 수 없다는 건 나에게 큰 상처가 되는 일이잖아. 네 마음은 괜찮아? 정말 슬프고, 우울할 것 같아.	N	2022-07-28 08:30:32	2022-11-08 04:43:01
BE22012244	5	0	당연히 우울하고 슬프지. 사실 나는 내가 좋아하는 것만큼 나를 좋아해달라고 투정하면 남자 친구가 미안하다고 노력하겠다고 할 줄 알았어. 근데 알겠다고, 우리는 속도가 맞지 않다면서 미안하다고 하니까, 그게 너무 충격적이야.	N	2022-07-28 08:30:32	2022-11-08 04:43:01
BE22012244	6	1	너는 좋아하는 마음을 확인받고 싶어서 남자 친구에게 투정한 거였잖아. 헤어지잔 말을 직접 들으면 순간 머리가 멍해지면서 아무 생각도 할 수 없었을 것 같아. 얼마나 마음이 아팠을까, 내가 다 속상하다.	N	2022-07-28 08:30:32	2022-11-08 04:43:01
BE22012244	7	0	진짜 내가 좋아하는 것만큼 나를 좋아하지 않는구나, 하는 거를 확인받은 기분이라서 말이야. 충격적이고, 마음에 상처로 오래 남을 것 같아. 그래서 이제는 진짜 내가 좋아하는 것만큼 나를 좋아해서 서로 속도가 맞는 사람을 만나고 싶어.	N	2022-07-28 08:30:32	2022-11-08 04:43:01
BE22012244	8	1	무슨 마음으로 그런 이야기를 하는지 충분히 이해하고 공감해. 너는 좋아하는 마음을 솔직하게 표현하고, 많이 보여줬던 건데 남자 친구와 속도가 달라서 네겐 큰 상심이겠다. 그렇다고 이번 일 때문에 앞으로 누군가를 만나면서 네 마음을 표현하는 것을 두려워하지 않았으면 좋겠어.	N	2022-07-28 08:30:32	2022-11-08 04:43:01
BE22012244	9	0	내가 좋아하는 사람과 속도가 다르다는 건 정말 슬픈 일이구나. 진짜 연애 너무 어렵다, 너무 좋아했던 사람이라서 상처가 좀 크네.	N	2022-07-28 08:30:32	2022-11-08 04:43:01
BE22012244	10	1	너는 남자 친구와의 관계에서 노력하기 위해서 말을 꺼낸 건데. 남자 친구는 너무나 쉽게 너와의 관계를 내려놨으니까 그 상실감은 말로 형용할 수 없겠다. 한편으론 이 일로 네가 마음을 표현하는 걸 두려워할까 봐 걱정되기도 해.	N	2022-07-28 08:30:32	2022-11-08 04:43:01
BE22012244	11	0	맞아. 항상 내가 불타서 마음을 표현하면 상대는 미지근하니까 많이 표현하는 게 잘못된 건가 싶기도 하다니까?	N	2022-07-28 08:30:32	2022-11-08 04:43:01
BE22012244	12	1	평소 자존감도 높고 열정적이던 네가 이런 말을 하다니, 정말 큰 상처였나보다. 네가 잘못된 것도, 고쳐야 하는 것도 아니야, 감정에 솔직하고 표현한다는 건 정말 멋있는 일이잖아. 이런 일 때문에 네 가치를 스스로 깎아내리지 마, 너와 맞는 좋은 사람이 곧 나타날 거니까.	N	2022-07-28 08:30:32	2022-11-08 04:43:01
BE22012244	13	0	남자 친구가 쉽게 나와의 관계를 끊어버린 게 충격적이어서 나를 부정하는 생각을 많이 했던 것 같아. 네가 이렇게 말해주니까 나에 대해 좀더 확신이 생기는 것 같아, 고마워.	N	2022-07-28 08:30:32	2022-11-08 04:43:01
BE22012244	14	1	좋은 사람 곁엔 좋은 사람이 오는 법이야. 네가 이렇게 멋지고 좋은 사람인데, 어떻게 좋은 사람이 오지 않고 배기겠어! 다음 연애에선 네가 상처받을 일 없이 행복할 거니까 지나간 사람은 툴툴 털어버려.	Y	2022-07-28 08:30:32	2022-11-08 04:43:01
