id	utterance_id	utterance_type	utterance_text	terminate	regDate	updDate
BE22012575	1	0	나 어떻게 하면 좋아? 나 아기 가졌어. 지금 완전 마음이 심란하고 상처받았어.	N	2022-07-31 14:18:57	2022-11-08 04:45:06
BE22012575	2	1	너 괜찮아? 문자 보는데 너 마음이 어떨지 너무 당황스럽고 깜짝 놀랐어. 네가 어떻게 해야 될지 걱정되고 고민스러워서 마음이 많이 아플 거 같아.	N	2022-07-31 14:18:57	2022-11-08 04:45:06
BE22012575	3	0	지금 너무 충격적이라. 아무 생각도 나질 않아. 어떻게 해야 될지도 모르겠고 그냥 심장이 두근두근하면서 마음이 너무 안 좋아.	N	2022-07-31 14:18:57	2022-11-08 04:45:06
BE22012575	4	1	지금 너 심정이 어떨지 감히 상상도 가지 않는다. 아직 결혼하기 전인데 아기부터 가졌으니 네가 얼마나 당황스럽고 충격받았을지 상상도 안 돼. 내가 너라면 눈앞이 깜깜해지면서 아무 생각도 들지 않게 상처받을 거 같아.	N	2022-07-31 14:18:57	2022-11-08 04:45:06
BE22012575	5	0	너 문자처럼 진짜 눈앞이 암담해. 어떻게 하지라는 생각만 들고. 내가 왜 이런 상황을 만들었을까 너무 충격적이고, 자책하면서 상처받았어.	N	2022-07-31 14:18:57	2022-11-08 04:45:06
BE22012575	6	1	네가 너무 안쓰럽고 안타까워. 네가 받았을 충격과 상처를 생각하면, 내 마음이 찢어지게 아프다. 당장 너에게 뛰어가서 안아주고 싶어.	N	2022-07-31 14:18:57	2022-11-08 04:45:06
BE22012575	7	0	그렇게 말해줘서 고마워. 지금 너무 상처 입고 충격적이라 아무 생각이 없어.	N	2022-07-31 14:18:57	2022-11-08 04:45:06
BE22012575	8	1	그럼 그럼, 당연히 그럴 거 같아. 내가 너라도 진짜 멍해질 거 같아. 그래도 너는 매사에 긍정적이고 좋은 방향으로 나아가려고 노력하는 사람이니까, 차차 괜찮아질 거야.	N	2022-07-31 14:18:57	2022-11-08 04:45:06
BE22012575	9	0	그렇지. 내가 항상 긍정적이고 좋게 좋게 생각해서 좋은 방향으로 나아가려고 노력하지. 이번에도 그럴 수 있을까?	N	2022-07-31 14:18:57	2022-11-08 04:45:06
BE22012575	10	1	그럼 당연하지! 너는 당연히 좋은 방향으로 잘 나아갈 거야. 어려서부터 옆에서 봐 온 내가 확신할 수 있어. 무슨 문제가 생기더라도 너는 깊게 생각하고 고민해서 언제나 좋게 해결했잖아.	N	2022-07-31 14:18:57	2022-11-08 04:45:06
BE22012575	11	0	그래도 혼자 너무 답답하고 충격적이었는데. 네가 나한테 힘을 주니까 상처 입은 마음이 좀 괜찮아지는 거 같아.	N	2022-07-31 14:18:57	2022-11-08 04:45:06
BE22012575	12	1	너 마음이 편안해졌다고 하니 너무 다행이다. 그리고 너는 꼭 괜찮아질 거야! 왜냐면 네가 지금까지 삶을 성실히 착하게 살아왔으니까 앞으로의 너의 삶도 좋은 방향으로 흘러갈 거야.	N	2022-07-31 14:18:57	2022-11-08 04:45:06
BE22012575	13	0	네가 응원해 주니까 미혼인 상태에서 아기를 가져서 상처받고 충격적이었던 마음이 위로받았어. 고마워.	N	2022-07-31 14:18:57	2022-11-08 04:45:06
BE22012575	14	1	힘든 일이 있을 때 나한테 연락해 줘서 너무 고마워. 혹시 앞으로 더 도움이 필요하거나 대화가 필요하면 언제든 연락해.	Y	2022-07-31 14:18:57	2022-11-08 04:45:06
