id	utterance_id	utterance_type	utterance_text	terminate	regDate	updDate
BE22012720	1	0	저희 형제들은 부모님이 일찍 돌아가셔서 할머니 손에 컸어요. 그런데 얼마 전에 할머니가 돌아가시면서 유산을 제법 남기셨어요. 그것 때문에 형제들 간에 싸움이 벌어져서 저는 마음에 큰 상처를 입었어요.	N	2022-08-01 09:35:46	2022-11-08 04:46:00
BE22012720	2	1	유산 문제로 형제들이 다투는 일은 종종 있어요. 그래도 직접 당하면 엄청 충격을 받을 거 같아요. 특히 형제간에 우애가 좋았다면 그게 더 심할 텐데 어떠세요?	N	2022-08-01 09:35:46	2022-11-08 04:46:00
BE22012720	3	0	정말 그전에는 형제들의 사이가 좋았어요. 그런데 할머니를 모시고 살았던 형제가 더 받겠다고 나서자 다른 형제들이 반발했어요. 진짜 재물 앞에서 이성을 잃는 모습에 충격과 상처를 동시에 받았어요.	N	2022-08-01 09:35:46	2022-11-08 04:46:00
BE22012720	4	1	서로 조금씩 양보하면 해결될 일인데 그렇게 돼서 정말 속상하시겠어요? 그쪽은 그냥 다 포기하고 싶은 마음이 들 거 같아요. 원래 재물에 욕심이 없는 분이시잖아요?	N	2022-08-01 09:35:46	2022-11-08 04:46:00
BE22012720	5	0	그 말씀이 맞아요. 옛날이야기 중에, 형제가 길에서 금덩이를 주웠는데 동생이 그걸 강에 버리는 내용이 있잖아요? 옛날에는 그걸 이해 못 했는데 이제는 그 심정을 알 거 같아요.	N	2022-08-01 09:35:46	2022-11-08 04:46:00
BE22012720	6	1	이 와중에도 큰 깨달음을 얻으셨네요. 그러기 쉽지 않은데 정말 대단하세요. 그런 마음이면 형제간에 중재도 잘 할 수 있을 거 같아요.	N	2022-08-01 09:35:46	2022-11-08 04:46:00
BE22012720	7	0	사실 저라도 나서야 하는데 지금은 자신이 없어요. 예전에 안 보던 모습을 본 충격으로 저는 요즘 형제들을 피하고 있어요. 이러다 인연이 끊어진대도 할 수 없다는 생각까지 들어요.	N	2022-08-01 09:35:46	2022-11-08 04:46:00
BE22012720	8	1	형제들 행동이 얼마나 상처가 되었으면 그러겠어요? 저는 그 마음 충분히 이해해요. 그래도 무조건 피하는 건 능사가 아니라고 봐요.	N	2022-08-01 09:35:46	2022-11-08 04:46:00
BE22012720	9	0	그러면 어떻게 해야 할까요? 정말 제가 중재를 해야 할까요? 그럴 가치가 있는지도 확신이 안 생기는데요?	N	2022-08-01 09:35:46	2022-11-08 04:46:00
BE22012720	10	1	그런 마음이 드는 것도 당연해요. 그래도 핏줄인데다, 예전에는 사이가 좋았다면서요? 그쪽이 중재하면 틀림없이 좋은 결과가 있을 테니 용기를 내시라고 말씀드리고 싶네요.	N	2022-08-01 09:35:46	2022-11-08 04:46:00
BE22012720	11	0	하긴, 저대로 둘 수는 없겠지요. 자신이 남긴 유산 때문에 우리 형제가 이렇게 됐다는 걸 아시면 할머니가 슬퍼하실 거예요. 할머니를 위해서라도 제가 나서야 할 것 같아요.	N	2022-08-01 09:35:46	2022-11-08 04:46:00
BE22012720	12	1	정말 잘 생각하셨어요. 형제들도 갑자기 생긴 재물에 이성을 잃었지만 본심은 선한 분들이시잖아요? 찬찬히 말씀드리면 잘 해결될 테니 힘내세요.	N	2022-08-01 09:35:46	2022-11-08 04:46:00
BE22012720	13	0	본심이야 다 선한 사람들이지요. 그러니 부모님이 안 계셔도 서로 의지하며 할머니와 잘 살아왔지요. 제가 중간에서 말을 잘해서 다시 예전으로 돌아가도록 만들어야겠어요.	N	2022-08-01 09:35:46	2022-11-08 04:46:00
BE22012720	14	1	역시 마음이 넓은 분이시네요. 형제들도 지금쯤은 후회하면서 그쪽이 나서 주기를 기다리고 있을 거예요. 일이 잘 해결될 테니 마음을 놓으세요.	N	2022-08-01 09:35:46	2022-11-08 04:46:00
BE22012720	15	0	그쪽과 이야기를 나누다 보니 제 마음이 푸근해졌어요. 이렇게 성의 있게 대답해 주셔서 너무 감사해요. 일이 잘되도록 힘써 볼게요. 감사합니다.	Y	2022-08-01 09:35:46	2022-11-08 04:46:00
