id	utterance_id	utterance_type	utterance_text	terminate	regDate	updDate
BE22014083	1	0	저는 칭찬이란 단어를 잘 몰라요, 칭찬받으면 기분이 어떤지도 모르고 다른 사람 칭찬할 줄도 몰라요. 어렸을 때 상처가 있어서 그런가 봐요. 제 아픈 상처를 생각하면 버림받은 기분도 들어요.	N	2022-08-13 11:34:40	2022-08-13 11:34:40
BE22014083	2	1	사람은 누구나 행복할 권리가 있어요, 버림받은 생각을 했다는 게 제 마음이 찢어지네요. 어렸을 때 뭘 알았겠어요, 태어난 죄밖에 없죠. 감정화자씨 잘못이 전혀 아니니까 너무 자책 말아요.	N	2022-08-13 11:34:40	2022-11-08 04:54:39
BE22014083	3	0	우리 집이 8남매였어요. 저는 둘째였는데 집안이 불우해서 부모님은 저에겐 보이기만 하면 일만 시켰어요. 그 생각을 하면 지금도 숨이 막혀요.	N	2022-08-13 11:34:40	2022-11-08 04:54:39
BE22014083	4	1	감정화자씨의 어렸을 때 삶이 그려져서 너무 슬퍼요. 동생들이 크는 동안 감정화자씨가 도와줄 수 있는 나이가 되고. 감정화자씨만 믿고 부모님은 일하시느라 다른 어떤 것도 생각하실 겨를이 없지 않으셨을까요?	N	2022-08-13 11:34:40	2022-08-13 11:34:40
BE22014083	5	0	정말 그러셨을까요? 공감화자씨가 그렇게 말씀해 주시니 제 마음이 조금 위로가 돼요. 칭찬받은 생각은 없고 잘못하면 꾸중 들은 생각만 나요, 큰형은 더구나 장애를 갖고 태어났어요. 큰형까지 내 몫이었어요.	N	2022-08-13 11:34:40	2022-08-13 11:34:40
BE22014083	6	1	공감화자씨가 어린 나이에 무거운 짐을 지고 힘겹게 걸었군요. 공감화자씨 지난 삶 때문에 지금까지도 많이 지쳐 보여요. 하지만 안 좋은 기억은 내가 품을수록 정신적이나 육체적으로 건강에 해롭기만 해요.	N	2022-08-13 11:34:40	2022-11-08 04:54:39
BE22014083	7	0	제가 요즘 들어 더 어렸을 때를 생각해서 그런지 정신적으로 정말 힘들더라고요. 그래서 정신과 약을 지어 먹고 있어요.	N	2022-08-13 11:34:40	2022-11-08 04:54:39
BE22014083	8	1	그런 안타까운 일이 있었군요. 공감화자씨를 위해서라도 마음에 짐을 덜고 많이 받지 못했던 칭찬을 여러 사람에게 표현해 보세요. 그러면 공감화자씨 기분이 훨씬 좋아질 거 같아요.	N	2022-08-13 11:34:40	2022-08-13 11:34:40
BE22014083	9	0	공감화자씨가 알려준 대로 해봐야겠어요. 그런 생각은 못 했어요. 지난 세월 후회하기만 바빴었거든요.	N	2022-08-13 11:34:40	2022-11-08 04:54:39
BE22014083	10	1	어렸을 때 상처가 있으면 그 일로 인해 일상생활에도 지장을 줄 수 있죠. 감정화자씨가 그 기억을 잊기 위해서는 독하게 마음먹었으면 좋겠어요. 그러면 정신적으로 강해질 거예요, 감정화자씨는 잘 극복하리라 믿어요.	N	2022-08-13 11:34:40	2022-08-13 11:34:40
BE22014083	11	0	오랜 시간이 갑자기 바뀐다면 욕심이겠고 서서히 자연스럽게 치유되도록 노력해 볼게요.	N	2022-08-13 11:34:40	2022-08-13 11:34:40
BE22014083	12	1	그렇게 생각해 준다니 제가 더 감사해요. 제 진심이 전해진 것 같아서 너무 다행이에요.	N	2022-08-13 11:34:40	2022-08-13 11:34:40
BE22014083	13	0	저를 위해 아낌없는 조언 감사해요. 제가 꼭 노력해서 다음엔 좋은 소식 전해드릴게요.	N	2022-08-13 11:34:40	2022-11-08 04:54:39
BE22014083	14	1	당연히 꼭 그러리라 믿어요. 제가 옆에서 도울 수 있는 건 적극적으로 도울게요.	Y	2022-08-13 11:34:40	2022-11-08 04:54:39
