id	utterance_id	utterance_type	utterance_text	terminate	regDate	updDate
BE22011748	1	0	뭐 하고 있어? 나 코골이 수술 상담하러 왔어. 나 충격받았잖아.	N	2022-07-26 04:26:19	2022-11-08 04:39:55
BE22011748	2	1	나 일하지. 갑자기 무슨 코골이 수술이야? 무슨 문제 있는 거야?	N	2022-07-26 04:26:19	2022-11-08 04:39:55
BE22011748	3	0	오늘 아침에 와이프가 진지하게 부탁하더라. 지금까지 너무 많이 참아 왔는데 내 코골이가 너무 심해서 잠을 잘 수가 없다고. 제발 방법 좀 찾아주면 안 되냐고 좀 공격적으로 말하더라.	N	2022-07-26 04:26:19	2022-11-08 04:39:55
BE22011748	4	1	아침부터 와이프한테 그런 소리를 들었으면 좀 상처일 것 같아. 코 고는 당사자는 본인이 코를 고는지 잘 모른다고 하던데 그렇게 감정적으로 말해 오면 서운하지.	N	2022-07-26 04:26:19	2022-11-08 04:39:55
BE22011748	5	0	맞아. 그런 마음이었어. 나는 내가 코 고는 상태인 걸 몰라서 충격이었는데 그걸 와이프가 그렇게 감정적으로 말하니까 상처더라고. 와이프가 그렇게 잠 못 자는 것도 정말 미안하고. 이래저래 마음이 복잡하다.	N	2022-07-26 04:26:19	2022-11-08 04:39:55
BE22011748	6	1	네가 일부러 그런 것도 아닌데, 다른 사람도 아니고 아내가 몰라주니 너무 섭섭했겠다. 게다가 알고 있지도 못했는데 갑자기 그렇게 얘기하면 당연히 상처받지. 더 좋게 얘기해줬으면 좋았을 텐데, 네가 못 알아들을 사람도 아니고.	N	2022-07-26 04:26:19	2022-11-08 04:39:55
BE22011748	7	0	막상 그 상황을 마주하게 되니 머리가 새하얘지더라고. 몰랐다고 미안하다고 말하는데 어떻게 모를 수 있느냐고 안 믿는 눈치였어. 그래서 더 상처받았어.	N	2022-07-26 04:26:19	2022-11-08 04:39:55
BE22011748	8	1	믿어주지도 않았구나. 아내도 잠을 못 자서 너무 예민해져 있었던 걸까? 너는 어떻게 하고 싶었어?	N	2022-07-26 04:26:19	2022-11-08 04:39:55
BE22011748	9	0	일단 노력해볼 수 있는 건 다 노력해 보고 싶었어. 나 때문에 그동안 매일 밤잠도 제대로 못 잔 게 미안하기도 하고. 그 마음이 다 전달되지 않았나 봐.	N	2022-07-26 04:26:19	2022-11-08 04:39:55
BE22011748	10	1	상대가 그렇게 안 좋은 감정으로 대하는데, 상대를 배려하는 마음이 너무 멋지다. 와이프를 많이 사랑하는 마음이 느껴진다. 해결하려는 의지가 바로 생긴 것도 너무 대단하다.	N	2022-07-26 04:26:19	2022-11-08 04:39:55
BE22011748	11	0	그렇게 들으니 내가 너무 대단한 사람이 된 것 같은데? 상처받긴 했지만 그래도 와이프가 힘들다고 말하는데 어떻게 그냥 외면할 수 있겠어. 해볼 수 있는 데까지 해봐야겠다고 생각했어.	N	2022-07-26 04:26:19	2022-11-08 04:39:55
BE22011748	12	1	물그릇이 있어야 물을 뜰 수 있다더라. 의지력이란 바로 그 물그릇이라고 하더라. 너는 의지력이 굉장한 사람 같아.	N	2022-07-26 04:26:19	2022-11-08 04:39:55
BE22011748	13	0	그렇게 말해줘서 고마워. 오늘 저녁에 와이프랑 진지하게 다시 얘기해 보려고 해. 네가 많은 위로가 되어 줬어.	N	2022-07-26 04:26:19	2022-11-08 04:39:55
BE22011748	14	1	잘 생각했어. 위로됐다니 나도 너무 뿌듯하다. 아내와도 얘기 잘 나눴으면 좋겠다.	N	2022-07-26 04:26:19	2022-11-08 04:39:55
BE22011748	15	0	응원 고마워. 나중에 또 연락할게.	Y	2022-07-26 04:26:19	2022-11-08 04:39:55
