id	utterance_id	utterance_type	utterance_text	terminate	regDate	updDate
BE22012674	1	0	나 몸도 마음도 너무 힘들어. 올해 시누이 때문에 상처받은 거 생각하면 내년 이맘때가 벌써 걱정돼.	N	2022-08-01 06:19:14	2022-11-08 04:45:42
BE22012674	2	1	무슨 일 있었어? 네가 웬만해선 상처받을 애가 아닌데. 에너자이저인 네가 그러니 적응 안 돼.	N	2022-08-01 06:19:14	2022-11-08 04:45:42
BE22012674	3	0	어머님이 김장해야 한다고 부르시는 거야, 그래서 차로 10분 거리니까 갓난아이를 데리고 갔거든. 어머님이 배추와 양념거리를 잔뜩 쌓아 놓으셨더라. 보는 순간 깜짝 놀라서 숨이 막히고 하기도 전에 지치는 거야.	N	2022-08-01 06:19:14	2022-11-08 04:45:42
BE22012674	4	1	평소에도 네가 자주 장 봐드렸다고 들었는데 가까이 있어서 고생이 많았구나. 김장거리도 다듬으려면 너무 힘든데 상상하니 내가다 맥이 빠지고 힘이 빠진다.	N	2022-08-01 06:19:14	2022-11-08 04:45:42
BE22012674	5	0	배추 다듬어 절이고 양념 준비하는 2일 내내 허리 필시 간도 없이 너무 힘든 거야. 시누이는 어머님 옆 동 사는데 딸 과외 선생님이 집으로 온다며 얼굴도 안 비치는 거야.	N	2022-08-01 06:19:14	2022-11-08 04:45:42
BE22012674	6	1	나도 해봐서 아는데 1년 중 제일 큰 행사가 김장이야. 그런 막노동이 없더라. 네가 그 일을 해낸 게 너무 대단하다 갓난아이도 있는데.	N	2022-08-01 06:19:14	2022-11-08 04:45:42
BE22012674	7	0	마지막 날 배추 씻고 있는데 시누이가 오더라. 잠깐 얼굴 비추고 티브이 보면서 깔깔거리고 웃는데 그 모습을 보고 있는데 화가 솟구치는 거야. 안 할 거면 집으로 가라고 소리 지르고 싶은 걸 간신히 참았다.	N	2022-08-01 06:19:14	2022-11-08 04:45:42
BE22012674	8	1	김장할 때는 일손이 하나라도 아쉬운데 그 모습을 지켜보는 네가 많이 참았네. 학교 때 너는 불의를 보면 못 참는 정의로운 사람이었는데 네 모습을 상상하니 내가 다 속상하다.	N	2022-08-01 06:19:14	2022-11-08 04:45:42
BE22012674	9	0	배추 씻고 양념 준비해놔서 버무리기만 하면 되는데 시누이가 김치통을 잔뜩 갖다 놓는 거야. 어머님은 우리 딸은 김치 잘 먹는다면서 제일 먼저 가져온 통을 꽉꽉 채우더라. 내가 가져온 김치통은 그 집에 절반인데 그래도 미안은 했는지 커피랑 빵을 사 왔더라.	N	2022-08-01 06:19:14	2022-11-08 04:45:42
BE22012674	10	1	그래도 양심은 있었나 보네. 미안한 줄도 알고 네 마음은 어땠어?	N	2022-08-01 06:19:14	2022-11-08 04:45:42
BE22012674	11	0	나도 단순하지, 힘든 건 금방 잊고 커피와 빵이 너무 맛있는 거야. 시누이 행동에 상처받았는데도 허겁지겁 다 먹어 치웠어.	N	2022-08-01 06:19:14	2022-11-08 04:45:42
BE22012674	12	1	네가 학교 때도 그럤지, 상대방을 편하게 해주는 마법이 있어. 네가 빵을 먹어줌으로써 시누이도 덜 미안했을 거야. 시누이도 김치통이 많은 게 눈치 보였을 텐데.	N	2022-08-01 06:19:14	2022-11-08 04:45:42
BE22012674	13	0	네가 그렇게 말해주니 내가 좀 억울한 게 풀린다. 그때는 내 감정을 주체 못 하겠더라고. 너한테 말하고 나니 속이 다 편해졌어.	N	2022-08-01 06:19:14	2022-11-08 04:45:43
BE22012674	14	1	다행이다. 걱정 많이 했는데 나도 뿌듯하고 행복해진다. 아무리 힘들어도 즐겁게 기분 좋게 일하다 보면 김치 맛도 좋아질 거야. 몸 시원하게 풀고 다시 활기차게 시작하자.	N	2022-08-01 06:19:14	2022-11-08 04:45:43
BE22012674	15	0	네가 문자 보고 걱정을 많이 한 게 느껴져. 조언해줘서 고마워.	Y	2022-08-01 06:19:14	2022-11-08 04:45:43
