id	utterance_id	utterance_type	utterance_text	terminate	regDate	updDate
BE22014294	1	0	커플 신발 사려다가 상처만 받았어.	N	2022-08-16 05:13:50	2022-08-16 05:13:50
BE22014294	2	1	상처를 받다니, 남자 친구랑 싸우기라도 한 거야?	N	2022-08-16 05:13:50	2022-11-08 04:55:58
BE22014294	3	0	아니. 며칠 전 매장에서 산 운동화가 마음에 들어서 한 켤레 더 주문하려고 보니까 인터넷에선 반값이잖아. 어떻게 가격이 이렇게나 차이가 날 수 있는지, 괜히 돈을 버린 것 같아 상처야.	N	2022-08-16 05:13:50	2022-08-16 05:13:50
BE22014294	4	1	이런, 유감이다. 매장가보다 인터넷 가격이 더 저렴한 줄은 알았지만, 반값이라면 상상 이상이네. 얘기만 듣는 나도 상처인데 네가 받은 충격은 정말 이만저만이 아닐 것 같아.	N	2022-08-16 05:13:50	2022-11-08 04:55:59
BE22014294	5	0	나는 매장가랑 인터넷 가격이 동일한 줄 알았거든. 심지어 점원도 그런 식으로 설명했고 말이야. 사기를 당한 것 같아서 마음이 복잡해, 정말 상처 받았어.	N	2022-08-16 05:13:50	2022-11-08 04:55:59
BE22014294	6	1	점원에게 악의는 없었다 해도 속은 기분이 드는 건 어쩔 수 없겠구나. 내 상황이라면 종일 우울했을 것 같아. 너도 괜히 하루를 망친 기분이겠어.	N	2022-08-16 05:13:50	2022-11-08 04:55:59
BE22014294	7	0	응, 좋은 마음으로 사이트에 들어왔다가 상처만 받고 가네. 남자 친구에게 미안하지만 선물할 의욕도 사라졌어.	N	2022-08-16 05:13:50	2022-11-08 04:55:59
BE22014294	8	1	상심이 커 보여서 내 마음이 다 아프다. 내가 너였어도 가격 차이를 알게 된 순간 의욕이 꺾여서 사이트를 껐을 것 같아. 네가 그런 마음이 되는 것도 당연해.	N	2022-08-16 05:13:50	2022-11-08 04:55:59
BE22014294	9	0	이러는 내가 옹졸한 사람처럼 느껴져서 여러모로 생각이 많아진다. 잘못한 것도 없는데 내가 나에게 상처를 받은 느낌이야.	N	2022-08-16 05:13:50	2022-08-16 05:13:50
BE22014294	10	1	무슨 마음인지 알아. 하지만 네가 알다시피 네 잘못도 아닌데 너무 마음 쓸 거 없어. 상처받은 마음에 매몰되면 결국 너만 더 고통일 거야.	N	2022-08-16 05:13:50	2022-11-08 04:55:59
BE22014294	11	0	네 말이 맞아. 내 탓도 아닌데 자책만 늘어봤자 좋을 거 없겠지. 나는 떳떳한 소비자였을 뿐이야.	N	2022-08-16 05:13:50	2022-08-16 05:13:50
BE22014294	12	1	그럼. 오늘 본 손해는 어떤 방식으로든 네게 복으로 돌아갈 거야. 그렇게 믿고 복잡한 마음은 털어 버려. 네 마음이 즐거운 것보다 중요한 일은 없을 거잖아.	N	2022-08-16 05:13:50	2022-11-08 04:55:59
BE22014294	13	0	내가 날린 돈이 복으로 돌아올 거라 생각하니까 단순하지만 기분이 좋아진다. 그래. 좋은 마음으로 시작한 일인데 남자 친구에게도 선물하는 게 좋겠어.	N	2022-08-16 05:13:50	2022-11-08 04:55:59
BE22014294	14	1	좋은 생각이야. 가격과는 상관없이 네 진심과 사랑은 퇴색되지 않으니까. 마음에 쏙 드는 운동화를 발견했다는 기쁨에만 집중하도록 해.	N	2022-08-16 05:13:50	2022-11-08 04:55:59
BE22014294	15	0	네 이야기를 들으니까 이번 일도 생각하기 나름인 것 같네. 덕분에 큰 위로를 얻었어. 고마워 공감화자님.	Y	2022-08-16 05:13:50	2022-11-08 04:55:59
