id	utterance_id	utterance_type	utterance_text	terminate	regDate	updDate
BE22011639	1	0	나 파혼했다. 사랑하는 사람이랑 결혼한다는 생각에 너무 행복했는데 파혼하니까 너무 마음의 상처가 크다.	N	2022-07-25 15:01:36	2022-11-08 04:39:13
BE22011639	2	1	갑자기 파혼했다고? 결혼 준비 시작한 지 얼마 안 되었잖아. 무슨 일 있었어?	N	2022-07-25 15:01:36	2022-11-08 04:39:13
BE22011639	3	0	결혼 준비한다니까 아는 형이 혼인신고 전에 서로 전과 있는지 범죄 이력 있는지 확인해보라는 거야.	N	2022-07-25 15:01:36	2022-11-08 04:39:13
BE22011639	4	1	그래, 요즘 범죄 이력이 있는지, 건강은 어떤지 사전에 한 번 점검해보더라고.	N	2022-07-25 15:01:36	2022-11-08 04:39:13
BE22011639	5	0	그래서 여자 친구한테 얘기했더니. 엄청나게 머뭇거리더라고. 내 제안에 당황했나 보다고 생각했었지.	N	2022-07-25 15:01:36	2022-11-08 04:39:13
BE22011639	6	1	그렇지 나도 그런 얘기는 처음 들어봐서 당황스러운데 당황했을 수 있지.	N	2022-07-25 15:01:36	2022-11-08 04:39:13
BE22011639	7	0	그래서 내가 먼저 했지. 당연히 나는 아무것도 없으니까 딱 보여주고 이제 여자 친구한테 인증하라고 했는데 계속 머뭇거리는 거야.	N	2022-07-25 15:01:36	2022-11-08 04:39:13
BE22011639	8	1	그 모습 보고 너도 당황했겠다. 너처럼 시원하게 보여줬으면 좋았을 텐데 머뭇거리는 모습 보니까 의아했겠다.	N	2022-07-25 15:01:36	2022-11-08 04:39:13
BE22011639	9	0	맞아. 왜 고민하지? 떳떳하면 바로 할 텐데? 이 생각이 들기 시작하니까 한도 끝도 없이 의심할 거 같더라고. 그래서 얼른 하자고 얘기했지.	N	2022-07-25 15:01:36	2022-11-08 04:39:13
BE22011639	10	1	그렇게 해서 인증했는데 전과 기록이 있었던 거야?	N	2022-07-25 15:01:36	2022-11-08 04:39:13
BE22011639	11	0	응. 예전에 소매치기 전과가 있더라고. 너무 충격받았어. 그 전과를 본 순간 내 물건 중에 없어진 게 있었나, 하고 생각하게 되는 거야.	N	2022-07-25 15:01:36	2022-11-08 04:39:13
BE22011639	12	1	순간적으로 네가 의심했구나. 너도 스스로 놀랐겠다. 사랑하는 여자 친구를 의심했으니 아주 속상했겠어.	N	2022-07-25 15:01:36	2022-11-08 04:39:13
BE22011639	13	0	응. 그런 생각을 하는 내 모습을 보면서 너무 괴롭더라. 지금도 그래. 그때부터 너무 고민되는 거야. 과거의 일이지만 내가 감당할 수 있을까, 하는 생각이 들고.	N	2022-07-25 15:01:36	2022-11-08 04:39:13
BE22011639	14	1	나였어도 순간적으로 그런 의심 했을 것 같아. 이야기 들은 나도 이런데 너는 오죽하겠어. 너무 괴롭겠다. 파혼까지 하게 되었으니.	N	2022-07-25 15:01:36	2022-11-08 04:39:13
BE22011639	15	0	계속 괴로워하고 나도 모르게 의심하게 될까 봐 파혼 결정했어. 여자 친구한테도 너무 미안해.	N	2022-07-25 15:01:36	2022-11-08 04:39:13
BE22011639	16	1	지금은 괴롭겠지만 결혼했으면 더 괴롭지 않았을까? 행복 하려고 한 결혼이지만 서로에게 더 안 좋았을 수도 있겠다는 생각이 들어. 오히려 너의 미래를 위해서 난 잘한 선택이라고 생각해.	N	2022-07-25 15:01:36	2022-11-08 04:39:13
BE22011639	17	0	맞아. 난 아마 못 견뎌냈을 거야. 너무 괴로웠는데 네 얘기 들으니 날 위해서 내가 잘 선택했다는 생각이 드네.	N	2022-07-25 15:01:36	2022-11-08 04:39:13
BE22011639	18	1	지금은 괴롭겠지만 어떻게든 견뎌보자. 하고 싶은 이야기 있으면 언제든지 연락하고.	N	2022-07-25 15:01:36	2022-11-08 04:39:13
BE22011639	19	0	이야기 들어줘서 고마워. 또 연락할게.	Y	2022-07-25 15:01:36	2022-11-08 04:39:13
