id	utterance_id	utterance_type	utterance_text	terminate	regDate	updDate
BE22011438	1	0	나, 어떻게 살아가야 할지 도저히 방향을 찾지 못하겠어. 너무 괴롭고 상처받아서 숨을 쉬는 것도 힘들어.	N	2022-07-25 05:04:03	2022-11-08 04:37:53
BE22011438	2	1	며칠 전에도 SNS에 올린 글 보고 힘든 것 같았는데, 왜 그래? 무슨 일인지 말해줄 수 없는 거야?	N	2022-07-25 05:04:03	2022-11-08 04:37:53
BE22011438	3	0	고환암이래... 아직 서른도 안 됐고, 결혼한 지 2개월밖에 안 됐는데! 암이라는 말이 가슴에 박혀 너무 아프다.	N	2022-07-25 05:04:03	2022-11-08 04:37:53
BE22011438	4	1	네 마음이 얼마나 무너졌을지... 나는 상상조차 할 수가 없다. 뭐라고 위로의 말을 건네야 할지 모르겠어.	N	2022-07-25 05:04:03	2022-11-08 04:37:53
BE22011438	5	0	나도 알아, 말로 꺼내는 것도 상처여서 남들에게 말하고 싶지 않았어. 근데 나 뭐 했는지 아니? 차가버섯 상담을 받고 왔어.	N	2022-07-25 05:04:03	2022-11-08 04:37:53
BE22011438	6	1	암에 좋다는 이야기는 나도 얼핏 들었던 것 같아. 미신도 믿지 않는 네가 얼마나 답답했으면 그랬겠니. 스스로를 너무 몰아세우지는 말자.	N	2022-07-25 05:04:03	2022-11-08 04:37:53
BE22011438	7	0	누구보다 살고 싶은데... 내가 이렇게까지 해야 하는 건지, 그게 나를 너무 괴롭게 해.	N	2022-07-25 05:04:03	2022-11-08 04:37:53
BE22011438	8	1	당연히 괴롭고 힘들 거야. 그래도 그렇게라도 네가 더 살려고 노력해야 해. 정말 가족들을 위한다면, 또 너의 친구들을 위한다면 말이야.	N	2022-07-25 05:04:03	2022-11-08 04:37:53
BE22011438	9	0	나 때문에 내 주변 사람들의 가슴을 다 아프게 하는 것 같아서, 정말 많이 힘들다.	N	2022-07-25 05:04:03	2022-11-08 04:37:53
BE22011438	10	1	너의 그 마음을 모르는 건 아니지만, 정말 아프고 힘든 건 너라는 거 모두들 알 거야. 그러니 너는 네 생각을 먼저 했으면 좋겠어. 치료 잘 받고 다시 건강해지는 네 모습으로 말이야.	N	2022-07-25 05:04:03	2022-11-08 04:37:54
BE22011438	11	0	네 말이 맞아. 근데 치료받고 건강해져도 아이를 가질 수 없게 되니까, 우리 아내를 제대로 볼 수가 없어.	N	2022-07-25 05:04:03	2022-11-08 04:37:54
BE22011438	12	1	일부러 가지지 않는 것이 아니니, 가질 수 없다는 그 상처가 얼마나 크겠니. 그렇지만 네 아내에게 아이만큼 너를 잃기 싫지 않을까? 나는 내 친구를 잃고 싶지 않아.	N	2022-07-25 05:04:03	2022-11-08 04:37:54
BE22011438	13	0	그럴까? 너처럼, 우리 아내에게도 내가 그런 존재일까?	N	2022-07-25 05:04:03	2022-11-08 04:37:54
BE22011438	14	1	그럼, 그러니 너무 걱정하지 말고. 가족들과 친구들과 함께 방법을 찾아 나가자. 혼자 어렵다면 우리 같이하는 거야.	N	2022-07-25 05:04:03	2022-11-08 04:37:54
BE22011438	15	0	그래, 그럴게! 혼자 하지 않고 같이 하려고 할게.	Y	2022-07-25 05:04:03	2022-11-08 04:37:54
