id	utterance_id	utterance_type	utterance_text	terminate	regDate	updDate
BE22011202	1	0	나 결국 아이를 유산하고 말았어. 어떡하든 치료해서 막아보려 했는데 결국 그렇게 됐어. 지금 마음이 너무 상처고 주변이 온통 원망스러워.	N	2022-07-23 13:52:14	2022-11-08 04:36:24
BE22011202	2	1	아이고, 나도 이런데 감정 화자님은 오죽하겠니? 임신했다고 좋아하던 모습이 눈에 선한데 이게 무슨 일이니? 남의 일 같지 않아서 나도 마음이 진정되지 않는다.	N	2022-07-23 13:52:14	2022-11-08 04:36:24
BE22011202	3	0	친척 결혼식에 가지 말았어야 했다는 후회 때문에 더 마음이 괴로워. 날도 추운데 오래 서서 떨었더니 몸에 무리가 온 거야. 친척까지 괜히 원망하게 되는 게 너무 싫다.	N	2022-07-23 13:52:14	2022-11-08 04:36:24
BE22011202	4	1	지금은 모든 게 그렇게 느껴질 거야. 나는 그 마음 이해하고도 남아. 마음속으로 하는 생각을 뭐라 할 사람 없으니까 실컷 원망해.	N	2022-07-23 13:52:14	2022-11-08 04:36:24
BE22011202	5	0	산부인과에서 들었던 아이 심장 소리를 잊을 수가 없어. 그때 느꼈던 그 감동은 반대로 이젠 너무 커다란 상처가 되었어. 꿈에 심장 소리를 듣고 깜짝 놀라 깰 때도 있어.	N	2022-07-23 13:52:14	2022-11-08 04:36:24
BE22011202	6	1	감정 화자님 말 때문에 진짜 가슴이 찢어진다. 그저 마음을 편히 가지라는 말밖에 할 말이 없어. 내가 아무 도움이 되지 못해 미안하다.	N	2022-07-23 13:52:14	2022-11-08 04:36:24
BE22011202	7	0	미안한 사람은 오히려 나야. 남편한테 제일 미안하고, 부모님과 걱정해준 공감 화자님한테도 미안해.	N	2022-07-23 13:52:14	2022-11-08 04:36:24
BE22011202	8	1	그 와중에 다른 사람 걱정하니? 감정 화자님은 그저 본인 마음만 잘 추스르면 돼. 남편이나 부모님, 친구들 모두 그렇게 빌고 있어.	N	2022-07-23 13:52:14	2022-11-08 04:36:24
BE22011202	9	0	나만 바라보며 걱정하는 사람들을 위해서라도 마음을 추슬러야 한다는 거 알아. 그게 내가 할 수 있는 일의 전부라는 것도 알지만 뜻대로 잘 안된다.	N	2022-07-23 13:52:14	2022-11-08 04:36:24
BE22011202	10	1	이왕 벌어진 일, 울고 괴로워한다고 다시 예전으로 돌아가지는 않잖아? 그 아이와의 인연은 여기까지였다고 생각해. 감정 화자님이 좋은 마음으로 보내줘야 그 아이도 하늘에서 행복할 거야.	N	2022-07-23 13:52:14	2022-11-08 04:36:24
BE22011202	11	0	세상 구경도 못 하고 떠났지만, 그 아이에게도 영혼이 있겠지? 그 영혼은 다시 하늘로 돌아가겠지?	N	2022-07-23 13:52:14	2022-11-08 04:36:24
BE22011202	12	1	당연히 그럴 거야. 그리고 감정 화자님과 함께 있을 때 그 아이에게 얼마나 많은 사랑을 쏟았니? 그 아이는 그것도 다 알고 갔을 테니 너무 속상해하지 마.	N	2022-07-23 13:52:14	2022-11-08 04:36:24
BE22011202	13	0	공감 화자님이 그렇게 말해주니까 마음이 따스해지는 느낌이야. 정말 아이가 나와 함께 있을 때 감정을 교감을 느꼈었거든. 왠지 그 아이도 다 알 거 같은 생각이 들어.	N	2022-07-23 13:52:14	2022-11-08 04:36:24
BE22011202	14	1	그래, 그러니까 편안한 마음으로 보내 줘. 이렇게 슬퍼하는 걸 알면 그 아이도 슬플 거야. 그건 감정 화자님도 원하지 않는 거잖아?	N	2022-07-23 13:52:14	2022-11-08 04:36:24
BE22011202	15	0	공감 화자님 말이 맞아. 짧은 시간이었지만 그 아이와 나는 정말 행복했어. 그걸로도 충분했다고 그 애에게 말해 줄래. 고맙다.	Y	2022-07-23 13:52:14	2022-11-08 04:36:24
