id	utterance_id	utterance_type	utterance_text	terminate	regDate	updDate
BE22012738	1	0	짧게 자른 머리가 이제 조금 적응이 되어 가는 것 같아. 그렇다고 상처가 지워지지 않아서 걱정이지만.	N	2022-08-01 11:40:46	2022-11-08 04:46:07
BE22012738	2	1	그 긴 머리를 잘랐다고? 왜 무슨 일 있었어?	N	2022-08-01 11:40:46	2022-11-08 04:46:07
BE22012738	3	0	1학년 때 공동 영재 학급에서 만나 사귀던 남자 친구와 졸업하고 얼마 되지 않아 헤어졌어. 텔레비전에서 실연당한 여자 주인공이 긴 머리를 싹둑 자른 모습을 보니 아픔이 느껴지더라. 상처받은 마음에 충동적으로 그 길로 미용실에 가서 짧게 잘랐어.	N	2022-08-01 11:40:46	2022-11-08 04:46:07
BE22012738	4	1	너의 아픔과 같아서 동질감이 느껴졌나 보다. 삼 년간 너희 둘의 모습을 가까이 지켜본 나도 이렇게 마음이 안 좋은데. 네 마음은 어떨지 생각만으로도 마음이 찢기듯 아프다.	N	2022-08-01 11:40:46	2022-11-08 04:46:07
BE22012738	5	0	함께 했던 시절이 떠올라 가슴 한복판에 커다란 상처가 생긴 것 같아. 뭐라고 해야 숨을 쉴 수 있을 것 같아 머리를 잘랐어. 그런데도 마음은 여전히 아픔 그대로야.	N	2022-08-01 11:40:46	2022-11-08 04:46:07
BE22012738	6	1	사람을 잊는다는 게 또 마음으로 보낸다는 게 얼마나 어려운 일이겠니. 나 같았어도 그 무엇도 할 수 없이 눈물만 흘렸을 거야. 너의 아픔을 내가 조금이라도 덜어줄 수만 있다면 좋겠는데.	N	2022-08-01 11:40:46	2022-11-08 04:46:07
BE22012738	7	0	괴롭고 힘이 드니 자연스럽게 네가 떠올랐어. 너의 위로를 받고 싶었어. 내 마음을 알아주는 사람은 너뿐이거든.	N	2022-08-01 11:40:46	2022-11-08 04:46:07
BE22012738	8	1	나에게 손 내밀어 줘서 고마워. 같이 아파하고 슬퍼할 기회를 줘서 얼마나 고마운지 너는 모를 거야. 사랑의 상처를 함께 할 수는 있으니 나에게 기대었으면 좋겠다.	N	2022-08-01 11:40:46	2022-11-08 04:46:07
BE22012738	9	0	잠을 자도 먹어도 깨어 있어도 온통 헤어진 남자 친구와의 소중한 추억이 나를 괴롭혀. 함께 할 때는 행복했는데 헤어지니 아픔뿐이라니. 참 아이러니하지? 이런 말 털어놓을 수 있는 유일한 네가 있어서 얼마나 다행인지.	N	2022-08-01 11:40:46	2022-11-08 04:46:07
BE22012738	10	1	너의 아픔 슬픔 모든 것이 나의 것이기도 해. 네 표현대로 남자 친구와의 추억을 떠올리는 게 아픔이겠지. 하지만 아픔 뒤에 서서히 희미해질 거로 생각해 그러니 억지로 지우려 하지 말고 천천히 잊자.	N	2022-08-01 11:40:46	2022-11-08 04:46:07
BE22012738	11	0	가리지 않고 내 마음을 털어놓으니 제대로 숨을 쉬는 것 같아. 머리를 짧게 잘랐을 때 느꼈던 시원함 같은 기분이 든달까.	N	2022-08-01 11:40:46	2022-11-08 04:46:07
BE22012738	12	1	너의 깊은 마음을 표현하면 사라지지 않을 것 같은 상처도 어느새 치유될 거야. 상실의 아픔이 아무 과정도 거치지 않고 사라지지 않을 테니 건강하게 잊어 가자 우리 같이. 내가 옆에 든든히 너에게 힘이 되어줄게.	N	2022-08-01 11:40:46	2022-11-08 04:46:07
BE22012738	13	0	너와 대화하며 어제까지 괴롭던 마음이 많이 가라앉았어. 진짜 놀라워 그토록 아팠는데 지금은 편안하다고 느껴져.	N	2022-08-01 11:40:46	2022-11-08 04:46:07
BE22012738	14	1	그러면 영원히 지워지지 않을 아픔은 없어. 슬픔에 빠진 사람에게 큰 위로가 되지 않겠지만 시간이 약이라는 말이 있잖아. 상투적이긴 하지만 여러 달이 지나면 아마 많이 좋아지지 않을까.	N	2022-08-01 11:40:46	2022-11-08 04:46:07
BE22012738	15	0	정말 그랬으면 좋겠어. 어서 시간이 많이 지나갔으면 좋겠다.	Y	2022-08-01 11:40:46	2022-11-08 04:46:07
