id	utterance_id	utterance_type	utterance_text	terminate	regDate	updDate
BE22004260	1	0	선배, 어제는 잘 들어가셨어요? 괜히 저 때문에 너무 무리하신 거 아니죠?	N	2022-06-27 12:51:54	2022-11-08 03:51:48
BE22004260	2	1	응, 난 잘 들어갔지. 그런데 너 무슨 일이 있길래 그렇게 술을 마신 거야?	N	2022-06-27 12:51:54	2022-11-08 03:51:48
BE22004260	3	0	요즘 아내 감정 기복이 너무 커서 너무 힘들어요 정말. 집에 들어가기 싫을 정도라니까요.	N	2022-06-27 12:51:54	2022-11-08 03:51:48
BE22004260	4	1	제수씨가 왜? 무슨 안 좋은 일이라도 있는 거야?	N	2022-06-27 12:51:54	2022-11-08 03:51:48
BE22004260	5	0	그런 건 아닌데 와이프가 하루에도 몇 번씩 울다 웃다 하니까 제가 점점 거기에 동화돼요. 와이프가 웃으면 저도 웃고 우울하면 저도 하루 종일 기분이 안 좋아요.	N	2022-06-27 12:51:54	2022-11-08 03:51:48
BE22004260	6	1	그 정도면 너무 심각한 거 아니야? 제수씨한테 전문적인 도움 받자고는 해 봤어?	N	2022-06-27 12:51:54	2022-11-08 03:51:48
BE22004260	7	0	이달 초부터 병원 다니고는 있는데 큰 차도는 없어요. 오히려 제가 너무 아내 영향을 많이 받아서 일할 때 지장이 갈 정도예요.	N	2022-06-27 12:51:54	2022-11-08 03:51:48
BE22004260	8	1	집에서도 힘들고 직장에서도 힘들다니. 버텨온 게 용할 지경이다. 그동안 얼마나 마음고생을 많이 했니.	N	2022-06-27 12:51:54	2022-11-08 03:51:48
BE22004260	9	0	정말 죽겠어요. 와이프는 와이프고 저는 전데, 저 스스로를 통제하지 못한다는 기분이 들어요.	N	2022-06-27 12:51:54	2022-11-08 03:51:48
BE22004260	10	1	네가 와이프를 너무 사랑하는 마음에 감정이 동화되나보다. 그래서 괴로운 거지.	N	2022-06-27 12:51:54	2022-11-08 03:51:48
BE22004260	11	0	정말 그런 걸까요? 와이프를 사랑하는데 제 마음이 힘들다는 게 믿기지 않아요. 사랑하는 사람이라면 모든 걸 이해하고 감싸줘야 하는데.	N	2022-06-27 12:51:54	2022-11-08 03:51:48
BE22004260	12	1	어떻게 매번 모든 걸 다 이해할 수 있겠어? 아무리 부부라도 한 사람만 참으면 안 돼. 서로 충분히 대화를 나누면서 풀어야지.	N	2022-06-27 12:51:54	2022-11-08 03:51:48
BE22004260	13	0	그러다가는 와이프 상태가 더 안 좋아질까봐 걱정이에요.	N	2022-06-27 12:51:54	2022-11-08 03:51:48
BE22004260	14	1	어차피 병원도 다니기 시작했다며. 제수씨가 건강 되찾는 건 의사가 치료할 일이지, 네가 모든 걸 해줄 순 없어. 너 죄책감 갖지 않아도 돼.	N	2022-06-27 12:51:54	2022-11-08 03:51:48
BE22004260	15	0	저한테 아무도 그런 말을 해준 사람이 없어요. 저 정말 많이 힘들었거든요. 와이프가 아픈데도 제가 저를 우선시해도 괜찮은 걸까요?	N	2022-06-27 12:51:54	2022-11-08 03:51:48
BE22004260	16	1	너도 네 인생 살아야지. 걱정하는 네 마음을 조금 줄인다고 네가 제수씨를 덜 사랑하는 건 아니잖아. 제수씨도 제수씨지만 너한테는 네 건강이 최우선이야. 잊지 마.	N	2022-06-27 12:51:54	2022-11-08 03:51:48
BE22004260	17	0	선배 말을 들으니까 조금 안심이에요. 선배 말대로 저를 조금 더 챙겨야겠어요.	N	2022-06-27 12:51:54	2022-11-08 03:51:48
BE22004260	18	1	빨리 제수씨가 건강해져서 너도 항상 웃는 일만 있었으면 좋겠다. 힘내라 !	N	2022-06-27 12:51:54	2022-11-08 03:51:48
BE22004260	19	0	고마워요, 선배. 다음에 또 연락드릴게요.	N	2022-06-27 12:51:54	2022-11-08 03:51:48
BE22004260	20	1	그래. 전화나 문자로 또 연락하자!	Y	2022-06-27 12:51:54	2022-11-08 03:51:48
