id	utterance_id	utterance_type	utterance_text	terminate	regDate	updDate
BE22011153	1	0	나 남자 친구와 완전히 헤어졌어. 이번에는 진짜야.	N	2022-07-23 09:46:21	2022-11-08 04:36:05
BE22011153	2	1	몇 년 동안 헤어졌다 만났다 반복했잖아. 이제 정말 끝이 난 거야? 감정 화자님이 너무 오랫동안 힘들어하는 것 같아서 걱정돼.	N	2022-07-23 09:46:21	2022-11-08 04:36:05
BE22011153	3	0	서로 집에 남아 있는 짐까지 싹 정리하기로 했어. 남자 친구가 자기 짐을 퀵이나 택배로 보내래. 나는 아직 마음 정리도 못 했는데, 걔는 나를 철저하게 버렸어.	N	2022-07-23 09:46:21	2022-11-08 04:36:05
BE22011153	4	1	그렇게까지 말했을 정도면 상처도 많이 받았겠다. 감정 화자님 마음이 정리되지 않았으면 많이 복잡할 것 같아. 괜찮은 거야?	N	2022-07-23 09:46:21	2022-11-08 04:36:05
BE22011153	5	0	버려진 기분에 마음이 너무 힘들어. 저렇게 매몰차게 구는 남자 친구 모습을 보니까 상처가 너무 커.	N	2022-07-23 09:46:21	2022-11-08 04:36:05
BE22011153	6	1	다툴 때마다 남자 친구가 늘 먼저 잡아주고 달래줬으니, 달라진 태도에 감정 화자님이 얼마나 상처받았겠어. 나라도 혼란스럽고 힘들 것 같아. 감정 화자님 마음에 견디기 어려운 상처가 생긴 것 같아 나도 너무 걱정된다.	N	2022-07-23 09:46:21	2022-11-08 04:36:05
BE22011153	7	0	마지막으로 얼굴이라도 보자고 했더니 그러기 싫대. 짐을 퀵이나 택배로 보내라고 하는 걸 보니까 그냥 꼴도 보기 싫은 것 같아. 너무 상처받았어.	N	2022-07-23 09:46:21	2022-11-08 04:36:05
BE22011153	8	1	그렇게 사랑했던 사인데 이제는 얼굴조차 보고 싶어 하지 않는다니, 내가 감정 화자님이라도 상심이 클 것 같아. 많이 힘들고 아프겠지만 시간이라는 약을 믿고 견뎌 나갔으면 좋겠다.	N	2022-07-23 09:46:21	2022-11-08 04:36:05
BE22011153	9	0	시간이 흐르면 정말 괜찮아질까? 지금은 가슴이 찢어지는 것 같아. 택배로 보내줄 짐을 정리하는데 눈물이 멈추질 않더라.	N	2022-07-23 09:46:21	2022-11-08 04:36:05
BE22011153	10	1	가슴이 타는 듯한 이별의 상처도 시간이 흐르면 언제 그랬냐는 듯 잠잠해지더라. 그러니 모두가 사랑과 이별을 계속해서 반복하는 듯해. 감정 화자님도 반드시 괜찮아질 테고, 어쩌면 새로운 사랑을 시작할 수도 있을 테니 너무 상심하지 마.	N	2022-07-23 09:46:21	2022-11-08 04:36:05
BE22011153	11	0	정말 고마워. 공감 화자님 말이 얼마나 위로가 되는지 모를 거야. 시간이 빨리 흘러서 내가 괜찮아지면 좋겠다.	N	2022-07-23 09:46:21	2022-11-08 04:36:05
BE22011153	12	1	나도 그러길 바라. 이번에 택배를 보내고 나면 복잡한 마음과 추억도 정리가 되면 좋을 텐데. 짐과 사진을 정리하다 보면 이별을 실감하면서 마음이 좀 정리가 되기도 하잖아.	N	2022-07-23 09:46:21	2022-11-08 04:36:05
BE22011153	13	0	공감 화자님 말이 맞아. 나도 차라리 좋은 기회라고 생각해야겠어. 짐을 보내고 나서는 오히려 마음이 홀가분해질지도 모르지.	N	2022-07-23 09:46:21	2022-11-08 04:36:05
BE22011153	14	1	얼른 괜찮아지길 바라. 이별 후유증으로 마음이 힘들면 얼마든지 연락해. 밤이고 낮이고 다 들어줄 수 있어.	N	2022-07-23 09:46:21	2022-11-08 04:36:05
BE22011153	15	0	정말 고마워. 공감 화자님이랑 이야기하고 나니까 마음이 많이 가벼워졌어. 기분도 아까보다 훨씬 나아졌고 말이야.	Y	2022-07-23 09:46:21	2022-11-08 04:36:05
