id	utterance_id	utterance_type	utterance_text	terminate	regDate	updDate
BE22002356	1	0	나 어제 친구랑 오랜만에 만났다가 기분 안 좋은 일이 있었던 거 있지.	N	2022-06-21 06:18:48	2022-11-08 03:39:40
BE22002356	2	1	그랬구나. 무슨 일인데? 기분 상할 만한 일이었어?	N	2022-06-21 06:18:48	2022-11-08 03:39:40
BE22002356	3	0	이게 참 어떻게 말해야 할지 모르겠는데. 내가 워낙 평소에 절약하면서 사는 스타일이잖아. 밥 먹고 일어서는데 친구가 기분 나쁘게 말하는 바람에 상처받았어.	N	2022-06-21 06:18:48	2022-11-08 03:39:40
BE22002356	4	1	그래서 아까부터 표정이 어두웠구나.	N	2022-06-21 06:18:48	2022-11-08 03:39:40
BE22002356	5	0	맞아. 내가 아무리 아껴도 그렇지 오랜만에 만난 친구한테 기분 좋게 밥 한 끼는 대접하려고 했지. 근데 친구는 늘 내가 돈을 잘 안 쓴다고 생각해서 오해했는지 더치페이 얘기하면서 몰고 가더라고.	N	2022-06-21 06:18:48	2022-11-08 03:39:40
BE22002356	6	1	그랬구나. 네 입장에선 얼마나 당황스럽고 의도와 다르게 흘러가서 억울했겠어.	N	2022-06-21 06:18:48	2022-11-08 03:39:40
BE22002356	7	0	응. 나도 아낄 땐 아끼더라도 쓸 때는 쓸 줄 아는데 구두쇠로만 기억된 것 같아서 별로였지.	N	2022-06-21 06:18:48	2022-11-08 03:39:40
BE22002356	8	1	당연하지. 넌 그저 근검절약이 다른 사람보다 몸에 배었을 뿐이었는데, 누군들 그렇게 보이고 싶겠어. 아끼는 거랑 아예 안 쓰려고 하는 건 다른 거잖아.	N	2022-06-21 06:18:48	2022-11-08 03:39:40
BE22002356	9	0	그러게. 나도 친구한테 식사 대접 정도는 기분 좋게 낼 의향이 있는데 말이야. 괜히 억울한 기분이 들더라고.	N	2022-06-21 06:18:48	2022-11-08 03:39:40
BE22002356	10	1	정말 네 마음이 편치 않았겠다. 사주려고 생각했는데 말이야. 그래도 친구도 예전에 네가 아끼던 모습만 생각나서 오해했을 테니까 너무 심각하게 생각하지 말고.	N	2022-06-21 06:18:48	2022-11-08 03:39:40
BE22002356	11	0	어젠 문득 내가 너무 아끼는 사람처럼 보였던 게 아닌가 싶어서 이런저런 생각이 많이 들었어.	N	2022-06-21 06:18:48	2022-11-08 03:39:40
BE22002356	12	1	응. 나라도 오랜만에 만난 친구가 그런 식으로 기억하면 기분이 좋지 않았을 거야. 이해해. 그래도 아껴 쓰는 게 문제는 아니잖아. 좋은 습관이라면 좋은 습관이지.	N	2022-06-21 06:18:48	2022-11-08 03:39:40
BE22002356	13	0	그래도 그렇게 말해줘서 고마워. 혼자 고민했던 것보다 너한테 얘기하니까 기분이 좀 나아졌어.	N	2022-06-21 06:18:48	2022-11-08 03:39:40
BE22002356	14	1	아니야, 이렇게 털어놓아서 네 마음이 좀 편해졌다면 나도 좋아. 언제든 들어줄게.	N	2022-06-21 06:18:48	2022-11-08 03:39:40
BE22002356	15	0	응. 너라도 알아주니까 좋다 정말! 우리 커피 마시러 가자! 내가 커피 쏠게.	Y	2022-06-21 06:18:48	2022-11-08 03:39:40
