id	utterance_id	utterance_type	utterance_text	terminate	regDate	updDate
BE22013634	1	0	남편이 어제 또 술에 취해서 들어왔더라고. 술에 취한 날은 아이들한테 용돈을 마구 주거든. 한두 번도 아니고 정말 너무 괴로워서 울화병이 생길 지경이야.	N	2022-08-09 12:59:17	2022-08-09 12:59:17
BE22013634	2	1	너가 얼마나 참고 사는지 생각하니 마음이 안타깝다. 그렇게 괴로워하고 상처받는 줄 알면 그런 행동을 하지는 않을 텐데.	N	2022-08-09 12:59:17	2022-08-09 12:59:17
BE22013634	3	0	이제 잔소리하는 것도 지친다. 쇠귀에 경 읽기니 아무 소용이 없네.	N	2022-08-09 12:59:17	2022-11-08 04:51:41
BE22013634	4	1	너가 상처받은 마음 때문에 울화병이 생긴 건가 봐. 마음의 병은 몸도 지배하는데 걱정이다. 이런 상황에서는 대화가 필요한 거 같아.	N	2022-08-09 12:59:17	2022-11-08 04:51:41
BE22013634	5	0	술 깬 다음에는 자기가 왜 그랬는지 모르겠다며 싹싹 빌거든. 그리고 멀쩡하게 친절하고 다정한 남편이 되는 거야.	N	2022-08-09 12:59:17	2022-08-09 12:59:17
BE22013634	6	1	너가 하는 말이라면 뭐든 듣는 사람이라서 만족한다고 했던 말 기억난다. 인생에서 아내가 첫 번째라고 했다니 그런 남편은 흔하지 않아. 하지만 자주 술을 마시는 게 문제구나.	N	2022-08-09 12:59:17	2022-11-08 04:51:41
BE22013634	7	0	술이 요술을 부리는 거 같아. 그 사람이 완전히 다른 사람이 되거든. 사람 성격은 잘 안 바뀐다고 하던데 그래서 걱정이야.	N	2022-08-09 12:59:17	2022-08-09 12:59:17
BE22013634	8	1	착하고 다정한 남편이라고 주변에서 부러워하는 사람도 꽤 많을 거야. 사회생활을 하다 보면 회식에 빠질 수 없는 경우가 많으니 잦은 음주를 하게 되는 거지.	N	2022-08-09 12:59:17	2022-08-09 12:59:17
BE22013634	9	0	딴에는 가족을 책임진다고 열심히 하는 거 같아. 그러니까 내가 더 괴로운 거야. 술에 취하면 아이들에게 마구 용돈을 주는 일이 반복되니까 상처가 되어 마음에 남는 거 같아.	N	2022-08-09 12:59:17	2022-08-09 12:59:17
BE22013634	10	1	울화병에는 수다가 약이라는데 우리 자주 만나야겠다. 우리 집 애 아빠도 비슷하잖아. 내가 말을 안 해서 그렇지, 속 썩은 거 생각하면 너무너무 괴로워.	N	2022-08-09 12:59:17	2022-11-08 04:51:41
BE22013634	11	0	어느 집이나 비슷하네. 그래도 좀 절제하는 생활을 하면 좋겠어. 나도 집을 벗어나서 시원하게 수다를 떨고 싶어.	N	2022-08-09 12:59:17	2022-08-09 12:59:17
BE22013634	12	1	그래, 환경이 바뀌면 생각도 긍정적으로 변할 거야. 한 가지 문제만 생각하다 보면 해결책이 보이지 않잖아.	N	2022-08-09 12:59:17	2022-11-08 04:51:42
BE22013634	13	0	맞아. 나도 너무 가족에게만 신경 쓰며 애면글면했던 거 같아. 남편도 가족을 위해 최선을 다하고 그런 점은 나무랄 데 없으니까.	N	2022-08-09 12:59:17	2022-08-09 12:59:17
BE22013634	14	1	다른 시각에서 보니까 남편의 장점을 발견하게 되는구나. 성실하게 일하고 가정에도 충실하니 얼마나 좋은 남편이니.	N	2022-08-09 12:59:17	2022-11-08 04:51:42
BE22013634	15	0	그래, 내가 욕심을 내려놓으면 될 거 같아. 오늘 내 얘기만 한 거 같아서 미안하고 고마워. 다음에는 네 고민을 다 들어줄게.	Y	2022-08-09 12:59:17	2022-08-09 12:59:17
