id	utterance_id	utterance_type	utterance_text	terminate	regDate	updDate
BE22012548	1	0	아침에 부모님과 말다툼하고 나섰어. 지금 마음에 너무 상처가 커. 내가 퇴사하고 나서 글을 쓰겠다고 말씀을 드렸거든, 어머니는 며칠을 앓아누웠어.	N	2022-07-31 08:39:54	2022-11-08 04:44:56
BE22012548	2	1	너도 고민을 충분히 하고 내린 결정이었잖아. 가족의 응원을 받지 못하니 속이 많이 상했겠다.	N	2022-07-31 08:39:54	2022-11-08 04:44:56
BE22012548	3	0	내가 이렇게 못마땅한 딸인지 몰랐어. 지난 며칠 동안 어머니가 앓는 소리를 낼 때마다 나도 방문을 잠그고 숨죽여 울었어.	N	2022-07-31 08:39:54	2022-11-08 04:44:56
BE22012548	4	1	너도 퇴사 후에 몹시 심란했을 텐데, 집에서도 편하지 않으니 얼마나 힘들었을까. 듣는 내가 다 속상해.	N	2022-07-31 08:39:54	2022-11-08 04:44:56
BE22012548	5	0	어릴 때부터 네 사교육에 얼마나 공을 들여서 대기업 보내놨더니, 상의도 없이 퇴사했다고 화를 내셨어. 어투가 꼭 내가 소유물인 양, 한 사람으로 존중하지 않는 느낌이라 내게 상처로 다가왔어.	N	2022-07-31 08:39:54	2022-11-08 04:44:56
BE22012548	6	1	내가 들어도 너무 서운하게 들려. 네가 진심으로 원하는 일보다 대기업이 더 중요하다는 말씀처럼 들리잖아. 그런 기분을 느끼는 게 너무 참담할 거 같아.	N	2022-07-31 08:39:54	2022-11-08 04:44:56
BE22012548	7	0	난 어릴 때부터 그런 느낌을 종종 받아왔어. 한 개인으로 사는 게 아니라 내가 부모님의 장식품처럼 느껴지기도 해. 존재 자체로 존중받지 못하면 정말이지 매번 상처받아.	N	2022-07-31 08:39:54	2022-11-08 04:44:56
BE22012548	8	1	얼마나 상처가 쌓이고 또 쌓였으면 정체성이 흔들린다고 느끼는 걸까. 이번 일도 예상 못한 바는 아니었을 텐데, 그런 마음을 이겨내고 용기를 낸 네게 박수를 보내고 싶어.	N	2022-07-31 08:39:54	2022-11-08 04:44:56
BE22012548	9	0	맞아. 난 부모님의 반응을 예상했어, 각오했었지만 그래도 상처는 똑같이 받는구나. 이렇게 날 격려해주는 너마저 없었다면 난 일어서지 못했을 거야.	N	2022-07-31 08:39:54	2022-11-08 04:44:56
BE22012548	10	1	네가 가장 원하는 건 가족의 응원이겠지만, 나만큼은 네가 무엇을 하던 늘 응원할 거야. 그래도 학생 때는 부모님의 뜻대로만 살았잖아, 그 시절과 비교하면 눈부신 성장이야.	N	2022-07-31 08:39:54	2022-11-08 04:44:56
BE22012548	11	0	응. 네 말이 정확해. 예전에는 부모님이 두려워서 꼼짝도 못 했거든. 이제 그렇게 살기엔 내 인생이 너무 아깝다고 느껴졌어.	N	2022-07-31 08:39:54	2022-11-08 04:44:56
BE22012548	12	1	고군분투하느라 많이 애썼지? 이제는 맞서 싸우더라도 네 삶을 지키겠다고 하니까 너무 네가 자랑스럽고 멋지다고 생각해. 지금처럼만 하다 보면 나중엔 부모님의 지지도 받는 날이 올 거야.	N	2022-07-31 08:39:54	2022-11-08 04:44:56
BE22012548	13	0	너와 대화를 나누다 보니 상처받은 마음이 좀 달래지는 것 같아. 내 곁엔 응원하는 부모님은 없지만 이렇게 진심으로 격려해 주는 네가 있으니 얼마나 다행인지 몰라.	N	2022-07-31 08:39:54	2022-11-08 04:44:56
BE22012548	14	1	내 마음을 알아주고 그게 너에게 힘이 된다니까 내 마음도 놓인다. 시간이 될 때 술 한잔하면서 더 이야기하자.	Y	2022-07-31 08:39:54	2022-11-08 04:44:56
