id	utterance_id	utterance_type	utterance_text	terminate	regDate	updDate
BE22011923	1	0	어머니께 괜한 말을 했나 봐요. 괜히 마음의 상처만 안고 말이에요.	N	2022-07-26 13:57:07	2022-11-08 04:41:04
BE22011923	2	1	어머니랑 무슨 안 좋은 갈등이라도 빚으신 건가요? 저에게 솔직하게 털어놔 보세요.	N	2022-07-26 13:57:07	2022-11-08 04:41:04
BE22011923	3	0	제가 요즘에 돈이 너무 없어서 빈곤해서 힘들었거든요. 어디 돈 빌릴 데가 없어서 어머니께 조심스레 돈을 빌릴 수 있냐고 여쭤봤어요. 그랬더니 너는 돈도 없냐면서 저에게 아주 비수를 꽂으시더군요.	N	2022-07-26 13:57:07	2022-11-08 04:41:04
BE22011923	4	1	누구보다 의지해야 할 대상에게 그런 말을 들으시다니 감정화자님 마음이 정말 아프셨겠어요. 많이 고민하시고 말을 꺼낸 것일 텐데 말이에요.	N	2022-07-26 13:57:07	2022-11-08 04:41:04
BE22011923	5	0	어머니가 저를 굉장히 한심하게 여기시니 너무 상처가 되더라고요. 남들은 다 어엿한 직장 가지고 부모님께 용돈 준다면서 말이에요. 사실 제가 그냥 의미 없이 살아가는 게 아니라 나름대로 공무원 시험 준비를 하고 있어서 더 상처였어요.	N	2022-07-26 13:57:07	2022-11-08 04:41:04
BE22011923	6	1	감정화자님이 나름대로 최선을 다하고 계셨을 텐데, 어머님이 몰라주셔서 너무 서운하셨을 것 같아요. 게다가 남들과의 비교를 통해 너무 상처받으셨을 것 같고요. 괜히 저도 덩달아 가슴이 아프네요.	N	2022-07-26 13:57:07	2022-11-08 04:41:04
BE22011923	7	0	정말 마음이 만신창이에요. 난생처음으로 돈을 빌려본 것이라 어머니의 반응이 그렇게 냉담해 하실 줄은 몰랐거든요. 어머니께 그런 말을 들으니 자신감도 하락하고 저 자신이 너무 초라해지네요.	N	2022-07-26 13:57:07	2022-11-08 04:41:04
BE22011923	8	1	감정화자님의 마음 여기저기에 멍이 드신 기분이실 것 같아요. 말로 받는 상처는 쉽게 치유되지 않는데, 감정화자님이 겪는 상처가 얼마나 클지 예상되네요. 너무 속상하고 외로운 시간을 보내셨을 것 같습니다.	N	2022-07-26 13:57:07	2022-11-08 04:41:04
BE22011923	9	0	어디 창피해서 말도 못 하고 혼자 삭히고 있었죠. 혼자 삭히니 곪고 골아 더 이상 안 될 것 같아서 공감화자님께 털어놓게 되었어요. 정말 그 말들이 잊히지 않아서 너무 힘들어요.	N	2022-07-26 13:57:07	2022-11-08 04:41:04
BE22011923	10	1	감정화자님이 쉬이 떨쳐내기 어려우셨을 것 같아요. 그런 아픈 말들은 떨쳐내려고 노력해도 계속해서 귀에 맴돌잖아요. 하지만 분명 시간이 지나고 감정화자님의 모습을 보시고 어머님도 생각이 바뀌실지도 몰라요.	N	2022-07-26 13:57:07	2022-11-08 04:41:04
BE22011923	11	0	어머니를 포함해서 그 누구도 저를 인정해주지 않는 것 같아요. 공무원 시험을 준비하면서 어디 의지할 데도 없고요. 돈도 없고 의지도 없으니 정말 포기하고 싶은 심정이에요.	N	2022-07-26 13:57:07	2022-11-08 04:41:04
BE22011923	12	1	감정화자님이 정말 힘든 상황에 놓이신 것, 마음이 많이 다치신 것 충분히 이해합니다. 하지만요, 저처럼 감정화자님을 응원하는 사람이 있다는 것 잊지 말아주세요. 오랜 시간 감정화자님을 알아 온 저로서는 감정화자님이 분명히 이 어려움을 잘 이겨내시고 극복하실 거라고 생각해요.	N	2022-07-26 13:57:07	2022-11-08 04:41:04
BE22011923	13	0	과연 제가 그렇게 할 수 있을까요? 저는 정말 아무것도 가진 게 없는 사람인걸요.	N	2022-07-26 13:57:07	2022-11-08 04:41:04
BE22011923	14	1	너무 자책하지 마세요. 지금 이 힘든 과정도 감정화자님을 단단하게 만들어주는 경험이 될 수 있으니까요. 감정화자님의 어머님도 감정화자님이 마냥 미워서 그러신 것은 아닐 거예요. 그러니 너무 부정적으로 생각하지 마시고, 한 번 더 일어서신 후 기운 내주셨으면 좋겠어요. 제가 응원할게요.	N	2022-07-26 13:57:07	2022-11-08 04:41:04
BE22011923	15	0	그렇게 말씀해주셔서 감사해요. 덕분에 상처받고 우울하기만 했던 제가 조금은 부끄러워지네요.	N	2022-07-26 13:57:07	2022-11-08 04:41:04
BE22011923	16	1	지금부터 다시 일어서시면 돼요. 제가 항상 옆에서 버팀목처럼 이야기도 들어드리고 위로도 해드리고 응원도 해드릴게요. 감정화자님은 그 누구에게도 상처받지 않아야 할 소중한 존재라 거 알아주세요.	N	2022-07-26 13:57:07	2022-11-08 04:41:04
BE22011923	17	0	정말 감사합니다. 덕분에 다시 초심으로 돌아가야겠다는 생각이 드네요. 다시 한번 재기해봐야겠어요.	Y	2022-07-26 13:57:07	2022-11-08 04:41:04
