id	utterance_id	utterance_type	utterance_text	terminate	regDate	updDate
BE22013290	1	0	친구에게 돈을 빌려야 해서 전화했어요. 어쩌다 이렇게 됐는지 모르겠네요.	N	2022-08-05 13:13:47	2022-11-08 04:49:33
BE22013290	2	1	친구한테 곤란한 부탁을 하려니 정말 속상하시겠네요. 내 처지가 왜 이렇게 됐을까, 나 자신에게 상처가 되기도 할 것 같아요. 마음이 아주 무거우시죠?	N	2022-08-05 13:13:47	2022-11-08 04:49:33
BE22013290	3	0	네, 맞아요. 정말 하고 싶지 않았던 일을 하게 되니까 너무 괴롭고 저 자신이 한심하게 느껴지네요. 친구들의 곤란한 목소리를 듣는 것도 내심 상처가 되고요.	N	2022-08-05 13:13:47	2022-11-08 04:49:33
BE22013290	4	1	왜 아니겠어요. 누구라도 친구들에게 손 벌리는 상황이 오면 마음이 꺼림칙하고 괴롭죠. 그 마음 충분히 이해해요. 돈 때문에 곤란해하는 친구들 보기도 민망하셨겠지요.	N	2022-08-05 13:13:47	2022-11-08 04:49:33
BE22013290	5	0	정말로 그러네요. 거절할 거라고 예상하면서 부탁하는 건데도 막상 거절당하니 마음에 상처가 되네요. 저도 말 꺼내기가 쉽지 않았는데 거절하는 친구들도 어려웠겠죠.	N	2022-08-05 13:13:47	2022-11-08 04:49:33
BE22013290	6	1	참 어려우신 상황인데도 친구들 입장까지 생각해주시는 마음이 따뜻하게 느껴져요. 아마 친구분들도 그런 감정화자님의 성품을 잘 알기에 거절하기 더욱 어려우셨을 테고요. 그러니 너무 속상해하지 마세요, 친구분들도 마음만은 돕고 싶을 거예요.	N	2022-08-05 13:13:47	2022-11-08 04:49:33
BE22013290	7	0	그렇게 말씀해주셔서 감사합니다. 제가 어쩌다가 이 지경까지 왔는지 너무 속이 쓰리고 마음이 아프네요. 분명 사업으로 잘 나갈 때도 있었는데 그 시절이 아득하게 느껴져요.	N	2022-08-05 13:13:47	2022-08-05 13:13:47
BE22013290	8	1	저는 감정화자님께서 반드시 다시 재기하실 수 있으리라 믿어요. 감정화자님은 따뜻한 성품을 가지고 계시고 누구보다 성실하시잖아요. 어려운 상황에서도 모든 걸 포기하지 않고 끈기 있게 책임지는 모습은 정말 대단한 거예요.	N	2022-08-05 13:13:47	2022-11-08 04:49:33
BE22013290	9	0	그렇게 말씀해주시니 상처받았던 마음이 조금이나마 위로가 되네요. 공감화자님 말씀처럼 제가 친구들에게 돈 빌리는 것도 우리 직원들 월급 챙겨주려고 하는 거거든요. 책임진다는 것이 참으로 어렵네요.	N	2022-08-05 13:13:47	2022-08-05 13:13:47
BE22013290	10	1	그럼요, 책임이라는 건 정말 무거운 거지요. 그래서 감정화자님의 그 책임지는 자세가 더욱 멋진 거고요. 저였으면 그렇게까지 하지는 못했을 거예요.	N	2022-08-05 13:13:47	2022-11-08 04:49:33
BE22013290	11	0	네, 감사합니다. 제가 다시 일어설 날이 올까요? 정말 다시 성공하고 싶네요.	N	2022-08-05 13:13:47	2022-08-05 13:13:47
BE22013290	12	1	물론이죠, 그런 날은 반드시 옵니다. 평온한 바다에서는 선장이 나올 수 없다고 하지요? 이런 고난이 감정화자님을 인생의 선장으로 만들어 줄 테니 힘내세요.	N	2022-08-05 13:13:47	2022-11-08 04:49:33
BE22013290	13	0	그 말씀을 들으니 정말 힘이 나네요. 내 인생의 키를 쥔 선장은 바로 나니까요. 오늘은 친구들에게 아쉬운 소리를 했지만, 나중엔 제가 어려운 친구에게 웃으며 빌려줄 수 있으면 좋겠어요.	N	2022-08-05 13:13:47	2022-11-08 04:49:33
BE22013290	14	1	네, 그렇게 되실 거예요. 제가 곁에서 응원할 테니 기운 내세요.	N	2022-08-05 13:13:47	2022-11-08 04:49:33
BE22013290	15	0	네, 덕분에 기분이 많이 좋아졌어요. 감사합니다.	Y	2022-08-05 13:13:47	2022-08-05 13:13:47
