id	utterance_id	utterance_type	utterance_text	terminate	regDate	updDate
BE22013674	1	0	나 최근에 너무 상처받는 일이 있었어. 회의 때 메모를 하고 있었는데, 부장님이 내 글씨체를 보고는 미취학아동 글씨체 같다고 고치라고 하더라고. 그때 정말 충격받았어.	N	2022-08-10 01:12:17	2022-08-10 01:12:17
BE22013674	2	1	정말 충격이 컸겠다. 살면서 글씨체에 대한 생각을 할 일이 많지 않잖아. 갑자기 글씨체 지적을 받으면 나라도 정말 기가 죽었을 거 같아.	N	2022-08-10 01:12:17	2022-11-08 04:51:57
BE22013674	3	0	맞아. 정말 자신감을 잃어서, 글씨를 써야 되는 순간에 주눅 들게 되더라. 그래서 요즘은 글씨체를 고치려고 노력 중이야. 근데 쉽지 않아서, 또다시 글씨체로 지적받을까 봐 내 글씨를 드러내는 게 두려울 정도야.	N	2022-08-10 01:12:17	2022-08-10 01:12:17
BE22013674	4	1	나라도 그런 일로 지적받으면 정말 신경 쓰이고 속상했을 것 같아. 매번 글씨를 쓸 때마다 그 지적이 생각나서 상처받을 거 아냐. 네가 힘들어할 걸 생각하면 내 마음이 다 아프다.	N	2022-08-10 01:12:17	2022-11-08 04:51:57
BE22013674	5	0	응. 그때는 급하게 쓰느라 글씨를 날려 적었거든. 부장님께 지적을 들은 뒤로는 누가 내 글씨체를 보고 흉을 볼까 봐 항상 걱정되더라. 그래서 글씨체를 교정하려고 책도 사서 보면서 연습 중이야.	N	2022-08-10 01:12:17	2022-08-10 01:12:17
BE22013674	6	1	그랬구나. 네가 얼마나 고민하고 걱정했을지 보여서 정말 안쓰럽게 느껴진다. 그래도 글씨체 교정은 네게도 좋은 일이라 오히려 좋은 기회라고 생각해도 좋을 것 같아. 나도 글씨가 예쁜 사람을 보면 멋있다는 생각이 들거든.	N	2022-08-10 01:12:17	2022-11-08 04:51:57
BE22013674	7	0	나도 그랬어. 항상 글씨체를 예쁘게 바꾸고 싶다고 생각만 했었는데, 도전을 하기가 어려웠어. 솔직히 이런 조그마한 일도 제대로 도전을 못하는 내가 한심하게 느껴지더라. 덕분에 부장님께 크게 상처도 받고 말이야.	N	2022-08-10 01:12:17	2022-08-10 01:12:17
BE22013674	8	1	마음먹는 게 실천보다 더 어렵다고 하잖아. 이 일을 통해 네가 더 발전할 수 있는 기회가 될 수 있지 않을까? 좋지 않은 일이 생겼을 때, 최선을 다하면 일이 더 잘 풀릴 수 있다고 하잖아.	N	2022-08-10 01:12:17	2022-11-08 04:51:57
BE22013674	9	0	맞아. 이번에는 꼭 예쁜 글씨체로 글을 쓰는 법을 터득해서 부장님 앞에서 당당하게 메모를 쓰겠어. 네 덕분에 큰 위안이 되었어. 내가 노력하는 모습을 알아주는 사람이 있어서 자신감이 조금 생기려고 해.	N	2022-08-10 01:12:17	2022-08-10 01:12:17
BE22013674	10	1	네가 자신감 넘치는 모습이 정말 보기 좋다. 그리고 상처를 전화위복 삼아 노력하는 모습도 정말 멋지다고 생각해. 이참에 멋진 글씨체로 변화시켜서 네게 상처를 준 부장님 코를 납작하게 만들어주자.	N	2022-08-10 01:12:17	2022-11-08 04:51:57
BE22013674	11	0	네 말을 들으니 더 의지가 활활 타오른다. 더 열심히 연습할 수 있는 계기가 되어주는걸. 원래의 글씨체는 기억도 안 날 정도로 변화를 보여주도록 노력해야겠어.	N	2022-08-10 01:12:17	2022-08-10 01:12:17
BE22013674	12	1	정말 좋은 자세다. 그래, 그 정도의 의지라면 빠르게 성장할 수 있을 거야. 위기를 발전의 기회로 삼는 내 친구가 대견하다.	N	2022-08-10 01:12:17	2022-08-10 01:12:17
BE22013674	13	0	고마워. 너와 이야기하면 언제나 힘인 나는 것 같아. 네게 정말 좋은 친구가 있다는것에 항상 감사해.	N	2022-08-10 01:12:17	2022-08-10 01:12:17
BE22013674	14	1	나도 네가 좋은 친구라고 생각해. 그래서 네가 궂은일 겪지 않고, 일이 잘 풀리길 바라. 내가 뒤에서 있는 힘껏 응원해 줄게.	N	2022-08-10 01:12:17	2022-11-08 04:51:57
BE22013674	15	0	항상 칭찬해 주고 격려하고 응원해 줘서 고마워. 너도 하는 일마다 잘 풀리길 바라.	Y	2022-08-10 01:12:17	2022-08-10 01:12:17
