id	utterance_id	utterance_type	utterance_text	terminate	regDate	updDate
BE22013538	1	0	공감화자야, 방금 여자 친구 만나고 왔는데, 너무 충격이라 털어놓을 사람이 너밖에 없다. 잘 얘기해 보려고 만난 건데, 쉽지 않네.	N	2022-08-09 02:18:29	2022-11-08 04:51:04
BE22013538	2	1	여자 친구가 헤어지자고 했던 마음이 변하지 않는 거야? 잘 얘기하고 다시 화해하고 올 줄 알았는데, 네가 심란할 만하네.	N	2022-08-09 02:18:29	2022-11-08 04:51:04
BE22013538	3	0	나도 그럴 수 있을 줄 알고 기대하고 갔는데 생각이 완전히 다르더라고. 그냥 본인 말에 너무 순응적인 내 성격이 싫증이 난대. 내가 바란 대화는 이런 게 아니었는데 진짜 너무 상처더라.	N	2022-08-09 02:18:29	2022-08-09 02:18:29
BE22013538	4	1	와, 정말 충격받았겠다! 사랑하는 사람 입에서 그런 말을 들으면 어떤 느낌일지 감히 상상도 안 돼. 심지어 너는 헤어지려는 마음이 아니라 잘 해보려고 간 거라서 더 충격이었겠다.	N	2022-08-09 02:18:29	2022-11-08 04:51:04
BE22013538	5	0	그러니까. 그 말을 듣는데 순간 넋이 나가는 느낌이더라고. 그냥 내가 싫다는 말인데 뭘 더 어떻게 해보겠어. 화해해서 더 만남을 이어가도 서로한테 상처만 줄 것 같더라고.	N	2022-08-09 02:18:29	2022-08-09 02:18:29
BE22013538	6	1	나 같아도 내가 방금 뭘 들은 거지 싶을 것 같아. 네가 마음을 많이 줬던 만큼 상처가 클 것 같아서 너무 걱정이야. 네 딴에는 잘 해주려고 여자 친구한테 맞춰줬던 걸 텐데 이렇게 비수로 돌아와서 나까지 마음이 아프다.	N	2022-08-09 02:18:29	2022-11-08 04:51:04
BE22013538	7	0	내 말이. 많이 좋아하니까 그만큼 잘해주고 싶어서 내 딴엔 노력했던 건데. 가고 싶다는 곳 가려고 하고 먹고 싶다는 것 먹으려고 했던 건데 너무 허무해. 내 마음을 조금만 알아줬다면 이런 내 성격에 싫증이 난단 말은 못 할 텐데.	N	2022-08-09 02:18:29	2022-08-09 02:18:29
BE22013538	8	1	네 말대로 네 마음을 너무 알아주지 못한 것 같아. 반대로 생각하면 너는 잘못한 게 없다는 거 아니겠어? 충격받고 배신당한 기분이 드는 건 어쩔 수 없겠지만 최소한 자책할 필요는 없을 것 같아.	N	2022-08-09 02:18:29	2022-11-08 04:51:04
BE22013538	9	0	그렇겠지? 내가 너무 나 자신을 버려가면서까지 맞춰줬나 싶어서 연애 기간을 돌아보게 되더라고. 내 매력을 깎아 먹는 행동이었다는 걸 알았다면 진작 나도 내 주장대로 했을 텐데 싶어서.	N	2022-08-09 02:18:29	2022-08-09 02:18:29
BE22013538	10	1	그럼. 그리고 누군가한테는 너처럼 다정한 행동과 배려가 매력을 높이는 포인트일 수도 있어. 행동 자체만 놓고 봤을 때는 절대 비난받을 수 없는 행동이잖아? 그냥 여자 친구랑 너랑 안 맞았을 뿐이지 네 행동이 잘못된 건 전혀 아니야.	N	2022-08-09 02:18:29	2022-11-08 04:51:04
BE22013538	11	0	그런 거면 그나마 다행이야. 이런 말을 들으니까 내가 다시 누구를 만나서 연애할 수 있을까 싶더라고. 내가 잘해주고 싶어서 했던 행동이 예상하지 못한 결과로 다가와서 충격받았나 봐.	N	2022-08-09 02:18:29	2022-08-09 02:18:29
BE22013538	12	1	의도와 예측에서 그렇게 빗나간 결과가 돌아오면 누군들 안 놀라겠어. 네가 그만큼 이 관계에 있어서 진심이었다는 거 아닐까? 너는 할 만큼 했으니까 미련이나 죄책감 가지지 않았으면 좋겠어.	N	2022-08-09 02:18:29	2022-11-08 04:51:04
BE22013538	13	0	나도 그렇게 생각하려고 노력해야겠다. 이 상처에서 빨리 벗어날 수 있으면 좋겠어.	N	2022-08-09 02:18:29	2022-11-08 04:51:04
BE22013538	14	1	그럴 수 있고말고. 네 마음의 진가를 알아봐 주는 사람이 분명히 있을 거야.	N	2022-08-09 02:18:29	2022-11-08 04:51:04
BE22013538	15	0	위로해 줘서 고마워. 충격받은 마음이 좀 진정이 된다.	Y	2022-08-09 02:18:29	2022-11-08 04:51:04
