id	utterance_id	utterance_type	utterance_text	terminate	regDate	updDate
BE22013426	1	0	우리 남편 너무 변한 거 같아. 예전에는 안 그랬는데 이제 집에 오면 피곤하다고 잠만 잔다. 그런 모습을 보면 마음이 아프고 상처받아.	N	2022-08-08 01:19:20	2022-08-08 01:19:20
BE22013426	2	1	어머나, 너희 남편처럼 자상하고 너를 살뜰히 챙기는 사람이 없었는데. 네가 너무 충격적이겠다. 나라면 애정이 식은 거 같아서 상처받을 거 같아, 너 마음이 어때 괜찮아?	N	2022-08-08 01:19:20	2022-11-08 04:50:23
BE22013426	3	0	응 한두 번 그럴 때는 진짜 많이 피곤한가 보다 하고 말았는데. 이게 일주일째 되니까 이제는 너무 슬퍼서 자꾸 눈물이 나와.	N	2022-08-08 01:19:20	2022-08-08 01:19:20
BE22013426	4	1	우리 남편이 그렇게 한다면, 나도 눈물이 나고 슬플 거 같아. 솔직히 말하면 나에 대한 애정이 식었나 싶어서 상처받았을 거 같아. 너 마음 어떨지 예상이 돼서 너무 마음이 아프다.	N	2022-08-08 01:19:20	2022-08-08 01:19:20
BE22013426	5	0	응, 나도 너 문자처럼 너무 눈물이 나고. 이제는 의심까지 들어. 나에 대한 사랑이 식은 건 아닌가 싶고 배신감까지 느껴져.	N	2022-08-08 01:19:20	2022-08-08 01:19:20
BE22013426	6	1	충분히 그런 마음이 들 거 같아. 평소에 안 하던 사람이 그러면 그러려니 하는데. 너희 남편은 정말 너를 많이 챙기고 퇴근해서 집에 오면 모든 걸 함께 했잖아.	N	2022-08-08 01:19:20	2022-11-08 04:50:23
BE22013426	7	0	응, 며칠 전까지만 해도 퇴근하면 내 옆에 딱 달라붙어서 모든 걸 같이 했어. 그런데 일주일째 집에 오면 힘들고 피곤하다면서 저녁도 안 먹고 잠만 자는 거야. 뭔가 너무 마음이 아프고 남편이 날 배신한 거 같은 기분이야.	N	2022-08-08 01:19:20	2022-08-08 01:19:20
BE22013426	8	1	네가 느끼는 감정은 너무나도 당연한 거야 전혀 이상하지 않아. 남편이 갑작스럽게 확 변한다면 누구나 너 같은 감정을 느낄 거야. 네가 너무 걱정된다.	N	2022-08-08 01:19:20	2022-11-08 04:50:23
BE22013426	9	0	그래도 너랑 얘기를 하면서 상처가 조금씩 괜찮아지는 거 같아.	N	2022-08-08 01:19:20	2022-08-08 01:19:20
BE22013426	10	1	마음이 괜찮아진다고 하니 너무 다행이다. 네가 상처받고 배신당했다고 느끼는 것보다는 남편이랑 얘기를 좀 해보면 좋을 거 같아. 힘든 상태일 수도 있을 거 같아, 너희 남편 널 사랑하는 거 모르는 사람이 없잖아.	N	2022-08-08 01:19:20	2022-11-08 04:50:23
BE22013426	11	0	문자 나누며 생각해 보니. 정말 나 혼자 상처받고 배신당한 기분에 둘러싸여 있는 것보단 말해보는 게 좋을 거 같아.	N	2022-08-08 01:19:20	2022-08-08 01:19:20
BE22013426	12	1	그럼 그럼, 너희 남편분 너를 정말 많이 아끼고 사랑하잖아. 솔직히 나는 너희 부부 보면서 얼마나 부럽고 본받아야겠다고 생각했는지 몰라. 남편분이 너를 사랑하는 모습이 옆에서 지켜보기만 해도 느껴지더라고.	N	2022-08-08 01:19:20	2022-11-08 04:50:23
BE22013426	13	0	그래? 정말이야? 너 얘기 듣고 보니 정말 우리 남편이 나를 많이 사랑하긴 해. 진짜 요즘 많이 힘들어서 피곤하다며 집에 오면 잠만 잔 거 같기도 해. 너랑 얘기하길 너무 잘했다 상처받았던 마음이 많이 풀려.	N	2022-08-08 01:19:20	2022-11-08 04:50:23
BE22013426	14	1	너 마음이 많이 편안해졌다고 하니 다행이야. 혹시 또 힘들거나 속상한 일이 있으면 언제든 연락해.	N	2022-08-08 01:19:20	2022-11-08 04:50:23
BE22013426	15	0	그래도 너랑 문자 나누니까. 남편이 피곤하다고 집에 오면 잠만 자는 모습에 상처받고 있었는데. 마음이 많이 편안해졌어. 고마워.	Y	2022-08-08 01:19:20	2022-11-08 04:50:23
