id	utterance_id	utterance_type	utterance_text	terminate	regDate	updDate
BE22012687	1	0	오늘따라 내 신세가 너무나 처량해 보이네. 내 상황이 나한테 정말 상처가 되네.	N	2022-08-01 07:10:04	2022-11-08 04:45:47
BE22012687	2	1	무슨 일이라도 있어?	N	2022-08-01 07:10:04	2022-11-08 04:45:47
BE22012687	3	0	가스비 때문에 방에만 전기요 틀고 두꺼운 이불 덮고 자는데 괜히 눈물 나더라. 그깟 돈이 뭐길래 나는 이러고 있나 싶어서. 내 삶이 이렇게 고통스럽게 느껴진 적이 처음이야.	N	2022-08-01 07:10:04	2022-11-08 04:45:47
BE22012687	4	1	나도 모르게 눈물이 울컥 나오네. 가스요금 그게 얼마나 너를 힘들게 했으면 네가 그런 선택을 했겠니. 고통스러운 마음이 절로 느껴져서 정말 속상하다.	N	2022-08-01 07:10:04	2022-11-08 04:45:47
BE22012687	5	0	자고 일어나면 방에 온기는 없고 코는 시려. 이 꼴로 사는 내가 너무 싫어지더라. 삶에 이리저리 치어서 상처가 난 것 같은 느낌이야.	N	2022-08-01 07:10:04	2022-11-08 04:45:47
BE22012687	6	1	돈 걱정 때문에 그런 상황에 부닥친다면 나라도 정말 비참한 기분이 들 것 같아. 냉골인 방에서 잘 너를 생각하면 가슴이 미어지는 느낌이야.	N	2022-08-01 07:10:04	2022-11-08 04:45:47
BE22012687	7	0	이렇게 아껴서 돈을 모으는 게 과연 맞느냐 하는 의구심도 들어. 남들이 보기에는 정말 이해 못 할 상황일지도 몰라.	N	2022-08-01 07:10:04	2022-11-08 04:45:47
BE22012687	8	1	네가 고심해서 내린 결정이잖아, 네 방법이 결코 틀린 것이 아니라고 생각해. 더 나은 미래를 위한 너의 선택이니까 괜찮아.	N	2022-08-01 07:10:04	2022-11-08 04:45:47
BE22012687	9	0	하루가 이렇게 불행한데 미래가 중요할까? 처음에 원대한 목표를 세웠던 내가 너무나 아득해. 지금 나는 이렇게 초라한데 말이지.	N	2022-08-01 07:10:04	2022-11-08 04:45:47
BE22012687	10	1	지금 와서 너의 그 선택을 바꾼다 해도 아무도 너를 뭐라고 할 수는 없어. 네가 마음이 편한 쪽으로 가는 게 맞을 것 같아. 난 네가 아프지 않고 현재를 즐겼으면 좋겠어.	N	2022-08-01 07:10:04	2022-11-08 04:45:48
BE22012687	11	0	네 말 들으니 정신이 번쩍 든다. 난 이제껏 너무 나 자신에게 엄격했던 것 같아. 그래 조금은 나를 위해 현재를 살아야겠어.	N	2022-08-01 07:10:04	2022-11-08 04:45:48
BE22012687	12	1	잘 생각했어, 미래도 정말 중요하지만, 현재가 없으면 미래도 없잖아. 너를 소중히 여기고 아낄 수 있는 방향으로 가자.	N	2022-08-01 07:10:04	2022-11-08 04:45:48
BE22012687	13	0	응, 오늘은 보일러를 틀고 잘래. 나 자신을 조금 더 아끼고 사랑해야겠어.	N	2022-08-01 07:10:04	2022-11-08 04:45:48
BE22012687	14	1	너의 마음이 편해진 것 같아서 다행이야. 내가 너를 사랑하는 만큼 너도 너를 사랑해줘.	Y	2022-08-01 07:10:04	2022-11-08 04:45:48
