id	utterance_id	utterance_type	utterance_text	terminate	regDate	updDate
BE22011345	1	0	오늘 너무 상처가 되는 일이 있었어.	N	2022-07-24 13:52:04	2022-11-08 04:37:18
BE22011345	2	1	왜? 무슨 일인데? 누가 너를 상처받게 했어?	N	2022-07-24 13:52:04	2022-11-08 04:37:18
BE22011345	3	0	우리 아이가 장애를 가지고 태어났잖아. 근데 그걸 이유로 나와 아이를 모욕하는 사람이 있었거든. 그래서 그게 너무 마음에 상처가 됐어.	N	2022-07-24 13:52:04	2022-11-08 04:37:18
BE22011345	4	1	듣는 나도 이렇게 속상하고 상처받았는데 너는 얼마나 상처받았겠니. 네가 그 상황에서 상처받았을 생각 하니까 너무 화가 나고 나도 마음이 안 좋네.	N	2022-07-24 13:52:04	2022-11-08 04:37:18
BE22011345	5	0	응. 아이를 데리고 대중교통을 탔는데 아이가 장애가 있다 보니까 예절을 지키지 못하고 소란스럽게 굴었거든. 그래서 양해를 구했는데 어떤 사람이 왜 그런 아이를 데리고 뻔뻔하게 대중교통을 타냐고 하는 거야. 차마 입에 담지 못 할 말들을 퍼붓는데 상처받아서 눈물이 나올 것 같았어.	N	2022-07-24 13:52:04	2022-11-08 04:37:18
BE22011345	6	1	양해까지 구한 상황에서 그런 얘기를 들으면 당연히 속상하고 상처받지. 그 사람이 그때 그냥 본인 기분이 나빠서 그런 말을 했던 거일 거야. 그러니까 그 사람의 말을 귀담아듣고 상처받을 필요 없어. 그냥 흘려버리자.	N	2022-07-24 13:52:04	2022-11-08 04:37:18
BE22011345	7	0	하지만 그 사람의 말이 계속 귀에서 반복해서 들리는 것 같아. 예전에도 이런 일이 있어서 상처가 되살아나는 것 같아. 영원히 상처에서 벗어나지 못할 것만 같아.	N	2022-07-24 13:52:04	2022-11-08 04:37:18
BE22011345	8	1	상처를 극복하는 첫 번째 순서는 그 상처를 드러내는 것이라고 생각해. 예전과는 다르게 지금은 너도 너의 상처를 먼저 얘기하고 있잖아. 지금이 상처를 극복하는 과정이라고 생각하자.	N	2022-07-24 13:52:04	2022-11-08 04:37:18
BE22011345	9	0	그런가? 그렇게 말해줘서 고마워. 그동안 이런 상황이 있을 때마다 계속 내가 아이를 보호해주지 못하고 못난 부모라는 생각이 들었거든. 그런 생각이 들 때면 그런 생각에 또 내가 상처를 받기도 했어.	N	2022-07-24 13:52:04	2022-11-08 04:37:18
BE22011345	10	1	너만큼 아이를 사랑하고 아끼는 부모가 어디 있다고 그래. 너는 아이를 위해서 많은 경험도 시켜주려고 하고 할 수 있는 모든 걸 해주려고 하잖아. 너는 누구보다 훌륭한 부모니까 그런 자책하지 않아도 돼.	N	2022-07-24 13:52:04	2022-11-08 04:37:18
BE22011345	11	0	그렇게 말해줘서 정말 고마워. 네가 그렇게 얘기해주니까 좀 기분이 나아지는 것 같아.	N	2022-07-24 13:52:04	2022-11-08 04:37:18
BE22011345	12	1	다행이야. 넌 항상 잘 해오고 있고, 앞으로도 잘 해낼 거니까 너무 의기소침해하지 마. 그 과정에서 다른 사람들이 너를 속상하게 하는 말을 한다면 그때는 넘겨버리는 거야. 그런 말들에 상처받으면 너만 힘들잖아.	N	2022-07-24 13:52:04	2022-11-08 04:37:18
BE22011345	13	0	맞아. 네 덕분에 더 잘 해낼 수 있을 것 같아. 앞으로는 그런 사람들에게 보란 듯이 더 잘 살겠다는 생각을 가져야겠어.	N	2022-07-24 13:52:04	2022-11-08 04:37:18
BE22011345	14	1	좋은 생각이야. 또 고민 있으면 항상 나한테 말해. 들어줄게. 항상 나는 네 편이라는 거 잊지 마.	N	2022-07-24 13:52:04	2022-11-08 04:37:18
BE22011345	15	0	정말 고마워. 네가 있어서 너무 든든해.	Y	2022-07-24 13:52:04	2022-11-08 04:37:18
