id	utterance_id	utterance_type	utterance_text	terminate	regDate	updDate
BE22006201	1	0	어제 제 이마에 상처 있는 거 보고 놀라셨죠? 흉터 때문에 늘 앞머리를 내리고 다니는데 그만 그쪽한테 보이고 말았네요.	N	2022-07-05 03:51:05	2022-11-08 04:04:17
BE22006201	2	1	놀란 거보다 기분이 좀 그랬어요. 흉이 그렇게 남을 정도면 정말 많이 다쳤을 텐데 얼마나 힘들었을까, 그 생각을 했어요.	N	2022-07-05 03:51:05	2022-11-08 04:04:17
BE22006201	3	0	네, 사실 많이 힘들었어요. 어릴 때는 그게 나의 가장 큰 약점이었어요. 그거 때문에 늘 기가 죽어 있었지요.	N	2022-07-05 03:51:05	2022-11-08 04:04:17
BE22006201	4	1	어른이 된 지금도 그런데 어릴 때는 얼마나 더 견디기 힘들었겠어요? 몸에 작은 흉터만 있어도 가리게 되는 게 사람 심리잖아요. 그런데 하필 얼굴이라 더 신경 쓰이고 주눅 들었을 거 같아요.	N	2022-07-05 03:51:05	2022-11-08 04:04:17
BE22006201	5	0	어릴 때 넘어지면서 돌에 이마를 찧었거든요. 요즘 같으면 성형수술이라도 했을 텐데 형편이 안 좋아 그러지 못했어요. 치료도 제대로 못 받는 바람에 흉터가 더 크게 남았지요.	N	2022-07-05 03:51:05	2022-11-08 04:04:17
BE22006201	6	1	에궁, 그저 가난이 죄지요. 다친 것도 괴로운데 치료도 못 받았다니 얼마나 서글펐겠어요?	N	2022-07-05 03:51:05	2022-11-08 04:04:17
BE22006201	7	0	항생제도 제대로 못 써서 상처가 덧나는 바람에 한동안 고생했지요. 청소년기에는 이마 흉터 때문에 제 존재가 너무 싫었어요. 그냥 연기처럼 이 세상에서 사라지고 싶었지요.	N	2022-07-05 03:51:05	2022-11-08 04:04:18
BE22006201	8	1	한창 꿈 많을 나이에 그런 흉터가 있었으니 왜 안 그랬겠어요? 청소년기는 한창 외모에 신경 쓸 나이니 자괴감이 더 심했을 거예요. 저라도 당연히 그런 마음을 먹었겠지요.	N	2022-07-05 03:51:05	2022-11-08 04:04:18
BE22006201	9	0	그때는 앞머리로 이마를 가리는 일에 온 힘을 다 쏟았어요. 그거 때문에 공부를 신경 쓰지 못한 게 정말 아쉬워요. 지금 생각하면 내가 너무 바보 같은 짓을 한 거 같아요.	N	2022-07-05 03:51:05	2022-11-08 04:04:18
BE22006201	10	1	공부할 나이에 다른 데 정신이 팔려 있었다는 건 안타까운 노릇이지요. 그렇지만 그런 상황이면 누구라도 온전히 공부에만 정신을 쏟을 수 없었을 거예요. 그러니 지난 일로 너무 자책하지 마세요.	N	2022-07-05 03:51:05	2022-11-08 04:04:18
BE22006201	11	0	하긴, 그때 같은 반 아이들도 한창 외모에 신경을 쓸 때였지요. 화장품을 학교로 가져와 쉬는 시간에 발랐다 지우는 게 일과였어요. 저는 이마의 상처 때문에 화장 같은 건 꿈도 못 꿨지요.	N	2022-07-05 03:51:05	2022-11-08 04:04:18
BE22006201	12	1	한 번의 사고로 좋을 시절을 고통 속에 보내셨네요. 생각하면 너무 원통한 일이지만 어쩌겠어요? 	N	2022-07-05 03:51:05	2022-11-08 04:04:18
BE22006201	13	0	네, 시간이 약이라고 세월이 지나면서 저도 많이 무뎌졌어요. 평상시는 잊고 지내는데 어쩌다 이렇게 감정이 소용돌이칠 때가 있어요. 그래서 하소연을 한번 해봤네요.	N	2022-07-05 03:51:05	2022-11-08 04:04:18
BE22006201	14	1	제 생각에는, 어릴 때 겪은 일이 액땜이 된 거 같아요. 그 뒤로는 크게 어려운 일 겪지 않은 걸로 알고 있어요. 앞으로의 삶에도 그 일이 액땜이 되어 좋은 일만 가득하길 빌어요.	N	2022-07-05 03:51:05	2022-11-08 04:04:18
BE22006201	15	0	듣고 보니 그 말씀이 맞는 거 같아요. 정말 그 일이 액땜이 되었는지 그 후로는 별일 없이 잘 살았어요. 액땜이라는 말씀 덕분에 제 마음의 구름이 순식간에 걷혔어요. 감사합니다.	Y	2022-07-05 03:51:05	2022-11-08 04:04:18
