id	utterance_id	utterance_type	utterance_text	terminate	regDate	updDate
BE22011218	1	0	나 요즘에 하루에 물 2리터씩 마셔. 다이어트하려고.	N	2022-07-23 16:15:45	2022-11-08 04:36:30
BE22011218	2	1	갑자기 웬 다이어트? 네가 뭐 할 게 있다고 그래?	N	2022-07-23 16:15:45	2022-11-08 04:36:30
BE22011218	3	0	나 지난주에 소개팅한 건 알고 있지? 나는 그 사람이 마음에 들었는데, 주선자한테 내가 너무 뚱뚱해서 별로라고 했다는 거야. 내 앞에서는 자상하고 예의 바르게 굴더니 어떻게 뒤에서 뒤통수를 치는지 상처야.	N	2022-07-23 16:15:45	2022-11-08 04:36:30
BE22011218	4	1	아니, 대놓고 뚱뚱하다고 하는 무례한 사람이 있다니 믿을 수가 없네. 정말 상처받았겠다.	N	2022-07-23 16:15:45	2022-11-08 04:36:30
BE22011218	5	0	누가 아니라니? 정말 너무 상처받아서 그 얘기 듣는데 눈물이 안 멈추더라. 너무 충격받고 상처받았어. 나는 내가 뚱뚱하다는 생각을 해본 적이 없거든.	N	2022-07-23 16:15:45	2022-11-08 04:36:30
BE22011218	6	1	그런 생각을 할 필요가 없지, 감정 화자님은 그렇게 뚱뚱해 보이지 않으니까. 아무도 뚱뚱하다고 생각하지 않을 거야. 그런 개념 없는 사람이 한 말은 신경 쓰지 마.	N	2022-07-23 16:15:45	2022-11-08 04:36:30
BE22011218	7	0	공감 화자님 말이 맞아. 그냥 무례한 사람이 한 무례한 말인데, 왜 이렇게 가슴에 비수처럼 꽂히는지 몰라.	N	2022-07-23 16:15:45	2022-11-08 04:36:30
BE22011218	8	1	얼마나 상처받았을지 감히 상상도 안 되고, 내가 다 속상해서 마음이 찢어지는 것 같아. 너무너무 마음이 아팠지? 많이 힘들고 괴로웠겠다.	N	2022-07-23 16:15:45	2022-11-08 04:36:30
BE22011218	9	0	정말 큰 상처였어. 내심 내가 스스로 뚱뚱하다는 생각이 들어서 더 상처였던 게 아닐까? 괜히 뚱뚱하다는 말에 찔려서 말이야.	N	2022-07-23 16:15:45	2022-11-08 04:36:30
BE22011218	10	1	속상한 마음은 충분히 이해하지만 감정 화자님 뚱뚱하지 않아. 잘못된 사실에 마음이 다치지 않았으면 좋겠어. 감정 화자님이 상처받고 슬퍼하면 나도 마음이 너무 아파.	N	2022-07-23 16:15:45	2022-11-08 04:36:30
BE22011218	11	0	위로해줘서 고마워. 그 말을 듣고 위축이 많이 됐었는데, 마음이 좀 편해졌어. 공감 화자님이 나를 이렇게 위해주니 참 좋다.	N	2022-07-23 16:15:45	2022-11-08 04:36:30
BE22011218	12	1	감정 화자님은 소중하고 멋진 사람이야. 그러니 그런 말에 휘둘리지 말고, 자신을 사랑하도록 해. 감정 화자님은 충분히 사랑받을 가치가 있는 사람이야.	N	2022-07-23 16:15:45	2022-11-08 04:36:30
BE22011218	13	0	고마워, 그 말을 들으니 참 기분이 좋아졌어. 속상한 마음이 많이 해소가 됐어. 다이어트는 다시 생각해볼까 봐.	N	2022-07-23 16:15:45	2022-11-08 04:36:30
BE22011218	14	1	그래, 물 2리터 마시는 것 좋기는 한데 다이어트로 하지는 마. 감정 화자님이 다이어트로 스트레스받지 않았으면 해. 그렇게 하지 않아도 감정 화자님은 아주 아름다워.	N	2022-07-23 16:15:45	2022-11-08 04:36:30
BE22011218	15	0	고마워, 따뜻한 말에 행복해진다. 정말 고마워!	Y	2022-07-23 16:15:45	2022-11-08 04:36:30
