id	utterance_id	utterance_type	utterance_text	terminate	regDate	updDate
BE22014123	1	0	공감화자님, 한 달째 밥을 제대로 먹지 못해 5kg이나 빠진 거 있죠. 남자 친구의 갑작스러운 이별 통보가 생각보다 큰 상처였나 봐요.	N	2022-08-13 21:04:24	2022-11-08 04:54:53
BE22014123	2	1	저런 짧은 시간에 너무 많이 빠졌어요. 감정화자님 건강이 염려되네요. 6년을 넘게 사귀었는데 상처로 남는 게 당연하죠.	N	2022-08-13 21:04:24	2022-11-08 04:54:53
BE22014123	3	0	생각지도 못한 이별을 겪고, 식욕이 너무 떨어져 맛있는 게 하나도 없더라고요. 생활할 수 있는 만큼 먹는 일도 고통스러웠어요. 그 사람의 이별 방식이 지금 생각하면 너무 충격적이고, 큰 상처에요.	N	2022-08-13 21:04:24	2022-11-08 04:54:53
BE22014123	4	1	그럼요, 그런 상황에서 상처받지 않을 사람은 누구도 없을 거예요. 전 그때 감정화자님께 무슨 큰일이라도 생길까 싶어 얼마나 걱정이 많았는지 몰라요. 그래도 생각보다 정신적으로 잘 견디고 계셔 안심이에요.	N	2022-08-13 21:04:24	2022-11-08 04:54:53
BE22014123	5	0	저도 그 상처에 무너지지 않으려고 노력 많이 하고 있긴 해요. 그렇게 긴 시간을 만났으면, 헤어질 때도 예의를 갖춰야 하는 거 아닐까 하고 생각하긴 해요. 그런 생각을 하면, 마음이 무너지는 듯 너무 힘듭니다.	N	2022-08-13 21:04:24	2022-11-08 04:54:53
BE22014123	6	1	감정화자님께서 존중받지 못한 느낌을 받아 더 힘드신 것 같아요. 언제인가 저도 남자가 갑자기 사라지며, 관계가 끝난 경험이 있거든요. 그때 예의 없이 끝을 맺은 그 사람한테 실망감도 크고, 상처받았던 경험이 있거든요.	N	2022-08-13 21:04:24	2022-11-08 04:54:53
BE22014123	7	0	네 비슷해요. 저도 그렇게 긴 시간을 만났으면, 아무리 제가 싫어져 헤어진다고 해도 이유라도 알려줘야죠. 갑자기 종적을 감춰버린 그 사람의 행동에 온갖 생각을 하게 되니 상처가 계속 깊어졌어요.	N	2022-08-13 21:04:24	2022-11-08 04:54:53
BE22014123	8	1	감정화자님 마음이 다 느껴집니다. 그렇게 이별을 겪고 나면, 지난 시간이 더 허무하게 남아버릴 것 같거든요. 그래도 너무 많은 생각으로 스스로 상처를 덧나게 하지는 않으셨으면 좋겠어요.	N	2022-08-13 21:04:24	2022-11-08 04:54:54
BE22014123	9	0	맞아요, 제가 스스로 상처를 더한 것도 있어요. 이 모든 게 제 잘못이라는 죄책감이 결국 들었거든요. 한동안 그런 마음 때문인지 사람들 만나는 것도 무섭더라고요, 또 무슨 잘못을 할까 싶어서요.	N	2022-08-13 21:04:24	2022-11-08 04:54:54
BE22014123	10	1	이별의 상처가 그렇게까지 번져 갔다니 마음이 너무 아프네요. 그 이유를 알 수 없어 힘드시더라도, 본인 탓까지 하며 사람들까지 피할 필요는 없어요. 감정화자님 주변 분들께서 얼마나 감정화자님을 좋아하는데요, 사람 만나는 걸 무서워할 필요는 없어요.	N	2022-08-13 21:04:24	2022-11-08 04:54:54
BE22014123	11	0	공감화자님, 그렇게 말씀해주셔 정말 감사해요. 누군가 날 아직도 좋아하고, 챙기고 있다는 느낌을 다시 받으니 마음이 편안해지네요. 맞아요, 제가 너무 혼자 생각을 쓸데없이 깊게 한 것 같아요.	N	2022-08-13 21:04:24	2022-11-08 04:54:54
BE22014123	12	1	감정화자님, 이별 후에 이렇게 진솔한 말씀을 들려주시는 게 처음이잖아요. 전 이게 참 긍정적인 신호라는 생각이 들거든요. 이제 정말 힘든 상처는 지나가는 중이시라는 안도감도 들고 말이에요.	N	2022-08-13 21:04:24	2022-11-08 04:54:54
BE22014123	13	0	공감화자님께서 그렇게 느끼셨다면, 그게 맞을 거예요. 정말 힘들 때는 아무 말도 하고 싶지 않고, 누구도 만나고 싶지 않았거든요. 지금은 그래도 이렇게 말하는 걸 보면 상처가 어느 정도 아물어가나 봅니다.	N	2022-08-13 21:04:24	2022-11-08 04:54:54
BE22014123	14	1	정말 다행이에요. 이렇게 대화도 하며, 상처를 꺼내놓다 보면, 천천히 마음이 좋아질 거라 믿어요. 지금까지 정말 잘하고 계세요. 그저 음식만 더 잘 드시면 제 걱정도 덜겠습니다.	N	2022-08-13 21:04:24	2022-11-08 04:54:54
BE22014123	15	0	공감화자님 덕분에 상처받은 마음이 위로가 많이 됩니다. 정말 감사해요, 힘든 얘기를 끝까지 진심으로 들어주시니 말입니다.	Y	2022-08-13 21:04:24	2022-11-08 04:54:54
