id	utterance_id	utterance_type	utterance_text	terminate	regDate	updDate
BE22012498	1	0	어제 열이 38.1도까지 올라 응급실에 갔더니 다른 환자들이 많아서 진료받을 수가 없다고 하더라. 사정은 알겠지만, 이 밤에 어디 가서 내가 진료를 받을 수 있겠어. 할 수 없이 그냥 집으로 돌아오는데 야속한 세상 때문에 마음에 상처를 많이 입었어.	N	2022-07-30 05:33:41	2022-11-08 04:44:36
BE22012498	2	1	너 정말 많이 상처받았겠다. 몸도 아픈데 치료도 못 받고 돌아오는 네가 상상돼서 내 마음이 너무 아프다. 그리고 아파도 다른 사람들의 사정을 이해해 주는 네가 참 대단하다는 생각이 들어.	N	2022-07-30 05:33:41	2022-11-08 04:44:36
BE22012498	3	0	난 어제 너무 열이 올라서 너무 힘들었는데 그렇게 진료 거부를 당하니까 마음에 상처가 심하더라고. 질병에 중하고 가벼운 게 어디 있겠냐는 생각이 들어서 집에 돌아오면서 속상해서 눈물이 날 뻔했어.	N	2022-07-30 05:33:41	2022-11-08 04:44:36
BE22012498	4	1	아이고, 너의 문자를 읽는데 왜 이렇게 내 마음이 찢어질 것같이 아픈지. 너의 마음이 너무 공감돼서 그런가 봐 아프면 주변의 모든 것들에 상처받기 쉽잖아. 몸도 약해지고 마음도 약해졌을 네가 힘들었을 것을 생각하니 내가 다 속상하다.	N	2022-07-30 05:33:41	2022-11-08 04:44:36
BE22012498	5	0	난 어제 무슨 정신으로 그 길을 돌아왔는지 생각이 안 날 정도야. 몸도 괴롭고 마음도 괴로워서 돌아오는 길이 너무 멀더라고. 그리고 택시까지 없어서 걸어 돌아오는데 더 힘들고 어제 정말 모든 게 나에게 최악이었지.	N	2022-07-30 05:33:41	2022-11-08 04:44:36
BE22012498	6	1	너 정말 힘들고 상처받았겠어. 열도 오르는데 걸어오느라 얼마나 힘들었겠니, 내가 다 안타까워. 아프더라도 끝까지 너 혼자 너의 일을 해결하기 위해 노력한 것이 멋있긴 해. 하지만 힘들었을 네가 너무 걱정돼 이제 그런 일이 생기면 나에게 연락해 줘.	N	2022-07-30 05:33:41	2022-11-08 04:44:36
BE22012498	7	0	응 고마워, 넌 나의 마음을 정말 잘 알고 있어서 이럴 때마다 참 놀라워. 난 누구에게 부탁하는 게 어려워 그래서 무슨 상황이든지 나 혼자 해결하려고 하는 게 있어. 이제는 네가 있다고 생각하니 나의 마음이 한결 편안해진다.	N	2022-07-30 05:33:41	2022-11-08 04:44:36
BE22012498	8	1	네가 그렇게 생각해 주면 내가 더 고맙지. 얼마나 네가 걱정되는지 더군다나 열이 38.1 도나 올랐는데 혼자 다니지 말고. 넌 너 자신을 조금 더 아끼고 남에게 의지할 필요가 있어.	N	2022-07-30 05:33:41	2022-11-08 04:44:36
BE22012498	9	0	정말 고맙다, 자신을 돌봐야 하는데 남들에게 피해 가는 게 너무 싫어서 그런가 봐. 그리고 마음에 상처받은 것이 내 솔직한 심정이긴 했어. 하지만 응급실에서 치료를 못 받은 것이 나보다 심각한 환자들이 있어 서니 이해는 됐어.	N	2022-07-30 05:33:41	2022-11-08 04:44:36
BE22012498	10	1	역시 넌 배려심이 정말 최고야. 아프면 사람의 본성이 나오는 것인데 너의 마음씨가 이럴 때 나타나는 것이라 생각해. 그래도 난 네가 최우선이니까 그럴 때는 다른 사람에게 부탁하는 걸로 해줘 너무 걱정되니까.	N	2022-07-30 05:33:41	2022-11-08 04:44:36
BE22012498	11	0	응 알겠어. 어제 열이 너무 오르고 어렵게 간 응급실에서 치료도 못 받고 나와서 너무 힘들었어. 마음에 상처받고 너에게 연락을 한 것인데 연락하길 잘했다는 생각이 든다.	N	2022-07-30 05:33:41	2022-11-08 04:44:36
BE22012498	12	1	다행이다, 너에게 도움이 되고 싶고 네가 혼자 힘든 걸 상상만 해도 너무 걱정돼. 그리고 아플 때 혼자 있는 게 얼마나 쓸쓸한지 공감이 되니까. 네가 꼭 나에게 연락했으면 좋겠어.	N	2022-07-30 05:33:41	2022-11-08 04:44:36
BE22012498	13	0	응 정말 고마워, 어제 받은 마음의 상처가 너와의 문자로 인해서 많이 해소됨을 느낀다. 아직도 열이 있어서 몸도 힘들고 마음도 힘들었는데 정말 고마워.	N	2022-07-30 05:33:41	2022-11-08 04:44:36
BE22012498	14	1	너에게 도움이 될 수 있어서 내가 더 기뻐. 너도 내가 힘들 때 약도 사다 주고 힘이 되어 줬는데 나도 너를 돕고 싶어. 기회를 안 주는 게 섭섭할 정도였는데 이제 나에게 연락한다고 약속했으니 기다릴게.	N	2022-07-30 05:33:41	2022-11-08 04:44:36
BE22012498	15	0	응 고마워, 사실 어제 열이 38.1 도고 응급실에서는 치료도 못 받고 혼자 너무 힘들었어. 네가 문자로 나에게 힘을 주고 응원해 줘서 상처받은 내 마음이 많이 회복했어.	Y	2022-07-30 05:33:41	2022-11-08 04:44:36
