id	utterance_id	utterance_type	utterance_text	terminate	regDate	updDate
BE22029232	1	0	여보, 결국에 우리 딸이 자퇴를 한다고 하는데 어떻게 생각해. 사실 공부야 자기가 하고 싶을 때 언제든 하면 되는 일이지만 그 사유가 우울증이니 말이야. 아이 앞에서 티는 안 냈지만 너무 충격받아서 아무 말도 못 했어.	N	2022-10-15 01:59:30	2022-11-08 06:29:00
BE22029232	2	1	당신이 아이와 함께 보내는 시간이 많다 보니 더 충격을 받았을 것 같아. 나 역시 우리 아이에게 우울증이 있다는 걸 알고 많이 놀랐거든. 그동안 아이에 대해 너무 몰랐다는 생각이 들고 말이야.	N	2022-10-15 01:59:30	2022-11-08 06:29:00
BE22029232	3	0	난 그 아이가 울적하다고 말할 때마다 그냥 찰나의 감정이라 여겼어. 그런데 내 생각보다 훨씬 더 심각했다는 걸 알고 나니까 너무 미안하고 속상한 거 있지. 내가 받은 충격만큼이나 아이가 외로웠을 거라 생각하면 너무 상처를 받게 돼.	N	2022-10-15 01:59:30	2022-11-08 06:29:00
BE22029232	4	1	아이의 마음이 아픈 건 속상한 일이지만 당신이 자책하진 않았으면 좋겠어. 누구도 자신의 아이가 아프다는 걸 인정하긴 쉽지 않을 거야. 난 당신이 스스로를 탓할 문제는 아니라고 생각해.	N	2022-10-15 01:59:30	2022-11-08 06:29:00
BE22029232	5	0	내가 열 달 동안 품어서 낳은 아이인데 나는 그 아이에 대해 정말 하나도 몰랐어. 그 애가 기쁜 순간에는 함께 했지만 정작 힘들고 외로울 때는 그러지 못했던 것 같아. 그 아이를 앞으로 어떻게 대해야 할지 모르겠어.	N	2022-10-15 01:59:30	2022-10-15 01:59:30
BE22029232	6	1	우리가 지금 아이에게 줄 수 있는 건 오로지 사랑이 아닐까. 나는 당신이 충분히 좋은 엄마이고, 지금까지도 잘해왔다고 생각해. 이제는 우리가 같이 힘을 모아서 아이를 케어하면 될 거고 말이야.	N	2022-10-15 01:59:30	2022-11-08 06:29:00
BE22029232	7	0	당신의 말을 들으니 무척 든든하고 고맙기만 해. 하지만 아이에게 미안한 마음은 달라지지 않네. 그동안 아이 마음을 몰라줬다는 게 너무 미안해서 눈물이 날 것 같아.	N	2022-10-15 01:59:30	2022-10-15 01:59:30
BE22029232	8	1	당신이 그렇게 말하니까 내 마음도 찢기는 듯해. 난 우리 아이만큼이나 당신이 너무나도 소중하기 때문이야. 내가 두 사람을 잘 돌보고 지킬 거야, 그러니 너무 걱정하지 마.	N	2022-10-15 01:59:30	2022-11-08 06:29:00
BE22029232	9	0	아이가 고등학교를 중퇴하고 더 우울증에 빠지면 어떡하지. 또래 친구들만이 해줄 수 있는 영역이 따로 있잖아. 내가 그런 부분을 채워주지 못할까 싶어서 너무 두려워.	N	2022-10-15 01:59:30	2022-10-15 01:59:30
BE22029232	10	1	어쩌면 우리 아이에게는 학교라는 공간이 잘 안 맞았던 걸지도 몰라. 모든 학생이 그 공간이 잘 맞을 수는 없으니까 말이야. 이제라도 우리가 아이의 마음을 들여다보고 이해해준다면 훨씬 나아지지 않을까.	N	2022-10-15 01:59:30	2022-11-08 06:29:00
BE22029232	11	0	당신 말을 듣고 나니까 내가 할 수 있는 일이 많을 수도 있겠단 생각이 들어. 그동안 내가 너무 겁을 먹은 채 도망치고 있었던 것 같아. 내 마음이 훨씬 단단해진 것 같아, 정말이지 너무 고마워.	N	2022-10-15 01:59:30	2022-11-08 06:29:00
BE22029232	12	1	당신이 기운을 차린 모습을 보니까 정말 다행인 거 있지. 당신이 무너질 때마다 내가 그 곁을 지킬게. 우리 가족은 분명 더 큰 행복을 되찾을 수 있을 거야.	N	2022-10-15 01:59:30	2022-11-08 06:29:00
BE22029232	13	0	당신의 말만 들어도 기분이 훨씬 나아지는 걸 보니 다행이야. 나도 앞으로 아이가 행복해질 수 있도록 더 노력해야겠어.	N	2022-10-15 01:59:30	2022-11-08 06:29:00
BE22029232	14	1	나도 그 과정을 처음부터 끝까지 함께 할게. 그러니 너무 걱정하지 말고 우리 더 좋은 생각만 나누자. 내가 늘 곁에 있다는 거 있지 마, 사랑해.	Y	2022-10-15 01:59:30	2022-11-08 06:29:00
