id	utterance_id	utterance_type	utterance_text	terminate	regDate	updDate
BE22029582	1	0	입양공고에 올라온 강아지가 계속 어른거려. 그 아이가 얼마나 힘들었을지 말이야.	N	2022-10-15 12:28:30	2022-10-15 12:28:30
BE22029582	2	1	얼마 전 유기견 센터에서 본 강아지 말하는 거지? 나도 보면서 마음이 참 아팠어.	N	2022-10-15 12:28:30	2022-11-08 06:31:07
BE22029582	3	0	동물 학대를 당하고 유기됐다는 거 있지. 어떻게 인간의 탈을 쓰고 그런 행동을 할 수 있는지 정말 충격 받았어. 강아지 눈을 보는데 너무 슬퍼 보이는 거 있지.	N	2022-10-15 12:28:30	2022-11-08 06:31:07
BE22029582	4	1	요즘 들어 동물 학대 사건들이 많이 일어나서 마음이 아파. 나도 직접 눈으로 보고 오니까 더 속상하더라. 말을 할 수 없는 동물들을 괴롭히다니 정말 너무한 것 같아.	N	2022-10-15 12:28:30	2022-11-08 06:31:07
BE22029582	5	0	우리나라에 유기견이 그렇게 많을 거라고는 상상도 못했어. 게다가 시설도 열악해서 더 속상한 거 있지. 심지어 시간이 지나면 안락사 해야 한다는 게 너무 안타까웠어.	N	2022-10-15 12:28:30	2022-11-08 06:31:07
BE22029582	6	1	당신이 강아지를 정말 사랑하니까 충격이 더 컸을 것 같아. 나 역시 그런 안타까운 상황이 많이 답답하게 느껴졌거든. 앞으로 관심을 더 많이 가져야겠다는 생각이 들었어.	N	2022-10-15 12:28:30	2022-11-08 06:31:07
BE22029582	7	0	이미 상처받은 아이들이 또 상처를 받게 되진 않을까 너무 걱정돼. 유기견들이 부디 좋은 보호자들을 만나길 간절히 기도하고 있어. 그리고 강아지를 키우는 사람들이 책임감을 가졌으면 좋겠어.	N	2022-10-15 12:28:30	2022-11-08 06:31:07
BE22029582	8	1	당신 말이 맞아. 귀여운 강아지들이 상처받았다는 말만 들어도 가슴이 찢어질 것 같았어. 강아지를 입양한다는 건 단순히 키우는 것에만 그치지 않고 계속 관심을 가져야 되는 일이라고 생각해.	N	2022-10-15 12:28:30	2022-10-15 12:28:30
BE22029582	9	0	내가 여력만 된다면 입양하고 싶은데 그럴 수 없는 상황이 답답해. 부디 강아지들이 행복했으면 좋겠어.	N	2022-10-15 12:28:30	2022-10-15 12:28:30
BE22029582	10	1	당신처럼 강아지들을 사랑해주는 사람이 나타날 거니까 너무 걱정하지 마. 당신이 이렇게 따뜻한 마음을 가진 걸 보니 내 마음이 다 따뜻해지는걸. 이렇게 관심을 가지고 생각하는 것만으로도 좋은 일이라 생각해.	N	2022-10-15 12:28:30	2022-11-08 06:31:07
BE22029582	11	0	당신이 그렇게 말해주니 마음이 조금은 편안해진다. 세상 모든 동물들이 행복했으면 좋겠어.	N	2022-10-15 12:28:30	2022-10-15 12:28:30
BE22029582	12	1	마음이 편해졌다니 정말 다행이다. 마음이 쓰인다면 시간이 날 때마다 유기견 보호소에 가서 봉사하는 건 어때?	N	2022-10-15 12:28:30	2022-11-08 06:31:07
BE22029582	13	0	그거 정말 좋은 생각이다. 그렇게 얘기해줘서 고마워. 같이 살아가는 세상인 만큼 동물들이 행복하게 지낼 수 있는 세상이 되었으면 해.	N	2022-10-15 12:28:30	2022-11-08 06:31:07
BE22029582	14	1	나야말로 당신 덕분에 좋은 일을 함께 할 수 있어서 기뻐. 노력이 모인다면 언젠간 그런 날이 올 거라고 생각해.	Y	2022-10-15 12:28:30	2022-11-08 06:31:08
