id	utterance_id	utterance_type	utterance_text	terminate	regDate	updDate
BE22028191	1	0	여보, 오늘 친구들을 만났는데 나보고 할머니라고 놀리는 거 있지. 흰머리 좀 보라면서 자꾸 놀려서 상처받았어.	N	2022-10-13 07:58:06	2022-10-13 07:58:06
BE22028191	2	1	그런 일이 있어서 속상했겠다. 그런데 당신 그런 일로 쉽게 상처받지 않잖아. 또 다른 무슨 일이 있었던 거야?	N	2022-10-13 07:58:06	2022-11-08 06:22:42
BE22028191	3	0	요즘 들어 할머니 소리를 많이 듣는 것 같아. 환경 오염 때문에 염색을 안 하는 건데 그런 소리를 들으니까 마음이 좋지는 않네. 염색을 다시 해야 하나 봐.	N	2022-10-13 07:58:06	2022-10-13 07:58:06
BE22028191	4	1	흰머리 좀 났다고 그런 소리를 들으면 나 같아도 상처받았을 거야. 나는 당신 흰머리 정말 멋지다고 생각했는데 다들 그걸 못 알아줘서 나도 너무 속상하다.	N	2022-10-13 07:58:06	2022-10-13 07:58:06
BE22028191	5	0	모르는 사람이면 이렇게까지 상처받지는 않았을 텐데 말이야. 내 친한 친구가 그런 소리를 하니까 더 마음이 아프더라.	N	2022-10-13 07:58:06	2022-10-13 07:58:06
BE22028191	6	1	당신 흰머리가 너무 잘 어울려서 질투 나서 그런 소리 하는 걸 거야. 요즘은 일부러 흰색으로 염색하는 사람도 많은걸. 너무 신경 쓰지 말고 당신이 하고 싶은 대로 살아.	N	2022-10-13 07:58:06	2022-11-08 06:22:42
BE22028191	7	0	난 염색하기 싫지만 그래도 친구들이 할머니라고 놀리니까 자꾸 마음이 약해지네. 더 이상 이런 일로 상처받고 싶지도 않고, 괜히 나만 유난인가 싶기도 하고 말이야.	N	2022-10-13 07:58:06	2022-10-13 07:58:06
BE22028191	8	1	염색을 안 한다고 유난이라니, 나는 당신 흰머리도 염색을 안 하는 이유도 너무 멋지다고 생각해. 당신 친구도 그 이유를 알게 되면 분명 더 이상 그런 소리도 못 할 거야.	N	2022-10-13 07:58:06	2022-11-08 06:22:42
BE22028191	9	0	그럴까? 날 더 유난이라고 생각할 것 같아. 또 할머니라고 하니까 내가 멋지다고 생각하기가 힘드네.	N	2022-10-13 07:58:06	2022-10-13 07:58:06
BE22028191	10	1	친구가 그런 소리를 해서 감정적으로 더 힘든 거 이해해. 나는 당신이 무엇을 해도 좋으니 더 의미 있게 생각하는 거에 집중하면 좋을 것 같아. 친구들의 의견에 너무 상처받지 않고 휩쓸리지 않았으면 좋겠다.	N	2022-10-13 07:58:06	2022-11-08 06:22:42
BE22028191	11	0	그런 얘기를 들으니까 내가 정말 친구들의 의견에 너무 휩쓸렸던 것 같다. 내가 정말 의미 있게 생각하는 걸 잊고 있었어. 흰머리 때문에 굳이 염색할 필요는 없는 것 같아.	N	2022-10-13 07:58:06	2022-10-13 07:58:06
BE22028191	12	1	그렇지? 난 당신이 그렇게 생각할 줄 알았어. 당신 흰머리가 얼마나 멋진지 당신도 곧 알게 될 거야.	N	2022-10-13 07:58:06	2022-11-08 06:22:42
BE22028191	13	0	고마워. 당신도 흰머리 너무 잘 어울려. 우린 이렇게 자연스럽게 살아가자.	N	2022-10-13 07:58:06	2022-10-13 07:58:06
BE22028191	14	1	나도 그 의견에 동의해. 당신과 함께해서 행복하다.	Y	2022-10-13 07:58:06	2022-11-08 06:22:42
