id	utterance_id	utterance_type	utterance_text	terminate	regDate	updDate
BE22026789	1	0	여보, 내 10년 친구가 나를 배신했어.	N	2022-10-11 05:44:11	2022-10-11 05:44:11
BE22026789	2	1	왜 그래, 무슨 일 있었어?	N	2022-10-11 05:44:11	2022-10-11 05:44:11
BE22026789	3	0	나한테 돈을 빌리고 잠적했어. 돈을 갚지 않은 것 보다 그냥 잠적해버렸다는 사실이 너무 상처야.	N	2022-10-11 05:44:11	2022-10-11 05:44:11
BE22026789	4	1	친구 사이의 믿음을 배신한 것 같아서 상처를 받았구나. 오랜 친구였으니 그 상심이 더욱 클 것 같아.	N	2022-10-11 05:44:11	2022-11-08 06:14:15
BE22026789	5	0	돈을 빌려줄 때부터 받지 않아도 된다는 각오로 빌려줬는데. 친구는 애초에 나를 속일 생각으로 돈을 빌렸다고 생각하니까 너무 괴로워.	N	2022-10-11 05:44:11	2022-10-11 05:44:11
BE22026789	6	1	당신은 진심으로 친구를 대했는데 돌아오는 건 배신이었으니 정말 힘들 것 같아. 무엇보다 오랜 친구를 잃었다는 게 가장 괴롭겠다.	N	2022-10-11 05:44:11	2022-11-08 06:14:15
BE22026789	7	0	맞아, 힘들 때나 기쁠 때 서로를 가장 먼저 찾았었는데. 그런 친구를 이렇게 잃게 되다니 이제 더 이상 사람을 믿을 수 없을 것 같아.	N	2022-10-11 05:44:11	2022-11-08 06:14:15
BE22026789	8	1	상처를 받은 만큼 아무는 시간이 필요할 거야. 사실을 받아들이고 시간에 흘려보내다 보면 당신 마음도 점차 괜찮아질 테니 너무 걱정하지 마.	N	2022-10-11 05:44:11	2022-11-08 06:14:15
BE22026789	9	0	친구한테 배신당한 뒤로 사람에 대해 마음의 문을 닫고 싶었는데. 이렇게 내 곁에서 위로해주는 당신이 있어서 정말 다행이야.	N	2022-10-11 05:44:11	2022-11-08 06:14:15
BE22026789	10	1	사람한테 받은 상처는 또 사람으로 치유되기도 하니까. 그 친구도 당신을 생각하면 마음이 편치 않을 거야. 자기한테도 말 못할 사정이 있었을 거라고 생각하자.	N	2022-10-11 05:44:11	2022-11-08 06:14:15
BE22026789	11	0	그래, 그렇게 생각하니 마음이 좀 편해진다. 나를 위해서 그 친구를 용서해야지.	N	2022-10-11 05:44:11	2022-11-08 06:14:15
BE22026789	12	1	역시 우리 남편은 현명한 사람이야. 이럴 때 보면 정말 그릇이 큰 사람이라는 게 느껴져.	N	2022-10-11 05:44:11	2022-10-11 05:44:11
BE22026789	13	0	다 당신 덕분이지. 혼자서는 견디지 못했을 거야. 정말 고마워.	N	2022-10-11 05:44:11	2022-10-11 05:44:11
BE22026789	14	1	마음이 좀 진정된 것 같아서 다행이다. 괴로울 때마다 혼자 참지 말고 나에게 털어놔.	Y	2022-10-11 05:44:11	2022-11-08 06:14:15
