id	utterance_id	utterance_type	utterance_text	terminate	regDate	updDate
BE22029550	1	0	여보, 나 눈길에 미끄러지면서 허리를 크게 다쳐서 지금 병원이야. 열심히 살아보려고 해도 이런 운 안 좋은 일을 겪으니 마음에 상처가 생기네.	N	2022-10-15 11:51:20	2022-10-15 11:51:20
BE22029550	2	1	어디 다른 데는 안 다친 거야? 문자 받고 얼마나 놀랐는지 몰라! 여보 지금 기분도 안 좋아 보이는데 내가 지금 바로 병원에 갈까?	N	2022-10-15 11:51:20	2022-11-08 06:30:56
BE22029550	3	0	아냐, 다른 데는 이상이 없고 허리만 치료받는 거라 굳이 올 필요는 없어. 요즘 하도 일자리 구하기 어려워서 전단 아르바이트하고 있던 건데 다치니까 마음이 안 좋아. 꼭 세상이 나를 버린 기분이 들어.	N	2022-10-15 11:51:20	2022-11-08 06:30:56
BE22029550	4	1	여보, 다른 곳이 더 다치지 않았음에 하늘에 감사할 정도인걸. 눈길에 잘못 넘어졌다가는 까딱하면 더 크게 다칠 수도 있는 문제였잖아. 나는 이 정도인 것에 정말 다행이라고 생각해.	N	2022-10-15 11:51:20	2022-11-08 06:30:56
BE22029550	5	0	뭐라도 하면서 돈을 벌려고 아르바이트하는 나에게 이런 재수 없는 일이 생기다니 말이야. 내 인생을 아무래도 세상이 외면하고 버린 느낌이야. 어떻게 하필이면 눈길에 미끄러져서 병원 신세를 지게 돼.	N	2022-10-15 11:51:20	2022-11-08 06:30:56
BE22029550	6	1	당신 지금 기분이 무척 착잡하다는 거 나도 잘 알아. 아무래도 버려진 기분이 들어 신세 한탄할 만큼 상처가 크겠지. 나라도 그런 기분을 느꼈을 것 같아.	N	2022-10-15 11:51:20	2022-11-08 06:30:56
BE22029550	7	0	남들은 멀쩡하게 잘 지나가는 눈길에서 나 혼자 넘어져 미끄러지니까 마음이 착잡해. 난 정말 이렇게 불행하게 살다가 끝이 날 운명인가 봐.	N	2022-10-15 11:51:20	2022-11-08 06:30:56
BE22029550	8	1	여보, 이번 사고는 누구나 겪는 사고 중 하나야, 당신이라서 일어난 일이 아니야. 그러니까 기운 차리고 회복하는 데 집중했으면 좋겠어. 분명 무탈하게 잘 나을 거야.	N	2022-10-15 11:51:20	2022-11-08 06:30:56
BE22029550	9	0	당신 말을 들어도 잘 모르겠어. 나는 그냥 이럴 운명의 사람인가 봐. 그렇지 않고서야 이렇게 일이 잘 안 풀릴 수가 없어.	N	2022-10-15 11:51:20	2022-10-15 11:51:20
BE22029550	10	1	당신 잘 되기를 바라는 내가 바로 옆에 응원하고 있잖아, 그러니 마음 든든하게 먹었으면 좋겠어. 지금은 몸도 마음도 지쳐서 그런 부정적인 생각이 드는 걸지도 몰라. 잘 살아야 한다는 부담감 때문에 그런 것 같은데, 그 압박감과 짐 나에게 덜어냈으면 해.	N	2022-10-15 11:51:20	2022-11-08 06:30:56
BE22029550	11	0	혼자 넘어져서 크게 다친 거라 병원비도 많이 들 텐데 당신은 이런 내가 원망스럽지도 않아?	N	2022-10-15 11:51:20	2022-10-15 11:51:20
BE22029550	12	1	나는 이참에 당신이 푹 쉬면서 마음과 몸을 달랬으면 좋겠어. 당신 그동안 앞만 보고 달리느라 고생 많았잖아, 이번에 잠시 숨을 돌린다고 생각하자. 너무 앞만 보고 가면 마음을 돌보는 걸 까먹어서 모든 게 삭막하게 느껴질지도 몰라.	N	2022-10-15 11:51:20	2022-11-08 06:30:56
BE22029550	13	0	여보가 그렇게 말해주니까 안 좋았던 기분이 좀 괜찮아져. 날 이렇게 생각해주는 사람이 바로 곁에 있는데 내가 너무 부정적으로 생각했네. 당신을 생각해서라도 다시 힘을 낼게.	N	2022-10-15 11:51:20	2022-10-15 11:51:20
BE22029550	14	1	지금은 일단 회복하는 데만 집중하고 다른 생각은 하지 않았으면 해. 여보, 얼른 쾌차하기를 바랄게. 내가 옆에서 간호하면서 매일 밤 당신을 위해 기도할게.	N	2022-10-15 11:51:20	2022-11-08 06:30:56
BE22029550	15	0	정말 마음이 따뜻해지는 위로야. 당신이 내 옆에 있다는 게 참 감사해!	Y	2022-10-15 11:51:20	2022-10-15 11:51:20
