id	utterance_id	utterance_type	utterance_text	terminate	regDate	updDate
BE22029681	1	0	오늘 처음으로 문화센터에 갔는데 나를 신기한 눈으로 보는 사람들이 많더라. 거기서 내가 제일 막내라서 그런지 그 시선들이 무시 받는 기분이 들어서 너무 상처가 되더라고.	N	2022-10-15 14:57:59	2022-10-15 14:57:59
BE22029681	2	1	당신 말을 들으니 나도 덩달아 상처 받는 느낌이네. 안 그래도 제일 나이가 어려서 많이 긴장하고 걱정했을 거 아니야. 그런데 그런 시선들을 통해 무시 받는 기분이 들었다면 마음이 얼마나 가시밭 같았겠어.	N	2022-10-15 14:57:59	2022-11-08 06:31:44
BE22029681	3	0	정말 그랬어. 다들 나보다 나이가 많아서 그런지 엄청 신경 쓰였는데 그 상황에서 자기소개 까지 시키더라. 문화센터에서 자기소개 시킨다는 말은 처음 들었는데 그것마저도 나를 엄청 무시하는 거 같은 거야. 자기소개하는데 다들 웃는 모습을 보니까 마음에 멍이라도 든 듯 상처가 엄청 컸어.	N	2022-10-15 14:57:59	2022-11-08 06:31:44
BE22029681	4	1	그래도 그분들은 당신이 막내라 귀여워서 웃은 거라고 생각해. 당신을 절대 무시하거나 그런 게 아닐 테니 너무 상처 받지 말자. 어려운 상황에서도 힘든 감정을 이겨내고 자기소개를 무사히 마친 당신이 너무 기특하고 대견하네.	N	2022-10-15 14:57:59	2022-11-08 06:31:44
BE22029681	5	0	내가 상처받았다고 해서 소개하는 것을 피하거나 그러면 더 무시 받을 거라고 생각했어. 당신이 그렇게 얘기해주니 용기를 내서 소개한 게 다행이라고 생각이 들어. 오늘 처음으로 다녀왔는데 계속 이런 상처를 받으면 어떡하지?	N	2022-10-15 14:57:59	2022-11-08 06:31:44
BE22029681	6	1	당신은 언제나 상처를 통해 인생을 배우잖아. 그 모습이 얼마나 멋있다고 생각했는지 몰라. 이번에도 당신은 그 상처를 통해 한층 더 성장하지 않을까?	N	2022-10-15 14:57:59	2022-11-08 06:31:44
BE22029681	7	0	상처를 통해 인생에 대한 교훈을 얻고 배우는 건 맞지만 이번 일은 꽤 상처가 된 거 같아. 어디 가서 막내라고 무시 받을 나이가 아닌데 문화센터에서 이렇게 무시 받는 기분을 받을 줄이야. 계속 그 시선들과 웃음소리가 귓가를 맴도는 거 같아.	N	2022-10-15 14:57:59	2022-11-08 06:31:44
BE22029681	8	1	그랬구나. 아무리 백세시대라고는 하지만 그런 막내 취급과 무시는 나 같아도 너무 상처일 거 같아. 내가 무시받는 다는 생각에 괜히 무력감도 들 거 아니야. 당신보다 다 나이가 많으니 뭐 하나 의견 내기에도 껄끄러울 테지.	N	2022-10-15 14:57:59	2022-11-08 06:31:44
BE22029681	9	0	응. 아무래도 내가 내 의견을 내기보다는 그냥 연장자 의견에 끌려다닐 거 같아. 문화센터에서 막내라는 게 의견을 내도 되나 싶고, 그러다 또 무시와 웃음을 받으면 어떡하지. 상상만 해도 진짜 마음이 욱신거린다.	N	2022-10-15 14:57:59	2022-11-08 06:31:44
BE22029681	10	1	그래도 너무 무시받거나 상처가 될 거라고 지레 겁먹고 미리 아파하지 말자. 오늘 하루 일 가지고 판단하기에는 아직 이르잖아. 무시하는 게 아니라 당신을 좋게 생각해서 그런 시선과 웃음을 받은 거라고 좋게 생각해보는 건 어떄?	N	2022-10-15 14:57:59	2022-11-08 06:31:44
BE22029681	11	0	당신 말대로 그렇게 긍정적으로 생각하니 마음이 좀 편안해지는 거 같아. 내가 너무 상처받은 마음에 부정적으로만 생각했나봐. 역시 당신과 하는 문자는 내 마음을 달래기에는 최고인 거 같아.	N	2022-10-15 14:57:59	2022-11-08 06:31:44
BE22029681	12	1	우리 남편에게 힘이 되었다면 너무 다행이지. 이렇게 또 당신이 한단계 더 발전하는 거 같아서 너무 보기 좋다. 분명 문화센터 생활 잘 해낼수 있을 거야.	N	2022-10-15 14:57:59	2022-11-08 06:31:44
BE22029681	13	0	당신이 언제나 나를 옆에서 다독여주고 위로해주기 때문이라고 생각해. 당신의 위로와 조언이 내게 긍정적인 지표가 되는걸.	N	2022-10-15 14:57:59	2022-11-08 06:31:44
BE22029681	14	1	내 위로와 조언으로 당신의 상처가 달래진다면야 언제나 옆에서 그렇게 해줄 거야. 이제 상처는 털어내고 문화센터에서 즐겁게 놀 생각을 하며 기분을 환기시켜보자.	N	2022-10-15 14:57:59	2022-11-08 06:31:44
BE22029681	15	0	응. 당신을 통해서 마냥 무섭고 상처받을 것만 같았던 문화센터 생활이 너무 기대된다. 당신 덕분이야. 당신이 내 곁에 있음에 항상 감사해.	Y	2022-10-15 14:57:59	2022-11-08 06:31:44
