id	utterance_id	utterance_type	utterance_text	terminate	regDate	updDate
BE22021016	1	0	여보, 4월인데 벌써 운동화 신는 게 답답하게 느껴지기 시작했어. 이런 나 자신을 보면 마음의 상처를 받게 돼.	N	2022-09-23 11:25:54	2022-09-23 11:25:54
BE22021016	2	1	아직 날씨도 선선한 초봄이잖아. 그런데 벌써 그렇단 말이야?	N	2022-09-23 11:25:54	2022-09-23 11:25:54
BE22021016	3	0	요즘은 부쩍 더위를 일찍 타는 것 같아서 당황스러워. 어제는 낮에 뒷산을 갔다 왔는데, 너무 답답해서 중간에 쉬면서 벗었어.	N	2022-09-23 11:25:54	2022-09-23 11:25:54
BE22021016	4	1	당신이 요즘 좀 기운이 없어 보여 걱정이었는데, 그런 일이 있었구나. 당신은 원래 그런 사람이 아닌데 당혹스러울 것 같아.	N	2022-09-23 11:25:54	2022-11-08 05:40:10
BE22021016	5	0	2,3년 전만 하더라도 한여름에 긴팔 옷을 입어도 괜찮았거든. 그런데 이제는 생각만 해도 등에서 식은땀이 나는 것 같아.	N	2022-09-23 11:25:54	2022-11-08 05:40:10
BE22021016	6	1	나도 최근에 체중도 좀 늘고 컨디션도 안 좋아지는 것 같거든. 자기가 힘들어 하는 모습이 눈앞에 보이는 것 같아.	N	2022-09-23 11:25:54	2022-09-23 11:25:54
BE22021016	7	0	나도 이제 아저씨처럼 배도 나오니 속상해. 이제는 정말 중년이 된 것 같아서 기운이 빠지기도 하고.	N	2022-09-23 11:25:54	2022-09-23 11:25:54
BE22021016	8	1	그래도 내 눈에 당신은 여전히 세상에서 제일 멋진 남자로 보여. 그러니 그렇게 낙담하지 말고 기운 내.	N	2022-09-23 11:25:54	2022-11-08 05:40:10
BE22021016	9	0	작년 회사 과제는 정말 즐겁게 했는데, 요즘은 일에 대한 의욕도 예전 같지 않아. 그래서 당신에게 미안하기도 하고.	N	2022-09-23 11:25:54	2022-09-23 11:25:54
BE22021016	10	1	당신은 우리 집의 든든한 기둥이잖아. 당신이 가끔 힘든 모습을 보이지만, 늘 잘 이겨내리라 믿어.	N	2022-09-23 11:25:54	2022-11-08 05:40:10
BE22021016	11	0	당신 말을 들으니까 기운이 조금 나는 것 같아. 나에게 그렇게 말해 줘서 정말 기분이 좋고 고마운 마음이 들어.	N	2022-09-23 11:25:54	2022-09-23 11:25:54
BE22021016	12	1	내 말이 조금이라도 당신에게 위로가 된 것 같아서 나도 무척 기뻐. 앞으로 우리 함께 좋은 시간도 많이 보내고, 운동도 열심히 하자.	N	2022-09-23 11:25:54	2022-11-08 05:40:10
BE22021016	13	0	당신 말 대로 그렇게 해야겠어. 요즘 내가 괜히 울적한 마음이 들었나 봐.	N	2022-09-23 11:25:54	2022-09-23 11:25:54
BE22021016	14	1	당신이 이제는 환해진 모습으로 돌아온 것 같아서 정말 다행이야. 여보, 힘들 때면 언제나 나한테 기대. 내 말 무슨 뜻인지 알지?	N	2022-09-23 11:25:54	2022-11-08 05:40:10
BE22021016	15	0	당신과 결혼하기를 정말 잘 한 것 같아. 나도 앞으로 당신에게 좋은 남편이 되도록 노력할게. 그럼 이따 집에서 만나.	Y	2022-09-23 11:25:54	2022-09-23 11:25:54
