id	utterance_id	utterance_type	utterance_text	terminate	regDate	updDate
BE22021190	1	0	여보, 나 이번에 알츠하이머 진단 키트 개발 연구를 맡게 되었어. 돌아가신 어머니 생각하면 마음의 상처가 커.	N	2022-09-23 22:00:06	2022-09-23 22:00:06
BE22021190	2	1	나도 언론에서 알츠하이머 이야기만 나오면 어머님이 제일 먼저 떠오르거든. 당신 마음은 오죽할까.	N	2022-09-23 22:00:06	2022-11-08 05:41:10
BE22021190	3	0	돌아가시기 몇 년 전부터 내 얼굴도 못 알아보신 어머니를 떠올리면 마음이 괴로워. 몇 번이나 고사했는데, 결국 연구에 참여하기로 결정되니 착잡해.	N	2022-09-23 22:00:06	2022-09-23 22:00:06
BE22021190	4	1	어머니 진단받은 이후로 당신 많이 힘들어한 거 알아. 나중에 어머니 요양원에 모시고 집으로 오던 차 안에서 펑펑 울던 모습이 아직도 눈에 선해.	N	2022-09-23 22:00:06	2022-11-08 05:41:10
BE22021190	5	0	현대 의학 기술로는 아직 불치병인데, 진단 키트를 개발하는 게 무슨 의미인지 회의적이야. 어머니를 끝까지 모시지 못한 것도 마음의 상처로 남아 있고.	N	2022-09-23 22:00:06	2022-09-23 22:00:06
BE22021190	6	1	내가 아는 당신은 다른 사람에게 도움이 된다면 어떤 연구든 최선을 다하는 사람이거든. 당신이 오죽하면 이렇게 괴로워할까 싶어서 나도 마음이 아파.	N	2022-09-23 22:00:06	2022-11-08 05:41:10
BE22021190	7	0	마지막에는 어머니를 자주 찾아뵙지도 못했는데, 이런 개발을 한다는 게 허무하기도 해. 서글픈 생각만 자꾸 들어서 마음의 갈피를 못 잡겠어.	N	2022-09-23 22:00:06	2022-11-08 05:41:10
BE22021190	8	1	세상에서 제일 소중한 어머니를 그렇게 떠나보냈으니, 당신이 그런 마음이 드는 것도 너무 당연해. 나도 마음이 울컥해.	N	2022-09-23 22:00:06	2022-11-08 05:41:10
BE22021190	9	0	어머니도 제대로 돌봐 드리지 못한 내가 무슨 자격이 있나 싶어서 한숨만 나와. 내 신세가 너무 불행하게 느껴져.	N	2022-09-23 22:00:06	2022-11-08 05:41:10
BE22021190	10	1	알츠하이머는 가족 모두에게 힘든 질병이잖아. 당신은 최선을 다했고, 어머니 마지막으로 떠나실 때는 당신 알아보고 편안한 모습으로 가셨잖아. 당신이 너무 마음 아파하지 않았으면 좋겠어.	N	2022-09-23 22:00:06	2022-11-08 05:41:10
BE22021190	11	0	그래, 어머니 마지막 모습을 떠올리면 그래도 가끔 위안이 되는 것 같아. 당신이 곁에서 많이 도와줬던 것도 고맙고.	N	2022-09-23 22:00:06	2022-11-08 05:41:10
BE22021190	12	1	어머님 살아 계셨다면, 당신이 이번 연구를 맡은 걸 자랑스러워하셨을 거야. 앞으로 많은 환자에게도 도움이 되는 일이잖아.	N	2022-09-23 22:00:06	2022-11-08 05:41:10
BE22021190	13	0	당신 말 들으니 마음이 좀 편안해지네. 며칠 동안 온통 착잡한 생각뿐이었거든.	N	2022-09-23 22:00:06	2022-11-08 05:41:10
BE22021190	14	1	난 당신이 누구보다 사명감을 갖고 잘 해낼 거라 믿어. 그러니 마음 편안하게 갖고 힘내.	N	2022-09-23 22:00:06	2022-11-08 05:41:10
BE22021190	15	0	힘들 때 늘 내 마음 달래 줘서 정말 고마워, 여보. 앞으로 열심히 하다 보면 또 길이 생기겠지. 늘 나를 믿어 줘서 고마워.	Y	2022-09-23 22:00:06	2022-09-23 22:00:06
