id	utterance_id	utterance_type	utterance_text	terminate	regDate	updDate
BE22026830	1	0	여보, 나 이번에 술을 끊기로 마음 먹었어.	N	2022-10-11 06:37:37	2022-10-11 06:37:37
BE22026830	2	1	그렇게 좋아하는 술을 끊는다고? 갑자기 왜 그런 생각을 한 거야? 회사에서 무슨 일 있었어?	N	2022-10-11 06:37:37	2022-10-11 06:37:37
BE22026830	3	0	오늘 건강검진 결과가 나왔는데, 알콜성 지방간이 있다네. 충격으로 퍼뜩 정신이 드는 거 있지. 이제 내 몸 좀 돌보며 살아야지, 너무 회사와 사람들에게만 맞춰서 살았던 것 같아.	N	2022-10-11 06:37:37	2022-10-11 06:37:37
BE22026830	4	1	저런, 검진 결과에 당신이 엄청 많이 충격받았구나. 건강 하나는 늘 자신하던 당신이었는데, 그런 결과가 나왔으니 얼마나 놀라고 당황했을까. 내가 다 마음이 아프네.	N	2022-10-11 06:37:37	2022-11-08 06:14:30
BE22026830	5	0	그동안 내 일상도 없이 열심히 회사일에만 맞춰서 살았어. 야근이며 회식도 다 일의 연장선이라 생각했지. 그 결과가 이것인가 싶은 게 씁쓸하고 마음에 상처가 되더라.	N	2022-10-11 06:37:37	2022-10-11 06:37:37
BE22026830	6	1	당신이 누구보다 회사 생활에 열심이었던 거 내가 너무나 잘 알지. 특히 회식 자리는 직원들을 위해 몸이 아파도 꼬박꼬박 참석하던 당신이었잖아.	N	2022-10-11 06:37:37	2022-10-11 06:37:37
BE22026830	7	0	맞아, 그게 잘하는 거라고 생각했어. 어느 땐 술 마시고 싶지 않은 날도 꾸역꾸역 마시며 버텼지. 검진 결과를 보니 그동안의 내 행동이 참 미련했던 것 같아 괴롭고 후회스러워.	N	2022-10-11 06:37:37	2022-10-11 06:37:37
BE22026830	8	1	당신은 누구보다 책임감이 큰 사람이잖아. 그러니 남들보다 더 빠르게 승진했던 것이고. 검진 결과가 안 좋게 나왔다고 당신이 했던 모든 것들을 후회할 필요는 없을 것 같아.	N	2022-10-11 06:37:37	2022-11-08 06:14:30
BE22026830	9	0	하지만 지금 내 건강 상태는 예전 같지가 않아. 금세 피로해지고, 술을 조금만 마셔도 몸이 힘들어하는 게 느껴져. 그 동안 나이를 생각 안 하고 너무 습관에만 젖어 있었던 것 같아.	N	2022-10-11 06:37:37	2022-10-11 06:37:37
BE22026830	10	1	당신이 그렇게 자각했다면 정말로 금주가 필요한 시점이네. 우리 나이 땐 우선순위를 일에서 건강으로 바꾸는 것이 고려해 볼 필요가 있어. 평생 혹사만 시킨 내 몸을 이젠 좀 더 챙기고 위해야 할 나이지.	N	2022-10-11 06:37:37	2022-11-08 06:14:30
BE22026830	11	0	당신이 술 끊으라고 그렇게 말할 때도 듣질 않았잖아. 그런데 내 몸에서 이상 신호를 보내니 이래선 안 되겠다는 생각이 들더라고. 벌써 몸에 이렇게 이상이 생기는구나, 상처받아 마음이 아직도 쓰려.	N	2022-10-11 06:37:37	2022-10-11 06:37:37
BE22026830	12	1	당신이 상처받았을 걸 생각하니 내 마음도 아프네. 하지만 늦은 경우란 없어. 더 늦기 전에 당신이 스스로 자각하고 술을 끊겠다는 결심을 했으니 얼마나 다행이야.	N	2022-10-11 06:37:37	2022-11-08 06:14:30
BE22026830	13	0	당신 말을 듣고 보니 큰 병 생기기 전에 금주하게 된 것 만도 다행이다 싶네. 이만하길 감사하단 생각도 들고. 검진 결과에 상처 받아 금주를 결심했지만, 앞으로는 내 몸을 챙기는 시간들을 좀 더 가져야겠어.	N	2022-10-11 06:37:37	2022-11-08 06:14:30
BE22026830	14	1	당연한 말씀! 건강 잃으면 모든 걸 잃는 거잖아. 당신의 금주 결심이 성공할 수 있도록 나도 옆에서 열심히 도울게.	N	2022-10-11 06:37:37	2022-11-08 06:14:30
BE22026830	15	0	고마워, 당신 덕분에 상처가 조금 아무는 것 같아. 금주에 꼭 성공하도록 노력할게.	Y	2022-10-11 06:37:37	2022-11-08 06:14:30
