id	utterance_id	utterance_type	utterance_text	terminate	regDate	updDate
BE22028071	1	0	아직 젊은 나이라고 생각했는데 건강 검진 결과에서 당뇨 수치가 높게 나왔어요. 의사 선생님도 이렇게 하다 보면 당뇨 인슐린 주사를 맞아야 할 것 같다고 경고까지 받았네요. 너무 내 몸을 돌보지 않은 것 같다는 말을 듣고 마음에 상처를 받았어요.	N	2022-10-13 05:59:50	2022-10-13 05:59:50
BE22028071	2	1	당신 많이 놀랐겠어요. 얼마나 속상할지 그 마음을 아니까 내가 되려 더 눈물이 날 것 같네요. 회사를 다니면서 힘들어하는 당신이라 검진을 간다고 했을 때 많이 걱정이 되었어요.	N	2022-10-13 05:59:50	2022-11-08 06:21:59
BE22028071	3	0	그러니까요, 회사를 다니면서 야근도 계속하고 회식도 잦았어요. 술도 많이 마시고 폭식까지 했으니 건강이 좋을 리가 없죠. 이렇게 내 몸을 관리 안 했으면서 결과가 좋기를 바랐던 마음이 참 우스워서 상처가 깊어지네요.	N	2022-10-13 05:59:50	2022-10-13 05:59:50
BE22028071	4	1	모든 사람들이 다 그 마음이죠, 병원에 가기 전 건강하기 만을 바라는 건 다 똑같아요. 그러니 자책에 빠져서 본인을 너무 괴롭히지 않았으면 해요.	N	2022-10-13 05:59:50	2022-11-08 06:21:59
BE22028071	5	0	그래야 하는 걸 알지만 저도 모르게 자책에 빠져 저를 괴롭히는 것 같아요. 몸이 망가졌다는 데 누가 책임이 있겠어요. 이게 다 제 책임이고 제가 할 탓이니까요, 상처를 받는 게 당연하다는 생각도 드네요.	N	2022-10-13 05:59:50	2022-10-13 05:59:50
BE22028071	6	1	그렇다고 해도 너무 힘들어지는 것 같아서 많이 걱정이 되는 마음이에요. 당신이 당뇨 수치가 높게 나와서 충격을 받아 힘들 텐데 더 힘들어질까 봐 염려가 돼요. 제발 마음을 편하게 가지기를 바라는 마음이에요.	N	2022-10-13 05:59:50	2022-11-08 06:21:59
BE22028071	7	0	정상 혈당 수치에서 너무 많이 벗어나서 이러다 당뇨로 진단을 받으면 어쩌나 하는 생각이 들어요. 미리 건강에 신경 썼으면 이런 일이 없었을 텐데. 게으른 제 자신이 너무 미워서 이 마음에 상처를 달랠 길이 없어요.	N	2022-10-13 05:59:50	2022-10-13 05:59:50
BE22028071	8	1	게으른 게 아니라 건강을 챙길 시간이 없이 앞만 보며 달린 대단한 당신이에요. 회사를 다니면서 일에 집중하느라 건강에 신경을 못 쓴 거라는 것을 당신도 알잖아요. 누구보다 열심히 일한 당신이라는 것을 모르는 사람이 없을 거니 너무 상처받지 않았으면 해요.	N	2022-10-13 05:59:50	2022-11-08 06:21:59
BE22028071	9	0	고마워요, 내가 자신에게 실망해서 힘을 못 내고 있는 나를 달래주네요. 당신의 진심 어린 위로와 격려는 상처받은 마음을 회복해주네요.	N	2022-10-13 05:59:50	2022-11-08 06:21:59
BE22028071	10	1	그럼 다행이죠, 당신의 당뇨 수치는 건강만 관리하면 정상화가 되지만 상처받은 마음은 돌아오기 힘들잖아요. 그래서 난 당신을 위로해 주고 싶었어요.	N	2022-10-13 05:59:50	2022-11-08 06:21:59
BE22028071	11	0	당신의 응원을 받아서 난 힘이 많이 나요. 상처를 받았다고 해도 내 곁에서 나를 지지하는 누군가 있다는 것이 이렇게 좋은 건지 몰랐어요.	N	2022-10-13 05:59:50	2022-10-13 05:59:50
BE22028071	12	1	우리가 부부가 된 이상 당신에게 그런 존재가 되고 싶은 마음이에요. 그래서 누구보다 행복해지는 당신을 보고 싶은 염원이 있어요.	N	2022-10-13 05:59:50	2022-11-08 06:21:59
BE22028071	13	0	고마워요, 당신 덕분에 한층 행복해진 나예요. 사실 오늘의 상처가 회복이 될까 할 정도로 충격적이었어요. 그런데 당신이 나를 위해서 응원해주니 나도 모르게 상처가 풀렸어요.	N	2022-10-13 05:59:50	2022-11-08 06:21:59
BE22028071	14	1	그렇게 되기 만을 바랐거든요. 당신이 너무 힘들어하는 것을 알았죠. 그래서 당뇨 수치가 높아서 상처받은 당신에게 이 문제를 극복할 수 있다고 알려주고 싶었어요.	N	2022-10-13 05:59:50	2022-11-08 06:21:59
BE22028071	15	0	고마워요, 다신 덕분에 나도 좀 더 나를 믿기로 했어요. 아무래도 당신이 나에게 힘을 줬기 때문이에요. 당신의 위로와 격려가 너무 도움 됐어요, 고마워요.	Y	2022-10-13 05:59:50	2022-10-13 05:59:50
