id	utterance_id	utterance_type	utterance_text	terminate	regDate	updDate
BE22025491	1	0	여보, 나 오늘 모임에서 너무 상처받는 일이 있었어. 이걸 어떻게 해야 할지 모르겠어.	N	2022-10-08 01:40:25	2022-11-08 06:06:33
BE22025491	2	1	오늘 친구들이랑 만난다고 신나서 나간 당신한테 무슨 일이 있었던 거야?	N	2022-10-08 01:40:25	2022-10-08 01:40:25
BE22025491	3	0	오늘 모임에 친구 아들이 벌써 대입 준비생이 되었다고 자랑하더라. 그런데 나를 보면서 너희 부부는 아직도 아이가 없냐면서 물어보니까 너무 상처받은 거 있지.	N	2022-10-08 01:40:25	2022-11-08 06:06:34
BE22025491	4	1	당신이 그 말에 큰 상처를 받았구나. 나였어도 친구의 그 말을 들었으면 당신 같은 마음이 들었을 거야. 상처받았을 당신을 생각하니까 내 마음이 너무 아프다.	N	2022-10-08 01:40:25	2022-11-08 06:06:34
BE22025491	5	0	친구가 그렇게 물어보면서 나를 보는데 그 눈빛에 너무 큰 상처를 받은 거 있지. 그 눈빛이 머릿속에서 떠나지 않아.	N	2022-10-08 01:40:25	2022-11-08 06:06:34
BE22025491	6	1	당신이 친구한테 큰 상처를 받은 거 잘 알아. 안 그래도 힘든 당신을 친구가 무시하는 느낌이 들어서 더 그렇게 느낀 것 같아. 혼자서 괴로워할 당신을 생각하니까 달려가서 꼭 안아주고 위로해주고 싶다.	N	2022-10-08 01:40:25	2022-11-08 06:06:34
BE22025491	7	0	우리 부부가 아주 힘들었던 것도 모르면서 그렇게 물어봐서 상처받았어. 지금 이 상황이 견디기 버거울 정도로 힘들어.	N	2022-10-08 01:40:25	2022-11-08 06:06:34
BE22025491	8	1	우리 부부의 노력을 모르는 사람이 함부로 말해서 당신이 더 상처받았구나. 우리가 노력해왔던 나날들이 부정당하는 느낌이 들어서 더 그런 것 같아.	N	2022-10-08 01:40:25	2022-11-08 06:06:34
BE22025491	9	0	그 친구가 그렇게 말할 줄은 몰랐어. 나랑 친한 친구가 그렇게 말하니까 배신감 느껴지고 상처받은 거 있지.	N	2022-10-08 01:40:25	2022-10-08 01:40:25
BE22025491	10	1	당신이 배신감이 느껴지고 상처받은 거 다 이해해. 하지만 괜찮으니까 너무 신경 쓰지 않아도 돼. 그런 거 없어도 우리 여태까지 너무 행복했잖아.	N	2022-10-08 01:40:25	2022-11-08 06:06:34
BE22025491	11	0	당신이 그렇게 말해주니까 내 마음이 많이 가벼워진다. 당신 말이 정말 맞는 것 같아.	N	2022-10-08 01:40:25	2022-11-08 06:06:34
BE22025491	12	1	당신이랑 나랑 둘이서 얼마나 재밌고 행복했는데. 나는 당신만 내 옆에 있어 준다면 어떤 것이든지 해낼 수 있어.	N	2022-10-08 01:40:25	2022-11-08 06:06:34
BE22025491	13	0	당신 같은 사람이 내 아내라서 정말 다행이야. 당신처럼 현명하고 좋은 사람이 있어 줘서 나는 정말 행복해.	N	2022-10-08 01:40:25	2022-11-08 06:06:34
BE22025491	14	1	내가 당신한테 도움이 되었다니까 나도 너무 기쁘다. 나도 당신 덕분에 항상 행복하고 신나게 살 수 있었어.	N	2022-10-08 01:40:25	2022-11-08 06:06:34
BE22025491	15	0	위로해줘서 정말 고마워, 여보. 나 얼른 집으로 갈 테니까 기다려!	Y	2022-10-08 01:40:25	2022-11-08 06:06:34
