id	utterance_id	utterance_type	utterance_text	terminate	regDate	updDate
BE22029124	1	0	여보, 내 생일은 추석하고 날짜가 겹쳐서 한 번도 제대로 된 생일 축하를 받지 못했어. 모두 추석 준비에 정신이 없어서 내 생일인 것조차 잊어버렸지. 어릴 때 엄마한테 그 얘기를 했다가 잔소리만 들어서 상처받았어.	N	2022-10-14 15:10:14	2022-11-08 06:28:20
BE22029124	2	1	그때마다 당신이 얼마나 상처받았을까 생각하니 나도 마음이 아프다. 민족의 명절인 추석이 당신에게는 즐거운 날이 아니었을 거라는 것이 안타깝다. 앞으로는 내가 멋지게 생일 상도 차리고 선물도 해줄 테니 아픈 마음을 달래기를 바라.	N	2022-10-14 15:10:14	2022-11-08 06:28:20
BE22029124	3	0	당신 말은 정말 고마운데 솔직히 나이를 먹고 나서는 생일에 대한 감흥은 없어. 생일이 지나면 나이를 한 살 더 먹는다는 것 때문에 그날이 마냥 즐겁지는 않지. 정작 축하받으며 선물도 받고 싶었던 어린 날에는 생일 때문에 번번이 상처받았어.	N	2022-10-14 15:10:14	2022-11-08 06:28:20
BE22029124	4	1	가족 중에 누구라도 생일을 기억해줬더라면 당신이 이렇게 상처받지는 않았을 거라 안타깝다. 어린 마음에 얼마나 속상했으면 지금까지 그 상처가 남았을까. 그래도 이젠 지난 일이니 그만 잊고 마음을 편히 가졌으면 좋겠어.	N	2022-10-14 15:10:14	2022-11-08 06:28:20
BE22029124	5	0	가족들이 기억하지 못한 게 아니라서 더 상처받았어. 언젠가 할머니께서 그 얘기를 하시며 추석에 엄마가 나를 낳아서 너무 속상했다고 하셨어. 추석 차례상 차리다 말고 내가 태어나서 너무 미웠다는 얘기하셔서 상처받았어.	N	2022-10-14 15:10:14	2022-11-08 06:28:20
BE22029124	6	1	어린 마음에 그 말씀은 정말 상처가 되었을 것 같아 나도 속상하다. 그런데 옛날 어른들은 명절에 차례 지내는 걸 중요하게 여기셨으니 그러실 수 있어. 그분들은 그렇게 살아오신 분들이라고 이해하면 차라리 속이 편할 것 같아.	N	2022-10-14 15:10:14	2022-11-08 06:28:20
BE22029124	7	0	아무리 그래도 그렇지, 해마다 돌아오는 게 추석인데 그게 뭐 그렇게 대단하다고 그러셨을까. 할머니가 그러셔서 엄마도 내 생일을 더 못 챙겼나 하는 생각이 들어. 어릴 때는 그런 엄마를 많이 원망했었는데 지금 생각하니 엄마 마음이 이해되어 그게 상처가 된다.	N	2022-10-14 15:10:14	2022-10-14 15:10:14
BE22029124	8	1	나중에라도 장모님 마음을 알았다니 당신의 이해심이 대단한 것 같아 칭찬해주고 싶다. 장모님도 당신 마음을 아셨을 테니 너무 속상해하지 마. 이제는 다 지난 일이니 아픔 같은 건 털어버리고 추억으로만 간직했으면 좋겠다.	N	2022-10-14 15:10:14	2022-11-08 06:28:20
BE22029124	9	0	그저 추억으로 간직하기에는 어린 날의 상처가 너무 컸지. 지금은 할머니, 엄마 모두 돌아가셔서 정말 까마득한 옛날이 되었네. 엄마가 돌아가시기 전에 내 생일 얘기를 하셔서 기분이 정말 이상했어.	N	2022-10-14 15:10:14	2022-10-14 15:10:14
BE22029124	10	1	장모님도 그게 평생 가슴에 남으셨던 거야. 속으로는 당신 생일을 챙겨주고 싶으셨던 게 그 말씀에서도 드러나네. 그런 장모님의 사랑으로 어린 날의 상처를 씻어내고 앞으로는 행복한 생일이 되었으면 좋겠다.	N	2022-10-14 15:10:14	2022-11-08 06:28:20
BE22029124	11	0	당신이 그렇게 말하니까 정말 그런 것 같다는 생각이 든다. 엄마가 돌아가시기 전 그 말씀을 하셨을 때는 갑자기 왜 그러시나 싶었거든. 당신 말대로 평생 그게 한이었겠다고 생각하니 가슴이 아프면서도 상처가 치유되는 느낌이야.	N	2022-10-14 15:10:14	2022-11-08 06:28:20
BE22029124	12	1	우리 어머니들은 웃어른들 눈치를 많이 보고 사셨던 세대야. 그러면서도 당신에 대한 사랑은 가슴에 간직하고 계셨으니 그걸로 위안을 삼았으면 좋겠어. 이제 어린 날의 상처는 다 잊어버리기를 바라.	N	2022-10-14 15:10:14	2022-11-08 06:28:20
BE22029124	13	0	당신 말을 듣고 있으니 진짜 아픈 마음이 가라앉는 느낌이야. 이젠 추석에도 더 이상 아파하지 않을 작정이야. 어린 나를 보며 가슴 아파했을 엄마를 위해서라도 즐겁게 지낼 생각이야.	N	2022-10-14 15:10:14	2022-10-14 15:10:14
BE22029124	14	1	역시 당신은 생각이 긍정적인 사람이라 나도 마음이 놓인다. 앞으로 우리 집에서는 추석보다 당신 생일을 더 뜻깊게 지내자. 당신이 행복해 할 수만 있다면 난 뭐든 할 테니까 마음을 놓아.	N	2022-10-14 15:10:14	2022-11-08 06:28:20
BE22029124	15	0	아까도 말했지만 이제 생일에 연연하는 나이는 지났어. 그래도 당신 마음이 고마워서 눈물이 나려고 한다. 늘 내 편이 되어줘서 정말 고마워 여보.	Y	2022-10-14 15:10:14	2022-10-14 15:10:14
