id	utterance_id	utterance_type	utterance_text	terminate	regDate	updDate
BE22028960	1	0	여보, 오늘따라 진상 손님들만 만나는 것 같아. 가게 문 닫고 집에 들어가고 싶어진다.	N	2022-10-14 09:37:00	2022-10-14 09:37:00
BE22028960	2	1	오늘은 어떤 손님이 또 당신을 괴롭힌 거야? 매일 사람들 상대하느라 피곤하겠다.	N	2022-10-14 09:37:00	2022-11-08 06:27:20
BE22028960	3	0	직원이 실수로 손님이 주문하신 메뉴 잘 못 서빙했나 봐. 컴플레인 걸며 사장인 나를 찾은 거지. 장사하는 사람이라고 무시하며 손가락질을 하는데 진짜 마음에 상처가 이루 말할 수 없더라.	N	2022-10-14 09:37:00	2022-10-14 09:37:00
BE22028960	4	1	어떤 잘못을 했든 간에 사람에게 모욕적으로 삿대질하는 데 상처를 안 받을 수가 없지. 당신이 손가락질 당하는 장면을 떠올리는 것만으로도 내 마음이 다 아프다. 당장이라도 가게 문 닫자고 하고픈 심경이야.	N	2022-10-14 09:37:00	2022-11-08 06:27:20
BE22028960	5	0	우리가 사과했는데도 들을 생각도 않더라고. 그러면서 자영업자라고 무시하는데 너무 마음이 상하고 상처가 되더라.	N	2022-10-14 09:37:00	2022-10-14 09:37:00
BE22028960	6	1	도대체 본인은 얼마나 잘났다고 그러신 건지 모르겠네. 당신이 하는 일에 늘 자부심을 갖고 일해왔는데 이렇게 모욕적인 일을 당하니 많이 속상했겠어. 직업에 귀천을 따질 수 없는 법인데 그분이 됨됨이가 부족하셨던 것 같아.	N	2022-10-14 09:37:00	2022-11-08 06:27:20
BE22028960	7	0	많은 사람들 앞에서 이런 상황이 펼쳐지는 데 진짜 충격적이더라. 이런 정도까지의 컴플레인은 처음이라 정말 마음에 상처가 커.	N	2022-10-14 09:37:00	2022-10-14 09:37:00
BE22028960	8	1	겪어보지 못했던 수모를 겪느라 당신의 마음이 정말 많이 불편하고 무거웠겠어. 하지만 그분이 표현방식이 잘못됐다는 걸 주변 사람들도 다 인지했을 거야. 결코 당신이 잘못한 일이 아니니까 상처받지 않았으면 좋겠어.	N	2022-10-14 09:37:00	2022-11-08 06:27:20
BE22028960	9	0	부당한 상황에서도 사과밖에 할 수 없는 나 자신이 너무 작아지는 거 있지. 그리고 직원들도 상처받았을 생각하니 너무 걱정도 되고 말이야.	N	2022-10-14 09:37:00	2022-10-14 09:37:00
BE22028960	10	1	나쁘게 마음 쓰는 사람들 앞에서 주눅들 필요 없어. 그러니 당당히 고개 들고 원래 당신대로 직업적 소명 의식 가지고 일했으면 좋겠어. 본인이 상처받았을 와중에 직원들 마음까지 염려하는 당신을 보면 좋은 사장인 게 틀림없어.	N	2022-10-14 09:37:00	2022-11-08 06:27:20
BE22028960	11	0	당신의 위로 덕분에 괜찮아진 것 같아. 이런 손님들은 수많은 사람들 중 한 명일 뿐이니까 흘려보내야겠다.	N	2022-10-14 09:37:00	2022-11-08 06:27:20
BE22028960	12	1	정말 좋은 마음가짐이야. 별로인 손님 하나를 만났다고 당신이 쌓아놓은 가게를 잃지 않았으면 좋겠어. 당신은 이미 충분히 훌륭한 자영업자야.	N	2022-10-14 09:37:00	2022-11-08 06:27:20
BE22028960	13	0	늘 이렇게 응원해 주고 지켜봐 주는 당신 덕분에 가게를 이 정도까지 일으킨 것 같아. 앞으로 더 열심히 사업장 꾸려나가 볼게.	N	2022-10-14 09:37:00	2022-11-08 06:27:20
BE22028960	14	1	오랜만에 당신 가게 국밥 먹고 싶다. 있다 집에 들어올 때 한 그릇 따끈하게 싸다 줘.	Y	2022-10-14 09:37:00	2022-10-14 09:37:00
