id	utterance_id	utterance_type	utterance_text	terminate	regDate	updDate
BE22029192	1	0	우리 아기를 가지고 출산해서 그런지 배 부분의 피부가 다 텄잖아요. 전 영광의 상처라고 생각을 하는데 제 동료는 그렇게 생각하지 않나 봐요. 제 배를 보더니 아는 피부과가 있다고 소개를 해준다는 거예요, 그 말에 마음에 상처받았어요.	N	2022-10-15 00:43:29	2022-11-08 06:28:46
BE22029192	2	1	당신 아주 속상했겠어요, 쌍둥이를 임신한 당신이라 배가 많이 터서 저도 속상했어요. 그런데 당신은 그 상처를 영광의 상처라고 한다니 참 긍정적인 당신이네요. 당신의 이런 점들은 본받아야겠다는 생각이 들어요.	N	2022-10-15 00:43:29	2022-11-08 06:28:46
BE22029192	3	0	전 이 상처가 보기 안 좋다는 생각을 벗하고 살았는데. 여자 동료가 제 배를 보더니 보기 안 좋다면 당장 레이저 시술을 받으라는 거 있죠. 그 말에 마음에 상처가 깊어졌어요.	N	2022-10-15 00:43:29	2022-10-15 00:43:29
BE22029192	4	1	당신이 얼마나 상처받았을지 공감이 돼서 제가 되려 마음이 아프네요. 평가했다는 것이 저도 속상하지만, 당신을 위한 말이라 생각했으면 해요. 당신이 상처에 대해서 어떻게 생각하는지 몰라서 한 이야기인데 상처를 받을까 해서 걱정이 돼요.	N	2022-10-15 00:43:29	2022-11-08 06:28:46
BE22029192	5	0	그래야 하는데 배를 보면 볼수록 그 이야기가 떠올라서 마음에 상처가 깊어져요. 저도 피부가 다 튼 게 처음에는 극복하기 힘들었어. 하지만 이 상처로 우리 아이들이 잘 자랄 수 있었던 거라 생각하며 극복한 거거든요.	N	2022-10-15 00:43:29	2022-10-15 00:43:29
BE22029192	6	1	그랬군요, 항상 밝았던 당신이라서 남편으로서 그런 아픔을 몰랐다는 게 참 미안하네요. 당신이 극복한 이야기에 다시 마음에 상처를 낸 그 말이 야속하게 느껴지네요.	N	2022-10-15 00:43:29	2022-11-08 06:28:46
BE22029192	7	0	동료가 악의를 가지고 한 것을 아니겠지만 내 마음을 너무 배려 안 해줬다는 생각이 들어요. 배가 다 텄다면 왜 그런지부터 물었어야지. 다짜고짜 상처를 치료하라고 하니 상처를 안 받을 수 없었죠.	N	2022-10-15 00:43:29	2022-11-08 06:28:46
BE22029192	8	1	당신의 이야기가 맞네요, 얼마나 상처받았을지 격하게 공감되는 마음이에요. 그래서 더욱더 당신에게 힘이 되어 주고 싶은 마음이에요. 당신의 실수가 아닌 일에 피해를 본 당신이 너무 안타까워요.	N	2022-10-15 00:43:29	2022-11-08 06:28:46
BE22029192	9	0	아침부터 여자 동료의 말에 마음에 상처를 입으니 하루의 시작을 못 하겠더라고요. 그래서 이 마음이 달래 길이 없어서 당신에게 연락하게 되었어요.	N	2022-10-15 00:43:29	2022-11-08 06:28:46
BE22029192	10	1	잘했어요, 당신이 연락을 안 주고 혼자 속상했을 생각을 하면 더 괴로운 마음이에요. 전 언제나 당신이 행복했으면 하거든요.	N	2022-10-15 00:43:29	2022-11-08 06:28:46
BE22029192	11	0	고마워요, 당신의 배려 있는 문자에 내 마음이 한결 편안해지고 힘이 나요. 누구보다 나를 공감해 주고 이해해 주는 당신이라서 그런가 봐요. 마음에 상처가 진정되네요.	N	2022-10-15 00:43:29	2022-11-08 06:28:46
BE22029192	12	1	사실 아침에 당신의 문자를 읽고 너무 충격을 받았어요. 내 아내에게 그렇게 말하는 그 사람이 미울 정도였죠. 사정이 있겠지만 누구보다 소중한 당신의 마음을 상하게 했다는 게 화가 나더라고요.	N	2022-10-15 00:43:29	2022-11-08 06:28:46
BE22029192	13	0	언제나 내 편이 되어주는 당신이라서 내가 힘이 많이 나요. 나를 지지하는 사람이 있다는 것이 이렇게 기분이 좋은 일인지 당신 덕분에 알았어요.	N	2022-10-15 00:43:29	2022-10-15 00:43:29
BE22029192	14	1	당연하죠, 우리가 부부가 되어서 남편으로서 당연히 당신에게 행복 만을 주고 싶어요. 그리고 당신이 힘들 때는 힘을 주고 싶고요.	N	2022-10-15 00:43:29	2022-10-15 00:43:29
BE22029192	15	0	당신 덕분에 오늘 받은 마음에 상처도 회복이 되었어요. 피부가 다 텄을 때는 영광의 상처로 생각했는데 남에게 지적받으니 상처가 됐죠. 괜찮다고 위로해 주는 당신의 문자에 상처가 회복되었어요.	Y	2022-10-15 00:43:29	2022-11-08 06:28:46
