id	utterance_id	utterance_type	utterance_text	terminate	regDate	updDate
BE22017236	1	0	나 자기를 만나서 처음 참치회를 먹어봤다고 이야기했었나? 나이 서른이 되어서야 처음으로 먹어봤었어. 그 나이 될 때까지 참치회 한 번 안 먹어본 사실이 정말 상처였어.	N	2022-09-06 08:38:20	2022-11-08 05:14:07
BE22017236	2	1	전혀 몰랐어, 난 당신이 참치회를 정말 좋아하는 줄만 알았거든. 그런 생각을 하면서 참치회를 먹었을 줄은 꿈에도 몰랐어.	N	2022-09-06 08:38:20	2022-11-08 05:14:07
BE22017236	3	0	우리 집 진짜 찢어지게 가난해서 언제나 도시락 반찬이 김치였어. 티브이에서 나오는 참치회가 정말 먹어보고 싶어서 엄마가 생일 선물 말해보라고 하길래 냉큼 참치회라고 말했지. 참치회가 가격이 너무 나가니까 엄마가 통조림 참치를 사 왔는데 그때의 비참함은 어디 비교도 못 해.	N	2022-09-06 08:38:20	2022-11-08 05:14:07
BE22017236	4	1	잔뜩 들떠서 기대했을 텐데 어린 마음에 정말 마음에 큰 응어리가 남았었겠다. 마음고생이 얼마나 심했을까 생각하니 내 마음이 아프네. 인제 와서 보면 참치회 그거 정말 별거 아닌데 그때는 어려서 정말 속상했겠다.	N	2022-09-06 08:38:20	2022-11-08 05:14:07
BE22017236	5	0	우리 형편 뻔히 아는데 엄마에게 뭐라고 할 수도 없어서 기뻐하는 척하면서 먹었어. 내 가난했던 시절의 아주 큰 상처가 되었건 사건이지. 가난하다는 게 정말 큰 불행으로 다가와서 마음을 힘들게 하더라.	N	2022-09-06 08:38:20	2022-11-08 05:14:07
BE22017236	6	1	속 깊은 자기가 어머니도 마음 아플 것을 알고 내색하지 않았다니 얼마나 기특해. 정말 이해심 많고 가슴 따듯한 사람이야 당신은.	N	2022-09-06 08:38:20	2022-11-08 05:14:07
BE22017236	7	0	엄마의 잘못은 아니었으니까 가난이 문제였지. 그래서 그 가난을 이겨내 보려고 나 정말 열심히 노력했어.	N	2022-09-06 08:38:20	2022-11-08 05:14:07
BE22017236	8	1	그 아픔을 바탕으로 정말 피땀을 흘려 자수성가한 당신의 노력 내가 모르면 누가 알겠어. 진짜 앞만 보고 달려온 당신이 대단해. 이렇게 우리 가족 이만큼 살 수 있었던 건 다 당신 덕분이지.	N	2022-09-06 08:38:20	2022-11-08 05:14:07
BE22017236	9	0	그래서 이제는 참치회는 아무렇지 않게 사 먹을 수 있게 되었지만, 종종 이 기억이 나를 괴롭히네.	N	2022-09-06 08:38:20	2022-11-08 05:14:07
BE22017236	10	1	물론 그 아픈 기억을 당장 사라지게 할 수는 없겠지만 우리 더 좋은 기억들로 덮어보자. 어머니도 더 호강시켜드리고 당신도 이제 좋은 것 먹으며 누리면서 살았으면 좋겠어. 그러면 조금은 그런 기억들이 사라지지 않을까.	N	2022-09-06 08:38:20	2022-11-08 05:14:07
BE22017236	11	0	당신이 해준 말이 큰 도움이 된 것 같아. 엄마도 그렇고 나도 더 좋은 추억을 만들어야겠다. 자기가 그렇게 말해줘서 마음이 편안해진 것 같아.	N	2022-09-06 08:38:20	2022-09-06 08:38:20
BE22017236	12	1	당신 마음이 조금이라도 나아졌다면 진짜 다행이다. 나도 노력해서 우리 가족 더 행복하게 살 수 있도록 할게. 당신은 이제 편하게 받기만 해!	N	2022-09-06 08:38:20	2022-11-08 05:14:07
BE22017236	13	0	갑자기 웃음이 피어오르려고 그래. 당신이 있어서 내가 웃는 것 같아. 항상 곁에서 힘이 되어줘서 정말 고마워.	N	2022-09-06 08:38:20	2022-09-06 08:38:20
BE22017236	14	1	당신도 나에게는 언제나 힘이 되어주는걸. 언제든지 힘든 일 있을 때 나에게 말해. 이제는 내가 당신의 든든한 버팀목이 되어줄 테니.	Y	2022-09-06 08:38:20	2022-11-08 05:14:07
