id	utterance_id	utterance_type	utterance_text	terminate	regDate	updDate
BE22002272	1	0	여보, 병원에서 정말 운동을 포기하라고 하더군. 재활도 소용이 없다고 하네.	N	2022-06-20 17:07:35	2022-11-08 03:39:07
BE22002272	2	1	세상에, 여보. 그런 일이 있었다니. 저번에 갔던 병원과는 다른 곳에 또 간 거야?	N	2022-06-20 17:07:35	2022-11-08 03:39:07
BE22002272	3	0	응, 무릎 부상에 대해 다른 소견도 듣고 싶어서 갔는데 결국 이런 결과를 듣게 되었네. 나 어떡하지?	N	2022-06-20 17:07:35	2022-11-08 03:39:08
BE22002272	4	1	여보, 솔직히 이런 말 너무 미안하지만 그동안 부상 회복하려고 정말 열심히 노력했잖아. 의사가 안 된다고 했을 때는 이유가 있지 않을까. 이젠 받아들이는 게 어떨까.	N	2022-06-20 17:07:35	2022-11-08 03:39:08
BE22002272	5	0	평생 운동만 하면서 살아왔는데 이제와 운동을 그만두면 대체 뭘 하고 살 수가 있는 걸까. 정말 괴로워.	N	2022-06-20 17:07:35	2022-11-08 03:39:08
BE22002272	6	1	당신이 괴로울 마음 충분히 이해해. 당신이 얼마나 운동에 진심이었는지 내가 다 지켜봐왔잖아. 많이 힘들지?	N	2022-06-20 17:07:35	2022-11-08 03:39:08
BE22002272	7	0	응, 받아들이기가 너무 힘들다. 다른 것도 아니고 부상으로 운동을 그만두고 싶지는 않았는데 말이야.	N	2022-06-20 17:07:35	2022-11-08 03:39:08
BE22002272	8	1	그만둘 때 두더라도 당신이 원할 때 그만두겠다고 재활을 얼마나 열심히 했어. 당신 정말 할 수 있는 최선을 다했잖아. 힘들겠지만, 받아들이자.	N	2022-06-20 17:07:35	2022-11-08 03:39:08
BE22002272	9	0	아, 진짜 너무 괴롭네. 이제 뭘 하면서 벌어먹을지 벌써 숨이 막혀.	N	2022-06-20 17:07:35	2022-11-08 03:39:08
BE22002272	10	1	그건 미리 걱정하지 말자. 당신 그동안 너무 고생했으니까 쉬는 것부터 생각해야지. 안 그래?	N	2022-06-20 17:07:35	2022-11-08 03:39:08
BE22002272	11	0	나이가 몇인데 돈 생각을 안 하겠어. 여태 운동한다고 당신 고생만 시켰는데 또 고생시킬 수는 없잖아.	N	2022-06-20 17:07:35	2022-11-08 03:39:08
BE22002272	12	1	제발 그런 생각은 하지 마. 운동선수랑 결혼하면서 그런 각오 없이 했을까. 당신 무릎 나아질 생각만 하자.	N	2022-06-20 17:07:35	2022-11-08 03:39:08
BE22002272	13	0	마음 써줘서 정말 고마워. 마음이 너무 힘들었는데 당신 덕분에 위로를 받는다.	N	2022-06-20 17:07:35	2022-11-08 03:39:08
BE22002272	14	1	평생 몸을 담은 일을 못 하게 된 건 정말 안타까운 일이야. 하지만 인생 제2막을 시작한다는 생각으로 마음 잘 털어내길 바랄게. 내가 곁에서 응원해줄 테니까 힘내자. 알았지?	N	2022-06-20 17:07:35	2022-11-08 03:39:08
BE22002272	15	0	그래, 그럴게. 당신 생각하면서 힘낼게. 정말 고마워.	Y	2022-06-20 17:07:35	2022-11-08 03:39:08
