id	utterance_id	utterance_type	utterance_text	terminate	regDate	updDate
BE22011645	1	0	여보, 오늘 퇴근하고 왔더니 아이가 집안을 엉망으로 어질러 놓은 거야. 아마 돈이 필요해서 집안을 뒤진 것 같은데 지난주에 분명 용돈을 넉넉히 주었거든. 무슨 일이 있는 건지, 내가 신경을 많이 못 써서 그런 건지 너무 마음이 아파.	N	2022-07-25 15:33:02	2022-11-08 04:39:15
BE22011645	2	1	아이에게 무슨 일이 생겼을까 봐 걱정된다. 어질러진 집을 보고 충격받았을 당신이 너무 걱정되는데 괜찮은지 물어보고 싶어. 내가 집안을 치워줄 수 있으면 좋을 텐데 그러지 못해서 마음이 아프고 속이 상해.	N	2022-07-25 15:33:02	2022-11-08 04:39:15
BE22011645	3	0	충격을 받은 것도 있는데 예전에 돈이 없다고 집을 이렇게 해둔 적이 또 있었거든. 그때 내가 나무라지 않고 걱정되는 마음에 그냥 용돈을 줘서 이렇게 된 것 같아. 그때의 일이 떠오르면서 마음에 상처가 됐는지, 지금 너무 쓰리고 아파.	N	2022-07-25 15:33:02	2022-11-08 04:39:15
BE22011645	4	1	여보, 아이를 키우면서는 이런저런 일이 생기기 마련이야. 이 모든 일을 다 자기의 탓으로 돌리면 당신은 너무 스트레스를 받을 거야. 걱정되고 자책하는 마음은 이해하지만, 당신도 그동안 많이 애써왔잖아.	N	2022-07-25 15:33:02	2022-11-08 04:39:15
BE22011645	5	0	내 생각 해줘서 고마워. 혼자 애를 키우면서 당연히 못 챙겨주는 부분이 있지. 이렇게 아이가 엇나갈 때는 어떻게 해야 할까.	N	2022-07-25 15:33:02	2022-11-08 04:39:15
BE22011645	6	1	당신이 잘하는 거 있잖아. 진중하게 사람의 이야기를 경청해주는 것. 아이를 데리고 와서 자기가 해왔던 것처럼 다정하고 진중하게 아이의 이야기를 들어주면 잘 될 거야.	N	2022-07-25 15:33:02	2022-11-08 04:39:15
BE22011645	7	0	맞아, 나는 사람의 이야기를 잘 들어주고 공감해주는 걸 잘하는데. 그동안 아이에게 시간이 없고 바쁘다는 핑계로 말을 못 걸었어. 그 부분은 내가 반성해야겠다.	N	2022-07-25 15:33:02	2022-11-08 04:39:15
BE22011645	8	1	당신도 당신만의 사정이 있었으니까, 그건 내가 알아줄게. 사람은 누구나 실수하고, 놓치며 살아가는 무언가가 있어. 그걸 알아차리고 개선하려고 노력한다는 것도 쉽지 않은 일이잖아.	N	2022-07-25 15:33:02	2022-11-08 04:39:15
BE22011645	9	0	응, 내가 그동안 너무 신경을 못 쓴 것 같아. 이제라도 알았으니까 바로 잡아야지. 너무 내 상처만을 들여다보면서 괴로워할 시간이 아까워졌어.	N	2022-07-25 15:33:02	2022-11-08 04:39:15
BE22011645	10	1	빨리 극복하고 일어서는 모습이 보기 좋긴 한데, 나는 자기 자신의 마음도 잘 돌봤으면 좋겠어. 아빠로서의 자아도 중요하지만, 당신은 당신 자신이기도 하잖아. 지칠 때면 나한테 기대도 괜찮아.	N	2022-07-25 15:33:02	2022-11-08 04:39:15
BE22011645	11	0	고마워. 오늘도 자기한테 많이 신세 지고 있는걸. 서툰 아빠지만 더 잘해보고 싶어.	N	2022-07-25 15:33:02	2022-11-08 04:39:15
BE22011645	12	1	당신은 잘 할 수 있을 거야. 아이와 이야기가 잘 되었으면 좋겠다. 너무 큰 일은 아니었으면 좋겠어.	N	2022-07-25 15:33:02	2022-11-08 04:39:15
BE22011645	13	0	나도 그랬으면 좋겠다고 생각해. 아이랑 잘 대화해보고 또 연락할게. 고마워.	N	2022-07-25 15:33:02	2022-11-08 04:39:16
BE22011645	14	1	고맙긴, 침착하고 다정하게 잘해! 알아서 잘할 거라고 믿어.	N	2022-07-25 15:33:02	2022-11-08 04:39:16
BE22011645	15	0	응, 진짜 고마워.	Y	2022-07-25 15:33:02	2022-11-08 04:39:16
