id	utterance_id	utterance_type	utterance_text	terminate	regDate	updDate
BE22030077	1	0	오늘 모임이 있어서 한껏 꾸미고 나갔는데 한 친구한테 할머니처럼 보인다는 말을 들어서 정말 상처받았어.	N	2022-10-16 10:22:40	2022-10-16 10:22:40
BE22030077	2	1	당신이 얼마 전부터 신경 쓴 자린데 그런 일이 있었다니 정말 속상했겠다. 친구가 농담으로 한 말일 테니 너무 마음에 두지 마.	N	2022-10-16 10:22:40	2022-11-08 06:34:08
BE22030077	3	0	사람들도 많은데 그런 말을 들으니 더 마음에 상처가 된 것 같아.	N	2022-10-16 10:22:40	2022-10-16 10:22:40
BE22030077	4	1	내가 당신 같은 상황이었어도 아마 같은 감정이었을 거야. 이 일로 당신 마음이 많이 상했을 것 같아 걱정이 된다.	N	2022-10-16 10:22:40	2022-11-08 06:34:08
BE22030077	5	0	그 친구는 항상 그런 식으로 말을 해서 내가 곤란했던 적이 한두 번이 아니야. 이런 감정이 쌓여서 내가 더 괴로운 마음이 드는 것 같다.	N	2022-10-16 10:22:40	2022-10-16 10:22:40
BE22030077	6	1	이번이 처음이 아니라니 당신이 그동안 속앓이가 심했을 것 같아 마음이 안 좋네. 당신 성격이 좋으니 아마 아무렇지도 않을 거라고 생각했나 봐. 다시는 이런 일이 생기지 않게 친구에게 이야기해주는 게 좋을 것 같아.	N	2022-10-16 10:22:40	2022-11-08 06:34:08
BE22030077	7	0	만약 친구에게 말했다가 되려 나한테 화를 낼까 그게 걱정이야. 만약 그런 상황이 오면 난 지금보다도 더 힘들 것 같거든.	N	2022-10-16 10:22:40	2022-10-16 10:22:40
BE22030077	8	1	나는 당신이 항상 좋은 사람이고 남을 배려해 주는 모습이 참 좋아. 그런데 본인 스스로가 괴로운 것을 참아가면서까지 친구를 위할 필요는 없을 것 같아. 그러니 이번엔 용기를 꼭 냈으면 좋겠다고 생각해.	N	2022-10-16 10:22:40	2022-11-08 06:34:08
BE22030077	9	0	당신 말대로 용기를 내고 싶지만 이미 그 친구에게 받은 마음의 상처가 커서 그게 어렵다.	N	2022-10-16 10:22:40	2022-10-16 10:22:40
BE22030077	10	1	내가 당신 곁에서 편이 되어줄 테니 어려운 일이라 생각하지 말고 한번 해보자. 만약 내가 이런 일로 괴로워하고 있다면 아마 당신도 나에게 똑같이 말했을 거야. 항상 내가 응원하고 있다는 걸 잊지 마.	N	2022-10-16 10:22:40	2022-10-16 10:22:40
BE22030077	11	0	당신 말을 들으니 이제야 뭐가 잘못되었는지 알 것 같아. 그리고 당신이 같은 편이라는 생각에 용기가 절로 나는 것 같아.	N	2022-10-16 10:22:40	2022-11-08 06:34:08
BE22030077	12	1	아마 이런 일이 또 반복된다면 그땐 친구 사이가 멀어질지도 몰라. 그러기보다는 안 맞는 부분은 서로 맞춰나가는 게 더 좋지 않겠어.	N	2022-10-16 10:22:40	2022-11-08 06:34:08
BE22030077	13	0	친구도 워낙 직설적이라 그렇지 아마 악의가 있어서 그런 건 아닐 거야. 내가 먼저 이야기를 해봐야겠다.	N	2022-10-16 10:22:40	2022-10-16 10:22:40
BE22030077	14	1	당신이 더 이상 이 일로 힘들지 않았으면 좋겠다. 내가 진작 알았으면 좋았을 걸 미안하다.	N	2022-10-16 10:22:40	2022-11-08 06:34:08
BE22030077	15	0	늦게 말한 내 잘못인걸. 이제라도 이 일을 해결할 수 있게 되어서 기쁘다.	Y	2022-10-16 10:22:40	2022-11-08 06:34:08
