id	utterance_id	utterance_type	utterance_text	terminate	regDate	updDate
BE22027720	1	0	당신이 보기에 내가 좀 없어 보여?	N	2022-10-12 13:04:08	2022-10-12 13:04:08
BE22027720	2	1	왜 그런 말을 해? 무슨 기분 나쁜 일이 있었어?	N	2022-10-12 13:04:08	2022-10-12 13:04:08
BE22027720	3	0	아까 친구를 만났는데, 내 운동화를 보고 많이 닳은 것 같은데 좀 버리지 그러냐고 하더라. 그 말이 너무 충격적이었고, 상처가 되었어.	N	2022-10-12 13:04:08	2022-10-12 13:04:08
BE22027720	4	1	나 같아도 그런 말을 들었으면 너무 상처가 됐을 거야. 당신 친구가 너무 기분 나쁘게 말을 했다.	N	2022-10-12 13:04:08	2022-10-12 13:04:08
BE22027720	5	0	얼마나 상황이 힘들면 그렇게 닳도록 신발을 신냐고, 좀 없어 보인다고 해서 너무 상처를 받았어. 당신도 알듯이 내가 제일 좋아하는 신발이기도 하고 아직 신을 만하니까 신는 거잖아.	N	2022-10-12 13:04:08	2022-10-12 13:04:08
BE22027720	6	1	내가 보기에도 충분히 신을 만한 상태이고, 또 필요하다면 얼마든 신발을 살 수 있는 상황이지. 당신의 기분은 생각하지 않고 아무 말이나 내뱉는 친구가 너무 무례했어. 당신이 그런 말을 담아두지 않았으면 좋겠어.	N	2022-10-12 13:04:08	2022-11-08 06:19:51
BE22027720	7	0	우리가 사고 싶은 것을 못 사는 형편도 아니잖아. 하지만 굳이 필요하지 않은 곳에 낭비를 하고 싶지는 않아. 그게 나에게는 더 가치 있는 일이기도 하고.	N	2022-10-12 13:04:08	2022-10-12 13:04:08
BE22027720	8	1	나도 당신이 불필요한 곳엔 낭비하지 않는 모습이 참 좋아. 당신처럼 현명하게 돈을 쓰는 게 굉장히 훌륭하다고 생각해.	N	2022-10-12 13:04:08	2022-11-08 06:19:51
BE22027720	9	0	당신이 그렇게 생각하고 있다니까 너무 감사하다. 친구가 그런 식으로 표현을 하니까 내가 정말 없어 보이나 싶고 신경 쓰이더라. 나 잘 살고 있는 게 맞겠지?	N	2022-10-12 13:04:08	2022-11-08 06:19:51
BE22027720	10	1	친구의 눈을 의식할 필요 없이, 지금처럼 당신은 당신의 가치관에 맞게 살아가면 되는 거야. 지금도 충분히 잘하고 있어.	N	2022-10-12 13:04:08	2022-11-08 06:19:51
BE22027720	11	0	내가 제일 사랑하는 당신이 응원해 주니까 정말 큰 힘이 된다.	N	2022-10-12 13:04:08	2022-10-12 13:04:08
BE22027720	12	1	나도 당신이 있어서 언제나 든든해.	N	2022-10-12 13:04:08	2022-11-08 06:19:51
BE22027720	13	0	당신 덕분에 상처받은 마음이 한결 가벼워졌다. 오늘도 너무 고마워.	N	2022-10-12 13:04:08	2022-11-08 06:19:51
BE22027720	14	1	기분이 좋아져서 다행이야.	Y	2022-10-12 13:04:08	2022-11-08 06:19:51
