id	utterance_id	utterance_type	utterance_text	terminate	regDate	updDate
BE22010096	1	0	하, 요즘 딸 때문에 고민이 많아.	N	2022-07-19 05:53:12	2022-11-08 04:29:24
BE22010096	2	1	자기, 무슨 일 있었어?	N	2022-07-19 05:53:12	2022-11-08 04:29:24
BE22010096	3	0	딸이 밥 먹으면서 스마트폰만 봐. 단둘이 있을 때 그러니까 상처받게 되더라고.	N	2022-07-19 05:53:12	2022-11-08 04:29:24
BE22010096	4	1	저런, 나 같아도 둘이서 식사할 때 폰만 보면 상처가 클 것 같아. 나도 가끔 딸이 그러면 기분이 별로야.	N	2022-07-19 05:53:12	2022-11-08 04:29:24
BE22010096	5	0	응, 나를 투명인간 취급하는 것 같아서 상처받았어. 나는 안중에도 없는 느낌이 들어서 말이야.	N	2022-07-19 05:53:12	2022-11-08 04:29:25
BE22010096	6	1	아무래도 그런 감정이 들 수밖에 없을 것 같아. 둘이 있는데 대화도 안 나누고 하면 당연히 상처받을 수밖에 없을 것 같아. 나도 자기처럼 그런 감정 느낀 적 많아.	N	2022-07-19 05:53:12	2022-11-08 04:29:25
BE22010096	7	0	딸이 사춘기인 걸까? 나랑 대화하기가 싫나 봐.	N	2022-07-19 05:53:12	2022-11-08 04:29:25
BE22010096	8	1	아무래도 요즘 애들이 폰으로 많은 걸 할 수 있어서 그런가 봐. 드라마도 폰으로 본다고 하잖아.	N	2022-07-19 05:53:12	2022-11-08 04:29:25
BE22010096	9	0	정말 딸이 나랑 대화하는 걸 원하지 않는 것 같아서 버려진 기분이야. 이 외로움 어떡해.	N	2022-07-19 05:53:12	2022-11-08 04:29:25
BE22010096	10	1	자기가 왜 그렇게까지 기분이 저조한지 나도 이해해. 근데 딸은 별생각 없이 폰을 들여다봤을 거야. 딸 행동에 의미까지 부여하면서 상처받을 필요가 없을 것 같아.	N	2022-07-19 05:53:12	2022-11-08 04:29:25
BE22010096	11	0	당신 말처럼 별 뜻 없이 한 거였으면 좋겠어. 식사 자리에서 폰만 보니까 아버지라는 존재가 필요 없나 싶어서 상처더라고.	N	2022-07-19 05:53:12	2022-11-08 04:29:25
BE22010096	12	1	아무래도 그런 생각을 할 수밖에 없지. 하지만 너무 지레짐작하면서 상처받는 대신 딸에게 솔직하게 털어놓는 게 어때? 그럼 오해도 풀고 상처받을 일도 없을 거야.	N	2022-07-19 05:53:12	2022-11-08 04:29:25
BE22010096	13	0	그래보는 게 좋겠어. 아무래도 나 혼자 괜히 상처받은 게 아닐까 싶어. 당신 아니었으면 계속 기분이 저조할 뻔했어.	N	2022-07-19 05:53:12	2022-11-08 04:29:25
BE22010096	14	1	응, 말은 안 하면 마음을 알 수 없잖아. 난 자기 입장도 공감이 돼서 걱정이 들더라고. 솔직하게 털어놓고 다음부터 상처받을 일 없기를 바라.	N	2022-07-19 05:53:12	2022-11-08 04:29:25
BE22010096	15	0	응, 덕분에 한결 기분이 나아졌어. 그렇게 말해줘서 고마워!	Y	2022-07-19 05:53:12	2022-11-08 04:29:25
