id	utterance_id	utterance_type	utterance_text	terminate	regDate	updDate
BE22026163	1	0	오늘 지각을 할 것 같아서 택시를 탔더니 대중교통을 탄 것보다 느리게 가네요. 회사에 늦을 것 같아서 미리 연락을 드렸는데 사정을 봐줄 수는 없다고 하시네요. 제가 그런 의도로 드린 연락이 아닌데 오해 받은 것 같아서 마음에 상처를 받았어요.	N	2022-10-09 14:22:01	2022-10-09 14:22:01
BE22026163	2	1	마음에 상처가 깊겠어요, 그건 당신을 모르고 한 소리가 분명해요. 조금이라도 알게 된다면 그런 말을 할 수 없을 텐데 정말 내가 되려 속상하네요. 당신은 미안한 마음에 드린 연락이었잖아요.	N	2022-10-09 14:22:01	2022-11-08 06:10:34
BE22026163	3	0	그러니까요, 생각보다 느린 택시에 회사에 미안해서 연락을 드린 거였어요. 그런데 그렇게 말을 들으니 상처를 받아서 정신이 멍해지더라고요. 나의 말이 다른 사람은 이렇게 받아들여 질 줄 몰랐거든요.	N	2022-10-09 14:22:01	2022-10-09 14:22:01
BE22026163	4	1	당연히 당신은 전혀 그런 의도가 아니었으니 그렇게 생각할 리가 없죠. 그러니까 생각 못한 범위 일수밖에 없어요. 전 대답을 못해서 당황했을 장면이 상상 돼서 너무 마음이 아프네요.	N	2022-10-09 14:22:01	2022-11-08 06:10:34
BE22026163	5	0	택시를 타고 회사로 가고 있는데 마음이 편하지 않아요. 이 불편한 마음으로 죌 생각을 하니 너무 마음이 안 좋네요. 상처받은 저라서 또 부장 님 앞에서는 어떻게 해야 할지 고민도 돼요.	N	2022-10-09 14:22:01	2022-11-08 06:10:34
BE22026163	6	1	당신의 원래 그 마음 그대로 하면 되죠. 원래 당신은 회사에 죄송스러운 의도로 전화를 건 것이었잖아요. 당신이 이런 문제로 고민을 하니 너무 안타까워요.	N	2022-10-09 14:22:01	2022-11-08 06:10:34
BE22026163	7	0	지각을 한 내가 제일 잘못이겠지만. 굳이 저에게 봐줄 의도라는 말을 했던 게 저에게는 큰 상처로 남았죠. 핸드폰 알람을 맞췄는데 전혀 듣지 못했어요.	N	2022-10-09 14:22:01	2022-11-08 06:10:34
BE22026163	8	1	당신이 요즘 회사 일로 야근도 하고 많이 바빴잖아요. 얼마나 회사를 위해서 헌신하는 당신인지 제가 본받아야겠다는 생각이 들어요. 그런데 당신이 몸까지 상하면서 회사 일을 열심히 하는 것 같아서 걱정이 되는 마음이에요.	N	2022-10-09 14:22:01	2022-11-08 06:10:34
BE22026163	9	0	상처받은 마음을 달랠 길이 없어서 당신에게 연락하게 되었어요. 당신에게 나의 상처 받은 마음을 말하고 싶었어요.	N	2022-10-09 14:22:01	2022-11-08 06:10:34
BE22026163	10	1	잘했어요, 당신이 혼자 속앓이를 했다면 저는 더 걱정이 되었을 거예요. 전 언제나 당신이 행복하고 기쁘기를 바라는 사람이거든요.	N	2022-10-09 14:22:01	2022-11-08 06:10:34
BE22026163	11	0	정말 고마워요, 당신이 내 마음을 알아주고 보듬어 주어서 많이 힘이 돼요. 오늘도 상처를 받고 당신의 위로와 격려의 메시지에 많이 회복이 되었어요.	N	2022-10-09 14:22:01	2022-10-09 14:22:01
BE22026163	12	1	그리고 당신을 아는 사람이라면 그런 의도가 아니라는 것을 알잖아요. 그건 한 명이 오해 한 것이니까 너무 걱정하지 않았으면 좋겠어요.	N	2022-10-09 14:22:01	2022-11-08 06:10:34
BE22026163	13	0	그래야죠. 나를 믿어주고 응원해주는 사람이 내 옆에 있는데 이렇게 상처받은 마음으로 살 순 없겠죠.	N	2022-10-09 14:22:01	2022-11-08 06:10:34
BE22026163	14	1	당신이 힘을 내주어서 너무 다행이에요, 아침에는 문자를 받고 많이 걱정이 되었어요. 당신의 마음에 오해를 받고 상처를 깊게 받은 것 같았죠. 그래서 당신에게 힘이 되어 주고 싶은 마음이었어요.	N	2022-10-09 14:22:01	2022-11-08 06:10:34
BE22026163	15	0	고마워요, 당신의 진심 어린 위로가 나에게 힘이 많이 돼요. 오늘도 전 당신에게 위로를 받고 상처를 달랬네요. 이제는 회사에 들어가서 오해 받은 부분도 풀 수 있겠다는 용기도 생겼어요.	Y	2022-10-09 14:22:01	2022-10-09 14:22:01
