id	utterance_id	utterance_type	utterance_text	terminate	regDate	updDate
BE22030092	1	0	전 아무래도 우리 아이를 잘 돌보지 못하는 것 같아요, 아무리 달래도 울음을 안 멈추네요. 우는 아이를 제대로 달래주지 못해서 아이가 진이 다 빠졌어요. 아이도 힘들고 저도 힘들고 정말 마음에 상처가 깊어지네요.	N	2022-10-16 10:44:52	2022-10-16 10:44:52
BE22030092	2	1	왜 그렇게 문자를 하는 거예요, 누구보다 아이를 사랑하는 당신이라는 걸 당신도 알잖아요. 우리 아이가 지금 컨디션이 안 좋아서 그런 것이니 너무 상처받지 말아요. 당신이 걱정되네요.	N	2022-10-16 10:44:52	2022-11-08 06:34:14
BE22030092	3	0	아무리 내가 달래도 제대로 달래 주지를 못하는지 우리 아이의 울음이 점점 더 심해져요. 당신이 출장을 가서 내가 잘 볼 수 있다고 생각했는데. 참 바보 같다는 생각이 들어서 마음에 상처를 받았어요.	N	2022-10-16 10:44:52	2022-10-16 10:44:52
BE22030092	4	1	갑자기 아기를 보면 힘들 수밖에 없어요. 지금도 잘 하고 있는 것이니 너무 힘들어하지 않았으면 좋겠어요. 그럴수록 제일 괴로워할 사람이 당신이라서 안쓰러워요.	N	2022-10-16 10:44:52	2022-11-08 06:34:14
BE22030092	5	0	아이가 울음에 진이 다 빠져 버렸나 봐요, 제가 우는 이유를 물어도 대답이 없네요. 아무래도 전 아빠 자격이 없는 것 같아요. 우는 우리 자식도 못 달래는 내가 한심해서 마음에 상처가 깊어져요.	N	2022-10-16 10:44:52	2022-10-16 10:44:52
BE22030092	6	1	많이 속상하겠어요. 하지만 당신이 최선을 다하고 있다는 것을 저도 알고 있고 우리 아이도 느낄 거예요. 우리 아이는 한번 울면 울음이 긴 아이니 너무 걱정하지 않았으면 좋겠어요.	N	2022-10-16 10:44:52	2022-11-08 06:34:14
BE22030092	7	0	그래도 제가 제대로 달래주지 못하고 아이가 무엇 때문에 우는지 도통 모르겠어요. 저와 방금 전까지 잘 놀았는데 자지러지게 울음을 터트렸어요. 당황해서 아무것도 못 하니 아이가 더 울더라고요, 정말 생각할수록 상처가 깊어지네요.	N	2022-10-16 10:44:52	2022-11-08 06:34:14
BE22030092	8	1	당신이 부디 그 괴로움을 덜어냈으면 좋겠어요, 당신의 잘못이 아니란 것을 알아요. 그러니 부디 그 슬픔에서 벗어나 마음을 편하게 먹기를 바라는 마음뿐이에요.	N	2022-10-16 10:44:52	2022-11-08 06:34:14
BE22030092	9	0	그렇게 문자 해줘서 고마워요. 당신의 위로와 격려가 나에게 힘이 많이 돼요. 무엇보다 내 잘못이 아니라고 해주는 당신에게 고마워요.	N	2022-10-16 10:44:52	2022-11-08 06:34:14
BE22030092	10	1	나의 진심인 걸요, 누구보다 우리 아이를 사랑하고 아끼는 당신인데 우는 아이를 보면 얼마나 속상하겠어요. 그 마음 공감되죠.	N	2022-10-16 10:44:52	2022-11-08 06:34:14
BE22030092	11	0	고마워요, 나도 아이를 많이 사랑하지만 우는 이유를 모르니 너무 답답하더라고요. 그래서 제대로 달래주지 못해서 아이를 더 힘들게 만든 것 같았어요.	N	2022-10-16 10:44:52	2022-10-16 10:44:52
BE22030092	12	1	감정적으로 울고 싶었을 수도 있어요. 누구도 아이의 마음을 정확하게 알 수는 없으니 너무 자책하지 않았으면 좋겠어요.	N	2022-10-16 10:44:52	2022-11-08 06:34:14
BE22030092	13	0	그랬을 수도 있겠네요, 역시 당신과 문자를 나누니 나의 상처 받았던 마음이 많이 풀렸어요. 역시 당신에게 연락하길 잘했네요.	N	2022-10-16 10:44:52	2022-10-16 10:44:52
BE22030092	14	1	당연하죠, 당신이 고통 속에서 상처를 받을 까 많이 걱정이 되었어요. 한시라도 빨리 그 고통을 덜어주고 싶은 마음뿐이었어요.	N	2022-10-16 10:44:52	2022-11-08 06:34:14
BE22030092	15	0	당신 덕분에 내 상처받았던 마음이 달래져서 너무 기쁜 마음이에요. 당신이 아니었다면 전 아직도 상처받고 아이에게 미안하고 있을 거예요. 당신 덕분에 아이를 이해할 수 있는 마음이 되었어요.	Y	2022-10-16 10:44:52	2022-11-08 06:34:14
