id	utterance_id	utterance_type	utterance_text	terminate	regDate	updDate
BE22029507	1	0	여보, 오늘 회사 야유회에서 너무 기운이 없는 나머지 중간에 빈혈로 쓰러진 거 있지. 어릴 때부터 몸이 약하긴 했지만 커서도 이렇게 툭 하면 쓰러지니 너무 억울하고 힘들어.	N	2022-10-15 10:30:20	2022-10-15 10:30:20
BE22029507	2	1	오늘 갑자기 의식불명이 된 거야? 나 지금 당신 얘기를 듣고 너무 많아 놀랐어. 지금은 괜찮은 게 맞아?	N	2022-10-15 10:30:20	2022-11-08 06:30:40
BE22029507	3	0	나도 언제 쓰러진 지 기억도 안 나. 그냥 잠깐 머리가 빙 도는 것 같았는데 눈을 뜨니까 병원이더라고. 미처 당신한테 연락도 못 했네.	N	2022-10-15 10:30:20	2022-10-15 10:30:20
BE22029507	4	1	우선 마음을 가라앉히고 조금 편하게 쉬고 있어. 내가 일 끝나자마자 바로 달려갈게. 당신이 많이 놀랐을 걸 생각하니 내 마음이 더 아프다.	N	2022-10-15 10:30:20	2022-11-08 06:30:40
BE22029507	5	0	병원에 혼자 누워 있는데 문득 너무 억울한 거 있지. 남들은 다 건강해 보이는데 나만 계속 아프니까 말이야. 내가 뭘 잘못한 것도 아닌데 왜 자꾸 아픈 줄 모르겠어.	N	2022-10-15 10:30:20	2022-11-08 06:30:40
BE22029507	6	1	몸이 약한 게 당신 잘못은 아니잖아. 당신은 운동도 열심히 하고 식단도 철저하게 챙기고 있잖아. 난 당신이 참 근사하다고 생각해, 그러니 자책하지 않았으면 좋겠어.	N	2022-10-15 10:30:20	2022-11-08 06:30:40
BE22029507	7	0	나도 내 잘못이 아니란 건 알지만 가만 보면 이럴 때 너무 억울해. 결국 나는 내 몸을 보호하지 못하고 다른 사람의 도움이 필요한 존재인 거잖아. 나는 온전히 나 자신으로 건강하게 존재하고 싶은데 말이야.	N	2022-10-15 10:30:20	2022-11-08 06:30:40
BE22029507	8	1	당신이 혼자 병원 침대 위에 누워서 그런 생각을 했다는 걸 상상하니 마음이 아프다. 난 당신이 충분히 일도 자기관리도 다 잘하고 있다고 생각해. 건강도 전보다 훨씬 좋아졌고 말이야.	N	2022-10-15 10:30:20	2022-11-08 06:30:40
BE22029507	9	0	물론, 아주 어렸을 때랑 비교하면 확실히 건강해지긴 했어. 하지만 완전히 좋다고는 말하기 어려워. 남들과 비교할 수 없을 만큼 말이야.	N	2022-10-15 10:30:20	2022-10-15 10:30:20
BE22029507	10	1	자기야, 사람은 다 탁월한 게 다르지 않을까. 당신은 몸이 약한 대신 놀라운 집중력과 센스를 타고났잖아. 다른 사람과 자기 자신을 비교하지 않았으면 좋겠어.	N	2022-10-15 10:30:20	2022-11-08 06:30:40
BE22029507	11	0	당신의 말을 듣고 나니까 그동안 내가 너무 스스로를 절벽에 몰아갔단 생각이 들어. 당신 말대로 나 자신을 좀더 아끼고 사랑해야겠단 생각이 드네. 정말 고마워, 당신 덕분에 기분이 좋아졌어.	N	2022-10-15 10:30:20	2022-10-15 10:30:20
BE22029507	12	1	난 자기를 볼 때마다 늘 배울 점이 많은 사람이라 생각했어. 그건 처음에도 지금도 마찬가지야. 그러니 당신은 자기 자신에게 좀더 자신감을 가지면 어떨까.	N	2022-10-15 10:30:20	2022-11-08 06:30:40
BE22029507	13	0	맞아, 나는 이제 나 자신을 좀더 사랑해야겠어. 자기야 정말 고마워. 당신이 없었으면 이런 생각을 하지 못했을 거야.	N	2022-10-15 10:30:20	2022-10-15 10:30:20
BE22029507	14	1	나도 당신이 있어서 더 나아가는 나 자신을 느껴. 우리 서로 성장하는 사이가 되자. 사랑해.	Y	2022-10-15 10:30:20	2022-11-08 06:30:40
