id	utterance_id	utterance_type	utterance_text	terminate	regDate	updDate
BE22010359	1	0	여보 곧 전쟁 같은 명절이 다가오네. 그것만 생각하면 가슴이 답답해서 숨을 못 쉬겠어.	N	2022-07-20 01:37:10	2022-11-08 04:31:04
BE22010359	2	1	당신 지난번 명절 때 어머니가 하신 행동으로 받은 상처가 아직 마음에 남아 있는 거야?	N	2022-07-20 01:37:10	2022-11-08 04:31:05
BE22010359	3	0	나도 우리 부모님께 귀한 딸인데. 그저 일만 도와주러 온 사람처럼 대하는 모습이 가슴에 못이 박힌 것 같았어.	N	2022-07-20 01:37:10	2022-11-08 04:31:05
BE22010359	4	1	맞아. 사실 어머니가 당신에게 하는 행동을 보며 좀더 따뜻하게 대해줬으면 하고 내 마음도 안 좋았어.	N	2022-07-20 01:37:10	2022-11-08 04:31:05
BE22010359	5	0	응. 매번 명절 때마다 시할머니, 시부모님, 시누이까지 그 안에서 나 혼자인 것처럼 너무 외로워.	N	2022-07-20 01:37:10	2022-11-08 04:31:05
BE22010359	6	1	나도 있고 우리 딸아이도 있는데, 당신이 왜 혼자라고 생각해? 당신은 내 하나뿐인 아내이고 우리 딸의 훌륭한 엄마인걸.	N	2022-07-20 01:37:10	2022-11-08 04:31:05
BE22010359	7	0	당신이 그렇게 말해주니 위로가 된다. 날 너무 편하게 생각하셔서 그런 건 알지만, 그래도 상처를 치유할 시간이 필요한 것 같아. 지난 명절 이후로 체한 것처럼 답답하네.	N	2022-07-20 01:37:10	2022-11-08 04:31:05
BE22010359	8	1	그럼, 모든 상처는 아물 시간이 필요하잖아. 이번 명절에는 당신 부모님 댁에서 보내는 건 어떨까?	N	2022-07-20 01:37:10	2022-11-08 04:31:05
BE22010359	9	0	그런데 상처받았다고 피해버리면 시댁 식구들이 더 의아하게 생각할 거야. 그 사이에서 난 더 소외되는 건 아닐까 염려스러워.	N	2022-07-20 01:37:10	2022-11-08 04:31:05
BE22010359	10	1	때로는 거리를 조금 두는 편이 나을 수 있어 시간이 자연스럽게 해결해 줄 거야.	N	2022-07-20 01:37:10	2022-11-08 04:31:05
BE22010359	11	0	당신이 내 입장을 이해해주고 공감해주니 꼭 내 편이 생긴 것 같아 든든해.	N	2022-07-20 01:37:10	2022-11-08 04:31:05
BE22010359	12	1	당연히 나는 당신 편이지 내가 어머니께 잘 말씀드려볼게. 너무 걱정하지 말았으면 좋겠어, 내가 중간에서 잘하도록 할게.	N	2022-07-20 01:37:10	2022-11-08 04:31:05
BE22010359	13	0	고마워. 당신이 아니었다면 가슴 깊이 상처가 남았을 거야.	N	2022-07-20 01:37:10	2022-11-08 04:31:05
BE22010359	14	1	항상 내가 옆에서 당신 편이라는 걸 잊지 말고 내게 감정을 공유해줬으면 해. 난 당신이 혼자 속앓이하는 게 너무 속상하니 이야기해줘.	Y	2022-07-20 01:37:10	2022-11-08 04:31:05
