id	utterance_id	utterance_type	utterance_text	terminate	regDate	updDate
BE22020669	1	0	어떻게 가면 갈수록 깜박깜박하는 게 심해져요. 오늘은 중요한 연례 회의가 있었는데 잊어버렸어요. 너무 충격적이에요, 제가 회의를 놓쳤다는 사실에 스스로 상처받았어요.	N	2022-09-23 03:55:18	2022-11-08 05:38:10
BE22020669	2	1	여보 너무 깜짝 놀라고 마음이 많이 다쳤을 거 같아요. 회의 깜빡했다는 사실을 알고 당신이 얼마나 당황했을지 문자 보는데 제가 다 당혹스럽고 마음이 아프네요.	N	2022-09-23 03:55:18	2022-11-08 05:38:10
BE22020669	3	0	처음에는 아무 생각 없이 일하고 있는데 직원이 연례회의 참석 안 하셔도 된다는 거예요. 그래서 제가 회의 저번에 했다고 생각하고 일을 계속하고 있었거든요. 갑자기 생각난 거예요, 오늘 진짜로 회의가 있다는 게.	N	2022-09-23 03:55:18	2022-11-08 05:38:10
BE22020669	4	1	꼼꼼하고 철두철미한 당신이 그런 중요한 일을 까먹었으니 가히 충격적이고 당혹스러워서 상처 입었겠어요. 자주 깜빡하는 저도 중요한 일을 놓치면 저 자신을 그렇게 책망하지 않을 수가 없는데. 당신이 자책하고 있을 걸 생각하니 제 마음이 너무 안 좋네요.	N	2022-09-23 03:55:18	2022-11-08 05:38:10
BE22020669	5	0	머릿속에 계속 직원이 말해줬을 때만 알아차렸어도. 이 생각만 들면서 어쩜 이럴 수 있나 싶어 저한테 상처받았어요. 다른 사람이 언급까지 해줬는데 어떻게 그걸 까먹을 수 있는 건지 정말 제가 너무 못마땅해요.	N	2022-09-23 03:55:18	2022-11-08 05:38:10
BE22020669	6	1	저라도 그런 일이 있었으면 너무 놀라서 앞이 깜깜해졌을 거 같아요. 그리고 멍해져서 아무 생각도 안 들 거 같아요.	N	2022-09-23 03:55:18	2022-11-08 05:38:10
BE22020669	7	0	맞아요. 지금 아무 생각도 안 들고 저 자신이 너무 한심스러워서 어쩜 이럴 수 있나 상처받았어요. 내가 이제 이 정도로 늙은 건가 싶기도 하고, 남들한테 피해만 주는 건가 싶고. 별의별 생각이 다 스치네요.	N	2022-09-23 03:55:18	2022-11-08 05:38:10
BE22020669	8	1	배려심 깊고, 일을 세심하고 꼼꼼하게 하는 사람이 실수했으니 마음이 더 힘들 거 같아요. 그래도 실수는 누구나 할 수 있는 거잖아요. 저도 자주 집안 행사도 까먹고 회사 일정도 까먹잖아요.	N	2022-09-23 03:55:18	2022-11-08 05:38:10
BE22020669	9	0	그렇죠, 누구든 건망증이 있을 수 있는데. 중요한 회의를 잊어버렸다는 게 충격적이라서 지금 마음이 상한 거 같아요.	N	2022-09-23 03:55:18	2022-09-23 03:55:18
BE22020669	10	1	당신 마음이 너무 이해돼요. 그런데, 당신이 일부러 까먹은 게 아니잖아요. 정말 실수로 그런 거니까 너무 상심하지 말아요, 누구나 그럴 수 있으니까요.	N	2022-09-23 03:55:18	2022-11-08 05:38:10
BE22020669	11	0	네 실수로 까먹은 거예요.	N	2022-09-23 03:55:18	2022-09-23 03:55:18
BE22020669	12	1	그럼요 다 이해해요. 당신이 요즘 건망증이 생기는 거 같아서 전부 노트나 달력에 써두잖아요. 저는 당신의 그런 노력을 보고 진심으로 존경스러웠어요.	N	2022-09-23 03:55:18	2022-11-08 05:38:10
BE22020669	13	0	노트에 적어두는 게요? 왜 존경스러워요?	N	2022-09-23 03:55:18	2022-11-08 05:38:10
BE22020669	14	1	사실 나이가 들면 대다수 사람은 건망증이 심해지잖아요. 그러면 그냥 나이 탓하고 더 잘 기억해야지 하고 마는데. 당신은 그 해결 방안을 모색해서 어떻게든 실수하지 않으려고 노력한 거잖아요.	N	2022-09-23 03:55:18	2022-11-08 05:38:10
BE22020669	15	0	맞아요, 실수하지 않으려고 노트나 달력에 적어두기 시작했어요.	N	2022-09-23 03:55:18	2022-11-08 05:38:10
BE22020669	16	1	그러니깐요, 그 자체로 너무 대단해요, 그 상황에 안주하거나 다른 탓을 하지 않고. 스스로 노력해서 변화하려는 당신의 의지력이 너무 멋있어요. 오늘은 마음이 상했을 수도 있지만 앞으로는 더 꼼꼼히 써두면 상처받을 일이 없을 거예요.	Y	2022-09-23 03:55:18	2022-11-08 05:38:10
