id	utterance_id	utterance_type	utterance_text	terminate	regDate	updDate
BE22025701	1	0	여보, 바빠? 나 이제 다시 일 시작 못할 것 같아.	N	2022-10-08 11:25:06	2022-10-08 11:25:06
BE22025701	2	1	요즈음 취업하기가 하늘에 별 따기라고 하더라. 너무 힘들어 보여서 걱정이네.	N	2022-10-08 11:25:06	2022-11-08 06:07:49
BE22025701	3	0	내 주변 엄마들은 다 취업에 성공했어. 왜 나만 이렇게 취업이 힘든 걸까. 내가 무능한 사람이라는 것 같아서 탈락 문자가 올 때마다 너무 상처야.	N	2022-10-08 11:25:06	2022-10-08 11:25:06
BE22025701	4	1	취업이라는 게 누군가에게 평가 받는 일이니까 얼마나 스트레스가 심한지 알아. 혼자만 늦어지니 당신 자존감도 많이 떨어지는 것 같아서, 내 마음도 좋지 않다.	N	2022-10-08 11:25:06	2022-10-08 11:25:06
BE22025701	5	0	주변 엄마들이 취업하는 걸 보면서 나도 용기 낸 거였는데, 이렇게 안될 줄 몰랐어. 엄마가 아닌 나는 아무 능력도 없는 사람인가 봐.	N	2022-10-08 11:25:06	2022-10-08 11:25:06
BE22025701	6	1	나는 아들 셋을 키워낸 당신보다 대단한 사람은 이 세상에 없다고 생각하는데? 아이를 셋이나 키우느라 공백기가 길었으니까 다른 사람들 보다 힘든 게 당연해. 다른 사람들과 비교하면서 상처 받을 필요가 전혀 없어.	N	2022-10-08 11:25:06	2022-11-08 06:07:49
BE22025701	7	0	하지만 온갖 군데에 다 넣어도 떨어지니까 어느 곳에서도 난 필요없는 사람이라는 뜻 같아서 괴로워. 난 가치 없는 사람 같아, 취업은 포기해야 하나 봐.	N	2022-10-08 11:25:06	2022-10-08 11:25:06
BE22025701	8	1	난 당신이 취업을 해야 한다고 생각하기보다는, 아이들 키우느라 못했던 꿈을 찾아간다고 생각했으면 좋겠어. 마음에 여유를 가지고 당신이 정말 하고 싶은 일을 찾아보는 건 어때?	N	2022-10-08 11:25:06	2022-11-08 06:07:49
BE22025701	9	0	아이들이 크고 나니까 그저 사회생활을 다시 시작해야 한다고만 생각했어. 내가 잘 할 수 있는 일, 하고 싶은 일을 찾아본다고는 전혀 생각하지 못했는데. 그렇게 생각하니까 괴롭기보다는 오히려 조금 설렌다.	N	2022-10-08 11:25:06	2022-11-08 06:07:49
BE22025701	10	1	한동안 취업시장에서 멀어져 있었으니 힘든 게 당연한데. 그런 일에 당신의 가치를 논할 필요는 없다고 생각해. 취업뿐이 아니라 엄마, 아내가 아니어도 당신 그 자체로 소중한 사람인 걸.	N	2022-10-08 11:25:06	2022-11-08 06:07:49
BE22025701	11	0	엄마의 역할이 끝나고 아무 것도 못하는 사람이 될까봐 마음이 급했어. 그러다 보니 무작정 취업에 뛰어들어 상처를 받은 것 같아. 당신이 그렇게 말해주니까 힘이 나.	N	2022-10-08 11:25:06	2022-11-08 06:07:49
BE22025701	12	1	당신은 뭐든 잘 하고 싶어 하고, 열정적인 사람이잖아. 아마 그래서 그런 마음이 들었을 거야. 당신이 행복해 할 수 있는 일을 찾아보자, 나도 도와줄게.	N	2022-10-08 11:25:06	2022-11-08 06:07:49
BE22025701	13	0	고마워, 당신 덕분에 자존감이 올라가는 것 같아.	N	2022-10-08 11:25:06	2022-10-08 11:25:06
BE22025701	14	1	난 언제나 당신 편이니까, 혼자 힘들어하지 말고 지금처럼 울적할 땐 언제든 연락해.	Y	2022-10-08 11:25:06	2022-10-08 11:25:06
