id	utterance_id	utterance_type	utterance_text	terminate	regDate	updDate
BE22029042	1	0	여보, 나 오늘 손님한테 너무 상처받는 말을 들어서 마음이 아파.	N	2022-10-14 11:55:03	2022-10-14 11:55:03
BE22029042	2	1	무슨 말을 들었길래 당신 기분이 이렇게 안 좋아?	N	2022-10-14 11:55:03	2022-10-14 11:55:03
BE22029042	3	0	손님이 이미 쓴 물건을 환불한다고 해서 안 된다고 했더니, 나보고 재수 없대. 그 말이 비수가 되어 가슴에 꽂히더라고, 너무 속상했어. 이 일을 하며 여러 상처받는 말을 들었지만, 오늘은 유독 힘들었어.	N	2022-10-14 11:55:03	2022-11-08 06:27:50
BE22029042	4	1	저런, 아무리 진상 고객이라도 그렇게 심한 말을 하다니. 당신이 그 말을 듣고 얼마나 상처받았을까.	N	2022-10-14 11:55:03	2022-11-08 06:27:50
BE22029042	5	0	가끔 이렇게 마음을 아프게 하는 손님들이 있어. 일이라고 생각하고 받아들이려고 해도 너무 힘들고 그 말이 잊히지 않는다.	N	2022-10-14 11:55:03	2022-11-08 06:27:50
BE22029042	6	1	나도 당신이 일터에서 그런 말을 들었다니 가슴이 찢어질 것 같아. 듣는 나도 힘든데 면전에서 그런 일을 당한 당신은 얼마나 마음이 안 좋았겠어.	N	2022-10-14 11:55:03	2022-10-14 11:55:03
BE22029042	7	0	이 일을 하기가 점점 더 힘들어지는 것 같아. 몸이 힘든 것보다 상처받는 마음이 가장 힘들어.	N	2022-10-14 11:55:03	2022-11-08 06:27:50
BE22029042	8	1	오늘 일은 누가 겪었어도 정말 속상한 일이었을 거야. 하지만 행복을 주는 고객들도 많잖아, 그래서 당신이 이 일을 선택한 거고. 그 마음을 생각하면 마음에 조금 위로가 되지 않을까, 당신이 행복했으면 좋겠어.	N	2022-10-14 11:55:03	2022-11-08 06:27:50
BE22029042	9	0	그렇게 생각하니 마음이 조금은 나아져. 위로해줘서 진심으로 고마워 여보.	N	2022-10-14 11:55:03	2022-11-08 06:27:50
BE22029042	10	1	많이 힘들지, 매일 그래도 씩씩하게 일하는 당신을 보며 나도 힘을 얻는다는 걸 잊지 마. 당신은 소중하고 아주 멋있는 사람이야.	N	2022-10-14 11:55:03	2022-11-08 06:27:50
BE22029042	11	0	고마워, 생각해보면 나에게 기쁨을 주는 것도 손님들이니까. 가끔 이런 일이 있어도 훌훌 털고 넘길래.	N	2022-10-14 11:55:03	2022-10-14 11:55:03
BE22029042	12	1	맞아, 분명 내일은 손님들을 통해 또 다른 기쁨을 만나게 될 거야. 당신의 내일을 언제나 응원해.	N	2022-10-14 11:55:03	2022-11-08 06:27:50
BE22029042	13	0	덕분에 기분이 훨씬 나아졌어. 내가 힘들 때마다 곁에 있어 줘서 고마워 여보.	N	2022-10-14 11:55:03	2022-11-08 06:27:50
BE22029042	14	1	기분이 나아졌다니 다행이다, 나도 당신 마음이 편해져서 안심된다.	Y	2022-10-14 11:55:03	2022-11-08 06:27:50
