id	utterance_id	utterance_type	utterance_text	terminate	regDate	updDate
BE22028949	1	0	여보, 나 오늘 직장에서 너무 상처받는 일이 있었어요. 제 이야기 들어주실 수 있으세요?	N	2022-10-14 09:14:39	2022-10-14 09:14:39
BE22028949	2	1	무슨 일이길래 그렇게 심각한 거예요? 시간 많으니까 천천히 말해봐요.	N	2022-10-14 09:14:39	2022-11-08 06:27:16
BE22028949	3	0	오늘 소모품이 다 떨어져서 제가 사러 갔다 왔어요. 분명 메모에 적힌 대로 잘 사갔는데 다른 브랜드의 물건으로 잘못 사왔다고 저한테 욕을 하시는 거 있죠. 제가 너무 수치스럽고 상처를 받았어요.	N	2022-10-14 09:14:39	2022-11-08 06:27:16
BE22028949	4	1	직장에서 당신한테 그런 안 좋은 일이 있었군요. 지금 힘들어할 당신을 생각하니까 내가 너무 마음이 아프네요. 평소에도 이런 일이 자주 있어요?	N	2022-10-14 09:14:39	2022-11-08 06:27:16
BE22028949	5	0	아뇨, 오늘 처음 있는 일이에요. 물건의 브랜드가 다르다고 그렇게 화를 내는 게 너무 이상하고 충격이에요. 제가 그 상황에서 정말 큰 상처를 받았어요.	N	2022-10-14 09:14:39	2022-10-14 09:14:39
BE22028949	6	1	당신이 이런 부당한 일로 큰 상처를 받았군요. 당신 마음이 어떨지 다 이해가 가요. 당신 옆에 내가 없다는 게 너무 미안해지네요.	N	2022-10-14 09:14:39	2022-11-08 06:27:16
BE22028949	7	0	왜 그런 걸로 트집을 잡는 건지 잘 모르겠어요. 좋은 분이라고 생각했는데 저러시니까 너무 괴롭고 힘들어요.	N	2022-10-14 09:14:39	2022-11-08 06:27:16
BE22028949	8	1	당신이 처음 겪는 일에 적응도 안 되고 충격을 많이 받아서 더 상처받은 것 같아요. 내가 당신 입장이었어도 그렇게 느꼈을 거예요.	N	2022-10-14 09:14:39	2022-11-08 06:27:16
BE22028949	9	0	다른 사람들 앞에서 저를 비난하시는 데 정말 견디기 힘든 시간이었어요. 그 상황이 자꾸 떠오르니까 제 상처가 더 커지는 것 같아요.	N	2022-10-14 09:14:39	2022-10-14 09:14:39
BE22028949	10	1	많은 사람들 앞에서 그런 면박을 받으니까 당신이 충분히 상처받을 만한 상황이라고 생각해요. 얼마나 큰 상처를 받았을지 저는 상상도 할 수가 없네요. 당신 옆으로 가서 꼭 안아주고 따뜻하게 위로해주고 싶어요.	N	2022-10-14 09:14:39	2022-11-08 06:27:16
BE22028949	11	0	그 일이 머릿속에서 떠나지 않아서 일도 손에 안 잡혀요. 그 분 얼굴을 볼 때마다 그 일이 떠올라서 괴롭고 상처에 소금을 뿌리는 것 같아요.	N	2022-10-14 09:14:39	2022-11-08 06:27:16
BE22028949	12	1	가뜩이나 사람들 시선을 부담스러워하는 당신이 그 상황에서 얼마나 힘들고 아팠을지 생각하니까 내 마음이 아프네요. 내가 끝나는 대로 당신 회사 앞에 갈 테니까 나랑 같이 해결책을 찾아보는 게 어떨까요?	N	2022-10-14 09:14:39	2022-11-08 06:27:16
BE22028949	13	0	당신이 내 마음을 이해해주고 보듬어주니까 내가 점점 진정이 되는 것 같아요. 당신이 없었으면 어땠을지 정말 끔찍하네요.	N	2022-10-14 09:14:39	2022-11-08 06:27:16
BE22028949	14	1	내가 도움이 되었다니까 정말 기쁘네요. 언제나 당신 곁에 있을 테니까 힘들 때면 내 곁으로 달려와서 의지해줬으면 좋겠어요. 당신이 항상 행복하고 밝게만 있어 줬으면 하는 게 내 바램이에요.	N	2022-10-14 09:14:39	2022-11-08 06:27:16
BE22028949	15	0	그렇게 말해줘서 정말로 고마워요, 여보. 당신이 있어서 내가 얼마나 든든한지 몰라요. 회사 앞에서 기다리고 있을 테니까 얼른 오고 사랑해요.	Y	2022-10-14 09:14:39	2022-11-08 06:27:16
