id	utterance_id	utterance_type	utterance_text	terminate	regDate	updDate
BE22027350	1	0	여보, 나 친구들과 여행지에 잘 도착했어. 오랜만의 여행이라 들뜨고 신났는데 숙소에서 기분이 확 상했지 뭐야.	N	2022-10-12 03:40:32	2022-10-12 03:40:32
BE22027350	2	1	몇 년 만에 친구들과 가는 여행이어서 당신이 정말 기대하면서 갔잖아? 그런데 어떤 곳을 구했길래 당신 기분이 상했을까?	N	2022-10-12 03:40:32	2022-10-12 03:40:32
BE22027350	3	0	바로 앞이 물가인 멋진 펜션도 많은데, 하필 마을 제일 뒤에 있는 펜션인 거야. 게다가 옆집은 아이들이 있는 손님이어서 우리 밤새워 수다 떨기도 힘들겠어.	N	2022-10-12 03:40:32	2022-10-12 03:40:32
BE22027350	4	1	저런, 인터넷으로 구한 펜션이라 미처 위치까지 제대로 확인이 안 됐던 모양이네. 잔뜩 기대했을 텐데 당신 얼마나 서운했을까, 내가 다 마음이 아프네.	N	2022-10-12 03:40:32	2022-11-08 06:17:36
BE22027350	5	0	펜션 예약한 친구는 이럴 줄 몰랐다며 난감해하는데 거기다 대고 뭐라 할 수도 없잖아. 사실 친구들이 금액이 너무 세다고, 적당한 금액에서 펜션 고르라고 하긴 했었어. 그래도 와보니 크게 실망해서 모처럼 들뜬 기분에 상처가 됐어.	N	2022-10-12 03:40:32	2022-11-08 06:17:36
BE22027350	6	1	그러게, 당신이 얼마나 실망하고 상처받았을까 생각하니 내 마음도 쓰리다. 그런데 예약한 친구는 수고한 공도 없이 불편하고 억울할 수도 있겠네. 그 친구도 많이 상처받았을 것 같아.	N	2022-10-12 03:40:32	2022-11-08 06:17:36
BE22027350	7	0	그렇긴 해. 나조차 노력도 안 하고 친구들 수고에 묻어가려고 했던 마음이 있었어. 금액 상관없이 좋은 곳 고르기로 했으면 이곳보다 훨씬 좋은 곳을 구할 수 있었겠지. 비싸고 럭셔리한 곳 가자 하지 못하는 상황도 그렇고, 모든 게 서글퍼.	N	2022-10-12 03:40:32	2022-11-08 06:17:36
BE22027350	8	1	오랜만에 콧바람 쐬러 가서 마냥 즐거워도 모자랄 판에 그렇게 서로가 속상하고 불편하면 안 되지. 펜션이 여행 목적의 전부는 아니잖아.	N	2022-10-12 03:40:32	2022-11-08 06:17:36
BE22027350	9	0	당신 말이 맞아. 자연 속에서 동무들과 마음 가는 대로 쉬어보자 해서 온 여행이야. 투덜대고 괴로워하고 있기엔 이 귀한 시간이 너무 아깝지.	N	2022-10-12 03:40:32	2022-11-08 06:17:36
BE22027350	10	1	어떻게 간 여행인데, 여행 기분을 망치고 싶지 않은 욕심은 누구나 다 있지. 그래도 상처받고 속상한 마음으로 있으면 해결될 일은 아무것도 없잖아. 당신이 좀 더 힘내서 분위기 전환을 시켜보면 어때?	N	2022-10-12 03:40:32	2022-11-08 06:17:36
BE22027350	11	0	당신 말대로 나라도 정신 차리고 남은 여행 망치지 않도록 즐겁게 지내야겠어. 당신과 문자 보내지 않았으면 다운된 기분으로 내내 속상하고 서운해서 상처받은 마음으로 투덜대며 보냈을 것 같아.	N	2022-10-12 03:40:32	2022-11-08 06:17:36
BE22027350	12	1	당신은 긍정의 아이콘이잖아. 속상하고 상처받았지만 금세 또 분위기를 전환시킬 줄 아는 멋진 여자야. 그러니까 친구들을 위해 당신이 분위기 전환 한판 신나게 해줘.	N	2022-10-12 03:40:32	2022-11-08 06:17:36
BE22027350	13	0	응, 그래볼게. 여기 펜션이 산 밑에 있어서 가장 조용하고 공기도 가장 상쾌한 것 같아. 이제 맛난 거 먹으며 수다 떨어야지. 고마워, 자기야.	N	2022-10-12 03:40:32	2022-10-12 03:40:32
BE22027350	14	1	모처럼 간 여행이니 알뜰하게 잘 챙기며 즐겁게 지내고 와.	Y	2022-10-12 03:40:32	2022-11-08 06:17:36
