id	utterance_id	utterance_type	utterance_text	terminate	regDate	updDate
BE22012662	1	0	자기야. 나 오늘 모임에서 너무 상처받는 일 있었어.	N	2022-08-01 05:37:21	2022-11-08 04:45:38
BE22012662	2	1	당신 그 모임만 다녀오면 즐거워 했잖아. 무슨 일이 있었길래 그래?	N	2022-08-01 05:37:21	2022-11-08 04:45:38
BE22012662	3	0	나랑 제일 친하던 친구가 나머지 애들한테 내가 임대 아파트 산다고 하는 걸 직접 들었어. 내가 없는 자리에서 말이야. 배신감에 온몸이 떨리고 가슴에 상처로 남았어.	N	2022-08-01 05:37:21	2022-11-08 04:45:38
BE22012662	4	1	당신이 싫어하는 줄 알면서 일부러 했다니 나까지 충격인걸. 소울메이트나 다름없는 친구라고 했었잖아. 말 안 해도 당신 상처가 얼마나 컸을지 내가 다 가슴 아프네.	N	2022-08-01 05:37:21	2022-11-08 04:45:38
BE22012662	5	0	맞아. 나 있을 때 물어보는 것도 아니고 꼭 뒷담화하는 것처럼 비웃더라고. 저번에 집값이 얼마냐느니 그런 소리 했다고 했잖아. 아무리 생각해도 저의가 느껴져서 가슴을 후벼 파는 기분이야.	N	2022-08-01 05:37:21	2022-11-08 04:45:38
BE22012662	6	1	왜 아니겠어. 나 같아도 충격에서 헤어 나오지 못할 거야. 더군다나 당신 사정을 잘 아는 사람이잖아. 그 친구랑 얘기는 해봤어?	N	2022-08-01 05:37:21	2022-11-08 04:45:38
BE22012662	7	0	얘기해보고말고 그런 기분도 안 들어. 이 상처가 얼마나 깊은지 당신 가고 나서 출근 못하고 앓아누웠어. 얼마나 상처받았는지 임대 아파트에 사는 내가 한심해질 지경이야.	N	2022-08-01 05:37:21	2022-11-08 04:45:38
BE22012662	8	1	그런 마음이 든다니 너무 가슴 아프네. 우리 처음 이사 왔던 날 얼마나 좋아했는지 기억나? 지금 당장은 그런 생각이 들지 모르겠지만 우리만의 계획이 있고 행복하게 내린 결정이었잖아.	N	2022-08-01 05:37:21	2022-11-08 04:45:38
BE22012662	9	0	당신 말을 들으니 맞아. 내가 그 한마디에 너무 배신감이 커서 내 모든 걸 부정할 뻔했네. 우린 무엇보다 더 열심히 살기 위해서 내린 결정이었는데 말이야.	N	2022-08-01 05:37:21	2022-11-08 04:45:38
BE22012662	10	1	이래야 역시 당신이지. 그렇게 부정적인 생각이 당신을 옭아매지 못하도록 좋은 생각을 해보자.	N	2022-08-01 05:37:21	2022-11-08 04:45:38
BE22012662	11	0	정말 고마워. 더 행복한 우리를 위해 긍정적인 생각만 할게. 당신 얘기를 들으니 아무래도 이런 감정을 가지고 있는 것보다 친구랑 얘길 해야겠어.	N	2022-08-01 05:37:21	2022-11-08 04:45:38
BE22012662	12	1	당신의 소중한 친구였으니 그 고민도 잘 해결될 거라고 믿어. 당신이 있기에 항상 내가 행복하다는 것도 잊지 마.	N	2022-08-01 05:37:21	2022-11-08 04:45:38
BE22012662	13	0	응. 그렇게 말해 줘서 고마워. 당신과 얘기하다 보니 상처보다 마음이 단단해진 것 같아. 처음 집에 들어왔던 그때를 생각하며 열심히 살아갈래.	N	2022-08-01 05:37:21	2022-11-08 04:45:38
BE22012662	14	1	응. 우리 하루하루를 행복하게 살아가자. 사랑해.	N	2022-08-01 05:37:21	2022-11-08 04:45:38
BE22012662	15	0	고마워. 나도 사랑해.	Y	2022-08-01 05:37:21	2022-11-08 04:45:38
