id	utterance_id	utterance_type	utterance_text	terminate	regDate	updDate
BE22030177	1	0	여보, 나 친구에게 상처 받았어. 친구가 나의 노고를 전혀 모르는 것 같아.	N	2022-10-16 12:33:21	2022-10-16 12:33:21
BE22030177	2	1	친구와 무슨 일이 있었길래 그래? 친구가 여보를 무시라도 했던 거야?	N	2022-10-16 12:33:21	2022-10-16 12:33:21
BE22030177	3	0	어렵게 예약한 음식점에 가기로 한 약속을 친구가 일방적으로 취소했어. 나에게 말도 제대로 안 해주고 그렇게 취소하는 행동에 상처 받게 되더라.	N	2022-10-16 12:33:21	2022-10-16 12:33:21
BE22030177	4	1	친구가 참 너무하다는 생각이 절로 드네. 나였어도 너무 서운해서 마음에 상처를 받았을 것 같아. 여보 지금 무척 기분이 안 좋은 상태겠구나.	N	2022-10-16 12:33:21	2022-11-08 06:34:46
BE22030177	5	0	응, 그 음식점도 친구가 가고 싶다고 해서 내가 예약했거든. 워낙 인기 많은 음식점이라 예약하기 어려워서 내가 한 달 전부터 도전하다 예약 잡은 거였어. 근데 내 노력이 그렇게 물거품이 되니까 마음이 아파.	N	2022-10-16 12:33:21	2022-10-16 12:33:21
BE22030177	6	1	그런 속사정이 있었구나. 여보 말을 들으니 내가 다 안타까울 지경이야. 여보가 받은 그 상처 감히 내가 헤아릴 수 없겠구나.	N	2022-10-16 12:33:21	2022-11-08 06:34:46
BE22030177	7	0	오랜만에 만나게 되는 친구라 정말 기대도 많이 했는데 일방적으로 약속을 취소하니까 섭섭해. 나를 소중한 사람이라고 생각하는 것 같지 않아서 나도 그냥 연락 안 하려고 해.	N	2022-10-16 12:33:21	2022-10-16 12:33:21
BE22030177	8	1	여보, 일단은 상황을 잘 모르는 상태에서 감정적으로 행동하지 않았으면 좋겠어. 취소 사유를 물어보면서 대화로 해결하는 걸 먼저 해봤으면 해. 여보가 지금 당장의 감정으로 행동했다가 나중에 후회할까 봐 염려가 돼서 하는 말이야.	N	2022-10-16 12:33:21	2022-11-08 06:34:46
BE22030177	9	0	그렇지만 친구가 사정이 있었으면 나에게 말해줬겠지. 별말 없이 취소한 걸 보니 분명 나를 무시하는 게 틀림없어. 그것 때문에 내가 상처를 받은 거야.	N	2022-10-16 12:33:21	2022-11-08 06:34:46
BE22030177	10	1	피치 못할 사정이 있을 수도 있잖아, 그러니 진정하고 상황을 파악했으면 좋겠어. 아니면 상처를 받았다고 솔직하게 말하면 상대방도 다음부터 그런 행동을 하지 않을 거야. 상처 받았다고 마음의 문을 닫는 대신 그 사람도 행동을 고칠 수 있도록 기회를 주자.	N	2022-10-16 12:33:21	2022-11-08 06:34:46
BE22030177	11	0	여보 말이 맞는 것 같아. 그동안 함께 한 세월도 많은데 내가 한 번의 일로 연을 끊으려고 했던 것 같아. 여보 말을 들으니 그 친구도 사정이 있을 것 같다는 생각이 들어서 진정이 되네.	N	2022-10-16 12:33:21	2022-10-16 12:33:21
BE22030177	12	1	응, 나는 예전에 누가 나한테 상처를 주면 바로 관계를 끊었거든. 근데 시간이 지나니까 그게 그렇게 후회가 되더라고. 여보는 성숙하게 잘 대처하기를 바랄게.	N	2022-10-16 12:33:21	2022-11-08 06:34:46
BE22030177	13	0	경험이 묻어난 조언이었구나. 어쩐지 유달리 도움이 되는 말이었어. 여보 말처럼 일단 친구한테 속사정을 물어볼게.	N	2022-10-16 12:33:21	2022-10-16 12:33:21
BE22030177	14	1	응, 잘 해결되기를 바랄게! 그럼 나중에 퇴근하고 집에서 봐!	Y	2022-10-16 12:33:21	2022-11-08 06:34:46
