id	utterance_id	utterance_type	utterance_text	terminate	regDate	updDate
BE22029180	1	0	여보, 올케가 더 이상 부모님을 모실 수 없다고 말하면서 같은 자식으로서 도리를 지키라네요. 내가 부모님만 안 모셨을 뿐이지 불효를 저지른 게 아니잖아요. 갑자기 절 비난하는 올케의 말에 마음에 상처를 받았어요.	N	2022-10-15 00:03:42	2022-11-08 06:28:41
BE22029180	2	1	당신 정말 상처 받았겠어요, 처남 댁도 사정이 있었겠지만 그렇게 말하는 것은 아니라는 생각이 드네요. 문자로 전해 들은 이야기지만 나도 이렇게 상처를 받았는데 당신은 얼마나 힘들겠어요.	N	2022-10-15 00:03:42	2022-11-08 06:28:41
BE22029180	3	0	오케이가 부모님을 모시고 살아서 항상 고마운 마음이었어요. 내가 자식이 되어서 못 모시는 게 죄 스러워서 항상 미안한 마음이었고요. 그런데 올케가 나를 그렇게 생각했다니 정말 마음에 상처가 깊어지네요.	N	2022-10-15 00:03:42	2022-10-15 00:03:42
BE22029180	4	1	그건 한 사람의 생각일 뿐 아무도 그렇게 생각하는 사람이 없어요. 나를 비롯해서 부모님도 항상 효심이 깊다고 칭찬하잖아요. 저 그런 당신을 보면서 본 받아야겠다는 생각을 해요.	N	2022-10-15 00:03:42	2022-11-08 06:28:41
BE22029180	5	0	부모님을 모시는 당사자가 나에게 한 말이라서 이렇게 마음에 상처를 입었나 봐요. 그리고 내가 너무 믿었던 사람에게 생각지도 못한 말을 들어서 너무 상처받은 것도 있어요.	N	2022-10-15 00:03:42	2022-11-08 06:28:41
BE22029180	6	1	그렇죠, 당신과 처남 댁은 참 사이가 좋았잖아요. 서로를 챙겨주면서 내가 보기에도 기분이 좋아지는 사이였죠. 오늘 올케가 당신에게 그렇게 말했다니 사실이지만 나도 안 믿어질 정도로 놀랐어요.	N	2022-10-15 00:03:42	2022-11-08 06:28:42
BE22029180	7	0	올케도 사정이 있어서 참다 참다 말한 것이겠지만, 나에게 말이 너무 심했어요. 그래도 내가 손 윗사람인데 그렇게 말하면 안 되는 거잖아요. 정말 상처받은 마음에 대꾸도 못하고 끊었죠.	N	2022-10-15 00:03:42	2022-11-08 06:28:42
BE22029180	8	1	그랬군요, 당신이 문자로 알려준 내용이라고 해도 상상 돼서 그런지 전 당신이 걱정되네요. 아무리 대응 없이 끊었다고 해도 상처 받았을 거란 생각이 들어요. 정말 당신 잘못이 아니니 상처받지 않기를 바라요.	N	2022-10-15 00:03:42	2022-11-08 06:28:42
BE22029180	9	0	그래야 하는데 자꾸 생각이 떠오르고 생각할수록 마음에 상처가 깊어져요. 올케가 더 이상 부모님을 모실 수 없다는 사실보다. 나에게 했던 말 때문에 더 상처를 받았어요.	N	2022-10-15 00:03:42	2022-10-15 00:03:42
BE22029180	10	1	그렇죠, 누구라도 상처받을 만한 말들이고 절대 상대 방에게 써서는 안 되는 비난조의 말이었어요. 그래서 상처 받을까 해서 난 더 당신이 걱정되는 마음인 거죠.	N	2022-10-15 00:03:42	2022-11-08 06:28:42
BE22029180	11	0	처음에는 그 말이 뭔가 제 머리를 치는 듯한 느낌이라서 정신을 못 차렸어요. 그리고 마음에 상처가 깊어졌다는 생각이 들 때는 주체가 안 됐죠. 이 마음을 달랠 길이 없어서 당신에게 연락한 거예요.	N	2022-10-15 00:03:42	2022-11-08 06:28:42
BE22029180	12	1	연락 주길 잘했어요, 이런 문제로 아파하는 당신을 떠올리면 제가 다 눈물이 나려고 해요. 우리가 사정이 있다는 걸 알 텐데 참 배려 없는 그 말에 마음이 상하네요. 그래서 전 당신에게 힘을 주고 싶고 당신을 응원하고 싶은 마음이에요.	N	2022-10-15 00:03:42	2022-11-08 06:28:42
BE22029180	13	0	고마워요, 당신에게서 진심 어린 응원을 받았더니 힘이 나네요. 올케의 말에 상처를 받고 힘들었는데 큰 위로가 돼요. 당신의 응원의 문자는 날 다시 일어설 수 있게 하는 것 같아요.	N	2022-10-15 00:03:42	2022-11-08 06:28:42
BE22029180	14	1	정말 당신이 힘이 나기를 바라며 한 문장을 정성 들이며 썼어요. 누구보다 당신이 행복했으면 하는 사람이에요 나는. 그래서 이번 일로 상처받은 당신을 떠올리면 마음이 찢어질 것 같았어요.	N	2022-10-15 00:03:42	2022-11-08 06:28:42
BE22029180	15	0	정말 고마워요, 당신의 그 응원이 나에게는 한 줄기 빛 같이 느껴져요. 힘이 나면서 이제는 어떻게 이 일을 해결할지 다시 생각하게 되네요. 이게 다 당신에게 위로의 문자를 받고 상처를 달랬기 때문이에요.	Y	2022-10-15 00:03:42	2022-11-08 06:28:42
