id	utterance_id	utterance_type	utterance_text	terminate	regDate	updDate
BE22022983	1	0	여보, 오늘도 애들이 제대로 안 일어나서 한바탕했어. 나만 육아에 희생되는 것 같고 매번 아이들이랑 다툴 때마다 상처가 돼.	N	2022-09-30 06:40:03	2022-09-30 06:40:03
BE22022983	2	1	오늘도 당신이 애들 깨워서 학교 보내느라 수고가 많았구나. 집안일 내가 마음 쓰지 못하는 것 같아 진심으로 미안하게 생각해. 아이들과 계속 부딪히다 보면 당연히 마음이 상할 수밖에 없지.	N	2022-09-30 06:40:03	2022-11-08 05:51:43
BE22022983	3	0	이젠 머리들이 좀 컸다고 말을 안 듣기 시작해. 깨워도 지각하겠다고 대들면서 신경질 내는데 진짜 마음이 쓰리더라. 본인들이 그런 말을 할 때마다 내가 상처받는 건 아는지 모르겠어.	N	2022-09-30 06:40:03	2022-09-30 06:40:03
BE22022983	4	1	배 아파서 낳은 녀석들이 그렇게 말하면 당연히 배신감도 들고 마음이 찢어질 듯 아프지. 당신 얘기만 들어도 내가 이렇게 답답한데 온종일 아이들 케어하려면 얼마나 더 신경이 쓰이겠어. 아이들이 바르게 자랄 수 있도록 항상 마음 쓰는 당신에게 참 고맙게 생각해.	N	2022-09-30 06:40:03	2022-11-08 05:51:43
BE22022983	5	0	혼자 독박 육아하는 것 같아서 너무 힘들고 괴로워. 아이들이랑 씨름하는 것도 지쳐. 이런 나날들이 나에게 상처를 줄 것 같아.	N	2022-09-30 06:40:03	2022-11-08 05:51:43
BE22022983	6	1	지금까지 이렇게 상처받고 아파한 적 없는 당신이었는데 정말 힘들었나 보다. 그동안 내가 당신 마음을 더 면밀히 들여다보지 못한 것 같아 진심으로 미안하게 생각해. 앞으로 정말 지치거나 힘든 일 있으면 내게 이렇게 풀어줬으면 좋겠어.	N	2022-09-30 06:40:03	2022-11-08 05:51:43
BE22022983	7	0	항상 집에만 있거나 장 보러 가는 일밖에 없으니 마음이 답답했던 것 같아. 처음엔 몰랐는데 그런 시간들이 쌓여 내가 상처로 자리 잡은 것 같아.	N	2022-09-30 06:40:03	2022-11-08 05:51:43
BE22022983	8	1	이제는 내가 더 당신의 마음의 소리를 들으려고 노력하고 다가가도록 애써볼게. 그러니까 너무 힘들어하지 말고 나에게 위로받기를 바라. 그런다면 당신의 마음의 상처도 점차 아물게 될 거라 생각해.	N	2022-09-30 06:40:03	2022-11-08 05:51:43
BE22022983	9	0	당신이 이렇게 얘기해 줄줄 알았다면 진작에 털어놓는 거였는데 그랬어. 덕분에 많은 위안이 됐어.	N	2022-09-30 06:40:03	2022-11-08 05:51:43
BE22022983	10	1	때로는 표현하지 않으면 전혀 모를 때가 있어. 그러니 상처받은 일 혼자 끌어안지 말고 언제라도 내게 표현해 줘. 나는 당신 마음을 계속 나누고 싶어.	N	2022-09-30 06:40:03	2022-11-08 05:51:44
BE22022983	11	0	내가 말하면 당신이 싫어할 거라고 생각했어. 그래서 더 조심스러웠던 것 같아.	N	2022-09-30 06:40:03	2022-09-30 06:40:03
BE22022983	12	1	아이들 교육은 혼자 짊어져야만 하는 일인데 왜 그렇게 생각해. 함께하지 못해서 내가 오히려 미안하지. 그런 생각 하지 말고 힘들면 언제든 내게 기대.	N	2022-09-30 06:40:03	2022-11-08 05:51:44
BE22022983	13	0	아침부터 상처받은 마음이 사르르 녹았어. 당신 일하느라 바쁠 텐데 문자해서 미안해. 그리고 내 한탄 들어줘서 고마워.	N	2022-09-30 06:40:03	2022-11-08 05:51:44
BE22022983	14	1	일도 일이지만 가정이 먼저지. 나는 늘 당신과 아이들이 우선이니까 언제라도 힘들 때 꼭 얘기해 줘.	Y	2022-09-30 06:40:03	2022-09-30 06:40:03
