id	utterance_id	utterance_type	utterance_text	terminate	regDate	updDate
BE22029460	1	0	여보, 올해도 또 이 시기가 다가오네요. 아직 까지 마음의 상처가 아물지 않았는데, 매해 너무 힘들어요.	N	2022-10-15 08:47:14	2022-11-08 06:30:23
BE22029460	2	1	어느덧 벌써 한 해가 흘렀네요. 시간이 어찌나 빠른지 도무지 그 속도를 따라가지 못하겠어요. 당신은 더 그렇겠죠, 괜찮아요?	N	2022-10-15 08:47:14	2022-10-15 08:47:14
BE22029460	3	0	엄마가 세상을 떠난 지도 꽤 됐는데, 아직까지 도 제 마음은 괜찮아 지지가 않아요. 엄마를 잃은 상처는 아물지 않고 계속 덧나가는 것만 같아요.	N	2022-10-15 08:47:14	2022-11-08 06:30:23
BE22029460	4	1	하루 아침에 괜찮아질 수 없는 일이잖아요. 당신 마음이 얼마나 상심이 크고 힘들지 저는 감히 상상도 못 하겠죠. 내가 해줄 수 있는 게 없다는 게 정말 가슴 아프네요.	N	2022-10-15 08:47:14	2022-11-08 06:30:24
BE22029460	5	0	엄마가 더 이상 제 곁에 없다는 걸 애써 잊으면서 살아가고 있어요. 그러다가 이렇게 제사날이라도 다가오면 차가운 현실을 마주해야 해서 너무 괴로워요. 괜찮아지다가도 상처를 후벼파는 슬픔에 정신을 못 차리겠어요.	N	2022-10-15 08:47:14	2022-10-15 08:47:14
BE22029460	6	1	때로는 시간만이 해결해줄 수 있는 게 있기 마련이에요. 억지로 괜찮은 척 하지 말고, 오히려 슬픔을 마주하고 다 쏟아 내버려요. 괜찮을 수가 없는 일이잖아요, 엉엉 울어도 아무도 당신을 이상하게 보지 않아요.	N	2022-10-15 08:47:14	2022-11-08 06:30:24
BE22029460	7	0	엄마가 없는데 엄마가 좋아하는 음식을 준비하고, 엄마를 추억하는 게 너무 괴로워요. 저는 아직 준비가 되지 않았는데 왜 자꾸 엄마가 없다는 걸 인정하라는 건지.	N	2022-10-15 08:47:14	2022-10-15 08:47:14
BE22029460	8	1	어머니도 하늘에서 당신이 자신으로 상처받고 괴로워하는 모습을 보면 가슴 아플 거예요. 어머니가 돌아가셨다고 아예 사라진 건 아니잖아요. 없는 게 아니라 다른 모습으로 살아 있는 거예요, 그걸 기억해요.	N	2022-10-15 08:47:14	2022-10-15 08:47:14
BE22029460	9	0	이렇게 후회되고 힘들 줄 알았으면 더 잘해드릴 걸 그랬어요. 그랬으면 지금 상처도 덜 했을 거고, 이렇게까지 괴롭지 않을 텐데 말이에요.	N	2022-10-15 08:47:14	2022-11-08 06:30:24
BE22029460	10	1	내가 당신 어머니였다면 당신이 자신을 기억하면서 슬프고, 괴로워만 하길 바라지 않을 거예요. 오히려 함께해서 좋았다고 추억해주고, 기쁜 마음으로 떠올려주길 바랄 거예요. 그러니까 당신 마음 속에 어머니를 항상 품고 행복하게 살아요, 그게 어머니를 위하는 길이에요.	N	2022-10-15 08:47:14	2022-11-08 06:30:24
BE22029460	11	0	당신 말이 맞아요. 물론 당장 괜찮아질 수는 없겠지만 적어도 엄마를 생각하며 괴로워하는 마음은 더 이상 가지지 않아야겠어요. 엄마도 그건 바라지 않을 거니까요, 당신 덕분에 마음이 다잡네요.	N	2022-10-15 08:47:14	2022-11-08 06:30:24
BE22029460	12	1	그 누구도 당장 괜찮아지지 않았다고 당신을 탓하지 않아요. 그러니까 시간이 걸리더라도 충분히 당신 마음에 귀 기울이면서 상처가 덧나지 않도록 치유했으면 좋겠어요. 누구에게나 큰 일인 걸 요, 오래 걸려도 당신이 괴롭지 않는 게 우선이란 걸 기억했으면 좋겠어요.	N	2022-10-15 08:47:14	2022-11-08 06:30:24
BE22029460	13	0	당신이 이렇게 든든하게 제 옆에서 위로해주고 격려해주니까 정말 힘이 나요. 이번 제사는 그 전과는 조금은 다른 마음으로 챙길 수 있을 것 같아요. 고마워요, 당신.	N	2022-10-15 08:47:14	2022-11-08 06:30:24
BE22029460	14	1	나에게 가장 중요한 건 당신의 행복이고, 당신 마음의 평화에요. 혼자 끙끙 앓다 보면 상처만 커질 뿐이니까요, 우린 둘이니까 함께 나누자고요. 그러니까 힘들 땐 나를 떠올리고, 나에게 다 털어놨으면 좋겠어요. 힘내요, 여보.	Y	2022-10-15 08:47:14	2022-11-08 06:30:24
