id	utterance_id	utterance_type	utterance_text	terminate	regDate	updDate
BE22029985	1	0	여보, 오늘 우리 부모님이 요양원에 들어가셨어. 남동생이 모실 형편이 안 되는데 나도 그래서 그냥 그렇게 하시기로 했어. 부모님이 요양원에 들어가신 일로 마음의 상처를 입어서 너무 괴로워.	N	2022-10-16 08:00:56	2022-11-08 06:33:35
BE22029985	2	1	지금 당신 심정이 어떨까 생각하니 나도 마음이 아프다. 내가 형편이 되면 모실 텐데 그렇지 못해서 미안해. 그래도 두 분이 함께 계셔서 덜 외로우실 거라 생각하고 마음을 달래기 바라.	N	2022-10-16 08:00:56	2022-11-08 06:33:35
BE22029985	3	0	우리 형편이 조금만 좋았어도 내가 모셨을 텐데 싶어서 너무 속상해. 두 분이 함께 계신 건 그나마 위로가 되지만 그 모습이 너무 쓸쓸해 보였어. 우리가 멀어질 때까지 문 앞에 서 계시던 모습이 떠올라서 상처 입은 마음이 마구 욱신거린다.	N	2022-10-16 08:00:56	2022-11-08 06:33:35
BE22029985	4	1	요즘은 요양원도 시설이 잘되어 있으니 너무 속상해하지 않아도 돼. 그곳에는 같은 연배의 친구들도 많이 계셔서 외롭지 않으실 거야. 더구나 두 분이 함께 계시는 거니 정말 다행이다 생각하고 마음을 풀어.	N	2022-10-16 08:00:56	2022-11-08 06:33:35
BE22029985	5	0	두 분 건강이 안 좋으셔서 걱정이 많은 거야. 그래서 그런지 두 분 사이도 예전 같지 않은 것 같아 그것도 상처가 되네. 요양원에서는 기본적인 건강 체크만 한다니 어떨지 모르겠기에 마음이 안 놓여.	N	2022-10-16 08:00:56	2022-11-08 06:33:35
BE22029985	6	1	요양원의 낯선 사람들 사이에서 지내면 두 분이 저절로 서로 의지하실 테니 그건 걱정하지 마. 건강에 문제가 생기면 요양원 측에서 병원에 모실 테니 그것도 걱정할 필요 없어. 당신이 마음 편히 지내야 부모님도 안심하실 거라 생각하고 마음을 내려놓기 바라.	N	2022-10-16 08:00:56	2022-11-08 06:33:35
BE22029985	7	0	비싸고 시설 좋은 사설 요양원에 못 보내 드린 것도 마음에 걸려. 지금 들어간 요양원은 등급을 받아서 가는 곳이라서 어떨지 모르겠어. 가난한 사람 취급 당해서 푸대접이라도 받으면 정말 마음의 상처를 입을 거 같아.	N	2022-10-16 08:00:56	2022-10-16 08:00:56
BE22029985	8	1	지금 지자체에서 운영하는 요양원도 다 시설이 좋으니 그런 걱정은 할 필요가 없어. 그곳이 어디든 두 분 마음이 편하시면 된다 생각하고 마음을 내려놓아. 그리고 자주 찾아뵈면 되니까 마음을 편히 먹기 바라.	N	2022-10-16 08:00:56	2022-11-08 06:33:35
BE22029985	9	0	두 분 표정이 너무 쓸쓸해 보이던 게 계속 마음에 남아있어. 꼭 우리를 원망하는 것 같은 얼굴이었어. 그 표정을 떠올리기만 해도 가슴에 상처가 있는 듯 아파오네.	N	2022-10-16 08:00:56	2022-10-16 08:00:56
BE22029985	10	1	지금은 그래도 그곳 생활에 적응이 되시면 그게 훨씬 괜찮을 거야. 당신은 직장에 나가야 되는데 두 분이 집에 계시면 그게 더 신경 쓰이겠지. 두 분에게는 스물네 시간 보살피는 사람들이 있는 요양원이 더 좋다고 생각을 바꾸기 바라.	N	2022-10-16 08:00:56	2022-11-08 06:33:35
BE22029985	11	0	당신 말을 듣고 생각해 보니 일리가 있는 소리야. 당신 말대로 내가 집에 있는 사람이 아니다 보니 신경을 다 쏟을 수는 없겠지. 앞으로는 요양원 측에서 두 분을 책임져 준다 생각하니 마음이 좀 풀린다.	N	2022-10-16 08:00:56	2022-11-08 06:33:35
BE22029985	12	1	당신 마음이 풀린다니 나도 안심이 된다. 이왕 요양원에 가신 거, 그만 마음을 내려놓고 두 분이 잘 지내시길 바라는 게 좋겠어. 자식들이 안타까워하면 그게 오히려 두 분에게 부담이 된다 생각하고 마음을 편히 가져.	N	2022-10-16 08:00:56	2022-11-08 06:33:35
BE22029985	13	0	정말 생각해 보니 두 분이 얼른 그곳에 적응하시도록 도와 드리는 게 맞는 것 같아. 그러자면 내가 먼저 마음을 내려놓아야 할 것 같아. 당신 말대로 두 분이 같이 계셔서 괜찮다 생각하기로 했어.	N	2022-10-16 08:00:56	2022-10-16 08:00:56
BE22029985	14	1	나이가 드신 어른들은 사는 장소보다 마음 상태가 더 중요한 것 같아. 요양원에서 친구도 사귀시면서 잘 지내면 그걸로 행복해 하실 테니 당신도 편하게 생각해. 이제 부모님 걱정은 잊고 당신 자신을 돌아보며 즐겁게 지내기 바라.	N	2022-10-16 08:00:56	2022-11-08 06:33:35
BE22029985	15	0	부모님이 요양원에 들어가신 일로 마음이 너무 아팠었는데 이제 다 풀렸어. 이게 다 당신 덕분이라서 정말 고마워.	Y	2022-10-16 08:00:56	2022-11-08 06:33:35
