id	utterance_id	utterance_type	utterance_text	terminate	regDate	updDate
BE22028911	1	0	아빠는 엄마의 요리를 항상 맛없다고 하셔. 항상 그 말을 엄마에게 대놓고 말씀하시는데 그게 나에게도 상처가 돼.	N	2022-10-14 08:21:15	2022-10-14 08:21:15
BE22028911	2	1	아버지께서 말씀을 지나치게 하셔서 당신에게도 상처가 되었나 보다. 부모님의 대화를 통해서 자녀가 상처를 입기도 하니까. 당신이 많이 속상했겠다.	N	2022-10-14 08:21:15	2022-11-08 06:27:02
BE22028911	3	0	처음에 나는 별생각 없었는데 계속해서 그러시니까 엄마가 상처받는 게 느껴져. 그리고 이제는 나에게 너무 상처가 되잖아.	N	2022-10-14 08:21:15	2022-10-14 08:21:15
BE22028911	4	1	어머니께서 마음 아프실까 봐 당신이 더 마음 쓰이겠구나. 나도 내가 상처받는 건 참아도 나의 소중한 사람이 상처받는 건 못 참겠더라. 당신 마음 충분히 이해돼.	N	2022-10-14 08:21:15	2022-11-08 06:27:02
BE22028911	5	0	평소에도 아빠는 엄마를 무시해서 속상할 때가 많았어. 그런 모습을 볼 때마다 내가 엄마를 더 보호해야겠다는 다짐을 해.	N	2022-10-14 08:21:15	2022-10-14 08:21:15
BE22028911	6	1	당신같이 엄마를 생각하는 딸이 옆에 있어서 어머니는 든든하실 거야. 마음 다치지 말고 힘내 여보.	N	2022-10-14 08:21:15	2022-11-08 06:27:02
BE22028911	7	0	나이가 드시면 덜 할 줄 알았는데, 나아진 게 없어. 서로 상처 주지 않고 좀 화목하게 지냈으면 좋겠어.	N	2022-10-14 08:21:15	2022-10-14 08:21:15
BE22028911	8	1	아버지도 모두가 편안히 지냈으면 하는 마음은 가지고 계실 거야. 당신이 바라보는 부모님의 모습을 아버지께 말씀드려보는 건 어때?	N	2022-10-14 08:21:15	2022-11-08 06:27:02
BE22028911	9	0	내 진심을 아빠에게 전하면 좀 달라질 수 있을까? 부모님이 더 행복하실 수 있다면 뭐라도 해봐야겠지?	N	2022-10-14 08:21:15	2022-10-14 08:21:15
BE22028911	10	1	지금까지의 모습이 한순간에 달라질 수는 없겠지. 하지만 포기하지 않고 시도하다 보면 일말의 변화는 나타날 거야. 변화를 위해 노력한다는 자체로 큰 의미가 있는 거니까.	N	2022-10-14 08:21:15	2022-11-08 06:27:03
BE22028911	11	0	당신 말이 정답이네. 시도조차 하지 않으면 지금보다 절대 좋아질 수가 없지.	N	2022-10-14 08:21:15	2022-11-08 06:27:03
BE22028911	12	1	아버지와 그런 대화를 하는 게 처음에는 어색할 거야. 꾸준히 하다 보면 좋은 이야기를 많이 나눌 수 있을 거야.	N	2022-10-14 08:21:15	2022-11-08 06:27:03
BE22028911	13	0	당신이 용기를 줘서 할 수 있을 것 같아. 진심으로 고민을 나눠줘서 고마워.	N	2022-10-14 08:21:15	2022-11-08 06:27:03
BE22028911	14	1	내가 당신에게 힘이 된다면 무엇이든 도울 거야.	Y	2022-10-14 08:21:15	2022-10-14 08:21:15
