id	utterance_id	utterance_type	utterance_text	terminate	regDate	updDate
BE22028853	1	0	여보, 우리 할머니가 살날이 며칠 안 남았대. 아무리 연로하시다지만 갑작스러운 시한부 판정이라 충격이야.	N	2022-10-14 07:17:39	2022-11-08 06:26:41
BE22028853	2	1	검사 결과가 그렇게 나온 거야? 나도 마음이 찢어지는 듯 아프다.	N	2022-10-14 07:17:39	2022-11-08 06:26:41
BE22028853	3	0	당신도 알다시피 나는 어린 시절을 할머니와 보냈잖아. 20살부터 떨어져 지냈어도 가장 가까운 가족이 할머니인데. 너무 상처받아서 자꾸 눈물이 나.	N	2022-10-14 07:17:39	2022-10-14 07:17:39
BE22028853	4	1	어떤 말로도 당신을 위로하기 어려울 것 같아 나도 너무 조심스럽다. 당신이 울면 할머님 마음도 너무 아플 거야. 이렇게 말하는 나도 괜히 눈물이 나려고 하네.	N	2022-10-14 07:17:39	2022-10-14 07:17:39
BE22028853	5	0	이제 할머니를 보내드릴 준비를 해야 한다는 게 믿기지 않아. 할머니는 자연스러운 일이라고 웃어 보이지만 나는 내 세계가 무너진 기분인걸.	N	2022-10-14 07:17:39	2022-11-08 06:26:41
BE22028853	6	1	자기 마음이 많이 다친 것 같아 나도 너무 걱정돼. 가시는 길 외롭지 않게 우리가 최선을 다하자. 그러기 위해선 힘들겠지만, 우리가 마음을 다잡아야 해.	N	2022-10-14 07:17:39	2022-11-08 06:26:41
BE22028853	7	0	사실은 나도 이런 결과를 짐작했는지도 몰라. 할머니는 살 만큼 살았다고 하지만 나는 더 같이 지내고 싶은 마음에 속상한 것 같아.	N	2022-10-14 07:17:39	2022-10-14 07:17:39
BE22028853	8	1	이런 일이 생겼는데 의연하게 반응할 수 있는 사람이 어디 있겠어. 하지만 할머니를 위해서라도 달리 노력하자. 남은 시간을 후회 없이 지낼 수 있게 최선을 다할 수 있도록 힘을 내자.	N	2022-10-14 07:17:39	2022-11-08 06:26:41
BE22028853	9	0	머리로는 그래야 한다는 걸 아는데 다친 마음이 회복되지 않네. 할머니와 이별하게 되리라곤 상상도 못 했어.	N	2022-10-14 07:17:39	2022-11-08 06:26:41
BE22028853	10	1	이별은 언제나 갑작스럽게 찾아오는 것 같아. 그래서 더 슬플 테고. 하지만 남은 일들과 시간이 있으니까 거기에만 집중하며 마음을 다스리는 게 좋을 거야.	N	2022-10-14 07:17:39	2022-11-08 06:26:41
BE22028853	11	0	당신 말이 맞아. 이렇게 울고 감정 소모할 시간도 아깝게 느껴져. 할머니도 아주 속상할 텐데 내가 더 의젓하게 힘을 보태고 싶어.	N	2022-10-14 07:17:39	2022-11-08 06:26:41
BE22028853	12	1	나도 같은 마음이야. 어쩌면 살아가는 모두가 한 번은 겪을 수밖에 없는 이별이겠지. 중요한 건 그 이별의 시간을 어떻게 잘 소화하냐일 거야.	N	2022-10-14 07:17:39	2022-11-08 06:26:41
BE22028853	13	0	그래, 할머니를 보내고서 후회하고 싶지는 않아. 미련이 남지 않도록 할 수 있는 일들을 할 거야.	N	2022-10-14 07:17:39	2022-10-14 07:17:39
BE22028853	14	1	나도 백방으로 도울게. 그러니 너무 염려하지 말고 이 시기를 같이 잘 통과해 보자.	N	2022-10-14 07:17:39	2022-10-14 07:17:39
BE22028853	15	0	그래도 이런 순간에 당신이 있다는 게 큰 힘이 돼. 덕분에 마음이 한결 나아. 위로해 줘서 고마워 여보.	Y	2022-10-14 07:17:39	2022-11-08 06:26:41
