id	utterance_id	utterance_type	utterance_text	terminate	regDate	updDate
BE22028900	1	0	내일이면 아버지 기일이네. 마음이 적적해서 일이 잘 손에 잡히지 않아.	N	2022-10-14 08:11:19	2022-10-14 08:11:19
BE22028900	2	1	시아버지 기일이 다가오니까 당신 마음이 많이 뒤숭숭한가 보구나. 내가 어떻게 달래줄 수 있을지 모르겠네.	N	2022-10-14 08:11:19	2022-11-08 06:26:59
BE22028900	3	0	돌아가시던 순간에 사랑한다는 말을 못 해드려서 마음에 한이 상처로 남은 것 같아. 왜 그렇게 입을 떼기가 힘들었을까?	N	2022-10-14 08:11:19	2022-10-14 08:11:19
BE22028900	4	1	소중한 사람들한테 진심을 못 전하고 떠나보내는 건 너무나도 상처로 남는 일 같아. 당신 마음이 얼마나 무거울지 충분히 이해가 돼. 이미 돌아가신 분들한텐 마음이 닿지 않을 거라 생각하니 얼마나 괴롭겠어.	N	2022-10-14 08:11:19	2022-11-08 06:26:59
BE22028900	5	0	어머니한테도 아버지한테도 그러지 못했다는 게 괴로워. 부모님이 나의 진심을 모르고 떠나셨을 거란 생각에 마음이 너무 아파.	N	2022-10-14 08:11:19	2022-10-14 08:11:19
BE22028900	6	1	비록 말로는 전하지 못했더라도 당신의 진심을 마음으로 느끼셨을 거야. 사랑하는 사람들 끼는 눈빛만 봐도 통하는 것들이 있잖아. 그러니 해드리지 못한 마음에 스스로를 너무 상처로 몰지 않았으면 좋겠어.	N	2022-10-14 08:11:19	2022-11-08 06:26:59
BE22028900	7	0	나는 비록 늦었지만 당신이라도 부모님께 살아드릴 때 잘했으면 좋겠어. 장인어른들께 표현 많이 해드려야 당신도 상처받지 않을 수 있을 거야.	N	2022-10-14 08:11:19	2022-10-14 08:11:19
BE22028900	8	1	본인의 경험을 통해 나를 위해주는 마음을 가지는 당신께 참 감사해. 지금과 같은 마음 잊지 말고 이제라도 사랑하는 사람들한테 더 표현하는 당신이 됐으면 좋겠어. 그럼 지금 받은 상처들도 조금은 나아질 거야.	N	2022-10-14 08:11:19	2022-11-08 06:26:59
BE22028900	9	0	그러게 마리야. 부모님께서 내게 이런 깨달음을 주시려고 일찍 떠나셨나 봐. 주변 소중한 사람들에게 감사하는 마음을 가지며 더 표현하는 마음으로 살아가야겠다. 위로와 조언 고마워 여보.	N	2022-10-14 08:11:19	2022-11-08 06:26:59
BE22028900	10	1	당신이 마음이 많이 안정된 것 같아 다행이야. 상처가 커서 근무하는 데 문제 있지는 않을까 염려했었어.	N	2022-10-14 08:11:19	2022-11-08 06:26:59
BE22028900	11	0	당신 덕분에 괜찮아졌지 뭐. 근무 중에 여보와의 연락이 너무 길었다. 이제는 기운 내서 일해봐야겠어.	N	2022-10-14 08:11:19	2022-10-14 08:11:19
BE22028900	12	1	무뚝뚝한 당신이라는 건 알지만 이제는 조금 변했으면 좋겠어. 이제라도 소중한 사람들한테 말로 더 표현하고 한 발짝 더 다가가는 당신이길 응원해.	N	2022-10-14 08:11:19	2022-10-14 08:11:19
BE22028900	13	0	그러게, 내가 상처받지 않기 위해서라도 그래야겠어. 위로해 주고 격려해 줘서 고마워.	N	2022-10-14 08:11:19	2022-11-08 06:26:59
BE22028900	14	1	나는 내일 시아버지 제사 준비 미리 해두어야겠다. 하던 일 끝까지 마무리 잘하고 조심히 들어와.	Y	2022-10-14 08:11:19	2022-10-14 08:11:19
