id	utterance_id	utterance_type	utterance_text	terminate	regDate	updDate
BE22029338	1	0	자기, 나 요즘 뭘 먹기만 해도 소화가 잘 안되는 거 있지. 분명 과식하지도 않았는데 자꾸 체하니까 너무 힘들기만 해. 회사에 있을 때마다 손이 벌벌 떨리기도 하고 말이야.	N	2022-10-15 04:56:10	2022-11-08 06:29:39
BE22029338	2	1	당신 요즘 회사에서 일이 많다더니 스트레스를 받는 거 아니야? 보통 소화불량이 일이 제대로 안 되거나 답답할 때 많이 일어나곤 하잖아. 그 얘기를 들으니까 내가 더 걱정이 되네.	N	2022-10-15 04:56:10	2022-11-08 06:29:39
BE22029338	3	0	나도 처음에는 많이 먹어서 그런 줄 알았는데 그게 아닌 것 같아. 회사에서 요즘 부쩍 매출 압박이 있거든. 그래서 그런지 일도 손에 안 잡히고 뭘 먹기만 해도 얹히는 게 너무 힘이 드네.	N	2022-10-15 04:56:10	2022-10-15 04:56:10
BE22029338	4	1	당신처럼 일을 열심히 하는 사람이 스트레스를 받는다니 너무 속상하다. 당신이 다른 사람들보다 더 책임감 있게 일해서 더 부담스러운 게 아닐까. 난 당신이 부담을 조금 내려놓고 일했으면 좋겠어.	N	2022-10-15 04:56:10	2022-11-08 06:29:39
BE22029338	5	0	나도 부담을 줄이려고 하는데 마음처럼 쉽지 않아. 회사에 앉아 있으면 너무 스트레스를 받으니까 괴로워. 마음을 편하게 먹으려고 하는 데 자꾸만 힘이 드네.	N	2022-10-15 04:56:10	2022-11-08 06:29:39
BE22029338	6	1	당신이 자꾸 힘들다고 하니 내 마음도 찢기는 것 같아. 나한테 너무도 소중한 당신이 밖에서 상처를 받는다니까 말이야. 여보, 당신의 마음보다 더 중요한 건 절대 없어.	N	2022-10-15 04:56:10	2022-11-08 06:29:40
BE22029338	7	0	나도 중요한 건 내 마음이라는 걸 알지만 회사에 있으면 그런 생각이 들지 않아. 다들 열심히 앞만 보고 달리는데 나만 자꾸 정체되는 기분이 들어. 결국 혼자 상처를 받으니까 자꾸만 소화불량에 시달리고 말이야.	N	2022-10-15 04:56:10	2022-10-15 04:56:10
BE22029338	8	1	여보, 사람마다 다 각자의 속도가 있는 게 아닐까. 당신은 일을 빨리하는 사람은 아니어도 누구보다 정확하고 섬세하게 하는 사람이잖아. 요즘에는 그런 인재가 더 필요하단 생각이 들어.	N	2022-10-15 04:56:10	2022-11-08 06:29:40
BE22029338	9	0	회사에서는 당장이라도 결과를 보여주길 원하는데 나는 그러질 못하니 너무 힘들어. 내가 속이 안 좋아서 화장실에 가 있는 것도 눈치가 보이고 말이야.	N	2022-10-15 04:56:10	2022-10-15 04:56:10
BE22029338	10	1	여보, 나에게 있어서 당신보다 중요한 건 없어. 일이 그렇게 힘들다면 언제든지 그만두어도 괜찮아. 당신이 하고 싶은 일이라면 응원하겠지만, 그게 아니라면 돈은 내가 벌게.	N	2022-10-15 04:56:10	2022-11-08 06:29:40
BE22029338	11	0	당신이 말이라도 그렇게 해주니까 너무 든든하다. 사실 돈을 벌어야 한다는 생각에 부담을 느꼈는데 말이야. 이제는 내가 좋아하는 일이라 생각하고 더 열심히 해야겠어, 정말 고마워.	N	2022-10-15 04:56:10	2022-10-15 04:56:10
BE22029338	12	1	당신 나는 이 모든 게 진심이라는 거 알지? 당신을 위해서라면 난 무엇이든 할 수 있어. 우리가 결혼을 한 날부터 그러기로 다짐했고 말이야.	N	2022-10-15 04:56:10	2022-10-15 04:56:10
BE22029338	13	0	예전에는 내가 하는 일이 불안하면 혼자 끙끙 앓곤 했는데 이제는 당신이 있어서 행복해. 앞으로는 나도 당신을 위해 더 좋은 아내가 되기 위해 노력할 거야.	N	2022-10-15 04:56:10	2022-10-15 04:56:10
BE22029338	14	1	당신은 지금도 충분히 완벽한 사람이야. 나에게 늘 용기가 되어주는 사람인걸. 우리 앞으로는 더 좋은 일만 있을 거야, 오늘 하루도 힘내!	Y	2022-10-15 04:56:10	2022-11-08 06:29:40
