id	utterance_id	utterance_type	utterance_text	terminate	regDate	updDate
BE22027063	1	0	여보, 나 요즘 부쩍 둘째를 낳고 싶단 생각이 들어. 그런데 몸이 약해서 포기해야 한다고 생각하니 너무 상처가 되는 것 같아.	N	2022-10-11 12:19:32	2022-10-11 12:19:32
BE22027063	2	1	그래. 나도 그 마음 누구보다 잘 알지. 나도 둘째가 너무 갖고 싶으니까. 마음은 그런데 상황이 따라주지 않으니 당신도 얼마나 속상하겠어.	N	2022-10-11 12:19:32	2022-11-08 06:15:53
BE22027063	3	0	응. 정말 요즘엔 둘째 있는 사람만 눈에 보이고 얼마나 부러운지. 눈물이 자꾸 나려고 해. 상황도 잘 모르면서 나한테 둘째 낳으라 마라 하는 이야기 들으면 정말 엄청나게 상처 받아.	N	2022-10-11 12:19:32	2022-11-08 06:15:53
BE22027063	4	1	그래. 당신처럼 아이를 사랑하는 엄마가 둘째를 낳으면 참 좋을 텐데. 그래도 당시 건강이 우선인데 어쩌겠어.	N	2022-10-11 12:19:32	2022-11-08 06:15:53
BE22027063	5	0	우리 첫째를 보면 너무 예쁘고 사랑스러워서 이런 아이가 하나 더 있으면 얼마나 좋을까 싶어. 너무 궁금하기도 하고.	N	2022-10-11 12:19:32	2022-10-11 12:19:32
BE22027063	6	1	맞아. 이 행복이 두배, 아니 그 이상이 될 텐데 포기해야 한다고 생각하니 참 안타깝다. 당신 너무 마음이 아플 것 같아.	N	2022-10-11 12:19:32	2022-11-08 06:15:53
BE22027063	7	0	첫째도 너무 감사하고 만족해야지 싶다가도 형제들끼리 노는 모습 보면 괜히 첫째에게 죄책감이 느껴져.	N	2022-10-11 12:19:32	2022-11-08 06:15:53
BE22027063	8	1	그랬구나. 그런 마음 이해하지만,아이의 입장에서는 오히려 혼자인 것이 장점도 많을 수가 있어.	N	2022-10-11 12:19:32	2022-11-08 06:15:53
BE22027063	9	0	그럴까? 혼자 너무 외롭지 않을까? 난 그런 것들이 걱정되어 마음이 더 힘들더라고.	N	2022-10-11 12:19:32	2022-11-08 06:15:53
BE22027063	10	1	내가 외동의 장점에 대해서 책을 읽은 적이 있어. 오히려 형제가 있는 것보다 상처도 덜 받고 단순한 삶을 살 수 있다고 하더라.	N	2022-10-11 12:19:32	2022-11-08 06:15:53
BE22027063	11	0	그래. 맞아. 나도 그런 생각 한 적 있어. 그래도 내 욕심인지 자꾸 둘째 생각이 떠나질 않아.	N	2022-10-11 12:19:32	2022-10-11 12:19:32
BE22027063	12	1	그럼 일단 우리에게 시간이 있으니 너무 불가능하다고 생각하지 말자. 자꾸 안 된다고 생각하면 마음이 더 힘든 것 같아. 오히려 그 감정을 소비하기보다는 건강을 위해 노력해보자.	N	2022-10-11 12:19:32	2022-11-08 06:15:53
BE22027063	13	0	맞아. 우리 아직 젊은데 지금 아프다고 영원히 아픈 것도 아닌데. 쓸데없는 생각이나 사람들 말에 상처받지 않을래. 당신 말 듣다 보니 갑자기 힘이 솟는 것 같아.	N	2022-10-11 12:19:32	2022-11-08 06:15:53
BE22027063	14	1	다행이야. 상처받지 말고 기운 내. 상황은 늘 변하는 법이니 일단 현재에 충실해 보자.	N	2022-10-11 12:19:32	2022-11-08 06:15:53
BE22027063	15	0	고마워. 나 갑자기 너무 기분이 좋아졌어. 희망이 가득 차는 느낌이야.	Y	2022-10-11 12:19:32	2022-10-11 12:19:32
