id	utterance_id	utterance_type	utterance_text	terminate	regDate	updDate
BE22010216	1	0	여보, 방금 마트 다녀왔는데, 갈 때마다 한숨이 나와.	N	2022-07-19 08:27:31	2022-11-08 04:30:10
BE22010216	2	1	왜 그래, 여보. 무슨 일 있었어?	N	2022-07-19 08:27:31	2022-11-08 04:30:10
BE22010216	3	0	하루가 다르게 물가가 올라서 항상 저렴한 식자재만 찾게 돼. 원하는 대로 고를 수 없다는 게 생각보다 상처로 다가오는 것 같아. 불우해진 느낌이라 힘들다.	N	2022-07-19 08:27:31	2022-11-08 04:30:10
BE22010216	4	1	상황이 여의찮을 때는 어쩔 수 없는 일이잖아. 그렇다고 아예 안 먹고 살 수도 없는 노릇이니까. 그럴 때마다 당신 마음이 참 답답하고 괴로웠을 것 같아.	N	2022-07-19 08:27:31	2022-11-08 04:30:10
BE22010216	5	0	우리 애들한테 좋은 것만 먹이고 싶거든. 비싼 가격 앞에서 망설이는 날 볼 때마다 당신이랑 애들한테 너무 미안해져. 이런 망설임이 나 자신에게도 상처로 남는 것 같아.	N	2022-07-19 08:27:31	2022-11-08 04:30:10
BE22010216	6	1	당신에게 살림의 결정권이 있는 만큼 여러 결정을 혼자서 내려야 할 때마다 무척 복잡해지지. 당신이 정말 고생이 많다.	N	2022-07-19 08:27:31	2022-11-08 04:30:10
BE22010216	7	0	앞으로 얼마나 더 이렇게 살아야 할지 모르겠어. 아이들 볼 면목이 없는 기분이야. 마음이 콕콕 쑤시는 것 같고 괴로워.	N	2022-07-19 08:27:31	2022-11-08 04:30:10
BE22010216	8	1	다른 사람은 몰라도 나는 당신이 얼마나 노력하는지 잘 알고 있어. 어려운 상황이지만 포기하지 않고 늘 가족을 생각하는 당신이 얼마나 대단한데. 그런 당신을 보면서 나도 날마다 힘을 얻고 있어.	N	2022-07-19 08:27:31	2022-11-08 04:30:10
BE22010216	9	0	이런 마음을 당신이 알아주니 다행이야. 오늘 정말 우울했는데 그렇게 말해 주니 위로가 된다. 당신이랑 애들이 얼른 보고 싶어.	N	2022-07-19 08:27:31	2022-11-08 04:30:10
BE22010216	10	1	매 순간 당신 옆에 있고 싶지만 그럴 수 없어서 미안하고 속상하다. 그래도 당신에게 도움이 될 수 있다면 뭐가 됐든 계속 노력할게. 어려운 일이 많겠지만 앞으로도 우리 두 사람이 함께 이겨 내 보자.	N	2022-07-19 08:27:31	2022-11-08 04:30:10
BE22010216	11	0	이렇게 어려운 상황을 나 혼자서 헤쳐 나가야 하지 않아서 다행이야. 당신이 없었으면 참 외로웠을 것 같아. 매번 나에게 힘이 되어 줘서 고마워.	N	2022-07-19 08:27:31	2022-11-08 04:30:10
BE22010216	12	1	보이지 않는 곳에서 얼마나 애쓰는지 잘 알아. 매번 고생해 줘서 정말 고맙고, 당신이 힘들지 않게 나도 더 노력할게. 오늘 저녁에는 조금 더 일찍 들어갈 테니까 같이 밥 먹자.	N	2022-07-19 08:27:31	2022-11-08 04:30:10
BE22010216	13	0	덕분에 기분이 한결 나아졌어. 당신 말대로 난 혼자가 아니니까 힘내 볼게. 당신도 하루 잘 보내고 와.	N	2022-07-19 08:27:31	2022-11-08 04:30:10
BE22010216	14	1	그럴게, 언제든 하고 싶은 얘기가 생기면 나한테 또 연락해. 이따 집에서 보자.	Y	2022-07-19 08:27:31	2022-11-08 04:30:10
