id	utterance_id	utterance_type	utterance_text	terminate	regDate	updDate
BE22023134	1	0	여보, 요새 돈 사정이 너무 안 좋아서 이번에 아이 학원 한 곳을 줄였어요. 그런데 오늘 내 친구의 말 때문에 상처 받았어요.	N	2022-09-30 18:47:25	2022-09-30 18:47:25
BE22023134	2	1	이번에 우리집 장만하면서 들어간 돈도 많고 대출금도 늘어서 그랬군요. 그런데 당신 친구와 무슨 일 있었어요?	N	2022-09-30 18:47:25	2022-09-30 18:47:25
BE22023134	3	0	친구 만나서 이런저런 얘기 하다가 아이 교육 얘기 나와서 학원 줄인 얘기도 나왔거든요. 그런데 친구가 돈이 없어도 제일 끝까지 투자하는 게 자녀 교육비라며 나보고 경솔하다고 하더라고요. 친구 아들은 비싸지만 유명한 학원 보내서 성적 올랐다는 말을 듣는데 내가 작아 보이고 상처를 받았어요.	N	2022-09-30 18:47:25	2022-11-08 05:52:37
BE22023134	4	1	그런 일이 있었어요? 내가 돈을 더 많이 벌었다면 우리 아이 학원도 계속 다닐 수 있었을텐데. 당신까지 상처받게 한 거 같아서 마음이 너무 안 좋네요.	N	2022-09-30 18:47:25	2022-11-08 05:52:37
BE22023134	5	0	친구가 아이 학원비에 돈을 안 아낀다는 말에 상처도 됐지만 내가 부모로서 자격 미달인가 싶더라고요. 돈 없다고 아이를 위한 비용을 아낀다고 생각하니 너무 괴로웠어요.	N	2022-09-30 18:47:25	2022-09-30 18:47:25
BE22023134	6	1	가정마다 환경이 다르 듯, 돈이 어떻게 쓰이는 지도 다르죠. 대신 당신은 똑똑해서 평소에 아이들 학습도 직접 가르쳐 주잖아요. 학원 한두곳 줄이는 걸로 다른 사람 삶의 방식과 비교하며 상처받지 말아요.	N	2022-09-30 18:47:25	2022-11-08 05:52:37
BE22023134	7	0	그래도 아이가 거부해서도 아니고 돈 때문에 학원을 줄이는 게 나 스스로도 비참하고 상처가 돼요. 우리 아이도 엄마 상처받을까 봐 학원 줄인 거 서운하면서도 티 안 내려고 하더라고요. 그 모습을 보는데 너무 괴로웠어요.	N	2022-09-30 18:47:25	2022-09-30 18:47:25
BE22023134	8	1	우리 아이가 당신 상처받을까 봐 서운한 티 안냈다니 나도 눈물이 날 거 같아요. 지금 돈이 없어서 아끼는 건 우리 가정에 맞는 계획을 잘 세우고 있는 거로 생각하자고요.	N	2022-09-30 18:47:25	2022-11-08 05:52:37
BE22023134	9	0	그래도 아이한테 들어가는 돈을 줄인 게 비정하단 생각이 드는 건 어쩔 수 없어요. 우리 아이도 돈 때문에 학원 줄인 거 알면 상처받을 거 같고요. 친구한테 내가 받은 상처보다 아이가 받을 상처가 더 신경 쓰여요.	N	2022-09-30 18:47:25	2022-11-08 05:52:37
BE22023134	10	1	아이 교육을 잘 시키고 있다는 것이 학원 개수로 판단되는 건 아니잖아요. 당신이 친구에게 받은 상처는 교육 본질보다 단지 학원 유지 여부만 비교하면서 생긴 상처 아닐까요? 나중에 더 확실한 교육 투자를 위해 지금 숨 고르기 한다고 생각하면 마음이 나아질 거예요.	N	2022-09-30 18:47:25	2022-11-08 05:52:37
BE22023134	11	0	나중을 위한 숨 고르기요? 당신 말을 들으니까 그 말이 맞는 거 같아요. 돈이 없는데 무리해서 학원 보내는 걸 유지하는 것만이 좋은 교육은 아니란 생각이 드네요.	N	2022-09-30 18:47:25	2022-11-08 05:52:37
BE22023134	12	1	맞아요 오히려 나중에 정말 아이 교육에 투자하고 싶을 때 돈이 없을 수도 있어요. 미래를 위한 저축을 한다고 생각하고 당신이 더 이상 상처받지 않았으면 좋겠어요.	N	2022-09-30 18:47:25	2022-11-08 05:52:37
BE22023134	13	0	하루 종일 기분이 안 좋았는데 우리 여보 덕분에 친구에게 받은 상처도 없어질 거 같아요. 당장 돈은 많이 없어도 당신과 우리 아이가 있어서 난 행복해요.	N	2022-09-30 18:47:25	2022-11-08 05:52:37
BE22023134	14	1	그렇게 말해주니 오히려 내가 힘이 나고 행복한데요! 이따가 퇴근 하고 봐요.	N	2022-09-30 18:47:25	2022-09-30 18:47:25
BE22023134	15	0	오늘 저녁은 당신이 좋아하는 메뉴로 준비할게요. 이따가 봐요. 여보.	Y	2022-09-30 18:47:25	2022-11-08 05:52:37
