id	utterance_id	utterance_type	utterance_text	terminate	regDate	updDate
BE22021030	1	0	여보, 아까 라면을 먹다가 전화를 받았더니, 너무 불어서 결국 먹지 못 했어. 전화한 팀장을 떠올리면, 마음의 상처가 된 것 같아.	N	2022-09-23 11:28:17	2022-09-23 11:28:17
BE22021030	2	1	당신이 오늘 그런 일이 있었구나. 괜히 속상한 마음이 들겠네.	N	2022-09-23 11:28:17	2022-11-08 05:40:15
BE22021030	3	0	2년 전 내가 미국으로 발령받았을 때도, 엄청 못마땅해하던 상사거든. 오늘은 내일 발표한 실적을 미리 물어봐서 스트레스가 쌓였어.	N	2022-09-23 11:28:17	2022-11-08 05:40:15
BE22021030	4	1	당신은 그럴 사람이 아닌데, 오죽하면 나한테 전화를 했을까? 답답해 하고 있을 당신 모습이 눈앞에 선해.	N	2022-09-23 11:28:17	2022-11-08 05:40:15
BE22021030	5	0	통화를 마치고 나서도 마음의 상처가 그대로 있었어. 불어 터진 라면을 못 먹었다고 생각하니 억울한 마음도 들었어.	N	2022-09-23 11:28:17	2022-09-23 11:28:17
BE22021030	6	1	당신은 항상 긍정적인 성격이잖아. 당신이 그런 마음이었다면, 나는 아마 더 심하게 화를 냈을 거야.	N	2022-09-23 11:28:17	2022-09-23 11:28:17
BE22021030	7	0	그렇지 않아도 이번 실적이 좋지 않아서 걱정이었거든. 팀장이 저렇게 미리 전화한 걸 보면, 우리 팀의 잘못을 팀원들에게 돌릴까 봐 걱정스러워.	N	2022-09-23 11:28:17	2022-09-23 11:28:17
BE22021030	8	1	팀장이 주말에 연락하는데 어떻게 상처를 받지 않을 수 있겠어? 그래도 당신이 너무 속상해 하지 말고 기운 냈으면 좋겠어.	N	2022-09-23 11:28:17	2022-11-08 05:40:15
BE22021030	9	0	나도 그러고 싶은데 자꾸만 의욕이 없어져. 내일 월요일에 출근할 생각을 하니 벌써 식은 땀이 나는 것 같아.	N	2022-09-23 11:28:17	2022-09-23 11:28:17
BE22021030	10	1	당신은 회사에서 무척 중요한 존재이잖아. 동료들 사이에서 신임도 두텁고, 일도 누구보다 성실히 하고. 그러니 너무 걱정하지 말고 마음 편하게 가지라고 위로해 주고 싶어.	N	2022-09-23 11:28:17	2022-11-08 05:40:15
BE22021030	11	0	당신과 이런저런 이야기를 나누다 보니 어느새 마음이 편안해진 것 같아. 조금 전만 하더라도 힘들었는데 말이야.	N	2022-09-23 11:28:17	2022-09-23 11:28:17
BE22021030	12	1	당신은 늘 밝은 사람이잖아. 이런 일로 힘들어 할 사람이 아니라는 거, 난 잘 알아.	N	2022-09-23 11:28:17	2022-09-23 11:28:17
BE22021030	13	0	내가 힘들 때면 늘 당신에게 위로를 받는 것 같아. 미안하기도 하고 고맙기도 해.	N	2022-09-23 11:28:17	2022-09-23 11:28:17
BE22021030	14	1	무슨 그런 말을. 부부 사이에 그런 인사 하지 않아도 괜찮아. 내가 이따 들어가서 맛있는 저녁 해 줄게.	N	2022-09-23 11:28:17	2022-09-23 11:28:17
BE22021030	15	0	나에게는 역시 당신 뿐이네. 나도 집안 청소해 놓고 당신 기다릴게. 여보, 얼른 들어와.	Y	2022-09-23 11:28:17	2022-11-08 05:40:15
