id	utterance_id	utterance_type	utterance_text	terminate	regDate	updDate
BE22026501	1	0	여보, 오늘 동창회에 갔는데 그냥 도중에 빨리 나와 버렸어. 다들 너무 안정적이고 행복하게 사는 것 같은데, 나만 인생이 꼬인 것 같아서 말이야. 다들 명함을 나한테 건넸는데, 난 줄 게 없으니까 그게 상처가 되더라.	N	2022-10-10 11:33:24	2022-10-10 11:33:24
BE22026501	2	1	기대 많이 하고 나갔는데 기분이 좋지 않은 것 같네. 당신 충분히 잘하고 있다고 생각해. 직업이 뭐든 열심히 하고 정직하게 버는 건데 뭐 어때서.	N	2022-10-10 11:33:24	2022-11-08 06:12:33
BE22026501	3	0	나도 전에는 그렇게 생각했는데, 생수 배달이라는 게 그렇잖아. 이것도 나이가 더 들면 할 수도 없는 거고. 친구들에게 말하려는데 순간 내 직업이 너무 부끄러워서 얼버무린 게 상처가 됐어.	N	2022-10-10 11:33:24	2022-10-10 11:33:24
BE22026501	4	1	열심히 살았다고 자부하던 당신이 친구들 앞에서 직업을 말하는 게 꺼려졌다는 게 이해가 돼. 나 역시도 그런 경험이 없는 건 아니니까 말이야. 머리로는 떳떳한데 계속 비교가 되니까 마음이 다치더라고.	N	2022-10-10 11:33:24	2022-10-10 11:33:24
BE22026501	5	0	맞아. 나도 처음부터 그렇지는 않았어. 한때는 꽤 좋은 회사에 다녔으니, 이렇게 망가져 버린 걸 보여주고 싶지 않더라. 없는 자존심까지 다 끌어 와서라도 그 상황을 피하고 싶었어.	N	2022-10-10 11:33:24	2022-11-08 06:12:33
BE22026501	6	1	그랬구나. 그래도 계속 상처를 끌어안고 있지 않았으면 좋겠어. 충분히 힘들었으니까. 이제 빚도 거의 다 갚았고 앞으로는 좋은 일들만 있을 거야. 나는 그거면 됐어.	N	2022-10-10 11:33:24	2022-11-08 06:12:33
BE22026501	7	0	솔직히 그렇게 생각하는 것도 막막해. 이렇게 한순간에 인생이 뒤바뀌어 망가진 사람은 없을 테니까. 빚을 다 갚아도 나는 계속 생수 배달을 하게 될 거고 또 상처받겠지.	N	2022-10-10 11:33:24	2022-10-10 11:33:24
BE22026501	8	1	그거 정말로 아무 일도 아니야. 인생 망가졌다고 그렇게 생각하지 마, 다 아무것도 아니야. 당신 안 망가졌어, 행복할 거야.	N	2022-10-10 11:33:24	2022-11-08 06:12:33
BE22026501	9	0	응. 당신 위로가 내가 필요했나 봐. 이런 내 곁에 계속 있어줘서 당신에게는 너무 고마워. 그냥 확인받고 싶었어, 내가 잘 살아왔다는 거.	N	2022-10-10 11:33:24	2022-10-10 11:33:24
BE22026501	10	1	잘 살아왔지. 매일 일찍 일어나서 누구보다 늦게 귀가하지만 당신 모습 정말 멋있는걸. 책임감 있고 너무 성실해서 늘 믿음이 가. 그리고 내 얼굴에 늘 미소가 걸려 있는 게 당신이 잘 살아왔다는 증거야.	N	2022-10-10 11:33:24	2022-11-08 06:12:33
BE22026501	11	0	고마워. 날 계속 믿어주겠다고 하고, 날 늘 응원해 줘서. 빚도 거의 다 갚아가는데도 계속 막연한 느낌에 불안했던 것도 사실이야. 그런데 여보가 날 믿어주니, 용기를 가져 보려 해.	N	2022-10-10 11:33:24	2022-10-10 11:33:24
BE22026501	12	1	그래, 당신이 뭘 선택하든 난 응원할 거야. 이제까지 늘 그랬듯이 당신은 잘 해 낼 거라고 생각해. 그래서 당신이 행복해진다면 난 뭐든 좋아.	N	2022-10-10 11:33:24	2022-11-08 06:12:33
BE22026501	13	0	그런데 혹시나 내가 실패하면 어쩌지? 그게 아니면 실수를 해서 다시 원점으로 돌아가면 어쩔까. 당신이 날 믿는 만큼 걱정이 되거든.	N	2022-10-10 11:33:24	2022-10-10 11:33:24
BE22026501	14	1	아무도 당신을 탓하진 않아. 가끔은 실패하고, 또 실수해도 돼 누구든 그랬으니까. 그래도 난 변하지 않을 거니까.	Y	2022-10-10 11:33:24	2022-11-08 06:12:33
