id	utterance_id	utterance_type	utterance_text	terminate	regDate	updDate
BE22029043	1	0	제 2 의 인생이란 게 있잖아요. 지금 내가 나이가 있다고 해도 장래의 꿈이 있기에 공부를 하고 있죠. 그런데 친구가 내 이야기를 듣더니 이 나이에 공부를 하냐며 뭐라 하길래 마음에 상처를 받았어요.	N	2022-10-14 11:55:06	2022-10-14 11:55:06
BE22029043	2	1	당신 많이 속상했겠어요. 그런데 난 아직도 당신이 장래의 꿈이 있다는 것이 너무 대단하고 멋지다고 생각해요. 그리고 100세 시대에 제 2의 인생을 준비하는 당신을 보면서 본받아야겠다고 생각하는 사람이에요.	N	2022-10-14 11:55:06	2022-11-08 06:27:50
BE22029043	3	0	친구의 말을 듣고 내가 무엇을 다시 시작하기에 너무 늦은 건가 하는 생각이 들더라고요. 난 아직도 청춘이라고 생각하는데 왜 그런 취급을 받아야 하는 건지. 정말 생각할수록 상처가 깊어져요.	N	2022-10-14 11:55:06	2022-10-14 11:55:06
BE22029043	4	1	당연하죠, 늙었다고 나이 들었다고 그걸 누가 정하는 건가요. 절대 그렇게 생각 안 해도 돼요. 아직도 꿈이 있고 그걸 향해 달려가는 당신이 들을 말이 아니에요.	N	2022-10-14 11:55:06	2022-11-08 06:27:50
BE22029043	5	0	장래의 꿈을 위해 하는 공부가 사실 너무 재밌어요, 그래서 친구에게 자랑할 생각으로 한 말이었죠. 그런데 나를 칭찬을 못해줄 망정 어떻게 그런 말을 하는 건지. 친구라고 생각했는데 너무 상처를 받았어요.	N	2022-10-14 11:55:06	2022-10-14 11:55:06
BE22029043	6	1	저도 당신에게 문자로 받은 내용이었지만 제가 되려 상처받을 정도였어요. 그러니 당신은 얼마나 견디기 힘들었겠어요. 정말 당신에게 힘을 주고 싶은 생각 뿐이었어요.	N	2022-10-14 11:55:06	2022-11-08 06:27:50
BE22029043	7	0	친구의 생각이 정말로 나에게 보내는 진심인 건지. 아니면 무작정 나를 비난하기 위한 것인지 헷갈리더라고요. 왜 나에게 그런 말을 하는지 우리가 친구인 건 맞는 건지 상처가 되더라고요.	N	2022-10-14 11:55:06	2022-10-14 11:55:06
BE22029043	8	1	그 상처가 회복되기 만을 바라는 마음이에요. 당신이 그런 말을 들어야 할 이유가 없거든요. 친구 분의 마음은 이해 못하겠지만 전 당신의 상처 받은 마음이 너무 걱정되는 마음이예요.	N	2022-10-14 11:55:06	2022-11-08 06:27:50
BE22029043	9	0	나를 걱정해주는 당신이 있어서 힘이 나요, 내 곁에서 응원하는 사람이 내 아내여서 너무 감사하죠. 당신의 위로와 격려의 문자가 나의 상처를 달래주네요.	N	2022-10-14 11:55:06	2022-11-08 06:27:50
BE22029043	10	1	다행이네요, 당신이 상처를 너무 깊게 받은 당신이라는 생각이 들어서 염려가 되었어요. 그래서 내가 어떤 방법을 사용해서 든 지 당신에게 힘을 주고 싶었어요.	N	2022-10-14 11:55:06	2022-11-08 06:27:50
BE22029043	11	0	고마워요, 친구에게 상처받은 마음이 당신 덕분에 풀리니 나의 벗이 당신이라는 생각이 들어요. 내 인생의 벗이 되어준 당신에게 고마운 마음이에요.	N	2022-10-14 11:55:06	2022-11-08 06:27:50
BE22029043	12	1	당연하죠, 우리가 부부로 만나서 난 당신의 평생의 동반자가 된 거예요. 그래서 당신이 항상 행복하기 만을 바라는 사람이에요.	N	2022-10-14 11:55:06	2022-11-08 06:27:50
BE22029043	13	0	역시 내 곁에 내 편이 있다는 것이 힘이 되네요. 언제나 내 편을 들어주는 당신 덕분에 든든해지네요.	N	2022-10-14 11:55:06	2022-10-14 11:55:06
BE22029043	14	1	장래의 꿈을 위해 공부하는 당신을 보며 난 멋지고 대단하다는 생각이 들었어요. 언제나 노력하고 발전하려는 당신이 얼마나 빛나는 사람인지 알아 줬으면 했어요.	N	2022-10-14 11:55:06	2022-11-08 06:27:50
BE22029043	15	0	고마워요, 당신의 응원과 칭찬 덕분에 내가 꽤 괜찮은 사람이라고 인정받은 것 같아요. 뿌듯하고 기쁜 마음이 드는 걸 보면 내 상처가 회복됐나 봐요. 너무 고마워요.	Y	2022-10-14 11:55:06	2022-11-08 06:27:50
