id	utterance_id	utterance_type	utterance_text	terminate	regDate	updDate
BE22028832	1	0	나는 이제 사람을 처음 만나는 자리가 꺼려져. 오늘도 상처를 받고 말았거든.	N	2022-10-14 06:52:13	2022-10-14 06:52:13
BE22028832	2	1	무슨 일이라도 있었어? 갑자기 그런 말을 하니까 당신이 걱정돼.	N	2022-10-14 06:52:13	2022-11-08 06:26:33
BE22028832	3	0	내가 차갑게 생겼다는 말을 가끔 듣잖아. 이것 때문에 새로 만나는 자리가 늘 부담스럽고 괴로워. 오늘도 처음 본 거래처 사람이 차갑게 생겼다면서 대뜸 외모 평가를 해서 상처받았어.	N	2022-10-14 06:52:13	2022-10-14 06:52:13
BE22028832	4	1	첫 만남인데도 그렇게 무례한 행동을 했다는 거야? 아무리 그런 인상을 받았어도 그 말을 입 밖에 내뱉다니. 정말 너무하네.	N	2022-10-14 06:52:13	2022-11-08 06:26:34
BE22028832	5	0	안 그래도 가끔이지만 매번 똑같은 말을 듣는 게 나름 스트레스였어. 그래서 그런지 한 번 들을 때마다 상처가 깊어지고 곪는 것 같아. 다들 그냥 하는 말이겠지만 그게 내 콤플렉스를 툭툭 건드려.	N	2022-10-14 06:52:13	2022-10-14 06:52:13
BE22028832	6	1	처음 보는 사이에 그런 말과 태도를 보이는 건 정말 무례해. 당신 기분이 많이 상했을 것 같아.	N	2022-10-14 06:52:13	2022-11-08 06:26:34
BE22028832	7	0	한 사람한테만 듣는 게 아니라 처음 보는 사람한테 계속 듣다 보니 상처가 점점 깊어져. 난 내가 차갑게 생긴 게 나름 매력적이라고 생각해왔어. 하지만 이제는 점점 내 생김새가 미워지고, 인상이 바뀌었으면 좋겠다는 생각만 해.	N	2022-10-14 06:52:13	2022-10-14 06:52:13
BE22028832	8	1	당신의 인상이 그런 말을 들어야 할 정도로 차가워 보이거나 나쁘지 않아, 평가가 나쁜 거지. 아무리 그런 느낌을 받았대도 당사자의 기분을 고려하지 않고 무례한 태도를 보이잖아. 그래도 차가운 생김새 때문에 당신 가치가 달라지는 게 아니니 너무 상처받지 않았으면 해.	N	2022-10-14 06:52:13	2022-11-08 06:26:34
BE22028832	9	0	나도 한 귀로 듣고 한 귀로 흘리고 싶은데 매번 반복되다 보니 괴로워. 이제는 사람을 처음 마주할 때마다 저 사람도 나를 냉혈한으로 보면 어쩌지라는 생각이 들어.	N	2022-10-14 06:52:13	2022-10-14 06:52:13
BE22028832	10	1	타인이 자기를 고려하지 않고 뱉은 무례한 언행에 부정적인 영향받지 않았으면 해. 건실하고 올바른 사람이라면 첫 만남에 대뜸 외모를 평가하는 듯한 말은 하지 않아. 게다가 난 그런 느낌을 받은 적이 한 번도 없어, 당신처럼 따뜻한 사람이 어디 있겠어.	N	2022-10-14 06:52:13	2022-11-08 06:26:34
BE22028832	11	0	당신이 계속 괜찮다고 해주니 정말 괜찮아지는 것 같네. 당신의 위로는 내게 늘 큰 힘이 돼.	N	2022-10-14 06:52:13	2022-11-08 06:26:34
BE22028832	12	1	됨됨이가 된 사람은 처음 보는 사람의 외모를 평가하지 않아. 그러니 무례한 사람들의 말에 너무 영향받고 살지 말자.	N	2022-10-14 06:52:13	2022-11-08 06:26:34
BE22028832	13	0	그래, 잘못은 그들이 먼저 했는데 내가 괴로워할 필요 없지. 고마워, 당신 덕에 상처받은 마음이 괜찮아질 것도 같아.	N	2022-10-14 06:52:13	2022-10-14 06:52:13
BE22028832	14	1	당신이 어서 그 상처에서 빠져나오면 좋겠다. 극복할 수 있도록 내가 옆에서 많이 도울게, 기운 내자.	N	2022-10-14 06:52:13	2022-10-14 06:52:13
BE22028832	15	0	당신이 있기에 힘이 나. 이야기 들어줘서 정말 고마워.	Y	2022-10-14 06:52:13	2022-11-08 06:26:34
