id	utterance_id	utterance_type	utterance_text	terminate	regDate	updDate
BE22028346	1	0	우리 아이 학교 선생님께 전화가 왔어요. 좋은 소식이 아니고 너무 괴로운 소식으로 연락이 왔어요. 나는 너무 상처를 받았어요.	N	2022-10-13 12:09:59	2022-10-13 12:09:59
BE22028346	2	1	무슨 일인데 그래요. 혹시 어디 다치기라도 했어요?	N	2022-10-13 12:09:59	2022-10-13 12:09:59
BE22028346	3	0	아이가 새벽까지 게임을 하고 잠을 안자고 학교에 가잖아요. 잠을 자면 못 일어나니까요.	N	2022-10-13 12:09:59	2022-10-13 12:09:59
BE22028346	4	1	그렇지. 나도 알고 있어요. 한참 클 나이에 잠을 안 자니 나도 너무 괴로워요.	N	2022-10-13 12:09:59	2022-11-08 06:23:40
BE22028346	5	0	그런데 아이가 학교에 가자마자 잠을 자서 하교 할 때 일어난대요. 이를 어쩌면 좋아요. 난 너무 괴로워요.	N	2022-10-13 12:09:59	2022-10-13 12:09:59
BE22028346	6	1	나도 짐작은 했어요. 아이가 진로를 e스포츠로 정했다고 우리에게 얘기 했잖아요. 그리고 고등학교 졸업은 하겠다고 얘기하니 나도 어쩔 수가 없어요.	N	2022-10-13 12:09:59	2022-11-08 06:23:40
BE22028346	7	0	이렇게 아이가 하고 싶다는 대로 놔둬도 될까요. 아직 어리잖아요. 그때 자기를 혼내지 않고 내버려 뒀다고 원망하면 어떻게 해요.	N	2022-10-13 12:09:59	2022-10-13 12:09:59
BE22028346	8	1	아무리 우리가 얘기하고 달랜다고 아이가 말을 들으려고 하지 않잖아요. 좋은 얘기를 해주고 세상 살기가 얼마나 힘든지 얘기해도 듣지 않으니 어쩔 수 없죠. 나중에 원망해도 우리가 할 만큼은 했으니까요.	N	2022-10-13 12:09:59	2022-11-08 06:23:40
BE22028346	9	0	어렸을 때부터 너무 자유롭게 키워서 자기 주장만 강해진 건 아닌지 모르겠어요. 너무 자유를 많이 준 건 아닐까 생각돼요. 혼낼 때는 혼내고 가르칠 때는 확실히 가르쳤어야 했는데.	N	2022-10-13 12:09:59	2022-10-13 12:09:59
BE22028346	10	1	너무 속상해 하지 말아요. 자기 주장이 강해서 나쁠 것 없고, 요즘은 공부만 해서 잘 사는 세상은 아니에요. 잘하는 거 하고 싶은 거 하면서 성공한 사람도 많잖아요.	N	2022-10-13 12:09:59	2022-11-08 06:23:40
BE22028346	11	0	그렇기는 하죠. 하지만 아쉬움이 많이 남아요. 어쨌든 우리 아이니까 믿고 지지해 줘야겠죠.	N	2022-10-13 12:09:59	2022-10-13 12:09:59
BE22028346	12	1	그래요, 잘 생각했어요. 공부는 더 커서 하고 싶을 때 해도 늦지 않아요. 실컷 게임 하다가 어느 날 공부 하고 싶다고 할 수도 있어요.	N	2022-10-13 12:09:59	2022-10-13 12:09:59
BE22028346	13	0	제발 그런 날이 빨리 왔으면 좋겠네요. 게임이 질려서 다시는 안 했으면 좋겠어요.	N	2022-10-13 12:09:59	2022-10-13 12:09:59
BE22028346	14	1	배움은 끝이 없으니까 게임 공부하면서 뭔가 부족하다 싶으면 더 배우고 싶은 욕망이 생길 거예요. 한 번 어딘가에 빠져 본 아이들은 다른 분야도 깊게 빠질 수 있거든요.	N	2022-10-13 12:09:59	2022-11-08 06:23:40
BE22028346	15	0	맞아요. 우리 아이도 그럴 수 있다는 희망으로 아이를 지지해 주고 격려해 줘야겠어요. 고마워요, 여보.	Y	2022-10-13 12:09:59	2022-10-13 12:09:59
