id	utterance_id	utterance_type	utterance_text	terminate	regDate	updDate
BE22028987	1	0	여보, 나 너무 상처받는 이야기를 들었어.	N	2022-10-14 10:20:02	2022-10-14 10:20:02
BE22028987	2	1	무슨 안 좋은 소식이라도 들었어?	N	2022-10-14 10:20:02	2022-10-14 10:20:02
BE22028987	3	0	내 동생이 대학교를 가지 않겠다고 했대. 우리 집 형편이 좋지 않아서 동생이 대학 진학을 포기하는 것 같아서 너무 상처가 돼.	N	2022-10-14 10:20:02	2022-11-08 06:27:29
BE22028987	4	1	가정 형편 때문에 어쩔 수 없어서 포기한 거라면 너무 속상하겠다. 가족 모두에게 상처되는 일이구나.	N	2022-10-14 10:20:02	2022-11-08 06:27:29
BE22028987	5	0	최근에 내 결혼 때문에 부모님이 금전적으로 힘드셨나 봐. 내가 동생을 희생시키는 것 같아서 너무 속상해.	N	2022-10-14 10:20:02	2022-10-14 10:20:02
BE22028987	6	1	동생에게 미안한 마음은 이해되지만, 당신 탓이라고 생각하지 마. 당신이 어쩔 수 없는 일이니 너무 자책하고 상처받지 않았으면 해.	N	2022-10-14 10:20:02	2022-11-08 06:27:29
BE22028987	7	0	오빠가 돼서 동생 앞길을 막는 것 같아서 너무 상처가 되고 괴로워.	N	2022-10-14 10:20:02	2022-10-14 10:20:02
BE22028987	8	1	돌이킬 수 없는 일이 아니고 아직 늦지 않았어. 동생의 의사를 확실히 물어보고 도움을 줄 수 있는 방법을 찾아보자. 당신이 충분히 동생에게 도움이 되어줄 거고, 미안함도 사라지게 될 거야.	N	2022-10-14 10:20:02	2022-11-08 06:27:29
BE22028987	9	0	당신 말이 맞네. 아직 시간적 여유도 있고, 올해가 어려우면 내년에 가도 되니까. 우선 동생의 의지를 확인하는 게 중요할 것 같다.	N	2022-10-14 10:20:02	2022-11-08 06:27:29
BE22028987	10	1	동생이 원하는 대로 대학 진학이든 사회 경험이든, 우리가 도울 수 있는 방법을 함께 생각해 보자. 더 늦기 전에 알게 되어서 정말 다행이야.	N	2022-10-14 10:20:02	2022-11-08 06:27:29
BE22028987	11	0	오빠로서 동생에게 뭐라도 해줄 수 있는 기회가 남아 있어서 좋다.	N	2022-10-14 10:20:02	2022-11-08 06:27:29
BE22028987	12	1	오빠가 진심으로 자신을 걱정하고 도움을 주려고 한다는 사실만으로 동생은 행복할 거야.	N	2022-10-14 10:20:02	2022-11-08 06:27:29
BE22028987	13	0	당신이 그렇게 말해주니까 마음이 놓인다.	N	2022-10-14 10:20:02	2022-11-08 06:27:29
BE22028987	14	1	당신 기분도 나아진 것 같아서 다행이야.	Y	2022-10-14 10:20:02	2022-10-14 10:20:02
