id	utterance_id	utterance_type	utterance_text	terminate	regDate	updDate
BE22027809	1	0	방금 나 또 명예퇴직 신청할까 심각하게 고민했어, 여보. 요즘 교사 생활 정말 힘드네.	N	2022-10-12 15:47:40	2022-10-12 15:47:40
BE22027809	2	1	당신 요새 학교에서 스트레스 정말 많이 받는 것 같아. 또 무슨 일 있었어?	N	2022-10-12 15:47:40	2022-11-08 06:20:22
BE22027809	3	0	학부모 민원 전화가 왔는데, 너무 막무가내여서 대화가 안 되더라. 상처가 되는 말을 너무 많이 들었어. 학생 말만 듣고는 교육청에 신고하겠대.	N	2022-10-12 15:47:40	2022-10-12 15:47:40
BE22027809	4	1	어휴 정말 속상하고 괴로웠겠다. 당신 얘기 들어보면 요샌 학부모가 막 권력을 휘두르는 것 같아.	N	2022-10-12 15:47:40	2022-11-08 06:20:22
BE22027809	5	0	맞아, 학생 인권이 중요한 건 교사인 우리가 가장 잘 알지. 그런데 교권이 바닥에 떨어져 엉망인 건 누구도 신경을 안 쓰네. 심한 욕까지 들으니 가슴을 비수로 찔리는 것 같았어.	N	2022-10-12 15:47:40	2022-10-12 15:47:40
BE22027809	6	1	어느 정도였을지 상상도 안 돼. 당신 정말 속상하고 참담했겠다. 들으면서도 가슴이 저미는 것 같아.	N	2022-10-12 15:47:40	2022-11-08 06:20:22
BE22027809	7	0	학교 설명은 잘 들으려 하지 않고 같은 소리만 반복하시니까 나도 모르게 위축되더라고. 학부모와 교사 관계가 어느 틈에 갑을 관계로 변질 된 것 같아. 내가 정말로 무능력한 교사일까?	N	2022-10-12 15:47:40	2022-11-08 06:20:22
BE22027809	8	1	그럴 리가 없잖아! 졸업 후에도 당신이랑 아직도 연락하는 제자들이 얼마나 많은지 내가 다 아는데. 일시적으로 흥분한 학부모 말에 너무 기죽거나 상처받지 말길 바라.	N	2022-10-12 15:47:40	2022-11-08 06:20:22
BE22027809	9	0	생각은 그래야지 하면서도 매번 상처가 깊네. 내가 걸어온 길 전체가 흔들리는 것 같아.	N	2022-10-12 15:47:40	2022-10-12 15:47:40
BE22027809	10	1	가슴을 후벼 파는 말을 듣고 나면 후유증이 오래가잖아. 비수 같은 말엔 면역력도 잘 안 생기겠지만, 당신이 옳다는 거 난 믿어. 교사를 존중하지 않는 억지 민원은 귀담아 두지 않는 게 좋지 않을까?	N	2022-10-12 15:47:40	2022-11-08 06:20:23
BE22027809	11	0	부장 선생님들이 오늘 돌아가며 폭언을 들어서, 전화벨만 울려도 다들 놀랄 지경이었어. 계속 견딜 수 있을까 회의가 들더라. 오늘 상처는 꽤 오래갈 것 같아.	N	2022-10-12 15:47:40	2022-11-08 06:20:23
BE22027809	12	1	그간 별별 일을 다 겪는 걸 지켜보면서도 당신이 그걸 어떻게 견디는지 놀라웠어. 하지만 당신 같은 성실한 교사가 있어서 공교육도 버티는 거라고 생각해. 지금은 몰라도 지나고 나면 학생들도 당신 마음과 노력 알아줄 거야.	N	2022-10-12 15:47:40	2022-11-08 06:20:23
BE22027809	13	0	너무 지쳐서 조퇴할까 싶을 정도로 오늘은 상심이 컸어. 문제 일으키는 학생들보다는 그래도 착한 아이들이 더 많은 게 사실이지만 이럴 땐 나도 지쳐.	N	2022-10-12 15:47:40	2022-10-12 15:47:40
BE22027809	14	1	당신 교사 경력이 몇 년인데 이런 일로 흔들리면 안 되지. 교권을 뒤흔드는 극소수 학부모와 학생들이 주는 상처에 너무 연연하지 말자. 당신이 훌륭하게 키워 사회에 내보낸 멋진 제자들을 떠올리며 기운 내면 좋겠어.	N	2022-10-12 15:47:40	2022-11-08 06:20:23
BE22027809	15	0	그래야겠지. 역시 나한텐 당신이 비타민이다. 기분이 훨씬 좋아졌어.	N	2022-10-12 15:47:40	2022-10-12 15:47:40
BE22027809	16	1	당신은 분명 잘 헤쳐 나갈 수 있을 거라고 믿어. 학생들이 어려도 진심은 결국 통하는 법이거든. 이따가 집에서 만나서 더 많이 위로해줄게.	Y	2022-10-12 15:47:40	2022-11-08 06:20:23
