id	utterance_id	utterance_type	utterance_text	terminate	regDate	updDate
BE22030124	1	0	여보, 어떻게 하면 취업에 대한 두려움을 떨쳐낼 수 있을까. 지난번 면접 때 받은 상처가 아직 회복되지 않은 모양이야.	N	2022-10-16 11:33:12	2022-10-16 11:33:12
BE22030124	2	1	면접관이 나이를 걸고 넘어진 일 말이지. 그때 생각만 하면 나도 또 한번 마음을 다치는 것 같아.	N	2022-10-16 11:33:12	2022-11-08 06:34:27
BE22030124	3	0	사업을 접고 회사로 돌아온다는 게 탐탁지 않았던 모양이지. 이해를 못하는 건 아니지만 면전에서 그런 소릴 들으니 나도 상처가 컸어.	N	2022-10-16 11:33:12	2022-10-16 11:33:12
BE22030124	4	1	나라도 그 상황에선 충격을 받았을 것 같아. 어른스럽게 대응하고 나온 당신이 대견할 정도였으니까.	N	2022-10-16 11:33:12	2022-10-16 11:33:12
BE22030124	5	0	그렇다고 면접 분위기를 망칠 수는 없잖아. 결국 떨어지고 말았지만. 그때 일이 트라우마로 남아 여전히 내 발목을 잡고 있네.	N	2022-10-16 11:33:12	2022-10-16 11:33:12
BE22030124	6	1	상처가 생각보다 깊어 보여서 나도 마음이 아프다. 당신의 참된 모습을 알아봐 줄 면접관이 있을 거야. 오늘까지 무던히 노력하고 성실하게 산 당신인데 자신감을 가져도 돼.	N	2022-10-16 11:33:12	2022-11-08 06:34:27
BE22030124	7	0	그래도 나이라는 조건이 참 크게 느껴지는 것 같아. 막상 붙는다고 해도 회사 생활을 잘할 수 있을까 두려움도 들고. 이런 생각을 하고 있으려니 마음이 자꾸 상해.	N	2022-10-16 11:33:12	2022-10-16 11:33:12
BE22030124	8	1	괜한 걱정에 당신 마음이 거듭 다치는 건 원치 않아. 스스로를 위해서라도 낙담하지 말고 긍정적인 생각만 해. 취업을 앞두고서 두려운 마음은 누구나 들 거라고 생각하면 덜 외로울지도 모르겠어.	N	2022-10-16 11:33:12	2022-11-08 06:34:27
BE22030124	9	0	그건 알지만 내가 남들보다 배는 고립돼 있는 느낌이랄까. 도무지 떳떳하게 있을 수가 없네.	N	2022-10-16 11:33:12	2022-10-16 11:33:12
BE22030124	10	1	당신이 죄를 지은 것도 아닌데 그렇게 부정적으로 생각할 건 또 뭐야. 결과가 좋지 않더라도 당신이 스스로에게 떳떳할 수 있도록 최선만 다했다면 그걸로 충분해. 가족들 모두 그렇게 생각하고 있으니까 부담 갖지 말고 마음을 편히 가져.	N	2022-10-16 11:33:12	2022-11-08 06:34:27
BE22030124	11	0	맞아, 나 스스로 떳떳하다면 어떤 말에도 흔들리지 않을 건데. 내가 더 과하게 나이를 의식해서 상처를 키우고 있었나 봐. 나를 위해서라도 마음을 다잡도록 노력할게.	N	2022-10-16 11:33:12	2022-11-08 06:34:27
BE22030124	12	1	그럴 수밖에 없는 마음은 나도 이해하고 있어. 다만 나는 당신이 더 행복할 수 있는 쪽으로 임하길 바랄 뿐이야. 포기하지 않고 버티다 보면 분명 좋은 결과가 있을 거라 믿어.	N	2022-10-16 11:33:12	2022-11-08 06:34:27
BE22030124	13	0	믿음에 배반하지 않게 나도 더 강인한 정신으로 무장하고 있을게. 격려해 줘서 고마워 여보.	N	2022-10-16 11:33:12	2022-10-16 11:33:12
BE22030124	14	1	우리 가족 모두 당신을 응원하고 있다는 거 알지? 힘들 땐 언제라도 오늘처럼 기대야 해.	N	2022-10-16 11:33:12	2022-11-08 06:34:27
BE22030124	15	0	가족이라는 존재가 이렇게 든든할 때도 없던 것 같아. 덕분에 마음이 한결 나아졌어. 이제 걱정하지 않아도 괜찮아.	Y	2022-10-16 11:33:12	2022-11-08 06:34:27
