id	utterance_id	utterance_type	utterance_text	terminate	regDate	updDate
BE22028849	1	0	여보, 아무래도 나 따돌림을 받고있는 것 같아. 오늘 점심도 혼자 먹었어. 믿었던 사람들마저 등을 돌리니까 너무 상처받아.	N	2022-10-14 07:12:57	2022-11-08 06:26:39
BE22028849	2	1	무슨 일이야. 설마 저번에 그 일 때문에 그런 거야?	N	2022-10-14 07:12:57	2022-10-14 07:12:57
BE22028849	3	0	응. 나한테 대놓고 말하진 않지만 그런 것 같아. 출장비 부당 수령에 대해서 위에 보고한 이후로 거리를 두는 게 느껴져. 동료들이 나를 거의 없는 사람 취급을 하고 있어.	N	2022-10-14 07:12:57	2022-10-14 07:12:57
BE22028849	4	1	말도 안 돼. 나까지 억울하고 속상하네. 잘못된 걸 잘못됐다고 말했을 뿐인데 오히려 당신을 탓하다니. 자긴 얼마나 더 상처받고 억울하겠어.	N	2022-10-14 07:12:57	2022-11-08 06:26:39
BE22028849	5	0	그러니까 말이야. 이렇게 될까 봐 그때도 고민 많이 하고 보고한 건데 역시나네. 도대체 내가 뭘 잘못한 건지 억울해. 역시 나서는 게 아니었나 봐.	N	2022-10-14 07:12:57	2022-10-14 07:12:57
BE22028849	6	1	내가 당신 입장이었어도 그런 생각이 들 것 같긴 해. 하지만 나는 당신이 옳은 행동을 한 거라고 생각해. 만약 말을 하지 않고 그런 부정을 묵인했어도 당신은 그것대로 괴로울 사람이잖아?	N	2022-10-14 07:12:57	2022-11-08 06:26:39
BE22028849	7	0	그건 그렇지. 출장비를 빼돌린다는 걸 처음 알고 나서부터 지금까지도 괴로웠는걸. 윗선에 보고하고 나서는 마음이 편했었는데 냉정한 현실이 받아들이기 쉽지가 않네.	N	2022-10-14 07:12:57	2022-10-14 07:12:57
BE22028849	8	1	그럼. 당신은 내가 아는 사람 중에 제일 정직하고 청렴한 사람인걸. 그래서 나는 당신의 행동이 한없이 자랑스럽기만 해. 오히려 부정을 저지르고 있었던 사람들은 어차피 들킬 일을 멈춰준 당신한테 고마워해야 맞는 거야.	N	2022-10-14 07:12:57	2022-11-08 06:26:39
BE22028849	9	0	나도 그렇게 생각하지만 어쩌면 그들한텐 내가 스파이처럼 느껴질 수도 있다는 생각이 들어. 같은 편이라고 생각하고 편하게 말한 걸 내가 일러바친 셈이니까 말이야.	N	2022-10-14 07:12:57	2022-10-14 07:12:57
BE22028849	10	1	나도 고등학생 때 우리 반에 왕따 주동자가 따돌리는 데에 동참하라고 하는데 그럴 수가 없더라고. 그래서 선생님께 말씀드렸고, 당신과 마찬가지로 이런 상황을 겪었어. 그 당시에는 나도 오히려 내가 따돌림을 당하게 되어서 후회도 했지만, 지금은 그때의 내가 자랑스러워.	N	2022-10-14 07:12:57	2022-10-14 07:12:57
BE22028849	11	0	당신도 그런 경험이 있었구나. 당신 말대로 내가 이걸 묵인하고 넘어갔으면 평생 떳떳하지 못했을 것 같긴 해. 마음속에 후회로 남았을 텐데 당신 덕분에 마음을 다잡게 됐어.	N	2022-10-14 07:12:57	2022-11-08 06:26:39
BE22028849	12	1	잘 생각했어. 누가 뭐래도 잘못한 사람은 출장비를 빼돌린 사람이지 당신이 아니야. 그걸 보고했다고 당신한테 등을 돌리고 배척하는 사람들이 잘못한 거고. 당장은 상처가 되겠지만 그런 사람들을 인생에서 걸러낼 기회라고 생각하자.	N	2022-10-14 07:12:57	2022-11-08 06:26:39
BE22028849	13	0	당신 말이 맞아. 나는 내 신념대로 행동했을 뿐이니까 이런 괴롭힘에도 굳건히 지켜야겠어. 역시 당신은 현명한 사람이야.	N	2022-10-14 07:12:57	2022-10-14 07:12:57
BE22028849	14	1	당신이 원체 정직한 신념을 가진 사람인 걸 알뿐이지. 너무 자랑스럽고 멋있어. 우리 아이도 당신을 자랑스러워할 거야.	N	2022-10-14 07:12:57	2022-10-14 07:12:57
BE22028849	15	0	당신 덕분에 떳떳한 아빠가 될 수 있는 것 같아. 항상 고마워.	Y	2022-10-14 07:12:57	2022-11-08 06:26:40
