id	utterance_id	utterance_type	utterance_text	terminate	regDate	updDate
BE22030143	1	0	여보, 점심시간에 시장 안의 허술한 국밥집에 갔는데 엄청 맛있더라. 일곱 살 때 아버지와 그런 비슷한 국밥집에 갔던 기억이 갑자기 떠올랐어. 아버지가 돈이 없어서 한 그릇만 시켰던 생각이 나서 상처를 입은 듯 마음이 아팠어.	N	2022-10-16 11:57:31	2022-10-16 11:57:31
BE22030143	2	1	그 기억 때문에 당신 마음이 얼마나 아팠을까 생각하니 나도 속상하다. 그래도 아버지와 그런 추억이 있어서 행복하다 생각하고 마음을 풀었으면 좋겠어. 난 그렇게 오래된 기억을 자세하게 떠올리는 당신 기억력이 대단한 것 같아서 칭찬해주고 싶어.	N	2022-10-16 11:57:31	2022-11-08 06:34:33
BE22030143	3	0	그때 아버지가 실직하셔서 집안이 몹시 어려웠거든. 어디를 가다가 내가 배가 고프다고 하니 시장 안 국밥집에 들어갔는데 돈이 없으신 거야. 한 그릇만 시켜서 당신은 조금 드시고 나를 다 주신 기억이 상처처럼 아프게 떠오르더라.	N	2022-10-16 11:57:31	2022-10-16 11:57:31
BE22030143	4	1	아버님도 배가 고프셨을 턴데 그러신 걸 보니 자식에 대한 사랑이 보통 아니셨나 봐. 그런 사랑을 받고 자라서 당신도 이렇게 사랑이 넘치는 사람이 된 것 같아서 너무 좋다. 당신이 그 사랑을 고이 간직하고 성장한 게 너무 고맙고 대단해서 진심으로 칭찬하고 싶다.	N	2022-10-16 11:57:31	2022-11-08 06:34:33
BE22030143	5	0	많은 세월이 흘렀는데 그때의 그 장면, 분위기까지 다 떠올라서 정말 신기해. 국밥집에서 냄새를 맡는 순간 기억이 떠오르면서 상처를 입은 듯 가슴이 찌르르 아프더라. 냄새가 기억을 불러오는 장치인 게 신기하면서도 가슴이 아프다.	N	2022-10-16 11:57:31	2022-10-16 11:57:31
BE22030143	6	1	지금 아버님이 돌아가시고 안 계셔서 당신 마음이 더 아픈 것 같아. 그래도 아버님은 그때 당신에게 국밥을 먹이면서 행복하셨을 거야. 그 생각을 하고 아픈 마음을 달래기 바래.	N	2022-10-16 11:57:31	2022-11-08 06:34:33
BE22030143	7	0	아버지가 살아 계셨으면 시장 안 국밥집에 모시고 갔을 턴데 하는 생각에 마음이 더 아프다. 난 그런 무조건적인 사랑을 받았는데 아무 것도 보답을 못 해드렸어. 내가 뭔가 해드릴 형편이 되었을 때 아버지는 이미 돌아가셨다는 사실이 내게 상처가 되고 있어.	N	2022-10-16 11:57:31	2022-11-08 06:34:33
BE22030143	8	1	당신이 그런 마음을 먹었다는 사실을 아버님이 아셨으면 무척 기뻐하셨을 거야. 아버님은 당신의 고운 심성을 아셨을 테니까 그것만으로도 이미 흐뭇해하셨을 거야. 그러니 너무 마음 아파하지 않았으면 좋겠어.	N	2022-10-16 11:57:31	2022-11-08 06:34:33
BE22030143	9	0	난 사실 아버지께는 마음을 잘 표현하지 못해서 그게 가슴에 걸려. 뭔가 물으시면 무뚝뚝하고 짧게 대답하곤 했지. 아버지가 그것 때문에 상처 입으시지 않았을까 걱정스럽기도 해.	N	2022-10-16 11:57:31	2022-10-16 11:57:31
BE22030143	10	1	자식 심성은 부모가 가장 잘 알아서, 당신 마음도 아버님은 아셨을 테니 걱정하지 마. 부모님이 가장 바라시는 건 자식이 평생 행복하게 사는 걸 거야. 당신이 지난 일로 가슴 아파하며 괴로워하지 않는 게 효도라 생각하고 마음을 편히 가져.	N	2022-10-16 11:57:31	2022-10-16 11:57:31
BE22030143	11	0	하긴 아버지도 내가 아버지와의 기억 때문에 괴로워하는 걸 아시면 속상해 하실 거야. 당신 말대로 아버지도 내 마음을 다 아셨을 거라는 생각이 들어. 내가 잘 사는 게 아버지께 효도하는 길이다 생각하니 마음이 편해졌어.	N	2022-10-16 11:57:31	2022-11-08 06:34:33
BE22030143	12	1	당신 마음이 풀어진 걸 보니 다행이라는 생각이 든다. 돌아가신 분은 모든 걸 안다는 글을 어디선가 읽었어. 아버님이 당신의 모든 걸 지켜보고 계신다 생각하고 늘 행복하게 지내기 바래.	N	2022-10-16 11:57:31	2022-11-08 06:34:33
BE22030143	13	0	시장 안의 허술한 국밥집에서 아버지를 문득 떠올렸을 때 묘한 생각이 들었어. 왠지 아버지가 지켜보시다가 국밥이 맛있느냐고 물어보실 것만 같은 생각이 들었지. 어쩐지 그게 우연이 아닌 것 같아서 가슴이 찡하도록 감동이 밀려온다.	N	2022-10-16 11:57:31	2022-10-16 11:57:31
BE22030143	14	1	부모는 돌아가셔도 자식과 연결되어 있는 것 같아. 그러니 당신에게 그 먼 기억까지 이끌어 내신 거겠지. 당신이 행복하면 아버님도 분명 행복하실 거란 생각으로 지냈으면 좋겠다.	N	2022-10-16 11:57:31	2022-11-08 06:34:34
BE22030143	15	0	느닷없이 옛 기억을 떠올리고 마음이 울적했었는데 당신 덕분에 다 풀렸어. 늘 내 편에 서서 생각해주고 말해줘서 정말 고마워 여보.	Y	2022-10-16 11:57:31	2022-11-08 06:34:34
