id	utterance_id	utterance_type	utterance_text	terminate	regDate	updDate
BE22025183	1	0	당신, 당신도 알지만 전 손톱과 발톱이 너무 빨리 자라잖아요. 그런데 오늘 부장 님께서 손톱 좀 자르라고 사람들 보기에 위생적으로 좋지 않다고 하시잖아요. 전 남보다 빨리 자라서 그런 건데 제 마음을 몰라 주셔서 마음에 상처가 되었어요.	N	2022-10-07 04:46:24	2022-10-07 04:46:24
BE22025183	2	1	같은 말도 돌려서 할 수 있는 것인데 당신 상처를 많이 받았겠어요. 누가 들어도 그런 말은 마음에 상처가 되죠. 내가 다 안타까워요.	N	2022-10-07 04:46:24	2022-11-08 06:04:44
BE22025183	3	0	부장님에게 그런 말을 듣고 너무 상처를 받아서 쉬는 시간에 잠시 회사 밖을 나왔어요. 그 사무실에 같이 있기 힘들더라고요. 마음에 상처가 깊었나 봐요.	N	2022-10-07 04:46:24	2022-11-08 06:04:44
BE22025183	4	1	잘했어요, 그렇게 마음에 상처를 받았을 때는 잠시 휴식을 취하는 것도 좋죠. 역시 이런 위기 상황에서도 진정시키기 위하여 노력하는 당신의 모습이 참 멋지네요.	N	2022-10-07 04:46:24	2022-11-08 06:04:44
BE22025183	5	0	도피한 것도 있어요, 부장님이 손톱과 발톱을 자르라고 하셨을 때 너무 놀랐거든요. 그런 부분까지 체크하시는 줄 몰랐는데 부장님도 참았다가 이야기하신 거잖아요. 평상시에 절 어떻게 생각하고 계셨을지 상상돼서 더 마음에 상처가 되었어요.	N	2022-10-07 04:46:24	2022-11-08 06:04:44
BE22025183	6	1	그런 당신의 추측이잖아요, 부장님의 생각은 아무도 모르는 걸로. 그렇게 상상하면서 당신을 괴롭히면 당신만 아플 뿐이에요. 부디 더 이상 자신을 아프게 만들지 않았으면 좋겠어요, 당신이 상처 받을까 걱정돼요.	N	2022-10-07 04:46:24	2022-11-08 06:04:44
BE22025183	7	0	그래야 하는데 다른 타인에게 이렇게 지적을 받은 게 오랜만이라서 회복을 잘못하나 봐요. 정말 미안해요 당신에게 계속 마음에 상처를 이야기하면서 당신을 힘들게 하는 것 같아요.	N	2022-10-07 04:46:24	2022-11-08 06:04:44
BE22025183	8	1	뭐가 미안해요, 부부라면 당연히 서로의 아픔을 어루만져 줄 수 있죠. 그리고 전 당신이 언제나 행복하고 기쁘기를 바라는 사람이에요.	N	2022-10-07 04:46:24	2022-11-08 06:04:44
BE22025183	9	0	오늘 부장님께서 사람들이 다 있는 자리에서 저에게 손톱을 자르라면서 한 소리를 하셨죠. 남보다 손톱과 발톱이 빨리 자라는 저인데 말이죠. 너무 마음에 상처를 받고 당신에게 연락한 거예요.	N	2022-10-07 04:46:24	2022-11-08 06:04:44
BE22025183	10	1	정말 잘했어요, 당신의 현명한 선택이 나와 당신 모두에게 좋은 결과를 가져다 줄 거라 확신해요. 전 당신이 상처를 받은 것 같아서 그 아픔을 회복 켜 주기 위해서 노력할 거예요. 당신이 힘을 내어 주기 만을 바라요.	N	2022-10-07 04:46:24	2022-11-08 06:04:44
BE22025183	11	0	정말 고마워요, 당신의 그런 응원이 나에게 정말 많은 힘이 돼요. 오늘도 마음에 상처를 어떻게 회복할지 몰라 많이 힘들었는데. 당신의 위로와 격려가 나의 상처를 달래 줬어요. 너무 고마워요.	N	2022-10-07 04:46:24	2022-10-07 04:46:24
BE22025183	12	1	그랬다면 정말 다행이죠, 당신의 상처가 회복되지 못할까 봐 많이 걱정한 저였어요. 역시 당신이 다시 힘을 내니 저도 되려 기분이 좋아지네요.	N	2022-10-07 04:46:24	2022-11-08 06:04:44
BE22025183	13	0	당신은 언제나 같이 나의 일에 기뻐하고 슬퍼해 주는 사람이라서 너무 고마워요. 우리가 부부가 된 것이 나에게는 행운인 것 같아요.	N	2022-10-07 04:46:24	2022-10-07 04:46:24
BE22025183	14	1	당신을 위한 내 마음을 알아줘서 다행이죠. 언제나 당신이 나에게 이렇게 속마음을 이야기 해줬으면 좋겠다는 생각이에요.	N	2022-10-07 04:46:24	2022-11-08 06:04:44
BE22025183	15	0	네 알겠어요, 오늘도 전 당신의 위로와 격려를 받고 상처를 회복했네요. 남보다 손톱과 발톱이 빨리 자라는 편인데 그걸 지적받으니 상처가 되더라고요. 내 마음을 알아주는 당신이 있어서 너무 힘이 나요.	Y	2022-10-07 04:46:24	2022-11-08 06:04:44
