id	utterance_id	utterance_type	utterance_text	terminate	regDate	updDate
BE22027605	1	0	당신, 오늘 건강 검진에서 시력을 측정했는데 벌써 노안이 왔다고 하더라고요. 내가 나이가 몇 인데 노안이 이렇게 빨리 올지 몰랐어요. 눈이 망가지면 돌아올 수 없음을 알기에 마음에 상처가 깊어지네요.	N	2022-10-12 10:13:30	2022-11-08 06:19:09
BE22027605	2	1	당신 아주 속상하겠어요, 당신이 보낸 문자만 읽어도 얼마나 슬퍼하는지 느낄 수 있어요. 그래서 내 마음이 찢어질 것 같아요.	N	2022-10-12 10:13:30	2022-11-08 06:19:09
BE22027605	3	0	아직 40대잖아요, 노안이 오려면 한참 남았다고 생각했어요. 안경을 쓰고 있다고 해도 노안이라 곤 생각 못했는데. 빨리 온 노안으로 늙어버린 나 자신이 실감 돼서 마음에 상처가 깊어져요.	N	2022-10-12 10:13:30	2022-11-08 06:19:09
BE22027605	4	1	당신이 눈을 많이 혹사하는 직업이잖아요, 온종일 컴퓨터 앞에 있어서 그래요. 늙었다거나 그런 게 아니란 걸 당신도 알고 있잖아요. 슬픈 건 알겠지만 너무 자신을 깎아내리지 않았으면 해요.	N	2022-10-12 10:13:30	2022-11-08 06:19:10
BE22027605	5	0	내가 이 직업을 하면서 얻은 게 노안이라니 너무 슬프잖아요. 이 마음에 상처를 어떻게 달래야 할지 너무 막막해요. 회복이 불가능할 것 같아요.	N	2022-10-12 10:13:30	2022-10-12 10:13:30
BE22027605	6	1	당신이 그렇게 말할수록 제일 고통 받는 게 당신이라서 너무 걱정돼요. 난 당신이 상처받지 않기를 바라는 마음이라서 당신의 노안이 너무 슬프게 다가오네요. 당신에게 힘이 되어 주고 싶은 마음뿐이에요.	N	2022-10-12 10:13:30	2022-11-08 06:19:10
BE22027605	7	0	노안이라는 말이 나에게 없는 단어였어요, 그런데 갑자기 의사 선생님에게 듣게 되니 어안이 벙벙하더라고요. 받아들일 수 없는 현실이라서 이렇게 마음에 상처를 입었나 봐요.	N	2022-10-12 10:13:30	2022-10-12 10:13:30
BE22027605	8	1	그렇죠, 누구라도 갑자기 그런 진단을 받았는데 상처를 안 받을 사람이 없죠. 전 그 마음을 아니까 당신이 힘을 냈으면 좋겠다고 생각하는 거예요. 힘이 없다고 느끼면 더 지칠 것 같다는 생각이 들었거든요.	N	2022-10-12 10:13:30	2022-11-08 06:19:10
BE22027605	9	0	상처받은 마음에 온몸에 힘이 빠지고 정말 아무것도 못 하겠더라고요. 갑자기 눈은 더 안 보이는 것 같아서 울컥했어요. 상처받은 마음을 달랠 길이 없어서 당신에게 연락하게 된 거예요.	N	2022-10-12 10:13:30	2022-11-08 06:19:10
BE22027605	10	1	그랬군요, 연락하길 잘했어요. 난 이 세상 누구보다 당신이 행복하길 바라는 사람이잖아요. 당신이 혼자 속앓이하면서 아파하는 게 난 더 고통스러워서 힘이 되어주고 싶어요.	N	2022-10-12 10:13:30	2022-11-08 06:19:10
BE22027605	11	0	정말 고마워요, 당신의 그런 진심 어린 위로가 나에게는 큼 힘이 돼요. 누구보다 나를 위하는 당신이라는 것을 알기에 든든한 마음이 들어요. 나의 상처 받았던 마음이 회복되는 것 같아서 고마운 마음뿐이죠.	N	2022-10-12 10:13:30	2022-11-08 06:19:10
BE22027605	12	1	정말 다행이네요. 사실 당신에게서 문자가 왔을 때 힘들어하는 당신이 느껴져서 눈물이 나올 뻔했어요. 노안이라는 것이 환경적일 수도 있는데 나이가 들었다는 것으로 생각하고 충격받은 것 같았거든요.	N	2022-10-12 10:13:30	2022-11-08 06:19:10
BE22027605	13	0	맞아요, 세월이 언제 이렇게 흐른 건가 하는 생각이 들어서 그랬어요. 너무 힘들어서 눈물이 나올 뻔했는데 당신이 위로해 주었죠.	N	2022-10-12 10:13:30	2022-10-12 10:13:30
BE22027605	14	1	내가 보는 당신은 항상 청춘이에요. 그리고 눈이 안 좋아졌다고 해서 당신이 정말 늙었다고 생각할 사람은 없어요. 그러니 힘을 냈으면 좋겠다는 마음뿐이죠.	N	2022-10-12 10:13:30	2022-11-08 06:19:10
BE22027605	15	0	고마워요, 당신의 그런 마음을 알기에 힘이 나요. 나를 위해서 언제나 응원하고 지지해 주는 당신이 있어서 이번 일도 극복할 수 있었어요.	Y	2022-10-12 10:13:30	2022-11-08 06:19:10
