id	utterance_id	utterance_type	utterance_text	terminate	regDate	updDate
BE22012217	1	0	너무 주름이 깊어져서 결국 필러를 맞고 왔어요. 내가 언제 이렇게 늙었나 생각을 하게 되더라고요.	N	2022-07-28 06:41:46	2022-11-08 04:42:51
BE22012217	2	1	너무 상처받지 말아요. 그래도 자기는 여전히 이쁜걸요? 주름 따위가 뭐가 중요해요.	N	2022-07-28 06:41:46	2022-11-08 04:42:51
BE22012217	3	0	그래도 제가 볼 때는 얼굴에 주름이 하나둘 늘어가는 게 너무 상처예요. 하나씩 늘어갈 때마다 제 마음에 짐도 하나씩 쌓이는 기분인걸요.	N	2022-07-28 06:41:46	2022-11-08 04:42:51
BE22012217	4	1	전혀 그렇지 않아요. 주름도 사람에게 있어서 하나의 멋인걸요. 주름이 있어도 오히려 멋있어 보여요!	N	2022-07-28 06:41:46	2022-11-08 04:42:51
BE22012217	5	0	네, 그런 것 같아요. 여자로서 예전의 외모를 계속 유지하고 싶은데 현실은 그렇지 않으니까요. 뭐랄까 제 가치를 아예 잃어버리는 기분이에요.	N	2022-07-28 06:41:46	2022-11-08 04:42:51
BE22012217	6	1	그래도 여전히 당신은 아름다운걸요! 고작 그런 주름이 당신의 미모를 가리진 못하니까요!	N	2022-07-28 06:41:46	2022-11-08 04:42:51
BE22012217	7	0	정말 그렇게 생각해요? 난 거울을 볼 때마다 깊어지는 저 주름이 너무 신경 쓰여서 그래요. 정말 거울 보는 게 너무 수치스럽고 괴로울 정도예요.	N	2022-07-28 06:41:46	2022-11-08 04:42:51
BE22012217	8	1	당신의 주름이 당신의 외모를 가린다고 생각하지 않아요. 그 주름 또한 당신의 일부분인걸요! 오히려 자연스럽게 남아서 더 예쁜 것 같아요.	N	2022-07-28 06:41:46	2022-11-08 04:42:51
BE22012217	9	0	말이라도 그렇게 해줘서 고마워요. 근데 저는 저걸 어떻게든 가리고 싶어서 필러를 맞은걸요. 저에겐 숨기고 싶은 창피한 주름이에요.	N	2022-07-28 06:41:46	2022-11-08 04:42:51
BE22012217	10	1	주름도 당신의 외모의 일부분이라고 생각하는 건 어때요? 저도 흰머리가 많이 나고 주름졌지만, 그것도 제가 열심히 살아온 증거라고 생각하니 괜찮았어요. 아무도 당신의 주름을 흉보지 않을 거예요.	N	2022-07-28 06:41:46	2022-11-08 04:42:51
BE22012217	11	0	아무도 흉보지 않는다고요? 정말 그렇게 생각하시는 거예요?	N	2022-07-28 06:41:46	2022-11-08 04:42:51
BE22012217	12	1	그럼요! 오히려 세월에 흐름에 따른 자연스러운 현상인걸요? 모두가 당신의 주름을 못생겼다고 생각하지 않을 거예요.	N	2022-07-28 06:41:46	2022-11-08 04:42:51
BE22012217	13	0	그렇게 생각하니 마음이 편하네요. 저는 남들이 제 주름을 가지고 흉볼까 봐 걱정이 많이 되었거든요.	N	2022-07-28 06:41:46	2022-11-08 04:42:51
BE22012217	14	1	너무 걱정하지 말아요. 모두가 당신의 주름을 자연스럽다고 생각해서 더 부러워할 거예요! 당신처럼 주름이 있어도 아름다운 사람은 없으니까요.	N	2022-07-28 06:41:46	2022-11-08 04:42:51
BE22012217	15	0	그렇게 말 해줘서 정말 고마워요. 역시 당신뿐이에요.	Y	2022-07-28 06:41:46	2022-11-08 04:42:51
