id	utterance_id	utterance_type	utterance_text	terminate	regDate	updDate
BE22030118	1	0	여보, 나는 왜 이렇게 쉽게 흥분하는 성격인 걸까. 오늘도 그럴 일이 아닌데 딸아이에게 화를 내고 상처를 주고받고 말았어.	N	2022-10-16 11:25:27	2022-11-08 06:34:24
BE22030118	2	1	당신이 요즘 투병에 지쳐 감정 조절이 힘들 것 이해해. 심하게 다투기라도 한 거야?	N	2022-10-16 11:25:27	2022-11-08 06:34:24
BE22030118	3	0	배가 고프지 않은데도 자꾸 밥을 먹으라고 권해서 버럭버럭하고 말았거든. 딸이 입을 꾹 다물고 그대로 병실을 나가버리는데 나도 마음이 괴로웠어.	N	2022-10-16 11:25:27	2022-11-08 06:34:24
BE22030118	4	1	서로를 아끼는 마음을 아니까 그렇게 흥분하고 나면 더 속상한 마음이 들 것 같아. 나도 괜히 가슴이 찢어질 듯 아프다.	N	2022-10-16 11:25:27	2022-11-08 06:34:24
BE22030118	5	0	나를 위해서 하는 행동이라는 걸 알면서도 가끔은 답답해서 흥분하는 거 같아. 순간적인 감정을 쏟고 나면 곧바로 후회하고 내 마음만 다칠 건데.	N	2022-10-16 11:25:27	2022-11-08 06:34:24
BE22030118	6	1	당신도 딸을 사랑하니까 흥분하고 나면 자신도 할퀴는 기분이겠지. 지금은 몸이 고단해서 더 그럴 거라는 거 딸도 이해하고 있을 거야. 당신은 당신 몸과 마음 회복에만 치중해도 괜찮아.	N	2022-10-16 11:25:27	2022-11-08 06:34:24
BE22030118	7	0	내 마음만 다치면 좋을 텐데 주변 사람들까지 다치게 만든다는 게 나를 더 아프게 만들어.	N	2022-10-16 11:25:27	2022-10-16 11:25:27
BE22030118	8	1	힘들었을 때 가족이 몫을 나누고 있는 거야. 당신이 그 모든 짐을 짊어질 이유는 없어. 투정도 하고 푸념도 하면서 서로를 위하는 중인 거라고 생각해.	N	2022-10-16 11:25:27	2022-11-08 06:34:24
BE22030118	9	0	내가 아프다는 핑계로 남을 상처 입히고 있는 것 같아서 나도 마음이 상하는 것 같아.	N	2022-10-16 11:25:27	2022-10-16 11:25:27
BE22030118	10	1	그런 생각은 마. 이런 상황에서도 꿋꿋하게 버티고 있는 당신을 우리는 대견하게 생각해. 누구라도 같은 상황에서 내내 평정을 유지하거나 차분하기는 더 어려운 일일 거야.	N	2022-10-16 11:25:27	2022-11-08 06:34:24
BE22030118	11	0	당신이 나를 이렇게 생각해 주는데, 나를 위해서라도 생각을 고쳐먹어야지. 내가 더 조심하고 싶은데 그게 안 돼서 나도 속상했나 봐.	N	2022-10-16 11:25:27	2022-11-08 06:34:25
BE22030118	12	1	당신은 항상 당신을 우선할 필요가 있어. 한두 마디에 너무 개의치 말고 마음 다치지도 마. 그럴 수 있는 일이야.	N	2022-10-16 11:25:27	2022-11-08 06:34:25
BE22030118	13	0	그렇게 말해줘서 고마워. 내 마음이 편해야 뭐든 조금씩 나아질 수 있을 텐데. 내가 더 노력할게.	N	2022-10-16 11:25:27	2022-10-16 11:25:27
BE22030118	14	1	지금도 충분히 잘하고 있으니까 염려하지 마. 딸도 당신 마음을 온전히 느끼고 있을 거야.	N	2022-10-16 11:25:27	2022-11-08 06:34:25
BE22030118	15	0	딸이랑은 나중에 돌아오면 다시 잘 얘기해볼게. 괜히 내 마음 다쳤다고 여러 사람 피곤하게 만든 거 같아 미안해. 그래도 이렇게 털어놓으니 내 마음이 한결 나아졌어, 고마워.	Y	2022-10-16 11:25:27	2022-11-08 06:34:25
