id	utterance_id	utterance_type	utterance_text	terminate	regDate	updDate
BE22008014	1	0	여보 내 머리는 왜 이리 남들보다 큰 걸까? 친구들과 찍은 사진을 보니 더 도드라지네.	N	2022-07-12 04:41:58	2022-11-08 04:15:58
BE22008014	2	1	당신 머리가 큰 편인가? 난 그렇게 느끼지 못했었는데.	N	2022-07-12 04:41:58	2022-11-08 04:15:58
BE22008014	3	0	집에 와서 어릴 적 앨범 살펴보니 어렸을 때부터 남들보다 훨씬 컸네.	N	2022-07-12 04:41:58	2022-11-08 04:15:58
BE22008014	4	1	그건 유난히 키 성장도 남들보다 빨랐으니까 그렇지. 키가 크면 얼굴도 커지는 게 당연한 거라고 생각해. 너무 마음 쓰지 마.	N	2022-07-12 04:41:58	2022-11-08 04:15:58
BE22008014	5	0	학생 때도 얼굴 크기 때문에 놀림 받았던 게 기억이 나. 집에 와서 엄마 붙잡고 나만 왜 머리가 크냐며 펑펑 울곤 했지. 지금은 그게 평생의 콤플렉스가 되어버린 것 같아.	N	2022-07-12 04:41:58	2022-11-08 04:15:58
BE22008014	6	1	외모에 한창 민감한 나이였을 때 그런 놀림을 받았다면 나라도 콤플렉스가 되었을거야. 당신이 어린 마음에 상처를 많이 받았겠다.	N	2022-07-12 04:41:58	2022-11-08 04:15:58
BE22008014	7	0	대학생 때 소개팅을 했을 때도, 쟤는 얼굴이 너무 크다고 뒷말하는 걸 들은 적도 있어.	N	2022-07-12 04:41:58	2022-11-08 04:15:58
BE22008014	8	1	남의 시선에 예민한 당신이 당시 마음이 속상했겠어. 털어놓는 걸 보니 당신이 어릴 적부터 외모에 관해서 스트레스가 많았구나.	N	2022-07-12 04:41:58	2022-11-08 04:15:58
BE22008014	9	0	응. 당신도 알다시피 다른 사람들 말을 많이 신경 쓰는 편이잖아. 그래서 가끔씩 떠오를 때마다 마음이 괴로워.	N	2022-07-12 04:41:58	2022-11-08 04:15:58
BE22008014	10	1	하지만 나는 사람에게 가장 중요한 건 외모가 아니라고 생각해. 내가 당신을 좋아했던 것도 배려심 많은 예쁜 마음 때문이었고. 당신은 장점이 정말 많은 사람이야.	N	2022-07-12 04:41:58	2022-11-08 04:15:58
BE22008014	11	0	외모 말고 다른 곳에서 장점을 찾아본다는 생각은 잘하지 못했어.	N	2022-07-12 04:41:58	2022-11-08 04:15:58
BE22008014	12	1	아름다움의 척도가 외모만은 아니니까 상처받지 않았으면 해. 당신은 어떤 모습이든 나한테 소중한 사람이니까.	N	2022-07-12 04:41:58	2022-11-08 04:15:58
BE22008014	13	0	당신이 그렇게 얘기해주니 어릴 적 기억 때문에 울적했던 기분이 좀 나아지는 것 같아.	N	2022-07-12 04:41:58	2022-11-08 04:15:58
BE22008014	14	1	그랬다면 다행이다. 다음에 또 고민이 있다면 알려줘.	Y	2022-07-12 04:41:58	2022-11-08 04:15:58
