id	utterance_id	utterance_type	utterance_text	terminate	regDate	updDate
BE22002342	1	0	이번 명절에는 자기 혼자 내려가면 안 될까?	N	2022-06-21 05:35:27	2022-11-08 03:39:35
BE22002342	2	1	왜? 뭐 마음 불편한 일이라도 있었던 거야?	N	2022-06-21 05:35:27	2022-11-08 03:39:35
BE22002342	3	0	매번 친척분들이 나를 볼 때마다 아이는 언제 갖냐고 자꾸만 물으시는데... 이 세상에서 나보다 더 간절한 사람이 어디 있다고 자꾸 그러는지, 가만히 있어도 눈물이 흘러.	N	2022-06-21 05:35:27	2022-11-08 03:39:35
BE22002342	4	1	부모님께는 내가 재촉하지 마시라고 이야기했는데, 친척들은 상황을 모르고 그냥 습관적으로 하는 말일 거야. 그렇더라도 당신 입장에서는 스트레스 너무 많이 받았겠다. 나도 그런 소리 듣기 싫은데.	N	2022-06-21 05:35:27	2022-11-08 03:39:35
BE22002342	5	0	가족이라 걱정되는 마음에 하시는 말이라는 걸 모르지는 않아. 근데 그 얘기를 들을 때마다 나는 가슴이 메어져.	N	2022-06-21 05:35:27	2022-11-08 03:39:35
BE22002342	6	1	당신이 그런 마음 드는 거 당연해. 모르고 그러신 일이라도 마음이 많이 아팠을 거야. 내가 보듬어 주지 못해서 미안해.	N	2022-06-21 05:35:27	2022-11-08 03:39:35
BE22002342	7	0	같은 말을 반복해야 하는 것도, 사실 쉽지 않아. 나도 아이가 너무 갖고 싶어.	N	2022-06-21 05:35:27	2022-11-08 03:39:35
BE22002342	8	1	자기가 얼마나 간절히 원하고 있는지 내가 왜 모르겠어. 우리가 노력하고 있지만 노력만으로 가능한 일이 아니잖아. 더 이상 자기가 얘기하지 않도록 내가 다른 가족들에게 잘 이야기할게.	N	2022-06-21 05:35:27	2022-11-08 03:39:35
BE22002342	9	0	정말? 아이가 없다고 우리 사이를 의심하거나 그러진 않을까? 그런 고정관념조차 당사자에게는 상처인데 말이야.	N	2022-06-21 05:35:27	2022-11-08 03:39:35
BE22002342	10	1	다른 사람 의견을 너무 마음에 담아두지 마. 아이는 하늘이 주시는 거라잖아. 주신다면 당연히 감사하지만, 난 당신만 곁에 있어도 삶이 충만해.	N	2022-06-21 05:35:27	2022-11-08 03:39:35
BE22002342	11	0	정말 그렇게 생각해?	N	2022-06-21 05:35:27	2022-11-08 03:39:35
BE22002342	12	1	그럼 당연하지. 당신은 나랑 생각이 다른 거야?	N	2022-06-21 05:35:27	2022-11-08 03:39:35
BE22002342	13	0	아니야. 나도 자기만 곁에 있으면 돼. 당신 닮은 예쁜 아기를 갖고 싶은 소망이 더 커서 그렇지.	N	2022-06-21 05:35:27	2022-11-08 03:39:35
BE22002342	14	1	하늘이 들어 줄 거야. 믿어 의심치 말자. 만에 하나 주어지지 않더라도 우린 삶을 충만하게 살 각오가 되어 있잖아.	N	2022-06-21 05:35:27	2022-11-08 03:39:35
BE22002342	15	0	그 마음 변치 않는다면 나도 자기와 같은 마음이야. 내 마음 이해해줘서 고마워 자기야.	Y	2022-06-21 05:35:27	2022-11-08 03:39:35
