id	utterance_id	utterance_type	utterance_text	terminate	regDate	updDate
BE22029674	1	0	여보, 내 얘기 좀 들어줄 수 있어요? 어머니 때문에 가슴이 아프고 상처를 받았어요. 나까지 너무 괴롭고 힘든 마음이 드네요.	N	2022-10-15 14:42:10	2022-10-15 14:42:10
BE22029674	2	1	왜요? 어머님이랑 싸우기라도 했어요? 무슨 일이길래 이렇게 속상한 문자를 보낸 건지 신경이 쓰이네요. 말해봐요 나 지금 시간 괜찮으니까.	N	2022-10-15 14:42:10	2022-11-08 06:31:41
BE22029674	3	0	지난주에 어머니를 뵈러 집에 갔었어요. 그런데 돌아가신 아버지의 낡은 운동화를 신고 계시더라고요. 그 모습을 보는데 아버지가 돌아가셨을 때의 상처가 떠오르면서 어찌나 마음이 안 좋았는지 몰라요.	N	2022-10-15 14:42:10	2022-10-15 14:42:10
BE22029674	4	1	정말요? 문자를 읽으면서 나도 마음이 안 좋은데 당신은 오죽 더 마음이 안 좋았을지 이해가 되네요. 무슨 말로 당신의 상처 입은 마음을 조금이라도 달랠 수 있을지 모르겠어요. 어떤 심정으로 나에게 이런 문자를 보낸 건지 이해가 되네요.	N	2022-10-15 14:42:10	2022-10-15 14:42:10
BE22029674	5	0	내가 어릴 적 아버지가 돌아가신 거라 어린 마음에 가슴속에 나도 모르는 상처가 남았더라고요. 그런데 돌아가신 아버지의 낡은 운동화를 신고 계신 어머니를 보니 상처가 다시 상기됐어요. 그때의 상처가 떠오르면서 눈물이 나오는 걸 숨기고 황급히 집으로 돌아왔네요.	N	2022-10-15 14:42:10	2022-10-15 14:42:10
BE22029674	6	1	정말 마음이 너무나 아픈 일이네요. 누구나 이런 일을 겪는다면 다들 상처를 받고 괴로워할 거예요. 하지만 당신이 너무 슬퍼하면서 어머님에게 티를 낸다면 어머님도 더 힘들어하시지 않을까요?	N	2022-10-15 14:42:10	2022-11-08 06:31:41
BE22029674	7	0	나도 애써 티는 안 내려 하지만 그런 어머니의 모습을 보니 더 상처가 되네요. 그래서 안 좋은 말부터 나가고 서로 더 상처만 남기면서 사이가 멀어지는 기분이에요. 이 상처들이 잘 아물어서 예전의 사이좋았던 시절로 돌아갈 수 있을지 자신이 없어요.	N	2022-10-15 14:42:10	2022-10-15 14:42:10
BE22029674	8	1	상처가 클수록 잊히기까지는 충분한 시간이 필요할 거예요. 하지만 당신이 끝내 이겨내고자 한다면 반드시 그럴 수 있을 거예요. 그러니 포기하지 말고 지금을 잘 극복할 수 있도록 기운을 냈으면 좋겠어요.	N	2022-10-15 14:42:10	2022-11-08 06:31:41
BE22029674	9	0	내 생각보다 상처가 큰 거 같아요. 아직까지는 이겨낼 수 있을지 의욕도 안 생기고 마음이 너무 힘드네요. 나 자신이 이렇게 나약한 사람인지 몰랐어요, 참 부정적인 생각이 먼저 드네요.	N	2022-10-15 14:42:10	2022-10-15 14:42:10
BE22029674	10	1	당신은 의지가 강하고 도전정신이 강한 사람이잖아요. 그런 마음으로 굳게 마음을 먹고 극복하고자 한다면 이루던 바를 이룰 수 있을 거예요. 나도 옆에서 항상 응원하고 있으니까 조금 더 힘을 내서 이겨내길 바라요.	N	2022-10-15 14:42:10	2022-11-08 06:31:41
BE22029674	11	0	당신의 위로와 격려의 말 덕분에 조금은 마음이 놓이는 기분이 드네요. 상처를 크게 받아서 그런 생각을 해 볼 노력조차 안 했던 거 같아요. 당신의 말에 힘을 얻어 꼭 떨쳐낼 수 있도록 용기를 내볼게요.	N	2022-10-15 14:42:10	2022-11-08 06:31:41
BE22029674	12	1	그런 마음가짐을 가지는 것도 어려웠을 텐데 이미 반은 이겨낸 거 같네요. 지금 용기를 낸 거처럼 앞으로도 쭉 용기를 내며 살아간다면 너무 좋을 거 같아요. 당신은 우리 집에 없어서는 안 될 가장이니까 항상 응원할게요.	N	2022-10-15 14:42:10	2022-11-08 06:31:41
BE22029674	13	0	당신 덕분에 힘든 걸 견뎌내며 살아갈 수 있는 거 같아요. 어머니가 돌아가신 아버지의 낡은 운동화를 신고 계셔서 마음의 상처를 받아 가슴이 답답했어요. 당신이랑 대화를 하면서 정말 많은 걸 느끼게 됐고 답답함도 많이 풀어졌어요.	N	2022-10-15 14:42:10	2022-11-08 06:31:41
BE22029674	14	1	지금처럼 고민이나 마음 답답한 일이 생기면 혼자 이겨내려 애쓰지 말고 나한테는 얘기해요. 부부가 서로 의지하며 용기를 북돋아 주면서 이겨낼 수 있는 거잖아요. 언제나 당신의 얘기를 들어줄 준비가 되어 있으니 대화 상대가 필요하면 날 찾아요.	N	2022-10-15 14:42:10	2022-11-08 06:31:41
BE22029674	15	0	그런 말이라도 너무 고맙고 마음이 정말 든든하네요. 내가 지치지 않게 항상 옆에서 응원을 보내줘서 너무 힘이 나요. 오늘 일도 금방 떨쳐버리고 예전의 건강한 나의 모습으로 돌아가도록 이겨낼게요.	Y	2022-10-15 14:42:10	2022-10-15 14:42:10
