id	utterance_id	utterance_type	utterance_text	terminate	regDate	updDate
BE22029080	1	0	당신이 물었었지? 왜 매번 그렇게 깜짝깜짝 놀라냐고 말이야. 사실 나도 그러고 싶지 않은데 이게 습관 같은 거야. 어린 시절의 상처이기도 하고 말이지.	N	2022-10-14 13:17:56	2022-10-14 13:17:56
BE22029080	2	1	가끔 호기심에 내가 묻긴 했지만 그게 상처인 줄은 몰랐어. 내가 진즉에 알았더라면 그렇게 가볍게 묻지 않았을 텐데, 정말 미안해. 혹시 지금이라도 말해 준다면 내가 실수를 하지 않을 것 같은데, 말해 줄래?	N	2022-10-14 13:17:56	2022-11-08 06:28:04
BE22029080	3	0	당신은 한 번도 본 적은 없었겠지만 우리 아버지가 예전에 손을 올리셨었어. 날 때리거나 한 건 아니야. 일종의 손버릇이었는데 대화를 할 때마다 툭툭 치곤 했거든.	N	2022-10-14 13:17:56	2022-11-08 06:28:04
BE22029080	4	1	아, 나도 그런 친구가 한 명 있었어. 웃긴 일이 있거나 감정의 동요가 있을 때마다 옆 사람을 꼭 때리는 버릇이 있었어. 그렇게 강한 타격은 아니었지만 기분은 상당히 불쾌했던 게 기억나.	N	2022-10-14 13:17:56	2022-10-14 13:17:56
BE22029080	5	0	맞아. 아버지는 내가 어리고 키가 작았으니 머리를 때리곤 하셨었어. 그래서 그게 습관이 되어서 누군가 손을 들면 움찔, 하고 몸이 반사적으로 움츠러들더라고. 별거 아니라고 하는 사람들이 있던데 근데 아무리 생각해도 그건 나한테 상처거든.	N	2022-10-14 13:17:56	2022-10-14 13:17:56
BE22029080	6	1	상처의 크기는 본인만이 알 수 있는 거 같아. 남들이 봐서 사소하다고 해도 그 크기를 어떻게 가늠할 수 있겠어. 특히나 그게 지금까지도 습관이 될 정도면 정말 많이 힘들었다는 말이야. 당신 괜찮아?	N	2022-10-14 13:17:56	2022-11-08 06:28:04
BE22029080	7	0	주변에서 겁이 많다고 빈정거리거나, 놀리는 사람이 있어도 그렇게 큰 상처가 되진 않아. 그런데 기껏 기억하는 아버지에 대한 추억이 이런 거라는 건 좀 많이 상처가 돼. 하필이면 머리를 때린 기억뿐이라니.	N	2022-10-14 13:17:56	2022-10-14 13:17:56
BE22029080	8	1	좋은 기억만 하기에도 짧은 어린 시절의 추억인데. 당신 많이 힘들었을 것 같아. 장난 식으로 머리를 때리는 것 말고, 쓰다듬어 줬다면 훨씬 더 좋았을 텐데 너무 안타깝다.	N	2022-10-14 13:17:56	2022-11-08 06:28:04
BE22029080	9	0	그러게 그리고 그 흔적이 지금까지 남아 있잖아. 머리는 잊고 있는데 몸이 그걸 기억하니까, 갑자기 그 기억이 떠오르면서 상처를 또 입게 되더라고. 내가 정말 겁이 너무 많나, 싶기도 하고.	N	2022-10-14 13:17:56	2022-10-14 13:17:56
BE22029080	10	1	당신이 뭐 어때서, 겁이 많은 게 왜? 난 내 남편이 너무나 자랑스러워. 더구나 그런 기억에 여전히 고통받으면서도 우리 아이에게는 너무나 다정한 아빠잖아. 참 고마워. 참 대견하고.	N	2022-10-14 13:17:56	2022-11-08 06:28:04
BE22029080	11	0	딱, 아버지의 반대로 행동하자, 마음먹었었거든. 우리 아이는 누군가의 손짓에도 움찔거리지 않게, 눈치 보지 않게 키우고 싶었어. 그런 면에서 나 성공한 것 같으니 참 보람차네.	N	2022-10-14 13:17:56	2022-11-08 06:28:04
BE22029080	12	1	그래, 당신 정말 좋은 아빠야. 그리고 나한테는 더없이 좋은 남편이고. 언젠가는 당신의 상처도 기억도 점점 흐려질 거라고 생각해.	N	2022-10-14 13:17:56	2022-11-08 06:28:04
BE22029080	13	0	당신이 곁에 있어줘서, 그런 말을 해 줘서 너무 고마워. 정말 꼭 이겨낼 수 있을 것만 같은 생각도 들고. 노력해볼게.	N	2022-10-14 13:17:56	2022-11-08 06:28:04
BE22029080	14	1	분명 괜찮아질 거야. 과거의 기억은 과거에 두고 우린 앞으로의 미래만 생각하자. 그리고 우리 세 식구 반드시 행복해지자.	Y	2022-10-14 13:17:56	2022-11-08 06:28:04
