id	utterance_id	utterance_type	utterance_text	terminate	regDate	updDate
BE22028565	1	0	며칠 전부터 소화가 안 돼서 소화제를 먹었어. 그런데 약국에서 약만 먹지 말고 병원에 가보라고 얘기하더라고. 여보, 약사가 얼굴 표정이 안 좋게 얘기를 해서 내가 지금 충격 먹었어.	N	2022-10-13 21:34:38	2022-11-08 06:24:59
BE22028565	2	1	너무 짐작으로 겁먹지 말아요. 그냥 병원에 가보세요 하고 말했을 수도 있잖아요.	N	2022-10-13 21:34:38	2022-11-08 06:24:59
BE22028565	3	0	하지만 내가 평소에 체했을 때 느낌하고 많이 달라서 사실은 충격이기도 해. 병원에 갔는데 진짜 큰 병이면 어쩌지? 내시경 하는 것도 무섭고 말이야.	N	2022-10-13 21:34:38	2022-10-13 21:34:38
BE22028565	4	1	당연히 무섭죠. 그렇지만 당신은 그 정도는 얼마든지 견뎌낼 수 있는 사람이잖아요.	N	2022-10-13 21:34:38	2022-11-08 06:24:59
BE22028565	5	0	아니야. 나 생각보다 겁도 많고 병원도 너무 싫어. 혈압계만 봐도 심박 수가 빨리 뛰어서 혈압 측정이 불가능하잖아.	N	2022-10-13 21:34:38	2022-10-13 21:34:38
BE22028565	6	1	하지만 무슨 병인지 알아야 하니까 어쩔 수 없어요. 내시경 말고는 위장의 병을 알 수 있는 방법이 없잖아요.	N	2022-10-13 21:34:38	2022-10-13 21:34:38
BE22028565	7	0	지난 번 건강 검진 때 혈압이 180 이상이 나와서 의사가 큰 걱정을 하더라고. 그래서 난 병원에 오면 심장이 엄청 뛴다고 얘기했더니 혈압계 사서 집에서 해보라고 했잖아.	N	2022-10-13 21:34:38	2022-10-13 21:34:38
BE22028565	8	1	맞아요. 다행히 집에서 잴 때는 정상이었죠.	N	2022-10-13 21:34:38	2022-10-13 21:34:38
BE22028565	9	0	그런 내가 어떻게 내시경을 하겠냐고. 난 내 병을 알기도 전에 내시경 검사하다 죽을 수도 있어.	N	2022-10-13 21:34:38	2022-10-13 21:34:38
BE22028565	10	1	요즘은 수면 내시경으로 검사해요. 정말 한숨 자고 일어나면 언제 무슨 일이 있었는지 몰라요. 나도 올해 검사 받았는데 끝나고 나서 목이 좀 아픈 것 외에는 아주 좋았어요.	N	2022-10-13 21:34:38	2022-11-08 06:24:59
BE22028565	11	0	난 자신이 없어. 그냥 이렇게 살래. 병원에 가지 않고 운동 열심히 하면서 지낼래.	N	2022-10-13 21:34:38	2022-10-13 21:34:38
BE22028565	12	1	당신 어린 아이 같아요. 만약 우리 아이가 아픈 거 알면서 병원에 안 간다고 하면 당신은 그래 그렇게 해라. 라고 얘기할 거예요?	N	2022-10-13 21:34:38	2022-10-13 21:34:38
BE22028565	13	0	당신 지금 심정이 바로 그런 거구나. 미안해. 괜히 투정을 부려서 당신 마음 아프게 했구나.	N	2022-10-13 21:34:38	2022-11-08 06:24:59
BE22028565	14	1	검진 받으러 갈 때 나도 월차 내서 같이 갈게요. 수면 내시경 하면 운전하기도 힘들어요. 너무 걱정하지 말아요.	N	2022-10-13 21:34:38	2022-11-08 06:24:59
BE22028565	15	0	고마워, 여보. 다음 당신 검진 때는 내가 꼭 같이 가 줄게. 사랑해.	Y	2022-10-13 21:34:38	2022-11-08 06:24:59
