id	utterance_id	utterance_type	utterance_text	terminate	regDate	updDate
BE22025971	1	0	여보, 지금 나 급하게 친정에 왔는데 오빠들이 다퉈서 너무 속상해. 이렇게 다투어야 할 문제인가 싶어.	N	2022-10-09 06:38:55	2022-10-09 06:38:55
BE22025971	2	1	형님들이 무슨 일로 다투시는 건데? 자기 싸우는 거 별로 안 좋아하는데 마음이 많이 안 좋겠다.	N	2022-10-09 06:38:55	2022-11-08 06:09:26
BE22025971	3	0	엄마 부양 문제로 서로 안 하겠다고 미루는 중이야. 엄마가 짐도 아닌데 짐짝처럼 서로 넘기는 모습에 너무 상처가 되네.	N	2022-10-09 06:38:55	2022-10-09 06:38:55
BE22025971	4	1	자식 된 도리로서 해야 할 일인데 미루는 모습을 지켜보는 마음이 불편할 것 같아. 싸움을 하는 와중에 언성이 높아지고 나쁜 단어들도 오갔을 텐데 마음에 크고 작은 흉터로 남았겠어. 다투시는 장면을 목격하는 일이 정말 쉽지 않았겠다.	N	2022-10-09 06:38:55	2022-11-08 06:09:26
BE22025971	5	0	언제는 당연히 모시겠다고 하던 큰 오빠가 이렇게 발을 뺄 줄은 몰랐어. 가족을 등지는 모습에 버려진 느낌이 들어.	N	2022-10-09 06:38:55	2022-10-09 06:38:55
BE22025971	6	1	큰 형님께서도 무슨 사정이 있으시지 않으실까? 가족사를 무책임하게 동생들에게만 미뤄둘 분은 아니셨던 걸로 기억해.	N	2022-10-09 06:38:55	2022-10-09 06:38:55
BE22025971	7	0	물론 다들 각자의 사정이 있겠지만 그래도 너무한 것 같아. 나도 이렇게 상처가 되는데 앞에서 지켜보고 있던 엄마는 얼마나 더 가슴이 미어졌겠나 싶어.	N	2022-10-09 06:38:55	2022-10-09 06:38:55
BE22025971	8	1	평생을 자식들에게 피해 안 주려고 살아오신 장모님인데 얼마나 마음이 아프실까? 그 모습을 지켜보는 당신 또한 적잖이 마음을 다쳤겠어. 형님들이 어려우신 거면 내가 힘이 될 테니 너무 상처받지 말았으면 해.	N	2022-10-09 06:38:55	2022-11-08 06:09:27
BE22025971	9	0	우리 식구가 이런 상황에 오게 될지는 몰랐는데 너무 충격이고 괴로워. 엄마와 나의 이 상처가 과연 아물 수 있을까 걱정이 돼.	N	2022-10-09 06:38:55	2022-10-09 06:38:55
BE22025971	10	1	나는 장모님을 살뜰히 보살피고 염려하는 당신의 마음이 참 자랑스러워. 당신이 장모님을 챙기는 것만큼 나도 당신과 장모님의 마음을 돌본다는 걸 알아줬으면 좋겠어. 상처가 빨리 낫지 않는데도 내가 옆에서 끊임없이 위로할 테니 걱정하지 마.	N	2022-10-09 06:38:55	2022-11-08 06:09:27
BE22025971	11	0	많이 부족한 모습을 보이는 데도 한결같은 응원과 위로를 보내주는 당신한테 참 고마울 뿐이야. 자기도 놀랐을 텐데 이렇게 달래줘서 고마워, 상처가 조금은 내려앉았어.	N	2022-10-09 06:38:55	2022-11-08 06:09:27
BE22025971	12	1	지금 함께 있어 주지 못해서 미안할 따름이지. 문자로나마 당신한테 힘을 줄 수 있어서 다행이야. 형님들과 어머님만 괜찮으시다면 우리 집에서 어머님 모시자.	N	2022-10-09 06:38:55	2022-11-08 06:09:27
BE22025971	13	0	힘든 결정일 텐데 그렇게 말해줘서 고마워. 정말 당신은 내게 늘 큰 힘이 되는 존재야.	N	2022-10-09 06:38:55	2022-10-09 06:38:55
BE22025971	14	1	장모님께 매번 감사한 부분도 많았고 내가 함께 지내고 싶어서 그래. 형님들과 차분히 대화 잘 나눠보고, 우린 집에서 봐.	Y	2022-10-09 06:38:55	2022-11-08 06:09:27
