id	utterance_id	utterance_type	utterance_text	terminate	regDate	updDate
BE22030090	1	0	여보. 나 지금 너무 억울하고 분해서 미치겠어. 믿었던 친구가 나에게 이런 상처를 줄 줄은 몰랐어.	N	2022-10-16 10:43:36	2022-10-16 10:43:36
BE22030090	2	1	당신 왜 그래. 오늘 친구 만난다더니 무슨 일 있었던 거야?	N	2022-10-16 10:43:36	2022-10-16 10:43:36
BE22030090	3	0	응. 오늘 친구 집에 갔는데 내가 정말 아끼는 명품 옷이 다 망가졌어. 그런데 옷도 옷인데 친구 반응이 정말 상처였어.	N	2022-10-16 10:43:36	2022-10-16 10:43:36
BE22030090	4	1	갑자기 옷이 손상됐다니. 어떻게 된 일인지 말해줄 수 있어? 친구는 뭐라고 했는데?	N	2022-10-16 10:43:36	2022-11-08 06:34:13
BE22030090	5	0	친구네 집에 고양이가 있는데 내가 외투를 의자에 걸어놨더니 그걸 잡고 뜯고 난리가 났더라고. 난 너무 놀라고 당황해서 멍때리고 있었는데 갑자기 친구가 이걸 여기 왜 두냐고 화내더라? 내 잘못이니까 스스로 해결하라고 하는데 정말 억울했어.	N	2022-10-16 10:43:36	2022-11-08 06:34:13
BE22030090	6	1	뭐라고? 자기가 뭐라고 한 것도 아닌데 친구가 다짜고짜 그러면 당신이 당연히 상처받지. 그리고 손님을 초대해서 그럴 위험이 있으면 처음부터 옷장 안에 넣어주든지 해야 하는 거 아냐? 당신 친구 정말 이해 안 된다.	N	2022-10-16 10:43:36	2022-11-08 06:34:13
BE22030090	7	0	그렇지? 나도 그렇게 생각했는데 친구가 화내니까 뭐라고 말할 수가 없더라고. 내가 정말 믿고 의지한 친구인데 이런 행동을 하는 걸 보고 너무 실망했어. 오늘 친구에 대한 신뢰도 잃고 아끼는 옷도 잃고 상처뿐인 하루야.	N	2022-10-16 10:43:36	2022-10-16 10:43:36
BE22030090	8	1	당신이 그 친구 얼마나 위해주고 좋아했었는지 내가 알아서 더 당신 마음이 이해가 돼. 엄연히 따지면 친구네 고양이 잘못이고 옷을 잃은 당신이 더 상심이 크지. 나 같으면 친구한테 화내고 따졌을 텐데 당신은 정말 착하고 인내심 깊은 사람인 거 같아.	N	2022-10-16 10:43:36	2022-11-08 06:34:13
BE22030090	9	0	그렇게 말해줘서 고마워. 나도 속에서는 화가 나는데 그래도 친구가 뭐라고 하니까 내 실수 같기도 하더라고. 화도 나고 억울해서 상처지만 내가 옷을 제대로 간수했으면 이런 일이 벌어지지 않았을 거야.	N	2022-10-16 10:43:36	2022-10-16 10:43:36
BE22030090	10	1	당신이 소중하게 생각한 친구라 어떻게든 친구를 이해해 보려 하는 마음이 강한 건 이해해. 그렇지만 친구는 당신을 배려하지 않았는데 당신 혼자 친구를 이해하려다가 스스로를 자책하지 않았으면 좋겠어. 친구 행동 때문에 안 그래도 속상한데 나에게 가장 소중한 당신이 자책하면서 힘들지 않았으면 좋겠어.	N	2022-10-16 10:43:36	2022-11-08 06:34:13
BE22030090	11	0	맞아. 당신 말처럼 친구도 날 배려했다면 그렇게 행동하지 않았을 거야. 나 혼자만 상처받고 끝나는 상황 나도 이젠 너무 힘들어서 당신 말 믿고 당당해질래. 항상 이런 일에 혼자 힘들었는데 당신이 위로해 주니까 마음이 편해진다. 정말 고마워.	N	2022-10-16 10:43:36	2022-10-16 10:43:36
BE22030090	12	1	정말 다행이야. 당신이 힘들 때 내가 힘이 되어줄 수 있어서 나도 기뻐. 앞으로도 이런 일은 없어야 하지만 만약 생기더라도 나한테 다 털어놓고 의지해도 돼.	N	2022-10-16 10:43:36	2022-11-08 06:34:13
BE22030090	13	0	너무 든든해 내 남편. 앞으로도 당신이 해주는 말에 집중하면 나도 내 마음을 잘 다스릴 수 있을 거 같아.	N	2022-10-16 10:43:36	2022-10-16 10:43:36
BE22030090	14	1	당연하지. 내가 꼭 그렇게 될 수 있도록 도와줄게.	N	2022-10-16 10:43:36	2022-10-16 10:43:36
BE22030090	15	0	응 정말 고맙고 사랑해. 이따 집에서 보자.	Y	2022-10-16 10:43:36	2022-10-16 10:43:36
