id	utterance_id	utterance_type	utterance_text	terminate	regDate	updDate
BE22028935	1	0	여보, 방금 딸이 학교에서 마치고 집에 왔는데 표정이 너무 안 좋은 거야. 걱정돼서 물어봤는데 알 거 없다고 하고 방에 들어가는 거 있지. 걱정되는 내 마음을 몰라주는 것 같아서 정말 마음이 너무 아프고 상처받았어.	N	2022-10-14 08:56:48	2022-11-08 06:27:11
BE22028935	2	1	그랬구나. 우리 애가 어느덧 우리가 생각한 것 다 더 컸나 보다. 이런 적이 한 번도 없었던 거 아니야? 그래서 당신이 더 충격을 받았겠다.	N	2022-10-14 08:56:48	2022-11-08 06:27:11
BE22028935	3	0	정말 충격이야. 이제껏 나한테 숨기는 거 없이 다 얘기한다고 믿었었는 데 이제 아닌가 봐. 이제 아이가 나와 소통하는 것 자체를 거부하는 것 같아서 너무 상처야. 흔히 말하는 중2병이 이런 걸까 싶어서 지금만 넘기면 괜찮을까 싶으면서도 계속 이럴까 봐 걱정돼.	N	2022-10-14 08:56:48	2022-11-08 06:27:11
BE22028935	4	1	나도 말만 들었는데도 서운한데 당신은 오죽하겠어. 당신이 평소에 아이랑 워낙 친구처럼 잘 지내서 마음이 더 아플 거야. 그래도 당신 말대로 이건 커가는 과정일 뿐일 테니 너무 걱정하지 마.	N	2022-10-14 08:56:48	2022-11-08 06:27:11
BE22028935	5	0	그런 거면 좋겠어. 어쩌면 이게 어느 정도 당연한 거란 걸 아는데 이렇게 빨리 닥칠 줄은 몰랐어. 너무 갑작스러워서 어떻게 하는 게 최선의 방법인지도 모르겠고 마음만 아파.	N	2022-10-14 08:56:48	2022-10-14 08:56:48
BE22028935	6	1	당신 마음이 뭔지 충분히 이해해. 이런 데에는 명확하게 답이 정해져 있는 것도 아니고 아이도, 우리도 처음 겪는 거니까. 그래도 생각해 보면 당신도 어렸을 때, 커가면서 부모님을 대하는 태도가 달랐을 거잖아?	N	2022-10-14 08:56:48	2022-11-08 06:27:11
BE22028935	7	0	나도 어렸을 땐 내 세상의 전부가 부모님이어서 말도 잘 들었지. 당신 말대로 조금씩 커가면서는 신경 쓸 것도 많아지고 그러면서 비밀도 생겼던 것 같긴 해.	N	2022-10-14 08:56:48	2022-10-14 08:56:48
BE22028935	8	1	그렇지. 그렇다고 당신이 부모님이 싫어져서 그랬다거나 사랑하지 않았던 게 아니잖아? 당신 말대로 아이가 커가면서 생각도 많아지고 특히나 지금은 혼란스러운 시기잖아. 자연스럽게 커가면서 겪는 사춘기라고 생각하면 당신 마음이 덜 아프지 않겠어?	N	2022-10-14 08:56:48	2022-11-08 06:27:11
BE22028935	9	0	당신 말대로 대부분의 사람이 겪는 거니까 당연한 거인 걸 알아. 알면서도 내 딸은 다를 거라고 믿고 있었던 건지, 소통이 끊겼다고 생각하니까 마음이 아팠어.	N	2022-10-14 08:56:48	2022-11-08 06:27:11
BE22028935	10	1	오늘은 너무 힘들어서 말하기 싫은 거겠지. 마음이 진정되고 정리되면 언제나 본인의 편인 당신을 찾게 될 거야. 이제껏 둘이 잘 쌓아온 유대가 갑자기 끊길 일은 없으니까 너무 걱정 마.	N	2022-10-14 08:56:48	2022-11-08 06:27:11
BE22028935	11	0	그럴까? 그랬으면 좋겠어. 힘든 게 뻔히 보이는데도 나한테 기대지 못하는 모습을 보니까 내가 자괴감이 들더라고. 내가 좋은 엄마가 못 되어줘서 그런가 싶었어. 내 딴에는 열심히 노력했는데 부족했던 것 같아서 상처가 되더라고.	N	2022-10-14 08:56:48	2022-11-08 06:27:11
BE22028935	12	1	그렇게 생각할 필요 없어, 누가 뭐래도 당신은 훌륭한 엄마인걸? 아이의 표정에서부터 벌써 아이의 기분을 파악하고, 관심을 기울여주기도 쉬운 일이 아니잖아? 당신은 당신 몫을 훌륭하게 해내고 있는 거라고 생각해.	N	2022-10-14 08:56:48	2022-11-08 06:27:11
BE22028935	13	0	위로해 줘서 고마워. 너무 부족한 엄마인가 싶었는데 당신 말을 들으니까 아이를 조금 더 믿어봐야겠다는 생각이 들어. 나도 너무 조바심 갖지 말고 따뜻하게 안아줘야겠어.	N	2022-10-14 08:56:48	2022-11-08 06:27:11
BE22028935	14	1	이런 상황이 처음이지만 이제껏 잘 해왔던 것처럼 잘 할 수 있을 거야. 나도 물론 함께할 거니까 힘내.	N	2022-10-14 08:56:48	2022-10-14 08:56:48
BE22028935	15	0	당신 덕분에 많이 위로됐어. 당신과 함께여서 다행이야.	Y	2022-10-14 08:56:48	2022-11-08 06:27:11
