id	utterance_id	utterance_type	utterance_text	terminate	regDate	updDate
BE22029355	1	0	여보, 나 친구가 거짓말로 약속을 거절한 걸 알게 돼서 너무 상처받았어.	N	2022-10-15 05:34:11	2022-10-15 05:34:11
BE22029355	2	1	무슨 상황인지 너무 걱정되잖아. 당신 마음은 괜찮은 거야?	N	2022-10-15 05:34:11	2022-11-08 06:29:46
BE22029355	3	0	아무래도 배신을 당한 기분에 괴로워. 명절날이면 근무가 있어서 시간이 없다더니 가족끼리 여행을 다녀왔더라고. 그런 거라면 사실대로 말해줘도 이해했을 텐데 나랑 만나는 게 그렇게 싫었나 싶어 상처야.	N	2022-10-15 05:34:11	2022-10-15 05:34:11
BE22029355	4	1	이렇게만 들어도 당신이 상심이 클 것 같아. 당신이 이해를 못 할 친구도 아닌데, 괜히 부정당한 것 같아 속상할 것 같고.	N	2022-10-15 05:34:11	2022-11-08 06:29:46
BE22029355	5	0	아무렇지 않게 SNS에 사진을 올렸더라고. 내 기분이 어떨지는 고려도 안 하는 거지. 우리 사이가 왜 이렇게 된 건지 충격이 커.	N	2022-10-15 05:34:11	2022-10-15 05:34:11
BE22029355	6	1	대화를 해보면 몰랐던 사정을 알게 될지도 모르잖아. 상한 마음을 혼자만 안고 있는 것보다는 터놓고 얘기해봐도 좋아. 나는 무엇보다 당신 마음이 여기서 더 괴롭진 않았으면 좋겠어.	N	2022-10-15 05:34:11	2022-11-08 06:29:46
BE22029355	7	0	대화했다가 여기서 더 상처받을까 무서운 것 같아. 나만 여태 친구를 좋아한 것 같아서 마음을 너무 다쳤거든.	N	2022-10-15 05:34:11	2022-11-08 06:29:46
BE22029355	8	1	무슨 마음인지 내가 왜 모르겠어. 하지만 부딪히지 않고서는 모르는 일도 있는 거잖아. 친구도 당신이 이렇게 상처받은 걸 알면 놀라고 미안해할지 몰라.	N	2022-10-15 05:34:11	2022-11-08 06:29:46
BE22029355	9	0	머리로는 그럴 거라고 이해하지만 나도 진이 다 빠진 것 같아. 일단은 이 기분이 너무 크게 느껴지네.	N	2022-10-15 05:34:11	2022-10-15 05:34:11
BE22029355	10	1	당장은 소식을 접한 직후라 더 깊게 느껴지는 것도 있을 거야. 조금 더 용기를 내봐도 괜찮아. 여전히 당신에게 소중한 친구일 텐데, 이렇게 오해가 생기면 내내 마음이 불편할 거야.	N	2022-10-15 05:34:11	2022-11-08 06:29:46
BE22029355	11	0	당신 말처럼 여전히 내게 소중한 친구라 상처도 크게 느낀 것 같아. 마음을 다잡고 얘기를 해봐야겠어. 뭐가 됐든 더 깔끔한 결말이 나올 것 같아.	N	2022-10-15 05:34:11	2022-11-08 06:29:46
BE22029355	12	1	나도 그렇게 생각해. 착한 자기가 혼자만 애태우고 고민하는 건 너무 마음이 아프거든. 잘 풀릴 거라 생각하고 기운 냈음 좋겠어.	N	2022-10-15 05:34:11	2022-11-08 06:29:46
BE22029355	13	0	그렇게 말해줘서 고마워. 나를 위해서라도 차분히 생각을 정리해야지. 계속 물고 있다간 당신 말처럼 마음만 거듭 다칠 거야.	N	2022-10-15 05:34:11	2022-10-15 05:34:11
BE22029355	14	1	그래도 진정이 된 것 같아 마음이 크게 놓인다. 오늘 받은 상처에 대해서는 시간이 해결해줄 거라 믿어. 친구와 잘 풀고 와서 또 얘기해 줘.	N	2022-10-15 05:34:11	2022-11-08 06:29:46
BE22029355	15	0	내가 오해한 거라면 좋겠다. 어쨌거나 당신 덕분에 마음이 진정됐어. 이따 전화하고 와서 다시 얘기할게.	Y	2022-10-15 05:34:11	2022-11-08 06:29:46
