id	utterance_id	utterance_type	utterance_text	terminate	regDate	updDate
BE22026655	1	0	제대로 말도 못 하고 이렇게 출근을 했네. 새벽에 여보가 나 때문에 많이 놀랐지. 사실 악몽을 꿨는데, 그게 과거에 내가 받았던 상처와 관련이 있어서, 그랬던 거야.	N	2022-10-10 20:36:20	2022-10-10 20:36:20
BE22026655	2	1	우리 남편이 그렇게 우는 걸 처음 봐서 조금 놀라긴 했어. 혹시 나한테 그 이야기 들려줄 수는 없을까? 밤새 당신 걱정에 잠을 잘 못 잤는데, 내가 돕고 싶어서 그래.	N	2022-10-10 20:36:20	2022-11-08 06:13:28
BE22026655	3	0	군대에 다시 끌려가는 꿈을 꿨어. 하필 예전 소대 전원이 함께하게 되었다는데, 순간 온몸이 떨리더라. 그곳은 나한테 지옥이었고 절대로 지워지지 않을 상처였으니까.	N	2022-10-10 20:36:20	2022-10-10 20:36:20
BE22026655	4	1	군대라는 곳이 그냥 평범하게 생활해도 두 번은 가고 싶지 않은 곳이라고 들었어. 하물며 그곳을 지옥으로 표현하는 걸 보니 그곳에서 당신이 많이 힘들었다는 게 느껴져. 너무 많이 아파하지 않았으면 좋겠네.	N	2022-10-10 20:36:20	2022-11-08 06:13:28
BE22026655	5	0	음식을 잔뜩 사 와서 강제로 먹이기도 했고, 밤새 서 있는 벌도 받았었어. 폭력은 없었지만 정신적으로 버티기 힘든 수준이었고. 나는 그 일로 인해서 여전히 밥을 배부르게 먹지 못해.	N	2022-10-10 20:36:20	2022-10-10 20:36:20
BE22026655	6	1	억지로 먹이는 것 역시 잘못된 행동이야. 얼마나 충격을 받고, 얼마나 아팠겠어 당신이 밥을 배부르게 못 먹는 것도 그 이유 때문이라니. 얼마나 힘들게 했을지 참 마음이 아파. 많이 힘들었지.	N	2022-10-10 20:36:20	2022-10-10 20:36:20
BE22026655	7	0	솔직히 너무 힘들었었어. 그런데 꿈에 그런 장면이 나오니까 나도 모르게 그렇게 소리를 내서 울었던 것 같아. 실제로는 한 번도 울어 본 적은 없었어, 더 괴롭힐까 봐.	N	2022-10-10 20:36:20	2022-10-10 20:36:20
BE22026655	8	1	당신이 우는 모습을 보고 나 역시 너무나 슬펐어. 여전히 생각하면 힘들고 고통스럽겠지? 하지만 언젠가 지금의 괴로움도 무뎌지는 날이 올 거야. 그렇게 믿자.	N	2022-10-10 20:36:20	2022-11-08 06:13:28
BE22026655	9	0	솔직히 자신은 없어. 꿈에 스친 그 장면에도 아직도 난 그때의 이등병으로 돌아간 느낌이 드는데. 이 상처는 아마도 평생 내 마음에 자리 잡고 있을 것 같거든.	N	2022-10-10 20:36:20	2022-10-10 20:36:20
BE22026655	10	1	아마도 난 당신의 상처를 이해할 뿐 영원히 잘 모를지도 몰라. 하지만 지금과 앞으로의 미래에는 당신 혼자 고통받게 하지 않을 자신 있거든. 난 당신이 매일 행복하도록 노력할 거야.	N	2022-10-10 20:36:20	2022-11-08 06:13:28
BE22026655	11	0	여보가 그렇게 말을 하는데 왜 갑자기 눈물이 나지? 너무 고마워. 나 감동받았나 봐. 그래, 난 이제는 혼자가 아니지.	N	2022-10-10 20:36:20	2022-10-10 20:36:20
BE22026655	12	1	우리 남편. 남몰래 우느라고 얼마나 숨을 죽였겠어. 정말로 이제까지 너무 애썼어. 앞으로는 울고 싶으면 울어도 돼. 숨기지 말고.	N	2022-10-10 20:36:20	2022-11-08 06:13:28
BE22026655	13	0	응. 그렇게 말을 해 줘서 고마워. 한 번 울면 와르르, 무너지게 될까 봐 겁이 났었어. 그래서 늘 이를 악물고 버텼었거든.	N	2022-10-10 20:36:20	2022-10-10 20:36:20
BE22026655	14	1	와르르, 무너져도 이제는 함께 쌓아 올라가면 돼. 언제든 울어도 괜찮아. 내가 안아줄 테니까.	Y	2022-10-10 20:36:20	2022-11-08 06:13:28
