id	utterance_id	utterance_type	utterance_text	terminate	regDate	updDate
BE22025128	1	0	여보 지금 어디야? 지금 컴퓨터 검색 기록 명세를 봤는데 아들이 너무 걱정스러워.	N	2022-10-07 01:51:32	2022-11-08 06:04:24
BE22025128	2	1	나 지금 막 퇴근하고 집에 들어가는 길이야. 도대체 무슨 일인데 그래?	N	2022-10-07 01:51:32	2022-10-07 01:51:32
BE22025128	3	0	검색 기록을 봤더니 항목에 자살이 들어가 있지 뭐야. 너무 충격받아서 우리가 아들을 너무 몰랐나 하는 마음에 깊은 상처가 돼.	N	2022-10-07 01:51:32	2022-10-07 01:51:32
BE22025128	4	1	아들과 소통한다고 많이 노력했음에도 불구하고 이런 일이 생기니 마음 아플 수밖에 없지. 내 마음도 미어지는데 당신 속도 얼마나 더 갈기갈기 찢어지듯 상처가 났을 거야. 많이 놀라고 적잖이 충격받았겠어.	N	2022-10-07 01:51:32	2022-11-08 06:04:24
BE22025128	5	0	그동안 좋은 부모가 되려고 노력했는데 그렇지 못한 것 같아서 괴로운 마음이 들어. 우리가 불편해서 힘든 내색을 못 한 건 아닐까 염려스럽고.	N	2022-10-07 01:51:32	2022-11-08 06:04:24
BE22025128	6	1	이미 아들의 심경을 이해하려고 노력하는 자체가 충분히 좋은 아빠라는 뜻이니 너무 자책하고 괴로워하지 마. 그리고 아들이 정말 마음이 안 좋은 거라면 우리가 더더욱 단단한 마음을 가져야 해. 내 마음의 상처를 다스려야 아들의 마음도 도울 수 있지.	N	2022-10-07 01:51:32	2022-11-08 06:04:24
BE22025128	7	0	충격이 너무 가시지 않네. 그래서 아들한테 어떻게 이야기를 시작해야 할지 입이 잘 떨어지지 않아.	N	2022-10-07 01:51:32	2022-11-08 06:04:24
BE22025128	8	1	당신도 알다시피 우리 아들 많이 씩씩하고 강하잖아. 그리고 우리가 계속 곁에서 마음 돌보아주면 되니까 우리의 마음부터 챙겨야 해. 우리가 무너지면 아들도 무너지는 거니 마음 단단히 먹자!	N	2022-10-07 01:51:32	2022-10-07 01:51:32
BE22025128	9	0	나는 아들이 정말 나쁜 마음으로 그 단어를 검색했을까 봐 걱정돼. 그게 진짜라면 마음에 상처를 돌이킬 수 없을 거야.	N	2022-10-07 01:51:32	2022-10-07 01:51:32
BE22025128	10	1	누구보다 놀랐을 당신 마음 이해하지만, 생각보다 별일 아닐 수 있으니 마음에 안정을 취하자. 당신이 염려하는 것처럼 아이가 부정적인 마음으로 검색한 게 아닐 수도 있어. 으레 나쁜 쪽으로 짐작해서 내 마음에 상처 내는 일을 일단 멈추어보자.	N	2022-10-07 01:51:32	2022-11-08 06:04:24
BE22025128	11	0	그러게, 일단 아들의 정확한 속 마음을 들어봐야겠어. 내가 너무 내 상처받은 마음에만 몰입했던 것 같아. 정신 차리게 해주어 고마워!	N	2022-10-07 01:51:32	2022-11-08 06:04:24
BE22025128	12	1	이건 당신만의 일이 아니라 우리 가족 모두의 일이야. 나는 우리 가족의 마음이 늘 평안하고 따뜻할 수 있기를 바라. 그렇기 위해서 모두가 함께 마음을 소통하며 노력해야 하는 거고.	N	2022-10-07 01:51:32	2022-11-08 06:04:24
BE22025128	13	0	이런 상황에서도 침착하게 만들어주는 당신이 있어서 힘이 돼. 당신만이라도 현명하게 마음을 바라봐 줘서 참 다행이야. 상처받았던 마음이 아물어가.	N	2022-10-07 01:51:32	2022-11-08 06:04:24
BE22025128	14	1	나도 금방 집에 도착하니까 기다려. 일단 당신 상처가 나아졌다니 내 마음이 놓인다. 집에 들어가서 또 같이 깊이 고민하고 얘기 나누기로 해.	Y	2022-10-07 01:51:32	2022-11-08 06:04:24
