id	utterance_id	utterance_type	utterance_text	terminate	regDate	updDate
BE22000632	1	0	새벽 비행기로 도착해서 좀 자느라고 이제야 잘 왔다고 연락했어, 엄마.	N	2022-06-13 06:10:19	2022-11-08 03:28:21
BE22000632	2	1	여행 잘 갔다 왔어? 다친 데는 없고? 해외여행 처음이라고 엄마가 걱정이 되더라. 여행 가겠다고 적금도 넣고 하더니 우리 딸 이제 혼자서도 척척이야.	N	2022-06-13 06:10:19	2022-11-08 03:28:21
BE22000632	3	0	여행 갔는데 바다도 예쁘고 숙소도 너무 예뻐서 엄마 생각 많이 했어. 다음에는 엄마랑 꼭 같이 오고 싶더라.	N	2022-06-13 06:10:19	2022-11-08 03:28:21
BE22000632	4	1	우리 딸 효녀네. 지난번에 티비 보니까 엄마랑 딸 둘이서 여행 가는 거 나오던데 다음에 우리도 해볼까?	N	2022-06-13 06:10:19	2022-11-08 03:28:21
BE22000632	5	0	좋지! 우리 다음에 꼭 같이 가자. 여행 가서 엄마 생각 많이 났었어.	N	2022-06-13 06:10:19	2022-11-08 03:28:21
BE22000632	6	1	신나게 놀아야지 엄마 생각을 왜 그렇게 많이 한 거야?	N	2022-06-13 06:10:19	2022-11-08 03:28:21
BE22000632	7	0	바다도 이쁘고 호텔도 그림처럼 멋있었는데, 엄마 밥이 그렇게 생각나더라고.	N	2022-06-13 06:10:19	2022-11-08 03:28:21
BE22000632	8	1	우리 딸이 엄마 생각 많이 했구나. 엄마도 잘 갔는지 잘 놀고 있는지 많이 생각 했었어. 음식이 입에 안 맞으면 여행 가서 고생인데 네가 고생했겠구나.	N	2022-06-13 06:10:19	2022-11-08 03:28:21
BE22000632	9	0	외국음식 처음 먹어봐서 그런지 잘 못 먹겠더라고.	N	2022-06-13 06:10:19	2022-11-08 03:28:21
BE22000632	10	1	음식이 입에 안 맞아서 우리 딸 고생 많이 했겠네. 못 먹어서 힘들지 않았어? 그렇게 엄마 밥이 그리웠다고 하니 당장 낼 해줘야겠네.	N	2022-06-13 06:10:19	2022-11-08 03:28:21
BE22000632	11	0	우와! 난 엄마가 해주는 건 뭐든 다 좋지. 여행 가서 보니까 셰프들보다 울 엄마가 요리가 훨씬 맛있더라.	N	2022-06-13 06:10:19	2022-11-08 03:28:21
BE22000632	12	1	그럼 오랜만에 엄마가 우리 딸 기대에 실망시키면 안 되겠네. 요리 솜씨 한번 보여줘야겠네.	N	2022-06-13 06:10:19	2022-11-08 03:28:21
BE22000632	13	0	벌써 내일 아침이 기대되네. 일어나자마자 달려갈게.	N	2022-06-13 06:10:19	2022-11-08 03:28:21
BE22000632	14	1	그래. 엄마가 우리 딸이 좋아하는 거 많이 해줄게. 여행 이야기는 낼 해줘.	Y	2022-06-13 06:10:19	2022-11-08 03:28:21
