id	utterance_id	utterance_type	utterance_text	terminate	regDate	updDate
BE22005976	1	0	엄마! 내가 오늘 스노클링을 성공했어요! 물속이 정말 환상적으로 예뻐서 지금도 눈앞에 물고기들이 보이는 기분이에요!	N	2022-07-04 06:13:53	2022-11-08 04:02:52
BE22005976	2	1	어머, 우리 아들 정말이야? 물 공포증 때문에 대중탕 욕탕도 무서워하는 네가 스노클링을 성공했다고? 엄마는 정말 믿어지지 않아.	N	2022-07-04 06:13:53	2022-11-08 04:02:52
BE22005976	3	0	나도 처음에 바다 보고는 못 할 것 같았는데요. 선생님이 조금 들어와 보고 못 하면 안 해도 된다고 하셨거든요. 그래서 조금씩 들어가면서 물고기가 보이길래 따라가다 보니 어느새 물에 떠 있더라고요.	N	2022-07-04 06:13:53	2022-11-08 04:02:52
BE22005976	4	1	선생님께서 포기하지 않도록 정말 지도를 잘 해주셨구나. 네가 물은 지금도 무섭겠지만, 그래도 용기 내서 도전했다니 엄마는 너무 기쁘고 대견하단다. 뭐든지 처음이 중요한데 물 공포증인 네가 물속의 아름다움을 알았으니 시작이 너무 좋은걸.	N	2022-07-04 06:13:53	2022-11-08 04:02:52
BE22005976	5	0	아직도 조금 무섭고 떨리기는 해요. 그런데 물고기들이 너무 많고, 빛이 들어오니 반짝이면서 비늘이 별처럼 예뻤어요. 물이 무섭다는 생각이 들어도 스노클링은 다른 것을 보게 되니까 물에 있는 것이 견딜만했어요.	N	2022-07-04 06:13:53	2022-11-08 04:02:52
BE22005976	6	1	그래? 우리 아들이 평소 호기심 대장이잖아. 물이 무서워서 못 본 물속 세상을 보는 것을 얼마나 재미있어 했을지 상상이 되네. 수생태도감은 달달 외우고 있지만 실제로는 물고기를 못 봤는데 너무 좋은 시간이었겠다.	N	2022-07-04 06:13:53	2022-11-08 04:02:52
BE22005976	7	0	맞아요. 도감에서 본 물고기를 찾으려고 물속에 머리를 넣고 처음에 걸어 다녔고요. 나중에는 나도 모르게 둥둥 떠다니기도 했어요.	N	2022-07-04 06:13:53	2022-11-08 04:02:52
BE22005976	8	1	떠 있기까지 했다고? 네가 수생태도감 보면서 엄마에게 이런 물고기 봤냐고 물어보고는 하던 일이 며칠 전인데. 물에 뜰 수 도 있었다니 이제 수영에도 도전해 봐야겠구나.	N	2022-07-04 06:13:53	2022-11-08 04:02:52
BE22005976	9	0	음, 선생님이 계신다면 시작해보고 싶어요. 혼자 하는 건 무섭고요. 수영을 배우면 스노클링을 좀더 잘 할 수 있을 것 같거든요.	N	2022-07-04 06:13:53	2022-11-08 04:02:52
BE22005976	10	1	그렇다면 엄마가 좋은 선생님을 알아봐야겠구나. 우리 아들이 여름 캠프나 바다로 휴가 가서도 항상 혼자만 수영을 못해서 엄마는 참 안타까웠거든.	N	2022-07-04 06:13:53	2022-11-08 04:02:52
BE22005976	11	0	아직 물에 완전히 적응한 건 아닌데요. 수영 배우면 바다에 놀러 가요. 오늘 스노클링 하면서 너무 재미있어서 집에 가면 또 바다에 가고 싶어질 것 같아요.	N	2022-07-04 06:13:53	2022-11-08 04:02:52
BE22005976	12	1	물론이지. 우리 아들 수영 배우면 엄마, 아빠도 수영 연습해서 함께 바다 속도 관찰하고, 계곡도 가자.	N	2022-07-04 06:13:53	2022-11-08 04:02:53
BE22005976	13	0	계곡이요? 거기도 스노클링을 할 수 있죠? 계곡물 속에도 예쁜 물고기들도 볼 수 있죠?	N	2022-07-04 06:13:53	2022-11-08 04:02:53
BE22005976	14	1	그럼, 바다와는 또 다른 볼거리가 많지. 이번 휴가는 무조건 바다나 계곡으로 가야겠네. 남은 일정 잘 보내고 우리 아들 첫 스노클링 성공 너무 축하해!	N	2022-07-04 06:13:53	2022-11-08 04:02:53
BE22005976	15	0	저도 너무 신기하고, 깊은 물을 생각하면 조금 떨려요. 그래도 또 해보고 싶을 만큼 재미있어요. 엄마, 내가 조금 있다가 사진도 보내드릴게요.	N	2022-07-04 06:13:53	2022-11-08 04:02:53
BE22005976	16	1	그래, 고마워. 재미있게 잘 놀고 내일 만나자!	Y	2022-07-04 06:13:53	2022-11-08 04:02:53
