id	utterance_id	utterance_type	utterance_text	terminate	regDate	updDate
BE22020423	1	0	엄마가 하루도 빼놓지 않고 쓴 일기장이 내 보물 1호야. 엄마가 드디어 책을 출판하게 되었구나.	N	2022-09-23 01:48:19	2022-09-23 01:48:19
BE22020423	2	1	엄마, 정말 축하드려요. 마치 제 일같이 기쁘고, 엄마의 흥분과 설렘이 여기까지 느껴지네요. 엄마의 꾸준한 글쓰기가 드디어 빛을 발하다니, 저도 너무 기뻐서 환호성이 나오네요.	N	2022-09-23 01:48:19	2022-11-08 05:36:40
BE22020423	3	0	엄마도 너무 기쁜 나머지 잠도 오지 않고 누구든 붙잡고 자랑하고 싶어지더구나. 네가 축하해주니 기쁨이 더 커지는 거 같아.	N	2022-09-23 01:48:19	2022-09-23 01:48:19
BE22020423	4	1	제가 지켜본 엄마는 충분히 자랑할만한 자격이 있는 분이에요. 엄마가 살아오시면서 평생을 이뤄낸 업적이잖아요. 게다가 엄마의 담백한 일기들은 독자들에게 감동과 여운으로 남을 거라 확신해요.	N	2022-09-23 01:48:19	2022-11-08 05:36:40
BE22020423	5	0	아직 독자들을 만나지 않아서 모르겠지만, 그저 내 글들이 세상에 나온다는 것으로도 기뻐. 그렇지 않았다면 나만 간직하고 있을 소소한 이야기들이었을 거야.	N	2022-09-23 01:48:19	2022-09-23 01:48:19
BE22020423	6	1	요즘은 그런 소소한 이야기들조차 경험하지 못하는 사람들이 많아요. 일인 가구 시대라 현대인들은 외로움에 지쳐있고 따스함에 목마르죠. 그럴 때 엄마의 따스한 일기장을 책으로 만난다면 독자들은 분명 큰 위로를 받을 거예요.	N	2022-09-23 01:48:19	2022-11-08 05:36:40
BE22020423	7	0	네가 그렇게 얘기해주니 지면으로 독자를 만날 생각에 더 기대되고 설레는구나. 오늘의 이 기쁨도 일기장에 꼭 남겨둬야겠어.	N	2022-09-23 01:48:19	2022-09-23 01:48:19
BE22020423	8	1	엄마의 일기 중에 일부만 소개되는 게 아쉽지만, 예쁜 글만 뽑아내니 무조건 잘 될 거예요. 엄마는 어떤 작가보다 인간미 넘치고 섬세한 분이에요. 여자로, 아내로, 엄마로 정말 멋지게 살아오셨고 그게 책이 되는 순간이라 저도 기쁘기 그지없네요.	N	2022-09-23 01:48:19	2022-11-08 05:36:40
BE22020423	9	0	엄마와 함께 기쁨을 나눠주는 딸이 있어서 정말 행복하구나. 이 모든 기쁨을 우리 가족이랑 같이 누리고 싶어.	N	2022-09-23 01:48:19	2022-09-23 01:48:19
BE22020423	10	1	오늘 저녁에 우리 가족 모두 모여서 함께 축하 파티해요. 마음 같아선 동네 사람들 다 모아서 잔치라도 하고 싶네요. 우리 엄마가 작가라는 사실이 너무 기뻐요.	N	2022-09-23 01:48:19	2022-11-08 05:36:40
BE22020423	11	0	아직 책의 반응이 어떨지 모르겠지만, 이렇게 기뻐해 주는 네가 있어서 그걸로도 엄만 너무 행복하구나.	N	2022-09-23 01:48:19	2022-11-08 05:36:40
BE22020423	12	1	엄마가 기쁜 게 곧 저의 기쁨인 데요. 가족들 잠든 틈에 일기 쓰시면서 고단한 하루를 마무리했을 우리 엄마 생각하니 기뻐서 눈시울이 붉어지네요. 내 엄마여서 아니라 한 인간으로서 존경하고 사랑해요.	N	2022-09-23 01:48:19	2022-11-08 05:36:40
BE22020423	13	0	너무 기뻐서 눈물이 난다는 게 이럴 때 쓰는 말인가 봐. 엄마를 응원해줘서 정말 고맙고 이 기쁨을 같이 간직하자.	N	2022-09-23 01:48:19	2022-11-08 05:36:40
BE22020423	14	1	엄마가 온전히 기쁨을 누릴 수 있도록 제가 많이 도와드릴게요. 항상 딸로 독자로 엄마를 응원하겠습니다.	Y	2022-09-23 01:48:19	2022-09-23 01:48:19
