id	utterance_id	utterance_type	utterance_text	terminate	regDate	updDate
BE22005495	1	0	엄마 도저히 집에서 만나서 말씀드리기까지 기다릴 수가 없었어요. 저 벼락이라도 맞은 기분이에요!	N	2022-07-01 03:04:49	2022-11-08 03:59:49
BE22005495	2	1	알바 중에는 핸드폰도 안 만지는 네가 이 시간에 연락을 다 하고. 대체 무슨 일이야?	N	2022-07-01 03:04:49	2022-11-08 03:59:49
BE22005495	3	0	오는 길에 두 번째로 희망했던 학교에 추가 합격 전화를 받았어요. 커트라인이 높아서 기대도 안 했거든요. 너무 기뻐서 심장이 발밑으로 떨어지는 기분이었어요.	N	2022-07-01 03:04:49	2022-11-08 03:59:49
BE22005495	4	1	그 힘든 수능을 두 번이나 치르겠다고 했을 땐 걱정이 앞섰는데, 이렇게 좋은 결실이라니. 하늘을 나는 기분이겠구나. 우리 딸 너무 감사하고 기특하다.	N	2022-07-01 03:04:49	2022-11-08 03:59:49
BE22005495	5	0	네. 그리고 먼저 지원한 학교에는 이미 합격을 했잖아요. 너무 행복한 고민이에요. 친구들이 즐거운 대학생활 보낼 때, 너무 부럽고 심적으로 힘들었거든요.	N	2022-07-01 03:04:49	2022-11-08 03:59:49
BE22005495	6	1	교우관계가 돈독한 네가 1년 내내 친구들도 안 만나고 많이 외로운 시간이었지? 인내하느라고 고생이 참 많았어.	N	2022-07-01 03:04:49	2022-11-08 03:59:49
BE22005495	7	0	맞아요. 그렇지만 이젠 그 시절이 기억이 안 날 만큼 행복해요. 제 앞에 꽃길만 놓여있는 기분이에요. 둘 다 좋은 학교라 어디를 선택하면 좋을지, 제가 참 운도 좋죠.	N	2022-07-01 03:04:49	2022-11-08 03:59:49
BE22005495	8	1	운도 누구에게나 따라와 주는 게 아니지. 인내하고 노력한 자에게만 주어지는 게 운이란 거야. 너는 그런 운을 받기에 자격이 충분한 걸 엄마가 봐와서 잘 알아.	N	2022-07-01 03:04:49	2022-11-08 03:59:49
BE22005495	9	0	제가 존경하는 엄마가 절 인정해주시니 더욱 홀가분해요. 장녀로서 늘 엄마의 기대에 부응하고 싶었거든요.	N	2022-07-01 03:04:49	2022-11-08 03:59:49
BE22005495	10	1	하하 그런 기특한 생각을 했니? 너는 존재 자체로 훌륭한 딸이야. 이번 수능을 망쳤다 해도 말이야.	N	2022-07-01 03:04:49	2022-11-08 03:59:49
BE22005495	11	0	엄마가 그렇게 말씀해주시니 가슴이 뭉클해요. 이제 알바하면서 입학 준비만 하면 되겠어요. 어떤 친구들을 만나게 될지 너무 설레어요.	N	2022-07-01 03:04:49	2022-11-08 03:59:49
BE22005495	12	1	입학 전에 알바를 하는 것보다, 여행을 다녀오는 건 어떻겠니? 엄마가 보내줄게. 너 수능 끝나고 여행 보내준다고 적금을 들어놨었거든.	N	2022-07-01 03:04:49	2022-11-08 03:59:49
BE22005495	13	0	엄마, 너무 감동이에요. 그런데 입학을 하면 등록금도 들 텐데 제가 그런 호사를 누려도 될까요?	N	2022-07-01 03:04:49	2022-11-08 03:59:49
BE22005495	14	1	그럼 돈보다 중요한 게 그때만 누릴 수 있는 시간이야. 엄마가 볼 땐 최고의 타이밍이야. 걱정 말고 이따 집에 와서 계획해보자.	Y	2022-07-01 03:04:49	2022-11-08 03:59:49
