id	utterance_id	utterance_type	utterance_text	terminate	regDate	updDate
BE22005529	1	0	어머니! 저 드디어 오늘 설악산 대청봉 올라갔다 왔어요!	N	2022-07-01 05:57:34	2022-11-08 04:00:01
BE22005529	2	1	잘 도착해서 내려온 거니? 숙소에서 쉬는 중인 거야?	N	2022-07-01 05:57:34	2022-11-08 04:00:01
BE22005529	3	0	네! 10년 만이에요. 설악산 대청봉에 오른 것이요. 계속 허리가 아파서 끝까지 올라가지 못했었잖아요!	N	2022-07-01 05:57:34	2022-11-08 04:00:02
BE22005529	4	1	그러니까. 꾸준히 운동한 보람이 있는 거 같은데? 엄마도 너무 기쁘구나 축하해 딸!	N	2022-07-01 05:57:34	2022-11-08 04:00:02
BE22005529	5	0	정말. 건강은 한순간에 좋아지지 않으니 관리를 잘해야겠어요. 열심히 회복해서 지금까지 오니 너무 기쁘고 또 앞으로는 건강 진짜 조심해야겠다는 생각이 들어요.	N	2022-07-01 05:57:34	2022-11-08 04:00:02
BE22005529	6	1	아이고. 많은 것을 깨우치고 느끼고 왔구나? 역시 자기반성도, 앞으로의 계획수립도 정말 뚜렷하게 잘하는 너는 몸 관리도 잘할 수 있을 거야. 오늘 스트레칭 잘하고 푹 쉬어줘야 하는 거 알지?	N	2022-07-01 05:57:34	2022-11-08 04:00:02
BE22005529	7	0	네. 허리 아픈 이후로 운동을 많이 못해서 과연 내가 오를 수 있을까 걱정했는데. 이렇게 조금씩 낮은 산부터 연습하고 올라가니 성공까지 올 수 있었던 것 같아요. 그래서 더 성취감이 느껴지고 만족스러운 것 같아요!	N	2022-07-01 05:57:34	2022-11-08 04:00:02
BE22005529	8	1	다행이다. 너는 어릴 적부터 조금 느릴 수는 있어도 절대 포기하지 않는 근성을 가지고 있었어. 그리고 그 모습이 오늘의 네가 등산을 완주하는 데에 도움을 주었을 것 같다는 생각이 들어. 엄마도 몹시 대견하고 마음이 웅장해지는 것 같아.	N	2022-07-01 05:57:34	2022-11-08 04:00:02
BE22005529	9	0	함께 기뻐해주셔서 너무 감사해요.	N	2022-07-01 05:57:34	2022-11-08 04:00:02
BE22005529	10	1	좋아하던 운동을 한순간에 하지 못하게 되었을 때 포기하지 않고 10년 동안 꾸준히 연습해 올라왔잖니. 앞으로도 이런 모습으로 사회의 어떤 고난과 역경도 헤쳐 나가길 바란다! 넌 할 수 있을 거야.	N	2022-07-01 05:57:34	2022-11-08 04:00:02
BE22005529	11	0	네. 어머니 말씀 새겨들을게요. 그리고 해낼게요! 한번 성공하고 나니 자신감이 붙는 것 같아요. 기분도 훨씬 좋아지고요!	N	2022-07-01 05:57:34	2022-11-08 04:00:02
BE22005529	12	1	그래 좋아. 힘들고 포기하고 싶을 땐 쉬어가도 좋고 언제든 엄마에게 연락을 주렴 함께 이겨내보자. 오늘 날씨도 추웠을 텐데 무사히 완주하게 된 것을 진심으로 축하해 딸.	N	2022-07-01 05:57:34	2022-11-08 04:00:02
BE22005529	13	0	감사해요. 옆에 있는 친구들도 함께 올라가며 저에게 많은 도움을 주었어요. 격려도 해주고 체력도 걱정해주어서 마음 편히 잘 다녀올 수 있었던 것 같아요!	N	2022-07-01 05:57:34	2022-11-08 04:00:02
BE22005529	14	1	평소에 네가 친구들에게 다정다감하게 다가가고 친하게 지낸 점이 이렇게 또 이어지나보구나. 친구들과 함께 남은 시간도 좋은 기억으로 가득 채워서 무사히 돌아오렴!	N	2022-07-01 05:57:34	2022-11-08 04:00:02
BE22005529	15	0	네. 그럼 내일 아침에 또 연락드릴게요! 오늘 기뻐서 연락했는데 저보다 더 기뻐해주시고 격려해주셔서 감사해요 엄마!	Y	2022-07-01 05:57:34	2022-11-08 04:00:02
