id	utterance_id	utterance_type	utterance_text	terminate	regDate	updDate
BE22010074	1	0	엄마 나 이번에 큰맘 먹고 옷 샀어.	N	2022-07-19 04:43:51	2022-11-08 04:29:16
BE22010074	2	1	옷 욕심 없는 애가 웬일로?	N	2022-07-19 04:43:51	2022-11-08 04:29:16
BE22010074	3	0	친구 결혼식이라서 하나 샀어. 내가 정말 좋아하는 친구 결혼식이거든. 너무 기쁘고 설레.	N	2022-07-19 04:43:51	2022-11-08 04:29:16
BE22010074	4	1	와 정말? 좋은 일이 생겨서 옷을 산 거면 더 기쁘고 즐겁겠다. 네가 이렇게 좋아하니까 엄마 마음도 다 설렌다.	N	2022-07-19 04:43:51	2022-11-08 04:29:16
BE22010074	5	0	처음에는 그냥 있는 옷 입고 가려고 했는데. 생각해 보니까 제일 좋은 모습으로 가서 축하해 주고 싶더라고.	N	2022-07-19 04:43:51	2022-11-08 04:29:16
BE22010074	6	1	어쩜 이렇게 기특한 생각을 했어. 엄마도 좋은 자리에 갈 때는 최대한 멋지게 하고 가서 축하해 주는 게 맞는 것 같아. 네가 얼마나 진심으로 친구를 위하는지 느껴진다.껴진다.	N	2022-07-19 04:43:51	2022-11-08 04:29:16
BE22010074	7	0	정말 내 일처럼 기쁘더라. 그 친구 부모님 도움 없이 정말 힘들게 결혼하는 거거든. 그날 최고로 행복한 날이 됐으면 좋겠어.	N	2022-07-19 04:43:51	2022-11-08 04:29:16
BE22010074	8	1	그 친구도 이런 네 마음을 알면 정말 감동받을 것 같아. 친한 친구니까 멋지게 하고 온 네 모습을 보면 깜짝 놀랄 거야.	N	2022-07-19 04:43:51	2022-11-08 04:29:16
BE22010074	9	0	그렇겠지? 평소에 내가 꾸미는 데는 전혀 관심 없는 거 알거든. 내 진심이 친구한테 전해졌으면 좋겠다.	N	2022-07-19 04:43:51	2022-11-08 04:29:16
BE22010074	10	1	친구한테 꼭 전해질 거라고 믿어. 축하 자리를 빛내주려고 노력한 친구를 보면 얼마나 고맙겠어.	N	2022-07-19 04:43:51	2022-11-08 04:29:16
BE22010074	11	0	정말 그랬으면 좋겠다. 인생의 2막을 시작하는 친구에게 좋은 일만 있었으면 좋겠어.	N	2022-07-19 04:43:51	2022-11-08 04:29:16
BE22010074	12	1	엄마는 이렇게 진심으로 친구의 앞날이 행복하길 빌어줄 수 있는 사람으로 자란 게 너무 대견하다. 친구를 위할 줄도 알고 좋은 사람으로 성장했네.	N	2022-07-19 04:43:51	2022-11-08 04:29:16
BE22010074	13	0	엄마가 그렇게 말해주니까 내가 괜찮은 사람이 된 것 같네! 이렇게 좋은 일이 생기고, 또 내가 축하해 줄 수 있는 이 상황이 가슴 벅차.	N	2022-07-19 04:43:51	2022-11-08 04:29:16
BE22010074	14	1	예쁜 우정을 잘 키워가는 네 모습을 보니 가슴이 뭉클하다. 가서 마음껏 축하해 주고 오렴.	Y	2022-07-19 04:43:51	2022-11-08 04:29:16
