id	utterance_id	utterance_type	utterance_text	terminate	regDate	updDate
BE22008594	1	0	아들아, 산을 타서 정상까지 올라왔다. 시원한 바람을 맞으니 너무 기쁘구나.	N	2022-07-13 11:54:55	2022-11-08 04:19:42
BE22008594	2	1	아버지, 이번 주말에도 산에 가신 거예요? 격무로 바쁘셨을 텐데 좀 쉬시지 않고요. 정말 대단하세요.	N	2022-07-13 11:54:55	2022-11-08 04:19:42
BE22008594	3	0	하하, 나오지 않으면 집에서 누워서 티브이나 더 보겠니. 이렇게 산에 오르면 운동도 되고 보람도 느낄 수 있으니 얼마나 좋니.	N	2022-07-13 11:54:55	2022-11-08 04:19:42
BE22008594	4	1	그러게요. 저번에 아버지 따라서 등산 가서 정상에서 느낀 쾌감을 잊지 못하겠어요. 아버지도 그 즐거움에 주말마다 가시는 거 아니겠어요?	N	2022-07-13 11:54:55	2022-11-08 04:19:42
BE22008594	5	0	그렇지. 그때 기억이 너무 좋아서 아들 생각이 났나 보다. 이런 이유로 아들이랑 안부도 주고받으니 얼마나 기쁜 일이니.	N	2022-07-13 11:54:55	2022-11-08 04:19:42
BE22008594	6	1	하하, 그렇게 생각해주시니 저도 정말 반갑고 기뻐요. 저 어렸을 때도 아버지께서 종종 손을 잡고 산에 같이 가주셨잖아요. 정상에서 찍은 함께 찍은 사진도 많고요.	N	2022-07-13 11:54:55	2022-11-08 04:19:42
BE22008594	7	0	그랬지. 아들이랑 같이 가서 정상에 오르면 회사 일로 생긴 스트레스가 다 풀리곤 했었지.	N	2022-07-13 11:54:55	2022-11-08 04:19:42
BE22008594	8	1	저는 아버지와의 기억이 많아서 좋았어요. 아무리 바빠도 한 달에 두어 번은 꼭 제게 시간을 내주셨잖아요. 그게 얼마나 좋았는지 아세요?	N	2022-07-13 11:54:55	2022-11-08 04:19:42
BE22008594	9	0	그랬니? 아들이 그 기억을 여전히 좋게 생각한다니 내가 참 기쁘구나.	N	2022-07-13 11:54:55	2022-11-08 04:19:42
BE22008594	10	1	말씀드리기 부끄러워서 여태 못 드렸는데요, 아버지는 정말 훌륭한 아버지세요. 자식의 본보기가 되어주시며 늘 건강히 버텨주셔서 존경스럽고요.	N	2022-07-13 11:54:55	2022-11-08 04:19:42
BE22008594	11	0	하하, 정상에서 시원한 바람 맞으며 아들 칭찬까지 들으니 기쁨이 더해지는걸?	N	2022-07-13 11:54:55	2022-11-08 04:19:42
BE22008594	12	1	그렇게 느껴주시면 제가 더 감사하죠. 다음 주말에는 저도 산행에 끼워주세요. 같이 이야기 많이 나누면서 정상까지 올라가요.	N	2022-07-13 11:54:55	2022-11-08 04:19:42
BE22008594	13	0	그래, 그러자꾸나. 다음 산행이 참 기대가 되는구나.	N	2022-07-13 11:54:55	2022-11-08 04:19:42
BE22008594	14	1	그런 기대감을 가지고 살아가면 사람의 정신건강에 훨씬 좋다고 해요. 아버지와 저 두 사람에게 정말 좋은 일이 될 거예요.	N	2022-07-13 11:54:55	2022-11-08 04:19:42
BE22008594	15	0	하하, 그래. 건강하게 기대하면서 주말을 기다리마. 그럼 그때 보자꾸나.	Y	2022-07-13 11:54:55	2022-11-08 04:19:42
