id	utterance_id	utterance_type	utterance_text	terminate	regDate	updDate
BE22003142	1	0	아버지! 제가 회사에 입사한 지 몇 년 됐는지 아세요?	N	2022-06-24 00:17:16	2022-11-08 03:44:41
BE22003142	2	1	글쎄. 2년 조금 지났었나?	N	2022-06-24 00:17:16	2022-11-08 03:44:41
BE22003142	3	0	무려 근속한 지 3년이 됐어요. 제 마음은 아직도 신입인 것 같은데 신기하죠?	N	2022-06-24 00:17:16	2022-11-08 03:44:41
BE22003142	4	1	벌써 시간이 그렇게 흘렀다니 놀랍고 신기하구나. 여기저기 열심히 면접 보고 다니던 게 엊그저께 같은데 말이다.	N	2022-06-24 00:17:16	2022-11-08 03:44:41
BE22003142	5	0	맞아요. 그때만 해도 아버지께 취업할 수 있을지 모르겠다고 말씀드리면서 속상해하던 기억이 나요.	N	2022-06-24 00:17:16	2022-11-08 03:44:41
BE22003142	6	1	나는 네가 똑 부러지고 올곧은 아이라서 꼭 해낼 줄 알았단다. 결국 사회의 일원으로서 자리를 잡은 모습을 보니 무척 대견스럽구나. 네가 정말 자랑스러워.	N	2022-06-24 00:17:16	2022-11-08 03:44:41
BE22003142	7	0	아버지의 믿음 덕분에 제가 지금까지 성장할 수 있었던 것 같아요. 정말 감사합니다.	N	2022-06-24 00:17:16	2022-11-08 03:44:41
BE22003142	8	1	나야말로 자랑스러운 딸로 자라나 줘서 정말 고맙구나.	N	2022-06-24 00:17:16	2022-11-08 03:44:41
BE22003142	9	0	한 가지 더 자랑하자면, 회사에서 3년 근속한 보상으로 2주간 휴가를 부여받았어요. 3년 동안 일한 노고를 인정받은 것 같아 뿌듯하고 감사했어요.	N	2022-06-24 00:17:16	2022-11-08 03:44:41
BE22003142	10	1	내가 다 뿌듯하구나. 근무하는 동안 힘들었어도 보상받으면 감사한 마음이 들지. 그럼 더 열심히 일해야겠단 생각도 드는 것 같단다.	N	2022-06-24 00:17:16	2022-11-08 03:44:41
BE22003142	11	0	맞아요. 그래서 말인데, 휴가 동안 제 버팀목이 되어주신 아버지와 함께 여행을 가고 싶어요.	N	2022-06-24 00:17:16	2022-11-08 03:44:41
BE22003142	12	1	모두 네가 잘했기 때문에 얻은 결과인데, 그렇게 말해주니 고맙고 감동이구나.	N	2022-06-24 00:17:16	2022-11-08 03:44:41
BE22003142	13	0	모두 사실인걸요. 아버지가 좋아하실 만한 코스로 제가 계획을 짜올게요.	N	2022-06-24 00:17:16	2022-11-08 03:44:41
BE22003142	14	1	그렇다면 사양하지 않고 기쁜 마음으로 기대하고 있으마. 정말 뜻깊은 여행이 되겠어. 이런 여행을 갈 수 있도록 휴가를 준 회사에 나도 감사하구나.	N	2022-06-24 00:17:16	2022-11-08 03:44:41
BE22003142	15	0	꼭 멋진 추억을 선사해드릴게요. 다시 한번 감사하고 사랑합니다.	Y	2022-06-24 00:17:16	2022-11-08 03:44:41
