id	utterance_id	utterance_type	utterance_text	terminate	regDate	updDate
BE22012095	1	0	엄마, 저 다음 주에 휴가 나가게 됐어요! 정말 지금 너무 기뻐서 날아갈 것 같아요.	N	2022-07-27 10:19:54	2022-11-08 04:42:07
BE22012095	2	1	어머 아들, 원래 휴가는 다음 달에 나오기로 한 거 아니었니? 빨리 보니까 엄마도 기쁘기는 하다만, 무슨 일 있는 거야?	N	2022-07-27 10:19:54	2022-11-08 04:42:07
BE22012095	3	0	아니요 무슨 일이 생겨서 그런 건 아니고요. 사실 이번에 받은 훈련에서 제가 크게 공을 세워서 단독으로 포상 휴가를 받게 되었어요! 기간도 3박 4일이라 진짜 너무 행복해서 어쩔 줄 모르겠어요.	N	2022-07-27 10:19:54	2022-11-08 04:42:07
BE22012095	4	1	정말? 역시 우리 아들 대단하구나. 엄마는 요새 날이 너무 더워서 훈련하는데 힘들지는 않나 걱정했었는데. 이렇게 포상 휴가까지 받아서 올 줄은 꿈에도 몰랐네.	N	2022-07-27 10:19:54	2022-11-08 04:42:07
BE22012095	5	0	감사합니다, 엄마. 아무래도 이번에 제가 운이 정말 좋았던 것 같아요!	N	2022-07-27 10:19:54	2022-11-08 04:42:07
BE22012095	6	1	아들이 잘해서 받은 게 아니고? 큰 훈련이라고 엄마도 들었었는데 단독으로 포상받는 게 쉬운 일이 아니잖아. 조금 더 자랑해도 괜찮아!	N	2022-07-27 10:19:54	2022-11-08 04:42:07
BE22012095	7	0	하하. 사실 처음 하는 훈련이라 떨리기도 했지만, 최대한 열심히 하자는 생각으로 임했거든요. 그래서 더 좋은 결과가 나왔던 것 같아요!	N	2022-07-27 10:19:54	2022-11-08 04:42:07
BE22012095	8	1	아주 기특하고 멋있네! 우리 아들. 무더운 날씨에 사실 귀찮고 짜증 날 수도 있었을 텐데 피하지 않고 즐긴 게 아니니? 그런 마음가짐이라면 앞으로도 정말 무슨 일이든 잘할 것 같아.	N	2022-07-27 10:19:54	2022-11-08 04:42:07
BE22012095	9	0	그렇게 말해 주시니 더 기분이 좋네요, 엄마. 생각해 보니까 정말 앞으로 무슨 일이든 잘 해낼 수 있을 것 같다는 자신감이 들어요. 사실 힘들어서 포기하고 싶을 때도 있었지만 그래도 꾹 참고 이겨냈거든요.	N	2022-07-27 10:19:54	2022-11-08 04:42:07
BE22012095	10	1	인생살이에 꼭 필요한 마음가짐을 스스로 깨쳤다는 게 정말 자랑스럽다 아들. 아들 말처럼 힘들어도 쉽게 포기만 하지 않는다면 분명 좋은 결과로 보상받을 거란다. 그나저나 언제 이렇게 어른이 된 건지 엄마는 너무 가슴이 벅차오르는걸?	N	2022-07-27 10:19:54	2022-11-08 04:42:07
BE22012095	11	0	하하. 군대 가면 사람이 달라진다는 게 맞는 말인가 봐요, 엄마. 앞으로도 더 성숙한 어른이 될 수 있게 항상 노력하겠습니다.	N	2022-07-27 10:19:54	2022-11-08 04:42:07
BE22012095	12	1	그래 아들, 그렇게 말해 주니 엄마가 너무 고맙네. 다음 주 휴가 나오기 전까지 몸조심하고 알았지?	N	2022-07-27 10:19:54	2022-11-08 04:42:07
BE22012095	13	0	네 엄마. 부대에서 나오면 바로 집으로 가겠습니다!	N	2022-07-27 10:19:54	2022-11-08 04:42:07
BE22012095	14	1	그래 다음 주에 보자, 먹고 싶은 건 미리 생각해두렴. 엄마가 다 만들어 줄게.	N	2022-07-27 10:19:54	2022-11-08 04:42:07
BE22012095	15	0	네 엄마, 감사합니다!	Y	2022-07-27 10:19:54	2022-11-08 04:42:07
