id	utterance_id	utterance_type	utterance_text	terminate	regDate	updDate
BE22017695	1	0	엄마. 오늘 친구네 집에 다녀왔어요. 친구와 밥 먹고 술도 한잔했는데 친구가 즐거운 대화에 기분도 좋고 오늘 저 너무 기뻤어요.	N	2022-09-11 09:13:10	2022-09-11 09:13:10
BE22017695	2	1	친구와 함께 있으면 많은 말 하지 않아도 함께 있는 것만으로도 기분이 참 좋잖아. 친구 집에서 편하게 대화도 많이 하고 즐겁게 보냈다니 엄마 기분도 참 좋네.	N	2022-09-11 09:13:10	2022-11-08 05:16:58
BE22017695	3	0	엄마가 혼자 사는 친구 생각해서 챙겨주신 밑반찬을 가져갔더니 너무 감동해서 어쩔 줄 몰라 해요. 엄마 덕분에 좋아하는 친구 모습에 제가 친구에게 기쁨을 준 것만 같아 더 기쁘더라고요.	N	2022-09-11 09:13:10	2022-09-11 09:13:10
BE22017695	4	1	너무 다행이네. 친구가 그렇게 좋아했다니 엄마도 너무 행복하다. 아들이 소중히 여기는 친구에게 도움이 되었다니 이렇게 좋은 소식이 어디 있겠어.	N	2022-09-11 09:13:10	2022-11-08 05:16:58
BE22017695	5	0	항상 밥을 부실하게 먹는 친구가 안쓰러웠는데 엄마 덕분에 얼마나 기쁜지 몰라요. 친구가 맛있게 먹는 걸 보니 제가 다 눈물 나게 기쁜걸요.	N	2022-09-11 09:13:10	2022-09-11 09:13:10
BE22017695	6	1	엄마는 네가 친구들의 생활이나 기분에도 관심 갖고 지내는 그 마음이 얼마나 대견한지 모르겠어. 네가 먼저 친구를 위한 마음으로 주변을 살피고 도와줄 건 없는지 찾아보곤 하잖아. 네가 그렇게 사려 깊은 아이로 자라서 참 자랑스럽다.	N	2022-09-11 09:13:10	2022-11-08 05:16:58
BE22017695	7	0	아니에요. 다 엄마 덕분인걸요. 전 요즘 엄마의 아낌없는 보살핌에 마음 편하게 자랐구나, 하는 생각이 들어요. 얼마나 감사한지 몰라요.	N	2022-09-11 09:13:10	2022-11-08 05:16:58
BE22017695	8	1	네가 그런 생각을 하고 있다니 엄마를 정말 감동하게 하는걸. 우리 아들이 어쩌면 이렇게 잘 자란 건지 주변에 자랑하고 싶구나.	N	2022-09-11 09:13:10	2022-11-08 05:16:58
BE22017695	9	0	엄마가 저 키우기도 힘드실 텐데. 항상 제 주변 친구들도 살뜰히 돌봐주는 거 보며 저도 영향을 많이 받은 거 같아요.	N	2022-09-11 09:13:10	2022-11-08 05:16:58
BE22017695	10	1	엄마는 너에게 좋은 영향을 주고 싶은 마음이 참 컸어. 항상 부족하다고 생각했는데 언제 네가 이렇게 마음이 넓어져서 엄마 기분까지 좋게 해주는 거니. 우리 아들이 이제 다 컸구나.	N	2022-09-11 09:13:10	2022-11-08 05:16:58
BE22017695	11	0	친구들이 엄마 안부도 잘 물어보는데 이런 질문받는 애는 저밖에 없잖아요. 엄마 덕분에 제가 인기가 얼마나 많은지 몰라요.	N	2022-09-11 09:13:10	2022-11-08 05:16:58
BE22017695	12	1	하하. 너에게 친구들의 관심과 인기만큼 즐겁고 기쁜 게 어디 있겠니. 엄마 덕분이 아니라 친구들을 대하는 너의 진심 어린 마음과 말과 행동들이 전해져서 그런 거야. 네가 친구들에게 따뜻한 사람이 되었으면 하고 바랐는데 엄마도 네 덕분에 너무 기분이 좋구나.	N	2022-09-11 09:13:10	2022-11-08 05:16:58
BE22017695	13	0	정말요? 전 엄마 덕분인 것만 같은걸요. 엄마가 베풀어주는 배려가 여러 사람을 행복하게 만들어주니 엄마가 제 엄마라는 게 자랑스럽고 너무 기뻐요.	N	2022-09-11 09:13:10	2022-09-11 09:13:10
BE22017695	14	1	엄마는 네 덕분에 항상 행복하단다. 엄마를 기분 좋게 이렇게 좋은 말을 해 주는 아들이 정말 고맙게만 느껴지는걸. 앞으로도 항상 남을 생각하고 도와주는 마음 따뜻한 사람이 되었으면 좋겠구나.	N	2022-09-11 09:13:10	2022-11-08 05:16:58
BE22017695	15	0	네 엄마. 항상 남을 생각하고 도움을 줄 수 있는 사람이 될게요. 친구 챙겨줘서 정말 고마워요.	Y	2022-09-11 09:13:10	2022-11-08 05:16:58
