id	utterance_id	utterance_type	utterance_text	terminate	regDate	updDate
BE22008986	1	0	오랜만에 자취방 뒤에 있는 뒷산에 갔는데 쑥이랑 두릅이 가득하더라고요.	N	2022-07-14 17:17:14	2022-11-08 04:22:12
BE22008986	2	1	우리 집 뒷산에도 그렇잖아. 이 얘기 들으니까 옛날 생각도 나고 그러네.	N	2022-07-14 17:17:14	2022-11-08 04:22:12
BE22008986	3	0	그러게요. 쑥이랑 두릅을 따다가 엄마가 나물도 많이 해주고 그랬는데 너무 그리워요. 그때 생각만 해도 기분이 좋아지네요.	N	2022-07-14 17:17:14	2022-11-08 04:22:12
BE22008986	4	1	엄마도 우리 딸이랑 같이 나물도 따고 맛있는 것도 먹었던 옛날 생각 하니까 너무 기쁘네. 이렇게 얘기만 듣는 나도 정말 행복한데 직접 그 광경을 본 우리 딸은 더 행복했겠다. 엄마도 덩달아 기분이 좋아지네.	N	2022-07-14 17:17:14	2022-11-08 04:22:12
BE22008986	5	0	맞아요. 옛날에는 우리 가족 여행도 많이 가고 같이 시간 많이 보냈었는데. 그렇죠?	N	2022-07-14 17:17:14	2022-11-08 04:22:12
BE22008986	6	1	그렇지. 너 어릴 때는 주말마다 가족 다같이 여러 음식도 만들고 즐거운 추억 많이 쌓았지. 그때 찍었던 사진들을 보면 아직도 생생하게 기억이 나서 미소가 지어지더라고.	N	2022-07-14 17:17:14	2022-11-08 04:22:12
BE22008986	7	0	맞아요. 지금도 예전처럼 가족과 추억을 많이 쌓으면 좋을 것 같은데 그러지 못하네요. 벌써 엄마 아빠가 보고 싶어요.	N	2022-07-14 17:17:14	2022-11-08 04:22:12
BE22008986	8	1	나도 그랬으면 좋겠지만 우리 딸이 이렇게 훌륭하게 잘 자라준 것만으로도 엄마는 정말 고마워. 항상 건강하고 밝게 자라주고 부모님을 생각하는 딸이 우리 딸이라는 게 정말 행운이라고 생각해. 다른 아줌마들이랑 얘기하다 보면 우리 딸이 진짜 최고라는 생각이 들더라고.	N	2022-07-14 17:17:14	2022-11-08 04:22:12
BE22008986	9	0	엄마가 그렇게 말해주니까 너무 기분 좋아서 부끄러운데요? 엄마도 저한테 최고의 엄마이고 항상 엄마한테 감사하고 있어요. 평소에 말로는 못 했지만 이렇게 낳아주시고 키워주셔서 항상 감사하고 사랑하고 있어요.	N	2022-07-14 17:17:14	2022-11-08 04:22:12
BE22008986	10	1	그래. 말하지 않아도 엄마는 우리 딸 마음 잘 알지. 조만간 시간 맞춰서 다같이 식사하는 거 어때? 다같이 뒷산에서 쑥과 두릅을 따서 나물 비빔밥 해 먹으면 정말 좋을 것 같지 않아?	N	2022-07-14 17:17:14	2022-11-08 04:22:12
BE22008986	11	0	생각만 해도 기분이 좋아지는데요? 가족끼리 오붓한 시간을 보낼 생각을 하니까 지금부터 행복해져요. 곧 시간 맞는 날로 잡아볼게요.	N	2022-07-14 17:17:14	2022-11-08 04:22:12
BE22008986	12	1	그래. 우리 딸 만날 그날만 기다리고 있어야지. 우리 딸 보고 싶다. 먹고 싶은 거 말하면 엄마가 미리 준비해 놓을게.	N	2022-07-14 17:17:14	2022-11-08 04:22:12
BE22008986	13	0	저도 엄마 너무 보고 싶어요. 먹고 싶은 거 있으면 바로 얘기할게요. 엄마도 먹고 싶은 과일 얘기해주시면 갈 때 사갈게요.	N	2022-07-14 17:17:14	2022-11-08 04:22:12
BE22008986	14	1	엄마는 우리 딸만 있으면 안 먹어도 배가 불러. 곧 만나자. 사랑하는 우리 딸.	Y	2022-07-14 17:17:14	2022-11-08 04:22:12
