id	utterance_id	utterance_type	utterance_text	terminate	regDate	updDate
BE22009778	1	0	엄마, 소식 들으셨어요? 우리 딸이 이제 대학교 들어가요.	N	2022-07-18 07:08:03	2022-11-08 04:27:24
BE22009778	2	1	대학교 합격 발표가 났구나. 장하다 우리 손녀.	N	2022-07-18 07:08:03	2022-11-08 04:27:24
BE22009778	3	0	그동안 말은 안 했지만 10년 넘게 혼자 아이 키우면서 힘든 일도 많았어요. 그 아이가 다 커서 대학교에 간다니 너무 기뻐요.	N	2022-07-18 07:08:03	2022-11-08 04:27:24
BE22009778	4	1	그래, 자식 잘되는 것만큼 기쁜 일이 없지. 내가 너였어도 무척 행복하고 기쁘고 벅차올랐을 거야. 그리고 네가 기뻐하니까 엄마인 나도 너무 행복하네.	N	2022-07-18 07:08:03	2022-11-08 04:27:24
BE22009778	5	0	함께 기뻐해 줘서 고마워요 엄마. 엄마 마음이 전해지니까 나도 더 벅차오르네.	N	2022-07-18 07:08:03	2022-11-08 04:27:24
BE22009778	6	1	아무리 컸어도 너도 나의 어린 딸이니까. 네가 기뻐하고 행복해하면 나는 더 들뜨고 더 기쁘단다.	N	2022-07-18 07:08:03	2022-11-08 04:27:24
BE22009778	7	0	지금은 기쁘기만 하지만, 사실 혼자 아이 키우면서 정말 힘들고 가끔은 어디로 숨어버리고 싶기도 했었어요.	N	2022-07-18 07:08:03	2022-11-08 04:27:24
BE22009778	8	1	그래. 네가 얼마나 고생하고 힘들었는지 말 안 해도 알지. 책임감과 사랑으로 긴 시간 동안 혼자 아이를 키운 네가 참 대단하다. 너는 엄마보다도 더 훌륭한 엄마구나, 네가 참 장해.	N	2022-07-18 07:08:03	2022-11-08 04:27:24
BE22009778	9	0	나도 엄마한테 칭찬받으니까 뿌듯하고 참 좋네. 항상 격려해 주고 도와주는 엄마 덕분에 그래도 이만큼 한 거 같아요.	N	2022-07-18 07:08:03	2022-11-08 04:27:24
BE22009778	10	1	혼자 아이도 키우고 밖에서 일도 하느라 정말 고생 많았어. 대학교 보내놓으면 이제 네 어깨도 좀 가벼워지겠다.	N	2022-07-18 07:08:03	2022-11-08 04:27:24
BE22009778	11	0	이제 대학교 보내놓으면 나도 한시름 덜겠어요. 어깨가 가벼워질 생각에 더 기쁜 거 같기도 하고 그래요.	N	2022-07-18 07:08:03	2022-11-08 04:27:24
BE22009778	12	1	네 마음이 홀가분해지고, 여유가 좀 생기니까 더 기쁜 마음도 들고 그럴 것 같네.	N	2022-07-18 07:08:03	2022-11-08 04:27:24
BE22009778	13	0	네 맞아요. 엄마가 내가 힘들었던 것도 알아주고, 노력했던 것도 칭찬해 줘서 행복하네요. 그리고 기쁜 소식을 나누니까 배로 기쁘기도 하네요.	N	2022-07-18 07:08:03	2022-11-08 04:27:24
BE22009778	14	1	우리 딸이 훌륭하게 잘 해냈잖아. 또 기쁜 소식 있으면 엄마한테 들려주렴.	N	2022-07-18 07:08:03	2022-11-08 04:27:24
BE22009778	15	0	네, 또 좋은 소식 들고 올게요.	Y	2022-07-18 07:08:03	2022-11-08 04:27:24
