id	utterance_id	utterance_type	utterance_text	terminate	regDate	updDate
BE22000445	1	0	엄마! 드디어 면접 봤던 회사에서 합격 통지서를 받았어요.	N	2022-06-13 02:31:11	2022-11-08 03:27:09
BE22000445	2	1	아 정말 너무 잘됐다. 우리 아들 정말 축하해.	N	2022-06-13 02:31:11	2022-11-08 03:27:09
BE22000445	3	0	연락이 계속 안 오길래 마음속으로 실망하고 있었는데 너무 기뻐요.	N	2022-06-13 02:31:11	2022-11-08 03:27:09
BE22000445	4	1	그래 그동안 말도 못하고 마음속으로 얼마나 초조했겠니?	N	2022-06-13 02:31:11	2022-11-08 03:27:09
BE22000445	5	0	다음 주 졸업식인데 제 맘이 한결 가벼워졌어요.	N	2022-06-13 02:31:11	2022-11-08 03:27:09
BE22000445	6	1	우리 아들 너무 대견스럽다. 학교 다니는 내내 열심히 공부하고 노력한 것에 대한 대가를 받은 거야.	N	2022-06-13 02:31:11	2022-11-08 03:27:09
BE22000445	7	0	아니에요 엄마. 엄마가 지금까지 맘 편히 공부만 할 수 있게 뒷바라지해 준 덕분이죠.	N	2022-06-13 02:31:11	2022-11-08 03:27:09
BE22000445	8	1	아니야. 남들은 대학 졸업하고도 취업 준비 때문에 또 몇 년을 공부한다고도 하는데 이렇게 일찍 취업이 되어서 엄마가 더 고맙다.	N	2022-06-13 02:31:11	2022-11-08 03:27:09
BE22000445	9	0	제가 정말 가고 싶었던 회사라서 저도 기분이 너무 좋네요.	N	2022-06-13 02:31:11	2022-11-08 03:27:09
BE22000445	10	1	당연히 좋지! 네가 오랫동안 힘들게 준비했던 회사이니 더 감격스러울 거야 .	N	2022-06-13 02:31:11	2022-11-08 03:27:09
BE22000445	11	0	그럼요 엄마. 월급 받으면 꼬박꼬박 용돈도 드릴게요. 엄마는 맘 편하게 놀러 다니시면 됩니다.	N	2022-06-13 02:31:11	2022-11-08 03:27:09
BE22000445	12	1	이제부터 새로운 시작이니 네가 회사를 잘 다니고 힘들어도 잘 버티면서 원하는 일을 열심히 하는 게 무엇보다 중요하지 않을까?	N	2022-06-13 02:31:11	2022-11-08 03:27:09
BE22000445	13	0	하하 제가 누굽니까? 엄마 아들 잘할 수 있어요.	N	2022-06-13 02:31:11	2022-11-08 03:27:09
BE22000445	14	1	엄마는 너를 당연히 믿지. 힘든 시기인데 이렇게 취업 소식을 엄마에게 전해주니 우리 아들이 정말 자랑스럽다.	N	2022-06-13 02:31:11	2022-11-08 03:27:09
BE22000445	15	0	저도 최고의 졸업 선물을 받은 것 같아요.	Y	2022-06-13 02:31:11	2022-11-08 03:27:09
