id	utterance_id	utterance_type	utterance_text	terminate	regDate	updDate
BE22018044	1	0	우리 손녀 지금 뭐 하고 있어? 할머니는 동네방네 돌아다니면서 온천 여행 갔다고 자랑하고 왔더니 기분이 너무 좋네.	N	2022-09-13 16:48:17	2022-11-08 05:19:03
BE22018044	2	1	할머니 안 그래도 온천 잘 다녀오셨냐고 막 연락드리려던 참이었어요. 할머니가 기뻐하시는 걸 보니까 대답은 안 들어도 알 것 같네요!	N	2022-09-13 16:48:17	2022-11-08 05:19:03
BE22018044	3	0	그럼, 우리 손녀 덕분에 편하게 잘 쉬다가 왔어. 내 생에 그렇게 좋은 온천은 처음 가봤어. 우리 예쁜 손녀가 보내준 온양 온천이라서 그런지 쉬는 내내 너무 신이 났단다.	N	2022-09-13 16:48:17	2022-09-13 16:48:17
BE22018044	4	1	할머니가 저한테 해주신 것에 비하면 별것 아닌걸요. 더 좋은 온양 온천을 예약했어야 했는데 아직 사회 초년생이다 보니 금전적으로 여유가 없었어요. 다음에는 더 좋은 곳에 할머니랑 친구분을 모실게요!	N	2022-09-13 16:48:17	2022-11-08 05:19:03
BE22018044	5	0	얼마 전에 다녀온 곳도 충분히 좋은 온천이었어. 온천에서 만난 식구들한테 우리 손녀가 다 커서 이 할머니한테 온천 여행을 시켜줬다고 자랑했단다. 다들 어찌나 나를 부러워하던지 저절로 콧노래가 나오더구나.	N	2022-09-13 16:48:17	2022-11-08 05:19:03
BE22018044	6	1	할머니 그동안 저 키워주시느라 애쓰셨잖아요. 할머니가 얼마나 신이 나셨을지 그 모습이 머릿속에서 그려지는 것 같아요. 따뜻한 물에 몸을 담그면서 할머니의 마음도 많이 가벼워지셨을 테니 배로 신나셨을 거구요.	N	2022-09-13 16:48:17	2022-11-08 05:19:03
BE22018044	7	0	언제 이렇게 내 손녀가 다 컸나 싶기도 했고. 내가 그동안 너한테 쏟았던 정성이 헛된 게 아니라는 보람도 있었어. 그 모든 복잡한 마음들이 뒤섞여서 내가 기뻤던 게 아닐까 싶네.	N	2022-09-13 16:48:17	2022-11-08 05:19:03
BE22018044	8	1	아직 저는 자식이나 손주가 없지만 할머니 마음을 조금이나마 이해할 수 있을 것 같아요. 기저귀를 찬 꼬마가 커서 어엿한 사회의 구성원으로 자랐고 그 과정을 누구보다 가까이서 지켜보셨으니까요. 자식을 키울 때랑 손주를 키울 때랑은 또 다른 여러 감정이 교차하셨을 거라는 생각도 들구요.	N	2022-09-13 16:48:17	2022-11-08 05:19:03
BE22018044	9	0	나는 네가 이렇게 할머니 마음을 잘 알아주는 어른으로 커서 제일 기쁘단다. 물론 할머니의 사랑을 금전적으로 보답을 하는 것도 기쁘지만 바르게 자란 모습을 보여주는 게 최고의 보답이야. 너는 항상 그 보답을 나에게 해주고 있고 말이지.	N	2022-09-13 16:48:17	2022-11-08 05:19:03
BE22018044	10	1	제가 다른 사람의 마음을 잘 이해할 수 있게 된 건 할머니 덕분이에요. 저를 아껴주시고 사랑으로 키워주셨잖아요. 항상 할머니께 저를 키워주셔서 감사하다는 마음을 가지고 있었어요.	N	2022-09-13 16:48:17	2022-11-08 05:19:03
BE22018044	11	0	나 역시 너한테 항상 고마운 마음을 가지고 있었단다. 너를 키우면서 너한테서 많이 배우기도 했어. 너를 만날 수 있게 되었던 것에 대해서 항상 기쁘게 생각해.	N	2022-09-13 16:48:17	2022-09-13 16:48:17
BE22018044	12	1	할머니, 제가 앞으로는 훨씬 더 든든한 손자가 되도록 노력할게요. 이제 저한테 많이 기대주셨으면 좋겠어요. 제가 할머니의 은혜에 보답을 할 수 있게요.	N	2022-09-13 16:48:17	2022-11-08 05:19:03
BE22018044	13	0	말도 어쩜 이렇게 예쁘게 하는지 모르겠구나. 오늘 할머니가 기분이 너무 좋으니까 우리 손녀가 좋아하는 돼지 김치찜을 만들어놓을게. 퇴근하고 할머니랑 같이 맛있는 저녁 먹자.	N	2022-09-13 16:48:17	2022-09-13 16:48:17
BE22018044	14	1	우리 할머니 온천 다녀와서 얼마나 예뻐지셨는지도 볼 겸 이따가 집에 들를게요! 퇴근하고 서둘러 갈 테니 조금만 기다려주세요.	N	2022-09-13 16:48:17	2022-11-08 05:19:03
BE22018044	15	0	서둘러 오려다가 다치지 말고 천천히 집에 와. 할머니가 우리 손녀 기다리고 있을게.	Y	2022-09-13 16:48:17	2022-09-13 16:48:17
