id	utterance_id	utterance_type	utterance_text	terminate	regDate	updDate
BE22003240	1	0	엄마. 저 오늘부터 매일 1000원씩 저축하기로 했어요.	N	2022-06-24 05:07:04	2022-11-08 03:45:18
BE22003240	2	1	정말? 저축해서 어디에 쓸 건데?	N	2022-06-24 05:07:04	2022-11-08 03:45:18
BE22003240	3	0	저의 미래를 위해서 저축하려고 해요. 미래에 제가 무언가를 새로 배우고 싶을 때 사용하고 싶어요.	N	2022-06-24 05:07:04	2022-11-08 03:45:18
BE22003240	4	1	와. 우리 딸이 정말 기특한 생각을 했네?	N	2022-06-24 05:07:04	2022-11-08 03:45:18
BE22003240	5	0	그렇죠? 저도 이렇게 저축하기로 마음먹으니까 너무 뿌듯하고 기분이 좋은 거 있죠? 뭔가 새로 시작하는 기분이 들어요.	N	2022-06-24 05:07:04	2022-11-08 03:45:18
BE22003240	6	1	엄마도 처음 저축하기로 결심했을 때 뿌듯했던 기억이 새록새록 떠오른다. 우리 딸이 기뻐하는 거 보니까 엄마 기분도 하늘을 나는 듯이 좋아지네. 얼마 모으는 걸 목표로 정했어?	N	2022-06-24 05:07:04	2022-11-08 03:45:18
BE22003240	7	0	엄마도 그런 적이 있으셨군요. 전 열심히 모아서 3년 내로 1000만원을 모으는 걸 목표로 정했어요.	N	2022-06-24 05:07:04	2022-11-08 03:45:18
BE22003240	8	1	너무 좋다. 열심히 저축하는 우리 딸을 위해서 엄마도 돈을 지원해줄게. 우리 딸 목표를 위해서 엄마가 쏜다!	N	2022-06-24 05:07:04	2022-11-08 03:45:18
BE22003240	9	0	와. 우리 엄마 최고! 너무 감사해요!	N	2022-06-24 05:07:04	2022-11-08 03:45:18
BE22003240	10	1	그래. 넌 절약도 잘하고 야무지니까 열심히 저축해서 금방 목표 금액을 모을 수 있을 거야. 예전에도 돈을 꼬박꼬박 저축해서 사고 싶었던 책을 사곤 했잖아. 한 번 결정한 일은 실행에 잘 옮기는 너의 성격이 엄마는 참 자랑스러워.	N	2022-06-24 05:07:04	2022-11-08 03:45:19
BE22003240	11	0	엄마가 그렇게 격려해주시니까 더 목표를 잘 달성할 수 있을 것 같아요. 고마워요. 엄마!	N	2022-06-24 05:07:04	2022-11-08 03:45:19
BE22003240	12	1	다 우리 딸이 잘해서 하는 말인데? 엄마는 항상 너를 응원한단다.	N	2022-06-24 05:07:04	2022-11-08 03:45:19
BE22003240	13	0	저도 항상 엄마 덕에 기운 내서 무언가를 할 수 있는 것 같아요. 사랑해요, 엄마.	N	2022-06-24 05:07:04	2022-11-08 03:45:19
BE22003240	14	1	나도 사랑한다, 우리 딸.	Y	2022-06-24 05:07:04	2022-11-08 03:45:19
