id	utterance_id	utterance_type	utterance_text	terminate	regDate	updDate
BE22009503	1	0	엄마 저 오늘 산 정상까지 등반에 성공했어요!	N	2022-07-17 07:53:21	2022-11-08 04:25:33
BE22009503	2	1	정말? 저번에 못 올라가고 포기했던 그 산 말이니?	N	2022-07-17 07:53:21	2022-11-08 04:25:33
BE22009503	3	0	네! 오늘은 정상에서 큰소리로 야호라고 외치고 내려왔어요. 속이 뻥 뚫리면서 너무 기뻤어요.	N	2022-07-17 07:53:21	2022-11-08 04:25:33
BE22009503	4	1	와, 산 정상에 오른 네 모습을 상상하는 것만으로도 엄마 마음도 벅차. 한 번 실패했었던 산이라 더 기분 좋았을 것 같다.	N	2022-07-17 07:53:21	2022-11-08 04:25:33
BE22009503	5	0	완전 짜릿했어요. 이제 어떤 산이든 오를 수 있다는 자신감이 생겼어요.	N	2022-07-17 07:53:21	2022-11-08 04:25:33
BE22009503	6	1	처음엔 네가 100대 명산 등반을 도전하고 싶은데 할 수 없을 것 같다고 걱정했잖아. 이젠 용기가 생긴 것 같아서 엄마도 너무 기쁘다.	N	2022-07-17 07:53:21	2022-11-08 04:25:33
BE22009503	7	0	지난번 산에서 실패하고 나서 완전 의기소침했었는데. 마지막으로 한 번만 더 도전해 보자고 마음먹었던 게 결국 성공했어요. 이제 어떤 일이든 해보지 않고 포기하는 일은 없을 것 같아요.	N	2022-07-17 07:53:21	2022-11-08 04:25:33
BE22009503	8	1	우리 아들이지만 정말 멋지다. 언제 이렇게 용감하고 씩씩한 청년으로 자랐지? 이제 앞으로 무엇을 하든 엄마는 너를 믿고 응원만 하면 되겠다.	N	2022-07-17 07:53:21	2022-11-08 04:25:33
BE22009503	9	0	엄마가 이렇게 칭찬해 주시니까 기분이 막 날아갈 것 같아요. 뭐든 제가 도전하겠다고 했을 때 말리지 않고 지켜봐 주셔서 제가 이렇게 성장할 수 있었어요.	N	2022-07-17 07:53:21	2022-11-08 04:25:33
BE22009503	10	1	결국엔 뭐든 해내는 아이인 걸 엄마는 알고 있었으니까. 그래도 100대 명산 등반은 어려울 거라고 생각했는데 엄마의 괜한 우려였던 것 같다.	N	2022-07-17 07:53:21	2022-11-08 04:25:33
BE22009503	11	0	제가 어렸을 때부터 남들보다 체력이 좀 약했으니 걱정하실만하죠. 저도 그걸 이겨내고 싶어서 도전한 거라 지금 너무 행복해요.	N	2022-07-17 07:53:21	2022-11-08 04:25:33
BE22009503	12	1	자기 단점을 극복하려고 도전했다니 네가 너무 기특해서 눈물이 다 나려고 해. 엄마 마음이 이 정도인데 너는 정말 뿌듯하겠구나.	N	2022-07-17 07:53:21	2022-11-08 04:25:33
BE22009503	13	0	네, 오늘 이 순간을 평생 기억할 거예요. 고비가 올 때마다 이겨낼 힘이 생긴 것 같아요.	N	2022-07-17 07:53:21	2022-11-08 04:25:33
BE22009503	14	1	그래, 이제 뭐든 해낼 수 있을 것 같구나. 옆에서 항상 응원할게.	Y	2022-07-17 07:53:21	2022-11-08 04:25:33
