id	utterance_id	utterance_type	utterance_text	terminate	regDate	updDate
BE22005599	1	0	딸, 엄마 지금 마지막 일정으로 저녁 먹으러 왔어.	N	2022-07-01 11:32:24	2022-11-08 04:00:27
BE22005599	2	1	치 지금껏 아무 연락 없으시다가 이제야 하시네. 엄청 재밌으셨나 봐 우리 엄마.	N	2022-07-01 11:32:24	2022-11-08 04:00:27
BE22005599	3	0	그럼, 누가 효도 여행 보내준 건데. 제대로 즐겨야지. 시간 가는 줄 모르게 놀다가 지금 핸드폰을 열어보네.	N	2022-07-01 11:32:24	2022-11-08 04:00:27
BE22005599	4	1	헤헤 농담이에요 엄마. 연락 신경 쓰지 말고 재밌게 놀다 오세요. 뭐 먹으러 가셨어요?	N	2022-07-01 11:32:24	2022-11-08 04:00:27
BE22005599	5	0	지금 광안대교가 훤히 보이는 근사한 횟집에 들어와서 광어회 먹고 있어. 여행이란 게 이렇게 행복한지 처음 알았다 얘. 왜 젊은이들이 여행 여행 그러는지 알 것 같아.	N	2022-07-01 11:32:24	2022-11-08 04:00:28
BE22005599	6	1	우와 기가 막히게 좋은 데로 가셨네. 광안대교 야경 보면서 회 한입이면 정말 소주가 필요 없을 만큼 기분 최고겠는걸요.	N	2022-07-01 11:32:24	2022-11-08 04:00:28
BE22005599	7	0	풍경도, 음식도 다 너무 좋은데 어딜 가든 우리 딸이랑 같이 왔으면 좋겠다는 생각이 들더라. 같이 왔으면 좋을 텐데.	N	2022-07-01 11:32:24	2022-11-08 04:00:28
BE22005599	8	1	나는 지금껏 좋은 거 많이 먹고 보러 잘 다녔어요. 이번 여행은 엄마, 아빠 두 분만을 위한 여행이니까 제 걱정은 하지 마세요.	N	2022-07-01 11:32:24	2022-11-08 04:00:28
BE22005599	9	0	우리 딸 덕분에 나랑 네 아빠가 이렇게 호강하네. 그래도 엄마한텐 딸이랑 같이하는 여행이 훨씬 좋으니까 조만간 우리 셋이 같이 가자.	N	2022-07-01 11:32:24	2022-11-08 04:00:28
BE22005599	10	1	우리 엄마는 역시 지독한 딸바보야. 알겠어요, 꼭 가요 우리. 그동안 이렇게 좋아하는 여행 많이 못 보내드려서 죄송해요.	N	2022-07-01 11:32:24	2022-11-08 04:00:28
BE22005599	11	0	뭐가 죄송해. 내가 살림만 하느라 여행의 의미가 얼마나 크고 좋은지 모르고 살았던 거지. 계속 보내준다, 가자 할 때마다 갈 걸 그랬어.	N	2022-07-01 11:32:24	2022-11-08 04:00:28
BE22005599	12	1	엄마가 우리 키우시랴, 살림하랴 너무 바쁘게 살아오셔서 모르실 만하죠. 앞으로는 제가 좋은 음식, 좋은 곳 많이 소개해드릴게요.	N	2022-07-01 11:32:24	2022-11-08 04:00:28
BE22005599	13	0	엄마는 지금 이 순간이 너무 행복하다. 단지 놀러 와서가 아니라 우리 딸이 엄마 생각해서 보내준 여행이라는 게 기특하고 행복해. 예쁘고 착하게 잘 커줘서 고마워.	N	2022-07-01 11:32:24	2022-11-08 04:00:28
BE22005599	14	1	에이 뭘요. 항상 사소한 것에도 고맙다고 표현하고 감동적인 말을 서슴없이 하시는 엄마가 너무 존경스러워요. 제가 이렇게 애교 많은 땅으로 자란 것도 엄마의 성품을 물려받을 것 아시죠? 엄마는 그 누구보다 감성적이고 표현할 줄 아는 멋진 사람이에요.	N	2022-07-01 11:32:24	2022-11-08 04:00:28
BE22005599	15	0	그 멋진 성품은 내가 물려준 게 아니라 똑 부러지는 딸이 알아서 배운 것 같구나. 사랑한다. 집에서 보자.	N	2022-07-01 11:32:24	2022-11-08 04:00:28
BE22005599	16	1	저도 사랑해요. 재밌게 놀다 오세요.	Y	2022-07-01 11:32:24	2022-11-08 04:00:28
