id	utterance_id	utterance_type	utterance_text	terminate	regDate	updDate
BE22007800	1	0	엄마 저 오늘부터 자유롭게 외출해도 된대요! 진짜 세상이 이렇게 밝은 줄 몰랐어요.	N	2022-07-11 09:04:40	2022-11-08 04:14:37
BE22007800	2	1	어머, 우리 딸 잘 회복이 되었나보네. 축하해! 라식 수술을 한 소감이 어때?	N	2022-07-11 09:04:40	2022-11-08 04:14:37
BE22007800	3	0	왜 이걸 이제야 했는지 후회가 될 정도예요. 진짜 안경 없이도 세상을 이렇게 또렷하게 볼 수 있을 줄 몰랐어요. 완전 신세계에요!	N	2022-07-11 09:04:40	2022-11-08 04:14:37
BE22007800	4	1	우리 딸이 신난 게 여기까지 느껴지네. 처음에는 걱정을 많이 하더니 수술이 잘 된 것 같아서 엄마 마음이 놓인다. 그렇게 좋아?	N	2022-07-11 09:04:40	2022-11-08 04:14:37
BE22007800	5	0	네! 완전요. 아침에 눈 떴을 때 선명하게 보이는 게 너무 좋아요! 이제 안경을 안 써도 되니까 너무 편한 거 있죠?	N	2022-07-11 09:04:40	2022-11-08 04:14:37
BE22007800	6	1	그러게. 엄마가 느끼기에도 엄청 좋을 것 같아. 우리 딸이 평소에 안경 쓰기 싫다고 난리였는데 안경 벗으니 신날 만하겠어.	N	2022-07-11 09:04:40	2022-11-08 04:14:37
BE22007800	7	0	맞아요. 안경은 맨날 코도 눌리고 답답해서 너무 싫었거든요. 렌즈를 끼자니 눈이 너무 아파서 힘들었는데 저 지금 너무 좋아요! 이렇게 세상이 아름답나 싶고 뭐든 자세히 보게 된다니까요?	N	2022-07-11 09:04:40	2022-11-08 04:14:37
BE22007800	8	1	어머, 얘도 참! 그래도 우리 딸이 이렇게 좋아하니까 엄마도 너무 신이 난다. 엄마도 안경을 껴봤으니까 우리 딸이 지금 어떤 기분일지 너무 공감이 가는걸?	N	2022-07-11 09:04:40	2022-11-08 04:14:37
BE22007800	9	0	그렇죠! 역시 우리 엄마라니까? 제 친구들이 저보고 그렇게 신이 나냐고 좀 가라앉히라고 할 정도였거든요. 그렇지만 너무 좋은 걸 어떡해요.	N	2022-07-11 09:04:40	2022-11-08 04:14:37
BE22007800	10	1	그럼! 엄마가 같이 나와서 춤이라도 춰줄까? 아니면 우리 딸 안경 벗은 기념 엄마랑 데이트 어때?	N	2022-07-11 09:04:40	2022-11-08 04:14:37
BE22007800	11	0	너무 좋아요! 라식하자마자 하고 싶었던 게 영화 보는 거였거든요. 엄마 우리 같이 보러 가요!	N	2022-07-11 09:04:40	2022-11-08 04:14:37
BE22007800	12	1	어머, 너무 좋다! 오랜만에 우리 딸이랑 데이트도 하고 엄마야말로 너무 행복하네. 엄마가 맛있는 것도 사줄 테니까 고민해봐!	N	2022-07-11 09:04:40	2022-11-08 04:14:37
BE22007800	13	0	딸 라식 기념으로 데이트도 해주고 엄마 사랑해요! 라식이 이렇게 좋은 거면 열 번도 더할 수 있을 것 같아요.	N	2022-07-11 09:04:40	2022-11-08 04:14:37
BE22007800	14	1	얘도 참! 엄마도 우리 딸 사랑해! 그럼 이따 또 연락하자!	Y	2022-07-11 09:04:40	2022-11-08 04:14:37
