id	utterance_id	utterance_type	utterance_text	terminate	regDate	updDate
BE22003231	1	0	엄마! 저 방금 슈퍼마켓 다녀왔는데, 칭찬받았어요!	N	2022-06-24 04:56:39	2022-11-08 03:45:15
BE22003231	2	1	오 정말? 무슨 일이 있었는데?	N	2022-06-24 04:56:39	2022-11-08 03:45:15
BE22003231	3	0	제가 과자를 사고 오천원을 냈는데, 거스름돈으로 천 원짜리 5장을 주셔서 다시 돌려드리고 왔어요!	N	2022-06-24 04:56:39	2022-11-08 03:45:15
BE22003231	4	1	어휴 정말 기특하네! 다시 돌려주러 가기가 번거로울 수도 있었을 텐데 잘했어!	N	2022-06-24 04:56:39	2022-11-08 03:45:15
BE22003231	5	0	그쵸? 저번에 학교에서 착한 어린이에 대해 배웠거든요! 친구가 거스름돈 많이 받아서 돌려드리고 온 이야기를 해서 선생님께 칭찬받았어요. 굉장히 뿌듯해 보이더라구요.	N	2022-06-24 04:56:39	2022-11-08 03:45:15
BE22003231	6	1	정말? 도덕 시간에 배웠나 보네! 스스로 착한 행동을 하려고 하다니 엄마가 정말 기쁘다.	N	2022-06-24 04:56:39	2022-11-08 03:45:15
BE22003231	7	0	맞아요! 오늘 그 생각이 나서 집에 거의 다 왔는데도 얼른 다시 돌아갔어요! 돌려드리고 칭찬도 들으니까 너무 기뻤어요!	N	2022-06-24 04:56:39	2022-11-08 03:45:15
BE22003231	8	1	칭찬을 듣는 건 언제나 기분이 좋지. 엄마도 어릴 적에 칭찬 들으려고 열심히 노력했었던 것 같네.	N	2022-06-24 04:56:39	2022-11-08 03:45:15
BE22003231	9	0	학교에서 '칭찬해요'라는 게시판이 있는데, 저도 거기에 올라갈 수 있겠죠?	N	2022-06-24 04:56:39	2022-11-08 03:45:15
BE22003231	10	1	학교에 그런 게시판이 있구나! 당연하지, 오늘처럼 열심히 하면 올라갈 수 있을 거야. 엄마도 많이 도와주도록 할게.	N	2022-06-24 04:56:39	2022-11-08 03:45:15
BE22003231	11	0	오늘 기분을 꼭 기억해서 앞으로도 자주 칭찬받는 어린이가 될 거예요!	N	2022-06-24 04:56:39	2022-11-08 03:45:15
BE22003231	12	1	정말 기특하네! 보람찬 기분을 느낄 수 있도록 하면 칭찬을 자주 들을 수 있을 거야!	N	2022-06-24 04:56:39	2022-11-08 03:45:15
BE22003231	13	0	좋아요! 오늘은 어떤 일을 할까요?	N	2022-06-24 04:56:39	2022-11-08 03:45:15
BE22003231	14	1	일단 밥 잘 먹기부터 해볼까? 잘 먹으면 칭찬 많이 해줄게!	N	2022-06-24 04:56:39	2022-11-08 03:45:15
BE22003231	15	0	오늘은 남김없이 다 먹을게요!	Y	2022-06-24 04:56:39	2022-11-08 03:45:15
