id	utterance_id	utterance_type	utterance_text	terminate	regDate	updDate
BE22004003	1	0	잃어버린 지갑 찾았다. 속상했는데 너무 좋구나. 경찰서에서 전화가 와서 놀랐는데 좋은 소식이구나.	N	2022-06-27 03:36:06	2022-11-08 03:50:11
BE22004003	2	1	저도 너무 기분이 좋아요. 정말 잘 되었네요. 지갑 잃어버리고 아깝다고 많이 속상해했잖아요. 이제 안심돼요.	N	2022-06-27 03:36:06	2022-11-08 03:50:11
BE22004003	3	0	새 지갑을 잃어버렸는데 속상하지. 그것도 생일이라고 현금 넣은 명품인데. 명품이라서 아니라 우리 딸이 사준 거라 더 마음이 안 좋았지.	N	2022-06-27 03:36:06	2022-11-08 03:50:11
BE22004003	4	1	저도 제가 아끼는 물건 잃어버리고 속상했어요. 그래서 조금이 남아 짐작이 가요. 이제 찾았으니 속상했던 마음 다 잊으세요.	N	2022-06-27 03:36:06	2022-11-08 03:50:11
BE22004003	5	0	그래야지. 돈은 다 잃어버렸지만 우리 딸이 사준 지갑 찾았으니 그걸로 됐지. 내 다시는 손가방 안 들고 다닌다.	N	2022-06-27 03:36:06	2022-11-08 03:50:11
BE22004003	6	1	걱정하지 마세요. 당장 메는 걸로 예쁜 가방 사 드릴게요. 아무래도 어깨에 메는 게 편하지요.	N	2022-06-27 03:36:06	2022-11-08 03:50:11
BE22004003	7	0	나 가방 많다. 지난번에 사준 가방도 있고 네 가방이나 새로 사서 예쁘게 들고 다녀라. 내가 하나 사줄까.	N	2022-06-27 03:36:06	2022-11-08 03:50:11
BE22004003	8	1	마음만 받을게요. 기뻐하는 모습만 봐도 좋아요. 기분인데 용돈 드리게 지갑 주세요.	N	2022-06-27 03:36:06	2022-11-08 03:50:11
BE22004003	9	0	나 정말 괜찮다. 너나 맛있는 거 사 먹어라. 아니다 내가 사주마.	N	2022-06-27 03:36:06	2022-11-08 03:50:11
BE22004003	10	1	그래요 우리 나가서 드라이브도 하고 밥도 먹고 즐겁게 보내요.	N	2022-06-27 03:36:06	2022-11-08 03:50:11
BE22004003	11	0	생각해보니 내가 잃어버리고 어떤 사람이 가져갔는지 몰라도 양심도 없다고 했는데. 좋은 사람도 있고 우리 딸이랑 외출도 하고 세상 참 좋다.	N	2022-06-27 03:36:06	2022-11-08 03:50:11
BE22004003	12	1	누군지 모르지만 지갑을 주어서 경찰서에 갖다 준 사람 복 많이 받으면 좋겠다. 너무 속을 끓여서 나도 신경 쓰이고 속상했는데.	N	2022-06-27 03:36:06	2022-11-08 03:50:11
BE22004003	13	0	꼭 그러면 좋겠다. 이번 일로 난 지갑이든 가방이든 주우면 꼭 경찰서 가져다줄 거다. 잃어버린 사람 마음이 얼마나 답답하겠니.	N	2022-06-27 03:36:06	2022-11-08 03:50:11
BE22004003	14	1	나도 꼭 주인 찾아줄 거예요. 물건마다 다 의미가 있는 건데 잃어버리면 안 되지요.	N	2022-06-27 03:36:06	2022-11-08 03:50:11
BE22004003	15	0	그래 우리 꼭 그러자. 그전에 정신 잘 챙겨서 잃어버리지 말고.	N	2022-06-27 03:36:06	2022-11-08 03:50:11
BE22004003	16	1	맞네요 찾아주는 것도 좋지만 우리 물건부터 잃어버리지 말자고요.	Y	2022-06-27 03:36:06	2022-11-08 03:50:11
