id	utterance_id	utterance_type	utterance_text	terminate	regDate	updDate
BE22009466	1	0	재택근무 너무 좋은 거 같아요. 회사 사정 때문에 일주일째 재택근무를 하고 있는데 매일매일이 기쁘고 흥분돼요.	N	2022-07-17 05:48:47	2022-11-08 04:25:20
BE22009466	2	1	어머, 네가 재택근무를 한다니 집에서 편안하게 일할 수 있어서 너무 만족스럽겠다. 회사 출퇴근 시간이 너무 오래 걸려서 힘들다고 해서 항상 걱정됐는데. 이번 기회에 그동안 힘들었던 것들이 재충전 될 수 있을 거 같아 엄마 마음이 좋구나.	N	2022-07-17 05:48:47	2022-11-08 04:25:20
BE22009466	3	0	네, 이직하고 출퇴근 시간이 무려 왕복 3시간 정도가 걸려서 길에서 진을 다 빼서 힘들었어요. 그런데 회사지침이 변경되어서 회의가 있지 않은 이상 재택근무로 완전 전환됐어요.	N	2022-07-17 05:48:47	2022-11-08 04:25:20
BE22009466	4	1	정말 너무 잘 됐다! 길에서 시간 보내고 사람들한테 부대끼는 데 지쳤을 텐데, 안 해도 된다니 너무너무 잘 됐다. 우리 아들이 힘들지 않을 생각하니 엄마가 너무 기뻐서 더덩실 춤을 추고 싶다.	N	2022-07-17 05:48:47	2022-11-08 04:25:20
BE22009466	5	0	저도 정말 너무 기뻐서 어깨춤을 추면서 일하고 있어요. 그리고 일 능률도 올라서 업무를 오전에 거의 다 끝내고 애들이랑 매일 놀아주고 있어요.	N	2022-07-17 05:48:47	2022-11-08 04:25:20
BE22009466	6	1	이야, 네가 정말 기쁘고 만족감도 높아졌겠다. 회사 출퇴근 시간이 많이 걸려서 예전보다 아이들과 시간을 못 보내준다고 걱정을 많이 했잖니. 가정적이고 아이들을 많이 생각하는 네가 가족과 보내는 시간이 줄어들어서 많이 스트레스받았는데 너무 다행이다.	N	2022-07-17 05:48:47	2022-11-08 04:25:20
BE22009466	7	0	네 정말 너무 다행이에요. 그래서 요즘 아이들과 놀면서 이게 사는 거구나 싶고. 너무 행복해서 매일매일이 만족스럽고 웃음만 나와요.	N	2022-07-17 05:48:47	2022-11-08 04:25:20
BE22009466	8	1	가족과 보내는 시간이 많아져서 너 행복감이 하늘 높이 치솟았을 거 같아서 엄마까지 행복하고 기쁘다. 네가 아이들과 재밌게 놀고 가족과 즐거운 시간을 보낼 거 생각하니 엄마 마음까지 따듯해지고 흐뭇해지는구나.	N	2022-07-17 05:48:47	2022-11-08 04:25:20
BE22009466	9	0	요즘은 아이들 하원 시간이 다가오면 오늘은 아이들과 뭘 하고 놀아줄까 너무 설레고 흥분돼요.	N	2022-07-17 05:48:47	2022-11-08 04:25:20
BE22009466	10	1	엄마도 근래 손주들을 보면, 아이들이 웃음이 더 많아지고 행복하다는 말을 많이 하더구나. 그래서 요즘 네가 아이들을 보면서 얼마나 흐뭇하고 기뻐서 매일이 행복할까 싶었어.	N	2022-07-17 05:48:47	2022-11-08 04:25:20
BE22009466	11	0	맞아요, 정말 제가 시간이 생겨서 여유롭게 아이들과 놀아주니까 아이들 표정이 달라졌어요. 그래서 제 스스로도 너무 뿌듯하고 만족감이 넘쳐나요.	N	2022-07-17 05:48:47	2022-11-08 04:25:20
BE22009466	12	1	그래, 평소에도 네가 아이들을 소중히 생각하고 가족을 제일 중요하게 생각하잖니. 그러니 아이들과 옆 사람이 행복하고 기쁜 모습을 보면 네가 더 만족스럽고 행복해할 거 같아. 네가 삶을 너무 멋지게 행복하게 살아가고 있는 거 같아서 너무 대견하고 자랑스럽다.	N	2022-07-17 05:48:47	2022-11-08 04:25:20
BE22009466	13	0	재택근무로 시간 여유가 생겨서 아이들과 시간 보내는 것만으로도 너무 행복해요. 엄마가 저를 이렇게 대견하게 생각해 주시고 응원해 주시니까 너무 기뻐서 구름 위를 떠다니는 느낌이에요. 항상 저를 칭찬해 주시고 지지해 주셔서 감사해요.	N	2022-07-17 05:48:47	2022-11-08 04:25:20
BE22009466	14	1	네가 기쁜 일이 있을 때 엄마에게 연락 줘서 너무 고맙단다. 아이들이 행복 한 걸 보면서 기쁨이 커지듯이 엄마도 네가 기쁘고 행복하면 더 행복하고 기쁘단다.	Y	2022-07-17 05:48:47	2022-11-08 04:25:20
