id	utterance_id	utterance_type	utterance_text	terminate	regDate	updDate
BE22007394	1	0	할머니! 저 요즘 다도를 배워서 차를 직접 내려 먹고 있어요.	N	2022-07-09 09:43:07	2022-11-08 04:12:04
BE22007394	2	1	정말이니? 이야, 우리 손녀가 벌써 자라서 다도를 배우다니 할머니가 가슴이 뭉클하구나.	N	2022-07-09 09:43:07	2022-11-08 04:12:04
BE22007394	3	0	처음에는 이렇게 재미있을지 몰랐는데 하다 보니까 마음도 편안해지고 너무 좋더라고요.	N	2022-07-09 09:43:07	2022-11-08 04:12:04
BE22007394	4	1	맞아. 할머니도 옛날에 문화 센터에서 다도를 배운 적이 있어서 그 마음 잘 알지. 우리 손녀도 똑같이 그런 편안한 느낌을 받았다니 할머니가 기분이 정말 좋다.	N	2022-07-09 09:43:07	2022-11-08 04:12:04
BE22007394	5	0	맞아요 사실 어렸을 때 차를 내려 주시던 할머니의 모습이 생각이 나서 다도를 배우게 되었어요.	N	2022-07-09 09:43:07	2022-11-08 04:12:04
BE22007394	6	1	할머니가 네게 좋은 영향을 끼쳤다니 말만으로도 너무 고맙구나. 우리 손녀는 어려서부터 차분하고 손재주가 뛰어나서 다도랑 참 잘 어울리는 것 같아.	N	2022-07-09 09:43:07	2022-11-08 04:12:04
BE22007394	7	0	그렇게 말씀해 주셔서 감사해요. 할머니가 예전에 생강차를 좋아한다고 하셨잖아요. 할머니께 만들어 드리고 싶어서 열심히 연습하고 있어요.	N	2022-07-09 09:43:07	2022-11-08 04:12:04
BE22007394	8	1	이야, 벌써부터 우리 손녀가 내려주는 생강차가 어떤 맛일지 기대된다. 우리 손녀를 만날 날이 너무 기다려지는걸?	N	2022-07-09 09:43:07	2022-11-08 04:12:04
BE22007394	9	0	완전 자신 있어요. 수업을 할 때마다 선생님께 칭찬도 받고 있어요.	N	2022-07-09 09:43:07	2022-11-08 04:12:04
BE22007394	10	1	하하, 우리 애지중지하는 손녀가 이렇게 신나 하는 모습을 보니까 할머니가 다 행복하구나.	N	2022-07-09 09:43:07	2022-11-08 04:12:04
BE22007394	11	0	저도 할머니 덕분에 이렇게 저와 잘 맞는 취미를 갖게 되어서 너무 좋아요.	N	2022-07-09 09:43:07	2022-11-08 04:12:04
BE22007394	12	1	우리 손녀는 어쩜 이렇게 마음도 곱고 말도 예쁘게 할까? 이렇게 바르게 자라 주어서 할머니는 네가 너무 자랑스럽단다.	N	2022-07-09 09:43:07	2022-11-08 04:12:04
BE22007394	13	0	다 할머니께서 바르게 키워 주신 덕분이죠. 다음에 찾아뵈면 꼭 생강차를 내려 드릴게요.	N	2022-07-09 09:43:07	2022-11-08 04:12:04
BE22007394	14	1	그래. 다음에 만날 때까지 우리 손녀가 취미 생활과 함께 행복한 날들을 보내길 바란다.	Y	2022-07-09 09:43:07	2022-11-08 04:12:04
