id	utterance_id	utterance_type	utterance_text	terminate	regDate	updDate
BE22006873	1	0	할머니, 이 연예인이 입은 사진 속의 치마 새로 샀는데, 보기 어떠세요? 전 정말 마음에 들어요.	N	2022-07-07 08:39:14	2022-11-08 04:08:46
BE22006873	2	1	하늘색이 정말 곱구나. 요즘 같은 여름에 시원해 보이고, 너 같은 젊은 여자애가 입으면 파릇파릇 예쁠 것 같은데.	N	2022-07-07 08:39:14	2022-11-08 04:08:46
BE22006873	3	0	색도 예쁘지만, 아랫단도 벌어져서 나풀거리잖아요. 이런 걸 머메이드 스커트라고 하는데, 제가 동화 속의 인어가 된 기분이 들어요.	N	2022-07-07 08:39:14	2022-11-08 04:08:46
BE22006873	4	1	나도 거기가 마음에 드네. 팔랑거리는 게 네가 입으면 인어가 아니라 치맛자락을 날리면서 궁전을 사뿐사뿐 걸어 다니는 공주님 같겠다.	N	2022-07-07 08:39:14	2022-11-08 04:08:46
BE22006873	5	0	할머니는 늘 칭찬만 하셔서 믿을 수가 없네요. 이전에 샀던 바지도 할머니는 어울린다고 하셨는데, 친구가 뚱뚱해 보인다고 했단 말이에요.	N	2022-07-07 08:39:14	2022-11-08 04:08:46
BE22006873	6	1	무슨 소리야, 우리 손녀보다 날씬한 사람이 어디 있어. 뚱뚱한 게 아니라 넉넉한 옷을 입으면 예쁘게 통통해 보이는 거지. 그 친구도 이 옷이 입고 싶었나보다.	N	2022-07-07 08:39:14	2022-11-08 04:08:46
BE22006873	7	0	그렇죠, 제가 제일 날씬하죠? 저도 사실 그렇게 생각해요. 이 치마를 입고 있으니 자신감이 마구 솟네요.	N	2022-07-07 08:39:14	2022-11-08 04:08:46
BE22006873	8	1	누구한테 보여주려고 옷도 새로 사고 몸 꾸미는 데 신경을 쓰는 거니? 할머니한테 소개해 주고 싶은 좋은 남자라도 생겼어?	N	2022-07-07 08:39:14	2022-11-08 04:08:46
BE22006873	9	0	남자 친구까지는 아니고요, 그냥 자주 얼굴 보는 남자가 있는데 아주 좋은 건 아니고 그냥 두근거려요. 어제 이 옷을 입고 만났거든요.	N	2022-07-07 08:39:14	2022-11-08 04:08:46
BE22006873	10	1	그거 정말 잘 됐구나. 가슴이 설레고 쿵쿵거리고, 그때만큼 좋을 때가 없단다. 남자는 뭐라고 하든?	N	2022-07-07 08:39:14	2022-11-08 04:08:46
BE22006873	11	0	과묵해서 말수가 적은데, 저를 보더니 활짝 웃으면서 웬일로 치마를 다 입었냐고 하더라고요. 그 남자가 옷 이야기를 꺼내 준 건 처음이라 날아갈 것 같았어요.	N	2022-07-07 08:39:14	2022-11-08 04:08:46
BE22006873	12	1	우리 공주님도 벌써 결혼할 나이가 다 되었구나, 그러고 보니. 나도 너처럼 두근거리며 차려입고 남자 만나러 나가던 일이 엊그제 같다. 그 나이가 제일 좋을 때니 마음껏 즐기렴.	N	2022-07-07 08:39:14	2022-11-08 04:08:46
BE22006873	13	0	마음껏 즐기는 나이가 따로 있나요. 제가 그러고 보니 할머니께 미처 신경을 못 써드린 것 같네요. 다음 월급날에 치마 하나 사드릴게요.	N	2022-07-07 08:39:14	2022-11-08 04:08:46
BE22006873	14	1	무슨 소리야, 할머니는 그런 거 입고 나갈 데도 없단다. 이 치마에 어울리는 예쁜 블라우스 하나 더 사서 입으렴.	N	2022-07-07 08:39:14	2022-11-08 04:08:46
BE22006873	15	0	다음 주말에 같이 쇼핑 나가요. 복고풍이 유행이라 할머니의 패션 조언이 절실하다고요. 이 치마 입은 모습을 할머니한테도 자랑할 수 있어서 기뻐요.	Y	2022-07-07 08:39:14	2022-11-08 04:08:46
