id	utterance_id	utterance_type	utterance_text	terminate	regDate	updDate
BE22011130	1	0	엄마 저 오늘 정말 뿌듯한 일 있었어요! 너무 기뻐서 날아갈 거 같아요.	N	2022-07-23 06:08:39	2022-11-08 04:35:56
BE22011130	2	1	무슨 일인지는 몰라도 우리 아들이 기쁘다니 엄마도 덩달아 기뻐지는데? 무슨 일인지 기대된다.	N	2022-07-23 06:08:39	2022-11-08 04:35:56
BE22011130	3	0	오늘 영어학원 숙제가 자기소개서 작성하는 거였거든요? 근데 처음으로 학원에서 칭찬받았어요!	N	2022-07-23 06:08:39	2022-11-08 04:35:56
BE22011130	4	1	정말? 우리 아들 요즘 영어 공부 열심히 하더니 결국 노력한 보람을 얻는구나. 엄마도 너무 기쁘고 우리 아들이 정말 대견스럽다.	N	2022-07-23 06:08:39	2022-11-08 04:35:56
BE22011130	5	0	그렇게 말해줘서 고마워요, 엄마. 아직 많이 부족하지만, 처음으로 칭찬받고 자신감이 좀 붙어서 더 마음이 편안해요.	N	2022-07-23 06:08:39	2022-11-08 04:35:56
BE22011130	6	1	왜 안 그러겠어. 영어유치원 다녔던 애들이 주변에 많아서 자꾸 비교된다고 엄마한테 고민 털어놨던 거 기억나. 혹시나 네가 그걸로 상처받을까 봐 걱정했는데 이렇게 잘하고 있는 네 모습을 보니 기특하구나.	N	2022-07-23 06:08:39	2022-11-08 04:35:56
BE22011130	7	0	저도 기억나요. 그때 사실 정말 힘들었던 고민이었는데 엄마가 열심히 노력하면 분명 따라갈 수 있을 거라고 하셨잖아요. 그 말이 정말 힘이 돼서 지금까지 노력해왔던 거 같아요. 감사해요,엄마.	N	2022-07-23 06:08:39	2022-11-08 04:35:56
BE22011130	8	1	그때 엄마는 네가 가진 잠재력을 믿고 있어서 그런 말을 할 수 있었던 거야. 우리 아들은 어렸을 때부터 뭐든 꾸준히 노력해서 이뤄냈었거든. 결코 쉬운 게 아닌데 우리 아들은 마음먹은 건 이루려고 노력하는 모습이 너무 자랑스러워.	N	2022-07-23 06:08:39	2022-11-08 04:35:56
BE22011130	9	0	저는 항상 믿어주고 응원해 주시는 엄마가 있어서 그렇게 할 수 있었어요. 그래서 저는 엄마가 더 자랑스러워요!	N	2022-07-23 06:08:39	2022-11-08 04:35:56
BE22011130	10	1	자랑스러운 엄마라고 말해줘서 정말 고마워 우리 아들. 엄마는 참 복이 많은 사람이야. 우리 천사 같은 아들이 있는 걸 보니.	N	2022-07-23 06:08:39	2022-11-08 04:35:56
BE22011130	11	0	아직 부족하지만 앞으로 더 감사하고 효도하며 살게요 엄마. 엄마가 주신 사랑은 어떤 것과도 바꿀 수 없으니까요.	N	2022-07-23 06:08:39	2022-11-08 04:35:56
BE22011130	12	1	우리 아들이 건강하게 잘 자라는 게 효도야. 엄마도 항상 우리 아들 사랑하고 응원하는 거 알지? 어떤 힘든 일이 있어도 엄마한테 얘기하면 엄마는 언제든지 들어주고 응원할 거야.	N	2022-07-23 06:08:39	2022-11-08 04:35:56
BE22011130	13	0	그럼요. 엄마가 있어서 언제나 든든해요! 항상 사랑하고 감사합니다, 엄마.	N	2022-07-23 06:08:39	2022-11-08 04:35:56
BE22011130	14	1	고마워 아들. 엄마도 우리 아들 너무너무 사랑한단다. 오늘 집에 오면 맛있는 거 해줄게. 집에서 보자, 아들.	N	2022-07-23 06:08:39	2022-11-08 04:35:56
BE22011130	15	0	정말요? 너무 기대돼요. 감사해요, 엄마!	Y	2022-07-23 06:08:39	2022-11-08 04:35:56
