id	utterance_id	utterance_type	utterance_text	terminate	regDate	updDate
BE22015615	1	0	엄마, 저희 셋째 아이는 입양하기로 했어요. 너무 기쁘고 설레서 잠도 안 와요.	N	2022-08-25 03:57:28	2022-08-25 03:57:28
BE22015615	2	1	어머나, 진짜니? 너희가 셋째를 입양하려는 마음을 먹다니 너무 대견하고 기특하다. 너희가 기쁘고 행복해할 모습을 생각하니 엄마도 행복하구나.	N	2022-08-25 03:57:28	2022-11-08 05:04:09
BE22015615	3	0	셋째 데리고 올 생각하니까 벌써 심장이 두근거려요. 얼마나 행복하고 기분이 좋은지 말로 표현을 할 수가 없어요.	N	2022-08-25 03:57:28	2022-11-08 05:04:09
BE22015615	4	1	진짜 너무 잘 됐다. 너희가 셋째 아이 가지려고 무지하게 노력했는데. 5년 동안이나 셋째가 안 생겨서 마음고생을 많이 했잖니, 말은 못 했지만, 너희가 안타까웠어.	N	2022-08-25 03:57:28	2022-11-08 05:04:10
BE22015615	5	0	네, 저희가 아이들을 많이 사랑하고 아이들을 키우면서 더 행복해지더라고요. 그래서 셋째를 가져보려고 많이 노력했는데. 쉬이 생기지 않더라고요.	N	2022-08-25 03:57:28	2022-11-08 05:04:10
BE22015615	6	1	그래, 너희가 그렇게 마음이 상하고 힘들었는데, 입양하는 걸로 마음을 먹었다고 하니. 얼마나 다행인지 모른다. 그리고 너희는 아이를 사랑으로 행복하게 키울 거야, 정말 잘했다.	N	2022-08-25 03:57:28	2022-11-08 05:04:10
BE22015615	7	0	저도 입양하기로 마음먹은 다음부터 너무 행복감이 충만하고. 사랑하는 마음이 넘쳐나서 그저 웃음만 나와요.	N	2022-08-25 03:57:28	2022-08-25 03:57:28
BE22015615	8	1	그럼 그럼, 어떤 마음일지 알 거 같아. 하늘을 둥둥 떠다니는 것처럼 기분이 좋고 신나고 흥분될 거 같아. 너희가 행복으로 가득 차 있는 모습이 눈앞에 선하구나, 정말 너무 축하하고 잘 됐다.	N	2022-08-25 03:57:28	2022-11-08 05:04:10
BE22015615	9	0	엄마 문자처럼 정말 지금 하늘을 날아다니는 거 같아요. 오랜만에 가슴이 두근거리고 떨려서 잠도 안 와요.	N	2022-08-25 03:57:28	2022-08-25 03:57:28
BE22015615	10	1	우리 아들이 너무 행복하고 기쁜 거 같구나. 네가 첫째도 둘째도 사랑으로 키우면서 아이들을 보며 행복해하는 모습을 볼 때면. 엄마도 뿌듯하고 마음이 따뜻해진단다.	N	2022-08-25 03:57:28	2022-11-08 05:04:10
BE22015615	11	0	맞아요, 엄마 말씀처럼. 첫째 둘째가 잘 자라는 모습만 봐도 삶이 만족스럽고. 제 삶의 이유를 찾은 거 같아서 웃음만 나와요.	N	2022-08-25 03:57:28	2022-08-25 03:57:28
BE22015615	12	1	그래그래, 너의 표정만 봐도 얼마나 행복하고 사랑하는 마음이 충만한 삶을 사는지 가슴 깊이 느껴진단다. 너의 행복스러운 생활을 보면 엄마가 얼마나 감사하고 고마운지. 정말 고마워서 모든 일에 감사하고 또 감사하구나, 너도 엄마처럼 모든 일에 행복할 거란다.	N	2022-08-25 03:57:28	2022-11-08 05:04:10
BE22015615	13	0	맞아요. 아이들을 키우면서 진심으로 모든 일에 감사하고 행복해요. 거기다 힘들게 셋째 아이를 입양할 생각을 하니 얼마나 행복한지 말도 못 해요.	N	2022-08-25 03:57:28	2022-11-08 05:04:10
BE22015615	14	1	그래그래, 네가 행복하다고 하니 엄마도 너무 행복하고 기쁘구나. 셋째 아이 입양해서 더욱 충만하고 서로 사랑으로 가정을 이끌어 갈 거라 믿는단다. 앞으로 너희에게 더욱 기쁘고 신나는 일들만 생겼으면 좋겠구나.	N	2022-08-25 03:57:28	2022-11-08 05:04:10
BE22015615	15	0	엄마가 기뻐해 주셔서 더 기쁨이 커지네요. 감사해요.	Y	2022-08-25 03:57:28	2022-08-25 03:57:28
