id	utterance_id	utterance_type	utterance_text	terminate	regDate	updDate
BE22010742	1	0	엄마 저 드릴 말씀이 있어요. 저한텐 정말 기쁜 소식이지만 엄마한테도 좋은 소식이었으면 좋겠어요.	N	2022-07-21 07:54:28	2022-11-08 04:33:29
BE22010742	2	1	갑자기 무슨 일이야?	N	2022-07-21 07:54:28	2022-11-08 04:33:29
BE22010742	3	0	다른 게 아니고 저 그동안 엄마 몰래 만났던 남자 친구가 있어요 그 사람이랑 결혼하고 싶어요, 엄마. 제가 정말 사랑하는 사람이에요. 그 사람만 생각하면 제 마음이 흐뭇해지고 즐거워져요.	N	2022-07-21 07:54:28	2022-11-08 04:33:29
BE22010742	4	1	우리 딸이 엄마한테 이렇게 고백하는 건 처음인데 정말 그 남자에게 푹 빠졌나 보다. 좋은 사람이니?	N	2022-07-21 07:54:28	2022-11-08 04:33:29
BE22010742	5	0	네. 이렇게 좋은 사람을 만나 너무 기뻐요. 언제나 절 배려해 주고 늘 저 먼저 생각해 주는 사람이에요. 이 사람 옆에 있으면 이 세상 무서울 게 없다는 생각이 들어요.	N	2022-07-21 07:54:28	2022-11-08 04:33:29
BE22010742	6	1	우리 딸이 이럴 정도라면 아직 만나본 적도 없지만 좋은 사람이라는 생각이 드네. 우리 딸이 고른 사람이라면 당연히 믿음직한 사람이겠지.	N	2022-07-21 07:54:28	2022-11-08 04:33:29
BE22010742	7	0	엄마도 보시면 정말 좋아하실 것 같아요. 만난 지 얼마 되지 않았지만 정말 결혼해야 할 것 같다는 생각이 들었어요. 헤어지면 너무 아쉽고 상상만 해도 저를 미소 짓게 하는 사람이에요.	N	2022-07-21 07:54:28	2022-11-08 04:33:30
BE22010742	8	1	우리 딸이 이렇게 설레하는 걸 보니 엄마도 너무 기쁘다. 신중한 우리 딸이 결혼을 생각한다니 엄마도 둘 사이를 지지해 주고 싶구나.	N	2022-07-21 07:54:28	2022-11-08 04:33:30
BE22010742	9	0	정말요? 저를 믿어주셔서 너무 감사해요, 엄마. 엄마도 만나보시면 정말 마음에 들어 하실 거예요. 응원해 주셔서 감사해요 엄마.	N	2022-07-21 07:54:28	2022-11-08 04:33:30
BE22010742	10	1	당연하지. 엄마는 우리 딸 결정을 언제나 믿어. 네가 사랑하는 사람을 만나고 결혼하기로 결정하기까지 얼마나 많이 고민을 했을지 아니까 말이야.	N	2022-07-21 07:54:28	2022-11-08 04:33:30
BE22010742	11	0	그렇게 말씀해 주셔서 감사해요, 엄마. 하지만 잘한 결정일까 조금씩 고민이 될 때도 있기는 해요.	N	2022-07-21 07:54:28	2022-11-08 04:33:30
BE22010742	12	1	인생의 중요한 결정을 하는 거니까 당연히 고민이 되지. 하지만 네가 엄마한테 말해준 것을 보면 네가 그 사람을 얼마나 사랑하는지 느껴져. 그 사랑을 토대로 선택한 일이니 잘한 선택일 거야 너무 걱정하지 마.	N	2022-07-21 07:54:28	2022-11-08 04:33:30
BE22010742	13	0	맞아요, 엄마. 저 그 사람을 정말 사랑해요. 엄마가 그렇게 말씀해 주시니 마음이 정말 안도가 돼요.	N	2022-07-21 07:54:28	2022-11-08 04:33:30
BE22010742	14	1	그나저나 너 태어나고 학교 들어간 게 엊그제 같은데 벌써 사랑하는 사람을 만나 결혼한다니. 엄마 마음이 정말 너무 기쁘네. 엄마를 기쁘게 만들어줘서 고마워 딸아.	N	2022-07-21 07:54:28	2022-11-08 04:33:30
BE22010742	15	0	엄마도 절 언제나 행복하게 만들어주시는걸요. 이제 아빠한테도 말씀드리려고요.	N	2022-07-21 07:54:28	2022-11-08 04:33:30
BE22010742	16	1	그래. 아빠도 정말 좋아하실 거야. 얼른 말씀드려라.	Y	2022-07-21 07:54:28	2022-11-08 04:33:30
