id	utterance_id	utterance_type	utterance_text	terminate	regDate	updDate
BE22001230	1	0	엄마, 저 합격했어요. 믿어지지 않아요. 제일 먼저 연락드렸어요.	N	2022-06-14 07:13:56	2022-11-08 03:32:20
BE22001230	2	1	이렇게 기쁘고 감사한 일이 또 있을까. 우리 딸 그동안 정말 수고 많았어. 우리 걱정 끼칠까 해서 말도 못하고 혼자 끙끙대며 마음고생한 것 다 알아. 사랑해.	N	2022-06-14 07:13:56	2022-11-08 03:32:20
BE22001230	3	0	사수하는 딸 뒷바라지하면서 내내 눈치 보시고 걱정해 주신 것 알아요. 어려운 형편에 최선을 다해 주신 것도 알고요. 감사해요.	N	2022-06-14 07:13:56	2022-11-08 03:32:20
BE22001230	4	1	엄마가 남들처럼 곁에서 밥도 해주고 빨래도 챙겼어야 하는데, 혼자 객지에서 다 챙기며 그 좁은 방에서 공부한 네가 안쓰러웠지.	N	2022-06-14 07:13:56	2022-11-08 03:32:20
BE22001230	5	0	아녀요. 제가 나중에 의사 되어서 돈 많이 벌어 부모님께 효도할게요.	N	2022-06-14 07:13:56	2022-11-08 03:32:20
BE22001230	6	1	너는 이미 효도 다 했어. 그 들어가기 어려운 의과대학에 도전해서 합격해 준 것만으로도 우리는 자식이 주는 기쁨을 다 누렸어.	N	2022-06-14 07:13:56	2022-11-08 03:32:20
BE22001230	7	0	이제 진짜 시작이겠지만, 지긋지긋한 입시 공부에서 해방되어 새로운 학문을 할 수 있게 되어 너무나 행복해요.	N	2022-06-14 07:13:56	2022-11-08 03:32:20
BE22001230	8	1	똑똑한 애가 시험에서 실수 줄이려고 몇 년을 같은 공부 반복해 왔으니 그런 고문이 따로 없었을 거야. 나도 네가 원하는 공부를 시작할 수 있게 되어 그것이 제일로 감사해.	N	2022-06-14 07:13:56	2022-11-08 03:32:20
BE22001230	9	0	저는 무슨 복이 있어서 이런 부모를 만났을까요? 사수하면서 깨달은 것이 많아요. 저도 고통스러웠지만, 그 긴 기간 동안 정신적, 물질적으로 지원해 주시고 있는 부모님 마음이 어떠했을지 매일 생각했어요.	N	2022-06-14 07:13:56	2022-11-08 03:32:20
BE22001230	10	1	그런 생각을 왜 해? 부모는 자식이 하겠다는 일을 돕고 지원하는 건 당연한 거야.	N	2022-06-14 07:13:56	2022-11-08 03:32:20
BE22001230	11	0	이렇게 합격하는 날이 안 올까 봐 불안하고 걱정될 때마다 부모님 사진 보면서 마음을 다잡았거든요.	N	2022-06-14 07:13:56	2022-11-08 03:32:20
BE22001230	12	1	넌 본인보다 가족을 더 생각하고 감사해할 줄 아는 속이 넓고 깊은 아이지. 그러니 결국 이렇게 경사스러운 날이 온 거야.	N	2022-06-14 07:13:56	2022-11-08 03:32:20
BE22001230	13	0	이제 주눅 안 들고 기분 좋게 친구들 만나서 술도 마시고 놀 수 있을 것 같아요.	N	2022-06-14 07:13:56	2022-11-08 03:32:20
BE22001230	14	1	그래야지. 그동안 친구를 만나도 마음 한구석 불편하고 부담스러웠을 텐데 오늘부터는 어깨 쭉 펴고, 놀 때는 마음껏 웃고 즐겨야지.	N	2022-06-14 07:13:56	2022-11-08 03:32:20
BE22001230	15	0	네, 입학하기 전까지는 정말 그동안 보고 싶고, 놀고 싶었던 것들 다 해 보려고요.	Y	2022-06-14 07:13:56	2022-11-08 03:32:20
