id	utterance_id	utterance_type	utterance_text	terminate	regDate	updDate
BE22013088	1	0	엄마 지금 아내를 위해 첫 번째 결혼기념일 선물을 검색 중이에요. 벌써 1주년이 됐다니 믿기지 않아요. 아내가 무엇이든 받고 좋아할 생각에 제 마음도 너무나 설레네요.	N	2022-08-03 14:27:34	2022-11-08 04:48:18
BE22013088	2	1	어느새 시간이 그렇게 흘렀구나. 배우자를 위해서 선물을 고르는 건 언제나 가슴 두근거리는 일이지. 네 아빠도 엄마한테 선물하는 걸 참 좋아했는데 너도 아빠를 똑 닮아서 어쩜 그렇게 자상하니.	N	2022-08-03 14:27:34	2022-11-08 04:48:18
BE22013088	3	0	제가 다 아빠한테 보고 배운 거죠. 결혼기념일에는 좋은 호텔에 가서 맛있는 저녁 식사 하기로 했어요 벌써 가슴이 콩닥거려요.	N	2022-08-03 14:27:34	2022-11-08 04:48:18
BE22013088	4	1	네가 설레하는 모습을 보니 엄마도 신혼 때가 생각나면서 가슴이 두근거리는구나. 신혼에 한창 서로를 제일 사랑할 때지, 참 좋을 때야.	N	2022-08-03 14:27:34	2022-11-08 04:48:18
BE22013088	5	0	아내도 절 언제나 항상 사랑해 주고 위해줘요. 이렇게 좋은 사람을 만날 수 있었음에 하루하루가 너무 감사해요. 이런 게 바로 사랑이구나 매일 느껴요.	N	2022-08-03 14:27:34	2022-11-08 04:48:18
BE22013088	6	1	네가 네 아내에게 베푸는 만큼 네게도 되돌려 주고 싶은 마음이겠지. 서로 정말 잘 만난 것 같아 엄마도 마음이 너무 뿌듯해. 얼마나 보기 좋은지 가끔 너희를 보고 있으면 입가에 미소가 자연스럽게 생긴다니까.	N	2022-08-03 14:27:34	2022-11-08 04:48:19
BE22013088	7	0	그렇게 말씀해 주셔서 감사해요. 엄마 아빠가 저에게 보여주신 사랑을 그대로 제 아내와 느끼고 있는 것 같아 너무 행복해요. 아내와 평생을 이렇게 행복하게 살아갈 생각에 미래가 정말 기대되기도 해요.	N	2022-08-03 14:27:34	2022-11-08 04:48:19
BE22013088	8	1	배우자와 상상 속에서 그리는 미래가 아름다운 것보다 좋은 건 없지. 그렇게 잘 맞기도 쉽지 않은데 너넨 정말 하늘에서 맺어준 인연 같다니까. 그나저나 결혼기념일 선물을 무엇으로 할 생각이니?	N	2022-08-03 14:27:34	2022-11-08 04:48:19
BE22013088	9	0	안 그래도 엄마한테 여쭤보려던 참이었어요. 어떤 것이 좋을까요? 아내가 받고 기뻐할 모습을 자꾸 상상하며 웃게 돼요.	N	2022-08-03 14:27:34	2022-11-08 04:48:19
BE22013088	10	1	꽃다발과 함께 진심이 담긴 편지를 주는 것은 어떨까? 넌 감성적이라 글을 잘 쓰잖아, 그 글솜씨로 쓴 편지라면 며느리도 너무 행복해할 거야. 엄마도 네 편지 받고 감동해서 많이 울었었는데, 며느리는 더욱 좋아할 거 같아.	N	2022-08-03 14:27:34	2022-11-08 04:48:19
BE22013088	11	0	정말 좋은 생각이에요. 오히려 너무 물질적인 것보다 제 장점을 살린 편지가 좋을 것 같네요. 조언해 주셔서 감사해요.	N	2022-08-03 14:27:34	2022-11-08 04:48:19
BE22013088	12	1	네가 고른 선물이라면 우리 며느리는 다 좋아하겠지. 네가 한번 잘 생각해 보는 것도 좋을 것 같네, 네가 엄마보다 안목이 훨씬 좋잖니.	N	2022-08-03 14:27:34	2022-11-08 04:48:19
BE22013088	13	0	엄마가 이렇게 항상 저를 칭찬해 주셔서 제가 자존감이 높은 것 같아요. 아내도 저의 그런 면이 너무 좋대요.	N	2022-08-03 14:27:34	2022-11-08 04:48:19
BE22013088	14	1	우리 아들은 칭찬을 아무리 해도 모자란걸. 엄마는 우리 아들이 행복하게 사는 모습 보여줘서 정말 고마워, 며느리한테도 항상 감사하고. 늘 그렇게 살기를 엄마가 항상 기도하고 있어.	N	2022-08-03 14:27:34	2022-11-08 04:48:19
BE22013088	15	0	응원해 주셔서 감사해요, 엄마. 오늘 엄마 덕분에 제 기쁨이 두 배가 된 것 같아요. 조언도 해주시고 칭찬도 해주시고 말이에요 하하하.	N	2022-08-03 14:27:34	2022-11-08 04:48:19
BE22013088	16	1	그렇다고 하니 엄마도 행복하네.	Y	2022-08-03 14:27:34	2022-11-08 04:48:19
