id	utterance_id	utterance_type	utterance_text	terminate	regDate	updDate
BE22000536	1	0	엄마, 저 곧 취직하게 될 거 같아요.	N	2022-06-13 04:29:59	2022-11-08 03:27:45
BE22000536	2	1	뭐라고? 아이고, 너무 좋은 소식이구나. 우리 딸 장하다.	N	2022-06-13 04:29:59	2022-11-08 03:27:45
BE22000536	3	0	저번에 말씀드렸던 대학교 단짝 친구 있잖아요? 그 친구가 일자리를 소개해줬지 뭐예요.	N	2022-06-13 04:29:59	2022-11-08 03:27:45
BE22000536	4	1	정말 고마운 친구구나. 이래서 사람을 잘 사귀어야 하는 거지. 그래, 어떤 회사니?	N	2022-06-13 04:29:59	2022-11-08 03:27:45
BE22000536	5	0	그 친구가 일하던 곳인데 수출업을 하는 회사예요. 연봉도 괜찮고 복지가 참 좋다네요. 벌써 사장님을 뵙고 왔어요.	N	2022-06-13 04:29:59	2022-11-08 03:27:45
BE22000536	6	1	그럼 정말 확정이 아니니. 엄마 지금 너무 좋아서 눈물이 다 나려고 한다. 우리 딸 그간 취직 준비로 힘들었는데 이렇게 일이 풀리다니 정말 너무 기쁘구나.	N	2022-06-13 04:29:59	2022-11-08 03:27:45
BE22000536	7	0	네, 저도 너무 좋아요. 친구가 사실 결혼을 해서 이민을 갈 생각인가 봐요. 그래서 자기 후임으로 절 추천했다는데 너무 고마운 거 있죠.	N	2022-06-13 04:29:59	2022-11-08 03:27:45
BE22000536	8	1	그래, 아무리 일을 그만둔다지만 자기가 일했던 곳에 사람을 추천하기가 어려운 일이잖니. 그 친구가 아주 고마운 일을 해줬구나. 널 생각하는 마음이 참 깊다.	N	2022-06-13 04:29:59	2022-11-08 03:27:45
BE22000536	9	0	그러니까요. 다른 것도 아니고 직장을 알선해줬다는 게 너무 고마워요. 사장님께 말도 아주 잘해줬거든요.	N	2022-06-13 04:29:59	2022-11-08 03:27:45
BE22000536	10	1	그 친구의 마음도 참 곱지만 그래도 네가 그간 그 친구한테 좋은 모습을 보여서 알선까지 해준 게 아니겠니. 엄마는 밖에서도 우리 딸이 다른 사람에게 좋은 평판을 얻고 다니는 게 참 기특하구나.	N	2022-06-13 04:29:59	2022-11-08 03:27:45
BE22000536	11	0	엄마도 참. 제가 그렇게 잘한 것도 없어요. 친구가 특별히 신경을 써준 거죠.	N	2022-06-13 04:29:59	2022-11-08 03:27:45
BE22000536	12	1	그 친구도 너니까 소개할 수 있던 거겠지. 그동안 고생이 얼마나 많았니. 네가 밤낮없이 취직 준비로 열심히 했다는 거 엄마가 다 안다, 우리 딸 너무 고맙다.	N	2022-06-13 04:29:59	2022-11-08 03:27:45
BE22000536	13	0	앞으로 회사에 가면 친구한테 폐 안 끼치게 열심히 해보려고요. 엄마 좋은 말씀 고마워요. 아, 정말 날아갈 것 같아요.	N	2022-06-13 04:29:59	2022-11-08 03:27:45
BE22000536	14	1	당연하지. 취업난으로 심각할 때 직장을 얻었으니 얼마나 좋겠니. 다시 한번 축하한다, 우리 딸!	N	2022-06-13 04:29:59	2022-11-08 03:27:45
BE22000536	15	0	하하, 엄마 축하 고마워요. 이따 집에 들어가서 또 이야기해요.	Y	2022-06-13 04:29:59	2022-11-08 03:27:45
