id	utterance_id	utterance_type	utterance_text	terminate	regDate	updDate
BE22006574	1	0	엄마. 한국에서 잘 지내고 있어? 나 사실은 남자 친구가 생겼어!	N	2022-07-06 08:38:04	2022-11-08 04:06:44
BE22006574	2	1	유학길에 남자 친구까지 사귀다니 우리 딸이 역시 능력까지 있네. 언제부터 만나기 시작했는데?	N	2022-07-06 08:38:04	2022-11-08 04:06:44
BE22006574	3	0	세 달 전부터 본격적으로 만나기 시작했어. 같은 학과에서 공부하는 사람이고, 외국인이야. 엄청 잘해줘!	N	2022-07-06 08:38:04	2022-11-08 04:06:44
BE22006574	4	1	외국 사람이라서 서로 입맛이나 문화가 안 맞을 수도 있는데, 그런 부분은 괜찮아?	N	2022-07-06 08:38:04	2022-11-08 04:06:44
BE22006574	5	0	남자 친구도 나도 서로 안 맞는 부분이 있어서 초반에는 티격태격했어. 그래도 서로 맞출 부분은 맞춰나가고, 다른 부분은 존중해주면서 만나고 있어.	N	2022-07-06 08:38:04	2022-11-08 04:06:44
BE22006574	6	1	우리 딸이 엄청나게 좋아하나 보네. 여기까지 기분 좋은 우리 딸의 모습이 그려져. 엄마도 덩달아 기분이 좋아진다.	N	2022-07-06 08:38:04	2022-11-08 04:06:44
BE22006574	7	0	아는 사람 하나 없는 타지에서 시작한 만남이라 섣불리 다가가기 어려웠거든. 그런데 이렇게까지 취향이 잘 맞는 사람을 만나본 적이 없어. 내가 지금까지 만났던 사람 중에서도 제일 좋아.	N	2022-07-06 08:38:04	2022-11-08 04:06:44
BE22006574	8	1	우리 딸이 보는 눈이 높아서 좋은 사람을 만나고 있을 거라고 믿고 있어. 그래도 당장 엄마가 옆에 없을 때 혹시나 상처받게 되면 누가 위로해주려나 걱정된다. 엄마 마음 알지?	N	2022-07-06 08:38:04	2022-11-08 04:06:44
BE22006574	9	0	당연히 엄마 마음 잘 알지. 나는 지금 만나고 있는 남자 친구와 가능하면 오래 갔으면 좋겠고 더 큰 미래도 그리려 해. 그 정도로 나에게 믿음을 주고 있는 사람이야.	N	2022-07-06 08:38:04	2022-11-08 04:06:44
BE22006574	10	1	우리 딸의 멋진 모습을 보니, 엄마도 안심할 수 있겠다. 언제 우리 딸이 이렇게 커버렸지?	N	2022-07-06 08:38:04	2022-11-08 04:06:44
BE22006574	11	0	진작에 어른이었는데, 엄마 아빠한테는 더 아기같이 굴고 있었지. 나는 엄마 아빠만의 평생 아기잖아.	N	2022-07-06 08:38:04	2022-11-08 04:06:44
BE22006574	12	1	우리 딸이 한국에 있을 때, 집에 돌아오자마자 안아주던 그때가 벌써 그리워. 그래도 지금의 네 당당한 모습이 엄마 아빠는 더 자랑스럽고 멋지게 느껴져.	N	2022-07-06 08:38:04	2022-11-08 04:06:44
BE22006574	13	0	다음 방학 때 안아드리러 갈게요. 남자 친구와 같이 한국에 가기로 했어.	N	2022-07-06 08:38:04	2022-11-08 04:06:44
BE22006574	14	1	정말? 그날이 벌써 기대된다. 엄마도 어쩔 수 없는 딸바보인가 봐.	N	2022-07-06 08:38:04	2022-11-08 04:06:45
BE22006574	15	0	나도 엄마 아빠 볼 날만을 그리고 있어. 빨리 방학했으면 좋겠다. 그동안 남자 친구랑도 잘 지내고 있을게!	N	2022-07-06 08:38:04	2022-11-08 04:06:45
BE22006574	16	1	엄마도 우리 딸이 사랑하는 사람과 한국으로 올 때만을 기다리고 있을게. 그때까지 한국에서 응원하고 있을게. 파이팅!	Y	2022-07-06 08:38:04	2022-11-08 04:06:45
