id	utterance_id	utterance_type	utterance_text	terminate	regDate	updDate
BE22012557	1	0	할머니 제가 이번 봄방학에 영어 연수로 샌프란시스코에 가게 되었어요. 정말 좋은 기회를 잡은 것 같아서 너무 기쁘고 신나서 다른 일이 손에 안 잡혀요.	N	2022-07-31 11:34:46	2022-11-08 04:44:59
BE22012557	2	1	어머 그게 정말이니? 우리 손녀 장하다. 영어를 더 잘 배울 좋은 기회구나.	N	2022-07-31 11:34:46	2022-11-08 04:44:59
BE22012557	3	0	그러니까요. 정말 설레고 두근거려요. 남들은 돈 주고 간다는데 저는 학교에서 뽑혀서 가서 쓸 경비를 제외하고는 걱정이 없어요. 소중한 기회이니만큼 열심히 배우고 오려고요.	N	2022-07-31 11:34:46	2022-11-08 04:44:59
BE22012557	4	1	우리 손녀가 얼마나 똑똑하고 모범적이면 학교에서 공짜로 보내주겠어. 이 할미는 우리 손녀가 너무나도 자랑스럽고 기특하구나. 게다가 뭐든지 열심히 하려는 모습이 예쁘고 멋있구나.	N	2022-07-31 11:34:46	2022-11-08 04:44:59
BE22012557	5	0	제가 이렇게 똑 부러지게 자란 건 다 할머니가 가르침을 주신 덕분이죠. 헤헤 그래도 그렇게 말씀해 주시니 더 기쁘고 행복해요. 아빠는 제가 혼자 가는 건 위험하다 하시고 괜히 방학을 낭비하고 오는 것 아니냐고 그러셨거든요.	N	2022-07-31 11:34:46	2022-11-08 04:44:59
BE22012557	6	1	신난 네 마음에 아빠가 훼방을 놓아서 네 마음이 불편했겠구나, 허허. 너희 아빠가 말하는 방식은 이해하렴. 널 혼자 타지에 보내는 게 걱정되는데 그 표현을 제대로 못 해서 그러는 거니까.	N	2022-07-31 11:34:46	2022-11-08 04:44:59
BE22012557	7	0	알죠. 우리 아빠가 절 걱정해서 하신 말씀이란 걸 다 알아요. 아직 절 아기로 보시거든요. 그렇지만 결국에는 잘 갔다 오라고 허락해 주셔서 기뻤어요.	N	2022-07-31 11:34:46	2022-11-08 04:44:59
BE22012557	8	1	원래 자식이란 언제나 부모한테 아기같이 느껴지지. 물가에 내놓은 어린애같이 걱정될 거야. 그래도 이 할미는 우리 손녀가 어디에 내놔도 잘할 게 안 봐도 보인단다.	N	2022-07-31 11:34:46	2022-11-08 04:44:59
BE22012557	9	0	언제나 저를 믿고 지지해 주시는 할머니가 있어서 행복해요. 할머니 덕분에 제가 이렇게 독립적이고 확신 있는 아이로 자랄 수 있었던 것 같아요.	N	2022-07-31 11:34:46	2022-11-08 04:44:59
BE22012557	10	1	나도 우리 손녀가 있어서 참 행복하단다. 해외에 가게 되는 건 너무 축하할 일이지만 한 편으로는 서운해서 어떡하니. 방학이면 항상 이 할미 집에 놀러 와서 며칠씩 있다 가곤 했는데 이번 봄에는 쓸쓸하겠구나.	N	2022-07-31 11:34:46	2022-11-08 04:44:59
BE22012557	11	0	그러게요. 저 정말 할머니가 너무너무 그립고 보고 싶을 거예요. 그 대신 제가 갔다 온 주말에 꼭 갈 테니 서운해하지 마세요. 우리 할머니 기념 선물도 사 갈 거니까 기다리고 계세요.	N	2022-07-31 11:34:46	2022-11-08 04:44:59
BE22012557	12	1	선물은 무슨 그냥 빈손으로 오려무나. 네가 건강하게 무사히 다녀오는 게 나에게 선물이란다. 우리 손녀가 아무 탈 없이 다녀올 수 있도록 기도하면서 기다릴게.	N	2022-07-31 11:34:46	2022-11-08 04:44:59
BE22012557	13	0	그렇게 말씀하시면 저 감동해서 눈물 나요. 꼭 건강하고 무사히 잘 다녀올게요. 걱정하지 마세요.	N	2022-07-31 11:34:46	2022-11-08 04:44:59
BE22012557	14	1	가뜩이나 똘똘한데 더 멋진 사람이 되어서 돌아오겠구나. 무엇이든지 배우는 걸 좋아하는 네가 정말 자랑스러워. 이번에 더 넓은 세상을 경험하고 많은 추억과 견문을 쌓아 오렴.	N	2022-07-31 11:34:46	2022-11-08 04:44:59
BE22012557	15	0	이렇게 말씀해 주시니 행복한 마음으로 잘 다녀올 수 있을 것 같아요. 항상 제 기분이 사르르 녹아버릴 정도로 달콤하게 얘기해 주셔서 할머니가 너무 좋아요. 잘 갔다 올게요.	Y	2022-07-31 11:34:46	2022-11-08 04:44:59
