id	utterance_id	utterance_type	utterance_text	terminate	regDate	updDate
BE22016261	1	0	엄마, 나 정말 좋은 일 있어요. 엄마한테 가장 먼저 전해주고 싶어서 이렇게 연락드려요. 엄마가 들으시면 분명 까무러치게 좋아하실 거예요.	N	2022-08-29 11:41:23	2022-08-29 11:41:23
BE22016261	2	1	우리 아들, 무슨 좋은 일이니? 혹시 너 고등학교 합격 발표 나온 거니?	N	2022-08-29 11:41:23	2022-11-08 05:08:13
BE22016261	3	0	오늘 버스를 타고 가고 있는데 담임선생님께서 전화하셨는데 잘 안 들려서 바로 버스에서 내렸어요. 글쎄 제가 특목고에 합격했다는 소식을 알려주시려 전화하신 것이더라고요. 정말 기뻐서 현실인지 믿기지 않아 그 자리에 얼어붙어 있었다니까요. 너무 좋았어요.	N	2022-08-29 11:41:23	2022-11-08 05:08:13
BE22016261	4	1	우리 아들, 어쩜 좋아. 드디어 특목고에 합격 소식을 받았다니 정말 우리 아들 얼마나 행복했을까. 너무나도 축하해. 우리 아들이 아주 입이 귀에 걸렸겠는걸.	N	2022-08-29 11:41:23	2022-11-08 05:08:13
BE22016261	5	0	선생님도 정말 기쁜 목소리셨어요. 그 소식을 듣는데 그 자리에서 눈물이 날 정도로 너무 행복했어요. 오늘 하루는 너무 기뻐서 아무것도 못 할 것 같은 날이에요.	N	2022-08-29 11:41:23	2022-08-29 11:41:23
BE22016261	6	1	우리 아들이 노력하고, 시간을 들인 만큼 얼마나 값진 행복이겠어. 우리 아들은 그 행복을 누릴 자격이 된단다. 아들이 정말 기분 좋고 행복하겠다. 정말이지 잘했어.	N	2022-08-29 11:41:23	2022-11-08 05:08:13
BE22016261	7	0	감사해요, 엄마. 엄마가 많이 도와주신 덕분이죠. 지금 동네방네 자랑하고 싶은 마음에 선생님께 합격증도 이미지로 받아 두었어요. 저 이제 정말 고등학교 입시가 성공적으로 끝났다는 생각에 너무 행복해요.	N	2022-08-29 11:41:23	2022-08-29 11:41:23
BE22016261	8	1	우리 아들이 특목고 입시 때문에 매일 밤늦게까지 공부하고 그랬었잖아. 우리 아들의 엄청난 정신력과 성실함으로 이뤄낸 결과란다. 오늘 엄마는 우리 아들이 정말이지 너무나도 자랑스러워. 정말 잘했다.	N	2022-08-29 11:41:23	2022-11-08 05:08:13
BE22016261	9	0	그렇게 말해주셔서 감사해요. 제가 들인 노력을 보상받는 기분이라 정말 행복하네요. 하루빨리 특목고 입학식을 하고 싶은 마음이에요.	N	2022-08-29 11:41:23	2022-11-08 05:08:13
BE22016261	10	1	오늘 우리 아들이 얼마나 행복하겠어. 엄마도 덩달아 기분이 좋고 뿌듯하단다. 우리 아들은 분명 훌륭한 고등학생으로 성장할 거야.	N	2022-08-29 11:41:23	2022-11-08 05:08:13
BE22016261	11	0	빨리 이 소식을 아빠한테도 전달해야겠죠? 아빠도 분명 좋아하실 거예요.	N	2022-08-29 11:41:23	2022-08-29 11:41:23
BE22016261	12	1	아빠는 회사 책상을 박차고 나오실지도 몰라. 너희 아빠가 티는 안 냈지만 얼마나 너의 소식을 기다렸는데. 어서 아빠에게도 이 좋은 소식을 전달해 드리렴.	N	2022-08-29 11:41:23	2022-11-08 05:08:13
BE22016261	13	0	그래야겠어요. 오늘 정말 행복하고 기쁜 날이니만큼 저도 집에 일찍 들어갈게요. 아, 아직도 믿기지 않네요.	N	2022-08-29 11:41:23	2022-11-08 05:08:13
BE22016261	14	1	엄마가 오늘 우리 아들 축하 파티를 위해서 지금 당장 마트에 다녀와야겠어. 아주 근사한 저녁을 준비해둘 테니 조심히 오너라, 우리 아들.	N	2022-08-29 11:41:23	2022-11-08 05:08:13
BE22016261	15	0	감사해요, 엄마! 얼른 서둘러 가야겠어요!	Y	2022-08-29 11:41:23	2022-11-08 05:08:13
