id	utterance_id	utterance_type	utterance_text	terminate	regDate	updDate
BE22005337	1	0	엄마, 저 패러글라이딩했어요!	N	2022-06-30 04:23:43	2022-11-08 03:58:47
BE22005337	2	1	정말? 못할 것 같다고 잔뜩 겁먹고 가길래 걱정했는데!	N	2022-06-30 04:23:43	2022-11-08 03:58:47
BE22005337	3	0	단양 패러글라이딩 장에 도착하니까 초등학생들도 뛰는 게 보이더라고요. 애들도 하는 거 보니까 왠지 오기가 생겨서 뛰었어요.	N	2022-06-30 04:23:43	2022-11-08 03:58:47
BE22005337	4	1	우리 딸 승부욕은 알아줘야 한다니까. 두려움을 극복하고 당당히 성공했네. 엄마라면 못했을 것 같은데 정말 대단하다.	N	2022-06-30 04:23:43	2022-11-08 03:58:47
BE22005337	5	0	막상 뛰어보니까 별거 아니더라고요. 앞으로 무슨 일이든 해보지 않고 포기하는 건 안 해야겠어요.	N	2022-06-30 04:23:43	2022-11-08 03:58:47
BE22005337	6	1	항상 아기 같았는데 언제 이렇게 씩씩하고 도전적인 사람으로 성장했을까? 우리 딸이 멋있는 사람으로 자라는 것 같아서 엄마 마음이 벅차다.	N	2022-06-30 04:23:43	2022-11-08 03:58:47
BE22005337	7	0	정말요? 용기 낸 보람이 있네요. 뛰어내리니까 답답했던 속이 뻥 뚫리는 기분이에요.	N	2022-06-30 04:23:43	2022-11-08 03:58:47
BE22005337	8	1	네가 그동안 시험 준비한다고 고생을 많이 했잖니. 완벽하게 기분전환을 한 것 같아서 엄마도 기쁘다.	N	2022-06-30 04:23:43	2022-11-08 03:58:47
BE22005337	9	0	시험 준비한다고 예민하게 굴어서 엄마도 힘드셨을 텐데, 다음엔 꼭 엄마랑 같이 오고 싶어요. 정말 흥분되는 경험이거든요.	N	2022-06-30 04:23:43	2022-11-08 03:58:47
BE22005337	10	1	너에게 아주 강렬한 경험이었나 보구나. 네가 이렇게 추천하니까 엄마도 기대가 되는걸?	N	2022-06-30 04:23:43	2022-11-08 03:58:47
BE22005337	11	0	비행기처럼 무언가 안에 있는 게 아니라, 맨몸으로 하늘을 나는 기분은 특별한 것 같아요. 너무 재밌어요!	N	2022-06-30 04:23:43	2022-11-08 03:58:47
BE22005337	12	1	와 정말 자유로운 기분이었을 것 같아. 상공을 날고 있는 너를 상상하니까 너무 멋지다. 엄마도 궁금해!	N	2022-06-30 04:23:43	2022-11-08 03:58:47
BE22005337	13	0	저도 저에게 이런 면이 있는지 몰랐는데, 발견해서 좋아요. 엄마가 대단하다고 칭찬도 해주시니까 기분이 날아갈 것 같아요.	N	2022-06-30 04:23:43	2022-11-08 03:58:47
BE22005337	14	1	이렇게까지 즐거워하는 모습을 오랜만에 봐서 엄마도 좋아. 다음에 꼭 같이 가자.	Y	2022-06-30 04:23:43	2022-11-08 03:58:47
