id	utterance_id	utterance_type	utterance_text	terminate	regDate	updDate
BE22003877	1	0	딸, 엄마 이번에 시니어 철인 3종 경기에 나가려고 접수했어.	N	2022-06-26 11:35:55	2022-11-08 03:49:22
BE22003877	2	1	우와, 엄마! 어떻게 그런 생각을 하셨어요. 정말 대단한 도전이에요!	N	2022-06-26 11:35:55	2022-11-08 03:49:23
BE22003877	3	0	그렇지? 네 권유대로 스트레칭하고 근력운동을 하니 몸이 정말 좋아졌지 뭐야.	N	2022-06-26 11:35:55	2022-11-08 03:49:23
BE22003877	4	1	역시 저는 엄마가 제 조언을 진지하게 들어주실 줄 알았다니까요. 허리 아파서 고생하시니까 추천을 한 건데 이렇게 잘 해주실 줄 몰랐어요.	N	2022-06-26 11:35:55	2022-11-08 03:49:23
BE22003877	5	0	하하, 우리 딸이 엄마 아플까봐 그렇게 걱정하는데 노력은 해야 하지 않겠니? 근력 향상이 되니까 피곤도 덜하고 아주 컨디션이 좋아.	N	2022-06-26 11:35:55	2022-11-08 03:49:23
BE22003877	6	1	당연히 그럴 거예요. 사람은 나이가 들수록 근력이 필수니까요. 이렇게 몸이 만들어지기까지 엄마가 얼마나 노력을 하셨을까요!	N	2022-06-26 11:35:55	2022-11-08 03:49:23
BE22003877	7	0	처음에는 힘들었는데 하다보니 재미가 붙더구나. 이제는 스트레칭과 근력운동을 안 하면 몸이 근질근질할 지경이야.	N	2022-06-26 11:35:55	2022-11-08 03:49:23
BE22003877	8	1	좋은 중독이에요. 운동이 한 번 재미가 붙으면 그렇게 놀라울 정도로 사람을 변화시킨다니까요. 너무 자랑스러워요, 엄마.	N	2022-06-26 11:35:55	2022-11-08 03:49:23
BE22003877	9	0	좋은 생활 습관을 계속해서 추천해준 네 덕분이지. 엄마가 딸한테 고마운 게 많다.	N	2022-06-26 11:35:55	2022-11-08 03:49:23
BE22003877	10	1	아니에요. 추천한다고 모두가 다 하는 건 아니죠. 엄마가 언제나 다른 사람 말을 경청하는 분이니까 좋은 변화가 생긴 거예요. 정말 기뻐요.	N	2022-06-26 11:35:55	2022-11-08 03:49:23
BE22003877	11	0	나도 이런 변화가 스스로 참 기쁘고 만족스럽구나. 젊었을 때보다 훨씬 젊게 느껴져.	N	2022-06-26 11:35:55	2022-11-08 03:49:23
BE22003877	12	1	젊음은 마음가짐에서 나오는 거래요. 마음이 젊으면 그게 젊은 사람인 거예요. 그렇게 따지면 우리 엄마는 저보다 더 젊으시겠는걸요?	N	2022-06-26 11:35:55	2022-11-08 03:49:23
BE22003877	13	0	하하, 얘는 농담도. 아무튼 계속 근력 향상을 위한 준비 잘해서 경기에 잘 나갔다 오마.	N	2022-06-26 11:35:55	2022-11-08 03:49:23
BE22003877	14	1	네, 엄마. 너무 존경스러워요. 뭐든 자식의 본보기가 되어주셔서 감사하고요. 잘하실 수 있을 거예요. 힘내시는 거예요!	N	2022-06-26 11:35:55	2022-11-08 03:49:23
BE22003877	15	0	그래, 우리 딸. 고맙다. 사랑한다.	N	2022-06-26 11:35:55	2022-11-08 03:49:23
BE22003877	16	1	네, 엄마. 저도 너무 사랑해요. 또 연락드릴게요.	Y	2022-06-26 11:35:55	2022-11-08 03:49:23
