id	utterance_id	utterance_type	utterance_text	terminate	regDate	updDate
BE22004328	1	0	아버지 여기 알려주셔서 정말 감사드려요.	N	2022-06-27 14:22:24	2022-11-08 03:52:14
BE22004328	2	1	그래 여자 친구가 좋다고 해?	N	2022-06-27 14:22:24	2022-11-08 03:52:14
BE22004328	3	0	여기 재미있는 곳이라고 좋아했어요. 시장 구경하면서 제가 여자 친구 옷도 사주었어요.	N	2022-06-27 14:22:24	2022-11-08 03:52:14
BE22004328	4	1	잘했다. 여자 친구가 기뻐했겠네. 역시 우리 아들은 다른 사람을 기쁘게 해줄 줄 알아. 멋지구나.	N	2022-06-27 14:22:24	2022-11-08 03:52:14
BE22004328	5	0	그렇게 말씀해 주시니 감사해요.	N	2022-06-27 14:22:24	2022-11-08 03:52:14
BE22004328	6	1	이제 내가 알려준 그 가게로 가봐라.	N	2022-06-27 14:22:24	2022-11-08 03:52:14
BE22004328	7	0	이제 도착했어요. 여기 맛집인가봐요? 손님이 많아요.	N	2022-06-27 14:22:24	2022-11-08 03:52:14
BE22004328	8	1	내가 자주 갔던 가게인데 광장시장 맛집으로 유명해서 너한테 알려준 거야.	N	2022-06-27 14:22:24	2022-11-08 03:52:14
BE22004328	9	0	말씀하신 대로 빈대떡과 막걸리를 주문했어요.	N	2022-06-27 14:22:24	2022-11-08 03:52:14
BE22004328	10	1	잘했구나. 그리고 여자 친구가 먹고 싶은 거 추가로 주문하면 좋을 거 같아.	N	2022-06-27 14:22:24	2022-11-08 03:52:14
BE22004328	11	0	좋은 생각이네요. 여자 친구가 좋아할 거 같아요.	N	2022-06-27 14:22:24	2022-11-08 03:52:14
BE22004328	12	1	네가 배려를 많이 해야 좋은 관계 오래 유지할 수 있어.	N	2022-06-27 14:22:24	2022-11-08 03:52:14
BE22004328	13	0	네, 알겠습니다. 여자 친구가 어떻게 이런 재미있는 곳을 알게 됐느냐고 저 칭찬해줬어요. 다 아버지 덕분이에요. 정말 감사드려요.	N	2022-06-27 14:22:24	2022-11-08 03:52:14
BE22004328	14	1	오히려 내가 고맙다. 신세대 데이트 장소를 구세대에게 물어봐 줘서. 여자 친구와 즐거운 시간 보내는 방법을 아는 남자로 자라서 더 고맙고.	N	2022-06-27 14:22:24	2022-11-08 03:52:14
BE22004328	15	0	어머니께 잘하시는 아버지께 배운 거예요. 그 점도 감사드려요. 오늘 데이트는 아버지 덕분에 즐거움이 두 배인 거 같아요. 감사해요.	Y	2022-06-27 14:22:24	2022-11-08 03:52:14
