id	utterance_id	utterance_type	utterance_text	terminate	regDate	updDate
BE22012601	1	0	오늘 김치전을 부쳤는데, 아주 맛있게 돼서 정말 기뻐. 저녁에 와서 좀 가지고 갈래?	N	2022-08-01 01:49:25	2022-11-08 04:45:15
BE22012601	2	1	와 엄마표 김치전이라니 벌써 군침이 도는데요? 저녁에 갈게요. 그런데 무슨 일로 김치전을 다 부치셨어요?	N	2022-08-01 01:49:25	2022-11-08 04:45:15
BE22012601	3	0	사실은 내가 얼마 전에 앞집에 신세를 졌지 뭐니. 더운 날 냉동식품을 주문하고 오랜 시간 외출을 해버린 거야. 그때 앞집에 전화로 부탁해서 맡아 주셨는데 얼마나 미안하고 감사하던지 좋은 이웃을 만나 기뻐.	N	2022-08-01 01:49:25	2022-11-08 04:45:15
BE22012601	4	1	정말 감사한 분이네요, 엄마가 기분이 좋아 보여서 저도 덩달아 기분이 좋아요. 부탁을 거절하지 않고 흔쾌히 들어준 이웃에게 정말 고마운 마음이 들었을 것 같아요. 그래서 나누어 주려고 김치전을 부치신 거예요?	N	2022-08-01 01:49:25	2022-11-08 04:45:15
BE22012601	5	0	그래 마침 비도 오고 해서 김치전을 부쳤는데 너무 맛있게 된 거야. 지난번 일이 고맙기도 하고 혼자 사시는데 이것저것 해 드시기 힘들 테니 겸사겸사 나누어 드렸지. 내가 잘하는 음식을 나누니 기쁨이 배가 되는 것 같아.	N	2022-08-01 01:49:25	2022-11-08 04:45:15
BE22012601	6	1	엄마는 늘 맛있는 음식을 해서 나눠드리는 것을 행복으로 여기시는 분이니 더없이 기쁘시겠어요. 이웃 간에 서로 필요할 때 도움도 주고 맛있는 음식도 나누어 먹으니 얼마나 좋아요. 이래서 가까운 이웃이 먼 친척보다 낫다고 하나 봐요. 정말 잘하셨어요.	N	2022-08-01 01:49:25	2022-11-08 04:45:15
BE22012601	7	0	나도 네 아버지 돌아가시고 적적했는데 가끔 말동무도 돼주는 친구가 생긴 것 같아 기분이 좋아. 오늘 김치전 드리면서 대화도 많이 했는데 말이 잘 통하더라고.	N	2022-08-01 01:49:25	2022-11-08 04:45:15
BE22012601	8	1	엄마가 신나서 말씀하시는 거 보니 저도 덩달아 웃음이 나오는데요? 가까운데 살면서도 제가 잘 챙겨드리지 못해 늘 죄송했는데 좋은 말동무가 생겨서 제가 다 기쁘네요.	N	2022-08-01 01:49:25	2022-11-08 04:45:15
BE22012601	9	0	오늘 내가 한 김치전이 너무 맛있었다고 장사해도 되겠다고 하시더라? 내가 맛있게 만든 요리를 이웃과 나누고 칭찬도 들으니 어깨가 으쓱해졌어. 얼마나 기분이 좋던지 칭찬을 겸손하게 받아들이지 못하고 웃어버렸지 뭐니?	N	2022-08-01 01:49:25	2022-11-08 04:45:15
BE22012601	10	1	하하, 엄마표 김치전은 제가 먹어본 중 최고인걸요? 자부심을 가져도 충분해요. 이웃끼리 얼굴도 모르고 지내는 사람들이 허다한데 이렇게 잘 지내는 모습이 너무 보기 좋아요.	N	2022-08-01 01:49:25	2022-11-08 04:45:15
BE22012601	11	0	아니 글쎄 김치전 맛있게 잘 먹었다고 빈 그릇을 돌려주면서 과일을 또 사 오신 거야. 어찌나 정이 많은지 정말 좋은 사람 같아. 이렇게 인연이 되어 앞으로도 서로에게 좋은 이웃이 될 수 있을 것 같아 정말 기쁘단다.	N	2022-08-01 01:49:25	2022-11-08 04:45:15
BE22012601	12	1	제가 보기에도 정말 좋으신 분 같아서 기분이 좋네요. 정 많고 따뜻한 모습이 꼭 엄마 모습을 보는 것 같거든요. 모처럼 마음 통하는 이웃을 만났으니 지금처럼 잘 지내시면 더없이 좋을 것 같아요.	N	2022-08-01 01:49:25	2022-11-08 04:45:16
BE22012601	13	0	호호, 그러니? 안 그래도 내일 차 한잔하기로 했단다. 나보고 음식 솜씨가 예사롭지 않다고 나중에 김치전 어떻게 만드는지 꼭 알려달라는 거 있지? 어찌나 뿌듯하고 기분이 좋던지.	N	2022-08-01 01:49:25	2022-11-08 04:45:16
BE22012601	14	1	정말 잘 됐어요, 엄마 어깨가 한껏 더 올라갔겠는데요? 엄마 음식 솜씨는 따라올 자가 없을 정도로 훌륭하니까요. 이따가 받으러 갈 생각에 벌써 군침이 돌아요.	N	2022-08-01 01:49:25	2022-11-08 04:45:16
BE22012601	15	0	호호, 얘는 참. 네가 자꾸 띄워주니 내가 자꾸 요리에 대한 자부심이 넘쳐나잖니. 이따 저녁에 보자꾸나.	Y	2022-08-01 01:49:25	2022-11-08 04:45:16
