id	utterance_id	utterance_type	utterance_text	terminate	regDate	updDate
BE22005929	1	0	엄마, 나 나만의 꿈을 찾은 것 같아요. 들어봐주실래요?	N	2022-07-04 04:36:18	2022-11-08 04:02:34
BE22005929	2	1	진로 고민 때문에 힘들어하던 우리 딸이 좋은 결정이라도 내린 거니? 그 꿈에 대해서 엄마에게도 말해주렴.	N	2022-07-04 04:36:18	2022-11-08 04:02:34
BE22005929	3	0	저 말이에요. 군인이 되고 싶어요. 남들은 힘들게 그 직업을 왜 선택하냐고 하겠지만 전 저만의 꿈을 이루고 싶어요.	N	2022-07-04 04:36:18	2022-11-08 04:02:34
BE22005929	4	1	우리 딸이 그런 결정을 했다니, 스스로 내린 선택에 대해서 칭찬을 해주고 싶구나. 본인이 진정 원하는 꿈을 목표로 하는 건 정말 긍정적인 일이야. 우리 딸 잘했어.	N	2022-07-04 04:36:18	2022-11-08 04:02:34
BE22005929	5	0	엄마가 생각하기엔 어떠세요? 저는 저만의 꿈을 찾은 것 같아서 너무 기쁘거든요. 엄마가 아시다시피 정말 오랜 시간 고민 내린 만큼 뿌듯해요.	N	2022-07-04 04:36:18	2022-11-08 04:02:34
BE22005929	6	1	우리 딸이 미래에 어떤 직업을 가질지 고민을 많이 했었잖아. 정말 좋은 선택을 내린 것 같아서 엄마도 덩달아 뿌듯하구나. 네가 얼마나 노력을 했는지 알기에 더 기쁠 것 같아.	N	2022-07-04 04:36:18	2022-11-08 04:02:34
BE22005929	7	0	엄마는 제가 군인이 되는 것에 대해서 어떻게 생각하세요? 전 저의 미래 모습을 상상하는 것만으로도 너무 행복하거든요.	N	2022-07-04 04:36:18	2022-11-08 04:02:34
BE22005929	8	1	군인이 되고 싶은 이유를 물어봐도 될까? 물론 어떤 이유든 너의 선택이니 존중할 거지만 말이야.	N	2022-07-04 04:36:18	2022-11-08 04:02:34
BE22005929	9	0	일단, 나라를 지켜야겠다는 사명감이 생겼어요. 그리고 국가 군대 체제에 기여를 하고 싶다는 생각도 들었어요.	N	2022-07-04 04:36:18	2022-11-08 04:02:34
BE22005929	10	1	우리 딸이 벌써 그런 뜻깊은 생각을 하다니 너무 대견하구나. 우리 딸이 언제 커서 이렇게 성숙한 생각을 했을까? 우리 딸이 정말 올바른 생각을 하는 것 같아 엄마로서 너무 뿌듯하구나.	N	2022-07-04 04:36:18	2022-11-08 04:02:34
BE22005929	11	0	앞으로도 제 꿈을 위해서 노력할 생각이에요. 엄마도 도와주실 거죠?	N	2022-07-04 04:36:18	2022-11-08 04:02:34
BE22005929	12	1	당연히 도와줘야지. 엄마는 우리 딸이 어떤 선택을 내리던 도움을 줄 준비가 되어있어. 언제든 너에게 아낌없는 조언과 칭찬을 쏟아부어줄 거란다.	N	2022-07-04 04:36:18	2022-11-08 04:02:34
BE22005929	13	0	엄마가 항상 저를 든든하게 지원해주셔서 너무 좋아요. 엄마 덕분에 더더욱 용기가 생기지 뭐예요.	N	2022-07-04 04:36:18	2022-11-08 04:02:34
BE22005929	14	1	우리 딸이 이렇게나 성장했다는 게 엄마는 너무 대견하고 기특하구나. 역시 멋진 우리 딸 다워. 우리 딸은 워낙 강인하고 뛰어나니까 분명 너의 꿈을 이룰 수 있을 거라고 확신한단다.	N	2022-07-04 04:36:18	2022-11-08 04:02:34
BE22005929	15	0	그렇게 말해주셔서 고마워요. 앞으로도 제 꿈을 위해서 더 노력할게요!	Y	2022-07-04 04:36:18	2022-11-08 04:02:34
