id	utterance_id	utterance_type	utterance_text	terminate	regDate	updDate
BE22002737	1	0	엄마! 저 이번에 첫 출간한 에세이가 대박이 났어요!	N	2022-06-22 12:56:22	2022-11-08 03:42:05
BE22002737	2	1	뭐라고? 우리 딸 그게 정말이냐?	N	2022-06-22 12:56:22	2022-11-08 03:42:05
BE22002737	3	0	네, 초판으로 나온 2,000권이 거의 팔려서 이제 10권 정도만 남았다고 해요! 이건 정말 엄청난 거예요.	N	2022-06-22 12:56:22	2022-11-08 03:42:05
BE22002737	4	1	세상에, 이런 경사가 있나. 우리 딸이 쓴 책을 누군가가 그렇게 읽어준다니 너무 감사한 일이구나.	N	2022-06-22 12:56:22	2022-11-08 03:42:05
BE22002737	5	0	그러게요. 저도 제가 쓴 글을 누가 그렇게 읽어줄까 싶었어요. 근데 그야말로 날개 돋친 듯 팔려나갔대요.	N	2022-06-22 12:56:22	2022-11-08 03:42:05
BE22002737	6	1	축하한다, 우리 딸. 그동안 글 쓴다고 두문불출해서 애를 썼는데 진심으로 다행이구나. 얼마나 고생이 많았니.	N	2022-06-22 12:56:22	2022-11-08 03:42:05
BE22002737	7	0	이렇게 팔려나가니까 그동안 고생했던 게 기억조차 나지 않아요. 구름 위를 나는 것 같아요.	N	2022-06-22 12:56:22	2022-11-08 03:42:05
BE22002737	8	1	당연히 그러겠지. 그것도 첫 출간이 아니니. 신인 작가가 이렇게까지 책을 팔아치우다니 출판사에서도 좋아하겠구나.	N	2022-06-22 12:56:22	2022-11-08 03:42:05
BE22002737	9	0	다음 작품 계약하자고 벌써 압박이 들어오던 걸요? 하하, 요즘 정말 밥을 안 먹어도 배가 불러요.	N	2022-06-22 12:56:22	2022-11-08 03:42:05
BE22002737	10	1	네가 이렇게 좋아하는 걸 보니 내가 더 기쁘다. 운동을 하다가 부상으로 포기해야 했을 때 네가 얼마나 실의에 빠졌니. 그걸 다 이겨낸 것 같구나.	N	2022-06-22 12:56:22	2022-11-08 03:42:05
BE22002737	11	0	엄마 말씀대로 그런 시련이 저를 더 강하게 만들었어요. 그런 시간을 글에 녹여내니까 독자님들도 공감을 많이 해주셨던 거 같고요.	N	2022-06-22 12:56:22	2022-11-08 03:42:05
BE22002737	12	1	그렇겠지. 사람의 마음이란 게 결국 공감하는 부분이 비슷하지 않겠니. 어려운 시간을 이겨내고 새로운 길을 개척한 스토리에 다들 감동했을 거라 생각한다.	N	2022-06-22 12:56:22	2022-11-08 03:42:05
BE22002737	13	0	다 엄마 덕분이에요. 이 성공을 엄마께 바치고 싶네요.	N	2022-06-22 12:56:22	2022-11-08 03:42:05
BE22002737	14	1	장하다, 우리 딸. 어려운 시간 버텨내고 이렇게 작가로서 새 길을 당당히 걸어줘서 참 고맙다. 엄마는 네가 해낼 줄 알았어, 축하한다 정말!	N	2022-06-22 12:56:22	2022-11-08 03:42:05
BE22002737	15	0	고마워요, 엄마. 또 좋은 소식이 생기면 연락드릴게요.	N	2022-06-22 12:56:22	2022-11-08 03:42:05
BE22002737	16	1	그러렴. 밥 잘 챙겨 먹고 또 연락하렴!	Y	2022-06-22 12:56:22	2022-11-08 03:42:05
