id	utterance_id	utterance_type	utterance_text	terminate	regDate	updDate
BE22011556	1	0	엄마, 자요? 늦은 시간인데 엄마 생각이 나서 연락했어요.	N	2022-07-25 09:29:48	2022-11-08 04:38:41
BE22011556	2	1	딸, 엄마는 아직 안 잔단다. 이제 막 자려고 누웠어. 아이 키우느라 바쁘고 힘들 텐데 어쩐 일로 연락했어.	N	2022-07-25 09:29:48	2022-11-08 04:38:41
BE22011556	3	0	안 그래도 지금 막 재우고 나오는 길이에요. 좋아하는 동화책을 읽어 달라고 해서 읽어주다가 잠든 걸 확인하고 나왔어요.	N	2022-07-25 09:29:48	2022-11-08 04:38:41
BE22011556	4	1	우리 딸, 이제 어엿한 엄마가 다 되었네. 내 눈엔 마냥 아기인 네가 아기를 낳아 기른다는 게 걱정됐는데 말이야. 어느덧 이렇게 성숙한 엄마가 되었다는 게 너무나 대견하구나.	N	2022-07-25 09:29:48	2022-11-08 04:38:41
BE22011556	5	0	오늘 아이가 잠들 때까지 동화책을 읽어주다가 문득 잠든 아이의 얼굴을 봤는데 엄마 생각이 나더라구요. 저 어릴 때 엄마가 동화책 많이 읽어줬잖아요. 그 경험도 생각나고, 엄마도 이런 마음으로 나를 바라봤겠지, 하면서 괜히 마음이 뭉클했어요.	N	2022-07-25 09:29:48	2022-11-08 04:38:41
BE22011556	6	1	네가 사랑하는 사람들과 함께 있으며 마음이 안정되고 기뻐해서 참 좋구나. 새근새근 잠든 아이를 바라보면 마음에 더할 나위 없이 사랑이 샘솟기도 하지. 네가 엄마가 되어 이런 마음을 느낀다는 게 엄마는 감동이네.	N	2022-07-25 09:29:48	2022-11-08 04:38:41
BE22011556	7	0	내 품에 있는 이 아이가 정말 고맙고, 감동이고, 기뻐요. 엄마도 나를 키우며 이런 마음이었겠지 싶더라고요.	N	2022-07-25 09:29:48	2022-11-08 04:38:41
BE22011556	8	1	맞아, 네가 지금 느끼는 기쁨, 사랑, 그리고 경이로움과 행복감까지. 엄마라서 자식을 보며 느낄 수 있는 감정이지. 네가 이런 감정을 느끼고, 그것을 보고 엄마를 떠올려줬다는 게 참 고맙다, 우리 딸.	N	2022-07-25 09:29:48	2022-11-08 04:38:41
BE22011556	9	0	고마워요, 엄마. 저를 이렇게 키워줘서요. 제 일상이 이렇게 행복하고 기쁠 수 있다는 건 다 엄마 덕분이에요. 제가 표현을 잘 못 했지만, 엄마 정말 많이 사랑하는 거 알죠?	N	2022-07-25 09:29:48	2022-11-08 04:38:41
BE22011556	10	1	네 덕분에 엄마 마음에 사랑이 가득 차는 느낌이야. 딸, 네가 받은 사랑, 네가 느낀 사랑을 다른 사람과 나누고 표현해줘서 멋져. 그건 쉽지 않은 일인데, 엄마가 되어 더욱 성숙해진 게 느껴지네.	N	2022-07-25 09:29:48	2022-11-08 04:38:41
BE22011556	11	0	아이를 낳아보니까 엄마의 마음을 절실히 알 수 있는 것 같아요. 엄마가 저를 어떤 마음으로 키우셨는지 말이에요.	N	2022-07-25 09:29:48	2022-11-08 04:38:41
BE22011556	12	1	엄마의 마음을 엄마가 되어 알게 되었다는 말이 참 가슴에 와닿는구나. 아이를 기르면서 분명히 힘들고 지쳐서 마음에 화가 가득할 수도 있는데. 우리 딸은 그러지 않고 기쁨을 찾고, 행복감으로 마음을 채워 넣네.	N	2022-07-25 09:29:48	2022-11-08 04:38:41
BE22011556	13	0	그럼요, 제가 누구 딸인데요. 우리 아이가 나중에 엄마가 되면 저의 마음을 이해할 수 있겠죠? 제가 지금 엄마 마음을 알 수 있는 것처럼요?	N	2022-07-25 09:29:48	2022-11-08 04:38:41
BE22011556	14	1	지금 네가 주는 충분한 사랑 덕분에 네 딸은 더할 나위 없이 느끼고 있을 거야. 엄마가 이렇게 훌륭하니까 말이야. 늦었으니까 내일을 위해 조금이라도 더 눈을 붙이렴, 사랑한다, 내 딸아.	Y	2022-07-25 09:29:48	2022-11-08 04:38:41
