id	utterance_id	utterance_type	utterance_text	terminate	regDate	updDate
BE22006513	1	0	다음 주 어버이날 엄마 만날 생각하니까 너무 즐겁다.	N	2022-07-06 06:23:38	2022-11-08 04:06:20
BE22006513	2	1	그렇지? 엄마도 오래간만에 딸이랑 만날 생각하니 벌써 마음이 설레내.	N	2022-07-06 06:23:38	2022-11-08 04:06:20
BE22006513	3	0	자주 만나서 식사도 하고 여행도 가고 싶은데 바빠서 자주 못 갔어.	N	2022-07-06 06:23:38	2022-11-08 04:06:20
BE22006513	4	1	공부도 하고 아르바이트도 하는데 바쁘면 그럴 수 있지. 일도 공부도 잘 해내는 네가 너무 고맙다.	N	2022-07-06 06:23:38	2022-11-08 04:06:20
BE22006513	5	0	이번 어버이날은 다 잊고 엄마랑 맛있는 거 먹고 근교에 바람도 쐬러 가요. 너무 설레.	N	2022-07-06 06:23:38	2022-11-08 04:06:20
BE22006513	6	1	오랜만에 우리 딸이랑 데이트하게 생겼네? 일찍 만나서 우리 데이트 오래 하자. 예쁜 카페 가서 사진도 찍고.	N	2022-07-06 06:23:38	2022-11-08 04:06:20
BE22006513	7	0	그런데, 아르바이트를 많이 못 해서 돈이 얼마 없어. 선물 준비 못 할지도 몰라.	N	2022-07-06 06:23:38	2022-11-08 04:06:20
BE22006513	8	1	응. 괜찮아. 어버이날이라고 선물만 하는 것보다 엄마는 딸이랑 대화 한 번 더 하는 게 좋아. 우리 딸은 어버이날 아니어도 항상 잘하잖아.	N	2022-07-06 06:23:38	2022-11-08 04:06:20
BE22006513	9	0	돈으로 하는 선물 대신 엄마가 좋아할 만한 맛집이랑 예쁜 장소를 선물할게.	N	2022-07-06 06:23:38	2022-11-08 04:06:20
BE22006513	10	1	우리 딸 생각하는 것도 너무 예쁘다. 벌써 선물을 받은 기분이야. 엄마 생각하면서 준비하는 마음이 느껴지는 것 같아.	N	2022-07-06 06:23:38	2022-11-08 04:06:20
BE22006513	11	0	응. 엄마 딸로 태어나서 너무 기뻐. 내가 엄마 많이 사랑하는 거 알지?	N	2022-07-06 06:23:38	2022-11-08 04:06:20
BE22006513	12	1	그럼. 다 알지. 우리 딸 마음을 어떻게 모르겠어. 엄마 딸이 너라서 너무 감사해.	N	2022-07-06 06:23:38	2022-11-08 04:06:20
BE22006513	13	0	내년 어버이날에는 우리 여행도 가자. 회사 취직하면 근사한 어버이날 선물도 할 거야.	N	2022-07-06 06:23:38	2022-11-08 04:06:20
BE22006513	14	1	벌써 엄마 마음이 콩닥콩닥하는걸. 마음도 착하고 공부도 열심히 하고 우리 딸이 너무너무 자랑스러워.	N	2022-07-06 06:23:38	2022-11-08 04:06:20
BE22006513	15	0	엄마 실망 안 하게 더욱더 잘해야겠네. 사랑해요. 엄마.	Y	2022-07-06 06:23:38	2022-11-08 04:06:20
