id	utterance_id	utterance_type	utterance_text	terminate	regDate	updDate
BE22011658	1	0	엄마, 공항에 도착해서 곧 비행기에 탈 예정이에요. 여행 잘 다녀올게요.	N	2022-07-25 16:27:43	2022-11-08 04:39:20
BE22011658	2	1	아들, 즐겁고 안전한 여행을 하고 돌아오렴! 공항의 분위기는 어떠니?	N	2022-07-25 16:27:43	2022-11-08 04:39:20
BE22011658	3	0	여행을 떠나는 사람들이 정말 많아서 기분이 들떠요. 제가 공항에 있다는 것 자체만으로도 너무나 신나요! 오랫동안 계획했던 세계여행이 시작된다는 사실에 지금 너무 기쁘고 행복해요.	N	2022-07-25 16:27:43	2022-11-08 04:39:20
BE22011658	4	1	네 마음이 내게도 다 느껴진단다, 아들. 여행을 계획했을 때부터 이미 네 여행은 시작되었어. 네가 지금 가는 모든 길이 멋진 여행길이라는 것을 기억하며 멋진 추억을 만들고 오렴.	N	2022-07-25 16:27:43	2022-11-08 04:39:20
BE22011658	5	0	처음으로 혼자 떠나는 여행이지만 걱정 대신 설렘이 더 커요. 왠지 기분 좋은 일이 계속 일어날 것만 같은 예감이 들어요!	N	2022-07-25 16:27:43	2022-11-08 04:39:20
BE22011658	6	1	아들의 들뜬 마음을 보니 엄마도 신이 나. 네 행복은 나의 행복이기도 해. 그러니 지금의 설렘을 가슴에 품고 새로운 경험으로 가득한 여행을 하고 와!	N	2022-07-25 16:27:43	2022-11-08 04:39:20
BE22011658	7	0	세계여행을 준비하면서 망설여질 때도 있었는데, 그럴 때마다 제게 큰 힘을 주셔서 감사해요. 지금도 엄마는 언제나처럼 제게 용기를 주고 계세요. 엄마 덕분에 행복한 세계여행을 할 수 있을 것 같아요!	N	2022-07-25 16:27:43	2022-11-08 04:39:20
BE22011658	8	1	이것저것 계획하느라 바빴을 텐데도 엄마에게 네 마음을 들려줘서 고마워. 나야말로 아들에게 힘이 되어줄 수 있어서 기뻐. 혹시라도 여행을 하다가 도움이 필요하거나 어려운 일이 생기면 언제든 연락줘.	N	2022-07-25 16:27:43	2022-11-08 04:39:20
BE22011658	9	0	고마워요, 엄마. 공항에 저 혼자 있다 보니 엄마 생각이 참 많이 나더라고요. 겁이 많았던 제가 혼자 세계여행을 떠날 수 있도록 엄마가 제 든든한 조력자가 되어주셨어요. 엄마가 주신 사랑이 가슴에 가득해서 매우 기뻐요.	N	2022-07-25 16:27:43	2022-11-08 04:39:20
BE22011658	10	1	여행을 앞두고 본격적으로 시작되는 설렘 속에서도 엄마를 잊지 않고 생각해주다니 정말 고마워, 아들. 어렸던 아들이 어느새 다 자라서 혼자 여행을 떠나는 모습을 보니 감사하기도 하고 대견해. 너는 언제나 나의 자랑이라는 것을 잊지 말고 용기를 내렴!	N	2022-07-25 16:27:43	2022-11-08 04:39:20
BE22011658	11	0	엄마의 말을 잊지 않고 언제나 씩씩하게 다닐게요. 세계여행이 끝나고 제가 돌아오면 엄마와 꼭 여행을 떠나고 싶어요. 공항에서 제가 느낀 즐거움을 엄마와도 함께 느낀다면 더 행복할 것 같아요!	N	2022-07-25 16:27:43	2022-11-08 04:39:20
BE22011658	12	1	엄마를 생각해주는 아들의 따뜻한 마음 덕분에 가슴이 따뜻해져. 네가 경험한 것을 엄마에게도 공유해줘서 참 기쁘다. 네가 아주 알차고 행복한 세계여행을 할 수 있도록 엄마도 응원하고 있을게.	N	2022-07-25 16:27:43	2022-11-08 04:39:20
BE22011658	13	0	엄마의 응원 덕분에 무엇이든 해낼 수 있겠다는 자신감이 생겨요. 엄마 말씀처럼 알찬 세계여행을 하고 올게요!	N	2022-07-25 16:27:43	2022-11-08 04:39:20
BE22011658	14	1	세상을 향한 네 첫 도약을 진심으로 응원해. 세계 속에서 다양한 것을 경험하며 너의 세계를 키워나가길 바라. 아들, 파이팅!	Y	2022-07-25 16:27:43	2022-11-08 04:39:20
