id	utterance_id	utterance_type	utterance_text	terminate	regDate	updDate
BE22014726	1	0	엄마, 제가 오늘 아주 큰 결심을 했어요. 들으시면 아마도 크게 놀라실 거예요. 지금 저도 마음먹고 되게 기분 좋은 상태이거든요.	N	2022-08-19 04:18:22	2022-11-08 04:58:41
BE22014726	2	1	그래? 네가 그렇게 말하니까 몹시 궁금해지는데 큰 결심인 무엇인지 엄마에게 말해 줄 수 있겠니?	N	2022-08-19 04:18:22	2022-11-08 04:58:41
BE22014726	3	0	말은 할 수 있는데, 꼭 믿어주셔야 해요. 제가 아주 구체적이고 진심으로 세운 계획이거든요. 이렇게 뭔가 계획을 세우니까 너무 설레고 기분 좋은 거 있죠?	N	2022-08-19 04:18:22	2022-11-08 04:58:41
BE22014726	4	1	약속할게. 네가 간곡하게 말하는 걸 보니 왠지 이번에는 네 말처럼 결심이 단단해 보이는 거 같아 믿어보고 싶어지는걸?	N	2022-08-19 04:18:22	2022-11-08 04:58:41
BE22014726	5	0	제가 한꺼번에 몰아서 공부를 하는 벼락치기 공부습관을 영어공부에서만큼은 고쳐보려고 해요. 고칠 생각을 하니 설레고 그래요.	N	2022-08-19 04:18:22	2022-11-08 04:58:41
BE22014726	6	1	그렇구나. 그런 기특한 생각을 했다니 우리 아들 정말 대단한데. 다짐은 쉽지만 계획까지 세우는 건 어려운 일이잖아. 네 계획을 들으니 엄마도 무척 기쁘구나.	N	2022-08-19 04:18:22	2022-11-08 04:58:41
BE22014726	7	0	다른 과목은 몰라도 영어는 매일매일 공부하기로 결심했어요. 그래야 잊어버리지도 않고 머릿속에 차곡차곡 쌓여갈 것만 같아요.	N	2022-08-19 04:18:22	2022-11-08 04:58:41
BE22014726	8	1	모든 것이 그렇듯이 자기만의 공부방법을 찾는 것도 중요하지만 불변의 법칙 또한 무시할 수 없는 것 같더구나.	N	2022-08-19 04:18:22	2022-11-08 04:58:41
BE22014726	9	0	맞아요. 제가 이제 좀 엄마의 말씀을 이해할 것 같아요, 늦게라도 알았으니 부지런히 노력해 보려구요.	N	2022-08-19 04:18:22	2022-11-08 04:58:41
BE22014726	10	1	너는 늘 끈기 있게 매사 열심히 하는 아이이니 이번 계획도 능히 해내리라 믿어. 너 자신을 믿고 나아가면 좋은 결과가 찾아올 거야.	N	2022-08-19 04:18:22	2022-11-08 04:58:41
BE22014726	11	0	네. 명심할게요. 게으름을 피우고 싶을 땐 엄마께서 혼내주세요. 제가 정신 차릴 수 있도록 말이에요.	N	2022-08-19 04:18:22	2022-11-08 04:58:41
BE22014726	12	1	알아서 충분히 잘할 너인데 화는 무슨. 너의 눈빛이 매일 매일 잊지 않고 결심했다고 말해주고 있는 게 느껴지는구나.	N	2022-08-19 04:18:22	2022-11-08 04:58:41
BE22014726	13	0	저의 결심이 무용지물이 되지 않도록 최선을 다해서 좋은 결과로 꼭 보답할게요. 믿어주세요.	N	2022-08-19 04:18:22	2022-08-19 04:18:22
BE22014726	14	1	엄마는 네가 오늘 무척 든든하구나, 스스로 쉽지 않은 결심을 하고 그 결심을 말하는 것도 어려웠을 텐데.	N	2022-08-19 04:18:22	2022-11-08 04:58:41
BE22014726	15	0	제 결심에 부담을 갖고 더욱더 지키기 위해서 노력해 보려구요. 응원해주세요.	Y	2022-08-19 04:18:22	2022-11-08 04:58:41
