id	utterance_id	utterance_type	utterance_text	terminate	regDate	updDate
BE22001446	1	0	엄마! 저 이번에 기말고사 잘 봤어요!	N	2022-06-15 08:13:16	2022-11-08 03:33:45
BE22001446	2	1	정말? 약속했던 점수만큼 올랐니?	N	2022-06-15 08:13:16	2022-11-08 03:33:46
BE22001446	3	0	네! 저도 이만큼이나 오를 줄은 몰랐는데 너무 행복해요.	N	2022-06-15 08:13:16	2022-11-08 03:33:46
BE22001446	4	1	엄마도 그만큼은 힘들 거라고 생각했는데 정말 해냈네. 역시 우리 아들은 한다면 해. 대단하다.	N	2022-06-15 08:13:16	2022-11-08 03:33:46
BE22001446	5	0	약속한 만큼 올랐으니까 꼭 핸드폰 바꿔주세요.	N	2022-06-15 08:13:16	2022-11-08 03:33:46
BE22001446	6	1	우리 아들이 열심히 해서 약속을 지킨 건데 당연히 바꿔주지. 이건 네 노력으로 얻는 거니 더 좋지 않아?	N	2022-06-15 08:13:16	2022-11-08 03:33:46
BE22001446	7	0	맞아요. 제힘으로 한 거니까 더 좋아요. 시험 점수도 오르고, 핸드폰도 바꾸고 정말 기뻐요!	N	2022-06-15 08:13:16	2022-11-08 03:33:46
BE22001446	8	1	이렇게 신나 하는 거 보니까 엄마도 행복하다. 자기 힘으로 무언가 해냈을 때 뿌듯함은 다른 것과 비교할 수 없을 만큼 좋지.	N	2022-06-15 08:13:16	2022-11-08 03:33:46
BE22001446	9	0	뭔가 성취감도 들고, 하니까 된다는 자신감도 생겼어요.	N	2022-06-15 08:13:16	2022-11-08 03:33:46
BE22001446	10	1	그래. 해보지도 않고 못한다고 생각하면 안 돼. 지금 감정을 꼭 기억하렴.	N	2022-06-15 08:13:16	2022-11-08 03:33:46
BE22001446	11	0	그럼요. 이제 공부뿐만 아니라 다른 거에도 도전할 수 있을 것 같아요.	N	2022-06-15 08:13:16	2022-11-08 03:33:46
BE22001446	12	1	이젠 도전이 두렵지 않구나? 이런 모습 정말 자랑스럽다.	N	2022-06-15 08:13:16	2022-11-08 03:33:46
BE22001446	13	0	이번 기말고사도 잘 봤으니까 열심히 해서 다음 시험은 더 잘 보고 싶어요.	N	2022-06-15 08:13:16	2022-11-08 03:33:46
BE22001446	14	1	정말 기특하다. 엄마도 옆에서 도와줄게. 우리 열심히 해보자.	Y	2022-06-15 08:13:16	2022-11-08 03:33:46
