id	utterance_id	utterance_type	utterance_text	terminate	regDate	updDate
BE22008444	1	0	엄마! 저 이번에 승진할 것 같아요! 너무 좋아서 어쩔 줄을 모르겠어요! 이게 다 엄마가 알려준 팁 덕분이에요.	N	2022-07-13 06:06:13	2022-11-08 04:18:43
BE22008444	2	1	정말? 와, 그거 너무 잘됐구나. 축하해 우리 딸! 내가 알려준 팁이라니?	N	2022-07-13 06:06:13	2022-11-08 04:18:43
BE22008444	3	0	엄마가 사소한 것도 메모를 하는 습관을 들이면 좋다고 하셨잖아요. 제가 저번에 거래처 사장님과 저희 대표님과 다 같이 식사를 한 적이 있었어요. 그날 대화한 걸 제가 집에 와서 간단히 적어놨었거든요.	N	2022-07-13 06:06:13	2022-11-08 04:18:44
BE22008444	4	1	그래, 내가 작은 일도 적어두면 여러모로 유용하다고 하긴 했었지.	N	2022-07-13 06:06:13	2022-11-08 04:18:44
BE22008444	5	0	저희 회사 대표님이 그날 거래처 사장님과 다른 큰 거래 건으로 미팅을 잡으셨었거든요. 그런데 그 날짜와 시간이 핸드폰에 그만 저장이 안 되셨나 봐요. 회사에서 너무 당황하신 것처럼 보이셔서 여쭤봤더니 말씀해주시더라고요.	N	2022-07-13 06:06:13	2022-11-08 04:18:44
BE22008444	6	1	그때 네가 메모를 해둔 걸로 대표님께 전달을 해드렸구나. 네가 큰 거래를 몇 개나 살린 거나 마찬가지네!	N	2022-07-13 06:06:13	2022-11-08 04:18:44
BE22008444	7	0	맞아요. 별 생각 없이 한 메모 덕분에 회사 돈도 명예도 지킨 거예요!	N	2022-07-13 06:06:13	2022-11-08 04:18:44
BE22008444	8	1	엄마가 아무리 그런 얘기를 해준다고 해도 행동으로 옮기지 않으면 그뿐인데. 고맙고 자랑스럽구나.	N	2022-07-13 06:06:13	2022-11-08 04:18:44
BE22008444	9	0	메모하는 습관 덕분에 동료 직원들이 감동받은 일도 꽤 있어요. 예를 들면 개인의 취향이나 흘린 말을 기억해뒀다가 생일선물로 사주는 경우도 있었거든요.	N	2022-07-13 06:06:13	2022-11-08 04:18:44
BE22008444	10	1	엄마가 직원이라도 아주 크게 감동받을 것 같아. 메모하는 게 귀찮거나 하진 않니?	N	2022-07-13 06:06:13	2022-11-08 04:18:44
BE22008444	11	0	전혀요. 처음엔 메모라고 해서 수첩을 들고 다녀야 하는 줄 알고 그렇게 했는데, 요즘엔 핸드폰에 다 써요. 아주 편리하고 빠르고 좋아요!	N	2022-07-13 06:06:13	2022-11-08 04:18:44
BE22008444	12	1	그렇구나. 네가 내가 해준 말들을 응용해서 아주 멋지게 활용하고 있구나. 앞으로도 작은 메모의 습관으로 좋은 일이 많았으면 좋겠다.	N	2022-07-13 06:06:13	2022-11-08 04:18:44
BE22008444	13	0	감사해요, 제가 누구 딸인데요! 앞으로도 이런 좋은 팁 많이 부탁드려요.	N	2022-07-13 06:06:13	2022-11-08 04:18:44
BE22008444	14	1	그래, 엄마도 또 뭐가 있을지 한번 생각해볼게! 승진 축하해!	N	2022-07-13 06:06:13	2022-11-08 04:18:44
BE22008444	15	0	네, 엄마. 제가 조만간 한턱 쏠게요!	Y	2022-07-13 06:06:13	2022-11-08 04:18:44
