id	utterance_id	utterance_type	utterance_text	terminate	regDate	updDate
BE22000534	1	0	아버지, 여행하느라 힘드셨을 텐데 좀 쉬셨어요?	N	2022-06-13 04:29:31	2022-11-08 03:27:44
BE22000534	2	1	그래. 집에 돌아와 푹 잤더니 여독이 풀리는 것 같구나. 네가 맏이라고 무척 애썼는데, 많이 피곤하지?	N	2022-06-13 04:29:31	2022-11-08 03:27:44
BE22000534	3	0	저는 피곤한 줄 모르겠어요. 아무래도 편백나무 숲에서 삼림욕을 해서 그런가 봐요.	N	2022-06-13 04:29:31	2022-11-08 03:27:44
BE22000534	4	1	송광사 가는 길 편백나무 숲을 말하는 거구나. 그 숲에 들어섰을 때는 심신이 이완되면서 아주 편안한 마음이 들었어.	N	2022-06-13 04:29:31	2022-11-08 03:27:44
BE22000534	5	0	저도 그랬어요 아버지. 마치 신선이 마시는 공기를 함께 나눠 마시고 있는 느낌이었죠. 그 공기 속 물질, 피톤치드 덕분인 것 같아요.	N	2022-06-13 04:29:31	2022-11-08 03:27:44
BE22000534	6	1	아, 피톤치드. 많이 들어본 것 같은데 구체적으로 뭘 말하는 거니?	N	2022-06-13 04:29:31	2022-11-08 03:27:44
BE22000534	7	0	나무들이 적으로부터 자신을 지키려고 보호 물질을 만들어내는데, 그걸 피톤치드라고 한대요. 해충에게는 그게 독이 되지만 사람에게는 아주 효용이 있대요.	N	2022-06-13 04:29:31	2022-11-08 03:27:44
BE22000534	8	1	그래서 산에 가면 정신이 맑아지고 건강해지는 느낌이 드는 거구나. 우리 딸이 숲해설가라 그런지 자연에 관해 많은 지식을 가지고 있네. 자랑스러워!	N	2022-06-13 04:29:31	2022-11-08 03:27:44
BE22000534	9	0	참 아버지도 쑥스럽게... 제가 숲해설가가 돼서 이렇게 활동하는 건 다 아버지 덕분이에요.	N	2022-06-13 04:29:31	2022-11-08 03:27:44
BE22000534	10	1	숲 해설을 통해 자연을 아끼고 사랑하는 마음을 사람들에게 심어주는 것에 대해 네가 굉장히 뿌듯해하는 것 같아 나까지 기분이 좋아진다.	N	2022-06-13 04:29:31	2022-11-08 03:27:44
BE22000534	11	0	네, 이런 일을 하고 있어서 정말 신나요. 자연에 대해 감사하는 마음도 더 커지는 것 같고요.	N	2022-06-13 04:29:31	2022-11-08 03:27:44
BE22000534	12	1	우리 딸이 자연 속에서 지내니까 더 성숙해지는 느낌인데? 왜 그런 생각이 든 거야?	N	2022-06-13 04:29:31	2022-11-08 03:27:44
BE22000534	13	0	우리 주변의 생필품은 모두 자연에서 얻은 거더라고요. 먹는 것, 입는 것, 심지어 집까지도 자연의 나무와 흙 등을 가져다 만드니까요.	N	2022-06-13 04:29:31	2022-11-08 03:27:44
BE22000534	14	1	그게 바로 우리가 자연에 감사해야 하는 이유인 거지.	N	2022-06-13 04:29:31	2022-11-08 03:27:44
BE22000534	15	0	네, 숲해설가로 생활하다 보니 몸도 건강해지는 것 같아 자연을 더욱 아껴야겠다는 마음이 들어요.	N	2022-06-13 04:29:31	2022-11-08 03:27:44
BE22000534	16	1	소나무에서도 피톤치드가 많이 나온다던데 우리 다음에는 소나무 숲에 가볼까? 우리 딸이 더 건강해져야 앞으로도 나랑 여행을 많이 다닐 테니까.	N	2022-06-13 04:29:31	2022-11-08 03:27:44
BE22000534	17	0	네, 그래요 아버지. 다음엔 소나무 숲에 가서 자연에 감사하며 피톤치드 샤워를 하고 와요 우리.	Y	2022-06-13 04:29:31	2022-11-08 03:27:44
