id	utterance_id	utterance_type	utterance_text	terminate	regDate	updDate
BE22001173	1	0	엄마 여태껏 장가 못 갔던 내 친구 있잖아. 이번에 결혼해!	N	2022-06-14 05:03:26	2022-11-08 03:31:57
BE22001173	2	1	정말? 최근에 들은 소식 중에서 가장 반가운 소식이다.	N	2022-06-14 05:03:26	2022-11-08 03:31:57
BE22001173	3	0	어릴 때부터 결혼하고 싶다고 했었는데 못해서 나도 걱정이었거든. 노총각 신세 벗어났어.	N	2022-06-14 05:03:26	2022-11-08 03:31:57
BE22001173	4	1	가정환경이 좋지 않다고 했던 친구? 우리 집에 와서 놀 때도 항상 우리 가족 보면서 부러워하는 게 보였었어.	N	2022-06-14 05:03:26	2022-11-08 03:31:57
BE22001173	5	0	맞아. 그래서 자기는 화목한 가정 꾸리는 게 꿈이라고 말했었어. 정말 기뻐.	N	2022-06-14 05:03:26	2022-11-08 03:31:57
BE22001173	6	1	엄마도 너만큼 좋다. 매일 그 친구가 좋은 사람 만나야 한다고 걱정하더니 너도 이제 안심이겠구나.	N	2022-06-14 05:03:26	2022-11-08 03:31:57
BE22001173	7	0	응. 이번에 만난 사람 정말 좋은 분 같아. 이제 마음이 놓여.	N	2022-06-14 05:03:26	2022-11-08 03:31:57
BE22001173	8	1	네가 그 친구를 정말 형제처럼 생각했으니 그동안 걱정이 많았지. 그 아이도 좋은 사람 만나고 네 마음도 편해졌고 너무 좋은 일이다.	N	2022-06-14 05:03:26	2022-11-08 03:31:57
BE22001173	9	0	그럼. 어릴 땐 가족같이 지냈잖아. 여자 친구랑 엄마한테 인사드리러 가도 괜찮냐고 물었어.	N	2022-06-14 05:03:26	2022-11-08 03:31:57
BE22001173	10	1	당연히 괜찮지. 엄마가 맛있는 거 준비해 놓을게.	N	2022-06-14 05:03:26	2022-11-08 03:31:57
BE22001173	11	0	정말? 내 친구가 너무 좋아하겠다.	N	2022-06-14 05:03:26	2022-11-08 03:31:57
BE22001173	12	1	어릴 때 어머니가 돌아가셔서 이런 거 챙겨줄 사람이 없을 거 아니니. 부담 갖지 말고 오라고 해.	N	2022-06-14 05:03:26	2022-11-08 03:31:57
BE22001173	13	0	이렇게 챙겨주는 엄마가 있어서 다행이야.	N	2022-06-14 05:03:26	2022-11-08 03:31:57
BE22001173	14	1	나도 그 아이를 항상 내 아들처럼 생각해 왔었으니까. 엄마도 기쁘다고 전해줘.	Y	2022-06-14 05:03:26	2022-11-08 03:31:57
