id	utterance_id	utterance_type	utterance_text	terminate	regDate	updDate
BE22003153	1	0	엄마. 저 어제 꿈도 꾸지 않고 열 몇시간을 쭉 잤어요!	N	2022-06-24 00:54:49	2022-11-08 03:44:45
BE22003153	2	1	정말 다행이다. 너 며칠 전부터 불면증에 시달려서 고생했었잖아.	N	2022-06-24 00:54:49	2022-11-08 03:44:45
BE22003153	3	0	맞아요. 이렇게 푹 잔 건 오랜만이어서 지금 몸도 너무 가볍고 세상이 다 아름다워 보여요.	N	2022-06-24 00:54:49	2022-11-08 03:44:45
BE22003153	4	1	우리 딸이 기분이 이렇게 좋으니까 엄마도 다 행복해지네. 그동안 잠 잘 못 자서 힘들어하는 걸 옆에서 봐와서 기쁜 마음이 잘 이해가 가.	N	2022-06-24 00:54:49	2022-11-08 03:44:45
BE22003153	5	0	그래서 오늘 아침에 일어나서 수업을 듣는데도 하나도 안 피곤한 거 있죠? 오히려 귀에 쏙쏙 들어오더라고요.	N	2022-06-24 00:54:49	2022-11-08 03:44:45
BE22003153	6	1	우리 딸 오늘 완전 모범생 모드였겠는데?	N	2022-06-24 00:54:49	2022-11-08 03:44:45
BE22003153	7	0	네. 선생님한테 질문도 열심히 해서 칭찬도 받았어요.	N	2022-06-24 00:54:49	2022-11-08 03:44:45
BE22003153	8	1	칭찬도 듣고 엄청 뿌듯했겠다. 어제 그러면 일찍 잠든 거야?	N	2022-06-24 00:54:49	2022-11-08 03:44:45
BE22003153	9	0	네. 평소보다 일찍 누웠어요! 원래 같았으면 몇 시간 동안 침대에서 뒤척이다가 겨우 잠에 드는데 어제는 바로 잠들었어요. 매일 이러면 참 좋을 것 같은데!	N	2022-06-24 00:54:49	2022-11-08 03:44:45
BE22003153	10	1	너 요새 숙면을 위해서 미리 운동도 열심히 하고 낮에도 열심히 살고 있잖아. 오늘도 꿈 안 꾸고 푹 잘 수 있을 거야.	N	2022-06-24 00:54:49	2022-11-08 03:44:45
BE22003153	11	0	엄마가 그렇게 말해주니까 진짜 오늘도 그럴 것만 같아요. 너무 행복한걸요?	N	2022-06-24 00:54:49	2022-11-08 03:44:45
BE22003153	12	1	그래. 분명히 그럴 거야. 내일 아침에 엄마한테 어땠는지 꼭 알려줘.	N	2022-06-24 00:54:49	2022-11-08 03:44:45
BE22003153	13	0	네. 오늘도 푹 자고 기분 좋은 마음으로 내일 엄마한테 연락할게요.	N	2022-06-24 00:54:49	2022-11-08 03:44:45
BE22003153	14	1	그래. 오늘 하루도 즐거운 하루 보내, 우리 딸.	Y	2022-06-24 00:54:49	2022-11-08 03:44:45
