id	utterance_id	utterance_type	utterance_text	terminate	regDate	updDate
BE22004946	1	0	선거하러 가려면 신분증이 꼭 필요하죠?	N	2022-06-29 02:54:19	2022-11-08 03:56:12
BE22004946	2	1	당연히 필요하지. 안 챙겨서 나갔니?	N	2022-06-29 02:54:19	2022-11-08 03:56:12
BE22004946	3	0	아뇨. 챙겼어요. 친구 만나러 가기 전에, 선거장에 들러 선거를 하고 가려구요.	N	2022-06-29 02:54:19	2022-11-08 03:56:12
BE22004946	4	1	이제 우리 아들이 어른이 다 됐네. 선거도 하러 가고.	N	2022-06-29 02:54:19	2022-11-08 03:56:12
BE22004946	5	0	저는 어릴 적에 이미 어른이었어요. 그래도 선거를 직접 할 수 있다는 점이, 세상에 저를 진정한 어른으로 인정한 것 같아요. 그래서 신나서 선거장으로 뛰어가고 있어요.	N	2022-06-29 02:54:19	2022-11-08 03:56:12
BE22004946	6	1	이 녀석, 엄청 신났구나. 아빠도 맨 처음에 선거를 하러 갈 때는 너처럼 날뛸 듯이 기뻤단다. 물론 지금도 신나고.	N	2022-06-29 02:54:19	2022-11-08 03:56:12
BE22004946	7	0	지금은 하루라도 더 쉴 수 있어서 기쁘신 거 아니에요?	N	2022-06-29 02:54:19	2022-11-08 03:56:12
BE22004946	8	1	당연하지. 직원들 안 보고 집에서 뒹굴거리는 게 얼마나 좋은 줄 아니. 물론 선거는 이미 하고 왔다.	N	2022-06-29 02:54:19	2022-11-08 03:56:12
BE22004946	9	0	저도 얼른 아버지처럼 크고 싶어요. 사랑하는 사람과 가정도 꾸리고 저 같은 아들도 낳으려고요.	N	2022-06-29 02:54:19	2022-11-08 03:56:12
BE22004946	10	1	이 아빠도 빨리 결혼하게 되면 더 큰 어른이 될 수 있을 거라 믿었단다. 그래서 우리 아들의 마음이 매우 공감되는구나. 근데 너는 너무 이르긴 하다.	N	2022-06-29 02:54:19	2022-11-08 03:56:12
BE22004946	11	0	에이, 아버지. 아직 사람도 없어요. 저도 우리 부모님 같은 사람이 되고 싶으니까 그렇죠.	N	2022-06-29 02:54:19	2022-11-08 03:56:12
BE22004946	12	1	네 엄마, 아빠를 좋게 봐줘서 오히려 내가 고마운데? 엄마에게 말해둬서 우리 아들이 좋아하는 음식 저녁에 차려두라고 해야겠다.	N	2022-06-29 02:54:19	2022-11-08 03:56:12
BE22004946	13	0	와, 그럼 저녁에 엄청 포식하겠다! 점심 조금만 먹고 들어갈게요!	N	2022-06-29 02:54:19	2022-11-08 03:56:12
BE22004946	14	1	친구랑 재밌게 놀다 와. 선거도 잘 마치고 오고.	N	2022-06-29 02:54:19	2022-11-08 03:56:12
BE22004946	15	0	신경 써주셔서 감사해요!	Y	2022-06-29 02:54:19	2022-11-08 03:56:13
