id	utterance_id	utterance_type	utterance_text	terminate	regDate	updDate
BE22022690	1	0	엄마 제가 정기적으로 봉사활동을 가고 있는데, 거기서 처음으로 자폐 아동이 저와 눈 맞춤을 했어요. 너무 감격스럽고 기뻐서 눈물이 나왔어요.	N	2022-09-29 10:09:23	2022-11-08 05:49:59
BE22022690	2	1	봉사활동을 다니면서 이렇게 기쁜 순간이 오다니 엄마도 너무 행복하다. 너의 따뜻한 마음과 노력이 있었기에 그런 기쁜 일이 가능했던 것 같아. 너무 멋지고 대견하다 우리 딸.	N	2022-09-29 10:09:23	2022-11-08 05:49:59
BE22022690	3	0	처음 자폐 아동을 만났을 때만 하더라도 눈을 마주하는 상황은 절대 꿈도 꾸지 못했어요. 매일 같은 말만 반복하고, 하고 싶은 이야기만 계속해서 대화조차 어려웠어요. 시간이 흘러서 이렇게 저랑 눈을 마주할 수 있게 된 게 너무 행복해요.	N	2022-09-29 10:09:23	2022-11-08 05:49:59
BE22022690	4	1	처음에 우리 딸이 봉사활동을 갔을 때, 생각과는 다른 관계로 인해 어려움을 겪었던게 생각이 나는구나. 세심하고 마음을 줄 수 있는 자세가 있었기에 가능했을거야. 그 노력이 있기까지 너도 열심히 공부하고 노력했을텐데 그 모습이 너무 아름답구나.	N	2022-09-29 10:09:23	2022-09-29 10:09:23
BE22022690	5	0	엄마가 그렇게 알아주시고 말해주셔서 너무 감사해요. 제가 아이를 키워본 건 아니지만, 아이가 저에게 점차 마음을 열어갈수록 특별해졌어요. 제가 엄마가 된 것처럼 기쁘고 감사했어요.	N	2022-09-29 10:09:23	2022-11-08 05:49:59
BE22022690	6	1	봉사활동을 정기적으로 한다는 것을 들었을 때 참 멋진 일을 하고 있구나 싶었어. 그런데 이런 깊은 마음까지 알고 배우는 자세가 멋진 것 같아. 엄마가 어린 너랑 눈 마주쳤을 때 기뻤던 것 같이 너도 그런 느낌을 받은거구나.	N	2022-09-29 10:09:23	2022-11-08 05:49:59
BE22022690	7	0	정기적으로 봉사지에 찾아가도 그 아이가 저를 반겨주지도 관심을 갖지도 않아 속상했었어요. 그래도 자폐 아동의 특성이라고 생각하면서 열심히 관계를 형성하려고 했어요. 제 노력을 아이가 알아준 것 같아서, 행복하고 기쁘다는 말밖에 나오지 않아요.	N	2022-09-29 10:09:23	2022-11-08 05:49:59
BE22022690	8	1	어떤 관계든 나의 마음을 알아주는게 얼마나 기쁜 일인지 엄마도 깊이 공감해. 특히나 더 어려운 조건인데 너에게 눈 맞춤까지 해준거잖니. 끊임없는 관심과 애정을 우리 딸이 베풀었나보구나.	N	2022-09-29 10:09:23	2022-11-08 05:49:59
BE22022690	9	0	제가 봉사지에 딱 들어가자마자 오늘따라, 제게 다가와 눈 맞추는 모습이 아직도 눈에 선해요. 이런 행복감과 기쁨으로 다들 열심히 봉사활동을 하는 건가 싶고, 너무 좋았어요. 그 자리에 있던 다른 봉사자분들도 함께 기뻐해 줬어요.	N	2022-09-29 10:09:23	2022-11-08 05:49:59
BE22022690	10	1	엄마도 자페 아동 봉사활동에 참여한 적이 있어서, 작은 라포 하나에도 얼마나 행복한지 알지. 거기서 꾸준히 봉사하는 분들도 그 행복과 벅차오름을 알기에 다들 내 일같이 축하해줬겠구나. 엄마도 너에게 박수를 보내고 싶어.	N	2022-09-29 10:09:23	2022-11-08 05:49:59
BE22022690	11	0	엄마도 함께 축하해 줘서 고마워요. 제가 이렇게 봉사를 통해 기쁨을 느꼈던 순간을 친구들에게 말했더니, 함께 봉사를 가고 싶다고 했어요. 제 기쁜 마음이 친구들에게도 전해졌나 봐요.	N	2022-09-29 10:09:23	2022-11-08 05:49:59
BE22022690	12	1	친구들이 옆에서 네가 진정으로 행복해하는 모습을 보면서, 관심을 갖게 되었구나. 정말 선한 영향력을 가지고 살아가는 너를 보면서 엄마도 많이 배우게 되었어. 모든 사람들이 함께 살아가는 세상을 만들기 위해 우리 딸 같은 마음가짐을 가지면 좋겠구나.	N	2022-09-29 10:09:23	2022-11-08 05:49:59
BE22022690	13	0	제 행동에 대해서 긍정적으로 생각해줘서 감사해요. 엄마의 따스한 말 덕분에 제 행복과 기쁨이 배가 됐어요.	N	2022-09-29 10:09:23	2022-09-29 10:09:23
BE22022690	14	1	엄마도 기쁜 순간을 듣고 함께 공유할 수 있어서 무척 뜻 깊은 시간이었어. 언제나 함께 기쁨을 나누며 살자.	Y	2022-09-29 10:09:23	2022-11-08 05:49:59
