id	utterance_id	utterance_type	utterance_text	terminate	regDate	updDate
BE22000999	1	0	영화 잘 봤니?	N	2022-06-14 01:04:22	2022-11-08 03:30:46
BE22000999	2	1	네. 오랜만에 영화 보고 맥주도 한잔 하고 좋았어요. 애들 봐주셔서 고마워요. 많이 힘드셨죠?	N	2022-06-14 01:04:22	2022-11-08 03:30:46
BE22000999	3	0	별로 안 힘들었어. 애들이 이젠 다 큰 거 같아. 엄마도 안 찾고 잘 먹고 잘 놀았어.	N	2022-06-14 01:04:22	2022-11-08 03:30:46
BE22000999	4	1	다행이네요. 조금 불안했어요. 남자 녀석들이라 엄청 드세잖아요.	N	2022-06-14 01:04:22	2022-11-08 03:30:46
BE22000999	5	0	클 때는 다 그래. 개구쟁이들은 튼튼하단 증거야.	N	2022-06-14 01:04:22	2022-11-08 03:30:46
BE22000999	6	1	지금 들어가고 있는데 애들 저녁은 먹었어요?	N	2022-06-14 01:04:22	2022-11-08 03:30:47
BE22000999	7	0	좀 전에 떡볶이 먹고 싶다 해서 해줬더니 물에 씻지도 않고 그냥 먹더라. 벌써 이리 컸나, 먹는 모습이 얼마나 이쁜지 넋을 놓고 봤어.	N	2022-06-14 01:04:22	2022-11-08 03:30:47
BE22000999	8	1	아이들이 엄마보다 할머니가 더 좋대요! 엄마 정말 기분 좋으시겠는데요? 저도 덩달아 기분이 좋네요!	N	2022-06-14 01:04:22	2022-11-08 03:30:47
BE22000999	9	0	나보고도 할머니가 짱이라더라. 말을 이쁘게도 하지. 너 좀 서운하니?	N	2022-06-14 01:04:22	2022-11-08 03:30:47
BE22000999	10	1	그럴 리가요. 할머니랑 거리감 느끼는 애들도 많은데 오히려 고마운 일이지요.	N	2022-06-14 01:04:22	2022-11-08 03:30:47
BE22000999	11	0	사람들이 손주가 내 자식보다 훨씬 이쁘다는 말이 공감이 가. 보고만 있어도 웃음이 가득해져.	N	2022-06-14 01:04:22	2022-11-08 03:30:47
BE22000999	12	1	엄마가 사랑이 많아서 더 그런가봐요. 우리한테도 사랑 많이 주셨잖아요. 정말 감사해요. 엄마가 애들 잘 챙겨줘서 덕분에 재밌게 놀았어요.	N	2022-06-14 01:04:22	2022-11-08 03:30:47
BE22000999	13	0	너희들이 순하고 착하게 커 줘서 엄마는 항상 고마웠단다. 우리 손주들도 너희들을 닮은 거 같아.	N	2022-06-14 01:04:22	2022-11-08 03:30:47
BE22000999	14	1	저도 엄마처럼 애들한테 사랑 듬뿍 주며 키울게요. 우리 엄마, 사랑해요.	N	2022-06-14 01:04:22	2022-11-08 03:30:47
BE22000999	15	0	우리 딸도 분명히 좋은 엄마가 될 거야. 파이팅!	Y	2022-06-14 01:04:22	2022-11-08 03:30:47
