id	utterance_id	utterance_type	utterance_text	terminate	regDate	updDate
BE22014928	1	0	엄마 오늘 정말 기쁜 날이라 엄마한테 자랑하고 싶어요. 대학 합격 소식 이후로 이렇게 만족스럽고 기쁜 날은 없었던 것 같아요.	N	2022-08-19 09:58:56	2022-08-19 09:58:56
BE22014928	2	1	세상에, 무슨 일인지 정말 궁금하구나! 네가 그렇게 기뻐하는 모습을 보니 엄마도 덩달아 너무 기분이 좋은걸!	N	2022-08-19 09:58:56	2022-11-08 04:59:56
BE22014928	3	0	태어나서 처음으로 아르바이트를 했잖아요. 어제 그게 입금돼서, 여동생한테 용돈 줬어요. 제 돈으로 동생한테 용돈을 주니 정말 행복하고 기쁘더라고요.	N	2022-08-19 09:58:56	2022-11-08 04:59:56
BE22014928	4	1	어머나, 아들이 정말 그런 일에 기쁨을 느낀다니 엄마가 다 고맙다. 어렸을 때부터 동생을 생각하는 네 마음이 얼마나 기특했는지 몰라. 그런데 동생이 요즘 필요한 게 많은 시기인데 용돈까지 챙겨주고, 정말 잘했구나.	N	2022-08-19 09:58:56	2022-11-08 04:59:56
BE22014928	5	0	동생이 미술 시작하고, 엄마랑 아빠가 돈 많이 쓰고 계신 거 알았거든요. 저도 도움이 되고 싶다는 바람이 정말 컸어요. 그런데 그 바람이 이뤄지니 날아갈 듯 기분이 좋은 거 있죠.	N	2022-08-19 09:58:56	2022-08-19 09:58:56
BE22014928	6	1	아들의 깊은 마음에 엄마가 감동했어. 그래 미술 시작하니 생각보다 돈이 엄청 많이 들어가더라. 그런데 네가 이렇게 힘을 보태주니 얼마나 든든한지 모르겠구나.	N	2022-08-19 09:58:56	2022-11-08 04:59:56
BE22014928	7	0	과외 아르바이트가 생각보다 쉽지는 않더라고요. 가르치는 학생들 성격도 다 다르고, 부모님들 기분도 맞춰 줘야 하고요. 한 달을 할 수 있을까 걱정했는데, 이렇게 월급도 타고, 일도 편해져서 기뻐요.	N	2022-08-19 09:58:56	2022-11-08 04:59:56
BE22014928	8	1	다행이구나, 뭐든 쉬운 일이 없지. 네가 일을 통해 세상을 알아가는 태도가 참 좋구나. 지금 쌓인 경험들이 사회에 나갔을 때 정말 많은 도움이 될 거야.	N	2022-08-19 09:58:56	2022-11-08 04:59:56
BE22014928	9	0	저도 그렇게 생각해요. 처음 돈을 벌어보니 사람 마음 아는 게 정말 어렵더라고요. 엄마 말대로 다 저에게 피가 되고, 살이 된다고 생각하면 기쁘게 할 수 있어요.	N	2022-08-19 09:58:56	2022-11-08 04:59:56
BE22014928	10	1	어릴 적부터 독립심 강하고, 인내심 있게 무엇이든 시작하면 끝까지 하던 아들이었잖아. 그래서 엄마는 네가 이 과외 일이 힘들다고 해도 걱정하지 않았거든. 역시, 아들이 현명하게 생각하고, 잘하고 있구나.	N	2022-08-19 09:58:56	2022-11-08 04:59:56
BE22014928	11	0	어렸을 적부터 열심히 사시는 두 분 모습을 보며 다른 생각을 할 수가 없었어요. 두 분께 기쁨을 드리는 아들이 되고 싶었거든요. 오늘 이렇게 행복하고, 고맙다고 말씀해 주셔서 제가 얼마나 기쁜지 모른다고요.	N	2022-08-19 09:58:56	2022-08-19 09:58:56
BE22014928	12	1	그랬구나, 우리는 그저 너와 네 동생이 부족함 없이 자랄 수 있다면 좋겠다는 바람뿐이었단다. 그런데 이렇게 훌륭한 마음을 갖고 있다니 고맙고, 자랑스럽구나.	N	2022-08-19 09:58:56	2022-11-08 04:59:56
BE22014928	13	0	동생한테도 고맙다는 말을 들으니 그 기쁨이 좀 남다르더라고요. 무뚝뚝하던 녀석이 눈을 맞추며, 말하는데 감동적이었어요.	N	2022-08-19 09:58:56	2022-08-19 09:58:56
BE22014928	14	1	그래, 걔가 그렇게 할 정도면, 아들한테 정말 크게 고맙다고 말하고 있는 거란다. 정말 대견하구나. 힘들어도 이겨내며 일할 힘도 기르고 있다는 걸 알아서 말이야. 게다가 가족들 위하는 마음이 정말 대단하다는 것도 느꼈단다. 고맙다, 아들아.	N	2022-08-19 09:58:56	2022-11-08 04:59:56
BE22014928	15	0	고맙긴요, 이제 시작인걸요. 제가 행복해서 하는 일인걸요 뭘. 칭찬 많이 해 주셔서 되려 제가 더 힘이 나는데요! 감사해요, 엄마.	Y	2022-08-19 09:58:56	2022-08-19 09:58:56
