id	utterance_id	utterance_type	utterance_text	terminate	regDate	updDate
BE22005870	1	0	엄마. 저 어제 퇴근길에 우연히 고등학교 때 친구를 만났어요.	N	2022-07-03 15:37:17	2022-11-08 04:02:11
BE22005870	2	1	오, 그래? 반가웠을 텐데, 식사라도 하지 그랬니?	N	2022-07-03 15:37:17	2022-11-08 04:02:11
BE22005870	3	0	늦은 시간이라 맥주 한잔 하고 공원 산책을 했어요. 야근할 때엔 너무 고되어서 쉬고 싶다는 마음뿐이었는데, 친구와 시간을 보내다 보니 피곤한 줄 모르겠더라고요. 정말 오랜만에 만났는데, 조금도 어색하지 않고 즐거웠어요.	N	2022-07-03 15:37:17	2022-11-08 04:02:11
BE22005870	4	1	회사에서 잔뜩 긴장하고 있다가 옛 친구를 만나니 본래의 너를 찾은 느낌이었겠다. 추억 얘기도 많이 나누었니?	N	2022-07-03 15:37:17	2022-11-08 04:02:11
BE22005870	5	0	네. 그 친구를 만나니 잊고 있었던 추억들이 새록새록 떠오르더라고요. 엄마께는 죄송하지만, 그 친구랑 야간자율 시간에 땡땡이를 많이 쳤거든요. 같이 야구장도 가고, 좋아하는 아이돌 그룹 보러 공개 방송도 가고요.	N	2022-07-03 15:37:17	2022-11-08 04:02:11
BE22005870	6	1	땡땡이에 대해서는 네가 전에 이실직고했잖니. 그런데 그 땡땡이 동지를 만난 거였구나? 같이 도망치며 스릴을 느끼던 사이니, 더 각별했겠어.	N	2022-07-03 15:37:17	2022-11-08 04:02:11
BE22005870	7	0	그뿐 아니라 정말 많은 걸 함께 했어요. 독서실도 같이 다니고, 서로 옷도 늘 골라 주고요. 추억이 많은 친구와 수다를 떠니 스트레스가 팍팍 풀리더라고요.	N	2022-07-03 15:37:17	2022-11-08 04:02:11
BE22005870	8	1	오, 그랬구나. 힐링이 따로 없었겠다. 시간이 늦어 좀더 함께하지 못한 것이 아쉬웠겠는걸?	N	2022-07-03 15:37:17	2022-11-08 04:02:11
BE22005870	9	0	술집에서 얼마 이야기 나눈 것 같지도 않은데 어느새 열두 시가 훌쩍 넘었더라고요. 아쉽지만 내일을 기약하며 일어났는데, 헤어지긴 너무 아쉬워 인적 드문 공원에서 산책을 한 거예요. 이어폰 나누어 끼고 전에 같이 듣던 음악을 듣는데, 옛날로 돌아간 느낌이 들어 행복했어요.	N	2022-07-03 15:37:17	2022-11-08 04:02:11
BE22005870	10	1	맞아. 음악이라는 게 참 묘해서, 가끔 타임머신을 탄 것 같은 느낌을 주더라. 옛 친구와 옛 음악을 들으며, 메말랐던 가슴이 촉촉해졌겠다.	N	2022-07-03 15:37:17	2022-11-08 04:02:11
BE22005870	11	0	맞아요. 꽁꽁 언 가슴 속에 봄비가 내린 느낌이에요. 감정 없는 로봇 같던 제가 어젯밤 이후로 잃었던 감성을 모두 되찾은 것 같아요. 그 친구와 저를 만나고 그랬다더라고요.	N	2022-07-03 15:37:17	2022-11-08 04:02:11
BE22005870	12	1	그 친구와 너는 정말 귀한 인연이구나. 서로의 마음에 단비가 되어 주니 말이야. 네가 그런 친구를 다시 만났다니, 엄마도 흐뭇하구나.	N	2022-07-03 15:37:17	2022-11-08 04:02:11
BE22005870	13	0	엄마가 그렇게 말씀해 주시니 더욱 기분 좋아요. 다음엔 엄마한테도 소개시켜 드릴게요. 얼마나 좋은 친구인지, 직접 보여 드리고 싶어요.	N	2022-07-03 15:37:17	2022-11-08 04:02:11
BE22005870	14	1	오, 그거 좋지. 나중에 엄마 집에 데려와서 술 한잔 해. 엄마가 김치 부침개 맛있게 만들어 줄게.	N	2022-07-03 15:37:17	2022-11-08 04:02:11
BE22005870	15	0	좋아요, 엄마. 친구랑 꼭 같이 갈게요.	Y	2022-07-03 15:37:17	2022-11-08 04:02:11
