id	utterance_id	utterance_type	utterance_text	terminate	regDate	updDate
BE22002740	1	0	엄마 저 피부미용 실기시험에 합격했다고 방금 문자 받았어요!	N	2022-06-22 13:02:45	2022-11-08 03:42:06
BE22002740	2	1	어머나. 너무 축하해 딸. 열심히 공부하고 준비하더니 드디어 성과를 이루어 냈구나. 정말 대단하다 너무 축하해.	N	2022-06-22 13:02:45	2022-11-08 03:42:06
BE22002740	3	0	감사해요. 시험 볼 때까지 우여곡절이 많아서 너무 걱정했었는데요. 문자를 받으니 실감이 나지 않아요.	N	2022-06-22 13:02:45	2022-11-08 03:42:06
BE22002740	4	1	나는 딸이 잘해낼 줄 알았지. 언제나 끝까지 최선을 다해서 포기하지 않는 모습을 가진 것이 너의 장점이잖니.	N	2022-06-22 13:02:45	2022-11-08 03:42:06
BE22002740	5	0	엄마가 이렇게 말씀해주시니 더 기쁘고 감동이에요. 앞으로 시험 합격 자격증 토대로 더 열심히 목표에 다가가도록 노력 해 볼게요.	N	2022-06-22 13:02:45	2022-11-08 03:42:06
BE22002740	6	1	그래. 엄마가 언제나 응원하고 있는 거 알지? 조금 느릴 수는 있어도 끝까지 이루어 내려고 노력하는 모습에 항상 감동이란다.	N	2022-06-22 13:02:45	2022-11-08 03:42:06
BE22002740	7	0	이번 시험을 통해서 더욱 많이 느낀 것 같아요. 포기하지 않으면 언젠가는 성공할 수 있다는 것을요. 저 이제 본격적으로 자격증 토대로 취업 준비도 해보려고 해요.	N	2022-06-22 13:02:45	2022-11-08 03:42:06
BE22002740	8	1	목표에 조금 더 가까이 다가선 모습이네. 신이나 하는 딸의 표정을 보니 엄마도 기분이 너무 좋다.	N	2022-06-22 13:02:45	2022-11-08 03:42:06
BE22002740	9	0	맞아요. 너무 신이 나요. 노력은 배신하지 않는다는 것을 몸소 느낀 시험이었어요.	N	2022-06-22 13:02:45	2022-11-08 03:42:06
BE22002740	10	1	너무 축하한다. 오늘 저녁에 맛있는 거 먹으면서 가족 모두와 함께 축하 파티를 열자. 노력은 배신하지 않으니 취업 준비과정에서도 힘들다고 포기하지 않고 끝까지 최선을 다하기를 바란다.	N	2022-06-22 13:02:45	2022-11-08 03:42:06
BE22002740	11	0	네. 이제 이번 경험을 토대로 더욱 포기하지 않고 열심히 하는 모습 많이 보여드릴게요.	N	2022-06-22 13:02:45	2022-11-08 03:42:06
BE22002740	12	1	피부미용 필기시험부터 실기시험까지 너무 고생 많았다. 정말이지 너무 대견스러워. 열심히 하는 모습 앞으로도 기대할게.	N	2022-06-22 13:02:45	2022-11-08 03:42:06
BE22002740	13	0	네. 언제나 응원해주셔서 너무 감사해요. 그리고 사랑해요.	N	2022-06-22 13:02:45	2022-11-08 03:42:06
BE22002740	14	1	고맙다. 언제나 든든하게 곁에 있어줄 테니 힘들 때 기대고 쉬어가면서 목표까지 완수해 나아가보자.	N	2022-06-22 13:02:45	2022-11-08 03:42:06
BE22002740	15	0	네 엄마. 가족들에게 오늘 일찍 들어와서 저녁 같이 먹자고 문자 할게요.	Y	2022-06-22 13:02:45	2022-11-08 03:42:06
