id	utterance_id	utterance_type	utterance_text	terminate	regDate	updDate
BE22005809	1	0	엄마, 오늘은 저에게 참 뿌듯한 날이에요. 제가 그토록 받고 싶어 했던 교육을 받았거든요.	N	2022-07-03 09:10:38	2022-11-08 04:01:48
BE22005809	2	1	우리 딸이 무슨 교육을 받았길래 그럴까? 엄마한테도 그 좋은 소식 이야기 좀 해주렴.	N	2022-07-03 09:10:38	2022-11-08 04:01:48
BE22005809	3	0	CPR 교육을 받았어요. 사람을 살리는 데에 가장 중요한 게 심폐소생술이잖아요. 그간 정말 받고 싶었던 교육이었는데, 운이 좋게도 받았지 뭐예요. 교육이 정말 유익했어요.	N	2022-07-03 09:10:38	2022-11-08 04:01:48
BE22005809	4	1	우리 딸이 그런 교육을 받았다니 정말 대견한걸. 역시 우리 딸은 정의롭고 착해. 그 교육을 받았으니 더욱더 훌륭해질 일만 남은 것 같네.	N	2022-07-03 09:10:38	2022-11-08 04:01:48
BE22005809	5	0	그렇게 칭찬해주셔서 감사해요 엄마. 교육을 받으면서 내가 한 생명을 살릴 수 있다는 생각에 정말 기뻤어요.	N	2022-07-03 09:10:38	2022-11-08 04:01:48
BE22005809	6	1	그런 생각을 하다니 우리 딸이 정말 잘 커준 것 같구나. 우리 딸이 기뻤다니 엄마도 덩달아 뿌듯한걸.	N	2022-07-03 09:10:38	2022-11-08 04:01:48
BE22005809	7	0	애니라는 실습 인형을 통해서 직접 심폐소생술을 해봤어요. 직접 실습을 해보니 더 뿌듯하고 행복했어요. 저도 다른 사람에게 도움을 줄 수 있다는 생각 때문에 말이에요.	N	2022-07-03 09:10:38	2022-11-08 04:01:48
BE22005809	8	1	우리 딸이 기분이 참 좋았겠구나. 그 이야기를 들으니 엄마도 덩달아 미소가 지어지네.	N	2022-07-03 09:10:38	2022-11-08 04:01:48
BE22005809	9	0	친구들과 같이하니 더 즐겁더라고요. 교육이 정말 어렵고 복잡할 줄 알았는데 전혀 그렇지 않았어요. 제가 정말 유익하게 배울 수 있었던 것 같아요.	N	2022-07-03 09:10:38	2022-11-08 04:01:48
BE22005809	10	1	우리 딸이 교육을 통해서 행복해졌다면 엄마는 그걸로 됐단다. 나중에 분명 꼭 유용하게 쓰일 날이 올 거야.	N	2022-07-03 09:10:38	2022-11-08 04:01:48
BE22005809	11	0	맞아요 엄마. 이 교육을 통해서 수료증도 받았어요. 수료증이 정말 멋있어서 자랑스럽더라고요. 내가 이 교육을 수료했다는 사실이 너무 행복했어요.	N	2022-07-03 09:10:38	2022-11-08 04:01:48
BE22005809	12	1	어서 와서 엄마에게도 그 훌륭한 훈장을 보여주렴. 엄마가 코팅해서 집 거실에 걸어놔야겠어. 우리 딸 스스로가 너무 대견스럽고 자랑스러울 것 같아.	N	2022-07-03 09:10:38	2022-11-08 04:01:48
BE22005809	13	0	그렇게 말씀해주셔서 감사해요. 역시 엄마뿐이에요.	N	2022-07-03 09:10:38	2022-11-08 04:01:48
BE22005809	14	1	우리 딸이 오늘 정말 보람차고 좋은 하루를 보낸 것 같아서 너무 뿌듯하구나. 어서 집에 오면 맛있는 밥 해줄게. 조심히 오거라.	N	2022-07-03 09:10:38	2022-11-08 04:01:48
BE22005809	15	0	알겠어요 엄마. 너무 감사드려요!	Y	2022-07-03 09:10:38	2022-11-08 04:01:48
