id	utterance_id	utterance_type	utterance_text	terminate	regDate	updDate
BE22008364	1	0	엄마, 내가 좋은 소식 말해줄까?	N	2022-07-13 03:39:08	2022-11-08 04:18:12
BE22008364	2	1	무슨 좋은 소식이야? 얼른 듣고 싶다.	N	2022-07-13 03:39:08	2022-11-08 04:18:12
BE22008364	3	0	나 승진 코앞에 두고 있는데 임신도 했어! 겹경사가 따로 없지? 나 정말 기뻐!	N	2022-07-13 03:39:08	2022-11-08 04:18:12
BE22008364	4	1	어머, 둘 다 네가 그토록 바라던 거 아니니? 듣는 내가 다 기쁘다! 어떻게 그렇게 좋은 일이 한꺼번에 온다니!	N	2022-07-13 03:39:08	2022-11-08 04:18:12
BE22008364	5	0	그러니까 말이야. 나 진짜 이렇게 행복에 겨워도 되나 싶더라고. 어떻게 기쁜 일이 이렇게 동시에 와!	N	2022-07-13 03:39:08	2022-11-08 04:18:12
BE22008364	6	1	당연히 그 행복 누릴 수 있지. 더구나 너 평소 열심히 일했으니 당연한 결과가 아니겠니? 마음껏 그 기쁨 누리기를 바라!	N	2022-07-13 03:39:08	2022-11-08 04:18:12
BE22008364	7	0	응, 안 그래도 지금 너무 좋아서 어쩔 줄 몰라 하고 있어. 나 진짜 열심히 살았더니 이렇게 하늘이 내게 보답해주나 봐.	N	2022-07-13 03:39:08	2022-11-08 04:18:12
BE22008364	8	1	기회는 준비한 자에게 온다고 하잖아. 네가 여태 회사 착실하게 다니고 임신 준비도 열심히 한 거라 그래. 네가 준비된 사람이란 걸 알고 그렇게 기회를 주나 보다.	N	2022-07-13 03:39:08	2022-11-08 04:18:12
BE22008364	9	0	나 정말 더 열심히 사려고. 승진도 하면 더 열심히 해서 팀원들에게 멋진 상사가 될 거야. 더구나 아이에게도 멋진 엄마 모습 보여주려고.	N	2022-07-13 03:39:08	2022-11-08 04:18:12
BE22008364	10	1	정말 네가 지금 신나 하는 게 나에게도 느껴진다. 나도 네게 좋은 소식이 와서 정말 기쁘구나. 넌 두 가지 모두 다 잘 해낼 거야!	N	2022-07-13 03:39:08	2022-11-08 04:18:12
BE22008364	11	0	엄마가 그렇게 말해주니까 더 힘이 나! 회사 사람들한테 한턱 쏠까 해. 내 기쁨 나눠주려고!	N	2022-07-13 03:39:08	2022-11-08 04:18:12
BE22008364	12	1	그 기쁨 남한테도 베푸는 태도 정말 멋져. 어쩜 너는 그렇게 생각이 깊고 따뜻하니? 회사 사람들도 네 임신 소식에 다같이 기뻐해 줄 거야.	N	2022-07-13 03:39:08	2022-11-08 04:18:12
BE22008364	13	0	그랬으면 좋겠어. 얼른 내일이 왔음 좋겠어. 입이 간질간질거려.	N	2022-07-13 03:39:08	2022-11-08 04:18:12
BE22008364	14	1	아무쪼록 네가 행복해서 좋아. 이런 기쁨이 오래 갔으면 좋겠다. 내일도 직원들과 맛있는 걸 먹기를 바라.	N	2022-07-13 03:39:08	2022-11-08 04:18:12
BE22008364	15	0	응, 다음에도 또 기쁜 소식 생기면 연락할게!	Y	2022-07-13 03:39:08	2022-11-08 04:18:12
