id	utterance_id	utterance_type	utterance_text	terminate	regDate	updDate
BE22013391	1	0	딸, 엄마가 평생 웃을 걸 오늘 다 웃은 것 같다! 손녀들 재롱에 웃음이 아주 끊이질 않는구나.	N	2022-08-07 09:21:38	2022-11-08 04:50:10
BE22013391	2	1	애들이 엄마 집에서 사고치고 속 썩이는 건 아닌가 걱정했는데 다행히 그건 아니었나 봐요! 애들이 엄마한테 예쁜 재롱을 피웠다니 제가 다 기분이 좋네요. 엄마가 그렇게 기뻐하시는 모습은 참 오랜만에 보는 것 같아요!	N	2022-08-07 09:21:38	2022-11-08 04:50:10
BE22013391	3	0	그렇지? 엄마도 그런 것 같아. 애들이 어찌나 할머니를 잘 따라주는지 참 고맙고 기특하더구나. 늙은 할머니랑 노는 게 뭐가 재밌다고 그렇게 깔깔 웃으면서 온갖 재롱을 피우는지, 너무 고맙더라.	N	2022-08-07 09:21:38	2022-11-08 04:50:10
BE22013391	4	1	나도 엄마랑 있는 거 좋아하는데 뭐, 엄마랑 노는 게 얼마나 웃기고 재미있는데요! 그리고 엄마 아직 늙은 할머니 아니고 밖에 나가면 아줌마 소리 들어요. 애들이 엄마 잘 따라줬다니까 저도 마음이 한시름 놓이네요.	N	2022-08-07 09:21:38	2022-11-08 04:50:10
BE22013391	5	0	그래, 애들이 웃는 소리가 온 집안에 퍼지는 게, 이렇게 집이 풍성한 느낌은 정말 오랜만이었어. 너무 좋아서 괜스레 눈물이 나더라니까!	N	2022-08-07 09:21:38	2022-11-08 04:50:10
BE22013391	6	1	엄마 마음 왠지 알 것 같아요, 나도 애들 하루만 없어도 집이 텅 빈 것 같더라구요. 저도 애들 깔깔거리는 맑은 웃음소리가 그렇게 듣기 좋더라구요. 애들이 엄마한테 그런 기쁨을 주었다니 저도 너무 행복하네요!	N	2022-08-07 09:21:38	2022-11-08 04:50:10
BE22013391	7	0	그래, 예전에는 너한테 애들 낳으면 나한테 맡기지 말라고 했는데, 가끔 이렇게 보는 건 참 좋구나. 애들이 참 착해, 밥도 잘 먹고 할머니도 챙기고. 네가 애들을 참 잘 키웠어!	N	2022-08-07 09:21:38	2022-11-08 04:50:10
BE22013391	8	1	아유, 감사해요, 엄마. 이게 다 엄마가 키우신 방법대로 키워서 그런 거예요! 엄마만큼 훌륭하고 지혜롭게 잘 키우고 있는지 확신은 안 들지만 흉내내 보려고 노력은 하고 있어요.	N	2022-08-07 09:21:38	2022-11-08 04:50:10
BE22013391	9	0	그렇게 말해주니 감동인걸? 그런 말 들으니 참 뿌듯하고 고맙고 그렇네. 엄마가 널 최선을 다해 키우긴 했어, 그치?	N	2022-08-07 09:21:38	2022-08-07 09:21:38
BE22013391	10	1	그럼요, 엄마한테 늘 감사한 마음뿐이었는데 애 키워보니까 더 감사해지더라구요. 얼마나 참고 견디고 인내하려고 하셨을까 생각하니 제 가슴이 시큰시큰하더라구요. 엄마, 딸 이렇게 멋지게 키워주셔서 정말 감사해요!	N	2022-08-07 09:21:38	2022-11-08 04:50:10
BE22013391	11	0	그래, 나도 네가 잘 커 줘서 너무 고맙다. 이렇게 올망졸망 애들 낳아서 그렇게 사는 모습 보니 엄마도 참 행복하다! 애들이 하도 이뻐서 웃으면서 일어나고 웃으면서 하루를 마무리하게 되네.	N	2022-08-07 09:21:38	2022-11-08 04:50:10
BE22013391	12	1	우리 애들이 미션을 성공적으로 잘 마쳤군요! 아무리 이뻐도 애들 보는 게 보통 일이 아닌데 오늘 애들 봐주셔서 정말 감사해요! 앞으로 애들 더 예쁘게 잘 키울게요.	N	2022-08-07 09:21:38	2022-11-08 04:50:10
BE22013391	13	0	그래, 너라면 잘 키울 거야. 애들이 어쩜 예의도 바르고 장유유서도 알더라, 하하. 다음엔 우리 다같이 좋은 시간 보내자꾸나!	N	2022-08-07 09:21:38	2022-11-08 04:50:10
BE22013391	14	1	네 엄마 그렇게 해요! 그러려면 우리 엄마 체력관리도 하셔야겠어요! 건강관리 소홀히 하지 마시고 우리 오래오래 이렇게 행복하게 살아요!	Y	2022-08-07 09:21:38	2022-11-08 04:50:10
