id	utterance_id	utterance_type	utterance_text	terminate	regDate	updDate
BE22009594	1	0	엄마, 제 친구가 남자 친구와 결혼한대요! 제가 항상 응원하고 있던 커플이라 제가 다 기뻐요.	N	2022-07-17 15:07:13	2022-11-08 04:26:09
BE22009594	2	1	그게 정말이야? 결혼이라 정말 멋지고 축하할 일인걸. 너도 친구의 결혼 소식을 듣게 되어 무척 기분이 좋겠구나.	N	2022-07-17 15:07:13	2022-11-08 04:26:09
BE22009594	3	0	네. 친구의 남자 친구를 몇 번 본 적이 있는데, 제 친구에게 무척 잘해주더라고요. 서로를 배려하며 잘 지내는 예쁜 커플이라 잘 되길 바라는 마음이 컸어요. 이렇게 좋은 결실을 보게 되어서 얼마나 신이 나는지 몰라요.	N	2022-07-17 15:07:13	2022-11-08 04:26:09
BE22009594	4	1	친구의 경사스러운 일에 그렇게나 기뻐하다니, 친구도 네게 무척 감사해하겠구나. 다른 사람의 행복을 진심으로 바라고 빌어주는 일이 생각보다 드물고 대단한 일이잖니.	N	2022-07-17 15:07:13	2022-11-08 04:26:09
BE22009594	5	0	에이, 오랫동안 막역하게 지낸 친구라, 제게는 또 다른 가족이나 다름없는 정도로 소중한 친구인걸요. 누구라도 그런 친구가 있다면 지금의 저만큼이나 기뻐했을 거예요.	N	2022-07-17 15:07:13	2022-11-08 04:26:09
BE22009594	6	1	그렇게나 아끼는 친구가 있다니 부러울 정도인걸. 그렇기에 네게는 이번 결혼 소식이 더 각별하고 의미가 깊은 일이겠구나.	N	2022-07-17 15:07:13	2022-11-08 04:26:09
BE22009594	7	0	맞아요. 그 커플을 지켜보면서, 참 서로를 든든하게 지지해주는 끈끈한 관계를 이루고 있다는 생각이 들었거든요. 앞으로도 친구가 그런 사람과 함께 더 행복해질 것이라고 생각하니, 저도 정말 기분이 좋아요.	N	2022-07-17 15:07:13	2022-11-08 04:26:09
BE22009594	8	1	우리 딸이 정말 착하고 고운 마음씨를 가진 것 같아 엄마는 네가 기특하구나. 친구의 행복에 함께 기뻐해 주는 그 선한 마음이 너의 가장 큰 매력이란다. 네가 그런 마음씨를 가지고 잘 자라주어 엄마는 기쁜걸.	N	2022-07-17 15:07:13	2022-11-08 04:26:09
BE22009594	9	0	엄마도 참, 그렇게 말씀해주시니 괜히 더 뿌듯하고 또 쑥스러운걸요. 곧 있을 친구의 결혼식도 무척 기대가 커요. 제가 축가를 불러주기로 했거든요.	N	2022-07-17 15:07:13	2022-11-08 04:26:09
BE22009594	10	1	정말이야? 친구의 결혼식에서 축가를 부른다니, 무척 설레는 일이겠구나. 다시 없을 특별한 기회잖니.	N	2022-07-17 15:07:13	2022-11-08 04:26:09
BE22009594	11	0	맞아요. 사실 조금 긴장되기는 하지만 커플의 행복을 앞으로도 응원하는 마음을 담아 축가를 불러주려고요. 벌써 그 생각에 신이 나서 심장이 두근거리는걸요.	N	2022-07-17 15:07:13	2022-11-08 04:26:09
BE22009594	12	1	네가 그렇게 설레하는 모습을 보니, 엄마도 덩달아 기대가 되는걸. 분명 너의 진심이 축가에 담겨 그 커플에게도 전해질 거란다. 그 마음을 느끼고 네게 정말 감사해할 거야.	N	2022-07-17 15:07:13	2022-11-08 04:26:09
BE22009594	13	0	그렇게 말해 주시니 기운이 솟는걸요. 더 열심히 준비해서 좋은 축가를 선물해주고 말겠어요. 의지가 더 불타오르는 기분이에요.	N	2022-07-17 15:07:13	2022-11-08 04:26:09
BE22009594	14	1	지금처럼만 해도 너의 진심이 충분히 전달될 거란다. 긴장하지 말고, 침착하게 준비한 만큼 네 마음을 보여주렴. 씩씩하고 밝은 내 딸이니, 무엇이든 잘 해낼 거라고 믿어.	N	2022-07-17 15:07:13	2022-11-08 04:26:09
BE22009594	15	0	물론이죠, 엄마. 응원해주셔서 감사해요.	Y	2022-07-17 15:07:13	2022-11-08 04:26:09
