id	utterance_id	utterance_type	utterance_text	terminate	regDate	updDate
BE22003246	1	0	엄마 저 시험 잘 마치고 친구들과 함께 코인노래방에 왔어요. 성적이 잘 나와서 기분이 좋아서 조금만 놀다가 집에 들어가려고요!	N	2022-06-24 05:18:29	2022-11-08 03:45:21
BE22003246	2	1	그렇구나! 생각했던 성적보다 점수가 잘 나와 기분이 좋다고 하니 엄마 기분도 함께 좋아지는걸? 이번에 열심히 공부한 덕분에 성적이 향상됐나 보다! 너무 기특하다 우리 딸 다음 시험 때에도 조금만 더 분발하도록 하자. 응원할게!	N	2022-06-24 05:18:29	2022-11-08 03:45:21
BE22003246	3	0	네! 열심히 해볼게요! 이번 시험 때 계획표를 짜고 잘 실행에 옮긴 것이 굉장히 큰 효과를 본 것 같아요!	N	2022-06-24 05:18:29	2022-11-08 03:45:21
BE22003246	4	1	역시 시간에 맞추어 계획대로 잘 움직이는 모습은 너에게 큰 장점인 것 같아! 그동안 시험 보느라 너무 수고 많았다. 오늘은 몇시까지 놀다가 들어오려고 생각하니?	N	2022-06-24 05:18:29	2022-11-08 03:45:21
BE22003246	5	0	늦지 않게 들어가려고요! 저녁 먹기 전에 들어갈 수 있게 한 시간 정도 놀다가 들어갈 생각이에요. 다음 주에 교내에서 열리는 대회를 준비해야 해서요.	N	2022-06-24 05:18:29	2022-11-08 03:45:21
BE22003246	6	1	그렇구나. 절제력이 뛰어난걸? 오늘 시험 끝난 기념으로 놀러 간 코인노래방에서 친구들과 재밌게 즐기고 돌아와. 엄마가 맛있는 거 해놓고 기다릴게. 저녁 함께 먹자 그럼.	N	2022-06-24 05:18:29	2022-11-08 03:45:21
BE22003246	7	0	네, 감사해요. 그럼 저 오늘 친구들과 재미있게 놀고 조금 있다가 들어가보도록 할게요. 내일 발표도 있어서 너무 심하게 노래부르면서 노는 것은 자제하려고요!	N	2022-06-24 05:18:29	2022-11-08 03:45:21
BE22003246	8	1	아 그때 말했던 발표 수행평가구나? 맞지. 스트레스를 해소하는 것도 좋지만 다음날 일정에 지장이 있으면 안 되니까. 조절하는 딸의 모습을 보니 엄마가 무척이나 뿌듯한걸?	N	2022-06-24 05:18:29	2022-11-08 03:45:21
BE22003246	9	0	부끄럽지 않은 딸이 되기 위하여 앞으로도 열심히 노력할게요. 그럼 즐겁게 코인노래방에서 놀고 아이스크림 사서 집에 갈게요.	N	2022-06-24 05:18:29	2022-11-08 03:45:21
BE22003246	10	1	좋은 생각이다. 아이스크림 같이 저녁에 먹으며 함께 즐거운 이야기 나누어보자. 엄마가 어저께 아이스크림 먹고 싶다는 이야기했던 거 기억해주는 것 같아 많이 감동이다.	N	2022-06-24 05:18:29	2022-11-08 03:45:21
BE22003246	11	0	맞아요. 어제 드시고 싶다고 했던 요거트 아이스크림 사 가지고 가려고 했어요! 좋은 생각이라고 해주시니 뿌듯한걸요?	N	2022-06-24 05:18:29	2022-11-08 03:45:21
BE22003246	12	1	엄마도 신경 써서 사 가지고 와준다고 하니 우리 딸의 배려심에 다시 한번 감동이었어. 엄마와 연락한다고 노래방에서 친구들과 즐겁게 놀지 못 하면 안 되니 즐겁게 놀고 연락 주렴. 기다리고 있을게.	N	2022-06-24 05:18:29	2022-11-08 03:45:21
BE22003246	13	0	네 엄마. 이해해주셔서 감사해요. 오늘은 학원이 쉬는 날이어서 놀았고 다음 주부터는 정상 일정으로 나가려고 해요.	N	2022-06-24 05:18:29	2022-11-08 03:45:21
BE22003246	14	1	일정 정리까지 완벽하게 해 두었구나? 신이 나서 공부도 더 열심히 하겠는걸? 말해준 일정 엄마가 잘 참고하고 있을게!	N	2022-06-24 05:18:29	2022-11-08 03:45:21
BE22003246	15	0	네 엄마 그럼 신나게 놀고 안전하게 귀가하도록 할게요! 조금 이따가 뵈어요!	Y	2022-06-24 05:18:29	2022-11-08 03:45:21
