id	utterance_id	utterance_type	utterance_text	terminate	regDate	updDate
BE22012073	1	0	엄마, 요즘 저에게도 엄청 소중한 사람이 생긴 것 같아요. 엄마보단 아니지만요 헤헤.	N	2022-07-27 08:20:35	2022-11-08 04:41:59
BE22012073	2	1	우리 딸, 무슨 좋은 일이라도 있니? 그 사람이 누군지 엄마는 너무 궁금하구나.	N	2022-07-27 08:20:35	2022-11-08 04:41:59
BE22012073	3	0	제가 요즘에 학교 동기랑 우연한 기회로 친해지게 되었거든요. 그 사람과 저랑 성격부터 모든 면에서 다 찰떡같이 잘 맞아요. 대학교에서 친구 사귀기란 불가능할 줄 알았는데 그런 걱정이 무색하게 너무 잘 지내고 있어요.	N	2022-07-27 08:20:35	2022-11-08 04:41:59
BE22012073	4	1	우리 딸에게 소중한 인연이 생겨 정말 감사하고 기분 좋겠다. 우리 딸이 마음 맞는 좋은 사람을 만나 잘 지낸다니 그 무엇보다도 좋은 소식이네.	N	2022-07-27 08:20:35	2022-11-08 04:41:59
BE22012073	5	0	정말 깊은 대화까지 나누다 보니 이 친구가 정말 인연이라는 생각이 들더라고요. 제가 힘든 일이 있을 때마다, 저를 위로해주고 응원해줘요. 그래서 저도 이 친구에게 네 뒤에는 항상 내가 있으니 걱정하지 말라는 그런 말들도 해줘요. 너무 좋아요.	N	2022-07-27 08:20:35	2022-11-08 04:41:59
BE22012073	6	1	우리 딸이 긍정적인 영향을 받아 기분이 되게 좋은 것 같네. 좋은 사람을 만났다는 기쁨에 우리 딸이 참 행복할 것 같아. 왜 그런 생각이 드는지 충분히 이해가 갈 정도로 좋은 인연이구나.	N	2022-07-27 08:20:35	2022-11-08 04:41:59
BE22012073	7	0	요즘 이 친구랑 맛있는 것도 먹으러 다니고, 재밌는 곳도 많이 다니고 있어요. 덕분에 학교생활이 정말 재밌어서 행복해요. 이 친구도 저한테 의지를 많이 하는 만큼 서로에 대한 신뢰도가 두터워졌다는 생각에 너무 기쁘네요!	N	2022-07-27 08:20:35	2022-11-08 04:41:59
BE22012073	8	1	우리 딸이 얼마나 보람되게 학교생활을 하고 있는지 잘 알겠구나. 우리 딸이 정말 기분 좋을 것 같아. 살면서 한번 만나기도 어려운 귀인을 만났으니 얼마나 행복하겠어.	N	2022-07-27 08:20:35	2022-11-08 04:41:59
BE22012073	9	0	엄마 말씀대로 제 인생의 귀인인 이 친구에게 마음을 다해서 행동하려고요. 네 뒤에는 항상 내가 있다고 말했다는 말에 친구도 정말 감명받았다고 항상 말하더라고요. 그래서 정말 고마웠고, 또 정말 벅차게 행복했어요.	N	2022-07-27 08:20:35	2022-11-08 04:41:59
BE22012073	10	1	우리 딸이 정말 행복하겠구나. 사람이 사람에게 그런 긍정적인 영향을 끼친다는 건 정말 바람직한 것 같아. 우리 딸이 정말 건전한 방법으로 교우관계를 잘 유지하고 있는 것 같아서 엄마로서도 참 뿌듯하구나.	N	2022-07-27 08:20:35	2022-11-08 04:41:59
BE22012073	11	0	앞으로도 이렇게 좋은 관계를 쭉 유지했으면 좋겠어요. 소중함을 잃지 않고 꾸준히 잘 해주려고요. 참 제가 친구 잘 사귄 것 같아요.	N	2022-07-27 08:20:35	2022-11-08 04:41:59
BE22012073	12	1	우리 딸이 워낙 착하고 또 배려심이 깊잖아. 주변 사람들도 잘 챙기고 말이야. 항상 긍정적이고 친절한 우리 딸이기에 그만큼 좋은 사람도 주변에 생기는 거란다.	N	2022-07-27 08:20:35	2022-11-08 04:41:59
BE22012073	13	0	그렇게 말해주셔서 감사해요. 앞으로도 이 친구랑 대학 생활 재미나고 보람차게 잘 해볼게요. 엄마도 저 믿고 응원해주실 거죠?	N	2022-07-27 08:20:35	2022-11-08 04:41:59
BE22012073	14	1	당연하지. 우리 딸이 가는 길은 어떤 길이건 상관없이 응원할 거란다. 그 예쁜 마음 오래 유지하렴, 우리 딸.	N	2022-07-27 08:20:35	2022-11-08 04:41:59
BE22012073	15	0	감사해요, 엄마! 얼른 뵙고 싶어요. 조만간 집에 꼭 갈게요.	Y	2022-07-27 08:20:35	2022-11-08 04:41:59
