id	utterance_id	utterance_type	utterance_text	terminate	regDate	updDate
BE22016099	1	0	엄마 오늘 몸이 안 좋아 보여서 제가 대신 설거지를 했어요. 요즘 제가 할 수 있는 일이 없다고 생각했는데 이렇게 도움이 된다고 생각하니 기뻤어요.	N	2022-08-29 03:01:50	2022-08-29 03:01:50
BE22016099	2	1	이렇게 나를 생각해주는 아들이 있다니 아주 기쁘다. 말하지 않아도 항상 아들이 나를 도우려 노력하고 있다는 걸 알고 있어.	N	2022-08-29 03:01:50	2022-11-08 05:07:10
BE22016099	3	0	그런가요? 요즘 제가 취업에도 여러 번 실패했는데 이해해주셨잖아요. 저는 항상 엄마에게 많은 걸 받았지 해드린 건 별로 없다고 생각했어요. 그런데 비록 작은 일이지만 설거지라도 거들 수 있어 기뻤어요.	N	2022-08-29 03:01:50	2022-08-29 03:01:50
BE22016099	4	1	본래 세심한 행동에서 배려를 느끼고 상대도 기뻐하잖아. 상대를 기쁘게 하는 모든 일은 사소하지 않다고 생각해. 그리고 상대의 호의를 당연하게 여기지 않고 기뻐하는 자세가 정말 멋져.	N	2022-08-29 03:01:50	2022-11-08 05:07:11
BE22016099	5	0	저도 처음에는 엄마를 위해 설거지를 했지만 하는 동안 기분이 좋았어요. 요즘 여러 번 취업에 떨어지고 제가 할 수 있는 일이 없는 것처럼 느껴졌거든요. 제가 설거지를 하고 주변을 깨끗하게 만드는 것처럼 아직 가능한 일이 있다고 생각하니 기뻐졌어요.	N	2022-08-29 03:01:50	2022-08-29 03:01:50
BE22016099	6	1	맞아. 취업에 실패했다고 인생의 모든 가능성이 끝나는 건 아니잖아. 일상을 유지하고 일궈나갈 힘이 있다면 그다음의 일도 해낼 수 있을 거야. 우리 아들이 스스로 자신의 가능성을 재발견하고 기뻐했다니 나도 기분이 좋아.	N	2022-08-29 03:01:50	2022-11-08 05:07:11
BE22016099	7	0	엄마가 그렇게 말해주니 기쁘네요. 설거지를 끝내고 말끔해진 싱크대를 보며 저는 만족스러웠지만 엄마에겐 큰일이 아니잖아요. 제가 작은 일을 하곤 너무 기뻐한다고 생각했어요.	N	2022-08-29 03:01:50	2022-11-08 05:07:11
BE22016099	8	1	일상의 작은 기쁨이 쌓여서 인생의 큰 행복과 힘을 이루게 되잖아. 그러니 이번에 설거지를 하면서 얻은 감정도 결코 사소하지 않다고 생각해. 아주 작은 일에도 기뻐하며 움직이다 보면 기운이 나고 인생이 즐겁게 느껴지니까 충분히 기쁜 일이야.	N	2022-08-29 03:01:50	2022-11-08 05:07:11
BE22016099	9	0	저는 아직 목표를 이루지 못한 상태에서 기뻐하면 안 된다고 생각했어요. 취업을 하고 효도를 해야 기뻐할 자격이 있다고 여겼어요. 그래서 설거지를 하면서 만족하던 것도 자기만족일 뿐인 건 아닐까 의심했어요.	N	2022-08-29 03:01:50	2022-11-08 05:07:11
BE22016099	10	1	꼭 큰 성과를 이루거나 대단한 일을 해내야만 기쁨을 느낄 자격이 주어지는 건 아니라고 생각해. 아들이 겪는 인생의 모든 과정에는 나름의 의미와 이유가 있고 거기서 배움을 얻으며 성장하잖아. 목표에는 도달하지 못해도 과정에서 이뤄낸 것들에 기뻐하면 분명 앞으로 나아갈 힘도 커질 거야.	N	2022-08-29 03:01:50	2022-11-08 05:07:11
BE22016099	11	0	엄마와 대화를 하니까 정말 기운이 많이 나요. 오늘 제 행동에 충분한 가치와 의미가 있다고 생각하니 더 기쁘네요. 저도 엄마에게 도움이 되었나요?	N	2022-08-29 03:01:50	2022-08-29 03:01:50
BE22016099	12	1	아들이 기뻐하는 모습만으로도 나에겐 힘이 돼. 기뻐하는 사람 옆에 있으면 상대도 기분이 좋아지잖아. 그런 긍정적인 마음을 갖추는 것만으로도 충분히 도움이 됐어.	N	2022-08-29 03:01:50	2022-11-08 05:07:11
BE22016099	13	0	저도 저를 이해하고 함께 기뻐해주는 엄마가 있어서 기분이 좋아요. 덕분에 앞으로 다시 취업에 도전할 기운이 생겼어요. 제가 앞으로 잘 해낼 수 있을까요?	N	2022-08-29 03:01:50	2022-08-29 03:01:50
BE22016099	14	1	꼭 목표에 도달하지 않더라도 가진 것에서 가능성을 발견하는 게 중요하잖아. 그런 일상의 기회와 기쁨을 안다면 이미 성공한 삶이야. 그러니 부담 갖지 말고 다시 힘내보자.	Y	2022-08-29 03:01:50	2022-11-08 05:07:11
