id	utterance_id	utterance_type	utterance_text	terminate	regDate	updDate
BE22015476	1	0	엄마, 엄마도 저를 가졌을 때 이렇게 힘들었어요? 입덧 때문에 정말 죽을 것 같아요.	N	2022-08-24 07:54:23	2022-08-24 07:54:23
BE22015476	2	1	에고, 우리 딸이 입덧 때문에 고생이라니 너무 걱정스럽구나. 지금이 제일 힘든 시기라서 더 그럴 거야, 몸조리는 잘하고 있어? 사위가 잘 챙겨주니?	N	2022-08-24 07:54:23	2022-11-08 05:03:18
BE22015476	3	0	그럼요, 이이가 너무 잘 챙겨줘서 몸은 힘들지만, 마음은 기쁜 나날을 보내고 있어요. 진짜 웃긴 게 있는데, 임신한 건 저인데 입덧은 이이도 같이한다니까요? 둘 다 입덧하는 게 너무 신기해요.	N	2022-08-24 07:54:23	2022-11-08 05:03:18
BE22015476	4	1	어머, 남편이 아내를 너무 사랑하면 같이 입덧하는 경우가 있다던데, 우리 사위가 그런가 보다. 덕분에 몸과는 다르게 네 마음만큼은 사랑으로 가득 찬 기분이겠구나. 엄마도 임신했을 때 네 아빠가 같이 입덧했었는데, 그때 얼마나 사랑받는 느낌이 들던지.	N	2022-08-24 07:54:23	2022-11-08 05:03:18
BE22015476	5	0	그러니까요, 저도 처음엔 제가 자꾸 입덧하니까 덩달아 남편도 힘든가 보다 했거든요. 근데 그게 아니라 진짜 같이 입덧하는 거였어요. 진짜 어이없는데, 또 남편이 저를 그만큼 사랑해준다는 증거니까 마음은 기쁘네요.	N	2022-08-24 07:54:23	2022-11-08 05:03:18
BE22015476	6	1	사위 덕분에 네 마음이 기쁘다니 엄마도 덩달아 행복하구나, 우리 딸. 임신하고 힘들까 봐 걱정스러웠는데 오히려 둘 사이에 사랑을 확인하는 계기가 돼서 흐뭇하겠는걸.	N	2022-08-24 07:54:23	2022-11-08 05:03:18
BE22015476	7	0	맞아요, 진짜 신기하게 제가 괜찮아지면 남편도 괜찮아지고, 제가 입덧이 오면 남편도 같이 겪더라니까요? 우리 아기가 엄마만 힘들지 말라고 그러나 봐요, 진짜 웃기죠. 배 속 아이와 남편 덕분에 매일 재밌고 즐거운 날들을 보내고 있어요.	N	2022-08-24 07:54:23	2022-11-08 05:03:18
BE22015476	8	1	네 배 속의 아기가 벌써 네게 이런 기쁨을 주다니, 복덩이인 게 분명하네. 사위가 같이 입덧해주니 외롭지도 않고 든든하겠어, 몇 배로 더 사랑스러워 보일 거고. 틀림없이 네가 사위에게 둘도 없이 멋진 아내로서 챙겨주고 아껴줬기에 그렇게 사랑받을 수 있는 걸 거야.	N	2022-08-24 07:54:23	2022-11-08 05:03:18
BE22015476	9	0	제가 한 게 뭐가 있나요, 뭐. 요즘 정말 남편이 저랑 우리 아기를 정말 사랑하는구나, 하는 마음이 느껴져서 마음이 기뻐요. 임신하면 우울증도 오고 한다고 해서 걱정했는데, 전 지금이 더 행복한 것 같아요.	N	2022-08-24 07:54:23	2022-08-24 07:54:23
BE22015476	10	1	네가 행복하고 기쁘다니 엄마는 그걸로 충분하단다, 예상하지 못한 임신이라 네가 처음엔 많이 당황하고 힘들어했었잖니. 근데 오히려 네가 사랑을 확인하고 기쁨으로 마음을 채울 수 있는 계기가 되어서 정말 뿌듯하구나. 네가 좋은 사람이기에 좋은 남편과 좋은 아기가 곁에 온 거야, 다 네 덕분이란다.	N	2022-08-24 07:54:23	2022-11-08 05:03:18
BE22015476	11	0	고마워요, 엄마. 사실 처음에는 정말 고민 많이 했잖아요. 그랬던 게 언제 있었던 일인가 싶고, 지금은 모든 게 마냥 소중하고 사랑스러워요. 내 배에 소중한 생명이 자라는 것만으로도 이렇게 기쁠 수 있다는 게 놀라울 뿐이에요.	N	2022-08-24 07:54:23	2022-08-24 07:54:23
BE22015476	12	1	우리 딸이 엄마가 되어가는 모습을 엄마가 곁에서 지켜볼 수 있다는 것도 정말 행복한 일이구나. 엄마에게도 이런 행복을 줘서 고마워, 딸.	N	2022-08-24 07:54:23	2022-11-08 05:03:18
BE22015476	13	0	엄마가 그렇게 말해주니까 마음이 더 벅차오르면서 기쁘네요. 고마워요, 엄마.	N	2022-08-24 07:54:23	2022-08-24 07:54:23
BE22015476	14	1	뭘, 엄마에게는 네 행복이 최우선이란다. 혹시 먹고 싶은 거 있으면 얘기하고 말이야. 마지막까지 몸조리 잘하고 아프지 말아야 해.	Y	2022-08-24 07:54:23	2022-11-08 05:03:18
