id	utterance_id	utterance_type	utterance_text	terminate	regDate	updDate
BE22015486	1	0	엄마, 저 오늘 건강검진 결과 듣고 왔는데 아무 이상 없대요.	N	2022-08-24 08:39:57	2022-11-08 05:03:22
BE22015486	2	1	정말이니? 저번에 통화했을 때 아들이 무척 걱정한 것 같던데 이제 걱정을 안 해도 되겠다. 진짜 다행이구나.	N	2022-08-24 08:39:57	2022-11-08 05:03:22
BE22015486	3	0	저 사실 결과 기다리는 동안에 많이 불안했었거든요. 건강검진 받기 전에 일도 무리하게 하고 술도 많이 마셨거든요. 그래서 혹시나 안 좋게 나오면 어쩌나 했는데 너무 기뻐서 제일 먼저 연락드렸어요.	N	2022-08-24 08:39:57	2022-11-08 05:03:22
BE22015486	4	1	혼자 속으로 걱정하느라 많이 힘들었겠다. 걱정하는 티 내면 네가 더 불안해할까 봐 티를 못 냈는데 이상이 없다니까 정말 다행이구나.	N	2022-08-24 08:39:57	2022-11-08 05:03:22
BE22015486	5	0	걱정 끼쳐 죄송해요. 예전에는 건강검진 받는 것도 귀찮아했는데 며칠 동안 불안해하는 절 보면서 많이 깨달았어요. 안 좋은 생각까지 들더라고요.	N	2022-08-24 08:39:57	2022-11-08 05:03:22
BE22015486	6	1	가끔 일 많이 하는 아들 보면서 걱정을 많이 했단다. 그래도 너는 너 자신을 잘 관리하는 아이니 조용히 지켜봤지.	N	2022-08-24 08:39:57	2022-11-08 05:03:22
BE22015486	7	0	건강이 정말 중요하다는 걸 깨달았어요. 일하는 것도 좋은데 이제는 무리하지 않으려고요. 이런 경험을 하고 나니까 깨닫는 제가 조금 부끄럽네요.	N	2022-08-24 08:39:57	2022-11-08 05:03:22
BE22015486	8	1	너무 힘이 들 땐 한 번쯤은 쉬어가는 것도 좋은 방법이라고 생각해.	N	2022-08-24 08:39:57	2022-11-08 05:03:22
BE22015486	9	0	그렇게 말씀해주셔서 감사해요. 이제 밥도 잘 챙겨 먹고 쉬는 날에는 운동도 시작해보려고요. 시작이 반이라고 이제라도 시작할 수 있어서 기뻐요.	N	2022-08-24 08:39:57	2022-11-08 05:03:22
BE22015486	10	1	정말 좋은 생각인 것 같구나. 역시 너는 현명해. 마음을 다짐하는 것부터 시작이라고 생각해.	N	2022-08-24 08:39:57	2022-11-08 05:03:22
BE22015486	11	0	그렇게 말씀해주시니까 열심히 건강관리 할 수 있을 것 같아요! 소홀해지지 않을게요.	N	2022-08-24 08:39:57	2022-08-24 08:39:57
BE22015486	12	1	좋은 생각이야 아들. 주말에 집에 오면 엄마가 건강한 음식으로 맛있게 준비해두마.	N	2022-08-24 08:39:57	2022-11-08 05:03:22
BE22015486	13	0	감사해요, 엄마. 혼자 생각만 하고 있었는데 엄마께 말씀드리니까 더 열심히 할 수 있을 것 같아요.	N	2022-08-24 08:39:57	2022-11-08 05:03:22
BE22015486	14	1	다행이구나. 그렇다면 엄마랑 이번 주에 등산에 가는 건 어떻니?	N	2022-08-24 08:39:57	2022-08-24 08:39:57
BE22015486	15	0	네! 너무 좋아요!	Y	2022-08-24 08:39:57	2022-08-24 08:39:57
