id	utterance_id	utterance_type	utterance_text	terminate	regDate	updDate
BE22025782	1	0	자기야. 어떻게 이럴 수가 있어. 나 진짜 너무 상처받았어.	N	2022-10-08 14:42:12	2022-10-08 14:42:12
BE22025782	2	1	이 늦은 밤에 갑자기 뭔 이런 비관적인 문자야. 무슨 일 있어?	N	2022-10-08 14:42:12	2022-10-08 14:42:12
BE22025782	3	0	내가 좋아하는 작가 있잖아. 그 작가가 처음에는 잠시 휴재를 하는 것 같더니 이제는 너무 자주 하는 거 있지? 챙겨 보는 웹툰이 휴재했어. 진짜 상처받았어.	N	2022-10-08 14:42:12	2022-11-08 06:08:17
BE22025782	4	1	네가 기다리던 작품이 한동안 연재를 안 해서 큰 상처를 받았구나. 왜 안 그러겠어. 누구나 상처받을만한 상황이야.	N	2022-10-08 14:42:12	2022-11-08 06:08:17
BE22025782	5	0	진짜 큰 배신감에 아무런 의욕이 없어. 어떻게 사람 뒤통수를 이렇게 칠 수가 있지. 내가 정말 좋아했던 작가인데 너무 상처받아서 눈물 나.	N	2022-10-08 14:42:12	2022-11-08 06:08:17
BE22025782	6	1	믿었던 만큼 배신감이 더 크니까 보구나. 얘기 듣는 나도 이렇게 속이 상하는데 너는 얼마나 상처받았겠어. 내 마음이 더 아프네.	N	2022-10-08 14:42:12	2022-11-08 06:08:17
BE22025782	7	0	휴재를 잠시 하는가 싶더니 휴재 이유도 공지 없이 계속 반복하더라고 본인을 위해서였던 거야. 믿기지 않아.	N	2022-10-08 14:42:12	2022-10-08 14:42:12
BE22025782	8	1	차라리 독자들에게 솔직하게 공지했더라면 네가 이렇게 상처받지는 않았을 텐데. 휴재 이유는 작가에게 물어본 거야?	N	2022-10-08 14:42:12	2022-10-08 14:42:12
BE22025782	9	0	아니. 독자들 의견도 안 보고 소통도 피하시더라. 나중에 공지로 죄송하다고 글이 올라오긴 했어. 그게 더 마음 아픈 거 있지?	N	2022-10-08 14:42:12	2022-10-08 14:42:12
BE22025782	10	1	그 사람은 그래도 독자들에게 미안한 감정이 있나 보다. 자기야 너는 어떻게 하고 싶어? 그냥 이대로 상처받은 채 안 보고 싶은 거니?	N	2022-10-08 14:42:12	2022-10-08 14:42:12
BE22025782	11	0	아니. 그건 아닌데 솔직히 어떻게 해야 할지 모르겠어. 상처받은 마음이 커서 솔직히 밉기도 하고 서운해. 하지만 이대로 웹툰 결말도 못 보고 끝내고 싶지는 않은 거 같아.	N	2022-10-08 14:42:12	2022-10-08 14:42:12
BE22025782	12	1	크게 분노할만한데 휴재를 기다려주고 싶어 하는 자기 마음이 너무 대견하네. 자기는 참 마음이 넓은 거 같아.	N	2022-10-08 14:42:12	2022-11-08 06:08:17
BE22025782	13	0	웹툰을 보면서 위로도 많이 받았던 작가라서 그런 거 같아. 그래서 그런지 더 큰 상처를 받았고 정말 마음속이 엉망진창이야.	N	2022-10-08 14:42:12	2022-10-08 14:42:12
BE22025782	14	1	그래도 자기가 작가의 웹툰을 포기하고 싶지 않은 거라면 부정적인 감정은 조금 내려 놓아보자. 시간이 지나면 잘 풀릴지도 몰라. 잘 해결될 거야.	N	2022-10-08 14:42:12	2022-11-08 06:08:17
BE22025782	15	0	정말 그럴까? 시간이 지나고 휴재 기간도 끝나면 내 상처받은 마음이 좀 풀리겠지?	N	2022-10-08 14:42:12	2022-10-08 14:42:12
BE22025782	16	1	응. 분명 그럴 거야. 잘 풀릴 테니까 너무 걱정하지 말고 자기의 상처받은 마음을 달래보자. 분명 잘 해결될 거야.	N	2022-10-08 14:42:12	2022-11-08 06:08:17
BE22025782	17	0	응. 그럼 그렇게 해볼게. 자기가 이렇게 위로해주니까 내 마음이 좀 풀리는 거 같아. 내가 내일 다시 문자 보낼게.	Y	2022-10-08 14:42:12	2022-10-08 14:42:12
