id	utterance_id	utterance_type	utterance_text	terminate	regDate	updDate
BE22027599	1	0	자기야, 나 너무 상처받는 일이 있었어. 나한테 시간 좀 내주실 수 있어?	N	2022-10-12 09:58:38	2022-10-12 09:58:38
BE22027599	2	1	자기한테 무슨 일이 있었길래 그렇게 풀이 죽은 거야? 심각한 일이 아니었으면 좋겠다.	N	2022-10-12 09:58:38	2022-11-08 06:19:07
BE22027599	3	0	이번에 내가 휴학을 하게 될 것 같아. 사실은 집안 사정이 별로 좋지 않아서 휴학해야 해. 그게 나한테 너무 상처를 주네.	N	2022-10-12 09:58:38	2022-10-12 09:58:38
BE22027599	4	1	자기한테 그런 일이 있는 줄은 전혀 짐작도 못 했어. 자기가 그렇게 힘들어하는 줄은 몰랐는데 알아차리지 못해서 내가 너무 미안해.	N	2022-10-12 09:58:38	2022-11-08 06:19:07
BE22027599	5	0	나는 대학교에서 공부하는 게 너무 즐거운데 이런 일로 휴학을 하게 되어서 너무 힘들어. 이 상처를 어떻게 하면 좋을지 모르겠어.	N	2022-10-12 09:58:38	2022-10-12 09:58:38
BE22027599	6	1	자기가 피치 못할 사정으로 휴학을 하게 되어서 그렇게 상처를 받았구나. 내가 자기 입장이었어도 그렇게 느꼈을 거야. 자기가 여태껏 정말 많이 힘들었겠다.	N	2022-10-12 09:58:38	2022-11-08 06:19:07
BE22027599	7	0	나는 내가 등록금이 모자라서 휴학을 하게 될 거라고는 생각도 못 했어. 이제야 적응하고 다니는데 이렇게 되어버려서 너무 속상하고 큰 상처를 받았어.	N	2022-10-12 09:58:38	2022-11-08 06:19:07
BE22027599	8	1	나는 자기가 그런 고민을 하고 있는 줄도 몰랐어. 자기가 혼자서 힘들어했을 걸 생각하니까 내가 마음이 너무 아프다. 내가 자기한테 힘이 되어주지 못한 것 같아서 슬프다.	N	2022-10-12 09:58:38	2022-11-08 06:19:07
BE22027599	9	0	나 정말로 열심히 공부했는데 장학금을 놓쳐서 일이 이렇게 됐어. 내가 조금 더 열심히 했으면 이런 일은 없었을 거라고 생각하니까 내 자신이 너무 한심해.	N	2022-10-12 09:58:38	2022-10-12 09:58:38
BE22027599	10	1	자기가 실수한 바람에 일이 이렇게 되어버렸다고 자책하고 있었구나. 자기 마음의 상처가 얼마나 클지 짐작이 안 간다. 하지만 나는 자기가 너무 자책하지 않았으면 좋겠어.	N	2022-10-12 09:58:38	2022-11-08 06:19:08
BE22027599	11	0	내가 너무 바보 같은 짓을 한 것 같아. 한순간의 실수로 일이 이렇게 되어버리니까 너무 허탈하고 상처받았어.	N	2022-10-12 09:58:38	2022-11-08 06:19:08
BE22027599	12	1	자기 노력이 부정당하는 느낌이 뭔지 알아. 하지만 자기는 분명히 이 일을 발판 삼아 더 나아갈 수 있을 거야. 나중에는 이런 일도 있었구나 하고 웃는 날이 분명히 올 거라고 믿어 의심치 않아.	N	2022-10-12 09:58:38	2022-11-08 06:19:08
BE22027599	13	0	자기가 그렇게 말해주니까 내 마음이 많이 진정된다. 자기 같은 사람이 내 옆에 있어 줘서 얼마나 든든한지 몰라.	N	2022-10-12 09:58:38	2022-11-08 06:19:08
BE22027599	14	1	내가 자기한테 도움이 되었다니까 너무 다행이다. 자기가 받은 상처를 내가 치유할 수 있으면 좋겠어. 항상 자기가 행복하기만 했으면 나는 정말 좋을 거야.	N	2022-10-12 09:58:38	2022-11-08 06:19:08
BE22027599	15	0	위로해줘서 정말 고마워. 자기 덕분에 내 마음이 많이 진정됐어. 항상 고맙고 사랑해!	Y	2022-10-12 09:58:38	2022-11-08 06:19:08
