id	utterance_id	utterance_type	utterance_text	terminate	regDate	updDate
BE22024423	1	0	오늘 친구한테 밥 사주려고 식사를 같이 했어. 그런데 기분 좋게 한 턱 쏘려고 나간 자리에서 싫은 소리 듣고 상처만 받았네.	N	2022-10-05 07:49:35	2022-10-05 07:49:35
BE22024423	2	1	친구랑 다투기라도 한 거야? 기분 좋게 갔다 온다고 했던 것 같은데, 기분이 안 좋아 보여.	N	2022-10-05 07:49:35	2022-11-08 06:00:12
BE22024423	3	0	카운터에서 결제하려고 내 카드를 내밀었는데 친구가 이게 뭐냐고 묻더라. 그래서 내 카드라고 했더니 우리 나이가 몇인데 아직도 이런 유치한 디자인을 쓰냐고 비웃잖아.	N	2022-10-05 07:49:35	2022-10-05 07:49:35
BE22024423	4	1	아무리 친한 사이라고 해도 기분 나쁠만한 말을 하다니 너무하네. 자기가 그 자리에서 얼마나 불쾌하고 상처받았겠어.	N	2022-10-05 07:49:35	2022-11-08 06:00:12
BE22024423	5	0	그냥 내가 좋아하는 캐릭터가 그려진 카드일 뿐이었는데 식당 직원 앞에서 창피를 주더라. 그 상황이 나에겐 너무 창피하고 상처가 된 순간이었어.	N	2022-10-05 07:49:35	2022-10-05 07:49:35
BE22024423	6	1	둘만 있을 때 그런 것도 아니고 타인이 보는 앞에서 그런 행동을 한 건 무례하다. 좋은 마음으로 나간 약속에서 그런 소리를 들었으니 자기가 정말 상처받았을 것 같아.	N	2022-10-05 07:49:35	2022-11-08 06:00:12
BE22024423	7	0	게다가 내가 나이가 그렇게 많은 것도 아닌데 저런 이야기를 들어서 더 상처야. 그냥 캐릭터일 뿐인데 내가 왜 저런 말을 들어야 했는지 모르겠어. 친구가 나를 무시하는 것 같고, 나잇값 못하는 사람이 된 것 같아.	N	2022-10-05 07:49:35	2022-10-05 07:49:35
BE22024423	8	1	자기 취향이 그런 말을 들어야 할 정도로 유치하거나 잘못된 게 아니야, 친구가 심했어. 카드 디자인이 유치하면 뭐 어때, 자기가 자기 카드 쓴다는데 뭐라고 하는 게 이상하지. 카드 하나로 자기의 가치가 달라지는 것도 아닌데 너무 신경 쓰지 않았으면 좋겠어.	N	2022-10-05 07:49:35	2022-11-08 06:00:12
BE22024423	9	0	훌훌 털어버리고 싶은데 당시의 상황이 너무 생생하게 기억나. 친구에게 무시당한 기분과 직원 앞에서 창피당한 게 너무 상처였어.	N	2022-10-05 07:49:35	2022-10-05 07:49:35
BE22024423	10	1	무례한 행동으로 자기가 상처받은 것 이해해, 듣는 것만으로 나도 속상한걸. 그래도 친구가 벌인 무례한 행동에 진심으로 상처받고 혼란스러워하지는 않았으면 좋겠어. 자기를 깎아내리기 위한 말에 일일이 반응해 주면 결국 지치고 상처받는 건 자기잖아.	N	2022-10-05 07:49:35	2022-11-08 06:00:12
BE22024423	11	0	듣고 보니 자기 말이 맞네. 날 진심으로 걱정해 준 것도 아니고 그냥 비웃었을 뿐인 것 같아. 그거에 대해 하나하나 반응해 줄 필요는 없지.	N	2022-10-05 07:49:35	2022-11-08 06:00:12
BE22024423	12	1	그래, 자기도 자기 카드엔 문제가 없다는 걸 알고 있잖아. 상처받은 순간을 아예 잊기는 힘들겠지만 그 감정에서 빠져나와보도록 해보자.	N	2022-10-05 07:49:35	2022-11-08 06:00:12
BE22024423	13	0	응, 자기 말을 듣고 나니 좀 지정이 돼. 상처 준 건 그 친구인데 내가 나 스스로를 옥죌 필요는 없을 것 같아.	N	2022-10-05 07:49:35	2022-11-08 06:00:12
BE22024423	14	1	자기 기분이 점점 나아지고 있는 것 같아서 다행이다. 좋은 말과 좋은 순간만 가슴에 담고 살아갔으면 좋겠어.	N	2022-10-05 07:49:35	2022-11-08 06:00:12
BE22024423	15	0	자기가 있어서 힘이 나는 것 같아, 고마워. 아까 그 일은 이겨내 보도록 해봐야겠어.	Y	2022-10-05 07:49:35	2022-11-08 06:00:13
