id	utterance_id	utterance_type	utterance_text	terminate	regDate	updDate
BE22025471	1	0	자기야, 요즘 잘 지냈어? 난 요즘 아버지와 관계가 악화 되는 것 같아서 마음이 좀 무거워.	N	2022-10-07 19:38:41	2022-11-08 06:06:27
BE22025471	2	1	그렇지 않아도 지난번 만났을 때 자기 표정이 어두워서 걱정이었어. 요즘 이래저래 바쁠 텐데, 무슨 일로 그래?	N	2022-10-07 19:38:41	2022-11-08 06:06:27
BE22025471	3	0	회사 관두고 스타트업 사업 준비한다고 말씀드렸더니, 아버지께서 버럭 화를 내시는 거야. 말대꾸했다가 따귀까지 맞으니, 마음의 상처가 점점 더 깊어지는 것 같아.	N	2022-10-07 19:38:41	2022-11-08 06:06:27
BE22025471	4	1	자기는 평소에도 아버지를 어려워하는데, 지금 마음이 어떨지 짐작조차 할 수 없네. 난 이야기만 들어도 마음이 무너지는 것 같아.	N	2022-10-07 19:38:41	2022-11-08 06:06:27
BE22025471	5	0	이 나이에 그런 일을 겪으니, 마음에 응어리가 생기고 착잡해. 누구에게 털어놓고 말하기 부끄럽기도 하고. 자기에게 말하고 나니 내 모습이 너무 초라하고 한심하게 느껴져.	N	2022-10-07 19:38:41	2022-10-07 19:38:41
BE22025471	6	1	내가 아는 자기는 괜한 일로 쉽게 마음의 상처를 받을 사람이 아니야. 무슨 말로 자기 마음을 어루만져 줘야 할지 몰라 가슴이 먹먹해.	N	2022-10-07 19:38:41	2022-11-08 06:06:27
BE22025471	7	0	2년 전 대학 마치고 입사할 때도 아버지와 갈등이 있었거든. 시간이 지나면 내 의견 존중하겠다고 하셨는데, 저렇게 막무가내로 나오시는 아버지를 보니 억울한 생각마저 들어.	N	2022-10-07 19:38:41	2022-10-07 19:38:41
BE22025471	8	1	아버지 입장도 있겠지만, 자기로서는 너무 괴로운 마음이 들 것 같아. 어디에 하소연하지도 못했을 텐데, 힘든 자기 떠올리니 내 마음이 너무 아파.	N	2022-10-07 19:38:41	2022-11-08 06:06:27
BE22025471	9	0	이 일로 아버지와의 관계가 더 악화될 것만 같아서 마음이 무거워. 이젠 아버지와 마음을 열고 이야기조차 나눌 수도 없을 것 같아. 가족이 이렇게 힘든 관계인지 예전에는 미처 몰랐어.	N	2022-10-07 19:38:41	2022-10-07 19:38:41
BE22025471	10	1	자기는 늘 신중하고, 표현은 잘 못 하지만 마음은 누구보다 따뜻한 사람이잖아. 지금은 힘들겠지만, 언젠가 아버지와 마음을 열고 서로를 이해할 때가 올 거야. 힘든 일 있으면 언제든 내게 편하게 말하고. 알았지?	N	2022-10-07 19:38:41	2022-11-08 06:06:27
BE22025471	11	0	며칠 동안 혼자 속앓이를 했는데, 자기에게 말하고 나니 마음이 좀 가벼워지네. 정말 고마워, 자기야.	N	2022-10-07 19:38:41	2022-10-07 19:38:41
BE22025471	12	1	이제야 평소처럼 자신감 넘치는 자기 모습을 보는 것 같아서 정말 다행이야. 나도 앞으로 자기 마음 더 세심하게 챙겨 줄게.	N	2022-10-07 19:38:41	2022-11-08 06:06:27
BE22025471	13	0	자기처럼 현명하고 마음 따뜻한 사람을 만나게 된 건 정말 행운인 것 같아. 늘 내게 힘이 되어 줘서 감사하게 생각해.	N	2022-10-07 19:38:41	2022-10-07 19:38:41
BE22025471	14	1	나도 어려운 이야기 꺼내 준 자기에게 고마워. 그럼 푹 쉬고 주말에 얼굴 보자.	N	2022-10-07 19:38:41	2022-11-08 06:06:27
BE22025471	15	0	그래, 자기도 건강하게 잘 지내. 오늘 정말 고마워, 자기야.	Y	2022-10-07 19:38:41	2022-10-07 19:38:41
