id	utterance_id	utterance_type	utterance_text	terminate	regDate	updDate
BE22024172	1	0	자기야, 나 근로장려금 신청해보려고 하는데 이런 상황 자체가 나한테 상처인 것 같아.	N	2022-10-04 16:10:10	2022-10-04 16:10:10
BE22024172	2	1	갑자기 근로장려금은 왜? 자기 취업준비하려고 그러는거야? 무슨 심경의 변화가 있어서 그런 결정을 했어?	N	2022-10-04 16:10:10	2022-10-04 16:10:10
BE22024172	3	0	우리 집이 많이 가난하잖아. 내가 취업을 하긴 했지만 아직 내가 버는 돈으로는 많이 부족해서 그래. 그런데 이런 상황이 나한테 너무 버거운 것 같아.	N	2022-10-04 16:10:10	2022-10-04 16:10:10
BE22024172	4	1	현실이 자기한테 부담이 많아서 큰 상처를 받았구나. 자기가 너무 좌절하는 거 같아서 내가 다 마음이 안 좋아.	N	2022-10-04 16:10:10	2022-11-08 05:58:44
BE22024172	5	0	부모님은 상관말고 일만 열심히 하라고 하시는데 내가 장남이라 자꾸 신경이 쓰여. 내가 더 좋은 회사에 갔으면 월급도 많이 받아서 부모님 고생시키지 않았을텐데. 대학을 졸업하고 바로 취직하는 게 아니라 대학원에 가서 더 공부하는 꿈을 이룰 걸 그랬어.	N	2022-10-04 16:10:10	2022-10-04 16:10:10
BE22024172	6	1	자기가 지금 마음이 상처를 많이 받아서 많이 힘든가보다. 대학원에 진학하는 건 자기 꿈이었다고 알고있는데 그렇게 신경 쓰이면 다시 준비해보는 거 어때? 나는 자기가 후회하지 않을 선택을 했으면 좋겠어.	N	2022-10-04 16:10:10	2022-11-08 05:58:44
BE22024172	7	0	내가 이기적이라서 그런가 내 꿈을 다시 시작하고 싶은데 못한다는 현실이 너무 큰 상처야. 내가 이런 선택을 해야 한다는 것 자체가 너무 싫고 가끔 부모님이 원망스러울 때도 있어.	N	2022-10-04 16:10:10	2022-10-04 16:10:10
BE22024172	8	1	자기가 그런 생각을 하는 건 절대 잘못된 일이 아니니까 너무 신경 쓰지 마. 자기는 꿈에 대해서 얘기할 때 눈빛이 엄청 빛났는데 그런 소중한 걸 포기했던 거잖아. 그러니까 나는 자기가 충분히 그렇게 느낄 수 있다고 생각해.	N	2022-10-04 16:10:10	2022-11-08 05:58:44
BE22024172	9	0	언감생심이라고 처음부터 괜히 그런 꿈을 가졌나봐. 나 주제에 괜히 꿈을 가져서 기대를 하니까 이런 상처나 받는 거지.	N	2022-10-04 16:10:10	2022-10-04 16:10:10
BE22024172	10	1	자기가 꿈을 가지고 매 순간 최선을 다하면서 열심히 살았던 건 내가 제일 잘 알아. 자기가 여태껏 해왔던 일이 무너져서 그렇게 상처를 받았던거야. 사람이라면 누구나 그러니까 너무 자책하지 않았으면 좋겠어.	N	2022-10-04 16:10:10	2022-11-08 05:58:44
BE22024172	11	0	내가 어떻게 하면 좋을지 도저히 짐작이 안가. 이렇게 상처를 받으면서까지 포기한 꿈을 다시 시작해도 되나 싶기도 하고 부모님을 도와드리고 싶기도 해.	N	2022-10-04 16:10:10	2022-10-04 16:10:10
BE22024172	12	1	자기한테 정말 소중하고 중요한 꿈이잖아. 그러니까 그렇게 고민하고 상처받는 거 절대 잘못된 일 아니야. 그러니까 너무 그렇게 처져있지말고 마음 다잡고 나랑 같이 해결책을 찾아보자.	N	2022-10-04 16:10:10	2022-11-08 05:58:44
BE22024172	13	0	자기가 그렇게 말해주니까 상처받았던 내 마음이 조금 치유가 된다. 내가 잘못된 게 아니라고 말해줘서 정말로 고마워. 자기가 없었으면 나 정말 힘들었을거야.	N	2022-10-04 16:10:10	2022-10-04 16:10:10
BE22024172	14	1	내가 자기한테 도움이 되었다니까 정말 기쁘다. 나는 자기가 얼마나 열정적인 사람인지 다 알잖아. 다시 그런 자기로 돌아왔으면 좋겠어.	N	2022-10-04 16:10:10	2022-11-08 05:58:44
BE22024172	15	0	자기 덕분에 나 마음이 많이 가벼워졌어. 나 혼자서 고민하지 않고 용기를 내서 잘 해결해볼게.	Y	2022-10-04 16:10:10	2022-10-04 16:10:10
