id	utterance_id	utterance_type	utterance_text	terminate	regDate	updDate
BE22001459	1	0	부모님이 나 몰래 오빠에게 집을 증여하셨어. 우연히 오빠 방 책상에서 서류를 봤어.	N	2022-06-15 10:00:31	2022-11-08 03:33:50
BE22001459	2	1	이 세상에서 가장 든든한 지원자이자 영원한 내 편이 부모님이라고 말하는 너인데 당황스럽고 놀랐겠다. 괜찮아?	N	2022-06-15 10:00:31	2022-11-08 03:33:50
BE22001459	3	0	두 분 다 정직한 분이신 줄 알았는데 사전에 내게 의논도 없이 일을 진행하신 것에 배신감이 들어.	N	2022-06-15 10:00:31	2022-11-08 03:33:50
BE22001459	4	1	항상 공정과 공평을 중요하게 생각하시는 분들이라고 네가 존경해 왔잖아. 분명히 나름 급한 사정이 있으셨을 거야.	N	2022-06-15 10:00:31	2022-11-08 03:33:50
BE22001459	5	0	오빠도 아무 말 없었고 나만 모르고 있었던 거잖아. 가족에게서 배제되고 소외된 기분이야.	N	2022-06-15 10:00:31	2022-11-08 03:33:50
BE22001459	6	1	가족 안에서 서로를 아우르고 분위기를 유쾌하게 하는 중심 고리가 너여서 더 충격을 받았나 보다. 내가 아는 너의 부모님은 일부러 너 몰래 오빠한테만 혜택을 주기 위해서 그러실 분들이 아니야.	N	2022-06-15 10:00:31	2022-11-08 03:33:50
BE22001459	7	0	어떻게 해석해야 할지 혼란스러워. 그리고 냉정하게 따지면 부모님 재산이니 부모님 마음대로 하신 건데 내가 관여할 영역도 아닌 것 같고.	N	2022-06-15 10:00:31	2022-11-08 03:33:50
BE22001459	8	1	재산을 받고, 안 받고도 서운한 게 아니잖아. 너와 의논 없이 진행하신 것에 섭섭하고 속상한 거지.	N	2022-06-15 10:00:31	2022-11-08 03:33:50
BE22001459	9	0	맞아, 부모님이 나를 가족으로 존중한다면 가족 간에 일어나는 일에 대해서 함께 의논했어야 한다고 생각해.	N	2022-06-15 10:00:31	2022-11-08 03:33:50
BE22001459	10	1	당연히 너를 가족으로 보듬고 품으며 헌신하신 분들이지. 그런 믿음까지 흔들릴 만큼 속상한 건 알겠지만 이럴수록 솔직하고 담담하게 가족과 대화해서 오해를 풀어야지.	N	2022-06-15 10:00:31	2022-11-08 03:33:50
BE22001459	11	0	오해이면 괜찮을 텐데, 그게 아니면 용서가 안 될 것 같아서 대화하기가 두려워.	N	2022-06-15 10:00:31	2022-11-08 03:33:50
BE22001459	12	1	나는 너처럼 사람들에게 사랑을 듬뿍 주고 주변으로부터 사랑받는 사람을 본 적이 없어. 너의 모습을 통해 네 부모님이 어떤 분인지 오롯이 느낄 수 있었어. 그런 분들이 사랑하는 자식한테 상처가 될만한 일을 하실 리 없고, 설령 고의였다 하더라도 말 못 할 만한 사정이 있었을 거야.	N	2022-06-15 10:00:31	2022-11-08 03:33:50
BE22001459	13	0	순탄하지 않았던 나의 성장 과정에서 아낌없이 돕고 헌신해 주셨지. 덕분에 아무리 힘든 일이 생겨도 가슴이 따뜻했어. 가족들의 사랑이 충만해서 나를 지킬 수 있다는 믿음이 있었거든.	N	2022-06-15 10:00:31	2022-11-08 03:33:50
BE22001459	14	1	가족들이 얼마나 끈끈하게 서로를 생각하는지 네가 잘 알잖아. 걱정하지 말고 용기 내서 가족들과 이야기하고 나면 반드시 그 믿음이 더 강건해질 거야. 어느 순간이든 네 옆에 내가 있을게.	N	2022-06-15 10:00:31	2022-11-08 03:33:50
BE22001459	15	0	고마워, 힘이 되어주어서. 사실도 모르면서 우리 가족이 날 얼마나 사랑하는지 잊고 있었어. 부모님과 대화해 볼게.	Y	2022-06-15 10:00:31	2022-11-08 03:33:50
