id	utterance_id	utterance_type	utterance_text	terminate	regDate	updDate
BE22027766	1	0	자기야, 오늘 친구들을 만나고 왔는데 상처 받는 일이 있었어. 혼자 힘으로 대학에 다녀야 해서 등록금이 걱정이라고 말했거든. 근데 내가 부모님이 안 계시는 걸 뻔히 알면서 집안 도움을 받으면 되지 않냐는 거야.	N	2022-10-12 14:14:06	2022-10-12 14:14:06
BE22027766	2	1	그 친구가 자기의 가장 아픈 부분을 건드렸구나. 자기가 얼마나 가슴이 찢어지는 것처럼 상처를 받았을까. 그 모습을 생각하니까 나도 너무 마음이 아프고 속상하다.	N	2022-10-12 14:14:06	2022-11-08 06:20:07
BE22027766	3	0	그래놓고는 몰랐던 척하면서, 내가 보호 종료 아동이라는 걸 깜빡해서 미안하다고 하더라. 그 말을 듣는데 정말 너무 큰 상처를 받아서 그 자리를 박차고 나오고 싶었어. 그 자리에선 가까스로 참았는데 집에 오는 길에 상처 입은 마음에 하염없이 눈물이 났어.	N	2022-10-12 14:14:06	2022-11-08 06:20:07
BE22027766	4	1	얘기를 듣기만 해도 속이 상하고 마음이 찢어지는 것 같아. 그런 말을 듣고 누가 상처받지 않을 수가 있겠어. 그 자리에서 무너지지 않고 견뎌낸 것만으로도 정말 대단한 거야.	N	2022-10-12 14:14:06	2022-11-08 06:20:07
BE22027766	5	0	그 친구는 나를 얕보고 무시하면서 자기가 대단한 사람이 된 것 같은 우월감을 느끼나 봐. 내가 자기보다 공부를 잘하니까 질투가 나서 내게 상처를 주는 걸까? 전에는 안 그랬던 친구가 이렇게 나를 공격하니 상처가 이루 말할 수가 없어.	N	2022-10-12 14:14:06	2022-11-08 06:20:07
BE22027766	6	1	자기가 얼마나 노력했는지, 그 피나는 노력을 알지도 못하면서 함부로 말하는 거잖아. 그런 말에 자기의 기분이 좌지우지될 필요는 없어. 자기가 얼마나 성실하게 노력했는지 내가 잘 알아, 자기는 자부심을 가져도 돼.	N	2022-10-12 14:14:06	2022-11-08 06:20:07
BE22027766	7	0	나도 내가 열심히 살았다는 거 알아. 그런데 그런 대우를 받으니까 정말 너무 상처가 되는 거야. 내가 뭘 잘못했길래 그렇게까지 날 미워하나 싶어서 상처가 되더라.	N	2022-10-12 14:14:06	2022-10-12 14:14:06
BE22027766	8	1	자기야, 곰곰이 생각해 봐. 자기는 잘못한 일이 털끝 하나도 없어. 무례한 언행에 자기 자신을 상처 입히지 않았으면 해.	N	2022-10-12 14:14:06	2022-11-08 06:20:08
BE22027766	9	0	대학을 다니는 것뿐만 아니라 앞으로도 내가 오직 혼자만의 힘으로 헤쳐 나가야 할 일이 많잖아. 이렇게 상처를 받으니까 내가 잘 할 수 있을지 모르겠어. 마음의 상처로 인해 자신감이 떨어졌어.	N	2022-10-12 14:14:06	2022-11-08 06:20:08
BE22027766	10	1	자기 같은 상황에서 이만큼 해낼 수 있는 사람은 자기밖에 없을 거야. 자기는 정말 대단하고 훌륭한 사람이니까 자부심을 가져도 돼. 친구의 무례한 말 따위로는 자기의 가치를 깎아내릴 수 없어.	N	2022-10-12 14:14:06	2022-11-08 06:20:08
BE22027766	11	0	그렇게 말해주니까 상처받은 마음이 조금 풀리는 것 같아. 나를 응원해줘서 고마워. 자기의 말에 힘입어 기운 낼게.	N	2022-10-12 14:14:06	2022-11-08 06:20:08
BE22027766	12	1	나는 자기가 혼자 힘으로 이렇게까지 해낸 게 너무나 대견하고 멋져. 어떤 사람들은 주변에서 다 도와줘도 해내지 못하기도 하잖아. 쉽지 않은 길이지만 자기는 심지가 굳은 사람이니까 잘 할 수 있을 거야.	N	2022-10-12 14:14:06	2022-11-08 06:20:08
BE22027766	13	0	격려해줘서 정말 고마워. 덕분에 용기가 생기는 것 같아. 앞으로도 힘내서 잘 해볼게.	N	2022-10-12 14:14:06	2022-11-08 06:20:08
BE22027766	14	1	그래, 잘 생각했어. 자기는 분명히 잘 할 수 있을 거야. 나는 자기를 믿어, 힘내.	Y	2022-10-12 14:14:06	2022-11-08 06:20:08
