id	utterance_id	utterance_type	utterance_text	terminate	regDate	updDate
BE22027841	1	0	이제까지 계속 참다가 오늘 올라가서 조금만 조용히 해 달라고 부탁했어. 그런데 그 사람이 아이들이 뛰어노는 걸 가지고 너무 예민하게 반응한다면서 문을 닫더라. 내가 얼마나 참고 또 참다가 힘들게 꺼냈는데, 정말 상처받았어.	N	2022-10-12 19:20:59	2022-11-08 06:20:33
BE22027841	2	1	알지, 내가 왜 자기 마음 모르겠어. 요즘 내내 잠도 잘 이루지 못하고 힘들어했었잖아. 층간 소음이 얼마나 힘든 건지 누구보다 내가 더 잘 알아. 많이 힘들었겠다.	N	2022-10-12 19:20:59	2022-11-08 06:20:33
BE22027841	3	0	심지어 난 미안한 마음에 과일이랑 거실용 슬리퍼까지 사서 갔거든. 그런데 과일만 가져가고 거실용 슬리퍼는 다시 우리 집 현관에 걸어 놨더라. 어쩌면 그럴 수가 있는지 모르겠어.	N	2022-10-12 19:20:59	2022-10-12 19:20:59
BE22027841	4	1	최대한 조심스럽게 말하려고 준비한 선물이 그렇게 돌아와서 마음 많이 다쳤을 것 같아. 그렇게 몇 달을 참아낸다고 얼마나 힘들었어. 우리 자기 정말 고생 많았겠다.	N	2022-10-12 19:20:59	2022-10-12 19:20:59
BE22027841	5	0	처음에는 이해하려고 했었어, 그런데 밤낮없이 층간 소음에 시달리니까. 이제는 쿵, 소리만 나도 내 심장이 바닥으로 떨어지는 느낌이 나. 신경이 곤두서고 너무 힘든데, 적반하장으로 나오니까 너무 상처가 되니까 이사까지 생각하고 있어.	N	2022-10-12 19:20:59	2022-10-12 19:20:59
BE22027841	6	1	그러게. 조금이라도 노력하겠다는 말했다면 그 정도라도 충분했을 텐데. 그동안 널 얼마나 힘들게 했을지, 참 마음이 아파. 얼마나 고통스러웠겠어. 괜찮아질 테니, 너무 상처받지 마.	N	2022-10-12 19:20:59	2022-11-08 06:20:33
BE22027841	7	0	과연 그럴까? 아이들에게 한 번도 주의를 주지 않는 것 같던데. 내가 여기 남아 있으면 계속 마음의 상처만 쌓일 것 같아. 그 사람의 눈빛은 정말 별거 아닌 것 같이 느끼는 것 같아서 너무 상처가 됐어.	N	2022-10-12 19:20:59	2022-10-12 19:20:59
BE22027841	8	1	듣고 있는 나도 이렇게 괴로운데, 당사자인 자기의 마음은 아마 더 아팠을 거야. 더구나 이렇게 착한 마음이 보답받지 못해서 너무 안타깝네. 분명 잘될 거야.	N	2022-10-12 19:20:59	2022-11-08 06:20:34
BE22027841	9	0	과연 잘 될까? 요즘 이 일로 일도 손에 잡히지 않고 정신은 늘 멍해. 층간 소음으로 불면증도 생겼지만. 불안 증세가 더 심해진 것도 사실이고. 나한텐 상처야.	N	2022-10-12 19:20:59	2022-11-08 06:20:34
BE22027841	10	1	자기가 원한다면 이사도 도울 거고 뭐든 함께 노력해 보자. 그러다 보면 한결 기분이 나아질 거야. 그리고 분명 시간이 흐르면 지금의 고통도 무감각해지는 날이 올 거야.	N	2022-10-12 19:20:59	2022-11-08 06:20:34
BE22027841	11	0	과연 그럴까. 솔직히 이사 가는 것도 지금 걱정이 되는 게. 또 그런 사람이 내 위층에 살면 어쩌지? 하는 생각이 들면 너무 두렵기 때문이거든.	N	2022-10-12 19:20:59	2022-11-08 06:20:34
BE22027841	12	1	아직 이사도 가지 않았고 일어나지 않은 일이야. 어쩌면 그곳에서는 좋은 추억만 쌓을 수도 있는데. 이곳에서 받은 상처를 거기까지 가져가기에는 너무 무거운 이삿짐 같아.	N	2022-10-12 19:20:59	2022-11-08 06:20:34
BE22027841	13	0	그렇구나. 맞아. 여기다가 두고 떠나는 게 좋겠네. 자기 말처럼 생각하니까 들고 갈 가치는 없어졌어. 마음이 조금 가벼워지네. 정말 고마워.	N	2022-10-12 19:20:59	2022-11-08 06:20:34
BE22027841	14	1	다행이야. 그간 층간 소음 참아낸다고 많이 애썼어. 다른 곳으로 이사가게 되면 좋은 추억 많이 만들 수 있을 거야. 그러니 다른 안 좋은 생각은 이제 하지 않았으면 좋겠어.	Y	2022-10-12 19:20:59	2022-11-08 06:20:34
