id	utterance_id	utterance_type	utterance_text	terminate	regDate	updDate
BE22025851	1	0	자기야, 주말 잘 보냈어? 난 부모님께 다녀왔는데, 나 자신이 한심하다는 생각이 들어.	N	2022-10-08 21:59:22	2022-10-08 21:59:22
BE22025851	2	1	오랜만에 부모님과 언니 만나서 반가웠을 텐데. 혹시 무슨 일이라도 있었던 거야?	N	2022-10-08 21:59:22	2022-10-08 21:59:22
BE22025851	3	0	언니가 이번 가을에 부모님 여행 보내 드린다면서 콘도 예약도 하고 준비를 많이 했더라고. 언니한테 고마우면서도, 한편으로는 나한테 아무 말도 하지 않은 게 마음에 상처가 돼.	N	2022-10-08 21:59:22	2022-10-08 21:59:22
BE22025851	4	1	언니가 자기 부담 가질까 봐 아무 말 없이 혼자 준비했을 거야. 자기가 속상하다는 이야기 들으니, 나도 마음이 무겁네.	N	2022-10-08 21:59:22	2022-11-08 06:08:42
BE22025851	5	0	언니는 취업해서 자리 잡은 것 같은데, 아직도 임용고시에 매달리고 있는 내 모습이 초라해 보여. 가족들 일에도 내가 역할을 제대로 못하는 것 같아서 착잡한 마음도 들고.	N	2022-10-08 21:59:22	2022-10-08 21:59:22
BE22025851	6	1	자기는 웬만해서 이렇게 속상한 마음 드러내지 않는데, 주말에 많이 힘들었구나. 오죽하면 이런 말을 할까 싶어서 나도 마음이 아파.	N	2022-10-08 21:59:22	2022-11-08 06:08:42
BE22025851	7	0	임용고시에 몇 번이나 떨어지니, 내가 아무 쓸모없는 사람이라는 생각이 들어. 자신감도 계속 떨어져서, 이게 내 길이 맞나 싶은 생각도 자주 들어서 괴로움이 밀려와.	N	2022-10-08 21:59:22	2022-11-08 06:08:42
BE22025851	8	1	자기가 이렇게 마음 아파하는 모습 처음 보는 것 같아. 무슨 말로 위로해 줘야 할지 몰라, 나도 안타깝기만 해.	N	2022-10-08 21:59:22	2022-11-08 06:08:42
BE22025851	9	0	미래가 불확실하니 마치 깜깜한 터널 안에 있는 느낌이야. 주변 친구들 합격하는 모습에 초조해 하는 내 모습을 보니 자괴감만 커지고. 나도 이런 나 자신의 모습을 못 견디겠어.	N	2022-10-08 21:59:22	2022-10-08 21:59:22
BE22025851	10	1	자기는 어린 시절부터 꿈 꿔온 것을 이루기 위해 지금껏 누구보다 열심히 노력해 왔잖아. 그건 곁에서 오랫동안 지켜본 내가 잘 알아. 난 자기가 꿈을 이룰 거라 믿어 의심치 않으니, 얼른 기운 냈으면 좋겠어.	N	2022-10-08 21:59:22	2022-11-08 06:08:42
BE22025851	11	0	괜한 자격지심으로 힘들어 했는데, 자기 말 들으니 위로가 되는 것 같아. 내 마음 달래 줘서 고마워, 자기야.	N	2022-10-08 21:59:22	2022-10-08 21:59:22
BE22025851	12	1	작년에 몸이 아파서 제대로 준비 못했지만, 올해는 건강도 회복했고 좋은 결과 있을 거야. 내가 늘 옆에서 응원할게.	N	2022-10-08 21:59:22	2022-11-08 06:08:42
BE22025851	13	0	자기처럼 든든한 남자친구가 있어서 얼마나 큰 힘이 되는지 몰라. 진심으로 고맙게 생각해.	N	2022-10-08 21:59:22	2022-10-08 21:59:22
BE22025851	14	1	밝은 자기 모습 보니 나도 기분이 좋아. 그럼 내일 도서관에서 만나자. 그럼 푹 잘 자.	N	2022-10-08 21:59:22	2022-11-08 06:08:42
BE22025851	15	0	그래, 얼른 기운 내서 열심히 공부해야겠어. 자기도 푹 쉬어.	Y	2022-10-08 21:59:22	2022-10-08 21:59:22
