id	utterance_id	utterance_type	utterance_text	terminate	regDate	updDate
BE22022733	1	0	자기야 나 장기 모임 갔다가 이제 집에 가는 길이야. 근데 오늘 상처받은 일이 있어서 이후에 모임에 또 나갈지는 모르겠어.	N	2022-09-29 14:00:04	2022-09-29 14:00:04
BE22022733	2	1	힘들게 찾은 취미라서 재밌다고 했잖아. 모임에서 안 좋은 일이 있었던 거야?	N	2022-09-29 14:00:04	2022-09-29 14:00:04
BE22022733	3	0	자기 말처럼 어렵게 찾은 취미라 오래 해보려고 했었어. 그런데 오늘 장기를 두다가 상대방이 잠든 걸 보고 너무 큰 상처를 받았어.	N	2022-09-29 14:00:04	2022-09-29 14:00:04
BE22022733	4	1	장기를 두고 있는 중에 잠들었다는 거야? 장기를 잘 모르는 나도 그게 무례하다는 건 알 것 같아. 자기가 그러한 상대방의 태도에 상처를 받을 만도 했네.	N	2022-09-29 14:00:04	2022-11-08 05:50:14
BE22022733	5	0	내가 아직 초보이기도 하고, 실제로 오래 걸리는 것도 맞아. 하지만 그렇다고 앞에서 대놓고 조는 걸 보니 그게 너무 상처가 되더라.	N	2022-09-29 14:00:04	2022-09-29 14:00:04
BE22022733	6	1	당연히 상처를 받을 수밖에 없지. 지루하다고 느낄 수는 있지만 대놓고 잠을 자는 건 너무 무례하잖아. 이야기를 전해 듣는 나조차 상처를 받을 것만 같아.	N	2022-09-29 14:00:04	2022-11-08 05:50:14
BE22022733	7	0	그 광경을 보자마자 너무 창피하고 상처받아서 곧바로 중단해버렸어. 오늘의 상처가 잊힐 것 같질 않아서 앞으로 장기를 또 둘지 모르겠어.	N	2022-09-29 14:00:04	2022-09-29 14:00:04
BE22022733	8	1	자기가 상처받은 마음에 이런저런 생각을 하게 되는 것 이해해. 그렇지만 한 명의 무례한 사람 때문에 자기가 힘들게 찾은 취미를 그만두지는 않았으면 좋겠어. 그렇게 찾고 싶어 하던 취미인데 무례한 사람 때문에 포기하면 너무 아쉽잖아.	N	2022-09-29 14:00:04	2022-11-08 05:50:14
BE22022733	9	0	그렇긴 한데 앞으로 장기를 둘 때마다 오늘 생각이 날 것 같아. 내가 장기를 너무 못 둬서 이런 일이 벌어진 것 같아. 훌훌 털어버리고 싶은데 너무 속상해서 그럴 수가 없어.	N	2022-09-29 14:00:04	2022-09-29 14:00:04
BE22022733	10	1	자기가 장기를 늦게 둔 건 잘못한 게 결코 아니야, 자기는 초보자잖아. 누구나 처음 하는 일엔 어설프고 실수를 해, 그걸 반복하면서 성장하는 거지. 그러니까 무례한 사람 때문에 자기의 소중한 취미를 포기하지는 말자.	N	2022-09-29 14:00:04	2022-11-08 05:50:14
BE22022733	11	0	어쩌면 그런 말이 필요했는지도 모르겠다. 자기가 그렇게 말해주니까 훨씬 안심이 돼. 내 잘못으로 벌어진 일 같아서 더 상처였거든.	N	2022-09-29 14:00:04	2022-11-08 05:50:14
BE22022733	12	1	자기도 알겠지만, 그건 자기 탓이 아니야. 어떻게 처음부터 완벽하게 해낼 수 있겠어.	N	2022-09-29 14:00:04	2022-11-08 05:50:14
BE22022733	13	0	맞아, 잘못은 그 사람이 한 건데 내가 이렇게까지 낙담할 필요는 없지. 그렇게 말해줘서 고마워.	N	2022-09-29 14:00:04	2022-09-29 14:00:04
BE22022733	14	1	어렵겠지만 오늘 일은 금방 털어버렸으면 좋겠어. 난 자기의 취미생활이 오래 지속되길 진심으로 응원해.	N	2022-09-29 14:00:04	2022-11-08 05:50:14
BE22022733	15	0	내가 너무 소극적으로 생각했던 것 같기도 해. 이 일을 계기로 더 노력해서 극복해야겠다는 생각이 들어.	Y	2022-09-29 14:00:04	2022-11-08 05:50:14
