id	utterance_id	utterance_type	utterance_text	terminate	regDate	updDate
BE22000084	1	0	경비 아저씨가 우산에서 물 떨어진다고 소리치더라.	N	2022-06-02 07:57:27	2022-11-08 03:24:46
BE22000084	2	1	대뜸 소리를 지르니 많이 당황스러웠겠네. 물이 많이 떨어졌어?	N	2022-06-02 07:57:27	2022-11-08 03:24:46
BE22000084	3	0	입구에서 털었는데 그럴 리 없지.	N	2022-06-02 07:57:27	2022-11-08 03:24:46
BE22000084	4	1	억울하고 기막힐 일이네. 자기는 항상 우산 탈탈 털고 들어가는데.	N	2022-06-02 07:57:27	2022-11-08 03:24:46
BE22000084	5	0	화장지로 바닥 닦아서 물기 없는 거 보여주니까 버럭 화를 내는 거야.	N	2022-06-02 07:57:27	2022-11-08 03:24:46
BE22000084	6	1	민망하고 어이없어서 말도 제대로 안 나왔겠구나. 사과는 안 하고 더 목소리를 높이니.	N	2022-06-02 07:57:27	2022-11-08 03:24:46
BE22000084	7	0	응, 막 분하고 얼굴이 화끈거리고 어쩔 줄 모르겠더라고.	N	2022-06-02 07:57:27	2022-11-08 03:24:46
BE22000084	8	1	그랬겠다. 이유 없이 그런 봉변을 당하면 나라도 엄청 답답하고 화났겠어.	N	2022-06-02 07:57:27	2022-11-08 03:24:46
BE22000084	9	0	나중에는 눈물이 핑 돌더라.	N	2022-06-02 07:57:27	2022-11-08 03:24:46
BE22000084	10	1	부모님한테도 큰소리 들은 적 없는데 생판 남한테 그런 대우를 받았으니 얼마나 서러웠을까.	N	2022-06-02 07:57:27	2022-11-08 03:24:46
BE22000084	11	0	잘잘못을 따지기라도 할걸.	N	2022-06-02 07:57:27	2022-11-08 03:24:46
BE22000084	12	1	자기가 현명하게 잘 참았어. 말 안 통하는 사람이랑 대거리했으면 기분만 더 상했을 거야.	N	2022-06-02 07:57:27	2022-11-08 03:24:46
BE22000084	13	0	그래도 자기한테 말하니까 속이 좀 풀린다.	N	2022-06-02 07:57:27	2022-11-08 03:24:46
BE22000084	14	1	맘고생 진짜 많았어. 불쾌하고 속상하겠지만 담아두지 말고 잊어버려. 힘내고.	Y	2022-06-02 07:57:27	2022-11-08 03:24:46
