id	utterance_id	utterance_type	utterance_text	terminate	regDate	updDate
BE22002554	1	0	자기야. 생각해 봤는데 아무래도 내일 노래방은 안 가고 싶어.	N	2022-06-22 05:25:15	2022-11-08 03:40:56
BE22002554	2	1	괜찮아. 그런데 자기 노래 부르는 거 한 번도 못 들어 봐서 궁금했는데 아쉽다. 혹시 이유를 말해줄 수 있어?	N	2022-06-22 05:25:15	2022-11-08 03:40:56
BE22002554	3	0	내가 음치라서 노래 부르는 자리는 되도록 피하거든.	N	2022-06-22 05:25:15	2022-11-08 03:40:56
BE22002554	4	1	나랑 둘이 가는데 그게 무슨 상관이야! 나는 자기가 음치라도 너무 귀여울 것 같은데?	N	2022-06-22 05:25:15	2022-11-08 03:40:56
BE22002554	5	0	전에 만났던 남자 친구가 나랑 노래방 다녀온 뒤로 정떨어져서 헤어지자고 했었어. 그 뒤로 상처가 커서 이성과는 노래방을 가지 않아.	N	2022-06-22 05:25:15	2022-11-08 03:40:56
BE22002554	6	1	자기 정말 상처받았겠다. 그런 걸로 정떨어진다고 이별까지 하다니, 나라도 충격이 컸을 것 같아. 그럼 노래방은 가지 말자.	N	2022-06-22 05:25:15	2022-11-08 03:40:56
BE22002554	7	0	응. 이해해 줘서 고맙고, 미안해.	N	2022-06-22 05:25:15	2022-11-08 03:40:56
BE22002554	8	1	노래방이야 안 가도 정말 상관없지만, 자기가 너무 그 기억으로 상처를 간직하지 않았으면 좋겠어. 나는 자기가 음치든 박치든 상관없이 정말 사랑스러울 것 같거든. 나는 자기를 있는 그대로 사랑한다는 거 꼭 잊지 마.	N	2022-06-22 05:25:15	2022-11-08 03:40:56
BE22002554	9	0	정말 고마워. 그렇게 말해 주니까 상처가 씻겨 내려가는 것 같아. 그 일 이후로 자존감이 많이 떨어졌었거든.	N	2022-06-22 05:25:15	2022-11-08 03:40:56
BE22002554	10	1	자기는 지금 그대로도 사랑받을 가치가 충분한 사람이야. 전 연애의 기억으로 힘들어할 필요 전혀 없어. 내가 이렇게 사랑을 많이 주잖아!	N	2022-06-22 05:25:15	2022-11-08 03:40:56
BE22002554	11	0	맞아. 자기 덕분에 극복한 상처들이 정말 많아. 그래서 세상 밖으로 용기 내서 나올 수 있게 되었어.	N	2022-06-22 05:25:15	2022-11-08 03:40:56
BE22002554	12	1	자기가 원한다면 나는 자기의 아픈 기억을 소중한 추억으로 덮어줄 수 있어. 그러니 언제든 나를 이용해도 좋아.	N	2022-06-22 05:25:15	2022-11-08 03:40:56
BE22002554	13	0	고마워. 이런 순수하고 깊은 마음이야말로 진짜 사랑인 것 같아. 나는 자기 덕에 진짜 사랑을 알게 되었어.	N	2022-06-22 05:25:15	2022-11-08 03:40:56
BE22002554	14	1	그렇게 생각해 주니 내가 더 감동인데? 내가 더 자기한테 잘해야겠다.	N	2022-06-22 05:25:15	2022-11-08 03:40:56
BE22002554	15	0	언젠가 용기가 나면 자기랑 꼭 같이 노래방 가고 싶어졌어. 나도 더 노력해 볼게. 정말 고마워.	Y	2022-06-22 05:25:15	2022-11-08 03:40:56
