id	utterance_id	utterance_type	utterance_text	terminate	regDate	updDate
BE22027821	1	0	내 맨얼굴을 일부러 숨기려고 한 건 아니야. 나는 사실 집에서 부모님께도 화장을 지운 모습 보여주지 않으려고 해 왔거든. 나한테 맨얼굴은 부끄러움이 아니라, 큰 상처기 때문이야.	N	2022-10-12 16:19:43	2022-11-08 06:20:26
BE22027821	2	1	그랬구나. 나는 이야기를 해 주지 않으면 잘 몰라. 그래서 자기가 상처라고 하니까 내가 몰라준 것 같아서 마음이 너무 아프네. 혹시 나한테 그 이야기를 해 줄 수는 없을까?	N	2022-10-12 16:19:43	2022-11-08 06:20:27
BE22027821	3	0	스무 살에 성인 수두에 걸렸었는데 정말로 심각한 수준이어서 흉터가 온 얼굴과 몸 여기저기에 남았어. 지금은 화장으로 어느 정도는 가려지지만 2년 동안은 하루하루가 지옥 같았었어. 어떤 사람들은 내 인생이 망가졌다고 표현할 정도로 얼굴이 흉측했거든.	N	2022-10-12 16:19:43	2022-10-12 16:19:43
BE22027821	4	1	그런 일이 있어서 몹시 마음이 아팠겠다. 성인 수두에 대해서는 잘 모르지만, 굉장히 위험하다는 말은 들었었어. 그런데 그게 지금까지 상처가 되었을 정도라면 정말 심각했던 상황이었나 보구나. 많이 힘들었겠다.	N	2022-10-12 16:19:43	2022-11-08 06:20:27
BE22027821	5	0	지나가는 꼬마 아이가 징그럽다고 할 정도로 상태는 안 좋았어. 치료를 받으러 밖을 어쩔 수 없이 나갈 때마다 나는 그 시선들을 견뎌야 했거든. 그래서 그 이후로 잠자기 직전까지는 절대로 화장을 지우지 않아. 나한테 상처니까.	N	2022-10-12 16:19:43	2022-10-12 16:19:43
BE22027821	6	1	그 시간이 몹시 힘들고 고통스러웠겠다. 가뜩이나 한참 꾸미기 좋아하는 나이에 사람들의 시선을 피해 다녔을 걸 생각하니 너무 가여워. 얼마나 혼자서 마음고생을 많이 했겠어. 이제 괜찮아.	N	2022-10-12 16:19:43	2022-11-08 06:20:27
BE22027821	7	0	다행히 거의 회복되었지만 아직도 얼굴에 7군데는 흉터가 남아 있어. 살이 연한 곳은 복구도 어렵고, 깊게 팬 흉터는 레이저로 치료도 어렵다고 하더라고. 그래서 그 흉터를 보면 예전 생각이 나면서 상처가 떠올라.	N	2022-10-12 16:19:43	2022-10-12 16:19:43
BE22027821	8	1	그런 이유라면 너무나 충분히 납득이 가. 흉터가 서서히 아물어가면서 상처도 치유가 되었다면 좋았겠지만, 여전히 많이 아프구나. 정말 많이 힘들었을 거란 생각이 들어.	N	2022-10-12 16:19:43	2022-11-08 06:20:27
BE22027821	9	0	이제는 그렇게 흉하지 않다는 걸 아는데도 내 눈에는 유독 도드라져 보이더라. 부모님은 내가 유별나다고 하지만 나는 2년이라는 시간을 고통 속에서 보냈어. 그러니 얼굴에도 자신이 없고 누군가 내 흉터를 찾아내면 상처받을까, 가리는 거지.	N	2022-10-12 16:19:43	2022-11-08 06:20:27
BE22027821	10	1	비록 내가 해 줄 수 있는 말은 괜찮다는 말뿐인 위로뿐이야. 하지만 난 결코 자기가 유별나다고 생각하지 않아. 굉장히 힘들고 고통스러운 긴 시간 묵묵히 홀로 견뎌야 했을 테니, 참 애썼다고 말해주고 싶어.	N	2022-10-12 16:19:43	2022-11-08 06:20:27
BE22027821	11	0	자기가 그렇게 말해주니까 마음이 조금 풀리는 것 같아. 매번 유난이다, 아니면 용기를 내고 당당해라, 이런 말만 들었는데 오히려 괜찮다고 말해 줘서 고마워. 나한테는 이제까지 들은 이야기 중에 가장 위로가 됐어.	N	2022-10-12 16:19:43	2022-11-08 06:20:27
BE22027821	12	1	몸과 얼굴에 난 흉터가 2년이 가서 거의 사라졌지만 여전히 남아 있는데. 하물며 마음은 더 여리고 약하잖아. 바로 잊어낼 수 없고 바로 바뀔 수는 없는 건 당연해.	N	2022-10-12 16:19:43	2022-11-08 06:20:27
BE22027821	13	0	그렇네. 이제까지 난 무조건 극복해 내고 당당해져야 한다고 생각했는데. 그렇게 생각하니까 내가 이렇게 여전히 힘들어하는 건 나아가는 과정일지도 모르겠다. 자기야, 정말 고마워.	N	2022-10-12 16:19:43	2022-11-08 06:20:27
BE22027821	14	1	수두 때문에 예쁜 마음이 다친 것 같아서 가슴이 너무 아파. 그래도 언젠가 지금의 괴로움도 무뎌지는 날이 올 거라고 생각하자. 나는 그거면 충분하거든.	Y	2022-10-12 16:19:43	2022-11-08 06:20:27
