id	utterance_id	utterance_type	utterance_text	terminate	regDate	updDate
BE22023179	1	0	자기야. 난 오늘 아버지 때문에 큰 상처를 받았어. 어떻게 아버지가 나에게 이럴 수 있는지 정말 충격이야.	N	2022-10-01 05:43:58	2022-10-01 05:43:58
BE22023179	2	1	아버지랑 무슨 일이 있었어? 자기가 이렇게 힘들어하는 모습은 처음 봐.	N	2022-10-01 05:43:58	2022-10-01 05:43:58
BE22023179	3	0	어머니와 과거에 대해 이야기하다가 슬픈 마음에 눈물이 나더라고. 어머니 앞이라 힘들게 눈물을 참았는데 눈물을 참지 말라는 어머니 말씀에 오히려 더 크게 울어버렸어. 그런데 그 모습을 본 아버지가 그만한 일로 왜 우냐며 뭐라 하시는 거야.	N	2022-10-01 05:43:58	2022-11-08 05:52:53
BE22023179	4	1	자기의 아픔을 공감해주지 않는 아버지의 모습에 자기가 많은 상처를 받았겠구나. 많이 속상했을 자기를 떠올리니 내 마음이 다 아픈 것 같아. 아버지가 일부러 당신에게 상처를 주시려고 한 말은 아닐 테니 너무 속상해하지 마.	N	2022-10-01 05:43:58	2022-11-08 05:52:53
BE22023179	5	0	나를 진심으로 보듬어주시는 어머니와 너무 대조되는 모습이라 더 큰 상처가 된 것 같아. 오히려 나에게 맘껏 울라고 하시는 어머니에게 나를 너무 유약하게 키운다며 호통을 치시더라고.	N	2022-10-01 05:43:58	2022-10-01 05:43:58
BE22023179	6	1	평소의 자기는 당차고 자신감 넘치는 모습이잖아. 평소와 다른 모습에 아버지가 당황하셔서 그러셨을 수도 있다고 생각해. 상처받은 자기 마음은 잘 알지만 계속 되뇌 일수록 자기만 고통스러워지니 잊으려고 해 봐.	N	2022-10-01 05:43:58	2022-11-08 05:52:53
BE22023179	7	0	평소 아버지가 무뚝뚝한 건 알고 있었지만 오늘 나에게 보인 모습을 보니 나를 사랑하시긴 하는지 모르겠어. 상처받은 마음이 나를 너무 아프게 하는 것 같아 힘들다.	N	2022-10-01 05:43:58	2022-11-08 05:52:53
BE22023179	8	1	한 가지 모습으로 모든 것을 파악하는 건 오해를 부르기 쉬울 거야. 그 오해가 쌓여 자기의 상처를 더 깊게 만들 수 있으니 분리해서 생각해보는 건 어때? 그럼 불필요한 오해가 생기는 일은 없을 테니까.	N	2022-10-01 05:43:58	2022-11-08 05:52:53
BE22023179	9	0	아버지가 나에게 보인 행동은 나를 사랑한다면 그럴 수 없는 행동이었다고 생각해. 부모라면 자식의 아픔을 감싸주고 돌봐줘야 하는 것 아니야? 난 그런 부모의 사랑을 받을 자격이 없는 건가 싶어 마음의 상처가 깊어져.	N	2022-10-01 05:43:58	2022-11-08 05:52:53
BE22023179	10	1	자기는 이미 자식으로서 부모님께 사랑받기 충분한 사람이야. 아버님의 한 마디 말로 상처받은 마음이 스스로를 괴롭히는 도구가 되지 않았으면 좋겠어. 자기는 현명한 사람이니 그런 구분쯤은 충분히 잘할 수 있을 거라 믿어.	N	2022-10-01 05:43:58	2022-11-08 05:52:53
BE22023179	11	0	자기의 말을 듣고나니 생각이 달라지는 것 같아. 내가 아버지의 발언을 너무 과대해석해서 조그마한 상처를 스스로 깊게 만들어 괴롭히고 있었던 것 같아.	N	2022-10-01 05:43:58	2022-11-08 05:52:53
BE22023179	12	1	사람은 누구나 사랑을 표현하는 방식이 다르잖아. 아버지는 조금 서툴 뿐이지 자기를 사랑하는 마음은 그 누구보다 크실 거야. 그건 내가 말하지 않아도 이미 자기가 느꼈을 거라고 생각해.	N	2022-10-01 05:43:58	2022-11-08 05:52:53
BE22023179	13	0	맞아. 어머니의 방식과 아버지의 방식이 다를 뿐 나를 사랑해주시는 두 분의 마음을 잘 알겠어. 이 사실을 진작 깨달았더라면 내 마음이 이렇게까지 아프진 않았을 것 같다.	N	2022-10-01 05:43:58	2022-10-01 05:43:58
BE22023179	14	1	소중한 것을 깨닫게 된 자기의 모습이 멋져. 앞으로도 그 마음 잊지 않고 부모님의 사랑에 보답하는 자기가 되길 바랄게.	N	2022-10-01 05:43:58	2022-10-01 05:43:58
BE22023179	15	0	응. 자기야 정말 고마워. 자기 덕분에 상처도 치유되고 부모님에 대한 사랑을 다시 한번 느낄 수 있게 되었어.	Y	2022-10-01 05:43:58	2022-11-08 05:52:53
