id	utterance_id	utterance_type	utterance_text	terminate	regDate	updDate
BE22025036	1	0	자기야 이럴 땐 어떻게 하면 좋지. 의도하지 않은 상대의 말에 상처를 받았어.	N	2022-10-06 15:09:09	2022-10-06 15:09:09
BE22025036	2	1	그게 무슨 말이야? 자기한테 무슨 일이라도 있었어?	N	2022-10-06 15:09:09	2022-10-06 15:09:09
BE22025036	3	0	오늘 면도를 하다가 얼굴을 베여서 밴드를 붙이고 수업하러 갔어. 동기가 나보고 너는 다 큰애가 무슨 면도하다가 얼굴을 베이냐고 하더라. 어릴 때 아빠한테 안 배우고 뭐 했냐는데 나는 어렸을 때 아버지가 돌아가셔서 그게 상처였어.	N	2022-10-06 15:09:09	2022-10-06 15:09:09
BE22025036	4	1	그 동기는 자기 아버지가 돌아가신 줄 모르고 웃자고 툭 던진 말이었나 보네. 그런데 자기 상황에선 그 말이 농담이 아닌 상처로 다가온 거지? 나는 자기 상황을 아니까 자기가 충분히 상처받을만했다고 생각해.	N	2022-10-06 15:09:09	2022-10-06 15:09:09
BE22025036	5	0	친구가 전후사정도 모르면서 그런 말을 한 게 상처긴 하더라. 더 큰 문제는 고의가 없었다는 걸 알면서도 친구 말에 진심으로 상처받은 나 자신이야. 이제 이런 경우에 익숙해질 법도 한데 아직까지 상처를 받고 있는 나 자신도 괴롭다.	N	2022-10-06 15:09:09	2022-10-06 15:09:09
BE22025036	6	1	어떤 의미에서 더 큰 상처가 된다고 하는지 알 것 같아. 친구가 고의성 없이 던진 농담에도 상처를 받은 자기 자신이 충격적이고 상처라는 거잖아. 자기 내면 깊은 곳의 상처가 내 생각보다 더 큰 것 같아서 마음이 안 좋네.	N	2022-10-06 15:09:09	2022-10-06 15:09:09
BE22025036	7	0	이제 그런 식의 대화들에 익숙해질 때가 된 것 같기도 한데 그렇지 않은 가봐. 매번 같은 방식에 같은 상처를 받는 나 자신이 한심하다는 생각도 들어서 더 상처가 돼.	N	2022-10-06 15:09:09	2022-10-06 15:09:09
BE22025036	8	1	누구나 익숙해지지 않는 상처가 있어, 그건 그 누구도 뭐라 할 수 없는 부분이야. 그냥 던진 돌에 개구리가 맞아 죽는다는 말처럼, 사소한 장난이라도 자기에겐 상처인 거지. 자연스러운 감정이니 자기 자신을 극한으로 몰아가며 탓하지 않았으면 좋겠어.	N	2022-10-06 15:09:09	2022-11-08 06:03:52
BE22025036	9	0	아버지를 잃은 상처를 극복하고 싶은데 그게 잘 안돼서 더 상처가 되나 봐. 매번 같은 방식으로 상처를 받는 스스로에게 지치기도 하는 것 같고. 내가 너무 나약하다는 생각도 들어.	N	2022-10-06 15:09:09	2022-10-06 15:09:09
BE22025036	10	1	상처가 아물지 않는다고 해서 스스로를 미워하는 건 자기에게 긍정적인 영향을 미치지 못해. 게다가 그게 어떻게 온전히 자기 탓이겠어, 자기가 나약해서 상처를 극복하지 못한 게 아니야. 아픔은 극복하는 게 아니라 무뎌지는 거라는 말도 있듯이 마음 굳게 먹으면 익숙해지겠지.	N	2022-10-06 15:09:09	2022-11-08 06:03:52
BE22025036	11	0	좋은 말로 위로해 줘서 고마워. 고작 면도를 배우지 못했냐는 말에 내가 너무 과민반응을 한 것 같아서 괴로웠어. 그래도 자기가 들어준 덕에 많이 진정이 됐다.	N	2022-10-06 15:09:09	2022-11-08 06:03:52
BE22025036	12	1	아버지를 잃은 자식으로서 그런 마음이 드는 건 당연해. 아직은 자기가 힘든 시기라는 걸 받아들이고 시간에 마음을 맡겨봐.	N	2022-10-06 15:09:09	2022-11-08 06:03:52
BE22025036	13	0	자기 말이 정말 큰 도움이 됐어. 덕분에 외롭지 않은 기분이야.	N	2022-10-06 15:09:09	2022-11-08 06:03:52
BE22025036	14	1	내가 해줄 수 있는 게 몇 마디 말뿐이라 미안하기만 한걸. 앞으로도 자기 혼자 견디기 버거울 때가 생기면 언제든지 말해줘.	N	2022-10-06 15:09:09	2022-11-08 06:03:52
BE22025036	15	0	자기가 보내준 문자 안에 격려와 위로가 가득해. 자기가 있어서 버텨낼 용기가 생길 것 같아.	Y	2022-10-06 15:09:09	2022-10-06 15:09:09
