id	utterance_id	utterance_type	utterance_text	terminate	regDate	updDate
BE22017166	1	0	나 오늘 친척들 만나고 왔는데 괜히 상처만 받았어.	N	2022-09-06 03:48:45	2022-09-06 03:48:45
BE22017166	2	1	무슨 일이길래 그래?	N	2022-09-06 03:48:45	2022-09-06 03:48:45
BE22017166	3	0	언니와 나는 쌍둥이처럼 닮았거든. 근데 언니가 나보다 뭐든지 더 잘하고 성격도 좋아서 자꾸 친척들이 비교해. 친척들이 너희는 닮았는데 언니가 더 나은 것 같다고 하니까 질투 나고 상처받게 되더라고.	N	2022-09-06 03:48:45	2022-11-08 05:13:41
BE22017166	4	1	자기가 그런 일을 겪었다고 상상하니까 내가 다 기분이 안 좋아져. 정말 남들이 그러면 비참하고 나도 모르게 질투심을 느낄 것 같아. 사람 마음이란 게 가끔 내 마음대로 안 될 때가 있잖아.	N	2022-09-06 03:48:45	2022-11-08 05:13:41
BE22017166	5	0	응, 그런데 내가 봐도 확실히 언니가 나보다 나아. 그래서 언니랑 같이 다니는 것도 어느 날부터 스트레스더라고. 나 혼자 괜스레 언니를 질투하고 열등감을 느끼는 것 같아.	N	2022-09-06 03:48:45	2022-09-06 03:48:45
BE22017166	6	1	내가 자기였더라도 그렇게 느꼈을 것 같아. 혼자서 남과 비교하고 상처받는 거 사실 누구나 한 번쯤 해보잖아. 자기도 참 마음고생이 많았겠구나.	N	2022-09-06 03:48:45	2022-11-08 05:13:41
BE22017166	7	0	응, 그래서 자존감만 계속 낮아지는 것 같아. 차라리 쌍둥이처럼 닮지 않았더라면 이렇게 쉽게 비교당하지도 않았을 텐데 말이야. 닮게 태어난 게 너무 원망스러워.	N	2022-09-06 03:48:45	2022-11-08 05:13:41
BE22017166	8	1	아무리 닮았다고 쳐도 자기는 자기만의 매력이 있잖아, 그러니 혼자만 못났다고 생각하지 말자. 질투하는 대신 자기 자신에게 있는 재능과 강점들을 찾을 수 있는 눈과 마음을 가졌으며 좋겠어. 나 자신에게 좀더 집중하며 나를 격려하는 연습을 하면 부정적인 감정은 없어질 거야.	N	2022-09-06 03:48:45	2022-11-08 05:13:41
BE22017166	9	0	자기 말처럼 자꾸 언니랑 나를 비교하면서 내 장점을 제대로 보지 못했던 것 같아. 오롯이 나에게 집중하면 언니에 대한 시기를 멈출 수 있을까? 아무래도 가족이라서 매일 함께해야 하니까 말이야.	N	2022-09-06 03:48:45	2022-11-08 05:13:41
BE22017166	10	1	질투하는 대신 자신의 길을 만들어간다면 열등감이 오히려 성장하는 촉진제 역할이 될 수 있을 거야. 자기는 배려심도 깊고 착해서 항상 남들을 편하게 해주잖아. 자기가 얼마나 괜찮은 사람인지 자기도 알면 참 좋을 텐데!	N	2022-09-06 03:48:45	2022-11-08 05:13:41
BE22017166	11	0	자기가 그렇게 말해주니까 한결 마음이 편안해져. 내가 너무 나 자신을 못나게만 바라봤나 봐. 자기 덕분에 열등감이 좀 사그라졌어.	N	2022-09-06 03:48:45	2022-09-06 03:48:45
BE22017166	12	1	아냐, 남들이 나서서 그렇게 비교하면 당연히 기분이 안 좋아질 수밖에 없지. 그래도 금방 기운 차려서 다행이야. 그런 사람들 말은 마음에 담아두지 말고 너 자신을 기준으로 삼았으며 좋겠어!	N	2022-09-06 03:48:45	2022-11-08 05:13:41
BE22017166	13	0	응, 그렇게 격려해줘서 고마워. 자기 아니었으면 언니를 미워할 뻔했어. 이렇게 날 달래줘서 고마워!	N	2022-09-06 03:48:45	2022-09-06 03:48:45
BE22017166	14	1	나야말로 도움이 되었단 생각에 기쁜걸. 자기도 충분히 멋진 사람이니까 못난 생각은 그만하자. 안 그러면 내가 속상해질 테니까 말이야!	N	2022-09-06 03:48:45	2022-11-08 05:13:41
BE22017166	15	0	응, 알겠어. 자기를 생각해서라도 더는 이런 생각 안 할게!	Y	2022-09-06 03:48:45	2022-09-06 03:48:45
