id	utterance_id	utterance_type	utterance_text	terminate	regDate	updDate
BE22021186	1	0	자기야, 나 할 얘기가 있어. 예전부터 생리전증후군을 겪고 있어. 증상이 심할 때는 죽고 싶다는 생각을 이유 없이 하게 되니, 마음의 상처가 되기도 해.	N	2022-09-23 21:55:00	2022-09-23 21:55:00
BE22021186	2	1	나도 얼핏 짐작은 했었어. 그런데 자기가 그 정도로 괴로워 할 줄은 몰랐어.	N	2022-09-23 21:55:00	2022-11-08 05:41:08
BE22021186	3	0	보름 전 데이트하다가 사소한 일로 말다툼하면서 엉엉 울었던 것도 그 때문이야. 자기한테 너무 미안하기도 하고 나도 무척 당혹스러워.	N	2022-09-23 21:55:00	2022-11-08 05:41:08
BE22021186	4	1	내가 아는 자기는 그런 일로 그렇게 힘들어 할 사람이 아니라 나도 무척 혼란스러웠어. 얘기를 들으니 이제야 좀 이해가 되네.	N	2022-09-23 21:55:00	2022-11-08 05:41:08
BE22021186	5	0	2년 전에는 자꾸만 끔찍한 생각이 들어서 병원 치료까지 받아서 마음의 상처로 남아 있어. 그때보다 좀 나아지기는 했지만, 생리 주기가 다가오면 지금도 여전히 불안해.	N	2022-09-23 21:55:00	2022-09-23 21:55:00
BE22021186	6	1	짐작은 했지만 자기한테 이야기 들으니 나도 가슴이 철렁하네. 내가 어떻게 도와 줘야 할지 모르겠네.	N	2022-09-23 21:55:00	2022-11-08 05:41:08
BE22021186	7	0	그 시기만 되면 내가 세상에 혼자 버려진 느낌이 들어. 별일 아니라고 마음속으로 다짐하지만, 감정을 조절하느라 온 에너지를 다 쏟는 느낌이야.	N	2022-09-23 21:55:00	2022-09-23 21:55:00
BE22021186	8	1	자기는 웬만한 일이 있어도 힘든 내색 안 하는 성격이잖아. 오죽하면 나한테 이런 힘든 이야기를 할까 싶어서 마음이 아프네.	N	2022-09-23 21:55:00	2022-11-08 05:41:08
BE22021186	9	0	다른 여자들은 멀쩡하게 잘 지내는 것 같다는 생각이 들면 나 혼자만 불행하다는 생각이 들어. 앞으로 수십 년 동안 이런 어둠의 터널을 지날 생각을 하니, 눈앞이 막막해.	N	2022-09-23 21:55:00	2022-09-23 21:55:00
BE22021186	10	1	자기 이야기 들으니 이제 내가 괜한 오해는 하지 않을 것 같아서 다행이야. 내가 할 수 있는 건 뭐라도 할 테니 힘들 때면 언제든 나한테 말해 줘. 내가 늘 자기 곁에 있다는 거 잊지 말고.	N	2022-09-23 21:55:00	2022-11-08 05:41:08
BE22021186	11	0	자기가 그렇게 말해 주니 그래도 좀 마음이 가벼워졌어. 사실 말 꺼내는 것도 무척 망설였거든.	N	2022-09-23 21:55:00	2022-09-23 21:55:00
BE22021186	12	1	말하기 힘들었을 텐데, 나한테 솔직하게 말해 줘서 정말 고마워. 나도 이제부터 생리전증후군에 대해 좀 더 알아보고 자기한테 더 신경 쓸게.	N	2022-09-23 21:55:00	2022-11-08 05:41:09
BE22021186	13	0	자기한테 말하기 잘했다는 생각이 들어. 내가 앞으로 힘들어할 때면 자기가 더 잘 이해해 줄 것 같아서 고맙기도 하고.	N	2022-09-23 21:55:00	2022-11-08 05:41:09
BE22021186	14	1	그래, 예전에는 잘 몰라서 나도 혼자 속으로 오해하고 속상해 하기도 했거든. 이제는 힘들 때 같이 이야기하면서 그 시기를 잘 지내도록 노력해 보자.	N	2022-09-23 21:55:00	2022-11-08 05:41:09
BE22021186	15	0	내 마음 따뜻하게 감싸 줘서 정말 고마워. 속 깊은 배려를 받은 것 같아서 마음이 뭉클해. 자기야, 진심으로 고마워.	Y	2022-09-23 21:55:00	2022-09-23 21:55:00
