id	utterance_id	utterance_type	utterance_text	terminate	regDate	updDate
BE22027492	1	0	자기야, 나 오늘 우울해. 이따 끝나고 별일 없으면 나랑 술 한잔해. 매운 거 먹으면서 기분 좀 풀어야겠어.	N	2022-10-12 07:13:05	2022-10-12 07:13:05
BE22027492	2	1	왜? 아까 점심때만 해도 맛있는 거 먹고 신났던데, 왜 그래? 이번 주말에 친구들 만난다고 옷도 사고 내내 기분 좋았잖아. 그 후에 무슨 일이 있었어?	N	2022-10-12 07:13:05	2022-11-08 06:18:29
BE22027492	3	0	응, 기분 좋았지. 아까 인사발령 나기 전까지는 말이야. 내 동기가 먼저 승진을 한 걸 알기 전까지는 기분 좋았어.	N	2022-10-12 07:13:05	2022-11-08 06:18:29
BE22027492	4	1	아, 그랬구나. 곧 인사발령 있을 거라더니 오늘 났구나. 근데 너 아직 승진할 시기가 아니라 하지 않았어? 아예 기대도 안 한 줄 알았는데, 아니었어?	N	2022-10-12 07:13:05	2022-11-08 06:18:29
BE22027492	5	0	기대 안 했어. 우리 동기들은 승진할 케이스도 아니었고, 선배들도 아직 못한 사람이 많아. 아마 동기들은 이번에 관심도 없었을 텐데 막상 뚜껑 열어보니 내 동기가 승진을 한 거지.	N	2022-10-12 07:13:05	2022-10-12 07:13:05
BE22027492	6	1	아, 그렇구나. 기대는 안 했지만 같이 시작한 사람이 나보다 앞서가는 거 같으면 기분이 유쾌하진 않겠다. 난 뭐가 부족한가 싶기도 하고, 나도 그러면 기분이 안 좋을 거 같긴 해.	N	2022-10-12 07:13:05	2022-11-08 06:18:29
BE22027492	7	0	응, 맞아. 승진을 격하게 바란 것도 아닌데, 막상 내가 동기 보다 뒤처진다고 생각하니까 속상해. 다른 동기들도 직접 말은 안 하지만, 수군거리는 게 다들 맘이 좀 상한 거 같더라. 오후 내내 일이 손에 안 잡혀.	N	2022-10-12 07:13:05	2022-11-08 06:18:29
BE22027492	8	1	그럴 수 있지. 더구나 너 입사하고 지금까지 얼마나 열심히 했어. 야근해도 불평 한번 없이 누구보다 열심히 한 거 내가 잘 알아.	N	2022-10-12 07:13:05	2022-11-08 06:18:29
BE22027492	9	0	응, 나 정말 이 회사 들어오고 싶어서 준비도 열심히 했고, 합격해서 얼마나 좋았나 몰라. 그래서 동기들 중에서도 제일 열심히 했다고 자부하는데, 결과는 내가 생각한 거랑 다르네. 남들은 그렇게 생각을 안 하나 봐.	N	2022-10-12 07:13:05	2022-10-12 07:13:05
BE22027492	10	1	어차피 이번에 승진 기대했던 건 아니잖아. 동기가 먼저 했으니 그런 마음이 드는 건 이해하는데, 너무 기분 상해 하지는 마. 계속 열심히만 한다면, 너한테도 기회는 올 거 아니야.	N	2022-10-12 07:13:05	2022-11-08 06:18:29
BE22027492	11	0	응. 근데 난 그 기회가 적어도 동기들 중에서는 나한테 먼저 오지 않을까 생각했어. 난 이제 그 애한테 대리님이라고 불러야 해? 뭔가 억울하고, 속상한 건 내가 속이 너무 좁은 건가?	N	2022-10-12 07:13:05	2022-10-12 07:13:05
BE22027492	12	1	아니야. 속이 좁기는 무슨. 당연히 마음 상할 수 있어. 근데 난 승진 때문에 니가 지금까지 열심히 한 걸 후회하거나 오랫동안 속상해할까 봐 그게 걱정돼.	N	2022-10-12 07:13:05	2022-11-08 06:18:29
BE22027492	13	0	지금은 너무 속이 상해. 솔직히 의욕도 떨어진 게 사실이야. 나 혼자 열심히 해봐야 누가 알아주는 것도 아니구나 싶어.	N	2022-10-12 07:13:05	2022-10-12 07:13:05
BE22027492	14	1	너 누군가에게 잘 보이고, 승진하고 싶어서 일한 건 아니었잖아. 니가 그렇게 원하던 일을 즐겁게 할 수 있는 것만으로도 너무 좋다고 했었잖아. 지금처럼 하다 보면 너한테도 당연히 좋은 소식이 올 거야.	N	2022-10-12 07:13:05	2022-11-08 06:18:29
BE22027492	15	0	응. 이 회사 들어왔을 때 부모님도 정말 좋아하셨고, 나도 그런 모습에 뿌듯했지. 처음엔 힘들었지만 일이 재미있어서 지금까지 특별한 불만 없이 잘 다닐 수 있었던 거 같아. 근데 오늘 그 소식이 이렇게 마음을 상하게 할 줄은 나도 몰랐어.	N	2022-10-12 07:13:05	2022-10-12 07:13:05
BE22027492	16	1	내가 너보다 조금 빨리 사회 생활해 본 경험으로 말해볼게. 우리는 경쟁 사회에 들어온 거고 앞으로도 이런 일은 수없이 일어날 수 있어. 내 맘과 다른 결과가 온다고 그때마다 상처받으면 스스로 너무 힘들고, 견디지 못할 거야.	N	2022-10-12 07:13:05	2022-11-08 06:18:29
BE22027492	17	0	그치. 학교 다닐 때도 내가 열심히 한다고 무조건 1등만 했던 건 아닌데, 다 잊고 있었네. 열심히 한다는 자만에 빠져서 남들은 다 나보다는 노력하지 않겠지 생각했었나 봐. 그 애도 정말 열심히 했으니 다른 동기들 보다 먼저 승진했을 텐데 말이야.	N	2022-10-12 07:13:05	2022-11-08 06:18:29
BE22027492	18	1	그래. 정당하게 경쟁하고, 나보다 잘한 사람은 인정해 주자. 그리고 어떤 면이 내가 부족했나 생각해 보고 노력해야 발전하는 거지. 불평만 한다고 달라지는 건 없고, 오히려 나만 더 제자리걸음이더라.	N	2022-10-12 07:13:05	2022-11-08 06:18:29
BE22027492	19	0	응, 알겠어. 뭔가 마음이 좀 편해졌는데? 고마워, 자기야. 그래도 오늘 퇴근 후에 맛있는 저녁은 먹자. 조언해 준 거 보답으로 내가 살게. 이따 연락해.	N	2022-10-12 07:13:05	2022-11-08 06:18:29
BE22027492	20	1	응. 너도 남은 시간은 마음잡고, 다시 일에 집중해 봐. 맛집 찾아보고, 퇴근 시간에 연락할게. 이따 보자.	Y	2022-10-12 07:13:05	2022-11-08 06:18:29
