id	utterance_id	utterance_type	utterance_text	terminate	regDate	updDate
BE22026122	1	0	자기야. 계단을 오르다 발을 삐끗해 병원에 갔더니 발뼈에 금이 갔다고 진단을 받았어. 갑자기 깁스까지 하게 돼서 너무 충격이야. 운동도 평소에 하는데 이게 다 부질없었던 것이라 생각이 들어서 마음에 상처가 되더라.	N	2022-10-09 12:59:36	2022-10-09 12:59:36
BE22026122	2	1	자기의 문자를 읽고 나니 나도 핸드폰을 떨어뜨릴 정도로 충격 받았어. 내가 이 정도인데 당신은 얼마나 힘들지 알 것 같아. 너무 자신을 자책하지마.	N	2022-10-09 12:59:36	2022-11-08 06:10:20
BE22026122	3	0	그렇게 생각하려고 노력해도 나를 탓하게 돼. 이럴 거면 지독하게 했던 운동은 도대체 왜 한 건지 모르겠어. 생각할수록 상처가 돼서 나의 노력을 떠올리기도 힘드네.	N	2022-10-09 12:59:36	2022-11-08 06:10:20
BE22026122	4	1	당연히 그런 생각이 들 거야. 과거부터 당신을 봐왔을 때 정말 대단할 정도로 노력한 당신이잖아. 그래도 당신의 노력이 절대 쓸모없는 게 아니니까 그것만 너무 집중해서 자신을 괴롭히지 마.	N	2022-10-09 12:59:36	2022-11-08 06:10:20
BE22026122	5	0	운동하고 열심히 살면 이렇게 쉽게 다치고 깁스까지 하지는 말아야 하잖아. 이게 나의 논리적인 비약이란 것을 알지만 상처받은 마음에 뭐라도 탓하게 되네.	N	2022-10-09 12:59:36	2022-11-08 06:10:20
BE22026122	6	1	남을 탓하지 않고 자기 자신을 괴롭히는 자기의 메시지를 보니 나의 마음이 더 아프네. 여전히 착한 자기라서 지금 마음이 많이 지친 게 느껴져. 자신을 괴롭히면서 이 상황을 받아들이기에는 자기가 너무 괴로울 것 같아서 내가 더 속상해지네.	N	2022-10-09 12:59:36	2022-10-09 12:59:36
BE22026122	7	0	그런가. 나도 모르게 나를 많이 괴롭히고 벼랑 끝으로 몰아세웠나 봐. 역시 자기가 내 옆에 없다면 난 여전히 나를 컨트롤하기 어렵네. 자기 정말 고마워.	N	2022-10-09 12:59:36	2022-10-09 12:59:36
BE22026122	8	1	지금 자기가 몸과 마음 두 개 다 지쳐서 그런 거지. 평상시에는 내가 자기에게 항상 의지했는데. 지금 생각해 보니 그게 자기에게 너무 부담을 준 것 같아서 미안해.	N	2022-10-09 12:59:36	2022-11-08 06:10:20
BE22026122	9	0	아니야. 지금 내가 이런 처지인데 지금 그때로 돌아가고 싶어. 아무리 힘을 내려고 해도 힘이 안 나서 힘이 못 되어 줄 것 같아서 불안해. 역시 사람이 마음에 상처받으면 아무것도 할 수 없나 봐.	N	2022-10-09 12:59:36	2022-10-09 12:59:36
BE22026122	10	1	당연하지. 자기의 몸부터 챙겨서 다시 건강해지는 게 내가 가장 바라는 거야. 지금 열심히 치료받고 재활하면 다시 회복할 수 있을 거야. 자기가 다시 건강해 질거라 믿어 의심치 않아.	N	2022-10-09 12:59:36	2022-11-08 06:10:20
BE22026122	11	0	고마워. 살짝 삐끗 해서 병원에 왔더니 이렇게 오랫동안 나아질 기미가 없을지는 못했어. 그래서 더 마음에 상처가 더 큰 것 같아. 자기밖에 생각이 안 나서 연락한 건데 연락하길 잘했다는 생각이 들어.	N	2022-10-09 12:59:36	2022-11-08 06:10:20
BE22026122	12	1	그렇게 메시지를 보내주니 나는 눈물이 날 것 같아. 아까 전까지 자기가 힘이 없어서 슬퍼하는 게 너무 느껴졌어. 지금은 나 때문에 힘이 난다는 말이 너무 감사하고 고마울 뿐이야.	N	2022-10-09 12:59:36	2022-11-08 06:10:20
BE22026122	13	0	그럼. 나에게 힘이 되어주는 자기가 있어서 다시 일어설 수 있는 거지. 병원에 와서 받은 충격이 회복이 안 될 것 같았어. 너무 상처받아서 아무 일도 못 할 것 같았거든.	N	2022-10-09 12:59:36	2022-10-09 12:59:36
BE22026122	14	1	나도 자기에게서 절망과 불안의 그림자를 느꼈을 때는 같이 절망적이더라고. 자기가 힘을 못 낼까 봐 너무 두려웠어. 그래도 나의 진심 어린 문자를 보내며 자기에게 힘이 되길 기도하고 바랐지.	N	2022-10-09 12:59:36	2022-11-08 06:10:20
BE22026122	15	0	그 진심이 나에게 와서 통했잖아. 자기가 보내준 메시지 안에 용기와 나에 대한 사랑이 가득 들어와 있더라고. 그것들을 가득 취하고 나니까 나도 모르게 내가 받은 마음의 상처들이 많이 회복되었어. 고마워.	Y	2022-10-09 12:59:36	2022-11-08 06:10:20
