id	utterance_id	utterance_type	utterance_text	terminate	regDate	updDate
BE22021563	1	0	자기야, 나 오늘 굉장히 상처받는 말을 들어서 마음이 너무 괴로워. 정말 마음이 너무 아파서 눈물이 났어.	N	2022-09-26 06:11:11	2022-09-26 06:11:11
BE22021563	2	1	왜 그래 우리 자기, 교수님이랑 회식했다고 하지 않았어? 무슨 일 있었던 거야?	N	2022-09-26 06:11:11	2022-11-08 05:43:20
BE22021563	3	0	교수님이 나보고 가난이 부끄러웠을 텐데 어떻게 견뎠냐고 물어봤어. 어린 시절 나는 우리 집이 없다는 사실이 부끄러웠던 적이 없었거든. 다른 동기들 앞에서 그런 말을 들으니 당황스럽기도 하고 충격이기도 했어.	N	2022-09-26 06:11:11	2022-11-08 05:43:20
BE22021563	4	1	다른 사람들도 있는 자리에서 그렇게 말씀하신 건 배려가 없으셨네. 아무리 네 사정을 잘 아신다고 해도 그렇게 말씀하시면 안되지.	N	2022-09-26 06:11:11	2022-11-08 05:43:20
BE22021563	5	0	아무리 친척집을 전전하며 살았다고 해도 나는 가난이 부끄럽지 않았거든. 그래서 더 속상했던 것 같아, 잘 모르면서 내 어린 시절에 대해 함부로 말하는 게. 남들에게는 내가 불쌍해 보였구나 싶어서 눈물이 났어.	N	2022-09-26 06:11:11	2022-11-08 05:43:20
BE22021563	6	1	교수님께서 공감 능력이 많이 부족하시네, 부끄러웠던 적 없는 사람한테 왜 그렇게 말씀하셨을까. 네가 너무 속상했던 기분 이해해, 나도 비슷한 경험이 있거든. 어떤 사람들은 그게 무례한 줄 모르고 하는 경우도 있더라고, 너무 슬퍼하지는 마.	N	2022-09-26 06:11:11	2022-11-08 05:43:20
BE22021563	7	0	교수님은 가난해본 적이 없으니까 그게 실례라는 걸 모르는 것 같아. 너무 속상해서 표정이 어두워졌었는데, 분위기 망치기 싫어서 그냥 끝까지 자리 지켰어. 집에 오는 버스에서 어찌나 마음이 아프던지, 참 허무하더라.	N	2022-09-26 06:11:11	2022-11-08 05:43:20
BE22021563	8	1	나는 자기가 너무 상처받지 않았으면 좋겠어. 자기 말대로, 어떤 사람들은 자기가 겪어보지 못한 것에 대해 무지하더라고. 교수님이 자기를 창피하게 만들려는 게 아니라, 아마 진심으로 몰라서 그런 걸 거야, 너무 속상해 마.	N	2022-09-26 06:11:11	2022-11-08 05:43:20
BE22021563	9	0	그렇게 말해 주니 그래도 조금은 교수님을 이해하게 되네. 아까는 너무 괴로웠는데, 자기 말을 들으니 조금씩 마음이 편안해져.	N	2022-09-26 06:11:11	2022-11-08 05:43:20
BE22021563	10	1	그 말을 들으니 다행이네. 교수님이 자기를 참 좋아했잖아, 일부러 그러신 건 절대 아닐 거야. 나름 힘들었던 자기의 어린 시절에 대해 물어보려고 했었던 건데 의도치 않게 상처를 준 걸 수도 있어.	N	2022-09-26 06:11:11	2022-11-08 05:43:20
BE22021563	11	0	그러게 말이야. 오해이든 아니든 내가 그 말에 너무 연연할 필요는 없을 것 같아. 남들이 뭐라고 하던 나 자신이 부끄럽지 않으면, 그건 더 이상 내게 상처가 될 수 없으니까.	N	2022-09-26 06:11:11	2022-11-08 05:43:20
BE22021563	12	1	자기 말이 맞아, 중요한 건 내 생각이지 남들이 어떻게 생각하는지가 아니야. 난 자기가 항상 자기의 처지에 만족하고 행복해하는 모습이 얼마나 멋있다고 생각해왔는데.	N	2022-09-26 06:11:11	2022-11-08 05:43:20
BE22021563	13	0	자기 덕분에 나의 긍정적인 모습을 다시 떠올리게 되었어. 진심 어린 위로 고마워.	N	2022-09-26 06:11:11	2022-11-08 05:43:20
BE22021563	14	1	천만에, 내 위로가 조금이나마 도움이 되었다니 다행이다.	Y	2022-09-26 06:11:11	2022-09-26 06:11:11
