id	utterance_id	utterance_type	utterance_text	terminate	regDate	updDate
BE22020780	1	0	자기야 나 요즘에 너무 후덕해 진 것 같지 않아? 오늘 아침 체중계 숫자를 보고 충격받아 기절할 뻔했어. 내 인생 최대 몸무게라 상처받았어.	N	2022-09-23 04:34:03	2022-11-08 05:38:48
BE22020780	2	1	매일 같이 얼굴을 보니 자기 몸무게의 변화를 못 느꼈네. 우리 자기가 늘어난 체중 때문에 상처를 많이 받았나 보다.	N	2022-09-23 04:34:03	2022-11-08 05:38:48
BE22020780	3	0	자기랑 연애를 시작한 후 매일 같이 맛집 탐방을 한 결과물 인 듯 해. 살이 쪄도 너무 많이 쪘어. 아침에 옷을 입다 잠기지 않은 바지에 충격을 받고 볼록해진 배에 상처받았어.	N	2022-09-23 04:34:03	2022-11-08 05:38:48
BE22020780	4	1	어머나 그 정도인 줄 몰랐네. 동글동글 테디베어 같아 정말 귀여워 인지를 못 했어. 첫눈에 반한 그때나 지금이나 여전히 멋있는 나의 애인이라고밖에 생각을 못 해 봤어.	N	2022-09-23 04:34:03	2022-11-08 05:38:48
BE22020780	5	0	꿀 떨어지는 자기 말은 언제 들어도 좋지만 정말 심각한 수준이야. 오늘부터라도 운동을 시작하지 않으면 아침에 보았던 체중계 숫자가 나에게 상처로 남을 거야.	N	2022-09-23 04:34:03	2022-11-08 05:38:48
BE22020780	6	1	내가 그 입장이라고 생각하니 충분히 상처일 수 있을 것 같아. 서로의 모습에 반해 몸무게의 변화를 간과했었구나. 지금부터라도 조금 긴장하면 되지 않을까?	N	2022-09-23 04:34:03	2022-11-08 05:38:48
BE22020780	7	0	그 수많은 맛집을 이젠 그냥 지나쳐야 할 것 같아. 자기와의 멋진 데이트 장소도 운동 기구 가득한 체육관으로 바꾼다고 생각하니 정말 슬퍼.	N	2022-09-23 04:34:03	2022-09-23 04:34:03
BE22020780	8	1	동안 우리의 입이 즐거웠잖아. 맛집이며 아름다운 장소들도 다 그 자리에 있어. 자기의 상처와 충격이 가시는 날 추억 돋게 그곳으로 떠나면 좋지 않겠어.	N	2022-09-23 04:34:03	2022-11-08 05:38:48
BE22020780	9	0	그렇게 말해 줘서 조금은 위안이 되는 듯해 고마워. 먹는 게 인생의 반 이상인 내가 참아 낼 수 있을까? 맘껏 먹을 수 없다는 것도 내겐 상처야.	N	2022-09-23 04:34:03	2022-11-08 05:38:48
BE22020780	10	1	음식이 주는 즐거움을 참는다는 게 정말 어려운 일이지. 쉬운 일은 아니지만, 바지 지퍼가 다시 잠기는 날을 위해 조금만 참아 보자. 말은 그렇게 했지만, 우리 자기는 계획을 세우면 또 해내 버리잖아.	N	2022-09-23 04:34:03	2022-11-08 05:38:48
BE22020780	11	0	그치 그치 내가 또 그런 사람이지. 우리가 처음 만났던 그 모습으로 돌아가 두근두근 설렘을 선물 해 볼게.	N	2022-09-23 04:34:03	2022-11-08 05:38:48
BE22020780	12	1	나 또다시 자기한테 반하는 거야. 마음만 앞서면 힘들 수도 있으니 식단과 운동을 조절해서 천천히 진행했으면 해. 물론 똑 부러지는 자기가 잘 알아서 할 테지만.	N	2022-09-23 04:34:03	2022-11-08 05:38:48
BE22020780	13	0	자기의 그 한마디 한마디가 자신감을 심어 주네. 오늘 이 상처와 충격에서 벗어날 수 있게 위로해 줘서 고마워.	N	2022-09-23 04:34:03	2022-11-08 05:38:48
BE22020780	14	1	옆에서 나도 함께 할 거니까 살쪘다고 스트레스받지 말고 천천히 즐기면서 운동하자.	N	2022-09-23 04:34:03	2022-11-08 05:38:48
BE22020780	15	0	포기할 수 없지, 미슐랭의 생활. 자기가 이해해 주고 함께 해 줘서 정말 위로가 돼. 우리 서로 사랑하길 정말 잘한 것 같아.	Y	2022-09-23 04:34:03	2022-11-08 05:38:48
