id	utterance_id	utterance_type	utterance_text	terminate	regDate	updDate
BE22026254	1	0	나는 정말 열심히 잘 살았다고 생각했는데, 막상 뚜껑을 열어보니 별거 없더라. 내가 어려울 때 날 응원하던 친구가 내가 성공하니까 기뻐하지 않더라고. 내 성공은 축하받지 못하는구나, 하는 생각이 드니까 상처가 되네.	N	2022-10-10 01:07:41	2022-10-10 01:07:41
BE22026254	2	1	그랬구나. 자기가 꽤 믿었던 친구여서 오히려 더 널 얼마나 힘들게 했을지, 참 마음이 아파. 그래도 자기의 주위에는 축하해 주는 사람들도 있잖아. 그중에 나도 하나야. 상처받지 마.	N	2022-10-10 01:07:41	2022-11-08 06:11:06
BE22026254	3	0	그야 알지만. 내가 가장 축하받고 싶었던 게 그 친구였거든. 내가 힘들고 어려울 때 누구보다 힘이 되었기에 성공하면 보답을 하고 싶었어. 그런데 내 선물을 보던 눈빛과 말투는 이전과는 너무 달랐어.	N	2022-10-10 01:07:41	2022-10-10 01:07:41
BE22026254	4	1	밤새 고심해서 고른 선물이었는데 정말 마음 좋지 않았을 것 같아. 나도 예전에 그런 이유로 친구를 잃은 적이 있어서 자기 마음이 얼마나 힘들지 충분히 공감해. 난 내가 취직했을 때 누구보다 축하해 줄 줄 알았는데 그렇지 못했을 때 상실감이 들었어.	N	2022-10-10 01:07:41	2022-11-08 06:11:06
BE22026254	5	0	맞아. 난 너무 낯설었어. 내 월급과 자신의 월급 차이를 말하면서 나를 비꼬는 모습도 그랬고. 내 선물이 명품이 아니라고 실망했다고 했을 때도 상처받을 수밖에 없었어.	N	2022-10-10 01:07:41	2022-10-10 01:07:41
BE22026254	6	1	저런, 자기가 상처받았다는 말을 하는데, 내 마음이 왜 이렇게 아픈지 모르겠다. 시간이 흐르면 조금은 괜찮아질 거야. 왜냐하면 넌 반드시 행복할 거니까.	N	2022-10-10 01:07:41	2022-11-08 06:11:06
BE22026254	7	0	이제는 그것도 모르겠어. 내 성공이 친구에게는 상처를 줬다면, 내가 기뻐하는 걸 보이지 말았어야 했나, 하는 생각이 들어. 그 친구가 없는 성공은 결국에 나한테는 상처가 될 수밖에 없어.	N	2022-10-10 01:07:41	2022-10-10 01:07:41
BE22026254	8	1	그 성공을 위해서 자기가 한 노력들을 떠올려 봐. 진심으로 잘 되길 바란 가족들의 마음도 떠올리고, 발품 팔아가면서, 밤낮없이 달려왔잖아. 그 노력을 상처로 마무리할 생각은 하지 말았으면 해.	N	2022-10-10 01:07:41	2022-11-08 06:11:06
BE22026254	9	0	하지만 그 아인 가장 친한 친구였어. 그러니 난 솔직히 다른 누구보다 축하받고 싶었고, 함께 나누고 싶었던 거야. 앞으로 내가 돈을 벌고 장사가 잘 될 때마다 친구를 잃었다는 상처가 같이 떠오르겠지.	N	2022-10-10 01:07:41	2022-10-10 01:07:41
BE22026254	10	1	어쩌면 떠오를 거야. 그렇지 않다고 내가 단정 지을 수 없으니까. 하지만 자기 주변에 진심으로 축하해 주는 사람들의 마음도 함께 떠올랐으면 좋겠어.	N	2022-10-10 01:07:41	2022-11-08 06:11:06
BE22026254	11	0	맞아. 내가 너무 한쪽으로만 생각이 기울었던 것 같아. 날 축하해 준 사람들이 많았지. 그 사람들에게는 정말 고마워.	N	2022-10-10 01:07:41	2022-10-10 01:07:41
BE22026254	12	1	이 기회에 알게 되었으면 됐다고 생각해. 함께 울어주고, 또 누구보다 기뻐하는 친구가 분명 나타날 거야. 왜냐하면 네가 그런 친구니까.	N	2022-10-10 01:07:41	2022-11-08 06:11:06
BE22026254	13	0	그렇네. 자기 말이 맞아. 난 힘들 때는 울어주고, 좋은 일이 생기면 손바닥이 아플 정도로 박수도 쳐줄 수 있거든. 내가 그런 친구라 그래서 더 많이 속이 상했었나 봐.	N	2022-10-10 01:07:41	2022-10-10 01:07:41
BE22026254	14	1	참 가슴 아픈 일이긴 하지만 자기 탓이 아니라는 것만 기억하면 좋겠어. 원래 진짜 친구를 만드는 건 어려운 일이야. 무엇보다 아직 늦지 않았고 말이야.	Y	2022-10-10 01:07:41	2022-11-08 06:11:07
