id	utterance_id	utterance_type	utterance_text	terminate	regDate	updDate
BE22017899	1	0	자기야, 나 회사에서 사람들이 다 나를 무시하는 것 같아서 너무 괴로워. 오늘도 점심 메뉴로 맑은 해장국을 먹고 싶었는데 내 의견을 무시하고 짜장면을 먹었어. 별것 아닌 일인데도 마음이 너무 아프고 상처가 되네.	N	2022-09-13 05:44:42	2022-11-08 05:18:12
BE22017899	2	1	그러게, 사람이 밥 먹는 거로 그러면 더 서운하고 마음이 안 좋은데 속상했겠다. 크게 싸우고 그런 것도 힘들지만 일상에서의 사소한 무시들도 마음을 아프게 하지. 충분히 자기가 마음에 상처를 입을 수 있는 상황이야.	N	2022-09-13 05:44:42	2022-11-08 05:18:12
BE22017899	3	0	내가 회의 시간에 아이디어를 내도 다들 반응이 미지근하고, 내가 말하면 분위기가 싸늘해지는 것 같아. 오늘처럼 대놓고 무시한 적은 없었는데 이런 상황이 되니까 마음에 상처가 깊어. 내가 경력직으로 들어와서 동기들도 없고 그래서 더 외로운 것 같고 이래저래 외톨이 같아.	N	2022-09-13 05:44:42	2022-09-13 05:44:42
BE22017899	4	1	다른 직원들이 자기를 따돌리려고 그러는 건 아닐 거야. 자기 말대로 자기가 이직한 지 얼마 되지 않아서 아직 서로를 잘 몰라서 그런 걸 거야. 금세 사람들과 친해질 수 있을 테니까 너무 괴로워하지 말고 명랑한 자기의 모습으로 돌아왔으면 좋겠어.	N	2022-09-13 05:44:42	2022-11-08 05:18:12
BE22017899	5	0	이직이 처음이라 그런지 모든 것이 낯설고 불편해. 그런 상황에서 나를 무시한다는 느낌을 받으니까 고립된 것 같고, 외로운 마음이 들어서 괴로워. 다른 사람들은 이직해서도 잘 적응한다는데 내가 부족해서 그런 건 아닌지 자괴감이 들기도 해.	N	2022-09-13 05:44:42	2022-09-13 05:44:42
BE22017899	6	1	누구나 낯선 상황에 놓이게 되면 조심하게 되고 더 경계하게 되잖아. 이런 상황일수록 자기가 가진 긍정적인 에너지로 사람들에게 먼저 다가가 봐. 내가 아는 자기라면 이번에도 잘 할 수 있을 거야.	N	2022-09-13 05:44:42	2022-11-08 05:18:12
BE22017899	7	0	용기를 내볼까 싶으면서도 사람들의 시선을 보면 움츠러들게 돼. 차라리 그냥 다 포기하고 혼자 지내야 하는 걸까 싶은 마음도 들어. 그러면 적어도 상처받진 않을 거 아냐.	N	2022-09-13 05:44:42	2022-11-08 05:18:12
BE22017899	8	1	자기가 그렇게까지 괴로웠다니 듣는 내 마음도 무척 아프고 속상하다. 그래도 직장에서 오랜 시간을 보내는데 그렇게 고립되어 있으면 자기가 무척 힘들 것 같아. 사람들이 곧 자기의 진가를 알아볼 거니까 조금만 힘 내보자.	N	2022-09-13 05:44:42	2022-11-08 05:18:12
BE22017899	9	0	태어나서 처음으로 이런 식으로 따돌림당하는 것 같아. 그래서 더 대응하기가 어렵고 마음이 불편해. 내가 잘 할 수 있을까?	N	2022-09-13 05:44:42	2022-11-08 05:18:12
BE22017899	10	1	그럼, 물론 자기는 잘 할 수 있어. 어려운 상황인데도 자기가 그래도 적응하려고 부단히 노력하고 있는 모습이 얼마나 대단한데. 그런 노력을 사람들이 곧 알게 될 거니까 너무 걱정하지 마.	N	2022-09-13 05:44:42	2022-11-08 05:18:12
BE22017899	11	0	그래, 내가 노력하고 있다는 걸 사람들이 언젠간 알아봐 주겠지. 자기 말대로 마음 편하게 먹고 여유를 가져볼게.	N	2022-09-13 05:44:42	2022-11-08 05:18:12
BE22017899	12	1	그래, 잘 생각했어. 고립되어서 자기가 가진 훌륭한 장점들을 사람들이 몰라주면 너무 아깝잖아. 내가 곁에서 응원할게, 힘내.	N	2022-09-13 05:44:42	2022-11-08 05:18:12
BE22017899	13	0	응원해줘서 마음이 한결 가벼워졌어. 자기 덕분에 힘이 난다, 정말 고마워!	N	2022-09-13 05:44:42	2022-11-08 05:18:12
BE22017899	14	1	내가 도움이 되었다니 기쁘네. 기운 내고 오늘 하루도 잘 보내.	Y	2022-09-13 05:44:42	2022-11-08 05:18:12
