id	utterance_id	utterance_type	utterance_text	terminate	regDate	updDate
BE22024367	1	0	자기야, 나 어제 진짜 충격적인 일이 있었어.	N	2022-10-05 05:43:30	2022-10-05 05:43:30
BE22024367	2	1	무슨 일이 있었어? 기분이 많이 안 좋아보인다.	N	2022-10-05 05:43:30	2022-11-08 05:59:52
BE22024367	3	0	내가 저번에 헌 옷을 재활용해서 방석 만들었던 거 알지? 그거 회사에 들고 갔었는데, 과장님이 보시고는 이상하다고 하는 거야. 그래서 완전히 상처받았잖아.	N	2022-10-05 05:43:30	2022-11-08 05:59:52
BE22024367	4	1	그 과장님, 참 너무하시네. 내가 봤을 땐 방석이 참 아기자기하고 예쁘기만 했는데. 그런 말을 들어서 자기 기분이 많이 상했겠다.	N	2022-10-05 05:43:30	2022-11-08 05:59:52
BE22024367	5	0	상처받는 동시에 너무 충격도 받았어. 그냥 버리지 구질구질하게 왜 그렇게 방석을 만드냐고 하시는 말씀에 진짜 할 말을 잃었다니까. 내가 그렇게 못 할 일을 한 건가 싶어서 자괴감까지 들었어.	N	2022-10-05 05:43:30	2022-11-08 05:59:52
BE22024367	6	1	정말 굉장히 무례한 분이네. 자기가 열심히 만든 방석인데 그렇게 함부로 말해서 나였어도 정말 속상하고 상처받았을 것 같아. 듣는 나도 정말 화가 나는데, 자기는 진짜 기분 나빴겠다.	N	2022-10-05 05:43:30	2022-11-08 05:59:52
BE22024367	7	0	그래서 방석을 다시 가방에 넣었는데, 너무 상처가 되는 말이라서 한동안 멍하니 있었어. 정말 어떻게 그렇게 남에게 상처되는 말을 하실 수 있는지 이해가 되질 않았어. 마음에 가시가 박힌 것처럼 아리더라.	N	2022-10-05 05:43:30	2022-10-05 05:43:30
BE22024367	8	1	아이고, 과장님 때문에 정말 마음에 큰 상처를 입었나 보네. 자기가 정말 많이 서러웠겠다. 그 말을 들으니 자기가 얼마나 슬펐을까 공감이 되어서 내 마음이 더 아픈 것 같아.	N	2022-10-05 05:43:30	2022-11-08 05:59:52
BE22024367	9	0	원래도 말씀을 함부로 막 하는 분이긴 했는데 그날따라 엄청 우울하고 마음이 아프더라고. 괜찮을 줄 알았는데 생각보다 내가 크게 상처받았던 것 같아.	N	2022-10-05 05:43:30	2022-10-05 05:43:30
BE22024367	10	1	누구라도 그런 말을 면전에 들었으면 그렇게 상처받았을 거야. 나라면 너무 화가 나서 못 참았을 텐데 참고 그냥 넘긴 자기가 정말 대단하다. 자기 잘못은 하나도 없으니까 너무 속상해하지는 않았으면 좋겠어.	N	2022-10-05 05:43:30	2022-11-08 05:59:52
BE22024367	11	0	나도 머리로는 그렇게 생각하는데, 마음은 그렇게가 잘 되지 않더라. 너무 속상하고 기분이 잘 풀리질 않아. 계속 그 안 좋은 말들이 맴돌아.	N	2022-10-05 05:43:30	2022-11-08 05:59:52
BE22024367	12	1	그렇겠지만, 그래도 과장님 말은 많이 신경 쓰지 않았으면 좋겠어. 자기가 그걸 만들고 완성되는 걸 보면서 행복하고 즐거웠다는데, 누가 아니라고 할 수 있겠어. 누구나 본인의 행복은 본인이 결정하는 거잖아.	N	2022-10-05 05:43:30	2022-11-08 05:59:52
BE22024367	13	0	자기 말대로 더는 신경 쓰지 말아야겠다. 내가 행복한데 남의 말이 대수겠어. 그렇게 생각하니 마음이 살짝 편해지네.	N	2022-10-05 05:43:30	2022-10-05 05:43:30
BE22024367	14	1	조금이라도 마음이 풀렸다니 정말 다행이다. 앞으로도 그런 일 있으면 내게 말만 해! 내가 다 들어주고 자기한테 용기를 북돋아 줄게.	N	2022-10-05 05:43:30	2022-11-08 05:59:52
BE22024367	15	0	나 따뜻하게 위로해줘서 너무 고마워. 자기가 있어서 정말 행복하다.	Y	2022-10-05 05:43:30	2022-10-05 05:43:30
