id	utterance_id	utterance_type	utterance_text	terminate	regDate	updDate
BE22025517	1	0	자기야. 나 오늘 은행에 갔다가 상처받았어. 마음이 너무 아파.	N	2022-10-08 02:54:21	2022-10-08 02:54:21
BE22025517	2	1	무슨 일인데 그래? 나에게 말해 봐. 내가 자기의 아픈 마음을 위로해줄게.	N	2022-10-08 02:54:21	2022-11-08 06:06:43
BE22025517	3	0	내가 올해로 10년째 일을 하고 있잖아. 그런데 비해 모은 돈이 많지 않더라고. 내 통장 잔고를 보고 비참한 내 모습에 너무 상처받았어.	N	2022-10-08 02:54:21	2022-10-08 02:54:21
BE22025517	4	1	오랫동안 일한 보람이 느껴지지 않아 자기가 상처를 받은 거구나. 때때로 결과가 내 성에 차지 않으면 상처를 받을 때가 있지. 자기 마음이 얼마나 힘들지 충분히 이해가 간다.	N	2022-10-08 02:54:21	2022-11-08 06:06:43
BE22025517	5	0	그동안 내가 열심히 일했던 시간들이 모두 의미 없어지는 것 같아. 나름대로 열심히 살아왔다고 자부했는데 착각이었다고 생각하니 상처가 되네.	N	2022-10-08 02:54:21	2022-10-08 02:54:21
BE22025517	6	1	자기는 누구보다 자기의 삶을 충실히 잘 살아온거 내가 잘 알아. 흐트러짐 없는 모습으로 성실하게 잘 살아왔으니 자부심을 가져도 돼. 스스로를 비난하며 상처받지 않았으면 좋겠어.	N	2022-10-08 02:54:21	2022-11-08 06:06:43
BE22025517	7	0	그렇지만 내 나이 정도면 어느정도 모여야 하는 돈이 있을텐데 난 턱없이 모자라. 남들보다 뒤쳐지는 내 모습이 너무 초라하다는 생각에 상처가 깊어지는 것 같아.	N	2022-10-08 02:54:21	2022-10-08 02:54:21
BE22025517	8	1	내가 본 자기의 모습은 그 누구보다 멋지고 당당해. 스스로를 초라하고 비참하다고 여기며 괴롭히지 마. 자기는 자기의 존재만으로도 충분히 빛나는 사람이니까 어깨 피고 주눅들지 않아도 돼.	N	2022-10-08 02:54:21	2022-11-08 06:06:43
BE22025517	9	0	지금의 나의 현실을 보여주는건 결국 돈이라고 생각하면 이 상처를 회복할 수 없을 것 같아. 아무리 노력해도 난 제자리걸음을 할 뿐이니 의욕도 없어지는 것 같아.	N	2022-10-08 02:54:21	2022-10-08 02:54:21
BE22025517	10	1	자기가 보낸 10년이라는 세월동안 기대하는 만큼의 돈을 모으지 못해 상처받은 자기의 마음 잘 알아. 그렇지만 대신 다른 중요한 가치를 쌓았다고 생각해보는건 어때? 그 시간동안 자기의 커리어는 분명 충분히 쌓였을테니까.	N	2022-10-08 02:54:21	2022-11-08 06:06:43
BE22025517	11	0	자기의 말을 듣고보니 내가 너무 돈에만 집중해서 생각하다 보니 상처를 받은 것 같다. 돈으로 환산할 수 없는 가치들이 쌓였다는 걸 망각하고 있었던 것 같아.	N	2022-10-08 02:54:21	2022-11-08 06:06:43
BE22025517	12	1	그 긴 시간을 아무 의미없이 보냈다고 생각하며 상처받지 마. 자기는 분명히 그 시간동안 소중한 것들을 배우고 모았을테니 말이야.	N	2022-10-08 02:54:21	2022-11-08 06:06:43
BE22025517	13	0	자기가 그렇게 말해주니 내 상처가 모두 치유되는 것 같아. 나의 가치를 생각하며 앞으로는 나 스스로에게 상처주는 일은 없을 것 같다.	N	2022-10-08 02:54:21	2022-10-08 02:54:21
BE22025517	14	1	자기의 마음이 한결 좋아져보여 다행이야. 돈 때문에 주눅들지 말고 어디서나 당당한 자기 모습을 잘 간직하길 바래.	N	2022-10-08 02:54:21	2022-11-08 06:06:43
BE22025517	15	0	물론이지. 정말 고마워 자기야. 덕분에 다시 활기차게 살아갈 의욕도 생긴 것 같아.	Y	2022-10-08 02:54:21	2022-11-08 06:06:43
