id	utterance_id	utterance_type	utterance_text	terminate	regDate	updDate
BE22004171	1	0	자기야 나랑 되게 친했던 친구가 많이 변한 거 같아. 믿었던 친구인데 너무 충격이야.	N	2022-06-27 09:54:11	2022-11-08 03:51:14
BE22004171	2	1	정말? 어떻게 변했는데? 믿었던 친구라면 더 상심이 크겠다.	N	2022-06-27 09:54:11	2022-11-08 03:51:14
BE22004171	3	0	응. 사실 그 친구가 가장 먼저 결혼한 친구거든. 그런데 결혼 이후로 연락도 잘 안 받고 친구들 여럿이서 모일 때도 안 나와. 이거 피하는 거 맞지?	N	2022-06-27 09:54:11	2022-11-08 03:51:14
BE22004171	4	1	음 아무래도 그렇게 보이긴 한다. 결혼하면 연락 줄어든다고 하긴 하는데 자기가 느끼기에 그 이상인 거야?	N	2022-06-27 09:54:11	2022-11-08 03:51:14
BE22004171	5	0	응. 원래 간간이 연락으로 안부 묻고 그랬거든. 그런데 다른 친구 결혼할 때도 사정 있다고 안 오더니 그 뒤로 연락이 안 돼. 우리가 그 친구 결혼할 때 진짜 물심양면 많이 도와줬는데 이럴 수가 있나?	N	2022-06-27 09:54:11	2022-11-08 03:51:14
BE22004171	6	1	엥? 본인은 결혼할 때 친구들 도움받았으면서 이러는 건 좀 예의가 아닌 거 같네. 자기 포함해서 친구분들 다 많이 속상하겠다.	N	2022-06-27 09:54:11	2022-11-08 03:51:14
BE22004171	7	0	응. 나랑 내 친구들 전부 상처받아서 아직도 충격에서 헤어 나오지 못하고 있어. 갑자기 왜 그러는 거지. 본인 실속만 챙기고 살던 친구가 아니었어서 더 충격이야.	N	2022-06-27 09:54:11	2022-11-08 03:51:14
BE22004171	8	1	그래? 원래 어떤 친구였는데? 잘은 모르지만 원래 그런 사람이 아니라면 다른 이유가 있을 수도 있겠다는 생각이 들어.	N	2022-06-27 09:54:11	2022-11-08 03:51:15
BE22004171	9	0	음 원래 활발하고 이타적인 친구였어. 항상 먼저 손 내밀 줄 알고 작은 것에도 감사할 줄 아는 친구였어.	N	2022-06-27 09:54:11	2022-11-08 03:51:15
BE22004171	10	1	그랬던 친구가 하루아침에 이렇게 변했다고? 나도 잘 믿어지지 않네. 혹시 말 못 할 개인적인 이유가 있지 않을까?	N	2022-06-27 09:54:11	2022-11-08 03:51:15
BE22004171	11	0	처음에 그 생각을 해보긴 했는데 알아보니까 우리 말고 다른 친구들이랑은 계속 연락을 이어가더라고. 그래서 우리만 피한다는 걸 알게 되니까 배신감도 들어.	N	2022-06-27 09:54:11	2022-11-08 03:51:15
BE22004171	12	1	그렇구나. 그렇다면 충격이 더더욱 크겠다. 믿었던 친구한테 배신당하는 심정이 어떨지 감히 짐작할 수 없지만 정말 속상할 거 같아. 자기 마음 충분히 이해돼.	N	2022-06-27 09:54:11	2022-11-08 03:51:15
BE22004171	13	0	응. 처음에 내가 무슨 잘못을 했나 자책도 하고 그랬는데 그게 아닌 걸 알게 되니까 더 힘들더라. 더 생각하고 싶지도 않은데 자꾸 생각이 나네.	N	2022-06-27 09:54:11	2022-11-08 03:51:15
BE22004171	14	1	나였어도 그랬을 거야. 그렇지만 나를 좋아하지 않는 사람이 하는 행동에 너무 상처받지 않았으면 좋겠어. 세상에 너를 사랑하는 사람이 충분히 많고 넌 사랑받을 자격이 마땅하거든!	N	2022-06-27 09:54:11	2022-11-08 03:51:15
BE22004171	15	0	사랑받아 마땅하다는 말 지금 너무 큰 위로가 된다. 너무 고마워. 이제 더 생각 안 하고 좋은 사람들과 잘 지내볼게!	Y	2022-06-27 09:54:11	2022-11-08 03:51:15
