id	utterance_id	utterance_type	utterance_text	terminate	regDate	updDate
BE22017868	1	0	자기, 나 오늘 같이 조별 과제를 하는 외국인 학생이랑 다른 조원들이랑 점심 같이 먹었어. 근데 외국인인데 매운 음식을 나보다 더 잘 먹더라.	N	2022-09-13 05:17:31	2022-11-08 05:18:01
BE22017868	2	1	외국인 입에는 더 매울 텐데 신기하다. 그래도 잘 먹는 모습 보면 참 좋을 것 같아!	N	2022-09-13 05:17:31	2022-09-13 05:17:31
BE22017868	3	0	아냐, 난 솔직히 같이 음식 먹을 때 기분 별로였어. 나는 매운 음식 한 입도 못 먹잖아. 근데 매운 음식이 익숙하지도 않을 외국인이 잘 먹는 걸 보니 질투 나서 상처받았어.	N	2022-09-13 05:17:31	2022-11-08 05:18:01
BE22017868	4	1	아무래도 비교가 돼서 혼자 속으로 상처받았구나. 근데 나 같아도 괜히 신경 쓰이고 부러워했을 것 같아. 아무래도 내가 잘하지 못하는 걸 남이 하면 질투가 날 수밖에 없지.	N	2022-09-13 05:17:31	2022-11-08 05:18:01
BE22017868	5	0	나는 어릴 때 떡볶이도 맵다고 물에 씻어서 먹었거든. 그래서 친구들이 매운 것도 잘 못 먹는다고 많이 놀렸어. 그런 일들을 많이 겪어서 그런지 나도 모르게 시기하게 되더라.	N	2022-09-13 05:17:31	2022-09-13 05:17:31
BE22017868	6	1	어릴 때 그런 고생을 했었구나. 근데 지금도 그것 때문에 속앓이하는 걸 보니 내가 다 안타깝고 그래. 자기 정말 마음고생이 심했을 것 같아.	N	2022-09-13 05:17:31	2022-11-08 05:18:01
BE22017868	7	0	친구들은 장난으로 그랬을지 모르겠지만, 난 그 말 들을 때마다 상처받았어. 그래서 외국인이 나보다 매운 음식 잘 먹는 걸 보니까 난 왜 저러지 못할까 싶더라.	N	2022-09-13 05:17:31	2022-11-08 05:18:01
BE22017868	8	1	그래도 어릴 때 받았던 상처를 지금도 지니고 있지 않았으며 좋겠어. 그럴수록 자기 자신을 갉아먹기만 할 뿐, 실사 도움이 되는 것도 아니니 떨쳐냈으면 좋겠어. 매운 음식을 잘 못 먹어도 자기는 착하고 다른 걸 잘하잖아.	N	2022-09-13 05:17:31	2022-11-08 05:18:01
BE22017868	9	0	그래도 오래전부터 지녔던 상처라 그런지 금방 극복이 안 돼. 그래서 나는 일부러 매운 음식 먹는 사람을 피하기도 한단 말이야.	N	2022-09-13 05:17:31	2022-11-08 05:18:01
BE22017868	10	1	상처받아서 자기 자기 자신에게 제약을 주는 대신 상처를 치유하고 마음을 좀더 열었으면 좋겠어. 한 번 상처 받은 마음이 치유되는 데 오랜 시간이 걸리겠지만, 결국은 치유되기 마련이야. 이렇게 나에게도 속에 든 상처를 털어놓았으니 상처를 극복하기 위한 한 걸음을 내밀었다고 생각하자.	N	2022-09-13 05:17:31	2022-11-08 05:18:01
BE22017868	11	0	그래, 자기한테 이렇게 털어놓으니 한결 기분이 나아졌어. 나도 더 이상 이걸로 혼자 상처받는 대신 잘 극복해볼게.	N	2022-09-13 05:17:31	2022-11-08 05:18:01
BE22017868	12	1	어릴 땐 뭣도 모르고 친구들이 놀렸겠지만, 지금은 매운 거 못 먹는다고 하면 이해해줄 거야. 그러니 더는 혼자서 상처받지 않기를 바랄게! 자기라면 분명히 잘 극복할 수 있을 거야.	N	2022-09-13 05:17:31	2022-11-08 05:18:01
BE22017868	13	0	그렇게 기운을 차리게 해줘서 고마워. 덕분에 이제는 신경 안 쓸 수 있을 것 같아. 달래줘서 정말 고마워!	N	2022-09-13 05:17:31	2022-11-08 05:18:01
BE22017868	14	1	아냐, 나도 자기가 금방 기운 차린 걸 보니까 마음이 괜찮아지는걸. 다음에도 혹시 힘든 일 있으면 나에게 털어놔 줘.	N	2022-09-13 05:17:31	2022-11-08 05:18:01
BE22017868	15	0	말만 들어도 참 든든해. 자기 같은 사람이 내 옆에 있단 사실만으로도 참 감사해!	Y	2022-09-13 05:17:31	2022-09-13 05:17:31
