id	utterance_id	utterance_type	utterance_text	terminate	regDate	updDate
BE22025067	1	0	자기야. 나 마음의 상처 때문에 너무 힘들어.	N	2022-10-06 17:37:14	2022-10-06 17:37:14
BE22025067	2	1	왜? 무슨 일이 있는 거야?	N	2022-10-06 17:37:14	2022-10-06 17:37:14
BE22025067	3	0	난 어두운 방에서 잠을 잘 수가 없거든. 이게 어렸을 때부터 아무도 집에 있지 않았던 거에서 온 외로움과 결핍때문이거든. 자기 전마다 이런 마음의 상처가 생각나서 잠이 오질 않아.	N	2022-10-06 17:37:14	2022-10-06 17:37:14
BE22025067	4	1	나도 그런 기분을 느껴본 적이 있어서 자기가 지금 얼마나 힘들지 예상이 가. 자기가 힘들다니까 나도 마음이 너무 안 좋네.	N	2022-10-06 17:37:14	2022-10-06 17:37:14
BE22025067	5	0	응. 부모님도 맞벌이시고 자매들도 나에게 크게 관심이 없어서 늘 난 혼자였던 것 같아. 그래서 그런지 밤이 되면 유독 더 어둠이 더 무섭더라고. 그럴 때마다 가족에게 버려진 것만 같은 기분이 들어서 그게 상처가 돼.	N	2022-10-06 17:37:14	2022-10-06 17:37:14
BE22025067	6	1	하지만 가족은 자기가 싫거나 자기를 사랑하지 않아서 그런 게 아닐 거야. 먹고살이기에 바빠서 자기에게 애정을 표현하지 못했던 것 뿐이지 속으로는 자기를 누구보다 사랑하실 거야. 너무 혼자서 상처에 힘들어하지 않았으면 좋겠어.	N	2022-10-06 17:37:14	2022-11-08 06:04:03
BE22025067	7	0	정말 그럴까? 이런 외로움과 공허함 때문에 다른 사람에게 사랑을 제대로 전하지 못하는 사람이 된 것만 같아. 어딘가가 결핍된 모자란 사람이라는 생각이 들어서 그게 또 상처가 돼.	N	2022-10-06 17:37:14	2022-10-06 17:37:14
BE22025067	8	1	자기는 항상 다른 사람을 배려하고 아껴주는 표현을 많이 하는 멋진 사람이야. 자신이 가진 걸 베풀 줄 아는 멋진 사람이니까 그렇게 본인을 모자라다고 생각하지 않아도 돼. 너는 너 자신으로 정말 소중하고 멋진 사람이야.	N	2022-10-06 17:37:14	2022-11-08 06:04:03
BE22025067	9	0	내가 이 상처에 혼자 허덕이고 있는 걸까? 어른이 되었는데도 그 때의 생각들로 어두운 방 안에서 잠을 못 자고 있잖아. 이런 걸 보면 영원히 과거의 굴레에서 벗어나지 못할까봐 너무 머리가 아파.	N	2022-10-06 17:37:14	2022-10-06 17:37:14
BE22025067	10	1	상처를 입어서 생긴 습관 같은 걸 꼭 떨쳐내야할 필요는 없어. 자기는 나에게 상처를 털어놓은 것만으로도 그 상처를 극복하고 있는 과정에 있다고 생각해. 외로움 때문에 어둠이 무서우면 그냥 그걸 인정하고 본인의 마음을 정제하면 되는 거니까 자책하지 마.	N	2022-10-06 17:37:14	2022-11-08 06:04:03
BE22025067	11	0	그렇게 말해줘서 고마워. 밤에 자기 전에 울적했던 기분이 자기 덕분에 좀 나아진 것 같아.	N	2022-10-06 17:37:14	2022-11-08 06:04:03
BE22025067	12	1	그렇다니 다행이야. 자기에게 더 도움을 주고 싶은데 이렇게 말로만 한 것 같아서 괜히 더 미안하네.	N	2022-10-06 17:37:14	2022-11-08 06:04:03
BE22025067	13	0	얘기 들어주는 거 자체가 얼마나 힘든 일인데 너무 고마워. 충분히 도움이 되었어. 너무 든든해.	N	2022-10-06 17:37:14	2022-11-08 06:04:03
BE22025067	14	1	나는 항상 자기 편이니까 언제든 고민 있으면 얘기하고.	Y	2022-10-06 17:37:14	2022-10-06 17:37:14
