id	utterance_id	utterance_type	utterance_text	terminate	regDate	updDate
BE22023715	1	0	자기야 나 오늘 친구 만났다가 상처받고 돌아왔어. 그래서 지금 너무 지친 상태야.	N	2022-10-03 11:49:39	2022-10-03 11:49:39
BE22023715	2	1	무슨 일이 있었던 거야? 나한테 털어놓을 수 있어?	N	2022-10-03 11:49:39	2022-10-03 11:49:39
BE22023715	3	0	큰일이 있었던 건 아닌데, 친구가 날 걱정한답시고 한 말이 너무 상처가 됐네. 내가 맵고 짜고 자극적인 음식을 자주 먹는데 그게 걱정이 됐나 봐. 나보고 너 계속 그렇게 먹다간 병 걸려 죽는다고 말하더라고.	N	2022-10-03 11:49:39	2022-11-08 05:56:03
BE22023715	4	1	아무리 친한 사이라고 하지만 그렇게까지 심하게 말을 했다니 너무 실례네. 자기 기분이 많이 상했을 것 같아.	N	2022-10-03 11:49:39	2022-11-08 05:56:03
BE22023715	5	0	그냥 순수하게 걱정된다고 자제하라고 했으면 이렇게까지 상처받지도 않았어. 그런데 병에 걸려 죽을 거라는 말을 하니까 너무 충격적이더라.	N	2022-10-03 11:49:39	2022-10-03 11:49:39
BE22023715	6	1	당연히 상처받을 만도 하지, 그렇게까지 격하게 말할 필요는 없었잖아. 내가 자기였대도 그 상황에서는 아무 저항 없이 상처받았을 거야.	N	2022-10-03 11:49:39	2022-11-08 05:56:03
BE22023715	7	0	내가 말을 왜 그렇게 하냐고 하니까 그냥 걱정되는 마음에 그런 거래. 그래서 사과받고 싶었는데 사과받지도 못했어. 식습관을 고치려고는 했는데, 저런 말을 들으니까 정말 병에 걸려서 죽을 것 같다는 생각까지 들어.	N	2022-10-03 11:49:39	2022-10-03 11:49:39
BE22023715	8	1	자기 식습관이 안 좋다고 말할 수는 있어도 모두가 그렇게 말하지는 않아, 그 친구가 심했어. 이제부터 서서히 고쳐가면 되는 걸 그렇게 심하게 말할 필요는 없었다고 생각해. 게다가 지금 당장 아프지도 않은데 그렇게 극단적으로 생각하지 않았으면 좋겠어.	N	2022-10-03 11:49:39	2022-11-08 05:56:03
BE22023715	9	0	한 귀로 듣고 한 귀로 흘리고 싶은데 친구 말이 너무 생생히 기억나. 그래서 아까 받은 충격이 가시질 않고 상처로 남네.	N	2022-10-03 11:49:39	2022-10-03 11:49:39
BE22023715	10	1	친구의 과격한 말로 상처받은 거 충분히 이해해, 나까지 속상할 정도니까. 하지만 친구가 자기를 배려하지 않고 뱉은 말에 너무 부정적인 영향을 받진 않았으면 좋겠어. 자기를 진심으로 걱정해서 한 말이었다면, 그 말을 들을 자기의 기분도 생각해서 말했겠지.	N	2022-10-03 11:49:39	2022-11-08 05:56:03
BE22023715	11	0	듣고 보니 자기 말이 맞네. 정말 나를 위하려고 했다면 그렇게까지 심하게 말하진 않았을 것 같아. 아무리 충격요법이라지만 나에게 남은 건 상처받은 감정뿐이었어.	N	2022-10-03 11:49:39	2022-11-08 05:56:03
BE22023715	12	1	소중한 사람에게 조언할 땐 본인 마음마저 같이 아파야 진정한 충고라고 하더라. 그러니까 그 친구의 말은 자기를 마음을 다한 말이 아니었다고 생각해. 그러니까 너무 상처받지 않았으면 좋겠어.	N	2022-10-03 11:49:39	2022-11-08 05:56:03
BE22023715	13	0	그래, 잘못은 친구가 했는데 내가 이렇게까지 충격받을 필요는 없겠다. 고마워, 자기 덕에 상처받았던 그 상황에서 조금은 벗어날 수 있을 것 같아.	N	2022-10-03 11:49:39	2022-10-03 11:49:39
BE22023715	14	1	그렇게 느낀다면 다행이다. 친구 말은 너무 신경 쓰지 말고, 자기 스스로 식습관을 조절하려고 노력해 보자.	N	2022-10-03 11:49:39	2022-11-08 05:56:03
BE22023715	15	0	고마워, 자기가 있어서 힘이 난다. 죽을 거라는 말은 이제 잊고, 나 스스로 맵고 짠 음식을 줄이는 방향으로 생각하도록 해볼게.	Y	2022-10-03 11:49:39	2022-11-08 05:56:03
