id	utterance_id	utterance_type	utterance_text	terminate	regDate	updDate
BE22027744	1	0	자기야, 나 오늘 너무 상처받는 일이 있었어. 나는 나름대로 회사에서 열심히 일했다고 생각하는데, 상사분들의 평가가 영 좋지 않네. 더 분발하라는 식의 말들이 내겐 너무 상처였어.	N	2022-10-12 13:39:11	2022-11-08 06:19:59
BE22027744	2	1	어렵사리 들어간 회사에서 열심히 일했는데 그런 말을 들어서 정말 속상했겠다. 나라도 평가를 괜스레 상처받고 주눅 들 것 같아. 그 상황에서 쉽사리 좋지 않은 기분을 떨쳐내기는 너무나도 어려울 것 같은걸.	N	2022-10-12 13:39:11	2022-11-08 06:19:59
BE22027744	3	0	난 내가 정말 최선을 다했고 나름대로 괜찮은 실적을 올렸다고 생각했거든. 냉담한 평가에 너무 상처받은 것 같아. 난 이런 평가를 예상치도 못했거든.	N	2022-10-12 13:39:11	2022-10-12 13:39:11
BE22027744	4	1	얼마나 노력했는지 알기에 그 상처가 더욱 클 것 같아. 자기가 회사에 들어간 지도 얼마 안 됐잖아. 이제 막 적응을 끝낸 시기일 텐데 박한 평가에 몹시 속상했겠어.	N	2022-10-12 13:39:11	2022-11-08 06:19:59
BE22027744	5	0	왜 나한테만 그러실까. 내 모습을 맘에 안 들어 하시나 하는 생각도 했어. 안 좋은 평가들만 들으니까 나 자신이 너무 초라해지네.	N	2022-10-12 13:39:11	2022-11-08 06:19:59
BE22027744	6	1	자기야, 마음이 무척 아팠지? 하지만 난 자기가 지금 회사에서 적응하는 시간을 갖는 거라고 생각해. 그리고 누구나 그렇겠지만, 입사한 지 얼마 안 된 곳에서 본인의 능력치를 모두 드러내기란 너무 어렵잖아. 자책 마.	N	2022-10-12 13:39:11	2022-11-08 06:19:59
BE22027744	7	0	나도 하루빨리 회사에서 좋은 평가를 듣고 싶어. 이 상처를 아물 수 있게 하는 방법이 뭔지 모르겠어. 괜히 상사분의 눈치만 보이고 말이야.	N	2022-10-12 13:39:11	2022-11-08 06:19:59
BE22027744	8	1	자기가 충분히 시간을 갖고 회사 생활을 지속하다 보면 안 되던 일도 잘 해낼 수 있을 거야. 그리고 아직 상사분들이 자기의 진면모를 못 보셔서 그런 것일 수도 있잖아. 입사한 지 얼마 안 된 것이니만큼, 자기 자신을 작고 초라하다고 생각하지 않았으면 좋겠어.	N	2022-10-12 13:39:11	2022-11-08 06:19:59
BE22027744	9	0	누군가에게 안 좋은 평가를 듣는다는 게 이렇게 힘든 일일 줄은 몰랐네. 사실 요즘 마음이 너무 편치 않았었거든.	N	2022-10-12 13:39:11	2022-11-08 06:19:59
BE22027744	10	1	그런 줄도 몰랐던 내가 원망스러워지는걸. 자기가 이미 상처를 많이 입은 것 같아서 나도 너무 마음이 아파. 하지만 지금의 단계를 잘 버텨나가면 자기는 한단계 성장할 수 있을 거야.	N	2022-10-12 13:39:11	2022-11-08 06:19:59
BE22027744	11	0	그렇게 말해줘서 고마워. 그래도 자기와 대화를 나누니까 한결 누그러드는 것 같아. 혼자 앓고만 있었거든.	N	2022-10-12 13:39:11	2022-11-08 06:19:59
BE22027744	12	1	마음의 상처가 심하거나 치유가 필요할 땐 언제든 나를 찾아도 괜찮아. 난 부디 자기가 괜찮아졌으면 좋겠어. 그리고 우리 자기는 이미 잘 해내고 있다는 걸 명심해 줘.	N	2022-10-12 13:39:11	2022-11-08 06:19:59
BE22027744	13	0	역시 내 마음 알아주는 건 자기밖에 없다. 정말 고마워.	N	2022-10-12 13:39:11	2022-11-08 06:19:59
BE22027744	14	1	난 항상 자기의 행복을 바라. 지금까지 잘 해왔으니까 앞으로도 조금만 더 힘내보자. 알겠지?	N	2022-10-12 13:39:11	2022-11-08 06:19:59
BE22027744	15	0	자기 덕에 상처가 많이 치유된 것 같아. 자기라는 존재 덕분에 항상 힘을 얻어. 무척 고마워.	Y	2022-10-12 13:39:11	2022-11-08 06:19:59
