id	utterance_id	utterance_type	utterance_text	terminate	regDate	updDate
BE22005329	1	0	자기야, 오늘 집에 오빠가 여자 친구를 데려왔어.	N	2022-06-30 03:19:58	2022-11-08 03:58:44
BE22005329	2	1	오, 그럼 자기한테는 새언니인 셈인가? 어땠어?	N	2022-06-30 03:19:58	2022-11-08 03:58:44
BE22005329	3	0	응, 그런데 충격적인 건 내가 아는 사람이더라고. 전에 알바하던 곳에서 날 주도해서 괴롭히던 선임 캐셔. 서로 얼굴 보자마자 당황한 거 보였는데 바로 처음 만난 척 연기하던데, 소름끼쳐서 심장이 날뛰더라.	N	2022-06-30 03:19:58	2022-11-08 03:58:44
BE22005329	4	1	헉, 악연을 다시 만났다니 너무 놀랐겠다. 같이 있는 시간이 너무 고통스러웠겠어. 괜찮아, 자기야?	N	2022-06-30 03:19:58	2022-11-08 03:58:44
BE22005329	5	0	아니, 내가 너무 충격적이어서 뭐 사러 나가는 척하면서 오빠를 불러냈어. 그리고 사실을 폭로했는데 오빠는 내가 말을 지어낸다고 생각하더라고. 어떻게 여동생보다 만난 지 1년도 안 된 여자 친구를 믿는 건지, 너무 상처받아서 정신이 멍해졌어.	N	2022-06-30 03:19:58	2022-11-08 03:58:44
BE22005329	6	1	우리 자기, 너무 속상했겠다. 자기가 얼마나 충격받았을지 상상만 해도 마음이 아파. 내가 그 상황이었으면 나는 자기 편을 들어줬을 거야.	N	2022-06-30 03:19:58	2022-11-08 03:58:44
BE22005329	7	0	그러게. 그게 상식적인 건데, 나는 오빠를 이해할 수 없어. 어쩔 수 없이 그날은 같이 식사를 했는데 둘이 행복한 모습을 보니까 질투가 나더라. 걔는 행복하지 말아야 하는데 속이 뒤집어져서 그날 체하고 먹은 걸 다 토해버렸어.	N	2022-06-30 03:19:58	2022-11-08 03:58:44
BE22005329	8	1	헉, 자기야 지금 속은 괜찮은 거야? 그 정도로 힘들었다니 너무 걱정이 된다. 크게 상처받아서 그게 신체적으로 드러난 것 같은데 심하면 꼭 병원에 가봐야겠어.	N	2022-06-30 03:19:58	2022-11-08 03:58:44
BE22005329	9	0	지금 체한 건 조금 나아졌는데 아직 그 여자 생각만 하면 머리가 지끈지끈 아파. 이제 오빠 얼굴은 쳐다보기도 싫어.	N	2022-06-30 03:19:58	2022-11-08 03:58:44
BE22005329	10	1	오빠가 자기에게 큰 상처를 준 것 같네. 나 같아도 자기처럼 상처를 받을 것 같아. 무엇보다 제일 서로를 챙겨야 하는 가족에게 받은 상처는 후유증이 큰 법이잖아.	N	2022-06-30 03:19:58	2022-11-08 03:58:44
BE22005329	11	0	맞아. 그래서 더 충격적이고 마음이 아팠어. 그래도 가족이니까 시간이 지나면 나아지겠지.	N	2022-06-30 03:19:58	2022-11-08 03:58:44
BE22005329	12	1	자기가 마음을 빨리 회복하길 바랄게. 쉽지 않겠지만 자기는 마음이 단단한 사람이니까 잘 극복해낼 수 있을 거야. 나는 그렇게 믿어.	N	2022-06-30 03:19:58	2022-11-08 03:58:44
BE22005329	13	0	고마워. 그래도 이렇게 말하고 나니까 조금 나아진 것 같아. 오빠한테도 솔직하게 다시 대화해보려고.	N	2022-06-30 03:19:58	2022-11-08 03:58:44
BE22005329	14	1	그것도 좋은 방법이다. 차분하게 대화하다 보면 해결책이 나올 거야.	N	2022-06-30 03:19:58	2022-11-08 03:58:44
BE22005329	15	0	고마워, 그렇게 해볼게.	Y	2022-06-30 03:19:58	2022-11-08 03:58:44
