id	utterance_id	utterance_type	utterance_text	terminate	regDate	updDate
BE22025066	1	0	자기야, 오늘 예전에 입었던 옷들을 다 정리했어. 이제는 살이 쪄서 더 이상 입지 못하니까 기분이 착잡하더라고. 그 옷들을 가지고 있는 것만으로도 어쩐지 내 자신이 초라해지고 상처받는 기분이 들었어.	N	2022-10-06 17:17:47	2022-10-06 17:17:47
BE22025066	2	1	자기가 그렇게나 마음 고생을 하고 있었다니 너무 안타깝다. 오죽했으면 그런 결정을 내렸을까, 싶어 내 마음도 편치 않은걸.	N	2022-10-06 17:17:47	2022-11-08 06:04:02
BE22025066	3	0	미련이 남아 그대로 가지고 있었지만, 그게 오히려 내 마음을 짓눌러 오는 것 같아. 이제는 그 옷들이 내 몸에 맞지 않는다는 사실이 날 더 비참하게 만들어.	N	2022-10-06 17:17:47	2022-10-06 17:17:47
BE22025066	4	1	자기 마음이 편해질 수 있다면 다행이지만, 그보다 자기가 스스로를 지나치게 옥죄이는 것 같아 걱정돼. 지금 모습 이대로도 좋으니 너무 신경 쓰지 않아도 괜찮아.	N	2022-10-06 17:17:47	2022-11-08 06:04:02
BE22025066	5	0	하지만 요즘은 거울을 보는 게 꺼려질만큼 내 모습이 마음에 들지 않는걸. 다른 사람들이 나를 한심하게 쳐다볼까봐 그게 가장 두렵고 상처가 돼.	N	2022-10-06 17:17:47	2022-10-06 17:17:47
BE22025066	6	1	자기가 어떤 모습이든 사랑받아 마땅한 사람이라는 데엔 변함이 없는걸. 그러니 그런 이유로 자책하거나 마음 상하지는 않았으면 좋겠어.	N	2022-10-06 17:17:47	2022-11-08 06:04:02
BE22025066	7	0	그렇지만 하루하루 한없이 자존감이 떨어지는 기분이야. 예전에 모았던 예쁜 옷들을 이제는 입지도 못한다는 게 무엇보다 속상해. 그래서 차마 가지고 있을 수가 없어 옷을 정리한 거야.	N	2022-10-06 17:17:47	2022-10-06 17:17:47
BE22025066	8	1	이전의 모습에 연연하면서 매일 상처받는 자기 모습을 보는 건 내게도 너무 가슴 아픈 일인걸. 네가 너 스스로를 있는 그대로 받아들이고 포용한다면, 그런 아픔들은 더이상 너를 괴롭히지 못할 거야. 그러니 이렇게 풀죽어 있지 말고 조금이라도 기운을 내보자.	N	2022-10-06 17:17:47	2022-11-08 06:04:02
BE22025066	9	0	하지만 비참한 마음에 눈물이 왈칵 쏟아질 것 같아. 내가 자기 관리에 소홀했던 탓에 이렇게나 살이 찐 걸까. 내가 한참 부족하고 못난 사람처럼 느껴져.	N	2022-10-06 17:17:47	2022-10-06 17:17:47
BE22025066	10	1	그럴 때면 나를 비롯한 주변 사람들을 떠올려봐. 너의 어떤 모습이든 있는 그대로 널 사랑해줄 사람들이 곁에 있는걸. 그런 사람들을 생각해서라도 네가 더 당당하고 밝은 모습을 되찾았으면 좋겠어.	N	2022-10-06 17:17:47	2022-11-08 06:04:02
BE22025066	11	0	이제껏 나는 내 상처받은 마음만 생각하며 우울해하고 있었어. 그런데 자기 말대로 날 아껴주는 사람들을 떠올리자니 힘이 나는 것 같아.	N	2022-10-06 17:17:47	2022-11-08 06:04:02
BE22025066	12	1	맞아. 무엇보다도 난 자기가 힘들어하는 모습을 보면 너무나도 마음이 아픈걸. 정말 어떤 모습이든, 자기는 아름답고 또 내가 가장 사랑하는 사람이라는 걸 알아줬으면 좋겠어.	N	2022-10-06 17:17:47	2022-11-08 06:04:03
BE22025066	13	0	그렇게 말해주다니 정말 감동받았어. 이렇게 날 생각해주는 사람이 있어서 얼마나 감사하고 기쁜지 몰라.	N	2022-10-06 17:17:47	2022-11-08 06:04:03
BE22025066	14	1	언제든 힘들 때면 나를 떠올려줘. 괴로울 때 기대도 좋고, 기분 좋은 일이 있으면 함께 나누며 즐거워하자. 그러니 얼른 기운 차리고 힘을 내보는 거야.	N	2022-10-06 17:17:47	2022-11-08 06:04:03
BE22025066	15	0	응. 벌써부터 힘이 나는 것 같아. 항상 내 곁을 지켜줘서 고마워.	Y	2022-10-06 17:17:47	2022-10-06 17:17:47
