id	utterance_id	utterance_type	utterance_text	terminate	regDate	updDate
BE22027324	1	0	자기야, 나 책을 읽는데 마음이 너무 힘들고 상처받아.	N	2022-10-12 03:01:44	2022-10-12 03:01:44
BE22027324	2	1	왜 그래, 무슨 일이야?	N	2022-10-12 03:01:44	2022-10-12 03:01:44
BE22027324	3	0	실업자 에세이를 읽고 있는데 너무 내 얘기 같아서 우울하고 상처받아. 그 와중에 실업을 한 청년들은 잘나지 못해서라고 말하는 대목이 있는데 너무 상처야.	N	2022-10-12 03:01:44	2022-11-08 06:17:27
BE22027324	4	1	나 같아도 그런 글을 읽으면 상처받을 것 같아. 자기 안 그래도 그것 때문에 많이 힘들어하고 있었잖아. 자기를 탓하는 글을 읽고 많이 상처 받았겠다.	N	2022-10-12 03:01:44	2022-11-08 06:17:27
BE22027324	5	0	나도 나름대로 열심히 노력 중이라고 생각했는데 책을 읽고 나니까 무능하고 게으른 사람처럼 느껴져. 책에서 말하는 정말 그런 사람이 된 것 같은 기분이야.	N	2022-10-12 03:01:44	2022-11-08 06:17:27
BE22027324	6	1	괜찮아, 자기는 이미 충분히 잘하고 있으니까 그렇게 생각하지 마. 책을 쓴 사람보다 자기가 스스로를 더 잘 알잖아. 그러니 그런 글에 기분 상하지 말고 자신감을 가져.	N	2022-10-12 03:01:44	2022-11-08 06:17:27
BE22027324	7	0	하지만 너무 상처를 받아서 무기력해지는 느낌이 들어. 이런 기분에서 빠져나올 수가 없어.	N	2022-10-12 03:01:44	2022-10-12 03:01:44
BE22027324	8	1	그 글에 대해 생각하면 상처만 받으니까 자기가 좋아하는 것을 떠올리면 기분이 좀 나아지지 않을까? 자기는 뭐든 할 수 있는 사람이라고 생각하면 힘이 생길지도 몰라.	N	2022-10-12 03:01:44	2022-11-08 06:17:27
BE22027324	9	0	뭔가를 열심히 하고 있기는 한데 삶의 의미를 잃은 기분이 들어. 꼭 책 때문만은 아니고 요즘 계속 그런 생각이 들었어. 내가 나 스스로에게 상처를 주고 있었던 것 같아.	N	2022-10-12 03:01:44	2022-11-08 06:17:27
BE22027324	10	1	지금 마음이 조금 힘든 건 다 자기가 그만큼 열정을 가지고 있기 때문일 거야. 열정을 가지고 꾸준히 노력하는 자기의 모습이 정말 자랑스럽고 대단해. 나는 자기가 정말 멋있고 가치 있는 사람이라고 생각해.	N	2022-10-12 03:01:44	2022-11-08 06:17:27
BE22027324	11	0	자기가 그렇게 말해주니까 조금 자신감이 생긴다. 상처받은 마음이 치유되는 기분이 들어.	N	2022-10-12 03:01:44	2022-10-12 03:01:44
BE22027324	12	1	그렇다니 정말 다행이야. 다른 사람의 말을 너무 신경 쓰지 않았으면 좋겠어.	N	2022-10-12 03:01:44	2022-11-08 06:17:27
BE22027324	13	0	맞아, 이제 책을 너무 몰입해서 읽지 말아야겠어.	N	2022-10-12 03:01:44	2022-10-12 03:01:44
BE22027324	14	1	그래, 정말 중요한 건 네 생각이니까.	Y	2022-10-12 03:01:44	2022-11-08 06:17:27
