id	utterance_id	utterance_type	utterance_text	terminate	regDate	updDate
BE22024413	1	0	자기야, 나 이번 주에 친구랑 바다를 가기로 했는데 사실 좀 가기가 괴로워. 아직 어릴 적 상처가 잊히지 않아서 물 공포증이 남아있거든.	N	2022-10-05 07:33:43	2022-10-05 07:33:43
BE22024413	2	1	어릴 적에? 무슨 일 있었어? 그동안 자기랑 물놀이에 관한 이야기를 안 해 봐서 잘 모르겠네.	N	2022-10-05 07:33:43	2022-11-08 06:00:08
BE22024413	3	0	내가 의식적으로 물에 관련한 이야기를 안 꺼냈기도 했지. 어릴 때 친구들이랑 바다에 놀러 갔다가 친구가 물에 빠져 크게 다친 걸 목격했었어. 친구를 구해주지 못하고 우물쭈물하던 내 모습이 아직도 기억나서 상처로 남아 있어.	N	2022-10-05 07:33:43	2022-10-05 07:33:43
BE22024413	4	1	어린 마음에 얼마나 충격이 컸을까 정말 말로 설명할 수 없을 만큼 괴로운 일이었겠다. 네가 많이 힘들었을 것 같아서 걱정돼. 하지만 불의의 사고였으니 너무 스스로를 몰아세우지 않았으면 좋겠어.	N	2022-10-05 07:33:43	2022-11-08 06:00:09
BE22024413	5	0	그 일 이후 바다를 의식적으로 피했는데 이번에 소중한 친구가 꼭 바다를 가고 싶다고 하더라고. 그래서 지금 괴로워.	N	2022-10-05 07:33:43	2022-10-05 07:33:43
BE22024413	6	1	차마 말하기 힘든 과거 이야기를 할 수도 없고 말이야. 그동안 그런 아픔을 가지고 있었으니 얼마나 속이 아팠을까. 나에게라도 말 해줘서 고마워.	N	2022-10-05 07:33:43	2022-11-08 06:00:09
BE22024413	7	0	내가 미리 말 못해서 미안해, 어쩐지 그날의 일을 떠올리면 괴로워서 그랬어. 왜 나는 그때 아무것도 하지 못한 걸까? 기억할 수록 상처가 헤집어지는 기분이야.	N	2022-10-05 07:33:43	2022-11-08 06:00:09
BE22024413	8	1	스스로를 탓하지 않아도 돼. 자기가 잘못한 일이 아니야. 친구한테도 너무 무리 되지 않는 선에서 다른 곳으로 가면 어떻겠냐고 말해 보는 건 어떨까?	N	2022-10-05 07:33:43	2022-11-08 06:00:09
BE22024413	9	0	자기가 그렇게 말해주니 그동안 외롭고 상처받았던 마음이 좀 위로되는 기분이야. 친구한테 이야기해봐도 괜찮은 걸까?	N	2022-10-05 07:33:43	2022-11-08 06:00:09
BE22024413	10	1	내가 보기엔 말하면 아주 충분히 이해해주면서 오히려 더 너를 챙겨줄 것 같아. 서로 많이 아끼는 사이잖아 그러니 너무 감추지 말고 힘든 부분을 서로 기대어 봐.	N	2022-10-05 07:33:43	2022-11-08 06:00:09
BE22024413	11	0	내가 스스로 의 상처에 갇혀서 말하지 못한 것일 수 있겠다. 자기 말대로 한번 말하고 도움을 청해 볼게, 덕분에 용기가 좀 생겼어.	N	2022-10-05 07:33:43	2022-10-05 07:33:43
BE22024413	12	1	아프고 힘든 부분은 사랑하는 사람에게 위로받는 게 제일 좋다고 생각하거든. 그동안 혼자 둬서 내가 미안해. 좀 더 힘이 돼야 했는데.	N	2022-10-05 07:33:43	2022-11-08 06:00:09
BE22024413	13	0	지금도 충분히 위로받았어. 오히려 좀 더 용기 내지 못한 내가 좀 부끄러운걸.	N	2022-10-05 07:33:43	2022-11-08 06:00:09
BE22024413	14	1	지금이라도 말해준 게 얼마나 고마운지 몰라. 앞으로도 힘들거나 그런 일이 있으면 언제든 나에게 같이 상의해줘. 난 항상 자기 편이야.	Y	2022-10-05 07:33:43	2022-11-08 06:00:09
