id	utterance_id	utterance_type	utterance_text	terminate	regDate	updDate
BE22022702	1	0	자기야 나 지금 너무 충격받고 상처받아서 숨죽여 울고 있어. 내 상황이 너무 괴롭고 힘들어.	N	2022-09-29 11:27:09	2022-09-29 11:27:09
BE22022702	2	1	자기야 왜 그래? 무슨 일 있었어? 갑자기 울고 있다는 연락을 하니까 걱정돼.	N	2022-09-29 11:27:09	2022-11-08 05:50:03
BE22022702	3	0	내가 갑자기 많이 아파서 밤중에 응급실에 다녀왔잖아. 그런데 동생이 어렴풋이 저러다 죽어도 괜찮다는 뉘앙스로 말하는 걸 들어서 상처받았어.	N	2022-09-29 11:27:09	2022-09-29 11:27:09
BE22022702	4	1	동생이 정말 그렇게까지 심한 말을 했다고? 자기가 기분이 너무 많이 상했을 거 같아.	N	2022-09-29 11:27:09	2022-11-08 05:50:03
BE22022702	5	0	그 말을 들었을 당시는 아픈 상태로 너무 충격을 받아서 어영부영 넘겼어. 그러다가 이제 몸이 괜찮아지고 집에 돌아와서 곱씹어 보니 너무 충격적이야. 동생이 그런 말을 했다는 게 너무 큰 상처로 다가와서 괴로워.	N	2022-09-29 11:27:09	2022-09-29 11:27:09
BE22022702	6	1	동생이 왜 그런 말을 했는지는 모르겠지만 너무 무섭고 무례한 말을 했네. 이건 자기가 크게 화를 내도 전혀 이상하지 않은 상황이야.	N	2022-09-29 11:27:09	2022-11-08 05:50:03
BE22022702	7	0	요즘 동생이랑 자주 다툰 것 때문에 사이가 안 좋은 건 사실이야. 그래도 언니가 아파서 응급실에 간 상황에서 저런 말을 하다니. 너무 큰 상처가 돼서 마음속이 엉망진창이야.	N	2022-09-29 11:27:09	2022-09-29 11:27:09
BE22022702	8	1	자기 말대로 잦은 싸움으로 삐뚤어진 마음을 가질 수는 있다고 쳐. 그래도 동생이 자기한테 큰 실수한 거야, 홧김에 내뱉은 말일 확률이 커. 상처를 주려고 뱉은 말에 영향받지 말자, 그걸로 정말 그래도 되는 사람이 되는 건 아니잖아.	N	2022-09-29 11:27:09	2022-11-08 05:50:03
BE22022702	9	0	나도 그럴 거라 생각해서 다 털고 잊고 싶은데 그 말이 너무 큰 상처였나 봐. 몸이 안 좋은 것도 서러운데 저런 충격적인 말을 들으니 너무 상처가 돼. 동생한테 내가 아무런 가치가 없는 언니인가 싶어.	N	2022-09-29 11:27:09	2022-09-29 11:27:09
BE22022702	10	1	자기가 상처받는 건 당연해, 저런 말을 듣고 상처를 안 받을 사람이 어디 있어. 그렇다고 해서 자기 스스로의 가치를 폄하하고 의심하지는 않았으면 좋겠어. 근거 없이 뱉은 막말에 영향받을 이유가 전혀 없어, 자기는 소중하고 귀한 존재야.	N	2022-09-29 11:27:09	2022-11-08 05:50:03
BE22022702	11	0	동생에게 받아야 할 위로를 자기가 해주네. 내 존재가치를 일깨워주려 해줘서 고마워. 동생 말이 너무 충격적이라 눈물을 멈출 수가 없었거든.	N	2022-09-29 11:27:09	2022-11-08 05:50:03
BE22022702	12	1	그 말이 아무런 가치가 없다는 것 알고 있지? 동생도 그 순간을 분명 후회하고 있을 거야. 자기를 사랑하는 사람들은 아무도 그런 생각을 하지 않아.	N	2022-09-29 11:27:09	2022-11-08 05:50:03
BE22022702	13	0	그렇게 말해줘서 고마워. 자기가 위로해 준 걸 생각해서라도 잊으려고 노력해 볼게.	N	2022-09-29 11:27:09	2022-09-29 11:27:09
BE22022702	14	1	응, 그 당시의 상처를 바로 털기는 힘들겠지만 노력해 보자. 좋은 말만 듣고 기억하기에도 모자라잖아.	N	2022-09-29 11:27:09	2022-11-08 05:50:04
BE22022702	15	0	그러게, 자기 말이 맞아. 덕분에 힘이 나. 진정하고 울음도 그쳐보도록 할게.	Y	2022-09-29 11:27:09	2022-11-08 05:50:04
