id	utterance_id	utterance_type	utterance_text	terminate	regDate	updDate
BE22025490	1	0	자기야, 이번 주 잘 보냈어? 난 내일 대학시절 단짝 친구를 만나기로 했는데, 마음이 좀 무거워.	N	2022-10-08 01:37:38	2022-10-08 01:37:38
BE22025490	2	1	나도 몇 번 함께 만난 적 있는 친구 말이구나. 무슨 서운한 일이라도 있었어?	N	2022-10-08 01:37:38	2022-10-08 01:37:38
BE22025490	3	0	그런 건 아닌데, 친구가 결혼하고 아이를 낳으니, 예전과 달리 많이 소원해진 것 같아. 사소한 일에도 서운한 마음이 들고, 별 것 아닌 일도 왠지 모르게 마음의 상처가 돼.	N	2022-10-08 01:37:38	2022-10-08 01:37:38
BE22025490	4	1	나도 자기 마음 조금은 짐작할 것 같아. 이제 직장 동료들과 주로 어울리니, 아무래도 옛 친구들과는 멀어지는 것 같아 씁쓸해.	N	2022-10-08 01:37:38	2022-11-08 06:06:33
BE22025490	5	0	3년 전에는 함께 해외 여행도 떠났는데, 이젠 근거리 여행도 꿈 꿀 수 없어. 툭 터놓고 이야기할 여유도 점점 더 없어지고. 그 친구에게 나라는 존재가 무의미해지고 내가 초라해지는 것 같아.	N	2022-10-08 01:37:38	2022-10-08 01:37:38
BE22025490	6	1	5년 이상 늘 붙어 다니던 절친한 관계이니 그런 마음이 드는 것도 너무나 당연해. 자기가 혼자 속앓이를 할 모습이 눈에 선해서, 나도 마음이 아프네.	N	2022-10-08 01:37:38	2022-11-08 06:06:33
BE22025490	7	0	내가 친구로서 부족했나 싶어서 자꾸만 곱씹게 돼. 그 친구 잘못도 전혀 아닌데, 나 혼자 서럽고 괜히 억울한 마음이 들어. 내가 왜 이렇게 속 좁게 구는지, 나도정말 당혹스러워.	N	2022-10-08 01:37:38	2022-10-08 01:37:38
BE22025490	8	1	자기는 그 친구와 워낙 각별한 사이였으니, 그 마음이 오죽할까. 자기 입장에서는 충분히 그럴 수 있다고 생각해.	N	2022-10-08 01:37:38	2022-11-08 06:06:33
BE22025490	9	0	결혼과 출산으로 생활 패턴이 완전히 달라진다는 걸 알면서도, 막상 친구를 만나면 마음에 응어리가 생겨. 헤어지고 나서 집에 오면, 왠지 마음이 착잡해지고.	N	2022-10-08 01:37:38	2022-10-08 01:37:38
BE22025490	10	1	자기는 늘 상대방 마음을 먼저 헤아리고 따뜻하게 챙겨 주잖아. 둘의 우정은 남자인 내가 봐도 정말 끈끈하고 멋져. 친구가 달라진 생활 환경에 적응하느라 여유가 없겠지만, 자기 마음은 누구보다 잘 알 거야.	N	2022-10-08 01:37:38	2022-11-08 06:06:33
BE22025490	11	0	자기가 그렇게 말해 주니, 얼었던 내 마음이 녹는 것 같아. 내가 너무 속이 좁은 것 같아서 쑥스럽기도 하고.	N	2022-10-08 01:37:38	2022-11-08 06:06:33
BE22025490	12	1	이제야 환해진 자기 모습을 보니 나도 기분이 좋네. 앞으로도 두 사람의 우정 늘 응원해 줄게.	N	2022-10-08 01:37:38	2022-11-08 06:06:33
BE22025490	13	0	자기와 데이트 시작했을 때, 섭섭하다던 그 친구의 말이 무슨 뜻인지 이제야 알 것 같아. 나도 앞으로 더 세심하게 배려해 줘야겠어.	N	2022-10-08 01:37:38	2022-10-08 01:37:38
BE22025490	14	1	그래, 그럼 두 사람은 서로 의지하는 평생 친구가 될 거야. 주말에 친구 만나서 즐거운 시간 보내.	N	2022-10-08 01:37:38	2022-11-08 06:06:33
BE22025490	15	0	자기 덕분에 가벼운 마음으로 만나러 갈 수 있을 것 같아. 정말 고마워, 자기야. 그럼 내일 연락할게.	Y	2022-10-08 01:37:38	2022-11-08 06:06:33
