id	utterance_id	utterance_type	utterance_text	terminate	regDate	updDate
BE22024365	1	0	자기야, 어쩌면 좋아? 나, 자기가 사 준 지갑을 잃어버렸어.	N	2022-10-05 05:39:54	2022-10-05 05:39:54
BE22024365	2	1	자기야, 마음 진정하고 차근차근 말해봐. 어쩌다 지갑을 잃어버렸어? 놀라고 정신없을 자기를 생각하니 많이 걱정되고 마음이 아프네.	N	2022-10-05 05:39:54	2022-11-08 05:59:51
BE22024365	3	0	집 앞 편의점에서 물건을 사고 지갑을 꺼내려는데 가방에 지갑이 없는 거야. 순간 어찌나 놀랐는지. 하늘이 무너지는 것 같았어.	N	2022-10-05 05:39:54	2022-10-05 05:39:54
BE22024365	4	1	그러게, 많이 놀랐겠다. 나도 지갑 잃어버린 기억이 있는데, 아주 찜찜하고 기분이 안 좋더라고. 그나저나 어디서 잃어버린 건지 짚이는 곳은 없어?	N	2022-10-05 05:39:54	2022-11-08 05:59:51
BE22024365	5	0	식당, 미용실, 카페 어디서 흘렸는지 도무지 모르겠어. 우리 1주년 때 자기가 사준 지갑이잖아. 카드와 돈보다 내가 가장 아끼는 지갑을 잃어버렸다는 것이 견딜 수 없이 괴롭고 큰 상처야.	N	2022-10-05 05:39:54	2022-10-05 05:39:54
BE22024365	6	1	자기가 그 지갑 무척 아끼고 좋아했던 거 잘 알지. 아끼던 마음만큼이나 잃어버렸을 때 오는 상처가 얼마나 클까. 내가 다 마음이 미어지려고 하네.	N	2022-10-05 05:39:54	2022-11-08 05:59:51
BE22024365	7	0	맞아. 우리의 추억이 송두리째 날아간 것만 같아. 자기야, 나 이제 어떻게 해야 해? 다시 나에게 돌아올 수는 있을까?	N	2022-10-05 05:39:54	2022-10-05 05:39:54
BE22024365	8	1	일단 일은 벌어졌으니 차근차근 생각해 보자. 카드 분실신고는 바로 한 거지? 혹시 지갑이 다시 자기에게 돌아올지도 모르니까 마음 가라앉히고 며칠간 기다려 보자.	N	2022-10-05 05:39:54	2022-11-08 05:59:51
BE22024365	9	0	자기도 속상하지? 자기가 사준 지갑인데 내가 잃어버려서. 늘 허둥지둥하다가 지갑도 잃어버리고, 내가 문제야.	N	2022-10-05 05:39:54	2022-10-05 05:39:54
BE22024365	10	1	누구나 물건을 잃어버릴 수도 있는 거지, 너무 자기 잘못이라 자책하지 마. 1주년 기념 선물을 잃어버렸다고 우리의 1주년 추억이 사라지는 건 아니잖아.	N	2022-10-05 05:39:54	2022-11-08 05:59:51
BE22024365	11	0	자기 말이 맞아. 물건은 잃어버릴 수도 있는 거고, 선물을 잃어버렸다고 우리가 간직한 추억까지 사라지는 건 아닌데. 자기 말 듣고 보니 깊게 파인 상처가 조금 아무는 것 같아.	N	2022-10-05 05:39:54	2022-11-08 05:59:51
BE22024365	12	1	그래, 자기는 늘 돌이킬 줄 알고 툭툭 털고 일어설 줄 아는 현명한 사람이라서 다행이야. 이번 주말에 저번보다 더 예쁜 지갑 사줄게.	N	2022-10-05 05:39:54	2022-11-08 05:59:51
BE22024365	13	0	정말? 이렇게 위로해 주고 마음 챙겨줘서 자기야, 너무 고마워. 벌써 예쁜 지갑 살 생각에 들뜨는걸.	N	2022-10-05 05:39:54	2022-10-05 05:39:54
BE22024365	14	1	자기가 다시 밝아지니 내가 더 고맙네. 사랑해.	Y	2022-10-05 05:39:54	2022-11-08 05:59:51
