id	utterance_id	utterance_type	utterance_text	terminate	regDate	updDate
BE22025157	1	0	자기야 나 지금 너무 속상하고 마음이 아파. 엄마가 내가 아끼는 만화책을 찢어 버리셨거든. 어떻게 그런 행동을 하실 수가 있는지 이해가 안돼서 정말 상처받았어.	N	2022-10-07 03:25:22	2022-10-07 03:25:22
BE22025157	2	1	자기가 엄청 아끼는 책이었을 텐데 그 순간 얼마나 당황스럽고 놀랐을지 걱정이 되네. 괜찮아? 정말 많이 놀랐겠다.	N	2022-10-07 03:25:22	2022-11-08 06:04:34
BE22025157	3	0	평소 만화책 보는 걸 싫어하시는 줄은 알았는데 이렇게까지 화를 내실 줄은 몰랐어. 그렇게 이상한 내용도 아니고 평범한 책이었는데 도대체 왜 그러실까. 책을 찢으시는 순간 내 마음도 같이 찢기는 듯한 아픔에 상처가 되더라.	N	2022-10-07 03:25:22	2022-11-08 06:04:34
BE22025157	4	1	책도 책이지만 자기의 취향이 존중 받지 못해서 더 마음이 아플 것 같아. 그리고 그런 폭력적인 방법으로 화를 내신 것도 정말 충격적일 것 같고 말이야. 나도 엄마랑 취미 문제로 싸운 적이 있어서 그 심정이 공감이 가.	N	2022-10-07 03:25:22	2022-11-08 06:04:34
BE22025157	5	0	정말 이렇게까지 내 취미를 이해 못하실 줄은 몰랐어. 그리고 아무리 그래도 내 앞에서 아끼는 책을 찢는 건 정말 너무 하다고 생각해. 아직도 그 장면만 생각하면 가슴이 두근거리고 아파와. 정말 상처받았나봐.	N	2022-10-07 03:25:22	2022-10-07 03:25:22
BE22025157	6	1	아마도 어머님이 걱정되는 마음에 더 화를 내신 것일 수도 있어. 그 시절 부모님들은 만화책을 나쁘다라고 교육 받고 자라셨으니까 말이야. 세대 차이로 나타난 문제이니 너무 속상해 하지는 마.	N	2022-10-07 03:25:22	2022-11-08 06:04:34
BE22025157	7	0	아무리 그래도 책을 찢은 건 정말 너무하다고 생각해. 이건 그냥 나를 무시하신 거 아닌지 싶은 생각에 더 상처받았고 말이야. 책이 만화책인 걸 보자마자 그렇게 화를 내셨거든.	N	2022-10-07 03:25:22	2022-10-07 03:25:22
BE22025157	8	1	나도 우리 부모님이랑 그 문제로 많이 싸워봐서 그 속상한 마음 이해해. 그런데 본인들의 기준에는 정말 나쁘다고 생각했기 때문에 걱정하는 마음에 그러신 것이었더라. 자기도 부모님이 자기를 사랑해서 그러셨다고 생각하면 좀 이해되면서 덜 상처 받을 거야.	N	2022-10-07 03:25:22	2022-11-08 06:04:35
BE22025157	9	0	아무리 사랑해도 그렇지 엄연히 자식도 하나의 인격체인데 그런 행동은 정말 아니라고 생각해. 그 상황에 너무 상처받아서 아직도 심장이 아픈 듯한 느낌이야.	N	2022-10-07 03:25:22	2022-10-07 03:25:22
BE22025157	10	1	하지만 계속 그 상처를 가지고 있으면 네가 더 힘들 거야. 그러니 차라니 부모님께 진지한 대화를 요청하면서 자기의 이야기를 해봐. 부모님은 자기를 많이 사랑하시니까 이해를 해 주실 가능성이 더 높을 거 같아.	N	2022-10-07 03:25:22	2022-11-08 06:04:35
BE22025157	11	0	하기는 그냥 만화책을 좋아한다고만 이야기했지 내용에 대해서는 제대로 설명한 적이 없는 것 같아. 아마 제대로 이야기를 나누고 설명을 하면 그래도 좀 이해를 해 주시겠지? 자기가 그렇게 말하니 나도 좀 대화를 나눌 마음이 드네.	N	2022-10-07 03:25:22	2022-11-08 06:04:35
BE22025157	12	1	응, 모든 갈등은 소통이 제대로 이루어지면 긍정적인 방향으로 흘러갈 가능성이 높다고 생각해. 이번 경우도 서로 이해 못해서 발생한 일일 수도 있으니까 한번 제대로 이야기 해봐. 부모님도 우리를 이해할 시간이 필요하거든.	N	2022-10-07 03:25:22	2022-11-08 06:04:35
BE22025157	13	0	듣고보니 정말 그런 것 같아. 나도 부모님을 모르지만 부모님도 나를 모르는 부분이 있을 테니까. 이번 기회로 진지하게 이야기를 해 보면서 내가 속상한 점도 잘 말씀드려야겠어.	N	2022-10-07 03:25:22	2022-11-08 06:04:35
BE22025157	14	1	아마도 그런 시간을 가지고 나면 서로 좀더 좋은 관계를 이룰 수 있을 거야. 나도 옆에서 응원하고 있을 테니 너무 긴장하지 말고 말씀드려 봐.	N	2022-10-07 03:25:22	2022-11-08 06:04:35
BE22025157	15	0	응 고마워 자기야. 덕분에 부모님과의 관계 개선의 실마리를 좀 찾은 것 같아. 나 잘 풀고 다시 이야기할게. 고마워.	Y	2022-10-07 03:25:22	2022-11-08 06:04:35
