id	utterance_id	utterance_type	utterance_text	terminate	regDate	updDate
BE22017876	1	0	자기야, 나 너무 괴롭고 마음에 상처가 되는 일이 있었어. 점심에 동생이랑 라면을 먹으려다가 냄비에 손가락이 데어 버린 것 있지. 생각보다 더 아프고 따끔거려서 속상해.	N	2022-09-13 05:24:58	2022-09-13 05:24:58
BE22017876	2	1	세상에, 많이 다친 건 아니지? 맛있게 먹으려고 하던 참에 손가락을 데어서 몹시 당황스러웠겠다. 예기치 못하게 생긴 상처라서 생활할 때 불편하진 않을까 걱정이네.	N	2022-09-13 05:24:58	2022-11-08 05:18:03
BE22017876	3	0	전날에 동생이랑 싸우고 화해하고 싶어서 끓여 준 라면이었거든. 근데 이것 때문에 내 손이 데어 버려서 동생이랑 또 다퉜어. 손에 생긴 상처도 아프지만, 마음에도 상처가 남은 것처럼 괴롭고 힘들다.	N	2022-09-13 05:24:58	2022-11-08 05:18:04
BE22017876	4	1	자기는 좋은 마음으로 끓여 준 거였는데 예상처럼 흘러가지 않아서 속상함이 배로 늘어났겠다. 금세 돌아선 동생이 야속하게 느껴지는 마음도 이해해. 그래도 방금 있었던 일을 너무 마음에 담아 두지 말았으면 해.	N	2022-09-13 05:24:58	2022-11-08 05:18:04
BE22017876	5	0	동생은 내 손가락이 다친 걸 보고 나서 한숨까지 쉬고 방으로 들어가 버렸어. 눈물이 날 만큼 속상했는데, 꾹 참고 부엌부터 치우고 왔어. 그러고 나니까 마음에 상처가 생긴 것처럼 따끔거리고 아픈 것 있지.	N	2022-09-13 05:24:58	2022-11-08 05:18:04
BE22017876	6	1	특히 자기처럼 선의를 베푸는 마음이 뜻대로 풀리지 않았을 때 무엇보다 속상하잖아. 라면은 라면대로 붙고, 손가락은 손가락대로 불편해서 많이 힘들겠다. 자기도 놀랐을 와중에 차분하게 정리한 건 정말 잘한 일이야.	N	2022-09-13 05:24:58	2022-09-13 05:24:58
BE22017876	7	0	그랬으면 좋겠지만, 아닐 수도 있어서 마음이 더 불편해. 어쩐지 내가 하는 일마다 뜻대로 풀리지 않는 것 같아서 시름이 깊고 힘들어. 고작 손가락을 덴 일로 마음이 상하는 게 이상한 것 같아도 어쩔 수 없네.	N	2022-09-13 05:24:58	2022-11-08 05:18:04
BE22017876	8	1	그래도 지금은 자기한테 남은 상처가 덧나지 않게 잘 관리해 주는 게 우선인 듯해. 속상하겠지만 데인 부분이 얼른 나을 수 있도록 기운 내서 밥도 꼭 챙겨 먹어. 이대로 끼니를 놓쳐서 다른 곳까지 아프게 되면 나도 많이 속상할 거야.	N	2022-09-13 05:24:58	2022-11-08 05:18:04
BE22017876	9	0	응, 자기한테 푸념을 늘어놓으니까 기분도 확실히 나아지는 것 같아. 마음이 아프고 속상하기는 하지만 날 걱정해 주는 사람이 있어서 다행이라는 생각이 든다. 집에 있는 연고 바르고 다른 걸로 챙겨 먹을게.	N	2022-09-13 05:24:58	2022-11-08 05:18:04
BE22017876	10	1	일단은 데인 손가락이 덧나지 않게 조심하고, 동생이랑은 나중에 다시 얘기해 봐. 분명 동생도 자기를 걱정하고 있을 거야. 지금은 다른 무엇보다 회복에만 집중하다 보면 속상했던 마음도 금세 편안해질 테니 너무 걱정하지 말고.	N	2022-09-13 05:24:58	2022-11-08 05:18:04
BE22017876	11	0	나부터 챙겨 줘서 고마워. 자기가 그렇게 얘기해 주니까 속상했던 기분이 훨씬 나아졌어. 기운 내서 연고도 바르고 밥도 챙겨 먹을게.	N	2022-09-13 05:24:58	2022-11-08 05:18:04
BE22017876	12	1	내가 도움이 될 수 있다니 정말 다행이야. 마음 같아서는 곁에서 다른 맛있는 걸 같이 먹고 싶지만 그럴 수 없어서 아쉽네. 오늘 맛있게 먹고 좀 쉬다가 푹 자면 훨씬 좋아질 거야.	N	2022-09-13 05:24:58	2022-11-08 05:18:04
BE22017876	13	0	고마워, 자기 말대로 할게. 일단은 밥부터 먹고 좀 쉬어야겠어. 나중에 또 연락할게.	N	2022-09-13 05:24:58	2022-09-13 05:24:58
BE22017876	14	1	응, 이따가 편할 때 또 연락해 줘.	Y	2022-09-13 05:24:58	2022-09-13 05:24:58
