id	utterance_id	utterance_type	utterance_text	terminate	regDate	updDate
BE22023169	1	0	어제 선배 연주회 사회를 보기로 했는데 늦어버렸어. 그런데 선배가 나한테 너무 실망했따고 더 이상 연락하지 말재. 선배의 반응에 너무 상처받아서 눈물만 나와.	N	2022-10-01 05:03:55	2022-10-01 05:03:55
BE22023169	2	1	자기가 많이 존경하고 의지하는 선배인데 한 번의 실수로 연을 끊자고 하다니. 자기 마음이 많이 상처받았겠다. 자기 문자를 보는데 지금 힘들 자기를 생각하니까 너무 안타깝고 불쌍해.	N	2022-10-01 05:03:55	2022-11-08 05:52:49
BE22023169	3	0	자기 문자처럼 내가 많이 믿고 따르던 선배인데. 내가 왜 늦었는지 들어보지도 않고 화를 내니까 크게 상처받았어. 나에게 일보다는 주변을 살피고 챙겨야 된다고 알려준 선배인데 내 얘기도 안 들어본다는 게 상처야.	N	2022-10-01 05:03:55	2022-10-01 05:03:55
BE22023169	4	1	그렇구나, 자기가 삶의 롤 모델로 삼을 정도로 존경했던 선배여서 마음이 많이 아플 거 같아. 자기가 항상 그 선배처럼 인생을 살고 싶다고 얘기했잖아. 그래서 얼마나 그분을 아끼는지 알고 있으니까 나까지 마음이 아파.	N	2022-10-01 05:03:55	2022-11-08 05:52:49
BE22023169	5	0	사실 늦지 않게 출발을 했었어. 그런데 어르신이 길을 묻는 거야 아무리 설명해 드려도 잘 모르시길래 모셔다드리고 왔어. 그런데 사실 나의 이런 모습은 그 선배를 본받은 거거든.	N	2022-10-01 05:03:55	2022-10-01 05:03:55
BE22023169	6	1	사정이 있었던 건데 얘기를 듣지도 않고 연을 끊자고 했으니 자기가 많이 상처 입었겠다. 더군다나 평소의 선배의 모습과 얘기를 실천했던 건데 더욱 당혹스럽고 마음이 상했을 거 같아. 그런데, 아마 지금은 너무 흥분상태여서 그러셨을 거야 조금 지나면 괜찮아지실 거야, 너무 상처받지 않아도 괜찮아.	N	2022-10-01 05:03:55	2022-11-08 05:52:49
BE22023169	7	0	그러니깐, 나는 선배의 조언과 선배의 삶의 태도를 본받아서 한 건데. 그래서 내 마음이 더 아프고 솔직히 억울하기까지 해.	N	2022-10-01 05:03:55	2022-10-01 05:03:55
BE22023169	8	1	그럼, 충분히 그럴 수 있어. 그런데, 그분에게는 연주회가 중요한 일이었던 거 같아. 그리고 그 중요한 일에 사회를 자기에게 맡겼다는 건 자기를 많이 믿는다는 뜻 같아.	N	2022-10-01 05:03:55	2022-11-08 05:52:49
BE22023169	9	0	그렇긴 해. 나한테 사회를 맡겼다는 건 그만큼 나를 믿어준다는 건데. 그런데, 조금 늦었다는 이유로 그 믿음이 순식간에 화로 돌변한다는 게 너무 상처야.	N	2022-10-01 05:03:55	2022-10-01 05:03:55
BE22023169	10	1	자기 문자를 보는데 자기가 너무 상처받은 거 같아서 안쓰러워. 아마 시간이 지나면 선배 마음도 가라앉을 거야 너무 크게 생각하지 않아도 괜찮을 거 같아. 지금까지 선배의 태도와 얘기들을 자기가 실천했다는 걸 알면 마음이 풀리시고 자기에게 사과할 거 같아.	N	2022-10-01 05:03:55	2022-11-08 05:52:49
BE22023169	11	0	정말 그랬으면 좋겠다. 그래도 자기가 내 마음을 알아주고 위로해 주니까 마음이 좀 편해져.	N	2022-10-01 05:03:55	2022-11-08 05:52:49
BE22023169	12	1	자기가 나랑 문자 나누면서 상처받았던 마음이 조금이라도 위안을 받았다면 다행이야. 그리고 나는 사실 자기가 그 선배의 모습을 본받는 모습을 보고 너무 놀랐어. 그렇게 행동까지 본받기 쉬운 일이 아닌데 자기는 실행에 옮긴 거잖아, 너무 멋져.	N	2022-10-01 05:03:55	2022-11-08 05:52:50
BE22023169	13	0	자기가 나를 멋지다고 해주고 또 칭찬까지 해주니까 상처받은 마음이 많이 치유된 거 같아. 그리고 힘이 나. 고마워.	N	2022-10-01 05:03:55	2022-11-08 05:52:50
BE22023169	14	1	늦지 않았으면 좋았겠지만 일부러 늦은 것도 아니고. 조금 지나면 괜찮아질 거야. 너무 상처받지 마, 자기에겐 내가 있잖아, 힘내.	Y	2022-10-01 05:03:55	2022-10-01 05:03:55
