id	utterance_id	utterance_type	utterance_text	terminate	regDate	updDate
BE22025341	1	0	다들 덥다고 하는데 난 너무 추운 거야, 뭐가 이상해서 병원에 갔더니 암 판정을 받았어. 난 이제 어떻게 살아갈지 생각도 못 하겠고 너무 괴로워. 이런 일이 나에게 생기다니 갑작스레 생긴 병에 마음에 상처도 생겼네.	N	2022-10-07 09:01:13	2022-10-07 09:01:13
BE22025341	2	1	건강하다고 자부했던 자기였으니 얼마나 충격이었을까. 자기가 정말 속상하고 갑갑한 마음이겠다. 억장이 무너진 게 정말 공감이 돼서 나도 눈물이 나려고 해.	N	2022-10-07 09:01:13	2022-11-08 06:05:39
BE22025341	3	0	새로 들어 간 회사에서 업무가 많아져서 스트레스를 정말 많이 받았어. 몸 생각은 못하고 무리한 바람에 내 몸도 지키지 못하는 내가 싫어져.	N	2022-10-07 09:01:13	2022-10-07 09:01:13
BE22025341	4	1	자기의 말을 듣는데 내가 왜 이렇게 눈물이 나는지 모르겠다. 몸이 아프면 사람이 무너지기 마련인데 나에게 알려줘서 고마워.	N	2022-10-07 09:01:13	2022-11-08 06:05:39
BE22025341	5	0	몸도 그렇고 심적으로 힘든 게 더 마음에 상처로 남아. 갑상선 암이고 초기라 수술하면 괜찮다던데 그래도 너무 속상해.	N	2022-10-07 09:01:13	2022-10-07 09:01:13
BE22025341	6	1	당연히 자기 마음에 상처가 깊게 들겠지. 다른 것도 아니고 암이다 수술까지 해야 하는데. 나도 이렇게 안타깝고 속상한데 자기는 얼마나 힘들겠어.	N	2022-10-07 09:01:13	2022-11-08 06:05:39
BE22025341	7	0	수술하면 완치 될 거라고 의사가 그러더라고. 수술 날짜를 잡고는 왔는데. 그런데 너무나 큰 상처에 내가 이겨 낼 의지가 나지가 않는 것 같아.	N	2022-10-07 09:01:13	2022-10-07 09:01:13
BE22025341	8	1	자기의 솔직한 속마음을 알고 나니까 얼마나 고통스러운지 알게 되고 그 고통이 나도 느껴져. 그래도 이렇게 힘든 상황에도 병원에 찾아가고 수술 날짜를 잡은 자기가 참 대단해 보여. 지금은 자기에게 힘을 주고 싶다는 생각뿐이야.	N	2022-10-07 09:01:13	2022-11-08 06:05:39
BE22025341	9	0	그렇게 말해줘서 고마워. 자기가 나에게 용기를 주려고 하는 마음이 정말 잘 느껴진다. 그래서 나도 힘을 내야겠다는 생각이 들어.	N	2022-10-07 09:01:13	2022-11-08 06:05:39
BE22025341	10	1	기분이 나아져서 정말 다행이야. 의지만 있으면 못 할 것이 없다고 생각해. 의사의 말처럼 수술하고 나면 정말 괜찮아질 거라고 확신해.	N	2022-10-07 09:01:13	2022-11-08 06:05:39
BE22025341	11	0	자기의 말이 감동적이고 상처 받은 마음이 많이 달래진다. 자기에게 연락을 한 게 정말 잘했다는 생각이 든다.	N	2022-10-07 09:01:13	2022-11-08 06:05:39
BE22025341	12	1	자기의 상처 받은 마음을 달래 줄 수 있다면 어떤 일이든지 할 수 있어. 힘든 상황 속에서도 의지만 있다면 이겨나갈 수 있을 거야. 내가 곁에서 도울 테니 우리 잘 해쳐나가 보자.	N	2022-10-07 09:01:13	2022-11-08 06:05:39
BE22025341	13	0	자기에게 위로를 받지 않았더라면 난 힘을 내지 못했을 거야. 긍정적으로 마음먹고 병을 이겨내볼게.	N	2022-10-07 09:01:13	2022-10-07 09:01:13
BE22025341	14	1	내가 힘 닿는 데까지 도울 테니 걱정하지 마! 자기 곁에는 내가 있다는 사실을 잊지 말고!	Y	2022-10-07 09:01:13	2022-11-08 06:05:39
