id	utterance_id	utterance_type	utterance_text	terminate	regDate	updDate
BE22024882	1	0	자기야 나 과장님한테 너무 상처받았어. 억울하고 충격적이라 일에도 집중이 안 돼.	N	2022-10-06 10:10:53	2022-10-06 10:10:53
BE22024882	2	1	무슨 일 때문에 그러는 거야? 과장님한테 한소리 들었어?	N	2022-10-06 10:10:53	2022-10-06 10:10:53
BE22024882	3	0	업무 때문에 한소리 들은 게 아니라 내가 비타민 챙겨 먹는 걸로 혼이 났어. 내가 비타민 C, D를 꾸준히 챙겨 먹는 걸 보고 약에 의존하지 말고 운동을 하래. 업무 이야기도 아닌 비타민 때문에 그런 말을 들은 게 너무 억울하고 상처야.	N	2022-10-06 10:10:53	2022-10-06 10:10:53
BE22024882	4	1	비타민이 뭐가 어쨌다고 그런 말씀을 하시는 거야. 너무 무례하시네. 자기 기분이 많이 상했을 것 같아.	N	2022-10-06 10:10:53	2022-11-08 06:02:54
BE22024882	5	0	우스갯소리로 감정화자씨는 약을 잘 챙긴다고 하셨으면 그냥 그러려니 했을 거야. 그런데 지나가는 대리님 붙들고 감정화자씨는 아직 어린데도 약에 의존한다고 말씀하잖아. 아직도 과장님의 말과 사무실의 분위기가 머릿속에서 떠나질 않아.	N	2022-10-06 10:10:53	2022-11-08 06:02:54
BE22024882	6	1	그렇게까지 심한 태도를 보였다니 정말 너무하네. 자기가 거기서 대들 수도 없고 얼마나 답답하고 억울해서 상처받았을 거야. 자기가 감정적으로 고생 많이 했네.	N	2022-10-06 10:10:53	2022-11-08 06:02:54
BE22024882	7	0	지나가는 농담도 아니고 다른 직원들 다 보는 앞에서 공개적으로 창피를 주셨어. 모두에겐 장난이었다고 해도 당사자인 나는 그 말이 너무 기분 나쁘고 상처야. 아까 그 순간이 나한테 트라우마로 남을 것만 같아서 약통은 꼴도 보기 싫어졌어.	N	2022-10-06 10:10:53	2022-10-06 10:10:53
BE22024882	8	1	자기도 알겠지만 비타민을 챙겨 먹는 게 그런 말을 들어야 할 행위가 아니잖아, 과장님이 심하셨어. 자기 몸 스스로 잘 챙기겠다는데 그걸 누가 뭐라고 할 수 있겠어. 귀찮고 번거로워서 그마저도 챙기지 않는 사람들이 얼마나 많은데, 오히려 칭찬받아 마땅한 일이지. 상처받지 마.	N	2022-10-06 10:10:53	2022-11-08 06:02:54
BE22024882	9	0	오늘 운수가 나빴던 거라고 생각하고 싶은데 그게 잘 안돼. 난 그냥 내 건강을 챙겼을 뿐인데, 한순간에 건강하면서도 유난 떠는 안전 염려증 사원이 됐잖아. 정말 크게 상처받았어.	N	2022-10-06 10:10:53	2022-10-06 10:10:53
BE22024882	10	1	무례한 말로 인해 상처받은 거 충분히 이해해, 내 눈살이 다 찌푸려질 정도야. 하지만 일부러 상처 주려고 뱉은 말을 너무 진심으로 받아들여 상처를 깊게 하진 말자. 잘못은 과장님이 했는데 끝까지 괴로워하는 게 자기면 그건 너무 억울하잖아, 힘들어도 좀만 힘내.	N	2022-10-06 10:10:53	2022-11-08 06:02:54
BE22024882	11	0	그러게, 그러고 보니 자기 말이 맞네. 대놓고 창피 주는 말을 한 과장님을 탓해야 하는데 계속 상처만 파고들고 있었어.	N	2022-10-06 10:10:53	2022-11-08 06:02:54
BE22024882	12	1	다른 직원이 보는 앞에서 그런 행동을 한 사람은 좋은 사람으로 보기는 어려운 것 같아. 그런 사람의 말에 하나하나 의미 부여하며 상처받을 필요 없어.	N	2022-10-06 10:10:53	2022-11-08 06:02:54
BE22024882	13	0	그래, 잘못은 과장님이 했는데 내가 풀 죽어 있을 필요는 없겠다. 고마워, 자기 덕에 상처를 조금씩 잊을 수 있을 거 같아.	N	2022-10-06 10:10:53	2022-10-06 10:10:53
BE22024882	14	1	자기가 그렇게 느낀다면 다행이다. 이 상처로 자기가 움츠러들거나 생활 방식을 바꾸지는 않았으면 좋겠어.	N	2022-10-06 10:10:53	2022-11-08 06:02:54
BE22024882	15	0	자기가 있어서 힘이 난다. 이야기 들어줘서 큰 도움이 됐어.	Y	2022-10-06 10:10:53	2022-11-08 06:02:54
