id	utterance_id	utterance_type	utterance_text	terminate	regDate	updDate
BE22027642	1	0	자기야 나 방금 너무 상처받았어. 가까운 사람한테 받는 상처가 더 큰 거 같아.	N	2022-10-12 11:23:22	2022-10-12 11:23:22
BE22027642	2	1	갑자기 그게 무슨 소리야? 무슨 일이라도 생겼어?	N	2022-10-12 11:23:22	2022-10-12 11:23:22
BE22027642	3	0	아파트 장애인 주차구역에 주차한 차량을 보고 관리실에 말하러 가야겠다고 했거든. 그랬더니 친구가 옆에서 그렇게 쓸데없는 거 신경 써서 나한테 떨어지는 게 뭐가 있냐고 하더라. 정의로운 척하지 말라고 무안을 줘서 상처를 받았어.	N	2022-10-12 11:23:22	2022-11-08 06:19:23
BE22027642	4	1	정말 면전에서 그렇게 무례한 말을 했단 말이야? 자기가 그 말을 듣고 얼마나 속이 상했겠어. 그저 잘못된 걸 바로잡으려고 했을 뿐인데 상처 되는 말을 들었네.	N	2022-10-12 11:23:22	2022-11-08 06:19:23
BE22027642	5	0	내가 무리해서 신고를 하겠다는 것도 아니고, 다른 입주민이 불편할까 봐 그런 거잖아. 그런데 대놓고 사람을 무시하고 깔보는 듯한 말을 하니까 너무 상처가 되더라. 내가 친구한테 왜 그런 말을 들어야 하는지도 모르겠어.	N	2022-10-12 11:23:22	2022-10-12 11:23:22
BE22027642	6	1	왜 아니겠어, 내가 자기였대도 당연히 어이없고 화가 났을 거야. 자기가 억지를 부린 것도 아닌데 대뜸 정의로운 척을 한다고 하니 당연히 상처를 받지.	N	2022-10-12 11:23:22	2022-11-08 06:19:23
BE22027642	7	0	멀쩡한 사람을 예민한 사람 취급하고, 정의로운 척한다는 말이 너무 상처야. 친구의 말투나 눈빛이 자꾸 떠올라서 내가 과민한가 싶은 생각이 들 정도라니까. 앞으로는 이런 일이 있어도 못 본 척 지나가야 하나 싶고 그래.	N	2022-10-12 11:23:22	2022-10-12 11:23:22
BE22027642	8	1	자기가 친구의 말도 안 되는 비수에 상처받아 그런 생각이 들 수도 있어. 하지만 친구 잘못이 확실한 일에서 자책하는 듯한 생각은 하지 않았으면 좋겠어. 그런 생각은 가당치 않을뿐더러 자기도 자기 잘못이 아니라는 걸 잘 알잖아.	N	2022-10-12 11:23:22	2022-11-08 06:19:23
BE22027642	9	0	내 잘못이라고 생각하지 않으면 이 상황이 도저히 납득이 안 가. 올바른 일을 하려고 한 행동이 욕을 먹었다는 게 너무 상처가 돼.	N	2022-10-12 11:23:22	2022-10-12 11:23:22
BE22027642	10	1	하필이면 그 상황에 그 친구가 있었던 게 운이 없었다고 생각해 봐. 잘못된 걸 바로잡으려는 자기가 잘못된 건 명백하게 아니잖아, 기분 풀어보자. 자기 같은 사람이 있어서 세상의 온도가 더 높아지는 거라고 생각해, 칭찬받아 마땅한 일이야.	N	2022-10-12 11:23:22	2022-11-08 06:19:23
BE22027642	11	0	자기가 그렇게 말해주니 이제야 기분이 좀 풀리네. 친구의 어이없는 말에 너무 상처를 받았거든.	N	2022-10-12 11:23:22	2022-11-08 06:19:23
BE22027642	12	1	나와의 대화로 자기 기분이 풀린다면 다행이다. 자기 잘못은 하나도 없으니 너무 마음 쓰고 상처받지 마.	N	2022-10-12 11:23:22	2022-11-08 06:19:23
BE22027642	13	0	자기의 진심 어린 걱정이 내게로 잘 전달됐어. 자기 아니었으면 난 종일 상처받은 마음에 아무것도 못 했을 거야.	N	2022-10-12 11:23:22	2022-11-08 06:19:23
BE22027642	14	1	친구가 말도 안 되는 이유로 자기에게 상처를 줬지만 자기는 잘한 거야. 그러니까 너무 상처받지 말고, 기분 풀어서 훌훌 털어버렸으면 좋겠어.	N	2022-10-12 11:23:22	2022-11-08 06:19:23
BE22027642	15	0	응, 자기 덕에 안 좋았던 마음이 조금씩 풀려. 이야기 들어줘서 고마워.	Y	2022-10-12 11:23:22	2022-11-08 06:19:23
