id	utterance_id	utterance_type	utterance_text	terminate	regDate	updDate
BE22027333	1	0	자기야 나 지금 너무 속상하고 슬퍼. 내가 밤새워서 쓴 제안서가 탈락했거든. 나랑 비슷한 아이디어를 가진 후배의 제안서가 붙었는데 너무 자존심 상하고 상처받았어.	N	2022-10-12 03:11:31	2022-11-08 06:17:30
BE22027333	2	1	좋은 제안서 만들겠다고 한 달 내내 야근했는데 우리 자기 얼마나 속상할까. 이번에는 꼭 자기 제안서가 뽑히길 원하면서 열심히 작성했었잖아.	N	2022-10-12 03:11:31	2022-11-08 06:17:30
BE22027333	3	0	그리고 후배의 제안서가 내 것이랑 비슷한 점이 좀 이상해. 둘이 야근하면서 대화를 나눴는데 그때 내 아이디어를 가져간 것 같더라. 믿었던 후배인데 배신당한 느낌에 더 상처받는 거야.	N	2022-10-12 03:11:31	2022-11-08 06:17:30
BE22027333	4	1	자기는 그 후배를 믿고 서로 열심히 하자는 뜻으로 이야기했을 텐데 그걸 이용하다니. 아무리 회사에서는 경쟁하는 사이라지만 후배가 좀 너무했다는 생각이 드네. 평소 자기가 그 후배 이야기를 한 거로 보면 둘이 친했을 텐데 말이야.	N	2022-10-12 03:11:31	2022-11-08 06:17:30
BE22027333	5	0	맞아. 나도 후배가 처음이라서 정말 예뻐해 주고 같이 좋은 동료가 되고 싶었어. 그런데 이런 일이 일어나서 지금 어떻게 해야 할지 모르겠어. 상처를 많이 받았는지 마음이 아주 아파.	N	2022-10-12 03:11:31	2022-11-08 06:17:30
BE22027333	6	1	믿었던 사람에게 그런 일을 당하면 회복하기 참 어렵더라. 나도 예전에 비슷한 일이 있어서 마음 다잡는 데 오래 걸렸어. 자기는 그 후배하고 진지하게 이야기는 해 봤어?	N	2022-10-12 03:11:31	2022-11-08 06:17:30
BE22027333	7	0	아니. 사실 무서워서 물어보지도 못했어. 내 아이디어를 차용했다고 말 듣는 것도 속상할 것 같고 아니라고 해도 화날 것 같더라. 그래서 지금 혼자 속만 끓이고 있는 중이야.	N	2022-10-12 03:11:31	2022-11-08 06:17:30
BE22027333	8	1	어쩌면 오해가 있었을 수도 있으니까 우선 마음을 좀 진정하고 후배에게 연락해 보는 건 어떨까? 혼자 이것저것 생각하다 보면 자꾸 안 좋은 쪽으로 결론을 낼 수도 있거든. 대화를 해 보면 혹시 오해하고 있던 부분이 있을지도 몰라.	N	2022-10-12 03:11:31	2022-11-08 06:17:30
BE22027333	9	0	꼭 대화를 해봐야 아는 걸까. 증거는 없지만, 상황상 내가 생각 하는 게 맞을 것 같은걸. 내가 메인 아이디어를 이야기한 사람은 그 후배뿐이거든.	N	2022-10-12 03:11:31	2022-11-08 06:17:30
BE22027333	10	1	어쩌면 비슷한 생각을 했을 수도 있잖아. 그리고 명확하게 알아보면 자기의 상처나 화가 좀 풀릴 수도 있을 거야. 자기를 위해서라도 혼자 고민하는 것 보단 진지하게 대화를 해보는 걸 추천할게.	N	2022-10-12 03:11:31	2022-11-08 06:17:30
BE22027333	11	0	하기는 혼자 고민하고 있으면 그 어떤 것도 해결되지 않지. 자기 말 대로 내 마음의 평화를 위해서라도 이야기해 봐야겠다. 어쩌면 서로 오해가 있었을 수도 있을 테니 말이야.	N	2022-10-12 03:11:31	2022-11-08 06:17:30
BE22027333	12	1	응 사람 관계의 일은 대부분 대화를 잘하고 나면 잘 풀리기도 하더라고. 자기의 지금 속상한 마음도 어쩌면 해결될 수 있을 거야. 그리고 만약에 정말 후배가 아이디어를 뺏은 거라면 그때부터 화를 내도 늦지 않을 거야.	N	2022-10-12 03:11:31	2022-11-08 06:17:30
BE22027333	13	0	자기 말이 맞아. 평소 알던 후배는 나에게 그런 행동을 할 사람이 아니거든. 처음에는 그래서 더 충격이긴 했는데 무언가 사정이 있었겠지 싶기도 하네.	N	2022-10-12 03:11:31	2022-10-12 03:11:31
BE22027333	14	1	그러니까 말이야. 자기가 계속 속상해하면 나도 무척 마음이 아플 것 같거든. 그러니까 둘이 대화 잘 끝내고 나에게도 꼭 연락해.	N	2022-10-12 03:11:31	2022-11-08 06:17:30
BE22027333	15	0	응 자기 말 대로 마음을 열고 한번 도전해 볼게. 고마워 자기야. 덕분에 마음이 진짜 많이 진정되었어.	Y	2022-10-12 03:11:31	2022-11-08 06:17:30
