id	utterance_id	utterance_type	utterance_text	terminate	regDate	updDate
BE22027784	1	0	자기야 나 지금 너무 상처받았어. 내가 계획한 것들이 모두 잘못된 것만 같아.	N	2022-10-12 14:49:12	2022-10-12 14:49:12
BE22027784	2	1	그게 갑자기 무슨 말이야? 많이 혼란스러워 보여서 걱정돼.	N	2022-10-12 14:49:12	2022-11-08 06:20:14
BE22027784	3	0	내 전 직장이 폐업하는 바람에 실업급여를 받고 지내고 있잖아. 난 이대로 실업급여 받으면서 공부하다가 천천히 재취업하려고 했단 말이야. 근데 친구가 나보고 본인 세금이 그런 곳에 쓰이는 게 너무 아깝고 짜증이 난다는 거야.	N	2022-10-12 14:49:12	2022-10-12 14:49:12
BE22027784	4	1	그 말을 자기한테 직접 했다는 거야? 어떻게 그렇게 대놓고 무례한 말을 할 수가 있어, 자기가 상처받을 만도 했네. 그 말을 듣는 순간 얼마나 속이 상했을 거야.	N	2022-10-12 14:49:12	2022-11-08 06:20:14
BE22027784	5	0	내가 실업급여 제도를 악용하고 있는 것도 아니고, 조건이 되니까 받는 거잖아. 마침 공부가 필요한 시기여서 알맞게 활용하고 있다고 생각해왔어. 그래서 친구가 나한테 한 말이 몇 배는 더 상처가 돼서 다가오는 것 같아.	N	2022-10-12 14:49:12	2022-10-12 14:49:12
BE22027784	6	1	내가 자기였대도 그런 말을 듣는 순간 상처받은 걸 숨기지 못했을 것 같아. 이렇게 이야기를 전해 듣는 것만으로도 내 속이 다 상하는걸. 자기가 그 말을 듣고 얼마나 상처를 받고 고민이 많을지 이해가 돼.	N	2022-10-12 14:49:12	2022-10-12 14:49:12
BE22027784	7	0	너무 뜬금없는 말에 상처를 받게 돼서 정신이 몽롱한 것 같아. 친구에게 직접적인 피해를 끼친 게 아닌데 내가 왜 그런 말을 들어야 하는지 모르겠어. 그 말을 듣고 난 후로 내가 못된 행동을 하고 있다는 생각에 갇혀버렸어.	N	2022-10-12 14:49:12	2022-10-12 14:49:12
BE22027784	8	1	자기가 친구 말에 상처를 받아서 모든 게 비관적으로 다가오는 것 이해해. 하지만 자기가 제도를 악용하는 것도 아닌데, 저런 비난을 받을 이유가 단 하나도 없잖아. 잘못은 친구가 했는데 상처는 자기가 받는 이 상황 자체가 너무 안타깝고 답답해. 상처받지 마.	N	2022-10-12 14:49:12	2022-11-08 06:20:14
BE22027784	9	0	나도 머리로는 그렇게 생각하는데 친구 말이 너무 상처가 돼. 마치 나보고 그걸 받지 말라는 듯이 말한 것 같아서 계속 신경이 쓰이네. 너무 큰 상처를 받아서 아무런 의욕이 안 나.	N	2022-10-12 14:49:12	2022-10-12 14:49:12
BE22027784	10	1	왜 아니겠어, 대놓고 저렇게 상처 주는 말을 하는데 누구라도 상처를 받을 거야. 모든 사람이 그런 생각을 가지고 자기를 바라보지 않아, 오히려 실업급여를 받고 싶은 사람도 있잖아. 이럴 때일수록 마음을 굳게 먹고 이 고난을 이겨내야 해, 기운 차려보자.	N	2022-10-12 14:49:12	2022-11-08 06:20:14
BE22027784	11	0	알겠어, 자기가 끊임없이 격려해 주니 마음이 좀 나아지는 것도 같아. 친구 말이 너무 충격이라 정신을 제대로 차리기 어려웠어.	N	2022-10-12 14:49:12	2022-11-08 06:20:14
BE22027784	12	1	자기 마음 충분히 이해해. 당장은 힘들고 지치겠지만 끝까지 이겨내보자. 제도를 잘 활용하는 건 현명한 거야.	N	2022-10-12 14:49:12	2022-11-08 06:20:14
BE22027784	13	0	그렇게 말해줘서 고마워. 자기 말이 큰 위로가 돼.	N	2022-10-12 14:49:12	2022-10-12 14:49:12
BE22027784	14	1	내 진심을 이해해 줘서 나도 고마워. 내가 아는 자기는 강한 사람이니까, 오늘의 상처도 금방 털어낼 수 있을 거야.	N	2022-10-12 14:49:12	2022-11-08 06:20:14
BE22027784	15	0	덕분에 외롭지 않은 기분이 들어. 자기가 격려해 준 덕에 다시 힘낼 수 있겠다.	Y	2022-10-12 14:49:12	2022-11-08 06:20:14
