id	utterance_id	utterance_type	utterance_text	terminate	regDate	updDate
BE22027264	1	0	자기야, 나 이번에 강의 나가는 새로운 일을 시작했잖아. 그런데 수강생 한 명이 잘 못가르친다는 식으로 얘기를 해서 너무 상처 받았어. 나도 처음이고 정말 준비를 많이 했는데 너무하다는 생각이 들더라고.	N	2022-10-12 01:31:15	2022-11-08 06:17:06
BE22027264	2	1	그런 말을 들었다면 누구나 상처를 받지. 자기가 그런 일이 있었다니 나도 너무 가슴이 아프다. 처음부터 잘 하는 사람이 얼마나 되겠어?	N	2022-10-12 01:31:15	2022-11-08 06:17:06
BE22027264	3	0	나도 그렇게 생각하지만 그래도 잘 하는 모습을 보이고 싶었거든. 그래서 수업 준비 하는 내내 정말 열심히 하고 연습도 했단 말이야. 하지만 떨려서 조금 서툴 수도 있지 그걸 바로 지적 받으니까 너무 상처가 되더라고.	N	2022-10-12 01:31:15	2022-11-08 06:17:06
BE22027264	4	1	자기가 열심히 준비한게 아무 소용이 없어진 기분이었겠구나. 왜 안 그렇겠어. 나도 아마 그런 경우라면 무척 상처가 되었을거야.	N	2022-10-12 01:31:15	2022-11-08 06:17:06
BE22027264	5	0	게다가 나 강의 하는 거 보겠다고 같이 일하시는 선생님도 있었거든. 그래서 더 창피하고 앞으로 준비 더 많이 해오라고 하던 수강생이 너무 원망스러웠어.	N	2022-10-12 01:31:15	2022-11-08 06:17:06
BE22027264	6	1	차라리 따로 얘기를 했다면 자기가 이렇게까지 상처 받지 않았을거야. 그런데 공개적으로 얘기를 해서 더 상처 받았구나. 그 마음이 얼마나 참담했겠어.	N	2022-10-12 01:31:15	2022-11-08 06:17:06
BE22027264	7	0	정말 어디 쥐 구멍이라도 있었으면 들어가고 싶은 기분이었어. 내가 이 일을 잘 선택한 건지 너무 후회가 되고 좌절감 마저 들더라. 다시 되돌릴 수도 없는데 말이야.	N	2022-10-12 01:31:15	2022-11-08 06:17:06
BE22027264	8	1	자기가 어떻게 새롭게 시작한 일인데 그런 말을 해. 속상하겠지만 그런 생각 하지마. 자기는 앞으로 잘 할 수 있으니 너무 신경 쓰지말고 마음을 편하게 가져.	N	2022-10-12 01:31:15	2022-11-08 06:17:06
BE22027264	9	0	매번 그 수강생이 수업 올 때마다 내가 얼마나 신경이 쓰이고 상처가 덧날지 모르겠어. 다시 대면하게 되는 게 너무 두렵고 떨려. 잘 할 수 없을 것 같아.	N	2022-10-12 01:31:15	2022-11-08 06:17:06
BE22027264	10	1	자기가 회사를 그만두고 강의를 시작하게 된 그 여정을 생각해봐. 순탄하지 않았지만 힘들었지만 전부 이겨내고 지금 그 자리에 섰잖아. 자기는 새로운 길을 개척해 나갈 수 있는 능력이 되는 사람이야.	N	2022-10-12 01:31:15	2022-11-08 06:17:06
BE22027264	11	0	맞아, 이 일을 시작하게 되면서 정말 많은 난관이 있었지만 이겨냈지. 그걸 잊고 있었어. 자기 덕에 마음이 풀리고 다시 힘이 생긴다.	N	2022-10-12 01:31:15	2022-11-08 06:17:06
BE22027264	12	1	처음부터 쉬울꺼라고 생각하고 시작한거 아니잖아. 처음 준비하면서도 얼마나 걱정이 많았어. 하지만 강의 자리에 섰잖아.	N	2022-10-12 01:31:15	2022-11-08 06:17:06
BE22027264	13	0	맞아. 그때에 비하면 이 정도 역경은 역경도 아니지. 그때 받았던 상처들은 지금보다 더 심했는데 말이야. 내가 지난 시간을 잊고 있었나 봐.	N	2022-10-12 01:31:15	2022-11-08 06:17:06
BE22027264	14	1	나는 그 자리에 선 자기가 무척 자랑스러워. 곧 자기가 질타한 수강생까지 자기 편으로 만들거라고 생각해. 앞으로 자기 수업만 들어오겠다고 할 것 같아.	N	2022-10-12 01:31:15	2022-11-08 06:17:06
BE22027264	15	0	그렇게 얘기해줘서 너무 고마워. 역시 자기만한 내 편이 없다. 상처받지 않고 열심히 잘 해볼게.	Y	2022-10-12 01:31:15	2022-11-08 06:17:06
