id	utterance_id	utterance_type	utterance_text	terminate	regDate	updDate
BE22026177	1	0	자기야. 오늘 친구들이 해외여행을 간다고 하는데 나는 따라갈 만한 돈이 없더라. 공과금도 못 내서 전기도 끊길 지경이야. 한겨울 벌판에 홀로 서 있는 기분이야.	N	2022-10-09 14:59:49	2022-10-09 14:59:49
BE22026177	2	1	그 정경이 눈에 선해서 내가 괜히 찡하네. 그럴 때는 괜히 세상에서 버림받은 기분이 들고 막 그렇지 왜? 왜 나만 이렇게 불우한가 싶을 거 같아.	N	2022-10-09 14:59:49	2022-11-08 06:10:39
BE22026177	3	0	지금 딱 그런 심정으로 웅크리고 있어. 남들은 해외여행도 몇번씩 가는데 나는 한 번도 갈 수도 없고. 너무 상처가 되고 눈물이 다 나올 지경이야.	N	2022-10-09 14:59:49	2022-10-09 14:59:49
BE22026177	4	1	자기 말만 들어도 너무 슬프네. 그깟 해외여행이 뭐라고 사람을 그렇게 서럽게 만드는지 모르겠네. 돈 몇 푼 때문에 그런 기분을 느끼는 게 너무 참담할 거 같아.	N	2022-10-09 14:59:49	2022-11-08 06:10:39
BE22026177	5	0	정말 그래. 내가 원래 여행자금을 모아두려고 했거든? 그런데 이번에는 일이 너무 없었어. 그래서 해외여행 갈 만큼의 돈도 없고 이렇게 됐어.	N	2022-10-09 14:59:49	2022-10-09 14:59:49
BE22026177	6	1	자기야. 이번에 못 가더라도 식사는 잘 챙겨 먹어야 해. 그래야 기운 차려서 일도 찾지. 일도 곧 생길 테니 너무 낙담하지 말고 마음을 편히 가져보자.	N	2022-10-09 14:59:49	2022-11-08 06:10:39
BE22026177	7	0	이런 상황에 부닥치니 앞날이 암담하기만 해. 이렇게 영영 해외여행 한 번도 못 가보는 건 아닌지 모르겠어. 그게 너무 두렵고 친구와 다른 내 상황에 상처만 받고 있었던 것 같아.	N	2022-10-09 14:59:49	2022-10-09 14:59:49
BE22026177	8	1	세상에는 내리막이 있으면 오르막도 있지. 가려는 의지만 있으면 하늘도 무심치 않을 테니 기운을 내봐. 어떤 상황에서도 의지를 버리면 안 돼.	N	2022-10-09 14:59:49	2022-11-08 06:10:39
BE22026177	9	0	나도 예전에 등산을 해봐서 세상에 올라가기만 하는 등산은 없다는 걸 알아. 그건 반대로 내려가기만 하는 골짜기도 없다는 거지. 내 상황이 곧 반등할 거라고 나도 믿고 싶어.	N	2022-10-09 14:59:49	2022-10-09 14:59:49
BE22026177	10	1	당연히 믿어야지. 우리나라는 완전히 끝장난 전쟁의 잿더미에서 오늘날과 같은 변명을 이루었잖아? 자기는 그런 민족의 자손이니 의지만은 꼭 챙기도록 해.	N	2022-10-09 14:59:49	2022-11-08 06:10:39
BE22026177	11	0	자기 말을 듣고 보니 내가 너무 부끄러워지네. 그때 비하면 요즘은 너무 풍요롭지. 마음만 먹으면 여행비 따위는 쉽게 벌 수 있는 세상인데 내가 너무 의기소침해 있었나 봐.	N	2022-10-09 14:59:49	2022-10-09 14:59:49
BE22026177	12	1	자기가 그런 생각을 했다는 것만으로 이미 문제는 해결된 거네. 마음을 굳게 먹고 지금의 고난을 이겨내길 바라.	N	2022-10-09 14:59:49	2022-11-08 06:10:39
BE22026177	13	0	생각해보니 내가 해외여행을 가기 위해 일을 적극적으로 구하지 않은 것 같아. 인터넷만 뒤질 게 아니라 내일은 밖에 나가 적극적으로 일을 구해야겠어.	N	2022-10-09 14:59:49	2022-10-09 14:59:49
BE22026177	14	1	너무 잘 생각했어. 금방 이렇게 기운을 내주니까 내가 다 보람이 있네. 그런 마음이면 금방 해외여행도 갈 수 있을 테니 기운 내.	N	2022-10-09 14:59:49	2022-11-08 06:10:40
BE22026177	15	0	자기가 격려해 준 덕분이야. 부끄러움을 무릅쓰고 하소연하길 잘했네. 자기야 고마워.	Y	2022-10-09 14:59:49	2022-10-09 14:59:49
