id	utterance_id	utterance_type	utterance_text	terminate	regDate	updDate
BE22026098	1	0	나 얼마 전 면접 본 회사 합격 전화를 기다리고 있잖아. 그런데 남동생이 이번에도 떨어진 것 같은데 기다리지 말라고 해서 너무 상처를 받았어.	N	2022-10-09 12:17:47	2022-11-08 06:10:12
BE22026098	2	1	가뜩이나 걱정되고 심란할 텐데 너무 속상했겠다.	N	2022-10-09 12:17:47	2022-11-08 06:10:12
BE22026098	3	0	내가 수도 없이 면접에서 떨어진 건 맞아. 그렇다고 당연히 이번에도 떨어질 거라고 말하는 남동생이 너무 미워.	N	2022-10-09 12:17:47	2022-10-09 12:17:47
BE22026098	4	1	내가 자기와 같은 입장에서 그런 소리를 들었어도 정말 기분 나쁘고 상처를 받았을 거야. 진심으로 한 말은 아닐 테니 너무 상심하지 않았으면 좋겠다.	N	2022-10-09 12:17:47	2022-11-08 06:10:12
BE22026098	5	0	남동생에게 무슨 말을 그렇게 하냐고 내가 떨어지기라도 바라는 거냐고 물었어. 내가 밥도 못 먹고 다른 일에 집중도 못 할 정도로 신경을 쓰니까 기운 내라고 한 말이래.	N	2022-10-09 12:17:47	2022-11-08 06:10:12
BE22026098	6	1	혹시라도 떨어지면 자기가 너무 충격을 받을까 봐 남동생이 걱정이 되었나 보구나. 좋은 의도였는데 말의 표현이 좀 지나쳐서 자기에게는 상처가 되었나 봐. 진심으로 한 말이 아니니까 상처받지 마.	N	2022-10-09 12:17:47	2022-11-08 06:10:12
BE22026098	7	0	선의로 한 말이라고 해도 떨어진다는 말은 잘못되었다고 생각해. 너무 기분 나쁜 말이야.	N	2022-10-09 12:17:47	2022-10-09 12:17:47
BE22026098	8	1	자기가 얼마나 원하고 기대하고 있는지 너무 잘 알아. 그만큼 신경도 예민한 상황이라 장난을 장난으로 받아들이기도 힘들었을 거야. 표현은 잘못되었지만 자기가 덜 힘들 길 바라는 마음이었다는 건 이해해 주자.	N	2022-10-09 12:17:47	2022-11-08 06:10:12
BE22026098	9	0	자기 말처럼 내가 요즘 매우 예민해. 좋은 말이나 응원의 말도 잘 받아들여지지 않더라고. 나도 마음을 좀 편히 먹어야 한다고 생각하고 있어.	N	2022-10-09 12:17:47	2022-11-08 06:10:12
BE22026098	10	1	너무 조급하게 생각하지 않았으면 좋겠어. 자기는 지금까지 차근차근 잘 해왔고, 앞으로도 잘 해낼 거야!	N	2022-10-09 12:17:47	2022-11-08 06:10:12
BE22026098	11	0	진심으로 응원해 줘서 고마워. 동생의 장난스러운 응원도 다 나를 위한 진심임을 다시 알아줘야겠어.	N	2022-10-09 12:17:47	2022-11-08 06:10:12
BE22026098	12	1	너무 불안한 마음에 침잠되지 말라는 좋은 뜻에서 해준 응원이니까, 그 응원 받아서 기운 내!	N	2022-10-09 12:17:47	2022-11-08 06:10:12
BE22026098	13	0	나에게 힘을 주는 사람이 이렇게나 많다니, 정말 감사한 일이야. 힘내서 잘 견뎌볼게.	N	2022-10-09 12:17:47	2022-10-09 12:17:47
BE22026098	14	1	좋아, 나도 언제나 응원할게!	Y	2022-10-09 12:17:47	2022-10-09 12:17:47
