id	utterance_id	utterance_type	utterance_text	terminate	regDate	updDate
BE22027892	1	0	자기야, 나 요즘 너무 괴로운 마음이 마구 들어. 내 안의 상처들이 늘어가고 있는 것 같아.	N	2022-10-13 01:11:23	2022-10-13 01:11:23
BE22027892	2	1	무슨 일인데 그렇게 심각한 기분이 드는 거야? 나한테 조금이라도 말해 줄 수 있을까?	N	2022-10-13 01:11:23	2022-10-13 01:11:23
BE22027892	3	0	사실, 논문 주제를 잡지 못해서 너무 고민되고 힘들어. 쉬울 거라고 생각했던 나 자신과 내 능력을 의심하는 과정이 상처가 되는 것 같아.	N	2022-10-13 01:11:23	2022-11-08 06:20:53
BE22027892	4	1	맞아, 논문을 쓰는 과정에서 자기와 같은 감정이 드는 게 정말 당연한 것 같아. 나도 자기와 같은 경험이 있어서 지금 자기가 얼마나 힘든지 잘 알 수 있어.	N	2022-10-13 01:11:23	2022-11-08 06:20:53
BE22027892	5	0	논문 주제를 잡으면서 계속 나의 한계를 의심하게 되는 것 같아. 여전히 모르는 것투성이인 나를 마주하는 게 너무 괴로워. 그동안 아무것도 안 했다는 생각이 나에게 또다시 상처를 주고 말이야.	N	2022-10-13 01:11:23	2022-11-08 06:20:53
BE22027892	6	1	그래도 자기는 자기가 원하는 공부를 위해 주저 없이 나아가곤 하잖아. 나는 그런 자기의 모습이 정말 멋있고, 자기의 의지도 대단해 보였는걸.	N	2022-10-13 01:11:23	2022-11-08 06:20:53
BE22027892	7	0	막상 들여다보면 전혀 그렇지 않아. 나는 여전히 애송이일 뿐이라고 느껴져. 이 고민이 끝나지 않을 것 같아서 너무 괴로운 것 같아.	N	2022-10-13 01:11:23	2022-11-08 06:20:53
BE22027892	8	1	자기가 그동안 얼마나 고민하고 괴로워했을지 느껴져서 나도 마음이 아파. 그치만, 길은 어디에나 있고 모든 길은 연결되어 있대. 그러니 자기의 생각이 곧 길이 될 거야, 부디 상처 입거나 괴로워하지 않았음 좋겠어.	N	2022-10-13 01:11:23	2022-11-08 06:20:53
BE22027892	9	0	정말 나의 길을 찾는 순간이 오긴 할까? 나는 여전히 나의 앞길을 잘 모르겠어.	N	2022-10-13 01:11:23	2022-10-13 01:11:23
BE22027892	10	1	그럼, 고민은 노력의 흔적이라는 말처럼, 자기의 지금 힘듦이 곧 길이 되어 줄 거라고 믿어. 길은 스스로 개척하게끔 만들어진대. 그러니 우리를 믿고 주저 없이 당차게 나아가 보자.	N	2022-10-13 01:11:23	2022-11-08 06:20:53
BE22027892	11	0	고민은 노력의 흔적이라는 말, 나에게 정말 와닿는 것 같아. 숱하게 괴롭혔던 나의 상처들이 보상받는 기분이야.	N	2022-10-13 01:11:23	2022-11-08 06:20:53
BE22027892	12	1	자기의 마음이 안정되었다니 나도 덩달아 기분이 좋아지네. 자기는 분명 자신만의 길을 아주 멋지게 걸어 나갈 거야.	N	2022-10-13 01:11:23	2022-11-08 06:20:53
BE22027892	13	0	나에게 좋은 말을 건네 줘서 안정되게 도와줘서 고마워, 자기야. 더 이상 상처 받거나 괴로워하지 않고 다시 시작할 수 있을 것 같아.	N	2022-10-13 01:11:23	2022-11-08 06:20:53
BE22027892	14	1	좋아, 나는 그런 자기의 곁에서 응원을 보내며 지금처럼 든든한 존재가 되어 줄게.	N	2022-10-13 01:11:23	2022-10-13 01:11:23
BE22027892	15	0	나도 자기를 믿고, 나를 믿으며 나만의 길을 걸어야겠어.	Y	2022-10-13 01:11:23	2022-10-13 01:11:23
