id	utterance_id	utterance_type	utterance_text	terminate	regDate	updDate
BE22026033	1	0	자기야. 나 너무 상처받는 일이 있었어.	N	2022-10-09 08:49:01	2022-11-08 06:09:48
BE22026033	2	1	왜? 어떤 사건이 있었던 거야?	N	2022-10-09 08:49:01	2022-10-09 08:49:01
BE22026033	3	0	동생이 음식을 먹고 나서 설거지를 하지 않았어. 그래서 내가 말했더니 동생이 적반하장으로 나에게 화를 내더라고. 그래서 마음의 상처를 입었어.	N	2022-10-09 08:49:01	2022-10-09 08:49:01
BE22026033	4	1	자기랑 동생이 사이 좋았던 걸 아니까 자기가 얼마나 놀라고 상처 받았을 지 예상이 가. 나였어도 정말 마음이 아팠을 거야.	N	2022-10-09 08:49:01	2022-10-09 08:49:01
BE22026033	5	0	응. 원래 동생이랑 사이가 좋았는데 이렇게 갑자기 화를 내니까 너무 속상했어. 동생이 나를 싫어하는 것만 같아서 마음에 상처도 입었어.	N	2022-10-09 08:49:01	2022-10-09 08:49:01
BE22026033	6	1	사람이 컨디션이 좋지 않으면 원래 말투보다 더 세게 말이 나갈 때가 있잖아. 동생도 그냥 그래서 그런 걸 거니까 자기를 싫어해서 그런다고 생각하지 마. 그렇지 않을 거야.	N	2022-10-09 08:49:01	2022-11-08 06:09:48
BE22026033	7	0	이런 일이 있고 나니까 내가 더 동생의 눈치를 보게 되더라고. 동생의 눈치를 보다 보니까 어렸을 때 다 동생에게 양보해야 했던 과거도 생각나서 마음이 아파졌어. 그 때 정말 힘들고 억울할 때도 많았거든.	N	2022-10-09 08:49:01	2022-10-09 08:49:01
BE22026033	8	1	나도 동생이 있어봐서 그럴 때 얼마나 마음이 아프고 속상한 지 잘 알아. 모든 것을 양보해야 했던 과거는 아프지만, 그로 인해서 타인을 배려하는 방법을 배웠다고 생각하면 어때? 그렇게 발상의 전환을 하면 마음이 좀 나아지지 않을까?	N	2022-10-09 08:49:01	2022-11-08 06:09:48
BE22026033	9	0	그건 그렇긴 하지. 자기 말대로 내가 너무 과거에 매몰되어 있었던 건 아닌가 하는 생각이 든다. 이런 일이 생길 때마다 혼자만의 생각에 빠져있는 걸 보니 아직 상처를 극복하지 못했나 봐.	N	2022-10-09 08:49:01	2022-10-09 08:49:01
BE22026033	10	1	누구나 상처를 생각나게 하는 일이 일어나면 자연스럽게 그 때의 기억에 잠기곤 하지. 자연스러운 일이고 전혀 이상한 게 아니니까 자기 자신을 계속 자책하지 않았으면 좋겠어. 자기가 이렇게 나에게 말하는 것 만으로 상처를 극복해 낼 의지가 있는 거라고 생각해.	N	2022-10-09 08:49:01	2022-11-08 06:09:48
BE22026033	11	0	그렇게 말해줘서 고마워, 자기야. 자기 덕분에 기분이 한결 나아졌어.	N	2022-10-09 08:49:01	2022-10-09 08:49:01
BE22026033	12	1	그렇다니 정말 다행이야. 자기에게 도움을 더 주고 싶었는데 그러지 못해서 미안하네.	N	2022-10-09 08:49:01	2022-11-08 06:09:48
BE22026033	13	0	이렇게 얘기 들어준 것 만으로도 나에게는 큰 도움이 되었어. 자기가 있어서 너무 든든해.	N	2022-10-09 08:49:01	2022-10-09 08:49:01
BE22026033	14	1	난 항상 자기 편이니까 그 사실 잊지 말고. 언제든 고민 있으면 또 얘기해.	Y	2022-10-09 08:49:01	2022-10-09 08:49:01
