id	utterance_id	utterance_type	utterance_text	terminate	regDate	updDate
BE22026099	1	0	자기야, 나 오늘 부모님과 이야기하다가 정말 상처받는 일이 있었어. 회사 생활에 적응하기가 어려워서 말씀을 드렸는데 너만 힘든 게 아니니 참으라고 말하시는 거야. 그 말이 너무 매정하게 느껴져서 서운한 마음을 감출 수가 없더라.	N	2022-10-09 12:18:32	2022-11-08 06:10:12
BE22026099	2	1	그런 말이 듣고 싶어서 한 이야기가 아니었을텐데. 자기 마음이 얼마나 속상했을까 싶어. 그간 회사 생활이 힘들어 고생도 많이 했잖아.	N	2022-10-09 12:18:32	2022-11-08 06:10:12
BE22026099	3	0	맞아, 난 그저 부모님께 따뜻한 말 한 마디만 건네받고 싶었을 뿐인데. 그렇게 매몰차게 말하실 필요는 없잖아. 순간적으로 눈물이 왈칵 쏟아지려는 걸 애써 참았어.	N	2022-10-09 12:18:32	2022-10-09 12:18:32
BE22026099	4	1	자기가 오죽 힘들었으면 그랬을까, 그 마음을 알아주시면 좋았을 텐데. 나였다면 수고가 많다고, 힘들면 언제든 집에서 쉬어가라는 말을 건네고 싶었을 거야.	N	2022-10-09 12:18:32	2022-11-08 06:10:12
BE22026099	5	0	부모님께 서운하다고 말하니까 전혀 이해를 못 하시는 눈치더라고. 갑자기 기댈 데가 사라진 기분이라 막막하고 마음에 큰 상처가 되더라.	N	2022-10-09 12:18:32	2022-11-08 06:10:12
BE22026099	6	1	자기야, 의지할 데가 없어 괴롭다면 언제든지 내게 기대도 돼. 잔뜩 투정부리고 울어도 다 받아줄 테니, 자기 마음이 그렇게 아프지만 않았으면 좋겠어.	N	2022-10-09 12:18:32	2022-11-08 06:10:12
BE22026099	7	0	정말로 남들은 다 해내는데, 나는 조금이라도 힘든 걸 못 참아서 징징거리는 걸까. 그렇게 생각하면 마음이 너무 무겁고 암담해져.	N	2022-10-09 12:18:32	2022-10-09 12:18:32
BE22026099	8	1	아니야. 힘들면 힘들다고, 아프면 아프다고 솔직하게 털어놔도 괜찮아. 때로는 밖으로 표현해야 나아지는 감정들이 있는걸. 충분히 그래도 괜찮으니 부담을 갖지는 마.	N	2022-10-09 12:18:32	2022-11-08 06:10:12
BE22026099	9	0	가끔은 내가 너무 나약한 사람인가 자꾸만 스스로를 의심하게 돼. 내가 보잘것없는 사람인 것만 같아 깊이 상처받게 되는걸.	N	2022-10-09 12:18:32	2022-10-09 12:18:32
BE22026099	10	1	그렇지 않아, 자기는 오히려 단단하고 강인한 마음을 가지고 있는 거야. 속에서 아픔을 곪아서 터지게 하기보다, 솔직하게 힘듦을 털어놓는 게 더 용기있는 일인거지. 그러니 스스로를 의심하고 마음 아파할 필요는 없어.	N	2022-10-09 12:18:32	2022-11-08 06:10:12
BE22026099	11	0	나는 잘 모르겠어. 지금 나는 너무 지치고 괴로워서, 다 내려놓고 도망이라도 치고 싶은 심정이야. 아무래도 부모님께 받은 마음의 상처가 너무 큰 아픔으로 남은 모양이야.	N	2022-10-09 12:18:32	2022-10-09 12:18:32
BE22026099	12	1	그래, 지금은 마음의 짐도, 상처도 다 내려놓고 푹 쉬어보는 거야. 그렇게 쉬며 마음이 환기가 되면 숨통도 트이고 앞으로 나아갈 힘도 생겨날 거야. 얼마든지 쉬고, 내킬 때 돌아와도 괜찮아.	N	2022-10-09 12:18:32	2022-11-08 06:10:12
BE22026099	13	0	고마워, 자기가 없었더라면 난 금방이라도 무너져 내렸을 거야. 이렇게 자기랑 이야기하니까 상처받은 마음이 따뜻하게 위로받는 기분이야.	N	2022-10-09 12:18:32	2022-10-09 12:18:32
BE22026099	14	1	자기 마음의 아픔이 조금이라도 덜어졌으면 좋겠어. 그럴 수만 있다면 언제든 내게 기대고 힘들다고 투정 부려도 괜찮아. 자기가 행복해진다면 그게 곧 내 기쁨일거야.	N	2022-10-09 12:18:32	2022-11-08 06:10:12
BE22026099	15	0	정말 감동 받았어, 내 곁에 있어줘서 고마워.	Y	2022-10-09 12:18:32	2022-11-08 06:10:12
