id	utterance_id	utterance_type	utterance_text	terminate	regDate	updDate
BE22025450	1	0	이번에도 서류전형에서 떨어졌어. 나이가 많은 게 이유라네. 나이는 어떻게 할 수가 없는 건데 정말 상처받는다.	N	2022-10-07 15:07:42	2022-10-07 15:07:42
BE22025450	2	1	출신 대학도 좋고 그간 따놓은 자격증도 많은데 나이 때문에 번번이 걸리는 거야? 자기, 정말 안 됐다. 내 마음도 몹시 아프다.	N	2022-10-07 15:07:42	2022-11-08 06:06:18
BE22025450	3	0	아무리 스펙이 좋더라도 신입사원은 나이가 어려야 하나 봐. 중간에 공무원 시험을 준비하면서 시간을 허비하는 게 아니었어. 모든 게 다 상처로 다가온다.	N	2022-10-07 15:07:42	2022-11-08 06:06:18
BE22025450	4	1	자기에게는 꿈이 있었잖아. 그 꿈을 위해서 젊음을 바쳐 준비한 거고. 그 시간이 자기를 더 열심히 살게 만들어 준 거니까 너무 자책하지 마.	N	2022-10-07 15:07:42	2022-11-08 06:06:18
BE22025450	5	0	결국 공무원도 되지 않았고 그 시험 준비로 날린 시간 때문에 취직도 안 되잖아. 낙방 소식을 듣는데 그저 눈앞이 깜깜하더라. 가슴은 상처로 욱신거리고 말이야.	N	2022-10-07 15:07:42	2022-10-07 15:07:42
BE22025450	6	1	나였어도 그랬을 거야, 정말 자기의 절망을 이해해. 그래도 올해는 정말 취직 준비를 열심히 했잖아. 마지막까지 포기하지 않고 노력해 봤으면 좋겠어.	N	2022-10-07 15:07:42	2022-11-08 06:06:18
BE22025450	7	0	내가 취직에 성공하기는 할까? 나 자신에게 자신감이 점점 없어져.	N	2022-10-07 15:07:42	2022-11-08 06:06:18
BE22025450	8	1	나이 외에 서류상으로 준비했어야 했던 건 모두 다 빠짐없이 준비했잖아. 어려웠던 자격증 시험도 독하게 공부해서 다 땄고 말이야. 자기는 그런 성실함과 책임감이 있는 사람이야, 자신감을 잃으면 안 돼.	N	2022-10-07 15:07:42	2022-11-08 06:06:18
BE22025450	9	0	그렇게 생각해서 힘을 내려고 해도 벌써 세 번째 낙방이야. 나머지 접수는 해보나 마나가 아닐까?	N	2022-10-07 15:07:42	2022-10-07 15:07:42
BE22025450	10	1	끝날 때까지 끝난 게 아니라는 말도 있잖아. 길고 짧은 건 대봐야 아는 거겠지. 자기야 지금 낙담한 건 알겠지만 그래도 후회가 없도록 끝까지 시도해보는 건 어떨까?	N	2022-10-07 15:07:42	2022-11-08 06:06:18
BE22025450	11	0	그래, 역시 그래야 하는 거겠지? 내가 잠시 나약해졌던 거 같아. 자기 말을 들으니 정신이 번쩍 들면서 마음이 가벼워진다.	N	2022-10-07 15:07:42	2022-11-08 06:06:19
BE22025450	12	1	그렇다면 다행이야. 취직 성공만 하면 지금 이 힘든 시간을 웃으면서 추억할 수 있을 거야. 그러니 조금만 더 힘을 냈으면 좋겠다.	N	2022-10-07 15:07:42	2022-11-08 06:06:19
BE22025450	13	0	그러도록 할게. 나 정말 이 낙방을 기회로 삼아서 끝까지 열심히 도전해보겠어.	N	2022-10-07 15:07:42	2022-10-07 15:07:42
BE22025450	14	1	그렇게 나와야 내 여자친구이지. 마음을 굳게 먹어줘서 정말 고마워.	N	2022-10-07 15:07:42	2022-11-08 06:06:19
BE22025450	15	0	나야말로 내게 힘을 줘서 정말 고마워. 늘 덕분에 힘을 얻는다.	Y	2022-10-07 15:07:42	2022-11-08 06:06:19
