id	utterance_id	utterance_type	utterance_text	terminate	regDate	updDate
BE22011461	1	0	아 나 친구한테 이상한 소문 들었어요.	N	2022-07-25 06:01:03	2022-11-08 04:38:02
BE22011461	2	1	어떤 건데요? 안 좋은 소문 이에요?	N	2022-07-25 06:01:03	2022-11-08 04:38:02
BE22011461	3	0	확실한 건 아니긴 하지만 동창 모임 총무가 회비를 다른 곳에 사용했다 하네요. 소문일지라도 이 소식을 들으니 마음이 아프고 속상하네요.	N	2022-07-25 06:01:03	2022-11-08 04:38:02
BE22011461	4	1	전에도 한번 그랬었다던 그 친구 아니에요? 그래서 더 상처받아 보여요. 속상해 하는 모습을 보니 제 마음이 다 아프네요.	N	2022-07-25 06:01:03	2022-11-08 04:38:02
BE22011461	5	0	맞아요. 직접 물어보는 게 맞지만 진짜일까봐 못 물어봤어요. 진짜면 저는 정말 더 큰 상처를 받을 것만 같아요.	N	2022-07-25 06:01:03	2022-11-08 04:38:02
BE22011461	6	1	같은 경험이 있다면 상처받는 게 당연해요. 친구에 대한 믿음이 커 보였는데 상처 받는 마음 이해해요. 그래도 직접 물어보지 않았으니 한 번 물어보는 게 어때요?	N	2022-07-25 06:01:03	2022-11-08 04:38:02
BE22011461	7	0	친구한테 어떻게 물어봐야 하죠? 이미 마음이 상처받아서 이야기를 꺼내고 싶지도 만나고 싶지도 않아요. 차라리 먼저 해명하러 와줬으면 해요.	N	2022-07-25 06:01:03	2022-11-08 04:38:02
BE22011461	8	1	그래도 확실한 것도 아니고 소문이잖아요. 이전의 약속을 생각하면서 친구 눈빛을 생각해봐요. 그때의 믿음을 가진 채 이야기해 줄 때까지 기다려보는 건 어때요?	N	2022-07-25 06:01:03	2022-11-08 04:38:03
BE22011461	9	0	맞아요. 약속한 날의 친구 눈빛은 정말 진실했어요. 이야기 듣고 보니 제가 너무 의심만 한 거 같아요.	N	2022-07-25 06:01:03	2022-11-08 04:38:03
BE22011461	10	1	저도 소문만 듣고 상처받았던 기억이 있어요. 하지만 직접 들으니 아닌 경우가 대다수이고, 괜히 상처 받았던 마음은 응어리 채 남아요. 혼자만의 생각으로 먼저 상처받을 필요 없어요.	N	2022-07-25 06:01:03	2022-11-08 04:38:03
BE22011461	11	0	고마워요. 혼자서 더 큰 상처 받기 전에 마음을 조금 추스를 수 있을 거 같아요.	N	2022-07-25 06:01:03	2022-11-08 04:38:03
BE22011461	12	1	그래. 좋지 않은 생각 하지 말아요. 별일 아닐 거예요. 확실한 이야기도 아닌데 마음만 아프잖아요.	N	2022-07-25 06:01:03	2022-11-08 04:38:03
BE22011461	13	0	네. 혼자 상처받지 않을게요. 친구한테 연락해봐야겠어요.	N	2022-07-25 06:01:03	2022-11-08 04:38:03
BE22011461	14	1	잘 생각했어요. 친구를 믿는 마음으로 잘 이야기 해봐요.	N	2022-07-25 06:01:03	2022-11-08 04:38:03
BE22011461	15	0	연락해보고 말해줄게요. 나에게 힘이 되어줘서 늘 고마워요.	Y	2022-07-25 06:01:03	2022-11-08 04:38:03
