id	utterance_id	utterance_type	utterance_text	terminate	regDate	updDate
BE22025216	1	0	자기야, 나 일하기 너무 힘들어. 매번 나에게 상처 주는 일만 가득해.	N	2022-10-07 05:35:46	2022-11-08 06:04:55
BE22025216	2	1	일이 너무 힘들어? 아님 사람들이 힘들게 해? 뭐가 힘든 지 말해 봐 내가 다 들어 줄게.	N	2022-10-07 05:35:46	2022-11-08 06:04:55
BE22025216	3	0	처음에는 착각이라 생각했는데, 팀 내 결정 사항이 매번 나에게 전달이 안 되는 거 같아. 이 정도면 나를 팀원으로 생각하지 않는 거 아니야? 이런 행동들이 내 마음 속 깊이 큰 상처로 자리 남아.	N	2022-10-07 05:35:46	2022-11-08 06:04:55
BE22025216	4	1	매번 전달되지 않고 뒤늦게 알면 기분도 상하고 마음에 상처를 받을 거 같아. 나라도 그런 일이 지속되면 혼자서 끙끙 앓을 지 몰라. 지금까지 얼마나 속앓이를 했을 지 걱정되네.	N	2022-10-07 05:35:46	2022-11-08 06:04:55
BE22025216	5	0	그렇지? 내가 예민해서가 아니라 누구나 이런 상황이 반복되면 속상할 일이지. 직접 말했다가 더 상처받는 일이 생길까 겁이 나. 도대체 내가 뭘 잘못했길래 그러는 걸까?	N	2022-10-07 05:35:46	2022-11-08 06:04:55
BE22025216	6	1	그럼, 아무리 실수로 전달이 안 되더라도 계속해서 그렇다면 안 좋은 생각이 들 거 같아. 그래도 매번 이 일로 혼자 속앓이 하고 상처가 커지는 거 보다 이야기 해봐. 상처도 그냥 두면 덧나, 분명 고의가 아닐 거니 큰 걱정 말고 이야기 해보자.	N	2022-10-07 05:35:46	2022-11-08 06:04:55
BE22025216	7	0	앞에서는 실수했다 하고 또 그럴 지도 모르지 않아? 가만 보면 매번 자기들끼리 동기라고 친하게 지내는 데 무시당하는 기분이야. 이 사람들로부터 기분이 상하고 마음이 괴로워.	N	2022-10-07 05:35:46	2022-10-07 05:35:46
BE22025216	8	1	지난 시간동안 얼마나 힘들었을까, 혼자 오만가지 다 생각이 들었지? 나는 자기에 대해 잘 알지 못하는 사람들로부터 더는 아파하지 않았으면 해. 충분히 열심히 하고 사랑받을 자격이 충분한 사람이야, 너무 마음 아파하지 말어.	N	2022-10-07 05:35:46	2022-11-08 06:04:55
BE22025216	9	0	고마워, 하지만 회사만 들어가면 기부터 죽고 눈치 보이게 돼. 나에게 전달되지 않는다는 걸 깨달은 순간부터 마음이 불편하고 힘들어.	N	2022-10-07 05:35:46	2022-10-07 05:35:46
BE22025216	10	1	그냥 당당하게 요구하고 그들에게 의사표현을 해 봐, 어쩌면 몰랐을 지도 몰라. 그런 행동들이 자기를 싫어해서 하는 것이라 생각하면 계속해서 모든 행동이 그렇게 느껴질 거야. 그러니 오히려 담담하게 받아들이고 자기 자신을 아껴줘.	N	2022-10-07 05:35:46	2022-11-08 06:04:55
BE22025216	11	0	그래, 모르는 건 몰라도 내가 먼저 이야기를 꺼내면 어떠한 행동의 변화라도 생기겠지. 용기 내지 못하고 마음만 아파 하는 것 보다 이걸 잘 헤쳐 나아 갈게. 이게 나를 위한 행동이 될 거 같아.	N	2022-10-07 05:35:46	2022-11-08 06:04:55
BE22025216	12	1	좋은 생각이야, 오히려 담담하게 이야기하고 받아들이면 아무 일도 아닐 거야. 그리고 함부로 대하는 사람들에게 상처받기 보다 유연하게 대처하는 게 좋지. 앞으로도 누군가에게 비슷한 같은 일을 당해도 괜찮을 거니까.	N	2022-10-07 05:35:46	2022-11-08 06:04:55
BE22025216	13	0	응 진짜로 실수였을 지도 모르니까 혼자 판단하지 않을 게. 이때까지 그렇게만 생각하고 느끼니 괜히 내 마음이 더 아팠던 거 같아. 사서 슬퍼하지 않을 거야.	N	2022-10-07 05:35:46	2022-10-07 05:35:46
BE22025216	14	1	자기 기분이 좀 괜찮아져 보여서 다행이다. 이렇게 강하고 대단한 사람이니 무슨 일이든 다 잘 겪어낼 거야. 또 힘든 일 있으면 언제든 말해 들어주고 위로해주고 응원 해 줄게.	N	2022-10-07 05:35:46	2022-11-08 06:04:55
BE22025216	15	0	고마워 진짜 오늘 잘 이야기 꺼낸 거 같아. 없던 용기도 생기고 마음의 상처도 좀 괜찮아질 거 같아.	Y	2022-10-07 05:35:46	2022-11-08 06:04:55
