id	utterance_id	utterance_type	utterance_text	terminate	regDate	updDate
BE22026828	1	0	자기야, 나 어제 친구들을 만났는데 너무 상처받는 일이 있었어. 친구들이 나보고 너무 늙어 보인다고 하는 거야. 왜 너만 세월을 직격으로 맞았냐면서 농담식으로 말하는데 얼마나 상처를 받았는지 몰라.	N	2022-10-11 06:32:48	2022-11-08 06:14:29
BE22026828	2	1	아무리 친구 사이라도 그런 말을 함부로 하면 당연히 상처 받고 가슴이 아프지. 자기가 그 자리에서 얼마나 마음에 상처를 입었을지 생각하면 나도 가슴이 찢어지는 것 같아. 그런 무례한 말을 듣다니 정말 속이 상했겠네.	N	2022-10-11 06:32:48	2022-11-08 06:14:29
BE22026828	3	0	그래서 어제 밤에 당장 콜라겐을 사서 챙겨 먹고 있어. 주름 개선해주는 화장품도 엄청 많이 샀어. 나는 나름대로 동안이라고 생각하면서 살았는데 그런 말을 들으니까 큰 상처가 됐어.	N	2022-10-11 06:32:48	2022-10-11 06:32:48
BE22026828	4	1	친구들이 진심으로 그런 말을 한 건 아닐 거야. 오히려 실제로는 어려 보여서 그런 농담도 할 수 있는 거니까 너무 상처 받지 마.	N	2022-10-11 06:32:48	2022-11-08 06:14:29
BE22026828	5	0	그 친구들이 농담으로 한 말이어도 내 가슴에는 비수로 꽂혀서 상처가 돼. 잊어보려 해도 자꾸만 생각이 나고 거울을 보게 돼. 왠지 지난 주보다 더 주름이 생긴 것 같은 기분도 들어.	N	2022-10-11 06:32:48	2022-10-11 06:32:48
BE22026828	6	1	자기가 마음에 큰 상처를 입어서 너무 극단적으로 생각하는 것 같아. 친구들의 무례한 농담에 너무 신경 쓰고 몰두하면 자기가 너무 힘들 거야. 사실이 아닌 말에 휘둘리지 말고 마음에 담아두지 않았으면 좋겠어.	N	2022-10-11 06:32:48	2022-11-08 06:14:29
BE22026828	7	0	신경 쓰지 않으려 해도 그게 참 어려워. 자기가 보기에도 내가 늙어 보여? 사다 놓은 콜라겐을 다 먹으면 좀 주름이 없어질까?	N	2022-10-11 06:32:48	2022-10-11 06:32:48
BE22026828	8	1	내 눈엔 자기가 전혀 늙어 보이지 않고, 나이보다 훨씬 어려 보여. 자기는 평소에 명랑하고 긍정적인 사람이라서 자기 곁에 있으면 생기가 느껴져. 그런 사람에게 늙어 보인다는 농담을 한 친구들이 실수한 거지.	N	2022-10-11 06:32:48	2022-11-08 06:14:29
BE22026828	9	0	나름대로 운동도 열심히 하고 젊게 산다고 생각했는데 그런 말을 들어서 더 상처였어. 너무 속상해서 일이 손에 안 잡히더라고.	N	2022-10-11 06:32:48	2022-10-11 06:32:48
BE22026828	10	1	자기는 지금도 충분히 생기 넘치고, 젊어. 전혀 늙어 보이지 않으니까 상처 받을 필요 없어. 아무리 농담이라도 친구들이 실수한 거니까 너무 괴로워하지 말고 이제 훌훌 털어 버려.	N	2022-10-11 06:32:48	2022-11-08 06:14:29
BE22026828	11	0	알겠어, 자기가 그렇게 위로해주니까 마음이 좀 편해진다. 그래도 이미 사놓은 콜라겐은 다 챙겨 먹을 거야. 다음에 친구들 만나면 엄청 상처였다고 말해 봐야겠어.	N	2022-10-11 06:32:48	2022-11-08 06:14:29
BE22026828	12	1	그래, 그것도 좋은 생각이다. 친구들이 정말로 그런 생각을 하면서 그런 농담을 한 건 아닐 테니까 잘 얘기해 봐. 어쨌든 자기가 기운을 차리고 상처 받은 마음이 조금이라도 달래지길 바라.	N	2022-10-11 06:32:48	2022-11-08 06:14:29
BE22026828	13	0	자기 덕분에 기분이 많이 좋아졌어. 이제 기운 내서 다시 잘 해볼게. 내 얘기 들어줘서 고마워.	N	2022-10-11 06:32:48	2022-11-08 06:14:29
BE22026828	14	1	내가 도움이 되어서 정말 다행이다. 자기는 지금 이 모습 그대로 아름답고 생기 넘치니까 자신감을 가져! 내가 언제나 옆에서 응원할게.	Y	2022-10-11 06:32:48	2022-11-08 06:14:30
