id	utterance_id	utterance_type	utterance_text	terminate	regDate	updDate
BE22025687	1	0	자기야, 나 회사에서 너무 괴로워. 같이 입사한 회사 동기가 오늘도 나에게 상처 주는 행동했어. 이젠 아예 내 말을 무시하는 거 있지.	N	2022-10-08 11:00:04	2022-11-08 06:07:44
BE22025687	2	1	그 동기가 일주일 전부터 아직도 그런단 말이야? 자기 오늘 회사 일도 힘들었을 텐데 정말 속상하고 상처 많이 받았겠는걸. 그 사람은 회사 입사 때부터 왜 자꾸 자기를 무시하고 그러는 거야?	N	2022-10-08 11:00:04	2022-11-08 06:07:44
BE22025687	3	0	내가 입사할 때 인턴으로 시작하지 않고 바로 합격한 게 아직도 어이없다고 생각하나 봐. 그래서 나를 인정을 안 해주는 것 같아. 사실 어느 정도는 나도 인정해서 참았는데, 너무 마음이 힘들다.	N	2022-10-08 11:00:04	2022-11-08 06:07:44
BE22025687	4	1	아니, 그게 무슨 말이야. 자기도 당당하게 합격해서 같이 입사 동기가 된 건데. 그리고 아무리 그래도 사람을 무시하다니, 나라도 정말 속상했을 것 같아.	N	2022-10-08 11:00:04	2022-10-08 11:00:04
BE22025687	5	0	응, 오늘 다른 회사 사람들도 있는데 무안하기도 하더라고. 나랑 나이도 비슷한데 그런 식으로 이야기하니까 내가 정말 작아지는 것 같아서 더 상처였어.	N	2022-10-08 11:00:04	2022-10-08 11:00:04
BE22025687	6	1	자기 진짜 너무 힘들었겠다. 나였으면 그 상황을 못 참았을 것 같아. 다른 사람들은 뭐라고 안 했어?	N	2022-10-08 11:00:04	2022-11-08 06:07:44
BE22025687	7	0	다른 분들도 조금 눈치를 챘는지 나를 따로 불러내서 위로해주시더라고. 그래서 마음이 조금 나지 했어.	N	2022-10-08 11:00:04	2022-11-08 06:07:44
BE22025687	8	1	그래, 그렇다니 정말 다행이다. 나 같았으면 그 동료에게 한마디 했을 것 같은데, 자기는 참 침착하고 화를 잘 참는 거같아. 그래도 이대로 계속 지내는 건 아니지 않을까?	N	2022-10-08 11:00:04	2022-11-08 06:07:44
BE22025687	9	0	맞아, 자기가 말한 것 처럼 나도 아직 신입이니까 모두랑 잘 지내고 싶어서 참았던 거야. 그래서 그냥 웬만하면 참고 넘어가려고.	N	2022-10-08 11:00:04	2022-11-08 06:07:45
BE22025687	10	1	그래, 자기는 잘못한 게 없고 그 사람이 이상한 거니까 그냥 무시하는 것도 방법이겠다. 자기는 정말 마음을 다스리는 게 대단한 것 같아.	N	2022-10-08 11:00:04	2022-11-08 06:07:45
BE22025687	11	0	그렇게 얘기해줘서 고마워. 나도 상처만 받고 있지 않고 마음 단단히 먹으려고. 혼자 힘들어 하면 나만 손해잖아.	N	2022-10-08 11:00:04	2022-11-08 06:07:45
BE22025687	12	1	그래, 정말 잘 생각했어. 그래도 너무 심하면 다른 사람들이나 그 동료에게 이야기해 보는 것도 좋을 것 같아.	N	2022-10-08 11:00:04	2022-11-08 06:07:45
BE22025687	13	0	그렇게 생각하니까 마음이 좀 더 나아진다. 얘기 들어줘서 고마워 자기야, 덕분에 힘이 많이 나네.	N	2022-10-08 11:00:04	2022-11-08 06:07:45
BE22025687	14	1	내가 뭘, 또 상처받는 일 있으면 언제든지 이야기해.	Y	2022-10-08 11:00:04	2022-10-08 11:00:04
