id	utterance_id	utterance_type	utterance_text	terminate	regDate	updDate
BE22025477	1	0	자기야, 오늘 좋은 하루 보냈어? 난 왠지 마음도 울적하고 자존감도 점점 낮아지는 것 같아.	N	2022-10-07 21:56:08	2022-10-07 21:56:08
BE22025477	2	1	자기가 지금 마음이 무거운가 보네. 오늘 무슨 일이라도 있었던 거야?	N	2022-10-07 21:56:08	2022-10-07 21:56:08
BE22025477	3	0	그런 건 아닌데, 지난주에 잃어버린 애착 인형 생각이 계속 나서 그래. 나는 늘 독립심이 부족하다는 생각이 들었는데, 이런 감정이 드니 마음의 상처가 되는 것 같아.	N	2022-10-07 21:56:08	2022-11-08 06:06:29
BE22025477	4	1	오랫동안 애정을 가진 물건을 잃어버리면 누구나 그런 마음이 들 거야. 자기가 아쉬워하는 것도 너무나 당연해.	N	2022-10-07 21:56:08	2022-11-08 06:06:29
BE22025477	5	0	그래도 내 나이를 생각하면 나 자신이 너무 답답해. 초라한 내 모습을 떠올리니, 나 혼자만 이런 것 같아서 씁쓸하기도 하고 자책하게 돼.	N	2022-10-07 21:56:08	2022-10-07 21:56:08
BE22025477	6	1	내가 아는 자기는 쉽게 마음의 상처를 받는 사람이 아니야. 오죽하면 자기가 그런 부정적인 생각을 떠올렸을까 생각하니 나도 안타까워. 내 마음도 덩달아 무거워지는 것 같아.	N	2022-10-07 21:56:08	2022-11-08 06:06:29
BE22025477	7	0	SNS를 봐도, 주변 친구들은 다들 나보다 더 열심히 공부하고 자신감이 충만한 것 같아. 난 내세울 것도 하나 없이 너무 초라한 존재라는 생각만 들어.	N	2022-10-07 21:56:08	2022-10-07 21:56:08
BE22025477	8	1	SNS에는 화려한 모습만 자랑하니 나도 그런 박탈감이 들기도 해. 자기가 그런 생각을 한다니, 조금이라도 위로해 주고 싶은 심정이야.	N	2022-10-07 21:56:08	2022-11-08 06:06:29
BE22025477	9	0	그런 모습을 보면 소외감도 들고, 자꾸만 마음의 상처를 키우는 것 같아. 세상에 나 혼자 뒤처지는 것 같은 조바심이 들어 괴롭기도 하고. 나도 이런 내 모습 보면 너무 착잡해.	N	2022-10-07 21:56:08	2022-11-08 06:06:29
BE22025477	10	1	자기는 늘 긍정적이고 주변 사람들을 환하게 웃게 만드는 사람이잖아. 나에게는 세상에서 제일 소중한 연인이고, 내가 힘들 때마다 기댈 수 있는 든든한 친구이기도 해. 그러니 이제 마음 편안하게 가졌으면 좋겠어.	N	2022-10-07 21:56:08	2022-11-08 06:06:29
BE22025477	11	0	자기가 내 마음을 배려하는 게 느껴져서 너무 고마워. 애착 인형 이야기하다가 내 감정이 너무 치우친 것 같아서 쑥스럽기도 하네.	N	2022-10-07 21:56:08	2022-11-08 06:06:29
BE22025477	12	1	자기가 이렇게 밝은 모습을 되찾아서 다행이야. 이제 나도 마음이 놓이고 기쁘네.	N	2022-10-07 21:56:08	2022-11-08 06:06:29
BE22025477	13	0	내가 괜히 투정 부린 것 같아서 미안해. 늘 따뜻한 말로 격려해 줘서 감사하게 생각해.	N	2022-10-07 21:56:08	2022-11-08 06:06:29
BE22025477	14	1	역시 힘든 마음은 나눌수록 줄어드는 것 같아. 오늘 힘들었을 텐데, 밤에 푹 자고 나면 내일 기운이 날 거야.	N	2022-10-07 21:56:08	2022-11-08 06:06:29
BE22025477	15	0	자기 덕분에 그럴 수 있을 것 같아. 그럼 주말에 만날 때까지 잘 지내. 자기야, 오늘 정말 고마워.	Y	2022-10-07 21:56:08	2022-10-07 21:56:08
