id	utterance_id	utterance_type	utterance_text	terminate	regDate	updDate
BE22018764	1	0	자기야 나 저번에 아는 지인한테 명품 가방 선물 받았다고 했잖아. 기억해?	N	2022-09-18 14:03:28	2022-11-08 05:23:22
BE22018764	2	1	그럼 기억하지. 평소에 갖고 싶었던 거라고 엄청 좋아했잖아. 그런데 그게 왜?	N	2022-09-18 14:03:28	2022-11-08 05:23:22
BE22018764	3	0	모양새가 뭔가 이상해서 감정받고 왔는데. 알고 보니까 가짜라고 하더라고 감정해주신 분이. 그거 듣고 얼마나 배신감이 들던지 진짜 어이없어.	N	2022-09-18 14:03:28	2022-11-08 05:23:22
BE22018764	4	1	헐 그럼 속인 거야? 그렇게 좋아했는데 가품이였다니. 나였으면 억울해서 당장 따졌을 거야.	N	2022-09-18 14:03:28	2022-11-08 05:23:22
BE22018764	5	0	그러니까 분명 진품이라고 자연스럽게 얘기하더니 이렇게 배신을 할 줄은 전혀 몰랐어. 평소에도 친하게 잘 지내고 있었는데.	N	2022-09-18 14:03:28	2022-11-08 05:23:22
BE22018764	6	1	진짜 친한 지인인데 누가 그걸 예상하겠어 너무 속상했겠다. 그 지인한테 얘기는 해봤어?	N	2022-09-18 14:03:28	2022-09-18 14:03:28
BE22018764	7	0	아니 아직 얘기는 안 꺼냈는데. 뭔가 이런 거 따지면 밝히는 사람 같아서 그냥 이대로 넘어가고 다시 연락 안하는 게 나을 것 같아.	N	2022-09-18 14:03:28	2022-11-08 05:23:22
BE22018764	8	1	그래도 한 번 물어보는 게 좋지 않을까? 아는 지인이 가방 구매한 곳이 잘못된 것 일 수도 있잖아. 아니면 오해가 있을 수도 있으니 얘기는 서로 해보는 게 좋을 것 같아.	N	2022-09-18 14:03:28	2022-11-08 05:23:22
BE22018764	9	0	음 그럴 수도 있긴 하겠다. 원래 그럴 애가 아니긴 하니깐 자기말 들으니까 뭔가 내가 오해가 있거나. 그 지인이 구매하는데 뭔가 문제가 있었을 수도 있다고 생각이 드네.	N	2022-09-18 14:03:28	2022-11-08 05:23:22
BE22018764	10	1	그럼 서로 얘기를 해보기 전까지는 확실히 단정을 지을 필요는 없을 것 같아. 이대로 관계가 틀어지는 것도 싫잖아?	N	2022-09-18 14:03:28	2022-11-08 05:23:22
BE22018764	11	0	맞아 나는 더 오랫동안 보고 앞으로도 연락하면서 지내고싶어. 자기 말대로 연락해서 따로 대화를 한 번 해봐야겠어.	N	2022-09-18 14:03:28	2022-09-18 14:03:28
BE22018764	12	1	그래 잘 생각했어. 막상 얘기해보면 별 거 아닌 문제거나. 지인도 몰라서 새로 구매를 해서 해결해 줄 수도 있으니까.	N	2022-09-18 14:03:28	2022-11-08 05:23:22
BE22018764	13	0	그렇네 역시 현명한 것 같아 자기는. 이렇게 문제도 잘 풀어주려고 하고 항상 늘 고마워하는 거 알지?	N	2022-09-18 14:03:28	2022-11-08 05:23:22
BE22018764	14	1	아니야 나도 너한테 도움받은 것도 많은 걸 다 서로 상부상조하는거지. 이렇게 우리 관계가 더 깊어지고 좋아지는 거 아니겠어?	N	2022-09-18 14:03:28	2022-11-08 05:23:22
BE22018764	15	0	역시 자기야 지인이랑 얘기 잘 끝내고 바로 연락 줄게. 고마워!	Y	2022-09-18 14:03:28	2022-11-08 05:23:22
