id	utterance_id	utterance_type	utterance_text	terminate	regDate	updDate
BE22025082	1	0	자기야, 나 요즘 마음이 너무 괴로워. 뇌로 가는 혈관에 혹이 생겨서 수술까지 하다니, 내 동생 생각을 하면 마음의 상처가 생기는 것 같아.	N	2022-10-06 22:12:02	2022-11-08 06:04:08
BE22025082	2	1	지난 주에 동생 수술 무사히 잘 되었다고 안도했잖아. 혹시 무슨 문제라도 있어?	N	2022-10-06 22:12:02	2022-10-06 22:12:02
BE22025082	3	0	그런 건 아니야. 병실에 누워서 회복하는 동생 모습을 보니 마음이 아파. 내가 형으로서 해 준 것도 없는 것 같아서 미안한 마음만 들고.	N	2022-10-06 22:12:02	2022-10-06 22:12:02
BE22025082	4	1	나도 자기 동생 생각하면 마음이 무거운데, 자기는 오죽할까. 그래도 옆에서 꿋꿋한 모습으로 지켜주는 자기 모습 보면 동생이 든든해 할 거야.	N	2022-10-06 22:12:02	2022-11-08 06:04:08
BE22025082	5	0	동생이 혈관에 혹이 생기는 희귀병이라는 진단을 처음 받았을 때는 정말 믿기지 않았어. 힘들어하시는 부모님도 살뜰히 챙겨 주지 못한 것 같아서 마음의 상처가 더 깊어지는 것 같아.	N	2022-10-06 22:12:02	2022-10-06 22:12:02
BE22025082	6	1	자기는 쉽게 상처를 받는 성격이 아닌데, 요즘 동생 보면서 정말 힘들었을 거야. 어떻게 자기 마음을 달래 줘야 할지 몰라 나도 안타까워.	N	2022-10-06 22:12:02	2022-11-08 06:04:08
BE22025082	7	0	예전에는 텔레비전에서 희귀병 다큐멘터리를 봐도 남의 일인 줄만 알았어. 동생한테 아무 것도 해 줄 수 있는 게 없는 것 같아 무력감마저 들어.	N	2022-10-06 22:12:02	2022-10-06 22:12:02
BE22025082	8	1	자기는 주변 사람들에게 늘 큰 힘이 되어 주잖아. 나도 힘든 일이 있으면 자기한테 마음으로 의지하거든. 동생 마음도 나와 같을 거야.	N	2022-10-06 22:12:02	2022-11-08 06:04:08
BE22025082	9	0	자기한테는 내 마음을 표현하지만 동생한테는 그렇지 않거든. 못 해 준 것만 자꾸 떠올라서 나 자신이 부끄럽기도 하고.	N	2022-10-06 22:12:02	2022-10-06 22:12:02
BE22025082	10	1	동생도 과묵한 성격이라 표현은 잘 못하지만 마음은 그렇지 않을 거야. 가족은 원래 그런 존재이니까. 자기가 믿음직한 장남이라는 건 내가 누구보다 잘 알아.	N	2022-10-06 22:12:02	2022-11-08 06:04:08
BE22025082	11	0	자기가 그런 말 해 주니 정말 위로가 되네. 동생 입원하고 수술하는 모습 지켜보면서 많이 힘들었나 봐. 자기가 곁에 있어서 정말 다행이야.	N	2022-10-06 22:12:02	2022-11-08 06:04:08
BE22025082	12	1	난 자기가 정말 씩씩하게 잘 버티는 모습 보면서 존경스러웠는 걸. 나라면 주저앉아서 엉엉 울기만 했을 거야. 자기 정말 믿음직해.	N	2022-10-06 22:12:02	2022-11-08 06:04:08
BE22025082	13	0	동생한테 너무 부족한 형이라는 생각에 괴로웠거든. 어린 시절 동생 괴롭히던 기억까지 떠올라 착잡했는데, 이제 조금 마음이 가벼워진 것 같아.	N	2022-10-06 22:12:02	2022-10-06 22:12:02
BE22025082	14	1	그래, 가족들이 힘을 내야 동생도 잘 버틸 수 있지. 지금처럼 하면 잘 이겨낼 수 있을 거야. 그동안 자기가 정말 고생 많았어.	N	2022-10-06 22:12:02	2022-11-08 06:04:08
BE22025082	15	0	이렇게 힘든 일 닥치니 건강이 얼마나 소중한지 알 것 같아. 주변 사람들 고마운 줄도 알게 되고. 자기한테도 정말 고마워.	N	2022-10-06 22:12:02	2022-11-08 06:04:08
BE22025082	16	1	나도 자기가 동생 세심하게 챙기는 모습 보고 뭉클했어. 동생 퇴원하면 같이 만나서 즐거운 시간 보내자. 그럼 푹 쉬어.	N	2022-10-06 22:12:02	2022-11-08 06:04:08
BE22025082	17	0	응, 정말 고마워 자기야. 내가 앞으로 더 잘 할게. 그럼 자기도 잘 자.	Y	2022-10-06 22:12:02	2022-10-06 22:12:02
