id	utterance_id	utterance_type	utterance_text	terminate	regDate	updDate
BE22025632	1	0	자기야, 나 어제 동기들한테 배신당했어. 어떻게 나에게 이렇게 큰 상처를 줄 수 있는지 치가 떨려.	N	2022-10-08 08:11:16	2022-10-08 08:11:16
BE22025632	2	1	우리 자기, 동기들이랑 싸우기라도 한거야?	N	2022-10-08 08:11:16	2022-10-08 08:11:16
BE22025632	3	0	동기들이 나만 모임에 초대하지 않았어. 어떻게 걔네가 그럴 수 있는지 배신감이 너무 커서 마음에 큰 상처로 남았어. 너무 충격이야, 나를 싫어하는 것 같아.	N	2022-10-08 08:11:16	2022-10-08 08:11:16
BE22025632	4	1	왜 우리 자기를 초대하지 않았을까, 이유가 어찌되었든 충격이고 속상했겠다. 그 동기들 그래도 나름 친한 사이였잖아, 우리 자기가 상처가 컸겠는걸.	N	2022-10-08 08:11:16	2022-11-08 06:07:25
BE22025632	5	0	내가 바빠 보여서 초대하지 않았다는 데 다 거짓말 같고 못 믿겠어. 그냥 나를 싫어하는 것 같아, 나 왕따 당하나 봐. 너무 상처받은 마음이 아파서 눈물이 나.	N	2022-10-08 08:11:16	2022-11-08 06:07:25
BE22025632	6	1	참 나도 마음이 아프다, 그 동기들을 우리 자기가 얼마나 아꼈는지 알아서 더 그래. 분명 이유가 있겠지, 그 친구들에게 자세히 물어보는건 어때?	N	2022-10-08 08:11:16	2022-11-08 06:07:25
BE22025632	7	0	물어봐도 알려주지 않을 것 같아, 나에게 거짓말을 했다는 게 너무 충격이야. 나만 빼고 아주 즐거운 시간 보냈던 거 다 알거든, 진짜 배신감이 너무 커.	N	2022-10-08 08:11:16	2022-11-08 06:07:25
BE22025632	8	1	아마 걔네들도 사정이 있을거야, 혼자 생각하면 오해만 커지고 더 마음이 아프잖아. 나는 우리 자기가 걔네랑 이야기 하고 마음이 편해졌으면 좋겠어. 그래도 막역한 사이인데, 잘 이야기 하고 관계 회복하면 더 나아지지 않을까?	N	2022-10-08 08:11:16	2022-11-08 06:07:25
BE22025632	9	0	그래도 이야기는 해봐야겠다. 내가 따돌림을 당했다는 생각에 마음이 너무 아팠는데 자기의 말을 들으니 위로가 되네.	N	2022-10-08 08:11:16	2022-10-08 08:11:16
BE22025632	10	1	우리 자기가 받은 상처를 헤아릴 수가 없을거야, 자기에게 조금이라도 힘이 되고 싶어.	N	2022-10-08 08:11:16	2022-11-08 06:07:25
BE22025632	11	0	자기가 있어서 나는 참 다행이야. 이렇게 힘들 때 마다 위로가 되잖아.	N	2022-10-08 08:11:16	2022-11-08 06:07:25
BE22025632	12	1	위로를 받았다니 나도 기쁘다, 속상한 일이 있을땐 언제든지 나에게 이야기해줘.	N	2022-10-08 08:11:16	2022-11-08 06:07:25
BE22025632	13	0	그래, 오늘도 행복한 하루 보내 자기야.	N	2022-10-08 08:11:16	2022-10-08 08:11:16
BE22025632	14	1	우리 자기도 즐거운 일만 있기를 바라.	Y	2022-10-08 08:11:16	2022-11-08 06:07:25
