id	utterance_id	utterance_type	utterance_text	terminate	regDate	updDate
BE22025513	1	0	자기야, 어제 내 동생 수술 잘 끝났어. 무사히 마쳐서 다행인데, 동생 생각만 하면 마음이 무거워.	N	2022-10-08 02:45:44	2022-10-08 02:45:44
BE22025513	2	1	자기가 이래저래 많이 지쳤을 거야. 혹시 병원에서 무슨 일이라도 있었어?	N	2022-10-08 02:45:44	2022-11-08 06:06:42
BE22025513	3	0	동생에게 희귀 혈관 질환이 있다는 사실을 알고 정말 마음 아팠어. 우리 둘 사이가 괜찮은 줄 알았는데, 막상 내가 동생에 관해 아는 게 거의 없더라고.	N	2022-10-08 02:45:44	2022-10-08 02:45:44
BE22025513	4	1	생각해 보니 나도 우리 형의 취향이나 관심사에 관해 잘 모르는 것 같아. 자기는 아픈 동생을 보며 그런 생각이 들었으니, 마음이 더 무거웠을 것이야.	N	2022-10-08 02:45:44	2022-11-08 06:06:42
BE22025513	5	0	제일 가까운 사이인 줄 알았는데, 왠지 씁쓸하기도 하고 마음의 상처가 돼. 바쁘다는 핑계로 동생과 길게 이야기 나눈 기억도 거의 없어. 언니로서 너무 부족했다는 자책감만 들어.	N	2022-10-08 02:45:44	2022-10-08 02:45:44
BE22025513	6	1	자기 마음 조금이나마 짐작할 수 있을 것 같아. 우리 아버지 편찮으셨을 때도 곁에 있는 엄마가 더 힘들어 하셨거든. 자기 잘못이 아닌 걸 알면서도, 마음이 괴롭고 착잡할 것 같아.	N	2022-10-08 02:45:44	2022-11-08 06:06:42
BE22025513	7	0	동생은 뭐든 잘하고 똑 부러지는 성격인데, 난 늘 부족한 언니라는 자격지심이 있었나 봐. 그래서 마음이 더 멀어진 것 같기도 하고. 나도 이런 나 자신의 모습이 너무 한심해.	N	2022-10-08 02:45:44	2022-10-08 02:45:44
BE22025513	8	1	자기가 이렇게 상처받은 모습은 처음인 것 같아. 무슨 말로 자기 마음을 달래 줘야 할지 모르겠네.	N	2022-10-08 02:45:44	2022-11-08 06:06:42
BE22025513	9	0	부모님께도 너무 면목이 없어. 장녀 역할도 제대로 못 한 것 같고, 동생도 잘 챙겨 주지 못했으니까. 겉으로는 괜찮은 척하지만, 내 마음속의 응어리를 떨칠 수가 없어.	N	2022-10-08 02:45:44	2022-11-08 06:06:42
BE22025513	10	1	자기는 말로 표현은 잘 못 하지만, 마음은 정말 따뜻한 사람이잖아. 앞으로 동생이 회복하는 동안, 자기가 누구보다 곁에서 세심하게 챙겨 줄 거라 믿어. 그러면서 동생과 더 가까워질 테니, 너무 속상해하지 말고 기운 내.	N	2022-10-08 02:45:44	2022-11-08 06:06:42
BE22025513	11	0	요즘 병원에 있느라 너무 지쳤는데, 자기 말 들으니 위로가 되네. 진심으로 고마워, 자기야.	N	2022-10-08 02:45:44	2022-10-08 02:45:44
BE22025513	12	1	우리 엄마도 나이가 들수록 이모와 더 가까워지는 것 같아. 자기도 앞으로 그럴 거라 믿어.	N	2022-10-08 02:45:44	2022-11-08 06:06:42
BE22025513	13	0	힘들 때 내 마음 다독여 줘서 정말 고마워. 자기 말이 내게 얼마나 큰 위로가 되는지 몰라.	N	2022-10-08 02:45:44	2022-10-08 02:45:44
BE22025513	14	1	밝은 자기 모습 보니 나도 덩달아 기분이 좋네. 그동안 고생 많았어.	N	2022-10-08 02:45:44	2022-11-08 06:06:42
BE22025513	15	0	자기 덕분에 다시 기운 낼 수 있을 것 같아. 내가 틈나면 다시 연락할게. 자기도 건강 조심하고 잘 지내.	Y	2022-10-08 02:45:44	2022-11-08 06:06:42
