id	utterance_id	utterance_type	utterance_text	terminate	regDate	updDate
BE22026021	1	0	자기야, 오늘 나한테 깊은 상처로 남는 일이 있었어. 무던하게 넘기려고 해도 곱씹을수록 상처가 되어서 괴로워져. 상처가 깊어져서 마음이 힘들어지는데 떠오르는 사람이 자기밖에 없어서 메시지 보내.	N	2022-10-09 08:28:48	2022-10-09 08:28:48
BE22026021	2	1	혹시 무슨 일 있었어? 문자를 보니 기분이 좋지 않은 듯해서 걱정이네. 어떤 일이든 편하게 얘기해 줘.	N	2022-10-09 08:28:48	2022-11-08 06:09:43
BE22026021	3	0	요새 내가 이사를 준비하는데 도저히 옮길 만한 집이 없더라고. 그동안 내가 돈을 허투루 쓰면서 지낸 것도 아니고 악착같이 모았는데도 그래. 부동산 몇 군데를 돌다가 금방 나올 때마다 마음의 상처가 깊어지는 기분이더라.	N	2022-10-09 08:28:48	2022-10-09 08:28:48
BE22026021	4	1	빠르게 치솟는 물가를 보고 있으면 꼭 세상이 나만 두고 쏜살같이 달려 나가는 기분이기도 하지. 집값도 비슷하게 급등하는 만큼 그 순간 자기가 느꼈을 좌절과 서러움이 무엇인지 깊이 이해하고 있어. 얼마나 더 노력해야 하나 싶어서 막막해지기도 하고 속상하기도 했을 듯해.	N	2022-10-09 08:28:48	2022-11-08 06:09:43
BE22026021	5	0	내가 노력을 하지 않았다면 모르겠지만 나는 정말 열심히 살았다고 자부할 수 있거든. 몸이 부서져라 일을 해도 내가 들어가서 살 집이 없다는 게 얼마나 상처로 남는지 몰라. 꿋꿋하게 견디고 있다고 생각하면서도 이럴 때마다 상처가 깊어져서 마음이 무너지는 듯해.	N	2022-10-09 08:28:48	2022-10-09 08:28:48
BE22026021	6	1	어렸을 때는 원하는 걸 이룰 수 있을 때까지 노력하면 된다고 헀지만 그것도 아니었으니까. 그런 현실을 생각할수록 마음이 아프고 괴로워지는 게 당연해. 문자로 상황을 전해 듣기만 해도 가슴이 무겁고 눈앞이 아득해지는데 자기는 오죽했을까 싶어.	N	2022-10-09 08:28:48	2022-11-08 06:09:44
BE22026021	7	0	지금 지내고 있는 집의 계약도 얼마 안 지나서 만료가 되거든. 앞으로 나는 어떻게 해야 하나 싶고, 세상이 나는 보살펴 주지 않는 것 같아서 암담해져. 그걸 몸소 느낄 때마다 온몸에 상처가 생기는 듯해.	N	2022-10-09 08:28:48	2022-10-09 08:28:48
BE22026021	8	1	그럼에도 하루하루 성실하게 견디면서 애를 쓰는 자기의 모습은 무엇보다 대단하다고 생각해. 아무리 길고 어두운 터널이든 반드시 끝에는 빛이 보이기 마련이라고 하더라. 지금은 한 걸음을 내딛는 것도 버겁게 느껴지겠지만 조금만 더 힘을 냈으면 좋겠어.	N	2022-10-09 08:28:48	2022-11-08 06:09:44
BE22026021	9	0	응, 상처가 깊어서 긍정적으로 생각하기 어려울 만큼 버거운 상태였거든. 그만큼 힘들었는데 자기가 보내 준 메시지를 보고 있으니 조금은 힘이 생기는 것 같아. 괴로웠던 마음이 한층 누그러들고 있어.	N	2022-10-09 08:28:48	2022-11-08 06:09:44
BE22026021	10	1	지금처럼 자기가 힘들고 괴로울 때 옆에 있어 주지 못하는 게 아쉬울 다름이야. 그래도 마음으로는 언제나 자기를 응원하고 있다는 사실을 잊지 말아 줘. 자기처럼 주어진 삶에 최선을 다하면서 묵묵하게 나아가다 본다면 반드시 좋은 집을 얻을 거야.	N	2022-10-09 08:28:48	2022-11-08 06:09:44
BE22026021	11	0	그래도 내 곁에 자기가 있어서 다행이라는 생각이 들어. 누구한테도 말하기 어려운 고민이었는데 덕분에 마음이 조금은 후련해지는 듯해. 한없이 막막하고 괴로웠는데 덕분에 많은 위안이 되었어.	N	2022-10-09 08:28:48	2022-11-08 06:09:44
BE22026021	12	1	내가 조금이라도 도움이 되어서 다행일 다름이야. 앞으로도 언제든 혼자서 감당하기 어려운 고민이 생기면 나한테 이야갸해 줘. 어떤 이야기든 성심성의껏 귀 기울여 들을 테니까.	N	2022-10-09 08:28:48	2022-11-08 06:09:44
BE22026021	13	0	그렇게 말해 주는 걸 듣기만 해도 마음이 든든해진다. 조금만 숨을 돌리면서 마음을 다잡고 다시 움직여 봐야겠어. 나중에 또 소식 있으면 연락할게.	N	2022-10-09 08:28:48	2022-10-09 08:28:48
BE22026021	14	1	그래, 너무 무리하지 말고 할 수 있는 만큼만 하고 와. 다녀와서 어떻게 되었는지 꼭 알려 주고. 언제든 하고 싶은 이야기가 생기면 메시지 보내.	Y	2022-10-09 08:28:48	2022-11-08 06:09:44
