id	utterance_id	utterance_type	utterance_text	terminate	regDate	updDate
BE22024228	1	0	문득 생각해 보니까 우리 집은 집안에 텔레비전을 두지 않더라. 그 이유를 떠올리다 보니 너무 상처가 심해져.	N	2022-10-05 01:05:06	2022-10-05 01:05:06
BE22024228	2	1	왜 그래? 그러고 보니 자기가 텔레비전을 본다는 말을 한 번도 내게 하지 않은 것 같아.	N	2022-10-05 01:05:06	2022-10-05 01:05:06
BE22024228	3	0	아버지가 교육열이 무척 높으시고 엄격하신 분이었거든. 그래서 머리 나빠진다고 아주 어릴 적부터 텔레비전을 못 보게 하셨어. 그런 강압적인 분위기에서 자란 유년 시절이 너무 상처야.	N	2022-10-05 01:05:06	2022-10-05 01:05:06
BE22024228	4	1	무슨 마음인지 이해해. 어릴 적부터 그런 분위기에서 텔레비전조차 보지 못하고 자랐으니 상처가 내내 마음 속에 있을 듯해. 나이가 들어도 지워지지 않는 아픈 기억이라는 게 있잖아.	N	2022-10-05 01:05:06	2022-11-08 05:59:03
BE22024228	5	0	맞아. 아직도 친구들이 집에서 본 텔레비전 프로그램 이야기를 하면 문득문득 상처가 떠올라. 어릴 적에 친구들이 그런 얘길 할 때마다 한 번도 낄 수 없었거든.	N	2022-10-05 01:05:06	2022-10-05 01:05:06
BE22024228	6	1	소외 당하는 기분에 어릴 적부터 많이 상처 받고 힘들었겠다. 할 수만 있다면 어린 자기를 만나서 꼭 안아주고 싶어. 엄격한 가정 분위기 속에서 여린 자기가 얼마나 속상하고 힘들었을까.	N	2022-10-05 01:05:06	2022-11-08 05:59:03
BE22024228	7	0	집안에 텔레비전을 안 두는 게 아버지 철학일 수는 있었어도 그게 자식에게 얼마나 상처였는지는 모르셨겠지. 별 거 아닌 그런 일이 자식에게 내내 상처로 남는다는 것도 말이야.	N	2022-10-05 01:05:06	2022-10-05 01:05:06
BE22024228	8	1	그게 어떻게 별 일이 아니겠어. 어릴 때에는 그런 가정 분위기가 성격 형성에 많은 영향을 끼치는데. 오늘따라 자기 마음이 많이 지치고 힘들어 보여서 나까지 너무 마음이 아프다.	N	2022-10-05 01:05:06	2022-11-08 05:59:03
BE22024228	9	0	어릴 때 집에 텔레비전도 있고, 교육으로부터 조금 자유로웠더라면 지금 나는 어떨까? 지금보다 더 명랑하고 성격 좋은 사람이 되어 있지 않았을까?	N	2022-10-05 01:05:06	2022-10-05 01:05:06
BE22024228	10	1	자기는 지금도 충분히 남들에게 매력적이고 좋은 성격이야. 자기의 단정한 성품과 함부로 쉽게 말을 꺼내지 않는 신중함이 얼마나 좋아 보인다고. 엄격한 교육의 나쁜 점도 있었겠지만, 자기의 지금 훌륭한 성격에 좋은 영향을 끼치기도 했을 거야.	N	2022-10-05 01:05:06	2022-11-08 05:59:03
BE22024228	11	0	정말 고마워. 자기의 다정한 말 덕분에 마음이 따뜻해진다. 아깐 상처받은 기억들이 한꺼번에 떠올라서 정말 괴로웠는데, 지금은 마음이 편안해졌어.	N	2022-10-05 01:05:06	2022-10-05 01:05:06
BE22024228	12	1	다행이다. 지난 기억들을 내가 다 잊게 해줄 수는 없겠지만, 앞으로 좋은 기억으로 덮어줄게. 앞으로 마음이 힘들 거나 상처가 떠오를 때마다 나한테 연락해.	N	2022-10-05 01:05:06	2022-11-08 05:59:03
BE22024228	13	0	알았어. 자기 덕분에 앞으로의 내 삶은 무척 행복할 것 같아. 집안에 텔레비전조차 두지 못했던 지난 과거에서 벗어나서, 자기와 새 삶을 꾸려나가 볼래.	N	2022-10-05 01:05:06	2022-10-05 01:05:06
BE22024228	14	1	그렇게 생각해 주니까 오히려 내가 더 기쁘다. 앞으로 나와 함께할 날들은 자유롭고 행복할 거야.	N	2022-10-05 01:05:06	2022-11-08 05:59:03
BE22024228	15	0	고마워. 자기 말 덕분에 상처가 씻은 듯이 낫는 것 같다.	Y	2022-10-05 01:05:06	2022-10-05 01:05:06
