id	utterance_id	utterance_type	utterance_text	terminate	regDate	updDate
BE22026402	1	0	자기야 나 요즘 부모님이 하시는 말들이 나에게 너무 상처되는 말이라서 힘들어.	N	2022-10-10 07:22:15	2022-10-10 07:22:15
BE22026402	2	1	정말? 어떤 일이길래 자기가 이렇게 힘든 거야?	N	2022-10-10 07:22:15	2022-11-08 06:11:58
BE22026402	3	0	사실 요즘 부모님의 내 미래 계획에 대해서 너무 간섭을 많이 하셔. 내 진로와 미래는 내가 스스로 계획하고 싶은데 부모님이 나를 못 믿어서 다 정해주려고 하셔.	N	2022-10-10 07:22:15	2022-10-10 07:22:15
BE22026402	4	1	아 그런 일이 있었구나. 평소에 자기가 이런 말 안 해서 전혀 몰랐어. 부모님 계획대로 사는 게 정답은 아닌데 강요받는 기분이 들면 정말 스트레스받을 거 같아.	N	2022-10-10 07:22:15	2022-11-08 06:11:58
BE22026402	5	0	예전부터 힘들어서 말하고 싶었는데 이제야 말하네. 부모님은 안정적인 회사원이나 공무원이 돼야 내가 행복하게 살 수 있을 거라는데 내 생각은 다르거든. 난 내가 하고 싶은 일을 해야 행복할 거 같은데 계속 아니라고만 하시니까 너무 상처받아.	N	2022-10-10 07:22:15	2022-10-10 07:22:15
BE22026402	6	1	자기도 스스로의 생각을 존중받고 싶을 텐데 부모님이 기회조차 주시지 않으면 당연히 상처받고 힘들지. 비슷한 경험이 있어서 자기 마음 충분히 이해되고 공감돼.	N	2022-10-10 07:22:15	2022-11-08 06:11:58
BE22026402	7	0	자기라도 내 마음 알아줘서 다행이다. 난 만화작가가 꿈인데 성공 확률이 낮고 수입도 고정적이지 않으니까 걱정을 많이 하시더라고. 부모님 생각도 이해는 되는데 기회조차 안 주시니 날 못 믿으시는 거 같아서 너무 상처야.	N	2022-10-10 07:22:15	2022-10-10 07:22:15
BE22026402	8	1	왜 아니겠어. 그렇지만 부모님은 너의 행복을 가장 최우선으로 바라는 마음은 언제나 같으실 거야. 자기를 못 믿어서가 아니라 힘들게 고생할까 봐 걱정하시는 마음이 극대화돼서 표현된 거 같아. 그러니까 부모님이 자기를 못 믿어서 그러실 거라는 부정적인 생각은 하지 않았으면 좋겠어.	N	2022-10-10 07:22:15	2022-10-10 07:22:15
BE22026402	9	0	나도 자기 말대로 생각을 하고 싶은데 확신이 안 서는 기분이야. 기회라도 주실 법한데 너무 올곧으셔서 계속 부정적으로 해석하게 돼.	N	2022-10-10 07:22:15	2022-10-10 07:22:15
BE22026402	10	1	당연히 그런 생각 들 수 있고 나도 부모님께서 자기에게 기회는 주셨으면 하는 마음이야. 간절히 노력하고 소망하면 분명 기회는 주어질 거고 자기는 끊임없이 발전적인 길을 모색하잖아. 그 노력이 꼭 빛을 발할 거니까 스스로를 믿으며 나아간다면 부모님께도 마음이 전해질 거야.	N	2022-10-10 07:22:15	2022-11-08 06:11:58
BE22026402	11	0	그렇게 말해줘서 고마워 자기야. 자기가 날 믿어주는 게 이렇게 큰 힘이 될 줄 몰랐어. 부모님이 상처를 주시려고 한 행동이 아니란 걸 알면서도 힘들었는데 자기 덕분에 다 풀렸어.	N	2022-10-10 07:22:15	2022-10-10 07:22:15
BE22026402	12	1	내가 도움이 된 거 같아서 정말 다행이야. 나도 자기가 상처받지 않고 자신감 있게 앞으로 나아가는 걸 최우선으로 바란다는 걸 잊지 마!	N	2022-10-10 07:22:15	2022-11-08 06:11:58
BE22026402	13	0	응 그럴게. 힘들 때마다 자기가 해준 말 떠올리며 힘낼 수 있을 거 같아. 정말 고마워.	N	2022-10-10 07:22:15	2022-10-10 07:22:15
BE22026402	14	1	나도 항상 고마운 마음이야. 내가 옆에서 힘이 되어줄 거니까 파이팅 하자!	N	2022-10-10 07:22:15	2022-10-10 07:22:15
BE22026402	15	0	응. 그러자! 많이 고맙고 사랑해.	Y	2022-10-10 07:22:15	2022-11-08 06:11:58
