id	utterance_id	utterance_type	utterance_text	terminate	regDate	updDate
BE22023763	1	0	자기야 ,나 화장 전후가 그렇게 많이 달라? 오늘 충격적인 얘기를 들어서 상처받았어.	N	2022-10-03 14:03:02	2022-11-08 05:56:20
BE22023763	2	1	갑자기 화장 얘기는 왜 물어보는 거야? 무슨 일이길래 그래?	N	2022-10-03 14:03:02	2022-10-03 14:03:02
BE22023763	3	0	아침에 출근하면서 회사 동기 발견해서 인사했더니 나를 못 알아 보는 거야. 그러더니 화장을 안 해서 못 알아 봤대. 지각할까 봐 오늘 민낯으로 나오긴 했지만 못 알아볼 정도라니 너무 상처받았어.	N	2022-10-03 14:03:02	2022-11-08 05:56:20
BE22023763	4	1	나는 자기 화장 전후 얼굴을 자주 보니까 별 차이 못 느끼겠던데? 회사 직원들은 자기 한정적인 모습만 보니까 그런 걸 테니 너무 상처 받지 마. 그래도 그런 말을 들어서 종일 기분은 안 좋겠다.	N	2022-10-03 14:03:02	2022-11-08 05:56:20
BE22023763	5	0	화장을 지워도 기본적인 생김새는 알 수 있을 법한데 전혀 못 알아보니 충격이었어. 나도 평소에 화장한 내 얼굴이 더 낫다고 생각은 했어. 하지만 자기를 비롯해서 친구들도 이미지만 변신했지 차이 많이 안 난다고 했단 말이야.	N	2022-10-03 14:03:02	2022-10-03 14:03:02
BE22023763	6	1	다른 사람의 평가에 너무 민감할 필요는 없어. 어차피 화장 자체가 더 돋보이려고 하는 거잖아. 난 자기가 그만큼 원하는 이미지로 화장을 잘해서 못 알아본 거로 생각이 드는데?	N	2022-10-03 14:03:02	2022-11-08 05:56:20
BE22023763	7	0	그래도 난 평소에 화장 안 한 내 민낯도 자신 있었단 말이야. 못 알아봤다는 그 말이 내 민낯이 별로라 나를 부정 당하는 느낌으로 다가와서 상처가 됐어.	N	2022-10-03 14:03:02	2022-10-03 14:03:02
BE22023763	8	1	화장 지운 얼굴과 한 얼굴이 다르다는 거지, 민낯이 별로라는 뜻은 아니잖아. 친구 여자친구는 키우는 강아지가 자신의 화장한 모습 처음 봤을 때 못 알아봤대. 그 강아지가 화장 여부에 따른 외모 우위를 따져서 그런 걸까?	N	2022-10-03 14:03:02	2022-11-08 05:56:20
BE22023763	9	0	아무리 그래도 화장 지우면 날 못 알아봤다는 일이 계속 상처로 남을 거 같아. 화장한 내 얼굴을 보며 대하는 사람들은 내 모습이 아니라 다른 나로 인식하는 거잖아.	N	2022-10-03 14:03:02	2022-10-03 14:03:02
BE22023763	10	1	사람들은 화장 안 한 얼굴을 몰랐을 뿐이지 자기 자체를 몰라주는 게 아니잖아. 화장 전과 후의 모습은 자기를 어필하는 여러 매력이라 생각해 봐. 자기가 어떤 모습이든 다 자신에게서 나오는 여러 가지 네 모습이란 걸 잊지 않았으면 좋겠어.	N	2022-10-03 14:03:02	2022-11-08 05:56:20
BE22023763	11	0	나의 여러 가지 매력이라고? 화장을 하든 지우든 다 내 매력의 일부분이라는 거지? 자기가 그렇게 말해주니까 기분이 조금 나아진다.	N	2022-10-03 14:03:02	2022-11-08 05:56:20
BE22023763	12	1	사람에게 팔색조 같다는 말을 하듯이, 화장은 너의 매력을 보여주는 도구 중에 하나라고 생각해. 물론 화장하지 않은 민낯도 네 매력의 일부이고. 난 자기의 모든 모습이 사랑스러운데, 빨리 마음의 상처가 치유됐으면 좋겠어.	N	2022-10-03 14:03:02	2022-11-08 05:56:20
BE22023763	13	0	자기 덕분에 오늘 상처받은 일이 나아지는 거 같아. 이제 화장 지워서 사람들이 못 알아보면 또 다른 내 매력을 보고 있구나 생각하려고.	N	2022-10-03 14:03:02	2022-11-08 05:56:20
BE22023763	14	1	역시 우리 자기는 현명해. 오늘 퇴근하면 만나서 맛있는 거 먹자.	N	2022-10-03 14:03:02	2022-10-03 14:03:02
BE22023763	15	0	응, 내 기분을 풀어줘서 고마워. 오늘은 내가 맛있는 거 살게!	Y	2022-10-03 14:03:02	2022-10-03 14:03:02
