id	utterance_id	utterance_type	utterance_text	terminate	regDate	updDate
BE22018292	1	0	자기야, 나 고등어 알레르기가 있는 거 알지? 그런데 어제 어머니가 저녁 식탁에 고등어국을 내놓으셨더라고.	N	2022-09-15 03:30:56	2022-09-15 03:30:56
BE22018292	2	1	그래? 자기 고등학교 때 고등어조림이 묻은 반찬을 먹었다가 알레르기 반응이 와서 응급실에 갔다며. 그때 생각이 나서 꺼림칙했겠다.	N	2022-09-15 03:30:56	2022-11-08 05:20:39
BE22018292	3	0	고등어 냄새만 맡았는데도 목구멍부터 간지러움이 스멀스멀 올라와 온몸으로 퍼지는 느낌이었어. 고등학교 때 몸이 부어오르고 숨쉬기 힘들었던 기억이 떠오르면서, 숨까지 거칠어지더라. 결국 밥을 안 먹고 방으로 들어왔는데, 굳이 고등어국을 끓이셔야 했나 싶어 엄마에게 상처받았어.	N	2022-09-15 03:30:56	2022-11-08 05:20:39
BE22018292	4	1	자기 마음 충분히 이해해. 배려받지 못한 느낌에 서럽고 어머니가 원망스럽기도 했겠다. 그런 당신 마음을 어머니께 이야기는 해 봤어?	N	2022-09-15 03:30:56	2022-11-08 05:20:39
BE22018292	5	0	나 없을 때 고등어국을 끓이지, 꼭 지금 끓여야 했냐고 투정을 부렸지. 그랬더니 엄마는 너무도 태연히, 반찬을 따로 덜어 먹으면 될 것 같아서 그러셨다는 거야. 나는 고등어 냄새만 맡아도 그때 기억으로 힘든데, 엄마는 그걸 조금도 몰라주는 것 같아 야속했어.	N	2022-09-15 03:30:56	2022-11-08 05:20:39
BE22018292	6	1	자기는 생명의 위협까지 느낀 알레르기를, 어머니는 아무렇지 않게 생각하시는 것 같아 속상했겠다. 그런데 알레르기가 없는 사람들은 알레르기 있는 사람들의 심정을 너무도 모르더라. 나도 복숭아를 먹고 알레르기 반응이 왔었는데, 아빠가 일 년 뒤에 복숭아를 먹어보라고 권하시더라고.	N	2022-09-15 03:30:56	2022-11-08 05:20:39
BE22018292	7	0	나도, 어제 엄마가 이제 알레르기가 없어졌을지도 모르니 국을 살짝 맛보라고 하셔서 얼마나 황당했는지 몰라. 나는 또 예전처럼 힘든 경험을 할까 봐 벌벌 떠는데. 엄마는 내가 고통받든 말든 신경 쓰지 않으시는 것 같아, 서운하고 서럽더라.	N	2022-09-15 03:30:56	2022-11-08 05:20:39
BE22018292	8	1	섭섭하고 속상한 마음은 이해해. 하지만 어머니는 자기가 응급실 갈 때 여행 중이셨으니, 자기가 얼마나 고통스러웠는지 모르실 수 있어. 어머니가 그 고통의 깊이를 미처 가늠하지 못하시는 걸 테니, 너무 섭섭하게 생각은 마.	N	2022-09-15 03:30:56	2022-11-08 05:20:39
BE22018292	9	0	하지만 내가 나중에 엄마께 몇 번이나 그때 겪은 고통에 관해 설명했는걸. 고등어 알레르기로 온몸이 퉁퉁 붓고 호흡 곤란까지 왔다고. 그 말을 들으시고도 내게 고등어국을 권하시는 건 너무 상처가 돼.	N	2022-09-15 03:30:56	2022-11-08 05:20:39
BE22018292	10	1	어쩌면 자기가 성장하면서 생긴 알레르기라, 어머니는 그걸 받아들이지 못하신 걸 수도 있어. 우리 아빠도 어릴 적엔 복숭아를 잘 먹었는데 갑자기 왜 그러냐고 하시더라고. 자기의 상처 받은 마음은 알지만, 어머니가 알레르기에 대해 잘 모르시나 보다, 생각해.	N	2022-09-15 03:30:56	2022-11-08 05:20:39
BE22018292	11	0	나도 사실 내가 겪기 전에는, 알레르기가 후천적으로도 생길 수 있다는 걸 몰랐어. 그럼 엄마는 나에게 알레르기가 생겼다가 없어질 수도 있다고 생각하시는 걸까? 아무리 그렇게 생각하신대도, 내가 위험에 처할 수도 있는데 고등어국을 먹어보라는 건 너무하잖아.	N	2022-09-15 03:30:56	2022-09-15 03:30:56
BE22018292	12	1	자기는 알레르기에 대한 두려움에 휩싸여 있으니, 그런 말 한마디에도 예민해질 수밖에 없지. 그런데 어머니는 어쩌면 아들 입에 맛있는 걸 먹이고 싶다는 생각이 너무 강하셨을 거야. 맛있는 고등어국을 먹이지 못한다는 안타까움에 그런 말씀도 하셨을 테니, 그만 마음 풀어.	N	2022-09-15 03:30:56	2022-11-08 05:20:39
BE22018292	13	0	생각해 보니 어린 시절에 내가 고등어를 꽤 잘 먹긴 했거든. 엄마에겐 그 기억이 아직도 강렬히 남아 있는 거겠지. 맛있고 몸에 좋은 건 죄다 내 입에 넣어주고 싶어 하시니, 그렇게 무리한 말씀까지 하셨나 봐.	N	2022-09-15 03:30:56	2022-11-08 05:20:39
BE22018292	14	1	맞아. 다 자기를 위한 어머니의 사랑에서 비롯된 일이라고 생각하는 게 마음 편할 거야. 그리고 나중에 시간 되면 자기 엄마께 자기 알레르기에 대해 자세히 말씀드려 줘.	N	2022-09-15 03:30:56	2022-11-08 05:20:39
BE22018292	15	0	응, 그렇게 할게. 자기와 이야기 나누기를 정말 잘했다. 내 상처받은 마음을 위로해 주고 풀어 주어서 정말 고마워.	Y	2022-09-15 03:30:56	2022-11-08 05:20:39
