id	utterance_id	utterance_type	utterance_text	terminate	regDate	updDate
BE22027008	1	0	자기야, 나 결국 퇴사를 했어. 사람들과 어울리지 못해서 퇴사한 거라 상처가 커.	N	2022-10-11 10:58:40	2022-11-08 06:15:33
BE22027008	2	1	자기가 어떤 선택을 하든 난 존중해. 너무 힘들다면 조금은 피해도 괜찮아. 그동안 자기가 힘든데도 감수하고 일했기에, 나도 마음이 많이 쓰였었어.	N	2022-10-11 10:58:40	2022-11-08 06:15:33
BE22027008	3	0	첫 직장이라, 기대하는 마음이 컸었기에 상처도 더 커. 난 잘 해낼 줄 알았는데, 사람들과의 관계로 인해 그만두게 될 줄 몰랐어. 이런 이유로 그만둔 거라 너무 속상하고 눈물이 난다.	N	2022-10-11 10:58:40	2022-11-08 06:15:33
BE22027008	4	1	나였어도 그 환경이었으면 다니기 힘들었을 거야. 그곳 사람들은 이미 자기들끼리 친하게 뭉쳐있었잖아. 자기를 끼워주지 않았으니 자기가 힘든 건 당연해.	N	2022-10-11 10:58:40	2022-11-08 06:15:33
BE22027008	5	0	매일 밥을 혼자 먹으면서 소외감을 너무 많이 느꼈어. 쓸쓸하고, 외로웠어. 사람들과 어울리지 못하는 날 보며 자존감도 떨어지고 자괴감도 들었기에 더 큰 상처였어.	N	2022-10-11 10:58:40	2022-10-11 10:58:40
BE22027008	6	1	난 자기가 충분히 잘 해냈다고 생각해. 그곳에서는 어울리지 못했더라도, 다른 곳에 입사하면 분명 사람들과 더 잘 지낼 거야. 그리고 자기에게는 자기를 가장 사랑하고 믿어주는 나도 있으니 기운 내길 바라.	N	2022-10-11 10:58:40	2022-11-08 06:15:33
BE22027008	7	0	퇴사를 하면 속 시원할 줄 알았어. 그런데 그동안 받은 상처 때문에 너무 서러워. 그리고 결국 피하고 그만둔 건 나 뿐이니까, 내가 실패자가 된 기분이야.	N	2022-10-11 10:58:40	2022-11-08 06:15:33
BE22027008	8	1	그런 생각 가질 것 없어. 당당한 마음을 갖고 자신감을 갖길 바라. 자기는 오히려 속 시원하게 좋은 선택을 한 거고, 긍정적으로 받아들인다면 상처도 차차 아물 거라 생각해.	N	2022-10-11 10:58:40	2022-11-08 06:15:33
BE22027008	9	0	새로 이직할 회사를 준비하지 않고 한 퇴사라 더 막막해. 내가 사람들과 잘 못 지내서 퇴사한 걸 알면 주변에서도 날 비웃을 거야. 모든 게 내 책임이라는 생각에 상처가 더 크게 느껴져.	N	2022-10-11 10:58:40	2022-11-08 06:15:33
BE22027008	10	1	나는 자기의 문제가 아니라 그 회사의 문제였다고 생각해. 성실하고, 책임감 있는 자기이기에, 사람들도 결코 자기의 탓이라 생각하진 않을 거야. 자기는 내가 아는 그 누구보다 착하고 성격도 좋은걸.	N	2022-10-11 10:58:40	2022-11-08 06:15:33
BE22027008	11	0	그렇게 말해주니 마음이 좀 편안하다. 내 문제가 아니라고 말해줘서 고마워. 퇴사를 했지만 상처가 너무 컸었는데, 지금은 좀 괜찮아진 것 같아.	N	2022-10-11 10:58:40	2022-11-08 06:15:33
BE22027008	12	1	내가 자기에게 도움이 돼서 참 다행이다. 언제든 힘든 일 있으면 내게 기대도 돼. 자기가 상처받은 걸 보면 나도 너무 마음이 아파.	N	2022-10-11 10:58:40	2022-11-08 06:15:33
BE22027008	13	0	내 일을 자신의 일처럼 여겨줘서 고마워. 자기가 있기에 내가 견딜 수 있어. 항상 고맙고 사랑해.	N	2022-10-11 10:58:40	2022-11-08 06:15:33
BE22027008	14	1	나도 세상에서 가장 사랑해. 언제나 자기에겐 든든한 편이 돼 줄게. 오늘도 기운 내고 힘내자 우리.	Y	2022-10-11 10:58:40	2022-11-08 06:15:33
