id	utterance_id	utterance_type	utterance_text	terminate	regDate	updDate
BE22027338	1	0	기분 좋게 친구 생일파티에 갔다가 상처만 받고 돌아왔네. 너무 억울하고 너무 충격을 받았어. 자기 지금 연락 가능해?	N	2022-10-12 03:23:24	2022-10-12 03:23:24
BE22027338	2	1	즐거운 마음으로 놀러 가더니 안 좋은 일이라도 있었어? 기분이 너무 안 좋게 느껴져서 걱정이 되네. 무슨 일인지 얘기해 봐.	N	2022-10-12 03:23:24	2022-11-08 06:17:32
BE22027338	3	0	친한 친구들 5명이 모여서 친구 생일파티를 했어. 그런데 갑자기 생일선물 하나가 없어졌다고 하면서 나를 의심하는 거야. 내가 그 선물이 제일 예쁘다고 얘기를 했다는 이유로 날 의심하는데 너무나 상처를 받았어.	N	2022-10-12 03:23:24	2022-10-12 03:23:24
BE22027338	4	1	정말? 자기 너무 마음이 안 좋았겠어, 혼자 얼마나 마음고생을 했을까. 자기가 어떤 기분이 들었을지 생각하니 내가 다 화가 나려고 하네. 뭐라고 자기의 상처 입은 마음을 달래줘야 할지 마음이 아프네.	N	2022-10-12 03:23:24	2022-11-08 06:17:32
BE22027338	5	0	생일 주인공인 친구가 그런 말을 하니 기다렸다는 듯 몰아가는 거야. 난 아니라고 억울하다고 얘기를 하는데도 내 말을 믿어주지 않아. 진짜 친한 친구들에게 그런 상처를 받으니 마음이 너무 아프고 절망적이더라.	N	2022-10-12 03:23:24	2022-10-12 03:23:24
BE22027338	6	1	나였으면 억울해서 엄청 화를 내면서 따지고 나왔을 텐데 자기는 너무 착한 거 같아. 그런 친구들 때문에 자기가 너무 상처받거나 속상해하지는 않았으면 좋겠어. 진정한 친구라면 의심부터 하지 않고 선물을 찾았을 텐데 그저 안타깝네.	N	2022-10-12 03:23:24	2022-11-08 06:17:32
BE22027338	7	0	맞아, 나 혼자 너무 억울해서 누명을 벗으려고 선물을 엄청 찾았거든. 결국 찾았잖아? 나에게 미안하다며 사과를 하는데 이미 마음의 상처를 받아서 그런지 사과도 받기 싫더라고. 내가 이 친구들이랑 전처럼 사이좋게 지낼 수 있을까?	N	2022-10-12 03:23:24	2022-10-12 03:23:24
BE22027338	8	1	왜 안 그러겠어, 다른 누군가가 이런 일을 겪었다면 다 자기와 같은 생각을 했을 거야. 그저 하루라도 빨리 이 상처와 안 좋은 기억을 지울 수 있기를 바랄 뿐이야. 이럴 때일수록 굳게 마음을 먹고 모든 걸 잊어내고자 한다면 조금은 나아질 수 있을 거야.	N	2022-10-12 03:23:24	2022-11-08 06:17:32
BE22027338	9	0	내가 정말 그럴 수 있을까? 친구들과의 사이가 틀어지는 건 싫은데 또 전으로 돌아갈 수 있을지 자신도 없어. 아직 마음이 아프고 상처가 가슴 깊이 자리 잡고 있는 기분이거든.	N	2022-10-12 03:23:24	2022-10-12 03:23:24
BE22027338	10	1	물론 당장의 상처가 치유되려면 오랜 시간이 걸릴 거 같아. 지금은 자기만 생각하고 자기의 생각을 잘 고민해 보면 좋을 거 같아. 마음이 정리가 된 후에 상처를 치유하고자 노력하면 꼭 괜찮아질 거라 믿어.	N	2022-10-12 03:23:24	2022-11-08 06:17:32
BE22027338	11	0	자기라도 이렇게 얘기를 해주니 조금은 마음이 놓이는 기분이야. 아까까지는 정말 자신이 없었는데 지금은 많은 용기도 생겼어. 자기 덕분에 마음이 정말 든든하고 큰 힘을 얻었어.	N	2022-10-12 03:23:24	2022-11-08 06:17:32
BE22027338	12	1	이렇게나마 도움이 될 수 있어서 그저 다행이란 생각이 드네. 하루빨리 이겨내서 예전처럼 밝은 모습으로 지내는 자기를 볼 수 있었으면 좋겠어. 난 늘 자기 편이니까 내 응원에 힘을 얻어서 항상 힘냈으면 해!	N	2022-10-12 03:23:24	2022-11-08 06:17:32
BE22027338	13	0	본인의 생일선물이 없어졌다며 날 의심해서 정말 큰 상처를 받았고 어디다 하소연을 해야 할지를 모르겠더라. 자기가 제일 먼저 생각나서 자기에게 얘기를 한 건데 그러길 잘했단 생각이 들어. 정말이지 답답했던 마음이 많이 해소가 됐고 기분도 많이 나아졌어.	N	2022-10-12 03:23:24	2022-11-08 06:17:32
BE22027338	14	1	상처와 슬픈 일은 누군가와 나누면 반이 된다고 하잖아. 언제든 지금처럼 마음 답답한 일이 생기면 고민하지 말고 나한테 얘기해. 이렇게 이겨낼 힘을 얻어야 조금이라도 이겨내기가 쉬워지는 거 같아.	N	2022-10-12 03:23:24	2022-11-08 06:17:32
BE22027338	15	0	응, 오늘 너무 고마웠어! 자기도 바쁠 텐데 내 하소연을 들어줘서 너무 고생 많았어. 오늘 일을 자기의 조언대로 금방 떨쳐버리고 홀가분한 마음으로 자기랑 만날 수 있도록 열심히 이겨낼게.	Y	2022-10-12 03:23:24	2022-10-12 03:23:24
