id	utterance_id	utterance_type	utterance_text	terminate	regDate	updDate
BE22027171	1	0	자기야. 나 오늘 동생이랑 대화를 하는데 마음이 너무 아프더라. 내 마음에 상처가 난 것 같아.	N	2022-10-11 15:16:48	2022-10-11 15:16:48
BE22027171	2	1	동생이랑 무슨일이 있었어? 왜 이렇게 기분이 안좋은거야.	N	2022-10-11 15:16:48	2022-11-08 06:16:31
BE22027171	3	0	내 동생이 이번에 교원임용에 합격했어. 사실 나도 어릴 때 꿈이 선생님이었거든. 그런데 집안 경제사정이 좋지 않아 난 바로 취업을 했던 때를 떠올리니 마음에 상처가 되더라고.	N	2022-10-11 15:16:48	2022-10-11 15:16:48
BE22027171	4	1	집안 형편 때문에 자기의 꿈을 포기해야했구나. 자기와 달리 꿈을 이룬 동생을 보고 마음에 상처를 받았겠네.	N	2022-10-11 15:16:48	2022-11-08 06:16:31
BE22027171	5	0	응. 당연히 축하는 해주었는데 내 모습과 비교를 하니 내가 너무 불쌍해 보이더라고. 그래서 마음에 상처를 입은 것 같아.	N	2022-10-11 15:16:48	2022-11-08 06:16:31
BE22027171	6	1	과거의 기억 때문에 상처입은 자기 마음은 충분히 이해가 돼. 그렇지만 스스로를 낮게 평가하면서 상처받지 말았으면 좋겠어. 자기의 지금 모습도 충분히 멋지니까 자신감을 가져도 돼.	N	2022-10-11 15:16:48	2022-11-08 06:16:31
BE22027171	7	0	항상 마음 한켠에 그 때의 기억이 상처로 남아있었어. 그런데 오늘 동생의 임용 합격 소식을 듣고 나니 그 상처가 다시 곪은 느낌이더라고.	N	2022-10-11 15:16:48	2022-11-08 06:16:31
BE22027171	8	1	자기가 받은 상처가 굉장히 깊어보여 안쓰러워. 아픈 기억 때문에 괴롭겠지만 그로 인해 더 힘들어지기 전에 상처를 털어버리고 잊으려 노력해 봐.	N	2022-10-11 15:16:48	2022-11-08 06:16:31
BE22027171	9	0	내가 이 집안의 막내로 태어났더라면 나도 꿈을 이룰 수 있었을까? 내가 첫째라 이런 희생을 했다고 생각하면 억울하기도 하고 상처가 깊어지는 것 같아.	N	2022-10-11 15:16:48	2022-10-11 15:16:48
BE22027171	10	1	그 때의 자기가 희생이 아닌 스스로의 선택으로 새로운 인생을 살게 되었다고 생각해보는건 어때? 그 때 꿈을 포기했다고 해서 지금의 자기 인생이 불만족스러운건 아니잖아. 오히려 더 멋진 삶을 살고 있는 자기잖아.	N	2022-10-11 15:16:48	2022-11-08 06:16:31
BE22027171	11	0	그렇게 생각하니 상처가 아물어지는 것 같네. 이제껏 내가 희생했다고만 생각했는데 나의 선택이라고 생각하면 관점이 달라지는 것 같다.	N	2022-10-11 15:16:48	2022-11-08 06:16:31
BE22027171	12	1	지금의 자기의 삶도 굉장히 행복하잖아. 모두가 어릴 때 꿈을 이루고 사는 건 아니니까 더 이상 그걸로 인해 상처받지 마.	N	2022-10-11 15:16:48	2022-11-08 06:16:31
BE22027171	13	0	응. 자기가 그렇게 말해주니까 지금의 내 모습에 자신감도 생기는 것 같아. 상처를 잊어버리고 전보다 더 당당하게 잘 살 수 있을 것 같다.	N	2022-10-11 15:16:48	2022-11-08 06:16:31
BE22027171	14	1	그래. 자기는 당당함이 매력이잖아. 그 매력 잃지 말고 자기만의 삶을 멋지게 살아가길 바랄게.	N	2022-10-11 15:16:48	2022-11-08 06:16:32
BE22027171	15	0	정말 고마워. 자기 덕분에 이제 더 이상 과거에 얽매어 상처받는 일은 없을 것 같다.	Y	2022-10-11 15:16:48	2022-10-11 15:16:48
