id	utterance_id	utterance_type	utterance_text	terminate	regDate	updDate
BE22026361	1	0	자기야, 나 오랜만에 할아버지 집에 놀러 와서 어깨를 안마 해드리고 있어. 요즘 근육통으로 힘들어하신다는 데 그것도 모르고 있었네. 너무나도 말라버린 할아버지 어깨를 주무르면서 무심했던 내가 미워서 상처가 깊어져.	N	2022-10-10 05:19:36	2022-11-08 06:11:44
BE22026361	2	1	자기 많이 속상하겠다, 그래도 자기의 잘못이 아니잖아. 할아버지께 관심을 못 쓴 게 슬프긴 해도 그 일로 자책하지 않았으면 해. 그럴수록 힘들어지는 게 자기일까 봐 걱정이 되는 마음이야.	N	2022-10-10 05:19:36	2022-11-08 06:11:44
BE22026361	3	0	할아버지께서 정말 풍채가 좋으셨어, 어릴 때는 매일 목말을 태워주실 정도였거든. 너무 많이 말라버리고 약해진 모습을 보니까 그동안 너무 무심했다는 생각이 들었지. 항상 할아버지는 내 걱정을 해주시는데 난 나만 아는 이기적인 사람이었다는 생각이 들어서 상처가 깊어져.	N	2022-10-10 05:19:36	2022-11-08 06:11:44
BE22026361	4	1	그럴 수도 있는 것이지, 할아버지도 다 이해해 주실 거야. 할아버지는 자기가 행복하기를 바라는 분이시지 본인으로 괴로워하기를 바라지 않으실 거야. 그러니 너무 괴로워하지 않았으면 해.	N	2022-10-10 05:19:36	2022-11-08 06:11:44
BE22026361	5	0	할아버지께서 어릴 때부터 나를 키워 주셨거든. 그래서 부모님처럼 생각하는데 결국은 난 그냥 말만 하는 사람일 뿐이었어. 괴로운 마음에 멈출 수 없는 자괴감에 빠져서 상처가 깊어져.	N	2022-10-10 05:19:36	2022-10-10 05:19:36
BE22026361	6	1	자기가 할아버지 일로 힘들어하는 것이 상상돼서 나의 마음이 찢어질 것 같아. 내가 생각하기엔 자기는 충분히 할아버지께 잘하고 있는걸. 너 잘하려고 애쓰는 자기가 이렇게 상처를 받는 게 너무 속상할 뿐이야.	N	2022-10-10 05:19:36	2022-11-08 06:11:44
BE22026361	7	0	정말 오랜만에 할아버지 집에 가서 뵌 것이었어. 매일 나를 보고 싶다고 말씀하시는 할아버지의 말을 무시한 것이나 다름없지. 돌이켜 보면 내가 너무 했다는 생각이 들어서 상처가 깊어지네.	N	2022-10-10 05:19:36	2022-10-10 05:19:36
BE22026361	8	1	요즘 많이 바빴잖아, 사회 초년생이라서 일을 시작한 자기가 얼마나 바쁜지 할아버지도 알고 계실 거야. 지금 자기는 스스로를 너무 괴롭히고 있어서 남자 친구로서 안쓰러운 마음이 들어.	N	2022-10-10 05:19:36	2022-11-08 06:11:44
BE22026361	9	0	스스로에게 마음에 상처를 입고 회복할 길이 없었어, 누가 나를 비난하는 것은 아니었지만 말이야. 그동안 내가 너무 할아버지께 무심했다는 생각이 들어서 내가 싫어졌어. 마음에 상처를 달랠 길이 없어서 자기에게 연락을 하게 된 거야.	N	2022-10-10 05:19:36	2022-10-10 05:19:36
BE22026361	10	1	정말 연락하길 잘했어, 끝까지 내가 몰랐다면 너무 속상했을 거야. 난 언제나 자기가 행복하기 만을 바라는 사람이야. 그래서 자기 혼자 속앓이 하는 게 난 더 고통스러워.	N	2022-10-10 05:19:36	2022-11-08 06:11:44
BE22026361	11	0	고마워, 자기가 나의 상처 받은 마음을 달래주어서 힘이 나. 할아버지께서 나를 원망하는 것이 아니었지만 내 스스로가 나를 용서 못 하겠더라고. 부모님 같은 분을 방치했다는 생각이 들 정도였어.	N	2022-10-10 05:19:36	2022-11-08 06:11:44
BE22026361	12	1	할아버지께서는 자기가 본인을 얼마나 사랑하는지 알고 계실 거야. 내리사랑에 대가가 없다는 것을 자기도 알잖아. 바라만 봐도 행복해지는 자기를 보시는 게 기쁨이실 거야.	N	2022-10-10 05:19:36	2022-11-08 06:11:44
BE22026361	13	0	근육통으로 고생하시는 할아버지의 어깨를 안마해드렸어. 그런데 너무나 말라버린 할아버지라는 것을 알게 되었고 이때까지 내가 한 게 없다는 게 느껴지더라고. 날 원망하는 마음에 상처가 깊었는데 나의 상처를 어루만져 준 자기에게 너무 고마워.	N	2022-10-10 05:19:36	2022-11-08 06:11:44
BE22026361	14	1	내가 한 것이라 곤 자기에게 문자를 보내는 것이 다인걸. 나의 문자로 힘을 받았다니 얼마나 다행인지 모르겠어. 상처받을 일이 아니었는데 너무 괴로워하는 자기라서 안쓰러울 뿐이었어.	N	2022-10-10 05:19:36	2022-11-08 06:11:44
BE22026361	15	0	정말 고마워, 자기의 그런 배려가 나의 상처 받은 마음을 달래주었어. 이제는 나를 괴롭히지 말고 할아버지를 위해서 힘써야지. 마음이 한결 가벼워서 그런지 이 문제를 어떻게 해결할지 생각하게 돼, 자기 덕분이야.	Y	2022-10-10 05:19:36	2022-11-08 06:11:44
