id	utterance_id	utterance_type	utterance_text	terminate	regDate	updDate
BE22026569	1	0	자기야 내가 사회에 필요 없는 사람인 걸까. 취업 준비 시작한 이후로 하루하루 상처받는 나 자신이 너무 마음에 안 들어.	N	2022-10-10 13:36:28	2022-10-10 13:36:28
BE22026569	2	1	자기 요즘 많이 힘들었구나. 항상 긍정적이던 자기가 이렇게 힘들어하니까 나도 너무 마음이 아프다.	N	2022-10-10 13:36:28	2022-11-08 06:12:57
BE22026569	3	0	내가 긍정적이었던 시절이 있었다는 게 지금은 믿기지가 않아. 힘들게 노력해서 지원한 회사들인데 50여 곳이나 나를 받아주지 않는 현실이 괴로워.	N	2022-10-10 13:36:28	2022-10-10 13:36:28
BE22026569	4	1	요즘 취업 시장이 많이 힘들다고 해서 나도 걱정했는데 자기 마음은 어떻겠어. 열심히 준비했는데 세상이 알아주지 않는 느낌이 들면 누구라도 상처받을 거야. 힘든 마음, 상처받은 마음 전부 다 이해돼.	N	2022-10-10 13:36:28	2022-11-08 06:12:57
BE22026569	5	0	응. 나도 예전에 취업 시장 힘들다고 해도 내가 갈 곳은 있을 줄 알았어. 내가 제일 노력했다고 말할 수는 없지만 나름대로 엄청 노력했는데 왜 나를 받아주지 않는 걸까. 노력해도 안 되는 것만큼 비참한 건 없는 거 같아.	N	2022-10-10 13:36:28	2022-10-10 13:36:28
BE22026569	6	1	제3자인 내가 보기에도 자기는 충분히 노력했기 때문에 마음의 상처가 더 클 거 같아. 현실의 벽이 갈수록 높아지는 게 얼마나 큰 부담인지 아니까 다 공감이 돼. 나도 생각해 보면 취업 준비할 때가 인생에서 가장 힘들었던 거 같거든.	N	2022-10-10 13:36:28	2022-10-10 13:36:28
BE22026569	7	0	자기라도 내 심정 알아주니까 다행이야. 내가 아무리 노력해도 나라는 사람 자체가 부족해서 앞으로도 탈락할 것만 같은 부정적인 생각이 들어. 더 이상 상처받고 싶지 않은데 다음에도 탈락한다면 정말 무너질 거 같아.	N	2022-10-10 13:36:28	2022-10-10 13:36:28
BE22026569	8	1	마음이 많이 힘들면 자꾸 부정적인 상황만 떠오르게 되는 건 나도 충분히 이해해. 그런데 세상에 회사는 정말 많고 자기를 필요로 하는 회사도 많은데 아직 못 만났을 뿐이야. 이럴 때일수록 자신을 믿고 격려해 준다면 지금보다 더 성장할 수 있을 거야.	N	2022-10-10 13:36:28	2022-11-08 06:12:57
BE22026569	9	0	나도 자기 말에 동의해. 그런데 회사에서 나를 떨어트린 이유가 있을 거라는 생각이 들어. 떨어진 이유라도 알고 싶은데 이유를 모르니까 자꾸 나를 의심하게 되나 봐.	N	2022-10-10 13:36:28	2022-10-10 13:36:28
BE22026569	10	1	충분히 그럴 수 있다고 생각해. 그렇지만 회사마다 기준이 다른 게 자기가 부족하다는 걸 의미하지 않는 것만 알아줘. 내가 본 자기는 유능하고 충분히 성공할 사람인데 자신을 의심하는 모습을 보면 마음이 아파.	N	2022-10-10 13:36:28	2022-11-08 06:12:57
BE22026569	11	0	내가 성공할 수 있을 거라고 믿어줘서 고마워. 나에겐 그 믿음이 필요했었는데 자기한테 그 말을 들어서 마음이 놓여. 자기 말 믿고 앞으로도 힘내봐야겠어!	N	2022-10-10 13:36:28	2022-10-10 13:36:28
BE22026569	12	1	언제나 믿음이 가장 큰 힘을 가진 거 같아. 내가 자기를 믿게 된 것도 자기의 능력이니까 충분히 자신감을 가져도 좋아!	N	2022-10-10 13:36:28	2022-11-08 06:12:57
BE22026569	13	0	그 말도 정말 힘이 된다. 항상 나에게 필요한 말을 해주며 위로해 주는 자기한테 너무 고마워.	N	2022-10-10 13:36:28	2022-10-10 13:36:28
BE22026569	14	1	나도 마찬가지야. 힘들 때 자기가 해준 위로 덕분에 많이 배우고 성장할 수 있었거든.	N	2022-10-10 13:36:28	2022-11-08 06:12:57
BE22026569	15	0	내가 그런 좋은 사람이었다니 정말 몰랐어. 앞으로도 힘이 되는 여자친구가 되어줄게. 오늘 정말 고마워!	Y	2022-10-10 13:36:28	2022-10-10 13:36:28
