id	utterance_id	utterance_type	utterance_text	terminate	regDate	updDate
BE22024936	1	0	자기야 나 오늘 사주보러 갔다가 정말 끔찍한 소리를 들었어. 어찌나 상처받던지.	N	2022-10-06 12:03:15	2022-10-06 12:03:15
BE22024936	2	1	무슨 소리를 들었는데 그렇게 끔찍한 거야? 걱정되니까 어서 말해줬으면 좋겠어.	N	2022-10-06 12:03:15	2022-11-08 06:03:14
BE22024936	3	0	내 이름의 한자 뜻이 불운을 뜻하는 거래. 이름이 불운을 뜻해서 내가 시험에 자꾸 떨어지는 거래. 어떻게 이럴 수가 있는지 너무 상처야.	N	2022-10-06 12:03:15	2022-10-06 12:03:15
BE22024936	4	1	굉장히 충격적인 이야기네. 이름이 불운을 뜻하는데 여태 모르고 살았다니 자기가 상처받을만 해. 근데 이름은 누가 지어주신 거야?	N	2022-10-06 12:03:15	2022-11-08 06:03:14
BE22024936	5	0	할아버지가 아는 작명소에 가서 지었다고 하는데 정확히는 모르겠어. 어떻게 손녀 이름을 이런 식으로 안 좋게 지어주실 수 있는 건지. 내게 있었던 그 모든 안 좋은 일이 이름 때문일까 싶어서 가슴이 상처로 벌벌 떨려.	N	2022-10-06 12:03:15	2022-10-06 12:03:15
BE22024936	6	1	요 근래에 특히 자기에게 안 좋은 일이 많았었잖아. 시험에 합격하지 못한 건 물론이고 사고 나서 다치고 지갑 도둑 맞고 말이야. 나였어도 그런 이야기를 들었으면 상처받았을 거 같아.	N	2022-10-06 12:03:15	2022-10-06 12:03:15
BE22024936	7	0	그러니까 말이야. 매일 불리는 이름이 불운을 뜻하는 거였으니 내게 좋은 일이 생길 리 없지 않아?	N	2022-10-06 12:03:15	2022-10-06 12:03:15
BE22024936	8	1	자기야, 요즘 개명 절차가 굉장히 간편해졌어. 여차하면 이름을 바꿀 수 있는 방법이 있으니 부디 마음을 진정하기 바랄게. 불운을 뜻하는 이름을 좋은 뜻으로 바꾼다면 앞으로 힘든 일은 없을 지도 몰라.	N	2022-10-06 12:03:15	2022-11-08 06:03:14
BE22024936	9	0	개명하는 사람들 이해가 안 됐는데 이제 정말 이해가 가. 이름을 바꾸면 내 삶이 좀 괜찮아질까?	N	2022-10-06 12:03:15	2022-10-06 12:03:15
BE22024936	10	1	불운을 뜻한다는 말을 들었으니 가만 있기는 찜찜하잖아. 잘 알아보고 할 수 있는 방법을 선택하면 괜찮을 거야. 많이 상처받았을 텐데 마음 잘 다스리면서 나아질 생각만 하는 게 어떨까?	N	2022-10-06 12:03:15	2022-11-08 06:03:14
BE22024936	11	0	그래, 자기 말을 들으니 마음이 조금 진정된다. 다행히 개명 절차가 간편하다고 하니 더 다행이고 말이야. 침착하게 나를 위로해줘서 고마워.	N	2022-10-06 12:03:15	2022-10-06 12:03:15
BE22024936	12	1	아니야, 여태 여러 일로 많이 힘들어했는데 이번에 개명해서 나아질 수만 있다면 내가 더 기쁘겠어. 자기 여태 잘 버텨왔잖아, 조금만 힘을 내자.	N	2022-10-06 12:03:15	2022-11-08 06:03:14
BE22024936	13	0	응, 덕분에 정말 힘이 나. 불운을 뜻하는 이름을 버리고 나면 모든 게 다 잘 될 거란 희망까지 생겨.	N	2022-10-06 12:03:15	2022-10-06 12:03:15
BE22024936	14	1	그게 희망이 아니라 사실이 되는 날이 올 거야. 그때까지 내가 곁에서 함께 할 테니까 걱정하지 마. 알았지?	N	2022-10-06 12:03:15	2022-11-08 06:03:14
BE22024936	15	0	좋아, 힘을 낼게. 이야기 들어줘서 고마워.	Y	2022-10-06 12:03:15	2022-10-06 12:03:15
