id	utterance_id	utterance_type	utterance_text	terminate	regDate	updDate
BE22027770	1	0	진짜 가족이란 내가 어떤 모습이더라도 인정해줘야 하는 게 아닐까? 우리 엄마를 보니 아닌 것 같아. 그게 내게는 너무 상처야.	N	2022-10-12 14:18:31	2022-11-08 06:20:09
BE22027770	2	1	요즘 몸도 안 좋다고 하더니 마음까지 안 좋다고 하니까 내 가슴도 너무 아파.	N	2022-10-12 14:18:31	2022-11-08 06:20:09
BE22027770	3	0	진정 스스로를 위하는 건 나밖에 없는 것 같아. 아무리 가족이라도 다들 자기 입장이 제일 중요한가 봐. 우리 엄마에게 난 부족한 딸인 것 같아, 그게 너무 상처가 돼.	N	2022-10-12 14:18:31	2022-11-08 06:20:09
BE22027770	4	1	무언가 어머님께 서운한 일이 있었나 보다. 혼자 앓지 말고 내게 말해줄래?	N	2022-10-12 14:18:31	2022-11-08 06:20:09
BE22027770	5	0	스트레스로 몸은 여기저기 원인 모를 통증이 오고, 막막한 마음에 요즘 집에서 자주 울었어. 그런데 엄마가 내 우는 모습을 보기 싫어해. 누구나 부정적인 감정에 영향을 받기 싫어하겠지만 엄마가 그런 반응이라 너무 상처받았어.	N	2022-10-12 14:18:31	2022-10-12 14:18:31
BE22027770	6	1	자기가 요즘 스트레스가 심해 보여 나도 걱정이 많았어. 몸이 아프니 마음도 쉽게 다치는 것 같아서 더욱 안타까워.	N	2022-10-12 14:18:31	2022-10-12 14:18:31
BE22027770	7	0	내가 이렇게 몸도 마음도 아픈데, 엄마는 어떻게 그 꼴이 보기 싫다고 외면할 수가 있어? 내가 긍정적이고 생기 있을 때에만 엄마 딸인가 싶어서 서러움에 마음이 아파.	N	2022-10-12 14:18:31	2022-11-08 06:20:09
BE22027770	8	1	가족의 위로가 충분치 않았다니 너무 유감스러워, 그렇지만 어머니도 딸이 아픈걸 보기 힘드셨던 건 아닐까? 보기 싫은 게 아니라 차마 마음이 아파 마주하지 못 하신 건 아닐까 싶어.	N	2022-10-12 14:18:31	2022-11-08 06:20:09
BE22027770	9	0	그렇다고 해도, 내가 이렇게 기댈 곳이 필요한데 엄마가 내게 그래선 안 됐다고 생각해. 아무리 좋게 생각해보려 해도 받아들이기 힘들어.	N	2022-10-12 14:18:31	2022-11-08 06:20:09
BE22027770	10	1	그래, 지금은 몸도 아프고 마음도 예민하고 받아들이지 못할 수도 있지,억지로 마음을 돌리라고 말하고 싶지 않아. 다만 내게는 부정적인 감정을 언제든 내비쳐도 괜찮다고 말하고 싶어. 그 말과 행동으로 지치거나 자기를 떠나지 않을 테니 언제든 내게 의지해줬으면 좋겠어.	N	2022-10-12 14:18:31	2022-11-08 06:20:09
BE22027770	11	0	내가 원했던 위로는 바로 그런 건데, 자기가 그 마음을 알아주니 눈물이 날 것 같아. 있는 그대로 날 받아들인다고 하니 상처받은 마음이 치유된 것 같아.	N	2022-10-12 14:18:31	2022-11-08 06:20:09
BE22027770	12	1	자긴 내게 사랑스러운 여자친구지만, 어머님에게도 소중한 딸이야. 어머님도 분명 같은 마음일 거야.	N	2022-10-12 14:18:31	2022-11-08 06:20:09
BE22027770	13	0	비록 엄마는 내가 원하는 위로를 주지 못했지만, 자기의 문자는 내게 큰 울림을 줬어. 통증을 극복하기 위해 노력을 멈추지 않고 해볼 거야.	N	2022-10-12 14:18:31	2022-11-08 06:20:09
BE22027770	14	1	내 진심이 자기 마음에 닿았다니 다행이야.	Y	2022-10-12 14:18:31	2022-11-08 06:20:09
