id	utterance_id	utterance_type	utterance_text	terminate	regDate	updDate
BE22025847	1	0	나 정말 너무 상처 받았어. 지금 내 마음은 어떤 말로도 위로가 안 될 것 같아. 소중한 친구의 결혼인데 이런 일로 얼굴을 붉히고 마음 상하게 될 줄이야.	N	2022-10-08 20:05:44	2022-10-08 20:05:44
BE22025847	2	1	자기야, 무슨 일이라도 있었어? 친구 결혼을 축하하러 가는 자리라고, 굉장히 기뻐했잖아.	N	2022-10-08 20:05:44	2022-10-08 20:05:44
BE22025847	3	0	사실 지금 결혼한다는 친구가 다른 친구들에 비해서 결혼을 일찍하는 편이거든. 우리는 경제적으로 자리도 못 잡았는데 축의금 얘기하다가 상처받는 얘길 들었어. 친한 사이에 왜 그것밖에 안 하냐는 식으로 날 비난하더라고.	N	2022-10-08 20:05:44	2022-11-08 06:08:40
BE22025847	4	1	아무리 친한 사이여도 금전적인 부분은 예민한 문제인데, 정말 상처받았겠다. 각자 형편이 다르니, 거액의 축의금을 낼 수 없는 사람도 있을텐데 말이야.	N	2022-10-08 20:05:44	2022-11-08 06:08:40
BE22025847	5	0	나도 이제 겨우 취업해서 입에 풀칠하기 시작했는데, 친한 사이라면 30만원 이상은 해야하지 않겠냐고 하더라. 그 정도 금액은 아직 나한텐 너무 버거워. 한 달 월세 수준인데.	N	2022-10-08 20:05:44	2022-10-08 20:05:44
BE22025847	6	1	각자의 경제적인 형편이 다를 수 있다는 걸 왜 이해하지 못하는 걸까? 너는 소중하게 생각하는 친구 축하하러 나갔을 뿐인데, 정말 상처가 크겠다. 경제적으로도 부담되고, 친구와의 관계도 부담됐겠어.	N	2022-10-08 20:05:44	2022-11-08 06:08:40
BE22025847	7	0	솔직히 허리띠 졸라매면 그 정도 축의금 낼 수는 있어. 그런데 금액 자체보다도 친구가 날 대하는 태도에 더 큰 상처를 받았어. 그 정도 금액도 내지 못하는 짠순이 취급을 받은 것 같아서 정말 속상해.	N	2022-10-08 20:05:44	2022-10-08 20:05:44
BE22025847	8	1	그 자리에 너만 있던 것도 아니고 다른 친구들도 오랜만에 축하해주러 모였을텐데, 정말 상처가 컸겠다. 여러 명 앞에서 그런 얘기를 들었으니 얼마나 민망하고 힘들었겠어.	N	2022-10-08 20:05:44	2022-11-08 06:08:40
BE22025847	9	0	오랜 기간 알고 지내면서 스스럼 없이 대하는 사이라서 그런 말을 한 걸까? 친한 정도와 축의금 금액의 정도가 반드시 비례하는 것도 아니잖아. 난 마음이면 충분하다고 생각했는데, 지금 이런 저런 생각들로 머리가 너무 복잡해.	N	2022-10-08 20:05:44	2022-10-08 20:05:44
BE22025847	10	1	나도 자기 의견에 전적으로 동의해. 축의금을 적게 내더라도 네 마음의 절대적인 크기가 작은 건 절대 아니잖아. 너무 그 친구의 부정적인 말에만 몰두하지 말았으면 좋겠어.	N	2022-10-08 20:05:44	2022-11-08 06:08:40
BE22025847	11	0	나도 정말 그러고 싶다. 모임도 제대로 마무리 못하고 가서 굉장히 찝찝한 기분이야.	N	2022-10-08 20:05:44	2022-10-08 20:05:44
BE22025847	12	1	마음을 조금 가볍게 먹어보는 건 어떨까? 어차피 축의금 봉투 안을 일일이 뒤져볼 것도 아닌데, 뭐 어때. 축의금은 네가 하려던 만큼만 하고, 그 친구랑 다툰 건 조금 나중에 해결해도 괜찮을 거야.	N	2022-10-08 20:05:44	2022-10-08 20:05:44
BE22025847	13	0	축의금도 축의금이지만, 그 친구랑 언쟁한 것도 매듭 지어야 하잖아. 지금은 그 친구랑 말도 꺼내고 싶지 않은데 어떡해.	N	2022-10-08 20:05:44	2022-10-08 20:05:44
BE22025847	14	1	시간이 약이라는 말도 있잖아. 지금의 감정이 미래의 감정이 아닐 수도 있으니, 나중에라도 꼭 서로 오해를 풀었으면 좋겠어. 네가 네친구들을 얼마나 소중하게 생각하는지 아니까 잘 해결됐으면 좋겠다.	N	2022-10-08 20:05:44	2022-11-08 06:08:40
BE22025847	15	0	하긴, 서로 감정적으로 나서기만 하면 오히려 사이가 더 멀어질지도 몰라. 지금은 나도, 그 친구도 서로 상처받은 말만 했으니 서로 생각을 정리할 시간이 필요하겠지. 정중하게 경제적인 부분에 대해서는 더 조심스럽게 얘기해달라고 해야겠다.	N	2022-10-08 20:05:44	2022-11-08 06:08:40
BE22025847	16	1	그래, 분명히 그 친구도 널 무시하려는 마음에서 한 말이 아니었을거야. 아무쪼록 이번 일이 잘 해결돼서 친구 결혼 잘 축하해줬으면 좋겠어.	N	2022-10-08 20:05:44	2022-11-08 06:08:40
BE22025847	17	0	그렇게 얘기해주니까 힘이 나네. 그래도 자기랑 이야기하면서 축의금 얼마 내야할지 결정도 하고, 위로도 많이 받았어. 그래, 좋은 날인데 좋게 해결하고 친구 결혼 축하해주면 좋지 뭐.	N	2022-10-08 20:05:44	2022-11-08 06:08:40
BE22025847	18	1	아까보다 많이 나아진 것 같아서 다행인걸? 내 말대로 분명히 이번 일도 잘 해결할 수 있을 거야. 난 언제나 자기편에 서서 응원할게.	Y	2022-10-08 20:05:44	2022-11-08 06:08:40
