id	utterance_id	utterance_type	utterance_text	terminate	regDate	updDate
BE22025872	1	0	자기야, 할아버지가 물려주신 아파트가 경매로 넘어갔어. 할아버지와의 추억 깃든 장소였지만 아버지가 주식으로 지신 빚이 더 이상 감당이 안 됐거든. 내 소중한 것들이 하나 둘 아버지 빚 대신 사라져가는 현실이 너무나도 상처야.	N	2022-10-09 01:26:27	2022-10-09 01:26:27
BE22025872	2	1	아무리 말려도 주식을 끊지 못하고 가족들을 희생시키시는 아버지 때문에 자기가 얼마나 큰 상처를 받아왔을까. 자기의 보물들이 희생될 때마다 자기 가슴에도 상처가 하나씩 쌓여왔을 거야.	N	2022-10-09 01:26:27	2022-11-08 06:08:49
BE22025872	3	0	응, 내 유일한 안식처인 우리 집마저도 이제 위태로운 사정이야. 아버지가 또 돈을 빌리시기 위해 담보로 잡으시려고 온 식구들에게 동의서를 쓰게 하셨거든. 알고는 있었지만 그런 아버지에게서 나에 대한 어떠한 애정도 존중도 찾을 수 없어 가슴이 아팠어.	N	2022-10-09 01:26:27	2022-10-09 01:26:27
BE22025872	4	1	너무 속상해하지 마, 도박 중독은 일종의 지독한 불치병이래. 모든 것을 잃고 나서야 무엇이 소중한 것인지 깨닫게 하는 무서운 병 말이야. 아버지도 분명 언젠가 자신의 과오를 깨달으실 테니, 자기는 그분에게서 벗어나 자유로워지길 바라.	N	2022-10-09 01:26:27	2022-11-08 06:08:49
BE22025872	5	0	그렇지만 언니에게도 돈을 요구하는 아버지의 모습은 내게도 큰 상처를 줬어. 이제 갓 사회 초년생인 언니에게 아버지는 자식이라면 당연히 효도를 해야 한다고 우기셨지. 절망하는 언니도 안타까웠지만, 나도 별반 다르지 않은 미래가 온다는 사실에 비참했어.	N	2022-10-09 01:26:27	2022-11-08 06:08:49
BE22025872	6	1	괜찮아, 그런 미래는 절대 오지 않을 거야. 너도 너희 언니도 오랫동안 힘든 시간들을 견디며 살아온 강한 사람들이야. 둘이서 힘을 모으면 이 절망으로부터 벗어나 자유로운 인생을 살아갈 수 있어.	N	2022-10-09 01:26:27	2022-10-09 01:26:27
BE22025872	7	0	하지만 절망은 이미 내 목 앞까지 도달했는걸. 아버지의 빚을 대신 갚으시다 감당을 하지 못한 어머니가 나한테 적금을 깨달라고 부탁하셨어. 적은 돈이지만 나의 희망이자 미래가 깨지는 건 내가 감당할 수 없는 상처가 돼.	N	2022-10-09 01:26:27	2022-10-09 01:26:27
BE22025872	8	1	어머니를 사랑하기에 어렵겠지만 그 부탁은 거절해. 어머니에게도 가장 소중한 건 자기의 마음일 거야. 언젠가 모든 것이 좋아진 날이 반드시 올테니, 그날까지 희망을 버리지 말아 줘.	N	2022-10-09 01:26:27	2022-11-08 06:08:49
BE22025872	9	0	응, 그래서 대신 할머니의 유품인 금 목걸이를 팔려고 해. 할아버지 집도 잃어버린 지금 내게 남은 것 들 중 가치 있는 건 그것이 유일하니깐. 어쩔 수 없지만 할머니께 너무 죄송하고 이런 내 처지가 상처네.	N	2022-10-09 01:26:27	2022-11-08 06:08:49
BE22025872	10	1	소중한 추억을 포기하는 자기의 심정이 얼마나 참담할지 안타까워. 하지만 너무 자책하지는 마, 할머니도 분명 자기에게 조금이라도 도움이 되고 싶으셨을 거야.	N	2022-10-09 01:26:27	2022-11-08 06:08:49
BE22025872	11	0	자기 말이 옳아, 이대로 상처를 껴안고 절망에 빠져도 무엇 하나 나아지는 건 없을 거야. 그저 그곳에서 뒹굴 뿐이지. 자기가 내게 준 희망 덕분에 마음이 나아지면서 오늘을 버틸 힘이 생겨.	N	2022-10-09 01:26:27	2022-10-09 01:26:27
BE22025872	12	1	내가 아는 누구보다 강한 사람인 자기라면 어떠한 절망과 상처로부터도 다시 일어서리라 믿었어. 앞으로도 힘든 순간이 올지 모르지. 하지만 언제든지 자기가 필요할 때 내가 곁에 있을 거란 사실을 잊지 말아 줘.	N	2022-10-09 01:26:27	2022-11-08 06:08:50
BE22025872	13	0	고마워, 자기의 위로가 나에게 정말 큰 도움이 됐어. 여태까지 또래 친구들처럼 따뜻하고 믿음직스러운 아버지가 없는 내 처지가 너무나 비참했었어. 하지만 그런 내가 누구보다 강하다고 말해주는 자기가 있어 위안이 돼.	N	2022-10-09 01:26:27	2022-10-09 01:26:27
BE22025872	14	1	나야말로 스스로의 힘으로 자신의 길을 걸어나가는 자기를 보며 많은 걸 배워왔어. 내가 사랑하고 존경하는 자기에게 도움이 될 수 있다면 오히려 내가 기쁜 일이야.	Y	2022-10-09 01:26:27	2022-11-08 06:08:50
