id	utterance_id	utterance_type	utterance_text	terminate	regDate	updDate
BE22022188	1	0	나 오늘 경찰한테 잡혔잖아, 내 인생 최고 당황스러운 경험이었어.	N	2022-09-28 01:10:01	2022-09-28 01:10:01
BE22022188	2	1	형이 경찰에게 잡혔다고? 법 없이도 살 수 있을 정도인 형에게 무슨 일이라도 있었던 거야?	N	2022-09-28 01:10:01	2022-09-28 01:10:01
BE22022188	3	0	내가 헬멧을 쓰지 않고 오토바이를 타고 있었거든. 항상 잘 쓰고 다니다가 오늘 잠깐 이동할 일이 있어서 안 쓴 건데 걸릴 줄이야. 경찰이 갓길에 차 대라고 할 때 진짜 놀라고 당황해서 어쩔 줄을 모르겠더라.	N	2022-09-28 01:10:01	2022-09-28 01:10:01
BE22022188	4	1	짧은 거리를 이동하다 보니 헬멧을 쓰는 게 귀찮기도 하고, 괜찮을 거라고 생각했구나. 그런데 경찰에게 걸렸으니까 얼마나 놀랍고 움츠러들었겠어. 경찰이 그냥 부르기만 해도 겁이 나기 마련인데, 잘못한 게 있으니까 더 뜨끔하고 가슴이 철렁했겠다.	N	2022-09-28 01:10:01	2022-11-08 05:47:02
BE22022188	5	0	맞아, 처음으로 경찰한테 잡혀본 거라서 무서워서 가슴이 두근거리더라. 옆을 지나가는 차들이 무슨 일인지 싶어서 쳐다보면서 가는데 어찌나 부끄럽던지. 다시는 느끼고 싶지 않은 감정이었어.	N	2022-09-28 01:10:01	2022-11-08 05:47:02
BE22022188	6	1	나도 길가에서 누군가가 경찰과 이야기하고 있다면 무슨 일인가 싶어서 빤히 쳐다볼 것 같아. 그런 수많은 시선을 받았다니, 부끄러워서 얼굴이 달아오르면서, 스스로 초라해지는 기분이었겠다. 형의 잘못으로 인한 결과이니까 더 불편하고 말이야.	N	2022-09-28 01:10:01	2022-11-08 05:47:02
BE22022188	7	0	헬멧 미착용으로 벌금이 있어서 고지서 같은 걸 건네줬어. 그런데 그걸 받으니까 내가 정말 잘못을 했다는 경각심이 들면서 어디든 숨고 싶은 심정이더라. 내가 잘못한 걸 아니까 더 찜찜하고, 수치스럽고 그랬어.	N	2022-09-28 01:10:01	2022-09-28 01:10:01
BE22022188	8	1	누군가는 그냥 재수없었다고 생각하면서 기분 나빠하고 끝날 수도 있는 일이잖아. 그런데 형은 자신의 잘못에 대해 깊이 반성하고, 부끄러움을 느끼는 모습이 진짜 멋있어. 그런 마음이야말로 옳지 않은 행동을 바꿀 수 있는 원동력이잖아, 대단해 형.	N	2022-09-28 01:10:01	2022-11-08 05:47:02
BE22022188	9	0	이렇게 짧게 이동할 건데 무슨 헬멧을 쓰나 하는 안일한 생각으로 이런 행동을 하다니. 경찰이 호루라기를 불면서 나를 부를 때의 당황스러움과 어쩔 줄 모르겠던 마음이 아직까지 생각나. 사람들의 시선도 나를 비난하는 것 같고, 진짜 부끄러워.	N	2022-09-28 01:10:01	2022-11-08 05:47:02
BE22022188	10	1	누구나 실수는 할 수 있는걸, 익숙하고 편안함에서 오는 안일함이 생기는 건 어쩔 수 없잖아. 그런데 형은 안주하지 않고 이런 계기를 통해 개선하려고 노력하잖아, 그 마음만으로 충분하다고 생각해. 경찰에게 잡혀서 형 마음도 너무 놀랐을텐데, 곱씹으면서 괴로워하기 보다는 앞으로를 다짐하며 다독여줬으면 좋겠어.	N	2022-09-28 01:10:01	2022-11-08 05:47:02
BE22022188	11	0	네 말이 맞아. 당황스럽고 부끄러운 마음에 나도 모르게 계속 곱씹으면서 자책하고 있었던 것 같아. 이런 상황은 다시는 겪고 싶지 않으니 앞으로는 더욱 조심하면서 한 번쯤이야 라는 생각은 버려야겠어.	N	2022-09-28 01:10:01	2022-11-08 05:47:02
BE22022188	12	1	무엇보다 형의 안전을 위해서라도 헬멧은 꼭 필요하다고 생각해. 오토바이를 타는 것만으로 충분히 걱정스러운데, 헬멧까지 안 쓴다면 동생으로서 너무 염려되거든. 항상 잘해오던 형답게 이번 일을 발판삼아 더욱 안전하게 행동했으면 좋겠어.	N	2022-09-28 01:10:01	2022-11-08 05:47:02
BE22022188	13	0	네가 내 걱정을 해주니까 마음이 더 든든해지는 기분이야. 내 가족과 나를 위해서라도 앞으로는 꼭 헬멧을 써야겠어. 네 말을 들으니 나에겐 오늘이 좋은 기회였던 것 같네, 고마워, 동생아.	N	2022-09-28 01:10:01	2022-11-08 05:47:02
BE22022188	14	1	오늘의 당황스러움과 부끄러움을 잊지 말고, 안일함이 생길 때 꼭 다시 떠올려보라구. 자신이 뱉은 말은 꼭 지키려고 노력하는 형이니까 잘할 거라고 믿어.	Y	2022-09-28 01:10:01	2022-11-08 05:47:02
