id	utterance_id	utterance_type	utterance_text	terminate	regDate	updDate
BE22001956	1	0	악! 언니 어떻게 나 오늘 시험인데 늦잠을 자버렸어!	N	2022-06-17 13:25:15	2022-11-08 03:37:03
BE22001956	2	1	뭐라고? 어떻게 해? 지금 준비하고 가면 늦는 거야?	N	2022-06-17 13:25:15	2022-11-08 03:37:03
BE22001956	3	0	내가 준비하는 시간이 조금 늦잖아. 그래서 시험 시간에 늦을 것 같아.	N	2022-06-17 13:25:15	2022-11-08 03:37:03
BE22001956	4	1	지금이라도 서두르면 괜찮을 거야.	N	2022-06-17 13:25:15	2022-11-08 03:37:03
BE22001956	5	0	심지어 어제 마무리하지 못한 단원이 있어서 아침에 일찍 일어나서 해결할까 했는데 그럴 시간도 부족해졌어. 분명히 알람도 맞추고 잤는데 알람 소리도 듣지 못하다니 너무 당혹스러워.	N	2022-06-17 13:25:15	2022-11-08 03:37:03
BE22001956	6	1	너무 걱정하지 말고 내가 시간에 늦지 않게 차로 데려다줄 테니 잠깐이라도 걱정되는 부분을 한번 검토해 보는 것은 어때?	N	2022-06-17 13:25:15	2022-11-08 03:37:03
BE22001956	7	0	그래 주면 좋지만, 이럴 때면 항상 스스로가 한심하게 느껴져 난 왜 맨날 이렇게 되는 일이 없는 거지?	N	2022-06-17 13:25:15	2022-11-08 03:37:03
BE22001956	8	1	괜찮아! 누구나 실수는 하는 법이잖아 너 자신을 너무 다그치지 않았으면 좋겠다.	N	2022-06-17 13:25:15	2022-11-08 03:37:03
BE22001956	9	0	항상 중요한 일에 꼭 이렇게 실수를 반복하는걸.	N	2022-06-17 13:25:15	2022-11-08 03:37:03
BE22001956	10	1	아니야 너 자신을 자책할 필요 없어. 누구보다 항상 열심히 하고 좋은 결과를 가져왔던 것을 내가 항상 지켜봐 온걸.	N	2022-06-17 13:25:15	2022-11-08 03:37:03
BE22001956	11	0	그래도 결정적인 순간이면 항상 이런 나 자신이 미워지는걸.	N	2022-06-17 13:25:15	2022-11-08 03:37:03
BE22001956	12	1	네가 너 스스로 너무 엄격해서 그래. 하지만 이 순간이 네 인생 전체를 좌우지하는 것은 아니잖아. 하나의 과정일 뿐이야.	N	2022-06-17 13:25:15	2022-11-08 03:37:03
BE22001956	13	0	진짜 그럴까? 언니가 볼 때 내가 그동안 잘해 온 것 같아?	N	2022-06-17 13:25:15	2022-11-08 03:37:03
BE22001956	14	1	그럼 언제나 스스로 잘 헤쳐 나가는 것을 알고 있는걸. 이 역경 또한 잘 해결해 낼 거라 믿어.	N	2022-06-17 13:25:15	2022-11-08 03:37:03
BE22001956	15	0	그렇게 얘기해 주니까 안심이 된다. 고마워!	Y	2022-06-17 13:25:15	2022-11-08 03:37:03
