id	utterance_id	utterance_type	utterance_text	terminate	regDate	updDate
BE22021906	1	0	언니, 나 오늘 친구 만난다고 했잖아. 지금 만나고 집에 들어가는 길인데 같이 있는 동안 정말 당황스러웠어.	N	2022-09-27 05:27:49	2022-09-27 05:27:49
BE22021906	2	1	오랜만에 얼굴 본다고 좋아하더니. 무슨 일 있었어?	N	2022-09-27 05:27:49	2022-09-27 05:27:49
BE22021906	3	0	그 친구가 어릴 때부터 조금 특이한 버릇이 있었거든. 가끔 집에 놀러 갔을 때 집에 있는 사물에게 말을 거는 모습을 본 적이 있어. 그때도 이상하게 느껴지기는 했지만 어릴 때니까 그러려니 했거든.	N	2022-09-27 05:27:49	2022-09-27 05:27:49
BE22021906	4	1	정말 흔치 않은 버릇이기는 하다. 막상 옆에 있으면 어떻게 반응해야 할지 조금 민망할 것 같아. 그런데 오늘은 왜?	N	2022-09-27 05:27:49	2022-11-08 05:45:21
BE22021906	5	0	아주 오랜만에 만나게 돼서 그런 일들은 까맣게 잊고 있었거든. 그런데 다 큰 지금까지도 똑같이 사물에게 말을 거는 거야. 심지어 더 심해졌어.	N	2022-09-27 05:27:49	2022-11-08 05:45:21
BE22021906	6	1	다른 사람이랑 함께 있는 장소에서도 사물과 대화를 해? 더 심해지기까지 했다니 어느 정도이길래 그래? 생각만 해도 당황스러운걸.	N	2022-09-27 05:27:49	2022-11-08 05:45:21
BE22021906	7	0	응, 나와 함께 있는데도 나랑 대화를 하는 건지 사물과 대화를 하는 건지 모르겠더라고. 마치 말을 주고받는 듯이 대화를 하고 있었어. 나뿐만 아니라 그걸 지켜보는 모든 사람들이 당황스럽기는 마찬가지였을 거야.	N	2022-09-27 05:27:49	2022-11-08 05:45:21
BE22021906	8	1	그러게. 같이 대화를 참여할 수도 없고, 말릴 수도, 그렇다고 네가 먼저 가버릴 수도 없고 말이야. 나였다면 그냥 민망한 웃음만 짓고 있을 뿐이지 어떤 반응도 하지 못했을 것 같아.	N	2022-09-27 05:27:49	2022-11-08 05:45:21
BE22021906	9	0	내 친구이지만, 마치 현실세계에 적응하지 못 하는 사람 같기도 했어. 이럴 거면 나를 왜 부른 건지 기분도 별로 좋지 않더라고. 마치 나와의 약속에 다른 친구를 불러서 나를 소외시키는 기분까지 들었다니까.	N	2022-09-27 05:27:49	2022-11-08 05:45:21
BE22021906	10	1	하지만 그게 오래된 습관이라고 했잖아. 그렇다면 그 친구에게는 사물도 마치 한명의 친구이지 않을까? 그런 독특한 습관을 가지게 된 데에는 어떤 특별한 이유가 있을 것 같아.	N	2022-09-27 05:27:49	2022-11-08 05:45:21
BE22021906	11	0	그런 걸까? 그냥 나는 한동안 그 모습을 보면서 솔직히 조금 한심하게 느껴졌어. 게임에 너무 몰두하면 현실하고 구분을 못 하는 거 있잖아.	N	2022-09-27 05:27:49	2022-11-08 05:45:21
BE22021906	12	1	친구에게는 사물이 친구의 외로움을 달래주었던 대상이었을지도 모르잖아. 꼭 그런 이유가 아니더라도 상관없어. 그 친구가 느끼는 사물에 대한 애정에 우리가 맞다 틀리다 판단할 순 없는 거니까.	N	2022-09-27 05:27:49	2022-11-08 05:45:21
BE22021906	13	0	하긴, 그런 행동을 하게 된 이유가 가장 첫 번째이겠다. 그리고 그 이유가 무엇이 됐든 존중해 주어야 한다는 언니 말이 납득이 가. 오히려 내가 남보다도 더 못한 시각으로 바라본 건 아닐까 미안해지네.	N	2022-09-27 05:27:49	2022-11-08 05:45:21
BE22021906	14	1	응, 행동에는 모두 다 이유가 있는 거니까. 최소한 우리가 감싸주지는 못하더라도, 이해하는 마음을 가지려고 노력해보는 게 좋을 것 같아.	N	2022-09-27 05:27:49	2022-09-27 05:27:49
BE22021906	15	0	알겠어, 언니. 나도 앞으로는 함부로 판단하지 않도록 할게.	Y	2022-09-27 05:27:49	2022-09-27 05:27:49
