id	utterance_id	utterance_type	utterance_text	terminate	regDate	updDate
BE22022912	1	0	형. 우리 아이가 모의고사가 얼마 안 남았다며, 토요일인 오늘 밤새워 공부하겠다 하더라고. 그래서 방금 아이 방에 가 봤더니, 아이가 책상에 엎드려 잠들어 있는 거야.	N	2022-09-30 05:02:23	2022-11-08 05:51:18
BE22022912	2	1	그랬구나. 많이 피곤했던 모양이네. 아이의 잠든 모습을 보니 안쓰러운 마음이 들었겠다.	N	2022-09-30 05:02:23	2022-11-08 05:51:18
BE22022912	3	0	안쓰럽기보다 솔직히 당황스러웠어. 나는 얘가 결연한 얼굴로 밤을 새우겠다 하기에 큰마음 먹었구나 싶어 대견했지. 그런데 그 말을 한 지 한 시간도 안 되어 잠이 든 거야.	N	2022-09-30 05:02:23	2022-11-08 05:51:18
BE22022912	4	1	아이가 금방 결심을 깬 것 같아 당황스럽긴 하겠다. 대견한 마음을 품었던 만큼 실망스럽기도 할 거고.	N	2022-09-30 05:02:23	2022-11-08 05:51:18
BE22022912	5	0	실망도 되고, 아이가 한심하게도 느껴져. 고 3이나 되었으면 자기와 한 약속을 지킬 때도 되지 않았나? 어떻게, 그렇게 쉽게 다짐을 깨 버릴 수 있는지 이해가 안 돼.	N	2022-09-30 05:02:23	2022-09-30 05:02:23
BE22022912	6	1	그런 마음이 드는 것도 이해하지만, 자기와의 약속만큼 지키기 어려운 게 없는 것 같아. 오십 넘은 나도 술을 끊겠다고 다짐해 놓고, 그날 술을 마시기도 하는걸. 게다가 잠은 참기도 힘드니, 참으려 노력하다 아이가 잠을 이기지 못한 거라 생각해.	N	2022-09-30 05:02:23	2022-11-08 05:51:18
BE22022912	7	0	아이가 새벽에 잠들어 있는 걸 봤으면 그런 생각을 했을지도 몰라. 하지만 아직 열두 시도 안 되었는데, 벌써 잠들어 있으니 어이가 없어. 오늘 힘든 운동을 한 것도 아니고, 꼬박 독서실에 앉아 있었는데.	N	2022-09-30 05:02:23	2022-09-30 05:02:23
BE22022912	8	1	어이없고 황당한 마음이 드는 것도 이해하지. 그런데 몸을 움직이는 것만 힘든 게 아니라, 머리 쓰는 것도 힘들잖아. 아이가 낮에 너무 열심히 공부해서, 빠르게 지쳤나보다 생각해.	N	2022-09-30 05:02:23	2022-11-08 05:51:18
BE22022912	9	0	나는 고등학교 때 낮 내내 공부하고도, 새벽까지 공부하는 게 일상이었잖아. 나에게는 그게 당연한 거였는데, 우리 아이가 하루도 그렇게 못하는 것이 이해 안 되고 당황스러웠어.	N	2022-09-30 05:02:23	2022-09-30 05:02:23
BE22022912	10	1	그런 마음도 이해하는데, 너는 공부가 취미라 할 만큼 공부를 즐겼잖아. 활기찬 네 아이가 밤까지 꼬박 책상 앞에 앉아 있는 것도 대견하다고 생각해. 공부하겠다는 의지를 가진 만큼, 조카도 언젠가 자기와의 약속을 지키는 날이 올 거야.	N	2022-09-30 05:02:23	2022-11-08 05:51:19
BE22022912	11	0	형 말을 들으니 복잡하던 마음속이 정리되는 느낌이야. 나와 우리 아이는 엄연히 다른데, 내 입장에서만 생각하니 아이 행동이 당황스러웠어. 아이의 입장에서 생각하니, 아이가 이해되는걸.	N	2022-09-30 05:02:23	2022-11-08 05:51:19
BE22022912	12	1	그래. 다짐을 깨 버린 아이의 모습에서 실망도 했겠지만, 금방 마음을 정리한 네가 대견스럽다. 네가 아이를 지금처럼 이해하려 노력한다면, 아이도 이 힘든 시기를 잘 헤쳐 나갈 수 있을 거야.	N	2022-09-30 05:02:23	2022-11-08 05:51:19
BE22022912	13	0	형 말이 큰 힘이 된다. 나도, 아이에게 힘을 주는 아빠가 되도록 노력해야겠다는 다짐이 들어. 그 다짐을 지키는 게 쉽지 않겠지만.	N	2022-09-30 05:02:23	2022-11-08 05:51:19
BE22022912	14	1	그래, 누구에게나 다짐은 지키기 어려운 법이지. 그렇지만 너는 꼭 할 수 있을 거야. 우리 조카도, 언젠가는 자기와의 약속을 지켜낼 만큼 훌쩍 성장하기를 기대해 보자.	N	2022-09-30 05:02:23	2022-11-08 05:51:19
BE22022912	15	0	좋은 말들 고마워. 아까는 잠든 아이가 당황스러워 마음이 착잡했는데, 이제 마음이 편안해졌어.	Y	2022-09-30 05:02:23	2022-11-08 05:51:19
