id	utterance_id	utterance_type	utterance_text	terminate	regDate	updDate
BE22021327	1	0	누나, 얼마 전에 우리 부서에 경력 사원이 새로 왔어. 경력이 있긴 해도 어쨌든 우리 회사는 낯설 거 같아서 도와주려고 했는데 표정이 영 아니더라. 자존심이 강한 건지 자신의 부족함을 인정하지 않으려는 모습이 정말 당황스러웠어.	N	2022-09-25 02:15:42	2022-09-25 02:15:42
BE22021327	2	1	새로 온 동료라고 신경 써주는 너를 보니 정말 기특한 생각이 든다. 모두 자기 일 하기 바빠서 그러기 쉽지 않은데 너는 진짜 착하다. 그런데도 고마워하는 반응이 아니면 나 같아도 당황스러울 것 같아.	N	2022-09-25 02:15:42	2022-09-25 02:15:42
BE22021327	3	0	누구라도 처음은 낯설고 서툴게 마련이잖아. 그런데 그 사원은 그런 게 드러나는 걸 엄청 자존심 상해 한다는 걸 느꼈어. 성격이 일반적이지 않구나 싶어서 정말 당황했어.	N	2022-09-25 02:15:42	2022-09-25 02:15:42
BE22021327	4	1	사람마다 성향이 다르니까 그냥 그러려니 하고 잊어버려. 도움을 원치 않는데 굳이 신경 쓰다가 네 마음이 상할까 봐 걱정이다. 도움이 필요하다고 할 때 도와주면 된다 생각하고 마음을 편히 먹어.	N	2022-09-25 02:15:42	2022-09-25 02:15:42
BE22021327	5	0	문제는 맡은 일을 빨리 처리하지 못한다는 거야. 그래서 내가 쉬운 방법을 얘기해줬더니 표정이 확 일그러져서 당황했어. 남의 도움을 매사 그런 식으로 받아들이니 당황스러운 노릇이지 뭐야.	N	2022-09-25 02:15:42	2022-09-25 02:15:42
BE22021327	6	1	그 사원의 반응에 네 마음이 상했을 것 같아 내가 다 속상하다. 그래도 너는 좋은 뜻으로 말해준 거니 그걸로 자존심 상해 하지 마. 그 사원도 속으로는 네가 좋은 마음을 그랬다는 걸 알 테니 마음을 풀어.	N	2022-09-25 02:15:42	2022-11-08 05:41:57
BE22021327	7	0	그래도 같이 일하면서 계속 저러면 어쩌나 싶어 걱정돼. 같은 부서다 보니 부딪치는 일도 많은데 저렇게 자신의 자존심을 내세우면 어쩌겠다는 건지 모르겠어. 경력 사원이라도 새로 온 회사에서는 신입이라는 걸 인정하지 않는 모습이 정말 당황스러워.	N	2022-09-25 02:15:42	2022-09-25 02:15:42
BE22021327	8	1	앞으로 그 사원과 많이 부딪치며 네가 마음 다칠 것 같아 나도 걱정이다. 그래도 시간이 지나면 그 사원도 일에 익숙해져 신경 안 쓰이게 할 테니 걱정하지 마. 너는 네 마음이 안 다치는 한도 내에서만 도움을 베풀면서 마음 편히 지내기 바라.	N	2022-09-25 02:15:42	2022-11-08 05:41:57
BE22021327	9	0	자신의 부족함을 인정하지 않으려는 사람한테는 어떤 도움도 필요 없다는 생각이 들더라. 현실은 그렇지 않은데 자신은 완벽하다고 믿는 게 당황스러울 뿐이지. 다만 그 알량한 자존심으로 회사에 손해 끼치는 행동만 하지 않기를 바랄 뿐이야.	N	2022-09-25 02:15:42	2022-09-25 02:15:42
BE22021327	10	1	회사 걱정을 이렇게 하는 걸 보니 너는 정말 대단한 모범 사원이라는 생각이 든다. 그런 마음이면 어떤 일을 해도 사람들에게 좋은 본보기가 될 거야. 그 사원도 자존심이 강한 만큼 회사에 손해 끼치지 않으려고 노력할 테니 너무 걱정하지 마.	N	2022-09-25 02:15:42	2022-11-08 05:41:57
BE22021327	11	0	누나 말을 들으니 그 말이 맞는 것 같다. 자신이 먼저 회사에서 이룬 성과를 은근히 자랑하는 걸 보니 자부심이 대단한 것 같더라고. 그런 사람이라 회사에 손해 끼치는 일은 하지 않을 것 같다는 생각이 들어 마음이 놓인다.	N	2022-09-25 02:15:42	2022-09-25 02:15:42
BE22021327	12	1	자존심이 센 사람이라 앞에서는 그런 반응을 보여도 속으로는 네 도움을 고마워할 거야. 이게 다 회사를 위하는 일이다 생각하고 마음 편히 지내. 경력이 있는 만큼 일에 익숙해지면 도움이 될 거라 생각하면 마음이 편해질 거야.	N	2022-09-25 02:15:42	2022-09-25 02:15:42
BE22021327	13	0	하기야 회사 측에서도 오죽 잘 따져서 영입을 했겠어. 누나 말대로 아직은 이쪽 분위기가 익숙지 않아 그렇다 생각하니 마음이 풀린다. 자존심 강한 거야 본인 성향이니 내가 할 수 없는 일이지 어쩌겠어.	N	2022-09-25 02:15:42	2022-09-25 02:15:42
BE22021327	14	1	네가 이렇게 넓게 이해하는 걸 보니 정말 마음이 든든하다. 그런 마음가짐이면 어떤 상황도 잘 헤쳐갈 수 있을 것 같아. 앞으로도 편안한 마음으로 잘 지내길 바랄게.	N	2022-09-25 02:15:42	2022-11-08 05:41:57
BE22021327	15	0	누나랑 이야기하다 보니 마음이 다 풀렸어. 늘 내 말을 들어주고 조언도 해줘서 정말 고마워 누나.	Y	2022-09-25 02:15:42	2022-09-25 02:15:42
