id	utterance_id	utterance_type	utterance_text	terminate	regDate	updDate
BE22019359	1	0	언니 나 어젯밤에 너무 어이없는 연락을 받았는데. 내 얘기 좀 들어볼래?	N	2022-09-21 07:40:32	2022-09-21 07:40:32
BE22019359	2	1	무슨 일이야? 어제 일 끝나고 집 왔을 때는 기분 좋게 들어왔던 거 아니었어?	N	2022-09-21 07:40:32	2022-09-21 07:40:32
BE22019359	3	0	맞아. 퇴근하고 집 와서는 기분 좋았는데. 내가 저번에 친구랑 술 먹다가 알게 된 남자애가 있는데. 나를 좋아한다고 연락을 받았어.	N	2022-09-21 07:40:32	2022-11-08 05:34:10
BE22019359	4	1	그럼 기분 좋아야 하는 거 아니야? 너는 그 사람이 그냥 맘에 안 드는 거야? 일단 몇 번 만나보기라도 하는 게 좋지 않겠어?	N	2022-09-21 07:40:32	2022-11-08 05:34:10
BE22019359	5	0	보통의 상황이라면 나도 그렇게 생각하지. 그런데 저번에 친한 친구랑 그 남자애랑 술 마시는데. 그때 서로 취해서 말다툼을 좀 하다가 나를 툭툭 치더라고.	N	2022-09-21 07:40:32	2022-11-08 05:34:10
BE22019359	6	1	아무리 술김이었다고 해도 그렇게 몸을 툭툭 건드리면 나라도 기분 나빴을 것 같아. 막 세게 밀치거나 그런 건 아니지?	N	2022-09-21 07:40:32	2022-09-21 07:40:32
BE22019359	7	0	그 정도까지 나올 뻔하다가 친구가 다행히 말려줘서 그냥 넘어갔지. 그래 놓고 어제 저녁에 연락 와서 내가 마음에 든다고 만나보자는 데 진짜 혐오스러운 거 있지.	N	2022-09-21 07:40:32	2022-11-08 05:34:10
BE22019359	8	1	그건 진짜 좀 아니다 네가 원래 매력이 넘치고 이뻐서 남자가 너를 맘에 들어 했겠지만. 그렇게 행동을 해놓고 좋다고 말하는 건 도저히 이해할 수가 없네. 기분 많이 나빴겠는데 괜찮아?	N	2022-09-21 07:40:32	2022-11-08 05:34:10
BE22019359	9	0	그런 상황만 아니었다면 나도 당연히 만나볼 생각은 해봤을 거야. 근데 이건 정말 너무 생각 없는 것 같아.	N	2022-09-21 07:40:32	2022-09-21 07:40:32
BE22019359	10	1	어차피 너도 마음이 아예 없으면 그냥 단호하게 말하는 게 좋을 것 같아. 그런 사람은 다음에 또 술 마셔도 같은 행동할 확률이 높으니까. 너는 그럼 남자 말고도 더 좋은 남자를 만날 자격이 충분하니까!	N	2022-09-21 07:40:32	2022-11-08 05:34:10
BE22019359	11	0	맞아 남자는 많은걸? 어제는 당황스러워서 그냥 답장조차 안 했는데. 언니 말대로 그냥 단호하게 마음 없다고 말하고 빨리 끝내버리는 게 나을 것 같아.	N	2022-09-21 07:40:32	2022-09-21 07:40:32
BE22019359	12	1	그런 건 질질 끌어서 좋을 것도 없으니까 그냥 피하는 게 상책이야. 차라리 이 언니가 좋은 남자 소개해 줄게.	N	2022-09-21 07:40:32	2022-09-21 07:40:32
BE22019359	13	0	정말? 그럼 나야 고맙지! 이번 일 겪고 나서 당분간 남자는 쳐다도 안 볼 생각이었는데. 언니라면 믿고 받아볼래!	N	2022-09-21 07:40:32	2022-09-21 07:40:32
BE22019359	14	1	당연히 괜찮은 사람만 고르고 골라서 해주지! 며칠만 기다리고 있어 찾아볼게.	N	2022-09-21 07:40:32	2022-09-21 07:40:32
BE22019359	15	0	기대하고 있을게. 언니, 고마워!	Y	2022-09-21 07:40:32	2022-11-08 05:34:10
