id	utterance_id	utterance_type	utterance_text	terminate	regDate	updDate
BE22016681	1	0	형, 내 옆자리에 앉은 회사 동료 때문에 당황스러워. 왜 그러는지 이유라도 알면 속이 시원할 텐데 아주 갑갑하네.	N	2022-08-31 04:52:14	2022-08-31 04:52:14
BE22016681	2	1	왜 무슨 일이 있는 거야?	N	2022-08-31 04:52:14	2022-08-31 04:52:14
BE22016681	3	0	회사 매뉴얼대로 하면 되는데 왜 제멋대로의 방식으로 일을 처리하니 골치가 아파. 일부러 그러는 것처럼 느껴져 한심하기까지 해. 홍보팀은 거미줄처럼 일이 연결되어 있어서 나한테 무슨 억하심정이 있나 궁금할 때도 있다니까.	N	2022-08-31 04:52:14	2022-08-31 04:52:14
BE22016681	4	1	저런 너한테까지 영향을 미치는 모양이구나. 매번 그런 식이면 같이 일하기 부담스러울 수 있지. 안 그래도 시기에 따라 네가 해내는 일의 양도 어마어마한 것으로 아는데 걱정이 되는구나.	N	2022-08-31 04:52:14	2022-11-08 05:10:49
BE22016681	5	0	홍보팀이니 경쟁사 기사 확인 보고 서식이 있는데 무시하고 멋대로 작성해 올린 거야. 그 사람 일을 엉망으로 하는 바람에 윗사람이 나보고 수정 하라고 하는걸. 팀장님도 어이가 없으신지 고개를 절레절레 저으시더라니까.	N	2022-08-31 04:52:14	2022-08-31 04:52:14
BE22016681	6	1	아무리 유기적으로 연결된 부서라고는 하지만 네가 그 부담을 지고 있다니 내 마음이 다 속상하구나. 이대로 가면 너도 지쳐버리고 말 텐데. 형으로서 네가 더 이상 힘들지 않았으면 좋겠기에 몹시 신경 쓰인다.	N	2022-08-31 04:52:14	2022-11-08 05:10:49
BE22016681	7	0	기본적인 매뉴얼은 다 저장되어 있어서 그대로 작성하기만 하면 되는데 왜 고집을 부리는지 모르겠어. 덕분에 내가 일을 깔끔하게 해서 팀장님도 마음 놓이신다니 자꾸 내 일만 늘어가고 있어. 그 사람은 같은 실수를 반복하기 때문에 시키는 사람도 힘들게 하거든.	N	2022-08-31 04:52:14	2022-08-31 04:52:14
BE22016681	8	1	네가 고생이 이만저만이 아니겠구나. 단기간에 끝날 것 같지 않으면 상의해서 일에 영향을 미치지 않게 짚고 넘어가야 해야겠다. 어쩌면 말 못 할 이유가 있을 수도 있으니 마음을 터놓고 이야기하면 물꼬가 트일지도 몰라.	N	2022-08-31 04:52:14	2022-11-08 05:10:49
BE22016681	9	0	형 말대로 조금 더 지켜보다가 대화를 나누어 볼 생각이야. 지금까지는 그저 어리둥절한 마음에 생각할 시간이 필요했어. 고충을 느끼는 부분을 깊이 있게 이야기하고 잦은 실수에 대해서도 터놓고 말해볼 거야.	N	2022-08-31 04:52:14	2022-08-31 04:52:14
BE22016681	10	1	실수는 누구나 할 수 있지만 자주 그런다면 그 사람을 위해서도 덮어주는 게 능사는 아니니까. 네가 그 일로 신경 쓰는 게 마음에 걸리니까 최대한 편안해지는 방향으로 해결이 되었으면 좋겠다. 이 일에서 어서 자유로워져야 네가 마음 편히 뭐든 할 수 있으니까.	N	2022-08-31 04:52:14	2022-11-08 05:10:49
BE22016681	11	0	그래도 나를 생각해 주는 건 형뿐이야. 여러 날 고민이 많았는데 형에게 털어놓으니 한결 편안해지네.	N	2022-08-31 04:52:14	2022-11-08 05:10:49
BE22016681	12	1	혼자 끙끙대는 건 안 돼. 언제든 네 마음이 편안한 게 형의 바람이야. 그래도 이번 일을 계기로 너의 능력을 깨달았으니 날개를 달고 역량을 발휘할 수 있을 거야.	N	2022-08-31 04:52:14	2022-11-08 05:10:49
BE22016681	13	0	사실 일이 익숙해지면서 회사의 부품인 것처럼 내 존재감에 회의가 들었거든. 이 일을 계기로 팀장님도 내게 기대하는 모습이 크다는 걸 알게 되었어.	N	2022-08-31 04:52:14	2022-08-31 04:52:14
BE22016681	14	1	안 좋은 일이 전부 안 좋게 흘러가는 건 아니구나. 그래도 네가 그 사람 일까지 떠맡으면서 고생했을 걸 생각하면 마음 아프다. 어서 좋은 방향으로 해결이 되어 네 마음이 평온해졌으면 좋겠어.	N	2022-08-31 04:52:14	2022-11-08 05:10:49
BE22016681	15	0	너무 걱정하지 마. 내가 상황을 바로 보게 되었으니 어떻게 해야 옳은지 잘 생각할 수 있으니까. 여유를 가지고 나에게 이로운 방법을 찾아 볼 테니.	N	2022-08-31 04:52:14	2022-11-08 05:10:49
BE22016681	16	1	그래 동생아, 힘내!	Y	2022-08-31 04:52:14	2022-08-31 04:52:14
