id	utterance_id	utterance_type	utterance_text	terminate	regDate	updDate
BE22023138	1	0	오늘 편의점 갔다가 잔돈으로 받은 지폐가 엄청 더럽더라고. 그런데 그 지폐 때문에 다 망할 줄은 몰랐지! 이제 어떻게 해야 할지 몰라 당황스러워 죽겠어.	N	2022-09-30 21:03:52	2022-11-08 05:52:38
BE22023138	2	1	원래 돈이란 게 별로 위생적이지 않잖아. 대체 무슨 일이 있었길래 그렇게 동요하는 거야, 언니?	N	2022-09-30 21:03:52	2022-09-30 21:03:52
BE22023138	3	0	아까 내가 커피를 들고 급하게 사무실로 돌아가다가 잘생긴 팀원하고 부딪혔거든. 세탁비로 급하게 지갑에서 현금을 드렸는데 하필이면 그 구역질 나는 지폐일 줄은 몰랐어! 너무 창피하고 당혹스러워서 황급히 자리를 피했는데, 이제 대체 어쩌지!	N	2022-09-30 21:03:52	2022-09-30 21:03:52
BE22023138	4	1	하필이면 언니가 평소에 관심 있던 분에게 비위생적인 걸 건네드려서 정말 난감하고 당황스러웠겠다! 내가 언니였다면 불가능하단 걸 알면서도 시간을 되돌리고 싶었을 거야. 그래도 너무 걱정하진 마, 다른 지폐들 사이에 섞여서 잘 안 보였을 거야.	N	2022-09-30 21:03:52	2022-11-08 05:52:38
BE22023138	5	0	아니야, 하필이면 그 돈이 제일 위에 있었기에 못 봤을 리가 절대 없어. 분명 나를 지저분한 사람으로 봤을 거라 생각하니 너무 창피하고 어찌할 바를 모르겠어.	N	2022-09-30 21:03:52	2022-11-08 05:52:38
BE22023138	6	1	진정해, 달리 보면 고작 지폐 한 장이잖아. 껄끄러우면 바로 쓰면 되는 거고, 그분도 별로 개의치 않았을지도 모르잖아? 그분 생각을 우리끼리 지레짐작하지 말자.	N	2022-09-30 21:03:52	2022-11-08 05:52:38
BE22023138	7	0	하지만 지폐가 보통 더러웠어야지! 무엇보다 그 사람은 깔끔한 것을 좋아하기로 유명하단 말이야. 잘 안 씻는 사원들을 대하듯 날 앞으로 꺼릴지도 모른다니 당황스럽기 그지없어!	N	2022-09-30 21:03:52	2022-11-08 05:52:38
BE22023138	8	1	언니가 평소에 얼마나 청결하고 깔끔하게 생활하는데 이번 한 번으로 이미지를 망치겠어? 매일 3번 씻는 건 물론이고 수시로 손소독제로 손을 소독하잖아. 그 직원도 지금까지 언니의 노력을 알아줄 테니, 자신을 가져!	N	2022-09-30 21:03:52	2022-11-08 05:52:38
BE22023138	9	0	만약 알아주지 않는다면 어떡해? 매일 출근할 때마다 마주칠 텐데, 대체 무슨 얼굴로 봐야 할지 모르겠어! 당장도 사무실로 어떻게 돌아가야 할지 당황스럽기만 해.	N	2022-09-30 21:03:52	2022-09-30 21:03:52
BE22023138	10	1	어찌 됐든 일이 있는데 언제까지 도망칠 수도 없잖아. 그러니 용기를 내서, 당당하게 그 사람과 마주해봐. 그 사람이 어떻게 나오든, 이렇게 끝도 없이 상상하며 괴로워하는 지금보다는 마음이 가벼워질 거야.	N	2022-09-30 21:03:52	2022-09-30 21:03:52
BE22023138	11	0	네 말이 옳아, 어차피 만남을 피할 수 없다면 차라리 당당하게 나갈래! 처음엔 그렇게 떨려도 막상 겪어보면 별거 아닌 일들이 얼마나 많았는데. 잡생각을 버리니 혼란이 가라앉고 마음이 훨씬 편해져.	N	2022-09-30 21:03:52	2022-09-30 21:03:52
BE22023138	12	1	당당한 언니의 모습이 돌아와서 다행이야! 여태까지 몇 번이나 중요한 거래를 성사해 온 언니라면 금방 평정을 되찾을 줄 알았어.	N	2022-09-30 21:03:52	2022-09-30 21:03:52
BE22023138	13	0	고마워 동생아, 들어주기 힘들었을 텐데 네가 끝까지 위로해줘서 이성을 되찾은 거야. 덕분에 오늘도 일에 한껏 전념할 수 있겠어.	N	2022-09-30 21:03:52	2022-09-30 21:03:52
BE22023138	14	1	아니야, 나야말로 지금까지 언니에게 도와줬던 적이 셀 수 없는걸. 늘 든든했던 언니를 이번엔 내가 지지해줄 수 있어서 기뻤어!	Y	2022-09-30 21:03:52	2022-09-30 21:03:52
