id	utterance_id	utterance_type	utterance_text	terminate	regDate	updDate
BE22005922	1	0	언니도 아침에 지각했어? 난 지각 안 하려고 뛰었는데 결국 5분 지각이었어.	N	2022-07-04 04:13:49	2022-11-08 04:02:31
BE22005922	2	1	아이고, 결국 지각했구나. 나도 얼마나 뛰었는지 몰라. 그렇지만 회사가 너보다 가까워서 지각은 안 했어.	N	2022-07-04 04:13:49	2022-11-08 04:02:31
BE22005922	3	0	아침에 벽시계 멎은 거 확인하고 나서 얼마나 당황했는지 몰라. 지금 생각해도 아찔하다.	N	2022-07-04 04:13:49	2022-11-08 04:02:31
BE22005922	4	1	그러게, 벽시계 시간인 줄 알고 느긋하게 준비하다가 멈춘 거 알고부터 난리가 났지.	N	2022-07-04 04:13:49	2022-11-08 04:02:31
BE22005922	5	0	어떻게 누구 하나 의심을 안 했는지 몰라. 계속 같은 시간을 보면서도 말이야.	N	2022-07-04 04:13:49	2022-11-08 04:02:31
BE22005922	6	1	그래도 많이 늦지 않은 걸 다행이라 생각해야겠지? 계속 몰랐으면 우리 씻지도 못하고 낭패 봤을 거야.	N	2022-07-04 04:13:49	2022-11-08 04:02:31
BE22005922	7	0	나는 인사 고과 앞두고 있어서 5분 늦은 걸로도 상사한테 밉게 보일 수도 있는 상황이야. 그래서 걱정이 돼.	N	2022-07-04 04:13:49	2022-11-08 04:02:32
BE22005922	8	1	넌 평소에 성실하게 했으니 이해할 거야. 사람이 실수도 할 수 있지.	N	2022-07-04 04:13:49	2022-11-08 04:02:32
BE22005922	9	0	난 실수하는 게 왜 이렇게 불편한지 몰라. 아침에 너무 당황한 게 아직 손발이 떨린다니까.	N	2022-07-04 04:13:49	2022-11-08 04:02:32
BE22005922	10	1	너무 완벽해지려고 하면 마음이 힘들어져. 이미 일어난 일에 대해서는 잊어버릴 줄도 알아야 해. 그래야 성장한단다.	N	2022-07-04 04:13:49	2022-11-08 04:02:32
BE22005922	11	0	맞아, 내가 나를 힘들게 하는 거 같아. 다른 사람들에게는 한없이 관대하면서 나를 배려하지 않는 것 같긴 해.	N	2022-07-04 04:13:49	2022-11-08 04:02:32
BE22005922	12	1	이런 일이 생기니까 자신을 들여다볼 수 있어서 좋다. 나부터 사랑해야 해. 자신의 존재가치를 인정해야 타인도 진심으로 이해할 수 있어.	N	2022-07-04 04:13:49	2022-11-08 04:02:32
BE22005922	13	0	언니 말 들으니 나에게 너무 채찍질하면서 살았던 거 같아. 어렸을 적부터 언니 오빠 그늘에서 존재감이 없으니 너무 잘하려고 그랬나 봐.	N	2022-07-04 04:13:49	2022-11-08 04:02:32
BE22005922	14	1	아이고, 그런 일이 있었구나. 동생은 무조건 사랑만 받는다고 생각했는데. 인간은 각자 고충이 있나 봐.	N	2022-07-04 04:13:49	2022-11-08 04:02:32
BE22005922	15	0	맞아, 덕분에 열심히 살았지 뭐. 이번 기회에 나도 마음의 여유를 갖고 살아야겠어.	N	2022-07-04 04:13:49	2022-11-08 04:02:32
BE22005922	16	1	그래, 잘 생각했다. 인생에서 소중한 것은 자기 자신이야. 승진을 빨리하면 그만큼 일찍 나와야 하잖아.	N	2022-07-04 04:13:49	2022-11-08 04:02:32
BE22005922	17	0	언니 말 들으니 천천히 오래가야겠다는 생각이 드네. 고마워, 당장 실천해야겠어.	Y	2022-07-04 04:13:49	2022-11-08 04:02:32
