id	utterance_id	utterance_type	utterance_text	terminate	regDate	updDate
BE22020052	1	0	형, 지난번에 내 여자친구 만났을 때 어땠어? 다이어트해야 할 것처럼 보였어?	N	2022-09-22 16:02:27	2022-09-22 16:02:27
BE22020052	2	1	보기 좋게 예쁘던데, 다이어트보다는 오히려 더 먹어야겠더라. 좀 말라 보이던데? 니가 보기에는 안 그래?	N	2022-09-22 16:02:27	2022-09-22 16:02:27
BE22020052	3	0	내 생각도 그래. 근데 항상 다이어트를 한다면서 1킬로만 쪄도 살쪘다고 난리야. 나는 배고픈데 커피만 마시겠다고 하고 그래서 좀 당황스럽거든.	N	2022-09-22 16:02:27	2022-11-08 05:36:04
BE22020052	4	1	아, 데이트하면서 맛있는 걸 안 먹으면 뭐 하냐? 먹는 즐거움이 얼마나 큰 건데, 너 진짜 좀 피곤하겠다.	N	2022-09-22 16:02:27	2022-11-08 05:36:04
BE22020052	5	0	근데 정작 문제는 다른 거야. 나랑 만날 때는 살쪘다고 커피만 마시겠다고 하는데 평소에는 탄수화물을 엄청 먹는 거야. 점심에 빵 먹고, 디저트로 케이크 먹고 저녁은 국수 먹고 그러더라고.	N	2022-09-22 16:02:27	2022-09-22 16:02:27
BE22020052	6	1	그렇구나. 살을 빼려면 그거부터 줄여야 하는 거잖아. 너랑 만나면 밥도 안 먹으면서 평소에는 살찌는 거를 즐겨먹으니 피해는 고스란히 니가 보는 상황이구나. 고생이 많다.	N	2022-09-22 16:02:27	2022-09-22 16:02:27
BE22020052	7	0	그러니까. 본인은 평소에 탄수화물만 먹고, 살찐 거 같다고 나랑 만날 때는 밥도 안 먹으려 들어. 나는 퇴근하고 만나면 배가 고프잖아. 본인이 평소 식단 조절을 못하고 나랑 만날 때는 커피만 마시자 하니 난 너무 당황스러워.	N	2022-09-22 16:02:27	2022-09-22 16:02:27
BE22020052	8	1	그렇겠네. 지금 이대로 괜찮다고 보기 좋다고 말은 해봤어? 빈말이 아니라 네 여자친구 정말 살찐거 같지 않거든.	N	2022-09-22 16:02:27	2022-09-22 16:02:27
BE22020052	9	0	해봤지. 난 거의 매일 말해. 그래도 본인은 자기 몸이 어딘가 만족이 안 되나 봐. 관리해야 한다면서 밥은 먹지 말자는데, 관리를 왜 일관성 없이 나랑 만날 때만 하는 건지. 그게 당황스러워.	N	2022-09-22 16:02:27	2022-09-22 16:02:27
BE22020052	10	1	여자친구는 항상 너한테 예쁘게 보이고 싶어서 그럴 거야. 살찐 거 같으면 관리해야 할거 같잖아. 그런데 평소에 사람들이랑 어울릴 때 혼자 뭐 안 먹겠다며 까탈 부리기가 어려울 수도 있어.	N	2022-09-22 16:02:27	2022-11-08 05:36:04
BE22020052	11	0	그런가? 하긴 회사에서는 점심 식사하러 다 같이 움직이는 분위기니까 그럴 수도 있겠다. 게다가 점심 먹고 커피 마시며, 디저트도 먹고 그러겠지.	N	2022-09-22 16:02:27	2022-11-08 05:36:04
BE22020052	12	1	그렇지. 회사 사람들은 어렵지만, 너는 이해해 주겠지 하는 마음에서 그러는 거 같아. 그래도 너는 배가 고프니 무조건 참지 말고, 간단하게라도 식사를 하자고 해 봐. 요즘 샐러드 메뉴 있는 식당도 많으니까 그런 곳에서 먹자고 절충을 해보든지 그래.	N	2022-09-22 16:02:27	2022-11-08 05:36:04
BE22020052	13	0	그래야겠다. 이대로 가다가는 내가 언젠가 화를 낼지도 모르겠어. 사람이 배가 고프면 예민해지잖아.	N	2022-09-22 16:02:27	2022-09-22 16:02:27
BE22020052	14	1	맞아. 사람들이 다 그렇지. 여자친구한테 지금 이대로도 예쁘니까 무리하지 말라고 말해주는 것도 잊지 말고.	N	2022-09-22 16:02:27	2022-09-22 16:02:27
BE22020052	15	0	알았어. 난 지금 이대로도 정말 예쁜데 말이야. 항상 불안한 마음이 있나 봐. 심리적인 거니까 내가 옆에서 예쁘다고 계속 말해주는 게 중요하긴 할거 같아.	N	2022-09-22 16:02:27	2022-11-08 05:36:04
BE22020052	16	1	그래, 잘 풀어서 즐겁게 데이트하며 지내. 또 연락하고, 잘 지내라.	Y	2022-09-22 16:02:27	2022-09-22 16:02:27
