id	utterance_id	utterance_type	utterance_text	terminate	regDate	updDate
BE22016633	1	0	언니. 자취방 냉장고에서 이상한 냄새가 나. 청소하려고 하는데 유통기한이 지난 식품이 너무 많아서 난감할 지경이야.	N	2022-08-31 03:38:52	2022-08-31 03:38:52
BE22016633	2	1	그래서 냉장고에서 냄새가 났던 거구나. 정리하기도 만만치 않겠는걸.	N	2022-08-31 03:38:52	2022-11-08 05:10:30
BE22016633	3	0	응. 특히나 과일이 썩어서 냄새가 심하더라고. 냉장고 상태가 이렇게 나쁠 줄은 상상도 못 해서 너무 당황스러워.	N	2022-08-31 03:38:52	2022-11-08 05:10:30
BE22016633	4	1	나도 예전에 자취방 냉장고 청소하는 걸 미뤘다가 고생한 적이 있었거든. 그때만 생각하면 절로 고개가 저어지는걸. 지금 네 심정이 이해가 가.	N	2022-08-31 03:38:52	2022-11-08 05:10:30
BE22016633	5	0	이 많은 음식물 쓰레기들을 어떻게 처리하면 좋지? 난 자취를 시작한 지 얼마 되지 않아서 잘 모르잖아. 이런 적은 처음이라 어떻게 손을 대야 할지도 몰라서 막막한 심정이야.	N	2022-08-31 03:38:52	2022-11-08 05:10:30
BE22016633	6	1	처음에는 손을 댈 엄두가 안 나겠지만, 막상 시작하고 보면 의외로 별것 아닌 일일 거야. 너무 어려운 일이라는 부담을 내려놓는다면, 한결 마음이 편하고 침착할 수 있을 거야.	N	2022-08-31 03:38:52	2022-11-08 05:10:31
BE22016633	7	0	하지만 난 비위가 약한 편이잖아. 저 냄새 나는 음식물 쓰레기들을 손으로 집을 생각만 해도 눈살이 찌푸려지는걸. 내게 이런 과제가 주어지다니, 정말 당혹스러워.	N	2022-08-31 03:38:52	2022-11-08 05:10:31
BE22016633	8	1	물론 지금은 약간의 인내심이 네게 필요하겠지. 하지만 그 순간을 잠깐만 참으면 묵은 체증이 내려가듯 마음이 후련할 거야. 깨끗해진 냉장고를 보며 뿌듯해할 순간을 떠올리면서 조금만 참고 용기를 내보자.	N	2022-08-31 03:38:52	2022-11-08 05:10:31
BE22016633	9	0	자취할 때는 이런 순간들이 정말 난처한 것 같아. 누구의 도움도 없이 오롯이 나 혼자 모든 걸 해결해야 하잖아. 이렇게 하기 싫은 일조차 말이야.	N	2022-08-31 03:38:52	2022-08-31 03:38:52
BE22016633	10	1	아무래도 혼자 살다 보면 스스로 책임질 일이 늘어나니, 그런 생각이 들곤 하지. 그래도 우리 동생이 의젓하게 적응하고 있는 것 같아 이 언니는 기특한걸.	N	2022-08-31 03:38:52	2022-11-08 05:10:31
BE22016633	11	0	하지만, 나는 당장 눈앞의 쓰레기 걱정만 해도 당황스러운걸. 사소한 실수를 크게 키워 어쩔 줄 몰라 하고 있잖아.	N	2022-08-31 03:38:52	2022-08-31 03:38:52
BE22016633	12	1	누구나 처음에는 실수하는 법이고, 거기에서 경험을 얻는 법이잖아. 누가 처음부터 완벽하게 해내겠어? 자책하기보다도 오늘을 통해 좋은 교훈을 얻었다고 생각하면 기분이 한결 나을 거야.	N	2022-08-31 03:38:52	2022-11-08 05:10:31
BE22016633	13	0	미처 그렇게 생각해보지 않았는데 언니 말이 큰 위안이 된다. 나도 모르게 부담을 느껴서 지금 상황에 더 당황하고 있었나 봐. 이제 그런 부담을 내려놓아도 좋겠다는 생각이 드네.	N	2022-08-31 03:38:52	2022-11-08 05:10:31
BE22016633	14	1	좋아. 비록 작은 실수가 있었다고 해도 넌 여전히 잘하고 있어. 누구나 난관과 시행착오를 거치는 법이니 너무 겁먹지 말고. 도움이 필요하면 언제든 내게 물어봐.	N	2022-08-31 03:38:52	2022-11-08 05:10:31
BE22016633	15	0	응. 언니 덕분에 어느새 마음도 진정되는 것 같아. 고마워.	Y	2022-08-31 03:38:52	2022-08-31 03:38:52
