id	utterance_id	utterance_type	utterance_text	terminate	regDate	updDate
BE22017045	1	0	형, 원래 회사에서 이런 거 해야 하는 거야? 아니, 일해야 하는 곳인데 뭔 랩 연습까지 시키는지 당황스러워서 정말 말이 안 나와. 내 생각에는 회사의 모든 사람이 도대체 일을 안 하고 왜 이러는지 참 한심하다는 생각이 들어.	N	2022-09-04 07:12:47	2022-11-08 05:12:58
BE22017045	2	1	어쩜 그런 일을 시키는 거니, 내가 알기론 네가 요즘 벅찬 회사 업무 때문에 힘들었잖아. 그런데 회식 준비로 랩 연습이라니 얼마나 당황스러울지 알기에 내가 되려 속상해. 당사자인 네가 너무 걱정돼서 정말 괜찮은 건지 너의 마음에 위로가 되어주고 싶어.	N	2022-09-04 07:12:47	2022-11-08 05:12:58
BE22017045	3	0	정말 이게 다 뭐 하는 짓인가 하는 생각이 들어. 회식일 뿐인 일에 이렇게 연습하고 내 업무 시간까지 할애하려니 너무 당황스러워. 등에 땀이 흐를 만큼 말이 안 되는 이 상황이 이해가 안 돼.	N	2022-09-04 07:12:47	2022-09-04 07:12:47
BE22017045	4	1	얼마나 황당한 심정이겠어, 더군다나 첫 직장에서 그런 일을 당하게 된 것이잖아. 더 놀라서 어찌할 바를 몰랐을 것 같다는 생각이 들어서 너무 안타까워. 요즘 시대에 그런 회사가 있다는 것도 놀랍고 그 피해자가 너라는 게 믿어지지 않는 심정이다.	N	2022-09-04 07:12:47	2022-11-08 05:12:58
BE22017045	5	0	처음에는 장난인 줄 알고 나도 하겠다고 했지. 그런데 진짜로 랩을 연습해야 하고 그것 때문에 야근까지 하게 돼버리니까 너무 당황스럽잖아. 하겠다고 말한 내가 죄인이지 뭐.	N	2022-09-04 07:12:47	2022-09-04 07:12:47
BE22017045	6	1	너의 잘못이 아닌 데 네가 그렇게 자책하는 모습이 떠올라 너무 속상하다. 넌 지금 처음 회사에 들어와서 문화를 몰랐던 것뿐이야. 그러니까 너무 자책하면서 너 자신을 괴롭히지 않았으면 좋겠고 힘을 내기를 바랄 뿐이야.	N	2022-09-04 07:12:47	2022-11-08 05:12:58
BE22017045	7	0	처음에는 나에게 계속 노래를 좋아하는지 물어보시고, 좋아하는 노래는 무엇인지 계속 물어봐서 순순히 대답했지. 그런데 이제는 나에게 랩이라는 파트도 주시고 연습도 하라고 하시니까. 너무 당황스러워서 이게 정말 현실인지 믿을 수가 없어.	N	2022-09-04 07:12:47	2022-09-04 07:12:47
BE22017045	8	1	얼마나 놀랐겠니, 원래 사람들 앞에 나서는 걸 좋아하는 사람이 잘 없잖아. 너에게 랩까지 시킨다는 문자만 읽어도 버거워하는 네가 느껴져서 내가 마음이 찢어질 것 같아.	N	2022-09-04 07:12:47	2022-11-08 05:12:58
BE22017045	9	0	그래도 나를 이렇게 생각해 주고 공감해 주는 형이 있어서 얼마나 다행인지 모르겠어. 난 지금 잠깐 쉬는 시간이라서 회사 밖에 나왔거든. 이대로 도망치고 싶지만 그러지도 못하는 현실이라서 너무 속상해.	N	2022-09-04 07:12:47	2022-09-04 07:12:47
BE22017045	10	1	일도 아니고 그런 연습에 너의 시간을 허비하고. 또 너에게 어려운 과제도 주시고 너의 상황을 떠올리면 내가 너무 가슴이 찢어질 것 같아. 그래도 네가 잘 이겨내려는 모습이 보여서 그건 참 대견하다는 생각이 들어.	N	2022-09-04 07:12:47	2022-11-08 05:12:58
BE22017045	11	0	나를 좋게 봐주고 나에게 힘을 주어서 내가 이렇게 나의 속마음을 말할 수 있는 거야. 회사에서 회식을 위해 랩을 연습한다는 것이 놀라서 어찌할 바를 몰라 탈출하고 싶은 심정이었어. 형이 생각나서 연락했더니 내 당황스러웠던 마음이 좀 진정되는 것 같아서 형에게 정말 고마워.	N	2022-09-04 07:12:47	2022-11-08 05:12:58
BE22017045	12	1	나의 문자를 통해서 네가 힘을 내었다는 말을 가장 듣고 싶었는데. 이렇게 네가 말해주니 기뻐서 말이 안 나올 지경이야. 사실 연락을 받은 그 순간부터 힘을 주고 싶었는데 막상 어떻게 해야 할지 모르겠더라고.	N	2022-09-04 07:12:47	2022-11-08 05:12:58
BE22017045	13	0	형이 어떻게 말을 해도 나를 걱정해서 하는 말이란 걸 난 알고 있으니까. 형이 말해주는 한마디가 나의 마음을 많이 바뀌게 하는 것 같아. 물론 형이 항상 나에게 응원을 보내 주는 덕도 있지.	N	2022-09-04 07:12:47	2022-09-04 07:12:47
BE22017045	14	1	그럼, 내 동생이라서 이런 말을 하는 게 아니고 넌 정말 현명하고 똑 부러지는 아이잖아. 그래서 어딜 가나 사랑받고 칭찬받는 사람인데. 이번에 황당한 일을 당하고 말을 잃었다고 하니까 내가 너무 속상해서 눈물이 날 것 같더라고.	N	2022-09-04 07:12:47	2022-11-08 05:12:59
BE22017045	15	0	그랬구나, 그래서 내가 형의 문자를 읽는데 눈시울이 붉어졌나 봐. 형의 나에게 보내주는 문자들을 읽으니까 감동해서 마음이 뭉클해지더라고. 역시 오늘도 회식을 위해 랩을 연습하느라 자괴감에 빠진 나를 구해준 형, 고마워.	Y	2022-09-04 07:12:47	2022-11-08 05:12:59
