id	utterance_id	utterance_type	utterance_text	terminate	regDate	updDate
BE22019531	1	0	언니, 내가 이번 달에 쓴 돈을 점검 해 봤어. 그런데 아이들 재택 수업은 줄었는데 식대는 늘어났더라고. 이런 결과가 나올 지 몰라서 너무 당황스러워.	N	2022-09-22 00:11:15	2022-09-22 00:11:15
BE22019531	2	1	드디어 등교를 할 수 있게 되었구나. 코로나도 끝나니 여행도 가고 외식도 해서 그럴 수도 있겠다. 너무 부담되는 정도의 지출인 거야?	N	2022-09-22 00:11:15	2022-11-08 05:34:49
BE22019531	3	0	매달 이렇게 나가면 내가 아르바이트를 해야 할 정도야. 외식도 그렇게 자주 하지 않았는데, 왜 이렇게 나왔는지 조금 혼란스러워. 이번 달에 과하게 장을 봤다고 생각한 적도 없어서 정말 당황스럽네.	N	2022-09-22 00:11:15	2022-11-08 05:34:49
BE22019531	4	1	지금 아이들이 눈에 띄게 자라는 시기잖아. 우리 아이도 네 아이들 나이였을 때 갑작스럽게 먹는 양이 늘었거든. 나도 그때 모아 놓은 영수증을 보고 놀란 적이 있어서 네 마음 이해해.	N	2022-09-22 00:11:15	2022-11-08 05:34:49
BE22019531	5	0	그랬구나, 그런데 난 영수증을 언니처럼 따로 모아 놓지 않아서 원인을 알 수가 없어. 이 상황을 남편에게 어떻게 말해야 할지도 걱정이야. 경제적인 부분은 나를 믿고 맡기는데 이렇게 된 것이라서 내 잘못인 것 같아 더 당황스러워.	N	2022-09-22 00:11:15	2022-09-22 00:11:15
BE22019531	6	1	코로나 때문에 갑자기 생각하지 못한 지출이 발생할 수도 있는 거지, 이런 일은 처음 겪잖아. 이번 일을 계기로 개선해서 관리하다 보면 앞으로 별 탈 없을 테니 걱정하지 마. 넌 지금까지 뭐든 꼼꼼하게 잘 해냈잖아.	N	2022-09-22 00:11:15	2022-11-08 05:34:49
BE22019531	7	0	직장에서도 회계 업무를 보니까 가계 예산은 별거 없이 할 수 있을 줄 알았어. 그런데 이런 일이 벌어지니까 남편한테도 미안하고 당황스러워서 앞으로도 계속할 수 있을지 걱정이야. 또 실수를 하고 내가 무언가 놓칠까 봐 더 이상 관여하기 무서워.	N	2022-09-22 00:11:15	2022-11-08 05:34:49
BE22019531	8	1	익숙하지 않은 일에 문제가 발생해서 네가 더 당황할 수밖에 없었던 것 같아. 그렇지만 생각하지 못한 일을 맞닥뜨리면 누구나 너처럼 반응할 수 있다고 생각해. 언제나 그랬던 것처럼 이번 일도 잘 해결될 것이라고 생각하면 마음이 조금 단단해질 거야.	N	2022-09-22 00:11:15	2022-11-08 05:34:49
BE22019531	9	0	하지만 내가 앞으로도 경제권을 가져야 하는 것인지 혼란스러워. 지금 업무도 긴장하고 정신없이 하는 내가 과연 계속 관리를 할 수 있을까? 자꾸 당황할 일이 발생할 것 같아.	N	2022-09-22 00:11:15	2022-11-08 05:34:49
BE22019531	10	1	그런 말을 하기엔 넌 무엇이든 빨리 적응하고 익숙해지는 사람이잖아. 그런 너를 믿고 조금만 더 자신감을 가지면 분명 맡은 일을 모두 잘 해낼 거야. 언젠가 이 일도 재미있게 얘기할 가족 에피소드가 될 테니 마음 편하게 가져도 돼.	N	2022-09-22 00:11:15	2022-11-08 05:34:49
BE22019531	11	0	언니 말을 들으니까 조금 용기가 난다. 언니처럼 나도 날 믿으면 더 침착하게 해낼 수 있을 것 같아. 남편에게 얘기하고 가계 예산을 조금 더 잘 관리할 방법을 찾아봐야겠어.	N	2022-09-22 00:11:15	2022-09-22 00:11:15
BE22019531	12	1	이제야 씩씩한 내 동생답다. 분명 이야기하다 보면 네가 생각한 것보다 큰일이 아니었다고 여기게 될 거야.	N	2022-09-22 00:11:15	2022-11-08 05:34:50
BE22019531	13	0	맞아. 부부가 머리를 맞대면 못 이겨낼 일은 없지. 그렇게 말해주니까 정말 힘이 돼.	N	2022-09-22 00:11:15	2022-09-22 00:11:15
BE22019531	14	1	도움이 되었다면 다행이다. 만약 너무 큰 지출이 문제가 된다면 나도 도와줄 수 있으니 너무 걱정하지 마.	Y	2022-09-22 00:11:15	2022-09-22 00:11:15
