id	utterance_id	utterance_type	utterance_text	terminate	regDate	updDate
BE22020196	1	0	언니, 나 얼굴에 트러블이 생겨서 고민이야.	N	2022-09-23 00:38:50	2022-09-23 00:38:50
BE22020196	2	1	어머, 어쩌니 너 많이 신경 쓰이겠다. 여름에는 트러블 주위가 화끈거려서 관리하기가 까다로울 텐데 피부과에는 다녀왔니?	N	2022-09-23 00:38:50	2022-11-08 05:28:42
BE22020196	3	0	아직 못 갔어. 전에 사용하던 연고가 남아 있어서 그것만 바르고 있어. 그런데 오늘 아침에 조금씩 커지는 것 같아서 당황스러워.	N	2022-09-23 00:38:50	2022-11-08 05:28:42
BE22020196	4	1	그랬구나, 많이 신경쓰이고 걱정되겠다. 그런데 전에 사용하던 연고를 바르는 것보다 시간 내서 피부과에 다시 다녀오는 게 나을 것 같아. 보기에 같은 트러블로 보여도 혹시 다른 종류의 것일 수도 있으니까 진단을 받아보는 게 좋을 것 같은데?	N	2022-09-23 00:38:50	2022-11-08 05:28:42
BE22020196	5	0	그런가? 지난번 트러블 때 이 연고를 바르고 많이 좋아 졌거든 그래서 마음 놓고 발랐는데. 이번주에는 회사에 일이 많아, 그래도 내일은 시간 내서 병원에 가봐야겠어.	N	2022-09-23 00:38:50	2022-11-08 05:28:42
BE22020196	6	1	그렇게 해야겠다. 네가 요즘 병원에 다녀올 틈도 없이 바쁜가 보구나, 일도 많고 힘들겠다. 여름철에는 수면하고 영양벨런스가 가장 중요한데 그렇게 바쁘면 건강이 흐트러지기 쉽지. 얼른 빠쁜 일들이 지나가야 할 텐데.	N	2022-09-23 00:38:50	2022-11-08 05:28:42
BE22020196	7	0	그러게 말이야. 언니, 나는 잠을 푹 못 자면 꼭 피부에 문제가 생기는 것 같아. 전에도 그랬고 이번에도 퇴근이 늦어지면서 잠을 충분히 못 자니까 피부가 이렇게 됐어. 다음 주 마감 전까지는 계속 야근 해야할 것 같은데 고민 된다.	N	2022-09-23 00:38:50	2022-11-08 05:28:42
BE22020196	8	1	그렇겠다. 잠 자는 시간이 어쩔 수 없이 짧다면 네 수면 환경을 체크해 보면 좋겠다. 에어컨 온도나 침구 그리고 외부에서 비치는 불빛 등을 확인해 보렴. 조금 자도 푹 잘 수 있도록 몇 가지를 바로잡을 수 있으면 도움되지 않겠니?	N	2022-09-23 00:38:50	2022-11-08 05:28:42
BE22020196	9	0	그렇겠네 언니. 그러고 보니 집에 오면 에어컨을 강으로 틀고 자다가 중간에 다시 끄고 선풍기로 바꾸고는 했어. 그러면 깊은 잠을 자기는 어려웠겠네. 침구도 이번 주말에 갈아 주면 더 나을 것 같고.	N	2022-09-23 00:38:50	2022-11-08 05:28:42
BE22020196	10	1	언니는 요즘같은 한 여름에는 에어컨 온도를 26도로 맞추고 잔단다. 그러면 아침까지 알맞고 중간에 일어날 일도 없어. 수면이 네 피부에 영향을 많이 준다면 도움이 될 수도 있겠다.	N	2022-09-23 00:38:50	2022-11-08 05:28:42
BE22020196	11	0	잠을 푹 자면 피부도 안정되고 머리도 맑아져서 일도 더 집중할 수 있으니까 좋지. 주요한 부분을 내가 소홀히 했는데 언니와 대화하면서 알게 되었네?	N	2022-09-23 00:38:50	2022-11-08 05:28:42
BE22020196	12	1	언니는 네가 혼자 지내니까 늘 건강을 잘 돌봤으면 하는 마음이야. 건강은 나도 모르는 사이에 조금씩 좋아질 수도 있고 조금씩 나빠질 수도 있어. 네 피부 트러블도 조금 힘들어 하다가 점점 커지면서 지금처럼 된 걸 거야.	N	2022-09-23 00:38:50	2022-11-08 05:28:42
BE22020196	13	0	그렇겠네. 우리팀이 다 같이 야근 하는데 유독 내가 힘들어 하니까 팀장님도 걱정하시더라고. 피부 트러블이나 다른 건강이나 평소에 잘 관리하라는 언니 충고 명심 할께.	N	2022-09-23 00:38:50	2022-11-08 05:28:42
BE22020196	14	1	그래야지. 이제 걱정하지 말고 푹 자렴. 내일 병원 다녀오면 많이 나아질 테니까.	Y	2022-09-23 00:38:50	2022-09-23 00:38:50
