id	utterance_id	utterance_type	utterance_text	terminate	regDate	updDate
BE22009007	1	0	형 나 오늘 완전 당혹스러움과 죄책감에 빠진 하루다.	N	2022-07-15 02:14:21	2022-11-08 04:22:20
BE22009007	2	1	두 가지 감정에 빠졌다니, 무슨 일이 있었길래 그래?	N	2022-07-15 02:14:21	2022-11-08 04:22:20
BE22009007	3	0	오늘 여자 친구랑 데이트하고 있는데 내가 실수로 전 여자 친구 이름을 부른 거야.	N	2022-07-15 02:14:21	2022-11-08 04:22:20
BE22009007	4	1	네가 일부러 그런 것도 아니고 실수였잖아. 근데 완전 당황스럽긴 했겠다.	N	2022-07-15 02:14:21	2022-11-08 04:22:20
BE22009007	5	0	어, 완전 당황했지. 그리고 어찌나 미안하던지. 싹싹 빌었어.	N	2022-07-15 02:14:21	2022-11-08 04:22:20
BE22009007	6	1	그렇지. 다른 사람도 아니고 전 여자 친구 이름을 불렀으니까 얼마나 미안하겠어. 생각만 해도 아찔하다. 여자 친구가 사과는 받아줬어?	N	2022-07-15 02:14:21	2022-11-08 04:22:20
BE22009007	7	0	받아주긴 했는데 내가 지금 죄책감이 심해. 내가 그런 실수를 했다니.	N	2022-07-15 02:14:21	2022-11-08 04:22:20
BE22009007	8	1	형 같아도 스스로 죄책감이 들 거 같다. 근데 그렇다고 너무 너 자신을 자책하지 않았으면 좋겠어. 실수로 발생한 일이잖아.	N	2022-07-15 02:14:21	2022-11-08 04:22:20
BE22009007	9	0	그렇긴 한데 나도 놀랐어. 갑자기 그 애 이름이 왜 나온 거지?	N	2022-07-15 02:14:21	2022-11-08 04:22:20
BE22009007	10	1	그러게, 네가 전에 만났던 친구가 가장 오래 만나지 않았나? 그래서 너도 모르게 습관처럼 이름을 부른 거 같은데, 너도 잘못 부르자마자 얼마나 당황했을까.	N	2022-07-15 02:14:21	2022-11-08 04:22:20
BE22009007	11	0	나도 모르게 그랬나 봐. 진심으로 사과했는데도 마음이 불편해.	N	2022-07-15 02:14:21	2022-11-08 04:22:20
BE22009007	12	1	껄끄러운 상황이었으니까 당연히 마음이 편하지 않지. 그래도 여자 친구한테 진심으로 사과했다며, 너무 걱정하지 마. 실수로 발생한 일이라서 여자 친구도 이해해줄 거야.	N	2022-07-15 02:14:21	2022-11-08 04:22:20
BE22009007	13	0	그렇겠지? 내 여자 친구가 마음이 좀 넓긴 해.	N	2022-07-15 02:14:21	2022-11-08 04:22:20
BE22009007	14	1	내 동생이 만나는 여자라면 엄청 괜찮은 사람이지. 그건 내가 장담한다. 너무 기죽지 말고 잘 만나봐, 사과하는 계기로 분위기 좋은 곳 가서 맛있는 거 사주고.	N	2022-07-15 02:14:21	2022-11-08 04:22:20
BE22009007	15	0	그래야겠다. 맛있는 거 먹으면 기분도 풀릴 거야. 형, 조언 고마워.	Y	2022-07-15 02:14:21	2022-11-08 04:22:20
