id	utterance_id	utterance_type	utterance_text	terminate	regDate	updDate
BE22016838	1	0	내 친구 중 한 명이 MBTI를 맹신하는 애가 있어서. 뭐만 하면 MBTI 얘기를 하고, 친구들한테도 너는 J니까 어쩌고저쩌고하면서 잔소리하더라고. 아무 때나 그러니까 얼마나 당황스러운지 몰라.	N	2022-09-01 01:32:41	2022-11-08 05:11:45
BE22016838	2	1	시도 때도 없이 MBTI 얘길 해서 네가 당황스러웠구나. 때와 장소에 맞지 않게 자기만 관심 있는 얘길 하면 주변 사람들이 당황스러운 건 당연하지. 내가 너였어도 민망하고 곤란했을 거야.	N	2022-09-01 01:32:41	2022-11-08 05:11:45
BE22016838	3	0	내가 이상한 거 아니지? 그 친구가 요즘에 MBTI가 얼마나 유행인지 아냐고 면박을 주길래 더더욱 당황스러웠거든. 너무 맹신하니까 내가 뭘 어떻게 해야 할지 모르겠고 난감하더라고.	N	2022-09-01 01:32:41	2022-11-08 05:11:46
BE22016838	4	1	네가 이상한 거 절대 아니니까 너무 신경 쓰지 마. 그 친구가 유난히 거기에 몰입해서 그런 거니까 네가 그걸로 마음 쓸 필요 없어. 뭐든지 과몰입은 좋지 않아.	N	2022-09-01 01:32:41	2022-11-08 05:11:46
BE22016838	5	0	게다가 더 당황스러운 건 내 MBTI랑 내 직업이 안 어울린다면서 당장 그만두라는 거야. 나 같은 사람이 이 일을 하면 안 된다고. 나는 내 직업에 자부심이 있고 만족스러운데 그런 말을 들으니 어쩔 줄 모르겠더라.	N	2022-09-01 01:32:41	2022-09-01 01:32:41
BE22016838	6	1	전혀 생각지도 않게 그런 말을 들으니 정말 난감하고 곤란했겠다. 괜히 내가 잘하고 있나 의심이 들고 마음이 불편했겠어. 그렇지만 넌 충분히 잘하고 있으니까 그런 말 때문에 당황할 필요 없어.	N	2022-09-01 01:32:41	2022-11-08 05:11:46
BE22016838	7	0	누나가 그렇게 말해주니까 마음이 좀 풀린다. 물론 나도 MBTI 관심 있고, 재미있어. 근데 걔는 그걸로 다른 사람들을 민망하게 하고 곤란하게 해서 문제야.	N	2022-09-01 01:32:41	2022-11-08 05:11:46
BE22016838	8	1	직접 보진 않았지만 네가 당황해서 얼마나 곤란했을지 눈에 훤하다. 듣는 내가 다 민망하고 불편하네. 네가 많이 불편하면 친구에게 넌지시 그 얘긴 그만하자고 말해 봐.	N	2022-09-01 01:32:41	2022-11-08 05:11:46
BE22016838	9	0	그래 봐야겠다. 그래도 좋은 점이 많은 친구라서 인연을 끊고 싶진 않아. 잘 얘기해서 다시 예전처럼 편하게 만나고 싶어.	N	2022-09-01 01:32:41	2022-09-01 01:32:41
BE22016838	10	1	너를 당황하게 만든 친구인데도 그 친구를 좋게 생각하는 네 마음이 참 너그럽네. 네가 그렇게 친구를 위해 진심으로 말해준다면 친구도 네 말을 받아들일 거야. 너는 잘 해낼 수 있을 거야.	N	2022-09-01 01:32:41	2022-09-01 01:32:41
BE22016838	11	0	응, 고마워 누나. 누나 말대로 내 진심을 솔직하게 전해볼게. 누나의 조언을 들으니까 마음이 한결 가벼워졌어.	N	2022-09-01 01:32:41	2022-11-08 05:11:46
BE22016838	12	1	그래, 잘 생각했어. 친구끼리도 적절한 선을 지키는 게 중요하지. 네 마음이 편할 수 있다면 누나는 그걸 응원해.	N	2022-09-01 01:32:41	2022-11-08 05:11:46
BE22016838	13	0	응원해줘서 고마워, 누나. 덕분에 어떻게 할지 마음도 정하고 머리도 맑아졌어. 친구랑 잘 얘기해볼게.	N	2022-09-01 01:32:41	2022-11-08 05:11:46
BE22016838	14	1	누나가 도움이 되어서 다행이네. 어쨌든 잘 해결하길 바랄게. 또 얘기할 거 있으면 누나한테 언제든 해.	Y	2022-09-01 01:32:41	2022-09-01 01:32:41
