id	utterance_id	utterance_type	utterance_text	terminate	regDate	updDate
BE22022634	1	0	언니, 나 지금 너무 당황스러워서 어떻게 해야 할지 모르겠어. 남편 생일을 깜빡하고 있었는데 시어머니가 전화하셨어. 미역국 끓여서 먹이고 출근 시켰냐고 순간 머리가 하얗게 되는 거 같았어.	N	2022-09-29 06:45:36	2022-09-29 06:45:36
BE22022634	2	1	너 엄청 당황스럽고 어떻게 해야 하나 고민이 많겠다. 모르고 있던 걸 다른 사람이 먼저 이야기하면 진짜 아무 생각도 안 나고 멍해지더라. 지금 당혹스러울 너를 생각하니까 너무 안타까워.	N	2022-09-29 06:45:36	2022-11-08 05:49:40
BE22022634	3	0	지난주에 남편 생일이 이번 주에 있다고 알고 있었거든. 나는 아직도 며칠 여유가 있는 줄 알고 천천히 준비해야겠다 생각했지. 시어머니 전화를 받고 순간 얼어서 지금 어떻게 하나 싶어서 당황스러웠어.	N	2022-09-29 06:45:36	2022-11-08 05:49:40
BE22022634	4	1	네 마음이 어떨지 너무 이해된다. 나도 예전에 형부 생일 지나고서 생일상을 차려 준 적이 있어. 얼마나 미안하고 창피하던지 형부가 내년에 두 번 차려주는 줄 알았다고 놀리는데 얼굴이 빨개지더라.	N	2022-09-29 06:45:36	2022-11-08 05:49:40
BE22022634	5	0	언니도 그런 적이 있었구나. 맞아, 정말 어떻게 시어머니께 말을 해야 할지 싶어서 너무 당황스러워. 따로 산다고 더 걱정하시는 거 같았는데 괜히 죄송해지더라고.	N	2022-09-29 06:45:36	2022-09-29 06:45:36
BE22022634	6	1	너도 바빠서 근처에 제부 생일이 있다고 알고는 있었을 텐데. 네가 예상한 것 보다 더 빨랐으니 당혹스럽고 놀랐을 거 같아. 네가 지금 시어머니 전화 받고 얼마나 난감했을지 상상만 해도 내 마음이 다 아프다.	N	2022-09-29 06:45:36	2022-11-08 05:49:40
BE22022634	7	0	맞아, 이번 주에 있다고 생각은 했지만, 오늘이 남편 생일일 거라고 생각은 못 했거든. 그런데 시어머니 전화에 순간적으로 패닉이 오더라고. 남편도 아무 이야기 없이 출근해서 더 머리가 띵하고 당혹스러워.	N	2022-09-29 06:45:36	2022-09-29 06:45:36
BE22022634	8	1	얼마나 바쁜 하루하루를 보냈으면 남편 생일도 잊고 있었을 지 이해가 돼. 정신없는 날들을 보내면 요일 감각이 사라지가도 하잖아. 제부도 네 사정을 알고 차마 이야기 할 수 없었을 거야, 그러니 스스로 힘들어하지 마.	N	2022-09-29 06:45:36	2022-11-08 05:49:40
BE22022634	9	0	상황을 시어머니께 죄송하다고 말씀드리고 저녁에 꼭 챙기겠다고 했어. 그런데 말씀드리면서 너무 창피하고 부끄러워서 얼굴이 화끈거리더라.	N	2022-09-29 06:45:36	2022-09-29 06:45:36
BE22022634	10	1	만약 내가 네 입장이어도 민망하고 난처했을 거야. 시어머니가 먼저 미역국 얘기하셨는데도, 거짓말으로 말하지 않고 오히려 솔직하게 인정하는 모습이 멋져. 네가 일부러 그런 것은 아니지만 잘못을 인정한다는 게 쉬운 일이 아니잖아, 그래서 더 대단해.	N	2022-09-29 06:45:36	2022-11-08 05:49:40
BE22022634	11	0	통화하면서 짧은 순간에 혼자서 진짜 고민했어. 거짓말을 할까 말까 그런데 내가 너무 양심에 찔리더라. 그래도 언니가 경험이 있어서 그런지 내 입장을 잘 알아줘서 당황스러운 마음이 좀 진정돼.	N	2022-09-29 06:45:36	2022-11-08 05:49:40
BE22022634	12	1	사실 나는 거짓말하고 위기를 모면했을 거 같아. 그런데 너는 용기 있게 모르는 죄송하다고 하니, 다시 생각해도 너무 대단해.	N	2022-09-29 06:45:36	2022-11-08 05:49:40
BE22022634	13	0	언니가 그렇게 얘기해 주니까 마음이 많이 편해진다. 사실 언니처럼 거짓말해서 모면할 수 있었겠지만, 나중에 알면 더 화가 나셨을 거 같아.	N	2022-09-29 06:45:36	2022-11-08 05:49:40
BE22022634	14	1	네가 판단을 잘해서 잘 마무리된 거 같다. 퇴근하면서 미역이랑 고기 사서 제부 미역국 꼭 끓여서 먹여라. 제부한테 생일 축하한다고 전달하고 또 무슨 일 있으면 또 연락해.	Y	2022-09-29 06:45:36	2022-11-08 05:49:40
