id	utterance_id	utterance_type	utterance_text	terminate	regDate	updDate
BE22013127	1	0	요즘 회사에서 당황스러운 일들이 많아서 고민이야. 우리 부서에 외국인 직원이 새로 들어왔거든. 그 직원이랑 근무하면서 외국어가 늘어서 여러 가지 예상치 못했던 일들이 많이 생겨.	N	2022-08-04 05:31:17	2022-11-08 04:48:33
BE22013127	2	1	회사에서 무슨 힘든 일이라도 있었던 거니? 형한테 다 말해봐.	N	2022-08-04 05:31:17	2022-11-08 04:48:33
BE22013127	3	0	이 외국인 직원이랑 말 통하는 사람이 나밖에 없어서 그런지 이 사람이 나한테 과하게 의지해. 그리고 회사 사람들도 그 언어에 대한 모든 일들을 나한테 부탁하니까 황당하더라. 사실 나 그렇게 외국어 잘하는 편도 아니란 말이야.	N	2022-08-04 05:31:17	2022-11-08 04:48:33
BE22013127	4	1	그 정도라니, 너무 스트레스받겠다. 신입인데 그렇게 과중한 책임을 져야 한다니 얼마나 중압감이 크겠어. 회사에서 적응하고 일 배우기도 바쁜데 예측할 수 없는 상황이 벌어지니까 너도 정말 어안이 벙벙하겠다.	N	2022-08-04 05:31:17	2022-11-08 04:48:33
BE22013127	5	0	나도 잘하는 것도 아니고, 인터넷 찾아서 겨우 번역하는 수준인데 말이야. 잡다한 메일 보내기나 해외 거래처 연락도 다 내가 맡게 되어서 스트레스가 크네. 예정에도 없는 업무를 갑자기 부탁받으면 정말 당황스럽다고!	N	2022-08-04 05:31:17	2022-11-08 04:48:33
BE22013127	6	1	왜 아니겠어. 네 업무하느라 바쁜데, 외국어 조금 할 줄 안다고 그렇게 일을 떠넘기다니 말이야. 안 그래도 신입 사원이라 많이 조심스러울 텐데, 그런 업무까지 맡게 되었으니 얼마나 당황스럽니.	N	2022-08-04 05:31:17	2022-11-08 04:48:33
BE22013127	7	0	이런 일들이 반복되니까 내가 일을 못 하는 것 같아서 마음이 너무 위축돼. 자신 있게 해내야 하는 업무에서도 자꾸 주눅이 드니까 문제야.	N	2022-08-04 05:31:17	2022-11-08 04:48:33
BE22013127	8	1	네 얘기를 들으니 내가 신입 사원이었던 시절이 떠올라서 네 입장에 공감이 많이 되네. 잘하고 싶은데, 유창하지도 않은 외국어 좀 한다고 잘 알지도 못하는 일을 맡은 거잖아. 네가 얼마나 마음속 깊이 앓고 있었을지 짐작이 돼.	N	2022-08-04 05:31:17	2022-11-08 04:48:33
BE22013127	9	0	내가 우리 부서에서 그 외국어를 제일 잘하는 한국인 직원이니까 어느 정도 이해는 돼. 나도 그 외국어에 대해서 크게 거리낌이 없기도 하고. 그렇지만 매번 이런 부탁을 받으니 내 업무에 혼선이 생기네.	N	2022-08-04 05:31:17	2022-11-08 04:48:33
BE22013127	10	1	이렇게 생각해보면 어떨까? 네가 외국어를 그만큼 잘하는 인재이기 때문에 업무를 부탁받는다고 생각하는 거야.	N	2022-08-04 05:31:17	2022-11-08 04:48:33
BE22013127	11	0	그런 관점에서는 생각해 본 적 없는데, 형 말도 일리가 있는 것 같아. 사실 회사에서도 내 덕에 업무를 믿고 맡길 수 있다는 평가를 듣기는 했거든. 그런데 내가 너무 부담스러운 상황이었어.	N	2022-08-04 05:31:17	2022-11-08 04:48:33
BE22013127	12	1	외국어를 사용해야 하는 업무와 관련해서 긍정적인 평가를 받다니, 정말 대단한걸! 그것 봐, 회사에서도 네 역량을 믿고 그 업무를 맡긴 걸 거야. 그런데 네가 그렇게 스트레스를 받는 상황에서도 업무를 잘 수행하니까 형으로서 정말 대견하다.	N	2022-08-04 05:31:17	2022-11-08 04:48:33
BE22013127	13	0	나도 신입이지만 일을 잘하는 직원이 되고 싶어. 그런데 아직은 내 할 일도 제대로 못 하는 것 같아서 마음이 많이 쓰였어. 책임감이 필요한 일들을 자꾸 부탁하니까 부담스러웠거든.	N	2022-08-04 05:31:17	2022-11-08 04:48:33
BE22013127	14	1	네가 그만큼 열정적이고 신뢰감을 주는 인재라는 거지. 회사에서 신입 사원한테 중요 업무를 맡기는 일이 드문데, 너는 가능하다는 거잖아! 하지만 너무 부담스러우면 인사과에 부탁하거나 그 외국인 직원과 일을 나눠서 진행하는 식으로 하면 어떨까?	N	2022-08-04 05:31:17	2022-11-08 04:48:33
BE22013127	15	0	왜 그 생각을 못 했지? 그동안은 업무 처리할 때 나 혼자 하는 게 편해서 앓고 있었거든. 앞으로는 그 외국인 직원이랑 같이해도 되겠다.	N	2022-08-04 05:31:17	2022-11-08 04:48:33
BE22013127	16	1	그래. 난 직장인들한테 외국어를 할 수 있는 능력이 아주 중요하다고 생각하거든. 잘하고 있으니 너무 부담감만 갖지 말고 긍정적으로도 생각했으면 좋겠다. 이 일을 계기로 너 자신을 더 발전시키는 계기가 될 수도 있으니까.	N	2022-08-04 05:31:17	2022-11-08 04:48:33
BE22013127	17	0	형이 해주는 말을 들으니까 나도 더 용기를 갖게 되네. 생각해보니까 업무량 때문에 내가 예민했나 봐. 사실 외국어 잘하는 건 장점인 건데, 나도 형 말대로 긍정적으로 생각해 봐야겠다.	N	2022-08-04 05:31:17	2022-11-08 04:48:33
BE22013127	18	1	그래. 언젠간 네 능력을 성장시켜서 꼭 회사에서 필요한 사람이 되어 있을 거야! 그리고 네 능력을 의심하는 날들도 없어질 거고. 아무쪼록 네가 마음에 조금만 여유를 가지고 멋지게 직장 생활해 나갔으면 좋겠어. 형이 응원할게!	Y	2022-08-04 05:31:17	2022-11-08 04:48:33
