id	utterance_id	utterance_type	utterance_text	terminate	regDate	updDate
BE22004655	1	0	오늘 정말 큰 일 날 뻔했어.	N	2022-06-28 09:37:48	2022-11-08 03:54:21
BE22004655	2	1	왜 무슨 일이 있었는데 그래? 언니 지금 한 달 살기 한다고 제주도에 갔잖아.	N	2022-06-28 09:37:48	2022-11-08 03:54:21
BE22004655	3	0	맞아 오늘은 여미지식물원에 가려고 서귀포 쪽으로 넘어가고 있었거든. 근데 어제 제주에 도착해서 너무 피곤했었는지 나도 모르게 깜빡 잠이 든 거야. 운전대를 잡고 선.	N	2022-06-28 09:37:48	2022-11-08 03:54:21
BE22004655	4	1	세상에 어떻게 그런 일이 나 지금 심장이 쿵쾅거려서 숨을 쉴 수가 없어. 언니 운전할 땐 늘 긴장하는 사람인데 그래서 사고라도 난 거야? 어디 다친 데는 없고? 많이 놀랐지?	N	2022-06-28 09:37:48	2022-11-08 03:54:21
BE22004655	5	0	눈을 떴는데 조수 석 쪽으로 차가 야자수를 받았어. 일단 뒷자리의 아이들 먼저 확인했는데 애들도 피곤 했는지 모두 잠들어 있던 상태였거든. 다행히 안전밸트를 차고 있어서 사고로 깜짝 놀라 깬 것 말고는 아무 일도 없었어.	N	2022-06-28 09:37:48	2022-11-08 03:54:21
BE22004655	6	1	언니가 아이들의 상태를 확인하면서 걱정으로 숨이 멎는 느낌이었겠다. 당사자인 언니가 얼마나 놀랐을지 상상이 잘 안 된다. 지금은 좀 진정이 된 거야? 아이들과 언니는 어떤 상태야?	N	2022-06-28 09:37:48	2022-11-08 03:54:21
BE22004655	7	0	차가 깊게 찌그러질 정도로 망가져서 수리에 들어갔어. 하지만 나 때문에 다른 차가 피해를 보지 않아서 일단 다행이야. 그리고 나와 아이들은 병원 가서 간단히 검사를 받았는데 아무 이상도 없어.	N	2022-06-28 09:37:48	2022-11-08 03:54:22
BE22004655	8	1	비록 사고는 났지만 아무도 다치지 않은 것이 얼마나 다행인지 모르겠어. 언니도 불행 중 다행이라 여기지?	N	2022-06-28 09:37:48	2022-11-08 03:54:22
BE22004655	9	0	그러니까 혹 나의 실수로 인해 누군가 크게 다친다면 돌이킬 수 없는 상처를 입었겠지. 아무도 그 누구도 다치지 않아서 이것만큼 기쁜 일이 없어. 아마 내 평생 운을 오늘 다 쓴 기분이야 누구든 붙잡고 고맙다고 말하고 싶어.	N	2022-06-28 09:37:48	2022-11-08 03:54:22
BE22004655	10	1	나도 고마워 언니와 조카들 모두 무사함이 얼마나 감사한지 모르겠어. 매사 조심스럽고 똑 부러지는 언니이고 이번 일로 더 느꼈겠지만 조금만 피로해도 운전 쉬자.	N	2022-06-28 09:37:48	2022-11-08 03:54:22
BE22004655	11	0	오늘은 하늘이 준 큰 선물이라고 생각하고 네 말대로 잠이 오면 운전 안 할 거야. 이건 몸으로 체득한 큰 교훈이기도 하니까.	N	2022-06-28 09:37:48	2022-11-08 03:54:22
BE22004655	12	1	그래 잘못을 인정하고 반성하는 모습을 보니 역시 우리 언니구나 싶어. 차는 수리에 들어갔고 제주도에는 계속 있을 예정이야?	N	2022-06-28 09:37:48	2022-11-08 03:54:22
BE22004655	13	0	응. 한 달은 채우려고 해. 차는 새로 렌트했어. 일단 오늘은 놀란 마음도 달랠 겸 숙소에서 조용히 있을 예정이야. 이제부터 제2의 삶이라 여기고 더 깊이 있게 살도록 고민해야겠어.	N	2022-06-28 09:37:48	2022-11-08 03:54:22
BE22004655	14	1	그래 아무 일 없다 해도 놀란 마음을 진정시킬 여유가 필요하겠지. 언니 오늘 정말 고생 많았어. 있는 동안 좋은 생각 많이 하고 아이들과 추억 많이 쌓아.	N	2022-06-28 09:37:48	2022-11-08 03:54:22
BE22004655	15	0	어, 그래야겠다. 주말에 시간 나면 너도 며칠 쉬다 가.	N	2022-06-28 09:37:48	2022-11-08 03:54:22
BE22004655	16	1	응 언니와 아이들이 무사한지 살펴볼 겸 내가 맛있는 거 사줄게.	N	2022-06-28 09:37:48	2022-11-08 03:54:22
BE22004655	17	0	그래 기대되는걸. 조심히 와.	Y	2022-06-28 09:37:48	2022-11-08 03:54:22
