id	utterance_id	utterance_type	utterance_text	terminate	regDate	updDate
BE22021504	1	0	형 나 이번에 여자친구랑 놀러 가려고 운전하다가 당황스러운 상황을 봤어.	N	2022-09-26 03:25:59	2022-11-08 05:42:59
BE22021504	2	1	무슨 일이야? 원래 운전 하다보면 여러 가지 다양한 일이 생기고는 하지만 그렇게 이상한 상황이었어?	N	2022-09-26 03:25:59	2022-09-26 03:25:59
BE22021504	3	0	나는 여태껏 살면서 처음 보긴 했는데. 신호 대기 하다가 초록 불이 됐는데 1차선에서 우회전을 하더라고.	N	2022-09-26 03:25:59	2022-09-26 03:25:59
BE22021504	4	1	뒤에 차는 없었어? 뒤에 차가 있었으면 충분히 사고도 남을 만한 큰일이었겠는데?	N	2022-09-26 03:25:59	2022-11-08 05:42:59
BE22021504	5	0	다행히 바로 뒤에는 없었고 조금 뒤에서 달려오던 차가 있었는데. 다행히 반응을 빨리해서 사고는 안 나고 잘 넘어갔어. 기본 지식도 없이 운전하면서 1차선에서 우회전하는 걸 보니 한심하더라고.	N	2022-09-26 03:25:59	2022-09-26 03:25:59
BE22021504	6	1	좀 너무하긴 했다 뒤에 조금만 가까이 있었어도 사고가 났을 거고. 그럼 그 뒤에 있던 차는 무슨 죄가 있어서 사고가 나야겠어 엄청 억울했을 거야.	N	2022-09-26 03:25:59	2022-11-08 05:42:59
BE22021504	7	0	맞아. 그 뒤에 차가 내 차였다고 생각하면 정말 끔찍해. 앞으로도 방어 운전을 잘 하면서 다녀야겠어.	N	2022-09-26 03:25:59	2022-11-08 05:42:59
BE22021504	8	1	그래도 너는 반응속도도 빠르고 처음부터 워낙 운전을 잘해서. 지금 하던 대로만 운전해도 사고 안 나고 잘 다닐 거야.	N	2022-09-26 03:25:59	2022-09-26 03:25:59
BE22021504	9	0	그래도 또 사람 일이라는 게 모르다 보니까. 앞으로도 안전하게 운전을 할 수 있을지 걱정이 되는 건 어쩔 수 없네.	N	2022-09-26 03:25:59	2022-09-26 03:25:59
BE22021504	10	1	아니야 너도 지금 운전한지 6년 차인데 무사고로 잘 운전하면서 다니잖아. 오히려 지금처럼 너무 걱정하고 불안해하면 더 운전하는데 방해가 될 거야. 그냥 지금처럼만 주위 잘 신경 쓰면서 운전하면 충분히 괜찮을 거야 너무 걱정하지 마.	N	2022-09-26 03:25:59	2022-11-08 05:42:59
BE22021504	11	0	형이랑 이렇게 얘기를 주고받으니까 조금은 마음이 편안해지네. 형도 여태껏 운전하면서 사고 난 적 없지 않아?	N	2022-09-26 03:25:59	2022-09-26 03:25:59
BE22021504	12	1	맞아 나도 방어운전을 하는 게 습관처럼 잡혀서 자잘한 사고도 나본 적이 없어. 안 다치는 게 제일 중요하니까.	N	2022-09-26 03:25:59	2022-11-08 05:42:59
BE22021504	13	0	나도 형처럼 방어운전은 필수적으로 해야겠다. 당연한 거지만 안 지키는 사람들도 많으니까 형이 다음에 기회 되면 좋은 운전 습관도 좀 알려주라.	N	2022-09-26 03:25:59	2022-11-08 05:42:59
BE22021504	14	1	시간만 되면 나는 언제든 오케이야. 좋은 부분은 서로 알려주면서 지내야지.	N	2022-09-26 03:25:59	2022-09-26 03:25:59
BE22021504	15	0	고마워 형. 다음에 시간 날 때 연락해 줘. 나는 주말이면 언제든 가능하니까!	Y	2022-09-26 03:25:59	2022-11-08 05:42:59
