id	utterance_id	utterance_type	utterance_text	terminate	regDate	updDate
BE22021690	1	0	형, 나 오늘 친구네 회사에 입사해서 첫 근무 날이었거든. 그런데 온종일 정말 힘들고 당황스러웠어.	N	2022-09-26 11:52:10	2022-11-08 05:44:04
BE22021690	2	1	드디어 오늘 첫 출근 했구나. 그런데 무슨 일 있었어?	N	2022-09-26 11:52:10	2022-09-26 11:52:10
BE22021690	3	0	딱히 무슨 일이 있던 건 아닌데, 내가 친구만 졸졸 쫓아다니는 강아지가 된 것 같았어. 내 자신의 모습이 너무 당황스럽더라고.	N	2022-09-26 11:52:10	2022-11-08 05:44:04
BE22021690	4	1	그래? 자신감이 많이 없었나 보다. 종일 친구 옆에만 붙어 다녔어?	N	2022-09-26 11:52:10	2022-11-08 05:44:04
BE22021690	5	0	어쩔 수 없이 멀리 떨어져 업무를 처리해야 할 때도 있었거든. 그런데 금방 일이 막혀버렸는데 아무한테도 질문하지 못해서 한참을 가만히 있었어. 나도 내가 왜 그러는지 모르겠어.	N	2022-09-26 11:52:10	2022-11-08 05:44:04
BE22021690	6	1	그랬구나. 너도 처음 보는 너의 모습에 정말 당황스러웠겠다. 어떤 이유로 그랬던 거야?	N	2022-09-26 11:52:10	2022-11-08 05:44:04
BE22021690	7	0	잘 모르겠어. 부끄러운 건지, 아니면 그냥 눈치가 보이는 건지. 친구가 제 자리로 돌아와서 내가 도움을 청하는데 그제야 내 마음이 편안해지더라고.	N	2022-09-26 11:52:10	2022-11-08 05:44:04
BE22021690	8	1	그 기다리는 시간 동안에 얼마나 마음이 편치 못했을까. 괜히 형이 감정이입을 하게 되네. 많이 고생했어.	N	2022-09-26 11:52:10	2022-11-08 05:44:04
BE22021690	9	0	응. 친구가 나에게 왜 다른 사람들한테 질문해서 해결하지 않았느냐고 물었는데, 아무 말도 하지 못했어. 거기는 회사이고 일해야 하는 장소인데, 내가 계속 이런 식으로 친구 뒤에만 숨게 되면 어쩌지.	N	2022-09-26 11:52:10	2022-11-08 05:44:04
BE22021690	10	1	그런데 너도 네가 그냥 단순히 소심한 성격이라는 것만 알고 있었잖아. 아직 어린 나이인데다가 일을 처음 해본 것이기 때문에 그런 상황을 많이 겪어보지도 못했고. 형은 당연히 차차 나아질 거라고 생각해.	N	2022-09-26 11:52:10	2022-11-08 05:44:04
BE22021690	11	0	하지만 당장 내일도 출근을 해야 하잖아. 차차 나아지는 동안 내가 계속 버티고 있을 수 있는지가 스스로 의심스러워.	N	2022-09-26 11:52:10	2022-11-08 05:44:04
BE22021690	12	1	너뿐만 아니라 생각보다 소심한 성격으로 고민하는 사람들이 많은 것 같아. 가만있기 보다는 적극적으로 극복하는 자세가 필요해. 네가 모르는 것들을 적어두고, 하루에 꼭 세 번씩은 다른 사람들에게 질문해보는 건 어떨까?	N	2022-09-26 11:52:10	2022-11-08 05:44:04
BE22021690	13	0	하루에 세 번? 음, 그 정도는 나도 왠지 할 수 있을 것 같아. 형 말 대로 이제라도 알았으니 적극적으로 돌파하려는 마음가짐이 있어야 할 것 같아.	N	2022-09-26 11:52:10	2022-09-26 11:52:10
BE22021690	14	1	맞아. 누구나 다 처음은 어려운 법이니까. 형도 응원하고 있을게.	N	2022-09-26 11:52:10	2022-09-26 11:52:10
BE22021690	15	0	알았어, 형. 용기 내서 꾸준히 해볼게!	Y	2022-09-26 11:52:10	2022-11-08 05:44:05
