id	utterance_id	utterance_type	utterance_text	terminate	regDate	updDate
BE22015626	1	0	언니, 나 오늘 점심시간에 진짜 부끄럽고 당황스러운 일이 있었어. 아직도 아까 일을 생각하니 땀이 삐질삐질 흐르는 거 있지?	N	2022-08-25 04:28:19	2022-08-25 04:28:19
BE22015626	2	1	땀날 정도로 당황한 일이 있었다니 몹시 궁금한걸? 무슨 일이 있었던 거야? 어서 얘기해 봐.	N	2022-08-25 04:28:19	2022-11-08 05:04:14
BE22015626	3	0	오늘 회사 점심시간에 갑자기 시아버지에게 전화가 온 거야. 점심을 먹자고 회사 앞으로 불쑥 찾아오셨어. 예상하지 못한 일에 어찌나 당황스럽던지.	N	2022-08-25 04:28:19	2022-08-25 04:28:19
BE22015626	4	1	미리 약속된 것이 아닌데 찾아온 시아버지로 인해 네가 정말 놀라고 당황스러웠겠다. 시아버지가 점심을 같이 먹자고 미리 연락이라도 주셨으면 너도 무언가 준비를 했을 텐데. 나라도 너와 같은 상황이었다면 정말 당황스러웠을 거야.	N	2022-08-25 04:28:19	2022-11-08 05:04:14
BE22015626	5	0	결혼한 지 얼마 되지도 않아 시아버지가 아직은 조금 불편한 상황이라 더 당황스러웠어. 갑자기 찾아오셔서 선호하시는 음식도 모르고 어디를 갈지 정말 난처하더라고. 미리 말씀을 주셨더라면 남편에게 물어봐서 괜찮은 식당을 예약했을 텐데 말이야.	N	2022-08-25 04:28:19	2022-08-25 04:28:19
BE22015626	6	1	시댁 식구와 마주할 기회가 많지 않았으니 어색함에 네가 몸 둘 바를 몰랐겠구나. 아직 아버님의 취향도 모르니 식당을 정하기에 힘들었을 널 생각하니 안쓰럽네. 사돈 어르신도 갑자기 찾아가신 거라 큰 기대 없이 가셨을 테니 너무 마음 쓰지는 마.	N	2022-08-25 04:28:19	2022-11-08 05:04:14
BE22015626	7	0	회사 앞에 있는 식당에 갔는데 물을 따라 드리다가 내가 너무 긴장하고 당황해서 물을 쏟아버렸어. 시아버지 바지까지 젖어버려서 어찌나 놀라고 당황스럽던지. 내가 얼마나 어리숙하게 보였을지 생각하니까 너무 부끄러워.	N	2022-08-25 04:28:19	2022-08-25 04:28:19
BE22015626	8	1	원래 떨리고 긴장되는 상황에서는 안 하던 실수를 하기도 하잖아. 시아버지 눈에는 그저 사랑스러운 며느리가 작은 실수를 했다고 생각하실 거야. 그런 작은 실수로 널 안 좋게 보실 분은 아니니 편하게 생각해도 괜찮아.	N	2022-08-25 04:28:19	2022-11-08 05:04:14
BE22015626	9	0	대화하는데 무슨 대화를 하는지도 모르겠고 밥이 코로 들어가는지 입으로 들어가는지도 모르겠더라. 시아버지와 식사가 이렇게 힘들고 어려울 줄 몰랐어. 언젠가 나도 익숙해지면 아버지와 편하게 대화할 수 있는 날이 올까?	N	2022-08-25 04:28:19	2022-11-08 05:04:14
BE22015626	10	1	네 말만 들어도 오늘 점심시간에 네가 얼마나 어색하고 불편하게 식사했을지 이해가 돼. 뭐든 처음이 가장 힘들고 어색한 법인데 시아버지라면 더욱 힘들었을 테지. 식구가 된 지 얼마 안 됐으니 자주 만남을 갖고 익숙해지면 지금보단 편해질 거라 믿어.	N	2022-08-25 04:28:19	2022-11-08 05:04:14
BE22015626	11	0	나와의 점심 식사를 기대하고 오셨는데 제대로 대접 못 해 드리고 살갑게 하지 못한 것 같아 아쉬워. 좋은 식당에서 대접하고 애교 있게 대화도 해서 며느리로서 점수 좀 따고 싶었는데. 아깐 너무 당황하는 바람에 바보같이 굴었지 뭐야.	N	2022-08-25 04:28:19	2022-11-08 05:04:14
BE22015626	12	1	뜻밖의 방문에 불쾌했을 수 있는 상황인데 더 잘하지 못해 아쉬워하는 네 마음이 참 예쁘다. 어색해하고 미숙하지만, 시아버지께 잘 보이려 노력하는 네 모습을 느끼고 시아버지도 무척 예쁘게 봐주셨을 거야. 아쉽다면 오늘만 날은 아니니까 다음에 만회할 기회는 충분히 있을 거야.	N	2022-08-25 04:28:19	2022-11-08 05:04:14
BE22015626	13	0	언니가 그렇게 말해주니 마음이 놓인다. 언니 말대로 시아버지가 날 친딸처럼 너무 아끼고 사랑해 주는 마음이 보여서 너무 감사했어. 당황스러운 순간이 있었지만 나와 가까워지려고 먼저 다가와 준 시아버지께 나도 더욱 잘하고 싶어.	N	2022-08-25 04:28:19	2022-11-08 05:04:14
BE22015626	14	1	널 딸처럼 예뻐해 주시고 애정을 주시는 시아버지와 그에게 잘하려 노력하는 네 모습이 보기 좋다. 내 동생은 마음이 따뜻한 사람이기에 시댁에서도 분명 사랑받을 거라고 믿었어. 오늘처럼 당황스럽고 마음 쓰이는 일이 생기면 나에게 언제든 연락하렴.	N	2022-08-25 04:28:19	2022-11-08 05:04:14
BE22015626	15	0	언니가 있어서 늘 마음에 안정이 돼. 언제나 내 얘기에 공감해주고 따뜻하게 보듬어줘서 고마워. 또 연락할게.	Y	2022-08-25 04:28:19	2022-08-25 04:28:19
