id	utterance_id	utterance_type	utterance_text	terminate	regDate	updDate
BE22022618	1	0	언니, 오늘 시부모님께서 우리 집에 오신다고 해서 맛있는 삼겹살을 준비했어. 그런데, 상추가 없어서 사러 갔는데 너무 시들었어. 오늘은 공휴일이라, 채소가게가 여기밖에 없어서 시든 상추를 사게 돼서 너무 당황스러워.	N	2022-09-29 06:04:49	2022-09-29 06:04:49
BE22022618	2	1	맛있는 음식을 대접하려 한 건데, 계획에 차질이 생기신 거네. 시부모님께 시들어 있는 상추를 내어주기가 민망스러울 것 같아. 네 마음이 정말 혼란스럽겠다.	N	2022-09-29 06:04:49	2022-11-08 05:49:34
BE22022618	3	0	결혼한 지 얼마 안 돼서 잘 보이고 싶은 마음이 크거든. 더 속상한 건, 상추뿐만이 아니라, 마늘이랑 다른 쌈 채소들이 다 시들어서 상태가 별로야. 삼겹살밖에 준비한 음식이 없는데 너무 정신없고 머리가 하얘져.	N	2022-09-29 06:04:49	2022-09-29 06:04:49
BE22022618	4	1	나도 시부모님 눈치도 많이 보고, 잘 보이고 싶기도 해서 그 감정 잘 알아. 나는 요리를 잘 못해서 시부모님 올 때마다 요리하며 많이 긴장했거든. 네가 왜 이렇게 속상한지 그 기분 충분히 이해해.	N	2022-09-29 06:04:49	2022-09-29 06:04:49
BE22022618	5	0	게다가 오늘은 처음으로 요리를 대접해드리는 날이거든. 시아버님께서 삼겹살을 참 좋아한다고 해서 준비했는데, 실망하실까 봐 걱정이돼. 지금 나를 굉장히 좋게 보시고 계신데 괜히 미운털이 박힐까 봐 걱정되고 참 당황스럽다.	N	2022-09-29 06:04:49	2022-11-08 05:49:34
BE22022618	6	1	네가 이렇게까지 신경 쓰고 정성껏 준비하는데, 분명 미워하지는 않으실 거야. 채소가 시들은 건 어쩔 수 없는 일이니 설명한다면 충분히 이해해 주실 거라 생각이 들어. 게다가 시부모님께서 너를 딸 같다며 잘 챙겨주시고, 좋아해 주시잖아.	N	2022-09-29 06:04:49	2022-11-08 05:49:34
BE22022618	7	0	한편으로는 미리 채소와 상추를 사놓지 않은 내 잘못인 것 같아. 내가 좀 더 부지런히 움직였다면 미리 상태가 좋은 신선한 채소를 살수 있었을 텐데. 내가 너무 게을렀던 것 같아서 후회가 돼.	N	2022-09-29 06:04:49	2022-09-29 06:04:49
BE22022618	8	1	이번 주 내내 회사일이 너무 바쁘다 보니 야근까지 해서 살 시간이 없었잖아. 그리고 평소에 넌 정말 부지런하고, 성실한걸. 회사에서도 지각 한번 안 하고, 집에서도 항상 미루지 않고 네 할 일을 잘해왔잖아.	N	2022-09-29 06:04:49	2022-11-08 05:49:34
BE22022618	9	0	이런 사실을 시부모님은 모르시기도 하고, 나도 아직은 어려운 분들이니 설명하기도 참 애매한 것 같아. 진짜 너무 속상하고, 내가 일부러 시든 상추를 내어놨다고 오해만 안 하셨으면 좋겠어. 만약 오해를 하신다면 난 어찌해야 할 바를 모를 거야.	N	2022-09-29 06:04:49	2022-11-08 05:49:34
BE22022618	10	1	네 평소 성품을 생각한다면, 절대 오해하지 않으실 거야. 넌 정말 착하기도 하고, 센스가 있잖아. 그런 네가 일부러 했다고 생각할 일 없으니 염려 마.	N	2022-09-29 06:04:49	2022-11-08 05:49:34
BE22022618	11	0	결혼한 지 얼마 안 돼서 나는 시댁이 참 어렵게 느껴지거든. 부랴부랴 상추를 사러 갔는데 너무 시들었으니 갑자기 너무 당황스럽기도 하고 속상하더라고. 그래도 이렇게 좋게 말해주고 위로해 줘서 정말 고마워 언니.	N	2022-09-29 06:04:49	2022-09-29 06:04:49
BE22022618	12	1	네가 슬퍼하는데 내가 이렇게 말로라도 도와주는 건 당연하지. 오늘 너무 속상해하지 말고 기운 내길 바라. 다음에 만나면 우리 많은 더 얘기 나누자.	N	2022-09-29 06:04:49	2022-11-08 05:49:34
BE22022618	13	0	응 언니 덕에 마음이 좀 가라앉고 힘이나. 게다가 우리 둘 다 결혼한 지도 얼마 안 됐다 보니, 얘기할 거리가 많을 것 같아. 얼른 그날이 오길 바라며 오늘도 좋은 하루 보내.	N	2022-09-29 06:04:49	2022-11-08 05:49:34
BE22022618	14	1	응 너도 오늘 파이팅해. 나중에 웃으며 후기 들려줬으면 해. 그럼 좋은 저녁 보내.	Y	2022-09-29 06:04:49	2022-11-08 05:49:34
