id	utterance_id	utterance_type	utterance_text	terminate	regDate	updDate
BE22021073	1	0	언니! 아무도 없는 줄 알고 바지 버클을 풀고 편하게 하고 있었거든. 그런데 그걸 상사가 본 거야. 나 너무 당황스러워.	N	2022-09-23 15:03:54	2022-11-08 05:40:29
BE22021073	2	1	정말 상상만 해도 네가 얼마나 당황했을지 짐작이 간다. 당황했을 네 기분이 너무 느껴져. 너에게 뭐라고 얘기 하신건 아니야?	N	2022-09-23 15:03:54	2022-09-23 15:03:54
BE22021073	3	0	응. 그분도 당황해서 어찌할 바를 모르겠다는 표정 이셨어. 그래서 아무 말도 못했어. 나 이제 어떻게 얼굴 들고 회사 다녀!	N	2022-09-23 15:03:54	2022-11-08 05:40:29
BE22021073	4	1	너무 속상해 하지마. 네가 업무를 실수 한것도 아니고 약간 불편한 일이 생겼을 뿐이잖아.	N	2022-09-23 15:03:54	2022-11-08 05:40:29
BE22021073	5	0	밥을 많이 먹어서 바지 허리 부분이 너무 불편 하더라고. 평소엔 힘주고 다니는데 아무도 없어서 편하게 있었더니 들켜서 이제 어쩌냐고! 게다가 하필 상사한테 그런 모습을 보였으니 나머지 근무시간은 어떻게 해!	N	2022-09-23 15:03:54	2022-11-08 05:40:29
BE22021073	6	1	당황스러운 상황에 네가 마음고생이 심한게 느껴진다. 평소 너의 침착함이 이런 상황에 빛을 바랄 수 있으면 좋을텐데.	N	2022-09-23 15:03:54	2022-11-08 05:40:29
BE22021073	7	0	그런데 그 회의에 아까 그 상사 분도 들어오셔. 그래서 침착하기엔 너무 힘든 상황이야. 얼굴만 마주쳐도 당황했던 순간이 떠오를 것 같아.	N	2022-09-23 15:03:54	2022-11-08 05:40:29
BE22021073	8	1	너의 당황스러움은 내가 충분히 이해해. 내가 할 수 있는게 없어서 너무 안타깝다. 어떻게 해서든 내가 용기를 주고 싶은 마음이 굴뚝같아.	N	2022-09-23 15:03:54	2022-11-08 05:40:29
BE22021073	9	0	내가 회의 진행하면 다들 나만 쳐다볼 텐데 아까 일이 계속 떠오를 것 같아. 방심하지 말았어야 했는데 내가 왜 그랬을까. 특히나 직속 상사에게 그런 모습을 보였으니 정말 한심하고 부끄러워.	N	2022-09-23 15:03:54	2022-11-08 05:40:30
BE22021073	10	1	스스로를 한심하게 생각 하지마. 지나간 일 보다는 앞으로 일어날 일에 대해 집중하도록 해봐. 너의 일에 집중 할때 안 좋았던 일도 극복 할 수 있을거야.	N	2022-09-23 15:03:54	2022-11-08 05:40:30
BE22021073	11	0	응. 언니가 그렇게 말해주니 당황했던 마음이 조금 안정이 되고 있어. 내 실수 때문에 회의 까지 망칠 수는 없잖아. 회의를 망친다면 그게 더 부끄러운 일이 될것 같아.	N	2022-09-23 15:03:54	2022-09-23 15:03:54
BE22021073	12	1	그렇게 생각 한다니 다행이다. 네가 아까의 일 때문에 계속 신경 쓰여서 회의 진행을 못하면 어쩌나 정말 걱정했거든.	N	2022-09-23 15:03:54	2022-11-08 05:40:30
BE22021073	13	0	아직 완전히 괜찮은 건 아니지만 뭐가 더 중요한지 알고 있으니 너무 걱정 하지 마. 나 잘 할게.	N	2022-09-23 15:03:54	2022-11-08 05:40:30
BE22021073	14	1	그래. 그래야 우리 동생이지. 그리고 되도록이면 오늘일은 빨리 잊어.	N	2022-09-23 15:03:54	2022-09-23 15:03:54
BE22021073	15	0	응. 쉽지 않겠지만 그래보도록 할게. 오늘 정말 고마웠어.	Y	2022-09-23 15:03:54	2022-09-23 15:03:54
