id	utterance_id	utterance_type	utterance_text	terminate	regDate	updDate
BE22016737	1	0	나 한동안 집에서 요리를 하나도 안 하고 전부 시켜 먹기는 했는데. 배달 음식을 많이 먹어서 쓰레기가 가득해. 너무 당황스럽고 부끄럽다.	N	2022-08-31 06:38:22	2022-11-08 05:11:09
BE22016737	2	1	형 건강은 괜찮아? 배달 음식만 시켜 먹었다고 하니까, 형 괜찮은지 너무 걱정된다.	N	2022-08-31 06:38:22	2022-11-08 05:11:09
BE22016737	3	0	응, 괜찮아. 그런데 냉장고에 한가득 배달 음식이야. 혼자 사니까 자꾸 시켜 먹고 남아서 냉장고에 넣어 두고 또 넣어뒀더니. 냉장고에 음식이 아니라 쓰레기가 한가득 있어서 당혹스럽네.	N	2022-08-31 06:38:22	2022-11-08 05:11:09
BE22016737	4	1	집에 배달 음식이 한가득 있으면. 뭔가 내가 생활을 너무 막 하는 거 같고 대충 사는 같아서 당황스러울 것 같아.	N	2022-08-31 06:38:22	2022-11-08 05:11:10
BE22016737	5	0	내가 너무 함부로 사는 거 같아서 지금 나 자신한테 깜짝 놀라고 황당해. 어떻게 저 큰 냉장고가 한가득 찰 수 있지? 네가 보면 진짜 입이 딱 벌어질 거야.	N	2022-08-31 06:38:22	2022-08-31 06:38:22
BE22016737	6	1	나도 자취 처음 시작했을 때 전부 사다 먹고 시켜 먹고 그랬거든. 배달 음식 쓰레기가 집에 가득 찼던 적이 있거든 그러니까 너무 당황하거나 자책하지 않아도 괜찮아.	N	2022-08-31 06:38:22	2022-11-08 05:11:10
BE22016737	7	0	그래, 너도 그랬던 적이 있어? 나는 항상 집에서 음식 만들어 먹고 바로바로 정리했었거든.	N	2022-08-31 06:38:22	2022-11-08 05:11:10
BE22016737	8	1	항상 형을 보면 너무 대단하다고 생각했었어. 일 끝나고 집에 오면 너무 피곤할 텐데 직접 요리해서 먹는다고 해서 얼마나 멋지던지.	N	2022-08-31 06:38:22	2022-11-08 05:11:10
BE22016737	9	0	응, 요즘 회사에 야근이 많아지기 전까지만 해도 직접 장 봐서 다 요리해서 먹었었어. 그런데 요즘은 집에 와서 요리하기에 너무 힘들더라고. 그래서 배달 음식을 먹기 시작했는데 그게 너무 편하더라고.	N	2022-08-31 06:38:22	2022-11-08 05:11:10
BE22016737	10	1	얼마나 일이 힘들고 피곤했으면 배달 음식을 시켜 먹고 쓰레기를 못 치웠을지 생각만 해도 너무 안쓰러워.	N	2022-08-31 06:38:22	2022-11-08 05:11:10
BE22016737	11	0	근래 너무 피곤하고 힘들었어. 그런데 네가 그렇게 얘기해 주니까 마음이 따뜻해진다.	N	2022-08-31 06:38:22	2022-11-08 05:11:10
BE22016737	12	1	형은 지금 너무 잘하고 있어. 힘들고 지칠 때는 잠깐은 내려놓고 편하게 생활하는 것도 재충전이 되는 방법인 거 같아. 항상 그렇게 생활하는 게 아니라, 근래 너무 힘들어서 그런 거잖아, 괜찮아 그럴 수 있어.	N	2022-08-31 06:38:22	2022-11-08 05:11:10
BE22016737	13	0	네가 괜찮다고 그럴 수 있다고 위로해 주니까 당황하고 부끄러웠던 마음이 많이 괜찮아졌어. 고마워.	N	2022-08-31 06:38:22	2022-11-08 05:11:10
BE22016737	14	1	형 마음이 편안해졌다고 하니까 내 마음도 안심된다. 형은 너무 열심히 성실하게 잘 생활하고 있어. 나는 항상 형이 존경스럽고 자랑스러워!	Y	2022-08-31 06:38:22	2022-11-08 05:11:10
