id	utterance_id	utterance_type	utterance_text	terminate	regDate	updDate
BE22018611	1	0	형, 길에서 무선 이어폰을 주웠는데 정말 어떻게 주인을 찾아 주어야 하는지 굉장히 당황스러워. 지갑 같은 게 아니어서 주인도 모르는데 경찰서에 갖다 드려야 하는 걸까? 우리 학교 학생일 것 같기는 한데 서울에서 김 서방 찾기처럼 힘들 것 같아.	N	2022-09-17 04:40:03	2022-09-17 04:40:03
BE22018611	2	1	그렇구나, 너 많이 당황했겠다. 요즘 무선 이어폰이 한두 푼이 아닌데 잃어버린 사람도 무척 속상하겠어. 그런 심정으로 너도 찾아주려 하는 것 같다는 생각이 들어서 참 대견하다는 생각도 들어.	N	2022-09-17 04:40:03	2022-11-08 05:22:26
BE22018611	3	0	뭘, 당연한걸. 그리고 얼마나 잃어버린 사람은 속상하겠어. 내가 물건을 잘 잃어버려서 이 심정을 잘 알아서 더욱 찾아 주고 싶은 마음이야. 이거 겉으로 보기에는 완전 새것 같아서 내가 더 안타까운 마음이 들어.	N	2022-09-17 04:40:03	2022-11-08 05:22:26
BE22018611	4	1	역시 우리 동생은 측은지심의 마음으로 주인을 찾아 주기 위해서 노력하네. 당연히 그래야 하는 거라 지만 주인도 없는 물건을 주우면 혹하는 마음이 들잖아. 역시 양심적인 내 동생이 언제 이렇게 컸는지 모르게 참 잘 컸다는 생각이 들어.	N	2022-09-17 04:40:03	2022-11-08 05:22:26
BE22018611	5	0	새로 산 것을 잃어버렸을 때 그 기분은 하늘이 무너지는 것 같아. 그래서 꼭 찾아 주고 싶은 마음인데 찾기가 참 어려워서 당황스러워. 우선은 이 문제를 어떻게 해야 할지 고민은 하는데 딱히 방법이 떠오르지 않아.	N	2022-09-17 04:40:03	2022-09-17 04:40:03
BE22018611	6	1	바로 생각 안 날 수도 있지, 그래도 네가 찾아 주려고 하는 마음이 대단한 거야. 고민하고 있으니 그 방법을 금방 찾을 거라는 것을 형은 믿어 의심치 않아. 너의 마음이 참 따뜻한 거 같아서 형이 되려 기분이 좋고 뿌듯하다.	N	2022-09-17 04:40:03	2022-11-08 05:22:27
BE22018611	7	0	우선은 우리 대학교 커뮤니티에 글을 올려서 주인을 찾아보려고. 내가 핸드폰이랑 연결했더니 애칭이 설정되어 있더라고 주인이라고. 나타나는 사람한테 애칭 뭐로 했는지 물어보면 금방 찾을 수 있을 것 같긴 해.	N	2022-09-17 04:40:03	2022-09-17 04:40:03
BE22018611	8	1	그거 정말 좋은 생각이다. 역시 마음씨가 따뜻한 내 동생이 이렇게 지혜롭기까지 하다니. 형은 오늘 너의 현명한 대처에 몇 번을 놀라는지 모를 정도로 감동했어.	N	2022-09-17 04:40:03	2022-11-08 05:22:27
BE22018611	9	0	무선 이어폰을 주워서 주인을 찾기가 여건 어려운 일이 아니더라고. 그래서 많이 당황스러운 마음에 형에게 이렇게 연락했더니 형이 격려와 칭찬을 해주었잖아. 이게 다 형 덕분이란 생각이 들고 나의 당황스러운 마음이 해소되면서 생각할 힘도 생기게 되었어.	N	2022-09-17 04:40:03	2022-11-08 05:22:27
BE22018611	10	1	그렇게 말해주면 내가 정말 고맙지, 부모님이 맞벌이하셔서 너와 단둘이 있을 때가 많았잖아. 그럴 때마다 너를 챙겨 주고 싶은 마음은 있었지만 잘 모르는 것이 많아서 서툴렀어. 그래도 이렇게 나에게 감사의 마음을 표현해 주는 너에게 내가 되려 고마워.	N	2022-09-17 04:40:03	2022-11-08 05:22:27
BE22018611	11	0	난 그래서 더욱더 형에게 의지했어, 무슨 일이든 형에게 가서 다 말하고 이르고 그랬지. 그런데 형은 그때마다 다 반응해 주고 편들어 줘서 내가 얼마나 든든했는지 몰라. 오늘도 형에게 이런 고민을 털어놓으니 당황스러웠던 마음이 많이 달래지네.	N	2022-09-17 04:40:03	2022-09-17 04:40:03
BE22018611	12	1	그럼, 당연하지. 난 언제나 너의 편이고 네가 무슨 일을 한다고 해도 다 이해할 자신이 있어. 그러니까 이어폰을 주워서 당황스러운 오늘 같은 일에도 혼자 속 끓이지 말고 말해 줬으면 좋겠어. 너 혼자 아파하는 것은 형에게 더 슬픈 일이야.	N	2022-09-17 04:40:03	2022-11-08 05:22:27
BE22018611	13	0	응 알겠어, 형과의 문자를 나누면서 주운 물건을 어떻게 해결해야 할지 생각할 힘이 생겼어. 도와준다는 게 참 기분이 좋아서 이렇게 할 수 있도록 용기를 준 형에게 정말 고마워.	N	2022-09-17 04:40:03	2022-11-08 05:22:27
BE22018611	14	1	네가 스스로 힘을 낸 것인데 난 네가 더 자랑스러워. 처음 겪는 일이라 많이 당황스러워하는 것이 문자로도 느껴져서 무척 걱정했어. 그런데 네가 형의 격려로 이렇게 해결 방법도 찾았다고 문자 해주니까 너무 다행이지.	N	2022-09-17 04:40:03	2022-11-08 05:22:27
BE22018611	15	0	그렇구나, 형이 내 생각을 칭찬해준 만큼 나도 어서 주인을 찾는 글을 올려볼게. 역시 형과 연락하기 전에는 무선 이어폰을 줍고 당황스러워서 어쩔 줄 몰랐는데. 형 덕분에 용기를 많이 얻어서 마음도 풀리고 용기도 얻었네. 고마워.	Y	2022-09-17 04:40:03	2022-11-08 05:22:27
