id	utterance_id	utterance_type	utterance_text	terminate	regDate	updDate
BE22017882	1	0	언니, 나 큰일 난 것 같아. 생신 기념으로 엄마한테 요리를 대접하고 싶어서 준비했는데 영 아닌 것 같아. 분명 레시피 동영상을 보고 그대로 따라 했는데 맛이 너무 이상해서 당황스러워.	N	2022-09-13 05:29:41	2022-09-13 05:29:41
BE22017882	2	1	저런, 오랜만에 해 본 요리여서 생각처럼 제대로 안 됐나 보다. 생각했던 거랑 맛이 달라서 너무 당황스러웠겠어.	N	2022-09-13 05:29:41	2022-11-08 05:18:06
BE22017882	3	0	응, 분명 똑같이 따라 했는데 왜 이러는지 모르겠어. 엄마한테 이번 생일상은 내가 직접 차려 드릴 테니 앉아 계시라고 신신당부했거든. 근데 뜻대로 안 되니까 너무 당황스러워서 어떻게 해야 할지 도통 모르겠어.	N	2022-09-13 05:29:41	2022-11-08 05:18:06
BE22017882	4	1	머릿속에 그린 그림대로 맛있는 음식이 만들어졌으면 좋았을 테지만 그러지 못해서 더 곤란했겠다. 막상 만들어 두고 대접을 안 할 수도 없는 노릇이라 더 고민이 될 듯해.	N	2022-09-13 05:29:41	2022-11-08 05:18:06
BE22017882	5	0	응, 이대로 대접하기에는 뭔가 부족한 것 같은데 그게 어떤 건지 모르겠어. 나 혼자서 어떻게 해결해야 할지 알 수가 없어서 언니한테 연락한 거야. 음식이 맛이 없다고 엄마가 실망하시면 어쩌나 싶어서 심장이 엄청 빠르게 뛰고 식은땀도 흘러.	N	2022-09-13 05:29:41	2022-11-08 05:18:06
BE22017882	6	1	분명 엄마는 맛보다 정성을 보실 테니까 너무 걱정하지 마. 예상대로 풀리지 않아서 당황스러웠던 마음도 차츰 가라앉힐 수 있도록 노력해 봐. 오늘은 무엇보다 엄마의 생신을 축하해 드리는 기쁜 날이라는 것만 생각해 보면 금세 나아질 거야.	N	2022-09-13 05:29:41	2022-11-08 05:18:06
BE22017882	7	0	이렇게 사소한 것도 제대로 해내지 못하는 내가 너무 한심한 것 같아. 당황스러운 마음도 큰데 자책감까지 생기니까 자신감이 점점 떨어지고 있어. 이거 그냥 엄마한테 드리지 말고 몰래 먹어서 없애 버릴까 싶어.	N	2022-09-13 05:29:41	2022-11-08 05:18:06
BE22017882	8	1	누구나 처음부터 능숙할 수는 없는 거라고 생각해. 그렇다고 해도 네가 음식을 만들면서 기울인 노력이 없어지는 것도 아니잖아. 뜻대로 되지 않는다 해도 거기서 오는 기쁨이 분명히 있을 테니까 용기 내서 부딪혀 봐.	N	2022-09-13 05:29:41	2022-11-08 05:18:06
BE22017882	9	0	설령 맛이 없더라도 내가 동영상 공유 서비스를 보고 따라서 만든 요리니까 그것만 해도 가치가 있겠지. 역시 언니한테 털어놓기를 잘한 것 같다는 생각이 들어. 덕분에 마음이 훨씬 홀가분해졌어.	N	2022-09-13 05:29:41	2022-11-08 05:18:06
BE22017882	10	1	내가 조금이라도 도움이 될 수 있어서 다행이야. 곁에서 함께 축하하고 싶었는데 그러지 못해서 아쉽다. 내 몫까지 더해서 엄마한테 축하드린다고 전해 줘.	N	2022-09-13 05:29:41	2022-11-08 05:18:06
BE22017882	11	0	거의 두 번째로 만든 음식이지만 엄마도 기쁘게 받아 주실 거라고 생각할래. 그렇게 생각하니까 당황스럽고 아쉬운 마음은 가시고 점점 편안해지고 있어. 매번 나한테 도움을 줘서 고마워, 언니.	N	2022-09-13 05:29:41	2022-11-08 05:18:06
BE22017882	12	1	언니로서 동생이 하는 얘기라면 언제든 들어줄 수 있으니까 편하게 얘기해. 맛있게 먹고 엄마랑 즐겁게 보내.	N	2022-09-13 05:29:41	2022-11-08 05:18:06
BE22017882	13	0	알았어, 언니도 남은 하루 즐겁게 보내. 나중에 집에 올 수 있는 날 생기면 꼭 연락해.	N	2022-09-13 05:29:41	2022-09-13 05:29:41
BE22017882	14	1	그럴게, 하고 싶은 얘기가 생기면 언제든 언니한테 연락하고.	Y	2022-09-13 05:29:41	2022-11-08 05:18:06
