id	utterance_id	utterance_type	utterance_text	terminate	regDate	updDate
BE22014566	1	0	어제 마트에 갔다가 엄마인 줄 알고 다른 사람 손을 잡았어. 너무 부끄러워서 얼굴이 빨개질 정도였다고. 아직도 그 순간이 머릿속에서 생각날 때마다 어디든 숨고 싶어.	N	2022-08-18 05:55:02	2022-11-08 04:57:41
BE22014566	2	1	상상만 해도 아찔한 상황이구나. 마트에는 사람이 많으니까 그런 일이 일어날 수 있어. 너무 부끄러워할 필요 없을 것 같아.	N	2022-08-18 05:55:02	2022-11-08 04:57:42
BE22014566	3	0	하지만 아직도 다른 사람 손의 감촉이 기억이 나. 내가 알던 엄마의 손과 달라서 너무 놀랐거든. 앞으로 이 순간이 기억날 때마다 얼굴이 빨개질 것 같아.	N	2022-08-18 05:55:02	2022-11-08 04:57:42
BE22014566	4	1	그 사람도 너를 이해해줄 거야. 아직 어리고 워낙 붐비는 곳이었으니 그럴 수 있지. 놀란 가슴 진정시켜 보는 게 어때?	N	2022-08-18 05:55:02	2022-11-08 04:57:42
BE22014566	5	0	앞으로 그 마트는 다신 못 갈 거야. 아무리 사람이 많아도 누가 그런 경험이 있겠어? 형도 어릴 때 나처럼 부끄럽고 놀란 경험이 있었어?	N	2022-08-18 05:55:02	2022-08-18 05:55:02
BE22014566	6	1	그럼 당연하지. 놀이동산에서 다른 사람을 보고 큰 소리로 아빠라고 불렀다가 얼마나 창피했는데. 형도 다 너와 같은 경험을 하고 자라서 네 기분이 어떤지 잘 알아. 얼굴이 사과처럼 새빨개졌었지.	N	2022-08-18 05:55:02	2022-08-18 05:55:02
BE22014566	7	0	형도 이런 경험이 있었구나. 정말 아직도 계속 손을 잡고 따라다녔으면 어땠을지 생각하면 소름이 끼쳐. 그 사람이 나를 어떻게 생각할까.	N	2022-08-18 05:55:02	2022-11-08 04:57:42
BE22014566	8	1	귀여운 아이로 생각할 거야. 네가 다른 사람의 손을 잡았다고 해서 그 사람이 너를 나쁘게 생각할 리 없잖아? 너무 자책하지 말고 그만 떨쳐버리는 게 너에게도 좋을 것 같아.	N	2022-08-18 05:55:02	2022-11-08 04:57:42
BE22014566	9	0	나도 다 알지. 하지만 눈만 감으면 아직도 그 일이 눈에 선한걸? 분명 내 꿈에 나올지도 몰라.	N	2022-08-18 05:55:02	2022-11-08 04:57:42
BE22014566	10	1	이미 벌어진 일을 계속 생각하면 너만 스트레스받을까 봐 형은 걱정돼. 지나간 추억으로 생각하고 하하 웃어 넘겨버리면 네 기분도 조금 괜찮아질 것 같은데?	N	2022-08-18 05:55:02	2022-11-08 04:57:42
BE22014566	11	0	그래, 형 말이 맞아. 내가 너무 이걸 나쁘게 만 생각을 했지. 다신 없을 추억 거리로 남겨봐야겠어.	N	2022-08-18 05:55:02	2022-11-08 04:57:42
BE22014566	12	1	그래 이젠 같은 실수를 할 일 없잖아! 어릴 때 할 수 있는 귀여운 일로 남겨보면 너도 기분이 나아질 거야.	N	2022-08-18 05:55:02	2022-11-08 04:57:42
BE22014566	13	0	맞아 좋게 말해줘서 정말 고마워 형. 형 아니었으면 평생 부끄러워하면서 살 뻔했어.	N	2022-08-18 05:55:02	2022-11-08 04:57:42
BE22014566	14	1	아니야, 우리 동생이 많이 놀랐는데 달래주는 건 형으로써 당연히 해야지!	N	2022-08-18 05:55:02	2022-11-08 04:57:42
BE22014566	15	0	역시 우리 형이야. 다음에도 놀라거나 부끄러운 일 있으면 언제든지 형한테 말할게!	Y	2022-08-18 05:55:02	2022-11-08 04:57:42
