id	utterance_id	utterance_type	utterance_text	terminate	regDate	updDate
BE22014280	1	0	언니, 나 어제 친구 집들이 다녀왔다? 이번에 결혼한 친구인데 우리 남편이랑도 아는 사이라서 같이 가서 축하해줬지.	N	2022-08-16 04:20:08	2022-08-16 04:20:08
BE22014280	2	1	너랑 꽤 오래 알고 지낸 걔 말하는 거지? 남편도 아는 사이니까 집들이도 같이 가고, 좋았겠다. 맛있는 것도 먹고 결혼도 축하해주면서 즐거웠겠네.	N	2022-08-16 04:20:08	2022-11-08 04:55:53
BE22014280	3	0	한참 집구경하고 밥을 먹으려고 하는데 진짜 손 대기가 민망할 정도로 예쁘게 차려 놓았더라고. 거기다가 맛은 또 어찌나 좋던지, 게걸스럽게 먹게 되더라니까? 당연히 시켰을 거라고 생각했는데 전부 친구 아내가 직접 만들었다고 하길래 너무 당황스러운 거 있지?	N	2022-08-16 04:20:08	2022-08-16 04:20:08
BE22014280	4	1	친구 아내가 요리 솜씨가 좋은 모양이구나. 맛도 모양도 시킨 거라고 착각할 만큼 훌륭해서 놀랐겠다.	N	2022-08-16 04:20:08	2022-08-16 04:20:08
BE22014280	5	0	가게 음식일 거라고 생각하고 맛있게 먹었는데 이걸 직접 만들었다고 생각하니까 갑자기 기분이 축 처지더라. 나는 요리를 못하고 엉망이라서 집들이도 다 배달 음식으로 했는데, 친구 아내는 직접 만들어서 정성스럽게 하니까. 괜히 열등감도 느껴지고, 우리 남편이 날 어떻게 생각할까 당황스럽고 그랬어.	N	2022-08-16 04:20:08	2022-11-08 04:55:53
BE22014280	6	1	너랑 친구 아내가 비교되면서 스스로 부족하다는 마음이 들면서 주눅이 들었겠다. 남편이 너와 친구 아내를 비교할까 봐 마음이 혼란스럽기도 하고 말이야. 내가 너라도 아무도 뭐라고 하지 않았는데 혼자 작아지는 기분에 당황스러웠을 것 같아.	N	2022-08-16 04:20:08	2022-11-08 04:55:53
BE22014280	7	0	진짜 이걸 직접 만들었다고는 생각도 못 했는데, 그렇다고 하니까 너무 당황스럽더라고. 우리 남편은 내 요리만 먹어봐서 이런 걸 직접 만들 수 있을 거라고 생각도 안 해봤을 텐데. 비교하게 되고 내가 부족하다는 생각이 들면서 우울해지더라.	N	2022-08-16 04:20:08	2022-11-08 04:55:53
BE22014280	8	1	기분 좋게 축하해주러 간 집들이에서 그런 마음이 들어서 네가 속상했겠다. 괜히 친구 아내가 얄밉게 느껴지기도 하면서 온전히 축하해주고 오지 못해서 미안한 마음도 들었겠는걸. 동시에 자꾸 열등감이 들면서 마음이 불편하기도 하고, 싱숭생숭하겠다.	N	2022-08-16 04:20:08	2022-11-08 04:55:53
BE22014280	9	0	남편한테 미안한 마음도 들더라니까? 나는 매일 똑같은 요리만 해주고, 그것도 맛도 별로 없는데 친구 아내는 이렇게 솜씨가 좋다니. 비교 안 하려고 해도 자꾸 비교되면서 마음이 안 좋아.	N	2022-08-16 04:20:08	2022-11-08 04:55:53
BE22014280	10	1	네가 무슨 마음인지 충분히 이해하고, 얼마나 속상할지 언니가 다 안타까운 심정이야. 남편을 사랑하니까 친구 아내처럼 좋고 맛있는 걸 해주고 싶은데 그러질 못하니까 얼마나 초라한 기분이겠어. 부족하다고 생각하게 되니까 열등감도 들고, 자책하게 되고 네 마음이 괴로울 것 같아.	N	2022-08-16 04:20:08	2022-11-08 04:55:53
BE22014280	11	0	나도 친구 아내처럼 해주고 싶은데 내 능력이 안 되니까 말이야. 나는 왜 이 모양이지 싶은 생각도 들어.	N	2022-08-16 04:20:08	2022-08-16 04:20:08
BE22014280	12	1	친구 아내는 너보다 요리를 잘하지만, 너는 틀림없이 다른 걸 친구 아내보다 더 잘할 거야. 서로 잘하는 게 다른데 같은 걸 놓고 비교를 하면 네 마음만 힘들고 울적해지잖아. 남편을 생각하고 잘해주고 싶은 마음은 네가 최고일 테니까 비교하면서 자신을 깎아내리지 마.	N	2022-08-16 04:20:08	2022-11-08 04:55:53
BE22014280	13	0	그러게, 언니 말이 맞는 것 같아. 내가 친구 아내보다 잘하는 게 분명히 있을 거니까 말이야.	N	2022-08-16 04:20:08	2022-11-08 04:55:54
BE22014280	14	1	언니여도 그런 상황에서는 내가 부족한가 싶어서 열등감이 들 것 같아. 하지만 잠깐 보인 모습으로 판단해서 나를 스스로 초라하게 만든다면 그건 너무 슬픈 일이잖아. 나를 사랑해줄 수 있는 건 나밖에 없으니까, 내가 더 잘하는 걸 생각하면서 스스로 북돋아 주라고.	N	2022-08-16 04:20:08	2022-11-08 04:55:54
BE22014280	15	0	맞아, 언니 말을 들으니까 답답했던 마음이 좀 풀리는 것 같아. 덕분이야 언니, 고마워.	N	2022-08-16 04:20:08	2022-08-16 04:20:08
BE22014280	16	1	요리, 그까짓 거 잘 못 하면 어때, 너무 곱씹으면서 마음 쓰지 말고. 네가 잘하는 걸로 충분하니까 열등감 느끼지 않았으면 좋겠어.	Y	2022-08-16 04:20:08	2022-11-08 04:55:54
