id	utterance_id	utterance_type	utterance_text	terminate	regDate	updDate
BE22010859	1	0	언니. 학원 친구가 방학 끝나고 다시 나타났는데 몰라보게 예뻐졌더라. 근데 친구가 예뻐져서 나는 외로워졌어.	N	2022-07-21 14:48:01	2022-11-08 04:34:14
BE22010859	2	1	친구가 그동안 외모 관리를 열심히 했나 보네. 근데 친구 외모랑 너의 감정이랑 어떤 연결점이 있는 거니?	N	2022-07-21 14:48:01	2022-11-08 04:34:14
BE22010859	3	0	친구가 오랜만에 강의실에 나타났는데 그렇게 예뻐진 줄은 꿈에도 몰랐어. 새로 온 애인 줄 알았을 정도로 얼마나 당황했다고. 어색하게나마 인사는 나눴는데 내가 알던 친구가 아닌 것 같고 낯선 느낌이 들었어.	N	2022-07-21 14:48:01	2022-11-08 04:34:14
BE22010859	4	1	몰라볼 정도로 외모가 바뀌었다면 깜짝 놀라고 당황할 만하지. 언니도 친구가 헤어스타일만 바꿨는데 뭔가 다른 사람 같아서 어색함을 느낀 적도 있었어. 친구랑 조금 불편한 분위기였을 것 같은데 그 뒤로 어떻게 됐어?	N	2022-07-21 14:48:01	2022-11-08 04:34:14
BE22010859	5	0	인사는 어색하게 나눴지만 그래도 친구가 내 옆자리에 앉아서 기뻤어. 근데 쉬는 시간에 다른 애들이 막 몰려와서 친구한테 말을 걸더라고. 친구 옆에 앉아있어도 나만 동떨어진 같고 외로운 감정이 들더라.	N	2022-07-21 14:48:01	2022-11-08 04:34:14
BE22010859	6	1	정답게 인사도 나누고 근황도 묻고 싶었을 텐데 속상했겠다. 그래도 다른 친구들이랑 대화할 수 있게 양보하다니 넌 정말 착해. 그래도 우리 동생이 외로웠다니 언니는 속상하네.	N	2022-07-21 14:48:01	2022-11-08 04:34:14
BE22010859	7	0	게다가 몰려온 애들이랑 매점에 가는 거야. 나한테도 같이 가자고 했는데 이 상황이 너무 당황스러워서 그냥 앉아있겠다고 했어. 애들이 우르르 나가고 나서 강의실에 있는 사람은 나밖에 없는데 그때부터 엄청나게 외로워졌어.	N	2022-07-21 14:48:01	2022-11-08 04:34:14
BE22010859	8	1	시끌벅적하다가 갑자기 정적 속에서 혼자 앉아있었다니 많이 외로웠겠다. 학원 끝나고 친구랑 다시 대화를 나눌 시간은 있었어?	N	2022-07-21 14:48:01	2022-11-08 04:34:14
BE22010859	9	0	아니. 나는 바로 뒤에 보충수업이 있어서 인사밖에 못 했어. 이제 친구는 인기가 많아져서 나랑 어울리고 싶지 않은 걸까?	N	2022-07-21 14:48:01	2022-11-08 04:34:14
BE22010859	10	1	그 친구의 외모가 달라졌다고 해서 너와의 우정까지 달라졌다고 확신할 순 없어. 넌 내 동생이기 전에 좋은 친구라는 것도 언니가 보장해. 다른 사람 이야기를 잘 들어주고 배려하고 예쁜 마음을 갖고 있잖아.	N	2022-07-21 14:48:01	2022-11-08 04:34:14
BE22010859	11	0	그 친구도 그렇게 얘기했었는데 언니가 똑같이 말해주니 기분이 많이 나아지는 것 같아. 친구랑 오늘 충분히 대화를 나눌 수 있었다면 외로운 감정도 해소할 수 있었을까?	N	2022-07-21 14:48:01	2022-11-08 04:34:14
BE22010859	12	1	그럼. 친구도 그간 쌓였던 재미난 근황들을 너랑 나누고 싶었을걸? 오늘은 정신이 없어서 너와 얘기를 못 했지만 너를 외롭게 만들 의도는 없었을 거야. 정 아쉽다면 나중에 통화로 대화를 나눠도 좋지 않을까?	N	2022-07-21 14:48:01	2022-11-08 04:34:14
BE22010859	13	0	좋은 생각이야. 생각해보니 나도 친구를 몰라보고 크게 환대를 못 해줘서 아쉬운 느낌이 있었어. 연락은 평소에도 자주 주고받아서 익숙하니까 어색하지 않게 대화할 수 있을 것 같아.	N	2022-07-21 14:48:01	2022-11-08 04:34:14
BE22010859	14	1	우리 동생 다시 씩씩해진 모습을 보니 언니도 안심이 된다. 친구랑 즐거운 대화시간 되길 바랄게.	N	2022-07-21 14:48:01	2022-11-08 04:34:14
BE22010859	15	0	응. 언니. 언제나 날 진심으로 격려해줘서 정말 고마워!	Y	2022-07-21 14:48:01	2022-11-08 04:34:14
