id	utterance_id	utterance_type	utterance_text	terminate	regDate	updDate
BE22013860	1	0	언니, 나 어제 남자 친구하고 식당에서 밥을 먹는데 너무 당황스러웠어.	N	2022-08-10 14:51:17	2022-11-08 04:53:09
BE22013860	2	1	왜, 즐거운 데이트 시간에 무슨 일이 있었는데?	N	2022-08-10 14:51:17	2022-08-10 14:51:17
BE22013860	3	0	응. 한참 남자 친구와 즐겁게 이야기를 하며 밥을 먹고 있는데, 옆 테이블 아이가 자꾸 힐끔거리는 거야. 왜 그럴까 했는데, 가만 보니 글쎄 남자 친구가 밥 먹는 걸 보고 그러는 거더라구. 남자 친구가 젓가락질을 잘하지 못하는 걸 보고 아이가 웃음을 참고 있는 걸 보니 정말 당황스러웠어.	N	2022-08-10 14:51:17	2022-11-08 04:53:09
BE22013860	4	1	대놓고 흉보는 것은 아니지만 아이가 웃음을 참아가며 힐끔거렸을 텐데 네가 참 당황스럽긴 했겠다. 평소에는 신경을 쓰지 않고 있었는데, 아이가 속으로 흉보는 것 같아 많이 신경 쓰였던 거지? 더구나 네가 사랑하는 사람이었으니 쥐구멍에라도 숨고 싶은 심정이었겠어.	N	2022-08-10 14:51:17	2022-11-08 04:53:09
BE22013860	5	0	언니가 내 맘을 너무 잘 아네. 아이가 못 본 척하긴 해도 내 눈에 이미 들켰잖아. 그런데 그 어린아이도 젓가락질을 너무 잘하는 거 있지?	N	2022-08-10 14:51:17	2022-11-08 04:53:09
BE22013860	6	1	그랬어? 그럼 네가 더 민망했겠다. 아이도 잘하는 걸 어른이 서툴게 하고 있으니 네가 많이 신경 쓰였을 거 같다. 아이가 그런 걸 너도 눈치챘는데 남자 친구는 그런 눈치 몰랐고?	N	2022-08-10 14:51:17	2022-11-08 04:53:09
BE22013860	7	0	왜 몰라. 내 눈치가 이상했으니 남자 친구도 바로 눈치챘는데 오히려 아이한테 빙그레 웃어 보이더라. 아무렇지 않고 부끄럽지도 않다는 거지. 그런 상황을 보고 있으려니 내가 더 기가 막히고 황당했어.	N	2022-08-10 14:51:17	2022-11-08 04:53:10
BE22013860	8	1	그 상황이면 사람들 대부분이 너처럼 생각이 들었을 거야. 그런데 남자 친구가 대수롭지 않게 받아들이는 걸 보면 성격이 참 좋은 것 같다. 혹시 너 남자 친구 그런 성격에 반한 건 아니니?	N	2022-08-10 14:51:17	2022-11-08 04:53:10
BE22013860	9	0	맞아. 식당에서 보인 행동처럼 사람이 매사에 소탈하고 그늘이 없어. 그리고 이해심도 많고 나무랄 데가 없어.	N	2022-08-10 14:51:17	2022-08-10 14:51:17
BE22013860	10	1	그처럼 좋은 사람이면 젓가락질 잘하지 못하는 것이 문제 될 게 뭐 있어. 본인이 아무렇지도 않고, 남한테 부끄러워하지도 않는데. 그런 건 단점 아닌 단점인데 네가 남자 친구의 그런 단점까지 이해하는 것이 진정한 사랑 아닐까?	N	2022-08-10 14:51:17	2022-11-08 04:53:10
BE22013860	11	0	단점 아닌 단점! 맞다. 젓가락질 잘하지 못하는 것은 분명히 단점인 것 같은데. 아이가 힐끔거리는 상황에서도 웃으며 넘기는 건 멋짐 그 자체이긴 하지.	N	2022-08-10 14:51:17	2022-11-08 04:53:10
BE22013860	12	1	거봐! 그처럼 남자 친구한테 좋은 감정이면서 젓가락질 좀 못한다고 뭘 신경 써. 남자 친구가 아무렇지 않게 웃음으로 대처하듯 너도 그렇게 하면 되는걸. 남자 친구의 멋진 면이 오늘 느꼈던 너의 당황스러움을 얼마든지 떨쳐버릴 수 있을 것 같은데!	N	2022-08-10 14:51:17	2022-11-08 04:53:10
BE22013860	13	0	그렇게 생각해주니 내 마음이 한결 가벼워진다. 언니, 고마워. 오늘 고민 아닌 고민이었는데 이젠 먼지 날리듯 확 날려버렸어.	N	2022-08-10 14:51:17	2022-08-10 14:51:17
BE22013860	14	1	마음이 풀렸다니 다행이구나. 그 멋진 남자 친구 나한테도 언제 인사 좀 시켜줘라. 내가 밥 살게.	N	2022-08-10 14:51:17	2022-11-08 04:53:10
BE22013860	15	0	당연하지. 다른 사람도 아니고 언니한테 제일 먼저 소개해야지. 늦출 것 없이 이번 주말에라도 시간 잡아볼게. 언니 지갑 두둑하게 하고 와!	Y	2022-08-10 14:51:17	2022-08-10 14:51:17
