id	utterance_id	utterance_type	utterance_text	terminate	regDate	updDate
BE22008728	1	0	언니, 어디 방송에서 봤는데 방울토마토가 전립선암에 좋다더라고. 그래서 시아버님 건강 생각해서 챙겨 드렸는데 안 드시는 거야. 내 딴엔 엄청 신경 쓴 건데 거절당한 거 같아 당황스럽네.	N	2022-07-14 02:57:17	2022-11-08 04:20:33
BE22008728	2	1	방송을 보고 바로 시아버지 건강을 챙기다니 정말 착한 며느리구나. 바쁜 아들을 대신해 며느리가 이렇게 신경 써주니 너희 시아버지 마음도 뿌듯하시겠다. 내가 시부모라도 너 같은 며느리는 정말 예쁘겠어.	N	2022-07-14 02:57:17	2022-11-08 04:20:33
BE22008728	3	0	시아버님도 말로는 고맙다고 하시지. 근데 갖다 드린 방울토마토를 하나도 손을 안 대셨더라고. 내 정성이 고마우면 좀 드셔야 하는 거 아닌가?	N	2022-07-14 02:57:17	2022-11-08 04:20:33
BE22008728	4	1	남자 어른들 중에는 의외로 과일을 즐기지 않는 분들이 꽤 계시더라. 그래서 그런 거라 이해해. 그렇더라도 너는 마음에 상처를 입었겠어.	N	2022-07-14 02:57:17	2022-11-08 04:20:33
BE22008728	5	0	상처까지는 아닌데 좀 서운하기는 하더라. 요즘 방울토마토가 엄청 비싸거든. 나도 좋아하는데 참고 시아버님 다 드린 건데 손을 안 대셔서 좀 그랬어.	N	2022-07-14 02:57:17	2022-11-08 04:20:33
BE22008728	6	1	그래, 네 입장에서는 그렇게 생각할 수 있겠다. 안 당기더라도 네 정성 생각해서 좀 드셨으면 마음이 기뻤을 텐데. 나 같아도 서운하긴 했을 거 같다.	N	2022-07-14 02:57:17	2022-11-08 04:20:33
BE22008728	7	0	그런데 요즘은 다들 건강에 엄청 관심이 많지 않아? 그리고 남자들은 나이 들면 전립선이 위험하다고 하잖아. 그래서 분명 드실 거라고 생각했는데 아니라 좀 당황했어.	N	2022-07-14 02:57:17	2022-11-08 04:20:33
BE22008728	8	1	그런 네 마음은 충분히 아셨을 거야. 다만 도저히 음식에 손이 안 가셨던 것뿐일 테니 너무 그렇게 마음 상하지 마.	N	2022-07-14 02:57:17	2022-11-08 04:20:33
BE22008728	9	0	그럼 혹시 싫어하는 거 강요해서 시아버님이 화가 나신 건 아닐까? 괜찮다는데도 내가 드셔야 한다고 엄청 열심히 말했거든. 내가 부담스러웠을 수도 있었겠다.	N	2022-07-14 02:57:17	2022-11-08 04:20:33
BE22008728	10	1	건강을 신경 써주는 마음이 고마운 거지 뭘 그런 생각을 하셨겠어? 다만 진짜 안 당겨서 손이 안 가신 걸 거야. 너도 건강에 좋다고 싫은 음식을 무조건 먹지는 않잖아?	N	2022-07-14 02:57:17	2022-11-08 04:20:33
BE22008728	11	0	생각해 보니 그것도 그러네. 나도 주변에서 좋다고 난리 쳐도 안 당기면 안 먹게 되긴 하더라. 시아버님이 내가 얼마나 부담스러우셨을지 괜히 미안해지네.	N	2022-07-14 02:57:17	2022-11-08 04:20:33
BE22008728	12	1	시아버지가 토마토를 안 드셨다고 네 정성을 폄하할 수는 없어. 네 시아버지도 속으로는 아마 미안해하고 계실 거야. 즐기는 음식이었으면 좋았겠다 생각하시겠지.	N	2022-07-14 02:57:17	2022-11-08 04:20:33
BE22008728	13	0	그럼 전립선암에 좋은 음식 중에 시아버님 입맛에 맞는 걸로 찾아봐야겠다. 그러면 되는 걸 괜히 속을 끓였네. 맛있는 방울토마토는 내가 다 먹지 뭐.	N	2022-07-14 02:57:17	2022-11-08 04:20:33
BE22008728	14	1	그래, 그렇게 빨리 털어버려서 너무 기특하다. 시아버지한테도 미리 여쭤봐. 그럼 이번 같은 일은 생기지 않겠지.	N	2022-07-14 02:57:17	2022-11-08 04:20:33
BE22008728	15	0	언니 말이 맞아. 이번에도 미리 여쭤봤으면 괜한 감정 낭비는 안 했을 텐데 좀 아쉽다. 어쨌든 언니 충고 덕분에 하나 배웠다. 고마워, 언니.	Y	2022-07-14 02:57:17	2022-11-08 04:20:33
