id	utterance_id	utterance_type	utterance_text	terminate	regDate	updDate
BE22002380	1	0	나 지금 당황해서 멘붕 오려고 그래.	N	2022-06-21 07:09:02	2022-11-08 03:39:50
BE22002380	2	1	왜 그러는데, 무슨 일이라도 생겼어?	N	2022-06-21 07:09:02	2022-11-08 03:39:50
BE22002380	3	0	집에 강아지를 새로 입양했거든. 그런데 원래 키우던 강아지가 새로 입양한 강아지를 자꾸 괴롭히는 거야.	N	2022-06-21 07:09:02	2022-11-08 03:39:50
BE22002380	4	1	너희 강아지 순둥인데 왜 그러지? 강아지들도 텃새가 있나? 도대체 왜 그러는 거야?	N	2022-06-21 07:09:02	2022-11-08 03:39:50
BE22002380	5	0	왜 그러는지 나도 몰라서 답답해. 집에 혼자 있는 강아지가 안쓰러워서 한 마리를 더 입양한 건데. 평소 하지 않던 행동을 하니까 너무 당황스러워.	N	2022-06-21 07:09:02	2022-11-08 03:39:50
BE22002380	6	1	강아지가 외로울까 봐 입양했는데 네 맘을 몰라주는구나. 사이좋게 지내면 네 마음이 얼마나 좋았겠어. 강아지가 사람 말을 알아들으면 타이르기라도 할 텐데.	N	2022-06-21 07:09:02	2022-11-08 03:39:50
BE22002380	7	0	지금 상황에선 새로 입양한 강아지를 파양해야 하는데, 그건 또 못 할 일이잖아? 어떻게 해야 할지 너무 혼란스러워.	N	2022-06-21 07:09:02	2022-11-08 03:39:50
BE22002380	8	1	네 심정이 백번 천번 이해가 돼. 파양해야 하는 상황이지만 그건 정말 최후의 선택이잖아. 나도 마음이 정말 답답해진다.	N	2022-06-21 07:09:02	2022-11-08 03:39:50
BE22002380	9	0	서로 사이좋게 잘 지낼 거란 생각만 한 내가 너무 순진했어. 잘 알아보고 입양해야 하는데. 마음만 앞서서 이렇게 됐나 봐.	N	2022-06-21 07:09:02	2022-11-08 03:39:50
BE22002380	10	1	네가 알고 그런 것도 아닌데 자책하지 마. 원래 있던 강아지가 순둥이여서 이런 문제가 생길지 누가 알았겠냐고. 애견 인구가 몇만인데 찾아보면 분명히 해결책이 있을 거야.	N	2022-06-21 07:09:02	2022-11-08 03:39:50
BE22002380	11	0	난 지금 해결책을 모르지만, 이런 경험을 나만 하고 있을 리는 없겠지? 분명히 해결책을 알고 있는 사람이 있을 거야.	N	2022-06-21 07:09:02	2022-11-08 03:39:50
BE22002380	12	1	당연하지, 텔레비전을 보니까 사람을 무는 개도 고치던데. 너희 강아지는 그런 개에 비하면 양반이야. 문제 있는 개 훈련하는 곳도 있던데 거길 보내보는 건 어때?	N	2022-06-21 07:09:02	2022-11-08 03:39:50
BE22002380	13	0	그럴까? 전문가는 뭔가 다르겠지? 너무 당황스러워서 암담했는데, 언니랑 얘기하니까 마음이 편해졌어.	N	2022-06-21 07:09:02	2022-11-08 03:39:50
BE22002380	14	1	그러면 다행이고. 네 귀여운 강아지들이랑 행복해라.	Y	2022-06-21 07:09:02	2022-11-08 03:39:50
