id	utterance_id	utterance_type	utterance_text	terminate	regDate	updDate
BE22018657	1	0	언니, 오늘 나 헬스장에서 운동도 못하고 돌아왔어. 무슨 일이 있었는지 알면 언니도 진짜 놀래서 기절할지도 몰라, 경찰서에 참고인 조사를 다녀오는 길이거든. 운동복으로 갈아입으려고 탈의실에 갔다가 내가 몰래카메라를 발견해서 신고했어.	N	2022-09-17 11:34:08	2022-09-17 11:34:08
BE22018657	2	1	몰래카메라라니, 상상만으로도 너무나 구역질이 나올만한 사건이잖아. 처음 발견하고 놀라진 않았어? 네가 지금 얼마나 경황이 없을지 걱정스러워.	N	2022-09-17 11:34:08	2022-11-08 05:22:43
BE22018657	3	0	옷을 막 벗으려는데, 사물함 모퉁이에서 렌즈 같은 게 보이길래 바로 경찰에 신고했는데 몰래카메라가 맞더라고. 순간 이게 현실인가 싶어서 얼떨떨하면서도 소름 끼치게 당황스럽더라. 내가 발견한 게 범죄의 현장인 거잖아.	N	2022-09-17 11:34:08	2022-09-17 11:34:08
BE22018657	4	1	눈앞에서 네가 범죄 현장을 실시간으로 적발한 건데, 당혹스러운 것도 당연하지. 작은 사고의 현장만 봐도 가슴이 떨리던데, 직접 발견해서 신고까지 했다면 나라도 정신이 없을 거야.	N	2022-09-17 11:34:08	2022-11-08 05:22:43
BE22018657	5	0	그동안 뉴스에서 점점 자주 나오는 몰래카메라 관련 범죄 소식에 나도 조심해야겠다고 생각했었어. 그런데 이렇게나 내 주변 가까이에도 이런 일이 생기다니, 앞으로 공공시설을 피하고 싶어져. 남의 벗은 몸을 관음한다는 게 얼마나 혐오스러운 범죄인지, 지금도 소름 끼치게 역겹고 황당해.	N	2022-09-17 11:34:08	2022-11-08 05:22:43
BE22018657	6	1	몰래카메라로 찍은 영상은 단순히 영상물로 그치는 게 아니라 한 사람의 영혼까지도 파멸시키는 끔찍한 범죄잖아. 처음 상황을 맞닥뜨렸을 땐 당황과 두려움에 휩싸였을 텐데, 자신을 보호하기 위해서 싸우는 네가 장하구나. 누군가 내 은밀한 사생활을 노출하고 괴롭힌다면 피해자는 정말 괴롭고 혐오스러워서 버티기 어려울 것 같거든.	N	2022-09-17 11:34:08	2022-11-08 05:22:43
BE22018657	7	0	내가 발견 못하고 그냥 탈의했다고 생각하면 정말 아찔해. 처음에 발견하고도, 내가 지금 발견한 게 카메라가 맞는 건지 심장이 두근두근하면서 당황스러웠어. 놀라니까 머리의 사고 회로가 멈춘 것처럼 빠릿빠릿하게 행동하지 못해서 떨면서 경찰에 연락했어.	N	2022-09-17 11:34:08	2022-11-08 05:22:43
BE22018657	8	1	당황스러운 순간에도 침착하게 대처해서 현장을 검거할 수 있게 도움을 준 네가 대단해 보여. 누군가는 놀라서 회피하거나 숨어버릴 수도 있는 일을, 넌 책임감을 가지고 끝까지 해결한 거잖아. 너처럼 준법정신을 가지고 세상을 올바르게 나아가게 하는 사람이 결국 바른 사람이라고 생각해.	N	2022-09-17 11:34:08	2022-09-17 11:34:08
BE22018657	9	0	점점 사회에 타인의 사생활을 관음하면서 쾌락을 느끼는 사람들이 많아지는 것 같아서 두렵고 혼란스러워. 잘못된 일이나 범죄를 발견하면, 현실인가 싶게 의심이 들 만큼, 말도 안 되는 일투성이야.	N	2022-09-17 11:34:08	2022-11-08 05:22:43
BE22018657	10	1	그래도 오늘 하루 네가 정말 대단한 일을 해서, 네가 내 동생인 게 너무 자랑스러워. 네가 문제를 제기하고 나서준 것으로 이다음에는 적어도 피해자가 나오지 않을 수 있게 됐잖아. 지금은 정신없고 당황스럽겠지만, 넌 칭찬받아 마땅한 일을 한 거니까 더 당당하고 뿌듯하게 생각해도 돼.	N	2022-09-17 11:34:08	2022-11-08 05:22:43
BE22018657	11	0	솔직히 순간적으로 놀라서 당혹감에 다리가 덜덜 떨릴 정도였는데, 언니가 그렇게 칭찬해 주니 마음이 편안해지네. 옳은 일을 하고도 마음이 진정되지 않아서, 자꾸만 긴장돼서 차분해질 수가 없었어. 그런데 내가 스스로 자랑스럽고 타인에게도 도움이 되는 일을 한 거라니, 마음이 진정되면서 어깨가 으쓱해져.	N	2022-09-17 11:34:08	2022-11-08 05:22:43
BE22018657	12	1	나라도 그 상황에 같이 있어 줬으면 네게 도움이 되었을 텐데 그러질 못해서 미안한 마음뿐이야. 하지만 결론적으로 네 행동은 정말 치켜세워 주고 싶은 정도로 박수를 받을 행동이야. 불의를 보고 지나치지 않은 네 결단력에 감탄이 나올 뿐이란다.	N	2022-09-17 11:34:08	2022-11-08 05:22:43
BE22018657	13	0	그래도 바로 언니한테 연락했는데, 곧 답장이 와서 아주 든든했어. 언니와 연락이 되지 않았다면 여전히 미칠 듯 뛰는 심장을 부여잡고 어쩔 줄 몰랐을 거야. 경찰서까지 다녀오니 정신이 없었는데, 언니 덕분에 점점 진정되는 듯해, 정말 고마워.	N	2022-09-17 11:34:08	2022-11-08 05:22:43
BE22018657	14	1	우리가 서로 몸은 떨어져 있지만, 항상 서로를 생각하면서 안위를 걱정해 주자. 너도 몸조심하고, 항상 주의를 경계하는 거 잊지 말고. 무엇보다 중요한 건, 너 자신을 지키는 거니까 무슨 일이 생기면 꼭 연락해 주렴.	Y	2022-09-17 11:34:08	2022-11-08 05:22:43
