id	utterance_id	utterance_type	utterance_text	terminate	regDate	updDate
BE22016798	1	0	언니, 너무 당황스러운 일을 겪었어. 생각만 해도 얼굴이 화끈거려.	N	2022-08-31 08:42:24	2022-11-08 05:11:31
BE22016798	2	1	무슨 일인데 그래, 곤란한 일이라도 생긴 거야?	N	2022-08-31 08:42:24	2022-08-31 08:42:24
BE22016798	3	0	며칠 전에 대학 동창 모임이 있었거든. 오랜만에 만나서 그런지 아주 즐거웠어. 문제는 식당에서 배가 너무 아파서 화장실에 갔는데, 그만 변기가 막혀버린 거야.	N	2022-08-31 08:42:24	2022-08-31 08:42:24
BE22016798	4	1	정말 상상하기도 싫은 일이 생겼구나. 말하지 않아도 네가 얼마나 당황했을지 짐작이 돼. 네가 아주 난감했을 것 같아서 너무 안타까워.	N	2022-08-31 08:42:24	2022-11-08 05:11:31
BE22016798	5	0	언니, 정말 울고 싶었다니까. 물이 안 내려가서 한 번 더 레버를 눌렀더니 변기 밖으로 물이 흘러넘치는데, 눈앞이 깜깜해지더라. 아무리 찾아도 변기를 뚫을 만한 도구는 안 보이고, 진짜 식은땀만 뚝뚝 흘리고 있었어.	N	2022-08-31 08:42:24	2022-08-31 08:42:24
BE22016798	6	1	네가 어땠을지 생각하니까 내가 너무 당황스러워서 손에 땀이 날 것만 같아. 얼마나 난감하면 울고 싶었을까 생각하니 네가 너무 안쓰러워. 어쩌다 그런 일이 생겨서는, 네가 정말 힘들었겠어.	N	2022-08-31 08:42:24	2022-11-08 05:11:31
BE22016798	7	0	결국 식당 아주머니를 불렀는데, 막힌 변기를 본 아주머니의 눈빛이 잊히질 않아. 정말 생각할수록 너무 부끄러워서 쥐구멍에라도 들어가고 싶은 기분이야.	N	2022-08-31 08:42:24	2022-08-31 08:42:24
BE22016798	8	1	대부분 변기 한두 번씩은 막히게 만든 경험이 있지 않니? 식당 화장실 변기는 오죽하겠어, 그 아주머니 입장에서는 또 막혔다고 생각했을 거야. 지금은 네가 수치스러운 마음이 들겠지만 별것 아닌 일이야, 마음에 담아두지 않았으면 좋겠어.	N	2022-08-31 08:42:24	2022-11-08 05:11:31
BE22016798	9	0	대놓고 말은 안 했지만 무슨 일이 있었는지 다 알고 있을 텐데. 앞으로 친구들 얼굴을 어떻게 보냐고. 뒤에서 수군거리지는 않을까 생각하면 너무 창피해서 얼굴을 들 수가 없어.	N	2022-08-31 08:42:24	2022-08-31 08:42:24
BE22016798	10	1	그 친구들 딴에는 네가 부끄러울까 봐 모르는 척했나 보다. 너도 모르는 척 시치미를 떼고 있든지, 아니면 네가 먼저 아무렇지 않은 척 얘기해 버려. 지금 네 마음 상태를 모르는 건 아니지만, 너무 심각하게 생각할 필요는 없는 것 같아.	N	2022-08-31 08:42:24	2022-11-08 05:11:31
BE22016798	11	0	부끄럽기는 하지만 그 친구들과 관계가 소원해지기는 정말 싫어. 언니 말대로 아무 일 아닌 것처럼 그냥 까놓고 얘기해도 괜찮을까? 말하지 않는다고 없던 일이 되는 것도 아니고, 계속 어색하게 있는 것도 불편할 것 같아서.	N	2022-08-31 08:42:24	2022-08-31 08:42:24
BE22016798	12	1	잘 생각했어. 너와 그 친구들이 한두 해 알던 사이가 아니잖아. 벌써 십 년이 훌쩍 넘은 사이야, 이제 웬만한 일은 웃고 넘어갈 수 있지 않을까? 지금 네 마음이 불안하고 걱정이 되는 건 알겠는데 용기를 내서 말을 한번 해 봐.	N	2022-08-31 08:42:24	2022-11-08 05:11:32
BE22016798	13	0	언니에게 얘기하니까 마음이 많이 가벼워졌어. 고마워.	N	2022-08-31 08:42:24	2022-08-31 08:42:24
BE22016798	14	1	네게 도움이 되었다니 다행이야. 도움이 필요하면 언제든지 말해.	Y	2022-08-31 08:42:24	2022-08-31 08:42:24
