id	utterance_id	utterance_type	utterance_text	terminate	regDate	updDate
BE22017026	1	0	얘, 오늘 너무 당황스러운 일이 있어서 문자 메시지 하는 거야. 살면서 이렇게 당황한 적이 없는 것 같아.	N	2022-09-04 00:21:29	2022-09-04 00:21:29
BE22017026	2	1	언니가 이렇게 흥분한 건 처음이야. 뭔가 실수를 크게 했나 봐. 진정하고 차분히 말해 봐.	N	2022-09-04 00:21:29	2022-11-08 05:12:51
BE22017026	3	0	당황스러운 감정이 올라와서 가라앉지 않는다. 글쎄 함께 그림 공부하는 사람들과 선생님에게 점심을 대접하기로 약속했는데 그걸 못 지켰어. 바꿔 멘 가방에 지갑이 없어서 결제를 못 해서 당황했어.	N	2022-09-04 00:21:29	2022-11-08 05:12:51
BE22017026	4	1	말만 들어도 언니 모습이 상상이 간다. 나도 친구들 모임에 나가서 그런 적이 있어서 당황했던 적이 있었는데. 언니는 선생님도 함께 계셔서 더 당황스러웠겠다.	N	2022-09-04 00:21:29	2022-11-08 05:12:51
BE22017026	5	0	그래, 내가 요새 왜 이러는지 모르겠다. 나이 들어가면서 건망증이 심해지는 것 같아. 내가 사겠다고 큰 소리 탕탕 쳐 놓고 지갑을 안 가져가다니, 내가 한심한 생각이 들어.	N	2022-09-04 00:21:29	2022-09-04 00:21:29
BE22017026	6	1	그래, 당황스러워하는 언니 모습이 눈에 선하다. 밥을 사겠다고 해 놓고 못 사게 됐으니, 자신이 한심해서 어디로 숨고 싶었을 것 같아.	N	2022-09-04 00:21:29	2022-11-08 05:12:51
BE22017026	7	0	밥 다 먹고 계산하려고 폼 잡고 카운터로 갔는데 맙소사 지갑이 없는 거야. 일행이 다가와서 그 사실을 알고 서로 내겠다고 실랑이를 벌여 음식점이 소란스러워졌어. 나 때문에 그렇게 돼서 얼굴이 화끈거리고 당황스러웠어.	N	2022-09-04 00:21:29	2022-09-04 00:21:29
BE22017026	8	1	그런 소란까지 있었다니 정말 난감한 상황이었겠네. 나도 어떤 물건을 전해주려고 약속했는데 막상 그 물건을 안 가져가서 당황스러운 적이 있어. 그거에 비하면 지갑 빼놓은 건 아무것도 아니니까 마음 편히 먹고 진정해.	N	2022-09-04 00:21:29	2022-11-08 05:12:51
BE22017026	9	0	어머, 정말 너도 정신이 없구나. 바쁘거나 다른 것에 신경 많이 쓰고 있을 때 꼭 그런 실수를 하게 되더라.	N	2022-09-04 00:21:29	2022-09-04 00:21:29
BE22017026	10	1	그래, 언니도 오늘 아침엔 너무 바빠서 실수했을 거야. 바쁠 때는 누구나 정신이 없어서 그 정도 실수는 할 수 있으니 너무 걱정하지 마. 언니가 일부러 그런 건 아니란 걸 회원들도 다 알 거니까 부끄러워하지 마.	N	2022-09-04 00:21:29	2022-11-08 05:12:51
BE22017026	11	0	네가 그렇게 얘기해주니 기분이 나아진다. 사람이 실수도 할 수 있지 뭐, 그만한 실수로 그렇게 당황할 필요는 없었어. 다음에 근사하게 식사를 대접해서 실수를 만회해야 할 것 같아.	N	2022-09-04 00:21:29	2022-11-08 05:12:51
BE22017026	12	1	맞아, 그렇게 긍정적으로 생각해야 정신 건강에 좋아서 건망증이 줄어들어. 이제 외출할 때는 가방에 지갑이 있나 꼭 확인해 봐. 또 체크 목록을 만들어서 확인하면 도움이 되니까 참고해.	N	2022-09-04 00:21:29	2022-11-08 05:12:51
BE22017026	13	0	그렇게 확인하고 또 확인하는 수밖에 없겠지. 네가 있어서 여러모로 도움을 많이 받는구나. 너랑 문자 메시지 하면 고민이 해결돼서 너무 좋다.	N	2022-09-04 00:21:29	2022-11-08 05:12:51
BE22017026	14	1	언니가 더 현명해서 내 고민을 척척 해결해 주었잖아. 그림 그리는 게 뇌를 자극하는데 좋은 활동이라니 앞으로 그림 많이 그려. 그러면 건망증도 줄어들고 실수도 줄어들 거야.	Y	2022-09-04 00:21:29	2022-09-04 00:21:29
