id	utterance_id	utterance_type	utterance_text	terminate	regDate	updDate
BE22017588	1	0	언니. 나 오늘 친구랑 도자기를 만들고 왔어. 그런데 기분이 너무 안 좋아.	N	2022-09-08 15:59:18	2022-09-08 15:59:18
BE22017588	2	1	네가 만든 도자기 봤어. 정말 예쁘던데. 무슨 일이야?	N	2022-09-08 15:59:18	2022-09-08 15:59:18
BE22017588	3	0	십년지기 중학교 친구랑 같이 도자기를 만들러 갔어. 우리 둘 다 도자기는 처음 만들어 보는 거라 서로 무슨 모양을 만들지 얘기도 했거든. 그런데 딱 그때까지만 신났던 것 같아.	N	2022-09-08 15:59:18	2022-11-08 05:16:18
BE22017588	4	1	예전부터 도자기 원데이 클래스 해보고 싶다고 했잖아. 너무 설렜을 것 같은데? 그 후로는 기분이 안 좋아졌다니 걱정이 되네.	N	2022-09-08 15:59:18	2022-11-08 05:16:18
BE22017588	5	0	분명 우리 둘 다 도자기 만들기는 처음인데 내 친구는 너무 잘하는 거야. 그에 비해 내 도자기는 너무 못났더라고. 그때부터 열등감에 사로잡혀서 표정 관리도 안 되고 어떻게 끝마쳤는지도 모르겠어.	N	2022-09-08 15:59:18	2022-11-08 05:16:18
BE22017588	6	1	무척 기대하고 갔을 텐데 마음처럼 안 돼서 정말 실망스러웠겠다. 하고 싶은 게 마음처럼 안 되면 기분이 안 좋지. 나도 그런 경험이 있어서 네 마음 잘 알 것 같아.	N	2022-09-08 15:59:18	2022-11-08 05:16:19
BE22017588	7	0	뭐든지 그랬어. 예전부터 걔는 나보다 항상 잘난 것 같아. 오늘 도자기만 봐도 내 친구 건 작품인데 내 건 누가 봐도 처음 만든 도자기야.	N	2022-09-08 15:59:18	2022-11-08 05:16:19
BE22017588	8	1	오늘 정말 속상했나 보다. 그동안 우리 동생의 힘든 마음이 한 번에 터져버린 것 같네. 언니가 보기에는 네 도자기도 정말 예쁘고 요즘 유행하는 멋진 작품인데 말이야.	N	2022-09-08 15:59:18	2022-11-08 05:16:19
BE22017588	9	0	지금 십년지기 친구한테 이런 감정을 느끼고 있는 나도 너무 한심해.	N	2022-09-08 15:59:18	2022-11-08 05:16:19
BE22017588	10	1	열등감은 누구나 가지고 있는 자연스러운 감정이야. 열등감을 느끼는 건 네가 실제로 못났기 때문이 아니야. 너무 자책하지 않았으면 좋겠구나.	N	2022-09-08 15:59:18	2022-11-08 05:16:19
BE22017588	11	0	그렇지만 이런 느낌은 마만의 것인 것 같아. SNS만 봐도 다른 사람들은 전부 행복해 보여.	N	2022-09-08 15:59:18	2022-11-08 05:16:19
BE22017588	12	1	아냐 나만 해도 당장 열등감을 느끼는걸? 나는 나보다 배려심 넘치는 너에게도 열등감을 느낀 적이 있어.	N	2022-09-08 15:59:18	2022-11-08 05:16:19
BE22017588	13	0	정말? 언니가 나한테 열등감을 느낀 적이 있다고? 믿을 수가 없네. 언니는 언제나 당당해 보이고 멋져 보여서 그런 감정을 느낄 줄은 몰랐어.	N	2022-09-08 15:59:18	2022-09-08 15:59:18
BE22017588	14	1	그럼, 너는 나보다 뛰어난 점이 많은 멋진 동생인걸. 우리 열등감으로 우울해하기보다는 그냥 인정하고 사람들마다의 차이로 생각해보면 어떨까? 우리 각자가 잘하는 건 모두 다르니까 말이야.	N	2022-09-08 15:59:18	2022-11-08 05:16:19
BE22017588	15	0	나만 이런 감정을 느끼는 게 아니라니 너무 놀라워. 지금까지는 내가 너무 한심하게 느껴졌는데 기분이 한결 나아진 것 같아. 그리고 나한테 언니보다 뛰어난 점이 많다니 그건 생각해 본 적도 없어.	N	2022-09-08 15:59:18	2022-09-08 15:59:18
BE22017588	16	1	그럼 너는 정말 멋진 내 동생이잖아. 오늘도 도자기를 만들다가 기분이 안 좋아졌지만 포기하지 않고 끝까지 해냈지. 이것도 정말 대단한 거야.	N	2022-09-08 15:59:18	2022-11-08 05:16:19
BE22017588	17	0	그렇게 말해줘서 고마워. 내가 오늘 표정이 안 좋아서 친구가 신경 쓰는 것 같더라고. 솔직하게 말하고 사과해야겠어.	N	2022-09-08 15:59:18	2022-09-08 15:59:18
BE22017588	18	1	용기 있게 사과하는 모습도 정말 멋지다. 나도 네가 친구랑 잘 이야기 해 볼 수 있도록 응원할게! 네가 만든 도자기는 장식장에 전시해두자.	Y	2022-09-08 15:59:18	2022-11-08 05:16:19
