id	utterance_id	utterance_type	utterance_text	terminate	regDate	updDate
BE22022504	1	0	형, 나 오늘 학교에서 발표 시간에 예상치 못 한 일이 있어서 정말 당황스러웠어. 내가 원래 발표할 때 긴장을 엄청 하잖아, 그런데 반 대표로 발표를 하려니까 더 떨리더라. 전 학년들이 나만 바라보고 있단 걸 의식하니까 갑자기 시선을 어디 둬야 모르겠고, 얼굴이 빨개졌어.	N	2022-09-29 01:39:56	2022-09-29 01:39:56
BE22022504	2	1	많은 사람 앞에서 말을 하려면 쉽지 않았을 텐데, 당황스러운 상황까지 있었던 거니? 준비한 만큼 발표를 잘 마무리하지 못한 거야? 오늘 하루를 마친 네 문자가 왠지 무겁게 느껴져서 걱정스럽네.	N	2022-09-29 01:39:56	2022-11-08 05:48:53
BE22022504	3	0	딱 한 군데를 정하든지 해서 안정을 찾았어야 했는데, 수많은 눈앞에 평온하기란 힘들더라고. 결국 갑자기 딸꾹질이 시작됐는데, 웬일인지 몇 번 하고 멈추는 게 아니라 계속 반복되는 거야. 마이크는 앞에 있지, 딸꾹질 소리는 강당에 퍼지지 정말 당황스럽고 어쩔 줄 몰라서 도망가고 싶었어.	N	2022-09-29 01:39:56	2022-09-29 01:39:56
BE22022504	4	1	어제도 하루 종일 방 안에서 문 잠그고 연습하던데, 그렇게 연습해도 실전은 떨리는 게 당연하지. 나라도 나만 쳐다보는 무수히 많은 눈빛들을 아무렇지 않게 견디는 건, 안절부절못할 만큼 긴장했을 거야. 그런데 엎친 데 덮친 격으로 딸꾹질마저 무대에서 시작됐다니, 정말 곤욕스러웠겠다.	N	2022-09-29 01:39:56	2022-11-08 05:48:53
BE22022504	5	0	다들 내가 할 발표에 집중하고 있는 상황에서 정적을 깨는 소리가 딸꾹질 소리라니, 정말 당황했어. 고요함 속에 딸꾹 딸꾹 하는 소리로 꽉 찬 시간이었달까? 멋진 발표 내용이 아니라 내 생리현상으로 이목이 끌리는데 얼굴이 다 화끈거리더라.	N	2022-09-29 01:39:56	2022-11-08 05:48:53
BE22022504	6	1	침을 삼키는 소리마저 메아리처럼 울려 퍼지는 강당의 고요한 순간이 너를 더 의식되게 만들었겠다. 발표할 땐 입이 바싹바싹 마르기도 해서 입술이 떼어지는 소리마저 신경 쓰이던데, 얼마나 난처했을지 이해해.	N	2022-09-29 01:39:56	2022-11-08 05:48:53
BE22022504	7	0	오히려 빨리 딸꾹질을 멈춰야 한다는 강박에 내 긴장감은 최고조로 오르더라. 침착하자면서 심호흡을 하려는데도 다들 내 상태에 대해 웅성웅성 거리는데, 너무 당황했어. 아무리 차분하려고 노력해도 도저히 평온을 찾을 수가 없었어.	N	2022-09-29 01:39:56	2022-11-08 05:48:53
BE22022504	8	1	예기치 못하는 상황엔 누구나 움찔하게 되는데 생각대로 몸이 움직여지지 않으니 더 긴장되는 건 당연해. 당장 해결해야 한다는 마음이 널 더 불편하게 했을까 봐 속상하다. 그래도 네 노력이 딸꾹질이라는 사건에 가려지지 않고 내용을 잘 전달했을 테니 너무 걱정 마.	N	2022-09-29 01:39:56	2022-11-08 05:48:53
BE22022504	9	0	몇 분간 계속되는 딸꾹질에 식은땀이 나기 시작하는데, 나중에는 정말 비 오듯 땀이 났어. 하필 이런 일이 왜 오늘 발생하는지, 내가 너무 바보 같아 보였을 것 같아 끔찍해. 당황하면서 허둥대는 모습이 정신이 없어 보였을 것 같은데 결국 발표가 산만했을까 봐 정말 부끄러워.	N	2022-09-29 01:39:56	2022-09-29 01:39:56
BE22022504	10	1	서툰 모습을 많은 사람들 앞에서 보였다는 게 흡족하진 않겠지만, 넌 충분히 잘하고 있어. 오늘의 소동 때문에 네가 너무 자책하거나 수치스러워하지 않았으면 좋겠어. 담담한 모습을 보인다면, 아무도 널 우습게 보지 못할 텐데 마음을 진정해 보고 누그려뜨려보면 어떨까?	N	2022-09-29 01:39:56	2022-11-08 05:48:53
BE22022504	11	0	형이 그렇게 말해주니까 솔직히 많이 위로가 된다. 내가 오늘 일을 마음에 담아두고 나에 대한 편견을 만든다면 견딜 수 없을 것 같아. 오히려 아무 일도 아닌 것처럼 행동하는 게 좋을 것 같다는 생각이 들어서, 마음이 놓여.	N	2022-09-29 01:39:56	2022-09-29 01:39:56
BE22022504	12	1	그렇게 마음을 다 잡는다면, 분명 이번 일은 네 발목을 잡는 일이 되지는 않을 거야. 게다가 이번에 경험치가 생겼으니까, 다음번엔 분명 훨씬 더 잘할 수 있을걸?	N	2022-09-29 01:39:56	2022-11-08 05:48:53
BE22022504	13	0	내게 벌써부터 다음번의 기회까지 선사해 주다니, 더 열심히 반 대표로 뽑혀야겠다는 생각이 드네. 딸꾹질 때문에 당황스러웠던 마음이 진정돼 질 않았는데, 덕분에 더 열심히 해야겠다는 강한 열망이 들어.	N	2022-09-29 01:39:56	2022-11-08 05:48:53
BE22022504	14	1	네가 약한 모습을 벗어나 씩씩한 모습을 보이니까 내 마음도 정말 흐뭇하다. 작은 사건 사고에 네가 너무 괴로워하지 않기를 바라. 뭐든 겪으면서 성장하는 거고, 적당히 흘려보내는 마음을 항상 겸비하도록 하자!	Y	2022-09-29 01:39:56	2022-11-08 05:48:53
