id	utterance_id	utterance_type	utterance_text	terminate	regDate	updDate
BE22020916	1	0	형, 엄마 아빠가 개명을 하자고 하셔서 조만간 나 이름 바뀔 것 같거든? 근데 너무 갑작스럽고 당황스러워.	N	2022-09-23 05:26:47	2022-09-23 05:26:47
BE22020916	2	1	이름을 바꾸자고 하셨다고? 듣는 나도 당황스러운데 당사자인 너는 마음이 더 어지럽겠다. 왜 바꾸자고 하시는 거야?	N	2022-09-23 05:26:47	2022-11-08 05:39:35
BE22020916	3	0	모의고사 성적이 자꾸 떨어져서 걱정되시나 봐. 어디서 들으셨는지 그게 내 이름에 액운이 껴서 그렇다고 하시는데 난 잘 모르겠어. 그냥 이 상황이 당황스러워.	N	2022-09-23 05:26:47	2022-09-23 05:26:47
BE22020916	4	1	그랬구나, 안 그래도 대학 입시로 제일 힘든 건 넌데 당황스러워서 집중도 안 되겠다. 개명은 너무 신경 쓰지 마.	N	2022-09-23 05:26:47	2022-11-08 05:39:35
BE22020916	5	0	난 그냥 내 페이스대로 조절하면서 하고 싶은데 외부에서 문제를 찾으시니 이게 맞는 건지 당황스러워.	N	2022-09-23 05:26:47	2022-09-23 05:26:47
BE22020916	6	1	나름의 계획을 가지고 공부하고 있는데 주변에서 전혀 다른 얘기를 하니 머리가 복잡할 것 같다.	N	2022-09-23 05:26:47	2022-11-08 05:39:35
BE22020916	7	0	응, 나도 그렇게 생각해. 형도 내가 개명을 하면 성적이 좋아질 거라고 생각해? 나는 그냥 이 상황이 당황스러워서 이해가 안 돼.	N	2022-09-23 05:26:47	2022-09-23 05:26:47
BE22020916	8	1	나도 네 상황이었다면 너랑 똑같이 이해하기 힘들었을 것 같아. 근데 내 생각엔 상관없는 일이라고 생각해. 하지만 내 생각보다는 네 마음은 더 중요하지, 네 생각은 어때?	N	2022-09-23 05:26:47	2022-11-08 05:39:35
BE22020916	9	0	사실 잘 모르겠어. 성적이 오르면 좋긴 하겠지만, 그건 내 힘으로 이룬 게 아닐 것만 같아서 망설여져. 반대로 개명을 했는데도 성적이 오르지 않으면 괜한 짓 한 것처럼 느껴질 것 같고.	N	2022-09-23 05:26:47	2022-09-23 05:26:47
BE22020916	10	1	고민이 되는 게 당연하지. 한 번도 생각해본 적 없는 일인데다 확신도 없이 무턱대고 진행하면 나중에 후회하게 될지도 몰라. 형은 네 마음 가는 대로 하면 좋겠어.	N	2022-09-23 05:26:47	2022-11-08 05:39:35
BE22020916	11	0	근데 그랬다가 정말 계속 성적이 떨어지면 어떡해야 하나 하는 걱정도 돼.	N	2022-09-23 05:26:47	2022-09-23 05:26:47
BE22020916	12	1	이제껏 내가 봐온 너는 문제를 해결하는 능력이 탁월하고 자기효능감이 높은 아이야. 비록 지금 잠시 성적이 기대만큼 나오지 않아도 꾸준히 노력하면 문제없을 거야.	N	2022-09-23 05:26:47	2022-11-08 05:39:35
BE22020916	13	0	요즘 성적이 잘 안 나와서 자신감이 많이 떨어졌었어. 그래서 처음엔 이름을 바꿔서라도 성적만 오르면 된다고 생각했거든.	N	2022-09-23 05:26:47	2022-09-23 05:26:47
BE22020916	14	1	그런 생각 들 수 있지. 대학입시 때는 가장 예민한 시기이니까 주변 소리에 더 마음이 혼란스러워질 수밖에 없는 것 같아.	N	2022-09-23 05:26:47	2022-09-23 05:26:47
BE22020916	15	0	안 그래도 정체기라 머릿속이 복잡한데 갑자기 생전 처음 듣는 이름으로 불려야 한다고 생각하니까 어찌나 당황스럽던지.	N	2022-09-23 05:26:47	2022-11-08 05:39:35
BE22020916	16	1	누구에게나 정체기가 있을 수 있어. 그렇지만 그럴수록 너 자신을 믿고 페이스를 유지한다면 좋은 성과를 얻을 수 있을 거야. 그럼 네 당황스러움은 사라질 거야.	N	2022-09-23 05:26:47	2022-11-08 05:39:35
BE22020916	17	0	정말 고마워, 형. 뭔가 찝찝한 기분이었는데 대화하고 나니 마음이 편안해졌어.	N	2022-09-23 05:26:47	2022-09-23 05:26:47
BE22020916	18	1	네 마음이 좋다니 나도 좋다. 외부 조건에 휘둘리지 말고 너 자신을 더 믿고 해 봐. 너라면 잘 해낼 수 있을 거라 형은 믿어.	N	2022-09-23 05:26:47	2022-11-08 05:39:35
BE22020916	19	0	응. 나 부모님께 개명하지 않고 내 힘으로 열심히 해보겠다고 말씀드려볼게. 고마워, 형.	N	2022-09-23 05:26:47	2022-09-23 05:26:47
BE22020916	20	1	그래. 어떤 결정이든 이건 너의 삶이니까 신중한 선택으로 후회 없길 바랄게.	Y	2022-09-23 05:26:47	2022-11-08 05:39:35
