id	utterance_id	utterance_type	utterance_text	terminate	regDate	updDate
BE22017144	1	0	언니, 나 진짜 너무 당황스러워서 땅속으로 사라져버리고 싶어.	N	2022-09-06 00:56:05	2022-11-08 05:13:34
BE22017144	2	1	지금 대학교 오리엔테이션 중이지 않아? 무슨 일이라도 있었던 거야?	N	2022-09-06 00:56:05	2022-09-06 00:56:05
BE22017144	3	0	오늘이 오리엔테이션 마지막 날이라서 참석한 모든 학생이 강당에서 레크리에이션을 했거든. 그런데 갑자기 용기 있는 자만이 사랑을 얻는다면서 이번 오리엔테이션에서 마음에 드는 사람에게 고백할 기회를 주겠다잖아. 그런데 다른 과에 어떤 사람이 올라가더니 갑자기 내 이름을 부르더라고, 어찌나 당황스럽던지.	N	2022-09-06 00:56:05	2022-11-08 05:13:34
BE22017144	4	1	세상에, 평소에도 너는 주목받는 걸 별로 좋아하지 않는데, 얼마나 당황스러웠을까. 모르는 사람들이 다 나만 쳐다보는 그 상황이 정말 상상도 하기 힘든 정도인걸. 내가 네게 말만 들어도 어찌할 바를 모르겠는데 너 괜찮아?	N	2022-09-06 00:56:05	2022-11-08 05:13:34
BE22017144	5	0	내 이름이 불리는 순간 정말 당황스러움에 눈은 커지고, 머리가 하얘지면서 얼굴은 달아오르고. 왜 내 이름이 저기서 나오는지 믿기지 않고, 그냥 내가 없어지고 싶었어. 어찌나 당황스럽고 부끄럽던지 진짜 정수리까지 쭈뼛 서는 기분이었다니까.	N	2022-09-06 00:56:05	2022-11-08 05:13:34
BE22017144	6	1	내가 준비되지 않았는데 주목을 받는 것만큼 곤혹스러운 일은 없는 것 같아. 수천 개의 눈이 너에게 꽂힐 때의 그 부담감이란, 진짜 네게 힘든 시간이었겠다. 네가 너무 당황스럽고 놀랐을 것 같고, 오리엔테이션이 네게 좋지 않은 기억으로 남을까 봐 걱정스럽기도 해.	N	2022-09-06 00:56:05	2022-11-08 05:13:34
BE22017144	7	0	정말 그 일만 아니었다면 완벽한 오리엔테이션이었을 텐데 말이야. 친구도 꽤 많이 사귀었고, 선배들이랑도 얘기 많이 하면서 좋았단 말이야. 마지막에 그런 뜬금없이 주목받아서 오리엔테이션 생각하면 오늘의 당황스러움과 곤혹스러움만 기억날 것 같아.	N	2022-09-06 00:56:05	2022-11-08 05:13:34
BE22017144	8	1	저런, 얼마나 당황스럽고 부끄러웠으면 네가 그런 생각을 할까, 언니가 다 속상하네. 좋은 추억이 부끄러운 기억으로 바뀌어버린 것 같아서 그 상황이 언짢기도 하고 착잡하기도 했겠다.	N	2022-09-06 00:56:05	2022-11-08 05:13:34
BE22017144	9	0	나에게 고백하는 그 사람이 좋고, 싫고를 떠나서 그냥 주목받은 게 너무 놀라고 당황스러웠거든. 레크리에이션 마치고 숙소로 돌아오는데도 사람들이 다 쳐다보는 것만 같아서 괜히 그 사람이 밉기도 하더라. 용기 내준 건 정말 고마운 일인데, 그냥 따로 얘기해주면 더 좋았을 텐데 싶기도 하고 말이야.	N	2022-09-06 00:56:05	2022-11-08 05:13:34
BE22017144	10	1	언니라면 그 사람의 행동을 탓하면서 나무랐을 텐데, 그 용기를 칭찬하고, 이해해주려고 노력하는 네가 정말 멋지다. 하지만 네가 두고두고 이 일을 떠올리고 사람들의 시선을 신경 쓰면서 네 마음을 괴롭게 할까 봐 염려스러워. 사람들은 금방 잊어버릴 테니까 괜히 곱씹으면서 부끄러워하고, 널 힘들게 하지 마.	N	2022-09-06 00:56:05	2022-11-08 05:13:34
BE22017144	11	0	언니 말이 맞아, 다들 금방 잊어버리겠지. 너무 당황스러워서 표정 관리도 제대로 못 해서 그 사람에게 상처를 줬을까 봐 걱정되기도 해.	N	2022-09-06 00:56:05	2022-11-08 05:13:34
BE22017144	12	1	네 감정만 생각하는 게 아니라 상대의 마음까지도 들여다보다니, 진짜 사려 깊고 훌륭한 마음인걸? 지금은 부끄럽고 당황스러운 마음이 크겠지만 나중에는 웃으면서 이야기하는 날이 올 거야. 오리엔테이션에서 재밌는 추억이 하나 생겼다고 생각하면서 오늘의 추억이 네게 즐겁게 기억되면 좋겠다.	N	2022-09-06 00:56:05	2022-11-08 05:13:34
BE22017144	13	0	그랬으면 좋겠어, 언니 덕분에 그래도 마음이 많이 나아졌어. 정말 당황스러워서 어쩔 줄을 몰랐는데 말이야. 고마워, 언니.	N	2022-09-06 00:56:05	2022-11-08 05:13:34
BE22017144	14	1	그런 생각은 털어버리고 용기 내서 전해준 마음을 소중히 생각해주면 좋을 것 같아. 누군가가 네게 마음을 전한 건 너무 감사한 일이니까 말이야. 이제 마지막 밤이니까 끝까지 재밌게 잘 놀고, 즐겁게 마무리하고 와!	Y	2022-09-06 00:56:05	2022-11-08 05:13:34
