id	utterance_id	utterance_type	utterance_text	terminate	regDate	updDate
BE22006389	1	0	형, 나 오늘 강의실에 도착했는데 나밖에 없는 거야. 알고보니까 강의실이 변경됐는데 아무도 나한테 안 알려준 거였어. 나 진짜 당황해서 복도를 몇 번이나 돌아다녔는지 모르겠어.	N	2022-07-05 14:26:21	2022-11-08 04:05:29
BE22006389	2	1	뭐? 나 같아도 너무 황당했겠다. 그런 일이 다 있다니, 놀라고 어이없었겠어. 그래서 어떻게 했어?	N	2022-07-05 14:26:21	2022-11-08 04:05:29
BE22006389	3	0	이미 강의 시간은 넘겨서 과 사무실에 전화하고 바뀐 강의실로 가긴 했는데 지각 처리됐지. 교수님이 어떻게 바뀐 강의실을 모르고 있냐고 농담으로 친구 없냐고 물었는데 할 말이 없더라. 말문이 막혀서 입만 뻐끔거렸어.	N	2022-07-05 14:26:21	2022-11-08 04:05:29
BE22006389	4	1	그런 물음에 대답하기 어려웠겠어. 네가 얼마나 곤란했을지 생각하면 내 마음이 너무 아프다. 그런 당황스러운 상황을 나도 겪었는데 너처럼 멍해지고 마비된 것처럼 아무런 생각도 못하게 되더라.	N	2022-07-05 14:26:21	2022-11-08 04:05:29
BE22006389	5	0	응, 학생들이 다 자리에 앉아 있었는데 교수님 말을 들었을지는 모르겠지만 식은땀까지 났어. 친구가 없는 건 사실인데, 이런 공지는 다 알 수 있게 해줘야 하는 거 아닌지. 친구가 없는 내 잘못인 것처럼 말하셔서 당황할 수밖에 없었어.	N	2022-07-05 14:26:21	2022-11-08 04:05:29
BE22006389	6	1	그건 절대 네 잘못이 아니야. 너 자신을 탓하지 않았으면 좋겠어. 공지를 못 받은 상황이 문제일 뿐이지 너는 가만히 있다가 봉변을 당한 것뿐이잖아.	N	2022-07-05 14:26:21	2022-11-08 04:05:29
BE22006389	7	0	그건 그런데, 이런 일은 꼭 나한테만 일어나는 것 같고, 너무 외롭더라고. 나 혼자만 외딴섬에 떨어진 것 같은 느낌이었어.	N	2022-07-05 14:26:21	2022-11-08 04:05:29
BE22006389	8	1	혼자가 된 기분이었구나. 내가 그 당시에 네 곁에 있어줄 수 있었으면 좋았을걸 너무 안타까워. 너에게 힘이 되어주고 싶어.	N	2022-07-05 14:26:21	2022-11-08 04:05:29
BE22006389	9	0	그렇게 말해줘서 고마워. 억울하게 지각 처리돼서 그동안 쌓아온 출결도 깎이고 너무 속상했거든.	N	2022-07-05 14:26:21	2022-11-08 04:05:29
BE22006389	10	1	성실하게 학업에 집중하던 네가 억울한 일로 지각이 되었다니 얼마나 속상했겠어. 너를 잘 아니까, 이 상황이 야속하다.	N	2022-07-05 14:26:21	2022-11-08 04:05:30
BE22006389	11	0	맞아, 다시는 이런 일이 없었으면 좋겠어. 오늘 하루 종일 그것 때문에 속상해서 정신이 하나도 없었어.	N	2022-07-05 14:26:21	2022-11-08 04:05:30
BE22006389	12	1	그래, 나 같아도 그런 일을 겪으면 억울해서 펄쩍 뛰지. 오히려 네가 점잖게 느껴져. 네가 형 같다.	N	2022-07-05 14:26:21	2022-11-08 04:05:30
BE22006389	13	0	아니야, 나도 정말 억울하고 속상했는데 나처럼 화내주는 형이 있어서 다행이지. 고마워. 오늘은 그만 외로워하고 다시 열심히 공부나 해야겠어.	N	2022-07-05 14:26:21	2022-11-08 04:05:30
BE22006389	14	1	좋아. 마음이 뒤숭숭하면 공부에 열중하는 것도 좋은 방법이지. 파이팅 해!	N	2022-07-05 14:26:21	2022-11-08 04:05:30
BE22006389	15	0	응, 정말 고마워.	Y	2022-07-05 14:26:21	2022-11-08 04:05:30
