id	utterance_id	utterance_type	utterance_text	terminate	regDate	updDate
BE22018392	1	0	오빠. 오전에 마트 주차장에서 엄마 차로 주차하다가 기둥에 박았어. 어떡해. 정말 너무 당황에서 손이 덜덜 떨릴 지경이었어.	N	2022-09-15 09:52:46	2022-11-08 05:21:13
BE22018392	2	1	면허 딴 지 얼마 안 돼서 연습한다고 차를 가져갔잖아. 대체 어떻게 된 거야. 자세히 이야기해 봐.	N	2022-09-15 09:52:46	2022-11-08 05:21:13
BE22018392	3	0	엄마 심부름하면서 운전 연습도 할 겸 마트에 차를 운전해서 갔는데, 잘 도착했다고 방심했는지 순간 사고를 내버렸어. 너무 당황스러워. 면허를 따자마자 차 사고를 내다니. 어쩌면 좋아.	N	2022-09-15 09:52:46	2022-11-08 05:21:13
BE22018392	4	1	응. 그래, 마트는 평일에도 사람이 많은데 주말이니까 더 심했겠다. 주차할 공간이 부족했을 수 있었겠어. 초보자가 주차하기 쉽지 않지.	N	2022-09-15 09:52:46	2022-11-08 05:21:13
BE22018392	5	0	주차장을 몇 바퀴 돌다가 보니까 마침 한자리가 나오더라고. 각을 잘 맞춰서 후진했는데 거리가 생각보다 가까웠나 봐. 갑자기 퍽 하는 소리가 나서 보니까 차를 기둥에 박았더라고. 너무 당황스러웠어.	N	2022-09-15 09:52:46	2022-11-08 05:21:13
BE22018392	6	1	정말 당황했겠구나. 마트 주차장은 공간이 넓지 않아서 주차하기가 쉽지 않잖아. 주차를 도와줄 만한 사람도 없고. 다치지는 않았어?	N	2022-09-15 09:52:46	2022-11-08 05:21:13
BE22018392	7	0	다치지는 않았지만 어떻게 해야 할지 당황해서 아무것도 떠오르지 않았어. 머릿속이 온통 하얗기만 하고. 운전할 때 이런 사고 상황에서 어떻게 대처해야 하는지 내가 아는 게 하나도 없더라고.	N	2022-09-15 09:52:46	2022-11-08 05:21:13
BE22018392	8	1	면허를 딴지 얼마 안 됐으니까 잘 모르는 건 당연한 게 아닐까. 뭐든 처음부터 척척 잘 해내는 것도 좋겠지만, 인간은 실수를 통해 배운다고들 하잖아. 이번 사고를 통해서 분명 배운 게 있을 거야.	N	2022-09-15 09:52:46	2022-11-08 05:21:13
BE22018392	9	0	내가 너무 당황해서 어쩔 줄 몰라 하고 있으니까 지나가던 분께서 도와주셨어. 무슨 일이냐면서 보험에 가입돼 있냐고 물으시더라. 당황하기만 하고 보험사에 연락할 생각도 못 한 내가 앞으로도 운전해도 될지 고민돼.	N	2022-09-15 09:52:46	2022-11-08 05:21:13
BE22018392	10	1	운전을 오래 한 사람도 사고 상황에서는 침착하기가 쉽지 않을 거야. 오히려 이번에 문제상황에 대처하는 방법을 배우게 된 거잖아. 이번 경험이 앞으로도 감정화자 네게 큰 도움이 될 거야.	N	2022-09-15 09:52:46	2022-11-08 05:21:13
BE22018392	11	0	내가 내 운전 실력을 너무 과신한 건 아닌가 싶어. 운전 연수도 큰 문제 없이 잘 마쳤기 때문에 내가 너무 자만하고 있었던 것 같아.	N	2022-09-15 09:52:46	2022-09-15 09:52:46
BE22018392	12	1	운전 실력이 좋아도 처음 사고를 당하면 당황스럽고 잘 대처하기 어려울 거야. 주변 도움을 받아서라도 잘 해결한 네가 정말 대견한걸. 이번 사고를 계기로 사고에 대처하는 방법을 정리해두면 다음에는 당황하지 않을 수 있을 거야.	N	2022-09-15 09:52:46	2022-09-15 09:52:46
BE22018392	13	0	오빠 말을 들으니 당황하지 않고 침착하게 행동하는 게 중요한 것 같아. 사고의 경우에 따라 어떻게 대처해야 하는지 알아봐야겠어. 그럼 나처럼 당황하는 사람을 도울 수도 있을 것 같아.	N	2022-09-15 09:52:46	2022-11-08 05:21:13
BE22018392	14	1	그래, 감정화자 네가 그렇게 생각하게 되었다니 기쁘다. 네가 가진 경험을 가지고 분명 다른 사람을 도울 일도 있을 거야.	N	2022-09-15 09:52:46	2022-11-08 05:21:13
BE22018392	15	0	이제 생각이 많이 정리되었어. 자동차 사고와 관련한 자료를 얼른 찾아봐야겠어. 고마워, 오빠.	Y	2022-09-15 09:52:46	2022-11-08 05:21:13
