id	utterance_id	utterance_type	utterance_text	terminate	regDate	updDate
BE22007358	1	0	너 우리 집에 언제 올래? 오면 내가 라면 한 박스 줄게. 원 플러스 원이라고 해서 두 박스 샀더니 먼저 산 라면이 또 한 박스 있네.	N	2022-07-09 06:00:24	2022-11-08 04:11:50
BE22007358	2	1	원 플러스 원이라고 해서 집에 있는 거 생각 안 하고 산 거구나? 하기야, 나도 그런 거 보면 앞뒤 안 재고 사게 되기는 하더라. 그런 경험 나도 숱하게 해서 언니 마음 충분히 이해해.	N	2022-07-09 06:00:24	2022-11-08 04:11:50
BE22007358	3	0	라면뿐만이 아니고 소면도 몇 봉지 되고, 새로 사서 안 쓰는 냄비랑 접시도 많아. 나는 왜 이렇게 싼 물건만 보면 자꾸 사서 쟁여 놓는지 모르겠다. 안 그래야지 하면서도 나도 모르게 또 그러니 정말 당황스럽기 짝이 없다.	N	2022-07-09 06:00:24	2022-11-08 04:11:50
BE22007358	4	1	옛날에 가난하게 살았던 기억 때문에 그럴 거야. 그때는 모든 게 부족헸던 시절이라 눈에 띠면 무조건 사고 봤잖아? 그런 기억이 아직도 언니 무의식을 지배하는 것 같아 마음이 짠하네.	N	2022-07-09 06:00:24	2022-11-08 04:11:50
BE22007358	5	0	옛날에는 우리나라에 공산품이 부족해서, 가게에서 라면을 박스로는 안 팔았어. 몇 박스 가지고 소매로 파는데 그러면 여러 사람에게 팔 수가 없잖아. 그래서 라면만 들어오면 있는 돈, 없는 돈 다 긁어서 샀던 기억이 나.	N	2022-07-09 06:00:24	2022-11-08 04:11:50
BE22007358	6	1	엄마가 돌아가신 뒤 언니가 살림을 맡아해서 더 그럴 거야. 없는 살림 꾸리느라 그저 싼 것만 찾아 다녔잖아. 한창 멋 부릴 나이에 그런 생각만 하고 살았다니 너무 마음이 아파.	N	2022-07-09 06:00:24	2022-11-08 04:11:50
BE22007358	7	0	나중에 결혼해서도 초반에는 형편이 어려웠잖아? 어디서고 싼 물건만 보면 무조건 사게 되더라고. 당장 필요하지 않아도 사두면 나중에 다 쓸 데가 있을 거라 생각했어.	N	2022-07-09 06:00:24	2022-11-08 04:11:50
BE22007358	8	1	나라도 그랬을 거야. 나는 그런 경험이 없는데도 싼 물건만 보면 혹해서 달려들어. 그건 살림하는 여자들은 다 겪는 일이니까 자신을 너무 탓하지 마.	N	2022-07-09 06:00:24	2022-11-08 04:11:50
BE22007358	9	0	지금은 필요한 걸 바로 살 수 있는 형편인데도 옛날 버릇을 못 버리는 게 문제지. 그렇게 사서 쟁여 놓고 안 쓰는 물건이 창고 방 한가득이야. 그런데 아까워서 또 버리지도 못하니 정말 어쩌면 좋으니?	N	2022-07-09 06:00:24	2022-11-08 04:11:50
BE22007358	10	1	그런 일은 우리 엄마 세대에서는 흔한 일이었어. 딸 혼수를 몇 년을 두고 하나씩 장만하는 엄마들이 대부분이었잖아? 언니는 엄마 대신 살림을 해서 더 그런 거라고 이해하고 있어.	N	2022-07-09 06:00:24	2022-11-08 04:11:51
BE22007358	11	0	그래, 옛날 엄마들은 돈이 있을 때마다 하나씩 장만한 혼수로 딸을 시집 보냈지. 네 말 듣고 생각해 보니 정말 나도 그런 마음이었던 거 같아. 결혼 전에는 동생들을 위해서, 나중에는 우리 딸을 위해서 그러다 그만 버릇이 된 거였어.	N	2022-07-09 06:00:24	2022-11-08 04:11:51
BE22007358	12	1	언니의 그런 정성 덕분에 우리 동생들과 언니 자식들이 훌륭히 자라서 결혼까지 한 거야. 언니의 버릇은 그것의 산물이니 자신을 너무 나무라지 마.	N	2022-07-09 06:00:24	2022-11-08 04:11:51
BE22007358	13	0	그래, 네 말이 백번 맞다. 이왕 이렇게 된 거 창고 방에 있는 물건들을 어디 기증이나 할까 봐? 여러 사람이 생활하는 복지시설 같은 데서는 저런 물건도 유용하게 쓸 거 아냐?	N	2022-07-09 06:00:24	2022-11-08 04:11:51
BE22007358	14	1	그렇고 말고. 언니는 정말 예나 지금이나 다른 사람을 생각하는 마음은 진짜 천사 급이야. 그렇게 인정이 많으니 복 받아서 지금은 떵떵거리며 살잖아? 언니가 내 언니라서 나는 너무 좋다.	N	2022-07-09 06:00:24	2022-11-08 04:11:51
BE22007358	15	0	네 칭찬에 온몸이 오그라든다만 듣기는 좋네. 마음에 드는 물건은 너한테 줄 테니 내일 우리 집으로 와. 앞으로는 정말 마음을 다잡아서 이 버릇을 고쳐봐야겠다.	Y	2022-07-09 06:00:24	2022-11-08 04:11:51
