id	utterance_id	utterance_type	utterance_text	terminate	regDate	updDate
BE22009294	1	0	언니, 나 좀 당황스러운 일이 있었어.	N	2022-07-16 01:42:14	2022-11-08 04:24:12
BE22009294	2	1	내 동생 무슨 일이야? 요즘 회사 다니는 거 힘들다고 하더니 많이 힘들어?	N	2022-07-16 01:42:14	2022-11-08 04:24:12
BE22009294	3	0	히히, 그건 괜찮아. 음 회사 일이 아니고 사실은 고등학교 때 친구 때문에 그래. 나 괴롭히면 그 애 생각나?	N	2022-07-16 01:42:14	2022-11-08 04:24:12
BE22009294	4	1	뭐야. 걔가 또 연락했어? 네가 그 친구 때문에 얼마나 고생했는데 무슨 염치로 연락을 하는 거라니? 또 뭐라고 해?	N	2022-07-16 01:42:14	2022-11-08 04:24:12
BE22009294	5	0	아 그때처럼 괴롭힌 건 아니고. 그냥 미안하대. 자기가 성인이 되어서 생각해보니 너무 철도 없었고 어렸었대. 그래서 친구들 소중한 걸 모르고 행동했다고 하더라.	N	2022-07-16 01:42:14	2022-11-08 04:24:12
BE22009294	6	1	세월이 흘러서 그 친구도 많이 성장했나 보구나. 사람은 바뀔 수 있으니 그럴 수 있지. 그런데 사과를 듣는 네 마음은 어땠어? 괜찮았어?	N	2022-07-16 01:42:14	2022-11-08 04:24:12
BE22009294	7	0	아니. 사실 그 친구를 용서해야 할지 말지 잘 모르겠더라고. 나는 아직 그 기억 때문에 아픈데 이 친구가 이렇게 사과한다고 내가 받아줘야 하나 싶고. 또 안 받자니 내가 너무 어린 건가 싶기도 하고.	N	2022-07-16 01:42:14	2022-11-08 04:24:12
BE22009294	8	1	맞아 그럴 것 같아, 아직 피해자인 너는 마음 정리가 안 되었잖아. 그런데 가해자인 그 친구가 무작정 그때의 철없던 행동을 이해해 달라고 하면 그것 또한 폭력이야. 언니 생각에는 네가 천천히 시간을 가지고 대답해도 될 것 같아.	N	2022-07-16 01:42:14	2022-11-08 04:24:12
BE22009294	9	0	그렇지? 언니 말대로 나는 아직도 그 시절이 아파. 말 한마디로 과거가 해결될 일이었으면 내가 지금까지 우울해하지도 않았겠지. 언니 말 들으니 결심이 좀 선다.	N	2022-07-16 01:42:14	2022-11-08 04:24:12
BE22009294	10	1	응. 누군가를 미워 하는 것보다 용서하는 게 스스로의 에너지에 좋다고 하지. 하지만 그것보다 먼저 선행되어야 할 것은 네 마음을 먼저 돌아보는 일이라 생각해.	N	2022-07-16 01:42:14	2022-11-08 04:24:12
BE22009294	11	0	맞아. 나는 그동안 너무 내 마음을 돌보지 않았어. 이번에도 그 친구가 사과했다는 이유로 내 상처와는 상관없이 응, 괜찮아, 라고 말할 뻔했네. 아마 그랬으면 후회했을 것 같아.	N	2022-07-16 01:42:14	2022-11-08 04:24:12
BE22009294	12	1	이번 기회로 네가 어떤 상처를 받았었고 이걸 어떻게 해결해야 할지 찬찬히 생각해보자. 그리고 그 친구에 대한 마음도 천천히 흘려보내 보는 거야. 그럼 아마 자연스럽게 네 마음을 돌볼 수 있을 거라 생각해.	N	2022-07-16 01:42:14	2022-11-08 04:24:12
BE22009294	13	0	고마워, 언니. 역시 나를 먼저 생각해주는 언니다. 이야기 듣고 보니 조금 그 친구를 마주할 용기가 생겼어. 역시 무작정 사과를 받는 것보단 내 마음을 먼저 소화 시키는 게 중요했던 거 같아.	N	2022-07-16 01:42:14	2022-11-08 04:24:12
BE22009294	14	1	다행이야. 언니는 언제나 너부터 생각하고 걱정하니까 무슨 일이 생기거나 고민이 있으면 언제든 말해줘. 언니가 동생을 지켜줄게.	N	2022-07-16 01:42:14	2022-11-08 04:24:12
BE22009294	15	0	고마워. 언니 덕분에 내 마음을 들여다볼 용기가 생겼어. 나, 친구한테도 아직은 시간이 좀더 필요하다고 말해볼게. 사랑해, 언니.	Y	2022-07-16 01:42:14	2022-11-08 04:24:12
