id	utterance_id	utterance_type	utterance_text	terminate	regDate	updDate
BE22009190	1	0	언니 정말 큰일 났어. 나좀 도와줘.	N	2022-07-15 08:05:48	2022-11-08 04:23:30
BE22009190	2	1	왜 무슨 일이니?	N	2022-07-15 08:05:48	2022-11-08 04:23:30
BE22009190	3	0	엄마가 아끼느라 바르지도 않는 화장품 있잖아 그걸 내가 엄마 방에 들어갔다가 깨트렸어. 어쩌지?	N	2022-07-15 08:05:48	2022-11-08 04:23:30
BE22009190	4	1	깨트렸어? 엄마가 보고 화낼까봐 걱정했구나. 괜찮아 다치지는 않았니?	N	2022-07-15 08:05:48	2022-11-08 04:23:30
BE22009190	5	0	응, 다친 데는 없어. 엄마가 너무 아끼는 거라 죄송하기도 하고 당황스럽네.	N	2022-07-15 08:05:48	2022-11-08 04:23:30
BE22009190	6	1	안 다쳐서 다행이다. 엄마도 화장품이 깨진 것보다 네가 다친 걸 더 걱정하실 거야.	N	2022-07-15 08:05:48	2022-11-08 04:23:30
BE22009190	7	0	그렇게 생각하실까 엄청 아끼던 거라 걱정돼 화내실 것 같아.	N	2022-07-15 08:05:48	2022-11-08 04:23:30
BE22009190	8	1	엄마가 화낼까봐 많은 걱정을 하고 있구나. 엄마는 항상 네편이고 널 사랑한다는 걸 잊지 마. 솔직하게 잘못을 털어놓으면 엄마는 다 이해하시지. 괜찮아.	N	2022-07-15 08:05:48	2022-11-08 04:23:30
BE22009190	9	0	엄마가 언니처럼 생각한다면 정말 다행이다. 걱정 한시름 놨어.	N	2022-07-15 08:05:48	2022-11-08 04:23:30
BE22009190	10	1	엄마에게 솔직하게 말씀드리고 더 좋은 화장품 하나 사드리는 건 어떨까? 엄마도 충분히 이해해 주실 거야.	N	2022-07-15 08:05:48	2022-11-08 04:23:30
BE22009190	11	0	아무래도 거짓말보단 솔직하게 먼저 말하는 게 낫겠지?	N	2022-07-15 08:05:48	2022-11-08 04:23:30
BE22009190	12	1	그럼 엄마도 솔직하게 말씀드리면 이해해주실 거야. 부모님이 우리가 거짓말하는 거 엄청 싫어하시잖아.	N	2022-07-15 08:05:48	2022-11-08 04:23:30
BE22009190	13	0	맞아 나도 그 생각에 솔직히 말씀드리려고 했어. 근데 너무 아끼던 엄마 모습이 눈에 밟혀서 너무 죄송한 마음이 커.	N	2022-07-15 08:05:48	2022-11-08 04:23:30
BE22009190	14	1	좋아하는 화장품을 깨트려서 실망할 엄마의 모습을 떠올리니 죄책감이 많이 들었나 보구나. 너는 마음이 따뜻하니 엄마도 그 마음을 알고 이해해 줄 거야. 네가 안 다친 게 가장 다행이니 너무 걱정하지 마.	N	2022-07-15 08:05:48	2022-11-08 04:23:30
BE22009190	15	0	그래야겠지? 언니에게 고민을 털어놓으니 맘이 한결 편해졌어. 고마워.	Y	2022-07-15 08:05:48	2022-11-08 04:23:30
