id	utterance_id	utterance_type	utterance_text	terminate	regDate	updDate
BE22021949	1	0	오늘 여자친구 집에 가보게 됐는데 방에 들어가는 순간 너무 당황했어. 얼마나 더러운지 발 디딜 틈이 없는 거 있지. 어찌할 바를 모르고 표정관리도 못하고 있는데 아무렇지 않아 하는 여자친구에게 더 당황했어 형.	N	2022-09-27 07:09:26	2022-11-08 05:45:37
BE22021949	2	1	여자친구가 어떻게 사는지 궁금하다고 평소에도 자주 이야기했는데 드디어 가보게 됐나보구나. 그런데 네가 그럴 정도로 더러웠니?	N	2022-09-27 07:09:26	2022-11-08 05:45:37
BE22021949	3	0	싱크대에는 설거지 거리가 잔뜩 쌓여있고 방에는 치우지 않은 옷들이 널브러져 있었어. 화장실을 쓰느라 욕실에 가보니까 도저히 용변을 보고 싶지 않을 정도라서 너무 당황스러웠어. 여자친구 앞에서까지 얼굴이 막 찌뿌려지는데 내가 내 반응을 관리하지 못할 정도라서 너무 당황스럽더라.	N	2022-09-27 07:09:26	2022-09-27 07:09:26
BE22021949	4	1	평소에도 주위가 지저분하면 생활을 잘 못하는 네가 그런 걸 봤으니 너무 당황했겠어. 다른 곳도 아니고 여자친구 집이니 뭐라고 말을 해야 할지도 몰랐을 것 같고. 그리고 나도 내 표정 관리가 안되면 무척 당황했을 것 같아.	N	2022-09-27 07:09:26	2022-11-08 05:45:37
BE22021949	5	0	평소에 나랑 만날 때는 너무 깔끔한 모습이어서 집이 그럴 거라고는 상상도 못했어. 당황스러움에 안절부절못하고 그냥 돌아가겠다고 말하고 싶었는데 아무 말도 할 수가 없었어.	N	2022-09-27 07:09:26	2022-11-08 05:45:37
BE22021949	6	1	네가 지저분한 걸 정말 못 참는 성격임에도 여자친구에게 아무 말도 안 하다니 정말 대단하네. 네가 생각한 집이 아니었더라도 여자친구를 배려해 준 것 같아서 대견하게 느껴져. 많이 당황스러웠겠지만 사람마다 성격도 다르고 사는 모습도 다르다고 생각하면 당황스러움이 나아질 거야.	N	2022-09-27 07:09:26	2022-11-08 05:45:37
BE22021949	7	0	더러운 곳에서 생활하고 싶어 하는 사람이 있을지 의문이야. 그런 모습을 나한테 보여줄 생각을 했다는 것도 놀라워. 먼지가 굴러다니고 곰팡이가 핀 곳에서 어떻게 먹고 자는지 도저히 납득이 안 가.	N	2022-09-27 07:09:26	2022-11-08 05:45:37
BE22021949	8	1	여자친구가 너를 정말 편하게 생각하고 있어서 그랬을 거야. 그리고 네가 이렇게 당황하는 건 네가 알고 있는 여자친구의 모습이 전부라고 생각했기 때문일 거야. 다양한 모습을 알게 됐다고 생각하고 마음을 편히 가져.	N	2022-09-27 07:09:26	2022-11-08 05:45:37
BE22021949	9	0	그러고 보니 형 이야기도 일리가 있는 것 같아. 평소에도 나와 같이 있을 때 너무 편해서 가족같이 느껴진다고 이야기하거든. 더러운 모습도 그래서 보여줄 수 있었을 것 같아.	N	2022-09-27 07:09:26	2022-11-08 05:45:37
BE22021949	10	1	평소 여보 당신이라는 애칭으로 부르면서 편한 사이로 잘 지내는 너희잖아. 여자친구의 몰랐던 모습을 봐서 당황했겠지만 서로에 대해 더 알게 되었다고 생각하면 기분이 나아질 거야.	N	2022-09-27 07:09:26	2022-11-08 05:45:37
BE22021949	11	0	형 말이 맞아. 지금 생각해 보면 이런 모습까지 봤으니 더 이상 당황스러울 일은 없겠다 싶어. 예쁜 모습 더러운 모습 다 봤으니 이제 더 놀랄 일도 없을 것 같아.	N	2022-09-27 07:09:26	2022-09-27 07:09:26
BE22021949	12	1	그렇게 생각했다니 역시 내 동생이다. 여자친구도 네 이런 모습에 반해서 지금까지 잘 지내고 있을 거라는 생각이 들어.	N	2022-09-27 07:09:26	2022-09-27 07:09:26
BE22021949	13	0	형과 이야기를 나누고 났더니 당황스러운 마음이 다 사라진 것 같아. 역시 형이랑 이야기하는 게 정답이었어. 이야기 들어줘서 정말 고마워 형.	N	2022-09-27 07:09:26	2022-11-08 05:45:37
BE22021949	14	1	네가 그렇게 말해주니 나도 정말 기뻐. 당황스러운 일이 생기면 네 곁에 내가 있다는 걸 떠올려 주길 바라. 언제든 귀를 열고 기다릴게.	N	2022-09-27 07:09:26	2022-09-27 07:09:26
BE22021949	15	0	꼭 그렇게 할 게 형.	Y	2022-09-27 07:09:26	2022-09-27 07:09:26
