id	utterance_id	utterance_type	utterance_text	terminate	regDate	updDate
BE22017316	1	0	언니, 요즘 내가 유학을 준비하는 중이잖아. 그런데 오늘 남자 친구가 유학 전에 자기랑 결혼하자고 하더라. 나는 아직 결혼에 대해 생각해본 적도 없고 유학만 생각했던 터라 당황스러웠어.	N	2022-09-07 02:42:58	2022-11-08 05:14:36
BE22017316	2	1	나였어도 예상치 못했던 일에 대해 고민하고 결정해야 하는 상황이 오면 많이 당황스러울 거야. 유학을 떠날 날도 얼마 남지 않아서 그 걱정만 해도 고민거리가 많을 텐데 말이야. 그런데 그전에 결혼에 대해 답도 해야 하는 상황이라니 많이 놀랐겠다.	N	2022-09-07 02:42:58	2022-11-08 05:14:36
BE22017316	3	0	맞아, 지금은 유학에 대한 문제만 생각해도 골치가 아프고 잘 할 수 있을지 걱정이거든. 그런데 당황스럽게 얼마 남지 않은 시간 동안 결혼에 대한 고민과 답변까지 찾아야 하게 됐어. 내가 그 짧은 시간 동안 제대로 생각해서 답을 할 수 있을지 모르겠어.	N	2022-09-07 02:42:58	2022-11-08 05:14:36
BE22017316	4	1	나도 생각하지 못한 순간에 선택의 갈림길에 서게 되고 그 순간마다 당황하며 헤맸어. 그렇지만 오히려 고민을 짧게 할수록 자신의 마음에 맞는 답을 찾게 되는 경우도 있더라. 고민할 시간이 짧더라도 네 마음을 깊게 들여다보면 분명 옳은 답을 찾을 거야.	N	2022-09-07 02:42:58	2022-11-08 05:14:36
BE22017316	5	0	하지만 나는 성격 탓인지 당황한 순간에 항상 제대로 대응하기가 힘들더라. 이렇게 갑작스러운 일이 생겼을 때 고려하지 못한 부분에서 꼭 문제가 생기더라고. 이번에도 혼란스러운 상태에서 결정을 내렸다가 예상치 문제가 생기면 더 힘들어질 것 같아.	N	2022-09-07 02:42:58	2022-09-07 02:42:58
BE22017316	6	1	모든 일에는 명암이 있기 마련이고 어떤 길을 택했어도 문제는 발생할 수 있었을 거야. 비록 당황스러운 일을 겪고 흔들리겠지만 그건 제대로 된 길을 가기 위한 과정이 아닐까? 선택한 길을 최선을 다해 걸으며 인생을 골을 건너면 그 길이 맞았다고 생각하는 순간도 오더라.	N	2022-09-07 02:42:58	2022-11-08 05:14:36
BE22017316	7	0	사실 아직 결혼은 이르다는 생각도 들긴 해. 하지만 너무 당황해서 당장 남자 친구를 잃고 싶지 않은 마음에 결혼을 승낙하게 될 것 같아. 빠른 답변을 원하고 시간은 점점 다가온다고 생각하니 더 당황스러워서 제대로 내 맘을 못 보겠어.	N	2022-09-07 02:42:58	2022-11-08 05:14:36
BE22017316	8	1	나도 그럴 때일수록 시간이 너무 빠르게 다가오고 갈피를 잡기 힘들어서 혼란해지더라. 그렇지만 당황스러운 사건이란 오히려 내가 잊고 있던 문제를 생각해볼 기회가 돼. 늦어지더라도 내 마음이 중요하다고 생각하면 마음이 잔잔해지고 속을 볼 수 있게 될 거야.	N	2022-09-07 02:42:58	2022-11-08 05:14:36
BE22017316	9	0	하지만 당장 유학 때 지내기로 한 숙소에 문제가 생겨서 그것도 해결해야 해. 당황스러운 사건이 연달아 발생하니 마음이 진정되지 않고 빨리 해결을 봐야 한다는 압박이 들어. 이런 상황에서는 차분하게 내 마음을 가라앉힐 수 없을 것 같아.	N	2022-09-07 02:42:58	2022-11-08 05:14:36
BE22017316	10	1	급할수록 오히려 자신을 믿고 문제를 하나씩 고려하면 마음이 차분해지면서 해결 방안도 찾게 되더라. 복잡할수록 단순하게 생각하란 말처럼 이미 너는 충분한 답을 속에 갖고 있잖아. 결정은 마침표가 아니라 과정의 하나로 실수로 느껴져도 자신을 믿고 주시하면 옳은 방향에 다다를 거야.	N	2022-09-07 02:42:58	2022-11-08 05:14:37
BE22017316	11	0	언니의 말을 듣고 나니 마음이 많이 차분해졌고 답이 떠올라. 나는 늘 당황하느라 제대로 결정을 내리지 못해 믿기 힘들다고 생각했거든. 그런데 사실 이미 답은 내게 있고 무엇을 해도 답으로 이를 거라 생각하니 마음이 안정돼.	N	2022-09-07 02:42:58	2022-11-08 05:14:37
BE22017316	12	1	본래 인생은 과정이고 어떤 길을 택해도 헤매도 네가 옳다고 생각하고 나아가면 그게 맞는 거야. 너무 자신을 의심하며 힘들어하기보다 믿어주면 단단하고 굳세게 나아갈 수 있지. 수많은 문제를 건너 지금에 도달한 것처럼 분명 너는 다시 극복하고 성장하게 될 거야.	N	2022-09-07 02:42:58	2022-11-08 05:14:37
BE22017316	13	0	고마워, 내가 하는 행동이 맞을 거란 믿음을 가지니까 마음이 차분해진다. 나는 지금의 결정이 내 인생을 완전히 바꿔버려서 실패하면 안 된다고 생각했거든. 그런데 그 결정도 과정일 뿐 언제든 바꿔나갈 수 있다고 생각하니 맘이 편해졌어.	N	2022-09-07 02:42:58	2022-11-08 05:14:37
BE22017316	14	1	그래 모든 순간이 전환점이 될 수 있고 모든 길에는 나름의 의미와 경험을 갖고 있어. 그러니 어디로 향해도 너 자신을 잃지 않는다면 어디에나 도달할 수 있을 거야. 예상되지 않기 때문에 새로운 경험과 기쁨도 알게 되니까 당황해도 긍정적 믿음을 가져보자.	Y	2022-09-07 02:42:58	2022-11-08 05:14:37
