id	utterance_id	utterance_type	utterance_text	terminate	regDate	updDate
BE22020439	1	0	아니 형. 요즘 계좌 만드는 게 왜 이렇게 어려워? 당황스러울 정도야.	N	2022-09-23 02:06:00	2022-11-08 05:36:46
BE22020439	2	1	아무래도 보이스피싱 때문에 요즘은 계좌 쉽게 안 만들어주더라. 근데 너 계좌 몇 개 있지 않아?	N	2022-09-23 02:06:00	2022-11-08 05:36:46
BE22020439	3	0	응. 근데 나 이번에 이직하고 입사한 회사가 다른 은행으로 계좌를 새로 만들어 오라고 하더라고. 점심시간 이용해서 갔더니 재직증명서가 필요하더라? 난 신분증 하나만 달랑 들고 갔는데 어찌나 당황스러웠는지 몰라.	N	2022-09-23 02:06:00	2022-09-23 02:06:00
BE22020439	4	1	서류가 없어서 계좌를 못 만들었구나? 나도 이 회사 입사했을 때 신규계좌 개설이 빡빡한지 모르고 갔다가 너처럼 같은 상황 겪었었어. 그때 진짜 너무 당황스러워서 머리가 새하 애 지더라.	N	2022-09-23 02:06:00	2022-11-08 05:36:46
BE22020439	5	0	응. 맞아. 분명 저번에 만들었을 때만 해도 뭐 필요한 서류가 없었던 걸로 기억하는데 갑자기 재직증명서가 있어야 한다는 거야. 이미 점심시간이 끝나가는 터라 어안이 벙벙해진 채로 결국 못 만들고 돌아왔어.	N	2022-09-23 02:06:00	2022-11-08 05:36:46
BE22020439	6	1	점심시간 쪼개서 은행 다녀오는 거만큼 번거롭고 수고스러운 일이 없잖아. 서류가 필요한지 모른 채로 갔으니 많이 당황하고 놀랐겠네.	N	2022-09-23 02:06:00	2022-11-08 05:36:46
BE22020439	7	0	응. 당연한 건데 모르셨냐는 뉘앙스로 말하는데 진짜 어쩔 줄 모르겠더라고. 황망한 마음으로 커피 한잔 사서 회사 돌아왔는데 왜 계좌 안 만들고 왔냐 그러더라. 재직증명서가 필요해서 못 만들고 왔다니까 그걸 왜 안 떼 갔네. 조금 부끄러웠어.	N	2022-09-23 02:06:00	2022-11-08 05:36:46
BE22020439	8	1	네가 전 회사를 오래 다녔어서 신규계좌를 새로 만들 일이 없었으니 몰랐던 거지. 모르는 건 전혀 부끄러운 게 아니니 너무 신경 쓰지 마. 아직 급여 날 까지는 시간이 좀 남았으니 서류 준비해서 다시 만들러 가면 되는 거니까 !	N	2022-09-23 02:06:00	2022-11-08 05:36:46
BE22020439	9	0	그렇기는 한데 다들 알고 있는 걸 나만 몰랐다고 생각하니까 너무 당황스럽고 얼굴이 빨개졌어. 지금 회사에서도 괜히 부끄러워서 고개를 못 들겠네. 내가 이렇게 세상 돌아가는 일에 무심했나 싶어.	N	2022-09-23 02:06:00	2022-11-08 05:36:46
BE22020439	10	1	네가 얼마나 바쁘게 살아왔는지 형이 잘 알잖아. 세상에 생각보다 네가 모르는 일은 많이 존재하는 법이니까 그런 걸로 네 자신을 부끄러워 여기지 마. 모르는 건 알아가면 되는 거고 오늘 일처럼 네 자신을 돌아보며 살아가는 게 얼마나 훌륭한 자세인데.	N	2022-09-23 02:06:00	2022-11-08 05:36:46
BE22020439	11	0	형 말 듣고 보니까 또 그러네. 형 말대로 모르는 건 더 알아가려고 노력하면 되는거니까 이제 그만 신경 써야겠다. 형이 위로해줘서 덕분에 마음이 많이 편안해졌어.	N	2022-09-23 02:06:00	2022-09-23 02:06:00
BE22020439	12	1	당황하고 놀란 마음이 나 덕분에 달래졌다고 하니까 형도 뿌듯하고 좋다. 내일 회사에 잘 얘기해서 반 차내고 여유롭게 다녀와. 점심시간 쪼개서 다녀오기에는 너무 촉박 하잖아.	N	2022-09-23 02:06:00	2022-11-08 05:36:46
BE22020439	13	0	응. 안 그래도 팀장님이 그냥 내일 반 차내고 다녀오라고 하더라고. 재직증명서는 아까 발급해놔서 바로 가서 계좌 만들면 될 거 같아. 오늘 얘기 들어줘서 너무 고마워.	N	2022-09-23 02:06:00	2022-11-08 05:36:46
BE22020439	14	1	고맙기는. 언제든 힘들고 어려운 일 있으면 형한테 연락해. 항상 너를 응원하고 있을 테니까!	Y	2022-09-23 02:06:00	2022-11-08 05:36:47
