id	utterance_id	utterance_type	utterance_text	terminate	regDate	updDate
BE22002850	1	0	언니, 나 지금 집에 도착했는데 집안이 난장판이야.	N	2022-06-23 03:16:40	2022-11-08 03:42:49
BE22002850	2	1	아침에 정리하고 나가지 않았어?	N	2022-06-23 03:16:40	2022-11-08 03:42:50
BE22002850	3	0	당연히 정리했지. 그런데 강아지가 두루마리 휴지 한 통을 다 뜯어놓은 거 있지.	N	2022-06-23 03:16:40	2022-11-08 03:42:50
BE22002850	4	1	아이고, 저걸 어째? 귀엽고 착한 강아지가 왜 그런 말썽을 피웠대?	N	2022-06-23 03:16:40	2022-11-08 03:42:50
BE22002850	5	0	그러니까 말이야. 온 집안이 발 디딜 틈이 없어. 어쩜 이렇게 알뜰히도 어질렀는지 당황스러울 지경이네.	N	2022-06-23 03:16:40	2022-11-08 03:42:50
BE22002850	6	1	그래서 강아지를 혼냈어?	N	2022-06-23 03:16:40	2022-11-08 03:42:50
BE22002850	7	0	자기도 잘못한 걸 아는지 구석에 숨어 있는 거 있지. 화를 내야 하는데 참, 웃음이 나서 혼을 낼 수가 없네.	N	2022-06-23 03:16:40	2022-11-08 03:42:50
BE22002850	8	1	구석에 숨어 주인 눈치 보는 강아지라니, 생각만 해도 너무 귀엽다. 나라도 너무 귀여워서 화를 못 내겠다. 네 마음 충분히 이해한다.	N	2022-06-23 03:16:40	2022-11-08 03:42:50
BE22002850	9	0	나 회사 가면 계속 강아지 혼자 있어야 하는데 또 이러면 어쩌지? 나 없을 때 계속 말썽부리면 어쩌나 걱정되네.	N	2022-06-23 03:16:40	2022-11-08 03:42:50
BE22002850	10	1	그래서 강아지 키운 거 후회해? 네가 너무 키우고 싶대서 한 마리 얻어다 준 건데, 괜히 나까지 미안해지네.	N	2022-06-23 03:16:40	2022-11-08 03:42:50
BE22002850	11	0	지금 언니 탓을 하는 게 아닌데 별소리를 다 하네. 그냥 좀 마음이 혼란해서 그래. 강아지를 계속 키워야 하나 어째야 하나, 하고 말야.	N	2022-06-23 03:16:40	2022-11-08 03:42:50
BE22002850	12	1	그래, 그럴 수 있어. 처음 키우려고 마음먹었을 때 그런 문제는 생각도 못 했잖아. 강아지 귀여운 모습만 상상하다 그런 일을 당했으니 충분히 혼란스러울 만하지.	N	2022-06-23 03:16:40	2022-11-08 03:42:50
BE22002850	13	0	이만한 일로 강아지를 파양하면 나 너무하는 걸까?	N	2022-06-23 03:16:40	2022-11-08 03:42:50
BE22002850	14	1	정 참기 어려우면 할 수 없지만 파양은 신중해야 돼. 한 번 내린 결정으로 너도, 강아지도 큰 상처를 받을 수 있어. 그동안 정도 많이 들었을 텐데 쉽게 보낼 수 있겠어?	N	2022-06-23 03:16:40	2022-11-08 03:42:50
BE22002850	15	0	하긴 요즘 내가 강아지 재롱 보는 재미로 살고 있기는 해. 괜히 욱하는 마음에 한 번 해본 소리지 파양이 쉽겠어? 강아지 말썽 못 부리게 집안 정리를 좀더 철저히 해야겠어.	Y	2022-06-23 03:16:40	2022-11-08 03:42:50
