id	utterance_id	utterance_type	utterance_text	terminate	regDate	updDate
BE22019865	1	0	형, 나 오늘 너무 당황스러운 일이 있었어. 지금도 그거 때문에 가슴이 콩닥거려.	N	2022-09-22 07:26:22	2022-09-22 07:26:22
BE22019865	2	1	무슨 일이길래 그래?	N	2022-09-22 07:26:22	2022-09-22 07:26:22
BE22019865	3	0	재채기 소리가 너무 심해 버스 안 사람들이 다 나를 쳐다봤어. 시선이 나에게 몰리니까 어찌할 바를 모르겠어서 당황스럽더라고. 괜히 남들 시선 의식하게 돼서 부끄러워졌잖아.	N	2022-09-22 07:26:22	2022-09-22 07:26:22
BE22019865	4	1	사람들 다 있는 곳에서 그러면 나도 당황할 것 같아. 혼자 튀는 행동 한 것 같아서 쪽팔리고 창피하잖아. 너 정말 그때 당황해서 쥐구멍이라도 숨어 들어가고 싶었겠다.	N	2022-09-22 07:26:22	2022-11-08 05:27:27
BE22019865	5	0	응, 참아보려고 하다가 도리어 재채기 소리가 크게 나왔어. 남들 의식하다 보니까 소리가 더 크게 나온 거야. 쪽팔려서 이제 버스 못 탈 것 같아.	N	2022-09-22 07:26:22	2022-09-22 07:26:22
BE22019865	6	1	나 그 감정 알아. 나도 예전에 엘리베이터 안에서 방귀 뀐 적 있었는데 사람들이 쳐다봤거든. 저절로 얼굴이 빨개지고 호흡이 빨라질 정도로 당황스러워 지더라고.	N	2022-09-22 07:26:22	2022-09-22 07:26:22
BE22019865	7	0	지금 내 심정이 딱 그래. 너무 창피하고 당황스러워서 숨고 싶은데 말이야. 버스에서 숨을 곳이 없어서 진짜 남들 시선 의식되고 너무 힘들었어.	N	2022-09-22 07:26:22	2022-09-22 07:26:22
BE22019865	8	1	그래도 계속 곱씹으면 안 좋은 감정만 더 들잖아, 그러니 툴툴 털어버리자. 이미 다른 사람들은 다 잊었을 거니까 너도 안심하고 그만 생각했으면 좋겠어. 사실 그런 일 종종 일어나는 거라, 남들도 막 크게 개의치 않아 하더라고!	N	2022-09-22 07:26:22	2022-11-08 05:27:27
BE22019865	9	0	아냐, 내가 너무 사람들의 시선이 집중될 만큼 크게 재채기 했는걸. 분명 다들 속으로 이상한 사람이라고 생각했을 거야.	N	2022-09-22 07:26:22	2022-09-22 07:26:22
BE22019865	10	1	완벽해 보이고 싶어서 남들 시선 신경을 쓰는 것 같은데 자신을 조금 내려놓는 게 어떨까. 나 자신에 대해 좀더 자신감을 가지고 남들 시선이 아니라 자신에게 집중했으면 좋겠어. 네 인생 네 것인데 남들 눈치 보면서 살면 시간만 허비하면 너무 아깝잖아.	N	2022-09-22 07:26:22	2022-11-08 05:27:27
BE22019865	11	0	그렇게 말해주니까 정신이 차려져. 맞아, 내 인생 내 것인데 내가 너무 남들 시선을 의식하면서 살았던 것 같아. 이제 그러지 않아도 된다고 생각하니 자신감이 생기네!	N	2022-09-22 07:26:22	2022-09-22 07:26:22
BE22019865	12	1	응, 그리고 타인들도 다 자기 인생 살기 바쁘다고 다른 사람의 일은 기억 못하더라고. 그러니 쪽팔리는 일이 있어도 쉽게 잊고 당당하게 살았으면 좋겠어!	N	2022-09-22 07:26:22	2022-11-08 05:27:27
BE22019865	13	0	응, 무척 도움이 되는 말이야. 마음 속에 새겨두고 당황스러운 일이 생길 때면 그 말을 떠올릴게!	N	2022-09-22 07:26:22	2022-09-22 07:26:22
BE22019865	14	1	나야말로 도움이 된 것 같아서 기뻐. 다음에는 그런 일이 없기를 바랄게!	N	2022-09-22 07:26:22	2022-11-08 05:27:27
BE22019865	15	0	덕분에 이제 창피한 기억 잊을 수 있을 것 같아. 형, 위로해줘서 고마워!	Y	2022-09-22 07:26:22	2022-09-22 07:26:22
