id	utterance_id	utterance_type	utterance_text	terminate	regDate	updDate
BE22004620	1	0	어제 새로 산 신발 신고 친구 만나러 나갔다 뒤꿈치가 다 벗겨졌어. 친구 보기에 어찌나 민망하던지 내가 한심한 생각이 다 들더라.	N	2022-06-28 08:48:35	2022-11-08 03:54:08
BE22004620	2	1	에궁, 뒤꿈치 아파서 얘기에 집중도 못 했겠네?	N	2022-06-28 08:48:35	2022-11-08 03:54:08
BE22004620	3	0	역시 같은 여자라 네가 내 사정을 잘 아는구나. 오랜만에 만났는데 뒤꿈치가 자꾸 신경 쓰여서 얘기에 집중이 안 되는 거야. 진짜 당황스러워서.	N	2022-06-28 08:48:35	2022-11-08 03:54:08
BE22004620	4	1	오랜만에 친구 만난다고 새 신발 신고 나간 거잖아? 그런데 그게 오히려 만남에 방해가 되었으니 얼마나 속상해? 아유, 내가 다 안타깝네.	N	2022-06-28 08:48:35	2022-11-08 03:54:08
BE22004620	5	0	누가 아니래니? 외출도 오랜만에 한 거라 내 딴엔 멋을 좀 부렸는데 신발 때문에 다 망쳤다.	N	2022-06-28 08:48:35	2022-11-08 03:54:08
BE22004620	6	1	원래 새 구두가 그렇게 발을 깨물더라고. 뒤꿈치에다 미리 일회용 반창고라도 붙였으면 좋았을 걸 그랬어.	N	2022-06-28 08:48:35	2022-11-08 03:54:08
BE22004620	7	0	반창고 붙이는 게 사실 보기는 좀 그렇잖아? 신발 자체가 편한 거라 괜찮겠지 하고 그냥 나갔다가 그 사단이 났다.	N	2022-06-28 08:48:35	2022-11-08 03:54:08
BE22004620	8	1	언니, 나이 들면 멋보다 건강을 먼저 생각해야 돼. 뒤꿈치 까진 거 생각 외로 오래 간다.	N	2022-06-28 08:48:35	2022-11-08 03:54:08
BE22004620	9	0	그러니까 말이다. 연고 바르고 반창고 붙였는데 지금도 계속 욱신거린다. 괜히 고생을 사서 하고 있으니 얼마나 한심해?	N	2022-06-28 08:48:35	2022-11-08 03:54:08
BE22004620	10	1	그렇다고 뭐 한심하기까지야. 설마 그렇게 될 줄 생각이나 했겠어? 누구나 저지르는 실수니까 자신을 너무 비하하지 마.	N	2022-06-28 08:48:35	2022-11-08 03:54:08
BE22004620	11	0	친구한테서도 뒤꿈치 괜찮으냐고 문자가 왔다. 여러 사람 걱정시키고 있으니 한심한 거지.	N	2022-06-28 08:48:35	2022-11-08 03:54:08
BE22004620	12	1	그 핑계로 문자 주고받으며 거리를 좁힐 수 있으니 얼마나 좋아. 오랜만에 만난 친구라 할 말도 별로 없었을 거 아냐? 아무리 친구라도 자주 안 만나면 좀 어색하고 그렇잖아, 왜?	N	2022-06-28 08:48:35	2022-11-08 03:54:08
BE22004620	13	0	하긴, 서로 가족들 안부 묻고, 옛날 얘기 조금 하고 나니 할 말이 없긴 하더라. 괜히 애꿎은 뒤꿈치만 서로 걱정하다 왔다.	N	2022-06-28 08:48:35	2022-11-08 03:54:08
BE22004620	14	1	그것 봐. 언니 뒤꿈치가 자기를 희생해서 두 사람 간에 다리를 놓아준 거네. 앞으로도 그렇게 서로 안부 물으며 사이좋게 지내. 나이 들면 외로움을 공유할 수 있는 옛친구가 제일 좋더라고.	N	2022-06-28 08:48:35	2022-11-08 03:54:08
BE22004620	15	0	외로움을 공유할 수 있는 옛친구, 그 말 너무 좋다. 기쁨을 나누는 것도 좋지만 외로움을 함께 해주는 친구가 제일 좋은 거 같아. 네 말 대로 그 친구랑 외로움을 나누도록 노력해 볼게, 고맙다.	Y	2022-06-28 08:48:35	2022-11-08 03:54:08
