id	utterance_id	utterance_type	utterance_text	terminate	regDate	updDate
BE22017486	1	0	언니, 나 너무 당황스러워! 나랑 같이 다니는 친한 친구가 있는데 아파서 오늘 못 나왔거든. 학교에서 밥 같이 먹을 친구가 없어서 혼자 먹게 생겼어!	N	2022-09-08 02:47:01	2022-11-08 05:15:40
BE22017486	2	1	맞아, 그럴 때가 있지. 나도 학창 시절에 같이 붙어 다니던 친구가 결석하면 혼자 밥 먹고 그랬던 기억이 나.	N	2022-09-08 02:47:01	2022-11-08 05:15:40
BE22017486	3	0	그런데 내 성격이 혼자 밥을 잘 못 먹어. 다른 애들이 나를 왕따라고 생각하지 않을까, 혼자 앉아있으면 너무 외로워 보이진 않을까 너무 의식이 돼. 내가 너무 남들 눈 의식하고 소심한 성격인가봐, 이상하지?	N	2022-09-08 02:47:01	2022-11-08 05:15:40
BE22017486	4	1	아니, 충분히 그럴 수 있다고 생각해. 특히 네 나이 때는 그렇게 주변 시선을 많이 의식하는 것 같더라구. 그리고 사람마다 성격이 다 다른 거고 소심할 수도 있지, 그게 이상하거나 잘못된 건 절대 아니야.	N	2022-09-08 02:47:01	2022-11-08 05:15:40
BE22017486	5	0	애들 다 밥 먹으러 뛰어나가는데 나는 한참 고민하면서 식당까지 갔다가 그냥 교실로 다시 돌아와버렸어.	N	2022-09-08 02:47:01	2022-11-08 05:15:40
BE22017486	6	1	결국 점심을 건너뛰었구나, 하루 종일 수업 들으려면 밥 먹고 힘내야 하는데 배고프겠다. 그래도 네가 너무 신경 쓰여서 그랬다니 네 마음도 충분히 이해가 된다. 그런 상태로 밥 먹으면 밥맛도 제대로 안 느껴지고 체할 수도 있고 말이야.	N	2022-09-08 02:47:01	2022-11-08 05:15:40
BE22017486	7	0	맞아, 내가 밥 먹고 탈이 잘나서 아마 오늘 먹었으면 분명 체했을 거야. 거기다가 좋아하는 같은 반 친구가 제일 신경 쓰여. 쉬는 시간에도 나 혼자 있고 그래서 친구가 없나 생각할까봐 오늘 하루 종일 그게 너무 신경 쓰였어.	N	2022-09-08 02:47:01	2022-11-08 05:15:40
BE22017486	8	1	그랬구나, 네가 오전 시간 동안 마음고생 많이 했겠네. 그런데 아마 그 친구도 너가 결석한 친구와 친한 걸 안다면, 혼자 앉아있는 이유를 알 거야. 그렇다고 친하지 않은 친구들과 함께하려고 한다면 그게 더 어색해 보였을 테니, 오늘은 혼자 있는 게 자연스러운 거야.	N	2022-09-08 02:47:01	2022-11-08 05:15:40
BE22017486	9	0	그런 거야? 보통 보면 그룹 지어서 서너명씩 다니는데 나는 결석한 그 친구 말고는 친한 애가 아예 없거든. 이럴 줄 알았으면 다른 친구랑도 얘기도 좀 하고 그럴 걸 그랬나 싶어.	N	2022-09-08 02:47:01	2022-11-08 05:15:40
BE22017486	10	1	진심이 통하고 편해야 친구 관계가 유지될 텐데, 그렇게 어떤 목적을 가지고 다가가면 그게 잘 안 될 거야. 친구 사귀는 것에 너무 무리하다보면 스트레스받고 불편했을 텐데 네가 자연스럽게 잘해온 거야. 그리고 살다보면 생각보다 혼자일때가 많고 남들은 내게 그리 관심을 기울이지 않아, 너무 걱정 안 해도 돼.	N	2022-09-08 02:47:01	2022-11-08 05:15:40
BE22017486	11	0	듣고 보니 언니 말이 맞는 것 같아. 뭐든 자연스러운 게 좋은 거지. 고마워, 언니. 언니 덕분에 마음이 많이 편해졌어!	N	2022-09-08 02:47:01	2022-11-08 05:15:40
BE22017486	12	1	고맙긴, 난 네가 뭐든 네 마음 편한 대로 했으면 좋겠어. 시선을 신경 많이 쓰는 성격일 수도 있고 그렇지 않을 수도 있고 다 사람마다 다른 거니까. 혼자 먹는 게 불편해서 밥을 안 먹는 게 편하다면 그렇게 하는 게 좋은 거고!	N	2022-09-08 02:47:01	2022-11-08 05:15:40
BE22017486	13	0	고마워 언니. 난 또 언니가 아무도 신경 안 쓰고 너만 그렇게 생각하니까 그냥 밥 먹으라고 할까 봐 내심 걱정했어. 사실 그게 그렇게 마음대로 되지 않거든.	N	2022-09-08 02:47:01	2022-11-08 05:15:40
BE22017486	14	1	너무 잘 알지, 내 동생이잖아! 나한테 연락 줘서 고맙네. 언제든 이렇게 편하게 연락줘!	Y	2022-09-08 02:47:01	2022-11-08 05:15:40
