id	utterance_id	utterance_type	utterance_text	terminate	regDate	updDate
BE22021151	1	0	언니, 나 지금 너무 당황해서 정말 어쩔 줄 모르겠어. 이번 중간고사 시험을 보던 도중에 부정 행위를 하는 것을 들켜 버렸거든. 생각할수록 너무 부끄러워서 고개를 들 수가 없어.	N	2022-09-23 21:46:00	2022-09-23 21:46:00
BE22021151	2	1	내 동생에게 그런 일이 일어났다니, 정말 속상하고 혼란스럽겠네. 언니도 어쩔 줄 몰라서 손에서 남이 나는 것 같아.	N	2022-09-23 21:46:00	2022-09-23 21:46:00
BE22021151	3	0	이번 영문학 시험에서 외울 문학 작품이 너무 많아서, 그런 어리석은 실수를 저질렀어. 머릿속에 실타래가 엉킨 것처럼 혼란스러워.	N	2022-09-23 21:46:00	2022-09-23 21:46:00
BE22021151	4	1	언니는 도서관 대출 날짜를 하루만 지나도 정말 부끄러운 마음이 들거든. 네가 얼마나 당황했을지, 언니는 상상조차 할 수 없을 것 같아.	N	2022-09-23 21:46:00	2022-09-23 21:46:00
BE22021151	5	0	앞으로 친구들과 교수님들을 어떻게 봐야 할지, 눈앞이 캄캄해. 그 사람들이 날 어떻게 여길지 생각하면 식은 땀이 나. 자책감이 들고 너무 괴로워서 미칠 것 같아.	N	2022-09-23 21:46:00	2022-09-23 21:46:00
BE22021151	6	1	내 동생이 이렇게 당황한 모습은 정말 처음인 것 같아. 무슨 말로 널 위로해야 할지 몰라 가슴이 답답하고 안타깝기만 해.	N	2022-09-23 21:46:00	2022-09-23 21:46:00
BE22021151	7	0	앞으로 학교도 못 나갈 것 같고 내 인생이 끝난 것처럼 혼란스러운 마음 뿐이야. 너무 큰 잘못을 저질러서, 완전히 길을 잃어버린 것 같아.	N	2022-09-23 21:46:00	2022-09-23 21:46:00
BE22021151	8	1	그런 실수를 저질렀으니 네 머릿속이 하얗게 되는 것도 너무나 당연해. 하지만 너무 혼란스러워하지 말고 얼른 마음을 편하게 가졌으면 좋겠어. 이번에 실수는 했지만, 넌 누구보다도 올바르게 살아가려고 노력하는 사람이잖아.	N	2022-09-23 21:46:00	2022-11-08 05:40:56
BE22021151	9	0	조금 전까지만 하더라도 온통 당황스러운 마음 뿐이었는데, 언니 말을 들으니 마음이 한결 차분해졌어. 힘든 동생을 위로해 주고 격려해 줘서 정말 고마워.	N	2022-09-23 21:46:00	2022-09-23 21:46:00
BE22021151	10	1	내 동생이 밝은 모습을 되찾은 것 같아서 정말 다행이야. 이번 부정 행위도 내 동생이 스스로 현명하게 해결할 거라 믿어.	N	2022-09-23 21:46:00	2022-11-08 05:40:57
BE22021151	11	0	언니의 위로와 격려가 내게 얼마나 큰 힘이 되는지 몰라. 언니의 말에 용기를 얻어서 이번 일도 슬기롭게 헤쳐 나갈 수 있을 것 같아.	N	2022-09-23 21:46:00	2022-09-23 21:46:00
BE22021151	12	1	그래, 너는 누구보다 정직하고 정의로운 사람이잖아. 너의 그런 모습을 보면 언니는 늘 마음이 따뜻해지는 것 같아.	N	2022-09-23 21:46:00	2022-09-23 21:46:00
BE22021151	13	0	언니는 내게 큰 산처럼 믿음직한 존재야. 언니의 모습을 보면서 세상을 살아가는 힘을 얻게 되는 것 같아. 진심으로 감사하게 생각해.	N	2022-09-23 21:46:00	2022-09-23 21:46:00
BE22021151	14	1	나도 힘들 때나 기쁠 때나 너와 많은 걸 공유할 수 있어서 정말 행복해. 앞으로도 서로 의지하면서 사이 좋게 지냈으면 좋겠어.	N	2022-09-23 21:46:00	2022-11-08 05:40:57
BE22021151	15	0	언니 말을 들으니 정말 기운이 나. 내가 저지를 실수이니 떳떳하게 인정하고 죄를 받아야 할 것 같아. 나에게 용기와 지혜를 가르쳐 준 언니에게 정말 고맙게 생각해.	Y	2022-09-23 21:46:00	2022-09-23 21:46:00
