id	utterance_id	utterance_type	utterance_text	terminate	regDate	updDate
BE22010498	1	0	언니, 나 책 잃어버려서 당황스러워.	N	2022-07-20 06:53:49	2022-11-08 04:31:57
BE22010498	2	1	책? 새로 사면 되지. 왜 힘이 없어.	N	2022-07-20 06:53:49	2022-11-08 04:31:57
BE22010498	3	0	그렇지. 그게 내 책이면 새로 사면 되는데, 당황스럽게도 도서관에서 대여한 책이야.	N	2022-07-20 06:53:49	2022-11-08 04:31:58
BE22010498	4	1	아, 그래? 힘이 없을 만하네. 당황했겠다. 도서관 측에 말씀드렸어?	N	2022-07-20 06:53:49	2022-11-08 04:31:58
BE22010498	5	0	응, 개인적으로 사서 반납하거나 책 금액만큼 지불해야 해. 분명 잘 챙겼는데 반납하려 보니 없었어. 놀래서 어찌해야 할지를 모르겠더라.	N	2022-07-20 06:53:49	2022-11-08 04:31:58
BE22010498	6	1	그랬구나. 너 오늘 짐 많다고 큰 가방 메고 갔잖아. 잘 챙겼다 안심하고 갔는데 놀랐겠구나.	N	2022-07-20 06:53:49	2022-11-08 04:31:58
BE22010498	7	0	맞아. 일부러 책 반납하려고 평소에 사용 안 하는 책가방까지 메서 잘 챙겼다고 생각했어. 가방에 없으니 놀랐을 뿐이지. 나 자신이 한심해.	N	2022-07-20 06:53:49	2022-11-08 04:31:58
BE22010498	8	1	충분히 놀랄 만해. 나였어도 잘 챙겼다고 생각한 책이 안 보이면 엄청 당혹스러웠을 거야.	N	2022-07-20 06:53:49	2022-11-08 04:31:58
BE22010498	9	0	응, 난 이런 거까지 잃어버리고 정말 나 자신이 이해가 안 돼.	N	2022-07-20 06:53:49	2022-11-08 04:31:58
BE22010498	10	1	도서관 책이라 그런가, 마음이 더 복잡해 보여. 누구나 실수는 하는 법이야. 다음에는 더 잘 챙겨서 다니기로 다짐하고 기운 내.	N	2022-07-20 06:53:49	2022-11-08 04:31:58
BE22010498	11	0	맞아. 내 물건이 아니기도 하고, 최근에도 물건을 잃어버렸던 적이 있어서 더 혼란스러웠나 봐.	N	2022-07-20 06:53:49	2022-11-08 04:31:58
BE22010498	12	1	그래, 평소에 잘 잃어버리지도 않잖아. 원래 하던 것처럼 잘 챙겨서 다니면 돼. 널 너무 한심하게 생각하지 않았으면 해.	N	2022-07-20 06:53:49	2022-11-08 04:31:58
BE22010498	13	0	고마워. 괜히 기죽을 필요 없겠지? 언니 덕에 기분이 한결 나아졌어.	N	2022-07-20 06:53:49	2022-11-08 04:31:58
BE22010498	14	1	그럼, 실수해서 속상한 마음은 이해해. 하지만 다음에 잘 챙겨 다니면 돼. 그러니 스트레스받지 마.	N	2022-07-20 06:53:49	2022-11-08 04:31:58
BE22010498	15	0	응 언니 말이 맞아. 고마워. 당황스럽긴 했지만 이제 마음 다잡고 잘 해결해나갈게.	Y	2022-07-20 06:53:49	2022-11-08 04:31:58
