id	utterance_id	utterance_type	utterance_text	terminate	regDate	updDate
BE22022790	1	0	요즘 내 핸드폰이 고장이 난 것 같아서 걱정이야 형. 자꾸 당황스러운 일이 생기네.	N	2022-09-29 23:32:26	2022-11-08 05:50:35
BE22022790	2	1	핸드폰? 왜 무슨 문제 있는 거야?	N	2022-09-29 23:32:26	2022-11-08 05:50:35
BE22022790	3	0	핸드폰으로 영상통화 하면 화면은 안보이고 상대방 목소리만 들려. 바꾼 지 얼마 안 된 핸드폰인데 벌써부터 이러니까 당황스럽네. 분명히 살 때 2년은 충분히 문제없이 쓸 수 있을 거라고 했는데 혼란스러워 형.	N	2022-09-29 23:32:26	2022-11-08 05:50:35
BE22022790	4	1	너 바꿨다고 한지 석 달밖에 안되었잖아? 벌써부터 한 부분이 이상하다니 진짜 당황스러웠겠다. 핸드폰 요즘 얼마나 비싼데 벌써 그러면 산 입장에서는 혼란스럽지.	N	2022-09-29 23:32:26	2022-11-08 05:50:35
BE22022790	5	0	그니깐 말야 그때 핸드폰 샀다고 형한테 엄청 자랑했는데. 그때 진짜 전 재산 다 털어서 사서 이거 고칠 돈은 이제 없단 말이야. 전혀 예상하지 못했던 일인데 이런 일이 생기다니!	N	2022-09-29 23:32:26	2022-11-08 05:50:35
BE22022790	6	1	맞지 누가 핸드폰 고장 나는걸 예상하고 사겠어. 너 입장에서는 충분히 혼란스러울 것 같네. 그때 진짜 신나 하는 동생 모습에 나도 같이 신났었는데 속상하겠어.	N	2022-09-29 23:32:26	2022-11-08 05:50:35
BE22022790	7	0	내 말이 그말이야. 이제는 어떻게 해야 할지 전혀 모르겠어. 당분간은 그냥 영상통화 기능을 안 쓰고 살려고. 근데 하나가 고장 나면 점점 더 고장날 텐데 그때마다 이렇게 당황스러운 기분을 느껴야하다니.	N	2022-09-29 23:32:26	2022-11-08 05:50:35
BE22022790	8	1	근데 요즘 날씨가 더워서 핸드폰에 영향이 간 일시적인 상황일 수도 있지 않을까? 최대한 그렇게 생각해서 네가 너무 속상해하지는 않았으면 좋겠네. 곧 정상적으로 다 잘 될 거니까 너무 걱정하지는 마.	N	2022-09-29 23:32:26	2022-11-08 05:50:35
BE22022790	9	0	나는 핸드폰에 대해 지식이 하나도 없기도 하고 지금 당장의 이상에만 집중하게 되는걸. 하루종일 함께하는 기계다 보니 미묘한 기능의 차이에 당황하고 걱정이 돼.	N	2022-09-29 23:32:26	2022-11-08 05:50:35
BE22022790	10	1	그래도 모든 일은 결국 네가 마음먹기 나름이야. 하늘이 무너져도 살아날 구멍은 있다는 말처럼, 혹여나 고장이 나더라도 마음먹기에 따라 상황은 다르게 받아들여져. 그러니 너무 힘들어 말고 힘냈으면 좋겠어.	N	2022-09-29 23:32:26	2022-11-08 05:50:35
BE22022790	11	0	그치 형 말이 맞아. 결국 내가 어떻게 마음을 먹느냐에 따라 내 기분도 달라질 거야! 정해진 결말은 어쩔수 없는 거니까 긍정적으로 생각하지 뭐.	N	2022-09-29 23:32:26	2022-11-08 05:50:35
BE22022790	12	1	그래도 이렇게 얼른 기운차리는게 쉬운 일은 아닌데. 역시 내 동생 멋져! 분명히 별일 아닐 거야!	N	2022-09-29 23:32:26	2022-11-08 05:50:35
BE22022790	13	0	형 아니었으면 이렇게 빨리 좋은 방향으로 생각하기 힘들었을 거야. 다 형 덕분인걸.	N	2022-09-29 23:32:26	2022-11-08 05:50:35
BE22022790	14	1	그래도 핸드폰 관련된 일이라 다행이야. 항상 제일 중요한 건 너의 마음과 네 건강인 거 알지? 건강 잘 챙기고 다녀야 해!	N	2022-09-29 23:32:26	2022-11-08 05:50:35
BE22022790	15	0	응 신경 써줘서 고마워 형!	Y	2022-09-29 23:32:26	2022-11-08 05:50:35
