id	utterance_id	utterance_type	utterance_text	terminate	regDate	updDate
BE22018927	1	0	언니, 나 요즘 예전의 나와 다른 모습 때문에 당황스러워.	N	2022-09-19 10:40:56	2022-09-19 10:40:56
BE22018927	2	1	네 스스로가? 어떤 모습 때문에 그런 감정을 느끼는거야?	N	2022-09-19 10:40:56	2022-09-19 10:40:56
BE22018927	3	0	고등학생 때는 외모나 패션 같은데 관심이 없었는데 요즘 부쩍 패션에 관심이 많아진 것 같아. 그러다 보니 용돈도 빨리 쓰게 되고 그래서 당황스러워.	N	2022-09-19 10:40:56	2022-11-08 05:32:54
BE22018927	4	1	이제 성인이 되었으니 관심사가 외모로 바뀌는 건 당연한거야. 너만 그런게 아니니 너무 걱정하지 않아도 돼.	N	2022-09-19 10:40:56	2022-11-08 05:32:54
BE22018927	5	0	내가 너무 패션이나 유행에 관심을 갖다 보니 이러다 보면 중요한 것들을 놓치게 될까 봐 두렵기도 해. 그동안 이런 적이 없었으니까 갑자기 변한 나의 모습이 낯설기도 하고.	N	2022-09-19 10:40:56	2022-11-08 05:32:54
BE22018927	6	1	불과 얼마 전의 너의 모습과 지금의 모습이 달라져서 혼란스러움을 겪고 있는 것이구나. 언니도 너와 같은 시기를 겪어봐서 너의 당황스러움이 어떤 마음일 지 충분히 이해가 된다.	N	2022-09-19 10:40:56	2022-11-08 05:32:54
BE22018927	7	0	맞아. 패션에 관심이 생기면서 쇼핑하는 것도 즐겁고 그렇긴 하지만 한편으로는 이런 내 모습이 적응이 안 돼. 이렇게 원하는 데로 사는 삶이 맞는 것인지 의문스럽기도 하고.	N	2022-09-19 10:40:56	2022-11-08 05:32:54
BE22018927	8	1	현재를 조금 즐겨보는 건 어때? 지금 너의 그 순간은 시간이 지나면 돌아오지 않잖아. 하고 싶은걸 억지로 제어한다면 시간이 지났을 때 지금 이 순간을 후회하게 될 지 몰라.	N	2022-09-19 10:40:56	2022-09-19 10:40:56
BE22018927	9	0	그러고 보니 언니 말이 맞네. 알 수 없는 미래에 대한 걱정으로 내가 현재를 즐기지 못하고 있었어. 좋아하는 걸 하면서도 마음 한켠에 짐을 두니 행복하지 못했던 것 같아.	N	2022-09-19 10:40:56	2022-11-08 05:32:54
BE22018927	10	1	그래, 그동안 공부하느라 힘들었던 너의 삶에 대한 보상이라고 생각하면 지금을 보다 즐길 수 있을거야. 내 동생은 똑똑하니까 스스로를 컨트롤 할 정도도 지킬 수 있을거라 생각해.	N	2022-09-19 10:40:56	2022-11-08 05:32:54
BE22018927	11	0	고마워.언니, 언니 덕분에 변한 나의 모습을 인정하고 나니 마음이 놓인다. 이제 조금 편하게 내 관심 분야에 집중할 수 있을 것 같아.	N	2022-09-19 10:40:56	2022-11-08 05:32:54
BE22018927	12	1	그래, 이제 막 시작한 너의 새로운 인생 언니가 옆에서 응원할게. 하고 싶은 것도 해야 할 것도 후회없이 모두 열심히 해 봐. 늘 그래왔듯 내 동생은 잘할 수 있을테니까.	N	2022-09-19 10:40:56	2022-11-08 05:32:54
BE22018927	13	0	응, 시간이 흐르고 지금 이 순간을 돌아봤을 때 추억할 수 있도록 멋지게 살아봐야겠어.	N	2022-09-19 10:40:56	2022-09-19 10:40:56
BE22018927	14	1	그런 마인드 너무 멋지다. 너의 흘러가는 현재 이 순간들이 너에게 진짜 너를 찾는 시간이 될 수 있기를 바랄게.	N	2022-09-19 10:40:56	2022-11-08 05:32:54
BE22018927	15	0	언니와의 오늘 대화를 통해 내가 진짜 어른이 된 것 같은 기분이 든다. 고마워.	Y	2022-09-19 10:40:56	2022-11-08 05:32:54
