id	utterance_id	utterance_type	utterance_text	terminate	regDate	updDate
BE22019094	1	0	동생아, 요즘 아버지 이상해진 것 같지 않아? 아버지랑 밖에서 얘기하다가 나 너무 당황했잖아.	N	2022-09-20 07:38:08	2022-09-20 07:38:08
BE22019094	2	1	아버지랑 대화를 나누는데 놀랄 일이 뭐가 있어? 무슨 일이라도 있었던 거야?	N	2022-09-20 07:38:08	2022-09-20 07:38:08
BE22019094	3	0	갑자기 사람이 많은 곳에서 MZ 용어를 사용하면서 말을 하잖아. 진짜 그 말을 듣는 순간 아버지의 입에서 나온 말이 맞는 건가 의심스러웠어. 사람들이 쳐다보는데 너무 당황스럽고 부끄러워서 어찌할 줄을 모르겠더라 정말.	N	2022-09-20 07:38:08	2022-11-08 05:33:17
BE22019094	4	1	아버지가 너무 의외로 요즘 유행하는 말을 사용하니까 형이 많이 놀라고 당황했겠다. 사람들이 쳐다보기까지 했다니 나였어도 순간 부끄러움에 얼굴이 달아오르고 허둥지둥했을 것 같아. 아무래도 아버지가 늘 무뚝뚝하고 차가운 편이니까 그런 말을 사용할 거라고 기대조차 하지 않기 마련이잖아.	N	2022-09-20 07:38:08	2022-11-08 05:33:17
BE22019094	5	0	맞아, 눈이 동그래져서 아버지를 빤히 쳐다볼 수밖에 없었어. 어떤 반응도 하지 못하고 당황스러움에 굳어버렸고, 부끄러움이 막 밀려오고. 급한 일이 있는 척 자리를 정리하고 나가자고 했는데 생각할수록 창피해.	N	2022-09-20 07:38:08	2022-09-20 07:38:08
BE22019094	6	1	준비되지 않은 상황에서 들은 말이다 보니까 더 당황스럽고 부끄러울 것 같아. 형은 특히 아버지를 어색해하고 조금 불편해하니까 너무 낯설고 충격적이었겠다.	N	2022-09-20 07:38:08	2022-11-08 05:33:17
BE22019094	7	0	그런데 또 한편으로는 그 자리에서 내가 허둥지둥거리며 피해버려서 아버지가 얼마나 뻘쭘할까 싶어. 부끄러운 마음이랑 미안한 마음이 섞여서 너무 찝찝하고 별로야.	N	2022-09-20 07:38:08	2022-09-20 07:38:08
BE22019094	8	1	평소 형이랑 아버지가 대화가 많지 않은데 이런 일이 있었으니 형의 마음이 충분히 이해돼. 하지만 아버지 딴에는 형과 가까워지려고 노력하고 애쓴 거니까 부끄러워하면서 그 마음을 외면하지 않았으면 좋겠어. 물론 아버지가 너무 급하게 다가가서 형이 놀랐겠지만, 재미있는 추억 하나 쌓았다고 생각하고 같이 웃어버리자고.	N	2022-09-20 07:38:08	2022-11-08 05:33:17
BE22019094	9	0	아버지가 나랑 친해지려고 MZ 용어를 사용했다고? 말도 안 돼, 그럴 리가 없어.	N	2022-09-20 07:38:08	2022-11-08 05:33:17
BE22019094	10	1	형은 잘 모르겠지만 아버지가 형이랑 친해지기 위해서 나한테 조언을 많이 구하고 노력하고 있어. 형과의 관계를 위해 애쓰는 아버지의 마음도 생각해주면 좋을 것 같아. 형도 사실은 아버지와 가까워지고 싶은데 계기가 없었을 뿐이잖아, 이번 일은 계기로 삼아보는 건 어때.	N	2022-09-20 07:38:08	2022-11-08 05:33:17
BE22019094	11	0	아버지와 내가 그렇게 가까운 부자 관계는 아니긴 하지. 네 말처럼 아버지와 가까워지고 싶었는데 나도 무뚝뚝한 아들이라 항상 아버지에게 미안한 마음이었거든. 생각해보니까 부끄럽기도 했지만, 아버지의 용기에 반응해주지 못해서 후회스러운 마음이 큰 것 같아.	N	2022-09-20 07:38:08	2022-11-08 05:33:17
BE22019094	12	1	그러니까 이번에는 형이 용기를 내서 아버지에게 다가간다면 정말 좋을 것 같아. 둘이 서로 좋아하고 소중히 생각하면서 다가가지 못하고 바라보기만 하면 안 되잖아. 앞으로 무슨 일이 생길지 모르니 가족들과 후회 없이 행복할 수 있도록 같이 노력하자.	N	2022-09-20 07:38:08	2022-11-08 05:33:17
BE22019094	13	0	네 말이 맞아, 아버지가 그 용어를 배우고, 말하기까지 얼마나 노력하고 애썼겠어. 무뚝뚝하고 감정변화가 크게 없는 아버지가 나를 위해 벽을 깼으니까 이제는 내 차례인 것 같아. 나는 부끄럽다고 찡찡거리고만 싶었는데 네 덕분에 뭘 해야 하는지 알게 됐어, 고마워 동생아.	N	2022-09-20 07:38:08	2022-11-08 05:33:17
BE22019094	14	1	우리 가족 모두가 서로 사이좋고, 행복했으면 좋겠어. 형이 노력하는 것도 분명 아버지가 알아줄 거니까, 같이 데이트라도 하면서 시간 보냈으면 좋겠어. 그때는 형도 부끄러워하지 말고 아버지와 장단 맞춰주라고.	Y	2022-09-20 07:38:08	2022-11-08 05:33:17
