id	utterance_id	utterance_type	utterance_text	terminate	regDate	updDate
BE22022774	1	0	언니 오늘 고속도로에서 갑자기 오른쪽 두 번째 차선으로 가라고 해서 얼마나 당황했는지 몰라.	N	2022-09-29 19:16:41	2022-09-29 19:16:41
BE22022774	2	1	면허 딴지도 얼마 안 됐는데 심지어 고속도로에서 차선을 변경하라고 하면 나라도 당황스럽고 식은땀이 날 것만 같아. 네 앞에서 사고라도 나서 차선을 갑작스럽게 바꾸라고 한 거야?	N	2022-09-29 19:16:41	2022-11-08 05:50:29
BE22022774	3	0	응. 교통사고 때문에 차선을 바꿔야 하는 것 같더라고. 심지어 사고 때문에 정체도 심해서 다른 차선 운전자들이 끼워주기도 잘 안 해줘서 얼마나 당혹스럽던지. 아까만 생각하면 너무 당황스러워서 머리가 하얘지는 정도라니까.	N	2022-09-29 19:16:41	2022-11-08 05:50:29
BE22022774	4	1	나도 초보운전 시절에 끼어들기를 못 해서 약속 장소에 늦었던 기억이 있어. 그래서 네가 얼마나 당혹스럽고 떨렸을지 나한테까지 그 기분이 전해지는 느낌이야. 그러면 너 혼자 고속도로를 운전한 거였어?	N	2022-09-29 19:16:41	2022-11-08 05:50:29
BE22022774	5	0	응. 하필 동승자도 없어서 더 당황스러웠어. 옆에 누구라도 있었으면 내가 도움을 받아 조금이나마 마음이 편했을 텐데. 아까 차선 변경하고도 손이 떨려서 어떻게 운전했는지 기억도 잘 안 나.	N	2022-09-29 19:16:41	2022-11-08 05:50:29
BE22022774	6	1	더군다나 혼자 운전을 한 거였다니 얼마나 애가 탔을까. 그래도 그 순간에 마음을 다잡고 차선 변경까지 잘 성공하고 목적지까지 잘 도착했다니. 나였으면 그렇게 못했을 것 같은데 역시 내 동생 참 대단해.	N	2022-09-29 19:16:41	2022-11-08 05:50:29
BE22022774	7	0	그냥 다른 운전자에게 피해를 주지 말아야지 생각이 컸던 것 같아. 괜히 초보인데 고속도로에 들어와서 이 고생을 하고 있다는 생각에 자신을 얼마나 자책했는지 몰라. 나 때문에 피해 봤을 다른 운전자들에게도 미안하기도 했어.	N	2022-09-29 19:16:41	2022-11-08 05:50:29
BE22022774	8	1	너뿐만 아니고 운전이 처음이 사람들이라면 누구나 겪었을 법한 일인데 뭐. 정체된 고속도로에서 차선 변경하는 건 운전을 오래 한 사람들도 어려운 일이니까 뒷차들도 충분히 이해했을 거야. 그리고 너는 침착하게 아무런 사고 없이 운전했으니 그것만으로도 운전자로서 충분한 자질을 갖춘 거지.	N	2022-09-29 19:16:41	2022-11-08 05:50:29
BE22022774	9	0	언니가 그렇게 말해주니까 그래도 마음이 한결 나아지는 것 같기는 하다. 그래도 아까 그 순간에는 정말 당황스러워서 앞으로 운전하지 말아야겠다는 생각까지도 들더라.	N	2022-09-29 19:16:41	2022-11-08 05:50:29
BE22022774	10	1	사람은 원래 어려운 일을 겪고 한단계 성장한다고 하잖아. 나는 네가 운전하면서 겪을 수 있는 큰 산 하나를 넘겼다고 생각해. 어쩌면 앞으로 운전할 때 훨씬 네 생각보다 수월할 수 있어.	N	2022-09-29 19:16:41	2022-11-08 05:50:29
BE22022774	11	0	정말 그럴까? 나도 언니처럼 언제쯤 운전이 편해질까? 언니는 운전해서 어디든 척척 가는 게 부럽고, 언니처럼 운전을 잘하고 싶어.	N	2022-09-29 19:16:41	2022-11-08 05:50:29
BE22022774	12	1	나도 그동안 많은 사고를 겪으면서 운전을 배운 거지 뭐. 운전하면서 사건 사고 겪지 않는 건 정말 흔치 않은 일이야. 앞으로 운전을 하면서 당황스러운 일이 있어도 담대하게 운전했던 오늘을 기억하면 충분히 이겨낼 수 있을 거야.	N	2022-09-29 19:16:41	2022-11-08 05:50:29
BE22022774	13	0	언니 덕분에 운전하는 데 있어 뭔가 자신감이 차오르는 것 같아. 언니한테 말하길 참 잘했다는 생각이 들어.	N	2022-09-29 19:16:41	2022-11-08 05:50:29
BE22022774	14	1	언니라면 이 정도는 기본이지. 앞으로 운전하다가 어려운 점 있으면 언제든 물어봐. 언니가 너의 운전 선생님이 되어줄게.	N	2022-09-29 19:16:41	2022-11-08 05:50:29
BE22022774	15	0	말만 들어도 든든해지는 기분이야. 고마워 언니.	Y	2022-09-29 19:16:41	2022-09-29 19:16:41
