id	utterance_id	utterance_type	utterance_text	terminate	regDate	updDate
BE22023526	1	0	언니, 나 정말 당황스러운 일이 생겨버렸어. 갑자기 같은 과 친구에게 공개 고백을 받었어. 사람들이 전부 나만 쳐다보는 것 같아.	N	2022-10-03 02:34:09	2022-10-03 02:34:09
BE22023526	2	1	오늘 과에서 행사가 있다고 하지 않았어? 그런데 갑자기 공개 고백은 또 뭐야?	N	2022-10-03 02:34:09	2022-11-08 05:54:55
BE22023526	3	0	응. 오늘 새학기도 시작되었고 해서 강당에서 행사를 했거든. 그런데 한 친구가 갑자기 춤을 추다 말고 고백을 한 거야. 얼마나 당황스럽던지, 도망치고 싶었어.	N	2022-10-03 02:34:09	2022-10-03 02:34:09
BE22023526	4	1	넌 이제 막 대학에 들어갔잖아. 모든 친구들과 친하게 지내고 싶었을 텐데, 갑자기 그런 일이 생겨서 정말 당황했겠구나. 상상만 해도 식은땀이 나는걸.	N	2022-10-03 02:34:09	2022-11-08 05:54:55
BE22023526	5	0	갑자기 많은 사람 앞에서 고백할 줄은 상상도 못 했어. 그리고 난 그 친구에 대해 잘 알지도 못해서 얼마나 당황스러운지 몰라. 다른 친구들이 나를 이상하게 생각하면 어쩌지?	N	2022-10-03 02:34:09	2022-10-03 02:34:09
BE22023526	6	1	그러게. 공개적으로 그렇게 하기보단 네게 먼저 고백을 해줬으면 참 좋았을 텐데. 하지만, 그만큼 너에 대해 좋은 감정을 가지고 있고, 그 마음을 표현하고 싶었다고 이해해주면 어떨까? 그 친구에게도 큰 용기가 필요했을 거야.	N	2022-10-03 02:34:09	2022-11-08 05:54:55
BE22023526	7	0	나중에 옆으로 다가와 이야기를 건네기에 지금은 연애에 대한 생각도 없고 공부에 전념하고 싶다고 거절했어. 그 친구와도 친구로 잘 지내고 싶은데 이렇게 되어서 서로 어색해질까 걱정이야.	N	2022-10-03 02:34:09	2022-10-03 02:34:09
BE22023526	8	1	용기내서 고백했는데, 거절까지 당한 그 친구 역시 너와 같은 마음일지도 몰라. 시간이 조금 지나서 네가 먼저 모두 잊고 친하게 지내자고 말을 건네줘도 좋을 것 같아.	N	2022-10-03 02:34:09	2022-11-08 05:54:55
BE22023526	9	0	친구들이 나를 보며 수군대는 것 같아서 고개도 못 들겠어. 당황스럽고 부끄럽고 어찌할 바를 모르겠네.	N	2022-10-03 02:34:09	2022-11-08 05:54:56
BE22023526	10	1	그런 일 역시 네게 잊지 못할 추억이라고 생각하면 돼. 이미 벌어진 일이고, 어쩌면 다른 친구들도 네게 좋은 느낌을 가질 수도 있어. 얼마나 멋진 친구이기에 저런 공개 고백을 받았을까 하고.	N	2022-10-03 02:34:09	2022-11-08 05:54:56
BE22023526	11	0	그럴까? 친구들에게 한순간에 관심을 받게 된 것 같긴 해서 묘하게 좋은 기분이 들기도 하네. 그래도 어렵게 들어온 대학이니 공부도 열심히 하고 교우관계도 넓혀볼 테야.	N	2022-10-03 02:34:09	2022-11-08 05:54:56
BE22023526	12	1	게다가 학기 초라 친구들도 이것저것 신경 쓸 게 많아서 금방 잊힐 테니 걱정하지 마.	N	2022-10-03 02:34:09	2022-11-08 05:54:56
BE22023526	13	0	대학에 들어오자마자 이런 일이 생기는 걸 보니 나도 서서히 어른이 되어가는 건가?	N	2022-10-03 02:34:09	2022-10-03 02:34:09
BE22023526	14	1	그럼, 아주 매력적이고 멋진 어른이 되어가고 있는 거지. 언니는 너의 행복한 대학생활을 언제나 응원해.	N	2022-10-03 02:34:09	2022-11-08 05:54:56
BE22023526	15	0	응, 고마워 언니. 나 이제 그만 창피해하고 행사장으로 들어가봐야겠어.	N	2022-10-03 02:34:09	2022-11-08 05:54:56
BE22023526	16	1	그래, 재미있게 잘 마치고 오렴.	Y	2022-10-03 02:34:09	2022-10-03 02:34:09
