id	utterance_id	utterance_type	utterance_text	terminate	regDate	updDate
BE22016473	1	0	형, 나 지금 너무 어이가 없고 황당해. 이걸 어떡하지?	N	2022-08-30 07:47:53	2022-08-30 07:47:53
BE22016473	2	1	왜? 무슨 일이라도 있는 거야?	N	2022-08-30 07:47:53	2022-08-30 07:47:53
BE22016473	3	0	내가 분명히 집에 가는 버스를 탔거든. 근데 버스에서 잠이 들어서 학교로 되돌아와서 너무 황당해. 어떡하지?	N	2022-08-30 07:47:53	2022-11-08 05:09:32
BE22016473	4	1	나도 그런 경험이 있어서 얼마나 당황했을지 잘 알 것 같아. 그런 적이 한 번도 없었던 네가 얼마나 당황했을지 예상돼. 나였어도 엄청나게 놀랐을 거야.	N	2022-08-30 07:47:53	2022-11-08 05:09:32
BE22016473	5	0	응. 근데 너무 늦어서 버스가 끊겨버렸는데 어떡하지? 한 바퀴를 돌아서 학교로 돌아온 상황이라 너무 당황스러워서 어떻게 해야 할지 모르겠어.	N	2022-08-30 07:47:53	2022-11-08 05:09:32
BE22016473	6	1	일단 부모님께 연락을 드려보는 거 어때? 당황스러운 마음을 잠시 추스르면서 상황을 설명하고 데리러 와 주시면 안 되냐고 부탁드려 보자.	N	2022-08-30 07:47:53	2022-11-08 05:09:32
BE22016473	7	0	그러면 될까? 부모님이 나를 한심하게 보시지는 않을까? 버스에서 자다가 한 바퀴를 돌아서 집으로 돌아가는 건 쉽게 있는 일은 아니잖아.	N	2022-08-30 07:47:53	2022-08-30 07:47:53
BE22016473	8	1	너 요새 공부 열심히 하느라 피곤했잖아. 부모님도 그걸 아실 테니까 당연히 네가 피곤해서 그런가 보다, 하고 자연스럽게 생각하실 거야. 너무 걱정하지 마.	N	2022-08-30 07:47:53	2022-11-08 05:09:32
BE22016473	9	0	그래도 항상 계획에 맞춰서 살아오다가 이렇게 계획에 어긋난 일을 하게 되니까 당황스러워. 당황스러워서 불안해.	N	2022-08-30 07:47:53	2022-08-30 07:47:53
BE22016473	10	1	항상 계획대로만 살아오면 무료할 때도 있고 자극이 필요할 때도 있잖아. 계획을 벗어나서 당황스러울 수 있겠지만 오늘 그럼으로써 기분 전환했다고 생각하면 어때? 그렇게 생각하면 기분이 좀더 나아지지 않을까?	N	2022-08-30 07:47:53	2022-11-08 05:09:32
BE22016473	11	0	그렇게 생각해보니까 또 그렇긴 하네. 오늘 같은 일을 새롭고 신선한 경험이라고 생각하니까 좀 나아지는 것 같아.	N	2022-08-30 07:47:53	2022-11-08 05:09:32
BE22016473	12	1	그래. 그리고 누구나 이런 실수는 할 수 있는 거니까 너무 너를 자책하지 말고. 넌 이제까지 잘해왔잖아.	N	2022-08-30 07:47:53	2022-11-08 05:09:32
BE22016473	13	0	그렇게 말해줘서 고마워. 네 덕분에 기분이 많이 나아진 것 같아.	N	2022-08-30 07:47:53	2022-11-08 05:09:32
BE22016473	14	1	그렇다니 다행이야. 집 조심히 들어가고. 또 문제 생기면 언제든지 말해.	Y	2022-08-30 07:47:53	2022-11-08 05:09:32
