id	utterance_id	utterance_type	utterance_text	terminate	regDate	updDate
BE22007515	1	0	언니, 우리가 탄 고속버스가 1시간 전에 휴게소를 지났거든. 그런데 아들 녀석이 그때 화장실을 다녀왔는데 또 가고 싶다고 징징거리네. 휴게소 지나서 이제 종착역까지 참아야 한다는데도 계속 징징거려.	N	2022-07-10 07:59:40	2022-11-08 04:12:49
BE22007515	2	1	아이고, 너 정말 당황스럽겠다. 고속버스는 정해진 휴게소만 들리던데 어쩌면 좋으니? 아들 일이라 너 머리에서 지진이 나겠다.	N	2022-07-10 07:59:40	2022-11-08 04:12:50
BE22007515	3	0	말도 마. 주변 눈치도 보이고 등에서 아주 진땀이 빠작빠작 난다. 아무리 말해도 말귀도 못 알아듣고 계속 투정을 부리니 어쩌면 좋아?	N	2022-07-10 07:59:40	2022-11-08 04:12:50
BE22007515	4	1	원래 애들은 어른보다 덜 현실적이잖아. 걔들 생각에는 언제고 원하면 볼일을 볼 수 있을 거라 생각했겠지. 애 입장에서는 오히려 지금 상황이 이해되지 않을 수도 있어.	N	2022-07-10 07:59:40	2022-11-08 04:12:50
BE22007515	5	0	언니, 말 잘했어. 애는 빨리 기사 아저씨한테 차 세우게 하라며 징징거려. 아빠는 아무 때고 원하면 차를 세워줬는데 버스는 왜 못 그러냐는 거야.	N	2022-07-10 07:59:40	2022-11-08 04:12:50
BE22007515	6	1	옛날 엄마들은 그럴 때 등짝을 후려쳐서 입 다물게 했는데 지금 그러면 큰일 나지. 상전인 자식 모시고 다니려니 너무 힘들지? 요즘 세상은 엄마 자격도 거저 얻어지는 게 아니니까 원래 그러려니 하고 마음 풀어.	N	2022-07-10 07:59:40	2022-11-08 04:12:50
BE22007515	7	0	아닌 게 아니라 정말 엄마 노릇하기 너무 힘들다. 요즘은 애들도 아동학대 같은 단어를 알아서 때리면 신고한다고 으름장을 놓는대. 친구 애가 그 말 했다는 소리에 얼마나 놀랐던지.	N	2022-07-10 07:59:40	2022-11-08 04:12:50
BE22007515	8	1	그만큼 애들이 귀하다 보니 어쩔 수 없는 거 같아. 그나저나 애 화장실 가고 싶다는 건 어떻게 하니? 정 안 되면 기사 아저씨께 부탁을 좀 드려 보던가.	N	2022-07-10 07:59:40	2022-11-08 04:12:50
BE22007515	9	0	그건 너무 민폐를 끼치는 것 같아 안 하고 싶어. 정 안 되면 빈 음료수 병이라도 사용하지 뭐. 남자애라서 그나마 다행인데 되도록 종착역까지 참고 가도록 타일러 보려고.	N	2022-07-10 07:59:40	2022-11-08 04:12:50
BE22007515	10	1	그래, 차분한 마음으로 애랑 얘기를 잘해봐. 애 키우다 보면 정말 별일이 다 있어. 그때마다 열 받고 어쩔 줄 몰라 하면 너무 힘드니까 네가 먼저 마음을 가라앉혀.	N	2022-07-10 07:59:40	2022-11-08 04:12:50
BE22007515	11	0	어차피 주변 눈치 때문에라도 목소리를 높일 수도 없어. 거기다 언니한테 하소연하고 났더니 마음이 조금 풀린 것 같아. 언니 말대로 이성적으로 차분하게 대응해 볼게.	N	2022-07-10 07:59:40	2022-11-08 04:12:50
BE22007515	12	1	그래, 우리 동생 정말 장하다. 철없던 아가씨가 어느새 이렇게 성숙해서 한 아이를 책임지는 엄마라니. 나라도 어쩔 줄 몰라 했을 상황에서 정말 잘 대처하는 거 같아 흐뭇하다.	N	2022-07-10 07:59:40	2022-11-08 04:12:50
BE22007515	13	0	언니가 그렇게 칭찬을 해주니 내가 더 용기가 나는 거 같아. 애하고도 마음이 통할 수 있게 대화를 잘해볼게.	N	2022-07-10 07:59:40	2022-11-08 04:12:50
BE22007515	14	1	그래, 그래. 아이도 지금 상황을 잘 설명해주면 이해할 거야. 그래도 네 아들인데 너를 닮아 이해심이 남다를 거 아니겠니? 건투를 빈다.	N	2022-07-10 07:59:40	2022-11-08 04:12:50
BE22007515	15	0	언니한테 별 걸로 다 투정하고 위로를 받네. 오늘 일이 좋은 경험이 돼서 앞으로 애 키울 때 많은 보탬이 될 거 같아. 투정 들어주고, 좋은 말 많이 해줘서 고마워, 언니.	Y	2022-07-10 07:59:40	2022-11-08 04:12:50
