id	utterance_id	utterance_type	utterance_text	terminate	regDate	updDate
BE22018492	1	0	오늘 학교에서 당황스러운 일이 있었어. 깜짝 놀랐지 뭐야.	N	2022-09-16 04:55:43	2022-09-16 04:55:43
BE22018492	2	1	무슨 일 있었어? 왜 그러는 거야?	N	2022-09-16 04:55:43	2022-09-16 04:55:43
BE22018492	3	0	남자 화장실에서 여자가 나오는 걸 봤어. 그런데 애들 말로는 그 여자가 상습적으로 그런다는 거야. 그러니 당황스러울 수밖에 없지.	N	2022-09-16 04:55:43	2022-11-08 05:21:46
BE22018492	4	1	내가 너와 같은 상황이었어도 당황스러웠을 거야. 네 마음을 알겠어. 단속을 해야 하지 않을까?	N	2022-09-16 04:55:43	2022-11-08 05:21:46
BE22018492	5	0	CCTV로 확인을 하고 있대. 그런데 그 여자가 우리 학교 학생도 아니고, 직원도 아니라고 하더라고.	N	2022-09-16 04:55:43	2022-09-16 04:55:43
BE22018492	6	1	화장실을 쓰려고 외부에서 학교로 들어온다는 거야? 정말 희한한 사람이네.	N	2022-09-16 04:55:43	2022-09-16 04:55:43
BE22018492	7	0	애들이 화장실에서 그 여자를 발견하고 학교에 전화하는 일이 자주 있었나 봐. 내 친구도 그 여자를 봤대.	N	2022-09-16 04:55:43	2022-09-16 04:55:43
BE22018492	8	1	너뿐만 아니라 당황하는 남자들이 많았을 테니 학교에서 조치를 취해 줄 거야. 괜찮아질 테니 걱정하지 마.	N	2022-09-16 04:55:43	2022-11-08 05:21:46
BE22018492	9	0	형 말을 들으니까 마음이 좀 놓이긴 해. 형이 말한 대로 나뿐만 아니라 다른 남자들에게도 당황스러운 일이니까.	N	2022-09-16 04:55:43	2022-11-08 05:21:46
BE22018492	10	1	여자화장실에 남자가 들어가면 범죄가 되고, 남자화장실에 여자가 들어가는 건 범죄가 아니라고 생각할 수 있어. 하지만 그건 잘못된 생각이야.	N	2022-09-16 04:55:43	2022-09-16 04:55:43
BE22018492	11	0	암묵적으로 사람들이 그렇게 생각하는 것 같은데, 이건 성별에 관계 없이 프라이버시 침해잖아. 형이 말하는 것에 공감해.	N	2022-09-16 04:55:43	2022-09-16 04:55:43
BE22018492	12	1	학교 같은 공공장소에서 이런 일이 버젓이 일어나는 건 정말 당황스러운 일이지. 학교에 가기 싫다는 생각이 드는 게 당연해.	N	2022-09-16 04:55:43	2022-11-08 05:21:46
BE22018492	13	0	학교에서 이런 일이 일어났을 때 강력하게 처벌을 했으면 좋겠어. 그러면 상습적으로 남자 화장실에 들어오는 여자가 없어지겠지.	N	2022-09-16 04:55:43	2022-09-16 04:55:43
BE22018492	14	1	나도 그렇게 생각해. 아무래도 이런 일에는 처벌이 꼭 필요한 것 같아.	N	2022-09-16 04:55:43	2022-11-08 05:21:46
BE22018492	15	0	살다 보니까 별일이 다 있네. 내 얘기 들어줘서 고마워. 나중에 보자.	Y	2022-09-16 04:55:43	2022-11-08 05:21:46
