id	utterance_id	utterance_type	utterance_text	terminate	regDate	updDate
BE22018283	1	0	형, 호텔 바캉스를 여자 친구와 좀 해보고 싶어 호텔을 알아보았는데 주말 가격이 더 비싸네. 예산보다 훨씬 웃돌아서 어찌해야 좋을지 모르겠어. 이미 여자 친구에게는 날짜를 비워놓으라고 한 상태여서 평일에 갈 수도 없는 형편이야.	N	2022-09-15 02:54:22	2022-11-08 05:20:35
BE22018283	2	1	금액이 초과하면 아무래도 부담이 될 수밖에 없으니 큰일이다. 그렇다고 이미 약속이 되어있고 잔뜩 기대할 여자 친구를 실망하게 할 수 없을 테고. 이러지도 저러지도 못하는 상황이 되어서 어떡하니.	N	2022-09-15 02:54:22	2022-11-08 05:20:35
BE22018283	3	0	여자 친구는 벌써 개인 블로그에 올려 자랑할 생각에 한껏 부풀어 있어. 호텔에 가서 꾸밀 재료도 준비하고 있는 모양인 것 같더라고. 그런데 금액이 부족하니 다음으로 미루자고 하면 싫어할 거야.	N	2022-09-15 02:54:22	2022-11-08 05:20:35
BE22018283	4	1	여자 친구의 소원을 꼭 들어주고 싶은 마음일 텐데. 결정하기가 쉽지 않아 힘들겠다. 아직 학생이라 용돈을 타서 쓰는 입장이니 갈팡질팡한 마음이 들 것 같아 안쓰럽구나.	N	2022-09-15 02:54:22	2022-11-08 05:20:36
BE22018283	5	0	그냥 예약하자니 다음 달 용돈이 부족해서 쪼들릴 테지만 여자 친구가 좋아하는 모습에 뿌듯할 거고. 예약하지 않으면 자기를 덜 사랑한다고 여기고 실망할 여자 친구의 표정에 마음이 아플 것 같아. 어떤 결정이든 빨리해야 할 텐데 이러지도 저러지도 못하겠어.	N	2022-09-15 02:54:22	2022-11-08 05:20:36
BE22018283	6	1	삶이 결국 선택의 연속이니 큰 부담 내려놓았으면 좋겠어. 너는 강단이 있는 아이이니 어떤 쪽이든 형은 너를 응원할 거야. 분명히 결정하고 나면 마음도 한결 가벼워지고 너 다운 방식으로 풀어가리라 믿어.	N	2022-09-15 02:54:22	2022-11-08 05:20:36
BE22018283	7	0	이런 때 내가 부자라면 이런 고민은 하지도 않았을 텐데. 아니면 단순한 사람이어서 어떤 결정이든 쉽게 하는 사람이라면 덜 힘들었을 텐데. 말도 안 되는 생각들로 머릿속이 점점 복잡해지는 것 같아.	N	2022-09-15 02:54:22	2022-11-08 05:20:36
BE22018283	8	1	어떤 선택을 하든 모두 만족스러울 수는 없겠지만 그래도 네 마음이 조금이라도 편안한 쪽이었으면 좋겠다. 결정이 힘들겠지만 결국 네 마음이 잘 살피면 더 기우는 쪽이 있을 거야. 다른 사람이 대신 할 수 없으니 속마음을 깊이 탐색해서 최선의 결정을 했으면 좋겠어.	N	2022-09-15 02:54:22	2022-09-15 02:54:22
BE22018283	9	0	언제나 내 마음이 우선이라고 조언해 주는 형이어서 정말 믿음직해. 상황에 치이느라 본질을 살피지 못한 자신을 일깨우는 계기가 되었어. 어떤 결정을 하든 지금까지 그래왔듯 잘 해낼 거라는 생각에 긴장됐던 마음이 스르르 내려앉는 기분이야.	N	2022-09-15 02:54:22	2022-11-08 05:20:36
BE22018283	10	1	여러 가지가 함께 휘몰아치면 제대로 생각하기 쉽지 않은 게 당연해. 하지만 너는 여유롭게 생각할 시간을 가지면 너 다운 결정을 할 거라는 믿음이 있었어. 언제 무슨 결정을 하든 너를 최우선에 둔다면 후회도 값어치 있을 테니까.	N	2022-09-15 02:54:22	2022-11-08 05:20:36
BE22018283	11	0	나를 믿어주는 형이 있어서 당황스럽고 혼란스럽던 마음도 어느덧 평온해졌어. 고마워. 누군가가 나를 이토록 믿어준다는 게 큰 힘이 된다는 걸 이제야 알게 되었어.	N	2022-09-15 02:54:22	2022-09-15 02:54:22
BE22018283	12	1	작은 도움에도 고마워하는 네가 더 감동적이야. 세상 하나뿐인 동생이 고민하는데 형으로서 지켜만 보는 건 말이 안 되잖아. 언제든 힘이 되고 싶으니 걱정거리가 생기면 손 내밀어도 돼.	N	2022-09-15 02:54:22	2022-11-08 05:20:36
BE22018283	13	0	생각할수록 여자 친구와의 신의가 돈으로 살 수 없는 거라는 생각이 들어. 주말이라 비싼 비용이라 부담이 되지만 용돈을 절약해서라도 여자 친구의 마음을 기쁘게 하고 싶네. 여자 친구가 즐거워하면 내 마음도 환하게 밝아질 테니까 말이야.	N	2022-09-15 02:54:22	2022-11-08 05:20:36
BE22018283	14	1	그래 잘 결정했구나. 네 마음이 만족스러운 선택인데 나도 전폭적으로 응원할게. 여자 친구도 너도 행복한 시간이 되었으면 좋겠구나.	N	2022-09-15 02:54:22	2022-11-08 05:20:36
BE22018283	15	0	응 나도 그 시간이 너무 기대되고 설렌다. 형 바람처럼 오붓하게 시간 잘 보내고 올게.	Y	2022-09-15 02:54:22	2022-11-08 05:20:36
