id	utterance_id	utterance_type	utterance_text	terminate	regDate	updDate
BE22021033	1	0	형, 나 지금 무척 당황스러워. 핸드폰 배터리가 조금밖에 안 남았는데, 주변을 둘러봐도 충전할 데가 없어.	N	2022-09-23 11:28:48	2022-09-23 11:28:48
BE22021033	2	1	너 어제 제주도로 간다고 하지 않았어? 지금 어디에 있어?	N	2022-09-23 11:28:48	2022-09-23 11:28:48
BE22021033	3	0	어제 도착해서 오늘 자전거를 타고 제주도 해안 도로를 달리고 있었거든. 그런데 휴대폰을 보니 어떻게 해야 할지 마음이 혼란스러워.	N	2022-09-23 11:28:48	2022-09-23 11:28:48
BE22021033	4	1	즐거운 마음으로 여행하고 있었는데, 내 동생이 무척 당혹스럽겠네. 형도 그럴 때는 정말 답답하더라.	N	2022-09-23 11:28:48	2022-11-08 05:40:16
BE22021033	5	0	2년 전 일본 여행 때도 비슷한 일이 있어서 혼자 애를 태웠거든. 휴대폰이 작동하지 않는다고 생각하면 정말 안절부절 하게 돼.	N	2022-09-23 11:28:48	2022-09-23 11:28:48
BE22021033	6	1	요즘은 휴대폰이 신분증과 마찬가지여서 그런 마음이 드는 게 너무나 당연해. 그래도 넌 침착한 성격이니 잘 대처할 수 있을 거야.	N	2022-09-23 11:28:48	2022-11-08 05:40:16
BE22021033	7	0	근처 편의점에 가면 충전할 수 있는데, 주변에 가게가 전혀 없으니 당황스러워. 어떻게 해야 할지 몰라 손에서 땀이 나.	N	2022-09-23 11:28:48	2022-09-23 11:28:48
BE22021033	8	1	내 동생은 힘든 일이 있어도 늘 여유를 잃지 않잖아. 힘들어 하는 네 마음을 조금이라도 달래 주고 싶구나.	N	2022-09-23 11:28:48	2022-11-08 05:40:16
BE22021033	9	0	방금 전 응급차가 지나가는 모습을 보니 안달이 나. 나도 응급 상황에 처하면 어떻게 하나 싶은 생각에 머릿속이 하얘지는 것 같아.	N	2022-09-23 11:28:48	2022-09-23 11:28:48
BE22021033	10	1	그럴 일은 없을 테니 마음 편하게 가져. 넌 건강하고 매사에 늘 긍정적이잖아. 이제 너무 당황해 하지 말고 얼른 마음 편하게 갖기 바랄게.	N	2022-09-23 11:28:48	2022-11-08 05:40:16
BE22021033	11	0	괜히 초조한 마음이 들었는데, 형과 이런저런 이야기를 나누다 보니 마음이 느긋해졌어. 곧 편의점이 나올 것 같은 희망도 들고.	N	2022-09-23 11:28:48	2022-09-23 11:28:48
BE22021033	12	1	그래, 너무 걱정하지 마. 자전거로 달리다 보면 곧 마을이나 휴게소가 나올 거야.	N	2022-09-23 11:28:48	2022-11-08 05:40:16
BE22021033	13	0	이런 사소한 일로 제주도 여행을 망칠 수는 없지. 형 말 대로 침착하게 대처해야겠어.	N	2022-09-23 11:28:48	2022-09-23 11:28:48
BE22021033	14	1	이렇게 침착한 모습이 원래 내 동생의 모습이지. 혹시 모를 경우에 대비해서, 형이 30분 후에 또 연락해 볼게.	N	2022-09-23 11:28:48	2022-09-23 11:28:48
BE22021033	15	0	형이 있어서 정말 든든해. 그럼 이제 난 느긋한 마음으로 자전거 탈게. 이따 충전하면 곧바로 다시 연락할게, 형.	Y	2022-09-23 11:28:48	2022-09-23 11:28:48
