id	utterance_id	utterance_type	utterance_text	terminate	regDate	updDate
BE22023111	1	0	친구가 여자를 소개해준다고 해서 만나러 갔어. 멋지게 차려 입고 한껏 폼을 잡고 나갔어.	N	2022-09-30 13:43:54	2022-09-30 13:43:54
BE22023111	2	1	우선 형이 새로운 여자 친구를 사귈 생각을 했다니 다행이야. 그리고 오늘 만남이 어떻게 됐는지 정말 궁금해.	N	2022-09-30 13:43:54	2022-09-30 13:43:54
BE22023111	3	0	다 좋은 것 같았는데 우리가 식사 후에 팥빙수를 먹었어. 내가 차가운 걸 급하게 먹으니까 갑자기 코가 아파져서 한동안 말도 못하고 인상을 쓰고 말았어. 말을 해야 하는데 코는 아파서 아무 말도 못하고 해서 얼마나 당황스러웠나 몰라.	N	2022-09-30 13:43:54	2022-09-30 13:43:54
BE22023111	4	1	형은 예전부터 차가운 거 먹으면 그런 증상이 나왔는데, 그 순간에 그런 일이 있었다니 안타깝다. 한껏 멋은 다 내고 있었을 터인데 형 많이 당황스러웠겠다. 첫 만남이라서 형이 긴장해서 그런 것 같다.	N	2022-09-30 13:43:54	2022-11-08 05:52:29
BE22023111	5	0	그런데 코만 아픈 게 아니라 머리까지 띵해서, 코를 따뜻하게 문질렀다가 머리를 감쌌다가 했지. 그런 내 모습을 보고 그녀가 어찌할 바를 모른 채 당황하더라고. 나는 그런 그녀를 보면서 뭐라고 해야 할지 몰라서 더 당황스러웠어.	N	2022-09-30 13:43:54	2022-09-30 13:43:54
BE22023111	6	1	우리 형 모처럼 데이트 하는데 그런 일이 생겨서 내 마음이 더 아프다. 나만 여자친구와 즐거운 시간 보내는 게 미안해서 어서 형도 여자친구가 다시 생기기를 기대했는데.	N	2022-09-30 13:43:54	2022-11-08 05:52:29
BE22023111	7	0	그러게, 나도 이제 다시 연애를 하고 싶은 마음이 절실하다. 차가운 것 먹으면서 그런 호들갑을 떤 남자에게 매력을 느끼는 여자는 별로 없을 것 같아. 내가 했던 행동에 그녀가 실망했을 것 같아서 전화를 못 하겠어.	N	2022-09-30 13:43:54	2022-09-30 13:43:54
BE22023111	8	1	그런 사소한 행동으로 좋은 남자를 거절하지 않을 거야. 그녀가 사람 볼 줄 아는 사람이라면 형의 행동을 이해할 거니까 너무 걱정하지 마. 마음 편히 먹고 전화 해 보면 분명 좋은 결과가 있을 거야.	N	2022-09-30 13:43:54	2022-11-08 05:52:29
BE22023111	9	0	팥빙수를 먹으면서 내가 거절 당할까 봐 많이 걱정했나 봐. 걱정하는 마음을 억누르려고 급하게 팥빙수를 먹은 게 문제였어. 그리고 나 자신이 이렇게 연애에 연연하는 사람이었다는 것에 당황스럽다.	N	2022-09-30 13:43:54	2022-11-08 05:52:29
BE22023111	10	1	형이 연애 한 지 너무 오래 됐으니까 그럴 만도 하지. 그런 사소한 실수는 연애의 장애물이 아니까 걱정 말고 용기 내서 연락해봐. 형 정도 외모에 유머 감각까지 겸비한 남자는 흔치 않거든.	N	2022-09-30 13:43:54	2022-11-08 05:52:29
BE22023111	11	0	그래, 차가운 것을 급히 먹으면 그런다고 했으니까 이상한 남자로 생각하지 않을 수도 있을 거야. 네 말에 전화해 볼 용기가 생긴다. 결과를 걱정하지 말고 전화해야겠어.	N	2022-09-30 13:43:54	2022-09-30 13:43:54
BE22023111	12	1	형이 그렇게 결심해서 다행이야. 형의 진심을 전하면 그녀도 받아줄 거야. 진심은 통한다는 말을 믿고 적극적으로 만나봐.	N	2022-09-30 13:43:54	2022-09-30 13:43:54
BE22023111	13	0	그래, 네가 이제 연애에 관해서 나보다 잘 아는 것 같다. 전화해서 이번에는 차가운 팥빙수를 우아하게 먹는 모습을 보여주겠으니 만나자고 해야겠어. 이런 유머라면 데이트 약속 잡아낼 것 같지 않니?	N	2022-09-30 13:43:54	2022-09-30 13:43:54
BE22023111	14	1	물론이지, 아직 형의 실력은 녹 쓸지 않은 것 같아. 내가 그녀라면 그 모습이 궁금해서 다시 한번 더 만날 듯해. 좋은 소식 기다리고 있을 게.	Y	2022-09-30 13:43:54	2022-09-30 13:43:54
