id	utterance_id	utterance_type	utterance_text	terminate	regDate	updDate
BE22022762	1	0	언니 나 오늘 버스에서 코를 풀어야 하는데 휴지가 없어서 당황스러웠어.	N	2022-09-29 17:57:43	2022-09-29 17:57:43
BE22022762	2	1	정말 난처한 상황이라 얼마나 당황스러웠을까 싶어. 내가 갑자기 그런 상황에 처한다면 식은땀이 났을 거야. 콧물은 계속 나오려고 하는데, 이게 참고 싶어도 내 의지대로 되지 않으니 말이야.	N	2022-09-29 17:57:43	2022-11-08 05:50:25
BE22022762	3	0	감기 한번 걸리지 않는 튼튼한 나라서 전혀 이런 상황은 생각지도 못해 당황스러웠어. 내 옆에 다른 승객이 앉아있었는데, 민망해서 말을 걸지도 못하겠더라고. 나 원래 낯선 사람한테 말을 잘 못 거는 성격이거든.	N	2022-09-29 17:57:43	2022-11-08 05:50:25
BE22022762	4	1	그럴 땐 진짜 어떻게 이 상황을 해결해야 하나 싶어서 당황스러울 것 같아. 특히나 내성적인 성격이면 주변에 도움도 요청하기 어렵고, 그건 어느 사람에게나 힘들고 어려운 일이었을 거야.	N	2022-09-29 17:57:43	2022-11-08 05:50:25
BE22022762	5	0	다른 건 괜찮은데 주위에 아는 사람이 있을까 봐 식은땀이 나더라고. 왜냐면 내가 콧물이 흐르는 걸 참고 참다가, 결국 코에서 콧물이 흐르는 지경에 이르렀거든. 너무 당황스럽고 부끄러웠어.	N	2022-09-29 17:57:43	2022-11-08 05:50:25
BE22022762	6	1	그런 마음 드는 게 당연하지. 주위에 빨리 해결할 수 있는 것도 보이지 않고, 또 당황하니까 더 생각도 안 나잖아. 너의 당황스러운 감정이 얼마나 컸을지 가늠이 안 가.	N	2022-09-29 17:57:43	2022-11-08 05:50:25
BE22022762	7	0	게다가 더 당황스러웠던 게 콧물이 흘러서 그게 내 소매 위로 떨어진 거야. 근데 그걸 또 옆에 있던 승객이 봤는데, 눈이 마주쳐서 너무 당황스러웠어. 쥐구멍에 숨고 싶은 심정이었어.	N	2022-09-29 17:57:43	2022-11-08 05:50:25
BE22022762	8	1	남들에게 보이고 싶지 않은 순간을 적나라하게 보였으니 얼마나 당황스럽고 마음이 안 좋았을까. 나였어도 충분히 그런 감정을 느꼈을 것 같아. 이렇게 말하기도 어려웠을 텐데, 털어놓으려고 노력해 줘서 대견하다.	N	2022-09-29 17:57:43	2022-11-08 05:50:25
BE22022762	9	0	그 콧물이 떨어진 곳을 보더니 나와 눈이 마주치고, 그 승객이 다른 자리로 이동을 했어. 당황스러움에 내 두 눈을 어디에 둬야 할지도 모르겠고, 사실 아직도 너무 당황스럽고 부끄러워.	N	2022-09-29 17:57:43	2022-11-08 05:50:25
BE22022762	10	1	네가 당황스러웠을 그 기분 충분히 이해해. 그래도 그 승객은 네가 오히려 당황해는 게 보이니 편하게 피해준 것 같아. 그 승객도 너를 배려해서 한 행동이라고 생각하면 당황스러운 마음이 한결 나아질 것 같구나.	N	2022-09-29 17:57:43	2022-11-08 05:50:25
BE22022762	11	0	내 당황스러운 감정만을 생각해서 모든 그때의 상황을 곡해했는데, 언니의 생각이 맞는 것 같아. 좋은 조언 덕에 마음이 조금은 편해진 것 같아.	N	2022-09-29 17:57:43	2022-11-08 05:50:25
BE22022762	12	1	누구나 생리현상은 있고, 그래서 다들 이해하고 있을 거야. 또 앞으로도 당황스러운 일이 있으면 나에게 가장 먼저 얘기해줘. 우리 얘기하면서 서로 마음의 위안이 되어주자.	N	2022-09-29 17:57:43	2022-11-08 05:50:25
BE22022762	13	0	언니가 먼저 그렇게 말해주니까 더 친밀해지는 느낌이야. 나에게는 항상 든든한 버팀목이 있는 것 같아.	N	2022-09-29 17:57:43	2022-11-08 05:50:25
BE22022762	14	1	나도 나를 편하게 생각하고 이야기해주는 동생이 있어서 너무 좋아.	Y	2022-09-29 17:57:43	2022-11-08 05:50:25
