id	utterance_id	utterance_type	utterance_text	terminate	regDate	updDate
BE22016776	1	0	형, 지금 호텔인데 너무 당황스러운 일이 생겼어. 어떡하면 좋을지 모르겠어.	N	2022-08-31 07:49:18	2022-11-08 05:11:24
BE22016776	2	1	대체 숙소에서 무슨 일이 생겼길래 그렇게 당황했어?	N	2022-08-31 07:49:18	2022-08-31 07:49:18
BE22016776	3	0	혼자 여행을 왔는데 호텔 카드키를 방에 두고 나왔어. 잠시 바깥을 확인하려고 나온다는 게 문을 놔서 그대로 닫혔어. 너무 당황스러워서 어떡하면 좋을지 모르겠어.	N	2022-08-31 07:49:18	2022-08-31 07:49:18
BE22016776	4	1	이럴 때 동행인도 없어서 너무 당황스럽겠지만 분명 해결법이 있을 거야. 우선 진정하고 주변에 도움을 요청할 만한 사람을 찾아보면 어떨까? 잘 설명하면 도와주는 분이 계실지도 모르니까 너무 당황하지 마.	N	2022-08-31 07:49:18	2022-11-08 05:11:24
BE22016776	5	0	아무래도 카운터에 가야 할 것 같은데 잠깐 나오느라 옷도 제대로 못 입었어. 지나가는 사람도 안 보이고 카운터까지 내려가기 곤란한 옷차림이야. 카드키를 두고 나오다니 너무 당황스럽고 부끄러워.	N	2022-08-31 07:49:18	2022-08-31 07:49:18
BE22016776	6	1	카운터에 대신 내려가 줄 사람이 있다면 좋을 텐데 그렇지 않으니 나라도 많이 당황스러울 거야. 심지어 민망한 차림이라니 누군가 마주칠까 부끄럽겠지. 그렇지만 일단 상황을 먼저 해결하자고 생각하며 방법에 집중하면 마음이 많이 편해질 거야.	N	2022-08-31 07:49:18	2022-11-08 05:11:24
BE22016776	7	0	맞아. 어떡하지 형? 너무 당황스럽고 다른 사람과 부끄러운 차림으로 만날까 봐 아무것도 못 하겠어. 예전에도 호텔 카드키를 들고 집에 돌아온 적도 있었는데 말이야. 왜 나는 항상 이런 식으로 실수를 하는 걸까?	N	2022-08-31 07:49:18	2022-11-08 05:11:24
BE22016776	8	1	인생에선 의도치 않은 이유로 문제가 발생하고, 네 잘못이 아닌 경우도 많으니 자책 마. 그리고 과거는 바꿀 수 없지만, 현재와 미래는 바꿔 갈 수 있잖아. 분명 당황한 맘을 진정하면 아직 시도하지 않은 긍정적 해결책이 눈에 띌 거야.	N	2022-08-31 07:49:18	2022-11-08 05:11:24
BE22016776	9	0	그렇지만 지금 엘리베이터 움직이는 소리도 들려. 보이기라도 하면 상대도 나도 너무 당황스러울 거야. 지금으로서는 도저히 해결책이 있는 것 같지 않아.	N	2022-08-31 07:49:18	2022-08-31 07:49:18
BE22016776	10	1	만약 마주치더라도 순간 많이 당황할 수 있겠지만 잘 설명하면 분명 이해하실 거야. 그리고 아무것도 하지 않은 채 시간을 보낼수록 더 민망한 상황이 발생할 수 있잖아. 어차피 다시 보지 않을 사이라 생각하며 빨리 해결하자고 마음먹으면 마음이 많이 차분해질 거야.	N	2022-08-31 07:49:18	2022-11-08 05:11:24
BE22016776	11	0	형의 얘기를 듣고 나니 많이 차분해졌어. 이렇게 오랫동안 당황한 채로 있어도 일이 해결되지 않을 것 같아. 그럴 바에는 빨리 문제를 해결해버리는 게 역시 좋겠지?	N	2022-08-31 07:49:18	2022-11-08 05:11:24
BE22016776	12	1	물론이지. 지금은 몹시 당황스럽고 부끄럽겠지만 일단 일이 해결되고 시간이 지나면 즐거운 에피소드로 남을 거야. 그리고 이번 실수를 통해 다음을 대비하고 조심할 수 있겠지. 분명 잘 해결할 수 있을 테니 용기를 내.	N	2022-08-31 07:49:18	2022-11-08 05:11:24
BE22016776	13	0	덕분에 마음이 엄청나게 진정됐어. 그래, 어차피 이렇게 된 거 좀 웃긴 일이 있었다고 생각하며 빨리 해결하고 털어버려야겠어.	N	2022-08-31 07:49:18	2022-11-08 05:11:24
BE22016776	14	1	어쩌면 다른 투숙객과 만나지 않은 채 카운터에 도달할 수도 있잖아. 긍정적인 가능성을 믿으며 나아가 보자. 잘 해결되고 나면 방에서 편히 쉬며 웃어넘길 수 있을 거야, 힘내.	Y	2022-08-31 07:49:18	2022-11-08 05:11:24
