id	utterance_id	utterance_type	utterance_text	terminate	regDate	updDate
BE22001943	1	0	언니도 알고 있었어?	N	2022-06-17 10:42:18	2022-11-08 03:36:57
BE22001943	2	1	뜬금없이 그게 무슨 말이야?	N	2022-06-17 10:42:18	2022-11-08 03:36:58
BE22001943	3	0	아니 어떻게 아빠가 우리에게 이럴 수가 있어?	N	2022-06-17 10:42:18	2022-11-08 03:36:58
BE22001943	4	1	왜 그러는데? 아빠가 어떠시다는 건데?	N	2022-06-17 10:42:18	2022-11-08 03:36:58
BE22001943	5	0	글쎄 아빠에게 나보다 고작 세 살 어린 아들이 있었다는 거야. 어떻게 그 긴 시간동안 숨겨올 수가 있으며 엄마에게 아빠가 어떻게 그런 큰 잘못을 저지를 수가 있는 거냐고.	N	2022-06-17 10:42:18	2022-11-08 03:36:58
BE22001943	6	1	아 드디어 너도 알게 됐구나.어떻게 알게 된 거야? 나도 처음엔 믿어지지가 않았었는데. 너도 놀랐지?	N	2022-06-17 10:42:18	2022-11-08 03:36:58
BE22001943	7	0	언니는 알면서도 얘기를 안 했다고? 혹시 엄마가 딸만 낳았다고 구박하더니 그래서 밖에서 아들을 낳아온 거야? 이제 필요 없어진 엄마랑 우리는 길에 쫓겨나는 시나리오로 흘러가는 거고?	N	2022-06-17 10:42:18	2022-11-08 03:36:58
BE22001943	8	1	너 지금 너무 흥분 상태인 것 같아. 그렇게 비약하지 마. 그렇게 말하면 네 마음이 상처받고 우리 존재가 아무것도 아닌 것처럼 느껴지잖아.	N	2022-06-17 10:42:18	2022-11-08 03:36:58
BE22001943	9	0	나는 너무 불안하다고. 이제 아빠는 우리 아빠가 아니게 되는 거야? 새로 태어난 아들인가 뭔가가 이제 우리 자리를 대신하게 되는 거냐고.	N	2022-06-17 10:42:18	2022-11-08 03:36:58
BE22001943	10	1	아니야 그건. 나도 얼마 전에 안 사실이지만 순간의 실수로 아빠가 잘못을 저질렀고 엄마는 우리보다 훨씬 전에 알게 되셔서 이미 용서하고 없던 일로 덮기로 하신 거래. 나는 취업 때문에 구청에서 서류를 떼면서 알게 되었고 그 아이는 그 아이 엄마가 키우고 있다나봐.	N	2022-06-17 10:42:18	2022-11-08 03:36:58
BE22001943	11	0	아빠가 우리한테 어떻게 이럴 수가 있지? 난 아무래도 이해가 되지 않아. 그걸 용서한 엄마도 그렇고.	N	2022-06-17 10:42:18	2022-11-08 03:36:58
BE22001943	12	1	네가 지금 그러하듯 나도 처음에는 받아들여지지가 않더라. 근데 아빠와 사이가 유달리 좋은 너는 나보다 더하겠지. 우리 모두 실망했지만 아빠도 사람인지라 큰 실수를 하셨다고 용서를 빌고 반성하고 계시니까 우리도 조금만 화를 누그러뜨리고 기다려보자, 응?	N	2022-06-17 10:42:18	2022-11-08 03:36:58
BE22001943	13	0	나는 여전히 뭐가 뭔지 어떻게 해야 할지 모르겠어.	N	2022-06-17 10:42:18	2022-11-08 03:36:58
BE22001943	14	1	이해해. 이걸 받아들이기란 여간 어려운 일이 아닐 테니까. 우리가 살면서 겪은 첫 시련이니까. 그래도 우린 아무런 잘못한 것도 없으니 기죽거나 혼란스러워 하지 말자.	N	2022-06-17 10:42:18	2022-11-08 03:36:58
BE22001943	15	0	그래 가족 모두 모인 자리에서 대화해야 할 사안임에는 틀림없어.	N	2022-06-17 10:42:18	2022-11-08 03:36:58
BE22001943	16	1	그래. 네 말대로 자리를 마련해보자.	Y	2022-06-17 10:42:18	2022-11-08 03:36:58
