id	utterance_id	utterance_type	utterance_text	terminate	regDate	updDate
BE22006694	1	0	나 지금 당황스러워서 말이 안 나오는 상태야. 내가 요즘 좋아하는 드라마 특별 편이 없어. 어떻게 이런 일이 일어날 수가 있지?	N	2022-07-06 16:59:44	2022-11-08 04:07:34
BE22006694	2	1	많이 당황스럽겠다. 특별편이 빠진다면 이야기가 연결이 안 될 텐데. 나도 요즘 재밌게 보고 있는 드라마인데 엄청난 사건이다, 정말.	N	2022-07-06 16:59:44	2022-11-08 04:07:34
BE22006694	3	0	나도 혼란스러워서 특별편 촬영이 없는 건지 인터넷에 검색하고 있는데 아무것도 안 나와서 너무 속상해. 다른 사람들은 관심이 없는 것 같아서 나만 이렇게 당황스럽고 혼란스러운지 의문이 생길 정도라니까.	N	2022-07-06 16:59:44	2022-11-08 04:07:34
BE22006694	4	1	나도 너무 황당하다. 다른 사람들의 의견을 듣고 싶은데 SNS에서 검색해도 나오는 게 없네. 답답한 마음 정말 공감이 된다.	N	2022-07-06 16:59:44	2022-11-08 04:07:34
BE22006694	5	0	그렇지? 왜 검색을 해도 특별편이 빠졌다는 이야기가 없는 건지. 아무래도 제작사나 사이트에 직접 물어봐야지 해결이 될 것 같아.	N	2022-07-06 16:59:44	2022-11-08 04:07:34
BE22006694	6	1	좋은 생각이다. 역시 계획적이고 현실적인 방법을 강구하는 언니의 모습이 멋있어. 내가 예전부터 봐왔던 언니의 모습에서는 항상 적극적인 자세가 있었는데 여기서도 빛을 내는구나.	N	2022-07-06 16:59:44	2022-11-08 04:07:34
BE22006694	7	0	내가 답답해서 그런 건데 뭐. 그래도 이렇게 적극적으로 하다 보니 다른 어려운 일이 생기더라도 금방 해결할 방법이 생각나더라고. 동생인 네가 나를 인정해 준다고 생각이 드니까 괜히 쑥스럽기도 하고 기쁘기도 하다.	N	2022-07-06 16:59:44	2022-11-08 04:07:34
BE22006694	8	1	언니는 나 뿐만이 아니라 다른 타인들에게도 봉사하는 자세로 살아왔잖아. 정말 대단한 일이지. 난 항상 그런 자세를 부러워하기도 하고 자랑스럽기도 했다고.	N	2022-07-06 16:59:44	2022-11-08 04:07:34
BE22006694	9	0	고마워. 비록 드라마 특별 편으로 시작된 일이지만 네가 나를 자랑스러워하고 지지해 주니 용기가 더욱 생기네. 어서 제작사나 사이트에 문의해서 어떻게 된 일인지 알아봐야겠다.	N	2022-07-06 16:59:44	2022-11-08 04:07:34
BE22006694	10	1	응, 파이팅하고. 나는 언제나 언니를 지지하고 있다는 사실 잊지 마. 작아도 아무도 안 하는 일을 행동하는 언니는 정말 대단한 사람이야.	N	2022-07-06 16:59:44	2022-11-08 04:07:34
BE22006694	11	0	아무도 안 하는 일을 먼저 도전하는 것이 어려운 일이라는 것을 알아주니 고맙다. 이렇게 나를 믿어주는 사람이 있어서 적극적일 수 있었어. 동생아, 언제나 나를 지지해 준다는 말을 해줘서 정말 감동이야.	N	2022-07-06 16:59:44	2022-11-08 04:07:34
BE22006694	12	1	언니의 그런 말을 들으니 내가 더 감동받았어. 언니는 항상 어린 시절부터 나의 본보기여서 언니 껌딱지가 내 별명이었던 거 알지?	N	2022-07-06 16:59:44	2022-11-08 04:07:34
BE22006694	13	0	그랬지. 그때는 너를 보면서 더욱 올바른 길로 가야겠다는 생각을 했었어.	N	2022-07-06 16:59:44	2022-11-08 04:07:34
BE22006694	14	1	나를 보면서 마음을 다잡고 성장했다는 이야기를 들으니 마음이 울컥하네. 지금도 변하지 않은 언니의 고운 심성이 느껴져. 동생을 보면서 마음을 다잡았다는 말을 하기가 쉽지 않을 텐데 역시 언니는 마음이 참 넓어.	N	2022-07-06 16:59:44	2022-11-08 04:07:34
BE22006694	15	0	서로에 대한 고마운 마음을 확인할 수 있는 좋은 기회가 되어 정말 뿌듯하고 보람차다. 또 처음에 당황스럽고 혼란스러웠던 감정들이 많이 정리되었으니 사이트에 문의하는 방법으로 문제를 해결해야겠다. 도움이 많이 되었어. 동생아, 고마워.	Y	2022-07-06 16:59:44	2022-11-08 04:07:34
