id	utterance_id	utterance_type	utterance_text	terminate	regDate	updDate
BE22016041	1	0	언니, 나 지금 화장실인데 휴지가 없어서 너무 당황스러워. 10분 뒤에 회의 시작하는데 어쩌지? 대체 어떻게 해야 할지 너무 혼란스럽네.	N	2022-08-28 15:32:07	2022-11-08 05:06:49
BE22016041	2	1	저런, 동생아 네가 얼마나 놀랐을지 느껴진다. 화장실에서 휴지가 없는 것만큼 당황스러운 게 없지. 나였어도 멘털이 깨질 것 같은데, 회사에서 그러다니 당황스럽겠어.	N	2022-08-28 15:32:07	2022-11-08 05:06:49
BE22016041	3	0	응 맞아. 지금 식은땀이 흐르고 있어. 하, 상황만 보면 참으로 코믹한 상황인데, 나에게 일어난다니 있을 수 없는 일이야. 우선 정신을 잡아야 하는데 대체 어떻게 해야 할지 모르겠어.	N	2022-08-28 15:32:07	2022-11-08 05:06:49
BE22016041	4	1	평소라면 언니도 널 무지 놀리고 싶겠지만, 오늘은 참을게. 우선 침착하게 생각해보자 동생아. 너무 당황해하지 말고, 조금 마음을 편안하게 가졌으면 좋겠어, 별일 아니야!	N	2022-08-28 15:32:07	2022-11-08 05:06:49
BE22016041	5	0	응, 나도 그래야 하는 건 아는데 황당해서 웃음밖에 안 나오는 상황이네. 내가 늦게 참석하면 다들 기다리고 있을 텐데, 너무 마음이 착잡하다.	N	2022-08-28 15:32:07	2022-11-08 05:06:49
BE22016041	6	1	나라도 당연히 그랬을 거야. 이런 와중에도 팀원들이 널 기다리는 걸 먼저 생각하다니, 나도 속상하네. 동생아 누구나 살면서 한 번쯤 이런 일을 겪을 거니까, 너무 당황해하지 않았으면 좋겠네.	N	2022-08-28 15:32:07	2022-11-08 05:06:49
BE22016041	7	0	응 나도 최대한 이성을 잡으려고 하는데, 너무 당황해서 사고가 멈춘 것 같아. 우선 그냥 나가야 할 것 같은데, 팀원들에게 뭐라고 말해야 하지. 어떻게 말해야 그들이 나를 이해할지 잘 모르겠어.	N	2022-08-28 15:32:07	2022-11-08 05:06:49
BE22016041	8	1	네 맘 이해하지만, 그들이 어떤 반응을 하던 웃고 넘어갈 만한 사소한 일에 불과할 거니까 너무 걱정하지 마. 나중에 돌아보면 이건 하나의 재미있는 사건이었다고 생각하게 될 거야! 누가 들으면 웃을 수도 있지만, 일상에 던져진 하나의 코믹한 에피소드라고 생각해보는 건 어때?	N	2022-08-28 15:32:07	2022-11-08 05:06:49
BE22016041	9	0	그것도 괜찮을 것 같긴 하지만, 애초에 이런 일이 일어나지 않았더라면 참 좋았을 텐데 말이야. 어째서 나에게 이런 시련이 찾아온 건지 참 너무하군.	N	2022-08-28 15:32:07	2022-11-08 05:06:49
BE22016041	10	1	그러게, 하늘도 너무하시지. 왜 하필 화장실에 휴지가 없어서 안 그래도 시간 없는 네가 이런 일을 겪게 하는지 말이야. 회사 일만으로도 복잡할 텐데, 언니가 당장이라도 화장실로 달려가서 도와주고 싶은 심정이네.	N	2022-08-28 15:32:07	2022-11-08 05:06:49
BE22016041	11	0	그렇게라도 말해줘서 고마워 언니. 그래도 언니랑 이야기하고 나니까 조금은 긴장이 풀어지는 것 같아. 따지고 보면 하나의 재미있는 에피소드라고 생각하는 것도 괜찮은 것 같고.	N	2022-08-28 15:32:07	2022-11-08 05:06:49
BE22016041	12	1	휴, 네가 당황스러운 감정이 풀렸다니 정말 다행이야. 언니로서 최대한 네 긴장을 풀어주고 싶었는데, 성공한 것 같아서 좋네.	N	2022-08-28 15:32:07	2022-11-08 05:06:49
BE22016041	13	0	응, 맞아. 이런 일은 친구에게 말하기도 부끄럽고, 언니가 잘 들어줘서 고마워. 나중에 그냥 웃고 넘길 에피소드인 것 같아.	N	2022-08-28 15:32:07	2022-08-28 15:32:07
BE22016041	14	1	그래, 그렇다니깐. 나중에 너 집에 오면 이제 그때부터 놀려야지! 엄마에게도 일러주고 말이야.	N	2022-08-28 15:32:07	2022-11-08 05:06:50
BE22016041	15	0	허허, 너무하네, 정말. 그래도 덕분에 기분 풀려서 너무 좋다. 이따가 집 가서 보자, 언니!	Y	2022-08-28 15:32:07	2022-11-08 05:06:50
