id	utterance_id	utterance_type	utterance_text	terminate	regDate	updDate
BE22013996	1	0	나 요즘 회사에서 당황스러운 일들을 겪어. 너무 당황스러워서 정신이 없을 정도야.	N	2022-08-11 15:02:42	2022-11-08 04:54:05
BE22013996	2	1	너 새 회사로 이직한 지 얼마 안 됐잖아. 적응하기가 힘든 거야?	N	2022-08-11 15:02:42	2022-11-08 04:54:05
BE22013996	3	0	난 나름대로 적응하고 있다고 생각했는데 아닌가 봐. 오늘은 회의 끝나고 잠깐 화장실 다녀온 사이 사람들이 모두 사라져서 깜짝 놀라고 당황스러웠어. 나만 빼놓고 다들 점심을 먹으러 갔더라고.	N	2022-08-11 15:02:42	2022-11-08 04:54:05
BE22013996	4	1	그래? 그런 일이 있었다니 네가 어찌할 바도 모르고 정말 당황스러웠을 것 같아. 안 그래도 새로운 환경에 적응하느라 에너지를 많이 쏟고 있을 텐데 정신적으로도 피곤할 것 같아 안쓰러워.	N	2022-08-11 15:02:42	2022-11-08 04:54:05
BE22013996	5	0	응. 내가 무슨 실수라도 한 건가 싶어서 오늘 하루 내내 생각해봤는데 모르겠어.	N	2022-08-11 15:02:42	2022-11-08 04:54:05
BE22013996	6	1	네가 오늘 종일 마음고생이 심했을 것 같구나. 괜히 네가 뭘 잘못했나 눈치도 보이고 힘들었겠다. 그런데 이전 회사와 분위기가 달라서 네가 더 당황스럽게 느끼는 게 아닐까?	N	2022-08-11 15:02:42	2022-11-08 04:54:05
BE22013996	7	0	그런 것 같긴 해. 예전 회사는 서로한테 관심도 엄청 많고 항상 서로 잘 챙겨주는 분위기였거든.	N	2022-08-11 15:02:42	2022-08-11 15:02:42
BE22013996	8	1	그랬구나. 그럼 나라도 너처럼 혼자 다른 세상에 떨어진 것처럼 당황스럽고 외로웠을 거야. 이전 회사가 그립기도 하고 그런 마음이겠다. 그런데 곧 익숙해지고 적응될 테니 너무 걱정하지 마.	N	2022-08-11 15:02:42	2022-11-08 04:54:05
BE22013996	9	0	네가 그렇게 내 마음을 알아주니까 좀 위로가 된다. 그런데 내가 싫어서 그런 건 아니겠지?	N	2022-08-11 15:02:42	2022-11-08 04:54:05
BE22013996	10	1	당연하지. 네가 그런 걱정을 한다는 게 너무 마음이 아프다. 아무도 널 싫어해서 그런 게 아니야. 너무 당황하거나 조급하게 생각하지 말고 편안하게 마음을 가져봐.	N	2022-08-11 15:02:42	2022-11-08 04:54:05
BE22013996	11	0	알겠어. 네 말대로 이 분위기에 편안하게 적응해봐야겠어. 네 말을 들으니까 당황스러움이 많이 사라졌어.	N	2022-08-11 15:02:42	2022-11-08 04:54:05
BE22013996	12	1	네가 마음이 편해진 것 같아서 내 맘도 놓이네. 너는 어디에서든 사랑받는 성격이니까 사람들도 너를 더 알게 되면 금방 친해질 수 있을 거야. 언제나 자신감을 잃지 마.	N	2022-08-11 15:02:42	2022-11-08 04:54:05
BE22013996	13	0	네 말을 들으니까 힘도 나고 당황하고 외로운 마음이 사라졌어. 조언 정말 고마워.	N	2022-08-11 15:02:42	2022-11-08 04:54:05
BE22013996	14	1	응, 언제든 또 어려움을 느끼면 나한테 연락해. 언제든 들어줄게!	Y	2022-08-11 15:02:42	2022-08-11 15:02:42
