id	utterance_id	utterance_type	utterance_text	terminate	regDate	updDate
BE22004355	1	0	언니 오늘 아들이 학교를 그만두고 검정고시를 보겠다고 말하더라고요.	N	2022-06-27 15:27:40	2022-11-08 03:52:25
BE22004355	2	1	고등학교 졸업을 안 하고 검정고시를 본다고 했다고? 아이고 갑자기 그런 말을 들었으니 네가 속상했겠구나.	N	2022-06-27 15:27:40	2022-11-08 03:52:25
BE22004355	3	0	속상한 정도가 아니라 너무 당황스럽고 화가 나서 일단은 무조건 안 된다고 했어요.	N	2022-06-27 15:27:40	2022-11-08 03:52:25
BE22004355	4	1	그래 아무리 그래도 고등학교는 졸업을 해야지, 네가 단호하게 잘 말했다.	N	2022-06-27 15:27:40	2022-11-08 03:52:25
BE22004355	5	0	제가 아무리 그렇게 말해도 아들이 학교 다닐 맘이 전혀 없다는데 무슨 소용이 있겠어요?	N	2022-06-27 15:27:40	2022-11-08 03:52:25
BE22004355	6	1	아들이 왜 학교를 다니고 싶어 하지 않는데? 네 아들 공부도 잘하고 친구들하고도 잘 지내는 것 같은데?	N	2022-06-27 15:27:40	2022-11-08 03:52:25
BE22004355	7	0	공부 잘하죠. 근데 학교에서 더 이상 배울 것도 없고 필요하지도 않은 수업을 듣고 싶지 않다고 하더라고요. 정말 이해가 안 돼요.	N	2022-06-27 15:27:40	2022-11-08 03:52:25
BE22004355	8	1	당연히 이해가 되질 않지. 학교가 공부만 하려고 다니는 게 아닌데 입시 위주의 세상이 되니 애들이 그렇게 생각하기도 하는구나.	N	2022-06-27 15:27:40	2022-11-08 03:52:25
BE22004355	9	0	아무리 공부를 잘하면 뭐 해요? 학교에 다니면서 학창 시절의 추억도 쌓고 또 나중에 졸업하면 고등학교도 얼마나 중요해요.	N	2022-06-27 15:27:40	2022-11-08 03:52:25
BE22004355	10	1	너도 덩달아 화내면 네 진심이 아들에게 전달이 안 될 수도 있잖니. 무조건 안 된다고만 화내며 말하지 말고, 고등학교 다니는 모든 순간이 소중한 추억이 될 거라고 말해봐.	N	2022-06-27 15:27:40	2022-11-08 03:52:25
BE22004355	11	0	공부만 중요하고 학교는 소홀하게 생각하고 있어서, 나도 모르게 화나서 더 이상 말을 못 했어요.	N	2022-06-27 15:27:40	2022-11-08 03:52:25
BE22004355	12	1	그래 잘했어. 아들에게 네가 허락할 충분한 이유를 정리해서 오라고 하고 너도 반대하는 이유를 말하면서 대화로 해야지.	N	2022-06-27 15:27:40	2022-11-08 03:52:25
BE22004355	13	0	갑자기 들은 얘기라 일단 뭐라고 해야 할지 머릿속이 뒤죽박죽이에요.	N	2022-06-27 15:27:40	2022-11-08 03:52:25
BE22004355	14	1	지금 너무 혼란스럽겠지만 네가 아들하고 싸울 일은 아닌 것 같아. 왜 그러는지 이해해 주고 맛있는 간식을 챙겨주며 고민하겠다고 말하며 아들 맘을 잘 다독여주길 바라.	N	2022-06-27 15:27:40	2022-11-08 03:52:25
BE22004355	15	0	그러니까요 이건 싸운다고 해결될 일이 아니고 서로를 이해하고 존중해야 할 상황인 거 같아요. 고마워요, 언니.	Y	2022-06-27 15:27:40	2022-11-08 03:52:25
