id	utterance_id	utterance_type	utterance_text	terminate	regDate	updDate
BE22013586	1	0	나 어떡하면 좋지? 너무 걱정돼. 이런 상황 처음이라 정말 당황스럽다.	N	2022-08-09 07:27:05	2022-11-08 04:51:23
BE22013586	2	1	무슨 일 있어? 나한테 다 말해봐.	N	2022-08-09 07:27:05	2022-08-09 07:27:05
BE22013586	3	0	오늘 첫 출근 날인데 날씨가 너무 안 좋아. 안개가 가득해서 앞이 잘 안 보일 정도야.	N	2022-08-09 07:27:05	2022-08-09 07:27:05
BE22013586	4	1	괜찮아? 첫 출근이라 안 그래도 긴장도 많이 했을 거잖아. 운전할 때도 신경을 많이 써야 해서 피곤하겠다. 나였어도 초조하고 안절부절못하는 마음이었을 거야.	N	2022-08-09 07:27:05	2022-11-08 04:51:23
BE22013586	5	0	그것도 그런데 안개 때문에 출근길이 많이 막혀서 걱정이야. 첫 출근이라 빨리 나왔는데도 벌써 시간이 간당간당해서 너무 당황스러워. 이러다 지각이라도 하면 어떡하지?	N	2022-08-09 07:27:05	2022-08-09 07:27:05
BE22013586	6	1	너의 상황이 저절로 눈앞에 그려진다. 왜 하필 오늘 같은 날 이러는 건지 세상이 야속할 것 같아. 이런 상황이라면 누구라도 눈앞이 아찔해질 거야.	N	2022-08-09 07:27:05	2022-11-08 04:51:23
BE22013586	7	0	딱 그런 심정이야. 아까부터 도로 위에서 얼마 움직이지도 못했어. 차 안에서 혼자 덩그러니 남겨져 있으니까 부정적인 생각이 마구 드네.	N	2022-08-09 07:27:05	2022-11-08 04:51:23
BE22013586	8	1	곤란한 상황에 함께 할 누군가가 있으면 의지라도 할 수 있을 텐데 말이야. 혼자 남겨진 너의 마음이 얼마나 불안할지 상상도 못 하겠어. 날씨가 참 야속하다.	N	2022-08-09 07:27:05	2022-11-08 04:51:23
BE22013586	9	0	출근 첫날부터 지각해서 상사나 동료들에게 안 좋은 인상을 남길 생각을 하니까 너무 우울해. 내가 너무 안일하게 생각해서 이런 일이 일어난 것 같아서 정말 후회가 되네.	N	2022-08-09 07:27:05	2022-11-08 04:51:23
BE22013586	10	1	평소보다 빨리 출발했는데도 이렇게 되어서 정말 무력감을 느낄 것 같아. 하지만 난 너만큼 성실한 사람은 본 적이 없거든. 오늘의 실수도 너의 그 성실함으로 가려질 수 있을 테니 너무 걱정하지 마.	N	2022-08-09 07:27:05	2022-11-08 04:51:23
BE22013586	11	0	정말 그럴까? 하지만 사람은 단편적인 모습만 보이는 법이잖아. 사정이 있었다고는 하지만 지각한다면 좋게 보이진 않을 것 같아서 걱정됐거든.	N	2022-08-09 07:27:05	2022-11-08 04:51:23
BE22013586	12	1	난 너처럼 성실하고 준비성 철저한 사람을 본 적이 없어. 그런 네가 힘들어하는 모습을 보니까 정말 마음이 안 좋네. 안개 때문에 출근길이 심하게 밀렸다는 것을 말하면 크게 문제 되진 않을 거야. 기운을 내.	N	2022-08-09 07:27:05	2022-11-08 04:51:23
BE22013586	13	0	그래도 네가 위로해주니까 마음이 좀 편해진다. 역시 차 안에서 발만 동동 구르고 있으면 안 되겠지. 미리 상사에게 연락해서 차가 밀린다는 것을 알려야겠어.	N	2022-08-09 07:27:05	2022-11-08 04:51:23
BE22013586	14	1	잘 생각했어. 너의 성실함이 면접관들의 마음을 울렸으니 합격한 거 아니겠어? 너무 자책하지 말고 오늘도 힘을 내보자.	N	2022-08-09 07:27:05	2022-11-08 04:51:23
BE22013586	15	0	고마워. 네 덕분에 용기가 난다.	Y	2022-08-09 07:27:05	2022-11-08 04:51:23
