id	utterance_id	utterance_type	utterance_text	terminate	regDate	updDate
BE22013101	1	0	나이가 들어서 그런지 요새 하품할 때 소리가 나서 당황스러워.	N	2022-08-04 01:06:21	2022-11-08 04:48:23
BE22013101	2	1	너도 그렇구나! 나도 그럴 때가 한두 번이 아니야. 너무 당황스럽고 민망해.	N	2022-08-04 01:06:21	2022-11-08 04:48:23
BE22013101	3	0	하품하다가 이상한 소리가 나면 내가 깜짝깜짝 놀란다니까. 옆 사람들이 너무 신경 쓰이는 거야.	N	2022-08-04 01:06:21	2022-11-08 04:48:23
BE22013101	4	1	난 옆 사람들 눈치를 보게 돼서 한동안은 사람 만나는 걸 피하고 싶었어.	N	2022-08-04 01:06:21	2022-11-08 04:48:23
BE22013101	5	0	어느 순간 내가 예전에 노인들을 바라보던 시선이 떠오르더라고. 노인들이 소리 내면서 하품하면 마음속으로, 조심 좀 하지, 왜 저럴까 하고 생각했거든.	N	2022-08-04 01:06:21	2022-11-08 04:48:23
BE22013101	6	1	그때는 나랑은 거리가 먼 노인들이라고 생각했고, 내가 그런 행동을 하리라고는 상상도 못 했지. 젊었던 그때는, 나도 그렇게 될 수 있다는 걸 전혀 생각하지 못했지.	N	2022-08-04 01:06:21	2022-11-08 04:48:23
BE22013101	7	0	집에서는 식구들끼리 있으니까 그냥 뭐 그러려니 할 수도 있잖아. 근데 모임에 나갔는데 하품하다 그런 이상한 소리가 나면 창피해서 죽겠어.	N	2022-08-04 01:06:21	2022-11-08 04:48:23
BE22013101	8	1	근데 누군들 안 그러겠니. 천하 누구라도 노화는 막지 못하는 거잖아. 처음엔 너무 당황스러웠더라고 이제는 좀 편하게 받아들이는 게 좋을 것 같아.	N	2022-08-04 01:06:21	2022-11-08 04:48:23
BE22013101	9	0	나 늙었소, 하고 소문내고 싶지 않단 말이야. 난 운동도 꾸준히, 열심히 해서 밖에 나가면 나이보다 젊어 보인다고 하거든! 아직 30대 같다는 소리도 듣는단 말이야!	N	2022-08-04 01:06:21	2022-11-08 04:48:23
BE22013101	10	1	하하, 그런 마음이면 충분해. 그렇게 마음이 젊게 사는데 그깟 하품 소리가 뭐 그리 대수겠어. 너무 걱정하지 않아도 괜찮아.	N	2022-08-04 01:06:21	2022-11-08 04:48:23
BE22013101	11	0	그렇게 말해줘서 고마워. 맞아. 내 마음가짐의 문제겠지?	N	2022-08-04 01:06:21	2022-11-08 04:48:24
BE22013101	12	1	신체적인 현상은 누구에게나 자연스러운 것이니 순응하면서 살자. 거기다 너처럼 그렇게 젊은 마음을 가지고 멋지게 살면 뭐가 문제겠어.	N	2022-08-04 01:06:21	2022-11-08 04:48:24
BE22013101	13	0	그래, 좋아, 오케이. 남의 시선 의식하지 않고, 그냥 있는 그대로 나답게 살겠어!	N	2022-08-04 01:06:21	2022-11-08 04:48:24
BE22013101	14	1	와, 그런 긍정의 마음, 그게 너의 극한의 장점이잖아. 	Y	2022-08-04 01:06:21	2022-11-08 04:48:24
