id	utterance_id	utterance_type	utterance_text	terminate	regDate	updDate
BE22015212	1	0	제가 평소에도 사람 얼굴을 잘 구분 못하죠? 병원에 가서 검사라도 받아봐야 할지 고민이네요.	N	2022-08-22 14:42:03	2022-08-22 14:42:03
BE22015212	2	1	에이 뭘 그런 걸로 병원까지 갈 생각을 하고 그러세요. 저는 감정화자씨한테 별문제 없다고 생각하는데요.	N	2022-08-22 14:42:03	2022-08-22 14:42:03
BE22015212	3	0	오늘 낯모르는 사람이 엄청나게 반기면서 인사를 하는데 당황스럽더라고요. 전혀 모르는 사람이라 얼이 나가서 허둥지둥했지 뭐예요.	N	2022-08-22 14:42:03	2022-11-08 05:01:41
BE22015212	4	1	갑작스럽고 어리둥절한 상황이라 깜짝 놀라서 어쩔 줄 모르셨겠어요. 상대가 반갑게 인사하는데 모르는 사람이면 당혹스러워서 식은땀이 줄줄 날 만하죠.	N	2022-08-22 14:42:03	2022-11-08 05:01:41
BE22015212	5	0	이 정도면 제가 진지하게 안면인식장애가 있는 게 아닐까요? 사람 얼굴을 기억 못 해서 곤혹스러운 상황이 생긴 게 한두 번이 아니었거든요. 그럴 때마다 부끄러워서 쥐구멍에라도 숨고 싶은 기분이거든요.	N	2022-08-22 14:42:03	2022-08-22 14:42:03
BE22015212	6	1	민망한 일을 반복적으로 맞닥뜨리셨으니 충분히 당황하실만해요. 그래도 저는 낯을 익히기까지 시간이 좀 필요한 것뿐이라고 생각하니까 너무 마음 쓰지 마세요.	N	2022-08-22 14:42:03	2022-11-08 05:01:41
BE22015212	7	0	공감화자씨처럼 이해해 주시는 분들만 있으면 저도 그렇게 신경 쓰지 않았을 거예요. 근데 반갑게 다가왔다가 제가 전혀 누군지 못 알아보면 크게 실망하거나 기분 상하시는 분들이 계시거든요. 그러면 저도 무안해서 어쩔 줄 모르겠어요.	N	2022-08-22 14:42:03	2022-08-22 14:42:03
BE22015212	8	1	감정화자씨 본인의 심정도 답답하고 불편할 텐데 다른 분들의 감정까지 신경 쓰느라 고생이 많으세요. 모르는데 아는 척하기도 그렇고 계속 모르는 티를 내기도 그렇고, 진퇴양난이네요. 매번 어지러운 기분이실 테니 정말 고생이 많으세요.	N	2022-08-22 14:42:03	2022-11-08 05:01:41
BE22015212	9	0	그렇죠. 뭐가 최선의 방법인지 모르겠어요. 늘 같은 문제가 생겨서 당황하게 되니까 차라리 병명 진단이라도 받으면 편해질까 싶은 생각이 들더라고요. 그러면 사람들한테 안면인식장애가 있다고 말하기는 쉬울 거 아니에요.	N	2022-08-22 14:42:03	2022-08-22 14:42:03
BE22015212	10	1	그럼 차라리 솔직하게 누구신지 기억이 잘 안 난다고 직접 말씀드려보면 어떨까요? 그러면 마음이 한결 가볍고 편안하지 않을까요?	N	2022-08-22 14:42:03	2022-11-08 05:01:41
BE22015212	11	0	상대방은 기쁘게 맞이해주는데 제가 거기다가 누군지 기억이 안 난다고 하면 기분이 나쁠까 봐 걱정돼서요. 너그러이 받아들여 주실 분이 몇 명이나 있을지 몰라서 시도를 안 해봤어요.	N	2022-08-22 14:42:03	2022-11-08 05:01:41
BE22015212	12	1	문제없이 잘 진행될 테니 걱정하지 마세요. 감정화자씨가 진솔하게 접근하시면 그분들도 충분히 이해하실 테니까 마음 쓰지 말고 편히 생각하세요. 감정화자씨를 반길 만큼 기껍게 생각하시는 분들이니 잘 풀릴 거예요.	N	2022-08-22 14:42:03	2022-11-08 05:01:41
BE22015212	13	0	공감화자씨가 이렇게 말씀해 주시니 이야기해 볼 용기가 나네요. 매번 당황해서 우왕좌왕했는데 그러지 말고 정신 잘 차리고 이야기를 해봐야겠다는 생각이 들어요. 덕분에 한결 마음이 가벼워져서 정말 편안한 기분이네요.	N	2022-08-22 14:42:03	2022-08-22 14:42:03
BE22015212	14	1	도움이 되었다니 저도 안심이에요. 첫발 내딛는 게 어렵지, 이후에는 잘 해결될 테니 힘내세요.	N	2022-08-22 14:42:03	2022-11-08 05:01:41
BE22015212	15	0	오늘 이야기 들어줘서 고마워요, 공감화자씨. 자신감 충전하고 열심히 부딪혀볼게요.	Y	2022-08-22 14:42:03	2022-11-08 05:01:41
