id	utterance_id	utterance_type	utterance_text	terminate	regDate	updDate
BE22012837	1	0	나 어떡하지? 지금 해안 도로를 운전하다가 너무 당황스러운 일이 생겼어.	N	2022-08-02 04:29:11	2022-11-08 04:46:44
BE22012837	2	1	왜? 무슨 일인데? 네가 그러니까 나도 걱정된다.	N	2022-08-02 04:29:11	2022-11-08 04:46:44
BE22012837	3	0	운전하다가 타이어에 못이 박혀버려서 지금 어떻게 해야 할지 모르겠어. 너무 당황스러워.	N	2022-08-02 04:29:11	2022-11-08 04:46:44
BE22012837	4	1	나도 예전에 예기치 못한 사고가 생겨서 당황했던 적이 있어서 그 기분 잘 알아. 네가 혼란스러웠을 걸 생각하니까 나도 덩달아서 걱정이 되네. 나였어도 당연히 많이 놀랐을 거야.	N	2022-08-02 04:29:11	2022-11-08 04:46:44
BE22012837	5	0	응. 지금 도로 한 중앙에서 일어난 일이라서 일단 갓길에 세워두긴 했거든. 근데 너무 당황해서 이다음 어떻게 해야 할지 모르겠어. 어떡하지?	N	2022-08-02 04:29:11	2022-11-08 04:46:44
BE22012837	6	1	정말 당황했겠다. 너는 이런 일도 처음이니까 얼마나 당황했을지 지금 예상이 가. 일단 자동차 보험 회사에 전화를 걸어보는 거 어때? 이러한 상황이 있을 때 잘 해결해줄 거야.	N	2022-08-02 04:29:11	2022-11-08 04:46:44
BE22012837	7	0	알았어. 일단 옆에 같이 탄 사람한테 전화해달라고 부탁했어. 그다음 어떡하지? 내 차는 괜찮은 걸까?	N	2022-08-02 04:29:11	2022-11-08 04:46:44
BE22012837	8	1	타이어에 못이 박힌 것뿐이니까 그 못을 빼고 타이어만 교체하면 괜찮을 거야. 충분히 일어날 수 있는 일이고 금방 복구할 수 있으니까 너무 걱정하지 마. 충분히 누구에게 일어날 수 있는 일이고 너의 잘못으로 일어난 일이 아니니까 너를 자책하지도 말고.	N	2022-08-02 04:29:11	2022-11-08 04:46:44
BE22012837	9	0	그러면 진짜 좋겠다. 정말 바보같이 왜 도로에 못이 있는 걸 못 봐서 이런 일이 생기는지. 이런 황당한 상황에 휘말리게 만든 내가 너무 원망스러워.	N	2022-08-02 04:29:11	2022-11-08 04:46:44
BE22012837	10	1	이번 기회를 통해서 다음에 중요한 일이 있을 때 일어날 일을 미리 액땜했다고 생각하면 어떨까? 네가 잘못해서 이런 일이 생긴 거라고 생각하지 않는 거지. 대신 다음에 일어날 사고를 미리 막은 거라고 생각하면 너의 마음이 좀더 편해지지 않을까?	N	2022-08-02 04:29:11	2022-11-08 04:46:44
BE22012837	11	0	그렇게 생각해보니까 또 그런 것 같긴 하네. 그렇게 말해줘서 고마워. 너무 정신없는 와중에 자꾸 나를 탓하게 되었던 것 같네.	N	2022-08-02 04:29:11	2022-11-08 04:46:44
BE22012837	12	1	일단 너도 놀랐을 것 같은데 마음 가라앉히고 보험 회사에서 처리해줄 때까지 기다려보자. 잘 될 거니까 걱정하지 말고. 나도 응원하고 있을게.	N	2022-08-02 04:29:11	2022-11-08 04:46:44
BE22012837	13	0	고마워. 네 덕분에 좀 마음이 진정되고 어떻게 해야 할지 알 것 같아.	N	2022-08-02 04:29:11	2022-11-08 04:46:44
BE22012837	14	1	그렇다니 다행이야. 혹시 또 무슨 일 있으면 언제든지 연락해.	Y	2022-08-02 04:29:11	2022-11-08 04:46:44
