id	utterance_id	utterance_type	utterance_text	terminate	regDate	updDate
BE22003869	1	0	공감화자님, 이번에 저 초등학교 교사로 부임했어요.	N	2022-06-26 11:13:50	2022-11-08 03:49:19
BE22003869	2	1	얼른 일하고 싶다 하시더니 정말 잘 된 일이네요.	N	2022-06-26 11:13:50	2022-11-08 03:49:20
BE22003869	3	0	네, 정말 천운이었어요. 근데 막상 출근하고 나니 너무 당황스럽네요.	N	2022-06-26 11:13:50	2022-11-08 03:49:20
BE22003869	4	1	예전부터 원했던 초등학교 선생님이 되신 거잖아요. 행복하고 기쁘실 거라 생각했는데, 아닌가요?	N	2022-06-26 11:13:50	2022-11-08 03:49:20
BE22003869	5	0	저도 학생들을 만날 생각에 정말 기대했었고 설렜는데요. 실제로 학생들과 대화를 해보니 무슨 말을 하는 건지 알아들을 수가 없더라고요. 생전 처음 듣는 단어가 많아서 너무 당황스러웠어요.	N	2022-06-26 11:13:50	2022-11-08 03:49:20
BE22003869	6	1	기대심에 차서 처음으로 출근했는데 학생들의 말을 이해하지 못했다니 정말 많이 당황스러웠겠어요. 나였어도 그 상황이면 많이 곤란했을 거 같아요.	N	2022-06-26 11:13:50	2022-11-08 03:49:20
BE22003869	7	0	맞아요, 저는 친해지고 싶었는데 서로 대화가 안 통하니 힘들더라고요.	N	2022-06-26 11:13:50	2022-11-08 03:49:20
BE22003869	8	1	안그래도 요즘 학생들이 신조어를 엄청 많이 사용한다 들었어요. 그런데 대화 자체가 안 될 줄이야, 감정화자님의 얘길 들어도 실감이 나지 않을 정도네요. 혹시 대화할 때 바로 무슨 뜻이냐고 물어보는 건 어떠세요?	N	2022-06-26 11:13:50	2022-11-08 03:49:20
BE22003869	9	0	이미 대화할 때 학생한테 단어 뜻을 물어봤었어요. 근데 학생들이 선생님 어떻게 단어 뜻을 모르냐고 오히려 저를 무시하듯 말하더라고요.	N	2022-06-26 11:13:50	2022-11-08 03:49:20
BE22003869	10	1	감정화자님은 친해지고 싶은 맘에 물어봤을텐데, 학생들이 무시해서 당황스러우셨겠어요. 나였으면 당황스러워서 학생들이랑 마주치지 않으려고 했을 것 같아요.	N	2022-06-26 11:13:50	2022-11-08 03:49:20
BE22003869	11	0	전 오히려 신조어를 배우고 싶다는 생각이 들더라고요. 열심히 배워서 당황스러움을 이겨내고 학생들과 친해지고 싶거든요.	N	2022-06-26 11:13:50	2022-11-08 03:49:20
BE22003869	12	1	감정화자님의 말도 일리가 있다고 생각해요. 하지만 친해지는 게 목표라면 신조어 공부가 아닌 다른 방법으로 우선 친해지는 건 어때요?	N	2022-06-26 11:13:50	2022-11-08 03:49:20
BE22003869	13	0	그것도 좋은 방법같네요. 다른 방법으로 친해져도 많은 대화를 하게 될 테니까 신조어도 자연스레 배울 수 있겠네요.	N	2022-06-26 11:13:50	2022-11-08 03:49:20
BE22003869	14	1	맞아요, 감정화자님의 학생들과 친밀해지고 싶다는 생각이 정말 멋진 것 같아요. 정말 존경스러울 정도예요.	N	2022-06-26 11:13:50	2022-11-08 03:49:20
BE22003869	15	0	뭘요, 당연한 거라 생각했는데 칭찬해주시니 몸둘 바를 모르겠어요. 다음 수업시간에 친해질 수 있도록 해야겠어요.	N	2022-06-26 11:13:50	2022-11-08 03:49:20
BE22003869	16	1	감정화자님이 빨리 학생들과 친해지셔서 신조어를 금방 익혔으면 좋겠어요.	N	2022-06-26 11:13:50	2022-11-08 03:49:20
BE22003869	17	0	네, 힘내 보겠습니다. 고민 들어주셔서 감사해요.	Y	2022-06-26 11:13:50	2022-11-08 03:49:20
