id	utterance_id	utterance_type	utterance_text	terminate	regDate	updDate
BE22012917	1	0	나 요즘 따라 열등감이 심해진 것 같아. 전에는 이러지 않았는데 너무 당황스러워.	N	2022-08-02 11:22:04	2022-11-08 04:47:14
BE22012917	2	1	뭐? 갑자기 왜? 무슨 일 있어?	N	2022-08-02 11:22:04	2022-11-08 04:47:14
BE22012917	3	0	그냥. 툭하면 항상 남들과 나를 비교하게 돼. 요새 하는 일도 안 풀려서 힘든데 주변에서는 다들 승승장구하니까 부러운 건가. 어휴, 네가 보기에도 나 너무 한심하지?	N	2022-08-02 11:22:04	2022-11-08 04:47:14
BE22012917	4	1	아니, 전혀. 나도 비슷한 일을 겪어봐서 그 기분을 알아. 어디 쉽게 털어놓지도 못하고 혼자서 맘고생 많이 했겠다. 많이 힘들었지?	N	2022-08-02 11:22:04	2022-11-08 04:47:14
BE22012917	5	0	응, 가끔은 남들과 달리 무능한 나를 원망하기도 해. 나는 이제 그나마 잘 유지하던 대인관계도 망치고 점점 고립되는데. 나 빼고 다른 사람들은 전부 행복해 보여.	N	2022-08-02 11:22:04	2022-11-08 04:47:14
BE22012917	6	1	마음이 너무 괴로우면 그럴 수 있다고 생각해. 그렇지만, 자책이 분명 건강한 행동은 아니잖아? 나는 네가 너를 조금만 더 사랑해줬으면 좋겠어.	N	2022-08-02 11:22:04	2022-11-08 04:47:14
BE22012917	7	0	내가 그럴 만한 사람이 아닌데 어떻게 그래? 나는 열등하고 별 볼 일 없는 평범한 사람인데.	N	2022-08-02 11:22:04	2022-11-08 04:47:14
BE22012917	8	1	그렇지 않아. 나는 적어도 네가 이런 문제를 인식하고 나한테 말해준 것부터 대단하다고 생각해. 자신의 속마음을 얘기하는 일에는 용기가 필요하잖아? 그것만으로도 너는 충분히 더 발전할 수 있는 사람이야.	N	2022-08-02 11:22:04	2022-11-08 04:47:14
BE22012917	9	0	그런 말은 처음 들어보는데... 나는 그동안 주변 사람들에게 이런 얘기를 했다가 항상 열등감 덩어리라고 욕만 먹었거든.	N	2022-08-02 11:22:04	2022-11-08 04:47:14
BE22012917	10	1	사람들은 잘 몰라. 열등감을 느끼는 것은 사실 아주 자연스러운 일인데. 열등감이 있으니 우리는 경쟁을 하고, 경쟁을 통해 우리는 더욱 발전할 수 있어.	N	2022-08-02 11:22:04	2022-11-08 04:47:14
BE22012917	11	0	그런가. 그럼 내가 느끼는 감정이 이상한 게 아니야? 남들도 다 이런 마음을 느끼나?	N	2022-08-02 11:22:04	2022-11-08 04:47:14
BE22012917	12	1	응, 맞아. 당연히 정도의 차이는 있겠지만, 아무튼 스스로 받아들이기 마련인 거야. 그러니 열등감 때문에 너무 스트레스받지 않았으면 좋겠어. 그 대신 너를 더 아껴주고 사랑하다 보면, 언젠간 네가 인식하는 문제들도 차차 해결될 거야.	N	2022-08-02 11:22:04	2022-11-08 04:47:15
BE22012917	13	0	응, 알겠어. 네 말 들으니까 생각이 좀 달라진 것 같다. 노력해볼게. 얘기 들어줘서 고마워.	N	2022-08-02 11:22:04	2022-11-08 04:47:15
BE22012917	14	1	그래. 항상 응원할게.	Y	2022-08-02 11:22:04	2022-11-08 04:47:15
