id	utterance_id	utterance_type	utterance_text	terminate	regDate	updDate
BE22014838	1	0	나는 아들만 셋인데 또 아들이야. 이번에는 의사 선생님도 딸일 것 같다고 해서 성별 검사는 안 했거든. 너무 당황스러워.	N	2022-08-19 06:34:07	2022-08-19 06:34:07
BE22014838	2	1	드디어 순산했구나. 열 달 동안 너무 고생 많았어. 멋진 왕자님이 태어났다니 너무 기쁘다.	N	2022-08-19 06:34:07	2022-11-08 04:59:23
BE22014838	3	0	나도 아이 자체는 너무 예쁘고 좋은데, 아들만 줄줄이 있어서 좀 외로운 부분이 있어. 딸이 있었다면 내 고민도 털어놓고, 쇼핑하러 함께 가기도 할 텐데 말이야. 지금 이 상황이 너무 당황스러워.	N	2022-08-19 06:34:07	2022-11-08 04:59:23
BE22014838	4	1	임신 초기 때부터 딸을 원했던 걸 알아서 그런지 네 마음이 이해돼. 하지만 요즘은 아들 한 명이 열 딸 안 부럽단 말도 있잖아. 마음을 조금 가볍게 가지면 어떨까?	N	2022-08-19 06:34:07	2022-11-08 04:59:23
BE22014838	5	0	난 사실 아이를 넷이나 낳을 생각이 없었는데 딸이 갖고 싶어서 무리했거든. 그래서 그런지 더 당황스러운 것 같아. 앞으로 남은 인생이 외롭진 않을까?	N	2022-08-19 06:34:07	2022-11-08 04:59:23
BE22014838	6	1	너는 공감 능력이 뛰어나서 대화하는 걸 좋아하니 아쉬울 수도 있을 것 같아. 딸들이 엄마랑 말도 많이 한다고들 하니까. 하지만 마음을 조금 더 편안하게 먹어보는 건 어떨까?	N	2022-08-19 06:34:07	2022-11-08 04:59:23
BE22014838	7	0	아이들도 조금 아쉬운 눈치야. 자기들끼리 매번 싸우고 시끄럽게 노니까 여동생이 있기를 바랐던 것 같거든. 큰애는 아예 대놓고 서운해하더라고.	N	2022-08-19 06:34:07	2022-08-19 06:34:07
BE22014838	8	1	어머. 아들 셋도 너랑 같은 마음이었던 거 보면 아쉬움이 클 수도 있겠다. 얘기를 듣다 보니 아쉬운 마음도 이해가 돼. 하지만 나중에는 아들들과 웃으면서 딸 필요 없단 얘기를 하지 않을까?	N	2022-08-19 06:34:07	2022-11-08 04:59:23
BE22014838	9	0	과연 그럴까? 나는 지금도 혼자 육아를 하는 게 외롭거든.	N	2022-08-19 06:34:07	2022-08-19 06:34:07
BE22014838	10	1	아무래도 애들이 한창 크는 시기여서 네가 많이 힘들 것 같아. 아들 셋이 또 활기찬 성격이라 통제하기 어렵다고 했잖아. 하지만 이 시간도 금세 지나갈 거니 너무 염려하지 마!	N	2022-08-19 06:34:07	2022-11-08 04:59:23
BE22014838	11	0	하긴, 애들 크는 거 순식간이라고 하던데 내가 지금이 힘들어서 그랬나 봐. 이제 막 태어난 아이를 보고 실망했다는 사실도 너무 창피하고 미안하기만 하네.	N	2022-08-19 06:34:07	2022-08-19 06:34:07
BE22014838	12	1	네가 그동안 외로웠고, 또 딸을 기대했으니 당연한 게 아닐까? 나는 네 마음이 충분히 이해되는걸. 너는 현명하고 사랑이 많은 사람이니 금세 아이와 가까워질 수 있을 거야.	N	2022-08-19 06:34:07	2022-11-08 04:59:23
BE22014838	13	0	내가 멋진 왕자를 넷이나 두고 괜한 고민을 한 것 같아. 네 말을 듣고 나니 지금 왜 그런 고민을 했나 싶어. 마음이 훨씬 가뿐해졌어, 고마워!	N	2022-08-19 06:34:07	2022-11-08 04:59:24
BE22014838	14	1	나도 너와 대화를 나누는 내내 좋았어. 산후조리 끝나면 집으로 놀러 갈게!	Y	2022-08-19 06:34:07	2022-08-19 06:34:07
