id	utterance_id	utterance_type	utterance_text	terminate	regDate	updDate
BE22009160	1	0	와 나 진짜 이 사람을 어떻게 하면 좋지? 정말 그 사람은 왜 그러는 건지 너무 화가 나.	N	2022-07-15 07:36:44	2022-11-08 04:23:19
BE22009160	2	1	너 쫒아 다닌다는 그 스토커 아직도 그래? 세상에 얼마나 무서울까. 아는 사람도 아니고 그냥 일로 만난 사이인데 왜 너에게 자꾸 집착 하는 거야. 사람 불안하게.	N	2022-07-15 07:36:44	2022-11-08 04:23:19
BE22009160	3	0	그러니까 정말 어쩔 줄을 모르겠어. 이제는 점점 정도가 심해져서 매주 공연 티켓을 보내와. 내가 같이 갈 때까지 계속하겠대.	N	2022-07-15 07:36:44	2022-11-08 04:23:19
BE22009160	4	1	공연 티켓을 매주 보내온다고? 진짜 왜 그런대, 거절하는 것도 한두 번이지, 몹시 부담스럽고 무서울 거 같은데. 그 사람은 그걸 모르는가 봐.	N	2022-07-15 07:36:44	2022-11-08 04:23:19
BE22009160	5	0	응 본인은 정말 순수한 호의라고 그러더라고. 그런데 나는 이제 두려운 걸 넘어서 그 사람한테 혐오감이 들어.	N	2022-07-15 07:36:44	2022-11-08 04:23:19
BE22009160	6	1	나 같아도 정말 그럴 것 같아. 친하지도 않은 사람이 무작정 자기감정만 들이밀면서 강압적으로 그러면 도망가고 싶을 거야. 지금 얼마나 네가 당황하고 무서울지 알 것 같아.	N	2022-07-15 07:36:44	2022-11-08 04:23:19
BE22009160	7	0	정말? 나는 처음에 내가 성격이 예민하고 나빠서 호의를 호의로 못 받아들이나 하고 고민했어. 그래서 그 사람에게 잘 말도 못하겠더라.	N	2022-07-15 07:36:44	2022-11-08 04:23:19
BE22009160	8	1	에이 그런 생각 하지 마. 너만큼 사람들을 긍정적으로 평가하고 순수하게 대해주는 사람이 어디 있다고 그래. 그리고 상대방이 불편하게 느끼는 호의는 이미 호의가 아냐.	N	2022-07-15 07:36:44	2022-11-08 04:23:19
BE22009160	9	0	내가 그랬나? 히히 그래도 내가 예민하지 않다는 걸 확인받으니 괜히 마음이 놓인다.	N	2022-07-15 07:36:44	2022-11-08 04:23:19
BE22009160	10	1	당연한 말을 가지고 그래. 그리고 지금은 예민하든 안 하든 네가 화를 내도 되는 상황이야. 정중하게 말해서 안 되면 강하게 거절해야 할 것 같아.	N	2022-07-15 07:36:44	2022-11-08 04:23:19
BE22009160	11	0	역시 그렇겠지? 그동안 괜히 고민하느라고 너무 좋게 좋게만 넘어갔나 보다. 고마워, 네 말 들으니 좀 용기가 나.	N	2022-07-15 07:36:44	2022-11-08 04:23:19
BE22009160	12	1	정말이야. 너는 항상 섬세하고 예의 발라서 타인의 감정을 잘 살피잖아. 그래서 오히려 너를 못 챙기는 경향도 있어. 그러니 이번에는 좀 강하게 싫다고 말해 봐.	N	2022-07-15 07:36:44	2022-11-08 04:23:19
BE22009160	13	0	듣고 보니 그런 것 같아. 그 사람을 무섭거나 싫다고 생각하지만 말고 내가 좀더 강하게 말해볼 걸 그랬어. 네가 말해주니 새삼 마음이 좀 안정돼.	N	2022-07-15 07:36:44	2022-11-08 04:23:19
BE22009160	14	1	에고 다행이다. 그러니 너무 두려워하지 말고 제대로 표현해보자. 싫은 걸 싫다고 잘 이야기하면 생각보다 더 쉽게 해결될 수도 있을 거야.	N	2022-07-15 07:36:44	2022-11-08 04:23:19
BE22009160	15	0	응 고마워 네 조언대로 한번 강하게 말해볼게. 그리고 다시 연락할 게 나중에 봐.	Y	2022-07-15 07:36:44	2022-11-08 04:23:19
