id	utterance_id	utterance_type	utterance_text	terminate	regDate	updDate
BE22000730	1	0	공감화자씨 제가 좀 무뚝뚝한 성격인가요?	N	2022-06-13 07:29:29	2022-11-08 03:28:58
BE22000730	2	1	음... 살가운 편은 아니긴 하죠? 왜요?	N	2022-06-13 07:29:29	2022-11-08 03:28:58
BE22000730	3	0	여자 친구가 표현을 많이 해줬으면 좋겠다고 하더라고요.	N	2022-06-13 07:29:29	2022-11-08 03:28:58
BE22000730	4	1	아 표현하는 거 쉽지 않죠. 저도 잘하는 편은 아니라 가끔 하려면 낯간지럽고 그래요. 여자 친구 요청이라면 들어줘야 할 텐데 힘들겠네요.	N	2022-06-13 07:29:29	2022-11-08 03:28:58
BE22000730	5	0	맞아요. 저희 집안이 대체로 좀 딱딱해서 갑자기 하려니 어렵네요.	N	2022-06-13 07:29:29	2022-11-08 03:28:58
BE22000730	6	1	집안 분위기가 그랬으면 방법도 잘 모르겠고 더 어려울 것 같아요.	N	2022-06-13 07:29:29	2022-11-08 03:28:58
BE22000730	7	0	감정을 잘 표현하는 게 좋은 거라는 걸 알고 있긴 하지만 막상 하려면 너무 부끄러워요.	N	2022-06-13 07:29:29	2022-11-08 03:28:58
BE22000730	8	1	말하지 않으면 모르는 게 많더라고요. 부끄러운 마음도 너무 이해가 되구요. 하지만 오해가 생겨서 사이가 멀어지질 수도 있으니 조금씩 시도해 봐요.	N	2022-06-13 07:29:29	2022-11-08 03:28:58
BE22000730	9	0	여자 친구도 그런 부분 때문에 요구하더라구요. 오해가 생길 수 있으니 꼭 표현했으면 좋겠대요.	N	2022-06-13 07:29:29	2022-11-08 03:28:58
BE22000730	10	1	말로 하는 게 힘들면 편지나 선물 같은 걸로 표현하는 건 어때요? 여자 친구랑 둘만의 암호 같은 걸 만들어도 좋을 것 같아요. 본인에게 낯간지러운 단어는 다른 단어로 대체해본다든지 그런 식으로요.	N	2022-06-13 07:29:29	2022-11-08 03:28:58
BE22000730	11	0	오 좋은 생각이네요. 저는 왜 말로만 해야 한다고 생각했을까요? 어쨌든 전달하기만 하면 되는 건데.	N	2022-06-13 07:29:29	2022-11-08 03:28:58
BE22000730	12	1	그렇죠. 그리고 이렇게 노력하고 있다는 것도 여자 친구에게 꼭 알려주세요.	N	2022-06-13 07:29:29	2022-11-08 03:28:58
BE22000730	13	0	하... 안 그래도 여자 친구가 노력도 안 하는 거냐고 하던데 제가 또 놓쳤네요.	N	2022-06-13 07:29:29	2022-11-08 03:28:58
BE22000730	14	1	이러면서 서로 맞춰가는 거죠. 그래도 하려고 노력하는 모습이 멋진데요? 어릴 때부터 만들어진 성향을 바꾸려고 하는 사람 많지 않은데 대단해요.	N	2022-06-13 07:29:29	2022-11-08 03:28:58
BE22000730	15	0	제 여자 친구도 그렇게 알아주면 좋을 텐데. 부끄럽지만 용기 내 봐야겠어요.	Y	2022-06-13 07:29:29	2022-11-08 03:28:58
