id	utterance_id	utterance_type	utterance_text	terminate	regDate	updDate
BE22012809	1	0	여자 친구가 여행을 가서 내가 여자 친구의 강아지를 잠시 보호하고 있는데 갑자기 강아지 이빨이 빠져버렸어.	N	2022-08-02 02:31:00	2022-11-08 04:46:33
BE22012809	2	1	정말? 어쩌다가 그렇게 된 거야?	N	2022-08-02 02:31:00	2022-11-08 04:46:33
BE22012809	3	0	나도 이유를 모르겠어. 잘 놀다가 보니까 이빨이 바닥에 떨어져 있었어. 너무 당황스러워서 어떻게 해야 할지 모르겠어.	N	2022-08-02 02:31:00	2022-11-08 04:46:33
BE22012809	4	1	혹시 어린 강아지일 경우에는 유치가 빠진 것일 수도 있어. 너무 걱정하지 말고 여자 친구에게 물어보는 건 어때?	N	2022-08-02 02:31:00	2022-11-08 04:46:33
BE22012809	5	0	빠진 이빨을 보고 얼마나 당황했는지 몰라. 이걸 여자 친구에게 바로 알려야 할지 병원에 데려가야 할지 혼란스러웠어. 여자 친구에게 물어보는 게 낫겠지?	N	2022-08-02 02:31:00	2022-11-08 04:46:33
BE22012809	6	1	네 말 들어보니 네가 느꼈을 당황스러움이 얼마나 컸을지 공감이 된다. 강아지 이빨이 빠진 것도 놀라운 일인데 애인의 강아지니까 얼마나 더 당황스럽고 조심스러웠겠어. 우선 애인에게 상황을 알리고 기다려보자.	N	2022-08-02 02:31:00	2022-11-08 04:46:33
BE22012809	7	0	그게 좋겠다. 강아지가 딱히 아파 보이진 않고 간식도 먹고 잘 놀고 있어서 안심되긴 해.	N	2022-08-02 02:31:00	2022-11-08 04:46:33
BE22012809	8	1	그건 정말 다행이다. 강아지 반응으로 봐서는 아마 다쳐서 빠진 이빨은 아닐 것 같아.	N	2022-08-02 02:31:00	2022-11-08 04:46:33
BE22012809	9	0	괜히 내가 강아지를 임시 보호해 주겠다고 했다가 이런 일이 생긴 건 아닐까 걱정도 되고 혼란스러워.	N	2022-08-02 02:31:00	2022-11-08 04:46:33
BE22012809	10	1	내 생각엔 높은 확률로 유치가 빠진 것 같아. 나도 예전에 강아지 유치가 빠진 것을 본 경험이 있어. 너 때문에 생긴 일이 아니니까 너무 걱정하지 마.	N	2022-08-02 02:31:00	2022-11-08 04:46:33
BE22012809	11	0	그랬으면 좋겠다. 난 처음 강아지를 데리고 있는 것이라서 어떻게 해야 할지 몰랐어. 그래도 네 말 들으니까 안심이 된다.	N	2022-08-02 02:31:00	2022-11-08 04:46:33
BE22012809	12	1	안심된다니 다행이다. 여자 친구는 네가 강아지를 맡아주는 것에 크게 고마워하고 있을 거야. 게다가 유치는 원래 자연스럽게 빠지는 것이니까 염려 마.	N	2022-08-02 02:31:00	2022-11-08 04:46:33
BE22012809	13	0	우선 여자 친구에게 이 사실을 알리고 유치인지 확인해봐야 내 마음이 더 놓일 것 같아. 얘기 들어줘서 정말 고마워.	N	2022-08-02 02:31:00	2022-11-08 04:46:33
BE22012809	14	1	처음 돌보는 강아지를 위해 애쓰는 네 모습이 정말 보기 좋다. 내가 도움이 된다니 기쁘네. 무슨 일 있으면 또 얘기해줘.	Y	2022-08-02 02:31:00	2022-11-08 04:46:34
