id	utterance_id	utterance_type	utterance_text	terminate	regDate	updDate
BE22013095	1	0	재래시장 이용하면 참 좋은데. 나 혼자 먹기에는 양이 너무 많아. 지금도 돌아다니는데 다 양이 많아서 당황스러워.	N	2022-08-03 23:49:54	2022-11-08 04:48:21
BE22013095	2	1	맞아, 나도 구경할 것도 많고 먹거리도 많아서 시장 좋아하는데. 나 혼자 가면 너무 푸짐하게 주셔서 사 먹기가 조금 부담스럽더라고. 네가 좀 당혹스럽겠다.	N	2022-08-03 23:49:54	2022-11-08 04:48:21
BE22013095	3	0	우리 동네 시장이 먹거리가 진짜 유명하거든. 그래서 그런지 다 두세 명씩 왔네. 그런데 나 혼자 돌아다니려니 좀 민망한 감도 있고 외롭다.	N	2022-08-03 23:49:54	2022-11-08 04:48:21
BE22013095	4	1	어머, 무슨 기분인지 알 거 같아. 주변에는 전부 짝짝이고 끼리끼리인데 나 혼자 다니면. 외톨이인 거 같아서 외롭고 당황스럽지, 하필 사람들이 다들 같이 다녀서 네가 많이 외롭겠다.	N	2022-08-03 23:49:54	2022-11-08 04:48:21
BE22013095	5	0	응, 딱 그 느낌이야. 꼭 내가 외톨이고 왕따인 거 같아서 당황스럽고 자꾸 위축되네. 그런데 뭘 사 먹고 싶어도 양까지 많아서 사 먹기도 힘들어서 더 외로워.	N	2022-08-03 23:49:54	2022-11-08 04:48:21
BE22013095	6	1	그러니깐, 내가 같이 갔으면 같이 이것저것 많이 먹고 시장 돌아다니면서 구경하고 재밌었을 텐데. 네가 혼자 시장을 돌아다니면서 당혹스럽고 외로울 걸 생각하니 안쓰럽다. 군중 속에 혼자 있는 그 느낌이 참 외롭고 당황스러운데.	N	2022-08-03 23:49:54	2022-11-08 04:48:21
BE22013095	7	0	맞아, 참 외롭고 공허하네. 너한테 같이 오자고 할걸. 버스 내려서 갑자기 재래시장에 오게 된 거라서 연락할 생각을 못 했어.	N	2022-08-03 23:49:54	2022-11-08 04:48:21
BE22013095	8	1	다음번에는 꼭 같이 가자, 오늘은 이렇게 문자 주고받으며 다니면 조금은 덜 외로울 거야. 시장은 같이 가서 이것저것 구경하고 길거리 음식도 여러 개 사 먹는 게 재미잖아. 오늘은 이왕 간 김에 어디가 인기가 많은지 미리 체크해 줘, 다음에 꼭 같이 가자.	N	2022-08-03 23:49:54	2022-11-08 04:48:21
BE22013095	9	0	네 문자처럼 문자 주고받으면서 돌아보니까 외로운 마음은 많이 가라앉았어. 혼자 다니는데 음식들이 양이 많아서 너무 당황스러웠거든.	N	2022-08-03 23:49:54	2022-11-08 04:48:21
BE22013095	10	1	그럼, 혼자서 군중 속에 돌아다니는 것만으로도 씁쓸한 마음일 텐데. 그래도, 요즘에는 혼자인 사람도 많아서 너만 혼자 시장에 온 건 아닐 거야. 네가 그곳을 재미있게 즐기면서 다니면 마음이 좀 편안해질 거 같아.	N	2022-08-03 23:49:54	2022-11-08 04:48:21
BE22013095	11	0	응, 너랑 문자 주고받으면서 보니까 다들 쌍쌍이 온 건 아니어서 좀 다행이야. 그리고 너 문자처럼 내가 즐기면서 다니니까 마음이 편안해지는 거 같아.	N	2022-08-03 23:49:54	2022-11-08 04:48:21
BE22013095	12	1	재래시장은 물건들이 좋아서 나는 사 온 다음에 소분해 두고 먹어. 그러면 뭔가 내가 알뜰한 거 같고 생활을 철저하게 계획적으로 잘하는 느낌이어서 만족감이 높아.	N	2022-08-03 23:49:54	2022-11-08 04:48:21
BE22013095	13	0	진짜 그러면 되겠다, 나는 어떻게 하면 저 많은 양을 다 먹지 고민했는데. 그런 좋은 아이디어가 있구나, 그렇게 해서 매일 나눠서 먹으면 나 자신의 만족감도 높아지고 뿌듯하겠다.	N	2022-08-03 23:49:54	2022-11-08 04:48:21
BE22013095	14	1	응, 나는 재래시장을 이용하고 나서 생활을 바르게 하고 착실히 살아가는 거 같아서 행복감이 높아졌어. 그리고 시장 활성화에 도움이 되는 거 같아서 스스로 마음이 푸근해지더라고. 아마 너도 마음이 따뜻해지고 자존감이 높아질 거야.	N	2022-08-03 23:49:54	2022-11-08 04:48:21
BE22013095	15	0	응, 아까는 양이 많아서 혼자 먹기에 부담스럽고 당황스러웠는데, 너 문자 보고 나니 그 당황스러운 마음이 눈 녹듯 사라졌어. 고마워.	Y	2022-08-03 23:49:54	2022-11-08 04:48:21
