id	utterance_id	utterance_type	utterance_text	terminate	regDate	updDate
BE22000808	1	0	아이 갖기를 포기할까 봐요. 저는 아무래도 안될 것 같아요.	N	2022-06-13 08:23:18	2022-11-08 03:29:31
BE22000808	2	1	너무 힘들어요? 감정화자씨가 그만하고 싶다면 그래도 돼요. 지금까지도 충분히 노력했어요.	N	2022-06-13 08:23:18	2022-11-08 03:29:31
BE22000808	3	0	저랑 같이 아이 가지려고 노력했던 친구가 임신했다고 연락이 왔는데 축하보다는 질투심이 들었어요. 이게 맞는 걸까요?	N	2022-06-13 08:23:18	2022-11-08 03:29:32
BE22000808	4	1	같이 노력했고 감정화자씨도 절실했으니까 마음이 안 좋았을 거예요. 지금 마음이 얼마나 복잡하겠어요... 그런 마음이 드는 건 당연하니 자책하지 않았으면 해요.	N	2022-06-13 08:23:18	2022-11-08 03:29:32
BE22000808	5	0	그 친구도 제가 신경 쓰였는지 조심스럽게 소식을 전했는데 전화 끊고 한참을 울었어요.	N	2022-06-13 08:23:18	2022-11-08 03:29:32
BE22000808	6	1	컨디션도 안 좋은데 마음까지 힘들어서 어떻게 해요. 축하해줄 수 없는 마음이 어땠을지 상상도 안 돼요.	N	2022-06-13 08:23:18	2022-11-08 03:29:32
BE22000808	7	0	제가 다른 사람들보다 덜 노력했을까요?	N	2022-06-13 08:23:18	2022-11-08 03:29:32
BE22000808	8	1	감정화자씨가 최선을 다 한 건 주변 모두가 알고 있어요. 감정화자씨 잘못이 아니라는 거 알고 있잖아요.	N	2022-06-13 08:23:18	2022-11-08 03:29:32
BE22000808	9	0	저도 노력했는데 결과가 없으니까 무가치한 사람이 된 것 같은 기분이에요.	N	2022-06-13 08:23:18	2022-11-08 03:29:32
BE22000808	10	1	아이가 없어도 감정화자씨 그 자체로 소중해요. 본인이 얼마나 대단한 일을 하고 있는지 알고 있죠?	N	2022-06-13 08:23:18	2022-11-08 03:29:32
BE22000808	11	0	말씀을 듣고 보니 그동안 아이를 갖지 못하면 저 자신은 없는 것처럼 생각하고 있었네요. 그래서 더 힘든 것 같아요.	N	2022-06-13 08:23:18	2022-11-08 03:29:32
BE22000808	12	1	상황이 그런 생각을 하게 만들었을 거예요. 지금부터라도 본인에게 더 집중해 봐요.	N	2022-06-13 08:23:18	2022-11-08 03:29:32
BE22000808	13	0	맞아요. 내가 있어야 아이도 있는 건데, 아이가 없어도 내 삶은 망하는 게 아닌데 제가 너무 부정적으로 생각하고 있었네요.	N	2022-06-13 08:23:18	2022-11-08 03:29:32
BE22000808	14	1	마음을 편하게 가져요. 본인이 행복한 게 가장 중요해요. 감정화자씨는 잘할 수 있어요.	N	2022-06-13 08:23:18	2022-11-08 03:29:32
BE22000808	15	0	선생님이 없었으면 스스로 책망하고만 있었을 거예요. 정말 감사해요.	Y	2022-06-13 08:23:18	2022-11-08 03:29:32
