id	utterance_id	utterance_type	utterance_text	terminate	regDate	updDate
BE22009804	1	0	요즘 육아하는 게 너무 지치네요. 아이가 평소에 잘 먹던 밥은 안 먹고 갑자기 오늘부터 좋아하는 과일만 먹겠다지 뭐예요. 밥 먹는 거로 투정한 적은 처음이라 너무 당황스러웠어요.	N	2022-07-18 07:39:37	2022-11-08 04:27:33
BE22009804	2	1	그 나이대 아이들은 특정한 음식 한 가지에 꽂히면 그것만 먹더라고요. 아이 밥 잘 먹이는 게 제일 힘들고 스트레스인데 많이 힘드시겠어요.	N	2022-07-18 07:39:37	2022-11-08 04:27:33
BE22009804	3	0	밥으로 떼쓴 적이 처음이라서 어떻게 대처해야 할지 모르겠더라고요. 황당하기도 하고, 아이 요구가 어처구니없어서요. 아이를 달래가면서 밥을 먹여야겠는데, 무작정 안 먹겠다고 하니 순간 머릿속이 멍해졌어요.	N	2022-07-18 07:39:37	2022-11-08 04:27:33
BE22009804	4	1	감정화자님은 노력을 많이 하시는 것 같은데, 아이가 엄마 말을 안 들어주니 정말 힘드시겠어요. 체력 소모도 많이 되고, 정신없기도 하고요. 제가 감정화자님 입장이었어도 너무 정신이 없었을 것 같아요.	N	2022-07-18 07:39:37	2022-11-08 04:27:33
BE22009804	5	0	이런 경우는 처음이라 많이 당황했어요. 빨리 식사를 해치워야 하는데 시간은 없고, 아이는 울면서 떼쓰고 있고. 주변 엄마들한테 물어봐도 명쾌한 답이 안 나오니 답답하네요.	N	2022-07-18 07:39:37	2022-11-08 04:27:33
BE22009804	6	1	이래저래 고민이 많으시겠어요. 엄마들은 아이 식사 때 영양분 다 챙겨주고 싶은데, 아이는 안 따라주니 얼마나 많이 힘드세요.	N	2022-07-18 07:39:37	2022-11-08 04:27:33
BE22009804	7	0	안 먹겠다는 밥을 억지로 먹일 수도 없고, 그렇다고 굶길 수는 더더욱 없고요. 밥 먹이는 게 제일 쉬울 거라고 생각했는데 이렇게 힘들 줄은 몰랐지 뭐예요. 제가 너무 못난 엄마라 아이 밥도 못 챙겨주는 걸까요?	N	2022-07-18 07:39:37	2022-11-08 04:27:33
BE22009804	8	1	간단한 밥 먹일 때마저 엄마 노릇을 하는 게 정말 쉽지 않아요. 하지만 감정화자님이 양육을 못 하는 엄마라서 이렇게 힘드신 건 아닐 거예요. 오히려 저는 감정화자님이 아이 의사를 최대한 존중하려고 노력하는 멋진 엄마라고 생각하는걸요.	N	2022-07-18 07:39:37	2022-11-08 04:27:33
BE22009804	9	0	첫째 때는 육아하는 게 쉬워서 좀 만만하게 봤어요. 첫째랑 둘째 성향이 너무 다르니 예측이 도무지 안 되더라고요. 앞으로 식사 때마다 이런 전쟁을 치러야 하나 막막해요.	N	2022-07-18 07:39:37	2022-11-08 04:27:33
BE22009804	10	1	저도 아이가 셋이라서 감정화자님이 얼마나 고생하시는지 알 것 같네요. 그 막막한 마음, 언젠간 아이들이 멋지게 자라서 기쁨으로 돌아왔으면 좋겠어요. 지금은 무척 어려우시겠지만, 엄마가 이렇게 열심이라면 아이들도 잘 자랄 거라고 믿어요.	N	2022-07-18 07:39:37	2022-11-08 04:27:33
BE22009804	11	0	아이 밥 먹이는 게 너무 힘드니 앞으로 육아를 잘 할 수 있을지 모르겠어요. 하루에 세 끼를 먹여야 하니까 체력적으로 진이 빠지기도 하고요. 어떻게 해결해야 할까요?	N	2022-07-18 07:39:37	2022-11-08 04:27:33
BE22009804	12	1	저는 단호하게 대처하는 게 맞는 것 같아요. 과일을 아예 안 주거나, 밥 먹어야지만 준다는 식으로 얘길 해 보세요.	N	2022-07-18 07:39:37	2022-11-08 04:27:33
BE22009804	13	0	저도 단호하게 훈육하고 싶은데 아이가 밥을 안 먹으면 너무 안쓰럽고 마음이 약해지더라고요. 그리고 아이가 울기 시작하면 제가 당황하니까 대처가 잘 안되는 것 같아요.	N	2022-07-18 07:39:37	2022-11-08 04:27:34
BE22009804	14	1	아이들이 떼쓰다가도, 결국 자기 배고프면 밥 먹게 돼 있더라고요. 매일 전쟁을 치를 순 없으니 연습한다고 생각해보시는 건 어떠세요? 장기적으로 생각하면 아이 건강, 감정화자님 스트레스 생각해서라도 이게 나을 것 같아요.	N	2022-07-18 07:39:37	2022-11-08 04:27:34
BE22009804	15	0	잘 할 수 있을지 모르겠어요. 그래도 공감화자님 말씀대로 해 봐야겠네요. 아이 건강이 제일 중요한데, 성장기에 골고루 먹여야겠죠.	N	2022-07-18 07:39:37	2022-11-08 04:27:34
BE22009804	16	1	아이가 울고 떼쓰면 마음이 약해지는 게 어쩔 수 없는 엄마의 마음인 것 같아요. 그래도 이 시기가 지나면 언젠간 반드시 아이들도 엄마의 노고를 알아줄 날이 올 거예요.	N	2022-07-18 07:39:37	2022-11-08 04:27:34
BE22009804	17	0	그렇게 응원해주셔서 감사합니다. 같은 엄마라 그런지, 공감화자님한테는 고민을 더 잘 털어놓을 수 있어요. 다음에도 어려운 일 있으면 상담 부탁드릴게요.	N	2022-07-18 07:39:37	2022-11-08 04:27:34
BE22009804	18	1	언제든지 환영이에요, 감정화자님!	Y	2022-07-18 07:39:37	2022-11-08 04:27:34
