id	utterance_id	utterance_type	utterance_text	terminate	regDate	updDate
BE22002835	1	0	나 어제 결혼기념일이어서 밖에서 외식하고 왔어.	N	2022-06-23 02:31:10	2022-11-08 03:42:44
BE22002835	2	1	좋았겠다. 맛있는 거 먹었어?	N	2022-06-23 02:31:10	2022-11-08 03:42:44
BE22002835	3	0	응 맛은 있더라. 그런데 다른 데보다 비싼 느낌이더라. 꼭 돈 씹어 먹는 기분이었어.	N	2022-06-23 02:31:10	2022-11-08 03:42:44
BE22002835	4	1	예상외로 비쌌던 모양이네. 아무리 맛이 좋아도 가격이 비싸면 마음이 편치 않지.	N	2022-06-23 02:31:10	2022-11-08 03:42:44
BE22002835	5	0	특별한 날이고 남편이 너무 좋아해서 그냥 먹었지. 메뉴판 보고는 너무 당황스러워서 그냥 가게 문을 나서고 싶어지더라고. 이제 이번 달은 허리띠를 졸라매야 할 판이야.	N	2022-06-23 02:31:10	2022-11-08 03:42:44
BE22002835	6	1	그래. 자기는 본인 입장이나 기분만을 생각하지 않고 다른 사람을 배려하는 모습이 참 보기 좋아. 그건 나도 배워야 할 점인 것 같아.	N	2022-06-23 02:31:10	2022-11-08 03:42:44
BE22002835	7	0	그러려고 노력하는 거지. 요즘 매일 야근과 접대로 피곤해 보이는 남편이 너무 안쓰러워 보였거든. 로제 파스타에 스테이크 와인 한잔에 저렇게 행복해하는 걸 보니 당황스럽던 마음도 누그러지더라고.	N	2022-06-23 02:31:10	2022-11-08 03:42:44
BE22002835	8	1	동지가 힘들면 또 그건 못 참지. 너도 회사 업무가 바뀌면서 고생했잖아. 맛있는 거 먹고 사랑하는 사람과 담소 나누며 서로 피로가 싹 풀렸기를 바래.	N	2022-06-23 02:31:10	2022-11-08 03:42:44
BE22002835	9	0	응 어제 돈 쓴 거보다 서로 나눈 깊은 대화로 그간 쌓였던 작은 오해도 풀렸어. 이렇게 더한 기쁨을 누렸으니 그걸로 된 것 같아.	N	2022-06-23 02:31:10	2022-11-08 03:42:44
BE22002835	10	1	어떠한 상황에서도 삶을 긍정의 시선으로 바라보고자 하는 자기는 참 특별해. 그래서일까. 그래서 자기에게는 늘 좋은 분위기가 뿜어져 나오는 것 같아.	N	2022-06-23 02:31:10	2022-11-08 03:42:44
BE22002835	11	0	그건 자기도 마찬가지야. 늘 내 고민 상담 가를 자처하며 적극적으로 나서주잖아.	N	2022-06-23 02:31:10	2022-11-08 03:42:44
BE22002835	12	1	이런 말 들으니 힘이 솟아나는걸. 앞으로 더 성심성의껏 그대의 말에 귀 기울이도록 할게. 하하.	N	2022-06-23 02:31:10	2022-11-08 03:42:44
BE22002835	13	0	그나저나 그 집 비싸기는 한데 참 분위기 있고 요리도 깔끔하더라. 이번에 자기 승진하면 내가 한턱 쏠게.	N	2022-06-23 02:31:10	2022-11-08 03:42:44
BE22002835	14	1	어깨가 갑자기 무거워지는걸. 그래도 자기 말에 꼭 승진하고 싶어지는 의지가 불끈 솟아나. 자기 덕에 왠지 좋은 결과가 나올 것 같아.	N	2022-06-23 02:31:10	2022-11-08 03:42:44
BE22002835	15	0	자신을 믿어. 나도 앞으로 내가 사랑하는 사람들을 위해서 좀 쓸 줄 아는 사람이 되어보고 싶어,.	N	2022-06-23 02:31:10	2022-11-08 03:42:44
BE22002835	16	1	사랑하는 이를 위해 스스로를 희생하는 나의 멋진 그대. 내가 더 힘내 볼게요. 맛있는 음식을 떠올리며 홧팅!	Y	2022-06-23 02:31:10	2022-11-08 03:42:44
