id	utterance_id	utterance_type	utterance_text	terminate	regDate	updDate
BE22012701	1	0	트레이너 선생님 저 어떡해요. 제 팔이 고장 난 것 같아요.	N	2022-08-01 08:03:58	2022-11-08 04:45:53
BE22012701	2	1	예? 회원님 팔이 고장이 났다니 그게 무슨 말씀이세요?	N	2022-08-01 08:03:58	2022-11-08 04:45:53
BE22012701	3	0	어깨가 너무 아파서 팔을 들어 올릴 수가 없어요. 사람이 운동 좀 했다고 팔을 못 쓰는 날이 올 거라고는 상상도 안 해봤는데 당황스럽고 혼란스럽네요.	N	2022-08-01 08:03:58	2022-11-08 04:45:53
BE22012701	4	1	아이고 갑작스러운 일에 많이 놀라셔서 당황해서 어쩔 줄 모르셨죠. 아침에 눈 뜨고 일어나니 몸에 문제라도 생긴 줄 알고 질겁하셨겠는데요.	N	2022-08-01 08:03:58	2022-11-08 04:45:53
BE22012701	5	0	네. 설마 마비라도 된 건지 어디 근육이라도 다친 건지 하는 생각에 이리저리 날뛰어서 어지러웠어요. 간신히 잠 좀 깨고 정신 드니까 황당해서 헛웃음만 나오더라고요.	N	2022-08-01 08:03:58	2022-11-08 04:45:53
BE22012701	6	1	정말 당황스러워서 혼비백산하셨겠어요. 저도 운동 처음 시작했을 때 회원님과 같은 기분을 겪은 적이 있어서 공감되네요. 그때 기겁해서 응급실에 가야 하나 어쩌나 안절부절못했거든요.	N	2022-08-01 08:03:58	2022-11-08 04:45:53
BE22012701	7	0	집에 하필 아무도 없으니까 마음이 더 다급하고 당혹스러워서 어쩔 줄 몰랐어요. 운동으로 팔이 안 들릴 수가 있다니 다시 생각해도 믿기지 않네요.	N	2022-08-01 08:03:58	2022-11-08 04:45:53
BE22012701	8	1	뒤죽박죽 어지러워서 놀란 마음이 더 크게 와닿으셨죠? 근육통 처음 겪으시는 분들은 낯선 불편함이 크게 와닿아서 혼란스러우실만해요. 말로 듣는 것과 직접 겪어보시는 것의 차이가 크죠?	N	2022-08-01 08:03:58	2022-11-08 04:45:53
BE22012701	9	0	간극이 어마어마하니 적응이 안 돼서 얼떨떨한 기분이네요. 설마 이런 느낌일 거라고는 꿈에서도 생각 못 했어요.	N	2022-08-01 08:03:58	2022-11-08 04:45:53
BE22012701	10	1	당혹스러우실 수는 있지만 지금 아주 잘하고 계세요. 온 힘을 다해 최선의 노력을 기울여서 운동한 결과를 몸으로 느끼시는 거잖아요. 훌륭하게 수행하고 계시니까 앞으로도 지금처럼만 하시면 더할 나위 없이 좋을 거예요.	N	2022-08-01 08:03:58	2022-11-08 04:45:53
BE22012701	11	0	트레이너 선생님이 그렇게 인정해 주시니 영광의 상처로 느껴져서 아픔도 뿌듯하게 와닿네요. 앞으로도 열심히 해보겠습니다.	N	2022-08-01 08:03:58	2022-11-08 04:45:53
BE22012701	12	1	회원님의 이 아픔에 굴하거나 포기하지 않는 태도가 너무 멋지십니다. 제가 처음 운동했을 때보다 끈기 있고 열정적이신데요.	N	2022-08-01 08:03:58	2022-11-08 04:45:53
BE22012701	13	0	아유 이것 참 부끄럽습니다. 칭찬이 고래도 춤추게 한다더니 선생님 덕분에 당황으로 놀란 가슴도 진정되고 운동할 마음이 무럭무럭 자라나네요.	N	2022-08-01 08:03:58	2022-11-08 04:45:53
BE22012701	14	1	회원님의 차분하게 진정된 모습을 보니까 저도 앓던 이를 뺀 것처럼 개운하고 마음이 편한데요?	N	2022-08-01 08:03:58	2022-11-08 04:45:53
BE22012701	15	0	트레이너 선생님 덕분에 마음을 다잡을 수 있었어요. 이야기 들어주셔서 감사해요. 그럼 이따 뵙겠습니다.	Y	2022-08-01 08:03:58	2022-11-08 04:45:53
