id	utterance_id	utterance_type	utterance_text	terminate	regDate	updDate
BE22014647	1	0	나 어떻게 하냐? 제각각인 온라인 사이트 비밀번호를 기억하기 어려워. 요즘 계속 틀려서, 자꾸 다시 인증해야 해서 당황스러워.	N	2022-08-18 23:04:15	2022-11-08 04:58:11
BE22014647	2	1	진짜 당혹스럽고 황당하겠다. 인증하고 비밀번호 설정 다시 하고 그러면서 시간 보내면 나는 화까지 나더라고. 진짜 황당하고 스스로 한심한 느낌도 받을 거 같아.	N	2022-08-18 23:04:15	2022-11-08 04:58:11
BE22014647	3	0	맞아, 너 문자처럼 한두 번 그랬을 때는 왜 이러지 싶었는데. 이런 일이 자꾸 반복되니까 갈수록 당황스럽다.	N	2022-08-18 23:04:15	2022-11-08 04:58:11
BE22014647	4	1	너 마음이 어떨지 알 거 같아. 내가 왠지 문제가 있는 거 같이 느껴지고 어디 아픈 건가 싶기도 할 거 같아. 거기다, 평소에 워낙 기억력이 좋던 너가 그러면 왜 이러나 싶어서 놀라고 혼란스러울 거 같아.	N	2022-08-18 23:04:15	2022-11-08 04:58:11
BE22014647	5	0	응, 딱 그런 느낌이야. 너무 당황스러워서 어찌해야할 지 모르겠어. 하물며, 오늘은 매일 사용하는 온라인 사이트 비밀번호까지 기억이 안 나는 거야.	N	2022-08-18 23:04:15	2022-11-08 04:58:11
BE22014647	6	1	어머나, 오늘 네가 너무 당황했겠다. 나는 뭔가 갑자기 기억이 안 나면 눈앞이 깜깜해지면서, 패닉이 오는 거 같은 느낌이야. 아마 너도 나처럼 멍해지면서 눈앞이 깜깜해졌을 거 같아.	N	2022-08-18 23:04:15	2022-11-08 04:58:11
BE22014647	7	0	응, 맞아 정말 눈앞이 깜깜해지더라. 얼마나 당황스럽고 한심하던지. 어떻게 매일 사용하는 걸 까먹을 수 있지?	N	2022-08-18 23:04:15	2022-11-08 04:58:11
BE22014647	8	1	괜찮아 괜찮아, 누구든지 충분히 할 수 있는 실수야, 나도 자주 그래. 사실 처음에 그러면 너무 당황스럽고 내가 왜 이러나 싶어서 걱정이 많이 됐어. 근데 진짜 너무 상심하지 않아도 괜찮아, 솔직히 너는 다른 중요한 것들은 다 기억하고 메모하잖아.	N	2022-08-18 23:04:15	2022-11-08 04:58:11
BE22014647	9	0	그래도 너랑 문자하면서 조금은 마음이 안정돼. 맞아, 다른 중요한 일들은 기억하거나 메모해두곤 해 그러면 마음이 편해지거든.	N	2022-08-18 23:04:15	2022-11-08 04:58:11
BE22014647	10	1	너 마음이 안정된다고 하니 다행이야. 하물며, 네가 평소에 기억력이 엄청 좋잖아. 그리고 섬세하고 집중력이 좋아서 주변 사항들을 세밀하게 기억을 잘하는 편이잖아.	N	2022-08-18 23:04:15	2022-11-08 04:58:11
BE22014647	11	0	맞아, 내가 기억력이 좋아서 너도 알다시피 주변 모든 것들을 기억하는 편이거든.	N	2022-08-18 23:04:15	2022-08-18 23:04:15
BE22014647	12	1	그러니깐. 네가 다른 사람들에 비해서 섬세한데, 자꾸 온라인 사이트들 비밀번호를 기억하기 어려워서 실수를 하다니. 충격이 컸을 거 같아. 그래도, 나는 너를 보면 항상 내 생일부터 시작해서 주변 사람들 생일까지 다 챙기는 모습에 감동받았어.	N	2022-08-18 23:04:15	2022-11-08 04:58:11
BE22014647	13	0	응, 그래서 더 충격적이었던 거 같아.	N	2022-08-18 23:04:15	2022-08-18 23:04:15
BE22014647	14	1	그런데 지금 너무 힘들어서 그럴 수도 있고, 네가 다른 중요한 내용을 까먹는 게 아니잖아. 중요한 것들은 잘 기억하고 있으니깐. 너무 상심하지 않아도 괜찮을 거야, 누구나 자주 하는 실수니까 너무 자책하지 않아도 괜찮아.	N	2022-08-18 23:04:15	2022-11-08 04:58:12
BE22014647	15	0	고마워, 너랑 문자하면서 온라인 사이트 비밀번호 기억을 못 해서 당황했던 마음이 많이 차분해졌어.	Y	2022-08-18 23:04:15	2022-08-18 23:04:15
