id	utterance_id	utterance_type	utterance_text	terminate	regDate	updDate
BE22015110	1	0	아이의 교복 바지를 실수로 건조기에 돌렸더니 확 짧아졌어요. 어찌나 당황스러운지 모르겠네요.	N	2022-08-22 03:58:42	2022-08-22 03:58:42
BE22015110	2	1	건조기 사용하면 옷이 많이 줄어든다고 하던데 하필 교복 바지가 줄어들어서 어떡해요.	N	2022-08-22 03:58:42	2022-11-08 05:01:03
BE22015110	3	0	그러게요. 건조기에서 아기 바지가 나오는 줄 알고 얼마나 놀라고 당황했는지 아직도 얼떨떨해요. 하필이면 산 지 얼마 안 된 교복이라 스스로가 너무 한심하네요.	N	2022-08-22 03:58:42	2022-11-08 05:01:03
BE22015110	4	1	아, 그런 생각이 들 수밖에 없겠어요. 얘기로만 들어도 이렇게 당황스러운데 감정화자님은 오죽했을까요. 저도 그런 적이 있어서 그 심정이 어땠을지 너무나 이해가 되네요.	N	2022-08-22 03:58:42	2022-11-08 05:01:03
BE22015110	5	0	아이가 오히려 괜찮다며 그냥 입고 다니다 보면 늘어날 거라고 하는데 그 모습에 마음이 불편하더라고요. 당장 내일이 월요일이라 입고 가야 하는데 어쩌면 좋을지 당혹감에 아무런 생각도 안 나요.	N	2022-08-22 03:58:42	2022-11-08 05:01:03
BE22015110	6	1	왜 안 그러겠어요, 그래도 너무 자책하거나 죄책감은 안 가지셨으면 좋겠어요. 사람은 누구나 실수할 수 있는 법이잖아요. 그 실수를 계속 생각하면서 자신을 괴롭히지는 마시고 마음을 좀더 편히 가져보세요.	N	2022-08-22 03:58:42	2022-11-08 05:01:03
BE22015110	7	0	아들은 괜찮다지만 아내의 잔소리가 두렵네요. 처음 겪는 일이라 이 당황스러운 감정이 쉽게 진정될 거 같지도 않고요.	N	2022-08-22 03:58:42	2022-08-22 03:58:42
BE22015110	8	1	감정화자님도 부인의 일을 돕고자 한 건데 그 진심을 전한다면 이해해 주실 거예요. 그저 이겨내고자 굳게 마음만 먹는다면 좋은 상황으로 해결될 거라 믿어요.	N	2022-08-22 03:58:42	2022-11-08 05:01:03
BE22015110	9	0	정말 그럴 수 있을까요? 말씀을 듣고 나니 마음이 조금은 놓이는 거 같고 진정이 되는 거 같네요. 덕분에 이 감정에서 이겨낼 용기도 얻은 거 같아요.	N	2022-08-22 03:58:42	2022-08-22 03:58:42
BE22015110	10	1	오히려 이렇게 금방 기운 차리는 모습을 보여주시니 정말 다행이고, 제 기분이 다 좋아지네요. 그런 의지만 항상 챙기신다면 꼭 이겨내실 거라 믿어요!	N	2022-08-22 03:58:42	2022-11-08 05:01:03
BE22015110	11	0	누구한테 얘기하긴 뭐 해서 혼자 속으로 삭이느라 너무 답답했었거든요. 이렇게 공감화자님께 털어놓으니 속이 많이 후련해졌어요. 얘기하길 잘했단 생각이 드네요.	N	2022-08-22 03:58:42	2022-11-08 05:01:03
BE22015110	12	1	언제든 답답하고 힘든 일이 있으면 저한테라도 얘기하세요. 마음도 힘든데 얘기할 사람까지 없으면 더 슬플 거 같아요. 힘드시더라도 끼니는 잘 챙겨 드시고요!	N	2022-08-22 03:58:42	2022-11-08 05:01:03
BE22015110	13	0	바쁜 시간 내서 제 얘기 들어주시고, 좋은 말들 많이 해주셔서 정말 감사합니다. 조만간 얼굴이나 봬요, 제가 밥이라도 한 번 사겠습니다.	N	2022-08-22 03:58:42	2022-08-22 03:58:42
BE22015110	14	1	너무 좋죠! 그때는 꼭 모든 걸 극복하신 후여서 웃는 얼굴로 뵐 수 있었으면 좋겠습니다.	N	2022-08-22 03:58:42	2022-11-08 05:01:03
BE22015110	15	0	저도 그럴 수 있도록 열심히 노력해 보겠습니다! 그럼 다시 연락드릴게요.	Y	2022-08-22 03:58:42	2022-08-22 03:58:42
