id	utterance_id	utterance_type	utterance_text	terminate	regDate	updDate
BE22011608	1	0	공감화자야, 너는 여자들은 화장할 때 뭐 하는지 잘 아냐? 데이트할 때마다 당황스럽다.	N	2022-07-25 13:59:45	2022-11-08 04:39:02
BE22011608	2	1	스킨, 로션 바르고 파운데이션인가 바르고 눈썹도 그리고 등등 하는 거 아니야? 근데 왜 무슨 일 있어?	N	2022-07-25 13:59:45	2022-11-08 04:39:02
BE22011608	3	0	넌 꽤 잘 아는 편이네. 나는 진짜 잘 모르거든. 그래서 이걸로 맨날 여자 친구랑 다퉈.	N	2022-07-25 13:59:45	2022-11-08 04:39:02
BE22011608	4	1	화장 때문에? 여자 친구랑은 왜 다투게 되는데? 이야기해봐. 한번 들어볼게.	N	2022-07-25 13:59:45	2022-11-08 04:39:02
BE22011608	5	0	여자 친구랑 약속 안 하고 갑자기 만날 수도 있잖아. 화장하는 데 1시간 정도가 걸리는 거야. 그래서 대충 하고 나오랬더니 내 마음을 모른다고 하면서 화내니 당황스럽고.	N	2022-07-25 13:59:45	2022-11-08 04:39:02
BE22011608	6	1	남성인 우리는 당황스러운 일이긴 하지. 우리는 10분이면 준비가 끝나는데 그에 비해 오래 걸리는 거니까. 같은 문제로 다투면 마음이 참 안 좋겠다, 너도.	N	2022-07-25 13:59:45	2022-11-08 04:39:02
BE22011608	7	0	그냥 간단하게 하고 나오면 좋겠는데 왜 그런지 모르겠어. 자기 마음 모른다고 하는 것도 당황스럽고. 여자 친구도 내 마음 모르는데 나한테만 뭐라고 해.	N	2022-07-25 13:59:45	2022-11-08 04:39:02
BE22011608	8	1	네 마음을 몰라주는 것 같아서 너도 속상했겠다. 그런데 너한테 예뻐 보이고 싶으니까 그런 것 아닐까?	N	2022-07-25 13:59:45	2022-11-08 04:39:02
BE22011608	9	0	물론 그런 거겠지만 이해가 잘 안되니까. 매번 이럴 순 없잖아. 지난번에는 아예 못 만나겠다고 한 적도 있어.	N	2022-07-25 13:59:45	2022-11-08 04:39:02
BE22011608	10	1	헉. 안 나온 적도 있었다고? 진짜 당황했겠는데. 솔직하게 너의 생각을 이야기해보는 것 어때? 마음을 터놓고 이야기해야 너도 당황스럽지 않고 덜 싸울 것 같아.	N	2022-07-25 13:59:45	2022-11-08 04:39:02
BE22011608	11	0	내가 이 얘기를 하면 걔도 당황할 것 같긴 한데. 이렇게 당황스럽고 스트레스를 받느니 차라리 이야기하는 게 낫겠다.	N	2022-07-25 13:59:45	2022-11-08 04:39:02
BE22011608	12	1	맞아. 서로 얘기해야 풀리는 것도 생기지 안 그러면 쌓여서 나중에 폭발해. 그럼 감당 못하는 거 알지?	N	2022-07-25 13:59:45	2022-11-08 04:39:02
BE22011608	13	0	알지. 알겠어. 얘기 좀 해봐야겠다. 조언 해줘서 고마워. 뭔가 속이 시원해진 느낌이야!	N	2022-07-25 13:59:45	2022-11-08 04:39:02
BE22011608	14	1	응 얘기 잘하고. 나중에 또 연락해.	Y	2022-07-25 13:59:45	2022-11-08 04:39:02
