id	utterance_id	utterance_type	utterance_text	terminate	regDate	updDate
BE22000106	1	0	형님, 어제 모임 끝나고 집에 갈 때 총무한테 고백했어요.	N	2022-06-03 07:32:58	2022-11-08 03:24:54
BE22000106	2	1	그 예쁘장하고 똑똑한 총무? 어쩐지 총무 바라보는 눈빛이 예사롭지 않더라니.	N	2022-06-03 07:32:58	2022-11-08 03:24:54
BE22000106	3	0	눈치채고 계셨군요. 근데 지금 생각하니 괜히 말했나 후회가 돼요.	N	2022-06-03 07:32:58	2022-11-08 03:24:54
BE22000106	4	1	총무가 뭐라고 하는데? 혹시 차인 거야?	N	2022-06-03 07:32:58	2022-11-08 03:24:54
BE22000106	5	0	아직 차인 건 아닌데, 차인 것 같아요. 아무 말도 안 하더라고요. 너무 당황스러웠어요.	N	2022-06-03 07:32:58	2022-11-08 03:24:54
BE22000106	6	1	왜 아무 말도 안 할까? 그래도 침묵은 곧 긍정이라고도 하잖아. 안 좋은 생각하며 너무 조급해 하지 마.	N	2022-06-03 07:32:58	2022-11-08 03:24:54
BE22000106	7	0	아마 제가 상처받을까 봐 그런 것 같아요. 솔직히 총무는 대졸에 좋은 회사 다니는데, 저는 고졸에 직업도 변변찮잖아요.	N	2022-06-03 07:32:58	2022-11-08 03:24:55
BE22000106	8	1	그러니까 후배는 학력과 직업 차이 때문에 여자한테 거절당했다고 생각하는 거야?	N	2022-06-03 07:32:58	2022-11-08 03:24:55
BE22000106	9	0	그렇지요. 제가 주제 파악을 못 했어요. 못 오를 나무는 쳐다보지 말아야 하는데 말이에요.	N	2022-06-03 07:32:58	2022-11-08 03:24:55
BE22000106	10	1	에이. 뭘 또 그렇게까지 생각해. 사랑엔 국경도 없다고 하잖아. 정말 사랑한다면 그런 건 문제되지 않을 거야.	N	2022-06-03 07:32:58	2022-11-08 03:24:55
BE22000106	11	0	전 총무만 생각하면 가슴이 뛰고 너무 좋은데, 총무는 제 고백이 기분 나빴을지도 모르겠다는 생각이 들어요.	N	2022-06-03 07:32:58	2022-11-08 03:24:55
BE22000106	12	1	후배, 무슨 소리야. 인물 훤하지. 성격 좋지. 후배만 한 사람이 어디 있다고 그래? 좋은 소식이 있을 테니 조금만 기다려 봐.	N	2022-06-03 07:32:58	2022-11-08 03:24:55
BE22000106	13	0	형님, 위로 고맙습니다. 제가 헛된 희망을 품고 있는 것은 아니겠지요?	N	2022-06-03 07:32:58	2022-11-08 03:24:55
BE22000106	14	1	당연하지. 내가 알고 있는 남자 중 후배만큼 괜찮은 사람은 본 적이 없어. 꼭 긍정적인 답변이 올 거라고.	Y	2022-06-03 07:32:58	2022-11-08 03:24:55
