id	utterance_id	utterance_type	utterance_text	terminate	regDate	updDate
BE22006477	1	0	공감화자씨, 저 어떡해요. 오늘 재택근무 중에 발주처랑 화상 회의가 있었는데 마이크가 켜져 있는 줄 모르고 욕을 해버렸어요. 저도 모르게 튀어나온 욕설이라서 뱉고 나서 너무 놀라고 당황스럽고, 얼굴도 새빨개졌어요.	N	2022-07-06 04:56:14	2022-11-08 04:06:05
BE22006477	2	1	어머, 고의로 그런 것이 아닌데 너무 놀라셨겠어요. 가끔 그렇게 의도치 않게 욕이 먼저 튀어 나갈 때가 있잖아요. 무슨 일로 욕을 하셨어요?	N	2022-07-06 04:56:14	2022-11-08 04:06:05
BE22006477	3	0	노트북으로 했는데 메신저를 켜두었거든요. 저한테 너무 못되게 굴어서 헤어진 전 남친에게 갑작스레 연락이 와서 저도 모르게 화가 났나봐요. 이런 전후 상황을 모르는 사람들은 그냥 제가 갑자기 욕을 한 걸로 생각하실 테니 큰일이네요.	N	2022-07-06 04:56:14	2022-11-08 04:06:05
BE22006477	4	1	갑자기 싫은 사람에게 연락이 오면 욱할 때가 있죠. 사적인 일이라서 회사 사람들에게 변명도 못하시고, 많이 난감하셨을 것 같아요. 저도 사적인 일로 회사에서 실수를 한 적이 있는데 어떤 일이었는지 설명을 못하니까 답답하고 힘들었거든요.	N	2022-07-06 04:56:14	2022-11-08 04:06:05
BE22006477	5	0	네, 마이크가 꺼져 있었으면 상관이 없었을 텐데, 언제든지 의견을 말씀드리기 위해 켜둔 제 잘못이죠. 아직도 얼굴이 다 화끈거려요.	N	2022-07-06 04:56:14	2022-11-08 04:06:05
BE22006477	6	1	회의에 적극적으로 참여하시기 위해서 켜두셨던 거군요. 열심히 하려고 노력했는데 결과가 비뚤어졌을 때 정말 힘이 많이 빠질 것 같아요. 이 일 때문에 감정화자씨가 너무 진을 빼지 않았으면 좋겠어요.	N	2022-07-06 04:56:14	2022-11-08 04:06:05
BE22006477	7	0	맞아요. 회의에 참여하신 상사 분들에게도 잘 보이고 싶었고, 발주처에도 준비한 의견을 다 피력하고 싶었는데 망쳐버렸어요. 다음에 회사에 출근해야 되면 얼굴도 못 들고 다닐 것 같아요.	N	2022-07-06 04:56:14	2022-11-08 04:06:05
BE22006477	8	1	너무 자책하지는 마세요. 일종의 사고였으니까, 빨리 잊어버리고 다음 단계를 준비하는 게 좋을 것 같아요. 감정화자씨의 마음이 힘들잖아요.	N	2022-07-06 04:56:14	2022-11-08 04:06:05
BE22006477	9	0	네, 하지만 아직은 그때 화면에 사람들이 당황한 표정이 떠오르는 게 선명해서 잊기가 힘드네요.	N	2022-07-06 04:56:14	2022-11-08 04:06:05
BE22006477	10	1	감정화자씨의 잘하고 싶고 노력한 시간은 사라지지 않아요. 이번에는 잠깐의 실수가 있었지만 다음에는 더 잘할 수 있을 거예요. 늘 노력하는 분이시니까요.	N	2022-07-06 04:56:14	2022-11-08 04:06:05
BE22006477	11	0	제게 다음 기회가 주어지기만 한다면 진짜 다시는 이런 실수는 하지 않을 거예요.	N	2022-07-06 04:56:14	2022-11-08 04:06:05
BE22006477	12	1	그렇죠? 제가 봐도 감정화자씨는 더 조심하고 신중하게 회의에 참여하실 것 같네요. 빨리 만회하실 수 있게 기회가 주어지길 기다릴게요.	N	2022-07-06 04:56:14	2022-11-08 04:06:05
BE22006477	13	0	고마워요. 저도 보란 듯이 만회하고 이 부끄러움도 빨리 잊어버릴게요.	N	2022-07-06 04:56:14	2022-11-08 04:06:05
BE22006477	14	1	금방 잊어버릴 수 있으실 거예요. 제가 옆에서 도와드릴 테니, 힘든 일 있으면 말씀하세요.	N	2022-07-06 04:56:14	2022-11-08 04:06:05
BE22006477	15	0	네, 꼭 그럴게요.	Y	2022-07-06 04:56:14	2022-11-08 04:06:05
