id	utterance_id	utterance_type	utterance_text	terminate	regDate	updDate
BE22012940	1	0	난 자녀가 많아도 두 명이면 충분하다고 생각하는데 여자 친구는 아닌가 봐. 나랑은 다르게 생각하고 있어.	N	2022-08-02 14:10:17	2022-11-08 04:47:23
BE22012940	2	1	벌써 자녀계획 세우는 거야? 근데 서로 의견이 다르네?	N	2022-08-02 14:10:17	2022-11-08 04:47:23
BE22012940	3	0	응, 난 많아서 좋을 게 없다고 생각해서 한 명이 딱 좋다고 생각하거든. 아무리 많아도 두 명이면 충분하다고 생각하는데 여자 친구는 많았으면 좋겠다고 해. 근데 많이 키우려면 그만큼 돈도 많이 들 텐데 어떡하려고 그러는지 좀 당황스러워.	N	2022-08-02 14:10:17	2022-11-08 04:47:23
BE22012940	4	1	그래, 아이 키우는 건 돈이 많이 들잖아, 나도 잘 알지. 그런데 그녀는 돈은 신경 쓰지 않고 많았으면 좋겠다고 하는 거니까 많이 곤란하겠네. 사랑해서 아이를 많이 가지고 싶은 마음은 이해하지만, 현실에 맞게 살아야 한다고 생각해.	N	2022-08-02 14:10:17	2022-11-08 04:47:23
BE22012940	5	0	무조건 많이 가지고 싶다는 거까지는 아니지만, 아슬아슬하더라도 가능하면 많이 가지고 싶다는 뜻인 거 같아. 하지만 나는 돈을 모으고 싶거든, 아이 키우면서 모으는 건 불가능이나 마찬가지잖아. 그래서 가능하면 그녀의 의견을 수용해주고 싶지만, 이번엔 마음 아파도 말을 들어줄 수가 없어.	N	2022-08-02 14:10:17	2022-11-08 04:47:23
BE22012940	6	1	여자 친구는 너한테 정말 소중하니까 말을 다 들어주고 싶은 맘 알지. 그렇지만 네 말대로 목표가 있어서 가슴 아파도 너의 의견 주장하는 모습을 보니 마음이 아프다. 네가 여자 친구를 사랑하는 마음이랑 목표랑 싸워야 한다니 그녀한테 말하면서 속으론 끙끙 앓을 거 같아.	N	2022-08-02 14:10:17	2022-11-08 04:47:23
BE22012940	7	0	맞아, 이러고 싶지 않았어, 처음 만날 때부터 그녀가 좋아하는 건 다 해주고 싶었거든. 그녀가 여자인 만큼 나보다 자녀를 사랑하는 마음이 더 클 텐데 그걸 이뤄주지 못해서 정말 미안하더라. 자녀 이야기를 할 때마다 즐거워하는 얼굴을 보면 매번 미안해지더라고.	N	2022-08-02 14:10:17	2022-11-08 04:47:23
BE22012940	8	1	그녀가 기뻐하는 모습을 지켜주고 싶은데 목표 때문에 그러지 못해서 너무 미안했었구나. 그래도 너의 목표도 소중한 거잖아. 정말 소중한 거는 타협하기 힘드니까 어쩔 수 없다고 생각해.	N	2022-08-02 14:10:17	2022-11-08 04:47:23
BE22012940	9	0	맞아, 돈 모으는 거도 결국 그녀랑 오랜 세월 동안 굴곡 없이 행복하게 지내기 위해서였어. 나에겐 그녀가 정말 소중하니까 돈이 없어서 집안이 곤란한 상황이 생기지 않았으면 좋겠거든.	N	2022-08-02 14:10:17	2022-11-08 04:47:23
BE22012940	10	1	그래, 너의 그런 생각을 말해주면 이해를 해 줄 거야. 이유 없이 돈을 모으는 게 아니라 지켜주기 위해서잖아. 너의 생각을 알면 오히려 감동할 거라 생각해.	N	2022-08-02 14:10:17	2022-11-08 04:47:23
BE22012940	11	0	그럴까? 네 말대로 이해해줬으면 좋겠다. 그녀가 이해해준다면 내 마음도 좀 편해질 거야.	N	2022-08-02 14:10:17	2022-11-08 04:47:23
BE22012940	12	1	물론이지. 그리고 자녀를 아예 가지지 않겠다는 거도 아니잖아. 자녀가 적으면 사랑을 더 줄 수 있을 테니까 자녀한테도 그녀한테도 더 좋을 수도 있다 생각해.	N	2022-08-02 14:10:17	2022-11-08 04:47:23
BE22012940	13	0	만나서 이야기를 더 해봐야겠다. 네 말대로 가족을 위해서 돈 모으는 거라고 설명해야겠어. 자녀를 많이 가지고 싶다는 말을 들어서 어떻게 말을 해야 할지 고민이었는데 이제 마음이 편해졌어.	N	2022-08-02 14:10:17	2022-11-08 04:47:23
BE22012940	14	1	이제 그녀가 이해해주는 일만 남았네. 그리고 고민 있으면 또 나한테 말해. 도움이 될 수 있다면 다 들어줄게.	Y	2022-08-02 14:10:17	2022-11-08 04:47:23
