id	utterance_id	utterance_type	utterance_text	terminate	regDate	updDate
BE22006515	1	0	제가 평소에 많이 투덜거리는 성격인가요? 오늘 생각지도 못한 말을 들어서 당황스러웠어요.	N	2022-07-06 06:32:08	2022-11-08 04:06:21
BE22006515	2	1	갑자기 무슨 일 있으세요? 감정화자님이 투덜거리다니요. 항상 밝고 긍정적이시기만 하신걸요.	N	2022-07-06 06:32:08	2022-11-08 04:06:21
BE22006515	3	0	사실 오늘 그 사람과 좀 다퉜어요. 제 나이가 돼서도 주변을 탓하는 버릇을 못 버리겠냐고 한마디 하더라고요. 그래도 그런 말을 듣게 될 줄 상상도 못했어요.	N	2022-07-06 06:32:08	2022-11-08 04:06:21
BE22006515	4	1	어머나, 평소 다정하시던 분이 그런 말씀을 하셨다니 놀랐습니다. 저도 이런데 감정화자님은 더 당황하셨을 것 같아요.	N	2022-07-06 06:32:08	2022-11-08 04:06:21
BE22006515	5	0	평소에 틀린 말은 안 하는 사람이라 그 말을 들었을 때 충격을 좀 받긴 했습니다. 잠시 사고가 마비되는 느낌이 들기도 했어요.	N	2022-07-06 06:32:08	2022-11-08 04:06:21
BE22006515	6	1	그러셨을 것 같아요. 정말 많은 생각이 스치셨을 것 같습니다.	N	2022-07-06 06:32:08	2022-11-08 04:06:21
BE22006515	7	0	그 대화로 제가 잘못 살아왔나 싶은 생각이 들기도 했어요. 저를 되돌아보는 시간을 갖기도 했고요.	N	2022-07-06 06:32:08	2022-11-08 04:06:21
BE22006515	8	1	지나온 시간을 다시 돌려 보셨다니 얼마나 충격을 받으셨으면 그러실까요. 그 심정이 어떠셨을지 상상이 안 되네요.	N	2022-07-06 06:32:08	2022-11-08 04:06:21
BE22006515	9	0	그런데 가만히 자신을 돌아보니 제가 했던 말들이 반성이 되긴 하더라구요. 마흔을 훌쩍 넘긴 나이에 이루지 못한 것들에 대해 너무 미련을 두고 있었구나 싶었어요.	N	2022-07-06 06:32:08	2022-11-08 04:06:21
BE22006515	10	1	감정화자님은 마음이 열려있으신 분이네요. 저 같았으면 그 사람한테 전화해 따졌을 것 같아요.	N	2022-07-06 06:32:08	2022-11-08 04:06:21
BE22006515	11	0	하하하. 공감화자님은 감정에 솔직하신 게 매력이시죠. 저는 용감하질 못하다 보니 따질 생각을 못 했네요.	N	2022-07-06 06:32:08	2022-11-08 04:06:21
BE22006515	12	1	감정화자님이 워낙 생각이 깊으신 탓이겠죠. 늘 상대방 말에 귀 기울이시고 감정을 살피시다가 정작 본인의 감정을 못 살피신 것 같아요. 제가 도움이 된다면 저에게는 솔직한 감정을 털어놓으셔도 괜찮아요.	N	2022-07-06 06:32:08	2022-11-08 04:06:21
BE22006515	13	0	그래도 될까요? 그와의 대화로 제가 잘못 살아왔나 싶었던 순간 털어놓을 곳이 필요하겠다는 생각이 들긴 했거든요.	N	2022-07-06 06:32:08	2022-11-08 04:06:21
BE22006515	14	1	그럼요. 저는 감정화자님과의 대화가 언제나 기다려져요. 저에게 늘 새로운 발상을 주시거든요. 생각을 전환하게 해주셔서 답답할 때면 늘 감정화자님이 생각나곤 한답니다.	N	2022-07-06 06:32:08	2022-11-08 04:06:21
BE22006515	15	0	그렇게 말씀해 주시니 공감화자님께는 포장하지 않은 제 모습을 보여드릴 수 있을 것 같습니다. 당황스러웠던 마음이 한결 정리가 되는 기분입니다. 제 얘기 들어주셔서 감사해요.	Y	2022-07-06 06:32:08	2022-11-08 04:06:21
