id	utterance_id	utterance_type	utterance_text	terminate	regDate	updDate
BE22011698	1	0	나 점심시간 짬을 내서 혼인 신고하러 구청 왔는데 주민등록증을 안 가지고 왔어. 너무 당황해서 어떻게 할지를 몰라서 그냥 구청에 가만히 둘 다 앉아있어. 시간이 없어서 점심때 온 건데 언제 또 올지 막막하다.	N	2022-07-26 02:02:34	2022-11-08 04:39:35
BE22011698	2	1	아이고, 지금 너의 상황을 상상만 해도 나도 머리가 아프다 정말. 신분증을 안 가지고 왔으니 얼마나 당황했겠니. 다시 갔다 올 시간은 안 되는 거지?	N	2022-07-26 02:02:34	2022-11-08 04:39:35
BE22011698	3	0	그렇게 시간이 됐다면 내가 이렇게 당황해서 아무것도 못하진 않았을 거야. 내가 요즘 무슨 정신으로 살고 있는지 모르겠다 정말. 혼인은 내가 하는데 신분증이 없어서 못하는 내 심정 참담해.	N	2022-07-26 02:02:34	2022-11-08 04:39:35
BE22011698	4	1	그렇구나, 그래도 너무 자신을 자책하지 말고, 바빠서 못 챙긴 거잖아. 너도 힘들게 바쁜 시간 쪼개서 왔는데 얼마나 안타깝겠니.	N	2022-07-26 02:02:34	2022-11-08 04:39:35
BE22011698	5	0	내 실수 때문에 예비 신랑도 헛걸음을 하게 돼서 미안한 마음이 너무 커. 혼인 신고서 작성하고 제출하려는 데 신분증이 없어서 나도 당황하고 신랑도 당황하고 대혼란이었어.	N	2022-07-26 02:02:34	2022-11-08 04:39:35
BE22011698	6	1	당연히 혼란스럽지. 네가 요즘 너무 바쁘잖아. 구청에 온 것만으로도 힘들게 시간을 내서 온 거였으니 너의 신랑은 다 이해했을 거야.	N	2022-07-26 02:02:34	2022-11-08 04:39:35
BE22011698	7	0	응 계속 나에게 괜찮다고 말해주는데 미안한 내 마음이 너무 크더라고. 당황해하는 나를 달래 주려 애쓰는 모습을 보면서 나도 미안해지고.	N	2022-07-26 02:02:34	2022-11-08 04:39:35
BE22011698	8	1	아이고, 남편 분 너무 다정하다. 황당하고 너에게 미안해서 얼굴을 못 들 너를 위해서 달래주기까지 하셨네. 너 정말 결혼 잘했다.	N	2022-07-26 02:02:34	2022-11-08 04:39:35
BE22011698	9	0	응 나도 그렇게 생각했지. 이번 혼인신고로 구청에 온 사건이 나한테는 많은 것을 깨닫게 해 줬어. 알고는 있었지만 남편의 다정함과 넓은 아량에 다시 한번 반하게 됐지.	N	2022-07-26 02:02:34	2022-11-08 04:39:35
BE22011698	10	1	신분증을 안 가지고 와서 많이 당황했겠지만 너희가 사건을 잘 마무리해서 너무 다행이다. 그리고 너는 남편에게 다시 반하기까지 하다니. 오늘 일을 미래에 떠 올린다면 분명 좋은 기억으로 마무리될 것 같아.	N	2022-07-26 02:02:34	2022-11-08 04:39:35
BE22011698	11	0	그럴 것 같아. 남편의 사랑을 다시 한번 확인하게 되는 계기가 되어서 다행이지. 그래도 다음에 구청 올 때는 정신 차려야지.	N	2022-07-26 02:02:34	2022-11-08 04:39:35
BE22011698	12	1	너의 긍정적인 자세가 이럴 때 빛을 내는구나 싶어. 다른 사람이라면 구청에서 짜증이 나서 남편과 싸우거나 했을 거야. 그런데 서로에 대한 사랑을 확인하게 되는 계기까지 만드는 너희가 참 대단하다.	N	2022-07-26 02:02:34	2022-11-08 04:39:35
BE22011698	13	0	나의 긍정적인 자세와 너의 응원과 지지를 보태서 이렇게 좋은 방향으로 생각하게 된 것 같아. 난 너에 세 이렇게 문자로 주고받으면 나의 불안과 고민이 해소되는 느낌을 받아서 정말 고마워.	N	2022-07-26 02:02:34	2022-11-08 04:39:35
BE22011698	14	1	그렇게 생각해 준다면 내가 고맙지. 나의 조언이 너에게 도움이 되었다면 나도 그걸로 많이 행복한걸. 그리고 나도 너에게 힘을 많이 받고 있다는 것도 알아줘.	N	2022-07-26 02:02:34	2022-11-08 04:39:35
BE22011698	15	0	나도 너의 진심 어린 메신저를 읽으면 항상 많은 힘이나. 오늘도 구청 와서 당황했던 나의 마음이 너를 통해 많이 해소되었어. 정말 고마워.	Y	2022-07-26 02:02:34	2022-11-08 04:39:35
