id	utterance_id	utterance_type	utterance_text	terminate	regDate	updDate
BE22015419	1	0	어제 아버지 제사 지냈어요. 동생들이 자고 간다고 하니까 아내 표정이 안 좋아서 많이 당황했어요.	N	2022-08-24 01:48:18	2022-08-24 01:48:18
BE22015419	2	1	하이고, 중간에서 이러지도 못하고 저러지도 못하고 너무 당황스러웠겠네요. 내가 그 상황이라도 그랬겠어요. 남편이라는 자리가 아내의 감정을 잘 살펴야 해서 힘든 거죠.	N	2022-08-24 01:48:18	2022-11-08 05:02:57
BE22015419	3	0	제사 준비한 아내 눈치도 보이고 아내가 힘들어하니까 정말 미안하더라고요. 동생들은 눈치도 없이 자고 간다고 하니. 내가 뭐라고 해야 할지 참 난감했어요.	N	2022-08-24 01:48:18	2022-11-08 05:02:57
BE22015419	4	1	참 많이 공감이 가네요. 아내 편도 들 수 없고 동생들 말을 들어줄 수도 없고. 그런 상황에서 당황스럽고 난처했을 텐데.	N	2022-08-24 01:48:18	2022-11-08 05:02:57
BE22015419	5	0	늦은 시간에 운전해서 가는 것도 걱정이고 그렇다고 자고 가라고 선뜻 말할 수도 없었어요. 아내 처분만 기다리는데 내가 좀생이가 된 것 같았어요. 죄인이 따로 없더라고요.	N	2022-08-24 01:48:18	2022-08-24 01:48:18
BE22015419	6	1	중간에 끼인 사람이 얼마나 힘든지 느꼈어요. 선택의 갈림길에서 어떤 선택을 해도 한쪽으로부터는 원성을 듣게 되지요. 그래도 신경 쓰는 감정화자의 마음을 아내가 분명 알아줄 거예요.	N	2022-08-24 01:48:18	2022-11-08 05:02:57
BE22015419	7	0	어차피 얼굴도 봤고 할 일도 했으니 각자 집으로 가는 게 나을 거 같았는데. 결론적으로는 그렇게 되기는 했지만 쉽게 말하기가 어려워서 당황스러웠네요.	N	2022-08-24 01:48:18	2022-08-24 01:48:18
BE22015419	8	1	감정화자는 배려가 깊어요. 같이 사는 아내를 위하는 마음이 멋져요. 솔직히 아내는 시댁을 위해서 자신을 희생하는 것이니 그 공을 인정하고 위해주는 것이 옳지 않겠어요?	N	2022-08-24 01:48:18	2022-11-08 05:02:57
BE22015419	9	0	그렇죠? 내가 그렇게 결정을 내리니 오히려 아내가 미안한 표정을 지었어요. 동생들도 당연하게 자기들 집으로 돌아가고 나니까 모두 마음이 편해졌지요. 내가 생각해도 바람직한 결정이었어요.	N	2022-08-24 01:48:18	2022-11-08 05:02:57
BE22015419	10	1	중간에 낀 남편들이 잘해야 양쪽 모두 편합니다. 당황스러운 상황에서 솔로몬의 선택으로 가정의 평화를 찾았네요. 역시 소심해 보이지만 강단이 있네요.	N	2022-08-24 01:48:18	2022-11-08 05:02:57
BE22015419	11	0	사실 이런 일이 자주 있었어요. 그때마다 내 권위를 내세우느라 아내를 위하지 않았죠. 가장 소중한 아내를 위해야 동생들도 편하고 나도 편하다는 것을 경험에서 알게 되었어요.	N	2022-08-24 01:48:18	2022-08-24 01:48:18
BE22015419	12	1	맞아요. 동생들도 잠시 서운했을 수는 있지만 마음에 담아두지 않을 겁니다. 오히려 아버지 제사를 준비해 주는 형수에게 고마운 마음이 클 거예요. 정말 현명한 대처라고 느껴요.	N	2022-08-24 01:48:18	2022-11-08 05:02:57
BE22015419	13	0	칭찬해 주니까 몸 둘 바를 모르겠네요. 세상이 변해서 아내가 제사도 안 지낸다고 해도 나로서는 할 말이 없죠. 그러니 아내에게 늘 고마운 마음을 잊지 않아야 할 것 같아요.	N	2022-08-24 01:48:18	2022-08-24 01:48:18
BE22015419	14	1	처음엔 무척 당황스러워 보이더니 잘 해결되어 다행이네요. 자네가 아내를 위하고 가정을 편안하게 꾸리는 모습이 멋있네요. 다 그런 마음 때문에 당황도 하고 난처한 마음도 생기는 거죠.	N	2022-08-24 01:48:18	2022-11-08 05:02:57
BE22015419	15	0	그래요. 언제나 내 중심에는 내 아내와 가정의 평안이 있어요. 이렇게 이야기를 나누니 한결 마음이 편안해졌어요.	Y	2022-08-24 01:48:18	2022-11-08 05:02:57
