id	utterance_id	utterance_type	utterance_text	terminate	regDate	updDate
BE22014262	1	0	내 친구가 우리 회사에 입사했어. 그런데 내 부하 직원으로 들어와서 너무 당황스러워.	N	2022-08-16 02:10:53	2022-11-08 04:55:47
BE22014262	2	1	넌 친구가 같은 부서에서 일하게 된 것이 부담스러운 건가 보구나. 충분히 그럴 수 있지. 나였어도 충분히 고민되었을 거야.	N	2022-08-16 02:10:53	2022-11-08 04:55:47
BE22014262	3	0	맞아. 약간 그런 느낌이 들어. 처음에 무척 당황이 되더라. 그리고 친구지만 회사에서는 부하 상사 관계니까 그 친구도 약간 어색해하는 거 같았어.	N	2022-08-16 02:10:53	2022-11-08 04:55:47
BE22014262	4	1	아무래도 아무렇지 않다면 그건 거짓말일 거야. 그래도 요즘은 상하 관계나 호칭을 없애는 회사들이 많던데. 너희 회사는 어때?	N	2022-08-16 02:10:53	2022-11-08 04:55:47
BE22014262	5	0	호칭은 이름 뒤에 '님' 자로 통일했어. 그렇지만 업무 보고는 상하가 있어서 서로 마음 상하지 않을까 걱정이 돼. 공적인 상황에서 사적인 마음을 내면 안 되는데 그 친구가 그걸 불편해할까 봐 조금 당황스러워.	N	2022-08-16 02:10:53	2022-11-08 04:55:47
BE22014262	6	1	인간의 감정은 섬세해서 늘 갈등의 씨앗을 갖고 있잖아. 그 친구와 이야기가 잘 통하면 마음에 상처를 받지 않도록 미리 말해보는 건 어때? 공과 사를 잘 구분하면 불편한 일도 줄일 수 있지 않겠니?	N	2022-08-16 02:10:53	2022-11-08 04:55:47
BE22014262	7	0	그래야 될 것 같아. 서로 서운한 마음이 생기지 않도록 미연에 조심해야지. 이럴 때 어떻게 마음을 써야 하는지 고민을 깊게 해야 하겠지.	N	2022-08-16 02:10:53	2022-08-16 02:10:53
BE22014262	8	1	친구도 회사에서는 어차피 부하직원이니 이해할 거라는 생각이 들어. 회사일이 아니라면 다시 친구로 돌아가서 편하게 지내는 거지. 서로 규칙을 받아들이고 이해하면 당황스러운 일은 얼마든지 극복할 수 있을 것 같은데.	N	2022-08-16 02:10:53	2022-11-08 04:55:47
BE22014262	9	0	맞아, 요즘 젊은 세대는 직위 따위는 신경도 안 쓰더라. 위계를 없애려는 노력을 오히려 젊은 사람들이 하는 게 정말 멋있어 보였어. 일은 일이고 친구는 친군데 부하직원이니 상사니 하는 구분도 신경 쓰지 말아야겠어.	N	2022-08-16 02:10:53	2022-11-08 04:55:47
BE22014262	10	1	친구가 부하직원이 되니 직장 내 상하 위계나 권력관계를 고민하게 되는구나. 친구 덕분에 직장 내 수평 문화를 만드는 데 도움이 되겠네. 그리고 업무로 구분하고 사람은 있는 그대로 바라보는 노력을 이 기회에 해보면 마음도 편하겠네.	N	2022-08-16 02:10:53	2022-11-08 04:55:47
BE22014262	11	0	그래, 그런 문화를 그 친구와 내가 앞장서서 만들어야겠네. 오히려 그 친구가 우리 회사로 온 게 나한테는 좋은 계기가 되었네.	N	2022-08-16 02:10:53	2022-11-08 04:55:47
BE22014262	12	1	아주 보기 좋다. 덕분에 인간관계를 어떻게 풀어가야 할지 생각하게 되었어. 너한테도 좋은 실험이 되겠다.	N	2022-08-16 02:10:53	2022-11-08 04:55:47
BE22014262	13	0	너하고 이야기를 나누다 보니 당황스러운 마음이 많이 없어졌어. 처음에는 어떻게 해야 하나 막막한 느낌이었지. 사람은 역시 타인을 통해 내 모습을 보고 나를 단련시키려는 노력을 해야 하나 봐.	N	2022-08-16 02:10:53	2022-08-16 02:10:53
BE22014262	14	1	잘 해결할 수 있어서 다행이다. 난처하고 당황스러운 일이 생겨도 이렇게 대화를 나누니 해결이 되는 게 신기하다. 네가 마음이 넓어서 그래.	N	2022-08-16 02:10:53	2022-11-08 04:55:47
BE22014262	15	0	칭찬받으니 기분 좋다. 당황스럽고 어려운 일이 이렇게 쉽게 해결된 건 네 덕분이야. 내 고민 들어줘서 고마워.	N	2022-08-16 02:10:53	2022-08-16 02:10:53
BE22014262	16	1	아니야, 나도 당황스러운 일을 맞닥뜨렸을 때나 세상이 어떻게 돌아가는지 간접경험했잖아. 소중한 정서적 감정을 배운 기회야. 아무튼 잘 지내길 바랄게.	Y	2022-08-16 02:10:53	2022-11-08 04:55:47
