id	utterance_id	utterance_type	utterance_text	terminate	regDate	updDate
BE22013979	1	0	나 지하철에 가방을 두고 내린 것 같아. 어떡하지. 거기에 정말 중요한 자료 많이 들어있는데. 너무 당황스럽다.	N	2022-08-11 09:39:23	2022-11-08 04:53:57
BE22013979	2	1	갑자기 그런 일이 생겼다니 너무 안타깝다. 너무 당황하지 마, 곧 찾을 수 있을 거야! 연락은 해본 거야?	N	2022-08-11 09:39:23	2022-11-08 04:53:57
BE22013979	3	0	응, 맞아. 아직 연락이 닿지 않고 있어. 자다가 급하게 내렸는데 위에 올려둔 걸 깜빡했지 뭐야. 정말 너무 당황해서 움직이지도 못하고 있어.	N	2022-08-11 09:39:23	2022-11-08 04:53:57
BE22013979	4	1	걱정하지 마, 네 잘못이 아니잖아! 분명 네 가방도 멀쩡하게 돌아올 거야. 진정하고 차분히 기다려 보는 게 좋을 것 같아.	N	2022-08-11 09:39:23	2022-11-08 04:53:57
BE22013979	5	0	나도 무사할 거라고 믿고 싶다. 하지만 지금 내 상황으론 정말 출구 없는 미로 속에 빠진 기분이야. 어떻게 될지 전혀 감도 안 와.	N	2022-08-11 09:39:23	2022-08-11 09:39:23
BE22013979	6	1	우리나라가 얼마나 분실물을 잘 찾아 주는데! 이 세상에 우리나라보다 안전한 나라는 없는 것 너도 잘 알지? 분명 누군가가 네 가방을 발견하고 널 찾고 있을 거야!	N	2022-08-11 09:39:23	2022-11-08 04:53:57
BE22013979	7	0	그렇겠지? 우리나라는 물건도 잘 안 없어지기도 하니까. 나도 그렇게 좋게 생각하고 싶은데 마음은 그렇게 되지 않네.	N	2022-08-11 09:39:23	2022-11-08 04:53:57
BE22013979	8	1	물건이 사라졌는데 걱정이 되는 건 당연한 거야! 그래도 찾을 수 있다고 생각하면 마음이 조금 편해질 거야. 분실물 센터에 연락은 해본 거지?	N	2022-08-11 09:39:23	2022-11-08 04:53:57
BE22013979	9	0	당연하지. 확인하고 연락을 준다고 했어. 하 너무 떨려서 아무것도 못 하겠다. 갑자기 이게 무슨 마른하늘에 날벼락이야.	N	2022-08-11 09:39:23	2022-11-08 04:53:57
BE22013979	10	1	많이 조급할 수 있겠지만 네가 할 수 있는 일은 다 했잖아. 네가 열심히 노력한 만큼 무사히 돌아올 거라고 생각하는 게 좋을 것 같아.	N	2022-08-11 09:39:23	2022-11-08 04:53:57
BE22013979	11	0	하긴 네 말이 맞아. 여기서 네가 할 수 있는 조치는 다 취했으니 분명 돌아오겠지. 더 걱정하면 나만 피곤해지는 것 같아.	N	2022-08-11 09:39:23	2022-11-08 04:53:57
BE22013979	12	1	그럼, 당연하지. 너무 스트레스를 받지 않아도 될 듯해. 요즘 지하철에서 물건 잃어버려도 금방 다 찾는데! 최근에 엄청나게 좋아졌다고 하더라!	N	2022-08-11 09:39:23	2022-11-08 04:53:57
BE22013979	13	0	그런 말을 들으니 조금은 진정이 된다. 하긴 대한민국에서 누가 남의 물건을 가져가겠어! 분명 나한테 돌아오겠지.	N	2022-08-11 09:39:23	2022-08-11 09:39:23
BE22013979	14	1	그럼, 당연하지. 조금만 진정하고 기다리면 분명 네 가방을 찾았다는 전화가 올 거야! 차분히 기다려 보자!	N	2022-08-11 09:39:23	2022-11-08 04:53:57
BE22013979	15	0	그래, 네 덕분에 조금은 진정이 된다. 찾으면 꼭 너에게도 연락해줄게. 오늘 달래줘서 정말 고마워!	Y	2022-08-11 09:39:23	2022-11-08 04:53:57
