id	utterance_id	utterance_type	utterance_text	terminate	regDate	updDate
BE22009598	1	0	운전하다가 다른 차와 추돌하고 말았어요. 황급히 브레이크를 밟았지만 너무 가까웠던 탓에 차마 피할 수가 없었어요.	N	2022-07-17 16:26:34	2022-11-08 04:26:11
BE22009598	2	1	저런, 몸은 괜찮으세요? 다친 곳이 없으실까봐 걱정이 되는걸요.	N	2022-07-17 16:26:34	2022-11-08 04:26:11
BE22009598	3	0	다행히 크게 다친 데는 없지만, 놀란 마음이 쉽사리 진정되지 않아요. 너무 당황한 탓에 몸이 바짝 긴장한 상태인걸요.	N	2022-07-17 16:26:34	2022-11-08 04:26:11
BE22009598	4	1	많이 놀라셨죠. 갑작스레 교통사고를 겪으셨으니 무척 당혹스러우실 것 같아요. 저라도 깜짝 놀라서 심장이 벌렁거릴 거예요.	N	2022-07-17 16:26:34	2022-11-08 04:26:11
BE22009598	5	0	맞아요. 도로가 눈에 덮여 있어 더욱 아찔한 상황이었거든요. 갑작스레 앞의 차가 속도를 늦추는 바람에 어떻게 할 도리가 없었어요.	N	2022-07-17 16:26:34	2022-11-08 04:26:11
BE22009598	6	1	저런, 큰일이 날 뻔했으니 얼마나 식겁하셨겠어요. 다행히 큰 인명 사고로는 번지지 않아 정말 다행이에요.	N	2022-07-17 16:26:34	2022-11-08 04:26:11
BE22009598	7	0	그건 그래요. 하지만 자동차 전조등이 부딪히면서 고장이 나는 바람에, 수리를 맡기게 됐어요. 조금만 더 빨리 브레이크를 밟았으면 좋았을걸, 하는 생각에 후회가 되는걸요.	N	2022-07-17 16:26:34	2022-11-08 04:26:11
BE22009598	8	1	아니에요. 당황스러운 상황에서도 침착하게 브레이크를 밟으신 것만으로도 잘 하셨어요. 게다가 눈 내린 도로는 자동차를 제어하기도 어려웠을 테니 고생이 많으셨을 거예요. 지나간 일에 후회하며 스스로를 몰아붙일 필요는 없으니, 부디 기운을 내요.	N	2022-07-17 16:26:34	2022-11-08 04:26:11
BE22009598	9	0	그렇게 말해주셔서 감사해요. 사실 이런 추돌 사고를 처음 겪어서 정말 불안하고 당황스러운 마음이 크거든요. 사고가 난 당시에도 어쩔 줄을 몰라 쭈뼛거리고 있었어요.	N	2022-07-17 16:26:34	2022-11-08 04:26:11
BE22009598	10	1	처음이라면 더더욱 놀라고 긴장이 되었겠군요. 저도 처음에 자동차 접촉 사고를 내고서는 깜짝 놀라 안절부절못했던 경험이 있거든요. 누구나 처음에는 어설프고 힘든 법이니, 너무 걱정하지 말아요.	N	2022-07-17 16:26:34	2022-11-08 04:26:11
BE22009598	11	0	그렇게 말해주시니 안심이 되네요. 조금 전까지만 해도 놀란 마음이 주체가 잘 안됐거든요. 그 말을 듣고 나니 마음이 그나마 놓이는 것 같아요.	N	2022-07-17 16:26:34	2022-11-08 04:26:11
BE22009598	12	1	사고가 났다는 사실에 너무 마음 쓰지 말아요. 무엇보다 당신이 크게 다치지 않아서 가장 다행인걸요. 당신이 무사하다는 것만으로도 충분히 감사한 일이에요.	N	2022-07-17 16:26:34	2022-11-08 04:26:11
BE22009598	13	0	맞아요. 당신 말대로 누구 하나 다치지 않은 것에 감사해야겠죠. 그렇게 생각하니 무겁던 마음이 한결 가벼워졌어요.	N	2022-07-17 16:26:34	2022-11-08 04:26:11
BE22009598	14	1	그것참 다행인걸요. 차 수리도 금방 문제없이 마무리될 테니, 마음의 짐을 덜도록 해요. 누구나 한번쯤 실수하는 법이니 지나치게 자책하지 말고요.	N	2022-07-17 16:26:34	2022-11-08 04:26:11
BE22009598	15	0	조언해줘서 고마워요. 제게 큰 도움이 됐어요.	Y	2022-07-17 16:26:34	2022-11-08 04:26:11
