id	utterance_id	utterance_type	utterance_text	terminate	regDate	updDate
BE22007021	1	0	어제 정말 창피한 일이 있었어. 너무 부끄러워서 너한테 말도 못할 지경이야.	N	2022-07-08 02:58:56	2022-11-08 04:09:43
BE22007021	2	1	어머, 무슨 일인데 그래? 너답지 않게 바로 말도 못하는 걸 보니 정말 창피했나 보구나.	N	2022-07-08 02:58:56	2022-11-08 04:09:43
BE22007021	3	0	어제 입사 후 첫 회식이었는데 필름이 끊겨 버렸어. 쥐구멍에라도 들어가서 숨고 싶은 심정이야.	N	2022-07-08 02:58:56	2022-11-08 04:09:43
BE22007021	4	1	첫 회식인데 정말 당황스러웠겠구나. 긴장한 탓에 너무 많이 마셨나 보구나.	N	2022-07-08 02:58:56	2022-11-08 04:09:43
BE22007021	5	0	평소보다 많이 마신 것 같지도 않은데 어떻게 된 일인지 모르겠어. 일어나 보니 집이어서 정말 황당했어. 집에 잘 들어갔느냐는 직장 상사 문자를 보니 하늘이 노랗더라.	N	2022-07-08 02:58:56	2022-11-08 04:09:43
BE22007021	6	1	나라도 얼굴이 화끈거렸겠다. 더구나 입사한 지 얼마 되지도 않았으니 더 그랬을 거야. 첫 회식인데 네가 얼마나 당황했을지 짐작이 가고도 남아.	N	2022-07-08 02:58:56	2022-11-08 04:09:43
BE22007021	7	0	월요일에 출근할 생각하니 눈앞이 캄캄해. 힘들게 들어간 직장이니 출근을 안 할 수도 없고.	N	2022-07-08 02:58:56	2022-11-08 04:09:43
BE22007021	8	1	그래, 서로 알게 된 지 며칠밖에 안 됐으니 어색하고 부끄럽긴 하겠다. 그래도 첫 회식에서는 그런 일이 종종 있으니 너무 심각하게 생각하지는 마.	N	2022-07-08 02:58:56	2022-11-08 04:09:43
BE22007021	9	0	정말 그래도 괜찮을까? 난 여전히 창피해서 죽을 것 같거든.	N	2022-07-08 02:58:56	2022-11-08 04:09:43
BE22007021	10	1	주말 지나다 보면 부끄러운 마음도 괜찮아질 거야. 직장 동료들도 대수롭지 않게 여길 거고. 지금은 다 잊어버렸을 테니 너무 마음 쓰지 마.	N	2022-07-08 02:58:56	2022-11-08 04:09:43
BE22007021	11	0	네가 그렇게 말해 주니 위로가 되네. 너무 부끄러워서 말도 못하고 있었는데 정말 고마워.	N	2022-07-08 02:58:56	2022-11-08 04:09:43
BE22007021	12	1	그래, 네가 아무렇지 않게 자연스럽게 행동하면 직장 동료들도 그렇게 대해줄 거야. 넌 붙임성도 좋고 사람들과도 잘 어울리니 잘 할 수 있을 거야.	N	2022-07-08 02:58:56	2022-11-08 04:09:43
BE22007021	13	0	네가 말한 것처럼 부끄러운 마음은 접어두고 새로운 마음으로 다음 주 출근 준비해야겠어.	N	2022-07-08 02:58:56	2022-11-08 04:09:43
BE22007021	14	1	주말 동안 푹 쉬고 마음도 재정비하면 되겠다. 그럼 다음 주는 활기차게 시작할 수 있을 거야.	N	2022-07-08 02:58:56	2022-11-08 04:09:43
BE22007021	15	0	그래, 이래서 정말 친구가 좋구나. 위로해 주고 격려해 줘서 너무 고마워, 친구야.	Y	2022-07-08 02:58:56	2022-11-08 04:09:43
