id	utterance_id	utterance_type	utterance_text	terminate	regDate	updDate
BE22014723	1	0	나 지금 너무 창피해서 쥐구멍이라도 숨고 싶은 심정이야. 진짜 너무 당황스러워.	N	2022-08-19 04:13:52	2022-11-08 04:58:40
BE22014723	2	1	왜? 무슨 일 있었어?	N	2022-08-19 04:13:52	2022-08-19 04:13:52
BE22014723	3	0	찜통더위에 속옷까지 흠뻑 젖어버렸어. 우연히 거울에 비친 내 모습을 보고 얼굴이 다 빨개졌어, 정말 당황스럽다.	N	2022-08-19 04:13:52	2022-11-08 04:58:40
BE22014723	4	1	너무 당황스럽고 민망했겠다. 나 같아도 그 자리에서 감쪽같이 사라져버리고 싶은 만큼 부끄러운 순간이었을 거야.	N	2022-08-19 04:13:52	2022-11-08 04:58:40
BE22014723	5	0	집에서 꽤 걸어온 것 같은데 언제부터 이런 거지? 오면서 사람도 많이 마주쳤는데 다 봤겠지? 창피해서 얼굴을 못 들겠다.	N	2022-08-19 04:13:52	2022-08-19 04:13:52
BE22014723	6	1	괜찮아, 무더운 여름날에 그럴 수 있지. 그리고 사람들도 자기 갈 길 가느라 바빠 신경도 못 썼을 거야. 너무 마음 두지 마.	N	2022-08-19 04:13:52	2022-11-08 04:58:40
BE22014723	7	0	그렇겠지? 하긴 나도 오면서 햇살도 따갑고 더워서 사람들은 안중에도 없더라. 네 말대로 생각하니 마음이 좀 편해지는 것 같다.	N	2022-08-19 04:13:52	2022-08-19 04:13:52
BE22014723	8	1	그래. 생각보다 사람들은 남한테 관심이 없다고 하잖아. 본 사람이 있다고 하더라도 금방 잊어버리게 될 거야.	N	2022-08-19 04:13:52	2022-11-08 04:58:40
BE22014723	9	0	그런데 나 약속이 있어서 지하철을 타야 되거든. 사람들이 날 피하기라도 한다면 지하철 안에서 이도 저도 못하게 되잖아. 상상만 해도 당황스러워서 어찌할 바 모르겠어.	N	2022-08-19 04:13:52	2022-08-19 04:13:52
BE22014723	10	1	너무 신경 쓰지 마. 오늘처럼 더운 날에는 모두 비슷한 상황일 거야. 네 상황을 알아차리더라도 모두 이해할 테니 마음 편히 먹어도 괜찮아.	N	2022-08-19 04:13:52	2022-11-08 04:58:40
BE22014723	11	0	알겠어. 다시 생각해 보니 내가 너무 안 좋은 쪽으로만 생각했던 것 같아. 아까까지 어쩔 줄 몰라 발만 동동 굴렀는데 한결 괜찮아졌어.	N	2022-08-19 04:13:52	2022-08-19 04:13:52
BE22014723	12	1	다행이다. 땀이 나는 건 몸의 자연스러운 현상이잖아. 전혀 부끄러워할 일 아니니까 당황하지 않아도 돼.	N	2022-08-19 04:13:52	2022-11-08 04:58:40
BE22014723	13	0	고마워. 너 덕분에 이제 이런 일이 다시 있어도 의연한 마음으로 지나 보낼 수 있겠어.	N	2022-08-19 04:13:52	2022-08-19 04:13:52
BE22014723	14	1	너의 마음가짐에 좋은 변화가 생겨서 나도 뿌듯한 마음이 드네. 다음에 또 연락해.	Y	2022-08-19 04:13:52	2022-11-08 04:58:40
