id	utterance_id	utterance_type	utterance_text	terminate	regDate	updDate
BE22011008	1	0	나 오늘 너무 황당한 일을 겪었어. 우표 사서 붙여 보낸 편지가 사라졌어. 나는 분명 친척분에게 보냈는데 오늘 확인해보니까 못 받았다고 하시는 거야.	N	2022-07-22 07:29:34	2022-11-08 04:35:10
BE22011008	2	1	뭐? 그게 무슨 일이야? 어떻게 그런 일이 있을 수 있지?	N	2022-07-22 07:29:34	2022-11-08 04:35:10
BE22011008	3	0	중요한 서류는 아니었는데 친척분이 못 받았다고 해서 너무 당황스러운 거야. 그래서 부랴부랴 우체국에 전화해봤는데 확인이 안 된대. 무슨 이런 일이 다 있니?	N	2022-07-22 07:29:34	2022-11-08 04:35:10
BE22011008	4	1	어머. 괜찮아? 너무 황당하고 어이없었겠다. 보낸 편지를 못 받았다고 하니 얼마나 당황스러웠겠어. 게다가 편지 분실이라니?	N	2022-07-22 07:29:34	2022-11-08 04:35:10
BE22011008	5	0	내 말이 그 말이야. 너무 당황스러워서 뭘 어떻게 해야 할지 모르겠는 거야. 제때 보내드려야 할 서류도 못 보내드리고 확인도 되지 않는다니 혼자 길에 서서 벙쪄서 있었잖아.	N	2022-07-22 07:29:34	2022-11-08 04:35:10
BE22011008	6	1	나 같아도 머리가 새하얘져서 아무것도 못 할 것 같아. 나는 분명히 일을 잘 처리했는데 갑자기 다 내 탓이 된 것 같잖아. 뭘 잘못했나 계속 되짚어보고 말이야.	N	2022-07-22 07:29:34	2022-11-08 04:35:10
BE22011008	7	0	맞아, 그런 마음이었어, 지금. 내가 어디서부터 뭐가 잘못된 건지 계속 되짚어보고 있었어. 근데 생각해보니 내 잘못은 아니잖아.	N	2022-07-22 07:29:34	2022-11-08 04:35:10
BE22011008	8	1	그럼. 감정 화자님 탓이 아니니 너무 마음 쓰지 마. 살다 보면 그런 황당한 일이 한 번씩은 지나가게 되더라고. 이런 일 겪으면서 한 뼘씩 성장해 나가는 것 같아.	N	2022-07-22 07:29:34	2022-11-08 04:35:10
BE22011008	9	0	그렇게 말해주니 뭔가 한 뼘 성장한 느낌이다. 친척분께도 양해 말씀 구하고 다시 서류 보내드리기로 했어. 우체국 직원과도 얘기 잘 마무리했고.	N	2022-07-22 07:29:34	2022-11-08 04:35:10
BE22011008	10	1	나였다면 해당 직원에게 조금이라도 화가 났을 것 같은데, 좋게 마무리하는 감정 화자님 행동이 대단하다. 당황스러운 상황에서도 잘 처리했구나.	N	2022-07-22 07:29:34	2022-11-08 04:35:10
BE22011008	11	0	이것도 결국 사람이 하는 일이잖아. 물론 나는 당황스러웠지만 사람 일이라 실수할 수도 있다고 생각하니 얘기가 잘 되었어.	N	2022-07-22 07:29:34	2022-11-08 04:35:10
BE22011008	12	1	잘 처리했다니 다행이다. 게다가 감정 화자님에게 그런 너그러움이 있었다니 새롭게 보인다.	N	2022-07-22 07:29:34	2022-11-08 04:35:10
BE22011008	13	0	그렇게 말해줘서 고마워. 사실 감정적이긴 했는데 얘기하다 보니 차분해지면서 많이 괜찮아졌어.	N	2022-07-22 07:29:34	2022-11-08 04:35:10
BE22011008	14	1	나야말로 그런 말을 들으니 고마운걸. 오늘 좋은 하루 보내.	N	2022-07-22 07:29:34	2022-11-08 04:35:10
BE22011008	15	0	그래. 들어줘서 고마워. 나중에 보자.	Y	2022-07-22 07:29:34	2022-11-08 04:35:10
