id	utterance_id	utterance_type	utterance_text	terminate	regDate	updDate
BE22009543	1	0	사실은 얼마 전부터 귀에서 이상한 소리가 나서 병원에 갔는데, 이명증이라는 진단받았어요.	N	2022-07-17 11:24:19	2022-11-08 04:25:48
BE22009543	2	1	이명증이라니, 일상생활에 지장이 많으실 것 같은걸요. 많이 불편하시겠어요.	N	2022-07-17 11:24:19	2022-11-08 04:25:48
BE22009543	3	0	귀에서 소리가 날 때면 신경이 쓰여서 일에 집중을 못 하곤 해요. 처음에는 대수롭지 않게 여겼다가 이명증이라는 진단받고 얼마나 놀라고 당황했는지 몰라요.	N	2022-07-17 11:24:19	2022-11-08 04:25:48
BE22009543	4	1	이명증이라는 것을 알고 많이 놀라셨겠어요. 병원에서 그런 진단을 받는다면 저 같아도 곤란할 거예요. 무엇보다 집중이 어려울 정도면 당신이 너무 불편할 것 같아서 염려되는걸요.	N	2022-07-17 11:24:19	2022-11-08 04:25:48
BE22009543	5	0	맞아요. 스트레스로 발생하는 증상이라, 해줄 수 있는 게 없다고 하네요. 그런데 제가 뭘 어떻게 해야 할지 알 수가 없어서 당혹스럽기만 한걸요. 오히려 이 증상 때문에 더더욱 스트레스만 더 쌓이는 것 같아요.	N	2022-07-17 11:24:19	2022-11-08 04:25:48
BE22009543	6	1	저런, 그동안 알게 모르게 쌓인 스트레스가 당신을 아프게 했군요. 병으로 이어질 만큼 마음고생을 한 당신을 생각하니 제가 다 안타까워요.	N	2022-07-17 11:24:19	2022-11-08 04:25:48
BE22009543	7	0	요즘 들어 업무 과중으로 피로가 쌓인 탓이 큰 것 같아요. 이런 일로 이명증까지 생겼다니 당황스러워요. 제가 이렇게 나약했나 싶어 기운이 빠지기도 해요.	N	2022-07-17 11:24:19	2022-11-08 04:25:48
BE22009543	8	1	그런 소리 마세요. 누구에게나 과한 업무는 버겁고 힘든 일인걸요. 결코 당신이 나약해서 생긴 일이 아니니 부디 자신을 자책하지 말아요.	N	2022-07-17 11:24:19	2022-11-08 04:25:48
BE22009543	9	0	그렇게 말해주셔서 고마워요. 저도 모르게 일을 더 중요시하는 바람에 제 몸과 마음을 가꾸는 일에 소홀히 하고 있었나 봐요.	N	2022-07-17 11:24:19	2022-11-08 04:25:48
BE22009543	10	1	물론 지금 당신이 하는 일에 열정을 바치는 것은 좋은 일이죠. 하지만 그로 인해 당신의 건강이 나빠지는 게 염려가 돼요. 부디 무엇보다 당신 스스로가 가장 중요하다는 걸 잊지 않았으면 해요.	N	2022-07-17 11:24:19	2022-11-08 04:25:48
BE22009543	11	0	당신 말이 맞아요. 저를 지나치게 압박하고 몰아붙이는 바람에, 스트레스가 쌓여 이명증까지 생긴 거겠죠. 이렇게까지 제가 저를 혹사하고 있었다니 유감인걸요.	N	2022-07-17 11:24:19	2022-11-08 04:25:48
BE22009543	12	1	당신에게는 당장 휴식을 취하는 게 무엇보다 중요한 일일 것 같아요. 업무에 대한 부담은 잠시 내려놓고 마음의 안정을 찾아봐요. 분명 이명증도 나아질뿐더러, 기분이 한결 상쾌해질 거예요.	N	2022-07-17 11:24:19	2022-11-08 04:25:48
BE22009543	13	0	그렇게 하는 게 좋겠어요. 당신의 조언을 듣고 나니, 제 마음을 환기하는 과정이 중요할 거라는 생각이 드네요. 제게 무엇보다도 도움이 되는 말씀을 해주셔서 감사해요.	N	2022-07-17 11:24:19	2022-11-08 04:25:48
BE22009543	14	1	도움이 되었다니 정말 다행인걸요. 당신의 이명증도 곧 나아질 수 있을 테니, 염려 말고 푹 쉬길 바라요. 당신이 부디 쾌차하길 바랄게요.	N	2022-07-17 11:24:19	2022-11-08 04:25:48
BE22009543	15	0	감사해요. 당신과 얘기하고 나니 마음이 벌써 한결 편안한걸요. 당신의 조언을 마음에 되새길게요.	Y	2022-07-17 11:24:19	2022-11-08 04:25:48
