id	utterance_id	utterance_type	utterance_text	terminate	regDate	updDate
BE22001761	1	0	오늘 날씨 엄청 더웠는데 거래처에 갔거든. 그런데 마스크를 계속 쓰고 있어서 땀이 번질거려 화장이 다 지워진 거야. 얼마나 당황스럽던지.	N	2022-06-16 15:31:39	2022-11-08 03:35:49
BE22001761	2	1	일적으로 만난 거래처 사람이라면 더 그랬겠네. 마음고생이 심했겠다.	N	2022-06-16 15:31:39	2022-11-08 03:35:49
BE22001761	3	0	그러게, 파운데이션이 다 지워져 마스크에 다 묻어버리고 땀은 또 어찌나 나던지 얼굴이 화끈거리더라고.	N	2022-06-16 15:31:39	2022-11-08 03:35:49
BE22001761	4	1	그 당황스러움 나도 겪어봐서 알지. 온도가 높은 날은 마스크 쓰는 게 정말 곤혹스럽잖아.	N	2022-06-16 15:31:39	2022-11-08 03:35:49
BE22001761	5	0	언제나 이 지긋지긋한 마스크로부터 해방될까? 낮에 겪었던 상황을 생각하면 아직도 아찔해.	N	2022-06-16 15:31:39	2022-11-08 03:35:49
BE22001761	6	1	그래도 너무 속상해하지 마. 그분도 지금의 시국이 이러니 이해하지 않겠어?	N	2022-06-16 15:31:39	2022-11-08 03:35:49
BE22001761	7	0	그렇긴 해도 그분은 말도 못하고 좀 그랬을 것 같아. 이상하게 다른 부위보다 얼굴에 땀샘이 몰려 있는지 유독 땀이 많이 나.	N	2022-06-16 15:31:39	2022-11-08 03:35:49
BE22001761	8	1	그 심정 나도 알지. 얼굴이 어찌나 번질거리든지 자주 화장을 고쳐야 하거든.	N	2022-06-16 15:31:39	2022-11-08 03:35:49
BE22001761	9	0	또 이런 무안한 상황을 겪고 싶지 않는데 무슨 묘안이 없을까?	N	2022-06-16 15:31:39	2022-11-08 03:35:49
BE22001761	10	1	그럼 파운데이션을 바꿔보면 어떨까? 나도 얼마 전 친구한테 추천받은 건데 화장이 잘 지워지거나 묻어나지 않더라고.	N	2022-06-16 15:31:39	2022-11-08 03:35:49
BE22001761	11	0	오, 그것 참 좋을 거 같은데? 이참에 나도 한번 써봐야겠다.	N	2022-06-16 15:31:39	2022-11-08 03:35:49
BE22001761	12	1	그래, 그리고 여름철엔 가능하면 매트한 제품을 사용하는 게 좋을 것 같아.	N	2022-06-16 15:31:39	2022-11-08 03:35:49
BE22001761	13	0	좋은 정보 고마워. 네 덕분에 오늘의 당황스러운 기분이 조금 해소되는 것 같아.	N	2022-06-16 15:31:39	2022-11-08 03:35:49
BE22001761	14	1	뭘 이런 걸 가지고 그래. 앞으로도 무슨 일이든 나한테 털어버리라고. 정답은 아니지만 이야기를 나누다 보면 어느 정도 해소는 될 수 있을 테니까.	Y	2022-06-16 15:31:39	2022-11-08 03:35:49
