id	utterance_id	utterance_type	utterance_text	terminate	regDate	updDate
BE22012473	1	0	어제 여자 친구와 만났는데 깜빡하고 커플 반지를 착용하지 않고 나갔지 뭐예요. 눈치챘을 때 너무 당황스럽고 종일 눈치 보이는 날이었어요.	N	2022-07-30 00:09:05	2022-11-08 04:44:27
BE22012473	2	1	커플 사이에선 항상 착용하고 있는 것이 무언의 약속이자 사랑과 정성의 증표라고 하잖아요. 그런 반지를 까먹고 데이트를 나갔으니 얼마나 눈치가 보이셨을지 짐작이 가네요.	N	2022-07-30 00:09:05	2022-11-08 04:44:27
BE22012473	3	0	네. 여자 친구도 만나자마자 제 약지를 보고선 눈치채더라고요. 상처받은 표정으로 실망해 하는 모습을 봤는데 어떻게 해명해야 할지 식은땀이 나더라고요.	N	2022-07-30 00:09:05	2022-11-08 04:44:27
BE22012473	4	1	사랑하는 사람의 실망한 표정을 보면 정말 당황스러울 만하네요. 부주의한 행동으로 연인에게 실망을 줬을 땐 정말 곤란하고 미안해지곤 하죠.	N	2022-07-30 00:09:05	2022-11-08 04:44:27
BE22012473	5	0	제가 요리사가 직업이라 일할 때는 반지를 빼고 일하거든요. 그래서 실수로 반지를 끼고 나오지 못한 건데 여자 친구에겐 소홀함으로 보였나 봐요. 관계의 끝을 상상하는 듯한 여자 친구의 어두운 얼굴을 보니 간담이 서늘해지더라고요.	N	2022-07-30 00:09:05	2022-11-08 04:44:27
BE22012473	6	1	표정을 보고 그걸 알아챌 정도라니 보고 너무 당황하고 긴장하셨겠어요. 그래도 직업적인 사유라면 여자 친구도 이해해주지 않을까 생각하는데 이해해줬나요? 아마 여자 친구도 그저 기분 나쁜 상상을 했기에 기분이 안 좋았을 뿐일 거예요.	N	2022-07-30 00:09:05	2022-11-08 04:44:27
BE22012473	7	0	한동안은 기분이 나아지지 않았지만 맛있는 걸 먹이니 기분이 풀렸어요. 하지만 다시는 여자 친구의 그런 실망한 얼굴을 보고 싶지 않네요. 제 부주의로 발생한 일이라 제게 더욱 무겁고 죄스럽게 다가오네요.	N	2022-07-30 00:09:05	2022-11-08 04:44:27
BE22012473	8	1	그건 감정화자씨의 잘못이 아니에요. 충분히 일어날 수 있는 일이기도 하고 여자 친구도 결국 이해해줬잖아요. 너무 죄책감 가지지 않았으면 좋겠어요.	N	2022-07-30 00:09:05	2022-11-08 04:44:27
BE22012473	9	0	위로해주셔서 정말 고맙네요. 항상 우리 관계를 위해 노력하는데 이런 사소한 실수로 관계가 틀어질까 봐 조금 무서워지더라고요.	N	2022-07-30 00:09:05	2022-11-08 04:44:27
BE22012473	10	1	그런 마음 이해해요. 하지만 충분한 시간을 진심으로 대화하고 아껴준다면 그녀도 감정화자씨의 마음을 의심하지 않을 거예요. 사소한 것을 챙겨주는 데에 감동하지 않을까 싶어요.	N	2022-07-30 00:09:05	2022-11-08 04:44:27
BE22012473	11	0	오랜 시간을 만나며 지내보니 공감화자씨의 말처럼 사소한 일에 감동하더라고요. 열심히 일해서 돈 벌어서 큰 선물을 주는 것보다는 늘 소소하게 챙겨주고 감동하는 여자 친구를 봐야겠어요.	N	2022-07-30 00:09:05	2022-11-08 04:44:27
BE22012473	12	1	정말 좋은 생각이에요. 익숙해지면 점점 소홀해지는 건 인간의 특성상 어쩔 수 없더라고요. 오늘 퇴근하면서 연애 초처럼 꽃다발을 선물해보는 건 어때요?	N	2022-07-30 00:09:05	2022-11-08 04:44:27
BE22012473	13	0	꽃을 받고 감동하던 얼굴이 생각이 나 미소가 절로 지어지네요. 좋은 조언 고마워요. 한동안 잊고 있었으나 그녀를 감동하게 하는 게 제 거대한 낙이었음을 다시금 상기하게 되네요.	N	2022-07-30 00:09:05	2022-11-08 04:44:27
BE22012473	14	1	자상하고 달콤한 남자 친구를 가진 그 분은 정말 행복하겠네요. 앞으로도 이쁘게 서로 배려하면서 지내주세요.	N	2022-07-30 00:09:05	2022-11-08 04:44:27
BE22012473	15	0	그러도록 할게요. 얘기 들어주셔서 감사합니다.	Y	2022-07-30 00:09:05	2022-11-08 04:44:27
