id	utterance_id	utterance_type	utterance_text	terminate	regDate	updDate
BE22013665	1	0	세탁할 때마다 남편 양말 때문에 매번 당황하게 되네.	N	2022-08-10 00:34:18	2022-11-08 04:51:53
BE22013665	2	1	왜 그래. 양말에 무슨 문제라도 있는 거야?	N	2022-08-10 00:34:18	2022-08-10 00:34:18
BE22013665	3	0	꼭 엄지발가락 부분에 구멍이 나 있어. 남편이 엄지발가락이 좀 큰 편이거든. 알고는 있지만 구멍 난 양말을 세탁하려니까 괜히 부끄러워지네.	N	2022-08-10 00:34:18	2022-11-08 04:51:53
BE22013665	4	1	그런 일이었구나. 우리 남편 양말이 그렇다고 하면 나라도 세탁할 때마다 기분이 이상해질 것 같아. 부끄러워하는 내 마음이 도리어 부끄러울 것 같기도 하고.	N	2022-08-10 00:34:18	2022-11-08 04:51:53
BE22013665	5	0	무슨 마음인지 알겠지? 남편이라서 그런가 꼭 내 치부를 들킨 것처럼 당혹스럽다.	N	2022-08-10 00:34:18	2022-08-10 00:34:18
BE22013665	6	1	부부는 일심동체라잖아. 아마 네 일처럼 다가와서 그럴 거야. 네 얘길 듣기만 하는 나도 마음이 쓰이는걸. 큰일은 아니더라도 남편의 구멍 난 양말을 보면 마음에 바람이 든 것처럼 당황스러울 법도 해.	N	2022-08-10 00:34:18	2022-11-08 04:51:53
BE22013665	7	0	그러니까 말이야. 지금까지 양말을 몇 켤레나 새로 샀는지 몰라. 남편이 험하게 다니는 것도 아닌데 왜 맨날 구멍이 나는지 모르겠네.	N	2022-08-10 00:34:18	2022-08-10 00:34:18
BE22013665	8	1	양말을 살 때마다 마음이 복잡해지겠네. 별일은 아닌데 꼭 마음을 심란하게 만드는 작은 일들이 있지, 네 맘 알아. 특히나 결혼 생활에서는 그런 일들에 나도 곧잘 당황하게 되는 것 같아.	N	2022-08-10 00:34:18	2022-11-08 04:51:53
BE22013665	9	0	다들 느끼는 감정인 건가? 나만 이런 일에 마음이 불편해지는 걸까 싶기도 하고.	N	2022-08-10 00:34:18	2022-08-10 00:34:18
BE22013665	10	1	살다 보면 느끼는 자연스러운 감정이라 생각하고 털어 버려. 잘못한 일도 아닌데 너무 깊게 생각하면 너만 괴로울 거야.	N	2022-08-10 00:34:18	2022-11-08 04:51:53
BE22013665	11	0	네 말이 맞다. 고작 양말 때문에 괴로운 거라면 이것도 복이겠다 싶네.	N	2022-08-10 00:34:18	2022-11-08 04:51:53
BE22013665	12	1	맞아. 달리 보면 매번 같은 데 구멍이 난다는 게 얼마나 귀여운 일이야. 긍정적으로 생각하면 마음도 한결 가벼워질지 몰라.	N	2022-08-10 00:34:18	2022-11-08 04:51:53
BE22013665	13	0	그렇게 생각하니까 갑자기 웃음이 막 난다. 그러게, 이건 부끄러운 일이 아니라 귀여운 일인 것 같아.	N	2022-08-10 00:34:18	2022-11-08 04:51:53
BE22013665	14	1	뭐든 생각하기 나름이라잖아. 네 마음이 즐거운 것만큼 중요한 일은 없어. 어렵겠지만 우리 늘 긍정적으로만 생각해 보자!	N	2022-08-10 00:34:18	2022-11-08 04:51:53
BE22013665	15	0	알겠어. 역시 결혼 10년차 선배랑 대화하니까 마음이 싹 풀린다. 고마워!	Y	2022-08-10 00:34:18	2022-11-08 04:51:53
