id	utterance_id	utterance_type	utterance_text	terminate	regDate	updDate
BE22000756	1	0	내가 어제 커피포트를 하나 샀는데 이걸 물러야 할지 그냥 써야 할지 갈피를 잡을 수가 없어요.	N	2022-06-13 07:40:54	2022-11-08 03:29:11
BE22000756	2	1	새것이라 깨끗하고 예쁠 텐데 잘 쓰면 되지 왜 갈등을 해요?	N	2022-06-13 07:40:54	2022-11-08 03:29:11
BE22000756	3	0	인터넷 사이트에서 볼 때는 진분홍 철쭉 색이어서 산뜻했는데 받아놓고 보니 진달래색이더라고요.	N	2022-06-13 07:40:54	2022-11-08 03:29:11
BE22000756	4	1	아, 진분홍이 아니라 연분홍색이라서 반품할까 말까 고민하는 거군요.	N	2022-06-13 07:40:54	2022-11-08 03:29:11
BE22000756	5	0	네, 내가 뭐든 결정을 잘 못 해요. 이걸 고르면 저게 나은 것 같고, 저게 맘에 들면 너무 비싼 것 같고...	N	2022-06-13 07:40:54	2022-11-08 03:29:11
BE22000756	6	1	아유 누구에게든 결정 장애는 조금씩 있어요. 사람은 항상 자기 선택에 대해 회의를 하잖아요. 감정화자님만 그런 건 아니니까 너무 속상해하지 마세요.	N	2022-06-13 07:40:54	2022-11-08 03:29:11
BE22000756	7	0	공감화자님 말을 들으니 마음이 조금 풀리네요. 사실은 이 커피포트도 갈등에 갈등을 거듭한 끝에 산 거거든요.	N	2022-06-13 07:40:54	2022-11-08 03:29:11
BE22000756	8	1	아니 커피포트를 사기까지 또 문제가 있었단 말이에요?	N	2022-06-13 07:40:54	2022-11-08 03:29:11
BE22000756	9	0	네, 내가 포트가 고장 나서 새로 사야겠다고 하니 남편은 고쳐서 쓰라는 거예요.	N	2022-06-13 07:40:54	2022-11-08 03:29:11
BE22000756	10	1	에구 남편분이 여자들 맘을 너무 모르시네요. 소품 하나만 바꿔도 여자 마음이 얼마나 풍요로워지는지를요.	N	2022-06-13 07:40:54	2022-11-08 03:29:11
BE22000756	11	0	그러니까요. 그런데도 나는 그 말을 듣자마자 이걸 고쳐 써야 하나 말아야 하나 고민을 하기 시작했다니까요. 나중에는 사는 쪽으로 가닥을 잡았지만요.	N	2022-06-13 07:40:54	2022-11-08 03:29:11
BE22000756	12	1	결국 누구 말에 휘둘리지 않고 감정화자님 의지대로 포트를 샀으니 잘하신 거예요. 사진을 보니 디자인이 참 예쁘네요. 잘 고르셨어요.	N	2022-06-13 07:40:54	2022-11-08 03:29:11
BE22000756	13	0	정말요? 구입하기까지 살까 말까 망설였는데 공감화자님 얘길 들으니 새로 산 보람이 있네요. 내가 중증 결정 장애는 아닌 거죠?	N	2022-06-13 07:40:54	2022-11-08 03:29:11
BE22000756	14	1	그럼요. 감정화자님의 혼란스러웠던 감정은 당연한 거였어요. 마음의 소리에 귀 기울이는 과정이었죠. 그런데 연분홍색은 어쩌실 참이에요?	N	2022-06-13 07:40:54	2022-11-08 03:29:11
BE22000756	15	0	진분홍도 예쁘지만 공감화자님과 대화하다 보니 연분홍도 참 곱고 단아하다는 생각이 드네요. 반품하고 싶은 마음과 혼란스러움이 싹 사라졌어요.	N	2022-06-13 07:40:54	2022-11-08 03:29:11
BE22000756	16	1	잘 생각하셨어요. 연분홍 커피포트로 따끈한 차를 타 마실 때마다 제 생각 꼭 해주세요!	Y	2022-06-13 07:40:54	2022-11-08 03:29:11
