id	utterance_id	utterance_type	utterance_text	terminate	regDate	updDate
BE22014110	1	0	아, 나 너무 당황스러운 일 겪었는데 너한테 말해도 될까?	N	2022-08-13 14:16:25	2022-08-13 14:16:25
BE22014110	2	1	무슨 일이길래 그래? 나한테 편하게 말해줘.	N	2022-08-13 14:16:25	2022-08-13 14:16:25
BE22014110	3	0	친구가 빌려 간 돈을 백화점 상품권으로 갚았어. 내가 정말 아끼던 친구인데 나한테 이러니까 너무 당황스러워. 나만 친구로 생각했나 봐.	N	2022-08-13 14:16:25	2022-11-08 04:54:48
BE22014110	4	1	저런, 듣는 내가 다 충격받는데 너는 오죽하겠니. 너 정말 지금 그거 때문에 마음이 안 좋겠구나. 나도 주변에서 나에게 그렇게 하면 너무 당황스러울 것 같아.	N	2022-08-13 14:16:25	2022-11-08 04:54:48
BE22014110	5	0	응, 더구나 백화점 상품권은 백화점에만 쓸 수 있잖아. 현금을 빌려가 놓고 상품권으로 갚으니 너무 혼란스러워. 이게 보편적인 행동은 아니라서 내가 그 친구한테 뭐라고 해야 할지도 모르겠어.	N	2022-08-13 14:16:25	2022-11-08 04:54:49
BE22014110	6	1	살다 보니까 사람을 당황하게 할 정도로 기상천외한 사람들이 있긴 하더라. 나도 정말 친했던 친구가 돈을 빌려가 놓고 대신 명품 가방으로 갚은 적이 있었어. 너도 친구를 아꼈던 만큼 정말 혼란스러울 것 같아.	N	2022-08-13 14:16:25	2022-11-08 04:54:49
BE22014110	7	0	응, 그 친구랑 관계를 더 이어가야 하나 고민이 될 정도야. 이게 날 무시해서 하는 행동 같은데 내가 여전히 걔랑 친하게 지내야 할까? 어떻게 해야 할지 몰라서 혼란스러워.	N	2022-08-13 14:16:25	2022-11-08 04:54:49
BE22014110	8	1	아무래도 마음 정리가 쉽지 않지? 너무 어찌할 바를 모를 땐 대화를 시도해보는 게 어때? 대화를 하다 보면 잘 풀릴지도 모르잖아.	N	2022-08-13 14:16:25	2022-08-13 14:16:25
BE22014110	9	0	대화를 해보는 게 좋을까? 그런데 내가 지금 당장 이 혼란스러운 마음으로 대화가 잘 될지 모르겠어. 아마 일방적으로 대화를 하게 될 것 같아.	N	2022-08-13 14:16:25	2022-08-13 14:16:25
BE22014110	10	1	아무래도 당황스러운 일은 부정적인 감정이 뒤따라오기 마련이니 먼저 마음을 달래보자. 심호흡을 하면 그 감정들과 당황스러움을 물리치는 데 도움이 될지도 몰라. 조금은 진정시킨 후에 대화를 하면 잘 해결이 되지 않을까?	N	2022-08-13 14:16:25	2022-11-08 04:54:49
BE22014110	11	0	아, 네 말대로 하니까 좀 진정이 돼. 나 혼자 걔 행동을 판단하고 당황했던 것 같아. 아무래도 대화를 하면 걔의 진심을 알 수 있겠지.	N	2022-08-13 14:16:25	2022-11-08 04:54:49
BE22014110	12	1	응, 지레짐작하고 고민하면서 스트레스받는 것보다 진솔하게 털어놓는 게 좋잖아. 별것 아닌 일이라고 그 일을 가볍게 생각하면 그렇게 큰 문제처럼 느껴지지 않을 거야. 네 마음을 어떻게 조절하느냐에 따라서 앞으로의 날이 달라질 수도 있어.	N	2022-08-13 14:16:25	2022-11-08 04:54:49
BE22014110	13	0	응, 그렇게 말해줘서 고마워. 너 아니었으면 내가 계속 혼자 오해하고 인연을 끊었을 것 같아. 근데 네 말 들어보니 그러지 않는 게 좋단 걸 알게 되고 혼란스러운 게 없어졌어!	N	2022-08-13 14:16:25	2022-08-13 14:16:25
BE22014110	14	1	응, 둘이 잘 풀리기를 바랄게. 아무래도 친구를 잃는 것보다 혹시나 모를 오해를 푸는 게 좋잖아. 너에게 좋은 방향으로 흘러가기를 바라!	N	2022-08-13 14:16:25	2022-08-13 14:16:25
BE22014110	15	0	응, 너에게 털어놓아서 덕분에 속이 편해졌어. 얘기 들어줘서 정말 고마워!	Y	2022-08-13 14:16:25	2022-11-08 04:54:49
