id	utterance_id	utterance_type	utterance_text	terminate	regDate	updDate
BE22006751	1	0	오늘 작은 딸아이 방 천장에서 물이 떨어지는 걸 발견했어요. 천장 벽이 다 젖었더라구요.	N	2022-07-07 03:19:42	2022-11-08 04:07:56
BE22006751	2	1	그러게 정말 당황하셨겠어요. 요즘 장마 기간이라 가끔 그럴 때도 있대요. 외부 방수에 금이 가진 않았나요?	N	2022-07-07 03:19:42	2022-11-08 04:07:56
BE22006751	3	0	아마 그럴 거예요. 집이 많이 노후화된 건물이거든요.	N	2022-07-07 03:19:42	2022-11-08 04:07:56
BE22006751	4	1	그렇군요. 혹시 수리하는 곳은 알아보셨어요? 생각보다 큰 문제는 아닐 수도 있어요.	N	2022-07-07 03:19:42	2022-11-08 04:07:56
BE22006751	5	0	안 그래도 아침에 업체를 알아봤어요. 통화로 대략적인 상담을 받았는데 생각보다 너무 비싸더라고요. 백만 원은 훌쩍 초과했어요.	N	2022-07-07 03:19:42	2022-11-08 04:07:57
BE22006751	6	1	제 생각보다도 아주 비싸네요. 예기치 못한 비용이 발생할 때만큼 당황스러울 때가 없죠. 갑자기 큰 지출이 발생해서 정말 난감하시겠어요.	N	2022-07-07 03:19:42	2022-11-08 04:07:57
BE22006751	7	0	네. 아예 생각하지 못했던 부분이라 당황스러웠네요. 사실, 오래된 집수리비용으로 백만 원 돈이 그렇게 큰돈이 아닌데... 이것조차 부담스러운 제 상황이 너무 답답하고 딸아이에게 미안해요.	N	2022-07-07 03:19:42	2022-11-08 04:07:57
BE22006751	8	1	부모 마음이 다 그렇죠. 딸아이에게 필요한 것을 당장 해 줄 수 없어서 미안한 마음이 얼마나 크실까요. 그 마음 충분히 이해합니다.	N	2022-07-07 03:19:42	2022-11-08 04:07:57
BE22006751	9	0	당장 어떻게 해야 할지 모르겠어요. 당장 천장에서는 비가 새고 있는데 이런 것 하나도 제대로 해결할 수 없어 미안하기만 합니다.	N	2022-07-07 03:19:42	2022-11-08 04:07:57
BE22006751	10	1	너무 죄책감 갖지 말아요. 제가 아는 분 중에서 가장 딸아이를 위해 최선을 다하시는 분이신데요. 항상 딸을 먼저 생각하고 희생하는 마음에 감탄했어요.	N	2022-07-07 03:19:42	2022-11-08 04:07:57
BE22006751	11	0	그렇게 말해 주시니 참 고맙네요. 제가 너무 징징거리진 않았나 생각이 들어 죄송한 마음이에요.	N	2022-07-07 03:19:42	2022-11-08 04:07:57
BE22006751	12	1	전혀요. 미안해하실 필요 없어요. 이렇게 답답한 상황에 같이 얘기라도 하면서 마음을 풀어야죠. 함께 방법을 찾아보면 더 좋은 해결책이 나타날 거예요.	N	2022-07-07 03:19:42	2022-11-08 04:07:57
BE22006751	13	0	고맙습니다. 덕분에 울적했던 마음이 조금 시원해지네요.	N	2022-07-07 03:19:42	2022-11-08 04:07:57
BE22006751	14	1	그렇다니 다행이네요. 마음이 답답하실 땐 얼마든지 같이 얘기 나눠요. 참! 방금 생각이 났는데 인터넷을 보다 보니 천장 방수도 셀프 수리하는 방법이 있다고 하더군요. 동네 철물점에서 방수 보강작업 재료를 사서 한 번 해보시는 게 어때요?	N	2022-07-07 03:19:42	2022-11-08 04:07:57
BE22006751	15	0	그런 방법이 있대요? 전혀 몰랐네요. 직접 수리하면 비용도 훨씬 절감되겠어요. 그런데 어렵지 않을까요?	N	2022-07-07 03:19:42	2022-11-08 04:07:57
BE22006751	16	1	동영상을 봤는데 생각보다 어렵지 않더라고요. 오늘 물이 떨어지는 걸 발견하셨으니 아직 큰 면적을 수리해야 하는 것은 아닐 거예요. 가족들과 함께하면 큰 힘 들이지 않고도 해결하실 수 있을 것 같은데요?	N	2022-07-07 03:19:42	2022-11-08 04:07:57
BE22006751	17	0	저도 한번 찾아봐야겠어요. 이렇게 또 귀한 정보를 주셔서 감사합니다.	N	2022-07-07 03:19:42	2022-11-08 04:07:57
BE22006751	18	1	고맙긴요. 가족과 함께 사는 집을 직접 수리하는 게 좋은 추억이 될 것 같아요. 추억도 쌓고, 수리 비용도 아낄 수 있으니 일거양득이네요.	N	2022-07-07 03:19:42	2022-11-08 04:07:57
BE22006751	19	0	그러니까요. 오늘 여러모로 도움 주셔서 참 고마워요.	Y	2022-07-07 03:19:42	2022-11-08 04:07:57
