id	utterance_id	utterance_type	utterance_text	terminate	regDate	updDate
BE22014466	1	0	최근에 매우 당황스러운 일이 벌어졌어요. 리포트가 표절 검사에 걸렸어요. 어쩌면 좋죠?	N	2022-08-17 11:43:27	2022-08-17 11:43:27
BE22014466	2	1	저런, 많이 놀라셨겠어요. 이런 일이 일어날 걸 예측하셨나요?	N	2022-08-17 11:43:27	2022-08-17 11:43:27
BE22014466	3	0	아니요, 전혀 예상하지 못했던 일이에요. 언젠가 읽었던 논문의 요지가 머릿속 잔상에 남아 있었나 봐요. 남들이 알면 어쩔까 너무 무서워요.	N	2022-08-17 11:43:27	2022-08-17 11:43:27
BE22014466	4	1	표절이란 건 누구에게 전해 들었나요? 앞으로의 향방은 어떻게 되는지 아시나요?	N	2022-08-17 11:43:27	2022-08-17 11:43:27
BE22014466	5	0	교수님께 들었어요. 원래는 조교가 전해주는데 제가 부끄러울까 봐 조용히 불러서 말씀해주시더라고요. 그런데 같이 공부하는 연구원들이 아는 것은 시간문제예요.	N	2022-08-17 11:43:27	2022-11-08 04:57:04
BE22014466	6	1	세상일이 모두 의도대로 되는 건 아니지만 뜻밖의 일이 일어난 거 같네요. 매우 유감입니다.	N	2022-08-17 11:43:27	2022-11-08 04:57:04
BE22014466	7	0	저 자신도 너무 부끄럽고 다른 사람들이 아는 건 더더욱 창피해요. 한 번도 생각지도 못했던 일이 일어나서 매우 당황스럽고 어쩔 줄을 모르겠어요. 평소에는 표절하는 사람들을 매우 비난하곤 했어요.	N	2022-08-17 11:43:27	2022-11-08 04:57:04
BE22014466	8	1	누구나 같은 상황에 몰려 있다면 매우 당황스러울 것 같네요. 특히 평소에 학문적 소신이 있고 그것을 남들한테 자주 얘기했더라면 더욱이 그럴 것 같아요. 남들은 당신을 욕하더라도 저는 당신의 안타까운 상황과 마음을 충분히 이해하겠어요.	N	2022-08-17 11:43:27	2022-11-08 04:57:04
BE22014466	9	0	곧 있으면 같은 지도 교수님과 연구하는 친구들을 만나야 해요. 친구들이 저를 안 좋은 눈초리로 볼까 봐 걱정이 커요.	N	2022-08-17 11:43:27	2022-08-17 11:43:27
BE22014466	10	1	사실 이런 일은 겪어보지 못하면 그 입장에 대해서 충분히 알기 힘들죠. 명백히 표절은 잘못된 행위이니 비난의 대상이 되기 쉬워요. 하지만 창작자라면 누구나 겪을 수 있는 일이기도 해요.	N	2022-08-17 11:43:27	2022-11-08 04:57:04
BE22014466	11	0	오롯이 완벽한 창작은 없으니까요. 저와 같이 연구하는 친구들이 제 사정을 어떻게 이해할까요? 뭐라고 설명이라도 하고 싶은데 저 스스로 변명 같아 보이기도 해요.	N	2022-08-17 11:43:27	2022-11-08 04:57:04
BE22014466	12	1	일단 당황스러운 마음을 침착하게 먹는 게 현시점에서는 우선입니다. 스스로에 대한 자책감을 내려놓고 사람들의 기대치를 마음속에서 지우세요. 그렇게 하면 지금보다 마음이 덜 힘들 거예요.	N	2022-08-17 11:43:27	2022-11-08 04:57:04
BE22014466	13	0	조언 감사해요. 누구나 충분히 겪을 수 있는 일이라고 같이 연구하는 친구들에게 설명하는 건 무리일까요? 변명이라며 저를 이상하게 생각하지는 않을까요?	N	2022-08-17 11:43:27	2022-11-08 04:57:04
BE22014466	14	1	때로는 자신을 옹호하는 얘기를 할 필요도 있어요. 과하면 독이 되겠지만 현재 상황과 심정을 담담하게 털어놓는 건 좋은 방법이지요. 평소에 갖고 있던 당신의 학문적 소신과 진심을 다른 사람들도 믿어줄 거예요.	N	2022-08-17 11:43:27	2022-11-08 04:57:04
BE22014466	15	0	역시 얘기하다 보니 좀 상황이 객관적으로 보이네요. 앞으로 잘 헤쳐 나가야겠어요. 덕분에 당황스러운 마음이 많이 가라앉았습니다. 고맙습니다.	Y	2022-08-17 11:43:27	2022-11-08 04:57:04
