id	utterance_id	utterance_type	utterance_text	terminate	regDate	updDate
BE22012736	1	0	어휴, 난 진짜 한심한 것 같아. 너무 당황스러운 상황이 펼쳐졌어. 도대체 정신을 어디다 두고 다니는지 모르겠어.	N	2022-08-01 11:27:44	2022-11-08 04:46:06
BE22012736	2	1	왜 그래, 무슨 일 있어?	N	2022-08-01 11:27:44	2022-11-08 04:46:06
BE22012736	3	0	퇴근하고 집에 와보니 엄마가 몸이 아프셔서 내가 밥 차려 드리려고 했거든. 계란을 깨트려서 그릇에 넣고 전자레인지에 돌리면 계란찜이 되는데, 아무 생각 없이 그냥 넣어버린 거야. 결국 계란이 터져서 전자레인지가 엉망진창이 되어버렸어, 너무 당황스러워.	N	2022-08-01 11:27:44	2022-11-08 04:46:06
BE22012736	4	1	에고, 그랬구나. 너도 퇴근하고 돌아와서 얼마나 피곤하고 정신이 없었으면 그랬겠어. 밥을 차려드리려고 좋은 마음에 한 건데 그렇게 되어버렸으니 너무 속상했겠다. 계란 터질 때 소리도 크게 났을 텐데 얼마나 놀라고 당황스러웠을까.	N	2022-08-01 11:27:44	2022-11-08 04:46:06
BE22012736	5	0	진짜 깜짝 놀랐어! 퍽 소리 나는데 전자레인지 열어보기 전까진 이유도 몰랐다니까. 왜 이렇게 정신이 빠져있을까.	N	2022-08-01 11:27:44	2022-11-08 04:46:06
BE22012736	6	1	아냐, 나도 그런 비슷한 경험 정말 많이 해봤는걸. 네 스스로를 연인이라고 생각하고 이 일을 겪었다고 가정해보면, 이해할 수 있는 이유가 몇 가지나 생길 거야. 우리는 가장 사랑해야 할 존재인 자신에게 너무 엄격할 때가 있거든.	N	2022-08-01 11:27:44	2022-11-08 04:46:06
BE22012736	7	0	맞아, 생각해보니 그렇네. 내가 사랑하는 사람이 그랬다고 생각하니까 계란 그렇게 넣고 터뜨리면 안쓰러울 것 같아. 얼마나 피곤했으면 그랬을까 싶기도 하고 회사에서 무슨 일이 있었나 걱정되기도 하고 말이야.	N	2022-08-01 11:27:44	2022-11-08 04:46:06
BE22012736	8	1	바로 그거야. 계란 엉망진창 된 건 닦으면 되지만 네 자신을 그렇게 탓하면 아픈 마음은 어떻게 닦겠어. 세상에서 나를 가장 사랑해야 할 사람은 바로 나 자신인 것 같아. 그러면 오히려 계란 다시 깨트려서 돌리면 되지, 하면서 다음 일을 꾀할 힘도 생길 테니 말이야.	N	2022-08-01 11:27:44	2022-11-08 04:46:06
BE22012736	9	0	와, 고마워. 그렇게 말해주니 정말 마음이 많이 풀어진다. 맞는 말이야! 다음 일을 해내려면 격려가 필요한데 난 오늘도 그렇고 그동안 그걸 잘 못했던 것 같아.	N	2022-08-01 11:27:44	2022-11-08 04:46:06
BE22012736	10	1	너뿐만 아니라 많은 사람들이 스스로를 더 엄격한 눈으로 바라보더라구. 어쩌면 사회가 그렇게 스스로를 몰아붙이게 한 걸지도 몰라. 또 사회생활을 하다 보면 짜증도 생기고 자책도 하게 될 일이 종종 생기잖아.	N	2022-08-01 11:27:44	2022-11-08 04:46:06
BE22012736	11	0	맞아, 나 엄청 긍정적인 힘이 강했는데 어느 순간 나는 왜 이렇게 못났지 생각하게 되더라구. 그 생각을 자꾸 하다 보니 어느 순간 위축도 되고 무기력해지는 것 같아. 오늘도 계란 터지자마자 짜증이 나서 정말 아무것도 안 하고 주저앉아버리고 싶더라구.	N	2022-08-01 11:27:44	2022-11-08 04:46:06
BE22012736	12	1	나도 그랬던 적이 있어서 무슨 마음인지 충분히 이해가 돼. 그동안 얼마나 마음고생했을까 생각하니 내가 다 속상하네. 앞으로 조금씩 너 자신을 사랑하고 이해하다 보면 그게 습관이 되어 좋은 영향을 미칠 거야!	N	2022-08-01 11:27:44	2022-11-08 04:46:06
BE22012736	13	0	그렇겠지? 아휴, 너한테 연락하길 너무 잘한 것 같아. 정말 고맙다!	N	2022-08-01 11:27:44	2022-11-08 04:46:06
BE22012736	14	1	별말씀을! 언제든 연락해. 네게 힘이 되었다니 나도 기분이 정말 좋다!	Y	2022-08-01 11:27:44	2022-11-08 04:46:06
