id	utterance_id	utterance_type	utterance_text	terminate	regDate	updDate
BE22011708	1	0	오늘 날씨가 너무 좋아 자전거를 끌고 공원에 왔는데 뒷바퀴에 공기가 빠져 있어요. 벤치에 멍하니 앉아 있자니 내가 참 한심한 생각이 들어요. 무슨 이런 일이 다 있는지 정말 황당하기 짝이 없네요.	N	2022-07-26 02:27:59	2022-11-08 04:39:39
BE22011708	2	1	오늘은 바람도 선선하게 불어서 자전거 타기 딱 좋은 날이지요. 잔뜩 기대하고 갔을 텐데 그렇게 돼서 정말 실망이 이만저만이 아니겠어요? 저라도 기운이 빠져서 그렇게 앉아 있을 거 같아요.	N	2022-07-26 02:27:59	2022-11-08 04:39:39
BE22011708	3	0	집에서 타고 나올 때만 해도 괜찮았거든요? 점점 바퀴가 안 나가길래 내려서 보니 그 모양이에요. 바퀴를 왜 점검할 생각을 안 했는지, 당황스러우면서도 내가 한심하게 여겨지네요.	N	2022-07-26 02:27:59	2022-11-08 04:39:39
BE22011708	4	1	자동차나 자전거는 타기 전에 바퀴 점검이 필수인데 쉽게 잊어버려요. 그런데 그건 누구나 하는 실수니까 자신을 탓하지 마세요. 누구한테나 일어날 수 있는 일이라고 가볍게 생각하세요.	N	2022-07-26 02:27:59	2022-11-08 04:39:39
BE22011708	5	0	그나저나 이 좋은 날씨에 이렇게 벤치에 멍하니 앉아 있다 갈 생각하니 갑갑하네요. 집까지 자전거 끌고 갈 일도 암담하고. 날씨 때문에 좋았던 기분이 다 망가졌어요.	N	2022-07-26 02:27:59	2022-11-08 04:39:39
BE22011708	6	1	좋은 기분을 망치게 돼서 너무 안타까워요. 요즘은 날씨가 변덕이 심해서 오늘 같은 날은 쉽지 않은데 그것도 아쉽고요. 정말 속상하시겠어요?	N	2022-07-26 02:27:59	2022-11-08 04:39:39
BE22011708	7	0	제 말이 그 말이에요. 모처럼 날씨 좋은 날을 그냥 이렇게 보내나 싶어 아깝네요. 저 애물단지 자전거는 어쨌으면 좋을까, 한숨도 나오고요.	N	2022-07-26 02:27:59	2022-11-08 04:39:39
BE22011708	8	1	날씨가 좋은 날은 걷기도 좋은 날이지요. 괜히 스트레스받으며 앉아 있지 말고 걷는 건 어떨까요? 그럼 기분이 다시 좋아질 것 같은데요?	N	2022-07-26 02:27:59	2022-11-08 04:39:39
BE22011708	9	0	글쎄요, 그 말씀 들으니 또 그럴 것 같기도 하네요. 하긴, 가만히 앉아 있으려니 자전거 바퀴 생각만 자꾸 나서 안 되겠네요.	N	2022-07-26 02:27:59	2022-11-08 04:39:39
BE22011708	10	1	그것 보세요. 걸으면서 상쾌한 바람을 맞으면 금방 기분이 나아질 거예요. 그럼 불쾌한 감정도 어느새 사라지고 없지요.	N	2022-07-26 02:27:59	2022-11-08 04:39:39
BE22011708	11	0	네, 그쪽 말씀이 맞는 것 같아요. 지금은 기분이 가라앉아서 자전거를 끌고 다시 돌아갈 엄두가 나지 않아요. 걷기 운동이라도 해야 여기까지 온 보람이 있을 거 같아요.	N	2022-07-26 02:27:59	2022-11-08 04:39:39
BE22011708	12	1	정말 잘 생각하셨어요. 시간을 잘 활용했다 생각하면 분명 기분이 나아질 거예요. 그럼 공기 빠진 자전거도 다시 끌 힘이 생길 거예요.	N	2022-07-26 02:27:59	2022-11-08 04:39:39
BE22011708	13	0	맞아요. 공기가 빠졌다고 자전거를 버릴 수도 없고 다시 끌고 가야지요. 그럼 걸어서 다시 기운을 보충해야겠어요.	N	2022-07-26 02:27:59	2022-11-08 04:39:39
BE22011708	14	1	역시 의지가 남다른 분이시네요. 금방 이렇게 기운을 차리시는 걸 보니 제가 기분이 좋네요.	N	2022-07-26 02:27:59	2022-11-08 04:39:39
BE22011708	15	0	이게 다 그쪽이 좋은 말씀을 해주신 덕분이지요. 격려해주셔서 정말 감사합니다.	Y	2022-07-26 02:27:59	2022-11-08 04:39:39
