id	utterance_id	utterance_type	utterance_text	terminate	regDate	updDate
BE22012093	1	0	난 어디 가서 글씨 쓰는 게 제일 싫어. 글씨가 제멋대로라 너무 창피해.	N	2022-07-27 10:14:04	2022-11-08 04:42:06
BE22012093	2	1	요즘엔 글씨 쓸 일이 많지는 않잖아. 글씨야 알아보기만 하면 되는데, 뭘 신경 써?	N	2022-07-27 10:14:04	2022-11-08 04:42:06
BE22012093	3	0	그게 문제야. 내 글씨를 보고 무슨 말이냐고 묻는 사람들이 많아. 그래서 가끔 당황스러울 때가 있어.	N	2022-07-27 10:14:04	2022-11-08 04:42:06
BE22012093	4	1	아, 그래. 그럴 정도라면 정말 고민이겠다. 글씨란 게 의사소통을 위한 것인데, 못 알아보고 다시 너한테 되물으면 너무 당황스러울 것 같아.	N	2022-07-27 10:14:04	2022-11-08 04:42:06
BE22012093	5	0	그래도 전에는 크게 신경 쓰지 않고 지나쳤거든. 그런데 여자 친구를 만나고 내 글씨가 너무 부끄러웠어. 글쎄 여자 친구가 내 글씨를 못 알아보는 거야.	N	2022-07-27 10:14:04	2022-11-08 04:42:06
BE22012093	6	1	네 마음을 가득 담아 썼을 텐데, 그런 경우가 생겼으니 너 정말 속상했겠구나. 나 같아도 창피해서 쥐구멍이 있다면 그 속으로라도 들어가 숨고 싶었을 거야. 손 편지를 쓴 거면 뭔가 기념일이었을 텐데.	N	2022-07-27 10:14:04	2022-11-08 04:42:06
BE22012093	7	0	지난주가 만난 지 1년 되는 날이었거든. 그래서 선물과 함께 내가 쓴 손 편지를 건네주었지. 그런데 여자 친구가 선물 포장을 풀고 손편지를 보더니 고개를 갸우뚱하는 거야. 정말 당황스럽더라.	N	2022-07-27 10:14:04	2022-11-08 04:42:06
BE22012093	8	1	그런 상황이라면 나 같아도 당황스럽고 부끄러워 얼굴이 화끈거렸을 것 같아. 너 딴에는 마음을 담아 쓴 글인데 정말 아쉬웠겠다. 여자 친구가 글씨를 잘 알아보지 못했으니.	N	2022-07-27 10:14:04	2022-11-08 04:42:06
BE22012093	9	0	그래서 어쩔 수 없이 내가 직접 손 편지를 읽어주었어. 다행스럽게도 목소리 덕에 그 난국을 모면할 수 있었어.	N	2022-07-27 10:14:04	2022-11-08 04:42:06
BE22012093	10	1	그런 난감한 상황에서 너의 장점을 어필하는 기지를 발휘하다니 너 순발력 엄청 좋은데! 성악하는 녀석이 여자 친구에게 손 편지를 읽어 주었다고? 여자 친구가 홀딱 반했겠구나!	N	2022-07-27 10:14:04	2022-11-08 04:42:06
BE22012093	11	0	그렇지만 이번엔 진심으로 내 글씨가 부끄럽더라. 남들이 알아보도록 만큼은 써야 하는데. 이제라도 노력하면 고쳐질까?	N	2022-07-27 10:14:04	2022-11-08 04:42:06
BE22012093	12	1	당연하지! 나도 글씨가 삐뚤 빼뚤이라 고민이었는데, 글씨를 천천히 크게 쓰는 연습을 하니 놀라보게 반듯해지더라. 너도 자꾸 연습하면 지금보다 훨씬 좋아질 거야. 천천히, 크게!	N	2022-07-27 10:14:04	2022-11-08 04:42:06
BE22012093	13	0	맞아. 내가 성질이 급해서 막 갈기는 버릇이 있지. 천천히 크게 글씨를 쓰면 적어도 남들이 못 알아보는 경우는 없겠다.	N	2022-07-27 10:14:04	2022-11-08 04:42:06
BE22012093	14	1	부드럽고 감미로운 노랫소리처럼 천천히! 목청 좋은 너의 목소리처럼 크게! 그렇게 마음을 가지고 연습하다 보면 글씨를 보고 여자 친구가 또 한번 반할지도 모르지.	N	2022-07-27 10:14:04	2022-11-08 04:42:06
BE22012093	15	0	비유가 너무 좋다. 그런 생각을 갖고 쓰면 글씨가 너무 멋지게 써질 것 같다.	Y	2022-07-27 10:14:04	2022-11-08 04:42:07
