id	utterance_id	utterance_type	utterance_text	terminate	regDate	updDate
BE22004661	1	0	저 자취하는데 친구들이 너무 자주 오는데 어째야 좋을지 모르겠어요.	N	2022-06-28 09:43:40	2022-11-08 03:54:24
BE22004661	2	1	어, 그거 별로 좋은 상황 아니네요. 너무 자주 드나들면 사생활에 문제가 생기죠, 왜?	N	2022-06-28 09:43:40	2022-11-08 03:54:24
BE22004661	3	0	사생활도 사생활이지만 생활비가 너무 많이 들어요. 학비랑 방세는 집에서 보내 주지만 생활비는 내가 알바를 해서 쓰거든요. 학교 다니면서 알바도 얼마 못 하는데 걱정이에요.	N	2022-06-28 09:43:40	2022-11-08 03:54:24
BE22004661	4	1	아이고, 저를 어째. 저도 비슷한 경험 해봐서 그 심정 너무 잘 알아요. 그렇다고 친구들한테 대놓고 말도 못 하고 혼자 속을 끓이게 되잖아요.	N	2022-06-28 09:43:40	2022-11-08 03:54:24
BE22004661	5	0	진짜 그게 제일 문제에요. 나 없어도 자기 집처럼 들어와 온갖 걸 다 해먹고 가요. 면전에 대고 그러지 말라 할 수도 없고, 정말 난감해요.	N	2022-06-28 09:43:40	2022-11-08 03:54:24
BE22004661	6	1	친구 사이에 먹을 거 갖고 그러는 게 좀 치사해 보이긴 하죠. 친구들이 알아서 방문을 자제하던가, 먹을 거라도 챙겨오면 덜 속상할 텐데 안타깝네요.	N	2022-06-28 09:43:40	2022-11-08 03:54:24
BE22004661	7	0	친구들은 모두 사는 형편이 괜찮아요. 그래서 그런지 남의 어려운 사정을 애초에 모르더라고요.	N	2022-06-28 09:43:40	2022-11-08 03:54:24
BE22004661	8	1	경제적 어려움을 안 겪어본 사람은 그걸 이해 못 하죠. 육이오 전쟁 때 쌀이 없어 밥을 굶었다니까, 그럼 라면을 먹지 그랬냐고 했다잖아요.	N	2022-06-28 09:43:40	2022-11-08 03:54:24
BE22004661	9	0	아, 진짜요? 하하, 재밌네요. 지금 제 친구들이 딱 그래요. 대학 공부 하는 것도 힘든데 알바는 왜 하냐고 그래요. 제가 사회 경험 쌓으려고 그러는 걸로 오해한다니까요.	N	2022-06-28 09:43:40	2022-11-08 03:54:24
BE22004661	10	1	그래서 친구도 형편이 비슷한 사람끼리 어울려야 한다는 말이 있잖아요.	N	2022-06-28 09:43:40	2022-11-08 03:54:24
BE22004661	11	0	그 말은 맞는 거 같아요. 근데 얘네들은 1학년 때부터 친구라 지금 와서 어떻게 끊어낼 수가 없어요. 그게 또 문제죠.	N	2022-06-28 09:43:40	2022-11-08 03:54:24
BE22004661	12	1	그럼 반대로 한 번 생각해 보세요. 형편이 비슷한 친구하고만 어울리면 내 세계를 벗어날 수가 없잖아요. 서로 잘 아는, 늘 똑같은 소리만 하게 되거든요.	N	2022-06-28 09:43:40	2022-11-08 03:54:24
BE22004661	13	0	오, 그 말은 맞는 거 같아요. 같이 알바하는 친구들하고, 학교 친구들하고 얘기하는 게 완전히 달라요. 학교 친구들한테서 나는 다른 세계를 경험하는 중이에요.	N	2022-06-28 09:43:40	2022-11-08 03:54:24
BE22004661	14	1	그럼 그렇게 마음 편히 생각하세요. 학교 친구들한테 비용을 지불하고 세상 공부를 하고 있다고요. 그렇게 마음을 비우는 게 정신건강에도 좋을 거 같은데 어떠세요?	N	2022-06-28 09:43:40	2022-11-08 03:54:24
BE22004661	15	0	그러는 게 내 생각에도 좋을 거 같네요. 또 정 어려우면 농담처럼 라면이라도 한 박스 사오라고 하죠, 뭐. 좋은 말씀 해주신 덕분에 마음이 많이 편해졌어요. 감사합니다.	Y	2022-06-28 09:43:40	2022-11-08 03:54:24
