id	utterance_id	utterance_type	utterance_text	terminate	regDate	updDate
BE22014656	1	0	나 걱정이 있어. 난 몰랐는데 룸메이트 말로는 내가 잠꼬대가 있대. 이 얘길 들으니 너무 당황스럽더라고.	N	2022-08-19 02:13:53	2022-11-08 04:58:15
BE22014656	2	1	몇 년 전에 나랑 살 때는 안 그랬던 것 같은데? 요새 깊게 잠을 못 자나?	N	2022-08-19 02:13:53	2022-11-08 04:58:15
BE22014656	3	0	글쎄. 피로감을 느끼지는 않고, 내 걱정은 그 부분이 아니야. 난 공동생활을 하니까 아무래도 잠버릇에 신경 써야 하잖아. 계속 이러면 룸메이트 눈치 보이는데, 너무 당황스럽다.	N	2022-08-19 02:13:53	2022-11-08 04:58:15
BE22014656	4	1	그럴 수 있겠네. 나도 공동생활을 해봐서 내 행동 하나하나 신경 써야 하는 스트레스를 이해해. 잠버릇은 쉽게 고칠 수 없어서 가슴이 답답하겠다.	N	2022-08-19 02:13:53	2022-11-08 04:58:15
BE22014656	5	0	정말 답답해. 룸메이트 말 들어보니 그렇게 심하지 않아서 괜찮다고는 하는데 너무 신경 쓰여. 신경 쓰느라 요새 잠을 제대로 못 자서 기분이 처지고 힘들어.	N	2022-08-19 02:13:53	2022-11-08 04:58:15
BE22014656	6	1	내 생각에는 조금 덜 신경 써도 괜찮을 것 같아. 넌 상대방이 이해한다고 해도 자기에게 족쇄를 거는 경향이 있거든. 너는 평소에 정말 배려심 깊은 사람이니까 그 정도는 충분히 이해해줄 거야.	N	2022-08-19 02:13:53	2022-11-08 04:58:15
BE22014656	7	0	그래도 신경이 쓰이네. 불편하게 하고 싶지 않은데 잠꼬대는 고칠 수가 없으니 차라리 잠을 줄이게 돼. 나도 이러고 싶지 않은데, 나에게는 배려가 강박인가 봐.	N	2022-08-19 02:13:53	2022-11-08 04:58:15
BE22014656	8	1	너에게는 편한 공간이란 게 없는 것 같아 마음이 아프네. 나도 너랑 살았을 때 너무 편했는데, 그 편함이 너의 배려로 만들어진 것 같아서 미안하다. 내 생각에는 넌 지금까지 좋은 모습을 보여줬기 때문에 그렇게 걱정하지 않아도 될 듯해.	N	2022-08-19 02:13:53	2022-11-08 04:58:15
BE22014656	9	0	정말 그럴까? 룸메이트 친구가 잠꼬대로 날 안 좋게 생각하지 않을까?	N	2022-08-19 02:13:53	2022-08-19 02:13:53
BE22014656	10	1	그럼. 같이 살아본 난 너의 룸메이트가 널 좋은 룸메이트라고 생각할 것을 확신해. 만약 너무 걱정된다면 대화를 해보자. 불편한 부분을 서로 천천히 조율하는 게 공동생활이니까, 마음의 짐을 혼자 지지 않아도 괜찮아.	N	2022-08-19 02:13:53	2022-11-08 04:58:15
BE22014656	11	0	다시 생각해보니 잠꼬대 관련 이야기를 할 때 장난스러운 분위기로 이야기했었던 것 같아. 그리고 그동안 난 룸메이트와 함께 만들어가는 것보다 혼자 만들어 나가는 것에 집착했었어. 네 말 들으니 그러지 않아도 되겠다는 마음이 들어.	N	2022-08-19 02:13:53	2022-11-08 04:58:15
BE22014656	12	1	그렇다니까? 함께 산다는 건 약간의 실수는 넘어가 주는 게 좋은 방식이고, 그분도 알고 있을 거야. 타인을 배려하는 것도 좋지만, 가끔은 그렇게 배려받아 봐. 배려받을 자격 충분히 있는 사람이잖아 넌.	N	2022-08-19 02:13:53	2022-11-08 04:58:15
BE22014656	13	0	배려받을 자격이라. 그런 건 생각해보지 않았던 것 같아. 내가 배려하는 것에만 강박적으로 집착했었어.	N	2022-08-19 02:13:53	2022-11-08 04:58:15
BE22014656	14	1	때로는 남의 시선을 의식하지 않고 나의 편함에 포커스를 맞추는 시간이 있어야 하는 것 같아. 앞으로 네가 너를 위해 집에서 편하게 잠을 자고, 편하게 행동할 수 있었으면 좋겠어.	N	2022-08-19 02:13:53	2022-11-08 04:58:15
BE22014656	15	0	좋아. 오늘부터는 그런 마음가짐으로 한번 살아볼게. 잠도 푹 자야겠어.	Y	2022-08-19 02:13:53	2022-08-19 02:13:53
