id	utterance_id	utterance_type	utterance_text	terminate	regDate	updDate
BE22011189	1	0	오늘 남자 친구랑 오랜만에 강남에 있는 맛집인 베트남 쌀국수를 먹으러 갔는데 임시 휴업이더라고. 너무 당황했어.	N	2022-07-23 12:27:17	2022-11-08 04:36:19
BE22011189	2	1	오 정말? 당황하고 속상했겠다. 일주일에 한 번 데이트 한다고 했었나?	N	2022-07-23 12:27:17	2022-11-08 04:36:19
BE22011189	3	0	응. 일주일에 한 번 만나는 날인데 내가 너무 한심해. 나는 항상 모든 일을 대충 하는 버릇이 있는 것 같아.	N	2022-07-23 12:27:17	2022-11-08 04:36:19
BE22011189	4	1	아이고 그런 생각이 들었구나. 나 같아도 그런 일이 있으면 당황할 것 같아. 한심스럽다고 기분이 든 게 당연해.	N	2022-07-23 12:27:17	2022-11-08 04:36:19
BE22011189	5	0	정말 요즘에는 야근까지 겹쳐서 정신이 없기도 했어. 하지만 다 내 잘못이야. 하루 데이트를 다 망쳐버렸어.	N	2022-07-23 12:27:17	2022-11-08 04:36:19
BE22011189	6	1	그래도 너무 자신을 한심하게 생각하지 마. 낙담하지 말고 기운 차려! 마음을 편히 갖도록 노력해봐!	N	2022-07-23 12:27:17	2022-11-08 04:36:19
BE22011189	7	0	사실 이번 일로 나에게 너무 실망했어. 남자 친구도 나에게 실망했을까 봐 걱정되기도 해. 난 왜 이럴까?	N	2022-07-23 12:27:17	2022-11-08 04:36:19
BE22011189	8	1	요새 감정 화자님 야근도 많았잖아. 여러 가지를 다 잘해야 한다는 부담감이 있으면 하나를 놓칠 수 있다고 생각해. 별일 아니니까 너무 걱정하지 마.	N	2022-07-23 12:27:17	2022-11-08 04:36:19
BE22011189	9	0	부담감이 커질수록 더 실수가 많아질 수 있다고 생각해. 나도 이런 상황이 또 오지 않았으면 좋겠어. 하나도 놓치지 않고 다 잘하고 싶은데 그럴 수 있을지 항상 생각해.	N	2022-07-23 12:27:17	2022-11-08 04:36:19
BE22011189	10	1	당연히 할 수 있지. 감정 화자님은 자격증도 10개나 있잖아! 불굴의 한국인이니까 정신만 잘 차린다면 담부터 이런 당황스러운 일은 없을 거야.	N	2022-07-23 12:27:17	2022-11-08 04:36:19
BE22011189	11	0	그 말을 들으니 나에 대해 다시 한번 생각해보게 된다. 이제부터 정신 똑바로 차려야겠다. 꼼꼼하게 행동하는 습관을 길들여야겠어.	N	2022-07-23 12:27:17	2022-11-08 04:36:19
BE22011189	12	1	그런 생각을 한 것만으로 이미 시작의 절반은 이룬 거라 생각해. 이런 위기를 극복할 수 있을 거라 생각해.	N	2022-07-23 12:27:17	2022-11-08 04:36:19
BE22011189	13	0	생각해보니까 내가 항상 실천하지 않았던 것 같아. 내일부터는 꼼꼼하게 행동하도록 해야겠어.	N	2022-07-23 12:27:17	2022-11-08 04:36:19
BE22011189	14	1	너무 잘 생각했어. 금방 이렇게 기운을 차려서 내가 다 기쁘다. 그런 마음이면 못 할 일이 없을 거야.	N	2022-07-23 12:27:17	2022-11-08 04:36:19
BE22011189	15	0	공감 화자님이 격려해준 덕분이지. 내 하소연을 들어줘서 고마워. 다음에 또 연락할게.	Y	2022-07-23 12:27:17	2022-11-08 04:36:19
