id	utterance_id	utterance_type	utterance_text	terminate	regDate	updDate
BE22015416	1	0	오늘 회사에서 중요한 회의가 있어서 나름 신경 써서 입고 왔거든요? 근데 글쎄 양말을 짝짝이로 신고 온 거 있죠.	N	2022-08-24 01:43:23	2022-08-24 01:43:23
BE22015416	2	1	정말요? 설마 그러고 회의에 참석한 건 아니겠죠?	N	2022-08-24 01:43:23	2022-08-24 01:43:23
BE22015416	3	0	회의 시작 전에 발견해서 양말 그냥 벗었어요. 옆에 다른 직원이 알려주는데 얼마나 당황스럽고 창피했는지 몰라요. 아직도 생각만 하면 얼굴이 다 후끈거리네요.	N	2022-08-24 01:43:23	2022-08-24 01:43:23
BE22015416	4	1	감정화자씨 정말 당황스러웠겠어요, 그 심정이 어땠을지 너무나 이해가 가네요. 얘기로만 듣는 저도 이렇게 당황스러운데 감정화자씨는 오죽했겠어요.	N	2022-08-24 01:43:23	2022-11-08 05:02:56
BE22015416	5	0	분명히 제대로 신고 나온 거 같은데 왜 그렇게 티 나는 짝짝이로 신고 있었는지 모르겠어요. 순간 너무 놀라서 얼떨떨하고 당혹스러워서 어찌할 바를 모르겠더라니까요.	N	2022-08-24 01:43:23	2022-08-24 01:43:23
BE22015416	6	1	놀라서 충분히 당혹감이 드는 거 이해해요. 그렇다고 이런 일로 감정화자씨가 속상해하거나 상처받는 일은 없었으면 좋겠어요. 사람은 누구나 실수하면서 성장하는 법이잖아요.	N	2022-08-24 01:43:23	2022-11-08 05:02:56
BE22015416	7	0	나 자신이 너무 한심하게 느껴지는 하루였어요. 다른 사람들이 비웃는 거 같아서 계속 신경이 쓰이니까 회의에 집중도 잘 안되더라고요. 이 당황스러움과 창피함이 잊히기까지는 시간이 좀 걸릴 거 같네요.	N	2022-08-24 01:43:23	2022-11-08 05:02:56
BE22015416	8	1	원래 마음의 상처가 클수록 진정이 되기까지는 충분한 시간이 필요하잖아요. 너무 조급하게 생각하지 말고 버텨내고자 굳게 마음만 먹는다면 잘 이겨내실 수 있을 거라 생각해요.	N	2022-08-24 01:43:23	2022-11-08 05:02:56
BE22015416	9	0	말이라도 그렇게 해주니 정말 고마워요. 내가 너무 나약한 생각만 했던 거 같네요. 덕분에 조금은 힘이 나는 거 같고, 이겨낼 수 있을 거 같은 용기도 생겼어요.	N	2022-08-24 01:43:23	2022-11-08 05:02:56
BE22015416	10	1	고맙기는요, 오히려 이렇게 금방 기운 차리는 모습을 보여주니 정말 다행이고 제가 다 뿌듯해지네요. 감정화자씨는 강한 사람이니까 꼭 이겨낼 수 있기를 바랄게요.	N	2022-08-24 01:43:23	2022-11-08 05:02:56
BE22015416	11	0	하소연할 데도 없어서 혼자 너무 답답했었거든요. 그런데 공감화자씨랑 이렇게 대화하고 나니까 속이 많이 후련해졌어요. 진작에 얘기할 걸 왜 고민했나 싶네요.	N	2022-08-24 01:43:23	2022-11-08 05:02:56
BE22015416	12	1	그래요, 언제든 고민이나 힘든 일이 있으면 저한테라도 다 얘기하세요. 그런 일을 겪었는데 말할 사람이 없어서 혼자 이겨낸다는 건 너무 힘들고 속상할 거 같아요.	N	2022-08-24 01:43:23	2022-11-08 05:02:56
BE22015416	13	0	별일 아닌 제 얘기에 공감해 주고, 좋은 말까지 해줘서 정말 고마웠어요. 저도 모르게 누군가에게 위로받고 싶은 마음이 있었나 봐요. 정말 마음이 따뜻해지는 시간이었어요.	N	2022-08-24 01:43:23	2022-11-08 05:02:56
BE22015416	14	1	원래 슬픔과 힘듦은 나누면 반이 된다고 하잖아요. 그렇게 말씀해 주시니 제가 더 고맙네요. 하루빨리 훌훌 털고 일어나셔서 예전처럼 웃는 얼굴로 지낼 수 있으면 좋겠어요.	N	2022-08-24 01:43:23	2022-11-08 05:02:56
BE22015416	15	0	네, 저도 그럴 수 있도록 열심히 노력하면서 지내볼게요. 그럼 다시 연락드리겠습니다.	Y	2022-08-24 01:43:23	2022-08-24 01:43:23
