id	utterance_id	utterance_type	utterance_text	terminate	regDate	updDate
BE22011527	1	0	일을 할 수 없을 정도로 진짜 당황스럽다. 어떻게 해야할 지 모르겠어.	N	2022-07-25 08:24:58	2022-11-08 04:38:29
BE22011527	2	1	직장 옮긴 지 며칠이나 됐다고 당황스러운 일이 생겨. 무슨 일이 생긴 건지 말해 봐.	N	2022-07-25 08:24:58	2022-11-08 04:38:29
BE22011527	3	0	내가 제일 가고 싶었던 회사에서는 채용 공고를 안 올리길래 지금 회사에 지원해서 취직된 거잖아. 그런데 지금 채용 공고가 올라왔어. 이 상황이 너무 아쉽고 당황스러워.	N	2022-07-25 08:24:58	2022-11-08 04:38:29
BE22011527	4	1	취직한 지 별로 안돼서 정말 곤란하고 당황스럽겠다. 차라리 다닌 지 꽤 지난 뒤 채용 공고가 올라왔다면 지원이라도 할텐데 내가 다 아쉽다. 혹시 그래도 지원해 볼 생각이 있어?	N	2022-07-25 08:24:58	2022-11-08 04:38:29
BE22011527	5	0	보자마자 지원할까 싶긴 했지만 취업한 지 며칠 안돼서 이직하는 건 좀 아닌 것 같아. 이 분야가 회사가 많지 않아서 곤란해질 것 같기도 하고. 그냥 이 상황이 너무 당황스럽네.	N	2022-07-25 08:24:58	2022-11-08 04:38:29
BE22011527	6	1	아무래도 나도 그게 맞다고 생각해. 아쉽지만 타이밍이 안 맞았던 걸 네가 어떻게 할 순 없으니까. 심지어 저 회사 때문에 너 이직 준비기간도 길게 잡았었잖아, 정말 당황스럽겠다.	N	2022-07-25 08:24:58	2022-11-08 04:38:29
BE22011527	7	0	응, 정말 어이가 없고 당황스러워. 이왕 기간 길게 잡은 거 더 잡을걸 그랬어. 진짜 이런 일이 일어날 수가 있는 거냐. 	N	2022-07-25 08:24:58	2022-11-08 04:38:29
BE22011527	8	1	네 당황스러움이 오롯이 느껴져서 나도 당황스러울 정도야. 하지만 지금 회사도 유명한 회사고 규모도 크잖아, 너 연봉 협상도 잘됐다고 자랑한 게 어제인걸.	N	2022-07-25 08:24:58	2022-11-08 04:38:29
BE22011527	9	0	응, 솔직히 두 회사 모두 실무자 사이에서 평가는 동일할 정도로 비슷해. 그냥 그 회사에 가고 싶었던 이유가 통근 시간이 더 적고 다니는 대학 동기들이 많았거든. 오히려 연봉은 여기가 더 나을지도 모르지.	N	2022-07-25 08:24:58	2022-11-08 04:38:29
BE22011527	10	1	출퇴근 시간이 더 적고 아는 사람들이 많다니 네가 아쉬울 만도 해. 하지만 아무리 원했어도 막상 들어갔으면 너랑 안 맞았을지도 몰라. 지금 회사가 너랑 더 잘 맞는다고 생각하자, 그게 좋을 것 같아.	N	2022-07-25 08:24:58	2022-11-08 04:38:29
BE22011527	11	0	그래, 그게 좋을 것 같네. 그냥 생각지도 못하게 공고를 보게 돼서 더 당황했던 것 같아. 지금 다니는 회사에서 열심히 연봉을 올리고 두 회사보다 더 좋은 회사로 이직해야겠어.	N	2022-07-25 08:24:58	2022-11-08 04:38:29
BE22011527	12	1	나도 그렇게 좋게 넘기고 열심히 하는 게 맞다고 생각해. 주어진 자리에서 최선을 다하다 보면 좋은 기회는 알아서 굴러들어오게 될 거야.	N	2022-07-25 08:24:58	2022-11-08 04:38:29
BE22011527	13	0	역시 내 고민을 해결해주는 건 항상 너야, 정말 고맙다. 덕분에 당황스러움이 가라앉았어.	N	2022-07-25 08:24:58	2022-11-08 04:38:29
BE22011527	14	1	해결되었다니 정말 나까지 다행이라는 생각이 들 정도야. 또 고민이 생기면 언제든지 찾아오라고.	Y	2022-07-25 08:24:58	2022-11-08 04:38:29
