id	utterance_id	utterance_type	utterance_text	terminate	regDate	updDate
BE22013786	1	0	나 오늘 풋살동호회 사람들이랑 풋살 내기하고 왔어.	N	2022-08-10 10:12:34	2022-08-10 10:12:34
BE22013786	2	1	오 정말? 어땠어? 오늘 첫 모임이었다며.	N	2022-08-10 10:12:34	2022-08-10 10:12:34
BE22013786	3	0	응. 내기는 이겨서 게임비는 안 냈는데 사실 좀 당황스러워. 머릿속이 복잡해.	N	2022-08-10 10:12:34	2022-11-08 04:52:40
BE22013786	4	1	무슨 일 때문에 그래? 내기에서 이겨서 게임비를 안 낸 거면 오히려 기분이 좋아야 하는 거 아닌가?	N	2022-08-10 10:12:34	2022-08-10 10:12:34
BE22013786	5	0	맞아. 그래야 하는데. 사실 내가 우리 팀에서 제일 못했거든. 근데 다른 사람들이 잘해서 약간 묻어가는 기분이었어. 나는 내가 나름 잘한다고 생각해서 너무 혼란스럽더라.	N	2022-08-10 10:12:34	2022-08-10 10:12:34
BE22013786	6	1	네 실력에 자신감이 있었는데 생각보다 결과가 좋지 않아서 당황했구나. 생각했던 실력과 다른 결과에 혼란스러울 만하겠다.	N	2022-08-10 10:12:34	2022-11-08 04:52:40
BE22013786	7	0	맞아. 내가 너무 내 실력을 과신했었나 머릿속이 뒤죽박죽이야. 나 그래도 나름대로 자신 있었거든. 친구들 사이에서는 잘 찬다는 소리도 많이 듣고.	N	2022-08-10 10:12:34	2022-08-10 10:12:34
BE22013786	8	1	왜 안 그러겠어. 너 우리 무리 사이에서는 제일 잘하잖아. 당황스러울 만해. 그래도 네가 실력이 없다고 생각은 안 했으면 좋겠어.	N	2022-08-10 10:12:34	2022-11-08 04:52:40
BE22013786	9	0	하지만 너무 차이가 나게 못 찼는걸? 아직도 어안이 벙벙해. 이게 맞나 싶어.	N	2022-08-10 10:12:34	2022-08-10 10:12:34
BE22013786	10	1	풋살 동호회라면 너보다 오래 친 사람들도 있을 거고 어느 정도 실력 차이는 날 수도 있다고 생각해. 하필 네 팀에 잘하는 사람이 몰린 거일 수도 있고. 그러니까 너무 네 실력을 의심하며 당황하지 않았으면 해.	N	2022-08-10 10:12:34	2022-11-08 04:52:40
BE22013786	11	0	그런가? 확실히 실력이 남다르기는 하더라고. 유명한 풋살동호회 사람들이라 그런가.	N	2022-08-10 10:12:34	2022-08-10 10:12:34
BE22013786	12	1	네 풋살 실력은 아주 출중해. 그만 혼란스러워하고 기운 내!	N	2022-08-10 10:12:34	2022-11-08 04:52:40
BE22013786	13	0	그렇게 말해주니까 고맙네. 맞아. 내 실력이 부족하다면 더 열심히 연습하면 되지.	N	2022-08-10 10:12:34	2022-08-10 10:12:34
BE22013786	14	1	좋아. 그런 긍정적인 생각 변화. 아주 보기 좋아. 너의 그런 긍정적인 면이 정말 훌륭하다니까.	N	2022-08-10 10:12:34	2022-08-10 10:12:34
BE22013786	15	0	칭찬해줘서 고마워. 이런 고민 할 생각에 풋살 실력을 늘려야겠다. 얘기 들어줘서 고마워. 기분이 한결 나아졌어. 또 연락할게.	Y	2022-08-10 10:12:34	2022-08-10 10:12:34
