id	utterance_id	utterance_type	utterance_text	terminate	regDate	updDate
BE22013471	1	0	원래 젤 네일이 이런 거였어? 그냥 난 예뻐 보여서 한 건데, 하고 나서 손톱이 약해졌는지, 자꾸 깨지네. 처음 한 건데 너무 당황스럽다.	N	2022-08-08 06:44:28	2022-11-08 04:50:39
BE22013471	2	1	젤 네일하고 나면 손톱이 많이 상한대. 그런데 그런 일을 처음 겪었으면 많이 놀라긴 했겠다.	N	2022-08-08 06:44:28	2022-11-08 04:50:39
BE22013471	3	0	예뻐 보여서 했는데, 건강하던 손톱이 갈라지고 깨지니까 좀 놀랐어. 업무할 때도 불편하고, 손톱도 미관상 예쁘지 않으니까 신경 쓰여. 손도 막 숨기고 싶고.	N	2022-08-08 06:44:28	2022-11-08 04:50:39
BE22013471	4	1	어머, 그렇게까지 마음고생하고 있는 줄은 몰랐어. 어차피 회사 다니면 다들 업무하느라 바쁘니까 신경 안 쓸 거야. 너무 걱정하지 말자.	N	2022-08-08 06:44:28	2022-11-08 04:50:39
BE22013471	5	0	자라려면 시간이 꽤 걸릴 텐데, 누가 이거 보고 손톱 이상하다고 하면 어떡해. 거의 한 달 정도 기다려야 할 텐데, 그때까지 계속 손을 숨겨야 하잖아.	N	2022-08-08 06:44:28	2022-11-08 04:50:39
BE22013471	6	1	먼저 말하지 않으면 손톱이 어떻든 신경 쓰지 않을 거야. 그리고 손톱 좀 상하면 어때. 곧 자라나서 다시 멀쩡해질 거야.	N	2022-08-08 06:44:28	2022-11-08 04:50:39
BE22013471	7	0	그래도 상한 맨손톱을 드러내고 다녀야 하는 게 너무 부끄럽잖아. 젤 네일 안 할 때는 몰랐는데, 한번 해 보니까 맨손톱을 드러내놓기가 좀 그래. 다른 여자 직원들은 다 깔끔하고 예쁘게 꾸미고 다닌단 말이야.	N	2022-08-08 06:44:28	2022-11-08 04:50:39
BE22013471	8	1	회사는 일이 더 중요한 곳인데 뭐. 네 손톱이 예쁘든, 깨져있든 일이 더 중요하잖아. 너는 회사에서도 충분히 능력 인정받는 인재니까 너무 주눅들 필요 없어!	N	2022-08-08 06:44:28	2022-11-08 04:50:39
BE22013471	9	0	나도 그렇다고 생각했는데, 요즘 왜 이렇게 외적인 꾸밈에 신경이 많이 쓰이는지 모르겠어. 내가 잘 못 하는 부분이라서 그런가, 내 마음대로 안 되면 종일 스트레스받더라고.	N	2022-08-08 06:44:28	2022-11-08 04:50:39
BE22013471	10	1	요즘 큰 프로젝트를 맡고 있어서 그 부담감 때문에 다른 부분까지 신경 쓰이는 건 아닐까? 업무 스트레스가 커서, 괜히 관련 없는 다른 사소한 부분들까지 신경 쓰는 것 같아. 내가 아는 너는 외모에 크게 신경 쓰지 않고 하던 일에 열중하는 사람이었는데 말이야.	N	2022-08-08 06:44:28	2022-11-08 04:50:39
BE22013471	11	0	네 말이 맞는 것 같기도 해. 요즘 과중한 책임감 때문에 괜히 사소한 곳에서 트집 잡힐까 봐 걱정이 이만저만이 아니거든.	N	2022-08-08 06:44:28	2022-11-08 04:50:39
BE22013471	12	1	그래서 네가 더 걱정스러웠나 보다. 처음으로 맡는 프로젝트다 보니까 여러모로 신경 쓸 것도 많고 예민해져 있겠지. 네 스트레스가 얼마나 클지 느껴진다.	N	2022-08-08 06:44:28	2022-11-08 04:50:39
BE22013471	13	0	예민해지고 스트레스받으니까 나도 모르게 손톱을 뜯었나 봐. 그래서 계속 손톱이 깨지는 거고. 나도 내가 좀 진정하고 일에만 집중했으면 좋겠다.	N	2022-08-08 06:44:28	2022-11-08 04:50:39
BE22013471	14	1	네가 잘하고 싶은 마음이 워낙 커서 그런걸. 그리고 스트레스받는 게 무조건 나쁘기만 한 게 아니래. 이걸 잘 사용하면 더 생산적이고 발전적으로 활용할 수 있다고 하더라.	N	2022-08-08 06:44:28	2022-11-08 04:50:39
BE22013471	15	0	내가 제일 듣고 싶은 말이었어. 스트레스받는 걸 무조건 나쁘다고만 생각했는데, 이제는 그걸 받아들이고 더 열심히 하려고 노력해야겠네. 나, 정말 이 프로젝트 잘하고 싶거든!	N	2022-08-08 06:44:28	2022-11-08 04:50:39
BE22013471	16	1	내가 업무 때문에 스트레스받는다는 사실을 인정하되, 그걸 동기로 삼는 거지. 그러면 건강하게 스트레스를 쓸 수 있대. 스트레스를 아예 안 받을 수 없으니까, 이렇게 생각해도 좋을 것 같아.	N	2022-08-08 06:44:28	2022-11-08 04:50:39
BE22013471	17	0	나는 내가 손톱에 신경 쓰이는 게 네일한 후 관리를 못 해서라고 생각했는데 아니었구나. 덕분에 많은 위로가 됐어. 앞으로는 스트레스 관리를 적절하게 하면서 일에 집중해야겠다.	N	2022-08-08 06:44:28	2022-11-08 04:50:39
BE22013471	18	1	그래. 내가 아는 넌 열정적이고 책임감 있는 사람이니까 분명히 잘 할 수 있어!	Y	2022-08-08 06:44:28	2022-11-08 04:50:39
