id	utterance_id	utterance_type	utterance_text	terminate	regDate	updDate
BE22011637	1	0	아니 대체 어쩌다 이런 일이 다 있는 걸까?	N	2022-07-25 14:53:19	2022-11-08 04:39:12
BE22011637	2	1	왜 그래? 무슨 일 있는 거야?	N	2022-07-25 14:53:19	2022-11-08 04:39:12
BE22011637	3	0	아니 작년에 헤어진 내 여자 친구 정말 두 번 다시는 보고 싶지 않았는데. 지금 사거리에서 신호 기다리며 마주보고 서 있어. 이런 일이 있을 거라고 상상을 못 해 봤어서 지금 너무 당황스러워.	N	2022-07-25 14:53:19	2022-11-08 04:39:12
BE22011637	4	1	나도 예전에 너랑 비슷한 경험을 한 적이 있어서 네 당황스러움 진짜 잘 알아. 정말 어떻게 해야 할지도 모르겠고 그냥 그 자리에 뻘쭘하게 서 있었는데.	N	2022-07-25 14:53:19	2022-11-08 04:39:12
BE22011637	5	0	너도 그런 적이 있구나. 하여튼 이번에 이 신호를 꼭 건너야 약속에 늦지 않는데 참 난감하네.	N	2022-07-25 14:53:19	2022-11-08 04:39:12
BE22011637	6	1	근데 이미 다 지나간 시간이니까 그렇게 생각하지 마. 그래도 여자 친구랑 좋은 추억도 쌓았었잖아 그러니 불편한 마음만 가지지는 마. 결국 상황은 네가 어떻게 생각하는지, 어떻게 느끼는지가 제일 중요하니까 마음 편하게 가져.	N	2022-07-25 14:53:19	2022-11-08 04:39:12
BE22011637	7	0	좋은 추억 많이 쌓았었지. 근데 그만큼 싸우기도 많이 싸웠었는걸. 헤어지면서 서로 두 번 다시는 보지 말자고 했었단 말이야.	N	2022-07-25 14:53:19	2022-11-08 04:39:12
BE22011637	8	1	근데 그러고 지금 1년이라는 긴 시간이 지났는걸? 모든 일은 결국에 미화되기 마련이야. 네가 가지는 마음가짐에 따라 추억이 행복하게 남을 수도, 나쁘게 남을 수도 있지.	N	2022-07-25 14:53:19	2022-11-08 04:39:12
BE22011637	9	0	하긴 그건 또 그러네. 결국에 내가 생각하는 게 제일 중요하지.	N	2022-07-25 14:53:19	2022-11-08 04:39:12
BE22011637	10	1	맞아 그러니 마냥 당황할 필요는 없을 것 같아. 차라리 먼저 가서 인사를 하고 잘 마무리 하는 건 어때? 너의 마음 속 추억을 아름답게 마무리할 수 있는 좋은 기회인걸?	N	2022-07-25 14:53:19	2022-11-08 04:39:12
BE22011637	11	0	네 말이 맞아. 덕분에 그동안 전 여자 친구와의 추억을 정말 완벽하고 깔끔하게 마무리할 수 있을 것 같아. 들어줘서 고마워.	N	2022-07-25 14:53:19	2022-11-08 04:39:12
BE22011637	12	1	아니야 이렇게 이야기해도 용기내는 게 정말 쉬운 일이 아닐 텐데. 내가 봤을 때 너는 정말 대단하고 멋있는 것 같아!	N	2022-07-25 14:53:19	2022-11-08 04:39:12
BE22011637	13	0	너의 조언이 없었으면 나는 아직도 전 여자 친구를 보며 마냥 당황하고 있었을 거야. 너의 말이 나에게 큰 도움이 되었어.	N	2022-07-25 14:53:19	2022-11-08 04:39:12
BE22011637	14	1	하하 도움이 되었다니 정말 기쁘다. 또 고민이 있으면 언제든지 이야기 해 다 들어줄게.	N	2022-07-25 14:53:19	2022-11-08 04:39:13
BE22011637	15	0	정말 고마워. 신호등 건너고 나서 어떤 이야기를 했는지 다시 연락할게!	Y	2022-07-25 14:53:19	2022-11-08 04:39:13
