id	utterance_id	utterance_type	utterance_text	terminate	regDate	updDate
BE22012102	1	0	나는 여름이 오는 게 너무 싫어. 날이 더워지려고만 하면 벌써 봄이 끝난 건가 하고 당황스러워지곤 해.	N	2022-07-27 10:57:22	2022-11-08 04:42:09
BE22012102	2	1	더위를 많이 타니? 나도 더워서 여름을 별로 안 좋아하는데.	N	2022-07-27 10:57:22	2022-11-08 04:42:09
BE22012102	3	0	더운 것도 싫은데 그렇다기보다 털이 많아서 반바지를 입기가 꺼려지거든. 그런데 더워서 긴 바지는 못 입겠고 어찌할 바를 몰라서 싫어. 다리털이 정글 수준으로 많은데 짧은 걸 입으면 다들 내 다리만 보는 것 같아서 당황스러워지거든.	N	2022-07-27 10:57:22	2022-11-08 04:42:09
BE22012102	4	1	사람이라면 누구나 있는 게 털인데 뭐 어때. 태초부터 우리는 털로 뒤덮인 동물이었는걸. 너무 남 시선을 의식하지 않았으면 좋겠어.	N	2022-07-27 10:57:22	2022-11-08 04:42:09
BE22012102	5	0	그래도 요즘 시대에는 다들 매끈한 피부 결을 가졌잖아. 나는 아무리 밀어도 더 굵고 많이 자라서 제모도 못해. 내가 봐도 징그러운데 남들이 보면 얼마나 놀랄까 생각하니까 더워도 긴 것만 입게 되네.	N	2022-07-27 10:57:22	2022-11-08 04:42:10
BE22012102	6	1	네가 그게 콤플렉스라고 하니까 많이 힘들 것 같기는 하다. 나도 내 신체의 모난 부분 하나쯤은 계속 마음에 걸려 하니까. 그래도 나는 오히려 털이 많은 사람을 봐도 아무 생각이 안 들어.	N	2022-07-27 10:57:22	2022-11-08 04:42:10
BE22012102	7	0	그렇게 말해줘서 고맙다. 나도 반바지를 입고는 싶은데 마음이 잘 안 따라줘. 자신감이 부족한가 봐.	N	2022-07-27 10:57:22	2022-11-08 04:42:10
BE22012102	8	1	남들의 시선을 눈 딱 감고 온전히 느껴보는 건 어때? 마치 네가 유명 인사가 되었다고 생각하고 한번 입고 나가봐. 네가 우려했던 것과는 달리 진짜 아무도 네 털에 관심이 없을 거라고 내가 확신해.	N	2022-07-27 10:57:22	2022-11-08 04:42:10
BE22012102	9	0	정말 그럴까? 사실 나도 내 콤플렉스를 극복하고 싶다고 계속 생각해 왔는데 용기가 없었거든. 네가 그렇게 말해주니까 할 수 있을 것 같다는 생각이 드네.	N	2022-07-27 10:57:22	2022-11-08 04:42:10
BE22012102	10	1	옛말에 미인들은 털이 많다고 했어. 생각의 발상을 아예 바꿔버리는 거야. 그리고 네 몸은 털이 많아서 누구보다 너 자신을 잘 보호할 수 있겠어.	N	2022-07-27 10:57:22	2022-11-08 04:42:10
BE22012102	11	0	하하 사실 털이 미적 기준이 아니라 신체를 보호해 주는 역할이긴 하지. 내 콤플렉스를 자꾸 좋은 쪽으로 말해주려 하는 너를 보니 자신감이 생긴다.	N	2022-07-27 10:57:22	2022-11-08 04:42:10
BE22012102	12	1	네가 반바지를 입고 나를 만나는 날에 나도 내 콤플렉스인 이마를 시원하게 드러내고 나갈게. 둘이 함께한다면 좀더 용기가 생기지 않겠어?	N	2022-07-27 10:57:22	2022-11-08 04:42:10
BE22012102	13	0	네가 내 콤플렉스를 들었을 때 느낌이 이런 느낌이었구나. 전혀 네 이마가 못생겼다고 생각한 적이 없는데. 다들 나에게만 기준이 엄격한 거였어.	N	2022-07-27 10:57:22	2022-11-08 04:42:10
BE22012102	14	1	그렇지? 나도 내 콤플렉스지만 굳이 남들 시선을 많이 의식하지는 않아. 너도 자신감을 가지고 너 자신을 좀더 소중히 생각했으면 좋겠어.	N	2022-07-27 10:57:22	2022-11-08 04:42:10
BE22012102	15	0	너로 인해서 앞으로 여름마다 이렇게 당황스러운 감정을 느끼지 않을 수 있을 것 같아. 나한테 항상 이렇게 긍정적이고 예쁘게 조언해 줘서 고마워. 당장 널 만날 때 입을 반바지를 구매해야겠다.	Y	2022-07-27 10:57:22	2022-11-08 04:42:10
