id	utterance_id	utterance_type	utterance_text	terminate	regDate	updDate
BE22011411	1	0	어제 우리 언니가 남자 친구를 소개해 줬거든? 난 반대야.	N	2022-07-25 02:14:58	2022-11-08 04:37:43
BE22011411	2	1	왜? 너 매번 찬성하지 않았어? 이번엔 별로야?	N	2022-07-25 02:14:58	2022-11-08 04:37:43
BE22011411	3	0	응, 온몸에 문신했더라고? 나랑 안 좋게 헤어진 전 남자 친구도 그랬잖아. 그래서 그런지 언니 남자 친구 보고 놀라서 순간 너무 당황했잖아.	N	2022-07-25 02:14:58	2022-11-08 04:37:43
BE22011411	4	1	아, 정말 놀랄 수밖에 없었겠다. 안 좋은 기억이 떠올라서 속이 많아 상했겠네. 당황했을 너의 마음이 충분히 이해가 간다.	N	2022-07-25 02:14:58	2022-11-08 04:37:43
BE22011411	5	0	전 남자 친구 때문에 받은 상처가 너무 컸었잖아. 비슷한 사람을 보니까 너무 혼란스러웠고 순간 멍해져서 어찌할 바를 모르겠더라고.	N	2022-07-25 02:14:58	2022-11-08 04:37:43
BE22011411	6	1	왜 안 그러겠어, 그때 마음고생 아주 많이 했었잖아. 그 순간이 정말 힘들었겠다. 나도 그때만 떠올리면 속상한데 너는 오죽하겠어.	N	2022-07-25 02:14:58	2022-11-08 04:37:43
BE22011411	7	0	응, 언니한테 이런 사정을 말은 못 하겠고, 이 당혹스러움을 어찌 해결해야 할지 모르겠어. 언니 남자 친구를 만날 때마다 그 기억이 떠오를 거 같아서 나는 너무 힘들거든.	N	2022-07-25 02:14:58	2022-11-08 04:37:43
BE22011411	8	1	혼자서 속으로 끙끙 앓았을 너를 생각하니 내 마음이 다 아프네. 그냥 솔직하게 언니한테 털어놓는 건 어떨까? 그럼 언니도 어느 정도 이해를 해주지 않을까?	N	2022-07-25 02:14:58	2022-11-08 04:37:43
BE22011411	9	0	정말 그럴까? 조언 고마워. 네 덕분에 조금은 용기가 생겼어. 내 입장을 언니한테 솔직하게 이야기해 볼게.	N	2022-07-25 02:14:58	2022-11-08 04:37:43
BE22011411	10	1	물론이지! 그런 의지만 잃지 않는다면 어떤 문제든 다 해결할 수 있을 거라 믿어.	N	2022-07-25 02:14:58	2022-11-08 04:37:43
BE22011411	11	0	정말 고마워! 너의 응원에 많은 힘이 난다. 이렇게 너랑 대화하고 나니 속이 많이 후련해졌어. 진작에 좀 이야기할 걸 그랬네.	N	2022-07-25 02:14:58	2022-11-08 04:37:43
BE22011411	12	1	고맙긴 뭘, 네 마음의 짐이 조금은 덜어진 거 같아서 정말 다행이야. 그래 언제든 고민 상담이 필요하면 나한테 이야기해.	N	2022-07-25 02:14:58	2022-11-08 04:37:43
BE22011411	13	0	응, 말이라도 정말 고맙다. 내가 언제 한 번 밥이라도 살게. 조만간 연락해서 꼭 만나자.	N	2022-07-25 02:14:58	2022-11-08 04:37:43
BE22011411	14	1	오, 밥 좋지! 그때는 너의 고민이 해결되고 난 후였으면 좋겠다.	N	2022-07-25 02:14:58	2022-11-08 04:37:44
BE22011411	15	0	노력해 볼게! 다시 연락하자, 잘 지내.	Y	2022-07-25 02:14:58	2022-11-08 04:37:44
