id	utterance_id	utterance_type	utterance_text	terminate	regDate	updDate
BE22001636	1	0	20년 넘게 연락 없던 고교 동창이 갑자기 전화가 온 거 있죠?	N	2022-06-16 07:03:43	2022-11-08 03:35:01
BE22001636	2	1	반갑기도 하지만 당황스러우셨겠어요.	N	2022-06-16 07:03:43	2022-11-08 03:35:01
BE22001636	3	0	네, 더군다나 친하지도 않고 평판도 안 좋은 친구였거든요.	N	2022-06-16 07:03:43	2022-11-08 03:35:01
BE22001636	4	1	그런 친구한테 전화 받으면 좀 부담되죠. 연락처는 어떻게 알았죠?	N	2022-06-16 07:03:43	2022-11-08 03:35:01
BE22001636	5	0	길거리에서 제 친한 친구를 만나서 알게 된 모양이에요. 연락처 준 친구에게도 좀 섭섭하고, 한번 만나자고 하는데 일단 지금은 바쁘고 나중에 보자 하고 끊었어요.	N	2022-06-16 07:03:43	2022-11-08 03:35:01
BE22001636	6	1	감정화자님이 전화 한 통에 많이 당황하셨군요. 더군다나 평판이 안 좋은 친구라면 전화번호를 알려준 친구에게 섭섭하긴 하겠네요. 그런데 그 친구의 평판은 왜 안 좋은 거예요?	N	2022-06-16 07:03:43	2022-11-08 03:35:01
BE22001636	7	0	친구들을 이용만 하고 문제가 생기면 책임을 다 떠넘기고 본인만 쏙 빠져버린다고 하더라고요. 그래서 곤란한 경우에 처했던 친구들이 꽤 많았어요.	N	2022-06-16 07:03:43	2022-11-08 03:35:01
BE22001636	8	1	그런 친구면 감정화자씨가 아예 안 만나는 게 좋지 않을까요?	N	2022-06-16 07:03:43	2022-11-08 03:35:01
BE22001636	9	0	그래서 한 번 거절을 했는데 또 전화가 오면 어쩌나 걱정이에요.	N	2022-06-16 07:03:43	2022-11-08 03:35:01
BE22001636	10	1	감정화자씨는 마음이 여려서 다른 사람들 부탁을 잘 거절하지 못하잖아요. 하지만 이번의 경우는 단호하게 거부를 하셔야 할 것 같은데요. 한 번 거부하고 나면 거절이 그다지 어려운 일이 아니라는 걸 알게 되실 거예요.	N	2022-06-16 07:03:43	2022-11-08 03:35:01
BE22001636	11	0	그런가요? 거절을 하는 게 익숙하지 않아서요.	N	2022-06-16 07:03:43	2022-11-08 03:35:01
BE22001636	12	1	사람의 부탁을 잘 들어주는 것도 좋지만 때로는 거절도 미덕이에요. 감정화자씨가 편안해야 감정화자씨의 주변도 편안해지는 거니까요.	N	2022-06-16 07:03:43	2022-11-08 03:35:01
BE22001636	13	0	공감화자님의 말씀을 들으니 그렇게 해 봐야겠네요. 덕분에 마음이 좀 홀가분해졌어요.	N	2022-06-16 07:03:43	2022-11-08 03:35:01
BE22001636	14	1	좋은 사람만 만나며 살기에도 인생은 길지 않아요. 안 좋은 사람은 피하는 게 상책이에요.	N	2022-06-16 07:03:43	2022-11-08 03:35:01
BE22001636	15	0	공감화자님, 정말 너무 감사해요.	Y	2022-06-16 07:03:43	2022-11-08 03:35:01
