id	utterance_id	utterance_type	utterance_text	terminate	regDate	updDate
BE22013303	1	0	백수 탈출하기 왜 이렇게 힘드냐? 이정도 힘듦은 예상하지 못했어서 정말 당황스러워.	N	2022-08-05 16:46:28	2022-11-08 04:49:37
BE22013303	2	1	열심히 구직 활동 하더니 아직 일자리 소식이 없는 거야?	N	2022-08-05 16:46:28	2022-08-05 16:46:28
BE22013303	3	0	알바 애플리케이션 깔고 엄청나게 찾아보는데, 내가 지원할 곳이 많지 않아. 조건도 무지 까다롭고, 지원자도 진짜 많더라.	N	2022-08-05 16:46:28	2022-11-08 04:49:38
BE22013303	4	1	현실은 서류 통과되어도 면접 보러 오라는 곳이 많지 않아. 그만큼 경쟁자들이 많을 거야. 요즘 일자리가 진짜 하늘의 별 따기야.	N	2022-08-05 16:46:28	2022-11-08 04:49:38
BE22013303	5	0	취직은 고사하고 알바라도 해 보려고 동네 편의점 알아봤거든. 그런데 편의점에도 알바 자리가 없어서 당황스럽더라. 너무 오래 백수 생활하니 남들이 어떻게 볼지 괜히 신경 쓰여.	N	2022-08-05 16:46:28	2022-11-08 04:49:38
BE22013303	6	1	남들이 뭐라 하든 네 할 일 찾는 거니 너무 신경 쓰지 말고 기운 내. 가족들도 뭐라고 하셔?	N	2022-08-05 16:46:28	2022-11-08 04:49:38
BE22013303	7	0	아 진짜 알바라도 해서 집에서 나가고 싶다. 부모님이 대놓고 눈치를 주시는 것도 아닌데 혼자 눈치 보여.	N	2022-08-05 16:46:28	2022-08-05 16:46:28
BE22013303	8	1	집에 있으면 괜히 더 속상하겠다. 우리만 그런 게 아니라 다들 어렵다고 하더라. 우리도 좋은 날 오겠지. 안 그러냐?	N	2022-08-05 16:46:28	2022-11-08 04:49:38
BE22013303	9	0	그래. 곧 좋은 소식 있을 거라 믿고 당장 할 수 있는 일부터 찾아볼게. 내가 할 수 있는 일이 뭐가 있을까?	N	2022-08-05 16:46:28	2022-11-08 04:49:38
BE22013303	10	1	집 근처에 편의점은 자리가 없다고 하니 대기를 걸어둬. 주변에 치킨집이나 피시방 알바 구할 수 있지 않을까?	N	2022-08-05 16:46:28	2022-11-08 04:49:38
BE22013303	11	0	내가 뭐 지금 이런 거 저런 거 따질 때는 아닌 것 같아. 내 처지에는 뭐라도 시켜주면 일해야지. 그전에는 남들 보는 눈 때문에 알바는 안 하려고 했는데 해야 할 것 같아.	N	2022-08-05 16:46:28	2022-11-08 04:49:38
BE22013303	12	1	너 진짜 많이 변했다. 예전 같으면 알바할 생각도 안 했을 텐데 말이야. 생각이 바뀐 만큼 알바하면서 많이 경험하면 너한테 취직 기회도 더 많이 있을 거야.	N	2022-08-05 16:46:28	2022-11-08 04:49:38
BE22013303	13	0	응. 진짜 지푸라기 잡는 심정으로 여기저기 일자리 정보 알아보고 있어. 올해에는 백수 탈출해야지. 나 할 수 있겠지?	N	2022-08-05 16:46:28	2022-11-08 04:49:38
BE22013303	14	1	네가 변한 만큼 너한테 기회가 많아질 거야. 힘내라. 젊었을 때 고생하자. 너나 나나 열심히 해야지.	N	2022-08-05 16:46:28	2022-11-08 04:49:38
BE22013303	15	0	고맙다. 다음에 만나면 술 한잔 사줘. 알바 구하면 내가 살게.	Y	2022-08-05 16:46:28	2022-11-08 04:49:38
