id	utterance_id	utterance_type	utterance_text	terminate	regDate	updDate
BE22015458	1	0	블라우스가 너무 벌어져 있는 것도 모르고 오늘 종일 거리를 활보했네요. 건물 유리에 저를 보고 깜짝 놀라서 얼마나 당황스러웠는지 몰라요. 추가로 단추를 달아야 할 것 같네요.	N	2022-08-24 05:32:16	2022-11-08 05:03:11
BE22015458	2	1	많이 당황하셨겠어요. 그래도 하루 안에 발견하신 거니 너무 속상하게 생각하지 마세요.	N	2022-08-24 05:32:16	2022-11-08 05:03:11
BE22015458	3	0	저를 쳐다보는 사람들의 시선이 이상하긴 했어요. 그때 눈치를 챘어야 하는데 거울 보고 너무 당황했어요.	N	2022-08-24 05:32:16	2022-08-24 05:32:16
BE22015458	4	1	저라도 당황했을 거예요. 블라우스가 벌어지면 가슴이 보이는 거라 난감하잖아요.	N	2022-08-24 05:32:16	2022-11-08 05:03:11
BE22015458	5	0	단추를 달려고 세탁소에 가려고 해요. 오늘 당장 해결해야지 이렇게 살 수는 없을 것 같아요.	N	2022-08-24 05:32:16	2022-11-08 05:03:11
BE22015458	6	1	당황스러우실 만했는데도 대안을 생각하시는 속도가 정말 빠르세요.	N	2022-08-24 05:32:16	2022-11-08 05:03:11
BE22015458	7	0	그나저나 살이 쪄서 블라우스가 벌어진 것이라 이 문제가 더 시급해요. 어떻게 살을 빼야 할지 고민이 되네요.	N	2022-08-24 05:32:16	2022-08-24 05:32:16
BE22015458	8	1	여성이라면 체중 감량의 고민이 정말 풀리지 않는 숙제인 것 같다고 생각해요. 원래 입던 옷이 작아지는 게 많은 마음에 충격이 되잖아요. 제가 보기에는 날씬하시지만 각자 다른 기준이 있으니 어서 그 고민이 해결되시기를 바랄 뿐이에요.	N	2022-08-24 05:32:16	2022-11-08 05:03:11
BE22015458	9	0	제가 요즘 업무 때문에 계속 앉아있는 시간도 많고 야식도 먹어서 뱃살이 많이 쪘어요. 먹다 보니 블라우스가 너무 벌어져서 추가 단추를 달아야 하는 사태까지 왔네요.	N	2022-08-24 05:32:16	2022-08-24 05:32:16
BE22015458	10	1	그래도 스트레스를 풀지 않으면, 업무나 일상생활이 어려워지니 다시 먹게 되고. 저 역시 그런 생활을 하고 있어요.	N	2022-08-24 05:32:16	2022-11-08 05:03:11
BE22015458	11	0	맞아요. 일, 다이어트, 스트레스가 우리를 참 힘들게 하네요.	N	2022-08-24 05:32:16	2022-11-08 05:03:11
BE22015458	12	1	그래도 제가 아는 분 중에 감정화자님처럼 부지런하시고 자기관리를 잘하는 분은 드물어요.	N	2022-08-24 05:32:16	2022-11-08 05:03:11
BE22015458	13	0	블라우스가 벌어져서 추가 단추를 달아야 하는 당황스러운 상황이었는데. 되려 저를 칭찬해 주시고 격려해 주시네요.	N	2022-08-24 05:32:16	2022-08-24 05:32:16
BE22015458	14	1	오늘도 실수를 통해 해결 법을 찾는 게 정말 현명하시다는 생각이 들었어요.	N	2022-08-24 05:32:16	2022-11-08 05:03:12
BE22015458	15	0	역시 격려와 칭찬은 저를 춤추게 하나 봐요. 오늘의 끔찍한 실수를 잊을 수 있는 힘을 주셔서 감사해요.	Y	2022-08-24 05:32:16	2022-11-08 05:03:12
