id	utterance_id	utterance_type	utterance_text	terminate	regDate	updDate
BE22004504	1	0	잘 지내? 나는 요즘 외국에서 매일매일이 당황의 연속이야. 그래서 오랜만에 너에게 연락했어.	N	2022-06-28 05:20:00	2022-11-08 03:53:22
BE22004504	2	1	벌써 너가 해외로 이민간 지 3달째이네. 너에게 무슨 일 있는 건 아니지? 당황의 연속이라고 하니 걱정이 된다.	N	2022-06-28 05:20:00	2022-11-08 03:53:22
BE22004504	3	0	딱히 무슨 일이 있는 건 아니야. 그런데 문화가 다른 외국인들과 함께 생활하려다 보니 가장 기본적인 장보기부터 여러 가지로 당황스러울 때가 있어서 슬프네. 3달이나 되었는데도 가끔씩 마주하는 당황스러움은 줄어들지 않는 기분이야.	N	2022-06-28 05:20:00	2022-11-08 03:53:22
BE22004504	4	1	그렇구나. 나도 외국어를 능통하게 하는 편이 아니라 해외에 나가서 살게 되면 정말 모르는 것 투성이일 것 같아. 그래서 너가 느끼는 당황스러움이 어떤 건지 아주 조금은 느껴지는데 얼마나 힘들고 외롭니?	N	2022-06-28 05:20:00	2022-11-08 03:53:22
BE22004504	5	0	맞아. 공감해줘서 고마워. 그중에서도 한국인들과 함께할 수 없는 해외로 나오니까 슬프고 우울함과 외로움이 가장 큰 것 같아. 어떻게 해야 할지 당황스러워.	N	2022-06-28 05:20:00	2022-11-08 03:53:22
BE22004504	6	1	맞지. 언제나 다정다감하고 사람들과 관계를 잘 맺고 지내던 너의 모습이 아직도 생생해. 그런데 갑자기 이렇게 낯선 곳에 혼자 떨어진 기분이 들면 말이야. 나도 더 외로움을 많이 느낄 것 같아 너처럼.	N	2022-06-28 05:20:00	2022-11-08 03:53:22
BE22004504	7	0	맞아. 그 기분인 것 같아. 나는 항상 외면적이어서 사람들과 잘 지내면서 스트레스를 풀곤 했는데 어떻게 이겨나갈 수 있을지 모르겠네. 슬프다 너와 가까이서 지내지 못해서.	N	2022-06-28 05:20:00	2022-11-08 03:53:22
BE22004504	8	1	맞아. 너는 항상 긍정적으로 사람들과 행복한 에너지를 나누며 스트레스를 풀곤 했었지. 내가 그런 입장에 처해도 어떻게 해야 할까 당황스러울 것 같아. 그런데 말이야 너의 이러한 장점을 외국에서도 잘 활용해 보는 것은 어떨까?	N	2022-06-28 05:20:00	2022-11-08 03:53:22
BE22004504	9	0	장점을 활용한다고? 어떻게 활용할 수 있을까 외롭고 아는 사람도 잘 없는데 말이야.	N	2022-06-28 05:20:00	2022-11-08 03:53:22
BE22004504	10	1	아! 그러니까 더 좋은 방법이 될 수 있을 것이라고 생각해! 모르는 사람들에게도 웃으며 다가가는 너의 장점을 살려 새로운 인연을 쌓아보는 거지!	N	2022-06-28 05:20:00	2022-11-08 03:53:23
BE22004504	11	0	새로운 인연을 만들어 보라는 거지? 외국어로 대화가 잘 통하지 않아서 걱정인데 내가 잘 할 수 있을까?	N	2022-06-28 05:20:00	2022-11-08 03:53:23
BE22004504	12	1	맞아. 물론 평소보다 더 관계를 시작하기 어려울 수 있을 것이라고 생각해. 그런데 조금 서툴더라도 진심을 전하는 면에 탁월한 너는 분명 그들과 소통을 원활히 해낼 수 있을 거야. 난 믿어 의심치 않아!	N	2022-06-28 05:20:00	2022-11-08 03:53:23
BE22004504	13	0	그래? 그렇게 말해주니 훨씬 마음이 놓이는걸? 그리고 혼자여서 당황스럽고 외로운 마음을 달랠 수 있을 것이라는 확신도 들면서 기분이 괜찮아지는 것 같아!	N	2022-06-28 05:20:00	2022-11-08 03:53:23
BE22004504	14	1	그래? 모든 것이 생소해 당황의 연속이었던 하루에 내 도움이 외로움을 달래는 데에 도움이 되었다니. 정말 다행이다.	N	2022-06-28 05:20:00	2022-11-08 03:53:23
BE22004504	15	0	응. 당황의 연속이었던 하루하루가 행복한 하루하루로 변할 생각에 나도 마음이 많이 좋아졌어. 친구야 너도 많이 보고 싶다. 시간되면 놀러와! 그리고 오늘 조언 너무 고마웠어!	Y	2022-06-28 05:20:00	2022-11-08 03:53:23
