id	utterance_id	utterance_type	utterance_text	terminate	regDate	updDate
BE22005021	1	0	공감화자씨 저는 제가 이렇게 열등감에 찌들어 있는 사람인지 몰랐어요.	N	2022-06-29 05:31:08	2022-11-08 03:56:41
BE22005021	2	1	무슨 소리예요. 감정화자씨만큼 착한 사람이 어딨다고요.	N	2022-06-29 05:31:08	2022-11-08 03:56:41
BE22005021	3	0	친구가 집에 실내골프장을 만들었다고 자랑하는데 같이 기뻐해 주기는커녕 아니꼬워하고 있더라고요.	N	2022-06-29 05:31:08	2022-11-08 03:56:41
BE22005021	4	1	요즘 감정화자씨 집 문제로 속 썩었었잖아요. 그런 상황이었으면 저도 마냥 좋은 감정이 들 수 없을 것 같아요.	N	2022-06-29 05:31:08	2022-11-08 03:56:41
BE22005021	5	0	제가 정말 아끼는 친구거든요. 그런데 이런 감정이 드는 제 모습에 당황했어요.	N	2022-06-29 05:31:08	2022-11-08 03:56:41
BE22005021	6	1	예상하지 못했던 감정이면 놀랄만하죠. 열등감 때문이라는 생각이 들면 심경이 복잡할 것 같네요.	N	2022-06-29 05:31:08	2022-11-08 03:56:41
BE22005021	7	0	괜히 친구 탓도 하게 돼요. 제가 집 문제로 피곤했던 거 알고 있거든요. 굳이 자랑을 했어야 하나 이런 생각이 들면서 기분이 나빴어요.	N	2022-06-29 05:31:08	2022-11-08 03:56:41
BE22005021	8	1	저라도 서운했을 것 같은데요? 친구분도 좀더 사려 깊었다면 좋았을 텐데. 너무 신나서 거기까진 생각 못 한 것 같아요.	N	2022-06-29 05:31:08	2022-11-08 03:56:41
BE22005021	9	0	맞아요. 실내골프장 만드는 게 로망이었던 친구라 얼마나 좋아서 자랑한 건지 이해도 돼요. 제가 그릇이 작은 사람인가 봐요.	N	2022-06-29 05:31:08	2022-11-08 03:56:41
BE22005021	10	1	감정화자씨는 다른 사람 입장을 먼저 살피는 사람이잖아요. 그래서 친구한테도 그런 배려를 받고 싶었던 거 아닐까요? 그릇이 좁아서 그런 게 아니니 자책할 것 없어요.	N	2022-06-29 05:31:08	2022-11-08 03:56:41
BE22005021	11	0	그렇게 말씀해 주시니 마음이 좀 편안해졌어요.	N	2022-06-29 05:31:08	2022-11-08 03:56:41
BE22005021	12	1	친구에게 열등감이 들었다고 솔직하게 말하는 모습만 봐도 감정화자씨는 마음이 넓은 사람이에요. 잠깐의 감정이니 너무 마음 쓰지 말아요.	N	2022-06-29 05:31:08	2022-11-08 03:56:41
BE22005021	13	0	항상 이렇게 다정하게 말씀해 주셔서 감사해요. 덕분에 친구에게 진심으로 축하한다고 말할 수 있을 것 같아요.	N	2022-06-29 05:31:08	2022-11-08 03:56:41
BE22005021	14	1	마음이 안정된 것 같아서 다행이에요.	Y	2022-06-29 05:31:08	2022-11-08 03:56:41
