id	utterance_id	utterance_type	utterance_text	terminate	regDate	updDate
BE22015176	1	0	나 지금 대학 면접 보러 가는데 가는 길이 너무 막혀. 1시간 일찍 도착해서, 면접 연습을 하고 싶었는데 할 수 없을 것 같아서 너무 당황스럽다.	N	2022-08-22 09:18:27	2022-08-22 09:18:27
BE22015176	2	1	니가 간절히 원했던 대학이잖아. 예상치 못하게 늦게 돼서 많이 당황했겠다. 그래도 일찍 나왔기 때문에, 면접에 늦는 건 아니라 다행이다.	N	2022-08-22 09:18:27	2022-11-08 05:01:27
BE22015176	3	0	버스가 이렇게 막힐 줄은 몰랐어. 시간을 좀더 여유롭게 잡았어야 했는데, 미처 생각하지 못했어. 이 당황스러움이 진정이 안 되네.	N	2022-08-22 09:18:27	2022-11-08 05:01:27
BE22015176	4	1	대학이 너무 중요하다 보니까 네가 그런 감정을 더 크게 느낄 것 같아. 이번에 정시 면접이 마지막 기회니까 넌 더 당황스러울 것 같아. 나였어도 같은 기분이었을 것 같아서, 공감돼.	N	2022-08-22 09:18:27	2022-11-08 05:01:27
BE22015176	5	0	이번에 대학이 떨어지면 나 재수해야 돼. 버스가 막힐 것까지 계산이 못한 내 잘못인 것 같아. 너무 난감하고, 당황한 나머지 머리가 하얘진 것 같아.	N	2022-08-22 09:18:27	2022-08-22 09:18:27
BE22015176	6	1	우선은 침착하고, 진정하길 바라. 버스가 막히는 건 너도 예상하지 못했기에 너를 탓하지 않길 바라. 너라면, 이 상황을 차분하게 해결해 나갈 수 있을 거라 믿어.	N	2022-08-22 09:18:27	2022-11-08 05:01:28
BE22015176	7	0	내가 더 당황스러운 건 사실은 면접 준비를 제대로 못 했거든. 난 긴장을 잘하니까, 면접에서 말도 잘못 할까 봐 일찍 가서 준비하려고 한 거거든. 거의 딱 맞춰 도착할 거 같아서 난감하다.	N	2022-08-22 09:18:27	2022-11-08 05:01:28
BE22015176	8	1	그중에서 희망을 찾자면, 정말 다행인 건 지각이 아니기 때문이야. 그래도 네가 연습할 시간까지 계산해서 여유롭게 나가길 정말 잘했어. 지각하지 않은 것만으로도 정말 다행이라고 생각해.	N	2022-08-22 09:18:27	2022-11-08 05:01:28
BE22015176	9	0	그렇지만, 연습도 없이 과연 내가 잘할 수 있을까? 이번에 떨어지면 끝이라는 생각에 너무 부정적인 생각만 들어서 당황스러워.	N	2022-08-22 09:18:27	2022-08-22 09:18:27
BE22015176	10	1	너는 침착한 성격이기도 하고, 생각보다 실전에 강하잖아. 너무 당황해하지 말고 하나하나 너의 입장을 잘 이야기해보자. 난 널 믿기에, 분명 면접에 좋은 결과 있을 거라 생각해.	N	2022-08-22 09:18:27	2022-11-08 05:01:28
BE22015176	11	0	내가 잘 할 수 있다고 믿어줘서 고마워. 사실, 너무 간절해서 면접 보는 꿈까지 꿨었거든. 길이 막혀서 너무 혼란스럽고 당황스러움이 컸는데, 이제 조금은 진정이 된다.	N	2022-08-22 09:18:27	2022-11-08 05:01:28
BE22015176	12	1	진정이 돼서 다행이야. 넌 평소에도 말을 잘하는 편이니까 임기응변으로 잘 대처할 수 있을 거야. 항상 내가 응원하는 거 알지?	N	2022-08-22 09:18:27	2022-11-08 05:01:28
BE22015176	13	0	알고 있어. 너의 응원이 들으니까 조금 기운이 난다. 마음이 진정되도록 도와줘서 고마워.	N	2022-08-22 09:18:27	2022-11-08 05:01:28
BE22015176	14	1	너에게 조금이라도 힘이 돼서 기뻐. 네가 면접 잘 볼 때까지 내가 응원하고 기다리고 있을게. 우리 함께 힘내자.	N	2022-08-22 09:18:27	2022-11-08 05:01:28
BE22015176	15	0	든든한 네가 있기에 이번 면접 잘 보고 올게. 네가 있어서 정말 감사하다. 넌 나에게 행운 같은 존재야.	Y	2022-08-22 09:18:27	2022-11-08 05:01:28
