id	utterance_id	utterance_type	utterance_text	terminate	regDate	updDate
BE22013141	1	0	나 어제 너무 무서운 일이 있었어.	N	2022-08-04 06:57:50	2022-11-08 04:48:38
BE22013141	2	1	무슨 일이야? 나한테 다 털어놔 봐.	N	2022-08-04 06:57:50	2022-11-08 04:48:38
BE22013141	3	0	어제 회사에 갔다가 돌아왔는데 집 도어락에 흰 가루 같은 게 묻어있는 거야. 누군가 우리 집 현관 비밀번호를 알아내려고 한 것 같아서 너무 당황스럽고 소름 끼쳐.	N	2022-08-04 06:57:50	2022-11-08 04:48:38
BE22013141	4	1	정말이야? 요즘 혼자 사는 사람을 대상으로 한 범죄가 많아지고 있다고 하잖아. 나한테 그런 일이 있었다면 집 근처에 가는 것만으로 소름이 돋았을 거야. 정말 충격이었겠다.	N	2022-08-04 06:57:50	2022-11-08 04:48:38
BE22013141	5	0	나는 남자니까 당연히 이런 일을 겪을 일이 없다고 생각해왔거든. 그런데 이렇게 무서운 일을 겪으니까 지금까지 안일했던 내가 너무 한심하더라고.	N	2022-08-04 06:57:50	2022-11-08 04:48:38
BE22013141	6	1	너무 자책할 필요 없어. 평범한 사람이라면 자기가 범죄의 표적이 되리란 생각은 전혀 하지 못할 거야. 네가 많이 불안해하는 것 같아서 걱정이다.	N	2022-08-04 06:57:50	2022-11-08 04:48:38
BE22013141	7	0	그래서 어젯밤에는 집에 들어가지 못하고 친구 집에서 묵었어. 늦은 시간인데도 기꺼이 받아준 친구가 정말 고맙더라고.	N	2022-08-04 06:57:50	2022-11-08 04:48:38
BE22013141	8	1	충분히 위험할 수 있는 상황인데 너는 정말 침착한 것 같아. 이런 걸 보면 너는 상황 판단력이 참 좋은 것 같아서 정말 대단해. 너라면 어떤 일도 잘 해결할 수 있을 거야.	N	2022-08-04 06:57:50	2022-11-08 04:48:38
BE22013141	9	0	그렇게 말해줘서 고마워. 나한테 왜 이런 일이 일어난 건지 도무지 이해가 안 돼. 집은 나에게 정말 아늑하고 편안한 공간이었는데 더 이상 그렇게 느끼지 못할 것 같아.	N	2022-08-04 06:57:50	2022-11-08 04:48:38
BE22013141	10	1	네가 그렇게 생각하는 것도 당연해. 내가 너였어도 그런 집에서 지낸다면 온종일 신경 쓰이고 불편했을 거야. 너의 안식처가 그렇게 되어버려서 정말 속상하겠다.	N	2022-08-04 06:57:50	2022-11-08 04:48:38
BE22013141	11	0	가족에게 알려서 도움을 받고 싶기도 해. 하지만 가족들을 걱정시키고 싶진 않아. 그래서 아직 말하지 못했어.	N	2022-08-04 06:57:50	2022-11-08 04:48:38
BE22013141	12	1	가족들이 얼마나 걱정할지 생각하면 발걸음이 떨어지지 않을 것 같기도 해. 하지만 가족이란 서로 힘들 때 도와주는 존재잖아. 자신을 고립시키지 말고 가족들과 좀더 단단해질 기회라고 생각하면 좋을 것 같아.	N	2022-08-04 06:57:50	2022-11-08 04:48:38
BE22013141	13	0	너의 말을 들어보니까 내가 괜히 혼자 참고 있었던 것 같아. 혼자서 고민하느라 너무 힘들었는데 너의 조언 덕분에 마음이 좀 편해진 것 같다. 가족들에게 연락을 해볼게.	N	2022-08-04 06:57:50	2022-11-08 04:48:39
BE22013141	14	1	잘 생각했어. 나도 네가 이렇게 혼자 괴로워하는 모습을 보는 게 힘들었거든. 분명 잘 해결될 테니 너무 걱정하지 마.	N	2022-08-04 06:57:50	2022-11-08 04:48:39
BE22013141	15	0	고마워. 내일 어떻게 됐는지 알려줄게.	Y	2022-08-04 06:57:50	2022-11-08 04:48:39
