id	utterance_id	utterance_type	utterance_text	terminate	regDate	updDate
BE22006732	1	0	혹시 딸이 학교에 화장하고 간 적이 있나요? 우리 딸이 요즘 화장하는데 너무 불안해서요.	N	2022-07-07 02:37:17	2022-11-08 04:07:49
BE22006732	2	1	벌써요? 우리 딸은 그런 적이 한 번도 없어서 잘 모르겠어요.	N	2022-07-07 02:37:17	2022-11-08 04:07:49
BE22006732	3	0	정말 혹시나 안 좋은 길로 빠져들까 너무 불안해요. 하지 말라고 말을 하고 싶은데 이게 요즘 유행이면 어떡해요.	N	2022-07-07 02:37:17	2022-11-08 04:07:49
BE22006732	4	1	그렇죠. 만약 그게 유행인데 혼자 안 하면 따돌림을 당할 수 있으니까요. 엄마의 입장에선 난처할 수밖에 없겠네요.	N	2022-07-07 02:37:17	2022-11-08 04:07:49
BE22006732	5	0	그래서 이걸 어떻게 말을 꺼내야 할지 모르겠더라고요. 또 화장을 하면 피부도 안 좋아지고 더 진한 화장을 원하게 될까봐 걱정이기도 해요.	N	2022-07-07 02:37:17	2022-11-08 04:07:49
BE22006732	6	1	정말 갑작스러운 변화로 얼마나 많은 걱정을 하고 계시겠어요. 상상만 해도 가슴이 답답해지고 불안하시겠어요.	N	2022-07-07 02:37:17	2022-11-08 04:07:49
BE22006732	7	0	정말 밤에 잠을 잘 수가 없을 정도예요. 나쁜 학생들에게 물들지 않을까 하는 걱정도 있고요.	N	2022-07-07 02:37:17	2022-11-08 04:07:49
BE22006732	8	1	그게 가장 불안하시겠어요. 학창 시절에 오점을 남길 수도 있고 학업에 소홀할 수도 있으니까요.	N	2022-07-07 02:37:17	2022-11-08 04:07:49
BE22006732	9	0	맞아요. 화장에 빠져서 정작 해야 할 건 안 하고 놀까봐 너무 걱정이에요. 정말 빠져나올 수 없는 미로 속에 빠진 느낌이에요.	N	2022-07-07 02:37:17	2022-11-08 04:07:50
BE22006732	10	1	너무 불안해하지 마세요. 어린 시절에 한 번도 보지 못한 경험에 호기심이 가는 건 당연하잖아요. 지금 막 빠져서 그런 걸 거예요.	N	2022-07-07 02:37:17	2022-11-08 04:07:50
BE22006732	11	0	저도 이게 단순 호기심에서 끝났으면 정말 좋겠어요. 학창시절 동안 이러면 정말 나중에 어떻게 자랄지 고민이에요.	N	2022-07-07 02:37:17	2022-11-08 04:07:50
BE22006732	12	1	딸아이 엄청 똑 부러지고 현명하다고 매번 칭찬을 하셨잖아요. 엄마의 말이라면 분명 잘 이해하고 더 깊게 빠져들지 않을 거예요. 너무 걱정하지 말아요.	N	2022-07-07 02:37:17	2022-11-08 04:07:50
BE22006732	13	0	그건 맞는 말이에요. 우리 딸아이는 항상 제 말이면 따라주고 이해해주고 했으니까요. 이번에도 그럴지도 모르겠네요.	N	2022-07-07 02:37:17	2022-11-08 04:07:50
BE22006732	14	1	그럼요! 아이와 대화도 하기 전에 너무 불안해하지 마세요. 분명 엄마 말을 잘 이해하고 따라줄 거예요.	N	2022-07-07 02:37:17	2022-11-08 04:07:50
BE22006732	15	0	듣고 보니 맞는 말씀이시네요. 아이와 대화라도 한번 해봐야겠어요. 덕분에 한시름 놓은 것 같아요. 정말 감사해요.	Y	2022-07-07 02:37:17	2022-11-08 04:07:50
