id	utterance_id	utterance_type	utterance_text	terminate	regDate	updDate
BE22002663	1	0	저 이번에 전신 마사지기를 하나 새로 장만했어요.	N	2022-06-22 07:54:51	2022-11-08 03:41:37
BE22002663	2	1	아, 저번에 계속 고민하시더니 결국 사셨군요. 어때요, 마음에 들어요?	N	2022-06-22 07:54:51	2022-11-08 03:41:37
BE22002663	3	0	SNS에 하도 광고가 많이 뜨길래 눌러봤는데 후기가 엄청나게 많더라구요.	N	2022-06-22 07:54:51	2022-11-08 03:41:37
BE22002663	4	1	보통 후기 보고 구매하시는 편이세요, 아니면 브랜드의 유명한 정도를 보고 사는 편이세요?	N	2022-06-22 07:54:51	2022-11-08 03:41:37
BE22002663	5	0	음, 저는 회사 브랜드보다 사용자들 후기를 확인하고 사는 편이에요. 아니, 편이었어요. 하지만 이번에 산 마사지기를 보고 생각이 조금 바뀌었어요.	N	2022-06-22 07:54:51	2022-11-08 03:41:37
BE22002663	6	1	아, 이번에 구매한 게 마음에 안 드셨나봐요. 어떤 문제가 있었나요?	N	2022-06-22 07:54:51	2022-11-08 03:41:37
BE22002663	7	0	후기가 많아서 하나하나 나름 꼼꼼하게 확인하고 산 건데, 사람마다 달라서 그런가 저는 하나도 안 시원하더라구요. 거기다가 구매한 지 이틀도 안 되어서 전원이 혼자 저절로 전원이 나가버려요.	N	2022-06-22 07:54:51	2022-11-08 03:41:37
BE22002663	8	1	에구머니나. 산 지 얼마나 되었다고 벌써 고장이 난 거예요? 세상에, 얼마나 속상하셨겠어요.그건 또 한두 푼 하는 게 아니라 꽤 고가의 제품이잖아요.	N	2022-06-22 07:54:51	2022-11-08 03:41:37
BE22002663	9	0	맞아요. 속상해 죽겠어요. 이래서 앞으로 물건을 어떻게 믿고 사겠어요. 후기가 정말 하나같이 좋았는데 말이죠. 결국 마음에 안 들어서 환불신청을 했는데 다행히 환불은 해주겠다고 하네요.	N	2022-06-22 07:54:51	2022-11-08 03:41:37
BE22002663	10	1	그랬군요. 저라도 너무 화가 날 것 같아요. 그래도 이것저것 따져가며 환불보다는 교체 쪽으로 권하는 곳이 많다고 들었어요. 환불이라도 정상적으로 받으신다니 정말 다행이에요.	N	2022-06-22 07:54:51	2022-11-08 03:41:37
BE22002663	11	0	네, 저도 전화하면서 긴장했어요. 어휴, 앞으로는 물건을 어떤 식으로 사야 할지 모르겠어요.	N	2022-06-22 07:54:51	2022-11-08 03:41:37
BE22002663	12	1	음, 저의 경우 가능하면 직접 가서 실물을 보고 사는 편이에요. 특히 전자기기라면 꼭 테스트 사용을 해보고 구매한답니다. 이번 일을 통해 구매 노하우도 알게 되고 정상적으로 환불도 받았으니 값진 경험이 되었으리라 생각되어요.	N	2022-06-22 07:54:51	2022-11-08 03:41:37
BE22002663	13	0	맞아요. 그렇게 들으니 마음이 조금은 누그러지네요. 감사합니다. 덕분에 좋은 정보를 알았어요.	N	2022-06-22 07:54:51	2022-11-08 03:41:37
BE22002663	14	1	별말씀을요. 언제든 고민 있으면 말씀해주세요. 저랑 같이 이번처럼 해결책을 찾아봐요.	N	2022-06-22 07:54:51	2022-11-08 03:41:37
BE22002663	15	0	감사합니다. 마사지기 살 때 한번 같이 가주세요.	Y	2022-06-22 07:54:51	2022-11-08 03:41:37
