id	utterance_id	utterance_type	utterance_text	terminate	regDate	updDate
BE22005967	1	0	밤새 아이가 아픈 바람에 한숨도 못 잤어요.	N	2022-07-04 06:04:38	2022-11-08 04:02:49
BE22005967	2	1	이런, 한숨도 못 잘 정도로 아팠으면 큰일이네요. 아이는 지금 괜찮은 거예요?	N	2022-07-04 06:04:38	2022-11-08 04:02:49
BE22005967	3	0	모르겠어요. 어머님께 아이를 맡기고 출근했는데 혹시라도 큰 병은 아닐지 너무 불안해요. 이럴 거면 출근하지 말 걸 그랬어요.	N	2022-07-04 06:04:38	2022-11-08 04:02:49
BE22005967	4	1	저라도 아이가 아프면 일에 집중이 안 될 것 같아요. 병원은 데려가신 건가요?	N	2022-07-04 06:04:38	2022-11-08 04:02:49
BE22005967	5	0	네. 진료는 끝났고 지금 결과를 기다리고 있대요. 밤새 열이 오른 채로 울던 아이 얼굴이 아른거려요.	N	2022-07-04 06:04:38	2022-11-08 04:02:49
BE22005967	6	1	저도 작은딸이 갑자기 아팠던 적이 있어서 지금 감정화자씨 심정을 너무 잘 알겠어요. 다 내 잘못인 것 같아 괴롭고 불안했는데, 걱정에 마음이 많이 아프실 것 같아요.	N	2022-07-04 06:04:38	2022-11-08 04:02:49
BE22005967	7	0	정말 그래요. 어제 수영장에 데려갔었거든요. 가기 전에 아이 상태를 잘 확인했어야 하는데, 그러지 못한 제 탓이에요.	N	2022-07-04 06:04:38	2022-11-08 04:02:49
BE22005967	8	1	원래 아이들 몸 상태는 하루 중에도 여러 번 바뀌잖아요. 감정화자씨가 살피지 못한 탓은 아닐 거예요. 그러니 너무 자책하지 말아요.	N	2022-07-04 06:04:38	2022-11-08 04:02:49
BE22005967	9	0	아침만 해도 쌩쌩해 보였는데... 이러다 잘못 되는 건 아닐까 너무 불안해요.	N	2022-07-04 06:04:38	2022-11-08 04:02:49
BE22005967	10	1	큰일은 아닐 거예요. 불안한 마음은 이해하지만 벌써부터 극단적인 생각에 슬퍼하진 마세요. 어머님도 같이 있으니 차분히 결과를 기다려 봐요.	N	2022-07-04 06:04:38	2022-11-08 04:02:49
BE22005967	11	0	저도 그러고 싶지만 머릿속이 엉망이네요. 자꾸 안 좋은 생각만 하게 돼요.	N	2022-07-04 06:04:38	2022-11-08 04:02:49
BE22005967	12	1	아이가 아픈 상황이니 누구라도 그럴 거예요. 하지만 이런 때일수록 엄마인 감정화자씨가 마음을 잘 다잡아야 해요. 어렵겠지만 다 괜찮을 거라고 긍정적으로 생각해 봐요.	N	2022-07-04 06:04:38	2022-11-08 04:02:49
BE22005967	13	0	공감화자씨 말을 들으니 정신이 차려지는 것 같아요. 맞아요. 제가 불안에 떨며 조급하게 굴어 봤자 좋을 거 하나 없겠죠.	N	2022-07-04 06:04:38	2022-11-08 04:02:49
BE22005967	14	1	그럼요. 아이들은 원래 금방 아팠다가 회복하는 일이 많잖아요. 괜찮을 테니 너무 걱정하지 마세요.	N	2022-07-04 06:04:38	2022-11-08 04:02:49
BE22005967	15	0	알겠어요. 덕분에 마음이 편해졌네요. 고마워요. 결과가 나오면 다시 연락할게요.	Y	2022-07-04 06:04:38	2022-11-08 04:02:49
