id	utterance_id	utterance_type	utterance_text	terminate	regDate	updDate
BE22003556	1	0	이달 말에 회사 워크숍을 스키장으로 간다는데, 나는 갈 수 있을지 모르겠어. 걱정이야.	N	2022-06-25 05:10:54	2022-11-08 03:47:18
BE22003556	2	1	아니 왜요? 그날 무슨 중요한 일이라도 있는 거예요?	N	2022-06-25 05:10:54	2022-11-08 03:47:18
BE22003556	3	0	그런 건 아니고, 워크숍을 스키장으로 간다는 건 스키도 탄다는 얘기잖아. 사실 곤돌라 타는 것도 무섭고, 스키 타고 내려올 생각을 하면 아찔해.	N	2022-06-25 05:10:54	2022-11-08 03:47:18
BE22003556	4	1	높은 곳에서 내려오는 게 겁나는 거군요. 고소공포증이라도 있는 거예요?	N	2022-06-25 05:10:54	2022-11-08 03:47:18
BE22003556	5	0	고소공포증이라기보다는 어렸을 적 트라우마 때문에 그래. 내가 너무 겁을 먹는 바람에 스키장에서 기어 내려온 적이 있었거든. 그때 생각하니 몸서리가 쳐져.	N	2022-06-25 05:10:54	2022-11-08 03:47:18
BE22003556	6	1	저런, 너무 무서웠겠네요. 주변에 누가 도와줄 사람이 없었어요?	N	2022-06-25 05:10:54	2022-11-08 03:47:18
BE22003556	7	0	엄마가 한 손에는 내 스키를 들고 다른 한 손으로는 나를 붙잡고 계셨어. 그때 엄마 얼굴이 온통 하얘지셨던 걸로 기억해. 지금 생각하니 너무 죄송스럽네.	N	2022-06-25 05:10:54	2022-11-08 03:47:18
BE22003556	8	1	보통 그런 기억은 까맣게 잊어버리는데 놀란 어머니 얼굴을 아직도 기억하고, 죄송스러워하다니. 요즘 이런 아들이 어딨어요. 선배는 정말 효자네요.	N	2022-06-25 05:10:54	2022-11-08 03:47:18
BE22003556	9	0	효자는 무슨... 그때 이후 나는 스키장에 가본 적이 없어. 내가 가질 않으니 엄마도 스키장에 거의 안 다니시는 것 같더라고.	N	2022-06-25 05:10:54	2022-11-08 03:47:18
BE22003556	10	1	부모 마음이 그럴 것 같아요. 자식이 트라우마처럼 생각하는 스키장에 가고 싶은 마음이 안 생기시겠죠.	N	2022-06-25 05:10:54	2022-11-08 03:47:18
BE22003556	11	0	그런 마음이시라면 더욱 미안해지네. 그런데 요즘은 스키가 일반화돼서 모두들 잘 타더라고. 괜히 내가 가서 워크숍 분위기 깰까 봐 걱정이야.	N	2022-06-25 05:10:54	2022-11-08 03:47:18
BE22003556	12	1	뭐 워크숍을 스키만 타러 가는 것도 아니고, 모두가 스키를 잘 타는 것도 아닐 거예요. 그러니 너무 걱정하지 마세요. 그리고 직원들도 선배 마음 다 이해할 거예요.	N	2022-06-25 05:10:54	2022-11-08 03:47:18
BE22003556	13	0	정말 그렇게 생각해줄까? 나 때문에 분위기 망칠까 봐 걱정했는데 후배 얘기를 들으니 가볼 용기가 나는데?	N	2022-06-25 05:10:54	2022-11-08 03:47:18
BE22003556	14	1	당연하죠. 그리고 이번 워크숍을 트라우마 탈출기로 만들어보는 건 어때요? 스키 입문자처럼 차근차근 다시 배워보는 거예요. 제가 진정한 헬퍼가 되어줄게요!	N	2022-06-25 05:10:54	2022-11-08 03:47:18
BE22003556	15	0	그럼 후배를 믿고 이참에 스키를 다시 배워볼까? 덕분에 스키 입문자를 지나 초급자가 되면 엄마께도 스키 타러 가자고 해봐야지.	N	2022-06-25 05:10:54	2022-11-08 03:47:18
BE22003556	16	1	어머니는 스키 타는 것보다도 그 트라우마에서 벗어난 아들을 보고 더 기뻐하실 것 같아요. 꼭 그렇게 되길 바랄게요.	Y	2022-06-25 05:10:54	2022-11-08 03:47:18
