id	utterance_id	utterance_type	utterance_text	terminate	regDate	updDate
BE22008168	1	0	나 지금 회식 가기 전 약국에 왔어. 숙취해소제를 미리 먹어두어야 할 것 같아서.	N	2022-07-12 08:52:39	2022-11-08 04:16:56
BE22008168	2	1	숙취해소제를 챙기는 걸 보니 회사 회식 자리라 네가 많이 힘든가 보구나.	N	2022-07-12 08:52:39	2022-11-08 04:16:56
BE22008168	3	0	나는 술을 잘 못 마시는데 지난번 다들 분위기도 좋아서 마시다 보니 다음날 너무 힘들더라고.	N	2022-07-12 08:52:39	2022-11-08 04:16:56
BE22008168	4	1	그래 지난번 회식 때 네가 마신 술 때문에 다음날 일할 때 힘들어해서 무척 안타까웠어. 술을 잘 못 마셔도 분위기를 잘 맞추는 친구니까 네가 얼마나 노력했겠니.	N	2022-07-12 08:52:39	2022-11-08 04:16:56
BE22008168	5	0	나도 즐겁게 회식하는 건 좋은데 다음 날 너무 힘들어서 견디기가 괴롭더라고. 그래서 이거라도 안 먹으면 왠지 불안해.	N	2022-07-12 08:52:39	2022-11-08 04:16:56
BE22008168	6	1	무엇보다 일을 중요시하는 네가 다음날을 걱정하는 건 당연해. 혹시 어디 몸이 안 좋은 건 아니니?	N	2022-07-12 08:52:39	2022-11-08 04:16:56
BE22008168	7	0	아니 그렇진 않아. 다만 이거라도 미리 먹어두면 도움이 된다길래 먹는 거지. 혹시라도 지난번처럼 힘들까 봐 걱정되거든.	N	2022-07-12 08:52:39	2022-11-08 04:16:56
BE22008168	8	1	네가 얼마나 힘들었으면 그러겠어? 그래도 조금이라도 덜 힘들게 할 수 있다면 꼭 챙겨 먹는 게 좋을 것 같은데?	N	2022-07-12 08:52:39	2022-11-08 04:16:56
BE22008168	9	0	술 마시는 회식 자리 말고 다른 형식의 회식 자리가 있으면 얼마나 좋을까? 왜 많은 사람이 회식하면 꼭 술을 마셔야 한다는 생각을 가지는지 모르겠어.	N	2022-07-12 08:52:39	2022-11-08 04:16:56
BE22008168	10	1	술 마시는 걸 좋아하지 않는 네가 회식 때마다 술을 마셔야 했으니 그동안 얼마나 힘들었겠어. 그러지 않는 회사들도 있겠지만 회식도 회사 생활의 연장이라는 말은 이제 점점 없어질 거야. 일단 그거라도 챙겨 먹고 괜찮으면 좋겠다.	N	2022-07-12 08:52:39	2022-11-08 04:16:56
BE22008168	11	0	그나마 요즘은 다음날 일에 피해가 줄 만큼 술을 강요하지 않는 것만으로도 너무 다행이지. 그래도 이렇게라도 준비해야 마음이 좀 놓여.	N	2022-07-12 08:52:39	2022-11-08 04:16:56
BE22008168	12	1	숙취해소제라도 먹으면서 회사 회식을 준비하는 네 맘이 정말 대단하다. 무엇보다 일이 제일 중요하다고 생각하는 네 의지를 존중해.	N	2022-07-12 08:52:39	2022-11-08 04:16:56
BE22008168	13	0	나는 그저 내가 술을 이기지 못해서 걱정되는 맘에 그러는 것뿐이야. 오죽하면 내가 이런 것까지 챙겨 먹겠니. 네가 그렇게 말해주니 정말 고마워.	N	2022-07-12 08:52:39	2022-11-08 04:16:56
BE22008168	14	1	그렇게라도 네가 자기를 관리하는 자세가 너무 대견스러워. 어쩌면 그런 모습이 네가 회사에서 인정받는 이유일 거야. 네가 내 동료인 게 너무 자랑스러워서 나도 더 노력해야겠는걸?	N	2022-07-12 08:52:39	2022-11-08 04:16:56
BE22008168	15	0	네가 그렇게 인정해 주니 내가 괜히 더 뿌듯하다. 나도 네가 내 동료여서 너무 든든해.	Y	2022-07-12 08:52:39	2022-11-08 04:16:56
