id	utterance_id	utterance_type	utterance_text	terminate	regDate	updDate
BE22018055	1	0	소식 들었어요? 이번 프로젝트 중국 지역 매출액이 급감하고 있어요. 엄청 공들였던 사업인데 너무 불안해서 잠을 못 자고 있어요.	N	2022-09-14 00:56:48	2022-09-14 00:56:48
BE22018055	2	1	저도 소식 들었어요. 특히 이번 사업 신경 많이 쓰시고 고생하셨잖아요. 사업에 애정이 있으셔서 더 그러신 거 같아요.	N	2022-09-14 00:56:48	2022-11-08 05:19:07
BE22018055	3	0	맞아요. 정말 열심히 준비했거든요. 저뿐만 아니라 저희 팀원들까지 모두 열심히 해줬어요. 위험 요인이 있었지만 다들 저를 믿고 따라와 줬는데 그 결과가 좋지 않네요.	N	2022-09-14 00:56:48	2022-09-14 00:56:48
BE22018055	4	1	사업도 사람이 하는 일이기에 모든 걸 완벽하게 예측할 수는 없죠. 마음이 많이 불안하고 힘드시겠지만 우선 같이 경과를 지켜봐요. 노력하신 게 있으니까 반등할 수 있을 거예요.	N	2022-09-14 00:56:48	2022-11-08 05:19:07
BE22018055	5	0	저도 꼭 그랬으면 좋겠어요. 사실 가장 불안한 건 사업 결과 때문에 사람들이 저에게 실망할까 봐 두려워요. 좋은 팀장이 되고 싶었는데 그러지 못하는 건 아닐까 싶네요.	N	2022-09-14 00:56:48	2022-09-14 00:56:48
BE22018055	6	1	절대 그러지 않을 거예요. 이렇게 책임감이 넘치고 팀원들을 생각해 주는 팀장님에게 실망할 사람들은 없어요. 그런 걸로 두려워하지 않으셔도 괜찮아요 정말.	N	2022-09-14 00:56:48	2022-11-08 05:19:07
BE22018055	7	0	그렇게 말해주셔서 감사해요. 팀원들 앞에서는 내색하지 못해서 속으로 끙끙 앓고 있었거든요. 솔직히 지금 저의 상태와 마음을 팀원들에게 들킬까 봐 걱정도 했어요.	N	2022-09-14 00:56:48	2022-09-14 00:56:48
BE22018055	8	1	팀장님이 얼마나 열심히 노력하고 평소에 팀원들을 어떻게 생각하시는지 알기 때문에 제가 알잖아요. 저뿐만 아니라 회사 모든 사람이 알고 있어요. 너무 걱정하지 않으셔도 괜찮아요.	N	2022-09-14 00:56:48	2022-11-08 05:19:07
BE22018055	9	0	회사 사람들이 저를 믿어준다니 너무 기분이 좋네요. 그들을 위해서라도 제가 좋은 결과를 냈어야 했는데. 결과가 좋았더라면 지금 느끼는 불안도 없었을 테니까요.	N	2022-09-14 00:56:48	2022-09-14 00:56:48
BE22018055	10	1	최근 세계 경제가 예상치 못하게 바뀌고 있잖아요. 팀장님의 잘못이나 실수 때문이 아니에요. 그러기 불안과 두려움은 잠시 접어두고 같이 헤쳐 나갈 방법을 찾아봐요.	N	2022-09-14 00:56:48	2022-11-08 05:19:07
BE22018055	11	0	맞는 말씀이에요. 제가 계속 불안해하고 작아질수록 팀원들에게 안 좋은 일이 되겠네요. 믿어주는 사람들을 생각해서라도 지금 어려움을 이겨내기 위해 노력해야겠어요.	N	2022-09-14 00:56:48	2022-11-08 05:19:07
BE22018055	12	1	팀장님과 팀원들의 능력이라면 분명 가능할 겁니다. 불안에 잠식당하면 오히려 일을 망칠 수 있잖아요. 팀장님의 가장 큰 장점은 결단력과 용기라고 생각해요.	N	2022-09-14 00:56:48	2022-11-08 05:19:07
BE22018055	13	0	덕분에 힘이 나네요. 지금의 위기를 기회로 삼아서 나아가 볼게요! 저를 응원해 준 그 마음이 저에게 큰 에너지를 줬어요!	N	2022-09-14 00:56:48	2022-11-08 05:19:07
BE22018055	14	1	지금 위기는 일시적 문제일 거예요. 분명 현명한 방법을 찾으면, 이 위기를 이겨내실 거라고 믿어요. 응원할게요!	N	2022-09-14 00:56:48	2022-11-08 05:19:07
BE22018055	15	0	응원해 줘서 고마워요. 언제든 혹시라도 제 도움이 필요하면 말씀하세요. 항상 준비되어 있답니다.	Y	2022-09-14 00:56:48	2022-09-14 00:56:48
