id	utterance_id	utterance_type	utterance_text	terminate	regDate	updDate
BE22015010	1	0	오늘도 회의에 참여는 했지만, 다른 분들이 하시는 말의 반도 못 알아들었어요. 이렇게 부족한 제가 계속 직장생활을 할 수 있을지 불안하네요.	N	2022-08-20 09:45:53	2022-11-08 05:00:26
BE22015010	2	1	한국에서 나고 자라 대학까지 나온 저도 회의 시간만 되면 초조해져요. 사실 내용을 다 이해하기도 어렵고요. 감정화자님만의 고민이 아니에요, 너무 심란해하지 마세요.	N	2022-08-20 09:45:53	2022-11-08 05:00:26
BE22015010	3	0	회의 시간뿐만이 아니에요. 평상시에도 한국의 문화를 잘 이해하지 못해 실수가 잦아서 무엇을 하든지 조심스러워요.	N	2022-08-20 09:45:53	2022-11-08 05:00:26
BE22015010	4	1	오랜 시간을 떠나있던 곳이니 낯설 수 있죠. 저도 그렇고 다른 직원들도 다 이해하고 있어요. 그렇게 위축되실 필요 없어요.	N	2022-08-20 09:45:53	2022-11-08 05:00:26
BE22015010	5	0	저는 태어난 곳은 서울이지만 10살에 캐나다로 갔기 때문에, 한국어 수준이 어린이 정도에 머물러있거든요. 감정 표현이나 깊은 대화를 하기가 쉽지 않아요.	N	2022-08-20 09:45:53	2022-08-20 09:45:53
BE22015010	6	1	회사에서 항상 밝은 모습만 보여주셔서 그런 고민이 있는 줄은 몰랐어요. 의사소통이 안 되어서 많이 답답하셨을 것 같아요, 저라도 잘 챙겨드렸어야 했는데 죄송해요.	N	2022-08-20 09:45:53	2022-11-08 05:00:26
BE22015010	7	0	한국어에 서툴다는 게 부끄럽기도 하고 자존심이 상하기도 해서 아무에게도 말하지 않았어요. 왠지 어디에도 속하지 못한 이방인 같아서 외롭기도 해요.	N	2022-08-20 09:45:53	2022-11-08 05:00:26
BE22015010	8	1	한국어는 조금 서툴지 모르지만 다른 직원들보다 영어를 잘하시잖아요. 영어에 문제가 생기면 다 감정화자님만 찾아요, 회사에 정말 없어서는 안 될 분이세요. 저희가 얼마나 부러워하는데요, 자신감을 가지세요.	N	2022-08-20 09:45:53	2022-11-08 05:00:26
BE22015010	9	0	직원분들은 대화가 잘 안 통해서 저를 별로 안 좋아하시는 줄 알았어요. 제 영어가 업무에 도움이 되신다면 정말 고마운 일이에요. 공감화자님의 위로를 들으니 조금은 기분이 좋아지네요.	N	2022-08-20 09:45:53	2022-11-08 05:00:26
BE22015010	10	1	서로의 부족한 부분을 도와가며 함께 일하는 게 직장생활이에요. 이제 감정화자님의 힘든 부분을 알았으니 제가 최선을 다해 도와드릴게요. 혼자 외로워하지 마세요.	N	2022-08-20 09:45:53	2022-11-08 05:00:26
BE22015010	11	0	말만 들어도 너무 든든해요. 부족한 언어 실력이지만 대화하실 때 저도 함께 재미있게 지내고 싶어요.	N	2022-08-20 09:45:53	2022-11-08 05:00:26
BE22015010	12	1	당연하죠, 언제든지 환영이에요. 같이 얘기도 하고 시간을 보내다 보면 한국어 실력도 많이 좋아질 거예요. 좀더 용기를 내보세요.	N	2022-08-20 09:45:53	2022-11-08 05:00:26
BE22015010	13	0	그동안 제가 너무 소심하게 행동했던 것 같아요, 사람들이 저를 싫어하실까봐 가까이 다가갈 엄두도 못 냈어요. 이제는 더 적극적으로 어울려 볼래요, 많이 노력할 테니 제가 좀 부족하고 답답해도 이해 해주세요.	N	2022-08-20 09:45:53	2022-11-08 05:00:26
BE22015010	14	1	앞으로는 회사에서 같이 공부도 하며 즐겁게 지냈으면 좋겠어요. 저도 감정화자님께 영어를 배우고 싶네요. 우리 함께 잘 지내봐요.	N	2022-08-20 09:45:53	2022-11-08 05:00:26
BE22015010	15	0	오늘 저에게 따뜻한 위로와 소중한 조언을 해주셔서 너무 감사드려요. 회사 생활에 필요한 힘을 얻은 것 같네요. 열심히 하겠습니다, 항상 지켜봐 주세요!	Y	2022-08-20 09:45:53	2022-11-08 05:00:26
