id	utterance_id	utterance_type	utterance_text	terminate	regDate	updDate
BE22015841	1	0	팀장님, 저 고민이 있어요.	N	2022-08-26 05:46:56	2022-08-26 05:46:56
BE22015841	2	1	왜요, 무슨 일이라도 있어요? 아니면 남자 친구랑 문제가 생겼나?	N	2022-08-26 05:46:56	2022-11-08 05:05:35
BE22015841	3	0	아니, 그게 남자 친구한테 제가 모르는 SNS 계정이 있는 것 같아요. 저한테는 말도 안 하고 새로 계정을 만든 것 같더라고요. 왜 저 몰래 따로 계정을 팠을까요. 좀 불안해요.	N	2022-08-26 05:46:56	2022-11-08 05:05:35
BE22015841	4	1	그 사람 계정인 건 어떻게 알았어요? 대문 사진이 남자 친구 사진이라? 공개계정이면 훑어볼 수 있었나?	N	2022-08-26 05:46:56	2022-11-08 05:05:35
BE22015841	5	0	아니요, 이름이랑 사진은 본인이라 바로 알아봤는데 비공개 계정이라 잠겨있더라고요. 저 몰래 다른 연애를 하거나 남자 친구가 인기가 많아서 여자인 친구랑 여행 간다고 따로 만들었나 싶어요. 혹시라도 무슨 일이 있을까 싶고.	N	2022-08-26 05:46:56	2022-11-08 05:05:35
BE22015841	6	1	대리님 말도 없이 모르는 계정을 팠다니까 불안할 것 같아요. 나라도. 뭔가 내가 모르는 다른 게 있나 의심도 될 것 같고. 정말 남자 친구가 비밀이 있다고 하니까 대리님은 더 고민이 되고 속상할 것 같아요.	N	2022-08-26 05:46:56	2022-11-08 05:05:35
BE22015841	7	0	맞아요. 말도 안 하고 만든 계정에 뭐가 있을지도 모르겠고. 저한테 말도 없이 만들었다니까 괜히 내가 소외된 것 같고.	N	2022-08-26 05:46:56	2022-08-26 05:46:56
BE22015841	8	1	아무래도 애인 사이에는 뭔가 숨기는 게 생기면 서운하거나 불안하기도 하죠. 대리님 마음이 이상한 게 아니라 당연한 거예요. 속상했겠다. 그런데 우리 조금 다른 방향으로 생각해보면 어떨까요?	N	2022-08-26 05:46:56	2022-11-08 05:05:35
BE22015841	9	0	네? 다른 방향으로 생각해요?	N	2022-08-26 05:46:56	2022-11-08 05:05:35
BE22015841	10	1	이벤트 같은 걸 준비하고 있어서 몰래 문의할 계정을 만들었다거나, 따로 이야기할 계정을 만든 거죠. 그렇게 생각하면 불안하거나 서운한 감정보다 그런 긍정적인 생각을 위주로 하는 거죠. 그럴 수도 있다고 생각하면 대리님 마음이 조금 더 나아지지 않을까요?	N	2022-08-26 05:46:56	2022-11-08 05:05:35
BE22015841	11	0	어, 정말 그럴 수도 있겠네요. 그 계정에 무언가 기록해서 그걸 나중에 선물해줄 수도 있는 거고요.	N	2022-08-26 05:46:56	2022-08-26 05:46:56
BE22015841	12	1	네, 그런 거죠. 그런 식으로 생각하면 불안함과 서운함보다 기대 같은 걸 할 수 있지 않을까요? 부정적인 감정은 작은 감정이라도 늘 마음을 안 좋게 만드니까요.	N	2022-08-26 05:46:56	2022-11-08 05:05:35
BE22015841	13	0	팀장님이 그렇게 말씀하시니까 그럴 수도 있겠다는 생각이 들어요! 실망이나 불안감보다 기대해야겠어요! 좋은 얘기 해주셔서 감사합니다!	N	2022-08-26 05:46:56	2022-11-08 05:05:35
BE22015841	14	1	그래요, 너무 불안해하지 말고 긍정적인 쪽으로 생각해봐요. 우리. 점심 맛있게 먹고 오후 근무도 힘내봐요.	Y	2022-08-26 05:46:56	2022-11-08 05:05:35
