id	utterance_id	utterance_type	utterance_text	terminate	regDate	updDate
BE22014682	1	0	아이들이 봄 방학을 맞아 미국으로 여행을 갔어요. 덕분에 직장에만 집중할 수 있게 됐는데, 이상하게 마음이 너무 불안해요.	N	2022-08-19 03:36:43	2022-08-19 03:36:43
BE22014682	2	1	아이들에게는 정말 잊지 못할 기억이 될 것 같은데요? 얼마나 재밌을까요. 그런데 왜 감정화자씨가 그토록 불안하신 거예요?	N	2022-08-19 03:36:43	2022-11-08 04:58:24
BE22014682	3	0	아이들 혼자 여행을 보낸 건 처음이라 불안하고 걱정스러워서 통 집중할 수가 없네요. 미국에 있는 친척들과 함께 있을 거긴 하지만, 아이들끼리 보내는 시간도 꽤 되거든요. 요즘 회사가 바쁘니까 휴대폰만 붙들고 있을 수도 없고 큰일이네요.	N	2022-08-19 03:36:43	2022-11-08 04:58:25
BE22014682	4	1	감정화자씨가 걱정되실 만하네요. 다 큰 아이들도 신경이 쓰이는 법인데, 아이들도 어리니까요. 저라도 자녀 걱정에 손톱만 깨물고 있을 듯한데요.	N	2022-08-19 03:36:43	2022-11-08 04:58:25
BE22014682	5	0	그렇죠? 너무 구속하면서 키우는 것도 안 될 것 같아 자립심을 기르게 하려고 미국에 보낸 거거든요. 그런데 막상 보내고 나니까 일이 손에 안 잡히는 거 있죠.	N	2022-08-19 03:36:43	2022-08-19 03:36:43
BE22014682	6	1	다 큰 아이도 부모 눈엔 아기같이 보이는 법인데, 실제로 아이들이 어리니 걱정되실 만하죠. 그렇지만 감정화자씨네 아이들은 안전하고 즐겁게 잘 놀다 올 테니 너무 걱정하지 마세요.	N	2022-08-19 03:36:43	2022-11-08 04:58:25
BE22014682	7	0	그렇겠죠? 자유여행도 아니고 친척들이 있으니까 큰일은 안 생기겠지 싶다가도 불안한 건 어쩔 수 없네요. 제가 한국에서 이렇게 동동거리는 걸 알면 미국에 있는 아이들도 마음이 불편할 텐데 말이에요.	N	2022-08-19 03:36:43	2022-08-19 03:36:43
BE22014682	8	1	말씀하신 것처럼 무슨 일이 생기기 전에 보호해 줄 든든한 가족분들이 함께 있잖아요. 너무 불안해하지 않으셔도 될 듯해요. 지금은 이렇게 불안하지만, 아이들이 좋은 경험을 하고 돌아오면 감정화자씨도 기분 좋아지실 거예요.	N	2022-08-19 03:36:43	2022-11-08 04:58:25
BE22014682	9	0	공감화자씨 말씀처럼 아이들이 귀국하고 나면 괜한 걱정을 했다 싶을 거예요. 그걸 알면서도 왜 이렇게 마음이 불안하고 걱정스러운지 모르겠다니까요. 전 너무 유난스러운 엄마 같아요.	N	2022-08-19 03:36:43	2022-11-08 04:58:25
BE22014682	10	1	에이, 유난스러운 게 아니라 언제나 아이들을 지극정성 사랑으로 키우시는 어머니죠. 저는 감정화자씨 보면서 항상 좋은 직장동료이자 좋은 엄마의 모습이란 저런 거구나, 하고 배우는걸요. 지금 이렇게 불안해하시면서도 아이들을 위해 여행을 보내주신 것만 봐도 정말 훌륭한 어머니세요.	N	2022-08-19 03:36:43	2022-11-08 04:58:25
BE22014682	11	0	어머, 그렇게 말씀해 주시니까 괜히 부끄러운데요. 아이들이 워낙 가고 싶어 한 여행이라 어쩔 수 없이 보내준 거예요. 이렇게 불안에 시달릴 줄 알았다면 안 보내는 건데 말이에요.	N	2022-08-19 03:36:43	2022-11-08 04:58:25
BE22014682	12	1	먼 곳으로 여행을 보냈으니 불안하신 거야 당연하지만, 아이들은 덕분에 소중한 경험을 하고 있을 거예요. 아이들이 안전하게 돌아와서 감정화자씨를 다시 행복하게 해줄 테니 마음 내려놓으세요. 또 불안하시면 언제든 제게 말씀하셔도 좋아요.	N	2022-08-19 03:36:43	2022-11-08 04:58:25
BE22014682	13	0	정말 감사해요. 공감화자씨랑 대화를 나누고 나면 항상 마음이 안정되는 것 같다니까요. 직장동료로 공감화자씨 같은 분을 만나게 된 건 제 행운이에요.	N	2022-08-19 03:36:43	2022-11-08 04:58:25
BE22014682	14	1	저야말로 감정화자씨 밑에서 직장 일이든, 집안일이든 많은 걸 배우는걸요. 앞으로 불안하실 때마다 언제든지 저를 이용하세요. 저는 감정화자씨 이야기를 들어드릴 준비가 되어 있으니까요.	N	2022-08-19 03:36:43	2022-11-08 04:58:25
BE22014682	15	0	공감화자씨 같은 분이랑 함께 일하고 있어서 얼마나 든든한지 몰라요. 진심으로 감사드려요. 덕분에 불안감이 많이 해소되었어요.	Y	2022-08-19 03:36:43	2022-11-08 04:58:25
