id	utterance_id	utterance_type	utterance_text	terminate	regDate	updDate
BE22015661	1	0	운전한 지 석 달이 넘어가는데 아직도 미숙한 운전 실력에 마음이 불안해요. 오늘은 신호를 위반한 앞차를 무심코 따라가다가 저도 신호를 위반했지 뭐예요.	N	2022-08-25 06:14:29	2022-11-08 05:04:27
BE22015661	2	1	저런, 그런 일이 있으셨군요. 성급한 마음만 갖지 않으신다면, 운전 실력은 자연스레 늘 거예요.	N	2022-08-25 06:14:29	2022-11-08 05:04:27
BE22015661	3	0	전 석 달이면 마음 편하게 운전할 수 있을 거라 기대했거든요. 그런데 처음이나 지금이나 별반 다른 게 없네요. 실수 연발에 신호위반까지, 앞으로 운전을 제대로 할 수 있을까 싶어 불안해져요.	N	2022-08-25 06:14:29	2022-11-08 05:04:27
BE22015661	4	1	운전하며 실수하다 사고를 내면 어쩌나 하는 상상을 하면, 당연히 불안한 마음이 들지요. 매일 운전하시는 것도 아니고, 석 달은 아직도 짧은 기간이니 초조해하지 않으셔도 괜찮아요. 불안한 마음을 안고 운전하면 더 실수하게 되니까 조금만 여유를 가지세요.	N	2022-08-25 06:14:29	2022-11-08 05:04:27
BE22015661	5	0	그런 것 같아요. 운전석에 앉자마자 실수했던 순간들이 선명하게 떠오르면서 손에 땀이 나거든요.	N	2022-08-25 06:14:29	2022-08-25 06:14:29
BE22015661	6	1	실수는 누구나 할 수 있는 거랍니다. 지난 실수를 지나치게 떠올리며 불안해하지 않으셨으면 좋겠어요.	N	2022-08-25 06:14:29	2022-11-08 05:04:27
BE22015661	7	0	처음부터 운전할 때 실수하면, 사고 나니까 위험하다는 경고를 너무 심하게 들은 것 같아요. 그래서 더 겁을 먹었어요.	N	2022-08-25 06:14:29	2022-11-08 05:04:27
BE22015661	8	1	저도 처음 운전할 때 얼마나 긴장하며 했는지 몰라요. 사고 나면 어쩌나 하는 불안감 때문이었어요, 감정화자님 마음 십분 이해합니다. 항상 조심하는 건 좋은 자세지만, 그렇다고 너무 스트레스를 받을 필요는 없어요.	N	2022-08-25 06:14:29	2022-11-08 05:04:27
BE22015661	9	0	올해는 새로운 일에 도전하는 게 목표였어요. 그래서 운전을 시작했는데, 스트레스를 너무 받으니 후회가 되더라고요.	N	2022-08-25 06:14:29	2022-11-08 05:04:27
BE22015661	10	1	새로운 도전으로 운전을 선택하셨다니, 정말 잘하셨어요. 무슨 일이든 익숙하지 않은 것을 하다 보면 스트레스가 생기게 마련이잖아요. 너무 불안해 마시고, 즐겁게 할 수 있는 방법도 있다는 걸 꼭 기억하세요.	N	2022-08-25 06:14:29	2022-11-08 05:04:27
BE22015661	11	0	사실 지난달부터 즐겁게 운전하는 시간이 조금씩 늘긴 했어요. 공감화자님 말대로 제가 했던 실수를 생각하기 전에 즐거웠던 기분을 먼저 떠올려야겠네요. 그러면 불안감이 훨씬 줄어들 것 같아요.	N	2022-08-25 06:14:29	2022-11-08 05:04:27
BE22015661	12	1	그럼요, 저도 처음 몇 달은 의무감에 운전했다면, 지금은 제가 좋아서 하고 있어요. 감정화자님도 느긋하게 여유를 먼저 가지면, 즐거운 기분으로 운전하실 수 있을 거예요.	N	2022-08-25 06:14:29	2022-11-08 05:04:27
BE22015661	13	0	네, 그럴 수 있다면 좋겠어요. 제가 더 노력해야겠다는 생각이 드네요. 언제나 실수를 바라만 봤는데 지금부터는 긍정적인 걸 먼저 바라볼 수 있는 여유를 갖도록 해야겠어요.	N	2022-08-25 06:14:29	2022-11-08 05:04:27
BE22015661	14	1	감정화자님, 현명하게 선택을 잘하셨네요. 짧은 대화로 좋은 방법을 잘 찾아내신 모습을 뵈니 저도 마음이 놓이네요.	N	2022-08-25 06:14:29	2022-11-08 05:04:27
BE22015661	15	0	공감화자님 덕분에 마음이 편안해지니, 좋은 생각이 마구 떠오르네요. 불안한 마음을 어쩌면 좋을까 고민했는데, 이렇게 빨리 해결될 줄은 몰랐어요. 정말 감사해요, 항상 좋은 말씀 나눠주셔서 말이에요.	Y	2022-08-25 06:14:29	2022-11-08 05:04:27
