id	utterance_id	utterance_type	utterance_text	terminate	regDate	updDate
BE22017471	1	0	공감화자님, 혹시 과장님 무슨 일이 있으신 건가요. 오늘 아침부터 알면서도 되물으시는 게 화풀이하시는 것 같이 느껴져요. 너무 당혹스러웠지만 원래 그런 분이 아니라는 걸 알기에 무슨 일이 있나 싶어서 많이 불안해지네요.	N	2022-09-08 01:20:09	2022-11-08 05:15:34
BE22017471	2	1	그러셨군요, 전 아침에 뵙지 못했는데 감정화자님 아침부터 많이 놀란 마음이셨겠어요. 사정은 모르지만 과장님을 걱정하기보다는 전 감정화자님이 더 걱정되고 안쓰러워요. 이유도 모른 채 한 소리를 들으신 것 같다는 생각에 힘을 내시길 바랄 뿐이에요.	N	2022-09-08 01:20:09	2022-11-08 05:15:34
BE22017471	3	0	네 그렇죠. 그래도 과장님이 그럴 분이 아니란 것을 알아서 알면서도 되물으시면서 짜증을 내셨지만 참았어요. 우선은 왜 저러시는지 연유를 알고 저도 대처해야겠다는 생각이 들었죠.	N	2022-09-08 01:20:09	2022-11-08 05:15:34
BE22017471	4	1	역시 현명한 감정화자님이세요, 저였다면 아침부터 들어오는 공격에 정신을 못 차렸을 텐데. 과장님의 사정까지 생각해 주시는 감정화자님을 보면서 많은 것을 생각하게 되네요.	N	2022-09-08 01:20:09	2022-11-08 05:15:34
BE22017471	5	0	과찬이세요, 상사 시지만 그래도 직장 동료라는 생각이 들어서 이해하려고 해요. 상사를 이해한다는 것이 말이 안 된다는 생각이 들지만. 그래도 저렇게 짜증을 내실 때는 그렇게 생각하면서 참게 돼요.	N	2022-09-08 01:20:09	2022-09-08 01:20:09
BE22017471	6	1	그렇죠, 부하인 우리도 상사를 이해할 때가 있잖아요. 지금이 그런 심정이신 거군요. 감정화자님의 문자를 읽다 보니 저도 과장님이 왜 그러신지 걱정이 돼서 많이 불안하네요. 역시 선의를 베푸시는 감정화자님께 동화되었나 봐요.	N	2022-09-08 01:20:09	2022-11-08 05:15:34
BE22017471	7	0	우리 회사가 전 분위기가 좋다고 생각을 하면서 일하거든요. 그중에 과장님이 상담한 지분을 차지하시는데 아침에 알면서도 되물으시면서 화를 내시길래 많이 당혹스러웠어요.	N	2022-09-08 01:20:09	2022-11-08 05:15:34
BE22017471	8	1	그러셨군요. 과장님도 그렇지만 감정화자님도 분위기를 밝게 만드는 데 한몫하시죠. 오늘도 과장님이 화를 내셔도 참으면서 위기를 넘기셨잖아요. 다 감정화자님이 아량이 넓어서 그런 것이죠.	N	2022-09-08 01:20:09	2022-11-08 05:15:34
BE22017471	9	0	그렇게 문자 해주셔서 감사해요. 오늘 아침부터 한 소리를 듣고 불안해져서 위로가 필요는 데 이렇게 제 마음을 달래 주시네요. 역시 공감화자님께 연락하길 잘했다는 생각이 들어요.	N	2022-09-08 01:20:09	2022-11-08 05:15:34
BE22017471	10	1	그렇게 말씀해 주시니 너무 감사해요. 아침에 연락을 받고 너무 걱정이 되었어요. 감정화자님이 저에게 과장님 일을 물어본다는 것이 무슨 큰일이 있으신가 해서 초조해지기까지 했죠.	N	2022-09-08 01:20:09	2022-11-08 05:15:34
BE22017471	11	0	그러셨군요, 저의 연락을 받고 저를 먼저 걱정해 주시는 공감화자님이라 저는 많은 힘이 되었어요. 제가 성격이 남을 더 배려하는 터라 나중에는 제가 감당을 못할 때도 있더라고요. 그런데 저의 중심을 잡아 주셨어요.	N	2022-09-08 01:20:09	2022-11-08 05:15:34
BE22017471	12	1	그렇게 생각해 주시다니 감사해요. 솔직히 제가 후배인데도 항상 저를 존중해 주시고 저의 의견을 물어봐 주시잖아요. 그래서 전 항상 감정화자님을 보면서 많은 것을 본받게 돼요.	N	2022-09-08 01:20:09	2022-11-08 05:15:34
BE22017471	13	0	그건 당연한 거죠, 회사가 분위기가 좋고 수평적일 수 있다는 게 전 행복한걸요. 우선은 과장님에게 아침에 왜 기준이 안 좋으셨는지 살짝 물어보려고 해요. 이게 다 공감화자님이 용기를 주셔서 물어볼 힘이 생겼네요.	N	2022-09-08 01:20:09	2022-11-08 05:15:34
BE22017471	14	1	그것이야말로 과찬이세요, 전 그저 감정화자님의 이야기에 진심으로 공감하고 말한 것뿐이에요. 그래도 저의 문자에 마음이 풀리셨다니 정말 다행이네요.	N	2022-09-08 01:20:09	2022-11-08 05:15:34
BE22017471	15	0	오늘 아침부터 알면서도 저에게 되묻는 과장님을 보면서 무슨 일이 있으신가 해서 많이 불안했어요. 물어볼 용기가 나지 않았는데 공감화자님이 위로와 격려를 주셔서 힘이 많이 생겼어요. 저는 정말로 이게 다 공감화자님 덕분이라는 생각에 다시 한번 감사해요.	Y	2022-09-08 01:20:09	2022-11-08 05:15:34
