id	utterance_id	utterance_type	utterance_text	terminate	regDate	updDate
BE22017118	1	0	대리님, 커피 한잔 드실래요? 제거 사러 나가면서 사다 드릴게요.	N	2022-09-05 12:38:16	2022-11-08 05:13:24
BE22017118	2	1	또 마셔요? 아까도 커피 드시던 거 같던데 너무 많이 마시는 거 아니에요?	N	2022-09-05 12:38:16	2022-09-05 12:38:16
BE22017118	3	0	제가 커피가 없으면 좀 불안해요. 종일 커피를 손에서 놓지 않고 사는 거 같아요. 건강이 걱정돼서 줄여보려고 노력도 해 봤는데 안 마시면 너무 불안해서 일을 제대로 못 하겠더라고요.	N	2022-09-05 12:38:16	2022-09-05 12:38:16
BE22017118	4	1	아, 그런 마음이었구나. 어떤 심정일지 너무나 이해가 돼요. 얘기로 듣는 제가 더 걱정되는데 감정화자씨 본인은 오죽할까 싶네요.	N	2022-09-05 12:38:16	2022-11-08 05:13:24
BE22017118	5	0	건강검진을 받으러 갔을 때도 병원에서 카페인을 좀 줄이라고 했었거든요. 하지만 스스로 조절이 안 되는 게 참 화도 나면서 불안해서 마음이 편치 않네요.	N	2022-09-05 12:38:16	2022-11-08 05:13:24
BE22017118	6	1	그런 마음이 드는 거 충분히 이해합니다. 그 어떤 누구든 자신의 감정을 쉽게 다스릴 수 있는 사람은 없을 거예요. 이미 그런 마음을 가졌다는 것만으로도 반은 성공하신 거니 조금 더 용기를 냈으면 좋겠어요.	N	2022-09-05 12:38:16	2022-11-08 05:13:24
BE22017118	7	0	그런가요? 하지만 지금 당장의 불안감이 쉽게 사그라들 거 같지는 않아요. 지금도 커피 생각뿐이고 이미 나 자신한테 진 거 같은 기분에 자신감도 없어지네요.	N	2022-09-05 12:38:16	2022-09-05 12:38:16
BE22017118	8	1	물론 뭐든 처음부터 쉽게 되는 건 없잖아요. 너무 처음부터 한 번에 끊으려고 하면 오히려 역효과가 나더라고요. 그러니 조금 더 마음을 편하게 가지고 천천히 노력한다면 원하는 바를 이루실 수 있을 거예요.	N	2022-09-05 12:38:16	2022-11-08 05:13:24
BE22017118	9	0	제가 정말 이겨낼 수 있을까요? 그렇게 위로와 응원을 해주셔서 감사합니다. 대리님 말씀을 들어보니 조금은 마음이 진정되는 거 같고 용기로 다가오네요.	N	2022-09-05 12:38:16	2022-11-08 05:13:24
BE22017118	10	1	그럼요! 제가 봐 온 감정화자씨는 너무나 강한 사람이에요. 그러니 이번 일도 꼭 이겨내서 지금의 이 일을 웃으면서 얘기할 날이 올 거라 믿어요.	N	2022-09-05 12:38:16	2022-11-08 05:13:24
BE22017118	11	0	그렇게 말씀해 주시니 마음이 정말 든든하고 큰 힘이 되네요. 혼자 이겨낼 수 있을 거라 생각했는데 저도 모르게 누군가에게 위로받고 싶었나 봐요. 이렇게 대화하고 나니까 속이 많이 후련해졌어요.	N	2022-09-05 12:38:16	2022-11-08 05:13:24
BE22017118	12	1	슬픔은 나누면 반이 된다고 하잖아요. 언제든 힘들거나 위로받고 싶은 일이 생기면 어려워 말고 얘기하세요. 마음 힘든 일을 겪었는데 혼자서 이겨내려면 너무 힘들고 속상할 거 같아요.	N	2022-09-05 12:38:16	2022-11-08 05:13:24
BE22017118	13	0	대리님도 바쁘실 텐데 제 얘기 들어주시고 진심으로 좋은 말들까지 해주셔서 너무 감사드려요. 마음이 따뜻해지고 보람찬 시간이었어요. 대리님 같은 분이 옆에 계신다는 게 얼마나 큰 축복인지 몰라요.	N	2022-09-05 12:38:16	2022-09-05 12:38:16
BE22017118	14	1	그렇게까지 말해주니 오히려 제가 더 고마운걸요? 아무쪼록 모든 걸 극복해서 훌훌 털고 일어나 밝은 얼굴로 마주했으면 좋겠네요.	N	2022-09-05 12:38:16	2022-09-05 12:38:16
BE22017118	15	0	네, 저도 그럴 수 있도록 열심히 노력해 볼게요. 감사한 마음에 보답하고자 오늘 점심은 제가 사겠습니다! 조금 이따 점심시간에 뵐게요.	Y	2022-09-05 12:38:16	2022-09-05 12:38:16
