id	utterance_id	utterance_type	utterance_text	terminate	regDate	updDate
BE22017167	1	0	팀장님, 요즘 눈 때문에 불안하네요.	N	2022-09-06 03:49:43	2022-09-06 03:49:43
BE22017167	2	1	눈에 무슨 문제라도 생겼어요?	N	2022-09-06 03:49:43	2022-09-06 03:49:43
BE22017167	3	0	라섹 수술 후에 눈이 많이 건조해졌어요. 그래서 일하다가도 너무 건조해서 계속 인공눈물을 넣게 되네요. 이러다가 눈이 전처럼 돌아오지 않을까 봐 불안하고 걱정돼요.	N	2022-09-06 03:49:43	2022-11-08 05:13:42
BE22017167	4	1	아무래도 몸에 이상이 나타나는 거면 걱정 안 하는 게 더 힘들죠. 혹여나 부작용일까 봐 불안한 마음이 들 것 같아요. 아무래도 지금 마음이 무척 불편하겠네요.	N	2022-09-06 03:49:43	2022-11-08 05:13:42
BE22017167	5	0	네, 병원 의사 말로는 이것도 잘 관리하면 된다고 하는데 그래도 걱정이 앞서요. 원래는 눈이 건조한 편이 아니라서 인공눈물을 넣은 적이 없었거든요.	N	2022-09-06 03:49:43	2022-09-06 03:49:43
BE22017167	6	1	금방 진정이 되지 않는 그 마음 잘 알죠. 저도 예전에 쌍꺼풀 수술하고 나서 눈이 한창 건조해지길래 부작용 아닌가 하고 걱정했거든요. 그래서 지금 감정화자씨 심정 너무나도 공감이 가요.	N	2022-09-06 03:49:43	2022-11-08 05:13:42
BE22017167	7	0	별일이 아니어야 할 텐데요. 근심 때문에 자꾸 라섹 수술 부작용 글만 찾아서 읽게 돼요.	N	2022-09-06 03:49:43	2022-11-08 05:13:42
BE22017167	8	1	아직 확실하지도 않은 일에 그렇게 불안을 가중하지 맙시다. 지금 당장은 눈이 불편해도 관리만 잘하면 말끔히 회복될 거예요. 그러니 우리 불안해하는 대신에 더 꼼꼼하게 관리하고 신경 쓰는 데 에너지를 씁시다!	N	2022-09-06 03:49:43	2022-11-08 05:13:42
BE22017167	9	0	근데 왜 이렇게 자꾸만 걱정될까요? 눈 건조함이 계속 느껴져서 걱정이 쉽사리 사라지지 않아요.	N	2022-09-06 03:49:43	2022-11-08 05:13:42
BE22017167	10	1	그럴 땐 확실치 않은 일에 과도하게 걱정하며 불안하기보다는 생각을 좀 비우는 게 어때요. 부작용이 생기지 않게 지금부터라도 철저하게 관리하면 불안을 잠재울 수도 있어요. 금방 전처럼 눈이 촉촉해져서 라섹 수술의 효과를 누리면서 즐거움을 얻을 수 있을 거예요.	N	2022-09-06 03:49:43	2022-11-08 05:13:42
BE22017167	11	0	그렇게 말해줘서 고마워요. 팀장님 말을 들으니 덕분에 좀 진정이 되네요. 아무래도 제가 쓸데없는 걱정을 했던 것 같아요.	N	2022-09-06 03:49:43	2022-09-06 03:49:43
BE22017167	12	1	아녜요, 자기 몸에 예민해질 수밖에 없죠. 저였어도 감정화자씨처럼 근심했을 것 같아요. 그래도 걱정만 하는 대신에 그 걱정을 날리는 행동을 하면 되죠!	N	2022-09-06 03:49:43	2022-11-08 05:13:42
BE22017167	13	0	네, 무슨 말인지 알겠어요. 공감화자씨 말처럼 지금부터 관리를 잘해야겠어요. 그럼 불안한 마음도 더는 들지 않을 것 같네요!	N	2022-09-06 03:49:43	2022-11-08 05:13:42
BE22017167	14	1	네, 금방 기운 차린 것 같아서 제가 다 기쁘네요. 그럼 잘 회복되기를 바랄게요!	N	2022-09-06 03:49:43	2022-09-06 03:49:43
BE22017167	15	0	네, 격려해줘서 고마워요!	Y	2022-09-06 03:49:43	2022-09-06 03:49:43
