id	utterance_id	utterance_type	utterance_text	terminate	regDate	updDate
BE22017464	1	0	공감화자님, 기름값이 올라도 너무 올랐네요. 이제 차를 두고 버스 타고 다녀야 할까 봐요. 경윳값이 너무 많이 올라서 난감하네요.	N	2022-09-08 00:32:16	2022-11-08 05:15:31
BE22017464	2	1	맞아요. 살다 보니 휘발윳값보다 경윳값이 더 비싼 날이 와서 정말 놀랐어요. 감정화자님 차는 휘발유가 아닌 경유 차죠? 경윳값이 휘발윳값보다 더 비싸졌으니 정말 걱정이 많겠어요.	N	2022-09-08 00:32:16	2022-11-08 05:15:31
BE22017464	3	0	네. 기름값이 부담스러워서 경유 차를 산 거였어요. 그런데 얼마 타지도 않아서 경윳값이 휘발윳값보다 더 비싸졌으니 한숨만 나와요. 경윳값이 점점 더 오를까 봐 불안해요.	N	2022-09-08 00:32:16	2022-11-08 05:15:31
BE22017464	4	1	맞아요. 하루가 다르게 기름 오르고 있으니 기름을 넣을 때마다 심장이 콩닥거리지요? 지금보다 기름값이 더 오른다면 차를 포기하고 버스나 지하철을 이용하는 것도 생각해 봐야지요. 감정화자님 차는 경유 차니까 훨씬 더 기름값이 많이 드니 불안한 마음이 들 만도 해요.	N	2022-09-08 00:32:16	2022-11-08 05:15:31
BE22017464	5	0	사무실에서 여러 거래처로 이동하는 날에는 기름값이 정말 너무 많이 나와서 부담스러워요. 사무실에서 기름값이라도 나왔으면 좋겠어요. 예전에는 사무실에서 받는 경비 생각을 안 했는데, 기름값이 오른 요즘은 아쉬울 때가 많아요.	N	2022-09-08 00:32:16	2022-11-08 05:15:31
BE22017464	6	1	사무실 일을 보러 감정화자님 차로 가는데도 경비가 안 나오는 거예요? 공적인 경비가 나오지 않는다면 유지비가 많이 들 텐데 정말 걱정이겠네요. 얼른 휘발윳값과 경윳값이 예전처럼 내렸으면 좋겠어요.	N	2022-09-08 00:32:16	2022-11-08 05:15:31
BE22017464	7	0	우리 사무실은 조그만 개인 사무실이다 보니까 경비가 따로 나오는 것이 없어서 불만이긴 해요. 그렇지만 지금처럼 취업이 어려울 땐 그냥 감사하며 다니는 거죠. 직장 없이 불안한 것보다는 그래도 안심이 돼요.	N	2022-09-08 00:32:16	2022-11-08 05:15:31
BE22017464	8	1	좋지 않은 일에서도 감사할 것을 찾고, 매사에 감사하는 감정화자님의 마음에는 정말 탄복하게 돼요. 항상 긍정적인 감정화자님의 모습에 늘 감동스러워요. 정말로 보고 배워야 할 점이에요.	N	2022-09-08 00:32:16	2022-11-08 05:15:31
BE22017464	9	0	그렇게 칭찬해 주니 감사해요. 이 사무실에서 경험을 쌓고 좀더 큰 회사로 이직하면 공적인 경비는 나오겠지요. 그러기 위해서라도 열심히 일을 배우는 중이에요.	N	2022-09-08 00:32:16	2022-11-08 05:15:31
BE22017464	10	1	긍정적인 마음으로 매사에 열심히 노력하는 감정화자님은 틀림없이 크고 좋은 회사로 이직할 거라 믿어요. 월급도 많이 주고 자동차 기름값도 보조해주는 회사에 꼭 취업하기를 바라요.	N	2022-09-08 00:32:16	2022-11-08 05:15:31
BE22017464	11	0	사무실과 집이 거리가 멀고, 거래처도 자주 다니다 보니 기름값이 정말 많이 들어요. 월급도 많지 않은데, 차를 소형차로 바꿔야 하나, 그런 생각도 드네요.	N	2022-09-08 00:32:16	2022-11-08 05:15:31
BE22017464	12	1	경윳값이 너무 오르니까 부담이 많이 되어서 그런 생각까지 드는 거지요? 그렇다고 산 지 얼마 되지 않은 차를 다시 소형차로 바꿀 수도 없잖아요. 차라리 경윳값이 내릴 때까지만이라도 급하지 않은 날에는 전철이나 버스를 이용하는 것은 어떨까요?	N	2022-09-08 00:32:16	2022-11-08 05:15:31
BE22017464	13	0	미처 그 생각은 못 했네요. 집에서 버스 정류장이 그리 멀지 않으니 버스를 타고 출퇴근하는 것도 해봐야겠네요. 자동차는 출근 시간에 많이 밀리니 어쩌면 전철이나 버스가 더 편할지 모르겠네요.	N	2022-09-08 00:32:16	2022-11-08 05:15:32
BE22017464	14	1	맞아요. 저도 차가 꼭 필요하지 않은 날에는 전철을 타고 이동한답니다. 그러면 기름값도 아낄 수 있고 운전하느라 신경 안 써도 되고 좋은 점도 많아요. 감정화자님도 집에서 버스 정류장이 가깝다고 하니 버스를 타고 한번 출근해보세요.	N	2022-09-08 00:32:16	2022-11-08 05:15:32
BE22017464	15	0	오늘 퇴근길에 집에서 회사까지 다니는 버스와 전철을 알아봐야겠어요. 이제 기름값으로 스트레스를 덜 받아도 되겠네요. 감사해요.	Y	2022-09-08 00:32:16	2022-11-08 05:15:32
