id	utterance_id	utterance_type	utterance_text	terminate	regDate	updDate
BE22009529	1	0	오늘 이상하게 자꾸 조퇴하고 싶어져. 자꾸 불안하게 느껴져서 그런가?	N	2022-07-17 09:22:14	2022-11-08 04:25:43
BE22009529	2	1	왜 그래 무슨 일 있어서 그래? 뭐가 불안한데 그래?	N	2022-07-17 09:22:14	2022-11-08 04:25:43
BE22009529	3	0	아무 일도 없고 아프지도 않은데 조퇴하고 싶어. 스트레스가 심해서 그런가 봐.	N	2022-07-17 09:22:14	2022-11-08 04:25:43
BE22009529	4	1	나도 종종 그럴 때 있어. 몸도 괜찮고 기분도 나쁘지 않은데 조퇴하고 싶은 날. 감정화자씨가 그렇게 말하니까 되게 이해되고 무슨 기분인지 알 것 같아.	N	2022-07-17 09:22:14	2022-11-08 04:25:43
BE22009529	5	0	그러게, 오늘은 오전부터 기분이 왜 이런지 모르겠어. 이유 없이 스트레스받으니까 불안하고 그러네.	N	2022-07-17 09:22:14	2022-11-08 04:25:43
BE22009529	6	1	그런 컨디션이면 진짜 불안하고 짜증 나겠다. 직장인들 이유 없이 심리적으로 불안한 경우가 많다잖아. 감정화자씨가 그런 상태라니 되게 걱정되고 염려된다.	N	2022-07-17 09:22:14	2022-11-08 04:25:43
BE22009529	7	0	그냥 아무것도 하기 싫고, 조퇴하고 집에 가고 싶어. 왜 이러지?	N	2022-07-17 09:22:14	2022-11-08 04:25:43
BE22009529	8	1	그렇게 일이 손에 안 잡힐 때는 푹 쉬는 게 좋지 않을까.	N	2022-07-17 09:22:14	2022-11-08 04:25:43
BE22009529	9	0	응, 그래야 할 거 같아. 일에 의욕도 없고 기운이 없어.	N	2022-07-17 09:22:14	2022-11-08 04:25:43
BE22009529	10	1	감정화자씨 얼굴에 생기가 없어. 그동안 스트레스가 심했나 봐. 아픈 곳이 없다지만 심히 걱정되네.	N	2022-07-17 09:22:14	2022-11-08 04:25:43
BE22009529	11	0	이유를 모르니까 마음이 답답하고 그래. 그동안 너무 일에 치여 살았나 봐.	N	2022-07-17 09:22:14	2022-11-08 04:25:43
BE22009529	12	1	많이 바빴었잖아 프로젝트 진행하느라. 그래서 스트레스가 심했나 봐. 마음 편히 먹고 여유를 가져봐, 감정화자씨가 걱정돼서 그래.	N	2022-07-17 09:22:14	2022-11-08 04:25:43
BE22009529	13	0	그래, 고마워. 업무 스트레스가 심했나 보다. 그냥 오늘 조퇴는 안 하고 기분만 안정시켜 볼게.	N	2022-07-17 09:22:14	2022-11-08 04:25:43
BE22009529	14	1	그래, 당장 바쁜 건 없으니까 차분하게 마음먹고 안정을 취해봐. 기분이 조금이라도 나아지면 스트레스도 덜할 거야.	N	2022-07-17 09:22:14	2022-11-08 04:25:43
BE22009529	15	0	응, 다 내가 마음먹기에 달렸는데, 신경 안 쓰고 푹 쉬어야겠다.	Y	2022-07-17 09:22:14	2022-11-08 04:25:43
