id	utterance_id	utterance_type	utterance_text	terminate	regDate	updDate
BE22006185	1	0	과장님, 저 저희 아이 때문에 걱정이 이만저만이 아니에요.	N	2022-07-05 02:34:00	2022-11-08 04:04:11
BE22006185	2	1	왜 그래요 대리님, 무슨 일 있어요?	N	2022-07-05 02:34:00	2022-11-08 04:04:11
BE22006185	3	0	저희 아이가 일주일 전에 발레를 배우기 시작했는데, 벌써 싫증이 났다고 그만두고 싶다네요. 지난주에는 수영이 배우고 싶다더니 바로 그만뒀구요. 모든 일에 싫증을 쉽게 느끼는 것 같아 걱정스러워요.	N	2022-07-05 02:34:00	2022-11-08 04:04:11
BE22006185	4	1	그런 일이 있었군요, 대리님 아이가 다른 아이들보다 빨리 관두는 성격인 건 맞는 것 같아요. 하지만 그건 이상한 게 아니니 너무 걱정하지 말아요. 원래 아이 때는 쉽게 싫증이 나는 것도 맞아요.	N	2022-07-05 02:34:00	2022-11-08 04:04:11
BE22006185	5	0	그렇긴 하지만, 유년기에 빨리 진로를 찾으면 전문가가 될 가능성이 높아지잖아요. 저는 이 아이를 운동선수를 키우고 싶어서 이것저것 시켜보고 있거든요. 아이가 영 흥미가 없으니 불안해요.	N	2022-07-05 02:34:00	2022-11-08 04:04:11
BE22006185	6	1	유년기부터 시작한 아이들이 좋은 운동선수가 되는 것도 맞지요. 하지만 더 중요한 건 본인이 얼마나 열의를 가지고 있느냐 하는 것이에요. 본인이 좋아서 시작해야 오래 할 수 있으니 초조해하지 않았으면 좋겠어요.	N	2022-07-05 02:34:00	2022-11-08 04:04:11
BE22006185	7	0	다른 엄마들을 보면 벌써 꽤 진지하게 운동을 배우고 있는 친구들도 많던데요. 우리 아이가 싫증을 내는 걸 너무 받아줬나 싶어요. 불안한 마음에 그냥 억지로 시켜야 하나 하는 생각도 들고요.	N	2022-07-05 02:34:00	2022-11-08 04:04:11
BE22006185	8	1	아이를 키우면서 뒤처지는 그 기분 이해하죠. 그런데 저희 아이도 어릴 때 억지로 수영을 시켰다가, 지금은 오히려 물을 무서워하게 됐어요. 우리 대리님의 초조함은 이해하지만, 아이를 믿고 좀더 기다려 주면 좋을 것 같아요.	N	2022-07-05 02:34:00	2022-11-08 04:04:11
BE22006185	9	0	하긴, 억지로 뭔가를 배우게 하는 건 효율도 떨어질 뿐만 아니라 아이도 불행할 것 같아요. 사실 이렇게 어린 나이에 흥미를 찾는 게 어렵잖아요. 저의 불안함을 아이에게 투영하려 한 것 같아 미안하네요.	N	2022-07-05 02:34:00	2022-11-08 04:04:11
BE22006185	10	1	부모의 마음은 아이가 편하고 행복하게 살기를 바라는 마음이죠. 우리가 강요한다고 이뤄지는 게 아니니 나중에 아이가 하고 싶은 게 생겼을 때 전적으로 지지해 주세요.	N	2022-07-05 02:34:00	2022-11-08 04:04:11
BE22006185	11	0	그래야겠어요, 아이를 너무 제 맘대로 키우려 했던 것 같아 마음이 불편했나봐요. 과장님과 이야기하고 나니 깨달음과 함께 마음에 평화가 찾아왔어요. 저는 아이가 행복했으면 하는 그 마음 하나만을 간직하고 기다리려고요.	N	2022-07-05 02:34:00	2022-11-08 04:04:11
BE22006185	12	1	우리 대리님은 점점 성숙한 부모가 되고 있는 것 같아요. 지금 대리님의 아이가 굉장히 중요한 성장기에 있잖아요. 불안한 마음 없이 맘껏 행복하기만 하게 해 주세요.	N	2022-07-05 02:34:00	2022-11-08 04:04:11
BE22006185	13	0	진심 어린 조언을 해주셔서 감사합니다. 과장님은 직장 선배이기도 하지만 부모 선배이기도 하셔요.	N	2022-07-05 02:34:00	2022-11-08 04:04:11
BE22006185	14	1	도움이 되었다니 다행이네요. 아이만큼 부모가 행복한 것도 중요하지요.	Y	2022-07-05 02:34:00	2022-11-08 04:04:11
