id	utterance_id	utterance_type	utterance_text	terminate	regDate	updDate
BE22008691	1	0	나는 좀 완벽주의인 경향이 있는데, 너는 어때?	N	2022-07-14 00:05:21	2022-11-08 04:20:19
BE22008691	2	1	음... 한 번도 생각해 본 적 없긴 한데. 돌이켜보니 나는 그렇진 않은 것 같아.	N	2022-07-14 00:05:21	2022-11-08 04:20:19
BE22008691	3	0	난 뭐든 내 기준에서 완벽하게 해야 직성이 풀려. 다른 사람들도 다 이런 줄로만 알았거든. 그런데 아니더라고. 특히 업무를 할 때 내 마음에 들지 않으면 너무 스트레스를 받아.	N	2022-07-14 00:05:21	2022-11-08 04:20:19
BE22008691	4	1	일할 때마다 그렇게 스트레스를 받으면 정말 괴롭겠는데? 하루에 근무 시간이 우리가 깨어 있는 시간의 절반은 될 텐데... 그동안 스트레스를 견디는 게 여간 힘든 일이 아니겠는걸.	N	2022-07-14 00:05:21	2022-11-08 04:20:19
BE22008691	5	0	다른 팀원들의 기준과 내 기준이 달라. 나는 더 잘하고 싶은 욕심이 커서 더 많은 것을 요구하게 되고... 그렇게 서로 스트레스가 되는 거야.	N	2022-07-14 00:05:21	2022-11-08 04:20:19
BE22008691	6	1	개인적인 일도 아니고 회사에서 하는 일을 잘해서 인정받고 싶은 마음은 누구든지 그럴 거야. 하지만 그 기준이 맞지 않다면 서로 공감할 수 없으니 대화도 잘 안될 테고. 마음이 무겁겠다.	N	2022-07-14 00:05:21	2022-11-08 04:20:19
BE22008691	7	0	사소한 것 하나까지도 집착하는 내 모습이 답답하기도 해. 이걸로 인해서 팀원들과 불화가 생기는 것도 큰 스트레스야. 이러다 지금 하는 일을 망쳐 버릴까 봐 불안해.	N	2022-07-14 00:05:21	2022-11-08 04:20:19
BE22008691	8	1	네가 지도자로서 책임감도 있을뿐더러 업무도 신경 써야 하는 상황이잖아. 게다가 팀원들도 살펴야 하니 많이 심적으로 부담스러웠나 봐. 그래서 마음이 더 불안한가 보다.	N	2022-07-14 00:05:21	2022-11-08 04:20:19
BE22008691	9	0	맞아. 이것저것 복합된 문제 때문에 자꾸 불안해지고 이제는 스트레스가 극에 달했어. 내 능력이 여기까지 밖에 안되나 봐.	N	2022-07-14 00:05:21	2022-11-08 04:20:19
BE22008691	10	1	일하다 보면 사소한 것 하나에서 일이 틀어져 버릴 수도 있잖아. 신경 쓸 일이 많아서 좀 예민해진 걸 거야. 네가 능력이 부족해서가 아니야.	N	2022-07-14 00:05:21	2022-11-08 04:20:19
BE22008691	11	0	리더 역할을 하는 게 정말 쉬운 일이 아니다.	N	2022-07-14 00:05:21	2022-11-08 04:20:19
BE22008691	12	1	아무래도 리더가 참 힘든 자리지. 좋은 말만 할 순 없는 처지인데, 좋게만 대할 수 없는 네 마음은 오죽할까. 하지만 팀원들도 어린애들이 아니니까 그럴 수밖에 없는 네 상황을 이해할 거야.	N	2022-07-14 00:05:21	2022-11-08 04:20:19
BE22008691	13	0	정말 그럴까? 팀원들이 이해할까?	N	2022-07-14 00:05:21	2022-11-08 04:20:19
BE22008691	14	1	너처럼 신경 써주는 상사도 잘 없어. 그래도 네가 그 자리까지 올라왔다는 건 그만한 자격이 있기 때문이야. 항상 주어진 일에 최선을 다했으니 좋은 성과도 얻었잖아.	N	2022-07-14 00:05:21	2022-11-08 04:20:19
BE22008691	15	0	그래. 그래도 옆에서 지켜본 사람이 그렇게 말해 주니 위로가 된다. 너무 부정적인 감정에만 초점을 맞추지 말아야겠어.	N	2022-07-14 00:05:21	2022-11-08 04:20:19
BE22008691	16	1	그래. 네가 잘 해왔던 일들을 잊지 마. 넌 정말 멋진 상사이자 동료니까!	N	2022-07-14 00:05:21	2022-11-08 04:20:19
BE22008691	17	0	고마워. 다시 힘내서 열심히 팀을 이끌어 볼게.	Y	2022-07-14 00:05:21	2022-11-08 04:20:19
