id	utterance_id	utterance_type	utterance_text	terminate	regDate	updDate
BE22000038	1	0	대리님, 전에 집에 오셨던 육아 도우미 이모님 좋으시다고 했었잖아요. 저도 소개해 줄 수 있어요?	N	2022-05-31 07:07:05	2022-11-08 03:24:27
BE22000038	2	1	그럼요. 연락처 찾아서 보내줄게요. 육아 휴직은 끝난 건가요?	N	2022-05-31 07:07:05	2022-11-08 03:24:27
BE22000038	3	0	벌써 복직한 지 한 달은 지났어요. 어린이집 종일반에 보내고 있는데 자꾸 감기에 걸려 불안한 마음이 들어서요. 이모님 도움을 받아보려고요.	N	2022-05-31 07:07:05	2022-11-08 03:24:27
BE22000038	4	1	감기는 아기들끼리 서로 계속 옮겨서 그런지 빨리 안 낫더라요. 저도 어린이집 처음 보낼 때 신경 못써준 탓에 아픈 것 같아 마음 쓰이더라요.	N	2022-05-31 07:07:05	2022-11-08 03:24:27
BE22000038	5	0	그 조그만 몸으로 기침을 하는 애를 회사 때문에 봐주지도 못하고 어린이집 보내고 오면 하루 종일 아기 때문에 불안해서 일에 집중도 안 되고 속상해요.	N	2022-05-31 07:07:05	2022-11-08 03:24:27
BE22000038	6	1	아이가 아프면 엄마는 아무것도 못하게 되는 것 같아요. 저도 우리 아이 아플 때 월차 내고 하루 종일 아이랑 같이 있곤 했는데 그래도 마음이 편치 않더라고요. 감정화자씨가 지금 많이 힘들겠어요.	N	2022-05-31 07:07:05	2022-11-08 03:24:28
BE22000038	7	0	우리 애 아프다고 선생님이 혼자만 멀리 떨어뜨려 놓아서 외로운 건 아닐까 그것도 걱정이에요.	N	2022-05-31 07:07:05	2022-11-08 03:24:28
BE22000038	8	1	선생님들이 오히려 아픈 아기는 더 꼼꼼하게 세심하게 돌봐주시니까 너무 염려하지 마요.	N	2022-05-31 07:07:05	2022-11-08 03:24:28
BE22000038	9	0	그렇다면 다행인데 일단 감기 증상 사라질 때까지만이라도 이모님 도움을 받아서 가정 보육을 해보려고요.	N	2022-05-31 07:07:05	2022-11-08 03:24:28
BE22000038	10	1	그건 좋은 생각이에요. 우리 애도 어린이집 며칠 쉬니까 증상 금방 괜찮아요?더라고요.	N	2022-05-31 07:07:05	2022-11-08 03:24:28
BE22000038	11	0	우리 애는 낯을 많이 가리는데 낯선 이모님이랑 괜찮을까요? 부모님들이 봐주셨으면 하는데 상황이 여의치 않아서 아쉬워요.	N	2022-05-31 07:07:05	2022-11-08 03:24:28
BE22000038	12	1	걱정 마요. 이모님들이 괜히 전문가가 아니에요. 처음에는 낯을 가려도 얼마나 잘 어르고 달래시는지 금방 웃으면서 잘 놀더라요.	N	2022-05-31 07:07:05	2022-11-08 03:24:28
BE22000038	13	0	경험자가 이야기해주니까 확실히 안심이 되네요. 제가 직접 봐줄 수 없어서 아쉽지만 믿고 맡겨봐야겠어요.	N	2022-05-31 07:07:05	2022-11-08 03:24:28
BE22000038	14	1	그 이모님도 물론 아이한테 잘하시겠지만 아이는 엄마가 하루 종일 같이 있지 않아도 나를 사랑한다는 감정만 충분히 느끼면 정서적으로 아무 문제 없이 자란대요. 너무 걱정하지 마세요.	N	2022-05-31 07:07:05	2022-11-08 03:24:28
BE22000038	15	0	그렇게 말해주니 마음이 조금 가벼워지는 것 같아요. 이모님 연락해 보고 다시 알려줄게요.	Y	2022-05-31 07:07:05	2022-11-08 03:24:28
