id	utterance_id	utterance_type	utterance_text	terminate	regDate	updDate
BE22002795	1	0	점심시간에 공감화자님이 추천해 주신 정형외과 다녀왔는데 정말 괜찮더라고요. 의사 선생님도 엄청 친절하시고 잘 설명해 주셔서 좋았어요.	N	2022-06-22 22:54:44	2022-11-08 03:42:29
BE22002795	2	1	병원 다녀오셨군요! 왜 아픈 거래요?	N	2022-06-22 22:54:44	2022-11-08 03:42:29
BE22002795	3	0	어깨가 너무 아파서 간 거였는데 일자목이래요. 일자목 때문에 어깨까지 부담이 온 거라고 하시더라고요.	N	2022-06-22 22:54:44	2022-11-08 03:42:29
BE22002795	4	1	아 목에 문제가 있던 거였군요! 생각지 못한 결과라서 놀라셨겠어요!	N	2022-06-22 22:54:44	2022-11-08 03:42:29
BE22002795	5	0	네, 심지어 일자목이 좀 심하다고 하더라고요. 그래서 신경에 주사도 맞고 왔어요. 목 문제일 줄은 몰랐는데 너무 뜻밖이었어요.	N	2022-06-22 22:54:44	2022-11-08 03:42:29
BE22002795	6	1	그러게요, 목이 문제였다니... 말만 들어도 아픈 것 같아요. 괜찮으세요?	N	2022-06-22 22:54:44	2022-11-08 03:42:29
BE22002795	7	0	주사가 아프긴 했는데 그래도 일자목이 안 나으면 목 디스크로도 이어질 수 있다고 하더라고요. 디스크에 문제 생기면 더 큰일날 것 같아서 너무 걱정이에요.	N	2022-06-22 22:54:44	2022-11-08 03:42:29
BE22002795	8	1	정말 걱정되실만하네요. 그래도 목 디스크로 발전되기 전에 병원에 가신 게 천만다행이네요! 지금부터라도 조심하면 좀 나아지는 거 아니에요?	N	2022-06-22 22:54:44	2022-11-08 03:42:29
BE22002795	9	0	맞아요. 의사 선생님도 지금부터라도 자세 조심히 하고 틈틈이 스트레칭도 자주 해주라고 하더라고요.	N	2022-06-22 22:54:44	2022-11-08 03:42:29
BE22002795	10	1	그렇죠. 저희가 어쩔 수 없이 하루 종일 컴퓨터 앞에 앉아서 일을 해서 그런가 봐요. 요즘 현대인들한테 엄청 흔한 질병이라고도 하잖아요. 미리 조심해야겠네요.	N	2022-06-22 22:54:44	2022-11-08 03:42:29
BE22002795	11	0	일하다 보면 저절로 자세가 망가질 때가 많아서 걱정이에요. 저도 모르게 또 자세가 엉망으로 풀릴 것 같아요. 의자에 몸을 묶어놓을 수도 없고...	N	2022-06-22 22:54:44	2022-11-08 03:42:29
BE22002795	12	1	처음에는 신경 써도 계속 신경 써서 바른 자세로 앉아있는 게 힘들긴 하죠! 그래도 요즘에는 바른 자세 도와주는 방석이나 등받이 같은 제품들도 많이 있잖아요. 그런 걸 한번 써보는 게 어떨까요?	N	2022-06-22 22:54:44	2022-11-08 03:42:29
BE22002795	13	0	좋은 생각이에요! 안 그래도 찾아보려고 했거든요.	N	2022-06-22 22:54:44	2022-11-08 03:42:29
BE22002795	14	1	그리고 저희 서로 자세 잘못된 거 보면 알려주기로 해요! 그럼 혼자 신경 쓰는 것보다 쉽지 않을까요?	N	2022-06-22 22:54:44	2022-11-08 03:42:29
BE22002795	15	0	오 정말 좋은데요? 서로 도와준다고 생각하고 한번 해봐요!	N	2022-06-22 22:54:44	2022-11-08 03:42:29
BE22002795	16	1	네! 그럼 자세 똑바로 하시고 오후 업무도 파이팅 하세요!	Y	2022-06-22 22:54:44	2022-11-08 03:42:29
