id	utterance_id	utterance_type	utterance_text	terminate	regDate	updDate
BE22001335	1	0	요즘 왠지 자꾸 눈이 뻑뻑한 느낌이 드네.	N	2022-06-15 00:15:43	2022-11-08 03:33:03
BE22001335	2	1	괜찮으세요? 요즘 야근이 많아서 그런가 봐요.	N	2022-06-15 00:15:43	2022-11-08 03:33:03
BE22001335	3	0	나이를 먹어서 그런가...	N	2022-06-15 00:15:43	2022-11-08 03:33:03
BE22001335	4	1	에이. 무슨 말씀이세요, 아직 젊으신데.	N	2022-06-15 00:15:43	2022-11-08 03:33:03
BE22001335	5	0	야근이 많기는 했는데 그동안 야근해도 이렇게 눈이 뻑뻑하지는 않았거든.	N	2022-06-15 00:15:43	2022-11-08 03:33:03
BE22001335	6	1	그래도 나이 때문은 아닐 거예요. 업무량이 늘어서 일시적으로 그럴 수 있어요. 너무 걱정하지 마세요.	N	2022-06-15 00:15:43	2022-11-08 03:33:03
BE22001335	7	0	병원이라도 가봐야 하나?	N	2022-06-15 00:15:43	2022-11-08 03:33:03
BE22001335	8	1	좋은 생각인 것 같아요. 이상한 것 같으면 무조건 병원에 가보는 게 좋기는 하죠!	N	2022-06-15 00:15:43	2022-11-08 03:33:03
BE22001335	9	0	사실 예약을 해놓기는 했는데 반차 쓰고 가야 해서 갈지 말지 고민이었거든.	N	2022-06-15 00:15:43	2022-11-08 03:33:03
BE22001335	10	1	휴가보다 건강이 우선이죠. 병원 가서 검사 한 번 받아보세요.	N	2022-06-15 00:15:43	2022-11-08 03:33:03
BE22001335	11	0	그게 맞는 거겠지?	N	2022-06-15 00:15:43	2022-11-08 03:33:03
BE22001335	12	1	그럼요! 이상 없다고 하면 다행이고, 치료는 빠를수록 좋다잖아요.	N	2022-06-15 00:15:43	2022-11-08 03:33:03
BE22001335	13	0	그래야겠다. 병원 꼭 가볼게. 걱정해줘서 고마워.	N	2022-06-15 00:15:43	2022-11-08 03:33:03
BE22001335	14	1	병원 다녀오시면 병원에서 뭐라고 했는지 꼭 말씀해주세요! 그리고 제가 나중에 눈에 좋은 비타민 같은 거 알려드릴게요.	N	2022-06-15 00:15:43	2022-11-08 03:33:03
BE22001335	15	0	그래 주면 나야 고맙지. 병원 다녀와서 또 연락할게.	Y	2022-06-15 00:15:43	2022-11-08 03:33:03
