id	utterance_id	utterance_type	utterance_text	terminate	regDate	updDate
BE22009873	1	0	팀장님, 혹시 아까 화장실에서 반지 못 보셨어요? 제가 오늘 분명히 반지를 끼고 왔는데 화장실에서 손 씻느라 빼둔 반지가 안 보여서요. 중요한 반지인데 잃어버린 건 아닌지 너무 불안해요.	N	2022-07-18 09:02:28	2022-11-08 04:27:59
BE22009873	2	1	반지는 못 본 것 같은데요! 근무하면서 틈틈이 찾아볼 테니 너무 걱정하지 마세요. 꼭 찾을 수 있을 거예요.	N	2022-07-18 09:02:28	2022-11-08 04:27:59
BE22009873	3	0	그게 저한테 굉장히 의미가 있는 반지거든요. 저희 어머니께서 취업 기념으로 사주신 비싼 반지인데 누가 가져간 건 아니겠죠?	N	2022-07-18 09:02:28	2022-11-08 04:27:59
BE22009873	4	1	아직 너무 걱정하지 말아요. 아직 오전 근무 중이니까 금방 찾을 수 있을 거예요. 사무실이 넓은 것도 아니니 누가 가져갈 일도 없을 거고요.	N	2022-07-18 09:02:28	2022-11-08 04:28:00
BE22009873	5	0	제가 분신처럼 여기는 반지라서 너무 불안하네요. 원래는 손 씻을 때도 반지를 꼭 끼고 있는데 잠깐 빼 둔 사이에 사라져버렸어요. 이런 제가 너무 바보 같아요.	N	2022-07-18 09:02:28	2022-11-08 04:28:00
BE22009873	6	1	그렇게 소중하게 아끼는 반지가 없어졌으니 지금 얼마나 심란하겠어요. 저도 그렇게 아끼는 물건을 잃어버린 적이 있어서 감정화자님 지금 심정이 이해되네요. 그래도 찾을 수 있다는 희망을 버리지 말고 계속 찾아보자고요.	N	2022-07-18 09:02:28	2022-11-08 04:28:00
BE22009873	7	0	오늘 제가 들렀던 곳들을 쭉 살펴봤는데 아직도 못 찾고 있어서 더 불안해요. 여태껏 이런 일이 없었는데 마음이 조급하네요.	N	2022-07-18 09:02:28	2022-11-08 04:28:00
BE22009873	8	1	아끼는 물건을 잃어버렸으니 불안한 마음이 드는 건 당연해요. 조급한 마음이 들 수도 있고요. 마음을 가볍게 먹는 게 쉽지 않겠지만 조금만 마음에 여유를 가지고 생각해봅시다.	N	2022-07-18 09:02:28	2022-11-08 04:28:00
BE22009873	9	0	어머니께서 얼마나 실망하시겠어요. 취업도 굉장히 어렵게 해서 어머니가 굉장히 기뻐하셨거든요. 넉넉한 형편도 아닌데 분신처럼 가지고 다니라며 사주신 거라 잃어버린 걸 알면 너무 슬퍼하실 것 같아요.	N	2022-07-18 09:02:28	2022-11-08 04:28:00
BE22009873	10	1	물론 어머니께서 조금 놀라시긴 하겠지만, 감정화자님이 취업했다는 사실에 기뻐서 선물하신 거니까 실망하시진 않을 거예요. 잃어버렸다고 해서 감정화자님을 미워하시지도 않을 거고요.	N	2022-07-18 09:02:28	2022-11-08 04:28:00
BE22009873	11	0	그래도 제가 이걸 잃어버리면 어머니의 마음을 가볍게 여긴다고 생각하실 것 같아요. 정말 귀하게 여길 줄 알았다면 잃어버릴 수 없는 물건이잖아요. 반지 때문에 일에 집중도 안 돼서 큰일이에요.	N	2022-07-18 09:02:28	2022-11-08 04:28:00
BE22009873	12	1	사람은 누구나 실수하는걸요. 어머니의 마음을 가볍게 생각했다면 지금 감정화자님이 애지중지 반지를 찾고 있지도 않을 거예요. 속상하겠지만 자책하는 마음은 좀 덜었으면 하네요.	N	2022-07-18 09:02:28	2022-11-08 04:28:00
BE22009873	13	0	꼭 찾을 수 있으면 좋겠네요. 제가 괜히 불안한 마음에 팀장님 근무하시는 데 방해한 것 같아서 죄송해요.	N	2022-07-18 09:02:28	2022-11-08 04:28:00
BE22009873	14	1	손에 끼고 다니는 물건이니까 손을 자주 사용하는 우리 회사 특성상 빼둘 일도 많죠. 걱정이 너무 많으면 일도 방해되고, 반지도 잘 찾지 못할 테니까 긍정적으로 생각해봐요. 오늘 회사에 반지를 꼭 끼고 왔다면, 회사가 넓은 건 아니니까 찾을 수 있을 거예요.	N	2022-07-18 09:02:28	2022-11-08 04:28:00
BE22009873	15	0	그렇게 위로해주시니 너무 감사해요. 팀장님께 말씀드리니까 마음이 편안해지는 것 같아요. 저도 이제부터는 일에 집중해야겠어요.	N	2022-07-18 09:02:28	2022-11-08 04:28:00
BE22009873	16	1	그래요. 너무 불안해하거나 미안해하지 않아도 돼요! 나도 틈틈이 같이 찾아볼 테니까, 힘든 일 있으면 언제든 말해도 좋아요. 그러라고 상사가 있는 거니까요.	Y	2022-07-18 09:02:28	2022-11-08 04:28:00
