id	utterance_id	utterance_type	utterance_text	terminate	regDate	updDate
BE22010002	1	0	팀장님, 저 드디어 내일 차 나오는 날입니다.	N	2022-07-19 01:31:39	2022-11-08 04:28:48
BE22010002	2	1	오 정말? 내일 감정화자씨 엄청 기분 좋은 날이겠어!	N	2022-07-19 01:31:39	2022-11-08 04:28:48
BE22010002	3	0	네. 장거리 연애 때문에 매일 대중교통 이용하느라 힘들어서 차 구입한 거거든요. 근데 왜 이렇게 불안할까요?	N	2022-07-19 01:31:39	2022-11-08 04:28:48
BE22010002	4	1	음? 기다리던 차 출고 날이면 기뻐야 할 텐데. 혹시 운전이 아직 미숙해서 그런 걸까?	N	2022-07-19 01:31:39	2022-11-08 04:28:48
BE22010002	5	0	귀신 같으시네요. 정답입니다. 사실 저 운전한 경험이 별로 없어서 장롱면허나 마찬가지거든요. 이제 차 있으면 여자 친구도 태워서 데이트 해야 하는데 혹시라도 사고 낼까봐 걱정이 되네요.	N	2022-07-19 01:31:39	2022-11-08 04:28:48
BE22010002	6	1	아이고. 나도 차 처음 구입했을 때 감정화자씨처럼 운전 경험이 별로 없었어서 엄청 불안했거든. 그래서 감정화자씨가 지금 어떤 기분일지 너무 잘 알 거 같아.	N	2022-07-19 01:31:39	2022-11-08 04:28:48
BE22010002	7	0	이 나이 먹고 운전 경험이 미숙해서 이런 걱정을 하게 될 줄은 몰랐네요. 사실 요즘 그 걱정에 불안해서 잠도 잘 못 자요. 기뻐해야 하는데 참 바보 같죠?	N	2022-07-19 01:31:39	2022-11-08 04:28:48
BE22010002	8	1	에이. 나도 감정화자씨처럼 똑같이 불안해했다니까. 그런 걱정에 불안한 마음이 드는 게 절대 이상한 게 아니니까 그런 생각하지 마. 충분히 그런 걱정이 들 만한 일인걸.	N	2022-07-19 01:31:39	2022-11-08 04:28:48
BE22010002	9	0	그렇게 말씀해주시니 감사하네요. 장거리 연애 때문에 구입한 건데 제가 이런 걱정 하고 불안해하는 거 알면 여자 친구가 실망할까봐 그것도 걱정돼요. 든든하지 못한 모습이잖아요.	N	2022-07-19 01:31:39	2022-11-08 04:28:48
BE22010002	10	1	오히려 그런 모습이 더 귀여워 보일 수도 있을걸? 솔직하게 얘기해보면 어쨌든 장거리 연애를 위해 구입한 거니까 이해 할 거야. 그러니까 너무 부정적인 생각에 사로잡히지 말고 긍정적으로 생각해 보자.	N	2022-07-19 01:31:39	2022-11-08 04:28:48
BE22010002	11	0	팀장님 말씀이 맞네요. 제가 너무 부정적인 생각에 불안해하기만 했나봐요. 아무래도 차를 직접 운전하는 건 운전 경험을 쌓고 하는 게 낫겠죠?	N	2022-07-19 01:31:39	2022-11-08 04:28:48
BE22010002	12	1	그럼. 요즘 차 연수 프로그램도 잘 돼 있으니까 금방 익숙해질 거야. 너무 걱정하지 말고 마음을 편히 먹어. 기분은 좀 나아졌어?	N	2022-07-19 01:31:39	2022-11-08 04:28:48
BE22010002	13	0	네. 팀장님 덕분에 불안한 마음이 많이 가라앉았습니다. 위로해주시고 조언해주셔서 너무 감사해요.	N	2022-07-19 01:31:39	2022-11-08 04:28:48
BE22010002	14	1	우리 팀원인데 당연히 내가 챙겨야지. 기분이 풀렸다니까 너무 다행이다.	N	2022-07-19 01:31:39	2022-11-08 04:28:48
BE22010002	15	0	팀장님은 정말 따듯하고 좋은 상사이십니다. 감사하니 제가 이따 점심 먹고 커피 쏘겠습니다.	N	2022-07-19 01:31:39	2022-11-08 04:28:48
BE22010002	16	1	오, 그럼 나야 너무 좋지. 아무튼 이제 부장님 눈치 보이니까 메신저 그만하고 일하자고!	N	2022-07-19 01:31:39	2022-11-08 04:28:48
BE22010002	17	0	네. 알겠습니다. 이따 점심 드시고 봬요!	Y	2022-07-19 01:31:39	2022-11-08 04:28:48
