id	utterance_id	utterance_type	utterance_text	terminate	regDate	updDate
BE22000758	1	0	아내가 주말마다 약속이 있다고 항상 밖을 나가요. 솔직히 외도가 아닌지 의심됩니다.	N	2022-06-13 07:41:28	2022-11-08 03:29:11
BE22000758	2	1	왜 그런 의심을 시작하게 되셨어요? 혹시 그전에도 그런 일이 있었나요?	N	2022-06-13 07:41:28	2022-11-08 03:29:11
BE22000758	3	0	네. 아내가 연애 시절에도 두어 번 바람을 피운 적이 있거든요. 그래서 너무 불안하고 스트레스 받네요.	N	2022-06-13 07:41:28	2022-11-08 03:29:11
BE22000758	4	1	저라도 그럴 것 같아요. 주말에 아내 분이 나가는 걸 지켜보실 때마다 예전의 상처가 떠오르시겠군요.	N	2022-06-13 07:41:28	2022-11-08 03:29:11
BE22000758	5	0	맞아요. 저는 제가 극복을 한 줄 알았는데, 그 정도로 대인배는 아니었나봐요. 제 자신이 한심해요.	N	2022-06-13 07:41:28	2022-11-08 03:29:11
BE22000758	6	1	그렇게 생각하지 마세요. 배우자가 바람을 피운 적이 있는데 그 어떤 대인배라도 불안하고 걱정되는 건 당연하죠. 감정화자씨의 잘못이 아니에요.	N	2022-06-13 07:41:28	2022-11-08 03:29:11
BE22000758	7	0	그런가요? 저는 제가 너무 속이 좁은 것이 아닌가 싶어 이것도 스트레스였어요. 지난 잘못도 시원하게 덮어주지 못하고... 나가는 아내 뒷모습을 보면서 온갖 불순한 상상을 다 하거든요.	N	2022-06-13 07:41:28	2022-11-08 03:29:12
BE22000758	8	1	누구라도 그럴 거예요. 아내 분을 지금도 사랑하고 계시니까 그만큼 불안하고, 단속하고 싶으신 거죠. 이해해요.	N	2022-06-13 07:41:28	2022-11-08 03:29:12
BE22000758	9	0	이렇게 이해해 주시니까 저도 마음이 가볍네요. 그동안 정말 힘들었거든요.	N	2022-06-13 07:41:28	2022-11-08 03:29:12
BE22000758	10	1	너무 혼자 끙끙 앓지 마시고 아내 분에게 한 번 털어놓아 보세요. 상처가 회복되지 않아 불안한 마음이 있다고요. 주말에 시간을 함께 보내고 싶다는 말도 하시면 아내 분도 이해하실 것 같아요.	N	2022-06-13 07:41:28	2022-11-08 03:29:12
BE22000758	11	0	정말 감사해요. 그렇게 말해 봐야겠어요. 그러면 아내도 제 마음을 알아주겠죠?	N	2022-06-13 07:41:28	2022-11-08 03:29:12
BE22000758	12	1	그럼요. 제가 아내 분이라면 미안하고 짠한 마음이 들 것 같아요. 그래서 감정화자씨의 말을 들어주고 싶을 것 같은데요?	N	2022-06-13 07:41:28	2022-11-08 03:29:12
BE22000758	13	0	그럼 오늘 퇴근하고 대화를 시도해 봐야겠어요. 혼자 앓지 말고 진작에 동료들에게 털어놓을걸, 정말 마음이 홀가분해지네요.	N	2022-06-13 07:41:28	2022-11-08 03:29:12
BE22000758	14	1	도움이 되었다면 다행이에요. 오늘 꼭 대화가 원만하게 마무리되시길 바랄게요.	N	2022-06-13 07:41:28	2022-11-08 03:29:12
BE22000758	15	0	감사해요. 내일 후기를 말씀드릴게요.	Y	2022-06-13 07:41:28	2022-11-08 03:29:12
