id	utterance_id	utterance_type	utterance_text	terminate	regDate	updDate
BE22008113	1	0	팀장님, 따님은 초등학교 3학년이라고 하셨죠, 혹시 팀장님네 따님은 받아쓰기 평소에 잘하세요?	N	2022-07-12 07:00:45	2022-11-08 04:16:35
BE22008113	2	1	좋아하지는 않지만, 열심히 하긴 하는 것 같아. 과장님, 아들에게 무슨 문제라도 있어?	N	2022-07-12 07:00:45	2022-11-08 04:16:35
BE22008113	3	0	저희 큰애가 어제 받아쓰기 50점을 받아왔더라고요. 평소에도 받아쓰기를 어려워해서 매번 60점 정도를 받긴 했어요. 그런데 성적이 어째 점점 더 안 좋아지니 걱정되어서요.	N	2022-07-12 07:00:45	2022-11-08 04:16:36
BE22008113	4	1	그러게, 과장님이 조금 걱정되겠는걸. 항상 퇴근하고 아들 받아쓰기 연습을 같이한다고 말했었잖아.	N	2022-07-12 07:00:45	2022-11-08 04:16:36
BE22008113	5	0	연습을 계속하는데도 왜 점수가 오르지 않는 걸까요? 또래 아이들에 비해 받아쓰기를 잘하지 못하는 것 같아 불안해요. 왜 저희 애만 뒤처지는 걸까요?	N	2022-07-12 07:00:45	2022-11-08 04:16:36
BE22008113	6	1	너무 심각하게 생각하지 않아도 될 것 같은데, 맞춤법이 아이들에게는 생각보다 쉽지 않은 것이더라고. 또래 아이들 중에서도 과장님 아들 같은 아이들 많아. 너무 조급해하지 마.	N	2022-07-12 07:00:45	2022-11-08 04:16:36
BE22008113	7	0	제가 너무 교육을 잘못하고 있는 걸까요? 초조한 감정만 앞서서 아이에게 제대로 된 교육을 하지 못하는 부모가 된 것 같아 슬퍼요.	N	2022-07-12 07:00:45	2022-11-08 04:16:36
BE22008113	8	1	과장님은 충분히 잘하고 있어. 누구나 부모가 되는 것이 처음인데, 그런 감정을 느끼는 것은 당연한 거야. 내가 보기엔 걱정하지 않아도 될 것 같은데?	N	2022-07-12 07:00:45	2022-11-08 04:16:36
BE22008113	9	0	그렇게 말씀해 주시니 조금 위로가 되어요. 부모가 되니 아이의 모든 일에 조바심이 났었네요. 결국은 아이가 잘 자라기를 바라는 마음인데 말이죠.	N	2022-07-12 07:00:45	2022-11-08 04:16:36
BE22008113	10	1	과장님 말 이해해. 나도 부모로서 나의 조바심이 오히려 아이에게 안 좋은 영향을 줄까봐 걱정한 적이 많아. 부모가 되는 것이 쉽지 않은 거 나도 잘 알아.	N	2022-07-12 07:00:45	2022-11-08 04:16:36
BE22008113	11	0	그러게요, 정작 아이는 많이 스트레스를 받고 있지 않을지도 몰라요. 제가 불안한 마음을 조금 내려놓고, 아이를 믿어 봐야겠어요.	N	2022-07-12 07:00:45	2022-11-08 04:16:36
BE22008113	12	1	정말 좋은 생각이야, 부모의 역할 중 가장 중요한 것은 아이에게 독립심을 키워주는 것이라고 생각해. 한 발 짝 뒤로 물러서서 아이가 스스로 할 수 있도록 기회를 주자.	N	2022-07-12 07:00:45	2022-11-08 04:16:36
BE22008113	13	0	역시 팀장님께서도 아이를 키우는 입장이라 그런지 제 마음을 너무 잘 알아주시네요. 마음이 훨씬 편안해졌어요.	N	2022-07-12 07:00:45	2022-11-08 04:16:36
BE22008113	14	1	그래, 아이들은 알아서 잘 크더라고. 너무 걱정하지 말고 즐거운 마음으로 함께 시간을 보내는 게 최고야.	Y	2022-07-12 07:00:45	2022-11-08 04:16:36
