id	utterance_id	utterance_type	utterance_text	terminate	regDate	updDate
BE22018240	1	0	저 이제 막 해외 출장을 끝내고 집으로 돌아왔어요. 제가 일을 잘하고 온 걸까요? 너무 불안해요.	N	2022-09-14 14:39:42	2022-11-08 05:20:21
BE22018240	2	1	긴 출장 다녀오시느라 많이 힘드셨죠. 마음 편히 푹 쉬세요. 혹시 특별히 마음에 걸리는 일이라도 있으세요?	N	2022-09-14 14:39:42	2022-11-08 05:20:21
BE22018240	3	0	아뇨, 그런 건 아니에요. 그렇지만 저희 팀에 중요한 사업이 걸려있는 출장이었잖아요. 실수하지는 않았는지, 영어가 부족해 거래처 분들께 실례가 되지는 않았는지 불안해요.	N	2022-09-14 14:39:42	2022-09-14 14:39:42
BE22018240	4	1	그러셨군요. 대리님 말씀처럼 중요한 업무가 걸린 출장이었으니 이렇게 걱정하시는 마음도 이해해요. 저였어도 이런 일 저런 일 다 떠올리며 안절부절못할 테니까요. 그래도 대리님은 잘 해내셨을 것 같은데요? 걱정 마세요.	N	2022-09-14 14:39:42	2022-11-08 05:20:21
BE22018240	5	0	사실 제가 어떻게 일했는지 기억도 안 나요. 실수하면 팀에 엄청난 폐가 된다는 생각만 들더라고요. 정신 차리고 보니 미팅이 다 끝나서 거래처 사장님과 악수하고 있었어요.	N	2022-09-14 14:39:42	2022-11-08 05:20:21
BE22018240	6	1	그런 상황에선 누구나 많이 긴장할 거예요. 그래도 기억이 나지 않는다는 건 그만큼 특별한 문제 없이 물 흐르듯 진행되었다는 건 아닐까요? 대리님을 조금 더 믿어보셔도 될 것 같아요.	N	2022-09-14 14:39:42	2022-11-08 05:20:21
BE22018240	7	0	저는 영 저 자신을 믿기가 힘드네요. 저는 이런 해외 출장에 적임자가 아닌 것 같아요. 외국어도 잘 못 하고 다른 사람 기분을 맞춰주는 건 더더욱 잘 못 해요.	N	2022-09-14 14:39:42	2022-11-08 05:20:21
BE22018240	8	1	대리님은 저희 팀에서 이렇게 중요한 일에 출장을 보낼 만큼 유능하고 신뢰받는 분이잖아요. 그리고 다른 사람의 기분을 굳이 좋게 하려는 노력 없이도 편안하고 즐겁게 만들어 주시고요. 대리님은 둘도 없는 적임자예요.	N	2022-09-14 14:39:42	2022-11-08 05:20:21
BE22018240	9	0	그렇지만 이렇게 중요한 업무에 임할 때면 정말 떨리고 불안해요. 사업이 잘 마무리되었다는 소식을 듣기 전까지는 계속 불안할 것 같아요.	N	2022-09-14 14:39:42	2022-11-08 05:20:21
BE22018240	10	1	대리님이 정말 이 일에 진심이고 최선을 다하셔서 그런가 봐요. 이렇게 대리님이 걱정하시는 만큼 열심히 하셨을 거란 걸 저는 알고 있어요. 분명 좋은 소식들이 들려올 테니 너무 신경 쓰지 마시고 푹 쉬세요.	N	2022-09-14 14:39:42	2022-11-08 05:20:21
BE22018240	11	0	그런 말을 들으니 마음이 조금 놓이는 것 같네요. 저는 지금까지 제가 일을 그르쳤을까 봐 정말 많이 불안했어요. 그런데 분명 잘될 거라는 말을 다른 사람의 입에서 들으니 안심이 되네요.	N	2022-09-14 14:39:42	2022-11-08 05:20:21
BE22018240	12	1	대리님 기분이 나아지셨다니 다행이에요. 그리고 제가 한 말들은 전부 진심이에요. 분명 전부 잘됐을 거예요.	N	2022-09-14 14:39:42	2022-11-08 05:20:21
BE22018240	13	0	그렇게 말해줘서 고마워요. 저도 제 자신을 조금 더 믿어볼게요. 불안했던 마음이 사라지니 이제야 피곤한 게 느껴지네요.	N	2022-09-14 14:39:42	2022-11-08 05:20:21
BE22018240	14	1	그럼요, 대리님은 정말 멋진 사람이에요. 많이 고되고 힘드셨을 텐데 푹 쉬세요!	Y	2022-09-14 14:39:42	2022-11-08 05:20:21
