id	utterance_id	utterance_type	utterance_text	terminate	regDate	updDate
BE22005012	1	0	옆집 강아지가 엄청 사람을 좋아하는데, 피하면서 출근하기가 힘드네요.	N	2022-06-29 05:17:20	2022-11-08 03:56:37
BE22005012	2	1	무슨 일 있으세요?	N	2022-06-29 05:17:20	2022-11-08 03:56:37
BE22005012	3	0	어렸을 때 큰 개한테 심하게 물렸던 적이 있었어요. 그 뒤로 크기 상관없이 강아지는 멀리하게 되었어요.	N	2022-06-29 05:17:20	2022-11-08 03:56:37
BE22005012	4	1	아, 그럼 매일 아침마다 고역이시겠어요. 그때 심하게 다치셨나봐요.	N	2022-06-29 05:17:20	2022-11-08 03:56:37
BE22005012	5	0	그때 바로 병원에 가서 금방 몸은 나았어요. 마음은 낫지 못해서 여전히 힘들지만요.	N	2022-06-29 05:17:20	2022-11-08 03:56:37
BE22005012	6	1	어렸을 때 안 좋은 기억은 오래간다고들 하잖아요. 안 좋은 감정이 있을 수밖에 없겠어요.	N	2022-06-29 05:17:20	2022-11-08 03:56:38
BE22005012	7	0	요즘에는 애견인이 많아서 공원에만 가도 강아지들이 많잖아요. 그래서 어딜 나가도 쉽게 긴장하게 돼요.	N	2022-06-29 05:17:20	2022-11-08 03:56:38
BE22005012	8	1	저도 사냥견처럼 큰 몸집의 강아지들은 무서워서 몸이 자연스레 굳게 되더라고요. 그래서 감정화자님의 마음이 이해돼요.	N	2022-06-29 05:17:20	2022-11-08 03:56:38
BE22005012	9	0	그렇다고 저 하나 편해지자고 다른 사람들에게 강아지들을 키우지 말라고 강요할 순 없잖아요.	N	2022-06-29 05:17:20	2022-11-08 03:56:38
BE22005012	10	1	아무래도 그렇죠. 저희 집 근처에는 강아지 전용 공원도 있을 정도예요.	N	2022-06-29 05:17:20	2022-11-08 03:56:38
BE22005012	11	0	앞으로는 좀 바뀌어보려고 해요. 그래서 내일 아침부터는 옆집 강아지에게 인사를 건네보는 것부터 시작해 보려고요.	N	2022-06-29 05:17:20	2022-11-08 03:56:38
BE22005012	12	1	극복해보려 하시는군요? 긍정적인 자세가 멋져요.	N	2022-06-29 05:17:20	2022-11-08 03:56:38
BE22005012	13	0	그런데 마음을 어떻게 잡고 시작해야 할지 모르겠어요.	N	2022-06-29 05:17:20	2022-11-08 03:56:38
BE22005012	14	1	제가 보기에, 감정화자씨는 긴장하면서 모든 안 좋은 감정이 같이 드러나게 되는 것 같아요. 긴장을 우선 내려놔야 할 것 같은데, 본인의 마음이 편할 때 한 번 마주해보는 건 어떨까요?	N	2022-06-29 05:17:20	2022-11-08 03:56:38
BE22005012	15	0	조언 고마워요. 한 번 시도해볼게요.	Y	2022-06-29 05:17:20	2022-11-08 03:56:38
