id	utterance_id	utterance_type	utterance_text	terminate	regDate	updDate
BE22002637	1	0	그 이야기 들으셨어요? 저 다음 달에 부서 이동된대요.	N	2022-06-22 07:06:58	2022-11-08 03:41:27
BE22002637	2	1	어머 갑작스럽네요 어느 부서로 가시나요?	N	2022-06-22 07:06:58	2022-11-08 03:41:27
BE22002637	3	0	경영 팀인데 본사에 있는 부서라 서울로 가게 되었어요. 근데 당장 다음 달에 출근인데 어쩌죠.	N	2022-06-22 07:06:58	2022-11-08 03:41:28
BE22002637	4	1	너무 급작스러운데 시간은 없고 할 건 많을 텐데, 걱정 많이 되시겠어요.	N	2022-06-22 07:06:58	2022-11-08 03:41:28
BE22002637	5	0	네 집도 구해서 이사도 해야 하고 요즘 서울 집값 너무 비싼데 자신 없어요.	N	2022-06-22 07:06:58	2022-11-08 03:41:28
BE22002637	6	1	그렇죠. 보통 일이 아닌데 정말. 게다가 서울에 연고는 좀 있나요?	N	2022-06-22 07:06:58	2022-11-08 03:41:28
BE22002637	7	0	아뇨 그래서 더 걱정이에요 가족, 친구 다 여기 있는데 혼자서 서울에서 잘 할 수 있을까요?	N	2022-06-22 07:06:58	2022-11-08 03:41:28
BE22002637	8	1	이렇게 갑자기 일이 벌어져서 얼마나 불안하실지 이해가 돼요.	N	2022-06-22 07:06:58	2022-11-08 03:41:28
BE22002637	9	0	네 부서 바뀌면 업무도 바뀌어서 신경 쓸 게 많은데 지역도 바뀌니까 정신없겠죠?	N	2022-06-22 07:06:58	2022-11-08 03:41:28
BE22002637	10	1	한동안 아마 바쁘실 거예요 그래도 일 잘하기로 소문나신 분이잖아요? 일 잘해서 스카우트돼서 가는 거니까 너무 염려 말아요.	N	2022-06-22 07:06:58	2022-11-08 03:41:28
BE22002637	11	0	이제 주말마다 서울 가서 부동산도 봐야 하고 짐도 싸고 여기 친구들한테 인사도 해야 해요.	N	2022-06-22 07:06:58	2022-11-08 03:41:28
BE22002637	12	1	아쉽겠지만, 또 혹시 모르죠. 서울 가서 더 승승장구하실지 본사에서 일하면 아무래도 장점도 많을 거예요.	N	2022-06-22 07:06:58	2022-11-08 03:41:28
BE22002637	13	0	하긴 좋은 면도 있겠죠? 갑자기 이렇게 돼서 너무 정신없네요.	N	2022-06-22 07:06:58	2022-11-08 03:41:28
BE22002637	14	1	그렇긴 하지만 또 적응하면 금방 익숙해지고 좋을 거예요. 좋은 기회가 왔다고 생각해요.	N	2022-06-22 07:06:58	2022-11-08 03:41:28
BE22002637	15	0	따뜻한 말 감사합니다. 마음이 한결 편해졌어요.	Y	2022-06-22 07:06:58	2022-11-08 03:41:28
