id	utterance_id	utterance_type	utterance_text	terminate	regDate	updDate
BE22015411	1	0	회사는 좀 어때? 바쁜 시기인데 쉬는 게 좀 눈치가 보이네.	N	2022-08-24 00:53:47	2022-08-24 00:53:47
BE22015411	2	1	괜찮아, 신경 쓰지 말고 임신한 아내나 잘 챙겨! 부인은 좀 어때?	N	2022-08-24 00:53:47	2022-11-08 05:02:54
BE22015411	3	0	안 그래도 아내가 어제부터 계속 이유 모를 하혈 중이라 너무 불안에 떨면서 지내고 있어. 옆에서 내가 해줄 수 있는 것도 없고, 내 탓인 거 같아서 정말 미안하더라.	N	2022-08-24 00:53:47	2022-11-08 05:02:54
BE22015411	4	1	너 정말 불안하겠어, 그 모습이 눈에 선하니 더 안타깝다. 그렇다고 그게 너 잘못은 아니니까 너무 자책하지는 마, 지금도 충분히 옆에서 잘 도와주고 있잖아.	N	2022-08-24 00:53:47	2022-11-08 05:02:54
BE22015411	5	0	그래도 아내한테 너무 미안해. 불안한 마음이 커서 병원에 전화해 봤는데 내일까지 하혈하면 병원에 오래. 아내한테도 아기한테도 이상 있을까 봐 너무 불안하고, 걱정돼서 밤새 잠도 못 잤어.	N	2022-08-24 00:53:47	2022-11-08 05:02:54
BE22015411	6	1	왜 안 그러겠니, 말로만 듣는 나도 이렇게 걱정스러운데 너는 오죽하겠어. 누구나 그런 일을 겪으면 너처럼 불안해서 아무 생각도 안 날 거 같아.	N	2022-08-24 00:53:47	2022-11-08 05:02:54
BE22015411	7	0	한 번의 유산 경험이 있어서 더 불안하고 두려운 거 같아. 아내도 매일 밤 울면서 잠드는데 너무 짠하고, 제발 아무 일이 없기를 바랄 뿐이야.	N	2022-08-24 00:53:47	2022-08-24 00:53:47
BE22015411	8	1	지금 당장은 힘들겠지만 좀더 마음을 편히 먹고 버텨내고자 굳게 마음먹고 용기를 냈으면 좋겠어. 그러면 상황도 잘 해결이 될 거고 부인도 조금은 더 힘이 날 거 같아.	N	2022-08-24 00:53:47	2022-11-08 05:02:54
BE22015411	9	0	정말 그럴까? 네 말을 듣고 보니 나에겐 정말 큰 힘이 되는 거 같아. 아까보다는 좀더 잘 이겨낼 수 있을 거 같은 용기도 생겼어.	N	2022-08-24 00:53:47	2022-11-08 05:02:54
BE22015411	10	1	오히려 네가 이렇게 금방 기운 차리는 모습을 보여주니 정말 다행이고 내가 다 안심이 된다. 그런 의지만 잃지 않는다면 반드시 이겨낼 거라 믿어.	N	2022-08-24 00:53:47	2022-11-08 05:02:54
BE22015411	11	0	어디 하소연할 데도 없고 마음이 너무 답답했었거든. 너한테 이렇게 얘기하니까 마음이 많이 편해지고, 속이 후련해졌어. 너랑 대화하길 잘했단 생각이 드네.	N	2022-08-24 00:53:47	2022-11-08 05:02:54
BE22015411	12	1	그래 언제든 힘들고 어려운 일이 있으면 나한테라도 다 얘기하면서 풀어. 힘든 일을 겪었는데 말할 상대까지 없으면 더 슬프고 힘들 거 같아.	N	2022-08-24 00:53:47	2022-11-08 05:02:54
BE22015411	13	0	한창 바쁠 시간인데 내 얘기 들어주고 좋은 말까지 해줘서 정말 고마웠어. 조만간 내가 밥이라도 한번 살게.	N	2022-08-24 00:53:47	2022-11-08 05:02:54
BE22015411	14	1	나야 그럼 너무 좋지! 그때는 네가 잘 극복해낸 후여서 웃으면서 만날 수 있으면 좋겠다.	N	2022-08-24 00:53:47	2022-11-08 05:02:54
BE22015411	15	0	응, 나도 그럴 수 있도록 열심히 노력하면서 지내고 있을게. 그럼 다시 연락할게!	Y	2022-08-24 00:53:47	2022-08-24 00:53:47
