id	utterance_id	utterance_type	utterance_text	terminate	regDate	updDate
BE22014427	1	0	오늘도 야근이라니. 난시가 있어 밤 운전이 피로한데, 운전할 생각에 벌써 불안하네요.	N	2022-08-17 06:07:07	2022-11-08 04:56:49
BE22014427	2	1	안 그래도 요즘 회사가 바빠서 잦은 야근으로 피곤하신 것 같았어요. 난시가 있으시면 밤에 운전하시는 게 너무 위험하실 듯한데요?	N	2022-08-17 06:07:07	2022-11-08 04:56:49
BE22014427	3	0	그러게요. 퇴근하는 시간에는 대중교통 막차가 다 끊겨서 어쩔 수가 없어요. 밤 운전이 불가피한데 난시가 있으니 불안하고 스트레스받네요.	N	2022-08-17 06:07:07	2022-11-08 04:56:49
BE22014427	4	1	야근하신 것만으로 온 체력이 다 고갈되셨을 텐데 거기다 내내 긴장 상태로 운전까지 하셔야 한다니요. 말씀만 들어도 저까지 고된 것 같은데, 얼마나 불안하시겠어요. 저도 감정화자씨처럼 운전하고 집에 가면 그냥 뻗어버릴 것 같아요.	N	2022-08-17 06:07:07	2022-11-08 04:56:49
BE22014427	5	0	그러니까요. 회사가 제 사정을 고려해서 일을 조금만 주면 참 좋을 텐데요. 매일 불안한 상태로 밤 운전을 해야 하니 신경이 곤두서는 게 느껴져요. 그래서 다른 사람들에게 폐를 끼칠까 또 불안해지고요.	N	2022-08-17 06:07:07	2022-11-08 04:56:49
BE22014427	6	1	감정화자씨가 매일 밤 그렇게 힘든 여정을 보내시는 줄 꿈에도 몰랐어요. 아침이면 늘 웃는 얼굴로 친절하게 대해 주시니까요. 신경이 곤두선 것 같다고 느껴본 적이 없는데요.	N	2022-08-17 06:07:07	2022-11-08 04:56:49
BE22014427	7	0	정말요? 그나마 다행이네요. 요즘 같은 때에는 집에 도착하면 온몸이 다 아픈 것 같아요. 난시 때문에 긴장해서 운전하다 보면 몸에도 힘이 들어가니까요.	N	2022-08-17 06:07:07	2022-08-17 06:07:07
BE22014427	8	1	몸도 마음도 많이 지치실 것 같아 걱정돼요. 저희 회사 특성상 야근과 밤 운전이 불가피하신 상황이라 너무 안타깝고 저까지 속상하네요. 별일 없이 퇴근하실 수 있도록 제가 속으로 기도하고 있을게요.	N	2022-08-17 06:07:07	2022-11-08 04:56:49
BE22014427	9	0	감사해요. 말씀하신 것처럼 불안함이 내내 지속되니까 몸과 마음이 함께 지치더라고요. 그나마 티가 안 났다니 다행이지만요.	N	2022-08-17 06:07:07	2022-08-17 06:07:07
BE22014427	10	1	좋지 않은 컨디션에도 불구하고 늘 온화하고 다정하게 팀원들을 챙겨 주시는 모습에 새삼 감동했어요. 감정화자씨는 자기 몸과 마음을 잘 컨트롤할 줄 아시는 분 같아요. 불안과 피로한 기분이 외부에 노출되지 않는 게 정말 존경할 점이라고 생각해요.	N	2022-08-17 06:07:07	2022-11-08 04:56:49
BE22014427	11	0	정말요? 밤 운전하고 갈 생각에 또 불안하고 막막했는데, 공감화자씨가 절 칭찬해 주시니까 좋은데요. 곤두섰던 기분이 좀 녹아내리는 것 같아요.	N	2022-08-17 06:07:07	2022-11-08 04:56:49
BE22014427	12	1	제가 도움이 되었다니 다행이에요. 회사가 너무 바빠 모두가 힘들고 지친 시기인 듯해요. 저희끼리 이야기 많이 나누면서 의지할 수 있으면 좋겠어요.	N	2022-08-17 06:07:07	2022-11-08 04:56:49
BE22014427	13	0	저야 너무 감사하죠. 공감화자씨랑 대화하고 나면 언제 그랬냐는 듯 불안과 스트레스가 잠재워져요. 정말 감사드려요.	N	2022-08-17 06:07:07	2022-11-08 04:56:49
BE22014427	14	1	앞으로도 이런 이야기라면 언제든 들어드릴 수 있으니 환영이에요. 감정화자씨 같은 직장동료가 있어 정말 기쁜 거 아시죠?	N	2022-08-17 06:07:07	2022-11-08 04:56:50
BE22014427	15	0	저야말로 공감화자씨 덕분에 오늘은 밤 운전하고 나서도 조금은 덜 피로할 것 같아요. 감사해요!	Y	2022-08-17 06:07:07	2022-11-08 04:56:50
