id	utterance_id	utterance_type	utterance_text	terminate	regDate	updDate
BE22004108	1	0	안녕하세요 선배님. 다름이 아니라 제가 대구 출신인데, 사투리가 잘 고쳐지지 않아서 조언을 구하고 싶어 연락드리게 되었습니다. 제 딴엔 완벽한 서울 억양이라고 생각했는데, 아직 대구 억양이 남아 있는지 감독님께서 불만족스러워하시더라고요. 내일도 촬영이 있는데, 저도 모르게 사투리가 나오면 어쩌나 너무 걱정이 됩니다.	N	2022-06-27 07:43:46	2022-11-08 03:50:51
BE22004108	2	1	네 반갑습니다! 사장님께서 후배님이 오늘 연락을 주실 거라고 알려주셔서 기다리고 있었어요. 아무래도 사투리가 연기에 지장을 주죠. 지금 무슨 배역을 맡고 계신지 들어볼 수 있을까요?	N	2022-06-27 07:43:46	2022-11-08 03:50:51
BE22004108	3	0	네 지금 서울 출신 아나운서를 연기하고 있습니다. 만약 제가 이 배역을 잘 해내지 못하면, 앞으로 저에게 돌아올 배역들이 한정될까 봐 더욱 불안합니다. 그래서 더더욱 경상도 출신 배우로서 다양한 배역을 훌륭하게 연기하신 선배님께 조언을 듣고 싶었습니다.	N	2022-06-27 07:43:46	2022-11-08 03:50:51
BE22004108	4	1	칭찬 감사해요. 잘 찾아왔어요. 습관이란 게 고치기가 참 쉽지 않은데, 혼자서 얼마나 힘들었겠어요. 고생 많았어요. 완벽하게 준비했다고 생각했는데, 자신도 모르게 사투리 억양이 나와버려서 참 속상하고 걱정스러우셨겠어요. 그 배역을 잘 해내지 못하면 이후 배역들에도 영향을 주니까 많이 불안했을 거예요. 저도 배우로서 이해해요.	N	2022-06-27 07:43:46	2022-11-08 03:50:51
BE22004108	5	0	네... 그래도 제가 서울에서 2년 생활하면서 최대한 주변 사람들 말투를 모방해보려고 노력을 많이 했거든요. 그런데 아직도 사투리가 완전히 고쳐지지 않았다니 불안합니다. 이번 아나운서 역할도 따내기 위해 수없이 많은 아나운서 영상을 봤어요.	N	2022-06-27 07:43:46	2022-11-08 03:50:51
BE22004108	6	1	정말 대단하고, 고생 많았겠어요. 아나운서 배역을 따낼 정도면, 오디션장에서는 완벽한 서울말을 구사했겠군요. 제가 보기에 촬영을 준비할 때에는 사소한 억양까지 신경쓸 여력이 없어서 문제가 생기는 것 같아요. 암기량이 엄청나니까요.	N	2022-06-27 07:43:46	2022-11-08 03:50:51
BE22004108	7	0	선배님 말씀대로 여력이 없는 것도 맞지만 저는 제 잠을 줄여서라도 발음을 고칠 의사가 있거든요? 그런데 제가 서울에 친구나 지인이 얼마 없어서, 제 억양이 맞는지 확인을 받을 수가 없었어요. 그래서 더 자신 없고 불안했나 봐요.	N	2022-06-27 07:43:46	2022-11-08 03:50:51
BE22004108	8	1	그랬군요. 그럼 억양을 전문적으로 체크해 줄 사람을 고용하는 것을 추천해요. 과거의 저처럼요. 반복해서 틀리는 억양 같은 것들을 전문적으로 교정 받으면 확실히 달라져요. 둘째로는 불안한 마음을 내려놓아야 해요.	N	2022-06-27 07:43:46	2022-11-08 03:50:51
BE22004108	9	0	불안한 마음을 내려놓아야 한다고요?	N	2022-06-27 07:43:46	2022-11-08 03:50:51
BE22004108	10	1	네 불안하니까 자신도 모르게 자신이 익숙했던 억양이 튀어나오는 거예요. 걱정이 많으면 암기했던 억양조차 깜빡할 수 있어요. 사실 굉장히 뻔한 얘기 같지만 지금 상황에 굉장히 필요한 조언이라 생각해요.	N	2022-06-27 07:43:46	2022-11-08 03:50:51
BE22004108	11	0	아니에요. 선배님 말씀이 옳은 게, 제가 불안해하면 할수록 실수가 잦아지더라고요. 그럼 더 불안해지고요. 악순환이 되더라고요. 그런데 제가 지금껏 안고 있던 불안한 마음을 내려놓을 수 있을까요?	N	2022-06-27 07:43:46	2022-11-08 03:50:51
BE22004108	12	1	연기로 우리 소속사에 스카우트 될 정도로 뛰어난 후배님 연기력이라면 분명 해낼 수 있어요! 제가 보장해요. 특기인 연기를 한다고 생각하고, 세상에서 제일 여유롭고 하나도 불안하지 않은 것처럼 행동해봐요. 제 눈이 틀리지 않았다면 충분히 할 수 있어요.	N	2022-06-27 07:43:46	2022-11-08 03:50:51
BE22004108	13	0	선배님께서 그렇게 말씀해주시니, 정말 자신감이 생기는 것 같아요! 앞으로 세상에서 제일 자신감 넘치고 걱정 따윈 없는 배우가 되어 볼게요.	N	2022-06-27 07:43:46	2022-11-08 03:50:51
BE22004108	14	1	도움이 되었다니 기뻐요. 저도 어릴 때 그렇게 해서 그 문제를 극복했어요. 후배님도 잘 해결되었으면 좋겠네요!	Y	2022-06-27 07:43:46	2022-11-08 03:50:51
