id	utterance_id	utterance_type	utterance_text	terminate	regDate	updDate
BE22000724	1	0	요새 눈이 아파서 일찍 자느라, 대리님이 보낸 메시지를 너무 늦게 봤어요.	N	2022-06-13 07:27:17	2022-11-08 03:28:56
BE22000724	2	1	얼마 전 시력교정 수술을 한 게 아직 회복이 안 된 거예요?	N	2022-06-13 07:27:17	2022-11-08 03:28:56
BE22000724	3	0	통증이나 충혈은 가라앉았는데, 눈이 건조하고 뻑뻑해서 많이 불편해요. 한편으론 괜히 수술했나 싶기도 해요.	N	2022-06-13 07:27:17	2022-11-08 03:28:56
BE22000724	4	1	수술했던 병원에 가서 상담은 받아봤어요?	N	2022-06-13 07:27:17	2022-11-08 03:28:56
BE22000724	5	0	네, 담당 의사 선생님이 한동안 불편할 거라고 말씀은 해주셨어요. 꾸준히 찜질도 하고, 인공눈물도 사용하라고요.	N	2022-06-13 07:27:17	2022-11-08 03:28:56
BE22000724	6	1	특히나 요새 날씨가 건조하고 꽃가루가 많아서 더 그럴 거예요.	N	2022-06-13 07:27:17	2022-11-08 03:28:56
BE22000724	7	0	이런 불편함이 생기니 생각이 많아져요. 괜히 돈만 버린 건 건 아닌가 싶고요.	N	2022-06-13 07:27:17	2022-11-08 03:28:56
BE22000724	8	1	손가락을 칼로 베어도 한참 회복이 되야 하는데, 얇은 각막을 수술한 거예요?더 오래 걸리겠지요.	N	2022-06-13 07:27:17	2022-11-08 03:28:56
BE22000724	9	0	그렇겠지요? 안경을 벗으니 예뻐 보인다는 말을 많이 듣는 건 좋아요.	N	2022-06-13 07:27:17	2022-11-08 03:28:56
BE22000724	10	1	안경 벗으니정말 예뻐 보이더라요. 감정화자씨 눈이 그렇게 크고 예쁜 줄 몰랐어요.	N	2022-06-13 07:27:17	2022-11-08 03:28:56
BE22000724	11	0	다들 성형했냐며 놀랄 땐 기분이 정말 좋긴 해요.	N	2022-06-13 07:27:17	2022-11-08 03:28:56
BE22000724	12	1	두꺼운 안경에 가려져 있던 미모가 이제야 빛을 발하던데요.	N	2022-06-13 07:27:17	2022-11-08 03:28:56
BE22000724	13	0	다시 안경을 안 쓰려면 지금 잘 관리를 해야 할 것 같아요.	N	2022-06-13 07:27:17	2022-11-08 03:28:56
BE22000724	14	1	그럼요. 당분간 컴퓨터나 스마트폰을 오래 사용하지 말고, 충분한 수면을 취하는 게 좋겠어요.	N	2022-06-13 07:27:17	2022-11-08 03:28:56
BE22000724	15	0	네, 요새 그렇게 했더니 훨씬 나아졌어요.	N	2022-06-13 07:27:17	2022-11-08 03:28:56
BE22000724	16	1	다행이네요. 시간이 조금 지나면 걱정이 기쁨으로 바뀔 테니 너무 걱정하지 마세요.	Y	2022-06-13 07:27:17	2022-11-08 03:28:56
