id	utterance_id	utterance_type	utterance_text	terminate	regDate	updDate
BE22004157	1	0	아이와 병원에 다녀왔고 집이에요.	N	2022-06-27 09:25:22	2022-11-08 03:51:09
BE22004157	2	1	아 그래서 반 차를 냈구나. 왜 어디가 아픈데 그래?	N	2022-06-27 09:25:22	2022-11-08 03:51:09
BE22004157	3	0	얼마 전에 학교에서 단체로 척추가 바른지 알아보는 자세 검사를 받았어요. 우리 애가 거북 목이 심하니 정밀 검사를 받아야 한다는 회신이 온 거예요. 그래서 부리나케 대학 병원 예약을 하고 검사를 받았는데 목 디스크래요.	N	2022-06-27 09:25:22	2022-11-08 03:51:09
BE22004157	4	1	디스크는 어른도 힘이 드는 데 그동안 아프진 않았었나. 이 주임도 아이가 아프다니 걱정이 많지? 애들 아프면 부모 마음이 몇 배는 더 쪼그라들고 힘든 건데 어떡하냐.	N	2022-06-27 09:25:22	2022-11-08 03:51:09
BE22004157	5	0	얘는 두통이 가끔 있기는 해서 시험 때문에 스트레스를 받았나 했죠. 어쩐지 책상 앞에서 고개를 까딱거리기에 몇 번 주의를 준 적이 있기는 한데. 월말이라 일이 많은 데다가 디스크일 줄은 상상도 못했어서 지금 정신이 하나도 없어요.	N	2022-06-27 09:25:22	2022-11-08 03:51:09
BE22004157	6	1	애가 아프면 무슨 일이든 손에 잡히지 않는 법이지. 작년에 애가 코로나여서 같이 격리 시설 들어가서 자기가 사정 봐줬잖아. 나도 힘 닿는 데까지 일 도울 테니까 일은 신경 쓰지 말고 애한테 집중해.	N	2022-06-27 09:25:22	2022-11-08 03:51:09
BE22004157	7	0	그렇게 말씀해 주셔서 고마워요. 의사들은 최악을 말을 해서 저는 심장이 멈추는 것 같았어요. 왜 나한테 이런 일이 일어나나 장기간 치료를 받아야 한다니 겁도 나고.	N	2022-06-27 09:25:22	2022-11-08 03:51:09
BE22004157	8	1	왜 안 그렇겠어? 아이가 부모의 아킬레스건이니 본인 아픈 거보다 힘든 게 당연하지. 옆에 있다면 내가 그 마음 다 안다고 토닥이고 싶어.	N	2022-06-27 09:25:22	2022-11-08 03:51:09
BE22004157	9	0	이미 그러고 계세요. 회사에 여자는 우리 둘뿐이니 얼마나 큰 의지가 되는지 몰라요. 우리 아이도 치료받으면 나아지겠지요 후유증이 생기거나 하지 않겠지요?	N	2022-06-27 09:25:22	2022-11-08 03:51:09
BE22004157	10	1	이 주임이 그 어려운 일도 되게 하는 회사의 에이스인 거 잊은 거야? 무슨 일이든 거침없는 사람이잖아. 꼭 나을 거고 늘 그렇듯 본인과 아이가 가진 저력을 믿고 앞으로 나가.	N	2022-06-27 09:25:22	2022-11-08 03:51:09
BE22004157	11	0	회사와 육아는 많이 다른가 봐요. 자꾸 자신이 없고 안 좋은 생각이 들어요. 내가 너무 공부를 다그쳤나 싶은 후회도 들고요.	N	2022-06-27 09:25:22	2022-11-08 03:51:09
BE22004157	12	1	모든 맞벌이 부모가 겪는 고민이긴 하지. 나도 겪어 본 일이기도 해서 너무 공감 되고 절로 안쓰러운 마음이 드네. 그래도 내일부터는 긍정과 희망의 생각을 채워서 아이와 나눠서 잘 치료 받아 보자.	N	2022-06-27 09:25:22	2022-11-08 03:51:09
BE22004157	13	0	그렇긴 하죠. 결국 상황은 벌어졌고 제가 축 늘어진 채라면 아이에게도 감정이 전염 되겠죠. 오늘까지만 상심하고 어서 힘내서 잘 이겨 내야죠.	N	2022-06-27 09:25:22	2022-11-08 03:51:09
BE22004157	14	1	다시 의지를 가진 이 주임을 나도 물심양면으로 도울 테니 힘내자 우리.	N	2022-06-27 09:25:22	2022-11-08 03:51:09
BE22004157	15	0	네 내일 회사에서 봬요.	Y	2022-06-27 09:25:22	2022-11-08 03:51:09
