id	utterance_id	utterance_type	utterance_text	terminate	regDate	updDate
BE22016880	1	0	딸아이 체중이 너무 많이 나가서 걱정이에요. 학교에서 실시한 건강검진 결과지에 과체중이라고 적혀있어서 괜히 마음이 불안해지네요.	N	2022-09-01 09:28:05	2022-09-01 09:28:05
BE22016880	2	1	애들은 잘 먹고 모습이 포동포동해도 귀여운데 결과 보시고 많이 놀라고 속상하셨겠어요. 아이를 키우다 보면 생각지도 못한 고민이 많이 생기는 거 같아요.	N	2022-09-01 09:28:05	2022-11-08 05:12:00
BE22016880	3	0	그러게요. 안 그래도 제 눈에는 과해 보이지 않았고 너무 예뻐 보이거든요. 살짝 충격받기도 하고 덜컥 겁이 나서 불안하네요.	N	2022-09-01 09:28:05	2022-11-08 05:12:00
BE22016880	4	1	늘 사랑스러운 우리 아이가 어느 날부터 살이 불어간다면 걱정이 클 것 같아요. 아이 체중이 점점 증가하니 손 놓고 있을 수도 없고 고민이 많으시겠어요.	N	2022-09-01 09:28:05	2022-11-08 05:12:00
BE22016880	5	0	그동안은 음식 가리고 잘 안 먹는 것만 문제라고 생각해서 신경 썼거든요. 잘 먹어도 또 다른 걱정거리가 생기네요.	N	2022-09-01 09:28:05	2022-11-08 05:12:00
BE22016880	6	1	훅훅 크는 아이인데 안 먹일 수도 없고 정말 난감하고 마음이 무거울 거 같아요. 성장기 아이라 영양 섭취도 소홀히 하지 않으면서 체중 조절도 신경 써야 하니 쉬운 일이 없네요.	N	2022-09-01 09:28:05	2022-11-08 05:12:00
BE22016880	7	0	무엇보다 놀림당할까 봐 걱정이에요. 살진 모습 때문에 자존감도 떨어져서 스트레스받을까 봐요.	N	2022-09-01 09:28:05	2022-11-08 05:12:00
BE22016880	8	1	한참 외모에 관심 가질 시기라 무척 걱정되실 거 같아요. 아이가 상처받는 모습 보면 부모 마음이 더 찢어지잖아요. 그래도 긍정적인 마음이 제일 중요하니까 자신감 가질 수 있도록 격려해 주시면 좋을 거 같아요.	N	2022-09-01 09:28:05	2022-11-08 05:12:00
BE22016880	9	0	네. 그렇지만 생각해 보니 제가 그리 만든 거 같기도 해요. 먹고 싶다고 할 때 시간 상관없이 만들어서 먹였거든요. 제가 신경 못써준 거 같아서 속상하고 딸한테 너무 미안해지네요.	N	2022-09-01 09:28:05	2022-09-01 09:28:05
BE22016880	10	1	그저 먹는 모습이 이쁘고 잘 먹고 행복해 보이기 때문에 살짝 놓쳤던 것뿐인걸요. 맛있는 걸 많이 먹이고 싶은 게 당연한 부모 마음인데 너무 자책하지 않으셨으면 좋겠어요.	N	2022-09-01 09:28:05	2022-09-01 09:28:05
BE22016880	11	0	어릴 때 비만이 성인 비만으로 이어진다고 하던데, 성조숙증도 무섭고. 어떻게 관리해 줘야 할지 모르겠어요.	N	2022-09-01 09:28:05	2022-11-08 05:12:00
BE22016880	12	1	저였어도 혼란스럽고 어디서부터 시작해야 할지 막막한 기분이 들 거 같아요. 그래도 지금부터 조금씩 관리해 주시면 되니 미리부터 너무 걱정하지 마세요. 식단 조절해 주시고 운동 잘 병행하면 크는 아이들이라 나중에 키로 갈 수 있을 거예요.	N	2022-09-01 09:28:05	2022-11-08 05:12:00
BE22016880	13	0	그럴까요? 그러면 정말 다행인데 요즘 코로나 때문에 집에만 있다 보니 활동량이 적어서 더 쪘나 봐요. 운동시키기에는 아이의 의지도 부족할 수 있어서 더 걱정되네요.	N	2022-09-01 09:28:05	2022-11-08 05:12:00
BE22016880	14	1	사실은 저도 어릴 때 뚱뚱했었는데 부모님이 옆에서 응원해 주셔서 큰 힘이 됐거든요. 아이들 체중 빼기 어렵다고 하지만 감정화자님이 옆에서 도와주시면 분명 이겨낼 수 있을 거예요. 조금씩 노력하다 보면 자신감도 생기고 건강한 습관 익힐 수 있을 테니 기운 내세요.	N	2022-09-01 09:28:05	2022-11-08 05:12:00
BE22016880	15	0	정말요? 지금 모습으로는 전혀 상상도 못 했어요. 그래도 그 얘기 들으니 한숨 놓이고 희망이 보이네요. 저도 피곤해도 함께 운동이고 아이가 포기하지 않도록 곁에서 항상 응원해야겠어요.	Y	2022-09-01 09:28:05	2022-11-08 05:12:00
