id	utterance_id	utterance_type	utterance_text	terminate	regDate	updDate
BE22018017	1	0	저 어제 자동차 엔진 오일을 교환하러 갔다가 브레이크까지 교체하고 왔어요. 돈이 꽤 나왔는데 혹시 필요도 없는데 속아서 교체한 건 아닌가 싶어서 불안해요.	N	2022-09-13 12:30:54	2022-09-13 12:30:54
BE22018017	2	1	저도 그런 경험이 있어서 감정화자님 마음이 정말 이해돼요. 저도 잘 모르는 분야에 있어서는 정말 누구 말을 믿어야 할지 모르겠고 불안하더라고요.	N	2022-09-13 12:30:54	2022-11-08 05:18:53
BE22018017	3	0	브레이크는 이전에도 잘 되어서 전혀 문제없다고 생각했거든요. 그런데 이대로 계속 쓰면 큰 사고가 날 수도 있다고 하더라고요. 불안한 마음에 바꿔버렸는데 상술에 당한 건가 싶어 오히려 더 불안해졌어요.	N	2022-09-13 12:30:54	2022-11-08 05:18:53
BE22018017	4	1	돈이 조금 들었더라도 감정화자님 안전이 가장 중요한 거니 잘하셨어요. 그리고 이왕 교체하셨으니 너무 의심하지 말고 마음을 편하게 가져보세요.	N	2022-09-13 12:30:54	2022-11-08 05:18:53
BE22018017	5	0	지난번에 과잉 진료로 멀쩡한 치아를 뽑은 치과에 대한 기사를 본 적이 있거든요. 지금 제 상황이 딱 그런 게 아닌가 싶어서 불안한 마음이에요.	N	2022-09-13 12:30:54	2022-11-08 05:18:53
BE22018017	6	1	마음이 불안할 땐 그저 내가 한 행동이 옳은 것이었다고 믿어보는 게 좋아요. 돌이킬 수 없는 과거의 일로 불안해하기보다 미래에 같은 불안을 겪지 않도록 하는 데에 집중해보세요.	N	2022-09-13 12:30:54	2022-11-08 05:18:53
BE22018017	7	0	오히려 멀쩡한 브레이크를 바꿔서 자동차에 문제가 생기진 않겠죠? 사고라도 날까봐 괜히 걱정돼요.	N	2022-09-13 12:30:54	2022-09-13 12:30:54
BE22018017	8	1	우리가 하는 걱정의 대부분은 일어날 가능성이 정말 낮은 상황에 대한 거래요. 너무 걱정 말고 오히려 안전할 거라고 속으로 되뇌어보세요. 낡은 브레이크를 새것으로 바꿨으니 오히려 훨씬 안전해졌을 거예요.	N	2022-09-13 12:30:54	2022-11-08 05:18:53
BE22018017	9	0	네, 공감화자님이 그렇게 말씀해주시니까 그런 것 같기도 하네요.	N	2022-09-13 12:30:54	2022-11-08 05:18:54
BE22018017	10	1	감정화자님이 아직 운전하신 지 오래되지 않아서 더 불안하고 걱정되는 마음 잘 이해해요. 그런데 과도한 불안이 더 위험하다고 생각해요. 항상 조심하되 마음은 편하게 가져보세요.	N	2022-09-13 12:30:54	2022-11-08 05:18:54
BE22018017	11	0	네, 조언 고마워요. 제가 이런 경험이 처음이라 너무 걱정이 많았나 봐요. 이제 좀 괜찮아졌어요.	N	2022-09-13 12:30:54	2022-11-08 05:18:54
BE22018017	12	1	마음이 좀 놓이신다니 다행이네요. 앞으로 출퇴근하실 때마다 힘드시면 어쩌나 걱정했거든요.	N	2022-09-13 12:30:54	2022-11-08 05:18:54
BE22018017	13	0	아니에요. 공감화자님 덕분에 불안한 마음이 많이 잠재워졌어요. 고마워요.	N	2022-09-13 12:30:54	2022-11-08 05:18:54
BE22018017	14	1	네, 마음이 힘들고 어려우실 땐 언제든지 알려주시고요, 오늘 업무도 파이팅하고 칼퇴근하시죠!	Y	2022-09-13 12:30:54	2022-11-08 05:18:54
