id	utterance_id	utterance_type	utterance_text	terminate	regDate	updDate
BE22014949	1	0	감정화자님, 업무 외 이야기지만 제 이야기 좀 들어주실 수 있을까요? 전 동생이 준비물을 항상 잊어버려서 제가 매일 학교에 갖다줘야 해요. 그래서 회사에 지각하면 사정을 말하기도 그런데 인사 고과에 영향이 미치게 될까 봐 불안하네요.	N	2022-08-19 16:49:05	2022-11-08 05:00:04
BE22014949	2	1	그런 사정이 있으셨군요, 전혀 몰랐는데 많이 힘드시겠어요. 동생이 아주 어린가 본데 그렇게 잘 챙겨주시고 정말 대단하세요. 제가 봐도 인사 고과에 영향을 줄 정도는 아니니 마음을 편하게 먹으시는 게 좋을 것 같아요.	N	2022-08-19 16:49:05	2022-11-08 05:00:04
BE22014949	3	0	그럴까요. 어제와 오늘까지 연속으로 동생 때문에 지각하니 눈치가 보이는 건 어쩔 수가 없나 봐요. 저의 동생이지만 참 왜 이러는가 싶기도 하면서 너무 속상한 마음이 생겼나 봐요.	N	2022-08-19 16:49:05	2022-11-08 05:00:04
BE22014949	4	1	당연하죠, 본인의 일로 지각한 게 아니라 억울한 마음이 드실 것 같아요. 그런데 회사에는 사정도 못 말하는 심정이니 얼마나 답답하시겠어요. 저도 사정을 몰랐을 때는 감정화자님을 많이 걱정할 정도였으니까요.	N	2022-08-19 16:49:05	2022-11-08 05:00:04
BE22014949	5	0	그렇군요, 다들 저를 걱정하시는 게 눈에서도 느껴져서 저도 너무 죄송한 마음이에요. 그리고 부장님의 눈초리가 너무 신경 쓰여서 이렇게 불안에 떨고 있는 거예요.	N	2022-08-19 16:49:05	2022-11-08 05:00:04
BE22014949	6	1	부장님도 많이 안타까워하시는 것 같아요. 이렇게 지각을 자주 할 분이 아닌데 요즘 그런 경우가 많으니 걱정하시는 것 같았어요. 사람이 이유를 모르면 오해하기 마련이라서 오해를 푸는 게 가장 중요하긴 한 것 같아요.	N	2022-08-19 16:49:05	2022-11-08 05:00:04
BE22014949	7	0	오해가 풀리지 않는 이상 평가가 좋지 않게 나올 것 같은 생각에 불안한 마음이 들어요. 부장님께는 저의 사정을 말하고 싶지만, 동생 때문에 늦었다는 게 핑계같이 들릴 것 같아요. 그래서 아직도 많이 망설이고 있는 거고요.	N	2022-08-19 16:49:05	2022-11-08 05:00:04
BE22014949	8	1	그렇군요, 말하기 힘드신 것이 마음에 느껴져서 제가 다 안타까워요. 그래도 부장님이 감정화자님을 좋게 보고 있으니 상세히 이유를 설명한다면 이해해주실 것 같아요. 그러니 조금만 더 힘을 내시면 좋은 결과가 있을 거예요.	N	2022-08-19 16:49:05	2022-11-08 05:00:04
BE22014949	9	0	그렇게만 된다면 제가 더 이상 바랄 게 없을 거예요. 저의 지각에 이유도 모르고 걱정해주시는 분들에게도 죄송한 마음뿐이에요. 고민 중이지만 부장님께 말씀드려서 어이없어하시더라도 알리는 게 맞는다는 생각이 들기도 하고요.	N	2022-08-19 16:49:05	2022-11-08 05:00:04
BE22014949	10	1	무척 고민되시겠지만, 참 좋은 생각인 것 같네요. 그런 용기가 나셔서 감정화자님의 고민이 해결되기만을 바랄 뿐이에요. 감정화자님이 요즘 표정이 많이 안 좋아 보이셔서 정말 걱정이 많이 되었거든요.	N	2022-08-19 16:49:05	2022-11-08 05:00:04
BE22014949	11	0	그랬군요, 저도 모르게 불안하고 걱정이 되어서 회사에서 잘 웃지 못했나 봐요. 역시 자기 얼굴은 남이 보고 있으니 신경 써야 하는데 그런 여유도 없이 살았나 봐요. 말해주셔서 감사합니다.	N	2022-08-19 16:49:05	2022-11-08 05:00:04
BE22014949	12	1	제 말을 듣고 그렇게 생각해주시는 게 더 감사한걸요. 어떻게 말씀드릴지 고민을 많이 했는데. 제 말을 듣고 기분 상해하지 않고, 감사하다고 해주셔서 너무 다행이에요.	N	2022-08-19 16:49:05	2022-11-08 05:00:04
BE22014949	13	0	당연히 감사하죠. 오늘도 제가 불안을 해결할 방법이 없어서 공감화자님께 말을 걸어서 고민을 상담한 거잖아요. 문자 속에서 저를 응원하고 격려해주시는 것을 보며 힘이 났어요. 연락하길 잘했다는 생각이 들어요.	N	2022-08-19 16:49:05	2022-11-08 05:00:04
BE22014949	14	1	저와의 문자를 통해서 불안이 많이 해소되셨다면 그것이야말로 제가 바란 일이에요. 정말 얼마나 다행인지 모르겠네요. 사실 얼마나 불안하셨으면 저에게까지 털어놓으신 건가, 하는 생각이 들어서 제가 더 속상했었어요.	N	2022-08-19 16:49:05	2022-11-08 05:00:04
BE22014949	15	0	그렇게 생각해 주시니 너무 감사해요. 말은 안 해도 제가 정말 고민이 크고 힘들어서 많이 불안에 떨었나 봐요. 그런데 공감화자님과 이야기를 나누면서 스트레스가 풀리고, 해답을 찾을 힘을 받았어요.	Y	2022-08-19 16:49:05	2022-11-08 05:00:04
