id	utterance_id	utterance_type	utterance_text	terminate	regDate	updDate
BE22001280	1	0	야. 대리님 무슨 일인지 알아? 아침부터 한숨이 온 사무실에 다 울려퍼지는데?	N	2022-06-14 08:45:50	2022-11-08 03:32:41
BE22001280	2	1	그러게. 나도 아침에 출근하면서 보는데 되게 심란해 보이시더라고.	N	2022-06-14 08:45:50	2022-11-08 03:32:41
BE22001280	3	0	설마 이번에 업무 평가하는 것 때문에 날카로우신 거 아냐? 대리님 업무에 관해서 요즘 말이 많던데.	N	2022-06-14 08:45:50	2022-11-08 03:32:41
BE22001280	4	1	그럴 수도 있겠다. 괜히 너한테 뭐라고 하는 건 아니실 테니까. 네가 좀 걱정스럽겠는걸.	N	2022-06-14 08:45:50	2022-11-08 03:32:41
BE22001280	5	0	맞아. 괜히 나는 나한테 불똥 튀는 것 같아서 걱정스러운거지 뭐.	N	2022-06-14 08:45:50	2022-11-08 03:32:41
BE22001280	6	1	너도 아침부터 괜히 신경 쓰이고 기분 상했겠다. 나도 이런데 너는 같은 사무실 쓰니까 더 불안하고 신경 쓰이겠어.	N	2022-06-14 08:45:50	2022-11-08 03:32:41
BE22001280	7	0	그러니까. 예전에는 그러지 않으셨는데. 요즘에는 과장님 일까지 쳐내다 보니 실수가 잦아지신 것 같아. 더 신경이 곤두서 있으신 것 같고.	N	2022-06-14 08:45:50	2022-11-08 03:32:41
BE22001280	8	1	그렇지. 나라도 그런 상황에서는 신경이 날카로워질 수밖에 없을 것 같아.	N	2022-06-14 08:45:50	2022-11-08 03:32:41
BE22001280	9	0	과장님은 왜 이렇게 바쁜 시기에 재택근무를 하신다고 하시는 건지 도저히 알 수 없어.	N	2022-06-14 08:45:50	2022-11-08 03:32:41
BE22001280	10	1	그러게말이다. 그래도 다 너랑 대리님 믿고 그러시는 거지.	N	2022-06-14 08:45:50	2022-11-08 03:32:41
BE22001280	11	0	괜히 남아있는 우리만 고생이잖아.	N	2022-06-14 08:45:50	2022-11-08 03:32:41
BE22001280	12	1	그래도 다행인 게, 너는 또 대리님이 방패가 되어주잖아. 대리님은 눈코 뜰 새 없이 바빠 보이시더라고.	N	2022-06-14 08:45:50	2022-11-08 03:32:41
BE22001280	13	0	생각해보니 또 그렇네... 나는 내 생각만 또 하고 있었는데. 대리님이 어떨지는 생각도 못하고 있었어.	N	2022-06-14 08:45:50	2022-11-08 03:32:41
BE22001280	14	1	하하. 점심 먹고 커피라도 한잔 사드리면서 얘기라도 좀 들어드리는 건 어때? 그럼 대리님도 좀 풀려서 네가 대리님 때문에 마음 상할 일이 줄어들 것 같은데.	N	2022-06-14 08:45:50	2022-11-08 03:32:41
BE22001280	15	0	좋은 생각이다. 대리님도 기분을 좀 어딘가 푸실 데가 있어야지. 고마워!	Y	2022-06-14 08:45:50	2022-11-08 03:32:41
