id	utterance_id	utterance_type	utterance_text	terminate	regDate	updDate
BE22003610	1	0	저 이직 결정한 거 아시죠? 그래서 요즘 자격증 공부를 하고 있어요.	N	2022-06-25 10:08:33	2022-11-08 03:47:40
BE22003610	2	1	정말요? 좋은 결정이에요. 감정화자씨는 여기에 있기 너무 아까운 인재예요.	N	2022-06-25 10:08:33	2022-11-08 03:47:40
BE22003610	3	0	다른 분들도 그렇게 생각하실까요? 배은망덕하다고 욕할지도 몰라요.	N	2022-06-25 10:08:33	2022-11-08 03:47:40
BE22003610	4	1	욕 하긴요! 감정화자씨가 얼마나 저희 회사를 위해서 노력하셨어요. 감정화자씨가 따낸 계약만 몇 건인데, 아무도 그렇게 생각하지 않을 거예요.	N	2022-06-25 10:08:33	2022-11-08 03:47:40
BE22003610	5	0	그렇다면 다행이에요. 사실 이직 준비에 스트레스를 많이 받고 있어요. 더 좋은 곳으로 갈 수 있을지 매일 밤 불안해서 잠이 안 온다니까요.	N	2022-06-25 10:08:33	2022-11-08 03:47:40
BE22003610	6	1	아무래도 미래가 불확실하니까요. 저라도 불안할 것 같아요. 특히 요즘은 취업 시장이 안정적인 게 아니라 더욱 그럴 듯해요.	N	2022-06-25 10:08:33	2022-11-08 03:47:40
BE22003610	7	0	그러니까요. 다니던 곳 그냥 잘 다닐걸, 백수 되어서 그런 후회나 하고 있을까 봐 겁나요.	N	2022-06-25 10:08:33	2022-11-08 03:47:40
BE22003610	8	1	감정화자씨가 백수가 될 일은 없을 거예요. 능력 좋지, 성격 좋지, 마음씨 곱지, 체력 좋지. 뭐 하나 빠지는 게 없는 분이니 분명 다른 회사에서 채용할 거예요.	N	2022-06-25 10:08:33	2022-11-08 03:47:40
BE22003610	9	0	그렇게 말씀해 주시니까 자신감이 샘솟는데요? 정말 감사해요.	N	2022-06-25 10:08:33	2022-11-08 03:47:40
BE22003610	10	1	빈말이 아니라 진심이에요! 저는 감정화자씨 곁에서 얼마나 많은 걸 배웠는지 몰라요. 감정화자씨 같은 직장 동료를 만난 건 제 인생에 큰 행운이에요.	N	2022-06-25 10:08:33	2022-11-08 03:47:40
BE22003610	11	0	지금 공감화자씨의 이런 말들이 얼마나 큰 힘이 되는지 정말 모르실 거예요. 너무 감사드립니다.	N	2022-06-25 10:08:33	2022-11-08 03:47:40
BE22003610	12	1	제가 더 감사하죠. 그동안 고생 많으셨어요. 더 좋은 곳에서 훨훨 나실 분이니, 스스로를 믿고 너무 불안해 마세요.	N	2022-06-25 10:08:33	2022-11-08 03:47:40
BE22003610	13	0	오늘 이 대화로 모든 불안이 눈 녹듯이 지워졌어요. 자격증 따고 나면 맛있는 밥 쏠게요.	N	2022-06-25 10:08:33	2022-11-08 03:47:40
BE22003610	14	1	정말요? 그럼 저는 공감화자씨 재취업 성공하고 나면 근사한 밥 사면 되겠네요.	N	2022-06-25 10:08:33	2022-11-08 03:47:40
BE22003610	15	0	좋죠. 상상만 해도 즐거워요. 오늘 이야기 들어주셔서 정말 감사해요.	Y	2022-06-25 10:08:33	2022-11-08 03:47:40
