id	utterance_id	utterance_type	utterance_text	terminate	regDate	updDate
BE22003575	1	0	어떡하지, 거래처에서 이메일 회신이 아직까지 안 와.	N	2022-06-25 06:42:50	2022-11-08 03:47:26
BE22003575	2	1	정말? 그거 내일까지 확인하고 보고해야 하잖아. 이메일 보낸 지 얼마나 됐어?	N	2022-06-25 06:42:50	2022-11-08 03:47:26
BE22003575	3	0	3일 전에 보냈어. 너무 초조하다. 왜 아직 답을 안 주는 거야?	N	2022-06-25 06:42:50	2022-11-08 03:47:26
BE22003575	4	1	걱정하지 마, 이러다가 갑자기 올 수도 있어. 나도 저번에 걱정했는데 점심 먹고 오니까 와있더라.	N	2022-06-25 06:42:50	2022-11-08 03:47:26
BE22003575	5	0	만약에 오늘까지도 안 오면 어떡하지? 팀장님한테 뭐라고 말씀드려야 할지 감도 안 와. 어떡해.	N	2022-06-25 06:42:50	2022-11-08 03:47:26
BE22003575	6	1	걱정 마. 아무래도 휴가철이기도 하고, 팀장님께는 상황 잘 말씀드리면 일을 조정해주실 거야.	N	2022-06-25 06:42:50	2022-11-08 03:47:26
BE22003575	7	0	정말 그러실까? 어젯밤도 불안해서 잠도 안 오더라.	N	2022-06-25 06:42:50	2022-11-08 03:47:26
BE22003575	8	1	거기 휴가 갈 때 말 안 하고 가기로 유명하잖아, 네 잘못 아니야. 정 초조하면 전화해보는 게 어떨까?	N	2022-06-25 06:42:50	2022-11-08 03:47:26
BE22003575	9	0	그럴까? 그렇지만 난 전화를 잘 못하겠어. 너무 긴장돼.	N	2022-06-25 06:42:50	2022-11-08 03:47:26
BE22003575	10	1	너무 걱정하지 마, 차분하게 천천히 설명하면 잘 말씀해 주실 거야. 너무 힘들면 내가 도와줄까?	N	2022-06-25 06:42:50	2022-11-08 03:47:26
BE22003575	11	0	그렇게 말해줘서 고마워, 우선은 해볼게. 제발 무사히 해결됐으면 좋겠다.	N	2022-06-25 06:42:50	2022-11-08 03:47:26
BE22003575	12	1	괜찮아, 어느 상황이든지 네가 곤란한 상황은 오지 않을 거야. 너랑 비슷한 일 있어봐서 내가 장담해.	N	2022-06-25 06:42:50	2022-11-08 03:47:26
BE22003575	13	0	조금 마음이 놓이는 것도 같아. 점심까지 기다려보고 그래도 안 오면 전화해볼게.	N	2022-06-25 06:42:50	2022-11-08 03:47:26
BE22003575	14	1	막상 하고 보면 별거 아닐 거야, 마음 편하게 먹고 전화를 해야 한다면 그때 같이 생각해보자.	N	2022-06-25 06:42:50	2022-11-08 03:47:26
BE22003575	15	0	응, 그렇게 할게. 바쁜데 들어줘서 고마워.	Y	2022-06-25 06:42:50	2022-11-08 03:47:26
