id	utterance_id	utterance_type	utterance_text	terminate	regDate	updDate
BE22018500	1	0	어젯밤 잘 잤어요? 오늘 일찍 나와야 할 텐데 괜찮나요? 회사일은 마음대로 할 수 있는 게 없어 스트레스 받네요.	N	2022-09-16 05:35:18	2022-09-16 05:35:18
BE22018500	2	1	네 지금 나갈 채비 중이에요. 잠은 잘 주무셨어요? 이런 일이 잦아지면 많이 피곤하시죠?	N	2022-09-16 05:35:18	2022-09-16 05:35:18
BE22018500	3	0	저는 어제 3시간도 못 잤어요. 오늘 오전 회의 자료 끝내고 나니 새벽이더라고요. 서둘러 나가야 해서 준비를 제대로 잘했는지 불안하네요.	N	2022-09-16 05:35:18	2022-09-16 05:35:18
BE22018500	4	1	많이 피곤하시죠. 대리님이 맡은 업무가 너무 많은 것 같아서 더 힘드실 거 같아요. 안 그래도 밤낮없이 정말 열심히 일하시는데 오늘은 또 오전 일찍 회의라니. 정말 너무들 한 것 같아요.	N	2022-09-16 05:35:18	2022-09-16 05:35:18
BE22018500	5	0	잠을 제대로 못 자서 그런지 아무래도 좀 힘드네요. 이런 정신 상태로 회의는 잘 할 수 있을지도 모르겠어요. 제 능력 부족인가 싶기도 해요.	N	2022-09-16 05:35:18	2022-09-16 05:35:18
BE22018500	6	1	항상 대리님이 일을 체계적으로 잘해서 회사에서 거는 기대가 큰 것 같아요. 대리님의 발표는 언제나 완벽해서 그 부분은 걱정 안 하셔도 될 것 같아요. 저도 카리스마 넘치는 대리님께 많이 배우고 의지하고 있으니 조금만 기운 내세요.	N	2022-09-16 05:35:18	2022-11-08 05:21:49
BE22018500	7	0	그렇게 칭찬해 주시니까 힘이 나네요. 저를 이렇게 응원해 주는 분이 있다는 생각에 책임감이 생기면서 정신이 번쩍 드는 아침이네요. 조금 더 집중해 봐야겠어요.	N	2022-09-16 05:35:18	2022-11-08 05:21:49
BE22018500	8	1	하시던 대로만 하셔도 모두 만족하실 겁니다. 오늘은 왜 이렇게 일찍 회의를 하신다는 건지 참 알다가도 모르겠어요. 그래도 이렇게 저에게 힘든 부분 말씀해 주셔서 감사해요.	N	2022-09-16 05:35:18	2022-11-08 05:21:49
BE22018500	9	0	제 옆에서 항상 같이 애쓰고 도움 주는 분이잖아요. 회사일이 이럴 땐 정말 힘이 들지만 함께할 동료가 있다는 건 감사한 일인 것 같아요.	N	2022-09-16 05:35:18	2022-09-16 05:35:18
BE22018500	10	1	대리님의 그런 말씀들 하나하나가 저희 후배들에겐 뼈가 되고 살이 되고 있어요. 긍정적이고 항상 열정적인 모습으로 저희를 이끌어주시잖아요. 저는 팀 정말 잘 들어왔다고 생각해요.	N	2022-09-16 05:35:18	2022-11-08 05:21:49
BE22018500	11	0	피곤함에 아침에 마음이 많이 안 좋았어요. 그런데 지금 대화를 나누다 보니 처음 입사할 때의 제 마음가짐이 생각나서 정신이 번쩍 드네요. 익숙함에 많이 잊고 있던 것 같았는데 저는 회사일을 참 좋아해요.	N	2022-09-16 05:35:18	2022-09-16 05:35:18
BE22018500	12	1	제가 처음 입사했을 때 대리님의 눈이 반짝반짝했었어요. 때로는 회사일이 힘들고 지치지만 대리님의 열정적인 모습을 보며 꿈을 꿨답니다. 부족하지만 제가 힘이 되어 드릴게요.	N	2022-09-16 05:35:18	2022-11-08 05:21:49
BE22018500	13	0	내가 지금도 충분히 도움 많이 받고 있는걸요. 오늘 발표 잘 해낼 수 있을 것 같아요. 우리 조금 더 힘내서 함께 잘 성장합시다.	N	2022-09-16 05:35:18	2022-11-08 05:21:49
BE22018500	14	1	네 말만 들어도 든든하네요. 앞으로도 잘 이끌어주시고 항상 고맙습니다. 오늘도 좋은 결과 있을 거예요.	Y	2022-09-16 05:35:18	2022-11-08 05:21:49
