id	utterance_id	utterance_type	utterance_text	terminate	regDate	updDate
BE22001081	1	0	점심시간에 회사 앞 식당에서 비빔국수를 사 먹었는데 그 안에 뭐가 들어 있었는지 알아요?	N	2022-06-14 01:58:11	2022-11-08 03:31:20
BE22001081	2	1	뭔가 심각한 걸 본 것 같아요. 뭐가 있었는데요?	N	2022-06-14 01:58:11	2022-11-08 03:31:20
BE22001081	3	0	비빔국수에 벌레가 들어가 있었어요! 배탈이 나는 건 아닌지 너무나 불안해요.	N	2022-06-14 01:58:11	2022-11-08 03:31:20
BE22001081	4	1	어떻게 음식에 그런 게 들어가 있어요? 기분 좋은 점심 시간을 다 망쳤겠어요.	N	2022-06-14 01:58:11	2022-11-08 03:31:20
BE22001081	5	0	젓가락으로 국수 가닥을 집었는데 뭔가가 꿈틀꿈틀 움직이더라고요. 생각만 해도 소름 끼쳐요.	N	2022-06-14 01:58:11	2022-11-08 03:31:20
BE22001081	6	1	내 팔에 지금 닭살 돋았어요. 끔찍해요. 살아 있는 벌레였단 말이지요?	N	2022-06-14 01:58:11	2022-11-08 03:31:20
BE22001081	7	0	색깔도 비빔국수랑 비슷해서 하마터면 먹을 뻔했다니까요.	N	2022-06-14 01:58:11	2022-11-08 03:31:20
BE22001081	8	1	상상만 해도 끔찍해요. 자칫 하면 먹고 탈이 날 뻔했잖아요.	N	2022-06-14 01:58:11	2022-11-08 03:31:20
BE22001081	9	0	점심시간 이후로 먹는 게 두려워졌어요. 모든 음식에 거부감이 들어요.	N	2022-06-14 01:58:11	2022-11-08 03:31:20
BE22001081	10	1	나 같아도 그럴 것 같아요. 일단 비빔국수는 절대 못 먹을 거 같네요.	N	2022-06-14 01:58:11	2022-11-08 03:31:20
BE22001081	11	0	배는 고픈데 음식에 이상한 거 들어 있을까 봐 아무것도 못 사 먹겠어요.	N	2022-06-14 01:58:11	2022-11-08 03:31:21
BE22001081	12	1	그 식당이 비위생적인 곳이었겠지요. 세상에 깨끗한 식당들이 훨씬 많을 거예요.	N	2022-06-14 01:58:11	2022-11-08 03:31:21
BE22001081	13	0	그럴까요? 이러다가 거식증 걸릴 것 같아요.	N	2022-06-14 01:58:11	2022-11-08 03:31:21
BE22001081	14	1	그러다가 몸 상하겠어요. 다 잊고 감정화자씨가 좋아하는 음식을 일단 먹도록 노력해 봐요.	N	2022-06-14 01:58:11	2022-11-08 03:31:21
BE22001081	15	0	걱정해 줘서 고마워요. 대리님 말대로 일단 노력해 볼게요.	Y	2022-06-14 01:58:11	2022-11-08 03:31:21
