id	utterance_id	utterance_type	utterance_text	terminate	regDate	updDate
BE22016863	1	0	오늘도 아내가 아침밥을 차려줘서 억지로 먹고 왔더니 속이 좀 안 좋네요.	N	2022-09-01 06:01:21	2022-09-01 06:01:21
BE22016863	2	1	속도 안 좋은데 먹고 온 거예요? 솔직하게 말하지 그랬어요.	N	2022-09-01 06:01:21	2022-09-01 06:01:21
BE22016863	3	0	사실 아내가 차려주는 음식이 제 입맛에 좀 안 맞거든요. 근데 차려줬는데 안 먹고 나올 수가 없어서 억지로 먹다 보니까 속이 안 좋네요.	N	2022-09-01 06:01:21	2022-09-01 06:01:21
BE22016863	4	1	아 그래서 어쩔 수 없이 드신 거구나. 입맛에 안 맞는 거 매일 드시려면 힘드실 건데. 솔직하게 말해보시는 거 어때요?	N	2022-09-01 06:01:21	2022-11-08 05:11:54
BE22016863	5	0	아직 신혼이라 그런지 그런 얘기 꺼내는 게 조금 미안해서요. 아내한테 괜히 상처 주고 싶지도 않네요.	N	2022-09-01 06:01:21	2022-11-08 05:11:54
BE22016863	6	1	어떤 마음인지는 알겠어요. 저도 신혼 때 저랑 안 맞는 거 얘기 꺼내는 게 너무 어렵고 미안하고 그랬거든요. 근데 지나고 보니까 안 맞는 부분은 빨리 얘기해서 맞춰나가는 게 좋은 거 같더라고요.	N	2022-09-01 06:01:21	2022-09-01 06:01:21
BE22016863	7	0	아내가 아침밥 차려주는 게 자기 로망이라고 했거든요. 근데 당신 요리가 내 입맛에 안 맞는다고 얘기하면 엄청나게 속상해할 거 같아서요.	N	2022-09-01 06:01:21	2022-11-08 05:11:54
BE22016863	8	1	아내를 배려하는 것도 좋지만, 본인이 힘든 부분이 있잖아요. 아내에 대한 고마움을 표현하면서 솔직한 마음을 얘기한다면 아내도 충분히 이해하고 받아들여 줄 거 같아요.	N	2022-09-01 06:01:21	2022-11-08 05:11:54
BE22016863	9	0	제가 돌려서 얘기해보긴 했거든요. 그냥 아침에 간단하게 빵이랑 우유 먹으면 될 거 같다고 했는데도 밥을 먹어야 한다면서 거절하더라고요.	N	2022-09-01 06:01:21	2022-11-08 05:11:54
BE22016863	10	1	나름 용기 내서 얘기 꺼냈을 텐데 아내가 본인의 마음을 몰라줘서 속상했겠어요. 그러면 그냥 직접적으로 얘기하는 게 낫지 않겠어요? 뒤늦게 아내가 사실을 알게 된다면 더 충격받을지도 모르잖아요.	N	2022-09-01 06:01:21	2022-11-08 05:11:54
BE22016863	11	0	하긴, 나중에 알게 되면 저한테 더 실망할 수도 있을 거 같긴 해요.	N	2022-09-01 06:01:21	2022-11-08 05:11:54
BE22016863	12	1	원래 신혼 때는 작은 걸로도 부딪히고 마음 상하고 그런 법이거든요. 근데 오래 함께 살아가려면 그런 과정이 필요하더라고요. 얘기를 안 하면 서로 모른 채 골만 깊어져서 나중에 상처만 더 커져요.	N	2022-09-01 06:01:21	2022-11-08 05:11:54
BE22016863	13	0	듣고 보니 그러네요. 숨기기만 하고 있으면 괜히 별거 아닌 일도 나중에 큰일이 될지도 모르겠어요.	N	2022-09-01 06:01:21	2022-11-08 05:11:54
BE22016863	14	1	맞아요. 미안한 마음은 알겠지만, 어찌 보면 지금 신혼이기에 얘기할 수 있는 귀여운 일 아닌가요?	N	2022-09-01 06:01:21	2022-11-08 05:11:54
BE22016863	15	0	그런 거 같아요. 아내 마음 상하지 않도록 잘 다독이면서 얘기해 볼게요. 감사합니다.	Y	2022-09-01 06:01:21	2022-09-01 06:01:21
