id	utterance_id	utterance_type	utterance_text	terminate	regDate	updDate
BE22008568	1	0	하아. 오늘도 아슬아슬하게 출근했다. 매일 이런 일이 벌어질까 걱정된다.	N	2022-07-13 10:22:08	2022-11-08 04:19:31
BE22008568	2	1	무슨 일 있었어? 늦잠이라도 잔 거야? 요즘 출근 시간이 계속 늦네.	N	2022-07-13 10:22:08	2022-11-08 04:19:31
BE22008568	3	0	애가 밥을 너무 느리게 먹어서 아침마다 전쟁이네. 이러다 학교 들어가면 매일 지각하는 건 아닌지 벌써부터 두렵다.	N	2022-07-13 10:22:08	2022-11-08 04:19:31
BE22008568	4	1	애들이 원래 밥을 잘 안 먹을 때가 있어. 나도 애 어릴 때 고생 좀 했어. 애들 아빠는 안 도와 줘?	N	2022-07-13 10:22:08	2022-11-08 04:19:31
BE22008568	5	0	아빠가 있을 때는 그래도 좀 속도가 붙는데, 아빠가 해외 출장 갔어. 어린 눈에도 엄마나 내가 만만한가봐. 녀석이 밥 먹는 중에 자꾸 스마트폰 보느라 정신이 팔려서 걱정이야.	N	2022-07-13 10:22:08	2022-11-08 04:19:31
BE22008568	6	1	엄마가 도와주시는구나. 엄마한테 맡기고 그냥 출근하면 안 되나? 스트레스받지 말고.	N	2022-07-13 10:22:08	2022-11-08 04:19:31
BE22008568	7	0	엄마한테만 맡겨두기가 미안해서 그렇지. 엄마한테도 애한테도. 그리고 아무래도 할머니는 나보다 더 만만한지 버릇없이 굴 때가 있어서 걱정도 좀 되고.	N	2022-07-13 10:22:08	2022-11-08 04:19:31
BE22008568	8	1	왜, 엄마가 오냐오냐 스타일이셔? 그런 조부모님들한테서 크는 애들이 버릇없는 경우가 있대서 걱정되는 거야?	N	2022-07-13 10:22:08	2022-11-08 04:19:31
BE22008568	9	0	나 클 때도 크게 야단치시는 경우가 없으셨지만, 손주한테는 더 너그러우신 듯하네. 애가 버릇을 잘 들여야 할 시기인데, 전혀 제재를 안 하셔. 그런데 어떻게 말해야 할지 조심스러워.	N	2022-07-13 10:22:08	2022-11-08 04:19:31
BE22008568	10	1	그래, 그럴 수 있지. 엄마가 도와주시는 것만도 고맙고 미안한데, 엄마 육아 방식이 잘못됐다고 말하는 꼴이니. 집집마다 육아 문제로 부딪치는 게 참 문제가 크더라고. 나도 그랬고.	N	2022-07-13 10:22:08	2022-11-08 04:19:32
BE22008568	11	0	어떻게 해결했어? 내가 스트레스를 받으면 애한테 자꾸 감정적으로 나가게 되더라고. 곧 학교 들어가야 하는데 급식 때 저러면 어쩌나 싶어 초조해지고. 그래서 자꾸 애를 다그치게 돼.	N	2022-07-13 10:22:08	2022-11-08 04:19:32
BE22008568	12	1	엄마도 사람인데 당연히 감정적이 될 수 있지. 게다가 학교 가면 문제가 될 수 있으니까 더 걱정될 테고. 도와주시는 엄마한테도 미안하고, 더불어 남편이 얄밉기도 할 테고.	N	2022-07-13 10:22:08	2022-11-08 04:19:32
BE22008568	13	0	내 말이! 출장이긴 하지만 일하고 나머지 시간에는 여행하는 기분일 거고. 나는 일에 육아에 지치는데 혼자 벗어나 있는 거 보면 부럽기도 하고, 얄미워. 그러다 그 마음이 애한테 갈까봐 무서워.	N	2022-07-13 10:22:08	2022-11-08 04:19:32
BE22008568	14	1	당연하지! 육아는 애가 이쁜 거랑은 다른 문제니까, 누구라도 그런 마음 들 거야. 아빠도 적극적으로 육아에 참여해야 할 텐데. 애는 심각한 것 같아?	N	2022-07-13 10:22:08	2022-11-08 04:19:32
BE22008568	15	0	애 아빠는 심각하게 생각하지 않아. 친구들 사귀면 달라진다고. 나만 불안하고 초조해하는 것 같아.	N	2022-07-13 10:22:08	2022-11-08 04:19:32
BE22008568	16	1	아빠 말도 맞기는 해. 애들 버릇은 심각한 거 아니면 학교 가서 친구들 사귀면서 배우고, 또 학교에서 교육도 하니까 바뀌지. 너무 걱정 안 해도 될 것 같은데.	N	2022-07-13 10:22:08	2022-11-08 04:19:32
BE22008568	17	0	그럴까? 내가 좀 과하게 불안해하는 걸까? 난 좋은 엄마이고 싶어. 애가 버릇 나쁘면 다 내 탓 같아서 애한테 미안하고 또 주변에 민폐 끼칠까 걱정되고.	N	2022-07-13 10:22:08	2022-11-08 04:19:32
BE22008568	18	1	워워. 너무 멀리 간다. 애가 밥 좀 늦게 먹어 밖에 나가서 물의를 일으킬까봐, 엄마가 잘못 키워 그런 걸까봐 걱정되는 거야? 지금도 충분히 좋은 엄마야!	N	2022-07-13 10:22:08	2022-11-08 04:19:32
BE22008568	19	0	고마워. 그렇게 말해 주니 좀 안심이 되네. 애 키우는 게 참 쉽지 않아. 정말 좋은 사람으로 잘 키우고 싶은데.	N	2022-07-13 10:22:08	2022-11-08 04:19:32
BE22008568	20	1	애들 클 때까지 엄마라는 사람은 늘 불안하고 두려워. 그래도 걱정하고 고민하는 좋은 엄마가 있어서 아이가 좋은 사람으로 잘 자라겠네. 걱정은 접어두는 게 좋겠어.	Y	2022-07-13 10:22:08	2022-11-08 04:19:32
