id	utterance_id	utterance_type	utterance_text	terminate	regDate	updDate
BE22001212	1	0	대리님, 모처럼 하는 연애라 그런지 정말 쉽지가 않네요.	N	2022-06-14 06:17:55	2022-11-08 03:32:13
BE22001212	2	1	퇴근하고 남자친구 만나러 간다고 했던 사람이 갑자기 무슨 소리예요?	N	2022-06-14 06:17:55	2022-11-08 03:32:13
BE22001212	3	0	좀 전에 남자친구가 얼마 전에 나 몰래 새벽에 클럽에 갔다고 고백을 하네요. 정말 기가 막혀서요.	N	2022-06-14 06:17:55	2022-11-08 03:32:13
BE22001212	4	1	감정화자씨에게 거짓말을 한 거예요?	N	2022-06-14 06:17:55	2022-11-08 03:32:13
BE22001212	5	0	그러게요, 몸이 안 좋아서 일찍 자겠다고 했거든요. 난 그것도 모르고 걱정하고 있었고요.	N	2022-06-14 06:17:55	2022-11-08 03:32:13
BE22001212	6	1	거짓말한 게 걸려서 이제라도 고백한 거 아닐까요?	N	2022-06-14 06:17:55	2022-11-08 03:32:13
BE22001212	7	0	성격이 안 맞아서 정말 헤어지고 싶은데 남자친구 조건이 너무 좋아서, 이대로 헤어지기 아쉬워요.	N	2022-06-14 06:17:55	2022-11-08 03:32:13
BE22001212	8	1	우리 나이에 남자친구의 조건이 좋으면 망설여질 수 있지요. 하지만 계속 이런 일이 반복되면 감정화자씨가 많이 지치지 않을까요?	N	2022-06-14 06:17:55	2022-11-08 03:32:13
BE22001212	9	0	내가 가정이 어려워서 그런지, 남자친구가 잘사는 게 좋아서 그냥 만나게 되더라고요.	N	2022-06-14 06:17:55	2022-11-08 03:32:13
BE22001212	10	1	남자친구가 네게 솔직히 말한 것 보면 나쁜 사람은 아닌 것 같은데요.	N	2022-06-14 06:17:55	2022-11-08 03:32:13
BE22001212	11	0	술과 친구를 너무 좋아해서 조용한 성격의 내가 지루한가 봐요. 아까도 말다툼하다 클럽 간 걸 고백하게 된 거예요.	N	2022-06-14 06:17:55	2022-11-08 03:32:13
BE22001212	12	1	그렇다면 당장 어떤 결정을 하지 말고, 충분히 생각을 해봐요. 남자친구가 조건 말고 감정화자씨 마음에 드는 것이 없다면 계속 만나면 안 될 것 같아요.	N	2022-06-14 06:17:55	2022-11-08 03:32:13
BE22001212	13	0	그렇겠지요? 이참에 나도 진지하고 고민을 좀 해봐야겠어요. 뭐가 옳은지요.	N	2022-06-14 06:17:55	2022-11-08 03:32:13
BE22001212	14	1	네, 마음 가라앉히고 차분히 생각해 보세요.	N	2022-06-14 06:17:55	2022-11-08 03:32:13
BE22001212	15	0	고마워요. 내일 출근해서 뵐게요.	Y	2022-06-14 06:17:55	2022-11-08 03:32:13
