id	utterance_id	utterance_type	utterance_text	terminate	regDate	updDate
BE22002086	1	0	아침에 갑자기 출근 못한다고 연락드려서 죄송해요.	N	2022-06-19 06:04:14	2022-11-08 03:37:55
BE22002086	2	1	어디가 많이 아픈 거야? 좀 나아졌어?	N	2022-06-19 06:04:14	2022-11-08 03:37:55
BE22002086	3	0	어젯밤부터 열이 나고 목이 아프더니 아침에는 침을 삼키는 것만으로도 너무 아파서 목소리도 안 나왔어요.	N	2022-06-19 06:04:14	2022-11-08 03:37:55
BE22002086	4	1	요즘 환절기라더니 감기가 심하게 걸렸네. 목소리도 안 나왔다니 힘들었겠어. 병원은 갔다 왔어?	N	2022-06-19 06:04:14	2022-11-08 03:37:55
BE22002086	5	0	아침에 병원 문 여는 시간에 갔다 왔어요. 약 먹고 낮잠 잤더니 조금 괜찮아졌어요.	N	2022-06-19 06:04:14	2022-11-08 03:37:55
BE22002086	6	1	그래도 다행이다. 조금 나아졌다고 안심하지 말고 푹 쉬고 잘 먹고 조심해야 해.	N	2022-06-19 06:04:14	2022-11-08 03:37:55
BE22002086	7	0	예. 그럴게요. 근데 갑자기 출근을 못해서 죄송해요.	N	2022-06-19 06:04:14	2022-11-08 03:37:55
BE22002086	8	1	아파서 못 나온 건데 그렇게 생각하지 않아도 괜찮아.	N	2022-06-19 06:04:14	2022-11-08 03:37:55
BE22002086	9	0	저 죄송한데 내일 회의 준비 좀 부탁드릴게요. 제가 해야 하는데 갑자기 출근 못 해서 면목 없지만 부탁드려요.	N	2022-06-19 06:04:14	2022-11-08 03:37:56
BE22002086	10	1	그렇지 않아도 생각하고 있었어. 아까 잠깐 보니까 정리 잘해놓고 가서 조금만 정리하면 될 거 같았어. 그렇게까지 미안해하지 않아도 괜찮아.	N	2022-06-19 06:04:14	2022-11-08 03:37:56
BE22002086	11	0	일도 많은데 저까지 걱정을 끼쳐드려 죄송해서 그래요. 평소에도 일 많으신 거 아는데 말이에요.	N	2022-06-19 06:04:14	2022-11-08 03:37:56
BE22002086	12	1	하던 일에서 조금만 더 신경 쓰면 되는데 뭐. 어려운 일 아니니까 너무 걱정하지 말고, 그렇게 걱정하다 병도 안 낫겠어. 나중에 나 힘들면 도와줄 거잖아.	N	2022-06-19 06:04:14	2022-11-08 03:37:56
BE22002086	13	0	그럼요. 당연히 제일 먼저 도와드려야지요. 이 은혜 안 잊을게요.	N	2022-06-19 06:04:14	2022-11-08 03:37:56
BE22002086	14	1	무슨 은혜씩이나. 이왕 쉬는 거 푹 쉬고 내일 꼭 쌩쌩한 모습으로 만나.	N	2022-06-19 06:04:14	2022-11-08 03:37:56
BE22002086	15	0	그럴게요. 감사해요. 다음에 필요한 일 있으면 꼭 말씀해주세요.	Y	2022-06-19 06:04:14	2022-11-08 03:37:56
