id	utterance_id	utterance_type	utterance_text	terminate	regDate	updDate
BE22015981	1	0	이제 중학교 올라가는 아들 녀석 공부 때문에 스트레스가 이만저만이 아닙니다. 학교보다 학원 공부에 더 집중하고 있는데, 그게 과연 맞게 하는 건지 영 모르겠네요. 직장생활을 하니까 다른 학부모들과 정보를 주고받을 시간이 없어 불안해요.	N	2022-08-27 09:01:32	2022-11-08 05:06:27
BE22015981	2	1	저도 아이 초등학교 1학년, 중학교 1학년 때 엄청나게 고민 많고, 불안감도 심했어요. 감정화자님도 아마 비슷한 걱정을 하고 계신 것 같아 그 마음을 잘 알겠네요.	N	2022-08-27 09:01:32	2022-11-08 05:06:27
BE22015981	3	0	요즘에는 직장 다니는 엄마들한테도 정보 잘 공유한다는데, 우리 동네는 그런 게 없네요. 학교 분위기가 어떻게 돌아가는지 전혀 모르니까 불안한 마음에 더 학원에 의지하게 돼요.	N	2022-08-27 09:01:32	2022-11-08 05:06:27
BE22015981	4	1	아이들 돌 볼 시간도 없어 미안한데, 그런 정보 공유에서도 밀리니 감정화자님 마음이 무척 착잡하시죠. 그렇다고 너무 불안한 마음 갖지 않으셔도 될 듯해요. 결국에는 아이들이 알아서 잘하더라고요.	N	2022-08-27 09:01:32	2022-11-08 05:06:27
BE22015981	5	0	감정화자님께서 저와 같은 상황이라 그런지 제 마음을 어쩜 그리 잘 아세요. 편안하고 여유롭게 생각하자고 아무리 나에게 말해도 쉽지 않아요. 아이 성적이 조금만 떨어져도 다 제 탓 같고, 조마조마한 마음에 힘드네요.	N	2022-08-27 09:01:32	2022-11-08 05:06:27
BE22015981	6	1	회사 일도 신경 엄청나게 쓰일 텐데, 아이 학업 고민으로 스트레스가 이만저만이 아니시겠어요. 아이가 잘못하고, 실수하면 다 엄마 탓 같잖아요, 성적도 같은 맥락 같아요. 감정화자님 너무 불안해 마시고, 조금만 여유를 갖고 있다 보면 오히려 방법이 보일 수 있을 거예요.	N	2022-08-27 09:01:32	2022-11-08 05:06:27
BE22015981	7	0	그럴까요? 아이가 중학생이 된다고 생각하니 더 긴장하고, 불안해요. 아직도 제 눈에는 어린아이처럼 보여 제 도움이 많이 필요할 것 같거든요. 학원 공부에 집중하는 이 방식이 옳은 건지 아직도 모르겠으니 초조하네요.	N	2022-08-27 09:01:32	2022-11-08 05:06:27
BE22015981	8	1	저도 그맘때 얼마나 힘들었는지 몰라요. 다 지나고 나니 굳이 그럴 필요까지는 없었다는 생각이 들면서 스트레스를 받으며 보낸 시간이 아깝더라고요. 엄마의 불안감은 아이들을 더 믿어주고, 본인의 선택에 대한 확신을 가지려 노력하다 보면 사라지는 것 같아요.	N	2022-08-27 09:01:32	2022-11-08 05:06:27
BE22015981	9	0	사실 저에게 가장 필요한 건 이렇게 선배님으로부터 듣는 조언 한마디였던 것 같아요. 공감화자님의 조언을 듣고 있으니, 한결 마음이 정리되고, 불안한 감정이 사라지네요. 한 걸음 물러나 차분한 마음으로 아이와 제 선택에 대한 믿음을 갖도록 더 노력해야겠어요.	N	2022-08-27 09:01:32	2022-11-08 05:06:27
BE22015981	10	1	어디로 갈지 몰라 허둥지둥하며 불안해할 때, 누군가의 말 한마디가 빛처럼 느껴질 때가 있잖아요. 감정화자님께서 이렇게 고민을 먼저 털어놓으실 수 있으니 전 아주 긍정적으로 바라보게 됩니다.	N	2022-08-27 09:01:32	2022-11-08 05:06:27
BE22015981	11	0	하긴 처음에 이런 고민을 말씀드려도 될까 망설였거든요. 공감화자님 바쁜 시간을 괜히 방해하는 건 하는 마음에서요. 그런데 제가 워낙 초조하다 보니 실례를 무릅쓰고 이렇게 말을 꺼내놓게 되었습니다.	N	2022-08-27 09:01:32	2022-11-08 05:06:27
BE22015981	12	1	별말씀을 다 하십니다. 일하는 엄마들의 고충을 누가 이해할 수 있겠어요. 처지가 비슷한 우리끼리 서로 도움을 주고받으며 힘을 내는 거죠. 아주 잘하셨어요.	N	2022-08-27 09:01:32	2022-11-08 05:06:27
BE22015981	13	0	정말 감사드려요. 이렇게 고민을 털어놓고 나니 불안한 마음도 많이 가라앉네요. 무엇보다 든든한 선배님을 얻은 것 같아 기쁜 마음도 드는걸요.	N	2022-08-27 09:01:32	2022-08-27 09:01:32
BE22015981	14	1	제가 다 감사하지요. 이렇게 마음을 먼저 열고 다가오는 게 보통 용기가 아니면 불가능하거든요. 모쪼록 마음 편히 드시고, 앞으로 고민 생기면 저도 떠올려 주세요.	N	2022-08-27 09:01:32	2022-08-27 09:01:32
BE22015981	15	0	공감화자님 정말 이 고마운 마음을 어떻게 표현하면 좋을까요. 따뜻하게 감싸주셔 정말 감사해요.	Y	2022-08-27 09:01:32	2022-08-27 09:01:32
