id	utterance_id	utterance_type	utterance_text	terminate	regDate	updDate
BE22017454	1	0	이번 주에 반려견을 데리고 고성에서 차박을 할 예정이에요. 그런데 내가 가고 싶어 가는 여행이 반려견에게 과연 좋은 일일지 고민이에요.	N	2022-09-07 23:18:40	2022-11-08 05:15:28
BE22017454	2	1	그때 말했던 고성의 차박 명소 말이죠. 요즘 사람들이 많이 가는 장소에도 꼽힐 정도로 인기가 많은데 북적이는 장소에서 반려견은 괜찮은가요. 성격에 따라서 바뀌는 환경에 예민할 수 있잖아요.	N	2022-09-07 23:18:40	2022-09-07 23:18:40
BE22017454	3	0	저도 그래서 고민이에요. 꼭 함께 가고 싶어서 여행 계획을 짰거든요. 그런데 나이도 많은 편이라 멀리 데리고 가려니 스트레스를 받을 수도 있고, 무슨 일이 생길까 봐 불안해요.	N	2022-09-07 23:18:40	2022-11-08 05:15:28
BE22017454	4	1	소중한 가족이나 다름없는데 그런 생각이 드는 건 당연해요. 게다가 나이가 좀 있다면 무슨 일이 생길지 모른다는 생각에 더 걱정될 거예요. 장시간 이동하면 알게 모르게 스트레스를 많이 받는다고 하더라고요.	N	2022-09-07 23:18:40	2022-11-08 05:15:28
BE22017454	5	0	맞아요. 지난번 한 시간 거리로 다녀올 때 함께 갔는데 다녀온 뒤로 상태가 좋지 않았어요. 밤새워 지켜보느라 잠도 못 자고 조마조마했거든요. 그런 일이 또 일어날 거라 생각이 드니까 불안해지는 것 같아요.	N	2022-09-07 23:18:40	2022-11-08 05:15:28
BE22017454	6	1	그런 일이 있었다면 더욱 신중해질 것 같아요. 하지만 반려견과 꼭 함께하려는 게 좋은 추억을 남겨주기 위함이 아닌가요?	N	2022-09-07 23:18:40	2022-11-08 05:15:28
BE22017454	7	0	처음에 생각은 그랬어요. 이제 살날이 얼마 남지 않았는데 좋은 곳도 데리고 다니면서 추억을 더 쌓고 싶었거든요. 근데 이런 저의 이기적인 마음이 오히려 반려견에게 부담이 되지 않을까 마음이 편치 않아요.	N	2022-09-07 23:18:40	2022-11-08 05:15:28
BE22017454	8	1	아니에요. 얘기를 듣는 지금도 반려견을 향한 소중한 마음이 느껴지는걸요. 그런 추억을 하나라도 더 만들 수 있다면 반려견으로서 정말 행복하지 않을까 생각이 들어요.	N	2022-09-07 23:18:40	2022-11-08 05:15:28
BE22017454	9	0	정말 그럴까요. 갑자기 반려견을 생각하지 못하고 덜컥 먼 곳으로 여행을 선택했다는 후회가 밀려오더라고요. 어쩌면 저 때문에 건강이 더 나빠질 수도 있고 그땐 되돌릴 수 없을 거고요. 제가 주인으로서 잘 돌보고 있는 건지 온갖 생각이 다 들어요.	N	2022-09-07 23:18:40	2022-11-08 05:15:28
BE22017454	10	1	그런 걱정이 드는 마음 잘 알지만 전부 다 반려견을 위한 거잖아요. 이런저런 걱정이 들지 몰라도 결국엔 둘 다에게 행복한 추억으로 기억될 거예요. 듣는 제 마음이 다 따뜻해지는걸요.	N	2022-09-07 23:18:40	2022-11-08 05:15:28
BE22017454	11	0	그렇게 말씀해주시니 고마워요. 불안하고 일에 집중이 안 되었는데 제가 너무 안 좋은 생각만 하고 있어서 그랬나 봐요. 제일 처음 여행을 결정했던 취지 그대로 반려견을 위해서 다녀와야겠어요.	N	2022-09-07 23:18:40	2022-11-08 05:15:28
BE22017454	12	1	그래요. 반려견들도 주인이 느끼는 감정을 다 느낀다고 하더라고요. 그런 결정을 내린 이유를 반려견도 두 팔 벌려 환영할걸요.	N	2022-09-07 23:18:40	2022-11-08 05:15:28
BE22017454	13	0	맞아요. 밖에만 나가면 기분이 좋은 지 집에선 안 먹던 간식도 척 척 먹곤 하더라고요. 반려견을 위한 길은 이런저런 걱정이 아니라 저부터가 행복해지는 거였나 봐요. 불안한 생각에 잠기기보다 행복한 주인이 되어야겠어요.	N	2022-09-07 23:18:40	2022-11-08 05:15:28
BE22017454	14	1	제게는 이미 그런 주인이라고 생각이 드는걸요. 이번 여행도 정말 잘 결정하신 거예요. 다녀오시면 얘기 꼭 들려주세요.	N	2022-09-07 23:18:40	2022-11-08 05:15:28
BE22017454	15	0	고민 얘기하길 잘한 것 같아요. 저도 이 여행이 설레서 두근거리기 시작했어요. 감사해요.	Y	2022-09-07 23:18:40	2022-11-08 05:15:28
