id	utterance_id	utterance_type	utterance_text	terminate	regDate	updDate
BE22016638	1	0	오늘 아침부터 정말 되는 일이 없네요. 정말 불안 가득한 하루에요.	N	2022-08-31 03:48:26	2022-08-31 03:48:26
BE22016638	2	1	무슨 일 있어요? 기운이 없어 보여서 걱정이에요.	N	2022-08-31 03:48:26	2022-11-08 05:10:32
BE22016638	3	0	오늘 아침에 알람 소리를 듣지 못해서 평소보다 30분 늦게 일어나버렸거든요. 그래서 아침도 공복에 아메리카노만 겨우 마셨더니 배탈이 나버렸어요. 곧 회의에 들어가야 하는데 배탈 때문에 회의를 전부 망칠까 봐 너무 불안해요.	N	2022-08-31 03:48:26	2022-08-31 03:48:26
BE22016638	4	1	그게 정말이에요? 안 그래도 아침이라 정신이 없었을 텐데 시계를 봤을 때 정말 눈앞이 아찔했겠어요. 많이 놀라셨을 것 같아요.	N	2022-08-31 03:48:26	2022-11-08 05:10:33
BE22016638	5	0	아침을 먹지 못한 것도 억울한데 배탈까지 나서 너무 속상하네요. 게다가 제가 발표까지 해야 해서 안 그래도 긴장감이 컸거든요. 엎친 데 덮친 격으로 안 좋은 일이 일어나서 불안해서 미칠 것 같아요.	N	2022-08-31 03:48:26	2022-11-08 05:10:33
BE22016638	6	1	가장 좋은 컨디션으로 해도 모자랄 텐데 설상가상으로 몸 상태까지 안 좋아서 더 곤란한 심정이겠어요. 저였어도 정말 막막한 심정이었을 것 같아요.	N	2022-08-31 03:48:26	2022-11-08 05:10:33
BE22016638	7	0	엄청 오래전부터 준비했던 프로젝트의 발표를 해야 하는 거라서요. 발표 자료를 준비한다고 잠도 제대로 못 잤거든요. 이렇게 운이 따라주지 않는 것 같아서 정말 속상하네요.	N	2022-08-31 03:48:26	2022-11-08 05:10:33
BE22016638	8	1	그 마음 저도 알 것 같아요. 하필 오늘 같은 날 알람을 듣지 못했는지 스스로가 너무 밉고, 자책하게 되죠? 누구라도 스트레스받는 상황일 거예요.	N	2022-08-31 03:48:26	2022-11-08 05:10:33
BE22016638	9	0	맞아요. 알람을 여러 개 설정해놓지 않았는지 너무 후회되네요. 정말 자괴감이 들어요. 스스로가 정말 미워지네요.	N	2022-08-31 03:48:26	2022-08-31 03:48:26
BE22016638	10	1	여러 가지 일로 심신이 무척 지쳐 있을 텐데 너무 스스로 채찍질하진 마세요. 지금까지 성실하게 준비한 만큼 감정화자씨의 능력은 감정화자씨를 배신하지 않을 거예요. 그러니까 기운을 내요.	N	2022-08-31 03:48:26	2022-11-08 05:10:33
BE22016638	11	0	그렇게 말씀해 주시니 왠지 자신감이 생기는 기분이네요. 마음이 편해져서 그런지 복통도 줄어드는 기분이 들어요.	N	2022-08-31 03:48:26	2022-11-08 05:10:33
BE22016638	12	1	원래 스트레스는 만병의 원인이잖아요. 마음을 편하게 가진다면 더 괜찮아지실 거예요. 분명 감정화자씨는 잘 해낼 수 있어요.	N	2022-08-31 03:48:26	2022-11-08 05:10:33
BE22016638	13	0	고마워요, 공감화자씨. 덕분에 발표를 잘해야겠다는 의지가 생기네요. 역시 공감화자씨 덕분에 제 회사 생활이 그리 어둡지만은 않은 것 같아요.	N	2022-08-31 03:48:26	2022-11-08 05:10:33
BE22016638	14	1	저로 인해서 긍정적인 생각이 들었다니 정말 다행이네요. 앞으로도 고민거리가 생기면 언제든 말해주세요. 제가 언제나 응원할게요.	N	2022-08-31 03:48:26	2022-11-08 05:10:33
BE22016638	15	0	그럴게요. 역시 공감화자씨께 상담하길 잘한 것 같아요.	Y	2022-08-31 03:48:26	2022-08-31 03:48:26
