id	utterance_id	utterance_type	utterance_text	terminate	regDate	updDate
BE22001157	1	0	저는 오늘 점심으로 도시락 싸 왔어요.	N	2022-06-14 04:28:31	2022-11-08 03:31:50
BE22001157	2	1	왜? 부장님이 아구찜 먹으러 가자고 했잖아.	N	2022-06-14 04:28:31	2022-11-08 03:31:50
BE22001157	3	0	제가 맵고 자극적인 음식을 못 먹어서요.	N	2022-06-14 04:28:31	2022-11-08 03:31:50
BE22001157	4	1	아, 위에 부담 가는 음식을 싫어하는구나?	N	2022-06-14 04:28:31	2022-11-08 03:31:50
BE22001157	5	0	그렇기도 하고, 사실 공중화장실을 못 쓰거든요.	N	2022-06-14 04:28:31	2022-11-08 03:31:50
BE22001157	6	1	그럴 수 있지. 위생 상태 때문이라기보단 적응의 문제일 수도 있고. 나도 우리 집이 아니면 잘 안 가게 되더라고.	N	2022-06-14 04:28:31	2022-11-08 03:31:50
BE22001157	7	0	좀 유난스럽죠? 이상하게 찝찝해서 못 쓰겠더라고요. 그래서 밖에서 배탈 나기 쉬운 음식은 안 먹어요.	N	2022-06-14 04:28:31	2022-11-08 03:31:50
BE22001157	8	1	누구나 자신만의 예민한 면이 있는 거지. 그렇다고 다른 사람 눈치 볼 필요도 없는 일이고. 도시락 싸오느라 고생했겠네.	N	2022-06-14 04:28:31	2022-11-08 03:31:50
BE22001157	9	0	그렇게 말해주시니 감사합니다. 오늘은 따로 먹을게요.	N	2022-06-14 04:28:31	2022-11-08 03:31:50
BE22001157	10	1	도시락으로 뭐 싸온 건데?	N	2022-06-14 04:28:31	2022-11-08 03:31:50
BE22001157	11	0	간단한 샌드위치요. 만들기도 쉽고 들고 오기도 편해서 자주 만들어 먹어요.	N	2022-06-14 04:28:31	2022-11-08 03:31:51
BE22001157	12	1	요리 솜씨도 훌륭하구나. 나도 아구찜보다 샌드위치 먹고 싶은데?	N	2022-06-14 04:28:31	2022-11-08 03:31:51
BE22001157	13	0	아구찜 드셔야죠. 거기 엄청 맛집이라고 하더라고요.	N	2022-06-14 04:28:31	2022-11-08 03:31:51
BE22001157	14	1	우리끼리만 비싼 음식 먹어서 어떡해. 김대리 몫까지 맛있게 먹고 올게.	N	2022-06-14 04:28:31	2022-11-08 03:31:51
BE22001157	15	0	별말씀을요. 맛있게 드세요.	Y	2022-06-14 04:28:31	2022-11-08 03:31:51
