id	utterance_id	utterance_type	utterance_text	terminate	regDate	updDate
BE22000353	1	0	과장님, 잠깐 메신저 괜찮으세요? 우리 사촌 언니가 지금 다단계 사업을 시작한 것 같아요.	N	2022-06-13 00:50:10	2022-11-08 03:26:31
BE22000353	2	1	다단계 사업이라고요? 그거 불법적인 것도 많다고 하더라고요.	N	2022-06-13 00:50:10	2022-11-08 03:26:31
BE22000353	3	0	맞아요. 언니가 요즘 경제적으로 어렵다더니 갑자기 시작한 것 같아요. 인터넷으로 찾아봤는데 좀 이상한 것 같더라고요. 불안하고 걱정돼요.	N	2022-06-13 00:50:10	2022-11-08 03:26:32
BE22000353	4	1	감정화자씨가 사촌언니랑 많이 친하다고 했잖아요. 친한 사촌언니가 그렇다고 하면 나 같아도 많이 걱정되고 불안 할 거같아요. 감정화자씨가 진짜 생각이 많겠어요.	N	2022-06-13 00:50:10	2022-11-08 03:26:32
BE22000353	5	0	근데 우리 사촌 언니 정말 똑똑하게 괜찮은 사람인데 정말 왜 그러는지 모르겠어요.	N	2022-06-13 00:50:10	2022-11-08 03:26:32
BE22000353	6	1	감정화자씨가 좋아하는 언니가 힘들어하니까 안타까워서 그러는군요.	N	2022-06-13 00:50:10	2022-11-08 03:26:32
BE22000353	7	0	정말 너무 안타까워요. 언니를 도와줄 수 있으면 좋겠는데 어떻게 해야 할지 잘 모르겠어요. 나 스스로가 너무 무력하게 느껴져요.	N	2022-06-13 00:50:10	2022-11-08 03:26:32
BE22000353	8	1	아니에요. 언니는 감정화자씨가 그렇게 걱정해주는 것만으로도 고마워요할 거예요. 분명 감정화자씨 마음이 큰 힘이 될 거예요. 너무 걱정하지 마요.	N	2022-06-13 00:50:10	2022-11-08 03:26:32
BE22000353	9	0	정말 그랬으면 좋겠어요. 언니에게 무슨 조언을 해줘야 할지 잘 모르겠네요.	N	2022-06-13 00:50:10	2022-11-08 03:26:32
BE22000353	10	1	그러면 언니한테 공정거래종합상담센터에 상담해보라고 하는 건 어때요?	N	2022-06-13 00:50:10	2022-11-08 03:26:32
BE22000353	11	0	그런 이름은 처음 들어봐요.	N	2022-06-13 00:50:10	2022-11-08 03:26:32
BE22000353	12	1	공정거래종합상담센터라고 국가에서 운영하고 있는 곳인데 다단계 피해에 대해서도 도움을 주는 곳인가 봐요.	N	2022-06-13 00:50:10	2022-11-08 03:26:32
BE22000353	13	0	언니한테 바로 알려줘야겠어요. 정말 무력했었는데 덕분에 기운이 나요. 정말 좋은 정보 감사합니다.	N	2022-06-13 00:50:10	2022-11-08 03:26:32
BE22000353	14	1	아니에요. 사촌 언니를 그렇게까지 생각하다니 너야말로 정말 착한 동생인 것 같아요. 감정화자씨의 사촌 언니가 부럽네요.	N	2022-06-13 00:50:10	2022-11-08 03:26:32
BE22000353	15	0	그렇게 말해 주니까 고맙네요. 언니한테 연락해보고 결과 말씀드릴게요.	Y	2022-06-13 00:50:10	2022-11-08 03:26:32
