id	utterance_id	utterance_type	utterance_text	terminate	regDate	updDate
BE22016256	1	0	저 지금 너무 불안해서 배는 고픈데 입맛이 없어서요. 오늘 점심은 혼자 드셔야 할 것 같아요.	N	2022-08-29 09:55:44	2022-08-29 09:55:44
BE22016256	2	1	오늘 승진 결과 발표 있는 날이라 많이 불안하시죠? 입맛이 없는 것도 너무 이해돼요.	N	2022-08-29 09:55:44	2022-08-29 09:55:44
BE22016256	3	0	오전 중에 결과 발표 난다고 하더니 사람 밥도 못 먹게 오후에 알려준다고 하네요. 배는 고픈데 입맛이 뚝 떨어져요.	N	2022-08-29 09:55:44	2022-08-29 09:55:44
BE22016256	4	1	회사 측에서는 일에 지장이 갈까 봐 그런 결정을 했나 보네요. 예전에 저랑 동기들은 오전에 발표했었는데 그날 업무가 거의 마비됐었거든요. 몇 명은 조퇴도 하고 그랬어요.	N	2022-08-29 09:55:44	2022-11-08 05:08:11
BE22016256	5	0	그런 일이 있었군요. 하긴 저도 오전에 결과 나왔다면 그렇게 했을지도 모르겠어요. 그래도 지금 뭘 먹으면 그대로 얹힐 것 같아서 못 먹겠어요.	N	2022-08-29 09:55:44	2022-11-08 05:08:11
BE22016256	6	1	그동안 회사에서 좋은 성적 냈잖아요. 회사 사람들 안에서 평도 정말 좋은 편이고요. 열심히 노력한 시간을 믿으면 분명히 좋은 결과 있을 거니까 너무 불안해하지 마세요.	N	2022-08-29 09:55:44	2022-11-08 05:08:11
BE22016256	7	0	저 정말 열심히 노력하고 좋은 결과 낸 건 알고 있어요. 그래도 주변에서 자꾸 승진하는 걸 당연하게 말하니까 왠지 더 불안하더라고요. 혹시 안되면 어쩌나 하고요.	N	2022-08-29 09:55:44	2022-08-29 09:55:44
BE22016256	8	1	감정화자님이 불안해하는 모습을 주변에서 보고 힘을 주고 싶었던 모양인데 그게 오히려 부담스러웠나 보네요. 하지만 그만큼 감정화자님이 회사 생활을 성실히 했다는 지표가 아닐까요?	N	2022-08-29 09:55:44	2022-11-08 05:08:11
BE22016256	9	0	굉장히 감사하기는 하지만, 그래도 안 될 수도 있다는 생각이 들어요. 그래서 더 불안하고 앉은 자리가 가시방석 같아요.	N	2022-08-29 09:55:44	2022-11-08 05:08:11
BE22016256	10	1	첫 승진은 엄청나게 떨리고 불안하죠, 저도 겪어봐서 정말 공감해요. 주변에서 하는 말이 감사하기도 하지만 그만큼 부담된다는 것도요. 항상 자신감 있는 분이 불안해하는 모습을 떠올리니까 제 마음이 너무 아프네요.	N	2022-08-29 09:55:44	2022-11-08 05:08:11
BE22016256	11	0	어차피 겪어야 하는 일인데 제가 지금 너무 예민한가 싶기도 해요. 저 정말 승진할 수 있겠죠?	N	2022-08-29 09:55:44	2022-08-29 09:55:44
BE22016256	12	1	저는 옆에서 감정화자님이 얼마나 성실하고 열심히 일했는지 봐왔잖아요. 그래서 감정화자님이 본인을 조금 더 믿는다면 지금 느끼는 불안도 좀 나아질 거라고 생각해요. 결과가 어떻게 나오든지 저와 저희 팀은 모두 감정화자님에게 힘이 돼줄 거예요.	N	2022-08-29 09:55:44	2022-11-08 05:08:11
BE22016256	13	0	공감화자님 말씀 들으니까 좀 괜찮아지는 것 같아요. 이렇게 불안해한다고 해서 시간이 빠르게 흐르는 것도 아니고. 제 감정으로 업무에 지장을 주면 승진이 된다고 해도 오늘이 부끄러울 것 같아요.	N	2022-08-29 09:55:44	2022-11-08 05:08:11
BE22016256	14	1	좀 괜찮아졌다니 너무 다행이에요. 그럼 저 밥 먹고 들어가는 길에 샌드위치라도 사다 드릴게요.	N	2022-08-29 09:55:44	2022-11-08 05:08:11
BE22016256	15	0	지금 밥은 좀 들고 계세요? 배가 좀 차면 더 괜찮아질 것 같아서 점심 먹으려고요.	N	2022-08-29 09:55:44	2022-11-08 05:08:11
BE22016256	16	1	지금 식당에서 줄 서고 있어요. 얼른 오세요! 같이 점심 맛있게 먹고 일합시다!	Y	2022-08-29 09:55:44	2022-11-08 05:08:11
