id	utterance_id	utterance_type	utterance_text	terminate	regDate	updDate
BE22001224	1	0	회사에서 매일 야근이 이어지는 것도 서러운데 어제는 아내에게 어이없는 말을 들었어요.	N	2022-06-14 07:01:55	2022-11-08 03:32:17
BE22001224	2	1	피곤하신 채로 퇴근하시더니 그런 일이 있으셨군요.	N	2022-06-14 07:01:55	2022-11-08 03:32:17
BE22001224	3	0	업무니까 필요하면 야근이 아니라 밤샘이라도 해야죠. 그런데 유난히 야근이 많아지니 아내가 어제는 이상한 소리를 하더라고요.	N	2022-06-14 07:01:55	2022-11-08 03:32:17
BE22001224	4	1	뭐라고 하셨는데, 이렇게 서운해하실까?	N	2022-06-14 07:01:55	2022-11-08 03:32:18
BE22001224	5	0	혹시 바람이 난 게 아니냐는 거예요. 퇴근하고 다른 여자를 만나서 놀다 오면서 야근이라고 핑계를 대는 게 아니냐고.	N	2022-06-14 07:01:55	2022-11-08 03:32:18
BE22001224	6	1	하하, 사모님의 말씀도 이해가 가지만 과장님이 정말 억울하셨겠어요. 저 같아도 억울했을 거 같은데요.	N	2022-06-14 07:01:55	2022-11-08 03:32:18
BE22001224	7	0	그러니까요. 너무 피곤하니까 싸울 힘도 없어서 그냥 아니라고 했더니 오히려 더 오해를 하는 눈치였어요.	N	2022-06-14 07:01:55	2022-11-08 03:32:18
BE22001224	8	1	사모님이 임신 중이셔서 많이 예민하신 상태인가 봐요. 그럴 땐 오히려 세세히 설명해드려야 할 것 같아요.	N	2022-06-14 07:01:55	2022-11-08 03:32:18
BE22001224	9	0	그렇다 하더라도 야근인 걸 뻔히 알면서 말도 안 되는 오해를 하는 건 참을 수가 없더라구요.	N	2022-06-14 07:01:55	2022-11-08 03:32:18
BE22001224	10	1	과장님을 잘 아실 텐데 왜 그러셨을까요? 평소에 사모님께 온갖 신경을 다 써주고 계신 걸 느끼셨을 텐데.	N	2022-06-14 07:01:55	2022-11-08 03:32:18
BE22001224	11	0	정말 바람이나 피우고 그런 말을 들었으면 속이나 덜 상하지요.	N	2022-06-14 07:01:55	2022-11-08 03:32:18
BE22001224	12	1	과장님도 오죽이나 억울하시면 그런 말씀까지 하실까요? 너무 그 말을 마음에 담아두지 마세요.	N	2022-06-14 07:01:55	2022-11-08 03:32:18
BE22001224	13	0	그래야죠. 잦은 야근이 제 죄는 아니지만, 아내 입장에서는 예민한 시기이니 그럴 수 있다고 생각은 드네요.	N	2022-06-14 07:01:55	2022-11-08 03:32:18
BE22001224	14	1	사모님과 단둘이 오붓한 시간을 좀 보내세요. 입덧 중이시니 맛있는 것도 사드리며 상황을 잘 설명하시면 될 거예요.	N	2022-06-14 07:01:55	2022-11-08 03:32:18
BE22001224	15	0	프로젝트가 끝나면 휴가를 내서 며칠 여행이라도 다녀와야겠어요. 바람을 피우는 게 아니라 바람을 쐬러.	N	2022-06-14 07:01:55	2022-11-08 03:32:18
BE22001224	16	1	제가 더 열심히 일해서 프로젝트가 빨리 끝낼 수 있도록 노력하겠습니다.	Y	2022-06-14 07:01:55	2022-11-08 03:32:18
