id	utterance_id	utterance_type	utterance_text	terminate	regDate	updDate
BE22011869	1	0	내일 승진 발표가 있던데, 저 혼자 밀려날까봐 불안해요. 인사과에서 하는 얘기를 얼핏 들었는데, 이번에 승진할 사람들이 이미 다 정해져 있었다고 하더라고요.	N	2022-07-26 09:27:37	2022-11-08 04:40:44
BE22011869	2	1	감정화자씨도 그 리스트 안에 있는 거 아니에요? 아직 결과가 안 나왔고, 저는 충분히 가능성 있다고 보는데.	N	2022-07-26 09:27:37	2022-11-08 04:40:44
BE22011869	3	0	저도 그렇게 긍정적으로 생각해보려 했는데, 이번에 큰 계약을 따낸 팀원들 있잖아요. 그 사람들이 인사과하고 친하더라고요. 완전 그들만의 리그에요.	N	2022-07-26 09:27:37	2022-11-08 04:40:44
BE22011869	4	1	그런 일이 있었죠. 심지어 기사도 났을 정도니까요.	N	2022-07-26 09:27:37	2022-11-08 04:40:44
BE22011869	5	0	제가 상사여도 훨씬 두각이 드러날 만한 일을 해낸 쪽을 먼저 승진시키고 싶을 것 같아요. 그런데, 다른 사람들이 제게 뒤처지는 사람이라고 손가락질할까 봐 무서워요.	N	2022-07-26 09:27:37	2022-11-08 04:40:44
BE22011869	6	1	누가 실제로 그런 얘기를 했었어요?	N	2022-07-26 09:27:37	2022-11-08 04:40:44
BE22011869	7	0	직접 들은 건 아니에요. 예전부터 스스로를 타인과 비교하면서 열등감에 쉽게 휩싸이곤 했거든요. 그런 성향에서 비롯된 안 좋은 습관 같아요.	N	2022-07-26 09:27:37	2022-11-08 04:40:44
BE22011869	8	1	그래서 속으로 계속 사시나무 떨듯이 불안에 떨고 있었어요?	N	2022-07-26 09:27:37	2022-11-08 04:40:44
BE22011869	9	0	마음이 좀체 진정되질 않더라고요. 누군가는 과한 욕심이라고 생각할 수 있겠지만, 저도 승진의 기회가 있다면 놓치고 싶지 않아져요.	N	2022-07-26 09:27:37	2022-11-08 04:40:44
BE22011869	10	1	아무도 감정화자씨를 보고 욕심부린다고 생각하지 않을 거예요. 오랫동안 보이지 않는 곳에서 얼마나 일을 열심히 해왔는데요.	N	2022-07-26 09:27:37	2022-11-08 04:40:44
BE22011869	11	0	저도 저 자신을 깎아내리고 싶진 않은데, 자꾸 다른 사람과 저를 비교하게 돼요.	N	2022-07-26 09:27:37	2022-11-08 04:40:44
BE22011869	12	1	그 마음 모르는 게 아니어서 더욱 공감돼요. 괜찮다고 얘기해드리고 싶지만, 지금 상황에서는 마음에 와닿지도 않죠. 그래도 제가 위로해드리고 싶은 마음은 진심이에요.	N	2022-07-26 09:27:37	2022-11-08 04:40:44
BE22011869	13	0	좋게 얘기해주셔서 감사해요. 차라리 내일이 빨리 왔으면 좋겠네요.	N	2022-07-26 09:27:37	2022-11-08 04:40:44
BE22011869	14	1	결과가 어떻게 나오든, 저는 항상 감정화자씨 편인 거 알아주셨으면 좋겠어요.	N	2022-07-26 09:27:37	2022-11-08 04:40:44
BE22011869	15	0	이렇게 제 편이 하나라도 있다는 점이 마음을 편하게 해주네요. 이루 말로 다 설명드릴 수 없을 정도로 감사해요.	Y	2022-07-26 09:27:37	2022-11-08 04:40:44
