id	utterance_id	utterance_type	utterance_text	terminate	regDate	updDate
BE22018050	1	0	옆구리 시린 계절이 다가오네요. 올해도 좋은 인연은 만나지도 못하고 시간만 흐르는 거 같아서 불안해져요. 사실은 제가 한 번도 여자 친구를 사귀어 본 적이 없어서 더 불안한 마음이 드나 봐요.	N	2022-09-14 00:11:11	2022-11-08 05:19:05
BE22018050	2	1	정말요? 워낙 사교적이고 활동적이셔서 인기도 많으실 것 같아서 전혀 몰랐어요. 원래 인연은 어디서 어떻게 나타날지 아무도 모르는 일이라니 너무 마음 쓰지 마세요.	N	2022-09-14 00:11:11	2022-11-08 05:19:05
BE22018050	3	0	유독 이성만 마주하면 평소의 제 모습이 안 나오더라고요. 부끄러워서 먼저 말 걸기도 쉽지 않고 눈도 못 마주치겠어요. 제가 봐도 정말 한심해 보이는 데 어느 여자가 저 같은 사람을 좋아하겠어요.	N	2022-09-14 00:11:11	2022-09-14 00:11:11
BE22018050	4	1	너무 의식하지 않고 가볍게 친구 대하듯 하시면 훨씬 매력을 어필하실 수 있을 거 같아요. 그리고 사람에게 호감을 느끼는 것에는 객관적인 기준이 있는 게 아니잖아요. 마치 자신에게만 끌리는 자석이 있는 것처럼 감정화자님의 매력을 알아봐 주는 분이 나타날 거예요.	N	2022-09-14 00:11:11	2022-11-08 05:19:05
BE22018050	5	0	그럴까요? 남들은 다 쉽게 연애하는 것 같은데 왜 저는 못하는지. 제가 너무 못나 보여서 우울하네요.	N	2022-09-14 00:11:11	2022-09-14 00:11:11
BE22018050	6	1	커플인 주변 사람들의 모습을 보면 부럽기도 하고 나는 언제 좋은 인연이 생길까 속상하셨겠어요. 그렇지만 아직 감정화자님만의 인연을 못 만나서 그런 거 아닐까요. 사람과 사람이 만나 인연이 되기까지는 시간도 오래 걸리는 건 당연하니 너무 조급하게 생각하지 마세요.	N	2022-09-14 00:11:11	2022-11-08 05:19:05
BE22018050	7	0	이 나이 먹도록 연애다운 연애 한 번 못 해보고 자괴감이 들어요. 가끔씩 하자 있는 거 아니냐는 농담이라도 들으면 제가 너무 작아지는 기분이에요.	N	2022-09-14 00:11:11	2022-11-08 05:19:05
BE22018050	8	1	누구나 처음엔 모태솔로였고 연애가 인생의 전부가 아닌데 저라도 너무 상처받고 기분 나빴을 거예요. 처음부터 연애 잘하는 사람도 없고 그런 것보다는 누구를 만나느냐가 더 중요한 거잖아요. 남이 멋대로 판단하는 거에 상처받지 마시고 기운 내셨으면 좋겠어요.	N	2022-09-14 00:11:11	2022-11-08 05:19:05
BE22018050	9	0	그래야 하는데 시작도 전에 자꾸 여러 가지를 신경 쓰게 되고 용기 내기가 쉽지 않네요. 연애를 어떻게 시작해야 할지 모르고. 서툴러서 연애를 해도 사이를 잘 유지할 수 있을지 걱정이에요.	N	2022-09-14 00:11:11	2022-11-08 05:19:05
BE22018050	10	1	저도 처음에는 어디서부터 시작하고 어떤 방식으로 만나야 하는지 고민이 많았기에 어떤 마음이실지 이해가 돼요. 하지만 걱정보다는 일단 시도해 보고 직접 부딪혀 보는 게 제일인 거 같아요. 사람들도 만나고 해야 기회도 생길 테니 기다리지만 말고 여러 가지 활동들을 해보시는 건 어떠세요?	N	2022-09-14 00:11:11	2022-11-08 05:19:05
BE22018050	11	0	마음을 급하게 먹으면 일을 그르친다는데 제가 그럴까 봐 불안한걸요. 숙맥이라 어떻게 다가가야 할지 도저히 감이 안 오고. 그렇지만 또 가만히 있을 수도 없고 초조하고 조바심만 나요.	N	2022-09-14 00:11:11	2022-11-08 05:19:05
BE22018050	12	1	연애도 결국 자기 의지가 있고 노력이 있을 때 가능한 것 같아요. 자신감을 가지고 감정화자님만의 매력을 뽐내다 보면 어느 순간 딱 맞는 분을 만나실 거라 믿어요. 용기 낸 만큼 좋은 결과 있을 테니 너무 주눅 들지 말고 자신감을 가지세요.	N	2022-09-14 00:11:11	2022-11-08 05:19:05
BE22018050	13	0	그렇겠죠? 공감화자님 말씀대로 아무것도 안 하고 있으면 변하는 게 없을 거 같아요. 후회하지 않게 용기 내봐도 괜찮겠죠?	N	2022-09-14 00:11:11	2022-11-08 05:19:05
BE22018050	14	1	그럼요. 제가 봐도 공감화자님은 잠 멋있는 분이시니 분명 그런 좋은 점들을 알아보시는 분이 나타날 거예요. 시작이 반이라는데 용기를 내셨으니 금방 좋은 인연 만나실 거 같아요. 저도 곁에서 응원하고 있을게요.	N	2022-09-14 00:11:11	2022-11-08 05:19:05
BE22018050	15	0	그렇게 말씀해 주시니 덕분에 다시 한 발 내디딜 용기가 좀 나는 거 같아요. 저도 곧 좋은 사람 만날 수 있을 것만 같은 기분이 들어요. 용기 주시고 위로해주셔서 정말 감사합니다.	Y	2022-09-14 00:11:11	2022-11-08 05:19:05
