id	utterance_id	utterance_type	utterance_text	terminate	regDate	updDate
BE22016486	1	0	공감화자씨, 공감화자씨도 아이 키울 때 입에 다 가져가는 시기 겪으셨어요? 요즘 아이가 그 시기를 겪고 있어서 불안해 죽겠어요, 정말.	N	2022-08-30 08:04:03	2022-08-30 08:04:03
BE22016486	2	1	저희 아이도 그런 시기가 있었죠. 손에 뭘 쥐여 주든 다 입으로 가져가서 한동안 아무것도 안 쥐여 주려고 했어요.	N	2022-08-30 08:04:03	2022-11-08 05:09:37
BE22016486	3	0	부모의 마음은 다 똑같겠지만, 아이가 성큼 자란 것 같아 대견하고 뿌듯하기도 하지만 불안함도 커요. 혹시라도 입에 넣으면 안 되는 걸 넣어서 큰일이라도 생길까 봐 걱정스럽고요.	N	2022-08-30 08:04:03	2022-11-08 05:09:37
BE22016486	4	1	그 마음 이해해요, 저도 아이가 자꾸 다 입에 가져가는 게 너무 불안했거든요. 아이에서 눈을 떼는 것도 마음에 걸리고 아무것도 손에 잡히지 않는 마음이겠어요.	N	2022-08-30 08:04:03	2022-11-08 05:09:37
BE22016486	5	0	집에 큰아이가 있다 보니까 장난감을 늘어뜨려 놓거든요. 그걸 작은 아이가 주워서 입에 다 가져다 넣는데, 지켜보고 있으면 위험할 때가 많아요. 장난감이라도 뾰족하고 날카로운 게 있다 보니까요.	N	2022-08-30 08:04:03	2022-11-08 05:09:37
BE22016486	6	1	큰아이는 자기대로 놀고 있는 건데 하지 말라고 할 수도 없고, 이러지도 저러지도 못하겠어요. 그렇다고 작은 아이를 종일 묶어두면서 입에 아무것도 못 넣게 감시할 수도 없는 노릇이니까요. 걱정스러운 마음에 애탈 것 같아요, 감정화자씨 괜찮아요?	N	2022-08-30 08:04:03	2022-11-08 05:09:37
BE22016486	7	0	저희 엄마가 출근하는 동안 봐주시는데 엄마는 옛날 분이니까요. 아무래도 아이는 내버려 둬도 알아서 자란다고 생각해서 아이가 입에 뭘 넣어도 내버려 두세요.	N	2022-08-30 08:04:03	2022-11-08 05:09:37
BE22016486	8	1	에고, 어머니와 육아 방식이 달라서 또 불안한 마음도 있군요. 하지만 감정화자씨를 이렇게 멋지게 키워낸 어머니이시잖아요, 틀림없이 아무 문제 없을 거예요. 아이를 사랑하고, 아무 문제 없이 잘 자랐으면 하는 건 똑같은 마음일 테니까요.	N	2022-08-30 08:04:03	2022-11-08 05:09:37
BE22016486	9	0	그렇긴 하지만 저번에는 큰아이가 가지고 노는 장난감을 입에 넣어서 작은 아이가 다쳤거든요. 크게 다친 건 아닌데 입에 상처도 나고, 아이가 아파하면서 우니까 얼마나 마음이 안 좋던지.	N	2022-08-30 08:04:03	2022-11-08 05:09:37
BE22016486	10	1	그런 일이 있었군요, 우리 아이가 아프지 않고 건강했으면 하는 마음인데 얼마나 가슴이 철렁했을까요! 하지만 감정화자씨, 지금도 아이를 위해 최선을 다하고 있는 자신을 좀더 믿어보는 건 어때요. 일어나지 않을 일을 걱정하며 스스로 마음을 궁지에 몰아넣는 건 너무 속상한 일이니까요.	N	2022-08-30 08:04:03	2022-11-08 05:09:37
BE22016486	11	0	맞아요, 그렇네요. 제가 너무 저를 못 믿고 걱정만 하고 있었던 것 같네요.	N	2022-08-30 08:04:03	2022-11-08 05:09:37
BE22016486	12	1	엄마로서 아이에게 탈이 생길까 봐 불안하고 걱정스러운 건 어쩌면 당연한 일일 거예요. 하지만 아이의 모든 걸 통제하려고 하고, 불안하고 걱정하다 보면 감정화자씨 마음이 너무 힘들 것 같아요. 지금도 너무 잘하고 있으니까 자신과 주변을 믿고 편하게 생각하며 마음을 내려놓아요.	N	2022-08-30 08:04:03	2022-11-08 05:09:37
BE22016486	13	0	공감화자씨 말이 맞아요. 덕분에 기분이 많이 나아졌어요. 아이라면 누구든 겪는 시기이니까 얼른 지나가기만을 바라야겠어요.	N	2022-08-30 08:04:03	2022-11-08 05:09:37
BE22016486	14	1	감정화자씨는 지금도 너무 잘하고 있고, 아이를 위해주고 있어요. 이렇게 걱정해주는 감정화자씨 덕분에 아이는 정말 행복하게 자라겠네요.	Y	2022-08-30 08:04:03	2022-11-08 05:09:37
