id	utterance_id	utterance_type	utterance_text	terminate	regDate	updDate
BE22006628	1	0	딸이 학원이 이제 끝나는 바람에, 지금 남편이 마중을 나갔어요.	N	2022-07-06 12:09:52	2022-11-08 04:07:06
BE22006628	2	1	이 늦은 시간에요? 딸이 정말 고생하네요. 남편분도 딸이 걱정되셔서 나가시는 걸 보니, 무척 다정하신 성격 같아요.	N	2022-07-06 12:09:52	2022-11-08 04:07:06
BE22006628	3	0	맞아요. 남편은 알아주는 딸 바보예요. 덕분에 저는 편하고 좋죠. 보고 있으면 흐뭇하기도 하고요.	N	2022-07-06 12:09:52	2022-11-08 04:07:06
BE22006628	4	1	정말 보고만 있어도 배부르실 것 같아요. 엄마로서 딸이 아빠를 잘 따르고, 아빠가 딸 바보인 것만큼 흐뭇한 일이 없죠.	N	2022-07-06 12:09:52	2022-11-08 04:07:07
BE22006628	5	0	그러니까요. 오늘처럼 딸이 늦게 귀가하는 날에도 저는 손 하나 까딱하지 않아도 된다니까요. 얼마나 편안하고 감사한 일인지 몰라요.	N	2022-07-06 12:09:52	2022-11-08 04:07:07
BE22006628	6	1	정말 좋으시겠는데요? 그렇게 화목하고 다정한 집에서 자란다면, 딸이 나중에 꼭 부모님께 효도할 것 같아요.	N	2022-07-06 12:09:52	2022-11-08 04:07:07
BE22006628	7	0	하하. 그랬으면 좋겠네요. 사실 딸이 워낙 착해서 늘 집안 분위기가 좋은 편이에요. 오늘도 학원에서 공부하느라 늦게 귀가하는 거거든요.	N	2022-07-06 12:09:52	2022-11-08 04:07:07
BE22006628	8	1	감정화자씨께서 딸을 얼마나 아끼고 자랑스러워하는지 너무 잘 느껴지는데요? 저라도 그런 딸은 동네방네 자랑하고 싶을 것 같아요.	N	2022-07-06 12:09:52	2022-11-08 04:07:07
BE22006628	9	0	남편도 그렇고, 저도 그렇고 어디 가서 딸 자랑밖에 안 하게 되네요. 딸이 공부도 잘하고 성격도 참 좋아요. 저희를 속 썩인 적이 한 번도 없어요.	N	2022-07-06 12:09:52	2022-11-08 04:07:07
BE22006628	10	1	아이가 그렇게 바르게 잘 자란 데에는 감정화자씨의 덕도 큰 것 같아요. 감정화자씨는 인생에서 가족을 최우선으로 생각하고 늘 최선을 다하시잖아요. 그러니 가족이 평화롭고 서로 사랑하는 분위기가 될 수밖에 없는 것 같아요.	N	2022-07-06 12:09:52	2022-11-08 04:07:07
BE22006628	11	0	공감화자씨가 그렇게 말씀해 주시니 저 너무 행복한데요? 공감화자씨랑 이야기하고 나면 제가 정말 멋진 사람이 된 것 같아요.	N	2022-07-06 12:09:52	2022-11-08 04:07:07
BE22006628	12	1	멋진 사람 맞죠! 아이도 훌륭하게 잘 키우셨고, 남편분과도 사랑이 넘치시잖아요. 감정화자씨께서 가정의 중심을 잘 잡아주시는 덕이죠.	N	2022-07-06 12:09:52	2022-11-08 04:07:07
BE22006628	13	0	정말 감사해요. 늘 제게 진심 어린 칭찬을 해 주셔서 얼마나 힘이 되는지 몰라요.	N	2022-07-06 12:09:52	2022-11-08 04:07:07
BE22006628	14	1	저야말로 감정화자씨가 늘 따뜻하고 사랑이 넘치는 이야길 해 주시는 덕분에 저까지 힘이 나요. 앞으로도 이런 이야기 자주 말씀해 주세요.	N	2022-07-06 12:09:52	2022-11-08 04:07:07
BE22006628	15	0	들어 주시면 저야 감사하죠! 공감화자씨도 종종 말씀하고 싶으신 게 있으시면 저를 찾아와 주세요.	Y	2022-07-06 12:09:52	2022-11-08 04:07:07
