id	utterance_id	utterance_type	utterance_text	terminate	regDate	updDate
BE22012964	1	0	나 결혼하고 정말 사랑받는 기분 들어서 너무 행복해. 하루하루가 너무 기뻐.	N	2022-08-03 00:42:36	2022-11-08 04:47:33
BE22012964	2	1	행복하고 기쁘다니 네가 그렇게 말하니까 너무 궁금해진다. 왜 그렇게 느끼는 거야?	N	2022-08-03 00:42:36	2022-11-08 04:47:33
BE22012964	3	0	결혼하고 남편이 매일 아침 출근하기 전에 항상 영양제를 챙겨줘. 지금까지 하루도 빠지지 않았어. 심지어 오늘은 남편이 조금 늦잠을 자서 준비하느라 정신없었는데도 챙겨주더라니까.	N	2022-08-03 00:42:36	2022-11-08 04:47:33
BE22012964	4	1	와. 정말 사랑받는 기분이 들어서 너무 행복하고 좋을 것 같아. 어떻게 보면 작은 일이지만 매일 꾸준히 한다는 것이 절대 쉽지 않잖아. 나였어도 그 섬세함과 다정함에 감격했을 거야.	N	2022-08-03 00:42:36	2022-11-08 04:47:33
BE22012964	5	0	맞아. 이따금 까먹을 법도 한데, 매일 그렇게 챙겨준다는 게 정말 무지 고마워. 남편이 나를 정말 많이 사랑한다는 것이 느껴져서 정말 매일 아침이 기뻐.	N	2022-08-03 00:42:36	2022-11-08 04:47:33
BE22012964	6	1	하루 시작을 그렇게 기쁜 마음으로 할 수 있다니 너무 부럽다! 영양제로 몸 건강도 챙기고 남편 사랑 덕에 마음 건강도 챙길 수 있을 것 같아.	N	2022-08-03 00:42:36	2022-11-08 04:47:33
BE22012964	7	0	어머. 남편 사랑으로 마음 건강을 챙긴다니 너무 좋은 표현이다. 그러고 보니 요즘 불안함도 없고 마음도 든든했어. 네 말처럼 다 남편 사랑으로 심적 건강이 좋아졌나 봐.	N	2022-08-03 00:42:36	2022-11-08 04:47:33
BE22012964	8	1	가까운 사람이 살뜰히 챙겨주면 좋아질 수밖에 없지. 미혼일 때 자주 걱정하고 불안감도 있던 네가 편해졌다니 너무 안심이야. 내가 다 네 남편한테 고마워진다.	N	2022-08-03 00:42:36	2022-11-08 04:47:33
BE22012964	9	0	맞아. 내가 조금 예민한 편이라 불안감도 높고 걱정도 많았지. 특히 결혼 전에는 잘 살 수 있을까 걱정 많이 했잖아. 그런데 이렇게 남편이 잘 챙겨주니 너무 행복한 거 있지.	N	2022-08-03 00:42:36	2022-11-08 04:47:33
BE22012964	10	1	너희 부부를 보고 있으면 항상 긍정적인 에너지가 느껴져서 너무 좋았어. 그런데 이런 얘기까지 들으니 더욱 좋아 보인다. 네가 좋은 사람과 함께여서 나도 너무 기쁘다.	N	2022-08-03 00:42:36	2022-11-08 04:47:33
BE22012964	11	0	그렇게 다정하고 따뜻하게 말해줘서 고마워. 네 얘기를 듣고 나니까 왠지 남편과 더욱 잘 지내야겠다는 다짐을 하게 된다.	N	2022-08-03 00:42:36	2022-11-08 04:47:33
BE22012964	12	1	네가 이렇게 마음 따뜻해지는 소식을 전해줘서 나도 오늘 너무 행복하게 보낼 것 같아. 다음에 또 이렇게 좋은 소식이 있으면 꼭 전해줘.	N	2022-08-03 00:42:36	2022-11-08 04:47:33
BE22012964	13	0	응! 네가 이렇게 얘기를 잘해주니 내가 또 전해줘야지! 너도 그럼 잘 지내고, 좋은 소식 있으면 나한테 연락해줘!	N	2022-08-03 00:42:36	2022-11-08 04:47:33
BE22012964	14	1	그래! 신혼 생활 잘하고! 다음에 한번 보자.	Y	2022-08-03 00:42:36	2022-11-08 04:47:33
