id	utterance_id	utterance_type	utterance_text	terminate	regDate	updDate
BE22013227	1	0	정말 오랜만에 휴가를 온 것 같아요. 다른 세상에 와 있는 것 같고 기분이 좋네요. 오랜만에 신이 날 정도로 기분이 좋아요.	N	2022-08-05 06:17:31	2022-08-05 06:17:31
BE22013227	2	1	그러실 것 같아요. 코로나로 여행을 못 다닌 지 한참 되었으니까요. 상상만 해도 저도 어떤 기분이신지 알겠어요.	N	2022-08-05 06:17:31	2022-11-08 04:49:09
BE22013227	3	0	맞아요, 이렇게 햇볕 아래서 사람들과 어울려 시간을 보낸 게 2년 만이네요. 그래서 그런지 피부가 햇볕에 금방 그을렸는데도 즐겁고 신경이 전혀 안 쓰이네요.	N	2022-08-05 06:17:31	2022-11-08 04:49:10
BE22013227	4	1	어린아이처럼 신이 나신 것 같네요. 얼굴에 웃음꽃이 피셨을 것 같아요. 좋아하는 사람들과 시간을 보내는 것만큼 즐거운 일이 또 있을까 싶어요.	N	2022-08-05 06:17:31	2022-11-08 04:49:10
BE22013227	5	0	맞아요. 게다가 성수기를 피해서 와 그런지 남들 신경 쓰지 않고 놀 수 있어서 아주 좋네요. 일상에서 탈출해 다른 세상에 와있는 기분마저 들어요. 아이들처럼 모래성도 쌓고 물놀이도 하니 정말 어린 아이가 된 기분마저 들어요.	N	2022-08-05 06:17:31	2022-11-08 04:49:10
BE22013227	6	1	말씀만 들어도 함께 들뜨는 기분이에요. 저도 당장이라도 짐을 싸서 떠나고 싶어지네요.	N	2022-08-05 06:17:31	2022-11-08 04:49:10
BE22013227	7	0	기회가 되신다면 함께 오셔도 아주 좋을 것 같아요. 좋은 장소를 발견해서 공감화자님께도 꼭 알려드리고 싶었어요. 그리고 이런 기분을 같이 느껴보고 싶고요.	N	2022-08-05 06:17:31	2022-08-05 06:17:31
BE22013227	8	1	상상만 해도 즐겁네요. 좋은 장소에서 저를 떠올려 주신 것에도 감사해요. 그간 힘든 일도 많으셨는데 그동안의 스트레스는 모두 날려 버리고 오셨으면 좋겠어요.	N	2022-08-05 06:17:31	2022-11-08 04:49:10
BE22013227	9	0	햇볕을 받으면서 모래찜질도 하고 튜브도 가지고 노니 정말 스트레스가 모두 날아가는 기분이에요. 피부가 그을리는 것도 전혀 신경 쓰이지 않고 며칠 더 이곳에 있고 싶어지네요. 정말 오랜만에 이렇게 신이 나는 것 같아요.	N	2022-08-05 06:17:31	2022-11-08 04:49:10
BE22013227	10	1	문자에서도 가벼워진 기분이 느껴지네요. 어린아이 같은 순수함을 아직 간직하고 계시네요. 평소 밝고 긍정적인 에너지는 그 순수함에서 나온 거였나 봐요.	N	2022-08-05 06:17:31	2022-11-08 04:49:10
BE22013227	11	0	하하하, 저에게 아직도 순수함이 남아 있었던 걸까요. 그렇게 말씀해 주시니 앞으로는 더욱더 긍정 에너지를 나눠야겠다 싶어지는데요. 이 기분이라면 돌아가서 몇 배는 더 신나게 생활할 수 있을 것 같아요.	N	2022-08-05 06:17:31	2022-08-05 06:17:31
BE22013227	12	1	그 말씀을 들으니 저까지 활기가 도는 것 같습니다. 원래의 밝고 활기찬 모습을 되찾으신 것 같아서 제 마음이 흐뭇해집니다.	N	2022-08-05 06:17:31	2022-11-08 04:49:10
BE22013227	13	0	뭐든 할 수 있을 것 같은 기분마저 들어요. 휴식이 이렇게 중요하고 자연에서 햇볕에 피부를 그을리는 게 정말 마음 건강에 좋구나 싶어 추천하고 싶어지네요.	N	2022-08-05 06:17:31	2022-11-08 04:49:10
BE22013227	14	1	그 정도로 기분 전환이 되셨다니 신기할 정도인데요. 새로운 기대로 즐거움에 가득 차신 것 같아요. 휴식하시면서도 앞으로 나아갈 일을 생각하시는 진취적인 모습은 참 본받아야 할 부분인 것 같아요.	N	2022-08-05 06:17:31	2022-11-08 04:49:10
BE22013227	15	0	이렇게 칭찬을 해주시니 신이 나다 못해 두 발이 땅에 닿지 않는 기분입니다. 햇볕에 그을린 피부는 다시 원래대로 돌아가겠지만 이 기분은 영원히 간직하고 싶네요. 돌아가면 또 연락드리겠습니다.	Y	2022-08-05 06:17:31	2022-11-08 04:49:10
