id	utterance_id	utterance_type	utterance_text	terminate	regDate	updDate
BE22000129	1	0	오늘 처음으로 가게 문을 일찍 닫았어.	N	2022-06-08 08:14:55	2022-11-08 03:25:03
BE22000129	2	1	왜? 무슨 일 생겼어?	N	2022-06-08 08:14:55	2022-11-08 03:25:03
BE22000129	3	0	아주 좋은 일이지. 지난달에 사찰음식 식당을 개업했잖아.	N	2022-06-08 08:14:55	2022-11-08 03:25:04
BE22000129	4	1	그래. 명퇴하고 한동안 고민이 많더니 아내랑 같이 창업했다는 얘기 들었어. 장사가 매우 잘되고 있는 거야?	N	2022-06-08 08:14:55	2022-11-08 03:25:04
BE22000129	5	0	아내랑 협심해서 믿고 장사를 시작하긴 했지만 내심 불안한 마음도 있었거든. 근데 오늘 재료가 소진돼서 일찍 마감을 했어!	N	2022-06-08 08:14:55	2022-11-08 03:25:04
BE22000129	6	1	그거 정말 잘된 일이다! 꾸준히 손님이 오는 것도 중요하지만 준비한 재료를 모두 소진할 정도로 많은 사람이 왔다는 거니 기분이 막 날아갈 것 같겠어.	N	2022-06-08 08:14:55	2022-11-08 03:25:04
BE22000129	7	0	응! 오늘같이 재료가 일찍 소진되는 일이 생기니까 막 흥분되는 거야. 이게 처음 있는 일이거든.	N	2022-06-08 08:14:55	2022-11-08 03:25:04
BE22000129	8	1	듣기만 해도 너무 기분 좋은 일인걸. 제수씨가 워낙 음식 솜씨가 있긴 했지만 너희 가게 음식 정말 맛있긴 한가 보구나.	N	2022-06-08 08:14:55	2022-11-08 03:25:04
BE22000129	9	0	그러게. 워낙 손이 커서 장사하라는 말을 자주 듣긴 했지만, 엄두도 내지 못하고 있었는데. 막상 해보니 어려운 부분도 있지만 재미도 있더라고.	N	2022-06-08 08:14:55	2022-11-08 03:25:04
BE22000129	10	1	쉬운 일이 어디 있겠어. 그래도 그간의 고민과 노력이 빛을 보려고 하는 거 같다. 너무 잘 됐어!	N	2022-06-08 08:14:55	2022-11-08 03:25:04
BE22000129	11	0	그래서 앞으로는 재료의 양을 조금 늘려볼까? 생각하고 있어.	N	2022-06-08 08:14:55	2022-11-08 03:25:04
BE22000129	12	1	장사가 잘되면 당연히 그래야지. 그런데 너와 네 아내 둘이서 하는데 괜찮을까? 체력적으로 무리가 되는 건 아니고?	N	2022-06-08 08:14:55	2022-11-08 03:25:04
BE22000129	13	0	갑자기 많은 양을 하기에는 무리가 있어서 조금씩 늘리는 방향으로 아내와 상의하려고.	N	2022-06-08 08:14:55	2022-11-08 03:25:04
BE22000129	14	1	그래, 너무 무리하지는 마. 언제나 건강이 우선이야.	Y	2022-06-08 08:14:55	2022-11-08 03:25:04
