id	utterance_id	utterance_type	utterance_text	terminate	regDate	updDate
BE22013211	1	0	지금 내 마음은 기쁨으로 가득 차 있어. 어제 친한 친구들과 오붓하게 모여서 조촐하게 생일 파티를 열었거든. 함께 의미 있는 시간을 보낸 것 같아서 정말 만족스러워.	N	2022-08-05 04:20:57	2022-08-05 04:20:57
BE22013211	2	1	기쁜 마음으로 생일 파티를 했다니 나도 정말 기분이 좋네. 난 외국에 출장온 바람에 참석 못 해서 정말 아쉽기는 하지만 말이야.	N	2022-08-05 04:20:57	2022-11-08 04:49:04
BE22013211	3	0	이번이 내 서른 번째 생일이잖아. 20대를 보내고 30대를 맞이하는 생일이어서 무척 특별한 느낌이 들어서 좋았어.	N	2022-08-05 04:20:57	2022-08-05 04:20:57
BE22013211	4	1	그러고 보니 이제 우리 서른이 되는구나. 생일을 맞이하는 기분이 남달랐을 것 같아.	N	2022-08-05 04:20:57	2022-08-05 04:20:57
BE22013211	5	0	무엇보다 20대를 무사히 보낸 것 같아서 마음이 편안하고 안도감이 밀려왔어. 새로운 30대를 시작하는 설렘도 느껴져서 행복했고.	N	2022-08-05 04:20:57	2022-08-05 04:20:57
BE22013211	6	1	와, 생일에 그런 의미를 두면 새로운 기쁨을 느낄 수 있을 것 같아. 네 이야기를 들으니 내 입가에도 미소가 떠오르는걸.	N	2022-08-05 04:20:57	2022-11-08 04:49:04
BE22013211	7	0	어제 친구들과 이런저런 이야기를 나누면서 정말 행복했어. 모두 큰 사고 없이 20대를 무사히 지나온 것 같아서 감사한 마음도 들고.	N	2022-08-05 04:20:57	2022-11-08 04:49:04
BE22013211	8	1	그렇게 서로 격려해 주고 아끼는 분들이 있으면 정말 행복하지. 나도 얼른 일 마치고 돌아가서 반가운 친구들 얼굴 보고 싶네.	N	2022-08-05 04:20:57	2022-11-08 04:49:04
BE22013211	9	0	어제는 생일을 맞아 친구들과 뜻깊은 이야기도 많이 나눴어. 세상에 태어난 기쁜 날이니 그 기쁨을 다른 사람들과 나누고 싶다는 생각도 들고.	N	2022-08-05 04:20:57	2022-11-08 04:49:04
BE22013211	10	1	와, 친구들 사이에서 그런 속 깊은 대화도 오가고, 정말 멋진걸. 내 주위에 그런 분들이 있다는 게 자랑스러워.	N	2022-08-05 04:20:57	2022-11-08 04:49:04
BE22013211	11	0	그래서 어제 친구들과 상의해서 생일 기념으로 적은 금액이지만 기부를 시작했어. 생일 파티에서 그런 결정을 한 게 정말 만족스러워.	N	2022-08-05 04:20:57	2022-08-05 04:20:57
BE22013211	12	1	넌 누구보다 마음이 따뜻하고 상대방을 먼저 배려하잖아. 어려움에 처한 사람들을 보면 늘 도움의 손길을 먼저 내밀고. 생일 파티를 하면서 그런 결정을 했다니, 정말 멋진 날이었을 것 같아.	N	2022-08-05 04:20:57	2022-08-05 04:20:57
BE22013211	13	0	격려해 주니 정말 기분 좋은걸. 너와 이야기 나누다 보니 기쁨이 두 배가 된 것 같아.	N	2022-08-05 04:20:57	2022-11-08 04:49:04
BE22013211	14	1	나도 너를 보면 많은 것을 배우고 늘 긍정적인 에너지를 얻게 돼. 진심으로 고맙게 생각해.	N	2022-08-05 04:20:57	2022-11-08 04:49:04
BE22013211	15	0	내게 너 같은 사람이 있는 건 큰 행운이야. 넌 내게 정말 소중한 사람이야. 정말 고마워.	Y	2022-08-05 04:20:57	2022-11-08 04:49:04
