id	utterance_id	utterance_type	utterance_text	terminate	regDate	updDate
BE22000777	1	0	공감화자님, 혼자서 해 질 녘에 숲길 산책해 본 적 있어요?	N	2022-06-13 07:59:37	2022-11-08 03:29:19
BE22000777	2	1	네, 난 산책 좋아해서 종종 자주 걸어요.	N	2022-06-13 07:59:37	2022-11-08 03:29:19
BE22000777	3	0	이번에 제주도에 한 달 살기 시작하면서 처음으로 이 무렵에 산책을 해봤는데, 뭔가 말로 설명할 수 없이 모든 것이 너무 좋았어요.	N	2022-06-13 07:59:37	2022-11-08 03:29:19
BE22000777	4	1	선선한 바람맞으면서 혼자 걸으면 괜히 기분이 차분해지면서 모든 것에 감사하게 되는 그런 기분이 들지요. 어떤 걸 말하는지 나도 알 것 같아요.	N	2022-06-13 07:59:37	2022-11-08 03:29:19
BE22000777	5	0	공감화자님은 자주 걸으니까 잘 알겠어요. 내 기분을 자세히 설명하지 않아도 다 알고 있는 것 같네?	N	2022-06-13 07:59:37	2022-11-08 03:29:19
BE22000777	6	1	그럼, 산책하는 사람의 즐거움은 산책하는 사람만이 알 수 있지요. 그나저나 요즘 날씨가 선선하니 걷기에 딱 좋아서 안성맞춤이었겠어요.	N	2022-06-13 07:59:37	2022-11-08 03:29:19
BE22000777	7	0	정말 좋았어요. 평소에 운동을 좋아하지 않아서 걷는 것도 귀찮아했었는데, 도시에서 벗어나 자연 속에서 걸으니까 나도 조금씩 달라지는 것 같아요.	N	2022-06-13 07:59:37	2022-11-08 03:29:19
BE22000777	8	1	지금 생활에 만족하고 있다니 잘 됐는걸? 훌쩍 간 김에 제대로 쉬고 오자고요.	N	2022-06-13 07:59:37	2022-11-08 03:29:19
BE22000777	9	0	아등바등하면서 목표를 이루다 보니 문득 너무 갑갑하다는 생각이 들더라고요. 내 생활도 주변 환경도 나를 옥죄는 것 같아서 나에게 여유를 주자고 마음을 먹었지요.	N	2022-06-13 07:59:37	2022-11-08 03:29:19
BE22000777	10	1	삶의 여유를 찾아가는 것 같아 정말 보기 좋아요. 그동안 취업에, 공부에 너무도 바쁘게 달려왔으니까 이제는 여유롭게 너를 돌보는 시간을 가지는 것도 좋을 것 같아요.	N	2022-06-13 07:59:37	2022-11-08 03:29:19
BE22000777	11	0	그러게 말이에요. 지금이라도 여유롭게 푹 쉴 수 있게 돼서 너무 좋아요. 산책하기를 너무 잘한 것 같아요.	N	2022-06-13 07:59:37	2022-11-08 03:29:19
BE22000777	12	1	혼자서 조용한 곳을 천천히 걷는 게 생각을 정리하거나 마음을 정돈하는 데에 아주 큰 도움이 된데요. 예전에 철학자들도 종종 산책을 즐겼다고 하더라고요. 모처럼 쉬러 가서 만족스러운 산책을 했다니 정말 다행이네요.	N	2022-06-13 07:59:37	2022-11-08 03:29:19
BE22000777	13	0	네, 그러려고요. 다음에 한 번 놀러 와서 함께 산책해요.	N	2022-06-13 07:59:37	2022-11-08 03:29:20
BE22000777	14	1	언제 한 번 초대해 줘요. 바로 놀러 갈게요.	Y	2022-06-13 07:59:37	2022-11-08 03:29:20
