id	utterance_id	utterance_type	utterance_text	terminate	regDate	updDate
BE22011640	1	0	요즘 복이 들어오는 달인가 봐요. 좋은 일이 많이 생기네요.	N	2022-07-25 15:04:18	2022-11-08 04:39:13
BE22011640	2	1	좋은 소식인걸요? 어떤 일화인지 저한테도 자랑 좀 해주세요.	N	2022-07-25 15:04:18	2022-11-08 04:39:13
BE22011640	3	0	오늘 식당에 다녀왔는데, 식당 사장님이 서비스로 계란찜을 주셨어요. 제가 계란찜을 좋아하는 거 어찌 아시고 주신 건지. 공짜로 먹으니까 더 기분 좋은 것 있죠.	N	2022-07-25 15:04:18	2022-11-08 04:39:13
BE22011640	4	1	예상치 못한 보너스를 받으셔서 기분이 참 좋으시겠어요. 무언가를 덤으로 받는다는 것은 항상 유쾌하고 즐겁잖아요. 감정화자님이 식사에 만족하신 것 같아서 저도 기분 좋네요.	N	2022-07-25 15:04:18	2022-11-08 04:39:13
BE22011640	5	0	만족하고 말고요. 고깃집을 갔었는데, 고기가 너무 신선하고 맛있더라고요. 처음 가본 곳이었는데 가족들과 가서 정말 행복하게 식사하고 와서 배가 아주 든든했답니다.	N	2022-07-25 15:04:18	2022-11-08 04:39:13
BE22011640	6	1	주말 저녁을 풍족하게 드시고, 가족들과 좋은 시간 보내셔서 정말 뿌듯하시겠어요. 말씀 들으니까 저도 모르게 고기 먹고 싶어지네요. 주말 잘 보내신 것 같아 다행입니다.	N	2022-07-25 15:04:18	2022-11-08 04:39:13
BE22011640	7	0	요즘 이런 일이 좀 자주 있어요. 어딜 가나 서비스도 좀 받고, 남의 덕도 많이 받고 있거든요. 확실히 이번 달이 운이 좋은 달인 가봐요.	N	2022-07-25 15:04:18	2022-11-08 04:39:13
BE22011640	8	1	그동안 되게 열심히 일하시고 쉬는 날 없이 노력하셨잖아요. 그 노력에 대한 선물인 것 같은데 감정화자님은 그것을 누릴 자격이 충분하세요. 이번 한 달이 감정화자님에게 풍요로움과 행복을 불어넣는 시기가 맞나 봅니다.	N	2022-07-25 15:04:18	2022-11-08 04:39:14
BE22011640	9	0	그러게나 말이에요. 어제 식당에서 사장님도, 제가 너무 친절하셔서 계란찜을 서비스로 주신 거라고 하더라고요. 칭찬받으면서 공짜 음식을 받으니까 더 맛있는 것 같은 거 있죠.	N	2022-07-25 15:04:18	2022-11-08 04:39:14
BE22011640	10	1	감정화자님이 인사도 싹싹하게 잘하시고 사람을 진정으로 대하는 태도가 항상 제가 배워야 할 점이라고 생각했어요. 감정화자님의 그런 모습이 드러나 사장님이 서비스하고 싶게끔 하나 봅니다, 하하. 아무쪼록 되게 기분 좋으실 것 같아요.	N	2022-07-25 15:04:18	2022-11-08 04:39:14
BE22011640	11	0	너무 좋죠. 가족들 앞에서 저도 모르게 어깨가 으쓱하는 기분이랄까요.	N	2022-07-25 15:04:18	2022-11-08 04:39:14
BE22011640	12	1	어딜 가나 감정화자님은 최고의 직장인이자, 아버지이자, 아드님이시잖아요. 덕을 베푸신 만큼 돌아오는 것이라고 생각하고 그를 통해 에너지를 느껴보세요. 더 활기차고 긍정적인 하루하루를 보내실 수 있을 거예요.	N	2022-07-25 15:04:18	2022-11-08 04:39:14
BE22011640	13	0	그렇게 말해주셔서 너무 감사해요. 매번 공감화자님이랑 대화할 때마다 느끼는 건데, 너무 기분 좋네요. 역시 공감화자님뿐입니다.	N	2022-07-25 15:04:18	2022-11-08 04:39:14
BE22011640	14	1	별말씀을요. 다음에 또 좋은 소식 있으면 언제든 기쁨을 공유하자고요. 조만간 뵙고 싶어요.	N	2022-07-25 15:04:18	2022-11-08 04:39:14
BE22011640	15	0	오늘 이야기 들어주셔서 너무 감사해요. 조만간 연락 다시 드릴게요. 제가 말했던 고깃집에 모시고 가겠습니다.	Y	2022-07-25 15:04:18	2022-11-08 04:39:14
