id	utterance_id	utterance_type	utterance_text	terminate	regDate	updDate
BE22013397	1	0	기념일이 아니지만, 엄마께 분홍색 립스틱을 사드렸어요.	N	2022-08-07 11:30:39	2022-11-08 04:50:12
BE22013397	2	1	기념일이 아닐 때 선물을 준비하기 쉽지 않은데. 정말 대단하시네요. 제가 어머니면 참 뿌듯할 것 같아요.	N	2022-08-07 11:30:39	2022-11-08 04:50:12
BE22013397	3	0	네. 엄마가 정말 좋아하시더라고요. 평소에 본인을 위해 화장품을 잘 사시지 않는 분이시거든요. 그 모습을 보며 저도 괜스레 뿌듯해지더라고요.	N	2022-08-07 11:30:39	2022-11-08 04:50:12
BE22013397	4	1	안성맞춤으로 선물해드렸네요. 그뿐만 아니라 제가 어머니라면 내 아이가 벌써 이렇게 컸나 싶기도 하고, 감회가 남달랐을 것 같아요. 그리고 그런 모습을 지켜보면서 자식으로서도 기분이 최고였을 것 같고요.	N	2022-08-07 11:30:39	2022-11-08 04:50:12
BE22013397	5	0	맞아요. 사실 이렇게까지 좋아하실 줄 몰랐거든요. 예상보다 더 기뻐하시는 모습을 보니 더더욱 기분이 좋아졌어요.	N	2022-08-07 11:30:39	2022-08-07 11:30:39
BE22013397	6	1	저도 누군가에게 선물할 때 기뻐하는 모습을 보면 절로 웃음이 나더라고요. 당신은 선물을 받는 분이 부모님이라 더 기쁘고 뿌듯했을 것 같아요. 그런데 어쩌다 이런 선물을 하게 된 거예요, 기념일도 아닌데?	N	2022-08-07 11:30:39	2022-11-08 04:50:12
BE22013397	7	0	백화점에 갔는데 엄마께 어울려 보여서 그냥 사게 되었어요. 낳아주시고 키워주신 은혜에 조금씩 보답하는 의미도 있고요.	N	2022-08-07 11:30:39	2022-11-08 04:50:12
BE22013397	8	1	역시 효심이 깊은 분이시네요. 일상생활을 하다 보면 다른 일을 하느라 부모님에게 소홀해지잖아요. 그런데 지나가다 예쁜 물건들을 보면 부모님을 생각하시는 모습이 참 대단하고 멋있으신 것 같아요.	N	2022-08-07 11:30:39	2022-11-08 04:50:12
BE22013397	9	0	그렇게 말씀해주시니 조금은 부끄럽네요. 제가 너무 자랑하는 것 같아서요.	N	2022-08-07 11:30:39	2022-08-07 11:30:39
BE22013397	10	1	그럴 것 없어요. 저 역시도 선물의 힘을 한 번 더 느꼈어요. 제가 부모님을 기쁘게 해드리는 선물은 뭐가 있는지 고민하게 되는 계기가 되고 말이에요.	N	2022-08-07 11:30:39	2022-11-08 04:50:12
BE22013397	11	0	부모님은 저희가 작은 선물만 주셔도 좋아하는 것 같아요. 이번에도 대단하지 않은 선물인데도 좋아하시는 걸 보면.	N	2022-08-07 11:30:39	2022-08-07 11:30:39
BE22013397	12	1	다 내 아이가 나를 이렇게 생각해주는구나! 라고 생각하셔서 더 좋아하셨을 거예요. 세심하게 신경 쓰는 모습이 감동이기도 하고요. 그렇게 생각해보면 다시 한번 작지만 대단한 선택을 하신 것 같고요.	N	2022-08-07 11:30:39	2022-11-08 04:50:12
BE22013397	13	0	그렇게 말씀해주셔서 감사해요. 덕분에 어깨가 으쓱해지네요. 부모님의 입장에서 말씀해주셔서 더 뿌듯해질 수 있었어요.	N	2022-08-07 11:30:39	2022-08-07 11:30:39
BE22013397	14	1	그럼요, 더 으쓱해지셔도 돼요. 저도 그 모습 본받아서 부모님께 작은 선물 하나 드려봐야겠어요.	Y	2022-08-07 11:30:39	2022-11-08 04:50:12
