id	utterance_id	utterance_type	utterance_text	terminate	regDate	updDate
BE22012800	1	0	공감화자야, 요즘 날씨가 너무 추워서 밖에 나가기 너무 무서워. 그래서 오늘도 이불속에서 뭉기적거리고 있는데, 너무 좋다!	N	2022-08-02 01:55:07	2022-11-08 04:46:30
BE22012800	2	1	말만 들어도 그 편안함과 아늑함이 느껴진다. 그렇게 시간을 보낼 수 있는 네가 좀 부러운걸! 난 오늘도 일 때문에 밖을 계속 다녀야 했거든.	N	2022-08-02 01:55:07	2022-11-08 04:46:30
BE22012800	3	0	아, 힘들었겠다. 다행히 큰 프로젝트가 끝나고, 이 주 휴가 받았잖아. 그러니 이 시간이 꿀맛 같아. 프로젝트도 목표한 대로 잘 끝나서 기쁘고 말이야.	N	2022-08-02 01:55:07	2022-11-08 04:46:30
BE22012800	4	1	네가 오랜 시간 공들인 그 프로젝트를 잘 마쳤다고 들으니 나 또한 만족스럽다. 열심히 일하고 난 후에 갖는 휴식만큼 달콤한 게 있을까!	N	2022-08-02 01:55:07	2022-11-08 04:46:30
BE22012800	5	0	최근에 그 일이 끝나가면서 번아웃이 오려는지, 무기력해지고 엄청 피곤하고 그랬거든. 그래서 걱정도 꽤 했는데, 일 마치고 나니까 아무렇지도 않아 한숨 돌렸어. 그래서 그런지 지금 이렇게 뭉기적거리고 있는 시간이 반갑고 행복하다.	N	2022-08-02 01:55:07	2022-11-08 04:46:30
BE22012800	6	1	네가 그런 걱정이 있는 줄은 몰랐다. 일도 벅찬데, 그런 염려까지 했으니 많이 힘들었겠구나. 그래도 이렇게 꿀 같은 휴식을 취하고 있는 네 모습을 보니, 내가 다 편하고 좋다.	N	2022-08-02 01:55:07	2022-11-08 04:46:30
BE22012800	7	0	어 때로는 이렇게 아무것도 하지 않는 시간이 꼭 필요한 것 같아. 사회 생활하다보면 내가 뭘 하고 있는지, 어디로 가고 있는지 모를 때가 있거든. 그런 시간이 길어지면, 꼭 권태나 무기력감이 생기더라고.	N	2022-08-02 01:55:07	2022-11-08 04:46:30
BE22012800	8	1	나도 너랑 비슷한 생각을 하곤 해. 일하면서 내가 왜 이걸 하는지 목적을 잃어버릴 때가 있어. 그러면 무기력에 빠지기 쉬워지니, 너처럼 쉬면서 방향성을 찾아야 힘차게 일을 시작할 수 있게 돼.	N	2022-08-02 01:55:07	2022-11-08 04:46:30
BE22012800	9	0	너도 그런 생각을 하고 있구나. 사람들은 바쁜 자신의 모습을 자랑처럼 얘기하곤 하잖아. 그런데 난 그것보다 이렇게 이불속에서 뭉그적거리면서 느끼는 기쁜 충만감 또한 중요한 사람이거든.	N	2022-08-02 01:55:07	2022-11-08 04:46:30
BE22012800	10	1	무엇이 너에게 도움이 되고, 행복감을 주는지 아는 네 모습이 훌륭하다. 쉬는 날이 되어도, 무엇을 해야 할지 몰라 방황하는 사람들도 많은데 말이야. 너의 이런 자신감에 찬 모습을 볼 때마다 나도 힘을 얻곤 해.	N	2022-08-02 01:55:07	2022-11-08 04:46:30
BE22012800	11	0	정말? 그렇다면 다행이다. 자신이 무엇을 좋아하고, 언제 편안한 감정을 느끼는지를 알고 있는 건 정말 중요한 일 같아. 이렇게 휴가를 보내면서 얻는 행복감은 다시 시작할 수 있는 힘을 주곤 하거든. 이게 15년 동안 한결같이 일할 수 있는 내 힘인 것 같아.	N	2022-08-02 01:55:07	2022-11-08 04:46:30
BE22012800	12	1	한 자리에서 오랫동안 일하면서 쌓은 너의 내공이 느껴진다. 그렇게 자신을 알아가며, 에너지를 축적하는 네 방법은 많은 사람들에게도 도움이 될 것 같아.	N	2022-08-02 01:55:07	2022-11-08 04:46:30
BE22012800	13	0	다 각자의 방법으로 살아가는 거니까. 이건 나한테 맞는 방법인 거고. 언제나 날 좋게 봐주는 네 덕분에 기쁘고 행복한 마음이 배가 되는 것 같아.	N	2022-08-02 01:55:07	2022-11-08 04:46:30
BE22012800	14	1	그런 마음이 들었다면, 나도 행복한걸! 너와 이렇게 대화를 나누다 보면, 경험에서 나오는 대화에 진정성이 느껴져. 나 또한 많이 배운다고!	N	2022-08-02 01:55:07	2022-11-08 04:46:30
BE22012800	15	0	언제나 좋게만 봐줘서 고맙다. 나도 너랑 대화하고 나면, 마음이 얼마나 좋은지 몰라.	Y	2022-08-02 01:55:07	2022-11-08 04:46:30
