id	utterance_id	utterance_type	utterance_text	terminate	regDate	updDate
BE22006663	1	0	요즘 매일매일 뿌듯한 하루를 보내고 있습니다. 최근에 봉사활동을 시작했거든요.	N	2022-07-06 14:02:26	2022-11-08 04:07:22
BE22006663	2	1	정말 건전한 방법으로 일과를 보내시는 것 같습니다. 정말 대단하셔요. 어디에서 봉사를 하시나요?	N	2022-07-06 14:02:26	2022-11-08 04:07:22
BE22006663	3	0	주로 집 앞 유기견 센터에서 봉사를 하고 있어요. 주말마다 봉사를 하고 있습니다. 매일 봉사를 다녀올 때마다 정말 행복하네요.	N	2022-07-06 14:02:26	2022-11-08 04:07:22
BE22006663	4	1	봉사를 통해서 행복을 얻으신다니 정말 기쁘실 것 같아요. 저도 덩달아 기분이 좋아지는걸요.	N	2022-07-06 14:02:26	2022-11-08 04:07:22
BE22006663	5	0	유기견 봉사 센터를 가서 그 강아지들에게 도움이 된다는 사실에 정말 뿌듯합니다. 요즘 에너지를 많이 얻고 있어요.	N	2022-07-06 14:02:26	2022-11-08 04:07:22
BE22006663	6	1	봉사활동 하시면서 행복을 얻으니 행복이 배가 될 것 같아요. 뿌듯한 일을 하시니 저도 본받아야겠는걸요.	N	2022-07-06 14:02:26	2022-11-08 04:07:22
BE22006663	7	0	본받을 정도는 아닙니다, 하하. 요즘 봉사를 하면서 마음이 많이 정화되는 걸 느낍니다. 몸과 마음이 건강해지는 기분도 들고요.	N	2022-07-06 14:02:26	2022-11-08 04:07:22
BE22006663	8	1	봉사를 통해서 긍정적인 영향을 받는다는 건 정말 좋은 현상인 것 같습니다. 대단하신데요.	N	2022-07-06 14:02:26	2022-11-08 04:07:22
BE22006663	9	0	그리고 봉사를 하면서 새로운 사람들을 많이 알아가고 있어요. 저와 뜻이 비슷한 사람들 말입니다. 새로운 사람들도 알게 되니 활력도 생기고 말입니다.	N	2022-07-06 14:02:26	2022-11-08 04:07:22
BE22006663	10	1	선생님의 이야기를 들으면서 저도 모르게 미소가 지어지네요. 새로운 인연들을 알아가며 즐거우시다니 저까지 기분이 좋아져요. 새로운 사람들을 만나는 걸 워낙 좋아하시는데 참 잘된 일이에요.	N	2022-07-06 14:02:26	2022-11-08 04:07:22
BE22006663	11	0	그러게나 말입니다. 진작 할 걸 하는 생각이 들 정도로 요즘 벅찬 하루를 보내고 있어요.	N	2022-07-06 14:02:26	2022-11-08 04:07:22
BE22006663	12	1	지금이라도 그 행복을 누리시니 다행이지요. 저도 선생님처럼 봉사활동을 해야겠다는 생각이 드네요.	N	2022-07-06 14:02:26	2022-11-08 04:07:22
BE22006663	13	0	봉사활동을 꼭 해보세요. 누군가에게 도움이 된다는 사실은 나의 가치를 높여주는 일인 것 같습니다. 행복함은 덤이고요.	N	2022-07-06 14:02:26	2022-11-08 04:07:22
BE22006663	14	1	저도 반드시 조만간 봉사활동을 시작해봐야겠네요. 선생님처럼 훌륭한 사람이 되어야겠다고 다짐해봅니다.	N	2022-07-06 14:02:26	2022-11-08 04:07:22
BE22006663	15	0	그런 칭찬을 다 해주시니 민망합니다. 선생님과 이야기를 나누다보니 어느새 저의 행복이 더 커진 것 같아요. 역시 선생님이랑 이야기하는 것은 항상 즐겁네요.	Y	2022-07-06 14:02:26	2022-11-08 04:07:22
