id	utterance_id	utterance_type	utterance_text	terminate	regDate	updDate
BE22012976	1	0	오랜만에 즐기는 여유로움이라 그런가? 아침에 눈을 뜨지마자 기분이 너무 여유롭고 좋다.	N	2022-08-03 02:56:58	2022-11-08 04:47:37
BE22012976	2	1	회사가 바빠서 입사 이래로 제대로 휴가답게 쉬지 못했다고 하더니, 굉장히 만족스러운가 보구나.	N	2022-08-03 02:56:58	2022-11-08 04:47:37
BE22012976	3	0	응, 너무 좋아! 마음 편하게 쉬는 날이라 그런지 더 좋은 것 같아. 매일 아침에 눈 뜨면 환기를 시키는데, 창문으로 들어오는 바람도 다른 것 같아.	N	2022-08-03 02:56:58	2022-11-08 04:47:37
BE22012976	4	1	너무 여유롭고 편안해 보여서 내가 다 뿌듯하다. 그동안 쉬는 날도 없이 바쁘게 일했으니까, 네가 다 누려도 돼.	N	2022-08-03 02:56:58	2022-11-08 04:47:37
BE22012976	5	0	지금 최대한 누리려고 하는 중이야! 어딜 간 것도 아니고 집에 있는데 마음이 편안해서 그런가? 같은 일을 하는데도 콧노래가 절로 나온다.	N	2022-08-03 02:56:58	2022-11-08 04:47:37
BE22012976	6	1	오늘 햇살이 좋으니까, 창문만 열어도 절로 기분이 좋은가 보구나! 네가 오랜만에 느긋함을 즐기는 것 같아서 나도 기쁘다. 네 마음껏 하고 싶은 거 다 해.	N	2022-08-03 02:56:58	2022-11-08 04:47:37
BE22012976	7	0	맞아, 너무 좋아! 매일 반복된 루틴 같은 일도 내게 힐링으로 다가왔어. 네 말대로 햇살이 좋아서 베란다 문을 활짝 열고 베개를 널어 소독도 하고 있어.	N	2022-08-03 02:56:58	2022-11-08 04:47:37
BE22012976	8	1	말만 들어도 느긋한 휴가 생활이구나! 너무 부러워서 배가 다 아플 지경이야. 그래도 네가 만족하는 것 같아서 나도 너무 기쁘다.	N	2022-08-03 02:56:58	2022-11-08 04:47:37
BE22012976	9	0	응, 이렇게 좋아도 되나 싶어! 이불 빨래 널고 집 근처에 있는 디저트 맛집에 커피도 마시러 가려고 해.	N	2022-08-03 02:56:58	2022-11-08 04:47:38
BE22012976	10	1	쉬는 날은 카페인 멀리하더니 오늘은 웬일이지? 잠 안 온다고 휴일에는 잘 안 마시잖아?	N	2022-08-03 02:56:58	2022-11-08 04:47:38
BE22012976	11	0	일하면서 마시는 피로 퇴치용이 아니니까. 편안한 마음으로 먹고 즐기려고. 남들 일하고 있을 때 느긋하게 커피 한잔하는 게 소원이었어. 하하.	N	2022-08-03 02:56:58	2022-11-08 04:47:38
BE22012976	12	1	어떤 마음인지 너무 느껴진다. 즐길 수 있을 만큼, 배가 아파서 터질 만큼 다 먹고 즐겨! 작은 소원에도 기뻐하는 너를 보니 좋으면서도 안쓰럽네.	N	2022-08-03 02:56:58	2022-11-08 04:47:38
BE22012976	13	0	나는 좋아, 그러니 걱정하지 마. 이렇게 쉬어도 되나 싶을 정도로 오늘 하루를 쉬려고 하는 중이니까.	N	2022-08-03 02:56:58	2022-11-08 04:47:38
BE22012976	14	1	그래, 그동안 쉼이 없었던 생활이었는데 네가 충분히 쉬고 다시 힘을 낼 수 있으면 좋겠다.	N	2022-08-03 02:56:58	2022-11-08 04:47:38
BE22012976	15	0	꼭 그러도록 할게! 	Y	2022-08-03 02:56:58	2022-11-08 04:47:38
