id	utterance_id	utterance_type	utterance_text	terminate	regDate	updDate
BE22001527	1	0	저 오늘 처음 상추를 좀 따서 나눠드리려고 왔어요.	N	2022-06-16 02:09:52	2022-11-08 03:34:16
BE22001527	2	1	아이구, 이 귀한 걸 저희한테까지 주시는 거예요?	N	2022-06-16 02:09:52	2022-11-08 03:34:16
BE22001527	3	0	첫 수확이라 아직 좀 작지만 맛은 괜찮더라구요.	N	2022-06-16 02:09:52	2022-11-08 03:34:16
BE22001527	4	1	정말 싱싱한 게 맛있어 보여요. 저는 얻어먹기만 하고 드릴 게 없어 어쩌죠?	N	2022-06-16 02:09:52	2022-11-08 03:34:16
BE22001527	5	0	어차피 제가 다 먹지 못할 양이니 부담스러워 하지 마세요.	N	2022-06-16 02:09:52	2022-11-08 03:34:16
BE22001527	6	1	텃밭을 하시려면 매일 부지런히 움직이셔야 하는데 정말 대단하세요.	N	2022-06-16 02:09:52	2022-11-08 03:34:16
BE22001527	7	0	요즘은 텃밭 채소들이 쑥쑥 크는 기쁨으로 매일 활기차게 지내고 있어요.	N	2022-06-16 02:09:52	2022-11-08 03:34:16
BE22001527	8	1	처음 시작하실 때는 자신 없어 하시더니 정말 요즘 뵙는 모습은 늘 즐거워 보이세요.	N	2022-06-16 02:09:52	2022-11-08 03:34:16
BE22001527	9	0	도시에서만 살아서 뭘 키워서 먹어보는 건 처음인데 이렇게 기쁨이 클 줄 몰랐어요.	N	2022-06-16 02:09:52	2022-11-08 03:34:16
BE22001527	10	1	워낙 부지런하셔서 잘하시는 것 같아요. 좀 해보다 포기하시는 분들도 꽤 있거든요.	N	2022-06-16 02:09:52	2022-11-08 03:34:16
BE22001527	11	0	제가 그리 부지런한 사람은 아닌데 퇴직하고 소일거리가 생겨서 오히려 좋답니다.	N	2022-06-16 02:09:52	2022-11-08 03:34:16
BE22001527	12	1	저도 관심이 있는데 가끔 댁의 텃밭에 놀러 가도 될까요?	N	2022-06-16 02:09:52	2022-11-08 03:34:16
BE22001527	13	0	그럼요, 언제든지 오셔서 먹을 만한 건 따가셔도 됩니다.	N	2022-06-16 02:09:52	2022-11-08 03:34:16
BE22001527	14	1	그렇게까지 말씀해 주시니 정말 감사합니다.	Y	2022-06-16 02:09:52	2022-11-08 03:34:16
