id	utterance_id	utterance_type	utterance_text	terminate	regDate	updDate
BE22013180	1	0	내 마음에 기쁨이 파도처럼 밀려오는 것 같아. 예전부터 가고 싶었던 공무원 준비 학원에 가서 드디어 등록했거든. 정말 기쁘고 만족스러워.	N	2022-08-04 23:08:51	2022-11-08 04:48:52
BE22013180	2	1	강사들도 훌륭하고 수업 내용도 좋아서, 네가 몇 달 전부터 꿈꾸던 학원이잖아. 마침내 등록했다니, 정말 축하할 일이네.	N	2022-08-04 23:08:51	2022-11-08 04:48:53
BE22013180	3	0	내가 지난번 시험에서 한국사 때문에 탈락했거든. 그런데 그 학원 한국사 강사는 전국적으로 유명한 분이야. 너무 기쁘고 벌써 설렘 폭발이야.	N	2022-08-04 23:08:51	2022-08-04 23:08:51
BE22013180	4	1	네가 입에 침이 마르도록 칭찬한 그 강사 말이구나. 네가 좋은 학원에 가서 나도 정말 흥분되는걸.	N	2022-08-04 23:08:51	2022-11-08 04:48:53
BE22013180	5	0	지난번 시험 생각하면 아쉽기만 한데, 이번에는 분명히 다를 것 같아. 학원과 강사에 대한 믿음이 있으니 자신감이 점점 커지는 것 같아.	N	2022-08-04 23:08:51	2022-08-04 23:08:51
BE22013180	6	1	넌 혼자서 공부할 때도 한국사 이외에는 성적이 무척 좋았잖아. 이제 원하던 수업을 들을 수 있다니, 이번 시험 결과는 정말 좋겠다.	N	2022-08-04 23:08:51	2022-11-08 04:48:53
BE22013180	7	0	학원비 준비하느라 지난 두 달 동안 힘들게 야간에 아르바이트했거든. 마침내 그 학원에서 공부할 수 있다고 생각하니 환호성이 터질 것 같아.	N	2022-08-04 23:08:51	2022-11-08 04:48:53
BE22013180	8	1	네가 힘들게 일하고 노력한 거라 더 보람이 있겠다. 학원 가면서도 입가에 미소가 저절로 떠오를 것 같아.	N	2022-08-04 23:08:51	2022-11-08 04:48:53
BE22013180	9	0	앞으로 학원 가는 버스를 탈 때마다 너무 기뻐서 하늘을 날 것 같은 심정일 거야. 그토록 원하던 학원에 가게 된 게 정말 꿈만 같아.	N	2022-08-04 23:08:51	2022-11-08 04:48:53
BE22013180	10	1	기뻐하는 네 모습을 보니 내 마음에도 웃음꽃이 피어나는 것 같아. 이번 시험엔 꼭 합격할 것 같은 좋은 예감이 드는걸.	N	2022-08-04 23:08:51	2022-11-08 04:48:53
BE22013180	11	0	나도 자신감이 많이 붙었어. 훌륭한 한국사 강의를 들으면 성적도 곧 오를 것 같아서 마음도 느긋해지고.	N	2022-08-04 23:08:51	2022-08-04 23:08:51
BE22013180	12	1	넌 학원의 도움 없이 혼자서 공부하면서도 정말 잘 해냈잖아. 그런데 이번에는 최고의 강사를 들으니 분명히 합격할 거야. 난 그렇게 굳건히 믿어.	N	2022-08-04 23:08:51	2022-11-08 04:48:53
BE22013180	13	0	칭찬해 주니 정말 기분 좋다. 격려해 줘서 정말 고마워.	N	2022-08-04 23:08:51	2022-11-08 04:48:53
BE22013180	14	1	나도 너처럼 성실한 사람을 보면 배우는 점이 정말 많아. 나도 늘 너한테 고맙게 생각해.	N	2022-08-04 23:08:51	2022-11-08 04:48:53
BE22013180	15	0	그래, 이번 시험에는 꼭 합격할 것 같아. 그때 함께 모여서 파티도 하자.	N	2022-08-04 23:08:51	2022-08-04 23:08:51
BE22013180	16	1	그래, 그날이 손꼽아 기다려지네. 그때까지 건강 조심하고 최선을 다하길 응원할게.	Y	2022-08-04 23:08:51	2022-11-08 04:48:53
