id	utterance_id	utterance_type	utterance_text	terminate	regDate	updDate
BE22012552	1	0	내 기쁜 이야기를 들어볼래? 어제 남편 생일인데 무얼 선물할까 계속 고민하다가 생일 편지를 썼어.	N	2022-07-31 09:51:32	2022-11-08 04:44:57
BE22012552	2	1	어머 너무 낭만적이다. 네가 편지를 쓰다니 남편 너무 감동받았겠어. 너에게 이런 면이 있는 줄 몰랐어.	N	2022-07-31 09:51:32	2022-11-08 04:44:57
BE22012552	3	0	나는 생일이 특별한 하루가 될 수 있다는 걸 모르고 자랐는데. 결혼하고 꼬박꼬박 챙겨주면서 생일이 특별하게 느껴주게 해 준 남편이 너무 고맙더라고. 그래서 나도 내 진심을 담아 한 번 써 봤지.	N	2022-07-31 09:51:32	2022-11-08 04:44:57
BE22012552	4	1	네가 얼마나 남편을 사랑하고 행복한지 느껴져서 너무 감동적이다. 진심을 담은 편지라니 쓰는 동안도 행복했겠지만 받는 사람도 얼마나 행복한 마음일지 느껴지는 것 같아.	N	2022-07-31 09:51:32	2022-11-08 04:44:57
BE22012552	5	0	나 결혼했을 때 남편이 그동안 함께하지 못한 생일까지 모두 챙겨준다고 했었어. 참 감동하고 너무 기뻤거든. 그런데 남편 챙겨주겠다는 마음을 먹으면서 내가 더 기쁘고 행복해지는 거 있지.	N	2022-07-31 09:51:32	2022-11-08 04:44:57
BE22012552	6	1	사랑할 줄 아는 사람과 사랑받을 줄 아는 사람. 둘이 만나니 이렇게 보기만 해도 사랑스러운 부부가 되는구나. 네 마음이 이렇게 사랑으로 가득하니 너무 보기 좋다.	N	2022-07-31 09:51:32	2022-11-08 04:44:57
BE22012552	7	0	나는 갖고 싶은 것도 많고 욕심도 많은데, 남편은 갖고 싶거나 필요한 게 없거든. 그래서 손으로 직접 쓴 생일 축하 편지를 쓴 건데. 너무 감동하니 내가 기뻐서 눈물이 다 나더라고.	N	2022-07-31 09:51:32	2022-11-08 04:44:57
BE22012552	8	1	왜 안 그러겠어. 네 진심을 남편이 알아주는데 눈물날 만큼 행복할 수밖에 없지. 그렇게 서로 마음을 알아주는 사람이 어디 있겠어.	N	2022-07-31 09:51:32	2022-11-08 04:44:57
BE22012552	9	0	오랜만에 연애시절 생각이 난다며 남편이 참 예쁘고 행복하게 웃어 보이는데. 나 참 결혼 잘했다는 생각이 들더라고.	N	2022-07-31 09:51:32	2022-11-08 04:44:57
BE22012552	10	1	맞아. 너 정말 결혼 잘했어. 마음껏 행복하고 기뻐해도 될 만큼 아주 예쁜 부부야. 옆에서 지켜보는 사람들에게도 항상 행복한 기운이 전해지거든.	N	2022-07-31 09:51:32	2022-11-08 04:44:57
BE22012552	11	0	나를 세상에서 가장 많이 웃게 해 주고. 세상에 무슨 일이 생겨도 내 손 놓지 않을 사람이니까 내가 앞으로도 더 잘해야지.	N	2022-07-31 09:51:32	2022-11-08 04:44:57
BE22012552	12	1	지금보다도 더 잘하면 다른 친구들이 다 부러워서 질투할지도 몰라. 지금 모습도 너무 예쁘기만 하지만 더 행복한 모습 보여준다니 기대되는걸.	N	2022-07-31 09:51:32	2022-11-08 04:44:57
BE22012552	13	0	앞으로도 자주 편지 써야겠어. 좋은 말로 포장하지 않고, 내가 하고 싶은 말을 온전히 잘 담아낼 수 있는 편지. 그런 편지는 쓰는 사람도 행복하게 만드는 것 같아.	N	2022-07-31 09:51:32	2022-11-08 04:44:57
BE22012552	14	1	그런 생각을 한 네가 참 사랑스러워. 누군가를 생각하면서 글을 쓴다는 게 쉬운 게 아니잖아. 사랑 가득한 네 감성이 참 부럽고, 앞으로도 더 행복할 거 같아.	N	2022-07-31 09:51:32	2022-11-08 04:44:57
BE22012552	15	0	정말? 네가 그렇게 말하니 너무 행복하다. 앞으로 더 행복하게 잘 살아야지.	Y	2022-07-31 09:51:32	2022-11-08 04:44:57
