id	utterance_id	utterance_type	utterance_text	terminate	regDate	updDate
BE22008320	1	0	공감화자님! 공감화자님 추천으로 시작한 보디 프로필 드디어 오늘 촬영하고 왔어요. 너무 재밌더라고요.	N	2022-07-13 01:42:57	2022-11-08 04:17:55
BE22008320	2	1	오늘이 촬영 날이셨군요! 체력적으로 제일 힘드셨을 날인데 재밌게 잘하셨다니 정말 다행이에요!	N	2022-07-13 01:42:57	2022-11-08 04:17:55
BE22008320	3	0	맞아요. 요 며칠 운동이랑 식단을 더 극단적으로 했더니 아침에 너무 힘들더라고요. 그래서 촬영할 수 있을까 싶었는데 막상 너무 재미있게 잘했어요!	N	2022-07-13 01:42:57	2022-11-08 04:17:55
BE22008320	4	1	촬영 직전 일주일 정도가 정말 힘든 것 같아요. 저도 해봐서 얼마나 힘든지 알거든요. 저는 그래서 촬영도 제대로 즐기지 못해서 아쉬웠는데 대리만족이 되네요!	N	2022-07-13 01:42:57	2022-11-08 04:17:55
BE22008320	5	0	공감화자님 말대로 일주일 정도 남으니까 너무 힘들어서 그만두고 싶더라고요. 그래도 참고 해낸 저 자신이 너무 자랑스러워서 이렇게 연락드렸어요. 공감화자님 추천 아니었으면 절대 시작하지도 않았을 텐데, 추천해주셔서 감사합니다.	N	2022-07-13 01:42:57	2022-11-08 04:17:55
BE22008320	6	1	뭘요. 자신과의 싸움을 직접 해내신 건 감정화자님이신걸요! 생활 습관 자체를 평소와 다르게 바꿔야 하는 거라 정말 힘들잖아요. 그걸 해내셨으니 얼마나 뿌듯하시겠어요!	N	2022-07-13 01:42:57	2022-11-08 04:17:55
BE22008320	7	0	보디 프로필 준비를 시작하니까 그동안 제가 너무 편하게 살았구나 싶더라고요. 아무거나 먹고, 운동도 안 하면서 살았는데 이제는 조금 고쳐진 것 같아요.	N	2022-07-13 01:42:57	2022-11-08 04:17:56
BE22008320	8	1	평소에 일상생활을 할 때는 직장 다니는 것만으로도 힘들잖아요. 그래서 더 본인 몸을 돌볼 여유가 없죠. 그나마 보디 프로필처럼 목표가 생기면 조금 더 신경 쓰게 되는 것 같아요.	N	2022-07-13 01:42:57	2022-11-08 04:17:56
BE22008320	9	0	말씀하신 것처럼 목표가 생기고, 그걸 이루니까 성취감까지 느껴져서 정말 좋아요. 최근에는 성취감을 느낄 일이 거의 없었거든요. 여러모로 좋은 경험인 것 같아요.	N	2022-07-13 01:42:57	2022-11-08 04:17:56
BE22008320	10	1	그 과정이 정말 힘들어서 성취감이 더 크게 느껴지는 것 같아요. 제가 주변에 추천해서 보디 프로필 도전을 시작하신 분들 중에는 포기한 분도 많으시거든요. 감정화자님이 이렇게 해내시니까 제가 괜히 자랑스러운 마음이 들어요.	N	2022-07-13 01:42:57	2022-11-08 04:17:56
BE22008320	11	0	저도 제가 해낼 수 있을지 정말 몰랐어요. 남의 일이라고만 생각했는데 해내니까 자신감이 생기는 것 같아요.	N	2022-07-13 01:42:57	2022-11-08 04:17:56
BE22008320	12	1	그래서 살면서 성취감을 느끼는 게 중요하다고들 하는 것 같아요. 결과물 사진도 받아보시면 더 보람 있으실 것 같아요!	N	2022-07-13 01:42:57	2022-11-08 04:17:56
BE22008320	13	0	정말 그런 것 같아요. 빨리 사진이 나왔으면 좋겠어요. 벌써 설레는 느낌이에요.	N	2022-07-13 01:42:57	2022-11-08 04:17:56
BE22008320	14	1	저까지 너무 기다려지네요! 너무 수고 많으셨어요. 오늘 맛있는 거 드시고 푹 쉬시면서 자신을 칭찬해 주세요!	N	2022-07-13 01:42:57	2022-11-08 04:17:56
BE22008320	15	0	먹고 싶은 게 산더미라 너무 행복한 고민이에요. 사진 나오면 바로 연락드릴게요. 감사합니다!	Y	2022-07-13 01:42:57	2022-11-08 04:17:56
