id	utterance_id	utterance_type	utterance_text	terminate	regDate	updDate
BE22011390	1	0	간만에 도시락 쌌는데 맛도 좋고 모양도 예뻐서 너무 신나.	N	2022-07-24 19:17:25	2022-11-08 04:37:35
BE22011390	2	1	어디로 놀러 가길래 도시락까지 쌌어? 도시락 잘 만들어서 기분 좋겠네.	N	2022-07-24 19:17:25	2022-11-08 04:37:35
BE22011390	3	0	가까운 한강 공원에 가려고 쌌어. 날씨가 좋아서 기분 좀 냈지.	N	2022-07-24 19:17:25	2022-11-08 04:37:35
BE22011390	4	1	오늘 날씨 좋던데 한강 나가면 진짜 좋겠다. 도시락까지 직접 만들 정도면 신났겠는걸.	N	2022-07-24 19:17:25	2022-11-08 04:37:35
BE22011390	5	0	응 아직 한강에 도착한 것도 아닌데 엄청나게 신났어. 도시락이 잘 나왔고 날씨도 좋으니까 그냥 다 기뻐.	N	2022-07-24 19:17:25	2022-11-08 04:37:35
BE22011390	6	1	기분이 엄청 좋아 보인다. 네가 그렇게 좋아하니까 나도 괜히 신이 나서 기분 좋은데?	N	2022-07-24 19:17:25	2022-11-08 04:37:35
BE22011390	7	0	도시락 가방에 넣어서 자전거 타고 한강까지 갈 생각이야.	N	2022-07-24 19:17:25	2022-11-08 04:37:35
BE22011390	8	1	와 자전거 타고 가는구나. 자리 깔아놓고 자전거로 한강 돌아다녀도 엄청 좋겠는걸? 너무 부럽다.	N	2022-07-24 19:17:25	2022-11-08 04:37:35
BE22011390	9	0	응, 어제는 비가 와서 오늘도 날씨 안 좋을까 걱정했는데 무지 맑아서 다행이야. 그동안 바빴는데 한강에 가서 푹 쉬다가 와야지.	N	2022-07-24 19:17:25	2022-11-08 04:37:35
BE22011390	10	1	맞아 날씨가 어제하고 오늘하고 천지 차이더라. 구름도 한 점 없고 바람 많이 부니까 한강에서 쉬기 딱 좋을 거야. 데이트하고 오면 엄청 뿌듯하고 기분 좋을 것 같아.	N	2022-07-24 19:17:25	2022-11-08 04:37:35
BE22011390	11	0	너랑 가면 좋은데 오늘은 남자 친구하고 가기로 했어. 우리는 다음에 꼭 같이 가자.	N	2022-07-24 19:17:25	2022-11-08 04:37:35
BE22011390	12	1	그래 오늘은 애인하고 자전거도 타고 도시락도 먹고 재밌게 보내길 바라. 도시락도 쌌으니까 애인이 무지 좋아하겠다.	N	2022-07-24 19:17:25	2022-11-08 04:37:35
BE22011390	13	0	응, 둘 다 계속 바빴기에 오랜만에 보는 거야. 날씨도 좋으니까 도시락도 준비했고. 맘에 들어 하면 좋겠어.	N	2022-07-24 19:17:25	2022-11-08 04:37:35
BE22011390	14	1	도시락 보면 분명히 좋아할 거야. 다들 그런 거에 감동 많이 받잖아. 네가 너무 부럽네, 도시락 싸주고 싶을 만큼 사랑하는 애인도 있고 말이야.	N	2022-07-24 19:17:25	2022-11-08 04:37:35
BE22011390	15	0	응 그렇겠지? 난 재미있게 놀다 올게. 벌써 설렌다!	Y	2022-07-24 19:17:25	2022-11-08 04:37:35
