id	utterance_id	utterance_type	utterance_text	terminate	regDate	updDate
BE22012894	1	0	우리 할머니 요즘 악기 배우신다고 열심이셔. 그 모습을 지켜보는 게 얼마나 기쁘고 뿌듯한지 몰라.	N	2022-08-02 08:09:32	2022-11-08 04:47:05
BE22012894	2	1	정말? 어떤 악기 배우시는 거야? 할머니 정말 멋있으시다. 나도 아직 뚜렷한 취미가 없는데.	N	2022-08-02 08:09:32	2022-11-08 04:47:05
BE22012894	3	0	드럼을 배우고 계셔. 근처 주민센터에서 우연한 기회에 잠깐 배우셨는데 그게 흥미로우셨나 봐. 최종 목표가 밴드 결성하는 거래.	N	2022-08-02 08:09:32	2022-11-08 04:47:05
BE22012894	4	1	와 진짜 신기하다. 주변 친구분들과 밴드 결성하시는 거야? 혹시 연주하시면 나도 구경하고 싶어.	N	2022-08-02 08:09:32	2022-11-08 04:47:05
BE22012894	5	0	응. 그러실 예정이라고 열심히 연습하고 계셔. 할머니 친구분들과 하루에 한 번은 꼭 모여서 연습을 하시더라.	N	2022-08-02 08:09:32	2022-11-08 04:47:06
BE22012894	6	1	할머니께서 열정적으로 몰두하시는 모습을 보니까 나까지 기분이 좋다. 네가 뿌듯해하는 마음이 어떤 것인지 공감이 돼.	N	2022-08-02 08:09:32	2022-11-08 04:47:06
BE22012894	7	0	할아버지가 먼저 돌아가시고 난 뒤로 할머니가 항상 우울한 기분이셨거든. 그런데 요즘은 악기 배우기에 빠지셔서 저렇게 신나 하시니까 나까지 기쁘고 마음이 편안해졌어.	N	2022-08-02 08:09:32	2022-11-08 04:47:06
BE22012894	8	1	정말 그렇겠다. 친구분들과 취미 활동도 하시면서 기분 전환을 하실 수 있으니까 우울함이 금방 사라지실 거야.	N	2022-08-02 08:09:32	2022-11-08 04:47:06
BE22012894	9	0	옆에서 우울해하는 할머니 지켜보는 나도 많이 힘들었는데 이제 마음이 한결 가벼워. 내가 손자 노릇을 제대로 못 하고 있는 건가 싶어서 나까지 우울해지려고 했거든.	N	2022-08-02 08:09:32	2022-11-08 04:47:06
BE22012894	10	1	이렇게 할머니를 걱정하고 취미 생활에 기뻐하는 손자가 얼마나 되겠어. 나는 네가 정말 좋은 손자 역할을 제대로 하고 있다고 생각해. 할머니가 새로운 취미 생활을 찾을 수 있으셨던 것도 손자의 지지 덕분일 거야.	N	2022-08-02 08:09:32	2022-11-08 04:47:06
BE22012894	11	0	그렇게 말해주니까 더 기쁘다. 혹시 할머니가 밴드를 결성하시게 되면 가서 응원하려고 생각 중이야.	N	2022-08-02 08:09:32	2022-11-08 04:47:06
BE22012894	12	1	좋은 생각이다. 괜찮으면 나도 불러줄 수 있어? 나도 꼭 할머니 응원해드리고 싶어.	N	2022-08-02 08:09:32	2022-11-08 04:47:06
BE22012894	13	0	그럼 우리 할머니도 정말 기뻐하실 거야. 이렇게 내 얘기 들어줘서 고마워.	N	2022-08-02 08:09:32	2022-11-08 04:47:06
BE22012894	14	1	할머니와 네가 잘 지내는 것 같아서 나도 기분이 좋다. 새로운 소식 있으면 또 들려줘.	Y	2022-08-02 08:09:32	2022-11-08 04:47:06
