id	utterance_id	utterance_type	utterance_text	terminate	regDate	updDate
BE22001797	1	0	지난번에 선물해 준 텀블러 요즘 회사에서 잘 쓰고 있어요. 고마워요.	N	2022-06-17 00:52:48	2022-11-08 03:36:03
BE22001797	2	1	잘 써주신다니 제가 감사하죠. 그 텀블러가 뜨거운 음료를 넣어도 오래 지속되어서 좋더라고요.	N	2022-06-17 00:52:48	2022-11-08 03:36:03
BE22001797	3	0	안 그래도 매일 차 마실 때 사용하고 있어요. 며칠 전에 환경 다큐멘터리를 보고 일회용품 줄이려고 노력하고 있거든요.	N	2022-06-17 00:52:48	2022-11-08 03:36:03
BE22001797	4	1	저도 다큐멘터리 볼 때는 일회용품 줄여야지 하긴 하지만 막상 시작하기가 어렵던데 대단하세요.	N	2022-06-17 00:52:48	2022-11-08 03:36:03
BE22001797	5	0	저도 편한 게 좋아서 예전에는 크게 신경 안 썼어요. 나 하나 조심한다고 무슨 영향이 있겠어 싶은 허무함도 있었고요.	N	2022-06-17 00:52:48	2022-11-08 03:36:03
BE22001797	6	1	맞아요. 저도 감정화자씨 같은 기분이었어요. 아무리 혼자 노력해도 전체적으로 보면 티도 안 날 만큼 작은 일이라 의욕이 잘 안 생기더라고요.	N	2022-06-17 00:52:48	2022-11-08 03:36:03
BE22001797	7	0	그렇죠. 근데 또 막상 나만 좋자고 환경 문제 무시하고 있자니, 지금도 고통받는 동물들이 더 힘들 것 같아서 눈에 밟히더라고요.	N	2022-06-17 00:52:48	2022-11-08 03:36:03
BE22001797	8	1	보통 자기 주위 일 아니면 무심하게 넘어가기 쉬운데 정말 따뜻한 마음을 가지셨네요. 저도 감정화자씨 같은 이타적인 마음을 본받고 싶어지는걸요.	N	2022-06-17 00:52:48	2022-11-08 03:36:03
BE22001797	9	0	그렇게 말씀해 주시니 부끄럽네요. 별것도 아니고 소소하게 시작할 수 있는 일이라 부담 없는걸요.	N	2022-06-17 00:52:48	2022-11-08 03:36:03
BE22001797	10	1	마음먹고 행동으로 옮기시는 결단력이 훌륭하시죠. 원래 시작이 반이라고 하잖아요.	N	2022-06-17 00:52:48	2022-11-08 03:36:03
BE22001797	11	0	조금씩 일회용품 줄이면서 주위 인식이라도 변화시키다 보면 그게 큰 흐름이 되고 언젠가 분명 환경도 좋아지겠죠?	N	2022-06-17 00:52:48	2022-11-08 03:36:03
BE22001797	12	1	네. 분명히 그럴 수 있을 거예요. 벌써 저부터도 감정화자씨처럼 환경에 신경을 써야겠다는 생각이 드는걸요.	N	2022-06-17 00:52:48	2022-11-08 03:36:03
BE22001797	13	0	동물들이 불쌍해서 가볍게 시작한 일인데 이렇게 절 믿어주시니 앞으로 더 열심히 해야겠다는 생각이 드네요.	N	2022-06-17 00:52:48	2022-11-08 03:36:03
BE22001797	14	1	분명히 앞으로도 잘하실 거예요. 저도 이제부터라도 일회용품 줄여 볼 생각이고요.	N	2022-06-17 00:52:48	2022-11-08 03:36:03
BE22001797	15	0	그래요. 우리 둘 다 할 수 있는 작은 일부터 차근차근 시작해 보자고요.	Y	2022-06-17 00:52:48	2022-11-08 03:36:03
