id	utterance_id	utterance_type	utterance_text	terminate	regDate	updDate
BE22010644	1	0	선배님, 급하게 약속 취소해서 죄송했어요. 하지만 덕분에 엄마랑 너무너무 좋은 시간 보냈어요!	N	2022-07-21 00:02:24	2022-11-08 04:32:53
BE22010644	2	1	어머니라는 존재가 그런 것 같아. 함께 있는 것만으로 따뜻하고 포근하고 안정감이 느껴지잖아. 네가 좋았다고 하니 나도 너무 기쁘다.	N	2022-07-21 00:02:24	2022-11-08 04:32:53
BE22010644	3	0	맞아요! 엄마랑 둘이 시간을 보내는 것도 오랜만이었거든요. 오붓하게 파스타 먹었는데, 입맛에 맞는지 잘 드셔서 정말 기뻤어요.	N	2022-07-21 00:02:24	2022-11-08 04:32:53
BE22010644	4	1	내가 양보한 시간에 어머니와 즐거운 시간을 보냈다니 내가 더 기쁘다. 피자나 파스타는 싫어하실 것 같지만, 의외로 좋아하시더라고! 새로운 모습을 알게 된 것 같아서 더 좋았겠구나.	N	2022-07-21 00:02:24	2022-11-08 04:32:53
BE22010644	5	0	네, 정말 그랬어요! 엄마 아빠가 시골분이라 그런 음식 안 좋아하실 줄 알았거든요. 생각보다 너무 맛있게 드시길래, 다음에는 제가 좋아하는 마라탕에 도전해 볼까 해요.	N	2022-07-21 00:02:24	2022-11-08 04:32:53
BE22010644	6	1	정말 좋은 생각이야. 부모님과 보내는 시간이 갈수록 줄어들지만 그만큼 더 소중한 것 같아. 너희 부모님께서 감정화자의 마음을 느껴서 더 좋아해 주셨을 거야.	N	2022-07-21 00:02:24	2022-11-08 04:32:53
BE22010644	7	0	네, 혹시 입맛에 안 맞더라도 새로운 경험을 해드리는 것도 좋은 경험일 것 같아서. 제가 할 수 있는 일이 있다면 하고 싶더라고요!	N	2022-07-21 00:02:24	2022-11-08 04:32:53
BE22010644	8	1	부모님들이 우리에게 해주셨듯이, 부모님께 새롭고 좋은 것들을 해주고 싶은 그 마음 나도 잘 알지. 너무 예쁘다, 그런 점은 나도 닮고 싶어.	N	2022-07-21 00:02:24	2022-11-08 04:32:53
BE22010644	9	0	제가 선배님의 모습을 보고 많이 배워서 그렇습니다. 급하게 약속 취소했는데도 이해해 주셔서 정말 너무 감사해요.	N	2022-07-21 00:02:24	2022-11-08 04:32:53
BE22010644	10	1	우리는 가까이 있으니까, 얼마든지 볼 수 있잖아. 엄마와의 시간이 소중하다는 걸, 나도 느끼거든. 앞으로도 지금처럼 부모님과의 시간을 아름답고 소중하게 생각하면 좋겠어.	N	2022-07-21 00:02:24	2022-11-08 04:32:53
BE22010644	11	0	꼭 그렇게 하려고요! 저희 아이들도 배울 수 있도록 하려고 해요. 나중에 할지는 모르겠지만요. 하하.	N	2022-07-21 00:02:24	2022-11-08 04:32:53
BE22010644	12	1	너의 밝고 따뜻한 성격과 부모님을 대하는 모습을 옆에서 보고 자랐다면, 괜찮을 거야. 우리 미래도 따뜻함이 넘칠 것 같아서 기대가 될 정도니까. 하하.	N	2022-07-21 00:02:24	2022-11-08 04:32:53
BE22010644	13	0	좋게 봐주셔서 감사해요. 이번에 정말 너무 느낀 것도 많고 좋았어요.	N	2022-07-21 00:02:24	2022-11-08 04:32:53
BE22010644	14	1	그랬다면 내가 더 다행이고 고마워!	Y	2022-07-21 00:02:24	2022-11-08 04:32:53
