id	utterance_id	utterance_type	utterance_text	terminate	regDate	updDate
BE22009478	1	0	어제는 대학원 졸업식 때문에 정신이 하나도 없었습니다. 가족, 친구들로부터 축하를 많이 받으니 생각보다 훨씬 더 기뻤어요!	N	2022-07-17 06:28:11	2022-11-08 04:25:24
BE22009478	2	1	정말 축하드려요! 회사 다니면서 논문 쓰는 걸 보면서 정말 대단하다고 생각했는데, 벌써 학위를 받으신 거군요. 정말 벅차고 기쁘시겠습니다.	N	2022-07-17 06:28:11	2022-11-08 04:25:24
BE22009478	3	0	이제 회사 생활에만 집중할 수 있으니 후련합니다. 그런데 생각지도 못하게 친구가 꽃다발을 선물해 줘서 놀라웠어요. 정말 오랫동안 연락을 나누지 않은 친구여서 그런지 더 기쁘고 반가웠습니다.	N	2022-07-17 06:28:11	2022-11-08 04:25:24
BE22009478	4	1	얼마나 좋으셨을까요? 한동안 잊었던 친구에게 축하받으셨으니 말이에요. 친구가 참 다정하신 분인가 봅니다. 어디서 소식을 들었는지도 궁금하시겠어요.	N	2022-07-17 06:28:11	2022-11-08 04:25:24
BE22009478	5	0	고등학교 때 제일 친한 친구였는데, 대학 가면서 연락이 갑자기 끊어져 너무 궁금해하고 있었거든요. 얼마 전에 같은 회사 다른 부서로 이직했다고 하더라고요. 어찌나 반갑던지 그 소식을 듣고 눈물을 흘릴 뻔했어요.	N	2022-07-17 06:28:11	2022-11-08 04:25:24
BE22009478	6	1	저도 어릴 적 친구랑 한동안 연락이 닿지 않아 애를 태우던 시절이 있었거든요. 그러다 얼마 전에 우연히 안부를 듣게 되었죠. 그래서 그런지 감정화자님의 기쁘고 반가운 마음이 너무나 잘 느껴집니다.	N	2022-07-17 06:28:11	2022-11-08 04:25:24
BE22009478	7	0	그러셨군요. 게다가 한 회사에서 일한다는 소식까지 들은 터라 기대 중입니다. 점심도 같이 먹고, 퇴근 후에 술 한잔 나눌 생각을 하니, 기대되고 흥분되는 게 사실이네요.	N	2022-07-17 06:28:11	2022-11-08 04:25:24
BE22009478	8	1	네, 그 기대감이 엄청나겠어요! 그냥 친구도 아니고 제일 친한 친구였으니 말이죠. 회사 생활에 또 다른 활력이 생길 것 같습니다.	N	2022-07-17 06:28:11	2022-11-08 04:25:24
BE22009478	9	0	고등학교 때 제일 마음이 잘 맞는 사람이 그 친구였거든요. 제가 학교생활을 어려워할 때마다 위로도 해주고, 챙겨주기도 참 많이 했어요. 그러니 제가 친구 꽃다발을 받았을 때 얼마나 행복했겠어요!	N	2022-07-17 06:28:11	2022-11-08 04:25:24
BE22009478	10	1	마음이 참 따뜻하시겠어요. 정답고, 따뜻한 친구분을 두셨으니 말이죠. 영혼의 단짝처럼 잘 맞는 사람을 만나는 게 쉽지 않은데, 좋은 우정 만들어 가셨으면 좋겠네요.	N	2022-07-17 06:28:11	2022-11-08 04:25:24
BE22009478	11	0	네, 그 친구가 워낙에 따뜻한 마음을 가진 친구인지라 제가 도움을 많이 받았죠. 좋은 우정을 만들어 가야 할 텐데, 기쁜 마음과 함께 걱정되는 부분도 있어요. 갑자기 사라졌던 친구라 이번에도 또 그럴까 싶어 두려워요.	N	2022-07-17 06:28:11	2022-11-08 04:25:24
BE22009478	12	1	그 당시에 상처를 좀 받으셨나 보네요. 갑자기 친구와 연락이 되지 않으면, 그런 감정이 들게 마련이죠. 과거는 과거일 뿐이니, 일어나지 않은 일에 너무 두려운 감정을 갖지 않으셨으면 좋겠네요.	N	2022-07-17 06:28:11	2022-11-08 04:25:24
BE22009478	13	0	그렇죠? 공감화자님 말씀 듣고 보니 제가 예전 일 때문에 괜한 두려움을 느꼈던 것 같네요. 기쁘고 기대되는 마음으로 그 친구와 우정을 더 깊게 쌓아봐야겠다는 생각이 듭니다.	N	2022-07-17 06:28:11	2022-11-08 04:25:24
BE22009478	14	1	그렇게 생각하셨다면 다행입니다. 두 분이 함께 만들어갈 다정한 날들을 그려보니 입가에 미소가 저절로 지어집니다.	N	2022-07-17 06:28:11	2022-11-08 04:25:24
BE22009478	15	0	공감화자님의 온화한 말씀에 가슴이 따뜻해집니다. 저의 기쁜 마음을 함께 느껴주셔서 정말 고맙습니다.	Y	2022-07-17 06:28:11	2022-11-08 04:25:24
