id	utterance_id	utterance_type	utterance_text	terminate	regDate	updDate
BE22007033	1	0	운동을 시작했더니 체력이 붙었어요. 아이들 돌볼 때 금방 지치곤 했는데 한결 수월해 진 게 느껴져요.	N	2022-07-08 03:35:10	2022-11-08 04:09:47
BE22007033	2	1	우와, 그러시군요. 저도 운동해야지 생각은 있는데 실행이 잘 안되네요.	N	2022-07-08 03:35:10	2022-11-08 04:09:47
BE22007033	3	0	저는 어깨가 너무 아파서 운동을 시작했거든요. 요가나 필라테스 같은 운동이 도움이 된다고 들어서요. 지금 3개월 정도 됐나 싶은데 정말 많이 좋아졌어요.	N	2022-07-08 03:35:10	2022-11-08 04:09:47
BE22007033	4	1	그 말씀 들으니까 저도 하고 싶어지네요. 그런데 운동을 안 한 지 오래돼서 따라 할 수 있을지 모르겠어요.	N	2022-07-08 03:35:10	2022-11-08 04:09:47
BE22007033	5	0	저도 아이 낳고 10년 만에 시작한 거예요. 무리하지 않고 스트레스칭부터 시작하면 누구나 할 수 있겠더라고요. 체력이 붙으니 활기도 생기고 너무 좋아요.	N	2022-07-08 03:35:10	2022-11-08 04:09:47
BE22007033	6	1	그 말씀 그대로 정말 활기가 느껴져요. 아이들 돌볼 때 수월해진다는 기분을 저도 느껴보고 싶어지네요.	N	2022-07-08 03:35:10	2022-11-08 04:09:47
BE22007033	7	0	저는 정말 적극 추천해요. 시작이 어려우시면 제가 같이 가드릴 수도 있어요.	N	2022-07-08 03:35:10	2022-11-08 04:09:47
BE22007033	8	1	하하하, 운동 전도사가 되실 것 같아요. 기운이 펄펄 나시는 게 문자에서도 느껴지네요.	N	2022-07-08 03:35:10	2022-11-08 04:09:47
BE22007033	9	0	전에는 틈만 나면 눕고 싶었는데 요즘에는 운동하러 가고 싶어질 정도라 주변에 추천하게 되네요.	N	2022-07-08 03:35:10	2022-11-08 04:09:47
BE22007033	10	1	대단하시네요. 에너지 넘치는 남자아이들 키우면서 운동까지 마음먹기 쉽진 않으셨을 텐데요. 게다가 효과를 볼 정도로 열심히 다니셨다니 놀랍네요.	N	2022-07-08 03:35:10	2022-11-08 04:09:47
BE22007033	11	0	아프기도 했지만 말씀대로 사내아이들 키우느라 더 체력을 키워야겠다 싶었던 것 같아요. 매일 힘들다는 소리를 입에 달고 사는 것도 어느 순간 싫어지더라고요.	N	2022-07-08 03:35:10	2022-11-08 04:09:47
BE22007033	12	1	저도 동감입니다. 저도 저희 집 사내아이들이 벅차거든요. 그렇다고 체력을 기를 생각은 못했는데 의지력이 대단하신 것 같아요.	N	2022-07-08 03:35:10	2022-11-08 04:09:47
BE22007033	13	0	처음 시작하는 게 어려워서 그렇지 일단 시작하면 즐거우실 거예요. 제가 효과를 보고 나니 혹시 필요하신 분이 계시다면 도움을 드리고 싶어지더라고요. 삶에 활기도 생기고 얼굴에 생기가 돈다는 얘기도 들었어요!	N	2022-07-08 03:35:10	2022-11-08 04:09:47
BE22007033	14	1	그 말씀 들으니 당장이라고 시작하고 싶어져요. 감정화자님은 주변에 긍정적인 기운을 나눠 주시는 분이시네요! 이렇게 계속하시면 필라테스 강사도 하실 수 있을 것 같아요!	N	2022-07-08 03:35:10	2022-11-08 04:09:47
BE22007033	15	0	어머나, 그 생각까지는 못해봤는데 새로운 꿈이 생기는 것 같네요! 체력도 붙고 꿈도 생기니 이보다 더 즐거울 수가 없겠어요!	Y	2022-07-08 03:35:10	2022-11-08 04:09:47
