id	utterance_id	utterance_type	utterance_text	terminate	regDate	updDate
BE22011126	1	0	오늘은 생각지도 못한 선물을 받아 행복하고 감사한 날입니다.	N	2022-07-23 05:49:58	2022-11-08 04:35:55
BE22011126	2	1	듣는 제가 다 기분이 좋습니다. 생각하지 않다가 받게 되는 선물만큼 놀랍고 기쁜 일도 없죠!	N	2022-07-23 05:49:58	2022-11-08 04:35:55
BE22011126	3	0	평소에 회사에서 좀 데면데면한 대리님이 계십니다. 언제나 저에게 무뚝뚝하게 굴어 저를 좋아하지 않는다 생각했거든요. 그런데 오늘 갑자기 1년 묵은 배추김치라며, 선물을 주시는 거예요.	N	2022-07-23 05:49:58	2022-11-08 04:35:55
BE22011126	4	1	와, 더 놀랍고 기쁘셨겠어요! 저를 좋아하지 않는다고 생각한 사람의 본심이 그게 아니었다는 걸 알게 된 계기였으니 말입니다. 감정화자님이 감사해하며 기뻐하실 생각을 하니, 저도 흐뭇하네요.	N	2022-07-23 05:49:58	2022-11-08 04:35:55
BE22011126	5	0	네, 제가 묵은김치를 좋아한다는 말을 지나가듯 하는 걸 듣고 기억하셨대요. 그래서 생각이 나 들고 오셨다는데, 그 마음이 어찌나 감사한지 정말 기쁘더라고요. 평소 제가 대리님을 오해하고 있었다고 생각하니, 마음이 홀가분해졌고요.	N	2022-07-23 05:49:58	2022-11-08 04:35:55
BE22011126	6	1	오해가 풀리는 순간에 오는 안도감과 홀가분한 마음이 정말 좋죠. 직장 생활하며, 오해와 선입견으로 틀어졌던 사람들의 진심을 알고, 무겁던 마음이 깃털처럼 가벼워진 경험이 있어요. 그러니 감정화자님의 홀가분한 기쁨이 무엇인지 알겠네요.	N	2022-07-23 05:49:58	2022-11-08 04:35:55
BE22011126	7	0	제가 한 오해 때문에 대리님에게 쌀쌀맞게 굴었던 적을 생각하면, 죄송한 마음이 있죠. 하지만 그것도 대리님이 말씀해주시더라고요, 본인 성격이 무뚝뚝해서 오해를 산다면서요. 그렇게 먼저 저에게 다가와 주시니 정말 고맙고, 오해의 감정이 기쁨으로 변하는 경험을 하게 됐죠.	N	2022-07-23 05:49:58	2022-11-08 04:35:55
BE22011126	8	1	듣는 것만으로도 미소가 지어지네요. 어쩔 수 없이 생기는 오해들을 어떻게 풀어가는지도 사는 재미인 것 같네요. 이렇게 묵은지 김치로 서로의 마음을 알고, 기쁘게 서로를 이해하는 모습을 보니 말입니다.	N	2022-07-23 05:49:58	2022-11-08 04:35:55
BE22011126	9	0	네 저도 대리님께 쌀쌀맞게 굴었던 모습에 대한 사과를 드렸어요. 대리님은 그런 것에 개의치 않는 분이라고 하시면서, 되려 저에게 그런 걱정 하지 마시라고 하더라고요. 좋은 분이시라는 생각이 들면서 앞으로 함께 일할 생각을 하니 든든해졌습니다.	N	2022-07-23 05:49:58	2022-11-08 04:35:55
BE22011126	10	1	그런 든든한 마음으로 일하실 수 있다니 정말 기쁘시겠어요. 좋은 분의 진심을 알게 되신 감정화자님께서 느끼실 기쁨은 얼마나 클까요?	N	2022-07-23 05:49:58	2022-11-08 04:35:55
BE22011126	11	0	네, 정말 좋은 분을 알게 된 것 같아 정말 기뻐요. 괜한 오해는 금물이라는 것도 배우게 되었고요. 혼자 상상하며, 쌓아온 잘못된 생각 때문에 자칫하면 일하면서 계속 부딪힐 뻔했거든요.	N	2022-07-23 05:49:58	2022-11-08 04:35:55
BE22011126	12	1	작은 일을 통해서 배우고, 자신의 잘못을 고쳐나가는 감정화자님의 마음이 정말 예쁘고, 훌륭하게 느껴집니다. 이렇게 배우려는 자세만 있다면, 어디서든 무엇이든 잘하실 수 있을 거라는 믿음이 드네요.	N	2022-07-23 05:49:58	2022-11-08 04:35:55
BE22011126	13	0	그런가요, 공감화자님? 저는 제가 너무 어린아이 같다고 느껴져서 좀 아쉬운 마음이 있었거든요. 그렇게 말씀해주시니, 마음이 후련해지고 당당해지는 느낌도 듭니다.	N	2022-07-23 05:49:58	2022-11-08 04:35:55
BE22011126	14	1	그럼요! 누구나 오해를 할 수도, 실수를 할 수도 있는걸요. 하지만 그걸 알아채고 변하려는 태도를 갖는 건 누구나 하는 일은 아니죠. 감정화자님처럼 나은 모습으로 계속 발전해나가는 분들을 저는 좋아합니다.	N	2022-07-23 05:49:58	2022-11-08 04:35:55
BE22011126	15	0	항상 공감화자님은 제게 좋은 생각과 마음이 들 수 있도록 북돋아 주시는 분이세요. 오늘도 덕분에 기쁜 마음에 감사까지 더해져 한없이 행복한 날이 되었습니다. 정말 감사해요, 공감화자님.	Y	2022-07-23 05:49:58	2022-11-08 04:35:55
