id	utterance_id	utterance_type	utterance_text	terminate	regDate	updDate
BE22011725	1	0	아휴, 봄맞이 청소를 하기 시작하니까 할 것이 한두 개가 아니야. 이걸 언제 다하지. 천천히 치워야지 했는데 막상 벌어진 일들을 보니 산더미 같아도 기분은 좋다.	N	2022-07-26 03:27:37	2022-11-08 04:39:46
BE22011725	2	1	와 너도 대청소 시작했구나? 나도 지금 막 시작했는데, 지금 똑같은 마음이야. 일 벌여 놓으니까 벌써 한숨 나온다.	N	2022-07-26 03:27:37	2022-11-08 04:39:46
BE22011725	3	0	맞아 냉장고 청소가 진짜 힘들지. 그런데 한창 청소하다 보니 남편이 냉장고 청소를 혼자 다 해 놨더라고. 세상에, 정말 기쁘지 뭐야, 남편이 백마 탄 왕자님이라도 된 것 같았어.	N	2022-07-26 03:27:37	2022-11-08 04:39:46
BE22011725	4	1	와 정말? 너무 좋겠다. 어렵고 힘든 일 남편이 도와주면 정말 고맙고 사랑스럽지. 안 그래도 너 요즘 몸이 힘들다고 했었잖아. 엄청 기뻤겠어.	N	2022-07-26 03:27:37	2022-11-08 04:39:46
BE22011725	5	0	정말 그래. 정말 감사했어. 냉장고 하나가 해결된 것만으로도 이렇게 기쁘다니.	N	2022-07-26 03:27:37	2022-11-08 04:39:46
BE22011725	6	1	어휴, 냉장고 청소가 가장 큰 일 중 하나인걸. 나도 그렇게 남편이 냉장고 청소해 줬으면 방실방실 웃으면서 껴안고 난리 칠 거 같아. 예전에 남편이 창문을 청소해 줬을 때 나도 엄청 기뻤었거든. 그래서 이해해.	N	2022-07-26 03:27:37	2022-11-08 04:39:46
BE22011725	7	0	맞아 정말로 아주 껴안고 뽀뽀해주고 싶더라고. 어쩜 이렇게 사랑스러운 행동을 하는지 오늘은 맛있는 거라도 해 줘야겠어.	N	2022-07-26 03:27:37	2022-11-08 04:39:46
BE22011725	8	1	와 진짜 부럽다 정말. 그런데 평소에 네가 남편을 잘 위해주고 챙겨주니까 남편도 더 너를 위하는 거 같아. 너무 예쁜 부부처럼 보여서 참 보기 좋아.	N	2022-07-26 03:27:37	2022-11-08 04:39:46
BE22011725	9	0	히히, 그렇게 말해주니 좀 부끄러운걸. 그냥 사랑하는 만큼 서로 배려하는 것뿐인데, 뭐.	N	2022-07-26 03:27:37	2022-11-08 04:39:46
BE22011725	10	1	그게 나도 마음은 그렇게 먹고 있는데 참 실행이 쉽지 않더라. 너희 부부처럼 서로를 아껴주는 부부가 생각보다 참 드물어. 정말 잘 살고 있는 것 같다.	N	2022-07-26 03:27:37	2022-11-08 04:39:46
BE22011725	11	0	와, 그렇게 말해주니 너무 좋은걸. 냉장고 청소해주는 남편 덕에 나도 칭찬받는 기분이네?	N	2022-07-26 03:27:37	2022-11-08 04:39:46
BE22011725	12	1	정말 보기 좋아서 한 말이야. 특히 이렇게 큰 청소할 때는 남편의 도움이 더 절실하게 필요하잖아.	N	2022-07-26 03:27:37	2022-11-08 04:39:46
BE22011725	13	0	맞아 정말 그렇네. 사실 남편 아니었으면 봄맞이 대청소 시작도 못 했을 거야. 다시 한번 예뻐해 줘야겠어.	N	2022-07-26 03:27:37	2022-11-08 04:39:46
BE22011725	14	1	진짜 남편 맛있는 거라도 좀 해줘. 나도 네 이야기를 하면서 우리 남편한테 한번 말해봐야겠어. 그럼 가만히 있지는 않겠지.	N	2022-07-26 03:27:37	2022-11-08 04:39:46
BE22011725	15	0	맞아, 다시 한번 이야기해봐. 설마 대청소인데 안 도와주겠어? 우리 함께 열심히 청소에 도전해보자!	Y	2022-07-26 03:27:37	2022-11-08 04:39:46
