id	utterance_id	utterance_type	utterance_text	terminate	regDate	updDate
BE22012694	1	0	지난주부터 동네 슈퍼마켓에 가는 대신 새벽 배송을 해 주는 온라인 쇼핑을 애용하고 있어. 번거롭게 가게에 가지 않고 편안하게 새벽에 배송받을 수 있으니 정말 만족스러워. 삶의 질도 더 높아진 것 같아서 기쁜 마음도 들고.	N	2022-08-01 07:44:52	2022-11-08 04:45:50
BE22012694	2	1	네 마음에 쏙 드는 인터넷 쇼핑을 찾았다니 무척 기쁘겠다. 네가 좋아할 모습을 떠올리니, 내 입가에도 환한 미소가 저절로 떠오르는걸.	N	2022-08-01 07:44:52	2022-11-08 04:45:50
BE22012694	3	0	서너 번 정도 이용했는데, 생각했던 것보다 훨씬 더 흡족해. 특히 새벽 배송을 해 주니까, 평소와 달리 아침을 해 먹을 수 있어서 정말 기뻐.	N	2022-08-01 07:44:52	2022-11-08 04:45:50
BE22012694	4	1	넌 원래 아침을 잘 챙기지 않는데, 요즘은 아침마다 더 활력이 가득하겠구나. 즐겁게 하루를 시작할 네 모습을 떠올리니, 나도 활력이 샘 솟는 것 같네.	N	2022-08-01 07:44:52	2022-11-08 04:45:50
BE22012694	5	0	예전에는 피곤한 퇴근길에 장을 보러 갔거든. 이제는 그런 성가신 일과가 없어지니까, 저녁 시간이 무척 여유롭고 마음도 즐거워.	N	2022-08-01 07:44:52	2022-11-08 04:45:50
BE22012694	6	1	번거로운 일과 대신 느긋한 시간이 생겼다니 정말 부러운걸. 네 모습을 생각하니, 내 마음도 잔잔한 호수처럼 편안해.	N	2022-08-01 07:44:52	2022-11-08 04:45:50
BE22012694	7	0	간편식을 다양하게 구입할 수 있는 것도 큰 장점이야. 요리하는 시간이 줄다 보니, 가족들과 함께하는 시간이 더 늘어서 행복해.	N	2022-08-01 07:44:52	2022-11-08 04:45:50
BE22012694	8	1	소중한 가족과의 시간은 축복이지. 네가 더 만족스러운 가정생활을 누리게 되어서 나도 정말 기뻐.	N	2022-08-01 07:44:52	2022-11-08 04:45:50
BE22012694	9	0	게다가 첫 이용에는 큰 선물도 받아서 정말 설렜어. 커다란 수박을 단돈 100원에 구입할 수 있어서 큰 행운이었어.	N	2022-08-01 07:44:52	2022-11-08 04:45:50
BE22012694	10	1	와, 처음 이용하는 고객에 대한 서비스도 정말 감동적이네. 네 이야기를 들으니 나도 한 번 이용해 보고 싶어지는걸.	N	2022-08-01 07:44:52	2022-11-08 04:45:50
BE22012694	11	0	그럼 내가 그 온라인 쇼핑하는 방법 가르쳐 줄게. 사용 방법도 간단하고, 무엇보다 믿을 수 있는 음식 재료를 구할 수 있어서 정말 만족해.	N	2022-08-01 07:44:52	2022-11-08 04:45:50
BE22012694	12	1	넌 음식에 대해서 누구보다 두루 잘 알고 재료를 고르는 안목도 뛰어나잖아. 네가 선택한 곳이면 분명히 좋은 점이 많을 거야. 나는 그렇게 믿어.	N	2022-08-01 07:44:52	2022-11-08 04:45:50
BE22012694	13	0	와, 이렇게 격려해 주니 정말 기분 좋은걸. 너랑 이야기하다 보니 내 마음의 기쁨이 두 배가 된 것 같아.	N	2022-08-01 07:44:52	2022-11-08 04:45:50
BE22012694	14	1	나도 네 덕분에 새로운 온라인 쇼핑을 알게 돼서 기뻐. 앞으로 새벽 배송을 받을 생각에 설레기도 하고.	N	2022-08-01 07:44:52	2022-11-08 04:45:50
BE22012694	15	0	그래, 이렇게 사소한 일상을 친구와 공유하니 정말 행복해. 늘 내 이야기에 귀 기울여 줘서 정말 고마워.	Y	2022-08-01 07:44:52	2022-11-08 04:45:50
