id	utterance_id	utterance_type	utterance_text	terminate	regDate	updDate
BE22009223	1	0	내일 우리 막내아들 졸업식이야. 막내가 이렇게 무사히 크다니, 기쁘고 감사하다.	N	2022-07-15 09:29:18	2022-11-08 04:23:43
BE22009223	2	1	와 정말 축하해요! 막내가 벌써 졸업할 때가 됐군요, 지금 얼마나 기쁘실까요?	N	2022-07-15 09:29:18	2022-11-08 04:23:43
BE22009223	3	0	말로 표현할 수 없을 정도로 기쁘지! 초등학교 입학할 때가 생생한데 이제 벌써 성인이야.	N	2022-07-15 09:29:18	2022-11-08 04:23:43
BE22009223	4	1	그러니까요. 저도 초등학생 때 처음 봐서 아직 아기 같아요. 게다가 어렵게 얻은 막내라서 얼마나 아끼며 키우셨어요. 자식 있는 부모로서 언니 마음 완전 공감해요.	N	2022-07-15 09:29:18	2022-11-08 04:23:43
BE22009223	5	0	맞아. 어렵게 얻었지만, 얘를 키우면서 힘들었던 일보다 행복했던 순간이 더 많았던 것 같아.	N	2022-07-15 09:29:18	2022-11-08 04:23:43
BE22009223	6	1	맞아요. 아이를 키우면서 아무리 힘들어도 웃는 얼굴 보면 잊혀지고 그런 거 같아요. 언니가 그동안 고생이 참 많으셨어요.	N	2022-07-15 09:29:18	2022-11-08 04:23:43
BE22009223	7	0	내가 한 건 별로 없어. 이렇게 건강하게 자란 게 감사하지.	N	2022-07-15 09:29:18	2022-11-08 04:23:43
BE22009223	8	1	건강한 게 최고죠. 그리고 언니가 얼마나 사랑으로 키웠는데요, 제가 옆에서 다 지켜봤잖아요. 저도 언니 보면서 항상 많이 배워요.	N	2022-07-15 09:29:18	2022-11-08 04:23:43
BE22009223	9	0	고맙다. 자기가 그렇게 말해주니까 정말로 기분 최고다. 더 바랄 게 없을 정도로 행복해.	N	2022-07-15 09:29:18	2022-11-08 04:23:43
BE22009223	10	1	언니가 행복하다니 저도 기분이 좋아요! 그리고 진심이에요. 아들 셋 키우는 게 어디 쉬운 일인가요? 언니처럼 따뜻하고 친구 같은 엄마는 또 없을 거예요.	N	2022-07-15 09:29:18	2022-11-08 04:23:43
BE22009223	11	0	그건 맞아. 그래도 우리 아들들이 별문제 안 일으키고 큰 게 참 뿌듯하고 하늘에 감사할 뿐이야.	N	2022-07-15 09:29:18	2022-11-08 04:23:43
BE22009223	12	1	그러게요. 그동안 사고 한번 안 치고 참 착한 아이들이었어요. 언니는 아이들 얼굴만 봐도 뿌듯하고 배부를 거 같아요.	N	2022-07-15 09:29:18	2022-11-08 04:23:43
BE22009223	13	0	호호 맞아. 애들도 다 컸으니까 우리 이제 자유 시간 많이 갖자고.	N	2022-07-15 09:29:18	2022-11-08 04:23:43
BE22009223	14	1	좋아요. 낮에 커피도 마시고 모임에서 여행도 가요. 그동안 아이들 챙기느라 고생하셨으니까 이제 언니 인생 충분히 즐기면서 지내세요.	N	2022-07-15 09:29:18	2022-11-08 04:23:43
BE22009223	15	0	역시 자기는 말을 참 예쁘게 해. 조만간 보자고.	Y	2022-07-15 09:29:18	2022-11-08 04:23:43
