id	utterance_id	utterance_type	utterance_text	terminate	regDate	updDate
BE22008805	1	0	오랜만에 연락드리네요. 그동안 잘 지내셨어요?	N	2022-07-14 06:07:45	2022-11-08 04:21:04
BE22008805	2	1	네, 저희는 별일 없이 잘 지내고 있어요. 요즘 몸 상태는 좀 어떠세요?	N	2022-07-14 06:07:45	2022-11-08 04:21:04
BE22008805	3	0	다행히 최근 새로 시작한 치료가 잘 맞는 것 같아요. 수치가 좋아지고 있네요. 정말 다행이죠?	N	2022-07-14 06:07:45	2022-11-08 04:21:04
BE22008805	4	1	듣던 중 반가운 소식이네요. 계속 나아져서 곧 완치되었으면 좋겠어요. 그렇기만 한다면 더 바랄 게 없겠어요.	N	2022-07-14 06:07:45	2022-11-08 04:21:04
BE22008805	5	0	네, 저도 그랬으면 좋겠어요. 그나저나 오늘 치료받고 집으로 돌아와 보니 조카에게서 손 편지가 와 있더라고요. 정말 조카아이가 맞나 싶어 이름을 몇 번이나 다시 봤네요.	N	2022-07-14 06:07:45	2022-11-08 04:21:04
BE22008805	6	1	어머나, 손 편지를요? 전에 말씀하셨던 그 조카 맞죠? 이야기 듣고 슬프다고 위로해 드리고 싶다더니 편지를 썼나 보네요.	N	2022-07-14 06:07:45	2022-11-08 04:21:04
BE22008805	7	0	편지를 읽는데 얼마나 마음이 따뜻해지든지 없던 기운도 날 것 같더라고요. 예쁜 마음이 꼭꼭 눌러 쓴 글씨에 그대로 담겨 있었어요. 마음이 얼마나 벅차오르는지 몰라요.	N	2022-07-14 06:07:45	2022-11-08 04:21:04
BE22008805	8	1	조카분이 다정한 건 감정화자님을 닮아서일 거예요. 워낙 감정화자님이 가족들을 살뜰히 챙기셔서 그걸 보고 배운 것 같아요.	N	2022-07-14 06:07:45	2022-11-08 04:21:04
BE22008805	9	0	제가 우는 모습을 처음 봐서 자기도 많이 속상했다고 썼더라고요. 같이 울고 싶었지만 참았다면서 힘내시라고 썼는데 어느새 이렇게 따뜻한 아이로 자랐나 싶었어요. 대견하기도 하고 마음이 뿌듯해지더라고요.	N	2022-07-14 06:07:45	2022-11-08 04:21:04
BE22008805	10	1	워낙 조카를 예뻐하셨잖아요. 생일도 꼬박꼬박 챙겨주시고.	N	2022-07-14 06:07:45	2022-11-08 04:21:04
BE22008805	11	0	의지가 되어주고 싶어 하는 모습이 글에서 읽히더라고요. 마음이 예쁜 아이로 잘 자랐어요. 오늘 병원에 다녀와서 힘들었었는데 기분이 좋아지니 기운도 나더라고요.	N	2022-07-14 06:07:45	2022-11-08 04:21:04
BE22008805	12	1	그러셨군요. 조금이라도 위안이 되었다니 다행이네요. 이렇게 좋아하시는 걸 안다면 다음에도 또 편지를 써주겠는데요?	N	2022-07-14 06:07:45	2022-11-08 04:21:04
BE22008805	13	0	생각만 해도 기분이 좋아지는데요. 저한테는 그 어떤 선물보다 더 귀중한 선물이 될 거예요.	N	2022-07-14 06:07:45	2022-11-08 04:21:04
BE22008805	14	1	어떤 마음이 드실지 저도 충분히 공감이 가요. 기뻐하시는 모습이 머릿속에 그려지는 것 같아요. 그 편지로 기운 내서 좀더 건강 회복하셨으면 좋겠어요.	N	2022-07-14 06:07:45	2022-11-08 04:21:04
BE22008805	15	0	요즘 손 편지가 참 귀한 시대잖아요. 이 보물과 함께라면 금방 기운을 차릴 수 있을 거예요.	Y	2022-07-14 06:07:45	2022-11-08 04:21:04
