id	utterance_id	utterance_type	utterance_text	terminate	regDate	updDate
BE22012731	1	0	공감화자님 저 오늘 드디어 정규직이 되었어요. 그토록 간절히 바라던 날이 드디어 오다니 저 자신이 너무 자랑스럽고 기뻐요.	N	2022-08-01 11:02:22	2022-11-08 04:46:04
BE22012731	2	1	어머 정말요? 세상에 너무 축하드려요. 그렇게 고대하시던 일을 해내시다니 얼마나 기분이 좋으실까요.	N	2022-08-01 11:02:22	2022-11-08 04:46:04
BE22012731	3	0	이제 정규직이 되면 받을 수 있는 복지도 훨씬 늘어난대요. 살면서 한 번도 이렇게 정규직이 될 거라고는 생각을 못 해봤는데... 이제 정말 회사원이 된 것 같은 기분이 들어요.	N	2022-08-01 11:02:22	2022-11-08 04:46:04
BE22012731	4	1	그동안 비정규직 생활하시느라 얼마나 고생이 많으셨어요. 여태껏 감정화자님이 해왔던 노력이 결실을 맺는 것 같아 저 또한 너무 기쁘네요. 다시 한번 정말 축하드려요.	N	2022-08-01 11:02:22	2022-11-08 04:46:04
BE22012731	5	0	감사드려요. 이제 월급도 조금 오를 텐데 너무 기대가 돼요. 공감화자님이 여태껏 저 챙겨주신 게 감사해서 뭐라도 해드리고 싶어요 정말.	N	2022-08-01 11:02:22	2022-11-08 04:46:04
BE22012731	6	1	그런 말씀 마세요. 제가 한 게 뭐가 있다고요. 사장님이 감정화자님의 노고를 알아봐 주신 것이죠. 비정규직으로 일하시면서 억울한 일도 있고 불편한 일도 참 많으셨을 텐데 잘 견뎌내셨어요. 그러한 시간을 버텨내셨기에 더욱더 기쁘시지 않을까 싶네요.	N	2022-08-01 11:02:22	2022-11-08 04:46:04
BE22012731	7	0	맞아요. 정말 오랜 시간 꿈꿔왔던 일이거든요. 이번 년에도 왠지 안될 것 같아서 많이 마음고생을 했는데 딱 붙어버리니 기분이 너무 좋네요. 하늘을 나는 것만 같아요.	N	2022-08-01 11:02:22	2022-11-08 04:46:04
BE22012731	8	1	감정화자님은 원하는 게 있다면 언제나 그것을 쟁취하시는 것 같아요. 그게 어떤 것이 되었든 최선을 다해서 노력하시는 모습이 참 보기 좋아요. 그렇게 한결같이 살아간다는 것이 쉬운 게 아닌데 참 대단한 분이세요.	N	2022-08-01 11:02:22	2022-11-08 04:46:04
BE22012731	9	0	공감화자님이 저를 인정해 주시니 몸 둘 바를 모르겠네요. 칭찬해 주셔서 감사해요 공감화자님이 늘 응원해 주신 덕분에 제가 정규직이 될 수 있었어요.	N	2022-08-01 11:02:22	2022-11-08 04:46:04
BE22012731	10	1	별말씀을요. 전 멈추지 않고 끊임없이 도전하는 감정화자님의 도전정신에 박수를 보내드리고 싶어요. 제가 감정화자님을 보며 배울 점이 참 많다고 느낍니다. 고생 끝에 좋은 결과까지 있으니 이보다 좋은 게 있을까요.	N	2022-08-01 11:02:22	2022-11-08 04:46:04
BE22012731	11	0	같이 기뻐해 주시니 제가 두 배로 기뻐지네요. 그나저나 오늘은 늘 뒷바라지해 주신 부모님을 위해서 맛있는 음식이나 집에 좀 사 가려고요.	N	2022-08-01 11:02:22	2022-11-08 04:46:04
BE22012731	12	1	좋은 생각이세요. 부모님에게도 빨리 좋은 소식을 들려드리고 싶어서 벌써 퇴근하고 싶으실 것 같은데요 하하하. 얼마나 기뻐하실지 눈에 선해서 제 마음도 뭉클해지네요.	N	2022-08-01 11:02:22	2022-11-08 04:46:04
BE22012731	13	0	저도 부모님께 말씀드릴 생각만 하면 조금 눈물이 나려고 하네요. 정말 좋아하실 것 같아서 제 마음이 너무나 뿌듯해요. 제대로 된 효도를 해드리는 것 같고요.	N	2022-08-01 11:02:22	2022-11-08 04:46:04
BE22012731	14	1	그럼요. 자식이 잘돼서 부모님께 보답하는 것만큼 큰 효도가 어디 있겠어요. 대단한 아드님을 두셔서 부모님도 참 좋으시겠어요.	N	2022-08-01 11:02:22	2022-11-08 04:46:04
BE22012731	15	0	제가 잘 된 것도 다 주위에 부모님, 공감화자님 같은 분들이 있기 때문인 거죠. 늘 감사드립니다.	Y	2022-08-01 11:02:22	2022-11-08 04:46:04
