id	utterance_id	utterance_type	utterance_text	terminate	regDate	updDate
BE22011843	1	0	나 요즘 새로운 도전을 하고 있어! 이제는 하면 할수록 엄청 뿌듯하고 기뻐.	N	2022-07-26 07:39:33	2022-11-08 04:40:33
BE22011843	2	1	오. 네가 그렇게 말하니까 어떤 도전인지 너무 궁금하다.	N	2022-07-26 07:39:33	2022-11-08 04:40:33
BE22011843	3	0	나 얼마 전에 손 다쳤잖아. 뭐 다른 것들은 어찌어찌 문제가 안 됐는데, 젓가락질이 문제더라고. 그래서 왼손으로 젓가락질하고 있어!	N	2022-07-26 07:39:33	2022-11-08 04:40:33
BE22011843	4	1	아! 그때 다쳤다는 곳이 오른손이었구나? 세상에. 생활하는 데 불편하지는 않아?	N	2022-07-26 07:39:33	2022-11-08 04:40:33
BE22011843	5	0	처음에는 모든 게 불편했는데, 특히 젓가락질이 문제였어. 처음에는 서툴고 어려웠는데, 하다 보니까 생각보다 재밌더라고! 어느 정도냐면 요즘 밥 먹을 때 젓가락으로 집기 어려운 반찬이 나오면 막 짜릿할 정도야.	N	2022-07-26 07:39:33	2022-11-08 04:40:33
BE22011843	6	1	새로운 것에 도전할 때 점차 익숙해지고 실력이 늘어가는 재미가 있지! 게다가 일상생활에 밀접하게 관련된 것이라면 더욱 빈도가 높아지니까 즐거움도 두 배일 수 있겠어. 네가 이렇게 즐거워하니까 보기 너무 좋다.	N	2022-07-26 07:39:33	2022-11-08 04:40:33
BE22011843	7	0	맞아. 자주 하니까 더 재미있는 것 같아. 심지어 내가 꽤 왼손 사용에 재능이 있는 것 같아서 더 기뻐. 이제는 젓가락질 말고 다른 것들도 왼손으로 퍽 잘하고 있어.	N	2022-07-26 07:39:33	2022-11-08 04:40:33
BE22011843	8	1	오른손을 다쳐서 힘들고 짜증이 날 수도 있는 상황인데 이렇게 즐거움을 찾아내는구나! 이럴 때 보면 너는 정말 긍정적인 사고의 소유자인 것 같아. 정말 너의 이런 모습을 나도 본받아야겠어.	N	2022-07-26 07:39:33	2022-11-08 04:40:33
BE22011843	9	0	처음에 다친 직후에는 나도 화도 나고 속상하기도 했어. 하지만 그렇다고 계속 성질만 부린다면 나만 더 괴로울 것 같더라고. 그래서 마음을 고쳐먹고 긍정적으로 생각하기로 했어.	N	2022-07-26 07:39:33	2022-11-08 04:40:33
BE22011843	10	1	와, 그렇게 사고 전환하기 정말 힘든데 혼자 생각과 태도를 바꾸다니 진짜 대단하다. 네가 정말 존경스러워. 심지어 이런 불편한 상황에서도 발전하려는 모습까지 너무 멋있어.	N	2022-07-26 07:39:33	2022-11-08 04:40:33
BE22011843	11	0	네가 이렇게 칭찬해 주니 더욱 기쁘다. 별일 아닌데도 경청해 주고 진심으로 칭찬해 주어서 정말 고맙다. 네 칭찬 덕분에 왼손 사용하는 것에 더 잘 적응할 수 있을 것 같아.	N	2022-07-26 07:39:33	2022-11-08 04:40:33
BE22011843	12	1	내 작은 말들이 너에게 응원으로 전해졌다니 나도 너무 기쁘다. 나에게 앞으로 또 이렇게 즐거운 마음을 많이 전해 줘!	N	2022-07-26 07:39:33	2022-11-08 04:40:33
BE22011843	13	0	그래! 내가 다음에 만나면 왼손으로 젓가락질하는 것도 보여줄게!	N	2022-07-26 07:39:33	2022-11-08 04:40:33
BE22011843	14	1	알겠어. 기대하고 있을게!	Y	2022-07-26 07:39:33	2022-11-08 04:40:33
