id	utterance_id	utterance_type	utterance_text	terminate	regDate	updDate
BE22011192	1	0	공감 화자님, 나 너무 기쁜 일이 있어.	N	2022-07-23 12:47:33	2022-11-08 04:36:20
BE22011192	2	1	그래? 무슨 일인지 정말 궁금하다! 나에게 알려줄래?	N	2022-07-23 12:47:33	2022-11-08 04:36:20
BE22011192	3	0	내가 입양했던 우리 딸이 드디어 나한테 엄마라고 불렀어! 기뻐서 눈물이 나.	N	2022-07-23 12:47:33	2022-11-08 04:36:20
BE22011192	4	1	정말 잘됐다! 난 생각만 해도 너무 가슴이 벅차고 기쁜데, 실제로 들은 감정 화자님은 정말 행복하고 기쁘겠다. 언제 엄마라고 부른 거야?	N	2022-07-23 12:47:33	2022-11-08 04:36:20
BE22011192	5	0	아까 아이가 유치원 가려고 준비하는데... 다녀오겠습니다, 엄마! 라고 하고 가는 거야. 가슴이 터질 것처럼 행복했어.	N	2022-07-23 12:47:33	2022-11-08 04:36:20
BE22011192	6	1	어머, 정말 감동이다! 아이도 그렇게 부르기까지 큰 결심이 있었을 텐데, 감정 화자님의 사랑이 그걸 이끌어낸 것 같네.	N	2022-07-23 12:47:33	2022-11-08 04:36:20
BE22011192	7	0	그렇게 말해줘서 고마워. 사실 그동안 우리 아이가 나를 정말 엄마로 받아들였을까 고민이 많았거든.	N	2022-07-23 12:47:33	2022-11-08 04:36:20
BE22011192	8	1	그랬구나. 나 같아도 그런 고민이 들고, 걱정도 되면서 심적으로 힘들었을 것 같아. 새롭게 가족으로 받아들이는 일은 어려운 일이잖아.	N	2022-07-23 12:47:33	2022-11-08 04:36:20
BE22011192	9	0	응, 그동안 힘든 일도 꽤 있었는데... 정말 보상받는 기분이야.	N	2022-07-23 12:47:33	2022-11-08 04:36:20
BE22011192	10	1	그동안 새로운 환경에서 아이도 적응시키고, 감정 화자님도 아이랑 맞춰나가느라 정말 힘들었지? 고생 참 많았어.	N	2022-07-23 12:47:33	2022-11-08 04:36:20
BE22011192	11	0	응... 그런데 그렇게 힘들었던 모든 일들을 다 잊을 만큼 너무 기분이 좋다.	N	2022-07-23 12:47:33	2022-11-08 04:36:20
BE22011192	12	1	입양한 아이를 진심으로 사랑하고 아끼는 모습이 존경스러워. 감정 화자님의 인내심과 포용력은 정말 대단한 것 같아. 보통 사람들은 쉽게 할 수 없는 일인 것 같아.	N	2022-07-23 12:47:33	2022-11-08 04:36:20
BE22011192	13	0	그렇게 말해줘서 고마워. 우리 딸은 정말 사랑스러워. 어떻게 이런 딸이 나에게 왔는지, 정말 행운이라고 생각해.	N	2022-07-23 12:47:33	2022-11-08 04:36:20
BE22011192	14	1	행운은 늘 노력하는 사람에게 찾아온다고 하잖아. 감정 화자님의 노력과 헌신이 만들어냈다고 생각해. 정말 멋지다!	N	2022-07-23 12:47:33	2022-11-08 04:36:20
BE22011192	15	0	고마워! 공감 화자님이 함께 기뻐해 줘서 한층 더 행복하다.	Y	2022-07-23 12:47:33	2022-11-08 04:36:20
