id	utterance_id	utterance_type	utterance_text	terminate	regDate	updDate
BE22005630	1	0	아저씨 저 가슴이 벅차올라요!	N	2022-07-01 14:38:05	2022-11-08 04:00:39
BE22005630	2	1	뭐 좋은 일이라도 있었던 거야?	N	2022-07-01 14:38:05	2022-11-08 04:00:39
BE22005630	3	0	네. 인생의 답을 모르겠을 때 답을 알려준 책이 있었거든요!	N	2022-07-01 14:38:05	2022-11-08 04:00:39
BE22005630	4	1	그런 책을 발견하다니! 나 같아도 그 가슴이 뻥 뚫려서 만세를 외칠 정도였겠어. 게다가 앞으로 네가 나아가야 할 방향을 알게 되니 절로 웃음이 피어올랐겠어.	N	2022-07-01 14:38:05	2022-11-08 04:00:39
BE22005630	5	0	그러니까요. 그 책의 한 구절을 읽자마자 기쁨의 눈물을 흘렸다니까요!	N	2022-07-01 14:38:05	2022-11-08 04:00:39
BE22005630	6	1	그 정도로 너를 벅차게 만들어서 심장을 따듯한 기분일 듯하다니! 정말 좋았겠어.	N	2022-07-01 14:38:05	2022-11-08 04:00:39
BE22005630	7	0	맞아요. 알고 보니 그 책을 제 은사님이 추천해주신 거 있죠? 그 감동에 가슴이 울렁였어요.	N	2022-07-01 14:38:05	2022-11-08 04:00:39
BE22005630	8	1	아이고. 정말 네 얼굴에 빛이 가득해 반짝거릴 정도였겠다. 거기에 무슨 구절이 적혀 있기에 은사님이 추천까지 해주신 거였니?	N	2022-07-01 14:38:05	2022-11-08 04:00:39
BE22005630	9	0	책에 천천히 가도 괜찮다고 적혀 있었어요. 아저씨도 아시겠지만 제가 며칠 전까지 취업 준비하느라 자존감이 땅바닥에 떨어져 있었잖아요.	N	2022-07-01 14:38:05	2022-11-08 04:00:39
BE22005630	10	1	기억난다. 네가 회사 들어가기 전에 모든 게 마음에 안 들어서 꼭꼭 숨고 싶다고 했잖아.	N	2022-07-01 14:38:05	2022-11-08 04:00:40
BE22005630	11	0	맞아요. 그땐 정말 다 포기하고 구석에 웅크리고 싶었죠.	N	2022-07-01 14:38:05	2022-11-08 04:00:40
BE22005630	12	1	그래. 네가 그땐 눈물도 많이 흘렸었는데 지금은 이렇게나 활짝 웃은 미소를 보여줘서 다행이야!	N	2022-07-01 14:38:05	2022-11-08 04:00:40
BE22005630	13	0	감사해요. 그래서 앞으로도 힘들어서 몸이 움츠려지는 일이 있으면 가슴 펴보려고요. 제 인생에 조언해준 책을 발견했으니까요!	N	2022-07-01 14:38:05	2022-11-08 04:00:40
BE22005630	14	1	역시 힘겨운 일이 있어도 꿋꿋하게 나아가 결국 빙그레 웃는 너답구나! 앞으로 너는 뭐든 잘 해낼 수 있을 수 있을 거야.	Y	2022-07-01 14:38:05	2022-11-08 04:00:40
