id	utterance_id	utterance_type	utterance_text	terminate	regDate	updDate
BE22011051	1	0	나 요즘 물리치료사로 일하고 있는 거 알지? 일하다 보니까 여간 어려운 일이 아니더라.	N	2022-07-22 08:46:58	2022-11-08 04:35:26
BE22011051	2	1	전에 감정 화자님 일하는 모습을 봤잖아. 정말 쉽지 않아 보이긴 했어. 그래도 열심히 하는 모습이 멋지다.	N	2022-07-22 08:46:58	2022-11-08 04:35:26
BE22011051	3	0	맞아. 힘들긴 하지만 물리치료 덕분에 좋아지는 분들을 보면 정말 기쁘고 만족스러워.	N	2022-07-22 08:46:58	2022-11-08 04:35:26
BE22011051	4	1	이미 동네에서 감정 화자님이 실력이 좋다고 소문이 자자하더라. 일을 시작한 지 얼마 되지도 않았는데 정말 대단해. 감정 화자님이 존경스러울 정도야.	N	2022-07-22 08:46:58	2022-11-08 04:35:26
BE22011051	5	0	고마워. 이 일을 시작하기 전까진 내가 할 수 있을까 고민이 많았거든. 원래 내 진로가 물리치료 쪽은 아니었잖아.	N	2022-07-22 08:46:58	2022-11-08 04:35:26
BE22011051	6	1	그러고 보니 원래는 소프트웨어에 관심이 있었다고 했잖아. 어쩌다가 물리치료에 관심을 갖게 된 거야?	N	2022-07-22 08:46:58	2022-11-08 04:35:26
BE22011051	7	0	고등학생 때 교통사고를 당한 적이 있어. 그때 몸이 정말 안 좋았는데 물리치료를 받고 건강이 회복했거든. 그때 이후로 물리치료에 관심이 가더라고.	N	2022-07-22 08:46:58	2022-11-08 04:35:26
BE22011051	8	1	원래 큰일이 생기면 가치관이 바뀐다고 하잖아. 교통사고 정도면 진로를 바꿀 정도로 정말 큰일이었겠다. 감정 화자님 마음을 이해해.	N	2022-07-22 08:46:58	2022-11-08 04:35:26
BE22011051	9	0	사고 이후로 나도 사람들의 후유증을 없애주고 싶다는 생각이 들었어. 생각해 보면 진로를 바꾸길 정말 잘한 것 같아.	N	2022-07-22 08:46:58	2022-11-08 04:35:26
BE22011051	10	1	게다가 감정 화자님은 옛날부터 다른 친구가 아픈 곳이 있으면 마사지로 도와주기도 했잖아. 나도 감정 화자님에게 도움을 많이 받았고 말이야. 역시 물리치료사가 너에게 천직인 것 같아.	N	2022-07-22 08:46:58	2022-11-08 04:35:26
BE22011051	11	0	역시 그렇지? 하지만 요즘 손님이 너무 많아서 피곤하기도 해.	N	2022-07-22 08:46:58	2022-11-08 04:35:26
BE22011051	12	1	그만큼 감정 화자님 실력이 좋다는 증거일 거야. 원래 실력 좋은 병원은 금방 소문이 나는 편이잖아. 하지만 사람을 상대하는 일이니까 감정 화자님 정말 피곤하겠다.	N	2022-07-22 08:46:58	2022-11-08 04:35:26
BE22011051	13	0	그래도 아직은 나를 찾는 사람들을 외면할 수 없을 것 같아. 치료 후 건강한 웃음으로 건네주는 손님들의 인사말이 내 동원력이거든.	N	2022-07-22 08:46:58	2022-11-08 04:35:26
BE22011051	14	1	감정 화자님이 이렇게 만족스럽게 일하다니 정말 다행이야. 보람을 느끼는 모습을 보니까 내가 다 기쁘다.	N	2022-07-22 08:46:58	2022-11-08 04:35:26
BE22011051	15	0	고마워. 혹시라도 아픈 곳이 있다면 언제든 도와줄게.	Y	2022-07-22 08:46:58	2022-11-08 04:35:26
