id	utterance_id	utterance_type	utterance_text	terminate	regDate	updDate
BE22010662	1	0	제가 보낸 사진 봤나요? 고양이가 어렸을 때랑 비교하면 정말 많이 컸죠. 이런 모습을 보면 절로 웃음이 날 정도로 기뻐요.	N	2022-07-21 02:03:52	2022-11-08 04:33:00
BE22010662	2	1	정말 그렇네요. 고양이가 정말 작았을 때부터 키우셔서 이렇게 큰 모습을 보면 정말 뿌듯하시겠어요. 비록 직접 낳은 건 아니지만, 사랑으로 키워서 엄마라고 생각해도 무방할 정도잖아요. 저도 강아지를 키워서 그 기분 잘 알아요.	N	2022-07-21 02:03:52	2022-11-08 04:33:00
BE22010662	3	0	우리 고양이는 정말 어렸을 때부터 빨래 바구니를 좋아했거든요. 커서는 잘 안 들어갔는데, 오랜만에 이렇게 들어간 걸 보고 기분이 절로 좋아졌어요. 어렸을 때랑 확연히 차이를 보이거든요.	N	2022-07-21 02:03:52	2022-11-08 04:33:00
BE22010662	4	1	언제 이렇게 자라나서 빨래 바구니를 꽉 채우고도 남을 정도로 컸을까요. 무럭무럭 자라나는 모습을 보면 그만한 기쁨이 또 없죠.	N	2022-07-21 02:03:52	2022-11-08 04:33:00
BE22010662	5	0	맞아요. 어렸을 때는 빨래 바구니에 들어가면 있는지 몰랐을 정도로 작았는데. 지금은 이렇게나 커다래져서 바구니에 꽉 차는 모습을 보면 감격스러운 마음을 감출 수 없더라고요.	N	2022-07-21 02:03:52	2022-11-08 04:33:00
BE22010662	6	1	감정화자님의 사랑을 듬뿍 받아서 그렇게 클 수 있었나 봐요. 지금까지의 노력을 알기에 기뻐하고 있는 모습이 눈에 훤히 보이네요. 고양이가 감정화자님을 만난 건 천운이라고 할 수 있죠.	N	2022-07-21 02:03:52	2022-11-08 04:33:00
BE22010662	7	0	그렇게 말씀해 주시니, 제가 잘 키운 거라는 확신이 드네요.	N	2022-07-21 02:03:52	2022-11-08 04:33:00
BE22010662	8	1	그동안 감정화자님이 고양이를 건강하게 키우려고 노력한 결과죠. 공감화자님만큼 고양이의 행복을 위해 최선을 다하는 사람은 드물잖아요. 제가 고양이라면 감정화자님을 만난 걸 항상 감사할 거예요.	N	2022-07-21 02:03:52	2022-11-08 04:33:00
BE22010662	9	0	고양이가 노력하는 제 마음을 알아준다고 생각하는 것만으로도 행복하네요. 고양이가 제게 주는 행복은 훨씬 크거든요. 고양이를 보는 것만으로도 마음에 큰 위로와 행복을 줘요.	N	2022-07-21 02:03:52	2022-11-08 04:33:00
BE22010662	10	1	감정화자님이 마음이 따듯한 사람이라서 그래요. 생명을 사랑하고 위하는 모습은 저도 본받아야겠다고 생각해요.	N	2022-07-21 02:03:52	2022-11-08 04:33:00
BE22010662	11	0	그렇게 말씀해 주셔서 감사해요. 공감화자님 칭찬을 들으니 정말 인정받은 느낌이 들어서 기분이 좋네요. 그런 칭찬은 제가 더 좋은 사람이 될 수 있는 원동력이 되어줘요.	N	2022-07-21 02:03:52	2022-11-08 04:33:00
BE22010662	12	1	공감화자님이 극찬받아 마땅하신 분이라는 건 누구나 다 인정할 거예요. 제가 항상 존경하고 있답니다.	N	2022-07-21 02:03:52	2022-11-08 04:33:00
BE22010662	13	0	제게 이보다도 더 큰 칭찬은 없을 거예요. 항상 감사해요.	N	2022-07-21 02:03:52	2022-11-08 04:33:00
BE22010662	14	1	좋은 생각이에요. 오늘은 고양이에게 간식이라도 하나 더 주셔야겠어요.	Y	2022-07-21 02:03:52	2022-11-08 04:33:00
