id	utterance_id	utterance_type	utterance_text	terminate	regDate	updDate
BE22012206	1	0	와 드디어 내 할 일을 다 끝냈어. 이젠 나도 내가 하고 싶은 일을 할 수 있어!	N	2022-07-28 05:52:48	2022-11-08 04:42:47
BE22012206	2	1	정말? 너무 축하해! 여유가 생겼다니 너무 부럽다. 이제 무엇을 할 생각이야?	N	2022-07-28 05:52:48	2022-11-08 04:42:47
BE22012206	3	0	딱히 생각해 본 것은 없어. 그래도 이런 여유가 생긴 게 너무 기뻐서 무엇을 하던 기분이 좋을 것 같아!	N	2022-07-28 05:52:48	2022-11-08 04:42:47
BE22012206	4	1	마치 하늘을 나는 기분이지? 나도 예전에 그런 적이 있었는데, 정말 집에서 책만 읽었는데도 어찌나 행복하던지 아직도 잊히지 않아! 그래서 네 기분을 조금이나마 알 것 같아.	N	2022-07-28 05:52:48	2022-11-08 04:42:47
BE22012206	5	0	바로 그거야. 너무 바쁜 일정 속에 살다가 이렇게 숨통이 트이니 정말 행복해. 네 말처럼 아무것도 안 해도 기분이 좋다.	N	2022-07-28 05:52:48	2022-11-08 04:42:47
BE22012206	6	1	당연하지! 네가 이렇게 쉬는 모습을 보니 너무 부럽다. 아무것도 안 해도 된다는 편안함이 얼마나 소중한지 잘 알잖아. 오늘은 그러면 뭐 하고 보낼 거야?	N	2022-07-28 05:52:48	2022-11-08 04:42:47
BE22012206	7	0	네 말이 맞아. 그래서 이따가 카페에 가보려고. 휴식을 취할 수 있는 것 중에 어떤 게 재밌을지 찾아볼 거야.	N	2022-07-28 05:52:48	2022-11-08 04:42:47
BE22012206	8	1	여유롭게 휴가를 준비하는 모습이 너무 좋다. 내가 덩달아서 기분이 설레는걸? 어떤 흥미진진한 일이 있을지 너무 궁금해.	N	2022-07-28 05:52:48	2022-11-08 04:42:47
BE22012206	9	0	내가 이런 휴일을 가지고 싶어서 얼마나 열심히 일했는데! 정말 밤낮없이 일하면서 이런 날이 오기만을 기다렸다고!	N	2022-07-28 05:52:48	2022-11-08 04:42:47
BE22012206	10	1	정말 네 긍지와 노력은 내가 따라갈 수가 없는걸? 그 많은 일을 다 끝냈다니 넌 정말 능력자네!	N	2022-07-28 05:52:48	2022-11-08 04:42:47
BE22012206	11	0	하하 목표 의식을 가지고 일하다 보니 이렇게 되어버렸어. 칭찬해줘서 고마워 덕분에 기분이 좀더 좋아졌어.	N	2022-07-28 05:52:48	2022-11-08 04:42:47
BE22012206	12	1	넌 이번 휴식을 가질 만한 자격이 되잖아! 꼭 나에게도 네가 어떤 일을 하면서 휴일을 즐겼는지 말해줘!	N	2022-07-28 05:52:48	2022-11-08 04:42:47
BE22012206	13	0	그럼 당연하지! 너에게 가장 먼저 내가 뭘 하고 지냈는지 알려줄게. 벌써 가슴이 두근거린다.	N	2022-07-28 05:52:48	2022-11-08 04:42:47
BE22012206	14	1	나도 네가 얼마나 기쁘게 보낼지 기대가 되는 것 있지? 널 생각하면서 나도 열심히 일을 해보려고!	N	2022-07-28 05:52:48	2022-11-08 04:42:47
BE22012206	15	0	그래! 너도 열심히 일해서 꼭 나처럼 기분 좋은 휴일을 가져봐!	Y	2022-07-28 05:52:48	2022-11-08 04:42:47
