id	utterance_id	utterance_type	utterance_text	terminate	regDate	updDate
BE22011999	1	0	언니가 지난주에 전라도로 여행을 갔다 왔었어. 군산에 들러서 유명한 빵집에 줄 서서 빵을 사 왔더라고. 정말 고맙더라고.	N	2022-07-27 04:57:59	2022-11-08 04:41:33
BE22011999	2	1	와, 거기 빵집 엄청나게 유명한 곳이잖아. 언니께서 엄청나게 고생해서 사다 주셨네. 진짜 고맙겠어.	N	2022-07-27 04:57:59	2022-11-08 04:41:33
BE22011999	3	0	응 거의 3시간 기다려서 사 왔대. 나 빵 좋아하는 거 아니까 일부러 기다려서 사 온 거래. 그 얘기 듣고 언니한테 정말 고맙고, 미안하더라.	N	2022-07-27 04:57:59	2022-11-08 04:41:33
BE22011999	4	1	진짜 그런 생각 들겠다. 언니한테 얼마나 고마울까. 널 그렇게 많이 생각해주니 너무 감동했을 것 같아.	N	2022-07-27 04:57:59	2022-11-08 04:41:33
BE22011999	5	0	언니가 빵 주면서 얘기하는데 눈물 날 뻔했어. 항상 나 양보하고 챙겨주고 너무 생각 많이 해 주거든. 그런 언니가 있어서 정말 고마워.	N	2022-07-27 04:57:59	2022-11-08 04:41:33
BE22011999	6	1	내 혈육이 내 생각 많이 해주면 기쁠 수밖에 없겠다. 눈물 날 정도로 엄청나게 감동했겠다.	N	2022-07-27 04:57:59	2022-11-08 04:41:33
BE22011999	7	0	학교 졸업하고 일하면서 나 용돈 주고 옷도 사주고 그랬어. 내가 일하기 시작했는데도 여전히 나한테 쓰는 돈은 아끼지를 않아. 너무 감사해서 행복해.	N	2022-07-27 04:57:59	2022-11-08 04:41:33
BE22011999	8	1	언니가 주는 사랑만큼 네가 언니한테 잘하기 때문에 그만큼 베푸는 걸 꺼야. 네가 그만큼 사랑받을 자격이 있는 사람이기 때문에 언니가 챙겨주는 거라고 생각해.	N	2022-07-27 04:57:59	2022-11-08 04:41:33
BE22011999	9	0	자매끼리 우애가 남다르다는 얘기는 많이 들었는데 네가 그런 얘기 해주니까 정말 감동이야.	N	2022-07-27 04:57:59	2022-11-08 04:41:33
BE22011999	10	1	아니야 나는 그냥 내가 느낀 대로 얘기했을 뿐이야. 아무튼 자매끼리 그렇게 사이가 좋으니 얼마나 좋을까. 너무 부러워.	N	2022-07-27 04:57:59	2022-11-08 04:41:33
BE22011999	11	0	이러다가 언니가 시집가면 나 엄청나게 울겠지? 행복하고 좋으면서도 기분 이상할 것 같아.	N	2022-07-27 04:57:59	2022-11-08 04:41:33
BE22011999	12	1	그땐 또 진심으로 축하해주면 되지. 언니한테 제일 기쁜 날일 테니까. 그 생각하니까 벌써 이상해?	N	2022-07-27 04:57:59	2022-11-08 04:41:33
BE22011999	13	0	기쁜 맘으로 행복을 빌어줘야지. 언니 덕분에 이렇게 행복할 수 있었으니까.	N	2022-07-27 04:57:59	2022-11-08 04:41:33
BE22011999	14	1	그래 네 마음씨도 너무 예쁘다. 언니가 되게 흐뭇하실 거 같아.	N	2022-07-27 04:57:59	2022-11-08 04:41:33
BE22011999	15	0	그래 너랑 얘기하다 보니 퇴근 시간 다 돼간다. 나중에 또 얘기해.	Y	2022-07-27 04:57:59	2022-11-08 04:41:33
