id	utterance_id	utterance_type	utterance_text	terminate	regDate	updDate
BE22008533	1	0	오늘 혼수용 가구 보고 왔는데, 정말 흥분되는 감정을 감출 수가 없네요.	N	2022-07-13 08:41:40	2022-11-08 04:19:18
BE22008533	2	1	새집 마련 성공하셨다니, 가구 보러 다녀오셨나 보네요! 감정화자님이 얼마나 기쁘실지 상상이 안 되네요.	N	2022-07-13 08:41:40	2022-11-08 04:19:18
BE22008533	3	0	빈 공간을 제 마음대로 채울 생각 하니까 벌써부터 기대가 돼요. 이런 게 바로 신혼의 로망이겠죠?	N	2022-07-13 08:41:40	2022-11-08 04:19:18
BE22008533	4	1	그럼요. 공감화자님 부부의 기념적인 첫 집이잖아요. 공감화자님의 창작 욕구를 어김없이 펼쳐봐요.	N	2022-07-13 08:41:40	2022-11-08 04:19:18
BE22008533	5	0	지금까지는 저도 부모님 집에 얹혀산 거나 마찬가지잖아요. 그래서 제 방을 마음대로 꾸미지도 못하고, 여자라는 이유로 핑크빛 방을 가지고 있었거든요. 이제는 제 취향껏 언제 봐도 질리지 않는 심플한 무채색 집으로 꾸밀 생각 하니 만족스럽네요.	N	2022-07-13 08:41:40	2022-11-08 04:19:18
BE22008533	6	1	정말 그렇겠네요! 감추어두었던 욕구를 세상에 내보일 생각을 하니 얼마나 설레겠어요. 제가 감정화자님이라면 떨리는 마음에 잠도 못 이루겠어요.	N	2022-07-13 08:41:40	2022-11-08 04:19:18
BE22008533	7	0	공감화자님 말씀이 맞아요. 요즘 매일같이 집을 어떻게 꾸밀지 생각하며 행복한 나날을 보내고 있어요.	N	2022-07-13 08:41:40	2022-11-08 04:19:18
BE22008533	8	1	감정화자님이라면 정말 예쁘게 잘 꾸미실 거예요. 디자인 쪽으로 재능이 있으시잖아요. 제가 항상 감정화자님이 추천하는 옷은 깊게 생각할 것도 없이 바로 사게 될 정도인걸요.	N	2022-07-13 08:41:40	2022-11-08 04:19:18
BE22008533	9	0	공감화자님 칭찬 덕분에 자신감이 더 생기네요. 정말 제 마음에 쏙 드는 집을 만들기 위해 열심히 발품을 팔아봐야겠어요.	N	2022-07-13 08:41:40	2022-11-08 04:19:18
BE22008533	10	1	잘하실 수 있을 거예요. 공감화자님이 꾸며놓을 집이 벌써부터 궁금하네요. 정말 눈이 즐거울 것 같아요.	N	2022-07-13 08:41:40	2022-11-08 04:19:18
BE22008533	11	0	과찬이세요. 그래도 공감화자님을 만족시키기 위해서 더 열심히 찾아보고 꾸며볼게요. 집을 다 꾸미면 집들이 하려고 하는데, 공감화자님도 오시는 거죠?	N	2022-07-13 08:41:40	2022-11-08 04:19:18
BE22008533	12	1	초대해 주신다면 당연히 가야죠. 집이 어떻게 꾸며졌을지 궁금해서 제가 먼저 요청할지도 몰라요.	N	2022-07-13 08:41:40	2022-11-08 04:19:18
BE22008533	13	0	집들이 때 오시면 맛있는 음식 대접해 드릴게요. 벌써부터 그날이 기대되네요.	N	2022-07-13 08:41:40	2022-11-08 04:19:18
BE22008533	14	1	감정화자님의 새집 구경 갈 생각에 제가 더 신이 나는걸요.	Y	2022-07-13 08:41:40	2022-11-08 04:19:18
