id	utterance_id	utterance_type	utterance_text	terminate	regDate	updDate
BE22000779	1	0	선배님, 저번에 갔던 해외여행 맛집 리스트 공유받을 수 있을까요?	N	2022-06-13 08:02:29	2022-11-08 03:29:20
BE22000779	2	1	물론이지. 그게 뭐 어려운 일이라고. 근데 감정화자 해외여행 다녀오려고?	N	2022-06-13 08:02:29	2022-11-08 03:29:20
BE22000779	3	0	네, 저 부모님한테 취업성공 선물로 해외여행 패키지 선물받았어요. 벌써부터 신나서 막 흥분되고 가슴이 두근거려요.	N	2022-06-13 08:02:29	2022-11-08 03:29:20
BE22000779	4	1	감정화자씨 기분 너무 좋겠어. 안 그래도 너 내가 저번에 여행 갔을 때 엄청 가고 싶어 했었잖아.	N	2022-06-13 08:02:29	2022-11-08 03:29:20
BE22000779	5	0	맞아요. 그때 내가 부러워했던 게 생각나셨는지요. 입사시험합격 소식 전해드리자마자 패키지로 예약해주셨어요. 진짜 하늘로 날아갈 거 같은 기분이에요.	N	2022-06-13 08:02:29	2022-11-08 03:29:20
BE22000779	6	1	그럼 그럴만하지요. 나 같아도 기분이 들떠서 어쩔 줄 모를 거 같아요. 그동안 취업준비 열심히 한 거 다 보상받는 기분이겠네요.	N	2022-06-13 08:02:29	2022-11-08 03:29:20
BE22000779	7	0	취업준비 할 때는 진짜 이 공부가 대체 언제 끝나나 막막하고 힘들었는데 선배님 말 대로 다 보상받는 기분이라 기쁨이 두배예요.	N	2022-06-13 08:02:29	2022-11-08 03:29:20
BE22000779	8	1	감정화자씨가 공부 때문에 얼마나 힘들고 고생했는지 내가 잘 알지. 그럼에도 포기하지 않고 성실하게 공부해서 대학 합격한 감정화자씨가 내 후배지만 너무 자랑스러워!	N	2022-06-13 08:02:29	2022-11-08 03:29:20
BE22000779	9	0	선배님이 그렇게 칭찬해주니까 안 신난 내 기분이 진짜 하늘로 승천 할 거 같잖아요. 고마워요.	N	2022-06-13 08:02:29	2022-11-08 03:29:20
BE22000779	10	1	고맙기는 감정화자씨가 그렇게 신나고 기뻐하는 모습 보니까 나도 덩달아 너무 기분이 좋아지네.	N	2022-06-13 08:02:29	2022-11-08 03:29:20
BE22000779	11	0	내 기쁨을 본인 일처럼 같이 기뻐해주는 선배님 같은 분이 또 어디 있어요? 너무 다행이에요. 우리 다음에는 해외여행 같이 가요!	N	2022-06-13 08:02:29	2022-11-08 03:29:20
BE22000779	12	1	너무 좋지. 벌써부터 기대되는걸? 감정화자랑 같이 가는 여행이라니 얼마나 재밌을까. 우린 입맛도 잘 맞잖아.	N	2022-06-13 08:02:29	2022-11-08 03:29:20
BE22000779	13	0	같이 해외 여행 가서 맛집 투어 하면 너무 좋을 거 같아요. 다음에 꼭 같이 가기로 약속하는 거지요?	N	2022-06-13 08:02:29	2022-11-08 03:29:20
BE22000779	14	1	당연하지. 다음에 꼭 같이 가자고! 일단 맛집 리스트 내가 쭉 뽑아서 메일로 보내줄게.	N	2022-06-13 08:02:29	2022-11-08 03:29:20
BE22000779	15	0	고마워요. 여행 다녀와서 식사 대접할게요.	N	2022-06-13 08:02:29	2022-11-08 03:29:20
BE22000779	16	1	좋지. 그 약속 잊으면 안 된다? 메일 보내고 다시 연락할게! 잘 다녀와!	Y	2022-06-13 08:02:29	2022-11-08 03:29:20
