id	utterance_id	utterance_type	utterance_text	terminate	regDate	updDate
BE22006710	1	0	제가 원래 7시에 일어나는데 오늘따라 5시에 일어난 거 있죠? 처음에는 더 자야 되는데 했는데 일어나서 움직이니까 뿌듯하고 기쁘더라고요.	N	2022-07-07 00:28:33	2022-11-08 04:07:40
BE22006710	2	1	5시요? 너무 대단한데요! 저는 그렇게 일찍 일어나 본 적이 언제인지 까마득하네요. 처음엔 당황했을 거 같은데 일찍 일어나서 활동하면 내심 뿌듯하고 기분도 엄청 상쾌할 거 같아요.	N	2022-07-07 00:28:33	2022-11-08 04:07:40
BE22006710	3	0	맞아요. 당연히 7신인 줄 알았는데 5시여서 처음엔 깜짝 놀라서 어떻게 해야 되지 했는데. 일어나서 여유롭게 책도 보고 오랜만에 혼자만의 시간을 가지니까 만족스럽더라고요.	N	2022-07-07 00:28:33	2022-11-08 04:07:40
BE22006710	4	1	정말 그럴 거 같아요. 사실 일하면 퇴근하고 너무 피곤해서 저녁 식사를 하고 잠깐 할 일 하다가 잠자기 바쁘잖아요. 아침에는 일어나면 부랴부랴 준비해서 출근 준비하고 출근하면 뭔가 하루가 쳇바퀴 돌 듯 바쁘게 돌잖아요.	N	2022-07-07 00:28:33	2022-11-08 04:07:40
BE22006710	5	0	그렇죠, 저도 그래요 일어나서 밥 먹고 출근하고 퇴근해서 밥 먹고 잠깐 쉬다가 잠자고. 정말 제가 다람쥐가 된 거 같은 삶을 살고 있죠.	N	2022-07-07 00:28:33	2022-11-08 04:07:40
BE22006710	6	1	저랑 똑같네요. 그런데 오늘 일찍 일어나서 다시 안 주무시고 활동을 시작하시다니 진짜 너무 대단해요. 저라면 아마 짜증 내면서 뭐야 5시밖에 안 됐잖아 이러면서 잤을 거 같아요. 그런데 감정화자님은 다시 안 주무시고 바로 일어나서 움직이시다니 정말 박수가 절로 나오네요.	N	2022-07-07 00:28:33	2022-11-08 04:07:40
BE22006710	7	0	그렇죠, 저도 처음에는 다시 잘까 하고 고민하다가 일어난 김에 일어나자 하고 일어났죠. 그리고 오래간만에 밀린 일들을 하나하나 해나가니까 너무 기뻐서 절로 미소가 지어지더라고요.	N	2022-07-07 00:28:33	2022-11-08 04:07:40
BE22006710	8	1	우와. 아침에 일어나서 혼자만의 시간을 가지셨다니 너무 좋았을 거 같아요. 다시 잠들지 않은 것만으로도 저는 너무 뿌듯할 거 같은데 할 일들을 하셨다니. 진짜 기분이 하늘을 둥둥 날아갈 듯 행복감이 느껴질 거 같아요.	N	2022-07-07 00:28:33	2022-11-08 04:07:40
BE22006710	9	0	맞아요. 평소에는 바쁘고 피곤해서 사실 저만의 시간을 가지기 어렵잖아. 퇴근하고 그냥 누워서 핸드폰 보거나 티브이 보다가 자기 바쁘고요. 그런데 아침에 2시간이라는 시간이나 여유가 생기니까 혼자 차도 내려 마시고 책도 읽고 생각도 했네요.	N	2022-07-07 00:28:33	2022-11-08 04:07:40
BE22006710	10	1	얘기만 들어도 제가 다 뿌듯하고 상쾌해지네요. 그리고 하루에 활력까지 생길 거 같아요. 감정화자님 오늘 하루가 정말 행복하고 활기찬 하루가 될 거 같아요.	N	2022-07-07 00:28:33	2022-11-08 04:07:40
BE22006710	11	0	맞아요. 지금 너무 활기차고 보람된 느낌이에요. 거기다 공감화자님이 저를 막 칭찬해 주고 치켜세워 주니까 더 기쁘네요.	N	2022-07-07 00:28:33	2022-11-08 04:07:40
BE22006710	12	1	저도 감정화자님 본받아야겠어요. 감정화자님 얘기 듣고 보니 아침에 일찍 일어나서 하루를 시작하면 스스로 만족감이 올라갈 거 같아요. 그리고 힘들었던 하루하루가 나만의 시간을 가지면서 치유받아서 회복될 거 같아요.	N	2022-07-07 00:28:33	2022-11-08 04:07:40
BE22006710	13	0	진짜 그래요. 하루하루가 너무 고단하고 힘들었는데. 아침에 여유롭게 시간을 가지면서 오롯이 나만을 위해서 보내니까 힘들었던 게 회복되는 거 같아요.	N	2022-07-07 00:28:33	2022-11-08 04:07:40
BE22006710	14	1	그러니깐요. 정말 감정화자님 고단하고 피곤했던 삶에 오늘 아침이 엄청난 활력소가 됐을 거 같아요. 감정화자님 문자 보는데 저도 기분이 좋아서 지금 웃고 있네요. 그리고 제 기분까지 업되고 치유받는 느낌이에요.	N	2022-07-07 00:28:33	2022-11-08 04:07:40
BE22006710	15	0	그렇게 말씀해 주시니 고마워요.	Y	2022-07-07 00:28:33	2022-11-08 04:07:40
