id	utterance_id	utterance_type	utterance_text	terminate	regDate	updDate
BE22012480	1	0	공감화자야, 나도 드디어 청약 신청 조건이 돼서, 지난주에 드디어 신청했다! 얼마나 떨리던지 정말 오랜만에 이런 감정을 느껴보는 것 같아.	N	2022-07-30 02:17:38	2022-11-08 04:44:29
BE22012480	2	1	축하해! 오랫동안, 네 집 마련의 꿈을 키우며 열심히 살아온 너라는 걸 알기에 내 마음도 들뜬다. 신청 자격이 되는 것만으로도 행복했을 것만 같아.	N	2022-07-30 02:17:38	2022-11-08 04:44:29
BE22012480	3	0	어, 정말 그랬어. 이제 겨우 신청했을 뿐이고, 당첨도 돼야 하고 중도금이며 준비할 것들이 많지. 그런데 신청할 수 있다는 그 사실 하나만으로도 이렇게 기쁘다!	N	2022-07-30 02:17:38	2022-11-08 04:44:29
BE22012480	4	1	그런 네 마음이 나에게도 느껴지니 정말 행복하다! 지난 10년 동안 목표를 정해두고 흐트러짐 없이 그것을 향해가는 네 모습에 감동했었거든. 네가 목표에 닿을 기회를 잡았다는 생각이 드니까 더 기쁘고 흥분되는 걸 거야.	N	2022-07-30 02:17:38	2022-11-08 04:44:29
BE22012480	5	0	내가 생각해도 10년을 그렇게 한결같이 살기란 쉽지 않은 일이라 생각돼. 신청서를 쓰면서 과거를 뒤돌아보니, 나 자신한테 칭찬해주고 싶은 마음도 들더라. 네 말대로 내가 그래서 더 기쁜 마음이 많이 드나 봐.	N	2022-07-30 02:17:38	2022-11-08 04:44:29
BE22012480	6	1	맞아, 감정화자 네가 느낄 그 성취감과 뿌듯함이 더 많은 기쁨을 가져오는 거야. 신청서만 작성했다고 하더라도, 거기까지 도달한 네 모습이 정말 대단해! 아마 앞으로 무슨 일하더라도 너라면 충분히 잘 할 수 있을 거야.	N	2022-07-30 02:17:38	2022-11-08 04:44:29
BE22012480	7	0	그럴까? 난 항상 내가 부족한 사람이라고 생각해서, 더 열심히 살아야 한다는 강박감이 있거든. 이번 신청서 작성하면서도 올해는 꼭 해야 한다는 강박적 생각으로 더 열심히 한 것 같아. 이런 나인데도 앞으로 무슨 일이 생기더라도 잘 할 수 있을까?	N	2022-07-30 02:17:38	2022-11-08 04:44:29
BE22012480	8	1	네가 그런 마음을 가지고 있는 줄은 몰랐구나. 강박적으로 열심히 해야 한다는 마음을 갖고 있다면, 지난 10년 동안 그 길이 얼마나 힘들었을까? 이제는 그런 마음은 내려놓아도 돼. 네가 생각하는 것보다 넌 훨씬 충분한 사람이거든.	N	2022-07-30 02:17:38	2022-11-08 04:44:30
BE22012480	9	0	그렇게 말해줘서 정말 고마워. 난 이번 주택 청약도 신청서를 내고 기뻐하면서 또 다른 목표를 세웠거든. 이 목표가 나를 힘들게 하지는 않을까 내심 고민하고 있었거든.	N	2022-07-30 02:17:38	2022-11-08 04:44:30
BE22012480	10	1	그랬구나. 목표를 세우고 그것을 향해 나아가는 네 마음가짐이 참 훌륭해. 목표 자체를 세우는 건 좋은 일이야. 하지만 너무 그걸 꼭 이뤄야만 한다는 강박적인 마음만 놓아주면 될 것 같아.	N	2022-07-30 02:17:38	2022-11-08 04:44:30
BE22012480	11	0	그렇지, 지금도 잘하고 있으니 조금만 느슨해져도 되겠지? 누구도 나에게 그런 말을 해주는 사람이 없어서 계속 난 달리기만 한 것 같아.	N	2022-07-30 02:17:38	2022-11-08 04:44:30
BE22012480	12	1	그럼, 요즘처럼 기쁜 일이 있을 때는 기쁨을 충분히 느껴주고, 그리고 다음으로 넘어가면 돼. 너를 위해 너무 매일 최선을 다해 살 필요는 없는 거야. 감정화자야, 넌 지금도 아주 멋지고 훌륭해!	N	2022-07-30 02:17:38	2022-11-08 04:44:30
BE22012480	13	0	공감화자 네가 그렇게 말해주니 정말 고맙다. 기쁜 마음을 마음껏 즐겨도 될 것 같아 안심이 된다.	N	2022-07-30 02:17:38	2022-11-08 04:44:30
BE22012480	14	1	그럼 이렇게 좋은 일이 또 어디 있니! 열심히 살아온 만큼 충분히 기뻐하고 쉬어가도 괜찮아. 잠시 쉬고 나면, 더 최선을 다해 나아갈 너니까 말이야.	N	2022-07-30 02:17:38	2022-11-08 04:44:30
BE22012480	15	0	언제나 너와 대화를 나누고 나면, 마음이 편안해진다. 고마워 덕분에 기쁜 마음이 더 커진 것 같아.	Y	2022-07-30 02:17:38	2022-11-08 04:44:30
