id	utterance_id	utterance_type	utterance_text	terminate	regDate	updDate
BE22006891	1	0	언니. 나 입시 김치말이 국수처럼 시원하게 말아 먹었어. 이제 그냥 취업 준비나 하려고.	N	2022-07-07 09:42:18	2022-11-08 04:08:53
BE22006891	2	1	아 정말? 너 나랑 같이 입시 준비를 했을 때 엄청 열심히 준비한 거 언니가 알잖아. 그렇게 열심히 준비했는데 잘 안돼서 마음이 아프겠네.	N	2022-07-07 09:42:18	2022-11-08 04:08:53
BE22006891	3	0	아니야. 나 지금 오히려 기분 너무 좋아. 슬프니 기쁘니 라고 물어보면 기쁘다 쪽에 훨씬 가까워. 속이 아주 다 후련해.	N	2022-07-07 09:42:18	2022-11-08 04:08:53
BE22006891	4	1	응? 열심히 준비했는데 실패한 거면 슬프거나 아쉽거나 그런 게 아니라 기쁘다고? 무슨 기분인 걸까?	N	2022-07-07 09:42:18	2022-11-08 04:08:53
BE22006891	5	0	작년까지만 해도 입시에서 떨어지면 너무 슬프고 좌절스러웠거든. 근데 해볼 만큼 해보고 실패하니까 오히려 속이 아주 시원하고 편안하고 좋아. 이 길이 내 길이 아닌 거겠지.	N	2022-07-07 09:42:18	2022-11-08 04:08:53
BE22006891	6	1	아, 그런 기분이구나! 충분히 슬퍼하고 좌절할만한 일인데도 전화위복처럼 생각하고 이겨내는 네 모습이 너무 기특하고 대견하다. 너의 그런 긍정적인 면은 정말 본받아야 한다고 생각해.	N	2022-07-07 09:42:18	2022-11-08 04:08:53
BE22006891	7	0	응. 언니 말이 딱 맞아. 전화위복이라고 생각해. 이 실패가 나를 취업이라는 길로 이끌어주는 거 같아서 기분이 좋아. 취업 준비 열심히 해서 남들처럼 사회생활 하면서 떵떵거려 봐야지.	N	2022-07-07 09:42:18	2022-11-08 04:08:53
BE22006891	8	1	그럼. 모든 실패는 한걸음 내딛을 수 있는 원동력이 된다고 생각해. 언니는 수많은 시행착오 끝에 느낀 점을 너는 일찍 느꼈네. 정말 대단하다.	N	2022-07-07 09:42:18	2022-11-08 04:08:53
BE22006891	9	0	그만큼 입시가 힘들었기도 했으니까. 근데 힘들었던 만큼 오히려 그 마음의 짐을 내려놓으니까 진짜 마음이 거짓말처럼 편안해졌어. 오히려 이제 취업 준비를 할 생각하니까 가슴이 두근거려!	N	2022-07-07 09:42:18	2022-11-08 04:08:53
BE22006891	10	1	네가 두근거리고 기대하는 모습 보니까 언니도 뭔가 덩달아 기분이 좋아지는걸? 네가 얼마나 고생했는지 내가 너무 잘 알잖아. 이렇게 편안해하고 기뻐하는 모습을 보니 내가 다 좋다.	N	2022-07-07 09:42:18	2022-11-08 04:08:53
BE22006891	11	0	언니가 이렇게 내 기분을 잘 알아주고 같이 기뻐해주니까 나야말로 더 기뻐. 입시 준비를 하면서 알게 된 인연 중에 언니가 제일 소중한 거 같아.	N	2022-07-07 09:42:18	2022-11-08 04:08:53
BE22006891	12	1	그렇게 말해주니까 언니 기분이 더 좋아지네. 같이 입시 공부 시작했는데 나 먼저 입시 성공해서 마음이 솔직히 불편했거든. 근데 네가 이렇게 좋아하는 모습 보니까 마음이 이제 좀 놓이는 거 있지?	N	2022-07-07 09:42:18	2022-11-08 04:08:53
BE22006891	13	0	언니가 불편해할 게 뭐가 있어. 그냥 이 길이 내 길이 아니었다고 쿨하게 생각하고 이제 취업 준비 열심히 하려고. 정말 기대되고 설렌다!	N	2022-07-07 09:42:18	2022-11-08 04:08:53
BE22006891	14	1	너는 뭐든 열심히 하고 성실히 하는 아이니까 분명 취업도 원하는 곳으로 잘 될 거야. 언니가 장담할게. 언제나 응원하고 옆에서 기운을 복 돋아줄게!	N	2022-07-07 09:42:18	2022-11-08 04:08:53
BE22006891	15	0	그렇게 말해주니까 너무 고맙다. 취업하게 되면 내가 취업 턱 거하게 쏠게. 우리 맛있는 거 먹자!	N	2022-07-07 09:42:18	2022-11-08 04:08:53
BE22006891	16	1	좋지. 언제든 연락해! 취업 준비 진짜 응원하고 기도할게. 파이팅.	N	2022-07-07 09:42:18	2022-11-08 04:08:53
BE22006891	17	0	고마워 언니. 내가 또 문자 할게!	Y	2022-07-07 09:42:18	2022-11-08 04:08:53
