id	utterance_id	utterance_type	utterance_text	terminate	regDate	updDate
BE22002102	1	0	나 방금 운이 엄청 좋았어. 휴대폰을 땅에 떨어뜨렸는데 필름만 깨지고 액정은 멀쩡한 것 있지.	N	2022-06-19 07:45:31	2022-11-08 03:38:02
BE22002102	2	1	정말? 오늘 운이 정말 좋은 날인가 봐. 필름은 얼마나 깨졌어?	N	2022-06-19 07:45:31	2022-11-08 03:38:02
BE22002102	3	0	모서리부터 바닥에 떨어졌는데 필름도 생각보다 멀쩡해. 얼마나 다행인지 몰라.	N	2022-06-19 07:45:31	2022-11-08 03:38:02
BE22002102	4	1	그렇게 떨어지는 것 보고 많이 놀랐을 테지만 괜찮다니 정말 다행이야. 손 다치지는 않았어?	N	2022-06-19 07:45:31	2022-11-08 03:38:02
BE22002102	5	0	멀쩡해, 하나도 안 다쳤어.	N	2022-06-19 07:45:31	2022-11-08 03:38:02
BE22002102	6	1	사소한 일이지만 이렇게 안도하게 될 때마다 운이 따라줘서 고맙다는 생각이 들더라.	N	2022-06-19 07:45:31	2022-11-08 03:38:02
BE22002102	7	0	오늘 내 운이 좋은 날인가 봐.	N	2022-06-19 07:45:31	2022-11-08 03:38:02
BE22002102	8	1	운은 타고나는 것도 있지만 내가 열심히 사는 만큼 모여들기도 하는 거래. 그동안 네가 열심히 지냈던 게 이런 식으로도 빛을 보나 봐.	N	2022-06-19 07:45:31	2022-11-08 03:38:02
BE22002102	9	0	사소하게 기분 좋은 일이라고 생각했는데, 그렇게 말해 주니까 내가 더 자랑스러워지는 것 같아.	N	2022-06-19 07:45:31	2022-11-08 03:38:02
BE22002102	10	1	하지만 운이 좋지 않은 날에도 네가 열심히 했던 거 무색해지는 건 아니야. 너도 알고 있지?	N	2022-06-19 07:45:31	2022-11-08 03:38:02
BE22002102	11	0	응, 그거 중요한 말이다. 계속 기억하고 있을게.	N	2022-06-19 07:45:31	2022-11-08 03:38:02
BE22002102	12	1	오늘 운이 좋았던 덕분에 수리비를 낼 일은 없게 됐으니까 맛있는 거라도 사 먹는 건 어때?	N	2022-06-19 07:45:31	2022-11-08 03:38:02
BE22002102	13	0	그거 괜찮은 생각이다. 이런 날에는 나한테 상을 주는 것도 중요해.	N	2022-06-19 07:45:31	2022-11-08 03:38:02
BE22002102	14	1	좋아, 맛있는 것 먹고 나중에 자랑해 줘.	Y	2022-06-19 07:45:31	2022-11-08 03:38:02
