id	utterance_id	utterance_type	utterance_text	terminate	regDate	updDate
BE22010674	1	0	저 지금 너무 행복해요! 기분이 막 날아갈 것 같아요.	N	2022-07-21 03:36:40	2022-11-08 04:33:04
BE22010674	2	1	무슨 좋은 일 있나 보네요?	N	2022-07-21 03:36:40	2022-11-08 04:33:04
BE22010674	3	0	드디어 대형 운전면허를 땄거든요. 세 번 만에 붙은 거라 지금 눈물 날 정도로 기뻐요.	N	2022-07-21 03:36:40	2022-11-08 04:33:04
BE22010674	4	1	3번이면 포기했을 법도 한데 끝까지 도전해서 성공한 거네요! 어렵게 얻은 거라 두배로 기분 좋을 것 같아요.	N	2022-07-21 03:36:40	2022-11-08 04:33:04
BE22010674	5	0	이번이 마지막이라고 생각하고 도전했던 건데 붙어서 정말 행복해요. 아무리 피곤해도 퇴근하고 매일 밤 연습한 보람이 있어요.	N	2022-07-21 03:36:40	2022-11-08 04:33:04
BE22010674	6	1	와 정말 간절했나 보네요. 퇴근하고 나면 손 하나 까딱하기 싫은데, 감정화자씨 의지가 정말 대단해요.	N	2022-07-21 03:36:40	2022-11-08 04:33:04
BE22010674	7	0	사실 제 꿈이 캠핑카로 전국 일주하는 거거든요. 회사도 그 돈 모으려고 다니는 거예요. 그래서 대형 운전면허가 꼭 필요했어요.	N	2022-07-21 03:36:40	2022-11-08 04:33:04
BE22010674	8	1	그런 꿈이 있었군요. 꿈을 실현 시키기 위해 실행하는 사람 동경만 하고 있었는데. 감정화자씨는 이렇게 구체적으로 실행에 옮기고 있었다니 진짜 멋있어요.	N	2022-07-21 03:36:40	2022-11-08 04:33:04
BE22010674	9	0	칭찬해 주시니까 너무 뿌듯하네요. 이제 1년만 더 모으면 꿈을 이룰 수 있을 것 같아요. 생각만 해도 설레네요.	N	2022-07-21 03:36:40	2022-11-08 04:33:04
BE22010674	10	1	상상만 해도 자유롭고 흥분될 것 같아요. 듣는 제 마음이 다 두근거리는데, 감정화자씨는 오죽하겠어요.	N	2022-07-21 03:36:40	2022-11-08 04:33:04
BE22010674	11	0	저도 손에 잡히지 않는 꿈 같았는데, 면허를 따고 나니까 실감이 나네요. 이제 캠핑카까지 구입하고 나면 진짜 꿈에 가까워지는 거예요! 돈을 열심히 모은 보람이 있네요.	N	2022-07-21 03:36:40	2022-11-08 04:33:04
BE22010674	12	1	그래서 그렇게 먹는 거, 입는 거 아껴가면서도 즐거워 보였군요. 목표를 향해 나아가는 사람은 반짝반짝 빛나는 것 같아요.	N	2022-07-21 03:36:40	2022-11-08 04:33:04
BE22010674	13	0	어쩜 그렇게 예쁜 말을 골라서 해주시는지, 공감화자씨와 대화하면 마음이 몽글몽글해져요. 자랑할 일이 생기면 제일 먼저 공감화자씨가 생각난다니까요.	N	2022-07-21 03:36:40	2022-11-08 04:33:04
BE22010674	14	1	기쁜 순간에 제가 생각난다고 말해주니 오히려 제가 감동인데요? 캠핑카 사면 그때도 꼭 자랑해 줘요.	Y	2022-07-21 03:36:40	2022-11-08 04:33:04
