id	utterance_id	utterance_type	utterance_text	terminate	regDate	updDate
BE22012167	1	0	나 하루하루 설렘으로 가득해.	N	2022-07-28 02:21:59	2022-11-08 04:42:33
BE22012167	2	1	유학 생활이 만족스러운가 보구나?	N	2022-07-28 02:21:59	2022-11-08 04:42:33
BE22012167	3	0	처음엔 회사를 그만두고 원하는 공부를 하러 유학을 떠나면서도 불안감이 훨씬 컸었어. 그런데 막상 와보니까 너무 잘한 것 같아.	N	2022-07-28 02:21:59	2022-11-08 04:42:33
BE22012167	4	1	네가 이렇게 행복해하는 모습을 보니까 나도 마음이 놓인다. 힘들게 입사한 대기업을 퇴사할 정도로 하고 싶은 공부였으니 너무 즐거울 것 같아.	N	2022-07-28 02:21:59	2022-11-08 04:42:33
BE22012167	5	0	솔직히 외국에서 공부하는 게 쉽지는 않은데, 그걸 버틸 정도로 공부가 재밌어. 그래서 요즘 하루하루가 기뻐.	N	2022-07-28 02:21:59	2022-11-08 04:42:33
BE22012167	6	1	와 힘든 게 느껴지지 않을 정도로 몰두할 수 있는 일을 찾았다니 마음이 벅차겠다. 괜히 듣는 내 마음이 다 뭉클하네.	N	2022-07-28 02:21:59	2022-11-08 04:42:33
BE22012167	7	0	나도 삶이 이렇게 생기 넘칠 수 있다는 거에 놀라고 있어. 용기 내지 않았다면 평생 느끼지 못할 감정이었을 수도 있다는 게 아찔하더라.	N	2022-07-28 02:21:59	2022-11-08 04:42:33
BE22012167	8	1	모두 마음속에 그런 꿈을 품고는 있지만 실행시키는 건 정말 어려운 일이잖아. 자신에 대한 믿음이 있으니까 그런 결정을 할 수 있었던 거고. 감정 화자님이 정말 존경스러워.	N	2022-07-28 02:21:59	2022-11-08 04:42:33
BE22012167	9	0	주변에 모두 반대할 때 너만 날 믿고 응원해 줬잖아. 그래서 지금 이 흥분되는 마음을 너에게 제일 먼저 알리고 싶었어.	N	2022-07-28 02:21:59	2022-11-08 04:42:33
BE22012167	10	1	난 네가 얼마나 의지가 굳은 사람인지 아니까. 설령 가서 공부가 재밌지 않더라도 넌 뭐든 이뤄내고 올 사람이야. 그러니 네가 한다는 일은 무조건 믿음이 가.	N	2022-07-28 02:21:59	2022-11-08 04:42:33
BE22012167	11	0	이렇게 전적으로 날 믿어주는 사람이 있다니 너무 든든하다. 더 열심히 하고 싶은 의욕이 솟아!	N	2022-07-28 02:21:59	2022-11-08 04:42:33
BE22012167	12	1	정말? 내가 힘이 된다니까 기쁘다. 오로지 네 힘으로 얻어낸 기회니까 지금 그 순간을 만끽하고 와.	N	2022-07-28 02:21:59	2022-11-08 04:42:33
BE22012167	13	0	고마워, 네 덕분에 내가 지금 얼마나 소중한 시간을 보내고 있는지 다시 한번 생각하게 됐어.	N	2022-07-28 02:21:59	2022-11-08 04:42:33
BE22012167	14	1	지내다가 또 자랑하고 싶거나, 힘든 일이 생기면 언제든 연락해!	Y	2022-07-28 02:21:59	2022-11-08 04:42:33
