id	utterance_id	utterance_type	utterance_text	terminate	regDate	updDate
BE22011889	1	0	아버지께서 이번에 방송에 출연하셨어요. 너무 두근거려서 방송 날짜를 기다리기 힘드네요.	N	2022-07-26 11:21:54	2022-11-08 04:40:51
BE22011889	2	1	축하드려요. 방송에는 어떻게 나오시게 된 건가요.	N	2022-07-26 11:21:54	2022-11-08 04:40:51
BE22011889	3	0	저희 아버지께선 평생 목수 일을 해오셨죠. 그런데 그 결실을 이번에 맺게 되어서 정말 기쁩니다.	N	2022-07-26 11:21:54	2022-11-08 04:40:51
BE22011889	4	1	인내와 고난을 견뎌내고 열린 열매가 드디어 결실을 맺은 모양입니다. 정말 잘된 일이라 저도 참 기쁜데요. 어떤 결실을 맺었는지도 정말 궁금하고요.	N	2022-07-26 11:21:54	2022-11-08 04:40:51
BE22011889	5	0	평생의 꿈이셨던 청년 목수 학교를 작년에 설립하셨어요. 그리고 목수가 꿈인 학생들을 가르치고 계셔요.	N	2022-07-26 11:21:54	2022-11-08 04:40:51
BE22011889	6	1	누군가를 가르친다는 것이 정말 쉽지 않은 일일 텐데, 아버님의 기술이 대단한 모양이에요. 그런 아버님의 모습이 담긴 방송이라면 저라도 기다리기 힘들겠어요.	N	2022-07-26 11:21:54	2022-11-08 04:40:51
BE22011889	7	0	네. 어릴 적부터 나무로 무엇이든 만들어내는 모습을 보며 존경심이 들었답니다. 그때도 업계에서 소문난 장인이셨죠.	N	2022-07-26 11:21:54	2022-11-08 04:40:51
BE22011889	8	1	마치 동화 피노키오의 제페토 할아버지 같은 모습일 것 같아요. 저는 손재주가 대단하지 못해서 그런 분들을 보면 존경심이 들곤 합니다. 장인이신 아버님을 보고 느꼈을 많은 감정들이 굉장히 값질 것 같아요.	N	2022-07-26 11:21:54	2022-11-08 04:40:51
BE22011889	9	0	정말 그렇죠. 그리고 예전부터 아버지가 해주신 말씀이 있거든요. 어린 시절 그걸 들을 때마다 정말 두근거렸어요.	N	2022-07-26 11:21:54	2022-11-08 04:40:51
BE22011889	10	1	어떤 말이 그렇게 감정화자씨의 가슴을 두근거리게 만들었는지 궁금해 참을 수가 없는데요. 저도 들어볼 수 있을까요?	N	2022-07-26 11:21:54	2022-11-08 04:40:51
BE22011889	11	0	목수란 꿈을 짓는 사람들이라는 이야기에요. 너무 멋지지 않나요?	N	2022-07-26 11:21:54	2022-11-08 04:40:51
BE22011889	12	1	정말 근사한 말이네요. 대략적인 의미는 알겠지만 구체적으로 어떤 의미인지 좀더 자세히 듣고 싶습니다.	N	2022-07-26 11:21:54	2022-11-08 04:40:51
BE22011889	13	0	살다 보면 내 집을 마련하는 게 꿈이기도 하고, 어떤 집에서 살고 싶다는 소망을 가지잖아요. 목수는 그런 사람들의 꿈을 실현해 준다는 뜻이에요.	N	2022-07-26 11:21:54	2022-11-08 04:40:51
BE22011889	14	1	꿈을 이루어준다니 마치 산타클로스처럼 동화 같은 이야기네요. 마음이 뭉근해지고 따뜻해지는 이야기입니다. 그렇게 멋진 베테랑 목수 아버지 아래에서 자랐다는 게 큰 기쁨이겠어요.	N	2022-07-26 11:21:54	2022-11-08 04:40:51
BE22011889	15	0	왜 아니겠어요. 목수 일을 진심으로 사랑하는 아버지 덕분에, 저도 제가 사랑하는 일을 진로로 삼을 수 있었죠. 인내와 끈기의 아이콘이세요.	N	2022-07-26 11:21:54	2022-11-08 04:40:51
BE22011889	16	1	각자의 천직을 찾아간 거네요. 너무 좋은 영향을 아버지로부터 받으신 것 같아요. 말씀을 들으니 아버지가 출연하시는 방송을 저도 꼭 보고 싶습니다.	N	2022-07-26 11:21:54	2022-11-08 04:40:51
BE22011889	17	0	봐주신다면 저도 정말 기쁠 것 같아요. 기쁨을 함께해주셔서 참 감사하고요.	N	2022-07-26 11:21:54	2022-11-08 04:40:51
BE22011889	18	1	천만에요. 아버님이 평생 해온 일에 대해 장인이 되시고, 그로 인해 학교를 설립하셨다니. 살아가면서 그런 결실을 맺는 날 저도 참 뿌듯할 것 같아 원동력으로 삼고자 합니다.	N	2022-07-26 11:21:54	2022-11-08 04:40:52
BE22011889	19	0	그렇게 말씀해주시니 저도 감사해요. 제가 너무 들떠서 자랑만 한 건 아닌지 모르겠네요. 축하해주셔서 감사드리고, 공감화자씨가 즐겁게 시청해주셨으면 좋겠습니다!	Y	2022-07-26 11:21:54	2022-11-08 04:40:52
