id	utterance_id	utterance_type	utterance_text	terminate	regDate	updDate
BE22012000	1	0	반려견을 키우면서 사랑이라는 것을 느꼈어요. 인간 대 인간의 사랑이 아닌 진정한 가족 간의 사랑이요. 요즘 반려견에 대해 아낌없이 돈을 투자하는 중인데, 전혀 아깝지 않네요.	N	2022-07-27 05:07:08	2022-11-08 04:41:33
BE22012000	2	1	반려동물을 키우시기 시작한 이후 감정화자님이 많이 밝아지셨다는 느낌을 받았었어요. 요즘도 잘 지내시나 봐요?	N	2022-07-27 05:07:08	2022-11-08 04:41:33
BE22012000	3	0	그럼요. 요즘 제 반려견 덕분에 매일매일 하루가 행복해요. 반려견 사진을 찍어주기 위해 비싼 카메라도 구매했거든요. 남들은 디지털카메라가 좋다고 하지만, 저는 일부러 필름 카메라를 구입했는데 너무 만족해요.	N	2022-07-27 05:07:08	2022-11-08 04:41:33
BE22012000	4	1	필름 카메라라니, 생각만 해도 정말 감성적이네요. 감정화자님이 강아지를 많이 사랑하시는 게 느껴지네요. 카메라를 구입하셔서 기분 좋으시겠어요.	N	2022-07-27 05:07:08	2022-11-08 04:41:33
BE22012000	5	0	당연히 너무 좋죠. 필름 카메라로 제 반려견의 사진 많이 남겨둘 수 있어서 너무 좋아요. 이번에 카메라로 찍어봤는데 사진이 너무 잘 나와서 정말 기쁘고 만족스러운 소비라고 생각해요.	N	2022-07-27 05:07:08	2022-11-08 04:41:33
BE22012000	6	1	강아지와의 소중한 시간을 사진으로 남기면서 행복한 나날들을 보내시겠네요. 감정화자님이 기분 좋으신 게 여기까지 느껴져요.	N	2022-07-27 05:07:08	2022-11-08 04:41:33
BE22012000	7	0	제가 카메라를 사려고 한참을 알아보고 샀거든요. 그런데 좋은 매물을 우연히 구했어요. 정말 남들보다 저렴하게 좋은 상품을 사서 되게 뿌듯하고 기분 좋은 것 있죠.	N	2022-07-27 05:07:08	2022-11-08 04:41:33
BE22012000	8	1	감정화자님이 카메라 구입도 정말 합리적으로 하셔서 기분 좋으시겠어요. 저도 제가 사고 싶었던 물건을 싸고 저렴하게 샀을 때의 기분을 알거든요. 감정화자님이 얼마나 좋으실지 충분히 이해되는걸요?	N	2022-07-27 05:07:08	2022-11-08 04:41:33
BE22012000	9	0	앞으로 이 카메라로 사진 많이 찍어서 앨범도 만들고 하려고요. 앞으로 제 반려견이 저와 오래오래 살면서 좋은 추억 많이 만들었으면 좋겠어요. 요즘 그래서 정말 살맛 난답니다.	N	2022-07-27 05:07:08	2022-11-08 04:41:33
BE22012000	10	1	강아지와 긍정적인 영향을 주고받으시는 게 정말 좋아 보여요. 감정화자님이 기분 좋아 보이셔서 오랜만에 저도 덩달아 기분 좋네요. 앞으로도 좋은 일만 가득하실 거예요.	N	2022-07-27 05:07:08	2022-11-08 04:41:33
BE22012000	11	0	그랬으면 좋겠어요. 정말 제 반려견만 보면 돈을 아끼고 싶지 않다니까요. 얼마나 사랑스러운지.	N	2022-07-27 05:07:08	2022-11-08 04:41:33
BE22012000	12	1	감정화자님이 워낙 정성스러운 견주시잖아요. 강아지에게 사랑을 쏟으시는 것을 보면 반려동물을 정말 사랑하는 게 느껴져요. 여러 면에서 정말 훌륭한 견주이시니 그런 모습을 보면서 저도 본받아야겠다고 생각해요.	N	2022-07-27 05:07:08	2022-11-08 04:41:33
BE22012000	13	0	어머, 그런 칭찬까지 해주시다니. 너무 감사한데요. 앞으로도 이런 모습 꾸준히 보여야겠네요.	N	2022-07-27 05:07:08	2022-11-08 04:41:33
BE22012000	14	1	사랑스러운 반려견 사진도 많이 찍으시고 좋은 하루 보내세요. 나중에 꼭 저에게 사진 자랑해주시고요.	N	2022-07-27 05:07:08	2022-11-08 04:41:33
BE22012000	15	0	반드시 그래야죠. 고마워요, 공감화자님.	Y	2022-07-27 05:07:08	2022-11-08 04:41:33
