id	utterance_id	utterance_type	utterance_text	terminate	regDate	updDate
BE22012806	1	0	공감화자씨. 저 요즘 오래전에 읽었던 책을 다시 읽고 있어요.	N	2022-08-02 02:14:07	2022-11-08 04:46:32
BE22012806	2	1	오. 정말요? 요즘 읽을 책이 별로 없기는 하죠.	N	2022-08-02 02:14:07	2022-11-08 04:46:32
BE22012806	3	0	네. 맞아요. 근데 오래전에 읽어서 그런지 다시 읽으니 뭔가 내용이 새롭게 느껴지더라고요. 내가 이 책을 읽었던 게 맞나 싶네요. 괜히 기쁘고 가슴이 두근거려요.	N	2022-08-02 02:14:07	2022-11-08 04:46:32
BE22012806	4	1	안 그래도 요즘 읽을 책이 없다고 고민이 많으셨잖아요. 그거 정말 기쁜 일인데요? 감정화자씨 지금 엄청 신나겠다!	N	2022-08-02 02:14:07	2022-11-08 04:46:32
BE22012806	5	0	네. 정확히 제 기분을 맞추셨어요. 책을 읽으면 읽을수록 내용이 너무 새로워서 처음 읽는 기분이에요. 새 책을 읽었을 때 그 설레는 기분이 다시금 드는 거 같아요.	N	2022-08-02 02:14:07	2022-11-08 04:46:32
BE22012806	6	1	새로운 책을 발견했을 때만큼 신나고 만족스러운 일이 없잖아요. 독서광인 우리한테는 정말 신나는 일이죠. 지금 감정화자씨 신나서 콧노래가 나오시겠어요.	N	2022-08-02 02:14:07	2022-11-08 04:46:32
BE22012806	7	0	후후. 맞아요. 콧노래뿐입니까? 이 기쁨이 주체가 안 돼서 어깨도 덩달아 으쓱여요. 책을 하도 읽었더니 읽을 책이 없어서 고민이었는데 지금은 고민 해결 한 기분이라 흡족해요.	N	2022-08-02 02:14:07	2022-11-08 04:46:32
BE22012806	8	1	감정화자씨가 읽을 책이 없어서 우울해하셨던 거 제가 옆에서 지켜봤잖아요. 마음이 아팠는데 이렇게 오래전 읽었던 책을 읽고 기뻐하시는 모습 보니 저도 좋습니다. 제 마음에 마치 잔치가 열린 거 같아요.	N	2022-08-02 02:14:07	2022-11-08 04:46:32
BE22012806	9	0	공감화자씨가 제 기쁜 일에 같이 행복해하시니 제 마음에도 봄바람이 부는 거 같아요. 오늘 하루 정말 행복한 날인 거 같습니다.	N	2022-08-02 02:14:07	2022-11-08 04:46:32
BE22012806	10	1	감정화자씨도 언제나 제 기쁜 소식을 들려주면 저보다도 더 기뻐하시잖아요. 그 마음이 얼마나 예쁘고 반짝거렸는지 몰라요.	N	2022-08-02 02:14:07	2022-11-08 04:46:32
BE22012806	11	0	하하. 그렇게 칭찬해주시니 기쁨이 더 샘솟는 거 같습니다. 역시 책에 대해서 공감화자씨랑 문자 하면 기분이 더 좋아져요.	N	2022-08-02 02:14:07	2022-11-08 04:46:32
BE22012806	12	1	저도 그래요. 취미가 같은 인연은 정말 소중한 거 같아요. 저도 요즘 읽을 책 없어서 살짝 고민이었는데. 감정화자씨 따라서 오래전 읽었던 책을 다시 꺼내 보아야겠어요. 살짝 설레네요.	N	2022-08-02 02:14:07	2022-11-08 04:46:32
BE22012806	13	0	좋죠. 제 방법을 따라 하신다니 뭔가 기분이 더 만족스럽고 기쁘네요. 그럼 우리 이만 책 보러 가볼까요?	N	2022-08-02 02:14:07	2022-11-08 04:46:32
BE22012806	14	1	네. 독서가 끝나고 다시 문자 하도록 하죠. 저도 지금 대학교 시절 읽었던 책 꺼내 들었습니다. 가슴이 두근거리네요.	N	2022-08-02 02:14:07	2022-11-08 04:46:32
BE22012806	15	0	좋은 독서가 되길 바랄게요. 저도 그럼 읽었던 책마저 읽으러 가보겠습니다. 나중에 또 문자 해요.	Y	2022-08-02 02:14:07	2022-11-08 04:46:32
