id	utterance_id	utterance_type	utterance_text	terminate	regDate	updDate
BE22007459	1	0	항상 집에 일찍 가서 몰랐는데 이 시간엔 국도변도 조용하네요.	N	2022-07-10 02:27:00	2022-11-08 04:12:28
BE22007459	2	1	확실히 밤에는 운전하는 사람이 적으니까요.	N	2022-07-10 02:27:00	2022-11-08 04:12:28
BE22007459	3	0	야근하고 피로했는데 조용한 국도변을 보니 세계에 혼자 남은 기분이에요. 온 우주가 제 것 같기도 하고 은근히 만족스럽네요.	N	2022-07-10 02:27:00	2022-11-08 04:12:28
BE22007459	4	1	방금 상상해봤는데 저라도 그런 기분이 될 것 같아요. 사람에 치이고 복잡한 환경에서 지내다 보면 그런 고요함이 반가울 때가 있죠.	N	2022-07-10 02:27:00	2022-11-08 04:12:28
BE22007459	5	0	맞아요. 우리는 너무 시끄러운 환경에서 살고 있잖아요. 이렇게 조용한 도로 위에 있으니까 속이 뻥 뚫리는 기분이에요.	N	2022-07-10 02:27:00	2022-11-08 04:12:28
BE22007459	6	1	눈앞에 장애물이 없으니 엄청 시원한 느낌일 것 같아요. 그런 곳을 운전하면 스트레스가 풀리기도 하잖아요.	N	2022-07-10 02:27:00	2022-11-08 04:12:28
BE22007459	7	0	정말요. 괜히 레이서가 된 것 같기도 하고 기분이 좋네요. 왜 사람들이 답답하면 드라이브를 가는지 알겠어요.	N	2022-07-10 02:27:00	2022-11-08 04:12:28
BE22007459	8	1	하하하. 제 주변에도 괴로운 일이 생기면 도로 위로 나가는 사람들이 많아요. 감정화자씨가 새로운 세상에 눈을 뜨셨군요, 많이 신나 보이는걸요.	N	2022-07-10 02:27:00	2022-11-08 04:12:29
BE22007459	9	0	이런 해방감은 처음이거든요. 이런 기쁨을 모르고 살았다니!	N	2022-07-10 02:27:00	2022-11-08 04:12:29
BE22007459	10	1	감정화자씨가 기뻐하시는 걸 보니 제가 다 막힘없이 운전하는 것처럼 기분이 좋아져요.	N	2022-07-10 02:27:00	2022-11-08 04:12:29
BE22007459	11	0	교통 법규를 어기지 않는 선에서 신나게 달려볼 거예요. 마음만이라도 함께해 주세요.	N	2022-07-10 02:27:00	2022-11-08 04:12:29
BE22007459	12	1	그럴게요. 조수석에 제가 타고 있다 상상하고 시원하게 밟아 주세요.	N	2022-07-10 02:27:00	2022-11-08 04:12:29
BE22007459	13	0	공감화자씨가 옆에 있다고 생각하니 두 배로 만족스러운데요? 나중에 같이 드라이브 가도 좋겠어요.	N	2022-07-10 02:27:00	2022-11-08 04:12:29
BE22007459	14	1	저도 너무 좋아요! 제가 풍경이 예쁜 도로를 알고 있으니 안내할게요.	N	2022-07-10 02:27:00	2022-11-08 04:12:29
BE22007459	15	0	우와, 엄청 기대되는데요? 언제든 편하실 때 연락을 주세요!	Y	2022-07-10 02:27:00	2022-11-08 04:12:29
