id	utterance_id	utterance_type	utterance_text	terminate	regDate	updDate
BE22011816	1	0	잘 지내고 계신 가요? 날씨가 변덕스러워서 건강은 괜찮으신지 궁금하네요.	N	2022-07-26 06:36:46	2022-11-08 04:40:22
BE22011816	2	1	오랜만이세요. 저희는 모두 잘 지내고 있답니다. 연락한 지 한참 된 것 같네요.	N	2022-07-26 06:36:46	2022-11-08 04:40:22
BE22011816	3	0	이제 조금씩 일상을 회복하고 있다 보니 공감화자님 생각이 많이 나더라고요. 얼마 전에 영화관에서 팝콘을 먹으며 영화를 봤는데 예전 생각이 많이 났었어요.	N	2022-07-26 06:36:46	2022-11-08 04:40:22
BE22011816	4	1	그러셨군요. 결혼 전에는 함께 영화 보러 많이 다녔었죠. 저도 그때 참 즐거웠어요.	N	2022-07-26 06:36:46	2022-11-08 04:40:22
BE22011816	5	0	영화관에서 팝콘 먹는 게 일상이었잖아요. 그 시절 상영관에 걸려있던 영화는 거의 다 본 것 같아요.	N	2022-07-26 06:36:46	2022-11-08 04:40:22
BE22011816	6	1	맞아요. 감정화자님과 함께 다니던 그 시절은 상상만 해도 웃음이 절로 나요. 참 젊고 예뻤던 시절이었어요.	N	2022-07-26 06:36:46	2022-11-08 04:40:22
BE22011816	7	0	하하하, 그랬었죠. 젊은 시절을 같이 추억 할 수 있다는 게 얼마나 기쁜 일인지 모르겠어요.	N	2022-07-26 06:36:46	2022-11-08 04:40:22
BE22011816	8	1	정말 그래요. 저는 사는 게 바쁘다 보니 젊은 시절 친구들과는 추억이 별로 없거든요. 그런데 이렇게 감정화자님과 찬란했던 그 시절의 감정들을 나눌 수 있어서 얼마나 기쁜지 몰라요.	N	2022-07-26 06:36:46	2022-11-08 04:40:22
BE22011816	9	0	이제 일상이 회복되고 있으니 곧 공감화자님과도 만나서 영화 볼 날이 오지 않을까요? 그때는 예전과는 다르게 아이들도 함께 볼 수 있는 영화를 봐야겠지만요. 그래도 즐거울 것 같아요.	N	2022-07-26 06:36:46	2022-11-08 04:40:22
BE22011816	10	1	맞아요. 상황이 달라졌으니 지금에 맞게 내용은 달라지겠지만 만날 수 있다는 것만으로도 행복한 거니까요.	N	2022-07-26 06:36:46	2022-11-08 04:40:22
BE22011816	11	0	그렇죠. 아이들이 만나서 서로 밝게 웃고 공감화자님과 대화하는 상상만 해도 신이 나네요. 곧 그럴 수 있을 것 같아서 기대돼요.	N	2022-07-26 06:36:46	2022-11-08 04:40:22
BE22011816	12	1	하하하, 그런 상상만 해도 즐거운 감정들이 요동을 치네요. 다시 젊은 시절로 돌아간 듯한 기분마저 들어요.	N	2022-07-26 06:36:46	2022-11-08 04:40:22
BE22011816	13	0	저 역시 신이 나고 기대감에 가슴이 부풀어 오르는 기분이 들어요. 금방이라도 하늘로 날아갈 것 같습니다.	N	2022-07-26 06:36:46	2022-11-08 04:40:22
BE22011816	14	1	가까운 곳에 계신다면 지금 당장이라도 만나러 가고 싶어지네요. 대화만으로도 즐거운데 직접 만나면 얼마나 즐거울까요.	N	2022-07-26 06:36:46	2022-11-08 04:40:22
BE22011816	15	0	곧 그렇게 될 것 같은 희망이 보이니 이보다 즐거울 수는 없을 것 같네요. 다시 만날 그날을 기대하겠습니다. 즐거운 소식으로 곧 또 연락할게요!	Y	2022-07-26 06:36:46	2022-11-08 04:40:22
