id	utterance_id	utterance_type	utterance_text	terminate	regDate	updDate
BE22012327	1	0	나 이제부터 애인과 술을 마시지 않는 데이트를 하기로 했어. 정말 만족스러운 결정을 한 것 같아서 기뻐. 남자 친구가 처음에는 반대했는데 결국 찬성해 준 것에 관해서 고마운 마음도 들고.	N	2022-07-29 02:46:39	2022-11-08 04:43:32
BE22012327	2	1	와, 남자 친구와 그런 생각을 공유했다니, 정말 멋진걸. 이야기 듣는 내 입가에도 미소가 저절로 떠오르는 것 같아.	N	2022-07-29 02:46:39	2022-11-08 04:43:32
BE22012327	3	0	데이트하면서 술을 자주 마시니까 좋은 점도 있지만 힘든 점도 있었거든. 이제는 힘든 점은 걱정하지 않아도 되니까 정말 마음이 느긋해.	N	2022-07-29 02:46:39	2022-11-08 04:43:32
BE22012327	4	1	이제 한결 편안한 마음으로 애인을 만날 수 있다니 정말 좋겠다. 나도 남자 친구랑 술 마시면서 힘들 때도 있는데, 네가 부러운 마음이 드는걸.	N	2022-07-29 02:46:39	2022-11-08 04:43:32
BE22012327	5	0	술은 마실 때는 기분 좋지만, 다음날은 무척 힘들잖아. 이제는 데이트 다음 날에도 상쾌한 하루를 보낼 수 있을 것 같아 무척 기대돼.	N	2022-07-29 02:46:39	2022-11-08 04:43:32
BE22012327	6	1	남자 친구와 편안하고 느긋하게 만날 생각만 해도 신이 나겠다. 나도 그런 네 모습을 생각하니, 구름 위에 뜬 것처럼 여유로워지는 것 같아.	N	2022-07-29 02:46:39	2022-11-08 04:43:32
BE22012327	7	0	앞으로는 데이트가 훨씬 더 다양해질 거라는 생각에 설렘 폭발이야. 술 마시는 대신 다양한 전시회나 공연도 볼 수 있을 것 같아서 벌써 즐거워.	N	2022-07-29 02:46:39	2022-11-08 04:43:32
BE22012327	8	1	색다른 경험을 많이 할 수 있다니 정말 좋겠다. 나도 마음이 왠지 설레는 것 같아.	N	2022-07-29 02:46:39	2022-11-08 04:43:32
BE22012327	9	0	게다가 비싼 술값으로 나가는 비용도 은근히 부담스러웠거든. 이제는 그런 걱정도 하지 않고 건강까지 챙길 수 있어서 감사한 마음이 들어.	N	2022-07-29 02:46:39	2022-11-08 04:43:32
BE22012327	10	1	무엇보다 애인과 함께 건강을 챙길 수 있는 건 행운인 것 같아. 나라도 너 같은 심정이 들 거야.	N	2022-07-29 02:46:39	2022-11-08 04:43:32
BE22012327	11	0	술을 마시는 데이트를 하지 않기로 약속한 이후에 아직 구체적인 얘기는 나누지 않았거든. 너와 이야기하다 보니 다양한 스포츠 경험을 해도 멋진 데이트가 될 거라는 생각이 드네.	N	2022-07-29 02:46:39	2022-11-08 04:43:32
BE22012327	12	1	넌 운동에 소질이 있고 남자 친구도 운동을 좋아하잖아. 그럼 두 사람이 함께 즐길 수 있는 스포츠가 무척 다양할 거야. 함께 운동하면 땀도 흘리고 체력도 좋아질 거야.	N	2022-07-29 02:46:39	2022-11-08 04:43:32
BE22012327	13	0	네 이야기 들으니까 벌써 마음이 설레는걸. 술을 마시지 않는 데이트를 하기로 한 결정은 정말 잘한 것 같아. 생각할수록 마음이 뿌듯해.	N	2022-07-29 02:46:39	2022-11-08 04:43:32
BE22012327	14	1	그래, 나도 친구인 네 모습 보면서 많은 걸 배우는 것 같아. 애인끼리 서로 취향을 존중하는 것도 보기 흐뭇해서 좋고.	N	2022-07-29 02:46:39	2022-11-08 04:43:32
BE22012327	15	0	너랑 이야기하다 보니 내 마음의 기쁨이 두 배가 된 것 같아. 늘 마음 편하게 이야기 나눌 수 있는 사이가있는 건 행운이야. 정말 고맙게 생각해.	Y	2022-07-29 02:46:39	2022-11-08 04:43:32
