id	utterance_id	utterance_type	utterance_text	terminate	regDate	updDate
BE22006097	1	0	좋은 소식이 하나 있어. 너한테도 자랑하고 싶어.	N	2022-07-04 13:20:46	2022-11-08 04:03:39
BE22006097	2	1	기분이 정말 좋아 보이네. 그래, 무슨 일인데?	N	2022-07-04 13:20:46	2022-11-08 04:03:39
BE22006097	3	0	어제는 날이 흐려서 일출 시간에도 아무것도 못 봤거든. 근데 오늘은 날이 되게 화창하고 맑아. 일출을 볼 수 있을 것 같아.	N	2022-07-04 13:20:46	2022-11-08 04:03:39
BE22006097	4	1	세상에, 정말 잘됐다. 근사한 일출을 보려고 떠난 여행이었잖아. 첫날은 날씨가 따라주지 못해서 속상했을 테지만 잘 풀려서 다행이다.	N	2022-07-04 13:20:46	2022-11-08 04:03:39
BE22006097	5	0	이 순간을 얼마나 기다렸는지 몰라. 아직 시간이 좀 남아서 기다리고 있는데 벌써 두근거려.	N	2022-07-04 13:20:46	2022-11-08 04:03:39
BE22006097	6	1	기다리고 기대했던 만큼 설레는 마음이 점점 부풀고 있구나. 믿을 수 없을 만큼 아름다운 풍경을 만나면 기억 속에도 오래 남아 있게 되니까. 어느 때보다 설레고 들뜨는 날이겠어.	N	2022-07-04 13:20:46	2022-11-08 04:03:39
BE22006097	7	0	날씨 예보에는 오늘까지도 날이 안 좋을 거라고 해서 기대가 없었거든. 혹시 몰라서 새벽에 일어나 봤는데 하늘이 엄청 맑은 거야. 기분이 너무 좋아.	N	2022-07-04 13:20:46	2022-11-08 04:03:39
BE22006097	8	1	예상하지 못한 행운이 품에 굴러 들어왔네. 그게 멋진 일출을 볼 수 있는 기회로 이어지다니. 생각만 해도 짜릿하고 신이 난다.	N	2022-07-04 13:20:46	2022-11-08 04:03:39
BE22006097	9	0	비록 실물만큼 아름답지는 않겠지만 사진 찍어서 너한테도 보여 줄게. 일출 보면서 그동안 힘들었던 일은 싹 다 잊어버릴 거야. 나 너무 힘들었던 것 알지.	N	2022-07-04 13:20:46	2022-11-08 04:03:39
BE22006097	10	1	아무리 깊은 밤이 찾아와도 결국에는 해가 뜨는 법이잖아. 그동안 고생하고 힘들어했던 너에게 보상이 오는 건가 봐. 네가 기뻐하는 모습을 보니 나도 마음이 좋다.	N	2022-07-04 13:20:46	2022-11-08 04:03:39
BE22006097	11	0	맞아, 매일 어두운 날만 있을 수는 없으니까. 나한테도 볕 드는 날이 와야지. 아, 정말 벅차고 뿌듯해.	N	2022-07-04 13:20:46	2022-11-08 04:03:39
BE22006097	12	1	그동안 고생했던 건 좋은 날을 위한 발판이 되었을 거야. 아무리 힘들고 어려운 순간에도 포기하지 않고 무사히 끝내느라 정말 고생 많았어. 곁에서 지켜보던 나도 네 덕분에 포기하지 않을 수 있었어.	N	2022-07-04 13:20:46	2022-11-08 04:03:39
BE22006097	13	0	네가 그렇게 말해 주니 나 자신이 한층 더 멋진 사람이 된 것 같아. 이렇게 들뜬 기분으로 일출을 만끽하고 와야겠어.	N	2022-07-04 13:20:46	2022-11-08 04:03:39
BE22006097	14	1	즐겁고 행복한 시간 보내고 와. 잘 다녀와서 나한테도 자랑해 줘.	Y	2022-07-04 13:20:46	2022-11-08 04:03:39
