id	utterance_id	utterance_type	utterance_text	terminate	regDate	updDate
BE22000096	1	0	언니, 내가 직접 짠 수세미를 언니에게 택배로 보냈어.	N	2022-06-03 06:13:15	2022-11-08 03:24:50
BE22000096	2	1	어머, 그렇게 귀한 걸 보내 줘도 되는 거야?	N	2022-06-03 06:13:15	2022-11-08 03:24:50
BE22000096	3	0	당연하지, 친한 지인들에게 선물하려고 뜬 건데.	N	2022-06-03 06:13:15	2022-11-08 03:24:50
BE22000096	4	1	손뜨개질도 할 줄 알아? 멋지다! 난 손재주가 없어서 엄두도 못 냈는데.	N	2022-06-03 06:13:15	2022-11-08 03:24:50
BE22000096	5	0	내가 취미 부자잖아. 컬러링에 한참 빠져 있다가 지겨워서 다른 거 하려고 찾아보고 이거다 싶어 독학했지.	N	2022-06-03 06:13:15	2022-11-08 03:24:50
BE22000096	6	1	와, 이걸 독학으로 하다니 정말 대단하다. 나도 정말 배워보고 싶어서 책만 샀다가 그냥 말았어.	N	2022-06-03 06:13:15	2022-11-08 03:24:50
BE22000096	7	0	언니, 요새 누가 뜨개질을 책 보고 해. 동영상 공유 서비스가 얼마나 잘 돼 있는데.	N	2022-06-03 06:13:15	2022-11-08 03:24:50
BE22000096	8	1	하긴 요새는 초등학생들도 궁금한 게 나오면 동영상 공유 서비스로 검색하더라.	N	2022-06-03 06:13:15	2022-11-08 03:24:50
BE22000096	9	0	손 뜨개질을 하고 있으면, 잡념도 없어지고 완성하고 나면 기분도 좋아.	N	2022-06-03 06:13:15	2022-11-08 03:24:50
BE22000096	10	1	생산적인 취미네. 스트레스는 사라지고, 수세미는 생기고.	N	2022-06-03 06:13:15	2022-11-08 03:24:50
BE22000096	11	0	하하, 그렇게 되나? 틈틈이 만들어서 만나는 사람마다 선물하고 있어.	N	2022-06-03 06:13:15	2022-11-08 03:24:50
BE22000096	12	1	정말 뜻깊은 선물이잖아. 세제를 적게 써서 환경오염도 줄일 수 있고. 역시 너 다운 취미구나.	N	2022-06-03 06:13:15	2022-11-08 03:24:51
BE22000096	13	0	누구든 할 수 있대도! 언니도 나랑 같이 뜨개질하자.	N	2022-06-03 06:13:15	2022-11-08 03:24:51
BE22000096	14	1	나는 너처럼 손재주가 있는 편이 아니라서 자신이 없네.	N	2022-06-03 06:13:15	2022-11-08 03:24:51
BE22000096	15	0	내가 있잖아! 모르는 거 서로 가르쳐주면서 하면 되지.	N	2022-06-03 06:13:15	2022-11-08 03:24:51
BE22000096	16	1	그럼 당장 실부터 주문해야겠다. 첫 작품은 네게 보내줄게.	Y	2022-06-03 06:13:15	2022-11-08 03:24:51
