id	utterance_id	utterance_type	utterance_text	terminate	regDate	updDate
BE22007170	1	0	나를 위해 늘 노력하고 배려하는 아내를 보면 사랑스러운 마음이 절로 들어.	N	2022-07-08 07:34:28	2022-11-08 04:10:39
BE22007170	2	1	또 사랑꾼 티를 내시는 우리 형님. 늘 우리 볼링 모임에서 모범을 보여주셔서 많이 배웁니다.	N	2022-07-08 07:34:28	2022-11-08 04:10:39
BE22007170	3	0	오랜 독신 생활을 접고 늦은 결혼을 해서 그런지. 너무 애틋하니 어떡하겠어? 게다가 사십 년을 향수도 안 뿌리던 사람이 나를 위해 노력해 주니 얼마나 고마운지 모르겠어.	N	2022-07-08 07:34:28	2022-11-08 04:10:39
BE22007170	4	1	진짜 형님의 취향까지 존중해 주는 모습은 정말 보기 좋네요. 형수님은 향수 모으는 것도 이해하지 못하시던 분이어서 놀라움이 더욱 큰 것 같아요. 형님을 사랑하는 형수님의 지극한 마음이 느껴지는데요.	N	2022-07-08 07:34:28	2022-11-08 04:10:39
BE22007170	5	0	내가 특히 좋아하는 달콤한 꽃 향이 더해진 아내를 보면 너무 고마워. 그래서 나도 아내가 좋아하는 취미인 자전거를 함께 타기로 했어.	N	2022-07-08 07:34:28	2022-11-08 04:10:39
BE22007170	6	1	실 외에서 하는 운동은 싫어하셨는데 그걸 하시다니 지극한 마음이 느껴지네요. 두 분이 함께 취미 활동을 하는 모습을 상상하니 제 입가에도 저절로 미소가 지어지네요.	N	2022-07-08 07:34:28	2022-11-08 04:10:39
BE22007170	7	0	그렇지 내가 사랑하는 사람을 만나 살면서 배운 점이 상대방이 좋아하는 것을 함께하는 것. 그리고 싫어하는 것은 하지 않으려고 노력하는 것이지. 이게 배려이고 사랑의 표현인 것 같거든.	N	2022-07-08 07:34:28	2022-11-08 04:10:39
BE22007170	8	1	형님을 통해 저도 느끼는 게 많네요. 아내를 진심으로 사랑하는 게 이런 거구나 저도 스스로를 돌아보게 돼요. 앞으로도 두 분 오래도록 아껴주는 모습 즐거운 마음으로 지켜보겠습니다.	N	2022-07-08 07:34:28	2022-11-08 04:10:39
BE22007170	9	0	아니야 내가 뭐 거창하게 한 게 없는걸. 그깟 향수라고 할지 모르나 나에겐 소중한 취미를 존중하는 아내로 인해 바뀌었을 뿐인걸.	N	2022-07-08 07:34:28	2022-11-08 04:10:39
BE22007170	10	1	저도 아내를 형님처럼 귀하게 여겨야겠어요. 일단 아내가 무엇을 좋아하고 싫어하는지부터 살펴보고 바뀌려고 노력해야겠습니다.	N	2022-07-08 07:34:28	2022-11-08 04:10:39
BE22007170	11	0	뭐 그래도 가끔은 마음에 안 들 때는 있어. 가령 요리가 너무 싱거워서 입맛에 맞지 않기도 하고. 옷의 다림질이 엉망이어서 내가 다시 해야 직성이 풀린 다거나 하는.	N	2022-07-08 07:34:28	2022-11-08 04:10:39
BE22007170	12	1	그거야 워낙 다른 삶을 살아 온 두 남녀가 맞춰가는 과정으로 보면 무방하겠지요. 그리고 조금 마음에 들지 않는 건 형님의 넓은 아량으로 감싸주시면 좋을 것 같아요. 그래야 진정한 대인 배로 보일 거예요.	N	2022-07-08 07:34:28	2022-11-08 04:10:39
BE22007170	13	0	그렇군. 이번엔 내가 배우는 점이 있어. 자네 말대로 이해 못하는 부분도 소소하게 있긴 하거든. 그런데 나는 품이 넓은 남자이니 아내가 좀 서투른 건 내가 하면 되는 거였어.	N	2022-07-08 07:34:28	2022-11-08 04:10:39
BE22007170	14	1	역시 이해심이 넘치세요. 그렇죠, 누구나 잘 못하는 게 있는데 부부란 서로 부족한 부분을 채워가는 거니까요. 아무래도 결혼 선배는 저이니 앞으로 모르시는 건 제가 잘 알려드리겠습니다.	N	2022-07-08 07:34:28	2022-11-08 04:10:39
BE22007170	15	0	하하 네 선배님 앞으로 많은 가르침을 주세요. 저는 오늘 일단 아내가 좋아하는 향인 시트러스 향수를 사러 외출해야 해. 이번 주 모임에서 보자고.	N	2022-07-08 07:34:28	2022-11-08 04:10:39
BE22007170	16	1	하하. 네, 형님. 조심히 다녀오시고 곧 뵐게요.	Y	2022-07-08 07:34:28	2022-11-08 04:10:39
