id	utterance_id	utterance_type	utterance_text	terminate	regDate	updDate
BE22012256	1	0	이번에 원하는 대학에 입학했는데 너무 기뻐서 이 감정을 어떻게 표현해야 할지 모르겠어요.	N	2022-07-28 11:11:34	2022-11-08 04:43:05
BE22012256	2	1	와, 정말 축하해요. 내가 원하는 무언가를 해냈다는 성취감은 정말 이루 말할 수 없을 정도로 기쁠 거 같아요. 대학에 합격했다니 세상을 다 가진 기분이겠어요.	N	2022-07-28 11:11:34	2022-11-08 04:43:05
BE22012256	3	0	그동안 공부하면서 내가 잘 할 수 있을까? 목표한 대학에 합격할 수 있을까? 참 복합적인 심정으로 지내왔는데, 길에서 합격했다고 소리치고 싶어요.	N	2022-07-28 11:11:34	2022-11-08 04:43:05
BE22012256	4	1	저도 같이 기뻐하며 소리치고 싶은데요? 앞으로의 대학 생활에 대해서도 그렇고 새로운 친구들과의 시간도 기대되겠어요. 배우려고 했던 공부에 대한 깊이도 깊어질 거고 캠퍼스를 누리는 모습을 상상하며 행복하겠네요.	N	2022-07-28 11:11:34	2022-11-08 04:43:05
BE22012256	5	0	대학에 입학하면 저는 동아리부터 가입할 거예요. 동아리를 어떻게 이끌어갈지도 선배님들이랑 두런두런 이야기 나눌 거예요. 과대도 한번 도전해볼 거예요!	N	2022-07-28 11:11:34	2022-11-08 04:43:05
BE22012256	6	1	대학생이 되면 하고 싶은 것도 많을 텐데 주체성 있게 뭔가를 이끌어가고자 하는 도전정신이 정말 멋져요. 그 나이대에 해볼 수 있는 경험은 나중에 좋은 밑거름이 될 거예요. 대학 다니면서 다양한 경험을 해보세요.	N	2022-07-28 11:11:34	2022-11-08 04:43:05
BE22012256	7	0	네! 그럼요. 그렇게 한해가 지나고 나면 저한테도 후배가 생기겠죠? 그 후배들한테 좋은 멘토가 되기 위해 교수님들께도 많은 조언을 구할 거예요.	N	2022-07-28 11:11:34	2022-11-08 04:43:05
BE22012256	8	1	동문 선배들도 많이 만나 보세요. 졸업하고 취직할 때 많은 도움이 될 거예요. 그리고 대학 생활에서 축제도 빠질 수 없죠!	N	2022-07-28 11:11:34	2022-11-08 04:43:05
BE22012256	9	0	아, 축제! 전 축제하게 되면 보고 싶은 가수도 있어요. 주점도 열어서 친구들과 함께 음식도 만들고 용돈도 벌 거예요. 하고 싶은 게 정말 너무 많아요.	N	2022-07-28 11:11:34	2022-11-08 04:43:05
BE22012256	10	1	에너지가 넘치는 거 같아서 좋네요. 나중에 후회하지 않도록 그 시간이 헛되지 않도록 유용하게 시간을 활용하길 바라요.	N	2022-07-28 11:11:34	2022-11-08 04:43:05
BE22012256	11	0	열심히 공부해서 장학금도 타보고 싶어요. 부모님이 정말 기뻐하시겠죠? 친구들은 또 얼마나 부러워할까요.	N	2022-07-28 11:11:34	2022-11-08 04:43:05
BE22012256	12	1	성취감의 달콤함은 그 이후에 또 다른 좋은 결과물을 낳죠. 기쁨이 하나하나 모이게 되면 더 큰 기쁨을 위해 노력하게 될 거예요.	N	2022-07-28 11:11:34	2022-11-08 04:43:05
BE22012256	13	0	감사해요. 마음 같아서는 캠퍼스에 가서 여기저기 휘젓고 다니며 합격의 기쁨을 누리고 싶지만, 마음을 조금 누그러뜨려야겠어요.	N	2022-07-28 11:11:34	2022-11-08 04:43:05
BE22012256	14	1	마음껏 기뻐해도 돼요. 그만큼 열심히 달려와서 이뤄냈잖아요. 그간의 노력에 대한 보상이니 더없이 기뻐하고 더없이 누려요.	N	2022-07-28 11:11:34	2022-11-08 04:43:06
BE22012256	15	0	그런가요? 얼굴에서 웃음이 끊이질 않아요. 같이 이야기 나누며 기뻐해 주셔서 다시 한 번 감사해요.	N	2022-07-28 11:11:34	2022-11-08 04:43:06
BE22012256	16	1	오히려 내가 정말 기분 좋았어요. 대학 입학한 거 정말 축하해요. 하고픈 일 모두 이룰 수 있는 대학 생활이 되길 늘 응원할게요.	Y	2022-07-28 11:11:34	2022-11-08 04:43:06
