id	utterance_id	utterance_type	utterance_text	terminate	regDate	updDate
BE22012322	1	0	저 지금 애들 재우고 아내랑 한잔 중이에요. 너무 행복하네요.	N	2022-07-29 02:42:12	2022-11-08 04:43:30
BE22012322	2	1	오늘 아이들이 일찍 자주었나 보네요. 너무 좋으시겠어요.	N	2022-07-29 02:42:12	2022-11-08 04:43:30
BE22012322	3	0	네. 이런 날만 계속되면 육아가 별로 힘들지 않을 텐데 말이에요. 가물에 콩 나듯 아이들이 일찍 잠들어서 엄마 아빠에게 여유시간을 선물해 줄 때가 있답니다.	N	2022-07-29 02:42:12	2022-11-08 04:43:30
BE22012322	4	1	저도 아이 어릴 때 아이 재우고 맥주 마시는 게 낙이었던 시절이 있었어요. 너무 기분 좋으실 것 같아요.	N	2022-07-29 02:42:12	2022-11-08 04:43:30
BE22012322	5	0	언제 이렇게 아이들이 컸나 싶어 대견하고 뿌듯하네요. 아내와 이럴 때 정말 동지애도 느껴지고 행복해요.	N	2022-07-29 02:42:12	2022-11-08 04:43:30
BE22012322	6	1	아이들이 참 예쁘던데 얼마나 좋으시겠어요. 행복이라는 말로 다 표현이 안 될 것 같네요.	N	2022-07-29 02:42:12	2022-11-08 04:43:30
BE22012322	7	0	그래도 가끔 속상한 일도 생기고 아이들이 말을 안 들어서 힘든 기억도 많죠. 하지만 오늘 같은 시간이 허락되면 그런 일들은 생각나지도 않고 마냥 행복한 마음만 들어요. 참 신기하죠.	N	2022-07-29 02:42:12	2022-11-08 04:43:30
BE22012322	8	1	아이들을 너무 사랑하시지만 그렇다고 힘들지 않은 건 아니니까요. 이렇게 숨통이 트이는 순간들이 얼마나 소중한지 이해합니다.	N	2022-07-29 02:42:12	2022-11-08 04:43:30
BE22012322	9	0	이 행복이 정말 오래도록 유지되었으면 좋겠어요. 아이들이 커서도 이 시간이 소중한 추억으로 기억될 것 같아요.	N	2022-07-29 02:42:12	2022-11-08 04:43:30
BE22012322	10	1	긴장되어 있던 하루를 보내고 그렇게 아내와 한잔하며 여유를 만끽하시는 거 정말 부러워요. 정말 듣는 제가 마음이 다 편하네요.	N	2022-07-29 02:42:12	2022-11-08 04:43:30
BE22012322	11	0	이런 시간을 가지면 인생 행복이 별것 없다는 생각이 들어요. 이렇게 사소한 것들에서 진정한 행복을 만들어가는 거구나 깨달았어요.	N	2022-07-29 02:42:12	2022-11-08 04:43:30
BE22012322	12	1	정말 멋지시네요. 그런 생각까지 하시다니 정말 감동적입니다. 저에게도 큰 깨달음이 되네요.	N	2022-07-29 02:42:12	2022-11-08 04:43:30
BE22012322	13	0	소소한 일상의 행복을 누릴 수 있는 사람이 되고 싶어요. 너무 각박하게 사는 인생은 별로예요.	N	2022-07-29 02:42:12	2022-11-08 04:43:30
BE22012322	14	1	공감해요. 아무리 큰 성공을 거두어도 가족과의 행복을 놓친다면 그건 진정한 성공이 아니죠. 정말 멋있는 생각이에요. 그럼 하루 잘 마무리하고 즐거운 밤 되세요.	N	2022-07-29 02:42:12	2022-11-08 04:43:30
BE22012322	15	0	고마워요. 함께 기뻐해 주시니 제가 더 신이 난 것 같습니다.	Y	2022-07-29 02:42:12	2022-11-08 04:43:30
