id	utterance_id	utterance_type	utterance_text	terminate	regDate	updDate
BE22007656	1	0	얼마 전에 제 딸이 영재학급 수학반 시험에 합격했어요. 그것도 우수한 성적으로 붙었다고 하더라고요.	N	2022-07-11 02:21:44	2022-11-08 04:13:43
BE22007656	2	1	그게 정말이에요? 축하드려요, 따님이 수학에 재능이 많은 아이로군요.	N	2022-07-11 02:21:44	2022-11-08 04:13:43
BE22007656	3	0	맞아요. 특히 수학에 흥미와 재능을 보이는 아이라 수학반 시험 결과를 은근히 기대하고 있었거든요. 정말로 좋은 성적으로 합격하게 되어 얼마나 기쁜지 몰라요.	N	2022-07-11 02:21:44	2022-11-08 04:13:43
BE22007656	4	1	고대하던 결과가 좋은 소식으로 이어져 정말 기분 좋으실 것 같아요. 똑똑한 딸을 두셔서 많이 자랑스러우시겠는걸요.	N	2022-07-11 02:21:44	2022-11-08 04:13:43
BE22007656	5	0	맞아요. 혼자서 원하는 일을 척척 해내는 아이라 늘 고맙고 감사하죠. 제가 많이 해준 것도 없는데 항상 대단한 성과를 보여줘서 정말 기특해요.	N	2022-07-11 02:21:44	2022-11-08 04:13:43
BE22007656	6	1	당신이 딸에 대해 느끼는 자부심이 제게도 전해지는 것 같아요. 부모의 입장에서 자식이 멋진 성과를 내는 것만큼 기쁜 일도 없죠. 어깨가 으쓱하시겠는걸요.	N	2022-07-11 02:21:44	2022-11-08 04:13:43
BE22007656	7	0	제게 과분할 만큼 대견한 아이죠. 꿈도 많고 그만한 열정과 실행력이 있는 아이라, 장래에 무엇이 될지 기대가 돼요. 저는 아이가 무엇을 한다고 하든 응원해줄 거예요.	N	2022-07-11 02:21:44	2022-11-08 04:13:43
BE22007656	8	1	딸에 대한 신뢰가 깊어 보여 부러울 정도인걸요. 사실, 아이의 자율적인 결정을 믿고 지지하는 게 생각보다 어려울 수 있는 일이거든요. 자식 걱정은 해도해도 부족하다고들 하잖아요.	N	2022-07-11 02:21:44	2022-11-08 04:13:43
BE22007656	9	0	물론 아이가 원하는 진로가 어려운 방향이라면 부모로서 걱정스럽긴 하겠죠. 하지만 저는 무엇보다 제 아이가 자유롭게 제 삶을 살아가길 바라요. 그게 아이의 행복이라면, 그게 곧 저의 행복이기도 하니까요.	N	2022-07-11 02:21:44	2022-11-08 04:13:43
BE22007656	10	1	아이의 자유로운 선택을 존중하는 당신의 태도는 정말 본받아야겠다고 느껴요. 그런 당신의 교육 태도가 아이의 역량을 한층 넓혀주었다는 생각이 드네요. 당신은 부모로서의 역할을 정말 훌륭하고 멋지게 해내고 있어요.	N	2022-07-11 02:21:44	2022-11-08 04:13:43
BE22007656	11	0	그런 말을 해주시다니, 감사해서 몸 둘 바를 모르겠네요. 좋은 성과를 얻은 건 딸인데 칭찬은 제가 받으니 쑥스러운걸요.	N	2022-07-11 02:21:44	2022-11-08 04:13:43
BE22007656	12	1	당신도 칭찬받아 마땅한걸요. 아이도 당신의 든든한 지지와 응원 덕에 그만큼 성장할 수 있었을 거예요. 스스로에게 충분히 자부심을 가져도 좋아요.	N	2022-07-11 02:21:44	2022-11-08 04:13:43
BE22007656	13	0	당신의 말에 큰 감동을 받았어요. 당신 덕에 저 자신이 무척이나 뿌듯하게 느껴져요.	N	2022-07-11 02:21:44	2022-11-08 04:13:43
BE22007656	14	1	물론이죠. 앞으로도 따님과 당신의 행보가 더 기대가 되는걸요. 저 또한 따님의 합격을 진심으로 축하하고, 응원의 말을 전해주고 싶어요.	N	2022-07-11 02:21:44	2022-11-08 04:13:43
BE22007656	15	0	물론이죠. 제 딸도 축하를 받아 감사해할 거예요. 당신의 응원 덕분에 얼마나 기쁘고 자신감이 샘솟는지 몰라요.	Y	2022-07-11 02:21:44	2022-11-08 04:13:43
