id	utterance_id	utterance_type	utterance_text	terminate	regDate	updDate
BE22001333	1	0	친구 생일이 곧 다가오는데 어떤 선물을 해야 할지 모르겠어.	N	2022-06-15 00:05:12	2022-11-08 03:33:02
BE22001333	2	1	친구가 좋아하는 게 어떤 건지 생각해봤어? 아니면 필요한 거라든지.	N	2022-06-15 00:05:12	2022-11-08 03:33:02
BE22001333	3	0	그걸 잘 모르겠어. 그동안 시댁이나 친정 어른들께만 선물을 드리다가 친구한테 선물하는 건 정말 오랜만이거든.	N	2022-06-15 00:05:12	2022-11-08 03:33:02
BE22001333	4	1	그렇지. 결혼해서 살다보면 어른들부터 챙기게 되지. 나부터도 그렇게 되더라고.	N	2022-06-15 00:05:12	2022-11-08 03:33:02
BE22001333	5	0	내가 최근에 좀 힘든 일이 있었는데 친구가 자주 시간 내서 나하고 만나 얘기도 들어주고 그랬거든.	N	2022-06-15 00:05:12	2022-11-08 03:33:02
BE22001333	6	1	고마운 마음에 뭔가 특별한 선물을 하고 싶은 거구나?	N	2022-06-15 00:05:12	2022-11-08 03:33:02
BE22001333	7	0	응. 받았을 때 정말 좋아하는 모습을 보고 싶어.	N	2022-06-15 00:05:12	2022-11-08 03:33:02
BE22001333	8	1	네가 주면 뭘 줘도 기쁘게 받을 것 같은데? 생각 해 본 건 있어?	N	2022-06-15 00:05:12	2022-11-08 03:33:02
BE22001333	9	0	핸드크림을 꼬박꼬박 바르더라고. 그리고 귀걸이도 좋아해. 그래서 핸드크림이나 귀걸이도 괜찮을 거 같은데 다른 건 생각이 잘 안 나네.	N	2022-06-15 00:05:12	2022-11-08 03:33:02
BE22001333	10	1	핸드크림은 내가 좋아하는 향이 아니면 받았을 때 오히려 안 좋을 수 있어. 귀걸이는 본인 취향을 네가 안다면 그건 괜찮을 것 같다.	N	2022-06-15 00:05:12	2022-11-08 03:33:02
BE22001333	11	0	아... 역시 선물 고르는 건 어렵네. 진짜 고민된다.	N	2022-06-15 00:05:12	2022-11-08 03:33:02
BE22001333	12	1	아니면 바디스크럽 제품 같은 건 어때? 이건 향이 나도 어짜피 샤워하면 날아가니까 덜 신경 쓰일 거 같은데.	N	2022-06-15 00:05:12	2022-11-08 03:33:02
BE22001333	13	0	바디스크럽은 뭐야? 난 처음 들어보는 건데.	N	2022-06-15 00:05:12	2022-11-08 03:33:02
BE22001333	14	1	아, 몸의 각질 제거용 크림이야. 그걸 몸에 문질러 씻어 주면 피부가 매끈해져서 나도 일주일에 한 번 정도 해.	N	2022-06-15 00:05:12	2022-11-08 03:33:02
BE22001333	15	0	아, 그런 게 있구나. 그럼 그걸로 알아볼까?	N	2022-06-15 00:05:12	2022-11-08 03:33:02
BE22001333	16	1	피부에 유해한 성분으로 되고 향이 너무 자극적이지 않은 거 검색 해 봐. 후기도 읽어 보면 선택하는 게 좀더 쉬워질 거야.	N	2022-06-15 00:05:12	2022-11-08 03:33:02
BE22001333	17	0	덕분에 뭔가 실용적이면서 부담되지 않는 선물로 잘 고른 거 같아.	N	2022-06-15 00:05:12	2022-11-08 03:33:02
BE22001333	18	1	도움이 되었다면 다행이구. 친구 거 살 때 너도 하나 사서 사용 해 봐.	N	2022-06-15 00:05:12	2022-11-08 03:33:02
BE22001333	19	0	그래야겠다. 나도 사용 해 보면 그 제품이 어땠는지도 알 수 있고. 오늘 고마워.	Y	2022-06-15 00:05:12	2022-11-08 03:33:02
