id	utterance_id	utterance_type	utterance_text	terminate	regDate	updDate
BE22011136	1	0	저 오늘 7살짜리 아들이 족욕을 해 주었어요. 유치원에서 배웠는지 엄마한테 해주겠다며 고사리 손으로 해주는데 너무 행복해서 눈물이 다 나더라구요. 이런 기쁨이 세상에 존재하다니 너무 뿌듯하고 좋네요.	N	2022-07-23 06:43:16	2022-11-08 04:35:59
BE22011136	2	1	어머 그런 일이 정말 있긴 있군요. 너무 귀엽고 대견한 아이네요. 세상에 얼마나 행복하고 기쁘셨을까 가늠도 안 되네요.	N	2022-07-23 06:43:16	2022-11-08 04:35:59
BE22011136	3	0	저 정말 아기 태어나고 5년이라는 시간 동안 단 하루도 빼지 않고 아이를 씻겨왔거든요. 그 아이가 컸다고 이제 저를 씻겨주다니 믿어지지가 않네요.	N	2022-07-23 06:43:16	2022-11-08 04:35:59
BE22011136	4	1	정말 기쁜 일이죠. 엄마로서의 뿌듯함과 보람은 정말 말로 표현할 수가 없죠. 얼마나 사랑스러웠을지 듣는 것만으로도 가슴이 설레네요.	N	2022-07-23 06:43:16	2022-11-08 04:35:59
BE22011136	5	0	마치 영화의 한 장면같이 느껴지고 내가 주인공이 된 느낌이었어요. 고슴도치 엄마라 그런지 그 순간만큼은 내 아들이 세상에서 제일 멋지게 보이더라구요.	N	2022-07-23 06:43:16	2022-11-08 04:35:59
BE22011136	6	1	와 정말 그랬겠네요. 저는 아이가 없는데도 그런 상상을 해 보면 너무 행복할 것 같아요. 그런데 심지어 영화도 아닌 현실에서 내가 그 일을 겪는다면 너무 감격스러울 것 같아요.	N	2022-07-23 06:43:16	2022-11-08 04:35:59
BE22011136	7	0	우리 아이 원래 참 기특한 행동을 많이 하기도 했고 키울 때 순해서 너무 수월했어요. 그런 아이가 이젠 이런 호강까지 시켜주니 저는 정말 행복한 엄마가 맞나봐요.	N	2022-07-23 06:43:16	2022-11-08 04:35:59
BE22011136	8	1	아이가 타고난 성품도 좋지만 아이 엄마가 얼마나 정성들여 키우셨으면 그렇게 멋지게 잘 자랐겠어요. 정서적으로 안정시켜주시고 사랑을 엄청 많이 받은 티가 나요. 너무 훌륭하고 멋진 엄마세요.	N	2022-07-23 06:43:16	2022-11-08 04:35:59
BE22011136	9	0	그렇게 말씀해주시니 몸 둘 바를 모르겠지만 기분은 날아갈 것 같네요. 좋은 엄마라는 칭찬은 들어도 들어도 기분이 좋아요.	N	2022-07-23 06:43:16	2022-11-08 04:35:59
BE22011136	10	1	그럼요. 너무 좋은 엄마죠. 쌓아온 헌신과 사랑이 있기 때문에 작은 일에도 크게 감동하고 감격하고 그런 거 아닐까 싶어요.	N	2022-07-23 06:43:16	2022-11-08 04:35:59
BE22011136	11	0	너무 자랑하는 거 같아서 부끄러웠는데 그렇게 말씀해주시니 너무 행복하네요. 아기 낳고 오늘 몇 손가락 안에 드는 행복한 날 같아요.	N	2022-07-23 06:43:16	2022-11-08 04:35:59
BE22011136	12	1	하하. 저라도 동네방네 자랑하고 다녔을걸요. 아이 자랑은 해도 해도 모자라게 느껴지죠. 그 고생하신 거 알아서 저도 너무 감격스럽네요.	N	2022-07-23 06:43:16	2022-11-08 04:35:59
BE22011136	13	0	이렇게 제 마음을 잘 알아주시고 받아주시니 너무 감사하고 기분이 좋네요. 마음껏 자랑할 수 있는 인연이 있다는 것도 정말 행운인 것 같아요.	N	2022-07-23 06:43:16	2022-11-08 04:35:59
BE22011136	14	1	그렇게 생각해주시면 제가 더 기쁘네요. 앞으로도 성장해가며 아름다운 순간들 함께 나눠주세요.	N	2022-07-23 06:43:16	2022-11-08 04:35:59
BE22011136	15	0	너무 고마워요. 덕분에 오늘의 행복이 배가 되었어요. 감사합니다.	Y	2022-07-23 06:43:16	2022-11-08 04:35:59
