id	utterance_id	utterance_type	utterance_text	terminate	regDate	updDate
BE22006018	1	0	오늘 정말 행복한 날입니다. 드디어 큰 프로젝트를 마무리하고 일주일 유급휴가를 받았어요.	N	2022-07-04 07:51:44	2022-11-08 04:03:08
BE22006018	2	1	너무 좋은 소식으로군요. 정말 축하드립니다 감정화자님. 그간의 노력을 보상받는 기분이시겠어요.	N	2022-07-04 07:51:44	2022-11-08 04:03:08
BE22006018	3	0	그러게나 말입니다. 프로젝트가 잘 마무리되어서 다행일 따름이에요. 그동안 많이 힘들었거든요. 드디어 유급휴가를 받게 되어 정말 너무 기쁩니다.	N	2022-07-04 07:51:44	2022-11-08 04:03:08
BE22006018	4	1	굉장히 기분 좋으시겠어요. 감정화자님이 기분이 좋으시다니 오랜만에 좋은 소식을 듣는 저도 덩달아 기분이 좋아지네요.	N	2022-07-04 07:51:44	2022-11-08 04:03:08
BE22006018	5	0	너무 좋죠. 유급휴가 동안 푹 쉬면서 여유를 즐길 생각에 신나네요. 가족들과 여행도 가기로 했거든요. 굉장히 행복한 휴가기간이 될 것 같아요.	N	2022-07-04 07:51:44	2022-11-08 04:03:08
BE22006018	6	1	프로젝트를 끝내고 당당하게 돌아온 아버지가 얼마나 자랑스러울까요? 그간 고생 정말 많으셨습니다. 여행을 떠남으로써 그간의 노력을 보상받으시겠어요.	N	2022-07-04 07:51:44	2022-11-08 04:03:08
BE22006018	7	0	게다가 유급휴가라서 마음이 더 편하죠. 이날이 오기만을 정말 기다렸는데 막상 오니 생각보다 더 행복하네요.	N	2022-07-04 07:51:44	2022-11-08 04:03:08
BE22006018	8	1	얼마나 기쁘시겠어요. 듣는 저의 얼굴에도 절로 미소가 지어지는데요. 하하.	N	2022-07-04 07:51:44	2022-11-08 04:03:08
BE22006018	9	0	그런가요? 하하. 같이 기뻐해주시니 너무 좋네요. 이번에 프로젝트가 종료되고 칭찬도 많이 받았습니다.	N	2022-07-04 07:51:44	2022-11-08 04:03:08
BE22006018	10	1	그간의 노력이 빛을 발하는 순간이라고 생각합니다. 그동안 정말 노력 많이 하셨잖아요. 좋은 평가를 받으셔서 더더욱 기쁘시겠네요.	N	2022-07-04 07:51:44	2022-11-08 04:03:08
BE22006018	11	0	더할 나위 없이 기쁘죠. 약 이틀간은 집에서 편하게 밀린 잠을 청하려고 합니다. 잠보다 좋은 것은 없으니까요.	N	2022-07-04 07:51:44	2022-11-08 04:03:09
BE22006018	12	1	그동안 못 주무신 잠 편하게 주무실 수 있겠어요. 공감화자님이 기분 좋아하시니 저도 덩달아 너무 행복합니다. 오늘 이날을 아주 제대로 즐기셨으면 좋겠어요.	N	2022-07-04 07:51:44	2022-11-08 04:03:09
BE22006018	13	0	공감화자님이 맞장구 쳐주신 덕분이죠. 오늘 행복한 상태로 잠에 들 수 있을 것 같습니다.	N	2022-07-04 07:51:44	2022-11-08 04:03:09
BE22006018	14	1	휴가 동안 정말 즐거운 시간 보내시고, 행복한 나날들 되시기를 진심으로 기원합니다. 오늘 푹 쉬시고요. 유급휴가 다시 한번 축하드려요.	N	2022-07-04 07:51:44	2022-11-08 04:03:09
BE22006018	15	0	끝까지 저를 감동시키시네요. 너무 고맙습니다 공감화자님.	Y	2022-07-04 07:51:44	2022-11-08 04:03:09
