id	utterance_id	utterance_type	utterance_text	terminate	regDate	updDate
BE22005467	1	0	점심 먹고 과장님이 선물해준 기프티콘으로 아이스크림을 사 먹었는데 너무 신나네요. 하물며 하나에 오천 원짜리를 사 먹었어요. 대박이죠?	N	2022-06-30 21:24:22	2022-11-08 03:59:38
BE22005467	2	1	우와! 진짜 대박이네요. 저는 제 돈으로 한 번도 그렇게 비싼 아이스크림을 사 먹어 본 적이 없는 거 같아요. 너무 좋은데요 비싼 거 먹는 것도 신나는데 거기다 공짜라니 최고네요.	N	2022-06-30 21:24:22	2022-11-08 03:59:38
BE22005467	3	0	맞아요. 기분이 진짜 최고예요. 너무 신나고 기뻐서 춤이라도 추고 싶어요.	N	2022-06-30 21:24:22	2022-11-08 03:59:38
BE22005467	4	1	저라도 그럴 거 같아요. 그렇게 고가의 아이스크림을 먹는다면 진짜로 앞에서 춤을 출 거예요. 오전에 일이 너무 쏟아져서 버겁다고 하셨는데, 달달한 아이스크림 먹고 기쁘다고 하니 저도 좋네요.	N	2022-06-30 21:24:22	2022-11-08 03:59:38
BE22005467	5	0	그런가 봐요. 오전에 평소보다 일이 두 배 정도 많았어요. 그래서 물 한잔도 못 마시고 화장실도 못 가고 일했거든요.	N	2022-06-30 21:24:22	2022-11-08 03:59:38
BE22005467	6	1	과장님께서 감정화자씨가 너무 열심히 일하시니까 힘내시라고 응원의 기프티콘을 보내신 거 같네요. 너무 좋겠어요. 가격을 떠나서 누군가 날 그렇게 챙겨주면 행복할 거 같아요.	N	2022-06-30 21:24:22	2022-11-08 03:59:38
BE22005467	7	0	맞아요. 비싼 아이스크림 사 먹는 것도 너무 기쁜데. 공감화자씨 말처럼 과장님이 제 상황을 파악하고 힘내라고 해주시는 것 같아서 더 행복하네요.	N	2022-06-30 21:24:22	2022-11-08 03:59:38
BE22005467	8	1	평소에도 감정화자씨는 일 밀리지도 않고 하물며 주변까지 도와주면서 성실히 하잖아요. 과장님이 다 알고 특별히 감정화자씨만 챙겨주신 걸 거예요. 오전에도 저희 팀에 와서 얼마나 감정화자씨 칭찬을 하셨는지 몰라요.	N	2022-06-30 21:24:22	2022-11-08 03:59:38
BE22005467	9	0	정말요? 저는 과장님이 저를 그렇게 아끼시는지 몰랐어요. 공감화자씨 얘기 듣고 보니 정말 저를 많이 챙겨주시는 것 같네요. 뭔가 제가 열심히 하는 게 인정받는 거 같고 너무 기쁘네요.	N	2022-06-30 21:24:22	2022-11-08 03:59:38
BE22005467	10	1	그러니깐요. 과장님이 아무나 기프티콘 보내고 그러시진 않으시잖아요. 분명히 감정화자씨가 너무 성실하고 일도 철저하게 잘해서 응원의 의미로 사주신 걸 거예요.	N	2022-06-30 21:24:22	2022-11-08 03:59:38
BE22005467	11	0	그렇게 생각하니까 기분이 더 좋은데요. 사실 오전에는 너무 힘들었는데 달달한 아이스크림 먹으면서 다시 기운이 났거든요. 근데 공감화자씨 얘기를 듣고 보니 과장님 마음이 느껴져서 더욱 기쁘네요.	N	2022-06-30 21:24:22	2022-11-08 03:59:38
BE22005467	12	1	달달한 아이스크림 먹으면 없던 기운도 번쩍 생기죠! 거기다 누군가 저를 챙겨주면 하늘을 나는 기분이 들 거 같아요. 하던 일도 더 집중해서 할 수 있을 거 같고요.	N	2022-06-30 21:24:22	2022-11-08 03:59:38
BE22005467	13	0	맞아요. 아이스크림 먹기 전까지는 오후는 어떻게 버티나 했는데 지금은 마음이 한결 가벼워요. 공감화자씨 말처럼 하늘을 나는 기분이에요.	N	2022-06-30 21:24:22	2022-11-08 03:59:38
BE22005467	14	1	감정화자씨 마음이 편안해졌다고 하니 너무 다행이네요. 오전에 너무 고생하셨어요. 오후에는 일이 좀 줄었으면 좋겠네요 힘내세요!	Y	2022-06-30 21:24:22	2022-11-08 03:59:38
