id	utterance_id	utterance_type	utterance_text	terminate	regDate	updDate
BE22011581	1	0	오늘부터는 먹고 싶은 거 다 먹을 수 있어!	N	2022-07-25 11:36:01	2022-11-08 04:38:51
BE22011581	2	1	체중을 조절한다고 관리하더니 이게 무슨 일이야!	N	2022-07-25 11:36:01	2022-11-08 04:38:51
BE22011581	3	0	코치님이 다음 시즌에는 체중을 좀 늘려서 체급을 다르게 가보자고 하더라고. 그래서 너무 기뻐, 그간 관리한다고 정말 힘들었는데 이제 맛있는 거 먹어야지!	N	2022-07-25 11:36:01	2022-11-08 04:38:51
BE22011581	4	1	정말이지 희소식이었겠다. 그간 참고 운동하느라 정말 고생했었잖아. 마음 놓고 음식 먹는 게 정말 오래간만이라 그 해방감에 정말 행복하겠다.	N	2022-07-25 11:36:01	2022-11-08 04:38:51
BE22011581	5	0	응, 어떤 걸 먼저 먹을지 상상하는 것만으로도 정말 행복해. 그간 못 먹었던 음식이 정말 많아서 고민조차도 즐거워.	N	2022-07-25 11:36:01	2022-11-08 04:38:52
BE22011581	6	1	봉인이 해제된 듯 진짜 홀가분한 마음이겠다. 맛있는 음식을 먹는 게 낙이었던 네가 얼마나 행복해할까? 상상하는 것만으로 나도 기분이 날아갈 것 같이 좋아지는걸?	N	2022-07-25 11:36:01	2022-11-08 04:38:52
BE22011581	7	0	응, 코치님이 체중 늘리자고 해주셔서 얼마나 기뻤는지 몰라. 나 이 세상에서 최고로 행복한 사람이 된 것 같아.	N	2022-07-25 11:36:01	2022-11-08 04:38:52
BE22011581	8	1	그간 네가 정말 열심히 했잖아. 시합을 위해서 혹독하게 관리하는 네가 대단해 보였었는데, 그간의 보상을 이렇게 받는구나!	N	2022-07-25 11:36:01	2022-11-08 04:38:52
BE22011581	9	0	고난의 나날이었지만 내 목표를 위해서라면 꾹 참고 달릴 수 있었지. 그래서 지금 정말 행복해.	N	2022-07-25 11:36:01	2022-11-08 04:38:52
BE22011581	10	1	너의 그 의지에 박수를 보낸다. 곁에서 지켜보는 나까지 얼마나 자극받았는지 몰라! 난 너에게 반한 1호 팬이라는 거 잊지 마!	N	2022-07-25 11:36:01	2022-11-08 04:38:52
BE22011581	11	0	당연하지, 너의 응원 덕분에 여기까지 왔는걸. 내 기쁨을 진심으로 공감해주는 네가 있어 더 기분이 좋아.	N	2022-07-25 11:36:01	2022-11-08 04:38:52
BE22011581	12	1	그런 거라면 온종일 응원할 수 있어. 그런 의미로 진짜 맛있는 거 사줄게!	N	2022-07-25 11:36:01	2022-11-08 04:38:52
BE22011581	13	0	와, 말이라도 정말 고맙다. 네가 있어서 더 힘이 나고 더 설레.	N	2022-07-25 11:36:01	2022-11-08 04:38:52
BE22011581	14	1	무슨 음식이든 말만 해 다 사줄 테니. 마음껏 먹고 행복한 네 얼굴 보는 것만으로 나는 배부를 것 같아.	Y	2022-07-25 11:36:01	2022-11-08 04:38:52
