id	utterance_id	utterance_type	utterance_text	terminate	regDate	updDate
BE22010099	1	0	오늘 남편이 좋아하는 돼지고기김치찌개를 만들었는데 맛있게 먹더라고요. 기분이 굉장히 좋았어요.	N	2022-07-19 05:59:06	2022-11-08 04:29:26
BE22010099	2	1	그러셨군요. 어떤 기분인지 알 것 같아요. 만들 때부터 맛있게 먹어주길 기대하셨을 텐데 얼마나 기쁘셨을까요.	N	2022-07-19 05:59:06	2022-11-08 04:29:26
BE22010099	3	0	네, 맞아요! 퇴근하고 돌아와서 좋아할 모습을 상상하면서 만들었거든요. 그랬는데 정말 그릇을 싹싹 비우니까 신이 나더라고요.	N	2022-07-19 05:59:06	2022-11-08 04:29:26
BE22010099	4	1	그러면 정말 기분이 좋죠! 잘 먹으면 신이 나고 다음에 또 하고 싶어지잖아요. 그러면 힘든 줄도 모르고 음식을 하게 되죠.	N	2022-07-19 05:59:06	2022-11-08 04:29:26
BE22010099	5	0	늘 간단한 요리만 했었는데 돼지고기김치찌개는 뭔가 제가 어른이 된 것 같은 기분마저 들게 하더라고요.	N	2022-07-19 05:59:06	2022-11-08 04:29:26
BE22010099	6	1	그 기분 저도 알아요! 엄마가 해주시던 음식이었는데 내가 하다니 하면서 스스로 놀랍기도 하고 대견한 기분이 들죠!	N	2022-07-19 05:59:06	2022-11-08 04:29:26
BE22010099	7	0	하하하, 그 말씀 들으니 스스로 대견한 기분 느낀 게 맞는 것 같아요. 배부르게 먹는 모습을 보니 어깨가 올라가는 기분이 들었거든요.	N	2022-07-19 05:59:06	2022-11-08 04:29:26
BE22010099	8	1	평소 워낙 다정하시고 곁에 있는 분들 챙기면서 기뻐하시는 성품이시라 더 그러셨을 거예요. 감정화자님 남편분은 정말 복 받으셨네요.	N	2022-07-19 05:59:06	2022-11-08 04:29:26
BE22010099	9	0	하하하, 그렇게 칭찬을 해 주시니 제가 너무 자랑했나 싶어지면서 쑥스럽기도 하네요. 저도 돼지고기김치찌개 하나 만들고 이렇게 흡족할 줄은 몰랐지만요.	N	2022-07-19 05:59:06	2022-11-08 04:29:26
BE22010099	10	1	요리가 사실 번거롭고 힘든 일이잖아요. 누군가를 생각하면서 만드는 요리는 특히나 정성이 많이 들어가니까 충분히 칭찬받으실 만해요. 생활 속에서 이렇게 기쁨을 찾으시는 모습이 참 보기 좋아요.	N	2022-07-19 05:59:06	2022-11-08 04:29:26
BE22010099	11	0	이렇게 칭찬받으니 갑자기 맛있게 먹은 남편도 칭찬해 주고 싶어지네요. 어깨가 솟다 못해 하늘로 붕 뜰 것 같아요.	N	2022-07-19 05:59:06	2022-11-08 04:29:26
BE22010099	12	1	하하하, 즐거워하시는 모습 또한 감정화자님답게 발랄하시네요. 감정화자님은 참 주변을 즐겁게 하시는 분이세요.	N	2022-07-19 05:59:06	2022-11-08 04:29:26
BE22010099	13	0	공감화자님께서 늘 저에게 긍정적인 에너지를 주셔서 제가 더 그럴 수 있는 것 같아요. 별거 아니라고 대꾸도 안 할 수 있는데 자기 일처럼 기뻐해 주시니 제가 두 배로 행복해져요.	N	2022-07-19 05:59:06	2022-11-08 04:29:26
BE22010099	14	1	아닙니다. 오히려 제가 감정화자님과 대화하면 기분이 좋아지는걸요. 저도 내일 저녁에는 돼지고기김치찌개를 만들어 보고 싶어지네요.	N	2022-07-19 05:59:06	2022-11-08 04:29:26
BE22010099	15	0	하하하, 좋죠! 이렇게 진심으로 대화해 주셔서 제가 얼마나 감사한지 모르겠어요. 다음번에는 또 어떤 걸로 즐거운 대화를 할지 기다려집니다!	Y	2022-07-19 05:59:06	2022-11-08 04:29:26
