id	utterance_id	utterance_type	utterance_text	terminate	regDate	updDate
BE22008178	1	0	오늘 정말 뿌듯한 일을 하고 왔어요.	N	2022-07-12 09:33:34	2022-11-08 04:17:00
BE22008178	2	1	어떤 일이었는지 물어봐도 될까요?	N	2022-07-12 09:33:34	2022-11-08 04:17:00
BE22008178	3	0	한 달에 한 번 헌혈을 꼭 하고 있거든요. 오늘도 오전에 헌혈하고 왔어요. 아직 조금 어지럽기는 한데 기분도 좋고 무척 뿌듯해요.	N	2022-07-12 09:33:34	2022-11-08 04:17:00
BE22008178	4	1	정말 뜻깊고 의미 있는 일을 하고 오셨네요. 한 달에 한 번이면 주기도 꽤 잦은 편인데 매번 다녀오시는 거예요?	N	2022-07-12 09:33:34	2022-11-08 04:17:00
BE22008178	5	0	네, 매번 그렇게 하고 있어요. 제가 사회에 도움이 되려면 뭘 할 수 있을까 고민하다가 찾은 방법이에요. 도움이 된다는 데서 오는 감사함이 있고, 뿌듯한 마음에서 오는 기쁨도 있어요.	N	2022-07-12 09:33:34	2022-11-08 04:17:00
BE22008178	6	1	많은 분에게 도움을 드리는 동시에 스스로 보람을 느낄 수 있는 일을 하고 계시는군요. 때때로 피곤하고 귀찮을 때도 있을 테지만 성실하게 다녀오시는 모습이 정말 멋지고 대단해요. 그 과정에서 기쁨을 얻는다는 것도 무척 좋은 일인 것 같아요.	N	2022-07-12 09:33:34	2022-11-08 04:17:00
BE22008178	7	0	그렇게 말씀해 주시니 부끄럽지만 뿌듯하네요. 이따금 우울하고 힘들 때도 제가 헌혈 봉사를 하고 있다는 걸 생각하면 마음을 다잡게 돼요. 건강하게 잘 지내면서 도움이 되고 싶다는 마음으로 힘을 내야지, 하는 생각이 있어요.	N	2022-07-12 09:33:34	2022-11-08 04:17:00
BE22008178	8	1	그 모든 것이 무엇보다 의미 있고 훌륭한 일이라고 생각해요. 늘 긍정적으로 생각하는 모습을 본받고 싶어요. 많은 이들을 위하는 귀한 마음이 좋은 곳에서 빛을 발하고 있네요.	N	2022-07-12 09:33:34	2022-11-08 04:17:00
BE22008178	9	0	사실 헌혈을 시작하게 된 건 무척 사소한 계기였어요. 헌혈하면 선물을 준다고 해서 한 거였거든요. 그렇게 말해 주시니 기쁨이 두 배로 늘어나는 기분이네요.	N	2022-07-12 09:33:34	2022-11-08 04:17:00
BE22008178	10	1	처음에는 가벼운 마음으로 시작하셨던 게 꾸준한 습관이 되었나 봐요. 그렇게 지나칠 수도 있었을 테지만 결심을 굳히고 습관으로 만든 것도 훌륭한 일이라고 생각해요.	N	2022-07-12 09:33:34	2022-11-08 04:17:00
BE22008178	11	0	몸 상태에 따라서 헌혈 조건을 맞출 수 없는 분들도 많다고 하더라고요. 제가 그나마 건강한 편이어서 도움이 될 수 있던 것 같아요. 이렇게 할 때마다 선물을 받게 되는데, 저에게는 그것도 소소한 기쁨이에요.	N	2022-07-12 09:33:34	2022-11-08 04:17:00
BE22008178	12	1	매번 불편을 감수하면서도 도움을 주신 덕분에 많은 분이 안도하셨을 거예요. 저도 따라서 감사하게 되네요.	N	2022-07-12 09:33:34	2022-11-08 04:17:00
BE22008178	13	0	그렇게 말씀해 주셔서 고마워요. 저는 이제 조금 더 쉬러 가야겠어요.	N	2022-07-12 09:33:34	2022-11-08 04:17:00
BE22008178	14	1	네, 남은 하루도 즐겁게 보내세요.	Y	2022-07-12 09:33:34	2022-11-08 04:17:00
