id	utterance_id	utterance_type	utterance_text	terminate	regDate	updDate
BE22010664	1	0	지금 키즈카페에 난생처음 아이를 데리고 왔는데, 아이가 너무 재미있게 놀아서 감동이 밀려오고 있어요. 진짜 아이 낳은 이후로 최고로 기쁜 날이네요.	N	2022-07-21 02:10:49	2022-11-08 04:33:00
BE22010664	2	1	어머, 벌써 그렇게 컸어요? 얼마 전에 돌 지난 것 같은데 벌써 키즈카페라니. 너무 귀엽고 예쁘겠어요.	N	2022-07-21 02:10:49	2022-11-08 04:33:00
BE22010664	3	0	네, 벌써 그렇게 많이 컸네요. 기저귀 갈며 젖먹이며 밤을 지새우던 시간이 끝나지 않을 것 같았는데 이렇게 키즈카페에 놀러 오다니. 정말 꿈만 같아요.	N	2022-07-21 02:10:49	2022-11-08 04:33:00
BE22010664	4	1	하하. 아이보다 엄마가 훨씬 기쁠 것 같아요. 뭔가 뿌듯하고 자랑스럽고 행복하고 여러 가지 벅찬 감정이 밀려오겠어요.	N	2022-07-21 02:10:49	2022-11-08 04:33:00
BE22010664	5	0	그러니까요. 이제 겨우 돌 지났는데 다 키운 느낌이 들어요. 적어도 이제 아장아장 걷기도 하고 의사 표현도 하고 그러니 훨씬 편해진 느낌이에요.	N	2022-07-21 02:10:49	2022-11-08 04:33:01
BE22010664	6	1	요즘엔 키즈카페, 참 잘 만들어 놓았더라고요. 아기들도 엄마들도 정말 재미있게 지낼 수 있는 공간인 듯해요.	N	2022-07-21 02:10:49	2022-11-08 04:33:01
BE22010664	7	0	네, 이유식도 같이 파니 너무 편하고 기저귀 가는 곳도 너무 깔끔하게 잘 되어 있어요. 마음 같아선 매일 오고 싶네요. 너무 행복해요.	N	2022-07-21 02:10:49	2022-11-08 04:33:01
BE22010664	8	1	잘하셨어요. 감정화자님만큼 아이를 위해 다양한 환경에 데려가며 재미나게 키우는 엄마를 아직 만나지 못했어요. 키즈카페까지 진출하다니, 아이는 정말 행복할 것 같아요.	N	2022-07-21 02:10:49	2022-11-08 04:33:01
BE22010664	9	0	저도 아직 아이가 어린 건가 싶은 마음에 조심스럽게 왔는데 제 기우였어요. 이렇게 좋아할 줄은 정말 몰랐다니까요.	N	2022-07-21 02:10:49	2022-11-08 04:33:01
BE22010664	10	1	자연환경도 좋지만 이렇게 놀잇감 많은 시설에 가는 것도 아이들이 너무 좋아하더라고요. 저도 아이들 어릴 때 그런 곳이 있었다면 좋았을 텐데 정말 부럽네요.	N	2022-07-21 02:10:49	2022-11-08 04:33:01
BE22010664	11	0	이제 슬슬 친구도 만들 시간이 된 것 같아요. 아까도 비슷한 또래의 아이들과 재미나게 놀더라고요.	N	2022-07-21 02:10:49	2022-11-08 04:33:01
BE22010664	12	1	낯도 안 가리고 친구까지 만들다니 사교성이 매우 훌륭한 아이예요. 역시 엄마를 닮은 것 같아요.	N	2022-07-21 02:10:49	2022-11-08 04:33:01
BE22010664	13	0	하하. 그런가요. 칭찬해주시니 머쓱하네요. 그래도 오늘은 기분이 최고예요. 앞으로 정말 자주 오려고 해요.	N	2022-07-21 02:10:49	2022-11-08 04:33:01
BE22010664	14	1	네, 정말 좋은 시간 보내시길 바라요. 이제까지 키우느라 고생한 거 다 잊으시고 오늘 하루 정말 즐겁게 보내세요.	N	2022-07-21 02:10:49	2022-11-08 04:33:01
BE22010664	15	0	감사합니다. 사진도 몇 장 보내드릴게요. 아주 아이 입이 귀에 걸렸는데 너무 귀여워요.	N	2022-07-21 02:10:49	2022-11-08 04:33:01
BE22010664	16	1	정말 예쁘겠어요. 꼭 보내주세요. 잊지 못할 추억을 나눠주셔서 감사해요. 제가 다 행복해지네요.	Y	2022-07-21 02:10:49	2022-11-08 04:33:01
