id	utterance_id	utterance_type	utterance_text	terminate	regDate	updDate
BE22009337	1	0	나 오늘 정말 기쁜 일이 있었어.	N	2022-07-16 06:09:48	2022-11-08 04:24:28
BE22009337	2	1	무슨 일인지 정말 궁금한걸.	N	2022-07-16 06:09:48	2022-11-08 04:24:28
BE22009337	3	0	예전부터 지켜보던 유기견을 입양해서 가족으로 받아들였거든. 정말이지 기분이 너무 좋아서 하늘을 날아갈 것만 같아!	N	2022-07-16 06:09:48	2022-11-08 04:24:28
BE22009337	4	1	오. 정말? 잘 됐다! 기분 정말 좋았겠네. 전부터 강아지를 꼭 데려오고 싶다고 했었잖아. 드디어 네가 바라던 소원이 이루어진 날이네.	N	2022-07-16 06:09:48	2022-11-08 04:24:28
BE22009337	5	0	응. 맞아. 이게 꿈인지 생시인지 모르겠어. 아까부터 계속 볼을 꼬집고 있다니까. 마치 구름 위를 걷는 것처럼 너무 행복하고 기쁜 거 같아.	N	2022-07-16 06:09:48	2022-11-08 04:24:28
BE22009337	6	1	네가 그렇게 좋아하는 모습을 보니 나까지 기분이 좋아진다. 정말 감격스러운 기분까지 들 거 같아. 벅차오른 가슴이 쉽게 가라앉지도 않고 말이야.	N	2022-07-16 06:09:48	2022-11-08 04:24:28
BE22009337	7	0	응. 맞아. 아직도 얼떨떨한 기분이고 정말 믿기지 않아. 강아지를 보고만 있어도 실실 웃음이 나와. 귀에 걸린 입이 내려오질 않고 있어.	N	2022-07-16 06:09:48	2022-11-08 04:24:28
BE22009337	8	1	네가 얼마나 신났는지 잘 알겠어, 내가 다 흐뭇한 기분이 든다. 정말 흡족할 거 같아. 활기차 보이는 네 모습 훨씬 보기 좋아 벌써 강아지가 복덩이가 된 거 같네.	N	2022-07-16 06:09:48	2022-11-08 04:24:29
BE22009337	9	0	응. 맞아. 나에게 축복이 내려온 것만 같아. 처음엔 너무 행복해서 기쁨의 눈물을 막 흘렸어. 정말 짜릿하기까지 하고 황홀한 기분이라니까.	N	2022-07-16 06:09:48	2022-11-08 04:24:29
BE22009337	10	1	네 마음 충분히 이해 가. 나도 전부터 바라던 소원이 이루어진다면 들뜬 마음이 사라지지 않을 거 같아. 마음도 가벼워지고 모든 게 평화로워 보일 거 같은데?	N	2022-07-16 06:09:48	2022-11-08 04:24:29
BE22009337	11	0	맞아. 난 아직도 심장이 두근두근해서 터져버릴 것만 같아. 이 세상 모든 게 아름다워 보이기까지 한달까! 오늘만큼은 누가 뭐라 해도 기분이 좋을 거 같아.	N	2022-07-16 06:09:48	2022-11-08 04:24:29
BE22009337	12	1	응. 정말 상쾌해 보여서 네가 부러울 정도야. 말로는 표현할 수 없는 기쁨을 느끼고 있는 거 같네. 온몸에 전율이 느껴지는 것처럼 말이야.	N	2022-07-16 06:09:48	2022-11-08 04:24:29
BE22009337	13	0	맞아. 나 정말 우리 집 강아지한테 사랑을 엄청나게 퍼부어 줄 거야. 나에게 이렇게 행복할 수 있다는 걸 알려줬으니까 말이야. 앞으로 모든 날이 선물일 거야!	N	2022-07-16 06:09:48	2022-11-08 04:24:29
BE22009337	14	1	난 네가 유기견을 입양한 게 정말 어려운 결정이었다고 생각해. 책임감도 막중했을 텐데 네 예쁜 마음씨가 감동적이기까지 해. 그래서 난 꼭 너에게 박수를 보내주고 싶다 대단해.	N	2022-07-16 06:09:48	2022-11-08 04:24:29
BE22009337	15	0	응. 무슨 일이 있어도 꼭 끝까지 책임질 거야. 얘기 들어줘서 고마워.	Y	2022-07-16 06:09:48	2022-11-08 04:24:29
