id	utterance_id	utterance_type	utterance_text	terminate	regDate	updDate
BE22011410	1	0	잘 지내시나요? 저는 요즘 날씨가 너무 더워서 체력에 한계를 느꼈어요. 선생님은 괜찮으신가요?	N	2022-07-25 02:14:49	2022-11-08 04:37:43
BE22011410	2	1	많이 힘드신 가보네요. 저 역시 이번 여름 더위가 부쩍 힘들어지고 있었습니다. 이제 여름의 초입이라는 게 믿어지지 않는 날씨네요.	N	2022-07-25 02:14:49	2022-11-08 04:37:43
BE22011410	3	0	네, 정말 그래요. 자꾸 지쳐서 저는 한약을 조제받아 먹고 있어요. 다른 문제가 있는 건 아닌가 싶어서 걱정했는데 다행히 별다른 문제는 없다고 해서 마음이 가벼워졌어요.	N	2022-07-25 02:14:49	2022-11-08 04:37:43
BE22011410	4	1	그러셨군요. 한약을 지어 먹을 정도면 극심한 피로를 느끼셨나 보네요. 일하랴 아이 돌보랴 저라도 지칠 것 같아요. 그래도 큰 문제는 없으시다니 정말 안심이 되셨겠어요.	N	2022-07-25 02:14:49	2022-11-08 04:37:43
BE22011410	5	0	사실 한약을 지어 먹는다는 게 사치를 부르는 것 같고 효과를 의심하기도 했거든요. 그런데 제가 요즘 효과를 확실히 느끼고 있어서 기분이 좋아지네요. 고민했지만 잘했다 싶기도 해요.	N	2022-07-25 02:14:49	2022-11-08 04:37:43
BE22011410	6	1	한약이 가격이 있다 보니 고민 많이 하셨을 것 같아요. 검소하신 성격이시니 당연히 사치하는 것은 원치 않으셨겠죠. 그래도 효과가 있다니 불편했던 마음이 편안해지셨겠다 싶네요.	N	2022-07-25 02:14:49	2022-11-08 04:37:43
BE22011410	7	0	네. 맞아요. 건강 걱정도 되고 돈 걱정도 되다 보니 기운도 빠지고 마음도 우울했었거든요. 그런데 몸이 가벼워지는 게 느껴져서 활기고 생기도 의욕도 솟아요. 그러다 보니 기분도 즐거워지네요.	N	2022-07-25 02:14:49	2022-11-08 04:37:43
BE22011410	8	1	문자만 봐도 저까지 기분이 좋아지네요. 저도 한약을 지어 먹을까 하는 생각이 들 정도인데요. 긍정적인 에너지가 느껴져서 덩달아 즐거워집니다.	N	2022-07-25 02:14:49	2022-11-08 04:37:43
BE22011410	9	0	몸이 힘든 게 이렇게까지 기분과 의욕에 영향을 주는지 이번에 확실히 느꼈습니다. 제가 힘들었다가 나아지니까 주변과 긍정적인 에너지를 나누고 싶다는 생각마저 들어요.	N	2022-07-25 02:14:49	2022-11-08 04:37:43
BE22011410	10	1	그동안에도 느끼긴 했지만 선생님은 참 이타적인 분이시네요. 다시 한번 느낍니다. 선생님 같은 분들만 계시다면 주변이 다 밝아질 것 같습니다.	N	2022-07-25 02:14:49	2022-11-08 04:37:43
BE22011410	11	0	하하하, 과찬이세요. 한약 한 재로 이렇게 기운이 날 수 있겠나 싶어서 생각을 좀 해봤거든요. 아무래도 저한테 뭔가를 해줬다는 부분에서 기운이 더 나는 것 같긴 하더라고요. 그래서 선생님과도 나누고 싶어졌습니다.	N	2022-07-25 02:14:49	2022-11-08 04:37:43
BE22011410	12	1	맞아요. 그동안 선생님은 본인은 챙기실 여유가 없으셨죠. 그래서 더 크게 활기를 느끼시는 것 같네요. 저 역시 그리길 바라셔서 연락을 주신 것 같은데 그러신 거죠?	N	2022-07-25 02:14:49	2022-11-08 04:37:43
BE22011410	13	0	네, 꼭 한약이 아니더라도 자신에게 선물을 하나 하는 게 아주 유용한 방법인 것 같아요. 이렇게 기분이 좋아진다면 일 년에 한두 번은 꼭 이런 기회를 만들어야겠다 싶고 알리고 싶네요.	N	2022-07-25 02:14:49	2022-11-08 04:37:43
BE22011410	14	1	힘드셨을 텐데 제 생각까지 해주시는 선생님께 정말 감사드리고 싶습니다. 참 마음이 따뜻한 분이세요.	N	2022-07-25 02:14:49	2022-11-08 04:37:43
BE22011410	15	0	기쁜 마음을 나누면 두 배가 된다고 하잖아요. 선생님께도 제 긍정적인 기운을 드릴 수만 있다면 더 이상 기쁠 수 없을 것 같아요. 다음번에도 또 활기찬 에너지 전하러 문자 드리겠습니다.	Y	2022-07-25 02:14:49	2022-11-08 04:37:43
