id	utterance_id	utterance_type	utterance_text	terminate	regDate	updDate
BE22014268	1	0	하, 나 지금 너무 화가 나 죽겠어.	N	2022-08-16 03:07:00	2022-08-16 03:07:00
BE22014268	2	1	무슨 일이길래 그래?	N	2022-08-16 03:07:00	2022-08-16 03:07:00
BE22014268	3	0	친구들이랑 오늘 캠핑장에서 1박 2일로 놀기로 했거든. 근데 친구 한 명이 캠핑장에 고양이를 데리고 왔어. 놀기로 했는데 저 고양이도 챙겨야 해서 성가시고 화가 나.	N	2022-08-16 03:07:00	2022-08-16 03:07:00
BE22014268	4	1	저런, 네 입장에서 충분히 화가 날 수밖에 없는 일이다. 친구가 그걸 미리 알려줬으면 이렇게 화가 날 일도 없었을 텐데 말이야. 나였어도 이게 무슨 일인가 싶어서 화가 났을 것 같아.	N	2022-08-16 03:07:00	2022-11-08 04:55:49
BE22014268	5	0	응, 고양이다 보니까 다른 위험한 데 가지는 않는지 우리도 같이 보살펴야 해. 하, 진짜 마음 놓고 놀지 못할 생각 하니까 고양이가 너무 성가셔 죽겠어.	N	2022-08-16 03:07:00	2022-11-08 04:55:49
BE22014268	6	1	아무래도 귀찮고 번거로운 일이지. 나도 예전에 친구들이랑 호텔에서 하룻밤 놀 때 친구 하나가 딸을 데리고 온 적이 있었거든. 그래서 네가 지금 얼마나 성가셔하는지 이해가 가.	N	2022-08-16 03:07:00	2022-11-08 04:55:49
BE22014268	7	0	하, 친구 지금도 고양이 돌본다고 우리랑 제대로 대화도 안 나눠. 저럴 거면 우리랑 왜 놀러 왔는지 모르겠어.	N	2022-08-16 03:07:00	2022-08-16 03:07:00
BE22014268	8	1	모처럼 놀러 간 캠핑장인데 네가 기분이 안 좋은 게 느껴져서 내가 다 걱정이 돼. 그래도 우리 지금의 화를 잊고 단순히 생각하면서 놀아보는 게 어떨까? 행복한 일도 펼쳐질 텐데 하루를 그렇게 망치면 너무 억울하잖아.	N	2022-08-16 03:07:00	2022-11-08 04:55:49
BE22014268	9	0	아, 고양이를 보기만 해도 너무 성가시고 화가 나는걸. 이틀 내내 같이 있을 생각 하니까 너무 골치 아파.	N	2022-08-16 03:07:00	2022-11-08 04:55:49
BE22014268	10	1	그렇게 감정이 격할 때는 한걸음 물러서서 치밀어 오르는 화를 일단 참아보자. 그리고 그럴만한 사정이 있을 거라 생각하고 억지로라도 상대방의 입장을 이해해보는 거야. 그럴 수도 있지라며 마음을 달리 먹는 게 화를 진정할 때 도움이 될 거야.	N	2022-08-16 03:07:00	2022-11-08 04:55:49
BE22014268	11	0	아, 그렇게 말해주니까 한결 마음이 나아져. 아무래도 내가 너무 화가 나서 아무 생각도 못 했나 봐.	N	2022-08-16 03:07:00	2022-08-16 03:07:00
BE22014268	12	1	응, 그리고 상상한 것보다 신나는 일이 벌어질 수도 있는걸. 오히려 고양이랑 함께 놀면 더 즐거울지도 몰라. 예상치 못한 일들에 대한 즐거움을 누려봐!	N	2022-08-16 03:07:00	2022-11-08 04:55:49
BE22014268	13	0	응, 나도 내가 너무 편견을 가지고 화를 냈던 것 같아. 오히려 더 재미나게 시간을 보낼 수도 있겠네! 날 진정시켜줘서 고마워!	N	2022-08-16 03:07:00	2022-08-16 03:07:00
BE22014268	14	1	아냐, 금방 기운을 차린 것 같아서 다행이야! 남은 시간 잘 보내기를 바랄게!	N	2022-08-16 03:07:00	2022-11-08 04:55:49
BE22014268	15	0	응, 덕분에 즐거운 하루가 될 것 같아. 정말 고마워!	Y	2022-08-16 03:07:00	2022-08-16 03:07:00
