id	utterance_id	utterance_type	utterance_text	terminate	regDate	updDate
BE22015813	1	0	언니, 어제저녁에 회사 동료하고 식당에서 밥 먹다가 국에서 머리카락이 나왔어. 그런데 주인은 자기네 것이 아니라고 그러는 거야.	N	2022-08-26 04:27:41	2022-11-08 05:05:24
BE22015813	2	1	어머, 그런 상식 밖의 식당이 있니? 식사 중에 머리카락이 나오는 것도 참 불쾌한 일인데 그런 변명을 하니 너 많이 당황했겠다.	N	2022-08-26 04:27:41	2022-11-08 05:05:24
BE22015813	3	0	응 정말 말문이 막히는 일이었어. 머리카락이 자기네 것이 아니라면 내 것이라는 뜻인데 기분이 너무 나쁘더라고. 당황스럽고 순간 멍해서 말문이 막히는 거야.	N	2022-08-26 04:27:41	2022-11-08 05:05:24
BE22015813	4	1	큰 소리도 안 내고 그냥 나왔구나? 나도 식사하다가 그런 적이 있었거든. 주인이 와서 미안해하면서 사과를 하던데 네가 겪은 일은 좀 뜻밖이다.	N	2022-08-26 04:27:41	2022-11-08 05:05:24
BE22015813	5	0	나도 어제 주인이 와서 깜짝 놀라면서 사과할 줄 알았어. 하루가 지났는데 여전히 마음이 불편해. 이제 당분간은 다른 식당에도 가기 싫은 것 같아.	N	2022-08-26 04:27:41	2022-11-08 05:05:24
BE22015813	6	1	충격이 컸으니까 네가 그렇게 생각할 만도 하지. 나였어도 다른 식당은 눈에도 안 들어왔을 것 같아. 마음이 쓰이고 답답할 것 같은데 좀 어때?	N	2022-08-26 04:27:41	2022-11-08 05:05:24
BE22015813	7	0	내가 추천해서 간 식당이다 보니 동료 앞에서 민망해서 그랬지. 그래서 좀 참았는데 생각하니까 분한 마음이 들어. 지금은 다시 가서 사과받을까 하고 있어.	N	2022-08-26 04:27:41	2022-11-08 05:05:24
BE22015813	8	1	내가 아는 너는 모든 순간에서 현명한 선택을 할 수 있는 사람이야. 이번 일도 차분하게 잘 해결할 수 있으리라 믿어. 차분함이 너의 가장 큰 장점이잖아.	N	2022-08-26 04:27:41	2022-11-08 05:05:24
BE22015813	9	0	그렇게 이야기해줘서 고마워, 마음이 좀 가벼워지네. 혹시나 어떤 오해였을 수도 있으니 대화로 해결해보면 어떨까 하는데 어때?	N	2022-08-26 04:27:41	2022-08-26 04:27:41
BE22015813	10	1	아주 좋은 생각이야. 나는 네가 그걸로 마음이 편해졌으면 좋겠어.	N	2022-08-26 04:27:41	2022-11-08 05:05:24
BE22015813	11	0	머리카락은 실수였을 수도 있으니 차분히 잘 말해보고 올게. 언니가 내 장점을 알려주어 그런지 기운이 나. 크게 부딪치지 않고 잘 해결할 수 있을 것 같아.	N	2022-08-26 04:27:41	2022-08-26 04:27:41
BE22015813	12	1	좋아. 네가 이 일로 더는 힘들지 않았으면 좋겠어. 이런 일은 즐거운 일 만들어서 빨리 잊어버리면 좋겠다.	N	2022-08-26 04:27:41	2022-11-08 05:05:24
BE22015813	13	0	그래야겠어, 언니. 언니와 대화하고 나니까 마음 결정이 쉬웠어.	N	2022-08-26 04:27:41	2022-08-26 04:27:41
BE22015813	14	1	다행이다. 언제라도 복잡한 일 생기면 연락해. 언니는 늘 네편이니까.	Y	2022-08-26 04:27:41	2022-08-26 04:27:41
