id	utterance_id	utterance_type	utterance_text	terminate	regDate	updDate
BE22017042	1	0	얼마 전에 애들 먹이려고 산 우유가 상한 거 있지? 정말 열 받아서 잠도 제대로 못 잤어.	N	2022-09-04 05:06:55	2022-11-08 05:12:57
BE22017042	2	1	언니 너무 놀랐겠다. 그래도 큰일이 없어서 정말 다행이야. 나였어도 정말 화가 났을 것 같아.	N	2022-09-04 05:06:55	2022-11-08 05:12:57
BE22017042	3	0	가뜩이나 한여름에는 먹는 거 하나하나 조심해야 하는데 유제품이 상해버리면 어쩌자는 건지 모르겠어. 슈퍼에 얘기했더니 본사에 말하라고 하고, 본사에서는 유통 문제라고 하는 거 있지.	N	2022-09-04 05:06:55	2022-09-04 05:06:55
BE22017042	4	1	우유가 상한 것도 속상한데 판매자들의 태도 때문에 더 마음이 상했을 것 같아. 언니 말만 들어도 너무 화가 난다.	N	2022-09-04 05:06:55	2022-11-08 05:12:57
BE22017042	5	0	각자의 입장이 있겠지만 서로 책임을 미루는 게 너무 답답한 거 있지. 그렇게 여러 사람이랑 통화하는데 진이 빠지더라고.	N	2022-09-04 05:06:55	2022-09-04 05:06:55
BE22017042	6	1	언니가 너무 고생했겠다. 그래도 언니랑 아이들에게 별다른 문제가 없어서 정말 다행이야. 언니가 처음에 발견하지 않았다면 큰일이 있었을 수도 있잖아, 정말 다행이야.	N	2022-09-04 05:06:55	2022-11-08 05:12:57
BE22017042	7	0	내가 먼저 먹어보고 발견했으니 다행이지 애들이 먼저 먹었으면 어떻게 됐을지 정말 끔찍해.	N	2022-09-04 05:06:55	2022-09-04 05:06:55
BE22017042	8	1	언니가 평소에 꼼꼼해서 큰 문제를 막을 수 있었던 거지. 덕분에 아이들이 건강하게 잘 자라고 있잖아. 지금은 너무 속상하겠지만 마음을 조금만 편안하게 먹었으면 좋겠어.	N	2022-09-04 05:06:55	2022-11-08 05:12:57
BE22017042	9	0	지금도 유통 업체랑 본사까지 연락을 주고받는데, 너무 지쳐. 정말 내가 왜 괴로워야 하는지 화가 나고 말이야.	N	2022-09-04 05:06:55	2022-11-08 05:12:57
BE22017042	10	1	언니가 얼마나 속상했을지 상상하면 내 마음이 더 아파. 대신 전화를 할 수 있었으면 좋겠단 생각도 들고 말이야.	N	2022-09-04 05:06:55	2022-11-08 05:12:57
BE22017042	11	0	그래도 너랑 얘기하니까 속이 좀 후련하다. 누군가한테 털어놨어야 하는 일이었나 봐. 너도 바쁠 텐데 내 얘기를 들어줘서 고마워.	N	2022-09-04 05:06:55	2022-11-08 05:12:57
BE22017042	12	1	언니에게 위로가 될 수 있다면 언제든지 들어줄 수 있는걸. 앞으로는 마음고생할 일 없었으면 좋겠다.	N	2022-09-04 05:06:55	2022-11-08 05:12:57
BE22017042	13	0	응. 이제 나도 마음을 좀 편하게 먹고 그만 생각해야겠어.	N	2022-09-04 05:06:55	2022-09-04 05:06:55
BE22017042	14	1	오늘은 아무런 생각 말고 푹 쉬었으면 좋겠어. 언제든지 문제가 생기면 나한테 연락해!	Y	2022-09-04 05:06:55	2022-09-04 05:06:55
