id	utterance_id	utterance_type	utterance_text	terminate	regDate	updDate
BE22006424	1	0	언니, 나 지금 혼자 찜질방에 와있어. 남편이랑 싸우고 너무 짜증나고 화나서 도저히 얼굴을 못 보겠더라.	N	2022-07-06 02:55:15	2022-11-08 04:05:43
BE22006424	2	1	무슨 일이야, 어제 남편하고 크게 다툰 모양이구나. 얼마나 속상했으면 혼자 찜질방에 갔어.	N	2022-07-06 02:55:15	2022-11-08 04:05:43
BE22006424	3	0	아니 글쎄, 남편이 매일 술을 마시고 늦게 들어오니까 참다가 한마디 했거든. 그런데 되려 나한테 자기를 이해 못해준다고 화를 내더라고. 너무한 거 아니야?	N	2022-07-06 02:55:15	2022-11-08 04:05:43
BE22006424	4	1	거기서 그렇게 화를 냈다니 네 마음이 얼마나 무너져내렸겠어. 나도 남편이랑 음주 문제 때문에 자주 싸워서 그 마음 잘 알지. 가족을 생각해서 일찍 들어와줬으면 하는 마음에 말한 건데 내가 다 눈물이 날 것같이 화가 나.	N	2022-07-06 02:55:15	2022-11-08 04:05:43
BE22006424	5	0	맞아, 가족끼리 도란도란 이야기 나누면서 저녁 시간을 갖고 싶은데 늦게 들어오니까 서로 마주할 시간이 없어. 우리 딸도 아빠가 일찍 들어왔으면 좋겠다고 해서 말한 건데 화를 내다니. 짜증나서 남편하고 이야기하고 싶지도 않아.	N	2022-07-06 02:55:15	2022-11-08 04:05:43
BE22006424	6	1	네가 얼마나 가족 간의 화목을 끔찍하게 여기는지 잘 알지. 조카도 아빠가 얼마나 보고 싶었으면 그랬을까. 남편이 가족끼리 시간을 보내는데 조금 더 신경 써주면 참 좋을 텐데 말이야.	N	2022-07-06 02:55:15	2022-11-08 04:05:43
BE22006424	7	0	그러니까 내 말이. 아무리 영업직이더라도 회사보다 가족이 먼저 아니야? 진짜 속상해 죽겠어.	N	2022-07-06 02:55:15	2022-11-08 04:05:43
BE22006424	8	1	맞아, 아무리 일이 중요하더라도 사랑하는 가족이 무엇보다도 우선시 되어야 한다고 언니도 생각해. 제부도 거래처를 상대하다 보면 술을 마시게 되는 거겠지만, 무엇보다도 네 마음을 헤아려줬으면 좋겠네. 솔직하게 이야기를 나눠보고, 너도 제부가 가족을 위해서 열심히 사는 것도 알아주면 앞으로 싸울 일도 줄어들 거야.	N	2022-07-06 02:55:15	2022-11-08 04:05:43
BE22006424	9	0	가족을 위해서 그러는 것도 어느 정도는 알지. 열심히 영업 다니는 것도 알고. 매번 싸우고 대화로 해결해나가려고 한 적이 없는 것 같은데, 한 번 제대로 이야기로 풀어봐야겠어.	N	2022-07-06 02:55:15	2022-11-08 04:05:43
BE22006424	10	1	그래, 그렇지만 네가 어떤 부분에서 속상해하는지 알 것 같아. 네가 힘들어하면 언니인 나도 너무 가슴이 아파. 네가 항상 가족과 도란도란 행복하게 살았으면 좋겠거든.	N	2022-07-06 02:55:15	2022-11-08 04:05:43
BE22006424	11	0	언니 그렇게 말해줘서 고마워. 나도 언니에게 좋은 모습만 보여주고 싶은데, 싸울 때마다 연락하는 것 같아서 조금은 미안하네. 그동안 남편하고 대화로 풀기보다는 서로 감정이 너무 앞서서 토라지곤 했나봐.	N	2022-07-06 02:55:15	2022-11-08 04:05:43
BE22006424	12	1	아니야, 앞으로도 이런 고민이나 문제 있으면 언제든 언니에게 이야기해. 언니는 항상 널 응원해주고, 같이 고민을 해결해나가는 존재인 거 알지? 이제는 대화로 풀어 나가 보려고 해봐, 혹시 내가 도울 게 있다면 바로 연락하고.	N	2022-07-06 02:55:15	2022-11-08 04:05:43
BE22006424	13	0	응, 알겠어. 고마워 언니. 언제든 함께 고민을 나눌 수 있는 언니가 내 가족이라 너무 다행이다.	N	2022-07-06 02:55:15	2022-11-08 04:05:43
BE22006424	14	1	에이 뭘, 언니는 네 속상한 마음이 조금이라도 풀어지기를 바라는 거야. 이제 어서 집에 들어가, 남편 걱정하겠다.	N	2022-07-06 02:55:15	2022-11-08 04:05:43
BE22006424	15	0	응, 언니. 안 그래도 들어가보려고. 진심으로 날 생각해주고, 조언해줘서 고마워.	Y	2022-07-06 02:55:15	2022-11-08 04:05:43
