id	utterance_id	utterance_type	utterance_text	terminate	regDate	updDate
BE22015293	1	0	하, 요즘 동영상 공유 서비스가 정말 골칫거리야. 화가 나 죽겠어.	N	2022-08-23 05:48:16	2022-11-08 05:02:11
BE22015293	2	1	저런, 무슨 일이길래 그래?	N	2022-08-23 05:48:16	2022-08-23 05:48:16
BE22015293	3	0	동영상 공유 서비스 채널이 신고당했어. 내가 올린 영상은 아무 문제가 없는데 누가 신고한 거지. 그래서 문의했는데 제대로 조치도 안 취하고 해결이 안 돼서 화가 나.	N	2022-08-23 05:48:16	2022-11-08 05:02:11
BE22015293	4	1	저런, 듣는 나도 답답한데 형은 오죽할까. 정말 귀찮고 화나겠다. 언제쯤 제대로 해결이 될지도 알 수 없는 문제잖아.	N	2022-08-23 05:48:16	2022-11-08 05:02:11
BE22015293	5	0	내 말이 그 말이야. 문의하면 바로 해결될 줄 알았는데 검토가 필요하다고 해서 기다리고 있어. 그래서 지금 동영상 공유 서비스 채널이 새 영상도 못 올리고 화나 죽겠어.	N	2022-08-23 05:48:16	2022-11-08 05:02:11
BE22015293	6	1	형이 이상한 일을 겪어서 내가 분할 정도야. 나도 예전에 동영상 공유 서비스에 댓글 신고당한 적 있었는데 제대로 설명을 안 해줬거든. 형 정말 기분이 안 좋아질 만해.	N	2022-08-23 05:48:16	2022-11-08 05:02:11
BE22015293	7	0	하, 대체 일을 어떻게 처리하는지도 모르겠어. 신고 기준도 모르겠어.	N	2022-08-23 05:48:16	2022-08-23 05:48:16
BE22015293	8	1	형 말이 맞아. 나도 정말 신고당했을 때 그 기준을 몰라서 답답했었잖아.	N	2022-08-23 05:48:16	2022-11-08 05:02:11
BE22015293	9	0	성가신 이 일이 얼른 해결됐음 좋겠는데 그렇지 않을 것 같아. 하, 여러 번 문의해도 매번 기다리란 말만 하니까 뭘 어떻게 할 수가 없어.	N	2022-08-23 05:48:16	2022-08-23 05:48:16
BE22015293	10	1	그래도 시간이 지나면 차차 해결이 될 거야. 그러니 마음을 느긋하게 먹고 기다려보는 게 어떨까? 지금 당장은 성가신 기분이 들어서 모든 일이 다 만족스럽지 않게 느껴지는 걸지도 몰라.	N	2022-08-23 05:48:16	2022-11-08 05:02:11
BE22015293	11	0	네 말처럼 그럴까? 하긴 내가 지금 기분이 안 좋아서 모든 게 불만인가 봐. 네 말 들어보니 좀 진정이 되네.	N	2022-08-23 05:48:16	2022-11-08 05:02:11
BE22015293	12	1	응, 기다리다 보면 예상치 못하게 좋은 방향으로 흘러갈 거야. 지금의 피해가 보상으로 돌아오기를 바랄게.	N	2022-08-23 05:48:16	2022-11-08 05:02:11
BE22015293	13	0	그렇게 말해줘서 고마워. 한결 마음이 가벼워진다. 괜히 성가셔한 것 같아.	N	2022-08-23 05:48:16	2022-11-08 05:02:11
BE22015293	14	1	응, 그러니 당분간은 신경 끄고 그냥 지켜보자. 형이 스트레스받지 않았으면 하는 마음에 하는 말이야.	N	2022-08-23 05:48:16	2022-11-08 05:02:11
BE22015293	15	0	응, 네 말이 뭔지 알겠어. 조언해줘서 고마워!	Y	2022-08-23 05:48:16	2022-11-08 05:02:11
