id	utterance_id	utterance_type	utterance_text	terminate	regDate	updDate
BE22016411	1	0	요즘 아내랑 싸우는 일이 좀 많아져서 너무 스트레스다.	N	2022-08-30 05:50:01	2022-08-30 05:50:01
BE22016411	2	1	아침부터 무슨 일이야, 또 싸운 거야?	N	2022-08-30 05:50:01	2022-08-30 05:50:01
BE22016411	3	0	요즘 자꾸 무슨 말을 할 때마다 이리저리 돌려 말하는데 너무 수상하잖아. 그럴 때마다 너무 화가 나서 나도 말이 안 좋게 나와.	N	2022-08-30 05:50:01	2022-08-30 05:50:01
BE22016411	4	1	형 혼자 마음고생 많았겠다, 그 마음 충분히 이해가 가. 말로만 듣는 나도 이렇게 화가 날 거 같은데 형은 오죽하겠어.	N	2022-08-30 05:50:01	2022-08-30 05:50:01
BE22016411	5	0	뭘 숨기는 거냐, 솔직하게 얘기하라고 해도 뭔가를 숨기고 있는 거 같아서 부아가 치밀어. 그래서 서로 대화하면 할수록 풀리는 게 아니라 더 싸우기만 한다니까? 이제는 괜히 전부 내 탓인 거 같고 마음이 안 좋아.	N	2022-08-30 05:50:01	2022-11-08 05:09:09
BE22016411	6	1	왜 안 그러겠어, 정말 화가 날 수밖에 없겠어. 그래도 형 잘못은 아니니까 너무 속상해하거나 마음의 상처를 받지는 않았으면 좋겠어. 누구나 이런 시련이 있기 마련이잖아, 그저 잘 극복해 내길 바라.	N	2022-08-30 05:50:01	2022-11-08 05:09:09
BE22016411	7	0	어느 순간부터는 내가 믿음을 못 줘서 아내가 저렇게 돌려서 말하는 건가? 하는 생각도 들어. 이런 현실에 처해 있다는 게 그저 화가 나고 속상할 뿐이야.	N	2022-08-30 05:50:01	2022-08-30 05:50:01
BE22016411	8	1	에이, 그런 생각은 가당치도 않아. 자기 자신을 더 힘들게 할 뿐이야. 이럴수록 버텨내려고 굳게 마음먹는다면 상황이 잘 해결될 거야.	N	2022-08-30 05:50:01	2022-11-08 05:09:09
BE22016411	9	0	너의 그런 위로와 응원의 말 정말 고마워 큰 힘이 되는 거 같다. 아내가 좋아하는 음식 사서 들어가 용기를 좀 내서 대화를 나눠봐야겠어.	N	2022-08-30 05:50:01	2022-11-08 05:09:09
BE22016411	10	1	좋은 생각이야. 힘든 상황인데도 용기를 내서 좋게 해결해 보려는 형의 노력이 정말 멋있다. 역시 형은 그 누구보다 마음이 넓은 사람인 거 같아.	N	2022-08-30 05:50:01	2022-11-08 05:09:09
BE22016411	11	0	이게 다 네 덕분이지, 네가 내 동생이라는 게 너무 든든하다. 누구한테 털어놓긴 좀 창피해서 속이 답답했었는데 너랑 대화하고 나니까 많이 후련해졌어.	N	2022-08-30 05:50:01	2022-11-08 05:09:09
BE22016411	12	1	언제든 힘든 일이 생기면 나한테라도 다 얘기해. 속상한 일을 겪었는데 혼자서 버텨내려면 너무 힘들고 외로울 거 같아.	N	2022-08-30 05:50:01	2022-11-08 05:09:09
BE22016411	13	0	내 얘기 들어주고 좋은 말과 조언까지 해줘서 고마워. 조만간 얼굴이나 한번 보자, 형이 저녁 사줄게.	N	2022-08-30 05:50:01	2022-11-08 05:09:09
BE22016411	14	1	그래 준다면 나야 좋지! 그때는 꼭 형이 모든 걸 이겨낸 후여서 웃는 얼굴로 볼 수 있으면 좋겠다.	N	2022-08-30 05:50:01	2022-11-08 05:09:09
BE22016411	15	0	나도 그럴 수 있도록 노력해볼게, 덕분에 보람찬 대화였어. 다시 연락하자!	Y	2022-08-30 05:50:01	2022-11-08 05:09:09
