id	utterance_id	utterance_type	utterance_text	terminate	regDate	updDate
BE22007167	1	0	어제 나랑 남편이랑 싸웠거든? 그래도 나는 화해해 보려고 오늘 맛있는 음식 해서 기다리고 있었어. 근데 이 사람이 연락도 없이 늦게 들어온 거 있지?	N	2022-07-08 07:33:05	2022-11-08 04:10:38
BE22007167	2	1	그런 일이 있었구나. 늦게 들어왔으면 음식도 다 식었겠네. 우리 언니 많이 화났겠다. 왜 늦으셨대?	N	2022-07-08 07:33:05	2022-11-08 04:10:38
BE22007167	3	0	회사에서 갑자기 일이 생겼대. 솔직히 나도 일하는 입장이니까 갑자기 일 생겨서 늦을 수 있다는 것을 충분히 이해해. 근데 늦으면 늦을 거라고 연락을 해줄 수도 있는 거잖아. 아, 화나.	N	2022-07-08 07:33:05	2022-11-08 04:10:38
BE22007167	4	1	맞지. 언니도 일하고 들어와서 저녁을 한 거잖아. 일하고 와서 밥하는 게 쉬운 일이 아닌데. 게다가 화해해 보려고 준비했던 음식이 다 식어버렸으니 나 같아도 정말 화가 났을 것 같아.	N	2022-07-08 07:33:05	2022-11-08 04:10:38
BE22007167	5	0	그러니까 말이야. 음식도 다 식고 나는 언제 올지 몰라서 계속 기다리고만 있었고. 또 나 혼자 화해하고 싶은 거 같아서 기분 안 좋아. 솔직히 나도 화가 안 나서 화해하려고 한 건 아니잖아.	N	2022-07-08 07:33:05	2022-11-08 04:10:38
BE22007167	6	1	먼저 화해하려고 마음먹은 게 얼마나 어려운 일인지 알아. 자존심이랑 내가 화난 감정까지 눌러두고 대화하겠다는 마음이 있어야 가능한 거잖아. 아무도 없는 탁자에 언니 혼자 시계만 보고 기다리고 있었을 것을 생각하니까 내가 다 속상해.	N	2022-07-08 07:33:05	2022-11-08 04:10:38
BE22007167	7	0	그러니까. 왜 이렇게 사람이 이기적인지 모르겠다. 자기만 화났어? 나도 화났잖아. 늦게 오는데 연락도 안 주는 건 같이 사는 사람에 대한 예의가 아니라고 생각해. 내가 이상한 거야?	N	2022-07-08 07:33:05	2022-11-08 04:10:38
BE22007167	8	1	아냐. 충분히 화나고 서운할 일이야. 어제 일하고 와서 음식까지 하느라 많이 힘들었지? 고생했어. 형부 기다리는 시간 동안 감정도 많이 상했을 텐데 오늘 하루 많이 지쳤을 것 같아. 정말 수고했어.	N	2022-07-08 07:33:05	2022-11-08 04:10:38
BE22007167	9	0	하루 종일 일하다가 와서 자존심 다 접어두고 음식하고 남편 올 때까지 기다리느라 얼마나 힘들었는지.	N	2022-07-08 07:33:05	2022-11-08 04:10:38
BE22007167	10	1	그래. 우리 언니 화해하려고 음식까지 하려는 다짐을 하기까지 마음이 얼마나 복잡했을까. 언니가 한 음식도 정말 맛있었을 텐데 아쉽다. 나라도 가서 먹을 수 있음 좋을 텐데.	N	2022-07-08 07:33:05	2022-11-08 04:10:38
BE22007167	11	0	그러게. 아유, 그래도 너한테라도 수고했다는 말 들으니까 좀 낫다. 내 남편한테 듣고 싶었던 말인데.	N	2022-07-08 07:33:05	2022-11-08 04:10:38
BE22007167	12	1	오늘 하루 언니한테 많이 길었을 것 같아. 내가 안아줄 수 있었으면 당장 달려가서 안아줬다. 마음으로는 벌써 백 번도 넘게 안았어.	N	2022-07-08 07:33:05	2022-11-08 04:10:38
BE22007167	13	0	그래, 고맙다. 너의 포옹이 여기까지 느껴지네. 덕분에 기분이 좀 풀렸어.	N	2022-07-08 07:33:05	2022-11-08 04:10:38
BE22007167	14	1	기분이 풀렸다니 다행이다. 형부가 또 속상하게 하면 또 나한테 말해. 내가 다 들어줄게.	N	2022-07-08 07:33:05	2022-11-08 04:10:38
BE22007167	15	0	고마워, 동생아. 가족 좋다는 게 이런 건가 봐.	Y	2022-07-08 07:33:05	2022-11-08 04:10:38
