id	utterance_id	utterance_type	utterance_text	terminate	regDate	updDate
BE22016543	1	0	어제 같은 반 친구가 날 험담하고 있는 걸 보게 됐어. 정말 화가 머리끝까지 나더라.	N	2022-08-30 13:31:45	2022-11-08 05:09:57
BE22016543	2	1	그게 정말이야? 네가 정말 속상했겠다. 누군가가 나를 험담하는 걸 알게 된다면 마음이 심란할 거야.	N	2022-08-30 13:31:45	2022-11-08 05:09:57
BE22016543	3	0	그전까지는 친하게 잘 지내고 있던 친구라고 생각했거든. 그런데 나보고 재수가 없다느니, 원래부터 마음에 안 들었다느니 말하는 바람에 얼마나 속이 부글거렸는지 몰라.	N	2022-08-30 13:31:45	2022-11-08 05:09:57
BE22016543	4	1	그런 말을 들으면 친구에게 크게 실망하게 되지. 그 말을 듣게 되었을 때 네 심정이 어땠을지 짐작도 가지 않는걸.	N	2022-08-30 13:31:45	2022-11-08 05:09:57
BE22016543	5	0	그랬는데도 나에게 아무 일도 없다는 듯이 말을 걸길래 정말 어이가 없었어. 뒤에서는 나를 험담하면서, 지금껏 잘 지내는 척했다는 게 가장 열받아.	N	2022-08-30 13:31:45	2022-11-08 05:09:57
BE22016543	6	1	나였어도 무척 배신감을 느끼고 속상한 마음이 들 거야. 그럴 때는 그 친구와 거리를 두고 네가 마음을 추스르는 시간이 필요해. 우선 네가 차분하게 마음을 진정시키는 게 좋을 것 같아.	N	2022-08-30 13:31:45	2022-11-08 05:09:58
BE22016543	7	0	하지만 어떻게 이런 상황에서 가만히 있을 수 있겠어. 당장이라도 그 친구에게 따지고 화를 내고 싶은 심정인걸.	N	2022-08-30 13:31:45	2022-08-30 13:31:45
BE22016543	8	1	동생아, 화를 내면 낼수록 어쩌면 가장 힘들어지는 건 너인지도 몰라. 지금도 네가 감정적으로 복받쳐 있는 것 같아 스트레스를 받지는 않을까 걱정이 돼. 이럴 때일수록 침착한 마음가짐이 필요한 법이야.	N	2022-08-30 13:31:45	2022-11-08 05:09:58
BE22016543	9	0	그럼, 나는 이렇게 험담을 들은 걸 꾹 참고 있어야만 하는 거야? 나는 친구를 전혀 용서할 수 없을 것 같은데.	N	2022-08-30 13:31:45	2022-11-08 05:09:58
BE22016543	10	1	그런 게 아니라, 네게도 마음을 추스르고 앞으로 어떻게 할지 생각할 시간이 필요하다는 말이지. 지금 부정적인 감정에 휘둘려 섣불리 행동했다가는 분명히 후회하는 마음이 들 거야. 충분히 여유를 가지고 판단을 내린다면, 분명 네 마음도 한결 나을 거야.	N	2022-08-30 13:31:45	2022-11-08 05:09:58
BE22016543	11	0	그건 맞는 말이야. 언니 말을 듣고 보니 내가 지금 지나치게 흥분하고 있었다는 생각이 드네. 이런 상태로 계속 있어 봐야 나만 스트레스를 받을 뿐이겠지.	N	2022-08-30 13:31:45	2022-11-08 05:09:58
BE22016543	12	1	그래. 진정하고 머리를 식힐 겸 산책이라도 나가봐. 그렇게 너를 화나게 하는 것들에서 멀어져 생각을 정리하다 보면 어느새 마음도 한결 나아질 거야.	N	2022-08-30 13:31:45	2022-11-08 05:09:58
BE22016543	13	0	알겠어. 언니가 내 이야기를 잘 들어주고 조언해줘서 그런지, 벌써 마음이 좀 가라앉는 것 같아.	N	2022-08-30 13:31:45	2022-08-30 13:31:45
BE22016543	14	1	그렇다면 다행인걸. 네가 그 일로 너무 힘들어하지 않았으면 좋겠어. 그러니 지금처럼 마음을 가라앉히고 차분히 그다음을 고민해보자.	N	2022-08-30 13:31:45	2022-11-08 05:09:58
BE22016543	15	0	응. 그렇게 할게. 도와줘서 고마워, 언니.	Y	2022-08-30 13:31:45	2022-11-08 05:09:58
