id	utterance_id	utterance_type	utterance_text	terminate	regDate	updDate
BE22019475	1	0	형 요즘 잘 지내지? 나 너무 화가 나는 일이 있었어.	N	2022-09-21 12:25:46	2022-09-21 12:25:46
BE22019475	2	1	동생아 정말 오랜만이다. 늘 침착한 네가 화가 나는 일이라니 벌써 걱정이 되는구나. 나에게 편하게 얘기해 봐.	N	2022-09-21 12:25:46	2022-11-08 05:25:56
BE22019475	3	0	이번에 회사에서 직원 평가가 있었는데 멘토 선배가 나한테만 안 좋게 점수를 준 거야. 나랑 사이가 안 좋은 선배여서 개인감정으로 점수를 준 것 같아서 너무 화가 나.	N	2022-09-21 12:25:46	2022-11-08 05:25:56
BE22019475	4	1	가장 공정해야 하는 평가에서 그렇지 못했다는 느낌이 들어서 무척이나 화가 났겠다. 나도 직장에서 사적인 감정 때문에 억울함을 느껴본 적이 있었어. 그래서 네 마음이 충분히 이해돼.	N	2022-09-21 12:25:46	2022-11-08 05:25:56
BE22019475	5	0	사실 이번이 처음이 아니거든. 지난번에도 억울했는데 그래도 이유가 있겠지, 공정하겠지, 하고 참고 넘어갔거든. 그런데 이런 일이 두 번씩이나 생기니까 너무 화가 나.	N	2022-09-21 12:25:46	2022-11-08 05:25:56
BE22019475	6	1	처음부터 화를 내거나 항의를 할 수도 있었을 텐데 참았구나. 나였다면 바로 폭발했을지도 몰라, 늘 침착한 네 모습을 참 칭찬하고 싶어.	N	2022-09-21 12:25:46	2022-11-08 05:25:56
BE22019475	7	0	내가 잘못한 것도 없는데, 나만 안 좋은 평가를 받으니까 참 기분이 안 좋아. 가만히 보고 있자니 답답하고, 그렇다고 할 수 있는 것도 없고 화만 나는 상황이야.	N	2022-09-21 12:25:46	2022-11-08 05:25:56
BE22019475	8	1	화가 나겠지만, 실력자는 어디에 두어도 숨길 수가 없다고 하잖아. 너무 걱정하지 마, 상사의 편견으로는 네 실력을 숨길 수가 없을 거야. 금방 다시 웃을 수 있을 거야.	N	2022-09-21 12:25:46	2022-11-08 05:25:56
BE22019475	9	0	좋게 마음을 먹어보려고 하고 다른 생각을 해보려고 해도 자꾸 그 일이 생각나. 그래서 다시 화가 나고. 이럴 때마다 어떻게 해야 할지를 모르겠어.	N	2022-09-21 12:25:46	2022-09-21 12:25:46
BE22019475	10	1	나도 지나고 나서야 느끼지만, 살다 보면 좋은 시간도 있고 힘든 시간도 있더라고. 지금 잠시 힘든 시간이 지나가고 있다고 생각해 보면 어때? 금방 다시 좋은 날이 온다고 생각하면 화가 나는 네 마음이 잦아들 수 있을 거야.	N	2022-09-21 12:25:46	2022-11-08 05:25:56
BE22019475	11	0	그렇게는 생각을 안 해봤어. 형 말을 들으니까 마음이 한결 나아진다. 맞아, 지금 잠시 힘든 시간을 지나고 있는 거니까 잘 버텨야겠어.	N	2022-09-21 12:25:46	2022-11-08 05:25:56
BE22019475	12	1	네가 기분이 좋아졌다니 너무 다행이야, 나도 안도의 미소가 절로 나온다. 힘든 시간을 지나고 나면 더 성장해서 활짝 웃고 있는 네 모습이 그려져.	N	2022-09-21 12:25:46	2022-11-08 05:25:56
BE22019475	13	0	나 이 고민 탓에 너무 힘들었는데, 형한테 말하길 너무 잘한 것 같아. 덕분에 오늘 밤은 맘 편히 잠이 들 수 있을 것 같아.	N	2022-09-21 12:25:46	2022-11-08 05:25:56
BE22019475	14	1	내가 도움이 됐다니 너무 다행이야. 내 소중한 동생의 이야기라서 더 내 얘기처럼 다가온 것 같아. 힘들 땐 언제든지 연락줘도 돼.	N	2022-09-21 12:25:46	2022-11-08 05:25:57
BE22019475	15	0	정말 고마워 형. 다음에는 직접 만나서 뒷얘기를 알려줄게.	Y	2022-09-21 12:25:46	2022-11-08 05:25:57
