id	utterance_id	utterance_type	utterance_text	terminate	regDate	updDate
BE22014751	1	0	와, 나 어제 여자 친구한테 프러포즈했는데 다시 취소했어.	N	2022-08-19 04:52:00	2022-11-08 04:58:50
BE22014751	2	1	무슨 일 있었어? 왜 갑자기 취소한 거야?	N	2022-08-19 04:52:00	2022-08-19 04:52:00
BE22014751	3	0	글쎄, 여자 친구가 비혼주의자였어. 난 그것도 모르고 결혼 생각하고 프러포즈까지 했는데 실망감에 화도 나고 마음이 안 좋네.	N	2022-08-19 04:52:00	2022-11-08 04:58:50
BE22014751	4	1	그런 마음이 들었구나, 형 심정이 어떨지 너무나도 이해가 간다. 말로만 듣는 나도 이렇게 화가 나는데 형은 오죽하겠어!	N	2022-08-19 04:52:00	2022-08-19 04:52:00
BE22014751	5	0	그동안 그런 얘기를 안 꺼내서 전혀 몰랐어. 우리 부모님도 여자 친구한테 무척 잘해주고 참 예뻐하셨잖아. 좀 속은 기분이라 가슴이 답답하고 부아가 치밀어 올라.	N	2022-08-19 04:52:00	2022-11-08 04:58:50
BE22014751	6	1	정말 무거운 마음이 들었겠다. 지금 당장은 힘들겠지만, 형이 마음을 굳게 먹고 잘 버텨내서 큰 상처를 받지는 않았으면 좋겠어. 어른으로 한 단계 더 성장할 수 있는 계기가 되었다고 좋게 생각해 보면서 위로를 해보자.	N	2022-08-19 04:52:00	2022-11-08 04:58:50
BE22014751	7	0	그런가? 당장은 이 분노가 쉽게 가라앉을 거 같진 않아. 아직도 생각할수록 마음에서 나도 모르게 화가 끓어오르거든. 어떻게 버텨낼 수 있을지 자신이 없네.	N	2022-08-19 04:52:00	2022-11-08 04:58:50
BE22014751	8	1	원래 화나는 일을 겪으면 그 화가 가라앉기까지는 오랜 시간이 걸린다고 하잖아. 형은 내면적으로 충분히 강한 사람이니까 이겨내고자 용기를 낸다면 반드시 이겨낼 수 있을 거라 생각해.	N	2022-08-19 04:52:00	2022-11-08 04:58:50
BE22014751	9	0	너라도 날 이해해 주고 위로의 말까지 해줘서 고마워. 나도 모르게 위로받고 싶은 마음이 컸나 봐. 너의 말을 들으니까 너무 큰 위로가 되었고 마음이 조금은 놓이는 거 있지?	N	2022-08-19 04:52:00	2022-08-19 04:52:00
BE22014751	10	1	고맙기는, 내 말에 마음이 편해지고 위로받았다니 정말 다행이고 내 기분이 다 좋아지네. 형이 지금처럼만 기운 내서 꼭 극복할 수 있기를 바랄게.	N	2022-08-19 04:52:00	2022-11-08 04:58:50
BE22014751	11	0	부모님께 말씀드리기는 죄송하고, 혼자서 삭이려니 너무 답답했었거든. 너한테 이렇게 얘기하니까 속이 많이 후련해졌어. 이렇게 얘기할 수 있는 사람이 옆에 있다는 게 참 든든하구나.	N	2022-08-19 04:52:00	2022-08-19 04:52:00
BE22014751	12	1	그래, 힘든 걸 나누면 반이 된다고 하잖아. 언제든 고민이 있거나 위로받고 싶은 일이 있으면 나한테라도 얘기해. 나는 언제나 형 편이니까!	N	2022-08-19 04:52:00	2022-11-08 04:58:50
BE22014751	13	0	너 같은 든든한 동생이 있다는 게 참 다행인 거 같아. 덕분에 정말 훌훌 털고 일어날 수 있을 거 같고 마음이 따뜻해지는 시간이었어!	N	2022-08-19 04:52:00	2022-08-19 04:52:00
BE22014751	14	1	형이 꼭 모든 걸 극복해서 늘 웃으면서 행복하게 지낼 수 있으면 좋겠어. 나도 옆에서 진심으로 응원하고 있을게, 그러니 항상 힘내!	N	2022-08-19 04:52:00	2022-11-08 04:58:51
BE22014751	15	0	응, 나도 그럴 수 있도록 노력해볼게! 정말 고마웠고 조만간 형이 맛있는 밥이라도 한번 사줄게. 다시 연락하자.	Y	2022-08-19 04:52:00	2022-11-08 04:58:51
