id	utterance_id	utterance_type	utterance_text	terminate	regDate	updDate
BE22001731	1	0	동생아. 오늘 내가 어떤 일이 있었는지 알아?	N	2022-06-16 12:45:36	2022-11-08 03:35:37
BE22001731	2	1	뭐야. 무슨 일 있었어?	N	2022-06-16 12:45:36	2022-11-08 03:35:37
BE22001731	3	0	세상에. 내 눈을 의심했잖아. 옆에 개발부 팀장이 업무시간에 야동을 보는 거 있지. 잠깐 업무 보고할 게 있어서 갔는데 야동 보고 있다가 내가 가니까 놀라서 급하게 끄는 거 있지.	N	2022-06-16 12:45:36	2022-11-08 03:35:37
BE22001731	4	1	뭐? 이거 진짜 실화야? 너무 충격적이다. 언니 너무 놀랐겠다. 이 정도면 성희롱으로 신고해야 되는 거 아니야?	N	2022-06-16 12:45:36	2022-11-08 03:35:37
BE22001731	5	0	와 진짜 내가 함부로 누구한테 얘기도 못하겠고 일단 너무 어처구니가 없고 황당해서 너한테 연락했어.	N	2022-06-16 12:45:36	2022-11-08 03:35:37
BE22001731	6	1	아니 어떻게 업무시간에 그것도 여직원들 있는 곳에서 그런 짓을 할 수 있지? 언니가 입은 정신적 충격은 누가 보상해 주냐고.	N	2022-06-16 12:45:36	2022-11-08 03:35:37
BE22001731	7	0	그러니까. 너무 구역질 나고 역겨워서 지금 기분이 너무 더러워.	N	2022-06-16 12:45:36	2022-11-08 03:35:37
BE22001731	8	1	그러게 직접 그 장면을 본 언니 심정이 오죽하겠어. 벌레가 온몸에 기어 다니는 듯한 불쾌함을 느꼈을 것 같아.	N	2022-06-16 12:45:36	2022-11-08 03:35:37
BE22001731	9	0	아 앞으로 그 팀장님 얼굴을 어떻게 보지? 나도 그 순간은 너무 당황스러워서 그냥 못 본척했지만 앞으로 표정 관리가 안 될 거 같은데.	N	2022-06-16 12:45:36	2022-11-08 03:35:37
BE22001731	10	1	아무래도 그렇지. 단순히 감정이 상하는 문제도 아니고 이건 언니의 앞으로의 회사 생활을 위해서라도 공론화하는 게 좋지 않을까? 이 사건을 수면 위로 드러내지 않으면 언니는 계속 그 팀장님 볼 때마다 스트레스를 받고 힘들 것 같은데.	N	2022-06-16 12:45:36	2022-11-08 03:35:37
BE22001731	11	0	네 말도 일리가 있어. 그 장면이 자꾸 떠오르고 열받아서 심장이 너무 뛰어. 아무렇지 않은 척할 자신도 없고.	N	2022-06-16 12:45:36	2022-11-08 03:35:37
BE22001731	12	1	그래. 이건 거의 트라우마나 마찬가지야. 언니가 참고 아무렇지 않은 척한다고 해서 해결될 문제가 아니라고 생각해.	N	2022-06-16 12:45:36	2022-11-08 03:35:37
BE22001731	13	0	맞아. 이 분노와 억울함을 나만 참고 억누른다고 해결될 일은 아닌 거 같아. 나 말고 다른 직원들이 당할 수도 있는 문제이기도 하고.	N	2022-06-16 12:45:36	2022-11-08 03:35:37
BE22001731	14	1	그래. 참는 게 능사가 아니야. 이 문제에 대해서 아무에게도 얘기 못하고 언니 혼자 끙끙 앓으면 얼마나 힘들고 괴롭겠어.	N	2022-06-16 12:45:36	2022-11-08 03:35:37
BE22001731	15	0	응. 회사에 정식으로 문제 제기하겠어. 더 이상 다른 피해자가 나오지 않도록. 그래야 나도 이 분노와 억울함이 좀 풀릴 것 같아.	Y	2022-06-16 12:45:36	2022-11-08 03:35:37
