id	utterance_id	utterance_type	utterance_text	terminate	regDate	updDate
BE22014915	1	0	형, 곧 나 퇴근 시간이야. 그런데 퇴근하려니 화부터 치솟아.	N	2022-08-19 08:05:27	2022-08-19 08:05:27
BE22014915	2	1	일 끝나고 집에 가서 쉬는 거 너 정말 좋아하잖아. 갑자기 무슨 소리야?	N	2022-08-19 08:05:27	2022-08-19 08:05:27
BE22014915	3	0	친구가 우리 집 가까이 이사 와서 저녁에 자주 우리 집에 와. 잠깐 왔다가는 게 아니라 몇 시간씩 있는 거야. 내 시간을 다 빼앗겨서 분노가 치밀어.	N	2022-08-19 08:05:27	2022-11-08 04:59:51
BE22014915	4	1	열심히 일하고 와서 편히 쉬어야 하는데, 방해하다니 내가 다 화가 난다. 너는 혼자 있으면서 에너지 충전하는 유형이라 더 힘들 터인데 화가 많이 나겠다. 그런데 그 친구에게 네 생각을 말해 봤어?	N	2022-08-19 08:05:27	2022-11-08 04:59:51
BE22014915	5	0	형은 내 성향을 잘 아는데 그 친구는 몰라. 농담처럼 이제 네 집에 가라고 해도 못 알아들어서 미칠 지경이야. 눈치가 좀 없는 친구여서 불편한 게 많아.	N	2022-08-19 08:05:27	2022-08-19 08:05:27
BE22014915	6	1	그런 눈치 없는 사람 대하는 게 정말 힘들지. 대놓고 말하긴 어려울 때 눈치채고 알아주면 좋을 텐데. 그 친구랑 딱히 공통으로 좋아하는 것도 없는 모양이구나.	N	2022-08-19 08:05:27	2022-11-08 04:59:51
BE22014915	7	0	그 친구는 자기가 하루 동안 겪은 일을 미주알고주알 얘기하길 좋아해. 나는 책도 읽고 음악도 들으면서 생산적으로 보내고 싶은데 그 친구는 수다만 떨어. 함께하면 정말 지루해서 하품만 나올 지경이라 답답해.	N	2022-08-19 08:05:27	2022-11-08 04:59:51
BE22014915	8	1	네 이야기만 들어도 형 마음마저 답답하다. 넌 취미 생활하고 자기 계발 하는 걸 좋아하는데 그럴 수 없어 스트레스가 쌓여 어쩌니. 수다로 시간을 낭비해야 하니 너처럼 시간을 효율적으로 쓰고 싶은 사람은 견디기 힘들 터인데 걱정이다.	N	2022-08-19 08:05:27	2022-11-08 04:59:51
BE22014915	9	0	형은 언제나 내 마음을 잘 알아줘서 좋아. 아예 대놓고 그 친구에게 내가 힘들다고 말해야겠다는 생각이 들기도 해. 형은 어떻게 생각하는지 조언을 해줘.	N	2022-08-19 08:05:27	2022-11-08 04:59:51
BE22014915	10	1	그래, 눈치 없는 사람에게는 직접 말을 해줘야 할 때가 있어. 친구가 기분 나쁘지 않게 네 마음을 전하는 게 좋을 것 같아.	N	2022-08-19 08:05:27	2022-11-08 04:59:51
BE22014915	11	0	그런데 솔직히 말했다가 친구가 기분 나빠하면 어쩌나 걱정돼서 말을 못 하겠어. 친구에게 나를 잘 드러내지 않은 잘못도 내게 있어. 내가 불편해도 상대를 위해 참는데, 내가 너무 우유부단한가 봐.	N	2022-08-19 08:05:27	2022-11-08 04:59:51
BE22014915	12	1	네가 착하고 남을 배려하는 마음이 큰 것이지, 우유부단한 게 아니란 걸 알기 바란다. 배려는 꼭 필요한 덕목이라서, 네 친구가 너에게 배려를 배워야 할 것 같아. 넌 생각이 깊어서 그 친구가 기분 나쁘지 않게 잘 말할 수 있을 거야.	N	2022-08-19 08:05:27	2022-11-08 04:59:51
BE22014915	13	0	형이 그렇게 말해주니 화가 좀 가라앉았어. 친구에게 서로의 저녁 시간을 존중하자고 말할 거야. 형 말을 듣고 너무 배려하다 내 시간을 뺏기는 건 현명한 게 아니란 걸 깨달았어.	N	2022-08-19 08:05:27	2022-08-19 08:05:27
BE22014915	14	1	그래, 마음이 진정됐다니 다행이다. 또 고민 있으면 형한테 문자 메시지 보내. 아무쪼록 퇴근 후, 너의 시간을 즐겁고 생산적으로 보내서 행복한 순간순간을 살기를 형이 바란다.	Y	2022-08-19 08:05:27	2022-11-08 04:59:51
