id	utterance_id	utterance_type	utterance_text	terminate	regDate	updDate
BE22002242	1	0	언니 나 지금 병원에 있어.	N	2022-06-20 13:54:49	2022-11-08 03:38:56
BE22002242	2	1	병원이라니 어디 아파?	N	2022-06-20 13:54:49	2022-11-08 03:38:56
BE22002242	3	0	퇴근길에 지하철에서 크게 넘어졌어. 근데 갈비뼈가 아파서 병원으로 왔어.	N	2022-06-20 13:54:49	2022-11-08 03:38:56
BE22002242	4	1	넘어진 것도 속상했을 텐데 다치기까지 했으니 많이 당황스러웠겠다. 갈비뼈 많이 아픈 거야? 크게 다친 건 아니어야 할 텐데, 너 말을 들으니 나도 놀라서 열이 오르네.	N	2022-06-20 13:54:49	2022-11-08 03:38:56
BE22002242	5	0	숨 쉴 때마다 갈비뼈가 아파. 아무래도 금이 간 거 같아.	N	2022-06-20 13:54:49	2022-11-08 03:38:56
BE22002242	6	1	그래도 병원으로 바로 갔다니 정말 잘했어! 나라면 넘어지고 갈비뼈 아프고 하는 상황에서 정신없어서 아무것도 못 했을 텐데 똑 부러지게 잘했네. 난 네 이야기 듣기만 하는데도 너무 놀라서 자리에서 벌떡 일어났는데 정말 대단하다!	N	2022-06-20 13:54:49	2022-11-08 03:38:56
BE22002242	7	0	그렇게 말해줘서 고마워. 사실 어떻게 넘어지게 된 거냐면, 지하철 내릴 때 내리고 타야 되잖아. 근데 내가 내리지도 않았는데 어떤 사람이 무리하게 먼저 타려다가 나를 밀쳐서 넘어지게 된 거야.	N	2022-06-20 13:54:49	2022-11-08 03:38:56
BE22002242	8	1	세상에, 위험하게 막무가내로 그러면 어떡해?	N	2022-06-20 13:54:49	2022-11-08 03:38:56
BE22002242	9	0	그러니까 말야. 그 사람한테 따지고 싶어서 일어나보니까 이미 지하철은 출발하고 그 사람은 가고 없더라고. 너무 화가 나서 괜히 혼자 씩씩거렸어.	N	2022-06-20 13:54:49	2022-11-08 03:38:56
BE22002242	10	1	자기가 밀쳐놓고 그렇게 가버리다니 정말 짜증났겠다. 네 마음 정말 충분히 공감돼. 만약에 나라도 이런 상황이면 다시 그 사람 찾아가서 사과라도 받아내고 싶을 거 같아.	N	2022-06-20 13:54:49	2022-11-08 03:38:56
BE22002242	11	0	넘어진 것도 짜증나는데, 갈비뼈까지 부러져서 고생하게 되면 정말로 억울할 것 같아.	N	2022-06-20 13:54:49	2022-11-08 03:38:56
BE22002242	12	1	일단 병원에 바로 왔으니까 의사 선생님 진료받아보자. 그래도 바로 와서 치료받으면 괜찮을 거야. 아직도 많이 기다려야 해?	N	2022-06-20 13:54:49	2022-11-08 03:38:56
BE22002242	13	0	내 앞에 대기 환자 2명이라 곧 들어갈 수 있을 거 같아.	N	2022-06-20 13:54:49	2022-11-08 03:38:56
BE22002242	14	1	그래 치료 잘 받고 의사 선생님이 뭐라고 했는지 바로 알려줘. 혼자 오기 힘들면 데리러 갈게.	N	2022-06-20 13:54:49	2022-11-08 03:38:56
BE22002242	15	0	언니 덕분에 그래도 마음이 많이 풀렸어. 아깐 정말 열받고 폭발할 것 같았는데 고마워, 다시 연락할게!	Y	2022-06-20 13:54:49	2022-11-08 03:38:56
