id	utterance_id	utterance_type	utterance_text	terminate	regDate	updDate
BE22020364	1	0	야, 동생아. 이게 무슨 일이람. 나 새로 산 운동화 없어졌다. 우리 반 일진 있잖아. 일진이 내 운동화 뺏어가서 화가나.	N	2022-09-23 01:03:43	2022-11-08 05:36:18
BE22020364	2	1	응? 언니 무슨 말이야. 어떤 큰일 있었어?	N	2022-09-23 01:03:43	2022-09-23 01:03:43
BE22020364	3	0	그 녀석은 우리 반 애들을 모두 자기 부하로 알아. 내가 부하니까 운동화도 상납해야 한다는 말도 안 되는 얘길 하더라.	N	2022-09-23 01:03:43	2022-11-08 05:36:18
BE22020364	4	1	정말? 어떡해. 언니가 그 운동화 진짜 좋아했었는데, 너무 슬프다. 그런 얘기 들으면 정말 어처구니 없을 거 같아. 그 사람 진짜 이상해!	N	2022-09-23 01:03:43	2022-11-08 05:36:18
BE22020364	5	0	맞아, 내 브랜드 신발, 어차피 나는 일주일 도 못 신고 잃어버렸을 수도 있으니까. 그냥 잃어버린 샘 쳐야 할까.	N	2022-09-23 01:03:43	2022-11-08 05:36:18
BE22020364	6	1	언니, 너무 기분 안 좋을 것 같아. 내가 해 줄 수 있는 건 없을까?	N	2022-09-23 01:03:43	2022-11-08 05:36:18
BE22020364	7	0	안돼 어차피 안 될 거야. 친구들? 이런 일을 모를까? 나만 당하는 일도 아니고 뭘 할 수 있겠어.	N	2022-09-23 01:03:43	2022-09-23 01:03:43
BE22020364	8	1	어쩌면 좋아. 언니가 너무 상처받지 않았으면 좋겠어. 나도 누군가에게 이런 일 당하면 너무 끔찍해서 아무 생각도 안 날 거 같아. 운동화도 걱정이지만 언니 마음이 안 다치면 좋겠기에 언니가 더 걱정이야.	N	2022-09-23 01:03:43	2022-11-08 05:36:18
BE22020364	9	0	근데 어떡하겠어. 부모님이나 선생님들한테 말해도 해결안 될 거 같아. 내가 참아야지. 내가 눈에 띈 게 잘못이겠지.	N	2022-09-23 01:03:43	2022-11-08 05:36:18
BE22020364	10	1	언니가 이겨 낼 수 있는 일이면 언니가 잘할 거라고 생각해. 그렇지만 그것보다 어려운 일이라면 꼭 이야기해 주면 좋겠어. 나도 들어주는 것밖에 못 하지만 언니 동생이고 가족이야.	N	2022-09-23 01:03:43	2022-11-08 05:36:18
BE22020364	11	0	내가 잘못한 거로 하고 넘어가는 게 맞겠어. 그럼 아무도 기분 나쁜 일 없을 거야. 너도 어디 가서 얘기 하지 마.	N	2022-09-23 01:03:43	2022-11-08 05:36:18
BE22020364	12	1	그런데 그렇게 해도 언니 마음 다치지 않겠어? 정말 아무도 기분 나쁜 일 없는 거야? 난 언니가 제일 중요해, 언니가 정말 바라는 일이라면 그렇게 하지만 언니를 위하는 행동이 되고 싶어.	N	2022-09-23 01:03:43	2022-11-08 05:36:18
BE22020364	13	0	아니. 사실은 나 이렇게 넘어가고 싶지 않아. 무기력하게 당하고만 있고 싶지 않아. 누군가 내 편을 들어주고 같이 대응해 주면 좋겠어.	N	2022-09-23 01:03:43	2022-11-08 05:36:18
BE22020364	14	1	언니, 난 항상 언니 편이야. 같이 도움을 받을 수 있는 사람들이 있을지 같이 얘기해 보자. 나도 언니 곁에 있을게 언니가 괜찮은 만큼만 얘기해줘.	N	2022-09-23 01:03:43	2022-09-23 01:03:43
BE22020364	15	0	응, 한번 해 보자.	Y	2022-09-23 01:03:43	2022-09-23 01:03:43
