id	utterance_id	utterance_type	utterance_text	terminate	regDate	updDate
BE22015816	1	0	언니. 나 아까 진짜 화 많이 났어.	N	2022-08-26 04:30:58	2022-08-26 04:30:58
BE22015816	2	1	왜? 안 좋은 일 있었어?	N	2022-08-26 04:30:58	2022-08-26 04:30:58
BE22015816	3	0	아까 위층 아줌마가 파마하고 우리 집 놀러 와서 나 취업했냐고 물어보시더라고. 아직 못했는데 물어보니까 분노가 솟구쳤어.	N	2022-08-26 04:30:58	2022-08-26 04:30:58
BE22015816	4	1	힘든 거 참아가며 열심히 취업 중인데 누군가 물어보면 화가 날 만하지. 몸도 힘들지만, 특히 마음이 무거운 걸 견디고 있으니 말이야.	N	2022-08-26 04:30:58	2022-11-08 05:05:25
BE22015816	5	0	아무도 내 취업에 대해 말 안 했으면 좋겠어. 또 건드리면 화가 폭발할 것 같아.	N	2022-08-26 04:30:58	2022-08-26 04:30:58
BE22015816	6	1	취업 준비 때는 그렇게 화나는 감정이 주체가 안 되는 거 이해해. 언니도 그랬거든. 하지만 이 분노한 감정을 시시때때로 분출하면 너 스스로 네가 별로라는 생각이 들 수 있어. 그냥 차분한 마음가짐 가질걸, 하면서 말이야.	N	2022-08-26 04:30:58	2022-11-08 05:05:25
BE22015816	7	0	맞아. 내가 또 화가 나는 부분이 바로 그거야. 실은 놀러 온 윗집 아줌마가 악의적으로 취업 여부를 물어본 것도 아니실 거 아냐. 그런데 화나는 나 자신한테 화도 나더라고.	N	2022-08-26 04:30:58	2022-11-08 05:05:25
BE22015816	8	1	네가 화가 여러 방면에서 나서 골머리를 앓을 정도였겠어. 그러면 이렇게 화가 날 때마다 나한테 관심이 많다고 긍정적으로 생각하면 어떨까? 그럼 분명 화가 나서 쿵쾅거렸던 가슴이 조금은 진정될 수 있을 거야.	N	2022-08-26 04:30:58	2022-11-08 05:05:26
BE22015816	9	0	하긴 매번 화 나는 감정인 채로 있을 수도 없는데. 언니 말대로 조금씩이라도 노력해보면 마음이 한결 가벼워질까?	N	2022-08-26 04:30:58	2022-08-26 04:30:58
BE22015816	10	1	그렇고말고. 그리고 당장은 누가 너한테 취업 어떻게 됐냐고 물어보면 화가 정말 날 것 같아. 하지만 막상 의연해지자고 마음먹으면 분명 여유로운 마음으로 대답을 잘하기까지 할 거야. 처음에 화로 요동치는 가슴 가라앉히는 게 어려운 거지 두 번째는 쉬워.	N	2022-08-26 04:30:58	2022-11-08 05:05:26
BE22015816	11	0	그렇게 말해줘서 고마워, 언니. 덕분에 화나서 쿵쾅거렸던 가슴을 다스려볼 수 있을 것 같아.	N	2022-08-26 04:30:58	2022-08-26 04:30:58
BE22015816	12	1	정말 다행이고, 또 좋은 자세다! 다음번에 또 위층 아줌마가 파마하고 놀려오셔서 취업 어떻게 됐냐고 물으시더라도 분노가 솟구치지 않을 거야. 그리 너 자신한테도 화가 나더라도 금세 평온한 감정을 되찾을 거고.	N	2022-08-26 04:30:58	2022-11-08 05:05:26
BE22015816	13	0	응! 내 상황이 아무리 힘들더라도 내 분노한 감정 잘 다스려보고 싶어. 조언과 위로 고마워, 언니.	N	2022-08-26 04:30:58	2022-08-26 04:30:58
BE22015816	14	1	고맙긴 뭘. 내 동생이 마음이 누구보다도 편안한 상태라면 언니가 무슨 말이든 못하겠어. 또 화나는 감정이 일면 망설임 없이 연락해.	N	2022-08-26 04:30:58	2022-11-08 05:05:26
BE22015816	15	0	알겠어. 역시 우리 언니밖에 없다. 정말 고마워서 미소가 나와!	Y	2022-08-26 04:30:58	2022-08-26 04:30:58
