id	utterance_id	utterance_type	utterance_text	terminate	regDate	updDate
BE22014125	1	0	언니, 요즘 너무 분노가 치밀어. 부하 직원에게 보고 자료를 준비하라고 했는데, 일주일 동안 수정을 해도 영 마음에 들지 않아. 생각할수록 짜증이 나고 스트레스가 쌓여.	N	2022-08-13 22:18:56	2022-08-13 22:18:56
BE22014125	2	1	내 동생이 요즘 회사 일로 화가 많이 난 것 같구나. 언니도 네 이야기를 들으니 울화통이 터지네.	N	2022-08-13 22:18:56	2022-08-13 22:18:56
BE22014125	3	0	이번 창립 기념일에 발표할 중요한 보고서를 준비하는데, 직원이 도와주지 않으니 안달이 나. 발표가 며칠 남지 않아서 조바심이 나고 정말 열받아.	N	2022-08-13 22:18:56	2022-11-08 04:54:54
BE22014125	4	1	언니는 부하 직원이 자료 복사만 잘 못 해도 노여움이 들거든. 내 동생이 그렇게 분노하는 것도 너무나 당연한 일이야.	N	2022-08-13 22:18:56	2022-11-08 04:54:54
BE22014125	5	0	3년 전에 회사에서 제주도로 단체 여행을 갔을 때, 그 직원이 실수해서 모두 고생했거든. 그때 기억을 떠올리니 화가 나서 손이 부들부들 떨리는 것 같아.	N	2022-08-13 22:18:56	2022-11-08 04:54:54
BE22014125	6	1	내 동생이 이렇게 화난 모습은 처음 보는 것 같아. 무슨 말로 널 위로해 줘야 할지 몰라 안타깝네.	N	2022-08-13 22:18:56	2022-08-13 22:18:56
BE22014125	7	0	이제는 회사에 출근해서 보고 자료를 준비할 생각만 해도 속에서 천불이 나. 부하 직원에게 대놓고 화를 낼 수도 없으니, 화가 머리끝까지 나는 것 같아.	N	2022-08-13 22:18:56	2022-11-08 04:54:54
BE22014125	8	1	내 동생은 누구보다도 관대하고 긍정적인 성격이잖아. 상대방이 실수를 저질러도 늘 따뜻하게 감싸 주고. 그러니 이제 너무 화내지 말고, 얼른 마음 풀었으면 좋겠어.	N	2022-08-13 22:18:56	2022-11-08 04:54:54
BE22014125	9	0	조금 전만 하더라도 화가 나서 미칠 것 같았는데, 언니 이야기를 들으니 마음이 많이 편안해졌어. 힘들어하는 나를 위로하고 격려해줘서 정말 고마워.	N	2022-08-13 22:18:56	2022-11-08 04:54:54
BE22014125	10	1	내 동생이 평소처럼 밝은 모습으로 돌아와서 정말 다행이야. 네 마음이 한결 가벼워진 것 같아서 언니도 기뻐.	N	2022-08-13 22:18:56	2022-08-13 22:18:56
BE22014125	11	0	언니의 말이 내게 얼마나 큰 위로와 힘이 되는지, 언니는 아마 상상도 못 할 거야. 이번 부하 직원 일도 내가 좀더 느긋하게 생각해야겠어.	N	2022-08-13 22:18:56	2022-11-08 04:54:54
BE22014125	12	1	그래, 넌 집과 회사에서 늘 현명하게 대처하니, 이번 일도 잘 해낼 거라 믿어. 그러니 항상 마음 편안하게 가지도록 해.	N	2022-08-13 22:18:56	2022-11-08 04:54:54
BE22014125	13	0	나에게 언니가 있는 건 정말 큰 행운이자 축복인 것 같아. 힘들 때나 기쁠 때나 늘 언니와 일상을 공유할 수 있어서 정말 행복해.	N	2022-08-13 22:18:56	2022-08-13 22:18:56
BE22014125	14	1	나도 너 같은 동생이 있어서 정말 좋아. 앞으로도 서로 의지하고 도우며 사이좋게 지내기로 하자.	N	2022-08-13 22:18:56	2022-11-08 04:54:54
BE22014125	15	0	언니를 보면서 정말 많은 것을 배우게 돼. 오늘 동생의 못난 투정을 받아 줘서 진심으로 고맙게 생각해. 건강하게 잘 지내고, 내가 조만간 또 연락할게.	Y	2022-08-13 22:18:56	2022-08-13 22:18:56
