id	utterance_id	utterance_type	utterance_text	terminate	regDate	updDate
BE22001238	1	0	형, 앞으로 집에 조카 데려오기 전에는 형수님께 미리 연락 좀 해달라고 살짝 이야기 전해줘.	N	2022-06-14 07:28:05	2022-11-08 03:32:23
BE22001238	2	1	왜? 오늘 집에서 무슨 일 있었어?	N	2022-06-14 07:28:05	2022-11-08 03:32:23
BE22001238	3	0	오늘 조카 오는 줄 몰랐는데 퇴근하고 와보니까 집에 있더라. 근데 내 방에서 놀았는지 내 한정판 프라모델 하나를 완전 박살 내놨어.	N	2022-06-14 07:28:05	2022-11-08 03:32:23
BE22001238	4	1	한정판이라고? 맙소사 멘탈 나간 거 아니지? 내가 대신 사과할게, 미안하다.	N	2022-06-14 07:28:05	2022-11-08 03:32:23
BE22001238	5	0	속상해도 이미 벌어진 일이니 어떻게 하겠어. 근데 엄마가 자꾸 네가 애도 아니고 장난감 가지고 뭘 그리 우울해 하냐고 구박해서 더 스트레스야.	N	2022-06-14 07:28:05	2022-11-08 03:32:23
BE22001238	6	1	나이 들었다고 아끼는 것들에 대한 마음 크기가 달라지는 건 아닌데 엄마가 몰라주시네. 소중한 것이 망가졌으니 우울한 게 당연하지.	N	2022-06-14 07:28:05	2022-11-08 03:32:23
BE22001238	7	0	그러니까 말이야. 그거 구하는 것도 힘들었지만 조립하는 데도 엄청 오래 걸린 공들인 작품이라고.	N	2022-06-14 07:28:05	2022-11-08 03:32:23
BE22001238	8	1	나도 당연히 이해하지. 상심이 얼마나 크겠냐. 그래도 그 와중에 화도 안 내고 가족들한테 싫은 소리 한번 안 한 게 대단하고 고맙다.	N	2022-06-14 07:28:05	2022-11-08 03:32:23
BE22001238	9	0	엄마가 잔소리하니까 형수님이 옆에서 괜히 내 눈치 보면서 사과하시는데 어떻게 뭐라고 하겠어.	N	2022-06-14 07:28:05	2022-11-08 03:32:23
BE22001238	10	1	게임 시디 아들이 가지고 놀다가 부러뜨렸을 때 나는 한동안 억울해서 넋이 나갔었어. 불만 표출을 할 수가 없으니 답답하던데 넌 마음 빨리 다잡는 게 나보다 낫다.	N	2022-06-14 07:28:05	2022-11-08 03:32:23
BE22001238	11	0	에이 그 정도는 아니야. 이미 지난 일이니 다시 생각해서 뭐가 나아지나 정도지.	N	2022-06-14 07:28:05	2022-11-08 03:32:23
BE22001238	12	1	내가 중고로라도 같은 모델 구할 수 없는지 한번 알아볼게. 너무 쳐져 있지 말고 기운 내.	N	2022-06-14 07:28:05	2022-11-08 03:32:23
BE22001238	13	0	됐어. 괜찮아. 프라모델 조립하면서 즐거웠던 추억으로 가슴속에 남기고 보내주면 되는 거니까.	N	2022-06-14 07:28:05	2022-11-08 03:32:23
BE22001238	14	1	그래도 아끼는 걸 잃은 건데 허전할 거 아니야. 한번 찾아는 볼 테니까 너무 부담 갖지 마라.	N	2022-06-14 07:28:05	2022-11-08 03:32:23
BE22001238	15	0	신경 써줘서 고마워. 역시 그 가치를 알아주는 사람이랑 대화해야 마음이 편하다니까.	Y	2022-06-14 07:28:05	2022-11-08 03:32:24
