id	utterance_id	utterance_type	utterance_text	terminate	regDate	updDate
BE22014163	1	0	동생아, 나 지금 너무 화가 나고 귀찮은 일이 생겼는데 어떻게 대처해야 할까?	N	2022-08-14 12:30:49	2022-08-14 12:30:49
BE22014163	2	1	아침부터 무슨 일이야. 안 좋은 일이라도 생긴 거야?	N	2022-08-14 12:30:49	2022-08-14 12:30:49
BE22014163	3	0	전에 다니던 회사에서 나오기 전에 인수인계해 준 직원한테 계속 연락이 와. 일에 대해서 계속 물어보는데 이제는 화가 나더라. 회사 직원들한테 물어보면 될 거를 관둔 나한테 전화를 왜 해? 정말 성가셔!	N	2022-08-14 12:30:49	2022-08-14 12:30:49
BE22014163	4	1	언니 진짜 화가 날 수밖에 없겠다. 말로만 듣는 나도 이렇게 화가 나고 어이없는데 언니는 오죽하겠어. 언니의 심정이 어떨지 너무 이해돼.	N	2022-08-14 12:30:49	2022-11-08 04:55:10
BE22014163	5	0	회사 관둔 지가 한 달이 넘어가는 데 자꾸 전화 와서 이것저것 물어보고, 신경질 나 죽겠어. 이제는 나도 거절해야 하는데 그걸 못하는 나 자신한테 부아가 치밀기도 해.	N	2022-08-14 12:30:49	2022-11-08 04:55:10
BE22014163	6	1	왜 안 그러겠어, 나였어도 화가 나지 누구나 그런 일을 겪으면 화가 날 수밖에 없어. 그건 언니가 착해서 그런 거니까 자신을 너무 자책하면서 상처받지는 않았으면 좋겠어. 조금 더 용기를 낼 수 있는 언니가 되었으면 좋겠다.	N	2022-08-14 12:30:49	2022-11-08 04:55:10
BE22014163	7	0	너라도 날 이해해 주니 고맙네. 그래도 이런 일이 있을 때마다 이런 성격이 너무 싫더라. 나도 할 말은 하면서 살고 싶은데 그걸 못하니까 속으로 천 불만 나고 속병이 나.	N	2022-08-14 12:30:49	2022-08-14 12:30:49
BE22014163	8	1	지금 힘든 건 알겠지만 언니 본인을 위해서라도 지금은 좀 마음의 진정이 필요한 거 같아. 그리고 이겨내고자 하는 의지를 갖는다면 반드시 이겨낼 수 있을 거라 생각해.	N	2022-08-14 12:30:49	2022-08-14 12:30:49
BE22014163	9	0	너의 말을 들어보니 내가 너무 안 좋은 쪽으로만 생각했던 거 같네. 덕분에 조금은 마음이 놓이는 거 같고 이겨낼 수 있을 거 같은 용기도 생겼어.	N	2022-08-14 12:30:49	2022-11-08 04:55:10
BE22014163	10	1	오히려 내 말에 마음이 편해졌다니 정말 다행이고 말해 준 보람이 있네. 그런 의지와 용기로 꼭 이겨낼 수 있기를 바랄게.	N	2022-08-14 12:30:49	2022-08-14 12:30:49
BE22014163	11	0	어디 하소연할 데도 없어서 혼자 너무 답답했었거든. 너랑 이렇게 대화하고 나니까 속이 많이 후련해졌어. 너한테 얘기하길 잘했다는 생각이 들어.	N	2022-08-14 12:30:49	2022-11-08 04:55:10
BE22014163	12	1	언제든 고민이나 힘든 일이 있으면 혼자 끙끙 앓지 말고 나한테 얘기해. 마음이 힘든 일을 겪었는데 말할 사람까지 없으면 너무 슬프고 힘들 거 같아.	N	2022-08-14 12:30:49	2022-08-14 12:30:49
BE22014163	13	0	네가 내 동생이라는 게 너무 든든하다. 별일 아닌 내 얘기에 진심으로 공감해 주고 응원까지 해줘서 정말 고마워. 내가 조만간 맛있는 거 사줄 게 얼굴이나 한번 보자.	N	2022-08-14 12:30:49	2022-11-08 04:55:10
BE22014163	14	1	그래 준다면 나야 너무 좋지! 그때는 언니가 모든 걸 극복해낸 후여서 웃는 얼굴로 만날 수 있으면 좋겠다.	N	2022-08-14 12:30:49	2022-11-08 04:55:10
BE22014163	15	0	응, 나도 그럴 수 있도록 열심히 노력해 볼게. 그럼 다시 연락하자.	Y	2022-08-14 12:30:49	2022-08-14 12:30:49
