id	utterance_id	utterance_type	utterance_text	terminate	regDate	updDate
BE22016052	1	0	우리 동아리에 학번이 좀 오래된 선배가 계시는데 MZ 세대 문화를 전혀 이해 못하시는 분이야. 그런데 늘 굳이 이상한 타이밍에 개그랍시고 주변 사람을 비난하거나 놀리기도 하면서 따라 하거든. 매번 그 모습을 보다 보니 이제는 짜증이 나는 걸 넘어서 화가 나. 내가 예민한 걸까?	N	2022-08-28 23:45:27	2022-11-08 05:06:53
BE22016052	2	1	나 같아도 그런 사람에게 어떻게 반응해줘야 할지 알 수 없어서 당황스럽고 짜증 날 거 같다. 더군다나 절대 언니가 예민한 게 아니야. 상대방을 비난하는 일은 그 어떤 상황에서도 용납할 수 없는 일인 거 모두 잘 알잖아.	N	2022-08-28 23:45:27	2022-11-08 05:06:53
BE22016052	3	0	그렇게 말해줘서 고맙다. 아무튼 설명해줘도 이해하지 못하고 심지어 이해하려는 노력도 안 해. 그냥 다들 쓰는 말이니까 아는 척이 하고 싶어서 따라 쓰는 거야.	N	2022-08-28 23:45:27	2022-11-08 05:06:53
BE22016052	4	1	아 어떻게든 어울리고는 싶은데 거드름도 피우고 싶으신가 보다. 옆에서 같이 있어야 하는 언니는 꽤 곤란할 수 있겠구나. 하나하나 반응해줘야 하는 언니 마음이 굉장히 피곤할 거 같아.	N	2022-08-28 23:45:27	2022-11-08 05:06:53
BE22016052	5	0	내 말이 그 말이야. 당황스럽다가 스트레스를 받았다가 무시하고 싶은데 고학번이니 그것도 어렵고. 같은 동아리라서 얼굴도 계속 봐야 하는데 말이지.	N	2022-08-28 23:45:27	2022-11-08 05:06:53
BE22016052	6	1	나도 예전에 아르바이트했던 곳에 그런 사람이 있었거든. 언니가 지금 어떤 심정인지 너무 잘 알아서 더 속상하네. 즐거워야 할 동아리가 화와 짜증으로 물든다면 그거만큼 시간 아까워지는 일이 또 어디 있겠어.	N	2022-08-28 23:45:27	2022-11-08 05:06:53
BE22016052	7	0	뜻을 알려주면 받아들이고 적절하게 쓰기라도 했으면 좋겠는데. 고래고래 소리만 지르고 혼자 웃고 넘기니 울컥 화가 나더라고.	N	2022-08-28 23:45:27	2022-08-28 23:45:27
BE22016052	8	1	주변 사람들도 언니와 같은 마음일 테니 그러지 말고 아니면 점점 같이하는 자리를 좀 피해 보면 어떨까? 그리고 이런 상황이 굉장히 곤란하다고 정리해서 동아리 담당자에게 이야기라도 해보는 거야. 직접 말하는 건 언니 마음에도 부담스러울 테니 부담을 더는 방향으로 말이야.	N	2022-08-28 23:45:27	2022-11-08 05:06:53
BE22016052	9	0	응, 정말 그렇게라도 해봐야겠어. 주변 사람들한테 의견을 물어서라도 말이야. 공감화자 너한테 토로하길 잘한 거 같아.	N	2022-08-28 23:45:27	2022-11-08 05:06:53
BE22016052	10	1	얼마나 답답했으면 동생인 나한테 털어놓기까지 했겠어. 언니 마음이 얼마나 심란할지 느껴져서 나도 속상하다.	N	2022-08-28 23:45:27	2022-11-08 05:06:54
BE22016052	11	0	아냐, 그래도 네가 이렇게 이야기해주니까 조금이나마 나아지는 거 같아. 혼자 앓고 있을 때보다는 훨씬 나은걸?	N	2022-08-28 23:45:27	2022-11-08 05:06:54
BE22016052	12	1	그렇다면 정말 다행이야. 언니의 장점은 남을 잘 살피고 주변에 예민하게 반응한다는 거니까 분명 주변 사람들도 언니와 비슷하게 느낄 거야. 그러니 잘 이야기해보고 해결되었으면 좋겠다.	N	2022-08-28 23:45:27	2022-11-08 05:06:54
BE22016052	13	0	좋게 말해줘서 고마워. 이 일이 해결되면 다시 얘기해줄게.	N	2022-08-28 23:45:27	2022-08-28 23:45:27
BE22016052	14	1	응, 연락 기다리고 있을게!	Y	2022-08-28 23:45:27	2022-11-08 05:06:54
