id	utterance_id	utterance_type	utterance_text	terminate	regDate	updDate
BE22020584	1	0	언니, 나 기숙사 뛰쳐나가고 싶어. 분노로 지금 손이 다 떨려.	N	2022-09-23 03:32:23	2022-09-23 03:32:23
BE22020584	2	1	왜? 갑자기 무슨 일이야?	N	2022-09-23 03:32:23	2022-09-23 03:32:23
BE22020584	3	0	룸메이트가 청소를 안 해. 나도 깨끗한 편은 아니지만 얘는 정말 정도가 심한 것 같아. 생판 남과 함께 사는 것에 대한 배려가 전혀 없어.	N	2022-09-23 03:32:23	2022-09-23 03:32:23
BE22020584	4	1	그 좁은 기숙사에서 둘이 붙어사는데 한 명이 청소를 안 하면 정말 힘들겠다. 네가 너무 스트레스받는 것 같아 걱정이 돼. 넌 안 그래도 깔끔한 성격인데 그런 생활 습관이 안 맞으면 정말 괴로울 것 같아.	N	2022-09-23 03:32:23	2022-11-08 05:37:39
BE22020584	5	0	스트레스받는 정도가 아니라 분노가 치밀어. 이제는 얼굴만 봐도 화병이 날 지경이야. 처음엔 내가 너무 깔끔 떠는 건가 했는데 쟤가 청소를 아예 안 하는 거였어.	N	2022-09-23 03:32:23	2022-11-08 05:37:39
BE22020584	6	1	가족끼리도 안 맞는 점이 있으면 화나는데 만난 지 얼마 안 된 룸메이트라 얼마나 힘들겠니. 네 마음 충분히 알 것 같아. 게다가 지저분한 사람과 함께 방을 쓰는 것만큼 스트레스인 게 없잖아.	N	2022-09-23 03:32:23	2022-11-08 05:37:39
BE22020584	7	0	그러니까. 엄마가 나한테 왜 맨날 잔소리했는지 정말 이해가 된다니까. 바닥에 머리카락 떨어진 거 볼 때마다 화가 나서 미치겠어.	N	2022-09-23 03:32:23	2022-09-23 03:32:23
BE22020584	8	1	나도 그런 걸 정말 못 견디는 스타일이라 네 마음을 너무 알겠어. 그렇게 일 년을 함께 살아야 한다니, 네가 너무 고통스러울 것 같아.	N	2022-09-23 03:32:23	2022-11-08 05:37:39
BE22020584	9	0	이거 치워라 저거 치워라 말하는 것도 한두 번이지. 이제는 정말 못 견디겠어. 대판 싸우기 일보 직전이야.	N	2022-09-23 03:32:23	2022-09-23 03:32:23
BE22020584	10	1	안 그래도 나가 사는 게 마음에 걸리는데 네가 힘들어 보여서 마음이 아프다. 지금 당장은 맞춰 가는 게 힘들더라도 조금 지나보면 조율이 되지 않을까? 생판 남과 함께 사는 게 쉬운 일이 아니니까, 조금만 견디고 참아보자.	N	2022-09-23 03:32:23	2022-11-08 05:37:39
BE22020584	11	0	아직 알고 지낸 지 얼마 되지 않아서 그런 걸까? 언니 말처럼 차라리 그런 거였으면 좋겠다.	N	2022-09-23 03:32:23	2022-09-23 03:32:23
BE22020584	12	1	서로를 자세히 알아가다 보면 이해하는 면이 생겨날 거야. 청소 규칙 같은 것도 그때 다시 이야기해 보면 되고. 그러니 너무 스트레스받고 힘들어하지 않았으면 좋겠어.	N	2022-09-23 03:32:23	2022-11-08 05:37:39
BE22020584	13	0	안 그래도 언니랑 이야기하다 보니까 기분이 좀 풀리는 것 같아. 이런 시행착오를 먼저 겪은 언니가 위로해 주고 이야길 들어 주니까 마음이 한결 편해.	N	2022-09-23 03:32:23	2022-11-08 05:37:39
BE22020584	14	1	다행이다. 나가 살면 고생인데, 네가 너무 힘들까 봐 걱정돼. 너무 힘들면 오늘처럼 언니한테 꼭 말해줘.	N	2022-09-23 03:32:23	2022-09-23 03:32:23
BE22020584	15	0	알았어. 언니 덕분에 기분이 정말 좋아졌어. 언제나 내 편 들어줘서 고마워.	Y	2022-09-23 03:32:23	2022-09-23 03:32:23
