id	utterance_id	utterance_type	utterance_text	terminate	regDate	updDate
BE22018078	1	0	오늘은 기숙사에 들어가지 말까? 오늘 언니 집에 가서 자고, 내일 학교로 갔으면 좋겠어.	N	2022-09-14 02:16:40	2022-09-14 02:16:40
BE22018078	2	1	왜 그러니? 무슨 일 있어?	N	2022-09-14 02:16:40	2022-09-14 02:16:40
BE22018078	3	0	룸메이트 때문에 너무 성가셔서 화가 나. 나랑 있으면 너무 편안하다고 하면서 끊임없이 얘기하는 거야. 걔가 쉬지 않고 나한테 말을 거니까 혼자 있을 공간이 필요해.	N	2022-09-14 02:16:40	2022-11-08 05:19:15
BE22018078	4	1	아무리 네가 좋아도 그럴 수는 없지. 각자 할 일이 있는데 어떻게 계속 얘기만 하면서 지내겠니?	N	2022-09-14 02:16:40	2022-11-08 05:19:15
BE22018078	5	0	나도 그렇게 생각하거든. 그런데 걔는 밖에서 있었던 일을 하나에서 열까지 다 나한테 얘기하거든. 내가 좋다면서 그러니까 말을 끊는 것이 부담되어서 억지로 듣고 있다가 화가 나.	N	2022-09-14 02:16:40	2022-09-14 02:16:40
BE22018078	6	1	듣지 않아도 되는 말까지 억지로 들어야 한다면 나라도 화가 날 거야. 네 마음을 알겠어. 내가 그 상황이었어도 화가 날 거야.	N	2022-09-14 02:16:40	2022-11-08 05:19:15
BE22018078	7	0	나를 좋은 친구라고 생각해주는 건 고마운데, 걔가 하는 말을 다 들어줘야 하니까 자꾸 화가 나. 내게 기대는데 다 받아주지 못하니까 그것도 미안하고.	N	2022-09-14 02:16:40	2022-11-08 05:19:15
BE22018078	8	1	친구 사이에 허물없이 지내는 건 좋은 일이야. 그런데 화가 날 정도로 친구가 네게 기댄다면 그게 네 탓은 아니야. 그러니까 친구에게 미안한 느낌도 마음에 담아두지 마.	N	2022-09-14 02:16:40	2022-11-08 05:19:15
BE22018078	9	0	언니가 그렇게 말하니까 마음이 한결 편해진다. 친구가 성가시게 느껴져서 화가 났는데, 친구의 태도가 내 탓은 아니라고 생각하니까 좀 낫네.	N	2022-09-14 02:16:40	2022-11-08 05:19:15
BE22018078	10	1	친구가 성가시게 느껴질 때는 친구에게 네 마음을 솔직히 얘기하는 것도 괜찮을 것 같아. 친구가 무안해하지 않도록 잘 얘기하면 되지 않을까. 그러면 네가 친구 때문에 성가셔서 화나는 일은 없을 텐데.	N	2022-09-14 02:16:40	2022-11-08 05:19:15
BE22018078	11	0	친구와 좋은 관계를 유지하되 지나치게 서로에게 기대지 않으면서 지내고 싶어. 그런데 그게 참 어렵게 느껴져.	N	2022-09-14 02:16:40	2022-09-14 02:16:40
BE22018078	12	1	사실 그건 내게도 어려운 문제야. 누구에게나 혼자 있을 공간은 필요하게 마련이거든.	N	2022-09-14 02:16:40	2022-11-08 05:19:15
BE22018078	13	0	언니도 어렵게 느끼는구나. 나는 이런 문제로 화가 나서 내가 무능력하게 느껴지기도 했거든.	N	2022-09-14 02:16:40	2022-09-14 02:16:40
BE22018078	14	1	친구와 적당한 거리를 유지하는 일은 누구에게나 쉽지 않아. 그러니까 화난 마음 가라앉히고 친구랑 차분하게 얘기해 봐.	N	2022-09-14 02:16:40	2022-11-08 05:19:15
BE22018078	15	0	내 얘기 들어줘서 고마워. 언니 덕분에 마음이 한결 낫네. 나중에 또 연락할게.	Y	2022-09-14 02:16:40	2022-11-08 05:19:15
