id	utterance_id	utterance_type	utterance_text	terminate	regDate	updDate
BE22019614	1	0	형, 이번에 형이 준 무선 이어폰 좋은데 중고로 팔아도 돼?	N	2022-09-22 03:25:38	2022-09-22 03:25:38
BE22019614	2	1	갑자기 왜? 무선 이어폰 필요해서 하나 사려고 했잖아. 크기나 음질이 괜찮다고 좋아했잖아.	N	2022-09-22 03:25:38	2022-09-22 03:25:38
BE22019614	3	0	그랬지. 그런데 써보니까 귀가 간지럽고 딱쟁이가 생기네. 편하게 음악 듣고 싶은데 오히려 신경이 쓰여서 짜증이나.	N	2022-09-22 03:25:38	2022-09-22 03:25:38
BE22019614	4	1	나도 귀에 안 맞는 이어폰 몇 달 쓰다가 외이도염 진단을 받았거든. 그거 엄청 간지럽고 심하면 귀에서 고름도 나와. 혹시 지금 그런 상태니?	N	2022-09-22 03:25:38	2022-09-22 03:25:38
BE22019614	5	0	응, 형이 말한 증상이 지금 딱 그래. 어떤 날은 퉁퉁 부어서 통증이 심하면 전화 받기도 힘들어.	N	2022-09-22 03:25:38	2022-09-22 03:25:38
BE22019614	6	1	형은 네가 필요로 하는 것 같아서 선물로 준비했는데 너한테 불편함이 생기니 미안해진다. 나도 경험해봐서 얼마나 불편한지 알거든 그 정도면 빨리 병원에 가야 할 것 같아.	N	2022-09-22 03:25:38	2022-11-08 05:26:20
BE22019614	7	0	사실 형이 준 선물이라 말 안 하고 있었거든. 그런데 사용할수록 생활에 불편함이 생겨서 형한테 물어봤어.	N	2022-09-22 03:25:38	2022-11-08 05:26:20
BE22019614	8	1	지금은 이어폰 보다 네 귀 치료가 우선인 것 같아. 당분간은 이어폰 사용하지 않는 게 좋겠다.	N	2022-09-22 03:25:38	2022-11-08 05:26:20
BE22019614	9	0	선물 받아서 처음 써 본 무선 이어폰이라 더 만족했어. 유선 이어폰하고 차이가 없을 줄 알았는데 그게 아니라 조금 아쉬워.	N	2022-09-22 03:25:38	2022-09-22 03:25:38
BE22019614	10	1	그래, 지금 누구보다 마음 상한 건 너지. 기분 좋게 받은 선물이지만 사용하면서 불편함이 생기고 병까지 얻었잖아. 그 아쉬움은 뒤로 하고 우선 병원부터 가고 이어폰은 나중에 생각하자.	N	2022-09-22 03:25:38	2022-11-08 05:26:20
BE22019614	11	0	형 말이 맞는 것 같아. 선물 받아서 기분은 좋지만, 건강이 우선이니까 무선 이어폰은 포기하는 게 맞는 것 같아.	N	2022-09-22 03:25:38	2022-09-22 03:25:38
BE22019614	12	1	나한테 맞는 신발이 있듯 너한테 맞는 이어폰도 따로 있을 거야. 그러니까 너무 마음 상하지 않았으면 좋겠다.	N	2022-09-22 03:25:38	2022-11-08 05:26:20
BE22019614	13	0	내 욕심이 너무 과했어. 형 말이 무슨 말인지 충분히 알았어. 그리고 내 건강까지 챙겨줘서 더 고맙다.	N	2022-09-22 03:25:38	2022-09-22 03:25:38
BE22019614	14	1	아니야, 귀 치료 다 끝나면 다른 이어폰 알아봐. 형이 미안하니까 다시 선물해 줄게.	N	2022-09-22 03:25:38	2022-11-08 05:26:20
BE22019614	15	0	우리 형 너무 멋진데! 병원 바로 가 볼게. 저녁에 집에서 봐.	Y	2022-09-22 03:25:38	2022-09-22 03:25:38
