id	utterance_id	utterance_type	utterance_text	terminate	regDate	updDate
BE22019300	1	0	언니, 나 남자 친구랑 싸워서 기분이 안 좋아. 남자 친구 때문에 화가 나서 주체가 되지 않아.	N	2022-09-21 06:14:13	2022-11-08 05:25:29
BE22019300	2	1	둘이 그렇게 붙어 다니더니 왜 싸웠어?	N	2022-09-21 06:14:13	2022-11-08 05:25:29
BE22019300	3	0	어저께 데이트하다가 식당에 갔는데 김치찌개를 시켰거든. 난 김치찌개엔 계란말이가 제격이라고 생각해서 계란말이를 추가하려 했지. 그런데 남자 친구는 계란찜을 주문하자는 거야.	N	2022-09-21 06:14:13	2022-11-08 05:25:29
BE22019300	4	1	서로 입맛이 달랐나보네. 남자 친구와 의견이 달라서 우리 동생이 기분이 많이 상했구나. 그래서 어떻게 했어?	N	2022-09-21 06:14:13	2022-11-08 05:25:29
BE22019300	5	0	의견이 다른 것까지는 이해하는데, 김치찌개에 왜 계란말이를 먹냐면서 나한테 핀잔을 주더라고. 나는 그 말에 화가 나는 거야.	N	2022-09-21 06:14:13	2022-11-08 05:25:29
BE22019300	6	1	남자 친구가 네 의견을 무시하는 것 같은 기분이 들었겠다. 그런 상황이면 언니였어도 화가 났을 것 같아. 니 마음이 어땠을지 알 것 같네.	N	2022-09-21 06:14:13	2022-11-08 05:25:29
BE22019300	7	0	남자 친구 말을 듣고 화가나서 나도 막 뭐라하다가 싸우게 된거야. 다시 생각해도 너무 화가 나. 어떻게 나한테 그럴 수 있지?	N	2022-09-21 06:14:13	2022-11-08 05:25:29
BE22019300	8	1	연인 간에 사소한 일로 다투는 경우는 많아. 너무 그때의 감정을 유지하려고 하지 않는 건 어떨까? 평상시처럼 마음을 편하게 가진다면 화나는 마음을 다스리는 데 도움이 될 거야.	N	2022-09-21 06:14:13	2022-11-08 05:25:29
BE22019300	9	0	여자 친구인 내가 김치찌개랑 계란말이를 먹고 싶다는 게 시시비비를 가릴 일은 아니잖아. 남자 친구가 나를 그렇게 대했다는 게 너무 화나.	N	2022-09-21 06:14:13	2022-11-08 05:25:29
BE22019300	10	1	자꾸 당시의 감정을 떠올리다 보면 너도 모르게 분노가 극대화되고 오해가 쌓이게 될 거야. 남자 친구의 행동에 화가 나는 네 마음은 충분히 이해가 돼. 그렇지만 그러지 말고 다른 감정으로 분노를 잊어보는 건 어때?	N	2022-09-21 06:14:13	2022-11-08 05:25:29
BE22019300	11	0	언니 말을 듣고 보니 내가 계속 그때의 감정을 잊지 못하고 분노를 더 상승시켰나 봐. 자꾸 화가 나는 마음이 남자 친구 때문이라고 생각했는데, 내가 스스로 화를 돋우고 있었네.	N	2022-09-21 06:14:13	2022-11-08 05:25:29
BE22019300	12	1	그럴수록 네 마음만 안 좋아지잖아. 나는 화가 날 때 그 마음을 잠시 접어두고 다른 일이나 다른 생각을 하려고 해. 그러다 보면 화가 났던 그 마음이 잊히게 되고 상황을 객관적으로 다시 생각할 수 있게 되더라고.	N	2022-09-21 06:14:13	2022-11-08 05:25:29
BE22019300	13	0	그래. 언니 말대로 남자 친구와 즐거웠던 순간을 생각해보니 분노가 가라앉는 것 같다. 메뉴 선정 의견이 달랐다는 이유로 싸웠다는 것도 우스워지는 것 같아.	N	2022-09-21 06:14:13	2022-11-08 05:25:30
BE22019300	14	1	내가 보기엔 둘이 사랑싸움을 한 것 같아 귀여워 보인다. 분노가 많이 가라앉았을 때 대화로 둘이 잘 풀길 바랄게.	N	2022-09-21 06:14:13	2022-11-08 05:25:30
BE22019300	15	0	응, 고마워 언니. 화난 마음이 언니 덕분에 사르르 녹게 되었어.	Y	2022-09-21 06:14:13	2022-09-21 06:14:13
