id	utterance_id	utterance_type	utterance_text	terminate	regDate	updDate
BE22018599	1	0	언니 잘 지내? 나 오늘 너무 화가 나는 일이 있었어.	N	2022-09-17 02:34:03	2022-09-17 02:34:03
BE22018599	2	1	동생아 오랜만이다. 늘 침착한 네가 화가 나는 일이라니 벌써 걱정되는구나. 편하게 얘기해줘.	N	2022-09-17 02:34:03	2022-11-08 05:22:23
BE22018599	3	0	나에게 돈을 자주 빌리는 친구가 있는데 처음 약속보다 늦게 갚는 일이 자주 있었어. 그래서 매번 참다가 한 번을 재촉을 하니까 오히려 나한테 성질을 내는 거 있지. 본색을 드러냈다면서 뭐라고 하는데 얼마나 화가 났는지 몰라.	N	2022-09-17 02:34:03	2022-09-17 02:34:03
BE22018599	4	1	선의로 돈을 빌려줬는데 오히려 친구의 그런 모습을 보게 되었다면 나였어도 화가 무척 났을거야. 나도 매번 잘해주다가 한 번 화내면 그렇게 정색하고 달려드는 사람을 본 적 있어. 그래서 네 마음이 너무 이해돼.	N	2022-09-17 02:34:03	2022-09-17 02:34:03
BE22018599	5	0	그 동안은 친구가 천천히 갚아도 사정이 있겠거니 하고 다 참았었거든. 그런데 이번에는 나도 돈이 필요한 일이 있다고 해도 별로 개의치 않아 보이는거야. 그래서 한 소리를 했지.	N	2022-09-17 02:34:03	2022-09-17 02:34:03
BE22018599	6	1	한 번만 약속을 어겨도 화가 날 법 한데 네가 상대방 입장에서 배려해주고 참았구나. 역시 마음이 참 넓은 내 동생이라니까.	N	2022-09-17 02:34:03	2022-11-08 05:22:23
BE22018599	7	0	이런 일을 겪고 나니까 사람들에게 잘 해주는 게 맞는지 회의감이 들어. 내가 잘 해줬던 사람들도 내가 한 번만 화를 내면 이럴까 싶기도 하고. 가만히 잘 지내던 나에게 이런 생각을 하게 만든 친구 생각만 하면 참 화가 나.	N	2022-09-17 02:34:03	2022-11-08 05:22:23
BE22018599	8	1	나도 겪고 보니까 좋은 일은 꼭 돌아오더라고. 네가 평소에 남들을 배려하고 이해했던 일들은 분명 네게 좋게 돌아올거야. 그러니까 너무 걱정하진 마.	N	2022-09-17 02:34:03	2022-11-08 05:22:23
BE22018599	9	0	나도 좋게 생각을 가져보려고 하는데, 가만히 있을 때도 그 생각이 자꾸 떠오르는 거 있지. 그럴 때 마다 내가 뭘 그렇게 잘못했나 부터 시작해서 별 화나는 생각이 다 들더라고.	N	2022-09-17 02:34:03	2022-09-17 02:34:03
BE22018599	10	1	쉽진 않겠지만, 다른 사람들의 반응이 네게 영향을 줄 수 없다고 생각해보는 건 어때? 제일 중요한 건 네가 널 어떻게 생각해. 그렇게 생각하면 화가 나는 마음도 잦아들 수 있을 것 같아.	N	2022-09-17 02:34:03	2022-11-08 05:22:23
BE22018599	11	0	그렇게는 생각을 못해봤어. 다른 사람들의 반응이 내게 너무 중요하다고 생각을 했었나봐. 언니 말을 듣다보니까 마음이 한결 나아진다.	N	2022-09-17 02:34:03	2022-11-08 05:22:23
BE22018599	12	1	네가 기분이 좋아졌다니 정말 다행이야, 나도 안도의 미소가 절로 나온다. 다른 사람들의 판단은 절대 네게 영향을 줄 수 없으니, 그걸로 힘들어하지 않았으면 좋겠어.	N	2022-09-17 02:34:03	2022-11-08 05:22:23
BE22018599	13	0	진작 언니한테 고민을 말할 걸 그랬어, 이 고민 때문에 너무 힘들었거든. 이제는 언니 덕분에 마음 편하게 잘 수 있겠어.	N	2022-09-17 02:34:03	2022-09-17 02:34:03
BE22018599	14	1	내가 도움이 되었다니 다행이야. 내 소중한 동생의 얘기는 언제든지 들어줄 수 있어. 그러니까 고민이 생기면 언제든지 연락을 주렴.	N	2022-09-17 02:34:03	2022-11-08 05:22:23
BE22018599	15	0	응 언니 그렇게 할게. 다음엔 내가 직접 만나서 뒷 얘기를 들려줄게, 너무 고마워.	Y	2022-09-17 02:34:03	2022-11-08 05:22:23
