id	utterance_id	utterance_type	utterance_text	terminate	regDate	updDate
BE22020835	1	0	형. 요즘 나 자동차를 놓고 지하철을 이용해서 출퇴근하고 있어. 그런데 출근 시간은 정말 화가 날 정도로 기분이 나빠.	N	2022-09-23 04:44:59	2022-09-23 04:44:59
BE22020835	2	1	왜? 요즘처럼 기름 값이 비쌀 때는 대중교통을 이용하는 것이 괜찮지 않아?	N	2022-09-23 04:44:59	2022-09-23 04:44:59
BE22020835	3	0	나도 그래서 지하철을 이용하고 있어. 그런데 출근 시간의 지하철 안은 사람이 많아 너무 밀리니까 공기가 장난이 아니야. 정말 숨도 못 쉴 것 같고 어느 땐 속에서 부글부글 끓어오를 정도로 화가 나.	N	2022-09-23 04:44:59	2022-09-23 04:44:59
BE22020835	4	1	지하철을 이용하는 사람들은 다 동감할걸. 그 답답함을 안 타본 사람은 모를 거야. 내 옆에 있는 동료도 너처럼 하더니 도저히 못 견디겠다고 다시 자동차로 바꾸었어.	N	2022-09-23 04:44:59	2022-11-08 05:39:07
BE22020835	5	0	힘들어서 나도 여러 번 그런 생각이 들었어. 그런데 정말 안 오른 것이 없고 생활 물가가 오르니 괜히 아내의 눈치가 보이더라구. 그래서 자발적으로 전철을 이용하는데, 계속 이렇게 해야 하나 싶어. 정말 짜증이야.	N	2022-09-23 04:44:59	2022-09-23 04:44:59
BE22020835	6	1	당연히 짜증이지. 예전엔 자동차로 출 퇴근을 하다가 대중 교통을 이용하면 불편함이 장난 아니거든. 몇 년을 타고 다니지만 어느 땐 나도 짜증 날 때가 있어.	N	2022-09-23 04:44:59	2022-11-08 05:39:07
BE22020835	7	0	형은 오랫동안 타고 다녔으니 괜찮으려니 했지. 그런데 형도 마찬가지라니 전철을 이용하려면 이 정도 힘든 건 참아야 하는 거구나.	N	2022-09-23 04:44:59	2022-11-08 05:39:07
BE22020835	8	1	힘든건 마찬가지야. 그래도 출퇴근은 꼭 대중교통을 이용해야 안심이 되더라. 자동차를 운전하며 시간에 쪼들려 조마조마 한 것 보다는 밀리고 힘들어도 지하철이 빠르니까.	N	2022-09-23 04:44:59	2022-09-23 04:44:59
BE22020835	9	0	지하철이 이처럼 밀릴 거라고는 생각 못했어. 회사에 도착해서도 기진맥진 할 정도라니까. 진짜 힘들어.	N	2022-09-23 04:44:59	2022-09-23 04:44:59
BE22020835	10	1	그럼. 지하철을 이용한 지 얼마 안 되는데 힘들고 말고. 하지만 처음이라고 그렇지 익숙해지면 괜찮아질 거야. 지하철을 이용하고 싶어도 노선이 없어서 이용하지 못하는 사람에 비하면 다행이지.	N	2022-09-23 04:44:59	2022-11-08 05:39:07
BE22020835	11	0	형과 문자를 나누다 보니 내가 너무 안 좋은 면만 생각했었나 봐. 빠르고 장확하고 편리하고. 몇 분 거리에 전철역이 있는데 그것 만으로도 감사해야 한다는 생각이 들었어.	N	2022-09-23 04:44:59	2022-11-08 05:39:07
BE22020835	12	1	이제야 지하철에 대해서 긍정적으로 생각이 드나보구나. 잘 생각했어. 이왕 이용할 거 긍정적으로 생각하고 이용하면 마음도 편할 거야.	N	2022-09-23 04:44:59	2022-11-08 05:39:07
BE22020835	13	0	맞아. 사실은 지하철을 이용한 뒤부터는 회사에 한 번도 지각을 안 했거든. 그리고 아내가 기름값 아낀 것의 반절을 나한테 주니까 내 주머니도 두둑해졌어.	N	2022-09-23 04:44:59	2022-09-23 04:44:59
BE22020835	14	1	어차피 주머닛돈이 쌈짓돈인데 제수씨 생각 잘 했네. 다음에 언제 가까운 지하철 역에서 만나 맥주 한잔 하자.	N	2022-09-23 04:44:59	2022-09-23 04:44:59
BE22020835	15	0	좋았어, 형. 지하철 출퇴근 하는 기념으로 내가 한 잔 쏠께. 지금 주머니가 빵빵하니 터지기 전에 만나야겠네.	Y	2022-09-23 04:44:59	2022-09-23 04:44:59
