id	utterance_id	utterance_type	utterance_text	terminate	regDate	updDate
BE22009933	1	0	너는 구취 잘 안 나? 구취도 유전이 되는 건가 싶어서.	N	2022-07-18 13:42:46	2022-11-08 04:28:22
BE22009933	2	1	글쎄? 나는 잘 안 나는 것 같아. 형 요즘 구취 때문에 고민이야?	N	2022-07-18 13:42:46	2022-11-08 04:28:22
BE22009933	3	0	응, 요즘 들어 부쩍 심해진 것 같아. 마스크를 자주 쓰고 다녀서 더 그렇게 느끼는지는 모르겠지만 이를 잘 닦아도 그러네. 구취 때문에 스트레스받아서 미치겠어.	N	2022-07-18 13:42:46	2022-11-08 04:28:22
BE22009933	4	1	마스크 때문일 수는 있어도 형이 그걸로 스트레스를 느낄 정도면 문제가 있긴 한가 보다. 그런 거 신경 쓰이기 시작하면 계속 스트레스받을 텐데 힘들겠다. 치실이나 가글도 도움이 된다고 들었는데, 혹시 시도해봤어?	N	2022-07-18 13:42:46	2022-11-08 04:28:22
BE22009933	5	0	당연히 해봤지, 양치도 꼬박꼬박 잘하고 치실이랑 가글도 자주 해. 나름 잘 관리하고 있다고 생각했는데 잡히질 않으니 이제는 짜증이 날 지경이야.	N	2022-07-18 13:42:46	2022-11-08 04:28:22
BE22009933	6	1	형 나름대로 해결책을 찾으려고 노력했는데 잘 안돼서 당연히 스트레스받고 짜증 날 것 같아. 그런 게 콤플렉스로 느껴지기 시작하면 끝도 없이 신경 쓰여서 불편하잖아. 나도 전에 이가 누렇다는 지적받고 한동안 활짝 웃지를 못했었거든.	N	2022-07-18 13:42:46	2022-11-08 04:28:22
BE22009933	7	0	병원에 가봐야 하나 싶기도 한데, 구취 때문에 왔다고 말하기가 뭔가 민망하더라. 혀 클리너로 혓바닥도 잘 닦는데 문제가 뭘까? 화난 마음에 혀가 닳아 없어질 때까지 닦아본 적도 있어.	N	2022-07-18 13:42:46	2022-11-08 04:28:22
BE22009933	8	1	그러게, 왜 내원했냐는 말에 구취가 너무 심해서 왔다고 하기도 애매하네. 구취 신경 쓰느라 사람들이랑 대화할 때도 스트레스가 심하겠다.	N	2022-07-18 13:42:46	2022-11-08 04:28:22
BE22009933	9	0	응, 계속 신경 쓰이다 보니 어느 순간부터는 대화 내용에 집중을 못 하겠더라. 이 사람이 속으로 내 구취에 대해 생각하고 있으면 어쩌나 하는 걱정도 들어. 왜 이런 걱정을 해야 하나 싶어서 짜증 나는 마음도 들고.	N	2022-07-18 13:42:46	2022-11-08 04:28:22
BE22009933	10	1	아이고, 그 정도로 스트레스받는지는 몰랐어. 일상생활에 불편함을 느낄 정도로 스트레스받고 있구나. 구취에 효과적인 게 뭐가 있는지 검색해 볼게, 형이 스트레스받아하니까 나도 마음이 안 좋네.	N	2022-07-18 13:42:46	2022-11-08 04:28:22
BE22009933	11	0	혹시라도 내가 발견하지 못한 방법을 찾게 되면 꼭 알려줘. 이 지긋지긋한 구취 스트레스에서 제발 벗어나고 싶다!	N	2022-07-18 13:42:46	2022-11-08 04:28:22
BE22009933	12	1	형, 너무 심하게 스트레스받지 말고 조금만 마음 편히 먹어봐. 어느 정도의 구취는 사람이라면 누구나 가지고 있는 거니까, 형이 특별히 이상한 게 아니야. 그리고 혹여 구취가 나면 좀 어때, 그렇다고 해서 형이 좋은 사람이라는 사실은 변하지 않아.	N	2022-07-18 13:42:46	2022-11-08 04:28:22
BE22009933	13	0	그래도 너 같은 동생이 있으니 이런 고민이라도 얘기할 수 있어서 속 시원하다. 너랑 대화하면 나도 모르게 위로를 받는 것 같아.	N	2022-07-18 13:42:46	2022-11-08 04:28:22
BE22009933	14	1	응, 나한테도 남한테는 털어놓기 애매한 고민들이 있어서 이해해. 찾아보니까 구강 세척기로 치실을 대신해서 쓰면 좀 낫다는 말도 있네. 밑져야 본전이니까 한번 시도해 봐, 형이 스트레스에서 어서 벗어났으면 좋겠어.	N	2022-07-18 13:42:46	2022-11-08 04:28:22
BE22009933	15	0	조금 웃길 수도 있는 고민인데 성심성의껏 들어줘서 고마워. 해결책도 해결책이지만 네 일처럼 공감해 주고 위로해 주는 모습이 가장 큰 도움이 됐어.	Y	2022-07-18 13:42:46	2022-11-08 04:28:22
