id	utterance_id	utterance_type	utterance_text	terminate	regDate	updDate
BE22017414	1	0	언니, 오늘 딸의 하교 시간에 맞춰 데리러 갔는데, 노출증 환자가 학교 앞에서 서성거리더라고. 그런 남자가 가끔 나타난다는 이야기는 들었지만 실제로 본 건 처음이었어. 순간 가슴 속에서 분노가 솟구치더라고.	N	2022-09-07 12:03:00	2022-11-08 05:15:13
BE22017414	2	1	텔레비전 뉴스에서 보던 노출증 환자를 직접 보았다니 너무나 놀랐겠구나. 아이들이 다니는 학교 앞에 노출증 환자가 있다니 생각만 해도 너무 끔찍하다. 내가 이렇게 화가 나는데 직접 본 너는 얼마나 노여웠겠니.	N	2022-09-07 12:03:00	2022-11-08 05:15:13
BE22017414	3	0	놀란 정도가 아니야. 아이들이 하교를 시작하니까 갑자기 남자가 바바리를 열고 노출하는데, 피가 거꾸로 솟는 것 같더라.	N	2022-09-07 12:03:00	2022-11-08 05:15:13
BE22017414	4	1	남자가 노출하는 장면을 보았다면, 아이들이 놀라서 울음을 터트렸겠구나. 나 같아도 심장이 뛰고 노여움이 치솟아서 남자를 향해 당장 달려들 것 같아. 아이들이 상처받지 않아야 할 텐데 걱정이다.	N	2022-09-07 12:03:00	2022-11-08 05:15:13
BE22017414	5	0	정말로 남자를 때리고 싶었어. 그런데 증거를 남겨야 해서 작정하고 사진을 찍었더니 그 남자가 놀라서 도망가더라고. 지금 생각해도 분이 안 풀려.	N	2022-09-07 12:03:00	2022-11-08 05:15:13
BE22017414	6	1	놀란 와중에도 증거를 남기려고 사진을 찍었다니, 정말 침착하네. 평소에 차분한 네 성격이 이럴 때도 빛을 발하는구나. 네가 증거 사진을 찍었으니 이제 그 남자를 잡을 수 있게 되었을 거야.	N	2022-09-07 12:03:00	2022-11-08 05:15:13
BE22017414	7	0	생각할수록 너무 화가 나서 견딜 수가 없었어. 그래서 바로 경찰에 신고하고 그 남자 뒤를 쫒아가면서 바바리 맨이 간다고 소리질렀지.	N	2022-09-07 12:03:00	2022-11-08 05:15:13
BE22017414	8	1	경찰서에 신고 한 것도 잘했는데, 용감하게 바바리 맨을 쫒아가다니, 용기가 대단하다. 그 남자가 생각하지도 못한 너의 행동에 혼비백산 하였겠구나.	N	2022-09-07 12:03:00	2022-11-08 05:15:13
BE22017414	9	0	그 순간에는 겁도 안 나더라구. 우리 아이들에게 충격을 주는 행동을 하는 그 남자를 잡아야 한다는 생각밖에 없었어. 그 남자의 노출증 때문에 우리 아이들이 트라우마라도 생기면 어쩌겠어.	N	2022-09-07 12:03:00	2022-11-08 05:15:13
BE22017414	10	1	못된 행동을 일삼는 바바리 맨을 잡기 위한 너의 노력이 고스란히 느껴지는구나. 아이들이 다시는 그러한 일을 겪지 않았으면 좋겠어. 아이들의 안전과 행복은 결국 어른들의 책임이야.	N	2022-09-07 12:03:00	2022-11-08 05:15:13
BE22017414	11	0	경찰이 출동해서 결국 그 남자는 잡혀갔어. 하지만 지금도 그 남자에 대한 노여움이 풀리지를 않아.	N	2022-09-07 12:03:00	2022-09-07 12:03:00
BE22017414	12	1	그 남자가 경찰에 잡혀갔어도 분노가 풀리지 않는다니 네가 얼마나 노여워했는지 알 것 같아. 하지만 이제 아이들을 위협하던 그 남자가 없어졌으니 이제 너도 한시름 놓아도 될 듯해.	N	2022-09-07 12:03:00	2022-11-08 05:15:13
BE22017414	13	0	그 남자가 잡혀가서 안심되긴 해. 아이들의 정서적 안정을 위해서라도 그 남자가 꼭 처벌받았으면 좋겠어. 그래야 우리 아이들이 안전하고 즐겁게 하교할 수 있을 거야.	N	2022-09-07 12:03:00	2022-11-08 05:15:13
BE22017414	14	1	맞아. 자라나는 아이들은 좋은 환경에서 좋은 것만 보고 자라야 해. 그런 못된 남자의 행동 때문에 사랑스러운 아이들이 상처받는 일은 절대 있으면 안 돼. 아이들을 걱정하고 사랑하는 너의 마음에 감동했어.	N	2022-09-07 12:03:00	2022-11-08 05:15:13
BE22017414	15	0	아이들을 위해 당연한 일을 한 것뿐이야. 아이들을 위협하는 노출증 환자들이 영원히 사라졌으면 좋겠어.	Y	2022-09-07 12:03:00	2022-11-08 05:15:13
