id	utterance_id	utterance_type	utterance_text	terminate	regDate	updDate
BE22002232	1	0	오빠, 나 방금 편의점에서 중학교 때 나 왕따시켰던 애 만났다? 그런데 날 보면서 반가워하더라? 오랜만이라면서 잘 지냈냐고 묻더라고.	N	2022-06-20 13:08:05	2022-11-08 03:38:52
BE22002232	2	1	한 20년만인가? 와, 걔는 여전히 뻔뻔하다. 네가 얼마나 마음고생했는데.	N	2022-06-20 13:08:05	2022-11-08 03:38:52
BE22002232	3	0	그러니까! 걔 때문에 난 병원까지 다녔잖아. 근데 이제 와서 아무 일도 없었다는 듯이 친한 척하니까 속이 막 울렁거리는 거야.	N	2022-06-20 13:08:05	2022-11-08 03:38:52
BE22002232	4	1	오빠한테 전화했으면 바로 달려갔을 텐데.	N	2022-06-20 13:08:05	2022-11-08 03:38:52
BE22002232	5	0	됐어. 뭐, 걔는 나름 잘살고 있는 것 같더라. 나한테 잘못했던 것보다도 더 고통받으면서 살았으면 했거든. 나 너무 못된 걸까?	N	2022-06-20 13:08:05	2022-11-08 03:38:52
BE22002232	6	1	나만 해도 그런 생각이 드는데 당사자는 오죽할까. 네가 나쁜 게 아니야. 아직도 네게 일말의 죄책감이나 사과조차 없는 걔가 나쁜 거지.	N	2022-06-20 13:08:05	2022-11-08 03:38:52
BE22002232	7	0	있잖아, 지금 생각해보면 걔 덕분에 외고 간 거나 다름없다? 인문계 갔다가 혹시라도 같은 고등학교로 배정될까 봐 피 터지게 공부했잖아.	N	2022-06-20 13:08:05	2022-11-08 03:38:52
BE22002232	8	1	그런 말은 하지도 마. 너는 원래 노력파에다가 똑똑했어. 걔가 아니었어도 너는 열심히 공부해서 어디든 네가 원하는 학교로 갈 수 있었을 거야.	N	2022-06-20 13:08:05	2022-11-08 03:38:52
BE22002232	9	0	정말 그랬을까? 사실 오빠 말대로 나는 좀 우유부단한 면이 있잖아. 그 일만 아니었다면 별생각 없이 아무 학교나 갔을 것 같거든.	N	2022-06-20 13:08:05	2022-11-08 03:38:52
BE22002232	10	1	만약 그랬다면 그 학교에서 전교 1등을 도맡아 했겠지. 너한테 우유부단하다고 말했던 건 사실이지만, 그건 네가 평소에 여유를 지나치게 부리기 때문에 했던 얘기였어. 그런데 그거 알아?	N	2022-06-20 13:08:05	2022-11-08 03:38:52
BE22002232	11	0	아니 모르겠어, 뭔데?	N	2022-06-20 13:08:05	2022-11-08 03:38:52
BE22002232	12	1	내가 볼 때 너무 늦었다고 생각했던 것들을 너는 항상 거뜬히 해내더라. 네 그 여유는 결국 능력에서 나왔던 거야. 지금은 잘만 대학 졸업해서 남들은 꿈도 못 꿀 연봉 받으면서 회사 다니고 있잖아.	N	2022-06-20 13:08:05	2022-11-08 03:38:52
BE22002232	13	0	그건 그렇지. 웬일로 동생 얼굴에 금칠을 해준대?	N	2022-06-20 13:08:05	2022-11-08 03:38:52
BE22002232	14	1	금칠이 아니라 진심이야. 괜히 네 장점을 깎아내리지 마. 그리고 걔는 더는 생각도 말고 네 기억에서 지워버렸으면 좋겠어. 그게 복수라더라.	N	2022-06-20 13:08:05	2022-11-08 03:38:52
BE22002232	15	0	오빠 말이 맞아. 가해자일 뿐일 애에게 더는 내 시간과 감정을 소모하지 않을래. 괜히 흔들리지 말고 걔는 잊고 다시 내 현재에 집중하면서 살겠어.	Y	2022-06-20 13:08:05	2022-11-08 03:38:52
