id	utterance_id	utterance_type	utterance_text	terminate	regDate	updDate
BE22008609	1	0	언니, 더운데 엄마는 에어컨을 왜 자꾸 끄는 걸까? 땀이 나서 머리가 어질어질해.	N	2022-07-13 12:40:33	2022-11-08 04:19:47
BE22008609	2	1	아이고, 아까 잠시 나갔다 오는데도 옷이 땀으로 덤벙 젖었어. 며칠 폭염이라던데. 너 이 무더위를 견딜 수 있겠니?	N	2022-07-13 12:40:33	2022-11-08 04:19:47
BE22008609	3	0	엄마는 더우면 찬물을 끼얹으라고 하잖아. 물값은 걱정 안 하고 전기세만 걱정하고 있어.	N	2022-07-13 12:40:33	2022-11-08 04:19:47
BE22008609	4	1	동생아, 더운데 화내면 더 더워. 엄마 말씀대로 찬물 샤워라도 자주 하면 잠시나마 시원해지지 않을까? 더위를 무조건 견디는 것보단 낫잖아.	N	2022-07-13 12:40:33	2022-11-08 04:19:47
BE22008609	5	0	언니는 시원한 사무실에서 일하니 실감을 못 해서 그래. 정말 찜통 속에서 땀에 절어 있는 거 같아.	N	2022-07-13 12:40:33	2022-11-08 04:19:47
BE22008609	6	1	알지. 지금 한낮 더위가 얼마나 대단한지. 집에서 견디는 네가 정말 대단해. 제일 더운 오후쯤에는 어디 카페라도 가서 공부하는 건 어때?	N	2022-07-13 12:40:33	2022-11-08 04:19:47
BE22008609	7	0	엄마 마음은 모르는 건 아닌데. 엄마하고 나하고 둘만 있어도 좀 시원하게 지내면 안 되나? 엄마는 무조건 불편함을 감수하면서 절약을 하는 거 같아.	N	2022-07-13 12:40:33	2022-11-08 04:19:47
BE22008609	8	1	그래, 어른들은 정말 절약 정신은 투철해. 그것 때문에 우리가 좀 힘들긴 하지만. 그래도 어떡하겠어. 엄마의 마음을 바꾸긴 어렵지 않겠어?	N	2022-07-13 12:40:33	2022-11-08 04:19:47
BE22008609	9	0	하긴 사람이 갑자기 바뀔 수는 없지. 알면서도 너무 더울 때는 짜증이 나서 참기가 어려워.	N	2022-07-13 12:40:33	2022-11-08 04:19:47
BE22008609	10	1	나라도 그랬을 거야. 시원한 사무실에서 있는 게 오히려 미안한 생각이 드네. 한 열흘만 참으면 아침저녁으로는 선선해질 거 같아.	N	2022-07-13 12:40:33	2022-11-08 04:19:47
BE22008609	11	0	아니야, 언니는 온종일 에어컨 바람 쐬니까 냉방병 걸렸잖아. 세상에 공평한 게 없다. 언니도 겉옷 걸치고 몸이 너무 차가워지지 않도록 조심해.	N	2022-07-13 12:40:33	2022-11-08 04:19:47
BE22008609	12	1	그래, 이 더위에 네가 에어컨 빵빵한 곳에 있는 나를 위로해 주다니, 고맙다. 너도 찬물 덮어쓰고 더위 먹지 않도록 조심해.	N	2022-07-13 12:40:33	2022-11-08 04:19:47
BE22008609	13	0	그러네. 냉방병 때문에 힘들어하는 사람들 생각하니 화가 좀 가라앉는다. 건강을 위해서는 선풍기 바람으로 만족할게.	N	2022-07-13 12:40:33	2022-11-08 04:19:47
BE22008609	14	1	어머, 이제 기분 좀 풀린 것 같네. 그래 잘 됐어. 더워서 짜증 내면 더 더워지는 거 잊지 마.	N	2022-07-13 12:40:33	2022-11-08 04:19:48
BE22008609	15	0	도와줘서 고마워, 언니. 이야기하니 기분이 좋아진다.	Y	2022-07-13 12:40:33	2022-11-08 04:19:48
