id	utterance_id	utterance_type	utterance_text	terminate	regDate	updDate
BE22015632	1	0	돈가스 소스를 만들어서 냉장고 안에 넣어두었는데 엄마가 너무 맛없어서 버렸대. 이게 무슨 상황인지 내가 정성 들여서 만든 소스인데 그렇게 취급하는 엄마에게 너무 화가 나. 맛이 없어도 나에게 물어보고 버리시지 너무 속상하고 눈물이 날 것 같아.	N	2022-08-25 05:02:18	2022-08-25 05:02:18
BE22015632	2	1	너, 무척 속상하고 화났겠어. 네가 만드는 모습은 직접 보지 못했지만, 요리에 진심인 너라서 그 마음 격하게 공감하지. 엄마께서 왜 그런 행동을 하셨는지 문자를 읽는 내가 다 속상하다.	N	2022-08-25 05:02:18	2022-11-08 05:04:16
BE22015632	3	0	그러니까 말이야, 왜 그걸 버리신 걸까? 원래 그런 분이 아닌데 내 소스가 그렇게 맛이 없었나 하는 생각이 들어. 요리를 이렇게 좋아하는데 늘지 않는 실력 때문에 화가 나기도 해.	N	2022-08-25 05:02:18	2022-08-25 05:02:18
BE22015632	4	1	차근차근히 하다 보면 넌 실력이 오를 거야. 그러니 너무 자괴감에 빠져서 너를 괴롭히지 않았으면 좋겠어. 왜냐하면 넌 그 누구보다 노력하는 사람이란 걸 내가 알고 있기 때문이야.	N	2022-08-25 05:02:18	2022-11-08 05:04:16
BE22015632	5	0	그렇게 말해줘서 고마워, 내가 정성 들여 만든 소스인데 엄마가 버렸다고 하니까 너무 화가 나더라고. 그래서 엄마에게 화를 내고 나와버려서 내가 왜 그랬지 하는 생각도 들더라고. 아직은 철이 덜 든 것 같아서 나에게도 화가 났어.	N	2022-08-25 05:02:18	2022-08-25 05:02:18
BE22015632	6	1	당연히 그런 마음이 들 것 같아. 처음에는 화가 났어도 엄마에게 그렇게 할 마음이 아니었잖아. 순간적으로 그렇게 행동한 너 자신이 싫게 느껴졌던 마음인 거지.	N	2022-08-25 05:02:18	2022-11-08 05:04:16
BE22015632	7	0	맞아. 아직도 사준 기를 벗어나지 못한 학생처럼 굴었던 나 자신이 참 못난 듯 보였어. 그것 때문에 더 화를 못 참았던 것 같아 역시 형은 나를 참 잘 아는구나.	N	2022-08-25 05:02:18	2022-11-08 05:04:16
BE22015632	8	1	그럼 당연히 난 너의 마음에 공감하고 이해하고 있지. 같이 산 세월도 있지만 어릴 때부터 부모님이 맞벌이하셔서 둘이 항상 같이 있었잖아. 부모님의 사람을 못 받는 네가 항상 걱정되는 마음이었어.	N	2022-08-25 05:02:18	2022-11-08 05:04:16
BE22015632	9	0	그 대신 형이 있었고. 소스를 버린 엄마에게 화를 내고 자신에게 실망해서 분노하고 있는 나의 심정을 격하게 공감해 주잖아. 나를 혼내기보다 이렇게 공감해 주는 형이 있어서 더 나의 잘못을 깨닫고 반성하게 돼.	N	2022-08-25 05:02:18	2022-11-08 05:04:16
BE22015632	10	1	네가 그렇게 생각해 준다면 나는 더 이상 바랄 게 없는 심정이야. 너를 왜 혼내겠어, 언제나 스스로 생각하고 깨닫는 네가 내 동생이라서 이렇게 자랑스러운데.	N	2022-08-25 05:02:18	2022-11-08 05:04:16
BE22015632	11	0	형이 그렇게 말해주니까 나 지금 정말 감동이야. 형이 나를 항상 아기처럼 생각해서 언제 형에게 나는 의젓한 동생으로 인정받을 수 있을까 고민했었거든. 조금 전 형의 문자를 읽고 나 감동해서 눈물이 나올 뻔했어.	N	2022-08-25 05:02:18	2022-11-08 05:04:16
BE22015632	12	1	너의 마음이 그랬다니, 문자를 읽다가 괜히 미안한 마음이 들어. 항상 아껴주겠다는 생각이 널 너무 아이로 봤다는 반성도 하게 되네. 역시 내 동생이 이렇게 똑 부러지게 말하니까 형도 깨닫게 해주네.	N	2022-08-25 05:02:18	2022-11-08 05:04:16
BE22015632	13	0	다른 일반적인 형들이라면 화를 냈을 상황인데 스스로 반성하는 형을 보면서 나도 많은 것을 배워. 정말 형은 나에게 항상 삶의 지표가 되어 주는 사람이야. 고마워.	N	2022-08-25 05:02:18	2022-08-25 05:02:18
BE22015632	14	1	그렇게까지 나를 생각해 주는 네가 내 동생이라서 내가 제일 행복한 사람이지. 오늘 너의 문자를 읽고 많이 화난 것 같아서 내가 되려 속상하더라고. 그래서 문자로 너를 달래주고 싶다는 마음만 있었는데 나의 말로 풀어졌다는 너라서 너무 감사해.	N	2022-08-25 05:02:18	2022-11-08 05:04:16
BE22015632	15	0	이게 다 형이 이렇게 난 만들어 준 것이라는 생각이 들어. 나의 자아 형성에 큰 부분을 차지했던 형이 다정한 사람이라 내가 긍정적일 수 있었어. 오늘도 형이 나를 격려하고 위로해 줘서 분노했던 나의 마음이 풀어졌네, 정말 고마워.	Y	2022-08-25 05:02:18	2022-11-08 05:04:16
