id	utterance_id	utterance_type	utterance_text	terminate	regDate	updDate
BE22019047	1	0	나 지금 너무 화가 나는 일이 있어.	N	2022-09-20 04:46:38	2022-09-20 04:46:38
BE22019047	2	1	무슨 일인데 그래? 우리 동생이 화난다니 걱정이 되네.	N	2022-09-20 04:46:38	2022-11-08 05:24:48
BE22019047	3	0	회사에서 중요한 회의를 하는데 누가 발표 자료에 실수를 해 놓은 거야. 내가 잘못 수정한 거라면서 부장님한테 엄청 혼났는데 나는 정말 실수를 하지 않았거든. 나 스스로 정말 정직한데 다른 사람들은 내가 잘못을 인정하지 않는다고 하니까 너무 화가 났어.	N	2022-09-20 04:46:38	2022-09-20 04:46:38
BE22019047	4	1	형도 비슷한 일이 있어서 너의 화나는 마음을 잘 알 것 같아. 그때 나도 정말 억울하고 화가 났었거든. 네가 그랬을 걸 생각하니까 나도 덩달아 화가 나네.	N	2022-09-20 04:46:38	2022-11-08 05:24:48
BE22019047	5	0	내 말을 제대로 들으려 하지 않고 일단 나한테 잘못을 뒤집어 씌우는 것 같았어. 너무 화가 나.	N	2022-09-20 04:46:38	2022-09-20 04:46:38
BE22019047	6	1	그 당시에는 너무 정신 없는 상황이라서 너의 말을 자세히 들어주지 못한 건 아닐까? 급한 일이 해결된 뒤에 다시 너의 말을 들어주고 사실을 알아주실 거라고 생각하면 어때? 그러면 기분이 좀 나아지지 않을까?	N	2022-09-20 04:46:38	2022-09-20 04:46:38
BE22019047	7	0	정말 기다리면 상황이 좀 달라지기는 할까? 너무 속상하고 화나는 바람에 그냥 방금 회의실을 나와버렸어. 난 정말 스스로 정직한데 아무도 내 편이 아닌 것 같아서 화가 나.	N	2022-09-20 04:46:38	2022-09-20 04:46:38
BE22019047	8	1	성실하게 일도 잘하고 친절한 사람이어서 네 편이 되어줄 사람이 많을 거야. 형도 그렇고 평소에 너랑 같이 지내던 직장 동료들 중에서도 네 편이 많을 거야. 너는 혼자가 아니니까 너무 화내고 걱정하지 마.	N	2022-09-20 04:46:38	2022-11-08 05:24:48
BE22019047	9	0	그런데도 화가 가라앉지 않아. 이제는 또 너무 감정적으로 화내버린 나한테도 갑자기 화가 나.	N	2022-09-20 04:46:38	2022-09-20 04:46:38
BE22019047	10	1	사람이라면 누구나 그런 상황에서 화가 날 수 있는 거니까 너무 스스로 자책하지 마. 나였어도 당연히 그렇게 행동이 나왔을 거고 다른 사람들도 그 마음을 이해해줄 거야.	N	2022-09-20 04:46:38	2022-11-08 05:24:48
BE22019047	11	0	형이 그렇게 말해주니까 좀 기분이 괜찮아지는 것 같다. 나는 정직한데 다른 사람들은 믿어주지 않는 것 같아서 화가 나고 슬펐는데 해소된 것 같아. 고마워.	N	2022-09-20 04:46:38	2022-11-08 05:24:48
BE22019047	12	1	그렇다니 다행이야. 혹시 또 무슨 일 생기면 형한테 꼭 말해. 형이 들어줄게.	N	2022-09-20 04:46:38	2022-11-08 05:24:48
BE22019047	13	0	고마워, 형이 있어서 너무 든든하다.	N	2022-09-20 04:46:38	2022-11-08 05:24:48
BE22019047	14	1	너에게 힘이 될 수 있어서 형은 기쁘다.	Y	2022-09-20 04:46:38	2022-11-08 05:24:48
