id	utterance_id	utterance_type	utterance_text	terminate	regDate	updDate
BE22016844	1	0	형, 나 학교 자퇴하고 싶어.	N	2022-09-01 02:21:14	2022-09-01 02:21:14
BE22016844	2	1	음, 갑자기 충격적인 선언을 해서 좀 당황스러운걸. 무슨 이유라도 있을까?	N	2022-09-01 02:21:14	2022-11-08 05:11:47
BE22016844	3	0	그냥, 전공 내용도 어렵고 나만 이해를 못 하는 것 같아. 형은 장학금도 받으면서 학교 다니는데 나는 그것도 아니잖아. 학점도 낮게 나와서 너무 좌절감이 들고, 분해.	N	2022-09-01 02:21:14	2022-11-08 05:11:48
BE22016844	4	1	형도 1학년 때는 많이 놀기도 했고 그렇게 놀다 보니 수업 내용도 잘 모르겠더라. 결과는 뻔하게 뒤에서 놀았어. 그래도 우리 동생은 그 분야에 관심이 많아서 대학 입학한 거 아니야?	N	2022-09-01 02:21:14	2022-11-08 05:11:48
BE22016844	5	0	그건 맞지. 근데 내가 생각한 것보다 다른 것 같고 정말 나만 수업 이해도가 낮은 것 같아. 좌절감만 들 바에 자퇴하는 게 낫지 않을까 싶어.	N	2022-09-01 02:21:14	2022-09-01 02:21:14
BE22016844	6	1	형은 성적 맞춰서 대학 입학했어. 젊은 나이에 하고 싶고 관심 가는 분야를 정확히 알고 있는 사람은 몇 없어. 관심 있는 분야를 공부하는 거니까 지금은 힘들지라도 포기하지 않고 노력하면 나중엔 잘하게 될 거야.	N	2022-09-01 02:21:14	2022-11-08 05:11:48
BE22016844	7	0	생각해보니까 일찍 진로를 정하는 게 좋다고 들었던 것 같아. 하지만 관심 있는 거랑 잘하는 건 다르잖아. 노력해도 학점이 낮고 계속 좌절에 부딪히고 화가 나면 어떡해?	N	2022-09-01 02:21:14	2022-11-08 05:11:48
BE22016844	8	1	아직 더 겪어보지 않았잖아. 이제 넌 1학년 2학기에 재학 중인걸? 난 우리 동생이 벌써 좌절하지 않고 더 힘을 냈으면 좋겠어.	N	2022-09-01 02:21:14	2022-11-08 05:11:48
BE22016844	9	0	알겠어. 형 말대로 더 노력해볼게. 일단 나 자신이 제일 문제네.	N	2022-09-01 02:21:14	2022-09-01 02:21:14
BE22016844	10	1	그렇지 않아. 이제 막 성인이 돼서 놀기만 하는 애들이 얼마나 많은데. 그런데도 우리 동생은 더 잘하고 싶은 마음에 그런 고민도 하고 분노하는 거잖아. 형도 1학년 때는 놀았었는데, 형보다 더 대단하네.	N	2022-09-01 02:21:14	2022-11-08 05:11:48
BE22016844	11	0	그렇게 얘기해줘서 고마워. 사실 놀고 싶기는 한데 형 장학금 타고 열심히 하는 거 보니까 나도 본받고 싶더라고. 그런 마음 때문인지 아직 많이 다니지도 않고 섣불리 좌절감에 빠져 있었던 것 같아.	N	2022-09-01 02:21:14	2022-11-08 05:11:48
BE22016844	12	1	형이랑은 다르게 관심 분야에 입학했으니 다른 친구들보다는 유리한 부분이 언젠가 작용할 거야. 원래 관심 있으면 더 열심히 몰두하게 되잖아. 그런데도 계속 고민이라면 자퇴해서 다른 길을 찾는 것도 괜찮은 게, 아직 20살이잖아.	N	2022-09-01 02:21:14	2022-11-08 05:11:48
BE22016844	13	0	고마워. 비록 어렵고 버겁더라도 좀더 열심히 해볼게. 내 얘기 들어줘서 고마워.	N	2022-09-01 02:21:14	2022-11-08 05:11:48
BE22016844	14	1	아니야. 형은 우리 동생이 무엇을 하든 언제나 응원해.	N	2022-09-01 02:21:14	2022-09-01 02:21:14
BE22016844	15	0	고마워, 형. 덕분에 정말 위로 많이 됐고 좌절감에서 벗어난 것 같아.	Y	2022-09-01 02:21:14	2022-11-08 05:11:48
