id	utterance_id	utterance_type	utterance_text	terminate	regDate	updDate
BE22018094	1	0	내가 매주 즐겨보던 드라마가 어제 완전히 끝났는데 너무 화가 난다. 너무 화가 나니까 밤새 잠도 제대로 못 잤네.	N	2022-09-14 03:13:25	2022-09-14 03:13:25
BE22018094	2	1	어떻게 끝났길래 이렇게까지 화가 난 거야? 형 너무 몰입한 거 아니야?	N	2022-09-14 03:13:25	2022-09-14 03:13:25
BE22018094	3	0	내가 원래 이런 거 한 번 빠지면 몰입을 너무 심하게 해. 그래서 드라마나 영화를 안 보거든 어제도 결말이 원하는 방향으로 진행되지 않아서 화가 나더라.	N	2022-09-14 03:13:25	2022-09-14 03:13:25
BE22018094	4	1	그런 성격이라면 그럴 수 있겠네, 나도 가끔 너무 몰입하면 화도 나고 슬프던데. 형처럼 몰입을 심하게 하는 사람이라면 화가 날 수밖에 없지.	N	2022-09-14 03:13:25	2022-11-08 05:19:20
BE22018094	5	0	맞아! 나도 내가 이해 안 가지만 그렇더라고. 어제도 내가 생각하고 기대했던 결말이랑 완전히 달라서 얼마나 화가 났는지 몰라. 행복한 결말을 원했는데 정말 슬프고 절망적으로 끝나서 너무 허무하고 신경질이 났다니까.	N	2022-09-14 03:13:25	2022-11-08 05:19:20
BE22018094	6	1	형처럼 감정 몰입이 심한 사람들도 많을 거야. 너무 마음 쓰지는 말고 다만 형을 위해서라도 지금의 감정에서 조금은 헤어 나왔으면 해.	N	2022-09-14 03:13:25	2022-11-08 05:19:20
BE22018094	7	0	너라도 날 이해해 주니 고맙네. 하지만 아직은 화가 많이 난 상태라 이 분노가 쉽게 진정이 될지 모르겠어. 눈만 감으면 드라마의 결말이 생각나서 기분이 안 좋거든.	N	2022-09-14 03:13:25	2022-09-14 03:13:25
BE22018094	8	1	물론 화가 많이 난 만큼 진정이 되려면 충분한 시간이 필요한 법이잖아. 마음을 편하게 가지고 긍정적으로 생각하려고 노력한다면 더 빨리 나아질 수 있을 거라 생각해.	N	2022-09-14 03:13:25	2022-11-08 05:19:20
BE22018094	9	0	정말 그럴 수 있을까? 네가 그렇게 위로해 주고 응원해 주니 조금은 마음이 놓이는 거 같다. 잘 떨쳐낼 수 있겠다는 용기도 생긴 기분이야.	N	2022-09-14 03:13:25	2022-09-14 03:13:25
BE22018094	10	1	내 말이 형이 조금이라도 기운 내는 데에 도움이 되었다니 정말 다행이고 보람을 느껴. 형은 누구보다 긍정적이고 강한 사람이니까 잘 헤쳐 나갈 수 있을 거라 믿어.	N	2022-09-14 03:13:25	2022-11-08 05:19:20
BE22018094	11	0	드라마 결말이 내가 원하는 방향대로 진행되지 않아 화가 났다는 말을 누군가에게 털어놓기가 좀 창피하더라고. 혼자 너무 답답했었는데 너랑 이렇게 대화하고 나니까 속이 많이 후련해졌어.	N	2022-09-14 03:13:25	2022-11-08 05:19:20
BE22018094	12	1	뭐 어때서, 사람들은 남 일에 그렇게 많이 신경 쓰지 않더라고. 그래도 말하기 힘든 일이나 고민이 생기면 나한테 얘기해! 형제 좋다는 게 뭐야 이럴 때 의지하고 힘을 얻는 거지.	N	2022-09-14 03:13:25	2022-11-08 05:19:20
BE22018094	13	0	말이라도 고맙고 정말 큰 힘이 된다. 내 편이 생긴 기분이라 마음도 든든해졌어. 덕분에 앞으로도 어떤 힘든 일에 처해도 잘 이겨낼 수 있을 거 같아.	N	2022-09-14 03:13:25	2022-09-14 03:13:25
BE22018094	14	1	쉽지 않은 상황에서도 꿋꿋하게 노력하는 형의 모습에 정말 큰 응원을 보낼게. 그런 마음가짐으로 꼭 이겨내서 나중엔 웃으며 얘기할 날이 왔으면 좋겠어.	N	2022-09-14 03:13:25	2022-11-08 05:19:20
BE22018094	15	0	이게 다 네 덕분이지! 내 얘기 들어주고 좋은 말들 해줘서 정말 고마웠어. 오늘 저녁에 집에서 보자.	Y	2022-09-14 03:13:25	2022-11-08 05:19:21
