id	utterance_id	utterance_type	utterance_text	terminate	regDate	updDate
BE22019365	1	0	언니, 아들이 자꾸 신발을 반대로 신어서 너무 화가 나. 매일 가르쳐 주고 있는데 왜 못 알아듣는지 알 수가 없어.	N	2022-09-21 07:45:01	2022-11-08 05:25:41
BE22019365	2	1	아이를 키우다 보면 종종 이해하기 힘들 때가 있어서 많이 화가 날 수 있지. 아직 아이니까 배우고 있는 중이잖아.	N	2022-09-21 07:45:01	2022-11-08 05:25:41
BE22019365	3	0	하지만 정말 너무 못 알아들어. 다른 건 그래도 괜찮은 편인데 유독 신발만 못 알아들어서 반대로 신는데 이유를 정말 모르겠어. 좋게 말하다가 어느 순간 화가 나서 목소리가 커져.	N	2022-09-21 07:45:01	2022-11-08 05:25:41
BE22019365	4	1	우리도 어느 한 부분의 인지가 떨어질 때가 있잖아. 나도 길을 잘 기억하지 못해. 몇 번을 가봐도 기억이 안 나서 병원에 가봐야 하나 생각할 정도였으니까.	N	2022-09-21 07:45:01	2022-11-08 05:25:41
BE22019365	5	0	그렇긴 한데 벌써 6살이잖아. 친구 중에 내 아들만 그런 거 같다는 생각이 들어서 마음이 조급해. 금방 안 고쳐지니까 화도 나서 정말 심각한 상태야.	N	2022-09-21 07:45:01	2022-11-08 05:25:41
BE22019365	6	1	네가 속상한 마음은 충분히 이해할 수 있어. 하지만 아직 6살이잖아. 조금 느리게 가는 아이라고 생각하고 기다려 주는 것도 좋을 것 같아.	N	2022-09-21 07:45:01	2022-11-08 05:25:41
BE22019365	7	0	어제도 친한 엄마들이랑 키즈카페에 갔다가 나오는데 내 아들만 신발을 거꾸로 신어서 너무 창피했어. 아무도 못 봤으면 그래도 괜찮은데 내가 계산 중이었어서 다른 아이 엄마가 고쳐 신겨 주더라고. 그걸 보는데 내가 아이를 잘 교육하지 못하고 있나 하는 의구심이 들었어.	N	2022-09-21 07:45:01	2022-11-08 05:25:41
BE22019365	8	1	그런 일이 있었구나. 너는 잘 해보려고 애를 쓰는데 막상 결과가 좋지 않으면 내 탓을 하게 되기도 하지. 그 마음은 충분히 이해해.	N	2022-09-21 07:45:01	2022-11-08 05:25:41
BE22019365	9	0	맞아. 왜 아직 아이가 신발을 똑바로 못 신냐고 남편도 물어보는데 정말 너무 화가 났어. 마치 내가 아이에게 잘 못 가르쳤다는 소리로 들려서!	N	2022-09-21 07:45:01	2022-09-21 07:45:01
BE22019365	10	1	아니야, 충분히 잘 가르치고 있고 앞으로는 더 잘 가르칠 수 있으니까 너무 걱정하지 마. 힘든 상황일수록 마음을 다잡고 힘을 내!	N	2022-09-21 07:45:01	2022-11-08 05:25:41
BE22019365	11	0	언니 말이 맞아. 아이들마다 성장 속도가 다 다른 건데 내가 왜 이렇게 화를 내고 조급하게 생각하는지 모르겠어. 언니 덕에 지금이라도 정신이 들어서 마음이 조금 편해졌어.	N	2022-09-21 07:45:01	2022-11-08 05:25:41
BE22019365	12	1	마음이 편해졌다니 너무 다행이다. 조카도 걱정이었지만 나는 네가 너무 버거워 보여서 그게 더 걱정이었어. 네가 즐겁고 행복해야 그 힘이 아이에게도 전달되니까.	N	2022-09-21 07:45:01	2022-11-08 05:25:41
BE22019365	13	0	응. 맞아. 내가 기분이 안 좋아 있으면 내 표정을 얼마나 살피는지 너무 미안해지더라고. 다 클 때까지 신발 반대로 신는 사람 없으니까 조금 더 기다려 주지 뭐.	N	2022-09-21 07:45:01	2022-11-08 05:25:41
BE22019365	14	1	다른 사람들과 비교하면 끝도 없어. 네 아들은 네가 제일 잘 아니까 순간순간 최선을 다하면 분명히 잘 성장할 거야. 너무 걱정하지 마.	N	2022-09-21 07:45:01	2022-11-08 05:25:41
BE22019365	15	0	그렇게 할게. 언니가 있어서 늘 힘이 돼. 정말 고마워.	Y	2022-09-21 07:45:01	2022-11-08 05:25:41
