id	utterance_id	utterance_type	utterance_text	terminate	regDate	updDate
BE22009506	1	0	언니. 엄마가 내 온라인게임 계정을 삭제한 거 들었어?	N	2022-07-17 08:00:10	2022-11-08 04:25:34
BE22009506	2	1	정말이야? 네 유일한 취미 생활이 그 게임 캐릭터 육성하는 거잖아.	N	2022-07-17 08:00:10	2022-11-08 04:25:34
BE22009506	3	0	그러니까 말이야. 무려 1년을 소중하게 키워 온 캐릭터인데, 엄마가 마음대로 삭제해 버렸어. 너무 화가 나서 엄마 얼굴도 보고 싶지 않아.	N	2022-07-17 08:00:10	2022-11-08 04:25:34
BE22009506	4	1	네가 그 게임을 얼마나 좋아했는지 잘 알아서 너무 걱정된다. 네가 마음을 많이 다쳤을 것 같아. 그 일로 엄마랑 크게 다투게 된 거야?	N	2022-07-17 08:00:10	2022-11-08 04:25:34
BE22009506	5	0	응. 엄마 말로는 수능에 집중하라고 삭제했다는데, 어떻게 휴대폰을 마음대로 가지고 가서 계정을 지울 수가 있어? 정말 너무 충격이고 배신감에 몸이 떨려.	N	2022-07-17 08:00:10	2022-11-08 04:25:34
BE22009506	6	1	내가 너라도 이번 일은 정말 화나고 상처받았을 거야. 너 몰래 휴대폰을 가져가 계정을 지웠으니 네가 놀라는 것도 당연해. 네가 지금 얼마나 충격받은 상태일지 걱정되고 마음이 아파.	N	2022-07-17 08:00:10	2022-11-08 04:25:34
BE22009506	7	0	언니는 바로 알아주는 내 마음을 엄마는 왜 모르는 걸까? 내가 공부를 안 하는 것도 아니고 유일한 취미 생활이 그 게임이었는데 너무 가혹하잖아. 얼마나 화가 나는지 지금 피가 차게 식는 듯해.	N	2022-07-17 08:00:10	2022-11-08 04:25:34
BE22009506	8	1	당장은 네 다친 마음을 무엇으로도 어루만져 줄 수 없겠지만 조금만 가라앉혀 보자. 시간이 조금 지나면, 엄마도 이번 일에 대한 네 의견을 듣고 나서 반성하실 거야. 네가 마음이 넓고 속이 깊으니까 그때까지 조금만 차분히 감정 조절을 해 보는 건 어때?	N	2022-07-17 08:00:10	2022-11-08 04:25:34
BE22009506	9	0	나도 그럴 생각이야. 이번 일은 어영부영 넘어가고 싶지 않아. 내 감정을 확실하게 전달하고 싶어.	N	2022-07-17 08:00:10	2022-11-08 04:25:34
BE22009506	10	1	너는 늘 바르고 성실하고 완벽한 딸이잖아. 그런 네가 진심으로 엄마에게 이야기하면 엄마도 다 들어주실 거라고 생각해. 게다가 넌 논리정연하게 말할 줄도 아는 아이니까 네 말을 듣고 나면 엄마도 사과하실걸.	N	2022-07-17 08:00:10	2022-11-08 04:25:34
BE22009506	11	0	응, 언니 말이 맞는 것 같아. 언니랑 이야기하고 나니까 이제야 화가 좀 가라앉는 것 같아.	N	2022-07-17 08:00:10	2022-11-08 04:25:34
BE22009506	12	1	공부하느라 안 그래도 힘들 텐데, 네가 많이 상처받은 것 같아 나도 너무 속상하다. 너는 늘 성실하게 네 미래를 위해 달려 나가는 동생이라, 난 너를 믿어. 너는 알아서 잘할 아이라는 걸 말이야.	N	2022-07-17 08:00:10	2022-11-08 04:25:34
BE22009506	13	0	정말 고마워. 언니가 날 믿어 주니까 얼음장 같던 마음이 사르르 녹는 것 같아. 아까보다 기분이 훨씬 나아졌어.	N	2022-07-17 08:00:10	2022-11-08 04:25:34
BE22009506	14	1	정말 다행이다. 이번 일처럼 부모님과 다툼이 생기면 언니한테 꼭 말해줘. 언니는 언제나 네 편인 거 알지?	N	2022-07-17 08:00:10	2022-11-08 04:25:34
BE22009506	15	0	응. 언니 덕분에 언제나 외롭지 않아. 언니가 내 언니라서 정말 기뻐!	Y	2022-07-17 08:00:10	2022-11-08 04:25:34
