id	utterance_id	utterance_type	utterance_text	terminate	regDate	updDate
BE22020781	1	0	언니, 나 진짜 너무 열받아서 미치겠어. 나도 빨리 출근해야 해서 바쁜데 진짜 너무 이기적인 것 같아!	N	2022-09-23 04:34:15	2022-11-08 05:38:48
BE22020781	2	1	왜, 무슨 일 있어?	N	2022-09-23 04:34:15	2022-09-23 04:34:15
BE22020781	3	0	남편한테 출근길에 음식물 쓰레기 좀 버려달라고 했더니 냄새 때문에 싫대! 안된대! 비닐장갑 끼고 가면 손에도 안 묻을 텐데 이거 그냥 버리기 싫어서 그런 거잖아!	N	2022-09-23 04:34:15	2022-11-08 05:38:48
BE22020781	4	1	에고, 아침부터 내 동생이 기분이 많이 상했구나. 너도 똑같이 출근해야 하는 상황이라 마음이 급해서 더 화가 났던 모양이야.	N	2022-09-23 04:34:15	2022-11-08 05:38:48
BE22020781	5	0	그러니까! 같이 바쁜데 서로 좀 돕고 하면 좋잖아, 혼자 사는 집도 아니고. 집안일은 온전히 내 거라고 생각하는 남편이 너무 미워!	N	2022-09-23 04:34:15	2022-11-08 05:38:48
BE22020781	6	1	집안일이 참 예민한 문제긴 해, 항상 집마다 그걸로 한 번씩은 꼭 갈등이 생기는 것 같더라고. 네가 일을 아예 쉬는 전업주부면 몰라, 맞벌이인데 그런 상황이라면 나 같아도 화가 날 것 같아. 억울하기도 하고 화도 많이 났겠구나.	N	2022-09-23 04:34:15	2022-11-08 05:38:48
BE22020781	7	0	진짜, 너무너무 화났어. 나도 가끔 출근길에 버리기도 하는데 남편은 그냥 귀찮았던 거야! 몸에 조금이라도 냄새 튈까 봐 걱정하는 꼴이라니 너무 기가 막혀, 자기가 남긴 음식물이 절반인데.	N	2022-09-23 04:34:15	2022-11-08 05:38:48
BE22020781	8	1	충분히 화가 날만한 상황인 것 같아, 네 마음이 너무 이해가 돼. 둘다 일하는 입장인데 음식물을 냄새난다고 안 버린다니 얼마나 네가 속상하고 황당했겠어. 너라고 냄새가 안 나서 버리는 게 아닐 텐데 말이야.	N	2022-09-23 04:34:15	2022-11-08 05:38:48
BE22020781	9	0	그러니까, 너무 서러워 진짜. 예전에도 사실 몇 번 이런 적 있었거든. 이걸 어쩌면 좋을까?	N	2022-09-23 04:34:15	2022-11-08 05:38:48
BE22020781	10	1	음, 제부와는 가족이고 앞으로도 쭉 같이 살아야 하니까 이 부분은 분명히 짚고 넘어가야 할 것 같아. 집안일은 분배하는 내용으로 말이야. 내 동생 그동안 진짜 많이 서러웠겠구나, 얼마나 속상했겠어!	N	2022-09-23 04:34:15	2022-11-08 05:38:48
BE22020781	11	0	응, 그래도 언니가 이렇게 위로해주니까 좀 낫다, 고마워 언니. 언니 말대로 앞으로를 위해서라도 남편과 이 부분은 분명히 해야 할 것 같아.	N	2022-09-23 04:34:15	2022-11-08 05:38:49
BE22020781	12	1	그래, 잘 생각했어! 제부랑 차분히 대화를 시도한다면 아마 제부도 충분히 잘 이해해줄 거야. 정확하게 분배가 안 되어있어서 제부도 혼란스러워 그런걸 테니 한번 얘기 잘 나눠봐.	N	2022-09-23 04:34:15	2022-11-08 05:38:49
BE22020781	13	0	응 언니 그래야겠어. 같이 살려면 하나씩 맞춰가야지 뭐.	N	2022-09-23 04:34:15	2022-09-23 04:34:15
BE22020781	14	1	그래그래! 살아온 환경이 다른 두 사람이 만나면 맞춰야 할게 많겠지만, 하나둘씩 맞춰가다 보면 결국 둥글게 잘 살아질 거야. 서로 조금씩 양보하고 하다 보면 잘 맞춰질 테니 너무 걱정하지 마!	N	2022-09-23 04:34:15	2022-11-08 05:38:49
BE22020781	15	0	응, 언니 오늘 정말 고마워! 언니 덕분에 마음이 많이 풀어졌어.	Y	2022-09-23 04:34:15	2022-09-23 04:34:15
