id	utterance_id	utterance_type	utterance_text	terminate	regDate	updDate
BE22015568	1	0	언니, 나 오늘 정말 화나는 일이 있었어. 오늘은 친구가 연락도 없이 약속 시간에 나오지 않은 거 있지. 지금 집에 돌아가는 길인데, 정말 열받아서 소리라도 지르고 싶은 심정이야.	N	2022-08-24 16:18:52	2022-08-24 16:18:52
BE22015568	2	1	정말이야? 내 동생이 친구를 만난다고 들떠 하는 걸 보며 나도 기분이 좋았는데, 그렇게 되었다니 안타깝다. 친구는 아직 연락이 안 되는 거야?	N	2022-08-24 16:18:52	2022-11-08 05:03:52
BE22015568	3	0	응. 그 자리에서 무려 두 시간을 기다렸어. 전화를 걸어도 받을 기미조차 없고. 내 약속을 깡그리 잊어버리기라도 한 건지, 너무 화가 나.	N	2022-08-24 16:18:52	2022-08-24 16:18:52
BE22015568	4	1	저런, 더운 여름에 친구를 기다린다고 얼마나 고생이 많았겠니. 게다가 연락조차 되지 않으면 무척 답답하고 힘들지.	N	2022-08-24 16:18:52	2022-11-08 05:03:52
BE22015568	5	0	이렇게 약속을 어긴 건 이번이 처음이지만, 지각은 밥 먹듯이 하던 친구였어. 그것 때문에 평소에도 불만이 많았는데, 이번에는 정말 용납할 수가 없어.	N	2022-08-24 16:18:52	2022-11-08 05:03:52
BE22015568	6	1	그래. 나였어도 무척 실망했을 거야. 나와의 약속을 너무 성의 없이 어기는 것만 같아 속상한 마음이 들 테니까 말이야.	N	2022-08-24 16:18:52	2022-11-08 05:03:52
BE22015568	7	0	맞아. 계속 전화하다가 이제는 그냥 포기했어. 화가 나서 만나고 싶은 마음이 싹 사라졌는걸. 당분간 얼굴도 마주보기 싫을 것 같아.	N	2022-08-24 16:18:52	2022-11-08 05:03:52
BE22015568	8	1	네가 많이 화가 난 모양이로구나. 혹시 친구가 이렇게까지 약속에 나오지 않을 만한 이유라도 있는 건 아닐까? 피치 못할 사정이 있을지도 모르잖아.	N	2022-08-24 16:18:52	2022-11-08 05:03:52
BE22015568	9	0	글쎄, 모르겠어. 솔직히 이제 알고 싶지도 않고. 어쨌든 내게 말도 없이 약속을 없는 것처럼 취급했잖아. 지금 생각해도 너무 열받는걸.	N	2022-08-24 16:18:52	2022-11-08 05:03:52
BE22015568	10	1	동생아, 물론 네가 이렇게 화를 내는 것도 이해가 가. 아무런 연락도 없이 한참을 기다리는 게 여간 힘든 일이 아니잖니. 하지만 지금은 네가 많이 흥분해 있으니, 먼저 마음을 진정시키고서 평정심을 되찾을 필요가 있어 보여.	N	2022-08-24 16:18:52	2022-11-08 05:03:52
BE22015568	11	0	친구한테 무슨 일이 있었는지 물어보는, 뭐 그런 걸 말하는 거야? 하지만 그런다고 뭐가 달라지기는 할까? 두 시간을 기다린 것만 생각하면 여전히 속이 부글거린단 말이야.	N	2022-08-24 16:18:52	2022-08-24 16:18:52
BE22015568	12	1	누구라도 약속을 이유 없이 어기지는 않을 거야. 혹여라도 어쩔 수 없는 사정이 있었을지도 모르니, 먼저 이야기를 들어주는 너그러운 마음을 가져보자. 그러는 편이 네 마음도 한결 편할 거야.	N	2022-08-24 16:18:52	2022-11-08 05:03:52
BE22015568	13	0	알겠어. 확실히 지각도 아니고 아예 오지 않을 정도라면 언니 말대로 피치 못할 사정이 있을지도 모르겠네. 당장 화가 나는 마음에 급급해 다른 건 생각하고 있지 않았던 것 같아. 그렇게 생각하니까 화도 조금씩 누그러드는 기분이야.	N	2022-08-24 16:18:52	2022-08-24 16:18:52
BE22015568	14	1	다행이구나. 아까는 네가 너무 흥분한 것처럼 보여 네가 무척 걱정됐었거든. 네가 충분히 화를 가라앉혔다고 느낄 때 친구에게 다시 연락해봐. 무엇보다도 침착하게 대화로 풀면 마음이 한결 편안할 거야.	N	2022-08-24 16:18:52	2022-11-08 05:03:52
BE22015568	15	0	응. 그렇게 하도록 할게. 언니의 조언이 큰 도움이 됐어.	Y	2022-08-24 16:18:52	2022-08-24 16:18:52
