id	utterance_id	utterance_type	utterance_text	terminate	regDate	updDate
BE22009307	1	0	언니 나 너무 화나고 짜증 나. 손님 중에 자꾸 돈을 던지는 사람들이 있어. 도대체 왜 이러는 걸까?	N	2022-07-16 03:12:31	2022-11-08 04:24:16
BE22009307	2	1	세상에 무슨 그렇게 무례한 사람들이 다 있담? 나 같아도 공손하게 손님 맞이하는데 그렇게 함부로 하는 사람들이 있으면 엄청 속상할 것 같네. 어휴.	N	2022-07-16 03:12:31	2022-11-08 04:24:16
BE22009307	3	0	정말 그래. 나는 반갑게 어서 오세요! 하고 인사하면서 친절하게 일하려고 하거든. 그런데 퉁명스럽게 돈이나 카드를 툭 하고 던지면 자존감도 낮아지는 것 같아.	N	2022-07-16 03:12:31	2022-11-08 04:24:16
BE22009307	4	1	맞아 사람한테 받는 대우로 내 기분이나 자존심이 달라질 때가 있지. 언니도 알바할 때 많이 느껴봤어. 손님들이 친절하게 대해주면 하루가 즐겁고 이상한 손님 받으면 우울하고. 그래서 이해해.	N	2022-07-16 03:12:31	2022-11-08 04:24:16
BE22009307	5	0	맞아 언니도 그때 힘들어했던 기억이 나네. 그때는 몰랐는데 이제는 언니의 기분을 이해할 것 같아.	N	2022-07-16 03:12:31	2022-11-08 04:24:17
BE22009307	6	1	어휴 힘들일 겪으면서 철이 드니 언니가 마음이 다 아프다. 동생아, 그런 손님들의 태도에 너무 마음 쓰지 말고 가볍게 흘려버려. 그 사람들이 너에게 영향을 주지 않게 말이야.	N	2022-07-16 03:12:31	2022-11-08 04:24:17
BE22009307	7	0	응 언니. 사실 지금도 욱하면서 짜증이 나긴 해. 그래도 언니한테 이렇게 투정 좀 부리고 나니 마음이 괜찮아지는 거 같아.	N	2022-07-16 03:12:31	2022-11-08 04:24:17
BE22009307	8	1	에이 투정을 언제 부렸다고 우리 상냥하고 착한 동생이 일 잘하는 거는 누구나 다 알 거야. 그런데 그런 너에게 매너 없이 대하는 손님들이 정말 밉네. 그런 사람 보면 언니가 혼내줄게.	N	2022-07-16 03:12:31	2022-11-08 04:24:17
BE22009307	9	0	역시 우리 언니다. 투덜거리는 마음이 생기다 가도 언니랑 이야기하면 웃게 된다니까.	N	2022-07-16 03:12:31	2022-11-08 04:24:17
BE22009307	10	1	언니는 언제든 동생을 웃게 만들어 줄 수 있지. 그러니까 너무 혼자 속상해하거나 마음 다치거나 자존심 상해 하지 말고 나한테 이야기 해. 내 동생은 언제나 빛나는 사람이니까.	N	2022-07-16 03:12:31	2022-11-08 04:24:17
BE22009307	11	0	응. 생각해보니 지나가는 사람들에게 상처받을 이유 따윈 없었는데 그냥 조금 화가 나서 그런가 봐. 언니 말대로 나는 빛나는 사람이니까 그만 우울해할게.	N	2022-07-16 03:12:31	2022-11-08 04:24:17
BE22009307	12	1	맞아. 그 사람들은 정말 네 인생에서 다시 볼 일 없을 사람들이야. 그러니 부정적인 감정은 담아두지 말고 흘려보내도록 해. 네 자존감은 스스로 올리는 거란다.	N	2022-07-16 03:12:31	2022-11-08 04:24:17
BE22009307	13	0	그러게, 언니 말대로 나한테 하나도 중요하지 않은 사람들 때문에 내가 속상할 일이 아니네. 고마워 언니 덕분에 마음이 좀 진정되었어.	N	2022-07-16 03:12:31	2022-11-08 04:24:17
BE22009307	14	1	잘한다, 내 동생. 평소처럼 밝고 활기차게 행동하면 너를 좋게 생각하는 사람들도 많아질 거야. 물론 지금도 너를 아끼는 사람이 많을 테지만 말이야.	N	2022-07-16 03:12:31	2022-11-08 04:24:17
BE22009307	15	0	응. 나도 더 열심히 노력해서 잘 지내볼게. 고마워 언니. 항상 내 옆에 있어 줘서 히히 알바 끝나고 일찍 갈게 사랑해.	Y	2022-07-16 03:12:31	2022-11-08 04:24:17
