id	utterance_id	utterance_type	utterance_text	terminate	regDate	updDate
BE22015436	1	0	형, 회사에서 화가 나는 일이 있었어.	N	2022-08-24 03:20:53	2022-11-08 05:03:03
BE22015436	2	1	왜 무슨 일이 생겼던 거야?	N	2022-08-24 03:20:53	2022-08-24 03:20:53
BE22015436	3	0	이전 사람이 갑자기 퇴사하는 바람에 내가 인수인계를 제대로 못 받았잖아. 그래서 상사나 주변 사람한테 물어보면 알아서 처리하라네. 그런데 내가 모르는 일을 알아서 처리할 수 없는데 계속 그렇게 답하니까 화가 나.	N	2022-08-24 03:20:53	2022-11-08 05:03:03
BE22015436	4	1	그래 신입 때는 질문하면 알아서 판단하라 답하고, 개인적으로 처리하면 이번엔 묻지 않았다고 혼내지. 그럴 때 나도 많이 힘들고 상사나 주변 사람들에게 화가 나더라. 그렇지만 점차 경험이 쌓이면 자연스레 판단이 생기면서 문제가 해결되더라고.	N	2022-08-24 03:20:53	2022-11-08 05:03:03
BE22015436	5	0	그렇지만 그건 초반에 인수인계나 알려주는 사람이 있어야 하는 거잖아. 내 입장에서는 실수를 줄이고 일을 잘 해보려고 노력하고 질문하는 거였어. 그런데 알아서 하라는 답을 받으면 짜증도 나고 기운 빠져.	N	2022-08-24 03:20:53	2022-08-24 03:20:53
BE22015436	6	1	본래 사람마다 가르치는 법이 다르잖아. 아마 그들도 그곳에서 알아서 익혀온 경험 때문에 그럴 수도 있어. 분노는 분노를 부르는 법이니까 그래도 먼저 다가가면 서로 가까워질 수 있지 않을까?	N	2022-08-24 03:20:53	2022-11-08 05:03:03
BE22015436	7	0	지금도 내 상황을 알면서도 이렇게 대하는걸? 내 사정을 알면서도 모른 척하고 알아서 하라는 말만 한다는 생각에 분노하게 돼. 아무래도 나에게 텃세한다는 생각에 화가 나고 말이야.	N	2022-08-24 03:20:53	2022-11-08 05:03:03
BE22015436	8	1	본래 기분이 좋지 않을 땐 상대의 모든 행동이 나를 향한 공격으로 느껴지잖아. 그렇지만 회사 사람들도 그저 제 일에 바빠서 그럴지도 몰라. 화를 내면 그들과 멀어질 뿐이니까 차분히 현재 상황을 밝히고 대화해보면 앙금이 풀릴 거야.	N	2022-08-24 03:20:53	2022-11-08 05:03:03
BE22015436	9	0	하지만 내가 솔직하게 힘드니 알려주시면 좋겠다고 말해도 잘 들어줄지 모르겠어. 지금도 다들 내가 다가가기만 해도 귀찮다는 표정을 지으니 순간 화가 솟더라고.	N	2022-08-24 03:20:53	2022-08-24 03:20:53
BE22015436	10	1	너는 본래 네 상황이나 기분에 대해 잘 설명하며 대화를 이끌어 가는 장점이 있잖아. 분명 초반은 귀찮다고 여기더라도 네가 먼저 상대를 이해하고 함께 대화하면 너를 이해해주는 사람도 생기겠지. 시도하지 않으면 성공도 할 수 없으니 일단 도전해보는 게 어떨까?	N	2022-08-24 03:20:53	2022-11-08 05:03:03
BE22015436	11	0	형과 대화하고 나니 화가 풀리는 것 같아. 아직 서로에 대해 모르는 데다 급하게 한 명이 나가는 바람에 일이 몰렸다고 했거든. 일단 시도는 해보겠지만 오히려 나쁜 결과로 이어지지는 않을까?	N	2022-08-24 03:20:53	2022-08-24 03:20:53
BE22015436	12	1	앞으로 너와 계속 함께 일을 할 사람들이잖아. 그렇다면 부딪히면서 합의점을 찾고 이해하는 과정이 필요하다고 생각해. 만약 실패하더라도 그 과정과 경험이 앞으로의 사회생활에 좋은 양분이 될 거야.	N	2022-08-24 03:20:53	2022-11-08 05:03:03
BE22015436	13	0	고마워 형. 덕분에 많이 차분해졌어. 아직 입사 초기니까 좀더 할 수 있는 일을 해보도록 할게.	N	2022-08-24 03:20:53	2022-11-08 05:03:03
BE22015436	14	1	그래 너를 이해하고 도와줄 사람이 분명히 있을 테니까 너무 화내기보다 잘 지내기 위해 노력해보자. 너라면 잘 할 수 있을 거야.	Y	2022-08-24 03:20:53	2022-11-08 05:03:03
