id	utterance_id	utterance_type	utterance_text	terminate	regDate	updDate
BE22018868	1	0	형, 우리 아파트는 방음이 전혀 안 되는 것 같아. 내가 8층에 사는데 아파트 단지에서 애들이 떠들면 소리가 우리 측까지 들려. 아이들이 많이 있을 때는 너무 시끄러워서 분노가 머리끝까지 올라올 정도야.	N	2022-09-19 07:15:16	2022-11-08 05:23:57
BE22018868	2	1	너 정말 힘들겠어, 요즘 층 간 소음도 많이 문제가 되잖아. 그 소음을 견디고 있는 네가 상상돼서 내가 다 속상해져.	N	2022-09-19 07:15:16	2022-11-08 05:23:57
BE22018868	3	0	정말 견디기 힘들 때가 많아, 내가 아파트 단지에 있는 것 같이 소리가 들리더라고. 이게 울려서 그런 건지 도대체 아파트 설계가 어떻게 된 건지 모르겠어. 내가 전문가는 아니지만 이건 도저히 사람이 견딜 수 있는 구조가 아니야.	N	2022-09-19 07:15:16	2022-11-08 05:23:57
BE22018868	4	1	그렇구나, 네가 문자로 보내는 것이지만 네가 얼마만큼 참고 있는지 느껴져. 참을성이 많은 너인데 네가 이 정도 이면 심각한 상황이잖아. 네가 잘못해서 생긴 문제도 아닌데 네가 견뎌야 한다는 게 너무 안타깝고 걱정이 돼.	N	2022-09-19 07:15:16	2022-11-08 05:23:57
BE22018868	5	0	나는 요즘 재택근무를 하기 때문에 24시간을 집에만 있거든. 그런데 이런 소음이 계속되는 게 도저히 참을 수가 없겠더라고. 분노가 폭발해서 관리 실에 항의도 해봤지만 해결이 안 되더라고.	N	2022-09-19 07:15:16	2022-11-08 05:23:57
BE22018868	6	1	그랬구나, 여러 시도를 해봤지만 좌절되었다니 참 힘들었겠어. 너의 분노가 왜 이렇게 주체 못 할 정도로 올라왔는지 공감 되네.	N	2022-09-19 07:15:16	2022-11-08 05:23:57
BE22018868	7	0	우선은 우리 동 대표가 있어서 그분에게 말을 해볼까 하기도 해. 그런데 근본적으로 해결이 될까 해서 믿을 수가 없어.	N	2022-09-19 07:15:16	2022-09-19 07:15:16
BE22018868	8	1	그것참 좋은 생각이네. 네가 회의적인 감정이 드는 건 당연하지만 그래도 말하지 않는 것보다는 좋겠는걸. 네가 고민해서 생각해낸 것이니까 안 좋은 결과를 가져 오지는 않을 거야.	N	2022-09-19 07:15:16	2022-11-08 05:23:57
BE22018868	9	0	그렇겠지, 사실 집안에 계속 있다 보니 많이 예민해졌나 봐. 요즘은 눈에 보이는 것마다 죄다 신경이 쓰여.	N	2022-09-19 07:15:16	2022-09-19 07:15:16
BE22018868	10	1	그랬구나, 그런데 그럴 수밖에 없을 것 같아. 시국이 시국이라 재택을 하는 사람이 많잖아. 다들 집에 있어서 소음이 더 발생하고 네가 화를 낼 수밖에 없는 심정이라는 걸 이해해.	N	2022-09-19 07:15:16	2022-11-08 05:23:57
BE22018868	11	0	형이 동조를 해주니까 내 분노했던 마음이 좀 풀린다. 사실 이 문제가 요 며칠 계속되는 동안에 내 마음이 너무 피폐해졌어. 이명같이 계속 소음이 들려서 힘들었는데 형 덕분에 힘이나.	N	2022-09-19 07:15:16	2022-11-08 05:23:57
BE22018868	12	1	그렇게 힘들었을 너를 잘 챙기지 못했다는 생각이 들어서 너무 미안해진다. 네가 현명하게 해결하려고 하는 모습이 떠올라서 대단하다는 생각도 들어. 우리 동생이 언제 이렇게 컸나 싶은 생각에 참 뿌듯해져.	N	2022-09-19 07:15:16	2022-11-08 05:23:57
BE22018868	13	0	형이 나에게 얼마나 위로가 되는데, 오늘도 이런 분노가 풀리지 않아서 형에게 도움을 청한 거야. 형과 문자를 나누니까 내 분노도 점차 가라앉아서 너무 고마운 걸.	N	2022-09-19 07:15:16	2022-09-19 07:15:16
BE22018868	14	1	언제나 나에게 고마워하는 내 동생이 이런 일로 고통을 겪고 있다는 생각에 많이 걱정이 되었어. 그런데 내 위로로 해결 방법을 생각하고 힘을 내는 너라서 정말 다행이야.	N	2022-09-19 07:15:16	2022-11-08 05:23:57
BE22018868	15	0	이게 다 형 덕분이야. 아파트 단지에서 떠드는 소리가 8층까지 들린다는 게 믿을 수 없는 현실이었어. 형이 내 분노를 이해하고 나를 많이 위로해 주니까 분노가 많이 풀리더라고 너무 고마워.	Y	2022-09-19 07:15:16	2022-11-08 05:23:57
