id	utterance_id	utterance_type	utterance_text	terminate	regDate	updDate
BE22020057	1	0	언니 나 정말 최악의 일주일을 보낸 것 같아서 너무 화가 나. 남자친구와 크게 싸우다가 결국 시간을 갖기로 했어. 헤어질까 생각 중인데 언니 의견을 물어보고 싶어서 연락했어.	N	2022-09-22 17:07:26	2022-09-22 17:07:26
BE22020057	2	1	예쁘게 잘 사귀고 있는 줄 알았는데 이런 소식을 접하게 되어 많이 당황스럽네. 무슨 일이 있었길래 일주일 씩이나 끙끙 앓았을까, 생각할수록 마음이 아프네. 얼른 나에게 털어놓아 봐.	N	2022-09-22 17:07:26	2022-11-08 05:36:06
BE22020057	3	0	남자친구가 그 말을 꺼내기 전까진 아무 문제 없었던 터라 더 억울하고 분통이 터질 지경이야. 갑자기 일주일 전쯤 남자친구가 친구들과 여행을 간다는 거야. 거기까진 좋은데 여자인 친구들도 함께 가게 되었다는 거야 이게 말이 된다고 생각해?	N	2022-09-22 17:07:26	2022-09-22 17:07:26
BE22020057	4	1	너에게 사전에 물어본 것도 아니고 통보식으로 전달을 받아서 더 기분이 나빴겠어. 나였어도 이해할 수 없고 화가 났을 것 같은 상황이네. 아무리 친한 친구들이라고 해도 같은 여자로서 신경 쓰이니 민감한 문제니까.	N	2022-09-22 17:07:26	2022-11-08 05:36:06
BE22020057	5	0	내 말이 그 말이야, 남자친구는 그걸 이해를 못 하고 오히려 날 이상한 취급을 하는 거야. 날 만나기 전부터 친했던 친구들인데 왜 이상한 관계로 몰아가냐고 하더라고. 그 말을 듣자마자 화가 머리끝까지 나서 말문이 막히더라고, 내가 속이 좁은 거야?	N	2022-09-22 17:07:26	2022-11-08 05:36:06
BE22020057	6	1	각자 지내온 환경과 가치관이 달라서 이해 못 할 수 있다고 생각은 하지만. 그걸로 이상한 취급을 하는 건 아닌 것 같아 화가 충분히 날만 해. 네가 얼마나 배려심 있고 이해심 많은 아이인데, 절대 속이 좁다고 생각하지 마.	N	2022-09-22 17:07:26	2022-11-08 05:36:06
BE22020057	7	0	몇 년을 만난 남자친구가 내 마음을 헤아려 주지 않으니 너무 분통 터지는 거 있지. 그동안 서로 쌓았던 신뢰가 한순간에 무너지는 것 같았어. 내가 그동안 얼마나 이해하고 참아 왔는데 이런 식으로 대하니 참을 수 없이 화가 나.	N	2022-09-22 17:07:26	2022-11-08 05:36:06
BE22020057	8	1	네가 얼마나 진심으로 그 사람을 좋아했는지를 아니까 얼마나 배신감과 허탈함이 들지 상상이 가. 그렇지만 이런 문제를 겪고도 바로 이 사람과의 관계를 다시 생각해 보겠다는 결단력이 멋있다고 생각해. 너는 있는 그대로 사랑받을 자격이 있는 사람이야.	N	2022-09-22 17:07:26	2022-11-08 05:36:06
BE22020057	9	0	언니가 이렇게 날 위로해 주니 조금 나아지는 것 같아. 내가 예민한 사람인가 하는 생각도 들었었는데 아니라고 말해줘서 너무 고마울 뿐이야. 사랑하면 꼭 당연하게 맞춰주는 것이라고 생각했었는데 그래서 남자친구가 나를 더 우습게 보고 있었나 봐.	N	2022-09-22 17:07:26	2022-11-08 05:36:06
BE22020057	10	1	계속 만남을 이어갈지 말지는 너의 결정이니 뭐라고 하지 않을게. 진지하게 얘기를 해보고 나서도 그 생각이 바뀌지 않는다면 그건 너를 아끼지 않는 거야. 네가 행복할 수 있는 최선의 선택을 했으면 좋겠어.	N	2022-09-22 17:07:26	2022-11-08 05:36:06
BE22020057	11	0	그럴게. 그동안 내 솔직한 감정과 마음을 얼마나 방치했는지 깨달았네. 앞으로는 내 감정을 먼저 소중하게 생각할 거야. 언니한테 털어놓으니 생각이 많이 정리되는 것 같아.	N	2022-09-22 17:07:26	2022-11-08 05:36:06
BE22020057	12	1	속이 참 여린 너라서 이런 문제를 가지고 고생했을 걸 생각하니 언니 마음이 찢어져. 그래도 제일 먼저 나에게 말해줘서 고마워. 이렇게 힘든 문제일수록 혼자 힘들어하면 더 힘든 법인데 잘 얘기했어.	N	2022-09-22 17:07:26	2022-11-08 05:36:06
BE22020057	13	0	가장 먼저 생각이 나는 사람이 언니더라고. 언니는 어릴 때부터 항상 내 고민 상담가였잖아. 오늘도 참 많은 도움이 되었어.	N	2022-09-22 17:07:26	2022-09-22 17:07:26
BE22020057	14	1	그렇게 말해주니 뿌듯하네. 앞으로도 무슨 일이 생기든 언니가 옆에 있다는 걸 잊지 마.	Y	2022-09-22 17:07:26	2022-11-08 05:36:06
