id	utterance_id	utterance_type	utterance_text	terminate	regDate	updDate
BE22016813	1	0	오늘 낚시를 떠난 남편이 돌아왔어. 얼굴을 새까맣게 타서 집에 오자마자 비린내 때문에 코가 다 막힐 지경이야. 정말 너무 보기 싫다.	N	2022-08-31 10:59:58	2022-08-31 10:59:58
BE22016813	2	1	언니답지 않게 왜 그렇게 화가 났어. 형부가 가진 유일한 취미생활 하나라고 생각하면 언니도 화가 덜 나지 않을까.	N	2022-08-31 10:59:58	2022-08-31 10:59:58
BE22016813	3	0	무슨 낚시를 쉬는 날마다 가는지 몰라. 애들도 집안일도 나 몰라라 하고 내가 너무 화가 나서 밥도 주기 싫어.	N	2022-08-31 10:59:58	2022-08-31 10:59:58
BE22016813	4	1	언니가 집안일과 육아에 많이 지쳐서 힘든 마음에 형부한테까지 화가 나는구나. 언니 말을 들으니 언니가 왜 기분이 안 좋은지 이해가 가네.	N	2022-08-31 10:59:58	2022-11-08 05:11:37
BE22016813	5	0	나도 애들도 아빠가 해줘야 할 역할을 이제 기대도 안 해. 우리 애들이 불쌍해 보여서 남편만 보면 화가 나서 울화병에 걸릴 것만 같아.	N	2022-08-31 10:59:58	2022-08-31 10:59:58
BE22016813	6	1	어렸을 때 엄마만큼 아빠의 보살핌이 참 중요하지. 애들에게 아빠만이 줄 수 있는 교육이 모자라지 않을까 많이 걱정되는구나. 그래도 언니가 애들을 워낙 잘 돌보고 교육도 잘하니까 너무 걱정하지 마.	N	2022-08-31 10:59:58	2022-11-08 05:11:37
BE22016813	7	0	남편으로 아빠로서의 책임감이 전혀 안 느껴져. 나 정말 남편 얼굴 보기가 너무나 싫어.	N	2022-08-31 10:59:58	2022-08-31 10:59:58
BE22016813	8	1	언니 자꾸 싫다고 생각하면 더 싫어지잖아. 그러지 말고 형부와 애들이 낚시도 같이 가게 해서 같이 있는 시간을 늘려봐. 그러다 보면 점점 이제까지 빈 것 같던 아빠의 자리도 채워나갈 거야.	N	2022-08-31 10:59:58	2022-11-08 05:11:37
BE22016813	9	0	그렇게 한다고 남편이 얼마나 변하겠어. 애들이 좋아할지도 모르겠고.	N	2022-08-31 10:59:58	2022-08-31 10:59:58
BE22016813	10	1	언니 안 좋은 쪽으로 생각하지 말고 이것저것 해 보면서 노력해 보자. 혼자 화내고 힘들어하는 건 끝이 없어 보여서 답답한 마음만 더 들잖아.	N	2022-08-31 10:59:58	2022-11-08 05:11:37
BE22016813	11	0	그래. 지친 마음에 자꾸 비관적으로 생각하는 것 같아. 네 말처럼 한 번 해볼게. 남편이 아이들과 함께하는 시간을 좀 가진다면 내 마음도 풀릴 거 같아.	N	2022-08-31 10:59:58	2022-11-08 05:11:37
BE22016813	12	1	응. 갑자기 변하지는 않겠지만 서서히 변해가는 모습을 지켜보다 보면 남편에 대한 마음도 점차 풀릴 거야. 시작이 중요하잖아.	N	2022-08-31 10:59:58	2022-11-08 05:11:37
BE22016813	13	0	응. 노력해 볼게. 정말 네 말처럼 그렇게만 된다면 한결 내 기분도 좋아지고 우리 아이들도 좋아할 거야.	N	2022-08-31 10:59:58	2022-08-31 10:59:58
BE22016813	14	1	그래. 언니를 위해서 그리고 애들을 위해서도 함께하는 시간이 얼마나 중요하겠어. 꼭 형부도 아이들과 함께하는 기쁨을 느껴서 모두 행복한 주말이 되면 좋겠다.	N	2022-08-31 10:59:58	2022-08-31 10:59:58
BE22016813	15	0	그래. 천천히 바뀌더라도 기다리고 기대해 볼게. 고맙다.	Y	2022-08-31 10:59:58	2022-11-08 05:11:37
