id	utterance_id	utterance_type	utterance_text	terminate	regDate	updDate
BE22019132	1	0	형 나 정말 아무렇지 않게 남의 외모에 대해 말하는 것 때문에 너무 화가 나. 왜 내 외모를 갖고 자기들 이야기의 화제로 삼는 건지 정말 기분 나쁘고 화가 치밀어.	N	2022-09-20 12:03:37	2022-09-20 12:03:37
BE22019132	2	1	네가 무슨 일로 그렇게 분한 건지 모르겠지만 너무 흥분하는 건 너답지 않아. 마음을 진정하고 형한테 이야기해 봐.	N	2022-09-20 12:03:37	2022-11-08 05:33:25
BE22019132	3	0	내가 요즘 건강에 좀 신경 쓰면서 운동을 많이 했거든. 운동을 해서 살을 뺐는데 나보고 살쪘다면서 살 좀 빼라고 하네. 너무 기가 막히고 어이가 없어서 막 화가 나잖아.	N	2022-09-20 12:03:37	2022-11-08 05:33:25
BE22019132	4	1	살 때문에 신경 쓰였는데 그런 말이 듣기 싫을 때가 있잖아. 남이 몰라주는 거 같아서 서운함에 화가 나는 감정을 느낄 수 있지.	N	2022-09-20 12:03:37	2022-11-08 05:33:25
BE22019132	5	0	내가 살을 빼든 말든 그게 무슨 상관인데 얘길 하는지 너무 기분 나쁘고 화가 나.	N	2022-09-20 12:03:37	2022-09-20 12:03:37
BE22019132	6	1	너무 기분 나빠하지 말고 좋게 생각해 봐. 친한 사람들이 너와 함께 있을 때 이야기한 것뿐이잖아. 네가 없을 때 한 이야기는 욕이지만 너와 함께하는 이야기는 너에 대한 관심 아니겠어.	N	2022-09-20 12:03:37	2022-11-08 05:33:25
BE22019132	7	0	아무리 그래도 내 기분도 생각해야지. 살 빼는 게 내가 필요에 의해서 하는 거지. 자기들이 말한다고 내가 거기에 맞춰야 되는 게 아니잖아.	N	2022-09-20 12:03:37	2022-09-20 12:03:37
BE22019132	8	1	네가 이미 열심히 하는 걸 알아봐 줬으면 하는 기대감이 있었나 보다. 가끔 듣고 싶은 말이 아닌 다른 말을 하면 갑자기 화가 나기도 하잖아. 네가 조금 마음의 여유를 갖고 다시 되새겨보면 네 기분도 풀릴 거 같아.	N	2022-09-20 12:03:37	2022-11-08 05:33:25
BE22019132	9	0	아무리 그래도 편하게 지내는 사이라고 그렇게 얘기하면 안 되는 거 아닌가. 예의가 없는 거 같아.	N	2022-09-20 12:03:37	2022-09-20 12:03:37
BE22019132	10	1	이미 네 마음이 많이 풀린 거 같은데. 너무 화가 났던 기억에 머쓱한 마음이 느껴지더라도 그냥 웃어넘겨. 오해하기도 하고 풀기도 하고 그러는 게 친한 동료 아니겠어.	N	2022-09-20 12:03:37	2022-09-20 12:03:37
BE22019132	11	0	응. 내가 너무 흥분했네. 내가 힘든 운동에 살도 빠지고 해서 조금 예민했나 봐. 친한 동료들인데 살 빠진 걸 모르고 그런 말 해서 서운한 마음도 있는 거 같아.	N	2022-09-20 12:03:37	2022-11-08 05:33:25
BE22019132	12	1	그런 기분이 드는 건 하나도 이상하지 않으니까 네 마음을 잘 달래줘. 예민한 기분에 또 실수 안 하는 게 중요한걸.	N	2022-09-20 12:03:37	2022-09-20 12:03:37
BE22019132	13	0	그래. 이제 실수 안 하게 나도 흥분하는 버릇도 조 고쳐야지. 편하게 이야기하는 동료들인데 내가 좀 과하게 매도한 거 같네. 가끔 내가 욱하는 게 있는데 형 말을 들으니 미안해지네.	N	2022-09-20 12:03:37	2022-11-08 05:33:25
BE22019132	14	1	그럴 수도 있지. 알고 고치면서 더 인격적으로 성장하는 거 아니겠어. 좋은 동료들이니까 내일은 따뜻하게 이야기하면 좋겠다.	N	2022-09-20 12:03:37	2022-11-08 05:33:25
BE22019132	15	0	그래야지. 고마워 형 많이 도움이 됐어. 앞으로 이런 실수하지 말아야겠어.	Y	2022-09-20 12:03:37	2022-09-20 12:03:37
