id	utterance_id	utterance_type	utterance_text	terminate	regDate	updDate
BE22009851	1	0	하, 우리 남편이 너무 건망증이 심해. 화가 날 지경이야.	N	2022-07-18 08:29:59	2022-11-08 04:27:51
BE22009851	2	1	왜 그래? 무슨 일 있었어?	N	2022-07-18 08:29:59	2022-11-08 04:27:51
BE22009851	3	0	오늘 외식하기로 해서 레스토랑 예약했는데, 밥을 차려놓았더라고.	N	2022-07-18 08:29:59	2022-11-08 04:27:51
BE22009851	4	1	어머. 네가 잔뜩 기대했던 외식인지 속이 많이 상했겠구나.	N	2022-07-18 08:29:59	2022-11-08 04:27:51
BE22009851	5	0	내가 저번 주말에도 말하고 어제도 말했는데 내 말은 절대 안 듣나 봐. 오늘 남편이 일찍 퇴근해서 저녁 준비를 해 놓은 채로 날 기다리더라. 진짜 왜 저러나 싶어.	N	2022-07-18 08:29:59	2022-11-08 04:27:51
BE22009851	6	1	네 입장에서는 충분히 화가 날 만하다. 왜 그 중요한 걸 잊어버려서 너를 화나게 할까? 더구나 예약 취소도 해야 하는 거라 널 정말 난처하게 만들었구나.	N	2022-07-18 08:29:59	2022-11-08 04:27:51
BE22009851	7	0	그러니까. 그래서 내가 그냥 차려 놓은 밥은 내일이나 먹고 레스토랑 가자고 했거든?	N	2022-07-18 08:29:59	2022-11-08 04:27:51
BE22009851	8	1	근데 제부가 싫다고 한 거야?	N	2022-07-18 08:29:59	2022-11-08 04:27:51
BE22009851	9	0	서운해하더라고! 자기가 차린 밥보다 레스토랑 밥을 먹고 싶냐고! 나만 이기적인 사람이 된 거지!	N	2022-07-18 08:29:59	2022-11-08 04:27:51
BE22009851	10	1	하지만 종일 일하고 나서 너를 위해 저녁을 준비했다는 건 좀 감동인데?	N	2022-07-18 08:29:59	2022-11-08 04:27:51
BE22009851	11	0	게다가 출장까지 있었으면서 피곤했을 텐데, 같이 외식했으면 서로 좋았잖아.	N	2022-07-18 08:29:59	2022-11-08 04:27:51
BE22009851	12	1	너도 제부가 저녁 준비하면서 힘들었을 생각을 하니 더 속이 상하는구나? 여전히 신혼부부 같은 애정이 느껴지는데?	N	2022-07-18 08:29:59	2022-11-08 04:27:51
BE22009851	13	0	더운데 장까지 보고. 그냥 못 이기는 척 들어가서 맛있게 먹어줘야겠다.	N	2022-07-18 08:29:59	2022-11-08 04:27:51
BE22009851	14	1	잘 생각했어. 제부도 미안해하고 있을 거야.	N	2022-07-18 08:29:59	2022-11-08 04:27:51
BE22009851	15	0	마침 배도 고프니까, 가서 얼마나 맛있게 차렸는지 먹어봐야겠다. 고마워, 언니.	Y	2022-07-18 08:29:59	2022-11-08 04:27:51
