id	utterance_id	utterance_type	utterance_text	terminate	regDate	updDate
BE22010007	1	0	누나, 오늘 마누라가 늦잠을 자서 아들이 지각했어요. 마누라는 밤에 컴퓨터를 하느라고 늦게 자고는 아침에 일어나지를 못해요. 잔소리해도 안 들으니 정말 화가 나서 견딜 수 없어요.	N	2022-07-19 01:56:27	2022-11-08 04:28:51
BE22010007	2	1	그거 때문에 애가 지각을 했다니 네가 화가 날 만하다. 갓 초등학생이 돼서 엄마 보살핌이 필요할 땐데 그래서 나도 마음이 안 좋다. 나도 이런데 당사자인 너는 어떻겠니?	N	2022-07-19 01:56:27	2022-11-08 04:28:51
BE22010007	3	0	제 심정이야 말해 뭐 해요? 마누라는 맘 카페에 가입해서 매일 글 쓰고 댓글 달기 바빠요. 별 영양가도 없는 짓 하느라고 그러는 거 보면 속이 뒤집어져요.	N	2022-07-19 01:56:27	2022-11-08 04:28:51
BE22010007	4	1	요즘 젊은 엄마들은 거기서 정보도 얻고 세상 돌아가는 이야기도 하는가 보더라. 그런데 네 눈에는 하등 가치가 없어 보일 수도 있겠어. 우리 엄마는 그런 거 없이도 우리를 잘 키웠다고 생각할 테니까.	N	2022-07-19 01:56:27	2022-11-08 04:28:51
BE22010007	5	0	정말 그래요. 우리 엄마는 그저 자식들밖에 관심이 없었잖아요. 이른 아침부터 일어나 우리들 학교 갈 준비시키느라 얼마나 애쓰셨어요? 그런데 요즘 젊은 엄마들은 자신들 취미가 더 소중하다니 이해가 안 돼요.	N	2022-07-19 01:56:27	2022-11-08 04:28:51
BE22010007	6	1	내가 보기엔 세상이 많이 변해서 우리 엄마와 단순 비교하는 건 무리가 있는 거 같아. 너도 생각을 조금만 다른 쪽으로 바꿔 보는 건 어떠니? 열린 마음으로 올케를 이해해 보는 건 어때?	N	2022-07-19 01:56:27	2022-11-08 04:28:51
BE22010007	7	0	저도 그걸 모르지 않아요. 그래도 기본은 해야잖아요? 늦잠 때문에 애를 지각시키는 게 정상은 아니지요.	N	2022-07-19 01:56:27	2022-11-08 04:28:51
BE22010007	8	1	네 말도 일리는 있어. 다만 이왕 일어난 일 너무 거기에 신경을 곤두세우지 말라는 거야. 그럼 너만 피곤해.	N	2022-07-19 01:56:27	2022-11-08 04:28:51
BE22010007	9	0	네, 안 그래도 그거 때문에 신경을 썼더니 머리가 아프네요. 그만 신경 끊어야 할까 봐요.	N	2022-07-19 01:56:27	2022-11-08 04:28:51
BE22010007	10	1	그래, 잘 생각했어. 이따 저녁에 올케랑 맥주라도 한잔하면서 다시 이야기해봐. 대화로써 문제점을 고쳐 나가야지.	N	2022-07-19 01:56:27	2022-11-08 04:28:51
BE22010007	11	0	누나 말이 맞는 거 같아요. 다시 진지하게 이야기해서 생활 태도를 고치게 해야지, 이러다 부부 사이에 금이 가겠어요.	N	2022-07-19 01:56:27	2022-11-08 04:28:51
BE22010007	12	1	잘 생각했다. 올케가 취미생활은 그거대로 하되 집안일에 지장을 주지 않도록 타협을 잘해봐. 그래야 너도 마음 놓고 회사에 다니지.	N	2022-07-19 01:56:27	2022-11-08 04:28:51
BE22010007	13	0	정말 그래요. 애 건사하는 거나 집안일에 타격만 안 준다면 저도 굳이 말리고 싶지 않아요. 그거 때문에 부부 사이에 트러블이 생기는 것도 원하지 않고.	N	2022-07-19 01:56:27	2022-11-08 04:28:51
BE22010007	14	1	정말 기특한 생각이다. 마음을 넓게 가지니 바로 이렇게 너그러워지잖아? 우리 동생은 역시 열린 마음의 소유자다.	N	2022-07-19 01:56:27	2022-11-08 04:28:51
BE22010007	15	0	누나 덕분에 마음이 풀려서 그래요. 귀찮을 만도 한데 늘 이렇게 제 얘기를 들어 주셔서 감사해요, 누나.	Y	2022-07-19 01:56:27	2022-11-08 04:28:51
