id	utterance_id	utterance_type	utterance_text	terminate	regDate	updDate
BE22000264	1	0	언니 지금 잠깐 나올 수 있어? 나 언니한테 상의하고 싶은 일이 있어.	N	2022-06-11 12:53:32	2022-11-08 03:25:57
BE22000264	2	1	아직 아기가 안 자서 당장은 못 나갈 것 같은데? 무슨 일인지 먼저 말해줄래?	N	2022-06-11 12:53:32	2022-11-08 03:25:57
BE22000264	3	0	남자 친구가 통화하는 걸 들었는데 분명히 여자 목소리였단 말이야? 근데 말투가 세상에 그렇게 다정할 수가 없어. 나한테 하는 것보다 몇 배는 다정하게 말하는데 어이가 없었어.	N	2022-06-11 12:53:32	2022-11-08 03:25:57
BE22000264	4	1	그런 일이 있었어? 네가 열받을만하네. 나 같아도 당장 그 상황을 겪으면 냉정하게 있을 수 없었을 거야.	N	2022-06-11 12:53:32	2022-11-08 03:25:57
BE22000264	5	0	남자 친구는 내가 처음에 여자 목소리 들은 거 아직 몰라. 이걸 듣자마자 바로 이야기할 걸 그랬나?	N	2022-06-11 12:53:32	2022-11-08 03:25:57
BE22000264	6	1	너는 정확히 남자 친구 통화 상대가 누구인지는 모르는 거지?	N	2022-06-11 12:53:32	2022-11-08 03:25:57
BE22000264	7	0	응. 진짜 당장 누군지 물어보고 탈탈 털고 싶었는데 못 들은 척하고 말았어. 내 평생치 인내심 미리 다 끌어 쓴 기분이야.	N	2022-06-11 12:53:32	2022-11-08 03:25:57
BE22000264	8	1	당장 화부터 낸 것이 아니라 한발 물러서 준 것 정말 잘했다. 네가 모르는 다른 이유가 있는 걸 수도 있으니 현명한 판단을 했네. 네 침착함을 나도 본받아야 하겠는걸?	N	2022-06-11 12:53:32	2022-11-08 03:25:57
BE22000264	9	0	그때는 티 안 내고 잘 넘겼는데, 집에 와서 생각해 보니까 속이 부글부글하는걸.	N	2022-06-11 12:53:32	2022-11-08 03:25:57
BE22000264	10	1	그거야 누구든 그럴 수 있지. 무덤덤한 사람이 있을 수가 있겠어? 그 와중에도 전후 사정 듣고 이야기해보려고 참은 네가 정말 자랑스럽네.	N	2022-06-11 12:53:32	2022-11-08 03:25:57
BE22000264	11	0	언니가 그렇게 말해주니 꾹 참아가며 웃는 얼굴로 헤어진 보람이 있네.	N	2022-06-11 12:53:32	2022-11-08 03:25:57
BE22000264	12	1	남자 친구한테 그 통화 상대가 누군지 먼저 물어보는 건 어떨까? 네 남자 친구가 너한테 숨기는 일이 있으면 앞에서 전화를 받지는 않았을 것 같아. 너무 실망하지 말고 이야기를 먼저 들어보자.	N	2022-06-11 12:53:32	2022-11-08 03:25:58
BE22000264	13	0	듣고 보니 언니 말이 맞네. 너무 당당하게 받아서 얘가 뭐 하는 거지 싶었는데 아무 일 아니었나?	N	2022-06-11 12:53:32	2022-11-08 03:25:58
BE22000264	14	1	그래. 뭔가 네가 오해하고 있는 걸 수도 있으니까 감정 좀 가라앉으면 이야기를 나눠보고 다시 알려줘.	N	2022-06-11 12:53:32	2022-11-08 03:25:58
BE22000264	15	0	알겠어, 언니. 조언해 줘서 고마워. 이야기해보고 바로 연락할게.	Y	2022-06-11 12:53:32	2022-11-08 03:25:58
