id	utterance_id	utterance_type	utterance_text	terminate	regDate	updDate
BE22019063	1	0	나 지금 너무 화가 나서 미치겠어.	N	2022-09-20 05:32:28	2022-09-20 05:32:28
BE22019063	2	1	언니, 무슨 일이길래 그래?	N	2022-09-20 05:32:28	2022-09-20 05:32:28
BE22019063	3	0	나 오늘 연차 써서 쉬기로 했거든. 근데 갑자기 팀장님이 전화를 하더니 나보고 오늘 ppt 완성해야 한다고 빨리 출근해 달라는 거야. 그래서 급하게 출근하다가 구두굽 한쪽이 부러져서 화가 나.	N	2022-09-20 05:32:28	2022-09-20 05:32:28
BE22019063	4	1	언니 말 들으면서 내 일이라고 생각하니까 나도 덩달아 화가 나고 그래. 안 그래도 얼른 급하게 가야 하는데 신발까지 망가져서 정말 기분이 안 좋겠다. 나였으며 오늘 왜 이렇게 재수가 없는 날일까 싶어서 분노가 차올랐을 것 같아.	N	2022-09-20 05:32:28	2022-11-08 05:24:51
BE22019063	5	0	갑자기 출근해야 하는 일이 생긴 것도 화가 나는데 구두굽까지 부러지니까 너무 열 받아. 괜히 팀장님을 탓하게 돼.	N	2022-09-20 05:32:28	2022-09-20 05:32:28
BE22019063	6	1	갑작스러운 봉변에 어느 누가 화가 나지 않겠어. 언니 화가 난 게 나한테도 느껴져서 내 가슴이 다 아프고 그래.	N	2022-09-20 05:32:28	2022-11-08 05:24:51
BE22019063	7	0	이 상태론 회사에 출근해도 일할 때 집중도 못할 것 같아. 화가 도저히 사그라지지가 않아.	N	2022-09-20 05:32:28	2022-09-20 05:32:28
BE22019063	8	1	감정이란 게 마음 가짐에 따라서 달라지기도 하는 거라 마인드 컨트롤을 하면 화가 가시더라고. 달리 생각하면 더 나쁜 일이 일어나지 않았음에 감사할 수 있는 일이잖아. 언니, 본인 정신 건강을 생각해서라도 화가 나는 일을 그만 곱씹고 툴툴 털었으면 좋겠어.	N	2022-09-20 05:32:28	2022-09-20 05:32:28
BE22019063	9	0	하지만 자꾸만 화가 나게 돼. 모처럼 쉬기로 한 날인데 급하게 출근하다가 신발까지 망가졌으니까 말이야.	N	2022-09-20 05:32:28	2022-09-20 05:32:28
BE22019063	10	1	그럴 땐 잠깐 시간을 가지고 잠시라도 머리를 비워서 아무 생각 안 하는 게 좋아. 부러진 구두굽은 수리해서 다시 고칠 수 있잖아, 그러니 그 일로 스트레스 받지 말자. 지금 당장은 감정적으로 욱하겠지만 나중에 충분히 수습할 수 있는 일로 감정을 낭비하지 않았으면 좋겠어.	N	2022-09-20 05:32:28	2022-11-08 05:24:51
BE22019063	11	0	네 말을 들으니까 좀 진정이 돼. 내가 너무 화를 많이 냈었나 봐. 이제야 몸이 좀 차분해지는 것 같아.	N	2022-09-20 05:32:28	2022-11-08 05:24:51
BE22019063	12	1	내 말이 언니에게 도움이 돼서 다행이야. 아무래도 화가 난 상태로 있으면 온종일 기분이 안 좋아질 수밖에 없잖아. 남은 시간에는 즐거운 일들이 생기기를 바랄게!	N	2022-09-20 05:32:28	2022-11-08 05:24:51
BE22019063	13	0	응, 이렇게 대화를 나누고 털어놓으니까 한결 마음이 편해져. 오늘 남은 시간 잘 지내볼게!	N	2022-09-20 05:32:28	2022-11-08 05:24:51
BE22019063	14	1	응, 이 뒤로는 별 탈 없이 잘 흘러가는 하루가 되기를 바랄게!	N	2022-09-20 05:32:28	2022-11-08 05:24:52
BE22019063	15	0	그래, 행운을 빌어줘서 고마워!	Y	2022-09-20 05:32:28	2022-09-20 05:32:28
