id	utterance_id	utterance_type	utterance_text	terminate	regDate	updDate
BE22000772	1	0	아, 진짜 너무 화가 난다.	N	2022-06-13 07:50:11	2022-11-08 03:29:17
BE22000772	2	1	왜? 무슨 일인데 이렇게 심술이 났어?	N	2022-06-13 07:50:11	2022-11-08 03:29:17
BE22000772	3	0	오빠, 내가 회색 반바지 엄청 아끼는 거 알지?	N	2022-06-13 07:50:11	2022-11-08 03:29:17
BE22000772	4	1	응, 알지. 네가 한 달 동안 돈 모아서 샀던 비싼 바지라서 엄청 애지중지하잖아.	N	2022-06-13 07:50:11	2022-11-08 03:29:17
BE22000772	5	0	그걸 어제 친구들이랑 술 먹고 정신없이 놀다가 찢어먹었어. 요즘 들어서 되는 일이 없네.	N	2022-06-13 07:50:11	2022-11-08 03:29:17
BE22000772	6	1	에고, 너 기분이 말이 아니겠다. 왜 그렇게 화가 났나 싶었는데 그럴 만했네.	N	2022-06-13 07:50:11	2022-11-08 03:29:17
BE22000772	7	0	내가 그거 사려고 얼마나 고생했는데… 몇 번 입어보지도 못하고 찢어져서 버려야 하니까 열불 나 죽겠어.	N	2022-06-13 07:50:11	2022-11-08 03:29:18
BE22000772	8	1	네가 그 옷 사려고 용돈 하나도 안 쓰고 아끼는 걸 보면서 나도 엄청 뿌듯해했거든... 지켜보는 나도 이렇게 마음 아픈데 당사자인 네 기분이 얼마나 처참할지 상상이 안 가.	N	2022-06-13 07:50:11	2022-11-08 03:29:18
BE22000772	9	0	그리고 술 먹고 신나서 옷 신경 안 쓰고 막 놀았던 내가 너무 바보 같고 후회돼.	N	2022-06-13 07:50:11	2022-11-08 03:29:18
BE22000772	10	1	사람이 술에 취하면 누구나 실수하잖아? 그런 것 가지고 너 자신을 비하하고 그럴 필요 없어. 실수를 교훈 삼아서 다음부터 안 그러면 되지.	N	2022-06-13 07:50:11	2022-11-08 03:29:18
BE22000772	11	0	에휴, 적당히 찢어졌으면 꿰매서 입으려고 했는데 너무 크게 찢어져서 그럴 수도 없겠더라고.	N	2022-06-13 07:50:11	2022-11-08 03:29:18
BE22000772	12	1	마지막 희망마저 짓밟힌 기분이었겠구나?	N	2022-06-13 07:50:11	2022-11-08 03:29:18
BE22000772	13	0	응, 정말 술 먹기 전 어제로 돌아가고 싶어. 그거 엄청 비싼 건데 언제 또 돈 모으냐고...	N	2022-06-13 07:50:11	2022-11-08 03:29:18
BE22000772	14	1	야, 바지가 찢어질 정도면 어디에 세게 부딪치거나 쓸렸다는 건데, 네가 다치지 않은 게 어디야. 내가 하나 새로 사줄 테니까 기분 풀어.	N	2022-06-13 07:50:11	2022-11-08 03:29:18
BE22000772	15	0	정말? 기분이 확 좋아지네! 역시 우리 오빠밖에 없다.	Y	2022-06-13 07:50:11	2022-11-08 03:29:18
