id	utterance_id	utterance_type	utterance_text	terminate	regDate	updDate
BE22018679	1	0	언니, 나 너무 속상하고 화가 나. 이번 추석에 시부모님을 뵈러 갔더니 또 아이를 낳으라는 강요를 하시지 뭐야. 남편과 나는 아이를 원치 않는다고 몇 번이나 말씀드렸는데도 여전히 고집을 부리셔.	N	2022-09-17 20:45:22	2022-11-08 05:22:51
BE22018679	2	1	많이 짜증 나고 분노가 치밀었겠다. 사람이 말하는 것을 듣지를 않고 자꾸 자기 의견만 강요하니까 당연히 화가 날 거야. 그리고 자녀 문제는 굉장히 내밀하고 사적인 문제인데 더 예민해지지.	N	2022-09-17 20:45:22	2022-11-08 05:22:51
BE22018679	3	0	남편이 그러지 마시라고 중재하면서 말렸지만 쉽지 않았어. 남편과 내가 둘 다 합의한 사안인데 나만의 책임인 것처럼 나한테만 뭐라고 하시더라. 이해가 안 되고 서러워서 나중에는 화가 치밀더라.	N	2022-09-17 20:45:22	2022-11-08 05:22:51
BE22018679	4	1	시부모님들이 너만 타박해서 얼마나 서럽고 눈물이 났을까. 네 이야기를 전달받으면서 나조차도 화가 나고 안타까워. 그래도 남편이 네게만 책임을 전가하지 않고 적극적으로 나서서 너를 감싸주어 다행이야.	N	2022-09-17 20:45:22	2022-11-08 05:22:51
BE22018679	5	0	남편도 시부모님이 나를 괴롭히는 걸 보면서 많이 미안해하고 부끄러워해. 남편을 탓하고 싶지는 않아. 그 사람도 굉장히 중간에 끼어 곤란한 입장이니까.	N	2022-09-17 20:45:22	2022-11-08 05:22:51
BE22018679	6	1	시부모님들이 워낙에 옛날 분들이라서 자발적인 무자녀를 선택하는 걸 이해 못 하시나 봐. 시대적인 차이라고 여기고 네가 너그럽게 넘어가는 수밖에는 없겠다. 너무 스트레스받지 마.	N	2022-09-17 20:45:22	2022-11-08 05:22:51
BE22018679	7	0	세대 차이가 맞는 것 같아. 하지만 우리를 이해하려고 시도도 안 하시는 것 같아서 많이 속상하고 화가 나. 무조건 우리가 이상하고 당신들께서 하시는 말씀만 옳다고 여기셔서 벽에 대고 말하는 기분이야.	N	2022-09-17 20:45:22	2022-09-17 20:45:22
BE22018679	8	1	그렇게 완고하고 일방적인 태도는 정말 사람을 지치게 하고 분노케 하지. 네가 이번 연휴에 얼마나 속앓이를 했을지 상상이 간다. 언니로서 네가 정말 가엾고 안타까워.	N	2022-09-17 20:45:22	2022-11-08 05:22:51
BE22018679	9	0	우리 부부는 현재 너무 행복하고 만족스러운 결혼 생활을 하고 있거든. 그런데 어째서 제삼자가 이래라저래라 하는 건지 이해할 수 없어. 우리의 행복을 부정하고, 우리가 자녀가 없다는 이유만으로 불행해야 한다고 믿으시는 것 같아서 화가 나.	N	2022-09-17 20:45:22	2022-11-08 05:22:51
BE22018679	10	1	당사자들이 행복하고 즐거우면 그만인 거야. 다른 사람들이 뭐라고 하든 신경 쓰지 말아. 지금은 인정하지 않으시지만 시간이 지나면 시부모님들도 너희의 가치관을 이해하고 받아들이실 거야.	N	2022-09-17 20:45:22	2022-11-08 05:22:51
BE22018679	11	0	우리가 떳떳하고 당당하게 행복한 삶을 영위해 나가면 시부모님들도 깨닫는 바가 있을 거야. 그러기를 바라지. 남편도 나에게 사과하면서 이럴수록 더욱 우리는 굳건히 우리의 삶을 살자고 하더군.	N	2022-09-17 20:45:22	2022-11-08 05:22:51
BE22018679	12	1	나도 그렇게 생각해. 흔들리지 말고 너무 아파하지도 말고 씩씩하고 당당하게 일상을 살아가면 돼. 너희가 부족함 없이 행복하고 즐겁게 잘 살면 되는 거야.	N	2022-09-17 20:45:22	2022-11-08 05:22:51
BE22018679	13	0	응, 나도 이제 그만 우울하고 화나는 기분을 털어내야겠어. 우리 부부가 스스로의 선택에 확신이 있고 자신감 있으면 되는 것 같아. 너무 주위의 압박에 연연하지 말아야지.	N	2022-09-17 20:45:22	2022-11-08 05:22:51
BE22018679	14	1	네가 다시 힘을 찾은 것 같아서 기쁘다. 나는 언제나 너를 응원해.	Y	2022-09-17 20:45:22	2022-11-08 05:22:51
