id	utterance_id	utterance_type	utterance_text	terminate	regDate	updDate
BE22018202	1	0	나 오늘 자는 동안 생리혈이 새어 이불에 묻었더라고. 아침에 일어나서 발견하자마자 분노가 확 오르는데 일단 출근해야 해서 빨래도 못 하고 회사 왔어. 언니, 퇴근하면 곧바로 빨래해야 한다는 생각에 너무 화가 나.	N	2022-09-14 09:54:24	2022-11-08 05:20:07
BE22018202	2	1	너 아침부터 스트레스가 장난 아니었겠다. 나였어도 이게 무슨 일인가 싶어서 열받았을 것 같아. 성가시고 귀찮은 일이 생기면 당연히 기분이 안 좋아질 수밖에 없잖아.	N	2022-09-14 09:54:24	2022-11-08 05:20:07
BE22018202	3	0	응, 안 그래도 요즘 야근 때문에 바빠 죽겠는데 이불 빨래도 해야 해서 열받아. 심지어 예정일도 아니라서 미리 생리대를 차고 있지 않았어. 왜 예정일보다 빨리 터져서 사람을 짜증 나고 성가시게 만드는지 모르겠어.	N	2022-09-14 09:54:24	2022-11-08 05:20:07
BE22018202	4	1	나도 그 심정 알아. 난 아끼던 바지에 생리혈이 묻은 적이 있었거든. 그때 생각나면 지금도 욱하게 되는데 넌 지금 일어난 일이라 얼마나 기분이 상해 있겠니.	N	2022-09-14 09:54:24	2022-11-08 05:20:07
BE22018202	5	0	오늘 안 그래도 친구들이 집에 놀러 오기로 했는데 이런 일이 생겨서 역정이 나. 친구들한테 생리혈이 묻은 이불을 보여줄 수도 없잖아. 그 전에 빨래도 하고 집을 치워야 한다는 게 참 기분이 안 좋네.	N	2022-09-14 09:54:24	2022-09-14 09:54:24
BE22018202	6	1	오늘 하필 여러 가지 일들이 겹쳤구나. 네가 아침부터 그렇게 기분 안 좋게 있는 걸 보니 내가 괜히 신경 쓰이고 그래. 그래도 남은 시간은 그 일을 잊을 수 있게 좋은 일도 많이 생길 거야.	N	2022-09-14 09:54:24	2022-11-08 05:20:07
BE22018202	7	0	근데 이것 때문에 온종일 일에 집중할 수가 없어. 그 골치 아픈 일을 당장 해결할 수 없어서 그런지 자꾸 생각나고 화가 쌓이게 돼.	N	2022-09-14 09:54:24	2022-09-14 09:54:24
BE22018202	8	1	그래도 이미 일어난 일에 네 속을 해치면서까지 너무 화내지 않기를 바랄게. 지금 이 화가 너에게 도움은커녕 마음만 해치고 있잖아. 화를 잠재울수록 남은 하루를 괜찮게 보낼 수 있다는 걸 항상 명심했으면 해.	N	2022-09-14 09:54:24	2022-11-08 05:20:07
BE22018202	9	0	화가 진정이 되지 않을 때 어떡하지? 내가 조금이라도 배가 아프단 걸 알고 깼어야 했는데 말이야. 그렇게 생각하니 내 속에서 짜증이 치솟아.	N	2022-09-14 09:54:24	2022-09-14 09:54:24
BE22018202	10	1	화가 나는 일을 되도록 떠올리지 않으면 분노가 조금은 사라질 거야. 그 일을 생각하면서 할수록 화가 커질 수밖에 없잖아, 그러니 우리 거리를 두자. 화를 내도 어쩔 수 없는 일은 없었던 일처럼 생각하면서 마음의 평온을 얻자.	N	2022-09-14 09:54:24	2022-11-08 05:20:07
BE22018202	11	0	맞아, 언니 말처럼 내가 그 일을 인제 그만 생각해야 할 것 같아. 자꾸 생각해서 짜증이 났나 봐. 잠깐 생각을 멈추니까 진정이 돼.	N	2022-09-14 09:54:24	2022-11-08 05:20:07
BE22018202	12	1	응, 나도 그래서 화가 날 때는 도리어 생각을 안 하려고 해. 그래야 감정적으로 변할 일도 없고 마음이 평온해지더라고. 너도 화가 날 때는 일단 거리를 두고 상황을 봐.	N	2022-09-14 09:54:24	2022-11-08 05:20:07
BE22018202	13	0	응, 이번 일도 그렇고 다음에도 혹시 화가 나는 일이 생기면 그래야겠어. 언니 말이 정말 큰 도움이 되었어. 덕분에 남은 하루 잘 보낼 수 있을 것 같아.	N	2022-09-14 09:54:24	2022-09-14 09:54:24
BE22018202	14	1	그래, 금방 진정이 돼서 다행이야. 남은 시간 일 잘하고 친구들과 재미있게 놀기를 바랄게. 이불도 빨래하면 금방 지워질 테니까 너무 신경 쓰지 마!	N	2022-09-14 09:54:24	2022-11-08 05:20:07
BE22018202	15	0	응, 그러니까 마음이 평온해진다. 달래줘서 정말 고마워!	Y	2022-09-14 09:54:24	2022-11-08 05:20:07
