id	utterance_id	utterance_type	utterance_text	terminate	regDate	updDate
BE22011201	1	0	나 이번에 마트 다녀왔어. 근데 왜 이렇게 연락을 늦게 받아? 아, 기분 나빠.	N	2022-07-23 13:51:57	2022-11-08 04:36:23
BE22011201	2	1	미안해. 연락온 걸 지금 봤어. 그런데 언니 기분이 안 좋아 보이는데, 혹시 무슨 일 있었어?	N	2022-07-23 13:51:57	2022-11-08 04:36:23
BE22011201	3	0	아, 몰라. 아까 마트에서 원 플러스 원 상품만 알뜰하게 골라서 사서 기분이 좋았는데. 그 기분 다 망쳤어.	N	2022-07-23 13:51:57	2022-11-08 04:36:23
BE22011201	4	1	원 플러스 원? 잘 샀네! 근데, 기분이 망칠 정도로 화나는 일 있었나 보다. 무슨 일인지 나도 알려줄래?	N	2022-07-23 13:51:57	2022-11-08 04:36:23
BE22011201	5	0	아니, 글쎄. 오늘 장 보다가 어떤 사람이 나한테 실수로 부딪혔는데, 되레 나한테 화를 내는 거야!	N	2022-07-23 13:51:57	2022-11-08 04:36:24
BE22011201	6	1	정말? 진짜 무례한 사람이다. 사과는 못 할망정 왜 언니한테 화를 내다니, 언니 진짜 기분 나빴겠다. 나라면 하루 종일 속상했을 것 같아.	N	2022-07-23 13:51:57	2022-11-08 04:36:24
BE22011201	7	0	그니까. 그래서 어이없어서 나도 화를 냈지. 먼저 실수하신 건데 도리어 나한테 왜 그러시냐고.	N	2022-07-23 13:51:57	2022-11-08 04:36:24
BE22011201	8	1	나 같아도 정말 화도 나고 황당했을 것 같아. 갑자기 무슨 날벼락이야. 언니가 그렇게 말하니까 그분 반응은 어땠어?	N	2022-07-23 13:51:57	2022-11-08 04:36:24
BE22011201	9	0	처음에는 본인의 실수를 인정하지 않더라. 근데 점점 서로의 언성이 높아질수록 이러면 안 되겠다 싶었어. 사람들이 쳐다보니까 부끄럽더라고.	N	2022-07-23 13:51:57	2022-11-08 04:36:24
BE22011201	10	1	진짜 그러겠네. 언니가 잘못한 건 아니지만, 큰 소리가 나서 사람들이 쳐다보니까 민망한 기분이 들었을 것 같아.	N	2022-07-23 13:51:57	2022-11-08 04:36:24
BE22011201	11	0	응. 그래서 그냥 마트에서 나왔어. 그 사람이랑은 말이 통하지 않을 것 같아서.	N	2022-07-23 13:51:57	2022-11-08 04:36:24
BE22011201	12	1	잘했어, 언니. 그런 상황에서는 피하는 것도 하나의 방법인 것 같아. 더 이상 이야기했으면 언니도 더 스트레스받았겠다. 잘 대처한 것 같아.	N	2022-07-23 13:51:57	2022-11-08 04:36:24
BE22011201	13	0	고마워. 좀만 참으면 됐는데, 괜히 나도 머쓱하네. 방금도 너한테 툴툴대서 미안해.	N	2022-07-23 13:51:57	2022-11-08 04:36:24
BE22011201	14	1	아니야. 충분히 그럴 수도 있지. 언니가 그 상황 때문에 잠깐 기분이 안 좋아서 언니도 모르게 그런 거잖아.	N	2022-07-23 13:51:57	2022-11-08 04:36:24
BE22011201	15	0	그렇게 말해줘서 고마워. 너랑 이야기하니까 기분이 좀 나아졌다!	Y	2022-07-23 13:51:57	2022-11-08 04:36:24
