id	utterance_id	utterance_type	utterance_text	terminate	regDate	updDate
BE22016689	1	0	언니, 나 요새 너무 힘들어! 정말 화가 나 죽겠어.	N	2022-08-31 05:05:25	2022-08-31 05:05:25
BE22016689	2	1	무슨 일인데 그러는 거야?	N	2022-08-31 05:05:25	2022-08-31 05:05:25
BE22016689	3	0	내가 그렇게 부족한 인간인가, 싶어서 일하고 싶지 않다는 생각까지 들어.	N	2022-08-31 05:05:25	2022-11-08 05:10:52
BE22016689	4	1	네가 부족하다니 무슨 말이야? 부모님이 우리를 얼마나 귀하게 키워주셨는데. 모자랄 것 없는 존재야!	N	2022-08-31 05:05:25	2022-11-08 05:10:52
BE22016689	5	0	하는 일에 비해서 임금이 너무 박해. 최저시급만 준다는 게 말이 돼? 고난도 업무를 하고 있는데, 급여가 너무 적어.	N	2022-08-31 05:05:25	2022-08-31 05:05:25
BE22016689	6	1	너 같은 고급 인력에게 최저 시급밖에 지불하지 않는다고? 그동안 네가 한 노력이 무시당하는 것 같아 좌절되고 힘들었겠다.	N	2022-08-31 05:05:25	2022-11-08 05:10:52
BE22016689	7	0	이 일하려고 딴 자격증만 몇 개야? 컴퓨터 활용 능력부터 외국어 능력까지 겸비했는데!	N	2022-08-31 05:05:25	2022-11-08 05:10:52
BE22016689	8	1	나라면 꿈도 꾸지 못했을 일들을 넌 해냈어. 목표한 시간 내 성취하고자 했던 것들을 척척 이루어 낸 네가 가족으로서 너무 자랑스럽고 기특해. 자격증을 따 올 때마다 내가 신나게 춤을 추고 싶었는걸!	N	2022-08-31 05:05:25	2022-11-08 05:10:52
BE22016689	9	0	돈을 조금 받으니까 능력이 보상받지 못하는 기분이야. 침울해지고 자존감도 낮아져.	N	2022-08-31 05:05:25	2022-08-31 05:05:25
BE22016689	10	1	네게 당장 오는 물질적 보상이 적으면 아무래도 속상할 수밖에 없을 것 같아. 하지만 네 가치를 금액으로만 매기지 않았으면 좋겠어. 넌 그것보다 훨씬 가치 있고 괜찮은 사람이니까.	N	2022-08-31 05:05:25	2022-11-08 05:10:52
BE22016689	11	0	도대체 내가 남들보다 나은 점은 뭘까?	N	2022-08-31 05:05:25	2022-08-31 05:05:25
BE22016689	12	1	사람은 모두 각자의 재능을 타고난다지만 너는 그중에서도 끈기라는 소중한 능력을 갖췄는걸! 그런 네가 정말 자랑스럽고 대견해.	N	2022-08-31 05:05:25	2022-11-08 05:10:52
BE22016689	13	0	언니와 대화를 나누니까 조금 더 버텨 볼 힘이 생겼어. 설마 회사에서 계속 내 능력을 방치하진 않겠지?	N	2022-08-31 05:05:25	2022-08-31 05:05:25
BE22016689	14	1	조만간 회사에서도 네 능력을 알아보고 합당한 대가를 지불해 줄 거야. 나의 말들이 힘이 됐다니 다행이야. 너의 앞날을 진심으로 응원해!	Y	2022-08-31 05:05:25	2022-11-08 05:10:52
