id	utterance_id	utterance_type	utterance_text	terminate	regDate	updDate
BE22016285	1	0	나 지금 매우 화나는 일이 있었어. 어떡하지?	N	2022-08-29 17:07:56	2022-08-29 17:07:56
BE22016285	2	1	왜? 무슨 일인데? 우리 동생이 그러니까 갑자기 걱정되네.	N	2022-08-29 17:07:56	2022-11-08 05:08:22
BE22016285	3	0	내가 갑각류 알레르기가 있는데 내 여자 친구가 꽃게를 잔뜩 선물해줬어. 어떻게 이럴 수 있는지 너무 화가 나.	N	2022-08-29 17:07:56	2022-11-08 05:08:22
BE22016285	4	1	나도 예전에 비슷한 일이 있어서 네가 얼마나 당황하고 화가 났을지 예상돼. 네가 지금 화나고 속상할 걸 생각하니 나도 마음이 안 좋네.	N	2022-08-29 17:07:56	2022-11-08 05:08:22
BE22016285	5	0	알레르기가 얼마나 위험한 건지 알면서 어떻게 나한테 꽃게를 줄 수가 있지? 대체 나에 대한 마음이 어떻길래 이런 행동을 하는 건지 이해가 가지 않아. 그래서 받자마자 여자 친구한테 전화를 걸어서 화를 내고 끊어버렸어.	N	2022-08-29 17:07:56	2022-11-08 05:08:22
BE22016285	6	1	일부러 꽃게를 준 게 아니라 네가 갑각류 알레르기가 있다는 걸 몰랐던 게 아닐까? 그걸 알고 있었다면 너한테 분명히 그걸 선물하지 않았을 거야. 고의는 아니었을 테니 일단은 마음을 좀 가라앉혀보자.	N	2022-08-29 17:07:56	2022-11-08 05:08:22
BE22016285	7	0	내가 지나가듯이 얘기한 적이 있는데 나에 대한 관심이 있다면 당연히 기억해야 하는 거 아니야? 어떻게 여자 친구면서 그거 하나 기억을 못 하는 건지 너무 서운하고 화가 나.	N	2022-08-29 17:07:56	2022-11-08 05:08:22
BE22016285	8	1	네 여자 친구가 그 얘기를 잘 듣지 못했거나 아니면 잠깐 그걸 잊어버렸을 수도 있지 않을까? 사람마다 기억력이 다르기도 하고 그것만이 너에 대한 애정을 판별하는 척도는 아니잖아. 이제까지 여자 친구가 너한테 엄청나게 잘해줬던 걸 생각하면 널 엄청나게 사랑한다는 걸 알 거라고 생각해.	N	2022-08-29 17:07:56	2022-11-08 05:08:22
BE22016285	9	0	형 말을 들어 보니까 그런 것 같긴 하네. 내가 너무 여자 친구 입장은 알아보려고 하지도 않고 화부터 낸 것 같아서 나한테도 화가 나. 왜 그랬지? 여자 친구와의 관계를 내가 망쳐버린 것 같아서 내가 원망스럽기도 하네.	N	2022-08-29 17:07:56	2022-11-08 05:08:22
BE22016285	10	1	사람이라면 갑자기 감정에 휩싸여서 실수하기도 하니까 너무 자책하지 마. 그리고 너 원래 다른 사람들의 마음이 상하지 않도록 잘 얘기하는 능력이 있잖아. 이번에도 그 사람이 마음 상하지 않게 다시 잘 얘기해서 관계를 회복할 거니까 걱정하지 마.	N	2022-08-29 17:07:56	2022-11-08 05:08:22
BE22016285	11	0	그렇게 말해줘서 고마워. 형 덕분에 마음도 좀 괜찮아지고 조금 용기가 생기는 것 같아.	N	2022-08-29 17:07:56	2022-11-08 05:08:22
BE22016285	12	1	그렇다니 다행이야. 다음에도 고민이 생기면 언제든지 나한테 얘기해. 내가 들어줄게.	N	2022-08-29 17:07:56	2022-11-08 05:08:22
BE22016285	13	0	정말 고마워. 형 덕분에 괜찮아진 것 같아. 다른 사람의 고민을 들어주기도 쉬운 일은 아닐 것 같은데, 정말 고마워.	N	2022-08-29 17:07:56	2022-11-08 05:08:22
BE22016285	14	1	고민을 들어주면서 네 상황이 나아질 수 있다면 그게 나의 기쁨인걸. 그러니까 언제든지 얘기해.	N	2022-08-29 17:07:56	2022-11-08 05:08:22
BE22016285	15	0	응. 정말 고마워.	Y	2022-08-29 17:07:56	2022-11-08 05:08:22
