id	utterance_id	utterance_type	utterance_text	terminate	regDate	updDate
BE22001267	1	0	내일 엄마 생일이라 오늘 퇴근하는 길에 꽃 사 왔는데 엄마가 뭐라는 줄 알아? 이런 거 말고 앞으로는 돈으로 달래.	N	2022-06-14 08:27:13	2022-11-08 03:32:35
BE22001267	2	1	아이고. 열심히 골라서 사 왔을 텐데 속상했겠네.	N	2022-06-14 08:27:13	2022-11-08 03:32:35
BE22001267	3	0	속상한 게 아니라 이제는 짜증이 나. 언제까지 돈 얘기만 할 건지... 좋은 날 꽃으로 분위기 좀 내는 게 뭐 어때서 저러는 거야?	N	2022-06-14 08:27:13	2022-11-08 03:32:35
BE22001267	4	1	그러게 말이야. 생일날 꽃다발 선물은 사실 낭비라고 할 수도 없이 흔한 일인데... 그냥 좋아하시면서 웃는 얼굴 보려고 사 온 걸 텐데 우리 동생 기분이 많이 상했겠다. 누나도 많이 속상하다.	N	2022-06-14 08:27:13	2022-11-08 03:32:35
BE22001267	5	0	내가 다른 선물을 안 주고 꽃다발만 줬으면 말을 안 해. 돈값 하는 선물도 이미 주문해뒀는데 저러시잖아.	N	2022-06-14 08:27:13	2022-11-08 03:32:35
BE22001267	6	1	선물도 따로 주는 거면 꽃다발은 진짜 기분용으로 주는 건데, 엄마가 너무했다. 그냥 고맙게 받으시면 될걸.	N	2022-06-14 08:27:13	2022-11-08 03:32:35
BE22001267	7	0	아휴. 이제 엄마한테는 아무것도 해 주고 싶지 않아. 괜히 구박만 듣고.	N	2022-06-14 08:27:13	2022-11-08 03:32:35
BE22001267	8	1	속상한 마음 이해해. 꽃다발 들고 집 들어오면서 너도 많이 기대했을 텐데... 그래도 생신이시니까 너무 화내지는 말고 이해심 넓은 네가 마음 풀어.	N	2022-06-14 08:27:13	2022-11-08 03:32:35
BE22001267	9	0	제발 우리 엄마도 다른 엄마들처럼 꽃 같은 거, 반짝이는 장식품 같은 것 좀 좋아하면 좋겠어. 악착같이 돈 벌어 왔는데 쓰지 말고 모으라고만 하는 거 보면 속에서 열불이 터진다니까.	N	2022-06-14 08:27:13	2022-11-08 03:32:35
BE22001267	10	1	절약이 버릇이 되신 분이라 그래. 엄마가 너무 돈에 전전긍긍하는 게 자식인 우리 눈에 속상하고 화나는 일이지만, 그래도 저런 성격 덕분에 우리가 이만큼 자랄 수 있었던 거니까 이해해 드리자.	N	2022-06-14 08:27:13	2022-11-08 03:32:35
BE22001267	11	0	알았어. 누나가 그렇게 어른스럽게 말해주니까 나도 좀 기분이 풀리네.	N	2022-06-14 08:27:13	2022-11-08 03:32:35
BE22001267	12	1	그래. 엄마 생신이시기도 하고, 우리가 앞으로 얼마나 더 엄마 생신을 챙겨드릴 수 있겠어. 건강히 살아 계실 때 잘해 드리자. 속상하겠지만 기분 풀고.	N	2022-06-14 08:27:13	2022-11-08 03:32:35
BE22001267	13	0	누나 말이 맞아. 집 와서 내가 얼마나 예쁜 꽃다발을 사 왔는지 보고 반응 좀 해 줘.	N	2022-06-14 08:27:13	2022-11-08 03:32:35
BE22001267	14	1	알았어. 집 가면 꽃다발 보고 칭찬부터 할게. 엄마 앞에서 호들갑도 좀 떨어야겠다.	N	2022-06-14 08:27:13	2022-11-08 03:32:35
BE22001267	15	0	고마워. 시간 내서 얼른 집에 와!	Y	2022-06-14 08:27:13	2022-11-08 03:32:35
