id	utterance_id	utterance_type	utterance_text	terminate	regDate	updDate
BE22009411	1	0	언니 회사에서 너무 싫은 사람이 있을 때는 어떻게 해야 해? 그 사람 목소리만 들려도 짜증이 확 몰려와.	N	2022-07-16 13:54:38	2022-11-08 04:24:57
BE22009411	2	1	무슨 일 있었어? 누가 우리 감정화자를 화나게 했을까.	N	2022-07-16 13:54:38	2022-11-08 04:24:57
BE22009411	3	0	같이 프로젝트를 맡은 나이 어린 동기 말이야. 대표님이 사람들 앞에서 그 친구를 눈여겨보고 있다고 막 추켜세운 거야. 그 후로 자꾸 나를 무시하는 것 같아서 너무 자존심이 상하고 화가 나.	N	2022-07-16 13:54:38	2022-11-08 04:24:57
BE22009411	4	1	너도 열심히 하는데 그 친구만 인정받는 거 같아서 기분이 너무 안 좋았겠다. 팀워크를 발휘해도 모자란데 무시당하는 기분이 들면 일도 손에 잘 안 잡힐 텐데. 많이 힘들었겠구나.	N	2022-07-16 13:54:38	2022-11-08 04:24:57
BE22009411	5	0	처음에는 능력 있는 동기와 같이 프로젝트를 맡아서 의지가 되고 좋았어. 그런데 점점 그 동기만 인정을 받고 나는 들러리가 되는 기분이라 자존감이 많이 떨어져서 힘들어. 자꾸 나를 부하직원 대하듯이 말하는 것 같고 말이야.	N	2022-07-16 13:54:38	2022-11-08 04:24:57
BE22009411	6	1	우리 감정화자가 자존심이 많이 상했겠네. 누구라도 그런 상황에 처하면 내 능력을 온전히 발휘하기가 힘들 것 같아.	N	2022-07-16 13:54:38	2022-11-08 04:24:57
BE22009411	7	0	아이디어를 제시하려고 해도 또 나를 가르치려 들겠지 싶어서 할 말을 삼킨 적도 많아. 그러다 보니 프로젝트가 점점 더 동기 위주로 흘러가고 있어. 화가 막 불쑥불쑥 올라와서 큰일이야.	N	2022-07-16 13:54:38	2022-11-08 04:24:57
BE22009411	8	1	그런 상황에서 화가 올라오는 것은 당연해. 잘 맞지 않는 사람과 함께 일한다는 건 정말 어려운 일이야. 화내지 않고 어른스럽게 넘어가는 감정화자가 대단하다는 생각이 들어.	N	2022-07-16 13:54:38	2022-11-08 04:24:57
BE22009411	9	0	계속 그 동기와 함께 일하다가는 내가 홧병이 나는 게 아닐까 걱정이 되기도 해. 기분이 안 좋으면 소화도 잘 안 돼서 점심을 거를 때가 종종 있거든.	N	2022-07-16 13:54:38	2022-11-08 04:24:57
BE22009411	10	1	건강에 지장을 줄 정도로 스트레스를 받고 있었구나. 너무 걱정이 되는데. 회사에 부서 이동을 요청해볼 수도 있을까?	N	2022-07-16 13:54:38	2022-11-08 04:24:57
BE22009411	11	0	응. 그래서 그 동기가 안 보이는 곳으로 부서를 옮겨 볼까도 생각했어. 하지만 프로젝트 중간에 빠질 수가 없어서 더 화가 나. 앞으로 3개월을 더 같이 지내야 한다니 어떻게 버티지?	N	2022-07-16 13:54:38	2022-11-08 04:24:57
BE22009411	12	1	마음대로 안 돼서 얼마나 답답하고 힘들었을까. 사람이 한번 밉게 보이면 무슨 짓을 해도 다 미워 보이니까. 하지만 좋게 보려고 하면 좋은 점들이 보이기 시작할 거야.	N	2022-07-16 13:54:38	2022-11-08 04:24:57
BE22009411	13	0	언니 말이 맞아. 어쩌면 내 자격지심으로 동기를 나쁘게 바라봤을지도 모르겠어. 지금 프로젝트를 열정적으로 이끌어주고 있어서 오히려 나도 성장할 수 있는 계기가 되는데도 말이야.	N	2022-07-16 13:54:38	2022-11-08 04:24:57
BE22009411	14	1	그럴 수 있지. 동료 덕분에 함께 성장할 수 있겠다고 생각하는 감정화자가 대견하게 느껴진다. 넌 잘 해오고 있었고 앞으로도 잘해나갈 거야!	N	2022-07-16 13:54:38	2022-11-08 04:24:57
BE22009411	15	0	고마워 언니. 언니 덕분에 마음이 많이 편안해졌어. 나도 동료처럼 더 열정적으로 일을 해야겠다는 다짐을 하게 되었어.	Y	2022-07-16 13:54:38	2022-11-08 04:24:57
