id	utterance_id	utterance_type	utterance_text	terminate	regDate	updDate
BE22017381	1	0	나 방금 아침 먹으려고 삶은 계란 머리에 톡 쳤는데 주룩 하고 날계란이 얼굴에서 흘러내렸어. 아침부터 진짜 짜증이 올라온다.	N	2022-09-07 08:31:17	2022-11-08 05:15:01
BE22017381	2	1	이런, 진짜 찝찝하고 싫겠다. 휴일 아침에 아무것도 안 하고 싶을 텐데. 냉장고도 겨우 연 거 아니야?	N	2022-09-07 08:31:17	2022-09-07 08:31:17
BE22017381	3	0	맞아, 너무 배고파서 깨 가지고 삶은 계란이나 하나 먹고 다시 자려고 했는데. 내가 얼마 전에 삶아 놓은 건 줄 알았는데 날계란이었어. 씻어야 하는데 그것도 너무 귀찮아, 너무 화나!	N	2022-09-07 08:31:17	2022-09-07 08:31:17
BE22017381	4	1	진짜 피곤해서 종일 멍만 때리고 싶은 날 이런 일이 생기냐. 근데 출근하는 날 준비 다 해놓고 나가기 직전에 일어나는 것 보단 나을 것 같아. 안 그래?	N	2022-09-07 08:31:17	2022-09-07 08:31:17
BE22017381	5	0	진짜 생각도 하기 싫다. 지금이 최악의 순간이 아니었네. 조금 위안이 되는 것 같긴 한데 그래도 화나, 짜증 나!	N	2022-09-07 08:31:17	2022-09-07 08:31:17
BE22017381	6	1	계란이 잘 못 했네. 알아서 센스 있게 삶은 계란이 손에 집혔어야지. 날계란이 손에 잡혀서 말이야.	N	2022-09-07 08:31:17	2022-11-08 05:15:01
BE22017381	7	0	맞아, 나쁜 계란. 나의 오붓한 휴일을 방해하다니 용서할 수 없어. 나, 씻어야겠지?	N	2022-09-07 08:31:17	2022-09-07 08:31:17
BE22017381	8	1	이렇게 된 거 헤어 팩한다고 생각해. 올리브오일이랑 계란만 섞으면 되는데 머리 영양에 그렇게 좋다 그러더라. 진짜 귀찮겠지만 어차피 씻어야 하니까 조금만 힘을 내.	N	2022-09-07 08:31:17	2022-09-07 08:31:17
BE22017381	9	0	그래? 요즘 머릿결 진짜 안 좋긴 한데. 끝은 갈라지고 엉키고 장난 아니야. 집에 올리브오일 얼마 전에 사다 놓은 거 있는데 해봐야지.	N	2022-09-07 08:31:17	2022-11-08 05:15:01
BE22017381	10	1	잘됐다. 휴일을 방해하는 거 아니고 언니 헤어 팩하라는 계시였나 봐. 계란 다시 칭찬해줘야겠다.	N	2022-09-07 08:31:17	2022-11-08 05:15:01
BE22017381	11	0	세상 짜증 났는데 찰랑거리는 머릿결을 생각하니 기분이 좋아졌어. 일부러는 안 할 것 같고 어차피 날계란 뒤집어쓴 이런 날 해야지. 역시 우리 동생은 똑똑하구나.	N	2022-09-07 08:31:17	2022-11-08 05:15:01
BE22017381	12	1	언니 기분이 나아졌다니 다행이다. 휴일 아침부터 기분 나쁘면 쉬어도 쉰 것 같지 않잖아.	N	2022-09-07 08:31:17	2022-11-08 05:15:01
BE22017381	13	0	응, 오늘이 딱 그럴 뻔했는데 네 덕분에 좀 풀렸어. 심지어 신나서 콧노래도 나온다. 오늘 안 바쁘면 저녁에 같이 밥 먹을까?	N	2022-09-07 08:31:17	2022-09-07 08:31:17
BE22017381	14	1	약속 없어. 내가 맛있는 거 사가지고 갈게. 나가기 귀찮잖아.	N	2022-09-07 08:31:17	2022-09-07 08:31:17
BE22017381	15	0	너무 좋지. 역시 내 맘을 아는 건 너밖에 없다. 저녁에 올 때 연락해!	Y	2022-09-07 08:31:17	2022-09-07 08:31:17
