id	utterance_id	utterance_type	utterance_text	terminate	regDate	updDate
BE22000653	1	0	언니, 나 오늘 일 하기 엄청 싫어.	N	2022-06-13 06:30:38	2022-11-08 03:28:29
BE22000653	2	1	점심시간인데 맛있게 밥 먹고 있어야지. 일하기 싫단 말이 왜 나와. 무슨 일 있구나?	N	2022-06-13 06:30:38	2022-11-08 03:28:29
BE22000653	3	0	응, 나 오늘 욕 엄청 먹어서 밥 안 먹어도 배불러.	N	2022-06-13 06:30:38	2022-11-08 03:28:29
BE22000653	4	1	누가 감히 내 막내동생한테 욕을 해? 무슨 일인데 그래.	N	2022-06-13 06:30:38	2022-11-08 03:28:29
BE22000653	5	0	어떤 고객이 전화 연결되자마자 화가 잔뜩 나서는 욕부터 하기 시작했어. 내 말은 듣지도 않고 5분도 넘게 욕만 했어.	N	2022-06-13 06:30:38	2022-11-08 03:28:29
BE22000653	6	1	어휴... 하필이면 그런 고객이랑 연결이 된 거야. 넌 아직 초보인데. 많이 놀라고 무서웠겠네.	N	2022-06-13 06:30:38	2022-11-08 03:28:29
BE22000653	7	0	마음이 진정이 안 돼서 밥 대신 카페에 혼자 와서 차 한잔 마시는 중이야.	N	2022-06-13 06:30:38	2022-11-08 03:28:29
BE22000653	8	1	그래 잘했어. 놀랐는데 괜히 억지로 밥 먹으면 오히려 체할 수 있어.	N	2022-06-13 06:30:38	2022-11-08 03:28:29
BE22000653	9	0	놀란 거보다 내가 왜 욕을 먹나 그 고객이 너무 꼴 보기 싫고 소름끼치는 거 있지.	N	2022-06-13 06:30:38	2022-11-08 03:28:29
BE22000653	10	1	살면서 한 번도 들어보지 않았으니, 더 그랬겠어. 나 같아도 진짜 소름 끼치게 싫을 것 같아.	N	2022-06-13 06:30:38	2022-11-08 03:28:29
BE22000653	11	0	어, 정말 악마가 떠들어 대는 것 같았어!	N	2022-06-13 06:30:38	2022-11-08 03:28:29
BE22000653	12	1	그래도 마음 좀 가라앉혀. 너만 스트레스받으니까. 차 마시면서 안 좋은 기분 털어 내려고 해 봐.	N	2022-06-13 06:30:38	2022-11-08 03:28:29
BE22000653	13	0	그러려고 노력 중이야. 어휴...	N	2022-06-13 06:30:38	2022-11-08 03:28:29
BE22000653	14	1	그렇지, 쉽지 않지. 이유도 없이 심한 욕을 들었는데. 그래도 당장 관둘 생각 안 하고 이겨 내려는 게 너무 기특하다.	N	2022-06-13 06:30:38	2022-11-08 03:28:29
BE22000653	15	0	첫 사회생활을 이런 일 한 번으로 포기하고 싶지는 않아.	N	2022-06-13 06:30:38	2022-11-08 03:28:29
BE22000653	16	1	누구 동생인지 아주 잘 컸는데? 정말 대견해! 기분 풀고 나머지 일 해. 오늘 언니가 저녁 맛있는 거 사줄게.	N	2022-06-13 06:30:38	2022-11-08 03:28:29
BE22000653	17	0	역시 큰 언니랑 얘기하면 기분이 항상 좋아져. 고기 사줘야 돼!	N	2022-06-13 06:30:38	2022-11-08 03:28:29
BE22000653	18	1	알겠어. 너도 그런 이상한 사람 때문에 상처받지 말고 오늘 일 마무리 잘해.	Y	2022-06-13 06:30:38	2022-11-08 03:28:29
