id	utterance_id	utterance_type	utterance_text	terminate	regDate	updDate
BE22000569	1	0	언니, 나 이제 임신 7개월로 접어들었어.	N	2022-06-13 05:15:25	2022-11-08 03:27:57
BE22000569	2	1	벌써 그렇게 됐구나, 몸은 좀 괜찮고?	N	2022-06-13 05:15:25	2022-11-08 03:27:57
BE22000569	3	0	응, 그런데 점점 집에 들어가는 게 힘들어.	N	2022-06-13 05:15:25	2022-11-08 03:27:57
BE22000569	4	1	왜, 제부하고 무슨 일 있었니?	N	2022-06-13 05:15:25	2022-11-08 03:27:57
BE22000569	5	0	아니, 그런 게 아니라 우리 집이 5층이잖아. 지금도 이렇게 힘든데 앞으로 3개월을 더 버틸 생각하니까 못 견디겠어.	N	2022-06-13 05:15:25	2022-11-08 03:27:57
BE22000569	6	1	힘들어서 어떻게 해? 다리도 많이 부을 텐데. 엘리베이터도 없다고 들었던 것 같은데, 괜찮아?	N	2022-06-13 05:15:25	2022-11-08 03:27:57
BE22000569	7	0	계단을 내려가면서 다시 올라가야 한다는 게 한숨만 나고, 퇴근할 땐 곧장 친정으로 내달리고 싶은 심정이야.	N	2022-06-13 05:15:25	2022-11-08 03:27:57
BE22000569	8	1	그냥 걸어 다니는 것도 힘든데, 5층 계단을 오르내리는 건 진짜 힘들겠어. 엄마한테 말씀드려서 아기 낳을 때까지만 친정에 가 있는 건 어떠니?	N	2022-06-13 05:15:25	2022-11-08 03:27:57
BE22000569	9	0	아냐, 엄마한텐 얘기하지 마. 안 그래도 신혼집이 빌라 5층이 뭐냐고 엄청 속상해 하셨잖아.	N	2022-06-13 05:15:25	2022-11-08 03:27:57
BE22000569	10	1	그건 그렇지만, 지금 바로 이사할 수 있는 것도 아니잖니. 지금부터 알아보고 이사한다고 해도 홀몸도 아니어서, 이사가 오히려 더 힘들 수도 있어. 네가 고생하는 거 나중에 알면 엄마도 속상하실 거야.	N	2022-06-13 05:15:25	2022-11-08 03:27:57
BE22000569	11	0	엄마한테 가 있는 것도 미안하고... 남편은 혼자 있어도 괜찮을까?	N	2022-06-13 05:15:25	2022-11-08 03:27:57
BE22000569	12	1	제부 성품에 네가 이렇게 힘들었던 거 알면 오히려 미안해 할 거야. 네가 얘기하기 불편하면 내가 도와줄게.	N	2022-06-13 05:15:25	2022-11-08 03:27:57
BE22000569	13	0	아니야, 그래도 내가 말하는 게 나을 것 같아. 나중에 엄마에게 갈 때 언니가 도와줘.	N	2022-06-13 05:15:25	2022-11-08 03:27:57
BE22000569	14	1	그래. 언니랑 엄마 집이랑 가까우니까 내가 많이 돕도록 할게. 너무 걱정하지 마.	Y	2022-06-13 05:15:25	2022-11-08 03:27:57
