id	utterance_id	utterance_type	utterance_text	terminate	regDate	updDate
BE22021141	1	0	언니, 지금 내 마음에는 분노만 가득한 것 같아. 아이가 내가 부르는 소리에 대답도 안 하고, 계속 핸드폰만 쳐다보고 있어. 생각할수록 속이 상하고 스트레스가 쌓여.	N	2022-09-23 21:44:42	2022-09-23 21:44:42
BE22021141	2	1	내 동생이 화가 많이 난 것 같구나. 네가 분노한 모습을 보니, 내 마음에도 노여움이 밀려오는 것 같아.	N	2022-09-23 21:44:42	2022-09-23 21:44:42
BE22021141	3	0	요즘 아이 때문에 속상한 점이 한두 개가 아니야. 예전에는 괜찮았는데 최근 들어서 편식이 얼마나 심해졌는지, 화가 머리끝까지 나는 것 같아.	N	2022-09-23 21:44:42	2022-11-08 05:40:53
BE22021141	4	1	정성을 다해서 요리했는데 제대로 먹지 않는 걸 보면, 정말 속이 부글부글 끓지. 네가 화를 내는 것도 너무나 당연해.	N	2022-09-23 21:44:42	2022-11-08 05:40:53
BE22021141	5	0	지난주에는 아이와 함께 영화관 나들이를 했거든. 거기에서도 계속 휴대폰을 보길래, 피가 거꾸로 솟는 것 같았어.	N	2022-09-23 21:44:42	2022-11-08 05:40:53
BE22021141	6	1	내 동생이 이렇게 화난 모습은 정말 처음 보는 것 같아. 네가 요즘 아이 문제로 화 나는 게 한두 개가 아닌가 보구나.	N	2022-09-23 21:44:42	2022-09-23 21:44:42
BE22021141	7	0	아이가 핸드폰만 보느라 친구도 안 만나는 것 같아서 정말 속이 터져. 운동도 피아노도 게을리하는 모습을 보면 속에서 천불이 나는 것 같아.	N	2022-09-23 21:44:42	2022-09-23 21:44:42
BE22021141	8	1	아이가 다른 데 정신이 팔린 걸 보면, 엄마 입장에서는 속상하고 안달이 나지. 무슨 말로 내 동생 마음을 위로해 줘야 할지 모르겠구나.	N	2022-09-23 21:44:42	2022-09-23 21:44:42
BE22021141	9	0	이제는 아이 얼굴도 보고 싶지 않아서 정말 열 받아. 내가 어쩌다가 이렇게 화만 내고 있는지 안타까운 마음만 들어.	N	2022-09-23 21:44:42	2022-09-23 21:44:42
BE22021141	10	1	너희 아이가 가끔 핸드폰에 정신을 팔지만, 마음만 먹으면 누구보다 집중력이 뛰어나잖아. 친구들과 사이도 좋고 여러 방면에 재능도 뛰어나고. 그러니 너무 화 내지 말고 마음 풀었으면 좋겠어.	N	2022-09-23 21:44:42	2022-11-08 05:40:53
BE22021141	11	0	분노 때문에 마음이 터질 것 같았는데, 언니 이야기를 들으니 기분이 한결 가벼워진 것 같아. 동생을 따뜻하게 챙겨 줘서 정말 고마워.	N	2022-09-23 21:44:42	2022-09-23 21:44:42
BE22021141	12	1	네 마음이 조금이라도 편안해진 것 같아서 정말 다행이야. 요즘 아이들은 다 그렇게 크니까 너무 신경 쓰지 않아도 돼.	N	2022-09-23 21:44:42	2022-11-08 05:40:53
BE22021141	13	0	힘들 때나 슬플 때나 늘 나와 함께 해 줘서 정말 고마워, 언니. 나이 들수록 언니의 고마움을 더 절실히 느끼는 것 같아.	N	2022-09-23 21:44:42	2022-09-23 21:44:42
BE22021141	14	1	나도 너 같은 동생이 있는 건 큰 축복이라고 생각해. 서로 의지하고 도우면서 지낼 수 있어서 정말 행복해.	N	2022-09-23 21:44:42	2022-11-08 05:40:53
BE22021141	15	0	말로 잘 표현은 못 하지만, 늘 언니에게 진심으로 고맙게 생각해. 내가 앞으로 더 잘하도록 노력할게. 정말 고마워, 언니.	Y	2022-09-23 21:44:42	2022-09-23 21:44:42
