id	utterance_id	utterance_type	utterance_text	terminate	regDate	updDate
BE22006829	1	0	아 정말 화난다. 꼭 급할 땐 없다니깐.	N	2022-07-07 07:18:16	2022-11-08 04:08:28
BE22006829	2	1	언니 왜 그래? 배터리 사러 마트 간 거 아니었어?	N	2022-07-07 07:18:16	2022-11-08 04:08:28
BE22006829	3	0	지금 마트에 와있는데 하필 내가 사려던 사이즈만 없잖아. 급하게 과제 제출해야 하는데 마우스에 배터리가 없다구!	N	2022-07-07 07:18:16	2022-11-08 04:08:28
BE22006829	4	1	나도 그 마음 알 것 같아.	N	2022-07-07 07:18:16	2022-11-08 04:08:28
BE22006829	5	0	안 그래도 더운데 너무 짜증 나. 대체 어디 있는 거야.	N	2022-07-07 07:18:16	2022-11-08 04:08:28
BE22006829	6	1	화를 좀 식혀보자. 지금 너무 흥분해서 눈에 안 보이는 걸지도 몰라. 조금만 느긋하게 주변을 살펴보면 있지 않을까?	N	2022-07-07 07:18:16	2022-11-08 04:08:28
BE22006829	7	0	후 맞아. 이렇게 화난 상태로 보면 눈 앞에 있어도 못 찾을 거야. 좀더 침착하게 살펴볼게.	N	2022-07-07 07:18:16	2022-11-08 04:08:28
BE22006829	8	1	응 언니가 요새 학교 다니면서 과제하느라 스트레스 많이 받나보구나. 그럴 땐 나도 정말 사소한 거 하나하나가 너무 화 나더라구.	N	2022-07-07 07:18:16	2022-11-08 04:08:28
BE22006829	9	0	그런가봐. 요샌 누가 말만 걸어도 짜증 날 때가 많아. 괜히 화풀이도 하게 되고.	N	2022-07-07 07:18:16	2022-11-08 04:08:28
BE22006829	10	1	근데 그거야말로 언니가 치열하게 살아간다는 증거 아니겠어? 뭐든 척척 잘 해내는 언니를 옆에서 보고 있으면 대단하다고 느낄 때가 많아.	N	2022-07-07 07:18:16	2022-11-08 04:08:28
BE22006829	11	0	큼. 네 말을 듣고 있으니까 바쁜 게 마냥 스트레스 받을 건 아닌 것 같기도 하네? 나 스스로도 좀 멋져 보이는걸?	N	2022-07-07 07:18:16	2022-11-08 04:08:29
BE22006829	12	1	그럼! 내 친구들도 언니 멋있다고 소개시켜달라고 난리야. 그러니 마음에 여유만 가지면 언닌 완벽해질 거야!	N	2022-07-07 07:18:16	2022-11-08 04:08:29
BE22006829	13	0	좋아! 네가 그러니까 기분이 좀 좋아졌어. 고마워 내 동생!	N	2022-07-07 07:18:16	2022-11-08 04:08:29
BE22006829	14	1	이런 거 가지고 뭘. 언니 과제 끝나면 집에서 맥주나 한 캔 하면서 스트레스 풀자.	Y	2022-07-07 07:18:16	2022-11-08 04:08:29
