id	utterance_id	utterance_type	utterance_text	terminate	regDate	updDate
BE22020487	1	0	언니 남편이 내 동의도 안 받고 고양이를 분양받아 왔어. 귀엽지 않냐고 사진 찍어서 보냈는데 너무 화가 나. 이대로 들어가면 부부싸움 할 것 같아 어떻게 하지?	N	2022-09-23 03:02:16	2022-11-08 05:37:04
BE22020487	2	1	네가 많이 당황스러웠겠다. 갑자기 너랑 상의 한마디 없이 고양이를 데리고 온 거야? 혼자 사는 것도 아니고 같이 사는 부부 사이에 일방적으로 결정하다니 기분이 상할만하네. 더군다나 장난감 사는 것도 아니고 반려동물을 키우는 일인데.	N	2022-09-23 03:02:16	2022-11-08 05:37:04
BE22020487	3	0	전에 잠깐 얘기한 적이 있긴 한데 생각해보자고 하고 넘어갔거든. 근데 오늘 갑자기 덜컥 데려와서는 사진을 보낸 거야. 문제는 이 사람은 내가 화가 난 지도 모르는 것 같아.	N	2022-09-23 03:02:16	2022-09-23 03:02:16
BE22020487	4	1	사진 받고 얼마나 기가 찼을까, 그런데 화난 것도 모르니 지금 네 속이 얼마나 답답하겠어. 대신 나한테 다 이야기해, 속상한 거 화난 거 참으면 병 돼. 그리고 제부랑은 좀 진정하고 이성적으로 대화하는 게 낫지.	N	2022-09-23 03:02:16	2022-11-08 05:37:04
BE22020487	5	0	응. 지금 전화하면 정말 그냥 싸움밖에 안 될 것 같아. 고양이가 싫은 게 아니라 반려동물을 키우는 게 쉬운 일이 아니잖아. 아이 갖는 일도 시간을 갖자고 이야기 끝냈는데 덜컥 고양이를 데려오는 게 말이 돼?	N	2022-09-23 03:02:16	2022-09-23 03:02:16
BE22020487	6	1	아이든 반려동물이든 다른 생명을 키우는 게 아직은 부담스럽고 어려워서 그렇게 얘기한 것 같은데, 맞아? 나도 네 생각에 동의해, 정말 힘들고 쉽지 않은 일이지. 키우는 사람에게 상당한 책임감과 의지가 필요하니까.	N	2022-09-23 03:02:16	2022-11-08 05:37:04
BE22020487	7	0	응, 먹은 거 치우는 건 물론이고 집 정리하는 것도 귀찮아하는 사람이 누구를 키워. 어차피 다 내가 해야 할 일인데, 난 지금 일도 벅차서 너무 피곤하단 말이야. 물론 지금이야 자기도 노력하겠다고 말은 하겠지만 말뿐일지 어떻게 믿어.	N	2022-09-23 03:02:16	2022-09-23 03:02:16
BE22020487	8	1	그런 점이 걸리는구나, 네가 미리 걱정하는 것도 이해가 간다. 하지만 제부도 그렇게 아무 생각 없이 데려오진 않았을 거야. 하지만 고양이를 키우기 위해서 본인도 열심히 노력하겠지, 한번 믿어 보는 건 어때?	N	2022-09-23 03:02:16	2022-11-08 05:37:04
BE22020487	9	0	무책임한 사람은 아니니까. 이미 데려온 고양이를 갖다주라고 할 수도 없고 한 번 믿어 볼까. 내가 너무 아이랑 연결해서 예민하게 구는 걸까?	N	2022-09-23 03:02:16	2022-09-23 03:02:16
BE22020487	10	1	예민한 게 아니라 신중한 거지, 아이랑 연결 지어서 생각하는 것도 자연스러운 일이라고 생각해. 그리고 너는 원래 뭘 해도 계획을 세우고 준비를 철저히 하는 사람이잖아. 이렇게 갑작스레 대비하지 않은 일이 벌어지니 순간적으로 화가 날 수 있지, 이해해.	N	2022-09-23 03:02:16	2022-11-08 05:37:04
BE22020487	11	0	맞아. 그리고 우리는 한 번도 반려동물을 키워 본 적이 없잖아. 그래서 더 두려움이 큰 것 같아. 그 사람은 어렸을 때부터 키워 본 경험이 많더라고.	N	2022-09-23 03:02:16	2022-09-23 03:02:16
BE22020487	12	1	그럼 너보다 경험이 많겠네, 믿어 보자. 네가 어떤 점 때문에 걱정이 됐는지 말하고 앞으로 어떻게 키워야 좋을지 잘 이야기해 봐. 가끔 말 안 해도 다 알겠지 생각하고 넘어가는데, 말 안 하면 모르는 경우가 대부분이더라.	N	2022-09-23 03:02:16	2022-11-08 05:37:04
BE22020487	13	0	언니는 어떻게 상황을 차분하게 보고 잘 알아? 대단하다. 언니랑 얘기하니까 진정이 됐어. 집에 들어가서 남편이랑 이야기해봐야겠어.	N	2022-09-23 03:02:16	2022-09-23 03:02:16
BE22020487	14	1	나도 초반에 엄청 싸우고 터득한 거야, 하루아침에 득도하는 법은 없어. 너희 부부도 이번 일을 통해서 서로를 더 잘 이해하고 한 단계 앞으로 성장할 거야. 싸움이 꼭 나쁜 건 아니더라고.	N	2022-09-23 03:02:16	2022-11-08 05:37:04
BE22020487	15	0	고마워. 언니가 있어서 든든하다.	Y	2022-09-23 03:02:16	2022-09-23 03:02:16
