id	utterance_id	utterance_type	utterance_text	terminate	regDate	updDate
BE22020486	1	0	형, 나 어제 엄청 화나는 일이 있었어.	N	2022-09-23 03:02:04	2022-09-23 03:02:04
BE22020486	2	1	동생아 무슨 일이야? 열을 가라앉히고 침착하게 말해봐.	N	2022-09-23 03:02:04	2022-11-08 05:37:03
BE22020486	3	0	어제 동창회에 가서 오랜만에 동창들과 사진을 찍었어. 그런데 사진을 보니 내 얼굴이 너무 못생기게 나오는 거야. 사진만 찍으면 내 얼굴이 유독 못생기게 나오는 것 같아서 열받아.	N	2022-09-23 03:02:04	2022-11-08 05:37:03
BE22020486	4	1	실물과 달리 사진이 잘 나오지 못해 화가 무척 났구나. 동창들과 만나서 찍는 사진인 만큼 멋지게 나오고 싶었을 텐데 사진이 못 나와서 많이 속상했겠다.	N	2022-09-23 03:02:04	2022-11-08 05:37:03
BE22020486	5	0	맞아. 이번 동창회는 내가 학창 시절에 짝사랑하던 여자 동창도 참석했었어. 그래서 멋있는 모습을 보이고 싶었지. 하지만 사진을 보고 여자 동창이 나의 못생긴 사진을 볼 걸 생각하니 화가 머리끝까지 치밀어 오르더라.	N	2022-09-23 03:02:04	2022-11-08 05:37:03
BE22020486	6	1	네가 예전에 말했던 짝사랑 동창도 참석했었다고? 그렇지 않아도 사진이 못 나와서 속상했을 텐데 너의 힘든 마음에 기름을 부은 격이었겠다. 나였어도 굉장히 화가 나고 속상했을 거야.	N	2022-09-23 03:02:04	2022-11-08 05:37:04
BE22020486	7	0	이번 동창회를 계기로 그 친구에게 잘 보여 다시 연락하고 만남을 이어가고 싶었어. 내 계획이 완전 수포로 돌아간 것 같아서 화를 참을 수가 없어.	N	2022-09-23 03:02:04	2022-09-23 03:02:04
BE22020486	8	1	그런 계획까지 가지고 있었구나. 맞아, 생각했던 대로 계획이 잘 흘러가지 않으면 답답하고 화가 나는 게 당연하지.	N	2022-09-23 03:02:04	2022-11-08 05:37:04
BE22020486	9	0	이목구비가 뚜렷하지 못한 게 문제인 걸까? 거울 보는 것조차 너무 분노가 치밀어서 성형외과 방문까지 생각하고 있어. 더 나아가서 사진 하나 못 나오는 것 때문에 이렇게 스트레스받는 나 자신도 싫어.	N	2022-09-23 03:02:04	2022-11-08 05:37:04
BE22020486	10	1	스스로를 너무 몰아붙이지는 않았으면 좋겠어. 사진 때문에 화가 나 너의 장점을 놓치고 단점만 찾는 것 같아서 정말 안타까워. 너의 장점은 네가 제일 잘 알 거라고 생각하는데 단점보다 너의 좋은 점을 찾아보는 게 어때?	N	2022-09-23 03:02:04	2022-11-08 05:37:04
BE22020486	11	0	나의 장점? 나는 운동을 많이 해서 몸이 건강해 보이고 듬직한 게 장점이라 생각해. 이번 동창회 사진에는 뒤쪽에 서 있느라 얼굴만 찍혀서 내 장점이 드러나지 않은 것 같네.	N	2022-09-23 03:02:04	2022-11-08 05:37:04
BE22020486	12	1	맞아, 나도 너의 그런 점이 장점이라 생각해. 더불어 사진 때문에 났던 화를 잘 다스려서 사진에 담기지 못한 본인의 장점을 금방 찾다니! 역시 내 동생 대단해.	N	2022-09-23 03:02:04	2022-11-08 05:37:04
BE22020486	13	0	형이 그렇게 말해주니까 내가 너무 사소한 것에 집중하고 분노했던 것 같아. 내 장점을 찾다 보니 자신감이 생겼는걸. 용기를 갖고 짝사랑하던 동창한테 연락해볼 거야!	N	2022-09-23 03:02:04	2022-11-08 05:37:04
BE22020486	14	1	그래, 널 응원할게! 나중에 그 동창과 어떻게 되었는지 알려줘!	N	2022-09-23 03:02:04	2022-09-23 03:02:04
BE22020486	15	0	꼭 말해줄게. 형, 이야기 들어줘서 정말 고마워!	Y	2022-09-23 03:02:04	2022-11-08 05:37:04
