id	utterance_id	utterance_type	utterance_text	terminate	regDate	updDate
BE22020583	1	0	언니, 나 오늘 남자 친구 만나기로 한 거 알지? 나 남자 친구 때문에 오늘은 너무 화가 났어.	N	2022-09-23 03:31:52	2022-11-08 05:37:39
BE22020583	2	1	남자 친구랑 무슨 일이라도 있었어? 왜 기분이 안 좋아진거야?	N	2022-09-23 03:31:52	2022-11-08 05:37:39
BE22020583	3	0	남자친구가 약속시간보다 늦게 와 놓고 내가 왜 이렇게 늦었냐고 했더니 오히려 큰 소리를 치더라고. 자기가 늦어 놓고 큰 소리를 치는 건 너무 어이없는 행동 아니야? 순간 너무 화가 나서 크게 싸울뻔했다니까.	N	2022-09-23 03:31:52	2022-09-23 03:31:52
BE22020583	4	1	안 그래도 오랫동안 기다려서 걱정도 되고 불안했을 텐데 네가 당연히 기분 나쁘지. 게다가 늦게 와서 오히려 큰 소리를 쳤다니 네가 많이 서운했겠다.	N	2022-09-23 03:31:52	2022-11-08 05:37:39
BE22020583	5	0	오늘 교육받는 날이었는데 교육이 늦게 끝났다고 하더라고. 어쩔 수 없는 상황이었다고 해도 늦은 사람이 큰 소리를 내는 건 아니지 않아? 너무 화가 나고 기분 나빴어.	N	2022-09-23 03:31:52	2022-09-23 03:31:52
BE22020583	6	1	일단은 사과부터 하고 사정을 이야기 하는 게 맞지. 큰 소리부터 쳤다니 네가 정말 속상하겠다. 남자친구도 교육이 늦어져서 그런 거라면 연락도 못하고 애태우긴 했을 거야.	N	2022-09-23 03:31:52	2022-11-08 05:37:39
BE22020583	7	0	그래도 본인은 상황을 알잖아. 아무것도 모르고 기다리는 나만큼 걱정되는 것도 아닐텐데 왜 큰 소리를 내냐고. 화를 낼 사람은 나인 거잖아!	N	2022-09-23 03:31:52	2022-09-23 03:31:52
BE22020583	8	1	남자친구도 교육 중이라 연락을 못해서 기다리고 있을 네가 걱정되었을 거야. 그래서 끝나자마자 급하게 달려왔는데 네가 그 마음을 몰라주니 서운해서 순간적으로 큰 소리를 낸 걸 거야. 너무 속상하게 생각하지 마.	N	2022-09-23 03:31:52	2022-11-08 05:37:39
BE22020583	9	0	나도 어쩔 수 없는 상황이었다는 건 알아. 그치만 왜 늦었냐는 내 말에 바로 큰 소리를 치니까 너무 화가 나고 속상하더라고.	N	2022-09-23 03:31:52	2022-09-23 03:31:52
BE22020583	10	1	네 입장에서는 당연히 속상하지. 하지만 남자친구도 기다리고 있을 네 생각에 걱정이 되어서 그런 행동이 나온걸 테니까 기분 풀어. 남자 친구도 지금 분명히 마음속으로 너에게 화낸 걸 반성하고 있을거야.	N	2022-09-23 03:31:52	2022-11-08 05:37:39
BE22020583	11	0	남자친구가 처음에 큰 소리를 치긴 했지만 사과는 했어. 그래도 난 너무 서운하고 화나는 마음이 가라앉질 않아서 언니한테 연락한거야. 언니 말 들으니 아까보다는 조금 나아진 거 같아.	N	2022-09-23 03:31:52	2022-11-08 05:37:39
BE22020583	12	1	서로 사랑하는 마음에 연락이 안되면 걱정되고 불안한 생각이 드는 게 연인이잖아. 둘 다 걱정되는 마음 때문에 생긴 일이니 기분 풀고 남자친구를 용서해 줘.	N	2022-09-23 03:31:52	2022-11-08 05:37:39
BE22020583	13	0	언니 말을 들으니 내가 그 순간에는 조금 감정이 앞섰던 같아. 나 지금 남자친구한테 다시 전화해서 이야기 해볼래.	N	2022-09-23 03:31:52	2022-11-08 05:37:39
BE22020583	14	1	잘 생각했어. 역시 내 동생은 마음이 넓고 배려심이 많아. 언니는 앞으로도 네가 남자 친구랑 예쁜 사랑 키워나갔음 좋겠어.	Y	2022-09-23 03:31:52	2022-11-08 05:37:39
