id	utterance_id	utterance_type	utterance_text	terminate	regDate	updDate
BE22019474	1	0	언니 잘 지내? 나 요즘 너무 화가 나는 일이 있어.	N	2022-09-21 12:20:37	2022-09-21 12:20:37
BE22019474	2	1	동생아 오랜만이야. 늘 침착한 네가 화가 나는 일이라니 벌써부터 걱정이 되는구나. 나에게 편하게 얘기해주렴.	N	2022-09-21 12:20:37	2022-11-08 05:34:36
BE22019474	3	0	최근에 회사에서 옆 팀 직원이 팩스를 보내달라고 부탁해서 보내줬거든. 그런데 그 후로 잡다한 일을 자꾸 부탁하는 거야. 도움을 당연하게 여기는 것 같아서 너무 화가 나는 거 있지.	N	2022-09-21 12:20:37	2022-11-08 05:34:36
BE22019474	4	1	선의로 도와준 행동을 당연하게 생각하는 사람을 마주하면 누구라도 화가 날 것 같아. 나도 일하면서 좋은 의도로 도와줬더니 자기 권리처럼 여기는 사람을 만난 적 있어. 그래서 네 마음이 충분히 이해돼.	N	2022-09-21 12:20:37	2022-09-21 12:20:37
BE22019474	5	0	같이 일하면서 서로 배려하고 도와줄 수 있는 부분은 나도 늘 도와주려고 하거든. 그런데 자기도 한가해 보이는데 너무 당연스럽게 시키니까 화가 나더라고.	N	2022-09-21 12:20:37	2022-11-08 05:34:36
BE22019474	6	1	직장 일을 하다보면 내 일에만 집중하다 보니 다른 사람들을 도와주기 쉽지 않던데. 역시 넌 배려심이 많아서 다른 사람들을 돕는구나. 내 동생이지만 정말이지 칭찬을 안 할 수가 없어.	N	2022-09-21 12:20:37	2022-11-08 05:34:36
BE22019474	7	0	내가 선의로 했던 게 의미가 왜곡된 것 같아서 기분이 안 좋아. 다른 사람들을 앞으로 도와줄 때도 고민이 될 것 같아. 이런 고민을 하고 있는 지금 상황이 참 화가 나고 짜증 나는 것 같아.	N	2022-09-21 12:20:37	2022-11-08 05:34:36
BE22019474	8	1	좋은 의도가 가끔은 좋지 않게 돌아오는 경우도 있더라고. 그래도 대개 보면 늘 좋은 마음을 가진 사람들에겐 다른 사람들도 좋은 마음을 가지는 것 같아. 그 직원은 아주 드문 당황스러운 경우일 거야, 그러니까 네가 너무 걱정하지 않았으면 좋겠어.	N	2022-09-21 12:20:37	2022-11-08 05:34:36
BE22019474	9	0	나도 그냥 좋게 생각을 가져보려고 하는데 자꾸 별생각이 다 들더라고. 다른 일을 하다가도 그 일 생각만 나면 괜히 화가 나는 거 있지.	N	2022-09-21 12:20:37	2022-11-08 05:34:36
BE22019474	10	1	쉽진 않겠지만, 네 마음이 단단한 바위라고 생각해봐. 이상하고 짜증 나는 사람을 가끔 만나기도 하겠지만, 그들이 널 흔들 수 없다고 믿어보는 건 어때? 그러면 화가 나고 짜증나는 마음이 잦아들 수 있을 거야.	N	2022-09-21 12:20:37	2022-11-08 05:34:36
BE22019474	11	0	그렇게는 생각을 못 해봤어. 당장 내 의도와 다르게 그런 일이 생겼다는 것에만 집중을 하고 있던 것 같아. 언니 말을 들으니까 마음이 한결 나아진다.	N	2022-09-21 12:20:37	2022-11-08 05:34:36
BE22019474	12	1	네가 기분이 좋아졌다니 정말 다행이야, 나도 안도의 미소가 절로 나온다. 너무 걱정하지 마, 넌 이런 일로 흔들리지 않을 수 있어.	N	2022-09-21 12:20:37	2022-11-08 05:34:36
BE22019474	13	0	진작 고민을 언니한테 얘기할 걸 그랬어. 이 고민 때문에 너무 힘들었거든. 그래도 언니 덕분에 오늘은 편하게 잠에 들 수 있을 것 같아.	N	2022-09-21 12:20:37	2022-11-08 05:34:36
BE22019474	14	1	내가 도움이 되었다니 너무 기쁘다. 내 소중한 동생의 고민이라면 언제든지 들어줄 수 있어. 그러니까 고민이 생기면 언제든지 편하게 얘기해주렴.	N	2022-09-21 12:20:37	2022-11-08 05:34:36
BE22019474	15	0	응 언니 그렇게 할게. 다음에는 내가 직접 만나서 뒷얘기를 들려줄게. 너무 고마워.	Y	2022-09-21 12:20:37	2022-11-08 05:34:36
