id	utterance_id	utterance_type	utterance_text	terminate	regDate	updDate
BE22019587	1	0	우와, 언니 나 진짜 너무 화가 나서 열받는다. 오늘 학교에서 나오는 데 뒤에서 공이 날아와서 내 뒤통수에 정확히 맞는 거 있지.	N	2022-09-22 02:28:54	2022-11-08 05:34:57
BE22019587	2	1	머리에 공을 맞았다고? 너무 놀랐겠네. 많이 다치지는 않았어?	N	2022-09-22 02:28:54	2022-09-22 02:28:54
BE22019587	3	0	많이 다친 건 아닌데 순간 너무 화가 나더라고. 공 주우러 와서 사과하는데 너무 화가 나 있어서 귀에 들어오지도 않았어. 한참을 아무것도 못 하고 서 있었다니까.	N	2022-09-22 02:28:54	2022-11-08 05:34:57
BE22019587	4	1	언니도 운동장 지나가다가 다리에 공 맞은 적 있는데 너무 기분 나쁘더라. 일부러 그런 건 아니란 걸 알지만 그래도 맞았으니 아픈데 기분이 당연히 나쁘지.	N	2022-09-22 02:28:54	2022-11-08 05:34:57
BE22019587	5	0	소리를 질러서 한바탕 싸워야 하나 진짜 순간 고민했어. 근데 공 주우러 온 학생이 한참 후배고 너무 죄송하다고 여러 번 사과하니까 꾹 참았어.	N	2022-09-22 02:28:54	2022-11-08 05:34:57
BE22019587	6	1	그 순간에는 누구나 화가 나는 게 당연해. 그런데도 후배여서 끝까지 참았다니 잘했네. 그 후배도 네가 너무 아프지만 참아주는 게 보여서 더 죄송했을 거야.	N	2022-09-22 02:28:54	2022-11-08 05:34:57
BE22019587	7	0	근데 아직도 머리가 흔들리는 느낌이 들어서 다시 찾아가서 한마디라도 해줄까 싶어. 안 괜찮은데 괜찮다고 말하고 와서 화가 가라앉질 않는 거 같아.	N	2022-09-22 02:28:54	2022-11-08 05:34:57
BE22019587	8	1	아직도 아프다니 그런 생각이 들만하지. 맞은 곳이 많이 아픈 거야? 병원에 가봐야 하는 건 아닐까?	N	2022-09-22 02:28:54	2022-11-08 05:34:57
BE22019587	9	0	그 정도는 아니고 그냥 누워서 쉬면 나을 거 같아. 전혀 예상 못하고 당했으니 너무 놀라서 더 아프고 화가 나는 거 같아. 뒤통수를 맞았는데 머리가 지끈거려.	N	2022-09-22 02:28:54	2022-09-22 02:28:54
BE22019587	10	1	생각지도 못하게 뒤에서 날아왔으니 너무 황당하고 어이없지. 그런 상황에 괜찮다고 후배를 생각해서 참았다니 내 동생 정말 대견하다. 그 후배는 틀림없이 두고두고 너에게 감사한 마음일 테니 누워서 쉬면서 기분 좀 풀어.	N	2022-09-22 02:28:54	2022-11-08 05:34:57
BE22019587	11	0	날 아픈데 말도 못 하는 바보같은 선배로 생각하진 않았을까? 누워서 생각해보니 그래도 한마디는 해주고 올 걸 그랬나 싶어 아쉬운 마음이 들어.	N	2022-09-22 02:28:54	2022-11-08 05:34:57
BE22019587	12	1	바보라니, 마음 넓고 배려심 있는 멋진 선배님으로 봤겠지. 누구라도 그 상황이면 화를 버럭 내는 게 맞는데 아프지만 끝까지 후배를 먼저 생각한 거잖아. 내가 그 후배였다면 감사하다고 인사했을 거 같은데. 잘한 거야.	N	2022-09-22 02:28:54	2022-11-08 05:34:57
BE22019587	13	0	언니가 칭찬해주니까 머리가 좀 낫는 거 같아. 진짜 아픈 게 아니라 화가 나서 지끈거렸나봐.	N	2022-09-22 02:28:54	2022-11-08 05:34:57
BE22019587	14	1	공으로 맞았으니 아픈 게 맞지만 그래도 내 동생 기분은 조금 풀린 거 같아서 다행이다. 누워서 편안하게 한숨 자. 일어나서 괜찮은지 꼭 연락해주고, 알았지?	N	2022-09-22 02:28:54	2022-11-08 05:34:57
BE22019587	15	0	언니 덕분에 벌써 좀 나아졌어. 한숨 자고 다시 연락 할게. 고마워 언니.	Y	2022-09-22 02:28:54	2022-11-08 05:34:57
