id	utterance_id	utterance_type	utterance_text	terminate	regDate	updDate
BE22008005	1	0	형, 나 지금 대리운전 들어와서 버스 타고 약속장소로 가는 중이에요. 어두운 창밖을 보고 있자니 내가 한심하다 못해서 화가 나려고 하네요.	N	2022-07-12 04:20:15	2022-11-08 04:15:55
BE22008005	2	1	그래, 그 심정 내가 안다. 자기 사업을 하다 말아먹고, 술 취한 사람들 뒷바라지나 하고 있으니 속이 얼마나 뒤집히겠니? 내가 너라도 화가 나겠다.	N	2022-07-12 04:20:15	2022-11-08 04:15:55
BE22008005	3	0	당장 할 게 없어 이거라도 하는데, 진짜 대리운전은 하지 말라고 말리고 싶어요. 운전은 둘째치고, 술 취한 사람들 주사 받아주는 게 보통 일이 아니에요.	N	2022-07-12 04:20:15	2022-11-08 04:15:55
BE22008005	4	1	사람 상대하는 일은 다 힘든데, 술 취한 사람은 더 어렵지. 운전햐라 손님 상대하랴, 네가 고생하는 모습이 눈에 선해서 마음이 아프다. 그 사람들이 뭐라 해도 그냥 못 들은 척 넘겨버리면 안 될까?	N	2022-07-12 04:20:15	2022-11-08 04:15:55
BE22008005	5	0	그게 뜻대로 되면 얼마나 좋겠어요? 대꾸 안 하고 가만히 있으면 뒤에서 뒤통수를 때려요, 자기 무시한다고.	N	2022-07-12 04:20:15	2022-11-08 04:15:55
BE22008005	6	1	아이고 저런, 진짜 그런 손님도 있어? 난 그 정도인 줄은 몰랐는데, 너 힘들어서 어떡하냐?	N	2022-07-12 04:20:15	2022-11-08 04:15:55
BE22008005	7	0	점잖고 예의 바른 분 같이 보여도 술에 취하면 이성을 잃어요. 사람을 겉으로만 판단할 게 아니더라고요.	N	2022-07-12 04:20:15	2022-11-08 04:15:55
BE22008005	8	1	원래 술에 취하면 사람의 본성을 알 수 있다고는 하잖아. 그래도 너처럼 대리운전해 주는 사람이 있어서 음주 사고는 많이 줄어든 거 같아. 그러니 사회에 보탬이 되는 일 한다 생각하고 위안을 삼도록 해봐.	N	2022-07-12 04:20:15	2022-11-08 04:15:55
BE22008005	9	0	지금 내 코가 석 자인데 그런 사치스러운 생각을 할 여유가 있나요? 그냥 한 푼이 아쉽고, 손쉽게 할 수 있는 일이 이거라 나오는 거예요.	N	2022-07-12 04:20:15	2022-11-08 04:15:55
BE22008005	10	1	그런 일이라도 있어서 식구들 밥은 안 굶으니 얼마나 다행이야? 일단 생활비 걱정은 안 해도 되는 거잖아. 지금 그 일 하면서 차차 재기할 길을 같이 찾아보도록 하자.	N	2022-07-12 04:20:15	2022-11-08 04:15:55
BE22008005	11	0	그렇게 생각하면 또 그렇죠. 처음 사업 접었을 때는 진짜 앞이 막막했었는데 이렇게 또 먹고 사네요. 세상일은 참 모르는 거 같아요.	N	2022-07-12 04:20:15	2022-11-08 04:15:55
BE22008005	12	1	내 말이 그 말이야. 사람이 마음을 굳게 가지면 어디고 길은 있게 마련이거든. 세상의 길이 다 막혀도 앞으로 나아가는 자에게 길은 보인다.	N	2022-07-12 04:20:15	2022-11-08 04:15:55
BE22008005	13	0	오, 엄청 멋있는 말인데요? 그거 형이 만든 말이에요?	N	2022-07-12 04:20:15	2022-11-08 04:15:55
BE22008005	14	1	방금 저절로 떠올랐어, 하하. 그리고 앞으로 네가 사업을 다시 하게 되면 사람 접대할 일도 많아지잖아? 지금 손님으로 만나는 사람들을 그 접대 대상이라고 생각해 보는 건 어떠니?	N	2022-07-12 04:20:15	2022-11-08 04:15:55
BE22008005	15	0	그 말은, 그 사람들을 상대로 접대 연습을 하라는 말인가요? 그거 좀 신박한 생각 같기는 하네요.	N	2022-07-12 04:20:15	2022-11-08 04:15:55
BE22008005	16	1	세상에 공짜는 없다는 말처럼, 지금 너의 고생은 훗날 피가 되고 살이 될 거야. 그러니 좀더 열린 마음으로 지금 상황을 받아들여 봐. 그럼 지금 너의 상황이 마냥 한심하게만 여겨지지는 않을 거야.	N	2022-07-12 04:20:15	2022-11-08 04:15:55
BE22008005	17	0	네, 형 말이 맞는 거 같아요. 지금 이 고생이 훗날 내 삶의 밑거름이 될 거라 저도 믿어요. 늘 믿어주고 격려해 줘서 감사해요.	Y	2022-07-12 04:20:15	2022-11-08 04:15:55
