id	utterance_id	utterance_type	utterance_text	terminate	regDate	updDate
BE22008015	1	0	언니 세상 살다 보니 진짜 별일이 다 있다. 내가 너무 기가 막혀서 말도 안 나와.	N	2022-07-12 04:41:59	2022-11-08 04:15:58
BE22008015	2	1	무슨 일인데 그렇게 화가 났어? 평소 화를 잘 내지 않는 네가 그러니 이상하다.	N	2022-07-12 04:41:59	2022-11-08 04:15:58
BE22008015	3	0	얼마 전에 학교 과제가 있어서 학교 사이트에 들어갔거든. 근데 거기 익명 게시판에 나와 연관된 얘기가 있는 걸 발견했지 뭐야.	N	2022-07-12 04:41:59	2022-11-08 04:15:58
BE22008015	4	1	어머 너 너무 놀랐겠다. 다른 곳도 아니고 익명 게시판에 올라온 글이라니 말이야. 악의적인 글은 아니었는지 언니가 걱정이 다 된다.	N	2022-07-12 04:41:59	2022-11-08 04:15:58
BE22008015	5	0	어 문제는 그게 악의적인 글이라는 거야. 누가 내 과거에 대한 글을 써 놨더라고. 말도 안 되는 거짓말과 함께 말이야.	N	2022-07-12 04:41:59	2022-11-08 04:15:58
BE22008015	6	1	무슨 그런 일이 다 있니? 근데 그게 네 이야기인지는 어떻게 알았어?	N	2022-07-12 04:41:59	2022-11-08 04:15:58
BE22008015	7	0	그 내용 중에 내 이름이 언급되어 있었어. 입에 담고 싶지도 않을 만큼 말도 안 되는 과거 이야기를 적어 놨더라. 어이가 없어서 화가 너무 나더라고.	N	2022-07-12 04:41:59	2022-11-08 04:15:58
BE22008015	8	1	평소 누가 내 뒷담화했다는 말만 들어도 기가 차고 분노가 치미는데 말이야. 그걸 눈으로 직접 봤으니 넌 얼마나 화가 났을까, 놀라기도 하고 말야. 전해 듣는 내가 다 이렇게 손이 떨리는데.	N	2022-07-12 04:41:59	2022-11-08 04:15:58
BE22008015	9	0	어, 읽으면서 그게 내 얘기라는 걸 알았을 때 눈물이 다 나더라. 놀라고 분해서 말이야. 근데 더 황당한 건 그걸 올린 사람이 내 절친한 친구 중 한 명이라는 거야.	N	2022-07-12 04:41:59	2022-11-08 04:15:59
BE22008015	10	1	절친한 친구가 그런 글을 올렸다고? 무슨 그런 말도 안 되는 얘기를 하니? 실화 맞지?	N	2022-07-12 04:41:59	2022-11-08 04:15:59
BE22008015	11	0	어, 너무 비현실적으로 다가오니 이게 실화인가 싶더라고. 나한테 왜 이런일이 생겼을까 하는 생각이 들고, 자꾸 화가 나.	N	2022-07-12 04:41:59	2022-11-08 04:15:59
BE22008015	12	1	살 다보면 별일이 다 생긴단다. 그 상황에 너무 몰입해 화내고 속상해하다보면 마음은 더 힘들어지고, 건강도 상할 수 있어. 그럼 너만 손해니까 그런 마음을 멈추려 노력해보는 건 어떨까?	N	2022-07-12 04:41:59	2022-11-08 04:15:59
BE22008015	13	0	그래 맞다. 누가 알아주지도 않고, 그 사람한테 나 대신 화를 내주는 것도 아니니까. 이제 좀 화를 식혀야겠어.	N	2022-07-12 04:41:59	2022-11-08 04:15:59
BE22008015	14	1	그래, 쉽지는 않겠지만 화나는 마음을 흘려보내다보면, 이 일도 잊힐 거야. 그리고 힘들 때마다 언니한테 이렇게 꼭 연락하고.	N	2022-07-12 04:41:59	2022-11-08 04:15:59
BE22008015	15	0	그렇게 말해줘서 정말 고마워, 언니가 있어 다행이야. 누구한테 말도 못 하고 혼자 많이 힘들었거든. 정말 많이 화가 났었는데 이제 좀 가라앉는다.	Y	2022-07-12 04:41:59	2022-11-08 04:15:59
