id	utterance_id	utterance_type	utterance_text	terminate	regDate	updDate
BE22018058	1	0	동생아, 너희 아파트도 층간 소음으로 문제가 많아?	N	2022-09-14 00:57:37	2022-11-08 05:19:08
BE22018058	2	1	응, 여기도 엄청 심해. 우리 윗집만 해도 엄청 쿵쿵거려서 스트레스받아.	N	2022-09-14 00:57:37	2022-11-08 05:19:08
BE22018058	3	0	우리도 윗집이 밤늦게까지 쿵쿵거리는데 얘기를 해도 소용이 없어 너무 화가 나. 매일 얘기를 해서 그런지 일부러 더 쿵쿵거리는 거 같더라 그래서 더 열받아.	N	2022-09-14 00:57:37	2022-11-08 05:19:08
BE22018058	4	1	형이 얼마나 화가 났을지 그 마음 너무 이해가 돼. 나도 지금 형의 문자를 받고 감정이입이 돼서 이렇게 화가 나는데 형은 오죽할까 싶어.	N	2022-09-14 00:57:37	2022-09-14 00:57:37
BE22018058	5	0	뉴스에서 층간 소음으로 안 좋은 얘기들이 많잖아. 솔직히 어떤 마음인지 너무 이해가 되면서 같이 분노가 치솟더라. 층간 소음은 직접 겪어봐야 얼마나 스트레스받는지 아는 거 같아.	N	2022-09-14 00:57:37	2022-11-08 05:19:08
BE22018058	6	1	맞아, 순간적으로 화가 나는 건 이해하지. 하지만 형이 너무 부정적으로만 생각해서 속상해하거나 상처받는 일은 없었으면 좋겠어. 형은 그래도 참을성이 많고 내면의 힘이 강하니까 잘 이겨낼 거라 생각해.	N	2022-09-14 00:57:37	2022-11-08 05:19:08
BE22018058	7	0	아무리 얘기를 해도 고쳐지지 않는 윗집 사람들 때문에 너무 화가 나고 스트레스받아. 어떻게 해야 적당히 할지 아무리 생각을 해도 떠오르지 않아.	N	2022-09-14 00:57:37	2022-11-08 05:19:08
BE22018058	8	1	정말 머리가 아플 수밖에 없겠어. 대놓고 찾아가서 서로 얼굴 붉히며 얘기하지는 말고, 쪽지를 계속 남겨 보는 건 어떨까. 정신적으로 힘들다는 형의 진심을 담아서 남긴다면 그 사람들도 느끼는 바가 있을 거 같아.	N	2022-09-14 00:57:37	2022-11-08 05:19:08
BE22018058	9	0	그런 식으로 내 심정을 전달한다면 좀 나아질 수 있을까? 화가 나서 직접 찾아갈 생각만 했지 방법을 바꿔봐야겠단 생각은 못 해봤어. 너의 말을 듣고 보니 내가 너무 어리석었단 생각이 드네.	N	2022-09-14 00:57:37	2022-11-08 05:19:08
BE22018058	10	1	그 사람들도 계속 찾아와서 홧김에 더 그랬을 거라 생각해. 그러니 조금 더 마음을 가라앉히고 여러 방법을 사용해 보자. 형이 조금 더 그렇게 용기를 낸다면 상황도 잘 해결이 될 거라 믿어.	N	2022-09-14 00:57:37	2022-11-08 05:19:08
BE22018058	11	0	조금은 마음이 놓이는 거 같고 한결 편해진 기분이야. 좀더 화를 가라앉히고 정확하게 의사 표현을 할 용기도 생긴 거 같아.	N	2022-09-14 00:57:37	2022-11-08 05:19:08
BE22018058	12	1	그렇게 용기를 내고 마음도 좀 편해졌다니 정말 다행이고 안심이 된다. 그런 마음가짐이라면 어떤 일이든 잘 이겨낼 수 있을 거야 그러니 항상 힘내.	N	2022-09-14 00:57:37	2022-11-08 05:19:08
BE22018058	13	0	말이라도 너무 고마워. 어디 털어놓을 곳도 없고 혼자 답답했었는데 너랑 많은 대화를 하고 나니 속이 후련해졌어. 이럴 때 너 같은 동생이 옆에 있다는 게 얼마나 든든하고 다행인지 몰라.	N	2022-09-14 00:57:37	2022-09-14 00:57:37
BE22018058	14	1	그렇게 말해주니 오히려 내가 더 고맙네. 하루빨리 형이 모든 걸 극복해서 예전처럼 홀가분한 마음으로 행복하게 지내는 모습을 보고 싶어.	N	2022-09-14 00:57:37	2022-11-08 05:19:08
BE22018058	15	0	응, 항상 옆에서 진심으로 날 응원해 주고 조언의 말까지 너무 큰 힘이 된다. 너의 조언대로 나도 열심히 노력해 볼게.	Y	2022-09-14 00:57:37	2022-09-14 00:57:37
