id	utterance_id	utterance_type	utterance_text	terminate	regDate	updDate
BE22019346	1	0	언니, 나 더는 참을 수 없을 만큼 화나는 일이 생겨서 메시지 보내. 가슴속에 화가 쌓인 걸 제대로 풀지 못하니까 답답해져.	N	2022-09-21 07:26:44	2022-09-21 07:26:44
BE22019346	2	1	혹시 회사에서 무슨 일 있었어? 문자만 보면 기분이 좋지 않은 것 같아서 걱정된다.	N	2022-09-21 07:26:44	2022-11-08 05:34:07
BE22019346	3	0	우리 부장님이 분명 야근은 이번 주가 마지막이라고 했거든. 근데 약속을 어겨서 오늘도 야근하게 생긴 바람에 커피를 주문할 때 샷을 추가했어. 이렇게까지 고생할 줄 몰랐는데 자꾸 말이 달라지니까 너무 짜증 나고 화나.	N	2022-09-21 07:26:44	2022-09-21 07:26:44
BE22019346	4	1	요새 많이 바빠 보이더니 야근이 계속돼서 몸도 마음도 많이 힘들고 지친 상태였구나. 이왕 주어진 일이라면 최선으로 임하겠다고 생각하면서도 몸이 너무 힘들어져서 그만큼 버거웠겠어. 커피에 샷을 추가하지 않으면 버티지 못할 상태라면 얼마나 피곤하고 힘들까 싶다.	N	2022-09-21 07:26:44	2022-11-08 05:34:07
BE22019346	5	0	이럴 줄 알았으면 이번 프로젝트는 맡지 말았어야 한다는 생각이 자꾸 떠올라서 더 화가 나. 오늘로 이 주 동안 매일같이 야근 중이다 보니까 사소한 일에도 화가 치솟아.	N	2022-09-21 07:26:44	2022-09-21 07:26:44
BE22019346	6	1	몸이 힘들어지다 보니 마음도 힘들어지고, 그러다 보니 여유도 없어져서 더 괴로웠지. 그렇다고 손 놓고 도망칠 수도 없는 상황인 만큼 책임감이 마음을 짓눌러서 많이 힘들었겠어. 문자로 전해 듣는 것만 해도 아득해지는데 너는 오죽할까 싶다.	N	2022-09-21 07:26:44	2022-11-08 05:34:07
BE22019346	7	0	더 막막하고 화나는 건 야근이 언제 끝날지 모른다는 거야. 저녁 시간에 집에 들어가서 밥을 먹어 본 게 언제인지 모르겠다니까. 이제는 커피를 주문할 때 샷을 추가하지 않으면 버틸 수도 없어.	N	2022-09-21 07:26:44	2022-09-21 07:26:44
BE22019346	8	1	이렇게 어렵고 고단한 상황일수록 마음을 잘 다잡아야 끝까지 잘 버틸 수 있을 거야. 속상하고 괴로운 일도 많겠지만 이번 경험으로 네가 많은 것들을 얻을 수 있을 테니 기운내. 언니는 이렇게나 바쁜 와중에도 꿋꿋하게 버티는 너의 성실함과 열정이 어느 무엇보다 멋지고 대단하다고 생각해.	N	2022-09-21 07:26:44	2022-11-08 05:34:07
BE22019346	9	0	오늘 출근길에서만 해도 너무 괴롭고 힘들었는데 언니가 그렇게 말해 주니 위안이 된다. 화나고 속상한 마음을 알아준 덕분에 마음이 한결 후련해진 것 같아. 화도 점점 가라앉으면서 기분도 차분해지고 있어.	N	2022-09-21 07:26:44	2022-11-08 05:34:07
BE22019346	10	1	아무리 어둡고 긴 터널이라도 반드시 끝이 있기 마련이래. 지금까지 많이 고생했던 만큼 빛을 보는 날도 머지않아 다가올 테니 조금만 힘을 내.	N	2022-09-21 07:26:44	2022-11-08 05:34:07
BE22019346	11	0	알겠어, 지금까지 열심히 했던 그대로 조금만 더 밀어붙이면 끝이 보이겠지. 언니 얘기를 들으니까 마지막으로 힘을 내서 최선을 다해 봐야겠다는 생각이 들어.	N	2022-09-21 07:26:44	2022-11-08 05:34:07
BE22019346	12	1	그 과정에서 견딜 수 없이 괴로워지거나 힘들어지면 또 언니한테 연락해. 나한테 무엇보다 소중한 동생인 네가 힘들 때 언제든 귀 기울일 준비가 되어 있으니까.	N	2022-09-21 07:26:44	2022-09-21 07:26:44
BE22019346	13	0	그렇게 말해 준 것만 해도 마음이 든든해져. 언니 덕분에 오늘은 가벼운 마음으로 일할 수 있을 것 같아. 나 이제 회의 들어가 볼게.	N	2022-09-21 07:26:44	2022-09-21 07:26:44
BE22019346	14	1	그래, 혹시라도 무슨 일 있으면 연락해 줘.	Y	2022-09-21 07:26:44	2022-09-21 07:26:44
