id	utterance_id	utterance_type	utterance_text	terminate	regDate	updDate
BE22007014	1	0	나 아까 이삿짐 센터 팀장이랑 전화로 다투었어.	N	2022-07-08 02:26:46	2022-11-08 04:09:40
BE22007014	2	1	무슨 일로 그랬어? 어제까지만 해도 이사 잘 마무리됐다고 만족스러워했잖아.	N	2022-07-08 02:26:46	2022-11-08 04:09:40
BE22007014	3	0	그런데 오늘 보니 식탁 위 유리에 금이 가 있더라고. 그래서 이삿짐 센터 팀장에게 전화했더니, 그걸 왜 자기한테 따지느냐는 거야. 이사 때문에 유리가 손상되었다는 증거가 있냐면서.	N	2022-07-08 02:26:46	2022-11-08 04:09:40
BE22007014	4	1	언니, 어이없었겠다. 계약할 때에만 해도 손상된 물건을 백 프로 보상해 준다고 해 놓고, 그렇게 말을 바꾸다니. 그래서, 언니 뭐라고 했어?	N	2022-07-08 02:26:46	2022-11-08 04:09:40
BE22007014	5	0	유리값을 보상 안 해 주면 인터넷 후기를 안 좋게 쓰는 수밖에 없다고 했지. 그랬더니 자기를 협박하냐며 버럭 화를 내는 거야. 그 순간 너무 열이 받아서 피가 거꾸로 솟는 느낌이더라고.	N	2022-07-08 02:26:46	2022-11-08 04:09:40
BE22007014	6	1	언니가 얼마나 억울했을까? 나도 비슷한 일이 있었는데 너무 화가 나서 호흡 곤란이 올 정도였거든.	N	2022-07-08 02:26:46	2022-11-08 04:09:40
BE22007014	7	0	나도 참으면 화병이 될 것 같아 화를 냈지. 그랬더니 전화를 뚝 끊어 버리는 거야. 그때 기분은, 정말이지 구정물을 확 덮어쓴 느낌이었어.	N	2022-07-08 02:26:46	2022-11-08 04:09:40
BE22007014	8	1	언니가 기막혔겠다. 보상은커녕, 오히려 화를 내다니. 내가 다 분통 터진다.	N	2022-07-08 02:26:46	2022-11-08 04:09:40
BE22007014	9	0	더 황당한 건 좀 이따가 다시 팀장이 전화를 걸어온 거야. 미안하다는 말 한 마디 없이 보상해 주겠다면서. 입안에 욕이 맴도는 걸 꾹 참았어.	N	2022-07-08 02:26:46	2022-11-08 04:09:40
BE22007014	10	1	그런 사람에게는 욕할 가치도 없지. 욕해 봤자 입만 더러워지는 것 같고, 마음만 상하니까. 참기를 잘했네, 언니.	N	2022-07-08 02:26:46	2022-11-08 04:09:40
BE22007014	11	0	돈은 돌려받게 됐는데, 기분은 영 찜찜해. 계약할 때에만 해도 더없이 친절하던 사람이, 어떻게 그럴 수 있니? 두 얼굴의 사람을 만난 것 같아, 앞으로는 사람을 못 믿을 것 같아.	N	2022-07-08 02:26:46	2022-11-08 04:09:40
BE22007014	12	1	맞아, 이럴 땐 사람에 대해 환멸이 느껴지지. 누구를 믿어야 할지 모르겠고. 아무튼 마음고생 많았어, 언니.	N	2022-07-08 02:26:46	2022-11-08 04:09:40
BE22007014	13	0	아까는 가슴이 쿵쾅거려서 어쩔 줄 모르겠더라고. 그래서 너에게 문자 한 건데, 네가 내 마음을 알아주니 마음이 조금 진정돼.	N	2022-07-08 02:26:46	2022-11-08 04:09:40
BE22007014	14	1	이 각박한 세상에서 나라도 언니에게 믿을 사람 돼 줘야지. 못된 사람 생각은 이제 훌훌 털고, 오늘 하루 잘 보내. 이사 간 집 예쁘게 꾸밀 생각 하면서.	N	2022-07-08 02:26:46	2022-11-08 04:09:40
BE22007014	15	0	고마워, 내 동생. 조만간 집들이 때 초대할게.	Y	2022-07-08 02:26:46	2022-11-08 04:09:40
