id	utterance_id	utterance_type	utterance_text	terminate	regDate	updDate
BE22017741	1	0	누나, 우리 집 보일러 배관이 터져서 아래층으로 물이 다 샜어. 아래층에서는 우리한테 난리를 치는데 내가 도대체 무슨 죄야? 보일러가 터지는 바람에 우리는 불도 못 때는데 욕까지 먹으니 정말 분노가 폭발한다.	N	2022-09-12 04:50:25	2022-09-12 04:50:25
BE22017741	2	1	생각지도 못한 일에 네가 얼마나 놀라고 기막혔을지 알 거 같다. 피해를 입은 건 이쪽도 마찬가지인데 원망까지 들었으니 진짜 억울할 거 같아. 내가 당한 일인 듯 정말 속상하다.	N	2022-09-12 04:50:25	2022-11-08 05:17:14
BE22017741	3	0	아래층 사람들은 내가 보일러 관리를 잘못해서 그렇다고 난리를 치는데 진짜 기막혔어. 내가 배관이 터질 줄 어떻게 알았겠냐고. 내가 배관을 터지게 했냐는 말이 목구멍까지 나오는 걸 간신히 참는데 속에서 울화가 끓어오르더라.	N	2022-09-12 04:50:25	2022-09-12 04:50:25
BE22017741	4	1	아래층은 직접 피해를 입은 거라 성질대로 대거리도 못 하고 네 속이 많이 썩었겠다. 입장을 바꿔서 너희 위층에서 물이 샜다면 너도 그랬을 거라 생각하고 마음을 너그럽게 먹어라. 사람은 원래 직접 피해를 입힌 쪽을 원망하는 거라고 이해하면 속이 풀릴 거야.	N	2022-09-12 04:50:25	2022-11-08 05:17:14
BE22017741	5	0	엄밀히 말하면 나도 피해자인데 오히려 원망을 듣고 있으니 화가 난다는 거지. 관리실에 전화했는데 알았다는 말만 하고 아직 안 오고 있어 그것도 너무 화난다. 성질 같아서는 쫓아가서 난리를 치고 싶은 걸 간신히 참고 있어.	N	2022-09-12 04:50:25	2022-11-08 05:17:14
BE22017741	6	1	관리실에서 곧 기술자를 보내줄 테니 마음을 가라앉히고 기다렸으면 좋겠다. 어차피 벌어진 일, 애면글면하면 너만 속이 더 상할 것 같아 걱정이야. 모르긴 해도 아래층에서도 관리실에 독촉할 테니 걱정하지 말고 있어.	N	2022-09-12 04:50:25	2022-11-08 05:17:15
BE22017741	7	0	당장 물이 떨어지니 아래층에서도 관리실에 전화를 하겠지. 그런데 우리는 보일러를 못 틀게 생겨서 정말 화가 나. 빨리 손 써도 하루 이틀은 고생할 것 같아서 짜증 난다.	N	2022-09-12 04:50:25	2022-09-12 04:50:25
BE22017741	8	1	네 화나는 마음은 잘 알겠는데 어쩌겠니? 살다 보면 별일이 다 있다 생각하고 마음을 좀 느긋하게 가져라. 화낸다고 일이 더 빨리 진행되는 것도 아니니 그냥 마음이라도 편하게 있었으면 좋겠어.	N	2022-09-12 04:50:25	2022-11-08 05:17:15
BE22017741	9	0	관리실에서 내 일처럼 빨리 움직여주지 않으니 화가 나는 거야. 문제가 생겼다고 전화하면 일단 재빨리 와보기라도 해야지 않아? 기술자가 오는 중이라면서 기다리는 소리만 하니 진짜 열 받는다.	N	2022-09-12 04:50:25	2022-09-12 04:50:25
BE22017741	10	1	관리실에서 그렇게 말했다면 기술자가 오면 같이 오려고 그러는 걸 거야. 아무것도 모르는 직원이 와봐야 도움이 안 되니 그러는 거라고 이해해라. 괜히 여러 번 찾아와서 성가시게 하는 것보다 그게 낫다고 생각하면 속이 풀릴 것 같아.	N	2022-09-12 04:50:25	2022-11-08 05:17:15
BE22017741	11	0	누나 말을 듣고 생각해보니 그게 맞는 것 같다. 여러 번 방문하면 그때마다 문 열어주고 설명해야 하는데 그것도 성가신 일이네. 기술자가 오면 한 번에 다 해결될 테니 편하게 마음먹고 있어야겠다.	N	2022-09-12 04:50:25	2022-09-12 04:50:25
BE22017741	12	1	모든 일은 생각하기 나름이니 앞으로도 차분한 마음으로 침착하게 대처했으면 좋겠어. 살면서 보니까 일 생기면 화부터 내는 것도 습관이더라. 화내는 건 네 건강에도 안 좋으니 마음을 늘 넉넉하게 가졌으면 좋겠다.	N	2022-09-12 04:50:25	2022-11-08 05:17:15
BE22017741	13	0	화내는 게 습관이라는 누나 말이 가슴을 때린다. 그전에는 안 그랬는데 언제부터인가 일이 생기면 화부터 내는 버릇이 생겼어. 화내고 나면 안 좋은 마음이 오래 가니 앞으로는 조심해야겠다.	N	2022-09-12 04:50:25	2022-09-12 04:50:25
BE22017741	14	1	내 말을 그렇게 선선하게 받아들여 주니 나도 마음이 좋다. 충고를 너그럽게 받아들이는 모습도 정말 멋져 보인다. 누구보다 너 자신을 위해서 좋은 습관을 들였으면 좋겠어.	N	2022-09-12 04:50:25	2022-11-08 05:17:15
BE22017741	15	0	보일러 배관은 오래 사용하면 터질 수 있는 일인데 내가 너무 격하게 반응한 것 같아. 누나 덕분에 마음이 풀려서 지금은 차분해졌어. 좋은 말로 위로해줘서 정말 고마워, 누나.	Y	2022-09-12 04:50:25	2022-11-08 05:17:15
