id	utterance_id	utterance_type	utterance_text	terminate	regDate	updDate
BE22018190	1	0	나 오늘 너무 화가 나는 일이 있었어.	N	2022-09-14 08:52:28	2022-09-14 08:52:28
BE22018190	2	1	왜? 무슨 일 있었어? 네가 기분이 안 좋은 듯해서 형도 갑자기 걱정되네.	N	2022-09-14 08:52:28	2022-11-08 05:20:03
BE22018190	3	0	회사 신입 팀원한테 내가 일을 맡긴 게 있어서 거기에 대한 업무보고를 하라고 부탁했거든. 근데 업무보고를 자꾸 미루는 거야. 어려운 일도 아닌데 그걸 계속 미루니까 너무 화가 나.	N	2022-09-14 08:52:28	2022-11-08 05:20:03
BE22018190	4	1	나도 회사 다닐 때 팀원이 그랬던 적이 있어서 네 기분 충분히 이해해. 나였어도 답답하고 화가 났을 거야.	N	2022-09-14 08:52:28	2022-09-14 08:52:28
BE22018190	5	0	응. 내가 그전에도 몇 번 부탁했었거든. 근데 계속 바쁘다는 핑계를 대면서 조만간 꼭 보고하겠다면서 업무보고를 자꾸 미루는 거야. 대체 왜 그러는 거지?	N	2022-09-14 08:52:28	2022-11-08 05:20:03
BE22018190	6	1	아직 팀원이 신입이고 회사 일을 해본 경험이 없어서 그런 거라고 생각하면 어때? 상사의 기대에 부응하지 못할까 걱정되어서 완벽함을 추구하다 보니까 그렇게 미루게 되는 거지. 그렇게 생각하면 좀 화가 덜 나지 않을까?	N	2022-09-14 08:52:28	2022-11-08 05:20:03
BE22018190	7	0	그렇게 생각하면 그렇긴 하지. 그러면 어떤 것이 어렵다고 말이라도 하든지 아무 말도 안 하니까 나는 당연히 화가 나지. 내가 그렇게 어려운 상사처럼 행동했나 하는 생각에 갑자기 나에게도 화가 나.	N	2022-09-14 08:52:28	2022-09-14 08:52:28
BE22018190	8	1	원래 처음 회사 들어왔을 때는 모든 회사 선배들이 어렵게 느껴지고는 하잖아. 그 신입도 그래서 너한테 제대로 말하지 못하고 미루게 된 거라고 생각하면 어때? 그러면 너의 화나는 기분이 좀더 가라앉지 않을까?	N	2022-09-14 08:52:28	2022-11-08 05:20:03
BE22018190	9	0	하지만 업무가 제대로 진행되고 있는지 알지 못하니까 너무 답답하고 화가 나. 제대로 진행되고 있는 거겠지? 내가 제대로 확인을 못 해서 진행이 이상해지게 되기라도 하면 난 정말 화가 날 것 같아.	N	2022-09-14 08:52:28	2022-11-08 05:20:03
BE22018190	10	1	너 원래 업무 지시도 다른 사람들이 따르기 쉽게 잘하는 능력 있는 사람이잖아. 분명히 네가 계획을 세운 대로 업무가 잘 진행될 테니까 너무 걱정하지 마. 이제까지 너희 팀 업무도 항상 잘 되어왔으니까 이번에도 너는 분명히 잘할 거라고 생각하자. 자신감을 가져.	N	2022-09-14 08:52:28	2022-11-08 05:20:03
BE22018190	11	0	그렇긴 해. 형 덕분에 조금 기분이 나아진 것 같아. 아까는 불안해서 더 화가 나는 것 같더라고.	N	2022-09-14 08:52:28	2022-11-08 05:20:03
BE22018190	12	1	나아졌다니 다행이야. 앞으로도 도움 필요하면 언제든지 말해.	N	2022-09-14 08:52:28	2022-11-08 05:20:03
BE22018190	13	0	응. 정말 고마워, 형. 형이 불안감을 덜어주니까 나의 화도 괜찮아진 것 같아. 형이 있어서 너무 든든해.	N	2022-09-14 08:52:28	2022-11-08 05:20:03
BE22018190	14	1	항상 형은 네 편이라는 거 잊지 마. 업무도 잘 진행되길 바랄게.	N	2022-09-14 08:52:28	2022-11-08 05:20:03
BE22018190	15	0	응. 항상 나에게 힘이 되어줘서 정말 고마워, 형.	Y	2022-09-14 08:52:28	2022-11-08 05:20:03
