id	utterance_id	utterance_type	utterance_text	terminate	regDate	updDate
BE22009430	1	0	난 아빠가 엄마를 왜 이렇게 힘들게 하는지 도무지 이해가 안 가.	N	2022-07-16 19:51:00	2022-11-08 04:25:04
BE22009430	2	1	나도 그래. 엄마 힘들게 해봤자 좋은 것도 없는데 말이야.	N	2022-07-16 19:51:00	2022-11-08 04:25:04
BE22009430	3	0	가끔은 이해가 안 되는 정도가 아니라 화가 날 때도 있어.	N	2022-07-16 19:51:00	2022-11-08 04:25:04
BE22009430	4	1	당연히 그럴 수 있지. 아빠가 하는 행동들이 이해받을 짓은 아니거든.	N	2022-07-16 19:51:00	2022-11-08 04:25:04
BE22009430	5	0	그리고 엄마가 안쓰러울 때도 있지.	N	2022-07-16 19:51:00	2022-11-08 04:25:05
BE22009430	6	1	동생인 나도 이렇게 답답한데. 형도 마찬가지로 답답하겠다.	N	2022-07-16 19:51:00	2022-11-08 04:25:05
BE22009430	7	0	어, 속이 터질 때가 많아. 아무리 그래도 아빠니까 이해해보려고 노력하는데 안 돼.	N	2022-07-16 19:51:00	2022-11-08 04:25:05
BE22009430	8	1	천륜이라는 게 있으니까. 형이 이해하려고 하는 심정을 잘 알 것 같아. 하지만 쉽지 않겠지.	N	2022-07-16 19:51:00	2022-11-08 04:25:05
BE22009430	9	0	정말 누군가를 용서하거나 이해한다는 건 어려운 일인 것 같아.	N	2022-07-16 19:51:00	2022-11-08 04:25:05
BE22009430	10	1	맞아, 제아무리 잘나고 착한 사람일지라도 쉬운 일이 아니지. 그러려고 노력한다는 것 자체가 이미 대단한 거야.	N	2022-07-16 19:51:00	2022-11-08 04:25:05
BE22009430	11	0	노력하는 만큼 잘 됐으면 좋겠어.	N	2022-07-16 19:51:00	2022-11-08 04:25:05
BE22009430	12	1	그게 쉽게 되면 사람이 아니고 도인이고 성인군자야. 쉽지 않은 게 당연해.	N	2022-07-16 19:51:00	2022-11-08 04:25:05
BE22009430	13	0	언제가 아빠를 이해할 날이 올까?	N	2022-07-16 19:51:00	2022-11-08 04:25:05
BE22009430	14	1	너무 애쓰지 마! 자연스럽게 해소될 때까지 천천히 삭혀. 감정도 빨리 풀려다 보면 체하니까.	N	2022-07-16 19:51:00	2022-11-08 04:25:05
BE22009430	15	0	그래, 천천히 해봐야지. 그래도 내 얘기 잘 들어주는 건 너밖에 없다.	N	2022-07-16 19:51:00	2022-11-08 04:25:05
BE22009430	16	1	형 이야기인데 당연히 들어줘야지.	N	2022-07-16 19:51:00	2022-11-08 04:25:05
BE22009430	17	0	그래, 고맙다. 이제 너 볼일 봐. 나도 내 볼일 볼게.	N	2022-07-16 19:51:00	2022-11-08 04:25:05
BE22009430	18	1	응, 잘 풀렸으면 좋겠다.	Y	2022-07-16 19:51:00	2022-11-08 04:25:05
