id	utterance_id	utterance_type	utterance_text	terminate	regDate	updDate
BE22012984	1	0	여자 친구랑 카페에 왔는데 화장실이 잠겨 버려서 안에 갇혀있어. 그런데 열쇠 수리하는 분이 안 오셔서 화가 난다.	N	2022-08-03 03:29:18	2022-11-08 04:47:40
BE22012984	2	1	아이고 형 어쩌다가 그런 일이. 어서 오셔야 할 텐데 큰일이네.	N	2022-08-03 03:29:18	2022-11-08 04:47:40
BE22012984	3	0	카페에서 나가 교외로 나가 드라이브하며 데이트하려고 했는데 한 시간째 이러고 있어. 카페에서는 연신 밖에서 죄송하다고만 하고 시간은 계속 흐르니 짜증 나.	N	2022-08-03 03:29:18	2022-11-08 04:47:40
BE22012984	4	1	형이 요즘 일이 바빠서 오랜만의 데이트인데 여자 친구에게 미안해서 더 그렇겠다. 그만 애를 태우고 얼른 수리공이 오셔야 형이 마음이 편해질 텐데. 얼른 오지 않을까 해서 마음이 급하지?	N	2022-08-03 03:29:18	2022-11-08 04:47:40
BE22012984	5	0	자꾸 조금만 기다리라는 같은 말만 반복하니 화가 나는 걸 어쩌겠어? 딱 언제쯤 온다고 말을 해야 마음의 준비도 하고 다음 계획을 세우기라도 하지.	N	2022-08-03 03:29:18	2022-11-08 04:47:40
BE22012984	6	1	카페의 분명하지 않은 태도에 답답하고 막막한 마음이 들겠다. 하지만 마음을 조급하게 갖는다고 해서 일이 내 마음대로 흘러가지는 않을 거야. 그러니 마음에 조금만 여유를 가졌으면 좋겠다.	N	2022-08-03 03:29:18	2022-11-08 04:47:40
BE22012984	7	0	온통 마음이 여자 친구의 감정에 가 있어서 더 그런 것 같아. 오랜만의 데이트를 나 때문에 망쳐버린 기분이 들어서인가. 자책이 드는 건 어쩔 수가 없네.	N	2022-08-03 03:29:18	2022-11-08 04:47:40
BE22012984	8	1	이건 누구도 어쩔 수 없는 불가항력의 일이라는 걸 형도 잘 알잖아. 이해심 많은 분이니까 여자 친구는 짜증보다 안에 답답하게 있을 형을 걱정하고 있을 거야. 그러니 형도 마음을 조금만 느긋하게 가져보자.	N	2022-08-03 03:29:18	2022-11-08 04:47:40
BE22012984	9	0	안 그래도 여자 친구가 계속 내 상태가 어떤지 묻는 연락을 하고 있어. 하긴 반대였어도 여자 친구 걱정을 하지 탓을 하지는 않겠구나.	N	2022-08-03 03:29:18	2022-11-08 04:47:40
BE22012984	10	1	화장실을 탈출하면 여자 친구분과 알차게 데이트를 즐기면 오늘의 일은 웃으며 이야기할 거리가 될 거야. 살아가며 온갖 돌발적인 사건이 일어나는데 형이 어디 다치지도 않고 이 정도인 게 얼마나 다행이야? 단순한 헤프닝이어서 나는 그게 얼마나 안심되는지 모르겠는걸.	N	2022-08-03 03:29:18	2022-11-08 04:47:40
BE22012984	11	0	사고치고는 아무도 다치지 않고 곧 해결될 일이긴 하지. 현명한 동생 덕에 내가 처한 상황이 꼭 화가 나는 일만은 아니라는 생각이 들기 시작하네. 네 조언대로 큰 걱정 없이 지나갈 일이어서 감사하다.	N	2022-08-03 03:29:18	2022-11-08 04:47:40
BE22012984	12	1	형이 그렇게 표현해 줘서 나도 감사해. 어렸을 때 부모님이 늦게 퇴근하시면 무서워하는 나를 달래주던 형 덕분에 마음이 편안해지곤 했어. 그 당시 형이 나에게 안겨주었던 무탈할 거라는 마음을 떠올리면 아직도 미소가 지어져.	N	2022-08-03 03:29:18	2022-11-08 04:47:40
BE22012984	13	0	맞아 우리 울보 동생 무섭다고 징징대면 그렇게 위로해 주곤 했었지. 지금도 무탈할 거고 별일 없을 텐데 왜 이렇게 조급했는지 모르겠다. 친절한 여자 친구는 밖에서 내 걱정만 하고 있는데 내가 화를 낼 이유가 하나도 없었네.	N	2022-08-03 03:29:18	2022-11-08 04:47:40
BE22012984	14	1	하하 울보까지는 아니었지만 늘 따스하게 나에게 힘을 주던 형을 잊을 수는 없지. 조금만 더 기다리면 거짓말처럼 문이 열릴 거고 형은 여자 친구와 행복한 데이트를 즐기게 될 거야. 오늘 하루 조금 삐걱거렸지만 조금 불행하고 많이 행복하면 행복에 가까운 거니 힘내자.	N	2022-08-03 03:29:18	2022-11-08 04:47:41
BE22012984	15	0	그래 조금만 더 마음을 차분히 가지고 기다려 보자. 이따 집에서 봐.	Y	2022-08-03 03:29:18	2022-11-08 04:47:41
