id	utterance_id	utterance_type	utterance_text	terminate	regDate	updDate
BE22016820	1	0	형, 나 손톱이 길다고 학교에서 선도부에게 벌점을 받았어. 나도 긴 손톱을 자르는 것을 자꾸 잊어서 잘라야 한다는 생각은 하고 있었거든. 그런데 고등학생이 돼서 손톱 길이까지 규제당하는 게 어이없고 이해가 안 돼서 너무 분노하게 돼.	N	2022-08-31 13:19:23	2022-11-08 05:11:39
BE22016820	2	1	그랬구나, 그런 생각이 들 수도 있지. 손톱의 길이에는 자유가 있는 것인데 얼마나 억울한 심정이 들었겠어. 그리고 네가 잘못인 것도 아니고 자르면 되는 일에 벌점을 받다니 많이 속상했겠다.	N	2022-08-31 13:19:23	2022-11-08 05:11:39
BE22016820	3	0	그러니까 말이야, 내가 아침부터 선도부에게 화내고 싶지 않아서 교실로 들어오긴 했어. 그런데 생각할수록 고작 이런 사유로 벌점 받아야 하는 게 화가 나더라고. 고3이고 수능도 얼마 안 남은 시점이라 너무 예민하거든.	N	2022-08-31 13:19:23	2022-11-08 05:11:39
BE22016820	4	1	맞아, 그래도 많이 화가 났을 텐데 분노를 억제하고 교실로 들어왔다니 절제가 정말 대단하다. 매사에 어떤 행동을 하더라도 한 번 더 생각하는 네가 멋져. 네가 동생이지만 이런 행동들은 참 본받아야 한다는 생각이 들어.	N	2022-08-31 13:19:23	2022-11-08 05:11:39
BE22016820	5	0	아침부터 선도부에게 화를 내고는 싶지 않았어, 선도 부도 학교의 규정을 따르는 사람일 뿐이잖아. 그래서 교실에 들어오니까 학교의 규정 자체에 화가 나더라고 21세기를 역 행하는 규정이란 생각이 들었어.	N	2022-08-31 13:19:23	2022-11-08 05:11:39
BE22016820	6	1	그렇지, 그런 생각이 들만하지, 손톱이 길 수도 있는 것이고 짧을 수도 있는 것인데. 그건 쓰임에 따라 다양성을 거부하는 것이잖아. 네가 옳게 생각하는 것이니까 너무 스트레스를 받지 않았으면 좋겠다.	N	2022-08-31 13:19:23	2022-11-08 05:11:39
BE22016820	7	0	응 그러니까 말이야. 그래서 내가 이번 경험을 계기로 해서 학교 건의함에 우리 학교의 규정에 대해 이의를 제기했어. 정말 없어져야 하는 규정인데 유지가 되면서 학생들에 세 스트레스를 주는 것은 용납이 안 돼.	N	2022-08-31 13:19:23	2022-11-08 05:11:39
BE22016820	8	1	정말 너 대단한 사람이다. 형도 그 학교를 졸업한 학생으로서 그 규정들이 구시대적이라는 생각은 했어. 그런데 너처럼 그것을 변화시키려는 생각까지는 못했던 것 같아.	N	2022-08-31 13:19:23	2022-11-08 05:11:39
BE22016820	9	0	이게 다 형 덕분이지, 어린 시절부터 형은 나에게 용기를 심어주는 사람이었어. 매사에 도전하는 나에게 격려와 응원을 아끼지 않아서 내가 이렇게 행동할 수 있는 거야. 오늘도 분노에서만 머무를 뻔했지만 형의 위로를 통해서 분노의 마음이 많이 진정되었어.	N	2022-08-31 13:19:23	2022-11-08 05:11:39
BE22016820	10	1	그렇게 생각해 줘서 고마워, 항상 형은 네가 용기를 가진 사람이었으면 좋겠다는 생각을 했어. 내가 몇 년이라도 일찍 경험한 사회는 너무 자신감을 깎아 먹는 일들이 많더라고. 최대한 네가 그런 일에 상처받지 않았으면 좋겠다는 생각을 했던 것 같아.	N	2022-08-31 13:19:23	2022-11-08 05:11:39
BE22016820	11	0	형의 그러한 위로와 응원이 나에게 힘이 많이 되었어. 그래서 내가 남들에게 이렇게 당당하게 말 할 수 있는 사람이 되었지. 형에게 너무 고마운 부분이야.	N	2022-08-31 13:19:23	2022-08-31 13:19:23
BE22016820	12	1	네가 용기를 가진 것인걸. 난 옆에서 너의 마음이 상처받지 않았으면 하는 바람이어서 도왔던 거였어. 오늘 학교에서 벌점을 받았다고 해서 네가 상처받았을까봐 걱정을 많이 했었어.	N	2022-08-31 13:19:23	2022-11-08 05:11:39
BE22016820	13	0	응 형의 걱정이 나에게도 느껴졌어. 형의 진심이 나에게 통했기 때문에 내가 이렇게 힘을 낼 수 있었던 것이야.	N	2022-08-31 13:19:23	2022-08-31 13:19:23
BE22016820	14	1	오늘도 넌 스스로 낸 용기를 나의 공으로 돌리는구나. 이런 점을 보면서 난 너에게 깊은 감동을 느끼고. 네가 나의 응원으로 분노가 진정되었다는 말에 행복해지는 사람이야.	N	2022-08-31 13:19:23	2022-11-08 05:11:40
BE22016820	15	0	손톱이 긴데 나도 아는 사실을 지적까지 당하면서 벌점을 받는다는 게 이해가 안 가더라고. 나의 이런 분노한 마음을 형이 달래주고 응원해 주니까 많이 진정되었어. 학교의 규정 자체가 잘못되었다는 생각까지 할 수 있게 힘을 준 형 너무 고마워.	Y	2022-08-31 13:19:23	2022-11-08 05:11:40
