id	utterance_id	utterance_type	utterance_text	terminate	regDate	updDate
BE22011161	1	0	언니. 나 어떡해. 오늘이 수행평가 마감일인데 엄마, 아빠가 가게 좀 도와달라고 해서 결국 수행평가를 못 했어.	N	2022-07-23 10:05:38	2022-11-08 04:36:08
BE22011161	2	1	어떡해. 그럼 점수에도 크게 문제 생기는 거 아니야?	N	2022-07-23 10:05:38	2022-11-08 04:36:08
BE22011161	3	0	반영 비율이 그렇게 높지 않은 수행평가이긴 한데, 정말 짜증 나. 내 잘못도 아닌 일로 수행평가를 0점 받게 생겼어.	N	2022-07-23 10:05:38	2022-11-08 04:36:08
BE22011161	4	1	지금 네게 가장 중요한 건 공부고 성적일 텐데, 짜증이 날 만도 하다. 부모님 가게 일 도와드리는 것 자체도 힘들고 피곤할 텐데 성적까지 포기해야 했으니. 내가 너라도 화가 치솟았을 것 같아.	N	2022-07-23 10:05:38	2022-11-08 04:36:08
BE22011161	5	0	그러니까 말이야. 그렇다고 엄마, 아빠한테 화를 낼 수도 없어서 혼자 삭히고 있는데 너무 화가 나. 선생님께 혼나는 건 결국 내 몫일 거잖아.	N	2022-07-23 10:05:38	2022-11-08 04:36:08
BE22011161	6	1	그러게. 네가 이렇게 부모님을 도와드리는 착하고 성실한 딸인 걸 선생님도 아시면 좋을 텐데. 네가 정말 속상해 보여서 나까지 마음이 아프다.	N	2022-07-23 10:05:38	2022-11-08 04:36:08
BE22011161	7	0	엄마, 아빠 입장에선 먹고 사는 게 중요하겠지만 나한테는 그만큼 성적이 중요하다고. 왜 내 삶은 저렇게 존중해 주시지 않는 거야? 이럴 때마다 정말 화가 나고 속상해.	N	2022-07-23 10:05:38	2022-11-08 04:36:08
BE22011161	8	1	이해심 넓은 네가 조금만 참아드려. 네가 워낙 일도 잘하고 꼼꼼하니까 너를 찾게 되시는 걸 거야. 게다가 엄마, 아빠도 아르바이트생을 구하기에는 형편이 빠듯하실 테니 착한 네가 조금 이해해드리자.	N	2022-07-23 10:05:38	2022-11-08 04:36:08
BE22011161	9	0	언니 말도 틀린 건 아니지만 오늘은 정말 이해하고 싶지 않다고. 가게 일을 하루 도와드리는 게 수행평가까지 포기할 만큼 중요한 일은 아니잖아. 완전히 나를 만만하게 보시는 거라니까.	N	2022-07-23 10:05:38	2022-11-08 04:36:08
BE22011161	10	1	만만한 게 아니라 네가 얼마나 일을 잘하고 착한 아이인지 잘 아시는 거지. 웬만한 아르바이트생보다 네가 훨씬 싹싹하고 똑 부러지잖아. 내가 엄마, 아빠였더라도 너처럼 완벽한 아이를 아르바이트생으로 쓰고 싶었을 거야.	N	2022-07-23 10:05:38	2022-11-08 04:36:08
BE22011161	11	0	치. 언니가 그렇게 말해 주니까 입꼬리가 은근슬쩍 올라가는 것 같은데? 기분이 풀리려고 해.	N	2022-07-23 10:05:38	2022-11-08 04:36:08
BE22011161	12	1	우리 가족한테 네가 얼마나 복덩이니. 그러니 이렇게 가족한테 인기 많은 삶을 사는 것도 어찌 보면 당연하지. 네가 그만큼 믿음직스러운 아이라는 뜻이니까, 기분 풀어드려.	N	2022-07-23 10:05:38	2022-11-08 04:36:08
BE22011161	13	0	언니가 그렇게까지 나를 달래 주니까 나도 어쩔 수 없이 기분이 풀려버리네. 사실 아까부터 기분이 좋아서 웃음이 나오고 있어.	N	2022-07-23 10:05:38	2022-11-08 04:36:08
BE22011161	14	1	아까보다 기분이 나아 보여서 정말 다행이다. 이번에는 아쉽게 됐지만, 다음번에는 수행평가 점수 꼭 잘 받길 바랄게. 언제나 파이팅이다, 내 동생.	N	2022-07-23 10:05:38	2022-11-08 04:36:08
BE22011161	15	0	정말 고마워. 언니 덕분에 기분 좋게 남은 하루를 보낼 수 있겠어. 우리 언니 최고야.	Y	2022-07-23 10:05:38	2022-11-08 04:36:08
