id	utterance_id	utterance_type	utterance_text	terminate	regDate	updDate
BE22020406	1	0	형. 나 지금 너무 화가 나서 참을 수가 없어.	N	2022-09-23 01:36:52	2022-09-23 01:36:52
BE22020406	2	1	왜? 무슨 일 있는 거야?	N	2022-09-23 01:36:52	2022-09-23 01:36:52
BE22020406	3	0	시내에서 집회가 열려서 도로가 꽉 막힌 거야. 지금 출근 시간인데 차가 너무 막혀서 회사에 늦을 것 같아. 너무 화가 나.	N	2022-09-23 01:36:52	2022-09-23 01:36:52
BE22020406	4	1	나도 예전에 출근길에 그런 적이 있어서 얼마나 화가 나는지 이해가 가. 나였어도 충분히 짜증이 나고 화가 났을 거야. 우리 동생이 그러니까 내가 마음이 안 좋네.	N	2022-09-23 01:36:52	2022-09-23 01:36:52
BE22020406	5	0	응. 오늘 아침에 중요한 회의도 있어서 더 일찍 가려고 나왔는데 이렇다니 너무 짜증 나. 왜 사람들이 출근하는 시간에 이렇게 집회를 여는지 이해가 안 가고 화가 나.	N	2022-09-23 01:36:52	2022-11-08 05:36:34
BE22020406	6	1	그 사람들도 피해를 주기 위한 목적으로 그런 건 아니고 상당히 미안해하고 있을 거야. 입장을 바꿔서 얼마나 답답했으면 그런 집회를 열었을지 생각해보면 좀 너의 마음이 차분해지지 않을까?	N	2022-09-23 01:36:52	2022-11-08 05:36:34
BE22020406	7	0	그건 그렇지. 나도 그런 입장이 되어본 적이 있으니까 이해는 가. 그렇지만 회사에서 나를 안 좋게 보면 어떡하지? 생각만 해도 화가 나고 싫어.	N	2022-09-23 01:36:52	2022-09-23 01:36:52
BE22020406	8	1	회사에 어떤 이유로 늦을 것 같다고 연락은 드렸어? 지금 집회 때문에 늦는 사람들이 많으니까 회사에서도 이 상황을 알 거야. 우리 동생 너무 걱정하지 마.	N	2022-09-23 01:36:52	2022-11-08 05:36:34
BE22020406	9	0	응. 연락은 드렸는데 그래도 늦는 건 똑같잖아. 과정이 어떻든 간에 결과가 중요하다고 생각하는 나로서는 미리 일찍 나오지 못한 나한테도 화가 나.	N	2022-09-23 01:36:52	2022-11-08 05:36:34
BE22020406	10	1	물론 결과도 중요하지만, 사람이 항상 좋은 결과를 가져올 수는 없잖아. 넌 이제까지 약속 시간도 잘 지키고 성실히 일하는 사람이었으니까 회사에서도 그걸 이해해줄 거야. 그리고 가서 회의를 잘 진행하면 충분히 만회할 수 있는 일이라고 생각해. 걱정하지 마.	N	2022-09-23 01:36:52	2022-11-08 05:36:34
BE22020406	11	0	그렇게 말해줘서 고마워, 형. 집회 때문에 차가 막혀서 답답하고 화났는데 형이 그렇게 말해주니까 좀 기분이 괜찮아지는 것 같아.	N	2022-09-23 01:36:52	2022-09-23 01:36:52
BE22020406	12	1	그렇다니 다행이다. 항상 형은 우리 동생 편이니까 언제든 고민 있으면 얘기해. 들어줄게.	N	2022-09-23 01:36:52	2022-11-08 05:36:34
BE22020406	13	0	응. 정말 고마워, 형. 역시 형이 있어서 너무 든든하다.	N	2022-09-23 01:36:52	2022-09-23 01:36:52
BE22020406	14	1	나도 우리 동생이 있어서 너무 좋아. 너에게 든든한 버팀목이 되어줄게.	Y	2022-09-23 01:36:52	2022-09-23 01:36:52
