id	utterance_id	utterance_type	utterance_text	terminate	regDate	updDate
BE22012829	1	0	언니. 나 항공사 마일리지 만료되기 전에 여행 못 갈 것 같아. 너무 짜증 나.	N	2022-08-02 04:15:25	2022-11-08 04:46:41
BE22012829	2	1	이번에도 여행을 못 간다니 그게 무슨 소리야? 또 휴가 밀렸어?	N	2022-08-02 04:15:25	2022-11-08 04:46:41
BE22012829	3	0	응. 정말 화나. 회사에 휴가 일정을 미리 알리면 뭐 해? 그 기간에 보란 듯이 일을 더 던져주잖아.	N	2022-08-02 04:15:25	2022-11-08 04:46:41
BE22012829	4	1	원래도 일이 많은 부서인데 휴가도 못 가게 방해하다니 네가 화날 만하네. 네가 그 기간에 휴가를 가면 팀원들 눈치가 많이 보여서 어떡하니. 회사의 잘못이니 네 기분이 안 좋을 만하다.	N	2022-08-02 04:15:25	2022-11-08 04:46:41
BE22012829	5	0	작년에도 이런 식으로 방해해서 결국 휴가철이 지나가 버렸잖아. 올해는 나한테 미안해서라도 달라질 줄 알았는데 똑같아. 상습적으로 괴롭히는 수준이라고.	N	2022-08-02 04:15:25	2022-11-08 04:46:41
BE22012829	6	1	정말이지 한 번도 아니고 꾸준히 이러니 네 분노가 이해가 간다. 듣는 나도 짜증 나는데 너는 오죽하겠니. 올해도 휴가가 밀려서 안쓰럽구나.	N	2022-08-02 04:15:25	2022-11-08 04:46:41
BE22012829	7	0	더 화가 나는 건 낙하산으로 들어온 입사 동기는 매년 마음대로 휴가를 간다는 거야. 나도 이번엔 못 참고 부장님한테 따지니까 사회생활이 다 그런 거래. 이러니 내가 짜증이 안 나?	N	2022-08-02 04:15:25	2022-11-08 04:46:41
BE22012829	8	1	당연한 권리로 차별을 두는 회사에서 버티느라 얼마나 힘들었니. 그동안 꿋꿋하게 다닌 네가 안쓰러우면서도 대견하구나. 너무 힘들면 그만두는 방법도 있다는 걸 알고 있었으면 해.	N	2022-08-02 04:15:25	2022-11-08 04:46:41
BE22012829	9	0	우리 가족 모두 생계를 위해 고생하는데 나만 힘들다고 쉴 순 없잖아. 회사 생각하면 짜증이 치솟지만, 월급이 나오니 참아야지. 그래도 오늘은 분노를 삭이기가 쉽지 않네.	N	2022-08-02 04:15:25	2022-11-08 04:46:41
BE22012829	10	1	언제 이렇게 어른스러워졌는지 언니 마음이 짠해지네. 넌 항상 무슨 일이든 열심히 하고 책임감까지 갖췄었지. 그렇지만 가끔은 책임감도 덜어내고 아이처럼 굴어도 괜찮아.	N	2022-08-02 04:15:25	2022-11-08 04:46:41
BE22012829	11	0	언니가 알아주니까 눈물이 날 것 같아. 그동안 말 안 했는데 나 정말 힘들고 속상했거든. 그런데 약한 모습 보이고 싶지 않아서 그저 화만 내고 짜증을 부렸던 거야.	N	2022-08-02 04:15:25	2022-11-08 04:46:41
BE22012829	12	1	그동안 많이 힘들었지? 언니가 이제 옆에서 더 힘이 되어줄게. 말 나온 김에 회사 정리하고 항공사 마일리지 만료되기 전에 쓸까?	N	2022-08-02 04:15:25	2022-11-08 04:46:41
BE22012829	13	0	좋은 생각이야. 잠시라도 괴로운 일상에서 벗어나서 충전하고 싶어. 더는 나도 버티기가 힘들었거든.	N	2022-08-02 04:15:25	2022-11-08 04:46:41
BE22012829	14	1	네가 기운을 차린 것 같아서 언니도 기뻐. 언니는 항상 네 곁에서 응원하고 고통도 나누는 존재야. 잊지 마.	N	2022-08-02 04:15:25	2022-11-08 04:46:41
BE22012829	15	0	언니. 정말 고마워. 나도 언니에게 힘이 되는 존재가 될게.	Y	2022-08-02 04:15:25	2022-11-08 04:46:41
