id	utterance_id	utterance_type	utterance_text	terminate	regDate	updDate
BE22019456	1	0	동생아 오늘 내가 너무 화나는 일이 있었어. 아버지랑 말다툼을 하고 왔는데 대화가 안 통해서 너무 화가 나.	N	2022-09-21 11:16:39	2022-11-08 05:25:54
BE22019456	2	1	평소 아버지랑 말다툼할 일이 거의 없었을 텐데. 어쩌다가 그렇게 화날 정도로 얘기를 하고 온 거야?	N	2022-09-21 11:16:39	2022-11-08 05:25:54
BE22019456	3	0	나는 대학에 가고 싶어서 가고 싶은 대학이랑 진로를 다 정했는데. 아버지는 자꾸 취업해서 돈부터 벌라며 뭐라고 하잖아. 나도 내 인생 내가 개척해나가고 싶은데.	N	2022-09-21 11:16:39	2022-11-08 05:25:54
BE22019456	4	1	형 말은 듣지도 않고 그렇게 나오면 진짜 나라도 화나겠다. 많이 화날 만해. 근데 왜 굳이 대학 가지 말고 취업부터 하라는지 얘기는 들어봤어?	N	2022-09-21 11:16:39	2022-11-08 05:25:54
BE22019456	5	0	여유가 없으니까 일찍부터 일하면서 돈 벌고 모으라는데, 나는 대학 가서 공부도 더 하고 대학 생활도 해보고 싶다고.	N	2022-09-21 11:16:39	2022-11-08 05:25:54
BE22019456	6	1	형 의견도 충분히 들어주고 하면 이해라도 할 텐데. 그냥 그렇게 몰아붙이듯이 나오면 형이 화내는 게 이해가 간다. 아버지가 그렇게 얘기하면 마음도 몰라주고 너무 서운할거 같아.	N	2022-09-21 11:16:39	2022-11-08 05:25:54
BE22019456	7	0	그러니까 내 말은 제대로 듣지도 않고 그냥 본인 할 말만 하니까. 어떻게 해야 할지 도저히 모르겠어. 대화하고 싶은 맘은 있는 건지 그냥 화밖에 안 나.	N	2022-09-21 11:16:39	2022-11-08 05:25:54
BE22019456	8	1	형은 어려서부터 공부도 잘해오고 아버지 말을 안 들은 적 한 번도 없잖아. 이렇게 착실하고 성실하게 살아온 형인데 너무하다. 그럼 형이 만족할만한 성적을 제시해서 대학 입학하는 조건을 걸어보는 건 어떨까?	N	2022-09-21 11:16:39	2022-11-08 05:25:54
BE22019456	9	0	괜찮은 거 같은데 단순히 성적만으로 해결이 될까? 애초에 내 말은 잘 들어주지도 않는데 가능성이 있을지 없을지도 모르겠어.	N	2022-09-21 11:16:39	2022-09-21 11:16:39
BE22019456	10	1	지금은 형이 기분도 안 좋고 화나서 힘들겠지만. 조금 더 진지하게 진솔한 대화로 이어 나가면 아버지도 형의 진심을 알아주실 거야. 여태껏 봐왔던 아버지도 그렇게 꽉 막히신 분이 아니니까.	N	2022-09-21 11:16:39	2022-11-08 05:25:54
BE22019456	11	0	맞아, 아까도 대화할 때 내가 너무 가벼운 투로 얘기를 해서, 내 진심을 못 보신 걸 수도 있어. 이번에 확실하게 공부해서 좋은 성적으로 아버지한테 다시 제대로 얘기를 해보면 괜찮을 것 같은데?	N	2022-09-21 11:16:39	2022-11-08 05:25:54
BE22019456	12	1	아무리 취업하는 게 중요해도 공부를 잘해서 성적도 잘 나오는데 마냥 취업하라고 보채시지는 않을 거야.	N	2022-09-21 11:16:39	2022-11-08 05:25:54
BE22019456	13	0	너의 말을 들어보니 확실히 이해가 간다. 아직 늦지 않았으니까 오늘부터 바로 열심히 준비해 봐야겠어.	N	2022-09-21 11:16:39	2022-11-08 05:25:54
BE22019456	14	1	아직 시간은 충분하니까 내가 옆에서 같이 도와줄게! 나도 같이 공부도 할 겸 말이야.	N	2022-09-21 11:16:39	2022-11-08 05:25:54
BE22019456	15	0	그렇게 얘기해주니 든든한데? 고마워 덕분에 더 열의가 생겼어!	Y	2022-09-21 11:16:39	2022-09-21 11:16:39
