id	utterance_id	utterance_type	utterance_text	terminate	regDate	updDate
BE22006409	1	0	나 어제 시내 나갔다가 황당한 일을 당했어. 어떤 사람이 옆에 오더니 갑자기 전화번호를 물어보는 거야. 얼마나 놀랐는지.	N	2022-07-06 01:40:03	2022-11-08 04:05:37
BE22006409	2	1	요즘처럼 개인정보에 민감한 시기에 누가 다짜고짜 그러면 당연히 당황하지. 나라도 경계하는 마음이 생겨서 피할 거 같아.	N	2022-07-06 01:40:03	2022-11-08 04:05:37
BE22006409	3	0	응, 그래서 왜 이러냐면서 자리를 피했거든? 그런데 따라오면서 자꾸 말을 시키는 거야.	N	2022-07-06 01:40:03	2022-11-08 04:05:37
BE22006409	4	1	요즘은 그렇게 무작정 들이대는 사람은 잘 없던데. 꼭 그래야 할 무슨 사정이 있었나? 그래도 네 입장에서는 당황스러운 일이었겠다.	N	2022-07-06 01:40:03	2022-11-08 04:05:37
BE22006409	5	0	정말 그랬다니까. 지나가는 사람들이 흘끔거리며 쳐다보는데 너무 창피한 거야. 그래서 거의 뛰다시피 해서 그 자리를 피했어.	N	2022-07-06 01:40:03	2022-11-08 04:05:37
BE22006409	6	1	너처럼 숫기도 없는 애가 그런 일을 당했으니 얼마나 쩔쩔맸을지 눈에 선하다. 비교적 넉살이 좋은 나도 그런 상황은 곤란했을 텐데.	N	2022-07-06 01:40:03	2022-11-08 04:05:37
BE22006409	7	0	당황한 것도 당황한 건데, 나중에 생각하니 기분이 좀 나쁜 거 있지? 시내에 사람이 그렇게 많은데 왜 하필 나였을까? 내가 그렇게 만만해 보였나 싶어 좀 언짢았어.	N	2022-07-06 01:40:03	2022-11-08 04:05:37
BE22006409	8	1	그렇게 생각할 수도 있는데, 반대로 보면 네가 그만큼 인상이 좋았다는 뜻일 수 있어. 여러 사람 중에 눈에 뜨일 정도로 네가 마음에 들었다는 뜻이잖아. 그냥 좋게 생각하는 게 너도 마음이 편할 거 같은데?	N	2022-07-06 01:40:03	2022-11-08 04:05:37
BE22006409	9	0	그럼 내가 너무 예민하게 받아들인 건가? 난 늘 구석에 가만히 있는 사람이잖아. 그래서 누가 나한테 호감을 표하면 일단 그 의도를 의심하는 버릇이 있어.	N	2022-07-06 01:40:03	2022-11-08 04:05:37
BE22006409	10	1	네가 성격이 조용해서 난 그냥 그게 편해서 그런 줄 알았지. 그런 생각까지 하는 줄 몰랐어. 그런데 너만 그러는 거 아니니까 너무 신경 쓰지 마.	N	2022-07-06 01:40:03	2022-11-08 04:05:37
BE22006409	11	0	하긴, 낯선 사람이 갑자기 전화번호를 물어보는데 순순히 받아들이는 게 더 이상하지. 나만 유별난가 싶어 기분이 좀 그랬어.	N	2022-07-06 01:40:03	2022-11-08 04:05:37
BE22006409	12	1	그 일은 그냥 지나간 해프닝 정도로 생각하고 그만 잊어버려. 그나저나 난 네가 오히려 부러운데? 난 인상이 깍쟁이 같은지 모르는 사람이 길도 안 물어봐.	N	2022-07-06 01:40:03	2022-11-08 04:05:37
BE22006409	13	0	네가 보기에도 내가 인상이 좋은 거 같으니? 인상이 좋아서 그랬다면 그 사람 행동을 다 이해해줄 수 있는데.	N	2022-07-06 01:40:03	2022-11-08 04:05:37
BE22006409	14	1	너는 따스한 봄날처럼 인상이 정말 푸근해. 그런 얼굴을 타고났다는 건 굉장한 축복이니 자신감을 가져. 좀더 열린 마음으로 사람을 대하면 어떤 상황에서도 당당해질 수 있을 거야.	N	2022-07-06 01:40:03	2022-11-08 04:05:37
BE22006409	15	0	네 말 들으니 갑자기 자신감이 샘솟는 거 같다. 난 늘 자신감이 부족했었는데 앞으로 좀더 당당해져 볼게. 고맙다, 친구야.	Y	2022-07-06 01:40:03	2022-11-08 04:05:37
