id	utterance_id	utterance_type	utterance_text	terminate	regDate	updDate
BE22004961	1	0	우리 1시에 보기로 한 거 아니었어? 아무도 없네.	N	2022-06-29 03:48:58	2022-11-08 03:56:18
BE22004961	2	1	우리 약속 시간 2시였는데? 다시 확인해봐!	N	2022-06-29 03:48:58	2022-11-08 03:56:18
BE22004961	3	0	헐, 그러네? 나 1시인 줄 알고 지금 도착했어. 어쩌다 시간을 잘못 알았지? 당황스럽네.	N	2022-06-29 03:48:58	2022-11-08 03:56:18
BE22004961	4	1	아 그때 한 친구가 1시가 안 될 것 같다고 해서 시간을 좀 미뤘어. 그걸 확인을 못했구나. 도착하고 꽤 당황스러웠겠는데?	N	2022-06-29 03:48:58	2022-11-08 03:56:18
BE22004961	5	0	응. 나는 내가 마지막으로 도착하는 사람일 거라고 생각했거든. 근데 첫 번째로 도착하고 아무도 없어서 상당히 혼란스러웠어.	N	2022-06-29 03:48:58	2022-11-08 03:56:18
BE22004961	6	1	아이고. 그런 상황이면 나도 혼란스러웠을 거 같아. 특히 너는 평소에 시간 확인을 잘하잖아.	N	2022-06-29 03:48:58	2022-11-08 03:56:18
BE22004961	7	0	그러게 말이야. 너랑 연락하기 전까지는 내가 시간을 착각한 줄 전혀 몰랐지 뭐야.	N	2022-06-29 03:48:58	2022-11-08 03:56:18
BE22004961	8	1	그러게. 1시에 갑자기 연락 와서 나도 놀랐어. 근데 왔는데 아무도 없어서 네가 제일 혼란스러웠을 것 같긴 해. 그러면 거기에 혼자 있는 거야?	N	2022-06-29 03:48:58	2022-11-08 03:56:18
BE22004961	9	0	응. 일단은 약속 장소에 혼자 서있어! 조금 외롭긴 하네. 시간 확인을 잘할 것을 이럴 줄 전혀 몰랐네.	N	2022-06-29 03:48:58	2022-11-08 03:56:18
BE22004961	10	1	나도 저번에 너처럼 혼자 일찍 와서 친구들 기다려본 적 있는데, 진짜 쓸쓸하긴 하더라. 그러면 나라도 좀 일찍 출발해볼게!	N	2022-06-29 03:48:58	2022-11-08 03:56:19
BE22004961	11	0	정말? 고마워 나를 위해서 일찍 나와주다니, 정말 감동이야.	N	2022-06-29 03:48:58	2022-11-08 03:56:19
BE22004961	12	1	뭘. 내가 일찍 나왔어도 너라면 나처럼 해줬을 것 같은데? 네가 좋은 친구인 거야!	N	2022-06-29 03:48:58	2022-11-08 03:56:19
BE22004961	13	0	그렇게 생각해줘서 정말 고마워. 일찍 와서 혼란스러웠던 마음이 덕분에 완전히 가셨는걸!	N	2022-06-29 03:48:58	2022-11-08 03:56:19
BE22004961	14	1	그것참, 다행인걸? 내가 어제 예쁜 카페 찾아뒀는데 문자로 보낼게! 일단은 거기서 기다리고 있어!	N	2022-06-29 03:48:58	2022-11-08 03:56:19
BE22004961	15	0	알겠어, 조심해서 와! 곧 만나!	Y	2022-06-29 03:48:58	2022-11-08 03:56:19
