id	utterance_id	utterance_type	utterance_text	terminate	regDate	updDate
BE22004638	1	0	공감화자야, 너는 피자 먹을 때 피클이 없으면 어때?	N	2022-06-28 09:17:35	2022-11-08 03:54:15
BE22004638	2	1	뭐지, 이 뜬금없는 질문은? 좀 그렇긴 하지. 느끼하고.	N	2022-06-28 09:17:35	2022-11-08 03:54:15
BE22004638	3	0	그렇지? 나 피자 배달시켰는데 피클이 오지 않았어. 지금 어안이 너무 벙벙해서 피자 먹을 생각도 못하고 있어.	N	2022-06-28 09:17:35	2022-11-08 03:54:15
BE22004638	4	1	헉. 피자와 피클은 짝꿍이나 다름없는데 피클이 같이 안 왔다니. 그거 정말 곤란한 상황이다. 네가 많이 당황했겠네.	N	2022-06-28 09:17:35	2022-11-08 03:54:15
BE22004638	5	0	응. 피자는 점점 식어가는데 피클이 없어서 너무 당황스럽다. 피클 없이는 피자 한조각 이상 절대 못 먹거든.	N	2022-06-28 09:17:35	2022-11-08 03:54:15
BE22004638	6	1	나도 피자는 피클 없이는 물러서 못 먹겠더라고. 그래서 피클이 없는 지금 네 상황이 얼마나 곤란할지 잘 이해가 간다. 나 같아도 피자 먹을 엄두가 안 날 거 같아.	N	2022-06-28 09:17:35	2022-11-08 03:54:15
BE22004638	7	0	이걸 어쩌면 좋지. 나 지금 당황스러움이 머리를 지배하고 있어서 머리가 돌아가질 않아.	N	2022-06-28 09:17:35	2022-11-08 03:54:15
BE22004638	8	1	피자는 식어도 전자 레인지 돌려 먹으면 맛있잖아. 식는 거 좀 감수하더라도 배달시킨 피자집에 전화해서 피클 누락됐다고 다시 보내달라고 해보는 건 어때?	N	2022-06-28 09:17:35	2022-11-08 03:54:15
BE22004638	9	0	오. 내가 왜 그 방법을 생각하지 못했지? 공감화자는 참 침착하고 똑똑하네. 고맙다. 식는 거는 좀 감수해야지.	N	2022-06-28 09:17:35	2022-11-08 03:54:15
BE22004638	10	1	네가 피자를 맛있게 먹을 생각에 배달받았는데 피클이 없어서 너무 당황스러워서 미처 생각 못한 거겠지. 걱정 말고 얼른 다시 전화해봐. 생각보다 그런 경우가 흔해서 흔쾌히 다시 갖다준다고 하더라.	N	2022-06-28 09:17:35	2022-11-08 03:54:15
BE22004638	11	0	응. 방금 전화했더니 너무 죄송하다고 피클 다시 가져다주겠대. 식는 건 어쩔 수 없지만 피클을 포기할 수는 없지.	N	2022-06-28 09:17:35	2022-11-08 03:54:15
BE22004638	12	1	훌륭한 저녁을 먹으려고 배달시켰는데 당황스러운 상황에 놓여서 고생했다. 피클 배달 오면 피자 좀 데워서 맛있게 먹어.	N	2022-06-28 09:17:35	2022-11-08 03:54:15
BE22004638	13	0	그래. 고마워. 너랑 얘기하니까 역시 기분이 좀 풀린다. 다음에 내가 피자 사줄게.	N	2022-06-28 09:17:35	2022-11-08 03:54:15
BE22004638	14	1	그럼 나야 너무 좋지. 저녁 맛있게 먹고 또 문자 하자.	Y	2022-06-28 09:17:35	2022-11-08 03:54:15
