id	utterance_id	utterance_type	utterance_text	terminate	regDate	updDate
BE22005175	1	0	야! 나 어쩌면 좋을까.	N	2022-06-29 10:19:11	2022-11-08 03:57:42
BE22005175	2	1	응? 무슨 일인데?	N	2022-06-29 10:19:11	2022-11-08 03:57:42
BE22005175	3	0	아니 내가 점심에 동료들이랑 식당에서 밥을 먹었거든?	N	2022-06-29 10:19:11	2022-11-08 03:57:42
BE22005175	4	1	오늘 밥 먹을 때 일어난 일이구나, 그런데?	N	2022-06-29 10:19:11	2022-11-08 03:57:42
BE22005175	5	0	주문한 음식이 나와서 마스크를 벗었단 말이야. 근데 딱 그때 갑자기 재채기가 나오는 거야. 정말 순식간이어서 막을 새도 없었어.	N	2022-06-29 10:19:11	2022-11-08 03:57:42
BE22005175	6	1	그렇구나. 근데 갑자기 나오면 그럴 수도 있지. 나도 그런 적 많아.	N	2022-06-29 10:19:11	2022-11-08 03:57:42
BE22005175	7	0	근데 문제는 내가 재채기를 하다가 옆에 계신 별로 안 친한 대리님 얼굴에 침을 튀겼어.	N	2022-06-29 10:19:11	2022-11-08 03:57:42
BE22005175	8	1	어머 정말? 그래서 어떻게 됐어?	N	2022-06-29 10:19:11	2022-11-08 03:57:42
BE22005175	9	0	내가 너무 당황에서 막 손으로 얼굴을 닦았단 말이야. 그래서 볼을 만졌는데 생각해 보니 그것도 당황스럽더라고 이제 대리님 얼굴도 못 보겠어.	N	2022-06-29 10:19:11	2022-11-08 03:57:42
BE22005175	10	1	정말 당황스러웠겠다 어려운 상사인데 그런 실수를 했으니 많이 당황스러울 만해. 그래서 대리님은 뭐라 하셨어?	N	2022-06-29 10:19:11	2022-11-08 03:57:42
BE22005175	11	0	맨 처음엔 황당해 보였는데 내가 볼을 벅벅 닦으니까 당황스러워하시는 것 같더라. 괜찮다고 하면서 휴지로 닦으시더라고.	N	2022-06-29 10:19:11	2022-11-08 03:57:42
BE22005175	12	1	괜찮다고 하시니 다행이네. 그래도 성격이 좋으신 분인가 봐.	N	2022-06-29 10:19:11	2022-11-08 03:57:42
BE22005175	13	0	맞아. 그냥 업무가 안 겹쳐서 안 친할 뿐이지 착하셔. 그나저나 이제 대리님 얼굴 어떻게 봐야 하지?	N	2022-06-29 10:19:11	2022-11-08 03:57:42
BE22005175	14	1	괜찮아. 너무 걱정하지 마. 이런 살다 보면 해프닝도 있는 거 아니겠어? 대리님께 커피라도 한잔 사드리면서 죄송하다고 하고 말문을 트면 오히려 대화하면서 친해질 기회가 될지도 몰라.	N	2022-06-29 10:19:11	2022-11-08 03:57:42
BE22005175	15	0	그런가? 내일 한번 커피 들고 찾아가 봐야겠다.	N	2022-06-29 10:19:11	2022-11-08 03:57:42
BE22005175	16	1	좋은 생각이야. 생각보다 별일 아닐 거야.	N	2022-06-29 10:19:11	2022-11-08 03:57:42
BE22005175	17	0	그래 덕분에 마음이 편해졌어. 고마워.	N	2022-06-29 10:19:11	2022-11-08 03:57:42
BE22005175	18	1	응. 도움이 되어서 기쁘다.	Y	2022-06-29 10:19:11	2022-11-08 03:57:42
