id	utterance_id	utterance_type	utterance_text	terminate	regDate	updDate
BE22004248	1	0	나 너무 죄책감이 들어. 어떡하면 좋지? 부모님께 거짓말을 했어.	N	2022-06-27 12:35:38	2022-11-08 03:51:43
BE22004248	2	1	무슨 일인데 그래? 나에게 털어놔 봐.	N	2022-06-27 12:35:38	2022-11-08 03:51:43
BE22004248	3	0	부모님께 대학에 합격했다고 거짓말을 쳐버렸어. 합격증을 위조했거던. 그 죄책감이 너무 커서 지금 아무것도 할 수가 없어.	N	2022-06-27 12:35:38	2022-11-08 03:51:43
BE22004248	4	1	네가 부모님을 실망시키지 않으려고 좋지 않은 선택을 해서 정말 죄책감이 들겠다. 내가 너였어도 후회스럽고 힘들 것 같아.	N	2022-06-27 12:35:38	2022-11-08 03:51:44
BE22004248	5	0	합격증을 위조해서 부모님께 보여드렸더니 너무 좋아하시더라. 그 모습을 보고 차마 사실대로 말할 수가 없었어. 며칠이 지난 지금 너무 죄책감이 들어.	N	2022-06-27 12:35:38	2022-11-08 03:51:44
BE22004248	6	1	네가 충분히 죄책감이 들었을 것 같아. 나라도 그 자리에서 사실을 고하기가 힘들었겠지.	N	2022-06-27 12:35:38	2022-11-08 03:51:44
BE22004248	7	0	오늘 심지어 대학 합격 기념으로 근사하게 외식을 하고 왔어. 부모님께 너무 불효하는 것 같아서 미치겠어.	N	2022-06-27 12:35:38	2022-11-08 03:51:44
BE22004248	8	1	내가 너였어도 이 상황이 정말 답답하고 괴로울 것 같아. 하지만 지금이라도 솔직하게 말씀드리는 게 죄책감을 가장 덜어줄 수 있는 방법이라고 생각해.	N	2022-06-27 12:35:38	2022-11-08 03:51:44
BE22004248	9	0	어떻게 말씀드리지? 분명 아빠가 나를 무지막지하게 혼날 거야. 난 정말 바보 같은 사람이야.	N	2022-06-27 12:35:38	2022-11-08 03:51:44
BE22004248	10	1	이번에 아버지에게 혼나더라도, 너의 행동에 대한 책임을 진다면 네가 한층 더 성장할 수 있을 거야. 네가 지금이라도 잘못을 깨닫고 반성한다면 그걸로 된 것 아닐까? 사람은 누구나 실수를 할 수 있으니까 너무 자책하지 마.	N	2022-06-27 12:35:38	2022-11-08 03:51:44
BE22004248	11	0	솔직하게 말씀드리면 나를 용서해주실까? 내가 부모님이라면 나를 너무 미워하실 것 같아.	N	2022-06-27 12:35:38	2022-11-08 03:51:44
BE22004248	12	1	부모님은 너를 그 누구보다 아끼고 사랑해주시는 존재잖아. 너의 이런 죄책감까지 품어주실 수 있는 유일한 존재야. 절대 너를 미워하시지 않을 거야.	N	2022-06-27 12:35:38	2022-11-08 03:51:44
BE22004248	13	0	그렇게 말해줘서 고마워. 지금이라도 솔직하게 말씀드리는 것이 좋겠다. 더 이상 이 상황을 두고볼 순 없어.	N	2022-06-27 12:35:38	2022-11-08 03:51:44
BE22004248	14	1	넌 분명히 해낼 수 있을 거야. 솔직하게 말씀드리고 마음의 짐을 덜 수 있었으면 좋겠어. 넌 분명 할 수 있어.	N	2022-06-27 12:35:38	2022-11-08 03:51:44
BE22004248	15	0	네 덕분에 내 마음이 훨씬 나아진 것 같아. 진심으로 고마워.	Y	2022-06-27 12:35:38	2022-11-08 03:51:44
