id	utterance_id	utterance_type	utterance_text	terminate	regDate	updDate
BE22005084	1	0	나 좀 전에 길에서 누구를 만났는데 너무 민망하고 당황스럽네.	N	2022-06-29 07:01:33	2022-11-08 03:57:06
BE22005084	2	1	왜? 누구를 만났는데 당황했어? 사이 안 좋은 사람? 아니면 싸웠던 사람이라도 만난 거야?	N	2022-06-29 07:01:33	2022-11-08 03:57:06
BE22005084	3	0	아니, 그런 건 아닌데. 누군지 모르겠는 사람이 나를 막 아는 체를 하는 거야. 내 이름도 알고.	N	2022-06-29 07:01:33	2022-11-08 03:57:06
BE22005084	4	1	어머 너무 당황해서 등줄기에 땀이 주르륵 흐를 뻔했겠어. 아무리 생각해도 누군지 도통 기억이 안 난 거야?	N	2022-06-29 07:01:33	2022-11-08 03:57:06
BE22005084	5	0	응, 진짜 계속 누구지, 누구지 생각했는데 모르겠는 거야. 근데 그 사람은 막 반갑다고 내 이름 부르면서 오랜만이라고 인사하더라고. 나 그 사람이 누군지 모르는데 그냥 아는척하면서 반갑다고 오랜만이라고 잘 지내냐고 했잖아.	N	2022-06-29 07:01:33	2022-11-08 03:57:06
BE22005084	6	1	어머 너무 혼란스럽고 좀 민망했겠다. 나라면 너무 당황해서 눈이 동그래지고 말을 못이었을 텐데. 역시 우리 감정화자는 대처능력이 뛰어나구나 바로 인사도 하구.	N	2022-06-29 07:01:33	2022-11-08 03:57:06
BE22005084	7	0	그니까, 나도 처음에는 너무 놀라고 혼란스러워서 잠깐 멈칫했다가 우선 그쪽이 내 이름도 알고. 그리고 너무 반갑게 인사를 해서 나도 우선 눈치를 살피면서 인사했지.	N	2022-06-29 07:01:33	2022-11-08 03:57:06
BE22005084	8	1	혼란스러웠을 텐데 너무 잘했다. 상황 파악하면서 바로 인사하고 아는 체해주다니 잘했다 그분도 안 그랬으면 민망했을 거야. 헤어지고 나서도 아직 누군지 생각이 안 나는 거야?	N	2022-06-29 07:01:33	2022-11-08 03:57:06
BE22005084	9	0	응, 근데 그 사람이 고등학교 졸업하고 얼마 만이냐고 하는 거 보니까 고등학교 친구 같아. 좀 통통하고 안경 쓰고 뭐랄까 책벌레 같은 인상이야. 누군지 기억나?	N	2022-06-29 07:01:33	2022-11-08 03:57:06
BE22005084	10	1	나도 누군지 잘 모르겠는데. 우리 이제 고등학교 졸업한 지 벌써 10년이 넘어가잖아 기억이 안 나는 게 당연하지. 그 친구가 감정화자를 너무 좋게 기억하고 있었나보다 아직까지 잊지 않은 걸 보면.	N	2022-06-29 07:01:33	2022-11-08 03:57:07
BE22005084	11	0	그런가? 아휴 참! 처음에 얼마나 당황했는지 누군지 모르겠지 존댓말을 해야 되나 반말을 해야 되나 난처하더라고. 다행히 고등학교 얘기를 해줘서 동갑이구나 싶어서 나도 반말로 대답했잖아.	N	2022-06-29 07:01:33	2022-11-08 03:57:07
BE22005084	12	1	너무 대단하다. 나뿐만 아니라 다른 사람들은 그 상황에서 정말 어떻게 해야 되나 엄청 고민할 텐데. 감정화자의 위기 대처 능력 최고다 최고야.	N	2022-06-29 07:01:33	2022-11-08 03:57:07
BE22005084	13	0	그런가? 내가 회사에서 영업했잖아, 그래서 그런지 응대하는 건 다행히도 어렵지 않더라고.	N	2022-06-29 07:01:33	2022-11-08 03:57:07
BE22005084	14	1	너무 멋지다. 나도 감정화자의 응대능력을 배워야 되는데, 너무 부럽다.	Y	2022-06-29 07:01:33	2022-11-08 03:57:07
