id	utterance_id	utterance_type	utterance_text	terminate	regDate	updDate
BE22008402	1	0	친구야, 너는 무릎 괜찮니? 나는 요즘 무릎이 시큰거려서 아파.	N	2022-07-13 05:14:40	2022-11-08 04:18:27
BE22008402	2	1	예전에는 무릎 시큰거리는 게 없었어? 요즘에 그런 증상이 나타난다면 신경이 많이 쓰이겠구나.	N	2022-07-13 05:14:40	2022-11-08 04:18:28
BE22008402	3	0	운동을 하는데 갑자기 무릎이 시큰거리고 통증이 와서 운동을 중단했어. 얼마나 당황했는지 몰라.	N	2022-07-13 05:14:40	2022-11-08 04:18:28
BE22008402	4	1	운동을 중단할 정도로 무릎이 아팠어? 많이 놀라고 심란했겠구나. 지금은 괜찮니?	N	2022-07-13 05:14:40	2022-11-08 04:18:28
BE22008402	5	0	응. 지금은 괜찮은데, 벌써 무릎 관절에 이상이 오는 걸까? 하는 생각이 드니까 당황스럽네.	N	2022-07-13 05:14:40	2022-11-08 04:18:28
BE22008402	6	1	우리 나이가 서서히 무릎에 이상이 오는 나이이기는 하지. 운동을 할 때마다 무릎이 아프고 시큰거리면 병원에 가서 진단을 받아봐야 하지 않을까?	N	2022-07-13 05:14:40	2022-11-08 04:18:28
BE22008402	7	0	걸을 때는 괜찮은데 조금 무리해서 운동을 하면 아픈 거야.	N	2022-07-13 05:14:40	2022-11-08 04:18:28
BE22008402	8	1	걸을 때는 괜찮다니 그나마 다행인데, 그래도 계단을 올라가거나 등산을 다니는 운동은 조심해야겠다.	N	2022-07-13 05:14:40	2022-11-08 04:18:28
BE22008402	9	0	퇴행성 관절염일까봐 걱정돼.	N	2022-07-13 05:14:40	2022-11-08 04:18:28
BE22008402	10	1	무릎이 아프면 당연히 관절염을 먼저 생각하게 되지. 나도 계단 올라갈 때마다 무릎이 아프니까 관절염이 시작되는 건 아닌가, 걱정 되더라구. 그러니까 무리한 운동은 하지 않는 것이 좋겠어.	N	2022-07-13 05:14:40	2022-11-08 04:18:28
BE22008402	11	0	너도 그렇구나. 우리 나이가 그런 나이가 되었나보다. 좀 슬프다.	N	2022-07-13 05:14:40	2022-11-08 04:18:28
BE22008402	12	1	나이가 들면, 아픈 곳도 생기게 마련이지. 그게 다 살아온 지혜와 경험을 얻은 대가가 아닐까 생각하니 조금은 덜 슬프더라.	N	2022-07-13 05:14:40	2022-11-08 04:18:28
BE22008402	13	0	병원에는 아직 안 가봤는데, 걷다가 무릎이 아프면 그때는 정말 병원에 가봐야겠지?	N	2022-07-13 05:14:40	2022-11-08 04:18:28
BE22008402	14	1	그럼. 걸을 때도 아프다면 지체 없이 병원에 가서 진단을 받아봐야지. 괜찮긴 하겠지만 그래도 무릎 상태가 어떤지 정확히 아는 것이 좋을 것 같아.	N	2022-07-13 05:14:40	2022-11-08 04:18:28
BE22008402	15	0	그렇지. 걱정만 하지 말고 병원부터 다녀와야겠다. 고맙다.	Y	2022-07-13 05:14:40	2022-11-08 04:18:28
