id	utterance_id	utterance_type	utterance_text	terminate	regDate	updDate
BE22006514	1	0	공감화자야. 너 저번에 지갑 잃어버린 적 있다고 했었지?	N	2022-07-06 06:25:22	2022-11-08 04:06:20
BE22006514	2	1	응. 그랬었지. 그때 기분이란 어우. 근데 그건 갑자기 왜?	N	2022-07-06 06:25:22	2022-11-08 04:06:20
BE22006514	3	0	그때 지갑 찾아준 사람한테 사례금 줬었어?	N	2022-07-06 06:25:22	2022-11-08 04:06:20
BE22006514	4	1	주려고 했는데 찾아준 사람이 한사코 거절하더라고. 사례 바라고 한 일 아니라고. 그래서 못 드렸지. 왜 너도 혹시 지갑 잃어버렸다가 찾았어?	N	2022-07-06 06:25:22	2022-11-08 04:06:20
BE22006514	5	0	나 며칠 전에 신용카드 잃어버려서 카드사에 신고했었는데 찾았거든. 방문했던 노래방 술집에 있었어. 근데 가게주인이 사례금을 원해서 나 너무 당황스러워.	N	2022-07-06 06:25:22	2022-11-08 04:06:20
BE22006514	6	1	어머? 그러게. 신용카드 주워줬다고 사례금 원한다는 말은 또 처음 들어보는데? 아니 근데 보통 가게에 놔두고 가면 당연히 챙겨둬야 하는 거 아닌가? 네가 진짜 당황스러울 만하네.	N	2022-07-06 06:25:22	2022-11-08 04:06:20
BE22006514	7	0	응. 물론 감사하기는 한데, 내가 지갑을 잃어버린 것도 아닌데 사례금까지 챙겨줘야 하는 건가 라는 생각이지. 어떻게 행동해야 맞는 건지. 머릿속이 복잡하네. 혼란스러워.	N	2022-07-06 06:25:22	2022-11-08 04:06:20
BE22006514	8	1	나도 그런 요구를 들었다면 진짜 이게 뭔가 하면서 심란할 거 같아. 얘기 듣는 나도 덩달아 혼란스럽다. 네가 혼란스러운 게 이상한 게 아니야.	N	2022-07-06 06:25:22	2022-11-08 04:06:20
BE22006514	9	0	그렇지? 아직도 어안이 벙벙하다. 너무 당연하게 사례금은 여기로 입금하세요 하면서 쪽지 주는데 나 한참이나 멍때렸잖아.	N	2022-07-06 06:25:22	2022-11-08 04:06:20
BE22006514	10	1	그 상황에서 아 네 그러겠습니다. 하고 쪽지 챙겨서 나오는 사람은 없을 거야. 네가 얼마나 놀랐을지 상상이 간다.	N	2022-07-06 06:25:22	2022-11-08 04:06:20
BE22006514	11	0	맞아. 이걸 어쩌면 좋지. 보낸다면 얼마나 보내야 할지도 모르겠어. 진짜 혼란 그 자체다.	N	2022-07-06 06:25:22	2022-11-08 04:06:20
BE22006514	12	1	사례금 대신 가게 한번 다시 찾아가서 술 많이 팔아 드리는 건 어때? 뭐 음료수나 이런 거 사가서. 내가 보기에는 사례금까지 입금해줄 정도는 아닌 일 같아.	N	2022-07-06 06:25:22	2022-11-08 04:06:21
BE22006514	13	0	아. 그래도 될까? 너무 좋은 생각인데, 혹시 갔는데 사례금 왜 안 보내냐고 그러면 어떡하지?	N	2022-07-06 06:25:22	2022-11-08 04:06:21
BE22006514	14	1	지갑도 아니고 신용카드인데 네가 법적으로 사례금을 줘야 할 이유는 없어. 사례금 대신 술 팔아드리러 왔다고 당당하게 굴어. 걱정하지 마. 네가 별일도 아닌데 마음고생하네.	N	2022-07-06 06:25:22	2022-11-08 04:06:21
BE22006514	15	0	응. 좋은 방법인 거 같아. 조언 고마워. 그렇게 해볼게. 덕분에 혼란스럽고 당황스러웠던 마음이 좀 진정됐어.	N	2022-07-06 06:25:22	2022-11-08 04:06:21
BE22006514	16	1	그렇다면 다행이지. 가게 다녀와서 어떻게 됐는지 또 문자 줘!	N	2022-07-06 06:25:22	2022-11-08 04:06:21
BE22006514	17	0	응. 그럴게! 얘기 들어줘서 너무 고마워.	Y	2022-07-06 06:25:22	2022-11-08 04:06:21
