id	utterance_id	utterance_type	utterance_text	terminate	regDate	updDate
BE22009400	1	0	오늘 정말 당황스러운 일이 있었어. 다시 생각해도 황당하네.	N	2022-07-16 13:15:51	2022-11-08 04:24:53
BE22009400	2	1	무슨 일이 있었길래 그래? 오랜만에 하는 연락인데 걱정되게.	N	2022-07-16 13:15:51	2022-11-08 04:24:53
BE22009400	3	0	오늘 출근 시간에 지하철을 타다가 너무 급하게 들어간 나머지 문에 낀 것 있지. 그래서 내 팔이랑 가방이 끼었어. 다행히 빼긴 했지만, 너무 당황스럽더라고.	N	2022-07-16 13:15:51	2022-11-08 04:24:53
BE22009400	4	1	내가 너였어도 당황했을 것 같아. 심지어 출근 시간이어서 사람도 많았을 텐데. 문에 끼인 팔은 좀 괜찮니?	N	2022-07-16 13:15:51	2022-11-08 04:24:53
BE22009400	5	0	걱정해줘서 고마워. 다행히 별문제 없어. 근데 정말 어떻게 해야 할지 순간 머릿속이 하얘지더라고. 그 짧은 찰나의 순간에 별생각이 다 들었다니까.	N	2022-07-16 13:15:51	2022-11-08 04:24:53
BE22009400	6	1	지하철에 팔이 끼여서 네가 얼마나 무섭고, 당황했겠어. 나도 그런 적이 있었는데, 이대로 지하철이 출발할까 봐 정말 걱정되더라고.	N	2022-07-16 13:15:51	2022-11-08 04:24:53
BE22009400	7	0	그리고 사람이 너무 많아서 나한테 시선이 다 주목되더라고. 너도 내가 남의 시선을 의식한다는 걸 알잖아. 그래서 더 신경 쓰이고 민망하지 뭐야.	N	2022-07-16 13:15:51	2022-11-08 04:24:53
BE22009400	8	1	그런 일이 있으면 사람들이 저도 모르게 다 쳐다보게 되나 보더라고. 아마 네가 걱정되어서 쳐다보셨을 거야. 그래도 네가 지하철 안에서 너무 민망했겠다.	N	2022-07-16 13:15:51	2022-11-08 04:24:53
BE22009400	9	0	정말 그랬다니까. 다시 생각해도 얼굴이 화끈거려.	N	2022-07-16 13:15:51	2022-11-08 04:24:53
BE22009400	10	1	그래도 너 팔이 무사하다니 정말 다행이야. 더 안 좋은 상황이 생겼으면 어쩔뻔했어. 이번 경험을 통해서 다음에는 더 조심하면 돼.	N	2022-07-16 13:15:51	2022-11-08 04:24:53
BE22009400	11	0	사람들이 나를 두고두고 비웃으면 어떡하지? 너무 창피하네. 내가 왜 그랬는지 아직도 모르겠어.	N	2022-07-16 13:15:51	2022-11-08 04:24:53
BE22009400	12	1	네가 시간에 늦을까 봐 급하게 뛰느라 그런 거잖아. 그 사람들도 분명 너의 상황을 충분히 이해할 거야. 단순 해프닝으로 생각하고 다들 넘길 거니 너무 마음에 담아두지 마.	N	2022-07-16 13:15:51	2022-11-08 04:24:53
BE22009400	13	0	알겠어. 오늘은 정말 당황스러운 하루였네.	N	2022-07-16 13:15:51	2022-11-08 04:24:53
BE22009400	14	1	네가 그런 일이 있어서 되게 놀랐겠다. 하지만 팔이 괜찮다니 정말 다행이야. 너무 오래 마음에 담아두지 말고 다음에는 조심히 지하철을 탔으면 좋겠어. 건강이 우선이잖아.	N	2022-07-16 13:15:51	2022-11-08 04:24:53
BE22009400	15	0	그렇게 말해줘서 고마워. 어디 말할 데도 없었는데 네 말을 들으니까 좀 낫다. 그냥 단순 해프닝이라고 생각할게.	N	2022-07-16 13:15:51	2022-11-08 04:24:53
BE22009400	16	1	네가 오늘 정말 심장 떨리는 출근 시간이었겠다. 너무 오래 생각하지 말고 긍정적이고 재밌는 생각만 하기야!	Y	2022-07-16 13:15:51	2022-11-08 04:24:53
