id	utterance_id	utterance_type	utterance_text	terminate	regDate	updDate
BE22004855	1	0	나 아르바이트하는 곳에서 사장님이 좀 이상한 요구를 해. 어떻게 해야 할까?	N	2022-06-28 15:44:12	2022-11-08 03:55:37
BE22004855	2	1	무슨 일인데? 요새도 그런 사장님이 있단 말이야?	N	2022-06-28 15:44:12	2022-11-08 03:55:37
BE22004855	3	0	내 말이 그 말이야. 글쎄 장사 안된다고 야간 수당을 못 주겠다는 거 있지?	N	2022-06-28 15:44:12	2022-11-08 03:55:37
BE22004855	4	1	너도 대단하다. 그 말을 듣고 어떻게 참았데? 그건 불법이잖아.	N	2022-06-28 15:44:12	2022-11-08 03:55:37
BE22004855	5	0	그래서 그건 좀 힘들 것 같다고 하니까, 이제 식사를 제해주지 못하겠다는 거 있지?	N	2022-06-28 15:44:12	2022-11-08 03:55:37
BE22004855	6	1	진짜 어이없다. 아르바이트생을 그냥 노예로 생각하는 사람이네. 그래서 어떻게 하기로 했는데?	N	2022-06-28 15:44:12	2022-11-08 03:55:37
BE22004855	7	0	일단은 거부 의사를 밝혔거든? 수당도 제대로 받아야겠다고 말했어.	N	2022-06-28 15:44:12	2022-11-08 03:55:37
BE22004855	8	1	그다음 대답이 다 예상된다. 험한 말을 그냥 쏟아냈겠지? 레퍼토리가 진짜 뻔하다 뻔해.	N	2022-06-28 15:44:12	2022-11-08 03:55:37
BE22004855	9	0	너 직업이 무당이었어? 맞아. 온갖 욕을 그냥 다 들었어. 그 길로 집에 와서 한 시간은 울었지 뭐야.	N	2022-06-28 15:44:12	2022-11-08 03:55:37
BE22004855	10	1	내가 같이 알아봐 줄 테니 고용노동부에 신고하자. 그게 너를 악덕 사장으로부터 지킬 수 있는 방법 같아.	N	2022-06-28 15:44:12	2022-11-08 03:55:37
BE22004855	11	0	나 근데 신고하기에도 좀 무서워. 동네가 좁다 보니 지나가다 마주치면 무슨 일을 당할지 몰라서.	N	2022-06-28 15:44:12	2022-11-08 03:55:37
BE22004855	12	1	그럼 경찰에 바로 신고하면 되니까 너무 걱정하지 마. 그리고 여차하면 동네 친구들 다 불러서 출동할 테니까.	N	2022-06-28 15:44:12	2022-11-08 03:55:37
BE22004855	13	0	그래 주면 정말 고맙지. 그 사장이 덩치 큰 사람한테는 꼼짝을 못 하더라고.	N	2022-06-28 15:44:12	2022-11-08 03:55:37
BE22004855	14	1	운동하는 친구들 둬서 뭐 하냐! 괜찮으니까 같이 악덕 업주 참교육 들어가자.	N	2022-06-28 15:44:12	2022-11-08 03:55:37
BE22004855	15	0	응. 너한테 얘기하니까 그래도 안심이 된다. 내일부터 차근차근 신고할 준비부터 해야겠어.	N	2022-06-28 15:44:12	2022-11-08 03:55:38
BE22004855	16	1	우리가 도와줄게. 오늘은 푹 자고 내일부터 해보자.	N	2022-06-28 15:44:12	2022-11-08 03:55:38
BE22004855	17	0	살다 살다 악덕 업주는 처음 만나봤지만, 이것도 내가 살면서 극복해야 하는 거겠지. 고마워. 꼭 이겨 내볼게!	Y	2022-06-28 15:44:12	2022-11-08 03:55:38
