id	utterance_id	utterance_type	utterance_text	terminate	regDate	updDate
BE22002514	1	0	세상에, 나 계좌 잔고가 텅텅 비었어. 어떡하면 좋지?	N	2022-06-22 03:18:05	2022-11-08 03:40:41
BE22002514	2	1	정말? 이번 달에 유독 소비가 많았나 보구나.	N	2022-06-22 03:18:05	2022-11-08 03:40:41
BE22002514	3	0	응. 이번 달에 뮤지컬을 세 번이나 봤더니, 아르바이트로 번 돈을 다 날렸지 뭐야.	N	2022-06-22 03:18:05	2022-11-08 03:40:41
BE22002514	4	1	정말? 뮤지컬 관람 가격이 무척 비싼 편이긴 하지. 나도 큰맘 먹고 정말 가끔씩만 보러 가거든.	N	2022-06-22 03:18:05	2022-11-08 03:40:41
BE22002514	5	0	맞아. 이번에 정말 좋아하는 배우가 공연을 해서, 나도 모르게 과소비를 해버렸어. 너무 성급하고 충동적인 결정이었어.	N	2022-06-22 03:18:05	2022-11-08 03:40:41
BE22002514	6	1	아냐, 팬으로서 좋아하는 뮤지컬 배우를 눈앞에서 볼 기회를 놓치는 건 아쉬운 일이잖아. 나였어도 마음만큼은 열 번도 더 보고 싶었을걸.	N	2022-06-22 03:18:05	2022-11-08 03:40:41
BE22002514	7	0	물론 그렇기는 한데, 당장 수중에 돈이 없어서 큰일이야. 아직 아르바이트 월급이 들어오기까지 일주일이나 남았어.	N	2022-06-22 03:18:05	2022-11-08 03:40:41
BE22002514	8	1	꽤 많이 남았는걸. 그럼 혹시 부모님께 부탁해서 이번만 도움을 받는 게 어떨까?	N	2022-06-22 03:18:05	2022-11-08 03:40:41
BE22002514	9	0	이번이 처음이 아닌 게 문제야. 저번 달에도 크게 혼나고 겨우 도움을 받았거든. 나는 왜 이렇게 늘 무계획적이고 대책이 없을까. 정말 한심해.	N	2022-06-22 03:18:05	2022-11-08 03:40:41
BE22002514	10	1	그렇게 기죽어 있을 필요 없어. 지금은 정신 바짝 차리고 앞으로 어떻게 해야 할 지 생각하는 게 더 중요한 때야.	N	2022-06-22 03:18:05	2022-11-08 03:40:41
BE22002514	11	0	그 말이 맞아. 역시 부모님께 도움을 구하는 수밖에 없을 텐데, 어떻게 말씀드려야 하지?	N	2022-06-22 03:18:05	2022-11-08 03:40:41
BE22002514	12	1	내 생각에는, 솔직하게 네 상황을 털어놓는 게 최선이야. 대신 앞으로는 같은 실수를 반복하지 않겠다는 확신을 드려야 해.	N	2022-06-22 03:18:05	2022-11-08 03:40:41
BE22002514	13	0	부모님이 나를 믿어 주실까? 나를 여전히 생각 없이 과소비하는 철부지로만 생각하실지도 몰라.	N	2022-06-22 03:18:05	2022-11-08 03:40:42
BE22002514	14	1	그런 소리 마. 너는 약속한 것만큼은 철저하게 지키는 책임감 있는 사람인걸. 너의 진정성 있는 태도를 보여드리면 부모님도 너를 믿어 주실 거야.	N	2022-06-22 03:18:05	2022-11-08 03:40:42
BE22002514	15	0	그 말을 들으니까 용기가 생기네. 알았어, 오늘 밤에 부모님께 여쭤볼게.	Y	2022-06-22 03:18:05	2022-11-08 03:40:42
