id	utterance_id	utterance_type	utterance_text	terminate	regDate	updDate
BE22003731	1	0	아이가 학교 끝나면 집에 오지 않고 PC방에 가는 것 같아 당황스럽다.	N	2022-06-26 01:13:08	2022-11-08 03:48:27
BE22003731	2	1	어떻게 알아. 아들이 PC방에 누구랑 가는데?	N	2022-06-26 01:13:08	2022-11-08 03:48:27
BE22003731	3	0	처음에는 몰랐지. 거짓말을 하고 친구들과 가는 것 같아서 무척 혼란스럽다.	N	2022-06-26 01:13:08	2022-11-08 03:48:27
BE22003731	4	1	그랬구나. 아들이 착했잖아. 얌전한 걸로 기억하는데 얼마나 당황스러웠겠니.	N	2022-06-26 01:13:08	2022-11-08 03:48:27
BE22003731	5	0	며칠간 고민하느라 식사도 제대로 못 해서 기운이 없어. 어떻게 하면 좋아?	N	2022-06-26 01:13:08	2022-11-08 03:48:27
BE22003731	6	1	내 생각에는 아들과 진지하게 대화를 나누는 거야. PC방에 다니지 말고 차라리 집에서 시간을 정해 놓고 하면 어떤가를.	N	2022-06-26 01:13:08	2022-11-08 03:48:27
BE22003731	7	0	일단은 방법을 찾아야 할 것 같아. 거짓말도 문제지만 학교 성적이 떨어지는 것이 더 큰 문제야.	N	2022-06-26 01:13:08	2022-11-08 03:48:27
BE22003731	8	1	그렇겠지. 게임에 빠지면 공부에 집중할 수가 없지. 성적이 떨어지는 것은 뻔한 일이지. 참으로 걱정이 많겠구나.	N	2022-06-26 01:13:08	2022-11-08 03:48:27
BE22003731	9	0	아들이 내 말을 들어야 할 텐데. 요즘은 말을 해도 대답도 잘 안 해. 어떻게 해야 할지 혼란스럽기 짝이 없다.	N	2022-06-26 01:13:08	2022-11-08 03:48:27
BE22003731	10	1	그래, 아이들이 부모 말을 잘 듣지를 않지. 우리 아이도 마찬가지야. 우선은 잘 타이르는 수밖에 없어.	N	2022-06-26 01:13:08	2022-11-08 03:48:27
BE22003731	11	0	학교 선생님과 상담을 해볼까? 아니야. 그러면 아이가 알게 되고 오히려 역효과가 날 거야. 정말 당황스러워.	N	2022-06-26 01:13:08	2022-11-08 03:48:27
BE22003731	12	1	뭐라고 위로의 말을 해야 할지 모르겠다. 얼마나 당황스럽니? 그렇지만 차분히 잘 대처해야 해.	N	2022-06-26 01:13:08	2022-11-08 03:48:27
BE22003731	13	0	아이가 한 번도 그런 적이 없었는데. 거짓말에 오락실까지 다니고. 뭣이 문제인지 알 수가 없어.	N	2022-06-26 01:13:08	2022-11-08 03:48:27
BE22003731	14	1	아무것도 문제가 없어. 너무 심각하게 생각하지 마. 그 나이 때는 다 그래.	N	2022-06-26 01:13:08	2022-11-08 03:48:27
BE22003731	15	0	정말 그럴까. 그렇게 말해주니 좀 안심이 되기는 해. 고마워.	Y	2022-06-26 01:13:08	2022-11-08 03:48:27
