id	utterance_id	utterance_type	utterance_text	terminate	regDate	updDate
BE22004114	1	0	나 이제 회식 끝나고 집에 들어가.	N	2022-06-27 07:55:21	2022-11-08 03:50:53
BE22004114	2	1	많이 늦었네, 지하철 끊기지 않았어?	N	2022-06-27 07:55:21	2022-11-08 03:50:53
BE22004114	3	0	안 그래도 지하철 끊겨서 택시 잡으려 하는데 잡히질 않네, 집에 어떻게 들어가지.	N	2022-06-27 07:55:21	2022-11-08 03:50:53
BE22004114	4	1	내일 출근하려면 얼른 집에 들어가야 될 텐데, 큰일이네. 그렇게 택시가 없어?	N	2022-06-27 07:55:21	2022-11-08 03:50:53
BE22004114	5	0	아니, 택시는 많은데 우리 동네 택시가 없어서 못 잡고 있어. 다 서울 택시밖에 없어. 이럴 줄 알았으면 집이 멀다는 핑계로 회식에서 먼저 나오는 건데, 정말 나 자신이 한심하다.	N	2022-06-27 07:55:21	2022-11-08 03:50:53
BE22004114	6	1	너희 회사 분위기상 회식 자리에서 일찍 나오는 게 쉽지 않은 거 내가 잘 알잖아. 네 잘못 아니니까 너무 자책할 거 없어.	N	2022-06-27 07:55:21	2022-11-08 03:50:53
BE22004114	7	0	그래도 노력했어야 했는데. 집에도 마음대로 못 가고 이게 얼마나 기가 막힌 일이니.	N	2022-06-27 07:55:21	2022-11-08 03:50:53
BE22004114	8	1	나도 지하철 끊겨서 택시 잡아본 기억 많아. 그래서 당황스러운 네 마음 이해해. 그래도 조금만 기다리면 분명 택시가 올 거야.	N	2022-06-27 07:55:21	2022-11-08 03:50:53
BE22004114	9	0	정말 그럴까? 이 근처 찜질방이라도 가야 되나 싶었어. 이런 경험을 해봤어야 말이지.	N	2022-06-27 07:55:21	2022-11-08 03:50:53
BE22004114	10	1	내 경험상 지하철이 끊긴지 얼마 안 돼서 잘 안 잡히는 거야. 너무 불안해할 거 없어.	N	2022-06-27 07:55:21	2022-11-08 03:50:53
BE22004114	11	0	네 말을 들으니 안심이 된다. 조금만 기다리면 택시가 잡힐 거라는 거지?	N	2022-06-27 07:55:21	2022-11-08 03:50:53
BE22004114	12	1	응. 내가 한두 번 경험해 본 게 아니야. 너희 집이나 우리 집이나 서울에서 거리가 그렇게 멀지 않으니까 금방 택시가 잡힐 거야.	N	2022-06-27 07:55:21	2022-11-08 03:50:53
BE22004114	13	0	고마워. 마음을 놓고 조금 더 기다려볼게.	N	2022-06-27 07:55:21	2022-11-08 03:50:53
BE22004114	14	1	응. 그동안 내가 잠들지 않고 너랑 연락할게. 너무 무서워하지 말고 기다려보자.	Y	2022-06-27 07:55:21	2022-11-08 03:50:53
