id	utterance_id	utterance_type	utterance_text	terminate	regDate	updDate
BE22008931	1	0	아, 어떡하지? 나 요즘 데이트 비용에 돈을 너무 많이 써서 생활비가 모자라. 생필품 주문했는데 잔액이 없다고 뜨길래 방금 잔고 확인했는데 깜짝 놀랐어. 이젠 적금 깰 것도 없고 아르바이트 알아 봐야 할 지경까지 온 것 같아.	N	2022-07-14 12:01:41	2022-11-08 04:21:51
BE22008931	2	1	아이고, 생활비가 말 그대로 가장 기본적으로 나가는 돈인데 그게 부족하다니 너무 당황스럽겠다. 잔액 부족, 정말 심장 덜컹하는 단어인데 얼마나 놀랐겠어.	N	2022-07-14 12:01:41	2022-11-08 04:21:51
BE22008931	3	0	응, 데이트 비용에 돈 좀 썼다 생각은 했지만 이 정도일 줄이야. 회사일 외에 추가로 아르바이트 구해서 주말일 해야 할 것 같아. 아 돈을 쓸 줄 모르는 건가 어떻게 생활비가 모자라, 정말 한심해 죽겠어.	N	2022-07-14 12:01:41	2022-11-08 04:21:51
BE22008931	4	1	에고, 이상하게 돈은 정말 주먹 속 모래처럼 새다가 어느새 보면 하나도 없어, 그치! 물가는 말도 안 되게 치솟고 월급은 안 오르고, 정말 월급 빼고 다 오르는 것 같아! 네가 한심한 게 아니라 그런 탓도 있으니 너무 자책하지 마.	N	2022-07-14 12:01:41	2022-11-08 04:21:51
BE22008931	5	0	그렇게 말해줘서 고맙다 친구야. 생활비도 최저비용으로 사는데, 이상하게 모인 돈은 하나도 없고 데이트 밥값 하나 내는 것도 손 떨려. 여자 친구한테 이런 상황 얘기하기도 너무 창피하기도 하고, 돈에 관한 건 뭔가 말하기 어려워서 못 하겠어.	N	2022-07-14 12:01:41	2022-11-08 04:21:51
BE22008931	6	1	맞아, 모든 게 돈으로 움직이는데 이상하게 돈에 대해 얘기하는 건 어렵고 껄끄럽더라. 허리띠 졸라매면서 아꼈는데도 돈이 부족하니 너무 속상하고 억울할 것 같아. 직장인이 생활비가 부족해서 아르바이트를 해야 한다니 너무 말도 안 되는 상황이잖아.	N	2022-07-14 12:01:41	2022-11-08 04:21:51
BE22008931	7	0	응, 진짜 너무 황당하기도 하고 속상하고 그래. 돈이 없으니까 밖에 나가기도 꺼려지고 여자 친구가 만나자고 할까 봐 연락도 피하게 돼. 사실 회사에서 겸업 금지해서 아르바이트도 구하기 정말 힘들거든.	N	2022-07-14 12:01:41	2022-11-08 04:21:51
BE22008931	8	1	에고, 그런 많이 힘든 상황이었구나, 마음고생 정말 많았겠다. 정말 돈이 부족하면 뭘 하든 고민되고 자신감까지 줄어들잖아. 너가 얼마나 힘들었을지 대충 짐작이 가서 나도 마음이 너무 안 좋네.	N	2022-07-14 12:01:41	2022-11-08 04:21:51
BE22008931	9	0	위로해줘서 고맙다. 맞아, 네 말대로 돈이 부족하니까 자신감도 떨어지더라. 친구들을 만나면 얻어먹고 싶다는 생각이 들어서 스스로가 너무 한심해. 어떻게 하면 좋을지 모르겠어.	N	2022-07-14 12:01:41	2022-11-08 04:21:51
BE22008931	10	1	아르바이트도 바로 구할 수 있는 게 아니니까 일단 여자 친구한테 데이트 비용에 대해 얘기하는 시간을 갖는 건 어때? 말하기 어렵겠지만 당장 생활이 어려운데 아르바이트를 만약에 못 구하게 되면 정말 큰일이잖아. 여자 친구도 창피하지만 용기 내서 말한 네 마음 충분히 이해해 줄 거야.	N	2022-07-14 12:01:41	2022-11-08 04:21:51
BE22008931	11	0	맞아, 사실 지금 그거 말곤 방법이 없긴 해. 사실 창피한 것뿐이지 생각해 보니 여자 친구라면 충분히 이해해줄 수 있을 것 같아. 나만 잠깐 창피한 거 참으면 되니까.	N	2022-07-14 12:01:41	2022-11-08 04:21:51
BE22008931	12	1	응, 네 마음이 얼마나 복잡하고 고민이 될지 충분히 알 것 같아. 생활비가 부족하면 쫓기는 느낌이 들 텐데, 그런 걸 네가 느끼다니 내가 다 속상해. 당장은 말하기 조금 힘들겠지만, 말 하고 나면 어쩌면 고민하고 우려했던 것보다 훨씬 괜찮을 수도 있어.	N	2022-07-14 12:01:41	2022-11-08 04:21:51
BE22008931	13	0	맞아 여자 친구와 상의해서 해결될 수도 있는 일인데 내가 너무 혼자 고민한 것 같기도 해. 만나는 게 부담이 되어서 피하면 여자 친구에게도 잘못 하는 거니까 말이야.	N	2022-07-14 12:01:41	2022-11-08 04:21:51
BE22008931	14	1	내 생각도 그래. 얘기도 잘 될 거구 생활도 다시 안정될 테니 너무 걱정하지 마. 돈 쓰는 법이 원래 좀 어렵잖아, 하나씩 경험하면서 조율해보자.	N	2022-07-14 12:01:41	2022-11-08 04:21:51
BE22008931	15	0	그래, 그래야겠어. 아휴 고마워 친구야. 덕분에 마음이 많이 편해졌어!	Y	2022-07-14 12:01:41	2022-11-08 04:21:51
