id	utterance_id	utterance_type	utterance_text	terminate	regDate	updDate
BE22005067	1	0	오늘 갑자기 과장님께서 먼저 퇴근하라고 하셨어. 이거 괜찮은 걸까?	N	2022-06-29 06:45:33	2022-11-08 03:57:00
BE22005067	2	1	그게 뭐가 어때서? 일찍 퇴근하면 정말 좋은 것 아니야?	N	2022-06-29 06:45:33	2022-11-08 03:57:00
BE22005067	3	0	그렇게 생각하는 게 일반적이긴 한데 우리 회사는 아무리 잘해도 정시퇴근이거든. 근데 이렇게 나 먼저 나오니까 나만 특혜받는 것 같아서 당황스러워.	N	2022-06-29 06:45:33	2022-11-08 03:57:00
BE22005067	4	1	신경 쓰이는 게 당연한 거야 너무 깊게 생각하지 마. 내가 너였어도 같은 생각을 했을 거야.	N	2022-06-29 06:45:33	2022-11-08 03:57:00
BE22005067	5	0	원래 밤에 퇴근하다가 오후에 퇴근하니까 이게 맞나? 싶은 생각이 계속 드는 거야.	N	2022-06-29 06:45:33	2022-11-08 03:57:00
BE22005067	6	1	그러게? 나였어도 해가 서쪽에서 떴나? 싶을 정도로 당황할 것 같아. 나도 이런데 너는 얼마나 어안이 벙벙하겠어?	N	2022-06-29 06:45:33	2022-11-08 03:57:00
BE22005067	7	0	정말 우리 과장님이 이러실 분이 아닌데. 내가 잘못 알고 있던 걸까? 뭐가 맞는 걸까.	N	2022-06-29 06:45:33	2022-11-08 03:57:00
BE22005067	8	1	너를 아끼는 마음에 그러셨을 거야. 너무 복잡하게 생각하지 않는 게 좋은 것 같아.	N	2022-06-29 06:45:33	2022-11-08 03:57:00
BE22005067	9	0	이게 어떻게 그래? 나를 아끼셨으면 그냥 정시 퇴근을 하게 두셔야지 갑자기 조기 퇴근을 시켜주신다고? 정말 너무 당황스럽다 이 상황.	N	2022-06-29 06:45:33	2022-11-08 03:57:00
BE22005067	10	1	네가 최근에 야근도 많이 하고 힘들게 일했으니까 휴식을 주신 게 아닐까? 분명 네가 열심히 일하는 걸 알아서 그걸 위로 하는 차원에서 주신 일종의 휴가일 거야. 네가 잘해서 받은 거니까 너무 무안해할 필요 없을 것 같아!	N	2022-06-29 06:45:33	2022-11-08 03:57:00
BE22005067	11	0	아 정말 그런 걸까? 내가 진짜 열심히 일하긴 했거든. 남들 다 퇴근해도 끝까지 남아서 일을 했는데 과장님이 몇 번 보신 적이 있어.	N	2022-06-29 06:45:33	2022-11-08 03:57:00
BE22005067	12	1	너의 성실함과 꾸준함이 여기서 빛을 보는구나! 역시 너의 노력하는 자세가 너에게 상을 준 거야. 멋지다, 정말!	N	2022-06-29 06:45:33	2022-11-08 03:57:00
BE22005067	13	0	와 정말 이게 사실이라면 나 조금 뿌듯해해도 될 것 같아. 우리 팀에서 최초로 조기 퇴근을 한 사람이니까!	N	2022-06-29 06:45:33	2022-11-08 03:57:00
BE22005067	14	1	바로 그거야! 네가 잘못해서 그런 게 아니라 오히려 잘해서 그런 거라고. 남들의 시선도 아마 너를 부러워하는 시선이었을 거야!	N	2022-06-29 06:45:33	2022-11-08 03:57:00
BE22005067	15	0	이렇게 생각하니까 마음이 좀더 편해졌어. 덕분에 오후 시간 재밌게 보낼 것 같아 정말 고마워!	Y	2022-06-29 06:45:33	2022-11-08 03:57:00
