id	utterance_id	utterance_type	utterance_text	terminate	regDate	updDate
BE22003639	1	0	너, 나 다이어트하려고 헬스클럽에서 트레이닝 받는 거 알지?	N	2022-06-25 13:15:49	2022-11-08 03:47:52
BE22003639	2	1	응 알지. 네 덕분에 살 좀 빠졌잖아.	N	2022-06-25 13:15:49	2022-11-08 03:47:52
BE22003639	3	0	맞아, 근데 오늘 실수했어.	N	2022-06-25 13:15:49	2022-11-08 03:47:52
BE22003639	4	1	왜. 무슨 일 있어?	N	2022-06-25 13:15:49	2022-11-08 03:47:52
BE22003639	5	0	트레이너 선생님이 칼로리 높은 음식은 먹지 말라고 했는데 아까 케이크를 먹어버렸어...	N	2022-06-25 13:15:49	2022-11-08 03:47:52
BE22003639	6	1	식단 관리를 해야 하는데 달콤한 걸 먹었구나?	N	2022-06-25 13:15:49	2022-11-08 03:47:52
BE22003639	7	0	응. 그래서 괜히 먹은 것 같고 내가 여태까지 빼온 살이 다시 쪄버릴까봐 걱정도 돼.	N	2022-06-25 13:15:49	2022-11-08 03:47:52
BE22003639	8	1	그 기분 잘 알지. 나도 다이어트 했을 때 칼로리 높은 음식을 먹을 때마다 죄책감 들고 후회되더라.	N	2022-06-25 13:15:49	2022-11-08 03:47:52
BE22003639	9	0	맞아. 지금 딱 내 기분이 그래. 게다가 트레이너 선생님한테 말씀을 안 드리고 몰래 먹은 거라 죄책감은 두 배인 상태야.	N	2022-06-25 13:15:49	2022-11-08 03:47:52
BE22003639	10	1	괜찮을 거야. 네 몸을 위해서 다이어트하는 건데, 스트레스가 네 몸에 제일 안 좋은 거잖아. 이번에 케이크를 먹은 건 스트레스를 풀기 위한 거라고 생각해.	N	2022-06-25 13:15:49	2022-11-08 03:47:52
BE22003639	11	0	그런가? 그래도 트레이너 선생님한테 말씀은 드려야겠지? 혼날까봐 걱정돼.	N	2022-06-25 13:15:49	2022-11-08 03:47:52
BE22003639	12	1	말씀드려도 괜찮을 것 같은데. 네가 평소에 식단 관리를 열심히 해온 걸 선생님께서도 잘 아시니까 이해해주실 거야.	N	2022-06-25 13:15:49	2022-11-08 03:47:52
BE22003639	13	0	그랬으면 좋겠다. 일단 말씀드려봐야겠어.	N	2022-06-25 13:15:49	2022-11-08 03:47:52
BE22003639	14	1	그래. 너는 평소에 의지와 끈기가 강한 아이니까 네가 정한 목표를 끝까지 이룰 수 있을 거야. 지금 케이크를 조금 먹었다고 그걸 이룰 수 없는 건 아니니까 너무 낙담하지 말고.	N	2022-06-25 13:15:49	2022-11-08 03:47:52
BE22003639	15	0	고마워. 네 말을 들으니까 좌절할 필요가 없다는 생각이 든다. 앞으로 식단관리도 운동도 더 열심히 해서 오늘 먹은 것까지 다 빼야겠어!	N	2022-06-25 13:15:49	2022-11-08 03:47:52
BE22003639	16	1	그런 자세 좋아! 좌절하지 말고 앞으로 목표 몸무게까지 달성할 수 있기를 내가 옆에서 응원할게.	Y	2022-06-25 13:15:49	2022-11-08 03:47:52
