id	utterance_id	utterance_type	utterance_text	terminate	regDate	updDate
BE22003065	1	0	공감화자야, 나 여자 친구 때문에 요즘 머리가 아파.	N	2022-06-23 13:26:19	2022-11-08 03:44:12
BE22003065	2	1	왜 그래 무슨 일이야? 또 다툰 거야?	N	2022-06-23 13:26:19	2022-11-08 03:44:12
BE22003065	3	0	아니 다툰 건 아닌데 여자 친구가 전업주부가 꿈이라는 거야, 그래서 좀 당황스러웠어.	N	2022-06-23 13:26:19	2022-11-08 03:44:12
BE22003065	4	1	아, 네가 어느 부분에서 당황했는지 알겠다. 결혼을 했을 때 경제적인 부분에서 걱정되는 거 맞지? 꽤 혼란스럽겠는걸.	N	2022-06-23 13:26:19	2022-11-08 03:44:12
BE22003065	5	0	맞아. 맞벌이보다 벌이도 적고 나 때문에 더 넓은 세상을 보지 못할까봐 두렵기도 해.	N	2022-06-23 13:26:19	2022-11-08 03:44:12
BE22003065	6	1	맞아, 마음이 너무 복잡하겠다. 만약 나도 내 여자 친구와 현실적인 이유로 부딪히면 상당히 심란할 것 같아. 일이 손에 안 잡힐 것 같은데?	N	2022-06-23 13:26:19	2022-11-08 03:44:12
BE22003065	7	0	역시 네가 내 마음을 잘 아는구나. 근데 그 자리에서는 너무 당황해서 나중에 이야기하자고 했어.	N	2022-06-23 13:26:19	2022-11-08 03:44:12
BE22003065	8	1	그래 잘했어. 사랑하는 사람과 정서적으로 충돌할 것 같으면 조금 물러나서 생각해 보는 것도 좋은 방법이지. 그래도 솔직한 마음을 대화로 풀어나가보면 어때?	N	2022-06-23 13:26:19	2022-11-08 03:44:12
BE22003065	9	0	좋은 생각인 것 같다. 결국은 혼자 끙끙 앓지 말고 대화로 해결하라는 거지?	N	2022-06-23 13:26:19	2022-11-08 03:44:12
BE22003065	10	1	응 당연하지. 전업주부에 대한 너의 솔직한 생각을 이야기해봐.	N	2022-06-23 13:26:19	2022-11-08 03:44:12
BE22003065	11	0	그래야겠어. 해결책을 찾은 것 같아서 다행이다.	N	2022-06-23 13:26:19	2022-11-08 03:44:12
BE22003065	12	1	너에게 도움이 될 수 있어서 기쁜걸?	N	2022-06-23 13:26:19	2022-11-08 03:44:12
BE22003065	13	0	역시 네가 내 마음을 잘 아는구나. 요즘 너무 마음이 복잡했는데 덕분에 답답한 마음이 풀렸어!	N	2022-06-23 13:26:19	2022-11-08 03:44:12
BE22003065	14	1	다행이다. 앞으로도 이런 고민이 생기면 언제든 나한테 말해. 내 일처럼 같이 고민해줄게!	N	2022-06-23 13:26:19	2022-11-08 03:44:12
BE22003065	15	0	정말 고마워. 역시 내 친구가 짱이다.	Y	2022-06-23 13:26:19	2022-11-08 03:44:12
