id	utterance_id	utterance_type	utterance_text	terminate	regDate	updDate
BE22002780	1	0	친구야 나 지금 너무 부끄럽고 당황스러워. 나랑 문자 좀 해줘.	N	2022-06-22 17:33:34	2022-11-08 03:42:23
BE22002780	2	1	나 지금 한가해서 문자 가능해. 근데 왜 그래? 무슨 일 있어?	N	2022-06-22 17:33:34	2022-11-08 03:42:23
BE22002780	3	0	응. 나 과제하려고 집 앞 카페 갔거든. 원래 평소에도 자주 오니까 자연스럽게 커피 시키고 자리 잡으려는데 자리가 없는 거야. 이미 커피는 시켰지 자리는 없지, 너무 당황스러워서 얼굴이 빨개지더라.	N	2022-06-22 17:33:34	2022-11-08 03:42:23
BE22002780	4	1	나도 저번에 그런 적 있어서 그 기분 너무 잘 알아. 나도 그때 커피 들고 너무 당황스러워서 한참이나 멍때렸어. 네가 많이 당황스러웠겠다.	N	2022-06-22 17:33:34	2022-11-08 03:42:23
BE22002780	5	0	응. 엄청. 사람들이 막 쳐다보는 거 같고, 당황스럽고 부끄럽더라. 커피라도 안 시켰으면 그냥 나가면 되는 건데, 자리 없어서 서서 커피 기다리는데 정말 식은땀 나.	N	2022-06-22 17:33:34	2022-11-08 03:42:23
BE22002780	6	1	그럴만하지. 사실 사람들은 나한테 별로 신경도 안 쓰는데, 괜히 내가 그 당황스러움에 남들이 쳐다보는 거 같고 그러잖아. 어우, 나도 같은 상황이었던 적이 있어서 너무 잘 아는기분이야. 지금 얘기 듣는 내가 다 당황스러울 정도네.	N	2022-06-22 17:33:34	2022-11-08 03:42:23
BE22002780	7	0	맞아. 지금 진짜 쥐구멍에 숨고 싶어. 커피는 나왔는데 이걸 어쩌면 좋아.	N	2022-06-22 17:33:34	2022-11-08 03:42:23
BE22002780	8	1	2층에도 자리가 없는 거야? 그 카페 2층까지 있잖아.	N	2022-06-22 17:33:34	2022-11-08 03:42:23
BE22002780	9	0	방금 2층 왔는데 자리 하나 있어서 냉큼 앉았어. 어우, 아직까지 얼굴이 뜨겁네.	N	2022-06-22 17:33:34	2022-11-08 03:42:23
BE22002780	10	1	정말 다행이다. 꼼짝없이 다른 카페 갈뻔했네. 커피도 다시 시켜야 하고 돈이 이중으로 들 뻔했어.	N	2022-06-22 17:33:34	2022-11-08 03:42:23
BE22002780	11	0	맞아. 차라리 집에 갈까 고민했다니까. 네 덕분이야 고마워. 내가 맨날 1층에 앉다보니까 당황스러움에 2층이 생각이 안 나더라고.	N	2022-06-22 17:33:34	2022-11-08 03:42:23
BE22002780	12	1	내 조언이 도움이 됐다니 다행이다. 오전부터 당황스러운 상황 겪느라 고생 많았어. 힘들었겠다. 이제 기분 좀 풀고 과제에 집중하자.	N	2022-06-22 17:33:34	2022-11-08 03:42:23
BE22002780	13	0	응. 너랑 문자 하면서 기분은 많이 나아졌어. 아까는 엄청 부끄럽고 당황스러웠는데 자리에 앉아서 그런가, 괜찮아. 한결 마음이 편해.	N	2022-06-22 17:33:34	2022-11-08 03:42:23
BE22002780	14	1	정말 다행이야. 과제 열심히 하고 이따 또 문자 하자.	Y	2022-06-22 17:33:34	2022-11-08 03:42:23
