id	utterance_id	utterance_type	utterance_text	terminate	regDate	updDate
BE22005008	1	0	나 고민이 있는데 연락할 시간 돼?	N	2022-06-29 05:10:30	2022-11-08 03:56:36
BE22005008	2	1	그럼! 무슨 일인데 그래?	N	2022-06-29 05:10:30	2022-11-08 03:56:36
BE22005008	3	0	너는 보통 평소에 연락 안 하고 지내던 사람 결혼식도 가서 축하해줘?	N	2022-06-29 05:10:30	2022-11-08 03:56:36
BE22005008	4	1	나? 어떤 사람이냐에 따라서 다른 것 같은데 왜? 누가 결혼해?	N	2022-06-29 05:10:30	2022-11-08 03:56:36
BE22005008	5	0	응. 나 고등학교 졸업하고 연락도 안 하던 친구였는데 오늘 갑자기 연락이 와서 결혼을 한다네. 모바일로 청첩장을 보냈더라고. 어떻게 해야 할지 혼란스러워.	N	2022-06-29 05:10:30	2022-11-08 03:56:36
BE22005008	6	1	당황스러울 만했겠다. 나도 요즘 청첩장 보내는 친구들이 많은데 갑자기 연락이 오면 조금 당황스럽더라고. 갈지 말지도 고민되고 축의금을 해야 하는 건가 고민되더라.	N	2022-06-29 05:10:30	2022-11-08 03:56:36
BE22005008	7	0	그치? 내가 지금 그래. 졸업하고 어떻게 사는지도 몰랐는데 내가 가는 게 맞나 고민 중이야.	N	2022-06-29 05:10:30	2022-11-08 03:56:36
BE22005008	8	1	그러게. 그래도 결혼한다고 연락한 거 보면 네가 와서 축하해주기를 바라고 있다는 거 아닐까? 물론 갑작스럽게 온 연락이라 당황스럽겠지만 이참에 오랜만에 친구 얼굴 보는 것도 나쁘지 않지.	N	2022-06-29 05:10:30	2022-11-08 03:56:36
BE22005008	9	0	하긴 고등학교 때는 그래도 자주 어울려 놀곤 했던 친구였거든. 대학 입학하면서 자연스럽게 멀어졌는데.	N	2022-06-29 05:10:30	2022-11-08 03:56:36
BE22005008	10	1	그럼 이번 기회에 결혼식 가서 축하도 해주고 오랜만에 얼굴 보는 건 어때? 분명 그 친구도 고마워할 거야.	N	2022-06-29 05:10:30	2022-11-08 03:56:36
BE22005008	11	0	그게 좋으려나? 사실 이 친구가 보고 싶으면서도 청첩장 주려고 연락한 건가 싶어서 서운하기도 했거든.	N	2022-06-29 05:10:30	2022-11-08 03:56:36
BE22005008	12	1	나도 오랜만에 연락이 온 친구가 청첩장을 덜컥 주면 기쁘지만은 않을 것 같아. 그래도 그 친구가 너한테 축하받고 싶은 좋은 마음에 보낸 거라 생각하면 훨씬 좋지 않겠어?	N	2022-06-29 05:10:30	2022-11-08 03:56:36
BE22005008	13	0	맞아. 네 말처럼 오랜만에 내 친구 얼굴도 보고 축하도 해주고 와야겠다. 이참에 이 친구랑 다시 연락도 하면서 잘 지내면 좋을 것 같아.	N	2022-06-29 05:10:30	2022-11-08 03:56:36
BE22005008	14	1	너무 좋은 생각이다! 기분 좋게 잘 다녀와!	N	2022-06-29 05:10:30	2022-11-08 03:56:36
BE22005008	15	0	응! 그럼 나중에 또 연락해!	Y	2022-06-29 05:10:30	2022-11-08 03:56:36
