id	utterance_id	utterance_type	utterance_text	terminate	regDate	updDate
BE22009163	1	0	나 내일까지 과제해야 하는 게 있어서 책 빌리러 도서관에 갔거든? 근데 학생증이 없어서 못 빌렸어.	N	2022-07-15 07:40:27	2022-11-08 04:23:20
BE22009163	2	1	엥? 학생증을 잃어버린 거야?	N	2022-07-15 07:40:27	2022-11-08 04:23:20
BE22009163	3	0	그런가 봐. 어디서 잃어버렸는지 감도 안 오네. 진짜 당황스럽다.	N	2022-07-15 07:40:27	2022-11-08 04:23:20
BE22009163	4	1	나도 너 같은 상황에 놓이면 엄청 당황해서 아무것도 못했을 것 같아. 잘 기억나는 것도 당황한 순간에는 떠오르지 않고 그러잖아. 혹시 언제까지 들고 있었는지는 기억할 수 있겠어?	N	2022-07-15 07:40:27	2022-11-08 04:23:20
BE22009163	5	0	학생증 카드로 오늘 버스 타고 학교 왔으니까 1교시 수업 전까지는 있었는데 그 뒤로는 모르겠어. 나 왜 이렇게 한심할까?	N	2022-07-15 07:40:27	2022-11-08 04:23:20
BE22009163	6	1	물건 잃어버리는 건 누구나 그럴 수 있어. 어제 밤새 발표 준비하느라고 너 제대로 잠도 못 자고 등교하고 발표도 잘 마쳤잖아. 네가 할 일을 하느라 잠깐 잊었던 거니까 너무 자책하지 마.	N	2022-07-15 07:40:27	2022-11-08 04:23:20
BE22009163	7	0	나도 그러고 싶은데, 자꾸 잃어버렸다는 것만 생각이 나.	N	2022-07-15 07:40:27	2022-11-08 04:23:20
BE22009163	8	1	나도 지난번에 잃어버렸는데 누가 우리 과 사무실에 맡겨두고 갔어. 네 것도 금방 찾을 수 있을 거야.	N	2022-07-15 07:40:27	2022-11-08 04:23:20
BE22009163	9	0	그렇게 말해주니 마음이 좀 편해지네. 근데 내일까지 과제 때문에 필요한 책은 어떡하지?	N	2022-07-15 07:40:27	2022-11-08 04:23:20
BE22009163	10	1	책은 내가 저녁에 빌려줄 테니 걱정 마. 스스로 한심하게 느낄 필요는 없어. 괜히 너무 자책하다가 더 중요한 일을 놓칠 수도 있잖아.	N	2022-07-15 07:40:27	2022-11-08 04:23:20
BE22009163	11	0	그래? 고마워. 사실 나 엄청 당황해서 아무것도 못하고 있었어.	N	2022-07-15 07:40:27	2022-11-08 04:23:20
BE22009163	12	1	일단 마음을 차분히 가라앉히려고 해봐. 혹시 학생증 놓아두었을 만한 곳이 떠오를지도 몰라.	N	2022-07-15 07:40:27	2022-11-08 04:23:20
BE22009163	13	0	음, 네가 그렇게 말하니까 좀 안정이 되는 것 같아. 아마 버스 안에 두고 내렸거나, 1교시 강의실, 식당 중 하나일 것 같아.	N	2022-07-15 07:40:27	2022-11-08 04:23:20
BE22009163	14	1	많이 당황해서 기억하기 어려웠을 텐데 잘 기억해냈구나! 잘했어.	N	2022-07-15 07:40:27	2022-11-08 04:23:20
BE22009163	15	0	응 지금 찾으러 가볼게, 고마워!	Y	2022-07-15 07:40:27	2022-11-08 04:23:20
