id	utterance_id	utterance_type	utterance_text	terminate	regDate	updDate
BE22005396	1	0	나는 양치도 하루 세 번 꼬박꼬박 잘하는데 왜 치아 색깔이 누럴까?	N	2022-06-30 08:55:38	2022-11-08 03:59:10
BE22005396	2	1	지난번에 나 미백치료 받았잖아. 그게 설명을 들어보니까 선천적으로 노란 경우도 있고 외부적 원인으로 변색이 된다고 하더라.	N	2022-06-30 08:55:38	2022-11-08 03:59:10
BE22005396	3	0	외부적 요인? 그게 뭔데?	N	2022-06-30 08:55:38	2022-11-08 03:59:10
BE22005396	4	1	현대인들이 좋아하는 콜라, 커피, 차, 흡연 등 여러 가지 이유들로 착색이 돼서 그렇데.	N	2022-06-30 08:55:38	2022-11-08 03:59:10
BE22005396	5	0	그렇구나. 다 내가 좋아하는 것들이네. 그럼 어떻게 해야 하얀 이를 갖일 수 있는 거야?	N	2022-06-30 08:55:38	2022-11-08 03:59:10
BE22005396	6	1	우선 병원을 정해서 상담부터 받아봐. 그러면 치아미백 치료 시술을 받으라고 할 거야.	N	2022-06-30 08:55:38	2022-11-08 03:59:10
BE22005396	7	0	병원 시술 말고는 방법이 없는 거야? 민간요법이라던가 하는.	N	2022-06-30 08:55:38	2022-11-08 03:59:10
BE22005396	8	1	오렌지, 당근을 이용하거나 약국에서 파는 미백제도 효과가 없는 건 아닌데. 이왕이면 병원에서 제대로 받는 게 좋을 것 같아.	N	2022-06-30 08:55:38	2022-11-08 03:59:10
BE22005396	9	0	그럼 이번 주말에 병원 예약하고 상담받아봐야겠다. 그동안 계속 신경쓰여서 진짜 스트레스받았거든.	N	2022-06-30 08:55:38	2022-11-08 03:59:10
BE22005396	10	1	원래 사람들은 잘 몰라도 본인은 아니까 계속 신경쓰였겠네.	N	2022-06-30 08:55:38	2022-11-08 03:59:10
BE22005396	11	0	가끔 말할 때 내 이가 누러니까 사람들이 양치 안 한 줄 알고 오해하는 거 아닌가 싶기도 하고.	N	2022-06-30 08:55:38	2022-11-08 03:59:10
BE22005396	12	1	그렇진 않을 거야. 그래도 그 정도로 신경쓰일 정도면 당연히 관리해야지.	N	2022-06-30 08:55:38	2022-11-08 03:59:10
BE22005396	13	0	병원에서 미백 시술받으면 나도 정말 하애질까? 그럼 맘 놓고 활짝 웃을 수 있겠는데.	N	2022-06-30 08:55:38	2022-11-08 03:59:10
BE22005396	14	1	걱정 마. 완전 하애진다는 아니어도. 어느 정도 만족할 테니.	N	2022-06-30 08:55:38	2022-11-08 03:59:10
BE22005396	15	0	그동안 괜히 고민했잖아. 진작 병원문 두드려 볼 걸 그랬어.	N	2022-06-30 08:55:38	2022-11-08 03:59:10
BE22005396	16	1	지금이라도 하겠다고 맘먹었으니 이젠 고민 끝. 행복 시작이네.	N	2022-06-30 08:55:38	2022-11-08 03:59:10
BE22005396	17	0	응. 정말 기대된다. 하얀 미소 상상만 해도 즐겁다. 하하.	Y	2022-06-30 08:55:38	2022-11-08 03:59:10
