id	utterance_id	utterance_type	utterance_text	terminate	regDate	updDate
BE22007695	1	0	과장님이 자꾸 일을 나한테 미루시는데 어떻게 하면 좋을지 모르겠어.	N	2022-07-11 04:43:02	2022-11-08 04:13:57
BE22007695	2	1	과장이 신입인 네게 업무를 떠넘긴다는 말이야?	N	2022-07-11 04:43:02	2022-11-08 04:13:57
BE22007695	3	0	응. 입사한 지 얼마 되지도 않았는데 이러시니까 원래 이렇게 일을 하는 건가 싶고 당황스럽네.	N	2022-07-11 04:43:02	2022-11-08 04:13:57
BE22007695	4	1	아직 회사에 적응도 못했을 텐데 그런 일이 벌어지니 많이 당황스럽겠다. 그러면 괜히 회사 가기도 싫어질 것 같아.	N	2022-07-11 04:43:02	2022-11-08 04:13:58
BE22007695	5	0	정말 그래. 심지어 신입인 내가 처리하기에는 너무 어렵고 중대한 업무도 맡기시니까 혼란스러워. 나 보고 이런 일을 어떻게 하라는 건지 모르겠어.	N	2022-07-11 04:43:02	2022-11-08 04:13:58
BE22007695	6	1	이런, 자칫하면 실수할까 싶어 너무 두렵겠네. 네 마음이 많이 복잡하겠어.	N	2022-07-11 04:43:02	2022-11-08 04:13:58
BE22007695	7	0	다들 과장님이 나한테 일을 미룬다는 걸 알면서도 모른 척해. 누굴 믿고 의지해야 좋을지도 모르겠고 너무 심란하다.	N	2022-07-11 04:43:02	2022-11-08 04:13:58
BE22007695	8	1	네 상황이면 누구라도 당혹스러울 거야. 믿고 지원한 회사에서 그런 일이 벌어지면 온갖 생각으로 머리가 복잡하겠지. 네가 고민이 많을 것 같아 내가 다 안타깝다.	N	2022-07-11 04:43:02	2022-11-08 04:13:58
BE22007695	9	0	응. 어렵게 합격한 회사인데 이런 일로 그만둘 수도 없고. 이러지도 저러지도 못하겠고 매일 당황스럽기만 해.	N	2022-07-11 04:43:02	2022-11-08 04:13:58
BE22007695	10	1	이해해. 일을 하다 보면 별별 일을 다 겪게 된다고들 하잖아. 아직 신입이라 일이 더 크게 와닿는 걸 수도 있으니 조금 부담을 내려놓는 건 어때?	N	2022-07-11 04:43:02	2022-11-08 04:13:58
BE22007695	11	0	내가 초짜라 이런 감정을 갖는 걸까? 확신이 없어서 이곳이 좋은 회사인지 아닌지 모르겠고 너무 혼란스러워.	N	2022-07-11 04:43:02	2022-11-08 04:13:58
BE22007695	12	1	배워가는 단계에 너무 조급하게 생각할 거 없어. 이런 시기에만 느낄 수 있는 감정도 있다잖아. 모두 성장하는 과정이라고 생각하면 걱정도 덜어질 거야.	N	2022-07-11 04:43:02	2022-11-08 04:13:58
BE22007695	13	0	네 말이 맞아. 이런 걱정도 지금만 할 수 있는 거라고 생각하면 마음이 편해져.	N	2022-07-11 04:43:02	2022-11-08 04:13:58
BE22007695	14	1	그럼. 네 자신을 믿고 중심을 잡고 있으면 하루하루가 편할 거야. 가장 중요한 건 회사를 다니는 네 마음이 가뿐한 일이잖아.	N	2022-07-11 04:43:02	2022-11-08 04:13:58
BE22007695	15	0	그래, 피할 수 없으면 즐기라는 말도 있잖아. 네 말을 들으니까 갑자기 머릿속이 맑아졌어.	N	2022-07-11 04:43:02	2022-11-08 04:13:58
BE22007695	16	1	다행이야. 마음가짐만 달라져도 회사 생활이 한결 수월할 거야.	N	2022-07-11 04:43:02	2022-11-08 04:13:58
BE22007695	17	0	고마워, 네 덕에 나한테 믿음이 생겼어. 다음엔 좋은 소식을 전하러 올게.	Y	2022-07-11 04:43:02	2022-11-08 04:13:58
