id	utterance_id	utterance_type	utterance_text	terminate	regDate	updDate
BE22004711	1	0	야, 나 집 앞 마트 가려고 트레이닝복 입고 나왔는데... 하필 전 남자 친구랑 마주쳤어...	N	2022-06-28 11:22:22	2022-11-08 03:54:43
BE22004711	2	1	헉... 아니, 전 남자 친구 너희 동네 안 살지 않아? 걔가 거기서 왜 나와?	N	2022-06-28 11:22:22	2022-11-08 03:54:43
BE22004711	3	0	그러니까. 우리 동네에 아인슈페너 맛있는 카페 있는데 거기 왔나 봐... 진짜 나 너무 수치스러운 게 걔 옆에 새 여자 친구 있었어...	N	2022-06-28 11:22:22	2022-11-08 03:54:43
BE22004711	4	1	와, 진짜? 너 어떻게 했어? 괜찮아. 뭐 어때 이제 헤어진 사이인데!	N	2022-06-28 11:22:22	2022-11-08 03:54:43
BE22004711	5	0	아니, 난 무시하고 갈 길 가려고 했는데. 걔가 먼저 나 발견해가지고 인사하더라... 아, 진짜 하필 옷도 거지같이 입고 나왔는데.	N	2022-06-28 11:22:22	2022-11-08 03:54:43
BE22004711	6	1	아니, 걔는 왜 굳이 인사를 하고 난리래? 자기도 새 여자 친구랑 있는 거면 그냥 지나가지. 걔 좀 이상한데?	N	2022-06-28 11:22:22	2022-11-08 03:54:43
BE22004711	7	0	그러니까. 차라리 모른 척하고 지나갔으면 아무렇지도 않은데. 나 거기서 걔 여자 친구랑 인사까지 했잖아. 진심 쥐구멍에 숨고 싶더라...	N	2022-06-28 11:22:22	2022-11-08 03:54:43
BE22004711	8	1	야, 괜찮아. 신경 안 써도 돼! 이미 헤어진 사람인데, 그리고 네가 찼잖아. 그럼 이긴 거야.	N	2022-06-28 11:22:22	2022-11-08 03:54:43
BE22004711	9	0	그것도 맞긴 하는데. 오히려 내가 차서 더 그런 기분 알아? 내가 찼으니까 더 당당한 모습이고 싶었어...	N	2022-06-28 11:22:22	2022-11-08 03:54:43
BE22004711	10	1	아, 무슨 느낌인지 알지. 전 남자 친구 기억에 당당하고 다신 못 만날 것 같은 이미지로 남고 싶은 거...	N	2022-06-28 11:22:22	2022-11-08 03:54:43
BE22004711	11	0	맞아, 그런 느낌! 마주쳐도 좀 꾸미고 당당하게 마주치고 싶었는데. 이게 뭐냐...	N	2022-06-28 11:22:22	2022-11-08 03:54:43
BE22004711	12	1	야야, 괜찮아. 걔 신경도 안 쓸 거야. 원래도 좀 무신경한 성격이었잖아. 그러니까 그 상황에 너한테 인사까지 했지.	N	2022-06-28 11:22:22	2022-11-08 03:54:43
BE22004711	13	0	그렇지? 금방 잊어버리겠지? 아, 하필 오늘 마주쳐서... 나도 기억에서 지워야겠어...	N	2022-06-28 11:22:22	2022-11-08 03:54:43
BE22004711	14	1	그래. 헤어진 사람한테 잘 보이면 뭐 해! 그런 생각으로 그냥 네 갈 길 가! 내가 보기에 꾸미든 안 꾸미든 상관없이 네가 훨씬 더 멋지고 아까우니까 걱정 말어.	N	2022-06-28 11:22:22	2022-11-08 03:54:43
BE22004711	15	0	친구야... 그렇게 말해줘서 고마워. 아까 너무 부끄러워서 마트에 뭐 사러 갔는지도 잊어버렸었는데 네 말 들으니까 너무 힐링된다.	N	2022-06-28 11:22:22	2022-11-08 03:54:43
BE22004711	16	1	야, 진짜 별일 아니야. 너도 그냥 신경 쓰지 말고 너 할 일 하면 돼.	Y	2022-06-28 11:22:22	2022-11-08 03:54:43
