id	utterance_id	utterance_type	utterance_text	terminate	regDate	updDate
BE22009095	1	0	이직하게 돼서 자취를 시작하게 됐는데 집에 아무것도 없어서 당황스럽네.	N	2022-07-15 06:31:51	2022-11-08 04:22:53
BE22009095	2	1	보통 원룸에 가구나 가전제품들 있지 않아? 아무것도 없으면 너무 당황스럽겠다.	N	2022-07-15 06:31:51	2022-11-08 04:22:53
BE22009095	3	0	응 자금 형편에 맞추다 보니 어쩔 수 없이 여기랑 계약했는데, 냉장고나 가스레인지도 없어.	N	2022-07-15 06:31:51	2022-11-08 04:22:53
BE22009095	4	1	진짜 아무것도 없나 보네. 하나부터 열까지 다 준비해야 하겠다. 처음부터 하려면 되게 혼란스러울 텐데 걱정되겠다.	N	2022-07-15 06:31:51	2022-11-08 04:22:53
BE22009095	5	0	맞아 어디부터 준비해야 할지 모르겠어. 자취는 처음이니 그런지 좀 당황스럽긴 하다.	N	2022-07-15 06:31:51	2022-11-08 04:22:53
BE22009095	6	1	독립할 생각에 기분이 들떴을 텐데 준비할 게 너무 많아서 당황스럽겠다.	N	2022-07-15 06:31:51	2022-11-08 04:22:53
BE22009095	7	0	그러게, 이직은 별로 안 내켰는데 자취할 생각에 냉큼 옮긴 거였거든. 근데 자취하는 게 생각보다 만만치 않아.	N	2022-07-15 06:31:51	2022-11-08 04:22:53
BE22009095	8	1	수건 한 장부터 하나하나 다 신경 써서 준비해야 하니까 엄청 힘들지. 생각보다 살 게 많다고 들었어.	N	2022-07-15 06:31:51	2022-11-08 04:22:53
BE22009095	9	0	그렇겠다 게다가 여기는 아무것도 없는 방이라 가구나 가전까지 내가 다 해야겠다. 뭐부터 사야 할지 모르겠네. 머리가 혼란스러워.	N	2022-07-15 06:31:51	2022-11-08 04:22:53
BE22009095	10	1	나도 자취를 안 해봐서 조언을 해줄 수가 없네. 너무 막막해하지 마, 그래도 하나씩 준비하다 보면 되겠지. 차분히 마음을 가라앉혀 봐, 넌 금방 끝낼 수 있을 거야.	N	2022-07-15 06:31:51	2022-11-08 04:22:53
BE22009095	11	0	응 비싼 건 그냥 중고로 구매하고 생필품은 마트에서 준비해야겠지? 그래도 너랑 얘기하니까 뭔가 준비가 잘 될 것 같아.	N	2022-07-15 06:31:51	2022-11-08 04:22:53
BE22009095	12	1	현실적인 조언은 못 해주지만 그래도 용기는 많이 심어줬나 보다.	N	2022-07-15 06:31:51	2022-11-08 04:22:53
BE22009095	13	0	응 네가 계속 다독여주니까 뭔가 기운이 나기 시작했어.	N	2022-07-15 06:31:51	2022-11-08 04:22:53
BE22009095	14	1	그래 넌 꼼꼼하게 잘 해낼 거 같아. 차근차근 준비해서 재밌는 자취 생활 시작하면 될듯해.	N	2022-07-15 06:31:51	2022-11-08 04:22:53
BE22009095	15	0	그래, 고마워. 나중에 준비 끝나면 꼭 초대할게.	Y	2022-07-15 06:31:51	2022-11-08 04:22:53
