id	utterance_id	utterance_type	utterance_text	terminate	regDate	updDate
BE22003915	1	0	아니 나랑 내 남편은 식당만 가면 메뉴 고르는 데 엄청 오래 걸려.	N	2022-06-26 14:57:16	2022-11-08 03:49:37
BE22003915	2	1	정말? 먹고 싶은 메뉴가 있어서 외식하러 가는 게 아니야?	N	2022-06-26 14:57:16	2022-11-08 03:49:37
BE22003915	3	0	메뉴보다는 분위기를 더 중요하게 생각하고 식당을 골라서 그런가? 항상 가서 한참 후에 고르니까 직원분들한테 미안하면서 이런 상황이 좀 당황스러워.	N	2022-06-26 14:57:16	2022-11-08 03:49:37
BE22003915	4	1	그러게. 일반적이라면 전혀 미안함을 느낄 상황이 아닌데. 거기 있는 게 엄청 불편하고 당황스러울 만하네.	N	2022-06-26 14:57:16	2022-11-08 03:49:38
BE22003915	5	0	그치, 그래서 저번에는 결국 그냥 나와버렸어. 밖에 기다리시는 분들은 많은데 우리가 결국 못 골랐거든. 밥 먹으러 갔다가 결국 못 먹어서 나도 남편도 엄청 당황했었어.	N	2022-06-26 14:57:16	2022-11-08 03:49:38
BE22003915	6	1	결국 미안한 마음 때문에 일찍 나와버렸구나. 나였어도 진짜 속상하고 당황스러웠을 것 같아.	N	2022-06-26 14:57:16	2022-11-08 03:49:38
BE22003915	7	0	그래서 요즘은 식당에 가도 남편이랑은 잘 안 가게 되는 것 같아.	N	2022-06-26 14:57:16	2022-11-08 03:49:38
BE22003915	8	1	아이고 속상하네. 흠 그러면 먹고 싶은 음식을 먼저 생각하고 식당을 골라보는 건 어때?	N	2022-06-26 14:57:16	2022-11-08 03:49:38
BE22003915	9	0	근데 엄청 먹고 싶은 음식이 있어서 식당을 가는 게 아니라서 그렇게 고르는 게 힘들어.	N	2022-06-26 14:57:16	2022-11-08 03:49:38
BE22003915	10	1	아 분위기가 중요하다고 했지. 그러면 식당을 인터넷에 검색한 다음에, 가장 많은 사람들이 추천하는 음식을 먹어보는 건 어때?	N	2022-06-26 14:57:16	2022-11-08 03:49:38
BE22003915	11	0	아 그러게? 그렇게 음식을 정해볼 생각은 못했어.	N	2022-06-26 14:57:16	2022-11-08 03:49:38
BE22003915	12	1	오 정말? 나는 식당에 갈 때마다 미리 다 검색해보는데. 그러고 가면 엄청 빨리 고를 수 있어.	N	2022-06-26 14:57:16	2022-11-08 03:49:38
BE22003915	13	0	그거 정말 좋은 생각이다! 메뉴를 진짜 빨리 정할 수 있겠는걸?	N	2022-06-26 14:57:16	2022-11-08 03:49:38
BE22003915	14	1	그치! 앞으로는 꼭 그렇게 해보고 남편이랑 자주 좋은 식당에 갈 수 있으면 좋겠다!	N	2022-06-26 14:57:16	2022-11-08 03:49:38
BE22003915	15	0	응 꼭 그렇게 해볼게. 알려줘서 고마워!	Y	2022-06-26 14:57:16	2022-11-08 03:49:38
