id	utterance_id	utterance_type	utterance_text	terminate	regDate	updDate
BE22003037	1	0	공감화자야, 너도 소식 들었어? 나 직장 상사 험담하면서 이직 고민한 글 퍼진 거?	N	2022-06-23 11:44:31	2022-11-08 03:44:01
BE22003037	2	1	나 그거 직접 읽었지. 이야, 그 글 실시간 화제 랭킹에 올라가서 난리가 났던데? 너 진짜 유명인 됐어.	N	2022-06-23 11:44:31	2022-11-08 03:44:01
BE22003037	3	0	아, 진짜 미치겠네. 그게 왜 퍼졌지? 나 너무 당황스러워서 오늘 결근할 뻔했다고.	N	2022-06-23 11:44:31	2022-11-08 03:44:01
BE22003037	4	1	회사에서는 무슨 반응이 없는 거야? 회사 특정이 안 되어 있긴 한데 상사 험담이 너무 적나라했잖아. 너 괜찮아?	N	2022-06-23 11:44:31	2022-11-08 03:44:01
BE22003037	5	0	알려지는 건 시간문제인 거 같은데 아직은 괜찮은 거 같아. 내가 왜 그랬을까. 창피해서 얼굴을 못 들고 다니겠어.	N	2022-06-23 11:44:31	2022-11-08 03:44:01
BE22003037	6	1	사실 네가 지금 부끄러워하는 건 이해는 해. 하지만 네 글에서 직장상사 욕하는 게 너무 재미있어서 다들 자기 일처럼 생각했을 거야. 그러니까 퍼진 거지.	N	2022-06-23 11:44:31	2022-11-08 03:44:01
BE22003037	7	0	하, 그거 우리 부장님이 봤다가는 나 회사 잘릴 수도 있단 말이야. 진짜 어떡하지?	N	2022-06-23 11:44:31	2022-11-08 03:44:01
BE22003037	8	1	추궁이 들어오면 나는 그런 글 전혀 모른다고 모르쇠로 버텨. 그럼 너네 부장이라고 어떻게 하겠어, 안 그래?	N	2022-06-23 11:44:31	2022-11-08 03:44:01
BE22003037	9	0	그러면 될까? 나 계속 당황스러워서 식은땀이 나. 이 시간에도 글이 다른 사이트에 퍼지고 있어.	N	2022-06-23 11:44:31	2022-11-08 03:44:01
BE22003037	10	1	이럴 때일수록 침착해야 해. 누구나 회사 일에 대한 고민 글 인터넷에 올릴 수 있잖아. 죄를 지은 것도 아니니까 태연하게 행동해.	N	2022-06-23 11:44:31	2022-11-08 03:44:01
BE22003037	11	0	지금 누가 나를 찾기만 해도 얼굴이 빨개지고 있어.	N	2022-06-23 11:44:31	2022-11-08 03:44:01
BE22003037	12	1	감정화자야, 솔직히 네 글 정말 잘 썼어. 직장인의 희노애락이 담긴 글이라 사람들이 다 퍼 나른 거라고. 스스로를 자랑스럽게 생각해야지, 그런 글 아무나 쓰니?	N	2022-06-23 11:44:31	2022-11-08 03:44:01
BE22003037	13	0	그런가? 잘 써서 퍼진 거라고 생각해?	N	2022-06-23 11:44:31	2022-11-08 03:44:01
BE22003037	14	1	이렇게 퍼지는 게 네가 의도했던 게 아니라서 네가 충분히 당황스러울 수 있어. 하지만 네 글은 많은 사람들의 공감을 받을 만해서 퍼진 거라는 걸 기억해. 마음을 조금만 고쳐먹고 당당해지는 게 어떨까?	N	2022-06-23 11:44:31	2022-11-08 03:44:01
BE22003037	15	0	네 말을 들으니 좀 진정이 된다. 뜻밖의 재능을 깨달은 기분이야.	N	2022-06-23 11:44:31	2022-11-08 03:44:01
BE22003037	16	1	그래, 그렇게 생각하고 어깨 펴. 네가 부끄러워할 일은 하나도 없어. 솔직하게 적은 네 글이 사람들의 공감을 받았고 그건 좋은 일이야. 알겠니?	N	2022-06-23 11:44:31	2022-11-08 03:44:01
BE22003037	17	0	그래, 알았어. 공감화자야, 좋게 해석해줘서 고맙다. 나 마음을 잘 다잡아볼게.	N	2022-06-23 11:44:31	2022-11-08 03:44:01
BE22003037	18	1	그래, 힘내라. 글 잘 읽었어. 또 연락하자!	Y	2022-06-23 11:44:31	2022-11-08 03:44:01
