id	utterance_id	utterance_type	utterance_text	terminate	regDate	updDate
BE22002917	1	0	지난주에 백화점에서 선글라스를 새로 샀는데 잘못 산 거 같아.	N	2022-06-23 06:21:02	2022-11-08 03:43:15
BE22002917	2	1	무슨 일인데? 선글라스에 문제가 있는 거야?	N	2022-06-23 06:21:02	2022-11-08 03:43:15
BE22002917	3	0	아니, 그건 아닌데. 남자 친구가 너무 예쁘다고 하고 판매하시는 분도 나한테 잘 어울린다고 해서 샀어. 그런데 이번 주 모임에 쓰고 나갔더니 한 친구가 나한테 하나도 안 어울린데.	N	2022-06-23 06:21:02	2022-11-08 03:43:15
BE22002917	4	1	혹시 모임에 가서 선글라스 끼고 찍은 사진 있어? 있으면 보여주라.	N	2022-06-23 06:21:02	2022-11-08 03:43:15
BE22002917	5	0	여기 이번 모임에서 찍은 사진이야. 공감화자가 보기에도 안 어울리니? 그 친구가 말한 거처럼 이상해?	N	2022-06-23 06:21:02	2022-11-08 03:43:15
BE22002917	6	1	공감화자야, 너무 잘 어울리는데? 예쁘고 감정화자 이미지에 어울려 단아한걸?	N	2022-06-23 06:21:02	2022-11-08 03:43:15
BE22002917	7	0	그래? 그런데 그 친구는 왜 그렇게 말한 걸까? 괜히 기분이 상하네.	N	2022-06-23 06:21:02	2022-11-08 03:43:15
BE22002917	8	1	그 친구 취향이 아니였나봐. 그런데 감정화자한테 딱 맞는 스타일이야, 공감화자가 보기에도 예쁘고 잘 어울려 감각 있어 보여. 그리고 감정화자 남자 친구도 예쁘다고 했잖아.	N	2022-06-23 06:21:02	2022-11-08 03:43:15
BE22002917	9	0	그렇긴 해. 그 친구 말고 다른 친구들은 잘 샀다고, 어디서 샀느냐고 물어보더라구.	N	2022-06-23 06:21:02	2022-11-08 03:43:15
BE22002917	10	1	그래, 감정화자가 원래 패션에 관해서 안목이 있잖아. 감정화자 생각에는 어때? 예쁘지 않아?	N	2022-06-23 06:21:02	2022-11-08 03:43:15
BE22002917	11	0	잘 어울리고 이미지 잘 맞는 것 같아.	N	2022-06-23 06:21:02	2022-11-08 03:43:15
BE22002917	12	1	감정화자야, 네가 생각하는 게 제일 중요한 거 같아. 물론 공감화자가 보기에도 잘 어울리고 예쁜데 감정화자가 맘에 들었으면 그 자체로 좋은 거 같아.	N	2022-06-23 06:21:02	2022-11-08 03:43:15
BE22002917	13	0	맞아. 감정화자가 보기에도 잘 어울리고 예뻐. 공감화자의 말을 듣고 보니 더 그런 것 같아. 감정화자 마음에 들었으니 그걸로 만족해.	N	2022-06-23 06:21:02	2022-11-08 03:43:15
BE22002917	14	1	그래그래, 다음번에 우리 감정화자가 새로 산 선글라스를 끼고 놀러 가자.감정화자가 패션 감각이 있으니까 공감화자 선글라스도 하나 골라주라.	N	2022-06-23 06:21:02	2022-11-08 03:43:15
BE22002917	15	0	그러자. 공감화자랑 대화하고 나니까 선글라스 잘 샀다는 생각이 들어. 고마워.	Y	2022-06-23 06:21:02	2022-11-08 03:43:15
