id	utterance_id	utterance_type	utterance_text	terminate	regDate	updDate
BE22007150	1	0	나 어쩌면 좋아. 기차가 연착해서 면접 시간에 늦고 말았어.	N	2022-07-08 07:13:01	2022-11-08 04:10:31
BE22007150	2	1	뭐? 아이고 어쩌다가 그런 안타까운 상황이 벌어졌데. 네가 많이 당황스럽겠다.	N	2022-07-08 07:13:01	2022-11-08 04:10:31
BE22007150	3	0	응. 시간 딱 맞춰 나온 건데 어쩌면 좋아. 오늘 보는 면접 최종 면접이었거든. 나 어떡해.	N	2022-07-08 07:13:01	2022-11-08 04:10:31
BE22007150	4	1	정말? 중요한 면접 앞두고 그런 상황이 벌어져서 어떡해. 그래도 일단 침착하게 생각해보자. 일단 면접 보는 회사에 말씀은 드렸어?	N	2022-07-08 07:13:01	2022-11-08 04:10:31
BE22007150	5	0	아니. 너무 정신이 없어서 지금 아무 것도 못 했어. 그냥 망했다는 생각밖에 안 들고 너무 당황스러워.	N	2022-07-08 07:13:01	2022-11-08 04:10:31
BE22007150	6	1	그래. 네 마음 충분히 이해해. 중요한 일을 앞두고 예기치 못한 일이 벌어졌으니 당황할 만하지. 나라도 그랬을 거야. 그래도 일단 사정을 먼저 말씀드려 보는 게 어때?	N	2022-07-08 07:13:01	2022-11-08 04:10:31
BE22007150	7	0	그게 낫겠지? 그런데 연착된 상황을 여기서 이해해줄까? 지원자들이 그래도 꽤 있는데 내 편의를 맞춰줄지 모르겠어. 그냥 떨어지면 어떡하지?	N	2022-07-08 07:13:01	2022-11-08 04:10:31
BE22007150	8	1	지금 많이 혼란스럽고 힘들어 보이네. 그럴 때 일수록 더 침착하게 대응해보자! 기차가 연착된 사정을 말씀드리고 양해를 구하면 이해해 주실 거야!	N	2022-07-08 07:13:01	2022-11-08 04:10:31
BE22007150	9	0	응. 왜 나한테 이런 일이 벌어졌는지 모르겠어. 하필 이런 중요한 날에 말이야. 지금 당황해서 심장이 너무 빨리 뛰고 있어.	N	2022-07-08 07:13:01	2022-11-08 04:10:31
BE22007150	10	1	그러게, 네 마음이 많이 힘들고 어려울 것 같아. 그래도 회사에 사정을 이야기하고 양해를 구하면 분명 면접 기회 주실 거야! 그러니까 너무 당황하지 말고 차분하게 잘 해결해 나가 보자!	N	2022-07-08 07:13:01	2022-11-08 04:10:31
BE22007150	11	0	응. 네 말처럼 일단 회사에 먼저 연락해서 양해를 구해야겠다. 이런 일이 처음이라 진짜 놀랐어.	N	2022-07-08 07:13:01	2022-11-08 04:10:31
BE22007150	12	1	그니까. 그래도 힘든 시간이 지나가면 좋은 일이 생긴다잖아! 분명히 면접도 보고 합격도 할 거야! 내가 응원할게!	N	2022-07-08 07:13:01	2022-11-08 04:10:31
BE22007150	13	0	고마워. 그래도 너랑 연락하니까 마음이 조금 놓이네. 그럼 나는 회사에 연락해볼게.	N	2022-07-08 07:13:01	2022-11-08 04:10:31
BE22007150	14	1	그래! 또 무슨 일 있으면 연락해!	Y	2022-07-08 07:13:01	2022-11-08 04:10:32
