id	utterance_id	utterance_type	utterance_text	terminate	regDate	updDate
BE22001966	1	0	친구야. 혹시 지금 어디야?	N	2022-06-17 14:31:02	2022-11-08 03:37:07
BE22001966	2	1	나? 지금 약속 장소 거의 다 도착했어.	N	2022-06-17 14:31:02	2022-11-08 03:37:07
BE22001966	3	0	일찍 도착하겠네. 어쩌지, 내가 빗소리를 듣다가 그만 깜빡 잠이 들어서 이제 일어났어. 어떡해 너무 미안해.	N	2022-06-17 14:31:02	2022-11-08 03:37:07
BE22001966	4	1	아이고 어쩐지 연락이 없더라니, 아니야 괜찮아. 빗소리 듣다보면 그렇게 잠들 수 있지. 그나저나 일어나서 많이 당황스러웠겠네.	N	2022-06-17 14:31:02	2022-11-08 03:37:07
BE22001966	5	0	응. 일어나서 시간을 보자마자 너무 당황스러워서 멍때릴 뻔했어. 빗소리가 너무 좋아서 잠깐 듣는다는 게 그만 잠들어버렸네. 바보같이. 한심해 정말.	N	2022-06-17 14:31:02	2022-11-08 03:37:07
BE22001966	6	1	아니야. 뭘 그렇게 자책하고 그래. 그럴 수도 있지. 감정화자, 네가 원래 빗소리 좋아하잖아. 충분히 이해해.	N	2022-06-17 14:31:02	2022-11-08 03:37:07
BE22001966	7	0	그렇게 말해주니까 너무 고맙기는 한데, 내가 미안해서 그러지. 정말 이런 상황이 처음이라 어쩔 줄 모르겠네. 약속 시간 늦어서 정말 미안.	N	2022-06-17 14:31:02	2022-11-08 03:37:07
BE22001966	8	1	괜찮대도. 어차피 읽고 싶은 책이 있어서 근처 카페에 가서 읽으려고 내가 더 일찍 나온것도 있는데 뭐, 지금 준비해서 나오면 그렇게 늦을 거 같지도 않은걸? 너무 당황하지 말고 천천히 준비해서 나와. 카페에서 책 읽고 있을게. 신경 쓰지 마.	N	2022-06-17 14:31:02	2022-11-08 03:37:07
BE22001966	9	0	응. 진짜 너무 고마워. 앞으로는 빗소리가 좋아도 가만히 듣고만 있으면 안 되겠다. 이렇게 바보같이 잠들 줄이야.	N	2022-06-17 14:31:02	2022-11-08 03:37:07
BE22001966	10	1	나도 가끔 빗소리 동영상 공유 서비스 틀어놓고 자기도 하고 그러는데 뭐. 빗소리가 자장가처럼 들리기는 해. 아무튼 나는 조금 기다려도 괜찮아.	N	2022-06-17 14:31:02	2022-11-08 03:37:07
BE22001966	11	0	응. 미안해. 내가 씻고 얼른 갈게. 미안하니까 오늘 우리 먹기로 한 맛집 거기 있잖아 거기는 내가 쏠게!	N	2022-06-17 14:31:02	2022-11-08 03:37:07
BE22001966	12	1	오 정말? 그럼 나야 너무 좋지. 대신 나 엄청 많이 먹을 거니까 긴장해야 한다?	N	2022-06-17 14:31:02	2022-11-08 03:37:07
BE22001966	13	0	응. 마음껏 먹어도 돼! 오늘만큼은 내 지갑을 활짝 열어주겠어.	N	2022-06-17 14:31:02	2022-11-08 03:37:07
BE22001966	14	1	하하, 네 미안한 감정 충분히 알겠어. 얼른 씻고 나오기나 해. 올 때 우산 꼭 챙기고,.	N	2022-06-17 14:31:02	2022-11-08 03:37:07
BE22001966	15	0	응. 알았어 금방 갈게. 조금만 기다려.	Y	2022-06-17 14:31:02	2022-11-08 03:37:07
