id	utterance_id	utterance_type	utterance_text	terminate	regDate	updDate
BE22009145	1	0	나는 개발이 적성에 맞지 않나 봐. 회사에서 맨날 사고만 치는 중이야.	N	2022-07-15 07:28:03	2022-11-08 04:23:13
BE22009145	2	1	회사에서 하는 일이 잘 안 풀려서 무척 속상한가 보다. 오늘 무슨 일이 있었어?	N	2022-07-15 07:28:03	2022-11-08 04:23:13
BE22009145	3	0	내가 짠 코드에서 계속 버그가 해결되지 않아서 전산 프로그램이 다운돼 엄청나게 당황했어.	N	2022-07-15 07:28:03	2022-11-08 04:23:13
BE22009145	4	1	네가 다른 사람에게 피해를 준다는 생각이 들어서 많이 당황했나 보네. 나라도 우왕좌왕하고 마음이 심란했을 거야.	N	2022-07-15 07:28:03	2022-11-08 04:23:13
BE22009145	5	0	응, 아주 궁지에 몰려서 내 입장이 아주 말도 아니었어. 내가 회사에서 가장 일을 못하는 것 같아.	N	2022-07-15 07:28:03	2022-11-08 04:23:13
BE22009145	6	1	회사에서 일하다 보면 누구나 그런 마음이 들 때가 있어. 그렇지만 네가 그런 열등감을 가질 필요는 전혀 없어.	N	2022-07-15 07:28:03	2022-11-08 04:23:13
BE22009145	7	0	그 일 이후로 자신감도 없어지고 남들이 짠 코드와 내 코드를 비교하면 초라해 보이기도 해.	N	2022-07-15 07:28:03	2022-11-08 04:23:13
BE22009145	8	1	그 일로 인한 충격이 많이 컸나 보다. 열등감만 느끼기보다는 나보다 잘하는 사람을 보고 배울 기회라고 긍정적으로 생각해보면 어떨까?	N	2022-07-15 07:28:03	2022-11-08 04:23:13
BE22009145	9	0	이번에 사실 다른 분들이 문제 해결할 수 있게 많이 도와줬거든. 그걸 보고 많이 배우긴 한 것 같아.	N	2022-07-15 07:28:03	2022-11-08 04:23:13
BE22009145	10	1	그렇지. 내가 제일 잘한다는 오만한 마음보다는 못한다는 생각이 들 때 많은 걸 배울 수 있어.	N	2022-07-15 07:28:03	2022-11-08 04:23:13
BE22009145	11	0	네 말이 맞아. 나도 점점 잘 할 수 있겠지?	N	2022-07-15 07:28:03	2022-11-08 04:23:13
BE22009145	12	1	당연하지. 처음부터 잘하는 사람은 없잖아. 누구나 너처럼 배움의 과정을 거치는 거야.	N	2022-07-15 07:28:03	2022-11-08 04:23:13
BE22009145	13	0	고마워. 네 말을 들으니까 열등감만 느끼던 내가 부끄러워지네.	N	2022-07-15 07:28:03	2022-11-08 04:23:13
BE22009145	14	1	네가 남들보다 더 겸손해서 그런 거야. 문제를 해결하려는 책임감도 강해서 그렇고.	N	2022-07-15 07:28:03	2022-11-08 04:23:13
BE22009145	15	0	그렇게 말해줘서 고마워. 다시 힘내서 일 잘 해볼게.	Y	2022-07-15 07:28:03	2022-11-08 04:23:13
