id	utterance_id	utterance_type	utterance_text	terminate	regDate	updDate
BE22008929	1	0	아, 오랜만에 외식하러 나왔는데 너무 싫다. 애가 막 식당에서 뛰어다니네.	N	2022-07-14 11:59:28	2022-11-08 04:21:50
BE22008929	2	1	간만에 밖에서 밥 먹는데 소란스러워서 짜증나겠다. 그 애 부모는 뭐하고 있대?	N	2022-07-14 11:59:28	2022-11-08 04:21:50
BE22008929	3	0	부모는 아이 제지하느라 바쁘지. 나는 애들이 막 뛰어다니고 그러면 어떻게 해야 할지 모르겠어. 머리도 아프고 당황스럽다.	N	2022-07-14 11:59:28	2022-11-08 04:21:50
BE22008929	4	1	그렇지, 아무래도 아이들이 공공장소에서 소란스럽게 굴면 당황스럽지. 네가 머리 아프고 정신없다고 하니까 나도 마음이 안 좋네.	N	2022-07-14 11:59:28	2022-11-08 04:21:50
BE22008929	5	0	애들은 도대체 왜 이렇게 뛰어다닐까? 저러다가 그릇이라도 깨면 어떡해? 밥이 입으로 들어가는지 코로 들어가는지 모르겠네.	N	2022-07-14 11:59:28	2022-11-08 04:21:50
BE22008929	6	1	그래도 그 부모가 내버려두는 게 아니라 제지하고 있다고 하니까 다행이다. 그리고 아이들이 그러면서 크는 거잖아, 너무 스트레스받지 마. 우리 모두가 그랬던 것처럼 조금씩 크면서 예절도 배우고 성숙해지지 않겠어?	N	2022-07-14 11:59:28	2022-11-08 04:21:50
BE22008929	7	0	그건 그래. 나도 어렸을 때 엄청 개구쟁이였다고 하더라고. 우리 부모님도 저 사람들처럼 애 많이 먹었겠다.	N	2022-07-14 11:59:28	2022-11-08 04:21:50
BE22008929	8	1	그렇게 생각하면 좀 나을 거야. 너처럼 그렇게 이해해주는 사람들이 있으니까 저 아이들이 잘 자랄 수 있는 거겠지. 분명 저 부모들도 주변 사람들한테 미안한 마음이 들 거야.	N	2022-07-14 11:59:28	2022-11-08 04:21:50
BE22008929	9	0	네 말이 맞아, 참 부모가 된다는 게 뭔지. 지금 저 부모들이 주변 사람들한테 죄송하다고 계속 그러고 있더라. 저렇게 노력하고 있는데 좀 봐줘야지.	N	2022-07-14 11:59:28	2022-11-08 04:21:50
BE22008929	10	1	당황스럽고 짜증났을 텐데 그렇게 이해해주니까 정말 멋지다. 사실 말이 쉽지 내가 피해를 입고 있는데 배려하는 건 쉬운 일이 아니잖아? 아마 저 사람들도 고맙게 생각할 거야.	N	2022-07-14 11:59:28	2022-11-08 04:21:50
BE22008929	11	0	고마워, 그렇게 추켜세워 주니까 약간 창피하지만 기분은 좋네. 저 사람들도 아이가 얌전히 있지 않아서 참 곤란하겠지.	N	2022-07-14 11:59:28	2022-11-08 04:21:50
BE22008929	12	1	네가 그렇게 저 아이를 배려해주면 나중에 또 누군가가 알게 모르게 우리를 배려해주겠지. 그렇게 생각하면 마음이 편하지 않을까?	N	2022-07-14 11:59:28	2022-11-08 04:21:50
BE22008929	13	0	그래, 그렇게 생각해보면 짜증나고 당황스러웠던 마음이 좀 가신다. 아까는 더워서 그랬는지 지금 생각해보면 그렇게 소란스럽지 않은 것 같기도 해.	N	2022-07-14 11:59:28	2022-11-08 04:21:50
BE22008929	14	1	그렇게 느껴진다니 정말 다행이다. 밥 맛있게 먹고 좋은 시간 보내고 잘 들어가!	Y	2022-07-14 11:59:28	2022-11-08 04:21:50
