id	utterance_id	utterance_type	utterance_text	terminate	regDate	updDate
BE22002688	1	0	나 방금 엄청 황당한 일 겪었어.	N	2022-06-22 09:19:24	2022-11-08 03:41:47
BE22002688	2	1	무슨 일이 있었는데?	N	2022-06-22 09:19:24	2022-11-08 03:41:47
BE22002688	3	0	목이 말라서 냉장고에 있는 물병을 꺼내서 급하게 마셨는데 냄새가 이상한 거야.	N	2022-06-22 09:19:24	2022-11-08 03:41:47
BE22002688	4	1	어머 당황스러웠겠다. 물이 아니었던 거야?	N	2022-06-22 09:19:24	2022-11-08 03:41:47
BE22002688	5	0	맞아. 냄새 맡아보고 다시 마셔보니까 물이 아니라 술이었어. 얼마나 당황스러웠는지 몰라.	N	2022-06-22 09:19:24	2022-11-08 03:41:47
BE22002688	6	1	정말 놀랐겠다. 심지어 너 술 안 좋아하잖아. 나였으면 먹자마자 뱉었을 것 같아. 속은 괜찮아?	N	2022-06-22 09:19:24	2022-11-08 03:41:47
BE22002688	7	0	술인 걸 아니까 속이 안 좋아져서 아까 토했어.	N	2022-06-22 09:19:24	2022-11-08 03:41:47
BE22002688	8	1	토까지 하느라 고생이 많았네. 물 많이 마시고 속 좀 달래줘. 그런데 어쩌다 물병에 술이 있었던 거야?	N	2022-06-22 09:19:24	2022-11-08 03:41:47
BE22002688	9	0	어제 아버지께서 술을 드시고 남은 걸 담아 놓으셨대.	N	2022-06-22 09:19:24	2022-11-08 03:41:47
BE22002688	10	1	아버님께서도 이런 일이 생길 줄은 몰라서 많이 당황스러우셨겠다.	N	2022-06-22 09:19:24	2022-11-08 03:41:47
BE22002688	11	0	맞아. 물인 줄 알고 마셨다고 말씀드리니까 깜짝 놀라셨어. 미리 표시하거나 얘기하지 않아서 미안하다고도 하셨어.	N	2022-06-22 09:19:24	2022-11-08 03:41:47
BE22002688	12	1	그래도 오늘을 계기로 아버님께서도 다음에는 더 신경 쓰실 테니 이런 일은 없을 거야.	N	2022-06-22 09:19:24	2022-11-08 03:41:47
BE22002688	13	0	그리고 술을 보관하는 병과 위치는 내가 따로 정해두기로 했어. 그러면 아버지도 찾기 편하고 나도 물인 줄 알고 마실 일은 없을 테니까.	N	2022-06-22 09:19:24	2022-11-08 03:41:47
BE22002688	14	1	와. 정말 좋은 생각이야. 오늘 많이 당황스러웠을 텐데 그런 생각을 하는 것도 대단하고 멋져. 이제 푹 쉬어.	Y	2022-06-22 09:19:24	2022-11-08 03:41:47
