id	utterance_id	utterance_type	utterance_text	terminate	regDate	updDate
BE22003821	1	0	나 오늘 증명사진 찍기 전에 메이크업 숍에 가.	N	2022-06-26 08:38:38	2022-11-08 03:49:01
BE22003821	2	1	오, 나도 다음 주에 소개팅 있는데. 받아보고 후기 말해 줘.	N	2022-06-26 08:38:38	2022-11-08 03:49:01
BE22003821	3	0	기대하지 않는 게 좋아. 아무래도 다 망치게 생겼다.	N	2022-06-26 08:38:38	2022-11-08 03:49:01
BE22003821	4	1	무슨 문제라도 있어?	N	2022-06-26 08:38:38	2022-11-08 03:49:01
BE22003821	5	0	방금 거울 보고 왔는데 피부가 완전히 뒤집혔어. 살면서 처음 보는 울긋불긋한 얼굴이야.	N	2022-06-26 08:38:38	2022-11-08 03:49:01
BE22003821	6	1	정말? 어제 음식이라도 잘못 먹은 거야?	N	2022-06-26 08:38:38	2022-11-08 03:49:01
BE22003821	7	0	메이크업 숍에 가기 전에 관리 좀 하겠다고 안 하던 팩을 했지. 성분이 몸에 안 맞았나 봐. 붉은 것도 문제인데 가만있어도 피부가 데인 것처럼 따가워서 당황스럽다.	N	2022-06-26 08:38:38	2022-11-08 03:49:01
BE22003821	8	1	알레르기구나? 나도 해산물 잘못 먹고 그런 적 있어서 너무 당황스러웠는데. 나도 일주일 동안 방에만 있을 정도로 피부 트러블이 심각했었어.	N	2022-06-26 08:38:38	2022-11-08 03:49:01
BE22003821	9	0	알레르기 맞는 것 같아. 한 번도 이런 적이 없어서 어떻게 하면 좋을지 모르겠어. 일단 숍 예약을 취소할까 싶다.	N	2022-06-26 08:38:38	2022-11-08 03:49:01
BE22003821	10	1	전문가에게 보여주면 해답을 듣게 될 수도 있어. 지금껏 수도 없이 많은 얼굴에 메이크업을 했을 테니까. 네 피부 상태도 같이 체크해주지 않을까?	N	2022-06-26 08:38:38	2022-11-08 03:49:01
BE22003821	11	0	소생이 어렵다고 하시면 어떡해. 평생 이런 얼굴로 살아야 한다고 하면?	N	2022-06-26 08:38:38	2022-11-08 03:49:01
BE22003821	12	1	지금은 이런저런 걱정에 속상할 수 있어. 하지만 너는 원래 피부가 손꼽히게 좋은 친구였잖아. 옳은 방법으로만 관리하면 며칠 안 지나서 나아질 거라고 장담해.	N	2022-06-26 08:38:38	2022-11-08 03:49:01
BE22003821	13	0	그래. 비전문가인 내가 거울 앞에서 시간을 허비해봤자 좋을 게 뭐가 있겠어?	N	2022-06-26 08:38:38	2022-11-08 03:49:01
BE22003821	14	1	맞아. 오늘 사진도 찍어야 하잖아. 진정 효과가 있는 순한 화장품으로 감쪽같이 꾸며주실 거야.	N	2022-06-26 08:38:38	2022-11-08 03:49:01
BE22003821	15	0	네 말이 맞다. 그동안 피부에 너무 무심했는데 이번 계기로 정신이 들고 마음도 편해졌어. 다녀와서 연락할게!	Y	2022-06-26 08:38:38	2022-11-08 03:49:01
