id	utterance_id	utterance_type	utterance_text	terminate	regDate	updDate
BE22003970	1	0	혹시 나한테 편지 보낸 적 있어?	N	2022-06-27 01:56:42	2022-11-08 03:49:58
BE22003970	2	1	아니? 나는 너한테 편지 쓴 적 없는데? 무슨 일 있는 거야?	N	2022-06-27 01:56:42	2022-11-08 03:49:58
BE22003970	3	0	내가 편지를 받았는데 누가 보냈는지 모르겠어. 혹시 너인가 해서 물어본 거야.	N	2022-06-27 01:56:42	2022-11-08 03:49:58
BE22003970	4	1	헉 정말? 짐작 가는 사람이 없는 거야? 너 괜찮아? 너무 무서울 것 같아.	N	2022-06-27 01:56:42	2022-11-08 03:49:58
BE22003970	5	0	무서운 것보다는 조금 혼란스러워. 나한테 이런 걸 보낼 사람이 없는데. 누가 보낸 거지.	N	2022-06-27 01:56:42	2022-11-08 03:49:58
BE22003970	6	1	뜬금없이 편지가 왔는데 얼마나 혼란스럽겠어. 지금 나도 닭살이 돋는데 너는 얼마나 무서울지 상상이 안 돼.	N	2022-06-27 01:56:42	2022-11-08 03:49:58
BE22003970	7	0	그러게 말이야. 어떻게 나한테 이걸 보낸 거지? 나를 아는 사람이 보낸 걸까?	N	2022-06-27 01:56:42	2022-11-08 03:49:58
BE22003970	8	1	설마 누가 심한 장난을 친 것은 아닐까? 요새 행운의 편지 같은 별것 아닌 편지를 보내는 게 유행이래! 아마 그런 장난일 거야 너무 걱정할 필요 없을 것 같아.	N	2022-06-27 01:56:42	2022-11-08 03:49:58
BE22003970	9	0	지금 무서워서 열어보지도 못하고 있어. 날 지켜보고 있다는 생각이 들어서 더 혼란스럽고.	N	2022-06-27 01:56:42	2022-11-08 03:49:58
BE22003970	10	1	요즘엔 잘못 배송되는 편지도 많고 광고도 많다고 들었어. 아마 너한테 온 편지도 그런 종류 중의 하나일 거야. 너무 불안해하지 말고 조만간 다시 수거하러 올 거야!	N	2022-06-27 01:56:42	2022-11-08 03:49:58
BE22003970	11	0	정말 그런 걸까? 누가 실수로 보낸 거였으면 좋겠어.	N	2022-06-27 01:56:42	2022-11-08 03:49:58
BE22003970	12	1	그럼! 최근에 기사를 보니까 잘못된 주소 표기로 잘못 배송되는 경우가 많대. 아마 이번 경우도 그런 실수 중의 하나일 거야!	N	2022-06-27 01:56:42	2022-11-08 03:49:58
BE22003970	13	0	가끔 이런 일이 벌어지기도 하나 보구나. 그러면 정말 다행인데.	N	2022-06-27 01:56:42	2022-11-08 03:49:58
BE22003970	14	1	그럼 흔하게 벌어지는 일이니까 너무 혼란스러워 할 필요 없을 것 같아. 너무 신경 쓰지 말자!	N	2022-06-27 01:56:42	2022-11-08 03:49:58
BE22003970	15	0	그래야겠다. 괜히 겁냈던 것 같아. 고마워!	Y	2022-06-27 01:56:42	2022-11-08 03:49:58
