id	utterance_id	utterance_type	utterance_text	terminate	regDate	updDate
BE22008524	1	0	너 그 기사 봤어? 지금 포털 사이트에 올라오고 난리가 났네. 내가 좋아하는 그 배우, 음주운전으로 입건됐대.	N	2022-07-13 08:16:32	2022-11-08 04:19:14
BE22008524	2	1	그 소식 진짜야? 아직 보진 못했는데 온통 난리가 났겠구나. 한동안 인터넷이 시끌시끌하겠네.	N	2022-07-13 08:16:32	2022-11-08 04:19:14
BE22008524	3	0	아, 기분이 정말 우울해! 내가 정말 좋아하는 배우였는데, 어떻게 그런 일이. 뭔가 마음이 너무 헛헛하고 기운이 빠지는 것 같아.	N	2022-07-13 08:16:32	2022-11-08 04:19:14
BE22008524	4	1	열심히 응원해주던 배우에게 나쁜 소식이 생겨서 네가 정말 속상하고, 마음이 답답하겠다. 나라도 그럴 것 같아.	N	2022-07-13 08:16:32	2022-11-08 04:19:14
BE22008524	5	0	얼마 전에 영화 시사회에서 사인도 받아왔잖아. 평점도 좋아서 흥행도 성공이고, 이번에 신스틸러로 주목까지 받게 되었는데. 정말 안타까워 죽겠어.	N	2022-07-13 08:16:32	2022-11-08 04:19:14
BE22008524	6	1	그래, 맞아! 너 다녀와서 한참 이야기했잖아. 실물로 보니까 진짜로 멋있다고. 나도 진솔한 이미지를 가지고 있어서 좋게 보고 있었는데, 그 배우 정말 안타깝다.	N	2022-07-13 08:16:32	2022-11-08 04:19:14
BE22008524	7	0	선후배 관계나 스태프들과도 관계가 좋고 인성도 바르다고 알려져서 그런지 그 기사가 안 믿어져. 정말 그럴 배우가 아니거든.	N	2022-07-13 08:16:32	2022-11-08 04:19:14
BE22008524	8	1	추측성 기사에 너무 마음 흔들려 하지 말고 조금만 기다려봐. 소속사에서 공식 기사 나올 때까지. 지난번엔 열애설 때문에 구설에 휘말렸지만, 오보로 판명되었잖아.	N	2022-07-13 08:16:32	2022-11-08 04:19:14
BE22008524	9	0	그렇지? 그 이야기 들으니까 마음이 좀 놓인다. 너무 걱정돼서 말이야. 무명 시절부터 응원해온 배운데 내가 사람을 잘못 봤나 싶기도 하고.	N	2022-07-13 08:16:32	2022-11-08 04:19:14
BE22008524	10	1	사람에 대한 믿음, 기대가 한순간에 무너지는 일만큼 기운이 빠지고 슬픈 일은 없지. 혼란스러운 마음 이해가. 하지만 내가 보기에도 그럴 사람으로는 안 보이니까, 네가 사람을 잘못 보지는 않았을 거야.	N	2022-07-13 08:16:32	2022-11-08 04:19:14
BE22008524	11	0	나만 그런 생각을 하나 했는데 너도 나랑 생각이 같아서 다행이다. 사람이 너무 착해서 그래. 진작 소속사 옮겼으면 더 잘 풀렸을 텐데.	N	2022-07-13 08:16:32	2022-11-08 04:19:14
BE22008524	12	1	네가 가족처럼 걱정해주고 있다는 걸 그 배우도 알았으면 좋겠다. 친동생이라도 이만큼 걱정해주지는 못할 것 같아.	N	2022-07-13 08:16:32	2022-11-08 04:19:14
BE22008524	13	0	나라도 힘을 내서 댓글로 응원해줘야 할 것 같아. 좋은 이야기 많이 올려줄까 봐. 찾아보니 미담도 이제 올라오기 시작하더라고.	N	2022-07-13 08:16:32	2022-11-08 04:19:14
BE22008524	14	1	그래. 아주 좋은 생각 같아. 평소 품행이 바르지 못했다면 이런 글들이 올라올 리 없지. 분명 네 말처럼 사람이 착해서 안 좋은 일에 휘말린 걸 거야. 좀만 기다려보자.	N	2022-07-13 08:16:32	2022-11-08 04:19:14
BE22008524	15	0	간절히 바라건대, 정말 그랬으면 좋겠다. 얘기 들어줘서 고마워!	Y	2022-07-13 08:16:32	2022-11-08 04:19:14
