id	utterance_id	utterance_type	utterance_text	terminate	regDate	updDate
BE22001875	1	0	내 친구가 유부남을 만나는 것 같아.	N	2022-06-17 05:32:41	2022-11-08 03:36:32
BE22001875	2	1	설마, 혹시 직접 본 거야?	N	2022-06-17 05:32:41	2022-11-08 03:36:32
BE22001875	3	0	응. 운동 끝나고 집에 돌아가는 길에 친구가 나이 든 아저씨랑 웃으면서 팔짱을 끼고 걸어가는 걸 봤어. 드라마에서만 보던 일이 내 주변 친구한테 일어날 줄 몰랐어. 당황스럽고 혼란스러워.	N	2022-06-17 05:32:41	2022-11-08 03:36:32
BE22001875	4	1	내가 너라도 엄청 당황했을 거야. 그 상황에서 모른 체하고 친구한테 아무 말 안 한 게 더 대단하다.	N	2022-06-17 05:32:41	2022-11-08 03:36:32
BE22001875	5	0	내가 어떻게 반응해야 할지 모르겠다.	N	2022-06-17 05:32:41	2022-11-08 03:36:32
BE22001875	6	1	우선 만나는 상대가 유부남이라고 단정 짓지 말자. 그저 나이가 든 상대일 수도 있고, 만약 유부남이라고 하더라도 제일 친한 친구인 너한테는 분명 말을 꺼낼 거야. 친구가 먼저 얘기할 때까지 잠자코 기다리고 있는 거 어때?	N	2022-06-17 05:32:41	2022-11-08 03:36:32
BE22001875	7	0	그러고 싶은데 너무 걱정이 돼. 비슷한 나이도 아니고 유부남처럼 보이는 남자라니...	N	2022-06-17 05:32:41	2022-11-08 03:36:32
BE22001875	8	1	소중한 친구가 티비 속 드라마에서만 보던 상황의 주인공이라니, 친구로서 걱정되는 건 당연한 거야. 하지만, 우선은 친구가 말을 꺼낼 때까지 기다리는 수밖에는 없는 것 같아.	N	2022-06-17 05:32:41	2022-11-08 03:36:32
BE22001875	9	0	하, 친구가 말을 해 줄까? 사이가 더 깊어지기 전에 그만 만나라고 얘기해 주고 싶어. 내 친구는 분명히 더 좋은 남자를 만날 수 있거든.	N	2022-06-17 05:32:41	2022-11-08 03:36:32
BE22001875	10	1	그럼, 당연하지. 만약 내가 그 상황에 있는 친구라면 상대와 만나면서 걱정거리가 분명 생길 거야. 그 걱정거리를 말할 상대는 제일 친한 친구인 너밖에 없을걸?	N	2022-06-17 05:32:41	2022-11-08 03:36:33
BE22001875	11	0	우선 네 말대로 기다려 볼게. 나도 내 친구가 유부남을 만난다고 단정 짓고 싶지 않아.	N	2022-06-17 05:32:41	2022-11-08 03:36:33
BE22001875	12	1	착하다. 그 친구를 믿어 줄 사람은 너밖에 없을 거야. 너 같은 친구가 있다는 건 그 친구한테는 정말 기쁜 일이야.	N	2022-06-17 05:32:41	2022-11-08 03:36:33
BE22001875	13	0	칭찬 고마워. 덕분에 당황스럽고 혼란스러운 감정이 조금 나아진 것 같아. 친구한테 연락이 오면 다시 연락을 줄게.	N	2022-06-17 05:32:41	2022-11-08 03:36:33
BE22001875	14	1	응, 연락 기다릴게. 너무 초조해하지 마. 혼자 고민한다고 밤늦게 자지 말고.	N	2022-06-17 05:32:41	2022-11-08 03:36:33
BE22001875	15	0	그럴게. 잘 자.	Y	2022-06-17 05:32:41	2022-11-08 03:36:33
