id	utterance_id	utterance_type	utterance_text	terminate	regDate	updDate
BE22006636	1	0	요즘 약 먹은 것처럼 잠이 막 쏟아져서 생활이 엉망이 되었어.	N	2022-07-06 12:32:48	2022-11-08 04:07:11
BE22006636	2	1	많이 피곤했나 보네. 요즘 계속 잠을 못 잔 거야? 무슨 일 있어?	N	2022-07-06 12:32:48	2022-11-08 04:07:11
BE22006636	3	0	응, 원래 내가 수면시간이 짧은 데다가 몇 주간 고민이 있어서 잠을 계속 일찍 깼거든.	N	2022-07-06 12:32:48	2022-11-08 04:07:11
BE22006636	4	1	참고 참았던 잠들이 이제야 쏟아지기 시작하나 보다. 아이쿠, 안쓰러워라. 고민은 해결된 거야?	N	2022-07-06 12:32:48	2022-11-08 04:07:11
BE22006636	5	0	응, 괜찮아. 언제 어디서고 조니까 어쩔 줄을 모르겠어. 정말 순식간에 잠이 들어 버려.	N	2022-07-06 12:32:48	2022-11-08 04:07:11
BE22006636	6	1	저런, 요즘 계속 바쁘다고 했잖아. 큰일이다, 정말.	N	2022-07-06 12:32:48	2022-11-08 04:07:11
BE22006636	7	0	그러게 말이야. 나도 졸음이 생활을 하는데 지장을 주니까 내가 이래야 하나 싶은 생각에 당황스럽다.	N	2022-07-06 12:32:48	2022-11-08 04:07:11
BE22006636	8	1	그렇겠어. 졸음 때문에 생활 패턴이 엉망이 되었다면 나 같아도 엄청 당황스럽고 짜증 날 거 같아.	N	2022-07-06 12:32:48	2022-11-08 04:07:11
BE22006636	9	0	어제는 잠들었다가 일어나서 눈도 제대로 못 뜨고 씻는데 글쎄... 칫솔에 치약 대신 폼클렌징을 짰지 뭐야!	N	2022-07-06 12:32:48	2022-11-08 04:07:11
BE22006636	10	1	어머나... 어쩌면 좋으니... 너 정말 당황했겠다.	N	2022-07-06 12:32:48	2022-11-08 04:07:11
BE22006636	11	0	당황만 했겠니? 나 자신이 너무 한심스럽더라고.	N	2022-07-06 12:32:48	2022-11-08 04:07:11
BE22006636	12	1	네가 너무 피곤한 상태였으니 그런 거잖아. 괜찮아, 그럴 수 있어. 부딪히거나 넘어지지 않은 걸 다행이라고 생각하자.	N	2022-07-06 12:32:48	2022-11-08 04:07:11
BE22006636	13	0	이 당황스럽고 한심스런 현실을 어떻게 극복해야 좋을지 모르겠다 정말.	N	2022-07-06 12:32:48	2022-11-08 04:07:11
BE22006636	14	1	휴가를 며칠 내고 좀 푹 쉬는 건 어때? 아무래도 피로 누적이니까.	N	2022-07-06 12:32:48	2022-11-08 04:07:11
BE22006636	15	0	그럴까... 주말에 잠깐 쉬는 걸로는 해결이 안 될 것 같아.	N	2022-07-06 12:32:48	2022-11-08 04:07:11
BE22006636	16	1	며칠 쉬고 나면 에너지 충전도 될 거야. 잠도 실컷 자고 그럼 해결될 테니 너무 너 자신을 몰아세우지 마.	N	2022-07-06 12:32:48	2022-11-08 04:07:11
BE22006636	17	0	그래, 네 말대로 과감히 좀 쉬어야겠다.	N	2022-07-06 12:32:48	2022-11-08 04:07:11
BE22006636	18	1	그래, 잘 생각했어. 열심히 일했으니까 너 자신을 돌볼 시간도 필요해. 푹 좀 쉬어.	Y	2022-07-06 12:32:48	2022-11-08 04:07:11
