id	utterance_id	utterance_type	utterance_text	terminate	regDate	updDate
BE22007051	1	0	한참 야구시즌인 것 알지? 진짜 응원하는 팀이 꼴찌야 꼴찌.	N	2022-07-08 04:03:37	2022-11-08 04:09:54
BE22007051	2	1	정말 꼴등이라고? 그 팀이. 엄청 실망스럽겠다. 아마도 작년에 1등 했던 걸로 기억하는데.	N	2022-07-08 04:03:37	2022-11-08 04:09:54
BE22007051	3	0	아직 시즌이 끝난 건 아닌데, 1등 했던 팀이 현재 꼴등 하니, 좀 당황스럽네.	N	2022-07-08 04:03:37	2022-11-08 04:09:54
BE22007051	4	1	그렇지, 하지만 아직 실망하긴 빠른 것 같은데, 워낙 잘하는 팀이니, 실력 발휘하지 않을까?	N	2022-07-08 04:03:37	2022-11-08 04:09:54
BE22007051	5	0	당연 잘하는 팀이지. 그리고 올해 팀 체력도 훨씬 더 보강했거든. 그래서 맡아 놓고 1등 할 줄 알았는데, 현재 꼴찌라니.	N	2022-07-08 04:03:37	2022-11-08 04:09:54
BE22007051	6	1	팬들의 기대가 상당했을 것 같은데. 선수들까지 보강했으니, 당연 1등으로, 선수들 분발해야겠는데.	N	2022-07-08 04:03:37	2022-11-08 04:09:54
BE22007051	7	0	경기 있을 때마다 약속도 안 잡고 귀가해서 보는데, 계속 지고 있어서 오히려 스트레스가 쌓여.	N	2022-07-08 04:03:37	2022-11-08 04:09:54
BE22007051	8	1	열 받지. 내가 응원한 팀이 매번 지면, 거기다 꼴등까지 하고 있으니 선수들은 뭐하니 싶지.	N	2022-07-08 04:03:37	2022-11-08 04:09:54
BE22007051	9	0	어떤 때는 짜증이 확 나면서, 욕설이 나오기도 해. 한심스러운 것 같아서 말이야. 어휴 답답해.	N	2022-07-08 04:03:37	2022-11-08 04:09:54
BE22007051	10	1	와, 내 친구 리얼 찐팬이네, 이렇게 열을 내는 것 처음 보네. 나도 야구 좋아하지만 너 정도는 아닌데.	N	2022-07-08 04:03:37	2022-11-08 04:09:54
BE22007051	11	0	원래도 잘하는 팀이지만, 보강까지 했으니 쉽게 시즌 마루리할 줄 알았지. 이럴 수가 있나 싶다니까. 또 열이 오르네.	N	2022-07-08 04:03:37	2022-11-08 04:09:54
BE22007051	12	1	기다려, 기다려 친구, 남은 게임 다 이기면 올해도 1등이야. 막강한 선수들을 믿어줘.	N	2022-07-08 04:03:37	2022-11-08 04:09:54
BE22007051	13	0	선수들이 각자가 너무 잘하니까 팀웍이 잘 안되나? 어째 각자 노는 느낌이랄까? 야구는 단체 게임인데 말이야.	N	2022-07-08 04:03:37	2022-11-08 04:09:54
BE22007051	14	1	그렇지. 각자의 재능 맘껏 발휘하면서, 팀웍도 잘 이루어져야 우승하는 게임이지. 경력들 있는 선수들이라서 잘할거야. 팬들의 기대에 부응해서 말이야.	N	2022-07-08 04:03:37	2022-11-08 04:09:54
BE22007051	15	0	실망하기엔 아직 이르지? 팀 구성원도 최고고, 오랜 경험을 바탕으로 호흡 잘 맞춰서 꼭 1등 할 거야. 너도 이 팀 꼭 응원해라. 힘 모으자.	Y	2022-07-08 04:03:37	2022-11-08 04:09:54
