id	utterance_id	utterance_type	utterance_text	terminate	regDate	updDate
BE22003118	1	0	나 자동차 타이어 교체했어. 멀쩡한 타이어가 찢어져서 어찌나 화가 나는지 하소연할 곳도 없고 억울하다.	N	2022-06-23 17:20:43	2022-11-08 03:44:32
BE22003118	2	1	아니 새 타이어를 어쩌다 그랬어. 많이 억울했겠네. 네 차 새로 산 지 1년도 안 되잖아. 사고라도 난 거야.	N	2022-06-23 17:20:43	2022-11-08 03:44:32
BE22003118	3	0	사고는 아니야. 내 잘못도 조금 있고 그냥 운이 나빴어. 굳이 따지자면 날씨 탓이야.	N	2022-06-23 17:20:43	2022-11-08 03:44:32
BE22003118	4	1	교통사고 아니라니 그건 천만다행이다. 그럼 사고가 난 것도 아닌데 왜 그런 거야. 날씨 탓은 또 뭐고.	N	2022-06-23 17:20:43	2022-11-08 03:44:32
BE22003118	5	0	어제 집에 오는데 차 바퀴에 뭔가 박히는 소리가 들렸어. 비도 오고 그냥 귀찮아서 가는데 바퀴에서 소리가 나잖아. 차도 좀 이상하고 얼른 차를 세워보니 바람이 빠졌네.	N	2022-06-23 17:20:43	2022-11-08 03:44:32
BE22003118	6	1	참 당황스러웠겠다. 긴급 출동 서비스 연락하지. 빨리 와서 금방 고쳤지. 나도 이용했는데 빨리 와서 진짜 안심되고 좋더라. 나 그때 엄청 당황하고 있었거든.	N	2022-06-23 17:20:43	2022-11-08 03:44:32
BE22003118	7	0	아니 못 고쳤어. 타이어가 찢어져서. 못이 참 크더라. 비만 안 왔어도 얼른 차 세우고 고쳤으면 되는데. 내가 잘못했지.	N	2022-06-23 17:20:43	2022-11-08 03:44:32
BE22003118	8	1	진짜 운이 없네. 달리다 그렇게 큰 못이 박히고 속상했겠다. 아니 도로에 왜 큰 못이 떨어져 있는 거야. 힘들었겠네.	N	2022-06-23 17:20:43	2022-11-08 03:44:32
BE22003118	9	0	진짜 화가 나더라. 새 타이어 비용에 집에도 못 가고 스페어타이어로 교체하는데 울고 싶더라. 그래도 눈물 꾹 참았지.	N	2022-06-23 17:20:43	2022-11-08 03:44:32
BE22003118	10	1	나라면 진짜 속상해서 그 자리에서 울었다. 그래도 대단해. 잘했어.	N	2022-06-23 17:20:43	2022-11-08 03:44:32
BE22003118	11	0	칭찬 들으니 좋네. 정말 억울하고 분해서 막 소리치고 싶었는데. 고마워 대단하다고 해줘서.	N	2022-06-23 17:20:43	2022-11-08 03:44:32
BE22003118	12	1	너 진짜 대단한 거야. 가만 보면 위기에 강하단 말이야.	N	2022-06-23 17:20:43	2022-11-08 03:44:32
BE22003118	13	0	내가 좀 강한 여자잖아. 내 입으로 셀프 칭찬하니 좀 부끄럽네.	N	2022-06-23 17:20:43	2022-11-08 03:44:32
BE22003118	14	1	그래 우리 강한 분 차 타이어는 다 고친 거야.	N	2022-06-23 17:20:43	2022-11-08 03:44:32
BE22003118	15	0	응 아주 튼튼한 타이어로 바꿨어. 그래도 앞으론 더 조심하고 문제가 있으면 바로 세워서 확인하려고.	N	2022-06-23 17:20:43	2022-11-08 03:44:32
BE22003118	16	1	좋은 자세네. 앞으로 조심해서 타고 나도 좀 자주 태워주고.	N	2022-06-23 17:20:43	2022-11-08 03:44:32
BE22003118	17	0	알았어. 언제든 콜이야.	Y	2022-06-23 17:20:43	2022-11-08 03:44:32
