id	utterance_id	utterance_type	utterance_text	terminate	regDate	updDate
BE22006804	1	0	나 지금 너무 창피해. 데이트 신청했는데 거절당했어.	N	2022-07-07 06:14:02	2022-11-08 04:08:18
BE22006804	2	1	독서모임에 마음에 든다던 그 여성분 말하는 거야?	N	2022-07-07 06:14:02	2022-11-08 04:08:18
BE22006804	3	0	응. 나는 그분도 나에 대해 호감이 있다고 생각했거든. 그래서 당연히 데이트 신청을 수락할 줄 알았는데, 너무 당황스럽네.	N	2022-07-07 06:14:02	2022-11-08 04:08:18
BE22006804	4	1	조심성 많은 네가 데이트 신청을 할 정도면, 분명 여성분도 호감을 보였다는 뜻일 텐데. 갑자기 태도가 변해서 혼란스럽겠다.	N	2022-07-07 06:14:02	2022-11-08 04:08:18
BE22006804	5	0	이유를 물어볼까 하다가, 너무 구차한 것 같아서 알겠다고 했어. 너무 용기가 없었어.	N	2022-07-07 06:14:02	2022-11-08 04:08:18
BE22006804	6	1	그 상황에서 이유를 물어볼 수 있는 사람이 몇이나 되겠어. 거절당한 것도 좀 민망하고, 나 같아도 못했을 것 같아.	N	2022-07-07 06:14:02	2022-11-08 04:08:18
BE22006804	7	0	분명히 이성적인 호감의 표시를 받았다고 생각했는데. 내가 착각한 거라고 생각하니까 너무 부끄러워.	N	2022-07-07 06:14:02	2022-11-08 04:08:18
BE22006804	8	1	나도 그랬던 적 있어서 네 맘 이해해. 상대방은 아무 생각 없었는데 혼자 설렌 것 같아서 좀 뻘쭘하지.	N	2022-07-07 06:14:02	2022-11-08 04:08:18
BE22006804	9	0	내 인생에서 처음으로 데이트 신청해 본 건데. 거절당하니까 내가 그렇게 별로인가 고민하게 된다.	N	2022-07-07 06:14:02	2022-11-08 04:08:18
BE22006804	10	1	난 용기 내서 네 감정을 표현했다는 게 너무 멋지다고 생각해. 거절당했다고 해서 네가 갑자기 못난 사람이 되는 것도 아니니까 너 자신을 비하하지 마.	N	2022-07-07 06:14:02	2022-11-08 04:08:18
BE22006804	11	0	나 자신이 못나 보여서 침울했었는데 그렇게 말해주니 위안이 된다.	N	2022-07-07 06:14:02	2022-11-08 04:08:18
BE22006804	12	1	네가 처음 거절당해봐서 더 당황스럽게 느껴지는 걸 거야. 살다 보면 내가 거절할 때도 있고, 거절당할 때도 있고 그런 거지. 그냥 그 사람이랑 맞지 않았을 뿐 넌 여전히 괜찮은 사람이야.	N	2022-07-07 06:14:02	2022-11-08 04:08:18
BE22006804	13	0	그래! 별일 아닌 건데 내가 처음이라 너무 어쩔 줄 몰라 했던 것 같아. 네 덕에 마음이 한결 가벼워졌어.	N	2022-07-07 06:14:02	2022-11-08 04:08:18
BE22006804	14	1	마음이 편해졌다니 다행이야.	Y	2022-07-07 06:14:02	2022-11-08 04:08:18
