id	utterance_id	utterance_type	utterance_text	terminate	regDate	updDate
BE22001306	1	0	너 작년에 우리 동문회 갈 때 내가 입었던 원피스 기억나니?	N	2022-06-14 13:48:49	2022-11-08 03:32:51
BE22001306	2	1	당연히 알지. 나랑 같이 백화점 가서 엄청 둘러보다가 진짜 맘에 든 원피스 발견하고 구입한 거였잖아.	N	2022-06-14 13:48:49	2022-11-08 03:32:51
BE22001306	3	0	그래 맞아 근데 이번 주 결혼식이 있어서 그 원피스를 입으려고 하는데 작아서 입을 수가 없어.	N	2022-06-14 13:48:49	2022-11-08 03:32:51
BE22001306	4	1	겨우 한 해밖에 안 지났는데 벌써 작아져서 못 입는다고? 엄청 맘에 들어 했던 원피스였는데 아쉽겠다. 겉으로 보이기엔 별로 안 쪄 보여.	N	2022-06-14 13:48:49	2022-11-08 03:32:51
BE22001306	5	0	아니야 사실 그때 살 때도 너무 딱 맞게 샀었잖아. 근데 지금은 뒷지퍼가 올라가질 않는 거야. 내가 이 정도로 살이 찐 줄은 몰랐어.	N	2022-06-14 13:48:49	2022-11-08 03:32:51
BE22001306	6	1	그럼 다시 살 빼서 입으면 되지. 옷걸이에 딱 걸어놓고 오늘부터 마음먹고 다이어트에 도전해 봐.	N	2022-06-14 13:48:49	2022-11-08 03:32:51
BE22001306	7	0	자신이 없다. 날씨가 더워져서 옷 정리를 하는데 작년에 비싸게 주고 산 옷들이 하나도 안 맞는 거 보고 오동통해진 내 몸을 보니 한심스러워.	N	2022-06-14 13:48:49	2022-11-08 03:32:51
BE22001306	8	1	사놓고 몇 번 안 입었는데 못 입으니 속상하지. 게다가 유행이 빠르게 바뀌고 있으니 한두 해 안 입다 보면 안 찾게 되는 경우도 있잖아.	N	2022-06-14 13:48:49	2022-11-08 03:32:51
BE22001306	9	0	그래도 이렇게 맞는 옷이 하나도 없는 걸 보니 너무 당황스러워. 매일 편한 옷만 찾아서 입다가 막상 차려입으려니 모든 옷이 작고 불편하네.	N	2022-06-14 13:48:49	2022-11-08 03:32:51
BE22001306	10	1	지금 당장 입으면 딱 예쁜 옷 들일 텐데 못 입게 되니 너무 속상하겠다. 아쉽겠지만 일단 안 맞는 옷들은 잠시 옷장에 보관해두고 당장 결혼식 때 입을 옷을 골라봐.	N	2022-06-14 13:48:49	2022-11-08 03:32:51
BE22001306	11	0	내일 백화점 가서 하나 구입해야지. 그리고 정말 아무리 봐도 내가 도저히 다시 입을 수 없는 옷은 너 줄게.	N	2022-06-14 13:48:49	2022-11-08 03:32:51
BE22001306	12	1	네가 나중에 살 빼서 입어. 그래야 그 옷을 다시 입어야겠다 생각을 하며 다이어트에 도전할 수 있지. 넌 꼭 할 수 있을 거야.	N	2022-06-14 13:48:49	2022-11-08 03:32:51
BE22001306	13	0	응 나도 나 자신에게 한심스러워서 다이어트는 할 예정이야. 근데 그럼에도 불구하고 도저히 다신 입을 수 없고, 가만 보니 네게도 잘 어울릴 거 같아.	N	2022-06-14 13:48:49	2022-11-08 03:32:51
BE22001306	14	1	네가 정 준다면야 난 고맙게 받지. 물론 네가 입으면 더 예뻐. 살이야 조금 찔 수 있지만 넌 항상 예쁘고 맘이 깊은 친구이니 네 몸에 대해서 너무 실망하지 마.	N	2022-06-14 13:48:49	2022-11-08 03:32:51
BE22001306	15	0	그래 지금부터 더 이상은 살이 찌지 않게 노력해야겠어.	Y	2022-06-14 13:48:49	2022-11-08 03:32:51
