id	utterance_id	utterance_type	utterance_text	terminate	regDate	updDate
BE22005956	1	0	나 말이야. 어제 오래된 친구한테 좋아한다는 고백을 받았어.	N	2022-07-04 05:40:54	2022-11-08 04:02:45
BE22005956	2	1	정말? 이거 완전 빅뉴스인데. 그래서 어떻게 되었는데? 너무 궁금해.	N	2022-07-04 05:40:54	2022-11-08 04:02:45
BE22005956	3	0	명확한 답이 있었으면 좋을 텐데 지금 나는 너무 혼란스러운 상태야. 일단 전혀 평소에 그런 낌새를 채지 못했기 때문에 당황스러운 마음이 너무 크다.	N	2022-07-04 05:40:54	2022-11-08 04:02:45
BE22005956	4	1	완전히 친구로만 보던 사람이 갑자기 고백해오면 너무 놀라서 아무 생각이 안 날 것 같아. 좋은 건지 싫은 건지 헷갈리는 기분이 들 거고. 네가 혼란스러운 건 어찌 보면 당연해.	N	2022-07-04 05:40:54	2022-11-08 04:02:45
BE22005956	5	0	그런 거지? 난 정말 이 친구를 이성으로 생각해 본 적이 없어. 내가 이 친구에게 이성적인 매력을 못 느꼈다는 증거 아닐까 하다가도 잘 모르겠어.	N	2022-07-04 05:40:54	2022-11-08 04:02:45
BE22005956	6	1	그렇게 사람 마음이 단순하지 않으니 어려운 것 같아. 네가 지금 고민이 된다는 건 아예 싫은 건 아니라는 뜻 같기도 한데?	N	2022-07-04 05:40:54	2022-11-08 04:02:45
BE22005956	7	0	그런가. 너무 좋은 친구였기 때문에 잃고 싶지 않은 마음이 앞서는 것 같기도 해.	N	2022-07-04 05:40:54	2022-11-08 04:02:45
BE22005956	8	1	사람으로서 좋은 건지 이성으로서 매력이 있는 건지 그 부분이 혼란스러운 것 같아.	N	2022-07-04 05:40:54	2022-11-08 04:02:45
BE22005956	9	0	맞아. 이 사람이랑 사귀지 않으면 아예 못 보게 되는 거라고 생각하니 그게 또 슬프고 걱정돼.	N	2022-07-04 05:40:54	2022-11-08 04:02:45
BE22005956	10	1	그렇다고 억지로 사귈 수도 없으니 속상하겠다. 고백한 그 친구가 원망스럽지는 않고?	N	2022-07-04 05:40:54	2022-11-08 04:02:45
BE22005956	11	0	그 정도는 아니야. 나도 시간을 가지고 천천히 생각해 보고 싶은데 그냥 당장은 사이가 어색하니 힘들더라고.	N	2022-07-04 05:40:54	2022-11-08 04:02:45
BE22005956	12	1	그렇지. 이도 저도 아닌 애매한 관계로 들어서며 어색해지는 것이 사실 가장 힘든 관계지. 하지만 무엇보다 너의 솔직한 마음을 기다리고 있을 테니 너의 마음을 잘 들여다보면 좋겠다.	N	2022-07-04 05:40:54	2022-11-08 04:02:45
BE22005956	13	0	그래. 당황스러운 마음에 지금 이렇게 있지만 나도 정말 깊이 생각해보고 관계를 명확히 해야겠어.	N	2022-07-04 05:40:54	2022-11-08 04:02:45
BE22005956	14	1	그래. 그래도 누군가의 고백을 받는다는 건 참 아름답고 멋진 일 같아. 어떤 의미로든 좋은 결과 있기를 기다리고 있을게.	N	2022-07-04 05:40:54	2022-11-08 04:02:45
BE22005956	15	0	고마워. 너의 말을 들으니 내 생각이 좀 정리가 되어 가는 것 같아.	Y	2022-07-04 05:40:54	2022-11-08 04:02:45
