id	utterance_id	utterance_type	utterance_text	terminate	regDate	updDate
BE22008043	1	0	가을이 되고 건조해지니 피부가 더 난리다. 아토피는 건조한 날씨에 정말 최악이야. 너무 괴로워.	N	2022-07-12 05:32:18	2022-11-08 04:16:09
BE22008043	2	1	너 아토피 때문에 이 시기부터 항상 힘들어하는 거 알지. 올해는 조금만 덜 힘들면 좋을 텐데 말이야.	N	2022-07-12 05:32:18	2022-11-08 04:16:09
BE22008043	3	0	그러니까, 날이 건조해지면 피부 각질이 더 많이 떨어져. 그것 때문에 당황했던 적이 한두 번이 아니거든.	N	2022-07-12 05:32:18	2022-11-08 04:16:09
BE22008043	4	1	그래, 그래서 너 검은색 옷도 잘 안 입으려고 하잖아. 그게 오죽 신경 쓰이고 불편하면 그렇게 세세한 부분까지 마음을 쓸까.	N	2022-07-12 05:32:18	2022-11-08 04:16:09
BE22008043	5	0	맞아, 검은색 옷 입을 때마다 강박적으로 옷을 살피게 돼. 행여 다른 사람들에게 불쾌감을 줄까 봐. 그러다 누가 지적이라도 하면 얼마나 민망한지 쥐구멍에라도 숨고 싶어져.	N	2022-07-12 05:32:18	2022-11-08 04:16:09
BE22008043	6	1	정신적으로 스트레스가 만만치 않겠구나. 그렇게 자꾸 지적받다 보면 위축되잖아. 강박적으로 자꾸 살피게 되는 그 마음이 너무 이해되니까 슬프다.	N	2022-07-12 05:32:18	2022-11-08 04:16:09
BE22008043	7	0	어 원래 그렇지 않은 사람인데 자꾸 다른 사람의 시선도 의식하게 되고. 피부에 항상 하얀 각질이 묻어 있으니까, 사람들이 이상하게 바라볼까 싶어서 걱정돼. 그러다 그걸 누가 지적하면 당황해서 얼굴이 빨갛게 변해서 민망하고.	N	2022-07-12 05:32:18	2022-11-08 04:16:09
BE22008043	8	1	아, 말만 들어도 고생스러운 마음이 느껴져. 약을 발라도 쉽사리 낫지 않으니 네가 더 답답하겠다.	N	2022-07-12 05:32:18	2022-11-08 04:16:09
BE22008043	9	0	그렇지, 근데 이것도 벌써 십 년 이상 달고 사니까, 오히려 덤덤해져야겠다는 생각이 들었어. 피부가 빨개지면 학교도 가기 싫었는데, 이제는 뭐 어때 하면서 잘 다니려 노력도 해. 각질이 떨어져 보기 싫으면 당황스럽기는 해도, 더 아무렇지 않게 툴툴 털어버리려고 하고.	N	2022-07-12 05:32:18	2022-11-08 04:16:09
BE22008043	10	1	그래서 네가 요즘 표정이 밝아졌구나! 피부는 여전하지만 너에게 느껴지는 활력이 다르게 느껴졌거든. 너무 대단하다 그렇게 마음을 바꾸고 행동하기 쉽지 않은데 말이야.	N	2022-07-12 05:32:18	2022-11-08 04:16:09
BE22008043	11	0	응, 이렇게 마음을 바꾸고 나니까 훨씬 마음이 편안해. 당황하면 잠시뿐인데 그런 감정을 오래 가져봐야 나만 손해더라구.	N	2022-07-12 05:32:18	2022-11-08 04:16:09
BE22008043	12	1	그렇게 생각하고 마음을 바꿔서 얼굴에서 빛이 날 정도로 안색이 좋아졌나 보다. 생각의 전환이 너를 이렇게 바꾼 거였어. 나도 배워야겠다!	N	2022-07-12 05:32:18	2022-11-08 04:16:09
BE22008043	13	0	그래? 그전까지는 밖에도 나가기 싫고, 짧은 옷을 입는 것도 꺼리고 했거든. 마음의 감옥이 따로 없었지. 근데 그렇게 마음을 바꾸니 세상도 나도 달라지는 거야.	N	2022-07-12 05:32:18	2022-11-08 04:16:09
BE22008043	14	1	정말 현명하다. 이것도 다 경험이 가르쳐 준 교훈이겠지! 덕분에 나도 한 수 배웠다.	N	2022-07-12 05:32:18	2022-11-08 04:16:09
BE22008043	15	0	오히려 그렇게 말해 줘서 고마워. 내가 너무 억지스럽게 생각을 바꾸려는 건 아닐까 고민했거든. 나도 네 덕분에 그런 마음을 내려놓을 수 있어서 다행이야.	Y	2022-07-12 05:32:18	2022-11-08 04:16:09
