id	utterance_id	utterance_type	utterance_text	terminate	regDate	updDate
BE22008445	1	0	어떡해, 내가 무척 좋아하는 흰색 블라우스 세탁을 잘못해서 분홍 물이 들었어.	N	2022-07-13 06:09:06	2022-11-08 04:18:44
BE22008445	2	1	어쩜 좋아. 색깔 있는 옷과 함께 세탁을 했나 보구나.	N	2022-07-13 06:09:06	2022-11-08 04:18:44
BE22008445	3	0	응. 너무 당황스럽고, 아까워서 눈물이 다 날 지경이야.	N	2022-07-13 06:09:06	2022-11-08 04:18:44
BE22008445	4	1	하필이면 네가 좋아하는 옷이라 더 속이 상하겠네.	N	2022-07-13 06:09:06	2022-11-08 04:18:44
BE22008445	5	0	그렇지. 붉은색의 티셔츠에서 색깔이 빠졌나 봐. 전체적으로 흰옷에 흐린 분홍색으로 물이 들었어.	N	2022-07-13 06:09:06	2022-11-08 04:18:44
BE22008445	6	1	요즘은 탈색되는 옷감이 거의 없는데, 많이 놀랐겠다.	N	2022-07-13 06:09:06	2022-11-08 04:18:44
BE22008445	7	0	그렇지. 산 지 얼마 되지도 않은 옷이야. 저 옷을 버리자니 아깝고, 입자니 기분이 나쁘고 그러네.	N	2022-07-13 06:09:06	2022-11-08 04:18:44
BE22008445	8	1	우리처럼 용돈을 아꼈다가 옷을 사야 하는 취준생들에게는 옷 한 벌이 얼마나 귀한데.	N	2022-07-13 06:09:06	2022-11-08 04:18:44
BE22008445	9	0	며칠을 별렀다 산 거라 더 황당할 뿐이야.	N	2022-07-13 06:09:06	2022-11-08 04:18:44
BE22008445	10	1	분홍색으로 물든 블라우스는 혹시 입어 봤어? 의외로 잘 어울릴지도 모르니 입어봐.	N	2022-07-13 06:09:06	2022-11-08 04:18:44
BE22008445	11	0	분홍색 블라우스는 좀 촌스럽지 않을까? 사람들이 옷 색깔이 물든 걸 알고 나만 쳐다보면 어떡하지?	N	2022-07-13 06:09:06	2022-11-08 04:18:44
BE22008445	12	1	요즘은 마치 유행처럼 흰색보다 색깔이 있는 블라우스를 많이 입잖아. 사람들이 만약 너를 쳐다본다면 그건 옷 색깔 때문이 아니라 아마 네가 너무 예뻐서 그럴 거야.	N	2022-07-13 06:09:06	2022-11-08 04:18:44
BE22008445	13	0	정말 그럴까? 하긴, 요즘은 옷 색깔이 점점 더 화려해지더라.	N	2022-07-13 06:09:06	2022-11-08 04:18:44
BE22008445	14	1	그럼. 무난한 흰색 블라우스보다 분홍색 블라우스가 훨씬 더 예쁘게 너의 장점을 드러내게 할 수도 있어. 그러니 자신감을 갖고 입어.	N	2022-07-13 06:09:06	2022-11-08 04:18:44
BE22008445	15	0	그럼 외출할 때 자신감을 갖고 입어야겠다. 용기를 줘서 고마워, 친구야.	Y	2022-07-13 06:09:06	2022-11-08 04:18:44
