id	utterance_id	utterance_type	utterance_text	terminate	regDate	updDate
BE22006154	1	0	앞으로의 내 결혼 생활이 어떻게 될지 모르겠어.	N	2022-07-04 18:21:30	2022-11-08 04:04:00
BE22006154	2	1	왜? 남편이랑 싸운 거야?	N	2022-07-04 18:21:30	2022-11-08 04:04:00
BE22006154	3	0	그런 건 아니고... 아까 있었던 일인데, 남편이 형광등을 바꾸는 방법을 모르더라고.	N	2022-07-04 18:21:30	2022-11-08 04:04:00
BE22006154	4	1	에고. 너는 생활력을 중요시하는데 남편이 그게 없어 보여서 순간 뭐 하는 건가, 하는 생각이 들었겠구나.	N	2022-07-04 18:21:30	2022-11-08 04:04:00
BE22006154	5	0	응. 내가 옆에서 알려줘도 전혀 못 알아들어서 헛웃음이 나오더라고.	N	2022-07-04 18:21:30	2022-11-08 04:04:00
BE22006154	6	1	그래서 순간 네가 한숨이 푹푹 나왔구나. 하지만 부부 사이는 좋다가도 상대가 내가 원하는 걸 못 하면 안 좋게 보이기도 하잖아. 그러니 너무 남편을 안 좋게 보지 말아봐.	N	2022-07-04 18:21:30	2022-11-08 04:04:00
BE22006154	7	0	그렇긴 하지만 그 간단한 형광등 가는 법을 몰라서 내가 의아한 눈빛을 장착했다니까.	N	2022-07-04 18:21:30	2022-11-08 04:04:00
BE22006154	8	1	물론 남편이 형광등을 갈지 못하셨을 때는 네가 고개를 절레절레 저었을 거라고 생각해. 하지만 되려 남편이 모르는 걸 네가 이번 기회에 알려줘야겠다는 따뜻한 마음을 품어보면 어떨까?	N	2022-07-04 18:21:30	2022-11-08 04:04:00
BE22006154	9	0	정말 그럼 내가 남편을 평소처럼 사랑스럽게 볼 수 있을까?	N	2022-07-04 18:21:30	2022-11-08 04:04:00
BE22006154	10	1	그렇고말고! 남편이 한심하게 보여 눈이 절로 게슴츠레해지는 걸 진정시켜봐. 금세 좋은 점이 보여서 네가 오늘 당황스러웠던 감정을 진정시킬 수 있을 거야.	N	2022-07-04 18:21:30	2022-11-08 04:04:00
BE22006154	11	0	그렇네. 내가 남편이 형광등을 못 가는 걸 보며 이마만 짚는 게... 우리 사이에는 별로 좋은 영향이 아니라는 생각이 들어.	N	2022-07-04 18:21:30	2022-11-08 04:04:00
BE22006154	12	1	맞아. 오늘처럼 남편이 형광등을 못 갈면 왜 쉬운 걸 못 하지, 하는 생각은 잠시 접어봐. 오히려 서로 못하는 걸 도와준다면 부부 사이는 꽃이 만개한 언덕을 보는 것처럼 행복해질 거야.	N	2022-07-04 18:21:30	2022-11-08 04:04:00
BE22006154	13	0	알겠어. 네 말대로 다음부터는 남편이 못 하는 걸 보면서 뒤통수만 마구 긁지 않도록 할게! 자신감이 솟는다. 얘기 들어줘서 고마워.	N	2022-07-04 18:21:30	2022-11-08 04:04:00
BE22006154	14	1	역시 상대가 마음에 들지 않는 행동을 하더라도 금세 보완해나가려는 의지가 활활 타오르는 내 친구답다!	Y	2022-07-04 18:21:30	2022-11-08 04:04:00
