id	utterance_id	utterance_type	utterance_text	terminate	regDate	updDate
BE22009083	1	0	어제까지 전공 수업 조 짜야 하는 거 알고 있어?	N	2022-07-15 05:58:43	2022-11-08 04:22:49
BE22009083	2	1	응. 당연하지. 교수님이 기말고사 대체 과제물이라고 꼭 어제까지 조원 정하라고 하셨잖아.	N	2022-07-15 05:58:43	2022-11-08 04:22:49
BE22009083	3	0	그런데 친한 후배가 작은 조건들까지 깐깐하게 보느라 정작 날짜를 착각해서 혼자 하게 됐대. 분명히 4명 이상이 모여서 조를 짜야 진행할만한 복잡한 프로젝트인데 말이야. 그래서 후배의 행동이 너무 당황스럽고 한심해.	N	2022-07-15 05:58:43	2022-11-08 04:22:49
BE22009083	4	1	후배의 행동이 최악의 결과로 이어지는 걸 보면서 무척 당황스럽고 한심하겠다. 내 주위 사람이 그런다면 나도 매우 당황스러운 느낌을 받으면서 고치라고 조언해줄 거야.	N	2022-07-15 05:58:43	2022-11-08 04:22:49
BE22009083	5	0	후배의 성격을 아니까 처음 공지 나올 때부터 빨리 정하라고 닦달하기까지 했는데 말이야. 난 이미 같이하기로 한 친구들이 있어서 같이 못 했는데 이런 결과가 나올 줄은 몰랐어.	N	2022-07-15 05:58:43	2022-11-08 04:22:49
BE22009083	6	1	그랬구나. 그 후배도 아주 당황스러울 것 같아.	N	2022-07-15 05:58:43	2022-11-08 04:22:49
BE22009083	7	0	맞아. 자기 자신도 스스로 당황스러움을 많이 느끼고 한심해하는 것 같아. 내 생각과 크게 다르지 않은 거지. 어떻게 이런 감정을 없앨 수 있을까?	N	2022-07-15 05:58:43	2022-11-08 04:22:49
BE22009083	8	1	네가 나보다 그 후배에 대해 잘 알고 있잖아? 네가 가장 당황스럽다고 느꼈던 부분을 다시 한번 생각해보고, 해결 방안도 생각해보자.	N	2022-07-15 05:58:43	2022-11-08 04:22:49
BE22009083	9	0	그래야겠다. 가장 당황스러웠던 부분은 꼼꼼히 살피느라 정작 큰 부분을 놓치는 것 같아. 과제나 조 모임, 심지어 시험까지 말이야. 하나하나 분석해야 좋은 성적을 받을 수 있다고 생각하는 것 같아.	N	2022-07-15 05:58:43	2022-11-08 04:22:49
BE22009083	10	1	그럼 어떻게 하면 그런 일이 다시 일어나지 않을 수 있을까? 얘기해보는 게 좋지 않을까?	N	2022-07-15 05:58:43	2022-11-08 04:22:49
BE22009083	11	0	좋은 생각이다! 후배 소식을 듣고 답답한 마음에 화만 냈던 것 같아.	N	2022-07-15 05:58:43	2022-11-08 04:22:49
BE22009083	12	1	그럼 세부적인 내용은 네가 느낀 감정을 잘 말해주면 될 것 같아. 이번에 마음이 정말 잘 맞는 후배라고 했었는데. 이끌어 가줄 수 있는 선배는 너뿐인 것 같아. 파이팅!	N	2022-07-15 05:58:43	2022-11-08 04:22:49
BE22009083	13	0	그래야겠다. 내가 겪었던 일들과 함께 내가 그런 상황에서 느낀 감정을 설명해줘야겠어. 이젠 당황스러운 감정보다는 후배가 모르는 걸 설명해줘야겠다는 마음이 더 커진 것 같아. 그래서인지 많은 부분이 편안해졌어, 고마워!	N	2022-07-15 05:58:43	2022-11-08 04:22:49
BE22009083	14	1	고맙긴 뭘. 후배도 너도 감정 잘 완화 시켰으면 좋겠다!	Y	2022-07-15 05:58:43	2022-11-08 04:22:49
