id	utterance_id	utterance_type	utterance_text	terminate	regDate	updDate
BE22009224	1	0	나 지금 너무 황당한 거 있지. 저번에 만들어진 스터디 그룹에서 탈퇴 당했어.	N	2022-07-15 09:34:42	2022-11-08 04:23:43
BE22009224	2	1	어쩌다가 그랬어? 갑자기 그래서 네가 많이 놀랐겠네.	N	2022-07-15 09:34:42	2022-11-08 04:23:43
BE22009224	3	0	내가 요즘에 일이 많았잖아. 부모님도 편찮으셔서 병원도 모시고 가고 우리 강아지도 갑자기 죽고. 그래서 결석이 잦았다고 일방적으로 탈퇴를 당했어.	N	2022-07-15 09:34:42	2022-11-08 04:23:43
BE22009224	4	1	결석은 잦았지만, 이유가 충분했는데도 갑자기 탈퇴를 당해서 네가 많이 당황스러운 기분이 들겠구나.	N	2022-07-15 09:34:42	2022-11-08 04:23:43
BE22009224	5	0	내가 매번 설명하고 친구들도 위로해주면서 어쩔 수 없지 않냐며 그랬는데 뒤통수를 치는 것도 아니고. 너무 당황스러워서 어안이벙벙해.	N	2022-07-15 09:34:42	2022-11-08 04:23:43
BE22009224	6	1	내가 그 상황들 다 전해 들어서 알잖아. 나도 이렇게 황당한데 너는 정말 마음이 안 좋겠다.	N	2022-07-15 09:34:42	2022-11-08 04:23:43
BE22009224	7	0	내가 못 가는 상황에서도 내 몫으로 준비해야 하는 것들은 빠짐없이 했거든. 그랬는데 어쩜 이런 상황이 펼쳐지니?	N	2022-07-15 09:34:42	2022-11-08 04:23:43
BE22009224	8	1	네가 그런 기분이 드는 건 당연해. 너는 최선을 다했는데 일방적으로 이렇게 통보받았으니 얼마나 놀랐겠어. 말이라도 미리 해줬으면 좋았을 걸 갑자기 이러니 네가 아주 당황스럽지.	N	2022-07-15 09:34:42	2022-11-08 04:23:44
BE22009224	9	0	내가 갑자기 이렇게 스터디 그룹에서 탈퇴를 당하게 될 줄은 정말 몰랐어.	N	2022-07-15 09:34:42	2022-11-08 04:23:44
BE22009224	10	1	나였어도 그랬을 거야. 친구들이 계속 괜찮다고 했었잖아. 그러지 않았으면 네가 다른 방법을 미리 찾아봤을 텐데.	N	2022-07-15 09:34:42	2022-11-08 04:23:44
BE22009224	11	0	그러니까. 너무 당황스러우니 기분이 매우 안 좋아. 나는 이제 어떻게 해야 하지.	N	2022-07-15 09:34:42	2022-11-08 04:23:44
BE22009224	12	1	괜찮아. 큰일 아니라고 생각하고 맘을 조금 편하게 먹어봐. 지금 갑자기 일어난 일이라 당황스럽겠지만 이 기분도 잠시 있으면 조금씩 나아질 거야.	N	2022-07-15 09:34:42	2022-11-08 04:23:44
BE22009224	13	0	네가 그렇게 말해 주니 마음이 조금은 진정이 되는 것 같아. 내가 너무 놀랐었나 봐.	N	2022-07-15 09:34:42	2022-11-08 04:23:44
BE22009224	14	1	그래, 다른 스터디 그룹에서도 너라면 다들 반길 거야. 나랑 같이 찾아보자.	Y	2022-07-15 09:34:42	2022-11-08 04:23:44
