id	utterance_id	utterance_type	utterance_text	terminate	regDate	updDate
BE22009176	1	0	팀장을 맡으면서 생각지도 않는 일을 내가 책임져야 할 일들이 가끔 발생해서 당황스럽네.	N	2022-07-15 07:54:38	2022-11-08 04:23:25
BE22009176	2	1	아무래도 팀장도 팀의 책임자다 보니 그럴 수 있겠구나. 자주 발생하면 스트레스를 받을 텐데.	N	2022-07-15 07:54:38	2022-11-08 04:23:25
BE22009176	3	0	어제 팀원 계약 건이 있었는데, 고객님께 드려야 할 서류 미전달로 불만 민원 접수돼서 아주 난리였어.	N	2022-07-15 07:54:38	2022-11-08 04:23:25
BE22009176	4	1	그런 것까지 팀장의 책임이 따른다고? 당황스럽네. 어느 정도 각자의 일이 아닌가? 어렵다.	N	2022-07-15 07:54:38	2022-11-08 04:23:25
BE22009176	5	0	신입사원인데다가 내가 옆에 있었거든, 교육장에서 기본은 배우고 온 줄 알고 따로 말을 안 했지.	N	2022-07-15 07:54:38	2022-11-08 04:23:25
BE22009176	6	1	어처구니가 없다. 상황은 충분히 이해되지만, 본인 실수를 팀장에게 떠맡기다니, 이건 아닌데.	N	2022-07-15 07:54:38	2022-11-08 04:23:25
BE22009176	7	0	그렇지. 신입이라고 내 마음을 달래 보는데, 당황스럽고 은근히 화도 치밀어 오르네. 지점이 엄청 시끄러웠거든. 마치 내가 신입 관리 못한 것처럼.	N	2022-07-15 07:54:38	2022-11-08 04:23:25
BE22009176	8	1	아니지, 아니지, 그건 아니지. 서류 챙겨 주는 것은 기본 중의 기본인데, 본인이 안 하고 팀장 탓을 하니.	N	2022-07-15 07:54:38	2022-11-08 04:23:25
BE22009176	9	0	지난번 신입은 그러지 않았는데, 이번 신입은 이상하게 자꾸 일이 꼬여. 그래서 나도 모르게 당황스럽고 고민스러워.	N	2022-07-15 07:54:38	2022-11-08 04:23:25
BE22009176	10	1	힘들고 당황스럽겠다. 처음에 팀장 시작하면서 포부가 대단했던 것 같은데, 자꾸 기운 빠지지? 이런 일이 생기면 고생한다.	N	2022-07-15 07:54:38	2022-11-08 04:23:25
BE22009176	11	0	솔직히 좀 버겁네. 내가 팀장 자질이 부족한가? 싶기도 하고. 열심히 한다고 하고 있는데.	N	2022-07-15 07:54:38	2022-11-08 04:23:25
BE22009176	12	1	절대 그렇지 않아. 너 팀원 관리 잘한다고 소문났어. 내가 지난번에 너희 사무실 놀러 갔을 때 들은 소리야. 기운 내.	N	2022-07-15 07:54:38	2022-11-08 04:23:25
BE22009176	13	0	정말이야? 지난번에 아무 말 없었잖아. 위로하려고 하는 소리지?	N	2022-07-15 07:54:38	2022-11-08 04:23:25
BE22009176	14	1	내가 깜박했어. 그 소리 듣고 자식 포부만큼이나 잘하고 있다고 생각했어. 상품 지식도 많다고 팀원들도 팀장님 최고라고 하더라. 자부심을 가져.	N	2022-07-15 07:54:38	2022-11-08 04:23:25
BE22009176	15	0	그런 말은 바로바로 해줘야지. 힘 얻어서 팀원들한테 더 열정을 쏟지.	N	2022-07-15 07:54:38	2022-11-08 04:23:25
BE22009176	16	1	어휴, 우리 팀장님 우리 팀장님 하겠네. 지금도 충분히 열정 넘쳐요. 적당히 하세요. 건강도 챙기시고요.	N	2022-07-15 07:54:38	2022-11-08 04:23:25
BE22009176	17	0	하하, 우리 팀장님 소리 정말 좋지. 너도 한번 해봐.	Y	2022-07-15 07:54:38	2022-11-08 04:23:25
