id	utterance_id	utterance_type	utterance_text	terminate	regDate	updDate
BE22005292	1	0	나 이번에 소개팅 망한 것 같아.	N	2022-06-29 19:12:38	2022-11-08 03:58:29
BE22005292	2	1	네가 그 남자 마음에 든다고 했잖아. 무슨 일 있었어?	N	2022-06-29 19:12:38	2022-11-08 03:58:29
BE22005292	3	0	소개팅에서 너무 창피한 일이 있었어. 나랑 식사하면서 자꾸 웃으시길래 왜 그러나 싶어서 물어봤더니 별거 아니라면서 신경 쓰지 말라는 거야.	N	2022-06-29 19:12:38	2022-11-08 03:58:29
BE22005292	4	1	앞에서 웃고 있으면 당연히 신경 쓰이지. 뭐 때문에 그런 거야?	N	2022-06-29 19:12:38	2022-11-08 03:58:29
BE22005292	5	0	그래서 중간에 화장실에 갔거든. 그리고 얼굴을 봤더니 마스크 눌린 자국이 선명한 거야. 부끄러워 죽을 뻔했어.	N	2022-06-29 19:12:38	2022-11-08 03:58:29
BE22005292	6	1	너 진짜 당황스러웠겠어. 나도 요즘 마스크 자국 때문에 신경 쓰이긴 하더라.	N	2022-06-29 19:12:38	2022-11-08 03:58:29
BE22005292	7	0	응. 그분이 내 얼굴 보고 웃은 거 생각하니까 너무 창피해서 눈도 못 마주치겠는 거야. 정말 도망치고 싶었다니까.	N	2022-06-29 19:12:38	2022-11-08 03:58:29
BE22005292	8	1	나였어도 잘 보이고 싶은 남자 앞이라 더 창피했을 것 같아. 얼마나 당황했을까 내가 다 속상하네.	N	2022-06-29 19:12:38	2022-11-08 03:58:29
BE22005292	9	0	맞아. 결국 횡설수설하면서 하고 싶은 얘기도 다 못하고 끝낸 것 같아. 계속 연락하고 싶어도 자꾸 그때 생각만 하면 창피해서 주저하게 돼.	N	2022-06-29 19:12:38	2022-11-08 03:58:29
BE22005292	10	1	그렇지만 네가 그분한테 잘못한 것도 아니고, 그분이 웃은 것도 부정적인 의미는 아닐 것 같아. 그냥 네가 먼저 편하게 연락해 보는 거 어때?	N	2022-06-29 19:12:38	2022-11-08 03:58:29
BE22005292	11	0	정말? 내가 너무 쓸데없는 거에 신경 쓰는 걸까?	N	2022-06-29 19:12:38	2022-11-08 03:58:29
BE22005292	12	1	마음 있는 사람 앞에서는 사소한 것도 신경 쓰이는 게 당연하지. 그렇지만 그 순간의 창피함 때문에 너의 마음을 제대로 표현하지 못하는 건 너무 후회될 거야.	N	2022-06-29 19:12:38	2022-11-08 03:58:29
BE22005292	13	0	맞아. 생각해 보면 그 순간이 너무 창피해서 그분의 표현을 자꾸 피했던 것 같아.	N	2022-06-29 19:12:38	2022-11-08 03:58:29
BE22005292	14	1	그래. 너는 솔직하고, 당당한 게 매력이니까 그때의 창피함은 잊어버리고, 너답게 먼저 연락해 봐! 그분도 분명히 너의 매력을 느낄 수 있을 거야.	N	2022-06-29 19:12:38	2022-11-08 03:58:29
BE22005292	15	0	응. 언니 덕분에 마음이 조금 편해진 것 같아. 연락도 먼저 해봐야겠어. 고마워!	Y	2022-06-29 19:12:38	2022-11-08 03:58:29
