id	utterance_id	utterance_type	utterance_text	terminate	regDate	updDate
BE22008100	1	0	아침에 내 얼굴 보고 깜짝 놀랐다. 사진 보내볼까?	N	2022-07-12 06:43:22	2022-11-08 04:16:31
BE22008100	2	1	무슨 일이길래 그래? 엄청 우스꽝스러운 모습인 거 아냐?	N	2022-07-12 06:43:22	2022-11-08 04:16:31
BE22008100	3	0	아니, 왜 술만 마시면 그대로 뻗어서 자는 걸까? 마스카라가 다 번져서 판다 모습이 되어있어.	N	2022-07-12 06:43:22	2022-11-08 04:16:31
BE22008100	4	1	남들에게 유쾌한 웃음을 줄 수 있는 상황 같은데? 그런 너의 모습이 너무 귀엽고 사랑스럽게 느껴지는걸. 그 정도면 양반 아니야?	N	2022-07-12 06:43:22	2022-11-08 04:16:31
BE22008100	5	0	이런 모습이 하루 이틀이 아니니까 그렇지. 너는 내가 얼마나 스스로 한심하게 느끼는지 이해 못 할 거야.	N	2022-07-12 06:43:22	2022-11-08 04:16:31
BE22008100	6	1	섣불리 이야기해서 진심으로 미안해. 나는 네가 그토록 이 상황에 대해서 스트레스받고 걱정하고 있는지 짐작하지 못했어. 술에만 취하면 지속적으로 눕는 습관이라면 충분히 당황되고 신경 쓰일 수 있겠어.	N	2022-07-12 06:43:22	2022-11-08 04:16:31
BE22008100	7	0	술도 자주 마시는 편인데 반복적으로 이러니까 피부도 안 좋아지는 것 같고. 내 정신에 문제가 있는 건지 당황스러워.	N	2022-07-12 06:43:22	2022-11-08 04:16:31
BE22008100	8	1	네가 알지도 못하는 사이에 잠이 들어버리니 혼란스럽고 당황스러울 수밖에 없겠다. 하지만 네가 일부러 그러려고 하는 것은 아니니 너의 잘못은 아니야. 너의 잘못이라고 결정짓고 스스로를 다그치지 않았으면 좋겠어.	N	2022-07-12 06:43:22	2022-11-08 04:16:31
BE22008100	9	0	내가 너무 게으르고 철없어 보이지 않아?	N	2022-07-12 06:43:22	2022-11-08 04:16:31
BE22008100	10	1	결코 그렇지 않아. 누구나 각자 좋아하는 것들이 있고, 그것을 즐기면서 시행착오가 있을 수 있지. 그렇다고 해서 누군가가 널 나태하게 본다거나 그러지 않으니까 시선을 의식하지 않았으면 해.	N	2022-07-12 06:43:22	2022-11-08 04:16:31
BE22008100	11	0	그래도 될까? 오늘도 술 마실 것 같은데 걱정이야.	N	2022-07-12 06:43:22	2022-11-08 04:16:31
BE22008100	12	1	너 스스로도 너의 문제를 알고 있으니 취하지 않을 정도로 마실 수 있을 것 같은데? 건강을 위해서라도 네가 술을 조금 더 줄인다면 좋겠다.	N	2022-07-12 06:43:22	2022-11-08 04:16:31
BE22008100	13	0	내가 나를 궁지로 몰아넣은 것 같아. 기분 좋게 취하지 않고 충분히 즐길 만큼만 마시면 되는 거였는데 말이야.	N	2022-07-12 06:43:22	2022-11-08 04:16:31
BE22008100	14	1	스스로를 인정하고 나아지려는 네 모습이 정말 대견하다. 발전하는 모습에 내 마음도 한껏 부풀어 올라 기뻐져. 그리고 나란 사람도 그래야겠다는 생각이 들어.	N	2022-07-12 06:43:22	2022-11-08 04:16:31
BE22008100	15	0	내 푸념에도 귀찮아하지 않고 다독여줘서 너무 고마워. 너 때문에 술도 잡고 내 습관도 기분도 모두 바로잡을 수 있을 것 같아.	N	2022-07-12 06:43:22	2022-11-08 04:16:31
BE22008100	16	1	내가 너에게 도움이 되었다니 좋다. 오늘도 즐거운 하루 보내길 바랄게.	Y	2022-07-12 06:43:22	2022-11-08 04:16:31
