id	utterance_id	utterance_type	utterance_text	terminate	regDate	updDate
BE22002082	1	0	안 들킬 수 있었는데.	N	2022-06-19 05:15:52	2022-11-08 03:37:54
BE22002082	2	1	누구한테 뭘 들켰는데?	N	2022-06-19 05:15:52	2022-11-08 03:37:54
BE22002082	3	0	뭐긴 12개월 무이자 할부로 산 핑크 새틴 펌프스 말하는 거지. 그걸 옷장 말고 베란다 창고에 놨으면 무사히 지나갔을 텐데. 남편이 지인 분 장례식 간다고 양복 찾다가 그만.	N	2022-06-19 05:15:52	2022-11-08 03:37:54
BE22002082	4	1	어쩌니 구두에 문외한인 내가 봐도 한눈에 고급스러움이 묻어나던데 남편도 비싼 거 알아챘겠구나. 그래서 남편 화가 머리끝까지 났겠는걸.	N	2022-06-19 05:15:52	2022-11-08 03:37:54
BE22002082	5	0	말도 마라. 어제 그동안 내가 쓴 카드 내역 뽑아 보고 언성 높이고 이렇게 믿음이 없는데 어떻게 사냐고 이혼 얘기까지 꺼냈어.	N	2022-06-19 05:15:52	2022-11-08 03:37:54
BE22002082	6	1	이혼이라고? 그래서 너는 뭐라고 말했어?	N	2022-06-19 05:15:52	2022-11-08 03:37:54
BE22002082	7	0	내가 무슨 말을 할 수가 없어서 그저 가만히 있었지 뭐. 나는 왜 이 모양인지, 지난달에도 잘 매지도 않을 숄더백이랑 그냥 예뻐서 산 반지, 그리고 이 구두까지 몇백을 긁었어. 도무지 충동이 조절이 안 되는데 나 무슨 병이 있는 거 아닐까?	N	2022-06-19 05:15:52	2022-11-08 03:37:54
BE22002082	8	1	남편은 너무 바쁘고 아이들은 사춘기라 예민하게 굴고 너는 너대로 늘 외롭다 슬프다 말하는 거 보고 나도 친구로서 솔직히 걱정됐었어.	N	2022-06-19 05:15:52	2022-11-08 03:37:54
BE22002082	9	0	응 최근에 그런 마음이 더 심해졌어. 어쩐지 나는 혼자 있는 시간을 버텨내지 못하는 쓸모도 없는 한심한 사람이구나 .	N	2022-06-19 05:15:52	2022-11-08 03:37:54
BE22002082	10	1	그래서 말인데 이번 기회에 남편에게 네 마음을 털어놔 보는 게 어때? 같이 좋은 방법을 모색해 보는 거지. 가족 심리 상담 같은 걸 받아도 좋고 요즘에는 심리 치료 같은 걸 꼭 문제 있는 사람이 받는 건 아니라는 인식이 자리 잡았으니 너도 편하게 생각해도 좋을 것 같고.	N	2022-06-19 05:15:52	2022-11-08 03:37:54
BE22002082	11	0	그래볼까? 하긴 나도 내가 상태가 점점 심각해지고 감당하기 힘들어지고 있구나 하고 느끼고 있었어. 아무래도 그래야 쇼핑 중독을 고칠 수 있을 것 같지?	N	2022-06-19 05:15:52	2022-11-08 03:37:54
BE22002082	12	1	그럼 텔레비전에서 너와 비슷한 사례를 본 기억이 나. 그때도 전문가가 어떤 상황에 집중하기보다 그 이면의 문제점을 고쳐야 한다고 했었어. 특히 가족 모두의 협조가 있으면 치료율도 높다고 들었고.	N	2022-06-19 05:15:52	2022-11-08 03:37:54
BE22002082	13	0	응 이제 안 되겠어. 애들이랑 남편한테 도움을 부탁해 봐야겠어. 이러다 내가 무너지면 상황은 더 심각해질 텐데 그건 막아야지.	N	2022-06-19 05:15:52	2022-11-08 03:37:54
BE22002082	14	1	그러자 나도 도울 수 있는 건 도울게. 그래도 네가 올바른 방향으로 생각 잘하니까 내 마음이 놓여.	N	2022-06-19 05:15:52	2022-11-08 03:37:54
BE22002082	15	0	그래, 나 좀 도와줘. 나도 내 나름대로 노력할 테니.	N	2022-06-19 05:15:52	2022-11-08 03:37:54
BE22002082	16	1	물론이지, 도울테니 힘내.	Y	2022-06-19 05:15:52	2022-11-08 03:37:54
