id	utterance_id	utterance_type	utterance_text	terminate	regDate	updDate
BE22002961	1	0	공감화자야, 너도 네 여자 친구가 하는 욕 들어본 적 있어?	N	2022-06-23 08:05:48	2022-11-08 03:43:32
BE22002961	2	1	응, 당연하지. 사람이 살면서 욕 한 번 안 하고 살겠어? 너는 듣고 놀란 거야?	N	2022-06-23 08:05:48	2022-11-08 03:43:32
BE22002961	3	0	나는 내 여자 친구가 욕 못 하는 줄 알았어. 근데 운전대를 잡으니까 무슨 노래를 부르듯 욕이 나오는 거야.	N	2022-06-23 08:05:48	2022-11-08 03:43:32
BE22002961	4	1	하하, 터프하네. 운전대를 잡으면 사람이 평소보다 격해질 수가 있잖아. 많이 당황스러웠구나?	N	2022-06-23 08:05:48	2022-11-08 03:43:32
BE22002961	5	0	나는 완전 당황해서 어떻게 반응을 해야 할지 모르겠더라고. 이 여자가 내 여자 친구랑 동일인물인가 혼란스러울 정도였어.	N	2022-06-23 08:05:48	2022-11-08 03:43:32
BE22002961	6	1	평소에 그런 모습을 일절 못 봤다면 네가 그렇게 혼란스러운 것도 이해가 간다. 조용하고 수줍음 많은 성격인 것 같은데 운전하면서 달라지면 다른 사람 같기도 하잖아. 근데 너 괜찮아?	N	2022-06-23 08:05:48	2022-11-08 03:43:32
BE22002961	7	0	괜찮긴 하지. 그렇다고 헤어지거나 마음이 식거나 그런 건 아니니까. 근데 한 번도 본 적이 없던 모습이라 내가 놀랐나봐.	N	2022-06-23 08:05:48	2022-11-08 03:43:32
BE22002961	8	1	새로운 면을 발견했다고 생각해. 사람은 입체적인 동물이 아니겠냐. 이 사람이 내가 편해서 이런 모습을 보여주는구나 하고 긍정적으로 생각하면 어떨까?	N	2022-06-23 08:05:48	2022-11-08 03:43:32
BE22002961	9	0	그거 괜찮은 접근이다. 내가 이제 편하니까 다른 모습도 보여주는 거라고 생각하니 기분 괜찮은 걸?	N	2022-06-23 08:05:48	2022-11-08 03:43:32
BE22002961	10	1	네가 자신의 모습을 있는 그대로 봐줄 거라 생각하니까 네 여자 친구도 편히 내보인 거겠지. 네가 불쾌해할 거라 생각했으면 그걸 숨기지 않았겠니. 안 그래?	N	2022-06-23 08:05:48	2022-11-08 03:43:32
BE22002961	11	0	응, 그렇겠지. 공감화자야, 네 말을 들으니까 혼란함이 싹 가신다. 여자 친구가 더 가깝게 느껴져.	N	2022-06-23 08:05:48	2022-11-08 03:43:32
BE22002961	12	1	그렇지, 너는 여자 친구의 새로운 모습을 보고 이전보다 더 가까워진 거야. 그건 관계에 있어서 환영할 일이지. 내 여자 친구도 사람이구나 하고 편히 생각해.	N	2022-06-23 08:05:48	2022-11-08 03:43:32
BE22002961	13	0	그래, 알았어. 네 덕분에 마음이 완전 편해졌다. 고마워.	N	2022-06-23 08:05:48	2022-11-08 03:43:32
BE22002961	14	1	고맙기는. 앞으로 서로 더 다양한 모습 보여주면서 잘 만나라. 보기 좋다.	N	2022-06-23 08:05:48	2022-11-08 03:43:32
BE22002961	15	0	고맙다. 또 연락할게. 나중에 보자.	Y	2022-06-23 08:05:48	2022-11-08 03:43:32
