id	utterance_id	utterance_type	utterance_text	terminate	regDate	updDate
BE22008619	1	0	친구야, 시험 범위가 줄었다는 소식 들었어? 잘된 건지, 안 된 건지 당황스럽기만 하다.	N	2022-07-13 12:48:04	2022-11-08 04:19:51
BE22008619	2	1	일단 범위가 줄면 좋은 거 아닌가. 너는 뭐가 문제라고 생각하니?	N	2022-07-13 12:48:04	2022-11-08 04:19:51
BE22008619	3	0	공부할 게 줄어든 건 좋지. 그런데 시험 난이도를 높게 낼 거 같지 않니?	N	2022-07-13 12:48:04	2022-11-08 04:19:51
BE22008619	4	1	아, 그래서 혼란스러운 거구나. 맞아, 범위가 작으면 변별력을 가리기 위해 당연히 어렵게 내겠지. 난 그런 건 생각도 못 했네.	N	2022-07-13 12:48:04	2022-11-08 04:19:51
BE22008619	5	0	지난번 시험 망쳐서 이번 시험 잘 봐야 해. 나름 전략을 세워서 공부하고 있었는데. 어떻게 해야 할지 막막하네.	N	2022-07-13 12:48:04	2022-11-08 04:19:51
BE22008619	6	1	꼼꼼하게 시험 준비를 하고 있었구나. 전략까지 세운 그런 각오가 정말 멋있다. 그런 모습이 정말 부러운데.	N	2022-07-13 12:48:04	2022-11-08 04:19:51
BE22008619	7	0	하하, 네가 보기에 내가 예민해 보이지? 그래서 친구들이 나를 걱정 공주라고 부르나 봐.	N	2022-07-13 12:48:04	2022-11-08 04:19:51
BE22008619	8	1	그래 맞아, 걱정하는 시간에 공부하든 잠을 보충하는 게 나을지도 몰라. 그렇지만 너처럼 애착심을 갖고 공부하면 반드시 성취하겠지. 나는 그런 너의 모습이 좋아 보여.	N	2022-07-13 12:48:04	2022-11-08 04:19:51
BE22008619	9	0	너처럼 집중력이 있다면 나도 아마 쉬엄쉬엄할 거야. 나는 노력형 인간이라고.	N	2022-07-13 12:48:04	2022-11-08 04:19:51
BE22008619	10	1	노력하는 사람을 당할 자가 있겠니? 선생님이 시험 범위를 줄인 의도를 파악해 보면 답이 나올지 몰라.	N	2022-07-13 12:48:04	2022-11-08 04:19:51
BE22008619	11	0	그건 지난번 시험 범위가 너무 넓긴 했어. 아이들 원성이 대단했잖아. 선생님들도 우리들 눈치를 많이 보시겠지.	N	2022-07-13 12:48:04	2022-11-08 04:19:51
BE22008619	12	1	너는 공부만 열심히 하는 줄 알았더니 주변 상황도 잘 분석하네. 선생님도 분량을 줄여서 포기하려는 아이들에게 기운을 주고 싶겠지.	N	2022-07-13 12:48:04	2022-11-08 04:19:51
BE22008619	13	0	맞아, 나는 마음을 가라앉히고 교과서 위주로 공부할 거야. 그러고 나서 문제 풀이를 해야지.	N	2022-07-13 12:48:04	2022-11-08 04:19:51
BE22008619	14	1	역시 우등생은 달라. 이번 시험은 지난번보다 더 잘 보길 세상 모든 신들께 빌어줄게.	N	2022-07-13 12:48:04	2022-11-08 04:19:51
BE22008619	15	0	아이고, 세상에나 이렇게 고마울 수가. 네 덕분에 혼란스러운 마음이 많이 해소됐어. 너와 함께 공부할 수 있어서 좋다.	N	2022-07-13 12:48:04	2022-11-08 04:19:51
BE22008619	16	1	하하하, 나도 그래. 우리 열심히 준비해 보자. 파이팅!	Y	2022-07-13 12:48:04	2022-11-08 04:19:51
