id	utterance_id	utterance_type	utterance_text	terminate	regDate	updDate
BE22004870	1	0	남자 친구 진짜 정이 떨어지는데 어쩌지.	N	2022-06-28 16:05:13	2022-11-08 03:55:43
BE22004870	2	1	기분 좋게 제주도까지 가서 무슨 일인데. 제주도가서 프로포즈받을 거 같다며? 못 받았어?	N	2022-06-28 16:05:13	2022-11-08 03:55:43
BE22004870	3	0	아니. 근데 한라산 정상에서 프로포즈를 받은 게 문제지.	N	2022-06-28 16:05:13	2022-11-08 03:55:43
BE22004870	4	1	거기서 받는 건 왜 싫은 거야? 이번에 제주도 여행가서 프로포즈 꼭 받고 싶다고 그렇게 노래 불렀잖아.	N	2022-06-28 16:05:13	2022-11-08 03:55:43
BE22004870	5	0	내가 항상 프러포즈는 단둘이 있는 공간에서 받고 싶다고 이야기했거든. 로맨틱하지 않아도 되고 비싼 선물도 필요 없어도 되니까 온전히 우리 둘만의 시간을 즐기고 싶었단 말야. 그런데 그 사람 많은 한라산 정상에서 프로포즈를 하는데 얼마나 부끄럽고 당황스러운지 표정이 굳어져 버렸어.	N	2022-06-28 16:05:13	2022-11-08 03:55:43
BE22004870	6	1	너는 진심이 느껴지는 고백 상황을 바란다고 항상 얘기해왔는데도 남자 친구가 그래주지 않다니! 게다가 사람 많은 곳에서 고백을 한다니 진짜 내가 다 부끄러워. 남들한테 굳이 약혼한다고 동네방네 소문낼 필요는 없잖아.	N	2022-06-28 16:05:13	2022-11-08 03:55:43
BE22004870	7	0	내 말이. 나도 모르게 표정이 굳는데 그 많은 사람이 환호성을 치는데 쥐구멍에라도 숨고 싶었어. 감동 받고 기쁜 마음으로 반지를 받은 게 아니라 그냥 그 상황을 빨리 끝내고 싶단 마음뿐이었어.	N	2022-06-28 16:05:13	2022-11-08 03:55:43
BE22004870	8	1	너가 바라왔던 프로포즈의 모습이 완전 아니었으니 충분히 부끄럽고 당황했을 수 있어. 그래도 넌 어른스럽게 충분히 그 상황을 잘 해결한 거야. 일단 지금 그런 부정적인 감정들은 잊고 프로포즈를 받은 기쁜 사실을 만끽하자.	N	2022-06-28 16:05:13	2022-11-08 03:55:43
BE22004870	9	0	분명 내가 원하던 결혼이 다가왔으니 기쁘기는 해. 하지만 내가 매번 그렇게 말을 했는데도 전혀 다른 프로포즈를 하다니. 이 점이 잘 이해가 안 돼.	N	2022-06-28 16:05:13	2022-11-08 03:55:43
BE22004870	10	1	음 남자 친구는 그게 나름의 로맨틱한 프로포즈라고 생각했던 게 아닐까? 한라산 정상의 멋진 경치를 보며 너에게 결혼하자 말하고 싶었던 걸 거야. 너에게 프로포즈에 대한 좋은 추억을 주려고 분명 그랬을 거야.	N	2022-06-28 16:05:13	2022-11-08 03:55:43
BE22004870	11	0	사실 그날 날씨는 정말 좋아서 한라산 정상의 경치는 정말 멋있긴 했어. 사람들 때문에 당황은 했지만 햇빛에 밝게 빛나던 남자 친구의 눈동자가 왜 이렇게 예쁘게 보였는지. 지금 와서 생각해보면 인상 깊은 프로포즈이긴 했지.	N	2022-06-28 16:05:13	2022-11-08 03:55:43
BE22004870	12	1	그래. 너의 말을 안 들은 건 조금 괘씸하긴 하지만 나름의 최선을 다한 건 귀엽게 봐주자. 너도 평생 잊지 못할 추억이 하나 생긴 거잖아.	N	2022-06-28 16:05:13	2022-11-08 03:55:43
BE22004870	13	0	황당하지만 결과적으로는 잊지 못할 추억이 되긴 했네 하하. 지금 남자 친구한테 온갖 삐진 티를 냈는데 용기내서 프로포즈해준 거 정말 고맙다고 말해야겠다.	N	2022-06-28 16:05:13	2022-11-08 03:55:43
BE22004870	14	1	그래. 남은 시간 동안 조심히 잘 놀다 오고. 둘의 약혼 정말 축하해. 앞으로 두 사람의 인생에 행복만 가득하길!	N	2022-06-28 16:05:13	2022-11-08 03:55:43
BE22004870	15	0	고마워. 내가 서울 올라가면 한번 보자.	Y	2022-06-28 16:05:13	2022-11-08 03:55:43
