id	utterance_id	utterance_type	utterance_text	terminate	regDate	updDate
BE22007856	1	0	너 혹시 두 남자를 동시에 만나본 적 있니? 나는 얼마 전까지 한동안 그랬어. 너라면 나 같은 사람 친구로 받아줄 수 있니?	N	2022-07-11 12:32:18	2022-11-08 04:14:58
BE22007856	2	1	웬일이니, 도대체 그동안 얼마나 마음고생을 한 거야? 어떤 상황이라 해도 난 네 편이야. 답답한 속이라도 진작 털어놓지 그랬어.	N	2022-07-11 12:32:18	2022-11-08 04:14:58
BE22007856	3	0	두 사람 모두에게 큰 죄를 짓는 것 같아서 다른 건 생각할 여력이 없었어. 매 순간 어떻게든 정리해야 한다는 생각에 머릿속이 복잡했거든.	N	2022-07-11 12:32:18	2022-11-08 04:14:58
BE22007856	4	1	엄청난 죄책감으로 속이 시커멓게 탔을 텐데 어떻게 견뎠니? 다 지난 일인데도 내 속이 바짝바짝 타는 거 같은데.	N	2022-07-11 12:32:18	2022-11-08 04:14:58
BE22007856	5	0	하루하루 살얼음판 위를 걷는 기분이었어. 두 사람 모두 내가 좋아하고, 좋아했던 사람이라서 절대 상처 주고 싶지 않았거든. 그러면 나 자신을 용서할 수 없을 것 같았어.	N	2022-07-11 12:32:18	2022-11-08 04:14:58
BE22007856	6	1	너라면 그랬을 거야. 두 사람 다 상처받지 않을 방법을 찾으려고 갖은 애를 썼을 테지. 하지만 그게 결코 쉬운 일이 아니잖아.	N	2022-07-11 12:32:18	2022-11-08 04:14:58
BE22007856	7	0	네 말이 맞아. 현 남자 친구가 집에 데려다준 날, 전 남자 친구가 집 앞에서 기다리는 바람에 들통났어. 결국은 내가 절대로 피하고 싶었던 상황이 벌어진 거지.	N	2022-07-11 12:32:18	2022-11-08 04:14:58
BE22007856	8	1	그래서 지금 너는 어떤 상황이니, 어떤 마음으로 지내고 있는 거야? 넌 그런 상황에서 절대로 쉽게 자신을 용서할 애가 아닌데 괜찮은 거니? 얼마나 힘들어할지 눈에 선해서 마음이 너무 아파.	N	2022-07-11 12:32:18	2022-11-08 04:14:58
BE22007856	9	0	앞으로 나는 나를 절대로 용서하지 못할 거야. 전 남자 친구의 황당하고 일그러진 표정이 지워지지 않아. 배신감과 경멸로 이글이글 타는 듯한 눈빛이 매 순간 나를 쫓아다녀.	N	2022-07-11 12:32:18	2022-11-08 04:14:58
BE22007856	10	1	그렇게 네 마음을 벼랑 끝으로 몰아붙이지 마. 어쩌면 그 친구는 지금쯤 널 용서하고, 네가 행복하길 바랄지도 몰라. 네가 얼마나 온 힘을 다해 순수하게 사랑하는지 아니까 결국 널 이해했을 거야.	N	2022-07-11 12:32:18	2022-11-08 04:14:58
BE22007856	11	0	이해해주길 바라지도 않아. 그냥 그 사람이 많이 아프지만 않다면 나는 뭐든 다 감수할 수 있어.	N	2022-07-11 12:32:18	2022-11-08 04:14:58
BE22007856	12	1	너희 두 사람이 얼마나 많은 행복을 나눴는지, 인생의 한때를 얼마나 사랑으로 충만하게 해줬는지 떠올려봐. 그 시간을 함께한 사람을 마음이 변했다고 해서 한없이 미워하기만 할까? 입장 바꿔 생각해서 너라면 그러겠니?	N	2022-07-11 12:32:18	2022-11-08 04:14:58
BE22007856	13	0	나라면 그 사람이 행복하다면 내가 아무리 아파도 기쁘게 보내줬을 것 같아.	N	2022-07-11 12:32:18	2022-11-08 04:14:58
BE22007856	14	1	그거 봐, 너라면 틀림없이 그랬을 거야. 그 사람도 마찬가지일 테고. 그러니까 이제 너도 그 사람 보내줘.	N	2022-07-11 12:32:18	2022-11-08 04:14:58
BE22007856	15	0	너랑 얘기하고 나니까 이제야 숨이 좀 쉬어지네. 마음 추스리려고 애써볼게. 고마워.	Y	2022-07-11 12:32:18	2022-11-08 04:14:58
