id	utterance_id	utterance_type	utterance_text	terminate	regDate	updDate
BE22006620	1	0	너, 어제 만났을 때 끼고 온 반지 너무 예쁘더라.	N	2022-07-06 11:51:17	2022-11-08 04:07:03
BE22006620	2	1	이번에 생일선물로 남편이 사준 거야. 예쁘다고 하니까 기분 좋다.	N	2022-07-06 11:51:17	2022-11-08 04:07:03
BE22006620	3	0	너는 좋겠다. 반지가 잘 어울려서. 나는 손가락이 짧아서 반지가 잘 안 어울려.	N	2022-07-06 11:51:17	2022-11-08 04:07:04
BE22006620	4	1	그러고 보니 너는 반지를 잘 안 끼었던 것 같아. 손가락 길이 때문에 반지를 안 끼는지는 처음 알았네.	N	2022-07-06 11:51:17	2022-11-08 04:07:04
BE22006620	5	0	너는 손가락이 기니까 아무 반지나 껴도 예쁘잖아. 근데 나는 손가락이 짧고 통통하니까 반지를 끼면 손가락이 더 짧아 보여. 하하하.	N	2022-07-06 11:51:17	2022-11-08 04:07:04
BE22006620	6	1	네 손가락이 통통한 거는 아는데, 짧다는 생각은 한 번도 해본 적이 없어. 그런 사연으로 반지를 안 끼었다니 좀 슬프네.	N	2022-07-06 11:51:17	2022-11-08 04:07:04
BE22006620	7	0	손이 작은데다 통통하니까 손가락이 짧아 보이더라구. 그래서 반지는 모두 서랍 속에 넣어 두었어.	N	2022-07-06 11:51:17	2022-11-08 04:07:04
BE22006620	8	1	그렇구나. 아무도 네 손가락이 짧은 것에는 관심이 없을 텐데, 너는 마음이 많이 쓰였나 보구나.	N	2022-07-06 11:51:17	2022-11-08 04:07:04
BE22006620	9	0	예전에는 큼지막한 알반지가 유행이었잖아. 내가 알반지를 끼니까 손이 더 짧아 보이고 반지만 크게 보이는 거야. 그때부터 반지를 안 끼기 시작한 거야.	N	2022-07-06 11:51:17	2022-11-08 04:07:04
BE22006620	10	1	알반지는 일반 링반지에 비해 크니까 그럴 수도 있겠네. 반지를 끼지 않은 지 오래되었구나. 예쁜 반지를 보면 끼고 싶지 않아?	N	2022-07-06 11:51:17	2022-11-08 04:07:04
BE22006620	11	0	당연히 예쁜 반지를 보면 욕심이 나지. 나도 내 손가락에 어울리는 반지를 착용하고 싶어. 반지를 낀 손이 참 예쁘다는 소리도 듣고 싶어.	N	2022-07-06 11:51:17	2022-11-08 04:07:04
BE22006620	12	1	요즘은 알이 없고 심플한 반지가 유행이야. 얇고 심플한 디자인의 반지는 네 손가락에 잘 어울릴 거야. 손가락이 짧아 보이지도 않을 거야.	N	2022-07-06 11:51:17	2022-11-08 04:07:04
BE22006620	13	0	그렇다면 심플한 반지를 한 번 껴볼까? 네 말대로 어울릴지도 모르잖아.	N	2022-07-06 11:51:17	2022-11-08 04:07:04
BE22006620	14	1	반지를 끼면 네 손가락이 예쁘고 길어 보여서 반지를 빼고 싶지 않을지도 몰라. 그러니까 자신감을 가져.	N	2022-07-06 11:51:17	2022-11-08 04:07:04
BE22006620	15	0	손가락의 길이를 탓하지 말고 자신감을 갖고 반지를 착용해야겠어. 나도 남편에게 생일 선물로 심플한 디자인의 반지를 사달라고 해야겠다.	Y	2022-07-06 11:51:17	2022-11-08 04:07:04
