id	utterance_id	utterance_type	utterance_text	terminate	regDate	updDate
BE22008288	1	0	나 어떡하지? 방금 버스에서 내렸는데 큰일 났어.	N	2022-07-12 16:33:34	2022-11-08 04:17:43
BE22008288	2	1	왜 그래? 무슨 일이 있어?	N	2022-07-12 16:33:34	2022-11-08 04:17:43
BE22008288	3	0	주머니를 확인해보니까 지갑이 없어. 나 어떡하지? 이런 일이 처음이라 너무 당황스러워. 어떡해.	N	2022-07-12 16:33:34	2022-11-08 04:17:43
BE22008288	4	1	일단 침착해야 해. 숨을 깊게 들이마시고 뱉어봐. 그리고 천천히 설명해줘.	N	2022-07-12 16:33:34	2022-11-08 04:17:43
BE22008288	5	0	버스에 지갑을 두고 내렸어. 남자 친구가 생일선물로 사준 지갑인데. 누가 들고 내렸으면 어떡해.	N	2022-07-12 16:33:34	2022-11-08 04:17:43
BE22008288	6	1	너에게 이런 일이 처음이라 적지 않게 당황했을 거야. 지갑을 잃어버리면 누구든지 앞이 캄캄해지고 당황하기 마련이야.	N	2022-07-12 16:33:34	2022-11-08 04:17:43
BE22008288	7	0	남자 친구한테 뭐라고 말하지? 선물 받은 지 한 달도 안 된 거야. 나 정말 어떡해.	N	2022-07-12 16:33:34	2022-11-08 04:17:43
BE22008288	8	1	남자 친구는 오히려 너를 이해할 거야. 너를 사랑하는 사람이니까. 나는 네가 먼저 버스회사에 연락해야 한다고 생각해.	N	2022-07-12 16:33:34	2022-11-08 04:17:43
BE22008288	9	0	버스회사에 전화하면 찾아줄까? 제발 찾아주었으면 좋겠어. 현금도 들어 있는데.	N	2022-07-12 16:33:34	2022-11-08 04:17:43
BE22008288	10	1	지금 당장에 네가 할 수 있는 최선은 버스회사에 전화하는 거야. 지금 당장 해볼 수 있는 일은 모두 해야 해. 하지만, 그보다 침착해지는 게 우선이야.	N	2022-07-12 16:33:34	2022-11-08 04:17:43
BE22008288	11	0	네 말대로 숨을 들이쉬고 뱉으니까 확실히 침착해져. 내가 너무 당황한 나머지 말이 많아지고 지금 당장 해야 할 것을 잊고 있었어.	N	2022-07-12 16:33:34	2022-11-08 04:17:43
BE22008288	12	1	버스회사에 연락하고 답장을 기다리는 거야. 잃어버린 지 얼마 안 되었으니 시간이 조금 걸릴 수도 있어. 하지만 중요한 건 절대 당황하면 안 돼. 알겠지?	N	2022-07-12 16:33:34	2022-11-08 04:17:43
BE22008288	13	0	맞아. 이럴 때일수록 마음을 가다듬어야 해. 회사에 연락하고 답장을 기다려볼게. 덕분에 마음이 조금이나마 편해졌어. 고마워.	N	2022-07-12 16:33:34	2022-11-08 04:17:43
BE22008288	14	1	이런 상황일 땐 누구나 당황해. 하지만 당황해서 해결되는 건 하나도 없어. 침착하게 당장 할 수 있는 일을 생각해서 모두 하길 바라!	N	2022-07-12 16:33:34	2022-11-08 04:17:43
BE22008288	15	0	좋은 조언 고마워. 또 연락할게!	Y	2022-07-12 16:33:34	2022-11-08 04:17:43
