id	utterance_id	utterance_type	utterance_text	terminate	regDate	updDate
BE22008267	1	0	나 오늘 골프 치다가 진짜 큰일 날뻔했어. 지금 생각해도 너무 아찔해.	N	2022-07-12 14:33:54	2022-11-08 04:17:34
BE22008267	2	1	왜 무슨 일이 있었던 거니? 골프 치는데 큰일이라니?	N	2022-07-12 14:33:54	2022-11-08 04:17:34
BE22008267	3	0	오늘 골프를 치다가 내가 친 공이 해저드 끝에 살짝 걸쳐져서 빠져 있는 거야. 그래서 눈에 보이길래 주우려다가 나도 모르게 발이 미끄러져 버렸지 뭐야?	N	2022-07-12 14:33:54	2022-11-08 04:17:35
BE22008267	4	1	갑자기 그랬으니 네가 많이 당황스러웠겠네. 다친 곳은 없니? 해저드 주변이 아주 미끄러웠나보구나?	N	2022-07-12 14:33:54	2022-11-08 04:17:35
BE22008267	5	0	미끄러워지면서 안 빠지려고 나도 모르게 옆에 있는 나뭇가지를 잡다가 손이 다 긁히고 까졌지 뭐야?	N	2022-07-12 14:33:54	2022-11-08 04:17:35
BE22008267	6	1	너무 놀라고 아팠겠다. 그래도 네 가까이에 뭐라도 잡을 수 있는 나무라도 있어서 얼마나 다행이니?	N	2022-07-12 14:33:54	2022-11-08 04:17:35
BE22008267	7	0	그 순간 너무 당황스러워서 아픈 줄도 몰랐어. 옷도 젖고 운동화도 젖어버려서 그 후부터는 골프 치기도 싫더라고.	N	2022-07-12 14:33:54	2022-11-08 04:17:35
BE22008267	8	1	순식간에 일어난 상황이었으니 네가 얼마나 당황스러웠을까? 게다가 손까지 그렇게 다쳐버렸으니 계속 운동하기 싫은 마음이 생기는 건 당연해.	N	2022-07-12 14:33:54	2022-11-08 04:17:35
BE22008267	9	0	같이 친 동반인들도 너무 걱정하는데 막상 나는 그 순간이 지나고 나니 좀 창피스럽더라고. 그깟 공이 뭐라고 들어가지 말라는 곳에서 그랬으니.	N	2022-07-12 14:33:54	2022-11-08 04:17:35
BE22008267	10	1	골프를 치다 보면 이상하게 공에 막 집착하게 되는 네 마음은 충분히 이해돼. 위험한 줄 알면서도 꼭 공에 대한 욕심이 생기게 되더라고. 나도 그런 경우 종종 있었어.	N	2022-07-12 14:33:54	2022-11-08 04:17:35
BE22008267	11	0	나도 그랬었는데 오늘 그렇게 사고를 당하고 보니 나 자신이 너무 부끄럽고 한심스러웠어.	N	2022-07-12 14:33:54	2022-11-08 04:17:35
BE22008267	12	1	위험하니 가까이 가지 말라는 해저드 주변에서 그렇게 사고를 당했으니 네 마음이 얼마나 속상했을까? 혼자 하는 스포츠가 아니고 같이하는 스포츠인데다가 스스로에게 엄격하게 룰을 적용하는 골프인데.	N	2022-07-12 14:33:54	2022-11-08 04:17:35
BE22008267	13	0	나도 이번 기회에 나 자신에게 더 엄격하게 대하고 골프장 규정을 철저하게 지켜야겠다는 생각을 했어.	N	2022-07-12 14:33:54	2022-11-08 04:17:35
BE22008267	14	1	그래도 큰 사고로 이어지지 않고 그만하니 정말 다행이다. 게다가 네가 스스로에게 그렇게 다짐을 하다니, 오늘 너는 골프를 치면서 또 하나의 인생을 배운 셈이네. 그렇게 생각하면 부끄러울 일도 더 이상 없을 거야.	N	2022-07-12 14:33:54	2022-11-08 04:17:35
BE22008267	15	0	네 말대로 골프가 또 하나의 인생을 가르쳐 줬네. 너도 절대 해저드 빠진 공을 포기하도록 해라.	N	2022-07-12 14:33:54	2022-11-08 04:17:35
BE22008267	16	1	그래, 앞으로 명심할게.	Y	2022-07-12 14:33:54	2022-11-08 04:17:35
