id	utterance_id	utterance_type	utterance_text	terminate	regDate	updDate
BE22008418	1	0	회사가 정말 너무 바쁘네요. 딸아이 하루 한 끼라도 제대로 먹이고 싶은데 그게 어렵네요.	N	2022-07-13 05:26:02	2022-11-08 04:18:33
BE22008418	2	1	아직 딸아이가 어리죠? 초등학생이라고 들었던 것 같아요.	N	2022-07-13 05:26:02	2022-11-08 04:18:33
BE22008418	3	0	맞아요. 아직 저학년이라 엄마가 필요한데, 제가 너무 바빠 함께 밥도 못 먹고 있어요. 제가 만든 밥으로 한 끼를 제대로 먹이고 싶은데 그러질 못해 슬퍼요.	N	2022-07-13 05:26:02	2022-11-08 04:18:33
BE22008418	4	1	직장인으로서, 또 엄마로서 두 가지 일을 동시에 해내셔야 하니 힘드실 것 같아요. 딸아이에게 미안한 마음이 잘 느껴져 저까지 마음이 아프네요. 얼른 바쁜 일이 끝나서 감정화자씨가 가족들과 시간을 보낼 수 있으셨으면 좋겠어요.	N	2022-07-13 05:26:02	2022-11-08 04:18:34
BE22008418	5	0	저도 정말 그러고 싶어요. 일이 바쁜 것 때문에 아이 밥도 못 챙겨 준다니 참 저 자신이 한심스러워요. 아이의 얼굴을 보고 있으면 눈물이 난다니까요.	N	2022-07-13 05:26:02	2022-11-08 04:18:34
BE22008418	6	1	무슨 마음이실지 알 것 같아요. 감정화자씨께서 자책을 많이 하시는 것 같아 걱정돼요. 제가 지켜본 감정화자씨는 훌륭한 보호자이신데, 너무 자책하며 괴로워하지 마세요.	N	2022-07-13 05:26:02	2022-11-08 04:18:34
BE22008418	7	0	그렇게 생각해 주시니 감사해요. 그런데 저는 이런 일이 있을 때마다 제가 너무 부족한 보호자로 느껴지는걸요.	N	2022-07-13 05:26:02	2022-11-08 04:18:34
BE22008418	8	1	물론 아이에게 신경 쓰지 못한다고 느낄 때, 자괴감이 드는 건 이해돼요. 저도 아이 키울 때는 늘 저 자신이 부족하다고 느껴졌거든요. 그래도 감정화자씨가 아이에게 늘 최선을 다하는 보호자라는 것만은 확실해요.	N	2022-07-13 05:26:02	2022-11-08 04:18:34
BE22008418	9	0	그렇게 말씀해 주셔서 감사해요. 사실 그동안 아이에게 미안해서 요즘은 밤에 통 잠도 못 자고 있었어요.	N	2022-07-13 05:26:02	2022-11-08 04:18:34
BE22008418	10	1	회의감이 많이 드신 것 같아 마음이 아파요. 이번 프로젝트 끝나면 시간적 여유가 조금 생길 테니까, 너무 슬퍼 마세요. 좀 여유로워질 때 아이에게 맛있는 밥 해 주시면 되니까, 자괴감에 빠져 계실 필요 없어요.	N	2022-07-13 05:26:02	2022-11-08 04:18:34
BE22008418	11	0	그렇겠죠? 정말 감사해요. 공감화자씨가 그렇게 말씀해 주시니까 위로가 되네요.	N	2022-07-13 05:26:02	2022-11-08 04:18:34
BE22008418	12	1	아직 시간은 많이 남았잖아요. 너무 바쁜 시기라 감정화자씨가 여러모로 지치신 것도 이해하지만, 곧 끝날 거라고 생각하면서 힘내요. 고지가 눈앞이에요.	N	2022-07-13 05:26:02	2022-11-08 04:18:34
BE22008418	13	0	맞아요. 이제 곧 바쁜 일 끝나니까 그때까지 조금만 더 힘내 볼게요. 정말 감사해요.	N	2022-07-13 05:26:02	2022-11-08 04:18:34
BE22008418	14	1	아니에요. 얼른 감정화자씨께서 몸과 마음 둘 다 푹 쉴 수 있으시면 좋겠어요. 조만간 딸아이와 맛있는 음식 드시길 바랄게요.	N	2022-07-13 05:26:02	2022-11-08 04:18:34
BE22008418	15	0	감사해요. 저도 공감화자씨가 바쁜 일이 빨리 마무리되길 바랄게요.	Y	2022-07-13 05:26:02	2022-11-08 04:18:34
