id	utterance_id	utterance_type	utterance_text	terminate	regDate	updDate
BE22016602	1	0	호주까지 갔다 왔는데, 저한테 너무 실망해서 아주 슬퍼지네요.	N	2022-08-31 01:17:42	2022-11-08 05:10:19
BE22016602	2	1	왜 그래요 무슨 일 있으세요?	N	2022-08-31 01:17:42	2022-08-31 01:17:42
BE22016602	3	0	영어 실력을 높이고 싶어서 일부러 어학연수를 왔는데, 거의 한국인들이랑만 시간을 보냈어요. 영어는 하나도 늘지 않은 것 같아서 너무 속상하네요. 여기까지 오겠다고 돈 정말 많이 썼는데 자신에게 참 실망스러워서 슬퍼요.	N	2022-08-31 01:17:42	2022-11-08 05:10:19
BE22016602	4	1	저도 사실 감정화자씨랑 비슷한 경험을 한 적이 있어서 기분 정말 잘 알아요. 기대한 만큼 그 결과를 얻지 못하면 정말 슬프고 속상하더라고요. 그리고 이렇게밖에 할 수 없었나, 하는 생각에 자괴감이 들기도 하고요.	N	2022-08-31 01:17:42	2022-11-08 05:10:19
BE22016602	5	0	공감화자씨도 그런 경험이 있군요. 큰 기대에 부풀어서 연수가 끝나고 영어를 자유자재로 쓰고 싶었어요. 기대했던 제 모습이 전혀 아니라서 정말 너무 속상해요.	N	2022-08-31 01:17:42	2022-08-31 01:17:42
BE22016602	6	1	그 슬픔 정말 충분히 이해해요. 하지만 사람이 언제나 원하는 결과를 얻기는 힘들잖아요. 이번 기회를 통해 새로운 삶을 경험해보고, 거기에서 느꼈던 감정과 생각이 있을 거라고 저는 생각해요.	N	2022-08-31 01:17:42	2022-11-08 05:10:20
BE22016602	7	0	하지만 나 자신이 나의 기대에 못 맞춘 거라 스스로 한심하다는 생각도 들더라고요. 앞으로 참 어떤 태도로 삶을 살아가야 할지 잘 모르겠어요.	N	2022-08-31 01:17:42	2022-11-08 05:10:20
BE22016602	8	1	저는 감정화자씨가 노력하고 실행하는 모습이 멋있다고 생각해요. 목표를 이루지 못해 속상한 마음은 이해가 되지만, 혼자 호주까지 공부하겠다는 의지를 보여준 멋있는 사람이에요. 그러니 너무 슬퍼하지 않으면 좋겠어요.	N	2022-08-31 01:17:42	2022-11-08 05:10:20
BE22016602	9	0	정말 그럴까요? 사실 기대가 많았기 때문에 이런 행동도 할 수 있었던 것 같아요. 근데 결과가 좋지 않으니 앞으로가 걱정이 돼요.	N	2022-08-31 01:17:42	2022-08-31 01:17:42
BE22016602	10	1	이번을 통해 얻은 깨달음이 내면이 더 단단해지는 데 큰 도움이 될 거라고 생각해요. 그러니 본인을 슬픔 속에 내버려 두지 말고, 앞으로 한 걸음씩 나아가기 위해 힘냈으면 좋겠어요.	N	2022-08-31 01:17:42	2022-11-08 05:10:20
BE22016602	11	0	공감화자님 말을 들으니, 잘 할 수 있을 것만 같아요. 누구나 힘든 일은 다 있지만 어떻게 이겨내는지가 중요한 거니까요.	N	2022-08-31 01:17:42	2022-11-08 05:10:20
BE22016602	12	1	역시 감정화자씨는 참 멋있는 사람이에요! 이렇게 말해도 용기를 가지고 다시 힘을 내기 쉽지 않은 일인데, 정말 대단해요. 미래가 진짜로 많이 기대돼요!	N	2022-08-31 01:17:42	2022-11-08 05:10:20
BE22016602	13	0	공감화자씨가 아니었으면 이렇게 생각하기 정말 쉽지 않았을 거예요. 저에게 힘을 줘서 정말 고마워요!	N	2022-08-31 01:17:42	2022-11-08 05:10:20
BE22016602	14	1	앞으로도 고민이 있으면 언제든지 연락해요! 제가 열심히 들어줄게요!	N	2022-08-31 01:17:42	2022-11-08 05:10:20
BE22016602	15	0	고마워요! 그러면 앞으로 어떻게 살아야 할지 찾아봐야겠어요!	Y	2022-08-31 01:17:42	2022-11-08 05:10:20
