id	utterance_id	utterance_type	utterance_text	terminate	regDate	updDate
BE22014897	1	0	얼마 전에 전골 요리를 했는데 가족들이 아무도 먹지 않았어요. 다 식은 전골을 보고 있자니 어찌나 서글프던지.	N	2022-08-19 07:46:47	2022-11-08 04:59:45
BE22014897	2	1	저런, 무척 속상하셨겠어요. 전골이면 손질도 그렇고, 시간이랑 정성이 엄청나게 들어갔을 텐데.	N	2022-08-19 07:46:47	2022-11-08 04:59:45
BE22014897	3	0	네, 재료도 제가 하나하나 골라서 산 거라 더 슬펐어요. 식구들 생각해서 버섯도 종류별로 사 와서 끓였는데 다들 손도 대지 않더라고요. 결국 다 버렸는데, 참 허무하고 서운하더라고요.	N	2022-08-19 07:46:47	2022-11-08 04:59:45
BE22014897	4	1	서운하죠, 당연히 서운하죠. 기껏 정성 들여 준비했는데 다들 그렇게 무심하게 반응하면 저라도 눈물이 날 만큼 섭섭하죠. 무슨 사정이 있었는지 모르겠지만 다들 너무하셨네요, 정말.	N	2022-08-19 07:46:47	2022-11-08 04:59:45
BE22014897	5	0	다들 할 일이 있고 입맛이 없다고 하더라고요. 그래도 한 입씩은 거들어주길 바랐는데. 가족들한테 조금 실망했어요.	N	2022-08-19 07:46:47	2022-08-19 07:46:47
BE22014897	6	1	아이고, 크게 급한 일이 아니면 다들 같이 드셨으면 좋았을 텐데. 여러모로 꼬여 안타까운 상황이 됐네요.	N	2022-08-19 07:46:47	2022-11-08 04:59:45
BE22014897	7	0	휴, 혹시 제가 상황을 고려하지 않고 독단적으로 만들었던 게 문제일까요? 이럴 줄 알았으면 미리 만들겠다고 말이라도 할 걸 그랬나 싶어요.	N	2022-08-19 07:46:47	2022-11-08 04:59:45
BE22014897	8	1	그런 생각이 들 수밖에 없는 상황이지만 절대 아니에요. 어느 누가 전부 계획하고 요리를 만드나요. 단지 타이밍이 안 맞았을 뿐이니 너무 자책하지 마세요, 그렇게 자책할 일이 아닌걸요.	N	2022-08-19 07:46:47	2022-11-08 04:59:45
BE22014897	9	0	생각이 많아지다 보니 자책하게 되네요. 머리로는 알겠는데 슬프고 섭섭한 마음이 쉽게 나아지질 않아요. 민망하네요.	N	2022-08-19 07:46:47	2022-11-08 04:59:45
BE22014897	10	1	민망해하실 필요 없어요, 사람이 상처받고 실망한 마음이 어떻게 금방 쉽게 낫겠어요. 슬퍼할 만큼 슬퍼하고 훌훌 털고 일어나면 되는걸요. 저한테라도 털어놓으시고 마음이 조금이라도 가벼워지셨으면 좋겠어요.	N	2022-08-19 07:46:47	2022-11-08 04:59:45
BE22014897	11	0	혼자 만들고 버리고 치웠던 게 자꾸 떠올라서 그런 것 같아요. 그것만 아니었으면 그냥 단순하게 넘어갔을 일인데.	N	2022-08-19 07:46:47	2022-11-08 04:59:45
BE22014897	12	1	이해해요, 이런 상황을 겪으면 내가 공들인 정성과 시간이 아무것도 아닌 것처럼 느껴지곤 하죠. 하지만 이겨내셔야 해요. 그 상황과 기분에 계속 머물러 있는 것보다 힘내서 다시 좋은 타이밍을 노려보는 게 본인에게도 좋잖아요.	N	2022-08-19 07:46:47	2022-11-08 04:59:45
BE22014897	13	0	그래요, 맞아요. 이러고 주저앉아 있을 게 아니라 얼른 기운을 차려야죠. 기가 막히게 좋은 타이밍에 군침 도는 근사한 요리들만 만들어서 다들 거절하지 못하게 할 거예요.	N	2022-08-19 07:46:47	2022-11-08 04:59:45
BE22014897	14	1	하하하, 역시 기운 차리신 모습이 훨씬 더 보기 좋네요.	N	2022-08-19 07:46:47	2022-11-08 04:59:45
BE22014897	15	0	고마워요, 별것도 아닌 일인데 진지하게 이야기를 들어주셔서 기분이 많이 풀렸어요. 이제야 기운이 나네요.	N	2022-08-19 07:46:47	2022-11-08 04:59:45
BE22014897	16	1	오, 그렇게 인사받을 일은 아닌데 고맙다고 하시니 저도 그 인사 감사하게 받을게요.	Y	2022-08-19 07:46:47	2022-11-08 04:59:45
