id	utterance_id	utterance_type	utterance_text	terminate	regDate	updDate
BE22019392	1	0	남자친구랑 사귄 지 백일이 되어서 열심히 이벤트를 준비했어요. 그런데, 남자친구가 하나도 감동하지 않은 거예요. 제 노력이 헛되게 느껴져서 너무 속상하고 슬펐어요.	N	2022-09-21 08:43:00	2022-09-21 08:43:00
BE22019392	2	1	열심히 준비했는데 기뻐하지 않고 감동도 안 하면 허무할 것 같아요. 특히, 감정화자님은 사람들을 기쁘게 해주는 걸 좋아하시잖아요. 직장동료들에게도 이벤트와 깜짝 선물을 자주 해주셨던 걸 생각하면 남자친구 반응에 많이 속상했을 것 같아요.	N	2022-09-21 08:43:00	2022-11-08 05:34:19
BE22019392	3	0	네 남자친구가 워낙 무뚝뚝해서, 이 이벤트를 통해 감동을 주고 싶었거든요. 제 계획이 완전히 틀어지고, 남자친구의 반응에 무안했어요. 괜히 했다는 생각이 들어요.	N	2022-09-21 08:43:00	2022-09-21 08:43:00
BE22019392	4	1	저였어도 열심히 준비한 이벤트에 반응이 별로 없다면 후회도 들것 같아요. 서운한 마음도 너무 많이 크게 들것 같고요. 감정화자님께서 실망감이 얼마나 크실지 이해가 돼요.	N	2022-09-21 08:43:00	2022-11-08 05:34:19
BE22019392	5	0	이런 남자친구를 보니, 저를 별로 사랑하지 않는다는 생각이 들어요. 정말 사랑했다면, 분명 감동하는 시늉이라도 했을 텐데 말이죠. 남자친구가 저에 대한 마음이 크지 않다고 생각하니까, 너무 속상하고 슬퍼서 눈물이 나네요.	N	2022-09-21 08:43:00	2022-09-21 08:43:00
BE22019392	6	1	분명 속으로는 기쁘지만, 겉으로 티 내지 못한 걸 거예요. 무뚝뚝한 사람들은 기쁨의 표현도 어색해서 잘 못할 수 있으니까요. 남자친구가 매일 감정화자님 퇴근시간에 데리러 오는 걸 보면 분명 많이 사랑할 거예요.	N	2022-09-21 08:43:00	2022-11-08 05:34:19
BE22019392	7	0	남자친구를 위해 방도 이쁘게 꾸미고, 요리도 하고 선물도 준비했었어요. 그런데, 남자친구가 감동하지도 않았을뿐더러 제가 한 요리를 거의 먹지 않았어요. 전 그 요리를 하려고 일일 요리학원까지 갔기에 더 속상하고 슬퍼요.	N	2022-09-21 08:43:00	2022-09-21 08:43:00
BE22019392	8	1	감정화자님이 그 정도로 노력했는데, 한편으로는 별로 반응이 없었던 남자친구가 무심하게 느껴지네요. 그렇지만, 열심히 준비하셔서 이벤트를 진행하신 것만으로도 감정화자님은 기념일을 충분히 잘 보내셨다는 생각이 들어요.	N	2022-09-21 08:43:00	2022-11-08 05:34:19
BE22019392	9	0	사실, 제가 이런 이벤트를 준비한다고 했을 때 친구들은 말렸거든요. 너무 헌신적이고, 오버하는 거 아니냐고 했는데 그 말을 들을 걸 그랬어요. 제가 너무 생각이 짧았고 오버를 해서 준비했다는 생각에 창피해요.	N	2022-09-21 08:43:00	2022-09-21 08:43:00
BE22019392	10	1	감정화자님처럼 상대방을 기쁘게 하기 위해 이렇게 준비하는 사람이 얼마나 되겠어요. 전 감정화자님처럼 자상하고 배려심 많은 사람을 만나고 싶기까지 한걸요. 요즘 시대에 보기 드문 순수하고 좋은 분이라는 생각이 들어요.	N	2022-09-21 08:43:00	2022-11-08 05:34:19
BE22019392	11	0	그렇게 이야기해 주셔서 감사해요. 남자 친구의 반응으로 인해 마음이 많이 위축되고, 슬펐어요. 그런데 공감화자님이 저를 이렇게 위로해 주시니 마음이 한결 편안해요.	N	2022-09-21 08:43:00	2022-11-08 05:34:19
BE22019392	12	1	저는 다 진심인걸요. 제가 함께 일하며 지켜보온 감정화자님은 정말 좋은 사람이에요. 다른 사람들을 위해 열심히 이벤트를 준비하시는 모습을 볼 때마다 전 대단하다는 생각까지 들어요.	N	2022-09-21 08:43:00	2022-11-08 05:34:19
BE22019392	13	0	알아봐 주셔서 감사해요. 어릴 적부터 저는 사람들에게 이벤트를 해주고, 기쁨을 주는 게 좋았거든요. 이제는 이런 일을 그만해야 하나 싶었는데, 다시 마음을 가다듬게 되네요.	N	2022-09-21 08:43:00	2022-11-08 05:34:19
BE22019392	14	1	저로 인해 긍정적인 생각을 하실 수 있게 되어서 저도 기뻐요. 이런 속상한 일들은 종종 일어날 수 있는 일들이니 너무 마음에 담아두지 말고 훌훌 털어버려요. 저도 언제든 도움이 필요하면 도와드릴게요.	N	2022-09-21 08:43:00	2022-11-08 05:34:19
BE22019392	15	0	남자친구의 무뚝뚝한 반응으로 인해 서럽고 외로웠는데, 역시 공감화자님께 고민을 털어놓길 잘한 것 같아요. 오늘도 도움을 주셔서 정말 고마워요. 공감화자님.	Y	2022-09-21 08:43:00	2022-11-08 05:34:19
