id	utterance_id	utterance_type	utterance_text	terminate	regDate	updDate
BE22016481	1	0	어제부터 퇴근하고 편의점에서 아르바이트를 시작했어요.	N	2022-08-30 08:01:36	2022-08-30 08:01:36
BE22016481	2	1	정말요? 종일 일하고 힘들 텐데 너무 무리하는 거 아닌가? 왜 아르바이트까지 하는 거예요? 피곤하지 않아요?	N	2022-08-30 08:01:36	2022-11-08 05:09:35
BE22016481	3	0	카드 대금이 많이 나와서 월급으로 해결이 안 돼요. 종일 우울하네요.	N	2022-08-30 08:01:36	2022-11-08 05:09:35
BE22016481	4	1	왜 카드를 그렇게 쓴 거예요? 마음고생이 심했겠어요. 안 좋은 일이 있었나 걱정되네요.	N	2022-08-30 08:01:36	2022-11-08 05:09:35
BE22016481	5	0	그런 건 아니고 카드대출 받고 현금 서비스받아서 주식을 했는데. 완전히 망했어요. 친구들도 안 만난 지 오래예요. 너무 막막해요.	N	2022-08-30 08:01:36	2022-11-08 05:09:35
BE22016481	6	1	아, 그런 일이 있었군요, 요즘 주식을 다들 한다던데, 손해를 많이 봤나 봐요. 그래도 아직 젊은데 낙담하기는 일러요. 당장은 조금 슬프고 어렵겠지만 방법을 찾아보자고요.	N	2022-08-30 08:01:36	2022-11-08 05:09:35
BE22016481	7	0	너무 힘들어서 이런저런 생각을 하다가 그냥 열심히 벌어서 갚아야겠다고 결정했어요. 일 년 정도 고생하면 해결될 것 같아요.	N	2022-08-30 08:01:36	2022-11-08 05:09:35
BE22016481	8	1	살다 보면 주식도 해보고, 손해 볼 수도 있어요. 스스로 해결해 보려는 생각이 너무 훌륭해요, 비싼 수업료 내고 교육받았다고 생각해요. 앞으로 살아갈 인생에 많은 도움이 될 거예요.	N	2022-08-30 08:01:36	2022-11-08 05:09:35
BE22016481	9	0	맞아요. 일확천금을 노리면 안 된다는 교훈도 얻었네요. 이제 슬픔은 이겨내야겠어요, 씩씩하게 해결해야죠.	N	2022-08-30 08:01:36	2022-11-08 05:09:35
BE22016481	10	1	그런데 밤에도 일하면 회사에서 힘들어서 어떡해요, 외근도 다니고 하려면 운전도 해야 하는데. 밥 잘 챙겨 먹고 영양제라도 드셔야 해요. 당분간은 각별히 건강에 유의하세요.	N	2022-08-30 08:01:36	2022-11-08 05:09:35
BE22016481	11	0	그래서 외근 나갈 때 지하철 타려고요. 운전하면 큰일 날 것 같아요. 저도 무서워서요.	N	2022-08-30 08:01:36	2022-11-08 05:09:35
BE22016481	12	1	그럼요. 당연하죠. 아르바이트 끝나면 몇 시간이라도 푹 자고 출근해야 해요. 단시간에 해결될 일 아니니까 맘 굳게 먹고 지내요, 저도 옆에서 항상 응원할게요.	N	2022-08-30 08:01:36	2022-11-08 05:09:35
BE22016481	13	0	네, 걱정해 주셔서 감사해요. 다 털어내니 속이 편하네요, 말도 못 하고 속만 끓였거든요. 힘내서 일해 볼게요.	N	2022-08-30 08:01:36	2022-11-08 05:09:35
BE22016481	14	1	젊어서 고생은 사서도 한데요, 곧 웃으며 회상할 날 있을 거예요. 그때까지 노력해 봅시다.	Y	2022-08-30 08:01:36	2022-11-08 05:09:35
