id	utterance_id	utterance_type	utterance_text	terminate	regDate	updDate
BE22015001	1	0	과장님, 저 너무 슬프고 후회가 돼요.	N	2022-08-20 07:34:48	2022-08-20 07:34:48
BE22015001	2	1	왜, 방금 회의에서 무슨 슬픈 일이라도 있었던 거야?	N	2022-08-20 07:34:48	2022-08-20 07:34:48
BE22015001	3	0	네, 조직문화 개선회의였는데 한 마디도 안 하고 듣기만 한 저 자신이 너무 후회돼요. 정말 바보 같았던 것 같아요.	N	2022-08-20 07:34:48	2022-11-08 05:00:23
BE22015001	4	1	항상 우리 회사 문화 때문에 고민이 많았잖아. 이번 회의만 기다려왔던 걸 아는데 아무 말도 못했다니 정말 슬펐겠는걸?	N	2022-08-20 07:34:48	2022-11-08 05:00:23
BE22015001	5	0	맞아요, 그래서 저 자신에게 너무 실망했고 눈물이 날 것 같아요. 특히 야근 관련해서 이번에 꼭 제안하고 싶었는데 미리 준비해간 말도 못했다는 사실이 너무 후회돼요.	N	2022-08-20 07:34:48	2022-11-08 05:00:23
BE22015001	6	1	그런 일이 있었구나. 야근 문제로는 나에게도 몇 번 얘기했었는데, 이번에 말을 못했다니 안타깝네. 그건 대리님 잘못은 아니지만 정말 슬픈 기분이 들었겠어.	N	2022-08-20 07:34:48	2022-11-08 05:00:23
BE22015001	7	0	맞아요, 부장님들께서 너무 강력하게 이야기를 하니까 끼어들 수가 없었던 것 같아요. 듣고만 있었던 저 자신에게 분노가 치밀어오르면서도 어쩔 수 없었다는 생각도 들어요. 그냥 힘이 부족한 제 위치 때문에 슬픈 생각이 들었던 것 같기도 해요.	N	2022-08-20 07:34:48	2022-11-08 05:00:23
BE22015001	8	1	절대 슬프다고 생각할 필요 없어. 그래도 끝까지 잘 듣고 있었다니 오히려 나는 대리님이 너무 기특한걸? 나라도 아무 말 못했을 것 같으니까 절대 낙담할 필요도 없고 슬퍼할 필요 없어.	N	2022-08-20 07:34:48	2022-11-08 05:00:23
BE22015001	9	0	과장님께서 그렇게 말씀해주시니까 정말 힘이 나는 것 같아요. 생각해보니 어쩔 수 없었던 상황인 것 같아서 왜 후회했었지 하는 생각이 드네요. 제가 슬퍼할 만한 일은 아니었던 것 같아서 기분이 나아졌어요.	N	2022-08-20 07:34:48	2022-11-08 05:00:23
BE22015001	10	1	그래, 내 말을 그렇게 받아들여 줬다니 정말 다행이네. 분명히 다음에 또 대리님 의견을 전달할 기회가 있으니까 절대 실망하거나 불안해할 필요 없어. 그러니까 우리 힘내고 우리가 할 수 있는 일부터 차근차근히 해보자.	N	2022-08-20 07:34:48	2022-11-08 05:00:23
BE22015001	11	0	맞아요, 과장님 좋은 말씀 너무 감사합니다. 그렇게 생각하니까 우울했던 마음도 사라지고 오히려 더 열심히 일해야겠다는 생각이 들어요. 다음 회의떄는 꼭 조직문화 개선에 대한 의견을 말할 수 있을 것 같아요.	N	2022-08-20 07:34:48	2022-11-08 05:00:23
BE22015001	12	1	대리님이 힘이 난다니 나도 기분이 좋아지는 것 같네. 대리님은 충분히 능력도 있고 열정이 있으니까 앞으로 더 잘 해나갈 수 있을 거야.	N	2022-08-20 07:34:48	2022-11-08 05:00:23
BE22015001	13	0	감사합니다, 과장님. 아까 행동이 후회된다기보다는 오히려 잘한 것 같아서 자신감이 생겼어요. 다음에는 꼭 과장님이 말씀해주신 것처럼 이야기해보려고요.	N	2022-08-20 07:34:48	2022-11-08 05:00:23
BE22015001	14	1	잘 생각한 것 같아. 나도 도와줄 테니까 우리 오늘은 주어진 일을 열심히 하고 행복한 하루를 보내자.	Y	2022-08-20 07:34:48	2022-11-08 05:00:23
