id	utterance_id	utterance_type	utterance_text	terminate	regDate	updDate
BE22016722	1	0	저는 의지력이 너무 없는 거 같아요. 건강 때문에 밀가루 음식을 줄여야 되는데, 빵을 끊을 수가 없어요. 먹으면 안 되는 거 알면서 또 먹었어요, 너무 슬프네요.	N	2022-08-31 06:15:02	2022-11-08 05:11:04
BE22016722	2	1	감정화자씨가 요즘 많이 무기력해 보이고 피곤해 보이던데 건강상에 문제가 생긴 거예요? 그리고, 항상 밝고 긍정적으로 생활하는데 슬프다고 하니 걱정돼요.	N	2022-08-31 06:15:02	2022-11-08 05:11:04
BE22016722	3	0	공감화자씨 문자처럼 제가 근래 들어서 너무 피곤하고 자꾸 하품이 나오고 힘들더라고요. 그래서 병원에 가서 건강검진을 해봤더니. 면역력이 많이 떨어진 상태라고 식습관도 바꾸고 운동도 해야 된다고 말하더라고요.	N	2022-08-31 06:15:02	2022-08-31 06:15:02
BE22016722	4	1	감정화자씨가 정말 많이 놀랐겠어요. 감정화자씨가 건강을 많이 신경 쓰는 편이어서 몸에 안 좋은 건 안 하려고 노력하는 편인데. 그런 얘기를 들었으니 얼마나 놀라고 슬펐겠어요.	N	2022-08-31 06:15:02	2022-11-08 05:11:04
BE22016722	5	0	의사 선생님께 그 말을 처음 들었을 땐 너무 놀라서 어떤 말도 나오지 않더라고요. 공감화자씨도 아시다시피 제가 건강을 유난히 챙기잖아요. 그런데 제 건강 상태가 엉망이라고 하니까 너무 당혹스럽고 슬프더라고요.	N	2022-08-31 06:15:02	2022-11-08 05:11:04
BE22016722	6	1	그럼요, 당연히 너무 슬프고 걱정되는 일이죠. 감정화자씨가 슬픈 마음도 충분히 이해돼요. 감정화자씨 부모님이 암으로 돌아가셔서 건강을 많이 신경 쓰셨는데, 안 좋다는 얘기를 들었으니 얼마나 슬펐겠어요.	N	2022-08-31 06:15:02	2022-11-08 05:11:04
BE22016722	7	0	저희 부모님이 두 분 다 암으로 돌아가셔서 제가 다른 사람들보다 더 건강에 민감한 편이에요. 그래서 먹는 것도 몸에 안 좋다는 건 먹지 않고 건강식을 챙기는 편인데. 딱 하나 빵을 끊을 수가 없더라고요.	N	2022-08-31 06:15:02	2022-08-31 06:15:02
BE22016722	8	1	생각해 보니 감정화자씨가 빵을 진짜 좋아하시잖아요. 식사한 후에도 간식으로 꼭 빵을 챙겨 드시잖아요. 그런데 저는 감정화자씨가 기분 좋아하면서 빵을 드시는 모습을 보면 저까지 흐뭇하고 너무 좋았는데.	N	2022-08-31 06:15:02	2022-11-08 05:11:04
BE22016722	9	0	빵을 너무 좋아해서 별명이 빵돌이라고 불릴 정도예요. 삼시 세끼를 다 챙겨 먹어도 꼭 빵을 따로 먹어야 되고요. 근데, 빵이 제 건강 상태에 매우 악영향을 끼친다고 하네요.	N	2022-08-31 06:15:02	2022-08-31 06:15:02
BE22016722	10	1	그렇군요. 감정화자씨가 제일 좋아하고 주식처럼 먹는 음식인데. 자제해야 된다니 그것만으로도 우울하고 슬프네요.	N	2022-08-31 06:15:02	2022-08-31 06:15:02
BE22016722	11	0	맞아요, 사실 빵을 한동안 끊으라는 얘기를 듣고는 슬프더라고요. 하지만, 제가 건강을 중시 여겨서 스스로 빵을 끊자고 다짐했는데. 그걸 어기고 또 빵을 먹는 제 모습을 보고 자책되면서 슬퍼요.	N	2022-08-31 06:15:02	2022-11-08 05:11:04
BE22016722	12	1	감정화자씨 문자를 보는데 너무 안타깝고 안쓰럽네요. 예전에 밥 없이는 살아도 빵 없이는 못 산다는 얘기까지 한 적이 있는데, 힘들겠어요. 그래도, 감정화자씨는 건강도 챙기고 운동도 열심히 하시는 편이니까 조금씩은 드셔도 괜찮을 거예요.	N	2022-08-31 06:15:02	2022-11-08 05:11:04
BE22016722	13	0	그렇죠. 제가 건강을 진짜 중요하게 생각해서 운동도 매일 하고 있어요. 그래도 공감화자씨가 제 마음도 알아주고 또 괜찮을 거라고 얘기해 주니까 슬픈 마음이 좀 진정돼요.	N	2022-08-31 06:15:02	2022-08-31 06:15:02
BE22016722	14	1	운동도 꾸준히 하시고 빵 드시는 거 외에는 몸에 안 좋은 거 입에도 안 대잖아요? 그러니깐, 아예 끊으려고 해서 스트레스받고 슬픈 것보다는. 조끔 씩 드시는 것도 괜찮을 거예요. 힘내요.	N	2022-08-31 06:15:02	2022-11-08 05:11:04
BE22016722	15	0	네, 진심으로 고마워요.	Y	2022-08-31 06:15:02	2022-11-08 05:11:04
