id	utterance_id	utterance_type	utterance_text	terminate	regDate	updDate
BE22009189	1	0	요즘 제가 왜 이렇게 예민하게 구는지 모르겠어요. 모든 행동이 다 후회돼서 슬퍼요.	N	2022-07-15 08:05:47	2022-11-08 04:23:30
BE22009189	2	1	마음과는 다르게 날이 서 있는 시기가 있죠. 감정화자씨도 지금 딱 그런 상황이라 속상하신 거 같네요.	N	2022-07-15 08:05:47	2022-11-08 04:23:30
BE22009189	3	0	맞아요. 어제도 남편과 외식하러 나갔는데, 제 예민한 반응으로 분위기가 망쳤어요. 남편이 기분이 많이 상한 것 같아 미안하고 슬펐어요.	N	2022-07-15 08:05:47	2022-11-08 04:23:30
BE22009189	4	1	나 때문에 좋은 날을 망쳐버리면 그만큼 후회되는 일도 없는 것 같아요. 감정화자씨가 지금 어떤 기분인지, 얼마나 슬플지 너무 잘 알겠어요.	N	2022-07-15 08:05:47	2022-11-08 04:23:30
BE22009189	5	0	공감화자씨도 아시는군요. 제 몸이 제 뜻대로 움직이지 않아서 너무 슬퍼요. 괜히 주변 사람들만 피해를 보는 것 같고요.	N	2022-07-15 08:05:47	2022-11-08 04:23:30
BE22009189	6	1	저도 출산하고 나서 비슷한 상황으로 남편을 힘들게 했었어요. 의지와는 달리 일이 자꾸 나쁘게만 흘러가서 그렇게 슬플 수가 없더라고요. 지금 감정화자씨 마음이 꼭 내 일처럼 느껴지네요.	N	2022-07-15 08:05:47	2022-11-08 04:23:30
BE22009189	7	0	이러다 남편이 저와 결혼한 걸 후회하면 어떡하죠. 만약 그렇다고 해도 저는 슬프지만 할 말이 없을 거예요.	N	2022-07-15 08:05:47	2022-11-08 04:23:30
BE22009189	8	1	복잡한 생각이 드는 것도 이해하지만 너무 깊게 자신을 몰아가지 마세요. 감정화자씨는 충분히 좋은 아내시잖아요. 결코 그런 일은 일어나지 않아요.	N	2022-07-15 08:05:47	2022-11-08 04:23:30
BE22009189	9	0	요즘은 저 자신에게 확신이 없어요. 자존감이 많이 떨어진 것 같아요.	N	2022-07-15 08:05:47	2022-11-08 04:23:30
BE22009189	10	1	그럴 수 있어요. 사람이라면 누구나 한 번쯤은 슬럼프를 겪는다고 하잖아요. 이 시간이 지나고 나면 감정화자씨도 다시 평안을 찾게 될 거라고 믿어 보세요.	N	2022-07-15 08:05:47	2022-11-08 04:23:30
BE22009189	11	0	예전으로 돌아갈 수 있다면 소원이 없겠어요. 남편과의 관계도, 저 자신도요. 말하는 지금도 눈물이 날 것 같네요.	N	2022-07-15 08:05:47	2022-11-08 04:23:30
BE22009189	12	1	너무 슬픔에만 매몰되면 자신을 더 갉아먹게 되는 법이에요. 제가 아는 감정화자씨는 언제나 앞을 향해 나아가는 사람인걸요. 스스로를 믿고 마음을 편히 가져요.	N	2022-07-15 08:05:47	2022-11-08 04:23:30
BE22009189	13	0	저를 그렇게 생각해주셨다니 감동이에요. 지금도 나아가는 중인 거라고 믿어도 될까요?	N	2022-07-15 08:05:47	2022-11-08 04:23:30
BE22009189	14	1	그럼요. 확실해요. 나중에는 이런 고민도 하나의 추억이 될 거예요.	N	2022-07-15 08:05:47	2022-11-08 04:23:30
BE22009189	15	0	언젠가 이 일도 웃으며 말할 수 있을 거라 생각하니까 마음이 가벼워졌어요. 제가 너무 심각했던 것 같아요.	N	2022-07-15 08:05:47	2022-11-08 04:23:30
BE22009189	16	1	다행이에요. 오늘은 남편과 맛있는 거 먹으면서 편안한 하루를 보내세요.	N	2022-07-15 08:05:47	2022-11-08 04:23:30
BE22009189	17	0	그럴게요. 남편과도 화해하고 슬픔은 털어 버려야겠어요. 감사합니다!	Y	2022-07-15 08:05:47	2022-11-08 04:23:30
