id	utterance_id	utterance_type	utterance_text	terminate	regDate	updDate
BE22008213	1	0	대리님, 혹시 지금 대화하실 수 있으세요? 죄송하지만 저 회사 복귀가 좀 늦어질 것 같아요.	N	2022-07-12 12:27:43	2022-11-08 04:17:14
BE22008213	2	1	갑자기 무슨 뜬금없는 소리야? 뭔 일 생겼어?	N	2022-07-12 12:27:43	2022-11-08 04:17:14
BE22008213	3	0	거래처 들렀다가 이제 막 회사로 이동 중인데 지금 보니까 가방이 찢어져서 소지품들이 사라졌어요. 지금 눈물 날 것 같아요 정말.	N	2022-07-12 12:27:43	2022-11-08 04:17:14
BE22008213	4	1	뭐라고? 어쩌다가? 어디 뭐 부딪힌 거나 그런 건 아니고? 몸은 괜찮아?	N	2022-07-12 12:27:43	2022-11-08 04:17:14
BE22008213	5	0	네! 몸에는 아무 문제 없어요. 가방은 어디서 찢어진 건지 모르겠습니다. 분명 지하철 탈 때까지만 해도 멀쩡했는데 영문을 모르겠어요. 너무 속상해요.	N	2022-07-12 12:27:43	2022-11-08 04:17:14
BE22008213	6	1	그런 일 겪으면 당연히 정신이 하나도 없지. 그래서 가방에 있던 물건들은 전부 없어진 거야? 괜찮아?	N	2022-07-12 12:27:43	2022-11-08 04:17:14
BE22008213	7	0	전부 다는 아니고, 지갑이랑 휴대폰 같은 비싼 물건들만 사라졌어요. 이런 적이 처음이라 정말 어떻게 해야 할지 모르겠어요, 대리님.	N	2022-07-12 12:27:43	2022-11-08 04:17:14
BE22008213	8	1	나도 작년에 똑같은 일을 겪었는데, 정말 손발이 덜덜 떨리고 심장이 내려앉는 것 같더라. 지금 네 기분이 얼마나 참담할지 너무 잘 알아. 슬퍼하는 게 당연해.	N	2022-07-12 12:27:43	2022-11-08 04:17:14
BE22008213	9	0	공감해 주셔서 감사합니다. 정말 가방 찢어진 거 확인하고 나니까 다리가 후들거려서 아무것도 못 하겠더라고요. 마음을 추스를 시간이 필요해요.	N	2022-07-12 12:27:43	2022-11-08 04:17:14
BE22008213	10	1	맞아. 회사는 천천히 와도 괜찮으니까, 일단 좀 어디 앉아서 마음부터 가라앉혀. 이럴 때일수록 침착해야 해.	N	2022-07-12 12:27:43	2022-11-08 04:17:14
BE22008213	11	0	감사합니다. 근데 진짜 저는 왜 이렇게 부주의할까요? 가방이 찢어진 것도 바로 알아채지 못하고 이렇게 바보같이 굴다니. 정말 스스로가 한심해요.	N	2022-07-12 12:27:43	2022-11-08 04:17:14
BE22008213	12	1	그렇게 말하지 마. 바쁜 와중에 사람 많은 곳을 다니다 보면 흔히 생길 수 있는 일이야. 문제의 원인이 너한테 있는 게 아니니까, 자책하지 않았으면 해.	N	2022-07-12 12:27:43	2022-11-08 04:17:14
BE22008213	13	0	그렇게 말씀해 주셔서 너무 감사해요. 제 잘못인 기분이 들어서 눈물이 날 것 같았는데, 팀장님 말씀 덕분에 한결 마음이 가벼워졌어요.	N	2022-07-12 12:27:43	2022-11-08 04:17:14
BE22008213	14	1	내 말로 네 기분이 나아졌다면 그걸로 됐다. 어디 가서 따뜻한 차라도 한잔 마시고, 마음 잘 정리한 다음에 회사 들어와.	N	2022-07-12 12:27:43	2022-11-08 04:17:14
BE22008213	15	0	신경 써주셔서 감사합니다. 놀란 마음 진정시킨 다음에 오후까지 들어가겠습니다. 감사해요.	Y	2022-07-12 12:27:43	2022-11-08 04:17:14
