id	utterance_id	utterance_type	utterance_text	terminate	regDate	updDate
BE22000717	1	0	출근길에서 버스 안에서노래 듣다 보니 그 사람 생각이 나요. 이별이 이렇게 가슴 아픈 일인 줄 몰랐어요.	N	2022-06-13 07:24:49	2022-11-08 03:28:53
BE22000717	2	1	감정화자씨가 전 애인을 정말 뜨겁게 사랑했잖아요. 헤어진 지 얼마 되지 않아서 아직은 한창 아플 시기라고 생각해요.	N	2022-06-13 07:24:49	2022-11-08 03:28:53
BE22000717	3	0	오늘은 노래 가사가 너무 내 얘기 같아서 눈물이 막 쏟아지는 거 있지요.	N	2022-06-13 07:24:49	2022-11-08 03:28:53
BE22000717	4	1	맞아요. 헤어지고 나면 모든 이별 이야기가 다 내 이야기 같고, 내 마음 같은 법이지요. 그 찢어지는 마음이 이해돼요.	N	2022-06-13 07:24:49	2022-11-08 03:28:53
BE22000717	5	0	 한참을 울었지 뭐예요. 당분간은 노래도 듣지 않으려고요. 마음이 울렁거려서 말이에요.	N	2022-06-13 07:24:49	2022-11-08 03:28:53
BE22000717	6	1	너무 억지로 그 사람을 잊으려고 노력하지는 마요. 사랑한 만큼 아픈 건 당연한 거잖아요. 감정화자씨가 지금 건강한 방식으로 이별을 극복하고 있는 거라 생각해요.	N	2022-06-13 07:24:49	2022-11-08 03:28:53
BE22000717	7	0	그런 걸까요? 저는 이 아픔이 얼른 지나갔으면 좋겠어요. 노래만 들어도 그 사람 생각이 날 정도니 일상생활이 불가능하다고 느껴져요.	N	2022-06-13 07:24:49	2022-11-08 03:28:53
BE22000717	8	1	억지로 잊으려고 애쓰면 더 안 될지 몰라요. 감정화자씨는 지금도 충분히 잘하고 있어요. 슬퍼서 밥도 굶고 잠도 못 자는 사람들도 많은데 감정화자씨는 적어도 스스로의 몸을 보살필 줄 알잖아요.	N	2022-06-13 07:24:49	2022-11-08 03:28:53
BE22000717	9	0	그런 걸까요? 지금 잘하고 있는 걸까요? 솔직히 말하면 이 슬픔이 영원히 가라앉지 않을까요 봐 너무 두려워요.	N	2022-06-13 07:24:49	2022-11-08 03:28:53
BE22000717	10	1	모든 일은 시간이 지날수록 희미해진다는 게 인생의 기쁨이기도, 슬픔이기도 한 것 같아요. 이별의 아픔 역시 시간이 지나면 무뎌지게 되어 있어요. 	N	2022-06-13 07:24:49	2022-11-08 03:28:53
BE22000717	11	0	대리님이 그렇게 말해주니까 조금 덜 불안해요. 그 사람도 나처럼 노래만 들어도 눈물이 나고 제 생각이 날까요?	N	2022-06-13 07:24:49	2022-11-08 03:28:53
BE22000717	12	1	혼자서 한 사랑이 아니잖아요. 덜 좋아하고 더 좋아한 사람이 있어요? 이별은 두 사람 모두에게 슬픈 일이라고 생각해요. 그러니 너무 외로워하거나 마음 아파하지 마요.	N	2022-06-13 07:24:49	2022-11-08 03:28:54
BE22000717	13	0	고마워요. 대리님 말씀이 맞아요. 내일은 오늘보다 괜찮을 것 같다는 생각이 들어요.	N	2022-06-13 07:24:49	2022-11-08 03:28:54
BE22000717	14	1	분명히 그럴 거예요. 하루하루 아픔이 옅어지면 다시 좋아하는 노래도 마음껏 듣고, 행복을 느낄 수 있게 될 거예요.	N	2022-06-13 07:24:49	2022-11-08 03:28:54
BE22000717	15	0	그날이 올 때까지 힘낼게요.	Y	2022-06-13 07:24:49	2022-11-08 03:28:54
