id	utterance_id	utterance_type	utterance_text	terminate	regDate	updDate
BE22016588	1	0	급한 연락이 오기로 했는데, 지금 휴대폰 배터리가 없어요. 어떻게 이런 중요한 일을 평소에 잘 챙기지 못하는 걸까, 생각하니까 정말 슬프네요.	N	2022-08-31 00:57:23	2022-11-08 05:10:14
BE22016588	2	1	저도 저번에 비슷한 경험을 해본 적이 있어서 감정화자씨 기분 정말 잘 알아요. 생각보다 모든 걸 꼼꼼하게 챙기는 건 정말 힘든데, 그걸 해내지 못하면 굉장히 속상하더라고요. 사람은 참 모순적인 것 같다고 생각했어요.	N	2022-08-31 00:57:23	2022-11-08 05:10:14
BE22016588	3	0	분명히 오늘 충전을 잘 해놔야 한다는 걸 며칠 전부터 생각하고 있었는데. 정작 당일이 되니 까먹어버렸어요. 종일 일하다가 이제야 생각이 났네요.	N	2022-08-31 00:57:23	2022-11-08 05:10:14
BE22016588	4	1	사실 저희가 해야 할 일이 한두 개가 아니잖아요. 오늘도 일을 열심히 하다가 깜빡하신 거니까요. 너무 자책하지 않으시면 좋겠어요.	N	2022-08-31 00:57:23	2022-11-08 05:10:14
BE22016588	5	0	하지만 이렇게 꼼꼼하지 않으면 앞으로 일에 지장이 생길 것 같아 걱정이 많거든요. 저번에도 결재받아야 하는 서류가 있었는데, 정말 마감 직전에 확인하고 급하게 처리했던 기억이 있어요.	N	2022-08-31 00:57:23	2022-11-08 05:10:14
BE22016588	6	1	제가 봤을 때 감정화자씨는 정말 세 명 정도의 인생을 살고 계신 것 같아요. 그러니 슬퍼하시기보다는, 평소에 감정화자씨가 얼마나 대단한 사람인지 생각해보시면 좋겠어요. 제가 봤을 때는 정말 멋있는 동료거든요.	N	2022-08-31 00:57:23	2022-11-08 05:10:14
BE22016588	7	0	제가 또 그렇게 보였을 거라고는 생각을 못 해 봤네요. 그래도 저는 항상 더 잘 해내고 싶거든요.	N	2022-08-31 00:57:23	2022-11-08 05:10:14
BE22016588	8	1	사람인 이상 실수는 할 수 있다고 생각해요. 하지만 이렇게 항상 깨닫고, 앞으로 더 잘 해내는 걸 기약한다면 앞으로는 이런 실수 하지 않으실 거예요. 저는 감정화자씨가 척척 일을 잘 해결하시는 모습이 자연스럽게 그려지는걸요?	N	2022-08-31 00:57:23	2022-11-08 05:10:14
BE22016588	9	0	정말요? 앞으로는 제가 잘 해낼 수 있을까요? 이런 사소한 일 하나를 챙기지 못했다는 생각에 속상한데요.	N	2022-08-31 00:57:23	2022-11-08 05:10:14
BE22016588	10	1	당연하죠! 제가 아는 감정화자씨는 위기를 기회로 만들 줄 아는 멋있는 분인걸요? 이번을 발판 삼아 앞으로 더 잘하실 수 있을 거예요! 너무 걱정하지 않으셔도 될 거 같아요.	N	2022-08-31 00:57:23	2022-11-08 05:10:14
BE22016588	11	0	공감화자씨 말씀을 들으니 앞으로는 정말 잘 해낼 수 있을 것만 같은 생각이 들어요! 오늘은 다른 방법을 찾고 앞으로는 이런 실수 하지 않도록 잘해야겠어요!	N	2022-08-31 00:57:23	2022-11-08 05:10:15
BE22016588	12	1	그래도 이렇게 슬픔을 극복하고 다음을 기약하는 게 쉬운 일이 아닌데, 감정화자씨는 정말 대단하신 것 같아요! 저도 많이 보고 본받아야겠어요.	N	2022-08-31 00:57:23	2022-11-08 05:10:15
BE22016588	13	0	공감화자씨 아니었으면 이렇게 생각하기는 쉽지 않았을 거예요. 오늘 같이 이야기 나누어 주셔서 감사해요.	N	2022-08-31 00:57:23	2022-11-08 05:10:15
BE22016588	14	1	언제든지 도움이 필요하면 말씀하세요. 제가 열심히 들어드릴게요!	N	2022-08-31 00:57:23	2022-11-08 05:10:15
BE22016588	15	0	네, 오늘 잘 마무리하도록 할게요!	Y	2022-08-31 00:57:23	2022-11-08 05:10:15
