id	utterance_id	utterance_type	utterance_text	terminate	regDate	updDate
BE22000105	1	0	부장님, 우리 고양이 어떡하지요?	N	2022-06-03 07:32:08	2022-11-08 03:24:54
BE22000105	2	1	왜 감정화자씨 고양이가 어디 아픈 데라도 생긴 거예요?	N	2022-06-03 07:32:08	2022-11-08 03:24:54
BE22000105	3	0	그걸 아니에요. 알고보니 나랑 결혼할 사람이 동물을 싫어하더라고요. 고양이를 다른 곳에 입양 보내는 게 어떠냐고 제안하네요.	N	2022-06-03 07:32:08	2022-11-08 03:24:54
BE22000105	4	1	그 얘기 들었을 때 갑자기 눈물이 핑 돌았겠어요. 감정화자씨께는 고양이가 가족과도 다름없잖아요.	N	2022-06-03 07:32:08	2022-11-08 03:24:54
BE22000105	5	0	저희 집에 몇 번 놀러 온 적 있는데도 몰랐어요.	N	2022-06-03 07:32:08	2022-11-08 03:24:54
BE22000105	6	1	그러니까 고양이에 별로 관심 없어 보이셨다는 거지요?	N	2022-06-03 07:32:08	2022-11-08 03:24:54
BE22000105	7	0	맞아요. 이럴 줄 알았으면 결혼까지 약속하지 않아야 했던 건데요. 너무 속상하고 우울해요.	N	2022-06-03 07:32:08	2022-11-08 03:24:54
BE22000105	8	1	지금은 그런 마음 충분히 들 수 있을 거라고 생각해요. 많이 속상하고 힘들겠어요. 하지만 서로 많이 사랑하는 만큼 대화를 먼저 나눠봐야 하지 않을까요?	N	2022-06-03 07:32:08	2022-11-08 03:24:54
BE22000105	9	0	안 그 말 듣고 그냥 집에 와버렸는데요. 할까? 서로 이해가 잘 가게끔 대화가 통할지 걱정돼요.	N	2022-06-03 07:32:08	2022-11-08 03:24:54
BE22000105	10	1	동물을 왜 좋아하지 않는지 이야기를 들어보면 감정화자씨도 이해 가는 부분이 생길 거라고 생각해요. 지금 많이 혼란스럽고 슬프고 온갖 감정이 다 밀려오지? 힘내고 너무 걱정하지 마요.	N	2022-06-03 07:32:08	2022-11-08 03:24:54
BE22000105	11	0	위로해줘서 고마워요. 대리님 말대로 대화는 해봐야겠지만 끝까지 고양이를 입양 보내야겠다고 고집하면 어떻게 하지요?	N	2022-06-03 07:32:08	2022-11-08 03:24:54
BE22000105	12	1	그런 생각이 들 때 둘 중 하나랑은 살 수 없다고 생각하기보다는, 합의점을 찾아보는 게 더 좋지 않을까요 싶어요.	N	2022-06-03 07:32:08	2022-11-08 03:24:54
BE22000105	13	0	대리님 말을 들어보니 무작정 우울해한다고 해결될 문제는 아닌 거 같아요. 우선 내가 할 말을 먼저 정리한 다음 대화해봐야겠어요.	N	2022-06-03 07:32:08	2022-11-08 03:24:54
BE22000105	14	1	감정화자씨는 무슨 일 있을 때 힘들어하다가도 시간 지나면 상황을 객관적으로 보니까, 잘 이야기 할 수 있을 거예요.	N	2022-06-03 07:32:08	2022-11-08 03:24:54
BE22000105	15	0	그렇게 말해줘서 고마워요. 마음이 조금은 편해졌어요.	Y	2022-06-03 07:32:08	2022-11-08 03:24:54
