id	utterance_id	utterance_type	utterance_text	terminate	regDate	updDate
BE22019737	1	0	쌤, 이번에 저 이번에 고3 학생들 수업 들어가는 거 아시죠?	N	2022-09-22 05:51:08	2022-09-22 05:51:08
BE22019737	2	1	그럼요, 알죠. 왜요? 무슨 일 있으세요?	N	2022-09-22 05:51:08	2022-09-22 05:51:08
BE22019737	3	0	무슨 일이 있는 건 아닌데요, 원래 고3 아이들이 성형수술을 많이 하는 편인가요?	N	2022-09-22 05:51:08	2022-09-22 05:51:08
BE22019737	4	1	음, 아무래도 3학년 때 졸업앨범을 촬영하니까 그 전에 수술하고 오는 아이들이 있는 편이죠.	N	2022-09-22 05:51:08	2022-11-08 05:35:15
BE22019737	5	0	제가 3학년 수업에 들어가는 건 처음이라서요. 수업에 들어갔더니 꽤 많은 아이가 아직 부기가 안 빠진 상태더라고요.	N	2022-09-22 05:51:08	2022-11-08 05:35:15
BE22019737	6	1	처음 겪어보신 일이면 많이 당황스러우셨을 수도 있겠어요. 아무래도 졸업앨범에 들어가는 사진이 오래 남 다 보니 그 전에 쌍커풀 수술하는 아이들이 많아요.	N	2022-09-22 05:51:08	2022-11-08 05:35:15
BE22019737	7	0	당황스럽기도 했는데, 조금 슬프기도 했어요. 저는 아이들 하나하나가 정말 예쁜데, 그 아이들은 자기의 얼굴을 보면서 부족하다고 느꼈다는 거잖아요.	N	2022-09-22 05:51:08	2022-11-08 05:35:15
BE22019737	8	1	저도 매년 볼 때마다 씁쓸하긴 해요. 한참 외모에 관심이 많은 나이대라서 더 그럴 수도 있지만요.	N	2022-09-22 05:51:08	2022-11-08 05:35:15
BE22019737	9	0	서로 수술 후기를 얘기하면서 너는 어디를 하면 더 예쁘겠다, 어느 병원이 자연스럽게 잘 해준다. 그런 얘기를 나누고 있더라고요.	N	2022-09-22 05:51:08	2022-09-22 05:51:08
BE22019737	10	1	지금 하는 아이들도 많고, 수능 끝나고 하는 아이들도 꽤 많을 거예요. 그때는 병원에서 이런저런 할인행사나 이벤트도 많이 하거든요.	N	2022-09-22 05:51:08	2022-09-22 05:51:08
BE22019737	11	0	그건 알고 있었지만, 직접 눈으로 보니 느낌이 다르네요. 선생님은 고3 학생들 수업 많이 들어가 보셨잖아요, 매년 이런가요?	N	2022-09-22 05:51:08	2022-11-08 05:35:15
BE22019737	12	1	그때그때 차이는 있지만 거의 그렇죠. 아무래도 요즘 아이들이 우리 때보다 SNS를 많이 하다 보니 외모에 더 신경을 쓰게 되나 봐요.	N	2022-09-22 05:51:08	2022-11-08 05:35:15
BE22019737	13	0	아 그러고 보니, 아까 아이들이 어떤 인플루언서 이야기하는 걸 들었거든요. 얼굴형부터 눈매, 코 모양, 입술 두께까지 꽤 자세하게 따지는 걸 보고 조금 놀랐어요.	N	2022-09-22 05:51:08	2022-11-08 05:35:15
BE22019737	14	1	저는 그렇게 구체적인 얘기까지는 들어본 적이 없는데 많이 놀라셨겠어요.	N	2022-09-22 05:51:08	2022-11-08 05:35:15
BE22019737	15	0	많은 아이가 외모 이야기를 하면, 수술하지 않은 아이들도 자기 외모에 부족함을 느끼게 되잖아요. 그런 생각을 하지 말라고 이야기해도 본인이 그렇게 느끼니까. 선생님으로서 어떻게 이 문제를 대해야 할지 고민이 많아지는 것 같아요.	N	2022-09-22 05:51:08	2022-11-08 05:35:15
BE22019737	16	1	저도 그래요. 늘 자신이 부족하다고 생각하는 모습이 안타깝죠. 이 아이들에게 어떤 얘기를 해줄 수 있을까 싶어요.	N	2022-09-22 05:51:08	2022-11-08 05:35:15
BE22019737	17	0	저도 아이들의 마음을 모르는 게 아니니까 더 씁쓸하더라고요. 별거 아닐 수도 있지만 마음이 계속 쓰이네요.	N	2022-09-22 05:51:08	2022-09-22 05:51:08
BE22019737	18	1	그런 마음을 수업 내용에 녹여보면 어떨까요? 아이들에겐 자신을 있는 그대로 사랑하라는 이야기를 해줄 수 있는 어른이 필요한 것 같아요.	N	2022-09-22 05:51:08	2022-11-08 05:35:15
BE22019737	19	0	그 생각은 미처 못 해봤는데 좋아요! 자주는 어렵겠지만 가끔 그런 주제로 수업을 해보는 것도 나쁘지 않을 것 같네요.	N	2022-09-22 05:51:08	2022-11-08 05:35:15
BE22019737	20	1	선생님 정말 아이들을 아끼시나 봐요. 저도 한 번 시도 해봐야겠어요.	Y	2022-09-22 05:51:08	2022-11-08 05:35:15
