id	utterance_id	utterance_type	utterance_text	terminate	regDate	updDate
BE22020060	1	0	공감화자님, 아버지께서 일용직으로 일하시는데 지난주에 크게 다치셔서 너무 슬퍼요. 매일 하루 종일 울어요. 아버지께서 제가 어렸을 때부터 일용직으로 너무 고생하셔서 생각만 해도 눈물이 나고 너무 슬퍼요.	N	2022-09-22 17:37:48	2022-11-08 05:36:06
BE22020060	2	1	감정화자님에게 그런 큰일이 있었는지 전혀 모르고 있었어요. 얼마나 상심이 크시겠어요. 아버지께서 고생하시는 상상만으로도 가슴이 미어지는데 일하다 부상까지 입으시다니 더욱 슬프고 비통하실 것 같아요.	N	2022-09-22 17:37:48	2022-11-08 05:36:06
BE22020060	3	0	아버지께서 머리를 크게 다치셔서 아직도 의식이 돌아오지 않으셨어요. 그래서 형제들이 돌아가면서 아버지를 돌보고 있는데 너무 속상하고 눈물만 날 뿐이에요.	N	2022-09-22 17:37:48	2022-09-22 17:37:48
BE22020060	4	1	상황이 그렇게 안 좋다니 당연히 암담하고 가슴이 답답해서 울고만 싶을 것 같아요. 그렇지만 그렇게 위기인 상황일수록 정신을 차리고 스스로를 돌보아야 해요. 감정화자님마저 쓰러져버리거나 하시면 안 되니까 말이에요.	N	2022-09-22 17:37:48	2022-11-08 05:36:07
BE22020060	5	0	저도 마음 같아서는 다 포기하고 집에 틀어박혀 울어대기만 하고 싶지만 그래선 안 되니까 굳세어지려고요. 하지만 아직 마음이 약해서 여전히 눈물 참기가 힘들어요. 슬픔을 이길 힘이 아직 부족한 것 같아요.	N	2022-09-22 17:37:48	2022-09-22 17:37:48
BE22020060	6	1	아무리 나이가 많아도 이런 류의 비극 앞에서는 쉽게 마음을 추스르기 어려울 거예요. 너무 스스로를 몰아세울 것까지는 없지요. 이렇게 일상생활을 꿋꿋이 해내는 것만으로도 대단하고 생각해요.	N	2022-09-22 17:37:48	2022-11-08 05:36:07
BE22020060	7	0	이제 형제들이 다 커서 비로소 효도할 수 있게 되었더니 이런 비극이 닥친 거예요. 다른 건 몰라도 아버지의 인생이 너무 가엾어서 가슴이 찢어져요. 아버지 호강도 못 시켜드렸는데 세상이 너무 야속해요.	N	2022-09-22 17:37:48	2022-09-22 17:37:48
BE22020060	8	1	아버지께서도 그래도 이렇게 바르게 아이들을 키워냈다는 데 자부심이 있으실 겁니다. 아버지의 인생도 행복했을 거예요. 너무 우울하게만 생각하지 마시고 아직 남아있는 희망에 집중해보세요.	N	2022-09-22 17:37:48	2022-11-08 05:36:07
BE22020060	9	0	아직 돌아가신 건 아니니까 희망을 갖고 버텨야겠지요. 의사가 확답을 주지 않으니 더 애가 타요. 아직 완전히 소생 가능성이 있는 것도 아니고 완전히 불가능한 것도 아니라고 하시니 조마조마해요.	N	2022-09-22 17:37:48	2022-09-22 17:37:48
BE22020060	10	1	아버지께서 분명히 강인한 의지력으로 자식들 곁으로 돌아오실 거라고 믿어요. 그러니까 자식들도 절망하지 말고 희망을 갖고 열심히 살고 있으면 되는 거예요.	N	2022-09-22 17:37:48	2022-11-08 05:36:07
BE22020060	11	0	저희 아버지 같은 강한 분이시라면 분명히 그러실 거예요. 누구보다 자식들을 사랑하고 아끼셨으니 자식들이 기다리는 세상으로 다시 깨어나실 거예요. 슬픔에 잠겨 눈물만 흘리고 있으면 아버지께서 더 가슴 아프실 테니 정신을 차려야겠어요.	N	2022-09-22 17:37:48	2022-11-08 05:36:07
BE22020060	12	1	그게 쉽지 않은 일이라는 것 알지만 꼭 그렇게 힘을 내 보아요. 결국 좋은 소식이 오고 말 테니까요.	N	2022-09-22 17:37:48	2022-11-08 05:36:07
BE22020060	13	0	용기를 북 돋워주셔서 고마워요, 공감화자님. 위안이 많이 되었어요.	N	2022-09-22 17:37:48	2022-11-08 05:36:07
BE22020060	14	1	힘든 마음을 조금이라도 덜어주고 싶을 뿐이예요.	Y	2022-09-22 17:37:48	2022-11-08 05:36:07
