id	utterance_id	utterance_type	utterance_text	terminate	regDate	updDate
BE22000002	1	0	윤 대리님, 오늘 저 너무 슬퍼서 눈물이 다 나려고 해요.	N	2022-05-30 07:17:15	2022-11-08 03:24:13
BE22000002	2	1	매일 환하게 웃고 다니는 김 대리가가 그런 기분이라니, 별일이네요.	N	2022-05-30 07:17:15	2022-11-08 03:24:13
BE22000002	3	0	남편은 아이들 교육에 너무 무심해요. 나 혼자 애태우는 것 같아서 얼마나 눈물이 나는지 몰라요.	N	2022-05-30 07:17:15	2022-11-08 03:24:13
BE22000002	4	1	언제나 아이들 공부에도 열의를 보이셨잖아요. 교육비 때문이라 더 슬프겠어요.	N	2022-05-30 07:17:15	2022-11-08 03:24:13
BE22000002	5	0	며칠 전 큰애 영어 학원 추가로 등록하면서 돈 좀 달라고 했더니 남편이 없다고 하는 거예요. 일단 친정에서 백만 원 빌려 해결했지요.	N	2022-05-30 07:17:15	2022-11-08 03:24:13
BE22000002	6	1	결혼하고 나니 친정에 돈이야기 하기가 힘들었을 텐데 아이들 일이라 용기를 냈군요. 대단하네요.	N	2022-05-30 07:17:15	2022-11-08 03:24:13
BE22000002	7	0	그랬는데 아침에 세탁소에 남편 옷 맡기려고 주머니 확인하는데 현금 삼백만 원이 나오는 거예요.	N	2022-05-30 07:17:15	2022-11-08 03:24:13
BE22000002	8	1	정말 섭섭하고 황당했겠어요.	N	2022-05-30 07:17:15	2022-11-08 03:24:13
BE22000002	9	0	돈이 있다고 말했으면 친정에 아쉬운 소리를 안 했을 텐데요. 몰래 뒷주머니를 차고 있다니 속상해요.	N	2022-05-30 07:17:15	2022-11-08 03:24:13
BE22000002	10	1	혼자 속앓이 그만 하고 남편에게 물어봐요. 분명 사정이 있을 거예요. 사업에 필요한 돈일지도 모르고요.	N	2022-05-30 07:17:15	2022-11-08 03:24:13
BE22000002	11	0	하긴, 생활비를 벌어보려고 밤낮 가리지 않고 일하는 사람이긴 해요.	N	2022-05-30 07:17:15	2022-11-08 03:24:13
BE22000002	12	1	감정화자씨가 애들 교육 잘하려고 애쓰는 잘 알 텐데 설마 딴 주머니 일 리가요.	N	2022-05-30 07:17:15	2022-11-08 03:24:13
BE22000002	13	0	그 돈을 보는 순간 얼마나 눈물이 나던지요.	N	2022-05-30 07:17:15	2022-11-08 03:24:13
BE22000002	14	1	보자마자 서글픈 건 당연해요. 하지만 아직 모르는 일이니까 퇴근하면 차분히 물어봐요.	N	2022-05-30 07:17:15	2022-11-08 03:24:13
BE22000002	15	0	네, 겠어요. 내가 돈 때문에 어려운 상황이다 보니 남편을 이상한 사람으로 몰고간 것 같네요.	N	2022-05-30 07:17:15	2022-11-08 03:24:13
BE22000002	16	1	남편은 감정화자씨가 제일 잘 알잖아요. 분명 네게 미처 말하지 못한 상황이 있을 거예요.	N	2022-05-30 07:17:15	2022-11-08 03:24:13
BE22000002	17	0	그렇게 믿어야겠어요. 조언 고마워요. 혼자 마음앓이를 하고 있었어요.	Y	2022-05-30 07:17:15	2022-11-08 03:24:13
