id	utterance_id	utterance_type	utterance_text	terminate	regDate	updDate
BE22018432	1	0	우리 집 반려견이 교통사고로 죽었어요. 지금 너무 슬퍼서 눈물이 앞을 가리네요.	N	2022-09-15 14:16:46	2022-09-15 14:16:46
BE22018432	2	1	감정화자씨, 괜찮아요? 너무 많이 놀라고 슬프겠어요. 감정화자씨가 강아지를 정말 많이 아꼈는데. 갑작스럽게 사고로 떠나다니 마음이 너무 아프고 슬퍼서 아무 생각조차 나지 않겠어요.	N	2022-09-15 14:16:46	2022-11-08 05:21:26
BE22018432	3	0	맞아요, 제가 저희 강아지를 정말 사람을 대하듯 많이 사랑했는데. 예상치도 못하게 사고가 나서 떠났다고 하네요. 지금 일이 손에 잡히지 않아요.	N	2022-09-15 14:16:46	2022-09-15 14:16:46
BE22018432	4	1	정말 그러실 거 같아요. 감정화자씨가 외동이라서 외롭고 쓸쓸해서 강아지를 입양해서 친동생처럼 함께 했다고 들었어요. 감정화자씨 문자만 봐도 지금 얼마나 애가 타고 가슴이 아플지 느껴져서 제 마음이 다 아프네요.	N	2022-09-15 14:16:46	2022-11-08 05:21:26
BE22018432	5	0	맞아요, 공감화자씨 문자처럼 제가 외동이어서 외로움을 많이 탔거든요. 그래서 중학생 때 부모님이 선물해 주신 강아지예요. 정말로 동생처럼 아끼고 사랑해 주면서 같이 살았어요, 그래서 더 슬프네요.	N	2022-09-15 14:16:46	2022-09-15 14:16:46
BE22018432	6	1	감정화자씨가 어린 시절 강아지가 있어서 많이 행복하고 따뜻했다고 말했던 기억이 나네요. 그런 동생 같은 강아지인데 이런 일이 생겼다니. 감정화자씨가 얼마나 마음이 아플지 감히 상상도 하지 못하겠네요.	N	2022-09-15 14:16:46	2022-11-08 05:21:26
BE22018432	7	0	제가 취직하고 독립하면서 강아지를 본가에 맡기고 나왔거든요. 그래서 자주 못 보고 못 챙겨줬는데. 이런 일이 생겨서 더 후회되고 슬퍼요.	N	2022-09-15 14:16:46	2022-11-08 05:21:26
BE22018432	8	1	그렇군요. 제가 감정화자씨 입장이어도 만약에 강아지를 자주 못 만나다가 그런 일이 생기면. 더 후회되고 강아지에게 미안한 마음이 가슴 깊이 차오를 거 같아요. 특히, 감정화자씨가 정이 많고 따듯한 사람이잖아요, 주변에서 감정화자씨처럼 마음씨 고운 사람을 본 적이 없어요.	N	2022-09-15 14:16:46	2022-11-08 05:21:26
BE22018432	9	0	정말 떨어져 있고 조금 소홀해졌는데, 이런 일이 생겨서 더욱 마음이 아픈 거 같아요. 제 탓인 거 같은 마음도 들고요.	N	2022-09-15 14:16:46	2022-09-15 14:16:46
BE22018432	10	1	사고는 예상치 못할 때 일어나잖아요. 감정화자씨가 일부러 강아지를 방치한 게 아니잖아요, 그러니까 너무 후회하거나 자책하지 않아도 괜찮아요. 강아지도 감정화자씨가 자기를 얼마나 사랑해줬는지 다 알 거예요.	N	2022-09-15 14:16:46	2022-11-08 05:21:26
BE22018432	11	0	저 혼자서 반려견이 떠난 게 저 때문인 거 같고 아주 슬퍼하고 후회하고 있었는데. 공감화자씨가 제 마음을 이해해주시고 또 괜찮다고 위로까지 해주시니까 마음이 좀 가라앉아요.	N	2022-09-15 14:16:46	2022-11-08 05:21:26
BE22018432	12	1	감정화자씨 마음이 조금이나마 저로 인해 위로받으셨다고 하니 다행이에요. 그리고, 강아지도 감정화자씨를 만나서 행복하고 기뻤을 거예요. 어려서 항상 같이 놀아주고 또 친동생처럼 아껴주는 감상화자 씨 덕에 행복한 삶을 살았을 거예요.	N	2022-09-15 14:16:46	2022-11-08 05:21:26
BE22018432	13	0	그럴까요? 그랬으면 좋겠어요. 그래도 공감화자씨랑 문자 나누면서 마음이 진정됐어요. 고마워요.	N	2022-09-15 14:16:46	2022-11-08 05:21:26
BE22018432	14	1	너무 슬퍼하면 강아지도 같이 슬플 거예요. 지금까지 함께 해온 행복하고 즐거웠던 추억만 기억해요. 그러면 떠나는 강아지도 기분이 좋을 거예요. 힘내요.	Y	2022-09-15 14:16:46	2022-11-08 05:21:26
