id	utterance_id	utterance_type	utterance_text	terminate	regDate	updDate
BE22011363	1	0	우리 멍멍이가 밥을 잘 못 먹어서 주말에 병원에 다녀왔거든요. 근데 노견이라 잇몸이 약해져서 그런 것이라고 하더라고요. 앞으로 양치질에 신경을 많이 써줘야 한다고 하네요.	N	2022-07-24 15:33:44	2022-11-08 04:37:25
BE22011363	2	1	강아지 키우시는 건 알았는데 나이가 많은 줄은 몰랐었네요. 가족 같은 아이일 텐데 너무 속상하셨겠어요. 제가 다 마음이 찢어지네요.	N	2022-07-24 15:33:44	2022-11-08 04:37:25
BE22011363	3	0	맞아요. 정말 제 가족 같은 아이인데 하루가 다르게 체력 떨어지는 게 보여요. 강아지랑 마지막을 생각만 해도 눈물이 앞을 가려요. 앞으로 해줄 게 더 많은데 시간이 있을지 모르겠어요.	N	2022-07-24 15:33:44	2022-11-08 04:37:25
BE22011363	4	1	가족이나 다름없는데 그렇게 느끼시는 게 당연하죠. 얼마나 슬픔이 크시겠어요. 저였어도 아이와의 이별을 생각하면 눈앞이 캄캄했을 거예요.	N	2022-07-24 15:33:44	2022-11-08 04:37:25
BE22011363	5	0	밥을 잘 먹지 못했던 것도 제가 더 일찍 알아차렸어야 했는데 늦게 발견했어요. 저는 정말 이렇게 말할 자격도 없어요. 정말 비통해요. 혼자 얼마나 힘들었을지 너무 마음이 아파요.	N	2022-07-24 15:33:44	2022-11-08 04:37:25
BE22011363	6	1	주인이 슬퍼할까 봐 티 내지 않는 강아지들이 꽤 있다고 들었어요. 강아지가 정말 생각이 깊은가 봐요. 이렇게 슬퍼하실 걸 알고 그런 것이 아닐까요?	N	2022-07-24 15:33:44	2022-11-08 04:37:25
BE22011363	7	0	그렇게 생각하니 더 눈물이 나네요. 혼자 얼마나 힘들었을지 마음이 너무 아파요.	N	2022-07-24 15:33:44	2022-11-08 04:37:25
BE22011363	8	1	그래도 주인이 든든히 옆에서 버텨줘야 강아지도 밥을 먹고 힘을 내죠. 게다가 이렇게 사랑하는 마음이 넘치시는데 강아지가 모를 리 없어요. 그 사랑을 알고 있는 강아지라면 힘내서 다시 건강해질 수 있을 거예요.	N	2022-07-24 15:33:44	2022-11-08 04:37:25
BE22011363	9	0	그렇겠죠? 저라도 힘을 내야겠어요. 집에서 계속 강아지 보며 우는데 오히려 저에게 와서 위로해주더라고요. 정말 대단하지 않나요?	N	2022-07-24 15:33:44	2022-11-08 04:37:25
BE22011363	10	1	그럼요. 강아지 더 많이 사랑하고 옆에서 돌보시려면 기운 내셔야 해요. 강아지도 사람과 감정을 공유하잖아요. 오히려 위로 많이 받으셨겠어요.	N	2022-07-24 15:33:44	2022-11-08 04:37:25
BE22011363	11	0	맞아요. 오늘도 많이 안아주고 보듬어주고 사랑해줄 거예요. 들어주셔서 너무 감사해요. 덕분에 마음이 한결 나아졌어요.	N	2022-07-24 15:33:44	2022-11-08 04:37:25
BE22011363	12	1	아니에요. 마음 많이 안 좋으셨을 텐데 제가 조금이 그나마 위로가 되었다니 좋네요. 마음 굳게 먹으시고 강아지와 같이 좋은 시간 보내셨으면 좋겠어요.	N	2022-07-24 15:33:44	2022-11-08 04:37:25
BE22011363	13	0	네. 오늘은 유모차 태워서 산책도 하러 나가고 사진도 많이 찍어 두려고요. 다음에 사진 보여드릴게요.	N	2022-07-24 15:33:44	2022-11-08 04:37:25
BE22011363	14	1	너무 좋죠. 사진 기대하고 있을게요. 기운 내세요.	N	2022-07-24 15:33:44	2022-11-08 04:37:25
BE22011363	15	0	덕분에 기운 나네요. 위로 정말 고마워요.	Y	2022-07-24 15:33:44	2022-11-08 04:37:25
