id	utterance_id	utterance_type	utterance_text	terminate	regDate	updDate
BE22000598	1	0	대리님도 제 이름이 이상하다고 생각해요?	N	2022-06-13 05:45:05	2022-11-08 03:28:08
BE22000598	2	1	감정화자님의 이름이 어때서요? 한번도 그런 생각해본 적 없는데요.	N	2022-06-13 05:45:05	2022-11-08 03:28:08
BE22000598	3	0	단체 모임을 하는데 제 소개를 했더니 글쎄 여자들이 다들 고개를 숙이고 키득거리잖아요. 기분도 나쁘고 슬퍼서 눈물이 찔끔 났어요.	N	2022-06-13 05:45:05	2022-11-08 03:28:08
BE22000598	4	1	무슨 그런 경우가 다 있어요? 자기소개를 하는데 키득거리고 있으면 자기소개한 감정화자씨는 얼마나 민망했겠어요. 그 여자들이 예의가 없네요.	N	2022-06-13 05:45:05	2022-11-08 03:28:08
BE22000598	5	0	아니에요. 저는 그 사람들 이해해요. 제가 생각해도 내 이름은 이상하니까요.	N	2022-06-13 05:45:05	2022-11-08 03:28:08
BE22000598	6	1	이름이 뭐가 어때요? 한번 들으면 잊혀지지 않는 이름이잖아요. 전 그게 너무 부러운걸요.	N	2022-06-13 05:45:05	2022-11-08 03:28:08
BE22000598	7	0	부모님이 주신 이름이라 고치지도 못하고 이렇게 살아야 하니 암담하기만 해요.	N	2022-06-13 05:45:05	2022-11-08 03:28:08
BE22000598	8	1	세상 사람들이 자기 이름 한번 알려보겠다고 발버둥 치는 사람도 많잖아요. 감정화자씨는 이름만 대면 사람들이 다 알아보잖아요. 게다가 이름과 달리 감정화자씨는 외모나 인품이 너무 멋져요. 반전 매력의 사나이가 따로없어요.	N	2022-06-13 05:45:05	2022-11-08 03:28:08
BE22000598	9	0	그건 대리님이 내 동료라서 나를 좋게 봐주니까 그런 거지요. 사실 저는 창피해서 누가 이름을 물어봐도 그냥 못 들은 척하고 지나친 게 한두 번이 아니에요.	N	2022-06-13 05:45:05	2022-11-08 03:28:08
BE22000598	10	1	원래 콤플렉스는 스스로 만드는 거예요. 우리 조상님들이나 연예인들도 자세히 보면 웃긴 이름 엄청 많아요. 그런데 그분들이 훌륭한 일을 하고 유명해지다 보니까 그 이름이 당연한 게 되는 거지요.	N	2022-06-13 05:45:05	2022-11-08 03:28:08
BE22000598	11	0	그러고 보니 이상한 이름 정말 많네요.	N	2022-06-13 05:45:05	2022-11-08 03:28:08
BE22000598	12	1	맞아요. 사람은 이름으로 평가되는 것이 아니라 그 인품이나 업적으로 평가되는 거예요. 감정화자씨는 동료들 사이에서 성격 좋고 착하기로 유명하잖아요. 	N	2022-06-13 05:45:05	2022-11-08 03:28:08
BE22000598	13	0	정말 그럴까요? 그럼 이름 때문에 스트레스 받지 말고 오히려 내 이름을 알리며 살아야겠네요.	N	2022-06-13 05:45:05	2022-11-08 03:28:08
BE22000598	14	1	그러니까 너무 위축되지 말고 오히려 당당하게 어깨 쫙 펴고 살아요.	N	2022-06-13 05:45:05	2022-11-08 03:28:08
BE22000598	15	0	정말 고마워요. 모임에 갔다가 울적한 기분이 들었는데 덕분에 훨씬 좋아졌어요.	Y	2022-06-13 05:45:05	2022-11-08 03:28:08
