id	utterance_id	utterance_type	utterance_text	terminate	regDate	updDate
BE22013895	1	0	요즘 내 마음은 슬픔으로 가득 차 있어. 아내가 전에 사귀던 남자를 몰래 만나고 온 것 같아. 생각할수록 자꾸만 우울해져서 미칠 것 같아.	N	2022-08-11 03:18:57	2022-08-11 03:18:57
BE22013895	2	1	그런 일이 있었다니 감정화자씨가 정말 많이 힘들었겠네. 나는 감정화자씨 이야기만 들어도 가슴이 철렁 내려앉고 눈물이 날 것 같아.	N	2022-08-11 03:18:57	2022-11-08 04:53:24
BE22013895	3	0	지난 주말에 친구에게서 전화가 와서, 내 아내가 그 남자와 카페에 있는 걸 목격했다고 했어. 그 말을 듣자, 정말 억장이 무너지는 것 같았어.	N	2022-08-11 03:18:57	2022-08-11 03:18:57
BE22013895	4	1	나는 와이프에게 남자 향수 냄새만 살짝 나도 하늘이 무너지는 것 같거든. 감정화자씨가 얼마나 슬퍼할지 난 상상조차 할 수 없을 정도야.	N	2022-08-11 03:18:57	2022-11-08 04:53:24
BE22013895	5	0	정말 너무 큰 슬픔이 밀려와서, 내 심장이 마비되는 것 같았어. 남자로서 자존심이 무너진 것 같아서, 말할 수 없는 절망을 느꼈어.	N	2022-08-11 03:18:57	2022-08-11 03:18:57
BE22013895	6	1	우리 남자들은 여자들의 쌀쌀맞은 눈길에도 자존심이 상하기도 하잖아. 감정화자씨가 그렇게 슬퍼하는 것도 너무나 당연해.	N	2022-08-11 03:18:57	2022-11-08 04:53:24
BE22013895	7	0	내가 살아온 인생이 아무것도 아닌 것 같다는 생각이 들어서 정말 슬프고 허무해. 아내에 대한 신뢰를 잃었다고 생각하면 비통함마저 들고.	N	2022-08-11 03:18:57	2022-11-08 04:53:24
BE22013895	8	1	나는 감정화자씨 이야기만 들어도 눈물이 나려고 해. 무슨 말로 감정화자씨를 위로할 수 있을지 몰라 안타깝기만 하고.	N	2022-08-11 03:18:57	2022-11-08 04:53:24
BE22013895	9	0	마음이 텅 비어 버린 것 같아. 난 아내를 진심으로 사랑하는데 아내는 그런 것 같지 않아서 삶의 의욕마저 사라지는 것 같아.	N	2022-08-11 03:18:57	2022-08-11 03:18:57
BE22013895	10	1	감정화자씨는 누구보다도 당당하고 성격도 시원시원하잖아. 그래서 회사 직원들도 모두 감정화자씨를 따르고 좋아하잖아. 그러니 너무 슬퍼하지 말고 얼른 기운 냈으면 좋겠어.	N	2022-08-11 03:18:57	2022-11-08 04:53:24
BE22013895	11	0	내 마음속에 슬픔뿐이었는데, 공감화자씨 말을 들으니 마음이 한결 편안해진 것 같아. 힘들어하는 나를 격려해 주고 위로해 줘서 정말 고마워.	N	2022-08-11 03:18:57	2022-11-08 04:53:24
BE22013895	12	1	아내와 차분히 이야기해 보면 아무 일도 아닐 거야. 그러니 이제 슬퍼하지 말고, 오늘도 즐거운 마음으로 일했으면 좋겠어.	N	2022-08-11 03:18:57	2022-08-11 03:18:57
BE22013895	13	0	공감화자씨 얘기를 들으니, 내가 너무 슬픔에만 빠져 있었던 것 같아. 이제 편안한 마음으로 아내와 솔직하게 이야기를 나누도록 할게.	N	2022-08-11 03:18:57	2022-11-08 04:53:24
BE22013895	14	1	감정화자씨 부부는 늘 사이가 좋고 서로를 신뢰하잖아. 별일 아니고 그냥 사소한 오해일 거야. 그러니 이제는 더 이상 슬퍼하지 마.	N	2022-08-11 03:18:57	2022-11-08 04:53:24
BE22013895	15	0	내가 힘들어할 때마다 위로해 주는 직장 동료가 있어서 정말 다행이야. 공감화자씨, 정말 고맙게 생각해.	Y	2022-08-11 03:18:57	2022-11-08 04:53:24
