id	utterance_id	utterance_type	utterance_text	terminate	regDate	updDate
BE22018047	1	0	공감화자씨는 이렇게 퇴근 후에 아르바이트하는 것을 자녀가 알고 있어요? 저희 애는 저한테 왜 아르바이트하느냐고 물어보더라구요. 아무것도 모르고 묻는 건데 왜 이렇게 마음이 슬픈지 모르겠어요.	N	2022-09-13 23:41:50	2022-11-08 05:19:04
BE22018047	2	1	저희 아이들도 처음에는 의아해하다가 어느새 적응해서는 그러려니 하고 있어요. 아직 감정화자씨 딸이 익숙지 않아서 적응하는 데 시간이 필요한 것일 거예요.	N	2022-09-13 23:41:50	2022-11-08 05:19:04
BE22018047	3	0	저희 집이 형편이 많이 안 좋아요, 저랑 아내가 열심히 벌어도 겨우 입에 풀칠하는 정도거든요. 아이는 자라고, 해주고 싶은 것은 많은데 돈은 없어서 퇴근 후에 이런 아르바이트라도 하는 거거든요. 근데 딸이 아빠는 왜 매일 일하냐면서 돈 얘길 하는데 왈칵 눈물이 쏟아질 것 같았어요.	N	2022-09-13 23:41:50	2022-11-08 05:19:04
BE22018047	4	1	감정화자씨 마음 이해해요, 자녀를 위해 노력하고 있는데 그런 말을 들으면 누구라도 마음이 찢어질 거예요. 순수한 아이이기에 가능한 말인 걸 알지만 그래도 억장이 무너지고 슬픈 건 어쩔 수 없죠.	N	2022-09-13 23:41:50	2022-11-08 05:19:04
BE22018047	5	0	맞아요, 그 말을 듣는데 가슴에 돌덩이라도 내려앉은 것처럼 철렁하더라구요. 아이를 위해 내가 애쓰고 있는 것이 별 볼 일 없는 건가 싶은 생각이 들면서 슬퍼졌어요. 아이 앞에서 바보같이 눈물 참느라고 혼났어요.	N	2022-09-13 23:41:50	2022-11-08 05:19:04
BE22018047	6	1	저라면 그 자리에서 아이에게 화를 내며 혼냈을 텐데, 감정화자씨는 그러지 않고 자기 자신을 탓하고 있다니. 얼마나 아이를 사랑하고 아이를 위한다면 그럴 수 있을까요, 멋진 아빠네요, 대단해요. 감정화자씨의 노력을 스스로가 그렇게 아무렇지 않은 것처럼 생각하지 말아요.	N	2022-09-13 23:41:50	2022-11-08 05:19:04
BE22018047	7	0	솔직히 아이를 위해 날마다 이렇게 일을 하는데 그런 말을 들으니 조금 밉기도 하더라구요. 하지만 돈 때문에 하고 싶은 것도 못하는 딸 생각하면 미안한 마음에 견딜 수가 없어요. 딸은 정말 궁금해서 그냥 물어본 건데 저는 오만 생각이 다 드네요, 울적하고 서러워요 정말.	N	2022-09-13 23:41:50	2022-11-08 05:19:04
BE22018047	8	1	감정화자씨는 아이가 경제적 어려움으로 하고 싶은 것을 포기하지 않도록 하려고 애쓰고 있잖아요. 아이가 아빠의 마음을 들여다볼 만큼 성숙해진다면 충분히 이해하고 고마워할 거예요. 그러니까 너무 슬퍼하고, 아이의 말에 스스로 무게를 싣고 죄책감 느끼지 말아요.	N	2022-09-13 23:41:50	2022-11-08 05:19:04
BE22018047	9	0	아이가 왜 갑자기 그런 말을 했을까 하는 생각도 들더라구요. 혹시 학교에서 무슨 일이 있었나, 아빠가 아르바이트하는 것을 부끄러워하는 건가. 별생각이 다 들면서 이런 못난 아빠의 모습에 슬픔이 밀려오네요.	N	2022-09-13 23:41:50	2022-11-08 05:19:04
BE22018047	10	1	감정화자씨, 아이는 퇴근 후에도 아르바이트하는 아빠가 경제적으로 부족하다고 생각해서 말한 게 아닐 거예요. 아빠의 퇴근만을 기다렸는데, 다시 일하러 가는 아빠가 서운하고, 섭섭해서 그렇게 말한 게 아닐까요. 지금 아이에게는 아빠와의 시간이 더 소중하고 필요하잖아요, 그러니까 부정적인 생각으로 자책하지 말아요.	N	2022-09-13 23:41:50	2022-11-08 05:19:04
BE22018047	11	0	공감화자씨 말을 들으니까 그럴 수도 있겠다는 생각이 들어요. 제가 너무 돈 없는 저의 한심함에만 치우쳐서 아이의 말을 과하게 받아들이고 있었던 것 같아요. 동시에 아이에게 필요한 건 돈이 아니라 저와의 시간이라는 생각도 들어요.	N	2022-09-13 23:41:50	2022-11-08 05:19:04
BE22018047	12	1	감정화자씨가 멋진 아빠이자 훌륭한 가장이기에 아이의 말을 듣고 자신을 되돌아볼 수 있는 거예요. 그만큼 포용적이고, 아이를 위해서라면 뭐든지 해낼 수 있는 담대한 사람이라는 거니까요. 그러니까 괜히 혼자서 나쁘게 생각하면서 스스로 할퀴며 상처 내지 말아요.	N	2022-09-13 23:41:50	2022-11-08 05:19:04
BE22018047	13	0	오늘은 아르바이트가 끝나면 반드시 아이랑 좀더 놀아주면서 시간을 보내야겠어요. 돈도 중요하고 퇴근 후의 아르바이트도 의미 있지만 우리 아이가 없다면 아무 소용없으니까요. 아르바이트 시간도 조금 줄이면서 아이를 먼저 생각해야겠어요, 덕분이에요. 정말 고마워요.	N	2022-09-13 23:41:50	2022-11-08 05:19:04
BE22018047	14	1	아이를 사랑하는 마음으로 감정화자씨가 스스로 찾아내고 깨달은 해답인걸요. 돈 때문에 아이가 힘들어해도 가슴 찢어지지만, 아이와의 추억이 없는 것도 슬픈 일이에요. 감정화자씨의 상황을 설명해주고 마음을 전한다면 아이도 이해하고 받아들일 거라고 믿어요, 힘내요 감정화자씨.	Y	2022-09-13 23:41:50	2022-11-08 05:19:04
