id	utterance_id	utterance_type	utterance_text	terminate	regDate	updDate
BE22008641	1	0	공감화자씨 집에 들어와서도 울적한 마음이 가시질 않네요. 자꾸 회사에서 일어난 일이 머릿속에서 떠나질 않아요.	N	2022-07-13 13:27:34	2022-11-08 04:19:59
BE22008641	2	1	감정화자씨 오늘 힘든 하루를 겪으셨으니, 금방 털어내기엔 힘들게 느끼시는 게 당연해요.	N	2022-07-13 13:27:34	2022-11-08 04:20:00
BE22008641	3	0	도저히 그냥 잠들 수 없을 것 같아, 퇴근길에 편의점에 들러 맥주를 사 왔어요. 이런 날에도 혼자 편의점 맥주를 마시는 제 처지가 비참하게까지 느껴져요.	N	2022-07-13 13:27:34	2022-11-08 04:20:00
BE22008641	4	1	기댈 곳 없이 혼자 힘든 감정을 가지고 계시니 더욱 마음이 힘드시죠. 저도 다 겪었던 일이라 더 마음이 아프네요.	N	2022-07-13 13:27:34	2022-11-08 04:20:00
BE22008641	5	0	너무 답답해서 어디라도 떠나고 싶은데, 찾은 위안이 고작 혼자 편의점 맥주를 마신다는 게 더욱 서글퍼요.	N	2022-07-13 13:27:34	2022-11-08 04:20:00
BE22008641	6	1	저도 일이 너무 버거울 땐 종종 도망치고 싶은 기분이 들어요. 누구나 마음의 도피처가 있는데, 감정화자씨에겐 없는 듯 말씀하셔서 안타까워요.	N	2022-07-13 13:27:34	2022-11-08 04:20:00
BE22008641	7	0	매번 팀장님이 제 자존감을 깎는 말씀을 하실 땐, 처음엔 화가 났지만. 이제는 정말 제가 한 사람 몫도 하지 못하는 사람처럼 느껴져서 너무 우울해요.	N	2022-07-13 13:27:34	2022-11-08 04:20:00
BE22008641	8	1	적응을 잘해나가시는 것처럼 보였는데, 정말 힘드셨나봐요. 그렇게까지 말씀하시는 걸 보니 한계에 다다른 것 같아 걱정되네요.	N	2022-07-13 13:27:34	2022-11-08 04:20:00
BE22008641	9	0	저를 제외한 동료들은 다 자기 일을 잘만 하는데, 저만 뒤처지는 것 같아서 무력감이 점점 심해지네요.	N	2022-07-13 13:27:34	2022-11-08 04:20:00
BE22008641	10	1	동료로서 봤을 때 감정화자씨는 자신의 일을 잘 해내고 계세요. 물론 가끔은 버겁게 느껴지고, 한계가 느껴질 때도 있겠지만 그건 누구나 겪는 일이에요. 혼자만의 문제로 삼지 않으셔도 되어요.	N	2022-07-13 13:27:34	2022-11-08 04:20:00
BE22008641	11	0	제가 팀에 민폐가 될까 더 우울했던 건데, 그렇게 말씀을 해 주시니 큰 위안이 되네요.	N	2022-07-13 13:27:34	2022-11-08 04:20:00
BE22008641	12	1	모든 팀원이 저와 같은 생각일 거예요. 제가 다 해결해 드릴 순 없지만, 또 회사에서 힘든 일이 생긴다면. 그땐 편의점 맥주가 아닌 저랑 한잔하며 함께 털어내요.	N	2022-07-13 13:27:34	2022-11-08 04:20:00
BE22008641	13	0	공감화자씨도 회사 업무로 지치셨을 텐데, 제 마음까지 헤아려주시고 격려해 주시니 우울한 감정이 가시는 것 같아요.	N	2022-07-13 13:27:34	2022-11-08 04:20:00
BE22008641	14	1	저 또한 그런 일이 있을 때, 감정화자씨가 많이 응원을 해 주셨잖아요. 동료란 이런 사이가 아닐까 싶어요.	N	2022-07-13 13:27:34	2022-11-08 04:20:00
BE22008641	15	0	네. 든든한 동료가 있어 버틸 의지가 생기네요. 내일은 좀더 밝은 얼굴로 뵈어요.	Y	2022-07-13 13:27:34	2022-11-08 04:20:00
