id	utterance_id	utterance_type	utterance_text	terminate	regDate	updDate
BE22007780	1	0	오늘도 나 일찍 집에 가 봐야 할 것 같아. 미안해. 일 좀 부탁할게.	N	2022-07-11 08:12:18	2022-11-08 04:14:29
BE22007780	2	1	요즘 기분도 안 좋아 보이시고 무슨 일 있으세요?	N	2022-07-11 08:12:18	2022-11-08 04:14:29
BE22007780	3	0	사실 어머니께서 갑자기 교통사고를 당하시는 바람에 건강이 좋지 않아졌어. 가족들 분위기가 순식간에 쳐졌지 뭐야. 집에 들어가면 눈물만 나는 거 있지.	N	2022-07-11 08:12:18	2022-11-08 04:14:29
BE22007780	4	1	안 그래도 성격 밝던 분이 표정도 안 좋으시고 무슨 사정이 있나 했어요. 어디 크게 다치신 거예요?	N	2022-07-11 08:12:18	2022-11-08 04:14:29
BE22007780	5	0	원래 지병이 있으셨는데 골절과 함께 복합적인 치료가 필요해서 중환자실에 입원한 상태야. 사실대로 말 못해서 미안해. 어머니만 생각하면 일이 손에 안 잡혀.	N	2022-07-11 08:12:18	2022-11-08 04:14:29
BE22007780	6	1	어머니께서 안 그래도 몸도 좋지 않으신데 그런 일이 생기다니 너무 슬플 거 같아요. 누구나 가족의 건강이 우선인데 일에 집중이 안 되는 것도 당연하죠. 그 맘 백번 이해해요.	N	2022-07-11 08:12:18	2022-11-08 04:14:29
BE22007780	7	0	그렇게 말해주니 고마워. 지난번엔 생사를 오가시는 바람에 말도 없이 퇴근하게 되었어. 사실대로 말하려니 동료들 앞에서 울게 될까 봐 차마 입이 떨어지지 않더라고.	N	2022-07-11 08:12:18	2022-11-08 04:14:29
BE22007780	8	1	듣는 저도 이렇게 울컥 한데 그 마음은 상상이 안 되네요. 다른 건 생각하지 마시고 어머니만 생각하세요. 사랑하는 가족들이 곁에서 지켜주고 열심히 챙겨주시는 데 곧 좋은 소식이 있으실 거예요.	N	2022-07-11 08:12:18	2022-11-08 04:14:29
BE22007780	9	0	응. 좋은 소식이 꼭 있어야 하는데 말이야. 밤낮으로 새로운 치료법을 찾느라 정신이 없는 것 같아. 여기서 상태가 더 나아지지 않으면 나는 어떡하지?	N	2022-07-11 08:12:18	2022-11-08 04:14:29
BE22007780	10	1	기운을 모으면 또 다른 기운을 일으킨다고 하잖아요. 가족들이 걱정하는 기운을 모아서 곧 상태가 좋아지실지 몰라요. 너무 걱정하지 마세요.	N	2022-07-11 08:12:18	2022-11-08 04:14:29
BE22007780	11	0	그래? 그렇다면 온 우주의 기운을 다 모으고 싶네. 어머니만 일어나신다면 좋을 것 같아. 그 뒤라면 자네 일이건 동료들 일이건 회사 일은 내가 싹 다 대신 처리할게.	N	2022-07-11 08:12:18	2022-11-08 04:14:29
BE22007780	12	1	일은 걱정 마세요. 다들 무슨 사정이 있는진 모르지만 마음속으로 해결되길 바랄 거예요. 이렇게 모으면 온 우주의 기운이 되니까 꼭 이겨 내실 거예요.	N	2022-07-11 08:12:18	2022-11-08 04:14:29
BE22007780	13	0	그렇게 말해주니 고마워. 혼자 앓던 마음이 좀 괜찮아진 것 같아.	N	2022-07-11 08:12:18	2022-11-08 04:14:29
BE22007780	14	1	다행이에요. 나쁜 일 뒤에는 항상 좋은 일이 따라온다는 거 기억하세요. 이젠 좋은 일이 생길 차례에요. 힘내세요.	N	2022-07-11 08:12:18	2022-11-08 04:14:29
BE22007780	15	0	정말 진심으로 고맙네.	Y	2022-07-11 08:12:18	2022-11-08 04:14:29
