id	utterance_id	utterance_type	utterance_text	terminate	regDate	updDate
BE22018341	1	0	전 정말 무능한 것 같아요. 이번에 계속해서 영업실적이 너무 안 좋아요. 노력하는데도 결과가 좋지 않으니까 정말 슬프네요.	N	2022-09-15 06:42:33	2022-09-15 06:42:33
BE22018341	2	1	이 일을 시작한 지 얼마 되지 않으셨잖아요. 처음부터 잘하는 사람이 어디 있겠어요. 배워가면서 실적도 늘 테니 너무 속상해하지 마시기 바라요.	N	2022-09-15 06:42:33	2022-11-08 05:20:56
BE22018341	3	0	그래도 저도 나름대로 일 년 차잖아요. 실적이 계속해서 좋지 않으니, 부장님 눈치도 보이고 제가 무능력하게 느껴져요. 정말 잘해보려 했는데 마음대로 되지 않으니 너무 속상한 거 있죠.	N	2022-09-15 06:42:33	2022-11-08 05:20:56
BE22018341	4	1	저도 초반에는 영업을 잘하지 못했었기에, 그 마음 잘 알아요. 고객의 마음을 움직여야 하는 일이니 쉽지 않죠. 낙담하는 마음이 들고, 위축되는 그 마음 어떤 마음인지 충분히 이해해요.	N	2022-09-15 06:42:33	2022-11-08 05:20:56
BE22018341	5	0	사실, 부모님께 제가 실적이 엄청 좋다고 말해놨거든요. 부모님은 제가 돈도 많이 벌고 능력이 있는 줄 아세요. 거짓말한 것 같은 기분이 들고, 저 스스로 못났다는 생각에 더 슬퍼져요.	N	2022-09-15 06:42:33	2022-11-08 05:20:56
BE22018341	6	1	가족들에게 말씀하신 것처럼 시간이 지나면 더 실력도, 실적도 좋아지실 거예요. 아까 말했다시피 처음부터 잘하는 사람은 없는걸요. 그래도, 감정화자님 정도면 일 년 차인데도 잘하고 계신 편이에요.	N	2022-09-15 06:42:33	2022-11-08 05:20:56
BE22018341	7	0	이번 달 영업실적이 다른 동료들보다 훨씬 뒤떨어지는걸요. 이러다가 저 해고당하는 건 아닌지 정말 걱정돼요. 요즘은 잠도 잘 안 오고, 부정적인 생각들이 들어서 너무 우울해요.	N	2022-09-15 06:42:33	2022-09-15 06:42:33
BE22018341	8	1	제가 이 직업의 선배로서 이야기하자면, 실적에 너무 연연하지 않는 게 좋아요. 이번 달 실적이 안 나오면 다음 달에 잘하시면 되는 거니까 훌훌 털어버리고 주무시기 바라요. 그게 감정화자님의 마음 건강에도 훨씬 도움이 되실 거예요.	N	2022-09-15 06:42:33	2022-11-08 05:20:56
BE22018341	9	0	저도 공감화자님의 말대로 편하게 자고 싶지만, 밤마다 온갖 우울한 생각이 많이 들어서 힘들어요. 정말 처음엔 이렇게 실적이 안 좋기도 한 건가요? 저도 시간이 지나면 실적이 더 좋아질 수 있을까요?	N	2022-09-15 06:42:33	2022-11-08 05:20:56
BE22018341	10	1	함께 일하며 지켜봤을 때, 감정화자님은 포기하지 않는 열정이 있으셨어요. 그런 열정과 끈기라면 앞으로 더 실적도 좋아지실 거예요. 저도 옆에서 도와줄게요.	N	2022-09-15 06:42:33	2022-11-08 05:20:56
BE22018341	11	0	그렇다면 다행이에요. 저 이번 실적 보고 정말 슬픔에 빠졌었거든요. 그래도 공감화자님의 위로를 들으니 마음이 조금 편해지는 것 같아요.	N	2022-09-15 06:42:33	2022-11-08 05:20:56
BE22018341	12	1	영업하는 일이 원래 쉽지 않잖아요. 이곳에서 일하는 많은 사람이 그런 어려움과 난관에 부딪혔지만, 끈기 있게 일하고 있는 사람들이에요. 감정화자님에게도 앞으로 더 실적이 좋아지는 날이 오실 거예요.	N	2022-09-15 06:42:33	2022-11-08 05:20:56
BE22018341	13	0	긍정적인 이야기를 해주셔서 정말 고마워요. 부모님께도, 친구들에게도 창피해서 말하지 못했었거든요. 공감화자님 덕에 이제 슬프지 않게 느껴져요.	N	2022-09-15 06:42:33	2022-11-08 05:20:56
BE22018341	14	1	정말 다행이네요. 앞으로도 함께 일하면서, 어려움이나 속상한 일이 있으실 때는 저에게 말씀하세요. 언제든 제가 도울 수 있는 건 다 도와줄게요.	N	2022-09-15 06:42:33	2022-11-08 05:20:56
BE22018341	15	0	최근 들었던 말 중에서 가장 감동적이고 고마운 말이네요. 역시 공감화자님께 고민을 털어놓길 정말 잘했어요. 우리 앞으로도 서로 의지하면서 힘내봐요.	Y	2022-09-15 06:42:33	2022-11-08 05:20:56
