id	utterance_id	utterance_type	utterance_text	terminate	regDate	updDate
BE22017302	1	0	공감화자님, 안녕하세요, 저 오늘 마음이 좀 슬프네요. 고민을 좀 말씀드려도 될까요?	N	2022-09-07 02:13:41	2022-11-08 05:14:31
BE22017302	2	1	감정화자님, 오랜만이네요. 무슨 일이 있으신가 봐요. 저에게 편하게 얘기해주세요.	N	2022-09-07 02:13:41	2022-11-08 05:14:31
BE22017302	3	0	제 동생이 남편과 이혼 중 재산 분할에 대한 소송을 진행하고 있거든요. 남편이 어려울 때 아이들 키우며 뒷바라지를 열심히 해서 지금 자리까지 가도록 도와주었거든요. 그런데 소송이 길어지면서 힘들어하는 동생의 모습을 볼 때마다 마음이 너무 아프네요.	N	2022-09-07 02:13:41	2022-11-08 05:14:31
BE22017302	4	1	어려운 시간을 겪는 동생을 보는 감정화자님의 마음이 편하지 않으셨겠어요. 가족 중 한 명이 그런 아픔을 겪고 있다면 저라도 마음이 슬프고 우울해질 것 같아요.	N	2022-09-07 02:13:41	2022-11-08 05:14:31
BE22017302	5	0	동생이 충분히 주장할 만한 부분을 주장하는데도 주변의 시선이 곱지 않아요. 돈 때문에 이혼한다느니 등등. 동생이 그런 말들로 상처받을 때마다 마음이 너무 아파요.	N	2022-09-07 02:13:41	2022-11-08 05:14:31
BE22017302	6	1	동생이 어려움을 겪고 있는데, 주변에서 냉담한 반응을 보인다니 제가 다 마음이 안 좋네요. 힘든 시간이 금방 지나가고, 동생분 마음에도 좋은 일이 생겼으면 정말 좋겠어요.	N	2022-09-07 02:13:41	2022-11-08 05:14:31
BE22017302	7	0	그렇게 말해주셔서 감사해요. 제 동생이 이혼하는 상황에서도 누구보다 열심히 살려고 했거든요. 그런데 주변의 반응으로 지쳐가는 모습이 보일 때마다 제가 해줄 수 있는 게 없어서 우울해지네요.	N	2022-09-07 02:13:41	2022-11-08 05:14:31
BE22017302	8	1	저도 많이 힘들었던 경험이 있었어요. 그때 제가 느낀 점은 옆에 있는 사람이 존재만으로도 그렇게나 힘이 된다는 것이었어요. 감정화자님이 존재만으로 동생분에게 큰 도움이 되고 있다고 생각하면, 우울한 기분이 나아질 수 있을 거예요.	N	2022-09-07 02:13:41	2022-11-08 05:14:31
BE22017302	9	0	그렇게는 생각해보지 못했어요. 제가 뭘 해줘야 할지 모르겠다는 생각이 들고, 제가 참 도움이 안 된다는 생각이 자꾸 들었어요.	N	2022-09-07 02:13:41	2022-11-08 05:14:31
BE22017302	10	1	그런 마음이 드는 이유는, 감정화자님이 동생을 정말 아끼기 때문일 거예요. 하지만 분명히 비가 그치고 화창한 날이 올 거예요. 그때까지 감정화자님은 동생분이 의지할 수 있는 든든한 존재라고 확신해요.	N	2022-09-07 02:13:41	2022-11-08 05:14:31
BE22017302	11	0	그렇게 얘기해주시니까 기분이 한결 나아지네요. 제가 가만히 보고만 있는 언니처럼 느껴져서 너무 마음이 아팠거든요. 동생이 조금이라도 제 덕분에 마음이 편하다면 전 너무 좋아요.	N	2022-09-07 02:13:41	2022-11-08 05:14:31
BE22017302	12	1	감정화자님 마음이 괜찮아졌다니 정말 다행이에요. 그 얘기를 들으니 저도 미소 짓게 되네요. 힘든 시절을 지나갈 때 함께 해주는 가족은 그 무엇보다 든든한 방패가 돼주더라고요.	N	2022-09-07 02:13:41	2022-11-08 05:14:31
BE22017302	13	0	공감화자님께 이 고민을 얘기하길 너무 잘한 것 같아요. 너무 슬펐던 기분이 이렇게 좋아질 줄은 몰랐어요. 동생이 잘 이겨낼 수 있도록 끝까지 옆에 있어 주는 언니가 되기로 결심했어요.	N	2022-09-07 02:13:41	2022-11-08 05:14:32
BE22017302	14	1	칭찬해주셔서 감사해요. 동생분이 힘든 시간을 잘 보낼 수 있도록 함께해주는 감정화자님의 마음이 너무 멋져요. 저도 여기서 열심히 응원할게요.	N	2022-09-07 02:13:41	2022-11-08 05:14:32
BE22017302	15	0	다음에 회사에서 만나면 그 후 이야기를 들려드리도록 할게요. 오늘 기분이 나아지게 얘기 들어주셔서 너무 감사했어요.	Y	2022-09-07 02:13:41	2022-11-08 05:14:32
