id	utterance_id	utterance_type	utterance_text	terminate	regDate	updDate
BE22020493	1	0	김 대리님, 이번 추석 연휴는 바쁘겠네요. 결혼 후 첫 명절이지요?	N	2022-09-23 03:03:32	2022-09-23 03:03:32
BE22020493	2	1	네, 시댁에 갈 준비한다고 벌써부터 정신이 없어요. 시댁 어른들 만날 생각하니 긴장도 되고요.	N	2022-09-23 03:03:32	2022-11-08 05:37:06
BE22020493	3	0	처음으로 시댁에서 보내는 명절이라 많이 떨리겠어요. 그래도 가족들과 함께 연휴를 보내실 수 있으니 부럽네요. 저는 이번 연휴에 혼자서 여행 갈 것 같아요.	N	2022-09-23 03:03:32	2022-09-23 03:03:32
BE22020493	4	1	박 대리님, 이번에는 고향에 안 내려가시는 거예요? 원래는 동생분들 만나러 항상 하루 일찍 가셨잖아요.	N	2022-09-23 03:03:32	2022-09-23 03:03:32
BE22020493	5	0	부모님 돌아가시고 가족이라곤 동생들 뿐인데. 동생들이 일 있어 못 온다고 하니, 고향에 갈 이유가 없네요. 어쩌다 내가 이렇게 됐나, 그저 슬플 뿐이에요.	N	2022-09-23 03:03:32	2022-09-23 03:03:32
BE22020493	6	1	가족들 없이 혼자 연휴를 보내셔야 하니 얼마나 슬프시겠어요. 그 마음 뭘로 위로해 드려야 하나 싶어요.	N	2022-09-23 03:03:32	2022-11-08 05:37:06
BE22020493	7	0	다들 먹고사느라 바쁘다 보니 이렇게 되었네요. 명절이 명절 같지도 않고 그래요. 예전에 다 같이 명절 보내던 생각이 나서 슬프고 눈물만 나요.	N	2022-09-23 03:03:32	2022-11-08 05:37:06
BE22020493	8	1	그래도, 명절에도 바쁘다는 것은 형제분들이 각자의 삶을 그만큼 열심히 사신다는 증거 아니겠어요. 너무 슬퍼하지 마세요.	N	2022-09-23 03:03:32	2022-11-08 05:37:06
BE22020493	9	0	좋게 생각해야 하는데 잘 안되네요. 집에만 있으면 더 슬플 것 같아 여행을 가려고요.	N	2022-09-23 03:03:32	2022-11-08 05:37:06
BE22020493	10	1	그렇군요, 여행지는 정하셨어요? 이왕 다녀오시는 거, 기분 전환하시고 오셨으면 좋겠는데요.	N	2022-09-23 03:03:32	2022-11-08 05:37:06
BE22020493	11	0	비행기 티켓을 사 두긴 했는데. 동생들 일하는데 나만 쉬면서 여행 간다고 생각하면 또 슬프고 마음이 편칠 않네요.	N	2022-09-23 03:03:32	2022-11-08 05:37:06
BE22020493	12	1	박 대리님이 동생들 생각하는 마음 너무 잘 알겠어요. 하지만 동생들도 똑같이 대리님 걱정을 하고 있지 않겠어요? 슬퍼하지 않고 혼자서라도 좋은 시간 보냈으면 하는 게, 동생들 맘일 거예요.	N	2022-09-23 03:03:32	2022-11-08 05:37:06
BE22020493	13	0	대리님 말씀이 맞아요. 제가 슬퍼하는 걸 알면, 동생들이 많이 속상해하겠지요? 그만 슬퍼하고, 여행 준비를 시작해 봐야겠어요.	N	2022-09-23 03:03:32	2022-11-08 05:37:06
BE22020493	14	1	잘 생각하셨어요, 대리님. 여행 다녀와서 밝은 얼굴로 만나요!	N	2022-09-23 03:03:32	2022-09-23 03:03:32
BE22020493	15	0	좋은 말씀 감사해요, 김 대리님! 기분 전환하고 돌아올게요.	Y	2022-09-23 03:03:32	2022-11-08 05:37:06
