id	utterance_id	utterance_type	utterance_text	terminate	regDate	updDate
BE22016933	1	0	자주 다니던 옷가게가 폐업을 앞두고 있다는 이야기를 들었어요. 제가 학생일 때부터 다녔던 곳인데 제 추억도 함께 사라지는 것 같아 슬픈 기분이 드네요.	N	2022-09-02 05:23:14	2022-09-02 05:23:14
BE22016933	2	1	그런 일이 있었군요. 소중한 추억이 깃든 장소가 한순간에 사라진다고 생각하니 저도 마음이 찡하네요. 게다가 어린 시절부터 다니던 곳이었으니 슬픈 감정이 더 크시겠어요.	N	2022-09-02 05:23:14	2022-11-08 05:12:18
BE22016933	3	0	맞아요. 옷가게 사장님과도 인연이 깊어서 서로 안부도 묻거든요. 최근에 나이 때문에 건강이 좋지 않아지셔서 폐업한다고 하니까 더 마음이 무거워요. 단골 옷가게도 없어지고 친했던 사장님도 더 못 본다고 생각하니 우울하네요.	N	2022-09-02 05:23:14	2022-09-02 05:23:14
BE22016933	4	1	비슷한 상황이면 누구나 우울한 기분이 들 거예요. 옷가게도 많이 변했고 사장님도 연세가 많이 드셨구나 싶어서 세월이 야속하게 느껴질 것 같아요. 하지만 오히려 좋은 일로 폐업을 하실 수도 있으니 너무 상심하지는 마세요.	N	2022-09-02 05:23:14	2022-11-08 05:12:18
BE22016933	5	0	정말 그래요. 다음 달부터 폐업 세일을 시작한다고 하는데 세일이 반갑지 않은 건 처음이에요. 이제 정말 다 정리하고 떠나시겠구나 싶어서 눈물이 나는 것 있죠?	N	2022-09-02 05:23:14	2022-09-02 05:23:14
BE22016933	6	1	세일이 반갑지 않다는 말 정말 가슴 아프게 공감되네요. 단골 가게에 대한 애정이 얼마나 깊으셨는지 짐작할 수 있는 말이에요. 고객으로서의 의리가 대단하세요.	N	2022-09-02 05:23:14	2022-11-08 05:12:18
BE22016933	7	0	마지막으로 폐업 세일을 할 때 찾아가는 게 좋을지 모르겠어요. 사장님은 항상 웃는 얼굴로 저를 맞이해주셨는데 이제 슬퍼하시는 표정을 마주해야 하니 용기가 나지 않아요.	N	2022-09-02 05:23:14	2022-09-02 05:23:14
BE22016933	8	1	충분히 그런 고민이 들 것 같아요. 사장님도 오래 운영하시던 가게를 접으시니 마음이 많이 씁쓸하시겠어요. 제 생각엔 그래도 찾아가서 인사드리는 게 나을 것 같아요.	N	2022-09-02 05:23:14	2022-11-08 05:12:19
BE22016933	9	0	정말 그럴까요? 괜히 저를 보시면 감정이 더 우울해지실까 걱정이 돼요. 제 얼굴을 보면 제가 어릴 때부터 운영하시던 가게를 접는다는 것이 더 실감 나실까 봐요.	N	2022-09-02 05:23:14	2022-09-02 05:23:14
BE22016933	10	1	만약 제가 사장님이라면, 그동안 가게를 자주 왔었던 손님이 폐업 세일 기간에도 찾아온다면 기쁠 거예요. 오랜 시간 가게를 잊지 않고 방문해주는 손님이 있다는 사실이 큰 행복으로 느껴질 것 같아요. 기분이 착잡하실 수도 있지만 그동안 고생하셨다고 사장님을 따뜻하게 안아주시면 무엇보다 큰 힘이 될 거예요.	N	2022-09-02 05:23:14	2022-11-08 05:12:19
BE22016933	11	0	그 말을 들으니 폐업 세일 기간에 찾아뵙는 것이 맞을 것 같네요. 그동안 좋은 옷들 주셔서 감사하다고 인사도 하고 건강하시라고 말하면 제 슬픔이 나아질 것 같아요.	N	2022-09-02 05:23:14	2022-11-08 05:12:19
BE22016933	12	1	좋은 인연은 마지막까지 좋은 모습으로 남기는 것이 좋을 거예요. 분명 사장님도 크게 기뻐하실 거예요.	N	2022-09-02 05:23:14	2022-11-08 05:12:19
BE22016933	13	0	슬프고 우울한 감정이 계속 들었는데 이렇게 대화 나눠보니 기분이 한결 나아졌어요. 마지막 가시는 길 인사드리고 응원도 해드리고 기쁜 마음으로 돌아와야겠어요. 정말 감사합니다.	N	2022-09-02 05:23:14	2022-11-08 05:12:19
BE22016933	14	1	저에게 얘기해주셔서 저야말로 감사하죠. 이렇게 기운을 내시니 저도 보람차네요.	Y	2022-09-02 05:23:14	2022-11-08 05:12:19
