id	utterance_id	utterance_type	utterance_text	terminate	regDate	updDate
BE22000857	1	0	대리님, 엄마랑 상의 끝에 안 쓰던 방을 서재로 만들었어요. 마음의 준비를 하긴 했지만 너무나 슬퍼서 어제 온종일 울었어요.	N	2022-06-13 08:50:24	2022-11-08 03:29:51
BE22000857	2	1	설마 감정화자씨가 평소에 매우 소중하게 여기던 그 방 말이에요? 어려운 결정을 내려서 감정화자씨 마음이 마냥 편하진 않겠어요.	N	2022-06-13 08:50:24	2022-11-08 03:29:51
BE22000857	3	0	그 방은 아빠가 그림 작업을 하던 곳이었어요. 아빠가 돌아가시기 전에는 나도 항상 그곳에서 아빠와 시간을 보내곤 했는데, 이제 그 추억들이 다 사라진 것만 같아요. 마치 세상이 무너진 것 같은 슬픔에 어쩔 줄을 모르겠어요.	N	2022-06-13 08:50:24	2022-11-08 03:29:51
BE22000857	4	1	감정화자씨의 슬픔이 느껴져서 나도 마음이 아프네요. 그 방은 소중한 추억이 있는 곳이어서 슬픔 또한 더욱 깊겠지요.	N	2022-06-13 08:50:24	2022-11-08 03:29:51
BE22000857	5	0	이제 그 방에 아빠의 물건은 없고 책과 책장이 놓이게 되었어요. 아빠가 떠나신 후로 아무도 쓰지 않았던 방이지만 저는 조금 더 오래 아빠의 방을 남겨두고 싶었어요.	N	2022-06-13 08:50:24	2022-11-08 03:29:51
BE22000857	6	1	감정화자씨 마음이 그랬다니 이번 일이 정말 슬펐겠어요. 하지만 너무 오래 슬퍼하지 않길 바라요. 방이 사라진다고 해서 감정화자씨와 아빠의 추억이 사라지는 건 아니니까요.	N	2022-06-13 08:50:24	2022-11-08 03:29:51
BE22000857	7	0	아빠가 너무 보고 싶은 날에는 그 방에 가서 아빠가 자주 쓰던 물건 위에 쌓인 먼지를 털어내고, 추억을 되짚어 보며 그리움을 달래곤 했어요. 하지만 앞으로는 아빠가 보고 싶어도 애써 참아야만 하겠지요.	N	2022-06-13 08:50:24	2022-11-08 03:29:51
BE22000857	8	1	그 방은 새롭게 정리되었지만, 감정화자씨의 마음에 아빠와의 추억이 담긴 방이 그대로 남아 있으니 너무 슬퍼하지 않았으면 좋겠어요. 아빠와의 좋았던 기억도, 슬펐던 기억도 네 가슴 안에 선명하게 살아 있다는 걸 잊지 마세요.	N	2022-06-13 08:50:24	2022-11-08 03:29:51
BE22000857	9	0	그 방을 너무 빨리 정리한 건 아닐지 후회돼요. 아빠가 떠나신 지 1년이나 지났지만 저는 아직도 아빠를 생각하면 눈물이 나요. 혹시 아빠가 자신의 방을 너무 빨리 정리했다며 속상해하면 어쩌지요?	N	2022-06-13 08:50:24	2022-11-08 03:29:51
BE22000857	10	1	감정화자씨가 아빠를 사랑하는 것처럼 감정화자씨의 아빠도 감정화자씨가 그 누구보다 행복하고 씩씩하게 살아가길 바라실 거예요. 그러니 아빠를 생각할 때, 행복한 추억을 떠올리며 웃어보는 건 어떨까요? 너의 슬픔이 길어질수록 아빠도 마음 아파하실 거예요.	N	2022-06-13 08:50:24	2022-11-08 03:29:51
BE22000857	11	0	내게 언제나 따뜻한 사랑을 주었던 아빠를 위해서라도 더욱 행복하게 살아야겠지요. 대리님 말처럼 아빠가 내게 주셨던 빛나는 추억들은 앞으로도 내 가슴에 남아 행복을 줄 테니 말이에요.	N	2022-06-13 08:50:24	2022-11-08 03:29:51
BE22000857	12	1	감정화자씨처럼 착하고 사랑 많은 딸이 있어요? 감정화자씨의 아빠는 정말 좋아하실 거예요. 그러니 힘을 내요.	N	2022-06-13 08:50:24	2022-11-08 03:29:51
BE22000857	13	0	대리님의 따뜻한 위로 덕분에 이제는 한없이 슬퍼하지 않을 수 있을 것 같아요. 내 곁에 아빠는 계시지 않지만, 아빠가 주셨던 커다란 사랑은 내 가슴에 그대로 남아 있으니까!	N	2022-06-13 08:50:24	2022-11-08 03:29:51
BE22000857	14	1	감정화자씨가 다시 웃음을 되찾게 되어서 나도 기뻐요. 빨리 툭툭 털고 회사에 출근하길 기다릴게요.	Y	2022-06-13 08:50:24	2022-11-08 03:29:51
