id	utterance_id	utterance_type	utterance_text	terminate	regDate	updDate
BE22019342	1	0	남자 친구 때문에 너무 속상하고 슬퍼요. 요즘 들어 연락이 잘 안 되거든요. 왜 이렇게 연락이 안 되냐고 하면 바쁘다는 말만 해요.	N	2022-09-21 07:18:14	2022-11-08 05:25:37
BE22019342	2	1	애인과 연락 문제로 많은 연인들이 다투잖아요. 저도 연락 문제로 인해 속앓이 할 때가 참 많아서 그 마음 알아요. 괜히 마음이 변한 건 아닌가 싶기도 하고, 여러 생각이 들더라고요.	N	2022-09-21 07:18:14	2022-11-08 05:25:37
BE22019342	3	0	저도 딱 그 마음이에요. 한 달 전 남자 친구가 저에게 권태기가 온 것 같다는 이야기를 했었거든요. 그때 충격받았지만, 서로 잘 극복하기로 했는데 요즘 연락이 잘 안되니까 너무 슬픈 거 있죠.	N	2022-09-21 07:18:14	2022-11-08 05:25:37
BE22019342	4	1	그런 얘기를 들었다니 많이 속상해 하실까 봐 걱정이 되네요. 작년에 전 애인분을 만나실 때도 연락 문제로 많이 힘들어하셨잖아요. 또 연락 문제가 반복되니 얼마나 상심이 크실까 싶어요.	N	2022-09-21 07:18:14	2022-11-08 05:25:37
BE22019342	5	0	저번 연애도, 이번 연애도 다 같은 문제가 반복되었어요. 이러다가 헤어졌는데, 이제는 저에게 문제가 있나 싶어요. 제가 연락에 너무 집착하는 건가 싶으면 자괴감도 들고 자존감도 더 떨어져요.	N	2022-09-21 07:18:14	2022-09-21 07:18:14
BE22019342	6	1	상대가 연락이 잘 안되면 예민해지는 건 당연하다고 생각해요. 감정화자님은 연인에게 헌신하고 자상하신 스타일이잖아요. 그런 감정화자님에게 권태기를 느끼고 연락이 잘 안되는 남자 친구가 너무 한 거죠.	N	2022-09-21 07:18:14	2022-11-08 05:25:37
BE22019342	7	0	남자 친구를 이해해 보려고 노력하고 있는데 잘 안돼요. 남자 친구는 직업이 헬스 트레이너라, 수업을 가르쳐줘야 해서 실제로 바쁘긴 해요. 그렇지만 바쁘다는 말로 저에게 너무 관심을 안주니까 슬프고 속상해요.	N	2022-09-21 07:18:14	2022-11-08 05:25:37
BE22019342	8	1	우리의 직업은 시간이 좀 여유로운 데에 비해, 남자 친구는 바쁜 거잖아요. 오히려 남자 친구분을 좀 너그러운 마음으로 이해하고, 상황을 받아들이는 건 어떨까요? 그러면 남자 친구도 고마운 마음이 들어서 사이도 좋아지고, 슬픔도 좀 가라앉으실 거라 생각이 들어요.	N	2022-09-21 07:18:14	2022-11-08 05:25:37
BE22019342	9	0	그렇지만, 제가 이해해 줘도 권태기가 극복 안될 것 같아요. 희망도 없고, 자신도 없게 느껴져요. 전 정말 헤어지기 싫은데 자꾸 연락도 안 되고 바쁘다고 하니 걱정이 돼요.	N	2022-09-21 07:18:14	2022-11-08 05:25:37
BE22019342	10	1	제 친구들도 헬스 트레이너가 있는데 실제로 많이 바쁘긴 한 것 같더라고요. 서로 사랑한 시간들과 정도 많이 들었으니 분명 언젠가 권태기가 극복되실 거예요. 저라면, 감정화자님처럼 사랑스러운 분을 놓치고 싶지 않을 것 같은걸요.	N	2022-09-21 07:18:14	2022-11-08 05:25:37
BE22019342	11	0	제가 우울해하니까 이렇게 저를 위로해 주셔서 정말 감사해요. 항상 힘들 때면 의지했던 게 남자 친구인데, 요즘은 사이가 좋지 않았거든요. 그래서 말할 사람이 없었는데, 공감화자님께 고민을 털어놓으니 마음이 한결 편해지네요.	N	2022-09-21 07:18:14	2022-11-08 05:25:37
BE22019342	12	1	저희는 둘도 없는 친구 같은 동료잖아요. 저도 입사 이후 감정화자님의 도움을 많이 받았는걸요. 그렇기에 감정화자님의 고민이라면 언제든지 흔쾌히 들어드릴 수 있어요.	N	2022-09-21 07:18:14	2022-11-08 05:25:37
BE22019342	13	0	슬프고 우울한 이야기를 이렇게나 기분 좋게 들어주셔서 감사해요. 공감화자님의 도움으로 슬픔이 가라앉은 것 같아요.	N	2022-09-21 07:18:14	2022-11-08 05:25:37
BE22019342	14	1	그렇다면 정말 다행이고, 저도 뿌듯하네요. 감정화자님의 슬픈 모습을 보니 저도 많이 걱정이 됐었거든요. 또 언제든지 고민 있으시면 저에게 말씀하셔도 좋아요.	N	2022-09-21 07:18:14	2022-11-08 05:25:37
BE22019342	15	0	마음이 든든해지는 기분이에요. 공감화자님은 정말 저에게 둘도 없는 소중한 동료예요. 저도 위로 힘입어서 힘내볼게요 감사해요.	Y	2022-09-21 07:18:14	2022-11-08 05:25:37
