id	utterance_id	utterance_type	utterance_text	terminate	regDate	updDate
BE22000431	1	0	내가 요즘 우울해 보이는지 남편이 신경 쓰는 눈치예요.	N	2022-06-13 02:27:51	2022-11-08 03:27:04
BE22000431	2	1	감정화자씨에게 무슨 일 있어요? 남편이 신경 쓸 정도예요?	N	2022-06-13 02:27:51	2022-11-08 03:27:04
BE22000431	3	0	아니 그냥요. 기운이 없고 만사가 귀찮아요. 아무것도 아닌 일에 화도 나고요.	N	2022-06-13 02:27:51	2022-11-08 03:27:04
BE22000431	4	1	요새 회사 업무 볼 때도 뭔지 모르게 기운이 없어 보이긴 한 것 같더라고요. 우리 나이가 갱년기가 올 시기잖아요.	N	2022-06-13 02:27:51	2022-11-08 03:27:04
BE22000431	5	0	벌써 그런 나이인가요. 애들도 내가 요즘 신경질적이라 하더라고요.	N	2022-06-13 02:27:51	2022-11-08 03:27:04
BE22000431	6	1	가족들에게 본인이 갱년기를 지나고 있다고 말해 주는 게 좋대요. 갱년기라 생기는 변화를 같이 공부하면 이해가 쉽겠지요.	N	2022-06-13 02:27:51	2022-11-08 03:27:04
BE22000431	7	0	남편은 같은 또래라 조금은 공감하는 거 같아요. 어젠 고맙게도 프리지아 한 다발을 사 왔더라고요.	N	2022-06-13 02:27:51	2022-11-08 03:27:04
BE22000431	8	1	남편분은 감정화자씨한테 관심이 많은 편이네요. 아내가 갱년기인지 모르는 남편이 많대요.	N	2022-06-13 02:27:51	2022-11-08 03:27:04
BE22000431	9	0	그런가요 봐요. 위층 언니네도 요즘 부부 싸움이 잦아졌다고 하더라고요.	N	2022-06-13 02:27:51	2022-11-08 03:27:04
BE22000431	10	1	저는 남편한테 내가 수월하게 지날 수 있게 도와 달라고 얘기했어요. 나도 모르게 화를 내고 우울증인가 싶어 보여도 크게 걱정하지 말라고도요.	N	2022-06-13 02:27:51	2022-11-08 03:27:04
BE22000431	11	0	대리님은 적극적으로 말하는군요. 남편이 잘 도와주고 있어요?	N	2022-06-13 02:27:51	2022-11-08 03:27:04
BE22000431	12	1	나름대로 같이 노력해 주고 있어요. 어떤 상황도 여유 있게 받아 주더라고요. 그러다 보니 싸울 일이 거의 없어진 듯해요.	N	2022-06-13 02:27:51	2022-11-08 03:27:04
BE22000431	13	0	좋은 방법이네요. 저도 한 번 해봐야겠어요.	N	2022-06-13 02:27:51	2022-11-08 03:27:04
BE22000431	14	1	힘들 때마다 나한테라도 수다 떨어요. 수다만으로도 후련해지더라요.	N	2022-06-13 02:27:51	2022-11-08 03:27:04
BE22000431	15	0	회사 동료이지만 이런 얘길 허물없이 할 수 있어서 너무 좋아요. 고마워요.	Y	2022-06-13 02:27:51	2022-11-08 03:27:04
