id	utterance_id	utterance_type	utterance_text	terminate	regDate	updDate
BE22019703	1	0	오늘은 재활용 쓰레기 분리수거 날이네요. 몇 주 동안 무기력하게 누워만 있었더니 쓰레기가 산처럼 쌓였어요. 이제는 이별의 아픔에서 벗어나야 하는데 버리지 못한 쓰레기처럼 자꾸 슬픔이 쌓여서 움직일 수가 없네요.	N	2022-09-22 04:59:37	2022-09-22 04:59:37
BE22019703	2	1	오래 사귄 사람과 헤어졌으니 얼마나 마음이 힘들까요. 특히나 결혼까지 생각하다 헤어졌으니 그 슬픔이 얼마나 클지 마음이 아파요.	N	2022-09-22 04:59:37	2022-11-08 05:26:44
BE22019703	3	0	마음의 아픔과 슬픔은 몸으로도 나타나나 봐요. 출근은 어찌어찌하는데 집에만 가면 아무것도 못 하고 누워서 울기만 했거든요. 그러다 오늘 아침 문득 정신을 차리니 집이 쓰레기로 가득하더라고요.	N	2022-09-22 04:59:37	2022-11-08 05:26:44
BE22019703	4	1	마음의 어지러움이 일상으로 나타나서 그럴 거예요. 저도 예전에 이별했을 때 방이 엉망이었었거든요. 얼마나 힘들면 그럴까 싶어서 제가 다 슬프네요.	N	2022-09-22 04:59:37	2022-09-22 04:59:37
BE22019703	5	0	밥도 잠도 잘 못 먹고 못 잤어요. 모든 시간마다 자꾸 그 사람이 생각나서 슬프더라고요. 그러다 보니 일상생활이 엉망진창이 되어가요.	N	2022-09-22 04:59:37	2022-11-08 05:26:44
BE22019703	6	1	그래도 잠을 잘 자고 밥을 잘 먹어야 기운을 내죠. 마음에 힘이 없을 때는 특히 더 잘 챙겨 먹어야 해요. 그래야 슬픔을 잊을 기운도 나는 거랍니다.	N	2022-09-22 04:59:37	2022-11-08 05:26:44
BE22019703	7	0	그러게요. 이러면 안 되는데 자꾸 슬픔에 잠겨서 아무것도 하고 싶지 않아요.	N	2022-09-22 04:59:37	2022-11-08 05:26:44
BE22019703	8	1	쓰레기도 분리수거가 필요하듯 마음도 정리가 필요할 때가 있어요. 쌓이는 슬픔과 아픔을 끌어안고 있으면 그 어느 것도 정리되지 않을 거예요. 그러니 억지로라도 밥도 먹고 잠도 자야 해요.	N	2022-09-22 04:59:37	2022-11-08 05:26:44
BE22019703	9	0	마음도 정리가 필요할 때라는 말이 맞는 거 같아요. 요즘의 전 슬픔과 그리움과 여러 가지 감정이 몰아쳐서 다 엉망이었거든요. 정말 정리해야겠어요.	N	2022-09-22 04:59:37	2022-11-08 05:26:44
BE22019703	10	1	나를 이루고 있던 그 사람과의 기억과 추억을 모두 떼어내야 하니 얼마나 힘겨울지 이해해요. 하지만 집안을 치우고 건강한 일상을 지내다 보면 다시 일어날 수 있을 거예요. 마음은 환경의 영향도 많이 받잖아요.	N	2022-09-22 04:59:37	2022-11-08 05:26:44
BE22019703	11	0	네 마침 오늘 분리수거 날이니 청소부터 시작해야겠어요. 주변 쓰레기를 치우면서 기분전환도 해 볼게요.	N	2022-09-22 04:59:37	2022-11-08 05:26:44
BE22019703	12	1	와 정말 좋은 생각이에요. 쌓인 쓰레기를 버리고 나면 좀 홀가분해질 거예요. 마음 정리 첫 단계로 딱 좋네요.	N	2022-09-22 04:59:37	2022-11-08 05:26:44
BE22019703	13	0	공감화자님이 응원해주고 격려해주니 더 힘이 나는 것 같아요. 아까 까지만 해도 축 처져 있었는데 좀 의욕이 납니다.	N	2022-09-22 04:59:37	2022-11-08 05:26:44
BE22019703	14	1	다행이에요. 며칠 내내 기운 없는 감정화자님 보면서 걱정을 많이 했거든요.	N	2022-09-22 04:59:37	2022-11-08 05:26:44
BE22019703	15	0	저 힘내서 주변 분들이 걱정 안 하게 다시 일어나 볼게요. 고마워요 공감화자님.	Y	2022-09-22 04:59:37	2022-11-08 05:26:44
