id	utterance_id	utterance_type	utterance_text	terminate	regDate	updDate
BE22016567	1	0	아휴, 요즘 점점 걱정이 많아지네요.	N	2022-08-30 22:43:19	2022-11-08 05:10:07
BE22016567	2	1	아이고, 무슨 일 있으세요?	N	2022-08-30 22:43:19	2022-11-08 05:10:07
BE22016567	3	0	여자 친구가 있는데, 예뻐서 그런지 회사에서 인기가 많더라고. 저에게는 여자 친구밖에 없는데, 여자 친구에게는 많은 사람이 있는 것 같아서 너무 슬퍼요. 혹시라도 저를 떠날까 봐 요새 우울하네요.	N	2022-08-30 22:43:19	2022-11-08 05:10:07
BE22016567	4	1	아이고 그런 상황이면 정말 속상하시겠어요. 저도 옛날에 제 여자 친구가 정말 인기가 많았던 적이 있어서, 감정화자씨 기분이 정말 이해돼요. 그리고 그 상황에 속상함을 느끼는 저 자신을 보면서 더 슬퍼지더라고요.	N	2022-08-30 22:43:19	2022-11-08 05:10:07
BE22016567	5	0	공감화자씨도 그러셨던 적이 있으셨군요. 요새 여자 친구 이야기를 들어보면, 고백도 많이 받는 것 같더라고요. 요즘은 나 같은 사람을 왜 이런 대단한 사람이 만나주나 싶어서 더 우울해요.	N	2022-08-30 22:43:19	2022-11-08 05:10:07
BE22016567	6	1	맞아요. 근데 제가 그런 시간을 겪으면서 느낀 건데, 슬퍼하기보다는 오히려 뿌듯함을 느끼는 게 좋더라고요. 그렇게 인기가 많은 여자 친구가 선택한 사람이 결국에는 우리인 거잖아요? 그러니 행복함을 만끽하시는 것도 좋을 것 같은데요?	N	2022-08-30 22:43:19	2022-11-08 05:10:07
BE22016567	7	0	오 그렇게도 생각해볼 수 있겠군요. 저는 그렇게는 한 번도 생각을 못 해봐서 그런지 기분이 쉽게 나아지지 않네요. 여자 친구는 항상 밝고 멋있게 일을 하는 사람인데 제가 한참 부족하다는 생각이 들어요.	N	2022-08-30 22:43:19	2022-11-08 05:10:07
BE22016567	8	1	제가 생각하는 감정화자씨는 정말 멋있고 다양한 매력을 가지고 있으신걸요? 그리고 항상 일도 완벽하게 해내시는 멋있는 사람이에요. 그러니 너무 슬퍼하지 않으셨으면 좋겠어요.	N	2022-08-30 22:43:19	2022-11-08 05:10:07
BE22016567	9	0	정말 제가 괜찮은 사람일까요? 사실 그런 이야기를 많이 들어본 기억이 없는 것 같네요.	N	2022-08-30 22:43:19	2022-08-30 22:43:19
BE22016567	10	1	제일 중요한 건 사랑이에요. 사람들은 자기 자신에게는 조금 냉철한 면이 있는 것 같아요. 여자 친구도 분명 감정화자씨의 많은 장점을 알고 사랑하시는 것일 테니 너무 슬퍼하지 않으시면 좋겠어요.	N	2022-08-30 22:43:19	2022-11-08 05:10:07
BE22016567	11	0	좋은 이야기 해주셔서 정말 감사해요. 맞아요 제 모습에 자신감을 가지고 열심히 살아야겠어요! 덕분에 기분도 훨씬 좋아졌고, 제 여자 친구도 더 많이 사랑할 수 있을 것 같아요!	N	2022-08-30 22:43:19	2022-11-08 05:10:07
BE22016567	12	1	사실 쉽게 기운을 차리기 어려운데, 역시 감정화자씨는 정말 대단하고 멋진 분인 것 같아요! 앞으로 더 많은 사랑을 받으실 수 있을 거라고 확신해요!	N	2022-08-30 22:43:19	2022-11-08 05:10:07
BE22016567	13	0	저 혼자였다면 이렇게 생각하기 쉽지 않았을 텐데, 도와주셔서 감사해요!	N	2022-08-30 22:43:19	2022-11-08 05:10:07
BE22016567	14	1	아니에요 제가 도움이 됐다니 오히려 저도 기분이 좋은걸요? 같은 경험을 해본 적 있던 사람으로, 고민이 있으면 언제든지 연락해주세요!	N	2022-08-30 22:43:19	2022-11-08 05:10:07
BE22016567	15	0	네, 정말 감사드려요!	Y	2022-08-30 22:43:19	2022-11-08 05:10:07
