id	utterance_id	utterance_type	utterance_text	terminate	regDate	updDate
BE22001888	1	0	공감화자님, 그동안 감사했어요.	N	2022-06-17 06:38:24	2022-11-08 03:36:37
BE22001888	2	1	정말 수고 많았어요. 이렇게 이별하게 되어 너무 아쉽네요.	N	2022-06-17 06:38:24	2022-11-08 03:36:37
BE22001888	3	0	그동안 많이 불안했는데 막상 통보를 받고 나니 정말 제가 쓸모없는 인간인가 하는 생각이 들어요.	N	2022-06-17 06:38:24	2022-11-08 03:36:37
BE22001888	4	1	감정화자님 능력이 안 돼서가 아니고 회사가 어려워져서 내린 결정이니 자책은 하지 말아요.	N	2022-06-17 06:38:24	2022-11-08 03:36:37
BE22001888	5	0	저도 열심히 한다고 했는데 사실 기대에 미치지 못한 건 사실이죠.	N	2022-06-17 06:38:24	2022-11-08 03:36:37
BE22001888	6	1	감정화자님이 성실하고 열심히 일 해준 덕분에 그래도 이 정도로 버틸 수 있었어요.	N	2022-06-17 06:38:24	2022-11-08 03:36:37
BE22001888	7	0	그렇게 말씀해주셔서 감사합니다. 그런데 사실 위로는 안 되네요. 어제도 심란해서 잠을 한숨도 못 잤어요.	N	2022-06-17 06:38:24	2022-11-08 03:36:37
BE22001888	8	1	많이 힘들었을 거라고 생각해요. 회사도 쉬운 결정은 아니었어요. 하지만 감정화자님의 능력이 모자라서 이렇게 된 건 아니에요.	N	2022-06-17 06:38:24	2022-11-08 03:36:37
BE22001888	9	0	그럼 제가 왜 해고가 됐는지 이유를 여쭤봐도 될까요?	N	2022-06-17 06:38:24	2022-11-08 03:36:37
BE22001888	10	1	감정화자님의 능력이 지금 저희 회사와 잘 안 맞는 것뿐이에요. 아직 결정이 된 게 없어서 얘기는 못하고 있었는데, 저도 감정화자님의 능력이 아까워서 사실 여기저기 자리를 알아보고 있답니다. 감정화자님을 긍정적으로 평가하고 있는 회사들이 많으니까 조금만 기다려보세요.	N	2022-06-17 06:38:24	2022-11-08 03:36:37
BE22001888	11	0	공감화자님이 이렇게까지 신경을 써주고 계신 줄은 몰랐어요. 감사합니다.	N	2022-06-17 06:38:24	2022-11-08 03:36:37
BE22001888	12	1	감정화자님의 능력이 우리 회사와 맞아서 오랫동안 같이 일을 했으면 얼마나 좋았을까 생각해요. 일만 잘하시는 게 아니고 주변에 배려도 잘하셔서 우리 부서의 분위기가 내내 좋았잖아요. 제가 감정화자님께 너무 감사해요.	N	2022-06-17 06:38:24	2022-11-08 03:36:37
BE22001888	13	0	공감화자님 덕분에 우울했던 마음이 많이 풀리네요. 저도 용기를 내서 다른 회사 알아볼게요.	N	2022-06-17 06:38:24	2022-11-08 03:36:37
BE22001888	14	1	그래요. 저도 좋은 소식 오면 바로 연락드릴게요.	N	2022-06-17 06:38:24	2022-11-08 03:36:38
BE22001888	15	0	공감화자님 정말 감사합니다.	Y	2022-06-17 06:38:24	2022-11-08 03:36:38
