id	utterance_id	utterance_type	utterance_text	terminate	regDate	updDate
BE22019966	1	0	전 더위는 잘 견디는데, 왜 이렇게 추위를 잘 타는지 모르겠어요. 어릴 적부터 여름에도 이불을 덮고 잘 정도였거든요. 그런데 성인이 되니 이런 저를 이해 못 하는 사람들이 많아서 너무 속상하고 슬프네요.	N	2022-09-22 10:31:39	2022-09-22 10:31:39
BE22019966	2	1	사람마다 체질이 다르니까, 유독 추위를 더 잘 느낄 수도 있다고 생각해요. 다른 사람들은 이해 못 해도, 전 감정화자님 충분히 이해하는걸요.	N	2022-09-22 10:31:39	2022-11-08 05:35:40
BE22019966	3	0	최근 남자친구와 이 문제로 자주 싸우고 있어서 너무 슬픈 거 있죠. 남자친구와 동거를 시작했는데, 남자친구는 더위를 잘 타고 전 추위를 잘 타요. 자다가 추워서 에어컨을 끄면, 남자친구는 곧 일어나서 다시 에어컨을 켜요.	N	2022-09-22 10:31:39	2022-09-22 10:31:39
BE22019966	4	1	저도 연애 중이라, 연인 간의 다툼이 얼마나 속상한지 잘 알아요. 게다가 저도 추위에 약해서, 에어컨을 별로 안 좋아하거든요. 감정화자님이 어떤 기분이실지 공감이 가요.	N	2022-09-22 10:31:39	2022-11-08 05:35:40
BE22019966	5	0	어릴 적에는 여름에 이불을 머리끝까지 덮고 잤는데, 부모님께 혼난 적이 있어요. 이렇게 더운 날에 왜 이불을 덮냐며, 저를 이해하지 못했어요. 이렇게 이해받지 못할 때마다 제가 유별난 건가 싶어서 더 슬픔을 느껴왔어요.	N	2022-09-22 10:31:39	2022-09-22 10:31:39
BE22019966	6	1	아까 말했듯, 사람들마다 다 차이가 있는 부분인걸요. 유독 추위를 많이 느끼는 게 이상한 게 아니니까 너무 속상해하지 마세요. 제 친구들 중에서도 추위를 많이 타는 사람들이 여럿 있고, 저도 그런걸요.	N	2022-09-22 10:31:39	2022-11-08 05:35:40
BE22019966	7	0	사실, 이제 곧 가을이 되고 있잖아요. 전 매년 겨울이 너무 싫은데, 곧 겨울이 올 거라 생각하니 너무 괴로워요. 전 그냥 추운 정도가 아니라, 모든 의욕을 잃고 집 밖으로 나가기 싫은 수준이에요.	N	2022-09-22 10:31:39	2022-09-22 10:31:39
BE22019966	8	1	이번 겨울은 조금 괴롭게 느껴지실지라도, 계절은 돌고 돌잖아요. 잘 견뎌내면 분명 또다시 봄이 올 테니 기운 내세요. 지금까지도 추운 겨울을 잘 지내오셨는걸요.	N	2022-09-22 10:31:39	2022-11-08 05:35:40
BE22019966	9	0	겨울마다 유독 너무나 추워하는 저이기에, 친구들도 잘 못 만나요. 제가 추위를 많이 타니까 지난 겨울에는 친구들이 저만 빼고 스키를 타러 갔어요. 저는 왜 추위에 약하게 태어난 건지 슬프고, 스스로 못났다는 생각에 자책감도 들어요.	N	2022-09-22 10:31:39	2022-09-22 10:31:39
BE22019966	10	1	대신 감정화자님은 더위는 잘 견디신다고 하셨잖아요. 어떤 이들은 여름의 무더위를 힘들어할 텐데, 감정화자님께는 많이 힘들지 않으실 거라는 생각이 들어요. 단점도 있지만, 장점도 있으니 긍정적으로 받아들여 본다면 마음도 한결 좋아지실 거예요.	N	2022-09-22 10:31:39	2022-11-08 05:35:40
BE22019966	11	0	그 말을 듣고 보니 마음이 좀 편해지네요. 생각해 보니 제가 찜질방에서도 다른 친구들보다 오래 잘 견뎌서 칭찬도 받은 적이 있어요. 저는 여름은 정말 즐겁고 좋거든요.	N	2022-09-22 10:31:39	2022-11-08 05:35:40
BE22019966	12	1	저도 여름이 더 좋아요. 감정화자님은 저랑 비슷한 점이 참 많으신 것 같아서 동질감도 들고 좋네요. 저도 더위는 잘 견디는데, 추위에는 약하니까요.	N	2022-09-22 10:31:39	2022-11-08 05:35:40
BE22019966	13	0	저도 같은 생각이에요. 생각해 보면, 공감화자님 같이 친구처럼 좋은 동료를 만난 건 저에게 행운인 것 같아요. 조금 전까지 슬픈 마음이 컸는데, 언제 슬펐냐는 듯 싹 가라앉았어요.	N	2022-09-22 10:31:39	2022-11-08 05:35:40
BE22019966	14	1	감정화자님의 슬픔이 누그러져서 정말 다행이네요. 언제든 도움이 필요하면 이야기하세요. 전 항상 감정화자님의 편이에요.	N	2022-09-22 10:31:39	2022-11-08 05:35:40
BE22019966	15	0	저도 혹시라도 공감화자님이 힘들 때면 항상 편이 되어드릴게요. 우울할 수도 있는 이야기인데, 잘 들어주셔서 정말 고마워요. 덕분에 고민이 좀 해결된 기분이 들어요.	Y	2022-09-22 10:31:39	2022-11-08 05:35:40
