id	utterance_id	utterance_type	utterance_text	terminate	regDate	updDate
BE22019923	1	0	팀장님, 제가 충동적인 마음에 후회되는 행동을 했는데 제 얘기 들어주실 수 있을까요?	N	2022-09-22 08:11:26	2022-09-22 08:11:26
BE22019923	2	1	응. 말해봐요. 무슨 일 있어요?	N	2022-09-22 08:11:26	2022-09-22 08:11:26
BE22019923	3	0	그게 사실 주말에 남자 친구랑 싸웠거든요. 분명 걔가 잘못한 상황인데 자꾸 인정을 안 하고 적반하장으로 제 탓을 막 하는 거예요.	N	2022-09-22 08:11:26	2022-11-08 05:27:46
BE22019923	4	1	어머, 너무 황당하고 억울했겠네요. 그냥 바로 잘못을 인정하고 사과했으면 기분 좋게 끝났을 일이 괜스레 감정 상할 정도로 커졌겠어요.	N	2022-09-22 08:11:26	2022-11-08 05:27:46
BE22019923	5	0	정확하세요. 정말 너무 화가 나서 바로 자리에서 일어나서 집에 와버렸어요. 잡지도 않더라구요.	N	2022-09-22 08:11:26	2022-09-22 08:11:26
BE22019923	6	1	마음이 너무 안 좋았겠다. 내심 잡아주길 바랐을 텐데 남자 친구가 마음을 몰라주니 섭섭했겠어요.	N	2022-09-22 08:11:26	2022-11-08 05:27:46
BE22019923	7	0	네. 정말 그랬어요. 근데 아무리 생각해도 기분이 안 풀리는 거예요. 그래서 기분전환할 겸 다음 날 미용실에 가서 3년 동안 기르던 머리를 싹둑 잘라버렸어요.	N	2022-09-22 08:11:26	2022-11-08 05:27:46
BE22019923	8	1	어머! 정말요? 스타일 바꾸는 것만큼 스트레스 풀리는 게 또 없으니까요. 그런데 어떤 점에서 후회가 되었어요?	N	2022-09-22 08:11:26	2022-11-08 05:27:46
BE22019923	9	0	제가 긴 머리를 해보고 싶어서 정말 열심히 길렀었거든요. 그런데 그 정도의 다툼 때문에 충동적으로 잘라버렸다는 게 너무 후회가 돼요.	N	2022-09-22 08:11:26	2022-11-08 05:27:46
BE22019923	10	1	내가 이성적일 때 내린 결정이 아니라 감정적으로 한 행동이라 더 후회스러운 마음이 들겠어요. 머리카락은 한 번 자르면 돌이킬 수 없으니 더더욱 속상할텐데, 마음은 좀 어때요?	N	2022-09-22 08:11:26	2022-11-08 05:27:46
BE22019923	11	0	맞아요. 워낙 머리 기르는 데에 오래 걸리고 얼마나 힘든지 잘 알아서 거울 볼 때마다 슬퍼져요.	N	2022-09-22 08:11:26	2022-11-08 05:27:46
BE22019923	12	1	나도 그 마음 알아요. 머리 기르는 거 정말 손도 많이 가고 관리하기 까다롭잖아요. 그치만 아직 오지 않은 미래의 일로 현재의 즐거움을 누리지 못하면 너무 억울하지 않겠어요?	N	2022-09-22 08:11:26	2022-11-08 05:27:46
BE22019923	13	0	그건 그래요. 근데 자꾸 왜 그랬을까 자책하게 돼요.	N	2022-09-22 08:11:26	2022-09-22 08:11:26
BE22019923	14	1	그렇게 계속 후회하면 우울해지기만 하잖아요. 이미 일은 일어났으니 이제 긍정적으로 생각하는 게 더 좋지 않을까요? 그 땐 마음이 너무 어려웠고 그게 최선의 방법이었다고 자신의 마음을 이해해주는 거예요.	N	2022-09-22 08:11:26	2022-11-08 05:27:46
BE22019923	15	0	그건 사실이에요. 정말 그거 말고는 아무 생각도 안 들었어요. 머리를 한 직후에 기분이 나아졌었거든요.	N	2022-09-22 08:11:26	2022-09-22 08:11:26
BE22019923	16	1	그리고 이왕 잘라서 새로운 스타일의 머리를 한 자기 자신을 보면서 예뻐해줘요. 머리야 다시 자랄 테니 지금의 내 모습을 더 즐겨보는 거예요. 그렇게 생각하다 보면 분명 기분이 좋아질 거예요.	N	2022-09-22 08:11:26	2022-11-08 05:27:46
BE22019923	17	0	듣고 보니 정말 그렇네요. 머리는 또 자라는데 제가 너무 긴 머리에 집착하다가 중요한 걸 놓치고 있었던 것 같아요. 이미 지나버린 일로 후회하지 않고 지금을 즐겨봐야겠어요.	N	2022-09-22 08:11:26	2022-09-22 08:11:26
BE22019923	18	1	바로 그거예요! 조금이라도 도움이 된 것 같아 기쁘네요. 이제 좀 기분이 나아졌죠?	N	2022-09-22 08:11:26	2022-11-08 05:27:46
BE22019923	19	0	네. 제 얘기 들어주셔서 감사해요.	Y	2022-09-22 08:11:26	2022-09-22 08:11:26
