id	utterance_id	utterance_type	utterance_text	terminate	regDate	updDate
BE22000701	1	0	나 출근길에 눈물이 울컥했어요. 그랬더니 오늘 내내 기분이 좀 가라앉네요.	N	2022-06-13 07:10:40	2022-11-08 03:28:47
BE22000701	2	1	왜 무슨 일 있었어요? 아까 점심시간에 식사도 잘 안 하더니.	N	2022-06-13 07:10:40	2022-11-08 03:28:47
BE22000701	3	0	우리 딸 이번에 서울로 대학 갔잖아요. 이제 서울에서 자취하거든요.	N	2022-06-13 07:10:40	2022-11-08 03:28:47
BE22000701	4	1	저번에 감정화자씨가 얘기했지요. 그럼 이제 딸이랑 따로 사는 거예요?	N	2022-06-13 07:10:40	2022-11-08 03:28:47
BE22000701	5	0	네, 아침에 출근하다가 정리된 딸의 방을 보니 너무 눈물이 나더라고요.	N	2022-06-13 07:10:40	2022-11-08 03:28:47
BE22000701	6	1	그 마음 알지요. 내 몸의 한 부분이 떨어져 나가는 기분이잖아요.	N	2022-06-13 07:10:40	2022-11-08 03:28:47
BE22000701	7	0	그렇더라요. 언제 이렇게 컸나 싶어서 기특하기도 하고, 벌써 이렇게 컸나 싶어서 아쉽기도 하고요.	N	2022-06-13 07:10:40	2022-11-08 03:28:47
BE22000701	8	1	그러게요. 시간이 정말 빨리 흐르는 것 같아요.	N	2022-06-13 07:10:40	2022-11-08 03:28:47
BE22000701	9	0	같이 살 때 더 잘해주지 못한 게 좀 후회스러워요. 맨날 잔소리만 했는데요.	N	2022-06-13 07:10:40	2022-11-08 03:28:47
BE22000701	10	1	일하며 살림하며 감정화자씨가 얼마나 열심히 살았는데요. 감정화자씨는 정말 좋은 엄마예요. 딸도 그렇게 생각하고 있을 거예요.	N	2022-06-13 07:10:40	2022-11-08 03:28:47
BE22000701	11	0	정말 그럴까요? 그렇다면 조금 마음이 놓이네요.	N	2022-06-13 07:10:40	2022-11-08 03:28:47
BE22000701	12	1	그리고 멀리 떨어져 있으면 더 애틋해지기도 한대요. 자주 연락하면 되지요.	N	2022-06-13 07:10:40	2022-11-08 03:28:47
BE22000701	13	0	대리님 말이 맞아요. 퇴근길에 전화 한번 해봐야겠어요.	N	2022-06-13 07:10:40	2022-11-08 03:28:47
BE22000701	14	1	딸도 엄마의 전화 기다리고 있을 거예요. 기운 내세요.	Y	2022-06-13 07:10:40	2022-11-08 03:28:47
