id	utterance_id	utterance_type	utterance_text	terminate	regDate	updDate
BE22014329	1	0	이번에 또 출장 잡혔어요. 이거야 원, 애들 얼굴 보기가 힘들어서. 아빠로서 너무 슬프네요.	N	2022-08-16 07:51:38	2022-08-16 07:51:38
BE22014329	2	1	감정화자씨, 정말 출장이 잦네요. 평소에 가족을 각별히 생각하시는 분인데 얼마나 힘드시겠어요.	N	2022-08-16 07:51:38	2022-11-08 04:56:11
BE22014329	3	0	아내는 회사 일이라 이해해주는데 아이들은 아니에요. 보고 싶다고 우는데 제 마음이 너무 슬퍼요.	N	2022-08-16 07:51:38	2022-08-16 07:51:38
BE22014329	4	1	생각만 해도 가슴이 찢어질 것 같네요. 감정화자씨가 슬퍼하시는 거 너무나 이해가 됩니다. 애들이 그러면 마음이 참 무겁지요.	N	2022-08-16 07:51:38	2022-11-08 04:56:11
BE22014329	5	0	그러니까요. 출장이 많아서 힘든 건 괜찮지만 아이들 얼굴 제대로 못 보는 건 너무 힘들어요. 돈이 다가 아닌데요.	N	2022-08-16 07:51:38	2022-08-16 07:51:38
BE22014329	6	1	그렇지요. 가장으로서 회사와 가정에서 역할을 균형 잡는 것이 얼마나 힘드시겠어요. 쉬운 일이 아니잖아요. 아이고, 얼마나 속상하실까요.	N	2022-08-16 07:51:38	2022-11-08 04:56:11
BE22014329	7	0	일이 손에 잡히질 않아요. 어쩔 땐 내가 너무 나쁜 아빠인가 싶어서 슬픔이 커지네요.	N	2022-08-16 07:51:38	2022-08-16 07:51:38
BE22014329	8	1	감정화자씨가 얼마나 가정적인 남자인지는 회사 내에서도 소문이 자자한걸요. 너무 자책하지 마세요. 그저 책임을 다하려고 노력하는 것이잖아요.	N	2022-08-16 07:51:38	2022-11-08 04:56:11
BE22014329	9	0	알지요, 그렇지만 씁쓸한 마음은 어쩔 수가 없네요.	N	2022-08-16 07:51:38	2022-08-16 07:51:38
BE22014329	10	1	당장은 힘드시겠지만, 마음을 좀 차분히 내려둘 필요가 있어요. 해오셨던 것처럼 아이들이 보고 싶을 때마다 연락 자주 하면 아이들도 아빠의 마음을 알아줄 테니까요. 자신이 좋은 아빠라는 사실을 잊지 말고 마음을 굳건히 하셨으면 좋겠어요.	N	2022-08-16 07:51:38	2022-11-08 04:56:11
BE22014329	11	0	공감화자씨가 그렇게 말을 해주니 마음이 한결 나아지네요. 노력하고 있다는 사실을 누군가 알아주길 바란 것 같아요.	N	2022-08-16 07:51:38	2022-11-08 04:56:11
BE22014329	12	1	감정화자씨가 워낙 모든 면에서 완벽하게 하려고 애를 쓰기에 더 감정적으로 약해질 수가 있어요. 그렇게 어떤 상황에서도 최선을 다해 노력하는 모습이 참 대단하고 존경스러워요. 마음을 잘 다독이면서 하시던 대로 쭉 해나가시면 곧 모든 게 괜찮아질 거예요.	N	2022-08-16 07:51:38	2022-11-08 04:56:11
BE22014329	13	0	좋은 말 정말 고마워요, 공감화자씨. 많은 힘이 되었어요.	N	2022-08-16 07:51:38	2022-11-08 04:56:11
BE22014329	14	1	네, 이번 출장도 건강히 잘 다녀오세요. 다녀와서 술 한잔해요.	N	2022-08-16 07:51:38	2022-11-08 04:56:11
BE22014329	15	0	그래요, 다녀와서 연락할게요. 그럼, 또 이야기해요!	Y	2022-08-16 07:51:38	2022-11-08 04:56:11
