id	utterance_id	utterance_type	utterance_text	terminate	regDate	updDate
BE22017489	1	0	오늘 회사에 별일 없나요? 남편 출장길을 배웅해 주러 공항에 다녀와야 해서 휴가를 냈어요. 공항에는 이른 아침부터 사람이 많다는 걸 보고 정말 당황스럽기도 하고 슬픈 마음이 들었어요.	N	2022-09-08 02:53:26	2022-11-08 05:15:41
BE22017489	2	1	대리님 남편분 출장 가신다는 날이 오늘이었군요. 바글바글한 공항의 모습에 대리님이 적잖이 놀라셨나봐요. 슬픈 마음이 든 건 왜일까요?	N	2022-09-08 02:53:26	2022-11-08 05:15:41
BE22017489	3	0	다들 돈 없다 없다 하는 말도 다 거짓말이었나 봐요. 아침에 보니 정말 많은 사람들이 잔뜩 멋 부리고 캐리어를 끌고 여행길에 설레는 모습이었어요. 우리나라에 경제적으로 이렇게나 여유로운 사람이 많다는 걸 실감하고 저와는 다르단 걸 깨닫고 슬펐어요.	N	2022-09-08 02:53:26	2022-11-08 05:15:41
BE22017489	4	1	모두가 힘들게 살아가는 것처럼 보였는데 해외여행 가는 사람들이 많다는 것에 많이 놀라셨겠어요. 그들의 목적지가 어디인지는 모르겠지만 오늘 본 그들의 모습이 참 여유로워 보였나 보군요. 대리님이 많이 부러웠을 것 같다는 생각이 들어요.	N	2022-09-08 02:53:26	2022-09-08 02:53:26
BE22017489	5	0	저는 열심히 돈 모아서 생활하느라 해외여행은 고사하고 국내 여행도 많이 못 가봤거든요. 그래서인지 부러움을 넘어서 그들에게 열등감까지 느껴졌어요. 남들은 다 해외여행도 떠나고 즐기며 사는데 왜 난 그러지 못했지 하는 생각에 참 슬펐네요.	N	2022-09-08 02:53:26	2022-11-08 05:15:41
BE22017489	6	1	왜 그런 마음이 안 들겠어요? 대리님이 어떤 마음이었을지 충분히 이해가 되네요. 하지만 자신보다 우위에 있는 누군가와 자신의 인생을 비교하며 우울해하면 한도 끝도 없잖아요. 대리님은 본인 나름대로 가정을 꾸리며 누구보다 잘살고 있으니 비교하며 열등감 느끼지 않았으면 좋겠어요.	N	2022-09-08 02:53:26	2022-11-08 05:15:41
BE22017489	7	0	공항에서 사람들을 보니 얼마 전 점심시간에 있었던 일이 떠올라서 마음이 이상했어요. 이야기를 하던 중 차장님이 나보고 해외여행 어디 다녀왔냐고 물어보는데 대답할 수 없어 마음이 아팠어요. 해외여행 안 가봤다고 얘기하니 믿을 수 없다는 듯한 동료들의 표정도 잊을 수 없어요.	N	2022-09-08 02:53:26	2022-09-08 02:53:26
BE22017489	8	1	당황스럽게 하려고 한 질문은 아니었겠지만 대리님이 얼마나 난처하고 마음이 아팠을지 생각하니 속상하네요. 바쁘게 살다 보면 여행을 못 갈 수도 있고 그것이 대리님의 결점은 아니잖아요. 앞으로도 해외여행을 떠날 기회는 충분히 있을 테니 너무 마음 쓰지는 말았으면 해요.	N	2022-09-08 02:53:26	2022-11-08 05:15:41
BE22017489	9	0	무슨 부귀영화를 누리자고 한 푼 두 푼 아껴가며 아등바등 살았던 건지. 두 아이 잘 키워보겠다고 억척스럽게 살아온 제 인생이 허망하게 느껴지는 거 있죠. 나와 다르게 즐기며 사는 사람들이 많다는 걸 공항에서 보고 착잡한 마음에 머리가 띵하고 울렸어요.	N	2022-09-08 02:53:26	2022-09-08 02:53:26
BE22017489	10	1	현재를 즐기는 사람들을 보면 부럽고 좋아 보이지만 대리님의 인생이 더 가치 있고 멋지다고 생각해요. 인생이라는 긴 여정 속에서 가족의 빛나는 미래를 위해 노력하고 훌륭히 이끌어 내고 있잖아요. 지금 당장은 힘들어도 미래에 대리님은 분명 웃으며 그들보다 인생을 즐기고 있을 거예요.	N	2022-09-08 02:53:26	2022-11-08 05:15:41
BE22017489	11	0	그렇게 말해주니 참 고마워요. 이상하게 해외여행 얘기만 나오면 제가 못 가봐서 그런지 열등감도 느끼고 위축되는 기분이 들었거든요. 오늘 공항에 여행길에 오르는 많은 사람을 봐서 더 기분이 싱숭생숭했나 봐요.	N	2022-09-08 02:53:26	2022-11-08 05:15:41
BE22017489	12	1	남들 다 가는 해외여행 나만 못 가봤다고 생각하면 억울하기도 하고 작아지는 기분 이해해요. 해외여행 경험 유무가 대리님 인생의 점수를 내리는 지표는 절대 아니니까 마음에 담아두지는 말았으면 해요. 아이들이 많이 커서 가족 다 같이 떠나는 해외여행을 상상하면 기분이 좋아질 거예요.	N	2022-09-08 02:53:26	2022-11-08 05:15:41
BE22017489	13	0	혼자 해외여행을 떠나는 것보다 아이들 열심히 키워서 넷이 해외여행을 간다고 생각을 하니 웃음이 나오네요. 듣고 보니 지금 열심히 사는 것이 미래에 대한 투자라는 생각이 들어요. 직장 동료이지만 나의 사적인 이야기와 사사로운 감정들을 이야기해도 편하게 들어주고 공감해 줘서 항상 고마워요.	N	2022-09-08 02:53:26	2022-09-08 02:53:26
BE22017489	14	1	대리님께 도움이 된 것 같아 저도 참 뿌듯하네요. 대리님의 지금 노력은 절대 헛되지 않고 미래에 밝게 빛날 거예요, 제가 늘 응원할게요. 오늘처럼 마음이 안 좋고 힘든 날에는 언제는 제게 말하고 기대도 좋아요.	N	2022-09-08 02:53:26	2022-11-08 05:15:41
BE22017489	15	0	응원해주는 동료가 있다는 게 참 힘이 되네요. 오늘도 그리고 앞으로도 더욱 열심히 살아야겠다고 다짐하게 되는 하루에요. 휴가 끝나고 회사에서 봐요.	Y	2022-09-08 02:53:26	2022-11-08 05:15:41
