id	utterance_id	utterance_type	utterance_text	terminate	regDate	updDate
BE22000250	1	0	이번 남편 기일에 꽃 보내줘서 고마워요. 경황이 없어서 이제야 연락하네요.	N	2022-06-11 10:31:10	2022-11-08 03:25:52
BE22000250	2	1	직접 찾아가지도 못하고 꽃만 보냈는데요. 납골당에는 잘 다녀왔어요?	N	2022-06-11 10:31:10	2022-11-08 03:25:52
BE22000250	3	0	네, 이번에는 다행히 아들하고 딸까지 다 와서 반갑고 좋았어요. 근데 남편 기일이 다가오면 꼭 슬퍼지네요.	N	2022-06-11 10:31:10	2022-11-08 03:25:52
BE22000250	4	1	기분전환에 도움 좀 되라고 꽃이라도 보냈어요. 감정화자씨 남편이 생전에 꽃을 아주 좋아했잖아요.	N	2022-06-11 10:31:10	2022-11-08 03:25:52
BE22000250	5	0	네, 대리님 마음이 느껴져서 참 고마웠어요. 애들도 좋아하더라고요.	N	2022-06-11 10:31:10	2022-11-08 03:25:52
BE22000250	6	1	어떻게 이번에는 자식들이 다 와줬네요. 지방에 살고 결혼도 하고 그러면 집안 행사에 소홀할 수밖에 없는데 내가 다 고마워요.	N	2022-06-11 10:31:10	2022-11-08 03:25:52
BE22000250	7	0	그간 좀 소원했다고 앞으로 신경 잘 쓰겠다고 하는데 애들도 이제 다 컸다 싶었어요. 근데 왜 이렇게 마음이 쓸쓸할까요.	N	2022-06-11 10:31:10	2022-11-08 03:25:52
BE22000250	8	1	감정화자씨와 남편 사이가 오죽 좋았어요. 모두가 부러워하는 금슬이었는걸요. 아직도 많이 힘들지요?	N	2022-06-11 10:31:10	2022-11-08 03:25:52
BE22000250	9	0	괜찮다가도 이렇게 애들을 보면 애들 잘 큰 거 못 보고 간 그이가 너무 그립고 안타깝고 그래요.	N	2022-06-11 10:31:10	2022-11-08 03:25:52
BE22000250	10	1	감정화자씨가 그렇게 기일이 다가오면 힘들어하는 게 너무 이해가 되네요.	N	2022-06-11 10:31:10	2022-11-08 03:25:52
BE22000250	11	0	그랬지요. 첫 아이가 늦게 들어서서 참 초조했었는데 얼마나 좋아했던지요. 벌써 그이가 간 지 10년이네, 믿기지가 않아요.	N	2022-06-11 10:31:10	2022-11-08 03:25:52
BE22000250	12	1	시간 정말 빠르다네요. 그렇게 의지하던 남편 가고 나서도 혼자서 애들 얼마나 잘 키웠나요. 감정화자씨는 정말 훌륭한 엄마예요.	N	2022-06-11 10:31:10	2022-11-08 03:25:52
BE22000250	13	0	그런가요. 생각할 겨를도 없이 먹고 사느라 어떻게 키웠는지도 기억이 안 나요.	N	2022-06-11 10:31:10	2022-11-08 03:25:52
BE22000250	14	1	너무 꿋꿋하게 버티며 잘 키워서 대단하고 대견해요. 너무 힘들고 외롭겠지만 남편이 감정화자씨가 슬퍼하면 하늘에서 얼마나 애가 타겠어요. 애들도 앞으로 신경 많이 쓰겠다고 하니까 감정화자씨도 힘내서 남편 빈자리를 잘 채워나가 보아요.	N	2022-06-11 10:31:10	2022-11-08 03:25:52
BE22000250	15	0	맞아요. 산 사람은 또 잘 살아야 하니까요.	N	2022-06-11 10:31:10	2022-11-08 03:25:52
BE22000250	16	1	그럼요. 회사 일 열심히 하고, 아이들에게 의지하다 보면 이 힘든 시간도 잘 버틸 수 있을 거예요. 	N	2022-06-11 10:31:10	2022-11-08 03:25:52
BE22000250	17	0	위로의 말도 꽃도 너무 고마워요. 출근해서 뵈어요.	Y	2022-06-11 10:31:10	2022-11-08 03:25:52
