id	utterance_id	utterance_type	utterance_text	terminate	regDate	updDate
BE22005077	1	0	공감화자씨, 나 오전에 반차 쓰고 미용실 다녀왔는데 망한 것 같아.	N	2022-06-29 06:53:55	2022-11-08 03:57:04
BE22005077	2	1	네? 망하다니, 무슨 일이세요?	N	2022-06-29 06:53:55	2022-11-08 03:57:04
BE22005077	3	0	원래 가던 미용실에 새로운 선생님이 봐주셨는데, 새로운 스타일로 도전해보자고 하더라고. 요새 유행하는 스타일이라 훨씬 젊어 보일 거라고 해서 했는데 전혀 아닌 것 같아. 거울을 보고 너무 실망스러워서 우울하고 슬퍼.	N	2022-06-29 06:53:55	2022-11-08 03:57:04
BE22005077	4	1	아, 미용실에 가셨는데 변화가 마음에 안 드셨구나. 그럴 때 정말 뭐라고 할 수도 없고 난감하죠. 정말 속상하셨겠어요.	N	2022-06-29 06:53:55	2022-11-08 03:57:04
BE22005077	5	0	응, 딱 그거야. 그런데 내 실망한 표정을 선생님이 읽으시고는 어쩔 줄 몰라 하시더라고. 어차피 돌이킬 수 없는 거 표정이라도 잘 숨겨볼 걸 실수한 것 같아서 답답하고 슬프네.	N	2022-06-29 06:53:55	2022-11-08 03:57:04
BE22005077	6	1	아니에요, 감정을 숨기지 못한 건 실수가 아니죠. 순간의 표정이었잖아요. 그리고 이미 마음이 안 좋으신데 다른 사람의 마음까지 신경 쓰시지 않으셔도 돼요.	N	2022-06-29 06:53:55	2022-11-08 03:57:04
BE22005077	7	0	그래도 그 선생님 딴에는 잘해보려고 하신 거였는데, 내 얼굴이 문제인 거지. 아, 너무 우울하고 기분이 안 좋아서 눈물 날 것 같아. 곧 회사에 가야 하는데 사람들이 날 보고 뭐라고 생각할까.	N	2022-06-29 06:53:55	2022-11-08 03:57:04
BE22005077	8	1	전혀 그렇지 않아요. 지금 너무 자존감이 떨어지셔서 그렇게 느끼시는 것 같아요. 겉모습보다는 내면이 더 중요하다고 하니까, 감정화자씨의 변화를 보고 나쁘게 생각하는 사람들은 없을 거예요!	N	2022-06-29 06:53:55	2022-11-08 03:57:04
BE22005077	9	0	모두가 공감화자씨처럼 생각하면 고마울 텐데. 괜히 새로운 스타일에 도전했다가 낭패를 봤어.	N	2022-06-29 06:53:55	2022-11-08 03:57:04
BE22005077	10	1	하지만 도전하신 마음은 높이 살 만한걸요! 이번에 새로운 스타일은 어울리지 않는다는 걸 아셨으니, 다음에는 더 어울리는 스타일로 바꾸실 수 있어요. 그런 기회가 있다는 것에서 저는 괜찮다고 생각해요.	N	2022-06-29 06:53:55	2022-11-08 03:57:04
BE22005077	11	0	고마워, 그렇게 긍정적으로 바라봐줘서. 나도 좀더 자신감을 가져야겠어.	N	2022-06-29 06:53:55	2022-11-08 03:57:04
BE22005077	12	1	네, 감정화자씨의 모습이 스스로 낯설어서 그렇지, 남들이 볼 때는 멋지기만 할 거예요. 자신감을 가지셔도 돼요.	N	2022-06-29 06:53:55	2022-11-08 03:57:04
BE22005077	13	0	그럴게. 공감화자씨 말대로 당당하게 회사에 가볼게.	N	2022-06-29 06:53:55	2022-11-08 03:57:04
BE22005077	14	1	제가 뒤에서 응원하고 있을게요! 파이팅!	Y	2022-06-29 06:53:55	2022-11-08 03:57:04
