id	utterance_id	utterance_type	utterance_text	terminate	regDate	updDate
BE22018026	1	0	남자 친구와 사귄 지 일 년이 다 돼가는데, 남자 친구는 공개 연애를 하지 않아요. SNS에도 제 사진을 올린 적이 한 번도 없어요. 저와 사귀는 걸 숨기니까 이제는 저를 사랑하지 않는 것 같다는 생각이 들어서 슬퍼요.	N	2022-09-13 13:07:03	2022-11-08 05:18:57
BE22018026	2	1	대리님은 SNS에서도 커플 사진도 자주 올리시고 공개하셨잖아요. 일방적으로 대리님만 커플인 것을 공개하고, 남자 친구분은 숨기고 있으니 속상할 만해요. 누구든지 충분히 속상할 만한 상황이에요.	N	2022-09-13 13:07:03	2022-11-08 05:18:57
BE22018026	3	0	게다가, 저는 친구들에게 남자 친구를 자주 보여주고, 모임과 결혼식에도 함께 갔거든요. 그런데, 남자 친구는 지인의 결혼식에 저를 데려간 적이 한 번도 없어요.	N	2022-09-13 13:07:03	2022-11-08 05:18:57
BE22018026	4	1	그건 정말 많이 서운하고 속상할 만해요. 저였어도 그런 상황이라면 남자 친구가 저를 사랑하지 않나 싶을 거 같아요. 저도 작년에, 남자 친구랑 연애 공개 문제로 다툰 적이 있어서 그 마음 알아요.	N	2022-09-13 13:07:03	2022-11-08 05:18:57
BE22018026	5	0	그는 배우 지망생이거든요. 기획사에서 연습생으로 있어서, 비밀연애를 하고 있는 거예요. 그렇지만, 일 년이 다 돼가니 저보다 성공이 더 중요한 것 같다는 생각에 자존감도 떨어져요.	N	2022-09-13 13:07:03	2022-09-13 13:07:03
BE22018026	6	1	배우라는 직업이 사람들의 시선을 많이 의식하게 되니까 더 이미지 관리를 하는 것 같아요. 많은 배우들이 연애를 비공개로 하기도 하니까요. 속상하시겠지만, 이해하고 받아들이는 게 마음이 더 편할지도 모르겠다는 생각이 드네요.	N	2022-09-13 13:07:03	2022-11-08 05:18:57
BE22018026	7	0	사실, 남자 친구는 항상 다정하고, 저에게 최선을 다해줘요. 시간이 될 때마다 저를 항상 보러 와주고요. 그런데, 저랑 사귀는 걸 숨기다 보니 어느새 제가 못나고 창피해서 숨기나 싶은 생각이 들더라고요.	N	2022-09-13 13:07:03	2022-11-08 05:18:57
BE22018026	8	1	대리님이 어디가 못나셨다고 그래요. 제가 볼 때는 정말 지혜롭고 똑부러지고, 사랑스러운 사람인걸요. 제가 대리님 같은 사람을 여자 친구로 뒀다면 정말 행복했을 것 같아요.	N	2022-09-13 13:07:03	2022-11-08 05:18:57
BE22018026	9	0	남자 친구가 배우 지망생이다 보니, 외적으로 키도 크고 멋있는 스타일이거든요. 인기도 항상 많아서, 그에 비해 제가 상대적으로 초라하게 느껴져요. 그러다 보니 예민해지고, 자신감이 떨어져서 더 속상하고 슬픈 것 같아요.	N	2022-09-13 13:07:03	2022-11-08 05:18:57
BE22018026	10	1	그런 마음이 들 수는 있어도, 그 생각이 머릿속을 헤집어 놓게 하면 안 돼요. 상대적으로 비교하기보다, 대리님 본연의 가치와 장점을 생각해 보세요. 대리님은 충분히 사랑스럽고 가치 있는 분이세요.	N	2022-09-13 13:07:03	2022-11-08 05:18:57
BE22018026	11	0	이렇게 이야기해주셔서 감사해요. 사실, 남자 친구에게도 이런 칭찬은 잘못 들었거든요. 저를 이렇게나 좋게 봐주셨다고 생각하니 기분이 좀 좋네요.	N	2022-09-13 13:07:03	2022-11-08 05:18:57
BE22018026	12	1	대리님이 생각하고 계신 것보다, 전 더 대리님을 많이 생각하고 위하고 있는걸요. 사실 저도 대리님께 평소에 많은 도움을 받기도 했고요. 앞으로도 이런 고민 있으시면 언제든 저에게 말씀해 주세요.	N	2022-09-13 13:07:03	2022-11-08 05:18:57
BE22018026	13	0	그래도 될까요? 마음이 너무 답답해서 오늘 처음으로 이런 고민을 이야기했네요. 지루할 수도 있는 고민을 이렇게 진심으로 들어주셔서 감사해요.	N	2022-09-13 13:07:03	2022-09-13 13:07:03
BE22018026	14	1	그런 말 마세요. 대리님의 고민이라면 언제든지 기쁜 마음으로 들을 수 있어요. 게다가 제가 도움이 되었다는 사실이 저도 뿌듯하고 기쁜걸요.	N	2022-09-13 13:07:03	2022-11-08 05:18:57
BE22018026	15	0	그렇게 말해줘서 정말 고마워요. 마음이 정말 편해지네요. 다음에 회사에서 보면 밥 한 번 살게요 정말 고마워요.	Y	2022-09-13 13:07:03	2022-09-13 13:07:03
