id	utterance_id	utterance_type	utterance_text	terminate	regDate	updDate
BE22014428	1	0	저 결국 개인 파산 신청 후 회생 신청을 해두었어요. 살아온 모든 날이 후회되고 슬플 따름이에요.	N	2022-08-17 06:32:24	2022-08-17 06:32:24
BE22014428	2	1	사정이 매우 좋지 않다는 건 들었어요. 개인 파산 신청까지 하신 줄은 몰랐는데 마음이 정말 안 좋으시겠어요.	N	2022-08-17 06:32:24	2022-11-08 04:56:50
BE22014428	3	0	네. 어쩌다 제 인생이 이렇게 됐는지 너무 슬프네요. 이렇게 바닥을 찍을 줄은 상상도 못 했는데요.	N	2022-08-17 06:32:24	2022-11-08 04:56:50
BE22014428	4	1	왜 안 그러시겠어요. 직장 동료로서 지켜본 감정화자씨는 누구보다 근면, 성실하시고 검소하신 분이셨거든요. 평생을 부지런히 살아오셨을 텐데 슬픔과 충격이 크실 만도 할 듯해요.	N	2022-08-17 06:32:24	2022-11-08 04:56:50
BE22014428	5	0	그러게요. 주변 지인들의 무리한 부탁과 유혹에 넘어가지 말 걸 그랬어요. 시간을 되돌릴 수만 있다면 얼마나 좋을까요? 제게 실망한 가족들을 생각하면 가슴이 찢어질 듯이 슬퍼요.	N	2022-08-17 06:32:24	2022-11-08 04:56:50
BE22014428	6	1	물론 가족들에게 슬픔과 책임감 때문에 힘드시겠지만 지금 제일 고통스러우신 사람은 감정화자씨 본인이실 거예요. 그러니 지금은 감정화자씨의 감정을 최우선으로 돌보셨으면 좋겠어요. 너무 힘들어하지 마시고, 희망을 잃지 않으시길 진심으로 바랄게요.	N	2022-08-17 06:32:24	2022-11-08 04:56:50
BE22014428	7	0	저도 희망을 잃지 않고 싶은데, 그럴 수 있을까요? 슬픔과 자괴감에 매일 몸서리치고 있어요. 제가 이 불행을 잘 극복할 수 있을지 모르겠어요.	N	2022-08-17 06:32:24	2022-08-17 06:32:24
BE22014428	8	1	당연히 극복하실 수 있죠. 이렇게 바닥을 찍고 내려갔을 때는 올라올 일만 남았다고들 하잖아요. 감정화자씨만 의지가 있으시다면 앞으로는 좋아질 일만 남았을 거예요.	N	2022-08-17 06:32:24	2022-11-08 04:56:50
BE22014428	9	0	공감화자씨의 말씀을 믿고 싶네요. 개인 파산 신청과 회생 신청 후 슬픔에 정신을 못 차리고 있어서 일도 엉망진창으로 하네요. 왜 이렇게 후회할 일만 만드는 걸까요?	N	2022-08-17 06:32:24	2022-11-08 04:56:50
BE22014428	10	1	아니에요. 그렇게 큰일을 겪으면서도 감정화자씨는 회사 일을 무척 잘 해내고 계세요. 그러니까 이 일도 책임감 있게, 감정화자씨답게 잘 해결하시리라 믿어요. 감정화자씨는 언제나 믿음직스럽고 든든한 동료시잖아요.	N	2022-08-17 06:32:24	2022-11-08 04:56:50
BE22014428	11	0	정말 감사드려요. 제 이야기를 이렇게 진심으로 들어주시고, 깊이 위로해 주시니까 힘이 나요. 지금의 제게 이런 위로가 가장 필요했었나 봐요.	N	2022-08-17 06:32:24	2022-08-17 06:32:24
BE22014428	12	1	다행이에요. 이런 말은 언제든지 해드릴 수 있으니까, 슬프고 힘드실 때마다 찾아 주세요. 저는 감정화자씨 곁에서 늘 응원하고 있다는 거 잊지 마시고요.	N	2022-08-17 06:32:24	2022-11-08 04:56:50
BE22014428	13	0	감사해요. 모든 걸 잃고 혼자가 된 기분에 시달렸었는데, 공감화자씨 덕분에 큰 위로를 받았어요. 다시 일어설 용기가 생겨요.	N	2022-08-17 06:32:24	2022-11-08 04:56:50
BE22014428	14	1	그렇게 생각해 주시니까 제가 더 감동인데요. 감정화자씨가 다시 평안한 삶을 사실 때까지 제가 곁을 지켜드릴게요. 파이팅이에요.	N	2022-08-17 06:32:24	2022-11-08 04:56:50
BE22014428	15	0	네. 사정이 나아지면 맛있는 밥 한 끼라도 해요. 정말 감사드려요.	Y	2022-08-17 06:32:24	2022-08-17 06:32:24
