id	utterance_id	utterance_type	utterance_text	terminate	regDate	updDate
BE22019116	1	0	어제 늦게 들어온 아들을 혼내다가 서운한 말을 들었네요. 제가 자주 전화하는 게 부담스럽고 싫다고 안 했으면 좋겠데요, 너무 슬퍼서 하루 종일 눈물이 나요.	N	2022-09-20 09:51:36	2022-11-08 05:25:03
BE22019116	2	1	주변에도 보면 사춘기 아들들은 대부분 엄마와의 사이가 좋지 않더라고요. 과장님만의 문제는 아니에요, 그렇게 슬퍼하실 필요 없어요. 조금 더 크면 괜찮아질 테니 너무 서운하게 생각하지 마세요.	N	2022-09-20 09:51:36	2022-11-08 05:25:03
BE22019116	3	0	저는 이렇게 회사에 나와 있으니 밥은 먹었는지, 학원은 갔는지 궁금해서 연락하거든요. 그런데 아들은 귀찮은가 봐요, 그런 말을 듣게 될 줄은 정말 몰랐네요, 서운하고 서글퍼요.	N	2022-09-20 09:51:36	2022-11-08 05:25:03
BE22019116	4	1	걱정하는 마음을 몰라주니 얼마나 속상하실까요, 저도 마음이 안 좋네요. 때로는 아이들이 아무 생각 없이 한 말이 비수가 되어 가슴에 꽂히기도 하죠. 마음에 담아 두지 마세요, 진심은 아니었을 거예요.	N	2022-09-20 09:51:36	2022-11-08 05:25:03
BE22019116	5	0	외동이라 아이와 어릴 때부터 정말 친밀했거든요. 회사에 있으면 하도 전화를 해서 업무에 지장이 생길까 봐 안절부절못했는데. 이제 그런 시절이 있었나 싶을 정도로 낯설게 느껴져요.	N	2022-09-20 09:51:36	2022-11-08 05:25:03
BE22019116	6	1	지금은 질풍노도의 시기잖아요, 아이들은 자라면서 조금씩 달라져요. 성장하는 과정이라고 생각하세요, 시간이 지나면 다시 다정했던 아들로 돌아올 거예요. 답답하고 힘드셔도 꾹 참으셔야 해요.	N	2022-09-20 09:51:36	2022-11-08 05:25:04
BE22019116	7	0	제가 전화하면 대답만 하고 끊어버리거든요. 그런데 친구들하고는 밤새 통화하며서 즐거워하는 모습을 보면 정말 우리 아이가 맞나 싶어요.	N	2022-09-20 09:51:36	2022-11-08 05:25:04
BE22019116	8	1	친구들과 사이좋게 잘 지내니 다행이네요, 마음은 섭섭하시겠지만 아이들만의 세계라고 이해해 주세요. 원래 그 시기는 부모님보다 친구들이 더 좋을 때잖아요. 믿고 기다려 주시면, 자기가 했던 행동들을 스스로 깨닫게 될 거예요.	N	2022-09-20 09:51:36	2022-11-08 05:25:04
BE22019116	9	0	공감화자님의 말씀을 들으니 저도 사춘기 때 엄마를 많이 속상하게 해드렸던 것 같아요. 생각해보니 엄마께도 죄송하네요, 아들의 마음을 조금은 이해할 수 있을 것 같아요. 그동안 화를 내기만 했던 게 미안해지네요.	N	2022-09-20 09:51:36	2022-11-08 05:25:04
BE22019116	10	1	그래도 아이들과 조금이라도 덜 멀어지는 방법은 대화인 것 같아요. 꾸준히 마주 보고 이야기 나누시면, 엄마는 내 편이라고 느끼게 되고 마음을 열게 될 거예요. 굳게 마음먹고 그때까지 조금만 참으시면 다정했던 아들로 다시 돌아올 거예요.	N	2022-09-20 09:51:36	2022-11-08 05:25:04
BE22019116	11	0	정말 그렇게 되면 얼마나 좋을까요, 오늘부터는 아들과 친해지려고 노력할 거예요. 저도 친구 같은 편한 엄마가 되고 싶네요.	N	2022-09-20 09:51:36	2022-11-08 05:25:04
BE22019116	12	1	여태까지도 일하시면서 육아도 훌륭하게 해오셨잖아요, 앞으로도 분명히 잘하실 수 있을 거예요. 급하게 생각하지 마시고 천천히 한 걸음씩 다가가 주세요. 머지않아 엄마의 사랑을 고맙게 느끼는 날이 올 거예요.	N	2022-09-20 09:51:36	2022-11-08 05:25:04
BE22019116	13	0	오늘 저에게 따뜻한 위로와 조언을 해주셔서 정말 감사드려요. 아들과 가까워지는 방법을 조금은 알게 된 것 같네요. 최선을 다해 보겠습니다, 지켜봐 주세요.	N	2022-09-20 09:51:36	2022-11-08 05:25:04
BE22019116	14	1	제가 조금이나마 도움이 되었다니 정말 다행이네요, 과장님의 노력만큼 좋은 결과가 있길 바랄게요. 제가 항상 응원하고 있다는 거 잊지 마시고요, 힘내세요!	Y	2022-09-20 09:51:36	2022-11-08 05:25:04
