id	utterance_id	utterance_type	utterance_text	terminate	regDate	updDate
BE22019213	1	0	매일매일을 분투하며 살아간다고 생각하는데 예전이랑 변한 것이 없는 것 같아요. 숨 가쁘게 살던 와중에도 그걸 실감하면 울컥 눈물이 나고 슬퍼져요. 감정을 홀로 삭히기 어려워서 대리님께 문자 보내 봐요.	N	2022-09-21 02:38:45	2022-09-21 02:38:45
BE22019213	2	1	혹시 무슨 일 있으셨던 거예요?	N	2022-09-21 02:38:45	2022-09-21 02:38:45
BE22019213	3	0	얼마 전에 학자금 대출을 다 갚았을 때는 정말 홀가분하고 날아갈 것 같았어요. 그런데 갚아야 하는 다른 대출금이 여전히 남아 있는 상황이라는 걸 생각하니 가슴이 답답해지네요. 매일 뼈가 빠지게 일해도 막상 저에게 돌아오는 게 없다고 느껴질 때마다 너무 울적하고 슬퍼요.	N	2022-09-21 02:38:45	2022-09-21 02:38:45
BE22019213	4	1	기뻤던 것도 잠시였고, 금세 또 다른 목표가 있다는 걸 실감하면서 어깨가 다시 무거워지셨나 봐요. 아무리 노력해도 경제적인 상황이 더 나아지지 않는 걸 볼 때마다 문득 무력해지고 답답해지셨죠.	N	2022-09-21 02:38:45	2022-11-08 05:25:17
BE22019213	5	0	정말 힘을 내서 잘 살고 싶다고 늘 생각하는데 마음처럼 쉽지 않아요. 어제는 문득 울적해져서 퇴근하고 저녁을 먹다가 한참을 울어 버렸어요. 언제까지 이 지긋지긋한 굴레 안에서 살아가야 하나 싶고, 그러다 보니 서글퍼지고 눈물이 나서요.	N	2022-09-21 02:38:45	2022-09-21 02:38:45
BE22019213	6	1	다 먹고 살자고 하는 일인 걸 알면서도 불현듯 너무 힘겨워지는 날이 있기도 하죠. 대리님께서는 어제가 바로 그런 날이었나 봐요. 서럽고 힘겨운 심정이 문자 너머로도 느껴져서 제 마음도 좋지 않네요.	N	2022-09-21 02:38:45	2022-11-08 05:25:17
BE22019213	7	0	마음 같아서는 모든 걸 다 두고 도망가고 싶지만 그럴 수 없어서 더 우울해요. 저를 짓누르는 책임으로부터 단 하루라도 가벼워질 수 있다면 좋겠는데. 어제부터 가슴에 눈물이 한가득 고인 것처럼 답답하고 슬퍼서 견디기 버겁네요.	N	2022-09-21 02:38:45	2022-09-21 02:38:45
BE22019213	8	1	최대한 의연하게 잘 버티다가도 어느 날 감정이 터져 나오는 순간이 있기 마련이니까요. 혼자서 많은 고민들을 안고 견디느라 버겁고 애달프셨죠. 그럼에도 무엇 하나 포기하지 않으려 애쓰는 대리님만의 성실함은 그 무엇보다 대단하고 근사하다고 생각해요.	N	2022-09-21 02:38:45	2022-11-08 05:25:18
BE22019213	9	0	가끔은 제가 너무 미련하고 한심하다고 느꼈어요. 그런데 저에게 그렇게 다정한 칭찬을 해 주시니 마음이 조금은 따뜻해지네요. 한없이 슬프기만 했던 감정도 차분하게 가라앉는 것 같아요.	N	2022-09-21 02:38:45	2022-11-08 05:25:18
BE22019213	10	1	가끔 정말 힘에 겨우면 내가 나 자신을 위로하는 일도 어렵게 느껴지더라고요. 그렇게 힘겨울 때는 혼자서 삭히지 마시고 저에게 연락 주세요. 저도 대리님께 도움을 많이 받은 만큼 보답할 수 있도록 노력할게요.	N	2022-09-21 02:38:45	2022-11-08 05:25:18
BE22019213	11	0	아무리 노력해도 예전이랑 변한 게 하나도 없다고 생각했거든요. 그런데 대리님처럼 따뜻하게 말해 주시는 분이 곁에 있다고 생각하니 뭔가 달라지기는 했나 봐요. 더 좋은 쪽으로 달라진 것 같아서 위안이 되네요.	N	2022-09-21 02:38:45	2022-09-21 02:38:45
BE22019213	12	1	힘들고 어려운 때일수록 서로 돕고 살자는 어른들의 말을 이렇게 실감하게 돼요. 우리 힘들고 버거운 회사 생활이지만 앞으로도 같이 잘 이겨 내 봐요. 대리님께서도 더는 슬퍼지지 않게 심호흡을 하면서 숨을 고르면 마음이 편해질 거예요.	N	2022-09-21 02:38:45	2022-11-08 05:25:18
BE22019213	13	0	꼭 그렇게 할게요. 도움을 줘서 고마워요. 이따 거래처 미팅이 있어서 이만 가 봐야겠어요.	N	2022-09-21 02:38:45	2022-11-08 05:25:18
BE22019213	14	1	네, 잘 다녀오세요. 필요한 일 있으시면 언제든 또 연락 주시고요.	Y	2022-09-21 02:38:45	2022-09-21 02:38:45
