id	utterance_id	utterance_type	utterance_text	terminate	regDate	updDate
BE22010686	1	0	저는 남들보다 못한 사람인 것 같아서 슬퍼요.	N	2022-07-21 04:14:49	2022-11-08 04:33:09
BE22010686	2	1	무슨 일이길래 그래요?	N	2022-07-21 04:14:49	2022-11-08 04:33:09
BE22010686	3	0	오늘 회사 입사한 지 1년이 지나서 대표님이랑 면담했거든요. 근데 저보고 적극성이 결핍되었다고 좀더 나서는 태도를 가지래요. 그 말 들을 때 눈물이 핑 돌았어요.	N	2022-07-21 04:14:49	2022-11-08 04:33:09
BE22010686	4	1	저런, 저 같아도 누가 면전에다가 그렇게 말하면 눈물이 다 날 것 같아요. 저도 면담할 때 고쳐야 할 점을 들은 적이 있어서 감정화자씨가 지금 어떤 마음인지 알겠네요. 아무래도 자신이 부족해 보여서 슬플 수밖에 없겠어요.	N	2022-07-21 04:14:49	2022-11-08 04:33:09
BE22010686	5	0	네, 전 열심히 한다고 생각했는데 적극성이 부족하다고 하니까 너무 슬프더라고요. 지난 행동들이 부정당한 기분이에요.	N	2022-07-21 04:14:49	2022-11-08 04:33:09
BE22010686	6	1	아무래도 데미지가 클 수밖에 없겠어요. 하지만 다 감정화자씨 더 잘되라고 한 조언이니 너무 슬퍼하지 마세요. 상처 주려고 한 말은 아닐 거예요.	N	2022-07-21 04:14:49	2022-11-08 04:33:09
BE22010686	7	0	그렇겠죠. 근데 제가 여기서 더 적극적으로 할 수 있을까 싶어서요. 그러면 대표님은 계속 저를 의기소침한 사람으로 볼 것 같아서 우울해요.	N	2022-07-21 04:14:49	2022-11-08 04:33:09
BE22010686	8	1	저런, 나는 감정화자씨 풀 죽어 있는 모습을 보니 내가 다 안타까울 정도네요. 나는 감정화자씨의 지금 모습도 괜찮다고 봐요.	N	2022-07-21 04:14:49	2022-11-08 04:33:09
BE22010686	9	0	적극성이 결핍되어 있는데도요? 전 이 말만 생각하면 정말 우울하고 슬픈걸요.	N	2022-07-21 04:14:49	2022-11-08 04:33:09
BE22010686	10	1	대표님은 그렇게 볼 수 있겠지만 제 눈에는 감정화자씨가 포용성이 넓은 사람으로 보여요. 모든 일에 뛰어드는 사람이 있는가 하면 있는 그대로 받아들이는 사람이 있잖아요. 난 후자가 감정화자씨 같은 사람이라고 생각하고 그 태도가 정말 좋다고 느껴요.	N	2022-07-21 04:14:49	2022-11-08 04:33:09
BE22010686	11	0	그렇게 말해주니까 너무 감동적이네요. 저는 다른 사람들 눈에도 적극성이 부족한 사람으로 보이나 우울했거든요.	N	2022-07-21 04:14:49	2022-11-08 04:33:09
BE22010686	12	1	아무래도 대표님이 한 말이라 신경이 많이 쓰일 수밖에 없겠죠. 하지만 적극적으로 뭔가 나서서 했다가 일을 망치기도 하잖아요. 저는 일단 가만있다가 모든 걸 파악한 뒤에 일하는 자세도 좋다고 봐요.	N	2022-07-21 04:14:49	2022-11-08 04:33:09
BE22010686	13	0	저를 그렇게 좋게 해석해주셔서 고마워요. 그러니까 한결 기분이 괜찮아지네요.	N	2022-07-21 04:14:49	2022-11-08 04:33:09
BE22010686	14	1	네, 한 사람의 말로 자신을 평가하지 마세요. 보는 사람마다 다르게 느낄 수밖에 없잖아요. 그 말이 정답이라고 생각하지 말고 마음을 좀더 가볍게 먹어요.	N	2022-07-21 04:14:49	2022-11-08 04:33:09
BE22010686	15	0	덕분에 기분이 괜찮아졌는걸요. 말씀 정말 고마워요!	Y	2022-07-21 04:14:49	2022-11-08 04:33:09
