id	utterance_id	utterance_type	utterance_text	terminate	regDate	updDate
BE22017241	1	0	끝내 아내를 설득하지 못하고 이혼하고 말았어요, 너무 안타깝고 가슴이 아파서 아무 일도 할 수가 없네요. 이렇게까지 슬퍼할 줄은 몰랐는데, 제가 많이 사랑했었던 것 같아요.	N	2022-09-06 09:42:40	2022-11-08 05:14:09
BE22017241	2	1	그동안 많이 고민하시고 괴로워하셨는데, 끝내 그렇게 되고 말았군요. 두 분의 사이가 다시 좋아지시기를 진심으로 바랐는데 너무 안타까워요.	N	2022-09-06 09:42:40	2022-11-08 05:14:09
BE22017241	3	0	아내를 경제적으로 행복하게 해주고 싶다는 생각에 밤낮없이 일만 했어요. 퇴근하고도 아르바이트하면서 돈 버는 일에 몰두했고요. 그러나 사랑을 잃은 지금은 아무 소용이 없는 일이 되어버렸네요.	N	2022-09-06 09:42:40	2022-11-08 05:14:09
BE22017241	4	1	저도 가까이에서 감정화자님을 보면서 조마조마했어요, 너무 힘들어 보였거든요. 전보다 살도 많이 빠지시고, 항상 피곤해 보이셨어요. 아르바이트까지 하시는 줄은 몰랐는데, 얼마나 힘드셨을까요.	N	2022-09-06 09:42:40	2022-11-08 05:14:09
BE22017241	5	0	아내와 함께 살 보금자리를 마련할 희망에 정말 하나도 힘들지 않았어요. 몸은 바빠도 오히려 즐거웠는데, 지금은 어떤 일도 하고 싶지 않을 정도로 무기력하네요, 세상이 저를 버린 것만 같아요.	N	2022-09-06 09:42:40	2022-11-08 05:14:09
BE22017241	6	1	제가 감히 감정화자님의 아픔을 다 이해한다고 말할 수는 없지만, 혹시 건강을 해치실까 무척 걱정되네요. 천천히 마음을 좀 추슬러보시면 어떨까요.	N	2022-09-06 09:42:40	2022-11-08 05:14:09
BE22017241	7	0	처음에는 이혼하자는 아내가 미웠는데, 지금 생각해 보면 다 제 잘못인 것 같아서 마음이 아파요. 저 같은 사람은 앞으로 또 누군가를 만나게 되더라도 상처만 줄 것 같아요.	N	2022-09-06 09:42:40	2022-11-08 05:14:09
BE22017241	8	1	인제 와서 원인을 생각해봐야 무슨 의미가 있겠어요, 마음만 더 아프죠. 이제는 잊으셔야 해요, 감정화자님은 누구보다 성실하시고 다정한 분이시니 머지않아 또 새로운 인연도 만나게 되실 거예요. 그때까지 용기 내서 열심히 살아보자고요.	N	2022-09-06 09:42:40	2022-11-08 05:14:09
BE22017241	9	0	제가 그럴 자격이 있을까요, 저도 훌훌 털어버리고 싶긴 한데 아직은 자신이 없어요. 모든 일에 움츠러들기만 해요.	N	2022-09-06 09:42:40	2022-11-08 05:14:09
BE22017241	10	1	이혼하셨다고 감정화자님의 인생이 끝나는 건 아니잖아요, 아직도 이렇게 젊으신데 새로운 삶을 살아가셔야죠. 평생을 함께할 인연이 아니었다면 언젠가는 헤어지셨을 거예요. 이런 모습을 보신다면 부모님이 얼마나 속상하시겠어요, 가족들을 생각해서라도 이제부터는 마음의 정리를 하셔야 해요.	N	2022-09-06 09:42:40	2022-11-08 05:14:09
BE22017241	11	0	공감화자님의 말을 들으니 온종일 제 걱정에 식사도 제대로 못 하고 계실 부모님께 죄송한 생각이 들어요. 그분들을 위해서라도 이제부터는 정신 차리고 살아보고 싶네요. 앞으로는 자랑스러운 아들이 되고 싶어요.	N	2022-09-06 09:42:40	2022-11-08 05:14:09
BE22017241	12	1	지금이 바로 감정화자님이 일에 몰두하실 시간이에요, 정신없이 일하시다 보면 기분도 조금씩 나아질 거고요. 처음부터 새롭게 다시 시작하신다고 생각하시고 지나간 일은 잊으세요. 시간이 흐르면 더 좋은 인연도 만나실 거예요.	N	2022-09-06 09:42:40	2022-11-08 05:14:09
BE22017241	13	0	오늘 저에게 따뜻한 위로를 해주셔서 너무 감사드려요. 덕분에 다시 잘 살아가고 싶다는 희망과 용기가 생겼어요. 지나간 시간은 잊고 앞으로는 더 열심히 살아보겠습니다, 꼭 지켜봐 주세요!	N	2022-09-06 09:42:40	2022-11-08 05:14:09
BE22017241	14	1	인생은 생각보다 길답니다, 세월이 흐르면 오늘의 아픔도 다 잊힐 거예요. 감정화자님은 분명히 잘 해내실 거예요, 저도 항상 옆에서 응원하겠습니다, 힘내세요!	Y	2022-09-06 09:42:40	2022-11-08 05:14:09
