id	utterance_id	utterance_type	utterance_text	terminate	regDate	updDate
BE22006719	1	0	미안해요, 오늘 연차를 좀 써야 할 것 같아요.	N	2022-07-07 02:08:26	2022-11-08 04:07:44
BE22006719	2	1	물론 괜찮아요. 그런데 이렇게 갑자기 연차를 쓴 적은 없어서 무슨 일이라도 있는 것 같아 걱정되네요.	N	2022-07-07 02:08:26	2022-11-08 04:07:44
BE22006719	3	0	어떻게 받아들일지 모르겠지만, 저희 집 강아지가 사라졌어요. 강아지를 얼른 찾아야 할 것 같아서요.	N	2022-07-07 02:08:26	2022-11-08 04:07:44
BE22006719	4	1	저런, 너무 놀랐겠다. 괜찮아요? 저에게도 보여주면서 자랑했던 소중한 강아지잖아요. 충분히 이해하고 공감해요.	N	2022-07-07 02:08:26	2022-11-08 04:07:44
BE22006719	5	0	어젯밤에 강아지가 당연히 자는 줄 알고 환기도 시킬 겸 잠깐 문을 열어뒀어요. 그리고 씻고 나왔는데 강아지가 사라진 거예요. 너무 놀라서 밤새 정신 나간 사람처럼 찾아다녔는데, 결국 못 찾았어요.	N	2022-07-07 02:08:26	2022-11-08 04:07:44
BE22006719	6	1	세상에, 너무 마음이 안 좋을 것 같아요. 내가 문을 열어둬서 강아지가 나갔다고 자책하고 있는 건 아니죠? 절대 그렇지 않으니까 스스로를 탓하지 말아요.	N	2022-07-07 02:08:26	2022-11-08 04:07:44
BE22006719	7	0	이런 얘길 했더니 누군가는 그깟 강아지 알아서 집에 돌아올 거라고 하더라고요. 그렇지만 저에게는 진짜 자식처럼 소중한 아이인걸요. 바깥에서 벌벌 떨면서 헤매고 있을 걸 생각하면 눈물밖에 안 나요.	N	2022-07-07 02:08:26	2022-11-08 04:07:44
BE22006719	8	1	다른 사람에게 소중한 것에 대해서 함부로 말하는 사람들의 이야기엔 귀 기울이지 말아요. 그런 이야기까지 듣다니 얼마나 마음이 아팠을까, 전해 듣는 내 마음이 더 안 좋네요.	N	2022-07-07 02:08:26	2022-11-08 04:07:44
BE22006719	9	0	그렇게 말해주고 이해해줘서 고마워요. 그래서 강아지 실종 전단지를 만들어서 계속 붙이러 다니고 있는 중이에요. 오늘도 못 찾으면 어떡하나 하는 마음뿐이에요.	N	2022-07-07 02:08:26	2022-11-08 04:07:44
BE22006719	10	1	에고, 내가 도와줄 게 있으면 얼마든지 편하게 이야기 해줘요. 나도 저번에 강아지를 잃어버린 적이 있어서 마음이 먹먹하고 찢어질 것 같은 기분, 너무 이해해요.	N	2022-07-07 02:08:26	2022-11-08 04:07:44
BE22006719	11	0	맞아요. 정말, 그냥 주저앉아서 울고만 싶은데, 그랬다가는 영영 이 아이를 못 찾게 될까봐 무섭고 걱정돼요. 공감화자씨는 잃어버린 강아지를 찾았어요?	N	2022-07-07 02:08:26	2022-11-08 04:07:44
BE22006719	12	1	저도 그때 여기저기 전단지 만들어서 붙이고, 앞으로 영영 못 볼까봐 좌절했어요. 하지만 독하게 마음먹고 찾을 수 있다고 생각하면서 끝까지 포기하지 않았어요. 다행히 이틀 뒤에 같이 산책하던 길 주변에서 찾았어요.	N	2022-07-07 02:08:26	2022-11-08 04:07:44
BE22006719	13	0	정말요? 저희 집 강아지도 오늘이 이틀째라서 너무 늦은 거 같아서 더 눈물이 났거든요. 근데 그 말을 들으니까 찾을 수 있을 것 같은 희망에 조금 마음이 놓이네요.	N	2022-07-07 02:08:26	2022-11-08 04:07:44
BE22006719	14	1	반드시 찾을 수 있을 거니까 안 좋은 생각은 내려놓아요. 냄새로 찾아올 수도 있으니까 강아지 흔적이 있는 물건들도 같이 가지고 다녀보고요. 업무적인 부분은 걱정하지 말고, 오늘 하루는 강아지 찾는 데에 전념하도록 해요.	N	2022-07-07 02:08:26	2022-11-08 04:07:44
BE22006719	15	0	고마워요, 찾으면 꼭 연락할게요.	Y	2022-07-07 02:08:26	2022-11-08 04:07:44
