id	utterance_id	utterance_type	utterance_text	terminate	regDate	updDate
BE22004871	1	0	요즘 내가 좋아하는 일본 배우가 악플에 시달리는 모습을 보니까 너무 슬퍼.	N	2022-06-28 16:08:04	2022-11-08 03:55:43
BE22004871	2	1	정말? 네가 좋아하는 사람이 안 좋은 일을 겪고 있다니 마음이 많이 안 좋겠다. 그 배우는 왜 악플을 받고 있어?	N	2022-06-28 16:08:04	2022-11-08 03:55:43
BE22004871	3	0	이유도 정말 터무니없어. 단지 재일교포 어머니를 뒀다는 이유로 일본인들이 악플을 다는 것 같아. 보는 나로서는 너무 괴롭고 내가 좋아하는 사람이 힘들어하는 게 정말 슬퍼.	N	2022-06-28 16:08:04	2022-11-08 03:55:43
BE22004871	4	1	단순히 한국인의 피가 섞였다고 해서 악플 세례를 퍼붓는 것은 정말 바람직하지 않은 것 같아. 사람들의 잘못된 행태에 상처받았을 일본 배우를 생각하면서 네가 정말 마음이 아팠겠다.	N	2022-06-28 16:08:04	2022-11-08 03:55:43
BE22004871	5	0	많은 사람들이 자신이 싫어한다는 이유로 악플을 달잖아. 대체 왜 죄 없는 사람에게 악플을 쏟아내는지 모르겠어. 정말 비윤리적인 행위인 것 같아서 환멸이 나고 우울해.	N	2022-06-28 16:08:04	2022-11-08 03:55:43
BE22004871	6	1	나도 동감해. 악플이라는 것은 한 사람의 인격을 무시하는 거나 마찬가지잖아. 게다가 얼굴도 모르는 사람에게 비난을 받으니 그 배우가 얼마나 힘들겠어.	N	2022-06-28 16:08:04	2022-11-08 03:55:43
BE22004871	7	0	그 배우를 위해서 내가 해줄 수 있는 일이 없을까? 지금 너무 우울해서 뭐라도 행동을 해야겠어.	N	2022-06-28 16:08:04	2022-11-08 03:55:43
BE22004871	8	1	그 일본 배우의 악플을 캡처해서 그 캡처한 것을 소속사에게 보내는 것이 어때?요즘 소속사들이 팬들의 신고를 받고 악플에 대한 대처를 빠르게 하고 있다고 들었어.그렇게하면 조금이라도 도움이 되지 않을까?	N	2022-06-28 16:08:04	2022-11-08 03:55:43
BE22004871	9	0	네 말을 들으니 그렇게 하는 것이 좋을 것 같아. 왜 그렇게 할 생각을 하지 못했지? 내가 그 배우를 위해 해줄 수 있는 게 있어서 너무 다행이야.	N	2022-06-28 16:08:04	2022-11-08 03:55:44
BE22004871	10	1	너의 작은 행동이 그 배우에게 도움을 줄 수 있을 거야. 악플로 괴로워하는 배우에게 너의 조그마한 도움이 얼마나 크게 느껴지겠니?	N	2022-06-28 16:08:04	2022-11-08 03:55:44
BE22004871	11	0	네 말대로 그렇게 실천을 해봐야겠어. 그냥 괴로워하기만 했었는데 내가 직접 실천함으로써 그 배우에게 도움이 되고 싶어.	N	2022-06-28 16:08:04	2022-11-08 03:55:44
BE22004871	12	1	너는 분명 그 배우에게 도움이 될 수 있을 거야. 그리고 너의 응원 하나하나가 그 배우의 원동력이 될 수 있을거야. 너처럼 따뜻하고 배려심 있는 사람들이 늘어날수록 이 사회가 바람직한 방향으로 흘러갈 거야.	N	2022-06-28 16:08:04	2022-11-08 03:55:44
BE22004871	13	0	그렇게 말해주니 너무 고마워. 네 덕분에 안 좋았던 기분이 조금 풀리는 것 같아.	N	2022-06-28 16:08:04	2022-11-08 03:55:44
BE22004871	14	1	그랬다니 정말 다행이야. 너에게 내 조언이 도움이 된 것처럼 너도 그 배우에게 도움이 되길 바라.	N	2022-06-28 16:08:04	2022-11-08 03:55:44
BE22004871	15	0	너의 일처럼 같이 공감해주고 조언해주어서 너무 고마워. 네 말이 내게 정말 큰 도움이 됐어.	Y	2022-06-28 16:08:04	2022-11-08 03:55:44
