id	utterance_id	utterance_type	utterance_text	terminate	regDate	updDate
BE22009046	1	0	공감화자씨, 오늘 함께하기로 했던 약속 지키지 못할 것 같아요. 갑작스럽게 죄송해요, 제가 도저히 기운이 나지 않아서요.	N	2022-07-15 04:30:47	2022-11-08 04:22:34
BE22009046	2	1	아니에요, 뭔가 사정이 있으시겠죠, 괜찮으시면 무슨 일인지 제게 알려주실 수 있을까요? 걱정이 되어서요.	N	2022-07-15 04:30:47	2022-11-08 04:22:34
BE22009046	3	0	어제 기르던 개를 결국 안락사시켰어요. 수의사 선생님이 아이가 많이 아플 거라고, 보내주는 게 맞는 거라고 하셔서 떠나보냈어요. 제 가슴 한쪽을 통째로 뜯어낸 듯한 슬픔이에요.	N	2022-07-15 04:30:47	2022-11-08 04:22:35
BE22009046	4	1	저도 작년에 반려견과 이별을 해봐서 어떤 감정인지 충분히 알아요. 말만 들어도 가슴이 미어지는데 감정화자씨는 그 슬픔이 얼마나 클까요. 정말 유감이에요.	N	2022-07-15 04:30:47	2022-11-08 04:22:35
BE22009046	5	0	자꾸 제가 해주지 못한 것만 생각이 나요. 더 함께 있어 줄걸 혼자 말도 못 하고 얼마나 아팠을까, 생각이 나서 아무것도 할 수가 없어요. 제가 이렇게 눈물이 많은 사람인 줄 몰랐어요.	N	2022-07-15 04:30:47	2022-11-08 04:22:35
BE22009046	6	1	가족과 이별을 한 것이나 마찬가지인데, 당연히 당분간 아무것도 보이지 않을 거예요. 너무 힘드시겠지만, 억지로 이겨내려고 하지 않으셨으면 좋겠어요. 애써 이겨낸 슬픔이 감정화자씨께 또 다른 마음의 병으로 다가올까 걱정이 되네요.	N	2022-07-15 04:30:47	2022-11-08 04:22:35
BE22009046	7	0	제가 세심하게 돌보지 못한 탓 같아요. 조금만 더 일찍 아픈 걸 눈치를 챘다면, 아직 제 곁에 있을 수도 있는 거잖아요.	N	2022-07-15 04:30:47	2022-11-08 04:22:35
BE22009046	8	1	감정화자씨가 얼마나 반려견을 사랑했는지 느껴지네요. 그렇지만 노화로 인한 병이라 감정화자씨 탓이 아니에요, 자신의 잘못으로 돌리기 시작하면 더 마음이 힘드실 거예요. 감정화자씨의 반려견도 주인의 사랑을 흡족히 받았다고 느낄 거예요.	N	2022-07-15 04:30:47	2022-11-08 04:22:35
BE22009046	9	0	저도 알고 있어요, 그렇지만 자꾸 제가 못 해준 것만 생각이 나요. 데이트 간다고 집에 두고 나간 것, 피곤하다고 산책을 거른 날. 얼마나 제가 미웠을까 스스로 질책하게 되어요.	N	2022-07-15 04:30:47	2022-11-08 04:22:35
BE22009046	10	1	후회스러운 마음까지 드는 건 오히려 감정화자씨가 좋은 주인이었기 때문에 드는 감정이에요. 하지만 잘 떠올려 보시면, 아이의 활짝 웃는 모습이 더 선명하지 않으신가요?	N	2022-07-15 04:30:47	2022-11-08 04:22:35
BE22009046	11	0	네. 제 기억 속의 우리 강아지는 늘 웃고 있어요. 핸드폰 속 사진들도 모두 참 행복하게 웃는 모습이에요.	N	2022-07-15 04:30:47	2022-11-08 04:22:35
BE22009046	12	1	그렇게 좋은 추억으로만 떠나갔을 거예요. 저도 이렇게 감정화자씨의 사랑이 느껴지는데, 아무리 말 못 하는 강아지라도 다 알고 있었을 거예요.	N	2022-07-15 04:30:47	2022-11-08 04:22:35
BE22009046	13	0	혼자 쓸쓸하게 간 게 아니라, 행복한 추억을 안고 갔다고 생각하니 위안이 되는 것 같아요.	N	2022-07-15 04:30:47	2022-11-08 04:22:35
BE22009046	14	1	네, 시간이 걸리겠지만, 너무 오래 슬픔에 잠식되지 않으셨음 좋겠어요. 별나라에 간 강아지도 그걸 원치 않을 거예요. 눈물이 날 땐 언제든 절 찾아주세요, 같이 슬픔을 나눠 털어내요.	N	2022-07-15 04:30:47	2022-11-08 04:22:35
BE22009046	15	0	그저 막막하고 눈물만 났는데 공감화자씨랑 이야기하다 보니 어느덧 희미한 추억의 미소를 띠게 되네요. 슬픔을 이겨 낼 자신이 조금 생겼어요. 제게 의지가 되어주셔서 감사해요.	Y	2022-07-15 04:30:47	2022-11-08 04:22:35
