id	utterance_id	utterance_type	utterance_text	terminate	regDate	updDate
BE22018708	1	0	공감화자님, 우리 택배 분류 작업 부서에서는 종종 택배가 분실되는 것 같아요. 이런 실수가 없어야 하는데 사람이 하는 일이니까 완벽할 수는 없잖아요. 어제도 분실 사건이 일어났는데 부장님께서 저희를 다그치며 한소리를 하셔서 무척 슬펐어요.	N	2022-09-18 05:06:37	2022-11-08 05:23:01
BE22018708	2	1	많이 힘드셨겠어요, 그게 감정화자님이 혼자서 한 실수도 아니잖아요. 분실한 것인지 아예 접수가 안 된 것인지 모르는 일인데 화부터 내시다니 정말 너무하시네요. 그런 일로 또 속상하셨을 감정화자님이 안타까워 힘을 내시기 바라는 마음뿐이에요.	N	2022-09-18 05:06:37	2022-11-08 05:23:01
BE22018708	3	0	그렇게 말씀해주시다니 감사해요. 부장님께서 그렇게 한소리를 하신 후에는 우리 부서 직원들 사기가 다 떨어졌죠. 요즘은 추석이 다가와서 택배 물량도 많은데 지친 상황에서 기운까지 빠졌어요.	N	2022-09-18 05:06:37	2022-11-08 05:23:01
BE22018708	4	1	그렇군요, 그런 사정을 듣고 나니까 부장님이 왜 그렇게 이야기를 하신 것인지 정말 속상하네요. 지금 타이밍에서는 감정화자님의 기운을 살려줘도 힘을 내기 어려운 시기잖아요. 그런데도 이렇게 속상하셨을 감정화자님은 되레 동료들부터 생각하시고 정말 배려 있으세요.	N	2022-09-18 05:06:37	2022-11-08 05:23:01
BE22018708	5	0	지금은 저도 같이 기운 빠진 상태라서 정작 도움은 못 되고 있는걸요. 그냥 동료들의 슬픔을 같이 공감하고 느끼고 있는 거죠. 우선은 무엇보다도 택배가 분실되는 이유를 파악하는 게 급선무라고 생각해요.	N	2022-09-18 05:06:37	2022-11-08 05:23:01
BE22018708	6	1	그렇죠, 역시 이러한 위기 속에서도 감정화자님은 문제점을 파악해서 해결하려고 노력하시네요. 다른 사람들이 지쳐 있더라도 감정화자님만은 더욱더 해결하려 노력하시는 모습이라 정말 대단하세요. 감정화자님 같은 분이 계셔서 우리 회사가 발전할 수 있다는 생각이 들어요.	N	2022-09-18 05:06:37	2022-11-08 05:23:01
BE22018708	7	0	그렇게 말씀해 주셔서 감사해요, 저도 요즘은 매일 슬픔의 연속이긴 했어요. 택배 분류 작업이 너무 힘들고 밀려오는 택배가 감당하기 힘들었거든요.	N	2022-09-18 05:06:37	2022-09-18 05:06:37
BE22018708	8	1	당연하죠, 얼마나 체력적으로 힘드시겠어요. 그런데 부장님께 한소리는 듣고 심적으로도 힘드셨을 것 같아서 제가 너무 안타까웠어요. 그런데도 같은 부서의 직원들을 챙기시는 모습 정말 멋지세요.	N	2022-09-18 05:06:37	2022-11-08 05:23:01
BE22018708	9	0	그렇게 생각해주시는 공감화자님 같은 분이 제 곁에 계셔서 제가 힘을 낼 수 있는 거죠. 오늘은 너무 지치고 견뎌내기에는 힘든 날이었는데 공감화자님의 위로 덕분에 제 슬픔이 많이 진정되었네요.	N	2022-09-18 05:06:37	2022-11-08 05:23:01
BE22018708	10	1	그렇다면 정말 다행이네요. 제가 감정화자님과 다른 부서에 있어서 사정은 잘 모르지만, 문자만 읽어도 슬픈 하루를 견디셨더라고요. 그래서 최대한 감정화자님께 힘을 드리고 싶다는 생각만 했어요.	N	2022-09-18 05:06:37	2022-11-08 05:23:02
BE22018708	11	0	그런 공감화자님의 진심이 저에게 잘 전달되었어요, 이게 바로 진심이 통한다는 것이란 걸 알게 되었죠. 저를 생각해 주시고 위로해 주시는 메시지들이 저에게는 큰 힘이 돼요.	N	2022-09-18 05:06:37	2022-09-18 05:06:37
BE22018708	12	1	분실 택배가 많아서 본인도 속상하셨을 텐데 상사에게 깨지는 건 여간 견디기 어려우셨을 것 같아요. 버티고 계신 것만 해도 대단한 이 상황 속에서 동료들의 슬픔도 생각하시고. 해결 방안까지 생각하시는 감정화자님이 대단할 뿐이에요.	N	2022-09-18 05:06:37	2022-11-08 05:23:02
BE22018708	13	0	저를 항상 좋게 봐주시는 공감화자님이 계셔서 제가 더 힘을 낼 수 있는 거죠. 우선 이번 일이 궁극적으로 해결되려면 많은 시간이 필요하겠죠. 그래도 참고 견딜 수 있는 건 공감화자님이 저에게 힘을 주셔서 제가 용기가 생겼기 때문이에요.	N	2022-09-18 05:06:37	2022-09-18 05:06:37
BE22018708	14	1	감정화자님처럼 그렇게 마음먹기가 쉽지 않잖아요, 제가 힘을 드렸다고 해도 그 용기를 내신 것은 감정화자님이세요. 그러니까 택배가 분실되는 상황에서도 슬픔을 극복하고 해결하려는 그 의지가 대단하신 거죠.	N	2022-09-18 05:06:37	2022-11-08 05:23:02
BE22018708	15	0	정말 감사해요. 오늘도 전 업무 중에 너무 극심한 스트레스를 받고 또 공감화자님에게 도움을 받았어요. 제가 업무로 힘들고 슬플 때마다 힘을 주시는 공감화자님이 계셔서 정말 감사해요.	Y	2022-09-18 05:06:37	2022-11-08 05:23:02
