id	utterance_id	utterance_type	utterance_text	terminate	regDate	updDate
BE22000963	1	0	대리님, 이번 주말에 뭐하세요? 전 주말에도 쓸쓸할 것 같아 슬퍼요.	N	2022-06-14 00:47:11	2022-11-08 03:30:33
BE22000963	2	1	특별한 약속은 없어요. 감정화자씨 데이트 안 해요?	N	2022-06-14 00:47:11	2022-11-08 03:30:33
BE22000963	3	0	애인이 이번 주말에도 사회인 야구 경기 있다고 해서 못 만날 것 같아요. 만나도 늦게 만날 것 같고요.	N	2022-06-14 00:47:11	2022-11-08 03:30:33
BE22000963	4	1	그렇군요. 주말마다 엄청 바쁘신 느낌이네요. 데이트할 시간이 너무 없는 건 아니예요?	N	2022-06-14 00:47:11	2022-11-08 03:30:33
BE22000963	5	0	네, 애인이 취미가 많아서 야구팀도 두 개나 있고 자전거도 타러 다니고 처음엔 나랑 달라서 멋있어 보였는데 요즘은 좀 외롭긴 한 것 같아요.	N	2022-06-14 00:47:11	2022-11-08 03:30:33
BE22000963	6	1	감정화자씨가 외로울 만해요. 사회인 야구는 같이 할 수 없는 취미지만 자전거 타는 건 같이 할 수 있지 않아요?	N	2022-06-14 00:47:11	2022-11-08 03:30:33
BE22000963	7	0	 자전거는 몇 번 같이 탔는데 내가 혼자인 시간이 많더라고요. 계속 애인만 기다리게 되고요.	N	2022-06-14 00:47:11	2022-11-08 03:30:33
BE22000963	8	1	감정화자씨도 자신만의 취미를 찾아보는 게 어떨까요? 말만 들어도 감정화자씨가 너무 외로울 것 같아요.	N	2022-06-14 00:47:11	2022-11-08 03:30:33
BE22000963	9	0	그러게요. 안 생각은 하고 있었는데 김 대리님 말을 들으니까 그래야 할 것 같네요.	N	2022-06-14 00:47:11	2022-11-08 03:30:33
BE22000963	10	1	좋은 생각이에요 자신만의 취미를 찾아서 바쁘게 살아보아요. 생각해 본 건 있어요?	N	2022-06-14 00:47:11	2022-11-08 03:30:33
BE22000963	11	0	일단 최근까지 쳤던 피아노를 다시 시작할 수 있을 것 같아요. 그리고 독서 동호회에 가입하면 의무적으로라도 책을 읽게 되겠지요?	N	2022-06-14 00:47:11	2022-11-08 03:30:33
BE22000963	12	1	모두 성취감도 느낄 수 있는 좋은 취미들인 것 같아요. 곧 취미 부자가 되겠는걸요.	N	2022-06-14 00:47:11	2022-11-08 03:30:33
BE22000963	13	0	내가 원하는 게 그거예요. 취미 부자가 되어서 외로움에서도 벗어나고 성취감을 얻고 싶어요.	N	2022-06-14 00:47:11	2022-11-08 03:30:33
BE22000963	14	1	충분히 할 수 있을 것 같아요. 이러다가 애인이 외로워지는 거 아니예요?	N	2022-06-14 00:47:11	2022-11-08 03:30:33
BE22000963	15	0	그렇게 되면 좋겠어요. 그땐 제가 큰소리칠 거예요.	Y	2022-06-14 00:47:11	2022-11-08 03:30:33
