id	utterance_id	utterance_type	utterance_text	terminate	regDate	updDate
BE22018062	1	0	제가 보증을 잘못 서서 우리 집이 망했다는 게 아직도 믿기지 않아요. 큰돈을 잃게 되어 절망감에 빠졌고, 슬픔에서 헤어 나올 수 없어요.	N	2022-09-14 00:58:52	2022-09-14 00:58:52
BE22018062	2	1	그런 일을 겪으셨으니 눈물만 나실 것 같아요. 그 힘든 마음 제가 감히 헤아릴 순 없겠지만, 진심으로 그 힘들 마음을 이해해요.	N	2022-09-14 00:58:52	2022-11-08 05:19:09
BE22018062	3	0	제 삶이 끝난 것같이 슬프고 괴로워요. 매일 밤 눈물이 나서 잠이 오질 않아요. 저에게 돈을 갚지 않은 그 친구가 원망스러워요.	N	2022-09-14 00:58:52	2022-11-08 05:19:09
BE22018062	4	1	믿고 보증을 서준 건데, 그 결과가 배신이라는 게 정말 고통스럽고 받아들이기 힘드실 것 같아요. 그 친구가 정말 큰 잘못을 저질렀다는 생각이 들어요. 혼자 감당하기 너무 힘든 일을 겪고 계신 것 같아요.	N	2022-09-14 00:58:52	2022-11-08 05:19:09
BE22018062	5	0	맞아요. 이 사실을 알게 된 아내의 그 실망스럽고 절망스러운 표정이 잊히질 않아요. 아내와 아이에게 미안한 마음에 눈물만 나네요.	N	2022-09-14 00:58:52	2022-09-14 00:58:52
BE22018062	6	1	결과는 정말 안 좋았지만, 아내 분과 함께 다시 집안을 일으키실 수 있을 거예요. 서로 열심히 일하고 계시잖아요. 금방 회복하실 수 있을 테니 너무 고통스러워하지 않으시길 바랄 뿐이에요.	N	2022-09-14 00:58:52	2022-11-08 05:19:09
BE22018062	7	0	내년이면 아이가 대학교에 들어가요. 이런 상황에서 제가 학비를 감당할 수 있을지나 모르겠네요. 아이가 저를 원망하진 않을까요?	N	2022-09-14 00:58:52	2022-09-14 00:58:52
BE22018062	8	1	정말 착하고 마음이 따뜻한 자녀를 두셨잖아요. 성숙하고 성실한 자녀이니 분명 상황을 이해해 줄 거예요. 요즘은 대학생들도 직접 학비를 벌기도 하니까, 희망을 잃지 않으셨으면 해요.	N	2022-09-14 00:58:52	2022-11-08 05:19:09
BE22018062	9	0	가진 모든 돈을 잃었는데, 다시 일어설 자신이 없어요. 살고 싶지 않은 마음이 들어요.	N	2022-09-14 00:58:52	2022-09-14 00:58:52
BE22018062	10	1	아무리 힘드셔도 삶을 포기하는 생각은 하지 않으셨으면 해요. 지금까지 잘해오셨잖아요. 비록 큰 고통을 겪으시고 있지만, 언젠가 모든 게 좋아지는 날이 올 거라 믿어요.	N	2022-09-14 00:58:52	2022-11-08 05:19:09
BE22018062	11	0	예전엔 작은 일에도 하하 호호 웃던 시절이 있었는데, 요즘엔 얼굴에 그늘이 생겼어요. 밥도 못 먹어서 핼쑥해지고, 거울을 봐도 저 자신이 정말 어두워 보여요.	N	2022-09-14 00:58:52	2022-11-08 05:19:09
BE22018062	12	1	평소에 워낙 성실하시고, 밝은 분이셨잖아요. 다시 그렇게 웃으실 수 있는 날이 분명 올 거예요. 항상 밝고, 모든 일에 최선을 다하는 당신이라면 분명히 괴로움도 극복하실 수 있을 거예요.	N	2022-09-14 00:58:52	2022-11-08 05:19:09
BE22018062	13	0	그렇게 말해주니 고마워요. 든든한 사람의 위로를 받으니 기운이 조금 나네요. 공감화자씨는 항상 저에게 든든하고, 진실한 친구 같은 동료예요.	N	2022-09-14 00:58:52	2022-11-08 05:19:09
BE22018062	14	1	제가 감정화자씨를 소중하게 생각하고 있기 때문이에요. 우리가 밖에서 만났다면 진짜 친구가 되었을 거예요. 언제나 힘들 때면 저에게 이야기하셔도 좋아요.	N	2022-09-14 00:58:52	2022-11-08 05:19:09
BE22018062	15	0	가족들에게도 못하는 이야기인데, 들어줘서 정말 고마워요. 공감화자씨 말대로 저 힘내고 기운 내볼게요. 그럼 내일 회사에서 봬요.	Y	2022-09-14 00:58:52	2022-09-14 00:58:52
