id	utterance_id	utterance_type	utterance_text	terminate	regDate	updDate
BE22018845	1	0	공감화자님 오늘은 저 먼저 식사하러 왔어요. 오늘 구내식당 반찬은 탕수육이네요. 탕수육을 보면 저는 울컥해진답니다.	N	2022-09-19 05:42:18	2022-11-08 05:23:48
BE22018845	2	1	늘 밝은 감정화자님이 슬플 때도 있으시네요? 탕수육을 보고 슬프다니, 무슨 일이 있으신지 걱정돼요.	N	2022-09-19 05:42:18	2022-11-08 05:23:49
BE22018845	3	0	네, 어머니는 저 때문에 새벽부터 밤늦게까지 일하시거든요. 제가 직장 들어간 지금까지도 밤까지 탕수육 전문점에서 일하고 계셔요. 어머니를 생각하면 눈물이 나요.	N	2022-09-19 05:42:18	2022-11-08 05:23:49
BE22018845	4	1	그런 사연이 있었군요. 늘 회사에서 활기차고 밝은 모습이라, 정말 알지 못했어요. 저도 마음 한쪽이 슬퍼져요.	N	2022-09-19 05:42:18	2022-11-08 05:23:49
BE22018845	5	0	밤새 탕수육 반죽을 만들고, 기름에 튀기는 걸 반복하다 보니 어머니의 손은 너무나도 투박하고 거칠어졌어요. 상처로 얼룩덜룩해진 어머니의 손을 보면 가슴이 아프고 슬퍼져요.	N	2022-09-19 05:42:18	2022-11-08 05:23:49
BE22018845	6	1	아픈 기억이 있어도 아무도 모를 정도로 밝으시잖아요. 어머니께서 감정화자님을 정말 사랑으로 지금까지 키워 오셨나 봐요. 그래서 감정화자님이 이렇게 사랑받고 남들에게 돌려줄 수 있는, 밝고 멋진 분이 되었고요.	N	2022-09-19 05:42:18	2022-11-08 05:23:49
BE22018845	7	0	감사합니다. 새벽에도 밤에도 술 마시는 사람들 상대하고 요리하는 고된 일 하는 걸 생각하면, 가슴이 미어져요. 매일 아이고 허리야 손이야 말하면서도 아프냐고 물어보면 안 아프다고 하고요. 병원 가자고 하면 가지도 않아요.	N	2022-09-19 05:42:18	2022-09-19 05:42:18
BE22018845	8	1	어머니들은 자식들이 본인 걱정할까 봐 신경을 많이 쓰시잖아요. 감정화자님이 어머니를 이렇게 많이 신경 쓰고 있다는 것을 어머니께서도 분명 알고 계실 거예요. 너무 가슴 아파하지 마세요.	N	2022-09-19 05:42:18	2022-11-08 05:23:49
BE22018845	9	0	하지만 너무 속상해요. 제가 이렇게 번듯하게 직장을 잡고 일하고 있는데도 일을 그만두지 않으시니까요. 왜 어머니들은 자식만 바라보고 사시는 건지 자기 삶은 안중에도 없는 건지 너무 슬퍼요.	N	2022-09-19 05:42:18	2022-11-08 05:23:49
BE22018845	10	1	감정화자님은 어머니가 가장 사랑하는 사람이자, 가장 자랑인 분이니까요. 이제 어머니께 받은 사랑을, 다시 어머니께 드릴 때가 되었다고 생각해보면 어때요?	N	2022-09-19 05:42:18	2022-11-08 05:23:49
BE22018845	11	0	그런가요? 어머니의 희생이 너무 커서, 늘 마음이 아파요. 제가 뭘 해도 죄송스럽기만 하고요.	N	2022-09-19 05:42:18	2022-11-08 05:23:49
BE22018845	12	1	아니에요. 감정화자님은 충분히 지금까지 잘해오셨고 너무 열심히 사셨어요. 이제 회사도 다니니까 그동안 얻은 사랑을 적극적으로 표현해봐요. 사랑은 말을 하지 않으면 모르더라고요.	N	2022-09-19 05:42:18	2022-11-08 05:23:49
BE22018845	13	0	그렇네요. 생각해보니 공감화자님께 이렇게 얘기를 해도, 막상 앞에서 사랑한다는 표현은 쑥스러워서 잘 못 한 것 같아요.	N	2022-09-19 05:42:18	2022-11-08 05:23:49
BE22018845	14	1	회사에 다니며 돈을 벌고, 어머니께 좋은 선물을 사드리는 것도 좋지요. 하지만 어머니께서 가장 행복해하시는 건, 감정화자님의 성실함이 직장에서 빛을 발하는 거예요. 그리고 어머니와 함께 행복한 시간을 보내고요.	N	2022-09-19 05:42:18	2022-11-08 05:23:49
BE22018845	15	0	그렇네요, 이제 정말로 표현할 날만 남은 것 같네요. 앞으로의 날을 어머니와 행복하게 보내봐야겠어요. 얘기 들어주셔서 너무 감사드려요.	N	2022-09-19 05:42:18	2022-11-08 05:23:49
BE22018845	16	1	아닙니다. 저도 감정화자님의 얘기를 들을 수 있어서 좋았답니다. 다음에 또 연락해요!	Y	2022-09-19 05:42:18	2022-11-08 05:23:49
