id	utterance_id	utterance_type	utterance_text	terminate	regDate	updDate
BE22017204	1	0	갑자기 모습을 바꾸니 사람들이 무슨 일 있냐고 계속 묻는 거예요. 가뜩이나 슬픈 마음으로 가득한데, 너무 귀찮은 거 있죠.	N	2022-09-06 06:22:53	2022-11-08 05:13:56
BE22017204	2	1	가뜩이나 마음이 편하지 않은데 일일이 대답해야 한다면, 그럴 수 있죠. 사람들은 감정화자님의 변한 모습이 걱정돼서 그렇게 물을 수 있고요.	N	2022-09-06 06:22:53	2022-11-08 05:13:56
BE22017204	3	0	사실은 하는 일이 잘되지 않아 충동적으로 쇼트커트를 했어요. 처음으로 이렇게 짧게 머리를 자르니 저도 어색하더라고요. 그런데 그게 다 하는 일 때문에 내린 갑작스러운 결정이라 너무 슬프고 우울해요.	N	2022-09-06 06:22:53	2022-11-08 05:13:56
BE22017204	4	1	충동적으로 모습을 바꾸실 정도였다면 마음이 너무 힘드신 것 같은데, 걱정되네요. 일이 잘되지 않으면 마음도 답답하고, 길을 잃고 어디로 가야 할지 몰라 방황하게 되잖아요. 감정화자님께서 슬픈 마음을 거두고 일에 집중하실 수 있으셨으면 좋겠어요.	N	2022-09-06 06:22:53	2022-11-08 05:13:56
BE22017204	5	0	회사 생활 벌써 7년이 넘어가는데 만년 대리로 머무르는 것 같아서요. 이번 진급 시험에서도 또 떨어졌거든요. 부족한 사람인 것 같은 생각이 드니 너무 슬프고, 앞으로 어떻게 회사에 다녀야 할지 막막해요.	N	2022-09-06 06:22:53	2022-11-08 05:13:56
BE22017204	6	1	그러셨군요, 기대하던 시험에서 좋지 않은 결과가 나오면, 실망하는 마음이 크잖아요. 오랜 시간 같은 자리에 머무르면 감정화자님 같은 마음이 들 것 같아요. 저처럼 감정화자님께 도움을 받고, 감사해하는 분이 많으니 너무 슬퍼하지 마세요.	N	2022-09-06 06:22:53	2022-11-08 05:13:56
BE22017204	7	0	공감화자님, 저는 제가 요즘 회사에서 잉여 인간이 되어가는 것 같아요. 자신이 쓸모없는 사람이라고 느끼는 것만큼 슬픈 일이 없잖아요.	N	2022-09-06 06:22:53	2022-11-08 05:13:56
BE22017204	8	1	회사 생활이 길어지면 그런 생각이 들 때가 있잖아요. 매일 같은 일을 하는 사무직이라면 더군다나 더 그렇고요. 감정화자님께서는 더 성취감을 느끼고, 도전하고 싶은 일이 생겼으면 좋겠다는 기대감을 품고 계신 것 같아요.	N	2022-09-06 06:22:53	2022-11-08 05:13:56
BE22017204	9	0	공감화자님 말씀이 맞아요. 그래서 진급 시험에 도전했는데 떨어지고, 중요한 프로젝트 미팅에서 실수도 계속하는 제 모습을 보니 우울해졌어요. 예전에는 의욕도 많고, 능력도 많았는데 자신감이 떨어지니 슬프기만 하고 무기력해지네요.	N	2022-09-06 06:22:53	2022-11-08 05:13:56
BE22017204	10	1	그런 마음으로 회사생활을 하고 계셨으니, 얼마나 힘드셨을까요. 누구에게나 슬럼프가 찾아오게 마련이잖아요. 감정화자님도 그 기간을 지나고 계신 것 같으니 너무 자기 자신을 깎아내리며 힘들어하지 않으셨으면 해요.	N	2022-09-06 06:22:53	2022-11-08 05:13:56
BE22017204	11	0	슬럼프겠죠? 제가 생각해도 이렇게 힘든 시기를 겪었던 적이 없었던 것 같아요. 공감화자님 말씀대로 저에게 조금은 시간을 주고, 이 시기를 잘 보낼 방법을 찾아봐야겠어요. 이렇게 마음을 먹으니 슬프고 우울했던 마음이 풀리는 것 같아요.	N	2022-09-06 06:22:53	2022-11-08 05:13:56
BE22017204	12	1	맞아요, 누구나 그렇게 힘든 시기를 겪을 수 있는 거예요. 그런 시기가 왔다고 자신이 능력이 없거나 필요하지 않은 사람이 되었다는 뜻은 아니거든요.	N	2022-09-06 06:22:53	2022-11-08 05:13:56
BE22017204	13	0	네, 공감화자님과 대화를 나누다 보니, 상황을 제가 너무 비관하고 있었다는 생각이 듭니다. 이런 시기가 온 이유가 다 있겠죠. 그 이유를 찾아보는 시간을 가져봐야겠어요.	N	2022-09-06 06:22:53	2022-11-08 05:13:56
BE22017204	14	1	역시 현명하세요, 감정화자님. 네, 그렇게 천천히 본인에게 시간을 주면서, 생각하다 보면 잘 이겨내실 수 있을 거예요. 그나저나 짧은 머리가 참 잘 어울리세요!	N	2022-09-06 06:22:53	2022-11-08 05:13:56
BE22017204	15	0	감사해요, 공감화자님. 오늘 이렇게 대화 나누지 않았다면, 한동안 많이 힘들었을 것 같아요. 덕분에 마음에 생기가 드는 것 같아요!	Y	2022-09-06 06:22:53	2022-11-08 05:13:56
