id	utterance_id	utterance_type	utterance_text	terminate	regDate	updDate
BE22013266	1	0	나 이제 곧 캐나다로 떠나요. 지금 떠나면 언제 돌아올지 모른다고 생각하니 슬프네요.	N	2022-08-05 09:20:02	2022-08-05 09:20:02
BE22013266	2	1	캐나다에서 산다는 딸 보러 잠깐 가는 거 아니었어요? 언제 올지 모른다니 그게 무슨 소리예요?	N	2022-08-05 09:20:02	2022-08-05 09:20:02
BE22013266	3	0	딸이 초청 이민을 신청해서 이민 가게 됐어요. 근데 기뻐야 할 텐데 제 마음은 반대로 너무 슬퍼요.	N	2022-08-05 09:20:02	2022-11-08 04:49:24
BE22013266	4	1	초청 이민을 신청해도 당첨되기가 하늘의 별 따기라고 하던데 잘된 일 아닌가요? 근데 그게 단순한 일이 아닌가 보네요. 그렇게 슬퍼하시니 제 마음도 몹시 아프네요.	N	2022-08-05 09:20:02	2022-11-08 04:49:24
BE22013266	5	0	당첨된 건 좋은 일이죠. 근데 막상 떠나려고 하니까 이곳에 남겨두고 가는 친구들이 너무 그리울 것 같아요. 벌써 그리움에 목이 메어요.	N	2022-08-05 09:20:02	2022-11-08 04:49:24
BE22013266	6	1	이곳에 그리운 사람들을 남겨두고 떠난다는 게 우리 나이에는 더 힘든 일 아니겠어요. 앞으로 어떻게 지내실지 생각하면 제 마음이 너무 먹먹해지고 아프네요.	N	2022-08-05 09:20:02	2022-11-08 04:49:24
BE22013266	7	0	이곳에서 그동안 많은 정을 나누고 살았는데 이제 그 친구들을 자주 볼 수 없게 됐잖아요. 그런 걸 생각하면 나도 모르게 눈물이 흐르더라고요.	N	2022-08-05 09:20:02	2022-08-05 09:20:02
BE22013266	8	1	정도 많으신데 갑자기 그렇게 뚝 떨어지게 됐으니 마음 한편이 떨어져 나가는 것 같겠죠. 저 같아도 눈물로 밤을 지새울 것 같아요.	N	2022-08-05 09:20:02	2022-11-08 04:49:24
BE22013266	9	0	사실 제가 돈이 많아 싸 들고 가는 형편이 아니거든요. 그러니 거기 가서 자리 잡느라 한국에는 언제 돌아올지 모르겠는 거예요. 그렇게 돌아올 날을 기약할 수가 없어서 더 마음이 아픈 거죠.	N	2022-08-05 09:20:02	2022-08-05 09:20:02
BE22013266	10	1	근데 호기심 많고 잘 웃고 늘 유쾌하게 사시잖아요. 그런 성격 덕분에 캐나다에 가서도 그곳에 적응하면서 재밌게 사실 것 같아요. 그러다 보면 지금 생각하는 것만큼 그렇게 슬픔에 빠져 지내지는 않을 것 같은데요.	N	2022-08-05 09:20:02	2022-11-08 04:49:24
BE22013266	11	0	사실 그곳에서 어떤 일이 벌어질까 궁금해하기도 해요. 어떤 새로운 사람들을 만나게 될까, 내 앞에 무슨 일이 벌어질까 생각하기도 하고요. 그러고 보니 제가 너무 슬픔에만 빠져 있어서 가슴 설레는 일을 외면하고 있었나 보네요.	N	2022-08-05 09:20:02	2022-11-08 04:49:24
BE22013266	12	1	듣기만 해도 저까지 설레게 되는데요. 그렇게 재밌게 살다 보면 긴 세월도 짧게 느껴지고 이곳에 다시 돌아올 기회가 생길 테죠.	N	2022-08-05 09:20:02	2022-11-08 04:49:24
BE22013266	13	0	그날을 기다리면서 그곳에 적응하고 즐겁게 살아야겠어요. 그래야 나를 초청해준 딸도 더 보람 있고 기뻐하겠지요. 제가 이런 마음을 가질 수 있게 조언해주셔서 너무 감사해요.	N	2022-08-05 09:20:02	2022-11-08 04:49:24
BE22013266	14	1	아휴, 제 말씀이 도움이 됐다니 제가 도리어 더 감사합니다. 그렇게 가벼운 마음으로 출국하시게 됐으니 제가 너무 기분이 좋네요.	Y	2022-08-05 09:20:02	2022-11-08 04:49:24
