id	utterance_id	utterance_type	utterance_text	terminate	regDate	updDate
BE22002305	1	0	나 지금 마음이 너무 착잡하고 우울하네요.	N	2022-06-21 04:21:56	2022-11-08 03:39:20
BE22002305	2	1	왜, 무슨 일이 있으세요?	N	2022-06-21 04:21:56	2022-11-08 03:39:20
BE22002305	3	0	나랑 제일 친한 친구가 다른 애한테 내 흉을 본 거 있죠. 그 사실을 며칠 전에 알았는데 지금까지도 잊혀지지 않아요.	N	2022-06-21 04:21:56	2022-11-08 03:39:20
BE22002305	4	1	왜 안 그렇겠어요? 제일 친한 친구라 충격이 더 컸겠어요. 각박한 세상에 그나마 의지가 되는 게 친구인데 배신을 당했으니 얼마나 마음이 아프세요?	N	2022-06-21 04:21:56	2022-11-08 03:39:20
BE22002305	5	0	그런데 더 슬픈 건 뭔지 아세요? 어제 그 친구를 만났는데 티를 낼 수가 없는 거예요. 평상시처럼 얘기하는데 뭔가 말이 헛 도는 느낌이었어요.	N	2022-06-21 04:21:56	2022-11-08 03:39:20
BE22002305	6	1	그거야 당연한 일이지요. 모르면 몰랐을까, 아무래도 예전 같진 않죠.	N	2022-06-21 04:21:56	2022-11-08 03:39:20
BE22002305	7	0	그 친구는 내가 모른다고 생각했는지 여전히 정답게 대하더라고요. 그게 더 가식적으로 느껴지고 실망스러운 거 있죠.	N	2022-06-21 04:21:56	2022-11-08 03:39:20
BE22002305	8	1	그런데 전해 들은 말은 확실한 건가요? 잘못 전해진 것일 수도 있잖아요.	N	2022-06-21 04:21:56	2022-11-08 03:39:20
BE22002305	9	0	여럿이 있는 데서 그렇대요. 들은 사람들 말이 다 똑같으니 없는 소리는 아닌 거지요.	N	2022-06-21 04:21:56	2022-11-08 03:39:20
BE22002305	10	1	에그, 속상해서 어떡해요? 사람 관계는 한 번 삐끗하면 예전으로 돌리기 정말 어려운데.	N	2022-06-21 04:21:56	2022-11-08 03:39:20
BE22002305	11	0	정말 그런 거 같아요. 오늘도 그 친구한테서 문자가 왔는데 확인도 안 했어요. 이렇게 점점 멀어지는 거죠, 뭐.	N	2022-06-21 04:21:56	2022-11-08 03:39:20
BE22002305	12	1	오래 된 친구라면서 이번 일로 멀어지면 그것대로 마음이 편치 않을 거예요. 차라리 솔직하게 대화를 해 보는 건 어때요?	N	2022-06-21 04:21:56	2022-11-08 03:39:20
BE22002305	13	0	그러다 정말 사이가 완전히 끝나 버리면은요? 사실은 그게 무서워서 티를 낼 수 없었어요.	N	2022-06-21 04:21:56	2022-11-08 03:39:20
BE22002305	14	1	그건 그 친구에게 아직 정이 남아 있다는 증거예요. 그냥 솔직하게 털어놓고 오해였으면 풀고, 섭섭한 점은 사과를 받으세요. 그렇게 풀어버리는 게 그쪽 정신건강에도 좋을 거예요.	N	2022-06-21 04:21:56	2022-11-08 03:39:20
BE22002305	15	0	그건 그래요. 어려울 때 서로 의지했던 친구라 이 정도 일로 멀어지는 게 속상하긴 해요. 그래도 안 되면 할 수 없는 거죠, 뭐.	N	2022-06-21 04:21:56	2022-11-08 03:39:20
BE22002305	16	1	네, 그렇게 생각하는 게 마음 편할 거예요. 또 누가 아나요? 비 온 다음에 땅이 굳어진다고, 이번 일로 우정이 더 공고해 질지.	N	2022-06-21 04:21:56	2022-11-08 03:39:20
BE22002305	17	0	네, 그 말 들으니 용기가 생기네요. 여러 가지 좋은 말씀 감사해요.	Y	2022-06-21 04:21:56	2022-11-08 03:39:20
