id	utterance_id	utterance_type	utterance_text	terminate	regDate	updDate
BE22011863	1	0	결국 이날이 오고야 말았어요. 애인의 입대 영장을 받았네요. 당장 입대하는 건 아니지만, 막상 떨어져 있는 모습을 상상하니 너무 울적한 것 있죠.	N	2022-07-26 08:52:06	2022-11-08 04:40:41
BE22011863	2	1	연인들의 가장 큰 위기라는 군대 문제를 겪고 계시군요. 그 울적한 마음 충분히 이해합니다. 군대는 아니지만, 사랑하는 애인이 유학을 떠나게 되었을 때 그 소식을 듣고 저도 너무 슬펐거든요. 정말 공감 가네요.	N	2022-07-26 08:52:06	2022-11-08 04:40:41
BE22011863	3	0	고등학생 때부터 만나온 만큼 오랜 기간 함께 보냈었거든요. 막상 떨어질 생각을 하니 현실로 다가와서 너무 슬펐어요. 저도 이런 걸로 울게 될 줄은 몰랐는데, 그 말을 듣자마자 눈물이 톡 떨어질 만큼이요.	N	2022-07-26 08:52:06	2022-11-08 04:40:41
BE22011863	4	1	사랑하며 보내온 시간만큼 슬픔이 더 크실 거예요. 감정화자님이 또 워낙 애인분을 사랑하셨잖아요. 많이 걱정되시고 슬프셨겠어요.	N	2022-07-26 08:52:06	2022-11-08 04:40:41
BE22011863	5	0	아직 이별한 것도 아닌데, 이별이 실감이 나는 기분이랄까요. 이 사람이 군대에 가서 나를 잊으면 어쩌지 하는 걱정들이요. 친구들을 보니 몸이 멀어지면 마음도 멀어진다고, 군대에 간 남자 친구를 기다리는 건 너무 힘들다고 하더라고요.	N	2022-07-26 08:52:06	2022-11-08 04:40:41
BE22011863	6	1	감정화자님께서 아무래도 불안하고 걱정도 되실 것 같아요. 그런 마음에서 슬픈 감정이 드는 것도 어떻게 보면 당연한 거고요. 하지만, 두터운 사랑과 그 신념을 바탕으로 잘 지내실 수 있을 터이니 벌써 걱정하지 않으셨으면 해요.	N	2022-07-26 08:52:06	2022-11-08 04:40:42
BE22011863	7	0	군대에 가면 제가 잘 이겨낼 수 있을까요? 멀리 떨어져 보고 싶을 때 보지 못할 거라는 생각에 너무 슬픔이 앞서요. 저도 제가 너무 어린아이 같아서 스스로가 유치하게 느껴져요.	N	2022-07-26 08:52:06	2022-11-08 04:40:42
BE22011863	8	1	사랑에는 자존심도 버리고 유치한 감정도 가득 든다고 하잖아요. 감정화자님만 눈물을 흘리시는 게 아니니 너무 자책하거나 그러지 않으셨으면 좋겠어요. 군대 가시기 전에 추억도 많이 만드시면 지금 느끼는 슬픔도 즐거움으로 바뀔 거라고 생각해요.	N	2022-07-26 08:52:06	2022-11-08 04:40:42
BE22011863	9	0	그런가요? 입대 영장을 받게 되니 너무 슬퍼하기만 했나 봐요. 눈앞에 있는 것만 바라보게 되니까요.	N	2022-07-26 08:52:06	2022-11-08 04:40:42
BE22011863	10	1	애인의 입대 영장을 받고 울적하고 슬픈 마음이 들어 많이 힘드셨죠? 하지만 지금껏 서로를 신뢰하고 지내온 만큼 군 생활도 잘 이겨내실 수 있을 거예요. 감정화자님이 워낙 사랑에 솔직하시고 애인을 아끼시는 분이신 만큼요.	N	2022-07-26 08:52:06	2022-11-08 04:40:42
BE22011863	11	0	그렇게 말씀해주셔서 감사해요. 좋은 쪽으로 생각해봐야겠어요.	N	2022-07-26 08:52:06	2022-11-08 04:40:42
BE22011863	12	1	아무리 긍정적으로 생각하려고 노력하려고 해도, 인간이라는 존재는 감정을 제어하기가 힘들죠. 그런 면에서 슬픔을 감내하시고 이겨내시려고 노력하시는 감정화자님이 정말 멋있어요. 다만, 너무 걱정하지 마시고 행복한 나날들을 생각하면서 긍정적인 마음을 먹으셨으면 좋겠어요. 저도 응원할게요.	N	2022-07-26 08:52:06	2022-11-08 04:40:42
BE22011863	13	0	공감화자님 덕분에 저도 잘 이겨낼 수 있을 것 같아요. 너무 감사드리네요. 저도 더 이상 눈물 흘리지 않을래요.	N	2022-07-26 08:52:06	2022-11-08 04:40:42
BE22011863	14	1	정말 잘 생각하셨어요. 지금까지 혼자 슬퍼하시느라 많이 힘드셨겠지만, 분명 좋은 일들로 가득 찬 일상을 보내실 거예요. 마음 편히 먹으시고 앞으로도 예쁜 사랑 하시길 저도 기도하겠습니다.	Y	2022-07-26 08:52:06	2022-11-08 04:40:42
