id	utterance_id	utterance_type	utterance_text	terminate	regDate	updDate
BE22007374	1	0	오늘 아침에 반려견에게 물렸어요.	N	2022-07-09 07:19:21	2022-11-08 04:11:56
BE22007374	2	1	이런, 놀라셨겠어요. 많이 다치지는 않았고요?	N	2022-07-09 07:19:21	2022-11-08 04:11:56
BE22007374	3	0	살짝 자국은 남았지만 크게 다치지는 않았어요. 하지만 이런 일은 처음이라 많이 슬프네요.	N	2022-07-09 07:19:21	2022-11-08 04:11:56
BE22007374	4	1	저라도 반려견에게 물리면 당혹스럽고 슬플 것 같아요. 어쩌다가 그랬나요?	N	2022-07-09 07:19:21	2022-11-08 04:11:56
BE22007374	5	0	출근하려고 보는데 의자 다리를 물어뜯고 있잖아요. 그러지 말라고 몇 번이나 가르쳤는데도 아침만 되면 그 행동을 반복해요. 말렸더니 크게 짖으면서 제 손가락을 물더군요.	N	2022-07-09 07:19:21	2022-11-08 04:11:56
BE22007374	6	1	훈육을 시키다가 일이 벌어졌군요. 안 좋은 행동을 반복하면 주인 입장으로서 많이 속상할 것 같아요. 손까지 물렸으니 기분이 많이 상했겠네요.	N	2022-07-09 07:19:21	2022-11-08 04:11:56
BE22007374	7	0	맞아요. 자꾸 그러면 의자도 의자지만 반려견 치아에도 안 좋거든요. 제 마음을 몰라주는 것 같아 슬프고 실망했어요.	N	2022-07-09 07:19:21	2022-11-08 04:11:56
BE22007374	8	1	좋은 의도로 가르쳤는데 돌아오는 반응이 그렇다면 저라도 실망할 것 같아요. 생각하는 마음을 몰라주는 것만큼 서운한 일도 없죠. 제가 주인도 아닌데 다 서운하네요.	N	2022-07-09 07:19:21	2022-11-08 04:11:56
BE22007374	9	0	무슨 마음인지 아시죠. 3년이나 가족처럼 지낸 반려견한테 물리니까 제가 주인 노릇을 제대로 못한 건가 싶어 속상하네요.	N	2022-07-09 07:19:21	2022-11-08 04:11:56
BE22007374	10	1	3년이면 긴 시간인데 괜히 배반당한 기분도 들겠네요. 하지만 반려견도 감정화자씨를 주인으로 생각하지 않아서 그런 행동을 한 건 아닐 거예요. 생각할수록 감정화자씨 마음만 속상할 테니 너무 깊게 파고들지 마세요.	N	2022-07-09 07:19:21	2022-11-08 04:11:56
BE22007374	11	0	저도 그러고 싶은데 별생각이 다 드네요. 이제 제가 싫어진 건 아닐까요?	N	2022-07-09 07:19:21	2022-11-08 04:11:56
BE22007374	12	1	결코 그렇지 않을 거예요. 반려견의 충동적 실수야 키우다 보면 겪게 되는 자연스러운 일이잖아요. 반려견도 악의는 없었을 테니 마음을 편히 가지세요.	N	2022-07-09 07:19:21	2022-11-08 04:11:57
BE22007374	13	0	공감화자씨 말처럼 이런 일은 개를 키우다 보면 꼭 겪게 되는 일 같아요. 그렇게 생각하고 털어 버리는 편이 저에게도 좋을 것 같네요.	N	2022-07-09 07:19:21	2022-11-08 04:11:57
BE22007374	14	1	맞아요. 아마 반려견도 감정화자씨의 마음을 알면 많이 미안해할 거예요. 앞으로 반려견과 함께할 무궁무진한 시간이 남아 있으니 위안을 얻길 바라요.	N	2022-07-09 07:19:21	2022-11-08 04:11:57
BE22007374	15	0	맞는 말이에요. 앞으로 좋은 추억만 쌓으면 되는데 제가 너무 심각하게 생각했던 것 같군요. 덕분에 마음이 편안해졌어요, 고맙습니다.	Y	2022-07-09 07:19:21	2022-11-08 04:11:57
