id	utterance_id	utterance_type	utterance_text	terminate	regDate	updDate
BE22011541	1	0	지난 명절 잘 보내셨어요? 저희 가족은 지난 몇 년간 코로나 때문에 못 모이다가 이번에 정말 오랜만에 다 같이 모였어요.	N	2022-07-25 08:54:01	2022-11-08 04:38:35
BE22011541	2	1	어머! 오랜만에 만나는 얼굴들 많아서 반갑고 즐거웠을 것 같아요!	N	2022-07-25 08:54:01	2022-11-08 04:38:35
BE22011541	3	0	맞아요, 명절에는 정말 즐거웠죠. 그동안 있었던 일, 못했던 말 등 다 했거든요. 그런데 자녀들 다 떠나고 나니까 조금 헛헛해지고 슬프네요.	N	2022-07-25 08:54:01	2022-11-08 04:38:35
BE22011541	4	1	시끌벅적하게 사람 사는 느낌이었는데 다들 떠나서 허탈하실 것 같아요. 마음도 많이 공허해지실 것 같아요.	N	2022-07-25 08:54:01	2022-11-08 04:38:35
BE22011541	5	0	아이들도 뛰어다니고 정말 밝고 발랄하고 행복한 명절이었는데, 이제 남편이랑 저만 남으니까 적적하고 마음이 공허해요.	N	2022-07-25 08:54:01	2022-11-08 04:38:35
BE22011541	6	1	저 그 마음 백번이고 만번이고 이해해요. 저도 아들, 딸 독립시키고 한동안 우울하고 슬프더라고요. 이유도 없이 눈물이 흐르곤 했어요.	N	2022-07-25 08:54:01	2022-11-08 04:38:35
BE22011541	7	0	누군가 있는 줄 알고 반갑게 방문을 열었는데 아무도 없으니까 정말 슬펐어요. 갑자기 눈물도 흐르더라고요.	N	2022-07-25 08:54:01	2022-11-08 04:38:35
BE22011541	8	1	북적거리고 활기찼다가 조용한 적막 속에 혼자 남겨진 기분이셨을 것 같아요. 무기력해지고 이유 없이 눈물이 흐르고 갑자기 서러워지는 기분 너무나도 잘 이해해요.	N	2022-07-25 08:54:01	2022-11-08 04:38:35
BE22011541	9	0	정말 사람이 주는 에너지가 정말 대단한 것 같아요.	N	2022-07-25 08:54:01	2022-11-08 04:38:35
BE22011541	10	1	맞아요, 함께하는 것이 정말 힘이 되기도 하죠. 저도 한동안 괴로워하다가 직장에서 많은 사람을 만나고 이야기 나누고 그럼 슬픔이 조금은 사라졌어요. 직장을 얻거나 동호회에 나가보시는 건 어때요?	N	2022-07-25 08:54:01	2022-11-08 04:38:35
BE22011541	11	0	어머 좋은 생각인 것 같아요! 다른 누군가와 함께 이야기를 나누면 적적한 마음이 조금 사라질 것 같네요!	N	2022-07-25 08:54:01	2022-11-08 04:38:35
BE22011541	12	1	사람들과 함께하는 것이 행복한 일이더라구요. 친화력도 좋으시고 주변인들에게 항상 친절하시니까 금방 이겨내실 수 있을 거라 생각해요!	N	2022-07-25 08:54:01	2022-11-08 04:38:35
BE22011541	13	0	제가 잘 할 수 있을까요?	N	2022-07-25 08:54:01	2022-11-08 04:38:35
BE22011541	14	1	그럼요! 당연하죠! 제가 항상 응원할게요! 우리 파이팅해요!	Y	2022-07-25 08:54:01	2022-11-08 04:38:35
