id	utterance_id	utterance_type	utterance_text	terminate	regDate	updDate
BE22012497	1	0	나 요즘 고민이 있다. 없는 돈에 휴대폰만 구입하면 다 끝나는 줄 알았는데. 액정이 깨져버린 거야. 너무 슬퍼서 눈물이나.	N	2022-07-30 05:25:30	2022-11-08 04:44:36
BE22012497	2	1	네 슬픔 마음 충분히 이해해. 네가 많이 고민하고 백 번도 더 고민해서 산 걸 내가 잘 알고 있으니까.	N	2022-07-30 05:25:30	2022-11-08 04:44:36
BE22012497	3	0	엉. 남들은 쉽게 바꾸는 휴대폰을 난 큰맘 먹고 몇 번 생각하고 또 생각해서 바꿨거든. 처음 3개월은 부가서비스도 가입해야 하더라고. 그래서 그것도 고민하며 3개월이니 금방 가겠지 하며 그건 가입했지.	N	2022-07-30 05:25:30	2022-11-08 04:44:36
BE22012497	4	1	너는 매사 신중하고 필요한 것만 꼭 구입하는 알뜰한 사람이야. 낭비하는 건 사치라 생각하는 검소한 사람이고.	N	2022-07-30 05:25:30	2022-11-08 04:44:36
BE22012497	5	0	휴대폰 구입한 지 얼마 안 돼서 이런 실수를 했다니. 액정 끝부분이 부서지고 글씨도 번져 보여. 내가 그런 실수를 했다는 것에 용서도 안 되고 잠도 안 와.	N	2022-07-30 05:25:30	2022-11-08 04:44:36
BE22012497	6	1	그런 일이 있었구나, 너무 속상하고 많이 후회되겠다. 나였어도 잠을 못 이뤘을 거야. 한순간에 실수긴 한데 돌이킬 수는 없고 네가 힘들어하니 내 맘도 너무 아프다.	N	2022-07-30 05:25:30	2022-11-08 04:44:36
BE22012497	7	0	액정 깨지고 글씨가 살짝 안 보여서 서비스센터에 갔더니 액정이 너무 비싼 거야. 상상도 못 할 금액이더라고 불편해도 그냥 써야 할지 너무 고민스러워. 휴대폰을 없앨 생각도 했어. 너무 속상해서.	N	2022-07-30 05:25:30	2022-11-08 04:44:36
BE22012497	8	1	돌이킬 수 없는 후회는 그만하고, 너를 소중히 생각하는 가족과 친구들을 생각해서 휴대폰은 꼭 가지고 있어. 너와 연락이 안 될 걸 상상하니 생각만 해도 끔찍하고 상상이 안 돼. 너 없으면 안 될 거 같아.	N	2022-07-30 05:25:30	2022-11-08 04:44:36
BE22012497	9	0	네가 그렇게 생각해 주니 나도 누군가에게 꼭 필요한 사람이라는 게 다시 한번 느껴진다. 휴대폰을 없애면 안 될 거 같아. 잠시 생각이었지만 그런 생각은 이젠 안 할게.	N	2022-07-30 05:25:30	2022-11-08 04:44:36
BE22012497	10	1	역시 너는 나에 소중한 사람임이 분명하다. 액정이 너무 비싸면 잠깐이라도 그냥 써보고 많이 불편하면 할부로 해서 액정 교체해 봐. 무척 속상하겠지만 글씨가 안 보이면 너무 불편하니까.	N	2022-07-30 05:25:30	2022-11-08 04:44:36
BE22012497	11	0	좀더 써보고 많이 불편하면 그렇게 해볼게. 네가 있으니 상의도 하고 해결책도 찾고 나라는 존재의 소중함도 확인한 거 같아 마음이 한결 가벼워졌어.	N	2022-07-30 05:25:30	2022-11-08 04:44:36
BE22012497	12	1	그랬다니 너무 다행이다. 나도 너와 연락 안 될까 봐 가슴이 덜컹했어.	N	2022-07-30 05:25:30	2022-11-08 04:44:36
BE22012497	13	0	앞으로는 휴대폰을 떠나 다른 것도 조심스러워질 거 같아. 순간 실수로 큰돈이 들어가는 일이 많으니까. 서로 조심해서 손해 보는 일을 최대한 줄여보자.	N	2022-07-30 05:25:30	2022-11-08 04:44:36
BE22012497	14	1	많은 생각을 하고 느낀 거 같아 내 마음이 좀 짠하다. 가까이서 당연하듯이 누리고 있는 것들이 너무 소중하다는 것을 항상 마음속에 담고 살자.	N	2022-07-30 05:25:30	2022-11-08 04:44:36
BE22012497	15	0	오늘 많은 얘기를 해줘서 고마웠다. 넌 나의 소중한 사람이야. 앞으로도 그럴 거고.	Y	2022-07-30 05:25:30	2022-11-08 04:44:36
