id	utterance_id	utterance_type	utterance_text	terminate	regDate	updDate
BE22012193	1	0	엄마가 내 곁을 떠난 지도 사계절이 지나가는데, 아직도 문득 슬픔이 파도처럼 몰려와.	N	2022-07-28 04:58:25	2022-11-08 04:42:42
BE22012193	2	1	네가 어머니 장례식을 지내면서 날 끌어안고 눈물을 쏟아내던 모습을 생각하면 난 지금도 눈시울이 붉어져. 당사자인 너는 얼마나 힘들까 감히 상상조차 할 수가 없어.	N	2022-07-28 04:58:25	2022-11-08 04:42:42
BE22012193	3	0	식당 아르바이트를 하는데 오늘은 유난히 고된 날이었어. 엄마와 딸이 와서 다정하게 밥을 먹는데, 그게 너무 좋아 보이고 또 슬퍼서 눈물을 참기가 힘들었어. 나 엄마가 차려준 밥을 너무 먹고 싶어.	N	2022-07-28 04:58:25	2022-11-08 04:42:42
BE22012193	4	1	오늘은 너에게 몸도 마음도 힘든 날이구나. 그런 하루는 얼마나 감정적으로 힘든지 알아서 더 마음이 아파. 내가 곁에 있어 줄 수 있다면 안아줬을 텐데, 그런 널 혼자 두는 내 마음도 편하지 않네.	N	2022-07-28 04:58:25	2022-11-08 04:42:42
BE22012193	5	0	엄마가 살아계실 때 보내줬던 반찬 냉장고에 방치하다가 버렸던 일이 하루 이틀이 아니야. 이제는 없어서 평생 못 먹을 텐데 소중하게 여기지 않았던 내가 너무 후회돼.	N	2022-07-28 04:58:25	2022-11-08 04:42:42
BE22012193	6	1	사랑하는 사람을 떠나보내고 나면 아주 사소한 기억도 잃고 싶지 않잖아. 후회하는 마음도 이해가 되지만 네가 마음이 많이 다친다면 난 너무 속상할 것 같아. 어머니도 그걸 원치 않으실 거야.	N	2022-07-28 04:58:25	2022-11-08 04:42:42
BE22012193	7	0	나도 그렇게 생각해, 하지만 성인이 되어서도 철없이 반찬 투정을 했던 걸 생각하면 스스로가 너무 미워. 게다가 난 엄마 생신에 미역국 한번 못 끓여드렸지, 그 사실이 이렇게 한스러울지 몰랐어.	N	2022-07-28 04:58:25	2022-11-08 04:42:42
BE22012193	8	1	얼마나 슬프면 후회만 떠오를까 싶어서 너무 안타까워. 그렇지만 넌 어머니를 무척 기쁘게 한 딸이기도 해, 어려운 형편에도 매번 장학금을 탔잖아. 그러니 못난 딸이라고 자책하지 않았으면 좋겠어.	N	2022-07-28 04:58:25	2022-11-08 04:42:42
BE22012193	9	0	나도 엄마와 웃던 추억만 기억하고 싶지만, 슬픔이 날 깊은 구덩이로 끌어당기는 느낌이야. 나 어떻게 하면 좋지? 내가 엄마를 떠올리며 웃는 날이 올까?	N	2022-07-28 04:58:25	2022-11-08 04:42:42
BE22012193	10	1	그저 아직 네겐 받아들일 시간이 좀더 필요한 거야. 반드시 어머니를 추억하며 희미하게 웃을 날이 오게 될 거야. 네가 괜찮다면 내가 한가지 조언을 해줘도 될까?	N	2022-07-28 04:58:25	2022-11-08 04:42:42
BE22012193	11	0	난 지금 지푸라기라도 잡는 심정이야. 뭐든 좋으니 이야기 해줘.	N	2022-07-28 04:58:25	2022-11-08 04:42:42
BE22012193	12	1	영원히 살 수 있는 사람은 없잖아. 어머니를 마음속에 품고 늘 함께 있다고 상상하는 거지. 난 할머니를 보냈을 때 정말 큰 위안이 됐거든.	N	2022-07-28 04:58:25	2022-11-08 04:42:42
BE22012193	13	0	그러니까 내가 어떤 일을 겪을 때 엄마가 어떤 말을 하고 행동할지 생각해 보라는 거지?	N	2022-07-28 04:58:25	2022-11-08 04:42:42
BE22012193	14	1	응 맞아. 난 할머니라면 내게 뭐라고 말씀하셨을까, 생각하며 이별의 슬픔을 견뎌낼 수 있었어.	N	2022-07-28 04:58:25	2022-11-08 04:42:42
BE22012193	15	0	지금 생각해보니 호탕하게 웃으며 이것아! 있을 때 잘하지, 그랬어 하실 것 같아. 농담을 좋아하시니까. 나 엄마를 잘 알고 있었나 봐, 너무 선명하게 그려져서 한결 마음이 편해졌어.	N	2022-07-28 04:58:25	2022-11-08 04:42:42
BE22012193	16	1	조금이라도 마음이 편해졌다니 다행이야. 네게 도움이 돼서 나도 마음이 놓여.	Y	2022-07-28 04:58:25	2022-11-08 04:42:42
