id	utterance_id	utterance_type	utterance_text	terminate	regDate	updDate
BE22011985	1	0	요즘 친구들 모임에서 혼자 겉도는 기분이 들어서 우울해요.	N	2022-07-27 03:49:06	2022-11-08 04:41:27
BE22011985	2	1	친구들과 무슨 일 있었어요? 속상해하는 거 보니 걱정되네요.	N	2022-07-27 03:49:06	2022-11-08 04:41:27
BE22011985	3	0	제가 결혼을 또래보다 빨리 한 편이라 친구 중에 결혼한 사람이 저밖에 없어요. 결혼생활에 관련된 얘기를 하면 아무도 공감해주지 않아요. 공감대 형성이 되지 않다 보니 자꾸 저만 친구들과 사이가 멀어지는 것 같아서 슬프네요.	N	2022-07-27 03:49:06	2022-11-08 04:41:27
BE22011985	4	1	결혼 이야기에 귀를 기울여 주는 친구가 없어 외롭고 정말 속상하셨겠어요. 결혼하지 않은 친구들과 거리감을 느끼시는 것 같네요. 저라도 그런 상황에 놓였다면 많이 우울했을 거예요.	N	2022-07-27 03:49:06	2022-11-08 04:41:27
BE22011985	5	0	얼마 전엔 시댁에서 속상한 일을 겪어 친구들에게 위로받고 싶어서 이야기했는데 아무도 위로해 주지 않았어요. 친구들에게 결혼생활에 관해 상담도 하고 싶고 위로도 받고 싶은데 그러지 못하니 자꾸 우울함을 느껴요.	N	2022-07-27 03:49:06	2022-11-08 04:41:27
BE22011985	6	1	친한 사람들에게 털어놓고 이해받기를 바랐는데 그러지 못해 섭섭한 감정이 컸겠네요. 당신의 마음을 보듬어주고 이해해주며 따뜻한 말을 해줬으면 참 좋았을 텐데, 친구들이 야속하네요.	N	2022-07-27 03:49:06	2022-11-08 04:41:27
BE22011985	7	0	저만 친구들과 멀어지는 기분이에요. 공통된 대화 주제가 사라지다 보니 저만 빼고 얼마 전에 친구들끼리 만나서 여행을 다녀왔더라고요. 제가 아이가 있어서 가기 힘든 상황이라도 물어라도 봤으면 좋았을 텐데.	N	2022-07-27 03:49:06	2022-11-08 04:41:27
BE22011985	8	1	소외된 기분이 들면 외롭고 마음이 참 힘들죠. 친구들은 아이가 있는 친구에게 선뜻 여행 얘기를 꺼내기 어려웠을 거라는 생각도 드네요. 배려가 때론 독이 되기도 하는 것 같아요.	N	2022-07-27 03:49:06	2022-11-08 04:41:27
BE22011985	9	0	맞아요. 고등학교 때부터 모든 추억을 공유한 친구들이기에 저에겐 소중한 친구들인데 점점 멀어지는 것 같아 속상해요. 이제 친구들은 저를 제 생각만큼 소중하게 생각하지 않는 걸까요?	N	2022-07-27 03:49:06	2022-11-08 04:41:27
BE22011985	10	1	학창 시절을 함께 한 친구들은 값진 존재이기에 당신이 얼마나 마음이 안 좋을지 이해가 되네요. 당신이 생각하는 것만큼 그 친구들도 당신을 생각하고 있을 거예요. 다만 주어진 환경이 다르다 보니 조금 어긋났을 뿐이에요.	N	2022-07-27 03:49:06	2022-11-08 04:41:27
BE22011985	11	0	결혼한 친구가 한 명이라도 있으면 미주알고주알 결혼생활이나 육아 얘기도 하고 싶어요. 제 상황에 맞추어 친구가 결혼했으면 하는 제가 이기적으로 느껴지는 것 같아요. 우습죠?	N	2022-07-27 03:49:06	2022-11-08 04:41:27
BE22011985	12	1	혼자 다른 환경에 소외된 기분이 들다 보니 그런 생각이 드는 것도 당연해요. 소중한 인연이라면 당신이 느낀 감정을 터놓고 이야기하면 이해해 주지 않을까요? 분명 친구들도 당신의 마음을 듣는다면 당신을 이해하고 그런 감정이 들지 않도록 노력할 거예요.	N	2022-07-27 03:49:06	2022-11-08 04:41:27
BE22011985	13	0	당신 말을 듣고 보니 얘기도 해보지 않고 혼자 속으로 끙끙 앓고 있었다는 생각도 드네요. 배려심 있는 친구들인데 절 이해해 주지 못할 거라고 단정 지어 버렸어요. 지금 얘기해도 관계를 개선하기에 늦지 않았겠죠?	N	2022-07-27 03:49:06	2022-11-08 04:41:28
BE22011985	14	1	늦었다고 생각할 때가 가장 빠르다는 말도 있잖아요. 당신의 속마음을 허심탄회하게 얘기해본다면 분명 관계 개선에 대한 해답을 찾을 수 있을 거예요. 진심은 언제나 통하잖아요.	N	2022-07-27 03:49:06	2022-11-08 04:41:28
BE22011985	15	0	친구에게도 바로 전하지 못했던 속마음을 당신에게 먼저 털어놓고 나니 속은 뻥 뚫리는 것 같아요. 고마워요.	Y	2022-07-27 03:49:06	2022-11-08 04:41:28
