id	utterance_id	utterance_type	utterance_text	terminate	regDate	updDate
BE22008703	1	0	오늘 아끼던 물건을 잃어버렸어요. 이렇게 잃어버리게 될 줄 몰랐어서 더 속상하네요. 정말 슬프고 우울하네요.	N	2022-07-14 01:34:37	2022-11-08 04:20:23
BE22008703	2	1	기분이 좋지 않아 보이셔서 걱정이네요. 어떤 물건을 잃어버리신 거예요?	N	2022-07-14 01:34:37	2022-11-08 04:20:23
BE22008703	3	0	이사하고 나서 짐을 정리하면서 알았어요. 아끼던 접시가 사라진 것 있죠. 많이 아꼈는데 이렇게 되어서 참 슬퍼요.	N	2022-07-14 01:34:37	2022-11-08 04:20:23
BE22008703	4	1	많은 물건 중에 하필 아끼던 접시가 없어져서 더욱 속상하시겠어요. 새로운 곳에서 맛있는 음식을 담아 먹고 싶으셨을 것 같은데 그러지 못해서 안타깝고 실망스러우시죠.	N	2022-07-14 01:34:37	2022-11-08 04:20:23
BE22008703	5	0	네, 그 접시에 맛있는 걸 담아 먹는 날을 줄곧 상상했거든요. 기대했던 것들이 한순간에 무너져 내리는 건 언제나 버겁고 속상한 일이에요.	N	2022-07-14 01:34:37	2022-11-08 04:20:23
BE22008703	6	1	오랜 세월 동안 간직했던 물건이 사라져서 마음도 공허해질 것 같아요. 소중히 간직했던 의미 있는 물건인 만큼 대체할 수도 없을 테니까요. 그 아쉬움을 무엇으로도 달랠 수 없다는 걸 정말 잘 알아요.	N	2022-07-14 01:34:37	2022-11-08 04:20:23
BE22008703	7	0	맞아요, 이것 말고도 다른 접시는 집에 많거든요. 하지만 제일 아꼈던 접시가 없으니 다른 게 다 무슨 소용인가 싶어요.	N	2022-07-14 01:34:37	2022-11-08 04:20:23
BE22008703	8	1	한동안은 두고두고 아쉽게 느껴질 것 같아요. 대체할 수 없는 것을 잃었을 때의 마음은 설명하지 않아도 누구나 알 만큼 서글프니까요. 그 마음이 어떤 건지 이해해요.	N	2022-07-14 01:34:37	2022-11-08 04:20:23
BE22008703	9	0	누구보다 제 마음을 잘 알아주시니 한없이 막막했던 마음이 한결 나아지는 것 같아요. 세월이 담긴 접시인 만큼 아쉽기는 하지만, 어쩔 수 없다고 생각해야겠어요.	N	2022-07-14 01:34:37	2022-11-08 04:20:23
BE22008703	10	1	오랫동안 그 접시를 사용하면서 이렇게 멋지고 근사한 가정을 일구어내셨잖아요. 그때부터 지금까지 고생이 많으셨을 줄로 알아요. 아쉬운 것과 별개로 제가 지켜보는 선생님은 늘 성실한 성격이 빛나는 분이세요.	N	2022-07-14 01:34:37	2022-11-08 04:20:23
BE22008703	11	0	그래도 내가 어떤 사람인지 알아주는 사람이 남아 있는 건 정말 다행이네요. 그렇게 말해 주니 기분도 좋고 아쉬움도 덜한 것 같아요.	N	2022-07-14 01:34:37	2022-11-08 04:20:23
BE22008703	12	1	도움이 되었다니 정말 다행이에요. 나중에 초대해 주시면 근사한 접시를 선물해 드릴게요. 새로운 곳에서 새롭게 출발하신다는 마음으로 지내셨으면 좋겠어요.	N	2022-07-14 01:34:37	2022-11-08 04:20:23
BE22008703	13	0	말만 들어도 고마울 따름이에요. 아끼는 접시는 그것 말고도 얼마든지 더 있으니 제가 맛있는 걸 대접할게요. 말씀해 주신 대로 슬픈 마음은 접어 두고 새롭고 기쁘게 시작해야겠어요.	N	2022-07-14 01:34:37	2022-11-08 04:20:23
BE22008703	14	1	제가 조금이라도 도움이 되었다니 정말 다행이에요. 남은 하루도 즐겁게 보내세요.	Y	2022-07-14 01:34:37	2022-11-08 04:20:23
