id	utterance_id	utterance_type	utterance_text	terminate	regDate	updDate
BE22011746	1	0	저 얼마 전에 하프마라톤 도전한다고 말씀드렸던 거 기억하세요? 저 하프마라톤 뛰면서 정말 저의 체력적인 한계를 확인하고는 너무 슬펐어요.	N	2022-07-26 04:24:30	2022-11-08 04:39:54
BE22011746	2	1	아 그랬군요. 체력적 한계라니 어떤 부분이 힘드시고 슬프셨나요?	N	2022-07-26 04:24:30	2022-11-08 04:39:54
BE22011746	3	0	몇 년 전에는 하프도 아니고 온전한 마라톤을 뛰어도 그렇게 힘들지 않았거든요. 그런데 이번에 하프마라톤도 중도에 포기해야 하나 싶었을 만큼 너무 힘이 들더라고요. 아무래도 체력적으로 내가 힘들어졌다는 것을 확인하게 되어 너무 슬퍼요.	N	2022-07-26 04:24:30	2022-11-08 04:39:54
BE22011746	4	1	늘 체력에 자신이 있던 분이 뭔가 예전 같은 체력이 아니라고 생각하니 정말 마음이 힘드셨군요. 저 같아도 그랬을 것 같아요. 내가 자신 있는 부분일수록 더 이상 그렇지 않다는 걸 인정하기 힘든 법이니까요.	N	2022-07-26 04:24:30	2022-11-08 04:39:54
BE22011746	5	0	맞아요. 남들보다 더 열심히 운동하며 살았고 정말 자신 있게 나는 건강하다고 말하고 싶었나 봐요. 그런데 이젠 나이가 있고 체력적 한계를 인정하지 않을 수 없게 되었으니 슬픈 것 같아요.	N	2022-07-26 04:24:30	2022-11-08 04:39:54
BE22011746	6	1	노력한 만큼 체력이 따라와 주길 바랐는데 막상 한계를 느끼니 슬픔이 밀려왔군요. 그래도 포기하지 않고 하프마라톤을 뛰셨다니 정말 전 존경스러울 뿐이에요. 너무 잘하셨어요.	N	2022-07-26 04:24:30	2022-11-08 04:39:54
BE22011746	7	0	이제 나도 끝인가 싶기도 하고 서글퍼지기도 하고. 노력으로 안 되는 게 있구나 싶은 생각이 들어요. 노력했던 내 지난 시간이 허무하게 느껴지며 슬픔에서 헤어 나오기 힘드네요.	N	2022-07-26 04:24:30	2022-11-08 04:39:54
BE22011746	8	1	이렇게 많이 좌절감이나 슬픔이 느껴진다는 건 그만큼 본인의 체력증진을 위해 진심으로 애써오셨다는 증거일 거예요. 노력하지 않은 사람은 잃을 것도 없으니까요.	N	2022-07-26 04:24:30	2022-11-08 04:39:54
BE22011746	9	0	그렇긴 하죠. 제가 정말 운동을 열심히 성실하게 해왔던 것은 누가 봐도 자명한 일이니까요.	N	2022-07-26 04:24:30	2022-11-08 04:39:54
BE22011746	10	1	그러니까요. 지금 얼핏 봐도 또래분들보다 훨씬 건강해 보이시고 젊어 보이시는걸요. 그 시간이 결코 헛된 시간이 아니었음을 잊지 않으셨으면 해요.	N	2022-07-26 04:24:30	2022-11-08 04:39:54
BE22011746	11	0	그 말이 참 따뜻하게 느껴지네요. 위로되는 느낌이에요. 뭔가 쓸모없는 짓을 해 온 것 같았는데 그렇게 생각할 필요 없겠어요.	N	2022-07-26 04:24:30	2022-11-08 04:39:54
BE22011746	12	1	그럼요. 물론 나이가 들면서 체력이 점점 좋아진다는 건 힘든 일이지요. 하지만 늘 관리를 열심히 하셔서 지금의 건강한 감정화자님이 있으신 거예요. 너무 젊은 친구들과 비교하는 것도 비현실적인 일이니까요.	N	2022-07-26 04:24:30	2022-11-08 04:39:54
BE22011746	13	0	그러네요. 지금의 내 나이에서 얼마나 훌륭한 체력이 있는지 돌아봐야겠어요. 슬퍼할 일이 아닌 것 같네요.	N	2022-07-26 04:24:30	2022-11-08 04:39:54
BE22011746	14	1	그럼요. 지금도 얼마나 훌륭한 체력인지 아셔야 해요. 다른 분들은 그 연세에 절대 마라톤 출전 못합니다. 슬퍼 마시고 오히려 기뻐하셔야 할 상황이에요.	N	2022-07-26 04:24:30	2022-11-08 04:39:54
BE22011746	15	0	그러네요. 말씀 듣고 보니 감사하는 마음이 들고 슬픔이 사라져가네요. 좋은 말씀 감사해요.	Y	2022-07-26 04:24:30	2022-11-08 04:39:54
