id	utterance_id	utterance_type	utterance_text	terminate	regDate	updDate
BE22011071	1	0	평생 살이라는 굴레에서 벗어나지 못하고 있어. 결혼식을 앞두고 다이어트를 해야 하는 데 또 실패할까 봐 두렵고 슬프기만 해.	N	2022-07-22 11:43:34	2022-11-08 04:35:34
BE22011071	2	1	오랫동안 노력해왔잖아. 언젠가 감정 화자님의 노력이 분명 결실을 볼 거야. 게다가 중요한 결혼식을 앞두고 있으니 분명 강한 의지로 해낼 수 있을 거야.	N	2022-07-22 11:43:34	2022-11-08 04:35:34
BE22011071	3	0	내가 의지 있는 사람이라 생각해? 난 벌써 다이어트 실패만 10년째야. 반복되는 요요 앞에서 이젠 거울도 보기 싫은 지경이야.	N	2022-07-22 11:43:34	2022-11-08 04:35:34
BE22011071	4	1	그 기간에 세 번의 성공이 있었잖아. 그 성공만으로도 대단하다고 생각해. 그것도 못 하는 사람들이 많은 걸 생각한다면, 감정 화자님은 충분히 의지를 발휘할 수 있는 사람이야.	N	2022-07-22 11:43:34	2022-11-08 04:35:34
BE22011071	5	0	그게 언제인지 기억도 안 나. 이번 다이어트로 인해, 억지로 운동하고 맛있는 음식을 참아야 해. 이걸 생각하면 난 벌써 살고 싶지 않을 정도로 슬픔에 빠져.	N	2022-07-22 11:43:34	2022-11-08 04:35:34
BE22011071	6	1	결혼식이 아무리 중요해도, 너무 무리하지 않았으면 해. 감정 화자님이 살기 싫은 느낌까지 받는다면, 너무 자신을 억압하지 않았으면 좋겠어. 살을 좀 빼지 못한다고 해도 감정 화자님은 정말 사랑스러워.	N	2022-07-22 11:43:34	2022-11-08 04:35:34
BE22011071	7	0	거짓말 아니야? 아무도 날 그렇게 생각 안 할 거야. 난 정말 살이 많이 쪘는걸. 신랑 될 남자 친구도 내게 그런 칭찬해 주지 않아서 너무 눈물겨워.	N	2022-07-22 11:43:34	2022-11-08 04:35:34
BE22011071	8	1	어떻게 살로 감정 화자님의 사랑스러움을 판단할 수 있겠니? 난 오래도록 감정 화자님을 지켜봐 왔으니 내 말은 신뢰해도 돼. 감정 화자님 정말 사랑스럽고 소중한 존재야.	N	2022-07-22 11:43:34	2022-11-08 04:35:34
BE22011071	9	0	정말 그렇게 생각해? 난 이번 다이어트도 실패하면, 결혼식을 망칠 거라 생각했어. 사람들이 웨딩드레스를 입은 날 비웃을 것 같아서 너무 막막하고 슬펐어.	N	2022-07-22 11:43:34	2022-11-08 04:35:34
BE22011071	10	1	한 번뿐인 특별한 결혼식이잖아. 다이어트 성공 여부에 상관없이 그날의 주인공은 감정 화자님이야. 감정 화자님이 살 빼는 데 실패한다 해도 모두 감정 화자님을 축하해 주고 응원해 줄 거야.	N	2022-07-22 11:43:34	2022-11-08 04:35:34
BE22011071	11	0	내 모습을 보고도 그렇게 말할 수 있어? 사람들은 겉모습으로 모든 걸 판단하잖아.	N	2022-07-22 11:43:34	2022-11-08 04:35:34
BE22011071	12	1	일부는 그럴 수도 있겠지만, 그렇지 않은 사람도 많아. 나만 해도 그래. 난 감정 화자님의 겉모습이 아닌 내면의 따뜻한 마음과 사랑스러움을 알고 있는걸?	N	2022-07-22 11:43:34	2022-11-08 04:35:34
BE22011071	13	0	날 사랑스럽다고 말해줘서 고마워. 계속되는 다이어트 실패에 많이 기죽었거든. 공감 화자님이 이렇게 날 위로해 주니까 슬픔이 좀 해소되는 것 같아.	N	2022-07-22 11:43:34	2022-11-08 04:35:34
BE22011071	14	1	감정 화자님 마음이 괜찮아진다고 하니 나도 마음이 놓여. 감정 화자님이 다이어트에 성공하든 실패하든 상관없이 난 항상 감정 화자님을 응원해.	N	2022-07-22 11:43:34	2022-11-08 04:35:34
BE22011071	15	0	날 믿고 응원해 줘서 정말 고마워. 공감 화자님 덕분에 이제 슬프지 않아. 응원에 힘입어서 나 기운 차려 볼게.	Y	2022-07-22 11:43:34	2022-11-08 04:35:34
