id	utterance_id	utterance_type	utterance_text	terminate	regDate	updDate
BE22013027	1	0	공감화자야, 지금 술 한잔하지 않을래? 나 오늘 너무 속이 상해서 술 없이는 잠을 이루지 못할 것 같거든.	N	2022-08-03 05:55:39	2022-11-08 04:47:56
BE22013027	2	1	무슨 일 있었어? 일단 무슨 일인지 얘기해 줘. 걱정된다.	N	2022-08-03 05:55:39	2022-11-08 04:47:56
BE22013027	3	0	오늘 여자 친구랑 한강에서 치킨을 먹는데 갑자기 눈물이 차오르더라고. 여자 친구 앞에선 울고 싶지 않아서 꾹 참았는데 집에 오니 다시 슬픔이 밀려와.	N	2022-08-03 05:55:39	2022-11-08 04:47:56
BE22013027	4	1	좋은 하루를 보내고 온 것 같은데, 왜 마음이 아팠어? 둘이 다투기라도 한 거야?	N	2022-08-03 05:55:39	2022-11-08 04:47:56
BE22013027	5	0	아니, 한강 맞은편에 고층 호텔이 보이는데 순간 그 생각이 들더라. 3년 동안 여자 친구를 만나면서 저런 호텔에 있는 고급 레스토랑도 한번 못 데려간 거야. 취업 준비하면서 힘들 때, 언제나 내 곁에 있어 줬는데, 미안해서 눈물이 다 나더라.	N	2022-08-03 05:55:39	2022-11-08 04:47:56
BE22013027	6	1	항상 좋은 것만 주고 싶은 애인인데 그러지 못했다는 생각에 슬펐구나. 네 마음 충분히 이해해. 나라도 그때 마음이 안 좋았을 것 같아.	N	2022-08-03 05:55:39	2022-11-08 04:47:56
BE22013027	7	0	여자 친구도 근사한 곳에서 데이트를 즐기고 싶을 텐데 말이야. 내 앞에서는 항상 생글생글 웃어 보여서 더 가슴이 아프게 느껴지더라.	N	2022-08-03 05:55:39	2022-11-08 04:47:56
BE22013027	8	1	아니야. 여자 친구는 오히려 자연과 함께하며 맛있는 치킨도 먹어서 기분 좋았을 거야. 괜히 네 마음만 아프게 그런 생각은 넣어 둬.	N	2022-08-03 05:55:39	2022-11-08 04:47:56
BE22013027	9	0	고마워. 네 말 들으니까 위로가 된다. 난 사실 여자 친구랑 어디를 가든 행복한데, 여자 친구는 아닐 수도 있겠다는 생각이 들었거든.	N	2022-08-03 05:55:39	2022-11-08 04:47:56
BE22013027	10	1	그런 걱정 하지 마. 진정 사랑하지 않다면 3년 동안 네 곁에 있을 수 있었겠어? 여자 친구도 널 진심으로 사랑하기 때문에 웃어 보인 거야.	N	2022-08-03 05:55:39	2022-11-08 04:47:56
BE22013027	11	0	그렇겠지? 내가 괜한 생각을 했던 것 같네. 날 있는 그대로 좋아해 주는 여자 친구인데 말이야.	N	2022-08-03 05:55:39	2022-11-08 04:47:56
BE22013027	12	1	이제라도 알게 됐다면 다행이야. 그나저나 본인의 행복보다 연인의 행복을 먼저 생각하는 네가 참 대단하다. 여자 친구를 향한 너의 사랑이 감동으로 느껴져.	N	2022-08-03 05:55:39	2022-11-08 04:47:56
BE22013027	13	0	고마워. 너랑 대화하다 보니 아까까지의 슬픔이 싹 가시는 것 같아. 오히려 여자 친구에 대한 사랑이 더 깊어졌어.	N	2022-08-03 05:55:39	2022-11-08 04:47:56
BE22013027	14	1	너희 커플은 내가 유일하게 인정하는 보기 좋은 커플이야. 오랫동안 서로에 대한 사랑이 변치 않길 바랄게.	Y	2022-08-03 05:55:39	2022-11-08 04:47:56
