id	utterance_id	utterance_type	utterance_text	terminate	regDate	updDate
BE22011265	1	0	사랑은 왜 이렇게 어려울까. 사랑을 처음 해본 것도 아닌데 말이야. 사람은 사랑을 나누며 세상을 살아가기 마련인데 나에게는 벅차고 슬픈 일인 것 같아.	N	2022-07-24 04:15:15	2022-11-08 04:36:47
BE22011265	2	1	감정 화자님, 무슨 일 있었어? 왜 그래! 걱정되게.	N	2022-07-24 04:15:15	2022-11-08 04:36:47
BE22011265	3	0	지금 남자 친구랑 사소한 가치관 사이로 엄청나게 다퉜거든. 근데 남자 친구가 나한테 나랑 만난 시간이 후회된다며 막말해서, 오늘 헤어지기로 했어.	N	2022-07-24 04:15:15	2022-11-08 04:36:47
BE22011265	4	1	그토록 애정하고 아꼈던 사람에게 그런 말을 듣다니, 상상만 해도 너무 상처야. 감정 화자님 심장에 구멍이 뚫린 듯한 기분이겠다. 그 말은 듣는 나에게도 너무 상처인걸.	N	2022-07-24 04:15:15	2022-11-08 04:36:47
BE22011265	5	0	그 말을 듣고 정말 너무 마음이 다쳐서 마음이 돌아오지 않은 것 같아. 사랑은 사람을 망치고, 관계도 망치는 것 같아. 그래서 헤어졌는데, 생각보다 너무 슬픈 것 있지.	N	2022-07-24 04:15:15	2022-11-08 04:36:47
BE22011265	6	1	오늘 하루 너무 힘든 시간을 보냈겠구나. 감정 화자님이 옆에 있다면 말없이 품에 안아주고 싶은 심정이야.	N	2022-07-24 04:15:15	2022-11-08 04:36:47
BE22011265	7	0	아직도 그 말들이 머릿속에 빙빙 맴돌아. 사랑이 이렇게 힘들고 괴로운 과정이라면 하지 않았을 텐데. 난 이별을 하면 후련할 줄 알았는데 너무 짙은 슬픔이 날 집어삼킨 것 같아.	N	2022-07-24 04:15:15	2022-11-08 04:36:47
BE22011265	8	1	나도 사랑하는 사람과 헤어진 그날 온종일 일이 손에 잡히지 않았어. 사랑은 좋은 감정도 들게 해주지만, 사람을 너무 아프게도 하는 양날의 검 같은 존재인가 봐.	N	2022-07-24 04:15:15	2022-11-08 04:36:47
BE22011265	9	0	그러게. 앞으로 어떻게 해야 할지 모르겠어. 내가 잘 이겨낼 수 있을까. 이런 적이 처음이라, 너무 힘들어서 밥도 제대로 못 먹고 있어.	N	2022-07-24 04:15:15	2022-11-08 04:36:47
BE22011265	10	1	밥도 못 챙겨 먹는다니 내가 너무 걱정되잖아. 하지만 감정 화자님이 자신에게 최선을 다하고 바쁘게 살수록 더 빠르게 극복할 수 있을 거야. 이별의 슬픔을 감내하는 것은 너무 힘들겠지만, 감정 화자님은 강인한 사람이잖아.	N	2022-07-24 04:15:15	2022-11-08 04:36:47
BE22011265	11	0	나 잘한 선택이겠지? 헤어진 것은 되돌리고 싶지 않지만, 나 자신에게 자신이 없어. 정말 사랑이라는 감정이 이렇게 날 갉아먹을 줄이야.	N	2022-07-24 04:15:15	2022-11-08 04:36:47
BE22011265	12	1	이별이 있으면 그만큼 소중한 만남도 다시 생긴대. 감정 화자님이 이번에 분명 잘 이겨내고 털어낼 수 있을 거라고 봐. 위기를 극복하고 한층 더 성숙하고 단단한 존재가 될 수 있을 거라고 생각해. 기운 내.	N	2022-07-24 04:15:15	2022-11-08 04:36:47
BE22011265	13	0	그렇게 말해줘서 고마워. 공감 화자님 덕분에 어느새 눈물도 멈춘 것 같아.	N	2022-07-24 04:15:15	2022-11-08 04:36:47
BE22011265	14	1	당연하지. 어떤 선택이든 자신을 가장 존중해줬으면 좋겠어. 그리고 난 감정 화자님이 항상 행복하기만을 바라. 자책할 필요도 없고, 인생의 주인은 감정 화자님이니까 뭐든 마음 가는 대로 하는 게 중요해.	N	2022-07-24 04:15:15	2022-11-08 04:36:47
BE22011265	15	0	공감 화자님의 말을 들으니 어지러웠던 생각이 정리되는 것 같아. 정말 고마워.	Y	2022-07-24 04:15:15	2022-11-08 04:36:47
