id	utterance_id	utterance_type	utterance_text	terminate	regDate	updDate
BE22012440	1	0	한잔 더 하자는 친구를 겨우 말려 보냈는데 왜 이렇게 슬픈지 모르겠네요.	N	2022-07-29 08:27:14	2022-11-08 04:44:14
BE22012440	2	1	어떤 이유로든 친구와 헤어진 직후에는 마음이 헛헛한 법이죠. 돌려보낸 마음도 편치 않으실 것 같아요.	N	2022-07-29 08:27:14	2022-11-08 04:44:14
BE22012440	3	0	맞아요. 현실적으로 시간도 늦고 집에 가야 할 때라 보냈는데 갑자기 후회된달까요. 오랜만에 만난 친구가 저렇게 헤어지기 싫어하는데, 조금 더 마실 걸 싶어 슬프네요.	N	2022-07-29 08:27:14	2022-11-08 04:44:14
BE22012440	4	1	무슨 심정인지 알겠어요. 괜히 부탁을 저버린 것 같아 마음이 쓰이시는 거군요.	N	2022-07-29 08:27:14	2022-11-08 04:44:14
BE22012440	5	0	맞아요. 나이가 들어서 그런지 시도 때도 없이 슬픔이 찾아오네요. 자주 볼 수 있는 친구도 아닌데 괜히 거절한 것 같아 미안하고 슬퍼요.	N	2022-07-29 08:27:14	2022-11-08 04:44:14
BE22012440	6	1	저도 친구 부탁을 거절하고 나면 꼭 후회가 밀려와 슬퍼지더라고요. 친구를 보내고 집으로 돌아가는 길이 불편하고 적적할 것 같아요. 마음이 너무 무겁겠어요.	N	2022-07-29 08:27:14	2022-11-08 04:44:14
BE22012440	7	0	정말 그래요. 택시를 태워 보내는데 차가 출발하자마자 울컥하더군요. 10대 때는 같이 날이 새도록 마셨는데 왜 이렇게 됐나 생각도 들면서요.	N	2022-07-29 08:27:14	2022-11-08 04:44:14
BE22012440	8	1	세월이 흐르면 자연스레 현실과 타협하게 되는 것 같아요. 자연스러운 일이라 생각하고 마음을 비워 봐요. 감정화자씨 잘못도 아닌걸요.	N	2022-07-29 08:27:14	2022-11-08 04:44:14
BE22012440	9	0	머리로는 알지만, 막상 친구와 떨어지고 나니 헛헛하네요. 기대만큼 못 해준 것 같아 슬퍼요.	N	2022-07-29 08:27:14	2022-11-08 04:44:14
BE22012440	10	1	친구분도 감정화자씨의 아쉬운 마음을 모르지 않을 거예요. 서로 이해하는 마음을 나눈 것만으로도 완벽한 하루였다고 생각하셨으면 좋겠어요. 그럼 슬픔이 조금은 가실 거예요.	N	2022-07-29 08:27:14	2022-11-08 04:44:14
BE22012440	11	0	공감화자씨 말처럼 생각하니까 확실히 마음이 가벼워지네요. 맞아요. 짧게 만나도 충분히 훌륭한 하루일 수 있죠. 저와 친구는 그런 사이입니다.	N	2022-07-29 08:27:14	2022-11-08 04:44:14
BE22012440	12	1	그럼요. 상심은 접어 두고 오늘을 좋은 하루로만 추억하세요. 시간이 흐르고 보면 즐거웠던 기억만 떠오를 테니 걱정하지 마시고요.	N	2022-07-29 08:27:14	2022-11-08 04:44:14
BE22012440	13	0	그래야겠어요. 언젠가는 이런 비하인드 스토리도 친구에게 웃으며 털어놓게 되겠죠.	N	2022-07-29 08:27:14	2022-11-08 04:44:14
BE22012440	14	1	정말 그럴 거예요. 감정화자씨의 마음이 편안한 것보다 중요한 일은 없을 테니까요. 슬픔은 훌훌 털고, 이 시간까지 무척 피곤하셨을 텐데 푹 쉬시길 바라요.	N	2022-07-29 08:27:14	2022-11-08 04:44:14
BE22012440	15	0	고맙습니다. 덕분에 마음이 시원해졌어요. 공감화자씨도 좋은 밤 보내세요!	Y	2022-07-29 08:27:14	2022-11-08 04:44:14
