id	utterance_id	utterance_type	utterance_text	terminate	regDate	updDate
BE22008960	1	0	제가 요즘 우울해서 아무것도 하기가 싫어지네요.	N	2022-07-14 13:23:01	2022-11-08 04:22:02
BE22008960	2	1	무슨 일 있으신가요? 항상 긍정적이던 분이셔서 더 걱정이 되네요.	N	2022-07-14 13:23:01	2022-11-08 04:22:02
BE22008960	3	0	그 긍정적인 마음도 막상 제 몸의 변화가 찾아오니 한계가 오나 봐요. 요즘 들어 독서하는 재미를 다시 느끼는 중이었는데 눈이 흐릿하게 잘 안 보여서 안과를 찾았거든요. 그랬더니 노안이라는 결과를 통보받고 슬픔에 잠겨서 기운이 없네요.	N	2022-07-14 13:23:01	2022-11-08 04:22:02
BE22008960	4	1	아 얼마나 놀라고 우울하셨을까요. 제 몸의 기능이 점점 제동이 걸리는 기분이 든다면 그럴 만도 해요. 저도 재작년에 갱년기로 고생을 많이 했었거든요.	N	2022-07-14 13:23:01	2022-11-08 04:22:02
BE22008960	5	0	제가 젊은 시절 친구들 사이에서 유명한 책벌레로 어딜 가든 책을 끼고 살았거든요. 결혼 후에 잠시 못 읽다가 아이들도 다 컸겠다, 다시 독서의 취미를 가지게 되었어요. 시작한 지 얼마나 되었다고 이렇게 눈이 안 좋아질 수 있는지 너무 우울하네요.	N	2022-07-14 13:23:01	2022-11-08 04:22:02
BE22008960	6	1	오랜만에 옛 추억을 회상하면서 즐거우셨을 텐데 너무 안타까워요. 세월이 뭐라고 저희를 이렇게 괴롭힐까요. 독서를 좋아하시는 만큼 심적으로 많이 괴로우셨겠어요.	N	2022-07-14 13:23:01	2022-11-08 04:22:02
BE22008960	7	0	그러게 말이에요. 비가 오면 허리가 쑤시는 것도 우울한데 이제 눈까지 말썽이니 제가 늙어가는 걸 실감해요. 노안을 인정하기 싫어서 그토록 좋아하던 책도 읽기가 싫어져서 멀리하게 되네요.	N	2022-07-14 13:23:01	2022-11-08 04:22:02
BE22008960	8	1	너무 상심하지 마세요. 어차피 세월은 흐르고 누구나 늙어가잖아요. 노안을 부정적으로 생각하지 말고 인생에 좀더 노련해지는 것이라고 생각하는 게 마음이 편하실 거예요.	N	2022-07-14 13:23:01	2022-11-08 04:22:02
BE22008960	9	0	듣고 보니 그렇네요. 공감화자님도 갱년기로 고생하셨다고 하니 노안이 뭐라고 저는 저 혼자 늙어감에 집중하고 있었네요. 인간이라면 누구나 겪는 과정인데 말이에요.	N	2022-07-14 13:23:01	2022-11-08 04:22:02
BE22008960	10	1	감정화자님이 다시 책을 가까이하셨으면 좋겠어요. 독서 같은 좋은 취미가 있다는 건 아주 좋은 거잖아요. 지금부터 눈 관리를 잘하면서 다시 즐기셨으면 좋겠어요.	N	2022-07-14 13:23:01	2022-11-08 04:22:02
BE22008960	11	0	예전보다 읽는 속도도 많이 더뎌지겠지만 그래도 마음의 양식을 쌓는 재미는 포기할 수 없죠. 위로를 해주신 덕분에 다시 제 취미를 잃지 않으려고 합니다.	N	2022-07-14 13:23:01	2022-11-08 04:22:02
BE22008960	12	1	책을 읽는 속도는 느려졌지만 책을 대하는 태도는 젊은이들보다 감정화자님이 한 수 위인걸요. 노련한 저희들이 책을 더 깊이 있게 이해할 수 있을 것 같습니다. 누구보다 천천히 내용을 음미하면서 더 폭넓게 이해할 수 있잖아요.	N	2022-07-14 13:23:01	2022-11-08 04:22:02
BE22008960	13	0	그렇게 말씀해 주시니 감동이어서 눈물이 납니다. 제 노안을 그렇게 아름답게 표현해 주시는 분은 공감화자님이 처음인걸요. 느리지만 천천히 책을 읽을수록 제 마음속의 눈은 점점 트일 것 같아요.	N	2022-07-14 13:23:01	2022-11-08 04:22:02
BE22008960	14	1	마음이 좀 나아지셨다니 다행입니다. 우리 함께 이 세월을 부정적으로 받아들이기보단 긍정적인 마음으로 함께 늙어가 봐요.	Y	2022-07-14 13:23:01	2022-11-08 04:22:02
