id	utterance_id	utterance_type	utterance_text	terminate	regDate	updDate
BE22011433	1	0	나 오늘 야구장에 갔었는데 스트레스 풀기는커녕 우울한 마음만 커져서 돌아왔어.	N	2022-07-25 04:44:12	2022-11-08 04:37:51
BE22011433	2	1	왜 그래, 야구장에서 무슨 일이라도 있었던 거야?	N	2022-07-25 04:44:12	2022-11-08 04:37:51
BE22011433	3	0	내가 오랫동안 응원했던 팀이 있는 거 알지? 그 팀이 작년부터 계속 성적이 부진했거든. 그래서 단단히 응원 준비를 해서 갔었어.	N	2022-07-25 04:44:12	2022-11-08 04:37:51
BE22011433	4	1	오 그랬구나, 그렇게 잘 준비해서 응원해주면 좋았던 거 아니야?	N	2022-07-25 04:44:12	2022-11-08 04:37:51
BE22011433	5	0	팬도 많이 떠나가서 수적으로도 많이 밀리거든, 몇 명 없어서 말이야. 그래서 크게 중계 카메라에 나오려고 응원 도구를 준비했던 건데 단 한 번도 카메라에 잡히지 않았어. 아마 팬들이 응원하고 있었다는 것도 몰랐을 수도 있는데, 그렇게 생각하니 너무 마음이 슬프더라.	N	2022-07-25 04:44:12	2022-11-08 04:37:52
BE22011433	6	1	어머 조금이라도 힘이 되고 싶어서 그렇게까지 준비해서 갔었는데 안 된 거면 나라도 실망이 크겠다. 선수들한테 좋은 기운을 주고 싶었던 건데 응원하러 왔는지도 몰랐을 거라 생각이 드니 얼마나 김빠지겠어. 나라도 이런 상황이면 속상한 마음이 들었을 것 같은걸?	N	2022-07-25 04:44:12	2022-11-08 04:37:52
BE22011433	7	0	맞아, 너 말대로 응원의 의미가 좋은 기운을 주고 격려하는 거잖아. 근데 팬들이 온 줄도 모르면 기운이 나겠냐는 말이지. 어차피 수가 적어서 목소리도 안 들릴 테고 보이지도 않으니 방송이라고 타고 싶어서 열성으로 준비했던 건데 속상하다.	N	2022-07-25 04:44:12	2022-11-08 04:37:52
BE22011433	8	1	선수들을 생각하는 마음이 이렇게나 컸는데 전달되지 않은 것 같으면 안타까운 마음이 드는 게 당연하지. 누구라도 너 같은 상황이었으면 속상하고 슬펐을 것 같네. 게다가 중계 카메라 때문에 신경 써서 준비한 것도 소용없게 됬다는 생각이 들면 우울하지.	N	2022-07-25 04:44:12	2022-11-08 04:37:52
BE22011433	9	0	너라도 내 마음 알아주면서 이렇게 공감해주니까 마음이 조금이라도 풀리는 것 같아. 오늘 경기도 져서 팬들이랑 같이 경기장 나오면서 진짜 힘없이 터벅터벅 걸으면서 헤어졌거든. 다들 나처럼 슬프고 우울한 마음 가득했을걸?	N	2022-07-25 04:44:12	2022-11-08 04:37:52
BE22011433	10	1	경기 결과도 안 좋았으면 정말 더 그랬겠어, 그래도 나는 너의 진심이 전달됬다고 생각해! 너처럼 이렇게 진심으로 생각하고 응원하는거 말로는 쉬워도 행동으로 하는 건 쉽지 않잖아. 어떤 존재를 진심으로 응원하고 소중히 여기는 마음이 대단하고 나도 배우고 싶은걸?	N	2022-07-25 04:44:12	2022-11-08 04:37:52
BE22011433	11	0	갑자기 칭찬받으니까 조금 민망하기는 해도 뭔가 감격스럽다. 내 진심을 알아주는 것 같아 울컥하네, 이렇게 말해줘서 고마워.	N	2022-07-25 04:44:12	2022-11-08 04:37:52
BE22011433	12	1	평소에도 네가 응원하는 모습 보면서 멋지다고 생각했거든. 나도 이렇게 생각하는데, 그 응원을 받는 당사자인 선수들은 더 잘 느껴질 거야. 이번 응원이 중계 카메라에는 못 나왔어도, 분명 마음으로는 느껴졌을걸?	N	2022-07-25 04:44:12	2022-11-08 04:37:52
BE22011433	13	0	정말 그랬으려나? 네 말대로 응원하고 있는 마음이 잘 전달 되었다면 바랄 게 없을 것 같아!	N	2022-07-25 04:44:12	2022-11-08 04:37:52
BE22011433	14	1	원래 진짜는 통한다는 말도 있잖아. 이렇게나 마음 가득 진심으로 응원하고 있는데, 선수들도 마음으로는 느껴졌을 거야. 그러니 너무 슬퍼하지 말고, 기운 내.	N	2022-07-25 04:44:12	2022-11-08 04:37:52
BE22011433	15	0	슬프고 우울해서 종일 기운 빠져 있었는데, 네 말대로 인제 그만 털고 일어나야겠다. 그래야 좋은 기운으로 다시 또 진심으로 응원할 수 있을 것 같네. 덕분이야, 정말 고마워!	Y	2022-07-25 04:44:12	2022-11-08 04:37:52
