id	utterance_id	utterance_type	utterance_text	terminate	regDate	updDate
BE22010809	1	0	1년 동안 열심히 공부했는데 어제 필기시험에서 떨어졌어. 내 노력까지 한순간에 없어지는 거 같아서 지금 너무 슬프다.	N	2022-07-21 12:17:39	2022-11-08 04:33:55
BE22010809	2	1	아이고, 그 마음이 어떨지 알아서 나도 마음이 안 좋네. 왜 나만 떨어졌나 원망스럽기도 할 거 같아.	N	2022-07-21 12:17:39	2022-11-08 04:33:55
BE22010809	3	0	문제 풀면서도 느낌이 좋았던 만큼 기대를 너무 했는지 그만큼 실망이 크다. 정신적으로 받는 고통이 너무 크네.	N	2022-07-21 12:17:39	2022-11-08 04:33:55
BE22010809	4	1	왜 안 그러겠어. 열심히 한 만큼 실망감도 클 거 같아. 듣는 나도 이렇게 실망스러운데 너는 오죽할까.	N	2022-07-21 12:17:39	2022-11-08 04:33:55
BE22010809	5	0	난 내가 당연히 필기시험에 합격할 줄 알았어. 지금 너무 슬퍼서 눈물이 계속 나오고 아무런 의욕도 생기지 않아.	N	2022-07-21 12:17:39	2022-11-08 04:33:55
BE22010809	6	1	말만 들어도 너무 마음이 아프다. 그런 자격증 시험이 뭐라고 사람을 이렇게 힘들게 하는지, 참 속상할 거 같아.	N	2022-07-21 12:17:39	2022-11-08 04:33:55
BE22010809	7	0	공부하는 동안 옆에서 도와주신 부모님께는 또 뭐라고 말씀드려야 할지 모르겠어. 부모님이 실망하셨을 걸 생각하면 너무 마음이 아파.	N	2022-07-21 12:17:39	2022-11-08 04:33:55
BE22010809	8	1	기운 내! 지금은 부모님보다는 너를 먼저 생각하는 게 어떨까? 네가 이겨내야 부모님도 가슴이 덜 아프실 거 같아.	N	2022-07-21 12:17:39	2022-11-08 04:33:55
BE22010809	9	0	아, 정말 그렇겠다. 생각하지도 못했는데 조언 고마워. 아직은 이 슬픔을 이겨낼 수 있을지 자신 없지만, 노력은 해볼게!	N	2022-07-21 12:17:39	2022-11-08 04:33:55
BE22010809	10	1	너의 그런 마음가짐이 일단 반은 이겨낸 거 같은데? 굳게 마음먹고 하면 넌 꼭 해내니까 이번에도 그럴 수 있을 거라 믿어.	N	2022-07-21 12:17:39	2022-11-08 04:33:55
BE22010809	11	0	와, 정말 고마워. 너의 그 따뜻한 말 한마디에 마음이 많이 편해졌어.	N	2022-07-21 12:17:39	2022-11-08 04:33:55
BE22010809	12	1	너야말로 그렇게 말해주니 내가 다 고마운걸. 그래 지금처럼 기운 내서 자격증 시험에도 다시 도전한다면 꼭 붙을 수 있을 거야.	N	2022-07-21 12:17:39	2022-11-08 04:33:55
BE22010809	13	0	그럴까? 너한테 털어놓길 정말 잘한 거 같아. 갑자기 긍정의 힘이 엄청나게 생기는 거 같다.	N	2022-07-21 12:17:39	2022-11-08 04:33:55
BE22010809	14	1	물론이지! 도움을 줄 수 있는 일이라면 나도 도와줄게.	N	2022-07-21 12:17:39	2022-11-08 04:33:55
BE22010809	15	0	너밖에 없어. 정말 고마워! 조만간 얼굴이라도 한번 보자.	Y	2022-07-21 12:17:39	2022-11-08 04:33:55
