id	utterance_id	utterance_type	utterance_text	terminate	regDate	updDate
BE22007790	1	0	비 오는 날 간만에 오일장에 갔다가 밭에서 수확한 나물류를 늘어놓고 파는 할머니를 만났어. 너무 안쓰러워 보여서 남은 나물을 모두 싸 달라고 해서 가지고 왔네.	N	2022-07-11 08:37:32	2022-11-08 04:14:33
BE22007790	2	1	감정화자님이 보시기에 그 할머니가 너무 안 돼 보이셨나 봐요. 얼마나 처량해 보이셨으면 그 나물들을 죄다 사 오셨을까요.	N	2022-07-11 08:37:32	2022-11-08 04:14:33
BE22007790	3	0	그 어르신은 식사도 못 하셨는지 눈이 퀭하신데다 비는 오는데 좌판에 나물은 가득하더라고. 어찌나 불쌍해 보이시든지 돌아가신 엄마 생각이 나서 눈물이 날 것 같더라니까.	N	2022-07-11 08:37:32	2022-11-08 04:14:33
BE22007790	4	1	감정화자님이 돌아가신 어머님 생각에 더 슬프셨나 보네요. 그래도 감정화자님 덕분에 그 어르신은 일찍 집으로 돌아가실 수 있었을 거예요. 정말 잘하셨네요.	N	2022-07-11 08:37:32	2022-11-08 04:14:33
BE22007790	5	0	그렇긴 하지. 우리 어머니도 시골에서 장날이면 집에서 키우시던 과채들을 내다 파셨거든. 멀리서 보니 정말 우리 어머니랑 모습이 비슷하시더라고.	N	2022-07-11 08:37:32	2022-11-08 04:14:33
BE22007790	6	1	그러게요. 어머님이 이 세상에 계시지 않으니 안타까움이 더 했을 것 같아요. 그래도 좋은 일 하셨으니 너무 서글퍼하지 마세요.	N	2022-07-11 08:37:32	2022-11-08 04:14:33
BE22007790	7	0	나이 든 것도 서러운데 생활이 궁핍하니 몸이 힘들어도 쉬지를 못하시는 거잖아. 비까지 오는 궂은날에도 좌판을 벌여야 하는 그 할머니는 얼마나 한탄스럽겠어.	N	2022-07-11 08:37:32	2022-11-08 04:14:33
BE22007790	8	1	그러게요, 정말 안돼 보이세요. 정부 차원에서 사각지대에 놓인 어르신들에 대한 보다 세심한 대책이 필요할 것 같아요.	N	2022-07-11 08:37:32	2022-11-08 04:14:33
BE22007790	9	0	내가 성공해서 잘살게 되면 그때 부모님께 잘해드려야지 생각하지만, 이는 어리석은 생각 같아. 부모님은 그때까지 기다려주지 않으시니 말이야.	N	2022-07-11 08:37:32	2022-11-08 04:14:33
BE22007790	10	1	그러게요. 저도 반성 많이 하고 있어요. 부모님께서 살아계신 것만으로도 얼마나 큰 행복인데 그걸 깨닫지 못하고 철부지처럼 행동하고 있으니.	N	2022-07-11 08:37:32	2022-11-08 04:14:33
BE22007790	11	0	나도 만날 어머니 속만 썩이고 효도 한번 제대로 못 했는데 어느 날 홀연히 가시더라고. 어머니랑 비슷한 뒷모습만 봐도 눈물이 나고 사무치게 그립네.	N	2022-07-11 08:37:32	2022-11-08 04:14:33
BE22007790	12	1	그럼 저랑 함께 양로원 같은 곳에 자원봉사 하시는 건 어떨까요? 음식도 간단히 준비해서 1년에 몇 번씩이라도 봉사할 기회를 만들면 좋을 것 같아요.	N	2022-07-11 08:37:32	2022-11-08 04:14:33
BE22007790	13	0	그거참 좋은 생각이네. 이런 일 겪을 때마다 한탄만 했는데 공감화자 덕분에 보람찬 일을 할 수 있게 됐네. 정말 고마워. 당장 관련 사이트 검색해서 봉사할 수 있는 곳을 찾아보자고.	N	2022-07-11 08:37:32	2022-11-08 04:14:33
BE22007790	14	1	제가 도리어 감사드려요. 감정화자님 덕분에 저도 봉사라는 걸 할 수 있는 기회가 주어졌잖아요. 앞으로도 함께 베풀며 살아가요.	Y	2022-07-11 08:37:32	2022-11-08 04:14:33
