id	utterance_id	utterance_type	utterance_text	terminate	regDate	updDate
BE22013268	1	0	어제 장갑 한 짝을 잃어버려서 나머지도 버렸어. 버릴 때 너무 슬퍼서 눈물이 핑 돌았다니까.	N	2022-08-05 09:40:23	2022-08-05 09:40:23
BE22013268	2	1	어머, 정말? 잃어버린 사실을 알았을 때 네가 엄청 속상했겠다.	N	2022-08-05 09:40:23	2022-11-08 04:49:24
BE22013268	3	0	맞아. 분명 어제 외출하기 전까지는 주머니에 두 짝 다 있었는데 집에 들어와 보니까 없더라고. 너무 속상하더라.	N	2022-08-05 09:40:23	2022-11-08 04:49:24
BE22013268	4	1	나도 물건 잃어버린 적이 많아서 네 맘 잘 알 것 같아. 네가 아주 속상하고 슬펐겠다.	N	2022-08-05 09:40:23	2022-11-08 04:49:24
BE22013268	5	0	잃어버린 걸 알자마자 근처를 다 둘러봤는데, 없더라. 아무래도 길 가다가 떨어트린 것 같아. 나는 왜 이렇게 칠칠치 못할까?	N	2022-08-05 09:40:23	2022-11-08 04:49:25
BE22013268	6	1	듣는 나도 속상함에 눈물이 핑 도는데 넌 오죽할까. 네가 종일 기분이 안 좋고 우울할 수밖에 없겠다.	N	2022-08-05 09:40:23	2022-11-08 04:49:25
BE22013268	7	0	그 장갑 작년에 어머니가 사주신 거라 되게 아끼는 거였거든. 나한테 정말 소중한 거였는데 허무하게 잃어버려서 너무 슬퍼.	N	2022-08-05 09:40:23	2022-08-05 09:40:23
BE22013268	8	1	내가 네 상황이었어도 너무 짜증 나고 속상했을 것 같아. 네가 많이 슬퍼하니까 네 마음도 찢어질 듯이 아프다.	N	2022-08-05 09:40:23	2022-11-08 04:49:25
BE22013268	9	0	무엇보다 그 장갑을 선물해주신 어머니가 잃어버렸다는 소식을 듣고 속상해하실까 봐 제일 걱정돼. 그것만 생각하면 너무 슬퍼서 눈물이 핑 돌아.	N	2022-08-05 09:40:23	2022-11-08 04:49:25
BE22013268	10	1	왜 안 그러겠어. 나였어도 어머니께 정말 미안하면서도 이 상황이 너무 원망스러웠을 것 같아. 하지만 일부러 떨어트린 것도 아니니까, 어머니께서도 상황을 이해해주실 거야.	N	2022-08-05 09:40:23	2022-11-08 04:49:25
BE22013268	11	0	정말 그럴까? 어머니께서 많이 서운해하실까 봐 아직 잃어버렸다고 말도 못 했거든.	N	2022-08-05 09:40:23	2022-11-08 04:49:25
BE22013268	12	1	물론 잠깐 서운하실 수는 있지만 네가 일부러 그런 것도 아니잖아. 게다가 네가 그 장갑을 얼마나 소중하게 생각하고 있었는지도 아실 테니까 충분히 이해해주실 거야. 그러니까 너무 걱정하지 마.	N	2022-08-05 09:40:23	2022-11-08 04:49:25
BE22013268	13	0	그렇겠지? 일단 어머니께 솔직하게 말씀드려봐야겠어. 나의 진심을 전해드리면 이해해주시겠지?	N	2022-08-05 09:40:23	2022-08-05 09:40:23
BE22013268	14	1	속상하고 힘든 일이 있어도 웃음을 잃지 않고 긍정적으로 생각하는구나! 나는 늘 너의 그런 모습이 멋져 보였어. 분명 이번에도 네 얘기를 들으시면 어머니께서도 이해해주실 거야.	N	2022-08-05 09:40:23	2022-11-08 04:49:25
BE22013268	15	0	네 말이 맞아. 장갑은 다시 새로운 걸로 사면 그만이지! 덕분에 슬펐던 기분이 한결 나아졌어, 고마워.	Y	2022-08-05 09:40:23	2022-08-05 09:40:23
