id	utterance_id	utterance_type	utterance_text	terminate	regDate	updDate
BE22003959	1	0	혹시 그 아이돌 해체한다는 기사를 보셨나요? 제가 어릴 때부터 좋아하던 그룹인데 너무 슬프네요.	N	2022-06-27 01:31:06	2022-11-08 03:49:54
BE22003959	2	1	저도 봤어요. 어릴 적부터 좋아했으면 많이 심란하시겠네요. 괜찮으세요? 너무 슬퍼하지 말아요.	N	2022-06-27 01:31:06	2022-11-08 03:49:54
BE22003959	3	0	저도 그러고 싶은데 제 지난날의 추억이 사라지는 것 같아서 계속 눈물이 나요.	N	2022-06-27 01:31:06	2022-11-08 03:49:54
BE22003959	4	1	얼마나 마음이 찢어질지 저도 알 것 같아요. 저도 어릴 때 자주 가던 식당이 사라졌을 때 하루 종일 울기만 했었던 기억이 나요. 그 어떤 것도 저를 위로 할 수 없었죠.	N	2022-06-27 01:31:06	2022-11-08 03:49:54
BE22003959	5	0	맞아요 하루 종일 울어서 눈이 부었지 뭐예요. 왜 굳이 해체를 했는지 참.	N	2022-06-27 01:31:06	2022-11-08 03:49:54
BE22003959	6	1	특별한 일이 있었던 거예요? 오래 갈 줄 알았는데 이렇게 해체를 해버리니 저도 당황스럽네요.	N	2022-06-27 01:31:06	2022-11-08 03:49:54
BE22003959	7	0	그냥 갑작스러운 결정인 것 같아요. 이젠 누구 노래를 들어야 할지 모르겠네요.	N	2022-06-27 01:31:06	2022-11-08 03:49:54
BE22003959	8	1	다시 새로운 그룹을 알아가면 되죠! 조금만 기다리면 분명 좋아하는 그룹은 또 나올 거예요. 너무 슬퍼하지 말아요!	N	2022-06-27 01:31:06	2022-11-08 03:49:54
BE22003959	9	0	그럴 수 있을까요? 새로운 것을 찾는 건 너무 까마득하고 어려운 일인 걸요.	N	2022-06-27 01:31:06	2022-11-08 03:49:54
BE22003959	10	1	원래 모든 건 처음부터 시작하는 법이잖아요. 막막할 순 있겠지만 그게 어렵지는 않을 거예요.	N	2022-06-27 01:31:06	2022-11-08 03:49:54
BE22003959	11	0	그랬으면 좋겠는데 왜 계속 눈물이 날까요. 다시 이렇게 좋아하는 그룹을 만날 수 있는 걸까요?	N	2022-06-27 01:31:06	2022-11-08 03:49:54
BE22003959	12	1	지금은 눈물도 나고 마음이 공허해진 느낌이 들겠지만 시간이 지나고 새로운 그룹을 만나면 괜찮을 거예요. 다시 새로운 그룹을 만나서 열심히 응원하려면 기운 내야죠!	N	2022-06-27 01:31:06	2022-11-08 03:49:54
BE22003959	13	0	응원해줘서 정말 고마워요. 덕분에 용기가 나는 것 같아요.	N	2022-06-27 01:31:06	2022-11-08 03:49:54
BE22003959	14	1	다행이네요! 눈물 그치고 앞으로 새로 생겨날 그룹을 위해서 힘을 아껴두자고요!	N	2022-06-27 01:31:06	2022-11-08 03:49:54
BE22003959	15	0	좋아하는 그룹이 생기면 가장 먼저 알려줄게요!	Y	2022-06-27 01:31:06	2022-11-08 03:49:54
