id	utterance_id	utterance_type	utterance_text	terminate	regDate	updDate
BE22006842	1	0	오늘 헤어진 전 남친이 보낸 편지들을 다 태웠어요. 연기가 막 피어오르기에 그걸 핑계대고 눈물을 펑펑 쏟았네요.	N	2022-07-07 07:46:58	2022-11-08 04:08:33
BE22006842	2	1	어머나, 저를 어째? 그 장면이 눈에 선해서 제 가슴이 찢어지네요. 그 정도면 아직 미련이 남아 있다는 건데 얼마나 마음이 힘드세요?	N	2022-07-07 07:46:58	2022-11-08 04:08:33
BE22006842	3	0	네, 사실은 제가 차인 거라 아직 마음 정리가 안 끝났어요. 나는 아직 사랑한다고 말했는데 그는 아니라고 하대요. 내게서 이미 마음이 떠나 다른 사람을 좋아한대요.	N	2022-07-07 07:46:58	2022-11-08 04:08:33
BE22006842	4	1	세상에, 말만 들어도 제가 다 눈물이 나네요. 그렇게 잔인한 말을 앞에서 들었으니 그 심정이 어떻겠어요? 마음의 상처가 말도 못 하겠어요.	N	2022-07-07 07:46:58	2022-11-08 04:08:33
BE22006842	5	0	상처야 말해 뭐해요? 시간이 지났는데도 지금까지 현실을 깨닫지 못 하고 있었어요. 그래서 오늘 정신을 차리려고 편지를 다 태운 거예요.	N	2022-07-07 07:46:58	2022-11-08 04:08:33
BE22006842	6	1	그 심정이 너무 이해가 돼요. 나 아닌 다른 사람이 좋다는 남자를 붙들고 있으면 뭐 해요? 그러면 그쪽 마음만 계속 다칠 테니 정말 잘하신 거예요.	N	2022-07-07 07:46:58	2022-11-08 04:08:33
BE22006842	7	0	네, 그러고 났더니 실감이 나면서 이제 잊어버리자고 혼자 다짐했어요. 그런데 그 마음이 또 너무 슬픈 거예요. 그렇게 서로 좋아했던 시간은 다 어디로 가버렸나 싶더라고요.	N	2022-07-07 07:46:58	2022-11-08 04:08:33
BE22006842	8	1	그렇죠. 사람의 감정은 변하고 나면 간 곳을 모르죠. 가 버린 건 가는 대로 보내주고 우린 다시 시작하면 돼요. 힘을 내서 새로운 사랑을 찾으라고 말하면 너무 이른 건가요?	N	2022-07-07 07:46:58	2022-11-08 04:08:33
BE22006842	9	0	새로운 사랑을 찾을 수만 있다면 그것보다 좋은 일이 없겠지요. 그런데 아직 묵은 감정이 남아 있는데 그게 쉽겠어요?	N	2022-07-07 07:46:58	2022-11-08 04:08:33
BE22006842	10	1	사랑의 상처에 가장 좋은 약은 새로운 사랑이라고 하잖아요. 그러자면 일단 사람을 많이 만나야 해요. 혼자만의 공간에 자신을 가두지 말고 밖으로 나오세요.	N	2022-07-07 07:46:58	2022-11-08 04:08:33
BE22006842	11	0	아닌 게 아니라 정말 밖에 나가서 사람들을 만나야 할까 봐요. 혼자 있으니 계속 눈물만 나면서 우울증이 깊어지고 있어요. 이러다가 정말 무슨 짓을 저지를까 무서워요.	N	2022-07-07 07:46:58	2022-11-08 04:08:33
BE22006842	12	1	옆에서 저처럼 말해줘도 들은 척 않는 사람이 많아요. 그런데 그쪽은 자신의 상황을 정확하게 인지하고 계시는 거 같아 마음이 놓이네요. 이제 정말 밖으로 나올 준비가 끝나신 거 같아요.	N	2022-07-07 07:46:58	2022-11-08 04:08:34
BE22006842	13	0	어쩌면 그럴지도 모르겠어요. 그 쪽에게 문자를 보낸 건 밖으로 나가고 싶다는 신호일 지도 몰라요.	N	2022-07-07 07:46:58	2022-11-08 04:08:34
BE22006842	14	1	너무 큰 상처는 사실 들여다보기도 무섭잖아요? 그런데 편지를 태웠다는 건 그 상처가 어느 정도 아물었다는 뜻이에요. 이제 떨치고 나오시기만 하면 돼요.	N	2022-07-07 07:46:58	2022-11-08 04:08:34
BE22006842	15	0	그렇게 말씀해 주시니 왠지 용기가 생기네요. 말씀하신 대로 다른 사람한테 가버린 사람을 붙들고 있으면 뭐 하겠어요? 내 삶을 위해서라도 떨치고 나가야겠어요. 감사해요.	Y	2022-07-07 07:46:58	2022-11-08 04:08:34
