id	utterance_id	utterance_type	utterance_text	terminate	regDate	updDate
BE22012585	1	0	얼마 전에 췌장암으로 투병하던 동생이 세상을 떠났어요. 아직 젊은 나이인데 그리 쉽게 가버려서 너무나 비통한 마음입니다.	N	2022-07-31 23:35:33	2022-11-08 04:45:09
BE22012585	2	1	부모님이 일찍 돌아가셔서 형을 부모님처럼 따르던 동생을 잃었으니 그 비통함이 얼마나 크시겠어요. 동생을 아끼고 사랑하던 마음을 알고 있기에 제 마음도 몹시 아프답니다.	N	2022-07-31 23:35:33	2022-11-08 04:45:09
BE22012585	3	0	동생이 암 진단을 받은 뒤 병원에서 투병하는 동안 형으로서 아무것도 손쓸 수가 없더라고요. 3개월 만에 허망하게 세상을 떠나다니 아직도 믿을 수가 없네요. 형언하기 어려운 슬픔에 가슴에 커다랗고 무거운 바위가 얹혀 있는 것 같았어요.	N	2022-07-31 23:35:33	2022-11-08 04:45:09
BE22012585	4	1	뭐라고 위로할 말을 찾을 수 없는 큰 슬픔을 겪고 계시네요. 제 마음도 한없는 비통함에 그대로 주저앉아 울고 싶습니다.	N	2022-07-31 23:35:33	2022-11-08 04:45:09
BE22012585	5	0	장례 기간에는 눈물 한 방울 나오지 않더라고요. 복잡한 장례 절차도 제가 주도해야 하고, 조문객도 맞아야 하니까요. 무엇보다도 몸부림치며 우는 제수씨와 동생의 아이들을 위로하고 달래야 했습니다.	N	2022-07-31 23:35:33	2022-11-08 04:45:09
BE22012585	6	1	그럼요. 장례 기간에는 누구나 정신없이 지내게 마련이에요. 그리고 너무 큰 슬픔을 맞닥뜨리면 눈물이 나오지 않는다고들 하더라고요.	N	2022-07-31 23:35:33	2022-11-08 04:45:09
BE22012585	7	0	그런데 어제 퇴근길에 제 차를 타고 가다가 동생이 단골로 들르던 맥줏집을 지나게 되었어요. 저도 모르게 차를 세우고 그 맥줏집에 들어가서 동생이 있는지 한 바퀴 둘러보게 되더라고요. 정신을 차리니 그 허전함과 슬픔을 가눌 길이 없었어요.	N	2022-07-31 23:35:33	2022-11-08 04:45:10
BE22012585	8	1	저런, 동생이 너무나 그리우셨군요! 말씀만 들어도 제 가슴이 무너져내리네요. 그 비통한 마음이 전해져 지금 저는 눈물을 흘리고 있답니다.	N	2022-07-31 23:35:33	2022-11-08 04:45:10
BE22012585	9	0	제 차로 돌아와서는 운전석에 앉아서 한동안 실컷 울었답니다. 그동안 남모르게 가득 차 있던 눈물이 아무도 없는 곳에서 폭포수처럼 쏟아지더라고요.	N	2022-07-31 23:35:33	2022-11-08 04:45:10
BE22012585	10	1	그렇게 실컷 우셔야 해요. 그래야 가슴에 얹힌 슬픔의 커다란 바윗덩어리를 내려놓을 수 있답니다. 괜찮아요. 너무 잘 우셨어요.	N	2022-07-31 23:35:33	2022-11-08 04:45:10
BE22012585	11	0	맞아요. 그렇게 실컷 울고 나니 가슴이 후련해졌어요. 공감화자님이 제 이야기를 들어주시고 함께 슬퍼해주시니 큰 위로가 되네요.	N	2022-07-31 23:35:33	2022-11-08 04:45:10
BE22012585	12	1	위로가 되셨다니 정말 다행입니다. 저도 너무 슬픈 나머지 위로해드릴 말을 찾지 못하고 있었거든요.	N	2022-07-31 23:35:33	2022-11-08 04:45:10
BE22012585	13	0	이젠 괜찮습니다. 이제는 부모님이 살아 계실 때 동생과 함께 즐겁고 행복했던 추억이 떠올라 미소를 짓기도 한답니다. 이렇게 동생의 명복을 빌며 동생과의 아름다운 추억을 간직하고 살아가야겠지요.	N	2022-07-31 23:35:33	2022-11-08 04:45:10
BE22012585	14	1	네, 그 착하고 성실하던 감정화자님의 동생은 분명히 아주 좋은 곳에 가서 편안할 거예요.	N	2022-07-31 23:35:33	2022-11-08 04:45:10
BE22012585	15	0	네, 제 동생은 아마 천국에 갔을 거예요. 좋은 말씀 고맙습니다.	Y	2022-07-31 23:35:33	2022-11-08 04:45:10
