id	utterance_id	utterance_type	utterance_text	terminate	regDate	updDate
BE22012914	1	0	우리가 언제 이렇게 나이를 먹어버린 걸까?	N	2022-08-02 10:01:23	2022-11-08 04:47:13
BE22012914	2	1	나이 먹은 게 실감 나기 시작해서 조금 울적한가 보구나? 나도 요새 그런 거 느낄 때마다 좀 우울하긴 하더라.	N	2022-08-02 10:01:23	2022-11-08 04:47:13
BE22012914	3	0	어제 직원들끼리 놀다가 노래 좀 불러 볼까 하고 노래방엘 갔거든. 근데 최신곡들이라고 예약된 게 다 모르는 노래인 거야. 그래서 어제부터 지금까지 좀 우울해.	N	2022-08-02 10:01:23	2022-11-08 04:47:13
BE22012914	4	1	나도 길거리 돌아다니다 보면 온통 모르는 노래들만 흘러나오더라. 그 맘 이해해.	N	2022-08-02 10:01:23	2022-11-08 04:47:13
BE22012914	5	0	다른 직원들은 다들 신나서 막 부르는데 난 도저히 따라 할 수가 없더라고. 내가 이만큼이나 나이 먹었구나! 실감 나면서 슬퍼.	N	2022-08-02 10:01:23	2022-11-08 04:47:13
BE22012914	6	1	어린 직원들이랑 비교하니까 그런 거 아닐까? 그리고 요즘엔 세대도 너무 빨리 변해서 조금만 나이 차이가 나도 멀게 느껴지긴 하더라.	N	2022-08-02 10:01:23	2022-11-08 04:47:13
BE22012914	7	0	맞아. 그 속도를 따라가기가 정말 힘들어. 애들이 줄임말로 말하면 나 혼자 검색해보고 있다니깐.	N	2022-08-02 10:01:23	2022-11-08 04:47:13
BE22012914	8	1	바로바로 이해 못 한다고 생각되면 속상하지, 그렇지. 그래도 우린 우리만의 추억들이 많잖아. 그런 걸 좀 느끼려고 해보면 위안이 될 것 같은데?	N	2022-08-02 10:01:23	2022-11-08 04:47:13
BE22012914	9	0	사실 그런 추억들을 곱씹으면서 위안을 얻기도 해. 그때로 돌아가고 싶어서 이렇게 슬픈 거 같기도 하구.	N	2022-08-02 10:01:23	2022-11-08 04:47:13
BE22012914	10	1	맞아. 어쩌면 그럴지도 몰라. 하지만 그런 추억들은 절대 사라지지 않는 거 알지? 뒤처진다고 생각하는 것 보다 우린 조금 다른 시대를 보내는 거라고 생각하면 어때?	N	2022-08-02 10:01:23	2022-11-08 04:47:13
BE22012914	11	0	음 그렇게 생각하면 조금 덜 슬플 것 같다. 어린 친구들이 좋은 추억을 만들어가게끔 응원해줄 수도 있을 것 같고.	N	2022-08-02 10:01:23	2022-11-08 04:47:13
BE22012914	12	1	그거야! 그러면서 우리도 조금씩 요즘 것들을 배우고 즐기면 그것도 꽤 즐거운 일이 될 거야! 우리도 아직 젊다고.	N	2022-08-02 10:01:23	2022-11-08 04:47:13
BE22012914	13	0	네 말을 들으니까 우울한 게 좀 사라진다. 맞아. 뒤처진다고 생각하지 말고 같이 즐기려고 해야겠어. 나만 나이 드는 것도 아니고 말이야!	N	2022-08-02 10:01:23	2022-11-08 04:47:13
BE22012914	14	1	긍정적인 생각 너무 좋아. 다음엔 나랑 노래방 가서 추억 놀이하자!	Y	2022-08-02 10:01:23	2022-11-08 04:47:13
