id	utterance_id	utterance_type	utterance_text	terminate	regDate	updDate
BE22011555	1	0	오늘 병원에 다녀왔는데, 내가 요즘 너무 무리해서 병이 생긴 거 있지.	N	2022-07-25 09:24:15	2022-11-08 04:38:41
BE22011555	2	1	정말? 무슨 일이야, 어디가 아픈 거야? 너 요즘 많이 힘들었나 보다.	N	2022-07-25 09:24:15	2022-11-08 04:38:41
BE22011555	3	0	이석증이라는데 스트레스를 많이 받으면 생긴다고 하더라고. 요즘 많이 피곤하긴 했는데, 몸을 너무 혹사했나 싶어서 슬프네.	N	2022-07-25 09:24:15	2022-11-08 04:38:41
BE22011555	4	1	요즘 스트레스를 받는 일이 많았구나. 네가 부쩍 일이 바빠 보이긴 했어. 바빠서 정신도 없을 텐데 몸까지 안 좋으니 기분도 더 울적하겠다.	N	2022-07-25 09:24:15	2022-11-08 04:38:41
BE22011555	5	0	할 일이 있으면 어떻게든 끝내느라 얼마 못 자다 보니 몸이 상했나 봐. 건강이 제일 중요한 건데, 병이 생기고 나서야 후회하는 내 자신이 슬프다.	N	2022-07-25 09:24:15	2022-11-08 04:38:41
BE22011555	6	1	그래, 건강이 제일 중요하지. 그런데 네가 워낙 일에 대한 욕심이 크잖아, 그래서 몸보다는 일을 우선시하게 됐나 봐. 나는 일을 잘 해내고 싶어서 그랬던 네 마음도 이해가 가.	N	2022-07-25 09:24:15	2022-11-08 04:38:41
BE22011555	7	0	맞아. 요즘 실적 때문에 일을 좀 열심히 하긴 했어. 근데 결국 이렇게 아프게 되면 일에 차질이 생기더라고. 너무 무리하지 말고 적당히 체력을 아껴둘 걸 그랬나 봐, 내가 너무 짧게 생각했어.	N	2022-07-25 09:24:15	2022-11-08 04:38:41
BE22011555	8	1	이전에는 경험치가 없었으니 실수할 수도 있는 거지. 너무 자책하진 마, 주어진 상황에 대해 최선을 다하려다 보니 생긴 작은 실수라고 생각하자. 이제라도 네 체력의 한계를 알았으니, 앞으로는 더욱 조심해서 하면 되지 않을까?	N	2022-07-25 09:24:15	2022-11-08 04:38:41
BE22011555	9	0	음, 맞아. 나는 네가 너무 미련스럽게 일한 것 같아서 후회됐거든. 근데 네 말대로 자책하지 말고 그렇게 생각해 봐야겠다.	N	2022-07-25 09:24:15	2022-11-08 04:38:41
BE22011555	10	1	그래, 네가 못 할 게 뭐야. 너는 한번 마음먹은 건 무조건 해내는 애잖아. 이제부터는 일에 쏟고 있던 열정 일부분을 건강에도 쏟으면 돼.	N	2022-07-25 09:24:15	2022-11-08 04:38:41
BE22011555	11	0	그래, 네 말대로 노력하면 못 할 게 뭐겠어. 너랑 대화하다 보니까 오히려 더 큰 병이 생기기 전에 빨리 깨달은 게 다행이다 싶어.	N	2022-07-25 09:24:15	2022-11-08 04:38:41
BE22011555	12	1	맞아, 지금부터는 몸에 너무 무리가 가지 않을 정도로 일하고 늘 적당한 양의 휴식도 취해보자. 체력 관리도 처음부터 잘하는 사람은 없잖아? 마음을 가볍게 먹고 꾸준히 연습하면 될 거야.	N	2022-07-25 09:24:15	2022-11-08 04:38:41
BE22011555	13	0	응, 좋은 생각이야. 너랑 대화하다 보니 든 생각인데, 이제 나도 주말에는 좀 쉬면서 체력 보충하는 시간을 가져야겠어.	N	2022-07-25 09:24:15	2022-11-08 04:38:41
BE22011555	14	1	그래, 인생은 단거리 달리기가 아니잖아. 우리 장거리로 오랫동안 달리기 위해서 적당히 휴식도 갖고, 몸도 잘 챙겨 보자. 넌 잘할 수 있을 거야.	N	2022-07-25 09:24:15	2022-11-08 04:38:41
BE22011555	15	0	고마워, 너랑 대화하면서 이제 갈피를 좀 잡은 것 같아.	Y	2022-07-25 09:24:15	2022-11-08 04:38:41
