id	utterance_id	utterance_type	utterance_text	terminate	regDate	updDate
BE22013465	1	0	시어머니와는 얼굴을 맞대는 것조차 부담스러워요. 마음의 슬픔이 터지는 느낌이 들거든요.	N	2022-08-08 06:20:05	2022-08-08 06:20:05
BE22013465	2	1	아, 두 분 사이가 좋지 않은 모양이네요. 무슨 일이 있었던 거죠?	N	2022-08-08 06:20:05	2022-08-08 06:20:05
BE22013465	3	0	저희 아이가 올해 많이 아팠어요. 뇌척수막염을 앓은 뒤로부터 잦은 경기로 수시로 응급실도 가고 입원도 여러 차례 했어요. 말도 못 할 마음고생하고 있어서 지금도 힘이 들어요.	N	2022-08-08 06:20:05	2022-08-08 06:20:05
BE22013465	4	1	아이가 아프면 부모의 마음은 대신 아프고 싶을 만큼 마음이 찢어지죠. 감정화자님이 그동안 얼마나 마음고생이 심하셨을지 상상도 안 되네요.	N	2022-08-08 06:20:05	2022-11-08 04:50:37
BE22013465	5	0	시어머니는 볼 때마다 우리 집안에는 그런 유전자가 없으니 외가에 있는지 알아봐라. 아무래도 악귀가 든 것 같으니 점을 보러 가자는 구태의연한 말을 로봇처럼 반복하고 있어요. 저는 너무 환멸이 느껴지고 그 슬픔이 말할 수 없이 커요.	N	2022-08-08 06:20:05	2022-11-08 04:50:37
BE22013465	6	1	어른이라면서 어떻게 저런 말도 안 되는 말을 할 수가 있는 거죠? 저런 부끄러운 말들을 아무렇지 않게 할 수 있다는 게 놀랍네요. 아이 간호하는 것도 보통 일이 아닌데 가족에게 저런 말을 들으셨으니 그동안 얼마나 힘드셨어요?	N	2022-08-08 06:20:05	2022-11-08 04:50:37
BE22013465	7	0	그동안은 제 얼굴에 침 뱉기라 생각이 되어 속으로만 담아두고 있었어요. 그런데 정도가 더 심해지시니 저도 이제 한계가 왔나 봐요.	N	2022-08-08 06:20:05	2022-08-08 06:20:05
BE22013465	8	1	속으로 담아두면 마음에 병이 생겨요. 앞으로는 혼자 속앓이하지 마시고 힘든 일 있으면 저에게 뭐든 털어놓으세요. 작은 힘이라도 보태고 싶고 기댈 수 있는 어깨가 되어 드리고 싶은 마음뿐이에요.	N	2022-08-08 06:20:05	2022-11-08 04:50:37
BE22013465	9	0	맞아요, 아무에게도 말하지 못하는 심경은 그저 갑갑할 뿐이었어요. 지금 공감이 엄마에게 마음을 털어놓으면서 마음 한 자락 상쾌한 바람이 들어오는 기분이 들어요. 진작 이럴 걸 하는 생각이 들고 아무튼 내 이야기를 들어줘서 고마워요.	N	2022-08-08 06:20:05	2022-11-08 04:50:37
BE22013465	10	1	남이어도 안쓰럽고 위로하고 싶어지는데 가까운 가족이 칼날 같은 말을 하니 얼마나 슬프실까요. 그리고 이제부터는 싫은 내색을 따끔하게 듣고 싶지 않다고 하세요. 죄를 지은 것도 아닌데 그런 말 다 들어드릴 이유가 없어요.	N	2022-08-08 06:20:05	2022-11-08 04:50:37
BE22013465	11	0	그래야겠죠? 힘 빠지고 아프고 긴 전쟁의 한 가운데 놓인 자신이 너무 안쓰러워요. 더 이상 나를 아무렇게나 놓아두고 싶지 않고 아이를 위해서 더더욱 힘을 내야겠어요.	N	2022-08-08 06:20:05	2022-08-08 06:20:05
BE22013465	12	1	맞아요, 잘 생각했어요, 감정화자님. 그런 모욕적인 말을 더 들을 이유가 없죠. 아픈 아이에게 집중하는 데 온전히 힘을 쓰는 게 차라리 나아요. 그러면 차차 마음도 예전처럼 평화로워질 거라 믿어요.	N	2022-08-08 06:20:05	2022-11-08 04:50:37
BE22013465	13	0	이웃사촌이 최고네요. 대화를 나누면서 그동안 느꼈던 불쾌한 감정이 밖으로 나오니까 기분이 한결 나아졌어요. 앞으로도 마음 복잡한 일 생기면 달려오고 싶을 만큼요.	N	2022-08-08 06:20:05	2022-08-08 06:20:05
BE22013465	14	1	감정화자님에게 작은 도움이라도 될 수 있다면 저는 언제라도 환영이에요. 앞으로도 힘든 거 쌓아두지 말아요. 그리고 기운 내서 감정화자님네 가족 모두 마음이 평온해지기를 바라요.	N	2022-08-08 06:20:05	2022-11-08 04:50:37
BE22013465	15	0	네. 저도 공감이 엄마 바람처럼 되었으면 좋겠어요.	Y	2022-08-08 06:20:05	2022-08-08 06:20:05
