id	utterance_id	utterance_type	utterance_text	terminate	regDate	updDate
BE22011735	1	0	애들이 하나둘씩 군대를 가버리는구나. 이젠 정말 나만 남았어. 나 좀 슬프고 외로운 것 같아.	N	2022-07-26 03:45:35	2022-11-08 04:39:49
BE22011735	2	1	그러게. 그 친구가 거의 마지막으로 가는 거지? 너랑 정말 친했었는데 많이 외롭겠다.	N	2022-07-26 03:45:35	2022-11-08 04:39:49
BE22011735	3	0	응 벌써 마음이 허하고 좀 슬퍼. 이제 누구랑 만나서 술 마시냐.	N	2022-07-26 03:45:35	2022-11-08 04:39:49
BE22011735	4	1	친구가 만날 수 없는 먼 곳으로 가면 외로워지는 거 나도 이해해. 특히 친한 친구가 당분간 연락이 안 되면 날개 한쪽을 잃은 것 같지.	N	2022-07-26 03:45:35	2022-11-08 04:39:49
BE22011735	5	0	응 정말 그렇다. 외로움을 잘 몰랐는데 외롭다는 걸 이제야 좀 알 것 같아.	N	2022-07-26 03:45:35	2022-11-08 04:39:49
BE22011735	6	1	에이 그래도 분명히 시간은 흐르고 전역 날짜는 다가올 거야. 생각보다 금방 올 테니 너무 우울해하지 말고 잘 기다려보자.	N	2022-07-26 03:45:35	2022-11-08 04:39:49
BE22011735	7	0	정말 시간이 빨리 갈까?	N	2022-07-26 03:45:35	2022-11-08 04:39:49
BE22011735	8	1	그럼. 이제 곧 개강이고 또 시끌벅적하게 알바도 하고 시험도 치다 보면 금방이지. 어느새 그 친구가 옆에 와 있을 거야.	N	2022-07-26 03:45:35	2022-11-08 04:39:50
BE22011735	9	0	그렇구나. 하기는 일상에 빠져서 시간을 보내다 보면 어느 순간 가을이고 곧 겨울이더라. 네 말을 듣고 보니 좀 위로가 된다.	N	2022-07-26 03:45:35	2022-11-08 04:39:50
BE22011735	10	1	그래. 그리고 그 친구 면회도 다니고 하다 보면 정말로 견디기가 그렇게 어렵진 않을 거라 생각해. 나도 친구 여러 명 군대 보내서 그 상황을 잘 이해하거든.	N	2022-07-26 03:45:35	2022-11-08 04:39:50
BE22011735	11	0	역시 우리 나이 때는 모두가 비슷한 걸 경험하는구나. 마음이 좀 달래졌어. 나도 시간을 잘 견뎌볼게.	N	2022-07-26 03:45:35	2022-11-08 04:39:50
BE22011735	12	1	응. 군대 간 친구도 네가 씩씩하게 잘 지내는 걸 보여주면 좋아할 거야. 그리고 곧 무사히 잘 다녀와서 잘 지내서 다행이라고 말할 거야.	N	2022-07-26 03:45:35	2022-11-08 04:39:50
BE22011735	13	0	응. 너무 우울해하지 말고 기다려 볼게. 고마워 공감화자야. 네가 있어서 다행이다.	N	2022-07-26 03:45:35	2022-11-08 04:39:50
BE22011735	14	1	에이. 나도 네가 있어서 힘든 시간 잘 견딜 수 있었어. 우리 같이 외로워하지 말고 잘 지내보자.	N	2022-07-26 03:45:35	2022-11-08 04:39:50
BE22011735	15	0	응. 나도 너무 힘들거나 외로우면 또 연락할게. 고마워.	Y	2022-07-26 03:45:35	2022-11-08 04:39:50
