id	utterance_id	utterance_type	utterance_text	terminate	regDate	updDate
BE22007646	1	0	결국 아이를 잃었어요. 3개월이 되지 않았는데 아이를 유산했어요.	N	2022-07-11 01:45:36	2022-11-08 04:13:39
BE22007646	2	1	슬픔이 얼마나 크실지 감히 상상할 수가 없습니다. 세상에 그보다 더 큰 비통함이 있을까요.	N	2022-07-11 01:45:36	2022-11-08 04:13:39
BE22007646	3	0	너무 슬프고 마음이 아픕니다. 잃어버린 아이 생각을 하면 눈물만 나와요.	N	2022-07-11 01:45:36	2022-11-08 04:13:39
BE22007646	4	1	왜 안 그러시겠습니까. 연락을 받자마자 저도 눈물이 나려고 하는데요. 세상이 무너져 내린 기분이시겠지요.	N	2022-07-11 01:45:36	2022-11-08 04:13:39
BE22007646	5	0	제가 뭘 잘못했나 자꾸 자책을 하게 됩니다. 아무 죄 없는 아이가 저를 만나 태어나지 못한 것만 같아요. 스스로 너무 못난 사람인 것 같다는 생각이 듭니다.	N	2022-07-11 01:45:36	2022-11-08 04:13:39
BE22007646	6	1	누구나 안 좋은 일을 겪으면 자책하게 되겠지만 이 경우는 더욱더 선생님 잘못이 아닙니다. 누구보다 아이를 간절히 원하셨다는 것을 제가 아는걸요.	N	2022-07-11 01:45:36	2022-11-08 04:13:39
BE22007646	7	0	간절했던 만큼 너무나 소중했어요. 그런데 이렇게 허망하게 보내게 될 줄은 상상도 못했습니다.	N	2022-07-11 01:45:36	2022-11-08 04:13:39
BE22007646	8	1	선생님께서 얼마나 소중하게 생각하셨는지 잘 알아요. 그만큼 상실감도 크시겠죠. 그런데 이러다 선생님 몸까지 상하실까 걱정스럽습니다.	N	2022-07-11 01:45:36	2022-11-08 04:13:39
BE22007646	9	0	제 몸이야 어떻게 되든 상관없습니다. 아이도 못 지켰는걸요.	N	2022-07-11 01:45:36	2022-11-08 04:13:39
BE22007646	10	1	엄마가 지켜주지 못한 탓이 아니에요. 제가 알기로는 3개월이 되지 않아 아이를 잃는 건 아이가 건강하지 않은 경우가 대부분이라고 합니다. 태어났어도 세상을 힘들게 살았어야 할 거예요.	N	2022-07-11 01:45:36	2022-11-08 04:13:39
BE22007646	11	0	그런가요? 그럼 아이가 선택을 한 것일 수도 있겠군요. 생각지도 못했는데 선생님 말씀을 들으니 위로가 됩니다.	N	2022-07-11 01:45:36	2022-11-08 04:13:39
BE22007646	12	1	몸 잘 추스르시면 곧 다시 임신하실 수 있을 거예요. 아직 젊으시니 천천히 여유 있게 생각하세요. 그리고 그게 자신과 가족 모두를 위하는 길입니다.	N	2022-07-11 01:45:36	2022-11-08 04:13:39
BE22007646	13	0	제가 너무 비관적으로만 생각했었나 봐요. 세상이 무너져 내렸다고만 생각하고 헤쳐 나갈 생각을 못했던 것 같습니다. 선생님 말씀 들으니까 다시 일어서고 싶어져요.	N	2022-07-11 01:45:36	2022-11-08 04:13:39
BE22007646	14	1	감정을 추스르시는 것 같아 마음이 한결 놓입니다. 많이 슬퍼하셨으니 이제는 다시 앞으로 걸어가시길 바라요.	N	2022-07-11 01:45:36	2022-11-08 04:13:39
BE22007646	15	0	감사합니다. 놓쳤던 부분을 다시 생각하게 해주시고 용기를 주셨어요. 한결 마음이 가벼워졌습니다. 이제 그만 슬퍼하고 다시 일상으로 건강하게 복귀하겠습니다.	Y	2022-07-11 01:45:36	2022-11-08 04:13:39
