id	utterance_id	utterance_type	utterance_text	terminate	regDate	updDate
BE22009625	1	0	저 어젯밤에 술을 마시고 집에 어떻게 왔는지 기억이 안 나요.	N	2022-07-18 01:51:06	2022-11-08 04:26:23
BE22009625	2	1	많이 마신 모양이네요. 왜 그렇게 과음했어요?	N	2022-07-18 01:51:06	2022-11-08 04:26:23
BE22009625	3	0	친구가 결혼을 앞두고 동창들에게 술을 샀거든요. 오랜만에 친구들과 신나게 떠들며 마시다 보니, 술이 쓴 줄도 모르겠더라고요.	N	2022-07-18 01:51:06	2022-11-08 04:26:23
BE22009625	4	1	아, 그런 날 있죠. 저도 기분 좋은 일 있는 날은 술이 달게 느껴지더라고요. 감정화자님도 그래서, 주량 이상으로 마셨나 봐요.	N	2022-07-18 01:51:06	2022-11-08 04:26:23
BE22009625	5	0	네. 원래 소주 한 병이 주량인데 두 병은 마신 것 같아요. 친구들과 헤어져 택시를 탄 기억은 나는데, 그다음부터가 기억 안 나요. 아침에 눈을 떠 보니 제가 제 방 안에 누워 있더라고요.	N	2022-07-18 01:51:06	2022-11-08 04:26:23
BE22009625	6	1	필름이 완전히 끊긴 거네요. 그렇게 정신없는 와중에도 집을 찾아온 게 다행이에요. 뭐, 잃어버린 물건은 없어요?	N	2022-07-18 01:51:06	2022-11-08 04:26:23
BE22009625	7	0	지갑을 잃어버렸어요. 택시비를 결제할 때까지는 있었을 텐데, 어떻게 된 일인지 모르겠어요. 현금은 없었고 카드는 분실 신고 했어요. 그런데 아끼던 지갑이 사라진 게 속상해요.	N	2022-07-18 01:51:06	2022-11-08 04:26:23
BE22009625	8	1	남자 친구에게 선물 받았던 그 지갑 말이지요? 그 소중한 걸 잃어버리다니, 얼마나 마음 아프실까요? 택시 기사님과 통화는 해 보셨어요?	N	2022-07-18 01:51:06	2022-11-08 04:26:23
BE22009625	9	0	통화했는데, 모르겠다고 하시더라고요. 가뜩이나 숙취 때문에 괴로운데, 지갑 때문에 더 속이 쓰려요. 어제 좀 적당히 마실걸 하는 후회가 들고요.	N	2022-07-18 01:51:06	2022-11-08 04:26:23
BE22009625	10	1	저도 과음한 다음 날은 늘 후회하게 되더라고요. 하지만 시간은 되돌릴 수 없고, 후회할수록 마음만 힘드니, 지나친 자책은 하지 말아요. 다음에 같은 실수를 반복하지 않으면 되잖아요.	N	2022-07-18 01:51:06	2022-11-08 04:26:23
BE22009625	11	0	그럴 수 있을까요? 저는 요즘 술만 마시면 자꾸 오버하게 되어서요. 술을 자제하지 못하는 저 자신이 한심하게 느껴져요.	N	2022-07-18 01:51:06	2022-11-08 04:26:23
BE22009625	12	1	좋아하는 것 앞에서는 이성이 흐려지곤 하잖아요. 감정화자님은 술을 좋아하시는 만큼, 자제가 힘들 수밖에 없지요. 다음부터는 술을 마시기 전에 사람들에게 미리 한 병 이상을 마시지 않겠다고 공표하면 어떨까요?	N	2022-07-18 01:51:06	2022-11-08 04:26:23
BE22009625	13	0	아, 그렇게 해야겠네요. 그럼 누군가는 제가 오버하려고 할 때 저를 자제시켜 줄 테니까요. 다시는 이런 실수를 반복하지 않을 거예요.	N	2022-07-18 01:51:06	2022-11-08 04:26:23
BE22009625	14	1	네. 공감화자님의 굳은 의지에 주변의 도움이 합해지면, 다음부터는 괜찮을 거라 믿어요. 그러니 오늘은 숙취에 좋은 음식을 먹으며, 지친 몸과 마음을 달래도록 해 봐요.	N	2022-07-18 01:51:06	2022-11-08 04:26:23
BE22009625	15	0	네, 고마워요. 감정화자님의 이야기가 많은 도움이 되었어요.	Y	2022-07-18 01:51:06	2022-11-08 04:26:23
