id	utterance_id	utterance_type	utterance_text	terminate	regDate	updDate
BE22013313	1	0	나 너무 슬퍼서 손에 아무것도 안 잡혀.	N	2022-08-06 02:32:41	2022-08-06 02:32:41
BE22013313	2	1	남자 친구 군대 가는 것 때문에 그래?	N	2022-08-06 02:32:41	2022-11-08 04:49:41
BE22013313	3	0	응, 입대 영장을 받았다는 소리 들으니까 하늘이 무너지는 것 같아. 남자 친구 없는 일상은 생각해본 적도 없어서 자꾸 눈물이 나.	N	2022-08-06 02:32:41	2022-11-08 04:49:41
BE22013313	4	1	너희 둘이 만난 지 5년이 넘었으니까 일상이 정말 허전할 것 같아. 네 마음이 너무 애틋해 보여서 안쓰럽네.	N	2022-08-06 02:32:41	2022-11-08 04:49:41
BE22013313	5	0	언젠가 간다는 건 알고 있었지만, 막상 진짜 간다고 하니까 마음이 너무 안 좋다. 단체생활도 힘들어할 것 같아서 너무 걱정되고.	N	2022-08-06 02:32:41	2022-11-08 04:49:41
BE22013313	6	1	단순히 남자 친구가 아니라 가족처럼 여기고 있는 마음인 게 느껴진다. 그 친구를 생각하는 마음이 큰 만큼 슬픈 마음도 크겠구나. 남자 친구도 널 많이 걱정할 것 같아.	N	2022-08-06 02:32:41	2022-11-08 04:49:41
BE22013313	7	0	안 그래도 남자 친구도 자기 자신보다 날 더 신경 쓰더라고. 오랜 시간 함께해서 그런지 영화관도 혼자 가본 적이 없거든.	N	2022-08-06 02:32:41	2022-11-08 04:49:41
BE22013313	8	1	혼자 지낼 생각을 하니 암담한 마음도 이해돼. 하지만 부정적인 것만 생각하면 기다리는 시간이 너무 괴로울 거야. 긍정적으로 보면 새로운 경험을 해볼 수 있는 성장의 시간이 될 수 있지 않을까?	N	2022-08-06 02:32:41	2022-11-08 04:49:41
BE22013313	9	0	그렇게 생각하니까 기다리는 시간이 우울하게만 느껴지지는 않네. 그 시간을 현명하게 보내야겠다고 생각하니까 슬픔보다는 새로운 걸 해보고 싶은 의욕이 생긴다.	N	2022-08-06 02:32:41	2022-11-08 04:49:41
BE22013313	10	1	그동안 네가 하고 싶었던 일들에 집중하다 보면 시간이 금방 갈 테니까 너무 속상해하지 마. 그렇게 시간을 보내다 보면 제대하고 둘이 다시 만났을 때 사이도 더 좋아질 거야.	N	2022-08-06 02:32:41	2022-11-08 04:49:42
BE22013313	11	0	맞아. 남자 친구에게 모든 걸 의지한 채 시간이 흐리기만을 바라면 도움 되는 게 없을 것 같아. 덕분에 마음이 편안해졌어.	N	2022-08-06 02:32:41	2022-11-08 04:49:42
BE22013313	12	1	마음이 좀 진정된 것 같아서 다행이다. 지금은 심란할 수 있지만 시간이 지나면서 괜찮아질 테니까 너무 걱정하지 말고 씩씩하게 보내주고 와!	N	2022-08-06 02:32:41	2022-11-08 04:49:42
BE22013313	13	0	네가 아니었으면 계속 울면서 남자 친구를 보냈을 텐데, 정말 고마워.	N	2022-08-06 02:32:41	2022-11-08 04:49:42
BE22013313	14	1	도움이 됐다니 기쁘네. 힘들면 언제든 연락해.	Y	2022-08-06 02:32:41	2022-11-08 04:49:42
