id	utterance_id	utterance_type	utterance_text	terminate	regDate	updDate
BE22011936	1	0	어머니가 항암치료를 받고 계세요. 그런데 병원비 때문에 아무도 모르게 치료를 중단하셨다는 걸 지금에서야 알았어요. 얼마나 큰 충격을 받았는지 몰라요.	N	2022-07-26 14:53:31	2022-11-08 04:41:09
BE22011936	2	1	그런 일이 있으셨다니 정말 마음이 아파요. 자식으로서 얼마나 슬픈 일이시겠어요.	N	2022-07-26 14:53:31	2022-11-08 04:41:09
BE22011936	3	0	맞아요. 슬픔을 주체할 수 없어 눈물만 흐르더라고요. 제가 제대로 해드린 게 없는 것 같아 너무 죄송스러웠어요.	N	2022-07-26 14:53:31	2022-11-08 04:41:09
BE22011936	4	1	아녜요. 당신도 최선을 다했을 거잖아요. 다만 뒤늦게야 그 사실을 안 당신이 얼마나 심적으로 괴로웠을지 짐작도 안 가는걸요.	N	2022-07-26 14:53:31	2022-11-08 04:41:09
BE22011936	5	0	어머니께서 제게 오히려 담담하게 이야기를 꺼내시는데, 그 말을 듣고 정말 가슴이 무너져 내리는 기분이었어요. 저는 아직도 잘 치료를 받고 계신 줄로만 알았거든요.	N	2022-07-26 14:53:31	2022-11-08 04:41:09
BE22011936	6	1	그렇다면 더더욱 충격이 크셨겠어요. 저였어도 가슴이 덜컹해서 할 말을 잃었을걸요.	N	2022-07-26 14:53:31	2022-11-08 04:41:09
BE22011936	7	0	이런 지경까지 오도록 어머니를 도와드리지 못한 게 정말 후회가 돼요. 병원비가 뭐라고, 사람을 이렇게 비참하고 슬프게 만드는 걸까요.	N	2022-07-26 14:53:31	2022-11-08 04:41:09
BE22011936	8	1	너무 좌절하지 말아요. 당신도 당신 나름대로 최선을 다했을 거잖아요. 어머니를 생각해서라도 부디 기운을 내요.	N	2022-07-26 14:53:31	2022-11-08 04:41:09
BE22011936	9	0	그렇게 말해주셔서 감사합니다. 조금 무리를 해서라도 어머니의 치료를 다시 시작하도록 도와드릴 참이에요. 당장 어머니의 건강이 악화한다고 생각하면 걱정이 돼서 잠을 이룰 수가 없는걸요.	N	2022-07-26 14:53:31	2022-11-08 04:41:09
BE22011936	10	1	그렇다면 정말 다행이에요. 당신 같은 효심 깊고 훌륭한 아들을 둬서 어머니도 무척 기뻐하실 거예요. 나도 그런 당신의 결정을 응원하고 싶은걸요.	N	2022-07-26 14:53:31	2022-11-08 04:41:09
BE22011936	11	0	제게는 과분한 말씀인걸요. 오히려 저는 이제껏 제가 불효를 저질렀다는 생각에 큰 슬픔에 잠겨 있었거든요. 그래도 제 결정을 응원한다고 해주시니 고맙습니다.	N	2022-07-26 14:53:31	2022-11-08 04:41:09
BE22011936	12	1	당신이 어머니의 아픔에 슬퍼하는 건 이해하지만, 자책하며 슬퍼하는 그 마음은 부디 거둬주세요. 그건 당신의 마음을 아프게 만들기만 할 뿐인걸요.	N	2022-07-26 14:53:31	2022-11-08 04:41:09
BE22011936	13	0	저를 생각해서 그런 말씀을 해주시니 무척 감동했어요. 제가 저를 아프게 하고 있었다는 사실은 미처 깨닫지 못하고 있었네요.	N	2022-07-26 14:53:31	2022-11-08 04:41:09
BE22011936	14	1	물론 상황이 상황이니만큼 그럴 수도 있죠. 하지만 이대로 슬픔에만 잠겨 있기보다는 진정하고 마음을 다잡는 게 좋아요. 그러니 얼른 기운을 차리도록 해요.	N	2022-07-26 14:53:31	2022-11-08 04:41:09
BE22011936	15	0	당신 말을 듣고 나니 한결 마음이 진정되는 것 같아요. 제게 도움을 주셔서 감사합니다.	Y	2022-07-26 14:53:31	2022-11-08 04:41:09
