id	utterance_id	utterance_type	utterance_text	terminate	regDate	updDate
BE22009483	1	0	나 어제 킥보드 타다가 사고가 났어.	N	2022-07-17 07:07:20	2022-11-08 04:25:26
BE22009483	2	1	사고라니. 어떡하면 좋아. 괜찮아? 다친 곳은 없고?	N	2022-07-17 07:07:20	2022-11-08 04:25:26
BE22009483	3	0	응. 나는 괜찮아. 그런데 내가 속도를 내면서 달리다가 아이를 덮쳐버렸어. 지금 입원한 아이를 보고 오는 길이야. 내가 그때 왜 그랬을까. 너무 후회돼.	N	2022-07-17 07:07:20	2022-11-08 04:25:26
BE22009483	4	1	예상치 못한 결과로 몹시 심란하겠다. 나였어도 그런 상황이었다면 아이한테 미안한 감정에 내 일이 손에 안 잡혔을 것 같아.	N	2022-07-17 07:07:20	2022-11-08 04:25:26
BE22009483	5	0	맞아. 나의 부주의함 때문에 아이가 다쳤다고 생각하니까 너무 슬프고 내 지난 행동이 너무 후회스러워. 시간을 되돌리고 싶어.	N	2022-07-17 07:07:20	2022-11-08 04:25:26
BE22009483	6	1	시간을 되돌릴 수만 있다면 사고가 발생하기 전으로 가고 싶은 마음 충분히 이해해. 나라도 내 잘못으로 아이가 다친다면 평생 후회하고 생각났을 것 같아.	N	2022-07-17 07:07:20	2022-11-08 04:25:26
BE22009483	7	0	나도 이제 킥보드 타기가 무서워. 다친 아이만 생각나서 아무것도 할 수가 없어. 끊임없이 후회되고 그 아이에게 정말 미안한데 정작 제대로 된 사과도 하지 못했어.	N	2022-07-17 07:07:20	2022-11-08 04:25:26
BE22009483	8	1	너의 잘못으로 아이를 다치게 해서 정말 후회스럽겠다. 하지만 끝까지 네가 무서워서 사과하지 않으면 더 후회할 것 같아. 지금이라도 찾아가 보는 건 어때?	N	2022-07-17 07:07:20	2022-11-08 04:25:26
BE22009483	9	0	아이가 다친 건 내 책임이니까 나도 찾아가서 도움을 주고 싶어. 물질적으로나 정신적으로나 아이가 조금이라도 덜 힘들어할 수 있도록 해주고 싶은데 어떻게 해야 할지 모르겠어. 애초에 내가 벌인 잘못 때문에 일어난 일이니까.	N	2022-07-17 07:07:20	2022-11-08 04:25:26
BE22009483	10	1	난 노력하는 것 자체가 멋있다고 생각해. 과거의 너의 잘못을 바로잡기 위해 노력하는 건 쉬운 일이 아니니까. 그리고 온전히 도와주기 힘든 이유는 네가 죄책감이 있어서 그런 게 아닐까?	N	2022-07-17 07:07:20	2022-11-08 04:25:26
BE22009483	11	0	그런 것 같아. 내 잘못으로 아이가 다쳐서 계속 후회하고 있어. 하지만 지금이라도 진심으로 사과하고 앞으로의 회복에 도움을 주고 싶어.	N	2022-07-17 07:07:20	2022-11-08 04:25:26
BE22009483	12	1	과거의 잘못을 인정하고 사과하는 것은 쉬운 일이 아닌데 정말 멋있고 대단한 생각인 것 같아.	N	2022-07-17 07:07:20	2022-11-08 04:25:26
BE22009483	13	0	그렇게 말해줘서 고마워. 내가 잘못을 저질렀는데 내가 되레 무서워서 진심으로 사과도 못 했던 것 같아. 또다시 후회하지 않도록 당장 찾아가야겠어.	N	2022-07-17 07:07:20	2022-11-08 04:25:26
BE22009483	14	1	그래, 잘 해결되길 바랄게.	Y	2022-07-17 07:07:20	2022-11-08 04:25:26
