id	utterance_id	utterance_type	utterance_text	terminate	regDate	updDate
BE22011196	1	0	캠핑 잘 다녀오셨어요? 저도 캠핑 가고 싶은데 차가 없어서 가지를 못하네요.	N	2022-07-23 13:10:13	2022-11-08 04:36:22
BE22011196	2	1	네. 잘 놀다 왔죠! 아이고 차가 없어서 못 다니시는구나.	N	2022-07-23 13:10:13	2022-11-08 04:36:22
BE22011196	3	0	네, 캠핑 가려면 차가 무조건 있어야 하는데 차 살 여건이 안 돼요. 저 자신이 너무 처량하고 슬프고, 참 마음이 많이 안 좋네요.	N	2022-07-23 13:10:13	2022-11-08 04:36:22
BE22011196	4	1	왜 안 그러겠어요. 듣는 저도 너무 씁쓸하네요. 돈 몇 푼 때문에 이런 부정적인 기분이 든다는 게 참 참담할 거 같아요.	N	2022-07-23 13:10:13	2022-11-08 04:36:22
BE22011196	5	0	딱 그 기분이에요. 아무리 일을 열심히 하고 나름 저축도 하는데 왜 이렇게 저만 힘든지 모르겠어요. 세상이 다 부정적으로 보이고 이런 생각이 저를 더 슬프게 해요.	N	2022-07-23 13:10:13	2022-11-08 04:36:22
BE22011196	6	1	어떤 기분일지 알아서 제 마음이 다 아프네요. 누구나 다 그런 상황이라면 충분히 힘들어하고 슬퍼할 거 같아요.	N	2022-07-23 13:10:13	2022-11-08 04:36:22
BE22011196	7	0	앞으로도 쭉 이럴까 봐 너무 두렵네요. 가고 싶은 캠핑도 못 다니고 힘들게 일만 하며 살아갈까 봐 걱정돼서 힘이 안 나요.	N	2022-07-23 13:10:13	2022-11-08 04:36:22
BE22011196	8	1	너무 낙담하지 마세요. 이렇게 열심히 사시는데 언젠가는 꼭 웃는 날이 올 거라 믿어요. 굳센 의지를 갖고 기운 내세요!	N	2022-07-23 13:10:13	2022-11-08 04:36:22
BE22011196	9	0	그렇게라도 말씀해 주시니 정말 고맙습니다. 아직은 아주 슬프고 암담하지만 공감화자님의 조언대로 목표를 가지고 열심히 살아볼게요!	N	2022-07-23 13:10:13	2022-11-08 04:36:22
BE22011196	10	1	그런 생각을 하셨다는 것만으로도 일단 반은 이겨내신 것 같은데요? 그런 의지만 있다면 꼭 원하는 바를 이룰 수 있다고 생각해요.	N	2022-07-23 13:10:13	2022-11-08 04:36:22
BE22011196	11	0	정말 고맙습니다. 누구에게 말하긴 창피한 일이라 망설여졌는데 이렇게 털어놓으니 속이 많이 후련해졌어요.	N	2022-07-23 13:10:13	2022-11-08 04:36:22
BE22011196	12	1	마음이 편해지셨다니 제가 다 보람차고, 감사하네요. 꼭 이겨내서 차도 사고 캠핑도 다니시길 바랄게요.	N	2022-07-23 13:10:13	2022-11-08 04:36:22
BE22011196	13	0	네! 제가 차 사는 날 캠핑 같이 가요. 감사한 마음에 대한 보답으로 제가 모실게요, 몸만 오세요!	N	2022-07-23 13:10:13	2022-11-08 04:36:22
BE22011196	14	1	저야 너무 좋죠! 기다리고 있을게요. 언제든 연락만 주세요.	N	2022-07-23 13:10:13	2022-11-08 04:36:22
BE22011196	15	0	하루빨리 캠핑 갈 수 있도록 열심히 해볼게요. 조만간 다시 연락드리겠습니다.	Y	2022-07-23 13:10:13	2022-11-08 04:36:22
