id	utterance_id	utterance_type	utterance_text	terminate	regDate	updDate
BE22013260	1	0	요즘 잘 지냈어? 요즘 아이가 음식을 많이 남겨서, 내 마음은 온통 슬픔으로 가득 차 있어. 생각할수록 우울한 마음도 들고.	N	2022-08-05 08:25:12	2022-11-08 04:49:22
BE22013260	2	1	한창 무럭무럭 성장할 나이인데, 음식을 많이 안 먹는 아이를 보면 엄마는 정말 속이 상하지. 나는 네 이야기만 들어도 괜히 울적해지는 것 같아.	N	2022-08-05 08:25:12	2022-11-08 04:49:22
BE22013260	3	0	아이가 예전에는 그렇지 않았는데, 요즘은 내가 주는 양의 절반 정도만 겨우 먹어. 남은 음식을 보면 정말 슬퍼서 눈물이 날 것 같아.	N	2022-08-05 08:25:12	2022-08-05 08:25:12
BE22013260	4	1	너희 아이가 예전에는 정말 뭐든지 맛있게 잘 먹었잖아. 작년에 내가 사 갔던 도넛을 다섯 개나 한꺼번에 먹는 모습을 보고, 우리 함께 웃기도 했었잖아. 지금 그런 모습을 보면 정말 안타까운 마음이 들겠다.	N	2022-08-05 08:25:12	2022-11-08 04:49:22
BE22013260	5	0	정성껏 재료를 준비하고 요리했던 걸 생각하면 더 가슴이 아파. 내가 노력한 게 수포로 돌아간 것 같아서 서글프고.	N	2022-08-05 08:25:12	2022-11-08 04:49:22
BE22013260	6	1	너 아이를 위해서 두 달 전부터 요리 학원까지 다녔잖아. 난 그런 네 모습 보면서 정말 감동했거든. 그런데 아이가 음식을 남긴다니, 네가 절망감이 드는 것도 당연해.	N	2022-08-05 08:25:12	2022-11-08 04:49:22
BE22013260	7	0	게다가 아이가 제대로 성장하지 못할 것 같아 걱정도 돼. 또래보다 키도 좀 작아서 불안하기도 하고.	N	2022-08-05 08:25:12	2022-08-05 08:25:12
BE22013260	8	1	네가 아이 때문에 걱정이 이만저만이 아니고 고생이 많구나. 나도 아이 키우는 엄마라서, 네 이야기만 들어도 울적해지는 것 같아.	N	2022-08-05 08:25:12	2022-11-08 04:49:22
BE22013260	9	0	내가 노력은 열심히 하지만 음식 솜씨가 없어서 그런가 싶기도 해. 그래서 아이한테 미안하기도 하고.	N	2022-08-05 08:25:12	2022-08-05 08:25:12
BE22013260	10	1	그건 네 잘못이 아니라는 거 너도 알잖아. 네가 그렇게 낙담한 모습을 보니 내 마음이 찢어지는 것 같아. 무슨 말로 널 위로해 줘야 할지도 모르겠고.	N	2022-08-05 08:25:12	2022-11-08 04:49:22
BE22013260	11	0	어제는 요리 학원에서 배운 쌀국수를 해 줬거든. 육수 내는 데만 한 시간 이상 걸렸어. 그런데 아이가 거의 다 남긴 걸 보니 눈물이 났어.	N	2022-08-05 08:25:12	2022-08-05 08:25:12
BE22013260	12	1	아이 때문에 속상한 네 마음을 조금이라고 위로해 주고 싶어. 네가 혼자 그렇게 슬퍼하지 말고 기운을 냈으면 좋겠어. 시간이 지나면 나아질 테니 마음 편하게 먹고, 알았지?	N	2022-08-05 08:25:12	2022-11-08 04:49:22
BE22013260	13	0	위로해 주니 마음이 한결 가벼워지네. 네 진심이 느껴져서 내 마음이 따뜻해졌어.	N	2022-08-05 08:25:12	2022-11-08 04:49:22
BE22013260	14	1	네 마음이 편안해져서 정말 다행이야. 슬픔은 나누면 절반이 된다고 하던데, 네 모습을 보니 나도 행복해.	N	2022-08-05 08:25:12	2022-11-08 04:49:22
BE22013260	15	0	내 슬픈 마음을 어루만져 줘서 정말 고마워.	Y	2022-08-05 08:25:12	2022-11-08 04:49:22
