id	utterance_id	utterance_type	utterance_text	terminate	regDate	updDate
BE22000728	1	0	아 오늘은 진짜 소주 한잔해야겠어.	N	2022-06-13 07:28:54	2022-11-08 03:28:57
BE22000728	2	1	술도 약한 애가 갑자기 술 먹자고 하니까 겁나는데? 무슨 일이야?	N	2022-06-13 07:28:54	2022-11-08 03:28:57
BE22000728	3	0	열심히 썼는데 결국 또 보류, 이번 심사에서도 통과 못했어. 결국 졸업 연기야.	N	2022-06-13 07:28:54	2022-11-08 03:28:57
BE22000728	4	1	아... 논문 쓴다고 집에도 몇 날 밤을 연구실에서 먹고 자고 했잖아. 네 노력이 훤히 보여서 내가 다 안타깝다.	N	2022-06-13 07:28:54	2022-11-08 03:28:57
BE22000728	5	0	교수님 입맛 맞추기가 여간 까다로운 게 아니네. 이번에 졸업해야 자격 갖춰서 시험 칠 수 있었는데, 너무 우울해.	N	2022-06-13 07:28:54	2022-11-08 03:28:58
BE22000728	6	1	아, 그 올해로 마지막이라던 시험 말하는구나. 나까지 속상한 마음을 감출 수 없네.	N	2022-06-13 07:28:54	2022-11-08 03:28:58
BE22000728	7	0	너무 절망적이야. 며칠을 눈물 한 바가지 쏟고 이제야 정신을 차렸어. 왜 내 노력을 알아주지 않는 걸까?	N	2022-06-13 07:28:54	2022-11-08 03:28:58
BE22000728	8	1	나까지 눈물 나려고 그래. 옆에서 네 고생을 눈으로 목격한 사람으로서, 너만큼 열심히 한 사람이 없었는데 정말 너무했다.	N	2022-06-13 07:28:54	2022-11-08 03:28:58
BE22000728	9	0	하아, 너무 우울해서 어디 가서 말도 못하고 혼자 집에서 삭였더니 더 힘든 거 있지?	N	2022-06-13 07:28:54	2022-11-08 03:28:58
BE22000728	10	1	힘든 일 있을 때 혼자 감내하는 너라서 더 걱정된다. 괜찮아 친구야. 나도 석사 때려치우고 우연한 기회 창업해서 조금이라도 돈 벌잖니, 모든 게 타이밍이니까 때를 좀 기다리자.	N	2022-06-13 07:28:54	2022-11-08 03:28:58
BE22000728	11	0	고마워 그렇게 말해줘서 그래도 너한테 털어놨더니 좀 괜찮아진 거 같아.	N	2022-06-13 07:28:54	2022-11-08 03:28:58
BE22000728	12	1	나한테 언제나 털어놔. 친구 좋은 게 뭐냐! 나는 언제나 너를 응원해.	N	2022-06-13 07:28:54	2022-11-08 03:28:58
BE22000728	13	0	혼자만 끙끙 앓다가 이렇게 이렇게 너의 위로를 받으니 기운이 나는 것 같아.	N	2022-06-13 07:28:54	2022-11-08 03:28:58
BE22000728	14	1	그렇다면 다행이다. 나와 같이 내가 맛있는 안주에 술 살게!	Y	2022-06-13 07:28:54	2022-11-08 03:28:58
