id	utterance_id	utterance_type	utterance_text	terminate	regDate	updDate
BE22012248	1	0	나 오늘 정말 슬펐어. 하염없이 눈물이 나더라.	N	2022-07-28 09:44:08	2022-11-08 04:43:02
BE22012248	2	1	왜 그래? 너한테 무슨 일이 있었길래 눈물을 흘려?	N	2022-07-28 09:44:08	2022-11-08 04:43:02
BE22012248	3	0	우리 아들이 얼마 전에 군대 갔잖아. 그런데 오늘 아들에게 첫 편지가 왔어. 편지 받고 읽으려니 너무 슬프더라.	N	2022-07-28 09:44:08	2022-11-08 04:43:02
BE22012248	4	1	아들이 군대에 갔으니 얼마나 마음이 슬프겠어. 어쩔 수 없으니 꾹꾹 참고 있는데 편지가 왔으니 더 울컥하지. 나 같으면 소리 내 펑펑 울었을 것 같아.	N	2022-07-28 09:44:08	2022-11-08 04:43:02
BE22012248	5	0	편지를 또박또박 써서 내 아들 편지가 아닌가 했어. 아들이 원래 막 흘려 쓰는 글씨체라 아들도 제 글씨도 잘 알아보지 못할 때가 있을 정도였거든.	N	2022-07-28 09:44:08	2022-11-08 04:43:02
BE22012248	6	1	요즘 애들 글씨가 대부분 그렇지 뭐. 그래도 평소와는 다르게 정성스레 써서 보낸 거구나. 참 대견했겠다.	N	2022-07-28 09:44:08	2022-11-08 04:43:02
BE22012248	7	0	응. 그런 것 같아. 편지도 3장이나 빽빽이 써서 보냈어. 편지를 쓰는 내내 그 마음이 어땠을까 생각하니 읽는 동안 눈물이 앞을 가리더라.	N	2022-07-28 09:44:08	2022-11-08 04:43:02
BE22012248	8	1	그럼. 읽는 네 마음은 얼마나 미어지도록 아팠겠니? 요즘 애들은 글 한 줄 쓰는 것도 귀찮아하는데, 3장이나 보냈구나. 군대 가니까 가족들 생각이 그만큼 사무쳤던 것 같네.	N	2022-07-28 09:44:08	2022-11-08 04:43:02
BE22012248	9	0	나도 그 생각이 들어서 너무 슬펐어. 한 번도 집 밖에서 생활한 적이 없는 아이거든. 다른 애들하고는 달리 얼마나 힘들겠어?	N	2022-07-28 09:44:08	2022-11-08 04:43:02
BE22012248	10	1	맞아. 네 아들은 아주 모범생답게 속 썩이는 일 없이 계속 집에서 다녔지? 그런 아들이 군대에 갔으니 얼마나 안쓰럽고 걱정이 될까? 군대 가서 첫 편지가 왔으니 엄마인 네 슬픔이 이루 말할 수가 없겠구나.	N	2022-07-28 09:44:08	2022-11-08 04:43:02
BE22012248	11	0	맞아. 아직 사회라는 것도 모르는 아이가 단체생활을 제대로 할 수 있을지, 정말 걱정돼. 아들 성격이 아주 활달한 것도 아니거든. 그래서 더 걱정스럽고 내가 무얼 해줄 수 없다는 게 너무 슬퍼.	N	2022-07-28 09:44:08	2022-11-08 04:43:02
BE22012248	12	1	처음 아들을 떼어 보냈으니 걱정이 크겠지만 아들한테 친구들이 많다고 하지 않았어? 친구가 많다는 건 그만큼 성격이 원만하다는 거잖아. 군 생활도 따지고 보면 또래 집단이니까 문제없이 잘 해낼 거야.	N	2022-07-28 09:44:08	2022-11-08 04:43:02
BE22012248	13	0	아들이 차분하기도 하고 주변 사람들을 두루두루 잘 사귀기는 해. 그럼 괜찮다는 거지? 마음 놓아도 될까?	N	2022-07-28 09:44:08	2022-11-08 04:43:03
BE22012248	14	1	그럼. 요즘은 예전 같지 않아서 군 생활도 편해지고 무엇보다 연락을 자주 할 수 있어. 편지를 그렇게 쓴 걸 보면 아주 의젓하게 군 생활을 마칠 것 같아. 군 생활 잘하고 몸도 마음도 더욱 튼튼해져서 돌아올 테니 너무 걱정하지 않아도 될 거야.	N	2022-07-28 09:44:08	2022-11-08 04:43:03
BE22012248	15	0	네가 위로해 주니 내 마음이 진정된다. 이제야 한시름 놓겠어.	Y	2022-07-28 09:44:08	2022-11-08 04:43:03
