id	utterance_id	utterance_type	utterance_text	terminate	regDate	updDate
BE22012810	1	0	나 요즘 회사에 출근하기가 싫어.	N	2022-08-02 02:47:04	2022-11-08 04:46:34
BE22012810	2	1	왜 그래? 무슨 일 있어?	N	2022-08-02 02:47:04	2022-11-08 04:46:34
BE22012810	3	0	회사 점심시간만 되면 나를 소외감 느끼게 하는 동기가 있어. 그럴 때마다 너무 우울하고 슬퍼서 점심시간이 싫어져.	N	2022-08-02 02:47:04	2022-11-08 04:46:34
BE22012810	4	1	회사에서 그런 행동을 한다고? 듣는 내가 너무 화가 나는데, 원래는 친했었어?	N	2022-08-02 02:47:04	2022-11-08 04:46:34
BE22012810	5	0	응, 저번 달까지는 점심도 같이 먹고 사이도 좋았어. 근데 요새 점심시간만 되면 같이 밥 먹자고도 안 하고 은근히 나를 빼놓고 다른 동료들이랑만 가더라고.	N	2022-08-02 02:47:04	2022-11-08 04:46:34
BE22012810	6	1	무슨 그런 경우가 다 있어. 이렇게 얘기 듣는 나도 너무 속상한데 너는 얼마나 더 그러겠어. 왜 그렇게 행동하는지 물어봤어?	N	2022-08-02 02:47:04	2022-11-08 04:46:34
BE22012810	7	0	대화 좀 하려고 몇 번 말을 걸었는데 나랑 얘기하지 않으려고 하더라고. 그래서 이유도 모르겠어.	N	2022-08-02 02:47:04	2022-11-08 04:46:34
BE22012810	8	1	너무 답답하겠다. 대화를 나눠야 풀든가 할 텐데 이렇게 계속 있으면 너무 불편할 텐데 너는 어떻게 하고 싶어?	N	2022-08-02 02:47:04	2022-11-08 04:46:34
BE22012810	9	0	나는 대화하면서 잘 풀어보고 싶은데 자꾸 나를 소외시키니까 너무 우울해. 혼자서만 계속 왜 그럴까 생각만 하고, 다른 동료들한테 물어볼 수도 없고 너무 답답해.	N	2022-08-02 02:47:04	2022-11-08 04:46:34
BE22012810	10	1	혼자 많이 생각하느라 힘들었겠다. 점심시간마다 네가 우울해했을 생각 하니까 내가 더 마음이 아프다. 나는 네가 눈치 보면서 회사에 다니면 일도 잘 안 잡힐 것 같아.	N	2022-08-02 02:47:04	2022-11-08 04:46:34
BE22012810	11	0	맞아. 그리고 요즘은 그냥 도시락 싸서 혼자 먹을 때도 많아. 괜히 눈치도 보이고 해서.	N	2022-08-02 02:47:04	2022-11-08 04:46:34
BE22012810	12	1	아니면 그 동기도 회사안에 다른 동료들이 있으니까 회사안에서는 대화를 안 나누려고 하는 거 아닐까? 메신저로 연락해서 퇴근 후에 밖에서 둘이 만나보는 건 어때?	N	2022-08-02 02:47:04	2022-11-08 04:46:34
BE22012810	13	0	그래볼까? 동기니까 술 한잔 마시면서 얘기해보자고 할까? 내가 기분 나쁘게 한 게 있다면 사과하면 되고 오해를 풀고 싶어.	N	2022-08-02 02:47:04	2022-11-08 04:46:34
BE22012810	14	1	좋은 생각인 것 같아. 서로 진심으로 대화해보면 좋을 것 같아. 너무 걱정하지 마!	N	2022-08-02 02:47:04	2022-11-08 04:46:34
BE22012810	15	0	응, 한번 그래볼게. 너한테 그래도 이렇게 말하니까 내 마음이 좀 나아진 것 같아 고마워. 동기랑 대화해본 후에 연락해줄게.	Y	2022-08-02 02:47:04	2022-11-08 04:46:34
