id	utterance_id	utterance_type	utterance_text	terminate	regDate	updDate
BE22013029	1	0	우리 가족은 모두 다혈질이야. 집안 내력으로 인해 나도 화가 많아. 어제도 욱해서 친구랑 싸웠는데, 반복되는 이런 싸움에 너무 속상하고 슬프다.	N	2022-08-03 06:06:02	2022-11-08 04:47:57
BE22013029	2	1	그래도 넌 항상 지혜롭게 행동하잖아. 네가 싸울 정도라면, 그 친구도 너를 정말 화나게 하는 일을 한 건 아닐까 싶어. 자세한 내용 듣고 싶은데 나에게 말해줄 수 있을까?	N	2022-08-03 06:06:02	2022-11-08 04:47:57
BE22013029	3	0	친구가 고민 얘기를 해서 들어줬는데, 내 대답이 마음에 들지 않았나 봐. 나에게 정색하길래, 친구의 태도에 화가 나서 싸워버렸어. 욱해서 내가 먼저 화냈기 때문에 내 잘못 같아서 너무 슬프네.	N	2022-08-03 06:06:02	2022-11-08 04:47:57
BE22013029	4	1	진지하게 고민 상담을 해준 건데, 정색했다면 나였어도 기분이 많이 안 좋았을 것 같아. 나도 예전에 친구를 위해 조언해 주다가 싸운 적이 있어서, 슬픈 그 마음 잘 알아. 의도치 않았는데, 친구랑 싸우게 되면 정말 속상할 것 같아.	N	2022-08-03 06:06:02	2022-11-08 04:47:57
BE22013029	5	0	사실, 우리 아버지께서 많이 다혈질이시거든. 욱하면 참지 못하고, 자주 화를 내셨어. 나도 그런 아빠의 모습을 닮아서 화가 많은데, 이런 내가 별나게 느껴져서 슬퍼.	N	2022-08-03 06:06:02	2022-11-08 04:47:57
BE22013029	6	1	살다 보면 화날 일들이 정말 많이 있어. 유독 네가 별나고 이상한 게 아니니까, 너무 슬퍼하지 마. 널 오랫동안 지켜봤을 때, 네가 이유 없이 화낸 적은 없었는걸?	N	2022-08-03 06:06:02	2022-11-08 04:47:57
BE22013029	7	0	나름대로 이유는 있었지. 이번에 친구와 다툰 것도 그 친구가 잘못했기 때문인데, 왠지 내 탓처럼 느껴져. 그래서 한없이 슬프다.	N	2022-08-03 06:06:02	2022-11-08 04:47:57
BE22013029	8	1	너의 의도와 상관없이 화가 나서, 싸움까지 이어졌다면 네가 정말 많이 힘들 것 같아. 그렇지만, 일부러 그런 게 아니니까 네가 너무 슬퍼하지 않았으면 좋겠는 마음이야.	N	2022-08-03 06:06:02	2022-11-08 04:47:57
BE22013029	9	0	그 외에도 난 친구들과 싸운 적이 많잖아. 모두 욱하는 내 성질로 인해서 싸움을 만들었는걸. 난 화내고 나서 항상 후회하게 돼서 정말 슬퍼.	N	2022-08-03 06:06:02	2022-11-08 04:47:57
BE22013029	10	1	내 생각에, 넌 불의를 보고 화낼 줄 아는 용감한 사람이야. 전에, 친구들이 길고양이 괴롭히는 걸 보고 네가 화내면서 싸워줬잖아. 그런 용감한 너를 난 정말 멋지다고 생각하고, 닮고 싶기까지 해.	N	2022-08-03 06:06:02	2022-11-08 04:47:57
BE22013029	11	0	그렇지만, 이런 감정 하나 조절하지 못하는 내가 너무 어리석게 느껴져서 더 슬픈 것 같아. 이런 나 자신을 생각하면 스스로 못났다는 생각에 너무 우울하고 슬퍼.	N	2022-08-03 06:06:02	2022-11-08 04:47:57
BE22013029	12	1	지금은 너무 힘들고 속상하겠지만, 넌 아직 어리잖아. 시간이 흐를수록 더 성장할 수 있을 거야. 난 네가 점점 더 감정을 조절할 수 있을 거라 생각하고, 너의 가능성을 믿어.	N	2022-08-03 06:06:02	2022-11-08 04:47:57
BE22013029	13	0	그렇게 말해줘서 고마워. 나와 우리 가족은 남들보다 화가 많으니까, 이게 단점이라고만 생각해서 슬펐어. 그런데 네가 내 가능성에 관해 이야기해 주니 슬픔이 해소되는 기분이야.	N	2022-08-03 06:06:02	2022-11-08 04:47:57
BE22013029	14	1	조금이라도 너에게 도움이 되어서 다행이야. 언제든 힘들 때면 내가 옆에서 이야기 들어줄게. 나도 널 항상 응원할 테니까, 너도 주눅 들지 말고 기운을 내길 바라.	N	2022-08-03 06:06:02	2022-11-08 04:47:57
BE22013029	15	0	정말 고마워. 이제야 자신감이 좀 생기는 것 같아. 내 고민을 이렇게 들어주고 날 위해주는 네가 있기에 힘이나.	Y	2022-08-03 06:06:02	2022-11-08 04:47:57
