id	utterance_id	utterance_type	utterance_text	terminate	regDate	updDate
BE22011431	1	0	오늘은 유독 아버지가 보고 싶네.	N	2022-07-25 04:39:41	2022-11-08 04:37:51
BE22011431	2	1	어버이날이라 더 그런 마음이 드나 보다.	N	2022-07-25 04:39:41	2022-11-08 04:37:51
BE22011431	3	0	응, 아버지가 일 때문에 거의 외국에 나가 있으니까 오늘 같은 날이면 더 그리워. 연락을 해도 시차 때문에 안 닿을 때가 많아서 더 슬퍼. 괜히 눈물이 나네.	N	2022-07-25 04:39:41	2022-11-08 04:37:51
BE22011431	4	1	그리운 마음을 참을 수도 없으니 가슴이 미어지겠다. 유독 더 생각 나는 날 곁에 없는 아버지에 대한 마음이 정말 커지니 더 힘들겠다.	N	2022-07-25 04:39:41	2022-11-08 04:37:51
BE22011431	5	0	응, 처음에는 보고 싶을 때 보지 못하고 아버지가 필요할 때 없어서 섭섭하기도 했는데. 이제는 이국 땅에서 고군분투하실 아버지께 죄송해서 슬퍼지는 거야. 자식을 위해서 열심히 사는 우리 아버지 생각만 해도 울컥해.	N	2022-07-25 04:39:41	2022-11-08 04:37:51
BE22011431	6	1	아버지에 대한 걱정이 한꺼번에 밀려보나 보다. 잘해드리고 싶은 마음은 굴뚝 같은데 그러지 못해서 죄송하기도 할 것 같아. 네 마음이 아플 것 같아서 나도 속상하네.	N	2022-07-25 04:39:41	2022-11-08 04:37:51
BE22011431	7	0	응, 어버이날이라 어머니는 챙겨 드렸는데 아버지는 챙겨드리지 못해서 더 마음이 아픈 거 있지. 전화 통화를 길게 하긴 했는데 그래도 속상해.	N	2022-07-25 04:39:41	2022-11-08 04:37:51
BE22011431	8	1	같이 살고 있지 않으니까 더 안심이 되지 않아 속이 타겠다. 그래도 이런 날에 연락을 해줘서 아버님께서는 기뻐하지 않으셨을까. 안부를 묻는 것만으로 큰 힘이 되셨을 것 같아.	N	2022-07-25 04:39:41	2022-11-08 04:37:51
BE22011431	9	0	아버지는 전화 걸 때마다 정말 좋아하셔. 곁에 있었으면 선물도 드리고 그랬을 텐데 하는 괜한 후회가 밀려오는 거지.	N	2022-07-25 04:39:41	2022-11-08 04:37:51
BE22011431	10	1	아버님 귀국하시면 그때 진짜 성대하게 챙겨주면 될 것 같아. 이제껏 못 했던 것들을 쌓아뒀다가 한 번에 제대로 해주는 거지. 그러면 아버님도 자식을 잘 뒀다고 행복해하실지도 몰라.	N	2022-07-25 04:39:41	2022-11-08 04:37:51
BE22011431	11	0	그래, 네 말 들으니 지금 후회하지 말고 더 잘 해줄 계획을 세워야겠다. 다음에 집에 올 때 더 행복해질 수 있도록.	N	2022-07-25 04:39:41	2022-11-08 04:37:51
BE22011431	12	1	그러면 아버님이 진짜 기뻐하실 듯해. 평소에 보지 못하던 마음이 녹으실 거야. 물론 너도 그렇게 함으로써 마음의 짐이 조금은 줄어들 것 같고.	N	2022-07-25 04:39:41	2022-11-08 04:37:51
BE22011431	13	0	응, 너에게 말하기를 정말 잘했어. 오늘 유달리 슬픔이 밀려왔는데 조금은 나아진 것 같아.	N	2022-07-25 04:39:41	2022-11-08 04:37:51
BE22011431	14	1	네 이야기에 나도 울었어. 네 마음이 이렇게 풀릴 수 있어서 나는 기쁘네.	Y	2022-07-25 04:39:41	2022-11-08 04:37:51
