id	utterance_id	utterance_type	utterance_text	terminate	regDate	updDate
BE22007786	1	0	저 오늘 부모님 영정사진 찍어드리고 왔어요. 제 생각보다 몇 배는 더 슬프네요.	N	2022-07-11 08:19:06	2022-11-08 04:14:31
BE22007786	2	1	어머니가 아프시다고 듣긴 했었는데, 혹시 많이 안 좋아지셨나요?	N	2022-07-11 08:19:06	2022-11-08 04:14:31
BE22007786	3	0	특별히 악화된 건 아니지만 그렇다고 호전된 것도 아니에요. 당장 돌아가실 것 같진 않지만 조금이라도 더 건강하실 때 미리 준비하려고 찍었어요.	N	2022-07-11 08:19:06	2022-11-08 04:14:31
BE22007786	4	1	감정화자씨 마음이 많이 안 좋았겠어요. 그나저나 업체 통해서 찍은 게 아니고 직접 찍으신 거예요?	N	2022-07-11 08:19:06	2022-11-08 04:14:32
BE22007786	5	0	네, 어머니 마지막으로 가시는 길에 쓸 사진이니까 제 손으로 준비하고 싶더라고요. 아버지도 제 뜻을 받아들여 주셔서 어머니 것도 찍는 김에 본인 것도 찍자고 하셨고요.	N	2022-07-11 08:19:06	2022-11-08 04:14:32
BE22007786	6	1	이야기를 듣는데 제 마음이 다 무거워지네요. 부모님은 사진 보고 뭐라고 하세요?	N	2022-07-11 08:19:06	2022-11-08 04:14:32
BE22007786	7	0	애써 밝게 웃으시면서 딸이 찍어준 사진으로 마지막을 장식할 수 있어서 기쁘다고 하세요. 그 말을 듣는데 눈물이 멈추지를 않더라고요. 타자를 치는 지금도 눈물이 날 것 같네요.	N	2022-07-11 08:19:06	2022-11-08 04:14:32
BE22007786	8	1	부모님의 죽음을 직접 준비한다면 저라도 많이 슬플 것 같아요. 아무리 영원한 것은 없다지만, 평생을 함께한 부모님과의 이별이잖아요. 감정화자씨의 마음이 얼마나 아플지 상상할 수조차 없어요.	N	2022-07-11 08:19:06	2022-11-08 04:14:32
BE22007786	9	0	부모님이 건강하실 때 열심히 효도해야 한다는 말이 왜 있는지 알 것 같더라고요. 부모님이 돌아가실 수도 있다는 걸 체감하고 나서부터는 모든 게 후회로 남는 것 같아요. 더 잘해 드렸어야 했는데 그러질 못한 것 같아서 슬프기만 하네요.	N	2022-07-11 08:19:06	2022-11-08 04:14:32
BE22007786	10	1	그렇게 생각하지 말아요, 감정화자씨는 누구보다 부모님을 사랑하잖아요. 직접 영정사진을 준비했다는 사실부터 부모님에 대한 사랑이 느껴지는걸요. 자식에게 처음을 선물한 부모님의 마지막을 준비하는 모습이 참 멋지다고 생각해요.	N	2022-07-11 08:19:06	2022-11-08 04:14:32
BE22007786	11	0	공감화자씨가 그렇게 말해주시니 기운이 조금씩 나네요. 제 욕심일 수는 있지만 어머니가 좀더 버텨주셨으면 좋겠어요. 맛있는 것도 더 많이 사드리고 싶고, 좋은 곳도 더 많이 모시고 가고 싶어요.	N	2022-07-11 08:19:06	2022-11-08 04:14:32
BE22007786	12	1	악화되고 있지는 않다고 하셨으니까 꼭 좋아지실 거예요. 저도 곁에서 묵묵히 응원하고 있을게요. 힘들 땐 오늘처럼 언제든지 연락해서 다 털어놓으셔도 돼요.	N	2022-07-11 08:19:06	2022-11-08 04:14:32
BE22007786	13	0	힘든 일이 생길 때마다 격려해 주시고 위로해 주셔서 너무 감사해요. 공감화자씨 같은 분이 계셔서 다행이에요.	N	2022-07-11 08:19:06	2022-11-08 04:14:32
BE22007786	14	1	감정화자씨도 제가 힘들 때 많은 도움을 주셨잖아요. 그러니 부담 갖지 마시고 의지하고 싶어지면 언제든 연락해 주세요. 어머니가 건강을 회복할 수 있기를 진심으로 바랄게요.	N	2022-07-11 08:19:06	2022-11-08 04:14:32
BE22007786	15	0	네, 오늘도 이야기 들어주셔서 감사해요. 덕분에 진정할 수 있는 시간이 된 것 같아요.	Y	2022-07-11 08:19:06	2022-11-08 04:14:32
