id	utterance_id	utterance_type	utterance_text	terminate	regDate	updDate
BE22013258	1	0	지금 내 마음은 온통 슬픔으로 가득 차 있어. 작은 구두를 신고 다니다 발톱에 멍이 들어서 너무 아프거든. 생각할수록 너무 슬퍼서 눈물만 계속 나.	N	2022-08-05 08:24:38	2022-11-08 04:49:21
BE22013258	2	1	오늘 네가 정말 속상하고 슬펐겠다. 난 지난달에 실수로 문에 손을 끼어서 손톱이 약간 부러졌거든. 그때도 너무 슬퍼서 엉엉 울었는데, 네가 오늘 얼마나 슬펐을지 상상도 안 가.	N	2022-08-05 08:24:38	2022-11-08 04:49:21
BE22013258	3	0	발톱이 무언가에 부딪힌 것처럼 검게 변한 걸 보니 절망감이 밀려와. 보기에도 흉측하고 통증도 계속되니까 눈물이 앞을 가려.	N	2022-08-05 08:24:38	2022-08-05 08:24:38
BE22013258	4	1	나는 얘기만 들어도 속상하고 한숨이 계속 나오네. 그런데 어떤 구두 때문에 그렇게 된 거야? 혹시 지난달에 나와 함께 백화점 구경 갔을 때 산 구두야?	N	2022-08-05 08:24:38	2022-11-08 04:49:21
BE22013258	5	0	응, 맞아. 남자 친구와 데이트한다고 처음으로 그 구두를 신고 나갔거든. 너랑 백화점에서 살 때는 분명히 잘 맞았어. 그런데 새 구두를 신고 공원을 오랫동안 걸어서, 발이 점점 더 부었나 봐.	N	2022-08-05 08:24:38	2022-11-08 04:49:21
BE22013258	6	1	최근에 새로 사귄 남자 친구여서 네가 손꼽아 기다리던 데이트잖아. 정말 속상하고 눈물만 났겠다. 네가 슬픔에 빠져 있을 생각을 하니, 나도 어깨가 처지고 기운이 없어.	N	2022-08-05 08:24:38	2022-11-08 04:49:21
BE22013258	7	0	데이트할 때도 조금 아프기는 했어. 그런데 집에 와서 검게 멍든 발톱을 보니 정말 서글펐어. 너무 막막해서 눈물만 줄줄 흘렀어.	N	2022-08-05 08:24:38	2022-11-08 04:49:21
BE22013258	8	1	발에 살짝 상처만 나도 아픈데, 멍이 들었을 정도면 얼마나 통증이 심했을까? 백화점에서 그 구두를 추천해 줬던 내가 잘못한 것 같아서 후회가 밀려와.	N	2022-08-05 08:24:38	2022-11-08 04:49:21
BE22013258	9	0	나중엔 발이 점점 더 아파서 데이트도 망쳐 버린 것 같아. 생각할수록 더 슬프고, 낙담하게 돼.	N	2022-08-05 08:24:38	2022-11-08 04:49:21
BE22013258	10	1	작은 구두 때문에 데이트를 망치다니, 어이없고 안타까운 심정일 것 같아. 지금은 좀 어때?	N	2022-08-05 08:24:38	2022-11-08 04:49:21
BE22013258	11	0	계속 아프기는 하지만 씻고 나니 그나마 좀 나아지기는 했어. 멍든 발톱을 보니 서글픔이 밀려와.	N	2022-08-05 08:24:38	2022-08-05 08:24:38
BE22013258	12	1	슬퍼하는 너를 조금이라도 위로해 주고 싶은 심정이야. 그러니 혼자 그렇게 슬퍼하지 말고 기운 냈으면 좋겠어. 네가 힘들 때 내가 늘 곁에 있다는 거 일지 말고. 알았지?	N	2022-08-05 08:24:38	2022-11-08 04:49:21
BE22013258	13	0	너무 슬퍼서 계속 울고 있었는데, 네 얘기를 들으니 힘이 나네. 내 마음을 위로해 줘서 정말 고마워.	N	2022-08-05 08:24:38	2022-08-05 08:24:38
BE22013258	14	1	네 마음이 편해져서 정말 다행이야. 시간 지나면 서서히 괜찮아질 테니, 얼른 기운 차렸으면 좋겠어.	N	2022-08-05 08:24:38	2022-11-08 04:49:21
BE22013258	15	0	힘들 때마다 이렇게 위로해 주는 네가 있어서 정말 다행이야. 	Y	2022-08-05 08:24:38	2022-11-08 04:49:21
