id	utterance_id	utterance_type	utterance_text	terminate	regDate	updDate
BE22006928	1	0	어제 부모님 흰머리가 많아 보여서 검은색으로 염색해드렸어요.	N	2022-07-07 12:35:01	2022-11-08 04:09:07
BE22006928	2	1	오, 정말 잘하셨어요. 부모님이 정말 좋아하셨겠네요!	N	2022-07-07 12:35:01	2022-11-08 04:09:07
BE22006928	3	0	네, 제가 독립을 하다 보니까 자주 못 찾아뵀는데. 어제 오랜만에 본가에 가니까 부모님이 흰머리도 많아지시고 갑자기 너무 나이 들어 보이시더라고요.	N	2022-07-07 12:35:01	2022-11-08 04:09:07
BE22006928	4	1	아, 그 기분 잘 알죠. 제가 알던 부모님의 모습이 빠르게 변하는 걸 느낄 때 마음이 많이 아프더라고요.	N	2022-07-07 12:35:01	2022-11-08 04:09:07
BE22006928	5	0	맞아요. 작년에 뵀을 때는 이렇게 주름이 많지 않았던 거 같은데... 주름도 많아지시고, 흰머리도 많아지시니까 괜히 슬프더라고요.	N	2022-07-07 12:35:01	2022-11-08 04:09:07
BE22006928	6	1	그래도 감정화자님이 검은색으로 염색해드려서 훨씬 젊어지셨을 거예요. 사실 어르신들은 관리하시는 것도 일이니까 직접 잘하시진 않으시잖아요.	N	2022-07-07 12:35:01	2022-11-08 04:09:07
BE22006928	7	0	네. 그래서 염색해드리고 나서 얼마나 기분 좋았는지 몰라요. 좀 자주 찾아봬서 염색도 해드리고 좋은 것도 드려야겠다고 생각했어요. 그동안 한 번도 염색해드릴 생각을 못한 것도 후회되고요.	N	2022-07-07 12:35:01	2022-11-08 04:09:07
BE22006928	8	1	감정화자님 부모님은 이렇게 챙겨주는 딸이 있어서 너무 행복하실 거예요. 그런 생각을 갖고 계시다는 것만으로도 부모님도 10살씩 회춘하시는 기분이실 거예요.	N	2022-07-07 12:35:01	2022-11-08 04:09:07
BE22006928	9	0	하하, 정말 그랬으면 좋겠네요. 제가 나와 살 때부터 부모님께 크게 신경을 못 썼던 게 마음에 걸리기도 해서... 어제 염색해드리면서 좋아하시는데 자주 못 해 드린 게 죄송하기도 하더라고요.	N	2022-07-07 12:35:01	2022-11-08 04:09:07
BE22006928	10	1	지금부터 자주 해드리면 되죠. 감정화자님이 이런 생각을 하시는 것만으로도 충분하다고 생각해요. 사실 저희가 얼마나 나이를 먹든 부모님 앞에서는 아이잖아요.	N	2022-07-07 12:35:01	2022-11-08 04:09:07
BE22006928	11	0	그 말도 맞아요. 어제 부모님 염색해드리는데 우리 막둥이가 언제 이렇게 커서 염색도 해주냐며 정말 좋아하셨거든요.	N	2022-07-07 12:35:01	2022-11-08 04:09:07
BE22006928	12	1	그 말만 들어도 부모님이 얼마나 감정화자님을 아끼는지 알 것 같네요. 이제 저희도 30살이니까 부모님이 나이 드시는 건 당연한 일인데. 부모님이 나이 드는 건 시간이 얼마나 흘러도 적응되지 않는 것 같아요.	N	2022-07-07 12:35:01	2022-11-08 04:09:07
BE22006928	13	0	그러니까요. 제가 어제 염색해드리고 나니까 젊으실 때 모습 같아서 더 기분이 이상하더라고요. 염색이 잘 돼서 만족스럽기도 하고 부모님 옛 모습 생각에 그때가 그립기도 하고요.	N	2022-07-07 12:35:01	2022-11-08 04:09:07
BE22006928	14	1	말로만 전해 들어도 제 마음이 다 몽글몽글해지네요. 분명 염색해주신 순간도 부모님께 너무 좋은 기억이실 거예요. 감정화자님의 말을 들으니 감정화자님이 부모님을 얼마나 아끼는지도 제가 느낄 수 있을 것 같아요.	N	2022-07-07 12:35:01	2022-11-08 04:09:07
BE22006928	15	0	그렇게 말씀해주시니 오랜만에 염색만 해드린 건데도 제가 엄청 효도한 것처럼 느껴지네요. 하하, 덕분에 염색 정말 잘해드렸다고 생각이 들어요. 감사해요.	Y	2022-07-07 12:35:01	2022-11-08 04:09:07
