id	utterance_id	utterance_type	utterance_text	terminate	regDate	updDate
BE22008793	1	0	저 얼마 전에 남자 친구랑 헤어졌어요.	N	2022-07-14 05:42:44	2022-11-08 04:20:58
BE22008793	2	1	어쩌다가 그러셨어요? 정말 속상하시고 힘드시겠네요. 괜찮으세요?	N	2022-07-14 05:42:44	2022-11-08 04:20:58
BE22008793	3	0	이제 많이 괜찮아졌는데 아직도 눈물이 나네요.	N	2022-07-14 05:42:44	2022-11-08 04:20:58
BE22008793	4	1	오래 만나셨으니까 정도 많이 들었을 텐데 눈물이 나는 것도 당연하죠. 마음 잘 추스르셔야 할 텐데 걱정이 되네요.	N	2022-07-14 05:42:44	2022-11-08 04:20:58
BE22008793	5	0	어제는 너무 슬퍼서 혼자 노래방에 가서 이별 노래만 한 시간 동안 불렀어요. 저 궁상맞죠?	N	2022-07-14 05:42:44	2022-11-08 04:20:58
BE22008793	6	1	궁상맞다뇨, 전혀 그렇게 생각 안 해요. 이별을 겪으면 사람이 얼마나 슬프고 눈물이 나는지 저도 겪어봐서 잘 알아요. 많이 힘드시죠? 그 마음 너무 이해돼요.	N	2022-07-14 05:42:44	2022-11-08 04:20:59
BE22008793	7	0	이렇게 슬픈데 또다시 연애를 할 수 있을지 모르겠어요.	N	2022-07-14 05:42:44	2022-11-08 04:20:59
BE22008793	8	1	맞아요. 이별 후에는 너무 슬퍼서 새로운 사랑을 시작한다는 거 자체가 두렵더라고요. 지금은 아직 헤어진 지 얼마 안 돼서 더 그렇게 느끼실 거예요. 진심으로 힘내라고 말씀드리고 싶어요.	N	2022-07-14 05:42:44	2022-11-08 04:20:59
BE22008793	9	0	감사해요. 이제 저도 다 잊고 금방 괜찮아지겠죠?	N	2022-07-14 05:42:44	2022-11-08 04:20:59
BE22008793	10	1	그럼요. 흔하게 들리실 수 있지만 시간이 약이라는 말도 있잖아요. 저도 이별할 때는 너무 슬퍼서 이해가 안 갔는데, 시간이 지나니까 다 잊히더라고요. 이럴 때 취미 생활도 하고 여러 가지로 시간을 보내면 좋을 거 같아요.	N	2022-07-14 05:42:44	2022-11-08 04:20:59
BE22008793	11	0	안 그래도 밖에 나가서 산책도 하고 친구들도 만나고 노력하고 있어요. 그러다 보면 잊히겠죠?	N	2022-07-14 05:42:44	2022-11-08 04:20:59
BE22008793	12	1	당연하죠. 지금 노력하시는 모습 너무 보기 좋아요. 새로운 사람도 만나고 맛있는 음식도 먹고 속상한 나 자신을 충분히 달래주세요. 감정화자님은 그럴 자격이 있는 좋은 사람이니까요.	N	2022-07-14 05:42:44	2022-11-08 04:20:59
BE22008793	13	0	그렇게 말해주시니 고마워요. 이별하고 자존감 떨어졌는데 위로가 되네요. 저도 이제 새로운 사람도 만나고 과거에서 벗어나야겠어요.	N	2022-07-14 05:42:44	2022-11-08 04:20:59
BE22008793	14	1	위로가 되었다니 정말 다행인데요. 지금은 당장 너무 슬프고 외롭고 막막하겠지만 감정화자님을 기다리는 좋은 인연이 있을 거라고 믿어요. 진심으로 힘내세요.	N	2022-07-14 05:42:44	2022-11-08 04:20:59
BE22008793	15	0	공감화자님은 정말 어른스러운 면이 많으신 거 같아요. 진심으로 감사해요. 우리 다음에 봐요.	Y	2022-07-14 05:42:44	2022-11-08 04:20:59
