id	utterance_id	utterance_type	utterance_text	terminate	regDate	updDate
BE22011414	1	0	나 요즘 학교생활 때문에 고민이 있어.	N	2022-07-25 03:02:30	2022-11-08 04:37:44
BE22011414	2	1	왜? 학교에서 무슨 일 있었어?	N	2022-07-25 03:02:30	2022-11-08 04:37:44
BE22011414	3	0	내가 평소에 춤추는 걸 좋아하잖아. 대학생이 되어서도 춤을 추고 싶어서 댄스 동아리에 들어갔어. 그런데 나보다 춤을 잘 추는 사람이 너무 많아서 낙담하게 되더라고.	N	2022-07-25 03:02:30	2022-11-08 04:37:44
BE22011414	4	1	그 마음 나도 알 것 같아. 지금까지의 자신이 우물 안 개구리였던 것처럼 느껴지고 그렇지?	N	2022-07-25 03:02:30	2022-11-08 04:37:44
BE22011414	5	0	딱 그런 마음이야. 동아리에 들어가고 첫날 각자의 춤을 보여주는 시간이 있었거든. 상대적으로 내가 너무 초라해 보여서 슬펐어.	N	2022-07-25 03:02:30	2022-11-08 04:37:44
BE22011414	6	1	우린 지금까지 작은 마을에서 살아왔잖아. 대학교에는 여러 지역의 잘 추는 사람이 모인 거니까 그렇게 느껴질 수도 있겠다. 하지만 너 자신을 낮출 필요는 전혀 없어.	N	2022-07-25 03:02:30	2022-11-08 04:37:44
BE22011414	7	0	하지만 첫날 너무 춤을 못 춰서 부끄러웠거든. 당장 동아리에서 나가고 싶을 정도였어. 동아리 사람들이 웃는 것도 내 춤을 비웃는 것처럼 느껴지는 거 있지?	N	2022-07-25 03:02:30	2022-11-08 04:37:44
BE22011414	8	1	누구보다 춤을 사랑하는 사람들이잖아. 네가 어떻게 춤췄더라도 비웃지 않았을 거야. 너무 불안해하지 마.	N	2022-07-25 03:02:30	2022-11-08 04:37:44
BE22011414	9	0	그럴까? 네가 위로해 주니까 그래도 좀 낫네. 아까까진 너무 우울했었거든.	N	2022-07-25 03:02:30	2022-11-08 04:37:44
BE22011414	10	1	누가 뭐래도 넌 내가 아는 사람 중 제일 춤을 잘 추는 사람이야. 게다가 넌 댄스 대회에서 우승한 적도 있잖아. 좀더 자신감을 가져봐.	N	2022-07-25 03:02:30	2022-11-08 04:37:44
BE22011414	11	0	네 말이 맞는 것 같아. 춤을 사랑해서 동아리에 들어간 거니까 동아리에서 더 노력해야겠어. 지금까지 왜 그렇게 고민했나 싶어.	N	2022-07-25 03:02:30	2022-11-08 04:37:45
BE22011414	12	1	너는 지금껏 춤을 잘 추기 위해서 학교가 끝나고 나서도 열심히 연습하곤 했잖아. 나는 너의 끈기가 정말 존경스러웠거든. 너는 어디서든 잘 해낼 수 있을 거야.	N	2022-07-25 03:02:30	2022-11-08 04:37:45
BE22011414	13	0	고마워. 나를 이렇게 응원해 주는 사람이 있다는 걸 알았으니 앞으로도 더 노력할 수 있겠다.	N	2022-07-25 03:02:30	2022-11-08 04:37:45
BE22011414	14	1	혹시나 우울하거나 힘든 일이 생기면 언제든 알려줘. 네 마음이 나로 인해서 편해지는 걸 보니까 나도 기분이 좋네.	N	2022-07-25 03:02:30	2022-11-08 04:37:45
BE22011414	15	0	다음엔 더 좋은 이야기로 대화하자. 다음엔 내가 밥이라도 살게.	Y	2022-07-25 03:02:30	2022-11-08 04:37:45
