id	utterance_id	utterance_type	utterance_text	terminate	regDate	updDate
BE22012287	1	0	오늘도 벚꽃이 안 피었더구나. 꽃이 안 핀 벚나무를 보니 눈물이 나더라고.	N	2022-07-28 15:16:32	2022-11-08 04:43:17
BE22012287	2	1	음, 벚꽃이 안 펴서 그리 슬퍼하는 너의 마음을 알아주지 못해서 미안해. 무슨 일이 있었던 거야?	N	2022-07-28 15:16:32	2022-11-08 04:43:17
BE22012287	3	0	난 벚꽃을 보면 그 처연한 아름다움에 가슴이 내려앉더라고. 젊은 시절엔 몰랐는데 나이가 드니 그런 마음이 들어서 벚꽃을 보면 슬퍼.	N	2022-07-28 15:16:32	2022-11-08 04:43:17
BE22012287	4	1	그런 슬픔은 풍부한 감성에서 오는 좋은 감정 같아. 근데 벚꽃이 안 피어서 눈물이 난다고 했잖아.	N	2022-07-28 15:16:32	2022-11-08 04:43:17
BE22012287	5	0	개화를 앞두고 벚꽃이 안 피어 있으면 옛날의 그 사람이 떠올라서 또 너무 슬프더라고. 그래서 난 봄만 되면 마음의 몸살을 앓느라 너무 힘이 들어.	N	2022-07-28 15:16:32	2022-11-08 04:43:17
BE22012287	6	1	네 마음이 그대로 나한테 전이되는 것 같아서 나도 너무 슬퍼져. 네가 힘들면 내 마음도 너무 아프고.	N	2022-07-28 15:16:32	2022-11-08 04:43:17
BE22012287	7	0	벚꽃이 피기 전에 만났던 그 사람한테 첫눈에 반해서 사랑에 빠졌거든. 그런데 너무나 짧은 만남 후에 벚꽃이 필 때 가버렸어. 너무 야속하게도.	N	2022-07-28 15:16:32	2022-11-08 04:43:17
BE22012287	8	1	아, 너한테 그런 아픈 사연이 있었구나. 나 같아도 이 계절을 견디기가 너무 힘들 거 같아.	N	2022-07-28 15:16:32	2022-11-08 04:43:17
BE22012287	9	0	그 사람을 자세히 알기도 전에 그렇게 나를 버리고 가버렸다니까. 나중에 생각해보니 그냥 연기처럼 사라진 것 같더라고.	N	2022-07-28 15:16:32	2022-11-08 04:43:17
BE22012287	10	1	첫눈에 반한다는 게 쉬운 게 아니잖아. 그래서 누구나 겪을 수 있는 일도 아니고. 그런데 너한테 그런 경험이 슬픈 추억으로 남아 있다니 너무 안타까워.	N	2022-07-28 15:16:32	2022-11-08 04:43:17
BE22012287	11	0	응 그래서 벚꽃은 너무나 아름다워서 나를 기쁘게도 하고, 그런 추억이 나를 슬프게도 해.	N	2022-07-28 15:16:32	2022-11-08 04:43:17
BE22012287	12	1	어쩐지 벚꽃이 너의 감성을 풍부하게 해주는 꽃인 것 같아서 부럽기도 하구나. 그리고 지나간 사랑이 이제는 아픔이 아니라 아름다운 추억으로 간직해도 좋을 듯해.	N	2022-07-28 15:16:32	2022-11-08 04:43:17
BE22012287	13	0	네가 그리 말하니까 내가 오래된 슬픔을 아직 떨쳐버리지 못하고 있었던 것 같아. 그냥 지나간 하나의 사랑일 뿐이었는데.	N	2022-07-28 15:16:32	2022-11-08 04:43:17
BE22012287	14	1	그래, 너의 그 사랑은 하나의 아름다운 추억이야. 그런 추억이 하나하나 쌓이면 우리 인생이 얼마나 풍요로워질까. 앞으로 네 앞에 펼쳐질 사랑이 너무 기대된다!	N	2022-07-28 15:16:32	2022-11-08 04:43:17
BE22012287	15	0	내 마음을 이렇게 위로해주는 네가 있어서 얼마나 다행인지 모르겠어.	Y	2022-07-28 15:16:32	2022-11-08 04:43:17
