id	utterance_id	utterance_type	utterance_text	terminate	regDate	updDate
BE22011650	1	0	공감 화자님, 나 좀 한심한 것 같아. 말로만 하고 실천을 못해. 오늘도 다이어트 실패야 진짜 울고 싶다.	N	2022-07-25 15:51:08	2022-11-08 04:39:17
BE22011650	2	1	괜찮아 나도 마찬가지야 실천이 어디 쉽니. 또 살 빼는 게 원래 실천하기가 힘들어. 나도 해봐서 아는데 얼마나 힘든데 운동해야지 먹고 싶은 것도 못 먹지.	N	2022-07-25 15:51:08	2022-11-08 04:39:17
BE22011650	3	0	다이어트뿐만이 아니라 전부 다 그래. 영어 공부한다고 해 놓고 안 하고 쇼핑 줄이겠다고 하고 못 줄이고 매일 말만 해. 충동 조절 장애가 있나 봐 늘 못 참아.	N	2022-07-25 15:51:08	2022-11-08 04:39:17
BE22011650	4	1	참는 게 원래 어려운 거야 그러니 속상해하지 말고 힘내자. 내가 보기에 너 정도면 실천 잘하는 것 같은데. 저번에 봤을 때 날씬해 보였어. 그러니 다시 힘내봐.	N	2022-07-25 15:51:08	2022-11-08 04:39:17
BE22011650	5	0	진짜 좀 빠져 보였어. 난 하나도 안 빠진 것 같은데. 괜히 사람들한테 다 말하고 말이나 하지 말 걸 그랬어. 모두 속으로 쟤는 늘 말만 한다고 생각할 것 같아.	N	2022-07-25 15:51:08	2022-11-08 04:39:17
BE22011650	6	1	난 그런 사람 못 봤는데 요즘 너 살 빠지고 예뻐졌다는 말은 내가 많이 들었어. 내가 보기에는 영어 실력도 많이 좋아졌던데. 진짜 잘 실천하고 있는 거 같은데.	N	2022-07-25 15:51:08	2022-11-08 04:39:17
BE22011650	7	0	정말 사람들이 그랬어. 사실 나 요즘 많이 우울하고 슬펐어. 나만 뒤 쳐지는 것 같고 다른 사람들은 말한 대로 척척 해내는 것 같고.	N	2022-07-25 15:51:08	2022-11-08 04:39:17
BE22011650	8	1	아니야 너 진짜 멋지고 말한 대로 실천 잘해. 요즘 네가 너무 지쳐서 그냥 너 혼자만의 생각에 빠진 건 아닐까. 내가 보기에 넌 말한 거 꼭 지키는 사람이니 힘내.	N	2022-07-25 15:51:08	2022-11-08 04:39:17
BE22011650	9	0	그렇게 말해주어서 고마워. 사실 나 진짜 자신감도 떨어지고 내가 진짜 한심하게 느껴졌어. 자꾸 그런 생각을 하니 점점 우울해지고.	N	2022-07-25 15:51:08	2022-11-08 04:39:17
BE22011650	10	1	많이 힘들었겠구나. 어떡해. 너 혼자 힘들어 했을 걸 생각하니 나도 슬프다. 그래도 이제 그만 힘내자 너 진짜 최고로 실천 잘해.	N	2022-07-25 15:51:08	2022-11-08 04:39:17
BE22011650	11	0	정말 나 잘하고 있는 걸까? 난 노력한다고 하는데 결과가 안 좋으니까 내가 점점 못나 보이고 밉고 그랬어.	N	2022-07-25 15:51:08	2022-11-08 04:39:17
BE22011650	12	1	얼마나 힘들었으면 그런 생각까지 했을지 내 마음이 다 아프다. 그런데 감정 화자님 진짜 잘하고 있으니 힘내 이제 곧 좋은 결과들이 나타날 거야. 네가 마음만 먹으면 못 할게 없어.	N	2022-07-25 15:51:08	2022-11-08 04:39:17
BE22011650	13	0	뭐야 네 말 들으니 내가 괜찮은 사람 같잖아. 고마워 가라앉았던 기분도 좀 나아졌어. 다시 힘내서 계속 실천해 볼게.	N	2022-07-25 15:51:08	2022-11-08 04:39:17
BE22011650	14	1	멋있다 감정 화자님 진짜 최고로 멋지다. 이제 우울함은 버리고 다시 출발하자 넌 할 수 있어. 내가 너를 위한 응원가 만들어서 응원할게.	N	2022-07-25 15:51:08	2022-11-08 04:39:17
BE22011650	15	0	뭐 내 응원가! 생각만 해도 기분 좋다. 고마워 나도 열심히 노력할게.	Y	2022-07-25 15:51:08	2022-11-08 04:39:17
