id	utterance_id	utterance_type	utterance_text	terminate	regDate	updDate
BE22013325	1	0	공감화자씨 저는 왜 사람을 오래 못 만날까요.	N	2022-08-06 05:03:38	2022-08-06 05:03:38
BE22013325	2	1	이번에 남자 친구랑 헤어진 일 때문에 그런가요?	N	2022-08-06 05:03:38	2022-11-08 04:49:46
BE22013325	3	0	네, 제 친구는 이번에 남자 친구와 1000일 기념 여행을 갔어요. 전 100일 이상 사람을 만나본 적이 없는데, 제게 문제가 있는 것 같아서 슬퍼요.	N	2022-08-06 05:03:38	2022-11-08 04:49:46
BE22013325	4	1	바로 옆에 오래 잘 만나는 친구가 있으니까 더 그런 마음이 들 것 같아요. 짧은 만남만 반복되면 저였어도 혹시 나에게 문제가 있는 건가 하는 생각에 심란했을 거예요.	N	2022-08-06 05:03:38	2022-11-08 04:49:46
BE22013325	5	0	이런 일이 반복되다 보니까 제가 관계 형성에 미숙한 사람이라고 느껴져요. 어떻게 해야 할지 막막하고 우울해요.	N	2022-08-06 05:03:38	2022-08-06 05:03:38
BE22013325	6	1	타인과 관계를 맺는 일은 감정화자씨뿐만 아니라 누구에게나 어려운 일이니까 너무 위축되지 않았으면 좋겠어요. 실패하면서 성장한다고 하잖아요. 감정화자씨는 지금 그런 과정에 있는 거라고 생각해요.	N	2022-08-06 05:03:38	2022-11-08 04:49:46
BE22013325	7	0	하지만 이런 실패가 계속되면 어떡하죠? 당장 제 친구는 장기 연애를 잘하고 있고, 다른 친구들도 이제 하나씩 결혼도 하는데. 저만 제자리걸음이니 초조해지고 암울해요.	N	2022-08-06 05:03:38	2022-11-08 04:49:46
BE22013325	8	1	자꾸 마음을 졸이다 보면 부담스러운 마음에 관계 지속이 더 어려울 수 있을 것 같아요. 쉽진 않겠지만 관계 형성에 집착하기보다는 본인의 감정에 먼저 귀 기울여보는 게 어때요?	N	2022-08-06 05:03:38	2022-11-08 04:49:46
BE22013325	9	0	공감화자씨 말을 듣고 보니 제가 너무 만나는 기간에만 집착했던 것 같아요. 긍정적인 마음을 가지고 기간보다는 마음을 나누는 것에 집중해 봐야겠어요.	N	2022-08-06 05:03:38	2022-11-08 04:49:46
BE22013325	10	1	제가 그동안 만나왔던 감정화자씨는 다정하고 배려 있는 사람이에요. 문제가 있다기보다는 마음의 여유가 없었을 뿐이라고 생각해요. 그러니 자책하지도 괴로워하지도 않았으면 좋겠어요.	N	2022-08-06 05:03:38	2022-11-08 04:49:46
BE22013325	11	0	혼자 생각할 때는 계속 부정적인 생각만 나고, 제가 고장 난 사람 같았는데. 감정화자씨에게 솔직하게 말씀드리길 정말 잘한 것 같아요.	N	2022-08-06 05:03:38	2022-08-06 05:03:38
BE22013325	12	1	저도 돌이켜 보면 감정화자씨 같은 시기가 있었던 것 같아요. 이렇게 한번 마음을 환기하고 나면 괜찮아지더라고요. 그러니 너무 걱정할 것 없어요.	N	2022-08-06 05:03:38	2022-11-08 04:49:46
BE22013325	13	0	공감화자씨 덕에 마음이 한결 가벼워졌어요. 이제 사람 만나는 데 두려움이 좀 사라진 것 같아요.	N	2022-08-06 05:03:38	2022-11-08 04:49:46
BE22013325	14	1	감정화자씨가 편해진 것 같아 저도 정말 안심이네요. 언제든 힘든 일이 있으면 또 제게 연락하세요.	Y	2022-08-06 05:03:38	2022-11-08 04:49:46
