id	utterance_id	utterance_type	utterance_text	terminate	regDate	updDate
BE22011649	1	0	유학 갔던 아들이 교통사고로 죽어서 너무 슬퍼.	N	2022-07-25 15:50:24	2022-11-08 04:39:17
BE22011649	2	1	아들과 생이별했는데 그 충격과 고통을 어떻게 말로 다 할 수 있겠니. 내 가슴이 찢어질 것 같은 아픔이었어.	N	2022-07-25 15:50:24	2022-11-08 04:39:17
BE22011649	3	0	아들이 유학 간 뒤로 한 번밖에 보지 못했어. 공항에서 봤던 모습이 지금도 눈에 선한데 믿어지지 않아.	N	2022-07-25 15:50:24	2022-11-08 04:39:17
BE22011649	4	1	왜 안 그렇겠니, 네가 얼마나 애지중지 키운 아들인데. 갑자기 사고 소식을 들었을 때, 네 아들의 죽음은 상상도 하지 못했어. 나도 이런데 너는 오죽하겠니.	N	2022-07-25 15:50:24	2022-11-08 04:39:17
BE22011649	5	0	억장이 무너지는 느낌이었어. 너무 기가 막혀서 뭘 어떻게 해야 할지 아무 생각을 할 수가 없었어.	N	2022-07-25 15:50:24	2022-11-08 04:39:17
BE22011649	6	1	그때 너는 넋이 나간 사람처럼 보였어. 얼마나 고통스러웠으면 소리 내어 울지도 못하더라고. 그 모습을 보는 내가 가슴이 미어지고 너무 아파서 눈물만 흘렸었지.	N	2022-07-25 15:50:24	2022-11-08 04:39:17
BE22011649	7	0	맞아 난 그때 눈물이 나오지도 않았어. 확 목 놓아 소리라도 내면서 울기라도 했으면 속이라도 시원했을 텐데. 너무 슬프니까 울음소리도 안 나오더라고.	N	2022-07-25 15:50:24	2022-11-08 04:39:17
BE22011649	8	1	지금도 그 생각만 하면 마음이 울컥해져. 한쪽 가슴을 도려낸 듯한 고통이었을 텐데 너를 생각하면 내가 다 마음이 아리고 네가 안쓰러워.	N	2022-07-25 15:50:24	2022-11-08 04:39:17
BE22011649	9	0	지금도 가끔 길 가다가 아들과 비슷한 사람만 보면 깜짝깜짝 놀라. 아들을 잊어버리려고 일부러 바쁘게 살려고 하지만 아들을 잃은 고통과 그리움은 그대로인 거 같아.	N	2022-07-25 15:50:24	2022-11-08 04:39:17
BE22011649	10	1	자식이 죽으면 가슴에 묻는다는 말이 있잖아, 어떻게 잊을 수가 있겠어. 시간이 갈수록 더 생각나지, 그렇게 사무치게 생각날 때는 마음껏 생각해. 아이가 환하게 웃는 모습을 생각해 봐, 그럼 너도 모르게 마음이 밝아질 거야.	N	2022-07-25 15:50:24	2022-11-08 04:39:17
BE22011649	11	0	내가 그래도 될까? 아들을 지키지 못했다는 죄책감이 들어서 웃을 수도 없어.	N	2022-07-25 15:50:24	2022-11-08 04:39:17
BE22011649	12	1	아들은 너의 그런 모습을 바라지는 않을 거야. 너를 위해서도, 아들을 위해서도 꿋꿋하게 이겨내고 사람들 속에서 잘 어울리면서 네가 행복하게 살기를 바랄 거야.	N	2022-07-25 15:50:24	2022-11-08 04:39:17
BE22011649	13	0	네가 그렇게 위로해 주니 내 마음이 한결 가벼워지는 것 같아. 힘들고 슬픈 얘기를 들어줘서 고마워. 이렇게 얘기하니까 마음이 풀리는 것 같아.	N	2022-07-25 15:50:24	2022-11-08 04:39:17
BE22011649	14	1	네 마음이 조금이라도 풀렸다니 내가 안심된다. 아들 생각이 나서 슬픔이 너무 힘이 들면 언제든지 얘기해 들어줄게. 난 항상 네 옆에 있으니까.	N	2022-07-25 15:50:24	2022-11-08 04:39:17
BE22011649	15	0	슬픔을 참을 수 없을 때 기댈 데가 있다고 생각하니까 위안된다. 정말 고마워.	Y	2022-07-25 15:50:24	2022-11-08 04:39:17
