id	utterance_id	utterance_type	utterance_text	terminate	regDate	updDate
BE22010622	1	0	애인과 싸우고 홧김에 헤어지자고 말해버렸어요.	N	2022-07-20 14:36:47	2022-11-08 04:32:44
BE22010622	2	1	그랬군요. 마음이 많이 힘드셨겠어요.	N	2022-07-20 14:36:47	2022-11-08 04:32:44
BE22010622	3	0	그런데 그는 헤어지고 싶지 않다고 말하더라고요.	N	2022-07-20 14:36:47	2022-11-08 04:32:44
BE22010622	4	1	그가 매달리거나 붙잡던가요?	N	2022-07-20 14:36:47	2022-11-08 04:32:44
BE22010622	5	0	네. 그것도 돈을 주면서요. 그래서 정말 슬펐어요.	N	2022-07-20 14:36:47	2022-11-08 04:32:44
BE22010622	6	1	그는 헤어지기 싫었나 보네요. 하지만 결과가 좋았을 것 같지는 않은데요.	N	2022-07-20 14:36:47	2022-11-08 04:32:44
BE22010622	7	0	저는 받지 않고 대신 화를 냈어요. 너무 실망해서 정말로 헤어지자고 말하고 오는 길이에요. 지금은 눈물이 나네요.	N	2022-07-20 14:36:47	2022-11-08 04:32:44
BE22010622	8	1	그 상황에서 돈 봉투를 받고 많이 힘드셨을 것 같아요. 저라도 마음이 괴롭고 아팠을 것 같습니다. 사람의 마음은 돈으로 살 수가 없는 법인데 말이에요.	N	2022-07-20 14:36:47	2022-11-08 04:32:45
BE22010622	9	0	그는 돈이 아주 많거든요. 그래서 사람의 감정 따위는 돈으로 살 수 있다고 생각했던 것 같아요.	N	2022-07-20 14:36:47	2022-11-08 04:32:45
BE22010622	10	1	처음에는 홧김에 말하신 거였겠지만. 감정화자씨의 마음을 돈 주고 사려고 했다는 데에 크게 실망하셨을 것 같네요.	N	2022-07-20 14:36:47	2022-11-08 04:32:45
BE22010622	11	0	맞아요. 저의 감정을 풀어주려고 노력하지 않고 쉬운 길로 가려고 한 거잖아요. 저를 가볍게 만난 것 같은 마음도 들어서 너무 속상해요. 제가 괜히 헤어지자고 말한 건가 싶기도 하고요.	N	2022-07-20 14:36:47	2022-11-08 04:32:45
BE22010622	12	1	사랑하는 사람과의 관계가 영원하면 너무 좋겠지만, 그렇지 않은 때가 더 많을 수밖에 없더라고요. 아마 계속 만나셨더라도 실망하는 일이 있으셨을 것 같아요.	N	2022-07-20 14:36:47	2022-11-08 04:32:45
BE22010622	13	0	저만 많이 사랑하고 그는 저를 별로 사랑하지 않았던 것 같아요. 그를 만난 것 자체가 후회가 될 만큼 힘들어요.	N	2022-07-20 14:36:47	2022-11-08 04:32:45
BE22010622	14	1	힘들어하시는 모습을 보니 제 마음이 다 아프네요. 지금 헤어지고 너무나도 괴로우시겠지만 나중에는 감정화자씨를 사랑하는 사람을 만나 행복하실 거예요.	N	2022-07-20 14:36:47	2022-11-08 04:32:45
BE22010622	15	0	그런 날이 올까요. 저는 이제 사랑을 믿을 수 없게 된 것 같아요.	N	2022-07-20 14:36:47	2022-11-08 04:32:45
BE22010622	16	1	날 더 이상 사랑하지 않는 상대에게 이별을 고하는 마음을 감히 안다고 할 수는 없겠지만요. 그동안 감정화자씨가 행복하지 않았다면 그 선택이 전적으로 옳다고 저는 믿어요. 사람을 잊는 과정이 쉽지는 않겠지만 언젠가 그 사람 생각을 하지 않는 아침을 맞이하시겠지요.	N	2022-07-20 14:36:47	2022-11-08 04:32:45
BE22010622	17	0	그랬으면 정말 좋겠어요. 아직은 그런 날이 쉽게 상상되지는 않지만요.	N	2022-07-20 14:36:47	2022-11-08 04:32:45
BE22010622	18	1	분명 그럴 수 있을 겁니다. 지금의 어두운 구름이 걷히고 밝은 햇살이 비출 날이 올 거예요. 감정화자씨의 새로운 앞날을 응원할게요.	Y	2022-07-20 14:36:47	2022-11-08 04:32:45
