id	utterance_id	utterance_type	utterance_text	terminate	regDate	updDate
BE22001732	1	0	공감화자씨 지난번에 피부과 다녀오고 효과 좀 봤어?	N	2022-06-16 12:56:09	2022-11-08 03:35:37
BE22001732	2	1	글쎄. 뭐 안 하는 것보다는 나은데 크게 눈에 띄게 좋아지지는 않았어.	N	2022-06-16 12:56:09	2022-11-08 03:35:37
BE22001732	3	0	아유 나도 요즘 눈가랑 입가 주위가 점점 처져서 관리를 시작하려고 하거든. 우리가 나이를 먹긴 먹었나 봐.	N	2022-06-16 12:56:09	2022-11-08 03:35:37
BE22001732	4	1	그럼. 우리가 이제 벌써 40대 후반인데 그럴 나이지. 지금부터라도 열심히 관리하면 좋아진다니 같이 노력합시다.	N	2022-06-16 12:56:09	2022-11-08 03:35:37
BE22001732	5	0	언제 이렇게 늙어서 쭈글쭈글해졌는지 거울 볼 때마다 내 얼굴이 낯선 거 있지? 내 기억 속의 얼굴은 아직도 20대인데 저 아줌마는 누구지 싶더라고.	N	2022-06-16 12:56:09	2022-11-08 03:35:37
BE22001732	6	1	알지. 나도 감정화자씨랑 똑같이 느꼈어. 우리도 젊고 예쁜 시절이 있었는데 시간이 참 순식간에 지나가버려서 속상하더라. 돌이켜보니 남은 게 주름뿐이라니 너무 섭섭하잖아.	N	2022-06-16 12:56:09	2022-11-08 03:35:37
BE22001732	7	0	기억 속 내 얼굴도 같이 늙었으면 좋을 텐데 그 좋았던 시절에 미련이 남았나 봐. 젊은 시절이 그립다는 생각이 드니까 참 주책스럽지 뭐야.	N	2022-06-16 12:56:09	2022-11-08 03:35:37
BE22001732	8	1	너무 우울하게만 생각하지 말자. 그래도 우리가 젊음을 투자해서 자식들 번듯하게 키우고 남편 뒷바라지도 열심히 했잖아. 이제 할 일 다 끝냈으니 여유도 즐기고 누릴 거 누리며 행복한 인생 2막을 시작한다고 생각해야지.	N	2022-06-16 12:56:09	2022-11-08 03:35:37
BE22001732	9	0	그래. 공감화자씨 말이 맞아. 그동안 만족스럽고 즐거운 일들도 많았는데 내가 늙은 것만 생각했네.	N	2022-06-16 12:56:09	2022-11-08 03:35:37
BE22001732	10	1	그리고 솔직히 감정화자씨는 원래 동안이라 주름은 그렇게 티도 안 나. 내 앞에서 그런 이야기를 하다니 너무한 거야.	N	2022-06-16 12:56:09	2022-11-08 03:35:37
BE22001732	11	0	에이 뭘 그렇게 띄워주고 그래. 동안도 다 옛날이야기지. 이제는 누가 봐도 아줌마라고.	N	2022-06-16 12:56:09	2022-11-08 03:35:37
BE22001732	12	1	우리가 나이를 먹었으니 이것도 자연스러운 일이지. 받아들이고 익숙해지면서 관리는 열심히 하면 되는 거야.	N	2022-06-16 12:56:09	2022-11-08 03:35:38
BE22001732	13	0	오늘 거울 보다가 속이 답답해서 이야기 꺼내본 건데, 공감해 주니 많이 위안이 되네.	N	2022-06-16 12:56:09	2022-11-08 03:35:38
BE22001732	14	1	같이 나이 들어가는 처지니 느끼는 것도 다 비슷하지. 앞으로도 같이 힘내봅시다. 일단 다음 피부과부터 같이 갈래?	N	2022-06-16 12:56:09	2022-11-08 03:35:38
BE22001732	15	0	어머 그럼 나야 너무 좋지. 공감화자씨 일정 알려주면 내가 시간 빼볼게.	Y	2022-06-16 12:56:09	2022-11-08 03:35:38
