id	utterance_id	utterance_type	utterance_text	terminate	regDate	updDate
BE22012482	1	0	나 요즘 연락하는 남자가 있는데 마음이 오락가락해. 내 마음 내가 알 수가 없어서 슬퍼.	N	2022-07-30 03:08:13	2022-11-08 04:44:30
BE22012482	2	1	저런, 남자가 네 스타일이 아니라서 그래?	N	2022-07-30 03:08:13	2022-11-08 04:44:30
BE22012482	3	0	만날 때는 좋은데 헤어지고 나서는 또 잘 모르겠어. 내가 이 사람을 좋아하는지 아닌지 마음이 너무 오락가락해. 내 마음을 알 수 없어서 답도 못 하고 슬퍼 죽겠어.	N	2022-07-30 03:08:13	2022-11-08 04:44:30
BE22012482	4	1	남자에 대한 네 마음이 확신이 안 서서 그런가 봐. 나도 예전에 내가 좋다고 한 남자랑 만났을 때 딱 그 기분이었거든. 네가 아직 연애할 준비가 안 돼서 그럴지도 몰라.	N	2022-07-30 03:08:13	2022-11-08 04:44:30
BE22012482	5	0	네 말처럼 그런 것 같아. 근데 나는 내가 그 남자에게 적합한 연애 상대일까 싶어서 슬퍼져.	N	2022-07-30 03:08:13	2022-11-08 04:44:30
BE22012482	6	1	그게 무슨 소리야? 왜 상대방이랑 널 비교해서 널 낮추는 거야. 네가 얼마나 괜찮은 사람인데!	N	2022-07-30 03:08:13	2022-11-08 04:44:30
BE22012482	7	0	아냐, 잘 모르겠어. 내가 그 사람보다 못났다는 생각이 들어서 마음도 오락가락하고 눈물 날 정도로 슬퍼져. 그 사람이 날 왜 좋아하는지도 모르겠단 말이야.	N	2022-07-30 03:08:13	2022-11-08 04:44:30
BE22012482	8	1	널 사랑하는데 큰 이유가 있겠어? 남자도 네가 좋아서 연락하는 건데, 너도 널 그만큼 아꼈으면 좋겠어. 넌 충분히 누군가에게 사랑받을 자격이 있는걸.	N	2022-07-30 03:08:13	2022-11-08 04:44:30
BE22012482	9	0	내가 전에 사귀던 남자랑 좀 안 좋게 헤어졌잖아. 나한테 이제 더는 애정이 안 생긴다고 헤어졌거든. 그 뒤로는 남자를 만나도 마음이 오락가락해지고 나도 모르게 슬퍼져.	N	2022-07-30 03:08:13	2022-11-08 04:44:30
BE22012482	10	1	아무래도 전에 받았던 상처가 너무 커서 그런가 봐. 하지만 그 남자랑 지금 남자는 다르잖아. 너무 과거에 얽매여서 좋은 사람 놓치지 말자.	N	2022-07-30 03:08:13	2022-11-08 04:44:30
BE22012482	11	0	아, 정말 이 사람이 좋다가도 미래의 이별을 생각하면 마음이 식어. 사귀고 싶은 건지 이대로 끝내고 싶은 건지 나도 내 마음을 모르겠어. 나조차 날 모르겠기에 눈물이 나.	N	2022-07-30 03:08:13	2022-11-08 04:44:30
BE22012482	12	1	연애하고 이별하는 건 누구나 겪는 일이야. 그대로 과거에 얽매여 성장을 멈추기보다는 우리 용기 내서 한발짝 나아가는 게 어때? 나는 네가 더 많은 경험과 기회를 누렸으면 좋겠어.	N	2022-07-30 03:08:13	2022-11-08 04:44:30
BE22012482	13	0	어머, 네가 그렇게 말하니까 나 정말 우울한 게 사라졌어. 네가 그렇게 말해주니까 너무 감동적이야.	N	2022-07-30 03:08:13	2022-11-08 04:44:30
BE22012482	14	1	내 말이 너에게 위로가 되어서 다행이야. 네가 예전처럼 연애도 하고 예쁜 사랑 했으면 좋겠어. 지레 겁먹고 슬퍼하는 대신에 말이야!	N	2022-07-30 03:08:13	2022-11-08 04:44:30
BE22012482	15	0	응, 네 덕분에 마음 정리가 됐어. 정말 고마워!	Y	2022-07-30 03:08:13	2022-11-08 04:44:30
