id	utterance_id	utterance_type	utterance_text	terminate	regDate	updDate
BE22013092	1	0	치과치료 견적이 생각보다 많이 나왔어요. 금액을 듣자마자 한숨이 푹 나오더라고요.	N	2022-08-03 16:13:32	2022-11-08 04:48:20
BE22013092	2	1	저런, 금액이 상당히 높은 편인가 봐요. 치과는 제법 돈이 많이 들어갈 때마다 근심이 쌓이곤 하죠.	N	2022-08-03 16:13:32	2022-11-08 04:48:20
BE22013092	3	0	맞아요. 가뜩이나 생활비를 걱정하고 있는 상황에 엎친 데 덮친 격이에요. 돈 때문에 치료를 고민해야 하는 지금의 처지가 참 비참하고 슬프네요.	N	2022-08-03 16:13:32	2022-11-08 04:48:20
BE22013092	4	1	그렇게 힘든 상황이셨다니 제 마음이 다 안타까운걸요. 안 그래도 이빨이 불편하실 텐데 돈까지 걱정해야 하는 상황이니 얼마나 힘에 부치시겠어요.	N	2022-08-03 16:13:32	2022-11-08 04:48:20
BE22013092	5	0	맞아요. 제가 고통을 꾹꾹 참지 않고 진작에 찾아왔으면 이렇게 될 일도 없었을 텐데요. 무심했던 지난 날들이 후회가 되네요.	N	2022-08-03 16:13:32	2022-11-08 04:48:20
BE22013092	6	1	그동안 고생이 얼마나 많으셨겠어요. 그래도 지금이라도 얼른 치료를 받는 게 마음이 편하지 않으시겠어요?	N	2022-08-03 16:13:32	2022-11-08 04:48:20
BE22013092	7	0	하지만 돈이 많이 드는 것이 역시 마음에 제일 걸려요. 제게 쓸 돈을 차라리 제 아이들에게 더 쓰는 게 맞지 않나 싶은 생각도 들고요. 둘 중 하나를 선택해야만 하는 지금 상황이 정말 슬퍼지네요.	N	2022-08-03 16:13:32	2022-11-08 04:48:20
BE22013092	8	1	아이를 생각해서 그 결정이 더 무겁게 다가오셨던 것이군요. 아이를 더 위하고 싶은 그 마음도 충분히 이해해요.	N	2022-08-03 16:13:32	2022-11-08 04:48:20
BE22013092	9	0	늘 돈 때문에 망설이고 못 해 주는 게 더 많았거든요. 가진 게 없는 부모라 얼마나 미안하고 비참했는지 몰라요.	N	2022-08-03 16:13:32	2022-11-08 04:48:20
BE22013092	10	1	아녜요. 아이를 아끼고 잘 돌보고자 하는 당신의 그 마음이 가장 귀한걸요. 그 마음이 가장 값진 것이니, 너무 자책하지 말아요.	N	2022-08-03 16:13:32	2022-11-08 04:48:20
BE22013092	11	0	그렇게 말해주셔서 감사합니다. 제 치과 치료에 비용을 지불하는 게 맞는 일인지 모르겠어요. 안 그래도 힘든 마당에 돈을 써도 괜찮은 걸까 망설여지는걸요.	N	2022-08-03 16:13:32	2022-11-08 04:48:20
BE22013092	12	1	제가 당신의 사정을 다 헤아릴 수는 없겠지만, 미룰수록 상황은 더 악화되기 마련이에요. 차라리 지금이라도 빨리 비용을 지불하고 치료를 받는 것이 앞으로도 마음이 더 편하지 않겠어요?	N	2022-08-03 16:13:32	2022-11-08 04:48:20
BE22013092	13	0	그것도 맞는 말이네요. 저는 이번에도 미리 하지 못한 것을 후회했으니까요. 지금이라도 치료를 받는 게 더 큰 후회를 낳지 않을 거라는 생각이 드네요.	N	2022-08-03 16:13:32	2022-11-08 04:48:20
BE22013092	14	1	그거예요. 무엇보다도 당신의 건강이 가족의 귀한 재산인걸요. 돈을 쓴다는 사실에 너무 죄책감을 가질 필요 없으니, 부디 안심하도록 해요.	N	2022-08-03 16:13:32	2022-11-08 04:48:20
BE22013092	15	0	당신의 말이 제게 큰 위안이 되네요. 덕분에 결심이 섰습니다. 도움을 주셔서 감사해요.	Y	2022-08-03 16:13:32	2022-11-08 04:48:20
