id	utterance_id	utterance_type	utterance_text	terminate	regDate	updDate
BE22001441	1	0	선생님, 저 오늘 일본인 친구와 일본어 회화 연습을 했어요.	N	2022-06-15 07:58:50	2022-11-08 03:33:44
BE22001441	2	1	어땠어? 회화 연습하니까 더 자신감이 생겼지?	N	2022-06-15 07:58:50	2022-11-08 03:33:44
BE22001441	3	0	아니요. 저는 일본어에 재능이 없나 봐요. 그만두는 게 더 나을 것 같아요.	N	2022-06-15 07:58:50	2022-11-08 03:33:44
BE22001441	4	1	재능이 없다니! 너는 선생님 학생 중에 가장 열심히 하고 재능 있는 학생인걸. 너같이 성실하고 멋진 학생이 있어서 선생님은 아주 기쁜데 왜 이렇게 의기소침해졌을까.	N	2022-06-15 07:58:50	2022-11-08 03:33:44
BE22001441	5	0	제가 그래도 꽤 잘 말할 수 있을 줄 알았는데 막상 일본인을 만나서 말하려니까 머리가 하애지더라고요.	N	2022-06-15 07:58:50	2022-11-08 03:33:44
BE22001441	6	1	누구나 처음에는 다들 그래. 아무것도 모르겠고, 아는 단어도 생각이 나지 않는 경우가 많기 때문에 연습을 많이 해야 하는 거야. 너는 재능도 있고 열심히 하기도 하니까 금방 늘 수 있어. 걱정하지 마.	N	2022-06-15 07:58:50	2022-11-08 03:33:44
BE22001441	7	0	저 진짜 요즘 일본어 공부 열심히 하고 있는데 막상 회화 연습을 하려니까 다 소용없는 일이었던 것 같아요.	N	2022-06-15 07:58:50	2022-11-08 03:33:44
BE22001441	8	1	열심히 했는데도 잘 안되니까 많이 속상했구나. 그렇지만 선생님은 이미 네가 충분히 잘하고 있다고 생각해.	N	2022-06-15 07:58:50	2022-11-08 03:33:44
BE22001441	9	0	일본인 친구에게 제대로 말도 못했는데도요.	N	2022-06-15 07:58:50	2022-11-08 03:33:44
BE22001441	10	1	아직 일본어로 말하는 게 익숙하지 않아서 그런 것뿐이야. 너는 지금껏 열심히 공부해왔으니까 그것들이 분명 다 큰 도움이 될 거야.	N	2022-06-15 07:58:50	2022-11-08 03:33:44
BE22001441	11	0	하지만 회화는 너무 어려운 것 같아요. 솔직히 다음번에 일본인 친구가 또 연습하자고 할까 봐 겁이 나요.	N	2022-06-15 07:58:50	2022-11-08 03:33:44
BE22001441	12	1	그러면 선생님과 앞으로는 다른 것보다 일본어 회화 연습을 더 해보는 것은 어떨까? 메신저로는 일본어로 대화한다든가.	N	2022-06-15 07:58:50	2022-11-08 03:33:44
BE22001441	13	0	정말요? 저 정말 다음번에 일본인 친구와 만날 때는 자신 있게 일본어로 대화하고 싶어요.	N	2022-06-15 07:58:50	2022-11-08 03:33:44
BE22001441	14	1	그래. 분명 천천히 연습하면서 일본어 회화에 익숙해지면 금방 그렇게 될 수 있을 거야.	N	2022-06-15 07:58:50	2022-11-08 03:33:44
BE22001441	15	0	네! 저 정말 열심히 할 거예요.	Y	2022-06-15 07:58:50	2022-11-08 03:33:44
