id	utterance_id	utterance_type	utterance_text	terminate	regDate	updDate
BE22004786	1	0	선배, 저 아직 학교 2년이나 더 다녀야 하는데 방금 집주인이 학교 주변 재개발 예정이라고 나가달래요. 진짜 돈 없는 게 이렇게 비참한 일인지 눈물이 나요.	N	2022-06-28 13:39:56	2022-11-08 03:55:11
BE22004786	2	1	어머, 그렇게 갑작스럽게? 진짜 놀라고 당황스러웠겠다. 안 그래도 시험 준비 때문에 고생하는 학생한테 너무한 거 아니야?	N	2022-06-28 13:39:56	2022-11-08 03:55:11
BE22004786	3	0	그러니까요, 이 연락받고 나서 아무것도 손에 잡히지 않고 하염없이 눈물만 나요. 앞으로 어디서 살아야 할지 암담해요.	N	2022-06-28 13:39:56	2022-11-08 03:55:11
BE22004786	4	1	나도 네 마음 너무 잘 알지. 이전 집주인이 계약 기한 지나지도 않았는데 집 팔아야 한다고 연락 와서 얼마나 당황스럽던지. 그때 정말 하늘이 날 버린 것 같고 한 달 내내 우울해했잖아.	N	2022-06-28 13:39:56	2022-11-08 03:55:11
BE22004786	5	0	선배는 그때 어떻게 했어요? 우리나라에 제가 거주할 집 하나 없는 게 너무 슬퍼요. 고개를 돌리면 아파트가 이렇게 많은데 방 한 칸 구하기도 왜 이리 어려울까요.	N	2022-06-28 13:39:56	2022-11-08 03:55:11
BE22004786	6	1	그러게 말이야. 나도 참 상대적 박탈감도 많이 느끼고 괴로워했어. 너도 지금 많이 힘들겠다. 우선 급한 대로 우리 집에서 당분간 살고, 집 보러 다니는 거 도와줄게.	N	2022-06-28 13:39:56	2022-11-08 03:55:11
BE22004786	7	0	정말요? 선배 너무 고마워요. 덕분에 우선 급한 불을 껐어요. 당장 시험을 앞두고 있어서 공부에 매진해야 하는데, 학교 도서관에서 자야 하나 싶었거든요.	N	2022-06-28 13:39:56	2022-11-08 03:55:11
BE22004786	8	1	그 와중에 시험 걱정하느라 너무 고생이다. 이렇게 힘든 시기가 겹치게 되면 포기하는 사람이 대부분인데 넌 오히려 더 열심히 하려고 해서 기특하다. 넌 다른 사람보다 미래에 몇 배는 잘 될 거라고 장담할 수 있을 만큼 멋있어.	N	2022-06-28 13:39:56	2022-11-08 03:55:11
BE22004786	9	0	그렇게 말해줘서 고마워요 선배. 이렇게 열심히 응원해 주는 사람이 있어서 두 배로 열심히 살아야겠다고 느껴지는걸요? 그만 슬퍼해야겠어요.	N	2022-06-28 13:39:56	2022-11-08 03:55:11
BE22004786	10	1	그래, 하염없이 슬퍼하지 말자고. 우린 아직 너무 젊어. 나중에 돌이켜 생각해 보면 지금 일이 아무것도 아닌 게 될 수 있도록 열심히 살아보자.	N	2022-06-28 13:39:56	2022-11-08 03:55:11
BE22004786	11	0	네, 덕분에 의지가 활활 타올라요! 제가 흘렸던 눈물이 나중에는 꼭 웃음으로 변했으면 좋겠어요.	N	2022-06-28 13:39:56	2022-11-08 03:55:11
BE22004786	12	1	오, 멋진 말인데? 그래, 우선 우리 집으로 짐 옮기러 올 때 연락해. 그리고 같이 집 보러 다니자.	N	2022-06-28 13:39:56	2022-11-08 03:55:11
BE22004786	13	0	고마워요 선배. 너무 든든해요!	N	2022-06-28 13:39:56	2022-11-08 03:55:11
BE22004786	14	1	이 정도쯤이야 뭘. 나중에 훨씬 잘되면 갚아라!	N	2022-06-28 13:39:56	2022-11-08 03:55:11
BE22004786	15	0	당연하죠, 제일 먼저 갚도록 하겠습니다!	Y	2022-06-28 13:39:56	2022-11-08 03:55:11
