id	utterance_id	utterance_type	utterance_text	terminate	regDate	updDate
BE22013232	1	0	내 성격에 정말 문제가 있나 봐. 요즘 들어 아내와 자주 싸우게 되는데 생각해보면 욱하는 내 성격 때문인 것 같아.	N	2022-08-05 06:27:17	2022-08-05 06:27:17
BE22013232	2	1	사소한 문제인데 갑자기 치미는 화 때문에 다툼이 발생하는 거야?	N	2022-08-05 06:27:17	2022-08-05 06:27:17
BE22013232	3	0	맞아. 나중에 생각해보면 전혀 싸울 만한 일이 아닌데 순간 판단이 흐려져서 언성을 높이게 돼. 내 욱하는 성질 때문에 상처받았을 아내를 생각하면 너무 슬프고 후회가 돼.	N	2022-08-05 06:27:17	2022-11-08 04:49:11
BE22013232	4	1	아내와 다투는 일이 잦아지고 그게 네 탓인 것만 같아서 죄책감이 드는구나. 싸우고 돌아서서 후회하는 감정은 나도 경험해봐서 충분히 공감돼. 싸우고 나서 돌아서서 후회하는 상황이 반복되면 내 성격에 정말 문제가 있나 싶어서 우울해지기도 하더라.	N	2022-08-05 06:27:17	2022-11-08 04:49:11
BE22013232	5	0	지금 내가 그 심정이야. 욱하는 성질만 고치면 싸우는 일이 없을 텐데 대화하면 결국 마지막엔 내가 화를 내고 있더라. 아내에게 더 상처 주기 싫어서 내 성격을 고치고 싶은데 어떻게 해야 좋을까?	N	2022-08-05 06:27:17	2022-08-05 06:27:17
BE22013232	6	1	너 스스로 문제점을 인식하고 바꾸려는 의지가 있다는 것이 이미 긍정적인 신호인 것 같아. 사람 일은 마음먹기 나름이고, 시작이 반이라고 하잖아. 너는 이미 마음도 먹었고 고치려는 노력도 시작했으니까 해결은 시간 문제야.	N	2022-08-05 06:27:17	2022-11-08 04:49:11
BE22013232	7	0	그렇게 말해줘서 고마워. 하지만 걱정되는 것은 내가 성격을 고친다고 해도 아내가 이미 받은 상처는 치유되지 않는다는 사실이야. 그 사실을 생각하면 계속 마음 한편에 슬픔이 남아 있는 것 같아	N	2022-08-05 06:27:17	2022-11-08 04:49:11
BE22013232	8	1	네가 아내의 상처에 대해서 깊이 고민하고 있다는 것을 아내가 알면 큰 힘이 될 거야. 옆에서 듣는 나도 너의 마음에 감동했는데, 아내도 꼭 알았으면 좋겠다. 아내와 진지하게 대화를 해보는 건 어떨까?	N	2022-08-05 06:27:17	2022-11-08 04:49:11
BE22013232	9	0	나도 그런 시간이 꼭 필요하다고 생각해. 그런데 대화를 나누다가 혹시나 또 내 욱하는 성격 때문에 싸우게 될까 걱정이야.	N	2022-08-05 06:27:17	2022-08-05 06:27:17
BE22013232	10	1	다툼으로 네가 후회하는 것, 아내가 받았을 상처들을 솔직히 이야기한다면 관계가 많이 개선될 거야. 욱하는 성격을 당장 고치긴 힘들겠지만 너의 노력이 아내에겐 큰 힘이 될 거야.	N	2022-08-05 06:27:17	2022-11-08 04:49:11
BE22013232	11	0	듣고 보니 그 방법이 좋을 것 같아. 내 성격을 한 번에 바꾸진 못해도 변하려는 노력을 보여주면 아내도 좋아할 거야.	N	2022-08-05 06:27:17	2022-11-08 04:49:11
BE22013232	12	1	아내와 다퉈서 기분이 좋지 않겠지만 앞으로 생길 갈등을 줄인다는 마음으로 오늘부터 노력해보자. 네가 이런 고민을 하고 있다는 사실이 나에게는 정말 기쁘게 들려.	N	2022-08-05 06:27:17	2022-11-08 04:49:12
BE22013232	13	0	나 혼자만 고민하고 있었는데 너에게 털어놓고 조언을 들으니 마음이 홀가분하다. 나와 아내의 관계에 희망이 보이는 것 같아서 기뻐.	N	2022-08-05 06:27:17	2022-11-08 04:49:12
BE22013232	14	1	내 말이 너에게 도움이 되었다니 다행이다. 언제든지 고민 있으면 얘기해줘.	Y	2022-08-05 06:27:17	2022-11-08 04:49:12
