id	utterance_id	utterance_type	utterance_text	terminate	regDate	updDate
BE22012250	1	0	다이어트하려고 채식을 시작한 지 2주일이 지났어요. 그런데, 뱃살이 하나도 안 빠져서 너무 속상하기도 하고, 울적하고 슬퍼요.	N	2022-07-28 10:26:04	2022-11-08 04:43:03
BE22012250	2	1	기대감을 갖고 시작하신 거잖아요. 또렷한 결과가 아직 나타나지 않아서 많이 속상하실 것 같아요.	N	2022-07-28 10:26:04	2022-11-08 04:43:03
BE22012250	3	0	네 전 평소에 음식 먹는 걸 정말 좋아하거든요. 다이어트 때문에 탄수화물도 끊고, 맛있는 음식들을 계속 참고 있어요. 이쯤 되니 너무 스트레스받고 슬픔이 밀려와요.	N	2022-07-28 10:26:04	2022-11-08 04:43:03
BE22012250	4	1	즐기던 음식들을 끊어가면서 노력했기에, 더 상심이 클 것 같아요. 그래도 2주 동안 해왔다면 정말 잘하셨어요. 먹는 걸 참는 게 쉽지 않은데, 그 의지 정말 멋있어요.	N	2022-07-28 10:26:04	2022-11-08 04:43:03
BE22012250	5	0	지금까지 해왔으면 뭐 해요. 결과가 없잖아요. 내 노력이 헛된 것처럼 느껴져서 이제는 포기할까 해요.	N	2022-07-28 10:26:04	2022-11-08 04:43:03
BE22012250	6	1	제 생각엔 다이어트를 정말 잘 해내고 있는 것 같은데요. 조금 더디지만 분명 좋은 결과가 있을 거예요. 전 당신이 노력한 만큼 결실을 볼 수 있을 거라 믿고, 응원해요.	N	2022-07-28 10:26:04	2022-11-08 04:43:03
BE22012250	7	0	맛있는 음식을 못 먹는다는 게 얼마나 스트레스받고 괴로운지 몰라요. 친구들과의 약속도 다 미루고 있어요. 그런데도 결과가 없으니까 전 너무 슬픈 거예요.	N	2022-07-28 10:26:04	2022-11-08 04:43:03
BE22012250	8	1	그 고통을 참고 견뎌내고 계시잖아요. 결과도 중요하지만, 이런 과정이 정말 특별하고, 멋있다고 생각해요. 끈기와 열정이 있는 당신이기에 해낼 수 있는 일이에요.	N	2022-07-28 10:26:04	2022-11-08 04:43:03
BE22012250	9	0	그렇게 말해줘서 고마워요. 음식을 조절하는 게 생각보다 힘들더라고요. 거울 속 내 모습을 보면 툭 튀어나온 뱃살에 너무 절망감이 들어서 더 슬펐어요.	N	2022-07-28 10:26:04	2022-11-08 04:43:03
BE22012250	10	1	힘든 마음은 이해하지만, 지금도 충분히 보기 좋으세요. 절대, 절망감을 갖거나 주눅들 필요 없어요. 기운 내길 바라요.	N	2022-07-28 10:26:04	2022-11-08 04:43:03
BE22012250	11	0	예전에 입던 옷들도 안 맞고, 남들보다 내 외모가 잘나지 않다고 생각했어요. 그러다 보니 더 큰 괴로움과 슬픔 속에 살고 있네요.	N	2022-07-28 10:26:04	2022-11-08 04:43:03
BE22012250	12	1	타인과 비교할 필요 없이 당신이 당신인 걸로 충분한걸요. 게다가 당신이 마음이 따뜻하고 좋은 사람이란 걸 난 잘 알아요. 외모와 상관없이 당신만의 소중한 가치가 있다고 생각해요.	N	2022-07-28 10:26:04	2022-11-08 04:43:03
BE22012250	13	0	그렇게 말해주니 위로가 되네요. 늘어나는 뱃살에 내가 더 못나 보일까 봐 채식을 시작했는데 결과가 없어서 괴로웠거든요. 당신의 위로에 힘을 얻어요.	N	2022-07-28 10:26:04	2022-11-08 04:43:03
BE22012250	14	1	내 이야기가 당신에게 힘이 되었다면 그걸로 난 감사해요. 분명 더 좋은 날들이 올 것이기에 당신이 기운 내기를 바라요.	N	2022-07-28 10:26:04	2022-11-08 04:43:03
BE22012250	15	0	당신의 위로로 인해 기운이 나는걸요. 오늘도 이야기를 들어줘서 정말 고마워요.	Y	2022-07-28 10:26:04	2022-11-08 04:43:03
