id	utterance_id	utterance_type	utterance_text	terminate	regDate	updDate
BE22012663	1	0	정말 너무 우울하네요. 요즘 일이 바빠서 잠도 제대로 못 자서 그런지 피부 트러블이 올라왔어요.	N	2022-08-01 05:47:10	2022-11-08 04:45:38
BE22012663	2	1	피부 때문에 고민이 많으시구나. 저도 예민한 피부를 갖고 있어서 감정화자씨의 마음이 너무 공감이 되네요.	N	2022-08-01 05:47:10	2022-11-08 04:45:38
BE22012663	3	0	금방 사라질 트러블인 것을 알기에 평소에는 그렇게 신경 쓰지 않거든요. 근데 이번 달 말이 제 결혼식인데 그때까지 사라지지 않을까 너무 불안하고 우울한 마음이에요.	N	2022-08-01 05:47:10	2022-11-08 04:45:38
BE22012663	4	1	인생에서 가장 이쁘게 남기고 싶은 날이니까요. 그런 날을 고작 피부 트러블이 방해한다고 생각하면 저였어도 많이 침울해졌을 거예요.	N	2022-08-01 05:47:10	2022-11-08 04:45:38
BE22012663	5	0	그날은 남편과 저의 지인들이 다 모여서 저희 부부를 주목하는 날이잖아요. 그렇기에 제 모습에 더욱더 신경 쓰게 되는 것 같아요. 그래서 요즘 스트레스가 이만저만이 아니에요.	N	2022-08-01 05:47:10	2022-11-08 04:45:38
BE22012663	6	1	무슨 느낌인지 알죠. 양가 친척과 지인들이 다 모이는 자리는 결코 편한 자리는 아니니까요.	N	2022-08-01 05:47:10	2022-11-08 04:45:38
BE22012663	7	0	무엇보다도 마냥 행복하고 싶은 날에 고작 피부 트러블에 신경 쓰고 싶지 않은 마음이에요. 그날은 축복해주는 많은 사람들과 앞으로의 행복한 날들만 생각하는 기분 좋은 하루가 되길 바라거든요.	N	2022-08-01 05:47:10	2022-11-08 04:45:38
BE22012663	8	1	맞아요. 크지는 않더라도 그런 사소한 신경 거리가 행복한 생각을 방해하는 법이죠. 안 그래도 준비할 게 많아서 신경 쓸 게 많으실 텐데 걱정이네요.	N	2022-08-01 05:47:10	2022-11-08 04:45:38
BE22012663	9	0	그래서 더 트러블이 가라앉지 않는지도 모르겠어요. 피부관리 해보겠다고 피부과도 가보고 스스로 팩도 해보고 여러 가지 다 해보는데 큰 도움이 되질 않네요. 결혼식이란 행복한 날이 다가올수록 마음이 무거워지는 것 자체가 마음이 편치 않아요.	N	2022-08-01 05:47:10	2022-11-08 04:45:38
BE22012663	10	1	피부는 잠도 관리도 중요하지만 스트레스가 해결되지 않는 한 회복하기 힘든 것 같아요. 너무 신경을 많이 써도 나아지는 게 없으니 가볍게 생각을 해보는 것이 좋지 않을까요? 당장은 다른 사람들의 시선 걱정보다는 스스로를 더 챙기고 돌보는 게 좋아 보여요.	N	2022-08-01 05:47:10	2022-11-08 04:45:38
BE22012663	11	0	역시 제 마음부터 편해지지 않으면 아무것도 해결될 게 없는 거겠죠? 공감화자씨 말대로 긍정적인 생각을 더 하도록 해봐야겠어요. 결혼식을 앞두고 걱정보다는 행복한 상상을 하는 게 맞는 것 같아요.	N	2022-08-01 05:47:10	2022-11-08 04:45:38
BE22012663	12	1	잘 생각하셨어요. 결혼식에 참관하는 모든 하객들 남편과 감정화자씨의 가족과 지인들 모두 다 같을 거예요. 감정화자씨의 결점 없는 모습이 아니라 행복한 미소를 보고 싶을 거라고 생각해요. 그러니 너무 슬퍼하지 마시고 긍정적인 마음으로 기운 내세요.	N	2022-08-01 05:47:10	2022-11-08 04:45:38
BE22012663	13	0	그러도록 할게요. 공감화자씨의 말을 들어보니 고작 피부 트러블 때문에 너무 신경과민이 아니었나 생각이 드네요. 덕분에 신경 쓰던 고민이 날아간 느낌이에요. 고마워요.	N	2022-08-01 05:47:10	2022-11-08 04:45:39
BE22012663	14	1	제가 특별히 한 것도 없는데요 뭘. 걱정이 좀 해결되었다니 다행이에요. 행복한 생각만 하시고 결혼식 준비 잘하시길 빌며 결혼식 때 뵙도록 할게요.	N	2022-08-01 05:47:10	2022-11-08 04:45:39
BE22012663	15	0	네 행복한 모습으로 맞이하도록 할게요. 감사합니다.	Y	2022-08-01 05:47:10	2022-11-08 04:45:39
