id	utterance_id	utterance_type	utterance_text	terminate	regDate	updDate
BE22012447	1	0	나 어떡하지. 조금 전에 자궁경부암 진단받았어. 진짜 우울하다.	N	2022-07-29 08:50:34	2022-11-08 04:44:17
BE22012447	2	1	뭐? 그게 정말이야?	N	2022-07-29 08:50:34	2022-11-08 04:44:17
BE22012447	3	0	원래 고위험군 바이러스가 있어서 주기적으로 추적 검진 중이었거든. 몇 년간은 별다른 진행이 없어서 건강관리만 꾸준히 하면 나을 거란 희망이 있었어. 근데 그런 거랑 상관없었던 건가 싶어서 너무 슬퍼.	N	2022-07-29 08:50:34	2022-11-08 04:44:17
BE22012447	4	1	아이고. 어떡하니. 그동안 건강 챙기느라고 정말 고생 많이 했잖아. 근데 결국 암을 진단받았으니 나 같아도 엄청 슬플 것 같아.	N	2022-07-29 08:50:34	2022-11-08 04:44:17
BE22012447	5	0	고위험군 바이러스 있다고 해서 바로 백신도 맞고 영양제며 음식까지 신경 썼어. 바이러스 있다고 무조건 자궁경부암 걸리는 것도 아니라 했는데 결과가 이렇게 나와서 너무 참담해.	N	2022-07-29 08:50:34	2022-11-08 04:44:17
BE22012447	6	1	나도 마음이 너무 아프구나. 안 걸릴 수도 있다는 믿음이 강했는데 이때까지의 수고가 물거품이 된 것 같아서 더 속상하겠다.	N	2022-07-29 08:50:34	2022-11-08 04:44:17
BE22012447	7	0	하루라도 영양제 빠트리고 오면 근처 약국에서 다시 사고 술도 안 마시고 매일 운동했거든. 추적 검진하면서 저위험군 바이러스가 없어진 것도 있다고 해서 너무 희망을 가졌었나 봐. 이제 아무것도 하고 싶지 않아.	N	2022-07-29 08:50:34	2022-11-08 04:44:17
BE22012447	8	1	결과가 점점 좋아지고 있어서 기뻐하다가 갑자기 생각지도 못했던 결과에 얼마나 놀랐니. 그래도 꾸준히 검사받아왔으니 암세포가 많이 진행되진 않았을 것 같아.	N	2022-07-29 08:50:34	2022-11-08 04:44:17
BE22012447	9	0	응. 그건 그래. 표피에만 있을 확률이 크기 때문에 수술도 간단한 편에 속한대. 그렇지만 우울함이 가시질 않아.	N	2022-07-29 08:50:34	2022-11-08 04:44:17
BE22012447	10	1	그럼. 상황을 잘 알고 있다고 해서 그게 위로가 되기는 힘들지. 네 기분이 나아질 동안 내가 옆에 있는 건 어떨까? 조금이라도 더 웃고 떠들다 보면 우울한 감정이 조금은 해소되지 않을까?	N	2022-07-29 08:50:34	2022-11-08 04:44:17
BE22012447	11	0	고마워. 하긴 스트레스를 받아봤자 병이 더 나빠지기만 나빠졌지 좋을 게 뭐가 있겠어. 받아들일 건 받아들여야지.	N	2022-07-29 08:50:34	2022-11-08 04:44:17
BE22012447	12	1	힘든 상황 속에서도 긍정적으로 생각하려는 너의 태도가 대단한 것 같아. 나라면 슬픔에 빠져있다가 건강만 더 나빠졌을 것 같거든. 너처럼 성숙한 태도로 문제를 받아들이고 바른 방향으로 생각하는 모습은 정말 내가 본받아야 한다고 생각해.	N	2022-07-29 08:50:34	2022-11-08 04:44:17
BE22012447	13	0	난 내 건강에 최선을 다했으니 후회도 미련도 없어. 어쩌겠어. 어차피 벌어진 일 잘 견뎌내야지.	N	2022-07-29 08:50:34	2022-11-08 04:44:17
BE22012447	14	1	정확한 결과는 며칠 뒤에 나오겠지만 괜찮을 거니까 너무 걱정하지 말자. 긍정적인 생각을 갖고 지내다 보면 결과도 따라올 거야.	N	2022-07-29 08:50:34	2022-11-08 04:44:17
BE22012447	15	0	그래. 대비책도 세우고 감정도 추슬러봐야겠어. 우리 퇴근 후에 만나자.	Y	2022-07-29 08:50:34	2022-11-08 04:44:17
