id	utterance_id	utterance_type	utterance_text	terminate	regDate	updDate
BE22012466	1	0	나 요즘 기분이 가라앉고 세상일이 다 귀찮고 힘이 많이 빠진다. 정말 슬프고 우울해.	N	2022-07-29 16:00:28	2022-11-08 04:44:24
BE22012466	2	1	요즘 날씨가 너무 더워서 피곤한 거 아닐까? 아니면 무슨 일이 있는 거니?	N	2022-07-29 16:00:28	2022-11-08 04:44:24
BE22012466	3	0	딱히 무슨 일이 있는 건 아닌데. 자꾸 내가 못났다는 생각이 들어서 새삼 슬픈 마음이 밀려들면 주체가 안 되곤 해.	N	2022-07-29 16:00:28	2022-11-08 04:44:24
BE22012466	4	1	나도 가끔은 다른 사람과 비교하면서 슬퍼질 때도 있어. 그래도 자기애를 가지고 마음의 여유를 가지면 극복하는 데 도움이 되더라.	N	2022-07-29 16:00:28	2022-11-08 04:44:24
BE22012466	5	0	사실. 요즘 회사에서 일도 자꾸 실수가 잦고 같은 실수를 반복하다 보니 갑자기 슬프더라고. 자꾸 내 부족한 면만 생각나면서 나 스스로가 안쓰러워졌어.	N	2022-07-29 16:00:28	2022-11-08 04:44:24
BE22012466	6	1	직장 생활이 실수 한 번 하면 은근히 자기 탓으로 스스로 자책하게 만드는 경향이 있잖아. 다른 사람들은 다 잘하는 것처럼 보이지. 그런데 사실 다들 조금씩 실수하면서 사는걸.	N	2022-07-29 16:00:28	2022-11-08 04:44:24
BE22012466	7	0	응. 내가 워낙 소심하잖아. 몇 번 실수하니까 나한테 실망한 마음에 자꾸 눈물까지 나서 슬픈 마음이 주체가 안 되더라고.	N	2022-07-29 16:00:28	2022-11-08 04:44:24
BE22012466	8	1	진짜. 많이 힘들었구나. 네가 원래 좀 완벽하잖아. 그래서 작은 실수라도 더 힘들었을 거야. 그래도 마음을 좀 편히 먹어 봐.	N	2022-07-29 16:00:28	2022-11-08 04:44:24
BE22012466	9	0	그래야 하는데, 나는 그게 잘 안되네. 나도 좀 대범해지고 싶고 작은 실수는 눈감고 넘어가고 싶고 그래.	N	2022-07-29 16:00:28	2022-11-08 04:44:24
BE22012466	10	1	쉽지 않지. 나 자신의 감정 변화나 사고방식을 바꾸는 게 어떻게 쉬울 수가 있겠어. 단지 다른 사람들이 볼 때. 넌 충분히 묵묵히 일 잘하고 자기 실수를 넘기지 않는 멋진 사람이야.	N	2022-07-29 16:00:28	2022-11-08 04:44:24
BE22012466	11	0	정말? 용기 줘서 정말 고맙다. 나 잘하고 있는 거 맞겠지? 네가 칭찬해 주니까 괜히 내가 괜찮은 사람 같고 힘이 나는 거 같다.	N	2022-07-29 16:00:28	2022-11-08 04:44:24
BE22012466	12	1	그럼. 지금까지 성실하게 요령 피우지 않고 직장 생활했고, 누구보다도 열심히 일했잖아.	N	2022-07-29 16:00:28	2022-11-08 04:44:24
BE22012466	13	0	하하. 그런가? 나 장담하는데, 정말 노력은 엄청나게 열심히 했어.	N	2022-07-29 16:00:28	2022-11-08 04:44:24
BE22012466	14	1	네 주변 사람들은 다 알아. 네가 성실하고 괜찮은 사람이라는 거. 자신감을 가져!	N	2022-07-29 16:00:28	2022-11-08 04:44:24
BE22012466	15	0	진짜. 그렇게 생각해 주면 나야 고맙지.	Y	2022-07-29 16:00:28	2022-11-08 04:44:24
