id	utterance_id	utterance_type	utterance_text	terminate	regDate	updDate
BE22011537	1	0	나 자신이 실망스러워 눈물이 나. 계속 식단을 조절한 지 두 달이 지났는데도 살이 2킬로그램밖에 안 빠졌어.	N	2022-07-25 08:48:02	2022-11-08 04:38:34
BE22011537	2	1	그랬구나... 네가 엄청 열심히 조절하느라 굉장히 힘들어했잖아. 나 같아도 정말 실망스러운 마음이 들 것 같아.	N	2022-07-25 08:48:02	2022-11-08 04:38:34
BE22011537	3	0	응, 진짜 눈물이 날 지경이야. 미용이 아니라 건강 때문에 하긴 했는데. 그래도 당장 눈에 보이는 효과가 없으니까.	N	2022-07-25 08:48:02	2022-11-08 04:38:34
BE22011537	4	1	그러게. 열심히 노력한 만큼 숫자로 딱 보이면 더 의욕도 생기고, 기운도 날 텐데. 그렇지 않아서 더 마음이 좋지 않았겠다. 식단 조절이 무척 힘들었지?	N	2022-07-25 08:48:02	2022-11-08 04:38:34
BE22011537	5	0	응... 근데 사실은 계속 채소만 먹다가 스트레스를 받는 날에는 참지 못하고 폭식하고 그랬어. 나 정말 한심하지.	N	2022-07-25 08:48:02	2022-11-08 04:38:34
BE22011537	6	1	아니야. 야채만 계속 먹으면 나 같아도 순간적으로 참기 힘들 것 같아. 그런데 그렇게 먹고 나면 네 마음이 더 불안하고 속상했겠다.	N	2022-07-25 08:48:02	2022-11-08 04:38:34
BE22011537	7	0	맞아. 그러고 나면 온종일 안절부절못하고, 속도 계속 안 좋고 그러더라.	N	2022-07-25 08:48:02	2022-11-08 04:38:34
BE22011537	8	1	정말? 진짜 네가 혼자 고생이 많았구나. 나라도 몸도 마음도 너무 지치고 힘들었을 것 같아. 정말 마음 불편하고 우울했겠다.	N	2022-07-25 08:48:02	2022-11-08 04:38:34
BE22011537	9	0	휴, 맞아. 그러고 나선 계속 후회하고 나 자신에게 실망해서 울기를 반복했어. 살은 빠지지도 않고, 스트레스만 받고.	N	2022-07-25 08:48:02	2022-11-08 04:38:34
BE22011537	10	1	네 마음이 얼마나 힘들었을지 상상도 가지 않는다. 나 자신과의 약속이 참 지키기 어려운 법이잖아. 조급해하면 부담감이 심해서 오히려 더 힘든 것 같은데 마음을 편하게 먹고 다시 시작해보면 어떨까?	N	2022-07-25 08:48:02	2022-11-08 04:38:34
BE22011537	11	0	응, 그렇지 않아도 이번에는 차근차근해봐야겠어. 너무 내가 마음만 급했던 것 같아.	N	2022-07-25 08:48:02	2022-11-08 04:38:34
BE22011537	12	1	잘되지 않았는데도 불구하고 다른 방식으로 다시 시작하기로 마음먹는 게 쉽지 않은데, 대단하다! 너는 끈기도 있고 성실하니까 충분히 잘 해낼 수 있을 거야.	N	2022-07-25 08:48:02	2022-11-08 04:38:34
BE22011537	13	0	그렇게 말해주니 고맙다. 사실 내 실패를 인정하고 다시 해봐야겠다고 생각하기까지 참 오래 걸렸어.	N	2022-07-25 08:48:02	2022-11-08 04:38:34
BE22011537	14	1	그랬구나. 너도 고민이 많았겠다. 힘들었을 텐데 내가 옆에서 많이 응원할게!	N	2022-07-25 08:48:02	2022-11-08 04:38:34
BE22011537	15	0	응, 응원해줘서 정말 고마워!	Y	2022-07-25 08:48:02	2022-11-08 04:38:34
