id	utterance_id	utterance_type	utterance_text	terminate	regDate	updDate
BE22010341	1	0	어린이날만 되면 손주들이 무척 그리워서 가슴 한편이 아려옵니다.	N	2022-07-19 17:13:42	2022-11-08 04:30:58
BE22010341	2	1	손주들을 못 만나는 상황이신가요? 조심스럽게 여쭙니다.	N	2022-07-19 17:13:42	2022-11-08 04:30:58
BE22010341	3	0	예 사실 아들 내외가 몇 년 전에 이혼을 했습니다. 손주들은 며느리가 키우는 입장이고 멀리 살아서 못 본 지도 몇 년이 다 되어가네요. 그래서 어린이날만 되면 방긋방긋 웃던 손주들의 표정과 목소리가 생생하게 떠올라서 서글퍼지곤 한답니다.	N	2022-07-19 17:13:42	2022-11-08 04:30:58
BE22010341	4	1	그러셨구나. 정말 보고 싶으시겠어요. 손주를 향한 그리운 마음을 누가 감히 상상할 수 있을까요. 듣는 저도 마음이 너무 아파지네요.	N	2022-07-19 17:13:42	2022-11-08 04:30:58
BE22010341	5	0	손주가 태어나기 전에는 과연 자식보다 예쁜 게 있을까 싶을 정도로 심정을 이해하지 못했었는데... 태어나는 순간 제 온 사랑을 주게 됐어요. 그렇게 예쁜 손주들을 못 본 후로부터 일상생활이 쓸쓸하고 침울해지더라고요.	N	2022-07-19 17:13:42	2022-11-08 04:30:58
BE22010341	6	1	왜 안 그러시겠어요. 감정화자님은 정말 좋은 할아버지셨을 텐데 손주들도 얼마나 따랐을지 예상이 가요. 분명 따뜻하고 다정하게 대해 주셨을 텐데 손주들도 할아버지가 많이 보고 싶을 거예요.	N	2022-07-19 17:13:42	2022-11-08 04:30:58
BE22010341	7	0	손주들이 날 기억해줄까요? 항상 집에 있는 손주 사진만 쓸어내리면서 눈물을 흘릴 때도 있었습니다. 괜히 안 좋게 헤어졌는데 먼저 연락하면 며느리가 불편해할까 봐 걱정도 되고요.	N	2022-07-19 17:13:42	2022-11-08 04:30:58
BE22010341	8	1	분명 손주들은 자신들을 아끼고 사랑해 주신 할아버지를 꼭 기억할 거예요. 그리고 아드님과 며느리가 헤어진 거지 감정화자님과 손주분들의 관계는 영원히 존속되는걸요. 너무 슬퍼하지 마시고 용기를 가지고 연락해 보셨으면 좋겠어요.	N	2022-07-19 17:13:42	2022-11-08 04:30:58
BE22010341	9	0	그렇게 말해주시니 어느 정도 용기가 생깁니다. 갑작스러운 연락으로 설령 며느리가 불편해하지는 않을지 약간 걱정이 되네요.	N	2022-07-19 17:13:42	2022-11-08 04:30:58
BE22010341	10	1	며느님도 공감화자님이 손주들을 그리워하는 마음을 알고 불편해하지 않을 거예요. 워낙 손주들을 예뻐하셨으니 오히려 감사한 마음으로 만남을 주선하실 거라고 생각해요. 마음 편히 가지시고 연락해 보셨으면 좋겠어요.	N	2022-07-19 17:13:42	2022-11-08 04:30:58
BE22010341	11	0	손주들을 그리워만 했는데 공감화자님이 이렇게 격려해 주시니 슬픈 마음이 진정되는 것 같습니다. 보고 싶은 마음을 가득 담아 연락을 해봐야겠어요.	N	2022-07-19 17:13:42	2022-11-08 04:30:58
BE22010341	12	1	잘 생각하셨어요. 벌써부터 손주들이 할아버지를 오랜만에 본다고 좋아할 모습이 떠오르네요. 너무 보기 좋은 훈훈한 모습일 거예요.	N	2022-07-19 17:13:42	2022-11-08 04:30:58
BE22010341	13	0	어린이날이니 그동안 못 줬던 선물을 한 아름 사서 가야겠습니다. 혹시나 냄새나면 안 되니까 목욕탕에 가서 깨끗이 씻기까지 해야겠어요 하하. 벌써부터 김칫국을 마시는 게 아닌지 모르겠습니다.	N	2022-07-19 17:13:42	2022-11-08 04:30:58
BE22010341	14	1	김칫국이라뇨. 너무 보기 좋으세요. 이런 분이 할아버지라서 손주들은 정말 복 받은 것 같아요. 하루빨리 좋은 만남을 가지시길 바랄 뿐입니다.	Y	2022-07-19 17:13:42	2022-11-08 04:30:58
