id	utterance_id	utterance_type	utterance_text	terminate	regDate	updDate
BE22011122	1	0	저 요새 너무 우울해서 자살하는 사람들이 이해되기 시작했어요. 계약했던 거래처에서 계약을 해지하고 싶다고 하고, 그러면 사정이 더 안 좋아질 거란 말이에요. 너무 막막하고 슬퍼서 눈물이 나요.	N	2022-07-23 05:16:17	2022-11-08 04:35:53
BE22011122	2	1	감정화자씨, 지금 상황이 너무 좋지 않아서 우울한 감정을 느끼시는 것 같아요. 하지만 그런 안 좋은 생각을 하시면 제가 너무 마음이 아프고 슬퍼요. 감정화자씨는 소중한 사람이니까 곁에 있는 저를 생각해서라도 그런 생각은 마세요.	N	2022-07-23 05:16:17	2022-11-08 04:35:53
BE22011122	3	0	더 이상 제가 아무리 노력해봤자 상황이 나아지지 않는걸요. 이제 제 능력 밖의 일인 것 같아요. 세상이 저를 어렵게 만들고 있는데, 제 잘못은 아니잖아요.	N	2022-07-23 05:16:17	2022-11-08 04:35:53
BE22011122	4	1	네, 감정화자씨의 잘못은 정말 아니에요. 하지만 늘 삶이 평탄하기만 한 것도 아니니, 이런 굴곡이 있는 건 당연한 거예요. 감정화자씨, 힘들 때는 주위 사람의 도움을 받고 잘 버텨내면 분명히 좋은 날이 와요.	N	2022-07-23 05:16:17	2022-11-08 04:35:53
BE22011122	5	0	제게 좋은 날이 남아 있을까요? 지금은 정말 밑바닥까지 내려온 것 같은데요. 더 내려갈 곳도 없는 것 같아요.	N	2022-07-23 05:16:17	2022-11-08 04:35:53
BE22011122	6	1	그럼 다시 시작하면 되는 거예요. 감정화자씨에게는 이제 올라갈 일만 남아 있어요. 감정화자씨가 좌절하지만 않는다면 언제든지 다시 일어설 수 있는 기회는 올 거예요.	N	2022-07-23 05:16:17	2022-11-08 04:35:53
BE22011122	7	0	꼭 그랬으면 좋겠네요. 생각해보면 저는 누군가가 이런 말을 해주기를 기다리고 있었는지 모르겠어요. 절대 포기하지 말라는 말이요.	N	2022-07-23 05:16:17	2022-11-08 04:35:53
BE22011122	8	1	네, 감정화자씨는 포기할 사람이 아니잖아요. 성실하게 노력해서 일궈낸 것들의 가치를 잘 지켜낼 수 있는 분이라고 생각해요. 감정화자씨를 믿고 응원하는 것은, 감정화자씨가 보여준 신뢰 덕분이에요.	N	2022-07-23 05:16:17	2022-11-08 04:35:53
BE22011122	9	0	고마워요. 이제 약한 소리는 하지 않을게요. 잠시 너무 슬픔에 빠져서 그랬던 거예요. 이제 다시 어떻게 버텨나가야 할지 고민해야겠어요.	N	2022-07-23 05:16:17	2022-11-08 04:35:53
BE22011122	10	1	네, 감정화자씨는 반드시 방향을 찾아낼 거예요. 끈질기게 노력하다 보면 언제나 답은 나오게 되어 있어요. 그동안 마음에 스트레스를 너무 쌓지 않게, 저한테 힘든 일은 털어놓으시고요.	N	2022-07-23 05:16:17	2022-11-08 04:35:53
BE22011122	11	0	그럴게요. 스트레스가 쌓이면 한 번에 무너지고 그러는 것 같아요. 그때그때 저 자신을 챙겨 가면서 할게요.	N	2022-07-23 05:16:17	2022-11-08 04:35:53
BE22011122	12	1	네, 그게 정답이에요. 아무리 일이 중요하고 열정이 있어도 몸과 마음의 건강이 무너지면 헛일이니까요. 언제나 건강이 제일 중요한 거 아시죠?	N	2022-07-23 05:16:17	2022-11-08 04:35:53
BE22011122	13	0	네, 걱정해줘서 고마워요. 무엇보다 저 자신을 우선으로 생각하며 일할게요.	N	2022-07-23 05:16:17	2022-11-08 04:35:54
BE22011122	14	1	네, 꼭 잘 될 거예요. 제가 옆에서 응원할게요.	N	2022-07-23 05:16:17	2022-11-08 04:35:54
BE22011122	15	0	응원해주셔서 정말 감사해요.	Y	2022-07-23 05:16:17	2022-11-08 04:35:54
