id	utterance_id	utterance_type	utterance_text	terminate	regDate	updDate
BE22011263	1	0	인생을 살면서 참 어려운 일이 많지만, 그중에 사랑이 가장 어려운 것 같습니다. 얕봤다가 큰코다칠 존재가 사랑인 것 같아요. 사랑하면서 좋은 일도 많았지만 힘든 일도 그만큼 참 많네요.	N	2022-07-24 03:56:32	2022-11-08 04:36:46
BE22011263	2	1	요즘 잘 만나고 계시는 것 같던데, 연애 전선에 문제가 생기신 건가요? 저에게라도 털어놓아 보세요.	N	2022-07-24 03:56:32	2022-11-08 04:36:46
BE22011263	3	0	아, 그 사람이랑 얼마 전에 헤어졌어요. 사랑했지만 서로의 성격과 의견 차이가 좁혀지지 않아서요. 며칠이 지나니 이별이 실감 나서 더욱 슬프고 힘드네요. 괴롭습니다.	N	2022-07-24 03:56:32	2022-11-08 04:36:46
BE22011263	4	1	이별은 항상 아프기 마련이죠. 오랜 기간 만나신 만큼 몇 배로 더 힘드실 것 같아요. 지금 심적으로 괴로운 하루하루를 보내고 계시겠어요.	N	2022-07-24 03:56:32	2022-11-08 04:36:46
BE22011263	5	0	맞습니다. 너무 많이 사랑했거든요. 지난 추억이 하나하나 떠올라서 정말 눈물이 멈출 생각을 안 하네요. 저도 제가 이렇게 사랑 때문에 울게 될 줄은 정말 몰랐습니다.	N	2022-07-24 03:56:32	2022-11-08 04:36:46
BE22011263	6	1	저라도 그 상황을 쉬이 이겨내기 어려울 것 같습니다. 이별은 참으로 잔인하고 슬픈 과정이더군요. 저도 감정화자님과 같은 심정을 느껴봐서, 슬프고 괴로우신 마음 충분히 이해합니다.	N	2022-07-24 03:56:32	2022-11-08 04:36:46
BE22011263	7	0	점점 달라지는 우리의 모습을 보는 게 힘들었어요. 헤어지는 것만은 하지 않으려고 무던히 노력한 만큼 더 아프네요. 그 사람 생각하지 않으려고 노력하고 있는데 잘 안되고 애꿎은 눈만 퉁퉁 부었어요.	N	2022-07-24 03:56:32	2022-11-08 04:36:46
BE22011263	8	1	베인 듯한 기분이실 듯하고 상실감도 무척 크실 것 같아 저도 덩달아 마음이 아프네요. 하지만, 그 사람을 생각하지 않으려고 발버둥을 칠수록 아픈 시간만 길어집니다. 감정화자님의 마음을 흐르는 대로 잠시 내버려 둬 주세요.	N	2022-07-24 03:56:32	2022-11-08 04:36:47
BE22011263	9	0	공감화자님 말씀대로 자꾸 생각을 안 하려고 하는 과정에서 생각하게 되니 슬픔이 짙어집니다. 저 너무 힘들어요. 너무 힘들어서 다 놓고 포기하고 싶어지네요.	N	2022-07-24 03:56:32	2022-11-08 04:36:47
BE22011263	10	1	어느새 감정화자님도 모르는 사이 점점 떠오르는 횟수도, 아픔도 줄어들게 될 거예요. 지금은 너무 힘들고 슬프고 괴로우시더라도 조금만 더 힘내서 살아가셔야죠. 맞잡은 손을 놓고 혼자 걸어가야 하는 사실을 받아들이는 것은 정말 눈물 나고 가슴 시린 일이지만요. 해내셔야 해요.	N	2022-07-24 03:56:32	2022-11-08 04:36:47
BE22011263	11	0	저도 조금 마음을 굳세게 먹어야 하는데 말이죠. 언제까지 이 지옥 같은 슬픔에서 허우적대야 할지 말입니다.	N	2022-07-24 03:56:32	2022-11-08 04:36:47
BE22011263	12	1	얼마나 외롭고 슬프시겠어요. 하지만, 이번 경험으로 인해 분명 감정화자님도 더 나은 사람이 될 과정을 밟으신 거예요. 억지로 떠올리며 원망하거나 자책하지 마시고, 흘러가는 대로 둬 주세요.	N	2022-07-24 03:56:32	2022-11-08 04:36:47
BE22011263	13	0	알겠습니다. 공감화자님께 이야기를 털어놓고 조언을 들으니 한결 마음이 나은 듯한 기분입니다.	N	2022-07-24 03:56:32	2022-11-08 04:36:47
BE22011263	14	1	어려운 사랑이 결국 감정화자님을 괴롭게, 슬프게 하는 바람에 그간 많이 힘드셨죠? 하지만 이번 경험이 감정화자님을 한층 더 성숙하게 해주지 않을까 싶어요. 겨울이 지나면 봄이 오듯이 이별 뒤에는 또 다른 만남이 있다잖아요. 기운 내세요.	N	2022-07-24 03:56:32	2022-11-08 04:36:47
BE22011263	15	0	너무 감사합니다. 덕분에 훨씬 머릿속이 가벼워진 것 같아요.	Y	2022-07-24 03:56:32	2022-11-08 04:36:47
