id	utterance_id	utterance_type	utterance_text	terminate	regDate	updDate
BE22011750	1	0	어떡해, 나 지금 너무 시간을 되돌리고 싶을 만큼 슬퍼.	N	2022-07-26 04:27:17	2022-11-08 04:39:55
BE22011750	2	1	무슨 일이길래 그래?	N	2022-07-26 04:27:17	2022-11-08 04:39:55
BE22011750	3	0	전에 다니던 회사 복귀 문제로 상사랑 카페에서 만나기로 했거든. 중요한 약속인데 깜빡 잊었어. 상사가 그냥 다음에 보자고 하는데, 없던 일이 될 것 같아서 슬퍼.	N	2022-07-26 04:27:17	2022-11-08 04:39:56
BE22011750	4	1	저런, 나 같아도 그런 중요한 일을 까먹고 놓친 거면 비통할 것 같아. 아무래도 네 앞날이 달린 문제인데 그런 사소한 일로 무마될까 봐 너무 후회되겠구나.	N	2022-07-26 04:27:17	2022-11-08 04:39:56
BE22011750	5	0	응, 이렇게 찾아온 기회를 내가 뻥 찬 것 같아서 슬퍼. 어젯밤 일찍 못 잔 게 후회될 정도야.	N	2022-07-26 04:27:17	2022-11-08 04:39:56
BE22011750	6	1	아무래도 그런 마음이 들 수밖에 없을 것 같아. 그래도 너무 상심에 젖어있지 마. 기회는 또 찾아오기 마련이잖아.	N	2022-07-26 04:27:17	2022-11-08 04:39:56
BE22011750	7	0	나한테도 또 이런 기회가 올까? 상사가 나중에 약속 잡자고 하겠지?	N	2022-07-26 04:27:17	2022-11-08 04:39:56
BE22011750	8	1	응, 실수한 것에 대해서 진솔하게 얘기하면 그 사람도 이해해줄 거야. 사람이 살다 보면 본의 아니게 실수하게 되잖아.	N	2022-07-26 04:27:17	2022-11-08 04:39:56
BE22011750	9	0	정말 네 말처럼 그랬으면 좋겠는데 그러지 못할까 봐 슬퍼. 내가 너무 큰 실수를 저지른 것 같아서 후회해.	N	2022-07-26 04:27:17	2022-11-08 04:39:56
BE22011750	10	1	본인에게 온 일은 본인에게 크게 느껴질 수밖에 없겠지. 그렇지만 그게 남들 눈에는 사실 별것 아닐 수도 있다? 그러니 너무 자책하지 말고 기운 차려서 다가올 기회를 잡았으면 좋겠어.	N	2022-07-26 04:27:17	2022-11-08 04:39:56
BE22011750	11	0	네 말 들으니까 좀 안심이 돼. 내가 이대로 복귀를 못 하나 싶어서 염려했거든.	N	2022-07-26 04:27:17	2022-11-08 04:39:56
BE22011750	12	1	아무래도 중요한 약속이니 후회도 그만큼 클 수밖에 없겠지. 하지만 아직 끝난 게 아니잖아. 죽이 되든 밥이 되든 끝까지 희망을 놓치지 않고 계속 달려보자.	N	2022-07-26 04:27:17	2022-11-08 04:39:56
BE22011750	13	0	그렇게 말해줘서 고마워. 정말 많은 기운을 얻을 수 있었어.	N	2022-07-26 04:27:17	2022-11-08 04:39:56
BE22011750	14	1	난 항상 네가 잘되기를 바라는 마음에서 한 거야. 너 같은 사람에게 기회가 와야 공평하잖아. 그러니 긍정적으로 생각하고 마음을 달래보자!	N	2022-07-26 04:27:17	2022-11-08 04:39:56
BE22011750	15	0	정말 무척 감동했어. 그렇게 말해줘서 고마워!	Y	2022-07-26 04:27:17	2022-11-08 04:39:56
