id	utterance_id	utterance_type	utterance_text	terminate	regDate	updDate
BE22001321	1	0	제가 얼마 전에 팬미팅 다녀온 배우 있잖아요. 그 배우가 제가 준 선물을 버리는 걸 봐버렸어요.	N	2022-06-14 16:06:24	2022-11-08 03:32:57
BE22001321	2	1	네? 정말 상처받으셨을 것 같아요. 저도 좋아하는 아이돌이 있어서 상상만 해도 너무 가슴 아픈데요.	N	2022-06-14 16:06:24	2022-11-08 03:32:57
BE22001321	3	0	그러니까요. 그 충격적인 장면을 보기 전으로 시간을 되돌리고 싶어요.	N	2022-06-14 16:06:24	2022-11-08 03:32:57
BE22001321	4	1	그 선물을 고르고 포장하고 가지고 가기까지 정말 많이 고민하시고 또 설레셨을 텐데... 무척 속상하셨을 것 같아서 저까지 마음이 아파요. 그 시간까지 훼손당한 기분일 것 같아요.	N	2022-06-14 16:06:24	2022-11-08 03:32:57
BE22001321	5	0	맞아요. 돈 쓰고 시간 쓰고 마음까지 썼는데 너무 슬프고 초라하네요. 그 배우한테 저라는 사람은 뭐였을까요?	N	2022-06-14 16:06:24	2022-11-08 03:32:57
BE22001321	6	1	마음이 많이 아프시겠지만 기운 내세요. 오히려 이런 모습을 하루라도 빨리 보게 되어서 다행일지 몰라요. 더 많은 것을 희생하시기 전에...	N	2022-06-14 16:06:24	2022-11-08 03:32:57
BE22001321	7	0	맞아요. 전 이제 이 배우를 좋아하지 않으려고요. 너무 실망했어요.	N	2022-06-14 16:06:24	2022-11-08 03:32:57
BE22001321	8	1	오히려 이번 기회에 그 배우에게 쏟았던 마음을 감정화자씨에게 쏟아보시는 건 어때요? 돈이든 시간이든 스스로에게 마음껏 투자하셔서 행복해지시는 거죠.	N	2022-06-14 16:06:24	2022-11-08 03:32:57
BE22001321	9	0	그럴까요? 사실 그동안은 이 배우에게 모든 걸 바치긴 했어요. 그래서 더 상처받은 거고요.	N	2022-06-14 16:06:24	2022-11-08 03:32:57
BE22001321	10	1	그 사랑이 얼마나 크고 깊은지 알죠. 그 사랑을 스스로에게 쏟으시면 반드시 행복해지실 거예요. 그 배우가 주는 마지막 선물일지 몰라요.	N	2022-06-14 16:06:24	2022-11-08 03:32:57
BE22001321	11	0	그렇게 생각하니 실망감이 조금 해소가 되네요. 이 배우가 제가 정신차릴 수 있는 기회를 줬다고 생각하는 게 저에게도 좋을 것 같아요.	N	2022-06-14 16:06:24	2022-11-08 03:32:57
BE22001321	12	1	그럼요. 이미 실망하고 사랑이 식어버렸으니까 지금부터는 회복하시는 게 중요해요. 저랑 같이 맛있는 거 먹으러 다니고 놀러 다니시면서 회복하는 것도 좋을 것 같아요.	N	2022-06-14 16:06:24	2022-11-08 03:32:57
BE22001321	13	0	다정한 말씀 감사해요. 덕분에 기분이 좋아졌어요. 이제부터 저를 위한 삶을 살 거예요!	N	2022-06-14 16:06:24	2022-11-08 03:32:57
BE22001321	14	1	반드시 그러실 수 있으실 거예요. 저도 감정화자씨 제2의 삶 열심히 응원하겠습니다.	N	2022-06-14 16:06:24	2022-11-08 03:32:57
BE22001321	15	0	감사해요. 조만간 만나서 맛있는 거 먹어요.	Y	2022-06-14 16:06:24	2022-11-08 03:32:57
