id	utterance_id	utterance_type	utterance_text	terminate	regDate	updDate
BE22008616	1	0	방금 옷가게에서 엄청 좋은 노래 들었는데, 제목이 뭔지 모르겠어요.	N	2022-07-13 12:46:04	2022-11-08 04:19:50
BE22008616	2	1	아, 그럴 때는 하루 온종일 그 노래가 귀에서 맴도는데. 노래가 뭔지 궁금하고, 음은 계속 흥얼거려지고 가사는 뜨문뜨문 생각나잖아요. 그럴 때는 저도 답답하고 당황하게 되더라고요.	N	2022-07-13 12:46:04	2022-11-08 04:19:50
BE22008616	3	0	사실 제가 낯을 많이 가려서, 가게 주인한테도 못 물어보고 왔어요. 이렇게 하루 종일 생각나서 답답해할 거면 그냥 물어봤어도 됐을 텐데. 저 자신이 너무 답답해요.	N	2022-07-13 12:46:04	2022-11-08 04:19:50
BE22008616	4	1	낯을 가리면 그냥 말 거는 것도 얼마나 힘든데, 물어보는 게 어려운 건 더더욱 당연해요. 낯가리는 게 얼마나 힘든지 알아요. 당신을 충분히 이해할 수 있어요.	N	2022-07-13 12:46:04	2022-11-08 04:19:50
BE22008616	5	0	하지만 이럴 때는 제 성격이 조금 싫어지네요. 그리고 이렇게 스스로가 싫어질 때면 한없이 슬퍼져요. 제가 이상하게 별것도 아닌 것에 스트레스받는 것일까요?	N	2022-07-13 12:46:04	2022-11-08 04:19:50
BE22008616	6	1	아니에요. 스스로가 밉게 보일 때만큼 마음이 아픈 건 없다고 생각해요. 지금 당신이 느끼는 슬픔은 절대 이상한 게 아니라고 말해주고 싶어요.	N	2022-07-13 12:46:04	2022-11-08 04:19:50
BE22008616	7	0	가게 주인이 많이 바빠 보여서 물어보는 게 혹시 방해라도 될까 봐 망설였는데. 저는 왜 모든 걸 너무 과하게 걱정할까요?	N	2022-07-13 12:46:04	2022-11-08 04:19:50
BE22008616	8	1	당신은 가게 주인을 배려하는 마음에서 물어보길 망설였던 거잖아요. 저는 오히려 타인을 수시로 배려하는 당신의 마음이 따뜻하게만 느껴지는데요?	N	2022-07-13 12:46:04	2022-11-08 04:19:50
BE22008616	9	0	그렇게 말해주시니 감사해요. 생각이 많은 제 성격을 배려로 봐주시니 감동이에요. 하지만 가끔은 자꾸 망설이기만 하는 성격을 고치고 싶을 때가 있어요.	N	2022-07-13 12:46:04	2022-11-08 04:19:50
BE22008616	10	1	당신의 고민이 이해가 돼요. 타인을 너무 배려하다 보면, 정작 나 자신을 돌봐주지 못할 때가 오곤 하잖아요. 하지만, 당신은 타인을 배려할 수 있으니까 언제든 스스로도 돌아보고 안아줄 수 있을 것이라 생각해요.	N	2022-07-13 12:46:04	2022-11-08 04:19:50
BE22008616	11	0	정말 그럴 수 있을까요?	N	2022-07-13 12:46:04	2022-11-08 04:19:50
BE22008616	12	1	그럼요. 저는 당신이 원한다면 무엇이든 해낼 수 있을 것이라고 믿어요. 나 자신을 더 배려해주고 이해해주는 것. 아, 그리고 귓가에 계속 맴도는 노래를 찾는 것도요.	N	2022-07-13 12:46:04	2022-11-08 04:19:50
BE22008616	13	0	네. 당신이 말해준 것들을 꼭 이루어 볼게요. 나 자신을 더 배려해주기와 노래 찾기. 노래는 진짜 얼른 찾고 싶어요.	N	2022-07-13 12:46:04	2022-11-08 04:19:50
BE22008616	14	1	꼭 찾을 수 있을 거예요. 제가 진심으로 응원할게요.	N	2022-07-13 12:46:04	2022-11-08 04:19:50
BE22008616	15	0	고마워요. 덕분에 응원도 얻고, 제 성격에 대한 위로도 얻을 수 있었어요.	Y	2022-07-13 12:46:04	2022-11-08 04:19:50
