id	utterance_id	utterance_type	utterance_text	terminate	regDate	updDate
BE22011626	1	0	어제 아이들 용품을 사러 다녀왔어. 그런데 집에 오는 길에 너무 울적한 거 있지.	N	2022-07-25 14:28:27	2022-11-08 04:39:08
BE22011626	2	1	가기 전부터 필요한 게 많다고 했잖아. 혹시 괜찮으면 왜 울적했는지 물어봐도 될까?	N	2022-07-25 14:28:27	2022-11-08 04:39:08
BE22011626	3	0	사고 싶은 것들은 많았는데 비싸서 사지 못했어. 아이들도 필요한 게 많은 것 같았는데 아닌 척하는 것 같았어. 벌써 애들한테 그런 부담을 준다는 게 너무 답답하고 슬픈 거 있지.	N	2022-07-25 14:28:27	2022-11-08 04:39:08
BE22011626	4	1	사랑하는 이가 원하는 걸 해줄 수 없다니 얼마나 답답했을까. 그 말을 듣는데 나도 너무 속상하다. 네가 너무나도 울적했을 것 같아.	N	2022-07-25 14:28:27	2022-11-08 04:39:08
BE22011626	5	0	아이들이 빨리 자라니 맞는 옷 고르는 것도 일이야. 애들이 필요한 걸 제때 해줄 수 없다는 게 부모로서 너무 답답하고 우울하기만 해.	N	2022-07-25 14:28:27	2022-11-08 04:39:08
BE22011626	6	1	내가 너였어도 마음이 답답했을 것 같아. 사랑은 주고 또 줘도 부족하게 느껴지는데 아무것도 못 해준단 사실이 너무 무력하게 느껴졌을 것 같아.	N	2022-07-25 14:28:27	2022-11-08 04:39:08
BE22011626	7	0	내가 능력이 없어서 애들을 제대로 못 키우는 건 아닐까. 애들한테 나의 우울한 마음이 전이될까 봐 무섭기도 해. 아이들은 어른들의 거울이라고들 하잖아.	N	2022-07-25 14:28:27	2022-11-08 04:39:08
BE22011626	8	1	지금의 상황에서는 답답하고 울적할 수밖에 없다고 생각해. 하지만 중요한 건 아이들을 향한 마음이 아닐까? 나는 네가 누구보다 다정하고 따뜻한 부모라고 생각해.	N	2022-07-25 14:28:27	2022-11-08 04:39:08
BE22011626	9	0	아이들이 나를 나중에 원망하는 건 아닐까? 그런 상상을 하면 너무 괴로워.	N	2022-07-25 14:28:27	2022-11-08 04:39:08
BE22011626	10	1	네가 그런 생각을 했다는 게 너무 속상하다. 하지만 너 자신을 자책하거나 하지 않았으면 좋겠어. 너는 아이들의 말에 늘 귀를 기울이고 함께 시간을 보내려고 노력하고 있잖아.	N	2022-07-25 14:28:27	2022-11-08 04:39:08
BE22011626	11	0	클수록 돈이 더 많이 들 텐데 앞으로가 더 걱정이야. 당장 지금은 버틸 수 있다고 해도 앞날을 상상하면 괴로워.	N	2022-07-25 14:28:27	2022-11-08 04:39:09
BE22011626	12	1	내가 너라도 지금의 상황이 너무 답답하게 느껴질 것 같아. 하지만 내가 아는 너는 긍정적이기에 지금의 위기도 이겨낼 수 있을 거라 생각해. 우울함도 극복할 수 있을 테고 말이야.	N	2022-07-25 14:28:27	2022-11-08 04:39:09
BE22011626	13	0	맞아. 아이들을 생각해서라도 나부터 힘을 내야지. 앞으로는 더 긍정적인 생각을 해야겠어. 너와 대화하다 보니 마음이 조금 더 편안해졌어.	N	2022-07-25 14:28:27	2022-11-08 04:39:09
BE22011626	14	1	그렇게 말해줘서 고마워. 네가 마음이 나아졌다니 나도 기쁘다. 그럼 언제든 고민이 있으면 나와 얘기하자!	Y	2022-07-25 14:28:27	2022-11-08 04:39:09
