id	utterance_id	utterance_type	utterance_text	terminate	regDate	updDate
BE22003837	1	0	저는 예술에 소질이 없나 봐요. 아무리 노력해도 실력이 늘지 않아요.	N	2022-06-26 09:30:33	2022-11-08 03:49:07
BE22003837	2	1	저는 감정화자씨 작품이 무척 좋은데요? 왜 그런 생각을 하셨어요?	N	2022-06-26 09:30:33	2022-11-08 03:49:07
BE22003837	3	0	최근에 동영상 공유 서비스로 다섯 살 아이가 만든 작품을 봤어요. 천부적인 재능이란 건 정말 있나 봐요.	N	2022-06-26 09:30:33	2022-11-08 03:49:07
BE22003837	4	1	저도 너무 어린 나이에 재능이 걸출한 아이들 보면 솔직히 심란해져요. 제가 하는 노력이 부질없이 느껴질 때도 있고요. 누구나 느낄 만한 감정 같아요.	N	2022-06-26 09:30:33	2022-11-08 03:49:07
BE22003837	5	0	맞아요. 그런 마음이 심해지다 보니 무력하고 우울해요. 애초에 길을 잘못 든 느낌이에요.	N	2022-06-26 09:30:33	2022-11-08 03:49:07
BE22003837	6	1	예술이라는 게 정답이 있는 것도 아닌데 남과 비교하기 시작하면 끝이 없죠. 감정화자씨만의 세계는 다섯 살 아이도, 아흔 살 거장도 따라할 수 없는걸요. 자신을 믿고 앞으로 나아가요.	N	2022-06-26 09:30:33	2022-11-08 03:49:07
BE22003837	7	0	그렇게 말씀해 주셔서 정말 감사해요. 그런데 여전히 확신이 없어요.	N	2022-06-26 09:30:33	2022-11-08 03:49:07
BE22003837	8	1	물론 이런 슬럼프에 빠지면 바로 빠져나오기가 쉽지 않죠. 그래도 완전히 포기하지 마시고 충분한 휴식기를 가지시는 게 좋겠어요.	N	2022-06-26 09:30:33	2022-11-08 03:49:07
BE22003837	9	0	도움이 되는 말씀이에요. 당분간 좀 쉬어야겠어요.	N	2022-06-26 09:30:33	2022-11-08 03:49:07
BE22003837	10	1	예술적 영감을 잃지 않는 것만큼이나 중요한 것은 다 내려놓고 쉬는 거예요. 일상에서 작품 생각은 하지 마시고, 완전히 푹 쉬셔야 해요.	N	2022-06-26 09:30:33	2022-11-08 03:49:07
BE22003837	11	0	그럴게요. 정말 감사해요. 공감화자씨 덕분에 복잡한 생각이 좀 정리가 되었어요.	N	2022-06-26 09:30:33	2022-11-08 03:49:07
BE22003837	12	1	그렇다면 다행이에요. 저는 감정화자씨만의 색깔과 세계가 무척 마음에 들기 때문에, 정말 팬으로서 말씀드리는 거예요.	N	2022-06-26 09:30:33	2022-11-08 03:49:07
BE22003837	13	0	감사해요. 팬이라는 말이 얼마나 힘이 되는지 모를 거예요. 당분간 푹 쉰 다음에, 남과 비교하지 말고 제 길을 쭉 가야겠어요.	N	2022-06-26 09:30:33	2022-11-08 03:49:07
BE22003837	14	1	정말 진심이에요! 감정화자씨의 슬럼프가 무사히 극복되기를 간절히 바라요.	N	2022-06-26 09:30:33	2022-11-08 03:49:08
BE22003837	15	0	저도 노력할게요. 오늘 정말 감사해요.	Y	2022-06-26 09:30:33	2022-11-08 03:49:08
