id	utterance_id	utterance_type	utterance_text	terminate	regDate	updDate
BE22007080	1	0	올해도 난 혼자 보내려나 봐, 이제 혼자인 것도 너무 공허하고 스스로 짠하게 느껴져.	N	2022-07-08 04:57:50	2022-11-08 04:10:05
BE22007080	2	1	소개받은 여성분과 잘 되어가는 줄 알았는데. 계속 데이트 신청도 하고 많이 설레어했잖아.	N	2022-07-08 04:57:50	2022-11-08 04:10:05
BE22007080	3	0	응. 지난 주말에 정식으로 사귀자고 고백했는데, 자가용이 없다는 이유로 거절당했어. 그런 이유로 차이니까, 정말 비참하다.	N	2022-07-08 04:57:50	2022-11-08 04:10:05
BE22007080	4	1	데이트 나가면서 기대하고 나갔을 텐데, 네가 상심이 정말 크겠어.	N	2022-07-08 04:57:50	2022-11-08 04:10:05
BE22007080	5	0	난 마음이 정말 통했다고 생각했거든, 차가 없다는 이유를 이해하기가 어려워. 내가 그렇게 이성적인 매력이 없나 마음이 쓰리네.	N	2022-07-08 04:57:50	2022-11-08 04:10:05
BE22007080	6	1	서로 정서적인 교감을 했다고 믿었는데, 나 혼자만의 생각이었다고 하면 나라도 많이 마음이 상할 거야.	N	2022-07-08 04:57:50	2022-11-08 04:10:05
BE22007080	7	0	여성분들이 차를 가진 남자를 선호한다는 건 알고 있었지만. 난 이유가 있었고 충분히 설득할 수 있다고 믿었었거든. 막상 이런 일을 겪고 나니까 처참하네.	N	2022-07-08 04:57:50	2022-11-08 04:10:05
BE22007080	8	1	맞아. 내 이상과 현실이 다른 걸 느낄 때 특히 착잡한 것 같아. 그 감정이 얼마나 괴로울지 내가 잘 알아.	N	2022-07-08 04:57:50	2022-11-08 04:10:05
BE22007080	9	0	당장 몸이 편한 것 보다, 미래를 위해 투자하는 편이 낫다고 생각해서 구입을 보류했던 건데. 이런 일을 겪을 줄 알았다면 그냥 차를 살 걸 그랬어.	N	2022-07-08 04:57:50	2022-11-08 04:10:05
BE22007080	10	1	마음이 슬프다 보니까 후회스러운 마음까지 드나보구나. 그렇지만 넌 그저 네 가치관에 따라 최선의 선택을 했던 거야. 그리고 나중에는 분명 그 선택을 자랑스럽게 생각할걸?	N	2022-07-08 04:57:50	2022-11-08 04:10:05
BE22007080	11	0	내가 정말 그렇게 생각하게 될까? 지금은 그렇게 떠나보낸 인연이 너무 아리고 슬프기만 해.	N	2022-07-08 04:57:50	2022-11-08 04:10:05
BE22007080	12	1	당연하지. 내 기억으로는 네가 그때 정말 신중하게 결정했었어. 고민했던 만큼 놓친 인연보다 더 좋은 결과가 따라올 거야.	N	2022-07-08 04:57:50	2022-11-08 04:10:05
BE22007080	13	0	그렇게 생각하니 많이 위로가 되네. 네 말대로 됐으면 좋겠다. 내 판단이 틀리지 않았다는 걸 믿고 싶어.	N	2022-07-08 04:57:50	2022-11-08 04:10:05
BE22007080	14	1	그리고 짚신도 제짝이 있다고 하잖아. 네가 만날 인연은 분명 있어, 아직 타이밍이 안 맞았을 뿐이야.	N	2022-07-08 04:57:50	2022-11-08 04:10:05
BE22007080	15	0	위로를 해줘서 고마워. 여유를 찾고 인연을 기다려 봐야겠다.	Y	2022-07-08 04:57:50	2022-11-08 04:10:05
