id	utterance_id	utterance_type	utterance_text	terminate	regDate	updDate
BE22003626	1	0	공감화자씨, 어떻게 애들을 셋이나 키웠어요? 정말 대단해요.	N	2022-06-25 12:16:11	2022-11-08 03:47:46
BE22003626	2	1	아이 키우기 많이 힘들어요?	N	2022-06-25 12:16:11	2022-11-08 03:47:46
BE22003626	3	0	첫째 키워서 둘째는 수월할 줄 알았는데. 둘째는 또 둘째대로 어려움이 있네요. 둘째 돌잔치 안 했던 게 마음에 걸려요.	N	2022-06-25 12:16:11	2022-11-08 03:47:46
BE22003626	4	1	둘째한테는 첫째한테만큼 많이 못 해준 것 같아서 마음에 걸리는 거죠? 저도 늘 셋째한테 미안한 마음이 있어서 그 마음 알아요.	N	2022-06-25 12:16:11	2022-11-08 03:47:46
BE22003626	5	0	맞아요. 오늘 아이가 왜 자기만 돌잔치 사진이 없냐고 하는데 너무 미안하고 마음이 아프더라고요.	N	2022-06-25 12:16:11	2022-11-08 03:47:46
BE22003626	6	1	그때는 그럴만한 이유가 있었으니 그랬을 텐데, 아이가 그렇게 말하니 미안할 것 같아요. 더 잘 해줬어야 하는데 하고 후회하고 있어요?	N	2022-06-25 12:16:11	2022-11-08 03:47:46
BE22003626	7	0	너무 후회돼요. 남들은 다 돌잔치 했는데 본인은 왜 안 해주냐면서 첫째 언니만 예뻐한다고 너무 서운해해요.	N	2022-06-25 12:16:11	2022-11-08 03:47:46
BE22003626	8	1	덜 사랑해서 그런 게 아닌데... 엄마 마음을 어떻게 설명해야 할지 난감할 것 같아요.	N	2022-06-25 12:16:11	2022-11-08 03:47:46
BE22003626	9	0	제 잘못이에요. 첫째 돌잔치 했을 때 아이는 너무 힘들어하고, 어른들만 좋자고 하는 것 같았었거든요. 그래서 둘째는 안 했던 건데 아이가 커서 서운해할 거라는 생각은 못 했어요.	N	2022-06-25 12:16:11	2022-11-08 03:47:46
BE22003626	10	1	아이를 위하고 사랑하는 마음에서 그런 거니까 크면 다 이해할 거예요. 저는 그렇게까지 생각하지 못했었는데 감정화자씨는 정말 훌륭한 엄마네요.	N	2022-06-25 12:16:11	2022-11-08 03:47:46
BE22003626	11	0	정말 크면 이해해 줄까요? 평소에도 쌓인 게 있으면 어쩌죠? 저는 부족한 엄마예요.	N	2022-06-25 12:16:11	2022-11-08 03:47:47
BE22003626	12	1	이렇게나 아이를 사랑하고 생각하는 엄마가 또 어딨다고요. 아이도 분명히 엄마의 사랑을 느낄 테니까 걱정하지 않아도 괜찮아요.	N	2022-06-25 12:16:11	2022-11-08 03:47:47
BE22003626	13	0	제 사랑을 느낀다는 말 위안이 되네요. 저는 최선을 다해서 사랑으로 키우고 있거든요.	N	2022-06-25 12:16:11	2022-11-08 03:47:47
BE22003626	14	1	그럼요. 옆에서 보는 저에게까지 다 느껴져요. 힘들 땐 언제든 연락해요.	N	2022-06-25 12:16:11	2022-11-08 03:47:47
BE22003626	15	0	고민 있을 때마다 진심으로 들어줘서 고마워요.	Y	2022-06-25 12:16:11	2022-11-08 03:47:47
