id	utterance_id	utterance_type	utterance_text	terminate	regDate	updDate
BE22011913	1	0	난 왜 먹고 싶은 거 하나 쉽게 사 먹을 수 없을까? 돈 때문에 주춤거리는 나를 발견할 때면 우울해.	N	2022-07-26 13:04:01	2022-11-08 04:41:00
BE22011913	2	1	무슨 일이야? 속상한 일이 생겼나 보네.	N	2022-07-26 13:04:01	2022-11-08 04:41:00
BE22011913	3	0	직장동료들과 밥을 먹으러 갔는데. 나도 모르게 제일 싼 음식을 고르고 있더라고 먹고 싶은 것도 아니었는데. 이런 내가 너무 가여워서 슬퍼.	N	2022-07-26 13:04:01	2022-11-08 04:41:00
BE22011913	4	1	그것 때문에 속이 상했구나, 당연히 그럴 수 있어. 특히 금전적인 문제 때문에 계속 그런 상황이 벌어진다면 그것만큼 속상할 때가 없지.	N	2022-07-26 13:04:01	2022-11-08 04:41:00
BE22011913	5	0	부지런히 일하는데 내가 부양해야 할 가족이 많아. 그래서 내가 항상 아껴야 하고 구질구질하게 살아야 해.	N	2022-07-26 13:04:01	2022-11-08 04:41:00
BE22011913	6	1	항상 밝고 구김살 없던 너라 그런 상황인 줄 몰랐어. 그렇게 고생했을 너를 생각하니 가슴이 찢어진다. 얼마나 속상했니... 진작 알아봐 주지 못해 미안하다.	N	2022-07-26 13:04:01	2022-11-08 04:41:00
BE22011913	7	0	먹고 싶은 음식 하나 사 먹지 못하는 이런 내가 추잡스럽다는 생각까지 들어. 주춤거리게 되는 내가 안쓰럽고 그래서 슬퍼.	N	2022-07-26 13:04:01	2022-11-08 04:41:01
BE22011913	8	1	너는 너의 주어진 상황에 안주하지 않고. 책임감 있게 가족들까지 부양하며 남부끄럽지 않게 성실하게 살아왔잖아. 내가 너라면 자부심을 느꼈을 거야!	N	2022-07-26 13:04:01	2022-11-08 04:41:01
BE22011913	9	0	그런가? 그래도 태어날 때부터 고생하지 않고 부유하게 잘았다면 얼마나 좋았을까 그게 너무 서럽고 슬프다.	N	2022-07-26 13:04:01	2022-11-08 04:41:01
BE22011913	10	1	그렇지만 네가 만들어온 값진 경험들, 그리고 네가 일군 수많은 당연하지만 당연하지 않은 것들. 지금의 너를 더 단단하고 깊이 있는 사람으로 성장하게 만들었을 수도 있다고 생각해.	N	2022-07-26 13:04:01	2022-11-08 04:41:01
BE22011913	11	0	그래 내가 너무 돈에만 집중하고 돈으로만 나를 판단했나 봐. 나 사실 노력 많이 하며 살았거든 그 가치를 정작 내가 모르고 살아왔던 거 같아.	N	2022-07-26 13:04:01	2022-11-08 04:41:01
BE22011913	12	1	살다 보면 돈에 가치를 많이 두고 살 때가 종종 생기곤 해. 나 역시도 돈 앞에서 많이 쓰러지고 좌절했어. 그런데 이제라도 네가 돈보다 너를 소중하게 생각하려는 거 같아 보기 좋다.	N	2022-07-26 13:04:01	2022-11-08 04:41:01
BE22011913	13	0	주어진 상황에 슬퍼만 하지 말고. 이제 좀더 나를 사랑하고 고생한 나를 위해 가끔 좋은 선물도 하며 살아가 볼래.	N	2022-07-26 13:04:01	2022-11-08 04:41:01
BE22011913	14	1	그래, 그럴 자격 충분히 있어. 앞으로 너의 더 발전되고 널 더 사랑하는 시간을 응원할게.	N	2022-07-26 13:04:01	2022-11-08 04:41:01
BE22011913	15	0	고마워 너에게 이렇게 속 시원하게 말하고 나니 후련하다. 내 고민을 너의 이야기처럼 잘 들어줘서 정말 고마워.	N	2022-07-26 13:04:01	2022-11-08 04:41:01
BE22011913	16	1	언제든 힘들고 지칠 때 나에게 와서 잠시 쉬었다가 난 언제나 너의 편이야.	Y	2022-07-26 13:04:01	2022-11-08 04:41:01
