id	utterance_id	utterance_type	utterance_text	terminate	regDate	updDate
BE22011323	1	0	제게 4월은 너무 잔인한 일이에요. 신이 있다면 저에게 벌을 주시는 것일까요. 요즘 하는 일마다 다 잘 안 풀리고 좋지 않은 소식들에 너무 괴롭고 슬픕니다.	N	2022-07-24 11:33:39	2022-11-08 04:37:09
BE22011323	2	1	무슨 일이 있으셨을길래 그러시나요? 너무 걱정되는데요. 저에게 털어놔 주세요.	N	2022-07-24 11:33:39	2022-11-08 04:37:09
BE22011323	3	0	이번에 열심히 준비했던 시험에 떨어졌어요. 불합격 통지를 받자마자 무너지더군요. 가까스로 풀릴 뻔한 다리에 힘을 주고 섰지만 너무 슬픈 소식이었습니다.	N	2022-07-24 11:33:39	2022-11-08 04:37:09
BE22011323	4	1	그런 일이 있으셨다니, 너무 마음이 힘드시겠어요. 그동안 정말 열심히 준비하셨다는 사실을 알기에 저도 마음이 편치 않네요. 감정화자님이 말씀하신대로 감정화자님께는 정말 잔인한 소식이 맞네요.	N	2022-07-24 11:33:39	2022-11-08 04:37:09
BE22011323	5	0	정말 너무 마음이 아파요. 누군가 제 심장을 도려내는 듯한 기분이에요. 너무 울어서 머리도 아프고 여기저기 고장 난 것 같아요.	N	2022-07-24 11:33:39	2022-11-08 04:37:09
BE22011323	6	1	그 심정을 제가 감히 헤아릴 수 없을 것 같아요. 너무 고생하셨고, 또 너무 힘드셨겠어요. 손을 꼭 잡아드리고 싶은 마음이에요.	N	2022-07-24 11:33:39	2022-11-08 04:37:09
BE22011323	7	0	게다가, 이번 달에 사랑하는 애인이랑도 헤어졌어요. 안 좋은 일이 겹겹이 일어나니 너무 우울하고 힘들어요. 아무런 에너지가 없어요.	N	2022-07-24 11:33:39	2022-11-08 04:37:09
BE22011323	8	1	불합격이라는 것도 너무 마음 아픈데, 사랑하는 사람과의 이별이라뇨. 더 견디기 버거우실 것 같아요. 지금까지 견뎌내 오신 것만으로도 정말 대단하실 정도로요.	N	2022-07-24 11:33:39	2022-11-08 04:37:09
BE22011323	9	0	앞으로 어떻게 해야 할지 모르겠어요. 그냥 인생을 포기하고 싶어져요.	N	2022-07-24 11:33:39	2022-11-08 04:37:09
BE22011323	10	1	분명 시간이 지나면, 이별에 대한 아픔도 나아질 거예요. 안 좋은 일이 있었던 것만큼 분명 좋은 일도 오고요. 기운 내서 보란 듯이 열심히 다시 힘내셨으면 좋겠어요.	N	2022-07-24 11:33:39	2022-11-08 04:37:09
BE22011323	11	0	저는 아무것도 가지지 못한 사람이에요. 너무 부족하고, 한없이 추락하는 사람이요. 저에게 이런 힘든 일이 생길 때 이겨낼 자신이 없을 만큼 저는 너무 나약해요.	N	2022-07-24 11:33:39	2022-11-08 04:37:10
BE22011323	12	1	감정화자님, 시험에서 불합격해서 너무 안타깝고 슬프시죠. 하지만 이번만 기회가 있는 것은 아니에요. 지금은 비록 힘드시겠지만, 최선을 다하신 만큼 후회는 잠시 접어두시고 힘내셨음 좋겠어요. 잘될 거예요.	N	2022-07-24 11:33:39	2022-11-08 04:37:10
BE22011323	13	0	그렇게 말씀해주셔서 감사합니다. 제게 이런 말을 해준 사람이 없었어요. 지옥 같은 4월을 혼자 감내하느라 너무 힘들었거든요.	N	2022-07-24 11:33:39	2022-11-08 04:37:10
BE22011323	14	1	그리고, 여자 친구랑 헤어지신 것 말이에요. 그 사랑이 영원할 것처럼 느꼈듯이 지금 슬픔도 시간이 지나면 분명 줄어들게 될 거예요. 지금 먹먹하고 슬픔이 가득하셔서 너무 힘드시겠지만, 잘 버텨내시면 이 시간도 의미가 있음을 깨닫게 되실 거예요,.	N	2022-07-24 11:33:39	2022-11-08 04:37:10
BE22011323	15	0	그렇게 말씀해주셔서 감사해요. 저 잘 이겨낼 수 있겠죠. 덕분에 기운이 나서 저 다시 일어설 수 있을 것 같아요.	N	2022-07-24 11:33:39	2022-11-08 04:37:10
BE22011323	16	1	감정화자님은 워낙 성격이 굳세고 긍정적이시잖아요. 특유의 밝은 성격으로 잘 이겨내시고 다시 일어서셔야죠. 분명 앞으로는 좋은 결과 있으실 거니 너무 낙담하지 마시고 긍정적으로 생각해주세요. 응원할게요,.	Y	2022-07-24 11:33:39	2022-11-08 04:37:10
