id	utterance_id	utterance_type	utterance_text	terminate	regDate	updDate
BE22000938	1	0	선배님, 저도 전역할 수 있을까?	N	2022-06-14 00:39:00	2022-11-08 03:30:23
BE22000938	2	1	당연히 할 수 있지. 그런 거 물어보는 거 보니까 요즘 많이 힘들구나? 무슨 일 있었어?	N	2022-06-14 00:39:00	2022-11-08 03:30:23
BE22000938	3	0	제가 가장 좋아하고 따랐던 선임이 오늘 전역했어요.	N	2022-06-14 00:39:00	2022-11-08 03:30:23
BE22000938	4	1	힘들 만하겠구나. 나도 군 생활할 때 그런 적 있어서 그 마음 잘 알아.	N	2022-06-14 00:39:00	2022-11-08 03:30:23
BE22000938	5	0	동기들보다도 말이 더 잘 통하고 나를 잘 챙겨주던 사람이 전역하니까 다른 선임들이 전역할 때랑은 느낌이 완전히 다른 것 같아요.	N	2022-06-14 00:39:00	2022-11-08 03:30:23
BE22000938	6	1	맞아. 친한 선임이 전역하는 걸 보는 건 더 와닿고 힘들지. 감정화자가 얼마나 공허할지 이해가 가.	N	2022-06-14 00:39:00	2022-11-08 03:30:23
BE22000938	7	0	네, 정말 공허하다는 표현이 딱 맞아요. 담배를 연거푸 피워도 기분이 안 나아지네요.	N	2022-06-14 00:39:00	2022-11-08 03:30:23
BE22000938	8	1	그럴 때는 담배 피워도 똑같더라고. 너무 슬퍼만 하지 마. 그 사람이 전역해야 감정화자씨도 전역할 수 있는 거야.	N	2022-06-14 00:39:00	2022-11-08 03:30:23
BE22000938	9	0	그건 맞긴 하지요. 참 좋은 사람이었는데 빨리 가버려서 아쉬워요.	N	2022-06-14 00:39:00	2022-11-08 03:30:23
BE22000938	10	1	그렇게 아쉬워할 필요 없어. 그 사람이랑은 사회 나가서도 연락하고 볼 수 있는 거잖아.	N	2022-06-14 00:39:00	2022-11-08 03:30:23
BE22000938	11	0	그런가요? 안 그 선임이 전화번호는 주고 갔어요. 근데 전역 후에도 연락하는 사람들이 있나요?	N	2022-06-14 00:39:00	2022-11-08 03:30:23
BE22000938	12	1	그럼, 마음 잘 맞는 사람들끼리는 계속 연락하지. 나만 해도 군대 때 만난 후임 두 명이랑 계속 연락하고 있어. 감정화자씨도 전역하면 그런 좋은 사람들과는 인연을 놓치지 말고 연락을 계속 이어 나가봐.	N	2022-06-14 00:39:00	2022-11-08 03:30:23
BE22000938	13	0	나도 전역하면 그래야겠어요. 전역 날이 올지 모르겠지만요.	N	2022-06-14 00:39:00	2022-11-08 03:30:23
BE22000938	14	1	거꾸로 매달아도 국방부 시계는 돌아간다잖아. 그런 생각 말고 군 생활 열심히 하렴!	N	2022-06-14 00:39:00	2022-11-08 03:30:23
BE22000938	15	0	알았어요. 고마워요. 당장 이번 휴가 때 선임한테 전화해서 한번 만나봐야겠어요. 	Y	2022-06-14 00:39:00	2022-11-08 03:30:23
