id	utterance_id	utterance_type	utterance_text	terminate	regDate	updDate
BE22007431	1	0	오늘 친구를 만나고 왔는데 울적해서 집에 가기가 싫네요.	N	2022-07-09 14:43:30	2022-11-08 04:12:18
BE22007431	2	1	친구랑 싸우기라도 한 거예요?	N	2022-07-09 14:43:30	2022-11-08 04:12:18
BE22007431	3	0	아뇨, 분위기는 좋았어요. 친구가 형편이 어려운데 아르바이트를 하면서 꿋꿋하게 학업을 이어가고 있다더라고요. 그 얘길 듣는데 제가 괜히 작아지는 기분이었어요.	N	2022-07-09 14:43:30	2022-11-08 04:12:18
BE22007431	4	1	무슨 말씀인지 알겠어요. 열심히 사는 친구를 보니 괜히 스스로가 하찮게 느껴졌던 거죠?	N	2022-07-09 14:43:30	2022-11-08 04:12:18
BE22007431	5	0	맞아요. 저는 이 나이 먹도록 뭐 했나 싶어서 자괴감이 들더라고요. 한 번도 무언가에 최선을 다해서 임해본 적이 없다는 걸 깨닫고 우울해졌어요.	N	2022-07-09 14:43:30	2022-11-08 04:12:18
BE22007431	6	1	저라도 친구와 대화하는 동안 스스로가 민망해졌을 것 같아요. 감정화자씨 심정이 이해가 가서 덩달아 속상해지네요.	N	2022-07-09 14:43:30	2022-11-08 04:12:18
BE22007431	7	0	늘 불평불만만 늘어놓고 산 것 같아요. 부끄러운 제 모습을 받아들이기가 힘들어요.	N	2022-07-09 14:43:30	2022-11-08 04:12:18
BE22007431	8	1	지난 시간도 후회가 되겠어요. 슬퍼하시는 모습을 보니 마음이 아프네요.	N	2022-07-09 14:43:30	2022-11-08 04:12:18
BE22007431	9	0	저도 불평하지 말고 친구처럼 열심히 살 걸 그랬어요. 그럼 지금보다 더 대단한 사람이 되었을 텐데.	N	2022-07-09 14:43:30	2022-11-08 04:12:18
BE22007431	10	1	감정화자씨는 지금도 충분히 빛나는 사람인걸요. 누구나 살다 보면 후회하는 일이 한두 가지씩은 생긴다고 해요. 자꾸 뒤를 돌아보면 감정화자씨만 더 괴로워질 테니 마음을 편히 가져요.	N	2022-07-09 14:43:30	2022-11-08 04:12:18
BE22007431	11	0	저도 그러고 싶은데 친구에 비해 제가 너무 못났다는 걸 알게 되니까 슬픔이 가시질 않네요.	N	2022-07-09 14:43:30	2022-11-08 04:12:18
BE22007431	12	1	앞으로가 중요한 법이에요. 부정적인 감정을 너무 오래 갖고 있지 마세요. 감정화자씨는 여전히 무궁무진한 가능성을 가진 멋진 사람인걸요.	N	2022-07-09 14:43:30	2022-11-08 04:12:18
BE22007431	13	0	그렇게 말씀해주셔서 감사해요. 공감화자씨 말을 들으니 힘이 나네요. 앞으로 노력하면 저도 친구처럼 멋진 사람이 될 수 있겠죠?	N	2022-07-09 14:43:30	2022-11-08 04:12:18
BE22007431	14	1	그럼요. 이런 감정도 하기에 따라 결국 자산이 되는 것 같아요. 스스로를 믿고 기운 차리세요.	N	2022-07-09 14:43:30	2022-11-08 04:12:18
BE22007431	15	0	맞아요. 이번 일로 조금 성장한 기분도 드네요. 잡생각은 얼른 털어 버리고 제 일에 더 집중할래요.	N	2022-07-09 14:43:30	2022-11-08 04:12:18
BE22007431	16	1	좋은 생각이에요. 도움이 필요하면 언제든 연락하세요.	N	2022-07-09 14:43:30	2022-11-08 04:12:18
BE22007431	17	0	고맙습니다. 공감화자씨는 정말 제게 언제나 큰 힘이 된다니까요!	Y	2022-07-09 14:43:30	2022-11-08 04:12:18
