id	utterance_id	utterance_type	utterance_text	terminate	regDate	updDate
BE22011044	1	0	저는 아직 스무 살밖에 안 되었는데 어떻게 이런 일이 일어날 수 있을까요? 암이라니요! 처음엔 눈물도 나지 않았습니다.	N	2022-07-22 08:30:31	2022-11-08 04:35:23
BE22011044	2	1	이럴 땐 뭐라고 위로해야 할지 모르겠습니다. 너무 안타까운 일이 일어났군요. 가슴이 아프네요.	N	2022-07-22 08:30:31	2022-11-08 04:35:23
BE22011044	3	0	그 일을 처음 알게 된 이후로 열흘이 지났어요. 그때 창밖을 보는데 눈이 내리더라고요. 저 눈들처럼 무탈했으면 좋겠다고 생각하며 눈과 함께 펑펑 울었습니다.	N	2022-07-22 08:30:31	2022-11-08 04:35:23
BE22011044	4	1	매우 힘드셨겠어요. 지금은 괜찮은지 궁금하군요.	N	2022-07-22 08:30:31	2022-11-08 04:35:23
BE22011044	5	0	지금도 완전히 괜찮지는 않아요. 아직도 길 가다가 이유 없이 눈물이 흐르고 왜 나에게만 이런 일이 일어났는지 생각합니다. 이토록 슬픔을 정면에서 직면한 건 처음이에요.	N	2022-07-22 08:30:31	2022-11-08 04:35:23
BE22011044	6	1	슬플 때는 있는 그대로를 표현하세요. 힘이 들 때 실컷 울고 나면 괜찮아지는 경험을 종종 해봤을 거예요. 감히 제가 비슷한 슬픔을 느껴본 적 있다고 말할 순 없지만 도움이 되고 싶네요.	N	2022-07-22 08:30:31	2022-11-08 04:35:23
BE22011044	7	0	요즘은 참지 않고 울고 있어요. 하지만 엄마를 마주치면 울기가 힘들어요. 제가 우는 모습을 보면 엄마가 더 힘들어할까 봐 걱정스러워요.	N	2022-07-22 08:30:31	2022-11-08 04:35:23
BE22011044	8	1	사랑하는 사람이 힘든 모습을 보는 것 또한 슬픈 일이죠. 세상엔 다양한 슬픔이 존재하지만, 영원한 슬픔은 없습니다.	N	2022-07-22 08:30:31	2022-11-08 04:35:24
BE22011044	9	0	맞아요. 저도 확실히 처음보다는 슬픔의 강도가 약해졌다고 느껴요. 다만 앞으로 제게 남은 시간이 얼마 없어요.	N	2022-07-22 08:30:31	2022-11-08 04:35:24
BE22011044	10	1	남은 시간이 많이 없다고 생각하면 마음이 초조하지 않나요? 때로는 인생을 내 마음대로 할 수 없다는 생각에 허무한 기분도 들 거 같아요. 어떤 마음으로 요즘을 보내고 계시는가요?	N	2022-07-22 08:30:31	2022-11-08 04:35:24
BE22011044	11	0	처음에는 한정적인 시간이 너무 아까웠어요. 억울하기도 했고 어떻게 보내야 할까보다는 누군가를 원망하는 맘으로 보냈어요. 하지만 이제는 남은 시간이 얼마나 소중한지 깨달았어요.	N	2022-07-22 08:30:31	2022-11-08 04:35:24
BE22011044	12	1	슬픔에 낙담하지 않고 정말 중요한 것이 무엇인지 생각하게 된 거군요. 다행입니다. 당신을 걱정하고 있었는데 그래도 희망이 있어 마음이 놓입니다.	N	2022-07-22 08:30:31	2022-11-08 04:35:24
BE22011044	13	0	버킷리스트를 만들었어요. 엄마와 함께 오로라를 보러 갈 거예요. 오로라를 본다면 인생의 아름다움이 있었다고 기억할 수 있을 거예요.	N	2022-07-22 08:30:31	2022-11-08 04:35:24
BE22011044	14	1	좋은 생각입니다. 저는 당신을 언제나 응원하고 있겠습니다. 마지막 순간까지 삶의 의미를 찾으려 하는 당신의 모습이 정말 멋지군요.	N	2022-07-22 08:30:31	2022-11-08 04:35:24
BE22011044	15	0	그렇게 말해주시니 저의 삶이 허무하지만은 않다는 생각이 듭니다. 남은 시간을 슬픔으로 다 소비할 수 없어요. 저의 소중한 인생이니까요.	Y	2022-07-22 08:30:31	2022-11-08 04:35:24
