id	utterance_id	utterance_type	utterance_text	terminate	regDate	updDate
BE22011973	1	0	하. 얼른 결혼하고 싶었는데 마음처럼 쉽지 않네.	N	2022-07-27 02:25:36	2022-11-08 04:41:23
BE22011973	2	1	왜 그래, 무슨 일이길래 그렇게 이야기하는 거야?	N	2022-07-27 02:25:36	2022-11-08 04:41:23
BE22011973	3	0	얼마 전에 상견례를 했거든. 근데 남자 친구 부모님께서 날 안 좋아하시는 것 같아서 너무 슬프더라. 내가 뭔가 부족한 점이 있나 싶기도 하고.	N	2022-07-27 02:25:36	2022-11-08 04:41:23
BE22011973	4	1	아이고 너무 슬프겠는데? 평소에 얼마나 결혼하고 싶은지 자주 들어서 그런지 정말 안타까워. 사랑받고 싶은데 받지 못하는 것만큼 슬픈 일은 정말 없는 것 같아.	N	2022-07-27 02:25:36	2022-11-08 04:41:23
BE22011973	5	0	맞아. 내가 그날 뭔가 실수한 게 있는지 계속 생각해보고 있느라 지금 아무 일도 못하고 있어. 정말 너무 속상하고 슬퍼.	N	2022-07-27 02:25:36	2022-11-08 04:41:23
BE22011973	6	1	맞아 나 같아도 엄청 생각해볼 것 같아. 상견례 가기 전에 어떤 일을 했고, 어떤 옷을 입었고 그날 그 자리에서는 뭘 했는지. 정말 하루 종일 생각날 것 같아.	N	2022-07-27 02:25:36	2022-11-08 04:41:23
BE22011973	7	0	첫인상이 정말 중요한데 나는 그 첫인상에서 좋은 점수를 못 딴 것 같아서 너무 속상해.	N	2022-07-27 02:25:36	2022-11-08 04:41:23
BE22011973	8	1	그래도 너무 슬퍼 말았으면 좋겠어. 아직 한 번뿐인 만남이었고, 내가 아는 너는 매사에 똑 부러지고 아주 멋있는 사람이거든. 슬퍼하기보다는 이번 일을 통해 다음에 더 잘해야겠다고 생각하는 게 좋을 것 같아!	N	2022-07-27 02:25:36	2022-11-08 04:41:23
BE22011973	9	0	어떻게 해야 그렇게 긍정적인 방향으로 생각을 바꿀 수 있을까. 이랬던 적이 없어서 나는 그게 참 힘드네.	N	2022-07-27 02:25:36	2022-11-08 04:41:23
BE22011973	10	1	맞아 슬픈 건 진짜 당연한 감정이지만 나는 네가 마냥 슬퍼하지는 않으면 좋겠어서 그래. 앞으로도 다양한 경험을 하게 될 텐데, 그때를 위해 단단한 마음을 가질 수 있는 경험을 해본 거라고 생각하자. 너는 매사에 배우는 자세를 가진 멋있는 사람이니까, 다음번에 훨씬 더 잘할 거야 슬퍼 마.	N	2022-07-27 02:25:36	2022-11-08 04:41:23
BE22011973	11	0	맞아 지금 슬퍼한다고 답이 나오는 것도 아니지. 다음에 어떻게 하면 더 잘할 수 있을지 생각해야겠어. 슬픔 따위 내가 다 이겨주겠어.	N	2022-07-27 02:25:36	2022-11-08 04:41:23
BE22011973	12	1	이야 그래도 이렇게 바로 기운을 차리고 다음을 기약하는 게 정말 쉽지 않은 일인데. 역시 너는 정말 용기 있는 멋있는 사람이야!	N	2022-07-27 02:25:36	2022-11-08 04:41:23
BE22011973	13	0	네가 아니었으면 이렇게 생각하기 쉽지 않았을 거야 정말 고마워.	N	2022-07-27 02:25:36	2022-11-08 04:41:23
BE22011973	14	1	에이 뭘 이런 걸 가지고! 고민이 있으면 언제든지 이야기해. 내가 힘 닿는 데까지 도와줄게!	N	2022-07-27 02:25:36	2022-11-08 04:41:23
BE22011973	15	0	응! 다음에는 좋은 소식으로 너에게 연락할 수 있으면 좋겠다!	Y	2022-07-27 02:25:36	2022-11-08 04:41:23
