id	utterance_id	utterance_type	utterance_text	terminate	regDate	updDate
BE22012199	1	0	오랜만에 할머니를 뵙고 왔는데 마음이 너무 안 좋아.	N	2022-07-28 05:29:25	2022-11-08 04:42:44
BE22012199	2	1	한참을 못 뵈었다고 다녀온다고 하더니 어디 아프셔?	N	2022-07-28 05:29:25	2022-11-08 04:42:44
BE22012199	3	0	나이가 있으시니 아픈 곳도 많으시지. 그리고 할머니가 어릴 때부터 내가 크면 할머니의 삶을 책으로 써 달라고 하셨거든. 당신의 삶이 소설이라고 말씀하시는데, 참 슬프더라.	N	2022-07-28 05:29:25	2022-11-08 04:42:44
BE22012199	4	1	살면서 정말 힘든 일을 많이 겪으셨나 봐? 당신의 생이 소설이라고 말씀하실 정도면 얼마나 많은 사연을 품고 계실지, 네 마음이 힘들었겠구나.	N	2022-07-28 05:29:25	2022-11-08 04:42:44
BE22012199	5	0	연세가 있으시니, 지난 삶의 시간을 보상받고 싶으신가 봐. 근데 내가 너무 그동안 소홀했던 거 같아 후회도 되고 힘들었어.	N	2022-07-28 05:29:25	2022-11-08 04:42:44
BE22012199	6	1	그래. 우리들이 사는 게 바쁘다 보니 할머니께 마음처럼 자주 인사드리지 못해 속상하지. 너는 할머니 손에 어린 시절 커왔으니 애틋하고 후회되는 마음이 더 클 거 같아.	N	2022-07-28 05:29:25	2022-11-08 04:42:44
BE22012199	7	0	보따리 장사부터 안 해 본 일 없이 젊은 시절을 보내시고 온갖 고난을 겪고 이기며 오셨거든. 내가 미처 헤아려드리지 못한 거 같아 너무 슬펐어.	N	2022-07-28 05:29:25	2022-11-08 04:42:44
BE22012199	8	1	할머니 곁에 할머니의 생을 온전히 이해하고 함께 추억할 네가 있잖아. 네가 가지는 미안한 마음 자체로 할머니한테는 위로가 될 거야.	N	2022-07-28 05:29:25	2022-11-08 04:42:44
BE22012199	9	0	왜 더 일찍 깨닫지 못했을까. 할머니가 자기 삶을 다 털어놓고 싶은 게 나였을 것인데, 뒤늦은 후회를 하는 내가 미워.	N	2022-07-28 05:29:25	2022-11-08 04:42:44
BE22012199	10	1	후회한다고 생각할 때가 가장 빠른 때라고 하잖아. 너처럼 정 많고 따뜻한 마음을 가진 손녀가 있다는 것으로 할머니는 힘을 받고 계실 거야. 너라는 존재 자체가 할머니 고단한 삶의 위로가 될 것이니 너무 슬퍼 말고 기운 내.	N	2022-07-28 05:29:25	2022-11-08 04:42:45
BE22012199	11	0	내가 할머니를 더 자주 찾아뵙고, 진심을 전하면 할머니의 고단한 삶에 힘이 될 수 있을까.	N	2022-07-28 05:29:25	2022-11-08 04:42:45
BE22012199	12	1	당연하지. 너의 따뜻하고 애틋한 감정을 할머니 뵐 때마다 말씀드리면 정말 힘이 될 거야. 할머니의 긴 삶의 시간이 너로 인해 치유될 거라고 믿어.	N	2022-07-28 05:29:25	2022-11-08 04:42:45
BE22012199	13	0	뒤늦은 후회만큼 못난 게 없다고 하던데, 지금이라도 알았으니 슬퍼할 게 아니라 더 잘해야겠어.	N	2022-07-28 05:29:25	2022-11-08 04:42:45
BE22012199	14	1	그럼. 이 순간부터 할머니와 너의 시간을 새로 쓴다고 생각하고 힘내. 반드시 두 사람이 함께 웃는 추억이 힘들었던 지난 시간을 이겨 낼 거야.	Y	2022-07-28 05:29:25	2022-11-08 04:42:45
