id	utterance_id	utterance_type	utterance_text	terminate	regDate	updDate
BE22013007	1	0	요즘 외모에 대한 자존감이 많이 낮아졌어. 거울을 볼 때마다 내 코가 삐뚤어지게 보여서 수술받을까 고민 중이야. 거울 속 내 모습을 보면, 한숨만 나오고 슬픈 감정을 느껴.	N	2022-08-03 05:20:15	2022-11-08 04:47:49
BE22013007	2	1	네가 슬프다고 하니 나도 마음이 쓰이네. 이런 이야기를 남들에게 꺼내는 게 쉽지 않아서, 혼자 힘들었을 것 같아. 많이 힘들지 않았어?	N	2022-08-03 05:20:15	2022-11-08 04:47:49
BE22013007	3	0	어렸을 때부터 코에 대한 콤플렉스가 있어서 남몰래 많이 힘들었었어. 그런데 요즘 그게 더 심해져서 집착심이 생겨서 슬퍼. 코 수술을 한번 했는데도 또 재수술하고 싶어.	N	2022-08-03 05:20:15	2022-11-08 04:47:49
BE22013007	4	1	너의 직업이 뮤지컬 배우이다 보니까, 더 그런 마음이 든 것 같아. 집착심이 생겼다면 너도 그동안 많이 힘들었겠다. 난 네가 좀더 편안해지길 바라는 마음이 들어.	N	2022-08-03 05:20:15	2022-11-08 04:47:49
BE22013007	5	0	내가 가진 직업의 특성이, 외모가 뛰어나야 주목받고 인기가 많아지잖아. 그래서 외모에 대한 집착이 더 심해졌지만, 마음을 내려놓을 수가 없어서 슬퍼. 그런데 사실 코 수술이 정말 아프기도 하고, 수술에 실패할 수도 있으니까 정말 무서워.	N	2022-08-03 05:20:15	2022-11-08 04:47:49
BE22013007	6	1	네가 그렇게 두려운 일을 억지로 해야 한다면, 내 마음도 정말 아플 것 같아. 꼭 외모로 주목받지 못한다고 해도, 너는 노래를 아주 잘하는 뮤지컬 배우잖아. 너의 실력이라면 주목받을 만하다고 생각하는걸?	N	2022-08-03 05:20:15	2022-11-08 04:47:49
BE22013007	7	0	실력만으로는 이 직업에서 살아남기 힘든걸. 나도 내가 실력 있다고 생각하지만, 외모로 인해 주목받지 못하고 있어서 너무 눈물겹고 슬퍼.	N	2022-08-03 05:20:15	2022-11-08 04:47:49
BE22013007	8	1	지금은 사람들이 널 주목해 주지 않아도 열심히 하다 보면, 넌 분명 인정받을 거야. 네가 정말 실력이 있다는 걸 내가 알기 때문에 난 확신할 수 있어. 넌 사람의 마음에 감동을 주는 노래를 하는 멋진 배우인걸.	N	2022-08-03 05:20:15	2022-11-08 04:47:49
BE22013007	9	0	이렇게 말해줘서 정말 고마워. 사실 난 모든 게 내 외모가 못났다는 생각이 들어서 수술을 더 하고 싶었어. 어제는 코가 더 삐뚤어지게 보여서 못난 내 모습에 거울을 보다 울었어.	N	2022-08-03 05:20:15	2022-11-08 04:47:49
BE22013007	10	1	너 하나도 못나지 않았으니 너무 괴로워하지 마. 넌 배우로서 정말 개성 있고 매력이 있어. 그리고 네가 어떤 모습이든 간에 난 너의 모습을 정말 좋아하는걸!	N	2022-08-03 05:20:15	2022-11-08 04:47:49
BE22013007	11	0	노래하는 게 좋아서 뮤지컬 배우가 된 거였는데, 외모로 인해 실력조차 인정받지 못하는 것 같았어. 그래서 나 자신을 더 탓했던 것 같아. 그래도 네 말을 들으니 슬픔이 좀 가라앉네.	N	2022-08-03 05:20:15	2022-11-08 04:47:49
BE22013007	12	1	넌 지금도 많은 무대 경험이 있잖아. 난 그것만으로도 네 실력을 인정받는 과정이라고 생각해. 앞으로도 배우로서 더 활약할 너의 모습을 기대하고 응원해.	N	2022-08-03 05:20:15	2022-11-08 04:47:49
BE22013007	13	0	네가 날 믿고 기대해 주니, 나도 힘이 나는 것 같아. 사실 무서우니까, 코 수술을 하지 않는 게 좋겠어. 네 말을 들으니까 실력으로 인정받는 멋진 배우가 되고 싶어.	N	2022-08-03 05:20:15	2022-11-08 04:47:49
BE22013007	14	1	너의 이런 긍정적인 모습이 참 좋다. 너에겐 실력과 함께, 밝고 좋은 기운들이 있어. 난 네가 원하는 대로 좋은 배우가 될 수 있을 거라 믿고 응원해.	N	2022-08-03 05:20:15	2022-11-08 04:47:49
BE22013007	15	0	나 이제 눈물도 그치고, 슬픔도 가라앉는 것 같아. 너에게 항상 도움을 받아서 정말 고마운 마음이야. 언제나 의지할 수 있는 네가 있어서 참 기뻐.	Y	2022-08-03 05:20:15	2022-11-08 04:47:49
