id	utterance_id	utterance_type	utterance_text	terminate	regDate	updDate
BE22001264	1	0	이번에 우리 첫째 딸이 결혼을 해서 말이야. 아까 낮에 혼수용품을 고르고 왔네.	N	2022-06-14 08:16:59	2022-11-08 03:32:34
BE22001264	2	1	벌써 자네 딸이 결혼을 하다니 세월이 참 빠르구먼.	N	2022-06-14 08:16:59	2022-11-08 03:32:34
BE22001264	3	0	처음에는 괜찮은 남자 데리고 와서 안심되고 어느 정도 혼기가 찼으니 당연하다고 생각했지만 막상 혼수용품을 고르다 보니 이제야 실감이 나는 건지, 갑자기 눈물이 맺히더군.	N	2022-06-14 08:16:59	2022-11-08 03:32:34
BE22001264	4	1	힘들게 낳아서 애지중지 키운 딸이 아비 곁을 떠난다는데 당연 슬프지 않겠나. 쓸쓸하면 부르게 술 한잔 정도는 같이 기울여 줄 테니.	N	2022-06-14 08:16:59	2022-11-08 03:32:34
BE22001264	5	0	딸이 비혼주의자니 뭐니 말할 때는 제발 결혼 좀 하라고 그렇게 달달 볶았더니만, 나도 참 주책이야.	N	2022-06-14 08:16:59	2022-11-08 03:32:34
BE22001264	6	1	갓 낳았을 때부터 걷기 시작할 때며 처음 아빠라고 부른 날까지 다 기억나지 않는가, 싱숭생숭하고 생각이 많아지겠지.	N	2022-06-14 08:16:59	2022-11-08 03:32:34
BE22001264	7	0	이럴 줄 알았으면 좀더 많은 시간을 보내고 여행도 갈 걸 후회도 되고 참 쓸쓸하고 착잡하다네.	N	2022-06-14 08:16:59	2022-11-08 03:32:34
BE22001264	8	1	자네도 많이 바쁘게 열심히 살았지 않았나. 자네가 노력했기에 그 아이가 행복해하며 시집을 갈 수 있었던 게야. 매번 모자란 친구라 말하지만 난 사실 자네의 그런 점을 존경해.	N	2022-06-14 08:16:59	2022-11-08 03:32:34
BE22001264	9	0	알아줘서 고맙네. 그래도 딸 기죽지 않게 혼수라도 풍족하게 해서 보낼 생각이네.	N	2022-06-14 08:16:59	2022-11-08 03:32:34
BE22001264	10	1	그것 보게. 옛날에 자네가 힘든 시절을 버티지 못하고 성실하게 살지 못했다면 혼수도 많이 못 해줬을 게야. 많이 슬프고 아쉽겠지만 결혼식장에선 딸의 행복을 빌어주며 웃으며 보내게.	N	2022-06-14 08:16:59	2022-11-08 03:32:34
BE22001264	11	0	역시 그게 그 아이에게도 마음 편한 일이 되겠지? 내가 울면 그 아이도 울 테니까.	N	2022-06-14 08:16:59	2022-11-08 03:32:34
BE22001264	12	1	그럼. 인생에서 가장 이쁠 날이 결혼식이라는데 웃는 얼굴이어야 더 이쁘지 않겠는가.	N	2022-06-14 08:16:59	2022-11-08 03:32:34
BE22001264	13	0	슬픔은 자네와의 술 한잔으로 떨쳐내야겠군. 이번엔 내 푸념 좀 받아주게.	N	2022-06-14 08:16:59	2022-11-08 03:32:34
BE22001264	14	1	나도 아직은 어린 딸이 있으니 자네 마음이 얼마나 슬픈지 알고 있다네. 푸념하고 떨쳐 내서 곧 만날 손주나 기쁘게 생각 합세.	N	2022-06-14 08:16:59	2022-11-08 03:32:34
BE22001264	15	0	허허. 귀여운 손주 볼 생각에 조금은 힘이 나는구먼. 고맙네. 자네 덕분에 기분이 좀 좋아졌어.	Y	2022-06-14 08:16:59	2022-11-08 03:32:34
