id	utterance_id	utterance_type	utterance_text	terminate	regDate	updDate
BE22011456	1	0	나 이번에 생활비가 부족해서, 월급을 가불받았어. 요즘 형편이 너무 좋지 않아서 정말 슬퍼.	N	2022-07-25 05:52:49	2022-11-08 04:38:01
BE22011456	2	1	학자금 대출도 갚고 있고, 자취도 하다 보니까 돈 나갈 일이 많구나. 가불받을 정도면, 네가 정말 여유도 없고 막막할 것 같아. 어서 너의 상황이 나아져서, 슬픔이 해소되길 바라.	N	2022-07-25 05:52:49	2022-11-08 04:38:01
BE22011456	3	0	돈이 없다는 게 얼마나 서럽고 답답한지 몰라. 스무 살이 되고 나서 독립한 이후로, 항상 돈에 시달려왔어. 가불까지 받는 내 신세가 너무 슬퍼서 정말 한탄하게 돼.	N	2022-07-25 05:52:49	2022-11-08 04:38:01
BE22011456	4	1	나도 형편이 좋지 않아서 너의 마음 잘 알아. 돈이 없으면 곤란한 일들이 참 많은 것 같아. 무엇보다, 자신감이 많이 낮아져서 위축되는 게 제일 힘든 일인 것 같아.	N	2022-07-25 05:52:49	2022-11-08 04:38:01
BE22011456	5	0	네 말대로, 나 너무 위축되어 있어. 내가 회사에서 가불 이야기하는 것을 다른 직원들이 다 봤거든. 내가 얼마나 창피하고 슬픈지 넌 모를 거야.	N	2022-07-25 05:52:49	2022-11-08 04:38:01
BE22011456	6	1	너의 감정을 다 헤아릴 순 없겠지만, 얼마나 속상할지 알 것 같아. 나도 친구에게 돈을 빌려본 적 있었는데, 너무 창피하고 슬프더라. 네가 정말 큰 부끄러움과 창피를 느꼈을 것 같아.	N	2022-07-25 05:52:49	2022-11-08 04:38:01
BE22011456	7	0	회사 사람들이 날 얼마나 불쌍하고 한심하게 봤을까. 사실 나도 나 자신이 불쌍하고 초라해. 돈이 없고 가난한 난 정말 보잘것없는 사람이야.	N	2022-07-25 05:52:49	2022-11-08 04:38:01
BE22011456	8	1	네가 너에 대해 그렇게 부정적으로 이야기하니 내 마음이 찢어지듯 아파. 네가 얼마나 소중한 사람인지 네가 알았으면 좋겠어. 넌 정말 좋은 사람이기에 남들도 널 한심한 사람이라고는 생각하지 않을 거야.	N	2022-07-25 05:52:49	2022-11-08 04:38:01
BE22011456	9	0	나도 내가 한심한데, 남들도 날 그렇게 바라보겠지. 가불 이야기할 때 날 불쌍하게 바라보면, 대표님의 표정에 난 더 큰 상처를 받았어. 나 정말 슬퍼서 눈물이 나.	N	2022-07-25 05:52:49	2022-11-08 04:38:01
BE22011456	10	1	만약, 그들이 정말 널 그렇게 본다고 해도 그들의 시선에 좌우되지 않길 바라. 넌 절대, 한심하고 불쌍한 사람이 아니야. 자신의 직업에 자부심을 갖고 노력하는 네가, 돈 때문에 상처받고 흔들리지 않았으면 좋겠어.	N	2022-07-25 05:52:49	2022-11-08 04:38:01
BE22011456	11	0	세상은 돈 중심이잖아. 세상의 기준으로 생각하면 난 실패자에 가깝다고. 너무 지치고, 슬퍼서 살고 싶은 마음이 들지 않아.	N	2022-07-25 05:52:49	2022-11-08 04:38:01
BE22011456	12	1	돈이 없으면 힘든 것은 사실이지만 돈보다 중요한 것은 정말 많아. 너에겐 돈으로 살 수 없는 책임감과 따듯한 마음, 배려심이 있잖아. 네가 가진 것들은 돈보다 귀한 특별한 것들이라 생각해.	N	2022-07-25 05:52:49	2022-11-08 04:38:01
BE22011456	13	0	그렇게 말해줘서 고마워. 맞아. 네 말대로 내가 가진 책임감과 따뜻한 마음은 돈으로 살 수 없는 것들이긴 해.	N	2022-07-25 05:52:49	2022-11-08 04:38:01
BE22011456	14	1	돈에 의해 위축되지 말고, 자신감을 갖길 바라. 네 가치는 소중하고, 너의 장점들도 돈 그 이상의 것임을 기억해서 힘냈으면 좋겠어.	N	2022-07-25 05:52:49	2022-11-08 04:38:01
BE22011456	15	0	네가 위로해 주니까 슬픔이 좀 누그러지네. 매번 너에게 도움을 받는 것 같아. 내가 힘들 때마다 옆에서 조언해 줘서 정말 고마워.	Y	2022-07-25 05:52:49	2022-11-08 04:38:01
