id	utterance_id	utterance_type	utterance_text	terminate	regDate	updDate
BE22013713	1	0	남편과 결혼하고서 이렇게 가슴 아플 정도로 슬픈 건 처음이야. 내 인생의 마지막은 자녀가 자식을 낳는 걸 보는 게 목표였거든. 그런데, 지금 내가 자식을 가지는 걸 고민하게 되었어.	N	2022-08-10 04:38:52	2022-08-10 04:38:52
BE22013713	2	1	무슨 일 있었어? 네가 이렇게 마음이 변하다니 정말 걱정이 된다. 어떤 심경의 변화가 있었던 거야.	N	2022-08-10 04:38:52	2022-11-08 04:52:12
BE22013713	3	0	남편이 월급이 높아진 만큼, 그에 대한 책임도 많아져서 육아를 도와주긴 힘들다고 하더라고. 그래서 아이를 갖게 되면 나는 혼자 독박 육아를 해야 돼. 내가 상상한 미래와는 많이 다른 거 같아서 이런 생각을 해야 되는 지금이 너무 슬퍼.	N	2022-08-10 04:38:52	2022-08-10 04:38:52
BE22013713	4	1	독박 육아가 쉽지 않은 건, 어린아이도 알 정도로 당연한 일이지. 네가 인생에서 큰 벽에 부딪힌 거 같아서 친구인 나도 같이 슬퍼진다. 그런 생각을 하게 될 만큼 슬펐을 걸 생각하면 나도 같이 마음이 아파져.	N	2022-08-10 04:38:52	2022-11-08 04:52:12
BE22013713	5	0	내 인생이 지금껏 탄탄대로였다는 생각이 들 정도로 지금 너무 힘들어. 내가 이런 고민을 하고 있다는 걸 미래의 내 자식이 알게 된다면 정말 충격이 크겠지. 그런 생각까지 하게 되어서 너무 마음이 심란해.	N	2022-08-10 04:38:52	2022-08-10 04:38:52
BE22013713	6	1	네가 지금까지 해놓은 계획이 벽에 부딪힌 거잖아. 그런 상황에서는 누구나 힘들어할 거야. 네가 무슨 결정을 해도 아무도 너를 탓하지 못할걸.	N	2022-08-10 04:38:52	2022-11-08 04:52:12
BE22013713	7	0	내가 지금껏 살아오면 세워온 인생 계획이 전부 무너져 내린 기분이야. 당연한 순리처럼 이룰 수 있다고 생각했거든. 그런데 이제 와서 고민거리가 되어버리니, 이루 말할 수 없는 슬픔이야.	N	2022-08-10 04:38:52	2022-11-08 04:52:12
BE22013713	8	1	나는 그런 네 마음이 널 더 좋은 사람으로 만들어준다고 생각해. 아이를 가진다는 건 한 생명을 온전히 책임져야 되니, 신중하게 생각하는 게 맞지. 그래서 결정을 내리기까지는 힘들겠지만, 신중히 선택한 결정인 만큼 절대 틀리지 않은 결정일 거야.	N	2022-08-10 04:38:52	2022-11-08 04:52:12
BE22013713	9	0	그렇게 말해줘서 고마워. 나는 다 큰 어른이 되어서 결정도 쉽게 못한 내가 한심하게까지 느껴졌거든.	N	2022-08-10 04:38:52	2022-08-10 04:38:52
BE22013713	10	1	아니야. 네 인생뿐만 아니라 태어날 아이의 인생도 걸려있으니 무엇보다 신중하게 결정해야 될 문제잖아. 난 너의 그런 신중함이 존경스러운걸. 네가 무슨 선택을 하든 나는 네 선택을 존중할 거야.	N	2022-08-10 04:38:52	2022-11-08 04:52:12
BE22013713	11	0	정말 고맙다. 아까까지만 해도 가슴에 뭐가 얹힌 듯 답답했는데, 네 덕분에 편해졌어. 마음 편히 더 신중히 고민해 봐야겠다.	N	2022-08-10 04:38:52	2022-08-10 04:38:52
BE22013713	12	1	응. 잘 생각했어! 넌 이전에도 잘했고 지금도 잘하고 있으니 그런 걱정하지 말고 네가 좋은 결정을 하면 좋겠다.	N	2022-08-10 04:38:52	2022-11-08 04:52:12
BE22013713	13	0	내가 무슨 결정을 하든 나를 믿어주는 네가 있어서 다행이야.	N	2022-08-10 04:38:52	2022-11-08 04:52:12
BE22013713	14	1	내가 힘들어할 때도 네가 옆에 있어줬잖아. 	N	2022-08-10 04:38:52	2022-11-08 04:52:12
BE22013713	15	0	나도 네게 도움이 되는 사람이 되도록 할게!	Y	2022-08-10 04:38:52	2022-11-08 04:52:12
