id	utterance_id	utterance_type	utterance_text	terminate	regDate	updDate
BE22007119	1	0	지난 일주일 동안 공들인 과제가 물거품이 됐어. 너무 화가 나서 말도 나오지 않아.	N	2022-07-08 06:12:43	2022-11-08 04:10:20
BE22007119	2	1	정말 화가 단단히 난 것 같구나. 도대체 무슨 일인데 그래?	N	2022-07-08 06:12:43	2022-11-08 04:10:20
BE22007119	3	0	완성한 조별 과제를 잃어버렸어. 도대체 어디에서 잃어버렸는지 몰라서 답답해 죽을 지경이야.	N	2022-07-08 06:12:43	2022-11-08 04:10:20
BE22007119	4	1	하루 이틀도 아니고 일주일 동안 고생 많이 했는데 정말 화나겠다. 네가 처음으로 리더로 진행한 과제여서 더 속상하겠구나.	N	2022-07-08 06:12:43	2022-11-08 04:10:20
BE22007119	5	0	분명히 사무실 서랍에 넣어둔 것 같은데, 나 자신에게 너무 화가 나. 동료들에게 말할 생각을 하니 눈앞이 캄캄하고.	N	2022-07-08 06:12:43	2022-11-08 04:10:20
BE22007119	6	1	너 혼자 진행한 과제를 잃어버려도 속상한데, 함께 일한 동료들 생각하면 가슴이 더 답답하겠다. 넌 책임감도 강한 성격이라 더 힘들어할 거야. 그런 네 모습을 상상하는 것만으로도 나도 속상해.	N	2022-07-08 06:12:43	2022-11-08 04:10:20
BE22007119	7	0	동료들에게도 너무 미안하고, 과제를 다시 시작할 생각을 하니 너무 아찔해.	N	2022-07-08 06:12:43	2022-11-08 04:10:20
BE22007119	8	1	그럼, 너 일주일 동안 정말 고생했잖아. 그걸 다시 한번 더 되풀이해야 한다니, 정말 안타까운 상황이네.	N	2022-07-08 06:12:43	2022-11-08 04:10:20
BE22007119	9	0	이렇게 화가 나고 힘든데, 내가 과연 다시 해낼 수 있을지 모르겠어.	N	2022-07-08 06:12:43	2022-11-08 04:10:20
BE22007119	10	1	너라면 충분히 해낼 수 있을 거야. 리더로 책임감 있게 진행한 과제라서 기억도 금방 날 거야. 그러니 이번엔 훨씬 빨리 마칠 수 있을 거야.	N	2022-07-08 06:12:43	2022-11-08 04:10:20
BE22007119	11	0	그럴까? 생각해 보니 지난번보다는 빨리 진행할 수 있을 것 같긴 하네.	N	2022-07-08 06:12:43	2022-11-08 04:10:20
BE22007119	12	1	네가 가끔 덜렁거리기는 하지만 기억력도 좋고 일도 열심히 하잖아. 그건 함께 일하는 직장 동료인 내가 누구보다도 잘 알지. 너라면 빠른 시일 안에 복구할 수 있을 거라 믿어 의심치 않아.	N	2022-07-08 06:12:43	2022-11-08 04:10:20
BE22007119	13	0	네 말을 들으니 힘이 난다. 다른 사람도 아닌 직장 동료가 그렇게 말해 주니 고맙고.	N	2022-07-08 06:12:43	2022-11-08 04:10:20
BE22007119	14	1	그렇게 편한 마음이라면 넌 분명히 잘해 낼 거야.	N	2022-07-08 06:12:43	2022-11-08 04:10:20
BE22007119	15	0	그래, 네 말 듣고 얼른 기운 차려서 일해야겠다. 정말 고마워.	Y	2022-07-08 06:12:43	2022-11-08 04:10:20
