id	utterance_id	utterance_type	utterance_text	terminate	regDate	updDate
BE22016208	1	0	정말 너무 화나고 짜증 나서 아침부터 기분이 엉망이에요. 아까 지하철에서 옆자리에 앉은 사람이 음악을 엄청 크게 듣고 오더라고요. 만원 지하철에서 그게 얼마나 괴로웠던지 아직도 머리가 아파요.	N	2022-08-29 07:44:37	2022-11-08 05:07:50
BE22016208	2	1	요즘에도 그렇게 예의 없는 사람이 있어요? 특히 사람이 가득한 지하철에서 휴대폰으로 크게 음악을 들으면 쨍하는 소리 때문에 귀가 힘들잖아요. 저도 유독 지하철이나 버스에서 휴대폰 소리 나는 건 듣기가 싫더라고요. 어휴 고생하셨어요.	N	2022-08-29 07:44:37	2022-11-08 05:07:50
BE22016208	3	0	네 맞아요. 말씀하신 대로 밀폐된 공간에서 휴대폰 소리는 유독 귀가 아픈 것 같아요. 그리고 저는 그 사람의 음악을 듣고 싶지도 않은데 강제로 들어야 하는 기분이라 무척 괴롭고요. 제가 몇 번 눈치를 줬는데도 불구하고 전혀 듣지를 않으시더라고요 얼마나 화가 나던지.	N	2022-08-29 07:44:37	2022-11-08 05:07:50
BE22016208	4	1	저도 이상하게 공공질서를 안 지키는 사람을 볼 때면 평소보다 화가 더 많이 나더라고요. 강제로 피해를 받는다는 생각이 있어서 그런가 봐요. 아침부터 그런 상황 속에 있었다니 정말 고생 많으셨어요.	N	2022-08-29 07:44:37	2022-11-08 05:07:50
BE22016208	5	0	맞아요 딱 그거예요. 그런 일은 보통 피할 수도 없는 상황에서 벌어지잖아요. 도대체 그런 사람들은 무슨 생각으로 이런 비매너 행동을 하는 걸까요. 정말 짜증 나요.	N	2022-08-29 07:44:37	2022-11-08 05:07:50
BE22016208	6	1	그러니까 말이에요 다행인 건 그런 사람들은 극소수고 보통은 다 공공질서를 잘 지킨다는 점이에요. 그리고 저는 화가 날 때마다 이런 생각을 해요. 나도 모르게 남에게 민폐를 끼친 일이 있지 않을까 하는 생각이요 그럼 좀 진정이 되더라고요.	N	2022-08-29 07:44:37	2022-11-08 05:07:50
BE22016208	7	0	저도 언젠가는 잘 모르고 저지른 비매너 행동들이 있었겠죠. 몰라서 한 행동들 말이에요. 그래도 오늘은 너무 심했어요.	N	2022-08-29 07:44:37	2022-11-08 05:07:50
BE22016208	8	1	맞아요 그런 생각을 하면서 아 옆자리 사람도 몰라서 저러는 거다 하는 마음을 먹으면 좋아요. 그 사람이 몰라서 그런 거니까 화도 좀 덜 나거든요. 힘든 사람을 마주할 때마다 그런 식으로 마음을 진정시키면 도움이 될 거예요.	N	2022-08-29 07:44:37	2022-11-08 05:07:50
BE22016208	9	0	그거 정말 좋은 생각이네요. 저도 방금 전 까지 엄청 화가 났다가 좀 가라앉았어요. 우리 모두 다 실수할 때가 있으니 그 사람도 고의는 아니었겠지 하는 생각이 드네요.	N	2022-08-29 07:44:37	2022-11-08 05:07:50
BE22016208	10	1	그렇죠. 생각보다 본인의 행동이 나쁜 행동인지 모르는 사람들이 참 많더라고요. 그런 사람들을 마주할 때마다 화내고 짜증 내는 건 오히려 스스로에게 참 나쁜 것 같아요. 부정적인 마음에 자꾸 휩쓸리게 되니까요. 감정화자님도 그런 마음에 침잠되지 않으셨으면 좋겠어요.	N	2022-08-29 07:44:37	2022-11-08 05:07:50
BE22016208	11	0	네 정말 그렇네요. 화와 짜증에 제 감정이 휩쓸릴수록 감정적으로 힘들어지는 건 제 마음이니까요. 공감화자님 덕분에 오늘 마음을 잘 컨트롤 할 수 있는 방법을 배운 것 같아요. 감사해요.	N	2022-08-29 07:44:37	2022-11-08 05:07:50
BE22016208	12	1	사실은 저도 하도 화가 나는 일이 많아서 계속 힘들어했었거든요. 제가 예민한 건지 남이 무례한 건지는 모르겠는데 저도 감정화자님 같은 상황이 잦았거든요. 그래서 그때마다 힘들어하다가 찾게 된 마음 진정시키는 방법이었어요.	N	2022-08-29 07:44:37	2022-11-08 05:07:50
BE22016208	13	0	그러셨군요. 어쩐지 조언이 저한테 확 와 닿더라고요. 고마워요 공감화자님 덕분에 마음도 많이 가라앉고 화도 풀렸어요. 앞으로 잘 사용해볼게요.	N	2022-08-29 07:44:37	2022-11-08 05:07:50
BE22016208	14	1	효과가 있어서 다행이에요. 그리고 혹시 그렇게 생각해도 마음이 진정되지 않으면 언제든 또 연락하세요. 함께 이야기하다 보면 풀릴 수도 있으니까요.	N	2022-08-29 07:44:37	2022-11-08 05:07:50
BE22016208	15	0	네 고마워요, 공감화자님. 저 즐거운 마음으로 일하다가 또 연락드릴게요!	Y	2022-08-29 07:44:37	2022-11-08 05:07:51
