id	utterance_id	utterance_type	utterance_text	terminate	regDate	updDate
BE22017858	1	0	휴식 시간인데 반장님이 바쁜 일이 있다면서 도와 달라네요. 그런데 본인 일은 하지 않고 주식 들여다보고 있는 걸 보니까 짜증이 너무 납니다!	N	2022-09-13 04:56:45	2022-09-13 04:56:45
BE22017858	2	1	회사에서 업무 시간에 못 하게 하지 않았어요? 본인만 바쁘다고 생각하고 자기 스스로 해석하는 사람들이 많죠. 저도 주변에 있었는데 기분 더럽고 짜증 나더라고요.	N	2022-09-13 04:56:45	2022-11-08 05:17:57
BE22017858	3	0	회사에서 휴식 시간은 안 주는 것도 아니고 쉴 때 해도 되는 거 아닐까요? 왜 개인적인 일 때문에 다른 사람 휴식 시간에 폐를 끼치는지 화가 너무 납니다!	N	2022-09-13 04:56:45	2022-11-08 05:17:57
BE22017858	4	1	그러면서 야근할 때 수당 더 받으려고 어떻게든지 질질 끄는 거 보면 저도 화가 나더라고요. 주임님이 지금 화내는 것도 충분히 이해됩니다.	N	2022-09-13 04:56:45	2022-09-13 04:56:45
BE22017858	5	0	다른 사람 휴식 시간까지 침범하면서 이렇게 행동하는 건 아니라고 봐요. 계속 이렇게 뒀다가는 전혀 바뀌지 않을 것 같습니다.	N	2022-09-13 04:56:45	2022-09-13 04:56:45
BE22017858	6	1	제가 소심해서 앞장서서 발언은 못 하지만 주임님 생각하고 똑같습니다. 알게 모르게 바꿔야 할 부분이 너무 많은 것 같아요.	N	2022-09-13 04:56:45	2022-11-08 05:17:57
BE22017858	7	0	다음 달 근무 스케줄을 반장님하고 측근들만 연속 휴일이 될 수 있게 유리하게 짰더라고요. 마치 큰 권력을 쥐고 자기 마음대로 하는 것처럼 보이더라고요.	N	2022-09-13 04:56:45	2022-09-13 04:56:45
BE22017858	8	1	휴무는 일하는 사람들 모두에게 똑같이 소중한 것이고 필요한 거 아니에요? 진짜로 스케줄이 그렇게 짜였다면 주임님이 충분히 화가 났을 상황입니다.	N	2022-09-13 04:56:45	2022-11-08 05:17:57
BE22017858	9	0	다른 부서에 계신 주임님이 제 입장까지 이해해주시니 너무 감사합니다. 반장님이 개인적인 일을 하는 모습을 보이지 않았으면 이렇게 화가 나지도 않았고 실망하지도 않았을 거예요.	N	2022-09-13 04:56:45	2022-11-08 05:17:57
BE22017858	10	1	휴식 시간을 뺏긴 것보다 반장님에 대한 실망감이 더 크셨군요. 그게 주임님 마음에 큰 상처가 된 것 같아서 저도 덩달아 가슴이 아픕니다. 반장님께 조심스럽게 이야기를 꺼내 보지 그러셨어요?	N	2022-09-13 04:56:45	2022-11-08 05:17:57
BE22017858	11	0	제 성격은 충분히 그러고도 남습니다. 그렇지만 근무 스케줄 이외에 또 다른 불합리한 일이 생길 거 같아서 그냥 참았어요. 이게 사회생활인가 싶습니다.	N	2022-09-13 04:56:45	2022-09-13 04:56:45
BE22017858	12	1	보이지 않는 보복이 반복되니까, 두려움이 앞서는 것 같습니다. 그래도 아닌 건 아니라고 당당하게 말씀하시는 게 더 좋을 것 같습니다. 다음에 이런 일이 더 반복되지 않게 말이에요.	N	2022-09-13 04:56:45	2022-11-08 05:17:57
BE22017858	13	0	제 휴식 시간을 보장받지 못해서 되게 흥분하고 화도 많이 났었던 것 같아요. 그래도 제 입장을 이해해주시는 사람이 한 분이라도 있으니 마음이 차분해지는 것 같습니다.	N	2022-09-13 04:56:45	2022-11-08 05:17:57
BE22017858	14	1	고용주가 아닌 이상 다 똑같이 일하는 동료잖아요. 그러니까 그 마음을 충분히 공감할 수 있습니다.	N	2022-09-13 04:56:45	2022-11-08 05:17:57
BE22017858	15	0	진짜 기분이 많이 나아졌습니다. 너무 감사합니다.	Y	2022-09-13 04:56:45	2022-09-13 04:56:45
