id	utterance_id	utterance_type	utterance_text	terminate	regDate	updDate
BE22015545	1	0	도대체 이 학생은 선생님 말을 뭐로 아는 건지. 과제를 한 번을 안 해오네. 화가 나는데 어떻게 할 수도 없고 정말 짜증 나요.	N	2022-08-24 12:37:14	2022-11-08 05:03:43
BE22015545	2	1	정말 화나시죠. 충분히 공감해요. 저도 수업하는 친구 중에 있어요. 혼내도 소용이 없더라고요.	N	2022-08-24 12:37:14	2022-11-08 05:03:43
BE22015545	3	0	잘 따라와 주지 않는 학생들을 가르친다는 것이 참 어려운 일인 것 같아요. 마냥 참아 내려니 속병이 다 생기겠어요.	N	2022-08-24 12:37:14	2022-08-24 12:37:14
BE22015545	4	1	교사 생활하는 게 후회가 될 때도 많더라고요. 요즘 아이들은 참 많이 버거운 것 같아요. 그래도 선생님은 학생들과 친밀하게 유대 관계가 좋으신 것 같던데요.	N	2022-08-24 12:37:14	2022-08-24 12:37:14
BE22015545	5	0	부모님들은 자식이 과제도 안 하고 수업도 열심히 안 듣는 것 생각 안 하고. 모두 학원과 교사 책임으로 떠넘기니, 저희로서도 어떻게 해야 할지 난감하고 불쾌하기도 하네요.	N	2022-08-24 12:37:14	2022-11-08 05:03:43
BE22015545	6	1	교사들의 수고스러움에는 별로 관심이 없는 듯해요. 저희 입장이 참 난처하고 어렵지요. 쉽게 따라와 주는 것도 아닌데, 저희끼리 마음 여유롭게 먹으면서 힘내야 할 것 같아요.	N	2022-08-24 12:37:14	2022-11-08 05:03:43
BE22015545	7	0	진도 잘 따라와 주고 과제 잘 해오면 얼마든지 성적을 올릴 수 있는데. 아이들 수업하는 게 쉽지 않아요. 언제까지 이 일을 해야 할지도 고민스럽네요, 보람을 느끼기보다는 의욕이 상실되는 일이 더 많아서요.	N	2022-08-24 12:37:14	2022-11-08 05:03:43
BE22015545	8	1	분노가 나고 답답해서 가슴을 막 치게 되네요. 우리 잘 따라와 주고 좋은 결과 나오는 학생들도 많이 있으니 그 학생들 바라보면 어떨까요.	N	2022-08-24 12:37:14	2022-11-08 05:03:43
BE22015545	9	0	쓸데없는 질문으로 수업을 방해할 때도 얼마나 많은지. 화가 나서 내일부터 수업에 오지 말라고 하고 싶을 때가 한두 번이 아니에요.	N	2022-08-24 12:37:14	2022-11-08 05:03:43
BE22015545	10	1	수업도 방해되지만, 교사의 사기도 떨어뜨리잖아요. 그렇다고 성향 좋은 친구들만 수업할 수도 없고요. 인내하며 사랑으로만 바라보는 것이 쉽지 않은 것 같아요.	N	2022-08-24 12:37:14	2022-11-08 05:03:43
BE22015545	11	0	공교육이 무너진 현실에서 저희 사교육 쪽에서 크게 해 줄 게 없는 현실이 참 안타까워요. 그래도 저희도 교육자인데. 맘이 무척 아프네요.	N	2022-08-24 12:37:14	2022-11-08 05:03:43
BE22015545	12	1	정책적인 면에서 제대로 된 개편이 되었으면 좋겠어요. 성적으로 모든 걸 평가하지 않도록요. 그래야 아이들 교사 모두 행복한 세상이 되지 않을까 싶네요.	N	2022-08-24 12:37:14	2022-11-08 05:03:43
BE22015545	13	0	사교육도 다양한 교육이 더 활성화되었으면 좋겠어요. 학교 끝나면 사회는 참으로 다양하게 생활하고 직업군도 다양하니까요.	N	2022-08-24 12:37:14	2022-11-08 05:03:43
BE22015545	14	1	현실은 많이 변화해가고 있지만, 교육 현장이 현실을 못 따라가는 것 같아서 안타깝습니다. 더 큰 노력과 성장이 필요할 것 같아요.	Y	2022-08-24 12:37:14	2022-11-08 05:03:43
