id	utterance_id	utterance_type	utterance_text	terminate	regDate	updDate
BE22015704	1	0	요즘 와이프랑 사이가 안 좋아요. 그 생각만 하면 답답하고 분노가 차오르는 것 같아요.	N	2022-08-25 09:26:43	2022-11-08 05:04:43
BE22015704	2	1	아, 와이프분과 싸우셨어요? 무슨 일인지 여쭤봐도 될까요?	N	2022-08-25 09:26:43	2022-11-08 05:04:43
BE22015704	3	0	사실 별일은 아니에요. 퇴근하면 피곤해서 누워서 쉬고 싶은데 와이프가 계속 산책 나가자고 해서 제가 짜증을 좀 냈거든요. 그 이후로 와이프가 토라져서 말을 안 하는데 저도 생각할수록 화가 나네요.	N	2022-08-25 09:26:43	2022-11-08 05:04:43
BE22015704	4	1	그런 일이 있으면 회사에서도 신경이 많이 쓰이고 마음이 무겁고 좋지 않죠. 와이프분께 서운한 마음도 들면서 동시에 미안한 마음도 들고 마음이 많이 힘드실 것 같아요.	N	2022-08-25 09:26:43	2022-11-08 05:04:43
BE22015704	5	0	계속 일하느라 피곤한 것 알면서 산책 나가자고 조를 때마다 너무 이기적이라는 생각이 들어서 화가 났어요.	N	2022-08-25 09:26:43	2022-11-08 05:04:43
BE22015704	6	1	아내 분이 감정화자님의 상황을 이해해주지 않고 배려받지 못한다고 느끼셔서 많이 속상하셨겠어요. 그런데 아내 분께서도 하루 종일 아이 보시느라 갑갑하셔서 그러셨을 것 같아요. 이기적인 마음으로 그러진 않았을 거니 너무 노여운 마음은 거두시는 게 어떨까요?	N	2022-08-25 09:26:43	2022-11-08 05:04:43
BE22015704	7	0	그건 저도 알지만 저도 힘들거든요. 차라리 내가 아이 볼 테니 혼자 나가라고 하고 싶어요.	N	2022-08-25 09:26:43	2022-11-08 05:04:43
BE22015704	8	1	지금 두 분이 서로 힘드셔서 마음의 여유가 없는 것처럼 느껴지네요. 그런데 부부는 힘들 때 서로 의지하고 함께 극복하는 존재잖아요. 서로를 조금 더 이해해보면서 힘든 점도 털어놓고 이야기 나누면 마음이 편해질 수 있을 거예요.	N	2022-08-25 09:26:43	2022-11-08 05:04:43
BE22015704	9	0	아, 그렇게 말씀해주시니까 그 말이 맞는 것 같네요. 아내가 산책하면서 저랑 얘기하는 걸 좋아했었거든요. 사실 아내도 저와 이야기할 시간이 필요했던 것 같아요.	N	2022-08-25 09:26:43	2022-11-08 05:04:43
BE22015704	10	1	감정화자님도 피곤하고 마음의 여유가 없었잖아요. 너무 죄책감 느끼실 필요는 없어요. 그래도 이제 아내 분 마음을 이해하셨으니 서로 감정을 푸실 수 있을 거예요.	N	2022-08-25 09:26:43	2022-11-08 05:04:43
BE22015704	11	0	네, 제가 그동안 너무 제 생각만 한 것 같아서 제 자신이 못나고 부끄럽기도 하네요. 아내도 많이 힘들었을 텐데 오늘은 일찍 들어가서 서로 화해해야겠어요.	N	2022-08-25 09:26:43	2022-11-08 05:04:43
BE22015704	12	1	감정화자님은 평소에도 가정적이시고 다정하시잖아요. 분명 아내 분께서도 감정화자님 진심을 이해하고 서로 다시 사이 좋아지실 수 있을 거예요. 너무 죄책감 느끼시거나 걱정하진 마세요.	N	2022-08-25 09:26:43	2022-11-08 05:04:43
BE22015704	13	0	네, 좋은 조언 감사합니다. 덕분에 아내 입장도 고려할 수 있었어요. 고마워요.	N	2022-08-25 09:26:43	2022-08-25 09:26:43
BE22015704	14	1	고맙긴요, 마음이 편해지신 것 같아서 저도 참 다행이라는 생각이 들어요. 잘 해결하시길 바라요.	Y	2022-08-25 09:26:43	2022-11-08 05:04:43
