id	utterance_id	utterance_type	utterance_text	terminate	regDate	updDate
BE22003152	1	0	에잇, 또 이 전화네. 정말 이게 도대체 몇 번째야?	N	2022-06-24 00:54:30	2022-11-08 03:44:44
BE22003152	2	1	후배님, 무슨 일 있어?	N	2022-06-24 00:54:30	2022-11-08 03:44:44
BE22003152	3	0	선배님, 요즘 광고 전화 많이 오세요? 하루에도 몇 번씩 받으니 너무 화가 나요.	N	2022-06-24 00:54:30	2022-11-08 03:44:44
BE22003152	4	1	나도 예전에는 많이 왔었어. 후배님, 오늘 스팸 전화에 시달려서 기분이 안 좋구나?	N	2022-06-24 00:54:30	2022-11-08 03:44:44
BE22003152	5	0	처음에는 괜찮았는데 하루에 같은 번호로 수 십통씩 전화가 오니 정말 성가시네요. 중요한 일을 집중해야 할 때가 있는데 전화 때문에 도통 집중할 수가 없어요.	N	2022-06-24 00:54:30	2022-11-08 03:44:44
BE22003152	6	1	맞아, 나도 예전에 선거 운동 전화가 하루 종일 온 적이 있었어. 그날 회의가 너무 많아 정신이 없었는데 전화까지 오니까 정말 정신 차리기 힘들더라고. 후배님이 얼마나 성가실지 마음 충분히 알아.	N	2022-06-24 00:54:30	2022-11-08 03:44:44
BE22003152	7	0	도대체 왜 계속 광고 전화를 하는 걸까요? 도무지 이해가 가지 않고 짜증만 나요.	N	2022-06-24 00:54:30	2022-11-08 03:44:44
BE22003152	8	1	그러게, 안 그래도 바쁜 데 정말 귀찮겠는걸.	N	2022-06-24 00:54:30	2022-11-08 03:44:44
BE22003152	9	0	이 지긋지긋한 광고 전화에서 어떻게 벗어날 수 있을까요? 정말 지겨워요 이젠.	N	2022-06-24 00:54:30	2022-11-08 03:44:44
BE22003152	10	1	불필요한 전화 수신을 차단할 수 있는 어플리케이션이 있어. 그걸 핸드폰에 설치해 보는 건 어떨까?	N	2022-06-24 00:54:30	2022-11-08 03:44:44
BE22003152	11	0	그런 어플리케이션이 있어요? 알려 주셔서 감사해요. 그걸 쓰면 이제 이 지긋지긋한 광고 전화를 받지 않아도 될까요?	N	2022-06-24 00:54:30	2022-11-08 03:44:45
BE22003152	12	1	응, 나도 예전에 전화로 시달렸을 때 이 방법으로 해결했어. 더 이상 전화가 오지 않으니 마음이 굉장히 편해지더라고. 후배님도 분명 안 좋은 기분에서 이제 벗어날 수 있을 거야, 걱정하지 마.	N	2022-06-24 00:54:30	2022-11-08 03:44:45
BE22003152	13	0	선배님께서 위로해 주시니 마음이 아주 편안해졌어요. 덕분에 오늘 하루 즐거운 마음으로 업무 할 수 있을 것 같아요.	N	2022-06-24 00:54:30	2022-11-08 03:44:45
BE22003152	14	1	그래, 그런 말을 들으니 나도 기분이 너무 좋네. 우리 오늘도 활기찬 하루 보내자.	Y	2022-06-24 00:54:30	2022-11-08 03:44:45
