id	utterance_id	utterance_type	utterance_text	terminate	regDate	updDate
BE22013247	1	0	요즘 일이 손에 너무 안 잡혀요. 남편 때문에 스트레스가 극에 달한 거 같아요.	N	2022-08-05 07:11:06	2022-08-05 07:11:06
BE22013247	2	1	어쩐지 요즘 아침마다 표정이 안 좋던데. 무슨 일 있어요?	N	2022-08-05 07:11:06	2022-08-05 07:11:06
BE22013247	3	0	남편이 주식으로 몇 달 동안 손해를 많이 봐서 저랑 싸우고 사이도 안 좋아졌어요.	N	2022-08-05 07:11:06	2022-08-05 07:11:06
BE22013247	4	1	남편과 다투어서 마음이 너무 상했겠어요. 요즘 주식 때문에 힘들어하는 사람 많더라고요. 주식시장이 워낙 안 좋아서 손해가 큰가 봐요.	N	2022-08-05 07:11:06	2022-11-08 04:49:17
BE22013247	5	0	네. 남편이 친구로부터 주식 종목을 추천받아서 투자했다가 손실을 엄청나게 봤나 봐요. 잘 알지도 못하면서 무슨 주식을 사는지 정말 화가 나서 주체가 안 돼요.	N	2022-08-05 07:11:06	2022-11-08 04:49:17
BE22013247	6	1	남편분도 속상하시겠지만, 감정화자님도 많이 화나겠어요. 같이 열심히 버는데 그런 일이 생기면 정말 속상하죠.	N	2022-08-05 07:11:06	2022-11-08 04:49:17
BE22013247	7	0	추천받았어도 본인이 공부하고 판단해서 하는 게 주식이잖아요. 자기가 신중하지 못한 건 생각하지 않고 친구 탓만 하는 게 너무 화나요.	N	2022-08-05 07:11:06	2022-11-08 04:49:17
BE22013247	8	1	자신이 부족한 걸 인정하면 더 미안해져서 그럴 수 있어요. 이미 일어난 일이니, 위로하고 다신 그러지 말자고 다짐하게 하면 감장 화자님의 마음도 좀 풀리지 않을까요? 남편에 대한 원망하는 마음이 커지기 전에 좋은 방향으로 가도록 이해해 보는 게 어때요?	N	2022-08-05 07:11:06	2022-11-08 04:49:17
BE22013247	9	0	그렇겠죠? 너무 화만 낸 거 같아 미안하기도 해요. 잘해 보려고 했다는 마음은 알기에 남편이 안 되어 보이기도 해요.	N	2022-08-05 07:11:06	2022-11-08 04:49:17
BE22013247	10	1	감정화자님의 진심을 모르고 남편이 오해할 수도 있으니까요. 마음에 걸리고 계속 신경 쓰이시죠? 오해하기 전에 오늘은 화해하고 앞으로 의논을 꼭 하기로 약속해 봐요.	N	2022-08-05 07:11:06	2022-11-08 04:49:17
BE22013247	11	0	네. 그래야겠어요. 항상 의논하고 그랬는데 왜 갑자기 저한테 말도 안 하고 저랬는지 이해가 안 됐거든요.	N	2022-08-05 07:11:06	2022-08-05 07:11:06
BE22013247	12	1	그런 마음을 솔직히 이야기하고 푸는 게 좋을 것 같아요. 화내고 싸우고 마음 불편한 것보다 대화로 풀 수 있는 건 빨리 풀어버리는 게 좋죠.	N	2022-08-05 07:11:06	2022-11-08 04:49:17
BE22013247	13	0	네. 맞아요. 오늘 집에 가서 남편과 진지하게 이야기해야겠어요. 부부끼리 항상 모든 걸 공유하기로 한 것만 지키면 문제없는 일인데 말이죠.	N	2022-08-05 07:11:06	2022-08-05 07:11:06
BE22013247	14	1	네. 잘 생각하셨어요. 다음부터는 친구 말만 듣지 말고 항상 감정화자님에게 이야기할 거예요.	N	2022-08-05 07:11:06	2022-11-08 04:49:17
BE22013247	15	0	그렇게 되면 정말 좋겠어요. 주식 때문이 아니니 대화하면 금방 풀릴 거 같아요. 정말 고마워요.	Y	2022-08-05 07:11:06	2022-11-08 04:49:17
