id	utterance_id	utterance_type	utterance_text	terminate	regDate	updDate
BE22017022	1	0	공감화자님, 요즘은 사람들 얼굴도 보기 싫을 만큼 화가 자주 나서 큰일이에요. 앞으로 몇 달은 더 카페에서 일해야 하는데, 어쩌면 좋을지 모르겠네요.	N	2022-09-03 21:33:51	2022-11-08 05:12:49
BE22017022	2	1	감정화자님 처음에는 무척이나 손님들과 즐겁게 보내시는 것 같았어요. 그런데 그동안 무슨 일이 있으셨던 거예요?	N	2022-09-03 21:33:51	2022-11-08 05:12:49
BE22017022	3	0	너무 가지각색의 사람들의 요구사항을 듣다 보니 작은 것에도 쉽게 화가 나요. 오늘도 손님이 주문을 세 번이나 번복했어요. 바빠서 정신이 없는데 그 손님 때문에 얼마나 정신없었는지 몰라요, 속이 아주 부글부글합니다.	N	2022-09-03 21:33:51	2022-11-08 05:12:49
BE22017022	4	1	대중을 상대로 일한다는 게 그 부분이 가장 어려운 일 같아요. 끝도 없는 요구를 듣다 보면, 마음이 지치잖아요. 감정화자님께서 힘들어하시는 부분이 뭔지 알겠어요, 그러니 일단 화부터 진정하시길 바라요.	N	2022-09-03 21:33:51	2022-11-08 05:12:50
BE22017022	5	0	그런 사람들을 보면, 도대체 배려라는 게 느껴지지 않아요. 물론 카페에서 일하는 입장이니, 손님들이 원하면 최대한 들어줘야죠. 하지만 도를 넘는 사람들을 대해야 할 때면, 일에 회의감도 들고 화도 무척이나 많이 나죠.	N	2022-09-03 21:33:51	2022-09-03 21:33:51
BE22017022	6	1	사람들 마음이 말씀하신 대로 가지각색이니 어쩔 도리가 없지요. 무슨 일이건 장단점이 있게 마련이잖아요. 그럴 때일수록 카페에서 일해며 느낀 좋은 점들을 떠올리며, 마음의 여유를 찾아보시는 건 어떨까요?	N	2022-09-03 21:33:51	2022-11-08 05:12:50
BE22017022	7	0	그것도 좋은 방법이지만 요즘은 그럴 여유도 없어요. 몇 달 뒤면, 다시 학교로 돌아가야 하는데 등록금을 마련하려면 더 일해야 하거든요. 그래서 최근에 과외도 시작했는데, 그 학생의 태도 때문에도 화가 납니다.	N	2022-09-03 21:33:51	2022-11-08 05:12:50
BE22017022	8	1	경제적 이유로 감정화자님께서 마음에 부담이 크신 것 같아요. 그런 상황에서 사람들에게 치이다 보면, 쉽게 화도 나고, 지치게 되잖아요. 그런데도 공부를 포기하지 않기 위해 열심히 사시는 감정화자님의 노력이 훌륭하십니다.	N	2022-09-03 21:33:51	2022-11-08 05:12:50
BE22017022	9	0	예전과 달리 손님들에게도 더 쉽게 화가 나는 것 같아요. 때로는 제 또래의 사람이 편히 앉아 커피를 마시는 걸 보면 화가 날 때도 있거든요. 마음의 짐이 커서 그런지, 주문 번복하는 것도 싫고, 모든 것에 너무 쉽게 화가나 걱정입니다.	N	2022-09-03 21:33:51	2022-09-03 21:33:51
BE22017022	10	1	감정화자님께서 경제적 부담 때문에 쉽게 남과 비교하며, 자신의 처지를 한탄하고 있는 게 아닌가 싶네요. 본인의 노력으로 공부를 할 수 있는 것도 대단한 능력입니다. 감정화자님께서 힘들게 일하고, 계시지만 그 시간을 통해 대단한 내공을 쌓고 계시는 중이니 힘들어 마세요.	N	2022-09-03 21:33:51	2022-11-08 05:12:50
BE22017022	11	0	그런가요? 다른 사람들은 편하게 사는 것 같은데, 저는 너무 힘들게 일만 하는 것 같아 화가 났어요. 그래서 애꿎은 손님들에게 더 화풀이한 것 같네요. 공감화자님께서 제 마음을 알아주시니 화나는 마음이 풀리는 것 같아요.	N	2022-09-03 21:33:51	2022-11-08 05:12:50
BE22017022	12	1	일하면서 힘들고 스트레스받으면, 그런 생각이 들만하죠. 그럴 때 신세를 한탄하며, 부정적으로 환경을 보게 되면, 더 힘들어지거든요. 작은 것이라도 본인이 잘한 것, 행복하게 느꼈던 것을 바라보며 힘을 내시는 게 중요해요.	N	2022-09-03 21:33:51	2022-11-08 05:12:50
BE22017022	13	0	제가 그래서 요즘 더 힘들어졌던 모양입니다. 사사건건 손님들 행동에 불만을 갖고, 화를 냈거든요. 앞으로는 공감화자님 조언대로 긍정적인 마음가짐으로 지내려 노력을 기울여야겠어요.	N	2022-09-03 21:33:51	2022-11-08 05:12:50
BE22017022	14	1	정말 잘 생각하셨어요. 이 시간을 잘 보내고 나면, 힘들었지만 좋은 기억으로 남을 거예요. 감정화자님의 의지력이라면, 무엇이든 잘하실 거라 믿어요.	N	2022-09-03 21:33:51	2022-11-08 05:12:50
BE22017022	15	0	공감화자님이 아니었다면, 사소한 것에 계속 화를 내며 지쳐버렸을지도 몰라요. 오늘 이렇게 말씀 나누길 잘한 것 같아요. 마음이 편안해지고, 앞으로 더 잘 지낼 수 있다는 자신감이 들어요, 감사해요.	Y	2022-09-03 21:33:51	2022-11-08 05:12:50
