id	utterance_id	utterance_type	utterance_text	terminate	regDate	updDate
BE22009880	1	0	아까 너무 화가 나는 일이 있었어요. 급하게 거래처에 전화해야 하는데 배터리가 없어서 핸드폰이 꺼졌어요.	N	2022-07-18 09:20:10	2022-11-08 04:28:02
BE22009880	2	1	헉 저도 그럴 때 정말 성가신 일이라고 느끼는데 순간 많이 화가 났겠어요.	N	2022-07-18 09:20:10	2022-11-08 04:28:02
BE22009880	3	0	네. 순간적으로 너무 화가 나서 핸드폰을 던질 뻔했어요.	N	2022-07-18 09:20:10	2022-11-08 04:28:02
BE22009880	4	1	욱하면 그럴 수 있죠. 근데 안 던졌으니까 결국엔 차분히 행동하신 것 같아요. 지금은 문제가 잘 해결됐어요?	N	2022-07-18 09:20:10	2022-11-08 04:28:02
BE22009880	5	0	네. 옆자리 동료분께 빌려서 전화 다시 걸고 문제를 일단 해결은 했어요.	N	2022-07-18 09:20:10	2022-11-08 04:28:02
BE22009880	6	1	그럼 정말 다행이네요. 역시 감정화자씨는 문제가 갑자기 생겼을 때 대처를 바로 잘하시는 것 같아요. 저라면 화를 어쩌지 못했을 거예요.	N	2022-07-18 09:20:10	2022-11-08 04:28:02
BE22009880	7	0	회의 때 나온 안건이 해결되어야 출고되는 건이라서 많이 급했거든요. 마음에 여유가 없다 보니깐 핸드폰이 꺼지는 순간 분노가 치밀어 오르더라고요.	N	2022-07-18 09:20:10	2022-11-08 04:28:02
BE22009880	8	1	저도 저번에 거래처에 연락했어야 하는데 빠르게 연락이 안 닿아서 무척 화가 났었던 적이 있었거든요. 그래서 감정화자씨의 상황이 머릿속에 그려지고, 많이 공감돼요.	N	2022-07-18 09:20:10	2022-11-08 04:28:02
BE22009880	9	0	이 핸드폰이 가끔 배터리가 고장 날 때가 한두 번이 아니라서 더 그랬던 것 같아요.	N	2022-07-18 09:20:10	2022-11-08 04:28:02
BE22009880	10	1	이런 일이 몇 번 일어났으면 더 신경 쓰이고, 화가 났겠어요. 그 거래처 사장님이 많이 까칠하시다고 들었는데 그래서 그런지 감정화자씨도 감정이 욱하고 올라왔던 것 같네요.	N	2022-07-18 09:20:10	2022-11-08 04:28:02
BE22009880	11	0	맞아요. 역시 공감화자씨는 제 마음을 항상 잘 알아주시는 것 같아요.	N	2022-07-18 09:20:10	2022-11-08 04:28:02
BE22009880	12	1	감정화자씨가 평소에 화를 잘 내는 타입이 아닌 것을 알고 있었어요. 모든 사람에게 친절하게 대해주는 모습을 보면서 참 좋은 인성을 가진 사람이라고 생각했거든요. 근데 화가 많이 난 것은 종종 있었던 일인 것 같아 이해됐어요.	N	2022-07-18 09:20:10	2022-11-08 04:28:02
BE22009880	13	0	그렇게 말씀해 주시니 기분이 많이 풀리는 것 같아요. 감사해요.	N	2022-07-18 09:20:10	2022-11-08 04:28:02
BE22009880	14	1	그렇다니 다행이에요. 힘든 일 있으면 언제든 말해요. 제가 들어드릴게요.	Y	2022-07-18 09:20:10	2022-11-08 04:28:02
