id	utterance_id	utterance_type	utterance_text	terminate	regDate	updDate
BE22019548	1	0	부장님 저 이번에 야구장 가지 말까 봐요. 너무 짜증 나서 죽겠어요.	N	2022-09-22 01:07:11	2022-11-08 05:26:09
BE22019548	2	1	감정화자씨 왜 그래? 아내분이랑 같이 야구장 가기로 한 거 아니였어? 오랜만에 간다고 어제까지 들떠 있었던 거 같은데.	N	2022-09-22 01:07:11	2022-11-08 05:26:09
BE22019548	3	0	어제까지는 그랬었지요. 오랜만에 가는 야구장이라 설레기도 하고 좋았어요. 하지만 오늘은 아니네요.	N	2022-09-22 01:07:11	2022-11-08 05:26:09
BE22019548	4	1	갑자기 왜 그래? 아내 분이 마음이 바뀌기라도 했어?	N	2022-09-22 01:07:11	2022-11-08 05:26:09
BE22019548	5	0	차라리 멀다고 안 가면 다행인 거 같아요. 서로 좋아하는 야구팀이 다르니까 따로 앉아서 보자고 하네요. 어이도 없고 조금 화도 나요.	N	2022-09-22 01:07:11	2022-11-08 05:26:09
BE22019548	6	1	경기도 좋지만 둘이 같이 데이트하러 가는 거 아니야? 그런데 왜 굳이 따로 앉아서 보겠다는 건지 감정화자씨가 기분 나쁠만 하네.	N	2022-09-22 01:07:11	2022-11-08 05:26:09
BE22019548	7	0	제가 하고 싶은 말이 그거예요. 어제까지는 아무 얘기 없다가 오늘 아침에 출근하면서 그러니까 미치겠어요. 제가 계획 한 모든 게 물거품이 됐어요.	N	2022-09-22 01:07:11	2022-11-08 05:26:09
BE22019548	8	1	감정화자씨가 충분히 화날만 해. 모처럼 아내분이랑 야구장 가는 건데, 서로 다른 곳에 앉아서 보겠다는 게 말이 돼? 더구나 그걸 갑자기 결정해서 통보해 버렸으니 화나고 짜증나는 거 이해 돼.	N	2022-09-22 01:07:11	2022-11-08 05:26:09
BE22019548	9	0	부장님도 비슷한 경험 있으셨는지 제 마음을 정말 잘 아시네요. 아무리 다른 팀을 응원하더라도 둘이 왔으면 같이 봐야 하는 게 정상 아닐까요?	N	2022-09-22 01:07:11	2022-11-08 05:26:09
BE22019548	10	1	감정화자씨 이번 경기 예매 성공했다고 엄청 좋아했잖아. 그런데 제수씨가 그런 반응이 나오면 얼마나 허무하고 속상하겠어. 계획대로 되지 않으니 속이 많이 상했겠어.	N	2022-09-22 01:07:11	2022-11-08 05:26:09
BE22019548	11	0	맞아요, 그래서 그냥 갈지 말까 생각이 들기도 했어요. 더운데 굳이 야구장에서 볼 이유도 없고요.	N	2022-09-22 01:07:11	2022-11-08 05:26:09
BE22019548	12	1	당연히 그런 마음이 생길 수 있지만, 서로의 즐거움을 위한다고 생각해 보면 어떨까? 응원하는 문화도 팀마다 조금씩 다르기도 하잖아. 스트레스 풀려고 가는 거니까, 서로 즐거운 시간을 보낸다고 생각하면 좋을 것 같아.	N	2022-09-22 01:07:11	2022-11-08 05:26:09
BE22019548	13	0	그렇게까지 생각해 보지는 않았던 것 같아요. 제가 나름 배려했다고 생각했는데, 저만의 생각일 수도 있었을 것 같아요. 부장님 말을 들으니 생각을 바꿔보게 되네요.	N	2022-09-22 01:07:11	2022-11-08 05:26:09
BE22019548	14	1	생각을 바꿔준다면 정말 다행이지. 아내 분이랑 얘기 잘하고, 재밌는 시간 보내고 와.	N	2022-09-22 01:07:11	2022-11-08 05:26:09
BE22019548	15	0	정말 감사합니다 부장님. 제 푸념 들어줘서 감사해요!	Y	2022-09-22 01:07:11	2022-11-08 05:26:09
