id	utterance_id	utterance_type	utterance_text	terminate	regDate	updDate
BE22017205	1	0	오늘은 회사에서 퇴근하자마자 경찰서에 가봐야 할 것 같아요. 얼마 전부터 빌라 총무를 맡았는데 성가신 일이 한둘이 아니라서 정말 화가 나네요.	N	2022-09-06 06:25:24	2022-11-08 05:13:56
BE22017205	2	1	대리님이 살고 계신 곳에서 총무 업무를 하고 계신 거예요? 무슨 일이 있으셨길래 경찰서까지 찾아가셔야 하는 거예요?	N	2022-09-06 06:25:24	2022-11-08 05:13:56
BE22017205	3	0	빌라에 입주한 사람들끼리 사이가 좋지 않아서 크고 작은 소란이 계속되고 있어요. 이번엔 주차 문제로 실랑이가 생겨서 참고인 조사차 경찰서에 방문해야 해요. 왜 자꾸 이런 일이 생기는지 화가 나요.	N	2022-09-06 06:25:24	2022-11-08 05:13:56
BE22017205	4	1	주민들 사이에 생긴 갈등을 해결하는 것이 정말 쉽지 않죠. 게다가 경찰서까지 방문해야 한다면 상황이 전혀 가볍지 않은 것 같아요. 총무를 맡으셔서 이런저런 신경 쓸 일이 많아지셨을 것 같아 화가 나는 심정 이해가 되네요.	N	2022-09-06 06:25:24	2022-11-08 05:13:56
BE22017205	5	0	주로 주차 문제, 쓰레기 분리수거, 층간 소음 문제 등으로 하루도 조용한 날이 없었어요. 무슨 일이 있을 때마다 저한테 연락이 와서 해결해 달라고 하니 저도 난감하네요. 총무를 맡았으면 최소한 1년은 해야 한다는 데 골치가 아파요.	N	2022-09-06 06:25:24	2022-09-06 06:25:24
BE22017205	6	1	정말 마음이 무거우시겠어요. 특히 민감한 사항인 경우에는 쉽게 나서서 중재하기도 어려울 것 같아요. 왜 입주민 사이에 이렇게 갈등이 많을까 싶어서 원망도 되고 가슴이 답답하실 것 같아요.	N	2022-09-06 06:25:24	2022-11-08 05:13:56
BE22017205	7	0	맞아요. 모두 조금씩 양보하면 큰 문제 없이 해결될 일인데, 조금도 손해 보려고 하지 않아요. 언성을 높이면서 흥분하며 싸우는 사람들을 보면 한숨만 나오네요.	N	2022-09-06 06:25:24	2022-09-06 06:25:24
BE22017205	8	1	그런 모습을 항상 보고 계신다고 생각하니까 스트레스가 정말 심하실 것 같아요. 또 자주 마주칠 사람들이니까 더 신경 쓸 점도 많아서 곤란하시겠어요. 어쩌다가 총무 업무를 맡게 되신 거예요?	N	2022-09-06 06:25:24	2022-11-08 05:13:56
BE22017205	9	0	빌라 입주민들 간 회의에서 제가 총무로 선정이 됐어요. 처음엔 의욕적으로 역할을 다하려고 했는데, 시간이 갈수록 기운이 빠지고 화만 나네요. 사건이 생기면 경찰서에 가고 입주민 설득하러 다니느라 교통비도 만만치 않아요.	N	2022-09-06 06:25:24	2022-11-08 05:13:56
BE22017205	10	1	갈등 해결을 위해서 경찰서까지 가는 총무는 많지 않을 텐데 책임을 다하려는 모습이 대단하시네요. 입주민들 사이에서 얼마나 시달리셨을지 생각하니 제 마음이 무거운 느낌이에요. 하지만 입주민들도 언젠간 대리님의 노력을 알아주고 응원해주는 날이 올 거예요.	N	2022-09-06 06:25:24	2022-11-08 05:13:56
BE22017205	11	0	그랬으면 좋겠네요. 저한테 전화로 민원만 제기하고 언제 해결되느냐고 화를 내는 사람들이 많아서 속상했어요. 그 사람들이 제가 얼마나 바쁘게 애를 쓰고 있는지 알면 좋겠어요.	N	2022-09-06 06:25:24	2022-09-06 06:25:24
BE22017205	12	1	빌라에서 생기는 여러 문제를 위해 동분서주하는 대리님의 모습을 알아보는 사람들이 하나둘 생길 거예요. 노력은 배신하지 않는다는 말도 있잖아요. 지금처럼 빌라의 거주 환경을 개선하려고 노력하시면 반드시 인정받는 순간이 올 거예요.	N	2022-09-06 06:25:24	2022-11-08 05:13:56
BE22017205	13	0	그렇게 말해주니까 고맙네요. 지금은 성가시고 화도 나지만 언젠간 제 노력을 인정받을 날이 있을 것이라 믿고 참아봐야겠어요. 이렇게 하소연하고 나니 마음도 훨씬 가볍고 홀가분하네요.	N	2022-09-06 06:25:24	2022-11-08 05:13:56
BE22017205	14	1	그렇게 느끼셨다니 제가 더 감사하네요. 귀찮고 힘드시겠지만, 꼭 잘 해결될 거예요. 힘내세요.	Y	2022-09-06 06:25:24	2022-11-08 05:13:56
