id	utterance_id	utterance_type	utterance_text	terminate	regDate	updDate
BE22007195	1	0	팀장님 때문에 프로젝트 망쳤어.	N	2022-07-08 08:04:44	2022-11-08 04:10:48
BE22007195	2	1	무슨 일이야? 팀장님이 뭐 실수하셨어?	N	2022-07-08 08:04:44	2022-11-08 04:10:48
BE22007195	3	0	내가 발표하는 프로젝트였거든. 발표 장표 보고 피드백해줬던 게 다 잘못된 내용이었어. 진짜 열받아.	N	2022-07-08 08:04:44	2022-11-08 04:10:49
BE22007195	4	1	내 실수도 아니고 다른 사람 때문에 망치다니. 네가 밤새워서 준비했던 발표인데 너무 억울하고 속상하겠다.	N	2022-07-08 08:04:44	2022-11-08 04:10:49
BE22007195	5	0	그 피드백해주실 때, 이상해서 아닌 것 같다고 말씀드렸었거든. 그런데 부서 사람들 다 보는 데서 막 화내면서 맞는다고 우겼거든. 내가 얼마나 민망했는데.	N	2022-07-08 08:04:44	2022-11-08 04:10:49
BE22007195	6	1	와, 상황을 듣고 보니까 더 열받는다. 자기 말이 맞는다고 무조건 우긴 거네? 상사라 뭐라고 말도 못 하고 네 속만 터졌겠다.	N	2022-07-08 08:04:44	2022-11-08 04:10:49
BE22007195	7	0	아니나 다를까 발표하면서 바로 그 부분 질의 들어와서 대답 제대로 못 했어. 진짜 너무 신경질 나. 심지어 나한테 사과도 안 해.	N	2022-07-08 08:04:44	2022-11-08 04:10:49
BE22007195	8	1	왜 안 그렇겠어. 네가 열심히 한 만큼 더 울화통이 터지지. 그 상황에서 누구 탓도 못 하고 얼마나 답답할까.	N	2022-07-08 08:04:44	2022-11-08 04:10:49
BE22007195	9	0	정말 잘해서 인정받고 싶었는데, 이번 발표 망쳐서 다들 나에게 실망했으면 어떡해?	N	2022-07-08 08:04:44	2022-11-08 04:10:49
BE22007195	10	1	이번 프로젝트 너한테 단독으로 발표하라고 맡기신 걸 보면 이미 다들 너를 신뢰하고 있는 거야. 피드백이 잘못된 부분에서만 대답을 못 한 거잖아. 모두 상황을 이해했을 테고 그런 상황에서 발표를 끝까지 마친 널 칭찬할걸?	N	2022-07-08 08:04:44	2022-11-08 04:10:49
BE22007195	11	0	억울하고 분한 마음에 부정적으로만 생각이 들었는데, 네 말을 들으니까 화가 좀 가라앉는다.	N	2022-07-08 08:04:44	2022-11-08 04:10:49
BE22007195	12	1	그 팀장님도 널 아끼는 마음에 피드백해주려고 하다가 이렇게 돼서 민망해하고 있을 거야. 넌 너의 능력을 충분히 보여줬으니까 다음에도 너에게 발표를 맡길 거라고 생각해. 너무 속상해하지 마.	N	2022-07-08 08:04:44	2022-11-08 04:10:49
BE22007195	13	0	네가 내 말 들어주고, 이렇게 위로도 해주니까 마음이 좀 풀린다. 정말 고마워.	N	2022-07-08 08:04:44	2022-11-08 04:10:49
BE22007195	14	1	마음이 많이 안 좋았을 텐데, 내가 도움이 돼서 다행이다.	Y	2022-07-08 08:04:44	2022-11-08 04:10:49
