id	utterance_id	utterance_type	utterance_text	terminate	regDate	updDate
BE22019715	1	0	주무관님, 나 이 여름에 감기에 걸렸지 뭐야. 밖은 덥고 습한데 몸은 으슬으슬해. 불쾌지수가 정말 극치에 달아서 당장이라도 집에 가고 싶고 화가 나요.	N	2022-09-22 05:12:53	2022-11-08 05:26:46
BE22019715	2	1	후배님, 이번에 코를 훌쩍거리더니 결국 감기에 걸렸구나. 너무 몸이 안 좋을수록 마음도 안 좋잖아. 그 마음 너무나 잘 알 것 같아서 안쓰러워.	N	2022-09-22 05:12:53	2022-11-08 05:26:46
BE22019715	3	0	저는 감기에 걸릴 때마다 코막힘이 증상이에요. 이번에는 심지어 코막힘이 번갈아 가면서 있어서. 숨쉬기가 불편하니 모든 일이, 다 귀찮고 성가시게 느껴져요.	N	2022-09-22 05:12:53	2022-09-22 05:12:53
BE22019715	4	1	후배님이 네가 코가 막히니 너무 기분이 안 좋을 거 같다. 우리가 자연스럽게 하는 일들을 못할 때 정말 스트레스받잖아. 그 불편함이 너무 마음 쓰라리게 하지 않았으면 좋겠다.	N	2022-09-22 05:12:53	2022-11-08 05:26:46
BE22019715	5	0	이게 다 우리 사무실 에어컨이 지나치게 세기 때문이에요. 제가 이렇게 감기에 걸릴 줄 알고 몇번이나 우려했던 부분인데 말이에요. 그런데 부장님이 더위를 많이 탄다며 내 의견을 무시해서 분한 마음이 들어요.	N	2022-09-22 05:12:53	2022-09-22 05:12:53
BE22019715	6	1	그렇지, 부하직원으로서 의견을 냈던 네가 무시당하는 마음이 들어서 더 크게 힘들었을 거 같아. 너도 건강을 위했을 뿐인데 마음 아플 게 눈에 그려져. 이 맘이 더 너를 아프지 않게 하면 좋겠는데 말이야.	N	2022-09-22 05:12:53	2022-11-08 05:26:46
BE22019715	7	0	몸이 좋지 않으면 일의 능률 또한 떨어지잖아요. 그렇다면 결국 회사에도 손해를 미칠 거예요. 이런 깊은 생각을 못 하는 상사 때문에 내 속만 새카맣게 타요.	N	2022-09-22 05:12:53	2022-11-08 05:26:46
BE22019715	8	1	정말 네가 워낙에 자기관리에 철저했던 사람인 터라 더욱 억울할 거 같아. 아픈 지금도 회사를 위하는 말을 하잖아. 그 애정과 노력이 너를 더 힘들지 않게 해야 하는데 말이야.	N	2022-09-22 05:12:53	2022-11-08 05:26:46
BE22019715	9	0	맞아요, 하루 종일 한쪽 코씩 번갈아가며 막히고 뚫리고를 반복하고 있어요. 이런 상태도 어떻게 일을 제대로 해내겠어요. 정말 분노스러워요.	N	2022-09-22 05:12:53	2022-11-08 05:26:46
BE22019715	10	1	말로만 들어도 너무 불편할 거 같아. 네가 마음 힘들겠지만 네가 잘못은 아니라고 기억해 줘. 이제 남은 일들만큼은 마음 편히 갖고 해나가면 좋겠어.	N	2022-09-22 05:12:53	2022-11-08 05:26:47
BE22019715	11	0	자신만 쾌적하자는 이기적인 마음이 전체에게 피해를 끼친다는 걸 알면 좋을 텐데요. 나는 회사에서도 개인 능력뿐만 아니라, 배려와 협동심을 강조했으면 좋겠어요. 그래야 모두가 최선을 다해서 업무에 집중할 수 있잖아요.	N	2022-09-22 05:12:53	2022-11-08 05:26:47
BE22019715	12	1	맞아, 단순히 네 문제뿐만 아니라 회사를 걱정하는 네 마음에 한 소리잖아. 다만 회사 일까지 확장해서 걱정하는 네 어깨가 너무 무거울 거 같아. 지금은 아픈 네 모습을 가장 먼저 돌봐 주면 좋겠어.	N	2022-09-22 05:12:53	2022-11-08 05:26:47
BE22019715	13	0	그래요, 나 말고 다른 팀원들의 건강을 위해서 더 적극적으로 얘기해 봐야겠어요. 그래도 너처럼 생각이 잘 통하는 동료가 있어서 다시 힘을 냅니다. 나의 건강도 얼른 회복해서 이 일에 최선을 다해야겠어요.	N	2022-09-22 05:12:53	2022-11-08 05:26:47
BE22019715	14	1	정말 그랬으면 좋겠다. 이렇게 어려운 일들 있을 때마다 편하게 얘기해 줘서 나도 고마워. 언제나 우리 같은 동료니까 의지해 가면서 헤쳐 나가보자.	Y	2022-09-22 05:12:53	2022-11-08 05:26:47
