id	utterance_id	utterance_type	utterance_text	terminate	regDate	updDate
BE22006089	1	0	아니, 비상구 계단에서 담배를 피우는 사람이랑 마주쳤지 뭐예요?	N	2022-07-04 12:57:59	2022-11-08 04:03:36
BE22006089	2	1	뭐라고요? 아직도 건물 안에서 담배 피우는 사람이 있어요? 감정화자씨 정말 짜증 났겠다.	N	2022-07-04 12:57:59	2022-11-08 04:03:36
BE22006089	3	0	짜증나다 뿐인가요? 근데 더 분한 건 제가 아무 소리도 못 하고 그냥 들어와버렸다는 거예요.	N	2022-07-04 12:57:59	2022-11-08 04:03:36
BE22006089	4	1	분할 만도 하네요. 아는 사람이었어요?	N	2022-07-04 12:57:59	2022-11-08 04:03:36
BE22006089	5	0	모르는 사람이었어요. 근데 그런 모습을 보고도 아무 말도 안 나오더라고요.	N	2022-07-04 12:57:59	2022-11-08 04:03:36
BE22006089	6	1	감정화자씨 입장에서는 그럴 만하죠. 모르는 사람이라면 저라도 그랬을 거예요.	N	2022-07-04 12:57:59	2022-11-08 04:03:36
BE22006089	7	0	사실, 외딴 장소에 남자랑 둘만 있으니 덜컥 겁이 나더라고요. 애초에 규칙을 어기고 이런 상황을 만든 그 사람한테 너무 짜증 나요.	N	2022-07-04 12:57:59	2022-11-08 04:03:36
BE22006089	8	1	충분히 짜증 날 만했네요. 규칙이란 게 안 지키는 한두 사람이 있으면 의미가 없어지는 것 같아요.	N	2022-07-04 12:57:59	2022-11-08 04:03:36
BE22006089	9	0	사실 무엇보다 그 상황에서 아무 소리 못한 저 자신이 더 한심해요.	N	2022-07-04 12:57:59	2022-11-08 04:03:36
BE22006089	10	1	감정화자씨가 그렇게 생각하는 것도 무리는 아니죠. 하지만 그런 상황에서 누가 함부로 말하겠어요? 여자 혼자서 남자한테, 그것도 외딴 장소에서요.	N	2022-07-04 12:57:59	2022-11-08 04:03:36
BE22006089	11	0	공감화자씨는 용감해서 따끔하게 한마디 해줬을 것 같은데요?	N	2022-07-04 12:57:59	2022-11-08 04:03:36
BE22006089	12	1	그럴 리가요. 그런 상황이었다면 저도 그냥 쳐다만 보고 지나쳤을 것 같아요. 감정화자씨의 반응은 너무도 자연스러운 일이니 자책하지 마세요.	N	2022-07-04 12:57:59	2022-11-08 04:03:36
BE22006089	13	0	공감화자씨가 그렇게 말해주니 조금 마음이 가라앉는 것 같아요.	N	2022-07-04 12:57:59	2022-11-08 04:03:36
BE22006089	14	1	제가 도움이 되었다니 정말 다행이에요. 저는 감정화자씨가 그렇게 규칙을 중시하는 모습이 참 보기 좋다고 생각해요.	N	2022-07-04 12:57:59	2022-11-08 04:03:36
BE22006089	15	0	어머나, 이런 과찬까지. 고마워요!	N	2022-07-04 12:57:59	2022-11-08 04:03:36
BE22006089	16	1	과찬이라니, 진심으로 보기 좋은걸요.	Y	2022-07-04 12:57:59	2022-11-08 04:03:36
