id	utterance_id	utterance_type	utterance_text	terminate	regDate	updDate
BE22012203	1	0	요즘 아내랑 사이가 안 좋아요.	N	2022-07-28 05:36:03	2022-11-08 04:42:46
BE22012203	2	1	무슨 일 있으세요? 안 그래도 요즘 표정이 안 좋으신 것 같아 걱정하던 참이었어요.	N	2022-07-28 05:36:03	2022-11-08 04:42:46
BE22012203	3	0	회사에 다니는 아내가 살림에 소홀해요. 맞벌이 부부라 집안일도 반반으로 부담하기로 했는데, 어느 순간 아내가 손을 놓았어요.	N	2022-07-28 05:36:03	2022-11-08 04:42:46
BE22012203	4	1	회사 일도 만만치 않은데, 살림까지 전적으로 부담하시려면 너무 힘드실 것 같은데요. 감정화자씨 몸과 마음에 많이 무리가 갈 것 같아 걱정돼요.	N	2022-07-28 05:36:03	2022-11-08 04:42:46
BE22012203	5	0	제 말이 그 말이에요. 자기 회사가 너무 바쁘단 핑계를 대는데, 우리 회사는 안 바쁘냐고요. 퇴근하자마자 집안일을 나 몰라라 하는 모습을 보면 분노가 치솟아 미칠 지경이에요.	N	2022-07-28 05:36:03	2022-11-08 04:42:46
BE22012203	6	1	왜 안 그러시겠어요. 맞벌이 부부는 서로 배려하지 않으면 시간적으로든, 심리적으로든 여유가 없어 너무 힘들 텐데요. 감정화자씨께서 너무 많은 짐을 혼자 짊어지고 계신 것 같아 마음이 아파요.	N	2022-07-28 05:36:03	2022-11-08 04:42:46
BE22012203	7	0	아내는 제가 힘들어하는 걸 하나도 이해하지 못해요. 누가 보면 본인만 회사에 다니는 줄 알겠다니까요. 회사 다니는 게 살림에 소홀할 이유가 되냐고요.	N	2022-07-28 05:36:03	2022-11-08 04:42:46
BE22012203	8	1	전업주부도 온종일 집안일을 하다 보면 고되고 지칠 텐데, 퇴근하고 나서도 일하시다니 정말 힘드시겠어요. 게다가 아내 분과 자주 다투고 감정이 상하면 감정 소모까지 커지니 분노가 이만저만이 아니실 듯해요.	N	2022-07-28 05:36:03	2022-11-08 04:42:46
BE22012203	9	0	맞아요. 아내 얼굴만 봐도 화가 나서 차라리 회사에 계속 있고 싶은 심정이에요. 정말 짜증 나서 미치겠어요.	N	2022-07-28 05:36:03	2022-11-08 04:42:46
BE22012203	10	1	전해 듣는 저도 혀를 내두를 지경인데 고된 일정이 얼마나 힘에 부치시겠어요. 아내 분과 원만한 대화를 통해서 꼭 감정화자씨의 정신적 스트레스가 덜어지길 바라요. 회사에서도, 집에서도 늘 노력하시고 고생하시는 거 저라도 알아드릴게요.	N	2022-07-28 05:36:03	2022-11-08 04:42:46
BE22012203	11	0	아내도 제가 얼마나 힘든지 인정하지 못하는데, 공감화자씨가 알아주시니 기분이 좀 나아져요. 그동안 혼자 정말 서럽고 힘들었거든요.	N	2022-07-28 05:36:03	2022-11-08 04:42:46
BE22012203	12	1	정말 고생 많으신 것 같아서 제 마음이 다 아플 지경이에요. 이렇게 혼자 힘드시고 스트레스받으시는 시기가 얼른 지나가시길 바라요. 감정화자씨가 조금이나마 편해지시면 좋겠어요.	N	2022-07-28 05:36:03	2022-11-08 04:42:46
BE22012203	13	0	정말 감사해요. 공감화자씨가 따뜻하게 위로해 주시니 그래도 마음이 많이 풀리네요. 제 고생을 알아주셔서 정말 감사해요. 큰 위로가 되었어요.	N	2022-07-28 05:36:03	2022-11-08 04:42:46
BE22012203	14	1	다행이에요. 혼자 속으로 끙끙 앓지 마시고 언제든 제게 이야기해 주세요. 저는 감정화자씨 이야기라면 언제든 들어드릴 준비가 되어 있어요.	N	2022-07-28 05:36:03	2022-11-08 04:42:46
BE22012203	15	0	정말 감사해요. 공감화자씨 같은 동료를 만난 건 참 축복인 것 같아요. 덕분에 기분이 좋아지네요!	Y	2022-07-28 05:36:03	2022-11-08 04:42:46
