id	utterance_id	utterance_type	utterance_text	terminate	regDate	updDate
BE22007769	1	0	아까 점심 먹고 들어오는 길에 완전 화가 나는 일이 있었어.	N	2022-07-11 07:42:40	2022-11-08 04:14:25
BE22007769	2	1	그래? 어떤 일을 겪었길래 이렇게 화가 났어?	N	2022-07-11 07:42:40	2022-11-08 04:14:25
BE22007769	3	0	어떤 사람이 뛰어가다가 나랑 부딪혔는데 사과도 안 하고 그냥 가는 거야. 완전 어이없어.	N	2022-07-11 07:42:40	2022-11-08 04:14:25
BE22007769	4	1	정말 너무하다. 그렇게 부딪히고 그냥 가다니 자기가 이렇게 화가 나는 게 당연해. 어디 다친 데는 없어?	N	2022-07-11 07:42:40	2022-11-08 04:14:25
BE22007769	5	0	다친 곳은 없는데 부딪히면서 내가 들고 있던 커피를 떨어트렸지 뭐야. 그래서 바지에 얼룩이 졌어.	N	2022-07-11 07:42:40	2022-11-08 04:14:25
BE22007769	6	1	다친 데가 없다니 다행이라고 하려고 했는데, 바지에 얼룩이 졌다니, 자기 정말 분노할 만하네. 커피도 버리고 바지까지 그렇게 돼서 기분 많이 상했겠다.	N	2022-07-11 07:42:40	2022-11-08 04:14:25
BE22007769	7	0	그러니까. 아까 너무 화나서 길에서 소리 질렀잖아. 나 이상해 보였겠지?	N	2022-07-11 07:42:40	2022-11-08 04:14:25
BE22007769	8	1	아니 전혀 이상하지 않아. 자기 마음 백번 이해가 가는데, 그 상황이면 나였어도 큰 소리로 화냈을 거 같아. 점심 든든하게 먹고 기분 좋게 들어오는데 그런 일을 겪었으니 말이야.	N	2022-07-11 07:42:40	2022-11-08 04:14:25
BE22007769	9	0	그렇겠지? 너무 화가 나서 나도 모르게 그랬어. 내 커피 너무 아까워.	N	2022-07-11 07:42:40	2022-11-08 04:14:25
BE22007769	10	1	원래 너무 화나는 순간이면 감정 조절이 잘 안 되잖아. 이상하다고 생각 안 하니까 너무 걱정하지 마. 그럼 커피를 거의 못 먹었겠네?	N	2022-07-11 07:42:40	2022-11-08 04:14:25
BE22007769	11	0	응 별로 안 먹었는데, 다 흘려서 버렸지 뭐.	N	2022-07-11 07:42:40	2022-11-08 04:14:25
BE22007769	12	1	자기 밥 먹고 커피 필수로 먹어줘야 하잖아. 카페인이 들어가야지 일도 잘되는데. 이따가 내가 한잔 맛있게 타 줄 테니까 기분 풀어.	N	2022-07-11 07:42:40	2022-11-08 04:14:25
BE22007769	13	0	맞아. 나 카페인이 안 들어가서 이렇게 예민한가 봐. 고마워 자기밖에 없다.	N	2022-07-11 07:42:40	2022-11-08 04:14:25
BE22007769	14	1	내가 또 별명이 바리스타잖아. 기가 막히게 맛있게 타 줄게. 이따가 잠깐 우리 사무실로 내려와 알겠지?	N	2022-07-11 07:42:40	2022-11-08 04:14:25
BE22007769	15	0	응 알겠어. 이따 보자.	Y	2022-07-11 07:42:40	2022-11-08 04:14:25
