id	utterance_id	utterance_type	utterance_text	terminate	regDate	updDate
BE22005995	1	0	지금 너무 화가 나네요. 제가 지난주에 생일이었잖아요. 그런데 친구가 잠수를 탄 거예요 화가 확 치마네요.	N	2022-07-04 07:01:02	2022-11-08 04:03:00
BE22005995	2	1	친구분이 생일에 연락이 없었어요? 아이고, 너무 화나고 섭섭하겠어요. 저도 친하다고 생각했던 친구가 제 생일에 연락도 없으면 당혹스러우면서 섭섭하더라고요.	N	2022-07-04 07:01:02	2022-11-08 04:03:00
BE22005995	3	0	맞아요. 진짜 얼마나 섭섭하고 화가 나던지. 참 황당해서.	N	2022-07-04 07:01:02	2022-11-08 04:03:00
BE22005995	4	1	그러니까요, 1년에 한 번 있어서 더욱이 생일은 행복하고 즐거운 날인데. 친구가 잠적하면 너무 슬펐을 거 같아요.	N	2022-07-04 07:01:02	2022-11-08 04:03:00
BE22005995	5	0	슬픈 것도 슬픈데 화도 너무 나서 지금 온몸에 열까지 올라오네요.	N	2022-07-04 07:01:02	2022-11-08 04:03:00
BE22005995	6	1	아이고, 많이 친한 친구셨군요? 친한 친구가 그러면 더 섭섭하고 화나죠.	N	2022-07-04 07:01:02	2022-11-08 04:03:00
BE22005995	7	0	맞아요, 친한 것도 친한 건데. 자기 생일에는 뭐 받고 싶다고 사달라고 해서 원하는 걸로 선물도 해 줬는데. 딱 제 생일 되니까 잠수 타버리더라고요.	N	2022-07-04 07:01:02	2022-11-08 04:03:00
BE22005995	8	1	어머나, 그러면 더 서운하겠어요. 저라면 정말 화가 나서 그 친구한테 전화해서 화냈을 거 같아요. 전화하지 않고 참다니 감정화자님 정말 참을성도 좋으시고 이해력도 깊으시네요.	N	2022-07-04 07:01:02	2022-11-08 04:03:00
BE22005995	9	0	그렇죠? 제가 화나는 게 이상한 게 아니죠?	N	2022-07-04 07:01:02	2022-11-08 04:03:00
BE22005995	10	1	그럼요, 누구라도 감정화자님 입장이면 화내고 짜증 냈을 거예요. 저는 도리어 그 친구한테 화내지 않으시고 혼자 참으신 게 너무 대단한걸요.	N	2022-07-04 07:01:02	2022-11-08 04:03:00
BE22005995	11	0	휴, 그래도 감정화자님이랑 이렇게 대화 나누니까 제 치밀었던 분노와 섭섭함이 많이 줄어드네요.	N	2022-07-04 07:01:02	2022-11-08 04:03:00
BE22005995	12	1	공감화자님 마음이 조금이라도 풀리고 있다니 정말 다행이에요. 맞아요. 뭔가 섭섭하고 화나는 일 있으면 누군가에게 말하면 좀 풀리는 거 같아요. 혹시라도 다음에 힘든 이 있으면 언제든 문자 하세요 제가 조금이나마 힘이 돼드릴게요.	N	2022-07-04 07:01:02	2022-11-08 04:03:00
BE22005995	13	0	고마워요. 공감화자님이 그렇게 말씀해 주시고 같이 화내주시니까 제 화가 많이 풀리네요.	N	2022-07-04 07:01:02	2022-11-08 04:03:00
BE22005995	14	1	당연한걸요. 저도 힘들 때 감정화자님이 제 얘기 많이 들어주시고 위로해 주셨잖아요. 그때마다 얼마나 감사했는지 몰라요.	N	2022-07-04 07:01:02	2022-11-08 04:03:00
BE22005995	15	0	그렇게 말씀해 주시니까 너무 감사하네요. 저도 공감화자님이 저랑 대화하고 마음이 위로받으셨다고 하시니 마음이 좋네요.	Y	2022-07-04 07:01:02	2022-11-08 04:03:00
