id	utterance_id	utterance_type	utterance_text	terminate	regDate	updDate
BE22012429	1	0	이번 달 월급 아직 입금 안 된 것 아시나요?	N	2022-07-29 08:05:26	2022-11-08 04:44:10
BE22012429	2	1	아 그랬어요? 어쩐지 알림 문자가 안 온다 싶었는데, 입금 자체가 안 된 것이군요.	N	2022-07-29 08:05:26	2022-11-08 04:44:10
BE22012429	3	0	한두 번도 아니고 월급날마다 이렇게 스트레스받아야 하는 건지 화가 나네요.	N	2022-07-29 08:05:26	2022-11-08 04:44:10
BE22012429	4	1	저는 신입 직원이라 아직 잘 모르는데, 이런 적이 여러 번 있었나요?	N	2022-07-29 08:05:26	2022-11-08 04:44:10
BE22012429	5	0	사장님께 가서 월급이 아직 입금되지 않았다고 말을 해야 그제야 입금을 해주는 일이 잦아요. 정당한 노동의 대가를 받는 것은 기본인데, 기본도 지켜지지 않으니 화를 참을 수 없네요.	N	2022-07-29 08:05:26	2022-11-08 04:44:10
BE22012429	6	1	듣고 보니 정말 문제가 있는 것 같네요. 사장님께서는 왜 제때 돈을 넣어주시지 않는 걸까요?	N	2022-07-29 08:05:26	2022-11-08 04:44:10
BE22012429	7	0	사장님이 직원들 월급에는 크게 관심이 없는 것 같아요. 회사 사정이 어려운 거면 이해라도 하겠는데, 이건 귀찮아서 그러는 거라고밖에 생각이 안 드네요.	N	2022-07-29 08:05:26	2022-11-08 04:44:10
BE22012429	8	1	저는 처음 겪는 일인데도 이렇게 심란한데 월급이 미뤄지는 일을 자주 겪으셨으면 더 화가 나시겠어요. 월급이 들어오지 않으면 우리 삶에 너무 큰 영향을 끼치잖아요.	N	2022-07-29 08:05:26	2022-11-08 04:44:10
BE22012429	9	0	맞아요. 직원들에게 업무 성과는 재촉하시면서 월급은 왜 자꾸 잊으시는 걸까요? 이럴 땐 회사 다니는 저 자신에게 회의감이 들어요.	N	2022-07-29 08:05:26	2022-11-08 04:44:10
BE22012429	10	1	직원들의 사기가 올라야 회사 성장에도 도움이 될 텐데 사장님께서 몰라주시는 것 같아 실망이 크시겠네요.	N	2022-07-29 08:05:26	2022-11-08 04:44:10
BE22012429	11	0	게다가 사장님은 자주 골프 약속과 해외여행을 다니신다고 들었어요. 직원들 월급 주는 날은 지키지 않으면서 다른 약속들은 꼬박꼬박 지키는 게 정말 얄밉네요.	N	2022-07-29 08:05:26	2022-11-08 04:44:10
BE22012429	12	1	일이 바빠서 깜빡하셨다고 하면 어쩔 수 없는데 개인 약속은 다니셨다니 실망감이 드는 것이 당연하네요. 이런 일을 처음 겪는 저도 화가 나는데 자주 겪으셨으니 더 화가 나시겠어요.	N	2022-07-29 08:05:26	2022-11-08 04:44:10
BE22012429	13	0	이젠 해탈할 지경이에요. 그래도 이렇게 화나는 마음을 풀어놓고 나니까 기분이 한결 괜찮아졌네요.	N	2022-07-29 08:05:26	2022-11-08 04:44:10
BE22012429	14	1	다행이에요. 언제든 무슨 일이 있으시면 저에게 이야기해주세요. 당장 해결은 못 해 드려도 충분히 들어드릴 수 있어요.	Y	2022-07-29 08:05:26	2022-11-08 04:44:10
