id	utterance_id	utterance_type	utterance_text	terminate	regDate	updDate
BE22003519	1	0	제 친구는 대학생 딸과 쇼핑을 자주 한대요. 그걸 저한테 어찌나 자랑을 하는지 피곤해 죽겠네요.	N	2022-06-25 02:27:02	2022-11-08 03:47:04
BE22003519	2	1	하하하. 감정화자씨가 아들만 셋이라, 괜히 딸 가진 거 생색내시는 거 아니에요?	N	2022-06-25 02:27:02	2022-11-08 03:47:04
BE22003519	3	0	정확해요. 가끔가다 그래야 웃으며 넘어가지, 매일 저러니까 짜증 나네요.	N	2022-06-25 02:27:02	2022-11-08 03:47:04
BE22003519	4	1	당연히 짜증날 만하시죠. 원래 남의 자식 자랑과 은근한 과시가 제일 피곤한 법이잖아요.	N	2022-06-25 02:27:02	2022-11-08 03:47:04
BE22003519	5	0	그러니까요. 아들 셋이면 무슨 재미로 사냐는 말도 하는데, 이거 정말 들을 때마다 불쾌한 말이에요.	N	2022-06-25 02:27:02	2022-11-08 03:47:04
BE22003519	6	1	그런 말은 안 하는 게 좋을 텐데 배려가 없으시네요. 감정화자씨 아들분들도 너무 착하고 바르게 자란 자식들인데 구태여 자랑 안 하시잖아요.	N	2022-06-25 02:27:02	2022-11-08 03:47:04
BE22003519	7	0	남한테 자랑해서 뭐해요. 내 아들 잘난 건 나만 알면 됐지. 근데 제 친구는 뭘 저렇게 자랑하고 싶어 하는지 모르겠다니까요.	N	2022-06-25 02:27:02	2022-11-08 03:47:04
BE22003519	8	1	감정화자씨가 속이 깊고 배려심이 깊으신 거예요. 기분 상하시겠지만 대충 흘려 들으시면서 너무 스트레스받지 마세요.	N	2022-06-25 02:27:02	2022-11-08 03:47:04
BE22003519	9	0	맞아요. 저도 조만간 아들들 데리고 쇼핑하러 가든지 해야겠어요.	N	2022-06-25 02:27:02	2022-11-08 03:47:04
BE22003519	10	1	하하. 그것도 좋은 생각이세요. 아들과 한 번 좋은 곳 다녀오신 뒤에 친구분께 넌지시 말씀해 보세요. 그렇게 말씀하시면서 기분도 풀고 스트레스도 푸시는 거죠.	N	2022-06-25 02:27:02	2022-11-08 03:47:04
BE22003519	11	0	그래야겠어요. 그래도 공감화자씨가 위로해 주니까 기분이 많이 풀리네요. 친구한테 직접적으로 말하기에도 우스운 일이라 말도 못 하고 있었거든요.	N	2022-06-25 02:27:02	2022-11-08 03:47:04
BE22003519	12	1	잘하셨어요. 앞으로 이런 일 생기시면 저한테 털어놓으시면서 마음 푸세요. 친구분께 말씀드려도 그때만 자중할 뿐, 다시 돌아올 확률이 높을 거예요.	N	2022-06-25 02:27:02	2022-11-08 03:47:04
BE22003519	13	0	맞아요. 앞으로 공감화자씨 자주 찾아올 테니까 공감화자씨도 하소연하고 싶으신 일 있으시면 제게 오세요. 이렇게 이야기하니까 홀가분하고 정말 좋네요.	N	2022-06-25 02:27:02	2022-11-08 03:47:04
BE22003519	14	1	알겠어요. 말 나온 김에 오늘 점심은 둘이서 따로 먹어요. 밥 먹고 좋은 카페 같이 가서 더 이야기 나눠요.	N	2022-06-25 02:27:02	2022-11-08 03:47:04
BE22003519	15	0	정말 좋죠! 점심 먹으러 가실 때 연락하시죠.	Y	2022-06-25 02:27:02	2022-11-08 03:47:04
