id	utterance_id	utterance_type	utterance_text	terminate	regDate	updDate
BE22005293	1	0	팀장님, 잠깐 고민 상담 부탁드려도 될까요?	N	2022-06-29 19:59:14	2022-11-08 03:58:29
BE22005293	2	1	무슨 고민인데 그래요?	N	2022-06-29 19:59:14	2022-11-08 03:58:29
BE22005293	3	0	요즘따라 이유도 없이 갑자기 속에서 불이 나는 것처럼 화가 나고 짜증이 나요. 그런 저 자신에 더 화가 나고요. 어떻게 해야 할지 모르겠습니다.	N	2022-06-29 19:59:14	2022-11-08 03:58:29
BE22005293	4	1	그런 일 많죠. 저도 하루에도 수십 번씩 짜증도 났다가, 괜찮아졌다가 왔다 갔다 해요.	N	2022-06-29 19:59:14	2022-11-08 03:58:29
BE22005293	5	0	팀장님은 그럴 때 어떻게 해결하십니까? 이유도 없이 화나고 부정적인 생각만 나는데 정말 질릴 지경입니다.	N	2022-06-29 19:59:14	2022-11-08 03:58:29
BE22005293	6	1	자기 자신을 그렇게 생각할 정도로 감정이 통제가 안 돼서 힘드시겠어요. 직장에 있다보면 아무래도 예민해지니, 저도 이해합니다.	N	2022-06-29 19:59:14	2022-11-08 03:58:29
BE22005293	7	0	업무에 지장이 가게 되니까 저 자신한테 더 화가 나고. 꼬리에 꼬리를 무는 것 같습니다.	N	2022-06-29 19:59:14	2022-11-08 03:58:29
BE22005293	8	1	개인적 감정이 업무에 영향을 미치면 큰일이죠. 성과도 안 나올 수 있고요. 왜 고민하는지도 알겠어요.	N	2022-06-29 19:59:14	2022-11-08 03:58:29
BE22005293	9	0	사실 스트레스 해소하는 방법을 잘 모르거든요. 그래서 이렇게 문득 화가 머리끝까지 나도, 그냥 속으로 꾹 참아요.	N	2022-06-29 19:59:14	2022-11-08 03:58:29
BE22005293	10	1	그러면 더 힘들겠어요. 안 그래도 회사에 있으면 스트레스받는 상황 많은데.	N	2022-06-29 19:59:14	2022-11-08 03:58:30
BE22005293	11	0	아무래도 그렇죠. 그렇다고 제가 직장을 그만둘 수도 없고, 그래서 제가 팀장님한테 조언 구하는 거예요.	N	2022-06-29 19:59:14	2022-11-08 03:58:30
BE22005293	12	1	그러면 제가 제 마음을 다스리는 방법 알려드릴게요. 짜증나면 의식적으로라도 부정적이고 화 나는 생각을 차단하는 거예요. 그러면 금방 진정될 겁니다.	N	2022-06-29 19:59:14	2022-11-08 03:58:30
BE22005293	13	0	저도 막 화내고 그러고 싶지 않아서 생각을 바꿔보려고 했는데, 막상 제 마음대로 안 되더라고요.	N	2022-06-29 19:59:14	2022-11-08 03:58:30
BE22005293	14	1	지금 당장 할 수 없는 것 저도 압니다. 그래서 연습이 필요해요. 우리가 악기 연주를 할 때 연습이 필요한 것처럼, 감정을 다루는데도 연습이 필요하죠.	N	2022-06-29 19:59:14	2022-11-08 03:58:30
BE22005293	15	0	감정을 바꾸는데도 연습이 필요할 수 있다니. 그런 관점에서 생각 못해봤어요.	N	2022-06-29 19:59:14	2022-11-08 03:58:30
BE22005293	16	1	무작정 배척하면 더 힘들어지거든요. 내가 지금 어떤 마음이라는 걸 인정하고 받아들이면 마음이 편해질 거예요. 그러면 화도 좀 가라앉고요.	N	2022-06-29 19:59:14	2022-11-08 03:58:30
BE22005293	17	0	팀장님 말씀이 일리가 있네요. 조언 감사합니다. 저도 그런 식으로 생각을 바꿔봐야겠어요.	N	2022-06-29 19:59:14	2022-11-08 03:58:30
BE22005293	18	1	도움이 되었다니 다행이네요. 앞으로도 어려운 일 있으면 또 이야기해요.	Y	2022-06-29 19:59:14	2022-11-08 03:58:30
