id	utterance_id	utterance_type	utterance_text	terminate	regDate	updDate
BE22019226	1	0	공감화자씨, 내가 지금 너무 화가 나는 일이 생겼는데 얘기 좀 들어봐 줄래요? 내가 뭘 잘못한 건지 이해가 안 가서 그래요. 정말이지 너무 화가 나고 신경질이 나네요.	N	2022-09-21 03:13:09	2022-09-21 03:13:09
BE22019226	2	1	네 대리님 말씀하세요. 무슨 일이시길래 화가 그렇게 많이 나신 거예요. 어쩐지 아침에 뵀는데 얼굴이 많이 안 좋아 보이시더라고요.	N	2022-09-21 03:13:09	2022-11-08 05:25:20
BE22019226	3	0	아니 우리 부부가 맞벌이를 하잖아요. 아내 혼자 집안일하고 육아하는 게 힘들어 보여서 집안일을 나눠서 하자고 말을 했거든요. 그런데 갑자기 화를 내는 거예요, 그 모습에 저도 어찌나 화가 나던지 아내랑 엄청 싸웠네요.	N	2022-09-21 03:13:09	2022-09-21 03:13:09
BE22019226	4	1	대리님 정말 화가 많이 나셨겠어요. 저도 아내랑 이런 문제로 다툰 적이 있어서 어떤 심정인지 너무 이해가 됩니다. 감히 제가 뭐라 위로의 말씀을 드려야 할지 모르겠네요.	N	2022-09-21 03:13:09	2022-11-08 05:25:20
BE22019226	5	0	맞벌이면 나눠서 하는 게 당연한 건데 왜 그걸 인심 쓰듯 이야기하냐면서 기분이 나쁘다네요. 공감화자씨도 겪어 봐서 알겠지만 그런 뜻으로 말한 게 아니란 거 잘 알잖아요. 내 진심을 몰라주는 거 같아서 화가 나고 오히려 저한테 화를 내니 저도 기분이 나쁘더라고요.	N	2022-09-21 03:13:09	2022-09-21 03:13:09
BE22019226	6	1	왜 안 그러겠어요, 화가 나시는 거 충분히 이해합니다. 하지만 대화로 서로의 진심을 전달하고 어느 정도 시간이 지나면 차츰 나아지더라고요. 그러니 너무 마음에 쌓아두면서 힘들어하시거나 상처받지는 않으셨으면 좋겠어요.	N	2022-09-21 03:13:09	2022-11-08 05:25:20
BE22019226	7	0	정말 그럴 수 있을까요? 지금은 서로 너무 화가 난 상태라 대화를 하고 싶은 생각도 안 드는 거 같아요. 육아와 집안일을 하면서 맞벌이를 하니 서로가 예민해진 상태라 이 분노가 쉽게 가라앉을지도 잘 모르겠네요.	N	2022-09-21 03:13:09	2022-09-21 03:13:09
BE22019226	8	1	물론 처음부터 쉽게 되는 일은 없잖아요. 너무 조급하게 생각하지 마시고 마음을 조금 편히 가져보세요. 이럴 때일수록 포기하지 않고 서로 노력하다 보면 긍정적인 방향으로 해결이 나더라고요.	N	2022-09-21 03:13:09	2022-11-08 05:25:20
BE22019226	9	0	경험자로부터 이런 위로와 조언을 들으니 조금은 마음이 놓이는 기분이네요. 덕분에 좀더 용기를 내서 아내와 대화를 나눠봐야겠다는 생각도 드네요. 왜 이런 성숙한 생각들을 하지 못했는지 부끄러워지네요.	N	2022-09-21 03:13:09	2022-11-08 05:25:20
BE22019226	10	1	누구든 화가 많이 나는 상황에서는 대리님처럼 그럴 수밖에 없어요. 그러니 너무 마음 쓰여 하지 마세요. 제 말씀이 조금이나마 도움이 되었다니 그저 다행입니다.	N	2022-09-21 03:13:09	2022-11-08 05:25:20
BE22019226	11	0	집안일을 나눠서 하자고 얘기를 꺼냈다가 아내가 화를 냈다는 얘기를 누군가에게 쉽게 털어놓기가 좀 그렇더라고요. 공감화자씨는 그래도 나랑 비슷한 입장이라 용기를 내서 얘기한 건데 그러길 잘 했단 생각이 들어요. 정말 속이 많이 후련해졌고, 큰 힘이 되었어요.	N	2022-09-21 03:13:09	2022-09-21 03:13:09
BE22019226	12	1	그럼요! 언제든 이런 쪽으로 고민이나 답답한 마음이 드시면 어려워 마시고 저한테 말씀하세요. 제가 겪어 보니 이렇게라도 다른 누군가와 대화를 하고 위로를 받으면서 이겨낼 힘을 얻게 되더라고요.	N	2022-09-21 03:13:09	2022-11-08 05:25:20
BE22019226	13	0	말이라도 그렇게 해주니 정말 고맙고 참 든든하네요. 나 스스로도 모르게 누군가에게 위로받고 싶은 마음이 있었나 봐요. 마음이 참 편안해지네요, 역시 사람은 혼자만의 힘으로 살아가기엔 부족한 가 봐요.	N	2022-09-21 03:13:09	2022-09-21 03:13:09
BE22019226	14	1	대리님은 충분히 강하고 긍정적인 분이시니까 금방 잘 이겨내실 거라 믿어요. 그러고 나면 이 일도 나중엔 웃으면서 얘기할 날이 올 거라 생각합니다. 그때를 생각하면서 잘 극복해 내시길 바랄게요.	N	2022-09-21 03:13:09	2022-11-08 05:25:20
BE22019226	15	0	너무 고마워요. 나이만 많았지 공감화자씨한테 많은 걸 배우게 되는 시간이었어요. 내 얘기 들어줘서 너무 고맙고 조언대로 노력해서 꼭 극복해 볼게요.	Y	2022-09-21 03:13:09	2022-11-08 05:25:20
