id	utterance_id	utterance_type	utterance_text	terminate	regDate	updDate
BE22016953	1	0	결혼식 생각만 하면 아직도 마음속에서 분노가 일어요. 어떻게 다른 웨딩드레스를 배송해 줄 수 있죠?	N	2022-09-02 07:29:00	2022-11-08 05:12:25
BE22016953	2	1	저도 그 소식 듣고 너무 놀랐었어요. 저도 이렇게 속상한데 당사자인 박대리는 오죽했겠어요.	N	2022-09-02 07:29:00	2022-11-08 05:12:25
BE22016953	3	0	그날은 정신없어서 그냥 넘어갔는데 아무래도 웨딩 업체 담당자에게 전화 걸어서 항의를 해야겠어요. 제 소중한 날을 이렇게 망쳐버리다니. 도저히 화가 가라앉질 않아요.	N	2022-09-02 07:29:00	2022-09-02 07:29:00
BE22016953	4	1	신부에게 웨딩드레스가 얼마나 중요한 문제인데 그런 실수를 하다니 저였어도 너무 어이없고 노여웠을 것 같아요. 꼭 입고 싶었던 드레스라고 일부러 그 업체에서 예약했던 거였잖아요. 항의하려는 감정화자씨 마음 충분히 이해가 돼요.	N	2022-09-02 07:29:00	2022-09-02 07:29:00
BE22016953	5	0	웨딩업체에도 일부러 그 드레스 때문에 계약하는 거라고 몇번을 얘기했었어요. 그런데 이런 실수를 하다니 정말 말도 안 되잖아요. 심지어 제가 뭐라고 하지 않으니까 제대로 사과도 안 하더라고요.	N	2022-09-02 07:29:00	2022-11-08 05:12:25
BE22016953	6	1	그 드레스를 입고 결혼할 생각에 기대에 부풀었을 텐데, 얼마나 실망스럽고 기가 막히겠어요. 평생 한 번뿐인 날인데 어떤 말로도 위로가 안 될 것 같아서 제가 다 속상해요.	N	2022-09-02 07:29:00	2022-11-08 05:12:25
BE22016953	7	0	저 정말 눈물이 나오려는 걸 꾹 참고 결혼식을 마쳤어요. 새로운 인생을 시작하는 날인데 시작부터 꼬이는 것 같아서 한숨만 나왔었어요.	N	2022-09-02 07:29:00	2022-09-02 07:29:00
BE22016953	8	1	저였으면 울고불고 난리였을 텐데, 박대리는 그런 마음 티도 안 내고 반갑게 하객들을 맞이했잖아요. 참 어른스럽고 대단해요. 그날 이런 일이 있는 줄도 몰랐을 만큼 결혼식에서 정말 아름답고 멋졌었어요.	N	2022-09-02 07:29:00	2022-11-08 05:12:25
BE22016953	9	0	정말요? 그렇게 말씀해주시니까 마음이 좀 가라앉는 것 같아요. 모든 걸 다 망쳤다고 생각했었거든요.	N	2022-09-02 07:29:00	2022-11-08 05:12:25
BE22016953	10	1	이렇게 화가 나고 속상한 일도 잘 이겨내고 무사히 결혼식까지 마쳤잖아요. 저는 앞으로 박대리의 결혼생활이 행복할 거라는 믿음이 생기네요. 그날 많은 사람들의 진심 어린 축복 속에서 아름답게 결혼생활을 시작했으니까 그런 생각은 하지 말아요.	N	2022-09-02 07:29:00	2022-11-08 05:12:25
BE22016953	11	0	맞아요, 웨딩드레스가 그날의 전부가 아닌데 가장 중요한 걸 놓치고 있었네요. 팀장님 덕분에 결혼식이 나쁜 기억으로만 남게 되지 않을 것 같아요.	N	2022-09-02 07:29:00	2022-09-02 07:29:00
BE22016953	12	1	마음이 좀 풀린 것 같아서 정말 다행이에요. 속상하지만 이미 지나간 일이고, 또 박대리가 훌륭하게 잘 극복했잖아요. 앞으로 행복으로 가득하게 될 결혼 생활을 생각하면서 기분 풀길 바랄게요.	N	2022-09-02 07:29:00	2022-11-08 05:12:25
BE22016953	13	0	팀장님이 아니었다면 계속 부정적 감정에 사로잡혀 있었을 텐데 정말 감사해요.	N	2022-09-02 07:29:00	2022-11-08 05:12:26
BE22016953	14	1	내가 도움이 됐다니 기뻐요. 부정적인 감정들은 어서 털어 버리고 기운 차렸으면 좋겠네요.	Y	2022-09-02 07:29:00	2022-09-02 07:29:00
