id	utterance_id	utterance_type	utterance_text	terminate	regDate	updDate
BE22018484	1	0	정말 우리 팀장님 때문에 너무 분노가 치밀어요. 같이 일하기 너무 싫고 힘이 드네요. 도대체 팀장이면서 하는 일이 뭔지 모르겠어요.	N	2022-09-16 03:59:22	2022-09-16 03:59:22
BE22018484	2	1	이번에 프로젝트 엎어진 것 때문에 그러시는 거죠? 팀장님이랑 안 좋은 일이 있으셨어요? 화가 많이 나신 것 같아 걱정이 되네요.	N	2022-09-16 03:59:22	2022-11-08 05:21:43
BE22018484	3	0	원래 말과 행동에는 책임이 따르는 법이잖아요. 그런데 팀장님은 사원들 아이디어를 자기 것처럼 가져가놓고, 프로젝트가 엎어지니까 책임은 팀원들이 지라고 해요. 인정도 못 받고 책임지지도 않는 팀장님 밑에서 누가 적극적으로 참여하겠어요?	N	2022-09-16 03:59:22	2022-09-16 03:59:22
BE22018484	4	1	그런 사정이 있으셨다니 정말 울화통이 터질만 하네요. 이야기를 듣는 저도 이렇게 화가 나는데 감정화자님은 오죽 화가 나셨을지 감히 상상도 안 되네요. 마음이 무척 무겁고 걱정이 되네요.	N	2022-09-16 03:59:22	2022-11-08 05:21:43
BE22018484	5	0	정말 화가 머리끝까지 나고 치가 떨려서 아무 일도 할 수가 없어요. 그래도 팀장이라는 직책이 있으니까 어느 정도는 믿고 따랐는데 이제는 남은 정마저 탈탈 털리네요. 팀장님께서 이끌어주시리라 믿었는데 일은 제가 다 하는 것 같아요.	N	2022-09-16 03:59:22	2022-09-16 03:59:22
BE22018484	6	1	감정화자님께서 밤낮으로 노력해주신 덕분에 그래도 다른 팀원들이 힘내서 일할 수 있었던 거잖아요. 팀장님 일은 화가 많이 나셨겠지만, 그래도 감정화자님이 아니었다면 여기까지 오지도 못했을 거예요. 가장 노력하신 건 감정화자님이라는 거 모두가 잘 알고 있으니까 화 푸시고 기운 내세요.	N	2022-09-16 03:59:22	2022-11-08 05:21:43
BE22018484	7	0	솔직히 팀장님께서 처음부터 이러신 건 아니에요. 원래는 정말 성실하시고 멋진 분이었는데 무슨 일 때문인지 이렇게 변해버리셨어요. 저도 잘 할 수 있는 사람이 이러고 있으니까 화가 많이 난 거예요.	N	2022-09-16 03:59:22	2022-09-16 03:59:22
BE22018484	8	1	팀장님을 믿고 존경했던 만큼 감정화자님께서는 답답하고 안타까운 마음에 화가 많이 나셨던 거네요. 그 분께 무슨 사정이 있는지는 모르지만 감정화자님께서는 최선을 다하셨는데 안타깝네요.	N	2022-09-16 03:59:22	2022-11-08 05:21:43
BE22018484	9	0	팀장님께 화가 많이 났어요. 앞으로 일할 때 어떻게 해야 하나 고민도 되고요. 차라리 이직을 해야 할까 봐요.	N	2022-09-16 03:59:22	2022-09-16 03:59:22
BE22018484	10	1	너무 힘이 들 때는 때로는 피하는 것도 방법이지요. 감정화자님께서 너무 버티기 어려우시면 이직을 하는 것도 괜찮은 선택이라고 생각해요. 무조건 맞서 싸우고 버티기만 하면 스스로가 너무 괴롭잖아요.	N	2022-09-16 03:59:22	2022-11-08 05:21:43
BE22018484	11	0	그 말씀이 맞아요, 말과 행동에는 책임이 따른다는데 남의 책임까지 제가 지는 건 너무 힘들어요. 이렇게 스트레스 받으면서 버티고 견뎌내는 것도 제겐 좋지 않은 것 같아요. 정말 매번 화내는 것보단 그게 낫겠어요.	N	2022-09-16 03:59:22	2022-11-08 05:21:43
BE22018484	12	1	네, 피할 수 없으면 즐기라는 말도 있지만 사실 피할 수 있으면 피하는 것도 중요해요. 일하는 것 만으로도 힘든 직장 생활인데 마음까지 불편하면 정말 힘들죠. 감정화자님께서 마음이 편해지시는 쪽으로 결정하시길 바랄게요.	N	2022-09-16 03:59:22	2022-11-08 05:21:43
BE22018484	13	0	네, 이래저래 생각이 많아지네요. 그래도 제 얘기 들어주셔서 화가 많이 누그러졌어요. 덕분에 마음은 한결 가볍네요.	N	2022-09-16 03:59:22	2022-11-08 05:21:43
BE22018484	14	1	별 말씀을요, 제가 작게나마 도움이 되어 드려서 다행이죠.	Y	2022-09-16 03:59:22	2022-11-08 05:21:43
