id	utterance_id	utterance_type	utterance_text	terminate	regDate	updDate
BE22017468	1	0	정말 외부 미팅 갈 때 박 대리와 너무 가기 싫어요. 차로 같이 이동할 때면 매번 반복되는 난폭 운전에 무섭고 화가 나요.	N	2022-09-08 00:34:46	2022-09-08 00:34:46
BE22017468	2	1	무슨 일이 있었나요? 어떤 점 때문에 그러세요. 기분이 많이 안 좋으신 거 같아요.	N	2022-09-08 00:34:46	2022-11-08 05:15:33
BE22017468	3	0	영업부 박 대리는 과속을 너무 자주 하고 교통 신호도 잘 안 지켜요. 옆에서 보고 있으면 화가 나서 차에서 내리고 싶어지기까지 해요.	N	2022-09-08 00:34:46	2022-09-08 00:34:46
BE22017468	4	1	많이 놀라셨겠어요. 다른 사람을 염두에 두지도 않고 그런 매너 없는 행동은 사람을 참 기분 나쁘게 한다는 거 공감해요. 저도 주변에서 박 대리에 대한 그 얘기 많이 들었어요.	N	2022-09-08 00:34:46	2022-11-08 05:15:33
BE22017468	5	0	옆에서 아무리 말해도 듣지도 않아요. 업무상 회사 차를 사용할 땐 그래도 된다고 말도 안 되는 소리만 해요. 이런 자신을 합리화하는 소리를 들으면 다신 운전을 못 하게 면허증을 뺏어 버리고 싶어요.	N	2022-09-08 00:34:46	2022-09-08 00:34:46
BE22017468	6	1	정말 감정화자님이 몹시 불편하고 화날 만하네요. 저는 듣기만 해도 그런 사고를 가진 사람이 이해가 안 되네요. 그래도 같은 회사 사람이니 그 사람이 뭔가 변화할 수 있게 대책을 세워야 하겠네요.	N	2022-09-08 00:34:46	2022-11-08 05:15:33
BE22017468	7	0	이러다가 큰 사고라도 나야 정신을 차릴 것 같아요. 정신을 차리게 할 방법이 없을까요.	N	2022-09-08 00:34:46	2022-09-08 00:34:46
BE22017468	8	1	감정화자님처럼 화도 나고 걱정하는 사람들이 영업부에 이야기한다고 들었어요. 걱정되는 마음에 더 화가 난 마음일 거예요. 잘 해결될 거라 믿고 기다리시면 분명 좋은 해결책이 나올 테니 마음 푸세요.	N	2022-09-08 00:34:46	2022-11-08 05:15:33
BE22017468	9	0	네. 부서 내에서 잘 해결하도록 좀 기다려볼게요. 정말 잘못 한 건 알아야 사고도 막고 안전할 거 같아요. 그래야 박 대리도 잘못된 걸 알겠죠.	N	2022-09-08 00:34:46	2022-11-08 05:15:33
BE22017468	10	1	그럼요. 회사 직원을 위해서라도 영업부에서 단호하게 경고하고 관리할 거예요. 잘못된 걸 참고 넘기는 것보다는 이렇게 표현해줘야 문제도 해결되는 걸 알아야 할 텐데요. 혹시나 그냥 넘어갈까 하는 불안함은 지우시고 잘 해결될 거니 걱정은 그만하시고 안심하세요.	N	2022-09-08 00:34:46	2022-11-08 05:15:33
BE22017468	11	0	네. 너무 다행이에요. 저만 그렇게 생각하고 고민한 건 아닌가 봐요. 모두 같은 생각으로 박 대리가 고쳐 나가도록 옆에서 말해주고 조처해야 좋은 방향으로 나아가는 거겠죠. 이제 저도 걱정거리도 사라지니 일에 집중이 되네요.	N	2022-09-08 00:34:46	2022-11-08 05:15:33
BE22017468	12	1	남의 일이라고 생각하지 않고 다들 관심을 갖고 이야기한 덕분 아니겠어요. 박 대리도 자신이 잘못한 걸 알고 개선하는 게 모두를 위해서도 좋은 일이고요.	N	2022-09-08 00:34:46	2022-11-08 05:15:33
BE22017468	13	0	이번 일이 계기가 되어 다른 사람들도 안전하게 운전해서 사고 걱정 안 하고 다니면 좋겠어요.	N	2022-09-08 00:34:46	2022-11-08 05:15:33
BE22017468	14	1	그렇게 될 거예요. 감정화자님처럼 걱정하는 마음이 잘못된 것들을 하나씩 좋은 방향으로 바꾸어 나가는 원동력이 되니까요.	N	2022-09-08 00:34:46	2022-11-08 05:15:33
BE22017468	15	0	너무 마음이 편해졌어요. 제 화난 마음도 다 풀렸어요. 너무 감사합니다.	Y	2022-09-08 00:34:46	2022-11-08 05:15:33
