id	utterance_id	utterance_type	utterance_text	terminate	regDate	updDate
BE22014390	1	0	저번에 제가 자랑했던 전기차 기억하시나요? 정말 그걸 사기 위해서 엄청나게 많은 돈을 모았는데, 아직도 받지 못했어요. 진짜 소비자를 이렇게 홀대하다니 너무 기분이 나빠서 화가 머리끝까지 날 것 같아요.	N	2022-08-17 01:45:21	2022-11-08 04:56:34
BE22014390	2	1	제가 그 이야기를 들은 지 6개월이 지난 것 같은데, 아직 차가 나오지 않았다니요? 화가 나실 만도 하네요. 저라도 화가 날 거 같네요.	N	2022-08-17 01:45:21	2022-11-08 04:56:34
BE22014390	3	0	저도 모르겠어요 그냥 아직도 대기 중이라고 뜨네요. 매일 아침 눈 뜨면 이것부터 확인하는데, 몇 달째 바뀌지 않아요. 매일 대기 중이라고 뜨는 저 화면을 볼 때마다 분노가 차오르네요.	N	2022-08-17 01:45:21	2022-11-08 04:56:34
BE22014390	4	1	엄청나게 기대하는 눈치였는데, 제가 다 따지고 싶은 일이에요. 스트레스를 많이 받으시겠어요. 다만 너무 신경 쓰시다 보면 마음이 무거울 테니 진정하시고 긍정적으로 생각해보시는 게 어떠실까요.	N	2022-08-17 01:45:21	2022-11-08 04:56:34
BE22014390	5	0	정말 화가 나서 다 취소해버리고 싶은 마음이에요. 저는 믿고 계약을 한 거였는데 이렇게 뒤통수를 칠 줄은 몰랐어요.	N	2022-08-17 01:45:21	2022-11-08 04:56:34
BE22014390	6	1	아마 문제가 있었을 거예요. 제 친구도 계약을 엄청 오래전에 했는데 최근에 받았다고 하더라고요! 조만간 좋은 소식이 분명히 있을 거예요.	N	2022-08-17 01:45:21	2022-11-08 04:56:34
BE22014390	7	0	와, 정말요? 너무 부럽고 잘된 소식이네요. 저도 하루빨리 제 차를 받고 싶어요. 분명 계약할 때는 얼마 안 걸린다고 했거든요.	N	2022-08-17 01:45:21	2022-11-08 04:56:34
BE22014390	8	1	그런 말까지 들으셨는데 이렇게 늦어지면 누구라도 화가 나죠. 저도 왜 이렇게 화가 나셨는지 이해가 가요.	N	2022-08-17 01:45:21	2022-11-08 04:56:34
BE22014390	9	0	그렇죠? 제가 정말 무리한 걸 요구하는 게 아니에요. 정말 당장 인터넷에 글이라도 써서 망신을 줘야 하나 고민이 되네요.	N	2022-08-17 01:45:21	2022-08-17 01:45:21
BE22014390	10	1	엄청 화가 많이 나신 게 느껴지네요. 저도 약속보다 늦게 물건을 받았을 때 화가 머리끝까지 나서 잠도 못 잤었어요. 지금 얼마나 큰 분노를 삭이고 계실지 이해가 가요.	N	2022-08-17 01:45:21	2022-11-08 04:56:34
BE22014390	11	0	정말요? 그래서 결국엔 어떻게 하셨어요? 이 분노를 어떻게든 발산해서 해소 고 싶어요. 이렇게 가다간 화병이 나서 쓰러질 것 같아요.	N	2022-08-17 01:45:21	2022-11-08 04:56:34
BE22014390	12	1	물건을 주실 때 진심 어린 사과를 하시더라고요. 분명 이렇게 늦어지는 것에 대해서 정중하게 사과할 거예요. 그들도 최선을 다하고 있을 테니 믿고 기다려 주시는 건 어때요?	N	2022-08-17 01:45:21	2022-11-08 04:56:34
BE22014390	13	0	그런 말을 들으니 제가 너무 흥분한 것 같네요. 맞아요, 그분들도 열심히 일하고 계시겠죠. 그리고 친구분도 최근에 받으셨다니 저도 믿고 조금 더 기다려 봐야겠어요.	N	2022-08-17 01:45:21	2022-11-08 04:56:34
BE22014390	14	1	정말 좋은 생각이세요! 화를 내 봤자 우리만 힘들잖아요. 머지않아서 원하는 전기차를 받을 게 분명 하니까 우리 그날을 상상하며 조금 참아봐요.	N	2022-08-17 01:45:21	2022-11-08 04:56:34
BE22014390	15	0	그 말도 맞네요. 정말 감사해요. 덕분에 조금 진정이 되고 평정심을 찾을 수 있었어요. 감사해요!	Y	2022-08-17 01:45:21	2022-08-17 01:45:21
