id	utterance_id	utterance_type	utterance_text	terminate	regDate	updDate
BE22017154	1	0	전날 매운 음식을 먹었더니 속이 종일 안 좋네요. 매운 음식을 좋아하지만 못 먹는 건 생각할 때마다 화가 치솟아요. 원하는 대로 마음껏 먹고 싶은데 오늘처럼 고생할까 봐 자중하는 것도 너무 힘들어요.	N	2022-09-06 01:47:31	2022-09-06 01:47:31
BE22017154	2	1	스트레스가 심할 때 맛있는 음식을 먹고 풀고 싶어도 그럴 수 없을 때 정말 속상하죠. 체질은 원하는 대로 타고나는 게 아닌 만큼 더 답답하실 때가 많을 듯해요. 오늘 속은 괜찮으신 거예요?	N	2022-09-06 01:47:31	2022-11-08 05:13:37
BE22017154	3	0	아뇨, 속이 안 좋아서 종일 울상이에요. 배가 아프니까 머리도 아프고 덩달아 기분도 너무 안 좋아졌어요. 스트레스 좀 풀겠다고 먹은 건데 도리어 몇 배로 쌓이고 있어서 너무 짜증 나고 불쾌해요.	N	2022-09-06 01:47:31	2022-11-08 05:13:37
BE22017154	4	1	한껏 쌓인 괴로움을 모처럼 털어 내려고 먹었는데 역으로 괴로워질 때만큼 힘들 때가 또 없죠. 게다가 배가 아프면 다른 일에 집중하는 것도 힘들고 어려워지잖아요. 고생하시는 게 저한테도 느껴지는데 오죽하실까 싶어요.	N	2022-09-06 01:47:31	2022-11-08 05:13:37
BE22017154	5	0	이렇게 아플 걸 알면서도 매운 음식을 너무 좋아하는 저 자신에게 화가 날 때도 있어요. 스트레스를 풀려고 이것저것 도전해봤지만, 저한테는 매운 음식이 제일이었거든요. 먹고 싶어도 마음대로 먹을 수 없는 것 자체로 한이 쌓여서 화가 머리끝까지 차올라요.	N	2022-09-06 01:47:31	2022-11-08 05:13:37
BE22017154	6	1	정말 좋아하는 음식을 원하지 않게 먹지 못하게 되면 정말 억울하잖아요. 그런 와중에 몸이 아파서 괴로워하시는 모습을 보니 제 마음도 덩달아 안 좋네요.	N	2022-09-06 01:47:31	2022-11-08 05:13:37
BE22017154	7	0	사실 매운 음식을 먹었던 것도 전날 업무 때문에 스트레스가 너무 많이 쌓여서 그랬던 거였어요. 스트레스가 쌓일 일이 없으면 먹지도 않았을 거라는 생각이 들면서 더 화가 나던 것 있죠. 몸은 몸대로 아프고, 스트레스는 스트레스대로 쌓이니까 너무 속상하고 분해요.	N	2022-09-06 01:47:31	2022-09-06 01:47:31
BE22017154	8	1	그래도 지금처럼 몸이 안 좋을 때 속상한 생각을 하면 몇 배는 더 힘들어지기 마련이잖아요. 이제는 마음을 차분하게 가라앉히시는 건 어떨까 싶어요. 매운 음식을 못 먹는 건 아쉽지만 몸이 건강해지면 스트레스도 줄어들면서 마음이 편안해질 거예요.	N	2022-09-06 01:47:31	2022-11-08 05:13:37
BE22017154	9	0	좋아하는 걸 못 먹는다고 생각하면 속상하지만, 오랫동안 건강하게 지내려면 말씀해 주신 대로 식습관을 바꿔야겠죠. 솔직히 지금도 너무 화나고 답답한데, 몸이 아픈 것보다는 나을 것 같아요.	N	2022-09-06 01:47:31	2022-11-08 05:13:37
BE22017154	10	1	처음부터 완전히 줄이는 건 어렵지만 천천히 시도해 보면 괜찮아질 거예요. 그러다 보면 몸이 상해서 마음이 괴로워질 일도 줄어들 거라고 생각해요. 고민이 생겨서 스트레스를 받게 되면 저와 이야기하면서 풀 수도 있을 테고요.	N	2022-09-06 01:47:31	2022-11-08 05:13:37
BE22017154	11	0	그렇게 말씀해 주시니까 시도해 볼 만한 용기가 생기는 것 같아요. 매운 음식을 좋아해도 못 먹는 건 슬프지만 몸이 건강한 게 우선이니까. 너무 괴로워서 연락드린 거였는데 덕분에 마음이 한결 편안해지고 있어요.	N	2022-09-06 01:47:31	2022-11-08 05:13:37
BE22017154	12	1	제가 조금이라도 도움이 될 수 있다니 다행이에요. 저도 늘 많은 도움을 받고 있으니 뭐든 도울게요. 앞으로도 어떤 이야기든지 저에게 편하게 말씀하세요.	N	2022-09-06 01:47:31	2022-11-08 05:13:37
BE22017154	13	0	이렇게 신경 써 줘서 고마워요. 속상한 마음을 다른 사람에게 털어놓으니 마음도 몸도 훨씬 가벼워진 것 같아요. 저는 봐야 하는 일이 생겨서 이만 가 볼게요.	N	2022-09-06 01:47:31	2022-11-08 05:13:37
BE22017154	14	1	네, 남은 하루도 편안하게 보내세요. 나중에 또 연락해주시고요.	Y	2022-09-06 01:47:31	2022-11-08 05:13:37
