id	utterance_id	utterance_type	utterance_text	terminate	regDate	updDate
BE22015649	1	0	공감화자님, 요즘 과장님 때문에 매일 화가 나서 힘드네요. 회사 생활이 너무 지치고, 재미도 없어졌어요.	N	2022-08-25 05:37:16	2022-11-08 05:04:22
BE22015649	2	1	언제나 즐겁게 회사 생활하시는 감정화자님께서 그런 말씀을 하시니 무슨 일인지 걱정이 되네요. 좋지 않은 일이 있으셨나요?	N	2022-08-25 05:37:16	2022-11-08 05:04:22
BE22015649	3	0	과장님께서 자꾸 다른 사람과 저를 비교하세요. 제 앞에서 꼭 그는 늘 성실해서 업무를 놓친 적이 없이 완벽하게 일을 처리한다고 칭찬하세요. 그러면서 제 실수를 꼬집어 말씀하시는 태도에 너무 화가 나는 거 있죠.	N	2022-08-25 05:37:16	2022-11-08 05:04:22
BE22015649	4	1	누군가와 비교당하는 것만큼 불쾌하고 화나는 일이 없어요. 제가 그런 상황에 있었더라도 화가 많이 났을 것 같아요. 그래도 감정화자님, 화를 너무 내는 건 좋지 않으니, 진정하세요.	N	2022-08-25 05:37:16	2022-11-08 05:04:22
BE22015649	5	0	살면서 한 번도 제가 못났다고 생각해 본 적이 없어요. 그런데 과장님과 이번 프로젝트 함께하면서, 내가 많이 부족한 사람이라 생각하게 되더라고요. 왜 그런 생각을 하며 자책해야 하나 싶은 마음이 드니 분하고, 속상해서 화가 많이 났어요.	N	2022-08-25 05:37:16	2022-11-08 05:04:22
BE22015649	6	1	뚜렷한 이유 없이 비교당하는 상황 때문에 그런 생각이 든 거라면, 분노의 마음이 생길 수 있죠. 그런데 한편으로 과장님께서 그렇게 하시는 의도를 잘 생각해보는 것도 감정화자님께 도움이 될 것 같아요. 이유 없이 비교당한다고 여겨 생긴 억울함이 풀어질 수도 있을 것 같거든요.	N	2022-08-25 05:37:16	2022-11-08 05:04:22
BE22015649	7	0	제가 싫어서 그러시는 게 아닐까 싶어요. 그래서 더 화가 나거든요. 사람은 누구나 편애하는 마음이 있잖아요.	N	2022-08-25 05:37:16	2022-08-25 05:37:16
BE22015649	8	1	편애하는 마음으로 그럴 수도 있지만, 과장님의 의도를 깊게 생각해 보는 것도 중요한 것 같아요. 때로는 감정에 치우쳐 중요한 사실을 놓치게 되는 경우도 있잖아요. 화나는 감정을 조금만 내려두고, 이성적으로 생각해 보는 게 좋을 것 같아요.	N	2022-08-25 05:37:16	2022-11-08 05:04:23
BE22015649	9	0	단 한 번도 이 상황을 이성적으로 바라보려 생각해보지 않은 건 사실이에요. 과장님 얼굴만 봐도 화가 나고, 회사에 나오기 싫어져요. 어떻게 하면 프로젝트를 빨리 끝내고 과장님 얼굴을 보지 않을까만 생각했거든요.	N	2022-08-25 05:37:16	2022-11-08 05:04:23
BE22015649	10	1	감정화자님께서 회사 나오기 싫으실 정도로 상처받으셨으니, 얼마나 많이 힘드실까요. 그래도 성실하다 칭찬받는 그 직원을 보면서, 감정화자님께서 배울 수 있는 부분이 있는지 생각해 보시면 좋겠어요. 감정적으로 쉽지 않은 과정이겠지만, 감정화자님이 편한 마음으로 생활할 기회가 되지 않을까 해요.	N	2022-08-25 05:37:16	2022-11-08 05:04:23
BE22015649	11	0	공감화자님의 말씀을 곰곰이 생각해보니 제가 너무 감정적으로 화를 내고 있었다는 생각이 드네요. 분명 이유가 있었을 텐데, 과장님의 태도에만 집중하며, 분노했어요. 이성적으로 생각하기 시작하니 화가 난 감정이 가라앉네요.	N	2022-08-25 05:37:16	2022-11-08 05:04:23
BE22015649	12	1	정말 다행이에요. 행위 자체에 화가 날 수는 있지만, 그것 때문에 회사 생활이 싫어진다는 감정화자님의 마음이 걱정되었거든요. 이번 일을 계기로 더 성장할 기회를 만드셨으면 좋겠어요.	N	2022-08-25 05:37:16	2022-11-08 05:04:23
BE22015649	13	0	어디에나 기회는 숨어있다고 생각했는데, 분노에 그 중요한 부분이 가려졌었네요. 성실하고, 완벽에 가까운 일 처리를 하시는 그 직원의 장점이 무엇인지 잘 생각해 봐야겠어요. 이제야 분노로 가득하던 마음이 홀가분해지는 기분입니다.	N	2022-08-25 05:37:16	2022-11-08 05:04:23
BE22015649	14	1	홀가분하다는 말씀을 들으니 제 마음도 좋네요. 전 감정화자님과 일하는 게 정말 즐겁거든요. 오래 함께 일하며 성장하고 싶어요.	N	2022-08-25 05:37:16	2022-11-08 05:04:23
BE22015649	15	0	공감화자님께서 좋은 말씀으로 화가 가득했던 제 마음을 잠재워주셨어요. 따뜻한 말씀 나눠주셔 정말 감사해요. 저도 공감화자님과 즐겁게 오래 일하고 싶어요.	Y	2022-08-25 05:37:16	2022-08-25 05:37:16
