id	utterance_id	utterance_type	utterance_text	terminate	regDate	updDate
BE22002267	1	0	대리님. 저 어제 진짜 너무 화나고 황당한 일 있었어요.	N	2022-06-20 16:29:58	2022-11-08 03:39:06
BE22002267	2	1	응? 무슨일 있었어요? 뭐 사러 간다고 하지 않았었나?	N	2022-06-20 16:29:58	2022-11-08 03:39:06
BE22002267	3	0	네. 요즘 동네에서 입소문 탄 유명한 빵집 앞에서 한 시간 기다려서 빵을 샀거든요. 근데 한 시간이나 기다린 게 무색할 만큼 너무 맛이 없었어요. 화가 날 정도였어요.	N	2022-06-20 16:29:58	2022-11-08 03:39:06
BE22002267	4	1	그 정도라고? 감정화자씨 원래 입맛 후한 편이잖아. 웬만하면 다 맛있다고 하는 자기 입맛에 맛 없다는 건 좀 심각하네. 오래 기다려서 사서 잔뜩 기대했는데 많이 실망하고 화났겠어.	N	2022-06-20 16:29:58	2022-11-08 03:39:06
BE22002267	5	0	네. 진짜. 얼마나 맛있는지 잔뜩 기대하면서 긴 시간 기다려서 샀는데 진짜 혀가 썩을 정도로 맛이 없었어요. 이게 말이 돼요? 먹을 거 가지고 장난하는 것도 아니고. 아직도 생각하면 머리끝까지 열이 뻗친다니깐요.	N	2022-06-20 16:29:58	2022-11-08 03:39:06
BE22002267	6	1	맛이 얼마나 형편없었으면 이렇게까지 화가 났을까? 내가 다 속상하네. 근데 나 같아도 나는 먹을 거에 완전 진심이라 그 정도로 맛이 없으면 솔직히 화가 날 거 같긴 해.	N	2022-06-20 16:29:58	2022-11-08 03:39:06
BE22002267	7	0	그렇죠. 대리님은 제 마음 이해하실 줄 알았어요. 입맛이 후한 만큼 저처럼 먹을 거에 진심인 사람은 없잖아요. 근데 진짜 농락당한 기분이라 아직까지도 기분이 별로예요.	N	2022-06-20 16:29:58	2022-11-08 03:39:06
BE22002267	8	1	왜 아니겠어. 감정화자씨가 메신저로 이렇게 열내는 거 오랜만에 보네.	N	2022-06-20 16:29:58	2022-11-08 03:39:06
BE22002267	9	0	휴. 그래도 한바탕 대리님한테 하소연하니까 기분이 좀 풀리는 거 같긴 해요.	N	2022-06-20 16:29:58	2022-11-08 03:39:06
BE22002267	10	1	그래. 원래 그렇게 화났을 때는 누군가한테 쏟아내야 좀 풀리더라. 잘했어. 얘기 들어주는 건 어려운 거 아니니까 언제든 화나거나 속상한 일 있으면 말해.	N	2022-06-20 16:29:58	2022-11-08 03:39:06
BE22002267	11	0	제가 이래서 대리님을 좋아한다니깐요. 대리님한테 화나거나 속상한 일 털어놓으면 진짜 귀신같이 기분이 좀 풀려요. 무슨 초능력 있는 거 아니에요?	N	2022-06-20 16:29:58	2022-11-08 03:39:06
BE22002267	12	1	감정화자씨도 참. 그냥 남의 얘기에 잘 기울여주는거지. 아무튼 맛없는 빵 먹느라 고생했네. 내가 조만간 빵 맛집 찾아내서 빵 잔뜩 사올게. 기분 풀어.	N	2022-06-20 16:29:58	2022-11-08 03:39:06
BE22002267	13	0	네. 지금은 기분 다 풀렸어요. 대리님이 사다주실 맛있는 빵 생각하니까 이제 화 안 나요.	N	2022-06-20 16:29:58	2022-11-08 03:39:06
BE22002267	14	1	감정화자씨는 참 화도 금방 풀리고, 밝고 긍정적이라서 좋아. 그럼 오늘 하루 열심히 일해보자고!	N	2022-06-20 16:29:58	2022-11-08 03:39:06
BE22002267	15	0	네. 좋아요! 이따 점심시간에 봬요.	Y	2022-06-20 16:29:58	2022-11-08 03:39:06
