id	utterance_id	utterance_type	utterance_text	terminate	regDate	updDate
BE22003110	1	0	이 회사 정말 더는 못 다니겠어!	N	2022-06-23 16:38:50	2022-11-08 03:44:29
BE22003110	2	1	왜? 회사에 무슨 일 있어? 사장이 힘들게 해?	N	2022-06-23 16:38:50	2022-11-08 03:44:29
BE22003110	3	0	우리 팀 팀장이 또 갑작스럽게 야근시켜. 레포트를 5개나 제출하고 가래.	N	2022-06-23 16:38:50	2022-11-08 03:44:29
BE22003110	4	1	뭐? 너 오늘 감기 걸려서 집에 일찍 가서 쉬겠다고 했잖아. 몸도 안 좋은 날 하필 야근이라니.	N	2022-06-23 16:38:50	2022-11-08 03:44:29
BE22003110	5	0	너무 화 나. 다른 팀원들은 다 이미 퇴근한 상태라 이 많은 양을 나 혼자서 해야 하게 생겼어.	N	2022-06-23 16:38:50	2022-11-08 03:44:29
BE22003110	6	1	감기 때문에 몸도 안 좋은데 그걸 혼자 다 해야 한다니 정말 당황스럽겠다. 갑작스럽게 생긴 야근이라 더 화날 것 같아. 저번에도 그러셨다 했잖아.	N	2022-06-23 16:38:50	2022-11-08 03:44:29
BE22003110	7	0	게다가 내가 원래 맡아서 하던 부분이 아니라서 더 답답하네. 집에서 할 일도 있었는데 못 하게 됐어.	N	2022-06-23 16:38:50	2022-11-08 03:44:29
BE22003110	8	1	처음 맡는 부분이면 시간이 훨씬 많이 걸릴 텐데 정말 스트레스받겠다. 내가 야근하는 것도 아닌데 덩달아 속상하네.	N	2022-06-23 16:38:50	2022-11-08 03:44:29
BE22003110	9	0	그러니까 말이야. 오늘 집에 갈 수는 있을까 싶어.	N	2022-06-23 16:38:50	2022-11-08 03:44:29
BE22003110	10	1	저번에도 이런 적 있었는데 너는 두어 시간만에 뚝딱 끝내고 집에 갔잖아. 분명 생각보다 금방 끝낼 수 있을 거야. 너무 걱정하지 마.	N	2022-06-23 16:38:50	2022-11-08 03:44:29
BE22003110	11	0	네 말이 맞아. 일단 해봐야 아는 거겠지?	N	2022-06-23 16:38:50	2022-11-08 03:44:29
BE22003110	12	1	당연하지. 너는 워낙에 일 처리가 빠르고 집중력이 좋으니까 생각보다 엄청 빨리 끝날 수도 있어. 안 해본 업무라도 넌 잘 할 수 있을 거야.	N	2022-06-23 16:38:50	2022-11-08 03:44:29
BE22003110	13	0	그렇게 위로해줘서 고마워. 덕분에 힘이 조금 나는 것 같아.	N	2022-06-23 16:38:50	2022-11-08 03:44:29
BE22003110	14	1	내 위로가 너에게 도움이 되었다니 기뻐. 너무 늦지 않게 귀가했으면 좋겠다.	N	2022-06-23 16:38:50	2022-11-08 03:44:29
BE22003110	15	0	마지막으로 힘을 내서 최선을 다해볼게.	Y	2022-06-23 16:38:50	2022-11-08 03:44:29
