id	utterance_id	utterance_type	utterance_text	terminate	regDate	updDate
BE22018976	1	0	내일 출근을 못 할 것 같아서 미리 연락드려요. 너무 화가 나고 엄청난 일을 겪어서 제가 정신을 차릴 수가 없거든요. 남자 친구가 모든 걸 속이며 저를 만났다는 사실을 알아서 너무 화가 나요.	N	2022-09-19 15:02:09	2022-11-08 05:24:34
BE22018976	2	1	무슨 일이신지 걱정이 되네요. 큰일이 아니었으면 좋겠는데 출근까지 못 하실 정도면 걱정이 많이 돼요. 많이 안 좋으신 상황인가요?	N	2022-09-19 15:02:09	2022-11-08 05:24:34
BE22018976	3	0	남자 친구와 지금 결혼 얘기가 오가고 있거든요. 결혼 준비하려고 서로 얘기하다 보니 빚이 많다고 어렵게 얘기를 꺼내더라고요. 어쩌다가 이렇게 빚이 많냐고 물어봤더니 형이 대출받아달라고 해서 해줬다고 하네요.	N	2022-09-19 15:02:09	2022-11-08 05:24:34
BE22018976	4	1	그런 소식을 결혼 준비 중에 알게 되셨다면 화가 많이 나실 만하죠. 갑자기 얼마나 청천벽력 같은 일이겠어요. 저 같아도 참기 힘들었을 거예요.	N	2022-09-19 15:02:09	2022-11-08 05:24:34
BE22018976	5	0	형이 지금 형편이 되지 않아 자기가 상환 중이라고 말하는데 하늘이 무너지는 기분이었어요. 문제는 형이 타고 다니는 차도 자기 앞으로 산 거라고 하는데 너무 화가 나더라고요. 저랑 사귀기 전에 있던 일인데 이 모든 걸 속이며 저를 그냥 만났다는 게 가장 화나요.	N	2022-09-19 15:02:09	2022-11-08 05:24:34
BE22018976	6	1	저는 얘기만 들어도 너무 답답하고 화가 나는데 감정화자님은 마음이 어떠실지 가늠이 되지 않네요. 결혼까지 생각하시는데 상황이 막막하실 것 같아요. 해결할 방법이 있었으면 좋겠다는 생각이 드네요.	N	2022-09-19 15:02:09	2022-11-08 05:24:34
BE22018976	7	0	그럼 결혼을 미루자고 했더니 남자 친구가 그건 안 된다고 하는데 할 말이 없었어요. 지금 모아둔 것도 없이 계속 형의 빚만 갚아주는 상황이잖아요. 그런 상황에서 어떻게 결혼 얘길 할 수 있는지 저는 이해도 안 되고 화만 납니다.	N	2022-09-19 15:02:09	2022-11-08 05:24:34
BE22018976	8	1	결혼해서도 고스란히 빚을 떠안아야 하는 상황이라면 충분히 고민이 되죠. 일평생을 같이 할 사람과의 일인데 어떻게 그냥 넘기고 결혼을 할 수 있겠어요. 게다가 처음부터 속이고 만났다는 건 신뢰의 문제잖아요.	N	2022-09-19 15:02:09	2022-11-08 05:24:34
BE22018976	9	0	처음에 말을 못 하는 상황이었다면 어느 정도 만났을 때라도 말했으면 그 후라도 해결했을 거예요. 하지만 지금 양가 부모님께 결혼하겠다고 말씀드린 상황에서 이제야 말했다는 게 너무 화가 나요. 게다가 믿음과 신뢰가 무너진 이상 저는 이대로 결혼을 진행할 수는 없어요.	N	2022-09-19 15:02:09	2022-11-08 05:24:34
BE22018976	10	1	상황을 생각해보니 감정화자님이 지금 너무 힘드시겠다는 생각만 들어서 저도 마음이 아프네요. 하지만 일단 이 상황을 해결할 수 있는 사람은 감정화자님밖에 없을 것 같아요. 지금은 결혼 준비보다는 남자 친구와 서로 신뢰를 회복하고 마음을 안정할 시간이 필요해 보여요.	N	2022-09-19 15:02:09	2022-11-08 05:24:34
BE22018976	11	0	맞아요. 저도 남자 친구랑 헤어지고 싶지는 않아요. 그래서 공감화자님 말처럼 신뢰를 회복하고 서로 다시 한번 마음을 합칠 수 있는 시간이 필요한 것 같아요. 그냥 헤어져야 하나 고민했었는데 공감화자님도 그렇게 말해주시니 마음이 좀 편안해지네요.	N	2022-09-19 15:02:09	2022-11-08 05:24:34
BE22018976	12	1	오랜 세월 함께하셨는데 어떻게 바로 헤어질 수 있겠어요. 헤어지는 게 쉬웠으면 감정화자님이 그렇게 화가 나지도 않았겠죠. 어떻게든 이 상황을 해결하고 결혼도 하고 싶으신 것 같아서 말씀드렸어요.	N	2022-09-19 15:02:09	2022-11-08 05:24:34
BE22018976	13	0	네. 일단 저에게 모든 걸 속이고 만났다는 거에 화가 나서 자세한 얘긴 못 물어봤어요. 저녁에 다시 만나서 이야기를 들어보고 상의해야 할 것 같아요. 해결 방법을 꼭 찾아내고 싶네요.	N	2022-09-19 15:02:09	2022-11-08 05:24:34
BE22018976	14	1	꼭 해결하실 수 있으실 거예요. 저도 혹시 도움이 될 만한 게 있을지 방법을 찾아 볼게요. 조금이라도 도움이 되었으면 좋겠네요.	N	2022-09-19 15:02:09	2022-11-08 05:24:34
BE22018976	15	0	마음 써주셔서 너무 감사합니다. 잘 해결되면 제가 밥이라도 한 끼 대접할게요. 출근해서 뵈어요.	Y	2022-09-19 15:02:09	2022-11-08 05:24:34
