id	utterance_id	utterance_type	utterance_text	terminate	regDate	updDate
BE22000085	1	0	김 대리님, 정말 내 자신에게 화가 나는 일이 생겼어요.	N	2022-06-02 08:13:44	2022-11-08 03:24:46
BE22000085	2	1	오늘 서촌에 외근가신 간다더니 안 좋은 일이라도 생겼어요?	N	2022-06-02 08:13:44	2022-11-08 03:24:46
BE22000085	3	0	아침에 핸드폰 배터리를 가득 충전해 니왔는데 지금 배터리가 20퍼센트밖에 안 남았어요.	N	2022-06-02 08:13:44	2022-11-08 03:24:46
BE22000085	4	1	오늘 사진도 찍고 할 일이 많을 텐데 어째요? 회사에 메신저로 계속 보고도 해야 할 텐요.	N	2022-06-02 08:13:44	2022-11-08 03:24:46
BE22000085	5	0	그러게요. 팀장님이 급하게 자료도 보내달라고 하셨는데 칠칠치 못한 제게 화가 나요.	N	2022-06-02 08:13:44	2022-11-08 03:24:46
BE22000085	6	1	걱정하지 말고 주변에 핸드폰 충전해 주는 곳이 있나 한번 찾아봐요.	N	2022-06-02 08:13:44	2022-11-08 03:24:46
BE22000085	7	0	찾아봤지요. 근처의 박물관이 휴관일이라 카페도 거의 다 문을 닫았더라고요.	N	2022-06-02 08:13:44	2022-11-08 03:24:46
BE22000085	8	1	가는 날이 장날이라더니 딱 그 격이군요.	N	2022-06-02 08:13:44	2022-11-08 03:24:46
BE22000085	9	0	좀 전에 문 연 카페를 찾아 들어갔더니 충전기가 없다는 거예요. 커피값만 날렸어요.	N	2022-06-02 08:13:44	2022-11-08 03:24:46
BE22000085	10	1	애 타던 참에 커피 마시며 한숨 돌렸다고 생각해야지 어쩌겠어요.	N	2022-06-02 08:13:44	2022-11-08 03:24:46
BE22000085	11	0	보조 배터리 안 챙겨간 제 탓이지요. 사무실 서랍에 보조 배터리가 많은 데 또 사자니 아까웠거든요.	N	2022-06-02 08:13:44	2022-11-08 03:24:46
BE22000085	12	1	나 같아도 속상하고 화날 것 같아요. 돈은 좀 아깝지만, 그냥 편의점에서 보조배터리를 구입하는 건 어때요?	N	2022-06-02 08:13:44	2022-11-08 03:24:46
BE22000085	13	0	다시 외근을 나오는 것보다 그렇게 하는 게 합리적일 것 같기도 해요.	N	2022-06-02 08:13:44	2022-11-08 03:24:46
BE22000085	14	1	보조배터리는 계속 쓰는 거잖아요. 하나 더 있어도 괜찮을 거예요.	N	2022-06-02 08:13:44	2022-11-08 03:24:46
BE22000085	15	0	온 김에 보고서 다 쓰고 가려면 그 방법뿐이네요. 김 대리님과 메신저 하면서 배터리가 팍팍 줄어서 당장 사러 가야겠어요.	N	2022-06-02 08:13:44	2022-11-08 03:24:46
BE22000085	16	1	외근 잘 마치고 돌아와서 봐요.	Y	2022-06-02 08:13:44	2022-11-08 03:24:46
