id	utterance_id	utterance_type	utterance_text	terminate	regDate	updDate
BE22018250	1	0	오늘 점심시간에 되게 화나는 일이 있었어요. 식당에서 어떤 손님이 주문받으시는 분한테 화를 내더라고요.	N	2022-09-14 16:33:58	2022-11-08 05:20:24
BE22018250	2	1	아, 무례한 사람을 봐서 기분이 좋지 않으셨나 보네요. 저도 약자에게 강한 사람을 보면 기분이 정말 나쁘더라고요.	N	2022-09-14 16:33:58	2022-11-08 05:20:24
BE22018250	3	0	맞아요. 주문받으시는 분이 거의 저희 어머니뻘이었거든요. 젊은 사람이 예의도 없이 그러는 걸 보니까 제가 분노가 차올라서 그만하라고 소리쳤어요.	N	2022-09-14 16:33:58	2022-11-08 05:20:24
BE22018250	4	1	그런 상황에서 나서기 쉽지 않았을 텐데 정말 용기 있고 정의로우셨네요. 저라면 보고도 나서지 못해서 마음만 답답했을 거예요. 그래서 그분이 사과하셨어요?	N	2022-09-14 16:33:58	2022-11-08 05:20:24
BE22018250	5	0	사과는 무슨, 저한테 와서 또 화풀이하길래 싸움이 날 뻔했어요. 그리고 그쪽 일행들이 말려서 데려갔고요. 진짜 그런 몰상식한 사람 생각만 하면 아직도 화가 나서 손이 부들부들 떨려요.	N	2022-09-14 16:33:58	2022-11-08 05:20:24
BE22018250	6	1	감정화자님이 속도 많이 상하시고 화가 많이 나셨을 것 같아요. 그래도 해야 할 말을 하신 거니 너무 화내지 마시고 그냥 속 시원하게 털어버리시는 게 어떨까요? 그 순간 종업원뿐만 아니라 많은 분이 감정화자님께 고마워하셨을 거예요.	N	2022-09-14 16:33:58	2022-11-08 05:20:24
BE22018250	7	0	그럴까요? 회사에서도 꼭 자기보다 힘없는 직원들에게 큰 소리를 내는 사람이 있잖아요. 제가 워낙 그런 사람을 싫어하다 보니 더 화가 났던 것 같아요.	N	2022-09-14 16:33:58	2022-11-08 05:20:24
BE22018250	8	1	감정화자님 마음 누구보다도 잘 이해해요. 그런데 모두가 감정화자님 같을 수는 없으니 때로는 그런 사람들도 포용할 줄 알아야 하잖아요. 너무 노여운 마음보다는 넓은 마음을 가지는 게 살아가는 데 훨씬 도움이 될 거예요.	N	2022-09-14 16:33:58	2022-11-08 05:20:24
BE22018250	9	0	공감화자님 말을 듣고 보니 그렇네요. 제가 좀 욱하는 마음이 들었나 봐요. 이제 화가 좀 풀렸어요.	N	2022-09-14 16:33:58	2022-11-08 05:20:24
BE22018250	10	1	감정화자님처럼 정의롭고 의연하신 분이 계셔서 그래도 다행이에요. 회사에서도 얼마나 힘이 되는지 몰라요. 그걸 잊지 마셨으면 좋겠어요.	N	2022-09-14 16:33:58	2022-11-08 05:20:24
BE22018250	11	0	그렇게 말씀해주시니 부끄럽네요. 화만 낼 줄 알았지 정작 약자에게 도움을 주지는 못한 것 같거든요.	N	2022-09-14 16:33:58	2022-09-14 16:33:58
BE22018250	12	1	약자를 위해 목소리를 낼 줄 안다는 것만으로도 칭찬받아 마땅해요. 그러니 부끄러운 마음은 갖지 않으셔도 돼요.	N	2022-09-14 16:33:58	2022-11-08 05:20:24
BE22018250	13	0	고마워요. 공감화자님이 알아주시니까 기분이 다 풀렸어요. 앞으로 화만 내지 말고 이성적으로 반응해야겠어요.	N	2022-09-14 16:33:58	2022-11-08 05:20:24
BE22018250	14	1	네 잘 생각하셨어요. 감정화자님 기분이 풀리셔서 다행이에요. 그럼 오후 업무도 힘내시고 파이팅입니다.	Y	2022-09-14 16:33:58	2022-11-08 05:20:24
