id	utterance_id	utterance_type	utterance_text	terminate	regDate	updDate
BE22011891	1	0	과장님 아니었으면 저 정말 큰일 날 뻔했어요. 인사팀 대리님은 왜 근거도 없는 정보를 사실처럼 알려주셨는지 모르겠네요.	N	2022-07-26 11:24:32	2022-11-08 04:40:52
BE22011891	2	1	저번에 감정화자씨가 말했던 주식 투자 말하는 거지? 그거 다시 매도했나 보네, 다행이다.	N	2022-07-26 11:24:32	2022-11-08 04:40:52
BE22011891	3	0	주식 고수인 과장님 말 듣고 그날 바로 매도했어요. 대리님은 입사 동기인 저한테 어쩜 그럴 수 있을까요? 동료 직원으로서 속상하기도 하고 그걸 곧이곧대로 믿은 저에게도 화가 나네요.	N	2022-07-26 11:24:32	2022-11-08 04:40:52
BE22011891	4	1	감정화자씨는 아직 주식 초보잖아, 돈 벌고 싶은 마음이 앞서서 그럴 수 있어. 게다가 동료 말을 믿은 건데, 감정화자씨는 잘못한 게 전혀 없으니 자책하지 마.	N	2022-07-26 11:24:32	2022-11-08 04:40:52
BE22011891	5	0	하지만 아무리 생각해도 화가 나요. 근거 없는 정보로 같이 투자하자고 종용한 대리님이 이해가 가질 않아요.	N	2022-07-26 11:24:32	2022-11-08 04:40:52
BE22011891	6	1	설마 알면서 그랬겠어? 인사팀 대리도 미처 모르고 권유했을 거야. 그래도 감정화자씨랑 입사 동기인데 일부러 그러지는 않았을 거야.	N	2022-07-26 11:24:32	2022-11-08 04:40:52
BE22011891	7	0	차라리 몰랐던 거면 이렇게 화나지는 않았을 거예요. 마지막에 허위 정보라는 걸 알고는 동기들한텐 말 안 해주고, 혼자만 회수했었대요. 그 얘기 전해 듣고 너무 실망스럽고 화가 나더라고요.	N	2022-07-26 11:24:32	2022-11-08 04:40:52
BE22011891	8	1	어떻게 다 알고도 본인만 빠져나갈 수 있어? 감정화자씨가 왜 그렇게 화났는지 이제야 알겠네. 같이 고생했던 동기가 거짓된 정보를 근거로 피해를 준 거니까 배신감에 화가 더 날 거야.	N	2022-07-26 11:24:32	2022-11-08 04:40:52
BE22011891	9	0	그러니까 말이에요. 제가 주식으로 손해를 볼 뻔한 것보다, 제게 거짓된 정보를 줬다는 게 더 화가 나요. 사실 이런 적이 한두 번이 아니거든요, 자잘한 것들도 되게 많았어요.	N	2022-07-26 11:24:32	2022-11-08 04:40:52
BE22011891	10	1	아 그랬어? 이번이 처음이 아니구나, 감정화자씨가 그동안 쌓였던 게 있어서 기분이 더 나쁘겠네.	N	2022-07-26 11:24:32	2022-11-08 04:40:52
BE22011891	11	0	네, 동기들을 농락하는 것도 아니고 도대체 왜 그런지 모르겠네요. 그래서 욱하는 마음에 직접 따지러 가려고 했는데 서로 얼굴 붉히기 싫어서 참았어요. 좋은 게 좋은 거라고, 그분 특성을 이제 알았으니까 제가 알아서 조심하려고요.	N	2022-07-26 11:24:32	2022-11-08 04:40:52
BE22011891	12	1	나 같으면 못 참고 따로 불러서라도 화를 냈을 텐데 감정화자씨가 이성적인 선택을 했네. 그래도 좋은 판단한 것 같아, 회사에서 계속 마주칠 텐데 앙금이 남으면 곤란할 수도 있잖아. 미래를 위해서 당장의 감정을 절제하는 모습이 대견하니까 인사팀 대리랑 최대한 안 마주치게 도와줄게.	N	2022-07-26 11:24:32	2022-11-08 04:40:52
BE22011891	13	0	과장님이 그렇게 말씀해 주시니 괜히 피식하게 웃게 되네요. 과장님이 언제나 잘 챙겨주셔서 참 감사해요, 잔잔한 위로로 힘을 실어주시는 것도 그렇고요. 다른 부서 분들껜 말하기 애매한 주제라 답답했는데, 과장님이 들어주셔서 후련하네요.	N	2022-07-26 11:24:32	2022-11-08 04:40:52
BE22011891	14	1	나한테 털어놓는 걸로 감정화자씨 마음이 시원해지면 너무 뿌듯하지. 기분이 많이 상했던 것 같아서 걱정했는데, 좀 풀린 것 같아서 다행이네.	N	2022-07-26 11:24:32	2022-11-08 04:40:52
BE22011891	15	0	과장님은 언제나 저에게 의지가 되어주시니까요! 같은 말이라도 과장님께 들으면 기분이 더 좋은 것 같아요. 감사의 뜻으로 이따 맛있는 점심 살게요!	Y	2022-07-26 11:24:32	2022-11-08 04:40:52
