id	utterance_id	utterance_type	utterance_text	terminate	regDate	updDate
BE22015485	1	0	저는 명절이 없었으면 좋겠어요. 생각만 해도 분노가 차오르고 골치가 아파요.	N	2022-08-24 08:26:52	2022-11-08 05:03:21
BE22015485	2	1	명절 휴가 보내고 오셨는데 기분이 많이 안 좋으신 것 같네요. 무슨 일이 있으셨어요?	N	2022-08-24 08:26:52	2022-11-08 05:03:21
BE22015485	3	0	이번에 또 부모님 댁 다녀오자마자 아내와 크게 한 판 싸웠거든요. 매번 똑같은 이유로 싸움이 반복되니까 이제는 정말 명절에 아무 데도 가기 싫고 혼자 있고 싶어요.	N	2022-08-24 08:26:52	2022-11-08 05:03:21
BE22015485	4	1	아, 감정화자님 기분이 정말 안 좋고 많이 속상하실 것 같네요. 안 그래도 오랜만에 출근해서 피곤하실 텐데 기분도 우울하고 회사 일도 손에 잘 안 잡히실 것 같아요. 괜찮으세요?	N	2022-08-24 08:26:52	2022-11-08 05:03:21
BE22015485	5	0	차라리 회사 일이 더 쉬운 것 같아요. 아내는 왜 부모님 댁만 가면 자꾸 별것도 아닌 일에 예민하게 구는 지 참 화가 나요.	N	2022-08-24 08:26:52	2022-11-08 05:03:21
BE22015485	6	1	그 정도로 마음이 몹시 힘드셨군요. 부인의 마음을 이해하지 못해서 마음이 무척 갑갑하시고 털어놓을 데가 필요할 것 같아요.	N	2022-08-24 08:26:52	2022-11-08 05:03:21
BE22015485	7	0	어머니가 별 뜻 없이 말한 것도 아내는 자꾸 비꼬는 것으로 생각해서 기분 나빠해요. 저는 그래서 아내에게 화가 나고요. 왜 어머니를 나쁜 시어머니로 본인이 만드는지 모르겠어요.	N	2022-08-24 08:26:52	2022-11-08 05:03:21
BE22015485	8	1	부인이 어머님께 잘 보이고 싶은 마음이 커서 그런 걸 거예요. 너무 노여운 마음은 갖지 마시고 부인과 한번 터놓고 대화를 해보시면 어떨까요? 서로 오해를 풀고 마음이 편해지실 수 있을 거예요.	N	2022-08-24 08:26:52	2022-11-08 05:03:21
BE22015485	9	0	아내가 명절마다 기분이 좋지 않으니 저도 스트레스예요. 푹 잘 쉬어야 하는 명절에 피로만 더 쌓고 오는 것 같아요.	N	2022-08-24 08:26:52	2022-08-24 08:26:52
BE22015485	10	1	명절에 이동하고 음식 준비하고 하느라 몸이 피곤하니 서로 마음이 예민해져서 그럴 수 있어요. 부인도 고생을 많이 하셨을 텐데 분노보다는 고마움을 표현해보면 어떨까요? 두 분의 감정을 해소하는 데 도움이 되실 것 같아요.	N	2022-08-24 08:26:52	2022-11-08 05:03:21
BE22015485	11	0	듣고 보니 그러네요. 아내가 시댁에 적응하느라 노력 많이 했는데 그동안 힘들었을 것 같아요. 너무 제 감정만 생각한 것 같네요.	N	2022-08-24 08:26:52	2022-11-08 05:03:21
BE22015485	12	1	누구나 그럴 수 있어요. 자책하지 마시고, 이제라도 부인께 고생했다고 따뜻하게 마음을 전하시면 감정화자님 마음도 편해지실 거예요.	N	2022-08-24 08:26:52	2022-11-08 05:03:21
BE22015485	13	0	오늘 퇴근하고 바로 가서 전해야겠어요. 고마워요. 덕분에 마음이 정말 편해지는 것 같네요.	N	2022-08-24 08:26:52	2022-11-08 05:03:21
BE22015485	14	1	마음이 편해지셨다면 정말 다행이에요. 명절 보내고 출근하시느라 힘드셨을 텐데 오늘 하루도 힘내보십시다!	Y	2022-08-24 08:26:52	2022-11-08 05:03:21
