id	utterance_id	utterance_type	utterance_text	terminate	regDate	updDate
BE22019627	1	0	이 과장 혹시 지금 바빠? 잠시 시간 괜찮으면 나 출장 가는 동안 문자로 말동무 좀 해줘.	N	2022-09-22 04:00:01	2022-11-08 05:26:23
BE22019627	2	1	김 과장, 나 지금 시간 괜찮아. 안 그래도 오늘 일이 없어서 심심하던 차였어. 그런데 출장 가는 길에 심심할 일이 있어?	N	2022-09-22 04:00:01	2022-09-22 04:00:01
BE22019627	3	0	응, 세 시간이나 기차를 타야 해서 영화를 다운받아왔는데 노트북에 맞는 이어폰이 없어. 그래서 세 시간 동안 기차 안에서 가만히 있어야 하는데 너무 좌절되어. 지금 꼭 필요한 이어폰을 놔두고 온 나한테 너무 화가 나 있는 상태야.	N	2022-09-22 04:00:01	2022-11-08 05:26:23
BE22019627	4	1	저런, 왕복 여섯 시간을 기차에서 무의미하게 보내게 생겼구나. 간혹 의자에 잡지가 꽂혀있던데 그런 것도 없는 거야? 내 경험상 잡지도 시간 때우기에 꽤 괜찮은 물건이더라고.	N	2022-09-22 04:00:01	2022-11-08 05:26:23
BE22019627	5	0	응, 잡지가 있었더라면 아마 나도 김 과장한테 문자 안 보내고 그걸 읽었을지도 몰라. 나를 가장 분노하게 만드는 건 출장에 필요도 없는 작년 다이어리를 가방에 넣어왔다는 거야. 나는 도대체 무슨 생각으로 이런 답답한 행동을 했는지 모르겠어! 정말 속에서 화가 올라온다니까.	N	2022-09-22 04:00:01	2022-11-08 05:26:23
BE22019627	6	1	내가 그 마음을 너무 잘 알 것 같은 게 나도 지난주에 똑같은 행동을 했어. 몇 시간 동안 허공을 보면서 내가 왜 그랬을까 그러면서 엄청나게 낙심했다니까. 넌 출장을 가기 위한 기본 준비도 안 되어있어 그러면서 스스로한테 농담으로 자책도 했어.	N	2022-09-22 04:00:01	2022-11-08 05:26:23
BE22019627	7	0	내가 타고 있는 열차 칸에 손님도 별로 없어서 재미난 일이 일어날 것 같지도 않아. 오늘 하루는 정말이지 엉망인 것 같아서 너무 속상해. 늦은 시간에 퇴근하고 영화 다운받으려고 새벽에 잠들었는데 헛고생만 했어.	N	2022-09-22 04:00:01	2022-11-08 05:26:23
BE22019627	8	1	영화는 오늘이 아니어도 다음 출장 때라도 볼 수 있으니까 헛고생했다고 좌절하진 말자. 정신없이 짐을 챙기다 보면 그렇게 실수하는 경우가 종종 생기잖아. 사람은 누구나 그런 실수를 하니까 너무 자책하진 말자고.	N	2022-09-22 04:00:01	2022-11-08 05:26:23
BE22019627	9	0	이 과장 말처럼 자책을 안 할 수가 없는 게 말이야. 여섯시간이면 영화 두세편 또는 드라마 대여섯편을 볼 수 있는 시간이잖아. 이렇게 긴 시간 동안 아무것도 안 하고 허공만 바라봐야 하는 지금 현 상황이 너무 못마땅해.	N	2022-09-22 04:00:01	2022-11-08 05:26:23
BE22019627	10	1	한편으로는 언제든 손에 잡히는 물건을 들고 오지 않았다고 화내는 것보다는 좋게 생각해볼 수도 있어. 바쁜 현대 사회에서 그동안 놓치고 살았던 것들을 볼 수 있게 되었다고 긍정적으로 생각하자. 가끔은 우리에게 기계에서 벗어나서 산을 보고 강도 보는 그런 여유로운 시간도 필요한 것 같아.	N	2022-09-22 04:00:01	2022-11-08 05:26:23
BE22019627	11	0	이 과장이 보낸 문자 읽고 나 뒤통수를 한 대 얻어맞은 것 같은 기분이야. 스마트폰이나 노트북을 갖기 전에는 몇 시간 동안 기차를 타도 분명히 시간을 잘 보냈던 것 같은데. 요즘은 왜 이렇게 단 몇 시간도 견디지 못하는 걸까.	N	2022-09-22 04:00:01	2022-11-08 05:26:23
BE22019627	12	1	우리가 너무 자극적인 매체에 많이 노출되어 있어서 그런 거라고 생각해. 물론 쉬는 날 영화관에 가서 액션 영화를 보는 것도 좋지. 하지만 우리 몸과 마음은 자연에서 평화를 얻기를 바랄 때도 있잖아.	N	2022-09-22 04:00:01	2022-11-08 05:26:23
BE22019627	13	0	맞아, 그동안 빨리빨리 업무를 쳐내면서 스트레스가 많이 쌓여 있었어. 오늘 기차를 타면서 그 스트레스를 날려버릴 기회라고 생각해야겠다. 이 과장 덕분에 생각을 바꿀 수 있었어, 고마워.	N	2022-09-22 04:00:01	2022-11-08 05:26:23
BE22019627	14	1	그렇게 생각해주니까 나야말로 고마워. 그러면 이제부터 김 과장이 내면의 행복을 찾는 시간을 방해하지 않을게. 출장 조심해서 다녀오고 내일 보자.	N	2022-09-22 04:00:01	2022-11-08 05:26:23
BE22019627	15	0	응, 나도 창밖 풍경을 보면서 쉬어야겠어. 너무 늦게까지 일하지 말고 내일 회사에서 만나.	Y	2022-09-22 04:00:01	2022-11-08 05:26:23
