id	utterance_id	utterance_type	utterance_text	terminate	regDate	updDate
BE22009612	1	0	어제 회식 때 난리 났었어요.	N	2022-07-18 00:59:21	2022-11-08 04:26:17
BE22009612	2	1	맞다. 어제 그 팀 회식한다고 했죠. 무슨 일 있으셨어요?	N	2022-07-18 00:59:21	2022-11-08 04:26:17
BE22009612	3	0	어제 옆 테이블 사람들이랑 시비가 붙어서 싸웠거든요. 생각하니까 아직도 화가 나네요.	N	2022-07-18 00:59:21	2022-11-08 04:26:17
BE22009612	4	1	술자리에서요? 화가 많이 나는 상황이었나 보네요. 어떤 상황이었길래 싸움까지 난 거예요?	N	2022-07-18 00:59:21	2022-11-08 04:26:17
BE22009612	5	0	그쪽에서 자꾸 시끄럽다면서 욕을 하는 거예요. 자기들도 시끄러웠으면서, 지금도 다들 분노하고 있어요.	N	2022-07-18 00:59:21	2022-11-08 04:26:17
BE22009612	6	1	같이 시끄러운 자리에서 그렇게 욕을 하다니, 적반하장이군요. 화가 날 만도 해요. 술이 들어갔으니 다들 감정이 더 격해졌나 봐요.	N	2022-07-18 00:59:21	2022-11-08 04:26:17
BE22009612	7	0	그런 거 같아요. 어제 그 상황에서 술병이 깨져서 좀 다쳤거든요. 이따가 병원 가야 하는 데 정말 귀찮아요, 이게 무슨 일인지.	N	2022-07-18 00:59:21	2022-11-08 04:26:17
BE22009612	8	1	괜찮으신 거예요? 정말 심각한 상황이었군요. 다치기까지 했다니 정말 화가 많이 나셨겠어요, 이렇게 분노하시는 게 이해가 돼요. 귀찮아도 병원에서 꼭 치료 잘 받으세요.	N	2022-07-18 00:59:21	2022-11-08 04:26:17
BE22009612	9	0	크게 다치진 않았고, 그쪽에서 술병을 던지는 바람에 파편에 맞았어요. 완전 싸움꾼이에요.	N	2022-07-18 00:59:21	2022-11-08 04:26:17
BE22009612	10	1	심하게 다치지 않은 게 천만다행이에요. 기분 좋게 회식하러 갔는데 그런 일을 당하고 정말 어이없고 얼마나 분하셨겠어요. 오늘은 일찍 가서 쉬시는 게 좋을 거 같아요.	N	2022-07-18 00:59:21	2022-11-08 04:26:17
BE22009612	11	0	완전 어이없죠. 안 그래도 기분이 안 좋아서 일찍 들어가 보려고 해요.	N	2022-07-18 00:59:21	2022-11-08 04:26:17
BE22009612	12	1	좋은 생각이에요. 나쁜 일을 당해서 화나고 기분이 상했겠지만 계속 생각하면 나만 손해잖아요. 기분 전환할 무언가를 찾아서 빨리 훌훌 털어내는 게 어떠신가요?	N	2022-07-18 00:59:21	2022-11-08 04:26:17
BE22009612	13	0	그러네요, 저만 손해죠. 근데 아침까지만 해도 기분이 완전 별로였는데 이렇게 다 얘기하니까 좀 나아졌어요.	N	2022-07-18 00:59:21	2022-11-08 04:26:17
BE22009612	14	1	그렇다면 다행이에요. 우리 다음에 밥 먹으면서 회포를 풀어봐요. 회사에서 무슨 일 있으면 또 연락하시고요.	N	2022-07-18 00:59:21	2022-11-08 04:26:17
BE22009612	15	0	네, 감사해요. 다음에 밥 먹어요.	Y	2022-07-18 00:59:21	2022-11-08 04:26:17
