id	utterance_id	utterance_type	utterance_text	terminate	regDate	updDate
BE22004522	1	0	아, 생각할수록 너무 절망스러운 일이에요.	N	2022-06-28 05:58:05	2022-11-08 03:53:29
BE22004522	2	1	무슨 일 있으세요?	N	2022-06-28 05:58:05	2022-11-08 03:53:29
BE22004522	3	0	제가 물욕이 별로 없는 편인데, 저번 달에 큰 마음먹고 할부로 명품 지갑을 긁었어요. 그런데 그걸 오늘 잃어버린 것 같아요. 진짜 가방에 없는 걸 알아차린 순간 다리에 힘이 풀려서 주저앉았어요.	N	2022-06-28 05:58:05	2022-11-08 03:53:29
BE22004522	4	1	어머, 너무 속상하시겠어요. 구매하실 때부터 고민 많이 하고 사셨을 텐데, 제 마음이 다 아프네요.	N	2022-06-28 05:58:05	2022-11-08 03:53:29
BE22004522	5	0	정말 말도 못해요. 제 자신에게 화만 나고 거울만 봐도 홧병난 제 얼굴이 못나 보여요.	N	2022-06-28 05:58:05	2022-11-08 03:53:29
BE22004522	6	1	감정화자씨, 너무 자책하지 말아요. 그러고 싶어서 그런 것도 아니잖아요.	N	2022-06-28 05:58:05	2022-11-08 03:53:29
BE22004522	7	0	네. 이제 지갑은 제 손을 떠났고, 저는 카드도 재발급, 민증도 재발급할 일만 남았죠. 실체 없는 할부금만 갚아야 하고요. 좌절스럽네요.	N	2022-06-28 05:58:05	2022-11-08 03:53:29
BE22004522	8	1	감정화자씨의 막막함이 저에게도 전해져 오는 것 같아요. 어쩌면 지갑이 감정화자씨의 나쁜 기운을 모두 안고 떠난 게 아닐까요? 긍정적으로 생각해서 액땜일 수도 있어요.	N	2022-06-28 05:58:05	2022-11-08 03:53:29
BE22004522	9	0	차라리 그런 거였으면 좋겠어요. 제 실수로 잃어버린 거면 지갑이 알아서 떠난 거고, 누군가 훔쳤다면 나쁜 기운을 훔쳐간 거죠.	N	2022-06-28 05:58:05	2022-11-08 03:53:29
BE22004522	10	1	네, 그렇죠. 그렇게 생각하는 편이 훨씬 마음이 편하시겠어요. 지갑을 잃어버린 건 안타깝지만 더 중요한 건 감정화자씨죠.	N	2022-06-28 05:58:05	2022-11-08 03:53:29
BE22004522	11	0	그건 그래요. 사람이 중요하지 사물은 허상일 뿐이겠죠?	N	2022-06-28 05:58:05	2022-11-08 03:53:29
BE22004522	12	1	네, 감정화자씨가 충분히 속상해하셨다면 훌훌 털어버리세요!	N	2022-06-28 05:58:05	2022-11-08 03:53:29
BE22004522	13	0	그래야겠어요. 위로해줘서 정말 고마워요.	N	2022-06-28 05:58:05	2022-11-08 03:53:29
BE22004522	14	1	뭘요, 위로가 필요하면 언제든지 말씀하세요.	Y	2022-06-28 05:58:05	2022-11-08 03:53:29
