id	utterance_id	utterance_type	utterance_text	terminate	regDate	updDate
BE22019983	1	0	요즘 주말에 계속 쉬지도 못해서 짜증나고 화가 나.	N	2022-09-22 11:35:16	2022-09-22 11:35:16
BE22019983	2	1	정말 힘들겠다. 주말에 무슨 일을 하길래 그래?	N	2022-09-22 11:35:16	2022-09-22 11:35:16
BE22019983	3	0	시부모님이 편찮으셔서 주말마다 시댁에 가고 있거든. 그것때문에 주말에 쉬지도 못하고 화나 죽겠어.	N	2022-09-22 11:35:16	2022-11-08 05:35:45
BE22019983	4	1	넌 항상 시부모님도 잘 챙기고 사이도 좋았잖아. 내가 아는 너라면 그런 것 때문에 화가 났을 것 같지는 않은데 무슨 일이야?	N	2022-09-22 11:35:16	2022-11-08 05:35:45
BE22019983	5	0	내가 화가 나는 건 남편 때문이야. 나한테는 주말에 시댁에 가라고 그러면서 자기는 계속 놀러 다니더라. 그냥 옆에서 도와주기만 해도 좋은데 자꾸 피하는 거 있지.	N	2022-09-22 11:35:16	2022-11-08 05:35:45
BE22019983	6	1	네가 정말 힘들고 화가 났겠다. 너 혼자서 그렇게 고된 일을 맡아서 하다니 내가 다 안쓰러워. 남편은 왜 가기싫어하는 지 얘기는 해봤어?	N	2022-09-22 11:35:16	2022-11-08 05:35:45
BE22019983	7	0	아니, 남편이랑 더 싸우는 게 싫어서 시도도 안 해봤어. 나를 배려해주지 않는 남편때문에 너무 화나고 우울해.	N	2022-09-22 11:35:16	2022-11-08 05:35:45
BE22019983	8	1	간병이 쉬운 일도 아닌데, 남편까지 너를 힘들게 하니까 네가 그런 감정을 느낄 만 해. 충분히 이해가 가. 남편과 싸우기 싫은 너의 그 마음은 이해가 가지만 솔직하게 터놓고 얘기해보는 건 어때?	N	2022-09-22 11:35:16	2022-11-08 05:35:45
BE22019983	9	0	회사 일에 간병에 가뜩이나 지치고 힘든데 남편이랑 감정까지 낭비하고 싶지 않아. 남편도 일 때문에 힘든건 이해하지만 나를 좀 이해해줬으면 좋겠어. 내가 너무 이기적인 걸까?	N	2022-09-22 11:35:16	2022-11-08 05:35:45
BE22019983	10	1	네가 지금 몸과 마음이 너무 지쳐서 많이 흔들리는 것 같아. 네가 남편이 너를 이해하길 바라는 마음은 절대 이기적이지 않으니까 너무 자책하지 마.	N	2022-09-22 11:35:16	2022-11-08 05:35:45
BE22019983	11	0	그래도 내가 이런 마음을 가지는 게 잘못된 건 아닌가 하는 생각이 들어. 내가 너무 못된 거 같아.	N	2022-09-22 11:35:16	2022-11-08 05:35:45
BE22019983	12	1	네가 혼자서 모든 일을 다 하다 보니까 힘들어서 잠깐 그런 생각이 드는 것뿐이야. 나라도 너처럼 그렇게 힘든 상황이라면 그런 마음이 생길 거야. 너 자신을 너무 안 좋게 생각하지 마.	N	2022-09-22 11:35:16	2022-11-08 05:35:45
BE22019983	13	0	네 위로 덕분에 화가 났던 마음이 많이 가라앉았어. 너한테 말하길 정말 잘한 것 같아.	N	2022-09-22 11:35:16	2022-09-22 11:35:16
BE22019983	14	1	내가 너한테 조금이라도 도움이 되었다니 정말 다행이다. 이 힘든 시간을 네가 잘 이겨냈으면 좋겠어. 힘내!	N	2022-09-22 11:35:16	2022-11-08 05:35:45
BE22019983	15	0	네 말대로 용기를 내서 남편이랑도 얘기해볼게. 정말 고마워.	Y	2022-09-22 11:35:16	2022-09-22 11:35:16
