id	utterance_id	utterance_type	utterance_text	terminate	regDate	updDate
BE22020067	1	0	우리 회사 사람들 정말 이기적인 것 같지 않아? 지금 업무 양만 보면 과로사인데, 그 전에 홧병이 나서 죽을 것 같아. 코로나에 걸려서 쉬고 싶다는 사람들이 많더라고.	N	2022-09-22 21:21:40	2022-09-22 21:21:40
BE22020067	2	1	정말 그런 사람도 있어요? 팀장님 입장에서는 그런 말 듣고, 진짜 확진 판정 받으면 업무를 혼자 처리하니까 화가 나겠네요. 어쩌면 그런 말을 아무렇게 하는지 너무 속상해 하지 마세요.	N	2022-09-22 21:21:40	2022-11-08 05:27:59
BE22020067	3	0	당연히 속이 부글부글 끓을 정도로 화가 나. 누구는 예방 접종을 하고 싶어서 하나? 다른 사람을 배려하기 위해서 인 건데, 그 사람들은 예방 접종보다는 걸리는 게 좋겠다고 하더라.	N	2022-09-22 21:21:40	2022-09-22 21:21:40
BE22020067	4	1	팀장님이 많은 업무량 때문에 힘든 상태에서 그런 말까지 들으니까, 얼마나 스트레스를 받을지 걱정이 돼요. 스트레스는 면역성이랑 직결이라고 하는데, 이럴 때 더 조심하시는 게 좋겠어요. 저희 가족 중에 한 명이 확진인데 정말 힘들다고 들었거든요.	N	2022-09-22 21:21:40	2022-11-08 05:28:00
BE22020067	5	0	응. 나도 본가에 계시는 우리 부모님 두 분 다 확진 되셔서 알지. 아니까 그렇게 함부로 말을 하는 게 더 화가 나는 거고. 한 사람만 걸린다고 끝날 문제가 아니잖아?	N	2022-09-22 21:21:40	2022-09-22 21:21:40
BE22020067	6	1	그러니까요. 가족 중에 예방 접종을 받고 싶어도 못 받는 분들도 있을 텐데 말이죠. 아무리 농담이 섞인 말이라고 해도 그런 말을 함부로 하는 건 좋지 않아 보여요.	N	2022-09-22 21:21:40	2022-09-22 21:21:40
BE22020067	7	0	바로 내가 그 말이 하고 싶었던 거야. 사망자들이 줄줄이 나오는 마당에 별 거 아니라는 듯이 말하는 그 가벼움. 그런 것들이 진절머리나.	N	2022-09-22 21:21:40	2022-09-22 21:21:40
BE22020067	8	1	보통 그런 일은 자신의 일이 아니라고 생각하는 사람들이 많은 것 같더라고요. 일종의 습관처럼 그런 말을 하는 경우도 많고요. 아마 실제로는 그 누구도 코로나에 확진되고 싶은 마음은 없을지도 몰라요.	N	2022-09-22 21:21:40	2022-11-08 05:28:00
BE22020067	9	0	습관? 생각해 보니까, 업무가 많아서 그냥 하는 말 일지도 모르겠구나. 나 역시도 회사에 출근하기 싫을 때, 회사가 망하길 바란 적이 있긴 하니까 말이야. 내가 너무 진심으로 받아들이고 과대 해석 했나 봐.	N	2022-09-22 21:21:40	2022-11-08 05:28:00
BE22020067	10	1	지금의 업무량을 생각하면 충분히 그런 생각을 할 수도 있죠. 그리고 그 중에 얼마나 아플 지 모르고 진심으로 떠드는 사람도 분명히 있을 것 같아요. 일부는 진심이고, 일부는 농담일 것 같은 생각이 들어요.	N	2022-09-22 21:21:40	2022-11-08 05:28:00
BE22020067	11	0	하긴 어쨌든 다들 업무가 힘들어서 그런 말을 한 것 같긴 해. 나도 그런 부분에 화가 더 났던 것도 사실이고. 근본적인 문제를 개선해야 해결이 될 것 같기는 한데 말이지.	N	2022-09-22 21:21:40	2022-09-22 21:21:40
BE22020067	12	1	요즘에는 재택에서 근무를 할 수 있게 시스템이 많이 바뀌고 있다는 말을 들었어요. 회의 역시도 화상으로 진행을 하고요. 그렇게 하면 혹시 모를 상황에 대비를 할 수 있게 되고, 접촉도 덜게 되니까요.	N	2022-09-22 21:21:40	2022-11-08 05:28:00
BE22020067	13	0	좋은 생각인 것 같아. 한 번 위에 건의를 해 봐야겠어. 교육 자료도 온라인으로 베포하는 식으로 구축하는 거지.	N	2022-09-22 21:21:40	2022-09-22 21:21:40
BE22020067	14	1	그럼 외부 인원도 더 많이 끌어 올 테니 확실히 업무량이 줄어 들 것 같아요. 무엇보다 확진이 되더라도 경증인 경우에는 일도 무리 없이 소화할 수 있게 되겠죠? 그러면 다른 사람들은 업무 부담이 자연히 작아 질 테고요.	N	2022-09-22 21:21:40	2022-11-08 05:28:00
BE22020067	15	0	고마워, 덕분에 진짜 문제를 해결 할 방법까지 찾았네. 너랑 이야기를 하고 나니까 마음의 평화가 찾아 온 것 같다.	N	2022-09-22 21:21:40	2022-11-08 05:28:00
BE22020067	16	1	저는 그저 팀장님 이야기를 들어 준 게 전부인 걸요. 때로는 이야기를 하다가 좋은 생각을 떠올리기도 하니까요. 그래도 도움이 되었다면 좋네요.	Y	2022-09-22 21:21:40	2022-09-22 21:21:40
