id	utterance_id	utterance_type	utterance_text	terminate	regDate	updDate
BE22016952	1	0	공감화자님, 아직도 혈액형으로 성격을 알 수 있다고 자부하는 부장님이 정말 짜증 나요. 지금은 MBTI라는 검사가 대세인데 마케팅팀으로서 너무 뒤처진 홍보 방향이라고 생각해요. 저렇게 독단적으로 밀고 나가시는 모습을 보면 분노가 머리끝까지 올라와요.	N	2022-09-02 07:28:21	2022-11-08 05:12:25
BE22016952	2	1	감정화자님과는 다른 사무실을 쓰는 저라서 전혀 몰랐던 사실이었어요. 괜히 도움을 못 드린 것 같아 너무 죄송하네요. 당연히 독단적으로 해나가시는 모습을 저도 보고 싶지 않더라고요.	N	2022-09-02 07:28:21	2022-11-08 05:12:25
BE22016952	3	0	아직도 혈액형으로 성격을 알 수 있다는 발상 자체가 고객들에게 관심을 얻지 못할 것 같아요. 그런데 저렇게 자부하시니까 반대할 수도 없고. 이번 프로젝트가 우리 부서에 가장 중요한 일이라 잘하고 싶은데 고민이 되네요.	N	2022-09-02 07:28:21	2022-09-02 07:28:21
BE22016952	4	1	그러니까 말이에요, 부장님의 말씀이 완전히 틀린 것은 아니지만. 누구보다 빨리 반응해야 하는 우리 홍보팀에게는 다소 유행에 뒤처진 것같이 느껴져요. 저도 감정화자님의 생각에 백 프로 동의하는 바예요.	N	2022-09-02 07:28:21	2022-11-08 05:12:25
BE22016952	5	0	상사라서 완강하게 반대하기도 힘들고 팀을 위해서 말을 해야 할 것 같은데. 이것만 생각하면 너무 짜증 나서 왜 이런 고생을 사서 해야 하는지 분노가 치밀어요. 오늘 아침 회의에서도 다들 표정이 굳었는데 부장님 혼자만 웃고 계셨어요.	N	2022-09-02 07:28:21	2022-11-08 05:12:25
BE22016952	6	1	그랬었군요. 오늘 다른 부서 회의에 참석해야 해서 그 회의는 가지 못했는데, 정말 가관이었겠네요. 그 속에서 분노를 참아가며 힘겨워하실 감정화자님이 떠올라서 너무 안타까워요. 이 프로젝트를 기초부터 담당하며 힘쓰시는 감정화자님의 속상함이 빨리 풀어졌으면 좋겠다는 생각뿐이네요.	N	2022-09-02 07:28:21	2022-11-08 05:12:25
BE22016952	7	0	이렇게 하다가는 우리 회사의 대형 프로젝트가 망할 것 같다는 생각이 강하게 들어서 너무 속상해요. 광고 회사에서 유행에 뒤처진다는 게 정말 부끄러운 일이잖아요. 우선은 부장님과 이야기를 나누어 봐야 할 것 같긴 해요.	N	2022-09-02 07:28:21	2022-11-08 05:12:25
BE22016952	8	1	그거 정말 좋은 생각인 것 같아요, 무조건 반대하는 것보다 이야기를 통해서 풀어갈 생각이신 거죠? 역시 감정화자님은 현명하시고 멋있는 분이 틀림없어요.	N	2022-09-02 07:28:21	2022-09-02 07:28:21
BE22016952	9	0	이렇게 하다가는 제가 언제 폭발할지 모를 것 같아서 그래요. 그때는 되돌릴 수 없는 실언을 할까 봐 미리 정리해두는 거죠. 과거에 이런 일을 겪어 봤기에 자신을 가장 잘 아는 제가 정리해야 할 것 같아요.	N	2022-09-02 07:28:21	2022-09-02 07:28:21
BE22016952	10	1	그렇게 스스로 자신을 컨트롤하기가 쉽지 않잖아요, 저는 이럴 때마다 감정화자님이 얼마나 대단해 보이는지 몰라요. 그리고 모두 부장님의 의견이 별로라는 생각만 하지 직접 말할 용기는 없잖아요. 이렇게 직접 선봉에 쓰셔서 처리하시는 모습 정말 저도 본받아야 한다고 생각해요.	N	2022-09-02 07:28:21	2022-11-08 05:12:25
BE22016952	11	0	다 공감화자님과의 문자로 인해 들게 된 생각이에요, 저의 이야기에 공감해 주시고 힘을 주시기 때문이죠. 이럴 때마다 사람들이 힘든 일이 생기면 왜 공감화자님에게 가는지 알겠다니까요. 정말 연락드리길 잘했다는 생각이 들어요.	N	2022-09-02 07:28:21	2022-11-08 05:12:25
BE22016952	12	1	그렇게 반응해 주시니 되려 제가 뿌듯한 마음이 들어요. 전 누구보다도 감정화자님의 리더십과 현명함을 본받고 싶었거든요. 그런데 저를 통해 힘을 얻으셨다니 영광일 정도예요.	N	2022-09-02 07:28:21	2022-11-08 05:12:25
BE22016952	13	0	참을성이 부족해서 항상 먼저 욱하는 것이 고민인데 이런 부분까지 장점으로 봐주셔서 감사해요. 조금만 참으면 되는데 그걸 못 참는 제가 참 싫었거든요. 그런데 공감화자님이 칭찬해주시니 이제는 조금 자신감을 가지게 되는 것 같네요.	N	2022-09-02 07:28:21	2022-11-08 05:12:25
BE22016952	14	1	당연하죠, 감정화자님의 성격은 우리 부서에서 아주 필요하고 중요하기도 한 성향이라고 생각해요. 비록 오늘 혈액형으로 성격을 알 수 있다고 주장하시는 부장님의 의견에 화는 나셨겠지만. 정말 혈액형 상관없이 본받고 싶은 모델이세요.	N	2022-09-02 07:28:21	2022-11-08 05:12:25
BE22016952	15	0	정말 감사합니다, 오늘 아침부터 혈액형과 성격을 연관 지어서 홍보하겠다는 것으로 인해서 너무 화가 났어요. 틀린 말은 아니지만, 시대에 뒤처진 방향이 너무 마음에 안 들더라고요. 그런데 공감화자님과 이야기하면서 부장님께 말씀드릴 용기도 생기고 화도 많이 누그러졌네요.	Y	2022-09-02 07:28:21	2022-11-08 05:12:25
