id	utterance_id	utterance_type	utterance_text	terminate	regDate	updDate
BE22011088	1	0	요즘 따라 일기예보가 잘 맞지 않네요.	N	2022-07-22 14:39:06	2022-11-08 04:35:40
BE22011088	2	1	맞아요. 항상 챙겨 보는 편인데, 거의 맞지 않는 것 같아요.	N	2022-07-22 14:39:06	2022-11-08 04:35:40
BE22011088	3	0	한두 번도 아니고 매번 틀리니 출근하기도 전에 화가 나요.	N	2022-07-22 14:39:06	2022-11-08 04:35:40
BE22011088	4	1	출퇴근하는 것도 고생이 많으실 텐데 날씨까지 말썽이니 정말 힘들겠어요. 오늘은 괜찮으셨어요?	N	2022-07-22 14:39:06	2022-11-08 04:35:40
BE22011088	5	0	비가 안 와서 다행이긴 했는데 오늘 저녁에 일정이 있어서 벌써 걱정스러워요.	N	2022-07-22 14:39:06	2022-11-08 04:35:40
BE22011088	6	1	저도 최근 들어서 날씨 때문에 화났던 적이 많아서 정말 공감돼요. 왜 하필 중요한 일 있을 때마다 비가 오는지. 피할 수가 없으니 더 화나는 것 같아요.	N	2022-07-22 14:39:06	2022-11-08 04:35:40
BE22011088	7	0	저번에는 갑자기 비가 쏟아져서 순식간에 온몸이 다 젖어버렸다니까요. 심지어 열차가 연착되는 바람에 약속에도 늦었어요.	N	2022-07-22 14:39:06	2022-11-08 04:35:40
BE22011088	8	1	아이고. 생각만 해도 너무 당황스러웠을 것 같아요. 게다가 약속에 늦으셨다니 여러모로 속상했겠네요. 하지만 날씨는 그 누구의 잘못도 아니니까 자책하지 않으셨으면 좋겠어요.	N	2022-07-22 14:39:06	2022-11-08 04:35:40
BE22011088	9	0	저는 날씨에 영향을 많이 받는 것 같아요. 비가 와서 하늘이 어두워지면 괜히 기분까지 우울해요. 몸이 기운도 없어지고요.	N	2022-07-22 14:39:06	2022-11-08 04:35:40
BE22011088	10	1	무슨 느낌인지 알 것만 같아요. 이유도 없이 답답하고 눈물이 날 것 같은 하루요. 저는 그럴 때 잠시 명상하는데 그러면 좀 나아지더라고요.	N	2022-07-22 14:39:06	2022-11-08 04:35:40
BE22011088	11	0	그런 방법도 있군요. 한 번 해볼게요. 또 비가 오려나 봐요.	N	2022-07-22 14:39:06	2022-11-08 04:35:40
BE22011088	12	1	그러게요. 잠시 신경을 다른 곳에 두고 편안하게 마음을 가져보세요!	N	2022-07-22 14:39:06	2022-11-08 04:35:40
BE22011088	13	0	덕분에 기분이 나아졌어요. 평소에도 제 얘기를 잘 들어주시고, 오늘도 덕분에 힘이 나네요.	N	2022-07-22 14:39:06	2022-11-08 04:35:40
BE22011088	14	1	천만에요. 날씨가 아닌 어떤 일이라도 언제든 얘기해 주세요.	Y	2022-07-22 14:39:06	2022-11-08 04:35:40
