id	utterance_id	utterance_type	utterance_text	terminate	regDate	updDate
BE22004348	1	0	오늘 너무 덥지 않아? 아직 6월 초인데 이렇게 더워질 줄은 상상도 못 했어.	N	2022-06-27 15:07:57	2022-11-08 03:52:22
BE22004348	2	1	그러게. 아침에 출근하는데 벌써부터 지하철 안이 후덥지근하더라고.	N	2022-06-27 15:07:57	2022-11-08 03:52:22
BE22004348	3	0	사무실도 너무 꿉꿉해. 선풍기도 없는데 에어컨까지 안 켜지니 짜증이 솟구쳐.	N	2022-06-27 15:07:57	2022-11-08 03:52:22
BE22004348	4	1	이번 여름은 엄청 더울 거 같아. 올여름에는 사무실 에어컨이 멀쩡해야 할 텐데.	N	2022-06-27 15:07:57	2022-11-08 03:52:22
BE22004348	5	0	그러니까 말이야. 고장 난 에어컨은 대체 언제 고쳐주려는 거지? 이러다 더워 죽겠어!	N	2022-06-27 15:07:57	2022-11-08 03:52:22
BE22004348	6	1	나도 더워서 엉덩이에 땀이 차려고 해. 관리팀이 이번 주 안으로 고쳐준다고 했는데 아직 연락이 없네. 조금 더 기다려야 할 거 같아.	N	2022-06-27 15:07:57	2022-11-08 03:52:22
BE22004348	7	0	벌써 금요일인데 아무도 관심이 없어 보여. 에어컨 상태를 살피러 오는 사람도 없고. 정말 너무한 거 아니야?	N	2022-06-27 15:07:57	2022-11-08 03:52:22
BE22004348	8	1	그렇긴 해. 심지어 에어컨 수리는 작년부터 미뤄오던 일이었잖아. 1년이 지났는데 여태 방치 중이라니 정말 어이없어.	N	2022-06-27 15:07:57	2022-11-08 03:52:22
BE22004348	9	0	맞아. 아무래도 일 처리가 너무 느린 거 같아. 옆 팀에서는 전등이 나가서 고쳐달라고 부탁했는데 수리되기까지 1달이 걸렸대.	N	2022-06-27 15:07:57	2022-11-08 03:52:22
BE22004348	10	1	한 달이나? 모두들 생활하기 불편하고 짜증 났겠다. 쾌적한 공간에서 일하는 것도 때때로 답답하게 느껴지는데, 불편한 환경에 있으면 얼마나 고되겠어.	N	2022-06-27 15:07:57	2022-11-08 03:52:22
BE22004348	11	0	그러니까. 사실 나도 에어컨 수리가 늦어지는 게 너무 짜증 나고 걱정이 돼. 나는 땀이 많은 체질이라 땀띠가 쉽게 나거든.	N	2022-06-27 15:07:57	2022-11-08 03:52:22
BE22004348	12	1	헉, 맞다. 작년에 에어컨 고장 난 이후로 네가 참 고생이 많았지? 일주일에 두 번씩 병원에 가서 약을 처방받아 왔었잖아.	N	2022-06-27 15:07:57	2022-11-08 03:52:22
BE22004348	13	0	응. 선풍기라도 임시로 설치해줬으면 했는데 결국 아무것도 해결되지 못한 채로 여름이 끝났었지. 탁상용 미니 선풍기로 더위를 견뎠던 걸 생각하면 아직도 화가 나.	N	2022-06-27 15:07:57	2022-11-08 03:52:22
BE22004348	14	1	1년이 지났는데 여태 방치 중이라니. 더위를 많이 타는 네 입장에서는 더 화가 날 것 같아. 몸과 마음이 모두 피곤한 여름이었겠다.	N	2022-06-27 15:07:57	2022-11-08 03:52:22
BE22004348	15	0	맞아. 그래서 이번에는 꼭 제대로 고쳐줬으면 좋겠어.	N	2022-06-27 15:07:57	2022-11-08 03:52:22
BE22004348	16	1	그러게. 이번에는 빨리 해결해줬으면 좋겠다. 내가 관리팀에 한 번 더 물어볼게. 너무 걱정하지 마.	N	2022-06-27 15:07:57	2022-11-08 03:52:22
BE22004348	17	0	정말? 신경 써줘서 고마워. 너한테 얘기하고 나니까 짜증 났던 마음이 조금 풀리는 거 같아.	N	2022-06-27 15:07:57	2022-11-08 03:52:22
BE22004348	18	1	그 정도로 뭘. 점심에 시원한 냉면 먹으러 가자.	N	2022-06-27 15:07:57	2022-11-08 03:52:22
BE22004348	19	0	좋아, 점심이 기다려진다.	Y	2022-06-27 15:07:57	2022-11-08 03:52:22
