id	utterance_id	utterance_type	utterance_text	terminate	regDate	updDate
BE22014687	1	0	일주일 내내 비가 오다니, 올해 장마가 너무 긴 것 같아. 너무 습해서 짜증이 나.	N	2022-08-19 03:39:57	2022-08-19 03:39:57
BE22014687	2	1	그러게, 요즘은 구름 속을 다니는 기분이야. 가만히 있어도 너무 지치더라.	N	2022-08-19 03:39:57	2022-11-08 04:58:26
BE22014687	3	0	그것보다 빨래하면 너무 안 마르지 않아? 난 옷이나 수건에서 걸레 냄새가 나면 너무 화가 나고 짜증이 나.	N	2022-08-19 03:39:57	2022-08-19 03:39:57
BE22014687	4	1	네 말이 맞아. 기껏 빨래했는데, 빨래가 잘 안 마르는 거 진짜 스트레스받아. 게다가 퀴퀴한 냄새는 정말 참기 힘들지.	N	2022-08-19 03:39:57	2022-11-08 04:58:26
BE22014687	5	0	그런데 더 참기 힘든 건, 버스 탔을 때 사람들에게서 나는 냄새야. 어떤 사람들은 가끔 냄새나는 옷을 입고 다니잖아. 난 후각에 예민한데, 그 냄새를 맡으면 그냥 화가 나고 예민해져.	N	2022-08-19 03:39:57	2022-08-19 03:39:57
BE22014687	6	1	아 정말 힘들지. 그 냄새 나도 정말 싫어해. 덥고 습해서 사람이랑 부딪히기도 싫은데, 고약한 냄새를 맡으면 기분이 나빠지는 건 당연하지.	N	2022-08-19 03:39:57	2022-11-08 04:58:26
BE22014687	7	0	난 냄새 나는 옷을 입은 사람한테도 그냥 좀 화가 나. 옆에 앉으면 그냥 벌떡 일어나서 다른 곳으로 피해. 어쩔 땐 그 사람이 느낄 정도로 대놓고 그러는 것 같아서 미안할 때도 있어.	N	2022-08-19 03:39:57	2022-08-19 03:39:57
BE22014687	8	1	후각이 예민해서 유독 더 요즘이 힘든가 보다. 그 사람한테 왜 미안한 마음이 드는지도 알 것 같아. 그렇지만 본능적으로 냄새를 참기가 힘들어서 그런 거니까, 너무 미안해할 필요는 없을 것 같아.	N	2022-08-19 03:39:57	2022-11-08 04:58:26
BE22014687	9	0	아 이 지긋지긋한 장마가 좀 끝나면 좋겠어. 퀴퀴한 냄새로부터 해방되고 싶어.	N	2022-08-19 03:39:57	2022-11-08 04:58:26
BE22014687	10	1	동감이야. 장마철이라 우리의 감각이 너무 혹사당하는 것 같아. 감각이 좀 편안해야 감정도 편안해지는 건데 말야. 어디 쾌적한 곳에서 향기로운 커피향으로 후각을 채워주는 건 어떨까?	N	2022-08-19 03:39:57	2022-11-08 04:58:27
BE22014687	11	0	어 좋은 생각이네. 지금 당장 커피숍에 달려가고 싶네. 생각만 해도 살 것 같아.	N	2022-08-19 03:39:57	2022-08-19 03:39:57
BE22014687	12	1	그래? 좋은 향기를 떠올렸을 뿐인데 기분이 새로워지는구나? 널 힘들게 하는 장마는 반드시 끝날 거야. 그날까지 조금만 참고 기다리자.	N	2022-08-19 03:39:57	2022-11-08 04:58:27
BE22014687	13	0	응. 장마도 사람 냄새도 내가 어떻게 할 수 있는 게 아니지. 우리가 잘 이겨낼 궁리를 하는 수밖에. 건조기도 한번 알아봐야겠다.	N	2022-08-19 03:39:57	2022-11-08 04:58:27
BE22014687	14	1	네 기분이 한결 좋아진 것 같아서 내 기분도 덩달아 좋네.	N	2022-08-19 03:39:57	2022-08-19 03:39:57
BE22014687	15	0	그러게. 적절한 조언 고마워.	Y	2022-08-19 03:39:57	2022-08-19 03:39:57
