id	utterance_id	utterance_type	utterance_text	terminate	regDate	updDate
BE22020019	1	0	도대체 우리 팀장님을 이해할 수가 없어요. 나이 오십이 넘은 사람이 점심을 안 챙겨줬다고 서운해하는 이유가 뭘까요. 정말 너무 화가 나요.	N	2022-09-22 13:37:56	2022-09-22 13:37:56
BE22020019	2	1	무슨 일이 또 있었군요? 팀장님과 무슨 일이 있었나요?	N	2022-09-22 13:37:56	2022-09-22 13:37:56
BE22020019	3	0	점심시간에 약속이 있어서 다녀와 보니 팀장님이 갑자기 이야기 좀 하자고 하더라고요. 그러더니 회의실로 불러서 저한테 자기 점심을 안 챙겨줘서 서운하다는 거예요. 제가 왜 이런 이야기를 들어야 하는지 너무 화가 나요.	N	2022-09-22 13:37:56	2022-09-22 13:37:56
BE22020019	4	1	점심은 알아서 챙길 수 있는 건데 그걸 챙겨 받아야 한다고 생각하시다니 얼마나 기가 막히셨겠어요. 업무적인 것도 아니고 본인 점심 식사 문제로 서운해하시다니요. 저라도 그런 이야기를 들었으면 너무 화가 날 것 같아요.	N	2022-09-22 13:37:56	2022-11-08 05:35:55
BE22020019	5	0	정말 듣는 순간 제 귀를 의심했다니까요. 대체 팀원을 어떻게 생각하길래 본인 점심 운운하는지 정말 수준 이하의 행동에 너무 화가 나요. 제가 팀장님 비서가 아니잖아요?	N	2022-09-22 13:37:56	2022-09-22 13:37:56
BE22020019	6	1	그 팀장님이 학사장교 출신이라서 뭐든 자신의 말을 따르고 대우해 주길 바라는 성향이 조금 있으시잖아요. 점심 하나까지도 군대 부하가 하듯 챙겨주길 바라셔서 그러신 것 같아요. 비서라고 생각한 것은 아닐 테니 너무 깊이 생각하지 말아요.	N	2022-09-22 13:37:56	2022-11-08 05:35:55
BE22020019	7	0	평소에도 팀원들을 요원이라고 부르면서 본인을 따라야만 한다고 강요하시는데 식사까지 챙겨야 한다고 생각하실 줄이야. 정말 어디서부터 잘못된 건지 생각할수록 너무 화가 나요. 이대로 무조건 맞춰드리면서 지내야 하는 걸까요?	N	2022-09-22 13:37:56	2022-09-22 13:37:56
BE22020019	8	1	평소에도 손 윗분들께 깍듯한 감정화자님이라서 지금까지 참 잘 해오셨잖아요. 그런 모습이 정말 대단하다 감탄해왔는데 이번과 같은 이야기를 들었으니 너무 화가 나셨을 것 같아요.	N	2022-09-22 13:37:56	2022-11-08 05:35:55
BE22020019	9	0	팀장님을 수없이 챙겨드린 건 고마워하지도 않으시면서 점심 안 챙겨줬다고 서운해하시니 정말 너무 화가 나요. 차라리 앞으로는 아무것도 챙겨드리지 말아야겠어요. 안 챙겨 드리고 서운하다는 이야길 들으면 적어도 화는 안날 테니까요.	N	2022-09-22 13:37:56	2022-09-22 13:37:56
BE22020019	10	1	평소 팀원들을 가족처럼 챙기는 감정화자님이 이번과 같은 일을 겪으시다니 제가 마음이 너무 아프네요. 지금 이렇게 화가 나시는 건 그간의 노력이 모두 소용없다는 생각이 들어서 일 거예요. 그렇지만 그 팀장님 말고 다른 분들은 모두 감정화자님이 어떤 분인지 알고 있다고 생각하면 어때요?	N	2022-09-22 13:37:56	2022-11-08 05:35:55
BE22020019	11	0	공감화자님 말씀이 맞는 것 같아요. 지금도 최선을 다하고 있는데 대체 얼마큼 더 챙기기를 바라는 건가 싶어서 화가 많이 났어요. 모두에게 인정받을 수 있는 건 아닌데 저도 좀 과하게 바란 게 아닌가 반성하게 되네요.	N	2022-09-22 13:37:56	2022-11-08 05:35:55
BE22020019	12	1	어차피 모두를 만족시킬 수는 없다고 생각하시면서 마음을 편히 가져요. 감정화자님은 지금까지 잘 해오셨으니까 자신의 행동을 부정하지 말아요.	N	2022-09-22 13:37:56	2022-11-08 05:35:55
BE22020019	13	0	공감화자님과 이야기를 나눴더니 화난 마음이 많이 가라앉았어요. 저도 모르게 팀장님을 만족시켜 드려야 한다는 강박이 있었던 것 같아요. 이제 그런 마음을 좀 내려놓고 제 자신의 감정도 좀 챙겨가면서 지내야겠어요.	N	2022-09-22 13:37:56	2022-11-08 05:35:55
BE22020019	14	1	감정화자님이 그렇게 생각하시게 됐다니 정말 기뻐요. 자기 자신을 소중하게 대할 때 남들에게도 더 잘할 여유가 생길 거예요.	N	2022-09-22 13:37:56	2022-11-08 05:35:55
BE22020019	15	0	말씀 정말 고마워요. 오늘 일은 너무 깊이 생각하지 않도록 해볼게요.	Y	2022-09-22 13:37:56	2022-09-22 13:37:56
