id	utterance_id	utterance_type	utterance_text	terminate	regDate	updDate
BE22003411	1	0	부장님이 전화를 안 받으시는데 지금 바쁘세요?	N	2022-06-24 13:59:14	2022-11-08 03:46:23
BE22003411	2	1	네. 지금 회의 들어가셨어요. 저한테 용건 알려주시면 부장님 회의 끝난 후 전달할게요.	N	2022-06-24 13:59:14	2022-11-08 03:46:23
BE22003411	3	0	오늘 미팅이 취소돼서 제가 지금 낙동강 오리알 신세거든요.	N	2022-06-24 13:59:14	2022-11-08 03:46:23
BE22003411	4	1	헉 고객님 계신 곳까지 멀리 찾아가셨잖아요. 그런데 약속이 갑자기 취소된 거예요?	N	2022-06-24 13:59:14	2022-11-08 03:46:23
BE22003411	5	0	네. 전 이미 약속 장소 도착해서 준비도 다 끝났는데 5분 전에 전화하더니 일방적으로 취소하셨어요. 너무 어이가 없으니 말이 안 나오더라고요.	N	2022-06-24 13:59:14	2022-11-08 03:46:23
BE22003411	6	1	준비하느라 들인 노력에 거기까지 내려가시느라 들인 수고까지 무시당한 기분이라 속상하셨겠어요. 듣기만 했는데 제 마음도 공허해서 시리네요.	N	2022-06-24 13:59:14	2022-11-08 03:46:23
BE22003411	7	0	고객님이 갑이고 제가 을이니까 최대한 배려해 드리는 게 맞는 건 저도 알거든요. 그런데 미안한 기색도 없이 임박한 약속을 취소하는 거 보니까 너무 열이 받더라고요.	N	2022-06-24 13:59:14	2022-11-08 03:46:23
BE22003411	8	1	감정화자씨가 배려해 드린 만큼 고객님도 감정화자씨를 배려해 주셨으면 좋았을 텐데 참 아쉽네요.	N	2022-06-24 13:59:14	2022-11-08 03:46:23
BE22003411	9	0	누가 아니래요. 태도가 너무 고압적이고 뻔뻔해서 정말 욱하더군요. 회사 생활하면서 최대치의 인내심을 오늘 발휘한 것 같아요.	N	2022-06-24 13:59:14	2022-11-08 03:46:23
BE22003411	10	1	고객님이 그렇게 안하무인으로 나오니 마음에 큰 상처를 입으셨겠어요. 오늘 이렇게 고생하신 거 제가 부장님께 꼭 강조할 테니까 기운 내세요.	N	2022-06-24 13:59:14	2022-11-08 03:46:23
BE22003411	11	0	생색내려고 한 이야기는 아닌데 공감화자씨가 알아주니까 속은 좀 풀리네요.	N	2022-06-24 13:59:14	2022-11-08 03:46:23
BE22003411	12	1	화가 나는 상황에서 참을성을 나타내기가 쉽지 않은데 정말 대단하신걸요.	N	2022-06-24 13:59:14	2022-11-08 03:46:23
BE22003411	13	0	에이 아니에요. 힘없는 월급쟁이라 참은 건데 부끄럽네요.	N	2022-06-24 13:59:14	2022-11-08 03:46:23
BE22003411	14	1	감정화자씨 노고를 알아주시도록 제가 어필을 잘 해볼게요. 부장님이 수고했다고 소고기라도 사주시게 할 테니까 기대하고 계세요.	N	2022-06-24 13:59:14	2022-11-08 03:46:23
BE22003411	15	0	하하 그것참 매력적인 제안이네요. 신경 써줘서 고마워요.	Y	2022-06-24 13:59:14	2022-11-08 03:46:23
