id	utterance_id	utterance_type	utterance_text	terminate	regDate	updDate
BE22007892	1	0	선배 남자 친구가 군대에서 휴가를 나왔는데 저를 안 만나고 친구들을 만나러 갔어요. 대체 무슨 생각이면 그럴 수 있죠?	N	2022-07-11 13:46:33	2022-11-08 04:15:12
BE22007892	2	1	저런 남친 간이 배 밖으로 나왔네. 이렇게 예쁜 애인을 두고 친구들이 눈에 들어오나 싶네. 자기 많이 섭섭했겠다.	N	2022-07-11 13:46:33	2022-11-08 04:15:12
BE22007892	3	0	그렇죠? 나를 만나고 친구들을 만나도 시원찮을 판에 휴가 나온 지 3일이나 지났는데도 전화만 하고 보러 오지 않아요.	N	2022-07-11 13:46:33	2022-11-08 04:15:12
BE22007892	4	1	어쩜 좋으니? 남친이 친구들을 무지 좋아하는 스타일인가보다. 친구들이랑 다 놀고 나면 자기만 만날 거야.	N	2022-07-11 13:46:33	2022-11-08 04:15:12
BE22007892	5	0	아니 제가 만나달라고 안달하는 것도 아니고 친구가 좋으면 저랑 헤어지면 되잖아요. 자기가 좋다고 사귀자고 해놓고 너무 하잖아요.	N	2022-07-11 13:46:33	2022-11-08 04:15:12
BE22007892	6	1	에고 우리 후배 남친 많이 보고 싶은가 보다. 그냥 대놓고 나는 언제 볼 건데 물어보면 어때? 친구들이 자꾸 만나자고 하니 거절을 못 하는 걸 수도 있잖아.	N	2022-07-11 13:46:33	2022-11-08 04:15:12
BE22007892	7	0	고무신 거꾸로 안 신고 1년 넘게 기다려 줬더니 돌아오는 게 고작 이런 대접이네요. 다시 한번 생각해 봐야겠어요.	N	2022-07-11 13:46:33	2022-11-08 04:15:12
BE22007892	8	1	정말 정말 화 많이 났구나. 너무 극으로 치닫고 있어 후배님 진정하고 동안 잘 지내 온 시간을 돌이켜 생각해봐. 남친이 자기를 얼마나 사랑하는지 아니까 기다린 거잖아.	N	2022-07-11 13:46:33	2022-11-08 04:15:12
BE22007892	9	0	하긴 우리 정말 사랑했지요. 제가 아프면 한걸음에 뛰어와 간호해주고, 죽도 쒀 주었죠. 내가 아프다고 눈물을 훔치기도 했어요.	N	2022-07-11 13:46:33	2022-11-08 04:15:12
BE22007892	10	1	봐. 동안 친구들과 못 푼 회포를 푸느라 조금 늦어지는 걸 거야. 내일은 분명 자기를 만나러 올 거니까 기다려요.	N	2022-07-11 13:46:33	2022-11-08 04:15:12
BE22007892	11	0	그래도 섭섭해요. 분명 우리 둘은 사랑하는 게 맞는데 친구들이 먼저인 이유를 물어봐야겠어요. 속 좁은 여자로 보일까봐 동안은 꾹 참았거든요.	N	2022-07-11 13:46:33	2022-11-08 04:15:12
BE22007892	12	1	내일 와서 자기 앞에 와 싹싹 빌지 않을까? 자기 같은 사랑스러운 여자를 혼자 두게 한 걸 후회하면서.	N	2022-07-11 13:46:33	2022-11-08 04:15:12
BE22007892	13	0	선배 말대로 조금 더 기다려 볼게요. 자기 아니어도 내가 만날 사람이 많아 괜찮았다고 튕겨줄 거예요.	N	2022-07-11 13:46:33	2022-11-08 04:15:12
BE22007892	14	1	그건 사실이잖아. 우리 후배님이 얼마나 인기가 많은데. 따라다니는 남자만 해도 한 트럭은 되잖아. 남친이 알면 친구가 뭐야 당장 쫓아와 매일 감시할걸.	N	2022-07-11 13:46:33	2022-11-08 04:15:12
BE22007892	15	0	맞아요. 저 좋다고 목메는 남자가 한둘이 아니죠. 갑자기 기분이 업 되는데요.	N	2022-07-11 13:46:33	2022-11-08 04:15:12
BE22007892	16	1	그 많은 남자들 중에 현재 남친이 제일이잖아. 자기가 선택한 남자를 한 번 믿어봐. 분명 이유가 있었을 거야.	N	2022-07-11 13:46:33	2022-11-08 04:15:12
BE22007892	17	0	고마워요 선배님. 군대는 남자들만 아는 거니 힘들고 지친 군 생활 친구들과 위로하고 싶었다 생각할게요.	Y	2022-07-11 13:46:33	2022-11-08 04:15:12
