id	utterance_id	utterance_type	utterance_text	terminate	regDate	updDate
BE22017872	1	0	업무 중에 갑자기 컴퓨터가 멈춰 버렸어요. 지금 중요한 서류 작업을 하던 중이었는데 어떻게 이런 일이 생겼는지 모르겠네요. 아, 정말이지 화가 머리끝까지 솟는 것 같아요.	N	2022-09-13 05:21:31	2022-11-08 05:18:02
BE22017872	2	1	세상에, 괜찮으신 거예요? 하필 서류 작업 중에 전원이 나가 버리면 저장이 안 될지도 모르는 상황이어서 더 조마조마해지잖아요. 컴퓨터가 다시 켜질 때까지 가슴이 답답하고 괴로울 듯해요.	N	2022-09-13 05:21:31	2022-11-08 05:18:02
BE22017872	3	0	오랫동안 매달렸던 프로젝트의 보고서를 작성하던 중이어서 더 그래요. 총체적으로 정리하는 작업이라 손이 많이 가기도 해서 날아가 버리면 절대 안 되는데. 정말 가슴이 답답해서 터져 버릴 것 같다니까요!	N	2022-09-13 05:21:31	2022-09-13 05:21:31
BE22017872	4	1	그렇게 중요한 상황이라면 말도 못 하게 속이 상할 것 같아요. 몇 시간 내내 붙들고 계셨던 걸 날리게 된다고 생각하면 너무 억울하고 화도 날 테고요. 전해 듣는 저도 이렇게 답답한데 오죽하실까 싶어요.	N	2022-09-13 05:21:31	2022-11-08 05:18:02
BE22017872	5	0	진행하는 동안에도 고생을 엄청 많이 했는데 마지막까지 이러니까 속으로 화가 끓어서 미칠 것 같아요. 이대로 다 날아가 버리면 처음부터 다시 해야 하거든요. 그렇게 되면 진짜 짜증 나서 자리를 박차고 나가 버릴지도 몰라요.	N	2022-09-13 05:21:31	2022-09-13 05:21:31
BE22017872	6	1	이런 상황에서는 긍정적으로 생각하는 게 도움이 될 거예요. 설령 원하지 않는 상황이 생기더라도 제가 어떻게든 도울 테니 너무 염려 마시고요. 지금은 심호흡하면서 마음을 가다듬어 보세요.	N	2022-09-13 05:21:31	2022-11-08 05:18:02
BE22017872	7	0	일단 어떻게 될지 모르는 거니까 화를 좀 가라앉혀 봐야겠어요. 화를 너무 냈더니 얼굴이 다 화끈거리는 것 같아요. 정말 처음부터 다시 작업하게 되더라도 잘할 수 있겠죠.	N	2022-09-13 05:21:31	2022-09-13 05:21:31
BE22017872	8	1	지금까지 작성했던 것들이 기억에 남아 있을 테니 복기한다는 생각으로 차근차근히 해보면 되죠. 대리님은 매사에 성실하고 꼼꼼하게 임하는 분이시니 문제없을 거라고 봐요. 어지럽게 맴도는 생각을 가라앉히면 마음도 훨씬 차분해질 거예요.	N	2022-09-13 05:21:31	2022-11-08 05:18:02
BE22017872	9	0	아까는 정말 화가 머리끝까지 솟는 기분이었는데 조금씩 나아지고 있어요. 업무 중에 갑자기 컴퓨터가 멈추는 건 너무 오랜만이라 당황스러운 마음에 화가 났나 봐요. 덕분에 마음이 편해진 것 같아요.	N	2022-09-13 05:21:31	2022-11-08 05:18:02
BE22017872	10	1	제가 조금이라도 도움이 되었다니 정말 다행이에요. 그동안 도움받은 만큼 돌려드릴 수 있어서 다행일 따름이에요. 이제 다른 걱정은 마시고 편하게 계세요.	N	2022-09-13 05:21:31	2022-11-08 05:18:02
BE22017872	11	0	컴퓨터가 갑자기 멈췄을 때는 눈앞이 새하얘지는 기분이었거든요. 확실히 다른 사람과 고민을 나누니까 금세 화가 가라앉는 것 같아요. 앞으로도 종종 연락할게요.	N	2022-09-13 05:21:31	2022-11-08 05:18:02
BE22017872	12	1	저야 언제든 환영이에요. 아니어도 나누고 싶은 이야기가 있으면 언제든 저에게 말씀해 주세요.	N	2022-09-13 05:21:31	2022-11-08 05:18:02
BE22017872	13	0	그럴게요, 이제 컴퓨터가 어떻게 됐는지 다시 봐야겠어요. 매번 도움을 줘서 고마워요.	N	2022-09-13 05:21:31	2022-09-13 05:21:31
BE22017872	14	1	네, 남은 하루도 무사히 마무리하세요.	Y	2022-09-13 05:21:31	2022-09-13 05:21:31
