id	utterance_id	utterance_type	utterance_text	terminate	regDate	updDate
BE22016155	1	0	공감화자님 안녕하세요, 잘 지내시죠? 저는 요즘 고민이 좀 있어요.	N	2022-08-29 04:44:51	2022-08-29 04:44:51
BE22016155	2	1	감정화자님 오랜만이에요. 저야 늘 잘 있죠. 감정화자님은 마음이 안 좋은 일이 있나봐요. 저에게 편하게 얘기해주세요.	N	2022-08-29 04:44:51	2022-11-08 05:07:30
BE22016155	3	0	저희 형 때문에 너무 화가 나요. 어제 회사에서 또 회식을 하고 오고 혈변을 한 거 있죠? 건강에 좋지 않다고 그렇게 자제하라고 했는데, 말을 듣지를 않네요.	N	2022-08-29 04:44:51	2022-08-29 04:44:51
BE22016155	4	1	형을 걱정하는 마음에서 했던 감정화자님의 조언을 듣지 않는 모습을 보면서 화가 많이 났겠어요. 제가 아는 감정화자님이라면 형을 걱정하는 마음에서 진심어린 조언을 해주셨을 텐데. 그런 진심 어린 조언이 형의 마음에 닿지 못해서 아쉬운 마음이네요.	N	2022-08-29 04:44:51	2022-11-08 05:07:31
BE22016155	5	0	그러게 말이에요. 제가 무슨 말을 하든 듣지를 않는 것 같아요. 전에도 형이 건강이 많이 안 좋았던 적이 있어서 가족들은 그게 걱정인데 본인은 기억은 하나 몰라요.	N	2022-08-29 04:44:51	2022-11-08 05:07:31
BE22016155	6	1	과거의 경험 때문에 감정화자님이 더 조심스럽고 걱정되는 마음으로 조언을 하셨군요. 가족을 제일 아끼고 걱정하는 감정화자님이기에 형이 듣기 싫어할 얘기라도 용기 내서 할 수 있었을 거예요. 형이 그런 감정화자님이 마음을 알아주었으면 참 좋았을 텐데 말이에요.	N	2022-08-29 04:44:51	2022-11-08 05:07:31
BE22016155	7	0	저는 형에게 엄청난 걸 바라는 게 아니라, 그저 형이 건강하기를 바라고 있거든요. 그런데 형은 자기를 어린애 취급하는 것처럼 여기고 귀를 기울이지 않아서 화가 폭발할 것 같아요.	N	2022-08-29 04:44:51	2022-11-08 05:07:31
BE22016155	8	1	애써 건강하길 바라는 마음으로 한 조언을 상대방이 듣지 않는다면 얼마나 마음이 답답하고 화가 나겠어요. 감정화자님이 안타까워서 화까지 나는 마음이 너무나 잘 이해가 돼요. 부모님은 어떻게 생각을 해요?	N	2022-08-29 04:44:51	2022-11-08 05:07:31
BE22016155	9	0	제 마음을 이해해주셔서 감사해요. 부모님도 걱정을 많이 해요. 그런데 쉽게 얘기를 꺼냈다가 형이 반감이 생길까봐 말을 하는 걸 무척 조심스러워해요.	N	2022-08-29 04:44:51	2022-11-08 05:07:31
BE22016155	10	1	감정화자님과 부모님이 진심으로 걱정하는 점과 그래서 화가 난 마음을 형도 잘 알고 있을 거예요. 그걸 알고 있어도 본인이 필요성을 깨우치고 알 때까지는 시간이 필요하더라고요. 진심이 전달되었으니 형이 바뀔 때까지 차분히 기다린다고 생각하면 대리님 마음에 여유가 생길 것 같아요.	N	2022-08-29 04:44:51	2022-11-08 05:07:31
BE22016155	11	0	그렇게는 생각을 못 해봤어요. 제 조언을 왜 형이 바로 실천을 안 하지라고만 생각을 했었어요.	N	2022-08-29 04:44:51	2022-11-08 05:07:31
BE22016155	12	1	그 마음을 충분히 이해해요. 정말 꼭 필요한 조언을 해도 상대방이 그 말을 잘 받아들이는 경우가 무척 적었어요. 그래도 시간이 흐르고 나면 그 조언들을 고민해보고 결국에는 실천하는 경우가 많더라고요, 너무 걱정하지 말아요.	N	2022-08-29 04:44:51	2022-11-08 05:07:31
BE22016155	13	0	그렇게 얘기를 해주시니까 마음이 한결 나아지네요. 형에게도 실천으로 옮기기까지 시간이 필요하다면, 저도 기다려줄 필요가 있겠어요.	N	2022-08-29 04:44:51	2022-08-29 04:44:51
BE22016155	14	1	감정화자님 마음이 한결 괜찮아졌다니 저도 마음이 좋아지네요. 진심은 어떻게든 전해진다고 하잖아요. 형을 진심으로 아끼고 걱정하는 감정화자님이 진심이 전달되었을 거예요.	N	2022-08-29 04:44:51	2022-11-08 05:07:31
BE22016155	15	0	제 얘기를 들어주셔서 너무 감사해요 공감화자님. 오늘 하루 종일 너무 화가 났었어요. 공감화자님께 말씀을 안 드렸으면 전 아직도 화가 나서 어쩔 줄 몰라 하고 있었을 거예요.	N	2022-08-29 04:44:51	2022-11-08 05:07:31
BE22016155	16	1	저에게 고민을 얘기해주셔서 저도 고마운 마음이에요. 형이 얼른 조언들을 잘 실천으로 옮겨서 대리님 마음이 더 편해졌으면 좋겠어요.	N	2022-08-29 04:44:51	2022-11-08 05:07:31
BE22016155	17	0	감사합니다 공감화자님. 저는 공감화자님 말대로 더 여유를 가져보도록 할게요. 제가 나중에 뒷얘기를 들려드릴게요.	Y	2022-08-29 04:44:51	2022-08-29 04:44:51
