id	utterance_id	utterance_type	utterance_text	terminate	regDate	updDate
BE22016601	1	0	정말 이럴 때는 어떻게 해야 하는지 잘 모르겠네요.	N	2022-08-31 01:07:46	2022-11-08 05:10:19
BE22016601	2	1	왜 그러세요? 무슨 일 있으신 거예요?	N	2022-08-31 01:07:46	2022-11-08 05:10:19
BE22016601	3	0	다른 직장동료분들이랑 밥을 자주 먹게 되는데, 그때마다 음식을 드시는 소리가 커서 너무 불편해요. 특히 뜨거운 국물을 먹을 때 후루룩 소리를 많이 내시는데, 그게 너무 거슬리더라고요. 조용히 먹는 건 서로 간의 예의라고 생각하는데, 그러한 배려조차 받지 못하는 기분이라 너무 짜증 나요.	N	2022-08-31 01:07:46	2022-11-08 05:10:19
BE22016601	4	1	저도 비슷한 경험을 해본 적이 있어서 감정화자씨 마음이 정말 이해돼요. 사소한 하나로 상대방의 배려를 느낄 수 있는데, 그런 상황이면 스스로 잘못된 곳이 껴있나 싶어서 속상하더라고요. 괜히 초대받지 못한 자리에 온 것 같다는 생각에 정말 기분이 안 좋았어요.	N	2022-08-31 01:07:46	2022-11-08 05:10:19
BE22016601	5	0	그래서 그 생각 때문에 계속 스트레스를 받고 있어서 우울해질 지경이에요. 제가 잘못된 사람인 것 같고 이런 생각을 해도 되는 건가 싶고 그래요. 그리고 이런 기분이 온종일 유지되니 하루하루가 너무 아까운 거 있죠.	N	2022-08-31 01:07:46	2022-11-08 05:10:19
BE22016601	6	1	근데 그건 감정화자씨가 속이 좁다거나 해서 그런 건 전혀 아니니까 너무 마음 아파하지 않으시면 좋겠어요. 사실 누구나 세심하지 못한 부분은 있을 수 있는 거지만, 그로 인해 감정화자씨 마음이 너무 아프잖아요. 차라리 그냥 저런 사람도 있다고 생각하면서 넘어가시면 좋겠어요.	N	2022-08-31 01:07:46	2022-11-08 05:10:19
BE22016601	7	0	맞는 말씀이에요. 어떻게 제가 모든 사람을 이해하며 살겠어요. 그래도 저라도 조금 더 좋은 사람이 되면 좋겠다 싶어서 그래요.	N	2022-08-31 01:07:46	2022-11-08 05:10:19
BE22016601	8	1	좋은 사람은 언제나 더 좋은 사람이 되기 위해 노력하는 것 같아요. 이런 단단한 마음을 가지고 있는 것부터가 좋은 사람이라는 거 아닐까요? 제가 생각했을 때 감정화자씨는 정말 넓은 마음을 가진 멋있는 분이신걸요?	N	2022-08-31 01:07:46	2022-11-08 05:10:19
BE22016601	9	0	그렇게 생각해보진 않았는데 그렇게 얘기해주시니 정말 감사해요. 하지만 그래도 불편한 마음이 아직 남아있어요.	N	2022-08-31 01:07:46	2022-08-31 01:07:46
BE22016601	10	1	불편하지만 그래도 그 사람을 수용하려고 노력하는 그 마음가짐이 저는 정말 대단해 보여요. 사실 남을 포용하는 건 정말 쉬운 일이 아니거든요. 그런 면에서 짜증이 난 마음을 바꾸려고 하는 그 자세가 저는 정말 멋있다고 생각해요.	N	2022-08-31 01:07:46	2022-11-08 05:10:19
BE22016601	11	0	이렇게 칭찬을 많이 해주시다니, 저는 오히려 이런 공감화자씨가 정말 멋있어 보이는걸요? 공감화자씨처럼 단단한 사람이 되기 위해 많이 노력해봐야겠어요. 제 가치관을 변화시키지 않고, 더 멋있는 사람이 되겠어요!	N	2022-08-31 01:07:46	2022-08-31 01:07:46
BE22016601	12	1	그래도 이렇게 바로 기운을 차리고 힘내는 게 정말 쉬운 일이 아닌데. 앞으로가 정말 기대되는걸요!	N	2022-08-31 01:07:46	2022-11-08 05:10:19
BE22016601	13	0	공감화자씨 아니었으면 이럴 수 없었을 거예요. 저에게 정말 필요한 조언이었어요. 감사해요.	N	2022-08-31 01:07:46	2022-11-08 05:10:19
BE22016601	14	1	저는 언제나 곁에 있으니 고민이 있으시면 편하게 이야기해주세요!	N	2022-08-31 01:07:46	2022-11-08 05:10:19
BE22016601	15	0	네, 오늘 이야기 들어주셔서 감사해요! 앞으로는 점심시간이 그렇게 걱정되지 않을 것 같아요!	Y	2022-08-31 01:07:46	2022-11-08 05:10:19
