id	utterance_id	utterance_type	utterance_text	terminate	regDate	updDate
BE22012120	1	0	회사 일이라는 게 늘 힘들긴 하지만 이럴 때 전 정말 화가 나는 것 같아요.	N	2022-07-27 14:20:07	2022-11-08 04:42:16
BE22012120	2	1	감정화자씨 아침부터 안색이 좋지 않던데, 걱정했던 대로 좋지 않은 일이 있나 보네요.	N	2022-07-27 14:20:07	2022-11-08 04:42:16
BE22012120	3	0	옆 팀에 김 차장님 아시죠? 제가 그분을 좋아한다고 소문을 낸 모양이에요. 며칠 전부터 동료들이 돌아가면서 제게 물어보는데, 성가셔 죽겠어요.	N	2022-07-27 14:20:07	2022-11-08 04:42:16
BE22012120	4	1	회사 일도 충분히 벅찰 텐데, 사실이 아닌 일까지 해명해야 한다니 저라도 화가 많이 날 것 같아요.	N	2022-07-27 14:20:07	2022-11-08 04:42:16
BE22012120	5	0	그분은 평소에 이간질이 심해서 팀에 폐를 끼치는 분이잖아요. 전 그런 부류가 정말 불편한 사람이에요. 그런데 제게 무슨 억하심정이라도 있는 건지 그런 헛소문을 내시니까 너무 화가 나네요.	N	2022-07-27 14:20:07	2022-11-08 04:42:16
BE22012120	6	1	감정화자씨는 일에 열정적이니 더 마음이 상하셨겠어요. 안 그래도 말이 많이 도는 회사 안에서 신경 쓰고. 또 언짢아하실 생각을 하니, 제가 다 속상하네요.	N	2022-07-27 14:20:07	2022-11-08 04:42:16
BE22012120	7	0	제가 마음에 둔 분은 다른 분인데, 그 소문을 듣고 오해하면 어쩌죠? 그 생각만 하면 억울하고 분해요.	N	2022-07-27 14:20:07	2022-11-08 04:42:16
BE22012120	8	1	실은 제 귀에도 그 소문이 들리긴 했어요. 그렇지만 인성과 화합을 중요하게 생각하는 감정화자씨가 그럴 리 없다고 생각했거든요. 모두 분명 그렇게 생각할 테니 너무 힘들어하지 않으셨으면 좋겠어요.	N	2022-07-27 14:20:07	2022-11-08 04:42:16
BE22012120	9	0	불편한 사람과 엮여서 이 일을 계기로 제가 수년간 다져온 평판까지 깎이는 것 같아서 불쾌하네요.	N	2022-07-27 14:20:07	2022-11-08 04:42:16
BE22012120	10	1	정말 성실하고 열심히 회사 생활하셨잖아요, 염려되는 것도 당연해요. 하지만 워낙 잘 해오셨기에 고작 그런 소문으로 감정화자씨의 입지가 흔들리진 않을 거예요. 결국엔 진실이 드러나기 마련이잖아요.	N	2022-07-27 14:20:07	2022-11-08 04:42:16
BE22012120	11	0	그 소문에 너무 시달려서 짜증이 솟구치고 따라오는 관심들도 성가셔서 일에 집중도 안 되더라고요. 제가 너무 예민한 사람인가 했어요.	N	2022-07-27 14:20:07	2022-11-08 04:42:16
BE22012120	12	1	충분히 화가 날 만한 상황이죠, 부정적인 감정을 꼭꼭 숨겨두시면 더 큰 일을 불러일으킬지도 몰라요. 그러니 그 스트레스를 꼭 해소하셨으면 좋겠어요.	N	2022-07-27 14:20:07	2022-11-08 04:42:16
BE22012120	13	0	당사자에겐 말도 섞고 싶지 않았거든요, 이렇게라도 제 감정을 털어놓고 나니 후련해요. 제 말에 귀를 기울여주셔서 감사합니다.	N	2022-07-27 14:20:07	2022-11-08 04:42:16
BE22012120	14	1	그저 들어드린 것뿐인데요, 도움이 되셨다니 다행이에요. 소문은 금방 잠잠해질 거니 너무 염려 마세요.	Y	2022-07-27 14:20:07	2022-11-08 04:42:16
