id	utterance_id	utterance_type	utterance_text	terminate	regDate	updDate
BE22017543	1	0	거래처에 서류를 퀵이나 택배로 보내라고 했는데 왜 굳이 가져오겠다고 하나 모르겠어. 뭐 하나 뜻대로 안 된다 싶으니 화가 나서 견디기 힘들어.	N	2022-09-08 07:56:59	2022-09-08 07:56:59
BE22017543	2	1	과장님이 요새 가뜩이나 일이 많아서 힘드신데 신경 쓸 일이 더 생겼으니 화가 나실 만해요. 한숨을 좀 돌리시면 그나마 좀 나아지지 않을까요?	N	2022-09-08 07:56:59	2022-11-08 05:16:01
BE22017543	3	0	오늘 종일 회의도 많고 일도 산더미처럼 쌓였는데 거래처 사람까지 만나야 한다니 너무 화가 나. 스케줄이 정리가 안 될 정도로 머릿속이 복잡한데 미칠 노릇이야.	N	2022-09-08 07:56:59	2022-11-08 05:16:01
BE22017543	4	1	너무 바쁘니까 초조해서 더 감정에 날이 서는 것 같아요. 그런데 바쁠수록 돌아가라는 말도 있잖아요. 한숨 돌린다 생각하시고 만나보시면 어떨까요?	N	2022-09-08 07:56:59	2022-11-08 05:16:01
BE22017543	5	0	뭔가 이유가 있어서 오겠지 싶으니까 더 피하고 싶은 거지. 보통 그럴 땐 다 아쉬운 소리 하잖아.	N	2022-09-08 07:56:59	2022-09-08 07:56:59
BE22017543	6	1	아, 그럴 때가 많은 걸 경험으로 아니까 더 힘드실 만하네요. 그래도 그만큼 경험이 많으시니까 오늘도 유연하게 대처하실 수 있을 거예요. 너무 조급하게 생각하지 마시고 늘 그러듯 무사히 넘어갈 거라고 한 템포만 생각을 늦춰보세요.	N	2022-09-08 07:56:59	2022-11-08 05:16:01
BE22017543	7	0	자네 말이 맞기는 해. 나도 아는 사실인데도 막상 닥치면 까맣게 잊고 초조해져서 툭하면 화가 치민다니까.	N	2022-09-08 07:56:59	2022-11-08 05:16:01
BE22017543	8	1	누구라도 스트레스에 몰리면 그럴 수밖에 없는걸요. 그래도 과장님은 경험이 많으셔서 그 많은 일을 결국 다 소화하시는 거죠. 곁에서 보고 있으면 대단하시다 싶어서 혀를 내두르게 되는 때가 많아요.	N	2022-09-08 07:56:59	2022-11-08 05:16:01
BE22017543	9	0	나도 짬밥이 좀 쌓인 거지. 그래도 오늘 같은 날은 진짜 감정 컨트롤이 쉽지 않아. 잔뜩 독이 올라서는 누구라도 거슬려봐라 벼르는데 거래처에서까지 거든다 싶은 거지.	N	2022-09-08 07:56:59	2022-09-08 07:56:59
BE22017543	10	1	엄청난 일이 몰아치니 그러실 만해요. 그래도 이 또한 지나가리라 하면서 마음부터 가라앉히시면 결과가 더 좋을 수도 있지 않을까요? 거래처와 뜻밖의 계약이 성사될 수도 있고요.	N	2022-09-08 07:56:59	2022-11-08 05:16:01
BE22017543	11	0	아, 자네 말을 들으니 내가 너무 경험에만 기대서 나쁜 쪽으로만 생각했구나 싶어. 뭔가 기대하지 않은 제안을 할 수도 있는 건데 말이야.	N	2022-09-08 07:56:59	2022-09-08 07:56:59
BE22017543	12	1	네, 그러니 그런 기대감을 품고 기다려보시면 좋을 것 같아요. 이 사람은 오늘 내게 새로운 계약을 가져올지도 모른다고 하는 설레는 마음으로요. 잠시의 기대로 끝날지도 모르지만, 최소한 화만 내며 속을 끓이진 않아도 되잖아요.	N	2022-09-08 07:56:59	2022-11-08 05:16:01
BE22017543	13	0	듣고 보니 그래. 어차피 올 사람인데 화내며 기다리느니 설레며 기다려보는 게 좋을 것 같아. 그동안 다른 일도 즐거운 마음으로 하게 될 테니 일석이조일 것 같아.	N	2022-09-08 07:56:59	2022-11-08 05:16:01
BE22017543	14	1	네, 그러면 오늘 하루는 내내 즐거운 마음으로 일하실 수 있겠어요. 잘됐습니다.	N	2022-09-08 07:56:59	2022-11-08 05:16:01
BE22017543	15	0	자네 덕분이야. 진짜로 좋은 계약을 맡게 되면 자네한테 한잔 사지.	Y	2022-09-08 07:56:59	2022-09-08 07:56:59
