id	utterance_id	utterance_type	utterance_text	terminate	regDate	updDate
BE22003218	1	0	어제오늘 출근길이 너무 피곤하네요.	N	2022-06-24 04:22:36	2022-11-08 03:45:10
BE22003218	2	1	장마가 이제 시작이라 앞으로 당분간 계속 그럴 거 같아요.	N	2022-06-24 04:22:36	2022-11-08 03:45:10
BE22003218	3	0	저 사실 장마 너무 싫어요. 원래 비 오는 날 자체를 싫어했지만요.	N	2022-06-24 04:22:36	2022-11-08 03:45:10
BE22003218	4	1	가끔 비 오는 날이 좋다고 말하는 사람들도 있지만 대부분 그럴 거예요.	N	2022-06-24 04:22:36	2022-11-08 03:45:10
BE22003218	5	0	아침에 출근하는데 비가 너무 오니까 지하철 안이 습하고 덥더라고요. 불편한 데다 신발도 다 젖어 버렸지 뭐예요.	N	2022-06-24 04:22:36	2022-11-08 03:45:10
BE22003218	6	1	맞아요. 이런 날씨에는 아침부터 잘 차려입어도 소용이 없어요. 특히 구두가 젖으면 어떻게 할 수가 없더라고요.	N	2022-06-24 04:22:36	2022-11-08 03:45:10
BE22003218	7	0	저 아침에 그랬잖아요. 걷는데 신발 안에서 물이 나오더라고요. 거기다 바지도 다 젖어서 걷는데 옷도 무겁고요.	N	2022-06-24 04:22:36	2022-11-08 03:45:10
BE22003218	8	1	오늘 아침 출근길은 진짜 최악이었어요. 그런데 뉴스 보니까 농부들은 가뭄이라 고생했더라고요. 그거 보니까 투덜대던 게 미안해지더라고요.	N	2022-06-24 04:22:36	2022-11-08 03:45:10
BE22003218	9	0	그런 거 보면 출근길이 힘들다고 투덜대도 우리가 편한 거긴 해요. 농사짓는 분들은 열심히 한다고 해도 하늘이 안 도와주면 불가능하니까요.	N	2022-06-24 04:22:36	2022-11-08 03:45:10
BE22003218	10	1	우린 맨날 이번 과일이 맛있네 맛없네 이야기를 하는데 맛없게 키우고 싶으신 분은 없을 테니까요. 일기예보 보니 내일 다시 맑아진다고 하니까 오늘 잘 지내봐요.	N	2022-06-24 04:22:36	2022-11-08 03:45:10
BE22003218	11	0	낼 맑아진다는 소식에 갑자기 기분 좋아지는데요. 비가 안 와도 걱정 너무 많이 와도 걱정이긴 해요.	N	2022-06-24 04:22:36	2022-11-08 03:45:10
BE22003218	12	1	원래 뭐든 적당히가 가장 힘든 거 같아요. 그리고 그거 알아요? 비 오는 날 커피가 더 맛있어진다는 이야기도 있어요.	N	2022-06-24 04:22:36	2022-11-08 03:45:10
BE22003218	13	0	진짜요? 그럼 우리 모닝커피 한잔씩 해야겠네요.	N	2022-06-24 04:22:36	2022-11-08 03:45:10
BE22003218	14	1	비 오는 날 모닝커피 한잔씩 하면서 잠시 분위기 내보기로 해요. 그리고 오늘도 파이팅해 봐요.	Y	2022-06-24 04:22:36	2022-11-08 03:45:10
