id	utterance_id	utterance_type	utterance_text	terminate	regDate	updDate
BE22001864	1	0	과장님, 저 내일 급하게 연차를 사용해야 할 것 같습니다.	N	2022-06-17 04:54:57	2022-11-08 03:36:28
BE22001864	2	1	사용하는 건 문제가 되지 않지만, 무슨 일이 생긴 건 아니고?	N	2022-06-17 04:54:57	2022-11-08 03:36:28
BE22001864	3	0	그냥 집안일이 생겨서... 갑자기 그렇게 되었습니다.	N	2022-06-17 04:54:57	2022-11-08 03:36:28
BE22001864	4	1	집집마다 각자의 사정이 있지만, 뭔가 말하기 어려운 급한 일이 생겼나 보군.	N	2022-06-17 04:54:57	2022-11-08 03:36:28
BE22001864	5	0	하, 사실 다름이 아니라 제가 장손이 아닌데 제사를 떠맡게 되었습니다.	N	2022-06-17 04:54:57	2022-11-08 03:36:28
BE22001864	6	1	형님이 계신 걸로 아는데? 갑자기 자네가 제사를 맡아야 하는 건가?	N	2022-06-17 04:54:57	2022-11-08 03:36:28
BE22001864	7	0	네, 형수님 종교 문제로 그렇지 않아도 몇 번 이야기가 있었지만 아버지께서 완강하게 반대하셨거든요. 이번에는 형님을 호적에서 판다고 하십니다.	N	2022-06-17 04:54:57	2022-11-08 03:36:28
BE22001864	8	1	중간에서 자네 입장이 난처했겠군. 종교의 방식이 다르면 그럴 수 있는 부분인데, 누구 말이 옳다고 할 수도 없고 내가 나서서 할 수도 없으니 말이야.	N	2022-06-17 04:54:57	2022-11-08 03:36:28
BE22001864	9	0	네, 얼마나 지속이 될지는 모르겠지만. 당장은 형님도 더 이상 집안 제사에 관여하지 않겠다고 하셔서 이제 제가 해야 할 것 같습니다.	N	2022-06-17 04:54:57	2022-11-08 03:36:28
BE22001864	10	1	자네가 갑자기 큰 짐을 떠맡은 기분이 들겠군. 그렇다고 너무 속상해하지는 말았으면 좋겠네.	N	2022-06-17 04:54:57	2022-11-08 03:36:28
BE22001864	11	0	솔직히 속상하다기보다는 형님에게 화가 나기도 하고, 형수님이 원망스럽기도 합니다.	N	2022-06-17 04:54:57	2022-11-08 03:36:28
BE22001864	12	1	그런 마음이 왜 안 들겠어. 그래도 돌아가신 가족을 위해 음식을 준비하는 것이 고되고 번거로울 수 있지만, 가족이라는 정을 꾸준히 만들어 내는 방법일 수도 있다고 자네가 생각해 주면 좋겠어. 나는 그랬거든.	N	2022-06-17 04:54:57	2022-11-08 03:36:28
BE22001864	13	0	과장님이 그렇게 생각하시는지 몰랐습니다. 그렇게 생각해 보려고 하겠습니다.	N	2022-06-17 04:54:57	2022-11-08 03:36:28
BE22001864	14	1	그래, 나중에 없어질지 모르겠지만. 하는 동안은 회사에서처럼 책임감 있게 할 거라 생각해.	N	2022-06-17 04:54:57	2022-11-08 03:36:29
BE22001864	15	0	네, 그래야죠! 과장님 덕분에 어깨가 한결 가벼워졌습니다.	Y	2022-06-17 04:54:57	2022-11-08 03:36:29
