id	utterance_id	utterance_type	utterance_text	terminate	regDate	updDate
BE22015415	1	0	공감화자님, 대체 팀장님이 날 싫어하시나? 아니 왜 자꾸 회사에서 반말하시는 거야. 들을 때마다 기분 나빠 정말.	N	2022-08-24 01:22:56	2022-11-08 05:02:56
BE22015415	2	1	그러게. 나도 가끔은 화들짝 놀란다니까. 오늘도 그러셨나 보네?	N	2022-08-24 01:22:56	2022-11-08 05:02:56
BE22015415	3	0	평소엔 친근함의 표시인가? 싶다가도 내 컨디션에 따라서 기분이 엄청 나쁠 때도 있더라고. 그럴 땐 정말 어떻게 해야 할지 모르겠어.	N	2022-08-24 01:22:56	2022-11-08 05:02:56
BE22015415	4	1	그렇지 나도 공감해. 특히 다른 사람들이 다 보는 앞에서 반말로 지시하시면 나도 가끔은 너무 창피하더라. 그래도 팀장님이 감정화자님 많이 아끼는 거 알지?	N	2022-08-24 01:22:56	2022-11-08 05:02:56
BE22015415	5	0	팀장님이 날 아끼신다고? 전혀 못 느꼈는걸. 오히려 날 싫어해서 그러시는 줄 알았어.	N	2022-08-24 01:22:56	2022-08-24 01:22:56
BE22015415	6	1	내가 보니깐 친근해서 더 말도 놓고 툭툭 건드리시는 것 같더라고. 표현이 서투르신 것 같아. 저번에 같이 식사하는 자리에서 감정화자님 칭찬을 얼마나 하셨는지 몰라.	N	2022-08-24 01:22:56	2022-11-08 05:02:56
BE22015415	7	0	정말이야? 의외네. 난 그것도 모르고 속으로 엄청나게 툴툴댔는데. 내가 팀장님을 색안경 끼고 보는 것도 있었나 봐. 사실 내 업무를 지지해주시기는 하거든.	N	2022-08-24 01:22:56	2022-11-08 05:02:56
BE22015415	8	1	맞아. 반말은 하시지만 항상 애정이 담겨있던걸. 많이 도와주시기도 하는 것 같고. 감정화자님이 싫어서 그러시는 건 아니니까 너무 속상해하지 마.	N	2022-08-24 01:22:56	2022-11-08 05:02:56
BE22015415	9	0	그래도 반말로 지시하는 건 참 싫어. 나도 이렇게 투덜대기 싫다고. 어쩌지?	N	2022-08-24 01:22:56	2022-11-08 05:02:56
BE22015415	10	1	팀장님이 나이가 많으셔서 그걸 친근함의 표현이라고 생각하시는 것 같아. 그래도 네가 싫으면 언제 한번 밥이라도 먹으면서 진지하게 말씀드려보는 건 어때? 너라면 부드럽게 잘 이야기 할 수 있을 것 같은데.	N	2022-08-24 01:22:56	2022-11-08 05:02:56
BE22015415	11	0	네 얘길 들으니까 왜 그러셨는지 이해도 좀 되네. 그래. 내가 직접 이야기하면 잘 들어 주실지도 모르겠다. 말투 때문에 내가 팀장님을 오해한 것 같아.	N	2022-08-24 01:22:56	2022-08-24 01:22:56
BE22015415	12	1	난 당연히 감정화자님도 알 줄 알았는데 의외인걸? 하하. 내가 감정화자님의 마음을 돌려놨다면 난 그걸로 충분해.	N	2022-08-24 01:22:56	2022-08-24 01:22:56
BE22015415	13	0	팀장님께 잘 말씀드려보고 앞으로 좋은 관계가 계속될 수 있도록 나도 노력해야겠어.	N	2022-08-24 01:22:56	2022-11-08 05:02:56
BE22015415	14	1	그래, 응원하고 있을게.	Y	2022-08-24 01:22:56	2022-11-08 05:02:56
