id	utterance_id	utterance_type	utterance_text	terminate	regDate	updDate
BE22001361	1	0	오늘 오후에 왔다 간 손님 기억나?	N	2022-06-15 01:55:46	2022-11-08 03:33:13
BE22001361	2	1	나 밥 먹고 온 뒤에 노란 셔츠 입고 온 분? 왜?	N	2022-06-15 01:55:46	2022-11-08 03:33:13
BE22001361	3	0	아까 나 어이없어서 눈물 날 뻔했잖아.	N	2022-06-15 01:55:46	2022-11-08 03:33:13
BE22001361	4	1	무슨 일 있었어? 너랑 한참 얘기하는 거 봤는데 잘 못 들었어.	N	2022-06-15 01:55:46	2022-11-08 03:33:13
BE22001361	5	0	그분 일주일 전에 와서 분명히 칫솔 사갔거든. 살 때도 질문이 많아서 분명히 기억나는데, 오늘 그걸 환불 해 달라는 거야.	N	2022-06-15 01:55:46	2022-11-08 03:33:13
BE22001361	6	1	사용한 칫솔을 환불한다 했다고? 말도 안 돼. 어떻게 그런 몰상식한 행동을 해?	N	2022-06-15 01:55:46	2022-11-08 03:33:13
BE22001361	7	0	그러니까 열이 받는 거지. 사용한 거라 안 된다고 몇 번을 말해도 통하질 않아.	N	2022-06-15 01:55:46	2022-11-08 03:33:13
BE22001361	8	1	너 상대하느라 진짜 힘들었겠다. 그런 손님 오면 힘이 다 빠지잖아. 아무리 설명을 해도 듣지 않으시고...	N	2022-06-15 01:55:46	2022-11-08 03:33:13
BE22001361	9	0	응, 계속 안 된다고 했더니 결국 본사에 전화하겠다고 하시더라. 최대한 감정을 드러내지 않으려고 했는데 쉽지 않았어.	N	2022-06-15 01:55:46	2022-11-08 03:33:13
BE22001361	10	1	그래도 매뉴얼 대로 했을 테니까 너무 걱정하지 마. 말도 안 되는 요구를 하는 손님 대처하느라 고생 많았어.	N	2022-06-15 01:55:46	2022-11-08 03:33:13
BE22001361	11	0	월요일부터 이런 경우 겪으니까 일주일이 벌써 길게 느껴진다.	N	2022-06-15 01:55:46	2022-11-08 03:33:13
BE22001361	12	1	그치? 그분 아마 처음 아닐 수도 있어. 다음에 다시 오면 그땐 더 정확하게 말씀드려야겠어.	N	2022-06-15 01:55:46	2022-11-08 03:33:13
BE22001361	13	0	말이 통할지 잘 모르겠다. 괜히 엮이면 우리만 피곤해져.	N	2022-06-15 01:55:46	2022-11-08 03:33:13
BE22001361	14	1	그건 그래. 그런 손님한테는 물건 안 파는 게 나아.	Y	2022-06-15 01:55:46	2022-11-08 03:33:13
