id	utterance_id	utterance_type	utterance_text	terminate	regDate	updDate
BE22005461	1	0	오늘 구내식당에 사람 많은 거 보셨어요? 요즘 외부에서 오는 사람들이 엄청 많대요. 스트레스받아 미치겠어요.	N	2022-06-30 16:12:43	2022-11-08 03:59:35
BE22005461	2	1	네. SNS에서 저희 회사 밥이 맛있다고 소문이 났다더라고요. 그걸 보고 찾아오는 사람들이 많은 것 같아요.	N	2022-06-30 16:12:43	2022-11-08 03:59:35
BE22005461	3	0	가뜩이나 밥 먹을 시간도 부족한데 정말 짜증 나지 않아요? 사람들 바글거리는 거 보면 절로 한숨이 난다니까요.	N	2022-06-30 16:12:43	2022-11-08 03:59:35
BE22005461	4	1	요즘 업무량이 많아 밥 먹을 시간을 줄여야 해서 더 그런 것 같아요. 여유로울 때면 몰라도, 시간이 촉박한데 사람이 많으니까 초조하고 신경이 곤두서긴 하더라고요.	N	2022-06-30 16:12:43	2022-11-08 03:59:35
BE22005461	5	0	회사 측에서 규제를 좀 해줬으면 좋겠다니까요. 식당 밥 맛있는 게 복지라더니, 복지는커녕 스트레스만 쌓인다고요.	N	2022-06-30 16:12:43	2022-11-08 03:59:35
BE22005461	6	1	어차피 이런 SNS 입소문은 금방 가라앉기 마련이니까 우리 조금만 참아요. 게다가 그만큼 저희 회사 밥이 맛있다는 거기도 하니까, 자부심을 가져봅시다. 원래 식당 밥이 맛있어야 애사심이 생기는 거라잖아요.	N	2022-06-30 16:12:43	2022-11-08 03:59:35
BE22005461	7	0	그렇긴 하죠. 구내식당 밥이 맛없는 친구들은 정말 스트레스 많이 받아 하더라고요.	N	2022-06-30 16:12:43	2022-11-08 03:59:36
BE22005461	8	1	맞아요. 제 친구도 식당 밥이 하도 맛없어서 이직하고 싶을 정도래요. 그렇게 따지면 저희는 복 받은 거죠. 그렇게 생각하면서 스트레스를 조금이나마 푸세요.	N	2022-06-30 16:12:43	2022-11-08 03:59:36
BE22005461	9	0	공감화자씨 말이 맞아요. 복에 겨운 투정이었던 것 같기도 하네요. 공감화자씨랑 얘기하고 나니까 마음이 좀 가라앉네요.	N	2022-06-30 16:12:43	2022-11-08 03:59:36
BE22005461	10	1	그렇다면 다행이에요. 내일도 식당에 사람들이 차고 넘치겠지만, 오히려 그걸 즐겨보자고요. 줄 서서 먹는 맛집에 왔다고 생각하면 즐거울지도 몰라요.	N	2022-06-30 16:12:43	2022-11-08 03:59:36
BE22005461	11	0	하하. 정말 발상의 전환이네요. 공감화자씨는 참 긍정적인 것 같아요. 그래서 대화하다 보면 저도 덩달아 기분이 좋아진다니까요.	N	2022-06-30 16:12:43	2022-11-08 03:59:36
BE22005461	12	1	기분이 좋아지셨다니 저도 좋네요. 내일 구내식당에서 만나서 스트레스도 풀 겸 저희 밥 두 그릇 먹어요.	N	2022-06-30 16:12:43	2022-11-08 03:59:36
BE22005461	13	0	좋죠. 남들은 일부러 찾아와서도 먹는다는데 저희도 한 번 즐겨 봐요. 공감화자씨도 회사 다니시다가 힘든 일 있으시면 저한테 말해 주세요. 제가 항상 감사드리는 거 아시죠?	N	2022-06-30 16:12:43	2022-11-08 03:59:36
BE22005461	14	1	그럼요. 제가 제일 좋아하는 직장 동료가 감정화자씨인걸요. 언제든지 찾아올게요. 감정화자씨도 오늘처럼 나누고 싶은 말씀 있으시면 언제든 연락하세요.	N	2022-06-30 16:12:43	2022-11-08 03:59:36
BE22005461	15	0	정말 감사해요. 내일 구내식당에서 봬요!	Y	2022-06-30 16:12:43	2022-11-08 03:59:36
