id	utterance_id	utterance_type	utterance_text	terminate	regDate	updDate
BE22001282	1	0	대리님, 오늘도 역시 실패예요. 이제 화가 나려고 해요.	N	2022-06-14 08:47:57	2022-11-08 03:32:41
BE22001282	2	1	무슨 소리예요? 일이 잘 안 풀리는 거예요? 	N	2022-06-14 08:47:57	2022-11-08 03:32:41
BE22001282	3	0	건강을 위해서 금연 결심 굳건히 했는데 오늘도 유혹을 이기지 못했어요.	N	2022-06-14 08:47:57	2022-11-08 03:32:41
BE22001282	4	1	결심한 게 어디예요. 오늘은 실패했지만 다시 의지를 다져서 도전해 보는 게 중요하지요. 괜찮아요.	N	2022-06-14 08:47:57	2022-11-08 03:32:41
BE22001282	5	0	몇 번 이렇게 실패하니까 나 자신이 너무 한심하더라고요. 고작 담배 하나 못 끊고요.	N	2022-06-14 08:47:57	2022-11-08 03:32:41
BE22001282	6	1	그렇게 느낄 수도 있지 하지만 감정화자씨의 잘못이 아니에요. 담배에 있는 성분 때문에 몸이 중독돼서 그런 거죠. 마음은 다시 다잡으면 되지요.	N	2022-06-14 08:47:57	2022-11-08 03:32:41
BE22001282	7	0	그러면 될까요? 매번 막판에 실패해서 제 자신에게 실망과 분노가 일어요.	N	2022-06-14 08:47:57	2022-11-08 03:32:41
BE22001282	8	1	그랬군요. 나도 금연을 시도해봐서 그 마음 잘 알아요. 다 된 밥에 코 빠트린 기분, 내 손으로 다 망친 기분 완전히 이해해요.	N	2022-06-14 08:47:57	2022-11-08 03:32:41
BE22001282	9	0	역시 담배를 끊어보신 대리님이 제 마음을 알아주시는군요. 제가 금연에 도전할 수 있을까?	N	2022-06-14 08:47:57	2022-11-08 03:32:41
BE22001282	10	1	나도 끊는데 시간 정말 많이 걸렸잖아요. 감정화자씨는 나보다 핀 시간도 적으니 빨리 끊을 수 있을 거예요. 나만 믿어요.	N	2022-06-14 08:47:57	2022-11-08 03:32:41
BE22001282	11	0	대리님이 그렇게 말해주니 다시 금연 욕구가 차올라요. 감사해요.	N	2022-06-14 08:47:57	2022-11-08 03:32:41
BE22001282	12	1	당연하지요. 금연 껌도 한번 이용해 봐요. 그것도 은근히 도움이 되더라고요.	N	2022-06-14 08:47:57	2022-11-08 03:32:42
BE22001282	13	0	고마워요. 대리님한테 말하기 잘했어요. 오늘부터 다시 금연 시작!	N	2022-06-14 08:47:57	2022-11-08 03:32:42
BE22001282	14	1	감정화자씨는 나보다 의지력 강하니 금방 끊을 수 있을 거예요. 응원합니다.	Y	2022-06-14 08:47:57	2022-11-08 03:32:42
