id	utterance_id	utterance_type	utterance_text	terminate	regDate	updDate
BE22008165	1	0	아무래도 침대 매트를 잘못 구매한 것 같아요. 잠을 설쳐서 온몸이 아파요.	N	2022-07-12 08:43:00	2022-11-08 04:16:55
BE22008165	2	1	오래 고민하고 구매한 침대 매트 말인가요? 사용해봤더니 별로인가요?	N	2022-07-12 08:43:00	2022-11-08 04:16:55
BE22008165	3	0	네. 제가 지금까지 푹신한 매트만 쓰다가 처음으로 딱딱한 매트 침대를 샀거든요. 인터넷 쇼핑몰에서 후기를 보고 고민 끝에 샀는데, 정말 별로였어요. 몸살이 난 것처럼 몸이 뻐근하네요.	N	2022-07-12 08:43:00	2022-11-08 04:16:55
BE22008165	4	1	평소에 쓰지 않았던 딱딱한 매트라서 더 안 좋게 느껴졌을 수도 있겠어요. 잠은 편하게 자야 하는데, 그러지 못한 것 같아서 안타까워요.	N	2022-07-12 08:43:00	2022-11-08 04:16:55
BE22008165	5	0	그 매트가 허리에 좋다는 광고 문구를 보고 구매했거든요. 허리에 좋기는 무슨, 자고 일어나니까 허리가 아파서 스트레칭하는 것도 힘겹더라니까요. 제가 왜 이런 일을 겪어야 하는지 짜증 나서 일이 손에 안 잡혀요.	N	2022-07-12 08:43:00	2022-11-08 04:16:55
BE22008165	6	1	허리 건강을 위해 산 매트가 별 도움이 되지 않아서 많이 당황했겠어요. 게다가 몸이 여기저기 아프다고 하니 제 마음도 좋지 않네요.	N	2022-07-12 08:43:00	2022-11-08 04:16:55
BE22008165	7	0	딱딱한 침대에서 오늘도 자야 한다고 생각하니까 속이 꽉 막힌 것처럼 답답해요. 처리해야 할 중요한 할 일이 많은데 몸이 아파서 제대로 집중도 안 되고요. 정말 화가 나네요.	N	2022-07-12 08:43:00	2022-11-08 04:16:55
BE22008165	8	1	요즘처럼 일이 많은 시기에 잠을 푹 못 자서 혹시 건강에 해가 되지는 않을까 걱정돼요. 몸에 맞지 않는 그 침대에서 계속 잘 수는 없으니 환불을 해보는 건 어떨까요?	N	2022-07-12 08:43:00	2022-11-08 04:16:55
BE22008165	9	0	고심 끝에 구매한 거라서 매트를 오래 쓰고 싶었는데 속상해요. 환불하는 과정도 귀찮게 느껴져서 몸이 아파도 그냥 계속 써야 하나 싶어요. 화가 나니까 해결 방법이 떠오르기는커녕 마음이 심란해서 아무것도 못 하겠어요.	N	2022-07-12 08:43:00	2022-11-08 04:16:55
BE22008165	10	1	잠을 설친 데다가 몸이 아파서 마음이 복잡한 게 당연해요. 환불 과정이 번거롭겠지만 무엇보다 대리님의 건강이 중요하니, 마음이 진정되면 고객센터에 전화해보세요. 몸이 아픈 것을 참고 침대 위에서 잘 수는 없으니 말이에요.	N	2022-07-12 08:43:00	2022-11-08 04:16:55
BE22008165	11	0	맞아요, 이렇게 잠을 자다간 일주일도 안 돼서 병원에 입원하게 될 것 같아요. 대화하면서 마음을 털어놓으니 화났던 감정이 차츰 사라지고 차분해지네요. 고객센터에 문의해서 저랑 맞지 않는 이 침대를 다시 환불해야겠어요.	N	2022-07-12 08:43:00	2022-11-08 04:16:55
BE22008165	12	1	대리님의 마음이 편안해지신 것 같아서 참 다행이에요. 혹시라도 몸이 계속 아프면 병원에 가는 것도 잊지 말고요! 몸과 마음이 건강해야 어떤 일도 잘 해낼 수 있으니까요.	N	2022-07-12 08:43:00	2022-11-08 04:16:55
BE22008165	13	0	이번 기회에 환불도 제대로 하고, 제게 딱 맞는 침대 매트도 다시 알아봐야겠어요. 걱정해주고 응원해줘서 고마워요! 덕분에 마음이 편안해졌어요.	N	2022-07-12 08:43:00	2022-11-08 04:16:55
BE22008165	14	1	잠이 보약이라는 말도 있잖아요. 대리님의 건강하고 편안한 숙면을 저도 응원하고 있을게요!	Y	2022-07-12 08:43:00	2022-11-08 04:16:55
