id	utterance_id	utterance_type	utterance_text	terminate	regDate	updDate
BE22017091	1	0	회사에서 못 끝낸 일, 집에서 하는데 자꾸 와이프가 정신없게 하네. 신경 쓰여 일도 제대로 하지 못하고 화가 이만저만이 아니야.	N	2022-09-05 06:34:00	2022-11-08 05:13:14
BE22017091	2	1	잔업 하는 것만으로도 이미 짜증이 났을 텐데 일을 제대로 끝낼 수 없게 하다니 예민하겠어. 나였어도 빨리하고 쉬고 싶을 것 같은데 마음이 오죽 불편하겠어.	N	2022-09-05 06:34:00	2022-11-08 05:13:14
BE22017091	3	0	30분이면 처리할 일은 한 시간이 걸리게 만드니까 한껏 예민해지고 짜증이 올라오더라고. 일에 몰입이 제대로 안 돼.	N	2022-09-05 06:34:00	2022-09-05 06:34:00
BE22017091	4	1	나도 멀티태스킹이 잘 안되는 사람이라 일할 때는 거기에만 집중해야 하더라고. 아내가 어떻게 하는데 그래?	N	2022-09-05 06:34:00	2022-11-08 05:13:14
BE22017091	5	0	나를 위하는 마음은 알겠는데 자꾸 뭔가를 준비해 주려고 해. 과일 나르고 차 가져다주고 그러니 신경이 쓰이고 너무 귀찮아.	N	2022-09-05 06:34:00	2022-09-05 06:34:00
BE22017091	6	1	아내가 자네를 방해할 요량이 아니라 마음 편히 일할 수 있도록 도와주려 했던 모양이야. 집중이 안 됐었을 수는 있겠지만 아내의 마음에 고마움을 표현하면 자네 마음도 밝아질 거야. 그러면 조금은 즐거운 마음으로 일에 몰입할 수 있지 않을까?	N	2022-09-05 06:34:00	2022-11-08 05:13:14
BE22017091	7	0	그렇게 마음먹으려고 해도 신경 쓰이는 건 어쩔 수 없어. 종종 신경질도 낸다고. 하지 말라고 해도 너무 귀찮게 하니까.	N	2022-09-05 06:34:00	2022-11-08 05:13:14
BE22017091	8	1	아무튼 아내 분께서 감정화자씨가 너무 좋으니까 어떤 시간이든 함께 나누고 돕고 싶은 거지. 그러니 너무 나쁘게만 생각 말고 일 처리가 좀 늦어지더라도 기분 좋게 마음먹어봐. 가족의 지지와 응원만큼 마음에 힘이 되는 것도 없더라고.	N	2022-09-05 06:34:00	2022-11-08 05:13:14
BE22017091	9	0	일보다 가정이 먼저여야 하는데 내가 조금은 어리석었어. 가정도 조금은 돌아봐야겠다.	N	2022-09-05 06:34:00	2022-09-05 06:34:00
BE22017091	10	1	맞아, 가정을 지키려고 일도 하는 건데 뭐. 일도 중요하지만, 가족을 먼저 지키는 게 우선이더라. 가족의 행복이 곧 나의 행복이 되거든.	N	2022-09-05 06:34:00	2022-11-08 05:13:14
BE22017091	11	0	아내가 나를 아끼는 마음에 신경 써준 거라 생각하니 분노가 사그라드네. 내가 쓸데없이 예민하게 굴었어.	N	2022-09-05 06:34:00	2022-09-05 06:34:00
BE22017091	12	1	아내 사랑의 힘으로 일 잘 마무리할 수 있기를 응원할게. 근무 시간 외 추가로 일하는 거라 힘들겠지만 조금만 더 힘내길 바라.	N	2022-09-05 06:34:00	2022-11-08 05:13:14
BE22017091	13	0	아내가 준 차 마시면서 마음을 진정시키며 일해봐야겠다.	N	2022-09-05 06:34:00	2022-09-05 06:34:00
BE22017091	14	1	긍정적인 방향으로 잘 생각했어. 우린 회사에서 보자고, 동료!	Y	2022-09-05 06:34:00	2022-11-08 05:13:14
