id	utterance_id	utterance_type	utterance_text	terminate	regDate	updDate
BE22014186	1	0	아니, 이런 경우가 어디 있을까요. 계약할 것처럼 하더니 오늘 만나기로 했었는데 계약 안 하신대요. 어쩔 수 없이 화가 치미네요.	N	2022-08-15 06:01:10	2022-08-15 06:01:10
BE22014186	2	1	저번에 오셔서 3시간 상담하고 가신 그분이요? 감정화자씨 진이란 진은 다 빼놓으시더니 왜 갑자기 취소하신 거래요?	N	2022-08-15 06:01:10	2022-08-15 06:01:10
BE22014186	3	0	엄청 깐깐하고 꼼꼼하신 분이라 계약 설명 전에도 이것저것 트집 잡으시고 툴툴거리시더니. 어제 갑자기 연락해 와서 계약하겠다고 약속 잡자 하셨었어요. 그래 놓고서는 갑자기 취소하니 정말 화가 나네요.	N	2022-08-15 06:01:10	2022-11-08 04:55:19
BE22014186	4	1	어머, 감정화자님 정말 울화가 치미시겠어요. 게다가 일정은 또 얼마나 꼬이셨을까. 손해가 이만저만이 아니시죠?	N	2022-08-15 06:01:10	2022-11-08 04:55:19
BE22014186	5	0	안 할 것 같아서 거리 두려고 하면 갑자기 할 것처럼 계약서 보내 달라고 하셔요. 제가 기대하면 생각해 본다고 하시고, 사람 가지고 노는 것도 아니고 정말 화가 나요.	N	2022-08-15 06:01:10	2022-08-15 06:01:10
BE22014186	6	1	저런, 감정화자님 화가 날 만했네요. 저였으면 열받아서 전화해서 이게 무슨 매너냐고 따졌을 것 같아요. 지금 아무것도 손에 안 잡히죠?	N	2022-08-15 06:01:10	2022-11-08 04:55:19
BE22014186	7	0	네, 이 일이 큰 건이다 보니 여기에 집중하느라 다른 일들을 거의 손을 못 댔어요. 근데 거의 성사된 계약을 눈앞에서 놓치니까 화는 나는데 어디다 하소연할 데도 없네요.	N	2022-08-15 06:01:10	2022-11-08 04:55:19
BE22014186	8	1	그래도 당장 해결해야 할 계약들이 산더미잖아요. 암만 약 올라도 엎어진 계약을 주워 담을 수는 없으니, 우리 같이 으쌰 으쌰 해봐요. 다시 또 좋은 건수가 올 거예요.	N	2022-08-15 06:01:10	2022-11-08 04:55:19
BE22014186	9	0	사실 이 계약 성사 못한다고 당장 큰일이 나는 건 아니지만 이것도 사람이 하는 일이잖아요. 최소한의 매너는 지켜줬으면 하는 게 그렇게 큰 바람일까요?	N	2022-08-15 06:01:10	2022-08-15 06:01:10
BE22014186	10	1	다들 사람한테 상처받고 싶지 않지만 돈이 오가는 일이다 보니 이런 일 비일비재하더라고요. 얼른 잊어버리고 다른 거 같이 해요. 내가 도와줄게요.	N	2022-08-15 06:01:10	2022-08-15 06:01:10
BE22014186	11	0	고마워요, 공감화자님. 저도 공감화자님처럼 감정보다 이성적이고 차분했으면 좋겠네요.	N	2022-08-15 06:01:10	2022-11-08 04:55:19
BE22014186	12	1	저도 처음부터 이랬던 건 아니었어요. 비록 3년 정도 먼저 시작했지만 유독 진상 같은 고객을 많이 만나서 이골이 났어요. 상황이 안 좋게 흘러갈 때는 받아들이고 최대한 감정의 동요 없이 다음 일에 매진하려고 노력해요.	N	2022-08-15 06:01:10	2022-11-08 04:55:19
BE22014186	13	0	제가 아직 경험이 부족한가 봐요. 앞으로도 많이 알려주세요. 덕분에 화가 좀 가라앉으면서 아까운 감정 소비 덜 한 것 같아요.	N	2022-08-15 06:01:10	2022-08-15 06:01:10
BE22014186	14	1	네, 그 사람들도 다 사정이 있었을 거예요. 더 좋은 조건의 계약이 생겼는데 어떻게 그냥 진행하겠어요. 다른 계약이나 잘 마무리합시다.	N	2022-08-15 06:01:10	2022-08-15 06:01:10
BE22014186	15	0	네, 공감화자씨 말도 일리가 있네요. 그러는 것이 답인가 봐요. 도와줘서 고마워요.	Y	2022-08-15 06:01:10	2022-11-08 04:55:19
