id	utterance_id	utterance_type	utterance_text	terminate	regDate	updDate
BE22005632	1	0	병원에 요즘 부쩍 남자 간호사들이 많아진 것 같지 않아요?	N	2022-07-01 14:47:00	2022-11-08 04:00:40
BE22005632	2	1	네, 저도 다른 선생님께 들었는데, 이번에 신규로 들어오시는 분들 중에 남자분들이 많대요.	N	2022-07-01 14:47:00	2022-11-08 04:00:40
BE22005632	3	0	정말 너무 짜증나네요. 남자 간호사들이랑 부딪혀야 한다니, 벌써부터 혈압이 오르는 것 같은 기분이에요. 옛날에 다니던 직장에서 남자 간호사들이랑 갈등이 자주 있었거든요.	N	2022-07-01 14:47:00	2022-11-08 04:00:40
BE22005632	4	1	선생님한테 그런 일이 있으신 줄은 몰랐어요. 남자 간호사들하고만 갈등이 생기셨으면 충분히 걱정되실 법도 하네요.	N	2022-07-01 14:47:00	2022-11-08 04:00:40
BE22005632	5	0	제가 이상한 건지, 그때 너무 안 맞아서 남자 간호사들한테 편견까지 생길 정도라니까요. 일하는 것도 제멋대로고, 소통도 안 되고 아무튼 골치 아파요. 이번에도 그런 일이 생길까 봐 벌써 머리가 아픈 것 같네요.	N	2022-07-01 14:47:00	2022-11-08 04:00:40
BE22005632	6	1	전 직장에서 많이 힘드셨나 보네요. 아무래도 간호사들이 업무 부담도 너무 과중되어 있고 하다 보니 사소한 것으로도 문제가 크게 되니까요. 선생님 심정이 뭔지 알 것도 같습니다.	N	2022-07-01 14:47:00	2022-11-08 04:00:40
BE22005632	7	0	남자 간호사들이 유독 저랑 업무 성향이 안 맞더라고요. 지금 근무지에서는 업무가 적성에 잘 맞는데, 트러블이 생길까 봐 걱정이에요.	N	2022-07-01 14:47:00	2022-11-08 04:00:40
BE22005632	8	1	그런데 아직 새로 오신 선생님들하고 만나본 적이 없으시잖아요. 먼저 개별적으로 알아간 뒤에 걱정해도 늦지 않을 것 같습니다.	N	2022-07-01 14:47:00	2022-11-08 04:00:40
BE22005632	9	0	저도 저번 직장에서 많이 노력했죠. 그런데 근본적으로 안 맞는 무언가가 있더라고요. 남자 간호사 한 사람하고만 안 맞는 게 아니라, 전반적으로 성향이 안 맞는 것 같아요.	N	2022-07-01 14:47:00	2022-11-08 04:00:40
BE22005632	10	1	그러셨군요. 그래도 그런 편견을 가지고 계시면 선생님 마음이 더 힘들어지실 것 같습니다. 과거 일은 과거 일대로 넘기고, 넓은 마음으로 받아주시는 건 어떨까요?	N	2022-07-01 14:47:00	2022-11-08 04:00:40
BE22005632	11	0	굳이 안 만나봐도 뻔해요. 제가 본 사람들은 다 똑같았거든요. 은연중에 우리 간호사들 무시하고, 업무 방식이 안 맞는다고 하고요.	N	2022-07-01 14:47:00	2022-11-08 04:00:40
BE22005632	12	1	어차피 함께 근무할 사이니, 적응하시는 게 마음 편하지 않으세요? 지금은 근무지도 다르고 사람도 다르니, 어떻게 될지는 모르죠. 안 그래도 교대근무라 간호사 일이 힘든데 벌써 걱정하시면 괜히 더 피곤해지실까 봐 제가 다 걱정입니다.	N	2022-07-01 14:47:00	2022-11-08 04:00:40
BE22005632	13	0	그렇게 마음 먹는 게 쉽지가 않네요. 과거 일들이 떠올라서 말이에요. 제가 너무 예민한 걸까요?	N	2022-07-01 14:47:00	2022-11-08 04:00:40
BE22005632	14	1	선생님께서는 직업 정신이 투철하시고 일도 열심히 하고 싶으셔서 그러시는 걸 거예요. 병원에서 트러블 생기면 그 피해는 환자한테 가니까요. 그래도 스트레스 덜 받으시려면 먼저 미움의 시선으로만 보지 마시고 먼저 긍정적으로 생각해주세요.	N	2022-07-01 14:47:00	2022-11-08 04:00:40
BE22005632	15	0	그래야겠죠? 전문적인 의료 서비스를 제공하려면 이런 사소한 일은 제가 컨트롤해야겠죠. 그렇게 먼저 말 꺼내줘서 고마워요.	N	2022-07-01 14:47:00	2022-11-08 04:00:40
BE22005632	16	1	선생님께서는 항상 책임감 있고 환자를 존중하는 분이시잖아요. 선생님과 함께 오래 근무하고 싶은 마음에 조심스럽게 말씀드리는 거예요.	N	2022-07-01 14:47:00	2022-11-08 04:00:40
BE22005632	17	0	저도 언제까지고 화만 낼 수는 없는 일이잖아요. 선생님 말씀대로 제가 먼저 신규 남자 간호사분들이랑 인사를 해 봐야겠어요.	N	2022-07-01 14:47:00	2022-11-08 04:00:40
BE22005632	18	1	제 이야기가 불편하실 수도 있었을 텐데, 좋게 들어주셔서 감사해요.	N	2022-07-01 14:47:00	2022-11-08 04:00:40
BE22005632	19	0	아닙니다, 오히려 제가 선생님께 실례했습니다. 저도 긍정적으로 생각해보려고 노력해야죠. 선생님과의 대화로 인해서 제 태도를 돌아보게 되고 반성하게 되네요.	N	2022-07-01 14:47:00	2022-11-08 04:00:40
BE22005632	20	1	저도 곁에서 함께 노력하겠습니다! 어려운 일 있으시면 또 고민 들어드릴게요.	Y	2022-07-01 14:47:00	2022-11-08 04:00:40
