id	utterance_id	utterance_type	utterance_text	terminate	regDate	updDate
BE22000001	1	0	과장님, 빨리 퇴근하고 싶어요. 야근 작업이 끝이 없어서 너무 화가 나요.	N	2022-05-30 06:56:42	2022-11-08 03:24:12
BE22000001	2	1	아직도 야근 중인가요?	N	2022-05-30 06:56:42	2022-11-08 03:24:12
BE22000001	3	0	팀장님이 마치기 전에 5분 전에 내일 아침 미팅 자료 좀 검토해 놓으라고 하셨거든요.	N	2022-05-30 06:56:42	2022-11-08 03:24:12
BE22000001	4	1	어제부터 몸살기가 있어서 고생하더니, 일찍 퇴근도 못하고 고단해서 어째요.	N	2022-05-30 06:56:42	2022-11-08 03:24:12
BE22000001	5	0	그러니까요. 퇴근하자마자 감기약을 먹고 쉬려고 했는데 머리에서 열이 솟구치는 기분이에요.	N	2022-05-30 06:56:42	2022-11-08 03:24:12
BE22000001	6	1	에구, 하필 아픈 날 어째요. 그것도 프로젝트 마치고 몸살이 난 건데요. 직장인의 삶은 고달프네요.	N	2022-05-30 06:56:42	2022-11-08 03:24:12
BE22000001	7	0	그것뿐이 아니에요, 내일 검색해도 될 것을 지금 하라고 하셨어요.	N	2022-05-30 06:56:42	2022-11-08 03:24:12
BE22000001	8	1	혹시 몸이 아프다고 말씀드려보면 어떨까요?	N	2022-05-30 06:56:42	2022-11-08 03:24:12
BE22000001	9	0	핑계라고 생각하실 것 같아요. 하루 종일 아픈 내색을 안 하려고 애썼거든요.	N	2022-05-30 06:56:42	2022-11-08 03:24:13
BE22000001	10	1	감정화자씨 워낙 일에 대해서 철저하니까 내색을 안 했겠지요. 감정화자씨 보면 진정한 프로가 뭔지 느끼게 돼요.	N	2022-05-30 06:56:42	2022-11-08 03:24:13
BE22000001	11	0	인정을 받고 나니 어쩐지 기운이 저는 기분이네요. 얼른 해치우고 집에 가서 마음 편히 앓아야겠어요.	N	2022-05-30 06:56:42	2022-11-08 03:24:13
BE22000001	12	1	금방 처리할 수 있을 거예요. 항상 빠릿빠릿하고, 컴퓨터도 잘 다루니까요!	N	2022-05-30 06:56:42	2022-11-08 03:24:13
BE22000001	13	0	그렇게 말해줘서 고마워요. 일단은 시키신 업무니까 얼른 해볼게요.	N	2022-05-30 06:56:42	2022-11-08 03:24:13
BE22000001	14	1	조금만 힘내서 마무리하고 집에 가서 푹 쉬어요.	Y	2022-05-30 06:56:42	2022-11-08 03:24:13
