id	utterance_id	utterance_type	utterance_text	terminate	regDate	updDate
BE22015890	1	0	아침부터 운전 중에 타이어에 펑크가 났습니다. 회사에 늦을 것 같아서 너무 화가 나네요.	N	2022-08-26 07:45:45	2022-11-08 05:05:54
BE22015890	2	1	저런 어디 다치지는 않으셨나요? 출근 시간대에 펑크라니 상상만으로도 기분이 너무 안 좋을 것 같아요.	N	2022-08-26 07:45:45	2022-11-08 05:05:54
BE22015890	3	0	다행히 다치지는 않았어요. 근데 오늘 빨리 출근해야 해서 마음이 급한데 타이어 펑크라서 화가 치밀어 오릅니다.	N	2022-08-26 07:45:45	2022-08-26 07:45:45
BE22015890	4	1	그런 상황이라면 정말 화가 나죠. 저라도 내가 어찌하지 못하는 현실과 계획했던 이상 사이에 불일치가 발생하면 너무 화가 나더라고요.	N	2022-08-26 07:45:45	2022-11-08 05:05:54
BE22015890	5	0	오늘 오전 회의 전에 준비해야 할 자료가 있어서 회사에 빨리 출근해야 했거든요. 오전회의 준비도 그렇지만 오늘도 대리님한테 깨질 생각하니까 벌써부터 머리가 지끈지끈하네요.	N	2022-08-26 07:45:45	2022-11-08 05:05:54
BE22015890	6	1	오늘이 팀 오전 회의 날이었군요. 아 회의 날에 늦는 건 진짜 끔찍한 일인데, 정말 하필 오늘 아침에 타이어 펑크가 났다니.	N	2022-08-26 07:45:45	2022-11-08 05:05:54
BE22015890	7	0	그래서 지금 너무너무 화를 주체할 수가 없네요.	N	2022-08-26 07:45:45	2022-08-26 07:45:45
BE22015890	8	1	그렇지만 오늘 아침의 타이어 펑크는 사고니까 대리님도 분명 이해해 주실 거라 생각합니다. 원해서 일어난 일도 아니고 누구에게도 일어날 수 있는 일이니까요.	N	2022-08-26 07:45:45	2022-11-08 05:05:54
BE22015890	9	0	그래도 오늘만큼은 머피의 법칙이 빗겨 가길 바랐는데! 하필 오늘 사고가 나서 더 마음이 심란하네요.	N	2022-08-26 07:45:45	2022-11-08 05:05:54
BE22015890	10	1	화를 낸다고 상황이 바뀌지는 않으니까요. 지금은 화를 내는 것보다 흘려보내는 것도 나쁘지 않다고 봅니다.	N	2022-08-26 07:45:45	2022-11-08 05:05:54
BE22015890	11	0	정말 심호흡을 크게 나니 화가 조금 가시는 것 같아요. 맞아요 제가 이렇게 화를 낸다고 해서 바뀌는 건 없겠죠. 조금 진정이 됐습니다. 감사합니다.	N	2022-08-26 07:45:45	2022-11-08 05:05:54
BE22015890	12	1	힘들 때 웃는 자가 일류라고 하잖아요. 너무 걱정하지 않으셔도 오전 회의는 문제없이 이루어질 수 있을 거예요.	N	2022-08-26 07:45:45	2022-11-08 05:05:54
BE22015890	13	0	오전 회의는 대리님께 빨리 전화해서 부탁드려야겠네요. 이제야 객관적으로 생각할 수 있게 된 것 같아요.	N	2022-08-26 07:45:45	2022-11-08 05:05:54
BE22015890	14	1	오 확실히 그게 제일 좋은 방법인 것 같아요. 꼭 잘 해결되기를 바라겠습니다.	N	2022-08-26 07:45:45	2022-11-08 05:05:54
BE22015890	15	0	네 감사합니다. 이따 회사에서 뵐게요.	Y	2022-08-26 07:45:45	2022-08-26 07:45:45
