id	utterance_id	utterance_type	utterance_text	terminate	regDate	updDate
BE22014900	1	0	하, 정말 아들 때문에 미치겠어요. 도움이 되는 일이 없어요.	N	2022-08-19 07:48:59	2022-08-19 07:48:59
BE22014900	2	1	저런, 무슨 일이길래 그래요?	N	2022-08-19 07:48:59	2022-08-19 07:48:59
BE22014900	3	0	아들이 중요한 서류에 낙서를 해놓았어요. 하, 굳이 제 책상까지 올라와서 크레파스로 계약서에 그림 그렸다니까요. 정말 왜 그러는지 모르겠어서 화가 나요.	N	2022-08-19 07:48:59	2022-08-19 07:48:59
BE22014900	4	1	아이고, 화가 날 수밖에 없는 일이네요. 저 같았으면 제 잘못도 아닌 걸 제가 책임져야 해서 너무 짜증 날 것 같아요.	N	2022-08-19 07:48:59	2022-11-08 04:59:46
BE22014900	5	0	중요한 서류라 일부러 손에 안 닿는 책상에 놔둔 건데 기어코 올라갔더라고요. 그래서 서류 다시 작성하고 프린트 해야 하는 거라 열이 받네요.	N	2022-08-19 07:48:59	2022-11-08 04:59:46
BE22014900	6	1	아이고, 괜히 번거로운 일만 생겨서 열 받겠어요. 저도 예전에 남편이 제가 집에 갖고 온 회사 서류 모르고 버린 적 있었거든요. 그래서 지금 감정화자씨가 얼마나 분노에 차 있을 수밖에 없는지 이해가 가요.	N	2022-08-19 07:48:59	2022-11-08 04:59:46
BE22014900	7	0	다른 종이도 많은데 어떻게 딱 이 서류에 낙서를 해놓았을까요. 하마터면 낙서가 된 줄 모르고 대표님께 그대로 줄 뻔했네요. 어휴, 된통 깨졌을 거 생각하면 화가 치솟아요.	N	2022-08-19 07:48:59	2022-11-08 04:59:46
BE22014900	8	1	으아, 정말 상상만 해도 아찔하네요. 그래도 금방 발견해서 그나마 다행이라 생각하면 마음이 조금 편하지 않을까요?	N	2022-08-19 07:48:59	2022-11-08 04:59:46
BE22014900	9	0	그러면 뭐 해요. 마무리했던 작업 다시 작업하게 생겼는데 말이에요. 참 이것 때문에 다른 일도 못 해서 화가 진정이 안 돼요.	N	2022-08-19 07:48:59	2022-11-08 04:59:46
BE22014900	10	1	이렇게 기분 안 좋은 날이 있으면 그만큼 기분 좋은 날도 오더라고요. 그냥 오늘은 운이 안 좋은 날이다, 하는 생각으로 끝내고 더는 스트레스 받지 않기로 해요. 고의로 한 것도 아니니 우리가 마음 넓게 한번 이해해주고 넘어가는 게 어떨까요.	N	2022-08-19 07:48:59	2022-11-08 04:59:46
BE22014900	11	0	그렇게 말해줘서 고마워요. 공감화자씨 말을 들으니 좀 진정이 돼요. 하긴 우리 아들도 일부러 그런 건 아니겠죠?	N	2022-08-19 07:48:59	2022-11-08 04:59:46
BE22014900	12	1	억지로라도 웃으면 기분이 한결 나아진다고 해요. 사람 살다 보면 별일 다 생기는데 그럴 때마다 화를 내면 본인만 손해잖아요. 마음이 금방 진정되기는 어렵겠지만 그래도 얼른 기분이 좋아졌으면 좋겠어요.	N	2022-08-19 07:48:59	2022-11-08 04:59:46
BE22014900	13	0	네, 제가 너무 화를 냈던 것 같아요. 이렇게 얘기 들어보니 정말 마음이 차분해지네요!	N	2022-08-19 07:48:59	2022-08-19 07:48:59
BE22014900	14	1	기분이 나아져서 다행이에요! 영 극복하기 힘들다 싶으면 차라리 아무 생각 안 하는 게 좋더라고요.	N	2022-08-19 07:48:59	2022-11-08 04:59:46
BE22014900	15	0	네, 다음에 한 번 그렇게 해봐야겠어요. 위로해줘서 고마워요!	Y	2022-08-19 07:48:59	2022-08-19 07:48:59
