id	utterance_id	utterance_type	utterance_text	terminate	regDate	updDate
BE22007187	1	0	과장님, 팀장님 정말 너무하신 것 같아요.	N	2022-07-08 07:54:00	2022-11-08 04:10:45
BE22007187	2	1	왜 그래 대리님, 오늘 팀장님이랑 무슨 일 있었어?	N	2022-07-08 07:54:00	2022-11-08 04:10:45
BE22007187	3	0	오전에 팀장님께 갑자기 업무 분장이 새로 바뀌었다는 메일을 받았어요. 원래 주간 계획 보고는 신입 직원이 담당하는 일인데, 갑자기 다음 주부터 저한테 하라고 하시지 뭐예요.	N	2022-07-08 07:54:00	2022-11-08 04:10:45
BE22007187	4	1	그랬구나, 우리 대리님이 당황스러웠겠는 걸, 신입 직원에게 무슨 일이 있는 거야?	N	2022-07-08 07:54:00	2022-11-08 04:10:45
BE22007187	5	0	신입 직원이 업무량이 너무 많아서 못 하겠다고 했대요. 그런데 저는 업무가 더 많거든요, 팀장님이 그걸 왜 모르시는 걸까요? 이렇게 갑자기 업무가 추가되니 너무 화가 나요.	N	2022-07-08 07:54:00	2022-11-08 04:10:46
BE22007187	6	1	팀장님이 그 부분에 있어서는 배려가 조금 부족하셨네. 아무리 업무 분장을 다시 한다고 해도 미리 시간을 조금 주셨다면 좋았을 텐데. 대리님 속상한 마음 충분히 이해해.	N	2022-07-08 07:54:00	2022-11-08 04:10:46
BE22007187	7	0	평소에 저도 일이 많다고 팀장님께 면담 때 말씀드린 적이 있는데, 그때는 아무 조치 없으셨거든요. 그런데 갑자기 신입 직원이 일이 많다니까 업무 분장을 다시 하시는 거 있죠. 제 말을 들어주시는 것 같아 굉장히 속이 상해요.	N	2022-07-08 07:54:00	2022-11-08 04:10:46
BE22007187	8	1	팀장님께서 지난 회식 때 우리 대리님이 고생한다고 말씀하시긴 했어. 아마 우리 대리님 요청도 고려하시는 중일 거야. 새로운 직원은 아직 일이 서투르니까 대리님에게 일을 준 걸 거야.	N	2022-07-08 07:54:00	2022-11-08 04:10:46
BE22007187	9	0	아무리 그래도 다른 사람에게 일을 줄 수도 있었을 것 같은데, 팀장님이 조금 원망스러워요. 평소에 저에게 칭찬을 해주시긴 하지만 일을 더 많이 주기 위해 그런 것 같아요.	N	2022-07-08 07:54:00	2022-11-08 04:10:46
BE22007187	10	1	아니야, 팀장님은 우리 대리님을 진심으로 믿고, 유능한 직원으로 생각하고 있어. 아마 급한 업무 분장이 대리님에게 몰린 것도 대리님이 가장 믿음직해서 일 거야. 대리님이 일 열심히 하고 잘하는 거 누구나 다 알잖아.	N	2022-07-08 07:54:00	2022-11-08 04:10:46
BE22007187	11	0	제가 이 팀에서 일을 가장 잘 알기는 하죠. 과장님께서 그렇게 말씀하시니 팀장님이 제가 미워서 그런 게 아니라는 생각이 들어요. 일단 마음을 가라앉히고 팀장님과 차분히 얘기해 볼게요.	N	2022-07-08 07:54:00	2022-11-08 04:10:46
BE22007187	12	1	잘 생각했어, 역시 우리 대리님이 있어서 우리 팀이 유지가 되는 것 같아. 항상 모두가 우리 대리님에게 고맙게 생각하고 있는걸. 팀장님이랑 잘 얘기 해 봐.	N	2022-07-08 07:54:00	2022-11-08 04:10:46
BE22007187	13	0	항상 저를 좋게 말씀해주시고 격려해주셔서 감사해요. 기분이 많이 나아졌어요. 정말 감사합니다, 과장님.	N	2022-07-08 07:54:00	2022-11-08 04:10:46
BE22007187	14	1	내가 항상 우리 대리님한테 고맙지. 오늘 저녁에는 내가 맛있는 거 사줄게. 기분 좋은 하루 보내자.	Y	2022-07-08 07:54:00	2022-11-08 04:10:46
