id	utterance_id	utterance_type	utterance_text	terminate	regDate	updDate
BE22018117	1	0	선배, 저 오늘 조금 늦을 것 같아요. 회사 출입증 카드를 집에서 가져오지 않았어요. 이런 실수를 하는지 스스로에게 화가 나요.	N	2022-09-14 04:49:03	2022-09-14 04:49:03
BE22018117	2	1	감정화자씨, 왜 그래? 출근하면서 무슨 일 있어?	N	2022-09-14 04:49:03	2022-09-14 04:49:03
BE22018117	3	0	집에 놓고 왔다는 것을 회사에 거의 다 와서 알았어요. 출입증 없으면 출입을 할 수 없어서 지금 집으로 돌아가고 있는데 짜증 나고 화가 나요.	N	2022-09-14 04:49:03	2022-11-08 05:19:28
BE22018117	4	1	회사에서 집까지 거리도 있는데, 다시 갔다가 올 생각을 하면 나라도 화가 났을 것 같아. 감정화자님 마음이 이해가 돼.	N	2022-09-14 04:49:03	2022-11-08 05:19:28
BE22018117	5	0	사실은 아침에 알람 맞춰 놓은 시간에 일어났다가 다시 잠들었거든요. 그 사이에 20분이 흘렀더라고요. 부랴부랴 출근 준비하면서 지갑만 챙기고 책상에 출입증을 놓고 왔어요.	N	2022-09-14 04:49:03	2022-09-14 04:49:03
BE22018117	6	1	사람마다 준비하는 과정이 다르겠지만, 미리 챙기지 못해서 고생하는 게 안쓰럽네. 출근하면서 목에 걸고 나오지 않았어? 집까지 언제 다시 갔다 오나 싶을 거야.	N	2022-09-14 04:49:03	2022-11-08 05:19:28
BE22018117	7	0	제 불찰이니 누구한테 하소연도 못 하겠고 답답해 미치겠습니다. 늦었어도 출근할 때 한 번만 더 확인했어도 이렇게 시간 낭비하지 않았을 거 같아요. 조금 더 자겠다고 누웠던 저 자신을 욕하고 싶어요.	N	2022-09-14 04:49:03	2022-11-08 05:19:28
BE22018117	8	1	직장인이라면 누구나 더 자고 싶은 마음이야 굴뚝 같지. 살다 보면 예기치 않는 상황에 화를 내기도 하지만, 그러니까 사람이기도 한 것 같아. 너무 자신을 원망하지 말고 스스로를 다독여 주었으면 좋겠어.	N	2022-09-14 04:49:03	2022-11-08 05:19:28
BE22018117	9	0	제가 저를 용서하기가 힘든 것 같아요. 이런 실수를 한 것 자체가 너무너무 화가 납니다.	N	2022-09-14 04:49:03	2022-09-14 04:49:03
BE22018117	10	1	완벽하려고 노력하는 것은 좋지만, 누구보다 자신을 사랑해 줘야 하는 사람이라는 것을 잊지 않았으면 좋겠어. 더 높은 잣대를 들이밀지 않아도 충분히 잘하고 있으니, 그만 자책했으면 해.	N	2022-09-14 04:49:03	2022-11-08 05:19:28
BE22018117	11	0	선배님 말씀을 들으니, 그래도 마음이 조금 누그러집니다. 저 자신에게 너무 높은 기준을 요구하고 있었던 것도 맞는 것 같아요.	N	2022-09-14 04:49:03	2022-11-08 05:19:28
BE22018117	12	1	실수는 다시 반복하지 않으면 되니까 너무 걱정하지 말고. 조금은 마음을 편하게 먹고 스스로에게 조금 더 관대해져도 좋을 것 같아.	N	2022-09-14 04:49:03	2022-11-08 05:19:28
BE22018117	13	0	네, 저를 생각해 주시는 선배님 말씀처럼 할 수 있도록 노력해 볼게요. 좋은 말씀 해주셔서 감사합니다.	N	2022-09-14 04:49:03	2022-09-14 04:49:03
BE22018117	14	1	기분이 나아졌다고 하니 오히려 다행이야. 너무 급하게 갔다 오려고 하지 말고 운전 조심하게.	N	2022-09-14 04:49:03	2022-11-08 05:19:28
BE22018117	15	0	네, 그렇게 하겠습니다.	Y	2022-09-14 04:49:03	2022-09-14 04:49:03
