id	utterance_id	utterance_type	utterance_text	terminate	regDate	updDate
BE22019192	1	0	요새 마음 상할 일이 너무 잦아지고 있어요. 일할 때마다 크고 작은 일이 자꾸 생기니까 이제는 세상이 나한테 왜 이러는지 모르겠다니까요. 꼭 내가 괴로워하기를 바라는 것 같아서 짜증 나고 화가 나요.	N	2022-09-21 01:44:33	2022-09-21 01:44:33
BE22019192	2	1	어떤 날은 유독 마음처럼 풀리지 않을 때가 있죠. 마음에 화가 쌓이다 보면 사소한 일에도 예민해지게 돼서 그만큼 몸도 힘들어지고요. 여러모로 신경 쓸 일이 많은 와중에 고된 일들이 자꾸 생기시는 듯해서 걱정되네요.	N	2022-09-21 01:44:33	2022-11-08 05:25:15
BE22019192	3	0	오늘 회의에서는 상사가 제가 한 게 아닌 잘못으로 저를 채근하던 것 있죠. 저한테 책임이 있는 일이 아니라고 몇 번을 말해도 듣지를 않으셔서 속으로 얼마나 화가 났는지. 가슴이 분노로 부글부글 끓어서 답답할 지경이었다니까요.	N	2022-09-21 01:44:33	2022-09-21 01:44:33
BE22019192	4	1	그렇지 않아도 예민하고 힘든 시기에 잘못하지 않은 일로 추궁까지 당해서 더 고단하셨겠어요. 책임의 무게만큼 마음도 무겁고 불편해져서 많이 힘드셨을 테고요. 전해 듣기만 해도 가슴이 답답해지는데 오죽하셨을까 싶어요.	N	2022-09-21 01:44:33	2022-11-08 05:25:15
BE22019192	5	0	이렇게 힘든 일이 동시다발적으로 몰려올 때마다 나한테 왜 이러는지 모르겠다는 생각을 해요. 내가 그렇게 많은 잘못을 했나 싶어서 따지고 드는 일도 답답하고 그냥 화만 더 쌓여요.	N	2022-09-21 01:44:33	2022-09-21 01:44:33
BE22019192	6	1	고된 와중에도 대리님께서는 매사에 성실하고 꼼꼼하게 임하는 편이잖아요. 마음이 버거울 적에도 포기하지 않고 책임을 놓지 않는 모 습은 정말 대단하다고 생각해요. 피곤하고 힘들어서 다 내려놓고 싶으시겠지만, 그래도 정말 잘하고 계세요.	N	2022-09-21 01:44:33	2022-11-08 05:25:15
BE22019192	7	0	하루하루 도망치고 싶은 마음을 꾹 참아 가면서 버티고 있어요. 이러다가 언제 분노가 터질지 모르겠어서 조마조마해요, 저도. 아침부터 화를 냈더니 이제는 머리가 뜨끈하게 느껴지네요.	N	2022-09-21 01:44:33	2022-09-21 01:44:33
BE22019192	8	1	지금은 이런저런 일들이 많아서 소란하지만 대리님 특유의 근성으로 잘 이겨 내실 수 있을 거예요. 그러니 지금처럼 화가 치솟을 때는 차분하게 숨을 고르면서 마음을 진정시켜 보세요. 마음가짐을 차분하게 하면 이성적으로 생각할 수 있게 되면서 어려움 없이 해낼 수 있을 거예요.	N	2022-09-21 01:44:33	2022-11-08 05:25:15
BE22019192	9	0	말씀해 주신 대로 심호흡을 하면서 생각을 정리해 보니 훨씬 나아지는 것 같아요. 자꾸 화를 내다 보니까 별일 아닌 일에도 화를 냈나 싶어서 후회되기도 하네요.	N	2022-09-21 01:44:33	2022-11-08 05:25:15
BE22019192	10	1	사람이라면 누구나 마음에 여유가 없을 때 쉽게 화를 내게 되잖아요. 복잡했던 마음을 차분히 가라앉히고 숨을 가다듬으면 마음도 덩달아 평안해질 거예요.	N	2022-09-21 01:44:33	2022-11-08 05:25:15
BE22019192	11	0	세상에는 힘든 일 투성이고, 가끔은 나한테 왜 이러는지 모르겠다는 생각이 들지만 견뎌야겠죠. 마음이 너무 답답해서 옥상에 나가서 소리라도 지르고 싶었는데 대리님께 문자를 보내길 잘한 것 같아요.	N	2022-09-21 01:44:33	2022-09-21 01:44:33
BE22019192	12	1	제가 조금이라도 도움이 될 수 있어서 다행이에요. 앞으로도 언제든 화가 쉽게 가라앉지 않거나 고민이 생기면 저에게 연락 주세요. 저에게 늘 많은 도움을 주시는 만큼 저도 보답할 수 있도록 노력할게요.	N	2022-09-21 01:44:33	2022-11-08 05:25:15
BE22019192	13	0	말씀만 들어도 마음이 든든해지네요. 잠시 혼자 있으면서 화도 마저 가라앉히고 숨을 좀 고르고 와야겠어요.	N	2022-09-21 01:44:33	2022-11-08 05:25:15
BE22019192	14	1	네, 언제든 필요한 일 있으면 또 메시지 보내 주시고요.	Y	2022-09-21 01:44:33	2022-09-21 01:44:33
