id	utterance_id	utterance_type	utterance_text	terminate	regDate	updDate
BE22000354	1	0	과장님, 아침부터 괜시리 화가 나요.	N	2022-06-13 00:50:32	2022-11-08 03:26:32
BE22000354	2	1	왜 무슨 일 있어요? 출근할 때 안색이 안 좋아 보였어요.	N	2022-06-13 00:50:32	2022-11-08 03:26:32
BE22000354	3	0	아침에 늦게 일어나서 깜박하고 약 안 먹고 출근했어요.	N	2022-06-13 00:50:32	2022-11-08 03:26:32
BE22000354	4	1	감정화자씨, 아침 약 안 먹으면 그날 하루 감정 기복 엄청 심하다고 하지 않았어?	N	2022-06-13 00:50:32	2022-11-08 03:26:32
BE22000354	5	0	맞아요. 지금 벌써부터 기분이 가라앉고 예민해지고 있어요.	N	2022-06-13 00:50:32	2022-11-08 03:26:32
BE22000354	6	1	당연히 짜증나는 일이겠지만 업무를 봐야 하니 잘 견뎌보아요. 혹시 점심 약은 챙겼나요?	N	2022-06-13 00:50:32	2022-11-08 03:26:32
BE22000354	7	0	점심에는 원래 안 먹어요. 아침이랑 저녁에만 먹고 있어요. 아무리 바빠도 약은 챙겨 먹었어요? 했는데, 내가 정말 왜 이러는지 모르겠어요. 스스로에게 화가 나고 있어요.	N	2022-06-13 00:50:32	2022-11-08 03:26:32
BE22000354	8	1	사람이 바쁘면 깜박할 수도 있지요. 나도 자주 그러는 걸요. 누구나 그럴 수 있으니까 너무 자책하지 마요. 지금까지 한 번도 안 잊고 먹은 것도 대단해요.	N	2022-06-13 00:50:32	2022-11-08 03:26:32
BE22000354	9	0	그렇게 말씀해주셔서 감사해요요. 약 안 먹으니까 불안하고 자꾸 사람이 날이 서게 되네요.	N	2022-06-13 00:50:32	2022-11-08 03:26:32
BE22000354	10	1	당연히 그렇지요. 너무 걱정되면 점심시간 이용해서 병원 다녀오는 건 어떨까요?	N	2022-06-13 00:50:32	2022-11-08 03:26:32
BE22000354	11	0	회사에서 병원이 멀지는 않아서 가능할 거 같아요.	N	2022-06-13 00:50:32	2022-11-08 03:26:32
BE22000354	12	1	그럼 그렇게라도 해봐요. 정 힘들면 다녀와야지요.	N	2022-06-13 00:50:32	2022-11-08 03:26:32
BE22000354	13	0	그래야 겠어요. 어차피 내일 예약 날이었으니까 전화해서 앞당길 수 있는지 물어봐야겠네요.	N	2022-06-13 00:50:32	2022-11-08 03:26:32
BE22000354	14	1	그게 좋겠어요. 병원에 먼저 전화해서 확인하고 다녀와요.	Y	2022-06-13 00:50:32	2022-11-08 03:26:32
