id	utterance_id	utterance_type	utterance_text	terminate	regDate	updDate
BE22007379	1	0	공감화자씨 혹시 미팅 예정대로 시작될까요? 제가 좀 늦을 것 같아서요.	N	2022-07-09 07:45:46	2022-11-08 04:11:58
BE22007379	2	1	네. 무리 없이 준비가 되어서 예정대로 진행한다네요.	N	2022-07-09 07:45:46	2022-11-08 04:11:58
BE22007379	3	0	어쩌죠? 버스에 사람이 많아서 목적지에서 내리지 못했어요. 아무래도 조금 늦을 것 같아요. 제 잘못도 아닌데 이런 피치 못할 상황이 화가 나네요.	N	2022-07-09 07:45:46	2022-11-08 04:11:58
BE22007379	4	1	감정화자씨는 평소에도 시간 약속을 중요하게 생각하시잖아요. 지각 한번 않던 분인데, 그게 깨지게 되었으니 정말 화가 많이 나셨겠어요.	N	2022-07-09 07:45:46	2022-11-08 04:11:58
BE22007379	5	0	네. 기사님께 기다려달라고 분명히 여러 차례 큰 소리로 이야기했는데, 못 들은 척 출발하신 느낌이라 더 불쾌하네요.	N	2022-07-09 07:45:46	2022-11-08 04:11:58
BE22007379	6	1	인파를 뚫고 의사 표현도 분명하게 전달했는데, 무시당했다면 저라도 정말 언짢았을 거예요.	N	2022-07-09 07:45:46	2022-11-08 04:11:58
BE22007379	7	0	중요한 미팅인데 괜히 지각해서 한 수 접고 들어가는 느낌이라 많이 신경 쓰이네요. 이것 때문에 상황이 제 뜻대로 안 풀릴까 조바심이 나요.	N	2022-07-09 07:45:46	2022-11-08 04:11:58
BE22007379	8	1	오래 준비한 미팅이니 마음이 불편하신 것도 이해는 가지만, 공감화자씨는 말솜씨가 남다르잖아요. 그동안 내신 성과만 봐도 모두가 아는걸요. 찜찜함은 금세 잊고 분위기를 주도하실 거라 생각해요.	N	2022-07-09 07:45:46	2022-11-08 04:11:58
BE22007379	9	0	정말 잘 해낼 수 있을까요? 첫 단추부터 어긋난 느낌이 좋지 않아서요. 이번 미팅 결과에 따라 제 승진 여부가 달렸거든요.	N	2022-07-09 07:45:46	2022-11-08 04:11:58
BE22007379	10	1	그럼요. 제가 직장동료로서 봐온 감정화자씨는 늘 불리한 상황에서도 원하는 대로 이끄는 능력이 있으신 분이에요. 그리고 미팅 결과가 좋지 않더라도 어차피 승진 곧 하셨을 거예요. 회사 내의 평판이 말해주니까요.	N	2022-07-09 07:45:46	2022-11-08 04:11:58
BE22007379	11	0	전 제가 그런 좋은 평가를 받고 있는지 전혀 몰랐어요. 공감화자씨의 말을 듣다 보니 부담감이 확 줄어드네요.	N	2022-07-09 07:45:46	2022-11-08 04:11:58
BE22007379	12	1	네. 제 말 믿고 정말 편안하게 진행하셔도 될 거예요.	N	2022-07-09 07:45:46	2022-11-08 04:11:58
BE22007379	13	0	이렇게 격려 해 주셔서 정말 감사해요. 덕분에 화가 났던 마음도 진정이 됐어요. 미팅이 잘 된다면 다 공감화자씨 덕이에요.	N	2022-07-09 07:45:46	2022-11-08 04:11:58
BE22007379	14	1	그동안 제가 감정화자씨에게 도움을 받은 게 훨씬 많은걸요. 차분함을 찾았다니 다행이에요. 분명 좋은 결과 있을 거예요.	Y	2022-07-09 07:45:46	2022-11-08 04:11:58
