id	utterance_id	utterance_type	utterance_text	terminate	regDate	updDate
BE22001581	1	0	오늘 친구 결혼식에 다녀왔는데 운명 같은 남자를 발견했어.	N	2022-06-16 05:49:21	2022-11-08 03:34:37
BE22001581	2	1	와! 어떤 분인지 궁금해.	N	2022-06-16 05:49:21	2022-11-08 03:34:37
BE22001581	3	0	그 남자를 보는 순간 후광이 비치고 결혼식 내내 그 남자만 바라보게 됐어.	N	2022-06-16 05:49:21	2022-11-08 03:34:37
BE22001581	4	1	그 남자도 너 맘을 눈치챘겠는데.	N	2022-06-16 05:49:21	2022-11-08 03:34:37
BE22001581	5	0	내가 너무 쳐다보니까 그 남자도 날 빤히 쳐다보면서 웃더라.	N	2022-06-16 05:49:21	2022-11-08 03:34:37
BE22001581	6	1	다가가서 말은 걸어봤니?	N	2022-06-16 05:49:21	2022-11-08 03:34:37
BE22001581	7	0	응. 내가 결혼식 후 식사 시간에 그 남자 테이블로 가서 식사를 하면서 말을 걸어봤어.	N	2022-06-16 05:49:21	2022-11-08 03:34:37
BE22001581	8	1	긴장되고 떨렸을 텐데 대단하네. 네가 그 남자한테 많이 끌렸구나.	N	2022-06-16 05:49:21	2022-11-08 03:34:37
BE22001581	9	0	그런 거 같아. 네가 알다시피 내가 몇 년째 남자 친구가 없었잖아.	N	2022-06-16 05:49:21	2022-11-08 03:34:37
BE22001581	10	1	이번이 기회다 싶었구나!	N	2022-06-16 05:49:21	2022-11-08 03:34:37
BE22001581	11	0	알고 보니 그 남자도 나랑 같은 업종에서 일하고 있어서 할 얘기가 많았어.	N	2022-06-16 05:49:21	2022-11-08 03:34:37
BE22001581	12	1	그 정도면 인연인데.	N	2022-06-16 05:49:21	2022-11-08 03:34:37
BE22001581	13	0	나도 그렇게 생각해. 말도 잘 통하고 느낌이 좋아.	N	2022-06-16 05:49:21	2022-11-08 03:34:37
BE22001581	14	1	그래도 만난 지 얼마 안 되었는데 너무 푹 그 남자한테 빠지지는 말고 이성적으로 잘 판단해 봐.	N	2022-06-16 05:49:21	2022-11-08 03:34:37
BE22001581	15	0	너 얘기 들으니 마음이 조금 차분해지네. 고마워.	Y	2022-06-16 05:49:21	2022-11-08 03:34:37
