id	utterance_id	utterance_type	utterance_text	terminate	regDate	updDate
BE22000580	1	0	나 지금 퇴근 중이야. 조금만 기다리면 도착할 거야.	N	2022-06-13 05:30:56	2022-11-08 03:28:01
BE22000580	2	1	생각보다 빠른데? 지금 차 안 막히나봐?	N	2022-06-13 05:30:56	2022-11-08 03:28:01
BE22000580	3	0	버스 타면 막히기도 하고, 오늘 날씨도 좋아서 따릉이 타고 퇴근하고 있어.	N	2022-06-13 05:30:56	2022-11-08 03:28:01
BE22000580	4	1	와! 따릉이 타고 퇴근이라니 생각해 보지도 못했네. 원래 퇴근길은 신나는 건데 이러면 업그레이드 되겠어. 갑자기 너의 퇴근길이 부러워지는데.	N	2022-06-13 05:30:56	2022-11-08 03:28:01
BE22000580	5	0	부럽지? 근데 오늘은 퇴근이 다른 날보다 조금 빨라서 여유 있게 따릉이를 타본 거였어.	N	2022-06-13 05:30:56	2022-11-08 03:28:01
BE22000580	6	1	그럼 가성비 대비 효과 너무 좋은데. 요즘 날씨도 좋아서 가로수길로 달리면 나들이도 부럽지 않겠어.	N	2022-06-13 05:30:56	2022-11-08 03:28:01
BE22000580	7	0	오늘 처음 해봤는데 좋은데. 앞으로 날씨 좋은 날은 가끔씩 해야겠어.	N	2022-06-13 05:30:56	2022-11-08 03:28:01
BE22000580	8	1	따로 운동하는 것도 쉬운 게 아닌데 운동도 되고 즐거운 퇴근도 하고 차도 안 막히고. 1석 3조인데. 나도 해보고 싶어지네.	N	2022-06-13 05:30:56	2022-11-08 03:28:01
BE22000580	9	0	아까 거래처에 갔었는데 여러 가지 불만을 계속 이야기하셔서 은근히 스트레스 받았는데 지금 달리면서 풀리는 느낌이야.	N	2022-06-13 05:30:56	2022-11-08 03:28:01
BE22000580	10	1	항상 불만이 많고 좀 부정적으로 이야기하시는 분들 있더라고. 그런 분들하고 일하거나 이야기하면 나도 기분이 다운되더라. 오늘이 그런 날이었는데 이렇게 스트레스를 날려버리게 돼서 잘됐네.	N	2022-06-13 05:30:56	2022-11-08 03:28:01
BE22000580	11	0	처음부터 그런 생각으로 탔던 건 아니었는데 결과적으로 스트레스를 시원하게 날리게 돼서 너무 좋아. 그리고 좀 있다 우리 만날 거잖아.	N	2022-06-13 05:30:56	2022-11-08 03:28:01
BE22000580	12	1	날씨도 좋고 기분도 좋고 동료도 좋고 오늘은 박자가 딱딱 맞는 날이네. 더해서 맛있는 거 먹어서 기분을 최대치로 끌어올려 보아.	N	2022-06-13 05:30:56	2022-11-08 03:28:01
BE22000580	13	0	이러다 하늘을 뚫고 올라가겠어. 내 마음은 벌써 가 있는 거 알지? 조금만 기다려.	N	2022-06-13 05:30:56	2022-11-08 03:28:01
BE22000580	14	1	응, 조심해서 달려와.	Y	2022-06-13 05:30:56	2022-11-08 03:28:02
