id	utterance_id	utterance_type	utterance_text	terminate	regDate	updDate
BE22004295	1	0	나 어제 퇴근하면서 최신 휴대폰을 새로 구매했어. 용량이 다 차기도 하고 아무래도 최신 대용량 휴대폰이 좋겠지 싶어 샀는데 대만족이야.	N	2022-06-27 13:33:21	2022-11-08 03:52:02
BE22004295	2	1	내 기억이 맞다면 3년 만에 구매 아닌가? 요즘 최신폰 기능 정말 좋아졌던데, 대용량으로 샀다니 정말 기분 좋겠구나. 네가 사진 기능을 많이 쓰잖아.	N	2022-06-27 13:33:21	2022-11-08 03:52:02
BE22004295	3	0	응 정말 좋아. 진작에 살걸. 아기 사진 찍을 때마다 휴대폰 반응이 느려서 불편했는데. 핸드폰 볼 때마다 기분이 좋네.	N	2022-06-27 13:33:21	2022-11-08 03:52:02
BE22004295	4	1	그 정도로 기분이 좋다니 나도 새로 사고 싶어지네. 사실 나도 최근에 아이들 동영상 많이 찍어주면서 저장 공간이 많이 필요했거든. 기능도 좋다고 하니까 관심이 더 생기네.	N	2022-06-27 13:33:21	2022-11-08 03:52:02
BE22004295	5	0	응 나는 당장 사라고 하고 싶을 정도야. 애 엄마들은 사실 사진찍기 기능이 아주 중요하잖아. 이 핸드폰은 자동 보정도 바로바로 해줘서 편집하는 시간도 절약해줘.	N	2022-06-27 13:33:21	2022-11-08 03:52:02
BE22004295	6	1	와 편집까지 바로 해주면 일석이조잖아? 네가 예전에는 사진 찍을 때마다 일일이 보정한다고 고생했던 기억이 나는데. 너한테 안성맞춤 핸드폰이네.	N	2022-06-27 13:33:21	2022-11-08 03:52:02
BE22004295	7	0	응 강력하게 추천하는 바야. 내가 지금 보내는 사진 한번 봐봐. 출근길 버스 기다리며 주변 풍경을 편하게 찍은 건데 이렇게 근사하게 사진이 나왔어.	N	2022-06-27 13:33:21	2022-11-08 03:52:02
BE22004295	8	1	어디 보자. 와 정말 사진작가가 찍은 것처럼 잘 나왔다. 마치 신경 써서 찍은 사진 같은데 말이지. 나도 휴대폰 구매하는 거 정말 생각해보고 싶은데?	N	2022-06-27 13:33:21	2022-11-08 03:52:02
BE22004295	9	0	응 마침 통신사 장기고객 특별할인도 받았어. 그래서 더 뿌듯해. 너도 통신사 한군데 가입해서 오래 쓰지 않았니?	N	2022-06-27 13:33:21	2022-11-08 03:52:02
BE22004295	10	1	응, 맞아. 한 20년 썼지 아마? 장기 고객할인까지 있다니 나 당장 퇴근길에 한번 알아봐야겠다.	N	2022-06-27 13:33:21	2022-11-08 03:52:02
BE22004295	11	0	응 이거 기간 한정 프로모션이라고 하더라. 그러니깐 일단 먼저 가서 보고 바꿀 거면 얼른 바꿔. 난 너도 아주 만족할 거라고 장담해.	N	2022-06-27 13:33:21	2022-11-08 03:52:02
BE22004295	12	1	신중한 네가 그렇게도 추천하니 더욱더 마음이 간다. 그래 오늘 마침 정시 퇴근하는 날이기도 하니 근처 매장에 들러봐야겠다.	N	2022-06-27 13:33:21	2022-11-08 03:52:02
BE22004295	13	0	응. 너도 휴대폰 용량이 넉넉하면 더욱 편할 거야. 요금제도 다양하니깐 월 부담도 생각보다 많지 않고. 하하, 나 마치 영업사원 같네.	N	2022-06-27 13:33:21	2022-11-08 03:52:02
BE22004295	14	1	얼마나 괜찮으면 네가 그렇게까지 추천하겠어. '지인 추천 받음' 추가 혜택은 없을까? 아무튼 꼭 가볼게.	N	2022-06-27 13:33:21	2022-11-08 03:52:02
BE22004295	15	0	내 이름 말하며 추천받았다고 해봐. 혹시 이름 기억 못하면 어제 영업 마감 전에 핑크색 휴대폰 구매한 고객이라고 하면 틀림없이 알 거야. 아주 친절한 분이었어. 구매는 안 하더라도 상담 꼭 받아보렴.	Y	2022-06-27 13:33:21	2022-11-08 03:52:02
