id	utterance_id	utterance_type	utterance_text	terminate	regDate	updDate
BE22003890	1	0	오늘 드디어! 몸무게 8킬로 감량 목표 달성했어!	N	2022-06-26 12:52:06	2022-11-08 03:49:27
BE22003890	2	1	와우, 진짜? 너 진짜 해냈구나! 성공할 줄 알았어!	N	2022-06-26 12:52:06	2022-11-08 03:49:27
BE22003890	3	0	나 이번에 진짜 열심히 노력했다. 3개월 동안 중간에 너무 힘들어서 포기할까 싶은 적도 많았어.	N	2022-06-26 12:52:06	2022-11-08 03:49:27
BE22003890	4	1	그래 내가 인정해. 지난번에 만났을 때 보니까 식단 조절 엄격하게 하더라. 그 모습 보고 이번에 해내겠구나 싶었지.	N	2022-06-26 12:52:06	2022-11-08 03:49:27
BE22003890	5	0	응 맞아. 그동안 운동만 할 땐 살이 잘 안 빠지더라고. 운동하고 나서 허기지니 더 많이 먹게 되고 말이야.	N	2022-06-26 12:52:06	2022-11-08 03:49:27
BE22003890	6	1	맞아, 우리 나이가 운동만 한다고 빠질 나인 아니지. 그리고 식단 조절하면 건강에도 좋잖아.	N	2022-06-26 12:52:06	2022-11-08 03:49:27
BE22003890	7	0	맞아. 이번에 다이어트하려고 마음먹은 것도 사실 지난번 건강 검진 결과가 너무 안 좋아서였어.	N	2022-06-26 12:52:06	2022-11-08 03:49:28
BE22003890	8	1	아, 그런 일이 있었구나. 많이 걱정했을 텐데 큰맘 먹었네.	N	2022-06-26 12:52:06	2022-11-08 03:49:28
BE22003890	9	0	응. 이렇게 지내다가는 고혈압에 콜레스테롤 수치도 너무 높고 점점 더 나빠질 것 같더라고. 그래서 식이요법도 함께 도전했지.	N	2022-06-26 12:52:06	2022-11-08 03:49:28
BE22003890	10	1	에고, 많이 안 좋구나. 그래도 이렇게 다짐하고 실천하기까지 쉽지 않은 건데 너 정말 대단하다.	N	2022-06-26 12:52:06	2022-11-08 03:49:28
BE22003890	11	0	사람이 또 간절해지니 하게 되는 것 같아. 건강하게 나이 들고 싶다는 간절함.	N	2022-06-26 12:52:06	2022-11-08 03:49:28
BE22003890	12	1	그래, 네 말이 맞아. 나이 들면서 건강이 제일 중요하다는 것을 새삼 느껴. 아무튼 이번에 너 정말 잘했어.	N	2022-06-26 12:52:06	2022-11-08 03:49:28
BE22003890	13	0	응. 몸도 한결 가벼워지고 피로감도 덜해. 이제 앞으로 꾸준히 유지하는 것이 관건이야.	N	2022-06-26 12:52:06	2022-11-08 03:49:28
BE22003890	14	1	다이어트하는 3개월간 어느 정도 습관이 됐잖아. 네가 긴장만 확 놓지 않는다면 계속 유지 할 수 있을 거야.	N	2022-06-26 12:52:06	2022-11-08 03:49:28
BE22003890	15	0	그렇겠지? 내가 어떻게 해서 이룬 건데.	N	2022-06-26 12:52:06	2022-11-08 03:49:28
BE22003890	16	1	그럼. 너무 걱정하지 마.	Y	2022-06-26 12:52:06	2022-11-08 03:49:28
