id	utterance_id	utterance_type	utterance_text	terminate	regDate	updDate
BE22004176	1	0	이번 여행 준비는 잘 되어가? 나는 남편이 차 끌고 놀러 간다니까 또 손 세차를 하러 간 거 있지?	N	2022-06-27 10:04:49	2022-11-08 03:51:16
BE22004176	2	1	짐은 거의 다 싸놨고 이제 마무리만 하면 돼. 네 덕분에 편하게 여행 다녀오는 것도 고마운데 세차까지 해주신다니 몸 둘 바를 모르겠네.	N	2022-06-27 10:04:49	2022-11-08 03:51:16
BE22004176	3	0	하하, 신경 쓰지 마. 사실 남편 취미가 손 세차라 기회가 생긴 게 신나서 나간 것뿐이야.	N	2022-06-27 10:04:49	2022-11-08 03:51:16
BE22004176	4	1	와 시간도 오래 걸리고 너무 힘들어서 세차 한번 하고 나면 진이 빠지던데 취미라니 대단하시네.	N	2022-06-27 10:04:49	2022-11-08 03:51:16
BE22004176	5	0	그러게 말이야. 또 얼마나 꼼꼼하고 섬세하게 하는지 같이 가서 보고 있으면 감탄만 나오는 거 있지? 그 실력으로 내 차를 매번 세차해 주니 난 감사할 따름이지.	N	2022-06-27 10:04:49	2022-11-08 03:51:16
BE22004176	6	1	한두 번이야 그럴 수 있는데 매번 챙겨주신다니 네가 정말 편하겠네.	N	2022-06-27 10:04:49	2022-11-08 03:51:16
BE22004176	7	0	응. 난 처음에 남편이 해주겠다는 이야기 듣고 얼마 못 갈 줄 알았는데 항상 한결같이 챙겨주더라. 덕분에 내가 신경 쓸 거 하나 없이 편하게 깨끗한 자동차를 타고 다니지. 남편한테 정말 고마워.	N	2022-06-27 10:04:49	2022-11-08 03:51:16
BE22004176	8	1	여러모로 쉽지 않은 일일 텐데 널 위해서 노력하는 모습 보면 참 기쁘고 뿌듯하겠다. 내 남편이 그랬으면 자랑스러워서 여기저기 뽐내고 다녔을 거야.	N	2022-06-27 10:04:49	2022-11-08 03:51:16
BE22004176	9	0	맞아. 나 힘들까 봐 이렇게 챙겨주고 신경 써주는 남편이 어디 있어. 본인 차 한 대만 닦아도 지칠 텐데. 항상 내 차부터 깨끗하게 닦아주는 걸 보면 감동스러워.	N	2022-06-27 10:04:49	2022-11-08 03:51:16
BE22004176	10	1	최상의 컨디션으로 네 차부터 세차하시는구나. 그런 일면을 보면 남편의 사랑이 느껴져서 네가 감동받을 만하다. 이야기 들은 나도 괜히 가슴이 풍족해지는 기분인걸.	N	2022-06-27 10:04:49	2022-11-08 03:51:16
BE22004176	11	0	맞아. 어디서 이런 세심한 남편을 얻게 되었는지 몰라도 난 운이 참 좋은 것 같아.	N	2022-06-27 10:04:49	2022-11-08 03:51:16
BE22004176	12	1	둘이 서로를 생각하고 감사해하는 모습 보니까 너무 아름답다. 갑자기 부러워서 그런가 배가 아픈 기분인걸?	N	2022-06-27 10:04:49	2022-11-08 03:51:16
BE22004176	13	0	하하, 너희도 만만치 않은 잉꼬부부면서 그래.	N	2022-06-27 10:04:49	2022-11-08 03:51:16
BE22004176	14	1	너희 남편이랑 우리 남편이랑 친하게 지낼 자리를 자주 만들어야겠어. 서로 어울리다 보면 좋은 점을 닮아가겠지.	N	2022-06-27 10:04:49	2022-11-08 03:51:16
BE22004176	15	0	그거 좋은 생각이다. 여행 다녀와서 한번 자리 만들어보자.	Y	2022-06-27 10:04:49	2022-11-08 03:51:16
