id	utterance_id	utterance_type	utterance_text	terminate	regDate	updDate
BE22004198	1	0	나 지금 제주도인데, 정말 신나는 일이 있어.	N	2022-06-27 10:46:36	2022-11-08 03:51:25
BE22004198	2	1	여행 간다더니 벌써 갔구나? 무슨 좋은 일이 있어?	N	2022-06-27 10:46:36	2022-11-08 03:51:25
BE22004198	3	0	내 이상형 뭔지 알지? 키 크고 어깨 넓고 잘생긴 사람. 나 여기 게스트하우스에서 내 이상형인 남자를 봤지 뭐야.	N	2022-06-27 10:46:36	2022-11-08 03:51:25
BE22004198	4	1	너의 취향이 까다로운데 너의 취향을 만족하는 사람이 있단 말이야? 정말 축하해. 그 사람이랑 잘되고 싶니?	N	2022-06-27 10:46:36	2022-11-08 03:51:25
BE22004198	5	0	그 사람이랑 정말 잘 되어보고 싶어. 내 이상형을 여기서 만나게 될 줄은 몰랐는데 정말 행복하다. 보는 것만으로도 너무 즐겁고 행복해.	N	2022-06-27 10:46:36	2022-11-08 03:51:25
BE22004198	6	1	너의 이상형 조건에 부합하는 남자가 존재하다니. 네가 정말 신나고 두근거릴 것 같아. 듣는 내가 다 기분이 좋은걸.	N	2022-06-27 10:46:36	2022-11-08 03:51:25
BE22004198	7	0	응. 근데 더 좋은 소식은 뭔지 아니? 그 사람이 내 휴대폰 번호를 받아 갔어. 너무 행복해.	N	2022-06-27 10:46:36	2022-11-08 03:51:25
BE22004198	8	1	그거 정말 좋은 신호 아냐? 나도 내가 좋아하는 사람이 내 연락처를 가져갔을 때 정말 뛸 듯이 기쁘더라. 너 기분이 어떨지 너무 잘 알겠어.	N	2022-06-27 10:46:36	2022-11-08 03:51:25
BE22004198	9	0	그래서 지금 그 사람이랑 메신저를 통해 연락을 주고받는 중이야. 잠에 들지 못할 정도로 행복하고 설레. 이런 감정 정말 오랜만이야.	N	2022-06-27 10:46:36	2022-11-08 03:51:25
BE22004198	10	1	그 남자랑 잘 되고 싶은 마음이 이루어진 것 같아서 내가 다 뿌듯해. 네가 정말 기분 좋게 여행을 즐기는 것 같아서 내가 다 뿌듯하다.	N	2022-06-27 10:46:36	2022-11-08 03:51:25
BE22004198	11	0	그 사람이랑 대화를 해보니까 음식 취향도 비슷하고 성격도 비슷한 것 같아. 관심사가 정말 잘 맞아.	N	2022-06-27 10:46:36	2022-11-08 03:51:25
BE22004198	12	1	그 남자랑 이야기가 잘 통한다니 너 그 사람이랑 정말 잘되려나봐. 네가 그 사람이랑 꼭 잘 되었으면 좋겠어. 너한테 좋은 짝이 생기길 내가 그동안 바래왔었잖아.	N	2022-06-27 10:46:36	2022-11-08 03:51:25
BE22004198	13	0	네가 평소에 응원해준 덕분이야. 네 덕분에 내 행복한 마음이 더 커지는걸. 너 말대로 그 사람이랑 정말 잘 되어가는 중이라서 너무 좋아.	N	2022-06-27 10:46:36	2022-11-08 03:51:25
BE22004198	14	1	정말 축하해. 여행에서 좋은 추억과 사람을 만난다는 건 항상 행복한 일인 것 같아.그 사람이랑 꼭 잘 되어서 재밌는 이야기 해주렴. 좋은 소식 있기를 기대할게.	N	2022-06-27 10:46:36	2022-11-08 03:51:25
BE22004198	15	0	그러게. 나도 이번에 나의 진정한 사랑을 찾았으면 좋겠네. 다음에 꼭 만나서 이야기 해줄 수 있었으면 좋겠다.	Y	2022-06-27 10:46:36	2022-11-08 03:51:25
