id	utterance_id	utterance_type	utterance_text	terminate	regDate	updDate
BE22006303	1	0	우리 딸이 벌써 어린이집을 다니게 되다니 믿겨지지 않아. 드디어 아기 시절을 벗어나는구나 싶어서 감개무량하다.	N	2022-07-05 08:11:03	2022-11-08 04:04:57
BE22006303	2	1	어 정말? 너무 축하해. 드디어 어린이집에 가는구나. 아이도 참 신날 것 같아. 친구들도 만나고.	N	2022-07-05 08:11:03	2022-11-08 04:04:57
BE22006303	3	0	어. 처음엔 엄마랑 헤어지기 힘들어하더니 지금은 아주 신나게 다니고 있어. 적응 잘 해줘서 너무 고마워.	N	2022-07-05 08:11:03	2022-11-08 04:04:57
BE22006303	4	1	적응 못 하는 아이들도 많다고 하는데 정말 고마운 일이다. 그렇게 빨리 적응해주는 것도 정말 엄마한테 효도하는 일이라니까.	N	2022-07-05 08:11:03	2022-11-08 04:04:57
BE22006303	5	0	입소하자마자 생일파티도 열어주더라고. 답례품을 아이랑 같이 포장하는데 얼마나 기분이 좋았는지 몰라. 뭔가 나도 학부모가 된 느낌이랄까?	N	2022-07-05 08:11:03	2022-11-08 04:04:57
BE22006303	6	1	언제 크나 하루하루 기다렸는데 어린이집 가서 파티도 하고 이래저래 너무 기분이 좋았을 거 같아.	N	2022-07-05 08:11:03	2022-11-08 04:04:57
BE22006303	7	0	아이가 고사리손으로 답례품을 하나씩 담아주는데 감동해서 울컥했어. 하루하루 똑같은 일상이 반복되고 있다고 지루해했는데 아이는 계속 자라고 있었던 거야.	N	2022-07-05 08:11:03	2022-11-08 04:04:57
BE22006303	8	1	맞아. 네가 좋아하는 일도 포기하고 아이 키우는 일에 집중하고 열정을 쏟아가며 육아했잖아. 뭔가 그 답례품을 포장하는 행위 자체가 네겐 큰 성과의 의미였을 것 같아.	N	2022-07-05 08:11:03	2022-11-08 04:04:57
BE22006303	9	0	그래. 나는 아이를 사랑했지만 내 시간도 갖지 못하고 단조로운 일상에 지쳐갔었던 것 같아. 어린이집을 가기 시작하니까 마음도 훨씬 여유로워지고 아이와 함께하는 시간이 더 즐겁게 느껴지는 것 같아.	N	2022-07-05 08:11:03	2022-11-08 04:04:57
BE22006303	10	1	당연하지. 너만의 시간이 늘어나고 몸도 편안해지면 아이에게 더 너그러워지고 상냥하게 대할 수 있을 것 같아. 체력이 비축이 되어야 육아를 잘 할 수 있게 되는 거 같아. 정말 너무 잘 됐다.	N	2022-07-05 08:11:03	2022-11-08 04:04:57
BE22006303	11	0	고생 끝에 낙이 온다더니. 매일 밤 못 자는 아이를 먹이고 기저귀 갈고 고군분투하던 날이 엊그제 같아. 그런데 그 어린이집 답례품을 같이 그 아기랑 포장하고 있다니 기적이 일어난 것 같아.	N	2022-07-05 08:11:03	2022-11-08 04:04:57
BE22006303	12	1	기적 같은 일 맞지. 한 인간이 태어나고 자라나는 모든 순간이 기적이야. 이렇게 건강하게 무럭무럭 자라나니 얼마나 감사해.	N	2022-07-05 08:11:03	2022-11-08 04:04:57
BE22006303	13	0	그래. 정말 이 한 순간 한 순간을 놓치지 말고 행복을 움켜쥐며 살아야겠다.	N	2022-07-05 08:11:03	2022-11-08 04:04:57
BE22006303	14	1	맞아. 너무 사랑스러운 이 순간들을 마음에 잘 담아두도록 해. 난 지나고 나니 그 육아로 고생했던 시절이 너무 그립다.	N	2022-07-05 08:11:03	2022-11-08 04:04:57
BE22006303	15	0	그래. 나도 좋은 추억 아이랑 많이 만들어야겠다는 생각이 들어. 항상 나의 기쁨을 배가 되게 함께해주는 네가 있어 참 좋다.	Y	2022-07-05 08:11:03	2022-11-08 04:04:57
