id	utterance_id	utterance_type	utterance_text	terminate	regDate	updDate
BE22004979	1	0	우리 아들이 더 이상 기저귀를 차지 않아도 되게 되었어.	N	2022-06-29 04:23:19	2022-11-08 03:56:25
BE22004979	2	1	아들이 벌써 그렇게 커서 기저귀를 다 뗐단 말이야? 정말 시간이 빠르구나. 아들이 정말 쑥쑥 큰 모양이네.	N	2022-06-29 04:23:19	2022-11-08 03:56:25
BE22004979	3	0	아들이 화장실을 가릴 줄 알아서 더 이상 기저귀를 안 차도 되지 뭐야. 정말 감회가 새롭고 신나. 이게 이렇게 기분이 좋다니.	N	2022-06-29 04:23:19	2022-11-08 03:56:25
BE22004979	4	1	내가 너였어도 기분이 정말 좋겠는데. 아들이 화장실을 가릴 수 있다니 네가 엄마로서 얼마나 뿌듯하겠니. 네가 좋아하는 감정이 여기까지 느껴진다 친구야.	N	2022-06-29 04:23:19	2022-11-08 03:56:25
BE22004979	5	0	요즘 배변 훈련을 시켰더니 혼자 변기에 용무를 보기도 하고, 의사 표현도 하고 있어. 내 아들이 이렇게 성장하는 모습을 보니 너무 뿌듯하네.	N	2022-06-29 04:23:19	2022-11-08 03:56:25
BE22004979	6	1	네가 그동안 육아를 하면서 고생이 많았잖아. 그간의 노력이 빛이 발하는 거야.아들이 성장하는 것만큼 좋은 일이 없는 것 같아.	N	2022-06-29 04:23:19	2022-11-08 03:56:25
BE22004979	7	0	내 생각에도 그래. 아들이 얼른 잘 성장했으면 하는 마음에 칭찬도 해주고 달래기도 하면서 열심히 교육하고 있어.	N	2022-06-29 04:23:19	2022-11-08 03:56:25
BE22004979	8	1	내가 보기에 너는 정말 최고의 엄마인 것 같아. 육아를 그렇게 열심히 하면 지칠 법도 한데 정말 꾸준히 노력하는구나. 너를 본받아야겠다는 생각이 들어.	N	2022-06-29 04:23:19	2022-11-08 03:56:25
BE22004979	9	0	별거 아닌데 뭘, 그렇게 말해주니 몸 둘 바를 모르겠다.	N	2022-06-29 04:23:19	2022-11-08 03:56:25
BE22004979	10	1	아이들의 성장에 부모가 정말 큰 역할을 한다잖아. 네가 이렇게 노력하는 모습을 보니 분명 너희 아들도 건강하고 올바르게 자랄 거야.	N	2022-06-29 04:23:19	2022-11-08 03:56:25
BE22004979	11	0	그렇게 말해줘서 고마워. 나도 그러길 바라야지. 오늘 그래서 소소하게 파티를 하기로 했어.	N	2022-06-29 04:23:19	2022-11-08 03:56:25
BE22004979	12	1	기저귀를 떼는 시기가 찾아온 만큼 파티를 해줘야지. 네가 오늘 파티할 생각에 너무 설레겠다. 좋은 일을 축하하는 것은 언제나 행복한 일이야.	N	2022-06-29 04:23:19	2022-11-08 03:56:25
BE22004979	13	0	나중에 애가 더 크면 너랑 같이 놀러 가기도 해야지. 그때 많이 이뻐해줘.	N	2022-06-29 04:23:19	2022-11-08 03:56:25
BE22004979	14	1	누구 아들인데 당연히 내가 이뻐해줘야지. 그때까지 네 아들과 네가 행복하게 잘 지내고 있길 바랄게. 조만간 꼭 보자.	N	2022-06-29 04:23:19	2022-11-08 03:56:25
BE22004979	15	0	꼭 그렇게 하자. 오늘 내 기쁨을 두 배로 만들어주어서 너무 고맙다 친구야.	Y	2022-06-29 04:23:19	2022-11-08 03:56:25
