id	utterance_id	utterance_type	utterance_text	terminate	regDate	updDate
BE22005029	1	0	친구야. 나 요즘 수화 배우고 있어. 동영상으로.	N	2022-06-29 05:44:29	2022-11-08 03:56:44
BE22005029	2	1	아 정말? 갑자기? 새로 배우기로 시작한 거야 동영상으로 수화를 배우는 것을? 어떤 이유로 시작하게 되었니?	N	2022-06-29 05:44:29	2022-11-08 03:56:44
BE22005029	3	0	개표방송을 보는데 수화를 하시는 분이 계속 화면에 조그맣게 나오더라고. 장애인 분들을 위해 꼭 필요한 것 같아 배우기 시작했어.	N	2022-06-29 05:44:29	2022-11-08 03:56:44
BE22005029	4	1	어머! 그런 좋은 뜻으로 수화 배우기를 시작했다니 너무 놀라운걸? 역시 다른 사람들을 헤아리고 돕는 마음이 출중한 너의 행보와 정말 잘 어울린다.	N	2022-06-29 05:44:29	2022-11-08 03:56:44
BE22005029	5	0	그래? 내가 나중에 수화를 배워서 누군가에게 도움이 될 수 있다는 생각에 요즘 매일매일이 기뻐.	N	2022-06-29 05:44:29	2022-11-08 03:56:44
BE22005029	6	1	기쁘게 하루하루를 보내고 있다니 정말 좋은걸? 동영상으로 수화를 배우고 그걸 또 나눌 생각을 하다니 역시 너는 포부가 넘치는 것 같아.	N	2022-06-29 05:44:29	2022-11-08 03:56:44
BE22005029	7	0	이렇게 칭찬해주니 부끄러우면서도 기쁘다. 이렇게 하나하나씩 새롭게 배움을 가지는 것은 자기계발에도 좋고 여러모로 장점이 많은 것 같아.	N	2022-06-29 05:44:29	2022-11-08 03:56:44
BE22005029	8	1	그렇지. 언제나 나와 타인의 마음을 함께 고려해서 헤아리는 너의 모습 정말 본받아야겠어. 너는 분명 수화도 금방 끝낼 것 같아!	N	2022-06-29 05:44:29	2022-11-08 03:56:44
BE22005029	9	0	그런가? 언제 끝날지 모르는데도 이렇게 기쁜 거 보면 나는 정말 남에게 베풀 때 기쁨을 느끼는 것 같아.	N	2022-06-29 05:44:29	2022-11-08 03:56:44
BE22005029	10	1	맞아. 누군가에게 기쁨을 주면서 행복감을 갖는 너를 보며 정말 나도 본받아야겠다는 생각을 하게 되는걸.	N	2022-06-29 05:44:29	2022-11-08 03:56:44
BE22005029	11	0	너가 이렇게 나를 좋게 생각해주다니. 고마운 마음에 더 열심히 수화를 배워봐야겠어. 비록 학원에 다닐 시간이 여유롭지 못해 동영상으로 배우고 있어 조금 느릴 수는 있겠지만 말이야.	N	2022-06-29 05:44:29	2022-11-08 03:56:44
BE22005029	12	1	응. 넌 분명히 조금 느려도 끝까지 해내는 장점을 가지고 있으니 이번에도 꼭 성공해낼 거라 믿어. 느려도 해낸다면 그걸로 충분하다고 생각하는걸.	N	2022-06-29 05:44:29	2022-11-08 03:56:44
BE22005029	13	0	이렇게 응원해주니 힘 나서 더 열심히 배울 수 있을 것 같아. 고마워.	N	2022-06-29 05:44:29	2022-11-08 03:56:44
BE22005029	14	1	너의 배움의 기쁨에 나도 함께 할 수 있어 얼마나 좋은지 몰라. 꼭 성공리에 잘 배우고 나에게 보여주길 바라!	N	2022-06-29 05:44:29	2022-11-08 03:56:44
BE22005029	15	0	고마워! 나의 기쁨에 너가 함께해주니 더할 나위 없이 뿌듯한 것 같아. 틈틈히 시간 날 때마다 동영상으로 배워볼게! 고마워!	Y	2022-06-29 05:44:29	2022-11-08 03:56:44
