id	utterance_id	utterance_type	utterance_text	terminate	regDate	updDate
BE22003123	1	0	오늘은 올 해 들어 최고로 기쁜 날이야.	N	2022-06-23 17:54:26	2022-11-08 03:44:34
BE22003123	2	1	오, 너 오늘 연봉 협상한다더니 만족스러웠나 보다?	N	2022-06-23 17:54:26	2022-11-08 03:44:34
BE22003123	3	0	맞아. 연봉협상이 너무 잘됐어. 무려 500만원이나 올랐다고! 나 지금 옥상 와서 혼자 방방 뛰는 중이야. 너무 신나.	N	2022-06-23 17:54:26	2022-11-08 03:44:34
BE22003123	4	1	500만원이나 올랐다고? 와, 네가 회사에서 에이스라고 하더니 그게 진짜 사실이었구나. 나 같아도 연봉이 그렇게 많이 올랐으면 사람들 몰래 춤췄을 거야. 네가 진짜 기쁘겠다.	N	2022-06-23 17:54:26	2022-11-08 03:44:34
BE22003123	5	0	응. 진짜 기쁘다 못해 하늘로 날아갈 거 같아. 사실 작년에도 많이 올라서 이번에는 많이 오를 거라고 기대조차도 안 했거든. 근데 500만원이나 올라서 더 기뻐!	N	2022-06-23 17:54:26	2022-11-08 03:44:34
BE22003123	6	1	오를 거라는 기대 없이 협상했는데 예상과 다르게 그렇게 크게 올랐다면 그만큼 더 기쁘지. 네 좋은 소식에 내 기분까지 덩달아 좋아진다. 나 지금 너랑 문자하면서 광대승천중이야.	N	2022-06-23 17:54:26	2022-11-08 03:44:34
BE22003123	7	0	친구의 기쁨을 이렇게 진심으로 축하해주는 친구가 있어서 심장이 몽글거리는 거 같아. 진짜 오늘 죽어도 여한이 없어. 이 회사 다니길 잘했어.	N	2022-06-23 17:54:26	2022-11-08 03:44:34
BE22003123	8	1	이게 다 네가 회사에서 열심히 한 덕 아니겠어? 열정적인 것도 모자라서 엄청 성실하게 일했잖아. 회사가 너의 장점을 높이 봐준 거지!	N	2022-06-23 17:54:26	2022-11-08 03:44:34
BE22003123	9	0	그렇게 칭찬해주니까 더 좋다. 맞아. 내가 회사에 진짜 내 혼과 몸을 갈아서 충성하긴 했지. 내가 열심히 한 만큼 작년 승진과 더불어 연봉이 쭉쭉 오르니까 온몸에 도파민이 도는 기분인 거 있지?	N	2022-06-23 17:54:26	2022-11-08 03:44:34
BE22003123	10	1	크. 너네 회사 안 그래도 동종업계에서 좋은 회사로 요즘 평가받고 있잖아. 그런 회사에서 확실하게 자리매김 한 거니까 어찌 안 기쁘겠어. 너무 행복하겠다.	N	2022-06-23 17:54:26	2022-11-08 03:44:34
BE22003123	11	0	맞아. 나 그래서 이 회사에 진짜 뼈를 묻을려고. 연봉을 작년과 더불어 올해까지 이렇게 올려주는 거 보면 회사도 나의 충성을 바라는 거지!	N	2022-06-23 17:54:26	2022-11-08 03:44:34
BE22003123	12	1	그럼그럼. 그렇게 좋은 회사라면 뼈를 묻어야지. 내 친구가 탄탄대로 인생 성공하고 있는 거 보니까 내 기분이 더 좋아지는 거 같아.	N	2022-06-23 17:54:26	2022-11-08 03:44:34
BE22003123	13	0	네 덕분도 커! 내가 회사생활 때문에 힘들어하거나 고민이 있으면 네가 항상 들어줬잖아. 네가 내 친구라서 너무 좋고 항상 감사해.	N	2022-06-23 17:54:26	2022-11-08 03:44:34
BE22003123	14	1	나 또한 그래. 그래서 네 기쁜 소식에 나도 이렇게 기분이 날아갈 듯 좋아지나 봐! 아무튼 너무 축하해. 내 친구!	N	2022-06-23 17:54:26	2022-11-08 03:44:34
BE22003123	15	0	축하해줘서 고마워. 그런 의미로 내가 오늘 저녁에 치맥 쏜다! 퇴근하고 보자!	N	2022-06-23 17:54:26	2022-11-08 03:44:34
BE22003123	16	1	진짜? 너무 좋지. 퇴근하고 그럼 내가 너네 회사 쪽으로 넘어갈게. 이따 봐!	Y	2022-06-23 17:54:26	2022-11-08 03:44:34
