id	utterance_id	utterance_type	utterance_text	terminate	regDate	updDate
BE22004063	1	0	야, 너 어린 왕자 읽어본 적 있어?	N	2022-06-27 06:10:21	2022-11-08 03:50:33
BE22004063	2	1	어, 어릴 때 필독 도서여서 읽어봤던 거 같은데? 갑자기 왜?	N	2022-06-27 06:10:21	2022-11-08 03:50:33
BE22004063	3	0	아니, 나도 어릴 때 읽었었는데. 이번에 방 정리하다가 책 발견해서 다시 읽어봤거든.	N	2022-06-27 06:10:21	2022-11-08 03:50:33
BE22004063	4	1	어린 왕자 유명하지. 다시 읽어보니까 어때?	N	2022-06-27 06:10:21	2022-11-08 03:50:33
BE22004063	5	0	어릴 때는 별생각 없이 읽었던 거 같은데. 다시 읽으니까 여우도, 뱀도, 조종사도 내용이 새롭게 보이더라고.	N	2022-06-27 06:10:21	2022-11-08 03:50:33
BE22004063	6	1	예전하고 다른 느낌이야? 네 말 들으니까 나도 어린 왕자 다시 읽어보고 싶어진다.	N	2022-06-27 06:10:21	2022-11-08 03:50:33
BE22004063	7	0	너도 시간 되면 다시 읽어봐. 분명 아는 내용이었는데, 다시 읽으니까 와닿는 느낌이 새로웠어.	N	2022-06-27 06:10:21	2022-11-08 03:50:33
BE22004063	8	1	어른이 돼서 다른 시선으로 읽는다는 느낌이 어떤지 궁금하긴 하다. 좋은 경험을 했구나.	N	2022-06-27 06:10:21	2022-11-08 03:50:33
BE22004063	9	0	응. 어릴 땐 재밌게 읽었던 거 같은데. 다시 읽으니까 뭔가 슬픈 감정이 들더라고.	N	2022-06-27 06:10:21	2022-11-08 03:50:33
BE22004063	10	1	책을 읽고 감정에 푹 빠진다는 게 정말 좋은 경험인 거 같아. 나도 재밌게 읽은 책을 다시 읽어보는 편이거든.	N	2022-06-27 06:10:21	2022-11-08 03:50:33
BE22004063	11	0	그러니까. 분명 내가 읽었던 구절인데도 이해가 새롭게 되니까 처음 읽을 때보다 좋은 느낌이더라고. 정말 만족스러웠어! 다른 책도 다시 읽어볼까 봐.	N	2022-06-27 06:10:21	2022-11-08 03:50:33
BE22004063	12	1	그런 느낌이 어떤 건지 나도 잘 알아! 네 말 들으니까 나도 책을 다시 읽을 때 생각나서 기분이 좋다. 어린 왕자 책 다시 읽어보고 싶어져.	N	2022-06-27 06:10:21	2022-11-08 03:50:33
BE22004063	13	0	정말 추천해! 너도 다시 읽고 우리 이야기해보자. 나도 이렇게 좋을 줄 몰랐는데. 문장 하나하나 곱씹을 수 있어서 더 좋은 느낌이었어.	N	2022-06-27 06:10:21	2022-11-08 03:50:33
BE22004063	14	1	역시 어른들의 동화다. 네가 이렇게 책 읽고 좋아하는 모습 처음 보는 것 같아. 나도 읽어볼 테니까 같이 이야기하자.	N	2022-06-27 06:10:21	2022-11-08 03:50:33
BE22004063	15	0	좋아! 그럼 언제 같이 만날까? 너 시간 될 때 말해줘.	Y	2022-06-27 06:10:21	2022-11-08 03:50:33
