id	utterance_id	utterance_type	utterance_text	terminate	regDate	updDate
BE22001587	1	0	나 오늘 이만 보 걸었어.	N	2022-06-16 05:58:05	2022-11-08 03:34:40
BE22001587	2	1	웬일이야. 주말에는 침대랑 떨어져 있기 힘들어하던 애가.	N	2022-06-16 05:58:05	2022-11-08 03:34:40
BE22001587	3	0	주말에 집에만 있는 게 한심한 것처럼 느껴져서 등산 모임에 가입했거든.	N	2022-06-16 05:58:05	2022-11-08 03:34:40
BE22001587	4	1	오늘 그럼 거기 간 거야?	N	2022-06-16 05:58:05	2022-11-08 03:34:40
BE22001587	5	0	응. 역에서 7시에 모여서 등산했어.	N	2022-06-16 05:58:05	2022-11-08 03:34:40
BE22001587	6	1	말만 들어도 힘든데? 괜찮아? 산 처음 타보잖아.	N	2022-06-16 05:58:05	2022-11-08 03:34:40
BE22001587	7	0	처음엔 힘들었지. 근데 처음 타본다고 하니까 그 전날 복장부터 준비물까지 다 말해주고, 산 타면서도 계속 도와주시더라?	N	2022-06-16 05:58:05	2022-11-08 03:34:40
BE22001587	8	1	오 다행이다. 진짜 잘 챙겨주시네. 그럼 정상까지 간 거야?	N	2022-06-16 05:58:05	2022-11-08 03:34:40
BE22001587	9	0	응, 그분들 아니었으면 끝까지 못 올라갔을 거야.	N	2022-06-16 05:58:05	2022-11-08 03:34:40
BE22001587	10	1	등산 모임 나간 보람이 있구먼. 진짜 뿌듯했겠는데?	N	2022-06-16 05:58:05	2022-11-08 03:34:40
BE22001587	11	0	응, 들어오길 잘했어. 다음 주 모임도 나가기로 했어.	N	2022-06-16 05:58:05	2022-11-08 03:34:40
BE22001587	12	1	잘했어. 뭐든 새롭게 경험해 봐야 좋은 것 같아.	N	2022-06-16 05:58:05	2022-11-08 03:34:40
BE22001587	13	0	그러니까 말이야. 처음 해보는 일이라 겁먹었는데 그럴 필요 없었지 뭐야.	N	2022-06-16 05:58:05	2022-11-08 03:34:40
BE22001587	14	1	그 말 들으니 나도 도전하고 싶어지는걸.	Y	2022-06-16 05:58:05	2022-11-08 03:34:40
