id	utterance_id	utterance_type	utterance_text	terminate	regDate	updDate
BE22002681	1	0	오늘 재미있는 일이 있었어. 식당에서 음식을 주문했는데, 로봇이 내 음식을 서빙해 주더라고!	N	2022-06-22 08:37:33	2022-11-08 03:41:44
BE22002681	2	1	와, 정말 신기하다! 이제는 로봇이 서빙 일도 하다니, 정말 놀라운걸?	N	2022-06-22 08:37:33	2022-11-08 03:41:44
BE22002681	3	0	그러게 말이야. 정말 세상이 발전하는 게 느껴져서 감회가 남다르다. 난 식당 홀 서빙 아르바트를 한 적이 있었는데, 쉴 새 없이 돌아다니느라 정말 힘들었거든.	N	2022-06-22 08:37:33	2022-11-08 03:41:44
BE22002681	4	1	맞아, 그런 아르바이트는 오랜 시간 일하다 보면 정신도 없고 쉽게 피로해지곤 하지. 특히나 식당에서 일하는 건 제법 바쁠 텐데, 너 그때 정말 고생했겠구나.	N	2022-06-22 08:37:33	2022-11-08 03:41:44
BE22002681	5	0	말도 마. 집에 돌아갈 때마다 다리가 후들거렸다니까. 그런데 이제 로봇이 그 일을 대신하는 모습을 보니까 정말 새롭고 신기해.	N	2022-06-22 08:37:33	2022-11-08 03:41:44
BE22002681	6	1	직접 해본 적 있는 일을 다름 아닌 로봇이 척척 해내는 걸 보게 되다니. 나 같아도 놀라고 얼떨떨했을 거야.	N	2022-06-22 08:37:33	2022-11-08 03:41:44
BE22002681	7	0	맞아, 아까 전에는 정말 눈이 휘둥그레졌다니까. 그런데 한편으로는 또 막 설레는 거 있지. 미래가 어떤 모습으로 변할지 머릿속에서 그려지지 않아?	N	2022-06-22 08:37:33	2022-11-08 03:41:44
BE22002681	8	1	그러게. 미래에는 요리와 서빙, 계산까지 모두 로봇이 해내는 무인 식당이 나타나려나?	N	2022-06-22 08:37:33	2022-11-08 03:41:44
BE22002681	9	0	정말 그럴지도 몰라. 안 그래도 요즘 각종 매장에서 키오스크가 늘어나고 있잖아. 처음에는 불편했는데 어느 순간 익숙해지더라고.	N	2022-06-22 08:37:33	2022-11-08 03:41:44
BE22002681	10	1	맞아. 나도 처음 키오스크를 쓸 때는 불편하고 어색하게 느껴졌어. 그런데 이제는 혼자서 편리하게 주문할 수 있는 점이 오히려 편하더라.	N	2022-06-22 08:37:33	2022-11-08 03:41:44
BE22002681	11	0	그렇지? 로봇과 기계는 잘 사용하면 일상생활에 큰 편리함을 가져다 주는 것 같아.	N	2022-06-22 08:37:33	2022-11-08 03:41:44
BE22002681	12	1	응. 지금도 우리 일상에서 유용하게 사용되고 있으니까. 우리에게 음식을 가져다주는 저 로봇도 점점 익숙해질지도 몰라.	N	2022-06-22 08:37:33	2022-11-08 03:41:44
BE22002681	13	0	그거 제법 멋진데. 로봇이 가득한 세상이라! 왠지 가슴이 두근거리고 기대되는걸?	N	2022-06-22 08:37:33	2022-11-08 03:41:44
BE22002681	14	1	너 정말 신나 보인다. 발전하는 미래의 모습이 궁금해진 거구나?	N	2022-06-22 08:37:33	2022-11-08 03:41:45
BE22002681	15	0	맞아. 앞으로 변화할 세상은 상상도 못할 만큼 멋질 것만 같거든.	Y	2022-06-22 08:37:33	2022-11-08 03:41:45
