id	utterance_id	utterance_type	utterance_text	terminate	regDate	updDate
BE22003847	1	0	나 과제 시작할 수 있을 거 같아! 번뜩하고 무언가 떠올랐어, 드디어!	N	2022-06-26 10:03:50	2022-11-08 03:49:11
BE22003847	2	1	오, 정말 다행이다! 너 굉장히 스트레스 많이 받았잖아. 창작 수업이라 어렵다며.	N	2022-06-26 10:03:50	2022-11-08 03:49:11
BE22003847	3	0	응! 이걸로 몇시간을 끙끙 앓았는지! 밤을 새도 제자리였는데, 샤워하니까 생각나는 거 있지.	N	2022-06-26 10:03:50	2022-11-08 03:49:11
BE22003847	4	1	오히려 머리를 식혀서 그런가? 어쨌거나 다행이다. 네가 이번에 심하게 막막해 해서 나도 걱정됐었어.	N	2022-06-26 10:03:50	2022-11-08 03:49:11
BE22003847	5	0	그렇구나, 내가 너에게 그 정도로 티를 냈다니. 괜히 민폐 끼친 것 같아서 미안해.	N	2022-06-26 10:03:50	2022-11-08 03:49:11
BE22003847	6	1	원래 잘하던 애가 얼마나 힘들었으면 그러겠어, 네 마음 충분히 이해해. 나라도 그랬을 거야.	N	2022-06-26 10:03:50	2022-11-08 03:49:11
BE22003847	7	0	이해해 줘서 고마워, 나 이번에 진짜 잘할 수 있을 거 같아. 빨리 시작하고 싶어.	N	2022-06-26 10:03:50	2022-11-08 03:49:11
BE22003847	8	1	너 완벽주의라 완벽하지 않으면 시작도 안 하잖아. 이번에 어떤 멋진 게 나올지 기대되는데?	N	2022-06-26 10:03:50	2022-11-08 03:49:11
BE22003847	9	0	응! 이번엔 정말 자신있어. 제출했던 결과물 중에 제일 만족스러울 것 같네.	N	2022-06-26 10:03:50	2022-11-08 03:49:11
BE22003847	10	1	기대된다. 네 작품 항상 잘 보고 있어, 워낙 창의적인 생각을 잘하니까! 너만의 특별함이 보여.	N	2022-06-26 10:03:50	2022-11-08 03:49:11
BE22003847	11	0	네 말 들으니까 더 신나는 거 있지. 당장 시작하고 완성되면 너에게 먼저 보여줘도 될까?	N	2022-06-26 10:03:50	2022-11-08 03:49:11
BE22003847	12	1	그럼, 당연하지. 이번에도 기대하고 있을게.	N	2022-06-26 10:03:50	2022-11-08 03:49:11
BE22003847	13	0	네가 워낙 애정을 갖고 봐주니까 힘든 건 아무것도 아닌 것처럼 느껴져.	N	2022-06-26 10:03:50	2022-11-08 03:49:11
BE22003847	14	1	영감이 떠올랐으니까 이제부터 실행만 하면 되겠다. 진심으로 파이팅이야.	N	2022-06-26 10:03:50	2022-11-08 03:49:11
BE22003847	15	0	응, 맞아. 지금부터 시작할게. 응원해줘서 고마워!	Y	2022-06-26 10:03:50	2022-11-08 03:49:11
