id	utterance_id	utterance_type	utterance_text	terminate	regDate	updDate
BE22002216	1	0	내일이 벌써 월요일이라니! 주말은 왜 이렇게 빨리 지나는 걸까?	N	2022-06-20 10:52:54	2022-11-08 03:38:46
BE22002216	2	1	그러니까. 주말은 항상 아쉬워. 너는 주말 잘 보냈어?	N	2022-06-20 10:52:54	2022-11-08 03:38:46
BE22002216	3	0	난 이번 주말에 쉬는 동안 집에만 있었어! 생각해 보니까 현관 밖으로도 안 나간 것 같아. 완전 푹 쉬었네.	N	2022-06-20 10:52:54	2022-11-08 03:38:46
BE22002216	4	1	말만 들어도 편하게 잘 쉰 것 같네. 네가 이번 주에 너무 바쁘긴 했었지. 나였어도 지쳤을 것 같아.	N	2022-06-20 10:52:54	2022-11-08 03:38:46
BE22002216	5	0	맞아. 이번 주에 유독 힘들어서 오랜만에 나만을 위한 주말을 보냈어. 원래 주말에 친구들 약속 잡고 그것만 기다리면서 일주일을 보냈거든.	N	2022-06-20 10:52:54	2022-11-08 03:38:46
BE22002216	6	1	살다 보니까 나만을 위한 시간이 정말 필요한 것 같더라. 나도 예전에는 주말마다 유명한 식당이나 카페 같은 곳 돌아다니는 게 낙이었거든. 요즘에는 집에서 책 읽고 여유롭게 보내는 게 좋더라고.	N	2022-06-20 10:52:54	2022-11-08 03:38:46
BE22002216	7	0	정말 그래. 주말 동안 집에서 내가 좋아하는 취미도 하고 여유롭게 보내니까 너무 좋았어. 마음에 여유가 생기니까 밀린 빨래랑 집안일들도 재미있게 느껴지더라고.	N	2022-06-20 10:52:54	2022-11-08 03:38:46
BE22002216	8	1	네가 드디어 한숨 돌리나 보다. 안 그래도 주말까지 꽉꽉 찬 네 일상이 버겁진 않을까 걱정됐었거든. 여유를 느꼈다니 너무 잘 됐다.	N	2022-06-20 10:52:54	2022-11-08 03:38:46
BE22002216	9	0	주말에 시간이 비면 내가 다른 사람들보다 잘 못 살고 있는 느낌이 들었었거든. 다들 주말도 알차게 잘 보내는 것 같아서 괜히 조바심이 났던 것 같아.	N	2022-06-20 10:52:54	2022-11-08 03:38:46
BE22002216	10	1	네가 그렇게 생각하고 있었는지 전혀 몰랐어. 다른 사람들이랑 비교하면 끝도 없지. 그런 마음을 가졌다는 게 놀라울 정도로 잘살고 있는 것 같은걸?	N	2022-06-20 10:52:54	2022-11-08 03:38:46
BE22002216	11	0	정말 남들이랑 비교하니까 끝도 없더라고. 주말마다 놀러 나가는 게 내 행복이라고 믿고 살았는데 어쩌면 조금 스트레스였던 것 같기도 해.	N	2022-06-20 10:52:54	2022-11-08 03:38:46
BE22002216	12	1	어떤 일이든 조금의 강박이 더해지면 스트레스가 될 수밖에 없는 것 같아. 어찌 됐든 네가 행복하고 만족스러우면 되는 거 아닐까? 이렇게 네 행복을 찾아가면 정말 좋을 것 같아.	N	2022-06-20 10:52:54	2022-11-08 03:38:46
BE22002216	13	0	정말 오랜만에 마음이 편한 주말이었어. 네 말대로 스스로의 행복을 찾아야겠어.	N	2022-06-20 10:52:54	2022-11-08 03:38:46
BE22002216	14	1	주말이 가는 게 어느 때보다 더 아쉽겠네. 마저 편하게 잘 쉬어!	N	2022-06-20 10:52:54	2022-11-08 03:38:46
BE22002216	15	0	얘기 들어줘서 고마워. 너도 주말 마무리 잘해!	Y	2022-06-20 10:52:54	2022-11-08 03:38:46
