id	utterance_id	utterance_type	utterance_text	terminate	regDate	updDate
BE22000390	1	0	나 오늘부터 반장이다. 너무 기분이 좋아.	N	2022-06-13 01:31:09	2022-11-08 03:26:47
BE22000390	2	1	선거에 당선된 거야?	N	2022-06-13 01:31:09	2022-11-08 03:26:47
BE22000390	3	0	마지막 세 명 올라가서 2차 투표했는데 내가 압도적 지지로 당선되었어.	N	2022-06-13 01:31:09	2022-11-08 03:26:47
BE22000390	4	1	축하해. 매번 시도하더니 결국 해내는군.	N	2022-06-13 01:31:09	2022-11-08 03:26:47
BE22000390	5	0	또 떨어질 줄 알았는데, 얼떨떨하기도 하고 눈물 나려는 거 참느라 애썼다.	N	2022-06-13 01:31:09	2022-11-08 03:26:47
BE22000390	6	1	너는 이미 되고도 남았을 친구인데, 그동안 선거 때마다 안 되는 게 나도 어이가 없었어.	N	2022-06-13 01:31:09	2022-11-08 03:26:47
BE22000390	7	0	친구들이 날 싫어하나? 이렇게 인기가 없나? 하면서 사실 좀 주눅 들긴 했었어.	N	2022-06-13 01:31:09	2022-11-08 03:26:47
BE22000390	8	1	쉬는 시간마다 친구들 공부도 도와주고, 어떤 애들은 시험 때마다 정리한 노트까지 빌려 가면서 반 애들이 너무한다고 했어.	N	2022-06-13 01:31:09	2022-11-08 03:26:47
BE22000390	9	0	공부 잘하는 것과 인기는 또 별개이기도 하잖아.	N	2022-06-13 01:31:09	2022-11-08 03:26:47
BE22000390	10	1	임원은 인기보다 리더십을 봐야지.	N	2022-06-13 01:31:09	2022-11-08 03:26:47
BE22000390	11	0	사람마다 기준이나 기호가 다를 수 있으니까.	N	2022-06-13 01:31:09	2022-11-08 03:26:47
BE22000390	12	1	네 말대로 그 다양한 친구들이 이제야 네 진가를 알아차린 것 같아 다행이라고 생각해.	N	2022-06-13 01:31:09	2022-11-08 03:26:47
BE22000390	13	0	그렇게 말해주니 고마워. 	N	2022-06-13 01:31:09	2022-11-08 03:26:47
BE22000390	14	1	나라면 못 했을 그 수많은 도전을 묵묵히 해 온 네가 내 친구라 더 기쁘고 고마워.	N	2022-06-13 01:31:09	2022-11-08 03:26:47
BE22000390	15	0	나를 알아주는 친구가 있어요?행복하고, 반장으로서 나날들이 기대돼.	Y	2022-06-13 01:31:09	2022-11-08 03:26:47
