id	utterance_id	utterance_type	utterance_text	terminate	regDate	updDate
BE22002829	1	0	아이고 허리야, 요즘 좀 몸을 움직였다고 바로 몸에서 신호가 오네.	N	2022-06-23 02:10:14	2022-11-08 03:42:41
BE22002829	2	1	그러게 뭐 얼마 벌 거라고 아르바이트야 그 나이에. 우리 나이 때는 첫째도 건강 둘째도 건강이라고.	N	2022-06-23 02:10:14	2022-11-08 03:42:41
BE22002829	3	0	그걸 왜 모르겠어. 근데 요즘 손자 보는 재미에 아주 시간 가는 줄을 몰라. 용돈이라도 주려면 틈틈이 벌어 놔야지.	N	2022-06-23 02:10:14	2022-11-08 03:42:41
BE22002829	4	1	욕심이 과하면 화를 부른다고 그러다가 병원비가 더 들 수도 있어. 걱정돼서 하는 소리니까 너무 고깝게는 듣지 말라고.	N	2022-06-23 02:10:14	2022-11-08 03:42:41
BE22002829	5	0	자네 마음을 내가 왜 몰라. 우리는 날 때부터 이날 이때까지 같이 한평생 살아온 지기잖아.	N	2022-06-23 02:10:14	2022-11-08 03:42:41
BE22002829	6	1	그럼, 우리만큼 평생 동안 붙어 다닌 사람들도 드물지. 자네가 갑자기 아르바이트를 한다니 나도 취업을 해야 하나 싶어. 요즘 심심하다고.	N	2022-06-23 02:10:14	2022-11-08 03:42:41
BE22002829	7	0	그래도 내가 요즘 내 스스로 하는 소일거리를 찾아서 얼마나 기분이 좋은지 아는가? 내 손으로 벌어서 손자에게 뭔가를 쥐여줄 때 그렇게 좋을 수가 없어.	N	2022-06-23 02:10:14	2022-11-08 03:42:41
BE22002829	8	1	그 맘 알지. 그러니 내가 처음 그 일 시작할 때 안 뜯어말렸지. 자네 마음이 내 마음인 걸 오죽 좋으면 그렇게 시작했을까 싶더라고.	N	2022-06-23 02:10:14	2022-11-08 03:42:41
BE22002829	9	0	요전에는 손자가 내가 준 용돈으로 장난감 자동차를 샀다고 신나게 가지고 놀더라고. 아들이 그 영상을 보내줬는데 그걸 보는 내 마음이 얼마나 흐뭇하던지. 일하는 것도 하나도 안 힘들고 신이 나더라니까.	N	2022-06-23 02:10:14	2022-11-08 03:42:41
BE22002829	10	1	자네 정말 손자 바보 다 됐네. 다음에 만나면 손자 사진이나 영상 좀 보여주게.	N	2022-06-23 02:10:14	2022-11-08 03:42:41
BE22002829	11	0	알겠네. 일 마치고 저녁 시간에 한번 보자고. 그때는 내가 월급으로 밥 살게.	N	2022-06-23 02:10:14	2022-11-08 03:42:41
BE22002829	12	1	자네는 항상 뭔가를 원동력 삼아 나아가는 사람이라 참 멋져. 젊었을 때는 꿈, 중년이 돼서는 부인과 자식들, 노년이 돼서는 손자들을 위해서 항상 열심히 살잖아. 그건 쉬운 게 아니야.	N	2022-06-23 02:10:14	2022-11-08 03:42:41
BE22002829	13	0	어디 나만 그런가. 다들 그렇게 살지. 자네도 나도 열심히 살았어.	N	2022-06-23 02:10:14	2022-11-08 03:42:41
BE22002829	14	1	저마다의 기준으로 열심히 살았지. 그래도 자네가 이렇게 기뻐하는 모습을 보니까 나도 기분이 좋네. 곧 보세나.	N	2022-06-23 02:10:14	2022-11-08 03:42:42
BE22002829	15	0	그래, 그때는 우리 손자 사진 많이 보여줄게.	Y	2022-06-23 02:10:14	2022-11-08 03:42:42
