id	utterance_id	utterance_type	utterance_text	terminate	regDate	updDate
BE22004227	1	0	나 정말 좋은 소식이 있어.	N	2022-06-27 11:54:04	2022-11-08 03:51:36
BE22004227	2	1	뭔데? 오늘 좋은 일 있었어?	N	2022-06-27 11:54:04	2022-11-08 03:51:36
BE22004227	3	0	응. 딸이 오늘 드디어 첫 걸음마를 했어! 이렇게 기쁜 건 처음이야.	N	2022-06-27 11:54:04	2022-11-08 03:51:36
BE22004227	4	1	정말? 너 그동안 딸이 걸음마를 할 때가 되었는데도 하지 않아서 걱정이 많았잖아. 드디어 첫 걸음마를 했다니 정말 기쁘겠다. 축하해!	N	2022-06-27 11:54:04	2022-11-08 03:51:36
BE22004227	5	0	응. 우리 딸이 언제 이렇게 커서 걸음마를 하는지 신기하고 뿌듯한 마음이 들어. 그간 걱정했던 걸 생각하면 뭉클하기도 해.	N	2022-06-27 11:54:04	2022-11-08 03:51:36
BE22004227	6	1	아이가 첫 걸음마를 했을 때가 가장 기쁜 순간들 중 하나라고 하잖아. 나도 우리 아들이 첫 걸음마를 했을 때가 떠올라서 덩달아 기쁘다. 정말 기특한 마음이 들었겠다.	N	2022-06-27 11:54:04	2022-11-08 03:51:36
BE22004227	7	0	내가 온 마음을 다해 키운 아이인데 이렇게 성장해나가는 모습을 보는 게 정말 행복해. 앞으로도 이렇게 건강하게만 무럭무럭 자라줬으면 좋겠어.	N	2022-06-27 11:54:04	2022-11-08 03:51:36
BE22004227	8	1	무슨 마음인지 잘 알아. 네가 아이를 믿고 기다려줬기 때문에 이렇게 기쁜 순간이 온 거라고 생각해. 내가 봐도 너는 참 좋은 엄마야.	N	2022-06-27 11:54:04	2022-11-08 03:51:36
BE22004227	9	0	그렇게 말해주니 더 기쁘다. 앞으로도 아이가 조금 느리고 더디더라도 믿고 기다려주는 엄마가 되고 싶어. 아이를 사랑과 믿음으로 키워야겠다고 나 자신과 약속했어.	N	2022-06-27 11:54:04	2022-11-08 03:51:36
BE22004227	10	1	결혼하기 전에도 결혼한 이후에도 아내로 그리고 엄마로 잘 살아갈 수 있을까 걱정했던 너였는데. 그랬던 내 오랜 친구인 네가 이렇게 아이를 위하고 사랑하는 걸 들으니 정말 감동적이야.	N	2022-06-27 11:54:04	2022-11-08 03:51:36
BE22004227	11	0	그때 네가 나한테 정말 큰 힘이 되었어. 너는 나보다 2년 일찍 출산을 해서 많은 부분에서 나를 도와줬잖아. 불안할 때 기댈 수 있는 친구가 되어줘서 고마워.	N	2022-06-27 11:54:04	2022-11-08 03:51:36
BE22004227	12	1	내가 너에게 그런 존재라니 너무 행복해. 앞으로도 육아를 하다가 힘든 일이 있으면 내가 도우고 싶어. 육아를 하면서 절망적인 순간들을 나도 알기 때문에 너에게 힘이 되고 싶어.	N	2022-06-27 11:54:04	2022-11-08 03:51:36
BE22004227	13	0	나에게 너 같은 친구가 있다니 정말 든든해. 우리 아이의 엄마로서 서로 도우면서 잘살아보자.	N	2022-06-27 11:54:04	2022-11-08 03:51:36
BE22004227	14	1	그러자. 오늘따라 첫 걸음마를 한 거 다시 한번 진심으로 축하해.	N	2022-06-27 11:54:04	2022-11-08 03:51:36
BE22004227	15	0	고마워. 너도 나도 앞으로 이렇게 행복한 일이 가득했음 좋겠다!	Y	2022-06-27 11:54:04	2022-11-08 03:51:36
