id	utterance_id	utterance_type	utterance_text	terminate	regDate	updDate
BE22004080	1	0	우리 회사에서 이제 동아리처럼 취미활동 할 수 있도록 지원해준다고 말했었나?	N	2022-06-27 06:37:35	2022-11-08 03:50:40
BE22004080	2	1	오 그래? 자기가 하고 싶은 거 마음대로 해볼 수 있는 거야?	N	2022-06-27 06:37:35	2022-11-08 03:50:40
BE22004080	3	0	맞아, 나는 무슨 부에 들어갔게?	N	2022-06-27 06:37:35	2022-11-08 03:50:40
BE22004080	4	1	어떤 곳에 들어갔길래 이렇게 신나 보이는 거지?	N	2022-06-27 06:37:35	2022-11-08 03:50:40
BE22004080	5	0	나 연극부 들어갔어! 나 원래 어렸을 때부터 꿈이 연극배우였거든. 근데 이렇게라도 해 볼 수 있다고 해서 너무 흥분되고 설레!	N	2022-06-27 06:37:35	2022-11-08 03:50:40
BE22004080	6	1	연극부라면 너도 회사 사람들이랑 진짜 공연도 올리고 그러는 거야? 연극배우라니 완전 멋진걸?	N	2022-06-27 06:37:35	2022-11-08 03:50:40
BE22004080	7	0	한 달 동안 같이 연습하고 준비해서 연극 공연하는 거야! 어렸을 때 못다 이룬 한을 제대로 풀어봐야겠어. 무대에 설 생각하니까 벌써부터 떨리고 너무 신나!	N	2022-06-27 06:37:35	2022-11-08 03:50:40
BE22004080	8	1	어머, 너한테 이야기 듣기만 해도 완전 즐거울 것 같은데 너는 오죽하겠니. 진짜 상상만 해도 흥분될 것 같은데? 정말 잘 됐네, 연극배우의 못다한 꿈을 한번 펼쳐봐!	N	2022-06-27 06:37:35	2022-11-08 03:50:40
BE22004080	9	0	그치? 너가 이렇게 말해주니까 기쁨 두 배야. 역시 행복한 일은 나눠야지 더 커진다는 말이 맞다니까? 나 지금 과흥분 상태인데 같이 맞장구쳐줘서 고마워!	N	2022-06-27 06:37:35	2022-11-08 03:50:40
BE22004080	10	1	뭘 이런 걸 가지고 그래. 진짜 너가 해 보고 싶었던 거, 꿈꿔왔던 걸 실현해 볼 수 있는 기회가 생겨서 너무 다행이다!	N	2022-06-27 06:37:35	2022-11-08 03:50:40
BE22004080	11	0	그러니까말야, 내가 무대 위에 선다니 안 믿겨져, 나는 아직도 꿈꾸고 있는 것만 같다니까? 어렸을 때는 하고 싶어도 부모님이 워낙 반대를 심하게 하셨잖아. 그래서 지금 뭔가 더 감격스러운걸?	N	2022-06-27 06:37:35	2022-11-08 03:50:40
BE22004080	12	1	근데 생각할수록 너 정말 대단한 거 같아. 나라면 아무리 예전에 꿈이라 하더라도 다시 도전해볼 생각은 쉽게 못 했을 거 같은데. 사람이 말로 하는 건 쉬워도 막상 행동으로 옮기기는 어렵잖아, 너무 존경스럽다!	N	2022-06-27 06:37:35	2022-11-08 03:50:40
BE22004080	13	0	나도 이번 기회에 해보고 싶은 마음에 용기를 냈는데 너가 이렇게 칭찬해주니까 더 격려가 된다! 너 덕분에 힘 받아서 더 열심히 한번 해볼게. 칭찬해줘서 너무 고마워!	N	2022-06-27 06:37:35	2022-11-08 03:50:40
BE22004080	14	1	너 공연하면 내가 제일 먼저 꽃다발 들고 응원 갈게. 꼭 연락줘.	N	2022-06-27 06:37:35	2022-11-08 03:50:40
BE22004080	15	0	그래 공연 완성되면 가장 먼저 초대 연락할게, 조금만 기다려줘!	Y	2022-06-27 06:37:35	2022-11-08 03:50:40
