id	utterance_id	utterance_type	utterance_text	terminate	regDate	updDate
BE22002550	1	0	내가 우리 딸이 방과 후 수업으로 기타를 배운다고 말했던가?	N	2022-06-22 05:21:50	2022-11-08 03:40:55
BE22002550	2	1	처음 듣는 소린데? 배운 지 오래됐어?	N	2022-06-22 05:21:50	2022-11-08 03:40:55
BE22002550	3	0	배운지는 한 일 년 됐나 봐. 어제 발표회에서 그동안 배운 곡을 연주하는데 너무 잘하는 거 있지. 나 감격했잖아.	N	2022-06-22 05:21:50	2022-11-08 03:40:55
BE22002550	4	1	네 기분이 어떤지 나도 알 것 같아. 왠지 모르겠는데 발표회 때 애들 하는 거 보면 그렇게 가슴이 벅차오르더라. 난 눈물도 흘렸다니까.	N	2022-06-22 05:21:50	2022-11-08 03:40:55
BE22002550	5	0	오래 배우지도 않았는데 웬만한 곡은 악보만 보고 척척 연주해. 진짜 신통방통하다니까.	N	2022-06-22 05:21:50	2022-11-08 03:40:55
BE22002550	6	1	딸아이가 기타에 재능이 있나 봐. 이번 기회에 기타 영재 검사를 받아보는 건 어때?	N	2022-06-22 05:21:50	2022-11-08 03:40:55
BE22002550	7	0	영재까지는 아니야. 그래도 듣기는 좋네. 사실 기타 연주가 원래 내 로망이라서 더 기쁜가 봐.	N	2022-06-22 05:21:50	2022-11-08 03:40:55
BE22002550	8	1	너 대학 때 기타 배우고 싶다고 노래를 불렀었지. 네 로망을 딸아이가 이뤄주고 있는 셈인가? 연주하는 거 들으면서 진짜 기뻤겠다.	N	2022-06-22 05:21:50	2022-11-08 03:40:55
BE22002550	9	0	그러니까, 애가 연주하는 모습을 보고 있잖아, 잊고 있었던 옛 로망이 생각나서 가슴이 뛰더라고.	N	2022-06-22 05:21:50	2022-11-08 03:40:55
BE22002550	10	1	네가 왜 이렇게 흥분하고 있는지 진심으로 이해된다. 대리 연주로 만족하지 말고 아예 네 로망을 직접 이뤄보는 건 어때?	N	2022-06-22 05:21:50	2022-11-08 03:40:55
BE22002550	11	0	얘기만 들어도 설렌다. 집안일에 애 돌보기도 바쁜데 내가 할 수 있을까?	N	2022-06-22 05:21:50	2022-11-08 03:40:55
BE22002550	12	1	설레는데 뭘 망설이니? 일단 동영상 공유 서비스에 올라온 기타 강의 찾아보고 연습부터 해 봐. 딸아이한테 지도도 받고.	N	2022-06-22 05:21:50	2022-11-08 03:40:55
BE22002550	13	0	좋은 생각인 것 같아. 동영상 공유 서비스로 시작하면 부담도 없고. 딸아이와 공유하는 이야기도 많아질 거야.	N	2022-06-22 05:21:50	2022-11-08 03:40:55
BE22002550	14	1	한번 열심히 해 봐. 딸아이랑 듀엣으로 기타 연주를 해도 멋있을 거야.	Y	2022-06-22 05:21:50	2022-11-08 03:40:55
