id	utterance_id	utterance_type	utterance_text	terminate	regDate	updDate
BE22003002	1	0	내가 예전에 체력이 떨어진다고 얘기한 거 기억나?	N	2022-06-23 09:25:21	2022-11-08 03:43:47
BE22003002	2	1	응, 기억나. 그래서 내가 운동을 시작하라고 추천했잖아.	N	2022-06-23 09:25:21	2022-11-08 03:43:47
BE22003002	3	0	맞아. 그리고 오늘이 운동 한 달 차인데, 나 체력이 붙은 것 같아서 기뻐.	N	2022-06-23 09:25:21	2022-11-08 03:43:47
BE22003002	4	1	와, 정말 기쁘겠다! 한 달 만에 체력이 늘다니 정말 대단하다. 운동 열심히 하더니 역시 노력은 배신하지 않나 봐. 고생했어.	N	2022-06-23 09:25:21	2022-11-08 03:43:47
BE22003002	5	0	운동할 때는 힘들었는데, 체력이 붙으니까 힘든 건 기억도 안 나고 신이 나는 거 있지? 아파트 계단을 올라가도 전혀 힘들지 않아서 너무 행복하고 뿌듯해!	N	2022-06-23 09:25:21	2022-11-08 03:43:47
BE22003002	6	1	정말 체력이 눈에 띄게 늘고 성취감이 엄청나서 더 행복할 것 같아. 나도 운동 시작하고 목표였던 마라톤을 완주하고 뿌듯하고 행복했기 때문에 어떤 기분인지 알 것 같아. 그리고 네가 기뻐하니까 나도 행복하고 기분이 좋아.	N	2022-06-23 09:25:21	2022-11-08 03:43:47
BE22003002	7	0	맞아. 눈에 보이는 성과가 있으니까 정말 만족스러워. 그리고 앞으로 더 열심히 하고 싶다는 생각이 들어서 힘이 나고 흥분돼!	N	2022-06-23 09:25:21	2022-11-08 03:43:47
BE22003002	8	1	운동을 더 열심히 하고 싶다니, 정말 대단한데? 이제 운동에 완전히 재미를 붙인 것 같아서 보기 좋아. 그리고 내가 추천했는데 더 열심히 하고 싶어 하는 모습을 보니 보람차다.	N	2022-06-23 09:25:21	2022-11-08 03:43:47
BE22003002	9	0	네가 운동을 추천해준 덕분에 내가 더 건강해져서 행복해. 살도 많이 빠져서 거울을 봐도 만족스러워.	N	2022-06-23 09:25:21	2022-11-08 03:43:48
BE22003002	10	1	나도 네가 운동에 만족하는 걸 보니 정말 기뻐. 운동하면 살도 빠지고, 평소보다 많이 먹어도 살이 안 찌니까 너무 행복하지. 그리고 운동을 하니까 평소에 덜 피곤하지 않아?	N	2022-06-23 09:25:21	2022-11-08 03:43:48
BE22003002	11	0	맞아, 운동을 하면 더 피곤할 줄 알았는데, 오히려 활력이 생기는 느낌이야! 요즘 하루하루가 행복해.	N	2022-06-23 09:25:21	2022-11-08 03:43:48
BE22003002	12	1	운동을 열심히 하니까 너의 몸도 마음도 더 건강해진 것 같아서 멋있고 보기 좋아. 지금처럼 열심히 하면 더 건강해지고 몸매도 좋아져서 엄청 만족스러울 거야. 너의 건강한 삶을 응원할게!	N	2022-06-23 09:25:21	2022-11-08 03:43:48
BE22003002	13	0	고마워. 보기 좋다니 정말 기분 좋다! 네 덕분에 오늘 완전 신이 나! 오늘도 열심히 운동을 해야겠어.	N	2022-06-23 09:25:21	2022-11-08 03:43:48
BE22003002	14	1	그래, 좋은 생각이야. 오늘 운동도 힘내!	Y	2022-06-23 09:25:21	2022-11-08 03:43:48
