id	utterance_id	utterance_type	utterance_text	terminate	regDate	updDate
BE22006074	1	0	공감화자야. 지금 뭐 해? 밖에 눈 오는 거 봤어?	N	2022-07-04 12:17:01	2022-11-08 04:03:29
BE22006074	2	1	나도 지금 창밖을 보고 있지. 너는 뭐 하는데?	N	2022-07-04 12:17:01	2022-11-08 04:03:29
BE22006074	3	0	나 지금 눈 오길래 우리 강아지 데리고 산책 나왔어. 하늘에서 내리는 눈도 너무 예쁘고 쌓인 눈도 아름다워. 우리 강아지도 엄청 좋아해서 기분이 되게 좋은 거 있지?	N	2022-07-04 12:17:01	2022-11-08 04:03:29
BE22006074	4	1	함박눈이 펑펑 내리는 날 너랑 강아지 산책하는 모습 상상하니까 되게 아름답고 뭔가 기분이 몽글몽글해진다. 아름다운 풍경을 보면서 반려견과 함께하는 산책이라니 너무 낭만적이야. 지금 감정화자가 얼마나 기분이 좋을지 나도 알 거 같아.	N	2022-07-04 12:17:01	2022-11-08 04:03:29
BE22006074	5	0	응. 지금 기분이 말로 표현 못할 정도로 환상적이야. 나 원래 눈 내리는 날 엄청 좋아하잖아. 내가 좋아하는 날씨에 사랑하는 우리 강아지랑 함께 산책해서 너무 행복해.	N	2022-07-04 12:17:01	2022-11-08 04:03:29
BE22006074	6	1	정말 얼마나 행복할지 내가 다 절로 미소가 나오는 거 같아. 나도 우리 강아지 산책 나가서 신나 할 때마다 나도 막 미소가 나오고 흡족하더라고. 얘기 듣는데 덩달아 나도 기분이 엄청 좋아지네!	N	2022-07-04 12:17:01	2022-11-08 04:03:29
BE22006074	7	0	네가 내 얘기 듣고 기분이 좋아진다니까 더 가슴이 두근거려. 오랜만에 나오는 산책이라 그런가? 공기도 되게 상쾌하고 반짝이는 조명도 아름다워.	N	2022-07-04 12:17:01	2022-11-08 04:03:29
BE22006074	8	1	왜 아니겠어. 원래 혼자서 하는 산책이랑 강아지랑 하는 산책이랑 사뭇 느낌이 다르잖아. 지금 너도 네 강아지도 엄청 기분이 좋겠다.	N	2022-07-04 12:17:01	2022-11-08 04:03:30
BE22006074	9	0	맞아. 나도 지금 막 신나서 발걸음이 날아갈 거 같거든! 근데 우리 강아지도 엄청 신나서 눈밭 뛰어다니고 있어. 그 모습이 너무 귀여워서 진짜 심장이 철렁한다.	N	2022-07-04 12:17:01	2022-11-08 04:03:30
BE22006074	10	1	그 모습을 나도 봐야 하는데. 아 아니면 나도 우리 강아지 데리고 너 있는 곳으로 갈까? 이렇게 눈 오는 날 가장 친한 친구와 반려견이 함께 산책하면 너무 좋을 거 같아!	N	2022-07-04 12:17:01	2022-11-08 04:03:30
BE22006074	11	0	정말? 그럼 나야 너무 좋지. 너 온다고 생각하니까 안 그래도 좋았던 기분이 더 좋아지는 거 있지? 진짜 너무 신난다.	N	2022-07-04 12:17:01	2022-11-08 04:03:30
BE22006074	12	1	나도 그래. 안 그래도 너 문자 받기 전에 산책 나갈까 말까 고민하고 있었거든. 근데 신난 네 얘기 들으니까 나도 꼭 나가야겠다. 상상만 해도 너무 행복하다.	N	2022-07-04 12:17:01	2022-11-08 04:03:30
BE22006074	13	0	나도 우리 강아지들이랑 너랑 같이 산책할 생각하니까 진짜 너무 좋다. 나와서 연락해.	N	2022-07-04 12:17:01	2022-11-08 04:03:30
BE22006074	14	1	응. 출발할 때 연락할게. 조금만 기다리고 있어!	Y	2022-07-04 12:17:01	2022-11-08 04:03:30
