id	utterance_id	utterance_type	utterance_text	terminate	regDate	updDate
BE22004211	1	0	요즘 내가 좋아하는 작가의 드라마를 보느라 주말 저녁이 너무 행복해.	N	2022-06-27 11:10:17	2022-11-08 03:51:30
BE22004211	2	1	무료한 주말 저녁에 행복한 시간을 보낸다니 정말 네가 재밌게 보고 있는 드라마인가 보네.	N	2022-06-27 11:10:17	2022-11-08 03:51:30
BE22004211	3	0	응 내가 정말 좋아하는 작가님의 드라마이거든. 그 작가님의 드라마는 무조건 챙겨 봤었어.	N	2022-06-27 11:10:17	2022-11-08 03:51:30
BE22004211	4	1	작가가 누구인지 체크하면서 드라마를 보다니 진정한 작가님의 팬인가 보구나. 난 작가가 누군지도 모르고 재밌으면 그냥 보곤 하는데.	N	2022-06-27 11:10:17	2022-11-08 03:51:30
BE22004211	5	0	물론 나도 작가가 누군지도 모르고 그냥 재밌어서 보는 드라마도 많이 있지. 근데 이번 드라마는 내가 정말 좋아하는 내용들이야.	N	2022-06-27 11:10:17	2022-11-08 03:51:30
BE22004211	6	1	그런 드라마라면 막장 내용이 하나도 없겠네. 너 예전에 나 유치한 아침드라마 좋아한다고 막 웃은 적 있었잖아.	N	2022-06-27 11:10:17	2022-11-08 03:51:30
BE22004211	7	0	그건 만날 때마다 아침 드라마에 너무 빠져서 얘기하니까 웃겨서 그랬지 놀리려고 그런 건 아니야.	N	2022-06-27 11:10:17	2022-11-08 03:51:30
BE22004211	8	1	하하 알지 나도. 넌 평상시 드라마도 별로 안 좋아하는데 네가 좋아하는 작가의 드라마라니 왠지 재밌을 것 같아.	N	2022-06-27 11:10:17	2022-11-08 03:51:30
BE22004211	9	0	재밌다기보다는 대사 하나하나가 왠지 마음을 힐링시켜주고 가슴 뭉클한 삶의 얘기가 나오는 드라마야.	N	2022-06-27 11:10:17	2022-11-08 03:51:30
BE22004211	10	1	네가 드라마를 통해 감동을 받으며 한 주의 피로를 달래며 행복해한다 생각하니, 나도 당장 봐야겠는걸?	N	2022-06-27 11:10:17	2022-11-08 03:51:30
BE22004211	11	0	그래 너도 한 번 챙겨서 봐봐. 뭔가 밋밋하고 자극적인 내용이 없어도 계속 보다 보면 네 마음을 움직이는 순간이 올 거야.	N	2022-06-27 11:10:17	2022-11-08 03:51:30
BE22004211	12	1	주말엔 재밌는 예능 프로만 봤는데, 네가 좋아하는 작가님 덕분에 감동받고 눈물 펑펑 나면 어쩌지?	N	2022-06-27 11:10:17	2022-11-08 03:51:30
BE22004211	13	0	하하 네가 눈물을 펑펑 흘릴 만큼 그 정도로 슬픈 내용은 아니야. 그냥 가슴 한구석이 찡한 정도?	N	2022-06-27 11:10:17	2022-11-08 03:51:30
BE22004211	14	1	그래? 네가 그 정도면 나는 눈물 펑펑 흘릴 수 있지. 네가 추천하는 드라마라 왠지 믿음이 생기네. 이번 주부터 꼭 챙겨 볼게.	N	2022-06-27 11:10:17	2022-11-08 03:51:30
BE22004211	15	0	그래 몇 번 보고 다음엔 같이 드라마 얘기하면서 밥 먹자.	Y	2022-06-27 11:10:17	2022-11-08 03:51:30
