id	utterance_id	utterance_type	utterance_text	terminate	regDate	updDate
BE22001484	1	0	여행 준비는 다 했니? 난 이제 막 짐 다 쌌어.	N	2022-06-15 16:25:25	2022-11-08 03:34:00
BE22001484	2	1	당연히 진즉 다 싸놨지. 우리 친구들끼리 얼마 만의 여행이니 너무 기대된다.	N	2022-06-15 16:25:25	2022-11-08 03:34:00
BE22001484	3	0	그래도 이번엔 남편이나 애들이 여행 가기 전 먹을 거 준비하지 말라고 해서 며칠 동안 집 비우는데도 먹을 거를 하나도 안 해놨어.	N	2022-06-15 16:25:25	2022-11-08 03:34:00
BE22001484	4	1	우와 너무 편했겠다. 음식 준비만 안 해놓고 가도 여행 준비가 너무 수월하지. 가족들이 집에 와서 밥 안 먹고 외식하겠다고 한 거야?	N	2022-06-15 16:25:25	2022-11-08 03:34:00
BE22001484	5	0	응 하루 이틀은 밖에서 먹고 온다고 하고 혹시 집에 오더라도 간단히 데워먹을 수 있는 걸로 사놓으라고 그러더라고.	N	2022-06-15 16:25:25	2022-11-08 03:34:00
BE22001484	6	1	그래 요즘은 어쩌면 그게 더 현명한 선택인 거 같아. 가끔 즉석식품도 내가 한 것보다 맛있는 게 있다니까.	N	2022-06-15 16:25:25	2022-11-08 03:34:00
BE22001484	7	0	그래서 마트에서 남편이랑 애들이 좋아하는 밀키트를 몇 개 사서 냉동실에 넣어 두기만 했어. 하하 세상 참 편해졌다.	N	2022-06-15 16:25:25	2022-11-08 03:34:00
BE22001484	8	1	가족들 덕분에 네 여행 준비가 한결 느긋해져서 너무 다행이다. 다른 때 같았으면 어디 여행 갈려고 하면 며칠 먹을 밥과 반찬들을 잔뜩 해놓느라 바빴을 텐데.	N	2022-06-15 16:25:25	2022-11-08 03:34:00
BE22001484	9	0	솔직히 요즘 배달 음식도 너무 편리하고 좋아졌는데 가족들도 며칠 정도는 내가 해주지 않는 음식을 먹는다 해서 불평할 순 없을 것 같아.	N	2022-06-15 16:25:25	2022-11-08 03:34:00
BE22001484	10	1	평상시는 네가 가족들을 위해 항상 정성스럽고 또 맛있게 요리했잖아. 그런 것을 너무 잘 알고 있으니, 가족들도 네가 여행 준비하면서부터 편하게 하라고 배려해 주는 걸 거야.	N	2022-06-15 16:25:25	2022-11-08 03:34:00
BE22001484	11	0	하하 어쩌면 그동안 지겹게 내 음식 먹었으니 속으로는 즉석식품이나 배달 음식 먹고 싶어 할지도 몰라.	N	2022-06-15 16:25:25	2022-11-08 03:34:00
BE22001484	12	1	어쩌면 그럴 수도 있지. 솔직히 우리도 밥하기 싫을 때 많잖아. 잘 나온 즉석식품들이 요즘 주부들을 많이 도와준다니까.	N	2022-06-15 16:25:25	2022-11-08 03:34:00
BE22001484	13	0	네 말대로 이러다가 점점 집에 있을 때도 밥하기 귀찮아지면 더 애용하게 되는 건 아닌지 모르겠어.	N	2022-06-15 16:25:25	2022-11-08 03:34:00
BE22001484	14	1	어쩌다 가끔 그러는 거는 가족들도 이해할 거야. 게다가 남편이나 애들도 편리하게 먹을 수 있고. 앞으로는 정말 주부의 요리 걱정을 덜어 줄 식품들이 많이 생길 거 같아.	N	2022-06-15 16:25:25	2022-11-08 03:34:00
BE22001484	15	0	가족들에겐 좀 미안하지만 이런 게 더 많이 나왔으면 좋겠다. 너무 좋아.	Y	2022-06-15 16:25:25	2022-11-08 03:34:00
