id	utterance_id	utterance_type	utterance_text	terminate	regDate	updDate
BE22000530	1	0	오늘 운동회에서 우리 반이 응원상을 받았어. 얼마나 신나고 기쁜지 몰라.	N	2022-06-13 04:27:24	2022-11-08 03:27:43
BE22000530	2	1	아주 잘됐다, 네가 전학 가서도 결국은 해내는군.	N	2022-06-13 04:27:24	2022-11-08 03:27:43
BE22000530	3	0	나 진짜 아이들 앞에서 목청 터져라 열심히 응원했거든.	N	2022-06-13 04:27:24	2022-11-08 03:27:43
BE22000530	4	1	벌써부터 네가 응원하는 모습이 머릿속에 그려지는 것 같아.	N	2022-06-13 04:27:24	2022-11-08 03:27:43
BE22000530	5	0	그런데 다른 상은 하나도 못 받았는데도 신기하게 반 아이들이 노래도 목청껏 따라 불러주고 분위기가 최상이었어.	N	2022-06-13 04:27:24	2022-11-08 03:27:43
BE22000530	6	1	내가 봤을 땐 너의 그 열정적인 모습에 아이들이 안 따를 수 없었을 것 같은데? 얘기 들어보니 거의 축제 분위기였을 것 같아.	N	2022-06-13 04:27:24	2022-11-08 03:27:43
BE22000530	7	0	맞아, 춤추고 노래 부르고 한바탕 놀다 온 기분이에. 선생님도 엄청 뿌듯해하셨어.	N	2022-06-13 04:27:24	2022-11-08 03:27:43
BE22000530	8	1	정말이지 너희 반 화합이 굉장히 좋았나 봐. 너는 벌써 전학 간 지 얼마 안 됐는데도 적응을 완전히 한 것 같은데?	N	2022-06-13 04:27:24	2022-11-08 03:27:43
BE22000530	9	0	어제까지는 살짝 어색했었는데 운동회가 끝난 후론 동료들과의 사이도 부쩍 더 좋아진 것 같아.	N	2022-06-13 04:27:24	2022-11-08 03:27:43
BE22000530	10	1	정말 다행이네. 우리 반은 상을 세 개나 받았는데도 애들끼리 갈등이 있어서 분위기가 그다지 좋지 않았거든.	N	2022-06-13 04:27:24	2022-11-08 03:27:43
BE22000530	11	0	그랬었군. 사실 한편으로는 응원상 한 개만 받은 게 살짝 서운한 마음이 들더라고.	N	2022-06-13 04:27:24	2022-11-08 03:27:43
BE22000530	12	1	당연히 그런 마음도 들겠지. 하지만 다른 상 여러 개보다 그에 비교할 수 없는 크고 멋진 상을 받았다고 생각해.	N	2022-06-13 04:27:24	2022-11-08 03:27:43
BE22000530	13	0	부끄럽지만 대리님이 그렇게 말해주니 아쉬웠던 2프로가 다 채워지는 기분이 드는걸?	N	2022-06-13 04:27:24	2022-11-08 03:27:43
BE22000530	14	1	네가 멀리 있는데도 마치 너와 신나는 운동회를 함께한 것 같은 착각이 들 정도였어. 넌 정말 내 최고의 친구야!	N	2022-06-13 04:27:24	2022-11-08 03:27:43
BE22000530	15	0	나를 그렇게 생각해주니 진짜 고마워. 앞으로도 우리 우정 영원히 간직하며 이렇게 서로 파이팅하면서 잘 지내보자!	Y	2022-06-13 04:27:24	2022-11-08 03:27:43
