id	utterance_id	utterance_type	utterance_text	terminate	regDate	updDate
BE22002269	1	0	공감화자야, 난 올해 가을에 마라톤 대회 출전하기로 했다.	N	2022-06-20 16:40:17	2022-11-08 03:39:06
BE22002269	2	1	마라톤? 너 언제 연습을 하기 시작한 거야? 대단하다, 정말!	N	2022-06-20 16:40:17	2022-11-08 03:39:06
BE22002269	3	0	TV를 안 보기 시작하니까 그 좋아하던 드라마도 끊게 되더라고. 남는 시간에 운동을 시작했지, 하하.	N	2022-06-20 16:40:17	2022-11-08 03:39:06
BE22002269	4	1	감정화자야, 네가 드라마 마니아라는 거 엄청 유명하잖아. 스토리 줄줄이 꿰면서 술자리에서 우리한테 그렇게 드라마 추천을 하더니!	N	2022-06-20 16:40:17	2022-11-08 03:39:06
BE22002269	5	0	그랬지. 근데 시간을 너무 많이 빼앗긴다는 생각이 문득 들더라. 그 시간에 다른 걸 하면 어떨까 생각하다가 운동을 선택했어.	N	2022-06-20 16:40:17	2022-11-08 03:39:06
BE22002269	6	1	나였으면 못 했다. 어쩜 그렇게 건설적인 생각을 할 수 있는 거야. 다시 생각해도 마라톤이라니, 진짜 엄청나다.	N	2022-06-20 16:40:17	2022-11-08 03:39:06
BE22002269	7	0	처음에는 내가 이걸 왜 하나 싶었는데 차차 몸에 힘이 붙으니까 재미도 붙더라. 이제는 하루에 몇 킬로라도 안 뛰면 몸이 근질근질해.	N	2022-06-20 16:40:17	2022-11-08 03:39:06
BE22002269	8	1	너 이제는 운동 마니아가 다 됐네. 하여간 뭐든 시작하면 집중해서 몰두하는 거 알아줘야 한다니까. 부럽다, 진짜.	N	2022-06-20 16:40:17	2022-11-08 03:39:06
BE22002269	9	0	TV를 안 보기 시작하면서 이 모든 선순환이 시작되었어. 이제는 아예 드라마 생각도 안 나. 아주 만족스럽다.	N	2022-06-20 16:40:17	2022-11-08 03:39:07
BE22002269	10	1	그래 보인다. 네가 TV를 끊는 모습을 보게 되는 날이 오다니! 아무튼 다 잘된 일이야.	N	2022-06-20 16:40:17	2022-11-08 03:39:07
BE22002269	11	0	응, 예전에 나 왜 드라마 정주행하면서 밤도 새고 밖에도 안 나가고 그랬잖니.	N	2022-06-20 16:40:17	2022-11-08 03:39:07
BE22002269	12	1	그러니까 말이야. 살도 엄청 찌고 몸도 안 좋아지고 그랬잖아. 안 그래?	N	2022-06-20 16:40:17	2022-11-08 03:39:07
BE22002269	13	0	맞아. 이제 생활을 건강하게 유지할 수 있어서 한결 든든해.	N	2022-06-20 16:40:17	2022-11-08 03:39:07
BE22002269	14	1	마음먹는다고 실행에 옮기는 건 어렵잖아. 감정화자야, 너의 눈부신 변화에 축하를 보낸다. 꼭 마라톤 완주해라, 넌 할 수 있을 거야!	N	2022-06-20 16:40:17	2022-11-08 03:39:07
BE22002269	15	0	고맙다, 공감화자야. 나 꼭 완주하고 연락할게!	Y	2022-06-20 16:40:17	2022-11-08 03:39:07
