id	utterance_id	utterance_type	utterance_text	terminate	regDate	updDate
BE22002246	1	0	난 개그맨이 되었어야 했나 봐.	N	2022-06-20 14:33:46	2022-11-08 03:38:57
BE22002246	2	1	응? 갑자기 그게 무슨 말이야?	N	2022-06-20 14:33:46	2022-11-08 03:38:57
BE22002246	3	0	사람들이 다들 내가 뭐만 하면 재미있어해!	N	2022-06-20 14:33:46	2022-11-08 03:38:57
BE22002246	4	1	네가 어떻게 할 때 사람들이 즐거워하는 것 같은데?	N	2022-06-20 14:33:46	2022-11-08 03:38:57
BE22002246	5	0	음. 딱히 뭐라 말할 수는 없는데 나는 말을 할 때 제스처 사용을 많이 하거든.	N	2022-06-20 14:33:46	2022-11-08 03:38:57
BE22002246	6	1	아! 너의 다양한 표현 방법에서 사람들은 재미를 느끼는 거구나!	N	2022-06-20 14:33:46	2022-11-08 03:38:57
BE22002246	7	0	또, 내가 사람을 가르치는 직업을 갖고 있어서 그런지 몰라도 말에도 음률이 느껴진대.	N	2022-06-20 14:33:46	2022-11-08 03:38:57
BE22002246	8	1	맞아! 말의 리듬감도 참 재미있는 요소 중 하나지! 그래서 너와 대화하면 덩달아 신나지는 거구나.	N	2022-06-20 14:33:46	2022-11-08 03:38:58
BE22002246	9	0	너도 그래? 나랑 대화를 나누면 재미있고, 신나니?	N	2022-06-20 14:33:46	2022-11-08 03:38:58
BE22002246	10	1	응! 그래서 나도 모르게 네 말에 집중하게 되는 나를 발견하는걸.	N	2022-06-20 14:33:46	2022-11-08 03:38:58
BE22002246	11	0	너에게 왠지 칭찬받으니까 왠지 부끄럽다.	N	2022-06-20 14:33:46	2022-11-08 03:38:58
BE22002246	12	1	부끄러울 게 뭐 있어. 나는 사실만을 이야기하는 건데!	N	2022-06-20 14:33:46	2022-11-08 03:38:58
BE22002246	13	0	하지만 무작정 재미만 있는 사람일까 봐 조금은 걱정스럽기도 해.	N	2022-06-20 14:33:46	2022-11-08 03:38:58
BE22002246	14	1	아냐 너는 단지 웃기기만 한 사람이라기보다는 매력적인 화법으로 상대방을 만족하게 만들어줘.	N	2022-06-20 14:33:46	2022-11-08 03:38:58
BE22002246	15	0	완전 감동이야. 그럼 앞으로도 쭉 이렇게만 대화를 나눠도 문제가 없을까?	N	2022-06-20 14:33:46	2022-11-08 03:38:58
BE22002246	16	1	물론이지, 문제 전혀 없을거야!	N	2022-06-20 14:33:46	2022-11-08 03:38:58
BE22002246	17	0	고마워. 왠지 너에게 그런 말을 들으니 더 기분이 좋아졌어.	Y	2022-06-20 14:33:46	2022-11-08 03:38:58
