id	utterance_id	utterance_type	utterance_text	terminate	regDate	updDate
BE22003862	1	0	공감화자야, 저번에 부탁했던 돈 나 안 빌려도 될 것 같다.	N	2022-06-26 10:44:49	2022-11-08 03:49:17
BE22003862	2	1	그게 무슨 소리야? 나 괜찮다고 했잖아. 빌려줄 수 있어.	N	2022-06-26 10:44:49	2022-11-08 03:49:17
BE22003862	3	0	내 정신 좀 봐. 보험 만기된 걸 확인도 안 하고 있었던 거 있지. 생각지도 않게 들었던 보험이 만기가 되어서 꽤 많이 환급받을 수 있게 되었어.	N	2022-06-26 10:44:49	2022-11-08 03:49:17
BE22003862	4	1	정말이야? 그거 정말 기쁜 소식이네. 다행이다, 감정화자야.	N	2022-06-26 10:44:49	2022-11-08 03:49:17
BE22003862	5	0	그렇지? 나도 보험사에서 연락을 받자마자 얼마나 기쁘던지!	N	2022-06-26 10:44:49	2022-11-08 03:49:17
BE22003862	6	1	그러니까. 너 이제 두 발 뻗고 자겠어. 내게 돈 이야기 하느라 힘들었지? 네 성격에 얼마나 힘들었을지 상상도 안 된다.	N	2022-06-26 10:44:49	2022-11-08 03:49:17
BE22003862	7	0	그렇긴 했지. 하지만 네가 마음 편히 가지라면서 빌려준다고 하니까 참 고마웠어. 근데 이젠 괜찮다.	N	2022-06-26 10:44:49	2022-11-08 03:49:17
BE22003862	8	1	하하, 그래. 네 마음이 편한 대로 하면 되는 거지. 네게 뜻밖의 돈이 생겨서 나도 마음이 편하다. 그간 얼마나 애를 태웠니?	N	2022-06-26 10:44:49	2022-11-08 03:49:17
BE22003862	9	0	엄마가 갑자기 쓰러지셔서 큰 수술이 필요하다고 하니까 참 자식으로서 면목이 없더라고. 얼마라도 보태드려야 하는데 하면서 말이야.	N	2022-06-26 10:44:49	2022-11-08 03:49:17
BE22003862	10	1	그래, 큰딸로서 당연히 그런 책임감을 느꼈겠지. 네 마음이 갸륵해서 하늘이 이렇게 살라고 돕는 것 같네. 네가 큰일을 했다.	N	2022-06-26 10:44:49	2022-11-08 03:49:17
BE22003862	11	0	응, 어려울 때일수록 보험을 들라고 하는 게 이래서인가 싶어. 만기가 된 보험이 있어서 정말 얼마나 다행이야.	N	2022-06-26 10:44:49	2022-11-08 03:49:17
BE22003862	12	1	그러게, 많은 돈을 환급받았다고 하니까 네 마음이 든든하겠어. 그간 돈 걱정하느라 정말 고생 많았다, 친구야.	N	2022-06-26 10:44:49	2022-11-08 03:49:17
BE22003862	13	0	고마워. 힘내서 잘살아볼게. 참 기쁘다.	N	2022-06-26 10:44:49	2022-11-08 03:49:17
BE22003862	14	1	그동안 너도 힘들었을 텐데 보험을 잘 들어놔서 큰 고비 때 도움을 받네. 감정화자야, 많이 버겁겠지만 그래도 사람이 죽으라는 법은 없잖니. 정말 장하다, 어머님 수술 잘 되실 거니까 힘내.	N	2022-06-26 10:44:49	2022-11-08 03:49:17
BE22003862	15	0	그래, 고맙다. 네가 이번에 마음 써준 거 잊지 않을게. 또 연락하마.	Y	2022-06-26 10:44:49	2022-11-08 03:49:17
