id	utterance_id	utterance_type	utterance_text	terminate	regDate	updDate
BE22005752	1	0	친구야, 나 오늘 너랑 다녀온 여행 사진 뽑아서 내 소중한 여행 앨범에 넣어뒀어! 앨범에 사진이 추가돼서 너무 기쁘고 너랑 함께할 수 있어서 즐거웠어.	N	2022-07-02 23:46:48	2022-11-08 04:01:27
BE22005752	2	1	와 이야기를 들으니까 나도 사진 인화하고 싶은걸? 네 앨범 한 켠을 내가 장식할 수 있어서 너무 행복하다.	N	2022-07-02 23:46:48	2022-11-08 04:01:27
BE22005752	3	0	그렇게 말해줘서 고마워. 너와 함께한 새로운 추억을 앨범에 고이고이 담아둔 것 같아서 너무 기분이 좋아. 마치 여행 속 행복한 시간들을 사진 속에 꾹꾹 담아 저장해두는 것 같잖아.	N	2022-07-02 23:46:48	2022-11-08 04:01:27
BE22005752	4	1	네 말을 듣고 나니까 나도 앨범을 하나 만들고 싶어지는걸? 나도 소중한 사람들과 다녀온 여행을 간직하고 싶어졌어. 여행 속 행복한 시간들을 한곳에 모아두는 일이라니, 너무 멋지고 행복할 것 같아!	N	2022-07-02 23:46:48	2022-11-08 04:01:27
BE22005752	5	0	그렇지? 너도 어서 그동안의 사진들을 앨범으로 만들어봤으면 좋겠다. 하나하나 쌓여가는 걸 보면 어찌나 행복한지 몰라.	N	2022-07-02 23:46:48	2022-11-08 04:01:27
BE22005752	6	1	나도 당장 인화하러 가야겠어. 너는 어쩜 그렇게 행복한 시간들을 잘 간직해두는지 너무 멋있다.	N	2022-07-02 23:46:48	2022-11-08 04:01:27
BE22005752	7	0	그야 나중에 힘든 시간이 찾아오거나 무료할 때 내가 가장 행복했던 순간을 찾아보기 위함이야. 앨범을 보고 있으면 나도 모르게 입꼬리가 올라가고 행복해지거든.	N	2022-07-02 23:46:48	2022-11-08 04:01:27
BE22005752	8	1	가장 행복했던 순간들을 찾아보기 위함이라니, 넌 정말 사랑스러운 아이구나. 너와 이야기할 때면 항상 기분이 좋아지고 너의 긍정 에너지가 나에게 전달되는 느낌이거든. 행복을 모아두는 취미를 갖고 있는 사람이라니 너무 멋지고 닮고 싶어.	N	2022-07-02 23:46:48	2022-11-08 04:01:27
BE22005752	9	0	마치 내가 대단한 능력이라도 갖춘 것 같네. 그렇게 말해줘서 고마워! 내 앨범들에 엄청난 자부심이 느껴지는걸?	N	2022-07-02 23:46:48	2022-11-08 04:01:27
BE22005752	10	1	실제로 사람들은 본인이 행복할 때 순간의 감정이라고 생각하고 지나치는 경우가 많거든. 근데 너는 그 순간들을 놓치지 않으려고 노력하는 거잖아. 그리고 언제든 행복을 꺼내볼 수 있다는 게 얼마나 멋있는 일인데!	N	2022-07-02 23:46:48	2022-11-08 04:01:27
BE22005752	11	0	네 말을 들어보니 그동안 여행 사진들을 뽑아서 모아둔 게 살면서 최고로 잘한 일 같다. 고마워.	N	2022-07-02 23:46:48	2022-11-08 04:01:27
BE22005752	12	1	에이 뭘. 나도 오늘 너랑 이야기하면서 미래의 행복한 나를 위해 어서 여행 앨범을 만들어야겠다고 생각했어. 지금 당장 가야지!	N	2022-07-02 23:46:48	2022-11-08 04:01:27
BE22005752	13	0	내가 긍정적인 영향을 끼친 것 같아 너무 뿌듯하다. 다녀와서 어떤 사진들 인화했는지 말해줘! 궁금하다.	N	2022-07-02 23:46:48	2022-11-08 04:01:27
BE22005752	14	1	응 당연하지, 다녀와서 연락할게. 나도 어서 내 소중한 추억들 볼 생각에 설렌다.	N	2022-07-02 23:46:48	2022-11-08 04:01:27
BE22005752	15	0	네가 설레하니까 나도 기분이 너무 좋다. 잘 다녀와!	Y	2022-07-02 23:46:48	2022-11-08 04:01:27
