id	utterance_id	utterance_type	utterance_text	terminate	regDate	updDate
BE22003573	1	0	회사 로비에 택배 박스가 쌓여있어서 들고 가느라 힘들었어.	N	2022-06-25 06:36:47	2022-11-08 03:47:25
BE22003573	2	1	인터넷으로 쇼핑했구나. 얼마나 샀길래 그래?	N	2022-06-25 06:36:47	2022-11-08 03:47:25
BE22003573	3	0	6개 정도 온 거 같아. 얼른 올라가서 뜯어 보고 싶어.	N	2022-06-25 06:36:47	2022-11-08 03:47:25
BE22003573	4	1	맞아 택배 기다리는 그 기대감이 크긴 해. 박스 뜯을 때 희열도 느껴지고. 6개나 도착했다니 너무 부럽다.	N	2022-06-25 06:36:47	2022-11-08 03:47:25
BE22003573	5	0	응 맞아. 생각보다 일찍 도착한 제품도 있어서 너무 기뻐. 택배 도착했다는 문자 받고 얼른 출근했지 뭐야.	N	2022-06-25 06:36:47	2022-11-08 03:47:25
BE22003573	6	1	도착 문자 받으면 그렇게 기분이 좋더라. 6개나 왔으면 6배로 기쁘겠네?	N	2022-06-25 06:36:47	2022-11-08 03:47:25
BE22003573	7	0	그치. 6배로 기분 좋아졌어. 확실히 인터넷이 편하기는 해. 백화점이나 마트에서 주문해도 하루면 도착하니깐 말이야.	N	2022-06-25 06:36:47	2022-11-08 03:47:25
BE22003573	8	1	맞아 요즘은 집에서 장보는 사람도 많다잖아. 진짜 우리나라 택배는 알아줘야 해.	N	2022-06-25 06:36:47	2022-11-08 03:47:25
BE22003573	9	0	응 나도 종종 도시락 새벽에 오도록 주문하는데 아침 준비 안 해도 돼서 편해. 바쁜 시간에 간편하게 먹을 수 있는 데다가 맛도 좋아.	N	2022-06-25 06:36:47	2022-11-08 03:47:25
BE22003573	10	1	그렇구나, 음식이 잘 나오나 봐? 나도 한번 시켜봐야겠다. 택배는 다 뜯어 봤어?	N	2022-06-25 06:36:47	2022-11-08 03:47:25
BE22003573	11	0	응 옷하고 신발하고 이것저것 샀는데 다 맘에 들어. 어쩜 화면으로만 보고 주문했는데도 내 맘에 쏙 들게 왔을까.	N	2022-06-25 06:36:47	2022-11-08 03:47:25
BE22003573	12	1	다행이다. 난 옷 주문하면 죄다 맘에 안 들던데 너한텐 딱 맞나보네. 잘 고르는 노하우가 있는가보네 어떻게 그렇게 맘에 드는 걸 잘 사는 거야? 나도 너처럼 편하게 맘에 드는 거 사고 싶은데.	N	2022-06-25 06:36:47	2022-11-08 03:47:25
BE22003573	13	0	리뷰도 보고 모델이 착용한 사진도 꼼꼼히 따져가면서 사서 그런가봐. 너무 맘에 드는데 퇴근할 땐 갈아 신고 가야겠다. 오늘은 왠지 회사일도 잘 풀릴 거 같아.	N	2022-06-25 06:36:47	2022-11-08 03:47:25
BE22003573	14	1	택배 덕분에 오늘 하루 활기차게 보내겠구나. 오늘도 좋은 하루 보내.	N	2022-06-25 06:36:47	2022-11-08 03:47:25
BE22003573	15	0	응 고마워 너도 수고해.	Y	2022-06-25 06:36:47	2022-11-08 03:47:25
