id	utterance_id	utterance_type	utterance_text	terminate	regDate	updDate
BE22004102	1	0	공감화자님! 저번에 추천해 주신 피부과 너무 좋더라고요. 추천해 주신 이후로 다니고 있는데 효과가 좋아서 너무 만족스러워요!	N	2022-06-27 07:27:09	2022-11-08 03:50:48
BE22004102	2	1	저도 피부과 여러 군데 다녀봤는데 거기가 제일 괜찮더라고요. 병원 추천은 항상 조심스러운데, 잘 맞으셨다니 정말 다행이에요!	N	2022-06-27 07:27:09	2022-11-08 03:50:48
BE22004102	3	0	제가 평생 피부로 스트레스를 받아본 적이 없었거든요. 그러다가 요즘 피부에 트러블이 계속 생기니까 너무 스트레스 받더라고요.	N	2022-06-27 07:27:09	2022-11-08 03:50:48
BE22004102	4	1	그렇죠, 저도 피부가 안 좋으면 거울 보기가 싫더라고요. 그리고 갑자기 피부가 안 좋아지면 혹시 무슨 문제 있는 거 아닐까 신경 쓰이기도 하고요.	N	2022-06-27 07:27:09	2022-11-08 03:50:48
BE22004102	5	0	저도 그랬어요! 갑자기 피부가 엉망이 되니까 몸에 이상이 생긴 줄 알았다니까요. 너무 신경 쓰이더라고요.	N	2022-06-27 07:27:09	2022-11-08 03:50:48
BE22004102	6	1	그래도 그런 이유가 아니면 천만다행이죠! 치료받는 걸로 나아질 정도면 그렇게 심한 건 아니었나 봐요!	N	2022-06-27 07:27:09	2022-11-08 03:50:48
BE22004102	7	0	다행히 다른 문제가 있는 건 아니라고 하더라고요. 정기적으로 레이저 관리받으니까 많이 나아졌어요. 오히려 받기 전보다 피부에 윤기가 도는 것 같기도 해요!	N	2022-06-27 07:27:09	2022-11-08 03:50:48
BE22004102	8	1	오, 역시 피부는 관리하기 나름인가 봐요. 치료가 많이 아프셨을 텐데 참고 꾸준히 받길 잘하셨네요!	N	2022-06-27 07:27:09	2022-11-08 03:50:48
BE22004102	9	0	정말 다닌 보람이 있는 것 같아요. 다닐수록 다른 관리도 더 받고 싶어지는 게 유일한 단점이에요.	N	2022-06-27 07:27:09	2022-11-08 03:50:49
BE22004102	10	1	그 마음이 뭔지 알지만 피부도 과유불급인 거 아시죠! 오히려 더 많이 하면 피부에 자극을 줄 수 있다고 하더라고요.	N	2022-06-27 07:27:09	2022-11-08 03:50:49
BE22004102	11	0	정말요? 저는 무조건 많이 하는 게 좋은 줄 알았어요! 이 정도로 만족해야겠네요!	N	2022-06-27 07:27:09	2022-11-08 03:50:49
BE22004102	12	1	네, 일단 고민인 부분 해결을 우선으로 하는 게 좋을 것 같아요. 그리고 다른 건 그다음에 알아보셔도 좋을 것 같아요!	N	2022-06-27 07:27:09	2022-11-08 03:50:49
BE22004102	13	0	맞아요. 사실 지금 이 정도도 엄청 좋아진 건데 욕심이 났네요. 빨리 나아서 다른 관리도 받아보고 싶네요!	N	2022-06-27 07:27:09	2022-11-08 03:50:49
BE22004102	14	1	이렇게 꾸준히 잘 가시면 금방 나으실 거예요! 조금만 더 힘내세요!	N	2022-06-27 07:27:09	2022-11-08 03:50:49
BE22004102	15	0	공감화자님 덕분이에요! 정말 감사합니다!	Y	2022-06-27 07:27:09	2022-11-08 03:50:49
