id	utterance_id	utterance_type	utterance_text	terminate	regDate	updDate
BE22001438	1	0	오늘따라 커피가 되게 향긋하게 느껴지네.	N	2022-06-15 07:36:27	2022-11-08 03:33:43
BE22001438	2	1	와, 마침 나도 지금 커피 마시려던 참이었어. 텔레파시가 통했나?	N	2022-06-15 07:36:27	2022-11-08 03:33:43
BE22001438	3	0	어느덧 쌀쌀해진 날씨에 따뜻한 커피가 특히 간절하더라고. 한 모금 마실 때마다 기분 좋아서 기운이 막 샘솟는 것 같아.	N	2022-06-15 07:36:27	2022-11-08 03:33:43
BE22001438	4	1	오늘 같은 날은 따뜻한 커피가 딱이지. 향과 맛과 분위기까지 최고로 즐길 줄 아는 너의 취향이 만들어낸 뿌듯한 여유로움일걸. 아주 멋져.	N	2022-06-15 07:36:27	2022-11-08 03:33:43
BE22001438	5	0	각자 커피 한잔 앞에 두고 이렇게 SNS로 소통하는 것도 기분 좋은 경험이야. 나란히 앉아 같이 마시는 것 같잖아.	N	2022-06-15 07:36:27	2022-11-08 03:33:43
BE22001438	6	1	맞아. 같은 시간에 서로 똑같이 커피를 즐기고 있다니 역시 우리는 친구 맞구나 싶어서 더 뿌듯해.	N	2022-06-15 07:36:27	2022-11-08 03:33:43
BE22001438	7	0	매일 마시는 커피인데도 날씨 하나로 이렇게 기분이 확 달라지다니 뿌듯하고도 신기해.	N	2022-06-15 07:36:27	2022-11-08 03:33:43
BE22001438	8	1	그런 미묘한 변화를 알아차리는 너의 섬세한 감수성을 칭찬하고 싶은걸. 네 덕분에 내 커피도 더 그윽하고 맛있게 느껴지네. 고마워.	N	2022-06-15 07:36:27	2022-11-08 03:33:43
BE22001438	9	0	커피를 진정 즐길 줄 아는 벗을 둔 것도 기뻐!	N	2022-06-15 07:36:27	2022-11-08 03:33:43
BE22001438	10	1	그건 나도 마찬가지야, 친구. 커피 하나로 대동단결? 이런 게 가능한 관계라서 너무 좋다.	N	2022-06-15 07:36:27	2022-11-08 03:33:43
BE22001438	11	0	앞으로 계속해서 따뜻하고 향기로운 커피가 어울리는 계절이 이어지겠지.	N	2022-06-15 07:36:27	2022-11-08 03:33:43
BE22001438	12	1	그러네. 진정한 커피 애호가들의 계절이 도래하는군. 매일매일 커피를 즐기며 행복해질 수 있겠어!	N	2022-06-15 07:36:27	2022-11-08 03:33:43
BE22001438	13	0	오늘은 이렇게 따로 마셨지만 조만간 커피 애호가 벗들끼리 진짜 멋진 카페에서 같이 커피 음미하며 수다 이어가보자.	N	2022-06-15 07:36:27	2022-11-08 03:33:43
BE22001438	14	1	아주 좋은 생각이야. 다다음 주쯤 날 잡아봅시다. 내가 드립 커피 맛있는 카페 하나 발굴해놨어.	N	2022-06-15 07:36:27	2022-11-08 03:33:43
BE22001438	15	0	신난다! 다시 연락할게. 그때 보자.	Y	2022-06-15 07:36:27	2022-11-08 03:33:43
