id	utterance_id	utterance_type	utterance_text	terminate	regDate	updDate
BE22005055	1	0	진짜 사랑받는다는 게 이런 기분일까. 나 행복해서 눈물 날 것 같은 기분은 처음이야.	N	2022-06-29 06:29:56	2022-11-08 03:56:55
BE22005055	2	1	너 이렇게 좋아하는 모습 처음 봐. 어떤 게 너를 행복하게 만들었을지 궁금해.	N	2022-06-29 06:29:56	2022-11-08 03:56:55
BE22005055	3	0	오늘 진짜 퇴근 후에 너무 피곤하다고 하니까 남편이 물을 받아서 발을 씻겨주는 거야. 너무 좋아서 눈물이 핑 돌더라.	N	2022-06-29 06:29:56	2022-11-08 03:56:55
BE22005055	4	1	진짜 감동이었겠다. 고단한 하루가 싹 날아갔을 것 같아. 정말 남편이 널 많이 사랑하나 봐.	N	2022-06-29 06:29:56	2022-11-08 03:56:55
BE22005055	5	0	응, 오늘은 정말 더 행복하네. 남편의 눈빛 그리고 내 발을 씻겨주던 그 손길까지 잊히지 않을 것 같아.	N	2022-06-29 06:29:56	2022-11-08 03:56:55
BE22005055	6	1	네가 이렇게 좋아하니 나도 진짜 기분이 좋아지네. 남들에게는 별거 아닌 일 같지만 나에게는 정말이지 특별한 순간이 되는 거. 너무나 잘 알 것 같아.	N	2022-06-29 06:29:56	2022-11-08 03:56:55
BE22005055	7	0	응, 호르몬 때문인지 요즘 너무 사소한 것에도 예민해졌었는데... 오늘이 너무 행복해서 기분 나빴던 것들이 생각나지도 않아.	N	2022-06-29 06:29:56	2022-11-08 03:56:55
BE22005055	8	1	이제 곧 낳을 때 돼서 더더욱 신경 쓸 것도 많아서 더 그랬겠다. 막 달이라 배가 많이 불러서 잘 숙여지지 않는다고 했었잖아. 그걸 남편이 알아주니 더 행복했을 것 같아.	N	2022-06-29 06:29:56	2022-11-08 03:56:55
BE22005055	9	0	응, 그걸로도 얼마나 힘들어했었는데, 심지어 양말도 남편이 신겨 준 적도 있어. 오늘은 진짜 결혼하길 잘했다는 생각이 드네. 나를 사랑해주는 남편과 곧 태어날 우리 아기까지.	N	2022-06-29 06:29:56	2022-11-08 03:56:55
BE22005055	10	1	누구보다도 너의 행복을 바랐던 나니까. 지금 네가 정말 이렇게 행복해하는 모습을 보니 감개무량해.	N	2022-06-29 06:29:56	2022-11-08 03:56:55
BE22005055	11	0	여기에 너까지 더하니 너무나 행복하다. 난 분에 넘치는 사랑을 받고 있어. 기분이 너무 좋아서 날아갈 것 같아.	N	2022-06-29 06:29:56	2022-11-08 03:56:55
BE22005055	12	1	내가 다 널 보고 배운 거잖아. 자기 사람이라면 그 어떤 일이라도 발 벗고 나섰잖아. 진심으로 기뻐하고 슬퍼하는 널 보며 너무나 대단하다고 생각했어.	N	2022-06-29 06:29:56	2022-11-08 03:56:55
BE22005055	13	0	에이, 나에게는 당연한 일인걸. 오늘 같은 날 너와 이런 이야기를 나눌 수 있어서 얼마나 감사한지 모를 거야.	N	2022-06-29 06:29:56	2022-11-08 03:56:55
BE22005055	14	1	내가 더 고맙거든! 너의 그 행복한 기운 나에게 전달해줘서 내가 더 고마워!	Y	2022-06-29 06:29:56	2022-11-08 03:56:55
