id	utterance_id	utterance_type	utterance_text	terminate	regDate	updDate
BE22002861	1	0	역시 돈을 좀 들여야, 실력이 느는 걸까?	N	2022-06-23 03:46:54	2022-11-08 03:42:54
BE22002861	2	1	골프 실력 말하는 거야? 레슨 받는다더니?	N	2022-06-23 03:46:54	2022-11-08 03:42:54
BE22002861	3	0	응, 처음에 내가 너무 못하는 게 느껴져서 돈 괜히 썼나 생각이 들었는데... 오늘 선생님이 자세 좋다고 칭찬해 주시는 바람에 기분 정말 좋아졌어.	N	2022-06-23 03:46:54	2022-11-08 03:42:54
BE22002861	4	1	네가 혼자 해보려 애쓰다가 안 돼서 큰마음먹고 레슨 끊었다고 했잖아. 전문가한테 배워서 실력이 느는 게 느껴지니까 더 만족도가 크겠구나.	N	2022-06-23 03:46:54	2022-11-08 03:42:54
BE22002861	5	0	응, 진작에 왜 레슨부터 안 받았을까 생각이 들더라고. 선생님이 알려주는 대로 하니 실력 느는 게 보이니까 더 기분 좋은 거 있지.	N	2022-06-23 03:46:54	2022-11-08 03:42:54
BE22002861	6	1	역시 뭐든지 할 때 제대로 하는 너답다. 매사에 열심인 네 모습이 보기 좋아.	N	2022-06-23 03:46:54	2022-11-08 03:42:54
BE22002861	7	0	그렇게 봐줘서 고마운걸. 시작했으면 끝을 봐야 하는 성격이잖아. 그래서 그런지 이번에 칭찬받은 게 정말 기쁘더라고.	N	2022-06-23 03:46:54	2022-11-08 03:42:54
BE22002861	8	1	칭찬은 고래도 춤추게 하는 법이지. 못하다가 해냈을 때의 성취감도 클 테고!	N	2022-06-23 03:46:54	2022-11-08 03:42:54
BE22002861	9	0	응, 진짜 그런 것 같아. 선생님이 하는 대로 했더니 공이 확 잘나가니까. 계속 안 되던 게 딱 되는 순간의 쾌감이 크더라고.	N	2022-06-23 03:46:54	2022-11-08 03:42:54
BE22002861	10	1	나까지 그 감동이 느껴지는데? 이러다가 지금보다 더 열심히 하는 거 아냐?	N	2022-06-23 03:46:54	2022-11-08 03:42:54
BE22002861	11	0	당연하지. 칭찬에 부응하려면 또 열심히 연습해야지. 돈 버는 맛이 난다. 나.	N	2022-06-23 03:46:54	2022-11-08 03:42:54
BE22002861	12	1	그래 열심히 벌어야, 그렇게 네가 즐길 수 있는 취미에 돈을 쓰지. 완전히 공감해.	N	2022-06-23 03:46:54	2022-11-08 03:42:54
BE22002861	13	0	응, 이번 레슨을 하기로 한 과거의 나를 아주 칭찬해. 이렇게 돈을 쓰고 행복한 적이 없었던 것 같은데, 올해 최고의 소비야!	N	2022-06-23 03:46:54	2022-11-08 03:42:54
BE22002861	14	1	네가 그렇게 즐거워하니까 나도 덩달아 신나 지는데? 취미를 즐기는 모습이 정말 멋지다.	Y	2022-06-23 03:46:54	2022-11-08 03:42:54
