id	utterance_id	utterance_type	utterance_text	terminate	regDate	updDate
BE22002695	1	0	공감화자야. 우리 집 집들이 언제 올래?	N	2022-06-22 10:07:45	2022-11-08 03:41:49
BE22002695	2	1	나야 불러주면 당장이라도 가지!	N	2022-06-22 10:07:45	2022-11-08 03:41:49
BE22002695	3	0	정말? 사실 나 자랑하고 싶어서. 이사하면서 원래 쓰던 화장대 버리고 새로 하나 장만했거든! 근데 너무 마음에 들어서 기분이 엄청 좋아!	N	2022-06-22 10:07:45	2022-11-08 03:41:49
BE22002695	4	1	오, 새로 가구 하나 들이면 그거만큼 신나는 일이 없지. 나도 뭐 하나 새것 사면 그날 기분 완전 최고거든. 네가 지금 기분 최고일 만하네!	N	2022-06-22 10:07:45	2022-11-08 03:41:49
BE22002695	5	0	맞아. 이번에 새로 꾸민 인테리어에도 너무 찰떡이야. 좁은 내 방 하나가 화장대 하나로 완벽해진 기분이랄까. 아, 보기만 해도 미소가 절로 나와.	N	2022-06-22 10:07:45	2022-11-08 03:41:49
BE22002695	6	1	네가 그렇게 말하니까 나도 너네 집 화장대 엄청 궁금하다. 이렇게 기분 좋아하는 모습 보니까 괜히 내가 다 흡족해. 덩달아 미소가 나온다.	N	2022-06-22 10:07:45	2022-11-08 03:41:49
BE22002695	7	0	친구의 기쁨을 본인의 기쁨처럼 여기는 건 여전하구나. 네가 기분 좋다니까 나도 지금 기분이 더 좋아. 하늘로 날아갈 거 같아.	N	2022-06-22 10:07:45	2022-11-08 03:41:49
BE22002695	8	1	친구의 기쁨은 곧 나의 행복 아니겠어? 나는 네가 그런 작고 사소한 거 하나에 행복을 느끼고 기뻐하는 게 너무 보기 좋아. 긍정적인 영향을 주는 거 같아.	N	2022-06-22 10:07:45	2022-11-08 03:41:50
BE22002695	9	0	그렇게 칭찬해주니까 몸둘 바를 모르겠다. 아무튼 이 화장대 보러 네가 꼭 와줘야겠어.	N	2022-06-22 10:07:45	2022-11-08 03:41:50
BE22002695	10	1	당연히 가야지. 네가 그렇게 만족해하는데 지금 나도 기대가 돼서 가슴이 두근거린다고.	N	2022-06-22 10:07:45	2022-11-08 03:41:50
BE22002695	11	0	너도 인테리어에 관심 많잖아. 아마 우리 집 화장대 보면 깜짝 놀랄걸. 인테리어의 화룡점정!	N	2022-06-22 10:07:45	2022-11-08 03:41:50
BE22002695	12	1	맞아, 너네 집 탐색 좀 하면서 나도 내 방 어떻게 꾸밀지 생각해봐야겠어. 얼른 보고 싶다!	N	2022-06-22 10:07:45	2022-11-08 03:41:50
BE22002695	13	0	쇠뿔도 단김에! 이번 주 주말 어때? 우리 집 구경하고 맛있는 거 시켜서 예쁜 화장대 보며 술 한잔 하자.	N	2022-06-22 10:07:45	2022-11-08 03:41:50
BE22002695	14	1	그거 정말 완벽한 계획인데? 이번 주는 주말 생각하면서 더할 나위 없이 기쁘게 보내겠어!	N	2022-06-22 10:07:45	2022-11-08 03:41:50
BE22002695	15	0	나 또한 그래 친구. 그럼 주말에 보자고!	Y	2022-06-22 10:07:45	2022-11-08 03:41:50
