id	utterance_id	utterance_type	utterance_text	terminate	regDate	updDate
BE22004858	1	0	나 오늘 기분 좋은 칭찬을 들어서 매우 뿌듯해.	N	2022-06-28 15:48:59	2022-11-08 03:55:38
BE22004858	2	1	오, 무슨 일을 했길래?	N	2022-06-28 15:48:59	2022-11-08 03:55:38
BE22004858	3	0	나 요즘 일회용품을 안 쓰려고 노력하거든. 카페뿐 아니라 식당에서 음식 포장할 때도 가급적이면 집에 있는 냄비나 용기를 가지고 가서 받아와.	N	2022-06-28 15:48:59	2022-11-08 03:55:38
BE22004858	4	1	나도 음료는 개인 컵에 마시긴 하는데 식당에서 음식 포장을 냄비에 해오는 건 생각도 못 했어. 신박하고 멋있는데? 내 친구.	N	2022-06-28 15:48:59	2022-11-08 03:55:38
BE22004858	5	0	그렇게 말해줘서 고마워. 아무튼 오늘 갑자기 칼국수가 먹고 싶어서 식당에 냄비를 가져와서 넣어 달라 했거든. 근데 사장님께서 이렇게 친환경적인 손님은 처음 본다고 서비스로 다른 음식도 싸주시는 거야.	N	2022-06-28 15:48:59	2022-11-08 03:55:39
BE22004858	6	1	어머 너 정말 기분이 날아갈 듯 좋았겠다. 칭찬에다가 서비스까지 챙겨주시다니 사장님 센스도 장난이 아니신데?	N	2022-06-28 15:48:59	2022-11-08 03:55:39
BE22004858	7	0	그치. 나의 작은 실천을 알아봐 주는 게 정말 고맙더라고. 더욱 열심히 하고 싶어지고 그러더라.	N	2022-06-28 15:48:59	2022-11-08 03:55:39
BE22004858	8	1	코로나로 플라스틱 사용량이 늘어가는 추세에 네가 이렇게 열심히 노력하고 있는 줄은 몰랐네. 요즘 그걸 제로 웨이스트 운동이라고 하던데. 어쩌다 시작하게 된 거야?	N	2022-06-28 15:48:59	2022-11-08 03:55:39
BE22004858	9	0	오 맞아. 제로 웨이스트 운동을 아는구나. 요새 거리 두기로 플라스틱 사용량이 많이 늘었잖아. 거기에다 바다 오염 공익광고를 보게 됐는데 거북이 코에 빨대가 꽂혀있는 영상을 보고 결심하게 됐어.	N	2022-06-28 15:48:59	2022-11-08 03:55:39
BE22004858	10	1	아, 그 광고 알아. 여러 해양 생물들이 바다 쓰레기를 먹이로 착각해서 먹거나 다친다고 했지.	N	2022-06-28 15:48:59	2022-11-08 03:55:39
BE22004858	11	0	맞아. 직접 고통받는 생물들을 보게 되니까 관심이 없던 것이 부끄러워지더라고. 근데 운동이라고 하기에도 부끄러운 게 진짜 사소한 실천을 하는 거야. 별거 아닌데 주변에서 좋게 봐주셔서 나 스스로도 만족스러워.	N	2022-06-28 15:48:59	2022-11-08 03:55:39
BE22004858	12	1	별거 아니라니. 난 너처럼 그 공익광고를 알고 있음에도 사소한 것부터 실천하지 않았는걸. 그걸 알고 실천하려 한 네가 대단한 거야. 사소한 것 하나가 큰 영향력을 만든다잖아. 네가 존경스러워.	N	2022-06-28 15:48:59	2022-11-08 03:55:39
BE22004858	13	0	사장님이나 너처럼 이렇게 작은 노력까지 알아봐 주는 사람이 있어서 더 기쁜 것 같아.	N	2022-06-28 15:48:59	2022-11-08 03:55:39
BE22004858	14	1	네가 기뻐해서 나도 기분이 좋다. 네가 이렇게 뿌듯해하는 모습을 보니 나도 제로 웨이스트 운동에 동참해 봐야겠어. 나도 선한 영향력을 펼치고 싶어.	N	2022-06-28 15:48:59	2022-11-08 03:55:39
BE22004858	15	0	오 정말? 같이 동참하면 나야 좋지. 둘이 같이 하면 뿌듯함이 두 배가 되겠다.	Y	2022-06-28 15:48:59	2022-11-08 03:55:39
