id	utterance_id	utterance_type	utterance_text	terminate	regDate	updDate
BE22003223	1	0	오늘 손소독제를 직접 만드는 시간을 가져보았어.	N	2022-06-24 04:32:14	2022-11-08 03:45:12
BE22003223	2	1	그런 희귀한 경험은 어디서 한 거니?	N	2022-06-24 04:32:14	2022-11-08 03:45:12
BE22003223	3	0	평상시에 검색해서 알고 있었던 공방에 가서 만들게 되었어. 시중에 나와 있는 손 소독제가 나에게는 너무 독했거든. 오늘 만든 손 소독제가 나한테 딱 안성맞춤인 것 같아.	N	2022-06-24 04:32:14	2022-11-08 03:45:12
BE22003223	4	1	시중에 나와 있는 제품을 사용하다가 고통을 호소했었잖아. 그런데 네가 직접 공방에 가서 직접 만들었다니 참 뿌듯하고 행복하겠다.	N	2022-06-24 04:32:14	2022-11-08 03:45:12
BE22003223	5	0	손 소독제를 직접 만드는 게 생각보다 어려울 줄 알았는데 간단하더라. 공방에서 친절하게 알려주어서 하는 게 편했어.	N	2022-06-24 04:32:14	2022-11-08 03:45:12
BE22003223	6	1	진입장벽이 느껴졌는데 실제로는 생각보다 과정이 간단했나보구나. 만드는 과정은 재미있었니? 자세하게 듣고 싶어.	N	2022-06-24 04:32:14	2022-11-08 03:45:12
BE22003223	7	0	공방에 들어가면 손소독제를 만들 재료가 다 준비되어있어. 내가 워낙 손으로 만드는 걸 좋아하다보니 얼른 하고 싶다는 생각에 서두르게 되더라.	N	2022-06-24 04:32:14	2022-11-08 03:45:12
BE22003223	8	1	만드는 것을 좋아하는 네가 서두를 정도였다니 그 공방에서의 체험이 정말 너랑 잘 맞았나보다. 네가 만드는 것을 좋아하기도 하지만 잘하기도 하잖아. 보나마나 완벽한 손 소독제가 만들어졌을 것 같아.	N	2022-06-24 04:32:14	2022-11-08 03:45:12
BE22003223	9	0	나중에 너에게 손소독제 만든 것을 보여줄게. 특히 내 아이와 함께 만드니 더 행복한 시간이었어.	N	2022-06-24 04:32:14	2022-11-08 03:45:12
BE22003223	10	1	아이와 같이 만들었다면 동반 체험을 한 것이구나? 정말 재밌었겠다.	N	2022-06-24 04:32:14	2022-11-08 03:45:12
BE22003223	11	0	우리 딸과 함께 손소독제를 만들어봤어. 내가 만드는 것도 재밌었지만 딸이 만드는 것을 보는 것도 나름의 행복이더라.	N	2022-06-24 04:32:14	2022-11-08 03:45:12
BE22003223	12	1	네가 분명 딸이랑 좋은 시간을 보낸 것 같네. 잊지 못할 하루가 될 것 같아.	N	2022-06-24 04:32:14	2022-11-08 03:45:12
BE22003223	13	0	내 생각에도 그래. 오늘 만든 손 소독제를 최소 1년 정도는 쓸 수 있을 것 같아.	N	2022-06-24 04:32:14	2022-11-08 03:45:12
BE22003223	14	1	네가 너에게 잘 맞는 성분으로 이루어진 손소독제를 만들었다니 참 든든하겠다. 더 이상 시중에서 파는 손소독제로 고통받지 않아도 되잖아.	N	2022-06-24 04:32:14	2022-11-08 03:45:12
BE22003223	15	0	오늘 정말 행복한 하루였어. 너에게 이야기를 공유하는 이 순간에도 너무 행복하다.	Y	2022-06-24 04:32:14	2022-11-08 03:45:12
