id	utterance_id	utterance_type	utterance_text	terminate	regDate	updDate
BE22005675	1	0	나 동창회에서 이번에 회장이 되었어.	N	2022-07-02 02:26:11	2022-11-08 04:00:57
BE22005675	2	1	정말? 회장이 되기 위해서 정말 고생 많이 했잖아. 노력한 결과를 이뤄내서 정말 기쁘고 설레겠다.	N	2022-07-02 02:26:11	2022-11-08 04:00:57
BE22005675	3	0	맞아. 나를 회장으로 추천해준 사람들과 정말 열심히 노력했지. 이 자리를 따내기 위해 얼마나 노력했는지 몰라. 내가 회장이 되었다는 사실을 확인하고 나서 너무 기쁘고 흥분돼서 잠을 잘 수가 없었어.	N	2022-07-02 02:26:11	2022-11-08 04:00:57
BE22005675	4	1	동창회에 들어가서부터 회장이 되기 위해 계속 노력했으니 지금 결과에 얼마나 행복하겠어. 지금까지 너의 노력과 고생을 봐온 입장에서 너가 행복해하니까 나까지 너무 기쁘다.	N	2022-07-02 02:26:11	2022-11-08 04:00:57
BE22005675	5	0	아냐, 뭘. 나를 도와준 사람들이 고생 많았지. 이번에 집안일이 겹쳐서 회장 선거에 신경도 제대로 못 쓰면서 지냈어. 그런데도 하나부터 열까지 다 도움을 준 사람들에게 너무 고마워.	N	2022-07-02 02:26:11	2022-11-08 04:00:57
BE22005675	6	1	그 사람들도 고생 많으셨겠다. 하지만 이번 회장이 되기 위해서 무엇 하나 소홀하지 앟고 열심히 살았잖아. 넌 내 주변에서 본 최고의 리더야.	N	2022-07-02 02:26:11	2022-11-08 04:00:57
BE22005675	7	0	칭찬해줘서 고마워. 너가 칭찬해줘서 그런지 이번 회장직이 더욱 기대되고 흥분되는 것 같아.	N	2022-07-02 02:26:11	2022-11-08 04:00:57
BE22005675	8	1	너가 그토록 바랬던 자리인 만큼 더욱 기대되고 설레겠다. 내가 그 상황이었다면 믿을 수 없는 현실에 볼도 꼬집어 봤을 거야.	N	2022-07-02 02:26:11	2022-11-08 04:00:57
BE22005675	9	0	나도 회장이 확정되고 나서 볼을 몇 번을 꼬집었는지 몰라. 꼬집을 때마다 아파. 아픈데 꿈이 아니란 사실에 너무 기뻐서 좋아.	N	2022-07-02 02:26:11	2022-11-08 04:00:57
BE22005675	10	1	고통을 느끼면서도 설레고 기쁜 감정을 유지 할 수 있다니 정말 기대했나 보구나.	N	2022-07-02 02:26:11	2022-11-08 04:00:57
BE22005675	11	0	맞아. 그런데 동창회의 사람들도 다 성인인데 내가 다 큰 성인들에게 리더십을 보여줄 수 있을까? 그게 조금 걱정돼.	N	2022-07-02 02:26:11	2022-11-08 04:00:57
BE22005675	12	1	너는 붙임성과 친밀감이 대단해. 너라면 딱딱한 팀장이 아닌 모두와 소통하는 리더가 될 수 있을 거야. 그러니까 너무 걱정하지 않았으면 좋겠어.	N	2022-07-02 02:26:11	2022-11-08 04:00:57
BE22005675	13	0	그렇게 말해줘서 고마워. 덕분에 리더로서 용기가 나는 것 같아. 이 설레고 기쁜 마음을 사람들과 함께 나누고 싶다.	N	2022-07-02 02:26:11	2022-11-08 04:00:57
BE22005675	14	1	고맙긴 뭘. 너가 그토록 바라던 회장직에 올라 기뻐하는 모습 보니까 내가 더 행복하다.	Y	2022-07-02 02:26:11	2022-11-08 04:00:57
