id	utterance_id	utterance_type	utterance_text	terminate	regDate	updDate
BE22004779	1	0	나 요즘 잘 되어가는 사람이 생겼어.	N	2022-06-28 13:30:30	2022-11-08 03:55:08
BE22004779	2	1	소개팅에서 만난 그 사람 말이니?	N	2022-06-28 13:30:30	2022-11-08 03:55:08
BE22004779	3	0	바로 그 사람이야. 오늘 그 사람과 저녁 약속을 잡았어. 그 사람이 먼저 나에게 만나자고 했어.	N	2022-06-28 13:30:30	2022-11-08 03:55:08
BE22004779	4	1	너는 그 사람이 맘에 들어? 네 스타일에 부합하니? 그 사람이 먼저 만나자는 제안을 했다니 네가 정말 설레겠는데.	N	2022-06-28 13:30:30	2022-11-08 03:55:08
BE22004779	5	0	나는 그 사람이 너무 마음에 들어. 그래서 만나기만을 손꼽아 기다렸는데, 자존심 때문에 먼저 연락하진 않았어. 그런데 그 사람이 먼저 나에게 만나자고 제안을 하더라.	N	2022-06-28 13:30:30	2022-11-08 03:55:08
BE22004779	6	1	네가 정말 기분 좋았겠다. 너가 오랫동안 너의 이상형에 부합하는 사람을 만나지 못했잖아. 그런 인연이 쉬운 게 아닌데 남자가 적극적으로 다가와 주니 좋은 결과가 예상되는데?	N	2022-06-28 13:30:30	2022-11-08 03:55:08
BE22004779	7	0	그래서 지금 오늘 저녁 약속에 입을 옷을 고르는 중이야. 내가 가지고 있는 옷 중에 가장 이쁜 옷을 입고 나가야지.	N	2022-06-28 13:30:30	2022-11-08 03:55:08
BE22004779	8	1	너 정말 그 사람이 맘에 드는가보구나. 그 사람도 분명 네가 마음에 드나봐.	N	2022-06-28 13:30:30	2022-11-08 03:55:08
BE22004779	9	0	오늘 먹을 메뉴도 너무 내 취향에 잘 맞아. 오늘은 파스타를 먹기로 했는데, 내가 정말 가고 싶었던 식당을 예약했더라고.	N	2022-06-28 13:30:30	2022-11-08 03:55:08
BE22004779	10	1	네가 가고 싶었던 식당이라면 우리가 저번에 대화를 나누었을 때 말했던 그 식당 말이니? 그 식당 예약하기 정말 힘든데 정말 잘됐다. 너가 파스타를 정말 좋아하니 더욱 환상적인 저녁 식사가 되겠는걸.	N	2022-06-28 13:30:30	2022-11-08 03:55:08
BE22004779	11	0	내 생각에도 그래. 그 사람이랑 취향을 공유할 때마다 너무 설레고 심장이 뛰어.	N	2022-06-28 13:30:30	2022-11-08 03:55:08
BE22004779	12	1	네가 오랜만에 사랑이라는 감정을 느끼는 것 같아서 옆에서 보는 내가 다 설렌다.	N	2022-06-28 13:30:30	2022-11-08 03:55:08
BE22004779	13	0	나 이 사람이랑 잘될 수 있을 거라는 확신이 들어. 그 사람도 나를 좋아하는 것 같아.	N	2022-06-28 13:30:30	2022-11-08 03:55:08
BE22004779	14	1	너에게 그만한 확신을 가져다주는 사람을 만난다는 건 정말 흔치 않은 일이야. 네가 그 정도로 생각한다니 분명 너의 직감이 맞을 거라고 생각해. 너의 마음이 그 사람에게 닿았으면 좋겠다.	N	2022-06-28 13:30:30	2022-11-08 03:55:08
BE22004779	15	0	내가 좋은 소식이 있으면 너에게도 꼭 들려줄게. 네 덕분에 더 설레는걸.	Y	2022-06-28 13:30:30	2022-11-08 03:55:08
