id	utterance_id	utterance_type	utterance_text	terminate	regDate	updDate
BE22002887	1	0	나 이 회사에 입사한 지 벌써 3년이 지났어. 대박이지 않아?	N	2022-06-23 05:21:55	2022-11-08 03:43:03
BE22002887	2	1	정말? 시간이 벌써 그렇게 됐구나. 3년 근속이라니 정말 멋있다. 한 회사에 오래 다니는 것이 쉽지 않다던데, 너는 역시 끈기가 좋아.	N	2022-06-23 05:21:55	2022-11-08 03:43:03
BE22002887	3	0	그렇게 말해줘서 고마워. 회사에서 3년 근속했다고 2주간 휴가를 부여해 줬어.	N	2022-06-23 05:21:55	2022-11-08 03:43:03
BE22002887	4	1	정말? 보상받는 기분이라 뿌듯하고 기쁘겠다. 어쩐지 얘기하는 내내 신나 보이더라.	N	2022-06-23 05:21:55	2022-11-08 03:43:03
BE22002887	5	0	응. 오랜만에 정말 신나! 나를 위한 선물로 휴가 동안 해외여행을 갈까 생각 중이야.	N	2022-06-23 05:21:55	2022-11-08 03:43:03
BE22002887	6	1	해외여행이라니 정말 낭만적인걸? 계획은 세웠어? 여행은 계획 세울 때가 가장 기쁘고 설레는 것 같아.	N	2022-06-23 05:21:55	2022-11-08 03:43:03
BE22002887	7	0	맞아. 지금 계획 세우고 있는 중인데 심장이 두근거려 미치겠어. 이번 기회에 사이판을 가보려고 해.	N	2022-06-23 05:21:55	2022-11-08 03:43:03
BE22002887	8	1	사이판 정말 좋지! 가서 스노클링하고 올 거야? 너 예전부터 물에서 노는 게 가장 행복하다고 했잖아.	N	2022-06-23 05:21:55	2022-11-08 03:43:03
BE22002887	9	0	응. 스노클링이랑 체험 다이빙을 할 예정이야. 벌써 기대되고 행복해. 체험 다이빙은 바닷속에서 사진도 찍을 수 있대.	N	2022-06-23 05:21:55	2022-11-08 03:43:03
BE22002887	10	1	정말 잊지 못할 행복한 추억이 될 것 같아. 마치 인어공주가 된 듯한 기분을 느낄 수 있겠다. 듣는 내가 다 행복해지는 중이야.	N	2022-06-23 05:21:55	2022-11-08 03:43:03
BE22002887	11	0	내가 다녀오고 정말 좋으면 다음에 같이 데리고 갈게.	N	2022-06-23 05:21:55	2022-11-08 03:43:03
BE22002887	12	1	말만으로도 정말 고마운걸? 정말 즐거운 여행이 될 것 같아. 다음 휴가는 5년 근속 기념 휴가인 건가?	N	2022-06-23 05:21:55	2022-11-08 03:43:03
BE22002887	13	0	그랬으면 좋겠다. 벌써 3년을 근속하긴 했지만, 앞으로도 잘 해낼 수 있을지 조금 걱정이 돼.	N	2022-06-23 05:21:55	2022-11-08 03:43:03
BE22002887	14	1	내가 본 너는 어려운 일이 있어도 곧 씩씩하게 잘 해내는 자랑스러운 친구야. 지금도 3년 동안 다니면서 힘든 일도 많았을 텐데 잘 견뎌냈잖아. 앞으로도 정말 잘할 테니, 걱정하지 말고 여행하는 동안 즐겁고 행복한 감정만 느끼고 와.	N	2022-06-23 05:21:55	2022-11-08 03:43:03
BE22002887	15	0	덕분에 10년도 더 다닐 수 있다는 자신감이 생겼어. 고마워. 내가 선물로 예쁜 기념품 많이 사 올 테니 기대해!	Y	2022-06-23 05:21:55	2022-11-08 03:43:03
