id	utterance_id	utterance_type	utterance_text	terminate	regDate	updDate
BE22001311	1	0	지금 남편 퇴근하길 기다리고 있는데 오랜만에 너무 떨려!	N	2022-06-14 14:56:48	2022-11-08 03:32:53
BE22001311	2	1	아, 오늘이 결혼기념일이라고 했지? 서프라이즈 파티라도 준비한 거야?	N	2022-06-14 14:56:48	2022-11-08 03:32:53
BE22001311	3	0	연애 때처럼 이것저것 많이 준비하진 못하고 남편이 좋아하는 음식이랑 케이크만 만들었어!	N	2022-06-14 14:56:48	2022-11-08 03:32:53
BE22001311	4	1	케이크를 네가 직접 만들었다고? 너무 어려운 거 아니야?	N	2022-06-14 14:56:48	2022-11-08 03:32:53
BE22001311	5	0	나도 그럴 줄 알았는데 생각보다 어렵지 않더라고! 동영상 공유 서비스로 열심히 배워서 만들었는데 남편이 좋아하면 좋겠어.	N	2022-06-14 14:56:48	2022-11-08 03:32:53
BE22001311	6	1	와! 역시 네 정성은 알아줘야 해. 그 정성 자체만으로도 엄청 감동하실 것 같은데? 사랑이 넘쳐나는 신혼이구나!	N	2022-06-14 14:56:48	2022-11-08 03:32:53
BE22001311	7	0	그러면 너무 좋겠다. 처음 맞는 결혼기념일을 앞두고 한번 생각해 봤었거든. 오빠랑 결혼해서 내 마음이 많이 안정되고, 든든함을 느끼고 있더라.	N	2022-06-14 14:56:48	2022-11-08 03:32:53
BE22001311	8	1	맞아, 나도 결혼하고 엄청 마음이 편하고 안정된다고 느꼈던 것 같아. 정말 내 편이 생긴 느낌이랄까? 그리고 한편으론 나도 응원해줘야 되는 내 사람이기도 하니까 확실히 결혼 전이랑은 다른 것 같긴 해.	N	2022-06-14 14:56:48	2022-11-08 03:32:53
BE22001311	9	0	정말 그렇더라고. 그런 마음 때문에 더 끈끈해지는 것 같아. 그래서 내가 흔들릴 때도 잡아주고 확신을 준 오빠한테 고마움을 표현하고 싶어.	N	2022-06-14 14:56:48	2022-11-08 03:32:53
BE22001311	10	1	나는 네가 충분히 고마움을 표현하고 있다고 생각하는걸? 너만큼 잘해주는 아내도 잘 없을 거야. 가계도 잘 꾸려가려고 공부도 많이 하고 이렇게 케이크도 직접 만들 정도잖아?	N	2022-06-14 14:56:48	2022-11-08 03:32:53
BE22001311	11	0	아직 많이 부족해서 노력하는 것뿐인걸. 좋게 봐줘서 고마워. 케이크도 맛있어야 할 텐데 걱정이야.	N	2022-06-14 14:56:48	2022-11-08 03:32:53
BE22001311	12	1	평소에 베이킹도 곧잘 했으니까 케이크도 맛있을 것 같은데? 그리고 이건 사랑이 듬뿍 담긴 케이크니까 맛이 없을 수가 없지!	N	2022-06-14 14:56:48	2022-11-08 03:32:53
BE22001311	13	0	네가 그렇게 말하니까 남편 퇴근하면 빨리 맛보여 주고 싶다! 좋아하면 내년 기념일 때도 만들어줘야지.	N	2022-06-14 14:56:48	2022-11-08 03:32:53
BE22001311	14	1	내가 내 남편한테 미안할 정도인걸? 결혼기념일 너무 축하하고 좋은 저녁 시간 보내!	N	2022-06-14 14:56:48	2022-11-08 03:32:53
BE22001311	15	0	나한텐 너희 부부가 좋은 본보기인걸! 축하 고마워!	Y	2022-06-14 14:56:48	2022-11-08 03:32:53
