id	utterance_id	utterance_type	utterance_text	terminate	regDate	updDate
BE22005987	1	0	드디어 친구네 강아지가 집으로 돌아왔대! 잠깐 산책 시키면서 돌봐주는 사이에 잃어버렸거든. 마음 많이 졸였는데, 너무 다행이야.	N	2022-07-04 06:47:50	2022-11-08 04:02:56
BE22005987	2	1	그런 일이 있었구나! 친구네 반려견을 잃어버리다니, 그거 정말 큰 일이잖아.	N	2022-07-04 06:47:50	2022-11-08 04:02:56
BE22005987	3	0	일주일 동안 잠도 못 자고 너무 괴로웠는데 강아지를 찾았다니까 안도감이 드는 것 있지.	N	2022-07-04 06:47:50	2022-11-08 04:02:57
BE22005987	4	1	마음 속으로만 끙끙 앓았을 텐데 이렇게 해결이 되어서 정말 다행이야. 네가 기분이 나아졌다니 나도 기쁘다.	N	2022-07-04 06:47:50	2022-11-08 04:02:57
BE22005987	5	0	나 때문에 친구랑 사이도 좀 서먹해진 것 같고 그랬어. 많이 자책하고 일상생활도 제대로 못 하다가 상황이 잘 풀리니까 나도 정말 홀가분해.	N	2022-07-04 06:47:50	2022-11-08 04:02:57
BE22005987	6	1	정말 막혀있던 속이 시원하게 뚫린 것 같은 기분이 들겠다. 네가 그만큼 힘들어했던 일이 해결되어서 말이야.	N	2022-07-04 06:47:50	2022-11-08 04:02:57
BE22005987	7	0	그것도 그런데, 앞으로 당당하게 친구를 마주 대할 것 같아서 더 기쁜 거 있지. 정말 미안해서 죄책감이 컸거든.	N	2022-07-04 06:47:50	2022-11-08 04:02:57
BE22005987	8	1	내가 아는 너는 책임감이 강하고 속이 깊은 아이인데, 강아지를 잃어버렸다고 했을 때 얼마나 힘들었니. 그런 마음이 해소가 되어서 다행이야.	N	2022-07-04 06:47:50	2022-11-08 04:02:57
BE22005987	9	0	친구랑도 사이가 서먹해지고 그랬어. 친구는 괜찮다고 오히려 날 진정시켜줬는데, 내가 그 친구 얼굴 보는 게 부끄럽더라고.	N	2022-07-04 06:47:50	2022-11-08 04:02:57
BE22005987	10	1	그럴 수 있지. 반려동물은 가족이나 다름없잖아. 배려심도 있고 정 많은 네가 어떤 기분이었을지 상상도 안 돼.	N	2022-07-04 06:47:50	2022-11-08 04:02:57
BE22005987	11	0	솔직히 강아지를 영영 잃게 되는 건 아닐까 염려했거든. 그 상황에서도 자신보다 나를 더 달래고 위로해 준 친구가 고마울 뿐이야. 진심을 다해서 미안하다고 사과했지만 용서받을 수 있을지는 몰랐어.	N	2022-07-04 06:47:50	2022-11-08 04:02:57
BE22005987	12	1	친구를 소중하게 생각하는 네 태도도 멋진걸! 먼저 잘못을 인정하고 사과하는 것도 용기 있는 일인데 말이야. 그렇게 온 마음을 다해서 네 마음을 전했으니 친구도 알아준 것 아닐까?	N	2022-07-04 06:47:50	2022-11-08 04:02:57
BE22005987	13	0	강아지를 찾은 뒤 친구가 용서해주고 나니까 마음에 짐이 한결 덜어지더라고. 이제는 그 친구랑 다시 사이가 좋아진 것 같아서 나도 더 당당해진 기분이야.	N	2022-07-04 06:47:50	2022-11-08 04:02:57
BE22005987	14	1	그랬겠네. 강아지도 강아지지만, 그 친구랑 맺었던 관계가 틀어질 수도 있었잖아. 너도 네 마음을 잘 전달하고, 그 친구도 널 받아주고. 두 가지가 모두 잘 해결되어서 많이 안심되겠어.	N	2022-07-04 06:47:50	2022-11-08 04:02:57
BE22005987	15	0	응, 정말 그래. 그리고 이 얘기를 너한테 털어놓으니 더 속이 후련한 것 있지. 공감해주기 어려운 문제일 수도 있는데.	N	2022-07-04 06:47:50	2022-11-08 04:02:57
BE22005987	16	1	친구 사이에 힘든 일이 있으면 당연히 위로하고 지지해주는 거지. 네가 힘들었던 마음 다 이해가 가.	N	2022-07-04 06:47:50	2022-11-08 04:02:57
BE22005987	17	0	그렇게 말해줘서 고마워. 어딜 가서 친구네 강아지 잃어버렸다 찾았다고 말을 못 꺼내겠더라고. 나를 이해해주고 같이 기뻐해 주는 네 덕분에 더 기분이 좋네.	N	2022-07-04 06:47:50	2022-11-08 04:02:57
BE22005987	18	1	그렇게 생각해주니 내가 더 고마운걸. 앞으로도 다른 사람한테 하기 힘든 얘기나 네 마음 속의 짐 다 나한테 풀어. 내가 응원하고 있다는 거 잊지 말고.	N	2022-07-04 06:47:50	2022-11-08 04:02:57
BE22005987	19	0	그럴게! 앞으로도 잘 부탁한다, 친구야.	N	2022-07-04 06:47:50	2022-11-08 04:02:57
BE22005987	20	1	나도 잘 부탁해. 일이 잘 해결되어서 다행이다! 이젠 마음 푹 놔!	Y	2022-07-04 06:47:50	2022-11-08 04:02:57
