id	utterance_id	utterance_type	utterance_text	terminate	regDate	updDate
BE22004141	1	0	나 드디어 듀얼 모니터 장만했어!	N	2022-06-27 08:43:48	2022-11-08 03:51:03
BE22004141	2	1	우와, 축하해. 써보니 엄청 편리해?	N	2022-06-27 08:43:48	2022-11-08 03:51:03
BE22004141	3	0	응, 동시에 화면 여러 개 띄워 놓고 쓰는 일 많은데 확실히 편하고 시간도 절약되네. 신나게 일할 맛이 나.	N	2022-06-27 08:43:48	2022-11-08 03:51:03
BE22004141	4	1	그렇구나. IT업계의 최첨단을 달리는 심정이라 자부심도 마구 생길 것 같아. 일도 순식간에 해결되는 느낌이지?	N	2022-06-27 08:43:48	2022-11-08 03:51:03
BE22004141	5	0	응. 이 정도 일에 사무기기 업그레이드가 굳이 왜 필요한가 싶었거든? 근데 확실히 이유가 있네. 기분과 성능 모두 확 올라가.	N	2022-06-27 08:43:48	2022-11-08 03:51:03
BE22004141	6	1	능률도 최고치에 보람도 커지고 그야말로 승승장구 미래가 확 트이는 느낌이겠다. 마음가짐도 뭔가 다르지 않아?	N	2022-06-27 08:43:48	2022-11-08 03:51:03
BE22004141	7	0	달라. 모니터 하나 바꿨을 뿐인데 사무 공간이 완전히 새로워진 느낌이야. 새삼 업무 능력자가 된 기분? 하하.	N	2022-06-27 08:43:48	2022-11-08 03:51:03
BE22004141	8	1	원래도 능력자인데 앞으로 더 앞서나가시겠군. 세상이 발아래 놓인 듯, 아주 구름 위를 나는 느낌이겠어!	N	2022-06-27 08:43:48	2022-11-08 03:51:03
BE22004141	9	0	이렇게 편한 걸 왜 망설였나 싶다. 주변에 널리 자랑하며 추천해주고 싶어!	N	2022-06-27 08:43:48	2022-11-08 03:51:03
BE22004141	10	1	오래 생각하고 결정했으니 느껴지는 만족도도 더 클 것 같아. 사양이나 모델도 딱 맞는 걸로 잘 골랐을 테고. 매사에 꼼꼼하고 진중한 성격 참 대단해!	N	2022-06-27 08:43:48	2022-11-08 03:51:03
BE22004141	11	0	네가 비행기 태워주니까 더 기분이 째진다. 역시 사무기기를 아는 사람이라 말이 잘 통하는군.	N	2022-06-27 08:43:48	2022-11-08 03:51:03
BE22004141	12	1	없는 말이 아니고 사실대로 말한 건데 뭐. 이런 얘기 서로 나눌 수 있는 사이라서 나도 기쁘다.	N	2022-06-27 08:43:48	2022-11-08 03:51:03
BE22004141	13	0	굳이 이런 기기 들일 필요 없다는 사람들도 있잖아. 각자 나름의 취향이 있는 거지.	N	2022-06-27 08:43:48	2022-11-08 03:51:03
BE22004141	14	1	맞아. 우리 둘은 취향 맞아 다행이야. 그너저나 어떤 모델 샀는지 나중에 나도 구입할 때 조언 좀 해줘.	N	2022-06-27 08:43:48	2022-11-08 03:51:03
BE22004141	15	0	그거야 얼마든지! 말만 해.	N	2022-06-27 08:43:48	2022-11-08 03:51:03
BE22004141	16	1	알았어, 그렇게 말해줘서 고마워.	Y	2022-06-27 08:43:48	2022-11-08 03:51:03
