id	utterance_id	utterance_type	utterance_text	terminate	regDate	updDate
BE22003696	1	0	뉴스 봤어? 영원히 끝나지 않을 것 같던 거리 두기였는데. 드디어 오늘부로 해제야!	N	2022-06-25 16:34:49	2022-11-08 03:48:14
BE22003696	2	1	응, 봤지. 드디어 포장마차 영업 다시 할 수 있겠네? 애타게 기다렸잖아.	N	2022-06-25 16:34:49	2022-11-08 03:48:14
BE22003696	3	0	안 그래도 아침부터 식재료 사고 영업 준비 중이야. 엄마랑 나랑 버티고 버티다 파산 직전이었는데, 가뭄에 단비 같다.	N	2022-06-25 16:34:49	2022-11-08 03:48:14
BE22003696	4	1	거리 두기 연장될 때 너 정말 초조해했잖아. 드디어 정상적으로 영업한다니 나라도 한결 마음이 가볍겠어.	N	2022-06-25 16:34:49	2022-11-08 03:48:14
BE22003696	5	0	맞아. 다른 업종과 다르게 포차는 새벽 영업이 주 시간대라 타격이 컸어. 연장될 때마다 피가 마르는 기분이었다니까.	N	2022-06-25 16:34:49	2022-11-08 03:48:14
BE22003696	6	1	너뿐만 아니라 어머니도 같이하고 있었으니까 타격이 두 배지. 나 였어도 진짜 답답했을 거야.	N	2022-06-25 16:34:49	2022-11-08 03:48:14
BE22003696	7	0	단골손님들이 오늘부터 영업 원래대로 하냐고 문의 문자가 폭발적이라. 오늘 매출도 좋을 것 같아. 아침 공기가 너무 개운하게 느껴지더라.	N	2022-06-25 16:34:49	2022-11-08 03:48:14
BE22003696	8	1	거리 두기 이전에는 너네 포차가 이 동네 밤을 정말 휩쓸었지. 포차의 역사를 새로 쓰겠어.	N	2022-06-25 16:34:49	2022-11-08 03:48:14
BE22003696	9	0	대출도 안 되고 몇 주 전까지만 해도 접고 다른 일 알아봐야 하나 했어. 엄마는 다른 일도 못할 텐데, 눈앞이 깜깜했었지. 버티길 정말 잘했어, 이제 다시 열심히 장사해야지.	N	2022-06-25 16:34:49	2022-11-08 03:48:14
BE22003696	10	1	그 포차 자리 잡느라 얼마나 정성을 다했는데 날아갈까 노심초사했지? 살아내느라 애썼어 정말. 나라면 못했을 거야.	N	2022-06-25 16:34:49	2022-11-08 03:48:14
BE22003696	11	0	쉬면서 신메뉴 개발도 해뒀는데 만들면서도 이걸 내놓을 기회가 생길까 긴가민가했거든. 손님상에 내놓을 수 있어서 너무 기쁘다.	N	2022-06-25 16:34:49	2022-11-08 03:48:14
BE22003696	12	1	무슨 메뉴인지 너무 궁금한데? 거리 두기 해제 기념 회식 있거든. 2차에 친한 사람들이랑 같이 갈게.	N	2022-06-25 16:34:49	2022-11-08 03:48:14
BE22003696	13	0	네가 첫 시식을 해준다면 나야 영광이지! 냉정하게 맛봐 줘야 해?	N	2022-06-25 16:34:49	2022-11-08 03:48:14
BE22003696	14	1	늘 실패 없는 맛이라 부족함을 찾을 수 있을까 싶지만. 하하, 노력해 볼게.	Y	2022-06-25 16:34:49	2022-11-08 03:48:14
