id	utterance_id	utterance_type	utterance_text	terminate	regDate	updDate
BE22002982	1	0	우리 만나기로 한 날 있잖아. 우리 집으로 놀러 오는 게 어때?	N	2022-06-23 08:42:56	2022-11-08 03:43:40
BE22002982	2	1	나야 좋지. 그런데 갑자기 어쩐 일로 너희 집에 초대하려는 거야?	N	2022-06-23 08:42:56	2022-11-08 03:43:40
BE22002982	3	0	그게, 저번 휴가 때 가족들과 직접 나무를 베어다 평상을 만들었거든. 너무 만족스러워서 너한테도 꼭 보여주고 싶어.	N	2022-06-23 08:42:56	2022-11-08 03:43:40
BE22002982	4	1	우와. 가족들이랑 사이가 좋은 게 정말 보기 좋아. 얼마나 잘 만들었는지 궁금해지는걸?	N	2022-06-23 08:42:56	2022-11-08 03:43:40
BE22002982	5	0	평소에는 다 같이 보낼 시간이 부족하니까 휴가 때 같이 평상을 만들어 보면서 시간을 보냈지. 정말 즐거웠어.	N	2022-06-23 08:42:56	2022-11-08 03:43:40
BE22002982	6	1	가족들이 다 함께 시간을 가지는 건 정말 행복한 일이지. 나도 가족들과 함께 할 때 가장 즐겁고 편안하거든.	N	2022-06-23 08:42:56	2022-11-08 03:43:40
BE22002982	7	0	맞아. 평상도 잘 만들어졌고 이제 날씨도 선선하니까 앉아서 고기라도 구워 먹으면 진짜 맛있을 것 같아.	N	2022-06-23 08:42:56	2022-11-08 03:43:40
BE22002982	8	1	와, 정말 로망이다. 거기에 맥주까지 한 캔 하면 세상 부러울 게 없을 듯.	N	2022-06-23 08:42:56	2022-11-08 03:43:40
BE22002982	9	0	그러니까 말이야. 어릴 때 말고는 평상에서 시간 보낼 기회가 잘 없잖아. 앉아있으면 할머니 생각도 나고 왠지 가슴이 뭉클해진다니까.	N	2022-06-23 08:42:56	2022-11-08 03:43:40
BE22002982	10	1	정말 부럽다. 가족들과 같이 만든 평상이라 더 의미 있는 추억이 되겠어.	N	2022-06-23 08:42:56	2022-11-08 03:43:40
BE22002982	11	0	응. 얼른 너랑도 평상에 앉아서 도란도란 얘기하면서 추억을 쌓고 싶어.	N	2022-06-23 08:42:56	2022-11-08 03:43:40
BE22002982	12	1	나도 정말 기대돼. 앉아서 맛난 것도 먹고 잠깐 졸기도 하고, 생각만 해도 설렌다.	N	2022-06-23 08:42:56	2022-11-08 03:43:40
BE22002982	13	0	맞아. 내가 좋아하는 사람들 모두와 여기서 즐거운 시간을 보내는 게 내 작은 소망이야.	N	2022-06-23 08:42:56	2022-11-08 03:43:40
BE22002982	14	1	역시 너는 삶의 소소한 행복을 즐길 줄 안다니까. 그러니까 항상 밝고 마음의 여유가 넘치지.	N	2022-06-23 08:42:56	2022-11-08 03:43:40
BE22002982	15	0	하하, 그렇게 말해줘서 고마워.	Y	2022-06-23 08:42:56	2022-11-08 03:43:40
