id	utterance_id	utterance_type	utterance_text	terminate	regDate	updDate
BE22005799	1	0	나 오늘 부모님께 커플링을 선물했어.	N	2022-07-03 08:16:25	2022-11-08 04:01:45
BE22005799	2	1	정말? 특별한 기념일이라도 있었던 거야?	N	2022-07-03 08:16:25	2022-11-08 04:01:45
BE22005799	3	0	응. 이번에 결혼 40주년이라 특별히 선물해드렸어.	N	2022-07-03 08:16:25	2022-11-08 04:01:45
BE22005799	4	1	부모님은 정말 뿌듯하시겠다. 나도 우리 아들이 부모님 결혼기념일이라고 선물을 해주면 정말 행복할 것 같아. 자식이 벌써 이렇게 컸나 싶을 것 같고.	N	2022-07-03 08:16:25	2022-11-08 04:01:45
BE22005799	5	0	그렇지 않아도 엄청 좋아하시더라. 결혼 이후에는 한 번도 커플링을 맞추신 적이 없었거든.	N	2022-07-03 08:16:25	2022-11-08 04:01:45
BE22005799	6	1	안성맞춤으로 선물해드렸네. 너도 그 모습 보면서 기분 참 좋았겠다.	N	2022-07-03 08:16:25	2022-11-08 04:01:45
BE22005799	7	0	맞아. 부모님이 이렇게까지 행복해하실 줄 몰랐거든. 부모님이 좋아하시는 모습을 보니까 내가 더 기분 좋아지더라.	N	2022-07-03 08:16:25	2022-11-08 04:01:45
BE22005799	8	1	나도 누군가에게 선물할 때 기뻐하는 모습을 보면 절로 웃음이 나더라. 너는 선물을 받는 분이 부모님이라 더 기쁘고 뿌듯했을 것 같아. 그런데 경제적으로 부담스럽지는 않았어?	N	2022-07-03 08:16:25	2022-11-08 04:01:45
BE22005799	9	0	사실 금액은 부담스럽기는 했는데, 낳아주셔서 감사하다는 의미도 있고 해서 통 크게 선물했지.	N	2022-07-03 08:16:25	2022-11-08 04:01:45
BE22005799	10	1	역시 너는 효심이 깊은 아이야. 부모님의 결혼기념일을 축하한다는 의미뿐만 아니라 낳아주셔서 감사한다는 효도의 의미도 담고 있었구나!	N	2022-07-03 08:16:25	2022-11-08 04:01:45
BE22005799	11	0	응. 근데 내 입으로 다 떠드는 것 같아서 조금 부끄럽다.	N	2022-07-03 08:16:25	2022-11-08 04:01:45
BE22005799	12	1	아니야, 부끄러워할 것 없어. 너희 가족 모두가 기뻐한다는 말을 들으니까 나 역시도 선물의 힘을 한 번 더 느꼈어. 내가 부모님을 기쁘게 해드리는 선물은 뭐가 있는지 고민하게 되고 말이야.	N	2022-07-03 08:16:25	2022-11-08 04:01:45
BE22005799	13	0	그렇게 말해줘서 고마워. 네 덕에 어깨가 더 으쓱해지는 것 같아.	N	2022-07-03 08:16:25	2022-11-08 04:01:45
BE22005799	14	1	그럴 자격 충분히 있어. 마음껏 뿌듯해 해!	Y	2022-07-03 08:16:25	2022-11-08 04:01:45
