id	utterance_id	utterance_type	utterance_text	terminate	regDate	updDate
BE22002471	1	0	나 오늘 하루가 너무 기대돼!	N	2022-06-21 15:25:24	2022-11-08 03:40:25
BE22002471	2	1	오, 오늘 무슨 좋은 일이라도 있어?	N	2022-06-21 15:25:24	2022-11-08 03:40:25
BE22002471	3	0	그건 아닌데, 이따 있을 수업에서 내가 교수님의 질문을 받아야 하거든.	N	2022-06-21 15:25:24	2022-11-08 03:40:25
BE22002471	4	1	우와, 신기하다. 네가 듣는 수업은 질문받는 사람이 정해져 있는 거야?	N	2022-06-21 15:25:24	2022-11-08 03:40:25
BE22002471	5	0	응. 학생들이 돌아가면서 질문을 받는데, 오늘은 내 순서야. 벌써부터 수업시간이 기다려져!	N	2022-06-21 15:25:24	2022-11-08 03:40:25
BE22002471	6	1	맞다, 너는 어릴 때부터 질문하고 발표하는 걸 좋아했었지! 완전 너를 위한 맞춤형 수업이네.	N	2022-06-21 15:25:24	2022-11-08 03:40:25
BE22002471	7	0	맞아. 나는 소통할 때 진정한 배움을 느끼는 것 같아. 많은 사람 앞에서도 별로 긴장이 안 돼.	N	2022-06-21 15:25:24	2022-11-08 03:40:25
BE22002471	8	1	와, 나는 그렇기가 힘들던데... 배움에 있어 너의 매사에 열정적이고 도전적인 자세가 나는 존경스러워.	N	2022-06-21 15:25:24	2022-11-08 03:40:25
BE22002471	9	0	네게 그렇게 보여지다니. 기분이 좋다.	N	2022-06-21 15:25:24	2022-11-08 03:40:25
BE22002471	10	1	게다가 내가 보기에 너는 대화를 통해 상대방에게 네 매력을 알리는 재능을 가진 것 같아. 나도 처음에 너랑 대화한 뒤로 네게 매력을 느꼈었거든.	N	2022-06-21 15:25:24	2022-11-08 03:40:25
BE22002471	11	0	너의 말을 듣고 나니까 오늘 있을 질문도 잘 넘어갈 수 있을 것 같아.	N	2022-06-21 15:25:24	2022-11-08 03:40:25
BE22002471	12	1	당연하지. 당당하게 너의 생각과 의견을 잘 표현하고 와.	N	2022-06-21 15:25:24	2022-11-08 03:40:25
BE22002471	13	0	그럴게, 응원해줘서 고마워.	N	2022-06-21 15:25:24	2022-11-08 03:40:25
BE22002471	14	1	오늘 파이팅이야. 너는 늘 그랬듯 오늘도 잘 해낼 거야.	N	2022-06-21 15:25:24	2022-11-08 03:40:25
BE22002471	15	0	응, 이따가 연락하자!	Y	2022-06-21 15:25:24	2022-11-08 03:40:25
