id	utterance_id	utterance_type	utterance_text	terminate	regDate	updDate
BE22002230	1	0	기분이 좋아서 맥주 한잔 하고 싶은 날이다. 공감화자 뭐 하고 있어?	N	2022-06-20 13:01:13	2022-11-08 03:38:51
BE22002230	2	1	맥주? 좋지. 나 처리해야 할 일이 있어서 방금 퇴근했어.	N	2022-06-20 13:01:13	2022-11-08 03:38:51
BE22002230	3	0	고생했네. 나 이번에 연봉 올랐거든! 한 직장에서 오래 일한 보람이 있다. 생각했던 거보다 많이 올라서 기분이 아주 좋아.	N	2022-06-20 13:01:13	2022-11-08 03:38:51
BE22002230	4	1	네가 진짜 그 회사에서 오래 일하긴 했지. 올0해가 10년차인가? 매번 오르는 연봉에 대해서는 덤덤하게 얘기하더니,네입으로 연봉이 그렇게 많이 올랐다고 하는 거면 기분 진짜 좋겠는데?	N	2022-06-20 13:01:13	2022-11-08 03:38:51
BE22002230	5	0	말하면 상대적 박탈감이 들 수 있으니 비밀이야. 아무튼 너에게 맥주 한잔과 치킨을 거하게 쏠 수 있을 정도는 올랐다 이거지. 웃음이 절로 나오네.	N	2022-06-20 13:01:13	2022-11-08 03:38:51
BE22002230	6	1	이야, 궁금하기는 한데 너의 말대로 박탈감을 느끼고 싶진 않으니 굳이 물어보지 않으마.	N	2022-06-20 13:01:13	2022-11-08 03:38:51
BE22002230	7	0	연봉은 매번 오를 때마다 기분이 짜릿한데, 이번에는 진짜 기분이 좋네. 뭔가 능력을 확실히 인정받은 기분이라 엄청 뿌듯해.	N	2022-06-20 13:01:13	2022-11-08 03:38:51
BE22002230	8	1	네가 오죽 오래 일했니? 스타트업 회사에서 중소기업이 될 때까지 버틴 네 인내심과 끈기가 너무 대단해. 박수라도 쳐주고 싶다니까.	N	2022-06-20 13:01:13	2022-11-08 03:38:52
BE22002230	9	0	그렇긴 해. 스타트업 회사 특성상 연봉 자체가 안정적인 건 아니었으니. 다행히 운이 좋아서 회사가 승승장구 해가지고, 내 연봉도 쭉쭉 올랐지. 직장 하나 잘 잡은 거 같아서 흡족해.	N	2022-06-20 13:01:13	2022-11-08 03:38:52
BE22002230	10	1	네 회사가 널 잘 잡은 거 같은데? 너 같은 인재가 어디 흔하니? 나 같아도 매년 돈 올려주면서 붙잡아둘 거야.	N	2022-06-20 13:01:13	2022-11-08 03:38:52
BE22002230	11	0	그렇게 얘기해주니까 기분은 좋네. 뭐 회사랑 나랑 서로 상성이 잘 맞았던 거 아니겠어?	N	2022-06-20 13:01:13	2022-11-08 03:38:52
BE22002230	12	1	맞아. 그것도 쉽지 않은데 참 대단하고 감사할 일인 거 같아. 10년 동안 회사 키운다고 그래도 아득바득 맨날 야근하고 고생했잖아. 네 고생이 빛을 발한 거지.	N	2022-06-20 13:01:13	2022-11-08 03:38:52
BE22002230	13	0	나도 그렇게 생각해. 고생 끝에 온 높은 연봉이라 그런지 더 뿌듯하고 기분이 좋네. 아무튼 치맥 하자. 내가 사줄게.	N	2022-06-20 13:01:13	2022-11-08 03:38:52
BE22002230	14	1	좋지. 집 들러서 대충 옷만 갈아입고 나갈게. 이 기쁜 날을 그냥 보낼 수는 없지!	N	2022-06-20 13:01:13	2022-11-08 03:38:52
BE22002230	15	0	그래, 나올 때 문자줘. 이 기쁜 날 축배를 들자고!	Y	2022-06-20 13:01:13	2022-11-08 03:38:52
