id	utterance_id	utterance_type	utterance_text	terminate	regDate	updDate
BE22003055	1	0	공감화자야, 내가 드디어 실연의 늪에서 벗어났어. 오늘 미용실 예약까지 했다!	N	2022-06-23 12:48:10	2022-11-08 03:44:08
BE22003055	2	1	정말이야? 다시 돌아온 너를 환영해! 실연을 벗어난 기념으로 머리 스타일 바꾸려고?	N	2022-06-23 12:48:10	2022-11-08 03:44:08
BE22003055	3	0	당연하지! 이제 완전히 과거를 청산한다는 의미로 비싼 미용실에서 머리할 거야.	N	2022-06-23 12:48:10	2022-11-08 03:44:08
BE22003055	4	1	잘 생각했어. 이제 더는 과거의 기억에 눈물 흘리지 마. 오늘부터 다시 태어나는 네가 되는 거라구.	N	2022-06-23 12:48:10	2022-11-08 03:44:08
BE22003055	5	0	응, 나 진짜 예뻐질 거야. 예뻐 보이려고 고급 미용실 예약을 한 거거든. 벌써 만족스럽다.	N	2022-06-23 12:48:10	2022-11-08 03:44:08
BE22003055	6	1	그래, 이제 너를 위해서 살아. 너를 위한 투자로 미용실 예약하는 거 정말 좋은 선택이라 생각해. 다시 당당한 너를 느끼니까 친구로서 너무 다행이다.	N	2022-06-23 12:48:10	2022-11-08 03:44:08
BE22003055	7	0	내가 너를 너무 많이 걱정하게 했지. 나오라는 연락도 몇 번이나 거절하고 말이야.	N	2022-06-23 12:48:10	2022-11-08 03:44:08
BE22003055	8	1	다 이해하지. 네 아픈 상황 다 아는데 그걸 이해 못 하면 우리가 친구겠니. 하여튼 이렇게 좋은 소식 알리는 연락 참 기뻐.	N	2022-06-23 12:48:10	2022-11-08 03:44:08
BE22003055	9	0	나도 기뻐. 훌훌 떨쳐 버리고 나니까 내가 왜 그렇게 힘들어했나 의문도 들고 말이야.	N	2022-06-23 12:48:10	2022-11-08 03:44:08
BE22003055	10	1	이제 나아질 일만 남은 거야. 바닥을 치면 올라갈 길만 있는 것처럼 말이야. 머리 어떻게 할 생각이야?	N	2022-06-23 12:48:10	2022-11-08 03:44:08
BE22003055	11	0	확 자를 거야. 짧게 커트 스타일로 자르고 파마도 하려고. 이미지를 완전 바꿔보려고 해.	N	2022-06-23 12:48:10	2022-11-08 03:44:08
BE22003055	12	1	좋은 생각이야. 너는 얼굴형이 갸름하고 머리도 작아서 커트 스타일 정말 잘 어울릴 거야. 진짜 기대된다!	N	2022-06-23 12:48:10	2022-11-08 03:44:08
BE22003055	13	0	그치? 공감화자야, 나 반겨줘서 정말 고마워. 이렇게 네 일처럼 기뻐해줘서 너무 좋다.	N	2022-06-23 12:48:10	2022-11-08 03:44:08
BE22003055	14	1	나도 네가 원래의 너로 돌아와서 너무 좋다. 그동안 많이 힘들었지? 이제는 다 잊고 네게 집중하면서 잘살아 보자. 알겠지?	N	2022-06-23 12:48:10	2022-11-08 03:44:08
BE22003055	15	0	그래, 그렇게 할게! 미용실 다녀와서 또 연락할게!	Y	2022-06-23 12:48:10	2022-11-08 03:44:08
