id	utterance_id	utterance_type	utterance_text	terminate	regDate	updDate
BE22005234	1	0	나 지금 기분이 너무 좋아서 날아갈 것 같아.	N	2022-06-29 13:39:06	2022-11-08 03:58:05
BE22005234	2	1	날아갈 정도로 너의 기분을 좋게 만든 일이 무엇일까?	N	2022-06-29 13:39:06	2022-11-08 03:58:05
BE22005234	3	0	너 포켓몬 빵 알지? 그 빵을 정말 구하기 어려웠는데 오늘 드디어 구했어.	N	2022-06-29 13:39:06	2022-11-08 03:58:05
BE22005234	4	1	요즘 인기 폭발이라는 그 빵? 대체 어떻게 구한 거야? 너 정말 대단하다.	N	2022-06-29 13:39:06	2022-11-08 03:58:05
BE22005234	5	0	그 빵을 정말 구하기 어려웠는데 운이 좋았어. 오늘 편의점 앞에서 선착순으로 포켓몬 빵을 구입하는 데 성공했어. 너무 기뻐.	N	2022-06-29 13:39:06	2022-11-08 03:58:05
BE22005234	6	1	네가 그렇게 열심히 포켓몬 빵을 찾아다니더니 드디어 구했구나! 정말 축하해. 너 오늘 절대 잊지 못하겠는데.	N	2022-06-29 13:39:06	2022-11-08 03:58:05
BE22005234	7	0	당연하지. 편의점에서도 경쟁이 꽤 치열해서 못 살뻔했어. 다행히도 정말 운 좋게 구매했지 뭐야.	N	2022-06-29 13:39:06	2022-11-08 03:58:05
BE22005234	8	1	구하기 정말 힘들다는 포켓몬 빵을 손에 쥐었구나. 치열한 경쟁률을 뚫고 선착순으로 구매했다니 내가 다 뿌듯하고 기쁜걸?	N	2022-06-29 13:39:06	2022-11-08 03:58:05
BE22005234	9	0	내 뒤로도 줄이 길게 늘어섰지만 딱 내 차례까지만 구입이 가능했어. 그래서 더 행복한 거 있지. 굉장히 짜릿했어.	N	2022-06-29 13:39:06	2022-11-08 03:58:05
BE22005234	10	1	딱 너까지만 구입이 가능했다니 정말 기분이 짜릿하겠다. 나도 영화 굿즈를 구매할 때 그런 적이 있었는데 정말 행복하더라니까.	N	2022-06-29 13:39:06	2022-11-08 03:58:05
BE22005234	11	0	포켓몬 빵을 먹어봤는데, 빵도 맛있고 안에 있는 스티커도 참 귀엽더라. 여러모로 행복한 날이야.	N	2022-06-29 13:39:06	2022-11-08 03:58:05
BE22005234	12	1	네가 스티커 모으는 것 좋아하잖아. 요즘 그 스티커 시세가 천정부지로 올라서 그걸로 제테크를 하는 사람도 있대. 네가 결국 그 스티커를 손에 쥐다니 너무 부러워.	N	2022-06-29 13:39:06	2022-11-08 03:58:05
BE22005234	13	0	너랑 이 기쁨을 나눌 수 있어서 너무 기뻐. 조만간 만나면 너에게도 포켓몬 빵 하나 줄게.	N	2022-06-29 13:39:06	2022-11-08 03:58:05
BE22005234	14	1	정말이야? 그럼 나야 너무 고맙지. 너처럼 성격 좋은 친구를 둔 나는 행운아야!	N	2022-06-29 13:39:06	2022-11-08 03:58:05
BE22005234	15	0	당연하지. 네가 나와 기쁨을 나눈 것처럼 나도 너와 포켓몬 빵을 나눌게. 고마워!	Y	2022-06-29 13:39:06	2022-11-08 03:58:05
