id	utterance_id	utterance_type	utterance_text	terminate	regDate	updDate
BE22002701	1	0	공감화자야, 뭐,해? 나 드디어 마음의 짐을 내려놓은,거 같아.	N	2022-06-22 10:27:46	2022-11-08 03:41:52
BE22002701	2	1	나 그냥 누워서 핸드폰 하고 있었어. 무슨,일 있어?	N	2022-06-22 10:27:46	2022-11-08 03:41:52
BE22002701	3	0	응. 몇 달 전에 헤어진 여자 친구 있잖아. 드디어 새 남자 친구가 생겼더라고. 너무 다행이야. 나 이제 마음이 편안해졌어.	N	2022-06-22 10:27:46	2022-11-08 03:41:52
BE22002701	4	1	아, 너를 엄청 좋아해줘서 사귀었는데 네가 마음이 없어서 찼다는 그 아이? 네가 많이 미안해하고 마음의 짐처럼 여겼는데 다행이네. 네가 이제 마음이 편안하겠어.	N	2022-06-22 10:27:46	2022-11-08 03:41:52
BE22002701	5	0	맞아. 지금 기분이 너무 좋아. 마음이 많이 안정됐어. 항상 신경 쓰였거든.	N	2022-06-22 10:27:46	2022-11-08 03:41:52
BE22002701	6	1	그럴만하지. 헤어질 때도 너 엄청 잡았다며. 미안하고 마음 쓰여서 항상 행복해지길 바랐잖아.	N	2022-06-22 10:27:46	2022-11-08 03:41:52
BE22002701	7	0	맞아. 좋은 남자 얼른 만나서 나로 인해 받은 상처를 치유하길 바랐었지. 드디어 내가 바라던 상황이 와서 기분이 너무 홀가분해.	N	2022-06-22 10:27:46	2022-11-08 03:41:52
BE22002701	8	1	어떻게 보면 헤어진 여자 친구가 새 남자 친구 사귄 거에 대해 질투할 수도 있는데. 진심으로 그 아이의 행복을 빌어주는 네 마음도 참 예쁘다.	N	2022-06-22 10:27:46	2022-11-08 03:41:52
BE22002701	9	0	질투할 게 뭐가 있어. 애초에 내가 마음이 없는데 그 아이의 마음이 고마워서 사귀었던 거잖아. 미안하고 고마운 마음에 항상 행복하길 바랐는데 다행이야.	N	2022-06-22 10:27:46	2022-11-08 03:41:52
BE22002701	10	1	그래도 괜히 내가 가지기는 싫고 남 주기는 싫은 못된 심보 가진 남자들도 많잖아. 그러고 보면 네가 참 인성이 훌륭한 거지.	N	2022-06-22 10:27:46	2022-11-08 03:41:52
BE22002701	11	0	내가 그 아이에게 큰 상처를 주긴 했지만 그렇게까지 나쁜 사람은 아니라고! 아무튼 이 얘기해주고 싶었어. 너도 나랑 같이 고민 많이 해줬잖아.	N	2022-06-22 10:27:46	2022-11-08 03:41:52
BE22002701	12	1	그랬었지. 나도 몇 번 본 적 있는 친구기도 했고. 그 아이의 행복한 소식에 네가 기분 좋아하니까 나도 덩달아 마음이 놓이고 기뻐지네.	N	2022-06-22 10:27:46	2022-11-08 03:41:52
BE22002701	13	0	같이 기뻐해줘서 나도 기뻐. 아무튼 앞으로도 그 아이의 연애가 행복하길 바라야지. 오늘 기분 좋으니까 내가 치맥 쏠게, 나와.	N	2022-06-22 10:27:46	2022-11-08 03:41:52
BE22002701	14	1	오? 너무 좋지. 금방 준비하고 나갈게. 이따 보자.	Y	2022-06-22 10:27:46	2022-11-08 03:41:52
