id	utterance_id	utterance_type	utterance_text	terminate	regDate	updDate
BE22005449	1	0	나 오늘 욕실 분위기를 바꾸려고 전구를 몇 개 달았더니 더 따뜻해진 것 같아. 너무 만족스러워.	N	2022-06-30 14:33:33	2022-11-08 03:59:31
BE22005449	2	1	와 그걸 혼자서 했단 말이야? 정말 대단한걸? 잘 되었다니 정말 다행이다!	N	2022-06-30 14:33:33	2022-11-08 03:59:31
BE22005449	3	0	처음엔 어려울 것 같아서 시도할 엄두도 안 났어. 하지만 막상 해보니까 너무 재밌고 또 하고 싶어져!	N	2022-06-30 14:33:33	2022-11-08 03:59:31
BE22005449	4	1	성공했을 때의 그 기분은 정말 말로 표현할 수 없을 정도로 짜릿하지! 네가 기뻐하는 모습을 보니 나도 정말 기쁘다.	N	2022-06-30 14:33:33	2022-11-08 03:59:31
BE22005449	5	0	정말 그런 것 같아. 지금 완전 빠져서 인테리어에 대해서 이것저것 알아보고 있거든. 완전 흐름을 탄 것 같아.	N	2022-06-30 14:33:33	2022-11-08 03:59:31
BE22005449	6	1	자신감에 불이 붙었구나! 정말 보기 좋다. 실패를 두려워서 시도조차 안 하는 사람도 많은데 정말 대단해!	N	2022-06-30 14:33:33	2022-11-08 03:59:31
BE22005449	7	0	역시 도전을 해서 얻은 성취감은 말로 표현할 수 없을 정도로 좋은 것 같아. 오늘 기분이 최근 며칠 중에 가장 좋은 것 같아.	N	2022-06-30 14:33:33	2022-11-08 03:59:31
BE22005449	8	1	와 지금 기세로는 하늘의 별도 딸 수 있겠는걸? 너에게서 자신감과 알 수 없는 에너지가 느껴지는 것만 같아!	N	2022-06-30 14:33:33	2022-11-08 03:59:31
BE22005449	9	0	맞아 뭐든 할 수 있을 것 같은 기분이야! 왜 이걸 이제야 시도했을까? 조금 더 빨리 시도해볼걸.	N	2022-06-30 14:33:33	2022-11-08 03:59:31
BE22005449	10	1	그래도 첫 시도에 이렇게 성공하는 걸 보면 너에게도 재능이 있는 것 같아! 한번 이 분야를 취미로 삼아 보는 건 어때? 넌 정말 잘 할 수 있을 것 같아!	N	2022-06-30 14:33:33	2022-11-08 03:59:31
BE22005449	11	0	와 정말 그렇게 생각해? 그것도 좋은 아이디어인걸? 한번 정말 도전해서 더 실력을 키워볼까봐!	N	2022-06-30 14:33:33	2022-11-08 03:59:31
BE22005449	12	1	진심이야! 너에게서 이 정도의 즐거움을 느끼는 게 얼마 만인지 모르겠어. 아마 네가 진정으로 좋아하는 일을 찾은 것일지도 몰라!	N	2022-06-30 14:33:33	2022-11-08 03:59:31
BE22005449	13	0	내가 생각해도 그런 것 같아. 어쩌다가 도전해본 일인데 이렇게 즐겁다니. 너무 행복해.	N	2022-06-30 14:33:33	2022-11-08 03:59:31
BE22005449	14	1	나중에 정말 실력이 좋아지면 내 방도 예쁘게 꾸며줘! 네 솜씨면 분명 세상에서 가장 아름다운 방이 될 거야!	N	2022-06-30 14:33:33	2022-11-08 03:59:31
BE22005449	15	0	내가 꼭 성공해서 네 방부터 예쁘게 꾸며줄게!	Y	2022-06-30 14:33:33	2022-11-08 03:59:31
