id	utterance_id	utterance_type	utterance_text	terminate	regDate	updDate
BE22005940	1	0	나 드디어 대학에 입학해. 나 너무 기뻐 어떡하지?	N	2022-07-04 04:46:28	2022-11-08 04:02:38
BE22005940	2	1	뭐? 대학에 합격했다고? 정말 축하해 친구야. 이건 다 너의 노력의 결과야!	N	2022-07-04 04:46:28	2022-11-08 04:02:38
BE22005940	3	0	그렇게 말해줘서 고마워. 내가 대학에 입학하게 된다니 믿기지가 않아. 정말 너무 행복해.	N	2022-07-04 04:46:28	2022-11-08 04:02:38
BE22005940	4	1	너가 합격해서 기뻐하니 나까지 덩달아 행복해지네. 너의 기분을 지금 말로 형용할 수 없을 거 같아. 너무 신나겠다.	N	2022-07-04 04:46:28	2022-11-08 04:02:38
BE22005940	5	0	그동안 대학에 합격하지 못 할까 봐 걱정을 많이 했는데 정말 다행이야. 너무 기뻐서 웃음이 막 절로 나와.	N	2022-07-04 04:46:28	2022-11-08 04:02:38
BE22005940	6	1	왜 기쁘지 않겠어. 내가 옆에서 너의 노력을 봐왔었잖아. 난 너가 분명 붙을 거라고 확신하고 있었어.	N	2022-07-04 04:46:28	2022-11-08 04:02:38
BE22005940	7	0	내가 정말 대입 입시에 스트레스를 정말 많이 받았었잖아. 그때 받았던 스트레스가 다 날아가는 기분이야. 정말 후련하고 기분 좋다.	N	2022-07-04 04:46:28	2022-11-08 04:02:38
BE22005940	8	1	너가 지금 얼마나 기분이 좋을지 상상도 안 되는걸. 난 너가 시험을 준비하면서 공부하는 모습을 보고 정말 존경스러웠어. 너처럼 열심히 한 친구를 본 적이 없다니까.	N	2022-07-04 04:46:28	2022-11-08 04:02:38
BE22005940	9	0	그렇게 말해줘서 고마워. 정말 보상받는 기분이 드네.	N	2022-07-04 04:46:28	2022-11-08 04:02:38
BE22005940	10	1	너는 성격도 좋아서 대학에 입학하고 나서 분명 더 재밌게 생활할 수 있을 거야. 너의 빛나는 대학생활을 나도 응원할게. 다시 한번 너무 축하해.	N	2022-07-04 04:46:28	2022-11-08 04:02:38
BE22005940	11	0	아직 부모님께 말하지 않았는데 얼른 말씀드려야겠지?	N	2022-07-04 04:46:28	2022-11-08 04:02:38
BE22005940	12	1	당연하지. 너의 이 소식을 누구보다 기뻐하실 분이 너희 부모님이실 거야. 얼른 가서 이 좋은 소식을 전달해드려.	N	2022-07-04 04:46:28	2022-11-08 04:02:38
BE22005940	13	0	그래야겠어. 오늘 부모님이 이 소식을 듣고 정말 좋아하실 거 같아. 나 아직도 믿기지 않아.	N	2022-07-04 04:46:28	2022-11-08 04:02:38
BE22005940	14	1	오늘 이 행복 아낌없이 누리렴. 너는 이런 기분을 누려도 될 자격이 충분한 사람이야. 오늘 하루 너가 정말 그 누구보다 행복하게 보냈으면 좋겠다.	N	2022-07-04 04:46:28	2022-11-08 04:02:38
BE22005940	15	0	너 덕분에 내 기분도 배로 좋아졌어. 너무 고마워.	Y	2022-07-04 04:46:28	2022-11-08 04:02:39
