id	utterance_id	utterance_type	utterance_text	terminate	regDate	updDate
BE22002728	1	0	안녕 친구야 잘 지내니?	N	2022-06-22 12:26:43	2022-11-08 03:42:02
BE22002728	2	1	물론 나야 잘 지내지. 오랜만이다. 너는 별일 없이 지내?	N	2022-06-22 12:26:43	2022-11-08 03:42:02
BE22002728	3	0	응 잘 지낸다니 좋다. 나도 아주 잘 지내서 자랑하려고 연락했어. 나 이번에 결혼하거든.	N	2022-06-22 12:26:43	2022-11-08 03:42:02
BE22002728	4	1	어 정말? 너무 축하한다! 계속 사귀던 사람? 결혼식은 언제야? 꼭 갈게.	N	2022-06-22 12:26:43	2022-11-08 03:42:02
BE22002728	5	0	응 4년 동안 사귀었던 사람이야. 결혼식은 3달 뒤에 하고 민속촌에서 전통혼례로 하기로 했어!	N	2022-06-22 12:26:43	2022-11-08 03:42:02
BE22002728	6	1	우와! 정말 놀랍다. 네가 결혼한다는 소식도 놀랍고 전통혼례로 한다는 소식도 너무 놀라운걸. 전통혼례로 결정한 이유가 있었어?	N	2022-06-22 12:26:43	2022-11-08 03:42:02
BE22002728	7	0	응, 나는 남들이 다 하는 방식 말고 내 결혼식은 특별한 방식으로 했으면 좋겠거든. 그리고 우리는 친척들이랑도 친하고 양가 할머니 할아버지도 다 살아계셔서 전통혼례가 좋겠다고 생각했어. 가족들도 다 좋아하더라.	N	2022-06-22 12:26:43	2022-11-08 03:42:02
BE22002728	8	1	멋지다. 나도 영상으로 봤었는데 전통혼례만의 느낌이 있더라. 한복도 멋있고 다 같이 모여서 축하해 주는 느낌이 더 강한 모습이었어.	N	2022-06-22 12:26:43	2022-11-08 03:42:02
BE22002728	9	0	그치? 나도 영상도 많이 찾아봤는데 꼭 해보고 싶은 생각이 더 커지더라. 넓은 마당에서 전통음악을 듣고 알록달록한 비단옷에 둘러싸여 축하받을 생각을 하니 정말 기대돼!	N	2022-06-22 12:26:43	2022-11-08 03:42:02
BE22002728	10	1	그렇겠다. 내가 다 두근두근하는걸. 그래도 실제로 전통혼례를 올리려면 고민할 게 많았을 텐데, 대단하다. 이렇게 추진력 있고 도전하는 모습 꾸준히 이어가는 모습 한결같다.	N	2022-06-22 12:26:43	2022-11-08 03:42:02
BE22002728	11	0	칭찬 고마워! 가족들이 지지해 줬기 때문이야.	N	2022-06-22 12:26:43	2022-11-08 03:42:02
BE22002728	12	1	가족들도 너를 믿으니까 같이 공감해 줬을 것 같아. 앞으로 새로운 가족을 만들어도 너는 멋지게 해낼 거야. 이제 그 시작이네.	N	2022-06-22 12:26:43	2022-11-08 03:42:02
BE22002728	13	0	정말 그럴까? 사실 걱정도 되고 기대도 됐었어. 네 말을 들으니 결혼식도 결혼 생활도 잘 할 수 있을 것 같은 기분이 들어. 고마워!	N	2022-06-22 12:26:43	2022-11-08 03:42:02
BE22002728	14	1	별말씀을! 이번 결혼식 꼭 갈게. 나도 네가 올리게 될 결혼식 보고 싶다. 조만간 또 보자!	Y	2022-06-22 12:26:43	2022-11-08 03:42:02
