id	utterance_id	utterance_type	utterance_text	terminate	regDate	updDate
BE22003778	1	0	나 드디어 이번 시즌 컬렉션을 다 모았어. 진열장 볼 때마다 감격스럽다.	N	2022-06-26 06:24:00	2022-11-08 03:48:45
BE22003778	2	1	인형 모으는 네 유일한 취미 말하는 거지? 제일 큰 거 돈 모아 사려면 한 달은 걸리겠다더니, 빨리 모았네?	N	2022-06-26 06:24:00	2022-11-08 03:48:45
BE22003778	3	0	남자 친구한테 진열장 보여준 적 있거든, 지난번 데이트 때 한정판 인형 딱 구해온 거 있지? 보자마자 너무 신나서 소리 질렀잖아.	N	2022-06-26 06:24:00	2022-11-08 03:48:45
BE22003778	4	1	네가 구체적으로 말한 것도 아닐 텐데, 알아서 사 온 거잖아. 보통 관심으론 어림도 없을 텐데 행복한 비명이 나올 만해.	N	2022-06-26 06:24:00	2022-11-08 03:48:45
BE22003778	5	0	취미생활 오픈할 때도 나이 서른에 이상하게 보이는 건 아닐까, 걱정했거든. 이해해 주는 것도 고마운데, 선물까지 받으니까 가슴이 뭉클해서 눈물이 나더라.	N	2022-06-26 06:24:00	2022-11-08 03:48:45
BE22003778	6	1	구하기 쉬운 인형도 아니고 한정판인데, 구하기 진짜 힘들었을걸? 나 같아도 감동에 눈물 쏟아졌을 것 같아. 옆에서 보는 내가 다 훈훈하다.	N	2022-06-26 06:24:00	2022-11-08 03:48:45
BE22003778	7	0	남자 친구 취미가 가구 제작이거든, 진열장 보더니 좀 작을 것 같다고. 새로 손수 진열장도 맞춰주겠대. 이런 남자 친구는 처음이라 내가 무슨 복 받았나 싶어.	N	2022-06-26 06:24:00	2022-11-08 03:48:45
BE22003778	8	1	나도 네 연애사 많이 들었지만. 이렇게 적극 취미생활 응원해 주는 남자 친구 처음 봤어. 드디어 꽃길만 걷는구나.	N	2022-06-26 06:24:00	2022-11-08 03:48:45
BE22003778	9	0	남자 친구도 피겨 모으는 걸 좋아해서, 내 마음을 잘 헤아려 주는 것 같기도 해. 수집가의 마음을 아는 거지.	N	2022-06-26 06:24:00	2022-11-08 03:48:45
BE22003778	10	1	남자 친구랑 비슷한 취미생활이라니 너무 부럽다. 그 정도면 천생연분 아니야? 결혼까지 생각해도 되겠어.	N	2022-06-26 06:24:00	2022-11-08 03:48:45
BE22003778	11	0	어머 예리한 친구 같으니라고, 사실 부끄러워서 나중에 얘기하려고 했는데. 프러포즈도 같이 받았어. 함께 즐겁게 늙어가자고 하면서.	N	2022-06-26 06:24:00	2022-11-08 03:48:45
BE22003778	12	1	정말이니? 진짜 축하해 너 남자 친구랑 결혼하고 싶어 했잖아. 어쩐지 요즘 생기가 차오르는 느낌이었거든.	N	2022-06-26 06:24:00	2022-11-08 03:48:45
BE22003778	13	0	응. 곧 결혼 전 신부파티 준비할 건데. 네가 없으면 안 돼. 참석해 줄 거지?	N	2022-06-26 06:24:00	2022-11-08 03:48:45
BE22003778	14	1	당연하지. 그날 접시 깨지도록 노는 거야. 너무 기대된다.	Y	2022-06-26 06:24:00	2022-11-08 03:48:45
