id	utterance_id	utterance_type	utterance_text	terminate	regDate	updDate
BE22005103	1	0	뭐 하고 있어?	N	2022-06-29 07:28:53	2022-11-08 03:57:13
BE22005103	2	1	나 그냥 침대에 누워서 잘 준비하고 있지. 밤늦은 시간에 웬일이래.	N	2022-06-29 07:28:53	2022-11-08 03:57:13
BE22005103	3	0	내가 마침내 자기소개서를 다 작성하고 제출했다. 하하.	N	2022-06-29 07:28:53	2022-11-08 03:57:13
BE22005103	4	1	이야. 수고 많았다. 그동안 글 안 써진다고 마음고생 많이 하더니. 너무 축하해!	N	2022-06-29 07:28:53	2022-11-08 03:57:13
BE22005103	5	0	응. 그래도 뭔가 오늘 자정까지라는 시간제한이 있으니, 또 어떻게 써지긴 하더라고. 그동안 너무 힘들었는데, 마감을 해서 너무 만족스러워!	N	2022-06-29 07:28:53	2022-11-08 03:57:13
BE22005103	6	1	진짜 개운하겠어! 힘든 부분은 다 끝났네. 지금 쓴 곳이 네가 제일 가고 싶어하던 곳이지?	N	2022-06-29 07:28:53	2022-11-08 03:57:13
BE22005103	7	0	응. 내 꿈의 회사! 진짜 열과 성의를 다해 완벽하게 써서 냈지. 내 마스터피스야.	N	2022-06-29 07:28:53	2022-11-08 03:57:13
BE22005103	8	1	그렇게까지 말하다니 정말 대단한가본데? 이번에는 정말 좋은 결과 있을 거야. 기대된다. 이제 너의 빛을 발휘할 때가 온 거야.	N	2022-06-29 07:28:53	2022-11-08 03:57:13
BE22005103	9	0	나도 그러면 좋겠다. 설령 안돼도 뭔가 나의 최대치를 보여줘서, 후회는 없을 것 같아. 끝낸 것만으로 후련해!	N	2022-06-29 07:28:53	2022-11-08 03:57:14
BE22005103	10	1	응. 그동안 진짜 열심히 최선을 다해서 썼잖아. 옆에서 볼 때 많이 힘들어 보였는데 이렇게 잘 끝내다니 내가 더 기쁘다!	N	2022-06-29 07:28:53	2022-11-08 03:57:14
BE22005103	11	0	고마워. 그렇게 말해줘서! 옆에서 많이 징징댔는데 잘 토닥여준 네 덕분이지.	N	2022-06-29 07:28:53	2022-11-08 03:57:14
BE22005103	12	1	하하하. 그래. 술이나 한잔 하자! 내가 살게.	N	2022-06-29 07:28:53	2022-11-08 03:57:14
BE22005103	13	0	아하하하! 고마워. 너무 좋지! 금요일에 너 퇴근하고 볼까?	N	2022-06-29 07:28:53	2022-11-08 03:57:14
BE22005103	14	1	좋아. 그때 보자. 기대되는걸.	Y	2022-06-29 07:28:53	2022-11-08 03:57:14
