id	utterance_id	utterance_type	utterance_text	terminate	regDate	updDate
BE22004594	1	0	친구야! 오늘 저녁에 다 모이자! 내가 밥 살게!	N	2022-06-28 07:58:35	2022-11-08 03:53:57
BE22004594	2	1	무슨 일이야? 네가 밥을 산다니. 좋은 일 있어? 궁금해.	N	2022-06-28 07:58:35	2022-11-08 03:53:57
BE22004594	3	0	지난달에 내가 디자인 공모전 작품 제출한 거 알지? 나 거기서 상 받았어!	N	2022-06-28 07:58:35	2022-11-08 03:53:57
BE22004594	4	1	뭐? 진짜야! 너무 놀라고 기뻐. 역시 멋진 내 친구 정말 축하해. 근데 무슨 상 받은 거야?	N	2022-06-28 07:58:35	2022-11-08 03:53:57
BE22004594	5	0	너무 놀라지 마라! 나 무려 대상 받았어! 지금 너무 기뻐서 손이 다 떨려.	N	2022-06-28 07:58:35	2022-11-08 03:53:57
BE22004594	6	1	그간의 네 모습이 떠올라 갑자기 눈물 날 것 같아. 이번에 네가 잠도 줄여 가며 가진 실력을 전부 쏟아부었잖아. 그러니 정말 컸던 네 노력의 크기와 고민의 시간 대상이라는 보상으로 돌아오는구나.	N	2022-06-28 07:58:35	2022-11-08 03:53:57
BE22004594	7	0	고마워. 항상 이렇게 응원해 주는 친구 덕분에 내가 힘을 낼 수 있었지.	N	2022-06-28 07:58:35	2022-11-08 03:53:57
BE22004594	8	1	내가 옛날부터 타고난 실력이 좋은 건 알고 있었어. 그래서 네 작품도 진심으로 좋아해서 내가 너를 더 응원한 거잖아! 실력 좋은 사람이 치열하게 노력까지 하니까 이런 대단한 결과가 나오는구나.	N	2022-06-28 07:58:35	2022-11-08 03:53:57
BE22004594	9	0	지난번에 내 실력만 자신하고 공모전 도전했다가 탈락하고 좀 부끄럽고 깨달은 게 있었지, 뭐야.	N	2022-06-28 07:58:35	2022-11-08 03:53:57
BE22004594	10	1	지난번에는 행운이 다른 사람의 차례였을지 모르지만. 실력 좋고 성실한 네가 포기하지 않고 도전하니까 이번에는 너에게 기회가 온 거지.	N	2022-06-28 07:58:35	2022-11-08 03:53:57
BE22004594	11	0	나 사실 조금 전까지 결과가 믿어지지 않았어. 그런데 네가 이렇게 자꾸 띄워주니까 이제 조금 이 상이 내 것 같은 기분이 드네.	N	2022-06-28 07:58:35	2022-11-08 03:53:57
BE22004594	12	1	나도 사실 너무 큰 상이라 잠깐 이게 진짜인가 싶었어. 하지만 이번에 네 작품과 과정을 떠올리니 역시 노력은 배신을 하지 않는군 싶다니까.	N	2022-06-28 07:58:35	2022-11-08 03:53:57
BE22004594	13	0	그래, 고맙다. 친구야! 계속 노력해서 더 좋은 작품 하라는 뜻으로 알아들을게.	N	2022-06-28 07:58:35	2022-11-08 03:53:57
BE22004594	14	1	나도 가까운 내 친구가 이런 멋진 사람이라 고마워! 네 다음 작품을 또 기대하게 되는구나. 그런 의미에서 이번 저녁은 내가 사야겠는걸.	N	2022-06-28 07:58:35	2022-11-08 03:53:57
BE22004594	15	0	아니야. 그동안 너희들이 믿고 응원해준 거 오늘 다 보답할게. 저녁에 만나자.	N	2022-06-28 07:58:35	2022-11-08 03:53:57
BE22004594	16	1	알았어! 오늘은 너의 날이니까 밤새도록 축하해줄게.	Y	2022-06-28 07:58:35	2022-11-08 03:53:58
