id	utterance_id	utterance_type	utterance_text	terminate	regDate	updDate
BE22002473	1	0	퇴근하고 바로 집으로 갈 수 있다니 너무 좋아!	N	2022-06-21 15:46:10	2022-11-08 03:40:26
BE22002473	2	1	네가 그렇게 기뻐하니까 나까지 신이 난다. 집에 가서 뭐 할 거야?	N	2022-06-21 15:46:10	2022-11-08 03:40:26
BE22002473	3	0	집에 가면 우선 씻고 미뤄둔 드라마랑 영화 볼 거야. 퇴근 후에 만날 사람이 없다는 게 이렇게 홀가분한 일이라니.	N	2022-06-21 15:46:10	2022-11-08 03:40:26
BE22002473	4	1	그동안 회식이다 모임이다 끌려다니느라 고생많았는데, 네가 자유를 찾은 모습을 보니까 내 마음이 다 들뜨네.	N	2022-06-21 15:46:10	2022-11-08 03:40:26
BE22002473	5	0	남들은 퇴근하고 나서 혼자 집에 가면 쓸쓸하다는데, 나는 그런 마음이 전혀 안 들어. 빨리 집에 가서 혼자 있고 싶어.	N	2022-06-21 15:46:10	2022-11-08 03:40:26
BE22002473	6	1	내성적인 사람으로서 나도 네 말에 십분 공감해. 집에서 혼자 하루를 정리하면서 쉬는 시간도 너무 중요하잖아.	N	2022-06-21 15:46:10	2022-11-08 03:40:26
BE22002473	7	0	퇴근한 다음에 다른 사람들 만나서 밥 먹고 술 마시는 것도 재미는 있어. 하지만 네 말대로 집에서 혼자 보내는 시간도 너무 소중해.	N	2022-06-21 15:46:10	2022-11-08 03:40:26
BE22002473	8	1	몇 주 동안 힘들었으니까 당분간 약속 잡지 말고 퇴근하면 곧장 집으로 가서 푹 쉬어.	N	2022-06-21 15:46:10	2022-11-08 03:40:26
BE22002473	9	0	그러려고. 한동안은 퇴근 이후에 아무도 안 만날 거야.	N	2022-06-21 15:46:10	2022-11-08 03:40:26
BE22002473	10	1	재충전의 시간을 충분히 가져야 회사에서 일도 잘 할 수 있는 것 같아. 과하게 에너지 소비하다가는 번아웃이 올 수도 있으니까 조심해야 해.	N	2022-06-21 15:46:10	2022-11-08 03:40:26
BE22002473	11	0	당연하지. 내 마음을 알아주는 너 같은 친구가 있어서 기분이 좋다. 퇴근 이후에 약속 없으면 이상하게 생각하는 사람도 많잖아.	N	2022-06-21 15:46:10	2022-11-08 03:40:26
BE22002473	12	1	나는 당연히 네 마음 알지. 퇴근이 곧장 귀가로 이어지는 게 얼마나 행복한 일인데.	N	2022-06-21 15:46:10	2022-11-08 03:40:26
BE22002473	13	0	맞아. 약속은 주말에 잡는 걸로도 충분한 것 같아. 앞으로 스케줄 조절 잘하면서 내 시간을 지켜야겠어.	N	2022-06-21 15:46:10	2022-11-08 03:40:26
BE22002473	14	1	그런 너의 태도에 박수를 보내고 싶어. 너처럼 내 몸과 내 시간을 잘 돌보는 게 진짜 어른다운 일이라고 생각해.	N	2022-06-21 15:46:10	2022-11-08 03:40:26
BE22002473	15	0	너랑 이렇게 이야기하니까 집에 가는 길이 한층 더 기분 좋다. 정말 고마워!	Y	2022-06-21 15:46:10	2022-11-08 03:40:26
