id	utterance_id	utterance_type	utterance_text	terminate	regDate	updDate
BE22003590	1	0	친구야. 나 오늘 오전에 엄마 생일선물 사러 백화점에 갔었어.	N	2022-06-25 08:10:52	2022-11-08 03:47:32
BE22003590	2	1	정말? 무슨 선물을 샀는데? 어머님 생일선물로 백화점에 가서 사다니 돈을 꽤 많이 썼겠는걸?	N	2022-06-25 08:10:52	2022-11-08 03:47:32
BE22003590	3	0	응 맞아. 큰 마음먹고 생일선물로 순금팔찌를 구매하고 왔어. 선물을 내 돈으로 직접 사니 너무 뿌듯한 거 있지?	N	2022-06-25 08:10:52	2022-11-08 03:47:32
BE22003590	4	1	그렇지. 정말 너는 부모님 생일선물까지 고민고민을 하더니 정말 효심이 지극하구나. 만족스러운 선물을 잘 골라서 정말 다행이야.내가 다 뿌듯하다.	N	2022-06-25 08:10:52	2022-11-08 03:47:32
BE22003590	5	0	그래? 너도 함께 기뻐해 줘서 고마워. 오랜 수험생활 끝에 원하는 곳에 취업해서 부모님께 감사한 마음에 조금 큰 금액의 선물을 골랐어. 그동안의 도움에 보답해드리는 마음으로 준비해서 마음에 들어.	N	2022-06-25 08:10:52	2022-11-08 03:47:32
BE22003590	6	1	그래? 나도 그 기분 너와같이 느낄 수 있게 더 열심히 시험 준비를 해야겠다. 만족스럽게 선물을 골랐다니 너무 기분이 좋다. 보는 안목이 뛰어난 너는 분명 예쁜 선물을 골랐을 것 같아.	N	2022-06-25 08:10:52	2022-11-08 03:47:32
BE22003590	7	0	고마워 칭찬해줘서. 나도 순금팔찌는 처음이어서 인터넷으로 검색도 많이 해 보았는데 엄마가 맘에 들어 하실지 모르겠다. 나는 만족스러운데 엄마도 만족스러우셨으면 좋겠어.	N	2022-06-25 08:10:52	2022-11-08 03:47:32
BE22003590	8	1	당연하지. 어머님은 너가 생일선물로 이런 기특한 마음을 담아 준비한 거에서부터 이미 감동 가득하실 거라고 생각해. 언제나 부모님을 생각하는 너의 마음이 나에게도 이렇게 예쁘게 느껴지는데 말이야.	N	2022-06-25 08:10:52	2022-11-08 03:47:32
BE22003590	9	0	그래? 너가 말해준 대로 엄마께서도 잘 알아주시면 너무 좋겠다. 내일 아침에 꽃도 사러 가려고. 같이 드리면 좋아하실 것 같아서.	N	2022-06-25 08:10:52	2022-11-08 03:47:32
BE22003590	10	1	우와. 정말 무조건 만족하실 선물이야. 꽃과 순금팔찌라니 어머님 자랑하시겠다 친구분들께. 너무 훌륭한 선물인 것 같아.	N	2022-06-25 08:10:52	2022-11-08 03:47:32
BE22003590	11	0	이렇게 내 만족스러운 기분을 너와 함께 공유할 수 있어서 너무 다행이야. 그리고 나만 만족한 것은 아닌지 걱정했던 마음도 안심시켜줘서 고맙고.	N	2022-06-25 08:10:52	2022-11-08 03:47:32
BE22003590	12	1	그래? 다행이다. 나도 너가 이렇게 행복하고 뿌듯한 일을 한 것을 나에게 제일 먼저 공유해줘서 너무 고마워. 다음번에 우리 부모님 선물 사러 갈 때 너에게 함께 골라달라고 부탁해도 될까?	N	2022-06-25 08:10:52	2022-11-08 03:47:32
BE22003590	13	0	당연하지. 너도 어서 시험에 합격해서 좋은 선물 큰 마음먹고 드리면 너무 좋을 것 같다! 내가 그 완벽한 하루에 함께 할 수 있다면 영광이지.	N	2022-06-25 08:10:52	2022-11-08 03:47:32
BE22003590	14	1	내 제안에 흔쾌히 좋다고 해주어서 너무 고마워. 오늘내일 어머님 생일선물 잘 고르고 만족스럽게 드리고 연락줘. 기다리고 있을게!	N	2022-06-25 08:10:52	2022-11-08 03:47:32
BE22003590	15	0	그래. 너무 고마워. 나도 이제 편지쓰러 가봐야겠다. 공부 열심히 마무리해!	Y	2022-06-25 08:10:52	2022-11-08 03:47:33
