id	utterance_id	utterance_type	utterance_text	terminate	regDate	updDate
BE22002592	1	0	나 얼마 전에 여행지에서 휴대폰 잃어버렸다? 그런데 너무너무 기뻤어.	N	2022-06-22 06:09:52	2022-11-08 03:41:11
BE22002592	2	1	무슨 말이야? 휴대폰을 잃어버렸는데 어떻게 기쁠 수가 있어?	N	2022-06-22 06:09:52	2022-11-08 03:41:11
BE22002592	3	0	내 휴대폰을 찾아준 남자랑 데이트를 했거든. 정말 운명적인 만남이지 않니?	N	2022-06-22 06:09:52	2022-11-08 03:41:11
BE22002592	4	1	세상에. 너무 로맨틱하다! 여행지에서 만난 사랑이라니, 누구나 한 번쯤 꿈꿀 만한 이야기잖아.	N	2022-06-22 06:09:52	2022-11-08 03:41:11
BE22002592	5	0	그러니까 말이야. 심지어 대화도 잘 통하고 외적인 모습도 너무 내 이상형이야.	N	2022-06-22 06:09:52	2022-11-08 03:41:11
BE22002592	6	1	정말 신기하다. 그런 걸 운명이라고 하나 봐. 지금도 연락하고 지내?	N	2022-06-22 06:09:52	2022-11-08 03:41:11
BE22002592	7	0	응. 조만간 사귀게 될 것 같아. 휴대폰 잃어버린 일 하나로 이렇게 좋은 사람을 만나게 되다니, 너무 기쁘고 행복해.	N	2022-06-22 06:09:52	2022-11-08 03:41:11
BE22002592	8	1	그러게. 휴대폰을 잃어버렸을 당시에만 해도 얼마나 마음을 졸였을 거야. 그 일이 좋은 인연을 물고 오다니, 인생은 참 알 수 없어서 아름다운 것 같아.	N	2022-06-22 06:09:52	2022-11-08 03:41:11
BE22002592	9	0	네 말이 맞아. 인생은 참 알 수 없이 흘러가는 듯해. 이 남자랑도 앞으로 어떻게 될지 알 수 없지만 그냥 순간을 즐겨볼까 해.	N	2022-06-22 06:09:52	2022-11-08 03:41:11
BE22002592	10	1	너는 참 용기 있고 현명한 사람 같아. 사람을 의심하거나 두려워하지 않잖아. 좋은 사람을 알아보고 기회를 잡는 것 같아서 그게 참 멋있어.	N	2022-06-22 06:09:52	2022-11-08 03:41:11
BE22002592	11	0	고마워. 나는 내가 사람을 쉽게 믿는 게 단점이라고 생각했는데 네 말을 들으니 그런 점이 좋아지는데?	N	2022-06-22 06:09:52	2022-11-08 03:41:11
BE22002592	12	1	절대 단점이 아니야. 사랑에 용기 있는 사람이 운명을 쟁취하는 거야. 네가 그 남자를 지나쳐 보내지 않았으니 지금 이 기쁨을 누릴 수 있는 거라고.	N	2022-06-22 06:09:52	2022-11-08 03:41:11
BE22002592	13	0	너랑 이야기하다 보면 내가 겪은 일들이 정말 특별하게 느껴져. 네가 진심으로 들어줘서 그런 것 같아.	N	2022-06-22 06:09:52	2022-11-08 03:41:11
BE22002592	14	1	나야 너를 사랑하니까 그렇지. 앞으로도 재밌는 이야기 많이 공유해 줘.	N	2022-06-22 06:09:52	2022-11-08 03:41:11
BE22002592	15	0	알았어. 이 남자랑 잘 되면 너에게 제일 먼저 말해 줄게.	Y	2022-06-22 06:09:52	2022-11-08 03:41:11
