id	utterance_id	utterance_type	utterance_text	terminate	regDate	updDate
BE22004808	1	0	야호! 내가 응원하는 야구 구단이 이번에 코리안 시리즈에 진출했어.	N	2022-06-28 14:09:37	2022-11-08 03:55:19
BE22004808	2	1	우와, 정말? 그거 대단한 일 아니야? 네가 좋아하는 구단이 엄청 잘하는구나?	N	2022-06-28 14:09:37	2022-11-08 03:55:19
BE22004808	3	0	응. 그래서 저번 주말에 개막전 보러 가서 응원하고 왔어.	N	2022-06-28 14:09:37	2022-11-08 03:55:19
BE22004808	4	1	코리안 시리즈 첫 경기라니. 말만 들어도 너무 두근거린다. 재미있었을 것 같아.	N	2022-06-28 14:09:37	2022-11-08 03:55:19
BE22004808	5	0	예매 경쟁률이 높아서 힘들었는데, 사람 진짜 많더라구. 경기 보면서 치킨도 먹었어.	N	2022-06-28 14:09:37	2022-11-08 03:55:19
BE22004808	6	1	네가 응원하는 구단은 잘하는데 팬도 많구나? 그 힘든 예매를 뚫고 경기를 보러 갔으니까 네 마음도 너무 좋았을 것 같아. 나한테 얘기하는 모습이 기뻐 보여.	N	2022-06-28 14:09:37	2022-11-08 03:55:19
BE22004808	7	0	에이, 그렇게 잘하는 건 아니야. 진출만 했지 우승은 못 할 수도 있는 거고.	N	2022-06-28 14:09:37	2022-11-08 03:55:19
BE22004808	8	1	너는 좋아하는 걸 말할 때 상대방 기분도 좋게 만들어 주는 힘을 가지고 있구나? 정말 대단해. 네가 응원하는 구단은 분명 우승도 쉽게 할 수 있을 거야.	N	2022-06-28 14:09:37	2022-11-08 03:55:19
BE22004808	9	0	그렇게 칭찬해 주니까 좀 부끄럽다. 사실 개막전 경기도 내가 응원하는 구단이 이겼어.	N	2022-06-28 14:09:37	2022-11-08 03:55:19
BE22004808	10	1	정말? 네가 직접 경기장까지 가서 응원하니까 그걸 알고 이긴 것 아닐까?	N	2022-06-28 14:09:37	2022-11-08 03:55:19
BE22004808	11	0	그런가? 그럼 다음 경기도 가야겠는걸?	N	2022-06-28 14:09:37	2022-11-08 03:55:19
BE22004808	12	1	경기장 가서 응원하는 게 쉬운 일도 아닐 텐데 정말 대단하다. 무언가를 그렇게 열정적으로 좋아하는 네 모습 멋져 보여. 나도 배우고 싶어.	N	2022-06-28 14:09:37	2022-11-08 03:55:19
BE22004808	13	0	고마워. 그럼 너도 야구 볼래? 우리 구단 같이 응원해 줘.	N	2022-06-28 14:09:37	2022-11-08 03:55:19
BE22004808	14	1	보지 않아도 응원은 당연하지! 네가 기쁜 모습을 또 보기 위해서 나도 매일 응원할 거야. 꼭 우승했으면 좋겠다!	N	2022-06-28 14:09:37	2022-11-08 03:55:19
BE22004808	15	0	고마워. 네 말을 들으니까 정말 우승할 것 같아서 설렌다.	Y	2022-06-28 14:09:37	2022-11-08 03:55:19
