id	utterance_id	utterance_type	utterance_text	terminate	regDate	updDate
BE22002620	1	0	내가 얼마 전에 정말 읽고 싶은 책 있다고 그랬잖아. 그 책이 서점에 재고가 하나도 없었거든.	N	2022-06-22 06:45:34	2022-11-08 03:41:21
BE22002620	2	1	응 맞아, 너 계속 동네 서점 돌면서 찾았잖아.	N	2022-06-22 06:45:34	2022-11-08 03:41:21
BE22002620	3	0	도저히 재고를 찾을 수 없었는데, 어제 공공 도서관 갔는데 그 책 찾아서 대출받았어!	N	2022-06-22 06:45:34	2022-11-08 03:41:21
BE22002620	4	1	와, 진짜 다행이다. 되게 기뻤겠다 너.	N	2022-06-22 06:45:34	2022-11-08 03:41:21
BE22002620	5	0	응 그 책 살려고 노력했는데 안 되고 안 되다가 어제 딱 보물 찾은 거처럼 도서관에서 찾았어.	N	2022-06-22 06:45:34	2022-11-08 03:41:21
BE22002620	6	1	인간 승리네, 너의 노력이 가상해서 책이 나타나 준 게 아닐까?	N	2022-06-22 06:45:34	2022-11-08 03:41:21
BE22002620	7	0	사실 그 책에 있는 자료가 이번 논문에 참고로 쓰일 게 정말 많았거든.	N	2022-06-22 06:45:34	2022-11-08 03:41:21
BE22002620	8	1	아 그래 너 논문 준비한다고 한창 바빴잖아. 책 찾아서 좋았겠다.	N	2022-06-22 06:45:34	2022-11-08 03:41:21
BE22002620	9	0	응 정말 너무 만족스러워, 책에 역시 자료가 많더라고 논문 금방 마무리할 것 같아.	N	2022-06-22 06:45:34	2022-11-08 03:41:21
BE22002620	10	1	논문 제출하고 나면 진짜 자유의 몸 아니니?	N	2022-06-22 06:45:34	2022-11-08 03:41:21
BE22002620	11	0	응 이제 여행도 가고 잠깐 쉬고 그래야지 고생 이제 끝이야 좀 만 더 고생하면.	N	2022-06-22 06:45:34	2022-11-08 03:41:21
BE22002620	12	1	그동안 애썼어 진짜. 남들 놀 때 공부하고 연구하고 정말 대단해.	N	2022-06-22 06:45:34	2022-11-08 03:41:21
BE22002620	13	0	아니야 뭐 내가 선택한 일이니까 같이 기뻐해줘서 고마워.	N	2022-06-22 06:45:34	2022-11-08 03:41:21
BE22002620	14	1	네가 기쁘면 나도 기뻐 너의 행복은 나의 행복이야.	N	2022-06-22 06:45:34	2022-11-08 03:41:21
BE22002620	15	0	고마워 진짜 나 너무 행복하다 진짜 얼른 논문 쓰러 가볼게.	Y	2022-06-22 06:45:34	2022-11-08 03:41:21
