id	utterance_id	utterance_type	utterance_text	terminate	regDate	updDate
BE22004511	1	0	나 오늘 생일상을 글쎄 남편이랑 우리 딸이 차려준 거 있지. 너무 기뻐서 눈물이 나려고 하더라고.	N	2022-06-28 05:36:09	2022-11-08 03:53:25
BE22004511	2	1	어머 정말? 아직 어린데 고사리손으로 엄마 생일상을 준비했다니 너무 감격스러웠겠다. 나도 이렇게 뭉클한데 너는 얼마나 기뻤겠니.	N	2022-06-28 05:36:09	2022-11-08 03:53:25
BE22004511	3	0	응. 정말 이게 아이 키운 보람인 거구나 싶어서 감격이 밀려오더라구. 행복해서 구름 위를 떠다니는 기분이었어. 남편이 거의 다 했지만 딸아이도 나름 열심히 도왔더라고.	N	2022-06-28 05:36:09	2022-11-08 03:53:25
BE22004511	4	1	남편도 자상하고 아기도 사랑스럽고 넌 정말 이 세상 다 가진 기분이었을 거 같아.	N	2022-06-28 05:36:09	2022-11-08 03:53:25
BE22004511	5	0	하하. 맞아. 힘든 날도 있지만 이런 날들 때문에 세상 살맛이 나는 것 같아. 이런 행복한 가정을 가지게 돼서 너무 기쁘고 감사해.	N	2022-06-28 05:36:09	2022-11-08 03:53:25
BE22004511	6	1	부럽다 정말. 듣는 친구 입장에서도 이렇게 뿌듯한데 너의 마음은 얼마나 만족스럽고 기쁨이 가득했을까. 정말 말로 표현할 수 없는 깊은 기쁨을 느꼈을 것 같아.	N	2022-06-28 05:36:09	2022-11-08 03:53:25
BE22004511	7	0	내 아이고 남편이지만 어떻게 이렇게 마음씨가 곱고 사랑스러운지 모르겠어.	N	2022-06-28 05:36:09	2022-11-08 03:53:25
BE22004511	8	1	그렇지. 원래 너도 사랑이 가득한 친구잖아. 게다가 자상한 남편과 함께 사랑으로 양육했으니 아이가 잘 자라는 것은 당연한 일이야.	N	2022-06-28 05:36:09	2022-11-08 03:53:25
BE22004511	9	0	응. 내가 요즘 일이 힘들어서 좀 지쳐있었는데 다시 활력을 찾게 된 것 같아.	N	2022-06-28 05:36:09	2022-11-08 03:53:25
BE22004511	10	1	정말 다행이다. 생일 잘 보내고 있나 안 그래도 궁금했는데 진심으로 행복한 하루를 보냈구나.	N	2022-06-28 05:36:09	2022-11-08 03:53:25
BE22004511	11	0	오랜만에 마음이 이렇게 기쁨으로 충만해지는 경험을 하는 것 같아. 방전되었다가 다시 에너지 레벨이 올라가고 기운이 샘솟는 것 같아.	N	2022-06-28 05:36:09	2022-11-08 03:53:25
BE22004511	12	1	정말 부럽다. 그 에너지 나한테까지 뿜어져 나오는 것 같은데? 하하.	N	2022-06-28 05:36:09	2022-11-08 03:53:25
BE22004511	13	0	내일 만나서 더 자세한 얘기 나누자. 너랑 얘기하니 나의 기쁨이 배가 되는 것 같아. 사진도 보여줄게.	N	2022-06-28 05:36:09	2022-11-08 03:53:25
BE22004511	14	1	그래. 다시 한번 생일 축하하고 행복한 마음 마음껏 누려.	N	2022-06-28 05:36:09	2022-11-08 03:53:25
BE22004511	15	0	고마워. 네가 축하해주니 더 행복해. 오늘은 정말 행복 가득한 기쁜 생일로 오랫동안 기억에 남을 것 같아.	Y	2022-06-28 05:36:09	2022-11-08 03:53:25
