id	utterance_id	utterance_type	utterance_text	terminate	regDate	updDate
BE22002806	1	0	진짜 베이킹 잘하는 집은 다른 것 같아.	N	2022-06-23 00:30:17	2022-11-08 03:42:33
BE22002806	2	1	빵순이! 어디 빵집을 갔길래 그렇게 단정 지어?	N	2022-06-23 00:30:17	2022-11-08 03:42:33
BE22002806	3	0	어제 마들렌 맛집으로 소문난 디저트 가게를 갔거든. 30분이나 줄 서서 샀는데 수준이 다르네?	N	2022-06-23 00:30:17	2022-11-08 03:42:33
BE22002806	4	1	네가 그렇게 말할 정도면 진짜 맛있다는 이야기잖아. 심지어 평소에 마들렌은 잘 안 먹는데 극찬할 정도면 인정할 만하지.	N	2022-06-23 00:30:17	2022-11-08 03:42:33
BE22002806	5	0	우연히 가로수길에 약속 있어서 갔다가 줄 서 있길래 사서 먹었는데 진짜 맛있더라고. 또 맛있는 빵집 하나 뚫어서 기분 진짜 좋은 거 있지?	N	2022-06-23 00:30:17	2022-11-08 03:42:33
BE22002806	6	1	그렇게 예정 없이 만난 행운에 더 기분이 좋은 법이지. 밥보다 빵을 더 애정하는 너로서는 진짜 행복했겠다.	N	2022-06-23 00:30:17	2022-11-08 03:42:33
BE22002806	7	0	그러니까 마들렌 한 3만 원어치 사서 냉동고에 쟁여두었어. 야금야금 꺼내 먹을 생각에 얼른 집에 들어가고 싶다니까?	N	2022-06-23 00:30:17	2022-11-08 03:42:33
BE22002806	8	1	밖에서 야외활동하는 것을 좋아하는 너를 집순이로 만들 정도면 진짜 그 마들렌이 수준이 다른가 봐. 이렇게 오랜만에 진심으로 무언가에 기뻐하는 너의 모습을 보니 내가 다 기분이 좋아.	N	2022-06-23 00:30:17	2022-11-08 03:42:33
BE22002806	9	0	요즘 날도 덥고 뭘 해도 재미가 없었는데... 이렇게 마들렌 맛집 하나 찾았다고 기분이 확 좋아지다니 나도 너무 신기해.	N	2022-06-23 00:30:17	2022-11-08 03:42:33
BE22002806	10	1	그러니까 너 이렇게 활기 넘치는 모습 보니까 내가 다 신나네. 너 더 기분 좋을 수 있도록 다른 마들렌 맛집 나도 찾아봐야겠어.	N	2022-06-23 00:30:17	2022-11-08 03:42:33
BE22002806	11	0	야 그렇게 말해주면 내가 감동 받지! 마음만이라도 너무 고마워.	N	2022-06-23 00:30:17	2022-11-08 03:42:33
BE22002806	12	1	네가 계속 활력이 넘치는 모습으로 있는 게 너를 사랑하는 친구로서 얼마나 좋은데!	N	2022-06-23 00:30:17	2022-11-08 03:42:33
BE22002806	13	0	역시 내 친구밖에 없다니까? 이러니 이러쿵저러쿵 너에게 털어놓을 수밖에 없지.	N	2022-06-23 00:30:17	2022-11-08 03:42:33
BE22002806	14	1	그럼, 내가 누구 친구인데! 다음에 다른 마들렌 맛집 찾아가서 맛있는 거 먹으면서 같이 즐거워하자.	Y	2022-06-23 00:30:17	2022-11-08 03:42:33
