id	utterance_id	utterance_type	utterance_text	terminate	regDate	updDate
BE22005862	1	0	나 너무 떨려.	N	2022-07-03 14:08:46	2022-11-08 04:02:08
BE22005862	2	1	무슨 일 있어?	N	2022-07-03 14:08:46	2022-11-08 04:02:08
BE22005862	3	0	내가 돈을 많이 아끼는 편인 거 알지? 그런데 내가 뭘 예약했는지 알아?	N	2022-07-03 14:08:46	2022-11-08 04:02:08
BE22005862	4	1	뭘 예약했길래 그래? 여행 티켓이라도 예약했어? 정말 궁금하다.	N	2022-07-03 14:08:46	2022-11-08 04:02:08
BE22005862	5	0	큰마음을 먹고 혼자 호캉스를 예약했어. 사실 조금 큰돈이라서, 떨리긴 하는데 정말 기뻐! 나를 위한 투자니까 더 설레는 거 있지?	N	2022-07-03 14:08:46	2022-11-08 04:02:08
BE22005862	6	1	세상에, 이야기를 듣는 나도 이렇게 설레고 기쁜데, 너는 어떨지 상상이 안 돼. 정말 기쁘겠다. 큰돈이기는 해도, 나를 위한 투자라고 생각하고 호캉스를 즐기고 오면 아깝지 않을 거야.	N	2022-07-03 14:08:46	2022-11-08 04:02:08
BE22005862	7	0	맞아. 언제 나한테 이렇게 써보겠나 싶어서 정말 큰마음먹고 예약했지. 요즘 좀 힘들었는데, 가서 마음껏 휴식하고 올 생각에 벌써 신나!	N	2022-07-03 14:08:46	2022-11-08 04:02:08
BE22005862	8	1	너를 위해서 투자하는 모습이 정말 대단해. 내가 너였어도 정말 신났을 거야. 가서 마음껏 쉬고 힐링하고 와.	N	2022-07-03 14:08:46	2022-11-08 04:02:08
BE22005862	9	0	응. 그리고 사실 운 좋게 특가로 예약할 수 있어서 더 기뻐!	N	2022-07-03 14:08:46	2022-11-08 04:02:08
BE22005862	10	1	어머, 정말 기쁘겠다. 특가로 호텔 예약하기 쉽지 않은데 정말 대단하다! 너무 부러워. 나도 예전에 호캉스 갔을 때 정말 좋았는데, 너도 만족스러웠으면 좋겠다.	N	2022-07-03 14:08:46	2022-11-08 04:02:08
BE22005862	11	0	네가 만족스러웠다니 더 기대가 돼! 그런데 혼자서 가는 건 처음인데, 외롭지 않게 잘 갔다 올 수 있겠지?	N	2022-07-03 14:08:46	2022-11-08 04:02:08
BE22005862	12	1	당연하지! 혼자서도 생각보다 할 것도 많아서 심심하지 않고, 오히려 혼자 있으니까 더 여유롭고 좋았어. 그리고 너는 자립심이 강하고 낙천적인 친구라서, 혼자서도 분명 잘 즐기고 올 수 있을 거야. 너의 첫 번째 호캉스를 내가 응원할게!	N	2022-07-03 14:08:46	2022-11-08 04:02:08
BE22005862	13	0	네가 그렇게 말해주니까 더 기뻐! 혼자서도 잘 즐기고 올 수 있을 것 같아! 얼른 가고 싶어서 너무 설레고 흥분되네.	N	2022-07-03 14:08:46	2022-11-08 04:02:08
BE22005862	14	1	네가 기쁘다니 내가 더 기분이 좋다. 가서 헬스장도 이용해보고, 호텔 카페에 가서 맛있는 디저트도 먹으면서 행복한 시간 보내고 와. 잘 갔다 오고 꼭 후기 알려줘.	N	2022-07-03 14:08:46	2022-11-08 04:02:08
BE22005862	15	0	응, 고마워. 꼭 그럴게! 그럼 갔다 와서 연락할게!	Y	2022-07-03 14:08:46	2022-11-08 04:02:08
