id	utterance_id	utterance_type	utterance_text	terminate	regDate	updDate
BE22000180	1	0	그간 미룬 퀘스트 이제 달성했어.	N	2022-06-10 08:54:57	2022-11-08 03:25:24
BE22000180	2	1	회사에서 프로젝트라도 끝났어?	N	2022-06-10 08:54:57	2022-11-08 03:25:24
BE22000180	3	0	아니 부장님 옆에 갈 때마다 나는 향이 너무 좋은 거야. 그래서 물어봐야지 물어봐야지 몇 달을 벼르다가 오늘 물어봐서 답을 알아낸 거 있지?	N	2022-06-10 08:54:57	2022-11-08 03:25:24
BE22000180	4	1	아 그거 때문이었구나. 너 향수 모으기가 취미라서 그런 거 못 참잖아. 잘 물어봤네. 속이 다 시원하겠네.	N	2022-06-10 08:54:57	2022-11-08 03:25:24
BE22000180	5	0	응, 동기면 그냥 물어보겠는데 부장님이니까 물어보기가 좀 고민돼서 타이밍만 보고 있었지. 알아내서 너무 좋아.	N	2022-06-10 08:54:57	2022-11-08 03:25:24
BE22000180	6	1	아 상사라 바로 물어보지 못해서 답답했겠네. 앓던 이 빠지는 기분이겠다.	N	2022-06-10 08:54:57	2022-11-08 03:25:24
BE22000180	7	0	그러니까 몇 날 며칠을 고민했는지, 물어보니 내가 아는 브랜드더라고! 가격대도 적당해서 퇴근하고 당장 사러 가야지.	N	2022-06-10 08:54:57	2022-11-08 03:25:24
BE22000180	8	1	신났네 신났어, 나까지 속이 뻥 뚫려. 아 참 너 생일 얼마 안 남았잖아. 내가 생일 선물로 사주는 건 어때?	N	2022-06-10 08:54:57	2022-11-08 03:25:24
BE22000180	9	0	헐 그래 주면 나야 고맙지. 아주 후련한 마음에 공감화자 네가 더욱 기쁨을 콸콸 쏟아주는구나.	N	2022-06-10 08:54:57	2022-11-08 03:25:24
BE22000180	10	1	너 좋아하는 걸로 선물하면 내가 더 좋지. 아니 근데 너는 어쩜 표현을 그렇게 예쁘게 하니. 좀 배워야겠다.	N	2022-06-10 08:54:57	2022-11-08 03:25:24
BE22000180	11	0	나는 생각나는 대로 말한 것뿐이야. 공감화자야 너는 내게 행복을 주는 사람이야. 고마워.	N	2022-06-10 08:54:57	2022-11-08 03:25:24
BE22000180	12	1	감정화자 네가 더 그렇거든! 한마디 한마디 생각이 많은 나에게 예쁜 단어로 긍정적 기운을 주잖아.	N	2022-06-10 08:54:57	2022-11-08 03:25:24
BE22000180	13	0	그렇게 느낀다면 앞으로 더더더 해줘야겠는걸? 기대해도 좋아!	N	2022-06-10 08:54:57	2022-11-08 03:25:24
BE22000180	14	1	나도 질 수 없지! 그 보답으로 생일파티 성대하게 열어줘야겠어.	Y	2022-06-10 08:54:57	2022-11-08 03:25:24
