id	utterance_id	utterance_type	utterance_text	terminate	regDate	updDate
BE22004660	1	0	나 이번에 코가 너무 막혀서 결국 비염 수술을 했어.	N	2022-06-28 09:40:17	2022-11-08 03:54:23
BE22004660	2	1	정말? 많이 불편해하더니 결국 수술했구나. 어때? 그 뒤로 많이 나아졌어?	N	2022-06-28 09:40:17	2022-11-08 03:54:23
BE22004660	3	0	정말 신세계가 펼쳐진 느낌이야. 코가 뻥 뚫린 느낌이 이렇게 상쾌하고 좋은지 이제 알았어. 불편한 게 가시니까 너무 편하고 행복하더라.	N	2022-06-28 09:40:17	2022-11-08 03:54:23
BE22004660	4	1	네가 그렇게 좋아하니 나도 기분이 다 좋아지네. 수술까지 결정하는 거 힘들었을 텐데 그에 따른 보답을 받아서 다행이야.	N	2022-06-28 09:40:17	2022-11-08 03:54:23
BE22004660	5	0	맞아. 그냥 참으면서 살까 고민했던 내가 바보처럼 느껴질 정도로 지금 너무 통쾌하고 기분이 좋아.	N	2022-06-28 09:40:17	2022-11-08 03:54:23
BE22004660	6	1	후각도 많이 괜찮아졌어? 원래는 냄새도 잘 못 맡고 그랬잖아.	N	2022-06-28 09:40:17	2022-11-08 03:54:23
BE22004660	7	0	요즘엔 정말 냄새가 잘 맡아지더라고. 내 후각이 둔했던 건 비염이 문제였던 거 같아. 새삼스레 감각의 소중함을 알게 된 순간이었어.	N	2022-06-28 09:40:17	2022-11-08 03:54:23
BE22004660	8	1	맞아. 하나라도 없으면 불편해서 생활을 하기 힘들 정도지. 결과가 이렇게 긍정적이라니 정말 참 다행이야. 너무 축하해.	N	2022-06-28 09:40:17	2022-11-08 03:54:23
BE22004660	9	0	콧물 때문에 고생하고 잠도 자기 힘들어하던 때가 생각나면서 왜 진작 수술하지 않았을까 생각도 들더라고. 지금은 너무 행복해.	N	2022-06-28 09:40:17	2022-11-08 03:54:24
BE22004660	10	1	맞아 정말 고생 많았지. 고생했던 만큼 앞으로는 아프지 않고 편하게 지냈으면 좋겠다.	N	2022-06-28 09:40:17	2022-11-08 03:54:24
BE22004660	11	0	너도 몸이 불편한 게 있으면 참지 말고 꼭 병원에 가봐. 삶의 질이 달라지는 기분이야.	N	2022-06-28 09:40:17	2022-11-08 03:54:24
BE22004660	12	1	나도 피부 때문에 조금 불편한 게 있긴 하거든. 나는 병원이 무서워서 안 갔었는데 너는 수술도 결정하고 정말 용감한 것 같아. 나는 겁쟁이라서 너의 그런 점이 참 부럽고 대단해.	N	2022-06-28 09:40:17	2022-11-08 03:54:24
BE22004660	13	0	누구든 다 무섭지. 근데 막상 가보면 무서워했던 게 허무해질 정도로 아무것도 없어. 내 아픈 몸을 치료해주는 병원을 왜 무서워했나 몰라.	N	2022-06-28 09:40:17	2022-11-08 03:54:24
BE22004660	14	1	어렸을 때 무서워했던 기억이 남아있어서 그런 걸까. 생각해보면 병원을 무서워하는 게 참 웃기긴 하다. 나도 너를 본받아서 이번에 치료하도록 해야겠어. 응원해 줘!	N	2022-06-28 09:40:17	2022-11-08 03:54:24
BE22004660	15	0	응. 안 아프니까 너무 걱정하지 말고 꼭 치료 잘 받고 와!	Y	2022-06-28 09:40:17	2022-11-08 03:54:24
