id	utterance_id	utterance_type	utterance_text	terminate	regDate	updDate
BE22003944	1	0	야, 내가 지금 누구를 봤는지 맞춰 봐.	N	2022-06-26 22:32:09	2022-11-08 03:49:49
BE22003944	2	1	왜 잔뜩 들떴어? 유명 인사라도 본 거야?	N	2022-06-26 22:32:09	2022-11-08 03:49:49
BE22003944	3	0	오늘 시사회가 있거든. 지금 주연 배우들이 한꺼번에 들어오고 있다니까.	N	2022-06-26 22:32:09	2022-11-08 03:49:49
BE22003944	4	1	정말이야? 우와, 부럽다. 나도 보고 싶은데 안타깝네.	N	2022-06-26 22:32:09	2022-11-08 03:49:49
BE22003944	5	0	나 영화관 알바 시작한 후로 처음이야. 지금 꿈꾸는 거 같아.	N	2022-06-26 22:32:09	2022-11-08 03:49:49
BE22003944	6	1	정말 꿈 같은 상황일 거야. 평생 보기 힘든 사람들을 한꺼번에 가까이서 보는 거잖아?	N	2022-06-26 22:32:09	2022-11-08 03:49:49
BE22003944	7	0	맞아, 심지어 이따가 내가 동선 안내도 맡았어. 어쩌면 인사를 할 수 있을지도 몰라. 엄청나지 않니?	N	2022-06-26 22:32:09	2022-11-08 03:49:49
BE22003944	8	1	하하, 너 이렇게 신나고 들뜬 거 오랜만이다. 이럴 때 보면 넌 정말 순수하고 해맑다니까.	N	2022-06-26 22:32:09	2022-11-08 03:49:49
BE22003944	9	0	앗, 내가 그랬어? 그런데 평생 한 번 있을까 말까 한 기회잖아.	N	2022-06-26 22:32:09	2022-11-08 03:49:49
BE22003944	10	1	그럼, 그러니까 지금 이 순간을 실컷 즐기도록 해. 덕분에 알바도 즐거워지겠는걸.	N	2022-06-26 22:32:09	2022-11-08 03:49:49
BE22003944	11	0	맞아, 그동안 내가 힘들다고 투덜거린 거 다 취소야.	N	2022-06-26 22:32:09	2022-11-08 03:49:49
BE22003944	12	1	네가 그렇게 좋다니 다행이야. 힘들어할 때는 금방 그만둘 것 같더니 참고 버틴 보람이 있네.	N	2022-06-26 22:32:09	2022-11-08 03:49:49
BE22003944	13	0	이번 기회에 세상 모든 일이 꼭 힘든 면만 있는 건 아니라는 걸 느꼈어. 더 열심히 일하려고.	N	2022-06-26 22:32:09	2022-11-08 03:49:49
BE22003944	14	1	멋진 내 친구의 알바를 응원할게. 그리고 다음 시사회는 미리 귀띔 좀 해주라.	Y	2022-06-26 22:32:09	2022-11-08 03:49:49
