id	utterance_id	utterance_type	utterance_text	terminate	regDate	updDate
BE22005330	1	0	오늘 아들이 내 생일을 축하한다면서 립스틱을 선물해줬어.	N	2022-06-30 03:21:32	2022-11-08 03:58:44
BE22005330	2	1	정말? 아들이 너 생각해서 선물도 사주고, 무척 뿌듯하겠는걸.	N	2022-06-30 03:21:32	2022-11-08 03:58:44
BE22005330	3	0	맞아. 아들이 하는 말이, 받은 용돈을 차곡차곡 모아서 샀다는 거야. 그 말을 듣고 너무 기특한 거 있지.	N	2022-06-30 03:21:32	2022-11-08 03:58:44
BE22005330	4	1	효자로구나. 한창 사고 싶은 것도 많을 나이인데, 엄마를 생각해서 돈을 아낀 거잖아.	N	2022-06-30 03:21:32	2022-11-08 03:58:44
BE22005330	5	0	맞아. 그래서 이 립스틱 선물이 정말 소중하게 느껴져. 처음으로 아들이 준 선물이라니, 보기만 해도 미소가 지어져.	N	2022-06-30 03:21:32	2022-11-08 03:58:44
BE22005330	6	1	처음으로 자식에게 받은 선물은 더없이 특별하지. 자식 키운 보람이 여기서 오는구나, 싶은 마음에 기쁨을 감출 수 없을걸. 이번 생일은 네가 유독 기억에 남을 만한 귀중한 추억이 되겠는걸?	N	2022-06-30 03:21:32	2022-11-08 03:58:44
BE22005330	7	0	맞아. 아들 덕분에 이번 생일은 잊지 못할 것 같아. 립스틱도 아까워서 못 쓰겠어. 이 귀한 선물을 어떻게 쓰겠어?	N	2022-06-30 03:21:32	2022-11-08 03:58:44
BE22005330	8	1	에이, 그래도 선물은 네가 사용해줘야 더 가치 있는 거지. 네가 평소에도 열심히 쓰고 다니면 아들이 더 뿌듯해하고 좋아하지 않을까?	N	2022-06-30 03:21:32	2022-11-08 03:58:44
BE22005330	9	0	그것도 맞아. 선물을 자주 사용하는 모습을 보여주면 선물한 사람이 더 기뻐하긴 할 거야. 정말, 난 해준 것도 별로 없는데 이렇게 선물까지 받으니까 정말 감격스러워. 언제 이렇게 우리 아들이 다 컸을까?	N	2022-06-30 03:21:32	2022-11-08 03:58:44
BE22005330	10	1	다 네 덕이지. 너도 늘 다른 사람에게 친절하고 베푸는 데 거리낌이 없잖아. 너의 그 착하고 배려심 많은 자세를 아들이 곁에서 보고 배운 걸 거야.	N	2022-06-30 03:21:32	2022-11-08 03:58:44
BE22005330	11	0	그렇게 말해주다니 기뻐. 자식을 키우다 보면 내가 지금 잘 하고 있는 게 맞나, 하는 의심이 들곤 하잖아. 오늘 아들에게 받은 선물과 네가 해준 말 덕분에 그런 의심이 싹 날아간 것 같아.	N	2022-06-30 03:21:32	2022-11-08 03:58:44
BE22005330	12	1	네가 내 말을 듣고 기뻐했다니 나야말로 기분이 좋아지는걸. 너는 늘 아들을 좋은 방향으로 지도하려고 노력하고 또 그걸 잘해내고 있잖아. 네 모습을 보면서 꼭 칭찬해주고 싶었다고 생각했거든.	N	2022-06-30 03:21:32	2022-11-08 03:58:44
BE22005330	13	0	정말이야? 그렇게 생각해줘서 고마워. 앞으로도 더 잘해야겠다는 의욕이 솟는걸?	N	2022-06-30 03:21:32	2022-11-08 03:58:44
BE22005330	14	1	지금이면 더할 나위 없이 충분해. 아마 아들도 그렇게 느꼈기에 용돈을 모아서 감사함을 표시한 거 아니겠어? 자부심을 가져도 좋아.	N	2022-06-30 03:21:32	2022-11-08 03:58:44
BE22005330	15	0	헤헤, 정말 뿌듯하다. 네 칭찬 감사히 들을게.	Y	2022-06-30 03:21:32	2022-11-08 03:58:44
