id	utterance_id	utterance_type	utterance_text	terminate	regDate	updDate
BE22001408	1	0	나 오늘 회사에서 좋은 일 있었어.	N	2022-06-15 05:36:00	2022-11-08 03:33:31
BE22001408	2	1	뭔데 그렇게 호들갑이야?	N	2022-06-15 05:36:00	2022-11-08 03:33:31
BE22001408	3	0	내가 그동안 홍보팀에서 근무하면서 선배들처럼 내 컬럼 하고 싶다고 했잖아.	N	2022-06-15 05:36:00	2022-11-08 03:33:31
BE22001408	4	1	너 예전부터 그 노래 불렀었지. 나름 너의 야망이었잖아.	N	2022-06-15 05:36:00	2022-11-08 03:33:31
BE22001408	5	0	드디어 오늘 고정 칼럼을 하나 받았어. 꿈만 같아.	N	2022-06-15 05:36:00	2022-11-08 03:33:31
BE22001408	6	1	드디어 너의 꿈이 실현되는구나. 축하해 친구. 역시 넌 예전부터 그런데 소질 있더니 해내는구나.	N	2022-06-15 05:36:00	2022-11-08 03:33:31
BE22001408	7	0	물론 아직은 작지만 고정이란 게 어디야.	N	2022-06-15 05:36:00	2022-11-08 03:33:31
BE22001408	8	1	처음부터 크게 하는 사람이 어디 있어. 작지만 알차게 써내면 분명 점점 큰 페이지를 담당할 수 있을거야. 내 친구 회사생활 정말 잘하는구나.	N	2022-06-15 05:36:00	2022-11-08 03:33:31
BE22001408	9	0	다음 주부터 하게 되는데 벌써부터 떨린다.	N	2022-06-15 05:36:00	2022-11-08 03:33:31
BE22001408	10	1	넌 학교 다닐 때부터 글짓기 대회는 모두 휩쓸었던 나름 실력파라고.	N	2022-06-15 05:36:00	2022-11-08 03:33:31
BE22001408	11	0	그때 이야기도 나오는 거야? 내 친구 응원 대단한데.	N	2022-06-15 05:36:00	2022-11-08 03:33:31
BE22001408	12	1	난 그때부터 널 알아봤어. 내 눈을 의심하지 마. 나름 사람 잘 본다고 주변에서 인정한다고.	N	2022-06-15 05:36:00	2022-11-08 03:33:31
BE22001408	13	0	그래. 내 친구 눈을 내가 믿지. 너의 응원에 힘이 벌써부터 쏟아난다.	N	2022-06-15 05:36:00	2022-11-08 03:33:31
BE22001408	14	1	난 항상 널 믿고 있다는 걸 잊지 말고 축하해, 친구.	Y	2022-06-15 05:36:00	2022-11-08 03:33:31
