id	utterance_id	utterance_type	utterance_text	terminate	regDate	updDate
BE22002374	1	0	나 방금 쇼핑했는데 뭐 샀게?	N	2022-06-21 06:52:37	2022-11-08 03:39:47
BE22002374	2	1	뭘 샀길래 이렇게 신난 느낌이지? 어떤 거 쇼핑했어?	N	2022-06-21 06:52:37	2022-11-08 03:39:47
BE22002374	3	0	풋 크림이랑 핸드 로션 샀어. 이거 며칠 전부터 너가 엄청 필요하다고 했던 거 아니야? 너가 했던 말 생각나서 지나가다 보이길래 네 것과 내 것을 같이 샀어.	N	2022-06-21 06:52:37	2022-11-08 03:39:47
BE22002374	4	1	어머, 넌 어쩜 기억력이 그렇게 좋고 섬세하니? 내가 지나가다 한 말도 다 기억해주고, 거기다 선물까지 너무 다정해서 감동이다. 오늘 회사에서 정말 힘들었는데 너 덕분에 마음이 정말 따듯해져서 갑자기 눈물 날 거 같아.	N	2022-06-21 06:52:37	2022-11-08 03:39:47
BE22002374	5	0	뭘, 이 정도로 그렇게 감동하고 그래. 우리 사이에.	N	2022-06-21 06:52:37	2022-11-08 03:39:47
BE22002374	6	1	안 그래도 필요해서 오늘 퇴근하는 길에 들러서 살까 했었거든. 근데 네가 이렇게 선물하려고 샀다고 하니까 나보다 나를 더 챙겨주는 느낌이라 고마워서.	N	2022-06-21 06:52:37	2022-11-08 03:39:47
BE22002374	7	0	우리가 벌써 몇 년 된 사이인데, 이 정도면 가족이지!	N	2022-06-21 06:52:37	2022-11-08 03:39:47
BE22002374	8	1	이번에는 네가 사준 걸로 쓰고, 다음번에는 내가 사줄게!	N	2022-06-21 06:52:37	2022-11-08 03:39:47
BE22002374	9	0	그 말 취소하기 없기다? 그리고 풋 크림이랑 핸드 로션 사면 사은품 응모할 수 있어서 그것도 했어!	N	2022-06-21 06:52:37	2022-11-08 03:39:47
BE22002374	10	1	거기 행사는 처음 들어보는데 기대되는걸? 사은품 응모가 어떤 거였어?	N	2022-06-21 06:52:37	2022-11-08 03:39:47
BE22002374	11	0	무려 제주도 항공권 2장! 당첨되면 우리 같이 제주도 여행갈 수 있는 거라, 생각만 해도 너무 신나지 않니?	N	2022-06-21 06:52:37	2022-11-08 03:39:48
BE22002374	12	1	제주도라니 나도 말만 들어도 지금 당장 비행기 타고 떠나고 싶은데? 당첨되면 완전 신나고 진짜 짜릿하겠지? 나도 너랑 같은 마음이라, 네가 지금 얼마나 흥분했는지 안 봐도 알 것 같은 마음이야!	N	2022-06-21 06:52:37	2022-11-08 03:39:48
BE22002374	13	0	지금 혹시 나 지켜보고 있는 거 아니지? 게다가 당첨 확률도 높아서 잘하면 정말 우리 이번 여름휴가는 제주도로 갈 수 있을지도 몰라.	N	2022-06-21 06:52:37	2022-11-08 03:39:48
BE22002374	14	1	너무 좋아서 눈이 번쩍 커지는 느낌이야. 오늘부터 나도 당첨되길 하루에 열 번씩 간절히 바라봐야겠어.	N	2022-06-21 06:52:37	2022-11-08 03:39:48
BE22002374	15	0	그래 우리 풋 크림이랑 핸드 로션 같이 열심히 바르면서 당첨되기를 기도해보자구!	Y	2022-06-21 06:52:37	2022-11-08 03:39:48
