id	utterance_id	utterance_type	utterance_text	terminate	regDate	updDate
BE22002960	1	0	오늘 정말 감사한 일이 있었어.	N	2022-06-23 08:04:54	2022-11-08 03:43:32
BE22002960	2	1	진짜? 무슨 일인데?	N	2022-06-23 08:04:54	2022-11-08 03:43:32
BE22002960	3	0	취업난이 심해서 걱정했었는데 추천받아서 다행히 이직하게 되었어.	N	2022-06-23 08:04:54	2022-11-08 03:43:32
BE22002960	4	1	어머 너무 축하해! 듣던 중 반가운 소식이다!	N	2022-06-23 08:04:54	2022-11-08 03:43:32
BE22002960	5	0	그렇지? 취업난에 이직이 쉽지 않은데 운이 좋았어. 기쁘고 감사한 마음이야.	N	2022-06-23 08:04:54	2022-11-08 03:43:32
BE22002960	6	1	응 정말 잘 됐다. 좋은 소식 들으니 나도 같이 마음이 충족되는 기분이다.	N	2022-06-23 08:04:54	2022-11-08 03:43:32
BE22002960	7	0	같이 기뻐해 줘서 고마워. 마침 딱 타이밍도 맞았고 모든 과정이 다 순조로웠어.	N	2022-06-23 08:04:54	2022-11-08 03:43:32
BE22002960	8	1	물론 운도 있었겠지만 네가 기본적으로 실력이 되고 그동안 커리어를 잘 쌓아와서 그런 것 같아.	N	2022-06-23 08:04:54	2022-11-08 03:43:32
BE22002960	9	0	그렇게 나에 대해서 좋게 평가해 주니 고맙다. 좋은 기회가 왔고 그걸 잘 잡은 것 같아.	N	2022-06-23 08:04:54	2022-11-08 03:43:32
BE22002960	10	1	그럴 때 놓치지 않고 딱 찬스를 잡는 것도 실력이다? 암튼 내 친구지만 자랑스러워!	N	2022-06-23 08:04:54	2022-11-08 03:43:32
BE22002960	11	0	고마워. 내 실력만으로는 힘들었을 텐데 마침 좋은 기회가 찾아온 것도 있어서 모든 상황에 감사할 뿐이야.	N	2022-06-23 08:04:54	2022-11-08 03:43:32
BE22002960	12	1	겸손하기는. 이직 너무 축하하고 이직한 곳에서도 잘 적응할 거야. 이제 걱정할 것 없이 당분간 좀 쉬어도 되겠어!	N	2022-06-23 08:04:54	2022-11-08 03:43:32
BE22002960	13	0	아니야. 이직했으니까 가서 잘 적응할 수 있도록 공부도 하고 나름대로 준비해야지.	N	2022-06-23 08:04:54	2022-11-08 03:43:32
BE22002960	14	1	이래서 내 친구가 대단하다는 거야. 널 보면서 나도 많이 배운다.	N	2022-06-23 08:04:54	2022-11-08 03:43:32
BE22002960	15	0	하하 너무 나 띄어주는 거 아냐? 아무튼 자기 일처럼 같이 기뻐해 줘서 고맙다. 덕분에 나도 더 기분이 좋다.	Y	2022-06-23 08:04:54	2022-11-08 03:43:32
