id	utterance_id	utterance_type	utterance_text	terminate	regDate	updDate
BE22002316	1	0	일주일 내내 회의 하는 것도 보통 일이 아니네. 그런데도 컨디션이 최고야!	N	2022-06-21 04:41:01	2022-11-08 03:39:24
BE22002316	2	1	모두가 너랑 작업하고 싶어 안달 이니까! 요즘 같은 경기에 얼마나 기쁜 일이니.	N	2022-06-21 04:41:01	2022-11-08 03:39:24
BE22002316	3	0	솔직히 밥 먹을 시간도 없는데, 안 먹어도 배부르다는 말을 체감 중이야.	N	2022-06-21 04:41:01	2022-11-08 03:39:24
BE22002316	4	1	네가 지난 시나리오 쓴다고 단칸방에서 얼마나 고생을 했는데 드디어 빛을 보다니. 나라도 하늘을 나는 기분일 거야.	N	2022-06-21 04:41:01	2022-11-08 03:39:24
BE22002316	5	0	올해 책 출판부터 시작해서 내년엔 영화 시나리오로 준비해보기로 했어. 알지? 영화 제작은 내 어릴 적부터 꿈이었다는 거. 너무 설레어서 잠도 잘 안 와.	N	2022-06-21 04:41:01	2022-11-08 03:39:24
BE22002316	6	1	오래 간직한 꿈을 이루는 사람은 몇 없을 거야. 그 대단한 일을 했는데 잠이 오겠어? 나 같아도 잠 못 잘 거야.	N	2022-06-21 04:41:01	2022-11-08 03:39:24
BE22002316	7	0	그것도 그렇지만, 드디어 우리 엄마 호강시켜줄 수 있다는 생각에 신이 나.	N	2022-06-21 04:41:01	2022-11-08 03:39:24
BE22002316	8	1	그래, 어머니가 얼마나 네가 대견하고 자랑스러우실까. 동네방네 소문 내실 것이 눈에 훤해. 우리 딸도 딱 너만큼 훌륭한 성인으로 커준다면 더 바랄 것도 없을 거야.	N	2022-06-21 04:41:01	2022-11-08 03:39:24
BE22002316	9	0	응. 어릴 땐 내 고집대로 하겠다고 속 많이 썩였던 것 같은데, 이제 다 갚아드려야지. 뭐부터 해드리는 게 좋을까? 행복한 고민이다.	N	2022-06-21 04:41:01	2022-11-08 03:39:24
BE22002316	10	1	그러게. 뭘 제일 하고 싶으냐고 여쭈어보는 건 어때? 넌 참 효심이 깊구나. 요 근래에 제일 신나 보이네.	N	2022-06-21 04:41:01	2022-11-08 03:39:24
BE22002316	11	0	응. 30년 만에 제대로 된 딸 노릇 하는 기분이야. 백화점에 모시고 가서 예쁜 옷을 먼저 골라드려야지.	N	2022-06-21 04:41:01	2022-11-08 03:39:24
BE22002316	12	1	네가 너무 신나 보여서 내가 도와주고 싶다. 시간 맞으면 내가 가서 같이 봐줄까?	N	2022-06-21 04:41:01	2022-11-08 03:39:24
BE22002316	13	0	정말? 센스 좋은 네가 봐주면 너무 좋지. 엄마랑 나랑 커플룩 좀 골라줘.	N	2022-06-21 04:41:01	2022-11-08 03:39:24
BE22002316	14	1	좋아 내일 백화점 앞에서 만나. 각오 단단히 해 둬.	Y	2022-06-21 04:41:01	2022-11-08 03:39:24
