id	utterance_id	utterance_type	utterance_text	terminate	regDate	updDate
BE22005785	1	0	나 이번에 여자 친구랑 첫 데이트 간다! 친구일 때는 술집만 같이 갔는데, 서로 사귀기로 하고 나서부터는 이번 데이트가 처음이거든. 아, 너무 신나!	N	2022-07-03 06:00:04	2022-11-08 04:01:39
BE22005785	2	1	와, 그렇게 꿈에 그리던 그녀와의 데이트구만! 아주 신이 나서 훨훨 날아가겠다 친구야, 하하. 그래, 데이트 코스는 머릿속에 대충 그려봤어?	N	2022-07-03 06:00:04	2022-11-08 04:01:39
BE22005785	3	0	음, 사실 그게 너무 생각나는 곳이 많았는데, 검색하다보니 오히려 갈만한 곳이 없는 것 같아. 여자들이 사진 찍기 좋아하는 장소로 유명한 곳을 찾으면, 혹시 오래 기다려야 할까봐 걱정이 돼. 또 자연풍경이 좋은 곳으로 데려갈까도 생각했는데, 혹시 지루해하면 어떡하나 싶고.	N	2022-07-03 06:00:04	2022-11-08 04:01:39
BE22005785	4	1	어휴, 내 친구 아주 사랑에 푹 빠졌구나. 여자 친구를 너무 생각해서 결정을 못하는 모양인데, 앞으로도 천천히 다 가면 돼! 여기저기 함께 다녀보면서 여자 친구 취향도 알아가면 되니 너무 걱정하지 마.	N	2022-07-03 06:00:04	2022-11-08 04:01:39
BE22005785	5	0	맞아, 앞으로 함께 다닐 시간은 많으니까. 내가 다 보여주고 다 함께하고 싶은 마음에 너무 급했나봐. 여자 친구한테도 장소 고르라고 하려고 많이 캡처해놓았는데, 부담스러워하겠다, 그치?	N	2022-07-03 06:00:04	2022-11-08 04:01:39
BE22005785	6	1	아니, 내가 보기엔 오히려 이런 모습이 더 순수하고 보기 좋은걸? 자기와의 데이트를 이렇게나 기대한다니 얼마나 귀엽겠어. 너무 이것저것 고민하면 그게 더 부담이 될 수 있으니 그냥 마음 편하게 먹구 염려 마.	N	2022-07-03 06:00:04	2022-11-08 04:01:39
BE22005785	7	0	그렇게 들으니까 마음이 좀 놓인다, 고마워. 아, 옷도 고민인데, 평소에 워낙 편한 차림으로 다녀서 트레이닝복 입은 모습밖에 못 봤을 거야. 격식 차려서 입고 가야 자기를 존중한다고 생각하겠지?	N	2022-07-03 06:00:04	2022-11-08 04:01:39
BE22005785	8	1	음, 내 생각에는 첫 데이트라고 옷을 너무 불편하게 차려입고 가면 움직이는데 불편할 것 같아. 좀 걸어 다닐 수도 있고 하니 면바지나 청바지에 깔끔한 셔츠 정도가 좋을 것 같은데, 어때?	N	2022-07-03 06:00:04	2022-11-08 04:01:39
BE22005785	9	0	오, 좋아! 보기에도 너무 불편해 보이지 않고 그렇다고 대충 입은 것도 아니고. 아, 너무 떨린다. 나만 혼자 너무 앞서 나가는 걸까봐 진정하려고 하고 있어.	N	2022-07-03 06:00:04	2022-11-08 04:01:40
BE22005785	10	1	지금은 여자 친구가 아니라 나한테 그런 거니 괜찮아. 그런데 들뜬 모습이 과하면 네 말대로 조금 부담스러워할 수도 있으니 심호흡 좀 하구. 뭐든 기대가 너무 크면 아쉬운 마음이 생기기 마련이니, 편하게 다녀온다고 생각해.	N	2022-07-03 06:00:04	2022-11-08 04:01:40
BE22005785	11	0	맞아, 내가 항상 기다리는 영화가 개봉하면 이러거든. 그러다가 평점보다 훨씬 재미없거나 예상치 못한 상황이 생기면 너무 당황스럽고 실망해.	N	2022-07-03 06:00:04	2022-11-08 04:01:40
BE22005785	12	1	응, 상황들이 예상대로 흘러가면 그건 감사할 일이지, 보통 기대한 대로 흘러가지 않잖아. 그러니 항상 여러 가능성을 염두에 두고 생각하는 게 마음도 적당히 편안하고 바로 대처하기에도 좋더라구.	N	2022-07-03 06:00:04	2022-11-08 04:01:40
BE22005785	13	0	와 너 완전 어른스럽다! 고마워, 여자 친구랑 데이트 다녀오고 소감도 말해줄게!	N	2022-07-03 06:00:04	2022-11-08 04:01:40
BE22005785	14	1	그래, 즐겁게 잘 다녀와!	Y	2022-07-03 06:00:04	2022-11-08 04:01:40
