id	utterance_id	utterance_type	utterance_text	terminate	regDate	updDate
BE22004533	1	0	너는 평소에 스트레칭 많이 해? 나 요즘 완전 빠져있어.	N	2022-06-28 06:17:07	2022-11-08 03:53:33
BE22004533	2	1	스트레칭? 나는 몸이 뻣뻣해서 못 하겠더라고. 너는 자주 해?	N	2022-06-28 06:17:07	2022-11-08 03:53:33
BE22004533	3	0	응! 오래 앉아있거나 하면 종종 하곤 했거든. 근데 방금 스트레칭을 해봤는데 완전 유연하게 잘 되는 거 있지? 능력자가 되어버렸나 봐.	N	2022-06-28 06:17:07	2022-11-08 03:53:33
BE22004533	4	1	정말? 그러다가 나중에 스트레칭 강사를 하게 되는 거 아니야? 너무 부럽다. 나도 잘하고 싶어.	N	2022-06-28 06:17:07	2022-11-08 03:53:33
BE22004533	5	0	정말 그래도 될 것 같은 느낌이야. 지금 같은 기분이면 못하던 자세도 성공할 것 같아!	N	2022-06-28 06:17:07	2022-11-08 03:53:33
BE22004533	6	1	네가 발전하는 모습을 보니까 나도 정말 기쁘다. 그동안 들여왔던 노력에 대한 보상이라고 생각하니 내가 다 뿌듯한걸?	N	2022-06-28 06:17:07	2022-11-08 03:53:33
BE22004533	7	0	그럼! 한동안 발전이 없어서 내심 실망했는데 이젠 안심해도 될 것 같아. 오히려 자신감이 차올라서 뭐든 할 수 있는 기분이야!	N	2022-06-28 06:17:07	2022-11-08 03:53:33
BE22004533	8	1	나도 그런 기분 정말 느껴 보고 싶다! 생각만 해도 짜릿한걸? 나중에 꼭 나한테도 그 비법을 전수 해줘야 해!	N	2022-06-28 06:17:07	2022-11-08 03:53:33
BE22004533	9	0	당연하지. 내가 더 열심히 노력해서 전문 강사급의 실력을 갖추면 너부터 알려줄게!	N	2022-06-28 06:17:07	2022-11-08 03:53:33
BE22004533	10	1	항상 어느 분야에서 최고가 되고 싶었던 너의 성격이 여기서도 빛을 보는구나! 넌 분명 그 정도의 실력을 갖출 수 있을 거야! 내가 응원할게!	N	2022-06-28 06:17:07	2022-11-08 03:53:33
BE22004533	11	0	칭찬해줘서 정말 고마워! 그런 말 들으니까 정말 더 열심히 해야겠다는 생각이 드네.	N	2022-06-28 06:17:07	2022-11-08 03:53:33
BE22004533	12	1	앞으로 네가 얼마나 더 발전할지 나도 기대가 된다. 이러다가 새로운 길을 찾게 되는 것 아니야?	N	2022-06-28 06:17:07	2022-11-08 03:53:33
BE22004533	13	0	너무 잘해서 나중에 스카우트를 당하려나? 벌써 너무 김칫국을 마시는 걸까?	N	2022-06-28 06:17:07	2022-11-08 03:53:33
BE22004533	14	1	무슨 소리야. 내가 볼 땐 넌 충분히 그러고도 남을 것 같아. 하고자 하면 뭐든지 이뤘잖아!	N	2022-06-28 06:17:07	2022-11-08 03:53:33
BE22004533	15	0	나도 그러고 싶어! 꼭 더 노력해서 스트레칭을 마스터하고 말 거야!	Y	2022-06-28 06:17:07	2022-11-08 03:53:33
