id	utterance_id	utterance_type	utterance_text	terminate	regDate	updDate
BE22005510	1	0	요즘에 강아지를 키우길 잘했다는 생각이 들어.	N	2022-07-01 04:52:47	2022-11-08 03:59:54
BE22005510	2	1	작년부터 키우기 시작했지? 무슨 이유로 그런 생각이 들었어?	N	2022-07-01 04:52:47	2022-11-08 03:59:54
BE22005510	3	0	어제 자고 일어나니까 강아지가 내 옆에서 곤히 자고 있었거든. 그걸 보자마자 갑자기 너무 행복해지는 거 있지?	N	2022-07-01 04:52:47	2022-11-08 03:59:54
BE22005510	4	1	잘 때 옆에 있다는 건 그만큼 널 좋아한다는 거잖아. 가슴이 정말 몽실몽실해졌겠다!	N	2022-07-01 04:52:47	2022-11-08 03:59:54
BE22005510	5	0	맞아. 너무 편한 표정으로 잠들어있는 강아지를 얼굴을 보니까 저절로 웃음이 나더라고!	N	2022-07-01 04:52:47	2022-11-08 03:59:54
BE22005510	6	1	소소한 일상에서 받은 행복감에 마음이 사랑으로 가득 찼겠다. 그러면 처음부터 널 잘 따라다녔어?	N	2022-07-01 04:52:47	2022-11-08 03:59:54
BE22005510	7	0	아니. 처음에 데리고 왔을 때는 사람을 되게 무서워해서 잘 안 다가왔었어. 그런데 이제는 너무도 잘 따라줘.	N	2022-07-01 04:52:47	2022-11-08 03:59:54
BE22005510	8	1	강아지가 너한테 마음을 열었다는 걸 알게 되어서 기분이 날아갈 것 같았겠다!	N	2022-07-01 04:52:47	2022-11-08 03:59:54
BE22005510	9	0	응! 하는 짓도 너무 예뻐. 진짜 뽀뽀를 퍼붓고 싶다니까.	N	2022-07-01 04:52:47	2022-11-08 03:59:54
BE22005510	10	1	네가 온 마음을 다해 아끼는 마음이 들 수밖에 없겠다. 어떤 점이 가장 예쁜 거 같아?	N	2022-07-01 04:52:47	2022-11-08 03:59:54
BE22005510	11	0	자는 모습도 예쁘지만 내가 집에 돌아올 때 꼬리를 흔들며 반겨주는 모습이 제일 예쁘더라.	N	2022-07-01 04:52:47	2022-11-08 03:59:54
BE22005510	12	1	듣는 나도 저절로 미소가 지어지는데 넌 오죽할까! 네게 무언가 소중한 게 생겼다는 마음에 가슴이 벅차올랐겠다.	N	2022-07-01 04:52:47	2022-11-08 03:59:54
BE22005510	13	0	맞아. 이제 나를 좋아해주는 강아지를 볼 때마다 진심으로 지켜주고 싶다는 생각이 들었어.	N	2022-07-01 04:52:47	2022-11-08 03:59:54
BE22005510	14	1	역시 넌 정말 마음씨가 따뜻한 아이구나! 이런 주인을 만나 강아지도 행복하겠는걸?	N	2022-07-01 04:52:47	2022-11-08 03:59:54
BE22005510	15	0	고마워! 앞으로도 우리 강아지랑 행복한 추억 많이 쌓아볼게!	Y	2022-07-01 04:52:47	2022-11-08 03:59:54
