id	utterance_id	utterance_type	utterance_text	terminate	regDate	updDate
BE22003559	1	0	친구야 나 어제 가방을 저렴하게 구매했어. 너무 비싸서 구매를 망설이던 가방이었는데 인터넷에서 회원가입을 하니까 할인쿠폰을 주더라고. 너무 만족스러운 금액에 구입하게 된 거 있지?	N	2022-06-25 05:28:18	2022-11-08 03:47:19
BE22003559	2	1	정말? 그때 나랑 약속에서 만났을 때 길거리에서 함께 보고 마음에 들었던 그 가방인가? 그때 비싸서 구매 망설였었잖아!	N	2022-06-25 05:28:18	2022-11-08 03:47:19
BE22003559	3	0	맞아. 예뻤던 그 가방을 주문했어, 인터넷에서! 너무 다행이지!	N	2022-06-25 05:28:18	2022-11-08 03:47:19
BE22003559	4	1	그러니까. 예뻐했는데 금액 때문에 망설이는 경우 나도 많아서 그 기분 잘 알지. 그런데 딱 할인쿠폰을 적용해 저렴한 금액으로 결제를 하다니 기분이 너무 좋았을 것 같다!	N	2022-06-25 05:28:18	2022-11-08 03:47:19
BE22003559	5	0	응 맞아. 쿠폰 덕분에 이번 달 소비가 늘지 않고도 평소 필요하고 또 원했던 가방을 구매하게 된 것 같아.	N	2022-06-25 05:28:18	2022-11-08 03:47:19
BE22003559	6	1	역시. 한 달 소비를 잘 지키는 습관을 유지하는 거는 정말 어려운데. 역시 너무 근검절약하는 소비정신이 습관으로 잘 길러져 있는 것 같아!	N	2022-06-25 05:28:18	2022-11-08 03:47:19
BE22003559	7	0	그 정도는 아닌데. 이렇게 나를 칭찬해주니 너무 고맙다. 그때 너도 같이 보다가 옆에 상품 마음에 들어하지 않았어? 사이트에 한 번 들어가 봐 쿠폰을 발급받으면 좋을 거야!	N	2022-06-25 05:28:18	2022-11-08 03:47:19
BE22003559	8	1	그런가? 나도 지금 쓰는 가방이 오래되었는데 회원 가입해서 한번 쿠폰을 받아볼까? 매번 챙겨주기 힘들 텐데 나에게 너무 좋은 정보 주어서 고마워 진짜.	N	2022-06-25 05:28:18	2022-11-08 03:47:19
BE22003559	9	0	아이고. 내가 결제하고 마음에 들어서 만족스러운 마음에 너에게 소개시켜준 건데 뭐. 너에게도 좋은 정보라고 하니 나야말로 뿌듯한걸?	N	2022-06-25 05:28:18	2022-11-08 03:47:19
BE22003559	10	1	그래? 항상 좋은 정보 귀찮아하지 않고 전해줘서 너무 고마운걸? 배송받으면 사진으로 보여주라 나도 가방 결제하려고.	N	2022-06-25 05:28:18	2022-11-08 03:47:19
BE22003559	11	0	좋은 생각이다. 배송도 빠르다고 해서 더 만족스러워. 그럼 내가 배송오는 대로 너에게 사진찍어서 한 번 더 보내줄게. 나에게 잘 어울리는지도 함께 봐줄 수 있겠어?	N	2022-06-25 05:28:18	2022-11-08 03:47:19
BE22003559	12	1	당연하지! 뭐든지 잘 어울리지만 특히나 더 잘 어울리는지 살펴봐 줄게. 나에게 꼭 먼저 보여줘 알겠지? 너도 항상 나를 생각해주고 배려해주는데 당연히 해줄 수 있으니 편하게 말해줘 알겠지?	N	2022-06-25 05:28:18	2022-11-08 03:47:19
BE22003559	13	0	응. 고마워. 너도 저번에 실물로 봤던 그 가방 꼭 사이트에 들어가서 한번 봐봐! 너에게도 잘 어울리면 너무 좋겠다. 같이 새로 산 가방 함께 들고 놀러 가면 더할 나위 없이 좋겠어!	N	2022-06-25 05:28:18	2022-11-08 03:47:19
BE22003559	14	1	좋아! 꼭 살펴볼게! 할인쿠폰까지 챙기는 알뜰함 너에게도 꼭 본받을 생각이야. 배울 점이 많은 너를 친구로 두어서 너무 든든하다.	N	2022-06-25 05:28:18	2022-11-08 03:47:19
BE22003559	15	0	그래. 나도 항상 내 장점 이렇게 잘 칭찬해주는 너를 친구로 두어서 너무 행복해. 그럼 곧 가방 배송받으면 또 연락할게!	Y	2022-06-25 05:28:18	2022-11-08 03:47:19
