id	utterance_id	utterance_type	utterance_text	terminate	regDate	updDate
BE22003655	1	0	내가 저번부터 갖고 싶은 코트가 있다고 했잖아. 그거 마지막 세일에 할인가로 샀어.	N	2022-06-25 14:08:13	2022-11-08 03:47:58
BE22003655	2	1	와, 신나겠다. 비싸서 눈독만 들이고 있다고 했는데 마지막 세일에 네 차지가 됐으니 얼마나 좋아.	N	2022-06-25 14:08:13	2022-11-08 03:47:58
BE22003655	3	0	응 정말 좋아. 그거 사려고 맨날 그 브랜드 온라인몰 들락날락했지.	N	2022-06-25 14:08:13	2022-11-08 03:47:58
BE22003655	4	1	정말 갖고 싶은 걸 사지 않고 세일까지 기다리다니. 그거참, 힘든 일인데, 넌 참 잘 참았어. 대단해.	N	2022-06-25 14:08:13	2022-11-08 03:47:58
BE22003655	5	0	사이즈 확인하려고 백화점 브랜드 매장에 직접 가서 입어봤어. 나한테 너무 잘 어울리는 거야. 그때가 위기였어. 확 사려다가 꾹 참았지.	N	2022-06-25 14:08:13	2022-11-08 03:47:58
BE22003655	6	1	잘했네. 워낙 고가 제품이니 그때 샀으면 지금 세일하는 거 보고 얼마나 속상해.	N	2022-06-25 14:08:13	2022-11-08 03:47:58
BE22003655	7	0	응 그때 안 사고 참은 거 잘한 거 같아. 사고 싶은 욕구를 너한테 얘기하면서 좀 풀었잖아.	N	2022-06-25 14:08:13	2022-11-08 03:47:58
BE22003655	8	1	그랬구나. 그래서 그렇게 코트 타령을 했구나. 그런 과정을 거쳐 코트를 싼값에 샀으니 얼마나 좋아. 축하해.	N	2022-06-25 14:08:13	2022-11-08 03:47:58
BE22003655	9	0	네가 축하해 주니까 더 좋다. 빨리 배송돼서 너한테 입은 모습 보여주고 싶어.	N	2022-06-25 14:08:13	2022-11-08 03:47:58
BE22003655	10	1	그래 나한테 제일 먼저 보여줘. 너는 옷태가 좋아서 입으면 멋질 거야.	N	2022-06-25 14:08:13	2022-11-08 03:47:58
BE22003655	11	0	물건 하나 싸게 산 게 왜 이렇게 좋으냐? 그건 네 덕분이야. 네가 함께 좋아해 줘서 더 기쁜 거 같아.	N	2022-06-25 14:08:13	2022-11-08 03:47:58
BE22003655	12	1	나도 마찬가지야. 친구가 기뻐하는 걸 보는 것도 큰 기쁨이거든.	N	2022-06-25 14:08:13	2022-11-08 03:47:58
BE22003655	13	0	정찰가보다 엄청 싸게 샀으니 돈 번 거 같은 느낌이야. 내가 한턱 낼게.	N	2022-06-25 14:08:13	2022-11-08 03:47:58
BE22003655	14	1	와, 그건 더 좋네. 우리 맛있게 먹자.	Y	2022-06-25 14:08:13	2022-11-08 03:47:58
