id	utterance_id	utterance_type	utterance_text	terminate	regDate	updDate
BE22005255	1	0	오늘 치과에 다녀왔어. 내가 평소에 고르지 못한 치열 때문에 스트레스를 많이 받았거든.	N	2022-06-29 14:28:42	2022-11-08 03:58:14
BE22005255	2	1	맞아. 너가 평소에 치아에 대한 고민거리가 많았잖아. 병원에 다녀오니 의사선생님이 뭐래?	N	2022-06-29 14:28:42	2022-11-08 03:58:14
BE22005255	3	0	내 치열이 교정을 할 경우 효과를 많이 볼 수 있는 형태라고 하더라고. 교정만 하더라도 인상이 크게 좋아질 수 있다는 말을 하셨어. 개선의 여지가 있다는 소리를 들으니 얼마나 행복했는지 몰라.	N	2022-06-29 14:28:42	2022-11-08 03:58:14
BE22005255	4	1	너에게 컴플렉스로 작용한 치열을 드디어 해결할 수 있다니 너가 정말 기쁘겠다. 교정으로 개선된 사례를 많이 봐서 그런지 너의 달라질 모습도 너무 기대 되는데.	N	2022-06-29 14:28:42	2022-11-08 03:58:15
BE22005255	5	0	사실 주변에서 내 치아는 교정으로도 안 될 거라는 말을 많이 들어서 기대를 안 했었거든. 근데 우려와는 다르게 정말 성공적으로 바뀔 케이스라니 정말 행복한 것 있지.	N	2022-06-29 14:28:42	2022-11-08 03:58:15
BE22005255	6	1	너가 그동안 고민했던 부분이 해결이 될 것 같다니 너무 뿌듯하겠다. 의사선생님이 그렇게 말할 정도면 가능성이 충분한가 봐. 부모님하고는 상담 해봤어?	N	2022-06-29 14:28:42	2022-11-08 03:58:15
BE22005255	7	0	당연하지. 그동안 부모님도 나와 같이 많이 고민해주셨거든. 이번에 상담을 받으라고 적극적으로 제안한 것도 부모님이야.	N	2022-06-29 14:28:42	2022-11-08 03:58:15
BE22005255	8	1	부모님이랑 의견이 일치해서 훨씬 편했을 것 같아. 내가 수술을 했을 때도 부모님이 응원과 지원을 해주신다는 게 정말 큰 자산이 되더라고. 너가 마음 편히 교정을 할 수 있겠어.	N	2022-06-29 14:28:42	2022-11-08 03:58:15
BE22005255	9	0	하루 빨리 교정을 해서 좋아하는 사람한테 다가가 보기도 하고, 활짝 웃고 사진도 찍고 싶어.	N	2022-06-29 14:28:42	2022-11-08 03:58:15
BE22005255	10	1	너의 컴플렉스가 해결되면 너가 살아가는데 있어서 훨씬 삶의 질이 높아질거야. 너가 워낙 당당한 성격이니 시너지 효과가 더 날 것 같은데?좋아하는 사람과도 잘 되고, 이쁜 웃음도 선보이고 말이야.	N	2022-06-29 14:28:42	2022-11-08 03:58:15
BE22005255	11	0	내 생각에도 그래. 교정을 하려면 최소 2년 정도 해야 한다는데, 그 시간도 짧게 느껴지는 것 같아. 나 정말 교정하고 싶었나 봐.	N	2022-06-29 14:28:42	2022-11-08 03:58:15
BE22005255	12	1	너가 그 시간 동안 꾸준히 치료하고 관리하다 보면 정말 완벽한 치열을 가질 수 있을 거야. 나도 너가 교정하는 과정을 옆에서 꼭 응원할게.	N	2022-06-29 14:28:42	2022-11-08 03:58:15
BE22005255	13	0	그렇게 말해줘서 고마워. 드디어 내 컴플렉스를 해결 할 수 있게 되었다니 나는 더 이상 바랄 게 없다.	N	2022-06-29 14:28:42	2022-11-08 03:58:15
BE22005255	14	1	너가 정말 얼마나 기분이 좋겠니. 너가 좋아하니까 나도 덩달아 기쁘다. 너의 변화를 응원할게.	N	2022-06-29 14:28:42	2022-11-08 03:58:15
BE22005255	15	0	그렇게 말해줘서 고마워. 경과가 좋으면 너에게 바로 알려줘야겠어!	Y	2022-06-29 14:28:42	2022-11-08 03:58:15
