id	utterance_id	utterance_type	utterance_text	terminate	regDate	updDate
BE22004564	1	0	나 진짜 오늘 대박을 쳤어.	N	2022-06-28 07:03:44	2022-11-08 03:53:46
BE22004564	2	1	오 무슨 좋은 일 있었어?	N	2022-06-28 07:03:44	2022-11-08 03:53:46
BE22004564	3	0	나 원래 민트초코 좋아하잖아. 제일 유명한 민트초코 아이스크림도 맛있긴 한데 민트 맛이 조금 부족했거든. 그런데 이번에 회사 근처 카페에서 민트 맛이 진짜 강한 민트초코 수제 아이스크림 발견함.	N	2022-06-28 07:03:44	2022-11-08 03:53:46
BE22004564	4	1	와! 네가 좋아하는 취향의 가게를 딱 발견했구나! 그러기 쉽지 않은데 너무 축하해!	N	2022-06-28 07:03:44	2022-11-08 03:53:46
BE22004564	5	0	응! 색깔도 엄청 초록색에 초코칩도 많이 박혀 있어. 한입 먹는 순간 입안에서 민트 축제가 펼쳐지는 줄 알았어. 너무 만족스러워서 사장님한테 사랑한다고 고백했잖아.	N	2022-06-28 07:03:44	2022-11-08 03:53:46
BE22004564	6	1	하하 너무 재미있다. 네가 기분 좋아서 어떻게 행동했을지 눈앞에 그려지는 것 같아. 너무 웃겨서 눈물 나.	N	2022-06-28 07:03:44	2022-11-08 03:53:46
BE22004564	7	0	특이 취향이라고 외면받던 나날이여 안녕! 나는 이제 민트초코의 정수를 찾아내었습니다! 동네방네 입소문도 내야겠어.	N	2022-06-28 07:03:44	2022-11-08 03:53:46
BE22004564	8	1	그러게, 민트초코 기준으로 맨날 편가르기하고 그러는 것 봤는데 네가 승리자야! 좋아하는 취향을 꿋꿋이 지켜내는 네가 멋져 보여.	N	2022-06-28 07:03:44	2022-11-08 03:53:46
BE22004564	9	0	그렇지? 좋아하는 건 당당하게 좋아한다고 말해야 돼! 나처럼, 그 수제 아이스크림 사장님처럼.	N	2022-06-28 07:03:44	2022-11-08 03:53:46
BE22004564	10	1	그러니까. 나도 너처럼 취향을 확고하게 만들어서 지키고 싶다.	N	2022-06-28 07:03:44	2022-11-08 03:53:46
BE22004564	11	0	그럼그럼. 그러다보면 이렇게 기적같이 내 취향의 무언가를 딱 발견하게 된다니까! 얼마나 좋아. 사장님도 나 같은 단골이 생겨서 기쁠 거야.	N	2022-06-28 07:03:44	2022-11-08 03:53:46
BE22004564	12	1	맞아, 너처럼 쾌활하고 맛있게 먹어주는 손님이라니 내가 사장님이라도 너무 행복하실 거야.	N	2022-06-28 07:03:44	2022-11-08 03:53:46
BE22004564	13	0	하하, 고마워. 내 호들갑을 받아주는 건 너뿐이야.	N	2022-06-28 07:03:44	2022-11-08 03:53:46
BE22004564	14	1	너랑 이야기하면 나도 절로 행복해지는걸.	Y	2022-06-28 07:03:44	2022-11-08 03:53:46
