id	utterance_id	utterance_type	utterance_text	terminate	regDate	updDate
BE22005001	1	0	오늘 내 생일이라 그런지 남편이 아침상을 차려주었지 뭐야.	N	2022-06-29 05:04:57	2022-11-08 03:56:33
BE22005001	2	1	너희 남편이 요즘 요리학원에 다니더니, 너 생일을 축하해주려고 그랬나봐. 네가 정말 기분 좋겠는데.	N	2022-06-29 05:04:57	2022-11-08 03:56:33
BE22005001	3	0	미역국이랑 잡채를 해놨더라고. 이런 선물은 또 처음 받아봐서 너무 행복하네.	N	2022-06-29 05:04:57	2022-11-08 03:56:33
BE22005001	4	1	네가 남편의 아침상으로 생일을 행복하게 시작할 수 있어서 너무 행복하겠다. 나도 덩달아 미소가 지어지는 것 같아.	N	2022-06-29 05:04:57	2022-11-08 03:56:33
BE22005001	5	0	요즘에 남편이 매일 요리하는 법을 검색해보더라고. 근데 정작 요리를 해주진 않았었는데 생일을 축하해주려고 기다렸나봐. 이런 값진 선물을 받다니 나는 정말 행운아야.	N	2022-06-29 05:04:57	2022-11-08 03:56:33
BE22005001	6	1	결혼 1년 만에 아침상을 대접받았으니 얼마나 행복하겠어. 내 생일을 그렇게 축하해주는 사람이 있다는 건 정말 행운인 것 같아. 네가 정말 많이 기뻐하는 게 여기까지 느껴지는걸.	N	2022-06-29 05:04:57	2022-11-08 03:56:33
BE22005001	7	0	심지어 맛도 너무 좋아서 밥 한 그릇을 깨끗하게 비웠지 뭐야. 오랜만에 포식했어.	N	2022-06-29 05:04:57	2022-11-08 03:56:33
BE22005001	8	1	요리를 해준 것만으로도 고마운데 맛까지 뛰어났다니 정말 행복한 아침식사였겠다. 이 순간 네가 너무 부러운걸.	N	2022-06-29 05:04:57	2022-11-08 03:56:33
BE22005001	9	0	사랑하는 사람한테 사랑받는 것 같아 요즘 행복하네. 즐거운 생일을 보낼 수 있었어.	N	2022-06-29 05:04:57	2022-11-08 03:56:33
BE22005001	10	1	네가 그 사람이랑 오랜 기간 연애하고 결혼한 보람이 있을 것 같아. 그런 사람을 만난 것 자체가 너 인생의 선물 아닐까?	N	2022-06-29 05:04:57	2022-11-08 03:56:33
BE22005001	11	0	내가 생각하기에도 그래. 이런 사람이 왜 나를 만나는지 잘 모를 정도로 과분해.	N	2022-06-29 05:04:57	2022-11-08 03:56:33
BE22005001	12	1	과분하다니. 내가 본 너는 너무 착하고 성실하고 성격도 너무 좋아. 네가 그만큼 좋은 사람이라서 지금의 남편을 만날 수 있었던 거야. 너는 그럴 가치가 충분한 사람이니까 말이야.	N	2022-06-29 05:04:57	2022-11-08 03:56:34
BE22005001	13	0	그렇게 말해줘서 고마워. 네 덕분에 더 행복한 생일을 보낼 수 있게 되었네.	N	2022-06-29 05:04:57	2022-11-08 03:56:34
BE22005001	14	1	오늘 남편의 아침상을 시작으로 생일을 완벽하게 보냈으면 좋겠어. 마지막으로, 생일 너무 축하해. 조만간 만나게 되면 꼭 선물 전달해줄게.	N	2022-06-29 05:04:57	2022-11-08 03:56:34
BE22005001	15	0	선물 안 받아도 될 만큼 행복한걸. 조만간 꼭 만나자!	Y	2022-06-29 05:04:57	2022-11-08 03:56:34
