id	utterance_id	utterance_type	utterance_text	terminate	regDate	updDate
BE22002075	1	0	공감화자야, 나 오늘 태어나 처음으로 영어 자기소개서를 썼어!	N	2022-06-19 04:10:16	2022-11-08 03:37:51
BE22002075	2	1	오, 정말? 대단하다. 너 영어 배운 지 이제 석 달밖에 안 됐잖아?	N	2022-06-19 04:10:16	2022-11-08 03:37:51
BE22002075	3	0	그렇긴 한데, 지난 석 달 동안 정말 열심히 하긴 했거든. 하지만 별 건 아니라서 어디에다 말하긴 그렇고 해서.	N	2022-06-19 04:10:16	2022-11-08 03:37:51
BE22002075	4	1	그게 왜 별거 아니야. 퇴직하고 고른 취미가 영어 공부라는 게 얼마나 대단하니? 평생 고생했으니 이제 좀 느긋하게 쉬어도 될 텐데 자기계발을 하려고 애쓰는 네가 나는 너무 대견한 것 같아.	N	2022-06-19 04:10:16	2022-11-08 03:37:51
BE22002075	5	0	너도 알다시피 내가 집안 형편 때문에 대학을 못 갔잖아. 그래서 평생 공부에 미련이 남더라고. 퇴직했으니 뭘 할까 하다가 영어를 선택했는데 해보니까 정말 재미있는 거 있지?	N	2022-06-19 04:10:16	2022-11-08 03:37:51
BE22002075	6	1	안 그래도 네가 푹 빠져 있는 것 같아서 정말 보기 좋았어. 요새 인터넷 강의나 영상, 애플리케이션도 정말 잘 되어 있어서 마음만 있으면 공부하기는 정말 좋은 환경인 것 같아. 하다가 막히면 그런 것들을 활용해보면 어때?	N	2022-06-19 04:10:16	2022-11-08 03:37:51
BE22002075	7	0	그래서 다운받은 앱만 한 수십 개는 되는 것 같아. 하하. 청소할 때도 영상을 틀어놓고 하는데 잘 알아듣진 못해도 마치 음악 소리처럼 들려서 즐겁다니까.	N	2022-06-19 04:10:16	2022-11-08 03:37:51
BE22002075	8	1	그러면 이미 반은 한 거네. 즐기는 사람 못 따라간다고 하잖니? 나는 퇴직하고 우울증부터 와서 아무것도 못했는데 하고 싶은 일 찾아서 빠져드는 널 보니까 대견하고 나를 새삼 되돌아보게 된다, 얘.	N	2022-06-19 04:10:16	2022-11-08 03:37:51
BE22002075	9	0	에이, 그렇게까지 대단한 건 아니야. 아직 갈 길도 멀었는데 뭘.	N	2022-06-19 04:10:16	2022-11-08 03:37:51
BE22002075	10	1	천 리 길도 한 걸음부터지 뭐. 석 달간 하루도 빠짐없이 공부한 거야?	N	2022-06-19 04:10:16	2022-11-08 03:37:51
BE22002075	11	0	그랬지. 언어는 조금씩이라도 매일 하는 게 중요하다고 해서.	N	2022-06-19 04:10:16	2022-11-08 03:37:51
BE22002075	12	1	너의 성실함이 여기에서 빛을 발하는구나! 매일 회사 일하랴 애들 키우랴 너 얼마나 열심히 살았니? 그러면서도 주변 사람들도 살뜰히 챙겼잖아, 정말 대단해.	N	2022-06-19 04:10:16	2022-11-08 03:37:51
BE22002075	13	0	남들도 다 하는 일인데 뭘. 하지만 가장 친한 친구가 그렇게 말해주니 너무 기쁘다. 나 영어 마스터하면 같이 미국 여행 가자!	N	2022-06-19 04:10:16	2022-11-08 03:37:51
BE22002075	14	1	좋지! 나는 그럼 너만 믿을게. 너는 친구인데도 참 듬직한 언니 같아. 너랑 있으면 하나도 걱정이 안 된다니까.	N	2022-06-19 04:10:16	2022-11-08 03:37:51
BE22002075	15	0	그래, 정말로 나만 믿어. 딱 일 년만 기다리라구!	Y	2022-06-19 04:10:16	2022-11-08 03:37:51
