id	utterance_id	utterance_type	utterance_text	terminate	regDate	updDate
BE22005890	1	0	나 정말 신기한 일 있었어! 정말 신이 나!	N	2022-07-04 01:51:16	2022-11-08 04:02:19
BE22005890	2	1	무슨 일이길래 그렇게 신이 났어?	N	2022-07-04 01:51:16	2022-11-08 04:02:19
BE22005890	3	0	내가 지금 태국으로 해외여행 온 거 알지? 그런데 내가 여기에서 누굴 만났는지 알아?	N	2022-07-04 01:51:16	2022-11-08 04:02:19
BE22005890	4	1	누구를 만났길래 그렇게 신이 났는지 정말 궁금하다.	N	2022-07-04 01:51:16	2022-11-08 04:02:19
BE22005890	5	0	호텔 체크인하려고 왔는데, 호텔 로비에서 중학교 동창을 만난 거 있지! 한국어가 들려서 반가워서 봤더니, 중학교 동창이 가족여행을 왔더라고! 오랜만에 보는 친구인데, 해외에서 만나니까 더 반갑고 기뻤어!	N	2022-07-04 01:51:16	2022-11-08 04:02:19
BE22005890	6	1	세상에, 이야기를 듣는 나도 이렇게 기쁜데, 당사자인 너는 어땠을지 정말 상상이 안 돼. 정말 신기하고 기뻤겠다. 오랜만에 보는 친구라서 더 반가웠을 것 같아.	N	2022-07-04 01:51:16	2022-11-08 04:02:19
BE22005890	7	0	맞아. 얼굴 보고 설마했는데, 친구도 나랑 눈이 마주치더니 알아보더라고! 정말 신기하고 기뻤어.	N	2022-07-04 01:51:16	2022-11-08 04:02:19
BE22005890	8	1	내가 너였어도 정말 신기하고 기뻤을 거야. 아마 나였다면 너무 기뻐서 소리를 지르고 동창을 껴안았을지도 몰라. 상상만으로도 너무 신이 나고 반가운 일인걸!	N	2022-07-04 01:51:16	2022-11-08 04:02:19
BE22005890	9	0	응, 나도 소리 지를 뻔했는데 겨우 참았지 뭐야! 이렇게 만난 것도 인연인데, 내일은 같이 놀고 저녁 먹기로 했어. 엄청 맛있는 식당을 알고 있다고, 소개시켜준다는데 정말 설레!	N	2022-07-04 01:51:16	2022-11-08 04:02:19
BE22005890	10	1	와, 나였어도 정말 설레고 기쁠 것 같아. 한국에서도 우연히 만나기 쉽지 않은데, 해외에서 그것도 같은 호텔에서 만나다니, 정말 인연이다. 엄청난 우연이라서 신기해!	N	2022-07-04 01:51:16	2022-11-08 04:02:19
BE22005890	11	0	응, 이런 일이 있을 수도 있구나 싶어서 신기하고, 우연한 만남이라서 더 기뻐! 근데 같이 이야기하는 건 정말 오랜만이라서 떨리는데, 내일 잘 놀고 올 수 있겠지?	N	2022-07-04 01:51:16	2022-11-08 04:02:19
BE22005890	12	1	당연하지! 내가 아는 너는 사교적이고 활발한 친구라서, 분명 오랜만에 만난 친구랑도 잘 얘기할 수 있을 거야. 걱정하지 마. 그리고 처음에는 조금 어색하겠지만, 너는 친화력이 좋으니까 조금만 지나면 금방 다시 친해질 거야. 내가 응원할게!	N	2022-07-04 01:51:16	2022-11-08 04:02:19
BE22005890	13	0	네가 그렇게 얘기해주니까 정말 기뻐! 덕분에 더 기쁘고 내일이 완전 기대돼!	N	2022-07-04 01:51:16	2022-11-08 04:02:19
BE22005890	14	1	네가 기쁘다니 내가 더 기쁘다. 내일 친구랑 재밌게 놀고, 오늘 여행하느라 피곤했을 텐데 얼른 쉬어!	Y	2022-07-04 01:51:16	2022-11-08 04:02:19
