id	utterance_id	utterance_type	utterance_text	terminate	regDate	updDate
BE22005300	1	0	나 새로 장만한 모자 봐줄 사람!	N	2022-06-30 00:10:50	2022-11-08 03:58:32
BE22005300	2	1	나! 지금 마침 일이 없어서 쉬는 중이었어 심심해.	N	2022-06-30 00:10:50	2022-11-08 03:58:32
BE22005300	3	0	사진 보냈어. 어때 색깔 장난 아니지?	N	2022-06-30 00:10:50	2022-11-08 03:58:32
BE22005300	4	1	와, 평소에 검은색 모자만 쓰고 다녔었잖아! 이렇게 화사한 노란색이라니 내 기분까지 밝아지는 느낌이야. 너무 잘 어울려!	N	2022-06-30 00:10:50	2022-11-08 03:58:32
BE22005300	5	0	정말? 다행이다. 옷장을 보는데 다 무채색밖에 없는 것이 너무 칙칙하더라고. 마음을 뭔가 새롭게 다잡고 싶어서 내가 잘 쓰고 다니는 모자에 변화를 줘봤어.	N	2022-06-30 00:10:50	2022-11-08 03:58:32
BE22005300	6	1	너의 다짐이 느껴지는 색이었구나! 정말 잘 생각했어. 네가 평소에 선택할 때 망설이기도하고 변화보다는 안정을 추구하잖아 ?	N	2022-06-30 00:10:50	2022-11-08 03:58:32
BE22005300	7	0	맞아! 난 상황이 유지되는 편안함이 가장 좋은 사람인걸! 그래서 그런지 이런 사소한 변화도 솔직히 너무 고민을 많이 했어.	N	2022-06-30 00:10:50	2022-11-08 03:58:32
BE22005300	8	1	네가 봤을 때는 사소한 변화일지 몰라도 내딛은 그 한 걸음은 정말 대단한 거야! 그리고 사소하지 않아. 이런 일상의 요소가 하나 변화하는 것 만으로도 네 마음에 긍정적인 영향이 있을 거야!	N	2022-06-30 00:10:50	2022-11-08 03:58:32
BE22005300	9	0	그치? 나도 내 선택이 후회되지 않고 만족스러워. 한 층 밝아진 것 같고, 이 모자를 찾아서 쓸 때면 괜히 더 기분이 좋아지더라고!	N	2022-06-30 00:10:50	2022-11-08 03:58:32
BE22005300	10	1	화사한 노란색 모자를 쓸 때마다 기분이 좋아져서 뿌듯하구나! 이 선택이 너의 옷장 색뿐만 아니라 너의 마음도 더 기운차게 바꿔준 것 같아. 다른 색보다도 특별히 노란색이 끌린 이유가 있어?	N	2022-06-30 00:10:50	2022-11-08 03:58:32
BE22005300	11	0	연보라, 연두, 노란색이 있었는데 눈에 가장 확 들어오는 게 노란색이라 선택했어. 그리고 내가 가지고 있는 검은 색이랑 가장 대비되는 색이라 생각했거든.	N	2022-06-30 00:10:50	2022-11-08 03:58:32
BE22005300	12	1	가장 대비되는 색이어서 고른 거구나. 자신이 유지하던 것에서 바꾸기가 참 쉽지 않은데 정말 용기 있는 행동이다. 이런 마음가짐 하나하나가 앞으로의 네 삶에서 분명 긍정적으로 작용될 거야.	N	2022-06-30 00:10:50	2022-11-08 03:58:32
BE22005300	13	0	그렇게 생각해주다니 고마워. 한 번 눈을 뜨고 나니 노란색이 이렇게 예쁜 색이구나 처음 느꼈다? 다른 색들도 찾아보고 있는데 너무 재밌어!	N	2022-06-30 00:10:50	2022-11-08 03:58:32
BE22005300	14	1	진짜 잘 어울릴 것 같아. 나 만날 때 쓰고 나와줘. 나도 맞춰서 노란색 티셔츠 입고 갈게.	N	2022-06-30 00:10:50	2022-11-08 03:58:32
BE22005300	15	0	완전 좋아. 난 다음에 무슨 색 살지 또 골라보러 가겠어. 곧 약속 잡자!	N	2022-06-30 00:10:50	2022-11-08 03:58:32
BE22005300	16	1	그래, 연락 기다릴게! 모자 예쁘게 쓰고 다녀!	Y	2022-06-30 00:10:50	2022-11-08 03:58:32
