id	utterance_id	utterance_type	utterance_text	terminate	regDate	updDate
BE22003424	1	0	요즘 다시 내 직업에 대한 애정이 생긴 것 같아.	N	2022-06-24 15:03:01	2022-11-08 03:46:28
BE22003424	2	1	어쩌다가 그런 생각이 들었어? 오랜만에 본 너의 얼굴에 웃음꽃이 피어있네. 요즘 좋은 일 있어?	N	2022-06-24 15:03:01	2022-11-08 03:46:28
BE22003424	3	0	아이돌 그룹인 나 자신의 정체성을 부정해왔었는데 이젠 그럴 필요가 없어진 것 같아.	N	2022-06-24 15:03:01	2022-11-08 03:46:28
BE22003424	4	1	어쩌다가 그런 생각이 들었어? 너의 생각이 바뀌었다니 좋은 변화인걸.	N	2022-06-24 15:03:01	2022-11-08 03:46:28
BE22003424	5	0	요즘 내 노래 실력과 춤 실력이 늘면서 자신감을 회복한 것 같아.	N	2022-06-24 15:03:01	2022-11-08 03:46:28
BE22003424	6	1	네가 그동안 많이 힘들어했었는데 자신감을 회복했다니 덩달아 나도 너무 기쁘다. 너가 너 자신을 인정했다는 것도 정말 좋은 소식이네.	N	2022-06-24 15:03:01	2022-11-08 03:46:28
BE22003424	7	0	고마워. 요즘 전보다 노래 부르고 춤추는 게 좋아.	N	2022-06-24 15:03:01	2022-11-08 03:46:28
BE22003424	8	1	네가 노력한 덕분이야. 너의 실력 상승은 그냥 만들어진 게 아니야.	N	2022-06-24 15:03:01	2022-11-08 03:46:28
BE22003424	9	0	소속사 사장님도 나에 대해 엄청나게 칭찬해주셨어.	N	2022-06-24 15:03:01	2022-11-08 03:46:28
BE22003424	10	1	무섭기로 소문난 너의 소속사 사장님이 칭찬을 해줬다니 너무 축하해. 인정을 받기까지 네가 쏟은 노력이 얼마나 큰지 나도 알고있어. 그동안 정말 고생 많았어.	N	2022-06-24 15:03:01	2022-11-08 03:46:28
BE22003424	11	0	고마워. 너의 응원 덕분이지. 네가 계속 응원해준 덕분에 내가 힘을 낼 수 있었어.	N	2022-06-24 15:03:01	2022-11-08 03:46:28
BE22003424	12	1	너의 성장에 내 응원이 원동력이 되어 영향을 미쳤다니 기쁜걸. 요즘 노래와 춤을 하면서 어려운 점은 없어?	N	2022-06-24 15:03:01	2022-11-08 03:46:28
BE22003424	13	0	이상하게도 요즘엔 어려운 점은 없는 것 같아.	N	2022-06-24 15:03:01	2022-11-08 03:46:28
BE22003424	14	1	옛날에는 노래와 춤 때문에 힘들어했던 네가 더 이상 어려움을 겪지 않는다니 너무 놀라운걸. 매번 성장하는 너의 모습을 보니 너무 뿌듯해.	N	2022-06-24 15:03:01	2022-11-08 03:46:28
BE22003424	15	0	그렇게 말해줘서 고마워. 더 열심히 할게.	Y	2022-06-24 15:03:01	2022-11-08 03:46:28
