id	utterance_id	utterance_type	utterance_text	terminate	regDate	updDate
BE22003836	1	0	공감화자야, 너 이제 조금만 더 있으면 내 여자 친구랑 사투리로 대화할 수 있어.	N	2022-06-26 09:29:25	2022-11-08 03:49:07
BE22003836	2	1	그게 무슨 말이야? 네 여자 친구가 우리 고향 사투리를 배우고 있는 거야?	N	2022-06-26 09:29:25	2022-11-08 03:49:07
BE22003836	3	0	응! 정말 반갑지 않아? 얼마나 열심인지 모른다고.	N	2022-06-26 09:29:25	2022-11-08 03:49:07
BE22003836	4	1	갑자기 왜 배우게 된 거야? 신기하고 반갑다. 무슨 계기가 있었던 거야?	N	2022-06-26 09:29:25	2022-11-08 03:49:07
BE22003836	5	0	내가 동아리 모임에 나갔는데 거기 애들이 내가 사투리 억양 있는 걸로 엄청 놀렸거든. 그래서 여자 친구가 화가 났나 봐. 사투리 배워서 같이 쓰고 다니겠다는 거야.	N	2022-06-26 09:29:25	2022-11-08 03:49:07
BE22003836	6	1	야, 너 정말 여자 친구 잘 만났다. 그렇게 사려 깊은 분을 만난 거 정말 네 복 아니야? 얼마나 고마울까!	N	2022-06-26 09:29:25	2022-11-08 03:49:07
BE22003836	7	0	맞아, 진짜 나 여자 친구 복이 하늘을 찌른다. 고마워서 매일 눈에서 꿀이 떨어진다.	N	2022-06-26 09:29:25	2022-11-08 03:49:07
BE22003836	8	1	그럴 만도 하겠지. 너 솔직히 사투리 억양 안 고쳐지는 거 스트레스받아왔잖아. 사람들이 놀리는 것도 싫고, 안 그래?	N	2022-06-26 09:29:25	2022-11-08 03:49:07
BE22003836	9	0	맞아. 지방 사람이라고 놀림당하는 것 같고 우습게 보이는 것도 같아서 싫었지. 그렇지만 이젠 다 괜찮아.	N	2022-06-26 09:29:25	2022-11-08 03:49:07
BE22003836	10	1	사랑하는 사람이 네 콤플렉스를 기꺼이 껴안아 준다는 행위가 널 기쁘게 할 것 같다. 그러니까 네가 이젠 그것에 다 괜찮아진 거겠지. 정말 네게 잘된 일이야.	N	2022-06-26 09:29:25	2022-11-08 03:49:07
BE22003836	11	0	응, 매일 사투리를 배워서 내게 그걸로 말을 거는 여자 친구가 너무 감사해. 참 기쁘고 보람된 일이야.	N	2022-06-26 09:29:25	2022-11-08 03:49:07
BE22003836	12	1	당연하지. 앞으로 더 당당하게 사투리로 말할 수 있겠네. 감사한 일을 더 많은 사람이 알 수 있도록 해야 하지 않겠어?	N	2022-06-26 09:29:25	2022-11-08 03:49:07
BE22003836	13	0	하하, 그런가? 그래 앞으로 더 자신 있게 말해야겠다. 아, 기분 좋아.	N	2022-06-26 09:29:25	2022-11-08 03:49:07
BE22003836	14	1	축하해, 감정화자야. 그런 여자 친구 만나서 네가 행복한 거 보니까 너무 좋다. 네가 그만큼 좋은 애인이니까 여자 친구도 배려가 깊은 거겠지. 앞으로도 잘해서 오래 가라, 알겠지?	N	2022-06-26 09:29:25	2022-11-08 03:49:07
BE22003836	15	0	그래, 좋은 말 고맙다. 또 연락할게.	Y	2022-06-26 09:29:25	2022-11-08 03:49:07
