id	utterance_id	utterance_type	utterance_text	terminate	regDate	updDate
BE22002382	1	0	나는 아직도 예전에 좋아하던 가수의 이름을 비밀번호로 쓰고 있어.	N	2022-06-21 07:09:59	2022-11-08 03:39:50
BE22002382	2	1	학창 시절부터 열렬하게 사랑했던 그 가수 말이지? 그때 그 가수를 바라보던 네 눈동자에 빛이 담겨 있는 것 같았어.	N	2022-06-21 07:09:59	2022-11-08 03:39:50
BE22002382	3	0	맞아, 이제는 큰 관심이 없지만 그 사람은 이제 나의 일부가 된 것 같아. 생각할 때마다 아련해져.	N	2022-06-21 07:09:59	2022-11-08 03:39:50
BE22002382	4	1	한때 내 삶의 일부분을 바쳐서 사랑했던 기억은 평생 남아 있게 되나 봐. 다시 떠올릴 때마다 위로가 되고, 힘이 되고. 어떤 마음인지 알겠어.	N	2022-06-21 07:09:59	2022-11-08 03:39:50
BE22002382	5	0	그때는 어떻게 그토록 큰 마음으로 한 사람만 사랑할 수 있었을까? 어려서 그랬던 걸까?	N	2022-06-21 07:09:59	2022-11-08 03:39:50
BE22002382	6	1	네 말대로 그때는 어려서 힘이 남아돌았으니까. 또 무언가를 받아들일 수 있는 마음의 폭이 넓어서 그랬던 게 아닐까 싶어. 그때만 누릴 수 있는 소중한 추억인 거지.	N	2022-06-21 07:09:59	2022-11-08 03:39:50
BE22002382	7	0	지금은 아주 사소한 일로도 슬퍼하고 싶지 않아서 마음을 꽁꽁 닫아 두게 돼. 마음의 폭이 좁아졌나 봐.	N	2022-06-21 07:09:59	2022-11-08 03:39:50
BE22002382	8	1	그때와 달리 지금은 우리가 어른으로서 맞닥뜨리게 된 슬픔의 종류가 너무 많아서 그래. 예전처럼 마음 놓고 슬퍼할 만한 여유가 없을 만큼 바쁘니까. 아마 다른 어른들도 마찬가지겠지.	N	2022-06-21 07:09:59	2022-11-08 03:39:50
BE22002382	9	0	그때로 돌아가지 못하는 건 서글프지만 많은 것들을 알게 된 지금이 나쁘지는 않아. 오히려 좋다고 생각해.	N	2022-06-21 07:09:59	2022-11-08 03:39:50
BE22002382	10	1	학창 시절에 느꼈던 고민과 불안에 시달리지 않을 수 있게 되어서 더 그런 것 같아. 어렸을 때는 뭐든 자유롭게 할 수 있는 어른들이 부러웠으니까.	N	2022-06-21 07:09:59	2022-11-08 03:39:51
BE22002382	11	0	맞아, 사실 그때보다 지금 마음이 더 편하기는 해. 물론 내가 한 일에 책임도 내가 져야 하지만.	N	2022-06-21 07:09:59	2022-11-08 03:39:51
BE22002382	12	1	혼자 책임을 지는 것도 어른의 권리라고 할 수 있지. 만약 그때로 다시 갈 수 있다면 어떤 선택을 할 거야?	N	2022-06-21 07:09:59	2022-11-08 03:39:51
BE22002382	13	0	그래도 나는 여기 있을래.	N	2022-06-21 07:09:59	2022-11-08 03:39:51
BE22002382	14	1	지금까지 공들여서 이루게 된 것들에 충분히 만족하는구나. 지나간 추억을 추억으로만 기억할 수 있다는 것만큼 좋은 게 또 없지. 너 정말 멋진 어른으로 자랐구나.	N	2022-06-21 07:09:59	2022-11-08 03:39:51
BE22002382	15	0	딱 그런 마음이야. 더 나아질 일은 없겠지만, 더 나빠질 일도 없을 것 같아.	N	2022-06-21 07:09:59	2022-11-08 03:39:51
BE22002382	16	1	오랜만에 추억을 꺼내 보니 참 좋다. 그때 좋아하던 그 가수는 지금 뭐 하고 지내?	N	2022-06-21 07:09:59	2022-11-08 03:39:51
BE22002382	17	0	글쎄, 생각만 하고 어떻게 지내는지 찾아볼 생각을 못했네. 한번 찾아봐야겠다.	N	2022-06-21 07:09:59	2022-11-08 03:39:51
BE22002382	18	1	그 가수는 그때부터 지금까지 얼마나 달라졌는지 보고 나한테도 알려 줘.	Y	2022-06-21 07:09:59	2022-11-08 03:39:51
