id	utterance_id	utterance_type	utterance_text	terminate	regDate	updDate
BE22002618	1	0	야, 지금 많이 바빠?	N	2022-06-22 06:44:46	2022-11-08 03:41:20
BE22002618	2	1	아니, 하나도 안 바빠. 왜?	N	2022-06-22 06:44:46	2022-11-08 03:41:20
BE22002618	3	0	나도 안 바빠서 연락해봤어. 나 요새 너무 편안하고 행복하거든.	N	2022-06-22 06:44:46	2022-11-08 03:41:20
BE22002618	4	1	바쁘지 않다니 좋아 보이네. 행복하다고 말할 정도면 요새 좋은 일이 많은가봐. 네가 행복하다니까 나도 절로 미소가 나온다.	N	2022-06-22 06:44:46	2022-11-08 03:41:20
BE22002618	5	0	응. 이상하게 요새 회사에서 쉬운 업무만 나한테 오는 거 있지? 지난달에는 나만 계속 바빴었잖아.	N	2022-06-22 06:44:46	2022-11-08 03:41:20
BE22002618	6	1	오, 쉬엄쉬엄 일할 수 있어서 좋겠다. 지난달에 바쁘게 일했던 보상인가봐. 너는 늘 성실하게 노력해왔으니까.	N	2022-06-22 06:44:46	2022-11-08 03:41:21
BE22002618	7	0	그런가봐. 그래서 오늘도 일 일찍 끝내고 커피 한잔의 여유를 즐기는 중이야. 몸도 마음도 평화로운 것이 여기가 바로 유럽의 노천카페인 것만 같다.	N	2022-06-22 06:44:46	2022-11-08 03:41:21
BE22002618	8	1	일상 속에서도 여유를 즐길 줄 아는구나. 역시 너의 긍정적인 마인드는 늘 멋있어. 나도 너에게 그런 점을 배우고 싶어.	N	2022-06-22 06:44:46	2022-11-08 03:41:21
BE22002618	9	0	고마워. 나도 이렇게 편하게 회사에 다니던 적이 별로 없는 것 같은데, 정말 선물 같은 요즘이다.	N	2022-06-22 06:44:46	2022-11-08 03:41:21
BE22002618	10	1	행복도 너처럼 즐길 줄 알아야 하는 것 같아.	N	2022-06-22 06:44:46	2022-11-08 03:41:21
BE22002618	11	0	맞아. 이런 여유가 왔을 때에 즐기지 못하면 헛일이지.	N	2022-06-22 06:44:46	2022-11-08 03:41:21
BE22002618	12	1	그래. 너는 그동안 열심히 일하고 매사에 최선을 다했기 때문에 그럴 자격이 있어.	N	2022-06-22 06:44:46	2022-11-08 03:41:21
BE22002618	13	0	고마워. 그렇게 말해주니까 기분이 더 좋다.	N	2022-06-22 06:44:46	2022-11-08 03:41:21
BE22002618	14	1	좋은 소식을 나눠줘서 나야 더 좋지. 고마워.	Y	2022-06-22 06:44:46	2022-11-08 03:41:21
