id	utterance_id	utterance_type	utterance_text	terminate	regDate	updDate
BE22024621	1	0	공감화자님, 제가 친구에게 여행을 다녀온 후 기념품을 선물했는데 사양하면서 거절하더군요. 예상하지 못한 반응이어서 많이 당황스럽고 놀랐어요. 제 선물을 왜 거절한 건지 이해할 수 없어서 참 혼란스러워요.	N	2022-10-05 20:21:03	2022-10-05 20:21:03
BE22024621	2	1	감정화자님께서는 순수하게 좋은 마음을 담아서 선물을 했는데 그걸 거절당하시니 당연히 당혹스러우시겠지요. 저라도 그런 상황에 놓인다면 많이 놀라고 서운했을 것 같아요.	N	2022-10-05 20:21:03	2022-11-08 06:01:23
BE22024621	3	0	혹시 친구가 제 선물이 너무 작아서 마음에 안 든 건 아닐까 신경 쓰여요. 저는 나름대로 신경 쓴 건데 서운하기도 하고요. 제가 선물을 했을 때 한 번도 거절한 적 없는 친구라서 더욱 혼란스럽고 당황스러워요.	N	2022-10-05 20:21:03	2022-11-08 06:01:23
BE22024621	4	1	이제까지 이런 적이 없던 사람이 그러면 정말 더욱 당혹스러울 것 같아요. 친구 분에게 솔직하게 왜 그러느냐고 물어보시는 것은 어떨까요?	N	2022-10-05 20:21:03	2022-11-08 06:01:23
BE22024621	5	0	저도 그러고 싶은 마음은 굴뚝같은데 혹시라도 친구가 부담스러워 할까 걱정이 되어서요. 친구 입장에서는 마치 제가 추궁하는 것처럼 느껴질까 걱정되네요. 만약 친구가 그렇게 느낀다면 저는 더 당황스럽고 마음이 복잡해질 테니까요.	N	2022-10-05 20:21:03	2022-10-05 20:21:03
BE22024621	6	1	그렇지만 알고 보면 사실 별 이유가 아닐 수도 있잖아요. 사실을 모르고 혼자서 상상만 계속하다 보면 오히려 더 오해만 쌓이고 감정이 풀리지 않을 거예요. 때로는 감정을 해소하고 진정시키기 위해서 용기를 내는 게 필요한 것 같아요.	N	2022-10-05 20:21:03	2022-11-08 06:01:23
BE22024621	7	0	똑같은 선물을 다른 친구에게 보냈을 때는 그 친구가 되게 기뻐하면서 받았거든요. 그래서 더욱 혼란스럽고 당황스러웠어요. 선물의 문제는 아닌 것 같은데, 어쩌면 친구가 제게 서운한 감정이 있었나 싶어서 혼란스러워요.	N	2022-10-05 20:21:03	2022-10-05 20:21:03
BE22024621	8	1	감정화자님께서는 늘 사려깊고 다정하시기 때문에 감정화자님께서 잘못하신 것은 없으실 거예요. 그날따라 친구가 마음이 복잡하고 침울해서 그랬을 수도 있지요. 감정화자님은 순전히 호의이자 선의를 베푸신 것뿐이니까 스스로를 의심하지 않으셔도 돼요.	N	2022-10-05 20:21:03	2022-11-08 06:01:23
BE22024621	9	0	이전에 친구가 제게 말했던 게 기억이 나서 더 혼란스럽고 당황스러워요. 친구는 경제적으로 힘들어서 선물을 많이 못 하는데, 언제나 저만 선물을 많이 주니까 좀 부담스럽다고 말했어요. 하지만 제가 그건 신경 쓰지 말라고 했는데, 여전히 그런 마음을 갖고 있다면 참 당황스럽네요.	N	2022-10-05 20:21:03	2022-11-08 06:01:23
BE22024621	10	1	친구 분께서도 워낙 선량하시고 순수하셔서 그러신 것 같아요. 서로를 너무나 위하는 사이라서 이런 일이 벌어진 것 같네요. 친구와 허심탄회하게 이야기를 나누면 도리어 둘의 우정이 더 끈끈해질 사안 같아요.	N	2022-10-05 20:21:03	2022-11-08 06:01:23
BE22024621	11	0	정말 공감화자님 의견처럼 제가 용기를 내서 친구에게 진솔한 대화를 신청해야겠어요. 둘이 마음을 터 놓고 대화하다 보면 오해도 풀리고 저의 당황스러운 마음도 진화가 될 듯해요.	N	2022-10-05 20:21:03	2022-11-08 06:01:23
BE22024621	12	1	그렇게 솔직한 마음을 내 보이는 것이 쑥스럽고 부끄럽게 느껴지기도 하지만 사실은 참 좋은 것이지요. 감정화자님께서 친구 분과 대화를 나누시면서 당황스러운 마음과 혼란스러운 기분을 가라앉히실 수 있기를 바라요.	N	2022-10-05 20:21:03	2022-11-08 06:01:23
BE22024621	13	0	공감화자님과 대화를 하면서 제가 용기를 많이 얻네요. 저 혼자서 였다면 내내 고민만 하고 속앓이만 했을 거예요. 저를 격려해주시고 저에게 용기를 주셔서 고마워요.	N	2022-10-05 20:21:03	2022-11-08 06:01:23
BE22024621	14	1	감정화자님께서 마음이 한결 편안해지셨다면 저는 그것만으로 뿌듯하고 기뻐요.	Y	2022-10-05 20:21:03	2022-11-08 06:01:23
