id	utterance_id	utterance_type	utterance_text	terminate	regDate	updDate
BE22025422	1	0	선배님, 저 여자친구가 생겨서 엄청 좋아했잖아요? 그런데 이번달 카드값을 보고 이게 맞나 정말 당황스러워서요. 돈을 너무 많이 썼습니다.	N	2022-10-07 13:14:02	2022-10-07 13:14:02
BE22025422	2	1	진짜? 얼마나 많이 썼길래, 네가 그렇게 이야기하는지 궁금하네.	N	2022-10-07 13:14:02	2022-11-08 06:06:07
BE22025422	3	0	정확하게 여자친구 없을 때보다 2배 더 썼더라고요. 솔직하게 아무 생각 없이 카드를 긁고 다녔긴 했는데, 이렇게 될지는 몰랐습니다. 약간 한심합니다.	N	2022-10-07 13:14:02	2022-11-08 06:06:07
BE22025422	4	1	한심한 것은 아니고, 충분히 그럴 수 있는 일이라고 생각해. 네가 고민이 되나 보구나.	N	2022-10-07 13:14:02	2022-11-08 06:06:07
BE22025422	5	0	솔직하게 말씀드리면, 여자친구가 정말 돈을 잘 안 냅니다. 처음부터 안내서 조금 당황하긴 했어요. 그러려니 했는데, 이게 개선이 안 되네요.	N	2022-10-07 13:14:02	2022-11-08 06:06:07
BE22025422	6	1	아! 어쩐지 나름의 이유가 있었구나. 상당히 혼란스럽겠다. 여자친구와 이 문제로 이야기는 해봤니?	N	2022-10-07 13:14:02	2022-11-08 06:06:07
BE22025422	7	0	아뇨. 만난 지 얼마 안 되었으니까, 이번 달이 카드 결제가 처음으로 많이 나온 거라서 아직 이야기는 못 했습니다. 뭔가 지적하면 속이 좁은 사람으로 보일까 걱정이기도 하네요.	N	2022-10-07 13:14:02	2022-11-08 06:06:07
BE22025422	8	1	충분히 공감해. 받아들이는 입장에서 잘 이해해야 하는데, 하여튼 참 어려운 문제라고 생각한다.	N	2022-10-07 13:14:02	2022-11-08 06:06:08
BE22025422	9	0	아 이번 달 카드값도 메꾸는 게 쉽지 않을 것 같아서 어떻게 처리해야 할지 모르겠어요. 이렇게 하다가는 은행 대출까지 받아서 데이트를 해야 하나 싶습니다.	N	2022-10-07 13:14:02	2022-11-08 06:06:08
BE22025422	10	1	그래. 뭐 돈을 빌려서라도 여자친구가 좋다면 무엇을 하든 괜찮다고 생각해. 다만 네가 카드값이 많이 나오고 혼란스러워 하는 것 같아서 마음이 쓰이네. 여자친구가 알아서 해주면 좋은데 말이야.	N	2022-10-07 13:14:02	2022-11-08 06:06:08
BE22025422	11	0	머리로는 이렇게 만나는 것은 아니야 라고 하는데, 마음으로는 그게 쉽게 안 되는 것 같습니다.	N	2022-10-07 13:14:02	2022-11-08 06:06:08
BE22025422	12	1	뭔가 고민이 된다는 것은 너 스스로 괴리가 있다는 것을 알고 있는 것이니까 여자친구와 논의해봐. 이게 지금은 맞는 것 같더라도 그 마음이 변하지 않으리라는 보장은 없으니까.	N	2022-10-07 13:14:02	2022-11-08 06:06:08
BE22025422	13	0	네. 선배님. 심사숙고해보고 이야기를 할지 말지 결정해야겠어요.	N	2022-10-07 13:14:02	2022-10-07 13:14:02
BE22025422	14	1	그래. 다른 사람의 이야기를 듣는 것보다 숙고하고, 당사자와 상의하는 게 제일 좋은 방법인 것 같아.	N	2022-10-07 13:14:02	2022-11-08 06:06:08
BE22025422	15	0	네. 선배님. 제 이야기 들어주셔서 감사합니다.	Y	2022-10-07 13:14:02	2022-10-07 13:14:02
