id	utterance_id	utterance_type	utterance_text	terminate	regDate	updDate
BE22004828	1	0	오늘 아침 늦잠을 자 정신없이 집을 나섰더니 비가 쏟아져. 아무리 기다려도 버스가 안 와 전철역까지 뛰다시피 가고 있는데 버스가 흙탕물을 튀기며 지나가는 거야. 오늘 중요한 거래처 미팅 있는데 어떡하지?	N	2022-06-28 15:03:06	2022-11-08 03:55:27
BE22004828	2	1	약속 시각까지 올 수 있겠어? 옷에 흙탕물 많이 묻었어?	N	2022-06-28 15:03:06	2022-11-08 03:55:27
BE22004828	3	0	나 제시간에 못 가. 이제 가까스로 전철 탔는데 회사 지각은 당연하고 거래처 미팅 시간도 못 맞추겠어. 옷은 난리도 아니고, 어쩌면 좋지?	N	2022-06-28 15:03:06	2022-11-08 03:55:27
BE22004828	4	1	일단 진정하고 마음을 가라앉혀. 나는 이미 사무실에 나와 있으니까 부서장한테 상황 보고하고 대처 방안 만들어볼게.	N	2022-06-28 15:03:06	2022-11-08 03:55:27
BE22004828	5	0	부서장한테 보고하면 나 박살 나. 이번 미팅 워낙 중요해서 일 그르치면 큰일 나거든.	N	2022-06-28 15:03:06	2022-11-08 03:55:27
BE22004828	6	1	오늘 거래처 미팅이 얼마나 중요한지 잘 알아. 그러니 네가 지금 얼마나 당황스럽겠어. 내가 대신 해줄 수도 없고 나도 참 답답하네.	N	2022-06-28 15:03:06	2022-11-08 03:55:27
BE22004828	7	0	회사 도착 전까지 대처 방안을 마련해야 하는데 도무지 어떻게 해야 할지 모르겠어. 내 꼬락서니는 또 어떻고.	N	2022-06-28 15:03:06	2022-11-08 03:55:27
BE22004828	8	1	미팅에 늦으면 네가 질책받을 거 아는데 그래도 거래처 일 그르치는 것보다 낫지 않을까? 부서장이 상황을 알아야 책임감 있게 대처할 수 있지.	N	2022-06-28 15:03:06	2022-11-08 03:55:27
BE22004828	9	0	그렇겠지? 부서장한테 혼날 생각하니 아득해져서 판단이 제대로 안 된다. 네 말 듣고 보니 그래도 부서장한테 보고해야 되겠어.	N	2022-06-28 15:03:06	2022-11-08 03:55:27
BE22004828	10	1	네가 지금 늦을 수밖에 없고 미팅에 참석 못하는 상황 잘 보고할게. 흙탕물 튀긴 버스 잘못을 부각하면서 말이야.	N	2022-06-28 15:03:06	2022-11-08 03:55:27
BE22004828	11	0	그래 그러는 게 낫겠어. 이 꼴로는 미팅에 들어갈 수가 없겠어. 아, 나는 왜 오늘 같은 날 늦잠을 자 이 꼴이 됐을까.	N	2022-06-28 15:03:06	2022-11-08 03:55:27
BE22004828	12	1	너무 자책하지 마. 직장 생활하다 보면 시간 못 맞춰 아찔한 순간 다 겪어. 너는 한 번도 그런 일이 없다 처음 겪는 것이니 얼마나 대단해.	N	2022-06-28 15:03:06	2022-11-08 03:55:27
BE22004828	13	0	그런가? 나만 한심한 게 아니었어? 네 말 들으니 좀 위안이 된다.	N	2022-06-28 15:03:06	2022-11-08 03:55:27
BE22004828	14	1	그래 너무 걱정하지 말고, 담대한 마음으로 출근해. 내가 갈아입을 옷은 어떻게든 준비해 놓을게.	N	2022-06-28 15:03:06	2022-11-08 03:55:27
BE22004828	15	0	야, 너 없었으면 나 어쩔 뻔했냐. 너 없으면 아마 이직했을 거야. 고마워.	Y	2022-06-28 15:03:06	2022-11-08 03:55:27
