id	utterance_id	utterance_type	utterance_text	terminate	regDate	updDate
BE22016106	1	0	최근에 누진다초점 렌즈로 안경을 바꿨거든. 그 뒤로 온종일 어지럽고 피곤해서 도무지 적응이 안 돼서 무척 당황스럽네.	N	2022-08-29 03:08:20	2022-08-29 03:08:20
BE22016106	2	1	이사님, 노안이 온 모양이시네요. 처음 쓰시면 힘들다고 얘기는 들었어요.	N	2022-08-29 03:08:20	2022-11-08 05:07:13
BE22016106	3	0	문자를 보려고 스마트폰을 보면 한참은 지나야 선명히 보이고 초점 맞추기가 무척 어려워. 속도 메슥거리는 것 같고 너무 피곤해서 요즘 일찍 잠자리에 든다니까. 젊었을 때는 시력 교정을 해도 이러지 않았는데 노안이라 역시 다른 건지 싶고.	N	2022-08-29 03:08:20	2022-08-29 03:08:20
BE22016106	4	1	예전과는 달리 적응이 힘드셔서 아주 당황스러우시겠어요. 일상생활에서 느끼는 불편함 때문에 혼란스러우시죠. 적응에 큰 노력을 기울여야 해서 여러모로 어려움이 많으실 거예요.	N	2022-08-29 03:08:20	2022-11-08 05:07:13
BE22016106	5	0	그러게, 눈이 나쁘면 그저 먼 것만 안 보이는 줄 알았지. 바로 눈앞의 것이 흐려지는 경험을 하게 되는 것도 당황스럽고 그래. 내 마음대로 눈이 말을 듣지 않으니 정신도 멍한 것 같아.	N	2022-08-29 03:08:20	2022-08-29 03:08:20
BE22016106	6	1	이사님도 아시겠지만 근시일 때 도수가 바뀌어도 적응하는 데 여러 날 걸리잖아요. 조금 시간이 지나면 나아지실 테니 그동안 적응 기간이라고 생각하세요. 노안은 되돌릴 수 없으니 받아들이려고 노력하는 마음도 중요하고요.	N	2022-08-29 03:08:20	2022-11-08 05:07:13
BE22016106	7	0	고작 눈 하나에 온 하루가 어지럽고 휘청일 줄 누가 알았을까. 나이 먹는 게 왠지 서럽게도 느껴지고 이제 정말 늙는구나 싶어. 심란한 마음이 온통 가득 차오르네.	N	2022-08-29 03:08:20	2022-08-29 03:08:20
BE22016106	8	1	지금 눈의 불편감 때문에 마음이 좋지 않으시지만, 또래 어른과 비교하면 얼마나 활기 넘쳐 보이시는데요. 저도 이사님처럼 밝은 에너지가 넘치는 분이 되는 게 꿈인걸요. 그러니 너무 의기소침해하지 않으셨으면 좋겠어요.	N	2022-08-29 03:08:20	2022-11-08 05:07:13
BE22016106	9	0	자네가 눈이 어두워진다는 게 어떤 의미인지 몰라서 그래. 올라오는 수많은 서류를 일일이 확인해서 결제해야 하는데 눈이 이 모양이니 갑갑해. 수시로 오는 연락을 휴대전화를 확인하면서도 자꾸 막히는 느낌이고.	N	2022-08-29 03:08:20	2022-08-29 03:08:20
BE22016106	10	1	맞아요, 감히 제가 상상도 못 할 만큼 힘드실 것 같아요. 하지만 시간이 흐르고 적응이 되면 언제 그랬냐 싶게 젊은 저보다 쌩쌩하게 활동하실 걸 아는데요. 일하시며 겪어온 수많은 난관을 제일 앞에서 헤쳐오셨으니 이번에도 이겨낼 거라 저는 믿어요.	N	2022-08-29 03:08:20	2022-11-08 05:07:13
BE22016106	11	0	자네가 나를 웃게 만드네. 아직은 괜찮다고 말해주는 듯해 한결 기분이 나아지네. 시간이 조금 걸릴지 모르겠지만 나도 다른 사람들처럼 적응을 잘 해내겠지.	N	2022-08-29 03:08:20	2022-08-29 03:08:20
BE22016106	12	1	이사님은 늘 마음먹은 대로 이루시는 분이니, 조급하게만 생각하지 않으시면 본인도 모르게 어느새 익숙해지실 거예요. 그러면 복잡했던 마음도 가라앉으실 테고요. 그러니 조금만 마음을 느긋하게 가지시길 바라요.	N	2022-08-29 03:08:20	2022-11-08 05:07:13
BE22016106	13	0	그래 그렇게 말해주니 힘이 나. 자네도 젊어서 눈 관리 잘해서 최대한 노안이 늦게 오도록 주의하고. 그때는 자네에게 받은 조언을 돌려줌세.	N	2022-08-29 03:08:20	2022-08-29 03:08:20
BE22016106	14	1	그거 좋겠는데요. 저도 요즘 전자기기에서 놓여나기 힘들어서 눈이 퍽퍽한데 이사님 말씀 새겨들어야겠어요. 마음 복잡한 상황에서 저까지 챙겨주시는 넓은 마음에 감사합니다.	N	2022-08-29 03:08:20	2022-11-08 05:07:13
BE22016106	15	0	그럼 내가 아끼는 자네가 건강해야 나에게도 좋은 거니까. 늘 나를 챙겨주니 고맙네.	Y	2022-08-29 03:08:20	2022-08-29 03:08:20
