id	utterance_id	utterance_type	utterance_text	terminate	regDate	updDate
BE22021783	1	0	저 시 부모님 댁 냉장고 열어보고 어찌나 당황스러웠는지 몰라요. 냉장고에 먹을 게 하나도 없는 거예요. 비어있는 냉장고를 보면서 제가 너무 무심했던 것 같아 제 자신이 너무 부끄러웠어요.	N	2022-09-26 17:43:09	2022-11-08 05:44:37
BE22021783	2	1	얼마나 많이 놀라셨어요. 생각지도 않았는데 먹을 게 없는 냉장고라니 한동안 멍하셨지요. 저라도 예상치 못한 상황이면 어찌할 바를 모를 것 같아요.	N	2022-09-26 17:43:09	2022-11-08 05:44:37
BE22021783	3	0	네 진짜 많이 놀랐어요 괜히 제 잘못 같기도 하고요. 순간 쥐구멍이라도 들어가고 싶더라고요. 바쁘다면 자주 못 간 제 탓 같아서 후회가 되고 죄송하고 그랬어요.	N	2022-09-26 17:43:09	2022-11-08 05:44:37
BE22021783	4	1	너무 자책하지 마세요 제가 보기에는 정말 훌륭하세요. 부모님 용돈도 드리시지요 아프시면 꼭 병원 모시고 가시고 생신까지 다 챙기시잖아요. 그러니 그만 속상해하세요.	N	2022-09-26 17:43:09	2022-11-08 05:44:37
BE22021783	5	0	그렇게 말해 주니 정말 고마워요 정말 당황스럽고 힘든 순간이었어요. 어머님께 앞으로는 냉장고 비우지 마시고 먹을 것 가득 채우고 드시라고 용돈 드리고 왔어요. 그래도 마음이 안 편해서 다음날 냉장고 채워 드렸어요.	N	2022-09-26 17:43:09	2022-09-26 17:43:09
BE22021783	6	1	정말 마음이 따뜻하세요 저라면 그렇게 못 했을 거예요. 시 부모님을 생각하시는 그 마음이 느껴지네요 그러니 이제 당당하세요 그만 부끄러워하셔도 돼요.	N	2022-09-26 17:43:09	2022-11-08 05:44:37
BE22021783	7	0	사실 저희 시 부모님이 참 좋으세요 그래서 저 나름 잘한다고 했거든요. 먹을 게 없는 냉장고라니 그래서 그날 그렇게 당황 한 것 같아요.	N	2022-09-26 17:43:09	2022-11-08 05:44:37
BE22021783	8	1	신경 쓴다고 생각했는데 그런 상황이니 당연히 놀라고 힘들지요. 그래도 이제 다 괜찮아졌잖아요 그리고 다 잘 하셨고요. 앞으로 더 좋은 일만 있을 거예요 그러니 이제 힘내세요.	N	2022-09-26 17:43:09	2022-11-08 05:44:37
BE22021783	9	0	네 고맙고 잘 알겠어요 저도 이제 그만 자책할게요. 그리고 제가 더 자주 부모님 댁에 가려고 요. 그동안 제가 바쁘다고 너무 제 생각만 한 것 같아서요 부모님도 좋아하시겠지요.	N	2022-09-26 17:43:09	2022-11-08 05:44:37
BE22021783	10	1	당연히 좋아하시지요 그래도 너무 바쁘고 힘들 때는 무리하지 말았으면 좋겠네요. 어쨌든 이제 괜찮아지셔서 저도 기쁘네요.	N	2022-09-26 17:43:09	2022-11-08 05:44:37
BE22021783	11	0	정말 기분이 좋아요 진짜 고맙고 감사해요. 꼭 제 잘못 같았는데 이제 괜찮아졌어요. 아직은 두 분 모두 건강하시고 이제라도 몸에 좋은 걸로 냉장고 가득 채우면 되니까요.	N	2022-09-26 17:43:09	2022-11-08 05:44:37
BE22021783	12	1	와우 정말 멋지세요 어쩜 그런 긍정적인 생각을 하시는지 대단하세요. 앞으로도 그 모습 잊지 말고요 힘내세요.	N	2022-09-26 17:43:09	2022-11-08 05:44:37
BE22021783	13	0	어머 막 칭찬도 해주시고 덩달아 기분이 좋아지네요. 이러다 저 춤까지 추겠어요. 칭찬은 고래도 춤추게 하는데 너무 고맙고 큰 힘이 되었네요.	N	2022-09-26 17:43:09	2022-09-26 17:43:09
BE22021783	14	1	기분만 좋아진다면 춤추면 되지요 저도 함께 출까요.	N	2022-09-26 17:43:09	2022-11-08 05:44:38
BE22021783	15	0	네 그것도 좋은 생각이네요. 덕분에 무겁던 기분이 가벼워졌어요. 정말 고마워요.	Y	2022-09-26 17:43:09	2022-09-26 17:43:09
