id	utterance_id	utterance_type	utterance_text	terminate	regDate	updDate
BE22000843	1	0	여자 친구랑 싸웠어요. 왜 화가 났냐고 물어보니까 맞춰보라네요. 항상 이런 식이라니까요.	N	2022-06-13 08:43:38	2022-11-08 03:29:45
BE22000843	2	1	아, 정말 공감되네요. 제 여자 친구도 자주 그러거든요. 화난 이유를 절대 먼저 말해주지 않죠.	N	2022-06-13 08:43:38	2022-11-08 03:29:45
BE22000843	3	0	그런데 저는 이번 일은 정말 모르겠거든요. 혼란스러워 죽겠어요.	N	2022-06-13 08:43:38	2022-11-08 03:29:45
BE22000843	4	1	무슨 일이 있으셨던 건지 한번 말씀해 보세요. 함께 맞춰봐요.	N	2022-06-13 08:43:38	2022-11-08 03:29:45
BE22000843	5	0	엊그제 여자 친구와 여자 친구의 친구를 만났는데, 제가 친구분한테 일본 로맨스 영화에 나오는 배우 닮았다고 했거든요. 그 뒤로 쭉 기분이 안 좋더니 오늘은 별것도 아닌 걸로 갑자기 화를 버럭 내잖아요.	N	2022-06-13 08:43:38	2022-11-08 03:29:45
BE22000843	6	1	감정화자씨가 친구분을 너무 구체적으로 칭찬을 해 주셔서 그런 것 같네요. 사실은 정확한 이유가 뭐든 간에 기분을 풀어주는 게 최우선이긴 하죠.	N	2022-06-13 08:43:38	2022-11-08 03:29:45
BE22000843	7	0	그런가요? 그냥 닮아서 닮았다고 했을 뿐인데... 뭘 어떻게 풀어줘야 하는지 모르겠어요. 잘못한 것도 없이 매일 죄인처럼 사과하는 것도 힘들고요.	N	2022-06-13 08:43:38	2022-11-08 03:29:45
BE22000843	8	1	맞아요. 여자 친구 앞에서는 늘 죄인이 된 기분이에요. 영혼 없이 사과를 위한 사과를 하고 나면 정말로 자괴감 같은 게 들기도 하죠.	N	2022-06-13 08:43:38	2022-11-08 03:29:45
BE22000843	9	0	그러니까요. 이번에도 그냥 무조건 비는 게 낫겠죠? 정말 서럽고 당황스럽네요.	N	2022-06-13 08:43:38	2022-11-08 03:29:45
BE22000843	10	1	저도 그 기분 정말 이해합니다. 그래도 좋은 게 좋은 거라고, 사실 여자 친구한테 자존심 세워가면서 싸우는 게 또 무슨 소용이겠어요. 사랑하는 사람한테는 져 주는 게 이기는 거라고 생각하면서 기분 푸세요.	N	2022-06-13 08:43:38	2022-11-08 03:29:45
BE22000843	11	0	맞는 말씀이긴 하네요. 애꿎은 자존심 세워봤자 싸움만 길어지니까요. 이것 때문에 헤어질 것도 아닌데...	N	2022-06-13 08:43:38	2022-11-08 03:29:45
BE22000843	12	1	현명하신 생각입니다. 미친 듯 싸우다가도 그래서 이걸로 헤어질 건가? 생각하면 아니거든요. 그래서 화가 스르르 풀리는 경우가 많은 것 같아요.	N	2022-06-13 08:43:38	2022-11-08 03:29:45
BE22000843	13	0	그래서 부부 싸움은 칼로 물 베기라는 말이 있나 봐요. 연인 관계만 해도 이런데 부부는 어떻겠어요. 물론 부부가 되어서도 매일 같이 이렇게 싸운다고 생각하면 정말 아득하지만요.	N	2022-06-13 08:43:38	2022-11-08 03:29:46
BE22000843	14	1	결혼까지 생각하시는 거군요. 그러면 여자 친구분에게 앞으로는 화가 난 이유에 대해 명확히 말해 주는 게 어떻겠냐고 말씀해 보시는 게 어때요? 매번 이렇게 수수께끼 하듯이 싸울 수는 없는 거니까 허심탄회하게 대화하시면 좀 달라질 수도 있을 듯한데요.	N	2022-06-13 08:43:38	2022-11-08 03:29:46
BE22000843	15	0	그래야겠어요. 이번에는 한번 진지하게 말해볼게요. 덕분에 용기가 좀 생기네요.	N	2022-06-13 08:43:38	2022-11-08 03:29:46
BE22000843	16	1	네. 부디 이번 싸움이 여자 친구분과 더 돈독해지는 기회가 되시면 좋겠어요.	Y	2022-06-13 08:43:38	2022-11-08 03:29:46
