id	utterance_id	utterance_type	utterance_text	terminate	regDate	updDate
BE22023791	1	0	어제 딸아이 생일이라 선물 사준다고 백화점에 다녀왔어요.	N	2022-10-03 22:06:05	2022-10-03 22:06:05
BE22023791	2	1	팀장님은 역시 자상한 아버지이시네요. 따님이 무척 좋아했겠어요. 선물은 무얼 사 주셨나요?	N	2022-10-03 22:06:05	2022-11-08 05:56:30
BE22023791	3	0	옷을 한 벌 사 줬지요. 그런데 요즘 옷값이 장난이 아니라 놀랐어요. 그동안 모아놓은 비상금을 탈탈 털어야 했어요.	N	2022-10-03 22:06:05	2022-10-03 22:06:05
BE22023791	4	1	생각보다 가격이 좀 나갔나 보네요. 아무리 재질이나 디자인이 좋다고 해도 가격을 보면 너무 비싸다 싶을 때가 있죠.	N	2022-10-03 22:06:05	2022-11-08 05:56:30
BE22023791	5	0	딸아이에게 특별한 날이라서 호기롭게 원하는 걸 고르라고 했던 터라 그냥 사 줫어요. 딸의 기뻐하는 얼굴을 보면서 참 흐뭇했는데, 태그에 써진 가격을 보는 순간에는 아찔하더군요. 다음 월급날까지 술자리는 이제 안녕입니다.	N	2022-10-03 22:06:05	2022-10-03 22:06:05
BE22023791	6	1	따님에게 기쁨을 주려고 희생하시는 모습 참 멋있습니다. 저도 항상 가족에게 자상한 팀장님의 모습을 본받아야겠어요.	N	2022-10-03 22:06:05	2022-11-08 05:56:30
BE22023791	7	0	자상한 아버지고 되려고 노력은 하는데 아이들은 어떻게 생각할지 모르겠어요. 딸아이가 이제 고3이라 공부하느라 많이 지쳐 있거든요. 그래서 선물을 고르는 동안이라도 생기가 도는 모습을 보니까 당황스러운 가격도 감수할 수 있겠더라고요.	N	2022-10-03 22:06:05	2022-10-03 22:06:05
BE22023791	8	1	아이들의 기뻐하는 모습을 보면 자연스럽게 지갑이 열리긴 하죠. 따님이 팀장님이 선물해주신 옷을 입고 행복해하는 모습을 보시며 같이 행복해지시기를 바랍니다.	N	2022-10-03 22:06:05	2022-11-08 05:56:30
BE22023791	9	0	네, 어제 선물 고른다고 백화점을 돌아다니면서 이런저런 이야기도 나눴어요. 그러면서 요즘 좀 소원했던 사이가 다시 가까워진 듯해서 만족합니다.	N	2022-10-03 22:06:05	2022-10-03 22:06:05
BE22023791	10	1	팀장님은 항상 상황을 긍정적으로 바라보고 그 속에서 좋은 점을 찾아내는 특별한 능력이 있으신 듯해요. 아마 그래서 팀장님이 계시는 곳은 언제나 따뜻한 분위기가 감도는 듯합니다.	N	2022-10-03 22:06:05	2022-10-03 22:06:05
BE22023791	11	0	공감화자씨야말로 그런 것 같은데요. 오늘 제 이야기를 들어주었듯이 늘 다른 사람의 이야기를 들어주고 지친 마음을 항상 어루만져 주잖아요.	N	2022-10-03 22:06:05	2022-11-08 05:56:30
BE22023791	12	1	그렇게 말씀해주시니 뿌듯한데요. 앞으로 더 팀장님의 이야기를 잘 들어 드려야겠네요, 하하.	N	2022-10-03 22:06:05	2022-11-08 05:56:30
BE22023791	13	0	오늘 딸아이에게 사 준 옷이 비싸서 놀라기는 했지만, 딸아이가 입으니 참 예쁘더라고요. 새옷을 입은 딸의 모습을 보니, 가격 때문에 당황했던 것이 무색하도록 기분이 좋더군요.	N	2022-10-03 22:06:05	2022-11-08 05:56:30
BE22023791	14	1	팀장님이 그렇게 말씀하시니 따님의 모습이 궁금한데요.	N	2022-10-03 22:06:05	2022-10-03 22:06:05
BE22023791	15	0	어제 새옷을 입은 딸아이랑 같이 찍은 사진이 있는데, 괜찮다면 이따 점심시간에 보여주리다.	N	2022-10-03 22:06:05	2022-11-08 05:56:30
BE22023791	16	1	좋습니다. 그럼 그때 뵙겠습니다.	Y	2022-10-03 22:06:05	2022-10-03 22:06:05
