id	utterance_id	utterance_type	utterance_text	terminate	regDate	updDate
BE22025197	1	0	이런 경우에는 어떻게 해야할지 모르겠어요 대리님.	N	2022-10-07 05:07:35	2022-10-07 05:07:35
BE22025197	2	1	왜 그러세요, 무슨 일이길래 그러신 거예요?	N	2022-10-07 05:07:35	2022-11-08 06:04:48
BE22025197	3	0	회사에 노트북을 두고 와서 집에 있는 노트북으로 일을 좀 해야 하거든요. 근데 너무 오랜만에 켜서 그런지 업데이트에 시간이 꽤 걸리네요. 얼른 보내줘야 하는데 이런 상황이 있을 줄 몰랐어서 너무 당황스러워요.	N	2022-10-07 05:07:35	2022-11-08 06:04:48
BE22025197	4	1	저도 저번에 그런적 있어요, 업데이트가 갑자기 시작되서 뭔가를 할수가 없더라고요. 게다가 생각보다 오래 걸리던데, 감정화자님이 참 당황스러우셨겠어요.	N	2022-10-07 05:07:35	2022-11-08 06:04:48
BE22025197	5	0	게다가 지금 시간이 없어서 더 당황스럽더라고요. 곧 시작될 회의랑 관련된 자료라 가급적 빨리 보내달라고 부탁해주셨는데. 마음이 지금 점점 초조해져요.	N	2022-10-07 05:07:35	2022-10-07 05:07:35
BE22025197	6	1	회의 자료라니 감정화자님 마음이 지금 정말 잘 이해되고 있어요. 그 자료는 회의 직전까지도 계속 변동이 많아서 수정해야 하잖아요. 참 신경 많이 쓰이시겠어요.	N	2022-10-07 05:07:35	2022-11-08 06:04:49
BE22025197	7	0	그래서 이제는 자책 중이에요 대리님, 왜 노트북을 회사에 두고 와서 이런 일이 발생한 건지. 잘 챙겨왔으면 이런 일이 없었을 텐데 말이에요. 이런 기분을 느낄 줄 몰라서 당황스럽네요. 참.	N	2022-10-07 05:07:35	2022-11-08 06:04:49
BE22025197	8	1	그래도 곧 업데이트도 끝나서 자료를 수정하실수 있을테니 너무 걱정하지 않으셔도 될것 같아요. 자책하시는 모습 보니까 마음이 아프네요, 다 잘 될거라고 좋게 생각해봐요. 좋게 생각하면 분명 그렇게 해결이 될 거예요!	N	2022-10-07 05:07:35	2022-11-08 06:04:49
BE22025197	9	0	하지만 아직도 어떻게 해야할지 잘 모르겠어요. 기분도 계속 안좋은걸요.	N	2022-10-07 05:07:35	2022-10-07 05:07:35
BE22025197	10	1	긍정적인 마음을 가진다면 분명 원하는 대로 이루어질 거예요! 그러니 너무 속상해하지 말고 얼른 기분 풀어봐요. 그러면 분명 곧 모든 일이 잘 될 거예요!	N	2022-10-07 05:07:35	2022-11-08 06:04:49
BE22025197	11	0	대리님 말씀이 맞아요, 계속 걱정하고 있어봤자 변하는것도 없으니 좋은 생각을 하면 얼른 되겠죠!	N	2022-10-07 05:07:35	2022-11-08 06:04:49
BE22025197	12	1	맞는 말씀이에요, 얼른 기운 차리셔서 정말 다행이에요 !	N	2022-10-07 05:07:35	2022-11-08 06:04:49
BE22025197	13	0	대리님 아니었으면 아직도 기분 안좋고 계속 걱정만 하고 있었을거예요 덕분이에요 감사해요!	N	2022-10-07 05:07:35	2022-11-08 06:04:49
BE22025197	14	1	혹시 또 걱정되는 부분이 생긴다면 언제든지 연락주세요, 최선을 다해서 도와드릴게요!	N	2022-10-07 05:07:35	2022-10-07 05:07:35
BE22025197	15	0	네, 그러면 얼른 되기를 기다려볼게요!	Y	2022-10-07 05:07:35	2022-10-07 05:07:35
