id	utterance_id	utterance_type	utterance_text	terminate	regDate	updDate
BE22025682	1	0	공감화자님 잘 지내죠? 저 오늘 너무 당황스러운 일이 있었어요.	N	2022-10-08 10:52:33	2022-10-08 10:52:33
BE22025682	2	1	감정화자님도 잘 있죠? 늘 침착한 감정화자님이 당황스러운 일이라니 벌써부터 걱정이 돼요. 그래도 편하게 천천히 얘기해주세요.	N	2022-10-08 10:52:33	2022-11-08 06:07:42
BE22025682	3	0	제가 항상 치아 건강 만은 자신이 있었는데, 우연히 다녀온 치아 검진에서 충치가 너무 많아서 신경치료를 받아야 한 대요. 그리고 앞으론 꼭 치실을 사용하라고 해요. 갑자기 이런 얘기를 들으니까 너무 당황스럽고 어떻게 해야 할 지를 모르겠어요.	N	2022-10-08 10:52:33	2022-11-08 06:07:43
BE22025682	4	1	가장 자신이 있었던 부분에서 사실 그렇지 않다는 얘기를 듣는다면 누구라도 당황스러운 마음이 들 거예요. 저도 시력은 항상 좋다고 자부했었는데, 어느 날 안과를 갔더니 안경을 쓰라는 거 있죠. 그땐 얼마나 당황스러웠는지 몰라요, 그래서 감정화자님 마음이 너무 잘 이해가 돼요.	N	2022-10-08 10:52:33	2022-11-08 06:07:43
BE22025682	5	0	인정하기는 싫었지만, 의사 말을 듣고 치실을 사긴 했어요. 그런데 저는 정말 관리를 잘해왔다고 생각을 했거든요. 절대 상상도 하지 않았던 일이 일어나서 아직도 믿기지가 않고 너무 당황스러워요.	N	2022-10-08 10:52:33	2022-10-08 10:52:33
BE22025682	6	1	보통 사람은 그렇게 듣고 바로 실천으로 옮기기가 쉽지 않았을 것 같아요. 부지런하고 계획적인 감정화자님이라서 그렇게 할 수 있었을 거예요. 직장동료지만, 그런 성격은 늘 대단하다고 생각을 했어요.	N	2022-10-08 10:52:33	2022-11-08 06:07:43
BE22025682	7	0	요즘 기분이 좋아서 늘 웃고 다녔었거든요. 그런데 갑자기 신경 치료에 다 치실 사용 권유까지 받으니까 머릿속이 하얘지는 거 있죠. 한 번 당황스러운 마음이 드니까 잘 사라지지 않아요.	N	2022-10-08 10:52:33	2022-11-08 06:07:43
BE22025682	8	1	당황스러워서 마주하지 못할 거라고 생각했던 일들이 있었어요. 그런데 막상 마주해보니 생각만큼 어렵지 않은 경우가 대부분이더라고요. 너무 걱정말아요, 감정화자님은 잘 감당할 수 있으실 거예요.	N	2022-10-08 10:52:33	2022-11-08 06:07:43
BE22025682	9	0	다시 일상에 집중을 해보려고도 했어요. 그런데 오늘 치과에서 당황스러웠던 일 때문에 다른 일이 손에 잡히질 않아요. 이럴 땐 어떻게 해야 할 지를 모르겠네요.	N	2022-10-08 10:52:33	2022-10-08 10:52:33
BE22025682	10	1	그럴 땐 감정화자님 마음이 충분히 강하다고 생각해보세요. 당황스러운 상황도 잘 견뎌낼 수 있는 강한 마음이라고 생각해보면 어때요? 그러면 당황스러운 마음이 잦아들 수 있을 거예요.	N	2022-10-08 10:52:33	2022-11-08 06:07:43
BE22025682	11	0	그렇게는 생각을 못해 봤어요. 당장 당황스러운 감정에만 너무 집중을 했던 것 같아요. 공감화자님과 얘기를 나누다 보니 이제야 마음이 좀 편해져요.	N	2022-10-08 10:52:33	2022-11-08 06:07:43
BE22025682	12	1	기분이 좋아졌다니 정말 다행이에요, 저도 안도의 미소가 절로 나와요. 너무 걱정말아요, 감정화자님은 충분히 강해서 잘 넘어갈 수 있을 거예요.	N	2022-10-08 10:52:33	2022-11-08 06:07:43
BE22025682	13	0	진작 고민을 공감화자님께 얘기할 걸 그랬어요. 이 고민 때문에 너무 스트레스였거든요. 이제야 마음이 좀 편해요.	N	2022-10-08 10:52:33	2022-10-08 10:52:33
BE22025682	14	1	제가 도움이 되었다니 정말 기뻐요. 제 소중한 직장동료인 감정화자님 고민이라면 언제라도 환영이에요. 힘들 땐 편하게 연락을 주세요.	N	2022-10-08 10:52:33	2022-11-08 06:07:43
BE22025682	15	0	너무 감사해요. 공감화자님. 다음엔 저희 직접 만나서 얘기를 나눠요.	Y	2022-10-08 10:52:33	2022-11-08 06:07:43
