id	utterance_id	utterance_type	utterance_text	terminate	regDate	updDate
BE22023065	1	0	김대리님, 혹시 지금 시간 되세요? 저 지금 너무 놀라서 말이 안 나오는데 어떻게 해야할 지 모르겠어요. 저희 언니가 등에 호랑이 문신을 했대요.	N	2022-09-30 08:09:55	2022-11-08 05:52:12
BE22023065	2	1	이게 도대체 무슨소리예요. 그때 회식 끝나고 정대리님 데리러 왔던 그 언니분이 호랑이 문신을 했다니 믿기지 않네요. 남이 들어도 이렇게 놀라운데, 정대리님 얼마나 황당하셨을까요?	N	2022-09-30 08:09:55	2022-11-08 05:52:12
BE22023065	3	0	언니가 문신 사진을 보내왔는데 크기가 작은 것도 아니고 두 손바닥 합친 것보다 훨씬 더 커요. 우리언니 무슨 생각으로 이런 건지 도대체 이해가 안되요. 그것도 우리 가족들 몰래 하고 왔다는 게 지금 더 놀라운 이유예요.	N	2022-09-30 08:09:55	2022-11-08 05:52:12
BE22023065	4	1	세상에, 그렇게 큰 문신을 부모님 허락도 안받고 했다니 정대리님이 이렇게 흥분한 이유가 있었군요. 정대리님도 갑자기 언니가 사진보내서 진짜 당황스러웠겠다. 내 동생이 그랬으면 저는 아마 사무실에서 비명을 질렀을지도 몰라요.	N	2022-09-30 08:09:55	2022-11-08 05:52:12
BE22023065	5	0	제가 지금 소리지르기 일보 직전이에요. 부모님이 알면 어떻게 하려고 그랬는지 이해가 안돼요. 저도 이렇게 놀라는데, 부모님 특히 우리 아빠알면 뒷목잡고 쓰러지실 지도 모르겠어요.	N	2022-09-30 08:09:55	2022-09-30 08:09:55
BE22023065	6	1	부모님 놀라실 생각까지 하면 지금 정대리님이 너무 흥분하실 것 같으니까 잠깐만 진정 좀 합시다. 언니한테 왜 가족들 몰래 문신을 했는지 아직 이유는 안물어 본거잖아요. 제 생각에는 분명 피치못할 사정이 있지는 않았을까 싶기도 한데요.	N	2022-09-30 08:09:55	2022-11-08 05:52:13
BE22023065	7	0	아직 언니한테 가족들 몰래 문신을 한 이유는 못물어봤어요. 사진을 보고 너무 놀라고 우리한테 말없이 했다는 사실에 너무 배신감도 들고 그래서 머리가 하얘졌거든요. 정말 무슨 말 못한 사정이 있어서 문신을 혼자 하고 온건지 어떤지 몰라 속이 답답하네요.	N	2022-09-30 08:09:55	2022-09-30 08:09:55
BE22023065	8	1	정대리님이 평소에 언니랑 각별하게 친하고 모든 것을 공유하는 사이라서 더 크게 느껴진 것 같아요. 정대리가 언니랑 같이 여행다니고 맛있는 음식 먹으러 다닌 이야기할 때마다 부럽고 보기 좋았거든요. 그랬는데 나 몰래 무언가를 하고 왔으니 뒤통수 맞은 기분일 것 같아요.	N	2022-09-30 08:09:55	2022-11-08 05:52:13
BE22023065	9	0	진짜 뒤통수 제대로 한 방 맞은 느낌이 이런건가 봐요. 상의 한 마디 없이 문신을 하고 온 언니가 갑자기 낯설게 느껴지고 있거든요. 언니가 문신을 했다는 사실보다 언니랑 멀어지는 이 감정이 더 당황스러워서 말이 안나왔던 것 같아요.	N	2022-09-30 08:09:55	2022-09-30 08:09:55
BE22023065	10	1	그 동안 제가 바왔던 자매라면 이번 일로 멀어지진 않을거라고 생각해요. 너무 안 좋은쪽으로만 생각하지는 않았으면 좋겠어요. 가족이라고 해서 모든것을 다 공유해야 하는 것은 아니라고 생각해보면 어떨까요.	N	2022-09-30 08:09:55	2022-11-08 05:52:13
BE22023065	11	0	가족이라는 이유로 모든 것을 다 알아야 하는 건 아니다 라고 머릿속으로는 생각하는데, 막상 마음이 안그러네요. 하지만 김대리님 말대로 반드시 그래야 하는 건 없으니까 아무래도 언니의 결정을 인정해야겠죠.	N	2022-09-30 08:09:55	2022-11-08 05:52:13
BE22023065	12	1	무 자르듯이 단칼에 된다면 정말 좋겠지만, 시간이 걸리는 일이니까 너무 조바심 내지않기로 해요. 언니에게도 정대리님에게도 어느 정도 거리두기가 필요한 시점인 것 같으니까요. 둘다 어른이니까 성숙하게 잘 할 수 있을 거라 믿어요.	N	2022-09-30 08:09:55	2022-11-08 05:52:13
BE22023065	13	0	어렵긴 하겠지만 한 번 시도는 해봐야겠어요. 제가 항상 일거수일투족을 공유하려고 했으니 언니가 부담을 느꼈을지도 모르겠단 생각이 들어요. 마음을 가라앉히고 언니랑 깊은 대화를 해봐야할 것 같아요. 너무 감사해요.	N	2022-09-30 08:09:55	2022-11-08 05:52:13
BE22023065	14	1	정서적 거리두기가 두 사람 모두에게 좋은 영향을 미칠 거라 생각해요. 언니랑 대화하기 어려우면 언제든지 나한테 도움 요청해요. 뭐든 도움이 될 수 있다면 정대리 도와주고 싶거든요.	Y	2022-09-30 08:09:55	2022-11-08 05:52:13
