id	utterance_id	utterance_type	utterance_text	terminate	regDate	updDate
BE22023474	1	0	오늘 새벽에 일어나서 혹시 버리지 않은 초콜릿이라도 남아 있지 않을까 하면서 서랍장을 뒤졌어. 지금 생각하면 너무 부끄러워.	N	2022-10-02 15:39:40	2022-10-02 15:39:40
BE22023474	2	1	그래서 남아 있는 것을 찾았어요?	N	2022-10-02 15:39:40	2022-10-02 15:39:40
BE22023474	3	0	아니, 병원 진료 받고 집에 오자마자 모두 흔적 없이 버렸거든. 다행히 남아 있지 않았어. 그때 혹시 몰라 남겨뒀다면 새벽에는 행복했을지 몰라도 지금 김대리와 얘기하면서는 슬프고 부끄러웠을 거야.	N	2022-10-02 15:39:40	2022-10-02 15:39:40
BE22023474	4	1	잘 했네요. 오늘이 가장 견디기 힘들다는 3일 째 이지요? 그날 의사 선생님께서 했던 얘기 떠올리면서 견디다 보면 굳은 마음도 생길 거예요. 저도 많이 도와드릴게요.	N	2022-10-02 15:39:40	2022-11-08 05:54:37
BE22023474	5	0	그래, 고마워. 사실 요즘 회사에서 자꾸 실수를 해. 너무 단순한 작업인데도 그걸 발견하지 못해서 좀 창피한 일을 겪었거든. 부장님이 얼마나 심하게 화를 내시던지 모두들 나 때문에 회사 분위기가 싸늘해 질 정도였어.	N	2022-10-02 15:39:40	2022-10-02 15:39:40
BE22023474	6	1	그랬군요. 너무 기죽지 말고 힘내세요. 그날 부장님의 기분이 상해서 과장님에게 더 화를 냈을 수도 있어요. 너무 신경 쓰지는 마세요.	N	2022-10-02 15:39:40	2022-11-08 05:54:37
BE22023474	7	0	나도 그렇게 하려고 노력하고 있어. 주위에 내 사정을 일일이 얘기하면서 이해를 구할 수도 없잖아. 그리고 후배에게 이런 선배 모습 보여주는 것도 신경이 너무 쓰여서 더 부끄러워.	N	2022-10-02 15:39:40	2022-10-02 15:39:40
BE22023474	8	1	하지만 지금까지 참은 것도 대단하고 버린 음식도 아깝잖아요. 다른 거 생각하지 말고 건강 하나만 생각하세요. 이 나이에 벌써 병원 신세를 지면서 살면 안되잖아요.	N	2022-10-02 15:39:40	2022-11-08 05:54:37
BE22023474	9	0	나도 이번에는 단단히 마음먹고 있어. 그동안 핑계대면서 실패했었는데 그럴 때마다 자존감이 바닥이었거든. 하지만 이번에는 정말 꼭 해내고 싶어.	N	2022-10-02 15:39:40	2022-11-08 05:54:37
BE22023474	10	1	저도 매일매일 과장님에게 연락해서 체크할게요. 때로는 이렇게 하는 게 화가 날 수도 있겠지만 참아주세요. 그래야 나중에 웃으면서 같이 얘기할 수 있을 테니까요.	N	2022-10-02 15:39:40	2022-11-08 05:54:37
BE22023474	11	0	김대리도 많이 바쁘고 할 일이 많을 텐데 나에게 신경 써줘서 정말 고마워. 혼자 버티려면 사실 많이 힘들거든. 그런데 누군가 나를 지켜봐준다고 생각하면 힘이 생겨서 잘 버틸 수 있을 것 같아.	N	2022-10-02 15:39:40	2022-11-08 05:54:37
BE22023474	12	1	과장님은 마음 먹으면 할 수 있으니까 마음 약해지지 마세요. 나중에 그만 체크하라고 하지나 말아요. 주말에는 과장님 집에 새벽부터 찾아가서 감시할 지도 몰라요.	N	2022-10-02 15:39:40	2022-11-08 05:54:37
BE22023474	13	0	좋아. 주말에 같이 운동도 하고 산책도 하면서 보내는 것도 좋을 거 같아. 이번 주말에 우리 집에 와. 내가 맛있는 음식 만들어 줄게.	N	2022-10-02 15:39:40	2022-10-02 15:39:40
BE22023474	14	1	이번 주말 모든 약속 취소하고 과장님 집에 가야겠어요. 어렸을 때 파자마파티 하던 것처럼 종일 같이 지내요.	N	2022-10-02 15:39:40	2022-10-02 15:39:40
BE22023474	15	0	집 정리하고 음식 목록 적다 보면 폭식도 자제하게 될 거 같아. 이번 주가 너무 기대된다. 김대리 도움으로 이번에는 뭔가를 보여줄 수 있을 거 같아. 정말 고마워.	Y	2022-10-02 15:39:40	2022-11-08 05:54:37
