id	utterance_id	utterance_type	utterance_text	terminate	regDate	updDate
BE22000827	1	0	여자친구가 신형 외제 차를 샀어요. 정말 너무 당황스러워요.	N	2022-06-13 08:35:41	2022-11-08 03:29:39
BE22000827	2	1	여자친구가 새 차를 사면 축하할 일인데 왜 당황스럽다는 거예요?	N	2022-06-13 08:35:41	2022-11-08 03:29:39
BE22000827	3	0	저는 중고 국산 차도 못 사는데 점점 차이가 너무 벌어지게 되는 것 같아서요.	N	2022-06-13 08:35:41	2022-11-08 03:29:39
BE22000827	4	1	지난달에 진급도 하고 열심히 저축하고 있는데 뭔 걱정이에요. 감정화자씨가 돈이 없어서 못 사나요. 아파트 청약하려고 돈 모으느라 그런 거지요.	N	2022-06-13 08:35:41	2022-11-08 03:29:39
BE22000827	5	0	아무리 벌어서 모아도 내 여자친구 돈 쓰는 것 보면 티끌에 불과해요.	N	2022-06-13 08:35:41	2022-11-08 03:29:39
BE22000827	6	1	그건 여자친구의 부모님이 해 주시는 거지 본인 능력은 아니잖아요.	N	2022-06-13 08:35:41	2022-11-08 03:29:39
BE22000827	7	0	그러니까 더 짜증 나고 스트레스받아요. 놀고먹고 하는데도 태산 같은 돈을 펑펑쓰잖아요.	N	2022-06-13 08:35:41	2022-11-08 03:29:39
BE22000827	8	1	그런 것들이 부담될 수는 있겠지만 여자친구가 그렇다고 해서 감정화자씨에게 무리한 요구를 하거나 무시하는 것은 아니잖아요. 지난번 보니까 차림도 수수하고 부잣집 딸 같지 않게 겸손하고 소박하더라고요.	N	2022-06-13 08:35:41	2022-11-08 03:29:39
BE22000827	9	0	내 형편에 맞추느라 애쓰는 거지 뭐요.	N	2022-06-13 08:35:41	2022-11-08 03:29:39
BE22000827	10	1	그 환경에 그렇게 할 수 있는 사람이란 건 감정화자씨 여자친구가 소양이 된 사람인 거예요. 타고난 것까지 비교하고 예민해지기 시작하면 세상 사람들 다 심란해요.	N	2022-06-13 08:35:41	2022-11-08 03:29:39
BE22000827	11	0	데이트 비용 쓸 때마다 그 동료가 내가 많이 쓸까 봐 걱정되어서 눈치 보는 게 더 기분 나빠요. 부모님 핑계를 대면서 차 사고 이번에도 눈치 보는데 화가 나서 그냥 집에 와버렸어요.	N	2022-06-13 08:35:41	2022-11-08 03:29:39
BE22000827	12	1	감정화자씨를 생각해서 그러는 건데 고마워해야지요. 펑펑 쓸 수 있는데 감정화자씨를 얼마나 사랑하면 그런 눈치를 보겠어요.	N	2022-06-13 08:35:41	2022-11-08 03:29:39
BE22000827	13	0	동료들한테 걸핏하면 능력이 출중한 수재라고 소개하는데, 가끔은 내가 가진 게 머리 좋은 것밖에 없어서 저러나 싶기도 해요.	N	2022-06-13 08:35:41	2022-11-08 03:29:39
BE22000827	14	1	감정화자씨가 수재인 것도, 그 여자친구가 부잣집 딸인 것도 사실인데 기분 나쁠 일은 아니지요. 어쩌면 서로 가지지 못한 것에 대해 감정화자씨는 불편하게 느끼겠지만 그 친구는 존경심을 가진 것처럼 보이는데요.	N	2022-06-13 08:35:41	2022-11-08 03:29:39
BE22000827	15	0	대리님 말을 듣다 보니 내 생각이 좀 옹졸했다 싶기는 하네요. 내 관점에 변화가 필요한 것 같아요.	Y	2022-06-13 08:35:41	2022-11-08 03:29:39
