id	utterance_id	utterance_type	utterance_text	terminate	regDate	updDate
BE22020169	1	0	선배님, 회의 준비 다하셨어요?	N	2022-09-23 00:35:19	2022-09-23 00:35:19
BE22020169	2	1	마무리 중이야. 곧 팀원들한테 파일 메일로 보낼거야. 수정사항 있니?	N	2022-09-23 00:35:19	2022-09-23 00:35:19
BE22020169	3	0	사실 제 업무 중에서 조금 헷갈리는 내용이 있어서요. 수정을 해야 할 것 같아요.	N	2022-09-23 00:35:19	2022-09-23 00:35:19
BE22020169	4	1	해결사항 부분에 적은 것 말이지? 확인예정 이라고만 되어있고 상세내용이 없어서 보완해야 할 것 같더라.	N	2022-09-23 00:35:19	2022-09-23 00:35:19
BE22020169	5	0	아, 역시 부족하다고 생각하셨군요. 그런데 사실 뭘 확인해야할 지 막막해서 당황스러워요. 제가 생각해도 좀 한심하네요.	N	2022-09-23 00:35:19	2022-11-08 05:36:11
BE22020169	6	1	아, 그랬구나. 나는 상세내용을 누락한 걸로 생각했어. 한심하다니 그렇지 않아. 그럴 수 있지.	N	2022-09-23 00:35:19	2022-09-23 00:35:19
BE22020169	7	0	솔직히 맡은지 얼마 안된 업무라서 파악이 잘 안되는 것 같아요. 팀장님께 이번 주까지 확인해서 보고하겠다고 말씀은 드렸지만 어디서부터 어떻게 해야하는지 감이 안잡혀서 스스로 당황스러워요.	N	2022-09-23 00:35:19	2022-09-23 00:35:19
BE22020169	8	1	그 업무가 복잡하고 어려운 업무야. 네가 혼자 처리하느라 어려움이 많았겠구나. 그래도 추진 방향을 잘 잡았길래 네가 잘하고 있다고 생각했어.	N	2022-09-23 00:35:19	2022-11-08 05:36:11
BE22020169	9	0	정말요? 그렇게 하는게 괜찮은 방법이 맞았나보네요. 사실 그 추진 방향 작성하느라 이틀동안 자료조사하고 애썼거든요. 혹시 그것도 수정해야 할까봐 조마조마했어요.	N	2022-09-23 00:35:19	2022-09-23 00:35:19
BE22020169	10	1	전혀 그렇지 않으니까 걱정하지 마. 하던대로 조금 더 알아보면 금방 해결책도 나올 거야. 너는 대안 제시 능력이 좋으니까.	N	2022-09-23 00:35:19	2022-11-08 05:36:11
BE22020169	11	0	그럼 업체에 연락해서 해당 자료를 더 요청하면 되겠군요? 아니면 보고서 열람에서 관련된 사항을 찾을 수도 있을 것 같아요.	N	2022-09-23 00:35:19	2022-11-08 05:36:11
BE22020169	12	1	둘 다 좋은 아이디어 인 것 같아. 그럼 상세내용 보완해서 다시 작성해줄래?	N	2022-09-23 00:35:19	2022-09-23 00:35:19
BE22020169	13	0	네, 그렇게 할게요. 감사합니다 선배님!	N	2022-09-23 00:35:19	2022-11-08 05:36:11
BE22020169	14	1	얼마든지 편하게 얘기해. 그럼 수고하고.	Y	2022-09-23 00:35:19	2022-09-23 00:35:19
