id	utterance_id	utterance_type	utterance_text	terminate	regDate	updDate
BE22024005	1	0	오늘 점심시간에 다른 팀 직원과 우연히 같이 밥을 먹었거든요. 그런데 식사 후에 커피를 마시러 카페에 갔는데 갑자기 고민 상담을 해 오는 거예요. 사실 아주 친한 사이도 아니라 조금 당황스러웠어요.	N	2022-10-04 07:51:27	2022-11-08 05:57:46
BE22024005	2	1	저도 고민이 생기면 과장님이 제일 먼저 생각이 나는데, 저 같은 사람이 또 있나 보네요. 언제나 친절하게 먼저 다가와 주시고 물어봐 주시잖아요. 왠지 과장님께 말하면 조언을 받을 수 있을 것 같거든요.	N	2022-10-04 07:51:27	2022-11-08 05:57:46
BE22024005	3	0	사실 저에게는 좀 오래된 일이에요, 학교에 다닐 때 부터 친구들의 고민을 들어주는 게 제 일이었어요. 제가 남들보다 똑똑하거나 잘난 것도 아닌데, 어떨 때는 이런 상황이 부끄럽기도 하고 당황스러운 적도 많았어요.	N	2022-10-04 07:51:27	2022-11-08 05:57:46
BE22024005	4	1	다른 사람에게 말하기 힘든 고민을 털어놓는다는 것은 단지 지식을 얻기 위해서는 아니에요. 그저 털어놓고 위로를 받고 싶은 마음이 아닐까요. 과장님은 정말 따뜻한 분이라서 기대고 싶어서 그런걸 거예요.	N	2022-10-04 07:51:27	2022-11-08 05:57:46
BE22024005	5	0	그런 이유라면 언제라도 좋지만, 고민에 정답을 주지 못했다고 느낄 때는 제 마음이 너무 답답해져요. 어렵게 꺼낸 말이었을 텐데, 미안하기도 하고요.	N	2022-10-04 07:51:27	2022-11-08 05:57:46
BE22024005	6	1	혹시 제가 상담을 부탁드렸을 때도 그런 기분이셨던 거예요? 전 그저 과장님을 믿으니까, 의지하고 싶어서 말씀드린 거예요. 부담 되셨을까 봐 걱정이 되네요, 괜히 저까지 과장님을 괴롭힌 건 아닌가 해서요.	N	2022-10-04 07:51:27	2022-11-08 05:57:46
BE22024005	7	0	아니요, 부담이 아니라 죄송한 거죠. 저를 믿고 힘들게 꺼내신 말에 확실한 답을 드리지 못했으니까요. 제 자신이 부족하게만 느껴져요.	N	2022-10-04 07:51:27	2022-10-04 07:51:27
BE22024005	8	1	과장님께 고민을 이야기하면 항상 진심으로 들어주시고 걱정을 해 주시니 왠지 사랑받는다는 느낌이 들거든요. 그런 생각은 하지 마세요, 그저 잘 들어 주시고 위로를 해 주시는 것 만으로도 충분해요.	N	2022-10-04 07:51:27	2022-11-08 05:57:46
BE22024005	9	0	상대방의 좋지 않은 상황을 알게 되면, 제 일은 아니지만 저도 마음이 많이 아파요. 최선을 다해 작게나마 도움을 드리고 싶고요.	N	2022-10-04 07:51:27	2022-11-08 05:57:46
BE22024005	10	1	과장님은 누구보다 뛰어난 공감 능력을 가지고 계세요, 그래서 사람들이 고민을 털어 놓는 거고요. 혼자가 아니라고 느끼게 해 주시거든요, 얼마나 든든한지 몰라요. 회사 내에서도 과장님 인기가 제일 많아요.	N	2022-10-04 07:51:27	2022-11-08 05:57:46
BE22024005	11	0	공감화자님의 말씀을 들으니 그동안 제가 잘못 생각하고 있었던 것 같아요. 저에게 원한 건 정답이 아니라 공감이었는데 말이에요. 제 미약한 힘이나마 도움이 된다면 앞으로는 더 열심히 들어드리고 마음으로 함께 울어드리고 싶네요.	N	2022-10-04 07:51:27	2022-11-08 05:57:46
BE22024005	12	1	과장님같은 분이 우리 회사에 계시다는 게 정말 자랑스러워요. 이 삭막한 직장 생활을 헤쳐 나가는데 정말 큰 위안이 되거든요. 과장님은 존재만으로도 소중한 분이시니 자부심을 가지세요.	N	2022-10-04 07:51:27	2022-11-08 05:57:46
BE22024005	13	0	오늘 저에게 용기를 주셔서 정말 감사드려요, 저를 그렇게 좋게 생각해 주시다니 정말 꿈만 같네요. 자존감이 높아지는 기분이에요. 더 좋은 사람이 되도록 노력할게요, 지켜봐 주세요.	N	2022-10-04 07:51:27	2022-10-04 07:51:27
BE22024005	14	1	과장님은 제 롤 모델이에요, 저도 과장님처럼 회사에 도움이 되는 존재가 되고 싶거든요. 제가 항상 존경하고 있는 거 아시죠? 힘내세요, 사랑합니다!	Y	2022-10-04 07:51:27	2022-11-08 05:57:46
