id	utterance_id	utterance_type	utterance_text	terminate	regDate	updDate
BE22013113	1	0	공감화자씨, 아이도 우리 애 또래죠? 공감화자씨네는 양육 스타일이 어떤 편이에요?	N	2022-08-04 03:22:37	2022-11-08 04:48:28
BE22013113	2	1	저희 집은 남편이 좀 엄한 편이라서 아이가 잘못하면 엄청 따끔하게 혼내요. 그래도 놀아줄 때는 잘 놀아줘서 아이가 아빠를 좋아하면서도 무서워해요. 갑자기 양육 스타일은 왜요?	N	2022-08-04 03:22:37	2022-11-08 04:48:28
BE22013113	3	0	음, 어떻게 보일지 모르겠지만 저희 남편은 아이가 싫어하는 일은 억지로 시키지 않아요. 제가 출장 때문에 며칠 집을 비운 적이 있었는데, 아이가 밥 먹기 싫다고 했대요. 그랬더니 진짜 그 며칠 내내 밥을 안 먹였다잖아요, 그 얘기를 듣고 어찌나 당황스럽던지!	N	2022-08-04 03:22:37	2022-11-08 04:48:28
BE22013113	4	1	감정화자씨, 출장 마치고 돌아와서 그 얘기를 듣고는 정말 놀라고 당황했겠어요. 황당하고 어이없기도 하면서 남편이 무슨 생각인지 의아한 마음까지 들었겠는걸요. 아이가 싫다고 해도 반드시 해야 하는 건 있기 마련이니까요.	N	2022-08-04 03:22:37	2022-11-08 04:48:28
BE22013113	5	0	그러니까요, 그 이후로 남편 양육 스타일을 관찰했는데 아이가 하기 싫다고 하면 하지 말라고 해요. 그러니까 아이는 포기도 빠르고 기분파가 되는 것 같기도 하구요. 이 문제로 대화해본 적도 있는데 남편 말을 들으니 어느 정도 수긍도 되고, 뭐가 맞는지 혼란스럽네요.	N	2022-08-04 03:22:37	2022-11-08 04:48:28
BE22013113	6	1	아이가 너무 소중하고 중요한 존재이니만큼 더 잘 키우고 싶고, 앞으로 아이가 행복했으면 하는 마음인 거죠. 그래서 감정화자씨가 뭐가 맞는지 혼란스럽고, 고민될 거예요. 어떤 방향으로 가야 할지 당황스럽고 걱정스럽기도 하겠고요.	N	2022-08-04 03:22:37	2022-11-08 04:48:28
BE22013113	7	0	아이가 싫은 걸 억지로 시켜서 부작용이 있을 수도 있는 건 남편의 말이 맞아요. 하지만 하기 싫은 일을 그냥 바로 포기시켜버리는 게 맞는지도 혼란스럽구요. 미로 속에서 두 갈래 길을 만난 것처럼 어지럽고 어찌할 바를 모르겠어요.	N	2022-08-04 03:22:37	2022-11-08 04:48:28
BE22013113	8	1	아이를 위하는 길이 무엇인지 고민하다 보니 갈팡질팡하고 혼란스러운 마음 충분히 이해해요. 뭐가 아이에게 더 좋을지, 겪어보지 않았으니까 쉽사리 판단 내리기도 어려우니까요. 저도 아이를 키우는 입장이다 보니 감정화자씨 마음이 충분히 공감 가네요.	N	2022-08-04 03:22:37	2022-11-08 04:48:28
BE22013113	9	0	육아 방식 때문에 남편이랑 얘기를 하다 보면 저랑 너무 달라서 당황스러울 때가 많아요. 그리고 내 방식이 틀린 건가 혼란스럽구요. 아이가 잘 컸으면 하는 마음 하나뿐인데 왜 이렇게 어려울까요.	N	2022-08-04 03:22:37	2022-11-08 04:48:28
BE22013113	10	1	평생을 다르게 살아와서 같이 산 지 얼마 안 된 두 사람이 어떻게 완벽하게 같겠어요. 남편이 맞고, 감정화자씨가 틀린 게 아니라 서로 다른 거니까 서로 조율하면서 맞춰나가면 되지 않을까요? 두 사람 다 아이를 위하는 마음만큼은 똑같잖아요.	N	2022-08-04 03:22:37	2022-11-08 04:48:28
BE22013113	11	0	공감화자씨 말이 맞아요. 남편을 보면 저랑 너무 달라서 저도 모르게 제 입장을 주입하려고 했던 것도 있어요.	N	2022-08-04 03:22:37	2022-11-08 04:48:28
BE22013113	12	1	감정화자씨가 남편을 보며 당황스러움을 느꼈듯이, 남편도 감정화자씨를 보며 그런 느낌을 느꼈을 수도 있잖아요. 아이를 키우는 데 가장 중요한 건 부부의 팀워크라고 생각해요. 서로 대화를 통해서 맞춰나가고, 약속을 정해보는 건 어때요?	N	2022-08-04 03:22:37	2022-11-08 04:48:28
BE22013113	13	0	그래야겠어요, 공감화자씨 고마워요. 남편이 무책임하게 보일 수도 있어서 말하는 게 조금 조심스러웠거든요. 근데 잘 들어주고, 제 마음을 이해해 줘서 위로가 되네요.	N	2022-08-04 03:22:37	2022-11-08 04:48:28
BE22013113	14	1	뭘요, 저도 남편을 보다 보면 가끔 당황스럽고 황당할 때가 많곤 해요. 감정화자씨의 당황스럽고 혼란스러운 마음을 잘 전하고, 남편과 해결책을 찾아가는 것만으로 유의미할 거예요.	Y	2022-08-04 03:22:37	2022-11-08 04:48:28
