id	utterance_id	utterance_type	utterance_text	terminate	regDate	updDate
BE22011634	1	0	아침에 출근길에 학교 앞 지나오는데, 수면 바지를 입고 아이를 등교시켜주는 엄마를 봤어요. 어찌나 당황스럽던지.	N	2022-07-25 14:48:42	2022-11-08 04:39:11
BE22011634	2	1	어머, 그런 엄마가 있어요? 수면 바지는 집에서나 입는 것 아닌가요? 남을 전혀 의식하지 않나 봐요. 당황스럽네요.	N	2022-07-25 14:48:42	2022-11-08 04:39:11
BE22011634	3	0	잘못 봤나 해서 다시 봤는데, 역시 수면 바지였어요. 모습도 금방 자고 일어난 것 같았고, 아이도 그런 엄마 별로 좋아하지 않을 건데. 좀 한심하기도 했어요.	N	2022-07-25 14:48:42	2022-11-08 04:39:11
BE22011634	4	1	당황스럽네요. 요즘 아이들은 학교 올 때도 예쁘게 꾸미고 오는 엄마 좋아해요. 아이가 속상할 수도 있는데.	N	2022-07-25 14:48:42	2022-11-08 04:39:11
BE22011634	5	0	저로서는 도저히 이해가 안 돼요. 수면 바지는 집에서나 입는 옷인데, 어떻게 입고 밖을 나오죠? 누가 봐도 수면 바지인 줄 아는데.	N	2022-07-25 14:48:42	2022-11-08 04:39:11
BE22011634	6	1	참 저도 며칠 전에 마트에서 수면 바지 입고 나온 젊은 부부 봤어요. 너무나 당황스러워서, 힐끔힐끔 쳐다보게 되더라고요.	N	2022-07-25 14:48:42	2022-11-08 04:39:11
BE22011634	7	0	도대체 사람들이 개념이 부족한 것 같아요. 나만 좋으면 됐지, 라는 생각들로 살아가는 것 같아서, 당황스럽고 염려스러워요.	N	2022-07-25 14:48:42	2022-11-08 04:39:11
BE22011634	8	1	본인들의 개성을 중요시한다고 하지만, 그렇다고 치부해 버리기엔 보기에 참 좋지 않은 것 같아요. 상대방에 대한 배려도 너무 없고요.	N	2022-07-25 14:48:42	2022-11-08 04:39:11
BE22011634	9	0	혹여 우리 아이들도 이런 모습이면 어쩌나 고민스럽고 당황스러워요.	N	2022-07-25 14:48:42	2022-11-08 04:39:11
BE22011634	10	1	엄마가 그런 모습 보이지 않는데, 밖에서 보여지는 모습만 보고 그렇게 따라서 하겠어요? 왜 가정교육을 말하겠어요? 염려하지 않으셔도 될 거예요.	N	2022-07-25 14:48:42	2022-11-08 04:39:11
BE22011634	11	0	제가 무질 없는 것을 염려하고 있는 것 같네요. 평상시 잘 교육한다고 하면서 말이에요. 아침의 모습이 너무나 당황스럽고 충격적이었나 봐요.	N	2022-07-25 14:48:42	2022-11-08 04:39:11
BE22011634	12	1	요즘 세대 자유로움이라고 생각하시고, 좀더 편안한 시선으로 바라보시면 당황스러운 마음이 가라앉을 것 같아요.	N	2022-07-25 14:48:42	2022-11-08 04:39:11
BE22011634	13	0	이맛살을 찌푸리게 하는 그런 개성이 아니었으면 좋겠어요. 약간의 관심도 필요한 세상이면 좋겠고요.	N	2022-07-25 14:48:42	2022-11-08 04:39:11
BE22011634	14	1	작은 예의와 작은 배려가 밝은 이웃 관계를 만들 수 있는데, 우리라도 실천해 봄이 어떨까요? 그러다 보면 좋아지지 않을까요?	Y	2022-07-25 14:48:42	2022-11-08 04:39:11
