id	utterance_id	utterance_type	utterance_text	terminate	regDate	updDate
BE22013477	1	0	공감화자씨, 오늘도 수고했어요.	N	2022-08-08 07:00:01	2022-08-08 07:00:01
BE22013477	2	1	감정화자씨야말로 오늘 정말 고생했어요. 배송 사고가 있었다면서요?	N	2022-08-08 07:00:01	2022-11-08 04:50:41
BE22013477	3	0	네, 제가 바보같이 주소지를 제대로 보지도 않고 발송한 거 있죠. 물건이 이상한 집으로 가버리고, 정작 주문한 고객은 물품이 안 온다고 항의해서 어찌나 당황스럽던지. 종일 확인하고 조치하느라 너무 정신없었어요.	N	2022-08-08 07:00:01	2022-11-08 04:50:41
BE22013477	4	1	분명히 배송되었는데, 고객은 물품을 못 받았다고 하니까 얼마나 당황스럽고 황당했을까요. 다른 일도 많은 와중에 그것까지 신경 쓰면서 확인하느라 오늘 하루 몸도 마음도 지쳐버렸겠어요. 배송 실수인 걸 알았을 때의 자괴감이란, 저도 겪어봐서 충분히 이해하고 공감해요.	N	2022-08-08 07:00:01	2022-11-08 04:50:41
BE22013477	5	0	진짜 스스로가 어찌나 한심하던지. 고객한테 제대로 확인해보라고 해놓고선 정작 주소지가 달라서 얼마나 놀라고 어이가 없던지. 죄송하다고 말하고 상품을 다시 배송해주느라 오늘 하루 다 날려버렸어요.	N	2022-08-08 07:00:01	2022-11-08 04:50:41
BE22013477	6	1	배송하다 보면 워낙 비슷한 주소지가 많아서 몇 번이고 확인해야 하잖아요. 이런 사소한 실수에 감정화자씨가 너무 자기 탓을 하고, 자책하는 것 같아요. 한심하다고 계속 생각하다 보면 내가 너무 작아지는 기분이잖아요, 자기 자신을 그렇게 만들지 말아요.	N	2022-08-08 07:00:01	2022-11-08 04:50:41
BE22013477	7	0	왜 이렇게 저는 실수투성이일까요. 잘못 배송된 물건 회수는 사실상 불가능한 거니까, 상품도 날려버린 거고요. 경력도 있으면서 갓 입사한 신입처럼 일 처리도 제대로 못 하니 진짜 한심해요.	N	2022-08-08 07:00:01	2022-11-08 04:50:42
BE22013477	8	1	에고, 감정화자씨, 누구나 할 수 있는 실수인데 그렇게 자신을 깎아내리다니, 마음이 너무 안 좋아요. 저도 그렇고, 다른 직원들도 그런 실수는 몇 번이고 해봤을걸요? 늘 밝고 생기 넘치는 감정화자씨가 축 처져있는 모습에 저도 속상하네요.	N	2022-08-08 07:00:01	2022-11-08 04:50:42
BE22013477	9	0	에휴, 그래도 안 할 수도 있는 실수를 한 거니까 너무 한심해요. 회사에 피해를 줘서 미안한 마음도 크고요.	N	2022-08-08 07:00:01	2022-11-08 04:50:42
BE22013477	10	1	그런 바보 같은 생각을 하다니, 옳지 않아요! 우리 회사에서 감정화자씨의 밝고 긍정적인 에너지가 얼마나 도움이 되는지 모르죠? 이런 사소한 일 때문에 감정화자씨가 우리 회사에서 얼마나 큰 도움을 주는지 잊어버리지 않았으면 해요.	N	2022-08-08 07:00:01	2022-11-08 04:50:42
BE22013477	11	0	그렇게 말해주니 정말 고마워요, 공감화자씨. 덕분에 마음이 조금 풀리네요.	N	2022-08-08 07:00:01	2022-08-08 07:00:01
BE22013477	12	1	그리고 자신을 탓하면서 깎아내리는 것보다 더 필요한 일이 있잖아요. 저는 누구나 실수하고, 실수를 발판 삼아 발전한다면 그 실수는 의미 있다고 생각해요. 감정화자씨도 의미 있는 실수를 한 거니까 스스로 다음을 달래고, 더 다독여줬으면 좋겠어요.	N	2022-08-08 07:00:01	2022-11-08 04:50:42
BE22013477	13	0	공감화자씨 말이 맞아요. 이렇게 스스로 한심해하고 탓하고 있기보다는 실수를 줄이기 위해 노력해야죠. 실수 한 번 했다고 그만둬버리면 제가 이제껏 쌓아온 것들이 너무 아깝네요.	N	2022-08-08 07:00:01	2022-11-08 04:50:42
BE22013477	14	1	좋아요, 이래야 우리 감정화자씨답죠. 그깟 실수, 백 번이고 천 번이고 해도 되지만 자책하고 움츠러들지 말아요. 감정화자씨는 잘해 왔고, 지금도 너무 잘하고 있다는 거 잊지 말라고요!	Y	2022-08-08 07:00:01	2022-11-08 04:50:42
