id	utterance_id	utterance_type	utterance_text	terminate	regDate	updDate
BE22026310	1	0	저희 딸은 야채를 먹으면 죽는 줄 아는 것 같아요. 쓴맛이 조금만 나도 뱉어버려서 너무 당황스러워요.	N	2022-10-10 03:19:09	2022-10-10 03:19:09
BE22026310	2	1	감정화자님이 정성들여 만든 음식을 뱉어버리면 참 허무하기도 하고 속상하시죠. 저희 아이도 비슷한 나이였을때 편식이 심했어서 그 마음이 이해가 가요.	N	2022-10-10 03:19:09	2022-11-08 06:11:26
BE22026310	3	0	그냥 편식이 심한 정도면 이해하겠는데 야채에 대한 공포가 있는 것 같아서 당황스러워요. 어제는 볶음밥에 들어있는 작은 야채 조각을 보고 자지러지게 울어서 너무 놀랐어요.	N	2022-10-10 03:19:09	2022-10-10 03:19:09
BE22026310	4	1	너무 당황스럽고 놀라서 갈팡질팡하셨을 것 같아요. 아이가 좋지 않은 기억 때문에 그런 것 같은데 커갈수록 나아질거예요. 그러니 너무 걱정하지 마시고 마음을 차분하게 가져보시면 좋겠어요.	N	2022-10-10 03:19:09	2022-11-08 06:11:26
BE22026310	5	0	너무 당황스러워서 아이가 마음의 병이 있는 건 아닌가 생각이 들 정도였어요. 첫째인 아들은 야채를 좋아해서 이런 일이 없었거든요. 그래서 더 놀라고 당황스러웠어요.	N	2022-10-10 03:19:09	2022-10-10 03:19:09
BE22026310	6	1	그럴 때 정말 당황스럽고 마음이 어려우시죠. 그런데 모든 아이가 다 각자의 성향과 특징이 다르더라고요. 다르다고 해서 문제인 것도 아니니 마음 푹 놓으세요.	N	2022-10-10 03:19:09	2022-11-08 06:11:26
BE22026310	7	0	너무 혼란스러워서 앞으로 어떻게 밥을 먹어야 할지 감도 안 오네요. 밥을 먹으면서 공포를 느낄지도 모른다는 사실이 정말 당황스러워요.	N	2022-10-10 03:19:09	2022-11-08 06:11:26
BE22026310	8	1	감정화자님의 마음은 잘 이해해요. 그런데 그럴수록 감정화자님이 마음을 편하게 먹으시고 아이의 마음을 달래주시면 훨씬 좋아질 거예요. 따님을 생각해서라도 힘을 내시고 마음을 달래보시면 좋겠어요.	N	2022-10-10 03:19:09	2022-11-08 06:11:26
BE22026310	9	0	공감화자님이 그렇게 말씀해주시니까 조금 마음이 차분해지는 것 같기도 하네요.	N	2022-10-10 03:19:09	2022-11-08 06:11:27
BE22026310	10	1	그렇다면 정말 다행이에요. 아이 키우면서 누구나 당황하고 어쩔 줄 모르는 순간이 오잖아요. 그런데 엄마는 생각보다 더 강한 존재니까 힘을 내실 수 있을거예요.	N	2022-10-10 03:19:09	2022-11-08 06:11:27
BE22026310	11	0	먼저 경험해보신 분이 그렇게 공감해주시고 조언해주시니까 힘이 되는 것 같아요. 털어놓길 잘한 것 같네요.	N	2022-10-10 03:19:09	2022-11-08 06:11:27
BE22026310	12	1	한 아이를 키울 때 온 마을이 필요하다는 말도 있잖아요. 서로 의지하기도 하고 이야기 나누는 것만으로도 도움이 많이 될 거예요. 그러니 너무 당황하거나 걱정하지 마세요.	N	2022-10-10 03:19:09	2022-11-08 06:11:27
BE22026310	13	0	좋은 말씀 해주셔서 정말 감사해요. 직장에 이렇게 육아 고민을 나눌 수 있는 동료가 있는 것도 큰 기쁨이네요. 마음이 한결 가벼워진 것 같아요.	N	2022-10-10 03:19:09	2022-10-10 03:19:09
BE22026310	14	1	그렇게 말씀해주시니 저도 고맙네요. 언제든 고민있거나 마음이 힘드실 땐 제게 털어놓으세요. 그리고 힘내시고 얼른 퇴근하시길 바라요.	Y	2022-10-10 03:19:09	2022-10-10 03:19:09
