id	utterance_id	utterance_type	utterance_text	terminate	regDate	updDate
BE22019343	1	0	선배가 저한테 어제 발에 맞지 않는다며 새로 산 운동화를 주더라고요. 그런데 저는 엄청 당황스럽고 혼란스러웠어요. 이런 새 신발을 그냥 받아도 되나 싶어서 말이에요.	N	2022-09-21 07:20:23	2022-11-08 05:25:37
BE22019343	2	1	그런 일이 있었군요. 신던 것도 아니고 새 물건을 그렇게 받으면 저 같아도 부담스럽고 당황이 될 것 같아요. 딱히 거절하기도 어려운 상황이라 어떻게 대처해야 할지 난감하셨겠네요.	N	2022-09-21 07:20:23	2022-11-08 05:25:37
BE22019343	3	0	그러니까요. 이게 참 애매하게 사람 당황스럽게 만들더라고요. 그냥 받자니 부담스럽고 거절하자니 상대방이 무안할 것 같고 말이에요.	N	2022-09-21 07:20:23	2022-11-08 05:25:38
BE22019343	4	1	그런 상황에서 자신의 마음에만 집중하기 쉬울 텐데. 상대방 감정까지 늘 배려해주는 감정화자님은 정말 대단하신 것 같아요.	N	2022-09-21 07:20:23	2022-11-08 05:25:38
BE22019343	5	0	결국엔 받긴 했는데 뭔가 빚진 느낌이 계속 들어서 어떻게 해야 할지 모르겠어요. 그냥 아무 조치 없이 받아도 문제없는 거겠죠?	N	2022-09-21 07:20:23	2022-11-08 05:25:38
BE22019343	6	1	네. 물론 마음에 석연치 않은 구석이 남아서 마음이 불편할 수는 있는 거 이해해요. 어쨌든 그 선배님이 먼저 자의로 주신 거니까 너무 신경 쓰고 부담가지실 필요 없을 것 같아요. 그냥 잘 사용하는 모습 보여드리면 선배님도 기뻐하지 않을까요?	N	2022-09-21 07:20:23	2022-11-08 05:25:38
BE22019343	7	0	아 그렇겠죠? 제가 너무 염치없는 건가 고민되었거든요. 대가 없이 선물을 받는 건 저에게 익숙한 일이 아니라 너무 당황스럽네요.	N	2022-09-21 07:20:23	2022-09-21 07:20:23
BE22019343	8	1	상대방의 마음을 알 수가 없어 더 혼란스러우신 것 같아요. 하지만 일단 선물이라고 생각하면 마음이 편해질 것 같아요. 주는 사람의 입장에서 생각해보면 그 사람의 마음을 받아주는 것도 상대방을 배려해주는 일 아닐까요?	N	2022-09-21 07:20:23	2022-11-08 05:25:38
BE22019343	9	0	남에게 신세 지기 싫어하는 성격이기도 하고 늘 소심한 마음에 이렇게 생각이 많답니다. 저도 덥석 남의 물건도 잘 받고 그랬으면 좋겠는데 그게 마음이 편치 않아요.	N	2022-09-21 07:20:23	2022-11-08 05:25:38
BE22019343	10	1	갑자기 아무 이유 없이 선물을 받는 것도 누군가에겐 부담스러울 수 있지요. 하지만 때로는 상대방의 호의를 기쁘게 받는 것도 좋아요.	N	2022-09-21 07:20:23	2022-11-08 05:25:38
BE22019343	11	0	그렇게 말씀하시니 또 마음이 편해지네요. 운동화가 내심 맘에 들었었는데 이제 그냥 기쁜 마음으로 신을래요.	N	2022-09-21 07:20:23	2022-11-08 05:25:38
BE22019343	12	1	어제 회사에 신고 오셨던 것 맞죠? 완전히 잘 어울리던데요? 너무 부럽습니다.	N	2022-09-21 07:20:23	2022-11-08 05:25:38
BE22019343	13	0	맞아요. 그렇게 알아봐 주시니 또 기분이 너무 좋네요. 나누는 기쁨도 받는 기쁨도 모두 누릴 수 있는 여유가 제게 생겼으면 좋겠어요.	N	2022-09-21 07:20:23	2022-11-08 05:25:38
BE22019343	14	1	이미 대리님은 충분히 여유 있으세요. 마음 편하게 즐겁게 누리세요.	N	2022-09-21 07:20:23	2022-11-08 05:25:38
BE22019343	15	0	덕분에 오늘은 기분이 갑자기 좋아지고 마음도 날아갈 것같이 기쁘네요. 다음에 제가 커피 한잔 사겠습니다.	Y	2022-09-21 07:20:23	2022-11-08 05:25:38
