id	utterance_id	utterance_type	utterance_text	terminate	regDate	updDate
BE22021659	1	0	주말 잘 보내고 있어요? 저 공감화자님이 소개해주신 꽃밭 놀러 왔는데 참 당혹스러운 상황이 생겼어요.	N	2022-09-26 09:23:24	2022-09-26 09:23:24
BE22021659	2	1	네, 잘 쉬고 있습니다. 혹시 꽃밭이 다 사라졌나요? 무슨 일인가요?	N	2022-09-26 09:23:24	2022-11-08 05:43:53
BE22021659	3	0	다행히 꽃밭이 너무 예쁘게 있어요. 하지만 아내가 자꾸 들어가면 안되는 데 들어가서 사진을 찍겠다고 하네요. 일단 당장에 말리긴 했는데 계속해서 이야기를 꺼내고 있어서 참 어떻게 해야 할 지 당황스럽네요.	N	2022-09-26 09:23:24	2022-09-26 09:23:24
BE22021659	4	1	그런 일이 있으셨군요, 그런 상황이면 저라도 참 당황스러워서 고민 될 것 같아요. 예쁜 사진 찍어주고 싶지만 지켜야 할 규칙은 지켜야 하니까 혼란스러우시죠. 그래도 환경 보호에 대해서 아내 분께 잘 설명 드린다면 이해해주시지 않을까요?	N	2022-09-26 09:23:24	2022-11-08 05:43:53
BE22021659	5	0	네, 저도 이왕이면 예쁘게 찍어주고 싶은 마음이죠, 그래서 제 양심이 엄청나게 갈등 중이에요. 참 이런 상황이 생기니 곤란스럽고 힘드네요. 어떤 행동을 해야 모두가 괜찮을 지도 고민스러워요.	N	2022-09-26 09:23:24	2022-09-26 09:23:24
BE22021659	6	1	아내를 위하시고 환경을 생각하시는 마음이 참 대단하세요. 누구나 하나를 선택해서 일이 더 복잡해지게 만드는 경우도 많은데. 모두를 위해 신중하게 고민하시는 모습을 배워야 할 것 같네요.	N	2022-09-26 09:23:24	2022-09-26 09:23:24
BE22021659	7	0	그런가요, 이런 상황이면 다들 이렇게 고민하지 않을까요? 사회적 규범과 아내의 부탁이 참 절 힘들게 하네요. 도저히 어찌할 바를 모르겠어요.	N	2022-09-26 09:23:24	2022-09-26 09:23:24
BE22021659	8	1	제가 직접 겪진 않았지만 저라도 엄청 고민했을 거예요. 그래도 무작정 억지 부리신다 생각 마시고 이야기 해보세요. 분명 아내 분도 잘 받아들여 주실 테니 너무 걱정 말아요.	N	2022-09-26 09:23:24	2022-11-08 05:43:54
BE22021659	9	0	과연 잘 받아줄까, 왠지 토라질까 걱정스럽네요. 당장 이 상황을 빠른 시간 내로 해결하긴 해야 할 건데 말이죠.	N	2022-09-26 09:23:24	2022-11-08 05:43:54
BE22021659	10	1	감정화자님이 사진 실력으로 충분히 해결 가능한 상황이라고 상상해보시는 건 어때요. 그럼 좀 더 당당하고 마음 편히 밖에서 찍자고 말씀하실 수 있을 거 같아요. 혹여나 사진 결과물이 안 좋아 상황 악화를 우려하시는 거잖아요. 그러니 당당하게 생각해보세요.	N	2022-09-26 09:23:24	2022-11-08 05:43:54
BE22021659	11	0	맞아요, 제가 괜히 여러 문제들이 걱정되니까 지금 이 상황이 더 당황스럽게 느껴질 거예요. 공감화자님 말씀처럼 생각해서 마음의 안정을 가져볼게요. 그리고 아내한테 잘 이야기 해봐야겠어요.	N	2022-09-26 09:23:24	2022-11-08 05:43:54
BE22021659	12	1	좋은 생각이에요. 괜히 불안한 마음으로 말씀을 꺼내시면 일이 더 복잡해질 지 몰라요. 우선 감정화자님의 마음이 편안해야 대화도 더 잘하실 수 있을 거예요. 분명 간곡히 대화하시면 상황을 이해하시고 넘어가줄거예요.	N	2022-09-26 09:23:24	2022-11-08 05:43:54
BE22021659	13	0	그렇게 된다면 참 다행이죠. 그래도 공감화자님 덕분에 당황스럽던 마음은 많이 사라졌어요. 편안히 잘 이야기 할 수 있을 것 같네요.	N	2022-09-26 09:23:24	2022-09-26 09:23:24
BE22021659	14	1	다른 꽃밭도 나중에 구경 가면 되는 거니까, 잘 타일러 보세요. 무사히 해결하시길 응원합니다.	N	2022-09-26 09:23:24	2022-09-26 09:23:24
BE22021659	15	0	좋은 생각과 재치를 얻어갑니다. 감사해요.	Y	2022-09-26 09:23:24	2022-09-26 09:23:24
