id	utterance_id	utterance_type	utterance_text	terminate	regDate	updDate
BE22000088	1	0	대리님, 나 어제 진짜 당황해서 새벽에 대리님한테 전화할 뻔했어요.	N	2022-06-02 08:51:43	2022-11-08 03:24:47
BE22000088	2	1	무슨 일이었길래요? 괜찮은 거지요?	N	2022-06-02 08:51:43	2022-11-08 03:24:47
BE22000088	3	0	다른 게 아니고 전 여자 동료한테 갑자기 문자가 와서 너무 당황스러웠어요.	N	2022-06-02 08:51:43	2022-11-08 03:24:47
BE22000088	4	1	너무 당황스러웠겠어요. 헤어질 때 엄청 냉정하게 돌아섰다고 하지 않았어요?	N	2022-06-02 08:51:43	2022-11-08 03:24:47
BE22000088	5	0	네, 한편으로 이 문자가 반갑기도 하고 당황스러운 감정이에요.	N	2022-06-02 08:51:43	2022-11-08 03:24:47
BE22000088	6	1	그렇게 냉정하게 돌아서놓고 연락 오니까 당연히 혼란스럽지요. 혹시 반가운 마음에 답장한 거예요?	N	2022-06-02 08:51:43	2022-11-08 03:24:47
BE22000088	7	0	아니요. 답장할 뻔하긴 했어요. 하지만 반가움과 동시에 그때 힘들었던 기억이 떠올라서 참았어요.	N	2022-06-02 08:51:43	2022-11-08 03:24:47
BE22000088	8	1	진짜 온갖 복합적인 감정이 밀려왔군요. 더 혼란스럽고 어찌할 줄 몰랐겠어요.	N	2022-06-02 08:51:43	2022-11-08 03:24:47
BE22000088	9	0	맞아요. 지금 와서 사실 어쩌자는 건지도 모르겠어요. 내가 도대체 어떻게 행동해야 할지도 복잡해요. 문자를 답장했어야 했나 싶고요.	N	2022-06-02 08:51:43	2022-11-08 03:24:47
BE22000088	10	1	아, 그 감정 뭔지 알지요. 저도 헤어진 여자 동료한테 연락 받은 적 있었거든요. 김 과장님의 마음이 갈피 못 잡고 얼마나 흔들릴지 잘 알겠어요.	N	2022-06-02 08:51:43	2022-11-08 03:24:47
BE22000088	11	0	대리님도 그런 적이 있었군요. 그때 어떻게 반응했어요?	N	2022-06-02 08:51:43	2022-11-08 03:24:47
BE22000088	12	1	저는 답장하지 않았어요. 문자 하나로 우리의 사이가 다시 변할 거라는 보장도 없었고 한번 헤어진 사이는 이미 끝이라는 생각이 컸거든요.	N	2022-06-02 08:51:43	2022-11-08 03:24:47
BE22000088	13	0	사실 저도 그렇게 생각해요. 그래서 답장하지 않았는데, 제 선택이 맞는 걸까요?	N	2022-06-02 08:51:43	2022-11-08 03:24:48
BE22000088	14	1	저는 김 과장님이 잘하셨다고 생각해요. 연락하고 싶은 마음이 굴뚝같았겠지만 결국에는 잘한 행동이에요. 한번 떠나보낸 인연 보내줄 줄도 알아야지요.	N	2022-06-02 08:51:43	2022-11-08 03:24:48
BE22000088	15	0	그런 거겠지요? 대리님이 그렇게 말하니까 내가 어제 문자 참길 잘했다는 생각이 드네요.	N	2022-06-02 08:51:43	2022-11-08 03:24:48
BE22000088	16	1	정말 잘했어요. 세상은 넓고 더 좋은 인연이 찾아올 거예요. 	N	2022-06-02 08:51:43	2022-11-08 03:24:48
BE22000088	17	0	고마워요. 덕분에 마음이 한결 정리된 기분이에요.	Y	2022-06-02 08:51:43	2022-11-08 03:24:48
