id	utterance_id	utterance_type	utterance_text	terminate	regDate	updDate
BE22016928	1	0	공감화자씨 저 지금 너무 당황스러워요. 오전에 정말 중요한 업무 메일을 보냈는데 지금 확인해 보니까 파일을 첨부하지 않고 보내버렸어요.	N	2022-09-02 04:42:31	2022-09-02 04:42:31
BE22016928	2	1	저도 그랬던 적 있어서 얼마나 놀라고 난감할지 알아요. 잘못 보낸 걸 안 순간 등골이 서늘해지잖아요.	N	2022-09-02 04:42:31	2022-11-08 05:12:17
BE22016928	3	0	맞아요, 저 지금 어떻게 해야 할지 모르겠어요. 분명 다시 확인하고 보냈었는데 무슨 정신으로 일을 했던 건지. 저 자신이 너무 한심해요.	N	2022-09-02 04:42:31	2022-11-08 05:12:17
BE22016928	4	1	중요한 업무 메일이었으니까 꼼꼼한 감정화자씨 성격에 여러 번 확인했을 게 눈에 보여요. 오히려 너무 긴장하면 이런 실수가 생기기도 하더라고요. 누구에게나 한 번씩 있는 일이니까 너무 자책하지 않았으면 좋겠어요.	N	2022-09-02 04:42:31	2022-11-08 05:12:17
BE22016928	5	0	메일을 받는 고객한테 프로페셔널한 모습을 보였어야 해서 메일 내용도 몇번이고 수정했거든요. 그런데 정작 중요한 첨부 파일을 누락한 꼴이라니. 저 스스로에게 너무 황당해요.	N	2022-09-02 04:42:31	2022-09-02 04:42:31
BE22016928	6	1	저런 일부러 더 신경 써서 작성한 메일일 텐데 이런 일이 생겨서 너무 속상하겠어요. 우리처럼 아직 회사 생활을 몇 년 안 한 사람들은 실수하면 그것 때문에 온종일 우울하기도 하잖아요.	N	2022-09-02 04:42:31	2022-11-08 05:12:17
BE22016928	7	0	뒤늦게 알고 다시 메일을 보내긴 했는데, 고객은 이미 저를 실수가 잦은 사람이라고 생각하겠죠. 첫 이미지가 중요한데 다 망쳐버렸어요.	N	2022-09-02 04:42:31	2022-09-02 04:42:31
BE22016928	8	1	이런 실수는 직장인이면 안 해본 사람이 없을 거예요. 메일 내용이나 첨부 자료를 받아보면 감정화자씨가 얼마나 꼼꼼하게 일을 잘하는 사람인지 알아줄걸요? 이 정도 실수는 고객도 충분히 이해할 테니 너무 걱정하지 말아요.	N	2022-09-02 04:42:31	2022-11-08 05:12:17
BE22016928	9	0	고객이 그렇게 생각해주면 좋겠는데 걱정이네요. 첨부파일이 누락된 걸 안 순간부터 지금까지 너무 당황해서 아무 일도 손에 안 잡혔어요.	N	2022-09-02 04:42:31	2022-09-02 04:42:31
BE22016928	10	1	이번 일을 계기로 마음이 한층 더 단단해지고, 업무능력도 더 좋아질 거라고 생각해요. 그러니 실수에 대한 속상함과 부담감은 훌훌 털어버려도 괜찮아요. 실수가 없이 성장하는 사람이 어디 있겠어요?	N	2022-09-02 04:42:31	2022-11-08 05:12:17
BE22016928	11	0	그렇게 생각하니까 마음이 좀 가라앉네요. 이렇게 공감해 주고 위로해 줘서 정말 고마워요.	N	2022-09-02 04:42:31	2022-09-02 04:42:31
BE22016928	12	1	감정화자씨처럼 꼼꼼한 사람들이 이런 실수를 하면 더 힘들어하는 것 같더라고요. 제가 힘이 됐다니 정말 다행이네요.	N	2022-09-02 04:42:31	2022-11-08 05:12:17
BE22016928	13	0	역시 동기밖에 없네요. 회사에서 힘든 일이 있을 때 저 혼자였으면 버티지 못했을 거예요.	N	2022-09-02 04:42:31	2022-09-02 04:42:31
BE22016928	14	1	저 역시 감정화자씨에게 많은 부분을 의지하고 있어요. 우리 서로 도와가면서 지치지 말고 회사 생활해요!	Y	2022-09-02 04:42:31	2022-11-08 05:12:17
