id	utterance_id	utterance_type	utterance_text	terminate	regDate	updDate
BE22013556	1	0	차장님, 아들이 오늘 산타할아버지가 정말 있냐고 물어 보더라고요. 얼마나 깜짝 놀랐는지 몰라요.	N	2022-08-09 04:36:17	2022-08-09 04:36:17
BE22013556	2	1	아들이 갑자기 왜 그런 말을 한 건지 궁금하네. 무슨 일이 있었던 건가?	N	2022-08-09 04:36:17	2022-08-09 04:36:17
BE22013556	3	0	친구가 아빠가 산타할아버지라고 말했다나 봐요. 정말 아빠가 산타였던 거야? 하는데 생각지도 못한 말이어서 충격받고 노력이 물거품이 돼서 얼마나 당황스러운지 모르겠어요.	N	2022-08-09 04:36:17	2022-11-08 04:51:11
BE22013556	4	1	아이의 동심을 지키기 위해 매년 노력하는 일 중의 하나가 바로 산타 잔치 아니었나? 크리스마스쯤이면 준비하는 모습이 싱글벙글 어찌나 행복해 보였던지.	N	2022-08-09 04:36:17	2022-11-08 04:51:11
BE22013556	5	0	아무리 요즘 7살이 영악하다지만 초등학교 저학년까지는 하려고 했어요. 철저하게 연기해서 추억을 만들어 주고 싶었는데. 이제 들통이 나서 끝이라고 생각하니 착잡하고 속상한 마음이 들어요.	N	2022-08-09 04:36:17	2022-08-09 04:36:17
BE22013556	6	1	아들의 행복한 추억을 만드느라 수고한 노력은 사라지지 않으니 너무 속상해하지 말아. 누구라도 자네처럼 즐기면서 기쁘게 잘하기는 어려울 테니까. 팀원 모두 자네의 부성애에 감탄할 정도였거든.	N	2022-08-09 04:36:17	2022-11-08 04:51:11
BE22013556	7	0	그래도 조금만 더 몰랐으면 좋았을 것 같아요. 진짜 아들이 다 커버렸다는 생각이 들어서 섭섭한 마음이 들어요.	N	2022-08-09 04:36:17	2022-08-09 04:36:17
BE22013556	8	1	아이에게 행복한 기억은 마음 안에 영원히 살아 숨 쉬는 거니까 너무 섭섭해 말아. 아이에 대한 아버지의 사랑을 표현하고 그걸 받은 아이가 느꼈다면 된 거로 생각해.	N	2022-08-09 04:36:17	2022-11-08 04:51:11
BE22013556	9	0	그러고 보니 행복한 기억이 참 많네요. 커가면서 보여준 해맑고 순수한 행복 담긴 웃음소리는 영원히 내 마음에 기억될 것 같아요.	N	2022-08-09 04:36:17	2022-08-09 04:36:17
BE22013556	10	1	아들이 크면 김 대리가 얼마나 노력하는 멋진 아빠였는지 다 알게 되겠지. 자네처럼 아들이 기뻐하는 일에 진심으로 최선을 다하는 사람은 없을 테니까. 사내에서는 오죽하면 아들 바보라는 별명도 있다는 거 아는가 하하.	N	2022-08-09 04:36:17	2022-08-09 04:36:17
BE22013556	11	0	그건 조금 쑥스럽기도 하고 부끄러워요. 아, 아이가 자라며 저에게 주었던 감정이 파노라마처럼 지나가네요. 다시 돌아오지 않을 시간이어서 붙잡고 싶고요.	N	2022-08-09 04:36:17	2022-08-09 04:36:17
BE22013556	12	1	비록 자네가 나이는 어리지만, 자네로 인해 부모의 역할이 무엇인지 배우고 느끼는 게 참 많아. 7살짜리 아들이 동심을 조금씩 잃어 가는 모습이 당황스럽고 서운하겠지. 하지만 성장하는 모습을 보며 새로운 기쁨을 느끼게 될 테니 기대할 만해.	N	2022-08-09 04:36:17	2022-11-08 04:51:11
BE22013556	13	0	차장님의 조언으로 정신이 번쩍 들면서 멈출 수 없는 아빠의 노력이 있어야 함을 깨닫게 되네요. 저보다 경력이 풍부한 아버지이시니 마음에 깊이 와닿아요. 당황스러워할 시간에 아이와 다른 좋은 추억을 쌓도록 더 고민해야 하겠어요.	N	2022-08-09 04:36:17	2022-08-09 04:36:17
BE22013556	14	1	김 대리의 그런 노력을 곁에서 지켜보며 늘 응원할게. 아들이 성장하며 더불어 성장하는 아버지의 모습을 보는 일은 정말 경이로운 일이니까.	N	2022-08-09 04:36:17	2022-08-09 04:36:17
BE22013556	15	0	차장님이 지켜보신다고 하니 더 힘이 불끈 솟아나는데요.	Y	2022-08-09 04:36:17	2022-08-09 04:36:17
