id	utterance_id	utterance_type	utterance_text	terminate	regDate	updDate
BE22020054	1	0	아까 회의 때 저희 팀 신입 혼났는데 화장실에서 울더라고요. 근데 나랑 화장실에서 딱 마주친 거 있죠? 내가 혼낸 건 아니었지만 당황스럽더라고요.	N	2022-09-22 16:16:03	2022-11-08 05:36:05
BE22020054	2	1	정말요? 대리님도 순간 난처하셨겠어요. 직접 혼내진 않았어도 마음이 쓰이죠.	N	2022-09-22 16:16:03	2022-11-08 05:36:05
BE22020054	3	0	맞아요. 저희 팀장님 완전 까다로운 거 아시죠. 그런데 신입이 준비한 글씨체도 다 깨지고, 프린터도 잘못해서 회의가 늦춰졌거든요. 그러니까 팀장님은 불같이 화를 내시고, 신입은 운거죠.	N	2022-09-22 16:16:03	2022-09-22 16:16:03
BE22020054	4	1	그런 일이 있었구나. 신입이면 아직 서툴러서 실수할 수도 있는데 회의 분위기도 안 좋았겠네요. 그나저나 잘 달래줬어요?	N	2022-09-22 16:16:03	2022-11-08 05:36:05
BE22020054	5	0	그게 사실은 저도 너무 당황해서 그냥 지나쳐 버린 거 있죠? 왜 우는지도 알고, 너무 펑펑 울어서 어떻게 해야할 지 모르겠더라고요. 그냥 좀 놀라고, 난처했는데 직장 상사로서 제 역할을 못한 걸까요.	N	2022-09-22 16:16:03	2022-11-08 05:36:05
BE22020054	6	1	충분히 당황스러웠을 수도 있죠. 갑작스러운 상황에서 방도가 없었잖아요. 전 대리님 상황도 이해 가고, 자꾸 신경 쓰시는 그 마음도 이해가 가요.	N	2022-09-22 16:16:03	2022-11-08 05:36:05
BE22020054	7	0	제 신입시절도 생각이 나더라고요. 진짜 많이 혼나고 얼마나 서러운지 알잖아요. 그래서 응원해주고 싶긴 했는데 그냥 지나쳐서 저도 놀랐어요.	N	2022-09-22 16:16:03	2022-09-22 16:16:03
BE22020054	8	1	어떻게 말할지, 이런 저런 고민하시다 그런 걸 거예요. 진심으로 응원해주고 싶으면 아무래도 사람이 더 신중해지잖아요.	N	2022-09-22 16:16:03	2022-11-08 05:36:05
BE22020054	9	0	그렇긴 하죠. 어떤 말을 해줘야할 지 잘 몰랐던 것 같아요. 내가 엄청 높은 사람도 아니니까 너무 격려하는 것도 웃기잖아요. 그냥 너무 당혹스러워서 지나쳐버렸네요.	N	2022-09-22 16:16:03	2022-11-08 05:36:05
BE22020054	10	1	섣불리 위로해야겠다는 생각 들기도 쉽지 않은 것 같아요. 저였어도 그런 상황에서 너무 당황했을 테니 대리님도 너무 자책하지 않아도 될 것 같아요.	N	2022-09-22 16:16:03	2022-11-08 05:36:05
BE22020054	11	0	자꾸 신경이 쓰이네요. 응원해 주고 싶은데 제가 오히려 피해버린 꼴이라.	N	2022-09-22 16:16:03	2022-09-22 16:16:03
BE22020054	12	1	그래도 대리님이 이렇게 걱정하고 있다는 걸 알면 그 신입에게 위로가 될지도 몰라요. 아깐 너무 당황해서 지나갔다고 하면 되니까 너무 걱정하지 마세요. 그럼 커피 한잔 사주거나, 메신저로 응원하는 말해 주는 건 어때요?	N	2022-09-22 16:16:03	2022-11-08 05:36:05
BE22020054	13	0	아 그건 생각을 못 했네요. 그냥 당황스러움이 너무 앞서서 응원을 전할 방법은 생각도 못 하고 있었어요. 그럼 메신저로 연락해서 커피 사주고 위로를 해야겠어요.	N	2022-09-22 16:16:03	2022-11-08 05:36:05
BE22020054	14	1	좋아요. 대리님 신입 때 이야기도 해주면 정말 좋은 위로가 될 것 같아요.	N	2022-09-22 16:16:03	2022-09-22 16:16:03
BE22020054	15	0	고마워요. 응원이랑 격려 열심히 해주고 와야겠어요.	Y	2022-09-22 16:16:03	2022-09-22 16:16:03
