id	utterance_id	utterance_type	utterance_text	terminate	regDate	updDate
BE22000940	1	0	대리님 저 낯 뜨거워서 일에 집중이 안 돼요.	N	2022-06-14 00:39:24	2022-11-08 03:30:24
BE22000940	2	1	감정화자씨가 일에 집중이 안 된다니 그런 말은 처음 듣는다. 무슨 일 있어?	N	2022-06-14 00:39:24	2022-11-08 03:30:24
BE22000940	3	0	며칠 전에 집들이한다고 친구들을 다 초대했거든요.	N	2022-06-14 00:39:24	2022-11-08 03:30:24
BE22000940	4	1	이사 간다더니 집들이했구나. 그런데 그게 왜?	N	2022-06-14 00:39:24	2022-11-08 03:30:24
BE22000940	5	0	잘 보이고 싶은 친구가 있어서 칵테일 만드는 거 보여주다가 다 쏟아 버렸어요.	N	2022-06-14 00:39:24	2022-11-08 03:30:24
BE22000940	6	1	아... 하필 호감 있는 친구 앞이었으니 엄청 민망했겠네. 일에 집중이 안 될 만하다.	N	2022-06-14 00:39:24	2022-11-08 03:30:24
BE22000940	7	0	폼 좀 잡아보려고 조명까지 켜고 난리도 아니었는데 어쩌죠?	N	2022-06-14 00:39:24	2022-11-08 03:30:24
BE22000940	8	1	좀 뻘쭘했겠다. 그래도 감정화자씨가 바텐더도 아니고 그 정도 실수는 귀여웠을 것 같은데?	N	2022-06-14 00:39:24	2022-11-08 03:30:24
BE22000940	9	0	그렇게 봐줬을까요? 다시 만들어서 주긴 했는데 다 망한 것 같아요.	N	2022-06-14 00:39:24	2022-11-08 03:30:24
BE22000940	10	1	결국 성공했네! 나였으면 민망해서 다시 시도 못했을 텐데 끝까지 제대로 만든 감정화자씨 대단하다.	N	2022-06-14 00:39:24	2022-11-08 03:30:24
BE22000940	11	0	어떻게든 마무리해야겠다는 생각에... 그 친구에게 잘 보이는 건 끝났겠죠?	N	2022-06-14 00:39:24	2022-11-08 03:30:24
BE22000940	12	1	오히려 잘 보이려고 노력하는 그 모습 자체로 호감이었을 것 같아!	N	2022-06-14 00:39:24	2022-11-08 03:30:24
BE22000940	13	0	정말 그럴까요? 대리님 말 들으니까 희망이 좀 생겨요.	N	2022-06-14 00:39:24	2022-11-08 03:30:24
BE22000940	14	1	감정화자씨는 뭐든 열심히 하는 모습이 엄청 보기 좋거든. 그 친구도 분명 그렇게 느꼈을 거야.	N	2022-06-14 00:39:24	2022-11-08 03:30:24
BE22000940	15	0	그렇게 말씀해 주시니까 마음이 조금 가라앉네요. 감사해요.	Y	2022-06-14 00:39:24	2022-11-08 03:30:24
