id	utterance_id	utterance_type	utterance_text	terminate	regDate	updDate
BE22030914	1	0	대리님, 저 너무 당황스럽고 어이없는 고민이 있는데 들어주실 수 있으실까요? 제 주변에 결혼한 사람은 대리님뿐이라서요. 이 상황을 어떻게 넘겨야 할지 모르겠어요.	N	2022-10-17 10:30:10	2022-10-17 10:30:10
BE22030914	2	1	네, 말해봐요. 무슨 일이길래 이렇게 심각한 거예요? 글에서도 감정화자씨의 기분이 느껴져서 마음이 쓰이네요. 부담 갖지 말고 편하게 얘기해 봐요.	N	2022-10-17 10:30:10	2022-11-08 06:39:20
BE22030914	3	0	제가 오래 만난 남자친구가 있거든요. 그런데 저는 아직 결혼 생각도 없는데 남자친구가 제멋대로 자녀 계획까지 잡고 있어요. 이 얘기를 듣는데 어찌나 당황스럽고 놀랐는지 표정 관리도 안 되는 거 있죠.	N	2022-10-17 10:30:10	2022-11-08 06:39:20
BE22030914	4	1	정말요? 감정화자씨 정말 많이 당황했겠어요. 나도 결혼 전 비슷한 일을 겪어 본 적이 있어서 그 심정 잘 알아요. 어떤 심정으로 나에게 이런 질문을 한 건지 이해가 되네요.	N	2022-10-17 10:30:10	2022-11-08 06:39:20
BE22030914	5	0	저는 분명 아직은 결혼 생각이 없다고도 얘기를 했는데 제 얘기는 들은 척도 안 해요. 뭔가 이기적이란 생각도 들고 이 일로 남자친구와 사이가 멀어지는 기분이라 마음이 안 좋네요. 이렇게 당황스러운 일로 다툼해야 하는지 아직도 잘 모르겠어요.	N	2022-10-17 10:30:10	2022-11-08 06:39:20
BE22030914	6	1	나도 그랬어요, 다른 누구든 이런 일을 겪는다면 그런 기분이 들 수밖에 없을 거예요. 하지만 너무 기분 나쁘게 생각하지는 말고 일단 본인의 감정을 좀 추슬렀으면 좋겠어요. 그런 뒤에 남자친구에게 공감화자씨의 진심을 전한다면 조금은 상황이 달라질 수도 있을 거 같네요.	N	2022-10-17 10:30:10	2022-11-08 06:39:20
BE22030914	7	0	대리님의 말씀처럼 한다면 상황이 조금은 달라질 수 있을까요? 괜히 얘기를 꺼냈다가 또 저런 당황스럽고 어이없는 말들을 늘어놓을까 봐 피하고 싶은 마음이 들어요. 이 당황스러움을 극복하고 대화를 잘 나눌 수 있을지 자신이 안 들어요.	N	2022-10-17 10:30:10	2022-11-08 06:39:20
BE22030914	8	1	물론 당황하고 놀란 마음이 클수록 그런 마음을 잊으려면 오랜 시간이 걸릴 거예요. 하지만 이럴 때일수록 굳게 마음을 다잡고 이겨내고자 노력한다면 꼭 그럴 수 있을 거예요. 조금 더 기운을 내서 이 문제들을 잘 헤쳐 나가길 바랄게요.	N	2022-10-17 10:30:10	2022-11-08 06:39:20
BE22030914	9	0	왜 이런 당황스러운 말들을 들으며 이렇게 제가 마음 고생을 해야 하는지도 이해가 안 가요. 저를 만날 때마다 자녀 계획이 어떻게 된다며 당황스러운 말들을 하는 통에 자꾸만 피하게 되네요. 제가 정말 떨쳐내고 이 문제들을 잘 해결할 수 있을까요?	N	2022-10-17 10:30:10	2022-11-08 06:39:20
BE22030914	10	1	처음부터 쉽지는 않을 거예요. 감정화자씨는 그 누구보다 의지가 강하고 끈기가 있는 사람으로 알아요. 그러니 굳게 마음을 먹고 이겨낼 수 있다 되뇌면서 힘을 낸다면 상황이 잘 해결될 거예요.	N	2022-10-17 10:30:10	2022-11-08 06:39:20
BE22030914	11	0	마음이 너무 힘들었는데 대리님의 그런 말씀을 듣고 나니 조금은 마음이 놓이는 거 같아요. 조금 더 기운을 차리고 제 의견을 정확하게 전달할 수 있도록 용기도 얻었어요. 제 얘기를 진심으로 들어주셔서 너무 감사해요.	N	2022-10-17 10:30:10	2022-10-17 10:30:10
BE22030914	12	1	고맙기는요, 별일 아닌 말인데요. 내 말에 이렇게 금방 기운을 차릴 수 있게 돼서 너무 다행이고 안심이 되네요. 늘 그런 의지만, 가지고 지낸다면 어떤 일이든 금방 이겨내면서 지낼 수 있을 거예요.	N	2022-10-17 10:30:10	2022-11-08 06:39:20
BE22030914	13	0	남자친구가 제멋대로 자녀 계획을 잡고 있어서 당황스럽고 놀란 마음에 대리님께 고민 상담했어요. 정말 그러길 잘했단 생각이 드는 게 답답했던 마음이 너무나 후련해졌어요. 거기다 용기까지 얻을 수 있어서 마음이 너무 든든해졌어요.	N	2022-10-17 10:30:10	2022-11-08 06:39:20
BE22030914	14	1	지금처럼 고민이나 마음이 답답한 일이 생기면 언제든 물어보고 얘기해요. 이렇게 누군가와 대화를 나누고 격려의 말을 들으면서 이겨낼 수 있는 힘도 얻을 수 있잖아요. 아는 언니라 생각하고 편하게 얘기해도 되니까 언제든 말만 해요.	N	2022-10-17 10:30:10	2022-11-08 06:39:20
BE22030914	15	0	말씀만이라도 너무 감사해요. 이렇게 제 얘기를 잘 들어주시는 대리님 같은 분이 옆에 계신다는 게 정말 큰 축복이네요. 오늘의 이 대화를 가슴속 깊이 새겨두고 힘들 때마다 떠올리면서 이겨내도록 노력해 볼게요.	Y	2022-10-17 10:30:10	2022-10-17 10:30:10
