id	utterance_id	utterance_type	utterance_text	terminate	regDate	updDate
BE22006517	1	0	어젯밤에 술 마시고 어떻게 집에 왔는지 기억이 안 나.	N	2022-07-06 06:35:47	2022-11-08 04:06:21
BE22006517	2	1	어제 회사 끝나고 밤늦게까지 밖에 있었던 거예요? 아침부터 너무 피곤했겠다.	N	2022-07-06 06:35:47	2022-11-08 04:06:21
BE22006517	3	0	평소보다 술을 많이 마시긴 했는데 이렇게까지 필름이 끊긴 건 처음이에요.	N	2022-07-06 06:35:47	2022-11-08 04:06:21
BE22006517	4	1	요즘 부쩍 몸이 피곤하다고 했었잖아요. 막 어지럽거나 속이 더부룩하진 않아요?	N	2022-07-06 06:35:47	2022-11-08 04:06:21
BE22006517	5	0	속이 아픈 것보단 내가 너무 한심하게 느껴져요.	N	2022-07-06 06:35:47	2022-11-08 04:06:22
BE22006517	6	1	저도 술을 마실 때마다 스스로가 답답하게 느껴지곤 해요. 괜한 일에 힘을 빼는 기분이 들곤 하잖아요. 그래도 우리 인생에서 일만큼이나 중요한 게 여가 생활 아니겠어요?	N	2022-07-06 06:35:47	2022-11-08 04:06:22
BE22006517	7	0	그렇긴 하지만 출근 전에 술을 마신 적이 없어서 그런지 당황스러워요.	N	2022-07-06 06:35:47	2022-11-08 04:06:22
BE22006517	8	1	저도 전날 술을 마시고 다음 날 일어나려고 하면 몸이 뻐근하고 답답하더라고요. 그 마음 이해해요. 하지만 안전하게 집에 잘 돌아온 걸 보면 귀소본능도 탁월한 것 같은데요!	N	2022-07-06 06:35:47	2022-11-08 04:06:22
BE22006517	9	0	어떻게 어제 일이 하나도 기억이 안 날 수가 있죠?	N	2022-07-06 06:35:47	2022-11-08 04:06:22
BE22006517	10	1	제가 보기에는 일도 인생도 아주 멋지게 즐기는 사람 같아요. 저는 일할 때는 일을 하고, 놀 때는 확실하게 노는 사람이 멋진 것 같더라고요!	N	2022-07-06 06:35:47	2022-11-08 04:06:22
BE22006517	11	0	제가 일을 잘하는지도 모르겠어요. 우선 술을 마신 것부터 불성실한 거 아닐까요?	N	2022-07-06 06:35:47	2022-11-08 04:06:22
BE22006517	12	1	스스로에게 엄격한 건 좋지만 제가 보기에는 충분히 훌륭하고 근사해요. 몸이 아픈 게 아니라니 다행이고요.	N	2022-07-06 06:35:47	2022-11-08 04:06:22
BE22006517	13	0	몸보다는 마음이 아파요. 저는 아직도 제가 한심하게 느껴져요.	N	2022-07-06 06:35:47	2022-11-08 04:06:22
BE22006517	14	1	앞으로 자기 스스로를 더 잘 돌보면 되는 게 아닐까요? 사실 충분히 잘하고 있지만 우리에게는 빛나는 내일이 더 많잖아요!	N	2022-07-06 06:35:47	2022-11-08 04:06:22
BE22006517	15	0	그렇게 말해줘서 정말 감사해요. 마음이 아침보다 나아졌어요.	N	2022-07-06 06:35:47	2022-11-08 04:06:22
BE22006517	16	1	오늘 하루도 활기차게 보내다 보면 스스로가 더 사랑스럽게 느껴질 거예요.	N	2022-07-06 06:35:47	2022-11-08 04:06:22
BE22006517	17	0	네 정말 감사합니다. 저도 어제의 일은 잊고 오늘부터 활기차게 보내야겠어요.	N	2022-07-06 06:35:47	2022-11-08 04:06:22
BE22006517	18	1	그런 태도도 정말 근사한 것 같아요. 우리 앞으로 더 힘내봐요!	N	2022-07-06 06:35:47	2022-11-08 04:06:22
BE22006517	19	0	네! 전보다 마음이 훨씬 편해졌어요.	N	2022-07-06 06:35:47	2022-11-08 04:06:22
BE22006517	20	1	따뜻한 물이나 차를 좀 챙겨 먹고 기분 전환했으면 좋겠어요!	Y	2022-07-06 06:35:47	2022-11-08 04:06:22
