id	utterance_id	utterance_type	utterance_text	terminate	regDate	updDate
BE22010813	1	0	오늘 회의 시간에 다른 생각 하고 있다가 부장님께 혼났거든요. 다른 팀도 다 같이 모여서 한 회의였는데, 너무 부끄러워서 고개를 들 수가 없었어요.	N	2022-07-21 12:26:59	2022-11-08 04:33:56
BE22010813	2	1	부장님은 그냥 좀 넘어가시지 매번 회의 때마다 그렇게 지적을 하시더라구요. 얼마나 창피하셨을까요.	N	2022-07-21 12:26:59	2022-11-08 04:33:56
BE22010813	3	0	갑자기 일어난 일이라 당황스러워서 얼음이 되어 버렸어요. 다른 팀 분들도 계셨었는데 이제 창피해서 얼굴을 어떻게 보죠, 마주치면 도망가야겠어요.	N	2022-07-21 12:26:59	2022-11-08 04:33:56
BE22010813	4	1	여러 팀이 같이하는 회의였나봐요. 저 같아도 많은 사람들 앞에서 혼나면 진짜 부끄러울 것 같아요.	N	2022-07-21 12:26:59	2022-11-08 04:33:56
BE22010813	5	0	생각하니까 또 민망해서 얼굴이 화끈거려요. 그분들이 저를 어떻게 보셨을까요, 앞으로는 구내 식당에서 밥도 먹지 못할 것 같아요.	N	2022-07-21 12:26:59	2022-11-08 04:33:56
BE22010813	6	1	오늘 일이 좀 당황스러운 건 맞지만 너무 그렇게 깊게 생각할 필요가 있을까요. 원래 사람들은 생각보다 남의 일에 크게 관심 없어요. 어쩌면 지금은 누가 지적받았는지도 잊어버렸을걸요.	N	2022-07-21 12:26:59	2022-11-08 04:33:56
BE22010813	7	0	하, 정말 그러면 얼마나 좋을까요. 제 회사생활 최고의 위기라고 생각하고 있어요. 그만 다녀야 하는지도 고민했어요.	N	2022-07-21 12:26:59	2022-11-08 04:33:56
BE22010813	8	1	이런 일로 퇴사하신다면, 회사생활 오래 하실 수 있는 분이 계실까요. 다들 창피하고 힘든 일 참아가면서 다니시는 거예요. 저는 하루에 몇번씩 꾸중 들은 적도 있어요, 그렇게 약한 생각 하지 마세요.	N	2022-07-21 12:26:59	2022-11-08 04:33:56
BE22010813	9	0	공감화자님 말을 듣고 나니 기분이 좀 나아졌어요. 누구나 겪는 일이라고 생각하니 부끄러움도 사라지네요, 제가 너무 나약했었나봐요. 얼마나 힘들게 들어온 회사인데 그런 생각을 하다니.	N	2022-07-21 12:26:59	2022-11-08 04:33:56
BE22010813	10	1	직장인 이라면 다들 겪는 일이구요, 당황하면 그런 생각할 수도 있어요. 대신 다음 회의 시간에 만회하실 수 있잖아요. 회의 준비 철저히 하셔서 실력 발휘도 해보시구요.	N	2022-07-21 12:26:59	2022-11-08 04:33:56
BE22010813	11	0	오늘 많은 걸 배웠어요. 지적당해 부끄러운 것만 생각하고 거기서 멈춰 있었네요. 앞으로는 하루하루 더 발전하는 사람이 되도록 노력하겠습니다.	N	2022-07-21 12:26:59	2022-11-08 04:33:57
BE22010813	12	1	지금까지도 잘해오셨잖아요, 오늘의 작은 실수는 잊으시고, 좀더 당당하고 강한 감정화자님이 되셨으면 좋겠어요.	N	2022-07-21 12:26:59	2022-11-08 04:33:57
BE22010813	13	0	저에게 용기와 힘을 주셔서 감사해요. 비 온 뒤에 굳어지는 땅처럼 저도 점점 더 단단해져 볼게요. 나중에는 공감화자님처럼 후배에게 위로가 되어주는 좋은 선배도 되고 싶어요.	N	2022-07-21 12:26:59	2022-11-08 04:33:57
BE22010813	14	1	감정화자님은 더 단단해지시고, 더 강해지실 거예요. 자신감 넘치는 회사 생활을 진심으로 응원합니다.	Y	2022-07-21 12:26:59	2022-11-08 04:33:57
