id	utterance_id	utterance_type	utterance_text	terminate	regDate	updDate
BE22005777	1	0	지난주 거래처에서 만났던 분들 기억하시나요?	N	2022-07-03 05:28:01	2022-11-08 04:01:36
BE22005777	2	1	네, 미팅 끝나고 저녁 식사 함께 나눴던 분들 말씀하시는 거죠?	N	2022-07-03 05:28:01	2022-11-08 04:01:36
BE22005777	3	0	네, 맞아요. 주말에 우연히 거리에서 그분들을 만났는데 진짜 당황했지 뭐예요.	N	2022-07-03 05:28:01	2022-11-08 04:01:36
BE22005777	4	1	대단한 우연이네요. 그런데 무슨 일로 당황하셨나요?	N	2022-07-03 05:28:01	2022-11-08 04:01:36
BE22005777	5	0	제가 낯을 많이 가리는 편이잖아요. 사실 그분들을 알아봤는데도, 모르는 척 지나가려고 했었거든요. 그런데 길 한복판에서 저를 아는 척하시는 거예요.	N	2022-07-03 05:28:01	2022-11-08 04:01:36
BE22005777	6	1	갑자기 사람 많은 곳에서 그러면 당황스러울 수 있죠. 게다가 공적인 자리에서 한 번 밖에 만난 적 없으니, 더 당황스러웠겠어요.	N	2022-07-03 05:28:01	2022-11-08 04:01:36
BE22005777	7	0	맞아요. 저 먼 곳에서 막 달려오면서 큰 소리로 저를 부르시는데 얼굴이 빨개지고 말았어요. 기분이 나쁘거나 한 건 아니었는데, 당황하다 보니 저도 모르게 표정이 굳었던 것 같아서 걱정이에요.	N	2022-07-03 05:28:01	2022-11-08 04:01:37
BE22005777	8	1	주목받는 상황을 워낙 싫어하시잖아요. 저는 낯가림이 없는 편인데도, 같은 상황이었으면 똑같이 얼굴이 빨개졌을 것 같네요.	N	2022-07-03 05:28:01	2022-11-08 04:01:37
BE22005777	9	0	제 표정을 보고 혹시나 오해하실까 걱정도 돼요. 나중에 따로 연락을 드리긴 했는데, 혹시 문제가 생기는 건 아니겠죠?	N	2022-07-03 05:28:01	2022-11-08 04:01:37
BE22005777	10	1	거래처 분들이라 더 조심스러우신 것 같네요. 연락을 드리기까지 했으니 그쪽에서도 오해할 일은 없을 것 같구요. 오히려 저라면 섬세한 사람이구나, 생각했을 것 같아요.	N	2022-07-03 05:28:01	2022-11-08 04:01:37
BE22005777	11	0	그런가요? 그렇게 보인다니 다행이네요. 사회생활을 할수록 낯가림이 더 심해지는 것 같아서 걱정이네요.	N	2022-07-03 05:28:01	2022-11-08 04:01:37
BE22005777	12	1	저도 많은 사람들을 만나다 보면 사람에 지치는 경우가 있더라구요. 모든 상황에서 화려한 언변을 뽐내면서 친화력을 발휘할 필요는 없죠. 제가 보기에 낯가림은 큰 단점이 아닌 것 같아요.	N	2022-07-03 05:28:01	2022-11-08 04:01:37
BE22005777	13	0	그렇게 말씀하시니 위로가 되네요. 마음을 조금 더 가볍게 가지고 사람들을 대해야겠어요.	N	2022-07-03 05:28:01	2022-11-08 04:01:37
BE22005777	14	1	맞아요. 조용하지만 진중한 모습도 큰 장점이 될 수 있답니다.	Y	2022-07-03 05:28:01	2022-11-08 04:01:37
