id	utterance_id	utterance_type	utterance_text	terminate	regDate	updDate
BE22023827	1	0	우리 딸이 친구들과 여행 간다고 하더니 글쎄 남자친구와 단둘이 여행 간 것을 알았어요. 어떻게 아빠를 속이고 단둘이 여행 갈 수가 있는지, 당황해서 마음이 진정되질 않네요.	N	2022-10-04 01:45:57	2022-10-04 01:45:57
BE22023827	2	1	김 차장님, 정말 많이 놀라셨겠어요. 혼자서 애지중지 키운 딸이 아빠 몰래 남자친구랑 여행을 가다니. 지금 김 차장님 마음이 어떠실지 내가 다 떨리고 당황스럽네요.	N	2022-10-04 01:45:57	2022-11-08 05:56:42
BE22023827	3	0	아빠한테 비밀이 없는 아이인 줄 알았는데, 내가 착각한 것일까요? 이제 품 안의 자식이 아니구나 싶은 게 속에서 무언가 쑥 빠져나가는 것 같이 허전해요.	N	2022-10-04 01:45:57	2022-10-04 01:45:57
BE22023827	4	1	왜 아니겠어요. 엄마 돌아가시고 아빠 혼자서 키운 딸이니 얼마나 애틋하시겠어요. 김 차장님이 금이야 옥이야 키우신 거 우리가 다 아는데요. 그러니 얼마나 당황스럽고 상실감이 크실까 내 마음이 다 아프네요.	N	2022-10-04 01:45:57	2022-11-08 05:56:42
BE22023827	5	0	지금 머릿속이 하얀 게 아무 생각도 나질 않아요. 그냥 지켜봐 줘야 하는지, 아님 왜 거짓말했는지 야단쳐야 하는지 도무지 판단이 서질 않아요. 대학생이니 이제부터 쿨하게 자기 결정권을 존중해주며 살아야 하는지 너무 혼란스러워요.	N	2022-10-04 01:45:57	2022-10-04 01:45:57
BE22023827	6	1	김 차장님 마음이 얼마나 혼란스러울까 감히 짐작도 안 되네요. 저라면 당장 전화해서 화부터 냈을 것 같아요. 당황스런 와중에도 어떻게 해야 할지 진지하게 고민하시는 걸 보니 대단하세요.	N	2022-10-04 01:45:57	2022-11-08 05:56:42
BE22023827	7	0	생전 처음 느끼는 복합적인 감정이어서 정말 혼란스러워요. 서운하기도 하고, 불안하기도 하고, 화도 나는데 슬프기도 하고, 이런 내 마음을 나도 모르겠어요. 내가 너무 딸에게 집착하고 있는 걸까요?	N	2022-10-04 01:45:57	2022-10-04 01:45:57
BE22023827	8	1	오랫동안 딸을 혼자 키우셨으니 복잡한 심정이야 누구도 헤아리기 힘들 것 같아요. 그런데 요즘 애들은 우리 때와 달라서 단둘이 여행 가는 것이 큰일이라고 생각하진 않더라고요. 그래도 아빠가 충격받으실까 봐 둘러대고 여행 간 것일 테니 너무 서운해하지 않으셨으면 좋겠어요.	N	2022-10-04 01:45:57	2022-11-08 05:56:42
BE22023827	9	0	그래도 아빠한테는 거짓 없고 솔직했으면 좋겠는데, 벌써 이렇게 틈이 벌어지는구나 생각하니 마음이 아파요.	N	2022-10-04 01:45:57	2022-10-04 01:45:57
BE22023827	10	1	아이에게도 아이의 생활이 있는 거지요. 아이를 어른 취급해 줘야 할 시기가 누구에게나 오겠죠. 딸아이가 잘 성장해 벌써 자기 세계를 만들어가고 있구나, 기특하게 생각해주면 마음이 편안할 것 같아요.	N	2022-10-04 01:45:57	2022-11-08 05:56:42
BE22023827	11	0	박 부장님 말씀 들으니 마음이 조금 안정되는 것 같네요. 저도 대학생 때 아이 취급받는 거 싫어했던 기억도 나요. 내가 부모 입장이 되고 보니 그때 부모님들 마음이 이제야 이해가 되네요.	N	2022-10-04 01:45:57	2022-11-08 05:56:42
BE22023827	12	1	네, 서로 간의 세대 차이는 참 좁히기 힘든 것 같아요. 그래도 요즘 아이들에게 너무 옛날 방식으로 옥죄고 간섭하는 것은 좋지 않은 것 같아요. 딸이 안전하고 행복하게 여행하고 돌아오기를 바라는 마음만 남겨두자고요.	N	2022-10-04 01:45:57	2022-11-08 05:56:42
BE22023827	13	0	박 부장님 말씀대로 내 입장으로만 아이를 다그치면 안 되겠다는 생각이 드네요. 앞으로는 속이지 않고 편하게 자기 생각을 말하는 딸이 되도록 제가 먼저 쿨한 아빠가 돼야겠어요.	N	2022-10-04 01:45:57	2022-10-04 01:45:57
BE22023827	14	1	네, 김 차장님은 딸과 대화도 잘하고 친구 같은 아빠잖아요. 이번 일도 서로 더 아끼고 존중하는 방향으로 잘 극복할 수 있을 거예요.	N	2022-10-04 01:45:57	2022-11-08 05:56:42
BE22023827	15	0	박 부장님 조언 덕분에 당황하고 걱정했던 마음이 한결 편안해졌어요. 이렇게 또 하나를 감사히 배워갑니다.	N	2022-10-04 01:45:57	2022-11-08 05:56:42
BE22023827	16	1	언제든 답답한 일 있음 연락하세요.	Y	2022-10-04 01:45:57	2022-10-04 01:45:57
