id	utterance_id	utterance_type	utterance_text	terminate	regDate	updDate
BE22031098	1	0	대리님, 저 어제 간만에 남자친구와 영화관 갔다가 너무 당황스러운 일이 있었어요. 제가 화장실에 잠깐 다녀오면서 다른 사람 옆에 잘못 앉은 거 있죠.	N	2022-10-17 13:41:52	2022-10-17 13:41:52
BE22031098	2	1	감정화자씨답지 않은 실수를 하셨네요. 상영관 내부가 어두워서 혼동할 수도 있었을 것 같아요.	N	2022-10-17 13:41:52	2022-11-08 06:40:27
BE22031098	3	0	빨리 알아챘다면 덜했을 텐데 그러고 나서 한참 영화를 봤다니까요. 당연히 제 옆에 남자친구가 있는 줄 알았는데 아무 생각 없이 고개를 돌렸다가 깜짝 놀랐어요.	N	2022-10-17 13:41:52	2022-10-17 13:41:52
BE22031098	4	1	제 일이라고 생각하니까 저까지 어쩔 줄 모르겠네요. 모르는 사람이 앉아 있다고 생각하면 눈앞이 깜깜해요.	N	2022-10-17 13:41:52	2022-10-17 13:41:52
BE22031098	5	0	하마터면 남의 손을 잡을 뻔한 거죠. 그걸 깨닫고 너무 당황해서 당장 일어나지도 못했어요.	N	2022-10-17 13:41:52	2022-10-17 13:41:52
BE22031098	6	1	그럴 만도 해요. 영화관에서 그런 해프닝이 참 빈번할 것 같아요. 감정화자씨 혼자만 겪는 일은 아닐 거예요.	N	2022-10-17 13:41:52	2022-11-08 06:40:27
BE22031098	7	0	눈앞이 새하얘져서 원래 자리가 어딘지도 못 찾겠더라고요. 한참 전투의 신이 지나고 환한 장면이 나왔을 때야 남자친구를 발견하고 움직일 수 있었어요.	N	2022-10-17 13:41:52	2022-11-08 06:40:27
BE22031098	8	1	그래도 어떻게 자리를 잘 찾아가셨으니 다행이네요. 더큰일로 번지지 않게 잘 대처하신 거예요.	N	2022-10-17 13:41:52	2022-11-08 06:40:27
BE22031098	9	0	옆에 앉아 있던 분도 많이 당황하신 거 같았어요. 괜한 피해를 드린 것 같아 다음부턴 영화에 집중도 안 되더라고요.	N	2022-10-17 13:41:52	2022-10-17 13:41:52
BE22031098	10	1	원래는 빈자리였으니까 영문을 몰라서 그랬을 거예요. 감정화자씨를 염려하는 마음도 있었을 거고요. 시간이 지나면 언제 그랬냐는 듯 잊을 테니 너무 개의치 말아요.	N	2022-10-17 13:41:52	2022-11-08 06:40:27
BE22031098	11	0	이 일을 잊어주신다면 너무 다행일 거예요. 저도 그럴 수 있다고 생각하면 마음이 놓이고요.	N	2022-10-17 13:41:52	2022-11-08 06:40:27
BE22031098	12	1	자리에 잘못 앉았을 뿐 더 큰 실례를 저지른 것도 아니잖아요. 누구나 할 수 있는 귀여운 실수이니 이제그만 털어버리세요.	N	2022-10-17 13:41:52	2022-11-08 06:40:27
BE22031098	13	0	귀여운 실수라고 생각하니까 저도 마음이 가벼워지네요. 맞아요, 앞으로는 더 조심하면 되죠.	N	2022-10-17 13:41:52	2022-11-08 06:40:27
BE22031098	14	1	그럼요, 간혹 살면서 생각이 나더라도 그때는 아무렇지 않게 웃으며 추억할 수 있을 거라 생각해요. 그래도 고생 많으셨어요.	N	2022-10-17 13:41:52	2022-11-08 06:40:27
BE22031098	15	0	그렇게 말씀해 주셔서 감사해요. 대리님과 대화하면서 저도 완전히 털어낼 수 있게 된 거 같아요. 그럼 오늘 업무도 파이팅이에요.	Y	2022-10-17 13:41:52	2022-10-17 13:41:52
