id	utterance_id	utterance_type	utterance_text	terminate	regDate	updDate
BE22000124	1	0	대리님, 제가 자느라 전화를 못 받았어요. 깨고 나서 어찌나 당황스러운지 어째야 할지를 모르겠네요.	N	2022-06-08 07:35:36	2022-11-08 03:25:02
BE22000124	2	1	지금까지 잤다고요? 우리 오늘 회사 동호회 사람들끼리 전주 가기로 한 날이잖아요.	N	2022-06-08 07:35:36	2022-11-08 03:25:02
BE22000124	3	0	그렇네요. 세상에나 늦잠을 잤어요. 오늘까지 전달해야 할 팀 회의 자료가 있어서 자료를 다 만들고 자느라고.	N	2022-06-08 07:35:36	2022-11-08 03:25:02
BE22000124	4	1	지난번에 감정화자님의 팀에서 시작했던 프로젝트 말이지요?	N	2022-06-08 07:35:36	2022-11-08 03:25:02
BE22000124	5	0	맞아요. 플라스틱 줄이기 운동 프로젝트인데 내가 담당자가 되었거든요.	N	2022-06-08 07:35:36	2022-11-08 03:25:02
BE22000124	6	1	정말 대단하네요. 열심히 하더니 잘 될 줄 알았어요. 회의 자료는 다 만든 거예요?	N	2022-06-08 07:35:36	2022-11-08 03:25:02
BE22000124	7	0	네, 새벽에 팀장님께 전송했지요. 그나저나 지금 출발해도 버스를 놓칠 것 같은데 어떻게 하면 좋을까요?	N	2022-06-08 07:35:36	2022-11-08 03:25:02
BE22000124	8	1	우선 11시 버스표는 내가 취소할게요. 수수료가 들긴 하지만 못 타는 것보다 낫지 않겠어요?	N	2022-06-08 07:35:36	2022-11-08 03:25:02
BE22000124	9	0	정말 고마워요. 혹시 버스 출발 시간을 바꿀 수는 없을까요?	N	2022-06-08 07:35:36	2022-11-08 03:25:02
BE22000124	10	1	버스표를 예매한 사이트에 들어가서 확인해 볼게요.	N	2022-06-08 07:35:36	2022-11-08 03:25:02
BE22000124	11	0	12시에서 1시 사이에 출발하는 버스가 있는지 확인해 줄 수 있어요? 그 정도까진 갈 수 있을 것 같아요.	N	2022-06-08 07:35:36	2022-11-08 03:25:02
BE22000124	12	1	알아봤더니 12시 30분에 있네요. 걱정하지 말고 얼른 씻고 출발해요.	N	2022-06-08 07:35:36	2022-11-08 03:25:02
BE22000124	13	0	빨리 해볼게요. 그런데 지금이 11시예요? 어떡하지 지금 준비해도 1시간은 넘게 걸릴 텐데, 아무래도 버스를 놓치게 될 것 같아서 불안해요.	N	2022-06-08 07:35:36	2022-11-08 03:25:02
BE22000124	14	1	그렇게 불안해 할 필요 없어요. 준비하고 터미널까지 오는데 1시간 정도 걸린다고 했으니까, 조금 더 여유 있게 1시까지 올 수 있겠요. 1시 10분에 출발하는 버스가 있거든요.	N	2022-06-08 07:35:36	2022-11-08 03:25:02
BE22000124	15	0	그렇게 해 주면 저야 정말 고맙지요. 최대한 빠르게 준비해서 1시까지는 절대 늦게 않고 갈게요. 	Y	2022-06-08 07:35:36	2022-11-08 03:25:02
