id	utterance_id	utterance_type	utterance_text	terminate	regDate	updDate
BE22024354	1	0	대리님 제가 어제 출근할 때 들고 온 가방이 언니 가방인데 언니 몰래 들고 나간 거였거든요. 그런데 퇴근길에 집 앞에서 딱 마주쳐서 정말 당황했어요. 순간적으로 어찌해야 할 바를 모르겠더군요.	N	2022-10-05 05:21:25	2022-11-08 05:59:47
BE22024354	2	1	나도 언니가 있어서 그 마음 잘 알아요. 저도 그런 적이 한두 번이 아니라 생각만 해도 아찔하네요. 은근히 그때 미안하다고 사과하기도 웃어넘기기도 어려워서 정말 당황스러웠을 것 같아요.	N	2022-10-05 05:21:25	2022-11-08 05:59:47
BE22024354	3	0	언니가 분명히 늦는다고 해서 안 들킬 수 있다고 백 퍼센트 확신이 있었거든요. 그런데 마주치니 너무 당황했는지 몰라요. 어제 생각만 하면 지금도 아찔해요.	N	2022-10-05 05:21:25	2022-10-05 05:21:25
BE22024354	4	1	어제부터 마음이 편하지 않으셨을 것 같아 걱정이 되네요. 남들이 보면 별일 아닌 것 같아도 자매들한테는 중요한 문제잖아요.	N	2022-10-05 05:21:25	2022-11-08 05:59:47
BE22024354	5	0	언니가 프러포즈 받으면서 선물 받은 거라 정말 아끼는 가방이거든요. 그래서 더 미안하기도 하고 정말 당황스러워서 언니한테 제대로 사과도 못 했어요.	N	2022-10-05 05:21:25	2022-11-08 05:59:47
BE22024354	6	1	언니한테 소중한 가방이었다니 더 마음이 불편했을 것 같아요. 저도 그 당황스러운 마음을 잘 알아요. 어제 순간적으로 많이 놀라셨을 생각하니 저도 마음이 안 좋네요.	N	2022-10-05 05:21:25	2022-11-08 05:59:47
BE22024354	7	0	어렸을 때는 왜 이렇게 언니 물건이 다 예뻐 보이고 좋아 보이는지 모르겠어요. 그래서 정말 많이 싸웠는데 커서는 저도 돈을 벌어서 구매를 해서 이런 일이 없었거든요. 어제 오랜만에 이런 일이 생겨서 정말 당황했어요.	N	2022-10-05 05:21:25	2022-10-05 05:21:25
BE22024354	8	1	그렇죠? 저도 어릴 때 얼마나 그랬는지 몰라요 그래서 그 마음 이해해요. 오랜만에 그런 감정을 느끼면 저라도 더 당황하고 난감했을 것 같아요.	N	2022-10-05 05:21:25	2022-11-08 05:59:47
BE22024354	9	0	언니가 많이 언짢아하는 것 같아서 걱정도 되고 당황한 마음이 좀처럼 진정이 안되네요. 어제 제대로 사과를 못해서 더 그런 것 같아요.	N	2022-10-05 05:21:25	2022-10-05 05:21:25
BE22024354	10	1	언니도 오랜만에 겪은 일이라 귀엽게 여기고 넘어가지 않을까요? 저도 요즘은 물건 빌리거나 들고 나가면 언니가 어이없다는 듯 웃거든요. 이럴 수 있는 것도 자매라 좋은 점 아닐까요?	N	2022-10-05 05:21:25	2022-11-08 05:59:47
BE22024354	11	0	대리님이랑 이야기하다 보니 당황했던 마음이 훨씬 침착해졌어요. 솔직히 이제 나이가 나이인지라 말하기 부끄럽기도 했거든요. 내일처럼 들어주셔서 감사해요.	N	2022-10-05 05:21:25	2022-10-05 05:21:25
BE22024354	12	1	부끄럽긴요. 저도 많이 겪은 일이라 대리님은 어제 많이 당황하셨겠지만 동질감도 들고 재미있었어요.	N	2022-10-05 05:21:25	2022-11-08 05:59:47
BE22024354	13	0	이해해 주셔서 감사하네요. 오늘 퇴근할 때 맛있는 거 사 들고 가서 언니한테 사과해야겠어요.	N	2022-10-05 05:21:25	2022-10-05 05:21:25
BE22024354	14	1	언니랑 잘 해결되길 바래요! 소식 또 전해주세요.	Y	2022-10-05 05:21:25	2022-11-08 05:59:47
