id	utterance_id	utterance_type	utterance_text	terminate	regDate	updDate
BE22021643	1	0	저 아까 너무 당황해서 잠이 오지 않아요. 내일 출근해야 하는데 걱정이에요.	N	2022-09-26 08:45:00	2022-09-26 08:45:00
BE22021643	2	1	왜 그래요? 무슨 일이 있었길래 그래요?	N	2022-09-26 08:45:00	2022-09-26 08:45:00
BE22021643	3	0	제가 요즘 만나는 분과 스케이트를 탔어요. 그분은 타본 적이 없다고 해서, 제가 자신 있게 저만 믿으라면서 큰소리쳤는데 제가 넘어져 버렸어요. 굉장히 창피하고 당황스러웠어요.	N	2022-09-26 08:45:00	2022-11-08 05:43:48
BE22021643	4	1	저런, 감정화자님 다치지는 않았어요? 아직 가까운 사이가 아니라 더 민망하고 당황스러웠을 것 같아요.	N	2022-09-26 08:45:00	2022-11-08 05:43:48
BE22021643	5	0	이제 막 친해지는 사이인데, 그 앞에서 제대로 엉덩방아를 찧어버렸네요. 그분을 제가 많이 좋아하고 있는데 부끄러운 모습을 보여서 속상하고 당황스러워요.	N	2022-09-26 08:45:00	2022-11-08 05:43:48
BE22021643	6	1	좋아하는 분 앞에서 창피한 모습을 보이니 더 마음이 쓰이고 속상하겠어요. 어쩌면 그 분은 감정화자님이 넘어진 모습을 신경 쓰기보다는 걱정을 했을지도 모르니 너무 낙담하지 말아요.	N	2022-09-26 08:45:00	2022-11-08 05:43:48
BE22021643	7	0	제가 다쳤을 까봐 많이 걱정하긴 하더라고요. 그래도 예쁜 모습만을 보여주고 싶었는데 부끄러운 모습을 보인 것 같아서 당황스러웠어요.	N	2022-09-26 08:45:00	2022-09-26 08:45:00
BE22021643	8	1	좋아하는 사람을 위해 최선을 다해서 가르쳐주는 모습이 오히려 더 멋져 보였을 것 같아요. 감정화자님은 언제나 최선을 다하는 분이라서 멋져요. 저였다면 감동받았을 거예요.	N	2022-09-26 08:45:00	2022-11-08 05:43:48
BE22021643	9	0	칭찬해줘서 고마워요. 제가 혼신의 힘을 다해서 가르쳐 주기는 했어요. 그분도 그걸 느꼈는지 열심히 알려줘서 고맙다고 말하더라고요.	N	2022-09-26 08:45:00	2022-11-08 05:43:48
BE22021643	10	1	누군가 나를 위해서 열심히 하는 보면 감동을 받고 행복을 느낄 거예요. 그 분에게도 그 마음이 통한 것 같으니 속상해 하지 말아요.	N	2022-09-26 08:45:00	2022-11-08 05:43:48
BE22021643	11	0	공감화자님 말을 듣고 떠올려보니, 당황하고 부끄러운 순간도 있었지만 즐겁고 행복한 느낌이 더 강하게 드네요.	N	2022-09-26 08:45:00	2022-11-08 05:43:48
BE22021643	12	1	기분이 좀 나아진 것 같아서 다행이에요. 시간이 지나면 이번 일은 즐거운 추억이 되어 있을 거예요.	N	2022-09-26 08:45:00	2022-11-08 05:43:48
BE22021643	13	0	그렇게 생각하니 너무 기분이 좋아요. 제 얘기 들어줘서 고마워요.	N	2022-09-26 08:45:00	2022-09-26 08:45:00
BE22021643	14	1	그 분과 앞으로도 재미있는 시간 많이 보내셨으면 좋겠어요.	Y	2022-09-26 08:45:00	2022-09-26 08:45:00
