id	utterance_id	utterance_type	utterance_text	terminate	regDate	updDate
BE22020962	1	0	주변에서 보이스피싱 당한 사람 본 적 있으세요? 그게 바로 저예요, 정말 너무 당황스러워서 어떻게 해야 할지를 모르겠어요. 너무 교묘해서 처음엔 제가 사기 당한 줄도 몰랐다니까요.	N	2022-09-23 07:14:43	2022-09-23 07:14:43
BE22020962	2	1	그래서 오늘 회사에 안 나오신 거였군요. 도대체 언제 그런 일을 당하신 거예요? 뉴스에서만 보던 보이스피싱이라니 전 듣기만 해도 심장이 떨리는데 감정화자님은 오죽 놀라셨을까 싶어요.	N	2022-09-23 07:14:43	2022-11-08 05:39:51
BE22020962	3	0	제가 요즘에 이사하는 것 때문에 집주인이랑 좀 갈등이 있었거든요. 그런데 자기가 검사라고 하면서 제 상황을 다 알고 말을 하더라고요. 그래서 영락없이 믿었는데 사기였다니 매우 당황스러워서 머릿속이 하얘지고 눈앞이 캄캄해져요.	N	2022-09-23 07:14:43	2022-11-08 05:39:51
BE22020962	4	1	말씀을 듣고 보니 정말 어쩔 수 없는 일이었다는 생각이 들어요. 그렇게 작정하고 속이는데 당해낼 재간이 없죠, 감정화자님 잘못이 아니니까 너무 괴로워하지 마세요. 경찰에 신고는 하셨죠?	N	2022-09-23 07:14:43	2022-11-08 05:39:51
BE22020962	5	0	네, 그래서 오늘 연차를 쓰고 일단 신고를 하긴 했어요. 저도 나름 세상 물정을 잘 알고 있고, 배울 만큼 배웠다고 생각했는데 아니었나 봐요. 이제 곧 아이도 태어날 텐데 큰돈을 잃어서 무척 난감하고 당황스러워서 숨이 턱 막히네요.	N	2022-09-23 07:14:43	2022-11-08 05:39:51
BE22020962	6	1	감정화자님께서 성실하게 일 해서 모은 돈이라는 거 잘 알아요. 그런데 이런 일을 당하셨으니 얼마나 곤란하고 당황스러우실지 그 광경이 눈에 그려지네요. 생각지도 못하게 안 좋은 일을 겪으셨으니 난감하고 속상하실 것 같아요.	N	2022-09-23 07:14:43	2022-11-08 05:39:51
BE22020962	7	0	네, 정말 많이 속상해요. 제가 바보 같아서 당한 것 같고 이제 또 뭘 어떻게 해야 할지 모르겠어요. 워낙 당황스러우니까 머리가 복잡해져서 생각이 떠오르질 않네요.	N	2022-09-23 07:14:43	2022-09-23 07:14:43
BE22020962	8	1	그래도 가장 중요한 신고를 하셨으니까 이제 마음 편하게 가지시고, 놀란 마음도 진정해보세요. 하늘이 무너져도 솟아날 구멍이 있다고 하잖아요. 아무리 당황스러우셔도 곧 태어날 아기를 위해서 정신 바짝 차리시고 마음 굳게 먹으셔야 해요.	N	2022-09-23 07:14:43	2022-09-23 07:14:43
BE22020962	9	0	큰돈을 잃게 되니 어쩔 수 없이 망연자실하게 돼요. 이 상황 자체도 난감하고 당황스러운데 아내를 생각하면 너무 미안한 마음이 들어요. 그리고 아내가 놀라진 않을까 염려가 되어서 말을 꺼내기도 고민이 되네요.	N	2022-09-23 07:14:43	2022-11-08 05:39:52
BE22020962	10	1	그간 고생해서 모은 돈이 사라졌으니 속상한 마음이 드는 건 당연해요, 저라도 그랬을 거예요. 이건 누구라도 피할 수 없는 천재지변 같은 거니까 자책하실 필요 없어요. 아내 분께서도 분명 이해해주실 거고 잘 헤쳐나가실 수 있을 거예요, 그러니 힘 내세요.	N	2022-09-23 07:14:43	2022-11-08 05:39:52
BE22020962	11	0	제 마음을 이해해주셔서 감사해요. 이미 일이 이렇게 벌어졌으니 공감화자님 말씀처럼 정신 차리고 잘 헤쳐나가 볼게요. 아내에게도 잘 얘기해보고요.	N	2022-09-23 07:14:43	2022-09-23 07:14:43
BE22020962	12	1	네, 감정화자님께서는 다른 어려운 일도 잘 이겨내셨으니까 이번 일도 잘 마무리하실 수 있을 거예요. 제가 옆에서 응원할게요. 마음 단단히 먹고 기운 차리세요.	N	2022-09-23 07:14:43	2022-11-08 05:39:52
BE22020962	13	0	위로의 말씀 덕분에 마음이 한결 편해졌어요. 어떻게든 제가 나아갈 길이 있겠죠. 힘내서 잘 해볼게요.	N	2022-09-23 07:14:43	2022-09-23 07:14:43
BE22020962	14	1	네, 잘 생각하셨어요. 분명 헤쳐나갈 길이 있을 테니까 기운 내세요.	Y	2022-09-23 07:14:43	2022-09-23 07:14:43
