id	utterance_id	utterance_type	utterance_text	terminate	regDate	updDate
BE22015281	1	0	와이프가 심하게 화를 내는데 뭘 어떻게 해야 할지 모르겠어요. 지금 너무 당황스러워요.	N	2022-08-23 04:55:14	2022-08-23 04:55:14
BE22015281	2	1	무슨 일이 있어서 그러는데, 부인이 화를 내는 이유가 있을 거 아냐?	N	2022-08-23 04:55:14	2022-08-23 04:55:14
BE22015281	3	0	지난 주말에 와이프가 친정에 간다고 하길래 집들이를 겸해서 친구들을 집으로 불러 술을 마셨어요. 거기까지는 좋았는데 와이프가 생각보다 일찍 돌아와서 문제가 생겼어요. 난장판으로 어질러진 집안을 보더니 무지막지하게 화를 내는데, 정말 어떻게 해야 할지 모르겠더라고요.	N	2022-08-23 04:55:14	2022-08-23 04:55:14
BE22015281	4	1	그때 얼마나 놀랐을지, 김 대리의 당황한 얼굴이 눈앞에 생생하게 떠오르는 것 같아. 화가 난 부인을 보고 김 대리가 얼마나 난감했을까. 그 심정이 이해돼서 내가 다 식은땀이 날 것 같아.	N	2022-08-23 04:55:14	2022-11-08 05:02:07
BE22015281	5	0	말도 마세요, 와이프가 갑자기 들이닥치는데 등골이 오싹했어요. 와이프가 오기 전에 집 안을 깨끗하게 청소해 놓으려는 계획이었거든요. 얼마나 당황했는지, 화를 내는 와이프에게 변명도 한마디 못 했어요.	N	2022-08-23 04:55:14	2022-08-23 04:55:14
BE22015281	6	1	당황해서 말도 제대로 못 했다는 김 대리의 심정이 진심으로 이해가 돼. 나 같아도 그 순간 너무 당황하고 난감해서 생각 자체가 안 됐을 것 같아. 김 대리 심정을 생각하니까 너무 딱하다.	N	2022-08-23 04:55:14	2022-08-23 04:55:14
BE22015281	7	0	와이프가 화를 내는 건 이해하는데, 이혼까지 언급하니까 받아들이기가 힘들어요. 이 정도까지 잘못했다는 생각이 안 들거든요. 제 딴에는 와이프가 부담스러울까 봐 그렇게 한 건데 너무 억울해요.	N	2022-08-23 04:55:14	2022-08-23 04:55:14
BE22015281	8	1	부인이 고생할까 봐 그렇게 한 건데, 생각대로 일이 안 돼서 많이 당혹스러울 것 같아. 그 심정이 이해돼서 너무 안타까운데, 일단은 사정을 먼저 제대로 설명하는 게 좋을 것 같아. 부인 입장에선 충분히 오해할 수 있는 상황이잖아.	N	2022-08-23 04:55:14	2022-11-08 05:02:07
BE22015281	9	0	저도 왜 그랬는지 이유를 설명하고 싶어요. 그런데 제 얘기를 아예 들으려고 하지를 않아요. 화가 난 와이프를 어떻게 이해시켜야 할지 모르겠어요.	N	2022-08-23 04:55:14	2022-08-23 04:55:14
BE22015281	10	1	김 대리가 얼마나 답답한 마음일지 이해가 돼. 부인이 다짜고짜 화를 내니까 김 대리 입장에선 억울한 마음이 있을 거야. 억울한 마음이 앞서서 쉽지는 않겠지만 부인에게 사과를 먼저 하는 건 어떨까?	N	2022-08-23 04:55:14	2022-11-08 05:02:07
BE22015281	11	0	과장님 말씀이 맞는 것 같아요. 지금은 제가 하는 말을 무조건 변명이라고 생각하니 사과를 먼저 해서 와이프 감정부터 누그러트려야겠어요. 와이프가 너무 화를 내니까 걱정이 되기도 하고요.	N	2022-08-23 04:55:14	2022-08-23 04:55:14
BE22015281	12	1	부인이 이혼 얘기까지 하는데 걱정도 안 하는 간 큰 남편이 얼마나 되겠어. 김 대리가 어떤 마음인지 말 안 해도 짐작할 수 있어. 앞으로는 무슨 일이든 부인과 먼저 상의하는 게 좋을 것 같아.	N	2022-08-23 04:55:14	2022-11-08 05:02:07
BE22015281	13	0	과장님과 얘기하니 해결 방법이 보이는 것 같아요. 앞으로 과장님 말씀을 새겨들어야겠어요.	N	2022-08-23 04:55:14	2022-11-08 05:02:07
BE22015281	14	1	그렇게 느낀다니 다행이야. 도움이 필요하면 언제든지 대화 신청해.	Y	2022-08-23 04:55:14	2022-11-08 05:02:07
