id	utterance_id	utterance_type	utterance_text	terminate	regDate	updDate
BE22017094	1	0	오늘 중요한 세미나가 있는데 사정이 있어서 지각해 버렸어요. 시작하고 나서 들어갔더니 사람들이 저를 다 쳐다보던 것 있죠. 어찌나 민망하고 당황스러웠는지 심장이 지금도 빠르게 뛰고 식은땀이 흐르네요.	N	2022-09-05 06:58:00	2022-09-05 06:58:00
BE22017094	2	1	이미 시작한 행사 도중에 들어가는 건 언제든 큰 결심을 동반해야 하는 일인 것 같아요. 그 순간에는 미안하고 민망한 마음이 동시에 느껴지니까요. 다른 분들의 시선이 한 몸에 느껴져서 정말 당황스럽고 곤란하셨겠어요.	N	2022-09-05 06:58:00	2022-11-08 05:13:15
BE22017094	3	0	할 수만 있다면 시간을 되돌리고 싶어요. 중요한 세미나인 건 알았지만 그렇게 조용할 줄은 몰랐거든요. 발표하시던 분까지도 말을 멈추고 저를 쳐다보는데 얼마나 당황스러웠는지, 다시 생각해 보기만 해도 온몸이 떨려요.	N	2022-09-05 06:58:00	2022-11-08 05:13:15
BE22017094	4	1	전해 듣는 저도 그때의 상황이 눈앞에 선명하게 그려지는 것 같아요. 그곳에 참석하셨던 당사자로서 오죽했을까 싶네요. 정말 진땀을 흘리게 되는 자리였을 듯해요.	N	2022-09-05 06:58:00	2022-11-08 05:13:15
BE22017094	5	0	제 실수로 지각을 했을 거라고 생각하시는 게 절 보는 눈에서 느껴져서 더 곤란했어요. 그랬던 거라면 억울하지 않을 텐데 말이에요. 앞에서 가던 차가 사고가 나는 바람에 그런 건데 이렇게 돼서 정말 여러모로 곤혹스러웠다니까요.	N	2022-09-05 06:58:00	2022-09-05 06:58:00
BE22017094	6	1	뜻대로 풀리지 않는 게 사람 일이라고 하지만 특히 더 억울하고 속상할 때가 있죠. 오늘이 바로 그런 때였나 봐요. 그래도 사정을 알게 되면 어쩔 수 없었다는 걸 분명 이해해 주실 거예요.	N	2022-09-05 06:58:00	2022-11-08 05:13:15
BE22017094	7	0	솔직히 오늘 지각한 것 때문에 저를 부정적으로 생각하시면 어쩌나 싶어서 불안하기도 했거든요. 그것 때문에 곤란하고 당황스럽기도 했고요. 혹여 곤란한 상황이 더 생길까 봐 사람들이 저를 보는 시선을 계속 의식하게 돼요.	N	2022-09-05 06:58:00	2022-09-05 06:58:00
BE22017094	8	1	사람이 너무 긴장하면 몸도 마음도 뻣뻣해지게 되잖아요. 당황스럽고 곤혹스러웠던 감정은 이제 내려놓고 차분하게 주위를 보면 분명 다르게 보일 거예요. 걱정했던 일은 일어나지 않을 테니 염려 마시고 편하게 계세요.	N	2022-09-05 06:58:00	2022-11-08 05:13:15
BE22017094	9	0	세미나 자리에 지각한 게 처음이라서 더 마음에 담아 두고 조마조마해졌나 봐요. 말씀해 주신 대로 차분하게 숨을 고르고 생각해 보니 마음이 훨씬 편안해졌어요. 곧 제가 발표할 시간이 될 텐데 잘할 수 있겠죠.	N	2022-09-05 06:58:00	2022-11-08 05:13:15
BE22017094	10	1	긴장하지 마시고 평소에 하던 대로 한다고 생각하세요. 늘 꾸준하고 성실하게 준비해 오셨으니 분명 잘하실 거예요. 당황스러웠던 감정은 잊고 앞으로 해야 하는 발표에만 집중하시면 도움이 될 거예요.	N	2022-09-05 06:58:00	2022-11-08 05:13:15
BE22017094	11	0	조언해 주신대로 마저 준비해서 발표를 준비해야겠어요. 하필 중요한 세미나에 늦게 입장해 버린 건 너무 당황스럽고 곤란했지만 그건 잊어야겠어요.	N	2022-09-05 06:58:00	2022-11-08 05:13:15
BE22017094	12	1	맞아요, 이미 지나간 순간이니 더는 붙잡아 두지 마시고 준비했던 대로 하고 오세요. 저도 마음으로 응원하고 있을게요.	N	2022-09-05 06:58:00	2022-11-08 05:13:15
BE22017094	13	0	덕분에 마음도 많이 편해지고 진정할 수 있었어요. 제 이야기 들어주셔서 고마워요. 나중에 또 연락할게요.	N	2022-09-05 06:58:00	2022-11-08 05:13:15
BE22017094	14	1	네, 발표 잘 마무리하시고 나중에 어땠는지 알려 주세요.	Y	2022-09-05 06:58:00	2022-09-05 06:58:00
