id	utterance_id	utterance_type	utterance_text	terminate	regDate	updDate
BE22025683	1	0	저 이사가게 됐어요. 집이 안 팔려서 얼마나 고생했는지 몰라요.	N	2022-10-08 10:52:47	2022-10-08 10:52:47
BE22025683	2	1	그거 정말 잘됐네요. 출퇴근하시느라 얼마나 고생이 많으셨어요. 하루빨리 이사하셔서 편해지시면 좋겠네요.	N	2022-10-08 10:52:47	2022-11-08 06:07:43
BE22025683	3	0	이사를 하게 되는 것은 정말 기쁜데, 요새 당황스러운 일의 연속이에요. 시어머니께서 사소한 일까지 자꾸만 간섭을 하시는 기분이 들거든요.	N	2022-10-08 10:52:47	2022-10-08 10:52:47
BE22025683	4	1	아직 신혼이라 한참 행복해야 할 텐데 왜 당황스러우신 거예요? 결혼식에서 뵌 시어머니분은 너무 인자해 보이시던데요.	N	2022-10-08 10:52:47	2022-10-08 10:52:47
BE22025683	5	0	늘 챙겨주시고 걱정해주셔서 감사하긴 하죠. 그런데 집터가 좋은지 점을 봐야 한다, 손이 없는 날을 잡아서 이사를 해야 한다. 저는 농담인 줄 알았는데 그게 아니어서 정말 당황스러웠어요.	N	2022-10-08 10:52:47	2022-10-08 10:52:47
BE22025683	6	1	남편분이 외동아들이셔서 더 그러신 것 같아요. 관심을 가져주시는 거라 하지 마시라고 할 수도 없고 고민스러우시겠어요.	N	2022-10-08 10:52:47	2022-11-08 06:07:43
BE22025683	7	0	가전제품이나 살림살이 마련까지 본인이 관여하시려고 하니까 조금 불편하고, 당황스럽고 그래요. 그렇다고 남편에게 말하면 시어머니 흉보는 것 같기도 해서 아무 말 못하고 있어요.	N	2022-10-08 10:52:47	2022-10-08 10:52:47
BE22025683	8	1	혼자 끙끙 속앓이를 하시는 중이시네요. 그래도 언제까지나 참을 수만은 없을 것 같아요. 이사를 하는 일이 일이니 도움을 주시는 것은 무척 감사해도 불편하시겠어요.	N	2022-10-08 10:52:47	2022-11-08 06:07:43
BE22025683	9	0	그래서 한참 기뻐해야 하는 날에 이렇게 흐린 얼굴로 윤 대리님께 메시지를 보냈답니다. 마음이 싱숭생숭 정말 이상해요.	N	2022-10-08 10:52:47	2022-10-08 10:52:47
BE22025683	10	1	시어머님께서 애정이 넘치셔서 그러실 거예요. 그런 마음이시라면 대리님의 마음도 충분히 알아주실 것 같아요. 불편하다가 아니라, 스스로 설 수 있게 도와달라고 말씀드려보면 어때요?	N	2022-10-08 10:52:47	2022-11-08 06:07:43
BE22025683	11	0	하긴, 하지 마시라고 하면 몹시 섭섭하실 테니까 부드럽게 청해봐야겠어요. 그리고 실제로 도움을 받아야 할 일도 많긴 하고요.	N	2022-10-08 10:52:47	2022-11-08 06:07:43
BE22025683	12	1	대리님은 정말 현명한 며느리시네요. 시어머님이 도와주시면 많은 부분 수월하게 이사하실 수 있으실 거예요.	N	2022-10-08 10:52:47	2022-11-08 06:07:43
BE22025683	13	0	내 집 장만을 아주 늦게 하셨대요. 그래서 우리가 집을 산 일이 정말 기쁘신 것 같더라고요.	N	2022-10-08 10:52:47	2022-10-08 10:52:47
BE22025683	14	1	집을 장만하신 것보다 예쁜 며느리를 맞이하신 걸 더 기뻐하셔야 하겠는걸요. 새 집에서 행복한 일만 가득하셨으면 좋겠어요.	N	2022-10-08 10:52:47	2022-11-08 06:07:43
BE22025683	15	0	감사해요. 이제야 마음이 정리가 되면서 정말로 행복해지기 시작하네요. 집들이에 꼭 놀러오세요.	N	2022-10-08 10:52:47	2022-11-08 06:07:43
BE22025683	16	1	물론이에요. 꼭 초대해주시면 예쁜 화분 사가지고 갈게요.	Y	2022-10-08 10:52:47	2022-10-08 10:52:47
