id	utterance_id	utterance_type	utterance_text	terminate	regDate	updDate
BE22023759	1	0	과장님, 저 거래처에 와서 지하 주차장에 주차했는데 주차한 곳이 생각나지 않아요. 주차하고 들어올 때 잠깐 딴 생각을 해서 지하 몇 층인지도 모르겠네요. 제가 원래 길치에 방향치여서 자주 있는 일이지만 정말 당황스럽네요.	N	2022-10-03 13:55:09	2022-10-03 13:55:09
BE22023759	2	1	지금 감정화자가 얼마나 당황했을지 알겠어서 정말 안타깝다. 나도 예전에 그런 적이 있어서 그 마음 너무 잘 알아. 그래도 침착하게 둘러보면 차를 찾을 수 있을 테니 너무 걱정하지 마.	N	2022-10-03 13:55:09	2022-11-08 05:56:19
BE22023759	3	0	이곳 건물은 여러 사업체가 한데 몰려 있는 곳이라 주차장이 어마어마하게 커요. 그런데 주차한 곳 층 수도 모르니 정말 어떻게 해야 할지 모르겠어요. 자동차 찾는데 시간이 얼마나 걸릴지 몰라 정말 당황스러워요.	N	2022-10-03 13:55:09	2022-10-03 13:55:09
BE22023759	4	1	지금 감정화자가 진짜 난감한 상황인 건 말 안 해도 알겠다. 그래도 사막 한 가운데도 아니고 찾다 보면 나올 테니 너무 당황하지 마. 그런 때일수록 마음을 차분하게 먹고 천천히 둘러보기 바라.	N	2022-10-03 13:55:09	2022-11-08 05:56:19
BE22023759	5	0	이런 일로 과장님께 심려 끼쳐서 정말 죄송해요. 제가 최선을 다해 빨리 찾아볼 테지만 혹시 늦더라도 양해해 주시기 바랍니다. 저도 이런 일은 처음이라 당황스러운 마음을 뭐라 표현할 길이 없어요.	N	2022-10-03 13:55:09	2022-10-03 13:55:09
BE22023759	6	1	그런 상황에서도 내게 사과하는 걸 보니 감정화자는 가정 교육을 잘 받고 자란 사람 같아. 그 마음 씀씀이가 너무 기특해서 칭찬해주고 싶다. 나는 괜찮으니 마음 푹 놓고 천천히 둘러보기 바라.	N	2022-10-03 13:55:09	2022-11-08 05:56:19
BE22023759	7	0	과장님이 그렇게 말씀해주셔서 일단 마음이 놓이긴 하는데 그래도 당황한 마음이 가시지 않네요. 넓은 지하 층 세 개를 다 둘러볼 생각하니 눈앞이 깜깜해요. 이러다 남의 건물 주차장에서 밤을 새는 건 아니겠죠?	N	2022-10-03 13:55:09	2022-10-03 13:55:09
BE22023759	8	1	주차장이 아무리 넓다고 설마 그런 일이야 있겠어? 의외로 처음 들어간 층에서 운 좋게 감정화자 자동차를 찾을 수도 있어. 어떤 어려움이 있더라도 긍정적으로 생각하면 좋은 결과가 있을 테니 걱정하지 마.	N	2022-10-03 13:55:09	2022-11-08 05:56:19
BE22023759	9	0	지금 자동차 때문에 넋이 나가서 방금 거래처에서 나눈 이야기들을 다 까먹었어요. 저는 정말 왜 이렇게 멍청한지 모르겠네요. 저 때문에 곤란한 일이 생기면 어쩌나 싶어서 당황스러워요.	N	2022-10-03 13:55:09	2022-10-03 13:55:09
BE22023759	10	1	거래처 일은 전화로 다시 물어보면 되니까 걱정하지 마. 감정화자 때문에 잘못될 일은 없으니 마음을 놓아. 오늘 일을 계기로 앞으로 같은 실수는 하지 않을 테니 마음을 넓게 가지기 바란다.	N	2022-10-03 13:55:09	2022-11-08 05:56:19
BE22023759	11	0	과장님이 그렇게 너그럽게 말씀해주시니 제가 마음이 놓이네요. 실수한 저에게 교훈을 깨닫게 해주셔서 정말 감사합니다. 앞으로는 이런 실수는 두 번 다시 하지 않겠습니다.	N	2022-10-03 13:55:09	2022-11-08 05:56:19
BE22023759	12	1	이제 감정화자 마음이 좀 풀린 것 같아 나도 마음이 놓인다. 사람은 누구나 실수할 수 있으니 그걸로 너무 기죽지 말기 바라. 감정화자가 고생한 거 내가 알아줄 테니 걱정하지 마.	N	2022-10-03 13:55:09	2022-11-08 05:56:19
BE22023759	13	0	과장님이 저를 야단치셨으면 저는 더 어쩔 줄 몰랐을 거예요. 따뜻하게 대해주신 덕분에 마음이 안정되어 자동차도 곧 찾을 것 같습니다.	N	2022-10-03 13:55:09	2022-11-08 05:56:19
BE22023759	14	1	일을 하다 보면 별일이 다 있는데 그럴 때 가장 필요한 게 침착한 대응이야. 앞으로 무슨 일을 당하더라도 오늘 일을 떠올리고 잘 대처했으면 좋겠다. 이제 마음을 가라앉히고 조심히 돌아오기 바라.	N	2022-10-03 13:55:09	2022-11-08 05:56:19
BE22023759	15	0	과장님 같은 직장 상사만 계신다면 저 같은 사람은 얼마나 일하기 편할까요. 오늘 저에게 많은 배움을 주셔서 정말 감사합니다.	Y	2022-10-03 13:55:09	2022-10-03 13:55:09
