id	utterance_id	utterance_type	utterance_text	terminate	regDate	updDate
BE22001032	1	0	오전에 회의하다가 커피를 손에서 놓치는 바람에 옆에 있던 팀장님 블라우스가 흠뻑 젖었어.	N	2022-06-14 01:28:43	2022-11-08 03:30:59
BE22001032	2	1	어머, 당황했겠다. 혹시 팀장님이 뭐라고 하셨어?	N	2022-06-14 01:28:43	2022-11-08 03:30:59
BE22001032	3	0	아니, 사람들한테 괜찮다고 계속 진행하라고 하셔서 회의는 끝냈어.	N	2022-06-14 01:28:43	2022-11-08 03:30:59
BE22001032	4	1	회의 내내 신경 쓰였겠네. 아마 마치고 세탁하셨을 거야.	N	2022-06-14 01:28:43	2022-11-08 03:30:59
BE22001032	5	0	그런 건 같은데 워낙 많이 젖어서 입고 있으면 축축할 거야.	N	2022-06-14 01:28:43	2022-11-08 03:30:59
BE22001032	6	1	출장 많이 다니는 분이라 항상 여 벌 옷을 사무실에 두니까 갈아입으셨을 거야. 그 팀장님 대범하고 성격 좋아서 괜찮을 거야.	N	2022-06-14 01:28:43	2022-11-08 03:30:59
BE22001032	7	0	그렇게 알려져 있으니 화도 못 내고 내심 불쾌해하는 건 아닐까 싶어.	N	2022-06-14 01:28:43	2022-11-08 03:30:59
BE22001032	8	1	고의로 한 일도 아니고 실수인데 이해하시겠지. 마음이 계속 불편해?	N	2022-06-14 01:28:43	2022-11-08 03:30:59
BE22001032	9	0	응, 일에 집중이 안 돼. 가서 사과하고 세탁 비용이라도 드리고 싶은데 망설여지네.	N	2022-06-14 01:28:43	2022-11-08 03:30:59
BE22001032	10	1	그럼 망설이지 말고 뭐라도 하는 것이 좋겠다. 세탁 비용을 드리면 팀장님도 받기 곤란할 수 있으니까 좋아하시는 레몬 케이크랑 커피 사 들고 가서 사과하면 좋을 것 같아.	N	2022-06-14 01:28:43	2022-11-08 03:30:59
BE22001032	11	0	그러면 마음이 풀리시겠지? 생각해보니 오전에 그렇게 해야 했는데 시간을 너무 끌어서 늦은 건 아닐까?	N	2022-06-14 01:28:43	2022-11-08 03:30:59
BE22001032	12	1	바빴잖아. 우리 일이 오후 늦게 나 좀 쉴 시간이 나지 어디 시간 내기가 쉬워? 그때 갔으면 일 안 하고 개인적인 일에 시간 쓰고 있다고 뭐라 하셨을걸.	N	2022-06-14 01:28:43	2022-11-08 03:30:59
BE22001032	13	0	네 말도 일리가 있네. 그럼 지금 빨리 다녀와야겠다.	N	2022-06-14 01:28:43	2022-11-08 03:30:59
BE22001032	14	1	그래, 걱정하고 앉아있기보다 뭐라도 하고 나면 훨씬 마음이 가벼워질 거야.	N	2022-06-14 01:28:43	2022-11-08 03:30:59
BE22001032	15	0	팀장님에 대한 좋은 정보와 해결 방법을 알려줘서 고마워.	N	2022-06-14 01:28:43	2022-11-08 03:31:00
BE22001032	16	1	잘 해결될 거야. 내가 아는 한, 두 사람 다 좋은 사람들이니.	Y	2022-06-14 01:28:43	2022-11-08 03:31:00
