id	utterance_id	utterance_type	utterance_text	terminate	regDate	updDate
BE22016702	1	0	저 오늘 출근길에 귀걸이가 다른 사람 옷에 걸려서 엄청 당황스러웠어요. 어찌나 부끄러운지 숨고 싶었어요.	N	2022-08-31 05:37:43	2022-08-31 05:37:43
BE22016702	2	1	어머나 그런 일이 있으셨군요. 많이 놀라셨겠네요.	N	2022-08-31 05:37:43	2022-11-08 05:10:57
BE22016702	3	0	맞아요. 저도 믿어지지 않아요. 진짜 창피해서 울고 싶었어요. 사람들이 모두 나만 쳐다보는 것 같아서 얼굴은 점점 빨개지고요.	N	2022-08-31 05:37:43	2022-11-08 05:10:57
BE22016702	4	1	얼마나 힘드셨어요 제가 그 상황이면 어찌할 바를 몰라 쩔쩔맸을 것 같아요. 그래 어디 다치거나 하신 건 아니시지요.	N	2022-08-31 05:37:43	2022-08-31 05:37:43
BE22016702	5	0	네, 다행히 다치지는 않았어요, 그런데 그분 옷이 망가졌어요. 그 분에게 너무 죄송해서 사과드렸지만 생각할수록 미안해요. 왜 큰 귀걸이는 하고 가서 다 제 탓 같고 정말 울고 싶었어요.	N	2022-08-31 05:37:43	2022-11-08 05:10:57
BE22016702	6	1	정말 힘든 아침이었네요, 그렇다고 너무 자책하지 마세요. 운이 없었던 거지 당신 잘못이 아니에요, 그러니 얼른 잊고 힘내세요. 그분도 이해하셨을 거예요.	N	2022-08-31 05:37:43	2022-11-08 05:10:57
BE22016702	7	0	정말 제 잘못이 아닐까요. 제가 조심성이 없었던 건 아닐까요. 자꾸 귀걸이를 한 것부터 다 후회돼요.	N	2022-08-31 05:37:43	2022-11-08 05:10:57
BE22016702	8	1	제가 다 속상하네요, 그래도 이제 안 좋은 생각은 그만 하세요. 지금부터 좋은 일만 생길 거예요. 그러니 힘내세요, 다 잘될 거예요.	N	2022-08-31 05:37:43	2022-11-08 05:10:57
BE22016702	9	0	진짜 이제부터 좋은 일만 생길까요. 다행히 그분이 이해해 주시고 저한테 괜찮다고까지 해주셨어요. 그 순간 그분이 천사처럼 보이더라고요.	N	2022-08-31 05:37:43	2022-11-08 05:10:57
BE22016702	10	1	정말 잘되었네요. 이게 다 인상도 좋으시고 늘 예의 바르게 행동하시니까 그게 전해져서 그런 거예요. 진짜 대단하신 거예요, 그러니 다 잊고 다시 힘내세요.	N	2022-08-31 05:37:43	2022-11-08 05:10:57
BE22016702	11	0	고마워요. 그렇게 말씀해 주시니 기분이 훨씬 나아졌어요. 정말 제 잘못만 같고 내가 한심하게 느껴졌거든요. 그런데 이제 다 괜찮아질 것 같고 막 힘이 나요.	N	2022-08-31 05:37:43	2022-11-08 05:10:57
BE22016702	12	1	와 저도 기쁘네요. 그리고 정말로 늘 멋지고 업무도 정확하시고 제가 존경하는 거 아시지요.	N	2022-08-31 05:37:43	2022-11-08 05:10:57
BE22016702	13	0	어머나, 뭐예요. 칭찬을 이렇게까지 해주시고요. 저 벌써 좋은 일 생기는 거예요.	N	2022-08-31 05:37:43	2022-11-08 05:10:57
BE22016702	14	1	전 사실만 말씀드린 건데 기분이 훨씬 좋아지셨다니 저도 좋네요.	N	2022-08-31 05:37:43	2022-11-08 05:10:57
BE22016702	15	0	고마워요. 당황스럽고 힘들었는데 힘을 주시네요.	Y	2022-08-31 05:37:43	2022-11-08 05:10:57
