id	utterance_id	utterance_type	utterance_text	terminate	regDate	updDate
BE22014619	1	0	주말에 취미 수영 첫 수업을 들으러 갔다가 너무 당황했어요.	N	2022-08-18 10:03:23	2022-11-08 04:58:01
BE22014619	2	1	기대하던 시간이었을 텐데요 당황이라니, 무슨 일이라도 생겼어요?	N	2022-08-18 10:03:23	2022-08-18 10:03:23
BE22014619	3	0	아니 글쎄 저를 제외하고는 학생들이 전부 할머니들이더라고요. 배우는 데 크게 무리는 없겠지만 그래도 젊은 사람이 저밖에 없어서 너무 당황스러웠어요.	N	2022-08-18 10:03:23	2022-08-18 10:03:23
BE22014619	4	1	이런, 말만 들어도 곤욕스러운 상황이네요. 같이 배우는 연령대도 수업 분위기를 크게 좌우하잖아요. 누가 갔어도 충분히 당황할 만한 일이에요.	N	2022-08-18 10:03:23	2022-11-08 04:58:01
BE22014619	5	0	할머니들끼리 너무 친해서 제가 낄 틈이 없긴 하더라고요. 친구를 사귈 수 있을 거란 기대도 있었는데, 생각처럼 일이 풀리지 않아 당혹스러웠던 것 같아요.	N	2022-08-18 10:03:23	2022-08-18 10:03:23
BE22014619	6	1	무슨 마음인지 알아요. 저도 한때 제빵 수업을 다녔는데, 저 빼고는 다들 주부라 외로웠거든요. 또래나 비슷한 입장이 한 명도 없으면 괜히 기가 죽고 심란할 거예요.	N	2022-08-18 10:03:23	2022-11-08 04:58:01
BE22014619	7	0	기가 죽었다는 말이 딱 맞아요. 다들 눈빛이 매서우셔서 괜히 얼어붙게 되더라고요. 돈을 버린 건 아닌가 싶어서 갑자기 심란하네요.	N	2022-08-18 10:03:23	2022-11-08 04:58:01
BE22014619	8	1	첫날이라 당황해서 더 크게 느껴지는 것도 있을 거예요. 외롭더라도 조금만 견디면 금세 적응해서 즐거운 배움이 될 거라 생각해요. 감정화자씨가 얼마나 적응이 빠르고 친화력이 좋은 사람인데요.	N	2022-08-18 10:03:23	2022-11-08 04:58:01
BE22014619	9	0	친화력 하나는 자부할 수 있었는데, 할머니들은 저도 자신이 없네요. 수영장 텃세가 심하다고 들었는데 알고 보면 할머니들 때문에 젊은이가 한 명도 없는 건가 싶고요. 마음이 영 불편하네요.	N	2022-08-18 10:03:23	2022-08-18 10:03:23
BE22014619	10	1	겪어보기도 전에 지레 불안해할 필요 없어요. 걱정하는 일은 결코 없을 테니 마음 놓고 지내요. 수영을 배우는 기쁨에만 집중해도 모자란 시간이잖아요.	N	2022-08-18 10:03:23	2022-11-08 04:58:01
BE22014619	11	0	공감화자씨 말이 맞아요. 배우러 가는 건데 누가 있고 이런 게 뭐가 중요하겠어요. 제가 순간 당황해서 너무 깊게 생각한 것 같아요.	N	2022-08-18 10:03:23	2022-11-08 04:58:01
BE22014619	12	1	그럴 수 있죠. 달리 생각해 보면 어디서 겪어보지 못할 유쾌한 일이잖아요. 언젠가는 떠올리기만 해도 웃음이 나는 좋은 추억으로 남을지도 몰라요.	N	2022-08-18 10:03:23	2022-11-08 04:58:01
BE22014619	13	0	유쾌한 추억으로 남는다 생각하니까 마음이 좀 편해지네요. 아무래도 웃긴 상황이긴 하니까요. 생각하기 나름인 것 같네요.	N	2022-08-18 10:03:23	2022-11-08 04:58:01
BE22014619	14	1	맞아요. 역시 감정화자씨는 회복이 빠르다니까요. 수영반에서 얼마나 활약할지 벌써 기대가 돼요. 분명 즐거운 일만 가득할 테니 기운 내세요.	N	2022-08-18 10:03:23	2022-11-08 04:58:01
BE22014619	15	0	응원해 주셔서 감사해요. 덕분에 혼란스러웠던 마음이 정리됐어요. 얼른 수영 고수가 돼서 공감화자씨께 자랑하러 올래요!	Y	2022-08-18 10:03:23	2022-11-08 04:58:01
