id	utterance_id	utterance_type	utterance_text	terminate	regDate	updDate
BE22030901	1	0	부장님, 시어머니가 집 계약 기간 문제로 1년간 우리 집에서 모시게 되었어요. 너무 갑작스러운 상황이라 너무 당황스럽네요.	N	2022-10-17 10:06:49	2022-11-08 06:39:15
BE22030901	2	1	결혼해서 독립해서 살다 보면 아무래도 부모님이랑 사는 게 쉽진 않더라고요. 갑작스러운 소식에 대리님이 마음고생이 이만저만이 아니겠네요.	N	2022-10-17 10:06:49	2022-10-17 10:06:49
BE22030901	3	0	저는 아무래도 매일 출근하잖아요. 그러다 보니 집안일도 너무 신경 쓰일 것 같아서 정말 어찌할 바를 모르겠어요.	N	2022-10-17 10:06:49	2022-11-08 06:39:15
BE22030901	4	1	대리님은 항상 꼼꼼하게 정리 정돈을 잘하시잖아요. 그런 대리님을 볼 때마다 저도 늘 본받아야겠다고 생각해요. 그런 걱정은 안 하셔도 된다는 생각이 들어요.	N	2022-10-17 10:06:49	2022-11-08 06:39:15
BE22030901	5	0	제 의사도 묻지 않고 우리 집에 모시는 걸로 결정했더라고요. 통보해서 더 당황스러운 것 같아요. 충분히 대화를 통해서도 제가 그렇게 결정할 수 있는 일인데 통보받으니 솔직히 기분도 상하네요.	N	2022-10-17 10:06:49	2022-11-08 06:39:15
BE22030901	6	1	똑같은 결정이라도 내가 하는 것과 통보받는 건 당연히 다르죠. 대리님이 마음고생이 너무 심할 것 같아 저도 마음이 쓰이네요.	N	2022-10-17 10:06:49	2022-10-17 10:06:49
BE22030901	7	0	남편도 제 입장은 생각하지 않고 많이 도와주실 거라고만 말을 하네요. 남편의 태도에 정말 당황스러워서 어찌할 바를 모르겠어요.	N	2022-10-17 10:06:49	2022-10-17 10:06:49
BE22030901	8	1	남편이라도 내 속상한 마음을 알아주면 대리님 마음이 조금이라도 나을 텐데. 대리님이 말하기도 조심스럽고 속앓이가 심할 것 같아서 걱정이네요.	N	2022-10-17 10:06:49	2022-11-08 06:39:15
BE22030901	9	0	온종일 당황한 마음 업무에 집중 못하고 있어요. 이러지도 저러지도 못하고 마음이 편치 않네요.	N	2022-10-17 10:06:49	2022-11-08 06:39:15
BE22030901	10	1	대리님은 항상 밝고 긍정적이잖아요. 걱정과 고민은 하면 할수록 커지더라고요. 마음 편히 여유를 가지고 생각하면 더 좋은 생각이 나지 않을까 싶네요.	N	2022-10-17 10:06:49	2022-11-08 06:39:15
BE22030901	11	0	돌이킬 수 있는 상황도 아닌데 예민하게 생각하면 저만 더 힘들어질 것 같단 생각이 드네요. 어떻게 하면 트러블 없이 1년을 잘 보낼 수 있을지 생각해 봐야겠어요.	N	2022-10-17 10:06:49	2022-11-08 06:39:15
BE22030901	12	1	제가 여태까지 지켜본 대리님이라면 당연히 그러실 수 있을 것 같아요. 서운하고 속상한 일은 훌훌 털어내셨으면 좋겠어요.	N	2022-10-17 10:06:49	2022-11-08 06:39:15
BE22030901	13	0	부장님이 제 마음을 헤아려주는 것만으로도 저한테 큰 힘이 되는 것 같아요. 정말 감사드려요.	N	2022-10-17 10:06:49	2022-11-08 06:39:15
BE22030901	14	1	대리님 마음이 조금이라도 편해졌다니 저도 안심이네요. 대리님의 무탈한 1년을 응원할게요.	N	2022-10-17 10:06:49	2022-11-08 06:39:15
BE22030901	15	0	마음 써주셔서 정말 감사해요. 또 소식 전할게요.	Y	2022-10-17 10:06:49	2022-10-17 10:06:49
