id	utterance_id	utterance_type	utterance_text	terminate	regDate	updDate
BE22021901	1	0	공감화자님 저 어제 정말 큰일날 뻔 했지 뭐예요. 정말 당황해서 허둥지둥하다가 집을 다 태워먹을 뻔 했어요.	N	2022-09-27 05:11:47	2022-11-08 05:45:19
BE22021901	2	1	말씀만 들어도 제가 다 놀라서 심장이 철렁 내려앉는 기분이네요. 어쩌다가 그런 일이 생긴 거예요?	N	2022-09-27 05:11:47	2022-09-27 05:11:47
BE22021901	3	0	고구마를 삶다가 제가 깜빡 잠이 드는 바람에 냄비에 불이 붙었어요. 불이 난 곳에 소화기를 뿌렸지만 작동하지 않아서 어찌나 당황스러웠는지 몰라요.	N	2022-09-27 05:11:47	2022-09-27 05:11:47
BE22021901	4	1	아이고 정말 큰일날 뻔 하셨네요. 정말 듣기만 해도 제가 식은땀이 날 정도로 당황스러운데 감정화자님은 오죽하셨을까요. 그래도 그 후에 침착하게 잘 대처하셨나보네요.	N	2022-09-27 05:11:47	2022-11-08 05:45:19
BE22021901	5	0	당황해서 처음에는 아무 생각도 안나고 미치겠더라고요. 겨우 물을 부어서 끄긴 했는데 어떻게 했는지 기억도 잘 안날 정도로 당황했어요.	N	2022-09-27 05:11:47	2022-09-27 05:11:47
BE22021901	6	1	사람이 놀라고 당황하면 몸도 굳어버리고 머리도 멈추는 느낌이잖아요. 그래도 불이 크게 번지지 않아서 얼마나 다행이예요. 너무 무섭고 당황하셨을텐데 다행히 괜찮으니 놀란가슴 쓸어내리시고 이제 한숨 돌리시길 바라요.	N	2022-09-27 05:11:47	2022-11-08 05:45:19
BE22021901	7	0	멀쩡한 소화기가 작동이 안되니까 정말 당황스러워서 숨이 턱 막히는 기분이었어요. 믿는 도끼에 발등 찍힌다는 말이 딱 맞더라고요.	N	2022-09-27 05:11:47	2022-09-27 05:11:47
BE22021901	8	1	이제라도 작동이 되지 않는 걸 확인해서 잘된 일이라고 생각해보세요. 그리고 감정화자님이 침착하고 용기있게 잘 대처하신 덕분에 무탈하신 거잖아요. 위기를 극복한 경험이 생겨서 앞으로는 더 침착하게 잘 대응하실 수 있을 거예요.	N	2022-09-27 05:11:47	2022-11-08 05:45:19
BE22021901	9	0	공감화자님이 그렇게 말씀해주시니까 당황스러운 마음이 좀 가시는 것 같아요. 아직도 심장이 빨리 뛰는 것 같고 그랬거든요.	N	2022-09-27 05:11:47	2022-11-08 05:45:20
BE22021901	10	1	그렇게 느끼신다면 다행이네요. 보통 사람이었다면 아마도 충격이 더 오래갔을거예요. 감정화자님이 정신력이 강하신 편이라 빨리 회복하시는 것 같아요.	N	2022-09-27 05:11:47	2022-11-08 05:45:20
BE22021901	11	0	그런가요? 공감화자님이 잘 공감해주시고 위로해주신 덕분에 놀란 마음이 좀 진정되는 것 같아요.	N	2022-09-27 05:11:47	2022-11-08 05:45:20
BE22021901	12	1	많이 놀라서 마음을 진정하기 어려우셨을텐데 잘 하셨어요. 앞으로 더 조심하고 대담하게 대처할 수 있는 계기가 되었을 거예요. 그러니 긍정적으로 생각해보시면 좋겠어요.	N	2022-09-27 05:11:47	2022-11-08 05:45:20
BE22021901	13	0	네, 좋은 말씀 감사해요. 공감화자님도 집에 있는 소화기 잘 확인해보세요.	N	2022-09-27 05:11:47	2022-11-08 05:45:20
BE22021901	14	1	네, 저도 덕분에 경각심을 가지게 되네요. 감정화자님 고생하셨는데 오늘 얼른 퇴근하고 들어가서 푹 쉬세요.	Y	2022-09-27 05:11:47	2022-11-08 05:45:20
