id	utterance_id	utterance_type	utterance_text	terminate	regDate	updDate
BE22020690	1	0	대리님. 외근 잘 마치고 회사 복귀했습니다.	N	2022-09-23 03:58:15	2022-11-08 05:38:17
BE22020690	2	1	오. 오늘 외근 다녀오느라 고생했네. 별 일 없었지?	N	2022-09-23 03:58:15	2022-11-08 05:38:17
BE22020690	3	0	네. 별일은 없었는데 회사 돌아오는 길에 제한속도 60km 구간에서 빠르게 달리는 트럭을 봤어요. 진짜 너무 당황스러워서 순간 머릿속이 정지되더라고요. 그 광경을 보고 머릿속이 새하애졌습니다.	N	2022-09-23 03:58:15	2022-11-08 05:38:17
BE22020690	4	1	어머? 제한속도 60km 구간이라면 도시 내였다는 건데. 너무 위험천만한 상황을 봐서 많이 당황스러운 마음이 들었겠다. 감정화자씨 정말 놀랐겠어.	N	2022-09-23 03:58:15	2022-11-08 05:38:17
BE22020690	5	0	네. 맞아요. 그 트럭이 진짜 쏜살같이 지나가는데 얼마나 당황했는지 몰라요. 아직도 어안이 벙벙하고 심장이 쿵쾅거려요.	N	2022-09-23 03:58:15	2022-11-08 05:38:17
BE22020690	6	1	어휴. 당연하지. 나도 저번에 고속도로도 아닌데 엄청 빠르게 쏘는 스포츠카 보고 식겁했거든. 그 광경 보고 얼마나 놀라고 당황스러웠겠어. 나도 그 기분 잘 알 거 같아.	N	2022-09-23 03:58:15	2022-11-08 05:38:17
BE22020690	7	0	차가 많이 없는 도로이긴 했지만 그래도 엄연히 있는 제한속도를 그렇게 어기는 트럭은 처음 봤어요. 혹시라도 사고라도 나면 어떡할까 정말 보면서 어쩔 줄 모르겠더라고요. 정말 입이 떡 벌어지는 순간이었어요.	N	2022-09-23 03:58:15	2022-09-23 03:58:15
BE22020690	8	1	트럭이라면 다른 차들보다 더 안전 운전하고 속도를 준수해야 하는 법인데 정말 당황했겠네. 그 상황이면 나도 정말 어쩔 줄 몰라서 발만 동동거렸을 거 같아.	N	2022-09-23 03:58:15	2022-11-08 05:38:17
BE22020690	9	0	네. 놀란 마음 가까스로 진정시키며 애써 침착하게 운전하며 복귀했죠. 정말 다시는 겪고 싶지 않은 당황스러운 순간이었어요.	N	2022-09-23 03:58:15	2022-09-23 03:58:15
BE22020690	10	1	그래도 그 순간에서 침착함을 잃지 않은 감정화자씨의 정신력이 참 대단하네. 그런 강한 정신력은 정말 본받아야 한 다고 생각해. 나 같으면 갓길에 세워서 한참이나 멍때렸을 거야.	N	2022-09-23 03:58:15	2022-11-08 05:38:17
BE22020690	11	0	칭찬 감사합니다. 근데 회사 와서 다시 생각하니 참 다급하고 위험천만한 상황이었다고 생각이 들었어요. 그래서 당황스러운 감정이 고개를 뺴꼼 다시 내밀더라고요.	N	2022-09-23 03:58:15	2022-11-08 05:38:17
BE22020690	12	1	왜 안 그러겠어. 원래 그런 광경들은 계속 생각나게 되잖아. 그래도 침착하게 잘 대응했고 아무 일 없었으니 그걸 위안 삼아서 이제 마음 편히 먹자. 너무 신경 쓰지 말고 털어내 버려.	N	2022-09-23 03:58:15	2022-11-08 05:38:17
BE22020690	13	0	대리님 말대로 위험한 사고가 일어나지 않은 걸 위안 삼았더니 어느 정도 마음이 차분해지네요. 대리님 덕분에 머리가 맑아졌습니다.	N	2022-09-23 03:58:15	2022-11-08 05:38:17
BE22020690	14	1	내 도움에 마음이 편안해졌다니 너무 다행이다. 외근 다녀오느라 고생했고. 이제 메신저 그만하고 오후 업무에 집중하도록 하자!	Y	2022-09-23 03:58:15	2022-11-08 05:38:17
