id	utterance_id	utterance_type	utterance_text	terminate	regDate	updDate
BE22023531	1	0	대리님 저 정말 회사 생활하기가 힘드네요. 매일 마음이 조마조마해서 회사를 그만둬야 할까 봐요. 당황스러운 상황이 생겼는데 이걸 털어놓을 수 있는 사람이 대리님밖에 없어요.	N	2022-10-03 02:58:11	2022-11-08 05:54:57
BE22023531	2	1	안 돼요, 주임님 없는 회사는 상상도 하기 싫은데요. 혹시 무슨 일이라도 있어요?	N	2022-10-03 02:58:11	2022-11-08 05:54:57
BE22023531	3	0	저희 팀이 중국 회사랑 협업을 하게 되었거든요. 팀장님 말고는 중국어를 할 줄 아는 사람이 없는 줄 알았는데 차장님도 하시더라고요. 그런데 차장님이 팀장님께는 비밀로 해달라고 부탁하셨는데 너무 당황스러워요.	N	2022-10-03 02:58:11	2022-11-08 05:54:57
BE22023531	4	1	주임님이 어쩌다가 상사 두 분 사이의 일에 끼어들게 되셨네요. 그런 경우라면 정말 당황스럽잖아요. 이만저만 신경 쓰이는 게 아니겠어요.	N	2022-10-03 02:58:11	2022-11-08 05:54:57
BE22023531	5	0	차장님께서 왜 중국어를 할 줄 아는 걸 비밀로 해달라고 하신 건지는 이해가 안 돼요. 팀장님이 회의 시간마다 차장님한테 중국어를 배우라고 하시는데 시선을 어떻게 처리해야 할지 모르겠어요. 저 출근할 때마다 팀장님 눈치가 보여서 너무 힘들어요.	N	2022-10-03 02:58:11	2022-10-03 02:58:11
BE22023531	6	1	주임님 마음이 어떨지 제가 잘 이해할 수 있을 것 같아요. 회의 시간마다 분위기가 좋을 것 같지는 않은데 차장님이 굳이 안 밝히시니까 당황스럽죠. 아랫사람으로서 윗사람 눈치 보면서 할 말 고르는 게 참 쉬운 일이 아니에요.	N	2022-10-03 02:58:11	2022-11-08 05:54:57
BE22023531	7	0	뒤늦게 팀장님께서 이 사실을 알면 저한테 실망하실 것 같아요. 그런데 그렇다고해서 굳이 차장님이 비밀로 해달라고 하신 일을 알리고 싶지도 않아요. 이 생각 때문에 요즘 사무실에서 중국어라는 단어만 들려도 깜짝깜짝 놀라고 있어요.	N	2022-10-03 02:58:11	2022-10-03 02:58:11
BE22023531	8	1	주임님이 착해서 두 분의 마음을 상하게 하고 싶지 않은 거잖아요. 사무실에 있으면서 일하기도 힘들 텐데 마음 쓰이는 일까지 있으니까 무척 힘들겠어요. 그동안 혼자서 얼마나 눈치보고 속으로 끙끙 앓았을 지 생각하니까 제가 괜히 속상하네요.	N	2022-10-03 02:58:11	2022-11-08 05:54:57
BE22023531	9	0	회사에 다니면서 저를 가장 힘들고 당황스럽게 만드는 건 일이 아니더라고요. 이렇게 인간관계에서 곤란한 상황이 생길 때 가장 곤란해져요. 두 분의 마음을 다치기 않게 현명하게 행동하고 싶은데 어떻게 해야 될지 고민이네요.	N	2022-10-03 02:58:11	2022-11-08 05:54:57
BE22023531	10	1	팀장님께서 차장님이 중국어를 할 줄 알게 되더라도 주임님의 상황을 잘 말씀드리면 이해를 해주실 거예요. 아랫사람이 윗사람의 비밀을 알게 되었을 때 얼마나 곤란한지 잘 아실 테니까요. 팀장님이 넓은 아량을 기대하면서 주임님은 해오던 대로 그냥 해보자고요.	N	2022-10-03 02:58:11	2022-11-08 05:54:57
BE22023531	11	0	대리님 말이 맞는 것 같아요. 전 팀장님이 자연스럽게 알게 되기 전까지 이도저도 못할 것 같아요. 그냥 평정심을 유지하고 원래 하던 일이나 집중해야겠어요.	N	2022-10-03 02:58:11	2022-11-08 05:54:57
BE22023531	12	1	직장에 다닌다는 게 일만 잘하면 될 것 같은데 생각보다 복잡한 일이 많다는 게 아이러니에요. 그 사이에서 아랫사람들은 여러 가지 시행착오를 겪으면서 앞으로 어떻게 대처할지를 배우는 것 같아요. 회사에서 당황스러운 일을 겪을 때마다 알려주시는 선생님이라도 계시면 좋겠어요.	N	2022-10-03 02:58:11	2022-11-08 05:54:57
BE22023531	13	0	저한텐 그 선생님이 대리님인 걸요. 항상 힘든 일이 있을 때마다 제게 정답을 알려주시잖아요. 저한테는 대리님의 말 한 마디가 정말 큰 힘이 돼요.	N	2022-10-03 02:58:11	2022-11-08 05:54:57
BE22023531	14	1	갑자기 그렇게 말해주니까 너무 부끄럽네요. 그러면 우리 오늘 점심 시간에 심도 깊은 회사 생활에 대해서 이야기 나눠볼까요?	N	2022-10-03 02:58:11	2022-11-08 05:54:57
BE22023531	15	0	좋아요, 맛있는 식사를 하면서 사회생활의 오답과 정답을 찾아보아요! 제가 맛있는 맛집을 찾아볼게요.	Y	2022-10-03 02:58:11	2022-10-03 02:58:11
