id	utterance_id	utterance_type	utterance_text	terminate	regDate	updDate
BE22030817	1	0	공감화자님, 올해가 정말 얼마 남지 않았어요. 시간은 도대체 왜 이렇게 빠른 건지 당황스럽네요.	N	2022-10-17 08:20:36	2022-11-08 06:38:42
BE22030817	2	1	맞아요. 진짜 시간이 쏜살같다는 말이 나이 들수록 너무 실감이 나요. 언제 시간이 이렇게 흘렀나 놀라울 뿐이에요.	N	2022-10-17 08:20:36	2022-11-08 06:38:42
BE22030817	3	0	한 일이 아무것도 없고 성과도 없는 것 같은데 말이에요. 이렇게 한 살 더 먹는다는 사실이 갑자기 당혹스러워요.	N	2022-10-17 08:20:36	2022-10-17 08:20:36
BE22030817	4	1	다들 비슷할 거예요. 쓸쓸하고 아쉽고 뭔가 이룬 것도 없어서 뿌듯함도 없고. 감정화자님만 그런 거 아니니 너무 걱정하지 말아요.	N	2022-10-17 08:20:36	2022-11-08 06:38:42
BE22030817	5	0	이런 생각을 연말마다 하게 된다는 게 너무 우스운 생각이 들 정도예요. 왜 이렇게 삶이 허탈한 건지.	N	2022-10-17 08:20:36	2022-11-08 06:38:42
BE22030817	6	1	그냥 삶의 본질 아닐까요. 생각해보면 분명 한 것이 많을 텐데 기억에 남지 않고 그냥 후회가 더 많이 남는. 부정적인 일들이 더 기억에 남는다는 말도 들었어요.	N	2022-10-17 08:20:36	2022-11-08 06:38:42
BE22030817	7	0	그러고 보니 맞는 말 같기도 해요. 따지고 보면 우리가 이렇게 건강하게 살아있고 일하고 있는 이 자체가 업적이고 기적 같은 일인데 말이에요.	N	2022-10-17 08:20:36	2022-11-08 06:38:42
BE22030817	8	1	맞아요. 바로 그 거예요. 너무 대단한 성과를 바라면 우리는 평생 이룰 수 없을지도 모르지요. 그래도 하루하루 성실하게 살아낸 우리는 자랑스러워해도 된다고 생각해요.	N	2022-10-17 08:20:36	2022-11-08 06:38:42
BE22030817	9	0	공감화자님 덕분에 큰 깨달음을 얻었네요. 가만히 생각해보니 그냥 하루하루 일상을 잘 살아낸 것을 칭찬해 줘야 할 것 같아요. 그렇게 생각하니 너무 마음이 편안해지네요.	N	2022-10-17 08:20:36	2022-11-08 06:38:42
BE22030817	10	1	남과 비교하거나 너무 큰 이상을 가지고 살면 힘들 수밖에 없어요. 그저 우리는 주어진 것에 감사하고 하루를 잘 살아내는 것에 집중해야죠. 우리는 분명 인생을 잘 살고 있는 걸 거예요.	N	2022-10-17 08:20:36	2022-11-08 06:38:42
BE22030817	11	0	맞아요. 남의 성과와 나의 성과를 비교하는 일이 가장 어리석은 건데 또 그러고 있었네요.	N	2022-10-17 08:20:36	2022-10-17 08:20:36
BE22030817	12	1	대리님 우리 회사에서도 뛰어난 업무수행 능력으로 인정받고 계시잖아요. 지금도 아주 멋지게 잘 해내고 계시고. 올 한해 많은 성장 분명히 있었다고 믿습니다.	N	2022-10-17 08:20:36	2022-11-08 06:38:42
BE22030817	13	0	고마워요. 그렇게 칭찬해주니 내가 기분이 너무 좋네요. 당황스러운 마음도 안정되고 편안해지네요.	N	2022-10-17 08:20:36	2022-10-17 08:20:36
BE22030817	14	1	저도 대리님 덕분에 올 한 해를 차분히 돌아볼 수 있을 것 같아요. 우리 열심히 했으니 또 멋진 새해를 기대해봐요.	N	2022-10-17 08:20:36	2022-11-08 06:38:42
BE22030817	15	0	네. 함께라서 더 기분이 좋네요. 대리님과 얘기 나누면 늘 마음이 정화되는 것 같고 차분해지네요. 고마워요.	Y	2022-10-17 08:20:36	2022-10-17 08:20:36
