id	utterance_id	utterance_type	utterance_text	terminate	regDate	updDate
BE22025409	1	0	제가 오늘 바다낚시를 했는데요. 바람이 심하게 불더라고요. 일기예보에서는 분명 날씨가 좋을 거라 했었는데, 예상치 못한 바람에 너무 당황스럽네요.	N	2022-10-07 12:49:54	2022-11-08 06:06:03
BE22025409	2	1	평소에 낚시를 워낙 좋아하기도 하고, 이번에 날씨까지 다 세세하게 보고 가신 걸로 알고 있어요. 갑작스레 감정화자님이 많이 난감하실 것 같아요. 많이 당황하셨을 것 같아 저도 걱정이 되네요.	N	2022-10-07 12:49:54	2022-11-08 06:06:03
BE22025409	3	0	바람이 너무 많이 불러서, 낚싯대도 자꾸 휘네요. 낚시도 제대로 될 것 같지 않고, 날씨도 제가 생각한 것보다 너무 추워서 당황스러워요.	N	2022-10-07 12:49:54	2022-11-08 06:06:03
BE22025409	4	1	저도 예전에 낚시하러 간 적 있는데 비가 온 적이 있거든요. 그때 정말 당황했던 경험이 있어서 감정화자님 마음이 더 이해돼요. 많이 당황하시고 난감 하실 것 같아요.	N	2022-10-07 12:49:54	2022-11-08 06:06:03
BE22025409	5	0	네 게다가, 곧 비도 올 것 같네요. 오늘 연차까지 쓰고 날 잡고 온 낚시이기에 당황스러운 마음이 커요. 게다가, 오늘은 장인어른을 모시고 온거라 더 죄송스럽고 어찌해야할 지 모르겠네요.	N	2022-10-07 12:49:54	2022-11-08 06:06:03
BE22025409	6	1	그런 상황이면 부담감도 크실 것 같아요. 그래도 감정화자님도 모르고 그러신 거니까, 너무 당황해 마세요. 장인어른분도 날씨 때문이라 어쩔 수 없으니 충분히 이해해주실 거예요.	N	2022-10-07 12:49:54	2022-11-08 06:06:03
BE22025409	7	0	장인어른에게 제가 떵떵거리며, 저만 믿고 따라오시라고 했거든요. 날씨도 좋고, 모든 준비가 완벽하다고 말을 했어요. 그래서 장인어른이 크게 기대하고 오셨기 때문에, 더 당황스러운 거예요.	N	2022-10-07 12:49:54	2022-11-08 06:06:03
BE22025409	8	1	누군가의 기대를 저버린다는 게 참 민망하기도 하고 당황스럽죠. 하지만, 날씨 때문인데 어쩌겟어요. 이왕 간 거 맛있는 거 먹고 긍정적으로 생각하고 마음을 가라앉히시고 즐겁게 다녀오시기 바라요.	N	2022-10-07 12:49:54	2022-11-08 06:06:03
BE22025409	9	0	그 말도 맞는 말이에요. 날씨가 이런데 어쩌겠어요. 그냥 공감화자님 말대로 맛있는 음식을 먹고, 즐기다 와야겠어요.	N	2022-10-07 12:49:54	2022-11-08 06:06:03
BE22025409	10	1	네 참 잘 생각하셨어요. 이왕 연차까지 쓴거, 속상하고 당황한 마음으로 하루를 보내긴 아쉽잖아요. 오늘을 잘 즐기시다 오시기 바라요.	N	2022-10-07 12:49:54	2022-11-08 06:06:03
BE22025409	11	0	네 덕분에 당황스러운 마음도 차분히 가라앉았어요. 근처에서 장인어른이 좋아하는 광어를 먹고 가야겠어요. 조언 해주셔서 정말 고마워요.	N	2022-10-07 12:49:54	2022-11-08 06:06:03
BE22025409	12	1	감정화자님이 마음이 어려울 때, 저를 찾는걸로도 전 기쁜걸요. 그 만큼 저를 친근하게 생각한다는거니까 전 좋아요. 언제든지 편하게 얘기하세요.	N	2022-10-07 12:49:54	2022-11-08 06:06:03
BE22025409	13	0	전 공감화자님이 정말 편하고 좋아요. 제 친형같은 느낌이 들거든요. 항상 도움을 많이 받고 있어서, 감사한 마음이에요.	N	2022-10-07 12:49:54	2022-10-07 12:49:54
BE22025409	14	1	그렇게 말하니 기분이 좋네요. 저도 친동생처럼 아끼고 편하게 생각하고 있어요. 그럼 오늘도 좋은 하루 보내세요.	Y	2022-10-07 12:49:54	2022-11-08 06:06:03
