id	utterance_id	utterance_type	utterance_text	terminate	regDate	updDate
BE22024215	1	0	남편이 갑작스레 회사에서 해외지사로 발령받았어요. 저희는 해외지사로 가게 되는 건 한 번도 생각해 본 적이 없어서 정말 당황스러워요.	N	2022-10-05 00:55:12	2022-11-08 05:58:58
BE22024215	2	1	해외 발령이 많은 부서이긴 하지만 여태까지 그런 말 한 번도 없었지 않아요? 그전에 낌새가 있었던 것도 아니고 너무 갑작스러워서 대리님이 정말 당황스러울 것 같아요.	N	2022-10-05 00:55:12	2022-11-08 05:58:58
BE22024215	3	0	그러니까요. 그것도 당장 두달뒤 부터 해외지사로 출근을 해야 하는 상황이라 당황스러워서 어찌해야 할 바를 모르겠어요.	N	2022-10-05 00:55:12	2022-11-08 05:58:58
BE22024215	4	1	시간이 정말 얼마 안 남았네요? 제가 대리님이라도 당황스러워서 무엇부터 해야 할지 감도 안 올 것 같아요. 주변에 조언을 구할 사람이라도 있으면 좋을 텐데 그런 상황도 아니고 정말 난감하네요.	N	2022-10-05 00:55:12	2022-11-08 05:58:58
BE22024215	5	0	저희 부부 둘만 있는 상황도 아니고 아이들 학교도 다녀야 하는데 정말 난감하네요. 아이들이 안 그래도 사춘기라 예민한데 바로 그곳에서 적응하기도 힘들 것 같아서 더 당황스러운 상황이네요.	N	2022-10-05 00:55:12	2022-10-05 00:55:12
BE22024215	6	1	친구들이랑 떨어지는 것도 쉽지 않은 나이이잖아요. 저는 이 모든 것을 다 신경 써야 하는 대리님이 제일 걱정이네요. 제가 도울 일이 있으면 언제든 말해주세요.	N	2022-10-05 00:55:12	2022-11-08 05:58:59
BE22024215	7	0	남편은 기러기 부부는 절대 안 된다고 단호한 상태라 더 당황스러워요. 저 역시도 떨어져 지내는 것을 원하지 않지만 당장은 조심스러운 상황이거든요. 차근차근 준비해도 부족한 게 있을 텐데 너무 갑작스러워서 막막하네요.	N	2022-10-05 00:55:12	2022-10-05 00:55:12
BE22024215	8	1	준비해야 할 게 많고 여건상 어려우면 당장은 기러기 부부로 지내도 괜찮을 것 같은데요? 남편분도 당장 해외에 혼자 계실 생각 하면 막막하고 걱정되긴 하겠네요. 그래도 모두의 행복을 위한 선택을 해야겠어요.	N	2022-10-05 00:55:12	2022-11-08 05:58:59
BE22024215	9	0	준비해야 할 것도 많은데 잘 준비할 수 있을까요? 조금이라도 시간이 있었으면 이 정도로 당황하진 않았을 텐데 정말 막막해요.	N	2022-10-05 00:55:12	2022-10-05 00:55:12
BE22024215	10	1	대리님은 항상 계획을 잘 세우고 꼼꼼히 확인도 잘하는 편이잖아요. 턱없이 부족한 시간이지만 대리님이라면 잘해 낼 수 있을 거예요! 저는 대리님의 선택을 진심으로 응원해요!	N	2022-10-05 00:55:12	2022-11-08 05:58:59
BE22024215	11	0	과장님께 말하고 나니 마음이 편해지네요. 정말 고마워요. 막막하지만 잘 준비해서 가봐야겠지요?	N	2022-10-05 00:55:12	2022-10-05 00:55:12
BE22024215	12	1	대리님 마음이 조금이라도 침착해졌다니 다행이네요. 갑작스러워서 힘들겠지만, 차근차근 잘 준비하길 바라요.	N	2022-10-05 00:55:12	2022-11-08 05:58:59
BE22024215	13	0	항상 내 이야기에 귀 기울여줘서 고마워. 너랑 멀리 떨어지는 것도 너무 속상하다. 떨어져 있어도 지금처럼 너랑 잘 지내고 싶어.	N	2022-10-05 00:55:12	2022-11-08 05:58:59
BE22024215	14	1	나 역시 마찬가지야. 떠나기 전까지 함께 시간 많이 보내자. 내가 도울 일 있으면 언제든 이야기해!	Y	2022-10-05 00:55:12	2022-11-08 05:58:59
