id	utterance_id	utterance_type	utterance_text	terminate	regDate	updDate
BE22013839	1	0	나 오늘 연차 내고 주민센터 다녀왔잖아. 아무리 생각해도 나 너무 한심한 것 같아.	N	2022-08-10 13:32:59	2022-08-10 13:32:59
BE22013839	2	1	볼 일 있다고 하더니 주민센터 가는 거였구나. 근데 왜 한심하다는 거야?	N	2022-08-10 13:32:59	2022-08-10 13:32:59
BE22013839	3	0	내가 부모님 곁을 떠나서 독립한 지 1년이 됐는데 전입신고만 하고 확정일자를 안 받은 거 있지?	N	2022-08-10 13:32:59	2022-11-08 04:53:01
BE22013839	4	1	어머 정말? 이제까지 몰라서 안 받은 거야? 까먹고 놓쳤던 거야? 일만큼은 꼼꼼한 네가 놓치진 않았을 것 같은데.	N	2022-08-10 13:32:59	2022-08-10 13:32:59
BE22013839	5	0	응. 이제까지 부모님이랑 살았으니까 내가 뭘 알겠니? 어제 김대리랑 집 얘기하다가 알았다니까. 나 너무 모르고 독립한 것 같아서 스스로 당황스럽고 한심하기도 해서 어제 오후엔 멍때렸어.	N	2022-08-10 13:32:59	2022-11-08 04:53:01
BE22013839	6	1	누구나 처음 하는 일은 서툴고 어설픈 건 당연한 거야. 그러면서 배워가는 거지. 무엇보다 네가 많이 놀랐을 것 같은데 이제라도 확정일자 받아서 너무 다행이야.	N	2022-08-10 13:32:59	2022-11-08 04:53:01
BE22013839	7	0	응. 근데 주민센터 아저씨 왜 이제 확정일자 받으러 왔냐고 물어보는데 할 말이 없더라. 나 피같이 모은 내 돈 나중에 문제 생기는 거 아니겠지?	N	2022-08-10 13:32:59	2022-08-10 13:32:59
BE22013839	8	1	너 독립하려고 그 돈 얼마나 아끼고 열심히 모았는지 내가 옆에서 다 봤어. 하늘도 그걸 알면 너한테 나쁜 일 생기게 놔두지 않을 거야.	N	2022-08-10 13:32:59	2022-08-10 13:32:59
BE22013839	9	0	고마워. 그래도 불안해서 부동산 아줌마도 만나고 왔는데 집주인 분들이 여기 토박이라고 하셔서 조금 안심이 되네. 나 너무 한심하고 웃기지?	N	2022-08-10 13:32:59	2022-11-08 04:53:01
BE22013839	10	1	아니. 역시 꼼꼼이야. 너 같은 애는 그렇게 돌다리도 두드려보고 건너야 안심하지. 안 그러면 앞으로 사는 동안 전전긍긍 마음고생하면서 사는 모습이 눈에 훤한데. 난 그런 꼴 못 본다.	N	2022-08-10 13:32:59	2022-11-08 04:53:01
BE22013839	11	0	응. 근데 나도 모르게 전세 사기가 어떤 것들이 있나 싶어서 영상을 자꾸 찾아보면서 경악하고 있어. 수법이 너무 다양해서 신세계야. 나 앞으로 이사는 갈 수 있을지 의문이야.	N	2022-08-10 13:32:59	2022-08-10 13:32:59
BE22013839	12	1	공부해 두는 건 좋지만 나쁜 생각은 꼬리에 꼬리를 문다구 지금은 안 보면 좋겠어. 네가 조금 늦게 알았을 뿐 지금 당장 할 수 있는 건 다했잖아. 나는 부동산 아줌마까지 만나볼 생각은 못 했을 텐데 너는 그런 생각까지 하고 기특해.	N	2022-08-10 13:32:59	2022-11-08 04:53:01
BE22013839	13	0	내가 이렇게 큰돈을 처음 남한테 맡겨봐서 괜히 더 불안한가봐. 네 말대로 한 꼼꼼 하는 내가 인테리어나 가구만 정말 꼼꼼하게 봤잖아? 정작 중요한 건 어이없게 빠뜨린 그 당황스러움을 맞닥뜨렸을 때 기분 넌, 모를 거야.	N	2022-08-10 13:32:59	2022-11-08 04:53:01
BE22013839	14	1	너의 꼼꼼함이 일할 땐 장점이 될 수도 있어. 하지만 어쩔 땐 완벽해야 된다는 압박감에 스스로 너무 스트레스를 줄 수도 있다고 생각해. 완급 조절하면서 몸과 마음을 자유롭게 풀어주는 연습도 너를 위해 충분히 필요한 것 같아.	N	2022-08-10 13:32:59	2022-11-08 04:53:01
BE22013839	15	0	강박으로 그런 스트레스를 받는 것 같아서 좀 내려놓고 싶었는데, 네가 잘 봤구나. 맞아! 난 독립이 처음인데 이런 실수할 수도 있지 뭐. 이제 나이도 먹어가는데 여유라는 것도 좀 가질 수 나를 좀 놔줘야겠어.	N	2022-08-10 13:32:59	2022-11-08 04:53:01
BE22013839	16	1	그런 마음가짐 좋아. 우리는 앞으로도 처음 마주하게 될 일이 많을 거야. 그때 실수하게 되더라도 서로 격려해 주자.	Y	2022-08-10 13:32:59	2022-08-10 13:32:59
