id	utterance_id	utterance_type	utterance_text	terminate	regDate	updDate
BE22001131	1	0	공감화자씨, 거래처에서 작업비 정산 계산서를 엑셀 파일로 보내왔어요. 어떻게 작성해야 하는지 모르겠어요.	N	2022-06-14 04:08:03	2022-11-08 03:31:40
BE22001131	2	1	엑셀을 한 번도 다뤄본 적이 없군요. 우리가 입사한 지 얼마 안 돼서 낯선 일이 많을 참 많네요.	N	2022-06-14 04:08:03	2022-11-08 03:31:40
BE22001131	3	0	네, 아직까지는 다 한글이나 워드 프로그램으로 해왔거든요.	N	2022-06-14 04:08:03	2022-11-08 03:31:40
BE22001131	4	1	한 번도 써본 적 없는 프로그램을 접하면 당황스럽지요.	N	2022-06-14 04:08:03	2022-11-08 03:31:40
BE22001131	5	0	어떤 키를 눌러야 하는지 모르겠어요. 잘못 누르면 양식이 흐트러질까 봐 그냥 보고만 있어요. 혹시 가르쳐주실 수 있나요?	N	2022-06-14 04:08:03	2022-11-08 03:31:40
BE22001131	6	1	나도 내 업무와 관련이 없어서 확실히 알지는 못하는데 키를 이것저것 눌러보고 겨우겨우 해서 보낸 경험이 있어요.	N	2022-06-14 04:08:03	2022-11-08 03:31:40
BE22001131	7	0	이럴 줄 알았으면 엑셀 좀 배워놓을 걸 그랬어요.	N	2022-06-14 04:08:03	2022-11-08 03:31:40
BE22001131	8	1	지금부터 배우면 되지요. 감정화자씨는 이해력이 빠르니까 간단한 건 금방 할 수 있을 거예요. 너무 걱정하지 마요.	N	2022-06-14 04:08:03	2022-11-08 03:31:40
BE22001131	9	0	오늘 안으로 작성해서 보내라고 하는데 배울 틈이 있어야지요. 	N	2022-06-14 04:08:03	2022-11-08 03:31:40
BE22001131	10	1	형식이 흐트러지면 원 상태로 하기가 힘드니까 우선 파일 복사를 해놓고 엑셀 설명한 짧은 동영상 찾아봐요.	N	2022-06-14 04:08:03	2022-11-08 03:31:40
BE22001131	11	0	요샌 온갖 것이 다 동영상으로 만들어져 인터넷에 올라와 있으니 그걸 찾아봐야겠군요.	N	2022-06-14 04:08:03	2022-11-08 03:31:40
BE22001131	12	1	그런 다음 이 키 저 키 눌러보면 감이 올 거예요.	N	2022-06-14 04:08:03	2022-11-08 03:31:41
BE22001131	13	0	알겠어요. 공감화자씨가 하라는 대로 해볼게요.	N	2022-06-14 04:08:03	2022-11-08 03:31:41
BE22001131	14	1	네, 우리 힘내서 열심히 업무 배워 보아요.	Y	2022-06-14 04:08:03	2022-11-08 03:31:41
