id	utterance_id	utterance_type	utterance_text	terminate	regDate	updDate
BE22017598	1	0	오늘 오전 회의 시간에 부장님께 받은 칭찬 때문에 너무 당황스럽고 부끄러웠어요. 정말 쥐구멍이라도 찾고 싶은 심정이었어요.	N	2022-09-09 01:07:37	2022-09-09 01:07:37
BE22017598	2	1	아침부터 회의라고 해서 의아해했는데, 무슨 일이 있었나요?	N	2022-09-09 01:07:37	2022-09-09 01:07:37
BE22017598	3	0	우리 팀 부장님이 대학 때 동아리 선배님이시거든요. 평소에 저를 후배라고 잘 챙겨주시고, 업무도 잘 가르쳐 주세요. 제가 믿고 따르는 분이시죠.	N	2022-09-09 01:07:37	2022-09-09 01:07:37
BE22017598	4	1	부장님이 사적으로 동아리 선배님이셨군요. 그런 분이 가까이에 계시다니 정말 힘이 되겠어요. 사회생활을 하면서 마음이 맞는 사람을 만나기 쉽지 않잖아요.	N	2022-09-09 01:07:37	2022-11-08 05:16:22
BE22017598	5	0	판매촉진을 위한 사내 공모전에 아이디어를 낸 게 있어요. 저랑 팀 막내가 같이 준비해서 낸 아이디어인데 채택됐어요. 그런데 회의 시간에 막내한테는 별말 없이 저만 칭찬하시는 거예요.	N	2022-09-09 01:07:37	2022-09-09 01:07:37
BE22017598	6	1	혼자 했더라도 그렇게 칭찬받으면 부끄러울 수 있을 것 같아요. 감정화자님 정말 당황스러웠겠네요. 막내 보기에도 부끄럽다고 느꼈을 것 같아요.	N	2022-09-09 01:07:37	2022-11-08 05:16:22
BE22017598	7	0	맞아요. 함께 고생한 막내를 두고 저를 계속 칭찬하시니까 너무 당황스럽고 부끄러웠어요. 팀원들이 뭐라고 생각할지도 걱정됐고요.	N	2022-09-09 01:07:37	2022-09-09 01:07:37
BE22017598	8	1	감정화자님은 무슨 일을 맡아도 주도적이고 적극적으로 참여하잖아요. 부장님이 그런 태도가 이번 공모전 결과로 이어졌다고 생각하셨을 수도 있지 않을까요. 그동안의 노력을 인정해 주셨다고 생각하면 어때요?	N	2022-09-09 01:07:37	2022-11-08 05:16:22
BE22017598	9	0	물론 초기 아이디어부터 시작해서 제가 더 많은 일을 한 건 맞아요. 그렇지만 막내도 너무 고생했는데 마치 성과를 제가 훔친 것 같은 기분이 들어요. 팀원들 얼굴 보기도 부끄럽고요.	N	2022-09-09 01:07:37	2022-09-09 01:07:37
BE22017598	10	1	감정화자님이 당연히 그렇게 느낄 수 있는 상황이에요. 그렇지만 부당하게 칭찬을 받은 건 아니잖아요? 당황스럽고 부끄러워서 자신이 낸 성과를 잊고 있는 건 아닌지 생각해 보는 것도 좋을 거예요.	N	2022-09-09 01:07:37	2022-11-08 05:16:22
BE22017598	11	0	공감화자님 이야기를 듣고 보니 제가 너무 당황스러워서 제 성과를 잊고 있었던 것 같아요. 막내랑 같이 공모전 준비하면서 정말 너무 힘들었고, 일하면서 하느라 야근도 많이 했거든요. 제 노력에 대한 건 잊고 그저 부끄러움만 생각하고 있었어요.	N	2022-09-09 01:07:37	2022-11-08 05:16:22
BE22017598	12	1	아마 부장님도 감정화자님이 그렇게 노력한 걸 보셨을 거예요. 더구나 동아리 선배님이시니 더 마음을 쓰셨을 것 같고요. 고생했는데 결과가 좋으니까 순수하게 더 칭찬해 주고 싶으셨던 게 아닐까요.	N	2022-09-09 01:07:37	2022-09-09 01:07:37
BE22017598	13	0	제가 너무 남의 시선만 생각한 것 같네요. 막내를 포함한 팀원들도 어떻게 생각했는지 알 수 없는데 제가 지레짐작만으로 걱정했어요. 감정화자님이 아니었다면 고생만 하고 좋은 결과에도 부끄러워하기만 했을 거예요.	N	2022-09-09 01:07:37	2022-11-08 05:16:22
BE22017598	14	1	감정화자님은 겸손한 성격이라 칭찬에 익숙하지 않았을 수 있어요. 요즘은 자기 자신을 높이는 일도 중요잖아요. 이번 일을 계기로 자신감을 더 가질 수 있게 된다면 전화위복의 기회가 될 거예요.	N	2022-09-09 01:07:37	2022-11-08 05:16:22
BE22017598	15	0	정말 고마워요. 공감화자님 덕분에 당황스러운 마음이 많이 가라앉았어요. 막내에게도 혹시 기분이 상하지 않았는지 물어봐야겠어요.	Y	2022-09-09 01:07:37	2022-09-09 01:07:37
