id	utterance_id	utterance_type	utterance_text	terminate	regDate	updDate
BE22024553	1	0	과장님, 여자친구랑 의견 차이로 며칠 전 심하게 다투었는데 메신저 확인을 안 하네요. 걱정되고 불안한 마음에 어찌해야 할지 모르겠어요.	N	2022-10-05 13:15:32	2022-11-08 06:00:58
BE22024553	2	1	항상 사이좋게 지내는 모습이 보기 좋았는데 다투었다니 제가 다 속상하네요. 연락이 안 되면 시간이 지날수록 걱정이 커지잖아요. 대리님이 힘든 시간을 보내고 있겠네요.	N	2022-10-05 13:15:32	2022-11-08 06:00:58
BE22024553	3	0	그러게요. 하루 지났으니 저는 이제 조금 더 차분한 마음으로 대화했으면 했거든요. 그런데 아예 연락이 안 되니 별의별 생각이 다 들어요. 이러다 보면 더 불안해지고 어떻게 하면 좋을지 모르겠더라고요.	N	2022-10-05 13:15:32	2022-11-08 06:00:59
BE22024553	4	1	이야기를 이렇게 듣는 저도 걱정이 되는데 대리님은 오죽하시겠어요. 대리님이 마음고생 많이 하실것같아 저도 마음이 좋질 않네요.	N	2022-10-05 13:15:32	2022-11-08 06:00:59
BE22024553	5	0	저는 다투고 나면 빨리 화해하고 다시 잘 지내기를 원하는데 여자친구는 정 반대예요. 그래도 이렇게 메신저 확인을 하지 않는 건 처음이라 당황해서 어찌해야 할지 잘 모르겠어요.	N	2022-10-05 13:15:32	2022-10-05 13:15:32
BE22024553	6	1	아예 연락이 안 되면 상대방이 어떤 생각인지 전혀 모르잖아요. 그러니 걱정이 더 커지더라고요. 연락이라도 해주시면 대리님 마음이 조금이라도 편해질 텐데 걱정이네요.	N	2022-10-05 13:15:32	2022-10-05 13:15:32
BE22024553	7	0	상대방이 어떤 생각을 하고 있는지 모르는 것이 저를 제일 당황하게 만드는 것 같아요.	N	2022-10-05 13:15:32	2022-10-05 13:15:32
BE22024553	8	1	대리님은 어떤 상황에도 침착하셔서 제가 정말 배울점 많다고 생각하거든요. 이런 상황에서 그러기 쉽진 않겠지만 마음을 조금 편하게 가져보시면 어떨까요?	N	2022-10-05 13:15:32	2022-11-08 06:00:59
BE22024553	9	0	그러고 싶은데 그게 마음처럼 잘 안되네요. 여자친구 행동에 너무 당황스럽고 걱정돼서 어제 잠도 제대로 못 잤어요.	N	2022-10-05 13:15:32	2022-10-05 13:15:32
BE22024553	10	1	대리님이 당황하고 힘들어하시는 모습을 보니 저도 너무 걱정이 되네요. 아직 생기지 않은 일에 대해 너무 걱정하고 마음 쓰시지 않았으면 좋겠어요.	N	2022-10-05 13:15:32	2022-11-08 06:00:59
BE22024553	11	0	팀장님이 그렇게 말씀해 주시니 마음이 놓이네요. 직장 동료에게 연애 이야기하는 게 참 조심스럽잖아요. 그런데 항상 내 이야기처럼 듣고 같이 걱정해 주셔서 정말 감사해요.	N	2022-10-05 13:15:32	2022-11-08 06:00:59
BE22024553	12	1	대리님 기분이 조금이라도 나아졌다면 다행이에요. 두 분이 얼른 화해하셔서 지금까지처럼 잘 지내시길 바라요!	N	2022-10-05 13:15:32	2022-11-08 06:00:59
BE22024553	13	0	새로운 소식있으면 또 연락드릴게요. 다시 한번 감사드려요.	N	2022-10-05 13:15:32	2022-10-05 13:15:32
BE22024553	14	1	네. 대리님도 잠시 이 일은 잊고 남은 하루도 잘 보내셔요. 나중에 좋은 소식 연락 주세요!	Y	2022-10-05 13:15:32	2022-10-05 13:15:32
