id	utterance_id	utterance_type	utterance_text	terminate	regDate	updDate
BE22018378	1	0	저 휴가 다녀왔어요. 이번 휴가는 휴가답지 않게 너무 힘들게 지내고 왔네요. 비행기를 못 탈 뻔 했는데 얼마나 당황스럽던지 다시는 이러지 말자고 다짐하고 왔어요.	N	2022-09-15 08:45:50	2022-09-15 08:45:50
BE22018378	2	1	해외여행 잘 다녀오셨어요? 떠나기 전에 갑자기 결정된 거라 엄청 기대하면서 떠나셨잖아요. 후기 기다리고 있었어요.	N	2022-09-15 08:45:50	2022-11-08 05:21:08
BE22018378	3	0	그때는 모든 게 잘 될 줄 알았죠. 그런데 역시 계획을 안 세우고 즉흥적으로 갔더니 모든 일정이 다 엉망이었어요. 이렇게 가면 실패할 확률이 높다고 머리로는 알고 있었는데 그땐 왜 그랬을까요.	N	2022-09-15 08:45:50	2022-09-15 08:45:50
BE22018378	4	1	아 뭔가 잘 안 풀렸나 보네요. 그래도 여행은 생각하지 못한대로 흘러가는 게 묘미 아닐까요. 그냥 그런 사건 사고하나도 다 추억으로 남는 거죠.	N	2022-09-15 08:45:50	2022-11-08 05:21:08
BE22018378	5	0	저도 그렇게 생각했는데 이번에는 어쩐지 이동하는 곳 마다 다 동선이 꼬이거나 문을 닫아서 힘들었어요. 그리고 마지막엔 비행기까지 놓칠 뻔 해서 아주 발을 동동거리며 당황했답니다.	N	2022-09-15 08:45:50	2022-09-15 08:45:50
BE22018378	6	1	저도 여행 갔다가 비행기 놓칠 뻔한 추억이 있어서 그 당황스러움 이해해요. 저는 여권을 못 찾아서 못 탈 뻔했거든요. 그래도 지나고 나니 그 순간도 추억이 되네요.	N	2022-09-15 08:45:50	2022-09-15 08:45:50
BE22018378	7	0	진작에 계획 좀 세우고 동선 파악을 해놨어야 했어요. 마지막 여행지에서 공항까지 그렇게 멀 줄 몰랐거든요. 비행기를 겨우 타고나니 어찌나 스스로가 한심스럽던지 엄청 후회했어요.	N	2022-09-15 08:45:50	2022-09-15 08:45:50
BE22018378	8	1	그래도 무사히 돌아오셨잖아요. 정말 잘못 된 거였으면 오늘 회사도 못 나오셨겠죠. 저는 무계획 여행도 나쁘지 않다고 생각해요 좌충우돌이 좀 있어야 기억에 오래 남잖아요.	N	2022-09-15 08:45:50	2022-11-08 05:21:08
BE22018378	9	0	저는 어제 저녁에 돌아와서 아침에 출근 할 때까지만 해도 심장 두근거림이 멈추지 않았거든요. 정말 엄청 당황하고 놀랐는데 지금 생각하니 공감화자님 말 대로 이것도 추억이 되겠어요.	N	2022-09-15 08:45:50	2022-09-15 08:45:50
BE22018378	10	1	고생 많으셨어요. 그 당시는 진짜 식은땀이 줄줄 나고 눈이 캄캄해지잖아요. 특히 이번엔 혼자 여행 간 거라 더 놀랐겠어요. 감정화자님 말 들으니 저도 예전 생각이 나서 다시 두근거려요.	N	2022-09-15 08:45:50	2022-11-08 05:21:08
BE22018378	11	0	네 그 비행기를 못 타면 당장 다른 표는 어떻게 구하지 싶어서 엄청 떨렸어요. 다시는 이렇게 실패할 확률이 높은 즉흥 여행은 가지 않을 거예요. 이번 일을 잊지 않을 겁니다.	N	2022-09-15 08:45:50	2022-09-15 08:45:50
BE22018378	12	1	이렇게 하나하나 경험하고 바뀌어 나가는 거죠. 아마 다음 번 여행은 이번일을 바탕으로 더 풍요롭고 행복한 여행이 되지 않을까요? 그러니 너무 안 좋게는 생각하지 마세요.	N	2022-09-15 08:45:50	2022-11-08 05:21:08
BE22018378	13	0	그렇게 생각하니 기분이 좀 풀리네요. 공감화자님 말 대로 이것도 다 제 자양분이 되는 경험이겠죠. 다음에는 즉흥적으로 일을 진행하는 버릇도 좀 고치고 제대로 계획을 세우고 가야겠네요.	N	2022-09-15 08:45:50	2022-11-08 05:21:08
BE22018378	14	1	이번에 이렇게 고생하셨으니 다음 여행은 정말 더 즐겁게 다녀 오실 수 있을거예요. 저도 함께 응원할게요.	N	2022-09-15 08:45:50	2022-11-08 05:21:08
BE22018378	15	0	그렇게 말 해줘서 고마워요. 덕분에 당황스럽던 마음도 많이 진정되고 좀 안정을 찾았어요. 고마워요.	Y	2022-09-15 08:45:50	2022-11-08 05:21:08
