id	utterance_id	utterance_type	utterance_text	terminate	regDate	updDate
BE22008723	1	0	대리님. 어떡하죠. 저 오전에 있던 회의에 참석 못했어요.	N	2022-07-14 02:42:34	2022-11-08 04:20:31
BE22008723	2	1	응? 난 지금 출장 중이라 회사 내부 사정은 잘 모르는 상황이라 감정화자씨가 회의 참석 못한 건 몰랐네. 무슨 일 있었어?	N	2022-07-14 02:42:34	2022-11-08 04:20:31
BE22008723	3	0	제가 요즘 스트레스가 심해서 건망증이 생겼잖아요. 아무리 그래도 그렇지, 오늘 진짜 중요한 회의였는데 그걸 놓쳤네요. 너무 당황스러워서 지금 머릿속이 뒤죽박죽입니다.	N	2022-07-14 02:42:34	2022-11-08 04:20:31
BE22008723	4	1	아이고 오늘 오전에 있던 회의 이번에 새로 추진하는 프로젝트 발표였지. 그렇게 중요한 회의를 놓쳤다면 정말 많이 당황했겠어.	N	2022-07-14 02:42:34	2022-11-08 04:20:31
BE22008723	5	0	네. 지금 어쩔 줄 모르겠어요. 어안이 벙벙해서 자리에 붙박이마냥 앉아 있는 중이에요.	N	2022-07-14 02:42:34	2022-11-08 04:20:31
BE22008723	6	1	나 같아도 그런 상황이면 너무 당황스러워서 어쩔 줄 몰랐을 거 같아. 다른 직원들은 별말 없어?	N	2022-07-14 02:42:34	2022-11-08 04:20:31
BE22008723	7	0	팀장님이랑 부장님 두 분 다 괜찮다고 프로젝트 기획안 주면서 다시 설명해주시겠다고 하시네요. 저 때문에 괜히 고생하시는 거 같아서 죄책감도 들어요. 그것보다는 정말 회의 놓친 이 상황이 너무 당황스럽기 그지없네요.	N	2022-07-14 02:42:34	2022-11-08 04:20:31
BE22008723	8	1	그래도 두 분 다 감정화자씨 상황 이해하시니까 너무 걱정 말고 신경 쓰지 마. 건망증 때문에 지금 감정화자씨가 고생하는 거 사람들이 모르는 것도 아니잖아. 다들 이해하실 거야. 그러니까 그만 신경 써도 돼.	N	2022-07-14 02:42:34	2022-11-08 04:20:31
BE22008723	9	0	정말 그럴까요? 열심히 치료받고 있다고 생각했는데 이런 일이 생기니까 정말 황망하네요.	N	2022-07-14 02:42:34	2022-11-08 04:20:31
BE22008723	10	1	그럼. 회사에 감정화자씨만큼 성실히 일하는 사람이 없잖아. 다들 그 성실함 보고 아무도 탓하지 않으니까 걱정 말고 업무에 집중하자.	N	2022-07-14 02:42:34	2022-11-08 04:20:31
BE22008723	11	0	대리님이 그렇게 말씀해주시니까 머릿속이 조금 맑아지네요. 감사해요.	N	2022-07-14 02:42:34	2022-11-08 04:20:31
BE22008723	12	1	기분이 좀 나아졌다면 너무 다행이네. 아무튼 건망증 치료는 잘 되고 있는 거지?	N	2022-07-14 02:42:34	2022-11-08 04:20:31
BE22008723	13	0	네. 스트레스 때문에 일시적으로 오는 현상이라고 그렇게 길게 가지는 않을 거 같아요. 신경 써주셔서 감사합니다.	N	2022-07-14 02:42:34	2022-11-08 04:20:31
BE22008723	14	1	다행이네. 나 출장 끝나면 가서 맛있는 밥이라도 한 끼 하자. 힘내고. 다음에 또 연락하자.	Y	2022-07-14 02:42:34	2022-11-08 04:20:31
