id	utterance_id	utterance_type	utterance_text	terminate	regDate	updDate
BE22000841	1	0	대리님, 저 고민이 생겼어요. 들어주실 수 있으세요?	N	2022-06-13 08:43:16	2022-11-08 03:29:45
BE22000841	2	1	당연하지요. 어떤 일이에요? 감정화자씨가 진지하게 말하니 걱정돼요.	N	2022-06-13 08:43:16	2022-11-08 03:29:45
BE22000841	3	0	저 오늘 애인과 첫 키스를 했어요.	N	2022-06-13 08:43:16	2022-11-08 03:29:45
BE22000841	4	1	그건 좋은 일인데 왜 고민이라고 말하는 건가요?	N	2022-06-13 08:43:16	2022-11-08 03:29:45
BE22000841	5	0	키스는 얼떨결에 해버려서 실감이 안 나요. 근데 아직 사귄 지 1주일밖에 안 돼서 그게 고민이에요. 너무 빠른 건 아아닐까요?	N	2022-06-13 08:43:16	2022-11-08 03:29:45
BE22000841	6	1	그건 고민될 만하지요. 사람에 따라서 일주일은 이르긴 해요. 심지어 첫 키스였잖아요.	N	2022-06-13 08:43:16	2022-11-08 03:29:45
BE22000841	7	0	맞아요. 더 걱정돼요. 역시 제 맘을 잘 아는군요.	N	2022-06-13 08:43:16	2022-11-08 03:29:45
BE22000841	8	1	충분히 혼란스러울 만해요. 근데 사실 저는 사귄 지 3일 만에 한 게 내 첫 키스라서 놀랍진 않네요.	N	2022-06-13 08:43:16	2022-11-08 03:29:45
BE22000841	9	0	대리님도 그랬어요? 고민은 없었어요?	N	2022-06-13 08:43:16	2022-11-08 03:29:45
BE22000841	10	1	저는 그냥 자연스럽게 받아들였어요. 내 남자친구를 너무 좋아했고, 저의 선택이었으니까요. 감정화자씨도 그렇게 생각하면 어때요?	N	2022-06-13 08:43:16	2022-11-08 03:29:45
BE22000841	11	0	맞아요. 저도 사실 싫지 않았어요. 오히려 좋았는걸요.	N	2022-06-13 08:43:16	2022-11-08 03:29:45
BE22000841	12	1	진도가 빠르고 말고는 중요하지 않은 것 같아요. 온전히 본인의 선택으로 한 행동이면 괜찮아요.	N	2022-06-13 08:43:16	2022-11-08 03:29:45
BE22000841	13	0	대리님 말이 맞는 것 같아요. 스스로 괜찮다고 생각했으니 첫 키스에 대한 걱정은 이제 하지 않을래요.	N	2022-06-13 08:43:16	2022-11-08 03:29:45
BE22000841	14	1	잘 생각했어요. 이런 종류의 고민은 언제든 환영해요.	Y	2022-06-13 08:43:16	2022-11-08 03:29:45
