id	utterance_id	utterance_type	utterance_text	terminate	regDate	updDate
BE22000670	1	0	이번에 김 대리 퇴사한 거 알아요?	N	2022-06-13 06:42:43	2022-11-08 03:28:35
BE22000670	2	1	정말요? 그동안 감정화자씨랑 마찰이 심해서 괴로워하셨잖아요. 조금 홀가분하시겠는데요?	N	2022-06-13 06:42:43	2022-11-08 03:28:35
BE22000670	3	0	그렇긴 한데... 알고 보니 아이가 많이 아프시다고 하더라고요. 그것 때문에 퇴사하는 것 같아서 너무 죄책감에 시달려요.	N	2022-06-13 06:42:43	2022-11-08 03:28:35
BE22000670	4	1	제가 감정화자씨라도 마음이 복잡하긴 할 것 같아요. 그래도 퇴사하는 게 감정화자씨 탓도 아니고 죄책감 가질 필요는 없을 것 같은데요.	N	2022-06-13 06:42:43	2022-11-08 03:28:35
BE22000670	5	0	그런가요? 그냥 그렇게 사적으로 힘든 일이 있었던 사람이면 조금 더 잘해줄 걸 싶어서요. 참 당황스럽고 심란하네요.	N	2022-06-13 06:42:43	2022-11-08 03:28:35
BE22000670	6	1	감정화자씨가 일부러 괴롭히신 것도 아닌데, 너무 괘념치 마세요. 일하는 방식이 잘 맞지 않아 다투었던 것이고, 그런 다툼도 서로 일에 열정이 있으시니까 가능했던 거죠. 감정화자씨가 잘못하신 거 없어요.	N	2022-06-13 06:42:43	2022-11-08 03:28:35
BE22000670	7	0	그렇게 말씀해 주시니 마음이 조금 편해지긴 하네요. 그래도 이 죄책감이 오래갈 것 같아요. 앞으로는 상대방의 입장을 먼저 생각해야겠어요.	N	2022-06-13 06:42:43	2022-11-08 03:28:35
BE22000670	8	1	그런 생각은 좋은 것 같아요. 저도 유난히 예민한 동료들을 보면 그냥 사적으로 안 좋은 일이 있겠거니 생각해요. 그냥 그렇게 생각하고 제가 이해하는 편이 정신 건강에 좋더라고요.	N	2022-06-13 06:42:43	2022-11-08 03:28:35
BE22000670	9	0	좋은 방법인 것 같아요. 저도 그렇게 생각하면서 너그러워져야겠어요.	N	2022-06-13 06:42:43	2022-11-08 03:28:36
BE22000670	10	1	감정화자씨는 충분히 너그럽고 모두에게 잘해 주시는걸요. 일도 잘하시고 성격도 좋으시잖아요. 이번 일로 너무 주눅 들거나 당혹스러워하실 필요 없어요.	N	2022-06-13 06:42:43	2022-11-08 03:28:36
BE22000670	11	0	고마워요. 덕분에 마음이 많이 가벼워요. 김 대리 아이도 얼른 나았으면 좋겠네요. 저랑 많이 부딪히긴 했지만 참 가정적이고 좋은 분 같았는데.	N	2022-06-13 06:42:43	2022-11-08 03:28:36
BE22000670	12	1	저도 얼른 낫기를 기도해야겠어요. 지금도 감정화자씨는 사적인 감정과 그 사람에 대한 평가를 구분할 줄 아시는데요? 그러니 괜한 죄책감에 피로를 느끼지 않으셔도 될 듯해요.	N	2022-06-13 06:42:43	2022-11-08 03:28:36
BE22000670	13	0	어떻게 감사 인사를 드려야 할지 모르겠네요. 덕분에 마음이 시원하고 분명해졌어요.	N	2022-06-13 06:42:43	2022-11-08 03:28:36
BE22000670	14	1	저희는 이 팀에서 서로 의지하는 사이잖아요. 언제든 고민 있으시면 제게 말씀해 주세요.	N	2022-06-13 06:42:43	2022-11-08 03:28:36
BE22000670	15	0	정말 고마워요. 조만간 퇴근하고 술 한잔해요.	Y	2022-06-13 06:42:43	2022-11-08 03:28:36
