id	utterance_id	utterance_type	utterance_text	terminate	regDate	updDate
BE22030873	1	0	공감화자님, 원래 인터넷 쇼핑몰에서 반품을 하려면 무조건 반품비를 내야 하나요? 분명 하자 있는 물건이라 반품하려고 하는데 반품비를 내라고 하네요. 제 잘못도 아닌데 너무 당황스러워요.	N	2022-10-17 09:21:50	2022-11-08 06:39:04
BE22030873	2	1	어머, 그게 말이 되나요? 보통은 단순 변심의 경우에만 반품비를 청구하는데요? 말도 안 되는 요구에요.	N	2022-10-17 09:21:50	2022-10-17 09:21:50
BE22030873	3	0	그렇죠? 저도 원래 그렇게 알고 있었거든요. 근데 여기 쇼핑몰은 막무가내네요? 반품비 부담 없이는 절대 안 받아 준다고 우기고 있어요. 너무 당황스러워요.	N	2022-10-17 09:21:50	2022-10-17 09:21:50
BE22030873	4	1	듣는 저도 너무 어이가 없고 황당한데요? 말도 안 되는 요구에 감정화자님이 얼마나 당황하실지 충분히 공감이 가요. 이런 문제는 그 어느 누구에게 물어봐도 똑같이 당황스럽고 황당해 할 거예요.	N	2022-10-17 09:21:50	2022-11-08 06:39:04
BE22030873	5	0	그러니까 말이에요. 정말 어쩌면 좋을지 모르겠어요, 반품 못하면 그대로 손해 보는 건데 걱정이에요. 한 번도 전에 경험해 보지 못한 일이라 너무 당황스럽네요. 어떻게 하면 좋을지 전혀 모르겠어요.	N	2022-10-17 09:21:50	2022-10-17 09:21:50
BE22030873	6	1	감정화자님, 걱정스러운 마음은 잘 알겠지만 너무 당황해 하지 마세요. 감정화자님의 잘못이 아니잖아요, 이런 문제는 정말 손쉽게 해결이 가능해요. 그러니 괜한 일로 마음 쓰면서 걱정하지 마세요, 다 잘 될 거예요! 기운 내시고요.	N	2022-10-17 09:21:50	2022-11-08 06:39:04
BE22030873	7	0	정말요? 판매자 측은 완강하던 데요? 말씀은 고맙지만 아직 당황스러운 이 마음이 쉽게 풀리 질 않아서요.	N	2022-10-17 09:21:50	2022-11-08 06:39:04
BE22030873	8	1	그런 일을 전담으로 처리하는 공공 기관의 도움을 받으면 돼요. 제가 도와드릴게요, 저는 경험이 있어서 아마 감정화자님께 큰 도움이 될 거예요. 지금 걱정이 무색할 만큼 잘 풀릴 거예요.	N	2022-10-17 09:21:50	2022-11-08 06:39:04
BE22030873	9	0	정말 공감화자님 말처럼 잘 풀렸으면 좋겠네요. 근데 제가 너무 귀찮게 해드리는 건 아닐까요? 도와주시는 건 감사하지만 괜히 저 때문에 그러시는 것 같아 죄송하고 당황스러워서요.	N	2022-10-17 09:21:50	2022-11-08 06:39:04
BE22030873	10	1	절대 아니니까 걱정 마세요, 필요할 때 서로 돕고 살아야죠. 백지장도 맞 들면 가볍다 하잖아요? 같이 하면 손쉽게, 그리고 아무런 문제 없이 일이 잘 해결될 거예요. 그러니 힘내세요!	N	2022-10-17 09:21:50	2022-11-08 06:39:04
BE22030873	11	0	정말 감사해요 공감화자님. 덕분에 당황스럽고 걱정되던 마음이 전부 풀렸어요. 이 고마움을 어쩌죠?	N	2022-10-17 09:21:50	2022-11-08 06:39:04
BE22030873	12	1	나중에 제가 도움 필요할 때 도와주시면 되죠! 부담 갖지 마시고 우리 이번 일 먼저 슬기롭게 처리해 봐요.	N	2022-10-17 09:21:50	2022-11-08 06:39:04
BE22030873	13	0	너무 좋은 생각이에요! 나중에 제가 꼭 보답할게요! 덕분에 큰 위기를 넘긴 것 같아요.	N	2022-10-17 09:21:50	2022-10-17 09:21:50
BE22030873	14	1	별말씀을요, 도움이 된다니 정말 기분 좋네요!	Y	2022-10-17 09:21:50	2022-11-08 06:39:04
