id	utterance_id	utterance_type	utterance_text	terminate	regDate	updDate
BE22013199	1	0	하, 요즘 진짜 드라마가 왜 이렇게 재미있는지 스스로 절제가 안 되어서 큰일이에요. 요즘엔 잠도 잘 못 잔다니까요. 이런 상황은 처음이라 좀 당황스러워요.	N	2022-08-05 02:57:00	2022-11-08 04:48:59
BE22013199	2	1	와 재미있는 드라마에 빠지면 저도 똑같아요. 저녁 먹을 때부터 틀어서 새벽 내내 누워서 보게 되잖아요. 그리고 아침에 꼭 후회하죠, 그래서 무척 공감됩니다.	N	2022-08-05 02:57:00	2022-11-08 04:48:59
BE22013199	3	0	맞아요 딱 그래요 그러면서 누워서 아 그만 봐야지 오늘은 일찍 자야지 하는데 잘 안되네요. 그리고 지금 엄청 피곤해요. 전 이렇게까지 뭐에 빠져본 적이 없어서 좀 이 상황이 당황스럽고 스스로가 한심해요.	N	2022-08-05 02:57:00	2022-11-08 04:48:59
BE22013199	4	1	정말 재미있는 드라마였나 보네요, 며칠째 잠도 못 잘 정도면요. 그런데 그걸 너무 스스로 한심하다고 생각하진 마세요. 즐거운 일 앞에서는 어린아이도 잠을 설치는걸요.	N	2022-08-05 02:57:00	2022-11-08 04:49:00
BE22013199	5	0	생각해보니 저도 어릴 적에 친구들과 만화책 때문에 밤새고 그랬었네요. 그때는 친구들도 함께 그래서 스스로가 한심하다는 생각은 안 해봤는데. 성인이 되어도 참 바뀌질 않는군요.	N	2022-08-05 02:57:00	2022-11-08 04:49:00
BE22013199	6	1	맞아요 아마 우리랑 비슷한 또래 들은 다 그런 경험이 있을 거예요. 그리고 밤 좀 새면 어때요, 좀 피곤하긴 해도 내일이 또 기대되고 즐겁잖아요. 매일 그러시는 것도 아니니 그냥 편하게 즐기세요.	N	2022-08-05 02:57:00	2022-11-08 04:49:00
BE22013199	7	0	휴, 아무리 그래도 일도 제대로 못 하는 바보 같은 직장인처럼 느껴져서 드라마를 끊어야 할까 싶어요.	N	2022-08-05 02:57:00	2022-11-08 04:49:00
BE22013199	8	1	에이 즐거운 일 찾기가 점점 힘들어지는 나이인데 그렇게 즐길 거리가 있으니 얼마나 좋아요. 그리고 일은 적당히 해도 괜찮아요. 즐거운 일이 있어야 일도 능률이 올라가는 법이랍니다.	N	2022-08-05 02:57:00	2022-11-08 04:49:00
BE22013199	9	0	그 말 듣고 보니 제가 요즘 잠은 모자라도 이상하게 활기가 생기더라고요. 내일이 기대되고 말이에요. 역시 공감화자님은 모든 일에서 긍정적인 면을 찾아주시는군요.	N	2022-08-05 02:57:00	2022-08-05 02:57:00
BE22013199	10	1	긍정적인 면을 찾기보다는 그냥 감정화자님의 달라진 점을 말씀드린 것뿐이에요. 정말로 활기차지셨거든요. 사람들 대할 때도 웃음이 많아지셨고요.	N	2022-08-05 02:57:00	2022-11-08 04:49:00
BE22013199	11	0	아 그동안 제가 좀 일에서 번 아웃이 와서 좀 지쳐있었죠. 공감화자님의 말을 듣고 보니 드라마 늦게까지 보는 것도 그렇게 나쁜 일은 아니네요.	N	2022-08-05 02:57:00	2022-11-08 04:49:00
BE22013199	12	1	네. 지친 일상에 활력을 줄 수 있다면 적당히 즐기는 건 완전 좋은 일이라고 생각해요. 물로 이제 계속 지속되어서 건강을 망치면 안 되겠지만요. 감정화자님은 언제나 성실하신 분이니 적당히 잘하실 거 같아요.	N	2022-08-05 02:57:00	2022-11-08 04:49:00
BE22013199	13	0	고마워요. 덕분에 저 자신을 한심하게 느끼던 마음이 많이 밝아졌어요. 맞아요, 취미는 삶에 활력을 주는 좋은 것이었죠. 공감화자님 덕분에 새삼 알게 되었네요.	N	2022-08-05 02:57:00	2022-11-08 04:49:00
BE22013199	14	1	별말씀을요. 그래도 오늘은 적당히 보다가 주무세요. 그래야 또 내일 더 집중해서 재미있게 즐기죠.	N	2022-08-05 02:57:00	2022-11-08 04:49:00
BE22013199	15	0	맞아요. 내일을 위해 한 걸음 물러서기! 오늘은 저도 진짜 일찍 자 볼게요. 고마워요!	Y	2022-08-05 02:57:00	2022-11-08 04:49:00
