id	utterance_id	utterance_type	utterance_text	terminate	regDate	updDate
BE22001163	1	0	대리님이랑 지난번에 백화점에서 산 하이힐 벌써 굽이 다 닳은 거 있지요. 그걸 보는데 얼마나 당황스럽던지요.	N	2022-06-14 04:36:51	2022-11-08 03:31:53
BE22001163	2	1	그거 산 지 두 달도 안 됐는데 무슨 소리예요? 어떻게 그렇게 돼요?	N	2022-06-14 04:36:51	2022-11-08 03:31:53
BE22001163	3	0	이번 달에 외근이 많았거든요. 험한 길을 자주 오르다 보니까 이렇게 됐어요. 그래도 이렇게 빨리 닳을지는 몰랐는데 너무 당황스럽네요.	N	2022-06-14 04:36:51	2022-11-08 03:31:53
BE22001163	4	1	감정화자씨 팀이 시장조사를 하느라 그랬군요. 하이힐 신고 오르막길 오르기 보통 일이 아니었을 텐데 고생했어요.	N	2022-06-14 04:36:51	2022-11-08 03:31:53
BE22001163	5	0	많이 걸었더니 종아리에 근육이 생겼어요. 구두를 새로 사자니 돈이 너무 아깝네요.	N	2022-06-14 04:36:51	2022-11-08 03:31:53
BE22001163	6	1	그것도 꽤 큰맘 먹고 샀던 걸로 기억하는데, 새로 사는 게 부담이긴 하겠어요.	N	2022-06-14 04:36:51	2022-11-08 03:31:53
BE22001163	7	0	그렇다고 이걸 계속 신고 다니자니 주변 사람들이 궁상맞게 볼 것 같기도 하고요.	N	2022-06-14 04:36:51	2022-11-08 03:31:53
BE22001163	8	1	궁상맞게 볼 게 뭐가 있어요. 시장조사 때문인 거 회사 사람들은 다 알 텐데요. 오며 가며 지나치는 사람들 시선 같은 건 생각할 필요 없어요.	N	2022-06-14 04:36:51	2022-11-08 03:31:53
BE22001163	9	0	그렇긴 한데 시선이 느껴지는 것 같아서 좀 민망할 때가 있어요.	N	2022-06-14 04:36:51	2022-11-08 03:31:53
BE22001163	10	1	구두가 많이 닳았다는 건 그만큼 일을 열심히 했다는 뜻이에요. 불편하지 않다면 자랑스럽게 신고 다녀도 돼요.	N	2022-06-14 04:36:51	2022-11-08 03:31:53
BE22001163	11	0	네, 그렇게 생각하고 남들 시선을 의식하지 않으려고 노력해 봐야겠어요.	N	2022-06-14 04:36:51	2022-11-08 03:31:53
BE22001163	12	1	그런 건 의식적으로 노력을 해야 습관이 돼서 나중에는 자연스러워진대요. 마음속으로 아무도 나한테 관심 없다고 되뇌어봐요.	N	2022-06-14 04:36:51	2022-11-08 03:31:53
BE22001163	13	0	그렇게까지 의식해서 노력하면 더 그 생각에만 빠지지 않을까요?	N	2022-06-14 04:36:51	2022-11-08 03:31:53
BE22001163	14	1	아니에요. 모든 생각은 습관이라고 했어요. 나를 믿어 봐요.	N	2022-06-14 04:36:51	2022-11-08 03:31:53
BE22001163	15	0	알았어요. 오늘부터 대리님 말대로 해볼게요.	Y	2022-06-14 04:36:51	2022-11-08 03:31:53
