id	utterance_id	utterance_type	utterance_text	terminate	regDate	updDate
BE22030793	1	0	어제 병원에 다녀왔어요. 그런데 간호사가 혈관이 잘 보이지 않는다며 바늘을 이곳저곳에 찌르는 거 있죠.	N	2022-10-17 08:01:07	2022-10-17 08:01:07
BE22030793	2	1	갑자기 병원이라니, 몸은 괜찮으세요? 정말 아프셨을 것 같아요.	N	2022-10-17 08:01:07	2022-11-08 06:38:33
BE22030793	3	0	갑자기 몸이 안 좋아서 급하게 응급실에 다녀왔거든요. 한참 기다리고 드디어 제 차례가 왔어요. 그런데 혈관이 안 보인다고 주사를 여러 번 놓는데 너무 아파서 어쩔 줄 모르겠는 거 있죠.	N	2022-10-17 08:01:07	2022-11-08 06:38:33
BE22030793	4	1	저도 그런 경험을 한 적이 있어서 공감돼요. 응급실에 가실 정도면 엄청 아프셨다는 건데 컨디션은 괜찮으세요? 항상 건강하게만 보였던 과장님이 아프신 걸 보니 마음이 안 좋네요.	N	2022-10-17 08:01:07	2022-11-08 06:38:33
BE22030793	5	0	요즘에 집안일이 좀 있어서 심적으로 아주 피곤했었거든요. 그런데도 불구하고 회사 일이랑 아이까지 돌보느라 몸이 신호를 보낸 것 같아요. 회사에서도 해야 할 일이 많은데 몸은 아프고 마음이 너무 급해지네요.	N	2022-10-17 08:01:07	2022-11-08 06:38:33
BE22030793	6	1	누구라도 그렇게 바쁘게 지내면 몸이 탈이 날 수밖에 없죠. 다른 것들은 최대한 신경 쓰지 마시고 몸 회복에만 집중하세요. 건강한 몸으로 일해야 효율도 늘어나는 거니까요.	N	2022-10-17 08:01:07	2022-11-08 06:38:33
BE22030793	7	0	다른 건 그렇고 잘못 놓은 주삿바늘 때문에 손목이 부어올라서 놀랐어요. 시간이 지나면 괜찮을 줄 알았는데 이제는 너무 아파서 한쪽 팔을 못 쓰겠어요. 물론 실수였겠지만 일상 생활하기가 불편해지니 답답하네요.	N	2022-10-17 08:01:07	2022-11-08 06:38:33
BE22030793	8	1	보기만 해도 엄청 아파 보여요. 일부러 그런 것도 아닐 테니 뭐라 하기도 애매할 것 같아요. 그렇지만 이럴 때일수록 자신을 생각해서라도 푹 쉬셔야 해요.	N	2022-10-17 08:01:07	2022-11-08 06:38:33
BE22030793	9	0	저보다도 아이들이랑 가족들이 고생할까 걱정이에요. 아직 어려서 하나부터 열까지 제 손이 안 가는 곳이 없거든요. 벌써 정신없을 생각하니 아찔해요.	N	2022-10-17 08:01:07	2022-11-08 06:38:33
BE22030793	10	1	과장님 몸 챙기기에도 바쁜데 지금 심정이 어떠실지 충분히 이해돼요. 그래도 아프시니까 가족들의 도움을 받는 게 좋을 것 같아요. 얼른 나아서 다시 활짝 웃는 모습을 보고 싶네요.	N	2022-10-17 08:01:07	2022-11-08 06:38:33
BE22030793	11	0	제 얘기를 잘 들어주시고 공감해주셔서 감사해요. 덕분에 아팠던 것까지 치유하는 기분이 드네요. 위로해주신 마음 덕분에 금방 나을 것 같아요.	N	2022-10-17 08:01:07	2022-11-08 06:38:33
BE22030793	12	1	그렇게 얘기해주시니 오히려 제가 감사하게 느껴지는걸요. 저는 과장님처럼 멋지고 성실한 분이 회사 동료라서 정말 좋아요.	N	2022-10-17 08:01:07	2022-11-08 06:38:33
BE22030793	13	0	힘든 시기에 좋은 동료가 있으니 정말 든든하네요. 앞으로도 잘 부탁드려요.	N	2022-10-17 08:01:07	2022-10-17 08:01:07
BE22030793	14	1	저도요. 오늘 하루도 기분 좋게 마무리하시길 바랄게요!	Y	2022-10-17 08:01:07	2022-11-08 06:38:33
