id	utterance_id	utterance_type	utterance_text	terminate	regDate	updDate
BE22021599	1	0	저 주말에 남자친구랑 데이트하며 퍼스널 컬러 진단 받으러 갔다 왔어요.	N	2022-09-26 07:31:49	2022-09-26 07:31:49
BE22021599	2	1	요즘 TV나 SNS에 엄청 많이 나와서 저도 호기심이 생기던데요. 진단 결과가 어때요? 예상했던 대로 나왔어요?	N	2022-09-26 07:31:49	2022-09-26 07:31:49
BE22021599	3	0	아니요, 제가 생각했던 거랑 전혀 달라서 너무 당황스러웠어요. 사실 저는 이미 제 톤을 알아서 퍼스널 컬러 진단을 왜 받나 생각했거든요. 근데 제 예상과 완전 다른 결과가 나오니까 너무 당황스럽고 의아했습니다.	N	2022-09-26 07:31:49	2022-09-26 07:31:49
BE22021599	4	1	예상 결과가 다르면 누구든 당황스럽기 마련이지요. 특히 스스로에 대해 잘 안다고 자신한 자신에게 더 놀라고 혼란스러웠을 거 같아요.	N	2022-09-26 07:31:49	2022-11-08 05:43:33
BE22021599	5	0	제가 웜톤이라는 건 확실하다고 생각했는데, 분명히 봄 웜톤일 줄 알았거든요. 그래서 화장품이든 옷이든 다 봄 웜톤 계열에 맞춰서 샀었죠. 그런데 제가 가을 웜톤이라잖아, 같은 웜톤이라도 둘은 엄청 달라서 이게 뭔가 싶어서 혼란스러웠어요.	N	2022-09-26 07:31:49	2022-09-26 07:31:49
BE22021599	6	1	저라도 혼란스럽고 반신반의 할 것 같아. 예상하지 못한 결과이니까 믿기지 않고, 어리둥절하고 했을 거 같아요.	N	2022-09-26 07:31:49	2022-11-08 05:43:33
BE22021599	7	0	화장품도 그렇고 옷도 그렇고 싹 바꿔야 하나 싶어서 막막하기도 해요. 이랬다가 나중에 또 진단 받았을 때 다른 게 나오면 어떡하지 싶어서 마음이 오락가락하네요.	N	2022-09-26 07:31:49	2022-09-26 07:31:49
BE22021599	8	1	이제껏 믿어왔던 것과 결과가 다르니 받아들이기가 어려워서 혼란스럽고 어떻게 해야 할지 모를 것 같네요. 그래서 마음이 갈팡질팡하고, 선뜻 결정을 내리지 못해서 어렵고 곤란할 것 같아요. 평생을 알아 온 내가 사실은 내가 아니었다는 느낌까지 들면서 조금 멍해졌을 거 같네요.	N	2022-09-26 07:31:49	2022-11-08 05:43:33
BE22021599	9	0	맞아요, 그리고 가을 웜톤은 봄 웜톤이랑 다르게 제가 좋아하는 색이 별로 없어서 별로에요. 결과가 이렇게 나오다니 정말 당황스럽고 이럴 줄 알았으면 그냥 진단 안 받을 걸 그랬어요.	N	2022-09-26 07:31:49	2022-09-26 07:31:49
BE22021599	10	1	본인이 무조건 결과에 자신을 맞추려고 해서 마음이 더 복잡하고 혼란스러운 것 같습니다. 퍼스널컬러는 선택을 내리는 상황에서 참고용으로 사용하는 것이지, 결국 중요한 건 본인 선택이고 마음인 거잖아요. 결과를 너무 연연해서 자신의 개성을 없애려고 하지 않았으면 좋을 것 같아요.	N	2022-09-26 07:31:49	2022-11-08 05:43:33
BE22021599	11	0	그러게, 선배 말이 맞는 거 같아요. 제가 가을 웜톤이라고 해서 좋아하는 봄 웜톤 색 옷을 못 입는 건 아니니까요. 제가 오히려 너무 퍼스널 컬러에 집착했던 것 같습니다.	N	2022-09-26 07:31:49	2022-09-26 07:31:49
BE22021599	12	1	본인 마음이 행복하고 즐겁다면 퍼스널 컬러와 맞든 안 맞든 뭐가 중요하겠어요. 본인이 행복하면 되니까 가장 마음에 드는 선택을 하면서 생활했으면 좋을 거 같아요. 그게 비록 퍼스널 컬러와 맞지 않더라도 말입니다.	N	2022-09-26 07:31:49	2022-11-08 05:43:33
BE22021599	13	0	퍼스널 컬러는 중요한 게 아닌데 제가 그걸 간과하고 있었어. 선배 덕분에 새삼 다시 한번 깨달았습니다.	N	2022-09-26 07:31:49	2022-11-08 05:43:33
BE22021599	14	1	중요한 건 나 자신 그 자체이니까, 거기에 갇혀서 본인 가치를 색깔로 정의 내리지 말아요. 어떤 옷을 입든, 어떤 색을 쓰든 나는 나니까 말이에요.	Y	2022-09-26 07:31:49	2022-11-08 05:43:33
