id	utterance_id	utterance_type	utterance_text	terminate	regDate	updDate
BE22006251	1	0	대리님, 잠깐 얘기 좀 할 수 있을까요.	N	2022-07-05 05:54:04	2022-11-08 04:04:36
BE22006251	2	1	무슨 일이에요? 부장님한테 혼나기라도 했어요?	N	2022-07-05 05:54:04	2022-11-08 04:04:36
BE22006251	3	0	오늘 회의 시간에 남자 직원들이 저보고 여자인데 화장도 안 하고 다니냐며 비웃더라고요. 여자 선배님이시니까, 화장하는 법 좀 가르쳐 달라고 부탁하려고요.	N	2022-07-05 05:54:04	2022-11-08 04:04:36
BE22006251	4	1	뭐라구요? 그런 말을 듣다니, 제가 다 화가 나네요 정말! 그건 화장법의 문제가 아니라 그 말을 하는 사람의 태도 문제인 거죠.	N	2022-07-05 05:54:04	2022-11-08 04:04:36
BE22006251	5	0	살면서 한 번도 들어보지 못한 말이라서 제대로 응수를 못 했어요. 저 한심하죠. 한 번 그런 얘기 들으니까, 다른 사람도 다 제 얼굴만 쳐다보는 것 같아요.	N	2022-07-05 05:54:04	2022-11-08 04:04:36
BE22006251	6	1	전혀 한심하지 않은걸요. 다른 사람 외모에 대해 그 누구도 함부로 평가할 수 없어요. 그렇지만 면전에서 그런 말을 들은 주임님 속은 얼마나 상할지 이해가 되네요.	N	2022-07-05 05:54:04	2022-11-08 04:04:36
BE22006251	7	0	어릴 때부터 화장이나 꾸미는 것에 크게 관심이 없었거든요. 학교 다닐 때도 화장을 거의 안 했는데, 이렇게 누군가한테 직접적으로 비난 받은 적은 처음이에요. 그래서 말인데, 선배님이 저 화장법 좀 가르쳐 주시면 안 될까요?	N	2022-07-05 05:54:04	2022-11-08 04:04:36
BE22006251	8	1	가르쳐 줄 수야 있지만, 중요한 건 화장을 잘하고 못하고의 문제가 아니에요. 그 누구도 다른 사람의 외양에 대해서 함부로 말할 수 없어요. 그게 설사 본인이라도 말이에요.	N	2022-07-05 05:54:04	2022-11-08 04:04:36
BE22006251	9	0	사실 회사 생활하면서도 종종 생각했거든요. 다른 분들은 잘 꾸미는데, 저만 너무 안 꾸며서 뒤처지는 것 같아요.	N	2022-07-05 05:54:04	2022-11-08 04:04:36
BE22006251	10	1	회사는 패션쇼 하러 오는 곳이 아니라 일을 하는 곳이잖아요. 전혀 그렇게 생각할 필요가 없어요. 업무와 관련 없는 그런 부담 가질 필요도 전혀 없고요.	N	2022-07-05 05:54:04	2022-11-08 04:04:36
BE22006251	11	0	회사 내에서 뿐만 아니라 밖에 나가서도 그래요. 너무 위축되는 기분이 들어요. 밥을 먹으러 나갈 때나 출퇴근 길에도 다 제 얼굴을 쳐다보는 것 같아요.	N	2022-07-05 05:54:04	2022-11-08 04:04:36
BE22006251	12	1	다른 사람 시선 신경 쓸 필요 없어요. 주임님도 알잖아요, 우리 직장인들은 귀찮은 거 싫어하는 거! 출퇴근 길에 마주치는 사람들 얼굴 같은 거 하나도 기억 안 난다고요.	N	2022-07-05 05:54:04	2022-11-08 04:04:37
BE22006251	13	0	그건 그렇지만 제가 너무 위축돼있어서 자꾸 움츠러들게 돼요. 여자로서 인생을 잘 못 사는 것 같기도 하고요. 제 멋대로 화장하거나 꾸몄다가는 또 이상한 소리를 들을 것 같고 어찌해야 할지 모르겠어요.	N	2022-07-05 05:54:04	2022-11-08 04:04:37
BE22006251	14	1	주임님은 있는 그대로 소중한 존재라는 거, 알아줬으면 좋겠어요. 모든 여자들이 다 똑같이 꾸미고 똑같은 삶을 사는 건 아니에요. 이상한 이야기를 하는 사람들이 문제지, 주임님이 멋지고 능력 있는 사람이라고 생각하는 사람들이 훨씬 많아요.	N	2022-07-05 05:54:04	2022-11-08 04:04:37
BE22006251	15	0	그렇게 말씀해주셔서 감사해요. 요즘 예민해져 있다 보니 자꾸 위축되네요. 저도 긍정적으로 생각해봐야겠어요.	N	2022-07-05 05:54:04	2022-11-08 04:04:37
BE22006251	16	1	힘내요! 무례한 사람들 말은 곧이곧대로 듣지 말고요. 다음에도 또 그런 소리 하면 내가 지원군이 돼 줄게요.	N	2022-07-05 05:54:04	2022-11-08 04:04:37
BE22006251	17	0	힘이 되어 주셔서 감사합니다. 그렇게까지 절 믿어주시다니 몸 둘 바 모르겠어요. 앞으로도 어려운 일 있으면 선배님께 먼저 말씀드리겠습니다.	N	2022-07-05 05:54:04	2022-11-08 04:04:37
BE22006251	18	1	직속 선후배 좋다는 게 뭐겠어요! 뭐든 부탁해요. 주임님은 우리 회사에 꼭 필요한 능력 있는 인재니까, 더 자신감을 가지라구요!	N	2022-07-05 05:54:04	2022-11-08 04:04:37
BE22006251	19	0	조언 고맙습니다. 저도 더 힘내볼게요.	N	2022-07-05 05:54:04	2022-11-08 04:04:37
BE22006251	20	1	그래요. 앞으로도 업무상 힘든 일이나, 업무 외적으로도 언제든 도와줄게요.	Y	2022-07-05 05:54:04	2022-11-08 04:04:37
