id	utterance_id	utterance_type	utterance_text	terminate	regDate	updDate
BE22009488	1	0	나 대학교 때 친구를 고등학교 친구한테 뺏긴 거 같아 혼란스러워.	N	2022-07-17 07:24:03	2022-11-08 04:25:28
BE22009488	2	1	어쩌다가 그 둘이 더 친해져 버린 거야? 무척 당황스럽겠다.	N	2022-07-17 07:24:03	2022-11-08 04:25:28
BE22009488	3	0	어쩌다가 셋이 같이 술 마시게 돼서 친해졌는데 이제 둘이 먼저 약속 잡고 만나더라고. 그래서 혼란스러워.	N	2022-07-17 07:24:03	2022-11-08 04:25:28
BE22009488	4	1	진짜 네 기분이 그렇게 느껴지겠다. 그럼 너 빼고 둘이 만나는 거야? 그럼 진짜 혼란스럽겠는데?	N	2022-07-17 07:24:03	2022-11-08 04:25:28
BE22009488	5	0	나 빼고 둘이 종종 만나는 것 같더라. 이번에도 내가 만나자고 했는데 선약이 있다는 거야. 그래서 다른 친구한테 물어봤는데 둘이 약속 잡았더라고.	N	2022-07-17 07:24:03	2022-11-08 04:25:28
BE22009488	6	1	진짜 배신당한 기분이겠다. 친구한테 친구를 뺏기다니 어떻게 그럴 수가 있지. 많이 혼란스러울 텐데 기분 괜찮아?	N	2022-07-17 07:24:03	2022-11-08 04:25:28
BE22009488	7	0	별로 안 좋아. 나 빼고 둘이 몰래 만난 거 같아서 더 당황스러웠어. 어떻게 그럴 수가 있지?	N	2022-07-17 07:24:03	2022-11-08 04:25:28
BE22009488	8	1	그러게, 네가 중간에서 무척 속상하겠다. 나 같아도 그런 상황이면 진짜 기분 나쁠 거 같아서 네가 이해돼. 그래도 너무 속상해하지 말고 기분 풀어.	N	2022-07-17 07:24:03	2022-11-08 04:25:28
BE22009488	9	0	응 그 두 친구하고 각각 친하기는 하지만 성향은 완전 달랐거든. 나는 정적인 편이고 그 둘은 동적이라 되게 활동적이야.	N	2022-07-17 07:24:03	2022-11-08 04:25:28
BE22009488	10	1	그래서 그 둘이 더 친해졌나 보다. 그래도 둘 다 여전히 네 친구인 건 여전하니까 너무 속상해하지 마.	N	2022-07-17 07:24:03	2022-11-08 04:25:28
BE22009488	11	0	응 그 둘이 날 피하거나 안 만나주는 건 아니니까 괜찮긴 한데, 그래도 뭔가 혼란스러워서.	N	2022-07-17 07:24:03	2022-11-08 04:25:28
BE22009488	12	1	맞아 그런 기분 드는 게 당연해. 둘 다 네 친구였고 소개까지 해준 거니까. 그래도 자꾸 그렇게 신경 쓰면 오히려 사이가 더 멀어질 거야.	N	2022-07-17 07:24:03	2022-11-08 04:25:28
BE22009488	13	0	그래 네 말대로 계속 기분 나빠하면 더 멀어지겠지? 둘 다 좋은 애들이라 멀어지고 싶진 않아.	N	2022-07-17 07:24:03	2022-11-08 04:25:28
BE22009488	14	1	그래 셋이 만나서 또 재밌는 시간 보내면 되니까. 괜히 그런 거에 신경 쓰고 마음 상하지 말아. 친구들도 다 네 생각을 하고 있을 테니까.	N	2022-07-17 07:24:03	2022-11-08 04:25:28
BE22009488	15	0	그렇겠지? 아깐 속상했는데 네 얘기 들으니까 마음이 조금 편해졌어.	Y	2022-07-17 07:24:03	2022-11-08 04:25:28
