id	utterance_id	utterance_type	utterance_text	terminate	regDate	updDate
BE22001132	1	0	남자 친구 어머니와 식사를 하는데, 어머니께서 자꾸 밥을 한가득 주세요.	N	2022-06-14 04:08:56	2022-11-08 03:31:41
BE22001132	2	1	원래 밥 많이 안 먹지 않아요?	N	2022-06-14 04:08:56	2022-11-08 03:31:41
BE22001132	3	0	나물이랑 두부 위주로 먹거든요. 근데 밥을 수북하게 주시니 괴로워요.	N	2022-06-14 04:08:56	2022-11-08 03:31:41
BE22001132	4	1	어려운 자리라 거절하지도 못하고 정말 곤란하겠어요.	N	2022-06-14 04:08:56	2022-11-08 03:31:41
BE22001132	5	0	분위기 애매해지는 거 싫어서 꾸역꾸역 집어넣어요.	N	2022-06-14 04:08:56	2022-11-08 03:31:41
BE22001132	6	1	코로 먹는지 입으로 먹는지 모르겠네요. 체하겠어요.	N	2022-06-14 04:08:56	2022-11-08 03:31:41
BE22001132	7	0	남이 밥 먹는 거 보면 흐뭇한 분이에요.	N	2022-06-14 04:08:56	2022-11-08 03:31:41
BE22001132	8	1	못 살던 시절에는 밥이라도 많이 먹이려고 그랬는데 요즘은 없어서 못 먹진 않잖아요.	N	2022-06-14 04:08:56	2022-11-08 03:31:41
BE22001132	9	0	그러니까요. 오히려 당뇨며 고혈압 걱정해서 탄수화물 섭취 줄이는 추세인데.	N	2022-06-14 04:08:56	2022-11-08 03:31:41
BE22001132	10	1	게다가 사람마다 먹는 양이 다르니 식사량을 억지로 정하면 안 되고요.	N	2022-06-14 04:08:56	2022-11-08 03:31:41
BE22001132	11	0	안 갈 수도 없고 기분 상하지 않게 해결하고 싶어요.	N	2022-06-14 04:08:56	2022-11-08 03:31:41
BE22001132	12	1	본인 밥을 직접 푸면 어떨까요? 그리고 기회 봐서 솔직히 이야기하는 게 좋겠어요.	N	2022-06-14 04:08:56	2022-11-08 03:31:41
BE22001132	13	0	그래야겠어요. 나중에 스트레스 받을 일 많을 거 같아서요.	N	2022-06-14 04:08:56	2022-11-08 03:31:41
BE22001132	14	1	한 번은 부딪쳐야 해요. 차분하고 조리 있게 설명하면 식성 이해하실 테니까 너무 걱정하지 말아요.	Y	2022-06-14 04:08:56	2022-11-08 03:31:41
