id	utterance_id	utterance_type	utterance_text	terminate	regDate	updDate
BE22000162	1	0	팀장님, 저 외국 출장 나왔다가 길을 잃은 것 같아요. 낯선 동네에 오게 됐는데 길을 찾을 수가 없어요.	N	2022-06-10 07:51:01	2022-11-08 03:25:17
BE22000162	2	1	과장님, 한국에서도 길치에 방향치라는 별명이 있는데 타지에서 너무 당황스럽겠어요. 	N	2022-06-10 07:51:01	2022-11-08 03:25:17
BE22000162	3	0	혼자 출장올 때부터 각오하고 있던 일이긴 했는데 막상 이렇게 되니까 무척 당황스러워요.	N	2022-06-10 07:51:01	2022-11-08 03:25:17
BE22000162	4	1	나라도 그럴 것 같아요. 해 질 녘에는 한국에서도 낯선 동네를 가면 마음이 쪼그라드는데 하물며 거기는 외국이잖아요. 감정화자씨가 당황스러울 만하지요.	N	2022-06-10 07:51:01	2022-11-08 03:25:17
BE22000162	5	0	어떻게 해야 할까요? 그냥 출장을 포기하고 한국으로 돌아가고 싶어요. 당혹스러워서 온몸이 땀 범벅이에요.	N	2022-06-10 07:51:01	2022-11-08 03:25:17
BE22000162	6	1	우선 근처에 벤치나 공원을 찾아서 조금 앉아서 심호흡부터 해 보는 건 어때요? 당황하면 원래 잘하던 일도 허둥대게 되니까 그런 때일수록 안정을 찾는 게 먼저일지 몰라요.	N	2022-06-10 07:51:01	2022-11-08 03:25:17
BE22000162	7	0	지금 지도를 보는데도 머리가 새하얘져서 팀장님꼐 연락한 거예요.	N	2022-06-10 07:51:01	2022-11-08 03:25:17
BE22000162	8	1	당황해서 일시적으로 그런 걸 테니까 겁먹지 말고 우선은 앉을 자리를 찾아봐요. 너무 놀란 것 같아서 나도 마음이 쓰이네요. 출장중이라 해야 할 업무도 있을 텐데 얼마나 당황스러울까요.	N	2022-06-10 07:51:01	2022-11-08 03:25:17
BE22000162	9	0	팀장님이 안심시켜주니까 아까보다는 마음이 평온해져요.	N	2022-06-10 07:51:01	2022-11-08 03:25:17
BE22000162	10	1	그렇다면 정말 다행이에요. 실시간으로 연락하면서 과장님이 어디에서 뭘 하고 있는지 내가 알고 있으니까 걱정 마세요. 	N	2022-06-10 07:51:01	2022-11-08 03:25:17
BE22000162	11	0	정말 고마워요. 혼자 있다는 기분이 안 드니까 갑자기 용기가 생겨요.	N	2022-06-10 07:51:01	2022-11-08 03:25:17
BE22000162	12	1	그럼요. 내가 네 옆에 있는 거나 마찬가지지요. 낯선 동네라 과장님이 잠깐 당황했을 뿐이지, 너 원래 똑 부러지고 침착한 성격이잖아요. 오늘 무사히 숙소로 돌아갈 수 있을 거예요.	N	2022-06-10 07:51:01	2022-11-08 03:25:17
BE22000162	13	0	이제야 머릿속이 명료해져요. 길을 찾아볼까 해요.	N	2022-06-10 07:51:01	2022-11-08 03:25:17
BE22000162	14	1	안 되겠으면 나랑 전화하면서 길을 찾아도 좋아요. 나도 여기서 인터넷으로 검색해 볼게요.	N	2022-06-10 07:51:01	2022-11-08 03:25:17
BE22000162	15	0	고마워요. 우선 지도 앱을 확인하고 다시 연락할게요.	Y	2022-06-10 07:51:01	2022-11-08 03:25:17
