id	utterance_id	utterance_type	utterance_text	terminate	regDate	updDate
BE22025428	1	0	대리님, 요즘은 당황스러울 정도로 얼굴이 하얀 사람이 많은 것 같아요.	N	2022-10-07 13:34:37	2022-10-07 13:34:37
BE22025428	2	1	저도 길을 다니면서 눈이 부실 정도로 환한 피부를 가진 사람들을 볼 때가 있어요. 놀랍기도 하고 나랑은 다른 종족처럼 느껴지기도 하더라고요.	N	2022-10-07 13:34:37	2022-11-08 06:06:10
BE22025428	3	0	저도 보통은 놀라움 정도에서 그치는데 이번에 만난 분은 어디가 아픈 건 아닌지 당혹스러웠어요. 주말에 산악회가 있었는데 처음 뵙는 분 얼굴이 꼭 백지장이었거든요.	N	2022-10-07 13:34:37	2022-10-07 13:34:37
BE22025428	4	1	너무 창백하면 건강이 염려가 될 수도 있을 것 같아요. 산에 오르기 전에 만났으면 더욱 의뭉스러웠을 법도 해요.	N	2022-10-07 13:34:37	2022-11-08 06:06:10
BE22025428	5	0	입술에 핏기도 없어서 정말 컨디션이 안 좋아 보이더라고요. 산에 오를 수 있나 혼란스러운데 저 말고는 아무도 그런 생각을 하지 않는 것 같았어요. 괜히 나섰다가 실례가 될까 봐 어쩔 줄을 모르겠더라고요.	N	2022-10-07 13:34:37	2022-10-07 13:34:37
BE22025428	6	1	무리 속에서 저만 이상함을 눈치챘다면 더 당혹스러웠을 거예요. 감정화자씨가 워낙 예리하고 남을 챙기는 분이셔서 그런 감정도 들었겠어요.	N	2022-10-07 13:34:37	2022-11-08 06:06:10
BE22025428	7	0	네, 실례를 무릅쓰더라도 큰일로 번지는 것보단 나을 것 같아 조심스레 여쭤봤어요. 안색이 안 좋은데 혹시 어디 아프신 건 아니냐고요. 그랬더니 무슨 소리를 하냐는 듯 당황해 하셔서 저도 더 당황했네요.	N	2022-10-07 13:34:37	2022-10-07 13:34:37
BE22025428	8	1	기우라면 오히려 다행이었네요. 그렇게 확인하지 않았음 등산하는 내내 마음이 불편했을 거잖아요. 감정화자씨를 위해서라도 잘하셨다고 생각돼요.	N	2022-10-07 13:34:37	2022-11-08 06:06:10
BE22025428	9	0	사람이 아프지 않은데 저렇게 얼굴이 백지장일 수가 있구나. 산에 오르면서도 내내 그 생각을 했던 것 같아요. 아프지 않다니 다행이었지만 머릿속이 한참 어지러웠네요.	N	2022-10-07 13:34:37	2022-10-07 13:34:37
BE22025428	10	1	감정화자씨가 그럴 정도면 정말 특이한 경우일 것 같아요. 정말 아픈 분이었다면 그땐 당황이 아니라 가슴이 아팠을 테죠. 그 정도 감정에 그쳤으니 다행이라고 여겨요.	N	2022-10-07 13:34:37	2022-11-08 06:06:10
BE22025428	11	0	맞아요, 정말 아픈데 참고 있는 거였다면 더 괴로운 상황이었을 거예요. 이렇게 대리님과 대화하니까 찝찝했던 감정들이 좀 해소가 되네요.	N	2022-10-07 13:34:37	2022-11-08 06:06:10
BE22025428	12	1	처음 겪는 일이니 얼떨떨한 감정이 오래 갈 수도 있죠. 별일이 아니니까 더는 마음 쓰지 않으셔도 될 것 같아요. 이번 일로 감정화자씨가 참 다정한 분이라는 걸 새삼 또 느꼈네요.	N	2022-10-07 13:34:37	2022-11-08 06:06:10
BE22025428	13	0	오지랖이 아닌가 싶었는데 그렇게 말씀해 주시니 마음이 한결 가벼워지네요. 어쨌거나 별일이 아니니까 저도 이제 머릿속에서 털어 내야겠어요.	N	2022-10-07 13:34:37	2022-10-07 13:34:37
BE22025428	14	1	속이 시원해지신 것 같아 저도 마음이 놓이네요. 이제 산을 올랐을 때의 즐거움만 간직하도록 해요.	N	2022-10-07 13:34:37	2022-11-08 06:06:10
BE22025428	15	0	그럴게요, 감정화자씨랑 얘기하면 늘 속이 말끔해져서 사사로운 일까지 다 늘어놓게 되네요. 오늘도 얘기 들어주셔서 감사했어요.	Y	2022-10-07 13:34:37	2022-11-08 06:06:10
