id	utterance_id	utterance_type	utterance_text	terminate	regDate	updDate
BE22023439	1	0	오늘 아침 출근길에 도로교통법을 위반했어요. 개정된 지 미처 모르고 있었거든요.	N	2022-10-02 13:13:23	2022-11-08 05:54:24
BE22023439	2	1	아예 처음 도입된 시스템이라 헷갈리더라고요. 아직 초반이니 괜찮을 거예요.	N	2022-10-02 13:13:23	2022-11-08 05:54:24
BE22023439	3	0	평소처럼 지나가는데 다른 차들이 미동도 없더라고요. 저 혼자만 교통법을 위반한 거 있죠. 다른 사람들이 저를 보고 황당했을 것 같아요.	N	2022-10-02 13:13:23	2022-11-08 05:54:24
BE22023439	4	1	저도 지난번에 그런 일이 있었는데 괜히 엄청 가슴이 두근거리고 창피했어요. 하지만 이제 알았으니 시행착오라 생각하고 털어버려요. 다음에 조금 더 신경 쓰면 되니 너무 자책하지 마세요.	N	2022-10-02 13:13:23	2022-11-08 05:54:24
BE22023439	5	0	혹시라도 벌금을 물어야 하는 줄 알고 엄청나게 당황했어요. 안 그래도 자동차에 들어가는 비용이 많아 부담스러운 처지거든요. 제가 차를 타고 다녀야 할지도 고민될 정도예요.	N	2022-10-02 13:13:23	2022-11-08 05:54:24
BE22023439	6	1	아무래도 초년생 때는 차가 필요도하지만 부담도 되는 것 같아요. 잘 따져보고 구매하셨을 텐데 생각보다 비용이 많이 들어가서 당황스러웠겠어요. 그래도 소중한 첫 차인 만큼 신중하게 생각해보는 게 좋을 것 같아요.	N	2022-10-02 13:13:23	2022-11-08 05:54:24
BE22023439	7	0	사실은 면허도 엄청 힘들게 취득했거든요. 제가 운전할 자격이나 있는지 싶은 정도로요. 면허 시험 볼 때도 다른 사람들보다 뒤쳐지는 것 같아 엄청 떨렸어요.	N	2022-10-02 13:13:23	2022-11-08 05:54:24
BE22023439	8	1	누구나 처음에는 어려운 법인걸요. 다른 사람들도 무척 떨렸을 텐데 티가 나지 않았던 걸 거예요. 실패도 결국 자산이 되는 법인데 앞으로는 실력이 늘 날만 남았네요!	N	2022-10-02 13:13:23	2022-11-08 05:54:25
BE22023439	9	0	아직도 운전대를 잡을 때마다 너무 떨려요. 오늘은 위반까지 해버렸으니 퇴근길에 혹시라도 실수하지 않을까 걱정이 되네요.	N	2022-10-02 13:13:23	2022-11-08 05:54:25
BE22023439	10	1	일부러 그런 것도 아니잖아요. 오히려 지금처럼 신중한 마음으로 운전한다면 잘 해낼 수 있을 거예요! 너무 걱정하지 말고 마음을 편히 가지는 게 어때요?	N	2022-10-02 13:13:23	2022-11-08 05:54:25
BE22023439	11	0	그렇게 말씀해주시니 마음이 조금은 편안해지네요. 항상 초보 운전이라는 타이틀에 갇혀있는 기분이었거든요. 덕분에 용기내서 운전할 수 있을 것 같아요.	N	2022-10-02 13:13:23	2022-11-08 05:54:25
BE22023439	12	1	노력하면 뭐든 해낼 수 있죠! 항상 맡은 일을 잘 해내시는 분이잖아요. 머지않아 시원하게 운전하는 모습이 그려지네요.	N	2022-10-02 13:13:23	2022-11-08 05:54:25
BE22023439	13	0	대리님 말씀들이 정말 힘이 많이 됐어요. 언젠가는 웃으면서 말할 수 있는 날이 오면 좋겠네요.	N	2022-10-02 13:13:23	2022-11-08 05:54:25
BE22023439	14	1	물론이죠. 저도 옆에서 도와드릴게요.	Y	2022-10-02 13:13:23	2022-10-02 13:13:23
