id	utterance_id	utterance_type	utterance_text	terminate	regDate	updDate
BE22025083	1	0	과장님, 아내랑 저랑은 온도 차이가 너무 다른 것 같아요. 저는 더운데 아내는 춥다고 해요. 매번 이런 상황이니 당황스러울 때가 한두 번이 아니에요.	N	2022-10-06 22:13:08	2022-10-06 22:13:08
BE22025083	2	1	같은 공간을 공유하는 가족이 그렇다면 저라도 많이 당황스러울 것 같네요. 늘 함께해야 하는 아내라면 더 그렇군요. 대리님이 마음고생이 많으시겠어요.	N	2022-10-06 22:13:08	2022-11-08 06:04:08
BE22025083	3	0	저는 결혼하면 취미생활을 함께 하고 싶었거든요. 그런데 견딜 수 있는 온도의 차이가 심해서 취미활동을 함께 하기에도 애를 먹네요. 아내는 제가 즐기는 겨울스포츠는 추워서 모두 반대하니 당황스럽네요.	N	2022-10-06 22:13:08	2022-10-06 22:13:08
BE22025083	4	1	그런 부분은 의견을 좁히기 어려울 때가 있더라고요. 가족과 항상 시간을 많이 보내고 싶어 하는 대리님의 모습이 저에게 좋은 본보기가 됩니다.	N	2022-10-06 22:13:08	2022-11-08 06:04:08
BE22025083	5	0	여름철엔 에어컨 바람 문제로 겨울철엔 난방과 전기장판 문제로 매번 대치 상황이 생기네요. 한여름에도 에어컨을 켜지 못하게 아니 여간 당황스러운 게 아니에요.	N	2022-10-06 22:13:08	2022-10-06 22:13:08
BE22025083	6	1	그래도 항상 상대방을 배려하고 기분 상하지 않게 대화를 이끄시는 것 같아요. 제가 항상 대리님께 배워야 할 점이라 생각합니다. 분명 아내분과도 잘 해결하실 거라 생각이 드네요.	N	2022-10-06 22:13:08	2022-11-08 06:04:08
BE22025083	7	0	대화로 잘 끝날 때도 있거든요. 가끔 창과 방패처럼 각자 의견만 내세우다 싸움으로 변하는 경우도 많거든요. 저는 한여름에 겨울 이불 덮고 자는 건 너무 힘들고 당황스러워요.	N	2022-10-06 22:13:08	2022-11-08 06:04:08
BE22025083	8	1	저도 의견을 좁히지 않고 대화를 하다 보면 다툼으로 변하는 경우가 많더라고요. 대리님이 속앓이 하셨을 생각하니 저도 마음이 쓰이네요.	N	2022-10-06 22:13:08	2022-11-08 06:04:08
BE22025083	9	0	서로 조금씩 양보하고 이해하다가도 한 번씩 트러블이 생기면 정말 당황스럽더라고요.	N	2022-10-06 22:13:08	2022-10-06 22:13:08
BE22025083	10	1	저라도 생각지 못한 상황에서 자주 대치하게 되면 당황스러울 것 같네요. 항상 상대방의 배려가 먼저인 대리님이라 더 난감한 상황이 많았을 거 같네요.	N	2022-10-06 22:13:08	2022-11-08 06:04:08
BE22025083	11	0	과장님과 이야기하다 보니 많이 당황하고 어찌할 바를 몰랐던 마음이 대수롭지 않게 여겨지네요. 항상 제 이야기에 귀 기울여 주셔서 감사합니다.	N	2022-10-06 22:13:08	2022-10-06 22:13:08
BE22025083	12	1	대리님 마음이 한결 편해지셨다니 저도 기분이 좋네요. 너무 마음 쓰지 않으셨으면 좋겠어요.	N	2022-10-06 22:13:08	2022-11-08 06:04:08
BE22025083	13	0	남들에게 이야기하긴 별일 아니지만 혼자 생각하기엔 답답할 때가 있잖아요. 과장님께서 제 이야기를 잘 들어주셔서 정말 감사할 따름입니다.	N	2022-10-06 22:13:08	2022-10-06 22:13:08
BE22025083	14	1	어떤 땐 뾰족한 해결책이 나오지 않아도 대화만으로 기분이 나아지는 경우가 많더라고요. 기쁜 일도 속상한 일도 언제든 연락 주셔도 괜찮아요.	Y	2022-10-06 22:13:08	2022-10-06 22:13:08
