id	utterance_id	utterance_type	utterance_text	terminate	regDate	updDate
BE22023313	1	0	주말에 고양이 보호소에서 봉사활동을 했더니 아직도 콧물이 나네. 당황스럽게 재채기도 나고 말이야.	N	2022-10-02 04:30:04	2022-10-02 04:30:04
BE22023313	2	1	김대리, 또 고양이 돌봄 봉사활동 하고 온 거야? 그래서 출근할 때 코를 훌쩍이면서 들어온 거구나.	N	2022-10-02 04:30:04	2022-11-08 05:53:40
BE22023313	3	0	저 저번주에 못 가서 더 열심히 고양이 집을 치워주고 왔어. 왠지 미안해서 말이야. 그나저나 이 알레르기는 하루가 지나도 안 가시네.	N	2022-10-02 04:30:04	2022-11-08 05:53:40
BE22023313	4	1	김대리 고양이 알레르기 있는데도 봉사활동을 다니는 게 참 존경스러워. 쉬운 일도 아닐 텐데 매주 가려는 것도 대단하고 말이야. 정말 멋진 사람같아.	N	2022-10-02 04:30:04	2022-11-08 05:53:40
BE22023313	5	0	집에서 키우고 싶은데 보다시피 내가 이렇게 알레르기가 있어서 봉사활동으로 만족하는 거야. 그래서 봉사활동 끝나고 집에 올 때마다 마음이 헛헛하고 쓸쓸해.	N	2022-10-02 04:30:04	2022-11-08 05:53:40
BE22023313	6	1	고양이를 사랑하는 마음이 여기까지 전해지는데 알레르기 때문에 반려묘를 못 키운다니, 정말 속상하겠다. 게다가 고양이를 사랑하는 마음을 매주 봉사활동을 통해 표현하고 있다니, 즐거우면서도 마음이 아플 것 같아.	N	2022-10-02 04:30:04	2022-11-08 05:53:40
BE22023313	7	0	마냥 기쁘지 않아. 그래서 집에 바로 안 들어가고 집주변 길고양이들 사료와 물을 챙겨주고 돌봐주다가 밤늦게 집으로 들어가는 편이야.	N	2022-10-02 04:30:04	2022-11-08 05:53:40
BE22023313	8	1	얼마나 키우고 싶으면 집에 바로 못 들어가고 길고양이들에게 마음을 풀고 들어가는 걸까? 고양이들을 너무 사랑하지만 알레르기때문에 이러지도 저러지도 못하는 김대리의 마음이 참 답답할 것 같아.	N	2022-10-02 04:30:04	2022-11-08 05:53:40
BE22023313	9	0	답답하지. 맘 같아선 봉사활동 하는 곳이나, 집주변 길고양이들을 입양해서 데려다 키우고 싶어. 정말 잘 해줄 수 있는데 알레르기 반응이 나올 때마다 정말 당황스러워.	N	2022-10-02 04:30:04	2022-11-08 05:53:40
BE22023313	10	1	고양이를 사랑하는 마음이 얼마나 큰지 알지만 너무 무리하지 않았으면 좋겠어. 비록 집에는 반려묘가 없지만 밖에 나가면 김대리의 고양이들이 얼마나 많은데! 보호소 고양이나 길고양이들에겐 김대리가 주인이자 집사 아닐까?	N	2022-10-02 04:30:04	2022-11-08 05:53:40
BE22023313	11	0	그게 무슨 소용이야? 나는 내 집에서 평생을 함께 할 나의 고양이가 필요한 건데 말이야.	N	2022-10-02 04:30:04	2022-11-08 05:53:40
BE22023313	12	1	장소가 어디든 뭐가 중요하겠어? 봉사자로써가 아니라 정말 따뜻한 주인으로써 사랑을 주고 오는 김대리의 행동이 중요한 거지. 난 그거야말로 사랑이라고 생각하거든, 서로를 환영해주는 관계 말이야.	N	2022-10-02 04:30:04	2022-11-08 05:53:40
BE22023313	13	0	하긴, 고양이들도 나를 보면 저 멀리서 달려오고 그걸 보는 나도 얼굴이 환해지거든. 어쩌면 정말 그들에겐 내가 주인일 수도 있겠다.	N	2022-10-02 04:30:04	2022-11-08 05:53:40
BE22023313	14	1	김대리는 벌써 많은 고양이들을 가진 집사같은 걸? 지금 삶이야말로 김대리의 알레르기도 챙기고 고양이들도 챙기는 행복한 삶 아닐까?	N	2022-10-02 04:30:04	2022-11-08 05:53:40
BE22023313	15	0	그런 것 같네. 내 생각이 너무 좁았나 봐. 나가면 나를 반겨주는 고양이가 이렇게나 많은데 말이야!	Y	2022-10-02 04:30:04	2022-11-08 05:53:40
