id	utterance_id	utterance_type	utterance_text	terminate	regDate	updDate
BE22006789	1	0	자기야. 나 전부터 목 아프다고 했었잖아 오늘은 목이 붓더라고 많이. 따갑기도 하고. 그래서 지금 병원에 갔다가 다른 병원으로 한 번 더 가보아야겠다고 안내를 받았어. 나 지금 좀 무서워.	N	2022-07-07 05:11:04	2022-11-08 04:08:12
BE22006789	2	1	많이 아파 자기? 더 큰 병원을 안내받은 거면 정말 무서울 것 같은데. 괜찮아? 아프기도 하고 걱정도 많이 될 것 같아서 내 마음이 너무 안 좋다 곁에 함께 있어 주지 못해서 미안해. 병원에 가는 거 무서워서 안 좋아하잖아? 아이고 어떡해.	N	2022-07-07 05:11:04	2022-11-08 04:08:12
BE22006789	3	0	응 맞아. 나 지금 좀 많이 무서워. 사실 상태가 더 안 좋아져서 이비인후과에 간 건 맞는데. 이렇게 다른 큰 병원에 가보라고 하니 혹시 내가 모르는 병이 있나 싶어서 걱정도 되고 그래.	N	2022-07-07 05:11:04	2022-11-08 04:08:12
BE22006789	4	1	그러니까, 많이 무섭지. 나도 병원 갈 때면 항상 조마조마한 마음으로 가는데 말이야. 곁에 있어 주지 못해 미안하고 더 걱정된다, 나도. 그런데 작년에 회사에서 지원해주는 정기검진 받았으니 그사이에 큰 문제가 있지는 않았을 거야!	N	2022-07-07 05:11:04	2022-11-08 04:08:12
BE22006789	5	0	그렇겠지? 오빠가 말해줘서 기억났네. 나 작년에 정기검진 받은 거! 생각해보니 아무 문제 없다고 했으니 걱정 안 해도 될 거야. 비염약 처방받았는데 더 검사해보라고 보내 주신 거라고 믿을래.	N	2022-07-07 05:11:04	2022-11-08 04:08:12
BE22006789	6	1	좋아! 그럴 거야. 분명히 무슨 일 없을 거야! 걱정하지 마 알겠지? 네가 말한 대로 다음번에 무슨 일 없게 하기 위해서 더 좋은 검사기기로 받아보라는 의미로 추천해 주셨을 거야. 걱정하지 말고 검사 잘 받고 오자!	N	2022-07-07 05:11:04	2022-11-08 04:08:12
BE22006789	7	0	응. 알겠어! 지금 약 먹으니 조금 나아졌거든. 그냥 검진받으라고 말씀하신 것 같기도 해. 자기가 진정시켜주니 조금 차분하게 생각하게 되는 것 같아 다행이야.	N	2022-07-07 05:11:04	2022-11-08 04:08:12
BE22006789	8	1	다행이다. 정말! 그래 별일 없을 거야! 그리고 따뜻한 물 많이 마시면서 집에서 조금 푹 쉬었으면 좋겠어! 요 며칠 무리해서 그런 것 같아 회사일로 바쁜 모습 보면서 많이 안타까웠거든.	N	2022-07-07 05:11:04	2022-11-08 04:08:12
BE22006789	9	0	걱정해주고 있었구나. 너무 고마워, 항상 걱정해줘서. 내가 편도가 조금 커서 감기 걸리면 목이 붓고 따가운 증상이 감기 초기에 바로 나오거든. 감기가 오지 않게 조심해야겠어!	N	2022-07-07 05:11:04	2022-11-08 04:08:12
BE22006789	10	1	응. 미리 사전에 예방하고 항상 대비하는 모습이 자기의 장점이잖아. 이번에도 감기 걸리지 않게 미리 조심하고 숙면 취하면 훨씬 나아질 거야! 병원 더 큰 곳에 가는 거는 많이 불안해하지 말고 검사받는다고 생각해봐!	N	2022-07-07 05:11:04	2022-11-08 04:08:12
BE22006789	11	0	응! 그럴게! 단순 감기일 거라고 믿고 더 심해지지 않게 조심해야겠어. 그리고 앞으로를 위해서 몸 관리 더 잘해야겠다. 진짜 평소보다 아프고 목이 많이 부은게 이제 밤샘 작업 하면 안 될 것 같아 몸 생각해서!	N	2022-07-07 05:11:04	2022-11-08 04:08:12
BE22006789	12	1	좋은 생각이야! 뭐든지 몸이 우선이지! 역시 자기관리 철저한 자기 모습이 이렇게 또 엿보이네. 도착해서 검진 잘 받고 나에게도 알려줘,어떻게 결과 나왔는지. 분명 별일 없겠지만 말이야!	N	2022-07-07 05:11:04	2022-11-08 04:08:12
BE22006789	13	0	고마워. 신경 써 줘서. 그리고 항상 몸 챙기면서 일하는 자기 모습 본받아야겠다는 생각을 새삼 하게 되었어. 이비인후과 가니까 사람이 너무 많은 거야. 아프지 않고 건강하게 살아가야겠다는 다짐을 저절로 하게 되더라고.	N	2022-07-07 05:11:04	2022-11-08 04:08:12
BE22006789	14	1	아이고. 병원 가서 아픈 사람들 보면서 많은 생각이 들었나 보구나. 그러니 더 불안하고 마음이 편치 않을 수 있을 것 같아 아픈 사람들과 함께 있었으니. 그래도 자기는 괜찮을 거야, 결과 잘 나올 거니 앞으로만 신경 써서 아픈 일 없게 만들자!	N	2022-07-07 05:11:04	2022-11-08 04:08:12
BE22006789	15	0	응. 그럴게. 별일 없겠지만 그래도 진료받고 나와서 또 바로 연락할게! 일하느라 바쁠 텐데 불안해서 연락한 내 마음 잘 달래주어서 너무 고마워!	Y	2022-07-07 05:11:04	2022-11-08 04:08:12
