id	utterance_id	utterance_type	utterance_text	terminate	regDate	updDate
BE22000898	1	0	하아, 오늘은 되는 게 없는 날이네.	N	2022-06-13 23:53:16	2022-11-08 03:30:07
BE22000898	2	1	자기 오늘 집에서 푹 쉰다고 하지 않았어?	N	2022-06-13 23:53:16	2022-11-08 03:30:07
BE22000898	3	0	그럴 예정이었는데... 예상치 못한 일이 생겨서 어쩔 줄을 모르겠어.	N	2022-06-13 23:53:16	2022-11-08 03:30:07
BE22000898	4	1	무슨 일이 벌어진 거야? 나 걱정돼.	N	2022-06-13 23:53:16	2022-11-08 03:30:07
BE22000898	5	0	하필이면 디퓨저를 엎어서 방에 냄새가 지독해.	N	2022-06-13 23:53:16	2022-11-08 03:30:07
BE22000898	6	1	괜찮아? 독한 향 계속 맡으면 머리 아프잖아.	N	2022-06-13 23:53:16	2022-11-08 03:30:07
BE22000898	7	0	지금 두통도 오고 뭘 먹지를 못하겠어.	N	2022-06-13 23:53:16	2022-11-08 03:30:07
BE22000898	8	1	푹 쉬어야 하는 방에 냄새가 나면 진짜 스트레스지. 밥도 못 먹었겠다.	N	2022-06-13 23:53:16	2022-11-08 03:30:07
BE22000898	9	0	응. 지금 미간이 붙을 지경이야. 인상 쓰는 바람에.	N	2022-06-13 23:53:16	2022-11-08 03:30:07
BE22000898	10	1	어제 야근에 오늘은 푹 쉬어야 하는데 우리 자기. 고생이네. 떨어져 있어서 아무것도 못 해줘서 미안해.	N	2022-06-13 23:53:16	2022-11-08 03:30:07
BE22000898	11	0	아니야, 내가 혼자 쉰다고 했던 건데, 집에 있는 게 더 스트레스야.	N	2022-06-13 23:53:16	2022-11-08 03:30:07
BE22000898	12	1	자기야 그럼 밖으로 나올래? 자기 만나러 갈게. 모든 창문 열고 환기를 시키고 시간 지나면 괜찮을 거야.	N	2022-06-13 23:53:16	2022-11-08 03:30:07
BE22000898	13	0	그래 줄래 자기? 아까부터 나가야 하나 고민했어.	N	2022-06-13 23:53:16	2022-11-08 03:30:07
BE22000898	14	1	스트레스에 달달한 거 만한 게 없지 밥 든든히 먹고, 같이 초코 빙수 먹으러 가자.	N	2022-06-13 23:53:16	2022-11-08 03:30:07
BE22000898	15	0	역시 날 잘 아는 건 자기밖에 없다니까. 이따 봐.	Y	2022-06-13 23:53:16	2022-11-08 03:30:07
