id	utterance_id	utterance_type	utterance_text	terminate	regDate	updDate
BE22019890	1	0	뭐 해요? 나 지금 집에 가고 있는데 비가 와서 다 젖었어요. 그래서 그런지 기분이 가라앉고 불안한 느낌이 들어요.	N	2022-09-22 07:39:24	2022-09-22 07:39:24
BE22019890	2	1	왜 불안한 기분이 들까요? 무슨 안 좋은 일이 더 있었던 거예요?	N	2022-09-22 07:39:24	2022-11-08 05:27:35
BE22019890	3	0	그냥 우산을 안 가지고 외출했는데 갑자기 비가 내려서 다 젖었어요. 원래 이것저것 다 가방에 넣어 다녔는데 잠시 외출할 생각으로 간단한 소지품만 들고 나왔거든요. 요즘 안 좋은 일이 자꾸 일어나는 것 같아서 불안해요.	N	2022-09-22 07:39:24	2022-11-08 05:27:35
BE22019890	4	1	안 좋은 일이 반복되면 불안한 마음이 들 수 있어요. 마음이 불안정한 상태면 사소한 일도 크게 느껴질 수 있거든요. 당신이 불안해하는 게 느껴져서 걱정되네요.	N	2022-09-22 07:39:24	2022-11-08 05:27:35
BE22019890	5	0	내가 정말 운이 나쁜 사람인 가 봐요. 요즘 항상 이런 식이에요. 오늘만 해도 그렇고요, 더 불안한 건 앞으로도 계속 이런 일이 반복되면 어떻게 하나 싶어요.	N	2022-09-22 07:39:24	2022-09-22 07:39:24
BE22019890	6	1	운이 안 좋은 게 아니라 단순 우연이 겹친 거라고 생각해 보면 어때요. 스스로를 운이 나쁜 사람이라고 규정해서 자기 자신을 괴롭히면 안 돼요. 불안을 가중 시킬 뿐 도움이 되지 않을 듯해요.	N	2022-09-22 07:39:24	2022-11-08 05:27:35
BE22019890	7	0	단순 우연이라고 생각하고 싶지만, 요즘 안 좋은 일이 더 자주 일어난 것 같아요. 그러다 보니까 남들한테는 사소한 불운일 뿐인데 나는 더 크게 느껴지고요. 긍정적으로 생각하려 해도 어렵게 느껴져요.	N	2022-09-22 07:39:24	2022-11-08 05:27:35
BE22019890	8	1	당신이 계속 그런 생각을 가지고 있었다는 게 안타깝고 얼마나 괴로울지 생각하니 가슴이 미어져요. 그 동안 당신에게 좋지 않은 일만 있었던 건 아닐 거예요. 좋았던 일들을 생각해 봐요.	N	2022-09-22 07:39:24	2022-11-08 05:27:35
BE22019890	9	0	맞아요. 가끔은 좋은 일도 있었어요. 이벤트에 당첨이 되거나 친구가 여행 다녀와서 선물을 주거나 작년에 입었던 겉옷 주머니에서 돈을 발견했어요.	N	2022-09-22 07:39:24	2022-09-22 07:39:24
BE22019890	10	1	좋은 일도 좋지 않은 일도 있었지만, 부정적인 일이 더 크게 느껴지니까 기억에 남았을 거예요. 아침에 안 좋은 일이 두어 번 생기면 나도 모르게 안 좋은 생각이 들곤 해요. 그럴 때 얼른 징크스 만들지 말자 하고 생각을 떨쳐내는 게 도움이 되더라고요.	N	2022-09-22 07:39:24	2022-11-08 05:27:35
BE22019890	11	0	당신은 그렇게 생각을 바꾸면 바로 괜찮아지던 가요? 난 부정적으로 생각하지 말고 긍정적으로 생각하자고 스스로를 다독여도 잘 안될 때가 많거든요.	N	2022-09-22 07:39:24	2022-11-08 05:27:35
BE22019890	12	1	소소한 일은 잊으려고 노력하다 보면 평소와 다름없는 하루가 되더라고요. 정도의 차이일 뿐 좋은 일, 나쁜 일은 누구나 생겨요. 같은 일을 두고도 어떻게 바라보는 지가 다를 뿐이에요.	N	2022-09-22 07:39:24	2022-11-08 05:27:35
BE22019890	13	0	무슨 말인지 알 것 같아요. 한 마디로 마음먹기 나름이란 얘기네요! 요즘 안 좋은 일이 자주 있다 보니 작은 일도 크게 느껴졌던 것 같아요.	N	2022-09-22 07:39:24	2022-11-08 05:27:35
BE22019890	14	1	그럴 수 있어요. 긍정적인 사고를 하다 보면 긍정적인 사람이 되고 좋은 일이 더 많이 생길 거예요. 기운 내요.	N	2022-09-22 07:39:24	2022-11-08 05:27:35
BE22019890	15	0	고마워요. 위로가 됐어요. 사고의 전환을 연습하는 게 쉽지는 않겠지만 노력해 볼게요.	Y	2022-09-22 07:39:24	2022-11-08 05:27:35
