id	utterance_id	utterance_type	utterance_text	terminate	regDate	updDate
BE22012241	1	0	최근에 경제적으로 어려워서 일주일 동안 냉장고에 있는 재료들로만 식사했더니 건강이 급격하게 안 좋아진 거 같아.	N	2022-07-28 08:26:27	2022-11-08 04:43:00
BE22012241	2	1	보통은 집밥을 먹을수록 몸에 좋다고들 하지 않아? 어쩌다 그렇게 된 거야? 그래서 요즘 그렇게 기운이 없어 보였던 거야?	N	2022-07-28 08:26:27	2022-11-08 04:43:00
BE22012241	3	0	혼자 자취를 하다 보니까 냉장고에 있던 거라고는 냉동식품뿐이었거든. 매일 똑 같은 거만 먹다보니 좀 쓸쓸한 기분도 들고 괜히 혼자서 상처받게 되더라.	N	2022-07-28 08:26:27	2022-11-08 04:43:00
BE22012241	4	1	그런 식사라면 충분히 그런 기분이 들 만해. 나라도 부르지 그랬어. 나는 바보 같이 아무것도 모르고 있었다는 게 속상하다.	N	2022-07-28 08:26:27	2022-11-08 04:43:00
BE22012241	5	0	내가 말하지 않았는데 어떻게 알았겠어. 공감화자 네 탓이 아닌걸. 다만 혼자 먹으면서 괜히 네 생각이 많이 나긴 하더라.	N	2022-07-28 08:26:27	2022-11-08 04:43:00
BE22012241	6	1	외롭고 쓸쓸한 와중에 내 생각을 해줬다니 고마워. 다만 나는 자기가 느꼈을 상처가 너무 걱정이 돼. 이제부터는 나랑 같이 식사하면서 회복해보는 건 어때?	N	2022-07-28 08:26:27	2022-11-08 04:43:00
BE22012241	7	0	그것도 좋아! 하지만 앞에서 말했다시피 경제적으로 어려워서 너한테 도움만 받게 될 거라 그게 미안한걸.	N	2022-07-28 08:26:27	2022-11-08 04:43:00
BE22012241	8	1	연인 사이에 그게 다 무슨 상관이야. 내가 어려울 땐 감정화자가 날 도와줄 거잖아. 감정화자가 걱정하는 부분은 충분히 이해하지만 이럴 때일수록 나에게 기대줬으면 좋겠어.	N	2022-07-28 08:26:27	2022-11-08 04:43:00
BE22012241	9	0	네 말에 정말 감동받고 있어. 진작 말할 걸 왜 숨겨 왔나 모르겠다. 지난 1주일이 바보같이 느껴져.	N	2022-07-28 08:26:27	2022-11-08 04:43:00
BE22012241	10	1	네가 왜 말하지 않았는지도 이해해. 하지만 앞으로는 이런 일이 있다면 꼭 말해줬으면 좋겠어. 감정화자의 그런 상처받은 감정을 내가 위로해주고 공감하고 위로해주고 싶어.	N	2022-07-28 08:26:27	2022-11-08 04:43:00
BE22012241	11	0	공감화자 너와 연인 사이여서 난 정말 얼마나 기쁜지 몰라. 앞으로는 이런 일이 있을 때 꼭 말할게.	N	2022-07-28 08:26:27	2022-11-08 04:43:00
BE22012241	12	1	그렇게 말해줘서 나야말로 기쁘네. 감정화자는 회복력이 강한 사람이니까 감정적으로 언제든 다시 일어나 뛸 수 있을 거야.	N	2022-07-28 08:26:27	2022-11-08 04:43:00
BE22012241	13	0	고마워. 공감화자 네 덕에 지난 일주일은 벌써 눈 녹듯이 사라진 것만 같은걸.	N	2022-07-28 08:26:27	2022-11-08 04:43:00
BE22012241	14	1	그렇다면 다행이야! 감정화자는 섬세한 만큼 강한 마음을 가진 사람이니까 금방 회복할 수 있을 거라고 생각했어. 그러니까 앞으로도 같이 힘내서 이런 일은 이겨내보자.	N	2022-07-28 08:26:27	2022-11-08 04:43:00
BE22012241	15	0	공감화자와 함께라면 어렵지 않을 거 같은 기분이 들어.	Y	2022-07-28 08:26:27	2022-11-08 04:43:00
