id	utterance_id	utterance_type	utterance_text	terminate	regDate	updDate
BE22010982	1	0	방금 친구랑 헤어지고 이제 집에 가. 친구 때문에 너무 걱정스러워서 괜히 내 마음도 무거운 느낌이야.	N	2022-07-22 05:59:10	2022-11-08 04:35:00
BE22010982	2	1	재밌게 놀다 온 거 아니야? 왜 그렇게 심란해?	N	2022-07-22 05:59:10	2022-11-08 04:35:00
BE22010982	3	0	오랜만에 친구 봐서 너무 좋긴 했는데 안 본 사이에 담배 없이는 못 사는 사람이 됐더라고. 흔히 말하는 골초가 다 됐더라. 친구의 그런 모습이 낯설어서 놀랐어, 완전 다른 사람 같더라.	N	2022-07-22 05:59:10	2022-11-08 04:35:00
BE22010982	4	1	예전엔 그러시지 않았던 거면 자기가 놀랄 만하네! 자기가 웬만해선 그렇게 놀라지 않을 텐데. 갑자기 그렇게 변하신 거야?	N	2022-07-22 05:59:10	2022-11-08 04:35:00
BE22010982	5	0	원래는 진짜 담배를 경멸하던 친구였거든. 군대에서 친구들 다 담배 배워도 극구 사양하던 애라 더 충격적인 것 같아. 얼마 전에 실직해서 힘들다고 하더니 그때 시작한 것 같더라고.	N	2022-07-22 05:59:10	2022-11-08 04:35:00
BE22010982	6	1	실직 때문에 너무 힘드셔서 담배에 의존하시게 된 거구나! 그렇게 굳세던 친구분이셨는데 무너진 모습을 보는 게 자기한테 힘든 감정으로 다가온 것 같아. 나 같아도 친구가 그렇게 정반대로 변해있으면 정말 놀라고 걱정스러울 것 같거든.	N	2022-07-22 05:59:10	2022-11-08 04:35:00
BE22010982	7	0	정말 자기 말대로 무너진 느낌이어서 마음이 너무 안 좋더라. 실직 때문에 힘들다는데 내가 해줄 수 있는 것도 없으니까 더 슬펐어. 이대로 더 담배에 의존하다가 술까지 손댈까 봐 너무 불안해.	N	2022-07-22 05:59:10	2022-11-08 04:35:00
BE22010982	8	1	자기의 무기력함이 뭔지 알 것 같아서 나까지 마음이 아파. 자기 말대로 친구분 실직에 관해서는 해줄 수 있는 게 많이 없어서 답답하겠다. 그래도 지금은 이렇게 신경 써주는 존재 자체가 필요한 시점이실 수도 있어.	N	2022-07-22 05:59:10	2022-11-08 04:35:00
BE22010982	9	0	맞아. 원래는 엄청 활발하고 회사 생활도 즐겁게 했던 친구거든. 근데 지금은 너무 외롭고 무기력해 보여서 깜짝 놀랐어. 왠지 나랑 있으면서 계속 밝은 척하며 웃지만, 눈동자가 텅 비고 외로운 느낌이었어.	N	2022-07-22 05:59:10	2022-11-08 04:35:00
BE22010982	10	1	그런 성향이셨으면 실직하고 집에 계신 게 더 힘드셨을 것 같긴 해. 예전과 다른 외로운 눈빛을 마주한 자기가 얼마나 걱정스러웠을지 짐작도 안 된다. 그래도 친구분이 계속 취업을 준비하고 계시긴 한 거야?	N	2022-07-22 05:59:10	2022-11-08 04:35:01
BE22010982	11	0	다행히도 그런 것 같아. 이번에도 면접 보고 최종 결과 발표 기다리는 것 같더라고. 제발 친구가 더 망가지기 전에 이번에 꼭 취업이 됐으면 좋겠어.	N	2022-07-22 05:59:10	2022-11-08 04:35:01
BE22010982	12	1	취업 과정이 다 너무 긴장되는 순간들이라 담배 의존도가 높아진 것 같기도 하네. 그런 거면 곧 취업하시면 나아질 수도 있는 거 아닐까? 그리고 자기처럼 소중한 친구가 걱정스러운 조언을 해주면 무시하실 것 같지 않은걸.	N	2022-07-22 05:59:10	2022-11-08 04:35:01
BE22010982	13	0	그렇겠지? 그래서 친구가 하루빨리 취업하면 좋겠어. 안 그래도 친구한테 껌 같은 거랑 니코틴 패치 같은 것 좀 보내주려고. 해줄 수 있는 게 이것밖에 없는 것 같아.	N	2022-07-22 05:59:10	2022-11-08 04:35:01
BE22010982	14	1	이렇게 따뜻하게 챙겨주는 마음이 다른 것보다 훨씬 값진 거 아니겠어? 친구분도 자기 마음에 감동하실 것 같아. 그러면 더 힘내서 구직활동하지 않으실까!	N	2022-07-22 05:59:10	2022-11-08 04:35:01
BE22010982	15	0	그러면 너무 보람 있을 것 같아. 자기 덕분에 마음이 한결 놓인다. 고마워.	Y	2022-07-22 05:59:10	2022-11-08 04:35:01
