id	utterance_id	utterance_type	utterance_text	terminate	regDate	updDate
BE22000904	1	0	자기야, 나 오늘 프레젠테이션 있는데... 어떻게 하지?	N	2022-06-14 00:02:35	2022-11-08 03:30:10
BE22000904	2	1	너무 떨려서 그래? 준비한 만큼 보여주면 되지. 중요한 계약 건이어서 그런가?	N	2022-06-14 00:02:35	2022-11-08 03:30:10
BE22000904	3	0	하반기 사업이 걸려 있어서 매우 중요한데, 출근하려고 보니까 눈에 다래끼가 났더라고.	N	2022-06-14 00:02:35	2022-11-08 03:30:10
BE22000904	4	1	저런! 안약은 넣었어? 가까운 약국이라도 가서 소염제 먹어야 할 텐데.	N	2022-06-14 00:02:35	2022-11-08 03:30:10
BE22000904	5	0	대충 안경 쓰고 출근하면서 약국에서 약이랑 안대랑 샀어. 근데 회의실이 아닌 시청각실에서 한다고 해.	N	2022-06-14 00:02:35	2022-11-08 03:30:10
BE22000904	6	1	시청각실? 거기 너무 넓지 않아? 자기 시력도 좋지 않은데 잘 보이겠어?	N	2022-06-14 00:02:35	2022-11-08 03:30:10
BE22000904	7	0	어떻게 해야 할지 모르겠어. 자료 보고 있는데 눈에 하나도 안 들어와.	N	2022-06-14 00:02:35	2022-11-08 03:30:10
BE22000904	8	1	당연히 그럴 수 있어. 회의 시간마다 차분하게 의견 제시도 잘하는 자기가 오늘 많이 당황했나 보다.	N	2022-06-14 00:02:35	2022-11-08 03:30:10
BE22000904	9	0	시간도 한 시간이나 당겨졌는데, 나 때문에 계약 체결하지 못할까 봐 걱정이야.	N	2022-06-14 00:02:35	2022-11-08 03:30:10
BE22000904	10	1	예상하지 못한 일들 때문에 잠깐 당황할 수 있어. 오늘 그 프레젠테이션 연습한다고 주말 우리 데이트 중에도 연습했잖아. 너무 걱정하지 마.	N	2022-06-14 00:02:35	2022-11-08 03:30:10
BE22000904	11	0	그래도 나 너무 걱정돼. 안대 써서 잘 안되는 건 아니겠지?	N	2022-06-14 00:02:35	2022-11-08 03:30:10
BE22000904	12	1	그렇지 않을 거야. 이미 내용은 자기 머릿속에 다 있어. 너무 긴장하지 말고 가볍게 스트레칭하고 찬 음료 말고 따뜻한 거 조금 마시면서 진정하자.	N	2022-06-14 00:02:35	2022-11-08 03:30:10
BE22000904	13	0	머릿속에 다 있겠지? 안 보여도 기억이 나겠지?	N	2022-06-14 00:02:35	2022-11-08 03:30:10
BE22000904	14	1	그럼! 연습할 때 내가 봤잖아. 다 기억날 거고, 계약도 잘 체결될 거야.	N	2022-06-14 00:02:35	2022-11-08 03:30:10
BE22000904	15	0	고마워, 자기야! 조금 진정이 된 것 같아.	Y	2022-06-14 00:02:35	2022-11-08 03:30:10
