id	utterance_id	utterance_type	utterance_text	terminate	regDate	updDate
BE22001120	1	0	아 놔. 이제 막 식당에 앉았는데 웨이팅이 생겼네.	N	2022-06-14 03:57:22	2022-11-08 03:31:36
BE22001120	2	1	오 줄 설 정도로 맛집인가 봐.	N	2022-06-14 03:57:22	2022-11-08 03:31:36
BE22001120	3	0	친구랑 걷다가 너무 배고파서 그냥 들어온 집인데 유명한 곳인 듯?	N	2022-06-14 03:57:22	2022-11-08 03:31:36
BE22001120	4	1	기다리는 사람이 많아?	N	2022-06-14 03:57:22	2022-11-08 03:31:36
BE22001120	5	0	응, 벌써 세 팀이나 생겼네. 마음 조급해지게.	N	2022-06-14 03:57:22	2022-11-08 03:31:36
BE22001120	6	1	왜 마음이 조급해? 먹는 시간이 정해져 있어?	N	2022-06-14 03:57:22	2022-11-08 03:31:36
BE22001120	7	0	아니 난 기다리는 사람들 있으면 밥을 천천히 못 먹겠어.	N	2022-06-14 03:57:22	2022-11-08 03:31:36
BE22001120	8	1	그럴 수 있지. 기다리는 사람의 마음도 이해가 되니까. 그래서 저번에 줄 길던 카페 안 가고 싶어 했던 거구나.	N	2022-06-14 03:57:22	2022-11-08 03:31:36
BE22001120	9	0	맞아. 그래서 아무 곳이나 들어온 건데 사람들이 보이는 자리에 앉아서 더 마음 불편해.	N	2022-06-14 03:57:22	2022-11-08 03:31:36
BE22001120	10	1	그렇게 먹으면 체할 수 있는데, 내가 다 속상하다. 무료로 먹는 게 아니라 정당한 가격을 지불하고 먹는 거니까, 너무 신경 쓰지 마.	N	2022-06-14 03:57:22	2022-11-08 03:31:36
BE22001120	11	0	걱정해 줘서 고마워. 신경 쓰여서 힘들다.	N	2022-06-14 03:57:22	2022-11-08 03:31:36
BE22001120	12	1	아니면 친구한테 부탁해서 자리를 바꿔보는 게 어때? 사람들이 바로 보이지 않으면 조금 덜할 수도 있잖아.	N	2022-06-14 03:57:22	2022-11-08 03:31:36
BE22001120	13	0	오오, 좋은 방법인 거 같아.	N	2022-06-14 03:57:22	2022-11-08 03:31:36
BE22001120	14	1	너무 초조해하지 마. 다들 기다리는 거 알면서도 그 식당 가고 싶어 하는 거고. 기다리기 힘든 사람들은 벌써 다른 곳 갔을 거야.	Y	2022-06-14 03:57:22	2022-11-08 03:31:36
