id	utterance_id	utterance_type	utterance_text	terminate	regDate	updDate
BE22008967	1	0	요즘 회사 일에 치여서 나를 잃어버린 것 같아. 스트레스를 받아서 회사 가기가 너무 싫다.	N	2022-07-14 14:08:47	2022-11-08 04:22:05
BE22008967	2	1	이번에 프로젝트 들어간 것 때문에 그렇다고 했지? 매일 야근하느라 많이 지쳤겠다. 그래도 지금까지 잘 해왔으니까 조금만 더 버티면 상황이 나아질 거야.	N	2022-07-14 14:08:47	2022-11-08 04:22:05
BE22008967	3	0	쉬지 않고 10년을 일 했더니, 쉬고 싶다는 생각이 많이 들어. 한 달 정도 하와이에서 지낼 수 있다면 행복할 텐데.	N	2022-07-14 14:08:47	2022-11-08 04:22:05
BE22008967	4	1	전부터 가서 쉬고 싶다고 했었던 거 기억나. 일이 너무 힘들어서 모든 걸 내려놓고 쉬고 싶은 마음일 거라 생각해.	N	2022-07-14 14:08:47	2022-11-08 04:22:05
BE22008967	5	0	요즘 재택근무 많이 시행하길래, 회사에 알아봤거든? 근데 우리 회사도 이번 달부터 해외에서 근무하는 거 허용해준다고 하더라고!	N	2022-07-14 14:08:47	2022-11-08 04:22:05
BE22008967	6	1	정말 잘 됐다. 오빠도 드디어 꿈이 이루어지는구나! 축하해! 근데 모든 직원이 해외에서 근무할 수 있는 거야?	N	2022-07-14 14:08:47	2022-11-08 04:22:05
BE22008967	7	0	그랬으면 좋을 텐데, 성과가 높은 직원만 허용해 주나 봐. 나한테 그런 기회가 오기는 할까?	N	2022-07-14 14:08:47	2022-11-08 04:22:05
BE22008967	8	1	그럼 당연하지. 오빠가 얼마나 유능한 사람인데, 지난번에 모두가 불가능하다고 했던 프로젝트도 성공시켰고. 일에 대한 오빠의 열정과 노력을 보면서 정말 멋지다고 생각했어.	N	2022-07-14 14:08:47	2022-11-08 04:22:05
BE22008967	9	0	고마워. 운이 좋았지 뭐. 그 이후에 번아웃이 온 것 같아. 그때만큼의 열정을 내는 게 쉽지 않네.	N	2022-07-14 14:08:47	2022-11-08 04:22:05
BE22008967	10	1	모든 걸 쏟아붓고 나면 다시 채워질 때까지의 시간이 필요한 법이니까. 오빠를 너무 다그치지 않고 힐링의 시간을 가졌으면 해.	N	2022-07-14 14:08:47	2022-11-08 04:22:05
BE22008967	11	0	고마워. 나 자신을 너무 다그치고 있었던 것 같아. 조급함을 버릴 필요성이 있을 것 같네.	N	2022-07-14 14:08:47	2022-11-08 04:22:05
BE22008967	12	1	한 달의 기간은 당장 어렵겠지만 이번 휴가에 짧게나마 하와이로 여행을 가면 어때?	N	2022-07-14 14:08:47	2022-11-08 04:22:05
BE22008967	13	0	그것도 좋은 생각이다. 지금 아무것도 하고 싶지 않아. 하와이로 훌쩍 떠났다가 온다면 충전이 될 것 같아.	N	2022-07-14 14:08:47	2022-11-08 04:22:05
BE22008967	14	1	오빠가 제대로 쉴 수 있는 코스를 알아볼게. 같이 가서 간만에 쉬고 올까?	N	2022-07-14 14:08:47	2022-11-08 04:22:05
BE22008967	15	0	너무 좋지! 간만에 스트레스를 해소할 수 있을 것 같아.	Y	2022-07-14 14:08:47	2022-11-08 04:22:05
