id	utterance_id	utterance_type	utterance_text	terminate	regDate	updDate
BE22014127	1	0	짓고 있는 건물의 공사 기간이 너무 길어져서 잠이 안 와.	N	2022-08-14 01:38:22	2022-08-14 01:38:22
BE22014127	2	1	왜 그래 자기야! 무슨 문제라도 있는 거야?	N	2022-08-14 01:38:22	2022-08-14 01:38:22
BE22014127	3	0	요즘 예고 없는 비 소식이 많아서 공사가 많이 지연되었어. 건축주는 어서 마무리 짓기를 원하고 있는데 아직 외부 작업이 많이 남아 있는 상황이라 스트레스야.	N	2022-08-14 01:38:22	2022-08-14 01:38:22
BE22014127	4	1	생각했던 것과 다르게 펼쳐지는 상황이 못내 아쉽겠다. 더구나 내가 어쩌지 못하는 것이라 안절부절못하게 되는 것 같아. 진짜 그 속이 말이 아니겠구나.	N	2022-08-14 01:38:22	2022-08-14 01:38:22
BE22014127	5	0	매일 잠들기 전 내일 날씨를 찾아보며 제발 내일은 맑은 날씨이기를 바라게 된다니까. 이러다가 지반이 약해져서 짓고 있는 건물에까지 영향을 미칠까 걱정이 되기도 하고 그래.	N	2022-08-14 01:38:22	2022-08-14 01:38:22
BE22014127	6	1	그 간절한 마음이 절절히 느껴져서 더 마음이 아파. 어제도 하늘에 구멍이 난 듯 쏟아져 내리는 비에 자기의 마음은 타들어 갔겠구나. 어떻게 해 볼 도리가 없는 일이니 더 그렇겠다.	N	2022-08-14 01:38:22	2022-08-14 01:38:22
BE22014127	7	0	올해 들어 더 예측되지 않으니 더 그래. 누구를 붙잡고 하소연해서 될 일이라면 그렇게라도 해보겠지. 일기예보도 잘 안 맞아서 계획이 꼬이기도 하고 날씨 때문에 이렇게 힘들어질 줄이야.	N	2022-08-14 01:38:22	2022-08-14 01:38:22
BE22014127	8	1	자기가 어떻게 해 볼 도리가 없는 일이잖아. 할 수 있을 때 최선을 다하는 거니 마음을 조금만 편히 가졌으면 좋겠다. 재작년 태풍에 공사 자재가 유실되었을 때도 사람이 다치지 않은 것만도 다행이라고 했잖아.	N	2022-08-14 01:38:22	2022-11-08 04:54:55
BE22014127	9	0	태풍이 지나가고 그 어느 때보다 열정적으로 일하면서 고맙고 행복한 마음이 들더라. 하긴 지금 장마가 길어지니 마음이 어찌할 줄 모르겠지만 더 힘든 시절도 있었네. 시간이 지나고 나니 힘들었던 시간도 추억으로 웃으며 얘기하게 되고.	N	2022-08-14 01:38:22	2022-08-14 01:38:22
BE22014127	10	1	그때 땀 흘리며 일하며 웃던 자기를 보며 참 멋진 남자 친구를 둬서 자랑스러웠어. 이 사람은 위기 속에서도 강한 정신력과 낙천적인 모습이 매력적이라고 생각했지.	N	2022-08-14 01:38:22	2022-11-08 04:54:55
BE22014127	11	0	그래, 힘든 이 시기도 결국은 지나가겠구나. 어쩔 수 없는 일에 마음 쓰고 불안해하는 건 아무런 도움이 안 되는 거였어. 시간을 가지고 기다리며 상황이 됐을 때 열심히 해야겠다.	N	2022-08-14 01:38:22	2022-11-08 04:54:55
BE22014127	12	1	역시 자기다운 생각을 하게 되었구나. 지금 힘든 것도 결국은 모두 지나가니까 마음을 느긋하게 먹고 때를 기다리자. 햇살이 반짝 빛날 날에 할 일이 무척 많아질 거야.	N	2022-08-14 01:38:22	2022-08-14 01:38:22
BE22014127	13	0	나를 일깨워 주는 자기가 곁에 있어 마음을 다잡을 수 있어서 행복하다. 이 비가 그치면 다시 힘내서 열심히 하는 내가 되어야지. 자기 말대로 지금은 커피나 마시며 계획을 철저히 세우며 마음의 여유를 가져야겠어.	N	2022-08-14 01:38:22	2022-11-08 04:54:55
BE22014127	14	1	그거 정말 멋진 생각인걸. 오늘은 나도 할 일이 태산이니 비 오는 날 정취도 느낄 겸 카페에서 함께 작업할래? 우리 데이트 못한 지도 벌써 여러 날이잖아.	N	2022-08-14 01:38:22	2022-08-14 01:38:22
BE22014127	15	0	나야 좋지. 자주 가는 카페에 먼저 가 있을게. 이따 봐.	Y	2022-08-14 01:38:22	2022-08-14 01:38:22
