id	utterance_id	utterance_type	utterance_text	terminate	regDate	updDate
BE22000755	1	0	요즘 우리 반에 조금 신경 쓰이는 얘가 있어.	N	2022-06-13 07:40:42	2022-11-08 03:29:10
BE22000755	2	1	무슨 일 있었어?	N	2022-06-13 07:40:42	2022-11-08 03:29:10
BE22000755	3	0	날씨가 더워져서 요즘 애들이 반팔 입고 오거든. 근데 한 아이의 팔에 멍이 들어있더라고.	N	2022-06-13 07:40:42	2022-11-08 03:29:10
BE22000755	4	1	멍? 체육활동을 하다가 부딪친 건 아니고?	N	2022-06-13 07:40:42	2022-11-08 03:29:10
BE22000755	5	0	그랬으면 내가 알았을 거야. 반 아이들 수가 그렇게 많은 건 아니라서 체육활동 같은 사고가 일어날 수 있는 수업은 세세하게 관찰하거든.	N	2022-06-13 07:40:42	2022-11-08 03:29:10
BE22000755	6	1	그래, 그런 부분에서는 참 세심한 면이 있지. 그럼 다른 이유가 있을 거라고 생각하는 거구나.	N	2022-06-13 07:40:42	2022-11-08 03:29:10
BE22000755	7	0	응. 아직 추측뿐이지만, 종종 멍이 들어서 올 때가 있었어. 혹시 학대가 아닐까 해서.	N	2022-06-13 07:40:42	2022-11-08 03:29:10
BE22000755	8	1	아이랑은 얘기해 봤어? 혼자 추측하는 거보다는 일단 아이랑 먼저 얘기해 보는 게 낫지 않을까?	N	2022-06-13 07:40:42	2022-11-08 03:29:10
BE22000755	9	0	맞는 말이야. 나 혼자 추측한다고 해서 해결되는 일이 아닌 거 같아.	N	2022-06-13 07:40:42	2022-11-08 03:29:10
BE22000755	10	1	맞아. 무슨 일이든 일단 당사자와 얘기해 봐야 풀리는 거 같아.	N	2022-06-13 07:40:42	2022-11-08 03:29:10
BE22000755	11	0	혹시라도 학대당하는 상황인데 아이가 겁먹어서 거짓말을 하거나 그러진 않겠지?	N	2022-06-13 07:40:42	2022-11-08 03:29:10
BE22000755	12	1	그런 느낌이 들면 더 예의주시하고 마음을 잘 달래서 얘기해 봐야 할 거 같아. 보통 학대당하는 아이들은 경계심이 강하니까.	N	2022-06-13 07:40:42	2022-11-08 03:29:10
BE22000755	13	0	그래야겠어. 고마워. 너무 조심스러운 사항이라 어떻게 해야 할지 갈피가 안 잡혔는데 이제 길이 좀 보이는 거 같아.	N	2022-06-13 07:40:42	2022-11-08 03:29:10
BE22000755	14	1	별말씀을. 이럴 때 도움 주라고 있는 남자 친구 아니겠어? 너무 심각한 상황이 아니길 바랄게.	Y	2022-06-13 07:40:42	2022-11-08 03:29:10
