id	utterance_id	utterance_type	utterance_text	terminate	regDate	updDate
BE22019029	1	0	자기, 나 요즘 돈 벌 데가 없어서 미치겠어. 마트 아르바이트도 자리가 없더라고. 나 이제 어떻게 살아야 하나 싶어서 불안해.	N	2022-09-20 03:41:13	2022-09-20 03:41:13
BE22019029	2	1	하고픈 마음은 있는데 마땅히 할 곳이 없으면 정말 기력도 떨어질 것 같아. 나도 예전에 수능 끝나고 아르바이트 알아볼 때 일 구하기가 힘들었거든. 그래서 자기가 왜 그렇게나 심기가 불편한지 이해가 가.	N	2022-09-20 03:41:13	2022-11-08 05:24:43
BE22019029	3	0	괜히 회사를 그만둔 것 같아서 불안하고 걱정돼. 월급도 안 오르면서 일은 항상 많이 주길래 못 참고 나갔는데 버틸 걸 그랬나 봐. 이렇게 아르바이트도 쉽게 못 구할 줄 알았더라면 그런 선택을 하지 않았을 거야.	N	2022-09-20 03:41:13	2022-11-08 05:24:43
BE22019029	4	1	시간을 돌이킬 수만 있다면 그러고 싶은 심정이겠구나. 그래도 그때는 자기가 힘들어서 본인을 위해서 택한 선택이잖아. 이럴 줄 모르고 한 거니 너무 자책하지 않았으면 좋겠어.	N	2022-09-20 03:41:13	2022-11-08 05:24:43
BE22019029	5	0	내가 의지가 있어도 막상 일할 자리가 없으니 걱정이 커질 수밖에 없어. 그래서 온종일 일자리 나온 곳 없나 찾기만 하고 밥도 잘 안 챙겨 먹게 돼.	N	2022-09-20 03:41:13	2022-09-20 03:41:13
BE22019029	6	1	마음이 안 좋을수록 식사하면서 건강이라도 잘 챙겨야지. 그래야 기운 차려서 일을 찾을 수 있잖아. 곧 일자리를 구할 수 있을 테니까 마음을 너무 무겁게 먹지 않았으면 좋겠어.	N	2022-09-20 03:41:13	2022-11-08 05:24:43
BE22019029	7	0	하지만 이렇게 금방 일자리가 안 구해지니까 자꾸 퇴사했던 걸 후회하게 돼. 남들도 다 힘들게 돈을 버는데 나만 힘들다고 생각했었나 봐. 자존심을 버리고 다시 회사에 연락하고 싶은 정도야.	N	2022-09-20 03:41:13	2022-11-08 05:24:43
BE22019029	8	1	지금 당장 힘들다고 그때 했던 선택을 부정하지 않았으면 좋겠어. 그때는 그게 옳았던 선택이었고, 지금도 잠깐 힘들어도 틀린 선택은 아니었으니까 말이야. 이 힘든 시기도 금방 지나갈 테니까 마음고생 너무 심하게 하지 않기를 바랄게.	N	2022-09-20 03:41:13	2022-11-08 05:24:43
BE22019029	9	0	의지를 버리지 않고 계속 일자리를 구하면 일할 날이 올까? 지금 경제 상황도 좋지 않아서 다들 구인을 하나 싶거든.	N	2022-09-20 03:41:13	2022-09-20 03:41:13
BE22019029	10	1	당연히 잘 될 거라 생각하면서 살면 머지않아 잘 풀리는 날이 올 거야. 무슨 일이든 힘든 건 영원하지 않아, 버티면 좋아지는 날이 오는 법이야. 그러니 자기도 불안에 떨면서 후회하는 대신 오히려 더욱 기운 차리고 열심히 살기를 바랄게.	N	2022-09-20 03:41:13	2022-11-08 05:24:44
BE22019029	11	0	자기가 그렇게 말해주니까 힘이 난다. 맞아, 내가 지금 힘들다고 괜히 과거의 선택을 후회했나 봐. 그때 그렇게 하지 않았으면 분명 건강에 이상이 왔을 게 분명해!	N	2022-09-20 03:41:13	2022-11-08 05:24:44
BE22019029	12	1	맞아, 자기 야근도 하고 주말에도 출근하고 그랬잖아. 그때 계속 다녔으면 병원 다닌다고 나가는 돈이 더 많았을 거야. 오히려 지금이 더 나은 걸 수도 있지!	N	2022-09-20 03:41:13	2022-11-08 05:24:44
BE22019029	13	0	자기 말 들으니까 정말 그런 것 같네. 내가 괜히 속상해했었구나. 그럼 다시 기운 차리고 열심히 일자리 찾아볼게!	N	2022-09-20 03:41:13	2022-11-08 05:24:44
BE22019029	14	1	응, 분명 자기랑 딱 맞는 일자리가 나올 거야. 항상 그 기운 잃지 않고 하루하루 잘 보내기를 바랄게!	Y	2022-09-20 03:41:13	2022-11-08 05:24:44
