id	utterance_id	utterance_type	utterance_text	terminate	regDate	updDate
BE22015071	1	0	자기야. 내가 앞으로도 지금처럼 건강하게 살 수 있을지 불안해.	N	2022-08-21 16:04:38	2022-11-08 05:00:48
BE22015071	2	1	그게 무슨 말이야? 너 무슨 일 있어?	N	2022-08-21 16:04:38	2022-08-21 16:04:38
BE22015071	3	0	내가 뉴스에서 봤는데 젊은 층의 치매 진단이 늘고 있데. 나 사실 요즘 자꾸 사소한 것도 까먹어. 치매가 아닐지 너무 걱정되네.	N	2022-08-21 16:04:38	2022-08-21 16:04:38
BE22015071	4	1	아무래도 지금 상황이 네게 벅차서 지치고 불안할 수밖에 없겠다. 나도 너 같은 상황이었음 계속 의구심과 불안에 시달렸을 것 같아. 건강에 확신이 안 서서 불안한 느낌이 들 수밖에 없겠구나.	N	2022-08-21 16:04:38	2022-11-08 05:00:48
BE22015071	5	0	응. 내가 돈을 더 벌고 싶어서 투잡을 뛰었는데 이제 너무 지쳤어. 요즘 기억력도 안 좋아진 것 같아서 일을 더 한 게 옳은 선택이었을지 모르겠어.	N	2022-08-21 16:04:38	2022-11-08 05:00:48
BE22015071	6	1	지금은 몸도 마음도 힘들 수밖에 없는 시기라 네가 흔들리나 봐. 너무 힘들면 일을 조금 줄이고 마음을 편히 먹는 건 어때?	N	2022-08-21 16:04:38	2022-11-08 05:00:48
BE22015071	7	0	응, 젊을 때는 모든 지 헤쳐 나갈 수 있다고 생각했어. 근데 이제 기억력도 나빠지고 나에게도 좋은 일이 아닌 것 같아서 걱정돼.	N	2022-08-21 16:04:38	2022-11-08 05:00:48
BE22015071	8	1	아무래도 네가 지금 짊어진 일들이 많아서 걱정되고 불안할 수밖에 없겠네. 그렇게 불안할 때면 결국은 잘될 거라고 속으로 되뇌어 보면서 마음을 단단하게 가져보자. 원래 주인공에게도 가끔 위기는 오는 법이잖아!	N	2022-08-21 16:04:38	2022-11-08 05:00:48
BE22015071	9	0	하지만 나도 계속 이렇게 하면 언젠가 몸이 못 견디고 쓰러질 것 같아서 불안해. 요즘 몸이 너무 안 좋아지는 게 느껴져.	N	2022-08-21 16:04:38	2022-08-21 16:04:38
BE22015071	10	1	별일 없을 거야. 건강검진도 해보자. 그 시간 동안 건강관리에 노력하면 그게 다 내 삶의 거름이 되더라고. 그러니 마음을 가볍게 가져보자.	N	2022-08-21 16:04:38	2022-11-08 05:00:48
BE22015071	11	0	아. 네 말 들으니까 정말 큰 위로가 돼. 네 말처럼 정말 아무 일도 없었으면 좋겠어. 열심히 노력하면 건강을 유지할 수 있겠지?	N	2022-08-21 16:04:38	2022-08-21 16:04:38
BE22015071	12	1	응. 넌 정말 자기관리가 철저한 사람이잖아. 나는 네 그럼 모습 때문에 내가 힘을 받을 때도 있었던걸?	N	2022-08-21 16:04:38	2022-11-08 05:00:48
BE22015071	13	0	네가 그렇게 말해줘서 힘이 돼. 그렇게 말해줘서 고마워.	N	2022-08-21 16:04:38	2022-08-21 16:04:38
BE22015071	14	1	아냐. 너는 존재만으로도 누군가에게 힘이 되고 응원이 되는걸. 나도 당신에게 보탬이 되어서 다행이야.	N	2022-08-21 16:04:38	2022-11-08 05:00:48
BE22015071	15	0	자기 덕분에 다시 잘해 나갈 자신이 생겼어. 고마워!	Y	2022-08-21 16:04:38	2022-11-08 05:00:48
