id	utterance_id	utterance_type	utterance_text	terminate	regDate	updDate
BE22009596	1	0	자기야, 나 몸이 안 좋아서 반차 냈는데, 팀장님 표정이 너무 안 좋아.	N	2022-07-17 15:33:25	2022-11-08 04:26:10
BE22009596	2	1	몸이 많이 안 좋아? 몸 안 좋은 것만으로도 걱정되고 힘들 텐데. 팀장님 안색도 어두워졌다니 자기가 걱정스럽고 불안한 마음이 클 거 같아.	N	2022-07-17 15:33:25	2022-11-08 04:26:10
BE22009596	3	0	응, 어젯밤부터 으슬으슬하고 몸 상태가 너무 안 좋았어. 그래서 몸 아픈 것만으로도 힘들고 걱정돼. 그런데 팀장님에게 반차 내겠다고 했는데, 웃고 있던 팀장님 얼굴이 무표정으로 변해버렸어.	N	2022-07-17 15:33:25	2022-11-08 04:26:10
BE22009596	4	1	아이고야, 자기가 진짜 민망하고 뻘쭘했겠다. 팀장님 표정이 확 변해버렸으니 자기가 잘못한 거나 문제를 만든 거 같아서 불안할 거 같아. 자기가 너무 안쓰럽고 안타깝네.	N	2022-07-17 15:33:25	2022-11-08 04:26:10
BE22009596	5	0	응, 자기 말처럼 진짜 팀장님 표정이 일순간에 변하는데, 얼마나 놀라고 당황했는지 몰라. 반차를 쓰면 안 되는데 쓴 건가 싶어서, 문제라도 생길까 봐 불안하고 너무 걱정되네.	N	2022-07-17 15:33:25	2022-11-08 04:26:10
BE22009596	6	1	내가 자기였어도 정말 걱정되고 손발이 떨리도록 긴장했을 거 같아. 반차를 냈는데 갑작스럽게 팀장님 표정이 굳어버렸잖아. 내가 잘못한 것도 없는데 잘못해서 사고 친 거처럼 마음이 불안할 거 같아.	N	2022-07-17 15:33:25	2022-11-08 04:26:10
BE22009596	7	0	응, 지금 마음이 많이 안 좋고 혹시나 하는 마음에 너무 불안해.	N	2022-07-17 15:33:25	2022-11-08 04:26:10
BE22009596	8	1	자기가 아픈 것만으로도 너무 힘들 텐데. 지금 얼마나 마음이 불편하고 불안할지를 생각하니 내 마음이 정말 찢어지게 슬프다.	N	2022-07-17 15:33:25	2022-11-08 04:26:10
BE22009596	9	0	괜히 반차를 낸 건가 싶고 너무 걱정되고 불안해.	N	2022-07-17 15:33:25	2022-11-08 04:26:10
BE22009596	10	1	어젯밤부터 몸이 안 좋았는데 아픈 몸을 이끌고 출근한 것만으로도 너무 대견해. 사실 나라면 아침에 월차나 병가 낸다고 연락했을 텐데. 자기가 책임감이 강하고 의지력이 강한 사람이라 힘든데도 불구하고 출근한 거잖아.	N	2022-07-17 15:33:25	2022-11-08 04:26:10
BE22009596	11	0	맞아, 정말 컨디션도 너무 안 좋으니까 마음도 싱숭생숭하고 안 좋았는데. 그래도 내가 맡은 일은 내가 처리해야 된다는 마음으로 출근한 거거든.	N	2022-07-17 15:33:25	2022-11-08 04:26:10
BE22009596	12	1	자기 너무 대견하고 대단해, 반차 내기를 너무 잘했어. 자기가 회사 일을 열정적으로 하는 건 주변 사람들 모두 다 알 거야. 회사 일도 중요하지만, 자기가 세상에서 그 무엇보다도 중요해.	N	2022-07-17 15:33:25	2022-11-08 04:26:10
BE22009596	13	0	자기가 그렇게 얘기해 주니까 불안했던 마음이 많이 가라앉는다.	N	2022-07-17 15:33:25	2022-11-08 04:26:10
BE22009596	14	1	자기가 스스로를 아껴줘야 주변에서도 자기를 아껴주고 소중히 여겨줄 거 같아. 그래야 자기 마음도 상하지 않고 만족감으로 가득 찰 거야. 그러니깐 너무 불안해하거나 걱정하지 않아도 괜찮을 거야.	N	2022-07-17 15:33:25	2022-11-08 04:26:10
BE22009596	15	0	자기랑 문자 하고 나니 마음이 편안해졌다. 자기 말대로 불안해하지 않고 내 스스로를 아껴줘야겠어.	Y	2022-07-17 15:33:25	2022-11-08 04:26:10
