id	utterance_id	utterance_type	utterance_text	terminate	regDate	updDate
BE22014942	1	0	어제는 샤워하는데 온수가 끊겨서 찬물로 마무리했어. 근데 예전 기억이 떠오르면서 어찌나 불안한 감정이 들던지 그 마음을 진정시키느라 한동안 고생했네.	N	2022-08-19 14:48:07	2022-11-08 05:00:01
BE22014942	2	1	이 추운 겨울에 찬물로? 감기는 걸리지 않았는지 염려되네. 차가운 물로 샤워를 하는 것도 힘들었을 텐데, 불안한 마음도 들었으니 얼마나 힘들었을까.	N	2022-08-19 14:48:07	2022-11-08 05:00:01
BE22014942	3	0	우리 아버지 사업 부도났을 때 전기가 끊어지면서 온수를 쓸 수 없던 시절이 잠깐 있거든. 그때 받은 충격이 아직도 남아있었나 봐. 찬물로 샤워하는데 그때 들었던 불안한 마음이 그대로 느껴지는 거 있지.	N	2022-08-19 14:48:07	2022-11-08 05:00:01
BE22014942	4	1	힘들었던 기억이 비슷한 상황이 되니 다시 느껴진 거구나. 어렸을 때 그런 고생을 했는지도 몰랐네. 자기가 그런 일도 겪고, 갑작스레 다시 그 기억 때문에 힘들었다고 하니 마음이 아프다.	N	2022-08-19 14:48:07	2022-11-08 05:00:01
BE22014942	5	0	나도 다 잊고 있는 과거라고 생각했는데, 너무 놀랐어. 그리고 사회생활을 하면서 이런 불안한 감정이 갑자기 느껴지면 어떡하지 하는 두려운 감정이 들더라고. 잠시 숨 쉬는 것도 어려웠어.	N	2022-08-19 14:48:07	2022-11-08 05:00:01
BE22014942	6	1	맞아, 불안한 감정이 갑자기 밀려오면 놀라기도 하고, 어떻게 해야 할지 몰라 당황스럽잖아. 그래도 자기가 왜 그런 감정을 느끼는지 그 원인을 정확히 아는 게 대단하다고 생각해. 고등학교 때 이유 없는 불안감에 엄청 힘들었던 경험이 있거든, 그래서 자기 마음을 알 것 같아.	N	2022-08-19 14:48:07	2022-11-08 05:00:01
BE22014942	7	0	자기도 불안감에 힘들었던 경험이 있구나. 어릴 적 좋지 않은 기억이 이렇게 깊게 남아있을 줄은 꿈에도 몰랐어. 이걸 어떻게 해결해야 할지 모르겠으니 더 답답하고 불안한 게 사실이야.	N	2022-08-19 14:48:07	2022-11-08 05:00:01
BE22014942	8	1	자기가 그 감정을 숨기지 않고 이렇게 말로 해 준다는 게 얼마나 다행인지 몰라. 정말 큰 상처나 불안은 말로 꺼내기도 힘들다고 하잖아. 원인도 알고, 불안한 감정이 몰려올 때가 있다는 사실을 알고 있으니 금방 해결할 수 있을 거야. 불안해하지 마.	N	2022-08-19 14:48:07	2022-11-08 05:00:01
BE22014942	9	0	자기가 그렇게 편안하게 말해주니, 안도감이 든다. 이런 감정을 자기한테 말로 표현하다 보니, 불안감이 안개같이 느껴졌는데, 좀더 선명해졌어. 이 감정을 해결할 수 있도록 도와줄 수 있는 사람을 찾아 해결하면 될 것만 같아.	N	2022-08-19 14:48:07	2022-11-08 05:00:01
BE22014942	10	1	자기가 불안한 감정에 눌려 두려워하기만 하면 어쩌나 걱정이 되었거든. 난 이런 자기의 모습이 얼마나 좋은지 몰라. 문제를 정면으로 바라보고, 피하지 않고 해결점을 찾으려 노력하는 이 당당함이 말이야.	N	2022-08-19 14:48:07	2022-11-08 05:00:01
BE22014942	11	0	자기가 그렇게 날 생각해준다니 감동인걸. 맞아 문제는 언제나 있을 수 있어. 그걸 피하다 보면 더 큰 문제를 만들어 갈 뿐이지.	N	2022-08-19 14:48:07	2022-11-08 05:00:01
BE22014942	12	1	불안한 감정이 들면 이성적으로 생각할 수 있는 능력이 줄어들게 되잖아. 자기가 취하는 이런 태도가 자기 삶을 잘 이끌 수 있게 도움이 되는 것 같아. 어릴 적 갖게 된 이 감정도 이번 기회에 잘 해결할 수 있을 것 같거든.	N	2022-08-19 14:48:07	2022-11-08 05:00:01
BE22014942	13	0	온수가 나오지 않아 알게 된 내 불안한 감정을 이번 기회에 잘 치유해 보고 싶어진다. 이게 다 자기와 대화를 나누면서 든 생각이니 정말 고마운걸!	N	2022-08-19 14:48:07	2022-11-08 05:00:01
BE22014942	14	1	난 당신이 언제나 자상하고 따뜻하게 마음을 표현할 수 있는 사람이라는 게 얼마나 감사한지 몰라. 오늘도 우리가 다정한 대화를 나누며 함께 무언가 해결할 수 있었으니까. 언제나 당신 곁에는 내가 있을 거야.	N	2022-08-19 14:48:07	2022-11-08 05:00:01
BE22014942	15	0	따뜻하고 다정한 자기라 가능한 일들인 것 같아. 다른 사람들에게 표현하지 못하는 마음이 자기 옆에서는 너무 자연스럽게 나오니까. 언제나 곁에서 힘이 되어줘서 고마워. 그리고 사랑해!	Y	2022-08-19 14:48:07	2022-11-08 05:00:02
