id	utterance_id	utterance_type	utterance_text	terminate	regDate	updDate
BE22006634	1	0	오늘 내 동생 얼굴에 상처가 있었어.	N	2022-07-06 12:23:56	2022-11-08 04:07:10
BE22006634	2	1	어떤 상처였는데? 많이 다친 거야?	N	2022-07-06 12:23:56	2022-11-08 04:07:10
BE22006634	3	0	그냥 친구랑 놀다가 긁힌 거라는데, 손톱자국이 꽤 짙게 있었어. 핏방울도 맺혀 있었고.	N	2022-07-06 12:23:56	2022-11-08 04:07:10
BE22006634	4	1	자기 많이 놀랐겠다. 혹시 친구랑 다툰 걸까 봐 걱정하고 있는 거야?	N	2022-07-06 12:23:56	2022-11-08 04:07:10
BE22006634	5	0	응. 동생은 정말 그런 거 아니라는데, 나는 혹시 몰라서 좀 불안하네. 아니겠지?	N	2022-07-06 12:23:56	2022-11-08 04:07:10
BE22006634	6	1	자기 불안한 마음도 이해해. 자기가 동생을 워낙 아끼고 예뻐하잖아. 남자아이니까 친구랑 과격하게 놀다가 다친 거 아닐까?	N	2022-07-06 12:23:56	2022-11-08 04:07:10
BE22006634	7	0	그렇게 생각하고 싶은데, 어릴 땐 몸싸움하면서 노는 애가 아니어서 더 걱정이야. 자꾸 물어보면 성가셔할까 봐 그러지도 못하겠고.	N	2022-07-06 12:23:56	2022-11-08 04:07:10
BE22006634	8	1	중학생이 되면 교실 뒤에서 장난치는 애들도 많으니까, 너무 안 좋은 쪽으로만 생각하지 마. 자기는 동생이랑 돈독한 사이니까, 만약 무슨 일이 있으면 자기한테 먼저 말했을 거야. 그러니까 너무 불안해하지 말고, 동생을 믿어 보는 것도 좋을 듯해.	N	2022-07-06 12:23:56	2022-11-08 04:07:10
BE22006634	9	0	자기 말이 맞아. 무슨 일이 있다면 내게 도움을 요청했을 거야. 자기 덕분에 마음이 편해지는 것 같아.	N	2022-07-06 12:23:56	2022-11-08 04:07:10
BE22006634	10	1	다행이다. 자기가 동생을 아끼고 사랑하는 마음이 참 보기 좋아. 정말 이상적인 남매 관계인 것 같아.	N	2022-07-06 12:23:56	2022-11-08 04:07:10
BE22006634	11	0	나이 차이가 많이 나서 그런 걸 수도 있어. 오늘 걱정 정말 많이 했는데, 자기한테 털어놓고 나니까 마음이 너무 가벼워. 다 자기 덕분이야.	N	2022-07-06 12:23:56	2022-11-08 04:07:10
BE22006634	12	1	에이, 아니야. 자기 동생 일이면 나한테도 중요한 일이니까 언제든 털어놔도 돼.	N	2022-07-06 12:23:56	2022-11-08 04:07:10
BE22006634	13	0	정말 고마워. 자기는 참 다정한 사람이야.	N	2022-07-06 12:23:56	2022-11-08 04:07:10
BE22006634	14	1	그렇게 봐주면 내가 더 고맙지. 앞으로도 나한테 기쁜 일, 걱정되는 일 다 이야기해 줘.	N	2022-07-06 12:23:56	2022-11-08 04:07:10
BE22006634	15	0	알겠어. 꼭 그렇게 할게. 자기도 나한테 그렇게 해 줘야 해!	Y	2022-07-06 12:23:56	2022-11-08 04:07:10
