id	utterance_id	utterance_type	utterance_text	terminate	regDate	updDate
BE22018465	1	0	자기야, 나 지금 부모님 모시고 응급실에 가고 있는데 너무 불안하네.	N	2022-09-16 01:47:09	2022-09-16 01:47:09
BE22018465	2	1	갑자기 이 시간에? 무슨 일이 있는 거야?	N	2022-09-16 01:47:09	2022-11-08 05:21:37
BE22018465	3	0	지난달에 결혼한 내 동생이 부정맥으로 응급실에 실려 갔대. 건강했던 애인데 갑자기 실려 갔다니 불안해 죽겠어.	N	2022-09-16 01:47:09	2022-11-08 05:21:37
BE22018465	4	1	평소에 동생이랑 친하게 지냈었잖아. 갑작스러운 소식이라 자기 마음이 너무 안 좋을 것 같아. 별일 아닐 테니 너무 걱정하지 말고 부모님 잘 모시고 다녀 와.	N	2022-09-16 01:47:09	2022-11-08 05:21:37
BE22018465	5	0	응, 그저께만 해도 동생이랑 웃으면서 통화했었는데 이게 무슨 일인지. 이러다가 큰일 나는 건 아닌지 걱정도 되고 불안해.	N	2022-09-16 01:47:09	2022-11-08 05:21:37
BE22018465	6	1	평소에 건강했으면 큰일 없을 거야. 불안한 마음은 잠시 내려놓고 마음을 편하게 가져 보면 침착해질 수 있을 거야. 자기가 힘낼 수 있도록 내가 손잡아주고 싶다.	N	2022-09-16 01:47:09	2022-11-08 05:21:37
BE22018465	7	0	내가 불안해하는 모습을 보이면 부모님이 더 걱정할까 봐 최대한 티 내고 있지 않아. 그런데 아무래도 생각이 많아지니까 안 좋은 느낌도 들고 너무 걱정스러워.	N	2022-09-16 01:47:09	2022-11-08 05:21:37
BE22018465	8	1	나도 같은 경험이 있어서 자기의 그 심정 충분히 이해해. 그런데 안 좋은 상상을 계속하다 보면 아직 일어나지도 않은 일에 스스로 불안감을 증폭하게 되잖아. 힘들겠지만 차라리 다른 생각을 하면서 잠시 잊어보는 건 어때?	N	2022-09-16 01:47:09	2022-11-08 05:21:37
BE22018465	9	0	자기 말이 맞아. 내가 자꾸 안 좋은 생각의 꼬리를 물게 되니 불안함이 점점 심해지는 것 같아. 이러지 말고 잡생각을 떨칠 수 있게 노력해 봐야겠어.	N	2022-09-16 01:47:09	2022-11-08 05:21:37
BE22018465	10	1	그래, 자기는 내면이 단단한 사람이기 때문에 힘든 시간을 현명하게 이겨낼 수 있을 거라고 믿어.	N	2022-09-16 01:47:09	2022-11-08 05:21:37
BE22018465	11	0	고마워. 자기의 지지 덕분에 마음이 한결 좋아진 것 같아. 자기에게 나약한 모습을 보인 것 같아 창피하네.	N	2022-09-16 01:47:09	2022-09-16 01:47:09
BE22018465	12	1	그게 무슨 소리야. 당연히 자기가 힘들면 내가 도움이 되어야지. 몸과 마음이 힘들 땐 언제든지 나에게 기대도 돼.	N	2022-09-16 01:47:09	2022-11-08 05:21:37
BE22018465	13	0	그렇게 말해주니 더 힘이 되는 것 같다. 내 곁에 자기 같은 연인이 있다는 건 정말 행운이야.	N	2022-09-16 01:47:09	2022-11-08 05:21:37
BE22018465	14	1	그렇게 생각해 줘서 내가 더 고마워. 앞으로도 자기 곁엔 내가 있을게.	N	2022-09-16 01:47:09	2022-11-08 05:21:37
BE22018465	15	0	응, 지금 동생이 깨어났나 봐. 동생에게 가봐야겠다. 이따가 연락할게.	Y	2022-09-16 01:47:09	2022-09-16 01:47:09
