id	utterance_id	utterance_type	utterance_text	terminate	regDate	updDate
BE22018196	1	0	자기야. 나 회사 출근했는데 지갑을 집에 두고 온 것 같아서 너무 불안해.	N	2022-09-14 09:22:56	2022-09-14 09:22:56
BE22018196	2	1	아이고 저런, 어쩌다가 지갑을 놓고 왔어? 늘 지니고 다니던 거라 없어서 허전하겠다.	N	2022-09-14 09:22:56	2022-11-08 05:20:05
BE22018196	3	0	이번에 새로 산 가방 있잖아. 그 가방으로 바꿔 매고 오느라 짐을 다 옮겼는데 지갑이 빠졌나 봐. 난 왜 이렇게 칠칠치 못할까.	N	2022-09-14 09:22:56	2022-09-14 09:22:56
BE22018196	4	1	가방을 새로 바꾸다 보면 짐을 빼놓을 수도 있지. 누구나 그런 실수는 충분히 할 수 있으니 너무 자기를 자책하지 마.	N	2022-09-14 09:22:56	2022-11-08 05:20:05
BE22018196	5	0	매일 가지고 다니던 지갑이 없으니 마음이 너무 불안해. 종일 지갑 없이 생활이 가능할지 모르겠어. 집에 다시 다녀와야 하나 고민될 정도야.	N	2022-09-14 09:22:56	2022-11-08 05:20:05
BE22018196	6	1	나도 출근할 때 차 키 놓고 나와서 집에 다시 들어갔다 나온 적이 한두 번이 아니야. 워낙 아침 출근 시간에는 정신이 없으니까 그럴 수도 있다고 가볍게 생각해 봐.	N	2022-09-14 09:22:56	2022-11-08 05:20:05
BE22018196	7	0	항상 지갑을 습관처럼 지니고 다녀서 그런지 지갑이 없다는 사실이 상기될 때마다 불안해지는 것 같아. 지갑이 필요한 일이 생길 것 같아 걱정돼.	N	2022-09-14 09:22:56	2022-11-08 05:20:05
BE22018196	8	1	자기야, 지갑 한 번 두고 출근했다고 일상이 망가지지 않을 거야. 오히려 지금처럼 지갑을 두고 왔다는 사실을 계속 신경 쓰다 보면 스트레스를 받을 테니 너무 신경 쓰지 마.	N	2022-09-14 09:22:56	2022-11-08 05:20:05
BE22018196	9	0	사실 지갑 안에 꼭 필요한 물건이 들어있는 것은 아니야. 그냥 평소에 가지고 다니던 물건이 없어서 심적으로 불안한 마음이 드나 봐.	N	2022-09-14 09:22:56	2022-09-14 09:22:56
BE22018196	10	1	자기가 워낙 꼼꼼한 성격이라서 더 불안하게 느꼈을 수 있겠네. 그렇지만 자기는 위기 대처 능력이 뛰어나잖아. 아마 하루 정도 지갑 없이 잘 지낼 수 있을 거야.	N	2022-09-14 09:22:56	2022-11-08 05:20:05
BE22018196	11	0	그렇겠지? 자기랑 대화한 덕분에 불안감을 많이 떨칠 수 있었어. 자기 말대로 계속 신경 쓰면 스트레스를 받으니까 업무에 집중하면서 잊어보도록 할게.	N	2022-09-14 09:22:56	2022-11-08 05:20:05
BE22018196	12	1	그래, 잘 생각했어. 내가 조금이나마 도움이 되었다니 참 다행이다. 일하다가 혹시 또 힘들어지면 언제든 나에게 이야기해.	N	2022-09-14 09:22:56	2022-11-08 05:20:05
BE22018196	13	0	자기 덕분에 마음 편히 하루를 지낼 수 있을 것 같아. 별것도 아닌 일로 신경 쓰이게 해서 미안해.	N	2022-09-14 09:22:56	2022-11-08 05:20:05
BE22018196	14	1	무슨 소리야. 연인으로서 당연히 내가 해야 할 역할인걸. 자기 기분이 편해졌다니 나도 마음이 놓인다.	N	2022-09-14 09:22:56	2022-11-08 05:20:05
BE22018196	15	0	항상 큰 힘이 되어줘서 정말 고마워.	Y	2022-09-14 09:22:56	2022-09-14 09:22:56
