id	utterance_id	utterance_type	utterance_text	terminate	regDate	updDate
BE22008665	1	0	이번 여행 숙소 결제는 자기가 해줄 수 있을까?	N	2022-07-13 15:07:36	2022-11-08 04:20:09
BE22008665	2	1	응 할 수 있지. 근데 왜 카드 없어졌어?	N	2022-07-13 15:07:36	2022-11-08 04:20:09
BE22008665	3	0	아 그게 아니고. 아버지가 신용불량자가 되셨어. 그래서 내 카드를 드렸거든.	N	2022-07-13 15:07:36	2022-11-08 04:20:09
BE22008665	4	1	그런 일이 있었어? 얘기하지 그랬어. 내가 도울 수 있는 일이 있는지 찾아봤을 텐데 자기도 마음고생했겠다.	N	2022-07-13 15:07:36	2022-11-08 04:20:09
BE22008665	5	0	좋은 일도 아닌데 말하기가 좀 그렇더라고.	N	2022-07-13 15:07:36	2022-11-08 04:20:09
BE22008665	6	1	자기 입장에서는 그런 마음 들 수도 있었겠다. 아버지는 괜찮으셔? 아버지도 마음 많이 안 좋으실 것 같은데.	N	2022-07-13 15:07:36	2022-11-08 04:20:09
BE22008665	7	0	아무래도 나한테 많이 미안해하시지. 그래도 당장에 돈 쓸 곳들은 많으니까, 마음먹고 내 카드 드렸어.	N	2022-07-13 15:07:36	2022-11-08 04:20:09
BE22008665	8	1	잘했어. 드리는 것도 고민 많았을 텐데 아버지 위해서 결정한 게 대단해. 아버지도 고마워하실 거야.	N	2022-07-13 15:07:36	2022-11-08 04:20:09
BE22008665	9	0	응. 고마워하시는데 미안해서 진짜 써야 할 때 못 쓰시고 눈치 보실까 봐 걱정돼. 이왕 쓰는 거 편하게 쓰셨으면 좋겠는데.	N	2022-07-13 15:07:36	2022-11-08 04:20:09
BE22008665	10	1	자기 진짜 마음이 착하다. 나 같으면 솔직히 펑펑 쓰실까 봐 미리 사서 걱정할 것 같거든. 내가 너무 부끄럽네.	N	2022-07-13 15:07:36	2022-11-08 04:20:09
BE22008665	11	0	아니야, 그렇게 생각할 수도 있지. 근데 아빠가 너무 축 처져 있어서 걱정돼서 말한 거였어.	N	2022-07-13 15:07:36	2022-11-08 04:20:09
BE22008665	12	1	오늘 퇴근하고 들어가면 너무 마음 무겁게 갖지 마시고 편하게 쓰시라고 말 한마디 하는 거 어때?	N	2022-07-13 15:07:36	2022-11-08 04:20:09
BE22008665	13	0	응. 같이 저녁 먹으려고 했으니까 그때 말씀드려야겠어. 부담 갖지 마시라고.	N	2022-07-13 15:07:36	2022-11-08 04:20:09
BE22008665	14	1	좋은 생각이야. 저녁 내가 시켜줄게. 아버지랑 맛있는 거 먹어.	N	2022-07-13 15:07:36	2022-11-08 04:20:09
BE22008665	15	0	응, 고마워 자기야.	Y	2022-07-13 15:07:36	2022-11-08 04:20:09
