id	utterance_id	utterance_type	utterance_text	terminate	regDate	updDate
BE22006973	1	0	나 오늘 등산 등산을 하다가 바지가 터졌어. 혹시 누가 봤을지 너무 걱정되는 거 있지.	N	2022-07-07 18:13:44	2022-11-08 04:09:24
BE22006973	2	1	정말? 너무 당황했겠다. 산에 뭐 아무것도 없었을 텐데 어떻게 내려온 거야?	N	2022-07-07 18:13:44	2022-11-08 04:09:24
BE22006973	3	0	겉옷이 있어서 다행히 가리고 내려왔어. 등산 중에 누가 알려줘서 알게 된 거야. 언제 터졌는지는 전혀 몰라.	N	2022-07-07 18:13:44	2022-11-08 04:09:24
BE22006973	4	1	정말 착하신 분이다. 그나저나 언제 터졌는지 모르다니 안타깝다 정말. 그래도 빨리 알게 되서 다행인 것 같은데?	N	2022-07-07 18:13:44	2022-11-08 04:09:24
BE22006973	5	0	응 그래도 알아서 망정이지 몰랐으면 더 큰일날 뻔했어. 내가 알기 전에 누가 사진을 찍거나 하진 않았겠지?	N	2022-07-07 18:13:44	2022-11-08 04:09:24
BE22006973	6	1	누군가가 봤을지도 모른다는 불안감에 빠졌구나. 나였어도 충분히 불안했을 거야. 지금 나도 오만가지 생각이 다 나는데 자기는 얼마나 힘들겠어.	N	2022-07-07 18:13:44	2022-11-08 04:09:24
BE22006973	7	0	맞아. 지금 너무 불안해서 잠도 못 자고 계속 생각 중이야. 혹시나 누가 보거나 사진이라도 찍었으면 너무 수치스럽고 창피할 것 같아.	N	2022-07-07 18:13:44	2022-11-08 04:09:24
BE22006973	8	1	걱정하지 마, 별일 없었을 거야. 바지가 터져도 티가 안 나는 경우가 많잖아? 그랬을지도 모르니까 너무 심한 추측은 자제하는 게 어때?	N	2022-07-07 18:13:44	2022-11-08 04:09:24
BE22006973	9	0	바지 안쪽이 터지긴 했지만 마주 보고 내려오는 사람이 봤을 수도 있잖아. 음흉한 생각을 가진 사람이 있었으면 어떡해.	N	2022-07-07 18:13:44	2022-11-08 04:09:24
BE22006973	10	1	그걸 본 순간 정말 많이 놀라고 당황스러웠겠다. 그래도 다행히 안쪽이라 보이진 않았을 것 같은데? 너무 부정적으로 생각하면 더 힘들어질 것 같아.	N	2022-07-07 18:13:44	2022-11-08 04:09:24
BE22006973	11	0	나도 어떻게 해서든 긍정적으로 생각해 보고 싶지만 이게 맘처럼 쉽게 되지 않네. 일어날 가능성은 전부 생각하게 되는 것 같아.	N	2022-07-07 18:13:44	2022-11-08 04:09:24
BE22006973	12	1	아무리 바지가 터졌어도 안쪽이면 많이 티가 안 났을 거야. 알아보신 분이 빨리 알려줘서 가릴 수 있었잖아. 네가 생각한 것만큼 나쁜 일은 일어나지 않을 거니까 너무 걱정하지 마.	N	2022-07-07 18:13:44	2022-11-08 04:09:24
BE22006973	13	0	생각해보니 네 말이 맞네. 내가 너무 조급한 마음에 안 좋은 생각만 반복해서 하게 되었나 봐. 고마워 자기 덕분에 조금 진정할 수 있을 것 같아.	N	2022-07-07 18:13:44	2022-11-08 04:09:24
BE22006973	14	1	정말 다행이다. 만약 또 나쁜 생각이 나거나 무슨 일이 생기면 언제든지 연락해. 내가 항상 기다리고 있을게.	N	2022-07-07 18:13:44	2022-11-08 04:09:24
BE22006973	15	0	정말 고마워 역시 내가 믿을 건 자기밖에 없어!	Y	2022-07-07 18:13:44	2022-11-08 04:09:25
