id	utterance_id	utterance_type	utterance_text	terminate	regDate	updDate
BE22001497	1	0	자기야. 나 놀이기구 타려고 기다리는데 내 앞에서 놀이기구가 고장 났어.	N	2022-06-16 00:30:10	2022-11-08 03:34:05
BE22001497	2	1	안 그래도 나 방금 SNS에서 소식 접했어. 그래서 연락하려던 참이야.	N	2022-06-16 00:30:10	2022-11-08 03:34:05
BE22001497	3	0	엄청 높이까지 올라갔다가 덜컹, 하는 큰 소리가 나더니 저렇게 멈춰버렸어. 어찌나 놀랐는지 심장이 밖으로 튀어나올 것처럼 빠르게 뛰어.	N	2022-06-16 00:30:10	2022-11-08 03:34:05
BE22001497	4	1	자기 큰 소리 나는 거 무서워하잖아. 게다가 눈앞에서 그런 일이 벌어져서 정말 놀랐겠다. 나라도 놀랐을 거야.	N	2022-06-16 00:30:10	2022-11-08 03:34:05
BE22001497	5	0	아니. 너무 놀라서 진정이 안 돼. 내가 저 사람들이었으면 기절하고 말았을 거야.	N	2022-06-16 00:30:10	2022-11-08 03:34:05
BE22001497	6	1	그러게. 자기는 정말 트라우마로 남았을지 몰라. 그래서 지금은 어디에 있어? 계속 줄 서 있는 거야?	N	2022-06-16 00:30:10	2022-11-08 03:34:05
BE22001497	7	0	무서워서 도무지 이 기구는 못 탈 것 같아서 방금 줄을 이탈해 버렸어. 그냥 집으로 일찍 갈까 해.	N	2022-06-16 00:30:10	2022-11-08 03:34:05
BE22001497	8	1	응. 모처럼 기분 전환하려고 놀이공원까지 간 건데 뜻하지 않은 사고로 많이 놀랐겠다. 걱정이 돼. 그래도 네가 그 놀이기구에 타고 있지 않아 정말 다행이다.	N	2022-06-16 00:30:10	2022-11-08 03:34:05
BE22001497	9	0	응. 저 사람들 혹시 무슨 일 생기는 건 아니겠지? 무서워서 뒤도 못 돌아보겠어.	N	2022-06-16 00:30:10	2022-11-08 03:34:05
BE22001497	10	1	놀이공원 측에서 그렇게 두지는 않을 거야. 곧 수리 기사님들 오시지 않을까?	N	2022-06-16 00:30:10	2022-11-08 03:34:05
BE22001497	11	0	소란스러운 거 보니까 일이 진행되고 있기는 한가 봐. 아무 일도 없어야 할 텐데. 아직까지 심장이 너무 세차게 뛰고 마음이 불안해.	N	2022-06-16 00:30:10	2022-11-08 03:34:05
BE22001497	12	1	심호흡하면서 천천히 다른 생각에 집중해 봐. 지금 자기가 놀이공원이 아니라고 상상하며 걷는 것도 좋을 것 같아. 많이 놀랬겠지만 최대한 침착해야 해.	N	2022-06-16 00:30:10	2022-11-08 03:34:05
BE22001497	13	0	응. 그냥 빨리 놀이공원을 벗어나고 싶은 마음뿐이야. 집으로 갈래.	N	2022-06-16 00:30:10	2022-11-08 03:34:05
BE22001497	14	1	응. 마음이 많이 불안하지? 지하철에서 자기가 평소에 좋아하던 노래나 추억이 담긴 사진 같은 걸 구경하면 조금 편안해질지 몰라. 그래도 불안하면 나한테 전화해.	N	2022-06-16 00:30:10	2022-11-08 03:34:05
BE22001497	15	0	고마워. 자기가 하라는 대로 하면 많이 진정될 것 같아. 우선 집으로 가야겠어.	Y	2022-06-16 00:30:10	2022-11-08 03:34:05
