id	utterance_id	utterance_type	utterance_text	terminate	regDate	updDate
BE22019044	1	0	자기야, 나 지금 회식 중이야. 그런데 화장실이 너무 가고 싶은데 혼자는 불안해서 못 가겠어.	N	2022-09-20 04:43:53	2022-09-20 04:43:53
BE22019044	2	1	왜 그렇게 불안해하는 거야, 너무 걱정이 된다. 무슨 일이라도 생긴 건 아니지?	N	2022-09-20 04:43:53	2022-11-08 05:24:47
BE22019044	3	0	여기 식당 화장실이 남녀 공용이야. 내가 예전에 남녀 공용 화장실에 갔다가 어떤 아저씨가 계속 안 나가는 거야. 그래서 오랜 시간 동안 여자 칸에서 못 나왔던 안 좋은 기억이 있어서 너무 불안해.	N	2022-09-20 04:43:53	2022-09-20 04:43:53
BE22019044	4	1	그런 일이 있었구나, 이런 얘기는 처음 들어서 전혀 몰랐어. 그때 당시 자기가 어떤 심정이었을지 너무 이해가 간다. 이렇게 불안해하는 자기를 보니 내가 다 마음이 안 좋네.	N	2022-09-20 04:43:53	2022-09-20 04:43:53
BE22019044	5	0	다른 사람이랑 같이 가고 싶은데 다닌 지 얼마 안 된 회사라서 말도 못 하겠어. 혼자 가기엔 그때의 기억이 떠올라서 불안하고 걱정이 돼서 발이 안 떨어져. 왜 나에게 이런 시련이 생긴 건지 마음이 안 좋아.	N	2022-09-20 04:43:53	2022-09-20 04:43:53
BE22019044	6	1	누구에게나 충분히 일어날 수 있는 일들이야. 그러니 더 이상 너무 마음에 담아두고 상처받는 일은 없었으면 좋겠어. 그럴수록 자기만 더 힘들고 떨쳐내기엔 더 어려울 거 같아.	N	2022-09-20 04:43:53	2022-11-08 05:24:47
BE22019044	7	0	나도 그러고 싶어서 나름 노력 중인데 말처럼 쉽지가 않더라고. 내가 다른 사람들보다 겁이 많아서 이런 불안감을 못 떨쳐내나 자책도 하게 돼. 이제는 회식을 하거나 약속이 잡히면 화장실부터 걱정하게 되더라.	N	2022-09-20 04:43:53	2022-09-20 04:43:53
BE22019044	8	1	지금도 불안감 때문에 많이 힘들어하는데 스스로 자책하지는 않았으면 좋겠어. 자기는 그 누구보다 강하고 긍정적인 사람이니까 조금 더 용기를 내서 극복하고자 한다면 나아질 거야. 그러니 부정적인 생각은 내려놓고 조금 더 마음을 편하게 가져보자.	N	2022-09-20 04:43:53	2022-11-08 05:24:47
BE22019044	9	0	자기라도 그런 말을 해주니까 조금은 마음이 놓이고 한결 편안해졌어. 나도 모르게 누군가에게 이런 위로를 받고 싶었나 봐. 조금 더 용기를 내서 트라우마를 극복해 낼 용기도 생겼어.	N	2022-09-20 04:43:53	2022-11-08 05:24:48
BE22019044	10	1	내 말이 자기가 힘을 내는데 조금이라도 도움이 되었다니 정말 다행이고 안심이 된다. 그런 굳은 마음만 있다면 어떤 일이든 잘 이겨낼 수 있을 거라 생각해.	N	2022-09-20 04:43:53	2022-11-08 05:24:48
BE22019044	11	0	남녀 공용 화장실에 대한 트라우마가 있다는 얘기를 누구에게 하기가 좀 그랬거든. 혼자 너무 답답했었는데 자기랑 대화를 하고 나니까 속이 뻥 뚫리는 기분이야.	N	2022-09-20 04:43:53	2022-09-20 04:43:53
BE22019044	12	1	슬픈 일과 힘든 일은 나누면 반이 된다고 하잖아. 언제나 난 자기 편이니까 답답한 일이 있으면 나한테 얘기하면서 풀어. 그러면서 이겨낼 수 있는 힘도 얻는 거라 생각해.	N	2022-09-20 04:43:53	2022-11-08 05:24:48
BE22019044	13	0	말이라도 너무 고맙고 정말 든든하다. 자기가 아니었다면 내가 이렇게 용기를 내는 일도 없었을 거야. 나중에 이 일도 웃으며 얘기할 날이 올 거라 생각하면서 꼭 이 불안감을 떨쳐내볼게.	N	2022-09-20 04:43:53	2022-11-08 05:24:48
BE22019044	14	1	힘든 상황에서도 포기하지 않고 꿋꿋하게 이겨내려는 자기의 그 마음가짐을 진심으로 응원할게. 꼭 훌훌 털고 일어나서 언제나 밝고 씩씩하게 지낼 수 있었으면 좋겠어.	N	2022-09-20 04:43:53	2022-11-08 05:24:48
BE22019044	15	0	응! 나도 그럴 수 있기를 바라면서 열심히 노력해 볼게. 그럼 조금 있다가 다시 연락할게.	Y	2022-09-20 04:43:53	2022-09-20 04:43:53
