id	utterance_id	utterance_type	utterance_text	terminate	regDate	updDate
BE22018308	1	0	자기야. 나 요즘 고민이 있어.	N	2022-09-15 04:53:07	2022-09-15 04:53:07
BE22018308	2	1	무슨 고민인데? 뭐든 말해 봐.	N	2022-09-15 04:53:07	2022-09-15 04:53:07
BE22018308	3	0	자꾸만 친구에게 거짓말을 하게 돼. 물론 선의의 거짓말이지만 그래도 영 찝찝해.	N	2022-09-15 04:53:07	2022-09-15 04:53:07
BE22018308	4	1	자기가 거짓말을 하는 덴 분명 무슨 이유가 있겠지. 무슨 일인데?	N	2022-09-15 04:53:07	2022-09-15 04:53:07
BE22018308	5	0	내 친구가 소설을 쓰잖아. 걔가 나한테 자기 글을 자주 보여주는데 솔직히 정말 별로거든. 근데 난 계속 재밌다고 해.	N	2022-09-15 04:53:07	2022-09-15 04:53:07
BE22018308	6	1	그렇구나. 하지만 나도 그런 상황이면 그냥 재밌다고 해줄 것 같은데. 그 친구 공모전 계속 떨어진다며.	N	2022-09-15 04:53:07	2022-09-15 04:53:07
BE22018308	7	0	맞아. 그래서 계속 그냥 잘한다고 해주고는 있는데 이게 잘하는 일인지 모르겠어. 나 때문에 자기 글이 정말 재미있는 줄 알거든. 그래서 계속 떨어지는 거 아닐까?	N	2022-09-15 04:53:07	2022-09-15 04:53:07
BE22018308	8	1	네 말만 믿고 글을 고치지 않아서 계속 떨어지는 것 같아 걱정되는구나. 나라도 정말 찝찝하고 마음 쓰일 것 같아. 하지만 그게 자기 때문은 아닐 거야.	N	2022-09-15 04:53:07	2022-11-08 05:20:44
BE22018308	9	0	그래도 내가 친구를 진정으로 위한다면 진실을 말해줘야 하는 게 아닐까?	N	2022-09-15 04:53:07	2022-09-15 04:53:07
BE22018308	10	1	하지만 그렇게 하면 친구에게 상처를 줄까 봐 걱정인 거잖아. 네가 워낙 배려심이 깊고 착해서 그런 거니 너 자신을 탓하지 마. 내가 너라도 그렇게 했을 거야.	N	2022-09-15 04:53:07	2022-11-08 05:20:44
BE22018308	11	0	그래? 정말 내 탓이 아닌 걸까?	N	2022-09-15 04:53:07	2022-09-15 04:53:07
BE22018308	12	1	그럼. 너는 친구를 위해서 그런 거잖아. 칭찬은 고래도 춤추게 한다는 말이 있잖아? 이미 공모전 떨어지면서 자존감이 많이 낮아져 있는데, 자기가 칭찬해준 덕에 오히려 많이 회복됐을 거야.	N	2022-09-15 04:53:07	2022-11-08 05:20:44
BE22018308	13	0	그러네. 그렇게 생각해보니 나는 친구에게 할 수 있는 최선을 다한 거구나. 한결 마음이 편해진다.	N	2022-09-15 04:53:07	2022-11-08 05:20:45
BE22018308	14	1	도움이 되었다니 다행이야. 아무튼 자기 탓은 절대 아니니까 마음에 담아두지 말고!	N	2022-09-15 04:53:07	2022-11-08 05:20:45
BE22018308	15	0	응. 명심할게. 정말 고마워, 자기야!	Y	2022-09-15 04:53:07	2022-11-08 05:20:45
