id	utterance_id	utterance_type	utterance_text	terminate	regDate	updDate
BE22017793	1	0	자기야, 일주일에 한 번 정도 테니스 치는 걸로 대회 나가는 건 무리겠지?	N	2022-09-13 00:05:55	2022-09-13 00:05:55
BE22017793	2	1	이미 대회 나가기로 한 거 아니었어? 왜 그래? 잘하지 못할까 봐 불안해서 그래?	N	2022-09-13 00:05:55	2022-11-08 05:17:33
BE22017793	3	0	응, 깜냥도 안 되는데 대회 참가 신청을 한 것 같아서 너무 불안하고 초조해. 내가 잘 해낼 수 있을까? 연습이 너무 부족한 것 같아.	N	2022-09-13 00:05:55	2022-09-13 00:05:55
BE22017793	4	1	자기는 직장을 다니느라 주말밖에 시간이 안 되잖아. 어쩔 수 없는 거지, 뭐. 그리고 사회인 테니스 대회라면서, 그럼 다들 비슷한 처지겠지.	N	2022-09-13 00:05:55	2022-11-08 05:17:33
BE22017793	5	0	그렇긴 하지만 불안한 마음이 자꾸만 드는 건 어쩔 수 없어. 퇴근하고도 연습해야 하나 싶기도 하고. 내가 대회가 코 앞인데 너무 안일한 것 같아.	N	2022-09-13 00:05:55	2022-11-08 05:17:33
BE22017793	6	1	연습이 부족한 것 같아 마음이 걱정되고 초조한가 보네. 자기가 불안해하니까 나도 마음이 무겁다. 내가 자기였어도 대회를 앞두고 긴장이 많이 됐을 거야.	N	2022-09-13 00:05:55	2022-11-08 05:17:34
BE22017793	7	0	정말 긴장이 많이 돼. 처음으로 나가보는 대회라서 잘하고 싶은 마음도 크고 말이야. 내가 너무 욕심을 부리는 걸까?	N	2022-09-13 00:05:55	2022-11-08 05:17:34
BE22017793	8	1	아니야, 당연히 그럴 수 있지. 잘 할 수 있을 테니까 너무 긴장하고 초조해하지 마. 그리고 자기 말대로 처음이니까 도전하는 것에 의의를 두고 해보면 마음이 더 편해질 거야.	N	2022-09-13 00:05:55	2022-11-08 05:17:34
BE22017793	9	0	내 마음 이해해줘서 고마워. 욕심은 나면서도 연습할 시간이 없어서 불안한 마음이 컸거든. 자기 말대로 마음을 편하게 먹어야겠어.	N	2022-09-13 00:05:55	2022-11-08 05:17:34
BE22017793	10	1	잘 생각했어. 내가 보기엔 자기가 이미 잘하고 있어. 그러니 긴장 풀고, 불안한 마음도 내려놓고 즐겁게 참가해 봐. 스트레스를 받으면서까지 하는 건 자기한테 너무 힘든 일이잖아.	N	2022-09-13 00:05:55	2022-11-08 05:17:34
BE22017793	11	0	자기 말이 맞아. 내가 즐거워지려고 시작한 테니스인데 여기서 스트레스를 받으면 안 되지. 대회에서도 즐기는 마음으로 참여해야겠어.	N	2022-09-13 00:05:55	2022-11-08 05:17:34
BE22017793	12	1	그래, 결과에 너무 매달리지 말고 과정을 즐겨 봐. 그리고 불안할수록 마음 편하게 먹고 자신감을 가져. 연습의 횟수보다는 얼마나 열심히 했는지가 더 중요하니까.	N	2022-09-13 00:05:55	2022-11-08 05:17:34
BE22017793	13	0	응, 그렇게 말해줘서 고마워, 마음이 한결 편해졌어. 일주일에 한 번 밖에 테니스 연습을 못 해서 불안했는데 마음이 많이 편해졌다. 자기 말대로 횟수보다는 내용이 알차야지.	N	2022-09-13 00:05:55	2022-11-08 05:17:34
BE22017793	14	1	그래, 자기가 마음이 편해졌다니 다행이야. 앞으로 남은 기간도 기운 내서 열심히 연습하고 잘 해보자! 나는 자기를 언제나 응원해.	Y	2022-09-13 00:05:55	2022-11-08 05:17:34
