id	utterance_id	utterance_type	utterance_text	terminate	regDate	updDate
BE22019290	1	0	오늘 첫 출근 진짜 너무 힘들었다. 자기는 뭐하고 있어?	N	2022-09-21 05:47:29	2022-09-21 05:47:29
BE22019290	2	1	나 방금 씻고 누웠어. 오늘 첫 출근 소감이 어때?	N	2022-09-21 05:47:29	2022-09-21 05:47:29
BE22019290	3	0	신입이라 그런지 모두 많은 배려를 해주시더라고. 근데 나는 그게 조금 많이 불편했어. 나중 가서 실수하면 더 많은 질타를 받을 거 같고 상처 받을까 봐 불안하더라고.	N	2022-09-21 05:47:29	2022-09-21 05:47:29
BE22019290	4	1	사람들의 배려가 우리 자기한테는 불안한 요소로 다가왔구나. 아무래도 처음에 잘해주고 배려해주다가 실수 한 번 했다고 돌변하는 경우도 있으니까. 어떤 불안감을 느꼈는지 너무 이해가 된다.	N	2022-09-21 05:47:29	2022-11-08 05:33:57
BE22019290	5	0	응 맞아. 차라리 처음부터 나를 강하게 키웠으면 좋겠다는 생각이 들더라고. 이렇게 많은 배려를 받다가 내가 풀어지게 될까봐 불안하고 걱정스러워. 긴장하고 잘하려고 노력하는데 배려가 나를 망치진 않을까 싶어.	N	2022-09-21 05:47:29	2022-11-08 05:33:57
BE22019290	6	1	그래도 사람들의 배려를 당연하게 생각하지 않고 자기 자신을 채찍질하고 돌아보려는 자기의 모습이 너무 멋있다. 너무 불안해 하거나 걱정하지 마. 배려를 받은 만큼 더 노력해서 보답하면 된다고 생각해.	N	2022-09-21 05:47:29	2022-11-08 05:33:57
BE22019290	7	0	내가 괜한 불안감에 불편함을 느낀 걸까. 신입이라 다 괜찮다고 실수해도 웃으면서 배려해주시는데 그게 감사하면서도 한편으로는 되게 불안하더라고. 나중에 내가 큰 실수를 했을 때도 나도 모르게 에이 괜찮겠지 하는 생각이 들면 어떡하지.	N	2022-09-21 05:47:29	2022-11-08 05:33:57
BE22019290	8	1	내가 아는 우리 자기는 그런 무책임한 사람이 아닌걸. 오히려 그 배려가 고마워서 더 열심히 일을 배우려고 노력하는 열정적인 사람이라는 거 알아.	N	2022-09-21 05:47:29	2022-11-08 05:33:57
BE22019290	9	0	자기가 나를 그렇게 좋게 봐주고 있었구나. 휴. 그렇게 말해줘서 너무 고마운데 마음 한편으로는 계속 불안해서 손이 떨려. 나 잘 해나갈 수 있을까?	N	2022-09-21 05:47:29	2022-11-08 05:33:57
BE22019290	10	1	당연하지. 배려를 당연하게 생각하지 않고 오히려 불편하다고 생각하는 점이 자기가 발전할 수 있다는 증거야. 그 배려가 불편해지지 않게 앞으로 일 더 열심히 배우고 성실하게 임하면 된다고 생각해. 내가 아는 자기는 그 누구보다 똑똑하고 열정적이니까 잘할 수 있을 거야.	N	2022-09-21 05:47:29	2022-11-08 05:33:57
BE22019290	11	0	응. 내가 너무 부정적으로만 생각했나봐. 배려를 당연하게 여기지 않고 불편해지지 않게끔 내가 더 노력해야겠어. 역시 마음이 어지러울 땐 자기랑 얘기하는 게 최고네.	N	2022-09-21 05:47:29	2022-11-08 05:33:57
BE22019290	12	1	불안하고 걱정스러운 마음은 조금 괜찮아졌어?	N	2022-09-21 05:47:29	2022-09-21 05:47:29
BE22019290	13	0	응. 자기랑 얘기하면서 마음이 많이 편안해졌어. 이제 더 불안해하지 않고 배려에 보답하기 위해 열심히 일해야지.	N	2022-09-21 05:47:29	2022-11-08 05:33:58
BE22019290	14	1	역시 긍정적인 우리 자기 답네. 내일 출근도 응원할게!	Y	2022-09-21 05:47:29	2022-09-21 05:47:29
