id	utterance_id	utterance_type	utterance_text	terminate	regDate	updDate
BE22011722	1	0	후, 정말 스트레스받아. 요즘 회사 일 때문에 신경 쓸 일이 많아서 그런가, 머리가 간지러워 죽겠어.	N	2022-07-26 03:20:08	2022-11-08 04:39:44
BE22011722	2	1	에고, 자기는 스트레스받거나 힘들면 바로 두피에서 티가 나더라. 가렵다든가, 딱지 같은 게 생겨서 아프다든가 하면서 말이야.	N	2022-07-26 03:20:08	2022-11-08 04:39:44
BE22011722	3	0	그러니까, 두피가 진짜 예민한 것 같아. 게다가 나 지금 쓰는 샴푸가 좀 안 맞는가 싶기도 해서 적당한 걸 찾아보고 있어. 우리 가족 전부 다 두피가 튼튼한데 왜 나만 이 모양인가 몰라.	N	2022-07-26 03:20:08	2022-11-08 04:39:45
BE22011722	4	1	자기 다른 부분은 다 둔감한 편인데, 유난히 두피가 예민한 것 같긴 해. 스트레스를 받으면 두피가 아프고, 그래서 또 스트레스를 받고. 여러 가지로 악순환의 반복이다 보니 자기 마음이 정말 힘들 것 같아.	N	2022-07-26 03:20:08	2022-11-08 04:39:45
BE22011722	5	0	진짜, 딱 그 말이 맞아, 스트레스받으면 아프고, 아프면 또 스트레스받고! 내 두피 상태에 맞는 샴푸를 고르는 것도 일이야 정말. 샴푸 종류가 얼마나 많은지 찾아보는 것도 또 스트레스야.	N	2022-07-26 03:20:08	2022-11-08 04:39:45
BE22011722	6	1	아무래도 내 몸이다 보니까 더 예민해질 수밖에 없겠다. 나도 피부가 예민한 편이라 화장품 고를 때 진짜 오래 알아보고 선택하거든. 그래서 자기 마음 진짜 이해 간다, 혹시 내가 잘못 선택할까봐 걱정되기도 하겠어.	N	2022-07-26 03:20:08	2022-11-08 04:39:45
BE22011722	7	0	사람마다 워낙 다르니까, 아무리 따져보고 후기를 보고 골라도 나랑은 안 맞을 수도 있잖아? 저번에 한번 잘못 샀다가 두피 다 뒤집어지고 심지어 빠지기까지 했었잖아. 그때 생각하면 끔찍해, 그래서 아무거나 사기가 좀 불안하고, 걱정돼.	N	2022-07-26 03:20:08	2022-11-08 04:39:45
BE22011722	8	1	그때 자기 괜찮아지기까지 꽤 오래 걸린 데다가 스트레스도 정말 많이 받고, 힘들었지. 그래서 지금이 더 조심스럽고, 스트레스받을 것 같아. 또 그 일이 반복될까봐 불안하기도 하겠어.	N	2022-07-26 03:20:08	2022-11-08 04:39:45
BE22011722	9	0	후, 우리 엄마는 왜 나만 이렇게 두피를 예민하게 낳아주셨나 몰라. 동생은 비누로 벅벅 감아도 괜찮던걸.	N	2022-07-26 03:20:08	2022-11-08 04:39:45
BE22011722	10	1	다르게 생각하면 자기는 덕분에 두피 관리를 하는 법을 충분히 배우고 익힐 수 있었잖아. 지금부터 관리 잘해놓고, 관리하는 법을 배워두면 나중에 정말 도움이 될 거야. 당장 스트레스받는 마음은 충분히 이해하지만, 자기는 좋은 습관 하나를 벌써 만든 거라구.	N	2022-07-26 03:20:08	2022-11-08 04:39:45
BE22011722	11	0	하긴, 아무래도 다른 사람들보다 두피 관리나 화장품 사용 같은 거에 예민하긴 하지.	N	2022-07-26 03:20:08	2022-11-08 04:39:45
BE22011722	12	1	그래서 자기 머릿결 보면 다른 사람들보다 확실히 좋은 게 느껴져. 관리하고 신경 쓰고 있다는 인상이 느껴지기도 하고 말이야. 어차피 평생 해야 하는 관리라면 미리 습관 들여놓는 것도 나쁘지 않잖아.	N	2022-07-26 03:20:08	2022-11-08 04:39:45
BE22011722	13	0	음. 나는 항상 나만 왜 이럴까 하면서 툴툴대기 바빴는데, 자기 말을 들으니까 그렇게 생각할 수도 있겠다. 그 말을 들으니까 기분이 조금 나아지는 것 같아.	N	2022-07-26 03:20:08	2022-11-08 04:39:45
BE22011722	14	1	그럼, 나를 위해 최고의 것을 고르는 것도 연습이 필요한 거니까. 그런 면에서 자기는 지금도 충분히 연습을 하고 있는 중이잖아. 이 경험은 앞으로 무엇을 하든 자기에게 도움이 될 거야.	Y	2022-07-26 03:20:08	2022-11-08 04:39:45
