id	utterance_id	utterance_type	utterance_text	terminate	regDate	updDate
BE22003428	1	0	오빠, 나 어떡해! 너무 무서워. 장난 삼아 우리 커플링을 엄지손가락에 끼워봤는데, 몇 시간째 여러 방법을 써봐도 빠지지를 않아!	N	2022-06-24 15:08:31	2022-11-08 03:46:29
BE22003428	2	1	뭐라고? 손가락은 괜찮은 거야?	N	2022-06-24 15:08:31	2022-11-08 03:46:29
BE22003428	3	0	아니 안 괜찮아. 지금 빨갛게 퉁퉁 붓고 너무 아파. 무서워. 피부도 까졌고, 손가락이 갈수록 더 부어서 반지가 절대 안 빠져.	N	2022-06-24 15:08:31	2022-11-08 03:46:29
BE22003428	4	1	많이 놀라고 무서울 거 충분히 이해해. 혼자 얼마나 무서웠을까 마음이 너무 아프다. 나도 지금 많이 불안한데, 그래도 일단 침착해야 방법을 찾으니까 같이 심호흡을 세 번 해볼까?	N	2022-06-24 15:08:31	2022-11-08 03:46:29
BE22003428	5	0	알겠어. 오빠랑 얘기하니까 그래도 조금 안심돼.	N	2022-06-24 15:08:31	2022-11-08 03:46:29
BE22003428	6	1	응 함께 방법을 찾다보면 꼭 해결할 수 있을 거니까 걱정 마! 최후의 방법으로 금은방 가서 반지를 절단하는 방법도 있고, 쉽게 해결할 수 있을 거야 안심해. 우선 비누, 기름, 핸드크림은 칠해봤을 것 같고, 안 해봤을 법한 방법을 알려 줄게.	N	2022-06-24 15:08:31	2022-11-08 03:46:29
BE22003428	7	0	반지를 절단하는 방법도 있었구나. 무섭고 당황해서 생각을 못했어. 새로운 방법이 있어?	N	2022-06-24 15:08:31	2022-11-08 03:46:29
BE22003428	8	1	넓은 리본을 활용해서 반지를 빼는 방법인데, 리본이랑 미끌미끌한 것을 활용하더라고. 영상을 첨부할게. 주의할 점은 부은 부분부터 묶으면 안 된다는 점이야. 오히려 더 빼기 어렵게 된대.	N	2022-06-24 15:08:31	2022-11-08 03:46:29
BE22003428	9	0	반지가 드디어 빠졌어! 나 너무 안심돼서 눈물나. 손가락도 너무 아프고, 지금까지 부었던 것 중에 제일 크게 부어서 너무 무서웠거든.	N	2022-06-24 15:08:31	2022-11-08 03:46:29
BE22003428	10	1	다행이다! 나도 이제 안심된다. 많이 무서웠구나. 한 번에 빠져서 정말 다행이야.	N	2022-06-24 15:08:31	2022-11-08 03:46:29
BE22003428	11	0	진짜로 다행이야. 나 순간 손가락을 절단하는 상상까지 했다니까. 오빠가 도와줘서 간신히 침착하게 뺄 수 있었어. 고마워.	N	2022-06-24 15:08:31	2022-11-08 03:46:29
BE22003428	12	1	천만에. 나도 엄청 놀랐다가 안심돼서 다리에 힘 풀리는 거 있지. 도움에 되어서 기뻐. 이제 커플링은 약지에만 끼우자!	N	2022-06-24 15:08:31	2022-11-08 03:46:29
BE22003428	13	0	알겠어. 걱정하게 해서 정말로 미안해.	N	2022-06-24 15:08:31	2022-11-08 03:46:30
BE22003428	14	1	괜찮아. 이제 놀란 마음 진정시키고, 살 까진 데에 연고도 바르자.	Y	2022-06-24 15:08:31	2022-11-08 03:46:30
