id	utterance_id	utterance_type	utterance_text	terminate	regDate	updDate
BE22001076	1	0	나 요즘 하루에 커피를 네다섯 잔씩 마시는 것 같아.	N	2022-06-14 01:53:33	2022-11-08 03:31:18
BE22001076	2	1	요즘 그런 것 같긴 했는데 그렇게나 많이 먹는 줄은 몰랐어.	N	2022-06-14 01:53:33	2022-11-08 03:31:18
BE22001076	3	0	퇴근 후에도 매일 새벽까지 집에서 일하니까 졸음을 떨치려면 어쩔 수가 없어.	N	2022-06-14 01:53:33	2022-11-08 03:31:18
BE22001076	4	1	잠까지 줄이면서 너무 고생하는 것 같아 마음이 안 좋네. 지금은 고생하지만 머지않아 여유로워질 날도 올 거야.	N	2022-06-14 01:53:33	2022-11-08 03:31:18
BE22001076	5	0	과연 그럴까? 최근에 건강도 다 망친 것 같아. 내가 뭘 위해서 이러고 있나 회의감이 들어.	N	2022-06-14 01:53:33	2022-11-08 03:31:18
BE22001076	6	1	나라도 그럴 것 같아. 건강을 잃으면 다 잃는 거잖아. 먹고살려고 건강을 반납하는 기분이 들 때가 있지.	N	2022-06-14 01:53:33	2022-11-08 03:31:18
BE22001076	7	0	다들 이렇게 사는 거겠지? 이런 대화를 하고 있는 지금도 커피 한잔 더 시켰어.	N	2022-06-14 01:53:33	2022-11-08 03:31:18
BE22001076	8	1	너무 피곤해 보여서 마음이 아프다. 새벽에 잠을 못 자니까 낮 시간에 많이 힘들 것 같아.	N	2022-06-14 01:53:33	2022-11-08 03:31:18
BE22001076	9	0	부장님은 하루에 커피 일곱 잔까지 마셔본 적이 있대. 다들 뭘 위해서 이렇게 사는지.	N	2022-06-14 01:53:33	2022-11-08 03:31:18
BE22001076	10	1	일곱 잔은 심하다. 나는 자기가 자기 건강을 제일 중요하게 생각했으면 좋겠어. 방금 시킨 커피까지만 먹고 좀 줄여보자.	N	2022-06-14 01:53:33	2022-11-08 03:31:18
BE22001076	11	0	그러다 일하면서 꾸벅꾸벅 조는 거 아니야? 지금 내 상태라면 그럴 것 같아.	N	2022-06-14 01:53:33	2022-11-08 03:31:18
BE22001076	12	1	내 생각에 자기는 커피보다 힐링이 필요한 것 같아. 쉬는 날에 놀러 가자.	N	2022-06-14 01:53:33	2022-11-08 03:31:18
BE22001076	13	0	쉬는 날이 있어야 할 텐데. 이번 주 주말도 불투명해.	N	2022-06-14 01:53:33	2022-11-08 03:31:18
BE22001076	14	1	만약 못 쉬게 되면 내가 자기 회사 앞으로 갈게. 맛있는 디저트 사서.	N	2022-06-14 01:53:33	2022-11-08 03:31:18
BE22001076	15	0	알았어. 얼굴이라도 잠깐 본다고 생각하니 힘이 조금은 난다.	Y	2022-06-14 01:53:33	2022-11-08 03:31:18
