id	utterance_id	utterance_type	utterance_text	terminate	regDate	updDate
BE22019468	1	0	자기, 내가 어제 갑상샘에서 혹이 발견되어서 조직 검사를 받았잖아. 검사 결과는 며칠 걸린다고 해서 기다리는 중인데 너무 불안하고 걱정이 돼. 혹시라도 갑상샘암이면 어쩌지 너무 불안해.	N	2022-09-21 11:54:37	2022-09-21 11:54:37
BE22019468	2	1	자기, 나도 어제부터 긴장하고 있는 중이야. 내 기분도 이렇게 불안한데 당사자인 자기 기분은 더 힘들겠지. 자기가 이렇게 초조한 것도 이해가 돼.	N	2022-09-21 11:54:37	2022-11-08 05:25:56
BE22019468	3	0	갑상샘암이라는 게 암 중에서는 가장 순하다고는 해도 암은 암이잖아. 내가 이 나이에 암에 걸릴 거라고 상상도 못 했는데 너무 두렵고 불안해. 암에 걸린다는 상상만 해도 가슴이 두근거릴 정도로 불안하고 걱정스러워.	N	2022-09-21 11:54:37	2022-09-21 11:54:37
BE22019468	4	1	누구라도 그런 가능성을 떠올리면 그렇게 손이 떨리고 식은땀이 날 만큼 불안할 거야. 암이라는 게 가장 무서운 병이잖아. 자기가 이렇게 힘든 시기를 지나야 한다는 게 통탄스럽고 안쓰러워.	N	2022-09-21 11:54:37	2022-11-08 05:25:56
BE22019468	5	0	특히 걱정되는 건 우리 부모님도 두 분 다 암으로 고통받으시다가 돌아가셨거든. 그래서 가족력이 있을지 몰라서 매년 암 검사를 받아왔던 거야. 그동안은 깨끗했는데 이번에 이렇게 갑상샘에서 혹이 발견되다니 너무나도 불안해.	N	2022-09-21 11:54:37	2022-09-21 11:54:37
BE22019468	6	1	유전되었을지 모른다는 두려움 충분히 이해해. 하지만 오히려 그 위험성을 스스로 주지하고 있었기 때문에 더욱 건강한 생활 습관을 유지해 왔잖아. 커피와 술도 마시지 않고 매일 푹 자면서 건강 관리를 철저히 했던 자기가 너무 대단해.	N	2022-09-21 11:54:37	2022-11-08 05:25:56
BE22019468	7	0	나도 내가 그동안 건강을 위해 엄청나게 노력해 왔으니까 괜찮을 거라고 자신을 달래고 있어. 내가 얼마나 바르게 살았는데 설마 크게 안 좋은 결과는 없겠지. 그렇지만 너무 불안하고 걱정스러운 마음을 참기가 어려워.	N	2022-09-21 11:54:37	2022-11-08 05:25:56
BE22019468	8	1	지금으로서는 검사 결과가 제대로 나오기 전까지 우리가 할 수 있는 건 없어. 그러니까 자기 뜻처럼 무조건 긍정적으로 생각하는 수밖에는 없는 것 같아.	N	2022-09-21 11:54:37	2022-11-08 05:25:56
BE22019468	9	0	부정적인 사고는 건강에 더 나쁘다잖아. 건강이 안 좋아 걱정이 되니까 스트레스받고 스트레스받으니 건강이 나빠지고 하는 악순환인 거야. 밤에 자려고 누우면 걱정이 치밀어서 잠이 안 올 정도야.	N	2022-09-21 11:54:37	2022-11-08 05:25:56
BE22019468	10	1	걱정되는 마음은 지극히 당연하고 정상적인 거니까 억지로 부정할 필요는 없어. 지나치게 불안에 떨지 않도록 노력해보자는 것뿐이지. 자신을 어떤 식으로든 억누르거나 억압하려고 하지는 않기를 바라.	N	2022-09-21 11:54:37	2022-11-08 05:25:56
BE22019468	11	0	자기가 있어서 정말 힘이 돼. 자기까지 불안에 떨게 만든 것 같아서 미안하네. 나도 이제 씩씩하게 용감해질 테니 자기도 너무 힘들어하지 마.	N	2022-09-21 11:54:37	2022-11-08 05:25:56
BE22019468	12	1	나를 걱정하지는 말았으면 좋겠어. 나는 단지 자기가 걱정일 뿐이고 그건 당연한 거야. 우리는 둘 다 이 어려움을 이겨낼 수 있어.	N	2022-09-21 11:54:37	2022-11-08 05:25:56
BE22019468	13	0	고마워, 검사 결과가 나오면 즉시 알려줄게. 자기가 힘을 줘서 한결 마음이 나아졌어.	N	2022-09-21 11:54:37	2022-11-08 05:25:56
BE22019468	14	1	언제나 응원하고 함께할 거니까 힘내.	Y	2022-09-21 11:54:37	2022-11-08 05:25:56
