id	utterance_id	utterance_type	utterance_text	terminate	regDate	updDate
BE22017963	1	0	자기야! 나 지금 너무 불안하고 걱정이 되는 일이 생겨서 약속 시간에 좀 늦을 거 같아.	N	2022-09-13 07:42:17	2022-09-13 07:42:17
BE22017963	2	1	나는 괜찮은데 자기가 너무 걱정이 된다. 무슨 심각한 문제라도 생긴 거야?	N	2022-09-13 07:42:17	2022-09-13 07:42:17
BE22017963	3	0	좀 아까 나 샤워하는 동안 할아버지가 나가셨는데 바퀴가 펑크 난 자전거를 끌고 가셨어. 혹시나 그 자전거 때문에 사고라도 나셨을까 봐 불안해서 좀 나가 봐야 할 거 같아.	N	2022-09-13 07:42:17	2022-09-13 07:42:17
BE22017963	4	1	자기 얘기 들으니까 나도 너무 걱정이 된다. 자기가 지금 어떤 심정일지 너무나 이해가 돼. 아무 일도 없으셔야 할 텐데 뭐라 위로의 말을 해야 될지 모르겠네.	N	2022-09-13 07:42:17	2022-11-08 05:18:35
BE22017963	5	0	자기도 알다시피 나한테 가족이라곤 할아버지 한 분이시잖아. 그래서 항상 할아버지한테 무슨 일이라도 생길까 불안하고 마음이 안 좋아. 이런 상황이라 괜히 자기한테도 피해를 주는 거 같아서 미안하네.	N	2022-09-13 07:42:17	2022-09-13 07:42:17
BE22017963	6	1	그런 생각은 애초에 하지도 마! 나는 진짜 괜찮으니까 너무 마음 쓰지 말고 속상해하지 않았으면 좋겠어. 자기가 상처받아서 힘들어하면 나도 같은 마음이니까 항상 굳게 버텨내고 상황도 잘 해결이 됐으면 좋겠어.	N	2022-09-13 07:42:17	2022-11-08 05:18:35
BE22017963	7	0	하지만 이게 쉽지가 않네. 미안한 감정도 불안감도 크다 보니 내가 잘 이겨낼 수 있을지 자신도 없어. 지금 온몸에 기운이 빠지는 기분이야.	N	2022-09-13 07:42:17	2022-09-13 07:42:17
BE22017963	8	1	할아버지 걱정에 마음이 불안한 건 충분히 이해해. 아직 일어나지도 않은 일로 미리 걱정하면서 스스로를 힘들게 하지는 말자. 최대한 좋은 쪽으로 생각하려고 노력한다면 마음도 조금은 편해질 거야.	N	2022-09-13 07:42:17	2022-11-08 05:18:35
BE22017963	9	0	그런 생각은 또 안 해봤네. 자기의 말을 듣고 보니 내가 너무 내 생각만 하면서 걱정했던 거 같네. 덕분에 조금은 마음이 놓이는 거 같고 조금은 이겨낼 수 있겠단 용기도 생겼어.	N	2022-09-13 07:42:17	2022-11-08 05:18:35
BE22017963	10	1	내 말에 자기가 이렇게 기운 내는 모습을 보여주니 정말 다행이고 내가 다 안심이 된다. 자기는 긍정적이고 강한 사람이었으니까 조금 더 용기를 낸다면 이번 일도 잘 이겨낼 거야.	N	2022-09-13 07:42:17	2022-11-08 05:18:35
BE22017963	11	0	나도 모르게 그런 위로와 응원의 말들을 듣고 싶었나 봐. 정말 마음이 한결 편해지고 큰 힘이 된다. 답답했던 마음도 자기랑 대화를 하면서 많이 후련해졌어.	N	2022-09-13 07:42:17	2022-11-08 05:18:35
BE22017963	12	1	힘들수록 누군가와 나누면 반이 된다고 하잖아. 언제나 어려운 일이 생기면 나한테라도 얘기해. 이렇게 털어놓고 위로받으면서 더 잘 이겨낼 수 있는 거라 생각해.	N	2022-09-13 07:42:17	2022-11-08 05:18:35
BE22017963	13	0	말이라도 정말 고마워. 이럴 때 자기가 옆에 있어서 얼마나 다행인지 몰라. 덕분에 앞으로도 어떤 힘든 일이든 잘 헤쳐 나갈 수 있을 것만 같아.	N	2022-09-13 07:42:17	2022-09-13 07:42:17
BE22017963	14	1	그렇게 말해주니 내가 다 고맙고 보람을 느껴. 힘들어도 포기하지 않고 꿋꿋하게 버텨내려는 자기를 언제나 응원하고 칭찬해, 그러니 항상 힘내!	N	2022-09-13 07:42:17	2022-11-08 05:18:35
BE22017963	15	0	그런 감사한 말에 보답하기 위해서 자기의 조언대로 나도 열심히 노력하면서 힘내볼게.	Y	2022-09-13 07:42:17	2022-09-13 07:42:17
