id	utterance_id	utterance_type	utterance_text	terminate	regDate	updDate
BE22018114	1	0	자기, 동생이 파혼 후 방에서 나오지 않는데 나쁜 생각하는 게 아닐까 너무 불안해. 이럴 때일수록 오히려 내게 기대고 얼른 기운 차렸으면 좋겠는데 말이야. 계속 방에 혼자 있으니까 무슨 생각하고 있는지도 모르겠어.	N	2022-09-14 04:39:02	2022-09-14 04:39:02
BE22018114	2	1	동생 분 그런 일을 겪게 돼서 정말 유감이야. 내 동생 일이라고 생각해보니 나였어도 엄청 불안했을 것 같아. 뭐 하고 있는지도 알 수가 없어서 더 막막하잖아.	N	2022-09-14 04:39:02	2022-11-08 05:19:27
BE22018114	3	0	우리 집에서 해올 수 있는 혼수가 별로 없단 이유로 파혼했다고 하더라고. 그래서 동생이 지금 우리 가족을 원망하면서 슬퍼하지 않을까 불안하고 걱정돼. 사실 이게 그쪽에서 만족을 못한 거지, 누구의 잘못이라고 할 수는 없잖아.	N	2022-09-14 04:39:02	2022-11-08 05:19:27
BE22018114	4	1	맞아, 자기 말처럼 누구의 탓도 할 수 없는 문제지. 근데 상황이 그렇게 흘러가서 듣는 나도 참 마음이 안 좋네. 동생도 얼른 마음을 추스르고 기운 차렸으면 좋겠어.	N	2022-09-14 04:39:02	2022-11-08 05:19:27
BE22018114	5	0	동생이 정말 그 사람을 사랑하는 게 보였는데 어떡하면 좋아. 밥도 제대로 안 챙겨 먹고 온종일 방에만 있으니까 이러다가 쓰러질까 봐 근심이 많아져. 내가 억지로라도 방에서 빼내야 하는 걸까?	N	2022-09-14 04:39:02	2022-09-14 04:39:02
BE22018114	6	1	위로해주고 싶다는 마음에 그렇게 행동할 수 있겠지만 오히려 역효과가 날지도 몰라. 사실 마음이 쓰린 일을 겪을 때면 극복의 시간이 필요하잖아. 아마 동생도 지금 그런 시기일 지도 몰라.	N	2022-09-14 04:39:02	2022-11-08 05:19:27
BE22018114	7	0	하지만 혹시 무슨 일이 일어날까 봐 너무 불안하고 걱정이 돼. 닫힌 방문에 노크한 적은 있는데 제발 내버려 두라고 하긴 하더라. 근데 그래도 내가 옆에서 위로하는 게 좋지 않을까 싶어.	N	2022-09-14 04:39:02	2022-09-14 04:39:02
BE22018114	8	1	상처에 대응하는 법이 사람마다 다른 것처럼, 동생은 개인 시간이 필요한 사람일지도 몰라. 평소의 동생을 생각해 봐, 마음이 강인한 사람이잖아, 분명 잘 견뎌낼 수 있을 거야. 혼자 마음을 달랠 시간이 좀더 주고 나중에 같이 무언가 하자고 제안하는 게 어떨까?	N	2022-09-14 04:39:02	2022-11-08 05:19:27
BE22018114	9	0	그래도 이런 적은 처음이라 그냥 내버려도 되는지 확신이 안 서. 자기 말처럼 그렇게 하는 게 좋을까?	N	2022-09-14 04:39:02	2022-09-14 04:39:02
BE22018114	10	1	자꾸 위로해주고 싶다는 마음가짐으로 접근하면 오히려 동생이 부담을 느낄 수도 있을 거야. 그러니 불안에 떠는 대신 동생이 자기를 필요로 할 때까지 그냥 기다리면서 지켜보자. 스스로의 감정 정리를 하고 나서 손 내밀면 그때 위로해주는 게 좋을 것 같아.	N	2022-09-14 04:39:02	2022-11-08 05:19:27
BE22018114	11	0	응, 무슨 말인지 알겠어. 내가 너무 걱정돼서 조급하게 생각했나 봐. 근데 자기 말 들으니까 동생도 개인 시간이 필요할 것 같단 생각이 들어서 진정이 돼.	N	2022-09-14 04:39:02	2022-09-14 04:39:02
BE22018114	12	1	그리고 자기가 동생을 얼마나 생각하는지 아마 동생도 지금 느끼고 있을 거야. 그러니 지금은 걱정하는 만큼이나 동생을 기다려보자. 지금은 충격이 크겠지만 동생 분명 잘 회복이 될 거야.	N	2022-09-14 04:39:02	2022-11-08 05:19:27
BE22018114	13	0	응, 그렇게 말해줘서 고마워. 자기 아니었으면 괜히 동생한테 섣부르게 다가갔다가 안 좋은 결과만 낳을 뻔했어. 나도 걱정스러운 마음 좀 내려놓을게.	N	2022-09-14 04:39:02	2022-11-08 05:19:27
BE22018114	14	1	그래도 동생을 위한 마음이 느껴져서 너무 멋진걸. 자기 같은 자매를 가진 동생이 부러워지는 순간인데. 아무쪼록 잘 해결되기를 바랄게!	N	2022-09-14 04:39:02	2022-11-08 05:19:27
BE22018114	15	0	응, 위로해줘서 정말 고마워!	Y	2022-09-14 04:39:02	2022-09-14 04:39:02
