id	utterance_id	utterance_type	utterance_text	terminate	regDate	updDate
BE22018267	1	0	자기야, 나 요즘 프로젝트팀이 만들어져서 그 안에서 일하고 있거든.	N	2022-09-15 00:53:56	2022-11-08 05:20:30
BE22018267	2	1	알지, 굉장히 중요한 프로젝트라고 하지 않았어?	N	2022-09-15 00:53:56	2022-09-15 00:53:56
BE22018267	3	0	맞아. 나한테 이번 프로젝트 진짜 너무 중요한데 팀원 중 한 명이 너무 불편해서 하루가 1년 같아. 이러다가 프로젝트가 실패할까 봐 불안하기도 해.	N	2022-09-15 00:53:56	2022-11-08 05:20:30
BE22018267	4	1	왜? 업무 스타일이 안 맞아서 불편한 거야? 가뜩이나 중요한 프로젝트인데 마음이 불안해서 스트레스 많이 받을 것 같은데 괜찮아?	N	2022-09-15 00:53:56	2022-11-08 05:20:30
BE22018267	5	0	저 사람은 팀장도 아니면서 내가 무슨 의견을 제시하면 무조건 반대부터 하고 봐. 그러니 저 사람 눈치가 보여서 일을 제대로 할 수가 없어서 너무 스트레스를 받아. 이러다가 프로젝트에 지장이 생겨서 잘못될까 봐 걱정돼.	N	2022-09-15 00:53:56	2022-11-08 05:20:30
BE22018267	6	1	의견을 냈는데 그렇게 일방적으로 반대하면 힘이 빠지긴 하지. 타인의 태도를 신경 쓰기보다 자기 자신을 믿고 자기 의견을 더 확고히 하는 건 어때? 좋은 의견이라면 다른 팀원들이 적극적으로 지지해주지 않을까?	N	2022-09-15 00:53:56	2022-11-08 05:20:30
BE22018267	7	0	저 사람이 하도 반대하니까 하고 싶은 말도 제대로 못 하고 나도 모르게 주눅이 들어. 그러다 보니 자신감이 떨어져서 미래가 불안한 것 같아.	N	2022-09-15 00:53:56	2022-11-08 05:20:30
BE22018267	8	1	자기는 항상 당당한 모습이 예쁜데, 얼마나 스트레스를 받았으면 주눅이 다 들었어. 혼자 마음고생했을 것 생각하니 내 마음이 너무 아프다. 남이 하는 공격적인 말에 너무 큰 의미를 두지 마.	N	2022-09-15 00:53:56	2022-11-08 05:20:30
BE22018267	9	0	나도 이렇게 안 맞는 사람이랑 일하는 건 처음이거든. 그러다 보니 이런 상황에 어떻게 대처해야 할지도 모르겠고 불안한 마음만 커지는 것 같아.	N	2022-09-15 00:53:56	2022-11-08 05:20:30
BE22018267	10	1	불안한 마음을 내려놓고 천천히 생각해 봐. 그래도 자기 마음이 정 힘들면 팀장한테 고민을 상담해보는 건 어때? 고민은 들고 있는 것보다 나누었을 때 그 무게감이 줄어들잖아.	N	2022-09-15 00:53:56	2022-11-08 05:20:30
BE22018267	11	0	자기 말을 듣고 보니 이렇게 혼자 감정을 버티고만 있는 것도 능사는 아닌 것 같네. 팀장한테라도 내 고민을 이야기해봐야겠어.	N	2022-09-15 00:53:56	2022-11-08 05:20:30
BE22018267	12	1	응, 그리고 프로젝트도 중요하지만 자기가 제일 중요한 거야. 건강 헤쳐가면서까지 너무 힘들게 자신을 혹사하진 말았으면 좋겠어.	N	2022-09-15 00:53:56	2022-11-08 05:20:30
BE22018267	13	0	그러게. 제일 중요한 건 나 자신인데 말이야. 프로젝트 성공에 눈이 멀어서 내가 그걸 놓치고 있었던 것 같기도 하네. 자기 덕분에 불안감을 많이 잠재울 수 있게 된 것 같아 이제 나도 마음이 편해진다.	N	2022-09-15 00:53:56	2022-11-08 05:20:30
BE22018267	14	1	자기는 어디서든 반짝반짝 빛이 나니까 꼭 지금이 아니더라도 언제든 기회는 찾아올 거야. 내가 늘 응원하고 있는 거 알지?	N	2022-09-15 00:53:56	2022-11-08 05:20:30
BE22018267	15	0	그럼. 늘 감사하게 생각해. 언제나 내 곁에 있어 줘서 고마워.	Y	2022-09-15 00:53:56	2022-11-08 05:20:30
