id	utterance_id	utterance_type	utterance_text	terminate	regDate	updDate
BE22017997	1	0	자기야 난 아빠가 게임기를 어디에 숨겼는지 알아. 이걸 엄마가 곧 찾게 될까 봐 너무 불안해.	N	2022-09-13 09:50:16	2022-09-13 09:50:16
BE22017997	2	1	왜? 아빠가 게임 하는 걸 어머니가 싫어하시는 거야?	N	2022-09-13 09:50:16	2022-11-08 05:18:46
BE22017997	3	0	계속 게임만 하고 있으니까 엄마가 볼 때마다 화를 내. 아빠는 엄마한테 게임기를 팔았다고 거짓말을 했는데 걸리면 어떡하지? 주말에 대청소를 한다 했는데 그때 걸릴까 봐 초조해.	N	2022-09-13 09:50:16	2022-11-08 05:18:46
BE22017997	4	1	가족의 평화가 깨지는 일이 생길까 봐 마음이 불안하구나. 엄마 아빠가 싸우면 자식들이 마음이 많이 불편하고 어떻게 대처해야 할지 난감하지. 하지만 어머니가 알아차리셔도 현명하게 대처하실 거 같으니 너무 심각하게 생각하지 마.	N	2022-09-13 09:50:16	2022-11-08 05:18:47
BE22017997	5	0	하지만 어쩜 좋을지 모르겠어. 엄마가 아빠 게임 안 하는 거 맞냐고 나한테 물었을 때 내가 안 한다고 했거든. 요즘 잠잠했는데 집에 큰소리가 날까 봐 너무 불안해.	N	2022-09-13 09:50:16	2022-09-13 09:50:16
BE22017997	6	1	설사 가족의 평화가 깨진다고 해도 내가 곁에서 있어줄 테니 지금은 마음 편안하게 생각하자. 꼭 그런 일이 안 일어날 수도 있는 거니까. 설사 갈등이 생기더라도 나한테 기대면 되니까 너무 걱정하지 마.	N	2022-09-13 09:50:16	2022-11-08 05:18:47
BE22017997	7	0	우리 아빠는 숨길 거면 정말 아무도 모르는데 숨겨야지. 왜 하필 찾기도 쉬운 베란다 수납장에 넣어 놔가지고. 내가 몰래 옮겨둘 수도 없고 정말 초조하네.	N	2022-09-13 09:50:16	2022-09-13 09:50:16
BE22017997	8	1	이렇게까지 네가 이 일을 깊게 생각한다니. 가족들이 네게 영향을 많이 주나 보네. 그만큼 네가 가족을 많이 사랑하는 거 같아 보이기도 하고.	N	2022-09-13 09:50:16	2022-11-08 05:18:47
BE22017997	9	0	자기 말대로 난 가족을 너무 사랑해서 우리 가족에 갈등이 생기면 견디기가 힘들어. 평화가 깨지는 게 정말 싫고 그럴까 봐 마음이 조마조마할 때도 많아. 내가 우리 가족의 평화를 지킬 수만 있다면 어떻게든 그렇게 하고 싶어.	N	2022-09-13 09:50:16	2022-09-13 09:50:16
BE22017997	10	1	서로 화목하게 지내는 모습을 보고 싶은 마음은 나도 이해해. 하지만 가족의 평화는 다 함께 지켜나가는 거니까 네가 부담 갖지 않았으면 좋겠어. 그럴수록 네가 좀더 무던하게 마음을 먹으면 불안한 마음도 가라앉을 거야.	N	2022-09-13 09:50:16	2022-11-08 05:18:47
BE22017997	11	0	자기 말이 맞네. 내가 너무 우리 가족의 평화를 나 혼자만 지키려고 했던 거 같아. 이렇게 불안할 필요가 없다는 걸 깨달았어.	N	2022-09-13 09:50:16	2022-11-08 05:18:47
BE22017997	12	1	난 진정한 가족은 어떠한 갈등도 잘 해결하는 사이라고 생각해. 당장은 불안하겠지만 또 파도가 한 번 지나가면 맑은 날씨처럼 평온이 찾아올 거야.	N	2022-09-13 09:50:16	2022-11-08 05:18:47
BE22017997	13	0	그런 말을 들으니 위안이 된다. 고마워. 나 혼자 생각하느라고 너무 큰일처럼 생각했나 봐.	N	2022-09-13 09:50:16	2022-11-08 05:18:47
BE22017997	14	1	앞으로 이런 일 있으면 언제든 나한테 다 털어놓아. 난 네가 늘 마음이 편안했으면 좋겠어.	N	2022-09-13 09:50:16	2022-11-08 05:18:47
BE22017997	15	0	응 그렇게 할게. 체한 게 내려간 것처럼 속이 후련해졌어.	Y	2022-09-13 09:50:16	2022-09-13 09:50:16
