id	utterance_id	utterance_type	utterance_text	terminate	regDate	updDate
BE22015992	1	0	자기야, 나 어쩌지. 너무 당혹스러워서 어떻게 해야 할지를 모르겠어.	N	2022-08-27 10:06:45	2022-08-27 10:06:45
BE22015992	2	1	자기 무슨 일이라도 있어? 갑자기 그러니까 걱정되잖아, 왜 그래?	N	2022-08-27 10:06:45	2022-11-08 05:06:31
BE22015992	3	0	나 콘택트렌즈가 빠져서 앞이 하나도 안 보여. 여분 렌즈도 없고, 오늘 중요한 프레젠테이션이라서 곧 회의란 말이야. 발표 잘할 수 있을까 너무 불안해.	N	2022-08-27 10:06:45	2022-11-08 05:06:31
BE22015992	4	1	자기가 정말 몇 주간 열심히 준비했던 프레젠테이션인데 갑자기 그런 일이 생기다니 얼마나 당혹스러울까. 앞이 잘 안 보이면 나도 모르게 인상을 찌푸리게 되고, 예민해지게 되잖아. 중요한 회의를 하면서 실수하게 될까 봐 너무 불안하고 초조할 것 같아, 자기 괜찮아?	N	2022-08-27 10:06:45	2022-11-08 05:06:31
BE22015992	5	0	오늘 발표 자료를 한 번 더 훑어보면서 마지막으로 준비하고 있는데 갑자기 눈에서 렌즈가 톡 빠져버리잖아. 투명렌즈라서 어디 갔는지 보이지도 않고 말이야. 나 시력도 너무 나빠서 한쪽 렌즈만 끼고 있었더니 어지럽고, 결국 나머지도 빼버렸더니 온통 뿌예.	N	2022-08-27 10:06:45	2022-11-08 05:06:31
BE22015992	6	1	오랫동안 최선을 다해 준비했는데 갑자기 너무 당혹스러운 일이 생겨서 마음이 불편할 것 같아. 발표에만 집중하기에도 마음이 불안하고 걱정스러운데 앞이 보이지도 않다니 엎친 데 덮친 격이잖아. 자기가 얼마나 안절부절못하고 속이 탈까, 내가 다 걱정스러운걸.	N	2022-08-27 10:06:45	2022-11-08 05:06:31
BE22015992	7	0	발표할 때 앞이 보여야 거래처 반응이나 주변 분위기를 파악해서 적절하게 이어 나갈 수 있단 말이야. 당장 발표 자료도 코를 박고 봐야 보이는 상황인데 안경이라도 사와야 하려나. 중요한 발표인데 망쳐버릴까 봐 너무 불안해서 손이 덜덜 떨릴 지경이야.	N	2022-08-27 10:06:45	2022-11-08 05:06:31
BE22015992	8	1	나라면 그런 당혹스러운 상황이 야속해서 그 자리에서 눈물을 쏟아버렸을지도 몰라. 하지만 의연하게 어떻게 하면 좋을지 생각하고 대처하려는 자기 모습이 정말 어른스러워. 불안하고 초조한 감정에만 빠져서 걱정하는 게 아니라 방법을 찾는 거잖아, 정말 대단해.	N	2022-08-27 10:06:45	2022-11-08 05:06:31
BE22015992	9	0	대처 방법을 계속 생각하는데 회의 시간까지는 불가능할 것 같아서 더 마음이 촉박해. 괜히 내가 망쳐버릴까 봐 불안해서 그냥 다른 사람에게 발표를 맡겨버릴까 싶어. 어떻게 이렇게 중요한 날에 이런 당혹스러운 일이 생길 수가 있지, 정말 하늘도 무심하시네.	N	2022-08-27 10:06:45	2022-11-08 05:06:31
BE22015992	10	1	자기가 정말 열심히 준비했고, 정성을 쏟아부은 걸 내가 곁에서 지켜봐서 누구보다 잘 알고 있어. 자기 정말 끊임없이 연습했잖아, 보이지 않더라도 그 누구보다 발표를 잘 해낼 거라고 믿어 의심치 않는다고. 당연히 불안할 수밖에 없겠지만 자기는 틀림없이 잘 해낼 테니까 연습한 대로만 자신 있고 당당하게 하면 충분할 거야.	N	2022-08-27 10:06:45	2022-11-08 05:06:31
BE22015992	11	0	정말 그럴까? 이대로 다른 사람에게 넘기기엔 열심히 연습하고 준비한 게 아깝긴 해.	N	2022-08-27 10:06:45	2022-11-08 05:06:31
BE22015992	12	1	발표 자료를 안 봐도 달달 외울 만큼 정말 최선을 다해 준비했잖아. 자기 자신을 믿고, 자기답게 부딪히고 해냈으면 좋겠어. 자기가 잘할 거란 거 누구보다 스스로 알고 있고, 믿고 있잖아.	N	2022-08-27 10:06:45	2022-11-08 05:06:31
BE22015992	13	0	자기 말이 맞아. 불안해하지 말고 늘 해오던 대로만 하고 오면 충분할 거야. 자기 덕분에 조급했던 마음이 편안해졌어, 고마워 자기.	N	2022-08-27 10:06:45	2022-11-08 05:06:31
BE22015992	14	1	떨지 말고 자기 자신을 믿고 멋지게 발표 마무리하고 왔으면 좋겠어. 수많은 연습과 자기의 노력은 반드시 빛을 발할 거라고 믿어. 잘하고 와, 파이팅!	Y	2022-08-27 10:06:45	2022-11-08 05:06:31
