id	utterance_id	utterance_type	utterance_text	terminate	regDate	updDate
BE22000994	1	0	자기야. 오늘 날씨 더운데 잘 지내고 있어?	N	2022-06-14 01:02:54	2022-11-08 03:30:44
BE22000994	2	1	응. 나는 잘 지내고 있지. 자기는 더위 많이 타는데 어떻게 지냈어.	N	2022-06-14 01:02:54	2022-11-08 03:30:44
BE22000994	3	0	난 여름이 힘들어. 에어컨 들면 두통이 생겨서 이러지도 못하고 저러지도 못하는 상황이야. 아 힘들다.	N	2022-06-14 01:02:54	2022-11-08 03:30:44
BE22000994	4	1	이제 여름이 시작되는데 자기가 많이 힘들겠다. 시원한 거 마시면서 잘 지내면 좋겠다.	N	2022-06-14 01:02:54	2022-11-08 03:30:44
BE22000994	5	0	나 사실 더위보다 더한 고민거리가 있어.	N	2022-06-14 01:02:54	2022-11-08 03:30:44
BE22000994	6	1	그래? 자기는 요즘 공부도 잘하고 운동도 잘하고 있어서 행복한 줄 알았는데.	N	2022-06-14 01:02:54	2022-11-08 03:30:45
BE22000994	7	0	이번 학기에 언니와 같이 한방을 쓰기로 했잖아. 며칠 같이 쓰고 있는데 생각보다 많이 힘들어.	N	2022-06-14 01:02:54	2022-11-08 03:30:45
BE22000994	8	1	자기가 많이 힘들겠다. 언니하고 사이도 안 좋은데 같은 방에서 생활하려면 충돌이 많아지겠지.	N	2022-06-14 01:02:54	2022-11-08 03:30:45
BE22000994	9	0	지금 충돌이 조금씩 생기는데 지금은 내가 참고 있어. 그런데 참고 있으니까 화가 자꾸 올라와서 걱정이 돼.	N	2022-06-14 01:02:54	2022-11-08 03:30:45
BE22000994	10	1	자기가 그 정도로 힘든지는 몰랐네. 많이 힘들겠다.	N	2022-06-14 01:02:54	2022-11-08 03:30:45
BE22000994	11	0	내가 이렇게 계속 참으면 안 될 것 같은데 어떻게 해야 할지 모르겠어. 정말 답답해.	N	2022-06-14 01:02:54	2022-11-08 03:30:45
BE22000994	12	1	조심스럽게 대응하는 게 어때? 너무 참으면 병이 되니까 자기가 말하고 싶은 걸 조심스럽게 표현하면 좋겠어.	N	2022-06-14 01:02:54	2022-11-08 03:30:45
BE22000994	13	0	나도 말을 해야 할 것 같은데 언니하고 사이가 더 나빠지지 않게 이야기를 하고 싶어. 어떻게 이야기를 하면 좋을까?	N	2022-06-14 01:02:54	2022-11-08 03:30:45
BE22000994	14	1	손글씨로 편지를 쓰면 어떨까? 네가 언니하고 잘 지내고 싶은 마음과 지금 힘든 상태를 솔직하게 이야기하면 언니의 마음에도 변화가 있겠지.	N	2022-06-14 01:02:54	2022-11-08 03:30:45
BE22000994	15	0	그러면 좋겠다. 한번 해볼 만하네.고마워.	Y	2022-06-14 01:02:54	2022-11-08 03:30:45
