id	utterance_id	utterance_type	utterance_text	terminate	regDate	updDate
BE22013013	1	0	나 산에서 내려오던 중 다리를 접질렸어. 내내 불안한 마음이 가시질 않아.	N	2022-08-03 05:35:53	2022-11-08 04:47:51
BE22013013	2	1	뭐라고? 자기 정말 불안하고 당황했겠다. 지금 몸은 좀 괜찮은 거야?	N	2022-08-03 05:35:53	2022-11-08 04:47:51
BE22013013	3	0	응. 아까는 해지기 전에 정신없이 하산하느라 몰랐는데, 내려올 때 되니까 뒤늦게 불안하더라. 큰일 났으면 어쩔 뻔했나 싶어서 심장이 쿵쿵 뛰고 아직 불안해.	N	2022-08-03 05:35:53	2022-11-08 04:47:51
BE22013013	4	1	오히려 아까는 경황이 없어서 이제야 실감이 되나 보다. 다리도 치료해야겠지만 놀란 마음부터 진정해야 할 것 같아. 원래 어안이 벙벙할 때는 모르다가, 뒤늦게 상황이 자각되면 그렇게 불안하고 스트레스받기 마련이거든.	N	2022-08-03 05:35:53	2022-11-08 04:47:51
BE22013013	5	0	그래서 아직도 심장이 너무 빠르게 뛰어. 만약 내가 하산하지 못하고 조난했으면 어땠을까 생각하니까 식은땀이 나.	N	2022-08-03 05:35:53	2022-11-08 04:47:51
BE22013013	6	1	내가 자기라도 내가 겪은 일을 곱씹다 보면 정말 불안해졌을 거야. 그래도 무사히 하산했으니 천만다행이다. 마음 같아선 자기 곁으로 달려가서 상태를 확인하고 싶어.	N	2022-08-03 05:35:53	2022-11-08 04:47:51
BE22013013	7	0	나도 자기가 옆에 있으면 지금보단 덜 불안할 텐데. 설마 이번 기억 때문에 내가 다시는 등산을 하지 못하게 되는 건 아니겠지?	N	2022-08-03 05:35:53	2022-11-08 04:47:51
BE22013013	8	1	물론 오늘 일이 위험천만한 일은 맞지만, 그래도 자기는 극복할 수 있을 거야. 이런 일을 겪고 나서 오히려 마음이 더 단단해지고 준비성이 철저해질 수도 있잖아. 그러니 앞으로 등산을 못할까 봐 너무 불안해하지 않았으면 좋겠어.	N	2022-08-03 05:35:53	2022-11-08 04:47:51
BE22013013	9	0	응. 고마워. 자기가 그렇게 말해 주니까 조금 안심이 된다. 아까부터 놀란 마음이 진정되지 않아서 사고가 자꾸 부정적이고 불안한 쪽으로 흐르는 것 같아.	N	2022-08-03 05:35:53	2022-11-08 04:47:51
BE22013013	10	1	내가 자기라도 그런 일을 혼자 겪고 왔으면 그랬을 거야. 그래도 내가 자기 곁에 있다고 생각하고 마음을 조금 내려놓아도 좋겠어. 오늘은 몸도 마음도 놀랐을 텐데, 편안하게 휴식을 취하는 게 좋겠다.	N	2022-08-03 05:35:53	2022-11-08 04:47:51
BE22013013	11	0	자기가 그렇게 침착하게 날 달래 주니까 마음이 좀 편안해지는 것 같다. 자기가 내 옆에 있다고 생각하니까 안심이 되는 것 같기도 해. 언제나 날 따뜻하게 달래주어서 정말 고마워.	N	2022-08-03 05:35:53	2022-11-08 04:47:51
BE22013013	12	1	고맙긴. 자기가 아까보다 많이 진정된 것 같아서 정말 다행이라고 생각해. 앞으로는 자기가 등산 가서 어떤 상황인지 바로바로 알 수 있게 자주 연락해야겠다.	N	2022-08-03 05:35:53	2022-11-08 04:47:51
BE22013013	13	0	말만으로도 너무 든든하고 고마워. 자기 덕분에 기분이 엄청 편안하고 좋아지고 있어. 이제 심박수도 평소대로 돌아온 것 같아.	N	2022-08-03 05:35:53	2022-11-08 04:47:51
BE22013013	14	1	자기 기분이 편안해졌다니 정말 다행이다. 오늘같이 마음이 놀랐을 때는 따뜻한 차라도 마시면서 천천히 호흡하는 게 중요해. 나중에라도 다시 불안해지고 식은땀이 나면 얼마든지 내게 연락해서 말해도 좋아.	N	2022-08-03 05:35:53	2022-11-08 04:47:51
BE22013013	15	0	알겠어. 자기는 정말 다정한 사람이야. 자기 덕분에 불안이 씻은 듯이 날아갔어.	Y	2022-08-03 05:35:53	2022-11-08 04:47:51
