id	utterance_id	utterance_type	utterance_text	terminate	regDate	updDate
BE22012803	1	0	자기야 나 오늘 아침에 혼자 산책하다가 목줄 풀린 큰 개를 만났어.	N	2022-08-02 02:06:22	2022-11-08 04:46:31
BE22012803	2	1	괜찮아? 너 개도 무서워하는데 많이 놀랐겠어.	N	2022-08-02 02:06:22	2022-11-08 04:46:31
BE22012803	3	0	응, 진짜 너무 무서웠어. 개도 엄청나게 컸는데 목줄까지 풀려있어서 얼마나 놀랐는지 몰라. 불안해서 온몸이 다 굳고 순간 움직일 수도 없었어.	N	2022-08-02 02:06:22	2022-11-08 04:46:31
BE22012803	4	1	얼마나 놀랐겠니, 네 마음 충분히 이해해. 네가 얼마나 겁먹었을지 상상하니 내가 다 안타깝다.	N	2022-08-02 02:06:22	2022-11-08 04:46:31
BE22012803	5	0	아니 왜 그렇게 큰 개를 입마개도 안 하고 목줄까지 느슨하게 해 놨는지 몰라. 가뜩이나 개에 대한 트라우마가 있는데 더 무서워졌어. 아직도 그때만 생각하면 온몸에 소름이 돋고 불안해서 몸이 떨려.	N	2022-08-02 02:06:22	2022-11-08 04:46:31
BE22012803	6	1	왜 안 그러겠어. 말로만 듣는 나도 이렇게 화가 나고 눈물이 나올 거 같은데 너는 오죽하겠어. 개에 대한 공포심이 더 커져서 큰일이다 참.	N	2022-08-02 02:06:22	2022-11-08 04:46:31
BE22012803	7	0	앞으로는 산책도 못 할 거 같아. 산책하고, 길 가다 또 그런 개들을 마주칠까 봐 너무 두려워.	N	2022-08-02 02:06:22	2022-11-08 04:46:31
BE22012803	8	1	원래 한 번 생긴 공포심을 극복하려면 오랜 시간이 걸린다고 하잖아. 내가 옆에서 도와줄 테니 조금씩 극복하기 위해 노력해 보자.	N	2022-08-02 02:06:22	2022-11-08 04:46:31
BE22012803	9	0	그렇게 말이라도 해주니 조금은 힘이 나는 거 같아. 아직 불안한 마음이 커서 그 노력이 잘 될지는 모르겠지만 자기가 도와준다니 노력해 볼게.	N	2022-08-02 02:06:22	2022-11-08 04:46:31
BE22012803	10	1	그래! 그런 생각을 했다는 것만으로도 이미 반은 이겨 낸 거 같은데? 우리 감정화자는 씩씩하니까 꼭 이겨낼 수 있을 거야.	N	2022-08-02 02:06:22	2022-11-08 04:46:31
BE22012803	11	0	응원 고마워! 자기한테 이렇게 이야기하니 불안했던 마음이 많이 진정된 거 같아.	N	2022-08-02 02:06:22	2022-11-08 04:46:31
BE22012803	12	1	고맙기는, 네가 많이 편해진 거 같아서 오히려 내 기분이 다 좋아진다. 꼭 잘 극복했으면 좋겠어!	N	2022-08-02 02:06:22	2022-11-08 04:46:31
BE22012803	13	0	자기를 위해서라도 꼭 극복해 볼게! 조금 이따 퇴근하고 만나자. 내가 맛있는 저녁 사줄게.	N	2022-08-02 02:06:22	2022-11-08 04:46:31
BE22012803	14	1	나야 좋지! 일찍 퇴근해서 데리러 갈게.	N	2022-08-02 02:06:22	2022-11-08 04:46:31
BE22012803	15	0	응, 오늘도 파이팅하고 조금 이따 봅시다!	Y	2022-08-02 02:06:22	2022-11-08 04:46:31
