id	utterance_id	utterance_type	utterance_text	terminate	regDate	updDate
BE22012618	1	0	자기야 오늘 우리 형 포상 휴가 나온다?	N	2022-08-01 02:28:37	2022-11-08 04:45:22
BE22012618	2	1	오! 자기 형 엄청 오랜만에 만나는 거 아니야? 되게 반갑겠다!	N	2022-08-01 02:28:37	2022-11-08 04:45:22
BE22012618	3	0	반갑긴 한데 한편으로는 불안해. 형이 고등학교 들어가고 나서부터는 공부한답시고 대화를 거의 안 했거든. 그러면서 사이가 엄청나게 어색해졌어.	N	2022-08-01 02:28:37	2022-11-08 04:45:22
BE22012618	4	1	아 형제들은 사춘기 때 되게 어색해지는 경우 많더라. 남도 아니고 같이 사는 가족인데 어색하면 더 마음이 불편하겠다.	N	2022-08-01 02:28:37	2022-11-08 04:45:22
BE22012618	5	0	맞아. 남이면 아예 안 보고 살면 되는데 형이랑은 그럴 수도 없고. 그냥 아직도 어색한 상황이야.	N	2022-08-01 02:28:37	2022-11-08 04:45:22
BE22012618	6	1	아이고 그럼 자기가 굉장히 답답하겠다. 가족이니까 아끼는 마음이 있는데도 사이가 어색하니까 표현하기도 너무 힘들고. 형이랑 싸우거나 갈등이 있었던 적은 있어?	N	2022-08-01 02:28:37	2022-11-08 04:45:22
BE22012618	7	0	응 애초에 말을 안 해서 싸울 일도 없었으니까. 근데 난 차라리 치고받고 싸우는 게 덜 어색할 거 같다는 생각까지 들 정도야.	N	2022-08-01 02:28:37	2022-11-08 04:45:22
BE22012618	8	1	오 그래도 자기랑 형은 근본적으로 사이가 안 좋은 관계가 아니네. 오히려 자기는 관계를 개선하고 싶은 마음이잖아!	N	2022-08-01 02:28:37	2022-11-08 04:45:22
BE22012618	9	0	맞아. 근데 형도 나 같이 생각할지 모르겠어. 그래서 형을 만났을 때 무슨 말을 해야 할지 너무 걱정돼.	N	2022-08-01 02:28:37	2022-11-08 04:45:22
BE22012618	10	1	자기 말을 들어보니까 자기는 형에게 굉장히 사려 깊네. 형의 입장과 마음도 고려해주고 있잖아. 근데 사려가 깊은 만큼 형에 대해 여러 생각을 하니 걱정이 큰 거 같아.	N	2022-08-01 02:28:37	2022-11-08 04:45:22
BE22012618	11	0	형이랑 편안한 관계가 되고 싶어 정말로. 그렇지만 괜히 실수했다가 형이랑 평생 어색한 사이로 남을까 봐 더 걱정되나 봐.	N	2022-08-01 02:28:37	2022-11-08 04:45:22
BE22012618	12	1	자기 형을 굉장히 아껴주네. 마음씨가 정말 선하다. 형을 위하는 이런 마음을 형도 느낄 거 같아!	N	2022-08-01 02:28:37	2022-11-08 04:45:22
BE22012618	13	0	그럴까? 형 나오면 그동안 무엇을 하고 싶었는지 궁금하고 휴가 기간에 같이 어울리고 싶어.	N	2022-08-01 02:28:37	2022-11-08 04:45:22
BE22012618	14	1	와 상상만 해도 너무 즐거울 거 같아 자기야! 자기도 사실 어색하고 형에게 먼저 다가가기 힘들 텐데 이렇게 용기 내는 거 너무 멋지고 대단해.	N	2022-08-01 02:28:37	2022-11-08 04:45:22
BE22012618	15	0	형이 너무 오글거린다고 하지는 않겠지? 내가 너무 서툴게 굴어서 분위기가 이상해질까 봐 너무 걱정돼.	N	2022-08-01 02:28:37	2022-11-08 04:45:22
BE22012618	16	1	내가 형 입장이라면 휴가 왔는데 동생이 말 걸어주는 게 굉장히 고맙고 기분 좋을 거 같은데? 그리고 자기가 좀 서툴러도 형은 자기의 노력하고 용기 낸 마음을 알아줄 거야!	N	2022-08-01 02:28:37	2022-11-08 04:45:22
BE22012618	17	0	그래? 내 마음과 노력을 형이 알아준다면 내 말이나 행동이 좀 서툴러도 불안하지 않을 거 같아.	N	2022-08-01 02:28:37	2022-11-08 04:45:22
BE22012618	18	1	그래 자기야. 정말 조금도 걱정할 거 없어. 이렇게 형을 위해주고 생각해주는 모습이 정말 따뜻하게 느껴져.	N	2022-08-01 02:28:37	2022-11-08 04:45:22
BE22012618	19	0	그래. 자기 말을 들으니 이걸 기회로 삼아서 형과 다시 편해지고 가까워질 수 있을 거 같아.	N	2022-08-01 02:28:37	2022-11-08 04:45:22
BE22012618	20	1	자기의 마음과 생각이 너무 아름답다. 나도 휴가 동안 우리 자기가 형과 더 친해지길 바랄게!	Y	2022-08-01 02:28:37	2022-11-08 04:45:22
