id	utterance_id	utterance_type	utterance_text	terminate	regDate	updDate
BE22017155	1	0	내 동생이 몇 시간 전부터 전화기가 꺼져 있어서 걱정돼. 연락이 이렇게 오래 안 됐던 경우가 없어서 더 불안한 기분이야.	N	2022-09-06 02:05:39	2022-09-06 02:05:39
BE22017155	2	1	동생과 마지막으로 연락했을 때는 동생이 어디에 있었는지 알아? 행선지를 유추할 수 있는 말은 없었어?	N	2022-09-06 02:05:39	2022-09-06 02:05:39
BE22017155	3	0	학원이 끝났다는 것 이외에 별다른 말은 없었어. 방금 학원에도 확인해봤는데 정상적으로 친구들과 하원을 했대. 학원 끝나면 곧장 집으로 오던 동생이었는데 오늘은 무슨 일인지 모르겠어.	N	2022-09-06 02:05:39	2022-09-06 02:05:39
BE22017155	4	1	한 번도 그런 적 없던 동생이 몇 시간 동안 연락이 되지 않아서 자기가 많이 걱정되겠다. 그럴 때일수록 자꾸 최악의 상황을 상상하게 되는 경우가 있잖아. 연락을 기다릴 수밖에 없는 자기 입장에서 얼마나 초조하고 불안할지 공감이 돼.	N	2022-09-06 02:05:39	2022-11-08 05:13:37
BE22017155	5	0	자기 말대로 자꾸 안 좋은 상황을 가정하게 돼. 학교 폭력이나 학생들 사이에 왕따 문제가 종종 뉴스에 보도되기도 하잖아. 혹시 납치된 것은 아닌지, 다쳐서 도움이 필요한 상황은 아닌지 계속 걱정돼.	N	2022-09-06 02:05:39	2022-11-08 05:13:37
BE22017155	6	1	동생을 걱정하는 마음 충분히 이해되지만, 아직 일어나지 않은 일을 상상해서 자기 자신을 괴롭히지 않으면 좋겠어. 나도 비슷한 일이 있었는데 잠깐 연락에 신경을 못 쓰게 돼서 생긴 오해인 경우가 많았어. 동생도 배터리가 없어서 핸드폰이 꺼졌거나 다른 사정이 있을 수 있으니까 우선 기다려보는 게 어때?	N	2022-09-06 02:05:39	2022-11-08 05:13:37
BE22017155	7	0	자기 말처럼 내가 미리 걱정하는 것이었으면 좋겠다. 생각해보니 나도 비슷한 일들이 있었는데 전부 별일 아닌 상황이었던 것 같아. 내가 괜한 우려로 내 걱정을 키우고 있는 것이라는 생각이 들어.	N	2022-09-06 02:05:39	2022-09-06 02:05:39
BE22017155	8	1	맞아. 불안한 마음이 한번 생기기 시작하면 꼬리에 꼬리를 물고 걷잡을 수 없이 커지기도 하잖아. 동생 친구에게 연락해보거나 동생이 갈 만한 행선지를 찾아보는 게 좋을 것 같아.	N	2022-09-06 02:05:39	2022-11-08 05:13:38
BE22017155	9	0	사실 아직 부모님이 많이 걱정하실까 봐 부모님께서는 동생 연락이 닿지 않는다는 사실을 말하지 않았어. 부모님께 알려야 할까? 괜히 부모님까지 걱정하게 만드는 것일까 봐 망설이게 돼.	N	2022-09-06 02:05:39	2022-09-06 02:05:39
BE22017155	10	1	자기 입장에서 충분히 고민이 될 만한 상황인 것 같아. 연락이 안 되는 동생 걱정도 해야 하는데 부모님께도 알려야 하는지 확신이 들지 않으니까. 내가 자기 입장이었으면 불안하고 혼란스러워서 마음을 다잡기가 힘들었을 것 같은데 자기는 침착하게 대응하니까 멋있어.	N	2022-09-06 02:05:39	2022-11-08 05:13:38
BE22017155	11	0	나도 처음에 너무 불안하고 걱정됐는데 자기가 차분하게 나를 진정할 수 있게 해줘서 그런 거야. 자기 덕분에 조금은 안정되는 마음으로 동생 연락을 기다릴 수 있을 것 같아.	N	2022-09-06 02:05:39	2022-11-08 05:13:38
BE22017155	12	1	그렇게 느껴졌다니 정말 다행이야. 핸드폰 배터리를 미처 확인하지 못해서 잠시 꺼지는 일은 잦으니까 너무 걱정하지 말고 연락을 기다려보자.	N	2022-09-06 02:05:39	2022-11-08 05:13:38
BE22017155	13	0	그렇게 하는 게 좋겠어. 내 걱정 들어주고 공감해줘서 정말 고마워. 동생에게 연락이 오면 자기에게도 꼭 알려줄게.	N	2022-09-06 02:05:39	2022-09-06 02:05:39
BE22017155	14	1	응, 꼭 좋은 소식 있을 거니까 너무 불안해하지 말자.	Y	2022-09-06 02:05:39	2022-11-08 05:13:38
