id	utterance_id	utterance_type	utterance_text	terminate	regDate	updDate
BE22015426	1	0	자기야. 오늘 엄마가 출근길에 학교까지 태워다주셨는데 나는 왜 자꾸 마음이 불안할까? 안절부절못하게 돼.	N	2022-08-24 02:04:48	2022-11-08 05:03:00
BE22015426	2	1	왜? 무슨 일이길래 그런 마음이 드는 거야? 보통은 좋아야 하는 거 아니야? 대중교통이 아니라 편하게 차로 온 거잖아.	N	2022-08-24 02:04:48	2022-11-08 05:03:00
BE22015426	3	0	사실 엄마는 원래 아침마다 바쁘시다고 날 절대 안 태워주려고 하시는 분이시거든. 근데 오늘은 흔쾌히 태워주시니까 혹시 일을 그만두신 건 아니신가 싶어. 괜한 걱정이겠지만 요즘 불경기이기도 하잖아.	N	2022-08-24 02:04:48	2022-11-08 05:03:00
BE22015426	4	1	네 답장을 보니까 왜 그런 불안한 마음이 들었다는 건지 이해가 간다. 요즘 같은 상황에 어머님께서 갑자기 태도가 바뀌시면 나라도 그런 마음이 문득 들었을 거 같아. 충분히 이해가 가고 자기 마음에 공감 가는 상황이네.	N	2022-08-24 02:04:48	2022-11-08 05:03:00
BE22015426	5	0	그렇지? 거기다가 내려주실 때는 사랑한다고 평소엔 간지럽다고 안 하시던 말까지 하시더라고. 안 하던 걸 하시니까 내가 더 불안해져. 왜 그러시는지 대놓고 물어보기엔 겁나.	N	2022-08-24 02:04:48	2022-11-08 05:03:00
BE22015426	6	1	맞아. 괜히 물어봤다가 정말 일이 없어지신 거라면 그 충격도 감당할 자신이 없기도 하잖아. 하지만 의외로 그냥 기분이 좋으셨던 거 아닐까? 긍정적으로 생각하고 마음을 가볍게 해보는 게 자기의 오늘 하루 기분이나 컨디션에도 좋은 영향을 미치지 않을까?	N	2022-08-24 02:04:48	2022-11-08 05:03:00
BE22015426	7	0	네 말도 일리가 있어. 하지만 역시 그냥 대놓고 여쭤봐야겠다. 답답하고 불안해서 못 참겠어!	N	2022-08-24 02:04:48	2022-08-24 02:04:48
BE22015426	8	1	불안하다고 너무 퉁명스럽게 말하면 어머님도 당황하실지 모르니까. 자기라면 분명 유도리 있게 잘 해결할 수 있을 거야. 너무 걱정하지 말고 차근차근히 해보는 거야.	N	2022-08-24 02:04:48	2022-11-08 05:03:00
BE22015426	9	0	네 말도 맞아. 넌 역시 이럴 때도 침착하게 나를 달래는구나. 네 덕분에 마음이 많이 진정되었어.	N	2022-08-24 02:04:48	2022-08-24 02:04:48
BE22015426	10	1	감정화자는 어머님을 생각하는 마음에 불안해진 거잖아? 그 마음도 잘 알고 있어. 그러니 부디 그 마음이 오해 없이 잘 전해졌으면 좋겠어.	N	2022-08-24 02:04:48	2022-11-08 05:03:00
BE22015426	11	0	고마워. 공감화자 덕분에 흥분하거나 떨지 않고 엄마한테 잘 여쭤볼 수 있을 거 같아.	N	2022-08-24 02:04:48	2022-11-08 05:03:00
BE22015426	12	1	불안할 때 날 찾아줘서 나야말로 고마워. 감정화자라면 분명 어머님과 잘 이야기할 수 있을 거야.	N	2022-08-24 02:04:48	2022-11-08 05:03:00
BE22015426	13	0	응! 한번 도전해볼게. 공감화자 덕분에 용기가 났어.	N	2022-08-24 02:04:48	2022-11-08 05:03:00
BE22015426	14	1	감정화자 파이팅이야. 잘 해내고 다시 연락해줘. 기다리고 있을게.	Y	2022-08-24 02:04:48	2022-11-08 05:03:00
