id	utterance_id	utterance_type	utterance_text	terminate	regDate	updDate
BE22002723	1	0	자기야. 오늘도 아침에 준비하다가 회사에 늦어버렸어.	N	2022-06-22 12:10:57	2022-11-08 03:42:00
BE22002723	2	1	왜 혹시 늦게 일어났어? 자기는 남들보다 일찍 자고 일찍 일어나는 편 아니야?	N	2022-06-22 12:10:57	2022-11-08 03:42:00
BE22002723	3	0	맞아. 오늘도 오전 6시에 맞춰서 일어났어. 그런데 이것저것 준비하다보니까 또 늦어버렸지 뭐야.	N	2022-06-22 12:10:57	2022-11-08 03:42:00
BE22002723	4	1	내가 봤을 때 우리 자기는 너무 철저해서 문제야. 뭘 그렇게 준비하는 거야?	N	2022-06-22 12:10:57	2022-11-08 03:42:00
BE22002723	5	0	회사 가기 전에 무언가를 계속 빠트렸는지 점검하느라 시간이 오래 걸려. 내가 너무 쓸데없이 유난인 건가?	N	2022-06-22 12:10:57	2022-11-08 03:42:00
BE22002723	6	1	에이 그게 무슨 소리야. 자기는 어떤 일을 할 때 제대로 해내려고 준비시간이 많이 소요되는거지. 그만큼 남들보다 꼼꼼하다는 거야!	N	2022-06-22 12:10:57	2022-11-08 03:42:00
BE22002723	7	0	내가 꼼꼼하긴 한데, 남자 친구니까 그렇게 말해주는 거 아니야?	N	2022-06-22 12:10:57	2022-11-08 03:42:00
BE22002723	8	1	그럴 리가! 자기는 엄청 꼼꼼해서 결국 남들보다 실수가 훨씬 적잖아. 안 그래?	N	2022-06-22 12:10:57	2022-11-08 03:42:00
BE22002723	9	0	그건 그렇지. 그런데 남들이 보기에는 일하기 전에 꾸물댄다고 생각할까봐 걱정이야.	N	2022-06-22 12:10:57	2022-11-08 03:42:00
BE22002723	10	1	음 난 자기가 그렇게 생각 안 했으면 좋겠어. 결국 최상의 결과물을 보여주는 거잖아. 그리고 남들이 생각하는 건 신경 쓰지 마.	N	2022-06-22 12:10:57	2022-11-08 03:42:00
BE22002723	11	0	나도 최대한 신경 안 쓰려고 하지만 사실 그게 잘 안 되더라.	N	2022-06-22 12:10:57	2022-11-08 03:42:00
BE22002723	12	1	그럴 수 있지. 나도 남들에게 내가 어떻게 비춰질까 생각하고 걱정한 적이 한두 번이 아니야. 그럴 때마다 엄청 스트레스 받곤 했어. 자기도 힘들겠다.	N	2022-06-22 12:10:57	2022-11-08 03:42:00
BE22002723	13	0	맞아. 사실은 남들에게 비춰지는 모습이 걱정되었던 것 같아. 특히 우리 팀 과장에게 말이야. 그래도 내 성격이 유달리 꼼꼼하다고 생각해야겠어!	N	2022-06-22 12:10:57	2022-11-08 03:42:00
BE22002723	14	1	바로 그거야! 이래서 내가 우리 자기한테 반한거라니까?	N	2022-06-22 12:10:57	2022-11-08 03:42:00
BE22002723	15	0	뭐? 꼼꼼한 거에 반한 거면 좀 웃긴 거 아니야? 그래도 그렇게 말해주니까 고맙긴 하네!	Y	2022-06-22 12:10:57	2022-11-08 03:42:00
