id	utterance_id	utterance_type	utterance_text	terminate	regDate	updDate
BE22005405	1	0	내일 드디어 새로운 직장에서의 첫 출근이야.	N	2022-06-30 09:52:18	2022-11-08 03:59:13
BE22005405	2	1	벌써 시간이 그렇게 됐네! 첫 출근을 앞둔 기분이 어때?	N	2022-06-30 09:52:18	2022-11-08 03:59:13
BE22005405	3	0	설레기도 하지만 그것보단 걱정이 더 앞선 거 같아.	N	2022-06-30 09:52:18	2022-11-08 03:59:13
BE22005405	4	1	새로운 환경에서 일할 생각하니까 정말 많이 떨리겠다. 어떤 점이 가장 걱정되는 거 같아?	N	2022-06-30 09:52:18	2022-11-08 03:59:13
BE22005405	5	0	이번에 새로 들어간 직장이 통계 프로그램을 다루는데 내가 잘 할 수 있을지 걱정돼.	N	2022-06-30 09:52:18	2022-11-08 03:59:14
BE22005405	6	1	평소에 잘 사용하지 않는 프로그램이라서 긴장되겠다. 그러면 아예 한 번도 사용해 보지 못했던 거야?	N	2022-06-30 09:52:18	2022-11-08 03:59:14
BE22005405	7	0	그렇진 않아. 대학교 다닐 때 강의 시간에 몇 번 다뤄본 적이 있거든.	N	2022-06-30 09:52:18	2022-11-08 03:59:14
BE22005405	8	1	한 번도 사용해 보지 못한 사람들도 많을 텐데, 자기 정말 대단하다! 그러면 걱정할 필요가 없겠는데?	N	2022-06-30 09:52:18	2022-11-08 03:59:14
BE22005405	9	0	그런데 너무 오래전 일이라서 잘 할 수 있을지 모르겠어. 기억이 가물가물해.	N	2022-06-30 09:52:18	2022-11-08 03:59:14
BE22005405	10	1	나도 그 마음 뭔지 알아. 졸업하고 사용해 보지 않았던 거라면 기억이 나지 않을까 봐 걱정되겠다.	N	2022-06-30 09:52:18	2022-11-08 03:59:14
BE22005405	11	0	맞아. 면접 때 통계 프로그램 다뤄본 적 있다고 큰소리쳤는데 좀 후회되네.	N	2022-06-30 09:52:18	2022-11-08 03:59:14
BE22005405	12	1	괜히 같이 일하는 분들이 실망할까 봐 불안하겠다. 하지만 오래전 일이라도 막상 해보면 몸이 기억할 때가 있잖아. 분명 자기도 그럴 거라고 생각해.	N	2022-06-30 09:52:18	2022-11-08 03:59:14
BE22005405	13	0	그렇긴 하지. 기억 안 날 줄 알았는데 한 번 보면 익숙하게 할 때가 있지.	N	2022-06-30 09:52:18	2022-11-08 03:59:14
BE22005405	14	1	게다가 우리 자기는 매사에 꼼꼼하고 맡은 일은 꼭 해내는 만능인이잖아. 나는 우리 자기가 잘할 거라고 믿어 의심치 않아!	N	2022-06-30 09:52:18	2022-11-08 03:59:14
BE22005405	15	0	자기가 그렇게 말해주니까 용기가 생긴 것 같아. 정말 고마워, 내일 출근해서 잘 적응해볼게!	Y	2022-06-30 09:52:18	2022-11-08 03:59:14
