id	utterance_id	utterance_type	utterance_text	terminate	regDate	updDate
BE22017075	1	0	자기야, 나 오늘 공무직 시험에 필요한 ITQ자격증 따려고 학원 등록했어. 그런데 내가 잘하고 있는 건지 너무 불안해.	N	2022-09-05 04:01:45	2022-11-08 05:13:09
BE22017075	2	1	남들이 보기에 좋은 직장을 퇴사하고 시험을 준비하는 거라 더 불안한 마음이 들 것 같아. 많이 힘들어 보여서 내 마음도 좋지 않네.	N	2022-09-05 04:01:45	2022-11-08 05:13:09
BE22017075	3	0	분명 많이 고민해서 퇴사하고 공무직 시험을 준비하고 있는 건데도 마음 한편의 두려움이 사라지질 않아. 내가 너무 나약한 걸까?	N	2022-09-05 04:01:45	2022-11-08 05:13:09
BE22017075	4	1	아무리 고민을 많이 했어도 새로운 시작을 앞두고 불안한 마음이 드는 게 당연하지. 아마 나였어도 초조해했을 거야. 자기만 그런 게 아니라 누구에게나 드는 마음이니까 의기소침해하지 않았으면 좋겠어.	N	2022-09-05 04:01:45	2022-11-08 05:13:09
BE22017075	5	0	오늘도 학원 등록하면서 몇번을 망설였는지 몰라. 일단 하기로 했으니 이런 생각을 안 해야 하는데 계속 잘못된 선택을 한 건 아닌지 의심하게 돼.	N	2022-09-05 04:01:45	2022-11-08 05:13:09
BE22017075	6	1	시험에 무조건 붙는다는 보장이 없으니까 자기가 이렇게 혼란스러워하는 것도 충분히 이해해. 그래도 시험 준비를 하는 동안 최선을 다한다면 그런 마음이 조금씩 사그라지지 않을까? 좀더 자기 자신을 믿어봐도 좋아.	N	2022-09-05 04:01:45	2022-11-08 05:13:09
BE22017075	7	0	최선을 다해도 시험에 떨어지면 어쩌지? 사기업이 나에게 맞지 않는다는 이유만으로 내가 감당할 수 없는 길을 선택한 건 아닐까?	N	2022-09-05 04:01:45	2022-11-08 05:13:09
BE22017075	8	1	지금은 마음에 여유가 없으니 멀리 내다보기가 힘들지? 하지만 멀리 보면 자기 적성에 맞는 일을 하기 위해 이제 발걸음을 뗀 것뿐이야. 아마 되돌아간다고 해도 자기는 같은 선택을 했을 거야, 그러니 너무 불안해 할 것 없어.	N	2022-09-05 04:01:45	2022-11-08 05:13:09
BE22017075	9	0	자기 말을 듣고 보니 내가 시작도 안 해보고 너무 부정적인 생각만 했던 것 같아. 자기 말대로 다시 선택할 기회가 주어진다고 해도 난 이 선택을 했을 거야. 그렇게 생각하니까 마음이 안정되는 것 같다.	N	2022-09-05 04:01:45	2022-11-08 05:13:09
BE22017075	10	1	내가 옆에서 지켜봐 온 자기는 누구보다 성실하고 책임감이 강한 사람이야. 그러니까 본인의 선택에 대해 더 큰 부담감을 느끼는 거 잘 알아. 하지만 또 그만큼 최선을 다해서 잘 해낼 거라고 믿어.	N	2022-09-05 04:01:45	2022-11-08 05:13:09
BE22017075	11	0	나보다 날 더 잘 알고, 곁에서 힘을 주는 건 자기밖에 없어. 자기가 없었으면 이 시간을 견디지 못했을 거야.	N	2022-09-05 04:01:45	2022-09-05 04:01:45
BE22017075	12	1	난 퇴사하고 새로운 길을 찾아나 선 자기의 용기가 정말 대단하다고 생각해. 자기는 자기가 생각하는 것보다 훨씬 더 용감하고 멋진 사람이라는 걸 기억했으면 좋겠어.	N	2022-09-05 04:01:45	2022-11-08 05:13:09
BE22017075	13	0	정말 고마워, 힘들 때마다 항상 그 말을 기억할게.	N	2022-09-05 04:01:45	2022-09-05 04:01:45
BE22017075	14	1	시험 준비하면서 또 힘든 순간이 생기면 혼자 끙끙 앓지 말고 언제든 나에게 이야기해.	Y	2022-09-05 04:01:45	2022-09-05 04:01:45
