id	utterance_id	utterance_type	utterance_text	terminate	regDate	updDate
BE22004352	1	0	자기야, 바빠? 오늘 나 병원에 가야 할 것 같은데...	N	2022-06-27 15:21:52	2022-11-08 03:52:24
BE22004352	2	1	병원? 자기 어디 몸이 안 좋은 거야? 어디가 아픈데... 같이 갈까?	N	2022-06-27 15:21:52	2022-11-08 03:52:24
BE22004352	3	0	사실은 이틀 전부터 눈꺼풀이 자꾸 떨려서... 처음에는 피곤해서 그런가 하고 대수롭지 않게 여겼는데, 한 세 시간 전부터는 멈추질 않네. 너무 불안해서 병원에 가 봐야 할 것 같아.	N	2022-06-27 15:21:52	2022-11-08 03:52:24
BE22004352	4	1	저런, 어떡해. 자기 스트레스를 너무 많이 받아서 그런 거 아닌가. 눈 주위가 그러면 엄청 신경 쓰이고 불안한데. 자기 퇴근 때까지 괜찮겠어?	N	2022-06-27 15:21:52	2022-11-08 03:52:24
BE22004352	5	0	사실 자기야, 나 점점 불안해. 그래서 지금 일도 손에 안 잡혀.	N	2022-06-27 15:21:52	2022-11-08 03:52:24
BE22004352	6	1	당연히 지금 상황에서는 일이 안 잡히지. 자기 말 들으니까, 나도 가슴이 쿵쿵 뛰는 것 같다. 자기 몸이 안 좋다니까, 내 마음이 찢어지는 것 같아.	N	2022-06-27 15:21:52	2022-11-08 03:52:24
BE22004352	7	0	자기까지 불안해지면 안 되는데... 미안해 자기야. 나 때문에 자기한테까지 걱정이 전이되었나 보다.	N	2022-06-27 15:21:52	2022-11-08 03:52:24
BE22004352	8	1	자기야, 그런 말 마. 나한테 자기가 어떤 사람인데. 그리고 지난번에 자기는 나 몸살 걸렸을 때, 밤새워가며 간호해줬잖아.	N	2022-06-27 15:21:52	2022-11-08 03:52:24
BE22004352	9	0	고마워 그렇게 이야기해줘서 자기야. 휴, 근데 이거 큰 병은 아니겠지. 한 번도 이렇게 오래 증상이 이어진 적은 없는데... 너무 걱정돼.	N	2022-06-27 15:21:52	2022-11-08 03:52:24
BE22004352	10	1	자기야, 걱정하면 더 스트레스받으니까. 너무 불안해 말고, 퇴근하면 나랑 같이 병원에 가보자. 생각이 너무 많으면 더 안 좋으니까 심호흡 좀 하고.	N	2022-06-27 15:21:52	2022-11-08 03:52:24
BE22004352	11	0	응, 알았어. 우선 마음을 좀 진정시켜 볼게.	N	2022-06-27 15:21:52	2022-11-08 03:52:24
BE22004352	12	1	휴. 퇴근 시간이 빨리 와야 하는데. 내가 총알같이 달려갈게.	N	2022-06-27 15:21:52	2022-11-08 03:52:24
BE22004352	13	0	고마워 자기야. 자기가 있으니까 역시 든든하다. 마음이 조금 놓여.	N	2022-06-27 15:21:52	2022-11-08 03:52:24
BE22004352	14	1	고맙긴. 나한테 자기는 전부야. 진료받으면 괜찮아질 거야. 그때까지 불안해도 조금만 참아.	N	2022-06-27 15:21:52	2022-11-08 03:52:24
BE22004352	15	0	응, 알았어. 앞서 걱정하지 않고 있을게. 이따 봐 자기야.	N	2022-06-27 15:21:52	2022-11-08 03:52:24
BE22004352	16	1	응, 자기 옆에는 늘 내가 있어. 사랑해.	Y	2022-06-27 15:21:52	2022-11-08 03:52:24
