id	utterance_id	utterance_type	utterance_text	terminate	regDate	updDate
BE22001114	1	0	아유 저 소리, 또 시작이다!	N	2022-06-14 02:27:21	2022-11-08 03:31:33
BE22001114	2	1	밤마다 들리는 오토바이 소리 말하는 거지?	N	2022-06-14 02:27:21	2022-11-08 03:31:33
BE22001114	3	0	그래! 저렇게 요란하게 경적을 울려대며 지나가잖아.	N	2022-06-14 02:27:21	2022-11-08 03:31:33
BE22001114	4	1	잠들었던 사람이 이불 박차고 깨어날 정도로 소리가 큰가 보다.	N	2022-06-14 02:27:21	2022-11-08 03:31:33
BE22001114	5	0	매일 밤 이 시간쯤엔 항상 저 소음이 들리니까 이제 노이로제 걸릴 지경이야.	N	2022-06-14 02:27:21	2022-11-08 03:31:33
BE22001114	6	1	무신경한 나도 신경이 쓰일 정도니 당신은 정말 괴롭겠다.	N	2022-06-14 02:27:21	2022-11-08 03:31:33
BE22001114	7	0	어떤 날은 딱 겨냥하고 있다가 물이라도 한 바가지 부어주고 싶다니까.	N	2022-06-14 02:27:21	2022-11-08 03:31:33
BE22001114	8	1	남한테 싫은 소리 한번 못하는 당신이 이 정도면 스트레스 엄청 받는 것 같은데?	N	2022-06-14 02:27:21	2022-11-08 03:31:33
BE22001114	9	0	좋은 소리도 하루 이틀이라는데, 저 소리는 정말 심해.	N	2022-06-14 02:27:21	2022-11-08 03:31:33
BE22001114	10	1	밤마다 그러면 어떻게 자기 피곤해서 어떻게 해. 오토바이 번호를 알아놨다가 경찰에 신고라도 할까?	N	2022-06-14 02:27:21	2022-11-08 03:31:33
BE22001114	11	0	어떻게 그래. 철없는 애들이 한때 재미로 그러는 걸 수도 있는데.	N	2022-06-14 02:27:21	2022-11-08 03:31:33
BE22001114	12	1	아무리 철없는 애들이라고 해도 남을 배려하지 못한 행동이라는 것을 알려줄 필요는 있을 것 같은데. 그렇게까지 하고 싶지 않다는 자기 마음은 너무 잘 알겠어. 내가 너무 속이 상하다.	N	2022-06-14 02:27:21	2022-11-08 03:31:33
BE22001114	13	0	저 소음을 피할 방법이 없을까?	N	2022-06-14 02:27:21	2022-11-08 03:31:33
BE22001114	14	1	착한 각시를 위해 내가 귀마개를 사다 줘야겠다. 아님 그 시간에 노래를 불러준다든가!	N	2022-06-14 02:27:21	2022-11-08 03:31:33
BE22001114	15	0	하하, 당신 마음이 기특해서 소음도 스트레스도 다 달아날 거 같네!	Y	2022-06-14 02:27:21	2022-11-08 03:31:33
