id	utterance_id	utterance_type	utterance_text	terminate	regDate	updDate
BE22019623	1	0	이번에 내 막냇동생이 또 코로나에 양성 판정을 받았어 자기야. 벌써 세번 째야. 코로나 항체가 전혀 형성되지 않는 것 같아서 너무 불안해.	N	2022-09-22 03:43:15	2022-11-08 05:35:03
BE22019623	2	1	지난번에 큰일 없이 격리해제됐다고 다행이라고 하더니 또 양성이야? 자기가 정말 불안하겠다.	N	2022-09-22 03:43:15	2022-11-08 05:35:03
BE22019623	3	0	백신 접종도 했고 이전에도 두 번이나 걸렸으니 가족들끼리는 슈퍼항체를 갖게 됐을 거라고 농담도 했거든. 그런데 어제 열이 나고 목이 심하게 아프다고 하길래 아침에 선별진료소에 갔는데 양성이래. 동생을 보니 코로나가 끝이 없는 것 같아서 불안해.	N	2022-09-22 03:43:15	2022-09-22 03:43:15
BE22019623	4	1	한 번도 아니고 세 번씩이나 확진이 된 동생을 보다니 나라도 그렇게 생각했을 거야. 자기가 불안해 하는 마음 충분히 이해해.	N	2022-09-22 03:43:15	2022-09-22 03:43:15
BE22019623	5	0	더구나 막냇동생이 두 번이나 코로나에 걸리면서 한 번씩 걸릴 때마다 체력이 많이 떨어졌거든. 확진되기 전까지는 충분히 잘 걸어다닌 길도 요즘은 숨차하더라고. 아직 회복도 안 된 상태에서 건강을 더 헤치게 될까 봐 너무 불안해.	N	2022-09-22 03:43:15	2022-11-08 05:35:03
BE22019623	6	1	자기가 동생 건강 걱정을 이렇게 까지 하다니 너무 감동이다. 자기가 이렇게 진심으로 걱정하고 있으니까 동생이 힘내서 이겨낼 수 있을 거야. 너무 불안해 마.	N	2022-09-22 03:43:15	2022-11-08 05:35:03
BE22019623	7	0	두번 째까지는 이정도는 아니었는데 세번 째 확진이다 보니 혹시나 상황이 심각해져서 중증으로 갈까 봐 너무 불안해. 아직까지 안 걸린 나도 동생이 계속 걸리고 있으니 곧 확진될 것 같아서 불안하고.	N	2022-09-22 03:43:15	2022-11-08 05:35:03
BE22019623	8	1	곁에서 보고 있으니 동생 상황이 더 자기 일처럼 다가올 텐데 얼마나 불안하겠어. 나라도 자기처럼 불안해했을 거야. 그렇지만 집에서도 감염예방 수칙을 잘 지키면 자기도 괜찮을 거야.	N	2022-09-22 03:43:15	2022-11-08 05:35:03
BE22019623	9	0	집에서 아무리 격리를 잘 한다고 해도 생활공간을 공유할 수밖에 없잖아. 동생걱정 내걱정으로 하루도 불안하지 않을 날이 없어. 격리기간 끝나기 전까지는 계속 이렇게 불안할 것 같아.	N	2022-09-22 03:43:15	2022-11-08 05:35:03
BE22019623	10	1	자기가 이렇게 불안한 건 아마 아직 한 번도 안 걸려서 일 거야. 그렇지만 자기는 아직 확진되지 않았고 동생도 중증으로 간 게 아니니까 너무 불안해 하지 마. 미리 걱정하면서 스트레스를 받으면 그것도 건강에 안 좋을 거야.	N	2022-09-22 03:43:15	2022-11-08 05:35:03
BE22019623	11	0	자기 말을 듣고 보니 내가 동생 확진 횟수에 너무 예민해 진 것 같긴 하네. 건강해야 바이러스도 몸에 들어오지 못할 텐데 내 몸에 내가 스트레스를 주고 있었어.	N	2022-09-22 03:43:15	2022-11-08 05:35:03
BE22019623	12	1	스트레스는 모든 병의 근원이라고도 하잖아. 그러니 불안해 하기 보다는 혹시 걸려도 잘 이겨낼 수 있다고 생각해보자. 자기랑 자기 동생은 이번에도 잘 이겨낼 수 있을 거야.	N	2022-09-22 03:43:15	2022-11-08 05:35:03
BE22019623	13	0	그렇게 이야기해줘서 정말 고마워 자기야. 불안했던 마음이 어느정도 정리되는 것 같아. 차라리 체력이 많이 떨어진 동생을 위해 뭘 해줄 수 있는지를 고민해봐야겠어.	N	2022-09-22 03:43:15	2022-11-08 05:35:03
BE22019623	14	1	자기가 고맙다고 말해주니까 오히려 내가 고마운걸. 불안한 마음이 커지려고 하면 나에게 꼭 이야기해줘. 늘 곁에 있을게.	N	2022-09-22 03:43:15	2022-11-08 05:35:04
BE22019623	15	0	자기가 곁에 있어서 정말 다행이야.	Y	2022-09-22 03:43:15	2022-09-22 03:43:15
