id	utterance_id	utterance_type	utterance_text	terminate	regDate	updDate
BE22014855	1	0	오늘 트레이너 몰래 달콤한 케이크를 먹었어. 그런데 다시 살이 찌는 건 아닐까 불안해.	N	2022-08-19 06:49:08	2022-08-19 06:49:08
BE22014855	2	1	무려 3개월이나 운동하면서 간식을 다 끊었는데. 오늘 유혹을 못 견디고 케이크를 먹었으니, 그럴 만도 해.	N	2022-08-19 06:49:08	2022-11-08 04:59:29
BE22014855	3	0	솔직히 지금 트레이너가 나를 엄청나게 칭찬해주고 응원해줬는데. 모든 게 수포로 돌아가는 건 아닐까 정말 불안하네.	N	2022-08-19 06:49:08	2022-11-08 04:59:29
BE22014855	4	1	자기가 너무 죄책감을 느낄까 봐 걱정되고 안쓰러워. 그동안 자기가 정말 열심히 운동하고 간식을 자제했는데.	N	2022-08-19 06:49:08	2022-11-08 04:59:29
BE22014855	5	0	진짜로 3개월 동안 간식도 참고 매일매일 빼먹지 않고 운동도 열심히 했는데. 모든 게 도루묵이 된 거 같은 느낌이야.	N	2022-08-19 06:49:08	2022-08-19 06:49:08
BE22014855	6	1	자기가 더욱 열심히 집중했기 때문에 더 당황스럽고 죄책감이 클 거 같아.	N	2022-08-19 06:49:08	2022-11-08 04:59:30
BE22014855	7	0	맞아, 자기 문자처럼 요즘 들어서 내가 진심으로 가장 열심히 한 일인 거 같아. 근데 그 일을 나 스스로 깨버렸다고 생각하니까. 너무 당황스럽고 죄책감이 강하게 느껴져.	N	2022-08-19 06:49:08	2022-11-08 04:59:30
BE22014855	8	1	자기가 석 달 동안 최선을 다해서 한 것들이 한 번에 사라지는 건 아니잖아. 자기 마음과 자기 몸에 전부 남아 있을 거야.	N	2022-08-19 06:49:08	2022-11-08 04:59:30
BE22014855	9	0	3개월간 지금까지의 그 무엇보다도 열심히 했어.	N	2022-08-19 06:49:08	2022-08-19 06:49:08
BE22014855	10	1	요즘 자기 보면 너무 활력적이고 밝은 느낌이야. 아마도 열심히 운동하고 관리해서 그런 거 아닐까? 게다가 집중하고, 자신과의 약속을 지켜서 만족감도 자존감도 많이 높아졌을 거 같아.	N	2022-08-19 06:49:08	2022-11-08 04:59:30
BE22014855	11	0	응, 자기 문자 보면서 생각해 보니까. 나 정말 요즘 내 만족감과 자존감이 높아진 거 같아. 거기다 자기가 내 노력을 인정해 주니까 마음이 좀 좋아져.	N	2022-08-19 06:49:08	2022-08-19 06:49:08
BE22014855	12	1	자기 마음이 좋아진다고 하니까 내 마음마저 편안해진다. 나는 자기가 하루도 빠지지 않고 운동하고 그 힘든 식단 관리까지 완벽하게 하는 모습 보고. 너무 멋지고 자랑스러웠어.	N	2022-08-19 06:49:08	2022-11-08 04:59:30
BE22014855	13	0	정말? 자기가 내가 자랑스럽고 멋지다고 하니깐. 케이크를 먹어서 당황스럽고 죄책감이 들었던 마음이 많이 편안해졌어. 고마워.	N	2022-08-19 06:49:08	2022-08-19 06:49:08
BE22014855	14	1	자기가 고맙다고 해주니까 나도 너무 행복하고 감사하다. 그리고 한번 깨졌어도, 그간의 노력은 다 남아있으니까 우리 다시 힘내보자. 그동안 너무 고생했어, 멋져.	Y	2022-08-19 06:49:08	2022-08-19 06:49:08
