id	utterance_id	utterance_type	utterance_text	terminate	regDate	updDate
BE22003954	1	0	자기야 나 지금 너무 긴장돼서 초콜릿 5개째 먹고 있어.	N	2022-06-27 01:14:34	2022-11-08 03:49:52
BE22003954	2	1	무슨 일이길래 그렇게 긴장했어? 평소에는 초콜릿 잘 먹지도 않잖아.	N	2022-06-27 01:14:34	2022-11-08 03:49:52
BE22003954	3	0	몰라, 지금 너무 스트레스받나 봐. 아침에 팀장님이 갑자기 이따가 점심시간 이후에 커피 마시면서 얘기 좀 하자고 하시더라고.	N	2022-06-27 01:14:34	2022-11-08 03:49:52
BE22003954	4	1	아, 그런 게 평소에는 흔히 없는 일이야?	N	2022-06-27 01:14:34	2022-11-08 03:49:52
BE22003954	5	0	보통 이렇게 단둘이 얘기하자고 하시는 건 없거든. 간단한 얘기는 회의실에서 잠깐 하긴 하지만… 그래서 너무 걱정돼.	N	2022-06-27 01:14:34	2022-11-08 03:49:52
BE22003954	6	1	흠, 그렇게 평소랑 다른 거면 불안하긴 하겠다. 아무래도 직장 상사가 따로 불러내면 긴장되기 마련이니까.	N	2022-06-27 01:14:34	2022-11-08 03:49:52
BE22003954	7	0	정말 난 아예 이런 적이 처음이라 더 무서워. 뭐 때문에 부르신 걸까. 미리 알려주시면 내가 할 말이라도 생각해 갈 텐데.	N	2022-06-27 01:14:34	2022-11-08 03:49:52
BE22003954	8	1	너무 걱정 마. 자기가 자기 회사 생활을 돌아봤을 때 문제 있는 점이 있었어? 적어도 팀장님이 문제점이라고 생각할 만한 게 있다거나?	N	2022-06-27 01:14:34	2022-11-08 03:49:52
BE22003954	9	0	아니? 아무리 생각해도 그런 게 없어서 더 걱정이었어. 내가 생각하지 못한 게 있을까 봐 너무 불안해.	N	2022-06-27 01:14:34	2022-11-08 03:49:52
BE22003954	10	1	그런 거면 자기가 괜한 걱정 하는 걸 수도 있어. 팀장님이 이렇게 따로 얘기하자고 한 게 처음이라고 했잖아. 그러니까 어떤 내용일지도 모르는 거 아니겠어?	N	2022-06-27 01:14:34	2022-11-08 03:49:52
BE22003954	11	0	자기 말대로 내가 지레 겁먹은 것 같기도 해. 정말 잘못된 일로 부르시는 게 아니면 좋겠다.	N	2022-06-27 01:14:34	2022-11-08 03:49:52
BE22003954	12	1	잘못된 일이 있었으면 이렇게 본격적으로 따로 불러내기 전에 미리 언질이라도 주시지 않았을까?	N	2022-06-27 01:14:34	2022-11-08 03:49:52
BE22003954	13	0	그건 그러네. 잘못된 게 있었으면 미리 고쳐주시려고 했겠지? 그렇게 생각하니까 마음이 조금 놓인다.	N	2022-06-27 01:14:34	2022-11-08 03:49:52
BE22003954	14	1	그럼! 얼마 전에 끝낸 프로젝트 때 고생했다고 격려해 주려고 부르신 걸 수도 있잖아. 마음 편하게 가지고 점심도 맛있게 먹고 와.	N	2022-06-27 01:14:34	2022-11-08 03:49:52
BE22003954	15	0	그런 거면 좋겠다! 역시 자기한테 말하길 잘했어. 고마워.	Y	2022-06-27 01:14:34	2022-11-08 03:49:53
