id	utterance_id	utterance_type	utterance_text	terminate	regDate	updDate
BE22011906	1	0	자기야. 나 머리가 좀 아파서 약 먹으려고.	N	2022-07-26 12:46:05	2022-11-08 04:40:58
BE22011906	2	1	머리 많이 아파요? 요즘 자주 그러네. 걱정돼.	N	2022-07-26 12:46:05	2022-11-08 04:40:58
BE22011906	3	0	요즘 새로 시작한 프로젝트 때문인가 봐. 생각만큼 잘 안 되는데 이것 때문에 스트레스가 큰 것 같아.	N	2022-07-26 12:46:05	2022-11-08 04:40:58
BE22011906	4	1	정말 그것 때문에 스트레스를 많이 받나 봐. 평소엔 두통약 자주 안 먹잖아.	N	2022-07-26 12:46:05	2022-11-08 04:40:58
BE22011906	5	0	그렇지. 최근 들어서 조금 심하네. 잘 안되면 어쩌지, 라는 불안감이 너무 커.	N	2022-07-26 12:46:05	2022-11-08 04:40:58
BE22011906	6	1	자기가 너무 잘하려고 하는 부담감 때문에 스트레스를 많이 받는 거 아닐까?	N	2022-07-26 12:46:05	2022-11-08 04:40:58
BE22011906	7	0	그런 이유가 큰 것 같아. 두통약 하나, 두 개 먹는다고 해결되는 문제가 아닌데도 자꾸 찾게 되네.	N	2022-07-26 12:46:05	2022-11-08 04:40:58
BE22011906	8	1	너무 잘하려 애쓰지 않아도 괜찮다고 말해주고 싶어. 자기가 노력하고 열심히 하더라도 결과가 안 좋을 수 있지만 그 거름은 결국 당신을 성장시킬 테니까.	N	2022-07-26 12:46:05	2022-11-08 04:40:58
BE22011906	9	0	일단 그래도 먹어보고 자기 전에 하나 더 먹든 해야겠어. 괜찮다고 하지만 스스로 괜찮지 않다는 마음이 너무 크게 작용해. 괜찮지 않은 것 같거든.	N	2022-07-26 12:46:05	2022-11-08 04:40:58
BE22011906	10	1	자기는 뭐든 완벽하게 해내려고 하는 편이잖아. 그리고 그렇게 해내고, 난 그게 참 멋지다고 생각해. 하지만 그런 부담감은 오히려 자기를 힘들게 하니까 이제는 그래도 괜찮다는 걸 연습해보는 건 어때.	N	2022-07-26 12:46:05	2022-11-08 04:40:58
BE22011906	11	0	자기가 말한 대로 사실 나도 내 성격이 조금 덜 그랬으면 좋겠어. 그럼 이렇게 약도 안 먹어도 될 테니까.	N	2022-07-26 12:46:05	2022-11-08 04:40:58
BE22011906	12	1	나였어도 그런 부분에서 부담감을 느꼈을 거야. 그래서 자기가 잘 해내야만 해보다 여태처럼 잘 해낼 테니까 마음 편하게 일했으면 해! 그러면 약을 덜 찾을 테니까.	N	2022-07-26 12:46:05	2022-11-08 04:40:58
BE22011906	13	0	그 말이 맞는 것 같아. 나도 이런 성격을 조금 개선해봐야겠어.	N	2022-07-26 12:46:05	2022-11-08 04:40:58
BE22011906	14	1	하지만 난 어떤 모습이든 자기의 모든 모습을 존중해. 알지?	N	2022-07-26 12:46:05	2022-11-08 04:40:58
BE22011906	15	0	알지! 자기야 내 생각을 해줘서 고마워.	Y	2022-07-26 12:46:05	2022-11-08 04:40:58
