id	utterance_id	utterance_type	utterance_text	terminate	regDate	updDate
BE22013251	1	0	자기야, 우리 아빠가 정년퇴직을 하셨는데 너무 부담스럽고 불안하네. 이제 우리 집에서 돈 버는 사람이 나밖에 없어서 너무 스트레스받아. 앞으로 내가 안정적으로 벌이를 할 수 있을지 너무 걱정이 돼.	N	2022-08-05 07:31:49	2022-11-08 04:49:18
BE22013251	2	1	네가 실질적인 가장이 된 상황이라니까 참 책임감이 크겠다. 여러 가지 생각으로 마음이 참 복잡하겠어. 얼마나 힘들지 가늠이 안 되네.	N	2022-08-05 07:31:49	2022-11-08 04:49:18
BE22013251	3	0	금전적인 부담도 크고, 자기 말대로 내가 가족들을 책임져야 한다는 생각에 많이 부담스럽네. 내가 가장 노릇을 잘 못하면 어떡하지? 동생들 학비도 보태야 하고, 부모님 건강 걱정도 되고 여러 가지 생각들로 요즘 마음이 너무 불안해.	N	2022-08-05 07:31:49	2022-11-08 04:49:18
BE22013251	4	1	가족들한테는 말도 못하고 속앓이를 할 네 생각에, 내 마음이 더 아파. 중압감에 얼마나 고생이니. 더군다나 아직 동생들도 졸업도 못했으니 여러 가지 네가 더 부담이 많을 수밖에 없겠다.	N	2022-08-05 07:31:49	2022-11-08 04:49:18
BE22013251	5	0	우리 집 형편이 아주 넉넉한 편도 아니라서 더 스트레스받는 것 있지. 부모님은 자식들한테 손 안 벌리려고 하시는데, 내가 너무 신경이 쓰여. 집에서 돈 버는 사람이 나밖에 없다는 생각에 너무 초조해.	N	2022-08-05 07:31:49	2022-11-08 04:49:18
BE22013251	6	1	네가 마음에 조금만 여유를 가지고 있으면 좋겠어. 지금 당장은 정말 많이 힘들다는 것 알아. 하지만 너 자신을 돌보는 것도 중요하다고 생각해.	N	2022-08-05 07:31:49	2022-11-08 04:49:18
BE22013251	7	0	어디 가서 내 마음에 대해 털어놓지도 못하고, 끙끙 앓고 있어. 사실 동생들도 학자금 대출이랑 아르바이트로 학비랑 생활비 충당을 해. 그런데 나 혼자 너무 불안해서 잠도 못 잘 정도야.	N	2022-08-05 07:31:49	2022-08-05 07:31:49
BE22013251	8	1	객관적으로 상황이 아주 어렵지 않은데도 네가 그만큼 가족을 책임져야 한다는 생각이 강한가 보다. 나는 그런 네가 가족을 사랑하는 마음과 배려심이 넓다고 생각하는걸. 솔직히 사회 초년생인 우리가 가족 모두를 먹여 살리겠다고 마음을 먹는 경우는 적잖아.	N	2022-08-05 07:31:49	2022-11-08 04:49:18
BE22013251	9	0	독립적인 성격이어서, 어릴 때부터 나 혼자 성취해야 한다는 압박감이 심했거든. 부모님은 아무 말씀 없으신데, 갑자기 집안에 경제적인 상황이 바뀐다고 생각하니까 너무 스트레스가 심하네.	N	2022-08-05 07:31:49	2022-08-05 07:31:49
BE22013251	10	1	너의 그 완벽주의적인 성격 때문에 네가 더 괴로운가봐. 나는 그런 네 성격이 너의 장점 중 하나라고 생각해. 문제 상황이 발생하면 끝까지 그걸 해결하려고 노력하잖아.	N	2022-08-05 07:31:49	2022-11-08 04:49:18
BE22013251	11	0	나도 이런 내 성격이 가끔 너무 피곤해. 그리고 솔직히, 아버지께서도 우리 가족들 먹여 살리시느라 고생이 많으셨잖아. 그런데 나 혼자 스트레스받으니까 아버지께 죄송하기도 해.	N	2022-08-05 07:31:49	2022-11-08 04:49:18
BE22013251	12	1	그렇게 스트레스받는 와중에 가족들과 아버지의 심정을 생각하는 너의 마음이 참 깊다. 지금 내가 너의 곁으로 가서 너를 위로해주고 싶네. 이런 스트레스 받는 상황을 견디고 있을 너를 생각하니 내 마음도 아파.	N	2022-08-05 07:31:49	2022-11-08 04:49:18
BE22013251	13	0	나도 요즘 어떡해야 할지 모르겠어. 가족들한테는 티도 못 내고, 회사에서는 업무에 집중이 안 돼.	N	2022-08-05 07:31:49	2022-11-08 04:49:18
BE22013251	14	1	긍정적으로 생각하는 건 어떨까? 아버지께서도 네가 그렇게 스트레스받는다는 걸 알면 슬퍼하실 거야. 앞으로 가족들과 함께할 날들이 더 많다고 생각해 보자.	N	2022-08-05 07:31:49	2022-11-08 04:49:18
BE22013251	15	0	생각해보니까 자기 말도 일리가 있는 것 같네. 사실 우리 가족이 형편이 넉넉하지 않아서 각자 일들 하느라 늘 바빴거든. 그리고 아빠의 퇴직은 축하받아야 할 일인데, 내가 너무 과민 반응하는 것 같다는 생각도 드네.	N	2022-08-05 07:31:49	2022-11-08 04:49:18
BE22013251	16	1	그래, 너희 가족들이 건강하고 평안하면 그보다 더한 행복은 없다고 생각해. 지금 당장은 네가 금전적으로 부담이 될 수 있지만, 동생들도 곧 자리 잡으면 스트레스 덜 받을 거야. 이 또한 지나가리라, 라는 말이 있잖아.	N	2022-08-05 07:31:49	2022-11-08 04:49:18
BE22013251	17	0	고마워, 자기 덕분에 많이 진정됐어. 내가 너무 단편적인 생각들만 했던 것 같아. 하마터면 가족들한테 스트레스 풀 뻔했네.	N	2022-08-05 07:31:49	2022-11-08 04:49:19
BE22013251	18	1	아니야, 충분히 그런 불안한 마음이 들 수 있지. 아버님께 정년 퇴직하신 것 축하한다고 전해 드려. 그리고 오늘 대화로 네 마음이 편안해졌으면 좋겠다.	Y	2022-08-05 07:31:49	2022-11-08 04:49:19
