id	utterance_id	utterance_type	utterance_text	terminate	regDate	updDate
BE22019040	1	0	자기야. 나 오늘 친구들이랑 카페 갔다 오는데 정말 너무 무서웠어. 비도 오고 길도 미끄러운데. 난폭운전을 하는 차량을 보니 겁이 나고 날 위협하는 것만 같아서 너무 불안했어.	N	2022-09-20 04:23:25	2022-09-20 04:23:25
BE22019040	2	1	오랜만에 친구들이랑 즐거운 시간 보내고 기분도 좋았을 텐데. 그런 사람들이 이렇게 자기의 기분을 망치다니 마음이 너무 상했겠다. 그래도 친구들과 보낸 좋은 시간만 기억하면서 마음을 안정시켜 봐.	N	2022-09-20 04:23:25	2022-11-08 05:33:09
BE22019040	3	0	친구들도 타서 더 조심히 운전하고 있는데 그 차를 보는 순간 손이 벌벌 떨리더라. 혹시 저 차로 인해 사고라도 날까 봐 불안해서 안전한 데로 피하고만 싶어졌어.	N	2022-09-20 04:23:25	2022-11-08 05:33:09
BE22019040	4	1	빗길에 동승자도 있으니 자기가 얼마나 신경 쓰면서 안전 운전했겠어. 많이 놀랐겠지만 그래도 친구들이 옆에 있으니 조금은 빨리 진정됐을 거야. 혼자 있는 게 아니라서 참 다행이야.	N	2022-09-20 04:23:25	2022-11-08 05:33:09
BE22019040	5	0	누가 나를 대상으로 난폭운전이라도 하면 어떻게 해야 하나 생각이 들면서 운전하기가 무서워지더라. 불안하고 차라리 운전을 하지 말까 하는 생각까지 들었어.	N	2022-09-20 04:23:25	2022-09-20 04:23:25
BE22019040	6	1	가끔 그런 사람들이 있어도 너무 겁내지 마. 자기도 블랙박스로 신고해도 되고 주변 사람들도 그런 차들은 벌을 받도록 조치를 취할 거야. 그러다 보면 점점 사라질 테니 그런 난폭운전자들 때문에 자기의 생활에 영향을 끼치진 말아야지.	N	2022-09-20 04:23:25	2022-11-08 05:33:09
BE22019040	7	0	저런 차들을 가끔 볼 때마다 편리한 교통수단인 자동차가 무기같이 느껴져. 내가 피해를 입지는 않을까 하는 불안감에 휩싸여.	N	2022-09-20 04:23:25	2022-09-20 04:23:25
BE22019040	8	1	그래서 자기도 나도 항상 조심하는 거 아니겠어. 우리는 무기가 될 수 있는 자동차의 무서움을 잘 알잖아. 자기는 언제나 안전 운전하니까 하던 대로 하면 별일 없을 거야. 걱정하지 마.	N	2022-09-20 04:23:25	2022-11-08 05:33:09
BE22019040	9	0	친구들도 다들 무섭다고 하면서 영상 찍어서 신고했어. 오늘 카페 가서 대화도 하고 즐거운 시간을 보냈는데 난폭운전 차량 때문에 망친 기분이 들어.	N	2022-09-20 04:23:25	2022-09-20 04:23:25
BE22019040	10	1	그래 그런 사람들은 처벌 받도록 신고하기를 잘 했네. 이제 그 일은 잊어버리고 즐거웠던 시간 생각하면서 자기의 행복한 시간만 생각하려고 노력해 봐. 좋은 사람과 함께 다닐 수 있어서 운전하는 게 좋다는 자기의 마음을 불안할 때면 떠올려봐.	N	2022-09-20 04:23:25	2022-11-08 05:33:09
BE22019040	11	0	응. 안 그래도 자기가 예전에 한 말이 떠올랐어. 놀라면 심호흡을 쉬고 정신을 똑바로 차리려고 더 노력하니 마음이 진정이 되더라.	N	2022-09-20 04:23:25	2022-11-08 05:33:09
BE22019040	12	1	정말? 도움이 되었다니 정말 다행이다. 자기는 놀라거나 당황한 순간에도 잘 대처하니 내 마음도 안심이 돼. 그런 운전자들을 앞으로 또 만나게 되더라도 자기는 잘 대처할 거야.	N	2022-09-20 04:23:25	2022-11-08 05:33:09
BE22019040	13	0	응. 그렇게 이야기해줘서 고마워. 편리한 건 좋은데 다른 사람은 생각 안 하고 운전을 험하게 하는 사람들이 없어지면 좋겠다. 그럼 다들 운전하는 동안도 기분 좋은 시간이 될 텐데 말이야.	N	2022-09-20 04:23:25	2022-09-20 04:23:25
BE22019040	14	1	그런 날이 올 거야. 자기는 지금도 잘 하고 있으니 지금처럼만 하면 돼. 이제 기분 풀렸으면 친구들과 오늘 즐거웠던 시간에 대해 서로 이야기하면서 남은 하루도 즐겁게 마무리해.	N	2022-09-20 04:23:25	2022-11-08 05:33:09
BE22019040	15	0	응. 정말 마음이 한결 가벼워졌어. 친구들이랑 보낸 좋은 시간만 생각하고 잊어버릴게. 고마워.	Y	2022-09-20 04:23:25	2022-11-08 05:33:09
