id	utterance_id	utterance_type	utterance_text	terminate	regDate	updDate
BE22022928	1	0	언니, 나 정말 충격이야. 나와 경쟁 관계에 있는 입사 동기 있잖아, 그 동기가 나를 너무 심하게 질투하는 것 같아.	N	2022-09-30 05:23:21	2022-11-08 05:51:24
BE22022928	2	1	왜 그래, 오늘 회사에서 무슨 일 있었어?	N	2022-09-30 05:23:21	2022-09-30 05:23:21
BE22022928	3	0	입사 동기들끼리 같이 밥을 먹는데, 그 동기가 갑자기 이번 달 실적에서 나를 추월하겠다는 거야. 갑자기 뜬금없이 나를 지목한 것도 뜬금없고, 나를 그렇게까지 이기고 싶은가 해서 상처받았어.	N	2022-09-30 05:23:21	2022-11-08 05:51:24
BE22022928	4	1	그 동기가 항상 너를 견제한다고 했잖아, 저번에는 상사에게 뒷담화도 했다며. 네가 정말 그 자리에서 당황스러웠겠네. 아무리 그래도 대놓고 그런 말을 하는 건 실례지. 네가 상처받았겠다.	N	2022-09-30 05:23:21	2022-11-08 05:51:24
BE22022928	5	0	내가 우리 팀에서 현재 가장 실적이 높은 걸 알고 그런 말을 한 것 같아. 그 동기는 왜 자꾸 나를 경쟁상대로 보는 건지 모르겠어, 나는 아무 잘못도 안 했는데. 호의로 다가가도 나를 있는 그대로 봐주지 않으니 항상 상처받아.	N	2022-09-30 05:23:21	2022-11-08 05:51:24
BE22022928	6	1	그랬구나, 네가 많이 속상했겠네. 자고로 입사 동기는 서로 응원하고 격려해주어야 하는 사이인데, 그 친구의 경쟁심이 도를 넘었네. 너도 너무 마음 쓰지 마, 그런 사람들은 호의도 오해하더라.	N	2022-09-30 05:23:21	2022-11-08 05:51:24
BE22022928	7	0	저번에도 내가 영업건 하나를 물어다 줬는데, 다짜고짜 의심부터 하는 거야. 그 동기는 나를 경쟁상대로만 보지 절대 동료로 보지 않는다는 걸 느껴서 속상하더라.	N	2022-09-30 05:23:21	2022-11-08 05:51:24
BE22022928	8	1	네가 그 동기에게 좋은 일을 해 줬었네. 그렇지만 너무 속상해하지 마, 이 세상에는 다양한 사람들이 있잖아. 그 사람 마음에 들기 위해 억지로 노력하지 않아도 돼, 그냥 흘러가는 대로 두는 게 마음 편할 거야.	N	2022-09-30 05:23:21	2022-11-08 05:51:24
BE22022928	9	0	언니 말을 들으니 내가 너무 사서 스트레스받았나 싶네. 생각해보면 내가 그 동기를 억지로 챙겨줄 필요도, 잘해줄 필요도 없는 거니까. 그 동기가 다가올 때까지 마음 편히 기다려야겠다.	N	2022-09-30 05:23:21	2022-11-08 05:51:24
BE22022928	10	1	잘 생각했어, 남들도 중요하지만 가장 중요한 건 너 자신이지. 일터에서 네가 행복하고 마음이 편했으면 좋겠어. 너를 시기 질투하는 사람들은 너무 신경 쓰지 마.	N	2022-09-30 05:23:21	2022-11-08 05:51:24
BE22022928	11	0	고마워 언니, 역시 언니가 있어서 항상 위로받네. 나를 미워하는 사람도 있지만, 언니처럼 나를 사랑해주는 사람도 있다는 게 마음을 따뜻하게 해.	N	2022-09-30 05:23:21	2022-11-08 05:51:24
BE22022928	12	1	그냥 흘러가는 대로 놔두자고 생각하면 마음이 훨씬 편해지더라고. 특히 사람이라는 게 내 마음대로 바꿀 수 없잖아. 받아들이고 용서하는 게 너를 평화롭게 할 거야.	N	2022-09-30 05:23:21	2022-11-08 05:51:24
BE22022928	13	0	언니의 조언이 큰 도움이 된다, 내가 또 연락할게.	N	2022-09-30 05:23:21	2022-11-08 05:51:24
BE22022928	14	1	그래, 오늘도 행복한 하루 보내.	Y	2022-09-30 05:23:21	2022-09-30 05:23:21
