id	utterance_id	utterance_type	utterance_text	terminate	regDate	updDate
BE22000068	1	0	언니, 그때 아이 상담받았었다고 했지?	N	2022-06-02 05:44:57	2022-11-08 03:24:39
BE22000068	2	1	응. 첫째가 너무 많이 울어서 상담 받았지.	N	2022-06-02 05:44:57	2022-11-08 03:24:39
BE22000068	3	0	상담받는 거 어때? 이번에 첫째가 남편 지갑에 손을 댔는데 남편이 경찰서에 데려갔어.	N	2022-06-02 05:44:57	2022-11-08 03:24:39
BE22000068	4	1	그런 일이 있었어? 얼마나 놀랐을까. 너의 충격이 이만저만이 아니었겠다.	N	2022-06-02 05:44:57	2022-11-08 03:24:39
BE22000068	5	0	너무 충격적이라 이 일을 도대체 어디서부터 손대야 할지 모르겠어.	N	2022-06-02 05:44:57	2022-11-08 03:24:39
BE22000068	6	1	아이에게도 제부에게도 실망했겠구나.	N	2022-06-02 05:44:57	2022-11-08 03:24:39
BE22000068	7	0	내 말이 그 말이야. 사실 아이보다도 그렇게 상황을 만든 남편 때문에 더 속상해.	N	2022-06-02 05:44:57	2022-11-08 03:24:39
BE22000068	8	1	아이 교육에 유난히 열성적인 제부잖아. 이런 일이 두 번 없도록 하려는 의도였을 거야.	N	2022-06-02 05:44:57	2022-11-08 03:24:39
BE22000068	9	0	아이가 따끔하게 혼이 난 것 같긴 해. 경찰서라는 곳이 아이에게 워낙 무서운 곳이잖아.	N	2022-06-02 05:44:57	2022-11-08 03:24:39
BE22000068	10	1	맞아, 너도 너무 상심하지 말고 제부와 아이와 함께 상담을 가봐. 막상 가보면 잘 왔다 싶을 거야.	N	2022-06-02 05:44:57	2022-11-08 03:24:39
BE22000068	11	0	고마워. 남편도 요 며칠 말도 없고, 표정이 안 좋아서 말도 못 붙였는데, 퇴근하고 오면 대화를 해봐야겠다.	N	2022-06-02 05:44:57	2022-11-08 03:24:39
BE22000068	12	1	좋은 생각이네. 두 사람의 대화가 잘 풀리면 상담까지 가지 않아도 될 수도 있잖아.	N	2022-06-02 05:44:57	2022-11-08 03:24:39
BE22000068	13	0	나도 나지만 남편도 무척 화도 나고 충격을 받았을 것 같긴 해.	N	2022-06-02 05:44:57	2022-11-08 03:24:39
BE22000068	14	1	오늘 저녁에 맥주라도 한잔 하면서 허심탄회하게 대화해보렴.	N	2022-06-02 05:44:57	2022-11-08 03:24:40
BE22000068	15	0	응. 그럴게. 진짜 고마워 언니.	Y	2022-06-02 05:44:57	2022-11-08 03:24:40
