id	utterance_id	utterance_type	utterance_text	terminate	regDate	updDate
BE22014659	1	0	형. 나 오늘 오랜만에 동창회에 다녀왔어.	N	2022-08-19 03:16:50	2022-08-19 03:16:50
BE22014659	2	1	그랬구나. 친구들 오랜만에 만나서 좋았겠다. 재밌게 잘 갔다 왔어?	N	2022-08-19 03:16:50	2022-08-19 03:16:50
BE22014659	3	0	응. 근데 동창회에 나온 친구의 차가 스포츠카더라고. 다른 친구가 내가 타고 갔던 차는 저렴한 차라면서 비교하면서 나를 웃음거리로 만들었어. 그래서 지금 너무 마음에 상처를 입은 것 같아.	N	2022-08-19 03:16:50	2022-08-19 03:16:50
BE22014659	4	1	뭐라고? 듣는 나도 이렇게 속상한데 네가 얼마나 속상했을지 생각하니까 형 마음이 다 아픈 것 같아. 당연히 사람을 앞에 두고 그렇게 비교하면 상처받지. 네 마음 충분히 이해해.	N	2022-08-19 03:16:50	2022-11-08 04:58:16
BE22014659	5	0	응. 예전에 학교 다닐 때도 그 친구가 내가 가지고 다니는 물건을 다른 애들이랑 비교했었거든. 그렇게 놀리는 게 나한테 상처로 남았었는데 다시 이러니까 옛날이 생각나서 너무 괴로워. 그 상처가 전혀 아물지 않고 나 자신을 더 작아지게 만드는 것 같아.	N	2022-08-19 03:16:50	2022-08-19 03:16:50
BE22014659	6	1	예전에도 그런 적이 있었으면 더 상처가 되고 힘들었겠다. 하지만 그런 말로 너 자신을 깎아내리고 더 작게 만들 필요는 없어. 사람의 가치를 결정하는 건 타고 다니는 차가 아니라 그 사람 자체를 이루는 것이라고 생각해.	N	2022-08-19 03:16:50	2022-11-08 04:58:16
BE22014659	7	0	하지만 친구들이 그런 말을 할 때마다 작아지는 건 어쩔 수 없는 것 같아. 이런 거에 상처받는 내가 싫은데 그 친구들이 사실이 아닌 일을 가지고 그러지는 않으니까.	N	2022-08-19 03:16:50	2022-11-08 04:58:16
BE22014659	8	1	너는 예전부터 성실하고 하고자 하는 바를 모두 다 이룰 수 있는 그런 사람이었잖아. 자존감이 낮은 친구들이 너를 깎아내리기 위해서 그렇게 행동을 한다고 생각하는 거 어때? 그러면 네 자신을 미워하지 않아도 되고 기분도 더 괜찮아지지 않을까?	N	2022-08-19 03:16:50	2022-11-08 04:58:16
BE22014659	9	0	그렇긴 하지만 정말 내가 그렇게 가치가 있는 사람일까? 나의 상처를 없애주기 위해 일부러 좋은 말을 해주는 게 아니고?	N	2022-08-19 03:16:50	2022-08-19 03:16:50
BE22014659	10	1	응. 너는 다른 사람을 헤아리고 받은 사랑을 나눠줄 수 있는 따뜻한 사람이잖아. 그리고 일을 처리하는 능력도 뛰어나서 뭐든지 잘 해내곤 하잖아. 너는 충분히 가치 있고 사랑받아 마땅한 사람이니까 자신감을 가져.	N	2022-08-19 03:16:50	2022-11-08 04:58:16
BE22014659	11	0	그렇게 말해줘서 고마워, 형. 나도 모르게 그 상처 때문에 내 자신을 너무 깎아내리고 있었던 것 같아. 형 덕분에 자신감이 조금 생길 것 같아.	N	2022-08-19 03:16:50	2022-08-19 03:16:50
BE22014659	12	1	그래. 혼자 끙끙 앓는 것에서 벗어나서 형한테 이렇게 얘기하는 것도 그 상처에서 벗어나는 과정이라고 생각해. 너는 너 스스로 그 상처를 극복해나갈 수 있는 멋진 사람이야. 힘내, 내 동생.	N	2022-08-19 03:16:50	2022-11-08 04:58:16
BE22014659	13	0	정말 고마워, 형. 혼자 끌어안고 있을 때는 너무 힘들었는데 형 덕분에 기분이 많이 나아진 것 같아.	N	2022-08-19 03:16:50	2022-08-19 03:16:50
BE22014659	14	1	그렇다니 다행이야. 항상 형은 우리 동생 편이니까 혼자라고 생각하지 말고. 또 고민 있으면 언제든지 얘기해.	N	2022-08-19 03:16:50	2022-11-08 04:58:16
BE22014659	15	0	응, 정말 고마워.	Y	2022-08-19 03:16:50	2022-11-08 04:58:16
