id	utterance_id	utterance_type	utterance_text	terminate	regDate	updDate
BE22023780	1	0	언니 요즘 나 빼고 다른 사람들이 전부 행복해 보여. 나만 외로운 거 같은 감정이 상처로 다가와서 너무 힘들어.	N	2022-10-03 15:38:49	2022-10-03 15:38:49
BE22023780	2	1	왜 그래 무슨 일 있었어? 대학 생활이 힘들어서 그래?	N	2022-10-03 15:38:49	2022-10-03 15:38:49
BE22023780	3	0	응 맞아. 학교에 마음 맞는 친구도 없고 동기들 모임에서 내가 빠져있고 나만 못 어울리는 거 같아. 동기들은 다 같이 놀면서 즐겁고 행복해 보여서 너무 소외감 들어.	N	2022-10-03 15:38:49	2022-10-03 15:38:49
BE22023780	4	1	나만 빼고 동기들끼리 노는 모습을 보면 누구라도 소외감 들고 상처받지. 언니도 비슷한 경험이 있어서 네 마음이 어떨지 충분히 이해돼.	N	2022-10-03 15:38:49	2022-11-08 05:56:26
BE22023780	5	0	언니도 나랑 비슷한 경험이 있는지 몰랐어. 언니는 이럴 때 어떻게 극복했어? 난 사실 내가 어떤 문제가 있는지 계속 돌아보는 중인데 내 문제점을 모르겠어.	N	2022-10-03 15:38:49	2022-10-03 15:38:49
BE22023780	6	1	언니도 너처럼 자신의 문제를 찾으려고 노력했었는데 지금 생각해 보면 그 방법이 해결해 주지는 못했어. 세상엔 정말 다양한 사람이 있고 나에게 맞는 사람이 있는데 내 문제점만으로 치부하니까 더 의기소침해지더라고.	N	2022-10-03 15:38:49	2022-11-08 05:56:26
BE22023780	7	0	사실 요즘 내가 그런 거 같아. 더 주눅 들고 자존감도 낮아지고 동기들을 대하기가 더 어렵더라고. 눈치 보는 나 자신을 보면 더 상처받는 거 같아.	N	2022-10-03 15:38:49	2022-10-03 15:38:49
BE22023780	8	1	누구라도 그런 생각 할 거야. 그렇지만 그럴수록 오히려 네가 자신을 더 믿어주고 당당해질 수 있어야 해. 누군가가 나를 소외시켜도 끄떡없을 만큼 강해져야 네가 이런 일로 더 이상 상처받지 않을 거야.	N	2022-10-03 15:38:49	2022-11-08 05:56:26
BE22023780	9	0	언니 말이 맞아. 그런데 내가 어떻게 하면 강해질 수 있을지 모르겠어. 나도 주눅 들지 않고 당당해지고 싶어.	N	2022-10-03 15:38:49	2022-10-03 15:38:49
BE22023780	10	1	언니를 비롯한 너를 사랑하는 사람들을 믿어보는 건 어때? 너를 사랑하는 사람도 아주 많고 동기들과 어울리지 못하는 게 약점이 아니라는 것만 기억해 줘. 그러다 보면 자신을 믿는 힘이 생길 거고 이런 힘든 감정도 점점 사라질 거야.	N	2022-10-03 15:38:49	2022-11-08 05:56:26
BE22023780	11	0	정말 와닿는 말인 거 같아. 생각해 보면 날 사랑해 주는 사람도 아주 많은데 너무 한쪽으로만 생각했던 거 같아. 언니 믿고 더 당당해지도록 노력해야겠어.	N	2022-10-03 15:38:49	2022-11-08 05:56:26
BE22023780	12	1	그렇게 말해줘서 고마워. 언니는 항상 네 편이니까 네가 잘 극복할 수 있도록 옆에서 도와줄게.	N	2022-10-03 15:38:49	2022-11-08 05:56:26
BE22023780	13	0	언니가 있어서 난 정말 든든하고, 감사해. 항상 날 믿어주고 응원해 줘서 정말 고마워.	N	2022-10-03 15:38:49	2022-11-08 05:56:26
BE22023780	14	1	나도 고마워. 앞으로 조금만 더 힘내보자!	Y	2022-10-03 15:38:49	2022-10-03 15:38:49
