id	utterance_id	utterance_type	utterance_text	terminate	regDate	updDate
BE22022717	1	0	형. 나 그동안 하고 싶었던 미싱 작업을 시작하게 되었어. 그런데 이 과정이 나에게 상처가 되어서 고민이야.	N	2022-09-29 12:51:39	2022-11-08 05:50:08
BE22022717	2	1	네가 하고 싶었던 일을 하게 되었으면 기쁜 것 아냐? 무슨 일이 있었길래 네가 상처를 받은 거니?	N	2022-09-29 12:51:39	2022-11-08 05:50:08
BE22022717	3	0	내가 원하던 패턴으로 천을 재단했거든. 그 천으로 미싱을 시작하게 돼서 너무 기쁜 마음에 친구들에게 이야기를 했어. 그랬더니 무슨 남자가 미싱이냐며 놀리는데 그 말들이 어찌나 상처가 되었는지 몰라.	N	2022-09-29 12:51:39	2022-11-08 05:50:08
BE22022717	4	1	주변 사람들의 응원에 힘입어 시작하고 싶었을 텐데 그렇지 못해 네 마음이 많이 아프겠다. 그렇지만 널 응원하는 사람들도 많을 거야. 그러니 너의 첫 시작이 상처받은 마음과 함께하지 않길 바랄게.	N	2022-09-29 12:51:39	2022-11-08 05:50:08
BE22022717	5	0	친한 친구들에게 그런 말들을 들으니 자괴감이 드는 게 사실이야. 내가 좋아하는 일이 남들이 보기에는 하찮게 보이는 걸까 싶어 너무나 괴로워.	N	2022-09-29 12:51:39	2022-11-08 05:50:08
BE22022717	6	1	모든 사람들이 남의 눈에 멋져 보이는 일을 하지는 않아. 스스로 좋아하는 일을 하는게 가장 멋진 일이 아닐까? 그런 점에서 너는 굉장히 멋진 일을 시작하게 된 거고 형은 그런 네가 너무 자랑스러워.	N	2022-09-29 12:51:39	2022-11-08 05:50:09
BE22022717	7	0	나도 내가 좋으면 그만이라고 생각했어. 그런데 막상 현실에 부딪히고 직접 이런 일을 겪으니 멘탈이 흔들리는 것 같아. 상처받은 마음이 쉽게 회복될 것 같지 않아서 큰일이야.	N	2022-09-29 12:51:39	2022-09-29 12:51:39
BE22022717	8	1	네가 받은 상처가 많이 깊어 보여 곁에서 보기 안타깝다. 그런데 그럴 땐 초심의 열정을 떠올려보면 어떨까? 형은 주위 자극에 마음이 약해질 때 처음 나의 다짐을 생각하면 힘이 생기더라고.	N	2022-09-29 12:51:39	2022-11-08 05:50:09
BE22022717	9	0	형 말처럼 내가 처음 이 꿈을 가졌을 때를 생각하니 다시 힘이 나는 것 같아. 나도 모르게 주변의 말들로 나약해져 스스로를 괴롭히고 있었나 봐.	N	2022-09-29 12:51:39	2022-11-08 05:50:09
BE22022717	10	1	그때의 열정으론 아무것도 두려울 게 없었잖아. 그 마음가짐으로 흔들림 없이 너의 꿈과 가치관을 지켜낸다면 남들이 뭐라 하던 신경 쓰이지 않을 거야.	N	2022-09-29 12:51:39	2022-11-08 05:50:09
BE22022717	11	0	정말 고마워 형. 괴롭고 상처가 되었던 마음들이 모두 치유된 것 같아. 내 꿈은 내가 지키는 거라고 생각하니 이전보다 더 당당하게 세상에 나설 수 있을 것 같아.	N	2022-09-29 12:51:39	2022-11-08 05:50:09
BE22022717	12	1	네가 자신감을 다시 찾은 것 같아서 보기 좋다. 나만의 꿈을 가진다는 건 정말 멋진 일이야. 형은 네가 자신감을 갖고 당당하게 네 꿈을 펼칠 수 있을 거라 믿어.	N	2022-09-29 12:51:39	2022-11-08 05:50:09
BE22022717	13	0	형의 응원에 힘입어 잘해볼게. 미싱 작업을 시작으로 멋진 디자이너가 되어 세상의 편견을 없애는데 앞장설 거야. 그날을 상상하니 벌써부터 너무 행복하다.	N	2022-09-29 12:51:39	2022-11-08 05:50:09
BE22022717	14	1	네 다짐을 들으니 형도 마음이 참 뿌듯하네. 지난 너의 무수한 노력들이 앞으로의 너를 빛내줄 거야. 넌 꼭 성공할 수 있을 거라고 생각해.	N	2022-09-29 12:51:39	2022-11-08 05:50:09
BE22022717	15	0	항상 내 꿈을 응원해주고 내 편이 되어주는 형이 있어 든든해. 형은 내 인생의 선물 같은 사람이야.	Y	2022-09-29 12:51:39	2022-11-08 05:50:09
