id	utterance_id	utterance_type	utterance_text	terminate	regDate	updDate
BE22016476	1	0	나 오늘부터 독립해서 살기로 했어. 며칠 전에 부모님과 논쟁이 있었는데 나보고 당장 나가서 살라고 하시더라고.	N	2022-08-30 07:56:35	2022-08-30 07:56:35
BE22016476	2	1	갑자기 그게 무슨 소리야? 독립한다니?	N	2022-08-30 07:56:35	2022-11-08 05:09:33
BE22016476	3	0	내가 하고 싶은 일은 따로 있는데 부모님은 본인들의 생각과 다르면 인정하지 않으셔. 이럴 때마다 막힌 벽과 대화하는 것처럼 답답하고 나만 상처받는 것 같아. 부모님이 나를 지지해주기보다는 날 고립시키는 존재로 느껴져.	N	2022-08-30 07:56:35	2022-11-08 05:09:33
BE22016476	4	1	그랬구나. 얘기만 들어도 형이 느꼈을 상처가 어떨지 짐작이 돼. 가장 지지해줘야 할 가족이 내 진로를 방해한다고 생각하니까 상처도 컸을 것 같아.	N	2022-08-30 07:56:35	2022-11-08 05:09:33
BE22016476	5	0	그래서 차라리 잘됐다고 생각하고, 나도 빨리 독립하려고. 지금 단기 아르바이트를 알아보는 중이야.	N	2022-08-30 07:56:35	2022-11-08 05:09:33
BE22016476	6	1	준비가 안 된 상태에서 독립한다는 게 쉽지 않은 일이지. 그래도 계획을 세워서 지금부터 천천히 해결해나가면 잘할 거야.	N	2022-08-30 07:56:35	2022-11-08 05:09:33
BE22016476	7	0	그렇게 됐으면 좋겠다. 아르바이트를 하게 되면 진짜 독립이 시작되는 건데, 지금은 의욕보다는 부모님에게 받은 상처가 더 커.	N	2022-08-30 07:56:35	2022-08-30 07:56:35
BE22016476	8	1	아르바이트는 곧 구할 수 있을 거야. 그보다 독립하더라도 부모님과 다시 한번 대화는 충분히 나눠 보는 게 어떨까? 갑자기 독립하겠다고 하면 부모님도 많이 걱정하실 거야.	N	2022-08-30 07:56:35	2022-11-08 05:09:33
BE22016476	9	0	그건 나도 그렇게 생각해. 독립하는 게 내 목표이긴 하지만 부모님과의 관계를 아예 끊고 싶은 것은 아니야.	N	2022-08-30 07:56:35	2022-08-30 07:56:35
BE22016476	10	1	아마 부모님도 형의 미래를 진심으로 걱정하시기 때문에 잔소리를 하셨을 거야. 형이 받은 상처는 충분히 이해되지만, 부모님과 대화하면서 입장을 듣는 시간이 꼭 있으면 좋겠어. 부모님도 형의 의견을 들르면 독립하겠다는 형의 결정을 이해하실 거야.	N	2022-08-30 07:56:35	2022-11-08 05:09:33
BE22016476	11	0	네 말을 듣고 보니 그게 맞을 것 같아. 당장은 상처가 커서 집을 나오고 싶었는데 부모님과 대화는 한 번 해보는 게 좋겠어.	N	2022-08-30 07:56:35	2022-08-30 07:56:35
BE22016476	12	1	형의 진로를 위해서 고민하는 것은 형이나 부모님이나 모두 똑같다고 생각해. 다만 표현 방식이 달라서 오해가 생기는 것 같아. 대화 잘 나눠보고 서로 오해 풀고 독립하거나 해보자.	N	2022-08-30 07:56:35	2022-11-08 05:09:33
BE22016476	13	0	그렇게 말해줘서 고마워. 나도 버려졌다는 기분은 가라앉히고 차분히 대화해 볼게. 덕분에 기분이 많이 풀린다.	N	2022-08-30 07:56:35	2022-11-08 05:09:33
BE22016476	14	1	그렇게 느꼈다니 다행이다. 잘 해결되길 바랄게.	Y	2022-08-30 07:56:35	2022-11-08 05:09:33
