id	utterance_id	utterance_type	utterance_text	terminate	regDate	updDate
BE22013015	1	0	누나. 나 어떡해. 세상이 무너지는 기분이야. 상처가 너무 심해.	N	2022-08-03 05:36:38	2022-11-08 04:47:52
BE22013015	2	1	갑자기 무슨 말이야? 네 문자 받자마자 심장이 철렁 내려앉는 기분이다.	N	2022-08-03 05:36:38	2022-11-08 04:47:52
BE22013015	3	0	여자 친구가 바람피우는 사실을 눈치챘어. 그동안 뭔가 이상하다고 생각하고 있었는데, 설마 바람을 피우고 있을 줄이야. 이 상처받은 마음을 어떻게 해야 할지 모르겠어.	N	2022-08-03 05:36:38	2022-11-08 04:47:52
BE22013015	4	1	어떡해. 네가 정말 충격받고 힘들겠다. 지금 네 마음이 가장 걱정이야. 어떻게 하다가 그 사실을 알게 된 거야?	N	2022-08-03 05:36:38	2022-11-08 04:47:52
BE22013015	5	0	화장실에서 조용히 전화 통화하는 걸 들어버렸어. 처음에는 믿어지지 않았는데, 그동안의 수상한 일들이 퍼즐을 꿰맞추는 것처럼 하나씩 맞춰지더라.	N	2022-08-03 05:36:38	2022-11-08 04:47:52
BE22013015	6	1	믿고 싶지 않았던 일이 사실이라는 걸 알게 되었을 때 정말 마음이 무너져 내리잖아. 네가 어떤 기분이었을지 짐작이 간다. 얼마나 놀라고 힘들었니, 내 동생.	N	2022-08-03 05:36:38	2022-11-08 04:47:52
BE22013015	7	0	누나. 나는 이제 어떻게 해야 하지? 믿었던 사람에게 배신당한 기분에 아무것도 할 수가 없어. 상처를 너무 크게 받았어.	N	2022-08-03 05:36:38	2022-11-08 04:47:52
BE22013015	8	1	네가 여자 친구를 그렇게 믿고 사랑했는데, 왜 안 그렇겠어. 너무 속상하고 슬플 것 같아.	N	2022-08-03 05:36:38	2022-11-08 04:47:52
BE22013015	9	0	조만간 만나서 이별을 고해야 할 텐데 생각만 해도 가슴이 찢어지는 것 같아. 내가 너무 한심하고 바보처럼 느껴져. 여자 친구로 인해 이렇게까지 상처를 받을 줄 알았다면 만나지 않았을 텐데.	N	2022-08-03 05:36:38	2022-11-08 04:47:52
BE22013015	10	1	지금은 어떤 말로도 네 가슴의 상처가 낫지 않겠지만, 그래도 너무 힘들어하지 않았으면 좋겠어. 그동안 몰랐던 너 자신을 탓하지 않았으면 좋겠다. 너는 최선을 다해 사랑했고, 스스로 떳떳한 사랑을 했으니 그걸로 된 거라 생각해.	N	2022-08-03 05:36:38	2022-11-08 04:47:52
BE22013015	11	0	맞아. 나는 여자 친구에게 한 점 부끄러움 없이 솔직하게 사랑했어. 그만큼 배신당한 상처가 크지만 말이야.	N	2022-08-03 05:36:38	2022-11-08 04:47:52
BE22013015	12	1	지금은 몹시 힘든 게 당연하지만, 시간이 지나면 이 일도 귀중한 경험이 될 거라 믿어. 다친 마음이 천천히 회복되면 좋겠다. 너무 힘들어하지 말고, 마음이 아프고 눈물 날 때면 언제든 누나한테 연락해.	N	2022-08-03 05:36:38	2022-11-08 04:47:52
BE22013015	13	0	정말 고마워. 누나라도 없었으면 지금 정말 힘들었을 거야. 누나랑 이야기하고 나니까 마음이 조금 진정되는 것 같아.	N	2022-08-03 05:36:38	2022-11-08 04:47:52
BE22013015	14	1	당분간은 네 마음을 최우선으로 돌보면 좋겠다. 그동안 최선을 다한 너 자신을 원망하거나 미워하지 마. 나는 언제나 네 편인 것도 잊지 말고.	N	2022-08-03 05:36:38	2022-11-08 04:47:52
BE22013015	15	0	응. 지혜롭게 나를 달래 줘서 정말 고마워. 누나 덕분에 머릿속이 맑아진 것 같아 다행이야.	Y	2022-08-03 05:36:38	2022-11-08 04:47:52
