id	utterance_id	utterance_type	utterance_text	terminate	regDate	updDate
BE22020340	1	0	나 진짜 주변 사람들한테 점점 실망하는 일이 커져. 나는 사람들한테 진심으로 대한다고 생각하는데, 다른 사람들은 다 나 같지 않은지 상처로 다가와.	N	2022-09-23 00:57:38	2022-11-08 05:29:32
BE22020340	2	1	안 그래도 오늘 기분이 별로 안 좋아 보였어. 혹시 누구한테 섭섭한 일 있었어?	N	2022-09-23 00:57:38	2022-11-08 05:29:32
BE22020340	3	0	친한 친구에게 사실 돈을 빌려줬어. 오늘 갚겠다고 해서 기다렸는데, 갑자기 잠수를 타버렸어. 내가 정말 믿었던 친구였어.	N	2022-09-23 00:57:38	2022-09-23 00:57:38
BE22020340	4	1	그 친구가 형의 신뢰를 저버렸구나. 나도 예전에 형처럼 배신당했잖아. 그때 나도 너무 사람한테 실망해서 이제 절대 돈거래는 안 해.	N	2022-09-23 00:57:38	2022-11-08 05:29:32
BE22020340	5	0	나도 알고 있지. 그 친구가 처음에는 작은 액수였는데, 점점 큰 액수를 부탁하더라고. 마지막이라고 생각하고 빌려줬는데, 이렇게 될 줄 몰랐어.	N	2022-09-23 00:57:38	2022-11-08 05:29:32
BE22020340	6	1	아마 믿게 하려고 처음에는 돈을 갚았던 거 같아. 원래 그런 식으로 신뢰를 쌓다가 나중에 큰 금액 빌리고 나면 잠수타더라고.	N	2022-09-23 00:57:38	2022-11-08 05:29:32
BE22020340	7	0	설마 잠수를 탈 줄이야 생각도 못했어. 또 이번 일이 아니더라도 주변 사람들한테 실망한 일이 전에도 한두 번이 아니었어. 안 좋은 기억이 쌓이니 이젠 사람을 믿기가 힘들어져.	N	2022-09-23 00:57:38	2022-11-08 05:29:32
BE22020340	8	1	형이 무슨 말을 하는지 나도 알 거 같아. 하지만 세상에는 좋은 사람들도 많고, 좋은 친구가 되어 줄 사람들도 많아. 상처 많이 받았겠지만 기운 내.	N	2022-09-23 00:57:38	2022-11-08 05:29:32
BE22020340	9	0	그렇겠지, 하지만 이런 상황일 때마다 내가 어떻게 생각해야 할지 모르겠어. 내 마음은 이미 상처를 너무 많이 받았거든.	N	2022-09-23 00:57:38	2022-09-23 00:57:38
BE22020340	10	1	너무 복잡하게 생각하지 마. 상처 주고 떠나는 사람들은 딱 거기까지인 거야. 난 그 사람들은 형의 자상한 마음을 가질 자격이 없다고 생각해.	N	2022-09-23 00:57:38	2022-11-08 05:29:32
BE22020340	11	0	내가 너무 사람을 믿는 걸까? 주변에서도 내가 너무 사람을 믿고 퍼준다고 생각하는 것 같아. 책잡혔나 싶어서 나 자신이 초라하고.	N	2022-09-23 00:57:38	2022-11-08 05:29:32
BE22020340	12	1	사람을 믿어주는 건 좋은 일이야. 하지만 너무 많은 상처를 받는다면 스스로 마음을 조심스럽게 열 필요도 있는 것 같아.	N	2022-09-23 00:57:38	2022-09-23 00:57:38
BE22020340	13	0	그래 맞아. 사람을 아예 안 믿고 살 수는 없어. 하지만, 나도 이제는 조금 사람을 봐 가면서 마음을 열어야 할 거 같아.	N	2022-09-23 00:57:38	2022-11-08 05:29:32
BE22020340	14	1	그래 형. 이번 상황도 교훈을 얻게 된 계기라고 생각하고, 상처받지는 마.	N	2022-09-23 00:57:38	2022-11-08 05:29:32
BE22020340	15	0	응, 그래야겠다. 오늘 안 그래도 우울했는데 동생한테 인생의 조언도 듣고 좋네. 고마워 동생.	Y	2022-09-23 00:57:38	2022-11-08 05:29:32
