id	utterance_id	utterance_type	utterance_text	terminate	regDate	updDate
BE22022943	1	0	언니, 나 엄청난 소외감을 느끼고 상처받는 일이 있었어. 고등학교 때부터 친했던 친구들이 있는데, 나 빼고 다 결혼을 했거든. 그런데 알고 보니까 나만 부르지 않고, 자기들끼리만 매주 모임을 하고 있었더라고.	N	2022-09-30 05:40:24	2022-09-30 05:40:24
BE22022943	2	1	너도 친한 사이였는데, 너를 두고 친구들끼리 모이면 섭섭하고 서운한 마음이 클 것 같아. 결혼이라는 공통점으로 너를 두고 친구들만 만난 거여서, 더 속상하겠다. 작년까지만 해도 자주 모였던 걸로 알고 있는데 말이야.	N	2022-09-30 05:40:24	2022-11-08 05:51:29
BE22022943	3	0	응 내가 회사 다니느라 바빠서 친구들 모임에 몇 번 못 나간 적이 있어. 그랬더니 나를 아예 빼버린 거 같기도 해. 나도 사람들을 만나고 싶은데 이번 주 달력을 보니 스케줄이 텅텅 비어있어서 더 속상하고 상처야.	N	2022-09-30 05:40:24	2022-09-30 05:40:24
BE22022943	4	1	만날 사람이 없다는 건 참 속상하고 슬프게 느껴지는 일인 것 같아. 나도 예전에 친했던 친구들이 나만 빼고, 모인 적이 있었어. 그때 배신감이 들고, 속상한 적이 있어서 네 마음 충분히 이해해.	N	2022-09-30 05:40:24	2022-11-08 05:51:29
BE22022943	5	0	난 그 친구들이 유일하게 자주 만났던 친구들이었거든. 회사 다닐 때, 바쁘니까 다른 사람들이랑 연락을 잘하지 못했어. 그사이 멀어지게 된 사람들이 많아서 큰 소외감과 상처를 느껴.	N	2022-09-30 05:40:24	2022-11-08 05:51:29
BE22022943	6	1	어쩌면, 친구들도 네가 바빠 보이니까 배려하는 마음으로 모임에 부르지 않은 걸 거야. 그리고 사람들과 멀어졌어도 난 항상 네 편이라는 걸 기억해. 난 너의 언니이기도 하지만, 항상 가장 친한 친구가 되어줄 수 있는걸.	N	2022-09-30 05:40:24	2022-11-08 05:51:29
BE22022943	7	0	지금은 회사를 그만두고 나니 시간이 많이 남았어. 스케줄도 계획도 없어서, 할 일 없이 집에만 있어야 할 것 같아. 난 사람들과 어울리는 걸 참 좋아했는데 혼자 보내야 한다는 게 너무 상처가 되고 쓸쓸하다.	N	2022-09-30 05:40:24	2022-09-30 05:40:24
BE22022943	8	1	그래도 넌 외향적이니까 금방 새로운 친구를 사귈 수 있을 거야. 이직할 곳을 알아보고 있으니 지금은 힘들어도 조금만 견뎌내길 바라. 그리고, 친구들을 못 만나면 때로는 나랑 같이 맛집도 가고 카페도 가서 수다를 떨자.	N	2022-09-30 05:40:24	2022-11-08 05:51:29
BE22022943	9	0	그래도 언니가 있으니까 든든하긴 하다. 그동안 회사 다니면서 바쁘게 지내오다가 회사를 그만두니 스케줄이 텅텅 빈 걸 보고 속상했거든. 무엇보다 혼자라는 소외감과 쓸쓸함이 컸는데 언니 덕에 마음이 좀 괜찮아졌어.	N	2022-09-30 05:40:24	2022-11-08 05:51:29
BE22022943	10	1	회사 생활을 하다 보면 친구들을 자주 못 만나는 건 자연스러운 일인 것 같아. 특히 너희 회사는 유독 바쁘니까 그 상황과 네 마음이 더 공감이가. 네가 쓸쓸하게 느껴져도 언제나 난 너의 편이고 널 응원해.	N	2022-09-30 05:40:24	2022-11-08 05:51:29
BE22022943	11	0	생각해 보니 어릴 적에 엄마가 회사를 다녀서, 난 혼자 집에 자주 있었잖아. 그때도 언니가 학교 끝나고 오면 나랑 놀이터도 가주고 놀아준 게 기억난다. 언니는 항상 나에게 가장 친한 친구 같은 존재야.	N	2022-09-30 05:40:24	2022-09-30 05:40:24
BE22022943	12	1	어리기만 했던 네가 어느덧 이렇게 커서, 때로는 나의 고민도 들어주곤 하잖아. 나도 너에게 도움을 주지만, 너도 나에게 큰 도움을 줄 때가 많아. 그래서 나도 네가 더 소중하고 사랑하는 마음이 커.	N	2022-09-30 05:40:24	2022-11-08 05:51:29
BE22022943	13	0	고마워 언니. 이제는 내가 혼자라고 느껴지지 않는다. 그리고 스케줄이 없으면 혼자 상처받고 우울해하기보다 새로 채우면 되는 일이라는 생각이 드네. 언니 덕에 긍정적으로 생각하게 돼.	N	2022-09-30 05:40:24	2022-11-08 05:51:29
BE22022943	14	1	정말 잘 생각했어 내 동생. 앞으로도 힘든 일이 있어도 우리 함께 잘 헤쳐나가보자. 그럼 오늘도 기운 내고 파이팅 해.	Y	2022-09-30 05:40:24	2022-09-30 05:40:24
