id	utterance_id	utterance_type	utterance_text	terminate	regDate	updDate
BE22014685	1	0	형. 나 요즘 걱정이 있는데 어디다 말도 못 하고 혼자 마음만 아파.	N	2022-08-19 03:38:53	2022-08-19 03:38:53
BE22014685	2	1	편하게 말해봐. 형이랑 동생인데 창피한 마음이 뭐가 있니.	N	2022-08-19 03:38:53	2022-08-19 03:38:53
BE22014685	3	0	형이 들으면 형도 속상할 거야. 사실 부모님이 보내주신 반찬을 아내가 안 먹어서 많이 속이 상해. 엄마를 싫어해서 안 먹는 건가 하는 생각까지 들어.	N	2022-08-19 03:38:53	2022-08-19 03:38:53
BE22014685	4	1	시댁에서 보낸 음식이라고 안 먹나 하는 걱정에 혼자 이런저런 생각이 많았겠구나.	N	2022-08-19 03:38:53	2022-11-08 04:58:26
BE22014685	5	0	왜 안 먹는지 물어보기도 그렇고 해서 나 혼자 끙끙 앓고 상처도 받고 그러고 있어. 별거 아니라고 생각했다가 부모님을 무시하는 건가 하는 안 좋은 생각까지 들더라.	N	2022-08-19 03:38:53	2022-08-19 03:38:53
BE22014685	6	1	결혼은 현실이라고 하잖아. 네 아내는 너와 다른 가정에서 오래 생활한 사람이니까, 아내를 이해하려는 마음을 가져봐.	N	2022-08-19 03:38:53	2022-11-08 04:58:26
BE22014685	7	0	내 마음이 너무 조급한 걸까? 난 부모님이 혹시라도 이 사실을 아시면 얼마나 마음 아플까 하는 생각에 혼자 고민이 많았어.	N	2022-08-19 03:38:53	2022-08-19 03:38:53
BE22014685	8	1	나도 결혼했을 때 이런저런 사소한 걸로 조급하게 행동했어. 하지만 시간이 지나면 해결되는 게 대부분이더라. 입맛에는 맞는지 아내가 좋아하는 음식인지도 생각해 보면 어때?	N	2022-08-19 03:38:53	2022-11-08 04:58:26
BE22014685	9	0	응. 입이 많이 짧지. 원래 먹던 것만 먹어.	N	2022-08-19 03:38:53	2022-11-08 04:58:26
BE22014685	10	1	마음이 급해서 그랬겠지. 함께 맞춰가면서 살아야겠지만 서로 다른 부분도 인정하려 마음을 넓게 가져봐.	N	2022-08-19 03:38:53	2022-11-08 04:58:26
BE22014685	11	0	그래 내가 성급하게 나 혼자 나쁜 쪽으로 생각했어. 그런 사람이 아닌데 말이야. 앞으로 천천히 서로의 생활에 익숙해지게 노력하고 취향도 존중해야지.	N	2022-08-19 03:38:53	2022-11-08 04:58:26
BE22014685	12	1	잘 생각했네. 급한 것만큼 안 좋은 건 없는 것 같아. 네가 신경 쓰면서 잘하는 게 제일 중요하잖아. 아내가 뭘 좋아하는지 잘 기억해서 부모님한테 이야기해 줘도 좋을 거 같아.	N	2022-08-19 03:38:53	2022-11-08 04:58:26
BE22014685	13	0	그거 좋은 생각이다. 아내가 뭘 좋아하는지 잘 지켜보고 부모님한테 말씀드려야겠어. 우리 엄마 음식이 생소할 수도 있겠네.	N	2022-08-19 03:38:53	2022-08-19 03:38:53
BE22014685	14	1	그래. 네가 가운데서 잘할 거라 형은 믿는다. 오해로 인한 상처를 받는 것보다는 이해하려는 마음을 가지면 해결되는 것도 많아.	N	2022-08-19 03:38:53	2022-11-08 04:58:26
BE22014685	15	0	고마워 형. 정말 많은 도움이 됐어. 형한테 물어보길 잘했네.	Y	2022-08-19 03:38:53	2022-08-19 03:38:53
