id	utterance_id	utterance_type	utterance_text	terminate	regDate	updDate
BE22019242	1	0	언니, 나 충격이야. 내가 엄청 친해지고 싶었던 애가 나한테 친구 안 할 거래.	N	2022-09-21 03:53:18	2022-09-21 03:53:18
BE22019242	2	1	네가 자주 얘기했던 그 친구 말하는 거야? 맨날 잘해주고 밥도 같이 먹자고 했다던... 진짜 속상하겠다.	N	2022-09-21 03:53:18	2022-11-08 05:33:47
BE22019242	3	0	맞아. 난 그 애가 똑똑하고, 사람들 앞에서 발표도 잘해서 좋은데. 우리 반 남자애가 나 놀릴 때도 뭐라고 해줬단 말이야. 그런 친구라 상처를 받았어.	N	2022-09-21 03:53:18	2022-11-08 05:33:47
BE22019242	4	1	아주 당찬 친구구나. 내 동생이 좋아할 만해. 그 친구는 원래 혼자 다녀?	N	2022-09-21 03:53:18	2022-11-08 05:33:47
BE22019242	5	0	누구랑 같이 다니는 걸 못 봤어. 걔가 도서실에 자주 가는데, 맨날 혼자였어.	N	2022-09-21 03:53:18	2022-09-21 03:53:18
BE22019242	6	1	언니가 들어보니까, 그 친구는 똑 부러진 만큼 독립적인 성격일 수도 있겠다. 그만큼 혼자가 편한 게 아닐까?	N	2022-09-21 03:53:18	2022-11-08 05:33:47
BE22019242	7	0	그럼 난 어떡해? 그 애랑 친구 못 하는 거야? 난 진짜 친구하고 싶은데.	N	2022-09-21 03:53:18	2022-09-21 03:53:18
BE22019242	8	1	독립적인 사람이라도, 친구가 필요하지 않은 건 아니라고 생각해. 자기한테 꾸준히 호의로 다가오는 사람을 계속 밀어내진 않을 거야.	N	2022-09-21 03:53:18	2022-11-08 05:33:47
BE22019242	9	0	생각해 보니까 나는 그 애를 지켜만 보다가 오늘 처음 말 걸었어. 갑자기 친구하자고 해서 당황했을 거 같아.	N	2022-09-21 03:53:18	2022-09-21 03:53:18
BE22019242	10	1	사람마다 친해지는 속도는 다르니까. 내 동생은 예쁘고 착해서, 계속 좋은 마음으로 다가가면 그 애도 마음을 열 거야.	N	2022-09-21 03:53:18	2022-09-21 03:53:18
BE22019242	11	0	내가 마음이 너무 급했나 봐. 오늘이 끝이 아니라 시작인데... 고마워, 내일부터 또 힘내볼게!	N	2022-09-21 03:53:18	2022-09-21 03:53:18
BE22019242	12	1	이제야 원래 내 동생 같아서 기쁘네. 이렇게 활기차고 밝은 모습으로 다가가 봐. 백퍼센트 성공할 거야.	N	2022-09-21 03:53:18	2022-11-08 05:33:47
BE22019242	13	0	알겠어, 언니! 내일부터 다시 꾸준히 다가가 볼게. 힘들면 또 언니한테 이야기 털어놔도 돼?	N	2022-09-21 03:53:18	2022-09-21 03:53:18
BE22019242	14	1	당연하지, 내 동생 이야긴데. 언니는 얼마든지 들어줄 테니까 안심하고 말해줘.	Y	2022-09-21 03:53:18	2022-09-21 03:53:18
