id	utterance_id	utterance_type	utterance_text	terminate	regDate	updDate
BE22021441	1	0	사람 관계가 너무 힘들고 괴로워. 이제 전부 다 자기들의 이익을 위해서만 움직이는 거 같기도 해. 오늘도 사람들 때문에 상처받아서 마음이 너무 아프다.	N	2022-09-25 13:58:12	2022-11-08 05:42:37
BE22021441	2	1	네가 상처받은 거처럼 보여서 마음이 안 좋네. 무슨 안 좋은 일 있어? 너 말처럼 사람 관계는 정말 어려운 일이야.	N	2022-09-25 13:58:12	2022-09-25 13:58:12
BE22021441	3	0	친구라고 생각했던 사람들이 그저 심심할 때만 나를 찾는 거 같아. 내가 도움이 필요한 순간에는 연락을 피하는 거 같고. 이런 관계가 반복되다 보니 내 마음에 상처가 깊고 크게 남아서 괴로워.	N	2022-09-25 13:58:12	2022-09-25 13:58:12
BE22021441	4	1	내가 마음을 쓰는 만큼 상대방이 그러지 못한 게 느껴지면 상처가 되지. 나도 그런 일을 겪었을 때 많이 상처가 되고 괴로웠어. 네가 상처받은 게 이해가 돼.	N	2022-09-25 13:58:12	2022-11-08 05:42:37
BE22021441	5	0	그렇다고 사람들과의 관계를 전부 끊어버리는 것도 답은 아닌 거 같아서 더 어려워. 심심할 때라도 나를 찾아주는 걸 고맙다고 해야 하는 건가. 사람 관계가 이렇게 상처가 되는 일인지 몰랐어.	N	2022-09-25 13:58:12	2022-09-25 13:58:12
BE22021441	6	1	나는 네가 사람 때문에 너무 많이 상처받지는 않았으면 좋겠어. 너에게 무례하게 대하는 사람이 있을 수도 있어. 하지만 그보다 더 많은 사람이 너에게 다정하고 진심으로 대할 거라고 믿어.	N	2022-09-25 13:58:12	2022-11-08 05:42:37
BE22021441	7	0	정말 그럴까? 모두가 그냥 내 성격을 만만하게 생각하는 거 같아. 내가 그들에게 너무 편한 존재로만 여겨지는 거 같은 기분이야.	N	2022-09-25 13:58:12	2022-09-25 13:58:12
BE22021441	8	1	네가 가지고 있는 마음이 여리고 또 따듯해서 더 쉽게 상처를 받은 거 같아. 하지만 너의 그런 마음 때문에 힘을 얻고 너에게 기대는 사람들도 분명 많을 거야. 너는 편한 존재이면서 또 동시에 기댈 수 있는 존재라는 의미야.	N	2022-09-25 13:58:12	2022-11-08 05:42:37
BE22021441	9	0	정말로 내가 그런 존재가 맞을까? 하지만 항상 사람들의 이야기를 들어주고 연락받기만 하면 나는 누구에게 기댈 수 있을지 모르겠어.	N	2022-09-25 13:58:12	2022-11-08 05:42:37
BE22021441	10	1	그럴 때는 나에게 연락하고 필요하면 내가 너를 찾아갈게. 친구가 할 수 없는 일을 해주는 가족이 있잖아. 나는 언제나 네 편이 될 거고, 심심하지 않아도 네가 걱정이 되어서 연락할 거야.	N	2022-09-25 13:58:12	2022-11-08 05:42:37
BE22021441	11	0	생각해 보니 나에게 편하게 연락을 할 수 있는 형이라는 가족이 있었네. 내 고민을 들어주고 내 편이 되어줘서 정말로 고마워 형. 마음이 조금 회복이 되었어.	N	2022-09-25 13:58:12	2022-09-25 13:58:12
BE22021441	12	1	모든 사람이 너에게 좋은 사람일 수는 없지만, 그 속에서도 진심인 사람들이 있을 거야. 내가 너에게 진심인 것처럼. 그러니까 사람 관계로 너무 괴로워하고 상처받지 않아도 괜찮아.	N	2022-09-25 13:58:12	2022-11-08 05:42:37
BE22021441	13	0	형의 조언과 위로를 들으니까 이제 어떻게 대처하고 나아가야 할지 알 거 같아. 좋은 말 해줘서 고마워. 이제 그만 괴로워할 수 있을 거 같아.	N	2022-09-25 13:58:12	2022-09-25 13:58:12
BE22021441	14	1	또 힘들거나 고민이 생기면 언제든 연락해도 괜찮아. 그리고 네가 원하면 심심할 때 나에게 연락해도 정말 괜찮아.	N	2022-09-25 13:58:12	2022-11-08 05:42:37
BE22021441	15	0	형도 언제든 도움이 필요하고 이야기할 사람이 필요하면 나에게 연락해줘! 고마워 형.	Y	2022-09-25 13:58:12	2022-09-25 13:58:12
