id	utterance_id	utterance_type	utterance_text	terminate	regDate	updDate
BE22007839	1	0	언니, 나 지금 너무 충격받아서 말이 안 나와. 남자 친구 집에 들를 일이 있었는데 남자 친구는 근무 중이라 나한테 비밀번호만 알려줬거든.	N	2022-07-11 11:55:52	2022-11-08 04:14:51
BE22007839	2	1	응, 근데 왜? 집에서 이상한 거 발견했어?	N	2022-07-11 11:55:52	2022-11-08 04:14:51
BE22007839	3	0	아니 집엔 들어가지도 못했어. 집 비밀번호가 전 여자 친구 생일이더라고. 그거 눈치채고 당황해서 그 길로 다시 돌아왔어.	N	2022-07-11 11:55:52	2022-11-08 04:14:51
BE22007839	4	1	정말이야? 넌 그 사람 생일은 어떻게 안 거야? 놀랐겠다.	N	2022-07-11 11:55:52	2022-11-08 04:14:51
BE22007839	5	0	왜냐하면 나도 예전에 같이 알던 사람이거든. 그래서 어렴풋이 기억은 하고 있었는데, 비밀번호 치다 보니 불현듯 그 사람 생일이 떠오르더라고.	N	2022-07-11 11:55:52	2022-11-08 04:14:51
BE22007839	6	1	뜻하지도 못한 상황이었기 때문에 네가 더 충격을 받았을 것 같아. 나 같아도 당황해서 아무것도 못 하고 그냥 돌아왔을 거야. 다른 사람도 하필 전 여자 친구 생일이 비밀번호였으면 누구나 충격받을걸.	N	2022-07-11 11:55:52	2022-11-08 04:14:51
BE22007839	7	0	왜 아직까지 전 여자 친구의 흔적을 지우지 않았나 싶어서 충격적이야. 비밀번호 알려주면서 아무 생각이 안 들었을까?	N	2022-07-11 11:55:52	2022-11-08 04:14:51
BE22007839	8	1	그러게, 그게 너무 익숙해져서 별생각이 없던 걸 수도 있긴 하겠다.	N	2022-07-11 11:55:52	2022-11-08 04:14:52
BE22007839	9	0	아무리 그래도 이건 너무 기분이 안 좋네. 이런 식으로 전 여자 친구의 흔적을 발견하고 싶지는 않았는데.	N	2022-07-11 11:55:52	2022-11-08 04:14:52
BE22007839	10	1	올바른 비유일지는 모르겠지만, 언니 지금 휴대폰 비밀번호도 전 애인 생일이거든. 근데 그 사람이 그리워서 그대로 둔 게 아니라 너무 익숙해져서 바꾸지 않고 있어. 네 남자 친구도 이런 경우일 수도 있을 것 같은데 대화해보는 게 어때?	N	2022-07-11 11:55:52	2022-11-08 04:14:52
BE22007839	11	0	언니 말을 듣고 보니 그럴 수도 있겠다 싶네. 전 여자 친구를 잊지 못했을까 봐 두려웠는데 아닐 수도 있겠다는 생각이 들어서 마음이 한결 나아졌어. 이따 시간 되면 남자 친구랑 대화해 볼게.	N	2022-07-11 11:55:52	2022-11-08 04:14:52
BE22007839	12	1	응, 큰 의미 없을 확률이 더 높을 거야. 계속 불안하면 달콤한 음식 먹는 것도 도움이 될 거야.	N	2022-07-11 11:55:52	2022-11-08 04:14:52
BE22007839	13	0	저번에 사뒀던 마카롱이 있는데 그거라도 먹으면서 마음 좀 달래봐야겠어.	N	2022-07-11 11:55:52	2022-11-08 04:14:52
BE22007839	14	1	그래, 좋은 생각이야. 너무 걱정하지 말고, 네 남자 친구 퇴근할 때까지 재밌는 거 보면서 기분 좀 환기하고 있어.	N	2022-07-11 11:55:52	2022-11-08 04:14:52
BE22007839	15	0	위로해 줘서 고마워 언니. 언니 없었으면 어쩔 뻔했어.	Y	2022-07-11 11:55:52	2022-11-08 04:14:52
