id	utterance_id	utterance_type	utterance_text	terminate	regDate	updDate
BE22022972	1	0	수많은 관광객을 실어 나르던 동해 바다 열차의 운행을 중단하기로 오늘 최종 결정이 났어. 내가 이곳에 취직을 한 지 오랜 시간이 흘렀는데 마지막 출근이 될 거란 생각에 충격 받았어. 요즘 경영난이 있었는데 이렇게 갑자기 통보하는 식의 결정이 나에게는 마음에 상처로 남을 것 같아.	N	2022-09-30 06:22:59	2022-11-08 05:51:39
BE22022972	2	1	정말 힘들겠어, 오늘 그렇게 바로 결정이 나고 트오 하다니 너무했다는 생각이 들어. 네가 당연히 상처받고 힘들어할 생각이 들어서 걱정이 돼. 그리고 너의 잘못으로 결정된 것이 아니니 너무 상처받지 않았으면 좋겠어.	N	2022-09-30 06:22:59	2022-11-08 05:51:39
BE22022972	3	0	요즘 직장 출근을 하면서도 분위기가 너무 안 좋았어, 관광 산업이 말도 안되게 어려워졌잖아. 정말 힘들게 버틴다고 생각은 했지만 이렇게 중단하기로 하다니. 적어도 직원들에게 귀띔은 해줘야 하는데 너무하다는 생각이 들어서 상처를 받았지.	N	2022-09-30 06:22:59	2022-09-30 06:22:59
BE22022972	4	1	그렇지, 나라도 갑작스러운 이별에는 마음이 힘들고 상처를 받았을 거야. 내 동생이 이렇게 상처를 받고 마음을 아파하니까 형으로서 힘이 되어주고 싶어. 현실적으로 널 도와줄 방법이 없어서 미안한 마음이야.	N	2022-09-30 06:22:59	2022-11-08 05:51:39
BE22022972	5	0	직장을 잃는다는 마음에 상처를 받은 것도 있지만 정이 들어서 그런 것도 있어. 직장이지만 내가 동해 바다 열차를 너무 사랑했나 봐. 중단이 결정되었다는 말이 왜 이렇게 상처가 되는지 생각해 보면 이 이유밖에 없어.	N	2022-09-30 06:22:59	2022-09-30 06:22:59
BE22022972	6	1	그렇지, 내 동생이 직장에 열정이 있었고 언제나 너의 일을 사랑했잖아. 너의 일을 사랑하고 자부심을 가지고 있는 그 모습은 형이지만 본받아야 한다는 생각이 들 정도였어.	N	2022-09-30 06:22:59	2022-11-08 05:51:39
BE22022972	7	0	언제나 같이 일할 것 같았던 나의 열차가 이렇게 강제로 헤어지니까 더 아쉽나 봐. 너무 가슴에 상처가 되어서 이제는 기차와 관련된 일을 할 수 있을지 모르겠어.	N	2022-09-30 06:22:59	2022-09-30 06:22:59
BE22022972	8	1	너는 너의 일을 사랑하는 사람이잖아. 누구보다도 기차를 사랑하고 지식이 많은 너인데 왜 그렇게 생각하는 거야. 회사에서도 너에게 다른 일자리를 줄 것이니까 너무 상처를 받지 않기를 바라.	N	2022-09-30 06:22:59	2022-11-08 05:51:39
BE22022972	9	0	회사에서 다른 곳으로 이직을 제안하셨지만 아직은 나의 상처 받은 마음이 회복이 안됐나 봐. 내가 마음을 정리해야만 일을 시작할 수 있을 것 같아. 이런 마음으로 일을 다시 시작하는 것은 고객들에게 예의가 아닌 것 같아.	N	2022-09-30 06:22:59	2022-09-30 06:22:59
BE22022972	10	1	역시 넌 내가 생각하는 것보다 이 일에 진심이고 정직한 사람이야. 정말 회사가 운영을 중단하면서 까지도 너에게 일을 제안하는지 알겠어. 나라도 너 같은 직원은 절대 놓지 않고 싶은 사람이야.	N	2022-09-30 06:22:59	2022-11-08 05:51:39
BE22022972	11	0	형이 그렇게 문자 해주니까 부끄러우면서도 나의 상처 받았던 마음이 많이 풀린다. 오늘 동해 바다 열차가 운행을 중단한다는 결정이 나에게는 세상이 무너지는 듯한 소식이었어. 회복이 될까 싶어 형에게 연락한 건데 하길 잘했다는 생각이 들어.	N	2022-09-30 06:22:59	2022-11-08 05:51:39
BE22022972	12	1	정말 다행이다, 형도 사실 너의 문자를 받고 네가 너무 걱정이 되었어. 이 일을 네가 얼마나 사랑하는지 알기 때문에 그랬나 봐.	N	2022-09-30 06:22:59	2022-11-08 05:51:39
BE22022972	13	0	그렇지, 그런 형의 진심이 나에게 닿아서 나의 마음이 이렇게 회복이 되었잖아. 형이 아니었다면 난 아직도 마음에 상처를 받고 그 감정에서 나오지 못하고 있었을 거야.	N	2022-09-30 06:22:59	2022-09-30 06:22:59
BE22022972	14	1	고마워, 내 동생이 힘을 낼 줄은 알았지만 나를 통해서 이렇게 회복이 될 줄은 몰랐어. 우리 동생이 많이 힘든 것 같아서 힘을 내었으면 좋겠다는 생각만 했는데. 그게 통했다니 너무 좋아.	N	2022-09-30 06:22:59	2022-11-08 05:51:39
BE22022972	15	0	수많은 관광객을 실어 나르던 동해 바다 열차가 운행을 중단하기로 한 소식이 나에게는 충격이었어. 상처 받은 마음에 형에게 내 마음을 고백했더니 위로와 격려를 받고 힘이 난다. 역시 형은 나에게 없어서는 안 될 존재야.	Y	2022-09-30 06:22:59	2022-11-08 05:51:39
