id	utterance_id	utterance_type	utterance_text	terminate	regDate	updDate
BE22008674	1	0	누나 나 여자 친구랑 헤어질지도 모르겠어.	N	2022-07-13 16:25:23	2022-11-08 04:20:12
BE22008674	2	1	결혼 이야기가 오고간 것도 얼마 안 되었잖아. 갑자기 어떤 이유로?	N	2022-07-13 16:25:23	2022-11-08 04:20:12
BE22008674	3	0	여자 친구가 내 종교를 바꾸지 않으면 결혼이 힘들다고 하네.	N	2022-07-13 16:25:23	2022-11-08 04:20:12
BE22008674	4	1	우리 집 신실한 기독교 집안이잖아. 서로 종교가 뭔지 대화도 안 해봤어?	N	2022-07-13 16:25:23	2022-11-08 04:20:12
BE22008674	5	0	우리 집이 교회 다닌다고는 알고는 있었지만 그렇게까지 열심히 종교 활동한다고는 생각을 안 했나봐. 내가 결혼식을 교회에서 하고 목사님을 주례로 세우고 싶다고 하니까 거부감이 든대.	N	2022-07-13 16:25:23	2022-11-08 04:20:12
BE22008674	6	1	이미 알았던 사실이고 결혼 얘기가 오가던 상황인데 갑자기 그런 말을 들으니 많이 놀랐겠다. 네가 항상 운명의 짝인 거 같다고, 오래 행복할 수 있을 거 같다고 많이 기대했는데. 그만큼 참 실망도 크고 배신감도 들겠네.	N	2022-07-13 16:25:23	2022-11-08 04:20:12
BE22008674	7	0	응. 나는 내 종교가 무엇이든 나라는 사람을 사랑해주는 줄 알았어. 근데 이제 와서 종교 때문에 거부감이 든다고 말하는 게 참 상처가 돼.	N	2022-07-13 16:25:23	2022-11-08 04:20:12
BE22008674	8	1	그렇지, 서로 잘 맞고 같이 있을 때 행복해서 종교도 이미 알면서 결혼 얘기까지 했잖아. 많이 괴롭고 힘들겠지만, 다시 진지하게 대화해봐야 하지 않을까? 이대로 헤어지기에는 너도 무척 아쉽잖아.	N	2022-07-13 16:25:23	2022-11-08 04:20:12
BE22008674	9	0	응. 그렇지만 이미 너무 실망스러워서 얼굴을 보고 잘 얘기할 수 있을지 모르겠어. 지금 연락도 안 하는 상태야.	N	2022-07-13 16:25:23	2022-11-08 04:20:12
BE22008674	10	1	너의 속상한 마음은 충분히 알아. 근데 결국 이 문제는 서로 대화하지 않으면 실망과 상처만 남길 뿐, 해결은 되지 않아. 감정을 좀 추스르고 만나서 대화해보는 게 너에게도 도움이 될 것 같은데 어때?	N	2022-07-13 16:25:23	2022-11-08 04:20:12
BE22008674	11	0	머리로는 아는데 참 어렵다. 어차피 이별이 결론일 것 같은데.	N	2022-07-13 16:25:23	2022-11-08 04:20:12
BE22008674	12	1	너의 그 불안함과 속상함 말로는 표현 못할 만큼 힘든 거 알아. 네가 여자 친구를 얼마나 좋아하는지 나까지 그 마음이 느껴져. 이런 마음을 여자 친구는 더 잘 알 테니 진심이 전해지면 나쁜 결과만 있지는 않을 거라고 확신해.	N	2022-07-13 16:25:23	2022-11-08 04:20:12
BE22008674	13	0	내 마음을 잘 알아줘서 고마워. 누나 말대로 내 생각과 감정을 잘 전달하는 게 우선일 것 같다. 마음을 잘 추슬러볼게.	N	2022-07-13 16:25:23	2022-11-08 04:20:13
BE22008674	14	1	그래. 너라면 차분하게 잘 말할 수 있을 거야.	Y	2022-07-13 16:25:23	2022-11-08 04:20:13
