id	utterance_id	utterance_type	utterance_text	terminate	regDate	updDate
BE22014413	1	0	언니, 나 어제 사직서 제출했는데 팀장님이 크게 화를 내셔서 상처받았어.	N	2022-08-17 03:31:21	2022-08-17 03:31:21
BE22014413	2	1	우리 동생 어제 사직서 냈구나, 고생 많았어. 팀장님께서 네가 나가기를 바라지 않으셨던 거야?	N	2022-08-17 03:31:21	2022-11-08 04:56:44
BE22014413	3	0	그건 아니고, 퇴사 일주일 전에 사직서를 내는 사람이 어디 있냐면서 화를 내시더라고. 갑자기 소리를 지르시니 너무 당황스럽고 큰 상처였어. 사실 퇴사 면담은 한 달 전부터 해 왔는데 왜 화를 내시는지 모르겠어.	N	2022-08-17 03:31:21	2022-08-17 03:31:21
BE22014413	4	1	그런 일이 있었구나, 네가 정말 당황스럽고 놀랐겠네. 막상 사직서를 받으시니까 팀장님도 당황하셨던 걸까? 이유가 어찌 되었든 소리를 지르셨다니 참 억울했겠다.	N	2022-08-17 03:31:21	2022-11-08 04:56:44
BE22014413	5	0	팀장님도 아마 놀라셔서 그런 것 같은데 진짜 상처받았어. 나는 최대한 배려해서 한 달 전부터 말씀드렸고 다른 회사 이직 면접 간다는 것도 말씀드렸거든. 내가 뭘 잘못한 건지 너무 억울하고 당황스러워.	N	2022-08-17 03:31:21	2022-11-08 04:56:44
BE22014413	6	1	그러게, 나도 그 상황이었다면 정말 억울하고 황당했을 거야. 네가 분명 한 달 전부터 너의 상황에 대해 팀원들에게 이야기했다고 나도 기억하는데. 팀장님도 아마 갑자기 어떻게 반응해야 할지 몰라서 그러셨던 걸 거야, 너무 마음에 담아두지 마.	N	2022-08-17 03:31:21	2022-11-08 04:56:44
BE22014413	7	0	나도 팀장님 마음은 이해하지만, 그래도 나에게 소리 지른 건 큰 상처로 남아 있어. 아무래도 팀장님께 한번 대화를 요청해봐야겠다. 내 배려를 알아주지 않으니 마음이 안 좋아.	N	2022-08-17 03:31:21	2022-11-08 04:56:44
BE22014413	8	1	그래, 아마 팀장님과 이야기 해 보면 너도 팀장님도 마음이 편해질 거야. 서로 상황이 당황스러워서 그렇지, 상처 주려고 했던 건 아닐 거야. 네가 대화를 통해서 마음이 나아졌으면 좋겠어, 잘 해결될 거야.	N	2022-08-17 03:31:21	2022-11-08 04:56:44
BE22014413	9	0	그래도 언니한테 이야기하니까 마음이 조금 나아진다. 아까는 정말 당황스러워서 어찌할 바를 몰랐었거든. 언니가 잘 해결될 거라고 위로해주니 잘될 것 같아.	N	2022-08-17 03:31:21	2022-11-08 04:56:44
BE22014413	10	1	그 말을 들으니 나도 마음이 놓인다. 살면서 누군가에게 의도치 않게 상처받을 때도 있지만 너무 크게 생각하지 않았으면 좋겠어. 팀장님도 원래는 따뜻한 분이시니 둘 다 마음이 치유되기를 바라.	N	2022-08-17 03:31:21	2022-11-08 04:56:44
BE22014413	11	0	언니 말대로 원래 나쁜 분은 아니니까, 아마 당황스럽고 사정이 있으셨을 거야. 언니 말대로 이야기 잘해 볼게, 덕분에 상처가 조금은 치유되었어.	N	2022-08-17 03:31:21	2022-11-08 04:56:44
BE22014413	12	1	너무 걱정하지 마, 잘 해결될 거야. 나는 우리 동생이 잘 해결할 거라고 믿어.	N	2022-08-17 03:31:21	2022-11-08 04:56:44
BE22014413	13	0	덕분에 오늘 하루는 기분 좋게 보낼 수 있을 것 같아. 이따 집에 가서 이야기하자 언니.	N	2022-08-17 03:31:21	2022-08-17 03:31:21
BE22014413	14	1	그래 우리 동생, 편안한 하루 보내길 바라.	Y	2022-08-17 03:31:21	2022-08-17 03:31:21
