id	utterance_id	utterance_type	utterance_text	terminate	regDate	updDate
BE22017683	1	0	공감화자야, 난 예전부터 예쁜 그릇만 보면 딸들한테 주고 싶어서 사 모으기 시작했어. 그런데 오늘 작은딸이 그걸 보더니 그릇이 촌스럽다는 거야. 자기 취향이 아니라서 안 갖겠다는 소리에 정말 상처받았다.	N	2022-09-11 07:37:13	2022-11-08 05:16:54
BE22017683	2	1	엄마 마음도 몰라주는 딸애 말에 언니 정말 상처가 컸겠다. 나라도 너무 서운해서 마음이 쓰렸을 것 같아. 언니 맘이 내 맘이라 정말 속상하다.	N	2022-09-11 07:37:13	2022-11-08 05:16:54
BE22017683	3	0	나는 정말 딸들이 좋아할 거라 생각하고 내 딴에는 비싸게 주고 샀단 말이야. 내가 쓰고 싶은 것도 딸들에게 주려고 아낀 건데 어쩜 저렇게 말할 수 있니. 정말 상처가 커서 기운이 빠진다.	N	2022-09-11 07:37:13	2022-09-11 07:37:13
BE22017683	4	1	그렇게 애써 사 모은 그릇이 환영을 못 받았으니 왜 그런 마음이 안 들겠어? 언니 마음을 알아서 괜히 내가 눈물이 나오려고 하네. 세대가 다르니 보는 눈도 달라서 그러려니 하고 그만 마음을 풀었으면 좋겠다.	N	2022-09-11 07:37:13	2022-11-08 05:16:54
BE22017683	5	0	세대가 달라도 보는 눈은 같다고 생각했는데 그게 아니라서 배신당한 기분이야. 내가 보기에는 정말 예쁜 그릇인데 왜 촌스럽다고 하는지 모르겠어. 내 안목이 촌스러워 그런가 싶어서 그게 더 상처가 된다.	N	2022-09-11 07:37:13	2022-11-08 05:16:54
BE22017683	6	1	요즘은 워낙 좋은 게 많이 나오니까 애들이 눈이 높아져서 그렇다고 편하게 생각해. 딸애 안목이 높아져서 좋다고 생각하면 마음이 풀릴 것 같아. 언니가 이제부터 예쁜 그릇 맘껏 쓰면서 행복했으면 좋겠다.	N	2022-09-11 07:37:13	2022-11-08 05:16:54
BE22017683	7	0	애들이 싫다고 해서 내가 할 수 없이 쓰는 거면 그렇게 행복할 것 같지도 않아. 그릇을 볼 때마다 애가 한 말이 생각나서 상처가 쑤실 것 같아. 이래저래 마음이 편하지 않다.	N	2022-09-11 07:37:13	2022-09-11 07:37:13
BE22017683	8	1	지금은 작은애가 촌스럽다고 한 거지 큰애한테도 물어본 건 아니잖아? 사람마다 안목이 달라서 큰애는 좋다고 할지도 모르니까 너무 속상해하지 마. 큰애도 싫다고 하면 그냥 편한 마음으로 언니가 사용했으면 좋겠다.	N	2022-09-11 07:37:13	2022-11-08 05:16:54
BE22017683	9	0	작은애한테 그런 소리를 듣고 나니 겁이 나서 큰애한테는 말도 못 꺼내겠어. 큰애마저 촌스러우니 뭐니 하면 정말 상처받을 것 같아. 애들한테 시대에 뒤떨어진 엄마 취급을 당할 것 같아서 속상하다.	N	2022-09-11 07:37:13	2022-11-08 05:16:54
BE22017683	10	1	언니가 예쁘다고 사 모은 그릇은 모르긴 해도 정말 고풍스러울 것 같아. 내가 알기로 큰애는 고전적인 것에 흥미를 느끼는 것 같더라고. 그래서 분명 예쁘다고 할 테니까 조금도 걱정하지 마.	N	2022-09-11 07:37:13	2022-11-08 05:16:54
BE22017683	11	0	네가 그렇게 말하니까 혹시나 하는 마음이 든다. 내가 생각해도 우리 큰애는 현대적인 것보다는 고전미를 좋아하는 것 같더라. 그럼 용기를 내서 큰애한테 가지겠느냐고 한번 물어봐야겠다.	N	2022-09-11 07:37:13	2022-11-08 05:16:54
BE22017683	12	1	그렇게 털어버리고 마음을 편하게 먹길 바라. 혹시 큰애가 마음에 안 든다고 해도 실망하지 않게 미리 마음을 단단히 먹었으면 좋겠어. 그게 큰일은 아니니까 그걸로 상처받고 괴로워하며 자신을 힘들게 하지 마.	N	2022-09-11 07:37:13	2022-11-08 05:16:54
BE22017683	13	0	네가 그렇게 말하니까 진짜 이게 무슨 큰일인가 싶다. 딸들이 당연히 좋다고 할 줄 알았다가 아니라는 소리를 들어서 그런 것 같아. 이제 가볍게 물어본 뒤 아니라면 네 말대로 내가 쓰고 말지 뭐.	N	2022-09-11 07:37:13	2022-09-11 07:37:13
BE22017683	14	1	언니가 그렇게 대범하게 말하는 걸 보니 나도 마음이 놓인다. 모든 일이 그렇게 생각하기 나름인 것 같아. 그래도 딸들을 생각해서 예쁜 그릇을 사 모은 그 정성만큼은 애들도 알아줄 테니 걱정하지 마.	N	2022-09-11 07:37:13	2022-11-08 05:16:54
BE22017683	15	0	네 말대로 그릇을 안 가져가도 내 마음을 알아주면 그걸로 됐다고 생각해야겠다. 내 푸념을 들어주고 좋은 말로 마음을 달래줘서 정말 고맙다.	Y	2022-09-11 07:37:13	2022-09-11 07:37:13
