id	utterance_id	utterance_type	utterance_text	terminate	regDate	updDate
BE22011560	1	0	언니 나 상처받은 일이 있어.	N	2022-07-25 09:34:11	2022-11-08 04:38:43
BE22011560	2	1	왜 무슨 일인데 그래?	N	2022-07-25 09:34:11	2022-11-08 04:38:43
BE22011560	3	0	우리 집 근처에 토지 개발하는 곳 있잖아. 우연히 지나치다가 봤는데 그 공사 때문에 내가 다녔던 중학교가 없어진 거 같더라고. 어떻게 학교를 없앨 수가 있는지 모르겠어, 너무 상처야.	N	2022-07-25 09:34:11	2022-11-08 04:38:43
BE22011560	4	1	아이고. 그런 일이 있었구나. 기분 많이 상했겠다. 우리 동생이 많이 애착하고 좋아했던 학교인 만큼 충격이 클 수밖에 없지.	N	2022-07-25 09:34:11	2022-11-08 04:38:43
BE22011560	5	0	응. 맞아. 처음 봤을 땐 두 눈을 의심했다니까 너무 충격적이라 믿을 수가 없었어. 정말이지 다리까지 후들거리는 기분이었다니까. 시간을 되돌리고 싶은 심정이야.	N	2022-07-25 09:34:11	2022-11-08 04:38:43
BE22011560	6	1	응. 듣는 나도 마음이 착잡하고 상처인데 너는 오죽하겠어. 혼자 얼마나 섭섭하고 속상한 마음이 들었을지 잘 알겠어. 그럴 땐 눈앞이 새까맣게 물들고 캄캄한 듯한 느낌이 들기도 하지.	N	2022-07-25 09:34:11	2022-11-08 04:38:43
BE22011560	7	0	응. 맞아. 내가 아무것도 할 수 있는 게 없으니까 정말 답답한 마음도 들어. 내 시간과 소중했던 추억을 도둑맞은 거 같아. 대체 내 상처 난 마음을 누가 보상해 주냐고.	N	2022-07-25 09:34:11	2022-11-08 04:38:43
BE22011560	8	1	그럴 수 있지 네가 상처받은 모습을 보니까 언니도 마음이 안 좋네. 네가 얼마나 울적하고 비참한 기분이 들었을지 상상이 간다. 온종일 멍하기도 하고 넋이 나간 상태로 지내기도 하지.	N	2022-07-25 09:34:11	2022-11-08 04:38:43
BE22011560	9	0	응. 맞아. 말할 사람도 없고 나 혼자만 이 상처를 받은 것 같아서 더 답답한 마음이 들어. 시간이 지날수록 상처가 커지기만 해 너무 마음이 아파. 정말이지 배신감도 느껴지는 거 같아.	N	2022-07-25 09:34:11	2022-11-08 04:38:43
BE22011560	10	1	아. 그랬구나, 우리 동생 심정 언니도 충분히 이해 가. 내가 잘못한 것도 아닌데 마음도 무겁고 괜히 찝찝한 기분도 들지. 세상이 다 미워 보이기도 하고 말이야.	N	2022-07-25 09:34:11	2022-11-08 04:38:43
BE22011560	11	0	응. 맞아. 이미 지나간 일은 돌아오지 않으니까 더 상처가 회복되지 않는 거 같아. 힘이 들 때마다 학교에 가서 앉아있곤 했거든. 공허한 마음도 들고 내 물건을 뺏긴 기분도 들어.	N	2022-07-25 09:34:11	2022-11-08 04:38:43
BE22011560	12	1	언니도 전에 비슷한 경험을 한 적이 있는데 세상에 홀로 버려진 것 같은 기분이 들었어. 나 혼자만의 공간이고 추억이니까 내 마음을 알아주지 못하더라고. 참 씁쓸하고 서글픈 마음이 들었던 거 같아.	N	2022-07-25 09:34:11	2022-11-08 04:38:43
BE22011560	13	0	응. 맞아. 딱 그런 심정이야 누가 내 가슴에 난도질을 해둔 것처럼 너무 쓰라리고 아파. 아까는 정말 충격받아서 쓰러질 것 같았다니까. 나에겐 너무 가혹한 거 같아.	N	2022-07-25 09:34:11	2022-11-08 04:38:43
BE22011560	14	1	하지만 또 새로운 곳에서 좋은 추억을 쌓아가면 되지. 넌 늘 긍정적이고 열정적으로 살아가니까 분명 더 좋은 일도 많이 생길 거야 같이 힘내보자. 다 잘 해결될 거니까 너무 마음 쓰지 말고 기운 내.	N	2022-07-25 09:34:11	2022-11-08 04:38:43
BE22011560	15	0	응. 언니가 그렇게 말해주니 내 마음이 한결 나아진다. 얘기 들어줘서 고마워.	Y	2022-07-25 09:34:11	2022-11-08 04:38:43
