id	utterance_id	utterance_type	utterance_text	terminate	regDate	updDate
BE22014704	1	0	동생아. 방금 남자 친구 갔는데, 엄마가 결국에는 결혼 반대하셨어.	N	2022-08-19 03:57:36	2022-11-08 04:58:33
BE22014704	2	1	나 아직 퇴근 못했는데 벌써 가셨다고? 아니, 그보다도 언니는 괜찮아? 이유가 뭔데?	N	2022-08-19 03:57:36	2022-08-19 03:57:36
BE22014704	3	0	괜찮을 게 뭐가 있어. 남자 친구가 고졸이라서 사위로 받아들일 수가 없대. 나는 엄마가 이런 이유로 결혼을 반대할 거라고는 상상도 못 했어.	N	2022-08-19 03:57:36	2022-11-08 04:58:33
BE22014704	4	1	언니도 너무 놀랐겠다. 한 번도 엄마가 우리 하는 일에 반대했던 적이 없었잖아. 언니도 엄마의 그런 모습이 너무 당황스러웠겠다.	N	2022-08-19 03:57:36	2022-11-08 04:58:33
BE22014704	5	0	잘 이해가 가지 않았어. 갑작스럽기도 했고 충격적이었어. 다른 이유도 아닌 고작 그 사람의 학력 때문인 거잖아.	N	2022-08-19 03:57:36	2022-08-19 03:57:36
BE22014704	6	1	그러니까. 그전에는 형부더러 사람도 괜찮아 보이고 싹싹해 보인다고 했잖아. 다른 사람도 아니고 엄마가 학력으로 사람을 차별할 거라고는 생각도 못 했어. 언니도 그런 상황은 준비되지 않았을 거 아니야.	N	2022-08-19 03:57:36	2022-11-08 04:58:33
BE22014704	7	0	맞아. 그런 상황은 생각도 안 했거든. 고졸이라는 말 듣고 엄마가 남자 친구 이야기는 들으려고도 하지 않는 거야.	N	2022-08-19 03:57:36	2022-11-08 04:58:33
BE22014704	8	1	엄마가 너무 철벽처럼 나서서 언니도 형부도 마음이 안 좋았을 것 같아. 누가 잘못한 상황도 아닌데 괜히 두 사람 다 죄인이 된 것 같잖아. 언니도 엄마를 설득하고 싶었을 텐데, 완강한 엄마를 설득하는 게 쉽지도 않았겠다.	N	2022-08-19 03:57:36	2022-11-08 04:58:33
BE22014704	9	0	내가 남자 친구 관련해서 두둔하려고 해도 됐다고만 하더라. 그런 엄마 모습이 나한테도, 그 사람에게도 상처가 되었어. 거기서 엄마를 말리지 못하는 나도 너무 싫어서 남자 친구 얼굴을 제대로 보지도 못했어.	N	2022-08-19 03:57:36	2022-11-08 04:58:33
BE22014704	10	1	형부도 형부지만 믿었던 엄마의 그런 모습에 너도 상처를 많이 받았을 것 같아. 상황이 해결되지 않는 한 네 마음이 풀리기도 많이 어려울 것 같네. 우선은 당장 엄마랑 이야기를 하기보다 네 마음을 잘 추슬렀으면 좋겠다.	N	2022-08-19 03:57:36	2022-11-08 04:58:33
BE22014704	11	0	마음을 정리하는 일이 쉽지 않아. 나는 남자 친구와의 관계를 정리하지 않을 테니 엄마와 대화를 꼭 해야 하잖아. 그런데 오늘 받은 상처가 쉽게 사라질 것 같지는 않아.	N	2022-08-19 03:57:36	2022-11-08 04:58:33
BE22014704	12	1	우리 생각보다 엄마가 많이 보수적인 사람이었나 봐. 상처가 쉽게 아물지는 않겠지만 엄마 입장에서는 많이 당황해서 그랬던 거로 생각해 보면 어때? 엄마가 나쁜 사람은 아니니, 시간이 지나면 오늘 행동이 과했다고 생각하실 거야.	N	2022-08-19 03:57:36	2022-11-08 04:58:33
BE22014704	13	0	맞아. 엄마 입장에서는 내가 조금 더 번듯한 직장을 가진 사람과 결혼하길 바랐을지도 몰라. 네가 이야기해주니 마음이 조금 가라앉았어. 엄마랑 잘 얘기해볼게.	N	2022-08-19 03:57:36	2022-08-19 03:57:36
BE22014704	14	1	잘 생각했어. 대화가 좋은 해결책이 될 거라 생각해.	N	2022-08-19 03:57:36	2022-11-08 04:58:33
BE22014704	15	0	나도 그랬으면 좋겠다. 긍정적으로 생각해볼게. 대화로 잘 풀릴 수도 있으니까!	N	2022-08-19 03:57:36	2022-08-19 03:57:36
BE22014704	16	1	언니 늘 응원하고 있어! 혹시 무슨 일 생기면 알려줘. 내가 도울 수 있는 건 최대한 도울게.	N	2022-08-19 03:57:36	2022-11-08 04:58:33
BE22014704	17	0	역시 내 동생밖에 없다. 고마워.	Y	2022-08-19 03:57:36	2022-08-19 03:57:36
