id	utterance_id	utterance_type	utterance_text	terminate	regDate	updDate
BE22013983	1	0	나 정말 학교 가기가 싫어. 고등학교 가니까 나에 대해 잘 모르는 친구들과 선생님밖에 없는 게 너무 힘들어.	N	2022-08-11 12:05:02	2022-08-11 12:05:02
BE22013983	2	1	새로운 곳에서 새로운 사람들과 새로운 생활을 시작하는 건 무척 낯설고, 어렵지. 내 동생이 고등학교 진학 후 많이 힘들었구나.	N	2022-08-11 12:05:02	2022-11-08 04:53:58
BE22013983	3	0	내가 빈혈이 심해서 앉았다가 일어나면 어지러워하잖아. 그 모습을 보고 친구들이 약한 척한다고 놀리는 거야. 나를 오해하고 놀리는 게 너무 억울해.	N	2022-08-11 12:05:02	2022-11-08 04:53:58
BE22013983	4	1	몸도 힘든데 놀림까지 받고 있다니 억울하고 속상하겠네. 친구들도 많이 사귀고 싶을 텐데 더 마음이 괴롭고 힘들겠다.	N	2022-08-11 12:05:02	2022-08-11 12:05:02
BE22013983	5	0	빈혈이 있어서 그렇다니까 여자처럼 빈혈이 있냐고 또 놀리고. 아예 공주님이라고 불러. 너무나도 큰 상처를 받았어.	N	2022-08-11 12:05:02	2022-08-11 12:05:02
BE22013983	6	1	이유를 설명했는데 이해받지 못했으니 얼마나 속이 상할까. 견디기가 너무 괴롭고 친구들이 무척 원망스럽겠다.	N	2022-08-11 12:05:02	2022-11-08 04:53:59
BE22013983	7	0	수업 시간에 선생님이 부르셔서 일어났거든. 그러다 또 현기증이 난 거야. 선생님도 사내 녀석이 그리 허약해서 어쩌냐고 그러시고 친구들이 막 웃는데 정말 쥐구멍에라도 들어가고 싶었어.	N	2022-08-11 12:05:02	2022-11-08 04:53:59
BE22013983	8	1	나였어도 무척 수치스러웠을 거 같다. 선생님이라면 걱정부터 해 주셨어야 하는데 너무나 큰 상처가 되었겠구나. 나라면 정말 교실 밖으로 뛰쳐나갔을 거 같아.	N	2022-08-11 12:05:02	2022-11-08 04:53:59
BE22013983	9	0	친구들은 요즘 나 놀리는 재미로 학교에 오는 거 같아. 정말 너무 큰 상처를 받아서 학교 가는 게 지옥이야.	N	2022-08-11 12:05:02	2022-08-11 12:05:02
BE22013983	10	1	얼마나 힘들면 지옥 같다고 할까 생각하니 너무 안쓰럽고 마음 아프다. 그렇지만 네가 당당해지면 금방 흥미를 잃고 중단할 거 같은데 좀더 힘내! 네가 빈혈이 있다는 게 잘못은 아니잖아.	N	2022-08-11 12:05:02	2022-11-08 04:53:59
BE22013983	11	0	맞아, 내가 어지러운 건 잘못이 아니고 놀림 받을 일도 아니지. 그래서 태연하게 대하고 싶은데 그게 쉽지 않아.	N	2022-08-11 12:05:02	2022-11-08 04:53:59
BE22013983	12	1	당연히 어렵겠지만 넌 쉽게 기죽어서 포기하는 성격은 아니잖아. 누나는 너의 그런 점을 대단하다고 생각해. 너의 장점을 잊지 말고 계속 노력하면 할 수 있어.	N	2022-08-11 12:05:02	2022-11-08 04:53:59
BE22013983	13	0	상처받은 마음에 억울해하고만 하고 있었는데 나를 위해서라도 정신 차려야겠다. 배짱 좋게 웃어넘길 수 있도록 할래.	N	2022-08-11 12:05:02	2022-11-08 04:53:59
BE22013983	14	1	결코 쉬운 일은 아니겠지만 극복하려고 노력한다면 마음이 더 강한 아이가 되어 있을 거라고 믿어. 그렇게 되면 친구들의 놀림도 잦아들 거야.	N	2022-08-11 12:05:02	2022-08-11 12:05:02
BE22013983	15	0	내 편이 되어주는 가족이 있다는 건 정말 든든한 거구나. 잊지 않고 노력할게, 고마워.	Y	2022-08-11 12:05:02	2022-11-08 04:53:59
