id	utterance_id	utterance_type	utterance_text	terminate	regDate	updDate
BE22017602	1	0	형, 오늘 또 아빠가 엄마한테 심한 말 하던데 엄마 입장에서 생각하니 정말 괴롭더라. 형은 어떻게 생각해.	N	2022-09-09 02:00:27	2022-09-09 02:00:27
BE22017602	2	1	동생아. 또 그런 일이 있었다니. 옆에 있었던 네가 너무 큰 짐을 느꼈을 거 같아 마음이 아프다. 우리 가족 일이 누구보다 빨리 해결될 수 있길 바라는 마음이지.	N	2022-09-09 02:00:27	2022-11-08 05:16:24
BE22017602	3	0	사실 우리 집이 이렇게 화목하지 않아서 나는 어렸을 떄부터 큰 상처였어. 아빠가 하는 나쁜 말이 엄마뿐만 아니라 우리 가족 전체를 향해서 하는 말처럼 느껴지더라고.	N	2022-09-09 02:00:27	2022-11-08 05:16:24
BE22017602	4	1	우리가 좀더 화목한 가정이었으면 좋았을 텐데 너도나도 그런 일을 겪고 자란 것이 안타까워. 특히 나보다 어린 네가 그런 일들을 더 겪기 어려웠을 텐데 형으로서 많은 책임감을 느껴. 우리 가족이 여기까지 온 것도 정말 대단하다고 생각할 때가 있어.	N	2022-09-09 02:00:27	2022-11-08 05:16:24
BE22017602	5	0	어떻게 아빠는 우리에게 그런 심한 말을 할 수 있을까? 우리가 짐이라는 말로 늘 우리를 죄인 취급했잖아. 그럴 떄마다 나는 아빠로부터 버림받은 느낌이었어.	N	2022-09-09 02:00:27	2022-09-09 02:00:27
BE22017602	6	1	맞아, 우리가 아빠의 사랑 없이 큰 것은 부정할 수 없는 일이야. 그렇지만 그때마다 우리 엄마와 네가 있었기 때문에 견딜 수 있던 거 같아. 아빠의 사랑이 부족한 만큼 나는 그 사랑을 엄마로부터 받았고 너로부터 받았는데 너는 어땠니?	N	2022-09-09 02:00:27	2022-11-08 05:16:24
BE22017602	7	0	맞아, 그렇지만 지금 20여년 동안 아빤 변한 게 없잖아. 저런 폭력적인 태도가 계속 이어진다고 생각하면 너무 절망스러워. 아빠가 이러지 않았으면 좋겠어.	N	2022-09-09 02:00:27	2022-11-08 05:16:24
BE22017602	8	1	정말 그럴 수 있으면 좋겠다. 특히 네가 받을 상처가 너무나도 걱정돼. 나도 다른 가족들을 부러워하곤 했지만, 너와 엄마가 있어 줘서 다른 가족을 부러워하지 않기 시작했거든.	N	2022-09-09 02:00:27	2022-11-08 05:16:24
BE22017602	9	0	내가 받았던 상처가 회복될 수 있을까? 지금도 계속 같은 상처를 받는걸. 내 인생을 돌이켜 보면 나는 버려졌고 온 상처 속에서만 살았어.	N	2022-09-09 02:00:27	2022-11-08 05:16:24
BE22017602	10	1	동생아. 사실 나보다 어린 시절부터 겪었던 네 마음이 나보다 훨씬 힘들었고 힘들 거 같아. 그렇지만 상처를 같이 보듬어 가며 살아가면 좋겠어. 우리가 뗄 수 없는 아빠의 상처가 있지만 그와 함께 보듬어줄 엄마도 나도 있잖아.	N	2022-09-09 02:00:27	2022-11-08 05:16:24
BE22017602	11	0	그래, 형 말도 맞는 거 같아. 그렇지만 아직 내가 이런 상황에 놓여있단 걸 바로 극복하기가 어려워. 아직은 아프고 쓰라려.	N	2022-09-09 02:00:27	2022-11-08 05:16:24
BE22017602	12	1	그렇지, 상처를 지금 바로 없는 것으로 하라고 얘기하고 싶진 않아. 네가 받았을 상처는 너무나도 크고 쉽게 아문다고 생각하지 않기도 해. 다만 흉터 가지고 새살이 돋는 날은 언젠간 꼭 올 거니까 그때까지 함께하자.	N	2022-09-09 02:00:27	2022-11-08 05:16:24
BE22017602	13	0	내가 받았던 상처는 완벽하게 회복되지 않겠지? 그래도 형 말대로 미래의 모습은 우리가 만들 수 있다는 생각이 들어. 앞으로는 형과 엄마가 있으니까 좋은 경험만 나눴으면 좋겠다.	N	2022-09-09 02:00:27	2022-11-08 05:16:24
BE22017602	14	1	그래 동생아, 과거에 겪었던 아픔, 특히 네가 받은 고통은 정말 크겠지. 그래도 그 고통 때문에 우리 미래도 항상 고통으로 남아있을 거라 생각하지 않았으면 해. 더는 더 고통받지 않고 즐겁게 지낼 수 있기를 함께 노력해 볼게.	Y	2022-09-09 02:00:27	2022-11-08 05:16:24
