id	utterance_id	utterance_type	utterance_text	terminate	regDate	updDate
BE22018734	1	0	언니, 나 회식 끝나고 콜택시를 탔는데 잘못 탔어. 그런데 지금 너무 속상하고 상처받아서 눈물이 날 거 같아.	N	2022-09-18 09:33:25	2022-09-18 09:33:25
BE22018734	2	1	무슨 일이야? 왜 상처를 받았다는 거야? 매사에 긍정적으로 대응하고 밝게 생활하는 네가 상처받고 눈물까지 날 거 같다고 하니까 너무 걱정된다.	N	2022-09-18 09:33:25	2022-11-08 05:23:11
BE22018734	3	0	내가 택시를 잘못 탄 걸 알고 기사님께 사과드리고 이 콜택시를 부른 분께 전화드렸어. 죄송하다고 제가 잘못 타고 왔다고. 그런데 나한테 대뜸 막 화를 내시고 소리를 지르시는거야.	N	2022-09-18 09:33:25	2022-09-18 09:33:25
BE22018734	4	1	그렇구나, 네가 많이 놀랐겠다. 솔직히 사과하려고 전화했는데 신경질을 내셨으니 마음이 아팠겠다. 거기다 여리고 착한 우리 동생이니까 더욱 상처받았을 거 같아 언니 마음이 많이 아프네.	N	2022-09-18 09:33:25	2022-11-08 05:23:11
BE22018734	5	0	응, 정말 처음에는 너무 깜짝 놀라고 죄송했는데. 너무 화를 내시니까 한편으로 억울하고 속도 상하더라고. 내가 일부러 그런 것도 아닌데 이렇게까지 나에게 소리 지를 일인가 싶어서.	N	2022-09-18 09:33:25	2022-09-18 09:33:25
BE22018734	6	1	항상 조용하고 모든 일을 차분하고 객관적으로 처리하는 너인데. 아마도 그래서 그분이 과하게 소리 지르고 화 내시는 거에 많이 상처받고 놀랐을 거 같아. 그런데, 일부러 의도하고 택시를 잘못 탄 게 아니잖아, 그분도 아시지만 순간적으로 화나서 그러셨을 거야.	N	2022-09-18 09:33:25	2022-11-08 05:23:11
BE22018734	7	0	인적이 드문 곳에 내 앞에 서니까 내가 부른 택시일 거라고 생각하고 탄 거 거든. 그래도 난 기다리실 그분을 생각해서 사과 전화드린 건데. 되레 욕을 먹으니까 마음이 아프고 억울해.	N	2022-09-18 09:33:25	2022-09-18 09:33:25
BE22018734	8	1	네가 충분히 억울하고 속상할 거 같아. 그리고 그 일로 네가 많이 마음 아파하거나 상처받지 않았으면 좋겠어. 네가 할 수 있는 최선의 사과와 노력을 한 거야 그분 때문에 속상하지 않았으면 좋겠어.	N	2022-09-18 09:33:25	2022-11-08 05:23:11
BE22018734	9	0	솔직히 나도 많이 있는 일이니까 그냥 넘어갈까 하다가 사과 전화드린 거거든. 그런데 이렇게 과하게 화를 내시니 너무 황당하면서 속도 상했어.	N	2022-09-18 09:33:25	2022-09-18 09:33:25
BE22018734	10	1	그렇구나, 그럼 좋은 마음으로 그분을 생각하고 죄송해서 전화드린 건데 그렇게 반응이 나오면 누구라도 속상하지. 만약에 언니가 너 입장이라도 속상했을 거야. 그럼에도 불구하고 사과를 했다는 건 너의 도리를 다 한 거야, 너무 대견해.	N	2022-09-18 09:33:25	2022-11-08 05:23:11
BE22018734	11	0	너무 억울하고 상처받았었는데. 언니가 내 마음을 잘 알아주니까 마음이 좀 풀려.	N	2022-09-18 09:33:25	2022-11-08 05:23:11
BE22018734	12	1	너 마음이 괜찮아진다고 하니 너무 다행이야. 그리고 내 동생이지만 정말 대견하다. 싫은 소리 들을 걸 알면서도 용기 있게 전화드리다니 너무 멋지고 존경스러워.	N	2022-09-18 09:33:25	2022-11-08 05:23:11
BE22018734	13	0	그렇게 얘기해 줘서 고마워. 언니가 나를 대견하다고 멋지다고 해주니가 상처받았던 마음이 다 풀리고 좀 뿌듯하다.	N	2022-09-18 09:33:25	2022-11-08 05:23:11
BE22018734	14	1	그럼 그런 용기는 아무나 낼 수 있는 게 아니야. 동생이지만 이런 너의 모습은 본받아야겠다는 생각이 들어. 너무 잘했어.	N	2022-09-18 09:33:25	2022-11-08 05:23:11
BE22018734	15	0	언니 덕분에 마음이 다 풀렸어, 고마워.	Y	2022-09-18 09:33:25	2022-09-18 09:33:25
