id	utterance_id	utterance_type	utterance_text	terminate	regDate	updDate
BE22014792	1	0	딸아이가 생리를 시작해서 어제 축하 파티를 해줬어.	N	2022-08-19 05:49:32	2022-08-19 05:49:32
BE22014792	2	1	어머 우리 조카가 벌써 생리할 나이가 됐구나. 축하 파티까지 열어줬다니 센스 있는 부모인데? 그런데 어쩐지 네 얼굴이 근심이 가득해 보여.	N	2022-08-19 05:49:32	2022-11-08 04:59:06
BE22014792	3	0	사실은 파티한 것까지는 분위기가 좋았거든. 그 뒤에 내가 생리대를 가지고 와서 속옷에 부착하는 것과 처리 방법까지 상세하게 알려줬어. 그 뒤로 딸아이 표정이 굳어 있더라고.	N	2022-08-19 05:49:32	2022-11-08 04:59:06
BE22014792	4	1	열심히 알려줬는데 표정이 좋지 않았다니 무척 당황스러웠겠다. 방법 알려준 게 조금 민망했던 걸까?	N	2022-08-19 05:49:32	2022-11-08 04:59:06
BE22014792	5	0	그런 것 같아. 다 아는 내용이니 그만 좀 하라고 화를 내면서 자기 방문을 쾅 닫고 들어가 버렸어.	N	2022-08-19 05:49:32	2022-11-08 04:59:06
BE22014792	6	1	저런. 너는 엄마이자 같은 여자로서 열심히 알려주려고 한 거였을 건데 그런 반응이면 상처받았겠는데?	N	2022-08-19 05:49:32	2022-11-08 04:59:06
BE22014792	7	0	맞아. 언니도 무척 소심한 내 성격 잘 알잖아. 그게 그렇게 화를 낼 일인지 방문까지 세게 닫고 들어가는 걸 보고는 충격받았어.	N	2022-08-19 05:49:32	2022-11-08 04:59:06
BE22014792	8	1	예상치 못한 반응에 네가 많이 민망하고 당황스러웠을 것 같아. 들떠서 축하 파티를 준비하는 네 모습이 눈에 그려져서 내가 다 마음이 좋지 않네.	N	2022-08-19 05:49:32	2022-11-08 04:59:06
BE22014792	9	0	내 눈에는 아직도 어린아이인데 자기가 아직도 애 취급을 받는다고 생각한 것 같아. 그래도 그렇게까지 화를 낼 일이었는지 의문이야.	N	2022-08-19 05:49:32	2022-11-08 04:59:06
BE22014792	10	1	자식이 아무리 나이가 들어도 부모에게는 언제나 아기라고 하잖아. 너라고 왜 안 그렇겠어. 축하하는 마음과 동시에 걱정도 많이 되니까 더 자세히 알려주고 싶었던 거잖아.	N	2022-08-19 05:49:32	2022-11-08 04:59:06
BE22014792	11	0	응. 나도 생리를 시작하면서 어릴 때 실수 했던 기억이 있어서 그걸 알려주고 싶었어. 내가 너무 오지랖을 떨었던 걸까?	N	2022-08-19 05:49:32	2022-08-19 05:49:32
BE22014792	12	1	성인인 우리도 가끔 실수하는데 그런 부분은 알려주는 게 맞는 것 같아. 다만 생리도 처음인데 아빠도 같이 있으니 민망해서 더 그랬던 게 아닐까 하는 생각도 들어. 이제 막 사춘기가 시작되는 예민한 시기잖아.	N	2022-08-19 05:49:32	2022-11-08 04:59:06
BE22014792	13	0	아 맞아. 우리가 생리 시작을 축하할 일이라고 생각해서 그런 예민할 수 있는 부분을 간과한 것 같아. 그런 방법은 나중에 딸아이랑 단둘이 있을 때 충분히 알려줘도 되는데 말이야. 내가 너무 세심하지 못했어.	N	2022-08-19 05:49:32	2022-11-08 04:59:06
BE22014792	14	1	생리를 한다는 건 정말 여자가 됐다는 얘기인데 같은 여자로서 네가 얼마나 축하해주고 싶었겠어. 또 한편으로는 걱정도 됐겠지. 저녁 먹으면서 얘기 잘 나눠보면 네 마음 충분히 알아줄 거야.	N	2022-08-19 05:49:32	2022-11-08 04:59:06
BE22014792	15	0	응. 언니한테 얘기하길 잘한 것 같아. 저녁 맛있는 거 차려줘야겠어. 다시 연락할게.	Y	2022-08-19 05:49:32	2022-11-08 04:59:06
