id	utterance_id	utterance_type	utterance_text	terminate	regDate	updDate
BE22018998	1	0	언니, 우리 남편이 무서운 상황을 아무렇지 않게 이야기해서 너무 상처가 돼. 아까 저녁을 많이 먹어서 체했거든, 근데 자기 위암이 아니냐고 하는 거야. 우리 딸이랑 나도 있는데 그런 말을 하니까 너무 속이 상하는 거야.	N	2022-09-19 22:57:50	2022-09-19 22:57:50
BE22018998	2	1	남편이 네가 얼마나 걱정하는지도 모르고 그런 소리를 해서 네가 엄청나게 놀라고 상처가 됐겠네. 그런 얘기를 들으면 서운하기도 하고 남편이 야속하게 느껴지지. 내가 너였어도 상처가 되고 가슴 아팠을 거야.	N	2022-09-19 22:57:50	2022-11-08 05:33:03
BE22018998	3	0	이 사람이 이런 게 한두 번이 아니야. 철이 없는 건지 생각이 짧은 건지 내 가슴을 철렁하게 만든 적이 많아. 저번에는 갑자기 자기가 죽으면 재혼을 할 거냐는 거야, 무슨 그런 소리를 하는지 몰라.	N	2022-09-19 22:57:50	2022-11-08 05:33:03
BE22018998	4	1	왜 그런 소리를 해서 너의 마음을 아프게 했을까? 네가 그런 말을 들으면서 얼마나 마음이 아팠을지 상상하니 나도 속이 상하고 안타깝다. 그런 상황은 상상만으로도 무척 괴롭고 고통스럽잖아.	N	2022-09-19 22:57:50	2022-11-08 05:33:03
BE22018998	5	0	내 말이 바로 그거야. 나는 상상하기도 싫은 무서운 상황을 아무렇지 않게 얘기하니까 마음에 상처를 입었지. 우리를 소중하게 생각하면 그런 소리를 어떻게 해?	N	2022-09-19 22:57:50	2022-09-19 22:57:50
BE22018998	6	1	그래도 네 남편이 너를 상처 주려고 그런 말을 한 건 아닐 거야. 본인도 걱정이 되고 불안하니까 그런 생각을 하다가 그게 말로 튀어나온 거지. 오히려 너와 딸을 사랑하는 마음이 커서 그런 생각을 하게 된 거 아닐까?	N	2022-09-19 22:57:50	2022-09-19 22:57:50
BE22018998	7	0	난 사랑하면 걱정하지 않게 해주고 보듬어줘야 한다고 생각해. 걱정이 되면 잘 해결해야지 그런 말을 해서 사람 충격받게 만드는지 몰라.	N	2022-09-19 22:57:50	2022-11-08 05:33:03
BE22018998	8	1	남편도 아무렇지 않은 건 아니었을 거라고 나름대로 생각이 많아서 그랬을 거야. 그게 그 사람의 사랑의 방식일 수도 있고. 네가 너무 서운하게 생각하지 말고, 남편도 인간인지라 무서워서 그랬나보다 너른 마음으로 이해해줘.	N	2022-09-19 22:57:50	2022-11-08 05:33:03
BE22018998	9	0	우리 남편도 나랑 비슷해서 걱정이 많은 스타일이긴 하지. 그래도 아무렇지 않게 그런 소릴 하니까 마음이 너무 아팠어. 상상만으로도 무서운데 일어나지 않은 일로 놀라게 하니까.	N	2022-09-19 22:57:50	2022-09-19 22:57:50
BE22018998	10	1	그래, 너를 놀라게 하는 점은 참 서운하고 속상할 만 해. 남편도 네가 그렇게 상처받았다는 걸 알면 앞으로 조심할 거야. 그래도 너를 사랑하는 마음만은 확실한 사람이잖아, 네가 기분 풀고 좀 봐줘.	N	2022-09-19 22:57:50	2022-11-08 05:33:03
BE22018998	11	0	응, 나한테 참 잘하는 남편이긴 하지. 그래서 고마운 점도 많고, 그런 남편이 무서운 소릴 하니까 더 상처가 됐던 것 같아. 언니 말대로 내가 너른 마음으로 이해해줘야겠어.	N	2022-09-19 22:57:50	2022-11-08 05:33:03
BE22018998	12	1	그래, 잘 생각했어. 이러나저러나 너와 함께 평생을 지낼 남편이잖아. 고마운 점은 오래도록 기억하고 서운하거나 속상한 점은 금방 잊어버리는 게 좋아.	N	2022-09-19 22:57:50	2022-11-08 05:33:03
BE22018998	13	0	언니 덕분에 충격받고 상처받았던 마음이 좀 누그러졌어. 기운 내서 남편이랑 얘기해볼게. 얘기 들어줘서 고마워.	N	2022-09-19 22:57:50	2022-11-08 05:33:03
BE22018998	14	1	내가 도움이 되어서 다행이야. 내 동생 힘내고 남편과 잘 얘기하렴.	Y	2022-09-19 22:57:50	2022-11-08 05:33:03
