id	utterance_id	utterance_type	utterance_text	terminate	regDate	updDate
BE22018873	1	0	언니, 정말 친했던 친구들이 미워진 적 있어? 나 친구들 때문에 상처받았거든.	N	2022-09-19 07:36:00	2022-09-19 07:36:00
BE22018873	2	1	사람 사이의 관계이니까 당연히 한없이 좋을 때도 있고, 한없이 미워질 때도 있는 법이지. 친구들을 너무 좋아하는 네가 상처받았다니 무슨 일이라도 있었어?	N	2022-09-19 07:36:00	2022-11-08 05:23:59
BE22018873	3	0	누군가에겐 정말 별거 아니고 사소한 일일 수도 있겠지만 나는 좀 상처였어. 하교하고 친구들이랑 가위바위보 해서 과자 사 오기 내기했단 말이야. 그런데 나만 빼고 친구들이 같은 거를 내는 거야, 알고 봤더니 친구들이 짠 거 있지.	N	2022-09-19 07:36:00	2022-11-08 05:23:59
BE22018873	4	1	그런 일이 있었구나, 나였어도 소외감이 들고, 친구들이 미워질 것 같아. 장난이라고 알고 있어도 막상 당하게 되면 너무 불쾌하고 언짢잖아. 괜히 친구들 눈치가 보이면서 의심하게 되고, 종일 기분이 엉망이었겠다.	N	2022-09-19 07:36:00	2022-11-08 05:23:59
BE22018873	5	0	맞아, 친구들이 짜고 나를 놀렸다는 게 기분이 좋지 않더라. 친구들은 장난인데 화내지 말라면서 내 기분은 생각도 안 해줘서 진짜 상처였어. 게다가 여럿이서 몰아가니까 내가 예민한 건가 싶은 생각까지 들어서 더 상처가 되는 것 같아.	N	2022-09-19 07:36:00	2022-11-08 05:23:59
BE22018873	6	1	예민한 게 아니라 친구들 사이에서 소외되는 느낌이 든다면 누구라도 충분히 상처받을 수 있다고 생각해. 서로가 즐거울 때만 장난이지, 누군가가 기분이 상했다면 그것에 대해서는 당연히 사과해야 한다고. 다른 사람의 반응 때문에 눈치 보면서 상처받은 감정을 외면하고 오히려 내가 이상한 건가 고민하지 않았으면 좋겠어.	N	2022-09-19 07:36:00	2022-11-08 05:23:59
BE22018873	7	0	그래서 화도 못 내고 그냥 웃고 넘어갔는데 기분이 나아지지가 않아. 왜 나한테 굳이 이런 장난을 쳤을까부터 별생각이 다 들면서 마음이 너무 힘들어. 티도 못 내고 후회만 하는 내 성격이 너무 답답하고 미련스러워.	N	2022-09-19 07:36:00	2022-11-08 05:23:59
BE22018873	8	1	네가 잘못하지도 않은 일로 기분이 상하고, 친구들의 눈치를 본다니 언니가 더 속상하고 마음이 아파. 너는 친구들과의 관계와 그 상황에서의 분위기를 망치고 싶지 않아서 배려하느라 그런 거잖아. 타인을 먼저 생각하는 사려 깊은 네 성격이 얼마나 대단한데, 이런 일로 자책하며 깎아내리지 않았으면 좋겠어.	N	2022-09-19 07:36:00	2022-11-08 05:23:59
BE22018873	9	0	친구들과 그 일이 있고 난 이후로 마음이 싱숭생숭하고 친구들 보는 게 힘들어서 피해 다니고 있어. 나에겐 소중한 친구들이라 언제까지 이럴 수도 없는데 마음의 상처가 나아지질 않아. 마주 보고 아무렇지 않게 행동하는 게 어렵고, 또 그런 내 모습이 초라해서 한없이 작아지고 말이야.	N	2022-09-19 07:36:00	2022-11-08 05:23:59
BE22018873	10	1	또래 관계가 얼마나 중요한지 아니까 네가 이 일로 상처받고 마음이 힘든 걸 충분히 이해해. 친구는 사귀는 것도 중요하지만, 그걸 이어 나가는 것도 정말 큰 힘과 노력이 필요하다고 생각해. 친구들도 네 마음을 알아야 노력할 테니까 서로를 위해서라도 이야기하며 풀었으면 좋겠어, 네겐 소중한 친구들이잖아.	N	2022-09-19 07:36:00	2022-11-08 05:23:59
BE22018873	11	0	언니 말이 맞아. 내게 소중한 친구들인데 계속해서 피해 다니면 내 마음도 덩달아 힘들어질 거야. 언니 말처럼 서로 더 노력할 수 있도록 내 마음을 전해야겠어.	N	2022-09-19 07:36:00	2022-11-08 05:23:59
BE22018873	12	1	너의 감정을 전달하는 노력도 없이 마음의 상처로 관계를 놓아버린다면 너무 슬플 거야, 그러지 않았으면 좋겠어. 풀지 못한 감정의 응어리는 앞으로 모든 관계에서 걸림돌이 될 거야. 네게 남은 상처가 너를 힘들게 하지 않도록 치유하고 덧나지 않도록 돌봐줬으면 좋겠어.	N	2022-09-19 07:36:00	2022-11-08 05:23:59
BE22018873	13	0	말도 못 하고 기분은 상한 채로 어떻게 해야 할까 끙끙 앓기만 했는데 언니 덕분에 정리가 되었어. 소중한 관계를 지키기 위해 내가 할 수 있는 모든 노력은 해봐야겠어. 언니 덕분이야, 정말 고마워.	N	2022-09-19 07:36:00	2022-11-08 05:23:59
BE22018873	14	1	친구들을 생각하는 네 마음이 다한 결정인걸. 친구들도 분명 네 마음을 이해하고, 노력하면서 서로 조심해줄 거라고 믿어. 서로서로 너무 좋아하니까 분명 잘 풀릴 거야, 걱정 말아.	Y	2022-09-19 07:36:00	2022-11-08 05:23:59
