id	utterance_id	utterance_type	utterance_text	terminate	regDate	updDate
BE22021230	1	0	형, 나하고 가장 친한 친구가 있는데 이번에 그 애한테 상처를 많이 받았어. 내가 가장 믿고 의지한 친구가 나를 배신해서 마음이 아파.	N	2022-09-24 04:56:09	2022-09-24 04:56:09
BE22021230	2	1	어떤 일로 그런지는 모르겠지만 일단 진정하고 천천히 말해 봐. 네가 이렇게 감정적인 모습은 처음이라 나도 당황스럽구나.	N	2022-09-24 04:56:09	2022-11-08 05:41:23
BE22021230	3	0	응, 이렇게 상처 받고 배신 당한 느낌은 처음이라서 나도 모르게 감정이 강하게 올라와. 그동안 나는 그 친구가 하는 것은 무엇이든 같이 하고 싶어서 함께 하는 게 많았어.	N	2022-09-24 04:56:09	2022-09-24 04:56:09
BE22021230	4	1	너는 처음 정을 주면 끝까지 변치 않고 잘 해주는 아이지. 의리가 있어서 친구들도 너 많이 좋아했잖아. 그래서 형은 너의 친구 관계에 대해서는 아무 걱정도 하지 않았어.	N	2022-09-24 04:56:09	2022-11-08 05:41:23
BE22021230	5	0	응, 대부분 그랬는데 이번에는 내가 믿는 도끼에 발등 찍힌 기분이야. 친구가 동아리를 만든다고 해서 열심히 도와줬어. 그런 과정에서 다른 친구로부터 그 친구가 나를 엄청 귀찮아 한다는 말을 전해 들었어.	N	2022-09-24 04:56:09	2022-09-24 04:56:09
BE22021230	6	1	그 정도면 정말 충격적인 말일 것 같구나. 그럴 때 정말 기분 엉망이 되지. 이제까지 쌓아온 우정과 신뢰가 한순간에 무너져 내리는 기분이었을 거야.	N	2022-09-24 04:56:09	2022-11-08 05:41:23
BE22021230	7	0	나는 진심으로 그 친구가 하는 일은 도와주고 싶었고, 뭐든 같이 해서 좋은 결과를 얻었어. 그런데 동아리가 다 만들어지니까 내가 자기를 따라 다니면서 귀찮게 한다는 말을 하잖아. 그것도 내게 말하지 않고 다른 사람에게 뒤에서 말한 게 너무 상처야.	N	2022-09-24 04:56:09	2022-09-24 04:56:09
BE22021230	8	1	네가 상처를 받은 건 안타까운 일이지만 오히려 전화위복이라고 생각해. 아직도 그 사실을 몰랐다면 그런 식으로 너를 생각하는 애와 평생 네가 헌신할 뻔했잖아. 지금이라도 진실을 알았다는 게 다행이라 생각해.	N	2022-09-24 04:56:09	2022-11-08 05:41:23
BE22021230	9	0	그러고 보니 형 말이 맞네. 나는 그 애 진심을 몰랐다면 끝까지 친구로 남았을 터인데 더 늦게 알았다면 억울했을 거야. 이 기회에 누가 진짜 친구가 될 수 있는지 판단하는 계기가 되어 다행이야.	N	2022-09-24 04:56:09	2022-09-24 04:56:09
BE22021230	10	1	그래, 뭐든 인생 공부라고 생각하면 마음이 훨씬 가벼워질 거야. 그리고 이제부터는 남 일만 돕지 말고 너 자신 스스로 무슨 일이든 도전해봐. 너는 자신보다 남을 먼저 챙기는 면이 있어서 내가 걱정했거든.	N	2022-09-24 04:56:09	2022-11-08 05:41:23
BE22021230	11	0	내 성향이 좀 그렇긴 했어. 이제는 나 자신을 먼저 생각하고 내 일을 만들어 나갈 거야. 진짜 좋은 친구들과 사귀면서 멋진 대학 생활을 누리고 싶어.	N	2022-09-24 04:56:09	2022-09-24 04:56:09
BE22021230	12	1	네가 그렇게 마음 먹으니 형도 걱정이 덜어진다. 20대 시간은 금방 지나가니까 후회 없이 보내길 바란다.	N	2022-09-24 04:56:09	2022-11-08 05:41:23
BE22021230	13	0	형과 터 놓고 이야기 하기를 정말 잘 했어. 안 그랬으면 상처 받은 마음을 오랜 시간 부여 안고 끙끙거리고 있었을 터인데 정말 고마워.	N	2022-09-24 04:56:09	2022-09-24 04:56:09
BE22021230	14	1	형 말에 금방 수긍해 줘서 오히려 내가 고맙다. 항상 지혜로움을 잃지 말고 현명한 판단으로 좋은 친구 사귀기를 응원할게.	Y	2022-09-24 04:56:09	2022-11-08 05:41:23
