id	utterance_id	utterance_type	utterance_text	terminate	regDate	updDate
BE22022505	1	0	동생아. 나 오늘 어떤 여자분이랑 소개팅을 했는데 너무 상처받았어. 생각지도 못한 상황이라 충격적이네.	N	2022-09-29 01:41:57	2022-09-29 01:41:57
BE22022505	2	1	형 아까 소개팅한다고 신나서 외출했었잖아. 무슨 일 때문에 상처를 받은 거야?	N	2022-09-29 01:41:57	2022-09-29 01:41:57
BE22022505	3	0	여자분이 내가 하는 말에 잘 웃어주기도 하고 그래서 분위기가 좋다고 생각했어. 그런데 그 웃음이 가짜 웃음이더라고. 나를 마음에 들어 하는 거라고 생각했는데 예의상 맞춰주는 거였다고 생각하니 너무 상처가 돼.	N	2022-09-29 01:41:57	2022-09-29 01:41:57
BE22022505	4	1	형은 그분께 진심이었는데 그분은 형에게 진심이 아니었다고 생각해서 형이 상처를 받은 거구나. 나도 전에 비슷한 경험을 해 봐서 형이 어떤 마음인지 잘 알아. 누구나 겪을 수 있는 일로 인해 형이 너무 깊은 상처를 받지 않고 잊어내기를 바랄게.	N	2022-09-29 01:41:57	2022-11-08 05:48:53
BE22022505	5	0	화장실 다녀오는 길에 우연히 그분이 친구랑 통화하는 소리를 듣고 알게 되었어. 다 알고도 모른척해야 하는 내 모습이 불쌍하기도 하면서 씁쓸하더라고. 이 마음의 상처가 아물 수 있을까.	N	2022-09-29 01:41:57	2022-09-29 01:41:57
BE22022505	6	1	오늘의 일이 형에게 충격적이겠지만 너무 개의치 말고 상처받지 않았으면 좋겠어. 형은 충분히 매력적인 사람이잖아. 형 스스로 형이 매력적인 사람이라는 것을 알고 자신감을 갖는다면 상처를 금방 털어낼 수 있을 거야.	N	2022-09-29 01:41:57	2022-11-08 05:48:53
BE22022505	7	0	솔직히 오늘 일 때문에 자신감이 떨어지는 것도 사실이야. 눈에 보이는 게 다가 아니라는 사실을 알게 되니 내가 받은 상처가 더 깊어지는 것 같아.	N	2022-09-29 01:41:57	2022-11-08 05:48:53
BE22022505	8	1	잠시 만난 한 사람이 형에 대해 모든 걸 알 순 없어. 그러니 그 사람의 판단으로 스스로를 상처 속으로 밀어 넣지 말았으면 해. 그러기엔 형은 너무나 가치 있는 사람이야.	N	2022-09-29 01:41:57	2022-11-08 05:48:53
BE22022505	9	0	너는 나와 같은 경험을 가졌을 때 어떻게 상처를 치유할 수 있었어? 나는 내가 오해한 걸 생각하면 견딜 수 없이 힘든 마음뿐이야.	N	2022-09-29 01:41:57	2022-09-29 01:41:57
BE22022505	10	1	나 자신을 사랑하고 존중하는 마음을 가지려고 해보는 건 어때? 난 그런 노력들이 내 태도 변화에도 많은 도움이 되었거든. 매사에 당당해지니 자신감도 생기고 훨씬 밝아지는 것 같더라.	N	2022-09-29 01:41:57	2022-11-08 05:48:53
BE22022505	11	0	그러고 보니 내가 나를 사랑하지 않아 내 마음이 더 힘들었던 것 같다. 나에 대한 타인의 평가에도 쉽게 휘둘리니 상처도 쉽게 받게 된 것 같아. 이런 나 자신의 마음부터 바꾸어야겠다는 생각이 드네.	N	2022-09-29 01:41:57	2022-11-08 05:48:53
BE22022505	12	1	그래. 지금부터라도 그런 마음가짐으로 이전보다 더 내면을 가꿀 수 있기를 바랄게. 그러다 보면 더 단단해진 형의 모습을 마주할 수 있을 거라고 생각해.	N	2022-09-29 01:41:57	2022-11-08 05:48:53
BE22022505	13	0	고마워 동생아. 너의 조언 덕분에 상처받은 마음이 많이 좋아진 것 같다. 앞으로는 나를 사랑하는 당당한 모습을 갖춘 매력적인 형이 될게.	N	2022-09-29 01:41:57	2022-11-08 05:48:54
BE22022505	14	1	형의 자신감 넘치는 모습을 보니 참 다행이라는 생각이 든다. 형의 다짐을 꼭 이루길 바랄게. 그럼 곧 내면의 가치가 통하는 좋은 인연을 만날 수도 있을 거야.	N	2022-09-29 01:41:57	2022-11-08 05:48:54
BE22022505	15	0	행복한 미래를 상상하니 벌써부터 기대가 되는 것 같아. 좋은 사람을 만나 너에게 꼭 소개해 주고 싶다.	Y	2022-09-29 01:41:57	2022-09-29 01:41:57
