id	utterance_id	utterance_type	utterance_text	terminate	regDate	updDate
BE22010433	1	0	형, 큰일이야. 나 지금 심각해. 와이셔츠 단추가 안 잠겨.	N	2022-07-20 05:24:59	2022-11-08 04:31:33
BE22010433	2	1	그게 무슨 말이야. 단추가 잠기지 않는 것이 왜?	N	2022-07-20 05:24:59	2022-11-08 04:31:33
BE22010433	3	0	나 지금 작년에 취업할 때 샀던 반팔 와이셔츠 단추가 안 잠겨. 학창 시절에 뚱뚱하다고 친구들이 놀리던 것이 떠올라 심장이 두근거리고 손이 떨려.	N	2022-07-20 05:24:59	2022-11-08 04:31:33
BE22010433	4	1	아이고 그런 생각이 들었구나. 그래서 네가 상처받고 열심히 운동하던 것도 기억나는데 그때 상처가 떠오른 거구나. 듣는 나도 이렇게 속상한데 너는 지금 얼마나 속상할까.	N	2022-07-20 05:24:59	2022-11-08 04:31:33
BE22010433	5	0	응. 맞아. 살을 빼고 나서도 다시 뚱뚱해지면 어쩌지, 하고 늘 마음속으로 속앓이하고 있었거든. 그래도 한동안은 살 걱정 안 하고 있었는데 오늘 단추가 안 잠기니까 심장이 쿵 내려앉더라.	N	2022-07-20 05:24:59	2022-11-08 04:31:33
BE22010433	6	1	다이어트 후에도 그렇게 스트레스를 받는 줄 몰랐네. 혼자서 걱정 속에 끙끙 앓고 지냈을 텐데 얼마나 힘들었을까.	N	2022-07-20 05:24:59	2022-11-08 04:31:33
BE22010433	7	0	응. 어떤 사람들은 고작 셔츠 단추 안 잠기는 걸로 유난이라고 할까 봐 말도 못 하고 있었거든. 그렇지만 나는 또 뚱뚱하다고 놀림을 받은 과거로 돌아가게 되지 않을까 그게 계속 걱정돼.	N	2022-07-20 05:24:59	2022-11-08 04:31:33
BE22010433	8	1	물론 네가 그때 놀림을 받았을 때의 속상한 마음은 충분히 이해하지만 네가 너무 신경 쓰지 않았으면 좋겠어. 너는 키도 크고 어깨도 넓어서 외적으로도 멋진데다 누구하고도 편하게 잘 지내는 마성의 매력이 있잖아? 셔츠가 잠기지 않는다는 이유로 널 싫어할 사람은 없을 거야.	N	2022-07-20 05:24:59	2022-11-08 04:31:33
BE22010433	9	0	그렇게 말해주니 고맙기는 한데. 그래도 아직도 단추 하나에 이렇게 마음이 휘둘리다니 신경이 쓰이네.	N	2022-07-20 05:24:59	2022-11-08 04:31:33
BE22010433	10	1	그렇게 큰 상처를 받았으니 당연히 그럴 수 있어. 그래도 이번에는 그때랑은 달리 혼자 끙끙 앓지 않고 나하고 과거의 상처를 털어놓기 시작했잖아. 혼자 앓던 때랑은 달라 너는 분명 극복해낼 수 있을 거야.	N	2022-07-20 05:24:59	2022-11-08 04:31:33
BE22010433	11	0	맞네. 예전에는 놀림을 받아도 화도 못 내고 혼자 끙끙 앓았었는데. 형 말을 듣고 보니 내가 이런 부분에 상처받는다는 것을 처음 이야기한 것 같아. 그래도 형이 내가 극복해낼 수 있을 거라고 얘기해주니 조금은 편안해진다.	N	2022-07-20 05:24:59	2022-11-08 04:31:33
BE22010433	12	1	그렇게 말해주니 참 다행이네. 너는 살이 찌든 안 찌든 자랑스럽고 멋진 내 동생이야. 너무 마음 쓰지 말고 가슴 펴고 당당하게 극복해보자.	N	2022-07-20 05:24:59	2022-11-08 04:31:33
BE22010433	13	0	형 고마워! 형 말이 맞아 셔츠 따위가 나에게 상처를 줄 순 없지. 형 덕분에 기분 좋게 하루를 시작할 수 있겠다.	N	2022-07-20 05:24:59	2022-11-08 04:31:33
BE22010433	14	1	그래. 그래야 내 동생이지. 조만간 맛있는 거나 먹으러 가자.	N	2022-07-20 05:24:59	2022-11-08 04:31:33
BE22010433	15	0	나야 좋지. 내가 기가 막힌 맛집으로 데려갈 테니까 기대하고 있어. 조만간 또 연락할게!	Y	2022-07-20 05:24:59	2022-11-08 04:31:33
