id	utterance_id	utterance_type	utterance_text	terminate	regDate	updDate
BE22021884	1	0	언니 나 오늘 학교에서 선생님한테 너무 상처 받았어 슬프고 속상해.	N	2022-09-27 04:43:12	2022-09-27 04:43:12
BE22021884	2	1	선생님이 어떻게 하셨길래? 무슨 일이 있었어?	N	2022-09-27 04:43:12	2022-09-27 04:43:12
BE22021884	3	0	내가 오늘 좀 잘못을 해서 선생님한테 혼났는데 부모님 학력이 낮아서 가정교육을 못 받았다고 했어.	N	2022-09-27 04:43:12	2022-09-27 04:43:12
BE22021884	4	1	정말 그렇게 말했어? 너무 상처 주는 말이잖아. 나도 그 얘기를 들으니까 화나고 마음이 아프다. 부모님 얘기를...	N	2022-09-27 04:43:12	2022-11-08 05:45:13
BE22021884	5	0	내가 잘못이 맞지만 그건 내 잘못이고 부모님이랑 관련이 없었는데, 부모님 얘기를 하니까 눈물이 나오더라.	N	2022-09-27 04:43:12	2022-09-27 04:43:12
BE22021884	6	1	나였어도 울었을 것 같아. 그런 얘기를 들으면 부끄럽고 미안해지니까, 네가 그 말을 듣고 상처 받고 화도 나고 슬펐겠어.	N	2022-09-27 04:43:12	2022-11-08 05:45:13
BE22021884	7	0	응 진짜 속상하고 화나고 그래... 오늘 일이 나한테 큰 상처가 된 것 같아 속이 너무 상해.	N	2022-09-27 04:43:12	2022-09-27 04:43:12
BE22021884	8	1	나도 속이 상한다. 우리 부모님 누구보다 훌륭하고 자랑스러운 부모님인데 학력이 뭐라고 그렇게 얘기를 하면 네가 얼마나 속상하겠어.	N	2022-09-27 04:43:12	2022-09-27 04:43:12
BE22021884	9	0	응 부모님에게도 미안한 감정이 들어 괜히 나 때문에... 내가 잘못을 해서 욕을 들으셨잖아.	N	2022-09-27 04:43:12	2022-09-27 04:43:12
BE22021884	10	1	무슨 마음인지 알아 속상하고 화나고 부모님께 미안하기도 하고 여러모로 오늘 정말 힘든 날을 보냈겠다.	N	2022-09-27 04:43:12	2022-09-27 04:43:12
BE22021884	11	0	그러게 오늘 하루 너무 힘들고 상처를 받는 날이었네. 내일도 이렇게 힘들까 걱정된다.	N	2022-09-27 04:43:12	2022-09-27 04:43:12
BE22021884	12	1	매일 즐겁고 행복하면 너무 좋겠지만 속상하게도 이렇게 상처 받고 힘든 날이 있는 것 같아. 그런 날이 있어서 행복한 날이 더 소중한 것 같아.	N	2022-09-27 04:43:12	2022-11-08 05:45:14
BE22021884	13	0	그러네 매일 행복하고 즐거우면 좋겠지만 그렇지 않으니까 그런 날이 더 행복하다고 느끼는 것이겠지?	N	2022-09-27 04:43:12	2022-11-08 05:45:14
BE22021884	14	1	그래! 동생아 오늘은 마음이 견디기 상처 받아서 견디기 힘들지만 내일은 작은 행복한 일이라도 있을거야. 분명 즐거운 일이 있을거야.	N	2022-09-27 04:43:12	2022-11-08 05:45:14
BE22021884	15	0	그랬으면 좋겠어. 오늘처럼 누가 나한테 상처를 주고 속상하게 하지 않았으면 좋겠어.	N	2022-09-27 04:43:12	2022-09-27 04:43:12
BE22021884	16	1	꼭 그럴 거야. 잘못은 누구나 할 수 있고 행복도 누구나 할 수 있어! 우리 내일은 행복한 날이 될 수 있도록 해보자.	N	2022-09-27 04:43:12	2022-09-27 04:43:12
BE22021884	17	0	응 그래 내일은 행복한 기분을 느껴 볼 수 있도록 할게. 오늘 하고 내일은 다르니까 내일은 오늘과 같지 않을 거야.	N	2022-09-27 04:43:12	2022-11-08 05:45:14
BE22021884	18	1	그래 내일은 언니랑 문자로 기분 좋았던 것 같이 공유해 보자! 즐거운 일은 나누면 두 배라니까. 그렇게 하는 게 어떨까?	N	2022-09-27 04:43:12	2022-09-27 04:43:12
BE22021884	19	0	그래! 그래보자 좋은 생각이야 언니 내일 기분이 좋을 때마다 서로 문자하자.	N	2022-09-27 04:43:12	2022-09-27 04:43:12
BE22021884	20	1	그래. 오늘 하루 고생 많았고 푹 잘 자고 내일 연락하자! 행복한 꿈 꾸길 바래.	Y	2022-09-27 04:43:12	2022-09-27 04:43:12
