id	utterance_id	utterance_type	utterance_text	terminate	regDate	updDate
BE22022864	1	0	형, 내가 저번에 얘기했던 거 기억나? 회사에 마음에 드는 여성분이 있다고 했었잖아.	N	2022-09-30 03:09:13	2022-09-30 03:09:13
BE22022864	2	1	그래, 딱 네 이상형인 것 같은 여성분이 입사했다며? 그 분하고 잘 되어가니?	N	2022-09-30 03:09:13	2022-09-30 03:09:13
BE22022864	3	0	잘 되어가기는커녕, 점점 더 멀어지기만 하고 있어. 그 분이 나와 눈빛만 마주쳐도 고개를 돌리셔서 매번 상처받고 있어.	N	2022-09-30 03:09:13	2022-11-08 05:51:01
BE22022864	4	1	친해지긴커녕 멀어지고 있다니 정말 많이 속상하겠다. 형도 예전에 좋아하던 분과 가까워지려다 된통 꼬이기만 한 적이 있어서 네 심정이 공감이 된다.	N	2022-09-30 03:09:13	2022-11-08 05:51:01
BE22022864	5	0	그 분이 내가 자신에게 관심이 있다는 걸 누군가에게서 전해 들으신 것 같아. 꼭 연애로 이어지지 않더라도 친분은 쌓고 싶은데, 너무 대놓고 피하니 상처가 된다.	N	2022-09-30 03:09:13	2022-11-08 05:51:01
BE22022864	6	1	아마 그 분도 네게 상처를 주려고 그러는 건 아닐 거야. 네가 자신을 좋아하고 있다는 걸 알게 되니, 이전처럼 편하게 지내긴 어려우신 거겠지. 너무 마음에 담아두지 마.	N	2022-09-30 03:09:13	2022-11-08 05:51:01
BE22022864	7	0	예전에는 회사에서 메신저로 대화도 가끔 했었거든? 그런데 요즘은 할 말이 있어도 꼭 다른 사람을 통해서 전해주시더라고. 그렇게까지 나를 피하실 필요는 없는데, 정말 상처가 되더라.	N	2022-09-30 03:09:13	2022-09-30 03:09:13
BE22022864	8	1	아무래도 장소가 회사이고, 네가 상사이다 보니 조심스러워서 그러실 거야. 하지만 그래도 너에겐 상처가 될 법한 행동이긴 하다.	N	2022-09-30 03:09:13	2022-11-08 05:51:01
BE22022864	9	0	형, 난 정말 왜 이럴까? 어쩌다가 내게 마음이 없는 분을 좋아하게 돼서 매번 상처를 입을까? 서로 마음이 통하는 연애를 나도 해보고 싶어.	N	2022-09-30 03:09:13	2022-09-30 03:09:13
BE22022864	10	1	너무 상처받지도 말고 너무 걱정하지도 마, 짚신도 짝이 있다고 하지 않니? 그 여성분이 아니라도, 네 짝이 꼭 나타날 거야.	N	2022-09-30 03:09:13	2022-11-08 05:51:01
BE22022864	11	0	그렇게 희망을 갖고 싶은데 너무 막연하네. 내가 이 고민을 친구에게 털어놨더니, 너는 그러다 평생 짝사랑만 하겠다고 놀리더라. 그 말에 너무 상처받았어.	N	2022-09-30 03:09:13	2022-09-30 03:09:13
BE22022864	12	1	네 친구들이 퍽 짓궃은 편인 거 나도 아는데, 장난이 좀 심했네. 안 그래도 고민이 많은 너에게 그런 말을 하다니, 마음이 아팠겠어.	N	2022-09-30 03:09:13	2022-11-08 05:51:01
BE22022864	13	0	하지만 나는 그 놀리는 말에 제대로 반박도 못했어, 정말로 평생 짝사랑만 해 온 게 사실인걸. 이번 그 분과는 잘 되었으면 싶었는데, 또 이렇게 되니 너무 상처가 된다.	N	2022-09-30 03:09:13	2022-11-08 05:51:01
BE22022864	14	1	동생아, 사랑의 실패로 속상한 마음은 알겠지만 생각을 한번 바꿔보렴. 짧게 짧게 이어지고 의미 없는 사랑보다는 길게 오래가는 한 번의 사랑이 낫다고 말이야. 그렇게 생각하면, 인연을 기다리는 지금 상황이 상처가 되기보다 훨씬 즐겁게 느껴질 거야!	N	2022-09-30 03:09:13	2022-11-08 05:51:01
BE22022864	15	0	형 말이 맞아, 내가 원하는 건 짧게 끝나고 마는 가벼운 사랑이 아니니까 말이야. 좋은 인연을 기다리는 과정이라고 생각하니, 마음의 상처가 훨씬 가벼워진다.	N	2022-09-30 03:09:13	2022-09-30 03:09:13
BE22022864	16	1	그래, 앞으로도 그런 마음가짐으로 인연 찾기를 포기하지 마. 사랑의 마음을 간직한다면, 그 분이 아니라도, 언젠가 반드시 네게 맞는 인연이 찾아올 거야!	Y	2022-09-30 03:09:13	2022-11-08 05:51:02
