id	utterance_id	utterance_type	utterance_text	terminate	regDate	updDate
BE22023277	1	0	누나, 난 요즘 사람들 만나는 게 싫고, 사소한 것에도 예민해져서 상처를 쉽게 받아. 혼자가 된 듯한 고립감이 들어 마음이 아파.	N	2022-10-01 18:15:24	2022-10-01 18:15:24
BE22023277	2	1	친구들 사귀는 걸 제일 좋아하는 네가 왜 갑자기 그런 말을 하는거야? 누나가 걱정이 많이 되는구나.	N	2022-10-01 18:15:24	2022-11-08 05:53:27
BE22023277	3	0	누나도 알다시피 내가 피부 트러블로 고민이 많잖아. 그래서 얼굴이 항상 빨갛고, 각질도 많고 말이야. 사람들이 내 외모만 보고, 나를 멀리한다는 걸 알게 돼서 너무 상처받았어.	N	2022-10-01 18:15:24	2022-11-08 05:53:27
BE22023277	4	1	동생이 피부 때문에 새로운 사람들 만날 때마다 신경 많이 쓰고, 관리도 많이 받는고 있잖아. 그런데 사람들이 그런 이유로 널 피한다니, 누나는 되려 화가 난다. 그건 사람들 잘못이지 네 잘못이 아니니 너무 상처받지 말기 바래.	N	2022-10-01 18:15:24	2022-11-08 05:53:27
BE22023277	5	0	나도 처음에는 상처 받지 않으려고 가볍게 넘겼어. 그런데 회사에 입사하고, 사람들이 나와 대화하고, 밥먹는 걸 꺼린다는 사실을 알게 된거야. 그런데 이게 다 피부 탓인 것 같아서 너무 상처가 돼.	N	2022-10-01 18:15:24	2022-10-01 18:15:24
BE22023277	6	1	네가 피부 때문에 고민하고 있어서 사람들이 그렇게 생각한다고 지레 짐작하는 건 아닐까? 고민이 많다보면, 사실과 다르게 생각하고 연결짓게 될 때가 있거든. 괜한 오해로 마음 다치지 말고, 긍정적인 마음으로 먼저 사람들에게 다가가 봐.	N	2022-10-01 18:15:24	2022-11-08 05:53:27
BE22023277	7	0	어려서부터 워낙 피부 때문에 고민이 많아 그런지 난 자신감이 부족해. 먼저 다가와주는 사람들이 없었다면, 친구 사귀기가 어려웠을거야. 사실 이런 이유로 어렸을 때부터 상처를 많이 받았던 것 같아.	N	2022-10-01 18:15:24	2022-10-01 18:15:24
BE22023277	8	1	피부 때문에 동생이 그렇게 힘들어 하는 줄은 정말 몰랐어. 누구나 자신없는 부분 하나쯤은 가지고 살게 마련이거든. 동생이 잘하는 부분, 자신있는 부분을 더 생각하면서, 긍정적으로 보내다보면, 자신감이 다시 생길거야.	N	2022-10-01 18:15:24	2022-11-08 05:53:27
BE22023277	9	0	사람들이 날 어떻게 생각할까, 내 얼굴을 보고 무슨 생각을 할까 하는 생각이 먼저 들어. 그러다보면, 내가 먼저 사람들을 피할 때도 있고 말이야. 그래서 더 고립되고, 상처받은 기분을 느끼나봐.	N	2022-10-01 18:15:24	2022-10-01 18:15:24
BE22023277	10	1	사람들에게 잘 보이려 노력하는 것보다 동생이 행복감을 느끼고, 만족하는게 더 중요해. 다른 사람보다 자신을 먼저 생각하기 바래. 그렇게 하나씩 자신감을 찾아가다보면, 먼저 사람들에게 다가갈 수 있을거라 믿어.	N	2022-10-01 18:15:24	2022-11-08 05:53:27
BE22023277	11	0	피부 때문에 다른 사람들의 시선을 너무 의식했던 것 같아. 누나 말대로 내가 행복하고, 잘하는 것들을 먼저 생각하면서 자신감을 회복해 봐야겠어. 이런 생각만으로도 상처 받은 마음이 위로되는 것 같아.	N	2022-10-01 18:15:24	2022-10-01 18:15:24
BE22023277	12	1	자신감 없는 부분을 숨기려 노력하기 보다 먼저 드러내면, 사람들은 오히려 그 사람을 좋게 보더라. 동생도 피부 때문에 위축되기 보다, 그것도 내 모습중에 하나다라고 여기며 자신감을 되찾기 바래.	N	2022-10-01 18:15:24	2022-11-08 05:53:27
BE22023277	13	0	누나와 대화를 나누며 참 많은 부분 위로를 받았어. 앞으로 사람들에게 어떻게 다가가야 할지도 알게 된 것 같아. 정말 고마워.	N	2022-10-01 18:15:24	2022-10-01 18:15:24
BE22023277	14	1	동생이 그렇게 말해주니 누나 마음도 이제야 놓이는구나. 무엇보다 스스로를 아끼는게 제일 중요하다는 걸 잊지 마.	Y	2022-10-01 18:15:24	2022-10-01 18:15:24
