id	utterance_id	utterance_type	utterance_text	terminate	regDate	updDate
BE22022007	1	0	언니, 오늘 고등학교 친구들을 만났는데, 내가 그냥 장난으로 한 친구를 놀렸는데, 그 친구가 울었어. 그런데 내가 그렇게 심한 말을 한 것 같지 않거든? 그 모습에 되려 상처받았어.	N	2022-09-27 09:09:12	2022-11-08 05:45:57
BE22022007	2	1	네가 뭐라고 말했는데?	N	2022-09-27 09:09:12	2022-09-27 09:09:12
BE22022007	3	0	별말 아니었어. 그 친구가 먼저 나한테 일 못한다고 자꾸 말하길래. 나도 똑같이 그 친구한테 너도 일 못하네라고 말했더니 갑자기 조용해지더니 울었어. 자기는 말해도 되고 나는 말하면 안 되는 건지 울어버리니까 너무 어이없고 억울해.	N	2022-09-27 09:09:12	2022-09-27 09:09:12
BE22022007	4	1	정말 적반하장이네. 억울한 거 이해가 간다. 그리고 그 친구가 먼저 너한테 시비를 건 거 같은데?	N	2022-09-27 09:09:12	2022-11-08 05:45:57
BE22022007	5	0	맞아 사실 나한테 일 못한다고 말했을 때 나도 기분이 상해 있었어. 나도 상처받은 상황이었는데 그 친구가 먼저 울어버리니까 분하고 답답해.	N	2022-09-27 09:09:12	2022-09-27 09:09:12
BE22022007	6	1	나였어도 일 못한다는 말을 계속 들으면 상처일 것 같다. 그 친구는 네가 정말 일을 못해서 그런 소리를 한 게 아닐 거야. 자기가 그 소리를 들었을 때 운 것 보니 뭔가 너에게 자격지심이 있는 것 같네.	N	2022-09-27 09:09:12	2022-11-08 05:45:57
BE22022007	7	0	왜 나한테 그렇게 상처되는 말을 한 거지? 나만 상처 주고 자기는 울어버리면 다인 거야? 상처받은 건 나인데 너무 억울해.	N	2022-09-27 09:09:12	2022-09-27 09:09:12
BE22022007	8	1	이전에 인테리어 한다고 너랑 같이 작업했을 때 나는 네가 일을 정말 잘한다고 생각했거든. 그 친구는 너와 일해보지도 않고 말한 사실이잖아. 그런 말에 상처받을 필요 없어.	N	2022-09-27 09:09:12	2022-11-08 05:45:57
BE22022007	9	0	그렇게 말해줘서 고마워. 그 친구가 너무 여러 번 말해서 심리적으로 괴로웠는데 나도 모르게 쌓인 감정이 있었나 봐. 그래도 나는 장난식으로 똑같이 말한 건데 울어버려서 어떻게 해야 할지 모르겠어.	N	2022-09-27 09:09:12	2022-11-08 05:45:57
BE22022007	10	1	아무래도 그 친구와 대화를 해보는 게 좋을 것 같아. 그 친구도 사과를 하고 싶은데 민망해서 먼저 말을 못 하고 있는 걸 수도 있어. 네가 먼저 용기 있게 다가가서 대화를 하다 보면 너도 마음이 편해질 거야.	N	2022-09-27 09:09:12	2022-11-08 05:45:57
BE22022007	11	0	알았어. 일단 대화가 먼저겠지? 친구가 운 이유를 듣고 나면 나한테 왜 그렇게 대했는지 알 수 있을 거 같아. 언니 말대로 대화로 한 번 풀어가볼게.	N	2022-09-27 09:09:12	2022-09-27 09:09:12
BE22022007	12	1	그래. 또 고등학교 친구면 오래 만난 친구니까 금방 화해할 수 있을 거야.	N	2022-09-27 09:09:12	2022-11-08 05:45:57
BE22022007	13	0	알았어. 내가 그 친구랑 영원히 말을 안 할 관계도 아니니까. 이번에는 내가 먼저 다가가서 이 상황을 해결해볼게.	N	2022-09-27 09:09:12	2022-09-27 09:09:12
BE22022007	14	1	그래, 좋은 결과 있길 바란다. 너는 원래 말도 잘하니까 분명 잘 풀어나갈 수 있을 거야.	N	2022-09-27 09:09:12	2022-09-27 09:09:12
BE22022007	15	0	고마워 언니, 덕분에 마음이 조금 풀린 것 같아.	Y	2022-09-27 09:09:12	2022-09-27 09:09:12
