id	utterance_id	utterance_type	utterance_text	terminate	regDate	updDate
BE22016315	1	0	형, 오늘도 회사에서 야근하고 막차를 타고 집 가고 있어. 막차 타고 집에 가는 게 한 달 정도 된 것 같은데, 정말 너무 괴롭네. 내 인생이 너무 불쌍하다는 생각이 들어서 상처받았어.	N	2022-08-30 03:02:49	2022-11-08 05:08:33
BE22016315	2	1	몸도 힘들고 마음도 힘들고 얼마나 속상하겠어. 열심히 일하는 네가 힘들어하는 현실이 나도 슬프게 느껴져서 눈물이 날 것 같아.	N	2022-08-30 03:02:49	2022-11-08 05:08:33
BE22016315	3	0	정말 힘든데 이런 생활이 언제까지 지속될 건지 알 수가 없으니까 암울해. 미래는 알 수 없는 게 당연한 사실인 건 나도 알아. 그런데도 내 생활의 끝을 알고 싶은 마음을 멈출 수가 없네.	N	2022-08-30 03:02:49	2022-08-30 03:02:49
BE22016315	4	1	그래도 네가 회사에서 노력하고 있다는 것은 모르는 사람이 없을 거야. 심적으로 힘들어하는 네가 상상돼서 나도 너무 속상한 마음이야. 너에게 힘이 되어 주고 싶다는 마음으로 문자를 하고 있는데 알아주길 바라.	N	2022-08-30 03:02:49	2022-11-08 05:08:33
BE22016315	5	0	응 고마워, 나의 괴로운 마음을 형이 알아주는 데 눈물이 나려고 해. 나 요즘 마음이 많이 약해졌나 봐.	N	2022-08-30 03:02:49	2022-08-30 03:02:49
BE22016315	6	1	그럴 때가 있지, 지금 넌 많이 힘든 상태인데다가 마음에 상처까지 입었잖아. 당연히 그럴만하니까 너무 그 감정에 써 빠져나오려고 노력하면서 힘을 빼지 않았으면 해.	N	2022-08-30 03:02:49	2022-11-08 05:08:33
BE22016315	7	0	우리 회사 사람들도 거의 한 달을 넘게 모두 야근하고 있어. 회사가 잘되는 것은 좋은데 인간 대우를 못 받으니까 다들 지쳤나 봐.	N	2022-08-30 03:02:49	2022-11-08 05:08:33
BE22016315	8	1	사무실 분위기가 그렇게 된다면 너도 힘이 안 날 것 같아서 많이 걱정된다. 그런데도 한 달 동안 야근한다니 정말 대단하다. 끈기가 있다는 것은 알고 있었지만 정말 멋지다는 생각이 들어.	N	2022-08-30 03:02:49	2022-11-08 05:08:33
BE22016315	9	0	형이 이렇게 나를 칭찬해주고 격려해 주니까 그래도 속상했던 내 마음이 많이 풀려. 역시 이런 일이 있을 때마다 형이 생각나는 게 다 이런 이유인가 봐. 형과 연락하고 나면 나의 기분이 많이 풀리는 것이 느껴져.	N	2022-08-30 03:02:49	2022-11-08 05:08:33
BE22016315	10	1	그렇게 생각해준다면 내가 더 고마워. 너에게 연락받고 너무 신경을 못 써준 게 아닌지 라는 생각이 들어서 너무 미안했어. 그래서 너에게 힘이 되어 주고 싶다는 생각만 한 것 같아.	N	2022-08-30 03:02:49	2022-11-08 05:08:33
BE22016315	11	0	형의 잘못이 아닌걸. 회사에서 야근으로 고통받고 막차를 타고 가는 내 삶이 참 처량해 보이더라고. 그런데 형이 나를 이렇게 격려해주니까 내 편이 있다는 생각이 들어서 너무 기뻐.	N	2022-08-30 03:02:49	2022-11-08 05:08:34
BE22016315	12	1	매사 긍정적이던 너였는데 네가 보낸 문자에서 그늘이 느껴지더라고. 그래서 형이 너무 속상했어. 회사에서 너의 꿈을 펼치는 것도 좋지만 너의 몸과 마음이 상하게 된다면 너무 안타까운 일이잖아.	N	2022-08-30 03:02:49	2022-11-08 05:08:34
BE22016315	13	0	그러니까 말이야. 나도 회사에서 야근하고 힘들기 전까지는 잘 웃고 행복했었는데, 힘든 시간이 지속되니까 웃음을 잃더라고. 문자인데도 이런 나의 마음도 느껴주고 공감해주는 형이 있어서 정말 감동이다.	N	2022-08-30 03:02:49	2022-11-08 05:08:34
BE22016315	14	1	항상 너의 옆에서 너를 응원하고 싶지만 떨어져 있기에 할 수 없을 때가 많아. 그래서 기회가 있을 때 너에게 힘을 주고 싶은 마음뿐이야. 그러니까 네가 힘들 때는 언제든지 형에게 연락해줘.	N	2022-08-30 03:02:49	2022-11-08 05:08:34
BE22016315	15	0	응 고마워 형. 나를 언제나 응원하고 격려해주는 형이 있어서 힘이 나고 상처받은 마음이 달래져. 이번에도 형에게 받은 위로들이 내 마음을 많이 달래줘서 상처가 많이 회복되었어.	Y	2022-08-30 03:02:49	2022-11-08 05:08:34
