id	utterance_id	utterance_type	utterance_text	terminate	regDate	updDate
BE22021380	1	0	형, 어떻게 나에게 이런 일이 일어날 수 있는지 충격을 받아서 말이 제대로 안 나와. 오늘 출전한 대회에서 기록을 세웠는데 부정 출발로 판독 되어서 실격 처리가 되고 말았어. 상처 받은 마음에 지금까지 연습했던 것들이 물거품이 되었다는 생각이 들어.	N	2022-09-25 07:40:57	2022-09-25 07:40:57
BE22021380	2	1	속상한 그 마음 누구보다 잘 알지. 얼마나 슬프고 힘든 심정이겠어. 네가 이번 대회를 위해서 흘린 땀과 노력이 떠올라서 내가 다 마음이 찢어질 것 같아.	N	2022-09-25 07:40:57	2022-09-25 07:40:57
BE22021380	3	0	처음부터 실격이었으면 이런 상처를 안 맡았을 거야. 1등으로 들어오고 나서 비디오 판독을 기다리는 동안 난 천국과 지옥을 오갔어. 결국 실격 처리가 되고 상처 받은 마음에 주저앉아 울고 말았어.	N	2022-09-25 07:40:57	2022-11-08 05:42:16
BE22021380	4	1	네가 많이 힘들어서 그렇지, 울었다는 문자가 왜 이렇게 나의 가슴을 찌르는지 모르겠어. 우리 동생이 꿈에 그리던 전국 체전 에서 일등을 했는데 실격이 되다니. 믿을 수 없는 현실이라서 너에게 힘이 되어 주고 싶다는 생각뿐이야.	N	2022-09-25 07:40:57	2022-11-08 05:42:16
BE22021380	5	0	이것 만을 보고 올해 초를 달려왔다고 해도 과언이 아니야. 나를 지지해주고 응원해 주었던 코치 님과 친구들 부모님에게 얼굴을 들지 못할 것 같아.	N	2022-09-25 07:40:57	2022-11-08 05:42:16
BE22021380	6	1	왜 그렇게 자책을 하는 거니. 네가 이번 대회를 위해서 누구보다 열심히 연습했다는 것을 모르는 사람이 없을 정도야. 우리 모두 너의 아픔에 안타까울 뿐이지 1등을 못했다고 너를 원망하는 일은 없을 거야.	N	2022-09-25 07:40:57	2022-11-08 05:42:16
BE22021380	7	0	그런 걸까, 다른 상대 팀에서 비디오 판독을 요청했을 때 조마조마했어. 그때 내 심장이 갈기갈기 찍어지는 느낌을 받았어. 그런데 부정 출발로 실격이라고 하니까 그 상처는 정말 표현 못할 것이었지.	N	2022-09-25 07:40:57	2022-09-25 07:40:57
BE22021380	8	1	그랬구나, 운동을 할 때 그럴 때가 가장 힘들지. 그런 고난을 이겨내면서 까지 네가 이 길을 선택했다는 것이 정말 대단해. 어려서 부터 육상 선수가 꿈이라고 말하는 네가 참 대견 해 보였어.	N	2022-09-25 07:40:57	2022-11-08 05:42:16
BE22021380	9	0	내 꿈이 찬란하게 빛날 줄 알았는데 지금은 추락한 기분이라서 말도 못 하게 상처를 받았지. 이 상처를 어떻게 회복하나 싶어서 형에게 연락을 한 거야.	N	2022-09-25 07:40:57	2022-09-25 07:40:57
BE22021380	10	1	인생에 고난이 와서 힘들어하는 너에게 어떤 위로를 해줄지 무수히 많은 고민이 돼. 하지만 우리 동생은 이 고난 뒤에 찬란하게 빛날 성공이 있다는 것을 믿어 의심치 않아. 이러한 순간에도 힘겨워하지 운동을 포기할 생각이 전혀 없잖아.	N	2022-09-25 07:40:57	2022-11-08 05:42:16
BE22021380	11	0	역시 형에게 연락하길 정말 잘했다는 생각이 든다. 마음에 상처가 깊었는데 형의 위로로 마니 회복 되었음이 느껴져. 그리고 내가 운동의 길을 포기할 마음이 절대 없다는 것을 다시 한번 생각하게 되었어.	N	2022-09-25 07:40:57	2022-09-25 07:40:57
BE22021380	12	1	정말 다행이다, 내 동생이 힘이 났다고 문자 해 주니까 내가 눈물이 나려고 해. 이번 일로 많은 아픔을 겪은 너라서 걱정되는 마음이 컸었어.	N	2022-09-25 07:40:57	2022-09-25 07:40:57
BE22021380	13	0	그 마음을 내가 느낄 수 있어서 힘을 낼 수 있었지. 어떤 상황에서도 나를 응원하는 형이 있어서 너무 고마울 뿐이야.	N	2022-09-25 07:40:57	2022-09-25 07:40:57
BE22021380	14	1	당연하지, 네가 무슨 일이 일어난다고 해도 난 너의 편이야. 그리고 이렇게 열심히 운동하면서 꿈을 위해 달려가는 너인데 어떻게 응원을 안 할 수 있겠니. 이번 일을 기회 삼아서 더 멋진 동생이 되었으면 좋겠다는 생각뿐이야.	N	2022-09-25 07:40:57	2022-11-08 05:42:16
BE22021380	15	0	정말 고마워 형, 형의 위로가 아니었다면 난 아직도 트랙에 주저앉아 울고 있었을 거야. 형의 위로로 다시 시작할 수 있는 힘을 받았어. 이 마음에 상처를 씻어내고 다시 한번 달려봐야겠어.	Y	2022-09-25 07:40:57	2022-09-25 07:40:57
