id	utterance_id	utterance_type	utterance_text	terminate	regDate	updDate
BE22019309	1	0	언니, 전에 내가 친해지고 싶다고 얘기했던 친구 기억 나?	N	2022-09-21 06:35:10	2022-09-21 06:35:10
BE22019309	2	1	그럼, 기억나지. 요즘들어 그 친구랑 자주 만나지 않았어?	N	2022-09-21 06:35:10	2022-09-21 06:35:10
BE22019309	3	0	응. 내가 먼저 다가가서 말도 걸고, 같이 영화도 보자고 했거든. 그런데 자꾸 그 친구 때문에 상처를 받네.	N	2022-09-21 06:35:10	2022-11-08 05:34:01
BE22019309	4	1	그런데 왜? 무슨 문제라도 생긴 거야? 혹시 싸웠어?	N	2022-09-21 06:35:10	2022-09-21 06:35:10
BE22019309	5	0	아냐. 사이는 좋아. 그런데 점점 친해지고 가까워질수록 내가 생각했던 모습이 아니더라고. 처음엔 배려심도 깊고 성격도 좋은 것 같았는데, 갈수록 말을 막 하는 것 같아.	N	2022-09-21 06:35:10	2022-09-21 06:35:10
BE22019309	6	1	말을 막 하다니? 너한테 상처가 될만한 얘기를 했어?	N	2022-09-21 06:35:10	2022-09-21 06:35:10
BE22019309	7	0	응. 친해지면서 자연스럽게 자기 얘기를 하게 되잖아. 내가 주말엔 아르바이트가 있어서 약속을 잡기 어렵다는 얘기를 했거든. 우리 집 형편 때문에 내가 용돈 정도는 벌어서 쓰고 있잖아.	N	2022-09-21 06:35:10	2022-09-21 06:35:10
BE22019309	8	1	응. 그렇지. 네가 주말에도 쉬지 못하고 아르바이트까지 하느라 고생이지. 그런데 그게 왜?	N	2022-09-21 06:35:10	2022-11-08 05:34:01
BE22019309	9	0	그 친구는 아르바이트 안 해도 생활비나 용돈 걱정은 없거든. 그런데 우리 집 얘기를 한 뒤로 은근히 나를 무시하는 것 같아.	N	2022-09-21 06:35:10	2022-09-21 06:35:10
BE22019309	10	1	사람마다 상황이 다 다른 건데 그런 이유로 무시를 하면 안되지. 너 힘들었겠다.	N	2022-09-21 06:35:10	2022-11-08 05:34:01
BE22019309	11	0	응. 처음에는 농담이겠지 싶어서 웃고 말았거든. 그런데 시간이 갈수록 내가 웃어넘길 수 없는 농담을 해.	N	2022-09-21 06:35:10	2022-09-21 06:35:10
BE22019309	12	1	상처를 주는 얘기를 했는데 웃고 지나갔어? 나였으면 화를 냈을텐데.	N	2022-09-21 06:35:10	2022-11-08 05:34:01
BE22019309	13	0	왜냐면 나는 얘가 좋은 사람이라고 생각해서 친해지고 싶었던 거라서, 계속 그렇게 믿고 싶었나 봐. 어제는 비싼 식당에서 저녁을 먹자고 하길래 내가 부담스럽다고 했거든. 그러니까 돈 없는 티 내지 말라고 하는 거야.	N	2022-09-21 06:35:10	2022-11-08 05:34:01
BE22019309	14	1	그건 심했다. 어떻게 그런 얘기를 하지? 너 상처받았겠다.	N	2022-09-21 06:35:10	2022-11-08 05:34:01
BE22019309	15	0	응. 그 얘기는 도저히 그냥 지나갈 수가 없어서 결국 화를 냈어.	N	2022-09-21 06:35:10	2022-09-21 06:35:10
BE22019309	16	1	그 친구가 잘못했네. 짚고 넘어가야지 안 그러면 본인이 잘못한 건지도 모를 거야.	N	2022-09-21 06:35:10	2022-09-21 06:35:10
BE22019309	17	0	그렇지? 내가 너무 예민하게 반응한 건 아니지? 앞으로 그 친구를 어떻게 대해야 할지 모르겠어.	N	2022-09-21 06:35:10	2022-09-21 06:35:10
BE22019309	18	1	너한테 계속 상처를 주는 친구를 계속 곁에 둘 필요는 없는 것 같아. 그 친구와 친해지고 싶었던 건 맞지만, 그래도 너 자신이 가장 소중하니까. 너 스스로를 상처받지 않게 지키는 것도 중요하다고 생각해.	N	2022-09-21 06:35:10	2022-11-08 05:34:01
BE22019309	19	0	맞아. 나는 그 친구가 좋은 사람일 거라고 믿었으면서 정작 내가 받는 상처에는 무심했던 것 같아. 앞으로는 무례한 얘기를 하면 지적하고 그래도 그 친구가 바뀌지 않는다면 거리를 둬야겠어.	N	2022-09-21 06:35:10	2022-11-08 05:34:01
BE22019309	20	1	그래. 우리 동생 그 동안 마음고생 많이 했겠다.	Y	2022-09-21 06:35:10	2022-11-08 05:34:01
