id	utterance_id	utterance_type	utterance_text	terminate	regDate	updDate
BE22023410	1	0	형 나 작년에 퇴사하고 아내 대신 살림하잖아. 그런데 어제 친구가 농담이었는지 나를 한심하다고 말하더라고. 그 말이 잊히지 않고 상처가 돼서 잠이 안 와 연락했어.	N	2022-10-02 11:19:49	2022-10-02 11:19:49
BE22023410	2	1	뭐? 그 친구 너무하네 아무리 장난이라도 그런 말을 하다니. 너 정말 상처가 됐을 것 같아. 괜찮아?	N	2022-10-02 11:19:49	2022-11-08 05:54:14
BE22023410	3	0	진짜 하염없이 눈물이 나. 나는 내 선택에 후회한 적이 없었는데. 퇴사하고 살림을 한 게 후회되고, 그 말을 들으니 정말 수치스럽고 마음 깊숙이 상처가 됐어.	N	2022-10-02 11:19:49	2022-10-02 11:19:49
BE22023410	4	1	당연하지 그런 말을 들으면 누구나 속상하고 상처가 되지. 나였어도 너무 화가 나고 상처로 남을 것 같은데. 내 동생이 그런 말을 듣고 마음 아팠을 생각을 하니 내 마음이 찢어질 듯 아프다.	N	2022-10-02 11:19:49	2022-11-08 05:54:14
BE22023410	5	0	난 진짜 많이 생각하고 결정한 거고. 아이를 양육하고 살림을 하기에 체력적으로나 시간적으로나 내가 하는 게 맞다고 느껴졌는데. 남의 눈에는 내가 한 선택이 한심해 보인다고 생각하니 상처가 되네.	N	2022-10-02 11:19:49	2022-11-08 05:54:14
BE22023410	6	1	정말 그 친구가 너무 뭘 모르고 한 소리인 거 같아. 너도 직장에서 인정받으며 잘 다녔는데. 가족을 위해 한 지혜로운 선택이 그렇게 마음 아픈 말들로 돌아왔다니 내가 다 속상하다.	N	2022-10-02 11:19:49	2022-11-08 05:54:14
BE22023410	7	0	형 진짜 지혜로운 선택이 맞았을까? 이제는 나도 헷갈려 내가 나가서 돈을 벌어오지 못하는 게 진짜 한심한 건가 싶기도 하고. 이 말을 들은 이상 앞으로 내가 당당하게 살림을 할 수 있을까 우려가 된다.	N	2022-10-02 11:19:49	2022-10-02 11:19:49
BE22023410	8	1	너희 부부가 바쁘게 맞벌이하면서 자녀 양육할 때 아이 가 많이 아프고 외로워했잖아. 네가 퇴직하고 함께 있으면서 너의 자녀 얼굴도 밝아지고, 네가 살림을 잘해줘서 집안 환경도 좋아졌잖아. 너의 희생 덕분에 너의 가족이 행복해 보여서 형은 오히려 네가 참 대단하다고 생각했는걸.	N	2022-10-02 11:19:49	2022-11-08 05:54:14
BE22023410	9	0	정말? 맞아 그 부분은 나도 정말 다행이고 감사해. 내 가족이기에 사명감을 가지고 희생한 건데 남에게 그런 소리를 들으니 상처가 된 거 같아.	N	2022-10-02 11:19:49	2022-10-02 11:19:49
BE22023410	10	1	하지만 그건 그 친구의 일부의 생각일 뿐이고. 너의 희생과 노력 덕분에 행복해하는 너의 자녀가 있고 아내가 있는걸. 남들이 모르고 하는 소리에 소중하고 귀한 내 동생이 상처를 받지 않았으면 해.	N	2022-10-02 11:19:49	2022-11-08 05:54:14
BE22023410	11	0	그러고 보니 나의 선택에 내 가족이 이렇게 행복해하고 건강하게 내 옆에 있어 주는데. 이보다 더 값진 게 어디 있겠어. 맞아 그런 말들을 신경 쓰기 보다 더 보란 듯 잘 사는 모습 보여줄래!	N	2022-10-02 11:19:49	2022-11-08 05:54:14
BE22023410	12	1	역시 내 동생 든든하고 멋진 가장인 거 같아. 이런 네가 가족들에게 힘이 되고 든든한 버팀목이 되고 있는지 형은 너무 잘 알고 있어. 그런 말들에 상처받지 말고 내 동생 언제나처럼 굳건히 씩씩하게 지내길 바라.	N	2022-10-02 11:19:49	2022-11-08 05:54:14
BE22023410	13	0	그렇게 말해줘서 너무 고마워. 형한테 말하길 정말 잘한 거 같아. 이제 마음이 조금 편해지고 좋다.	N	2022-10-02 11:19:49	2022-11-08 05:54:14
BE22023410	14	1	그래 언제든 힘들고 지칠 때 형한테 연락해. 형은 항상 옆에 있고 너의 편이니 사랑해 내 동생.	Y	2022-10-02 11:19:49	2022-10-02 11:19:49
