id	utterance_id	utterance_type	utterance_text	terminate	regDate	updDate
BE22022375	1	0	언니, 남자들은 결혼하면 정말 변하는 게 맞나 봐. 연애 때나 신혼 초에는 그렇게 잘해주더니 말이야. 오늘 남편 태도 보고 너무 상처받았어.	N	2022-09-28 09:21:17	2022-09-28 09:21:17
BE22022375	2	1	왜, 무슨 일인데 동생아? 제부가 뭘 했길래 네가 이렇게 상처받았다는 말까지 하니?	N	2022-09-28 09:21:17	2022-09-28 09:21:17
BE22022375	3	0	아니, 다른 게 아니라 이번 주 주말에 같이 여행 가자고 신랑한테 말했더니 단칼에 거절하더라고. 자기 귀찮고 피곤하다면서 말이야. 그 단호한 모습에 정말 너무 상처받았어.	N	2022-09-28 09:21:17	2022-11-08 05:48:08
BE22022375	4	1	어머, 네가 충분히 그렇게 느낄만하다. 한번 생각하는 척할 수도 있는데 그 자리에서 단칼에 거절했다면 얼마나 상처가 되겠니? 네 마음 충분히 이해해.	N	2022-09-28 09:21:17	2022-11-08 05:48:08
BE22022375	5	0	전부터 여행 가고 싶다고 그렇게 노래를 불렀었는데 그 소원 하나 들어주는 게 그렇게 어렵나? 진짜 너무 상처받아서 아까는 눈물까지 나올 뻔했다니까? 지금은 정말 얼굴 마주하고 싶지도 않아서 밖에 카페에 나와 있어.	N	2022-09-28 09:21:17	2022-11-08 05:48:08
BE22022375	6	1	네가 얼마나 상처를 받았으면 밖에까지 나와 속을 삭일까 싶어서 언니 마음도 많이 아프네. 언니도 느꼈지만 가장 가까이 있는 사람이 날 신경 써주지 않을 때가 가장 상처로 남더라. 지금 네가 그때의 나와 같은 마음일 것 같아 공감도 가고 마음도 쓰여.	N	2022-09-28 09:21:17	2022-11-08 05:48:08
BE22022375	7	0	남편이 언니 반만큼만 날 생각해 주면 좋을 텐데 말이야. 정말 아까 남편의 그 단호한 모습은 내게 평생 상처로 남을 것 같아. 나는 이제 남편이 시간을 투자할 만큼 소중하지 않은 사람일까 하는 생각도 들고 말이야.	N	2022-09-28 09:21:17	2022-09-28 09:21:17
BE22022375	8	1	네가 오늘 받은 상처가 많이 컸구나? 근데 동생아, 절대 그런 생각 하지 않았으면 좋겠어. 네가 얼마나 소중한 사람인데 그래.	N	2022-09-28 09:21:17	2022-11-08 05:48:08
BE22022375	9	0	언니 말은 너무 고맙지만, 그냥 그런 생각이 들어. 상처받은 마음이 쉽게 풀리지가 않네. 근데 이러는 게 너무 과한가?	N	2022-09-28 09:21:17	2022-09-28 09:21:17
BE22022375	10	1	아니? 몸에 난 상처도 시간이 지나야 낫는 것처럼 마음의 상처도 다 낫기까지 시간이 필요한 거야. 그 시간 동안 충분히 아파하되 스스로 가치를 낮추지는 않았으면 좋겠어. 나처럼 널 소중하게 생각하는 사람들이 주변에 얼마나 많은데? 그러니 힘내.	N	2022-09-28 09:21:17	2022-11-08 05:48:08
BE22022375	11	0	고마워 언니. 정말 언니밖에 없다. 나를 소중하게 생각하는 사람이 있다는 사실에 마음이 뭉클해져. 신기하게도 기분이 좀 풀리네? 고마워 언니.	N	2022-09-28 09:21:17	2022-09-28 09:21:17
BE22022375	12	1	그렇담 다행이고. 그리고 동생아, 오늘 집에 돌아가면 제부한테 상처받은 네 마음을 소상히 말해줘. 혼자 삭히지 말고 알았지? 서로 대화를 나누다 보면 분명 네 응어리진 마음도 풀릴 거라 생각해.	N	2022-09-28 09:21:17	2022-11-08 05:48:08
BE22022375	13	0	알았어. 조금만 더 마음을 진정시키고 들어가서 얘기해볼게. 지금은 남편이 너무 밉지만, 그래도 언니 말처럼 얘기는 해봐야겠어.	N	2022-09-28 09:21:17	2022-09-28 09:21:17
BE22022375	14	1	그래 동생아. 그리고 만약 끝까지 여행 같이 가지 않겠다 하면 언니랑 둘이서 가자. 얼른 네 상처받은 마음이 치유됐으면 좋겠다.	N	2022-09-28 09:21:17	2022-11-08 05:48:08
BE22022375	15	0	고마워 언니! 얘기해 보고 또 꼭 다시 말해줄게. 역시 우리 언니밖에 없다.	Y	2022-09-28 09:21:17	2022-09-28 09:21:17
