id	utterance_id	utterance_type	utterance_text	terminate	regDate	updDate
BE22017182	1	0	내가 그렇게 이기적인가? 남자 친구가 그러더라, 나는 갖고 싶은 게 있으면 수단과 방법을 가리지 않는대. 그런 모습에 정떨어졌다고 하는데 너무 충격적이야.	N	2022-09-06 04:39:08	2022-11-08 05:13:47
BE22017182	2	1	남자 친구랑 헤어져서 마음이 많이 안 좋겠다. 게다가 너에게 그런 모진 말까지 하다니, 내가 다 화가 난다. 원하는 걸 갖기 위해 노력하는 게 노력하는 모습을 너무 부정적으로만 판단하네.	N	2022-09-06 04:39:08	2022-11-08 05:13:47
BE22017182	3	0	엄마 아빠도 맨날 그랬잖아, 난 너무 욕심이 많다고. 가족들도 싫어하는데 심지어 타인인 남자 친구 입장에서는 정떨어질 만도 하지. 이해는 하는데 그래도 너무 상처야, 이렇게까지 미움받을 거라고 생각 못했어.	N	2022-09-06 04:39:08	2022-11-08 05:13:47
BE22017182	4	1	상처받은 마음에 자존감이 떨어진 것 같은데 가족들 누구도 네가 욕심이 많다고 싫어하지 않아. 오히려 그 승부욕으로 인해 성공할 것 같다고 응원하고 있어, 난 너의 그런 점이 부러운걸?	N	2022-09-06 04:39:08	2022-11-08 05:13:47
BE22017182	5	0	거짓말, 사람들은 그래도 다들 언니를 착하다고 훨씬 좋아하잖아. 난 못됐다고 미워하고, 전엔 그러려니 하고 넘겼는데. 오늘 남자 친구 입으로 들으니 너무 상처가 됐어, 전엔 그런 모습이 좋다고 했는데.	N	2022-09-06 04:39:08	2022-11-08 05:13:47
BE22017182	6	1	사람은 누구나 장단점이 있어, 너랑 나는 그냥 다른 성향의 사람일 뿐이야. 남자 친구 말에 너무 귀 기울일 필요 없어. 좋을 땐 좋아 보였다가 자기감정이 식으니까 뭐든 부정적으로 보이는 거야.	N	2022-09-06 04:39:08	2022-11-08 05:13:47
BE22017182	7	0	내가 나빴으니까 차인 거 아닐까? 생각해 보니 아주 틀린 말도 아닌 것 같아. 수단과 방법을 가리지 않는다니 나 완전 냉혈한이었네.	N	2022-09-06 04:39:08	2022-09-06 04:39:08
BE22017182	8	1	더 잘 생각해 보면 아주 틀린 말이야. 물론, 수단과 방법을 가리지 않는다는 건 그저 네가 그만큼 노력한다는 뜻이야. 하지만 너는 남에 대한 배려심도 크기 때문에 남에게 피해 주지 않는 선에서 정정당당하게 경쟁하잖아.	N	2022-09-06 04:39:08	2022-11-08 05:13:47
BE22017182	9	0	그래? 난 이제 잘 모르겠어. 인생을 크게 잘 못 살아온 느낌이야.	N	2022-09-06 04:39:08	2022-09-06 04:39:08
BE22017182	10	1	네가 여태까지 잘 못 살아왔다면 주변에 그렇게 너를 좋아하는 친구들이 많겠어? 엄마, 아빠, 언니가 가족이라고 감싸기만 하는 사람들이야? 너한테서 마음이 떠난 남자 친구의 말 한마디가 너의 인생을 송두리째 흔들도록 내버려 두지 마.	N	2022-09-06 04:39:08	2022-11-08 05:13:47
BE22017182	11	0	언니 말이 맞아. 내가 자기한테 뭐 피해 준 것도 아니고 상처는 내가 훨씬 많이 받았는데. 생각해 보니 억울하네.	N	2022-09-06 04:39:08	2022-11-08 05:13:47
BE22017182	12	1	네가 만약 사기 치고 다른 사람 뒤통수를 쳤다면 언니가 가족이라도 널 용서하진 않을 거야. 하지만 너는 그런 몰상식한 아이가 아니야. 선을 지킨다고, 그 모습이 멋있어.	N	2022-09-06 04:39:08	2022-11-08 05:13:47
BE22017182	13	0	정말? 그래, 헤어지라고 해, 난 걔보다 훨씬 좋은 사람 만날 기회가 앞으로 많은데. 남자 친구 없으면 어때? 언니도 있고 엄마도 있고 아빠도 있고 친구들도 있고!	N	2022-09-06 04:39:08	2022-11-08 05:13:47
BE22017182	14	1	이제야 내 동생답네. 넌 너대로 아주 특별하고 좋은 사람이야. 누구든 너를 멋대로 판단하게 내버려 두지 마!	N	2022-09-06 04:39:08	2022-11-08 05:13:47
BE22017182	15	0	고마워. 나 자존감 다시 회복했어!	Y	2022-09-06 04:39:08	2022-11-08 05:13:47
