id	utterance_id	utterance_type	utterance_text	terminate	regDate	updDate
BE22011038	1	0	오늘 코 수술을 받을지 말지 고민이 돼서 상담 좀 받아보려고 성형외과에 다녀왔어. 거기서 내 코를 보더니 왜 이제 왔냐면서 수술을 강력히 추천하더라고. 내 코가 그렇게 못생겼나 하는 생각이 들어서 좀 충격을 받고 마음에 상처를 많이 입었어.	N	2022-07-22 08:14:31	2022-11-08 04:35:21
BE22011038	2	1	너 엄청 속상했겠다. 내가 보기에는 오뚝하고 예쁜 코인걸. 병원은 돈 벌기 위해서 하는 말이니까 상처받지 마.	N	2022-07-22 08:14:31	2022-11-08 04:35:21
BE22011038	3	0	상처를 안 받으려고 해도 너무 상세하게 지적당하니까 너무 상처가 되더라고. 내 코에 검은색 사인펜으로 교정시킬 곳을 그리는데 까만 코가 되더라.	N	2022-07-22 08:14:31	2022-11-08 04:35:21
BE22011038	4	1	그렇게 외모 지적을 당할 때 참 비참해지잖아. 그렇게 되면 정말 마음에 상처를 많이 입지. 상처받고 우울했을 내 동생을 생각하니 언니가 마음이 찢어진다.	N	2022-07-22 08:14:31	2022-11-08 04:35:21
BE22011038	5	0	상담받고 상처받은 마음 되니까 되려 코 수술이 하고 싶지 않다고 생각했어. 지적당하고 내 자존감을 스스로 깎아 먹는 게 나에게 무슨 도움이 되는지 모르겠더라고.	N	2022-07-22 08:14:31	2022-11-08 04:35:21
BE22011038	6	1	그렇지. 내가 하고 싶은 말이었는데 스스로 깨닫는 우리 동생 정말 멋지다. 너의 코가 숨쉬기 불편한 것도 아니고 단지 미를 위해서 고민한다면 안 하는 게 좋지. 넌 지금도 아주 아름답고 예쁜걸.	N	2022-07-22 08:14:31	2022-11-08 04:35:21
BE22011038	7	0	그렇게 말해주는 언니가 있어서 든든하다. 응 언니의 문자를 통해서도 용기를 얻었어. 그리고 병원에서 받은 큰 충격이 되려 내 생각을 바꿔준 것 같아 이제는 고마워.	N	2022-07-22 08:14:31	2022-11-08 04:35:21
BE22011038	8	1	긍정적으로 생각하는 네가 있기에 이렇게 좋은 선택을 할 수 있었던 거지. 넌 매사 긍정적으로 생각하고 현명한 결정을 내려서 언니는 걱정이 없어. 그래서 이번에 네가 코로 고민을 많이 했다는 생각이 들어서 너무 깜짝 놀랐지.	N	2022-07-22 08:14:31	2022-11-08 04:35:21
BE22011038	9	0	맞아. 나는 고민을 밖으로 안 꺼내는 사람이라서 주위 사람들이 다 놀라더라고. 그런 고민이 있었냐며 힘들었겠다고 말하는데 이번 코 수술도 언니에게 놀람을 주었네. 하지만 언니는 나에게 위로와 격려를 해줘서 내가 그나마 자주 고민을 말하는 것 같아.	N	2022-07-22 08:14:31	2022-11-08 04:35:21
BE22011038	10	1	그래서 동생인 네가 고민을 말할 때 감사한 것도 있어. 넌 한참 고민하고 생각한 다음에 나에게 말하는 거잖아. 용기를 내서 말해주는 걸 보면 너무 감동적이어서 너의 고민을 위로해 주고 싶지.	N	2022-07-22 08:14:31	2022-11-08 04:35:21
BE22011038	11	0	그렇게 생각해 줘서 고마워. 이번 고민을 언니에게 말하려 하다가 병원부터 먼저 간 건데 이렇게 마음에 상처를 입을지 몰랐어. 코 수술을 받을까 말까 고민하고 있던 터라 상처가 너무 컸나 봐 나에게.	N	2022-07-22 08:14:31	2022-11-08 04:35:21
BE22011038	12	1	당연하지. 모르는 사람에게 안 받아도 되는 외모 지적을 받았는데 나라면 그 자리에서 눈물이 났을 거야. 넌 눈물도 꾹 참고 코 수술에 대한 생각을 결정하고 돌아왔잖아. 정말 대단한 거지.	N	2022-07-22 08:14:31	2022-11-08 04:35:21
BE22011038	13	0	칭찬해 주고 격려해 주는 언니가 있어서 정말 다행이야. 코 수술을 받을까 말까 하는 고민을 언니에게 먼저 말할 걸 너무 후회돼. 괜히 병원에 가서 상처받은 마음을 기억에서 영원히 지워버리고 싶을 뿐이야.	N	2022-07-22 08:14:31	2022-11-08 04:35:21
BE22011038	14	1	후회하는 마음이 당연히 들지. 속상하고 마음에 상처를 입었는데 지우고 싶은 경험이었을 거야. 그래도 네가 그곳에 가서 깨달음을 얻었으니 그것은 좋은 경험이 되었다고 생각하자.	N	2022-07-22 08:14:31	2022-11-08 04:35:21
BE22011038	15	0	응 고마워. 오늘 코 수술을 받을까 말까 하는 나의 고민으로 입은 상처가 너무 컸었는데 많이 풀렸어. 이게 다 언니와 문자를 나누면서 언니의 격려와 칭찬 때문인 것 같아.	Y	2022-07-22 08:14:31	2022-11-08 04:35:21
