id	utterance_id	utterance_type	utterance_text	terminate	regDate	updDate
BE22018856	1	0	형, 오늘 마트에서 원산지 확인하면서 식료품을 사고 있었어. 그런데 거기 점원이 뭘 그렇게 따져서 사냐면서 나를 별난 사람 취급을 하더라고. 갑작스럽게 당한 상황이라서 말도 못 하고 마음에 상처를 받았어.	N	2022-09-19 06:21:27	2022-09-19 06:21:27
BE22018856	2	1	그런 일이 있었구나, 너 많이 속상하고 마음에 상처를 많이 입었겠다. 건강에 염려가 많은 너인데 원산지를 꼼꼼하게 비교하는 게 절대 잘못이 아닌걸. 그분은 왜 그렇게 말한 지 모르겠지만 네가 상처받지 않기를 바라는 마음뿐이야.	N	2022-09-19 06:21:27	2022-11-08 05:23:53
BE22018856	3	0	그러니까 말이야, 난 그 식료품에 쓰인 원산지를 보고 사는 사람이야. 비싸더라도 국산으로 사려고 노력을 하거든. 그런 나의 노력이 이상하게 취급받아서 그런지 상처가 많이 되었어.	N	2022-09-19 06:21:27	2022-11-08 05:23:53
BE22018856	4	1	그랬구나, 네가 그런 취급을 받을 사람이 아닌데 정말 억울했겠다는 생각이 들어. 너도 알겠지만 너의 잘못이 아니고 그런 취급 받을 이유도 없으니 너무 괴로워하지 않기를 바라.	N	2022-09-19 06:21:27	2022-11-08 05:23:53
BE22018856	5	0	그래야 하는데 지금까지 동네 마트에서 장을 보는 걸 좋아한 나에게 트라우마가 생길 정도야. 사람의 시선이 신경 쓰여서 그 마트에 다시는 못 갈 것 같아.	N	2022-09-19 06:21:27	2022-11-08 05:23:53
BE22018856	6	1	타인의 기분을 생각 안 하고 함부로 말하는 사람들 때문에 네가 상처를 입었다는 것이 슬프구나. 네가 원산지를 꼼꼼하게 비교하고 사는 것은 정말 현명한 방법이었어. 조금은 마음이 진정되면 네 잘못이 아니었다는 생각을 할 수 있게 될 거야.	N	2022-09-19 06:21:27	2022-11-08 05:23:53
BE22018856	7	0	여러 매체를 통해서 식료품을 현명하게 고를 수 있는 방법을 공부했어. 나이가 들수록 내 건강이 제일 중요하다는 생각이 들었거든. 현명한 소비자가 된 것 같은 느낌이 들어서 뿌듯했는데 내가 잘못된 것인가 하는 생각이 들더라고.	N	2022-09-19 06:21:27	2022-11-08 05:23:53
BE22018856	8	1	절대 아니지, 그게 어떻게 잘못된 것이겠어. 네가 공부를 하면서 습득한 지식인데 정말 지혜롭게 구매하는 것이었어.	N	2022-09-19 06:21:27	2022-11-08 05:23:53
BE22018856	9	0	형이 그렇게 문자 주니까 내 마음에 상처가 많이 달래진다. 아침에 기분 좋게 마트에 갔다가 그런 이야기를 듣고서 많이 상처가 되었나 봐. 그때 형이 생각나더라고. 역시 형에게 연락했더니 내 상처가 회복되네.	N	2022-09-19 06:21:27	2022-11-08 05:23:53
BE22018856	10	1	그렇다면 정말 다행인 것이지, 너의 문자를 받고 그런 말을 들을 사람이 아니라는 생각이 들었어. 내가 더 안타까워서 너의 상처받은 마음을 달래주고 싶더라고.	N	2022-09-19 06:21:27	2022-11-08 05:23:53
BE22018856	11	0	그랬구나, 어쩐지 나에게 문자를 하는 형의 글만 읽어도 나의 심정을 깊이 공감해 주더라고. 누가 보면 별것 아닐지 모르지만 나에게는 큰 상처였거든.	N	2022-09-19 06:21:27	2022-11-08 05:23:53
BE22018856	12	1	그렇지, 당연히 사람마다 가치관이 다른데 네 생각을 부정당한 것이잖아. 현명하게 비교하고 구매하는 너에게 그런 말 할 자격이 누구에게도 없지.	N	2022-09-19 06:21:27	2022-11-08 05:23:53
BE22018856	13	0	내 편을 들어주는 형이 있어서 정말 고맙고 많이 의지가 돼. 오늘도 이런 황당하고도 어이없는 일을 당하고 형이 제일 먼저 생각났어.	N	2022-09-19 06:21:27	2022-09-19 06:21:27
BE22018856	14	1	나를 먼저 떠올려 줘서 정말 다행이기도 하고 고마워. 난 네가 혼자 슬퍼하고 속앓이하고 있는 게 더 고통스러운 사람이거든. 무슨 일이 있더라도 나에게 말해주기를 바라니까 언제든지 연락해.	N	2022-09-19 06:21:27	2022-11-08 05:23:53
BE22018856	15	0	응 형 그럴게, 오늘도 난 형에게 많은 위로를 받았어. 동네 마트에서 원산지를 확인하면서 장을 보는 나를 지적하는 사람 때문에 상처를 많이 받았나 봐. 형이 보내주는 문자를 받고 눈물이 날 정도로 속 시원해지더라고 너무 고마워.	Y	2022-09-19 06:21:27	2022-11-08 05:23:53
