id	utterance_id	utterance_type	utterance_text	terminate	regDate	updDate
BE22023476	1	0	언니, 나는 결혼 대상으로는 아닌가 봐. 어젯밤에 남친이랑 진지하게 대화 시도했는데, 준비가 안 됐대. 아무렇지 않은 척했는데 생각보다 상처가 되네.	N	2022-10-02 15:54:17	2022-11-08 05:54:37
BE22023476	2	1	네가 이제 결혼을 생각하는 나이가 됐구나. 나도 네 남자친구 몇 번 봤지만, 너를 정말 사랑하는 게 보였어. 너를 사랑하지 않아서 그렇게 말한 건 아닐 거란 생각이 드네.	N	2022-10-02 15:54:17	2022-11-08 05:54:37
BE22023476	3	0	나도 그렇게 생각했어. 3년 동안 한결같이 나만 바라보고, 잘해줬으니까. 근데 어제 망설이는 모습 보고 확신이 없어졌어. 마음에 큰 상처를 받은 것 같아.	N	2022-10-02 15:54:17	2022-11-08 05:54:37
BE22023476	4	1	네가 남자친구를 많이 사랑하는 거 알아. 그만큼 많이 속상하고 상처가 됐을 거 같아. 원래 좋아하는 사람한테는 조그만 거에도 쉽게 상처받잖아.	N	2022-10-02 15:54:17	2022-11-08 05:54:37
BE22023476	5	0	맞아, 난 이제 남자친구 없으면 못 살아. 남자친구가 없는 내 미래는 상상도 안 돼. 그런데 나만 그런 거면 어쩌나 처음으로 걱정이 들더라.	N	2022-10-02 15:54:17	2022-10-02 15:54:17
BE22023476	6	1	남자친구가 준비가 안 됐다고 한 이유가 따로 있을 수도 있잖아. 경제적인 이유나, 마음의 준비라든가. 당장은 아니라도 진지하게 너와의 미래를 생각하고 있을 거야.	N	2022-10-02 15:54:17	2022-11-08 05:54:38
BE22023476	7	0	사실 구체적으로 물어보질 못했어. 설마 하는 대답을 듣게 될까 봐, 무서워서. 곧 3주년인데 어떤 마음으로 만나야 할지 모르겠어.	N	2022-10-02 15:54:17	2022-10-02 15:54:17
BE22023476	8	1	나는 너희가 예쁘게 사귀는 모습을 가장 가까이서 지켜봤어. 네가 남친 때문에 행복해하는 모습도 많이 봐왔고. 오랫동안 널 행복하게 해준 사람이, 진지하지 않을 리가 없다고 생각해.	N	2022-10-02 15:54:17	2022-11-08 05:54:38
BE22023476	9	0	내가 어제 받은 상처가 너무 커서, 너무 부정적으로 생각했나 봐. 우리 연애를 지켜봐 온 언니가 계속 그렇게 말해주니까 안심이 되네. 맞아, 남친이 날 사랑하는 건 확실해.	N	2022-10-02 15:54:17	2022-11-08 05:54:38
BE22023476	10	1	그만큼 네가 이 연애를 진심으로 생각하고 있다는 게 아닐까. 아직 30대도 아니고, 시간은 있으니까 너무 조급해하지 말자. 남자친구랑 제대로 대화해보고.	N	2022-10-02 15:54:17	2022-11-08 05:54:38
BE22023476	11	0	오랫동안 연애하다가 최근에 결혼한 친구가 몇 명 있거든. 부부 되고 행복해하는 모습 보니까 마음이 급해졌나 봐. 남자친구랑 결혼식 다녀오고 나서, 성급히 이야기를 꺼냈어.	N	2022-10-02 15:54:17	2022-10-02 15:54:17
BE22023476	12	1	그랬구나, 얘기 들으니까 이해 간다. 그 친구들처럼 사랑하는 사람이랑 얼른 결혼하고 싶었겠지. 남자친구한테도 네 심정을 잘 설명해주면 이해해줄 거야.	N	2022-10-02 15:54:17	2022-11-08 05:54:38
BE22023476	13	0	딱 언니 말대로야. 내 감정만 앞서서 남친을 배려하지 못한 것 같아. 오늘 만나자고 해봐야겠어!	N	2022-10-02 15:54:17	2022-11-08 05:54:38
BE22023476	14	1	그래, 너네는 알콩달콩한 게 어울려. 얼른 화해해서 다시 행복한 얼굴 보여줘. 안 자고 기다리고 있을게.	Y	2022-10-02 15:54:17	2022-10-02 15:54:17
