id	utterance_id	utterance_type	utterance_text	terminate	regDate	updDate
BE22015772	1	0	형, 나 아까 친구랑 뒷산에 갔다가 다리를 개에게 물렸어.	N	2022-08-26 01:39:08	2022-08-26 01:39:08
BE22015772	2	1	그게 정말이야? 너무 놀라고 무서웠을 것 같아.	N	2022-08-26 01:39:08	2022-11-08 05:05:08
BE22015772	3	0	그것도 그런데 친구가 나를 걱정조차 하지 않더라고. 작은 개였고 조금 상처가 난 것뿐이지만 너무 서럽더라. 친구가 나를 소중하게 생각하지 않는 것 같아서 정말 상처받았어.	N	2022-08-26 01:39:08	2022-08-26 01:39:08
BE22015772	4	1	안 그래도 무섭고 두려웠을 텐데 위로조차 받지 못했으니 얼마나 속상한 마음이 들었겠어. 형이 너였어도 친구의 무심함에 크게 상처를 입었을 거야. 물린 상처보다 마음이 더 아픈 기분이지?	N	2022-08-26 01:39:08	2022-11-08 05:05:09
BE22015772	5	0	맞아. 너무 배신감이 들어서 집에 올 때까지 친구랑 말도 하지 않았어. 너무 속상해서 눈물이 날 뻔한 것도 겨우 참았어. 앞으로 그 친구와 있을 때마다 오늘의 일이 생각나서 괴로울 것 같아.	N	2022-08-26 01:39:08	2022-08-26 01:39:08
BE22015772	6	1	여린 너의 마음에 얼마나 큰 상처로 남았는지 알겠어. 이렇게 괴로워하는 모습을 보니 형도 마음이 아프네.	N	2022-08-26 01:39:08	2022-11-08 05:05:09
BE22015772	7	0	나는 언제나 친구들을 먼저 생각하거든. 그래서 친구들이 힘들 때 집에서 재워주거나 나보다 친구를 먼저 생각하고 도움을 주려고 노력했었어. 그런데 내 친구들은 그러지 않아서 많이 상처받았었나 봐.	N	2022-08-26 01:39:08	2022-11-08 05:05:09
BE22015772	8	1	원래 일방적인 감정을 가지면 괴로운 기분이 들잖아. 준 만큼 돌려받지 못하니 너의 마음이 얼마나 공허했겠어. 누구라도 그런 상황이면 기분이 좋지 않을 거야.	N	2022-08-26 01:39:08	2022-11-08 05:05:09
BE22015772	9	0	하지만 지금 생각하니 내가 친구들에게 일방적으로 기대를 했던 것 같기도 해. 가끔 과하게 친절을 베풀어서 친구들이 부담스러워했던 적도 있거든. 그때 친구들의 표정을 생각하면 아직도 마음이 아려와.	N	2022-08-26 01:39:08	2022-08-26 01:39:08
BE22015772	10	1	너는 친구들을 소중히 여기는 마음을 그대로 표현했을 뿐이잖아. 분명 친구들도 말은 안 하지만 너의 호의를 고맙게 여기고 있을 거야. 호의를 표현하는 방식이 각자 다르다고 생각하면 마음이 편해지지 않을까?	N	2022-08-26 01:39:08	2022-11-08 05:05:09
BE22015772	11	0	형이 그렇게 말해주니까 마음이 편해지는 기분이야. 생각해 보면 나도 내 말을 들어주는 누군가가 필요했던 것 같아.	N	2022-08-26 01:39:08	2022-08-26 01:39:08
BE22015772	12	1	원래 털어놓는 것만으로 해결되는 문제도 있잖아. 형은 언제든 너의 편이니까 언제든 기대도 돼. 그러니까 너무 낙담하지 마.	N	2022-08-26 01:39:08	2022-11-08 05:05:09
BE22015772	13	0	그럴게. 친구들에게도 너무 실망하는 것이 아니라 그들의 성향을 인정하도록 노력해야겠어. 역시 서로를 받아들이는 것이 진정한 친구겠지?	N	2022-08-26 01:39:08	2022-08-26 01:39:08
BE22015772	14	1	잘 생각했어. 이렇게 기특한 생각을 하는 것을 보니 우리 동생은 정말 마음이 넓은 것 같아. 이런 마음가짐이라면 혼자 상처받고 눈물을 흘리는 일도 줄어들 거야. 너라면 분명히 이 감정을 극복할 수 있어.	N	2022-08-26 01:39:08	2022-11-08 05:05:09
BE22015772	15	0	노력해 볼게. 응원해 줘서 고마워, 형.	Y	2022-08-26 01:39:08	2022-08-26 01:39:08
