id	utterance_id	utterance_type	utterance_text	terminate	regDate	updDate
BE22023964	1	0	오늘 따라 전 애인에게 문자를 보내고 싶다는 생각이 자꾸 들어. 그동안 잘 견뎠다고 생각했는데, 갑자기 외로워져서 한 겨울 벌판에 홀로 서 있는 것 같아.	N	2022-10-04 06:37:33	2022-11-08 05:57:31
BE22023964	2	1	네가 이별로 인해 힘들어하고 있을 모습이 눈에 선해서 언니 마음도 아프네. 그럴 때는 괜히 네가 세상에서 가장 불우한 것 같은 기분까지 들지. 왜 나만 홀로 남은 걸까 싶을 것도 같아.	N	2022-10-04 06:37:33	2022-11-08 05:57:31
BE22023964	3	0	지금 딱 그런 심정으로 웅크려서 언니한테 연락하고 있어. 곧 추운 겨울이 오는데, 이번 겨울은 홀로 보내야 한다고 생각하니 괜스레 더 춥게 느껴져. 너무 외롭고 그 시절이 떠오르니까 마음의 상처가 계속 덧나는 것 같아.	N	2022-10-04 06:37:33	2022-10-04 06:37:33
BE22023964	4	1	네 말만 들어도 너무 슬프다. 이별이 뭐라고 사람을 그렇게 서럽게 만드는 건지 모르겠어. 사귈 땐 세상에 둘도 없는 단짝이었다가 헤어지면 생판 남이 되는 게 참 씁쓸해.	N	2022-10-04 06:37:33	2022-10-04 06:37:33
BE22023964	5	0	정말 그런 것 같아. 그래도 그동안 잘 이겨내려고 일부러 씩씩하고 밝게 지내봤어. 그런데 이유 없이 이렇게 그리워지는 날이 오면 속수무책으로 무너지고 상처를 받아.	N	2022-10-04 06:37:33	2022-10-04 06:37:33
BE22023964	6	1	왜 아니겠어, 오랜 시간을 함께한 친구가 사라진 것과도 같은 느낌이잖아. 네가 잘 지내다가도 한 번식 힘들어지는 날이 오는 게 당연해. 이런 시간들이 반복되다 보면 언젠가 무뎌지는 시간이 올 테고, 그럼 정말 괜찮아질 거야.	N	2022-10-04 06:37:33	2022-11-08 05:57:31
BE22023964	7	0	정말 그럴까? 이별을 하니 앞날이 너무 캄캄해. 이렇게 영원히 이별의 아픔 속에 갇혀있을 것만 같아서 두려워. 한편으로는 사람 하나 제대로 잊지 못하는 스스로가 너무 바보 같아서 상처가 두 배가 돼.	N	2022-10-04 06:37:33	2022-10-04 06:37:33
BE22023964	8	1	나도 아직 이별에 익숙하지 않은걸, 그만큼 이별은 사람을 아프게 하고 무기력하게 하는 것 같아. 그래도 만남이 있으면 자연스레 이별이 있는 법이라잖아, 네 삶을 살다 보면 괜찮아지는 날이 와. 이 이별 또한 네가 더 좋은 인연을 만나기 위해 벌어진 일이라고 생각하면서 힘내.	N	2022-10-04 06:37:33	2022-11-08 05:57:31
BE22023964	9	0	나도 내 상황이 좋아질 거라고 믿고 싶다. 그런데 자꾸만 부정적인 생각이 들어서 괴롭네. 이 상처가 영영 아물지 않을까 봐 막막해.	N	2022-10-04 06:37:33	2022-10-04 06:37:33
BE22023964	10	1	당장은 그렇게 느껴지는 게 당연해, 하지만 네가 널 믿어야만 괜찮아질 수 있어. 사람은 누구나 강해서 견딜 수 있는 상처만큼만 아프대, 그러니까 괜찮아질 거야. 지금 당장엔 확신이 안 서겠지만 포기하지 않고 버티면 결국 다 좋아지고 해결이 되더라.	N	2022-10-04 06:37:33	2022-11-08 05:57:31
BE22023964	11	0	계속 따뜻한 위로를 해주니 언니가 꼭 내 곁에 있는 것 같네. 덕분에 좀 덜 외로운 기분이 들어.	N	2022-10-04 06:37:33	2022-10-04 06:37:33
BE22023964	12	1	비록 우리가 일 때문에 떨어져 살고 있지만 난 언제나 네 편에 서있어. 그러니 앞으로도 전 애인에게 문자하고 싶어지면 나한테 얼마든지 털어놔도 좋아.	N	2022-10-04 06:37:33	2022-11-08 05:57:31
BE22023964	13	0	고마워, 언니 입장에선 번거로울 수 있을 텐데도 잘 들어주니 도움이 돼. 이별을 스스로 견디려니 많이 힘들고 상처받았던 것 같아.	N	2022-10-04 06:37:33	2022-10-04 06:37:33
BE22023964	14	1	여러 번 해도 익숙해지지 않는 게 이별인 것 같아. 그래도 네가 잘 이겨내고 있는 것 같아서 다행이야.	N	2022-10-04 06:37:33	2022-11-08 05:57:31
BE22023964	15	0	언니가 매번 위로해 주고 들어준 덕분이야. 나도 더 적극적으로 극복해 보려고 해볼게.	Y	2022-10-04 06:37:33	2022-10-04 06:37:33
