id	utterance_id	utterance_type	utterance_text	terminate	regDate	updDate
BE22018933	1	0	언니, 나 엄마 때문에 너무 상처받아. 종일 신경 쓰여서 공부가 안돼.	N	2022-09-19 11:52:13	2022-11-08 05:24:19
BE22018933	2	1	왜 그래 동생, 엄마랑 싸우기라도 한 거야?	N	2022-09-19 11:52:13	2022-11-08 05:24:19
BE22018933	3	0	그림 배우고 싶다고 어제 엄마한테 말씀드렸는데, 엄마가 무슨 그림이냐고 상처 주는 말을 했어. 기분이 너무 상해서 미술 학원이고 뭐고 그냥 포기하기로 결정했어. 마음이 너무 아프고 속상해.	N	2022-09-19 11:52:13	2022-11-08 05:24:19
BE22018933	4	1	저런, 네가 진짜 무척 속상했겠다. 진심으로 그림 배우고 싶어 했잖아, 엄마께도 고심하고 말씀드린 거고. 너는 오랜 시간 고민해서 말씀드린 건데 그런 반응이 돌아오니 더 슬펐겠구나.	N	2022-09-19 11:52:13	2022-11-08 05:24:19
BE22018933	5	0	언니도 알다시피 나는 그림 그리는 거 정말 좋아하잖아. 내가 좋아하는 일을 그런 식으로 무시하다니, 너무 상처야. 엄마도 내가 그림을 사랑하는 걸 알면서 왜 일부러 상처 주는 말씀을 하시는 걸까?	N	2022-09-19 11:52:13	2022-11-08 05:24:19
BE22018933	6	1	네 마음 이해해, 네가 좋아하는 걸 인정받지 못할 때 정말 속상하지. 엄마가 조금 배려 없이 말씀하셨기는 하지만, 아마 그런 의도는 아니셨을 거야. 네가 너무 마음 아파하지 않았으면 좋겠어.	N	2022-09-19 11:52:13	2022-11-08 05:24:19
BE22018933	7	0	내 꿈을 포기하게 되니 엄마한테 너무 서운한 감정이 들어. 어제 대화 이후로 너무 상처가 크고 마음이 안 좋아서 엄마와 대화를 안 했어. 더 이야기해보고 싶은 마음도 있는데 너무 속상해서 대화가 안 될 것 같아.	N	2022-09-19 11:52:13	2022-11-08 05:24:19
BE22018933	8	1	네가 많이 마음 아팠겠다, 하지만 엄마도 분명 너의 이야기를 자세히 듣고 싶어 하실 거야. 마음 편하게 가지고 엄마랑 다시 대화해보는 건 어떨까? 그럼 네 마음도 한결 나아지고, 그림에 대한 너의 사랑도 이야기할 수 있을 거야.	N	2022-09-19 11:52:13	2022-11-08 05:24:19
BE22018933	9	0	그런가, 어제 너무 큰 상처를 받아서 엄마랑은 이야기하고 싶지 않았었거든. 그런데 언니 이야기를 들으니 대화를 안 하면 오히려 거리가 멀어질 것 같네. 조금 어려워도 속 터놓고 이야기하면 마음이 나아지겠지.	N	2022-09-19 11:52:13	2022-11-08 05:24:19
BE22018933	10	1	당연하지, 엄마가 너 많이 사랑하는 거 알잖아. 서로 소통 방식이 서툴렀지만, 시간 가지고 차근차근 이야기해봐. 네가 얼마나 그림을 사랑하는지 아시면 분명 그림 배우게 해주실 거야, 걱정하지 마.	N	2022-09-19 11:52:13	2022-11-08 05:24:19
BE22018933	11	0	언니 말대로 그럼 용기 내서 내가 먼저 대화 요청해볼게. 내가 얼마나 그림을 배우고 싶어 했었는지 자세히 말씀드리려고. 엄마의 이야기도 잘 들어보면 기분이 나아지겠지.	N	2022-09-19 11:52:13	2022-11-08 05:24:19
BE22018933	12	1	그래, 네가 조리 있게 말 잘하니까 엄마도 설득될 거야. 언니는 너 믿어, 다 잘 해결될 거야.	N	2022-09-19 11:52:13	2022-11-08 05:24:19
BE22018933	13	0	고마워, 언니가 있어서 큰 위로가 되었어. 잘 이야기해보고 이야기해줄게.	N	2022-09-19 11:52:13	2022-11-08 05:24:19
BE22018933	14	1	위로되었다니 다행이다. 이따 다시 연락해줘.	Y	2022-09-19 11:52:13	2022-11-08 05:24:19
