id	utterance_id	utterance_type	utterance_text	terminate	regDate	updDate
BE22013732	1	0	언니, 나 원래 아침밥을 안 먹잖아. 갑자기 아침에 엄마가 나보고 그러니까 매일 약을 달고 사는 종합병원이라면서 잔소리를 하더라고. 아침에 입맛도 없고 먹지 않는 게 습관이 든 건데 그렇게 말하니까 마음에 상처를 입었어.	N	2022-08-10 05:59:56	2022-08-10 05:59:56
BE22013732	2	1	너 정말 많이 속상했겠다. 아침밥과 면역력이 상관있는 것도 아니잖아. 갑자기 인신공격까지 들어서 얼마나 황당하고 상처받았을지 상상하니까 내 마음이 다 아프다.	N	2022-08-10 05:59:56	2022-11-08 04:52:19
BE22013732	3	0	응 나 정말 속상해서 엄마에게 상처받은 걸을 알리고 싶었어. 그런데 아침부터 싸우고 싶지 않아서 그만뒀어. 엄마도 아침에 무슨 일이 있으신 건지 왜 나한테 그런 말을 하셨을까 의문이야.	N	2022-08-10 05:59:56	2022-11-08 04:52:19
BE22013732	4	1	그렇구나, 네가 엄마에게 잔소리를 듣고도 엄마의 기분을 생각해서 참았다는 건 정말 대단하다. 나 같았으면 아침부터 황당한 소리 듣고 이성을 잃었을 것 같아. 엄마의 기분을 생각해서 속상한 마음을 혼자 참고 있을 너를 생각하니 내가 다 슬프다.	N	2022-08-10 05:59:56	2022-11-08 04:52:19
BE22013732	5	0	그렇게 생각해줘서 고마워, 난 그거 엄마와 아침부터 싸우고 싶지 않아서 그런 건데 뭐. 근데 엄마 무슨 일이 있으신 건지 요즘 밥에 굉장히 예민하신 것 같아. 나한테도 매일 세 끼 챙겨 먹으라고 입에 달 고사 셔.	N	2022-08-10 05:59:56	2022-08-10 05:59:56
BE22013732	6	1	아침에는 다 기분이 안 좋기 마련인데 네가 엄마를 위해 배려한 것이니 당연히 대단한 거지. 그리고 요즘 엄마가 너 걱정이 많으셔서 그래. 저번에 너 몸살 나고 쓰러지기까지 해서 끼니 챙겨 먹는 것에 집착하시는 것 같아.	N	2022-08-10 05:59:56	2022-11-08 04:52:19
BE22013732	7	0	그렇구나, 엄마는 나를 걱정해서 한 말이었지만 아침부터 들어오는 공격에 상처를 많이 받았어. 엄마도 참 그냥 다정하게 말해주면 되는 거지 종합병원이다 이런 소리 하니까 상처받아. 그때는 회사 일도 많고 식욕이 없어서 안 챙겨 먹은 것도 있었고 복합적인 상황이었어.	N	2022-08-10 05:59:56	2022-11-08 04:52:19
BE22013732	8	1	그렇구나, 당연히 네가 상처받을 만하고 몸이 아픈 건 너인데 그런 말까지 들으면 힘들지. 네가 보낸 문자만 읽어도 내가 다 속상한걸. 그래도 엄마가 걱정에 한 소리니까 너무 마음에 담지 말고 마음 아파하지 않는 것이 좋겠어.	N	2022-08-10 05:59:56	2022-11-08 04:52:19
BE22013732	9	0	응 그래야지, 나를 세상에서 가장 걱정하고 사랑해주시는 분이니까. 그래도 엄마에게 나의 상처 받은 마음이 언니와 문자를 나누니까 많이 풀리네. 진지하게 나에게 하신 말은 아니셨겠지만 상처가 되긴 했나 봐.	N	2022-08-10 05:59:56	2022-11-08 04:52:19
BE22013732	10	1	당연히 네가 상처받은 상황이긴 하지, 아무리 자식과 부모 사이라도 지킬 선이 있는 거니까. 나는 네가 그렇게 상처를 받아도 엄마를 위해 화를 참았다는 것에 더 큰 감동을 받았어.	N	2022-08-10 05:59:56	2022-11-08 04:52:19
BE22013732	11	0	엄마도 내가 아침밥을 먹지 않는 게 습관이라는 걸 알고 있는 줄 알았어. 그런데 엄마는 그게 이해가 가지 않으셨나 봐. 언니 덕분에 이제는 엄마가 나를 위해서 그러셨다고 이해할 마음의 여유가 생긴 것 같아.	N	2022-08-10 05:59:56	2022-08-10 05:59:56
BE22013732	12	1	그렇게 생각해 주는 주면 내가 더 감사하지. 네가 나의 메시지를 읽고 힘을 내서 너무 고맙고. 엄마의 마음도 진정으로 이해해주는 것 같아서 내가 되려 행복해진다.	N	2022-08-10 05:59:56	2022-11-08 04:52:19
BE22013732	13	0	나의 마음을 알아주고 공감해주는 언니가 있어서 얼마나 나에게 다행인지 몰라. 아침에는 엄마가 이해가 안 되고 상처받은 마음이 너무 커서 말도 하고 싶지 않았거든. 그런데 언니와 문자를 나누고 상처 받은 마음에 많은 격려가 되었어.	N	2022-08-10 05:59:56	2022-11-08 04:52:19
BE22013732	14	1	당연히 동생이 억울하고 힘들어한다면 같이 슬퍼지는 것이 당연하지. 더군다나 가족에게 받은 마음의 상처라서 내가 더 안타깝고 공감하게 되었어. 상처받은 너의 마음이 나의 대화로 풀린다면 난 그것만으로도 감사하지.	N	2022-08-10 05:59:56	2022-11-08 04:52:19
BE22013732	15	0	정말 고마워. 아침밥을 먹지 않는 습관이 나에게는 별것 아니었는데 엄마에게 한 소리를 듣고 많이 상처가 되더라고. 그래도 언니와 메시지로 이야기하고 나니까 엄마의 마음도 이해하게 되고 힘도 받았어.	Y	2022-08-10 05:59:56	2022-08-10 05:59:56
