id	utterance_id	utterance_type	utterance_text	terminate	regDate	updDate
BE22023244	1	0	형, 우리는 늘 풍족하게 살아본 적이 없잖아. 그 사실은 항상 알게 모르게 나를 상처입히고 있었던 것 같아. 내게 큰 콤플렉스로 남아 항상 날 괴롭게 하더라고.	N	2022-10-01 12:31:44	2022-10-01 12:31:44
BE22023244	2	1	그 마음 알지. 우리는 항상 힘든 시기를 견디며 지금까지 왔잖아. 그 과정에서 네가 겪었을 아픔도 충분히 이해해.	N	2022-10-01 12:31:44	2022-11-08 05:53:15
BE22023244	3	0	형은 힘들었던 적 없어? 한번쯤 돈 걱정 없이 살아보고 싶다는 생각이 들곤 하잖아. 게다가 사람들이 함부로 하는 말에 괜히 더 상처받고 움츠러들게 되는걸.	N	2022-10-01 12:31:44	2022-10-01 12:31:44
BE22023244	4	1	너도 고민과 아픔을 많이 삼키고 있었구나, 물론 그런 적 있지. 너도 그런 감정을 느끼고 아파했을 거라고 생각하니 가슴이 미어진다. 그동안 많이 힘들었지, 어깨라도 토닥여주고 싶은걸.	N	2022-10-01 12:31:44	2022-11-08 05:53:15
BE22023244	5	0	나도 모르게 내 처지를 원망하게 돼. 돈 때문에 원하는 것을 애써 포기해야 할 때 얼마나 비참해지는지 몰라. 늘 돈 걱정만 하면서 사니 더 우울해지는 기분이야.	N	2022-10-01 12:31:44	2022-10-01 12:31:44
BE22023244	6	1	그래, 많이 힘든 일이지. 그래도 나는 네가 그런 상황 속에서도 엇나가지 않아서 정말 다행이라고 생각해. 그동안 많이 힘들었을 텐데, 애써 참고 견디느라 고생이 많았지.	N	2022-10-01 12:31:44	2022-11-08 05:53:15
BE22023244	7	0	형도 마찬가지잖아. 나는 마음속으로는 항상 불만을 가득 안고 있었어. 왜 우리만 항상 힘들고 항상 상처받아야 하는지 말이야.	N	2022-10-01 12:31:44	2022-10-01 12:31:44
BE22023244	8	1	물론 타고난 상황을 마음대로 바꿀 수 없는 현실이 안타까울 수 있겠지. 하지만 우리는 지금껏 함께 이겨냈고 지금도 잘 버텨내고 있는걸. 그동안 말하지 못했지만 어려운 시기를 이겨내느라 정말 고생이 많았다고 말해주고 싶어.	N	2022-10-01 12:31:44	2022-11-08 05:53:15
BE22023244	9	0	앞으로 지금의 상황이 더 나아질 수 있을까? 늘 걱정을 안고 있어야 하는 현실에 기분이 암담해져. 내가 버티지 못할까봐, 또 상처 입고 움츠러들까봐 두려워.	N	2022-10-01 12:31:44	2022-10-01 12:31:44
BE22023244	10	1	이럴 때일수록 희망을 잃으면 안 돼. 그리고 내가 아는 너는 그 어느 상황도 이겨낼 강인함이 있는걸. 여차하면 내가 있으니 함께 의지하고 어려움을 헤쳐나가자.	N	2022-10-01 12:31:44	2022-11-08 05:53:16
BE22023244	11	0	하지만 형, 난 확신이 없어. 우울해지는 기분에 자꾸만 힘이 쭉 빠지게 돼. 미래에 대한 확신이 점점 줄어드는 것만 같아.	N	2022-10-01 12:31:44	2022-10-01 12:31:44
BE22023244	12	1	지금처럼 우울해도 괜찮고, 가끔은 잔뜩 한탄해도 괜찮아. 하지만 좌절에 계속 머물러 있지는 말자. 그것들이 너를 좀먹게 하기보다, 아무 일 아니라는 듯이 툭 털고 일어나서 기운을 내보는 거야.	N	2022-10-01 12:31:44	2022-11-08 05:53:16
BE22023244	13	0	나는 항상 상처입고 힘든 마음에서 헤어나오지 못했는데, 형은 항상 내게 기운을 북돋아주는구나. 형 덕분에 기분이 조금이나마 나아지는 것 같아. 내게 정말 큰 힘이 돼.	N	2022-10-01 12:31:44	2022-10-01 12:31:44
BE22023244	14	1	누구보다 네가 느끼는 감정을 잘 알고 이해하고 있는걸. 나한테만큼은 꾹 참지 않고 투정부려도 돼. 힘들어도 함께 버티고 헤쳐나가는 거야, 할 수 있겠지?	N	2022-10-01 12:31:44	2022-10-01 12:31:44
BE22023244	15	0	응. 형이 있어서 정말 든든하다. 매번 고마울 따름이야.	Y	2022-10-01 12:31:44	2022-10-01 12:31:44
