id	utterance_id	utterance_type	utterance_text	terminate	regDate	updDate
BE22023304	1	0	언니, 나 지금 너무 힘든데 문자 좀 빨리 볼 수 있어? 나 어떡해? 남편이 오늘 결혼반지를 끼고 있지 않았어. 가슴이 너무 아파.	N	2022-10-02 03:16:56	2022-10-02 03:16:56
BE22023304	2	1	미안해, 조금 늦게 확인했어. 너 괜찮아? 무슨 일인지 언니한테 자세히 이야기를 해 봐. 진정하고.	N	2022-10-02 03:16:56	2022-11-08 05:53:36
BE22023304	3	0	예전에도 결혼반지를 뺀 적이 있었는데, 그때 그 사람한테 여자가 있었어. 그런데 앞으로는 절대 그러지 않는다고 했는데. 이번에 또 그런 일이 있었던 거야.	N	2022-10-02 03:16:56	2022-10-02 03:16:56
BE22023304	4	1	저런, 내 동생 너무 많이 가슴이 아팠겠다. 왜 언니한테 그 이야기를 하지 않았어. 혼자서 끙끙 앓았을 걸 생각하니 가슴이 찢어진다. 많이 힘들었지?	N	2022-10-02 03:16:56	2022-11-08 05:53:36
BE22023304	5	0	참고 사는 거 난 절대로 안 할 줄 알았는데, 이혼을 할 수가 없었어. 내가 그 사람을 너무 사랑하니까. 그런데 손가락에 반지가 없는걸 보니까, 잊으려고 했던 그 기억이 또 떠올라서 상처를 받았어.	N	2022-10-02 03:16:56	2022-11-08 05:53:36
BE22023304	6	1	당연히 떠오르지. 더구나 그게 잊을 수 있는 기억도 아니고. 겨우 참고 있었던 건데 그런 일이 또 생기다니. 어떤 누가 상처를 받지 않을 수 있겠어?	N	2022-10-02 03:16:56	2022-10-02 03:16:56
BE22023304	7	0	공기 중에 산소가 부족한 것처럼 숨이 쉬어지고, 가슴이 너무 아파. 아직 아무것도 묻지도 못했는데, 벌써부터 예상이 되니까. 나한테는 그 일이 내 결혼 생활에서 가장 큰 상처였거든.	N	2022-10-02 03:16:56	2022-10-02 03:16:56
BE22023304	8	1	듣고 있는 나도 이렇게 힘이 들고 머리가 어지러운데, 당사자인 넌 오죽했을까. 그래도 내 동생이 너무 크게 아파하지 않았으면 좋겠어. 힘들면 잠시 쉬었다가 말해도 돼.	N	2022-10-02 03:16:56	2022-11-08 05:53:37
BE22023304	9	0	아니, 오늘 남편이 정말 누구를 만났든 만나지 않았든 상관 없어졌어. 예전의 일이 이 정도의 크기로 내 안에 남아 있는 줄 몰랐거든. 난 이 상처로 우리가 전과 같이 돌아갈 수 없다는 걸 깨닫게 됐어.	N	2022-10-02 03:16:56	2022-10-02 03:16:56
BE22023304	10	1	언니는 네 모든 선택에 후회가 없었으면 좋겠어. 그거면 되는 거야. 자신을 믿고, 너는 충분히 잘하고 있다는 걸 잊지만 마.	N	2022-10-02 03:16:56	2022-11-08 05:53:37
BE22023304	11	0	응 이제 후회는 없어. 오히려 인정을 하니까 마음이 홀가분해. 더 이상은 행복한 척, 나 자신을 속이고 싶지 않아.	N	2022-10-02 03:16:56	2022-10-02 03:16:56
BE22023304	12	1	힘들어하기에는 참 아깝고 소중한 내 동생인데. 네가 그 결심을 내리는 동안 몰라서 언니가 미안해.	N	2022-10-02 03:16:56	2022-11-08 05:53:37
BE22023304	13	0	아니야. 언니랑 이야기하다가 깨달았어. 내 상처가 내가 생각한 것보다 크다는 거. 반창고처럼 작은 걸로는 덮어지지 않는다는 거.	N	2022-10-02 03:16:56	2022-10-02 03:16:56
BE22023304	14	1	그래, 언니는 네 결정을 존중해. 대신 앞으로는 뭐든 나한테 이야기해 줘. 내가 뭐든 도울 게. 알았지?	N	2022-10-02 03:16:56	2022-11-08 05:53:37
BE22023304	15	0	응. 힘들다고 말하고, 위로받고, 그럴게. 혼자서 정리하기에는 내 생각이 너무 복잡하거든. 언니 덕분에 기분이 한결 괜찮아. 고마워.	N	2022-10-02 03:16:56	2022-11-08 05:53:37
BE22023304	16	1	그래, 언제든 네 연락을 기다리고, 몇 시든 네 곁으로 달려갈 게.	Y	2022-10-02 03:16:56	2022-10-02 03:16:56
