id	utterance_id	utterance_type	utterance_text	terminate	regDate	updDate
BE22019446	1	0	형은 요즘 어때? 사는 게 즐겁다고 느껴? 나는 상처가 되네.	N	2022-09-21 10:37:59	2022-11-08 05:34:30
BE22019446	2	1	왜 갑자기 그런 질문을 하고 그래. 무슨 고민 있구나 너.	N	2022-09-21 10:37:59	2022-09-21 10:37:59
BE22019446	3	0	아니, 딱히 그런 건 아니야. 그런데 나 요즘 아침에 눈을 뜬다는 사실 조차 상처가 돼. 크게 기분이 우울한 것도, 슬픈 것도 아닌데 말이야.	N	2022-09-21 10:37:59	2022-11-08 05:34:30
BE22019446	4	1	뭐라고? 형이 듣기에는 보통 일이 아니라고 느껴지는걸. 꼭 기분이 크게 요동치는 것만이 문제는 아니잖아.	N	2022-09-21 10:37:59	2022-11-08 05:34:30
BE22019446	5	0	그런가? 사실 요즘 울적한 마음에 사람들과 이야기를 안 나눈 지도 꽤 됐거든. 내가 취업에 실패한 지도 오래됐잖아. 그래서인지 누구랑 대화를 나누는 게 점점 더 어려워.	N	2022-09-21 10:37:59	2022-11-08 05:34:30
BE22019446	6	1	그래, 형도 말은 하지 않았지만 네가 많이 힘들었을 거라고 생각하고 있었어. 하지만 네가 노력하는 모습을 누구보다 잘 알고 있어.	N	2022-09-21 10:37:59	2022-11-08 05:34:30
BE22019446	7	0	고마워. 하지만 점점 무기력해지는 내 모습을 바라보면서, 대체 어떻게 해야 할지 잘 모르겠어. 자꾸만 혼자라는 기분이 들어.	N	2022-09-21 10:37:59	2022-09-21 10:37:59
BE22019446	8	1	막막할 거야. 형도 그 시기에 그랬으니까. 하지만 네가 잘 극복해 나가려면 현실을 똑바로 마주하는 것도 필요해.	N	2022-09-21 10:37:59	2022-11-08 05:34:30
BE22019446	9	0	응, 나도 알고 있어. 실은 지난 면접에 떨어지고 난 뒤에 부모님한테 꾸중을 들은 게 많이 속상했어. 항상 누구보다 나를 믿어주시는 분인 건 알지만, 마치 내 탓을 하는 것만 같아서 상처였어.	N	2022-09-21 10:37:59	2022-09-21 10:37:59
BE22019446	10	1	그랬구나. 네가 가장 아쉽고 속상했을 텐데 부모님의 질책을 받으니 더 괴로운 마음이 들었을 것 같아. 그래서 그 뒤로 부모님하고 사이가 조금 어색하구나?	N	2022-09-21 10:37:59	2022-11-08 05:34:30
BE22019446	11	0	맞아. 가뜩이나 외출도 거의 하지 않는데 집에서도 말이 없으니까 울적한 기분이 나아지지 않았나봐. 그래서 아침에 눈을 뜨는 게 더 부정적이게 느껴졌어.	N	2022-09-21 10:37:59	2022-09-21 10:37:59
BE22019446	12	1	그것 봐, 사실은 네 마음속에 상처가 깊이 자리 잡고 있었던 거야. 하지만 형이 이야기했던 것처럼 현실을 마주하고 탈피하려고 노력하는 게 필요해.	N	2022-09-21 10:37:59	2022-11-08 05:34:30
BE22019446	13	0	그럼 나는 어떻게 하면 될까, 형?	N	2022-09-21 10:37:59	2022-09-21 10:37:59
BE22019446	14	1	먼저 네가 느낀 감정들을 솔직하게 기록해보면 어떨까? 더 나아가서 하루 계획표도 써보고 말이야. 그러면 내 기분도 스스로 다루게 될 줄 알고, 아무것도 하지 않았다는 비관적인 생각도 줄어들 거야.	N	2022-09-21 10:37:59	2022-11-08 05:34:30
BE22019446	15	0	맞아. 형 말을 들으니 내가 여태껏 아무런 계획도 없이 흐지부지 보내는 시간들이 많았던 것 같아. 스스로도 알고 있기 때문에 더 떳떳하지 못했어.	N	2022-09-21 10:37:59	2022-09-21 10:37:59
BE22019446	16	1	괜찮아. 형은 네가 금방 좋아질 거라고 믿어!	N	2022-09-21 10:37:59	2022-09-21 10:37:59
BE22019446	17	0	고마워. 나도 힘 내볼게!	Y	2022-09-21 10:37:59	2022-09-21 10:37:59
