id	utterance_id	utterance_type	utterance_text	terminate	regDate	updDate
BE22017294	1	0	형, 급하게 쓸 곳이 있어서 친구에게 돈을 빌리려고 하는데 빌려 달라는 말이 나오지 않더라. 옛날부터 알고 지내던 친구인데 이런 부탁을 하는 것이 나도 참 괴로워. 어디에 손을 빌릴 곳도 없는 이 현실이 많이 마음에 상처가 된다.	N	2022-09-07 01:02:21	2022-09-07 01:02:21
BE22017294	2	1	너도 지금 마음이 몹시 힘들겠어. 하지만 친구와 오랜 시간을 알고 지낸 사이라면 서로의 사정을 다 알고 있잖아. 친구도 충분히 널 이해하고 있을 테니까 너무 괴로워하지 말고 힘을 내었으면 좋겠어.	N	2022-09-07 01:02:21	2022-11-08 05:14:28
BE22017294	3	0	친구에게 말을 못 하겠는데 난 너무 돈이 필요하니까 이 간극이 해결이 안 돼. 친구도 나처럼 평범한 회사에 다니는데 그렇게 큰돈을 빌려줄 수 있을까 하는 마음도 들어.	N	2022-09-07 01:02:21	2022-11-08 05:14:28
BE22017294	4	1	서로 사정에 맞추어 빌려주는 것이지, 거절당할 것 같다고 미리 상상하고 두려워하고 있구나. 그럴 만도 하겠지만 우선은 네가 용기를 냈으면 좋겠어. 돈이 필요해진 것이 어쩔 수 없는 사정이 생긴 것이니까.	N	2022-09-07 01:02:21	2022-11-08 05:14:28
BE22017294	5	0	경기가 너무 안 좋아지고 손님도 많이 줄었어. 가겟세를 못 내고 몇 달째 이러고 있으니까 도저히 버틸 수가 없겠더라고. 정말 이 시기가 언제까지 지속될지 상상만 해도 마음에 상처가 깊어져.	N	2022-09-07 01:02:21	2022-11-08 05:14:28
BE22017294	6	1	네가 힘을 낸다면 내가 어떤 일이라도 할 수 있는 형이야. 네가 노력해도 상황 때문에 힘겨워진다는 것이 너무 속상할 거야. 하지만 그래도 언젠가는 이제 너의 노력의 결실이 볼 거라는 것에는 의심이 없어.	N	2022-09-07 01:02:21	2022-11-08 05:14:28
BE22017294	7	0	응 그렇게 문자 해줘서 고마워. 오늘은 가게에 월세를 내야 하는데 너무 돈이 없어서 힘들더라고. 돈을 빌려야 하는데 친구에게 말하지 못하는 나 자신 때문에 상처를 많이 받았어.	N	2022-09-07 01:02:21	2022-11-08 05:14:28
BE22017294	8	1	당연히 상처가 될 거야, 나라도 그 상황이었다면 너와 같은 심정이었을 거야. 그래도 넌 나에게 이야기할 용기라도 있지 난 말도 못 하고 속앓이했을 거야. 네가 용기를 내서 이렇게 말해 주는 게 난 정말 고마워.	N	2022-09-07 01:02:21	2022-11-08 05:14:28
BE22017294	9	0	형이어서 말할 수 있어, 형은 내 마음에 공감해주고 날 이해해주는 사람이야. 오늘도 친구에게 말하지 못하는 나의 괴로운 마음을 형이 위로와 격려해주어서 마음이 많이 진정되었어.	N	2022-09-07 01:02:21	2022-11-08 05:14:28
BE22017294	10	1	그렇게 생각해 줘서 고마워. 사실 너의 문자를 받고 너무 힘든 너의 상황에 놀라고 걱정이 되었어. 형이 되어서 너무 신경을 못 쓴 것 같아서 미안했지.	N	2022-09-07 01:02:21	2022-11-08 05:14:28
BE22017294	11	0	형의 잘못이 아닌걸. 이번 일은 형의 문자처럼 상황 때문에 힘들어진 것이라서 이제는 많이 이해했어. 형이 아니었다면 난 이런 암울한 현실을 못 견디게 괴로워만 했을 거야.	N	2022-09-07 01:02:21	2022-11-08 05:14:28
BE22017294	12	1	내가 문자로 이야기해준 것을 잘 이해하고 받아들인 네가 현명한 것이지. 너의 긍정적인 마인드로 이번 일을 극복해낸 것이라는 생각이 들어서 정말 대단하고 멋져.	N	2022-09-07 01:02:21	2022-11-08 05:14:29
BE22017294	13	0	형이 아니었다면 정말 못 했을 거야. 아직은 나의 마음에 상처가 다 온전하게 해결된 것이 아니라 해도 마음이 무척 편해졌어. 친구에게 돈을 빌려 달라는 말이 나오지 않는 내가 이해되는 심정이야.	N	2022-09-07 01:02:21	2022-11-08 05:14:29
BE22017294	14	1	정말 다행이고, 내가 너의 마음에 공감해서 말한 메시지를 읽고 이해해줘서 참 고마워. 언젠가는 너의 상처받은 마음이 풀릴 것이라 난 믿어.	N	2022-09-07 01:02:21	2022-11-08 05:14:29
BE22017294	15	0	응, 그렇게 말해줘서 정말 고마워. 오늘 돈을 빌려 달라는 말을 못 해서 나 혼자 고민하다가 형에게 연락했었어. 그런데 형이 진심으로 공감해주고 이해해주니 나의 상처 받은 마음이 해소됨을 느껴.	Y	2022-09-07 01:02:21	2022-11-08 05:14:29
