id	utterance_id	utterance_type	utterance_text	terminate	regDate	updDate
BE22016834	1	0	공감화자야, 우리 집에 들러 너희 형부 생일 음식으로 만든 잡채랑 갈비찜, 새우튀김 좀 가져가라. 너 가져갈 거 따로 담아서 김치냉장고에 보관하고 있거든.	N	2022-08-31 22:28:24	2022-08-31 22:28:24
BE22016834	2	1	언니, 이번에 형부 생신 때 바빠서 못 갔는데 나까지 음식을 챙겨 주는 거야? 손님도 많이 왔다면서? 손님 치르고도 음식이 그렇게 많이 남았어?	N	2022-08-31 22:28:24	2022-08-31 22:28:24
BE22016834	3	0	그래. 내가 손이 커서 음식을 하면 많이 남잖아. 그러잖아도 형부한테 또 잔소리 들어서 마음에 상처받았어. 내가 음식을 좀 적게 만들고 그 식품비를 저축했다면 수천만 원이 모였을 거라는 거야.	N	2022-08-31 22:28:24	2022-11-08 05:11:44
BE22016834	4	1	어머, 언니 진짜 마음 상했겠다. 남편한테 그런 말 들으면 나라도 상처받아서 펑펑 울 것 같아. 정성껏 준비해서 상에 올리고 그 많은 손님도 치렀는데, 형부 말씀이 너무 심했다.	N	2022-08-31 22:28:24	2022-11-08 05:11:44
BE22016834	5	0	그러게. 일주일 전부터 장 봐서 음식 준비하고 정성을 다해 요리한 거잖아. 허리도 아프고 팔다리도 아프고, 신경 쓸 것이 얼마나 많은데. 그런 어려움도 몰라주고 듣기 싫은 잔소리를 하니까 너무 억울하고 상처받아서 가슴이 답답하고 속상해.	N	2022-08-31 22:28:24	2022-11-08 05:11:44
BE22016834	6	1	형부가 매번 손님을 많이 불러들이는데 어떻게 음식을 적게 만들겠어. 음식을 넉넉하게 만들어야 손님들도 눈치 안 보고 마음 놓고 먹을 수 있지. 언니가 얼마나 억울한 마음인지 아니까 나도 답답해서 한숨이 나오고 무척 마음이 상하네.	N	2022-08-31 22:28:24	2022-08-31 22:28:24
BE22016834	7	0	나는 음식을 만드는 게 힘들긴 해도 사람들이 맛있게 먹어줄 것을 생각하면 아주 즐겁거든. 게다가 넉넉히 만들어 친지들, 이웃들, 친구들과 나누어 먹어야 마음이 뿌듯하고 흐뭇해져. 그런데 형부가 날 이해하지 못하고 절약하지 않는다고 핀잔을 주니 상처받은 마음이 쓰리고 아파.	N	2022-08-31 22:28:24	2022-08-31 22:28:24
BE22016834	8	1	언니, 언니는 정말 따뜻하고 정이 많아서 훌륭한 사람이야. 요즘처럼 개인주의가 만연한 시대에 언니처럼 마음이 푸근하고 넉넉한 사람이 있어서 주변 사람들이 아주 행복하잖아. 그러니 너무 형부 말에 속상해하지 말고 마음을 풀었으면 좋겠어.	N	2022-08-31 22:28:24	2022-11-08 05:11:44
BE22016834	9	0	그래, 내 동생이 내 맘을 가장 잘 알아주는구나. 네가 칭찬해주고 위로해주니까 막 기분이 좋아진다. 형부도 별 생각 없이 한 말일 것 같다는 생각이 들면서 상처받은 마음이 치유되네.	N	2022-08-31 22:28:24	2022-08-31 22:28:24
BE22016834	10	1	그래. 손이 큰 언니가 많이 만들어서 나눠준 음식을 먹을 때 내 마음이 얼마나 따스해지는데. 세파에 지친 몸과 마음이 사르르 녹아내린다니까. 아마 언니의 음식을 먹는 사람들의 맘이 다 같을 거야.	N	2022-08-31 22:28:24	2022-11-08 05:11:44
BE22016834	11	0	어머나, 네 말 들으니 너무 기쁘다. 형부한테 네가 한 말을 그대로 전해주고 싶어. 그러면 나를 좀 이해해줄 것 같아.	N	2022-08-31 22:28:24	2022-08-31 22:28:24
BE22016834	12	1	언니가 기뻐하니까 나도 기분이 좋다. 형부한테는 내가 기회 있을 때 똑같이 말씀드려볼게.	N	2022-08-31 22:28:24	2022-11-08 05:11:44
BE22016834	13	0	그래. 내 동생이 최고야. 오늘 내 얘기 들어줘서 고마워. 조만간 음식 가지러 와.	N	2022-08-31 22:28:24	2022-08-31 22:28:24
BE22016834	14	1	응. 고마워, 언니. 아마 내일 갈 수 있을 것 같아.	Y	2022-08-31 22:28:24	2022-08-31 22:28:24
