id	utterance_id	utterance_type	utterance_text	terminate	regDate	updDate
BE22017146	1	0	동생아, 형 성격이 너무 낙천적이라서 별로니? 오늘 여자 친구 말 때문에 너무 상처받았잖아.	N	2022-09-06 01:15:16	2022-11-08 05:13:34
BE22017146	2	1	여자 친구가 그렇게 말했다고? 여자 친구랑 아무 문제 없이 잘 지내고 있었잖아, 갑자기 무슨 일이라도 있었던 거야?	N	2022-09-06 01:15:16	2022-11-08 05:13:34
BE22017146	3	0	나 이번에 지방파견으로 2년 정도는 여자 친구랑 장거리 연애를 해야 하는 상황이라 서로 얘기를 나누고 있었거든. 이미 파견 발령이 난 것을 고민해도 달라지는 것 없으니까 별 대수롭지 않게 생각했지. 그랬더니 여자 친구가 자기랑 그만두고 싶은 거냐면서, 왜 고민을 진지하게 안 하냐고 하더라, 그게 아니었는데 말이야.	N	2022-09-06 01:15:16	2022-11-08 05:13:34
BE22017146	4	1	에고, 형 마음은 그게 아닌데 그걸 몰라주고 그런 말을 뱉은 여자 친구에게 너무 상처받았겠다. 야속하고 밉기도 하면서도 형의 마음이 전해지지 않은 것 같아 억울하기도 하고, 정말 마음이 복잡하겠어. 여자 친구에게 그만두고 싶냐는 말을 들으면 정말 충격적이라 하늘이 무너져내리는 기분일 것 같아.	N	2022-09-06 01:15:16	2022-11-08 05:13:34
BE22017146	5	0	그러면서 너는 항상 그런 식이라서 답답하고 조급한 건 자기뿐이라면서 지친다고 얘기하더라. 고민을 오래 하지 못하고 낙천적으로 좋게만 생각하니까 곁에서 지켜보는 자기만 너무 힘들대. 그 말이 내게 너무 상처가 됐어, 동시에 여자 친구가 나 때문에 힘들었다는 게 너무 충격적이더라.	N	2022-09-06 01:15:16	2022-11-08 05:13:34
BE22017146	6	1	형은 서로 잘 맞는다고 생각했는데 사실 여자 친구가 희생해서라는 걸 알면 정말 상처받을 것 같아. 그 말이 생각나면서 마음을 할퀴는 것 같고 형이 문제인 건가 싶을 것 같기도 해. 형은 괜찮아? 나라면 동상이몽인 상황이 충격적이라서 정말 어찌할 바를 몰랐을 것 같아.	N	2022-09-06 01:15:16	2022-11-08 05:13:34
BE22017146	7	0	진짜 누가 내 가슴에다 돌이라도 떨어뜨린 것처럼 철렁 내려앉더라고. 장거리 연애로 우리의 관계가 변하지 않을 테니까 내겐 고민할 필요도 없는데 여자 친구에게는 큰일이라는 것도 충격적이었고. 지친다는 여자 친구 말이 계속 생각나면서 곱씹게 되니까 상처로 남아서 종일 멍해.	N	2022-09-06 01:15:16	2022-11-08 05:13:34
BE22017146	8	1	오늘의 일 때문에 너 자신에게 문제가 있는 것처럼 생각하고 탓하지는 않았으면 좋겠어. 형을 보면서 저렇게 원만하고 둥근 성격을 가진 게 대단하고, 나도 형처럼 되고 싶다고 생각했는걸. 맞고 틀리고를 떠나서 여자 친구분과 형이 다른 것이니까 그 말에 너무 상처받지도 않았으면 좋겠어.	N	2022-09-06 01:15:16	2022-11-08 05:13:34
BE22017146	9	0	내가 고민을 오래 못하고 웬만하면 좋게 넘어가니까 그게 스트레스를 덜 받는 좋은 성격이라고 생각했거든. 그런데 이렇게 누군가를 힘들게 할 줄은 생각도 못 해서 너무 충격적이고, 내 성격이 문제인가 싶어.	N	2022-09-06 01:15:16	2022-11-08 05:13:34
BE22017146	10	1	형은 고민해서 달라지지 않는다는 걸 알기에 굳이 고민하며 마음을 괴롭게 만들지 않는 거잖아. 그 시간에 조금이라도 더 즐거운 것을 하면서 행복한 게 훨씬 낫다고 생각하니까 말이야. 나는 그런 마음가짐이 정말 대단하고, 누구나 쉽게 하기 어려운 거라고 생각해.	N	2022-09-06 01:15:16	2022-11-08 05:13:34
BE22017146	11	0	그럴까? 네 말처럼 나도 내 성격을 참 좋아하거든. 고민하면 마음만 괴롭고 힘들잖아, 그거보다는 조금이라도 즐겁고 재밌는 게 나으니까.	N	2022-09-06 01:15:16	2022-11-08 05:13:35
BE22017146	12	1	지금과는 달라지는 상황이 여자 친구는 걱정스러운데 형은 그렇지 않으니까 본의 아니게 형에게 상처를 준 걸 거야. 그러니까 여자 친구분과 진솔하게 터놓고 이야기하면서 서로 마음을 달래면 형의 불편한 마음도 사라질 거야. 이 일이 상처로 남아 형을 괴롭게 하는 일도 없을 거고.	N	2022-09-06 01:15:16	2022-11-08 05:13:35
BE22017146	13	0	네 말을 듣고 생각해보니 여자 친구에게 내가 좀더 확실하게 말해줬어야 하는 생각도 드네. 여자 친구 말에 충격받아서 그냥 멍하니 있기만 했는데 네 덕분에 내가 뭘 해야 할지 깨달았어. 고마워, 내 동생.	N	2022-09-06 01:15:16	2022-11-08 05:13:35
BE22017146	14	1	여자 친구와의 시간을 통해 서로에게 좋은 방향으로 이야기 잘 나누길 바랄게. 형의 진심을 꼭 전달해주면 좋겠어.	Y	2022-09-06 01:15:16	2022-11-08 05:13:35
