id	utterance_id	utterance_type	utterance_text	terminate	regDate	updDate
BE22012690	1	0	언니 나 너무 괴롭고 속상해. 내가 후배에게 이런 무시를 당하면서 회사에 다녀야 하는 거야.	N	2022-08-01 07:25:15	2022-11-08 04:45:48
BE22012690	2	1	대체 무슨 일이길래 다짜고짜 회사에 다니느니 마느니 언니를 놀라게 하니? 진정하고 차근차근 말해 봐.	N	2022-08-01 07:25:15	2022-11-08 04:45:48
BE22012690	3	0	입사 2년 후배랑 얼마 전에 중요한 프로젝트를 함께 맡은 게 있어. 자기는 아는 게 없다고 선배만 믿는다며 뒤로 쏙 빠지더라고. 그래 내가 주도적으로 프로젝트를 진행하고 후배는 거들기만 했지.	N	2022-08-01 07:25:15	2022-11-08 04:45:48
BE22012690	4	1	네가 밤낮도 없이 그 프로젝트에 매달려 있는 걸 내가 봤지. 역시 내 동생 책임감 하나는 대단하다며 이 언니가 얼마나 흐뭇해했다는. 근데 그게 무슨 문제가 있었어?	N	2022-08-01 07:25:15	2022-11-08 04:45:49
BE22012690	5	0	도와주는 척하면서 내가 해 놓은 모든 자료를 본인이 한 것처럼 발표해 버렸어. 얼마나 내가 노력했고 또 후배를 믿었는데 상처가 이만저만이 아니야.	N	2022-08-01 07:25:15	2022-11-08 04:45:49
BE22012690	6	1	누구보다 열심히 준비하는 걸 내가 봤는데 그걸 빼앗겼으니 얼마나 큰 상처를 받았을까 내 동생. 믿었던 만큼 그 배신감과 상처가 이루 말할 수 없을 것 같아.	N	2022-08-01 07:25:15	2022-11-08 04:45:49
BE22012690	7	0	배신감에 정신을 못 차리겠는데 더 웃긴 건 그 후로 후배가 회사에서 자꾸 나를 무시해. 동료들이 다 보는 앞에서 나를 없는 취급 하고. 아무 잘못도 없이 상처받고 배신당하고 눈물이 나 언니.	N	2022-08-01 07:25:15	2022-11-08 04:45:49
BE22012690	8	1	어머 내 동생 눈물 날만큼 힘든가 보구나. 처음부터 너에게 자기가 프로젝트 성공시켜 보겠다고 솔직하게 말했다면 내 동생이 이렇게 상처받지 않았을 텐데. 그 후배랑은 얘기해 본 거야?	N	2022-08-01 07:25:15	2022-11-08 04:45:49
BE22012690	9	0	아니 당최 나를 무시하고 아는 척도 하지 않으니 얘기를 해 볼 기회도 없는 거야. 내가 어떻게 해야 할지 모르겠어. 회사 동료들은 또 나를 어떻게 생각할지 두렵고 마음이 아파.	N	2022-08-01 07:25:15	2022-11-08 04:45:49
BE22012690	10	1	후배도 자기 잘 못을 알고는 있는가 보다. 들킬까 봐 두려워 너를 피하는 것 같거든. 너는 후배가 모든 진실을 회사에 밝히고 오해가 풀리 길 바라는 거지?	N	2022-08-01 07:25:15	2022-11-08 04:45:49
BE22012690	11	0	응 입사하고부터 나를 잘 따르고 누구보다 열심히 업무를 배우려고 노력한 친구야. 그런 그 후배가 내 뒤통수를 치고 나를 곤경에 빠뜨렸어. 잠시 성공에 눈이 먼 거라고 생각하고 싶어 사과한다면 용서할지도 모르겠어.	N	2022-08-01 07:25:15	2022-11-08 04:45:49
BE22012690	12	1	진짜? 모든 걸 제자리에 돌려놓고 응징할 만한데 내 동생 정말 대단하다. 어쩜 용서를 해줄 수 있는지 대인배가 따로 없구나. 내 동생 마음이 천사도 울고 가겠어.	N	2022-08-01 07:25:15	2022-11-08 04:45:49
BE22012690	13	0	내가 착해서가 아니야. 동안 같이 해온 시간이 너무나 아깝고 그 후배의 진심이 아닐 거라고 믿고 싶은 거야. 배신당한 그 상처는 말로 표현할 수가 없어.	N	2022-08-01 07:25:15	2022-11-08 04:45:49
BE22012690	14	1	네 맘이 어찌 편하겠어. 후배도 분명 네게 미안해서 사과하고 싶을 거야. 타이밍을 놓쳐 그럴 수 있으니 진심을 담아 문자를 남겨 보는 건 어때?	N	2022-08-01 07:25:15	2022-11-08 04:45:49
BE22012690	15	0	진짜로 그럴까? 대면하려고만 했지, 문자는 생각 못했네. 주말에 커피 한잔할 수 있는지 남겨봐야겠어. 답변이 올지 모르겠지만.	N	2022-08-01 07:25:15	2022-11-08 04:45:49
BE22012690	16	1	분명 연락이 올 거야. 네가 후배를 믿어 준 만큼 그도 너를 믿고 있을 거야. 오해는 풀리기 마련이니 너무 걱정하지 말고 기다려 보자.	N	2022-08-01 07:25:15	2022-11-08 04:45:49
BE22012690	17	0	응 이렇게 나에게 상처 주고 다리 뻗고 잘 수 있는 친구가 못 돼. 후배를 믿고 기다려 볼게. 언니가 이렇게 위로해 주니 화난 마음이 조금 누그러졌어. 고마워.	Y	2022-08-01 07:25:15	2022-11-08 04:45:49
