id	utterance_id	utterance_type	utterance_text	terminate	regDate	updDate
BE22023423	1	0	형, 나는 자전거를 못 타잖아, 그런데 노인 용 전기 자전거는 세 발로 나왔더라고. 회사 거리가 차 타기는 애매하고 걷기에는 멀어서 애매했는데 딱 이라는 생각을 했어. 그래서 친구에게 말했더니 내 나이에 무슨 노인 용 자전거냐면서 핀잔을 주더라고 마음에 상처를 입었어.	N	2022-10-02 12:11:43	2022-10-02 12:11:43
BE22023423	2	1	친구가 그렇게 말을 하다니 너 정말 상처 받았겠다. 어른이 자전거를 못 탈 수도 있는 거지 그건 잘못된 것이 아니야. 친구가 그렇게 말해서 네 기분을 망친 게 안타까워 넌 그런 취급을 받을 이유가 없거든.	N	2022-10-02 12:11:43	2022-11-08 05:54:19
BE22023423	3	0	자전거를 타고 출근을 하고 싶은데 못 타니까 어떻게 출근을 할까 매일 고민을 했어. 그런데 우리 동네에 노인 분이 전기 자전거를 타시더라고. 내 출퇴근용으로 제격이라는 생각에 너무 즐거워서 말한 건데 완전 무시를 받아서 상처가 됐지.	N	2022-10-02 12:11:43	2022-11-08 05:54:19
BE22023423	4	1	얼마나 좋은 생각이야, 가까운 거기를 전기 자전거로 다니면 시간도 절약하고 자전거보다 안전할 거야. 그리고 네가 스스로 해결 방법을 찾았다는 것에 칭찬을 받아야 마땅한 일이야.	N	2022-10-02 12:11:43	2022-10-02 12:11:43
BE22023423	5	0	나도 정말 좋은 생각을 했다는 생각이 들어서 자랑할 겸 말하는 거였어. 그런데 친구의 반응에 내 자존감도 바닥을 치고 내 상처는 더 깊어졌지.	N	2022-10-02 12:11:43	2022-11-08 05:54:19
BE22023423	6	1	네가 잘못하고 실수한 게 아닌데 왜 자책을 해. 네가 절대 자존감이 떨어트릴 일이 아니야. 되려 난 너에게 정말 좋은 생각이라고 칭찬을 하고 있고 넌 받을 자격이 있어.	N	2022-10-02 12:11:43	2022-11-08 05:54:19
BE22023423	7	0	친구가 그렇게 반응하고 나니까 노인 용 자전거를 타는 게 창피한 것인가 하는 생각이 들더라고. 남의 시선도 많이 신경 쓰는 나라서 노인 용 자전거는 못 살 것 같아. 참 이러는 내가 바보 같아서 마음에 상처가 돼.	N	2022-10-02 12:11:43	2022-10-02 12:11:43
BE22023423	8	1	말이라는 것이 사람을 구하는 중요한 것인데 친구가 너에게 용기를 뺏어간 것 같아서 너무 슬퍼져. 네가 부디 네 잘못이 아니란 것을 깨닫고 힘을 냈으면 좋겠어.	N	2022-10-02 12:11:43	2022-11-08 05:54:19
BE22023423	9	0	형이 나에게 위로를 해주어서 힘이 많이 돼. 내가 충격을 받은 마음이지만 공감하고 이해해줘서 상처가 많이 회복되었어. 정말 형에게 연락을 안 했더라면 난 지금 어떻게 할지 상상도 안돼.	N	2022-10-02 12:11:43	2022-11-08 05:54:19
BE22023423	10	1	너는 원래 현명한 내 동생이라서 이 문제를 잘 해결했을 거라 믿어 의심치 않아. 그저 형의 문자를 받고 그 회복을 앞당긴 것 뿐이야.	N	2022-10-02 12:11:43	2022-11-08 05:54:19
BE22023423	11	0	역시 형은 언제나 나를 믿어주고 크게 생각해줘서 내가 몸 둘 바를 모르겠어. 그런데 어쩔 수 없이 기분이 좋아지기는 해.	N	2022-10-02 12:11:43	2022-10-02 12:11:43
BE22023423	12	1	당연히 네가 기운만 차린다면 못 할게 없어. 그리고 네가 출퇴근의 힘듦을 대다수의 직장이라면 깊이 공감하는 심정이야.	N	2022-10-02 12:11:43	2022-11-08 05:54:19
BE22023423	13	0	난 나만 이런 고민 중인가 했어. 어른이 다돼서 자전거도 못 타는 게 부끄러워서 숨기게 되었는데. 친구가 공개적으로 말하면서 망신을 당했다는 생각에 마음에 상처가 컸나 봐, 형이 있어서 다행이었지만.	N	2022-10-02 12:11:43	2022-10-02 12:11:43
BE22023423	14	1	그렇게 생각해 줘서 너무 고마워, 네가 너무 바쁘고 자전거 배울 시간도 없잖아. 출퇴근을 하기 위해 노인 자전거라는 대용 책을 찾은 것만 해도 대단한 거야.	N	2022-10-02 12:11:43	2022-11-08 05:54:19
BE22023423	15	0	정말 형이라는 존재가 나에게 얼마나 큰지 다시 한번 깨닫게 되는 하루였어. 나의 상처 받은 마음을 이해하고 공감해 주는 게 형이라서 너무 고마워.	Y	2022-10-02 12:11:43	2022-11-08 05:54:19
