id	utterance_id	utterance_type	utterance_text	terminate	regDate	updDate
BE22015295	1	0	오늘 나 쇼핑몰 가서 친구들이랑 제주도 여행 가서 입을 옷 골랐어. 단체 여행이니까 색상을 맞추고 각자 고르기로 했거든 근데 나한테만 다른 색을 알려준 거 있지. 나를 따돌린 적이 있던 친구들이 다시 이렇게 따돌리다니 마음이 너무 아파.	N	2022-08-23 05:51:17	2022-08-23 05:51:17
BE22015295	2	1	뭐? 네가 그걸 알고 나서 무슨 심정이었을지 생각하니 언니도 너무 속상하다. 다시는 너를 따돌리지 않겠다고 약속한 친구들이잖아. 네가 그 약속만 믿고 다시 사과를 받아준 건데 또 이러니 네가 얼마나 마음이 아프겠어.	N	2022-08-23 05:51:17	2022-11-08 05:02:12
BE22015295	3	0	친구들과 다 같이 있는 대화방에서 고른 옷을 보여주는데 나만 다른 색인 걸 보고 알았어. 단체로 여행 가는데 나 혼자만 색이 다른 게 말이 되냐고. 정말 내 마음이 후벼파지는 것같이 서러워서 눈물이 다 나더라니까.	N	2022-08-23 05:51:17	2022-11-08 05:02:12
BE22015295	4	1	지금 상처받은 네 마음 충분히 이해해. 네가 얼마나 소외감을 느꼈을지 언니도 마음이 너무 힘들다. 친구들이 사과는 했어?	N	2022-08-23 05:51:17	2022-11-08 05:02:12
BE22015295	5	0	난 내가 대체 왜 이런 일을 당해야 하는 건지 모르겠어. 다들 실수라고 너무 미안하다곤 하는데 실수라고 하는 게 믿어지지가 않아.	N	2022-08-23 05:51:17	2022-08-23 05:51:17
BE22015295	6	1	언니가 그 친구들을 만나서 혼내주기라도 할 수 있으면 정말 그렇게 하고 싶다. 내 동생 슬프게 한 사람 누구냐고 말이야. 언니가 해줄 수 있는 게 들어주는 일밖에 없어서 미안한 마음이 크다, 정말.	N	2022-08-23 05:51:17	2022-11-08 05:02:12
BE22015295	7	0	내가 대체 무슨 잘못을 했길래 친구들이 그러는 걸까. 내 성격이 문제인지 내 행동이 문제인지 나는 정말 모르겠어.	N	2022-08-23 05:51:17	2022-08-23 05:51:17
BE22015295	8	1	언니는 네가 제발 네 탓을 하지 않았으면 좋겠어. 네가 잘못한 게 없는데, 자책할 이유 하나도 없어. 네 친구들이 잘못한 일이지, 너는 지금 그대로도 아름다운 사람이야 너 자신을 바꿀 이유 없어.	N	2022-08-23 05:51:17	2022-11-08 05:02:12
BE22015295	9	0	정말 그런 걸까. 나에게 자꾸 이런 일이 반복되니까 너무 서러워. 트라우마가 생길 것만 같아.	N	2022-08-23 05:51:17	2022-08-23 05:51:17
BE22015295	10	1	이런 일을 겪는다면 누구나 너처럼 느낄 거야. 언니는 네 말만 들어도 너무 화가 나고 상처가 되는데 당사자인 너는 어떻겠니. 힘들겠지만 너무 마음에 담아두지는 않았으면 좋겠어. 친구들도 정말 악의적인 마음으로 그런 건 아닐 거야.	N	2022-08-23 05:51:17	2022-11-08 05:02:12
BE22015295	11	0	나도 그렇게 생각하고 싶지만 자꾸 안 좋은 생각이 들어. 내 마음의 상처가 자꾸 벌어지는 것 같아. 마음이 너무 아파.	N	2022-08-23 05:51:17	2022-08-23 05:51:17
BE22015295	12	1	친구들이 말한 대로 실수였을 거라고 믿어보는 건 어때? 물론 힘들겠지만 네가 잘 지내보려고 마음먹은 친구들이잖아. 어차피 갈 여행 이렇게 생각한다면 네 기분이 조금은 나아지지 않을까?	N	2022-08-23 05:51:17	2022-11-08 05:02:12
BE22015295	13	0	그렇게 생각해 보니까 또 그렇네. 사실 그 친구들도 그게 사실인데 내가 믿어주지 않아서 서운해했을 수도 있을 것 같아. 친구들이 나한테 계속 사과 문자와 전화를 하고 있긴 하거든.	N	2022-08-23 05:51:17	2022-11-08 05:02:12
BE22015295	14	1	모든 일은 생각하기 나름이잖아. 이 일을 없던 일처럼 생각하는 건 힘들겠지만 실수를 이해해 주는 법을 배웠다고 생각하자. 더 이상 마음 쓰지 말고 기분 풀어 여행 앞두고 마음이 안 좋으면 너만 힘들지.	N	2022-08-23 05:51:17	2022-11-08 05:02:12
BE22015295	15	0	그래 내가 기분 나쁜 채로 시간을 보낼수록 내 손해지. 이제 훌훌 털어버려야겠어. 위로해 줘서 고마워 언니 덕분에 마음이 조금 편해진 것 같아.	N	2022-08-23 05:51:17	2022-11-08 05:02:12
BE22015295	16	1	네가 힘들었을 것 같아 언니가 무슨 말을 하기도 참 미안하고 조심스러웠는데 이해해 줘서 고마워. 여행 잘 다녀오고 언니한테 어땠는지 알려주기다!	N	2022-08-23 05:51:17	2022-11-08 05:02:12
BE22015295	17	0	고마워 정말. 언니가 항상 내 곁에 있어서 참 다행이야.	Y	2022-08-23 05:51:17	2022-08-23 05:51:17
