id	utterance_id	utterance_type	utterance_text	terminate	regDate	updDate
BE22023351	1	0	형, 나 만나던 전 애인이 나랑 헤어진 지 얼마나 됐다고 벌써 새 연인이 생겼대. 난 아직도 이렇게 괴로운데, 어떻게 벌써 나를 잊고 새 연인을 만나는지, 너무 상처받는다.	N	2022-10-02 07:31:37	2022-10-02 07:31:37
BE22023351	2	1	정말 너랑 그분이랑 헤어진 지 얼마 안 됐잖아. 그런데 그런 소식을 들으니 네 기분이 씁쓸하고 괴로울 것 같네. 그래도 이미 끝난 인연에 너무 상처받지 말고 힘내.	N	2022-10-02 07:31:37	2022-11-08 05:53:53
BE22023351	3	0	사실 난 전 애인하고 재회하고 싶은 마음이 있었거든. 그런데 그럴 기회도 영영 사라진 것 같아서 더 괴롭고 상처받아.	N	2022-10-02 07:31:37	2022-10-02 07:31:37
BE22023351	4	1	헤어지고 나서도 너는 좋아하는 마음이 남아 있었나 보다. 그런 마음을 표현이라도 해봤으면 속이 시원할 텐데, 그러기도 전에 새 연인이 생겨버려서 속상하게 느껴지겠다.	N	2022-10-02 07:31:37	2022-11-08 05:53:53
BE22023351	5	0	전 애인은 이렇게 금방 다른 연인을 만나는 거 보니 나랑 헤어진 게 홀가분했나 봐. 전 애인은 나만큼 힘들어하지 않는데 나만 이렇게 힘든 게 왜 이리 상처가 되나 모르겠어.	N	2022-10-02 07:31:37	2022-10-02 07:31:37
BE22023351	6	1	이별은 누구에게나 가슴 아픈 일이잖아. 그분도 너랑 헤어지고 아주 슬프고 괴로웠을 거야. 다만 슬픔을 극복하는 시간이 너보다 빠른 사람일 뿐인 거니까 너무 상처받지 않았으면 좋겠어.	N	2022-10-02 07:31:37	2022-11-08 05:53:53
BE22023351	7	0	이미 끝난 사이인데 이렇게 혼자 미련 남고 괴로워하는 내 모습도 너무 싫다. 남들은 헤어지고 나서 상대의 행복을 빌어준다는데, 내가 정말 지질한 사람이라고 느껴져.	N	2022-10-02 07:31:37	2022-10-02 07:31:37
BE22023351	8	1	네가 전 애인을 많이 사랑했었기 때문에 그런 거니 그렇게 자신을 몰아갈 필요 없어. 사랑했던 사람과 헤어진 지 얼마 안 된 상태라 네가 괴롭고 상처받는 건 당연해. 시간이 흐르고 나면 너도 그 사람 잊고 새로운 사랑 시작할 마음의 여유가 생길 거야.	N	2022-10-02 07:31:37	2022-11-08 05:53:53
BE22023351	9	0	사실 이젠 남남이고 그 사람이 뭘 하든 상관없는 건데 내가 너무 의식을 했나 봐. 끝난 인연에 너무 매달려서 상처받고 있었던 것 같아. 나도 이젠 마음을 잘 정리하고 새로운 인연을 기다려야겠어.	N	2022-10-02 07:31:37	2022-11-08 05:53:54
BE22023351	10	1	그래, 잘 생각했어. 과거에 머물러 있으면서 상처받는 것보단 행복한 미래를 기대하는 게 더 설레고 기분 좋은 일이잖아.	N	2022-10-02 07:31:37	2022-11-08 05:53:54
BE22023351	11	0	서로 안 맞는 부분이 있어서 헤어진 사람인데, 내가 옛 추억들 때문에 미련이 생겼었나 봐. 형 덕분에 이젠 더 이상 과거에 얽매이지 않아야겠다는 생각이 드네.	N	2022-10-02 07:31:37	2022-10-02 07:31:37
BE22023351	12	1	편한 마음으로 네 일상을 보내다 보면 좋은 인연이 다가올 거야. 넌 잘생기고 무엇보다 성격이 좋아서 전 애인보다 훨씬 좋은 사람 만날 수 있을 거야.	N	2022-10-02 07:31:37	2022-11-08 05:53:54
BE22023351	13	0	그렇게 말해줘서 고마워. 사실 전 애인이 바로 새 연인을 사귀니까 내가 그렇게 매력이 없었나 하는 생각도 들었거든.	N	2022-10-02 07:31:37	2022-10-02 07:31:37
BE22023351	14	1	네가 매력이 없는 사람이었으면 애초에 사귀지도 않았겠지. 넌 충분히 매력 있는 사람이야. 그러니 그런 생각 하지 마.	N	2022-10-02 07:31:37	2022-11-08 05:53:54
BE22023351	15	0	응, 이젠 전 애인에 대한 마음은 잘 정리하고 더는 상처받지 않을게. 이런 생각 할 수 있는 마음의 여유가 생기게 좋은 말들 해 줘서 고마워.	Y	2022-10-02 07:31:37	2022-11-08 05:53:54
