id	utterance_id	utterance_type	utterance_text	terminate	regDate	updDate
BE22022918	1	0	언니 나 오늘 엄청 상처 받는 일이 있었는데 자꾸 머리에서 맴돌아. 자꾸 생각나서 잠을 도저히 못 자겠어.	N	2022-09-30 05:09:23	2022-09-30 05:09:23
BE22022918	2	1	대학 들어간 지 얼마 안 돼서 무슨 일 있을까 봐 안 그래도 걱정이었어. 무슨 일 있었어?	N	2022-09-30 05:09:23	2022-11-08 05:51:20
BE22022918	3	0	언니도 알다시피 내가 여중, 여고를 나와서 캠퍼스 커플에 흥미가 엄청 많잖아. 근데 오늘 동기 중 한 명이 나한테 왜 그렇게 남자를 밝히냐고 했어. 그 말에 너무 상처를 받아서 그 뒤로 내가 그 자리에서 어떻게 나왔는지도 모르겠어.	N	2022-09-30 05:09:23	2022-09-30 05:09:23
BE22022918	4	1	그런 말을 들었다니, 정말 너를 상처 주기 위한 언행 같은데 나라도 엄청 상처였을 거야. 네가 얼마나 속상할 지 언니가 짐작이 돼서 너무 속상해. 그래서 너는 그 말을 그대로 듣고 있었어?	N	2022-09-30 05:09:23	2022-09-30 05:09:23
BE22022918	5	0	아까는 내가 잘못 들은 것처럼 당황해서 멍하니 듣고 있었어. 나중에 그 동기 가고 옆에 있던 친구가 사정을 말해줬어. 내가 잘못한 것도 아니고 그런 말 들을 이유가 없어서 더 괴롭고 상처야.	N	2022-09-30 05:09:23	2022-09-30 05:09:23
BE22022918	6	1	본인이 무슨 사정이 있었더라도 남에게 상처 줄 권리는 없는 게 맞지. 네가 얼마나 놀랐으면 반박도 못하고 멍하니 있었을지 내가 너무 속상해. 어떤 사정인지 설명해 줄 수 있어?	N	2022-09-30 05:09:23	2022-11-08 05:51:20
BE22022918	7	0	우리 과 선배 중에 나랑 잘 돼가는 선배가 있는데 그 사람을 그 동기가 좋아한대. 알고 보니 고백을 했는데 그 선배가 나를 이유로 찼다고 했어. 고작 그런 이유로 나한테 어떻게 그런 상처 되는 말을 할 수 있을까?	N	2022-09-30 05:09:23	2022-09-30 05:09:23
BE22022918	8	1	네가 의도하지도 않은 일인데 그 동기는 너에게 화풀이를 한 거구나. 네가 상처 받기를 원해서 한 말이니까 힘들더라도 아무렇지 않다고 생각해야 네 마음이 편할 거야. 괴롭겠지만 부정적인 생각에 매몰되지 않아야 네 마음도 좀 나아질 거라는 생각이 들어.	N	2022-09-30 05:09:23	2022-09-30 05:09:23
BE22022918	9	0	근데 내가 너무 학기 초부터 여중, 여고 나와서 연애를 못 해봤다고 했던 게 걸려. 나를 알게 된 지 얼마 안된 사람들이라 잘 모르고 안 좋게 생각할 수 있잖아. 정말 그러면 어떡하지 싶고 상상만 했는데도 진심으로 상처 받아서 힘들어.	N	2022-09-30 05:09:23	2022-09-30 05:09:23
BE22022918	10	1	네가 이번에 얼마나 상처를 받았으면 그런 상상까지 했을지 언니가 마음이 너무 아파. 이렇게 상처가 되는 일로 굳이 상상까지 하면서 너 자신을 스스로 괴롭히지 않았으면 좋겠어. 너를 보호할 수 있는 가장 확실한 사람은 바로 너니까 스스로를 너무 힘들게 두지 마.	N	2022-09-30 05:09:23	2022-11-08 05:51:21
BE22022918	11	0	그렇게 말해 줘서 너무 고마워, 언니. 언니가 하는 말을 생각해보니 상처를 받았다는 것에 너무 동요해서 스스로를 더 상처 내고 있었어. 내가 너무 못난 사람 같고 진짜 그 동기 말이 맞나 그러고 있었거든.	N	2022-09-30 05:09:23	2022-11-08 05:51:21
BE22022918	12	1	누구라도 그런 말을 듣는다면 상처 받고 마음이 힘들 거야. 하지만 스스로 그걸 이겨내는 게 중요하다고 생각 해. 그리고 연애에 흥미가 있는 게 어때서 그래, 스무 살 넘었으면 좀 그럴 수 있잖아.	N	2022-09-30 05:09:23	2022-11-08 05:51:21
BE22022918	13	0	맞아, 내가 해 보고 싶은 거 해보려고 나도 힘내고 있는 건데. 아무래도 그 동기와 한 번 이야기 해 봐야 할 것 같아. 그 동기가 하는 말에 내가 느낀 감정과 앞으로 내가 보일 모습에 대해 말해줄래.	N	2022-09-30 05:09:23	2022-11-08 05:51:21
BE22022918	14	1	멋지네, 내 동생. 그게 네 마음이 더 편안해질 수 있는 방법이라면 언니가 응원할게. 내일 수업도 있을 텐데 얼른 자.	Y	2022-09-30 05:09:23	2022-09-30 05:09:23
