id	utterance_id	utterance_type	utterance_text	terminate	regDate	updDate
BE22021695	1	0	왜 매번 내 연애는 이런 식일까? 난 늘 최선을 다하는데 항상 끝은 상처만 받는 것 같아.	N	2022-09-26 12:01:08	2022-09-26 12:01:08
BE22021695	2	1	무슨 일인지는 모르겠지만 네가 많이 슬퍼 보여서 마음이 아파. 형한테 이야기해 줄 수 있어?	N	2022-09-26 12:01:08	2022-11-08 05:44:06
BE22021695	3	0	내가 좋아하는 사람이 있었어. 걔도 분명 날 좋아한다고 생각했고, 그런데 사실 내 친구를 좋아하는 거래. 날 통해서 그 친구와 가까워지려고 했던 거지.	N	2022-09-26 12:01:08	2022-09-26 12:01:08
BE22021695	4	1	나도 예전에 그런 일이 있어서 몹시 힘들었던 기억이 나. 너도 정말 많이 힘들었겠다. 그래도 너무 그 일로 상처받지 않았으면 좋겠어.	N	2022-09-26 12:01:08	2022-11-08 05:44:06
BE22021695	5	0	정말 많이 좋아했었어. 그런데 내 마음, 내 고백은 완전히 부정당했고, 마치 내가 걸림돌인 것처럼 말하더라. 나는 오로지 좋아하는 사람과 친하게 지낼 하나의 수단에 불과했던 것 같아.	N	2022-09-26 12:01:08	2022-09-26 12:01:08
BE22021695	6	1	네가 그렇게 생각하는 것도 무리는 아니지. 너 나름대로 마음을 다해서 준비했던 고백일 텐데. 형도 그 입장이었다면 엄청나게 힘들었을 것 같아.	N	2022-09-26 12:01:08	2022-09-26 12:01:08
BE22021695	7	0	응. 솔직히 지금 좀 버겁네. 내가 싫을 수는 있지만 이런 삼각관계에 끼어 있는 건 끔찍해. 더구나 앞으로 내 친구도 그 사람도 볼 자신이 없어.	N	2022-09-26 12:01:08	2022-09-26 12:01:08
BE22021695	8	1	당연히 그렇겠지. 네 심정이 충분히 이해가 가. 더구나 하필이면 친한 친구가 그중에 하나라면 누구나 그럴 거야.	N	2022-09-26 12:01:08	2022-11-08 05:44:06
BE22021695	9	0	매번 둘이 아니라 셋이 함께 어울렸던 것부터 이상했는데. 지금 와서 생각해도 부질없겠지만 차라리 솔직하게 말했으면 좋았잖아. 그렇다면 내 기분이 이렇게 비참하진 않았을 거야.	N	2022-09-26 12:01:08	2022-09-26 12:01:08
BE22021695	10	1	그럴지도 몰라. 사실 연애를 하다 보면 내가 좋아하는 사람이 나를 좋아하는 경우가 많지 않거든. 그럼에도 감정에 솔직한 건 후회할 일이 아니라고 생각해. 적어도 너 스스로에게는 떳떳한 마음이니까 말이야.	N	2022-09-26 12:01:08	2022-11-08 05:44:06
BE22021695	11	0	그건 맞아. 내 진심을 최선을 다해서 전했어. 그리고 고백을 후회하고 싶진 않아. 어쨌든 난 내 마음에 솔직한 사람이니까.	N	2022-09-26 12:01:08	2022-11-08 05:44:06
BE22021695	12	1	그래, 고백의 결과보다는 네가 그 사람을 좋아할 때 얼마나 멋진 사람이었는지 생각해 봐. 누군가를 좋아하는 마음은 사람을 변화시키기 마련이거든.	N	2022-09-26 12:01:08	2022-11-08 05:44:06
BE22021695	13	0	응. 비록 결과는 좋지 않았지만 내 마음은 진심이었어. 그리고 내가 걔를 좋아할 때 내 변화된 모습이 좋았고.	N	2022-09-26 12:01:08	2022-09-26 12:01:08
BE22021695	14	1	그래, 그렇다면 언젠가는 네 진심에 화답을 해 줄 더 멋진 사람이 나타날 거야. 넌 충분히 그럴 가치가 있는 멋진 녀석이거든.	N	2022-09-26 12:01:08	2022-09-26 12:01:08
BE22021695	15	0	형이 그렇게 말을 해 줘서 자신감이 생기는 것 같아. 이번에는 상처를 받긴 했지만, 너무 마음에 담지 않으려고 노력할 게.	N	2022-09-26 12:01:08	2022-11-08 05:44:06
BE22021695	16	1	응. 형은 네가 잘 할 거라고 믿어. 그리고 나중에는 분명 더 좋은 사람을 만날 거야.	Y	2022-09-26 12:01:08	2022-09-26 12:01:08
