id	utterance_id	utterance_type	utterance_text	terminate	regDate	updDate
BE22020034	1	0	형, 나 이제 사람들이 너무 무서워졌어. 나를 힐끔거리고 쳐다보는 시선 때문에 너무 상처를 받아.	N	2022-09-22 14:35:27	2022-11-08 05:27:55
BE22020034	2	1	동생아, 갑자기 왜 그래? 너한테 무슨 일이라도 생겼어?	N	2022-09-22 14:35:27	2022-09-22 14:35:27
BE22020034	3	0	내가 남자라서 머리카락이 짧잖아. 두피 여드름이 심해져서 짓물이 나오는데 머리카락에 달라붙어서 눈에 띄더라구. 내가 지하철에 앉아 있는데 내 앞에 서 있던 사람들이 내 머리를 쳐다보더니 자리를 피하더라.	N	2022-09-22 14:35:27	2022-09-22 14:35:27
BE22020034	4	1	내 동생한테 그런 속상한 일이 있었구나. 무례한 사람들 때문에 네가 상처를 많이 받았을 것 같아.	N	2022-09-22 14:35:27	2022-11-08 05:27:55
BE22020034	5	0	나는 내가 사람들의 시선을 많이 의식하기 때문에 남들을 되도록 안 쳐다보려고 하거든. 그런데 간혹 시선을 숨기지 않는 분들이 있잖아. 그런 분들과 마주칠 때마다 내가 무슨 잘못을 저지른 것 같아서 마음이 무척 괴로워.	N	2022-09-22 14:35:27	2022-09-22 14:35:27
BE22020034	6	1	날씨가 갑자기 더워져서 여드름이 재발한 탓에 특히 신경이 많이 쓰일 수밖에 없겠다. 타인의 시선을 무시하려 하면 할수록 의식하게 되잖아. 나도 너같은 상황이었더라면 마음이 많이 아팠을 것 같아.	N	2022-09-22 14:35:27	2022-11-08 05:27:55
BE22020034	7	0	약을 잘 챙겨먹고 있지만 두피 여드름이 나아질 기미 가 안 보여서 안 그래도 괴로워하고 있었거든. 외출을 안 할 수는 없지 두피를 빤히 보는 시선도 느껴지지 평소보다 배로 스트레스를 받고 있어. 이 상황에서 벗어나려면 어떻게 해야 할까 그 생각으로 밤잠을 설칠 정도로 고통에 빠져 있어.	N	2022-09-22 14:35:27	2022-11-08 05:27:55
BE22020034	8	1	너는 힘들어도 남들한테 괴로운 마음을 잘 표출하지 않는 애잖아. 꾹 참고 있다가 댐이 가둘 수 있는 물을 초과한 것처럼 너의 감정도 초과했겠지. 형이 어떻게 감히 너의 괴로운 마음을 다 헤아릴 수 있을까.	N	2022-09-22 14:35:27	2022-09-22 14:35:27
BE22020034	9	0	직접 경험하지 않으면 남들한테 이야기해도 공감을 못 할 거란 걸 알아. 하지만 오늘은 누군가한테라도 말하지 않으면 힘들 것 같았어. 이런 부정적인 이야기를 형한테 해서 너무 미안하게 생각해.	N	2022-09-22 14:35:27	2022-11-08 05:27:55
BE22020034	10	1	아니야, 형한테 이야기 해줘서 너무 고맙게 생각해. 이야기하기까지 얼마나 많은 고민을 했을까. 이제부터는 혼자서 상처를 감당하지 말고 형이랑 나누어서 너의 괴로움을 줄여보자.	N	2022-09-22 14:35:27	2022-11-08 05:27:55
BE22020034	11	0	그렇게 말해줘서 정말 고마워 형. 솔직히 형까지 나를 이해하지 못하면 어쩌나 두려웠어. 나한테는 고민을 털어놓을 사람이 형밖에 없잖아.	N	2022-09-22 14:35:27	2022-11-08 05:27:55
BE22020034	12	1	형이 진작 너의 마음을 알아봤어야 했는데 그러지 못해서 미안해. 하나밖에 없는 동생인데 좀더 살폈어야 했어. 그동안 동생한테 무심했던 형을 용서해줘.	N	2022-09-22 14:35:27	2022-11-08 05:27:55
BE22020034	13	0	내가 말을 하지 않았는데 형이 어떻게 알았겠어. 형의 잘못이 아니니까 그렇게 미안해하지 않아도 돼. 난 늘 내 편이 되어주는 형한테 고마워하고 있어.	N	2022-09-22 14:35:27	2022-11-08 05:27:55
BE22020034	14	1	이런 상황에까지 너는 다른 사람의 마음을 이해해주는구나. 항상 말하는 거지만 넌 정말 착한 아이야. 그런 네가 내 동생이라서 감사해.	N	2022-09-22 14:35:27	2022-11-08 05:27:55
BE22020034	15	0	이 세상에서 가장 소중한 사람을 꼽으라고 한다면 난 무조건 형을 꼽을 거야. 형 덕분에 기분이 나아졌어.	Y	2022-09-22 14:35:27	2022-11-08 05:27:55
