id	utterance_id	utterance_type	utterance_text	terminate	regDate	updDate
BE22005393	1	0	저 어제 친구들하고 술 마시고 늦게 들어왔어요. 그런데 끔찍한 게 뭔지 아세요? 집에 어떻게 왔는지 기억이 하나도 안 나는 거예요.	N	2022-06-30 08:53:02	2022-11-08 03:59:09
BE22005393	2	1	필름이 끊겨본 사람은 그런 기분 너무 잘 알지요. 술 취한 상태에서 자기가 무슨 행동을 했는지 기억이 안 나니 말도 못 하게 불안하죠. 저도 그런 경험이 있어서 남의 일 같지가 않네요.	N	2022-06-30 08:53:02	2022-11-08 03:59:09
BE22005393	3	0	근데 더 무서운 건 필름 끊기는 현상이 치매하고도 관련이 있다는 거예요. 요즘은 젊은 사람한테도 치매 진단이 심심찮게 내려진다면서요?	N	2022-06-30 08:53:02	2022-11-08 03:59:09
BE22005393	4	1	네, 저도 그런 말 들었어요. 요즘 젊은 사람들한테도 알츠하이머성 치매가 늘고 있대요. 예전에 젊은 여자가 알츠하이머에 걸려 기억을 잃어가는, 그런 내용의 영화도 있었어요.	N	2022-06-30 08:53:02	2022-11-08 03:59:09
BE22005393	5	0	네, 저도 그 영화 봐서 알아요. 비록 가상의 이야기지만 그때도 대개 무서웠는데, 설마 그런 일이 제게도 일어나는 건 아니겠죠?	N	2022-06-30 08:53:02	2022-11-08 03:59:09
BE22005393	6	1	물론 그런 일은 일어나지 않아야죠. 그러자면 평소 생활습관이 중요하다고 생각해요. 알콜이 뇌 건강에 특히 안 좋은데, 필름이 끊기도록 많이 마시는 일은 피해야 해요.	N	2022-06-30 08:53:02	2022-11-08 03:59:09
BE22005393	7	0	말씀 듣고 보니 모두 옳은 소리네요. 그건 저도 아는데, 사회생활 하다 보면 어쩔 수 없이 술자리에 가야 할 일이 너무 많아요.	N	2022-06-30 08:53:02	2022-11-08 03:59:09
BE22005393	8	1	당연히 그렇겠죠. 회사에서 회식도 있겠고, 학교 친구랑 사회 친구들도 있을 거 아녜요. 특히 우리나라 사람들은 술자리 문화를 중요하게 생각하니 문제지요.	N	2022-06-30 08:53:02	2022-11-08 03:59:09
BE22005393	9	0	그건 진짜 그래요. 그러니 내 뇌가 쉴 틈이 없네요. 이러다 정말 젊은 나이에 치매 진단이라도 받으면 어떻게 하나, 불안해서 입맛이 다 없어요.	N	2022-06-30 08:53:02	2022-11-08 03:59:09
BE22005393	10	1	지금부터도 안 늦었어요. 술자리는 피치 못할 일 아니면 되도록 피하시면서 뇌 건강을 관리하세요.	N	2022-06-30 08:53:02	2022-11-08 03:59:09
BE22005393	11	0	그러면 정말 괜찮을까요? 필름이 자꾸 끊기다 보니 벌써 늦은 건 아닌지 너무 무서운 거 있죠.	N	2022-06-30 08:53:02	2022-11-08 03:59:09
BE22005393	12	1	위기감을 느낄 때가 건강을 지킬 기회라고 하잖아요. 지금이라도 문제를 인지하셨으니 잘 된 거지요. 앞으로 조심하시면 돼요.	N	2022-06-30 08:53:02	2022-11-08 03:59:09
BE22005393	13	0	그렇게 말씀하시니 마음이 조금 놓이는 거 같아요. 진짜 오늘부터 되도록이면 술 마실 일을 만들지 말아야겠어요. 치매 걸리면 나만 손해인 거잖아요.	N	2022-06-30 08:53:02	2022-11-08 03:59:09
BE22005393	14	1	그렇고 말고요. 그런 마음이면 앞으로도 큰 문제 없을 거예요. 보통 심각한 걸 알아도 술은 포기 못 한다던데 정말 장하시네요. 앞으로도 쭉 건강한 생활 하시길 빌어 드릴게요.	N	2022-06-30 08:53:02	2022-11-08 03:59:09
BE22005393	15	0	그렇게 격려해 주시니 더욱 용기가 나고 힘이 생기네요. 정말 감사합니다!	Y	2022-06-30 08:53:02	2022-11-08 03:59:09
