id	utterance_id	utterance_type	utterance_text	terminate	regDate	updDate
BE22012603	1	0	이번 시험 성적표 숨겼다가 들켜서 아내에게 된통 혼이 나서 아들이 집을 나갔어. 무슨 일이라도 생길까봐 너무 불안해.	N	2022-08-01 01:54:01	2022-11-08 04:45:16
BE22012603	2	1	그 나이 때 아이들에게 충분히 있을 수 있는 일이지. 어떻게 아이랑 연락은 되는 거지?	N	2022-08-01 01:54:01	2022-11-08 04:45:16
BE22012603	3	0	연락이 안 되니 내가 이렇게 조마조마하고 있지. 실종 신고라도 내야 하나 고민 중이야. 너무 걱정스러워.	N	2022-08-01 01:54:01	2022-11-08 04:45:16
BE22012603	4	1	정말 염려되겠어. 아무리 홧김에 나갔다곤 하지만 언제 돌아올지 모르니 부모 입장에선 애가 탈 수밖에 없지.	N	2022-08-01 01:54:01	2022-11-08 04:45:16
BE22012603	5	0	이런 내 속 아나 모르겠어.	N	2022-08-01 01:54:01	2022-11-08 04:45:16
BE22012603	6	1	아무리 다 컸다지만 우리에겐 아직 어린애일 뿐인데 세상이 워낙 험해서 너무 걱정스럽겠다. 더구나 날도 궂은데 어디 있는지 모르니 네 마음이 얼마나 불안하겠어. 내 자식이 그랬어도 진짜 심장이 벌렁벌렁 뛰고 좌불안석이었을 거야.	N	2022-08-01 01:54:01	2022-11-08 04:45:16
BE22012603	7	0	날도 찬데 어디 실내에 잘 들어가나 있으려나 모르겠네. 이 녀석은 부모 속 타는 것도 모르고 이렇게 걱정시킨다.	N	2022-08-01 01:54:01	2022-11-08 04:45:16
BE22012603	8	1	우리 속이 새까맣게 타들어 가는 걸 알면 그게 자식이겠어. 우리 마음 좀 알아주면 좋으련만 본인도 속상하니까 잠시 나간 걸 거야. 분명 곧 돌아올 테니 마음 가라앉히고 침착하게 기다려보자.	N	2022-08-01 01:54:01	2022-11-08 04:45:16
BE22012603	9	0	그렇겠지? 본인도 지쳐서 곧 돌아오겠지?	N	2022-08-01 01:54:01	2022-11-08 04:45:16
BE22012603	10	1	아이도 본인만의 생각할 시간이 조금 필요했을 거야. 곧 돌아올 테니 너무 속 끓이면서 염려하지 마. 부모도 아이도 내적으로 성장하는 과정이지.	N	2022-08-01 01:54:01	2022-11-08 04:45:16
BE22012603	11	0	네 말대로 서로 배워나가는 과정인가 보다. 발만 동동 구를 게 아니라 진득이 기다려줘 봐야겠어.	N	2022-08-01 01:54:01	2022-11-08 04:45:16
BE22012603	12	1	나도 말은 이렇게 했지만, 아이가 돌아오면 화부터 냈을 건데 멋진 아빠다. 때로는 기다림이 더 단단한 관계로 이어주는 것 같아. 나도 너처럼 아이에게 시간을 주는 부모가 되어야겠어.	N	2022-08-01 01:54:01	2022-11-08 04:45:16
BE22012603	13	0	네가 위로해 줘놓고는 부끄럽게 왜 그러냐. 아무튼 고맙다.	N	2022-08-01 01:54:01	2022-11-08 04:45:16
BE22012603	14	1	여하튼 나도 걱정되니 아들 돌아오면 확인 연락 남겨줘!	Y	2022-08-01 01:54:01	2022-11-08 04:45:16
