id	utterance_id	utterance_type	utterance_text	terminate	regDate	updDate
BE22011471	1	0	나 정말 아직 심장이 떨려서 잠을 잘 수가 없어. 가만히 있는데도 손까지 막 떨려. 아직도 마음이 불안해.	N	2022-07-25 06:22:47	2022-11-08 04:38:06
BE22011471	2	1	이렇게 늦은 시간에 무슨 일이길래 잠도 못 자고 있어? 자세히 말해봐.	N	2022-07-25 06:22:47	2022-11-08 04:38:06
BE22011471	3	0	오늘 해수욕장에 다녀왔어. 어쩌다 보니 깊은 곳까지 가는 바람에 허우적거리다가 구조대한테 구조돼서 겨우 살았어. 아직도 심장이 쿵쾅거리고 너무 무서워.	N	2022-07-25 06:22:47	2022-11-08 04:38:07
BE22011471	4	1	어머! 물놀이하는 도중에 사고가 있었나 보네! 너무 당황스럽고 무서웠겠다. 어디 다친 곳은 없어?	N	2022-07-25 06:22:47	2022-11-08 04:38:07
BE22011471	5	0	응. 다행히 물도 많이 안 마시고 다친 곳은 없어. 하지만 정말 조금만 늦었어도 나는 어떻게 됐을지도 몰라. 아직 그때 그 공포가 잊히지 않아서 너무 괴로워.	N	2022-07-25 06:22:47	2022-11-08 04:38:07
BE22011471	6	1	아이고. 정말 많이 놀랐겠다. 나였어도 많이 놀라고 두려워서 쉽게 진정하지 못했을 거야. 글만 봐도 네가 지금도 많이 불안해하는 것 같아서 너무 안쓰러워.	N	2022-07-25 06:22:47	2022-11-08 04:38:07
BE22011471	7	0	오랜만에 간 물놀이라 신나서 나도 모르게 너무 깊은 곳까지 갔어. 지금 생각해 보면 수영도 잘하지 못하면서 왜 그렇게 무모했는지 모르겠어. 내가 원망스러워.	N	2022-07-25 06:22:47	2022-11-08 04:38:07
BE22011471	8	1	코로나 때문에 몇 년을 제대로 여행이나 휴양을 못 했잖아. 네 말대로 너무 오랜만에 간 해수욕장이니 당연히 그럴 수 있어. 네가 어떻게 할 수 없는 그저 사고일 뿐이니 너무 자책하지 마.	N	2022-07-25 06:22:47	2022-11-08 04:38:07
BE22011471	9	0	그렇게 얘기해 줘서 고마워. 너무 무서운데 내가 자초한 일이라는 생각에 더 괴로웠어. 그런데 네가 이렇게 따뜻하게 말해주니 마음이 조금 편안해지는 것 같아.	N	2022-07-25 06:22:47	2022-11-08 04:38:07
BE22011471	10	1	갑작스러운 사고에 네가 아주 무서워하고 힘들어하는 것 이해해. 그래도 다친 곳 없이 잘 구조됐고 지금은 안전하잖아. 너무 곱씹어 생각하지 말고 불안한 감정을 잘 달래보자.	N	2022-07-25 06:22:47	2022-11-08 04:38:07
BE22011471	11	0	그래. 내가 너무 자꾸 그때 상황을 떠올려서 더 불안했나 봐. 너랑 얘기하니까 이제야 조금 안심되는 것 같아.	N	2022-07-25 06:22:47	2022-11-08 04:38:07
BE22011471	12	1	네가 나 때문에 조금이라도 편해진다니 정말 다행이야. 심호흡 크게 하고 마음을 편히 먹어. 그럼 이제 잠도 잘 잘 수 있을 거야.	N	2022-07-25 06:22:47	2022-11-08 04:38:07
BE22011471	13	0	응. 네 덕분이 이제 많이 진정돼서 잠들 수 있을 것 같아. 네가 있어서 정말 든든해.	N	2022-07-25 06:22:47	2022-11-08 04:38:07
BE22011471	14	1	많이 피곤할 텐데 푹 자고 언제든 또 필요하면 연락해줘.	Y	2022-07-25 06:22:47	2022-11-08 04:38:07
