id	utterance_id	utterance_type	utterance_text	terminate	regDate	updDate
BE22013257	1	0	이제 수능이 일주일 앞으로 다가왔다니, 도무지 믿기지 않고 불안이 파도처럼 밀려와. 수능시험을 보는 딸보다 내가 더 걱정되고 긴장돼. 생각만 해도 불안해서 가슴이 떨리는 것 같아.	N	2022-08-05 08:17:03	2022-08-05 08:17:03
BE22013257	2	1	딸이 고등학교 3학년으로 올라간 1년 전부터 너 정말 많이 긴장했었잖아. 그런데 이제 시험이 코앞으로 다가온 시점이라 정말 불안하겠다.	N	2022-08-05 08:17:03	2022-11-08 04:49:20
BE22013257	3	0	이제는 생각만 해도 가슴이 조마조마하고 손까지 부들부들 떨리는 것 같아. 30년 전에 내가 시험을 볼 때보다 열 배는 더 불안해. 딸이 시험을 망칠까 봐 걱정이 이만저만이 아니야.	N	2022-08-05 08:17:03	2022-11-08 04:49:20
BE22013257	4	1	나도 아들 둔 엄마라서 네 마음을 이해할 것 같아. 힘들게 공부하는 딸을 1년 동안 늘 곁에서 지켜보면 그런 심정이 들지.	N	2022-08-05 08:17:03	2022-11-08 04:49:20
BE22013257	5	0	내 딸이 인생에서 제일 중요한 시험을 보는 거잖아. 한 문제 때문에 앞날이 달라질 수도 있다고 생각하면, 등에서 식은땀이 흘러.	N	2022-08-05 08:17:03	2022-08-05 08:17:03
BE22013257	6	1	넌 네 딸이 체육대회에만 나가도 혹시 다치지 않을까 조바심 내며 걱정하잖아. 그런데 수능 시험을 앞두고 있으니, 네가 얼마나 불안할지 상상조차 할 수 없어.	N	2022-08-05 08:17:03	2022-11-08 04:49:21
BE22013257	7	0	어제는 너무 긴장해서 내가 시험을 다시 보는 악몽까지 꿨어. 아침에 일어나 보니 온몸이 땀에 젖어 있어서 당혹스러웠어.	N	2022-08-05 08:17:03	2022-08-05 08:17:03
BE22013257	8	1	넌 성격이 예민하고 그런 스트레스에 취약한 편이잖아. 불안에 떠는 너를 조금이라도 위로해 주고 싶어.	N	2022-08-05 08:17:03	2022-11-08 04:49:21
BE22013257	9	0	나는 이렇게 불안에 떨고 있는데, 우리 딸은 별로 긴장하지 않는 것 같아. 딸은 평소처럼 시험 준비 중인데, 나만 발을 동동 구르고 있어.	N	2022-08-05 08:17:03	2022-08-05 08:17:03
BE22013257	10	1	나도 2년 전에 우리 아들 시험 보는 날 너무 불안에 떨다가 체했잖아. 혹시 너도 너무 걱정하다가 몸이 아프지 않을지 걱정이 앞서.	N	2022-08-05 08:17:03	2022-11-08 04:49:21
BE22013257	11	0	나보다는 딸이 걱정돼서 미칠 것 같아. 혹시나 감기에 걸리지는 않을지 불안하고. 딸이 시험을 망칠 수도 있다는 생각이 들면 머리가 아찔해.	N	2022-08-05 08:17:03	2022-08-05 08:17:03
BE22013257	12	1	그런 생각이 들면 정말 하늘이 노랗겠다. 하지만 네 딸은 누구보다 침착하고 성실하잖아. 시험 무사히 치를 테니 너무 긴장하지 마.	N	2022-08-05 08:17:03	2022-11-08 04:49:21
BE22013257	13	0	그런가? 시험이 코앞이라 내가 너무 예민한 걸까? 요즘은 잠도 잘 이루지 못했거든.	N	2022-08-05 08:17:03	2022-11-08 04:49:21
BE22013257	14	1	네 딸은 누구보다 더 잘 해낼 거야. 너도 곁에서 든든하게 응원해 줄 거라 믿어. 넌 지금까지 늘 묵묵히 잘 해왔으니까 이번에도 잘할 거야.	N	2022-08-05 08:17:03	2022-11-08 04:49:21
BE22013257	15	0	네가 그렇게 칭찬해 주니 힘이 난다. 괜한 걱정과 긴장으로 힘들었거든. 네가 격려해 주니 정말 힘이 나.	N	2022-08-05 08:17:03	2022-08-05 08:17:03
BE22013257	16	1	네가 어려운 상황 속에 있으면 언제나 내가 도와줄 수 있지. 만약 힘든 일이 생기면 또 알려줘. 언제든 연락해.	N	2022-08-05 08:17:03	2022-08-05 08:17:03
BE22013257	17	0	꼭 그럴게. 오늘 이야기 들어줘서 고마워. 덕분에 이제 불안하지 않아.	Y	2022-08-05 08:17:03	2022-08-05 08:17:03
