id	utterance_id	utterance_type	utterance_text	terminate	regDate	updDate
BE22004461	1	0	어제 남자 친구랑 한바탕 싸웠어. 처음에는 안 그랬는데 왜 저러는지 우리 관계가 너무 걱정스러워.	N	2022-06-28 03:43:25	2022-11-08 03:53:06
BE22004461	2	1	네가 사이좋다고 행복해했던 때가 엊그제 같은데, 이게 무슨 심경의 변화니?	N	2022-06-28 03:43:25	2022-11-08 03:53:06
BE22004461	3	0	퇴근하면 항상 전화가 와. 처음엔 좋았지. 그런데 점점 도를 지나가는 거야. 회식 간다고 하면 누구랑 어디로 가냐 사진 찍어서 보내봐라, 집착이 극에 달한 것 같아.	N	2022-06-28 03:43:25	2022-11-08 03:53:06
BE22004461	4	1	누가 봐도 신사답고 말끔한 사람이 집착이라니, 믿어지지 않네.	N	2022-06-28 03:43:25	2022-11-08 03:53:06
BE22004461	5	0	처음에는 정말 그런 점이 있는지 몰랐어. 언제부터인가 전화를 못 받으면 부재중 20통이 찍혀있고, 혼자서 정신 나간 사람처럼 카톡을 보내는데. 주에 한 번씩은 꼭 섬찟하다니까.	N	2022-06-28 03:43:25	2022-11-08 03:53:06
BE22004461	6	1	나라도 내가 알던 편안한 사람이 갑자기 그렇게 돌변하면 불안할 거야. 지금도 네 문자 보면서 소름이 돋았어.	N	2022-06-28 03:43:25	2022-11-08 03:53:06
BE22004461	7	0	언제부터 변했을까 생각해 보니 결혼한다고 상견례 했을 때부터였던 것 같아. 부모님께 인사도 드렸는데, 남자 친구가 의처증 같아요. 할 수도 없고, 이게 무슨 망신이니.	N	2022-06-28 03:43:25	2022-11-08 03:53:06
BE22004461	8	1	네가 부모님께 듬직한 모습만 보여와서 다시 말씀드리기 민망하고 곤혹스럽겠다. 하필 인사하고 나서 돌변해가지고는, 그래서 갈라질 생각이야?	N	2022-06-28 03:43:25	2022-11-08 03:53:06
BE22004461	9	0	얘기 더 해보고 개선이 안 되면 갈라져야지. 이번에 집착하는 걸 보고 예측 불가한 사람 같아서, 안전하게 이별할 수 있을지도 걱정스럽네.	N	2022-06-28 03:43:25	2022-11-08 03:53:06
BE22004461	10	1	넌 눈치도 빠르고 상대방을 설득하는 말솜씨도 좋잖아. 쉽진 않겠지만 너라면 잘 이야기해보고 현명하게 결정지을 거라 생각해.	N	2022-06-28 03:43:25	2022-11-08 03:53:06
BE22004461	11	0	요즘 뉴스에서 연인 간 갈등 사례를 보면 남 일 같지 않고. 어떻게 말을 꺼내야 할지 참 난감해.	N	2022-06-28 03:43:25	2022-11-08 03:53:06
BE22004461	12	1	아무리 연인 사이라고 해도 남자와 여자는 생물학적으로 다르잖아. 예민한 주제이기도 하고. 네가 조심스러워하는 것도 당연해.	N	2022-06-28 03:43:25	2022-11-08 03:53:06
BE22004461	13	0	고마워. 그래도 당분간 좀 조심해야 할 듯한데, 퇴근같이 해줄 수 있을까?	N	2022-06-28 03:43:25	2022-11-08 03:53:06
BE22004461	14	1	그럼 같은 동네 사는데 뭐가 어려운 일이라고. 이따 회사 앞으로 데리러 갈게.	Y	2022-06-28 03:43:25	2022-11-08 03:53:06
