id	utterance_id	utterance_type	utterance_text	terminate	regDate	updDate
BE22008422	1	0	큰아이 키 때문에 고민이에요. 여자아이면 고민이 덜할 것 같은데 남자아이라 신경이 더 쓰여요.	N	2022-07-13 05:28:26	2022-11-08 04:18:35
BE22008422	2	1	그렇게 작아 보이지 않던데요? 엄마가 크시니까 늦게라도 클 거예요.	N	2022-07-13 05:28:26	2022-11-08 04:18:35
BE22008422	3	0	초등학교 입학 전까지만 해도 큰 편이었는데 점점 작아지네요. 지난주에 건강검진을 했는데 오히려 1cm가 줄어든 거 있죠. 저는 한 덩치 하는데 아이는 아니라서 더 불안한가 봐요.	N	2022-07-13 05:28:26	2022-11-08 04:18:35
BE22008422	4	1	기대하고 가셨을 텐데 오히려 줄었다면 걱정이 되셨을 것 같아요. 그런데 제가 건강검진 센터에 근무한 적이 있었는데 그때 보면 기계에 따라서 약간씩의 차이가 생기더라고요. 아드님께 문제가 있기보다는 측정하는 기계에 따라 달라질 수 있을 거예요.	N	2022-07-13 05:28:26	2022-11-08 04:18:35
BE22008422	5	0	그런가요? 그럼 1cm 정도 차이 나는 건 큰 문제는 아니군요! 아이가 우유알레르기가 있어서 유제품까지 못 먹다 보니 그런가 싶기도 하고 계속 이러면 어쩌나 싶어서 걱정스러웠거든요.	N	2022-07-13 05:28:26	2022-11-08 04:18:35
BE22008422	6	1	걱정하실 수 있는 상황이죠. 그런데 유제품을 못 먹는다고 안 크는 게 아니니까 그 걱정은 안 하셔도 될 것 같아요. 아이마다 키가 자라는 속도도 다르고 키가 크는 시기도 모두 다르거든요.	N	2022-07-13 05:28:26	2022-11-08 04:18:35
BE22008422	7	0	어머나, 그런가요? 제가 지나치게 예민하게 생각했었나 봐요.	N	2022-07-13 05:28:26	2022-11-08 04:18:35
BE22008422	8	1	네, 아드님한테 특별한 문제는 없을 거예요. 성인이 되고 나서 필라테스 같은 운동으로 3cm 자랐다는 분도 봤어요.	N	2022-07-13 05:28:26	2022-11-08 04:18:35
BE22008422	9	0	제가 알아보지도 않고 괜히 아이를 다그쳤나 보네요. 미안해지네요.	N	2022-07-13 05:28:26	2022-11-08 04:18:35
BE22008422	10	1	우유알레르기가 있으니 걱정하실 만도 해요. 요즘 대체식품이 잘 나와 있던데 혹시 필요하시면 알려드릴까요? 우유 성분이 없는 영양제도 있고 음료수도 종류가 꽤 많거든요.	N	2022-07-13 05:28:26	2022-11-08 04:18:35
BE22008422	11	0	그런 게 있나요? 저는 칼슘보충제만 생각했는데 맛있게 먹을 수 있는 식품이 있다면 도움이 많이 될 것 같아요.	N	2022-07-13 05:28:26	2022-11-08 04:18:35
BE22008422	12	1	저희 아이는 견과류 알레르기가 있어서 식품알레르기에 대해서 좀 찾아봤거든요. 그러다가 알게 됐는데 많이 드시더라고요.	N	2022-07-13 05:28:26	2022-11-08 04:18:35
BE22008422	13	0	말씀 들으니까 갑자기 희망이 생기는 것 같네요. 아이랑 싸우지 않고 즐겁게 먹으면서 키 걱정도 안 하면 그보다 좋은 방법은 없죠!	N	2022-07-13 05:28:26	2022-11-08 04:18:35
BE22008422	14	1	도움이 될 수 있다니 저도 기뻐지네요. 고민하시고 계신 걸 알았다면 진작 알려드릴 걸 그랬어요.	N	2022-07-13 05:28:26	2022-11-08 04:18:35
BE22008422	15	0	건강검진서 1cm 작게 나온 게 오히려 좋은 방법을 찾아줬네요. 알려주셔서 감사해요!	Y	2022-07-13 05:28:26	2022-11-08 04:18:35
