id	utterance_id	utterance_type	utterance_text	terminate	regDate	updDate
BE22012325	1	0	남자 친구가 나한테 헤어지자고 하면 어떡하지? 너무 불안해 미치겠어.	N	2022-07-29 02:43:27	2022-11-08 04:43:31
BE22012325	2	1	갑자기 그게 무슨 소리야. 혹시 둘이 싸우기라도 한 거야?	N	2022-07-29 02:43:27	2022-11-08 04:43:31
BE22012325	3	0	사실은 내가 어제 남자 친구한테 거짓말했거든. 근데 내가 거짓말하면 표가 나서 남자 친구도 눈치를 챈 것 같아.	N	2022-07-29 02:43:27	2022-11-08 04:43:31
BE22012325	4	1	어머, 정말? 남자 친구가 눈치를 챘다는 걸 알게 된 네 마음이 너무 불안했겠다. 그런데 어떤 거짓말을 한 거야?	N	2022-07-29 02:43:27	2022-11-08 04:43:31
BE22012325	5	0	곧 있으면 남자 친구 생일이라서 서프라이즈를 준비하고 있거든. 준비하느라 연락을 제대로 못 받았는데, 물어보길래 자느라 못 받았다고 거짓말을 했어.	N	2022-07-29 02:43:27	2022-11-08 04:43:31
BE22012325	6	1	아, 그런 이유가 있었구나. 악의적으로 한 게 아니어도 남자 친구한테 거짓말한 네 마음도 정말 불편했겠다. 네 맘 충분히 이해돼.	N	2022-07-29 02:43:27	2022-11-08 04:43:31
BE22012325	7	0	맞아. 게다가 나쁜 뜻으로 거짓말을 한 건 아니지만, 남자 친구가 오해하고 있는 것 같아. 화가 많이 난 것 같은데, 어떡하지?	N	2022-07-29 02:43:27	2022-11-08 04:43:31
BE22012325	8	1	듣는 나도 손에 땀이 날 정도로 불안한데 넌 오죽할까. 내가 네 입장이었어도 정말 두려웠을 것 같아.	N	2022-07-29 02:43:27	2022-11-08 04:43:31
BE22012325	9	0	응. 그리고 남자 친구가 다른 건 다 괜찮아해도 거짓말하는 걸 진짜 싫어하거든. 나한테 실망했을까 봐 걱정되고 두려워.	N	2022-07-29 02:43:27	2022-11-08 04:43:31
BE22012325	10	1	왜 그런 마음이 안 들겠어. 정말 두려움에 심장이 터질 듯이 쿵쾅거리겠다. 하지만 네가 일부러 거짓말을 한 게 아니니까 괜찮지 않을까?	N	2022-07-29 02:43:27	2022-11-08 04:43:31
BE22012325	11	0	그렇긴 하지. 어차피 서프라이즈 이벤트를 무사히 마치면 사실대로 다 말할 거긴 해.	N	2022-07-29 02:43:27	2022-11-08 04:43:31
BE22012325	12	1	그러니까 너무 걱정하지 마. 내가 만약 네 남자 친구였으면 그 사실을 알고 정말 네가 사랑스러울 거 같거든! 분명 네 남자 친구도 그렇게 느낄 거야.	N	2022-07-29 02:43:27	2022-11-08 04:43:31
BE22012325	13	0	그렇게 말해줘서 고마워. 일단 서프라이즈 준비를 잘 마무리해서 꼭 남자 친구를 기쁘게 해줘야겠어!	N	2022-07-29 02:43:27	2022-11-08 04:43:31
BE22012325	14	1	역시 사랑꾼답게 달콤한 모습이 보기 좋아. 네가 남자 친구를 진심으로 아끼고 사랑해주는 모습이 너무 멋지다! 분명 네 남자 친구도 온 마음을 다해 기뻐할 거야!	Y	2022-07-29 02:43:27	2022-11-08 04:43:31
