id	utterance_id	utterance_type	utterance_text	terminate	regDate	updDate
BE22007020	1	0	이 상황이 언제까지 지속이 될까? 이것만 생각하면 심장이 두근거리고 손이 벌벌 떨려.	N	2022-07-08 02:50:12	2022-11-08 04:09:42
BE22007020	2	1	사람들이 코로나 때문에 식당에 잘 오지 않나보네. 당장 우리 회사도 회식이 줄었으니, 안 그래도 네 걱정이 되더라.	N	2022-07-08 02:50:12	2022-11-08 04:09:42
BE22007020	3	0	영업 제한 때문에 제대로 영업을 하지 못한 지 꽤 됐어. 이대로 지속된다면 파산을 할 게 분명해. 이제 막 자리 잡기 시작했는데 우리 식당이 잊혀질까 너무 불안해.	N	2022-07-08 02:50:12	2022-11-08 04:09:42
BE22007020	4	1	타이밍 참 짓궂기도 하지. 손님들이 입소문에 찾아오기 시작했는데, 영업을 제대로 못하니까 많이 초조하겠다. 바이러스 탓이라 어디 보상받을 곳도 없고 나라도 조바심이 날 거야.	N	2022-07-08 02:50:12	2022-11-08 04:09:42
BE22007020	5	0	어릴 때부터 가난했던 나는 꼭 내 자식은 가난을 물려주지 말아야지 다짐을 했었어. 가난은 사람에게 정서적인 결핍을 만들잖아, 극복하느라 힘들었거든. 내 아들이 나와 같은 감정을 느끼게 될까봐 너무 두려워.	N	2022-07-08 02:50:12	2022-11-08 04:09:42
BE22007020	6	1	그래. 네가 입에 늘 달고 살았기에 그 마음 잘 알지. 아들에 대한 애틋함이 남다른 너라서 더 두려움을 느끼나 보다. 나도 자식을 둔 입장에서 네 두려움이 이해가 가, 절대 물려주기 싫은 게 하나씩 있는 법이잖아.	N	2022-07-08 02:50:12	2022-11-08 04:09:42
BE22007020	7	0	이제야 식당 차린다고 적자를 본 게 흑자로 돌아오기 시작했는데. 다시 빚을 낼 생각을 하니 눈앞이 깜깜해.	N	2022-07-08 02:50:12	2022-11-08 04:09:42
BE22007020	8	1	희망이 보였다가 다시 돌아간다고 생각하니 더 겁이 났을 거야. 네가 이런 상황을 겪어서 내 마음도 너무 아프다.	N	2022-07-08 02:50:12	2022-11-08 04:09:42
BE22007020	9	0	도무지 밤에 잠이 오지 않아서, 요즘은 배달 알바를 하곤 해. 돈도 필요하고 잠도 못 자느니 그 시간에 알바라도 해야겠다 싶어서.	N	2022-07-08 02:50:12	2022-11-08 04:09:42
BE22007020	10	1	너도 참 내 친구지만 책임감이 대단하다. 영업을 제대로 못한다고 해도 몸도 마음도 고단할 텐데 알바를 따로 한다니. 나라면 그렇게 하진 못했을 거야.	N	2022-07-08 02:50:12	2022-11-08 04:09:42
BE22007020	11	0	네가 알아주듯이 내 아들도 그것만은 알아줬으면 좋겠어. 아빠가 최선을 다해서 살았다는 걸 말이야.	N	2022-07-08 02:50:12	2022-11-08 04:09:43
BE22007020	12	1	네 아들은 또래에 비해 철이 들어 성숙하잖아. 아빠가 처한 상황에서 열심히 노력한다는 걸 잘 알고 있을 거야.	N	2022-07-08 02:50:12	2022-11-08 04:09:43
BE22007020	13	0	그래. 내 가족이 그걸 알아주면 됐어. 난 잠을 못 자서 피곤해도 괜찮아, 견딜 수 있어.	N	2022-07-08 02:50:12	2022-11-08 04:09:43
BE22007020	14	1	네가 고생이 참 많아. 얼른 정상 영업을 하는 날이 왔으면 좋겠다. 그때가 되면 모든 게 술술 풀릴 거야.	N	2022-07-08 02:50:12	2022-11-08 04:09:43
BE22007020	15	0	위로를 해줘서 고마워. 모든 일에는 끝이 있는 법이니까 이렇게 버티다보면 웃을 날이 오겠지.	Y	2022-07-08 02:50:12	2022-11-08 04:09:43
