id	utterance_id	utterance_type	utterance_text	terminate	regDate	updDate
BE22012208	1	0	얼마 전에 산 주식이 계속 하락세예요. 어쩌죠? 너무 불안해서 잠이 오지 않아요.	N	2022-07-28 05:56:41	2022-11-08 04:42:47
BE22012208	2	1	저도 매수한 주식이 떨어질 때마다 마음이 쿵 내려앉습니다. 이렇게 자산을 잃는 건 아닌지 하는 마음으로 잠을 못 잘 때도 많았어요. 물론 지금은 다 지나간 일이라서 괜찮지만 그 시기만 생각하면 근심 걱정으로 힘들었던 나날들이 떠오르네요.	N	2022-07-28 05:56:41	2022-11-08 04:42:48
BE22012208	3	0	당분간은 오를 일이 없을 거 같아요. 주식을 사는데 일억이나 썼는데 큰일이네요.	N	2022-07-28 05:56:41	2022-11-08 04:42:48
BE22012208	4	1	생각보다 괘 큰돈을 쓰셨네요. 가족도 이 사실을 아나요?	N	2022-07-28 05:56:41	2022-11-08 04:42:48
BE22012208	5	0	주식을 살 때 아내에게 말을 하긴 했는데 일억이나 샀다고는 말 못했어요. 그때는 분명 오를 수 있을 거 같아서 말릴까 봐 비밀로 했어요. 그런데 이렇게까지 떨어지니 부인이 이 사실을 알까 봐 너무 불안해요.	N	2022-07-28 05:56:41	2022-11-08 04:42:48
BE22012208	6	1	저런, 머릿속이 복잡하시겠어요. 지금이라도 사실을 있는 그대로 말하는 게 좋지 않을까요?	N	2022-07-28 05:56:41	2022-11-08 04:42:48
BE22012208	7	0	제 부인의 성격은 만만치 않아요. 거의 매수 금액의 반이 떨어졌는데 이 사실을 알게 되면 부인이 가만히 있을까요? 이혼하자고 하면 어째요?	N	2022-07-28 05:56:41	2022-11-08 04:42:48
BE22012208	8	1	물론 1억이 큰돈이긴 하지만 이혼할 정도로 인생에 돈이 전부는 아니잖아요. 차라리 솔직히 말하고서는 마음을 편안히 갖는 게 좋을 거 같아요.	N	2022-07-28 05:56:41	2022-11-08 04:42:48
BE22012208	9	0	아내의 반응을 예측할 수 없어 두려워요. 저는 그동안 남편으로서 잘한 것도 없는데 아내의 마음이 틀어질까 봐 걱정이 큽니다. 변명도 할 게 없고 너무너무 불안해서 심정적으로 힘드네요.	N	2022-07-28 05:56:41	2022-11-08 04:42:48
BE22012208	10	1	잘못한 일을 털어놓기 전에는 너무 무섭고 불안하죠. 마치 혼나기 전 어린아이의 마음처럼 마음을 졸이게 되죠. 저도 새 가슴인 편이라서 이 심정을 너무나도 잘 압니다.	N	2022-07-28 05:56:41	2022-11-08 04:42:48
BE22012208	11	0	밥맛도 없고 잠도 잘 못 자고 회사 일도 집중이 잘 안 돼요. 아내의 화난 얼굴만 생각이 나고 매일 어떻게 운을 띄어야 할까 고민합니다.	N	2022-07-28 05:56:41	2022-11-08 04:42:48
BE22012208	12	1	그럴수록 침착해야 해요. 마음을 굳게 먹고 솔직하게 털어놓고 나면 그대의 마음도 괜찮아질 거예요. 폭풍 전야 같던 어수선한 마음도 가라앉아서 곧 평온한 마음을 되찾을 거예요.	N	2022-07-28 05:56:41	2022-11-08 04:42:48
BE22012208	13	0	말씀대로 오늘 저녁에는 들어가서 꼭 아내에게 이 사실을 털어놔야겠어요. 그래도 얘기하고 나니 속이 후련하네요.	N	2022-07-28 05:56:41	2022-11-08 04:42:48
BE22012208	14	1	일단 마음을 진정시키고 그동안 있었던 일을 차근차근 털어놓을 준비를 해보세요. 당신이 침착하게 얘기할수록 아내도 받아들이기가 쉬울 거예요. 많이 걱정한 만큼 당신은 잘 얘기할 수 있을 거예요.	N	2022-07-28 05:56:41	2022-11-08 04:42:48
BE22012208	15	0	그런 이야기를 들으니 용기가 생기네요. 이미 일어난 일이니 사실을 털어놓고 해결책을 찾아야겠어요. 고마워요!	Y	2022-07-28 05:56:41	2022-11-08 04:42:48
