id	utterance_id	utterance_type	utterance_text	terminate	regDate	updDate
BE22000910	1	0	공감화자씨, 저번에 괜찮았다고 했던 식당이 어디였죠? 이번에 손님을 모실 일이 있어서요.	N	2022-06-14 00:17:01	2022-11-08 03:30:12
BE22000910	2	1	제가 링크 보내드릴게요! 메뉴가 깔끔해서 좋더라고요. 제 여자 친구도 최근에 갔던 식당 중에 제일 괜찮았다고 했어요.	N	2022-06-14 00:17:01	2022-11-08 03:30:12
BE22000910	3	0	네 꼭 알려주세요! 사실 이번 주말에 여자 친구 친구들과 같이 식사하기로 했거든요. 그래서 식당부터 신경이 쓰이네요.	N	2022-06-14 00:17:01	2022-11-08 03:30:12
BE22000910	4	1	그러셨군요! 여자 친구분의 친구들을 처음 뵙는 자리인가 봐요?	N	2022-06-14 00:17:01	2022-11-08 03:30:12
BE22000910	5	0	맞아요. 그래서인지 괜히 더 신경 쓰이고 긴장이 되네요.	N	2022-06-14 00:17:01	2022-11-08 03:30:12
BE22000910	6	1	보통 제일 친한 친구들을 보여주는 거라 잘 보이고 싶은 마음에 긴장하게 되는 것 같아요. 저도 그랬어요.	N	2022-06-14 00:17:01	2022-11-08 03:30:12
BE22000910	7	0	자연스럽게 잘하고 싶은데 정말 걱정이에요. 공감화자씨 말씀대로 여자 친구의 가장 오래된 친구들이라 서로를 잘 알거든요.	N	2022-06-14 00:17:01	2022-11-08 03:30:12
BE22000910	8	1	이렇게 식당에도 신경 써주시는데 분명 좋은 인상 남기실 것 같아요! 그리고 그만큼 감정화자님을 좋아해서 보여드리는 거잖아요?	N	2022-06-14 00:17:01	2022-11-08 03:30:12
BE22000910	9	0	그렇죠, 제가 제 친구들한테 여자 친구를 소개하고 싶었던 마음과 같다고 생각하니까 너무 고맙더라고요. 그때 여자 친구도 이렇게 긴장했겠죠?	N	2022-06-14 00:17:01	2022-11-08 03:30:12
BE22000910	10	1	아마 그럴 거예요. 그리고 여자 친구분과 나이 차이가 좀 있다고 하지 않으셨어요? 그래서 더 긴장하고 계신 것 같기도 해요!	N	2022-06-14 00:17:01	2022-11-08 03:30:12
BE22000910	11	0	그런가 봐요. 여자 친구랑 나이 차이가 꽤 나거든요. 그래서 너무 아저씨처럼 느껴질까 봐 그것도 걱정이네요.	N	2022-06-14 00:17:01	2022-11-08 03:30:12
BE22000910	12	1	그런 건 너무 걱정 마세요! 외모도 동안이시고 여자 친구와 평소에 대화가 잘 되시는 거면 친구들과도 잘 맞으실 거라고 생각해요. 워낙 젊게 사시잖아요.	N	2022-06-14 00:17:01	2022-11-08 03:30:12
BE22000910	13	0	그렇게 말씀해 주셔서 감사합니다. 노력하는 모습이라도 예쁘게 봐주면 좋겠네요.	N	2022-06-14 00:17:01	2022-11-08 03:30:12
BE22000910	14	1	주말 약속 전에 여자 친구분께 사전 정보 많이 알아내시면 더 수월할 거예요! 잘 다녀오세요!	N	2022-06-14 00:17:01	2022-11-08 03:30:12
BE22000910	15	0	공감화자씨 말씀대로 여자 친구한테 힌트 좀 많이 얻어놔야겠어요. 마음이 좀 놓이네요.	Y	2022-06-14 00:17:01	2022-11-08 03:30:12
