id	utterance_id	utterance_type	utterance_text	terminate	regDate	updDate
BE22013091	1	0	나 이직할까 고민하고 있어. 지금의 직장은 전혀 비전이 없는 것 같아. 미래를 생각하면 너무 불안해.	N	2022-08-03 15:58:50	2022-11-08 04:48:20
BE22013091	2	1	나는 네가 잘 적응하고 있는 줄로만 알았는데 남모를 고민이 있었나 보네. 무슨 일이라도 있는 거니?	N	2022-08-03 15:58:50	2022-11-08 04:48:20
BE22013091	3	0	그냥, 쳇바퀴 굴러가듯 똑같은 업무 패턴을 반복하다 보면 숨이 막히고 막막한 심정이 들어. 나도 내가 왜 이러는지 모르겠어.	N	2022-08-03 15:58:50	2022-11-08 04:48:20
BE22013091	4	1	네가 막막한 심정을 느끼는 것은, 더 이상의 발전이 없을까 봐 불안한 마음이 큰 게 아닐까? 너는 늘 변화와 다양한 시도를 추구하며 만족을 느끼는 사람이잖아.	N	2022-08-03 15:58:50	2022-11-08 04:48:20
BE22013091	5	0	네 말이 맞아. 나는 지금 아무런 발전도 없는 상태라는 생각에 정말 불안해져. 지금의 회사는 그런 비전이 전혀 없다는 생각에 가슴이 답답해.	N	2022-08-03 15:58:50	2022-11-08 04:48:20
BE22013091	6	1	너와 회사가 추구하는 방향성이 다르다면, 지금처럼 회의를 느끼는 것도 당연해. 네가 고민이 참 많았겠구나.	N	2022-08-03 15:58:50	2022-11-08 04:48:20
BE22013091	7	0	맞아. 솔직히 내가 안정된 직장에서 너무 배부른 소리만 하는 것은 아닐까 걱정도 됐었거든. 남들은 좋은 직장이라고 추켜세우는 곳인데, 나만 이렇게 힘든가 싶고 말이야.	N	2022-08-03 15:58:50	2022-11-08 04:48:20
BE22013091	8	1	아냐. 누구나 자신에게 맞는 적성과 일은 따로 있는 법인걸. 남들이 좋다고 해서 네게 다 좋은 것은 아니니 그런 부담은 갖지 않아도 괜찮아. 당연히 그런 고민이 들 수 있어.	N	2022-08-03 15:58:50	2022-11-08 04:48:20
BE22013091	9	0	그렇게 말해줘서 안심되는걸. 그동안 나 혼자 이 문제로 끙끙 앓고 있었거든. 비전이 없는 이 회사에 계속 남아있어도 괜찮은 걸까 싶어서 말이야.	N	2022-08-03 15:58:50	2022-11-08 04:48:20
BE22013091	10	1	물론 이직은 신중하게 고민해야 할 문제이니, 네가 고뇌하는 마음도 이해가 가. 나는 네가 마음이 이끌리는 대로 행동하는 것도 좋다고 봐. 무엇보다 네가 즐거움과 만족을 느꼈으면 하거든.	N	2022-08-03 15:58:50	2022-11-08 04:48:20
BE22013091	11	0	내가 이직을 한다고 해도, 나와 딱 맞는 직장을 찾을 수 있을까? 퇴사하고 보니 이 직장이 그나마 나은 것이라는 걸 뒤늦게 깨달을까 봐 솔직히 불안해. 이직이 쉬운 일도 아닌 것도 알고 있어서 좀 두려운걸.	N	2022-08-03 15:58:50	2022-11-08 04:48:20
BE22013091	12	1	내가 아는 너는 도전을 멈추지 않고 실패에도 굳건히 일어서는 멋진 사람이었는걸. 너라면 분명 우여곡절을 겪더라도 끝내 해낼 수 있을 거라 믿어.	N	2022-08-03 15:58:50	2022-11-08 04:48:20
BE22013091	13	0	그렇게 말해주다니 감동인걸. 네 말이 큰 감명을 받았어.	N	2022-08-03 15:58:50	2022-11-08 04:48:20
BE22013091	14	1	나는 내가 느낀 걸 솔직하게 말한 것뿐이야. 나는 끊임없이 고민하고 자신만의 비전을 찾아 나서려는 널 응원해주고 싶어.	N	2022-08-03 15:58:50	2022-11-08 04:48:20
BE22013091	15	0	고마워. 네 덕분에 불안은 사라지고, 제대로 확신이 섰어. 새로운 내 길을 찾아볼게.	Y	2022-08-03 15:58:50	2022-11-08 04:48:20
