id	utterance_id	utterance_type	utterance_text	terminate	regDate	updDate
BE22015113	1	0	공감화자야, 너 군대 갔다 왔지?	N	2022-08-22 04:24:00	2022-08-22 04:24:00
BE22015113	2	1	그렇지. 벌써 30년도 더 됐네. 왜?	N	2022-08-22 04:24:00	2022-08-22 04:24:00
BE22015113	3	0	다름이 아니라 군대 간 큰애가 이번에 유격 훈련받는다네. 유격 훈련에 대해서 알고 있어?	N	2022-08-22 04:24:00	2022-11-08 05:01:04
BE22015113	4	1	잘 알지, 그거 상당히 힘든 훈련이거든. 내 경험상 유격 훈련이 다른 어떤 훈련보다 힘들었었던 것 같아.	N	2022-08-22 04:24:00	2022-11-08 05:01:04
BE22015113	5	0	정말? 애가 아직 일병이라 많이 걱정되네. 큰 훈련이 이번이 처음이기도 하고 말이야.	N	2022-08-22 04:24:00	2022-11-08 05:01:04
BE22015113	6	1	나도 아들이 군 생활 중이라 그 마음 잘 알겠어. 군 생활 자체도 걱정인데 훈련까지 한다고 하면 더욱더 걱정돼서 잠도 안 오잖아. 밤마다 불안감에 잠 못 이루는 마음을 군인 부모 말고는 정말 아무도 모를 거야. 그렇지?	N	2022-08-22 04:24:00	2022-11-08 05:01:04
BE22015113	7	0	네 말이 정말 딱 맞아. 훈련 간다고 얘기 들었을 때부터 불안해서 어찌할 줄 모르겠어. 설마 유격 훈련받다가 다치진 않겠지?	N	2022-08-22 04:24:00	2022-11-08 05:01:04
BE22015113	8	1	유격 훈련이 힘들긴 해도 조교들이 잘 도와주고 응급조치도 잘 해줄 테니 괜찮을 거야. 또 네 아들은 강인하고 씩씩하잖아? 분명 훈련 잘 받고 다친 곳도 없이 돌아올 거야.	N	2022-08-22 04:24:00	2022-11-08 05:01:04
BE22015113	9	0	그렇겠지? 그래도 끊임없이 몰려오는 불안감은 막을 수 없는 것 같아.	N	2022-08-22 04:24:00	2022-08-22 04:24:00
BE22015113	10	1	불안감이 계속 드는 게 당연하지, 갑작스레 유격 훈련이 잡혔다는 소식에 얼마나 네가 놀랐겠니? 하지만 감정화자야, 조금만 참으면 폭풍우가 지난 후의 맑은 하늘처럼 좋은 소식이 들릴 거야. 지금의 불안했던 순간이 무색할 만큼 네 아들은 건강하고 씩씩하게 훈련을 마치고 올 거라 장담해.	N	2022-08-22 04:24:00	2022-11-08 05:01:04
BE22015113	11	0	정말 그렇겠지? 그랬으면 소원이 없겠다. 그나저나 훈련 때마다 이럴 거 같은데 다음 훈련 땐 좀 덜 불안할까? 너는 어땠니?	N	2022-08-22 04:24:00	2022-08-22 04:24:00
BE22015113	12	1	응, 이번만 잘 넘기면 다음번은 훨씬 덜 불안할 거야. 당연히 나도 그랬고. 뭐든 처음이 가장 어렵고 힘든 법이잖아?	N	2022-08-22 04:24:00	2022-11-08 05:01:04
BE22015113	13	0	후, 너랑 대화하니까 정말 안심된다. 너 아니었으면 아들 걱정에 잠도 못 잤을 것 같아.	N	2022-08-22 04:24:00	2022-11-08 05:01:04
BE22015113	14	1	내가 도움이 됐다니 참 다행이다. 네 아들 무조건 무사히 돌아올 테니까 마음 놓고 편히 있으렴!	Y	2022-08-22 04:24:00	2022-11-08 05:01:04
