id	utterance_id	utterance_type	utterance_text	terminate	regDate	updDate
BE22012085	1	0	이제 6월이니 여름이 시작되겠구나. 난 더위에 진짜 취약한 사람인데, 올해는 또 얼마나 힘들지 불안하다.	N	2022-07-27 09:03:46	2022-11-08 04:42:03
BE22012085	2	1	맞아, 넌 예전부터 더우면 정신을 못 차렸었는데. 네가 폭염에 건강이라도 나빠질까 봐 다가올 여름이 나도 걱정된다.	N	2022-07-27 09:03:46	2022-11-08 04:42:03
BE22012085	3	0	그냥 좀 싫은 게 아니라 견디기가 너무 힘들어. 온종일 얼굴이 벌겋게 달아올라 사람들 보기도 창피하고 일하기도 힘들어서 더운 게 두려울 정도야.	N	2022-07-27 09:03:46	2022-11-08 04:42:03
BE22012085	4	1	하, 그렇게까지 견디기 힘들어하는 줄은 몰랐는데, 살면서 그 수많은 여름을 나기가 얼마나 힘들었을까. 업무에까지 지장을 받을 정도면 네가 정말 고통스러웠는지 알 것 같다.	N	2022-07-27 09:03:46	2022-11-08 04:42:03
BE22012085	5	0	어릴 적 책에서 호주는 우리나라와 계절이 반대라, 우리가 여름일 때 겨울이라는 걸 본 후. 어른이 되면 여름엔 호주로 도망가서 사는 게 내 꿈이었어. 봄이 지날 때쯤엔 곧 더워질 날씨가 무서워졌었어.	N	2022-07-27 09:03:46	2022-11-08 04:42:03
BE22012085	6	1	내 주변엔 여름만 기다리는 사람들도 많던데. 넌 피해서 도망치고 싶은 정도라니, 진짜 더위에 약한 사람이구나.	N	2022-07-27 09:03:46	2022-11-08 04:42:03
BE22012085	7	0	1년 내내 더운 나라 사람들을 봐봐. 너무 힘들어서 일도 못 하고 게으르게 사니까 발전을 못 하잖아, 더위는 그렇게 위험한 거라고.	N	2022-07-27 09:03:46	2022-11-08 04:42:04
BE22012085	8	1	그건 사계절이 없는 나라의 이야기잖아. 우리나라는 여름이 짧으니까 소중해서 그 시간 동안에만 할 수 있는 재미있는 일을 찾아서 하는 거야.	N	2022-07-27 09:03:46	2022-11-08 04:42:04
BE22012085	9	0	찌는듯한 날씨를 견디기만도 힘든데, 뭘 하고 싶은 의욕이 생기는 게 정말 대단한 것 같아.	N	2022-07-27 09:03:46	2022-11-08 04:42:04
BE22012085	10	1	무더위를 잊게 해주는 물놀이가 있잖아. 바다로 계곡으로 가서 좋아하는 사람들하고 신나게 놀면 오히려 여름이 좋아질 수 있어. 산속 계곡물은 또 얼마나 시원한데.	N	2022-07-27 09:03:46	2022-11-08 04:42:04
BE22012085	11	0	맞아, 어릴 때 부모님하고 워터파크 같은 데 가면 잠깐이나마 시원하고 재미있었던 것 같기도 해.	N	2022-07-27 09:03:46	2022-11-08 04:42:04
BE22012085	12	1	또 여름에만 먹을 수 있는 수박이나 콩국수 같은 음식을 먹으면서 더운 걸 잊기도 하잖아. 더위와 맞서지 말고 피해서 재미있게 지낼 방법을 찾아보자.	N	2022-07-27 09:03:46	2022-11-08 04:42:04
BE22012085	13	0	네 말을 들어보니 내가 그동안 힘들고 안 좋은 부분만 생각했던 것 같아. 이번엔 여름의 좋은 점을 생각해보고 즐길 수 있도록 해봐야겠다. 그럼 내년부터는 여름이 오는 게 두렵지 않겠지, 도와줄 거지?	N	2022-07-27 09:03:46	2022-11-08 04:42:04
BE22012085	14	1	여름을 손꼽아 기다리게 될 날이 얼마 안 남은 거 같은데? 내가 너에게 더위를 이기는 많은 방법을 전수해줄 테니 함께 열심히 이겨내 보자.	Y	2022-07-27 09:03:46	2022-11-08 04:42:04
