id	utterance_id	utterance_type	utterance_text	terminate	regDate	updDate
BE22007178	1	0	이 이야기를 꺼내려니 지금도 가슴이 쿵쾅거리고 손이 부들부들 떨려.	N	2022-07-08 07:41:39	2022-11-08 04:10:42
BE22007178	2	1	도대체 무슨 일인데 그래? 무슨 안 좋은 일이라도 있어?	N	2022-07-08 07:41:39	2022-11-08 04:10:42
BE22007178	3	0	어제 남편이 스스로 목숨을 끊으려 했어. 지금도 믿기지 않고 너무 불안해.	N	2022-07-08 07:41:39	2022-11-08 04:10:42
BE22007178	4	1	우울증이 약간 있긴 하지만 정신과 치료받으면서 많이 호전되었다고 했잖아. 그런데 갑자기 어제 그런 일이 생겨서 정말 많이 놀랐겠구나.	N	2022-07-08 07:41:39	2022-11-08 04:10:42
BE22007178	5	0	치료받고 좋아지는 줄 알았는데, 어제 얼마나 놀랐는지 몰라. 지금도 심장이 벌렁거리는 것 같아.	N	2022-07-08 07:41:39	2022-11-08 04:10:42
BE22007178	6	1	그래, 다른 사람도 아니고 배우자가 그랬으니 얼마나 놀랐을까? 나라면 너무 당황해서 아무 것도 못했을 거야. 지금은 좀 괜찮아졌어?	N	2022-07-08 07:41:39	2022-11-08 04:10:42
BE22007178	7	0	응, 남편이랑 함께 바로 병원에 다녀왔어. 병원에 갔을 때도 얼마나 손이 부들부들 떨리던지. 지금 생각해도 당혹스러울 정도였어.	N	2022-07-08 07:41:39	2022-11-08 04:10:42
BE22007178	8	1	그래, 네가 곁에 있어 줘서 남편에게 큰 힘이 됐을 거야. 안정 취하면 괜찮아질 테니 너무 걱정하지 말고.	N	2022-07-08 07:41:39	2022-11-08 04:10:42
BE22007178	9	0	어제 남편 곁에 있어 주지 못한 게 너무 후회되고 안타까워. 내가 조금이라도 늦었다면 어떻게 됐을지 상상만 해도 식은땀이 줄줄 흘러.	N	2022-07-08 07:41:39	2022-11-08 04:10:42
BE22007178	10	1	네가 바로 발견해서 정말 천만다행이야. 곧 치료도 받았으니 괜찮아질 거야.	N	2022-07-08 07:41:39	2022-11-08 04:10:42
BE22007178	11	0	남편이 앞으로 또 그런 생각을 할까 봐 너무 무섭고 불안해.	N	2022-07-08 07:41:39	2022-11-08 04:10:42
BE22007178	12	1	치료 시작한 지 얼마 되지 않았으니 너무 걱정 마. 앞으로 꾸준히 치료받으면 분명히 더 호전될 거야. 넌 상대방에 대한 배려심이 누구보다 깊으니, 남편을 잘 지켜줄 수 있을 거야.	N	2022-07-08 07:41:39	2022-11-08 04:10:42
BE22007178	13	0	그런가? 내가 정말 남편을 잘 지켜줄 수 있을까?	N	2022-07-08 07:41:39	2022-11-08 04:10:42
BE22007178	14	1	그럼, 넌 누구보다 남편을 사랑하고 이해하는 배우자이잖아. 마음 편히 먹고 곁에 있어 주면 좋아질 거야.	N	2022-07-08 07:41:39	2022-11-08 04:10:42
BE22007178	15	0	그래, 네 말을 들으니 위로가 되네. 힘든 얘기 들어줘서 정말 고마워.	N	2022-07-08 07:41:39	2022-11-08 04:10:42
BE22007178	16	1	나도 고맙게 생각해. 하기 쉽지 않은 이야기해 줘서. 내가 친구로서 조금이라도 위로가 되었으면 좋겠어.	N	2022-07-08 07:41:39	2022-11-08 04:10:42
BE22007178	17	0	그래, 친구의 위로를 받으니 마음이 좀 편안해진다. 고마워.	Y	2022-07-08 07:41:39	2022-11-08 04:10:42
