id	utterance_id	utterance_type	utterance_text	terminate	regDate	updDate
BE22010597	1	0	아들이 공부하는 걸 너무 좋아해서 걱정하는 부모가 또 있을까요? 전 공부만 너무 하는 아들이 좀 걱정스럽고 불안합니다.	N	2022-07-20 12:48:22	2022-11-08 04:32:35
BE22010597	2	1	아드님이 공부를 좋아하신다니, 정말 부럽습니다. 그런데 모든 것에도 정도가 있다고 하니, 그 정도가 지나치면, 근심스럽긴 하시겠습니다.	N	2022-07-20 12:48:22	2022-11-08 04:32:35
BE22010597	3	0	네 맞습니다. 처음에는 공부를 열심히 하는 아들이 대견해서 칭찬을 많이 해줬죠. 그랬는데 지금은 공부만 하고 놀지 않으니 무슨 이유인지 불안합니다.	N	2022-07-20 12:48:22	2022-11-08 04:32:35
BE22010597	4	1	감정화자님 마음 이해됩니다. 공부만 잘하고, 많이 한다고 좋은 건 아니니까요. 한쪽으로 치우친 생활을 하는 게 걱정스러우신 거죠?	N	2022-07-20 12:48:22	2022-11-08 04:32:35
BE22010597	5	0	네, 아이가 친구들과 어울리지 못하는 이유가 있는 건 아닐까? 아니면 따돌림을 받아서 공부만 하는 건 아닐까? 사실 그런 불안감이 늘 있습니다.	N	2022-07-20 12:48:22	2022-11-08 04:32:35
BE22010597	6	1	당연히 그러시지요. 저도 아이가 매일 집에만 있으려고 하면, 친구들 사이에 무슨 일이 있는 건 아닌지 불안해지거든요. 감정화자님의 그 불안감을 충분히 이해합니다.	N	2022-07-20 12:48:22	2022-11-08 04:32:35
BE22010597	7	0	네, 그래서 아이와 함께 산책하면서 은근히 마음을 떠보려고 해도 마음을 열지 않아요. 공부하는 게 행복해 보인다기보다 어쩔 수 없이 하는 것처럼 느껴지기도 하거든요. 어떻게 알아봐야 할지 걱정도 되고, 정말 교우관계가 좋지 않은 거라면 어찌해야 할지 불안, 불안합니다.	N	2022-07-20 12:48:22	2022-11-08 04:32:35
BE22010597	8	1	행복한 모습이 보이지 않는 아이의 모습을 볼 때, 무너지는 마음은 부모만 알 수 있죠. 공부도 중요하지만, 친구들과 사이좋고 즐겁게 지내길 바라는 마음 또한 부모 마음이니까요.	N	2022-07-20 12:48:22	2022-11-08 04:32:35
BE22010597	9	0	맞아요, 예전에는 공부를 중요하게 여겨 잔소리를 많이 했는데, 요즘은 나가 놀라고 잔소리하고 있으니. 아이도 여간 헷갈리는 게 아닐 거예요. 저는 그래서 아이들을 어떻게 가르쳐야 할지 그것도 생각하면 초조해져요.	N	2022-07-20 12:48:22	2022-11-08 04:32:35
BE22010597	10	1	감정화자님 지금도 아이에 대한 관심도 많으시고, 눈높이에 맞춘 놀이와 대화도 잘해주신다고 소문이 자자합니다. 어떨 때는 약간의 거리를 두고 아이를 바라보는 것도 중요한 것 같아요. 불안감을 조금만 내려두고, 느긋하게 바라보는 것도 좋은 방법 같아요.	N	2022-07-20 12:48:22	2022-11-08 04:32:35
BE22010597	11	0	에이 별말씀을요. 제가 아이 문제라면 좀 느긋해지기가 쉽지는 않네요. 공감화자님 말씀 따라 불안감을 좀 내려두어야 할 필요가 있다고 느껴지네요.	N	2022-07-20 12:48:22	2022-11-08 04:32:35
BE22010597	12	1	저도 감정화자님처럼 아이들 문제에는 민감하게 되지만, 거리를 두고 보려고 노력해요. 그러다 보면 어느새 문제가 해결되더라고요. 그러니 불안한 마음 너무 갖지 마세요.	N	2022-07-20 12:48:22	2022-11-08 04:32:35
BE22010597	13	0	맞아요, 때론 멀리서 바라봐야 해결점이 보일 때가 있지요. 저도 놀지 않는다고 별다른 이유도 없이 교우 문제가 있는 건 아닐까 혼자 상상하고 있었거든요. 그래요, 불안감을 내려두고 좀 기다려 봐야겠어요.	N	2022-07-20 12:48:22	2022-11-08 04:32:35
BE22010597	14	1	네, 좋은 생각이세요, 부모의 불안감은 아이들에게 도움이 되지 않더라고요. 언제나 아이들 편에서 생각 잘하시는 분이시니 이번에도 잘 헤쳐가실 수 있을 거라 믿습니다.	N	2022-07-20 12:48:22	2022-11-08 04:32:35
BE22010597	15	0	언제나 좋은 말씀으로 위로와 힘을 주시는 공감화자님. 제가 많이 배우고 있습니다. 오늘처럼 불안감이 놓일 수 있는 것도 다 공감화자님 덕분이에요. 항상 감사드려요.	Y	2022-07-20 12:48:22	2022-11-08 04:32:35
