id	utterance_id	utterance_type	utterance_text	terminate	regDate	updDate
BE22012351	1	0	새로운 사업 구상에 하루가 너무 빨리 지나가네요. 새로운 일을 시작하는 건 좋은데, 불안한 마음은 어쩔 수 없네요.	N	2022-07-29 04:34:49	2022-11-08 04:43:41
BE22012351	2	1	대단하십니다! 벌써 구체적인 구상 작업을 시작하셨다니요. 언제나 행동력 하나는 끝내주십니다. 그런데 불안함은 어찌 보면 피할 수 없는 일이죠.	N	2022-07-29 04:34:49	2022-11-08 04:43:41
BE22012351	3	0	빠르게 결정 내려야 하는 순간들이 생각보다 많아요. 그래서 잘하고 있는 결정인가 판단할 시간이 충분치가 않다고 느껴지니 불안하고 두렵습니다.	N	2022-07-29 04:34:49	2022-11-08 04:43:41
BE22012351	4	1	그런 마음이 드실 만도 합니다. 선택에 대한 부담감도 있으실 텐데, 그걸 빠르게 해야 한다니 더 그러실 것 같습니다.	N	2022-07-29 04:34:49	2022-11-08 04:43:41
BE22012351	5	0	네 맞아요. 그래서 사람들이 선택이나 결정을 부담스러워하지 않습니까. 저도 사업을 하면서 그 부분이 제일 어렵고 벅차요. 그래서 때로는 사업을 괜히 시작한다고 했나 하는 생각이 들 때도 있습니다.	N	2022-07-29 04:34:49	2022-11-08 04:43:41
BE22012351	6	1	그럼요, 중요하지 않은 일도 결정을 내리라는 책임이 생기면 부담스럽게 마련인데요. 저도 회사에서 이사직을 맡고 있지만, 가장 어려운 게 그 부분입니다. 그러니 감정화자님께서 얼마큼의 부담감을 느끼고 계실지 충분히 알고 있습니다.	N	2022-07-29 04:34:49	2022-11-08 04:43:41
BE22012351	7	0	그런 마음으로 오랜 기간 일하고 계신 공감화자님도 대단하십니다. 전 새로운 아이디어를 펴고 사업을 사는 건 재미있어요. 그런데 이런 부담감에 대한 생각은 깊이 하지 않고 시작한 일이라 불안감이 만만치 않습니다.	N	2022-07-29 04:34:49	2022-11-08 04:43:41
BE22012351	8	1	일을 향한 감정화자님의 이중적인 마음은 자연스러운 거예요. 본인이 좋아하는 일을 한다고 해도, 하기 싫은 부분까지 껴안아야 그것을 할 수 있으니까요.	N	2022-07-29 04:34:49	2022-11-08 04:43:41
BE22012351	9	0	그런가요? 사업을 구상 중에 이런 마음이 드니, 지금 단계에서 그만두어야 하는 건 아닌지 고민이 많습니다. 제가 과연 사업을 할 만한 사람인가 하는 근본적인 고민도 듭니다. 게다가 이렇게 불안감이 높으니 부쩍 더 그런 마음이 드네요.	N	2022-07-29 04:34:49	2022-11-08 04:43:41
BE22012351	10	1	감정화자님 얼마나 대단하신 분인데 그런 약한 마음을 갖고 계세요. 훌륭한 아이디어를 현실로 이뤄내시는 행동력과 추진력이 좋으세요. 모든 일의 시작에는 불안감이 함께하는 것이니, 그런 고민은 하지 않으셔도 되어요.	N	2022-07-29 04:34:49	2022-11-08 04:43:41
BE22012351	11	0	항상 좋게 봐주시니 감사드려요. 이렇게 격려해주시고, 불안한 마음을 위로해 주시는 공감화자님이 계시니 믿고, 더 열심히 해야겠습니다.	N	2022-07-29 04:34:49	2022-11-08 04:43:41
BE22012351	12	1	그럼요, 이렇게 훌륭하신 분께서 불안감 때문에 사업을 접으신다면, 손해 볼 사람들이 너무 많습니다. 불안감은 언제 어디서나 들어요. 본인을 더 믿고, 나아가세요.	N	2022-07-29 04:34:49	2022-11-08 04:43:41
BE22012351	13	0	모든 결정을 내릴 때마다, 새로운 아이디어를 내어놓을 때마다 두려운 감정이 드는 게 사실입니다. 그런 감정만 생각하고 아무것도 하지 않았다면, 지금 이렇게 사업 생각은 하지도 못했을 거예요.	N	2022-07-29 04:34:49	2022-11-08 04:43:41
BE22012351	14	1	그럼요! 그런 마음가짐으로 나아가시는 감정화자님을 응원합니다. 다시 파이팅 하시는 모습이 정말 보기 좋습니다!	N	2022-07-29 04:34:49	2022-11-08 04:43:41
BE22012351	15	0	이게 다 공감화자님의 훌륭하신 조언 덕분입니다. 항상 믿고 격려해주셔 고맙습니다. 불안감은 내려두고, 앞을 향해 전진해야겠습니다.	Y	2022-07-29 04:34:49	2022-11-08 04:43:41
