id	utterance_id	utterance_type	utterance_text	terminate	regDate	updDate
BE22005416	1	0	요즘 이상하게 몸에 피로감이 많은 거 같아요.	N	2022-06-30 11:18:53	2022-11-08 03:59:18
BE22005416	2	1	감정화자씨, 요즘 많이 무리한 거 아니에요?	N	2022-06-30 11:18:53	2022-11-08 03:59:18
BE22005416	3	0	꼭 그런 건 아닌데도 평소와 다르게 몸 상태가 안 좋아져서 걱정이네요. 그래서 요즘 비타민을 먹어보고 있어요.	N	2022-06-30 11:18:53	2022-11-08 03:59:18
BE22005416	4	1	건강을 위해 보조제를 챙겨 먹는 것은 좋다고 생각해요. 그리고 그 정도로 감정화자씨 몸이 안 좋아 보여 저도 참 걱정이 되네요.	N	2022-06-30 11:18:53	2022-11-08 03:59:18
BE22005416	5	0	걱정해주셔서 고마워요. 그런데 몸이 계속 피로하니까 회사에서도 업무에 대한 집중력이 떨어지는 거 같아요. 이러면 회사에서도 안 좋게 보이지 않을까 걱정스럽기도 해요.	N	2022-06-30 11:18:53	2022-11-08 03:59:18
BE22005416	6	1	그렇겠네요. 걱정이 많으시겠어요. 피로감이 오래 지속되는 거라면 병원에 한번 가보는 것도 좋지 않을까요?	N	2022-06-30 11:18:53	2022-11-08 03:59:18
BE22005416	7	0	사실 그게 걱정이에요. 병원에 갔는데 혹시 다른 병이 생겨서 피로감이 지속되는 걸까 봐요.	N	2022-06-30 11:18:53	2022-11-08 03:59:18
BE22005416	8	1	모든 걱정은 앞서서 할 필요는 없다고 생각해요. 대부분의 걱정거리는 결국 기우인 경우가 많아요. 제가 볼 때의 감정화자씨는 부지런하고 규칙적인 생활을 하시는 분이라 큰 병은 아닐 거라고 생각해요.	N	2022-06-30 11:18:53	2022-11-08 03:59:18
BE22005416	9	0	월차를 내서 주말까지 며칠 쭉 쉬고 싶지만 회사 업무를 생각하면 또 쉽지 않네요. 크게 아픈 것도 아닌데 쉬어도 되나 싶어요. 회사에서 안 좋게 보지 않을까요?	N	2022-06-30 11:18:53	2022-11-08 03:59:18
BE22005416	10	1	평소에 멀쩡하던 것이 잘못되어 걱정이 생기게 되면 걱정은 계속 불어나지요. 그래도 삶에서 가장 중요한 한 가지를 꼽아보라면 저는 건강이라고 생각해요. 그리고 회사에서도 건강한 미소를 짓는 감정화자씨의 일하는 모습을 더 좋아해 줄 거니까요.	N	2022-06-30 11:18:53	2022-11-08 03:59:18
BE22005416	11	0	그렇네요. 요즘 컨디션이 안 좋다 보니 걱정만 늘어난 거 같아요.	N	2022-06-30 11:18:53	2022-11-08 03:59:18
BE22005416	12	1	너무 걱정하지 말아요. 지금의 불안함은 잠깐 지나가는 소나기 같은 거예요. 뭐든지 열심히 하시는 감정화자씨니까 일도 열정이 앞선 건 아닐까 해요 일과 삶의 균형을 잘 맞추어 보세요.	N	2022-06-30 11:18:53	2022-11-08 03:59:18
BE22005416	13	0	그렇군요. 제가 그동안 너무 일만 하면서 살아온 거 같네요.	N	2022-06-30 11:18:53	2022-11-08 03:59:18
BE22005416	14	1	그만큼 감정화자씨가 열정이 높고 업무에 있어서도 책임감이 강한 거라고 생각해요. 저는 감정하자 씨가 뭐든지 다 잘 해내는 사람이라고 믿고서요. 그러니 자기관리도 아주 잘해서 멋진고 건강한 미소를 되찾으실 거라 봅니다.	N	2022-06-30 11:18:53	2022-11-08 03:59:18
BE22005416	15	0	그래요, 말씀 정말 고맙습니다. 덕분에 피로가 풀리는 거 같네요.	Y	2022-06-30 11:18:53	2022-11-08 03:59:18
