id	utterance_id	utterance_type	utterance_text	terminate	regDate	updDate
BE22010472	1	0	선배 자차로 삼사십분이면 가던 회사가 지금은 한 시간이 넘게 걸려요. 운전도 서툰 저는 출근길부터 지치네요.	N	2022-07-20 06:23:16	2022-11-08 04:31:48
BE22010472	2	1	어머 자기 출근할 때부터 지치고 스트레스받아 걱정이 크겠구나. 그러고 회사에 가면 일 집중력도 떨어지겠다.	N	2022-07-20 06:23:16	2022-11-08 04:31:48
BE22010472	3	0	코로나가 유행하고부터 사람들이 대중교통을 잘 이용 안 하나 봐요. 저처럼 초보운전 딱지 부친 차들이 어찌나 많은지요.	N	2022-07-20 06:23:16	2022-11-08 04:31:48
BE22010472	4	1	아하 그런 이유가 있었구나. 그 많은 차들 틈에 끼어 운전하기가 쉽지 않을 텐데 그래도 가지고 다니는 용기가 대단해. 출근 시간을 조금 당기면 막히는 게 덜하지 않을까?	N	2022-07-20 06:23:16	2022-11-08 04:31:48
BE22010472	5	0	운전을 자꾸 해야 실력이 느는 거 아는데요. 출퇴근 꽉 막힌 도로에서 차선 변경할 생각 하면 스트레스가 장난이 아니에요. 애들 때문에 더 빨리 나오는 건 힘들 것 같고.	N	2022-07-20 06:23:16	2022-11-08 04:31:48
BE22010472	6	1	정말 쉽지 않지. 제법 운전을 오래 한 나도 끼어들지 못할 때도 많은데 자기는 오죽하겠어. 이 시기 잘 견디고 나면 아무것도 아니구나, 할 거야.	N	2022-07-20 06:23:16	2022-11-08 04:31:48
BE22010472	7	0	그런 날 오겠죠? 어쩔 땐 심장마비로 이러다 죽나 싶을 때도 있고. 운전대를 잡을 생각 하면 과도한 불안과 스트레스로 과민성대장증후군이 오기도 해요.	N	2022-07-20 06:23:16	2022-11-08 04:31:48
BE22010472	8	1	그 상황에서도 꿋꿋하게 운전하는 네가 정말 대단한 거지. 당장은 옆에 달리는 차도 끼어드는 차도 무섭겠지만 자기 페이스만 잘 유지하고 가봐. 2년 후면 내가 언제 그랬나 싶을걸.	N	2022-07-20 06:23:16	2022-11-08 04:31:48
BE22010472	9	0	2년 후 정말 저는 운전을 잘할 거라 믿어요. 내 맘대로 차선 변경하고 운전이 제일 쉬었어요 라고 거들먹거리고 싶어요.	N	2022-07-20 06:23:16	2022-11-08 04:31:48
BE22010472	10	1	그 새 자신감이면 붙었구나, 대단한데. 운전도 기술이다 보니 계속하면 느는 게 진리야. 너는 지금 충분히 잘 견디며 운전을 하고 있어.	N	2022-07-20 06:23:16	2022-11-08 04:31:48
BE22010472	11	0	선배 말씀이 정말 힘이 되네요, 감사해요. 내일 출근길은 자신감이 붙어 조금 더 일찍 회사에 도착할 수 있겠죠?	N	2022-07-20 06:23:16	2022-11-08 04:31:48
BE22010472	12	1	스트레스 많이 받았을 건데 자신감이 생긴 것 같아 내가 기분이 좋은걸. 정말 차선 변경을 못 하겠거든 손을 내밀어 신호를 보내 봐. 열의 아홉은 양보해 줄 거니 자신감을 가져요.	N	2022-07-20 06:23:16	2022-11-08 04:31:48
BE22010472	13	0	네 한결 맘이 편해졌어요. 아침마다 운전으로 인해 화장실을 두세 번씩 가야 하는 제 스트레스가 사라질 것 같은 예감이에요.	N	2022-07-20 06:23:16	2022-11-08 04:31:48
BE22010472	14	1	정말 심하게 긴장했었구나. 이젠 그럴 일 없을 거니까 걱정하지 마. 운전에 자신이 생기면 아무리 오래 걸리는 출퇴근길도 콧노래를 부르며 가게 될 거야.	N	2022-07-20 06:23:16	2022-11-08 04:31:48
BE22010472	15	0	생각만 해도 기분이 너무 좋아요. 자신감 뿜뿜 솟을 때 선배 꼭 제 차로 드라이브시켜 드릴게요. 격려해 줘서 감사드려요.	Y	2022-07-20 06:23:16	2022-11-08 04:31:48
