id	utterance_id	utterance_type	utterance_text	terminate	regDate	updDate
BE22013598	1	0	나 아직도 전 남자 친구한테 문자가 오는데 어떻게 반응해야 할지 모르겠어. 정말 불안하고 스트레스받아.	N	2022-08-09 07:59:56	2022-11-08 04:51:28
BE22013598	2	1	너 반년 전에 헤어졌다고 하지 않았어? 근데 아직도 연락이 온다고?	N	2022-08-09 07:59:56	2022-08-09 07:59:56
BE22013598	3	0	초반에는 헤어지고 갑자기 연락 끊으면 얘도 힘들겠다 싶어서 연락오면 답장해 줬거든. 그거 때문에 그런지 아직까지도 종종 문자가 오는데 그럴 때마다 스트레스받아 죽겠어. 처음에는 애틋한 감정이 좀 남아있었는데 이젠 점점 혐오감 들어.	N	2022-08-09 07:59:56	2022-11-08 04:51:28
BE22013598	4	1	정말 그렇겠다, 어떤 기분인지 알 것 같아. 좋았던 기억까지 빛이 바래는 느낌, 정말 싫겠다. 벌써 오래전에 끝난 일인데, 네가 정말 힘들 것 같아.	N	2022-08-09 07:59:56	2022-11-08 04:51:28
BE22013598	5	0	사실 지난주에 이제 그만 연락했으면 좋겠다고, 용기 내서 넌지시 말해봤거든. 알아듣는 척하더니 오늘 또 문자를 보낸 거야. 어떻게 해야 할지 모르겠어서 불안해하다가 또 답장을 보내고야 말았어, 이런 내가 정말 싫다.	N	2022-08-09 07:59:56	2022-11-08 04:51:28
BE22013598	6	1	네가 마음이 여리고 착해서 그래, 너무 스스로를 탓하지 마. 나였어도 불안감에 시달리다 결국 답장하고 후회했을 거야. 전 애인의 연락을 무시한다는 게 정말 쉬운 일이 아닌 것 같아.	N	2022-08-09 07:59:56	2022-11-08 04:51:28
BE22013598	7	0	너도 그렇게 생각한다니 다행이다. 나는 이럴 때마다 그 사람에 대한 부정적인 감정에 사로잡혀서 하루를 다 망쳐버려. 지금도 불안한 기분이 아직 남아있어서 너무 찝찝해.	N	2022-08-09 07:59:56	2022-08-09 07:59:56
BE22013598	8	1	충분히 그런 기분을 느낄 만한 일이라고 생각해. 하지만 그 사람에 대한 생각은 의식적으로 떨쳐내고 네 마음 자체에 집중해보는 건 어때? 네가 어째서 스트레스를 느끼고 있는지 차분히 관찰하다 보면 거북한 마음이 조금 사라질 거야.	N	2022-08-09 07:59:56	2022-11-08 04:51:28
BE22013598	9	0	그러고 보니 예전에 배웠던 명상에서도 비슷한 조언을 들었던 것 같아. 그 당시엔 어떤 갈등이 있어도 마음이 호수처럼 고요했는데, 네 덕분에 그때의 기분이 떠올랐어. 나도 계속 당황스러운 기분에 갇혀있을 게 아니라 조금 더 침착하게 생각해야 할 것 같아.	N	2022-08-09 07:59:56	2022-08-09 07:59:56
BE22013598	10	1	맞아, 너 정말 현명하다. 너는 타인이 아무리 건드려도 무너지지 않을 감정의 방어선을 구축할 줄 아는 사람이구나! 	N	2022-08-09 07:59:56	2022-11-08 04:51:28
BE22013598	11	0	고마워, 네 덕분에 마음이 많이 침착해졌어. 내 기분을 지키는 힘은 내 자신에서 나온다는 걸 잊고 있었던 것 같아. 이제 더 이상 휘둘리지 않을래, 또 연락이 오더라도 그냥 무시하거나 차단해야겠어.	N	2022-08-09 07:59:56	2022-08-09 07:59:56
BE22013598	12	1	처음엔 네 상태가 많이 불안해 보여서 걱정했는데, 그래도 금방 여유를 되찾은 것 같아. 정말 다행이다.	N	2022-08-09 07:59:56	2022-11-08 04:51:28
BE22013598	13	0	응, 네가 내 말을 경청해 주고 조언해 준 덕분이야. 정처 없는 마음에 너한테 대뜸 문자한 건데, 너한테 연락하길 정말 잘한 것 같아.	N	2022-08-09 07:59:56	2022-08-09 07:59:56
BE22013598	14	1	네가 그렇게 말해줘서 나도 기뻐. 다음에 또 스트레스받는 일 생기면 언제든지 나한테 다시 문자해도 돼!	Y	2022-08-09 07:59:56	2022-11-08 04:51:28
