id	utterance_id	utterance_type	utterance_text	terminate	regDate	updDate
BE22009716	1	0	태풍이 또 오나 봐요. 과수원 운영하는 입장에서 정말 힘드네요.	N	2022-07-18 05:58:27	2022-11-08 04:27:00
BE22009716	2	1	아이고, 큰일이네요. 이번에는 피해가 적어야 할 텐데요.	N	2022-07-18 05:58:27	2022-11-08 04:27:00
BE22009716	3	0	이번에 피해 볼 금액 생각을 하니 벌써 숨이 막히는 것 같아요.	N	2022-07-18 05:58:27	2022-11-08 04:27:00
BE22009716	4	1	정말 손해가 이만저만이 아니겠어요. 많이 힘드시죠?	N	2022-07-18 05:58:27	2022-11-08 04:27:00
BE22009716	5	0	네. 저번 태풍 피해 복구도 아직 다 끝나지 않았는데. 도대체 전 어떻게 해야 하는 걸까요.	N	2022-07-18 05:58:27	2022-11-08 04:27:00
BE22009716	6	1	노력이 일시에 물거품이 되면 저라도 그런 생각이 들 것 같네요. 그래도 다가올 태풍 대비를 하셔야 손해를 줄일 수 있겠죠. 조금만 더 힘을 내보시면 좋겠네요.	N	2022-07-18 05:58:27	2022-11-08 04:27:00
BE22009716	7	0	그런데 대비를 해도 계속 더 강한 태풍이 몰려오니 손 쓸 도리가 없어요.	N	2022-07-18 05:58:27	2022-11-08 04:27:00
BE22009716	8	1	하긴, 잇단 태풍에 과수원이 온전할 리 없겠군요. 그러면 이대로 손 놓고 피해를 보는 수밖에 없는 건가요?	N	2022-07-18 05:58:27	2022-11-08 04:27:00
BE22009716	9	0	그렇진 않아요. 대비를 안 할 수는 없어요. 그렇지만 이렇게 되면 올해는 1년 치 수확물을 거의 잃는 거나 다름없어서 눈앞이 캄캄하네요.	N	2022-07-18 05:58:27	2022-11-08 04:27:00
BE22009716	10	1	생각보다 더 피해가 극심하네요. 과수원 일이 참 만만치 않은데 여태 일궈오신 게 참 대단하게 느껴져요.	N	2022-07-18 05:58:27	2022-11-08 04:27:00
BE22009716	11	0	그동안 참 열심히 하긴 했어요. 그런데 이렇게 태풍이 올 때마다 피해가 크니 과수원을 계속할 수 있을지 모르겠어요.	N	2022-07-18 05:58:27	2022-11-08 04:27:00
BE22009716	12	1	공들여 관리한 나무들이 쓰러지고 과일들이 떨어지는 걸 보면 저라도 그렇겠어요. 상심이 크시죠. 그렇지만 여태 이렇게 잘 해오셨으니 포기하지 않으면 분명 상황이 좋아질 거예요.	N	2022-07-18 05:58:27	2022-11-08 04:27:00
BE22009716	13	0	정말 그럴까요? 상황이 나아질지 모르지만 일단 오늘도 종일 나무를 단단히 묶어 놓았어요.	N	2022-07-18 05:58:27	2022-11-08 04:27:00
BE22009716	14	1	단단히 대비하셨으니 분명 피해가 덜할 거예요. 부디 이번에는 무탈하게 지나갔으면 좋겠네요.	N	2022-07-18 05:58:27	2022-11-08 04:27:00
BE22009716	15	0	고마워요. 염려 덕에 피해가 적길 바라야지요.	N	2022-07-18 05:58:27	2022-11-08 04:27:00
BE22009716	16	1	태풍도 곧 지나가고 나무에도 볕 들 날이 오겠죠. 그때까지 마음을 단단히 먹고 버티셨으면 좋겠어요. 하루하루가 고난의 연속처럼 느껴지시겠지만 조금만 더 힘을 내세요.	Y	2022-07-18 05:58:27	2022-11-08 04:27:00
