id	utterance_id	utterance_type	utterance_text	terminate	regDate	updDate
BE22010695	1	0	저 생활비가 부족해서 아르바이트 알아봐야 되는데, 학점관리까지 해야 되어서 여러모로 너무 불안해 죽겠어요. 곧 시험기간이라 공부도 해야 하는데 시간이 터무니없이 부족할 것 같아요. 원하는 직장 가려면 장학금 이번에도 꼭 받아야 하는데 말이에요.	N	2022-07-21 04:47:37	2022-11-08 04:33:12
BE22010695	2	1	에고, 성적관리하는 것도 시간적인 부분뿐 아니라 체력소모도 클 텐데 일까지 해야 한다니 너무 정신없겠다. 장학금 받을 생각하는 것도 대단한데, 돈 벌려고 일까지 하려는 네가 기특하기도 하고 안쓰럽기도 해. 그동안 학점관리 잘하는 것만으로도 참 대단하다고 생각했어.	N	2022-07-21 04:47:37	2022-11-08 04:33:12
BE22010695	3	0	감사해요. 성인인데 부모님께 항상 용돈받는것만으로도 죄송스러웠거든요. 그런데 이번에는 자취하는 곳 월세가 올라 생활비가 턱없이 부족해졌어요. 부모님도 힘들게 돈 벌고 계신 상황인데 더 달라고 말씀드리기 힘들어서 제가 벌어야 하는 상황이거든요.	N	2022-07-21 04:47:37	2022-11-08 04:33:12
BE22010695	4	1	그랬구나, 안 그래도 그동안 불편한 마음으로 용돈을 받았는데 돈이 부족한 상황이라니 얼마나 난감했을까 싶어. 그런데 나라면 결국에는 말씀 드렸을 것 같은데, 고생 안 시켜 드리려고 알아서 해결하려는 네가 참 착하구나. 어린 나이에 그런 생각을 하다니 참 기특하기도 하고 동시에 짠하기도 해.	N	2022-07-21 04:47:37	2022-11-08 04:33:12
BE22010695	5	0	그렇게 말씀해주셔서 감사해요. 요즘 애들 공부 정말 독하게 해서 지난번 장학금 받는 것도 정말 아슬아슬했거든요. 이번엔 시간을 더 쪼개서 일까지 해야 하는데 어떻게 해야 할 지 모르겠어요.	N	2022-07-21 04:47:37	2022-11-08 04:33:12
BE22010695	6	1	그러네, 고민이 정말 많이 되겠구나. 만약에 그렇게 불안한 상황이라면, 두 가지를 다 잡으려고 하다가 둘 다 놓칠 수도 있겠다는 생각이 들어. 사실 네 말대로 공부만 죽어라 해도 장학금 받는 게 쉽지 않잖아.	N	2022-07-21 04:47:37	2022-11-08 04:33:12
BE22010695	7	0	맞아요, 시험뿐만 아니라 과제도 아직 많이 남았거든요. 일하면서 틈틈이 과제를 할까 생각도 했는데, 계속 실수하고 눈치도 엄청 보일 것 같아요. 그럼 어떻게 하는 게 좋을까요?	N	2022-07-21 04:47:37	2022-11-08 04:33:12
BE22010695	8	1	내가 생각한 해결책은, 결정하기 힘들겠지만 둘 중에 뭐가 더 중요한지를 선택하고 나머지는 한발 물러서는 거야. 우선은 시험기간이 얼마 남지 않았으니 부모님께 말씀드리고 학업에 매진하는 게 좋을 것 같아. 길게 보면 입사에도 영향을 미치는 거니 나중에 부모님께 더 크게 보답해드리면 되지 않을까?	N	2022-07-21 04:47:37	2022-11-08 04:33:12
BE22010695	9	0	아, 그러네요, 맞는 말씀이에요. 지금 당장보다 길게 본다면 저한테도 좋은 선택이지만 부모님께도 보답해드릴 수 있는 길이겠네요. 너무 불안하고 죄송스러워서 눈앞의 일만 봤어요.	N	2022-07-21 04:47:37	2022-11-08 04:33:12
BE22010695	10	1	그래, 나라도 시험기간인데 갑자기 월세가 오르면 당황스럽고 불안해서 눈앞의 일만 생각했을 것 같아. 그래, 선택하고 나니 마음이 좀 놓이니?	N	2022-07-21 04:47:37	2022-11-08 04:33:12
BE22010695	11	0	네, 아깐 시간적으로 여유가 없다고 생각하니 숨이 턱턱 막혔는데 이제야 좀 낫네요. 부모님께 어떻게 말씀드려야 할지 한번 잘 고민해봐야겠어요. 정말 감사해요!	N	2022-07-21 04:47:37	2022-11-08 04:33:12
BE22010695	12	1	그냥 내 의견을 얘기한 건데 도움이 되었다니 기쁘구나. 깊은 네 마음은 잘 알지만, 부모님께 가끔 기대어도 괜찮아, 철이 없는 게 아니라 그런 게 가족이니까. 또 부모님도 네가 너무 힘들어하는 것 보다 네게 힘이 되어주시길 원하실 거야.	N	2022-07-21 04:47:37	2022-11-08 04:33:12
BE22010695	13	0	아, 정말 그렇게 말씀해주시니 마음이 편해지네요. 정말 감사해요. 제가 맏이라 아직 그런 게 잘 안되지만 조금씩 연습해볼게요.	N	2022-07-21 04:47:37	2022-11-08 04:33:12
BE22010695	14	1	그래그래, 또 나도 옆에서 힘이 되어줄게. 언제든 도움이 필요하면 연락하렴!	Y	2022-07-21 04:47:37	2022-11-08 04:33:12
