id	utterance_id	utterance_type	utterance_text	terminate	regDate	updDate
BE22011783	1	0	며칠 전에 모임 못 나가서 너무 미안하다. 재미있었어?	N	2022-07-26 05:29:12	2022-11-08 04:40:08
BE22011783	2	1	네가 모임에 나오지 못해서 몹시 허전했어. 오랜만에 사람들 만나서 수다 떠니까 스트레스도 풀리고 좋더라구. 바쁜 일이라도 있어서 못 나왔던 거야?	N	2022-07-26 05:29:12	2022-11-08 04:40:08
BE22011783	3	0	바쁜 일이 있었던 건 아니고, 손녀딸 보느라고 못 갔어. 마음이 너무 불안해서.	N	2022-07-26 05:29:12	2022-11-08 04:40:08
BE22011783	4	1	손녀딸과 함께하느라고 못 나왔다니 그래도 다행이다. 예쁜 손녀딸이 집에 와 있으니 살맛이 나겠구나. 아들 내외는 없고 설마 너 혼자 손녀를 돌보는 것은 아니겠지?	N	2022-07-26 05:29:12	2022-11-08 04:40:08
BE22011783	5	0	맞아. 나 혼자 손녀를 돌보고 있어. 아들 부부는 결혼하고도 코로나19 때문에 신혼여행을 못 갔잖니. 그래서 거리두기가 끝나자마자 아들 내외 여행 보냈어.	N	2022-07-26 05:29:12	2022-11-08 04:40:08
BE22011783	6	1	이제 거리 두기가 시작되었으니 손녀는 네가 보고 아들과 며느리를 신혼여행 겸해서 여행을 보낸 거구나. 아들 내외를 여행 보낼 생각을 했다니 정말로 멋지다. 나 같으면 상상도 못했을 텐데 칭찬받아 마땅해.	N	2022-07-26 05:29:12	2022-11-08 04:40:08
BE22011783	7	0	칭찬받으니 약간 쑥스럽네. 여행 보낸 건 정말 잘한 것 같아, 정말 좋아하더라구. 그런데 남편이 손녀 보는 걸 도와주긴 해도 하루 종일 손녀를 돌보는 것이 많이 힘드네.	N	2022-07-26 05:29:12	2022-11-08 04:40:08
BE22011783	8	1	체력도 예전 같지 않을 텐데 손녀가 이제 한창 뛰어다닐 나이니까 손녀 쫒아다니기도 바쁘고 힘들지? 그래도 너희 부부가 손녀를 돌보겠다고 하면서 여행을 보냈으니 너의 아들과 며느리가 무척 고마워 할거야.	N	2022-07-26 05:29:12	2022-11-08 04:40:08
BE22011783	9	0	나이가 들어서 그런지 손녀를 돌보는 게 보통 일이 아니네. 혹시 다치기라도 할까봐 불안하고 매사가 조심스러워.	N	2022-07-26 05:29:12	2022-11-08 04:40:08
BE22011783	10	1	그렇지. 한창 크는 아이들이라 하루 종일 뛰어다니니까 조금만 방심해도 아기들이 다칠까봐 걱정이잖아. 나는 체력이 달려서 감히 손주 돌보는 생각은 하지도 못하는데, 너는 대단한 거야. 쉬지도 못하고 손녀를 돌보고 있자니 다칠까봐 조심스럽고 정말 힘들 거라는 생각이 들어.	N	2022-07-26 05:29:12	2022-11-08 04:40:08
BE22011783	11	0	힘든 걸 알아주니 고맙다. 이제 내일이면 아들 내외가 오니까 그나마 다행이야.	N	2022-07-26 05:29:12	2022-11-08 04:40:08
BE22011783	12	1	손녀가 예쁘긴 하지만 돌보는 것은 정말 힘든 일인데, 내일 아들 내외가 돌아온다고 하니 다행이다. 하지만 아들 내외가 막상 손녀를 데려가고 나면 당분간 몹시 허전할 거야. 방글거리는 모습이 계속 아른거릴 텐데 어쩌지?	N	2022-07-26 05:29:12	2022-11-08 04:40:08
BE22011783	13	0	맞아, 그럴 것 같아. 손녀를 돌보다 보면 혹여라도 다칠까봐 매사에 조심스러운 것도 있어. 하지만 며칠 안 보면 몹시 보고 싶고 그렇더라구.	N	2022-07-26 05:29:12	2022-11-08 04:40:08
BE22011783	14	1	벌써부터 손녀를 보내놓고 나면 다시 보고 싶어지는 생각을 하니 마음이 찡한가 보구나. 나도 우리 손녀가 보고 싶어서 손녀 사진을 하루에도 몇 번씩 보잖니. 네 손녀도 너와 며칠을 함께 보냈으니 너를 몹시 보고 싶어 할 거야.	N	2022-07-26 05:29:12	2022-11-08 04:40:08
BE22011783	15	0	그렇겠지? 사랑스러운 손녀를 내일 보낼 생각을 하니 벌써 허전하기도 해. 어느새 힘든 건 잊혀졌나봐. 하하하.	Y	2022-07-26 05:29:12	2022-11-08 04:40:08
