id	utterance_id	utterance_type	utterance_text	terminate	regDate	updDate
BE22001039	1	0	제가 이번 모임에서 총무를 담당했어요.	N	2022-06-14 01:33:49	2022-11-08 03:31:02
BE22001039	2	1	어머. 잘됐네요. 감정화자씨라면 저희도 믿고 맡길 수 있을 것 같아요.	N	2022-06-14 01:33:49	2022-11-08 03:31:02
BE22001039	3	0	제가 이런 역할을 맡아도 되는 걸까요? 잘 할 수 있을지 모르겠어요.	N	2022-06-14 01:33:49	2022-11-08 03:31:02
BE22001039	4	1	왜 그렇게 생각하세요? 많이 걱정되시나요?	N	2022-06-14 01:33:49	2022-11-08 03:31:02
BE22001039	5	0	이런 역할을 맡은 것도 처음이고 남들 앞에 나서는 게 익숙하지 않거든요.	N	2022-06-14 01:33:49	2022-11-08 03:31:02
BE22001039	6	1	저도 무언가 나서서 하는 게 익숙하지 않아서 이해는 돼요. 많이 걱정되신다면 하지 않겠다 말씀하셔도 되지만 저는 감정화자씨가 총무에 적격이라고 생각해요.	N	2022-06-14 01:33:49	2022-11-08 03:31:02
BE22001039	7	0	공감화자씨는 제가 이 역할에 어울린다고 생각하시나요?	N	2022-06-14 01:33:49	2022-11-08 03:31:02
BE22001039	8	1	네. 앞으로 나서지는 않지만 뒤에서 챙겨주시는 모습이 보이거든요.	N	2022-06-14 01:33:49	2022-11-08 03:31:02
BE22001039	9	0	소심해서 뒤에서 챙겨주는 것밖에 할 수가 없거든요. 총무는 조금 더 리더십이 있는 사람이 어울리지 않을까요?	N	2022-06-14 01:33:49	2022-11-08 03:31:02
BE22001039	10	1	여러 사람을 돌보고 의견을 수용할 줄 아는 감정화자씨라면 충분히 잘하실 수 있을 거예요.	N	2022-06-14 01:33:49	2022-11-08 03:31:02
BE22001039	11	0	저의 좋은 점을 잘 봐주셔서 감사해요. 제가 모르던 제 장점을 알아낸 느낌이에요.	N	2022-06-14 01:33:49	2022-11-08 03:31:02
BE22001039	12	1	역할을 맡게 된 데에는 다 이유가 있는 법이에요. 옆에서 저희가 도와드릴 테니 너무 걱정하지 마세요.	N	2022-06-14 01:33:49	2022-11-08 03:31:02
BE22001039	13	0	고맙습니다. 공감화자씨 덕분에 불안함이 좀 가시는 것 같아요.	N	2022-06-14 01:33:49	2022-11-08 03:31:02
BE22001039	14	1	처음에는 걱정되셔도 하다 보면 내가 잘하고 있구나 느끼실 거예요. 감정화자씨는 성실하니까 결국 맡은 일은 다 해내시잖아요? 저희가 응원할게요.	N	2022-06-14 01:33:49	2022-11-08 03:31:02
BE22001039	15	0	응원해주시기에 용기가 나네요. 열심히 해보도록 하겠습니다.	Y	2022-06-14 01:33:49	2022-11-08 03:31:02
