id	utterance_id	utterance_type	utterance_text	terminate	regDate	updDate
BE22012188	1	0	공감 화자님, 혹시 자니? 늦은 시간인데 문자 해서 미안하네.	N	2022-07-28 04:11:38	2022-11-08 04:42:40
BE22012188	2	1	아니. 나 원래 늦게 자잖아. 무슨 일 있어?	N	2022-07-28 04:11:38	2022-11-08 04:42:40
BE22012188	3	0	휴. 출산 후 몸이 여기저기 다 고장 나는 거 같아. 최근에는 허리 통증이 너무 심해져서 불안해.	N	2022-07-28 04:11:38	2022-11-08 04:42:40
BE22012188	4	1	아이를 자주 안아주려면 허리가 중요한데, 하필 허리 통증이 심하다니 네가 많이 불안하겠구나?	N	2022-07-28 04:11:38	2022-11-08 04:42:40
BE22012188	5	0	맞아. 아기 체중이 많이 나가면 나갈수록 앞으로 허리의 힘이 더 중요하잖아. 근데 벌써부터 허리가 아파 오니 나중에는 허리 아파서 아기 안아주지도 못할까 봐 불안하네. 솔직히 걱정도 되고 머리가 아파 온다.	N	2022-07-28 04:11:38	2022-11-08 04:42:40
BE22012188	6	1	에고. 나도 출산 후에 진짜 몸 성한 곳이 없어서 너무 불안했거든. 그래서 네가 지금 얼마나 걱정되고 불안할지 잘 알 거 같아.	N	2022-07-28 04:11:38	2022-11-08 04:42:40
BE22012188	7	0	응. 허리 통증이 너무 심하다 보니까 뭔가 삶의 질도 하락 되는 거 같아. 여러모로 불안하고 참 걱정되네. 출산이란 참 힘든 일이구나 다시 한번 느껴진다.	N	2022-07-28 04:11:38	2022-11-08 04:42:40
BE22012188	8	1	원래 허리 통증만큼 신경 거슬리고 힘든 게 없더라고. 나도 출산하고 한참 동안이나 허리 통증으로 고생했어서 얼마나 힘들지 너무 이해된다. 얘기 듣는 나도 덩달아 네가 걱정되네.	N	2022-07-28 04:11:38	2022-11-08 04:42:40
BE22012188	9	0	원래는 없었다가 출산하고 나서 생긴 통증이라 그런가 생소하고 더 견디기가 힘들어. 이러다 진짜 허리 못 쓰게 되는 건 아닌지 입술이 바짝 마른다 정말.	N	2022-07-28 04:11:38	2022-11-08 04:42:40
BE22012188	10	1	출산하고 여자의 몸이 다 회복되는 데는 무려 2년이라는 긴 시간이 걸린다고 하더라고. 지금은 아직 얼마 안 돼서 더 아픈 걸 거야. 시간 지나면 서서히 몸도 회복되고 괜찮아질 테니까 너무 걱정 말고 불안에 떨지 마.	N	2022-07-28 04:11:38	2022-11-08 04:42:41
BE22012188	11	0	네 말대로 시간 지나면 정말 허리 통증이 괜찮아질까? 이 통증이 지속될까봐 많이 불안했거든.	N	2022-07-28 04:11:38	2022-11-08 04:42:41
BE22012188	12	1	응. 그럼. 경험자의 말이니까 믿어. 정말 놀랍게도 이년 정도 지나니까 좀 나아지더라. 그러니까 너무 걱정하지 말고 불안한 마음을 가라앉혀 봐.	N	2022-07-28 04:11:38	2022-11-08 04:42:41
BE22012188	13	0	응. 네가 그렇게 위로해주니까 좀 마음이 차분해진다. 고마워.	N	2022-07-28 04:11:38	2022-11-08 04:42:41
BE22012188	14	1	별말씀을. 육아 선배니까 네가 얼마나 힘들고 불안한 마음이 들지 잘 알아. 언제나 힘내고 힘든 일 있으면 연락해.	N	2022-07-28 04:11:38	2022-11-08 04:42:41
BE22012188	15	0	응. 덕분에 정말 기분이 나아졌어. 다음에도 이런 일 있으면 꼭 연락할게. 항상 고마워.	Y	2022-07-28 04:11:38	2022-11-08 04:42:41
