id	utterance_id	utterance_type	utterance_text	terminate	regDate	updDate
BE22012780	1	0	오랜만에 제대로 다이어트를 결심하면 꼭 주변에서 안 도와주더라. 부장님이 갑자기 회식을 잡는 거 있지? 이번엔 좀 제대로 다이어트해보나 했더니 또 실패할 것 같아서 너무 걱정스러워.	N	2022-08-02 00:26:31	2022-11-08 04:46:22
BE22012780	2	1	그냥 친구 약속도 아니고 회식이면 빠지기도 힘들잖아. 네가 너무 당혹스러웠겠다. 빠지기 힘든 자리면 가서 적당히 조심해서 먹으면 괜찮지 않을까?	N	2022-08-02 00:26:31	2022-11-08 04:46:22
BE22012780	3	0	빠진다고는 아예 말도 못 할 것 같아. 부장님이 좀 옛날 사람이라서 회식도 무조건 저녁 회식에 끝을 보는 성격이거든. 술이든 음식이든 무조건 많이 먹일 것 같아서 너무 불안해.	N	2022-08-02 00:26:31	2022-11-08 04:46:22
BE22012780	4	1	말만 들어도 내가 다 난감한 느낌이네. 그런 성격의 부장님이면 네가 많이 눈치 볼 수밖에 없겠다. 아예 다이어트 중이라고 얘기하는 건 어때?	N	2022-08-02 00:26:31	2022-11-08 04:46:22
BE22012780	5	0	저번 회식 때도 어떤 동료가 약 먹는 중이라서 자제해야 한다고 했는데도 씨알도 안 먹히더라고. 다이어트 정도면 대수롭지 않게 생각하실 것 같아. 진짜 너무 회식 빠지고 싶다.	N	2022-08-02 00:26:31	2022-11-08 04:46:22
BE22012780	6	1	아 이미 그런 경우가 있어서 네가 더 막막해하는 거구나. 상사가 그렇게 배려를 안 해주면 같이 일하는 사람들이 너무 고생이잖아. 이러면 회식을 누가 반기겠어.	N	2022-08-02 00:26:31	2022-11-08 04:46:22
BE22012780	7	0	내 말이. 정말 억지로 끌려가는 느낌이야. 강제로 또 많이 먹게 되면 겨우 뺀 살 다시 찔까 봐 너무 불안해. 이렇게 허무하게 몇 킬로가 찌면 정말 다이어트 의지도 다시 사라질 것 같은데.	N	2022-08-02 00:26:31	2022-11-08 04:46:22
BE22012780	8	1	그렇지. 살 빼는 건 정말 힘든데 찌기는 쉬우니까 네 불안한 마음이 이해돼. 내 의지도 아니고 타인의 의지로 그렇게 되면 더 속상할 것 같긴 하다.	N	2022-08-02 00:26:31	2022-11-08 04:46:22
BE22012780	9	0	그러니까. 지금 치팅 데이도 없이 쭉 다이어트할 만큼 의지가 불타올랐었거든. 이런 결심 오랜만인데 너무 짜증 나. 꽉 막힌 회사 문화도 정말 답답하게 느껴질 지경이야.	N	2022-08-02 00:26:31	2022-11-08 04:46:22
BE22012780	10	1	의지 다지기가 얼마나 힘든데, 그 의지가 깨지는 게 불안한 네 마음이 뭔지 알겠어. 그래도 치팅 데이도 없이 너무 힘든 다이어트는 강박증을 불러올 수도 있다고 하잖아. 그리고 다음에 다시 다이어트를 결심하는 경우에 안 좋은 기억으로 남아서 더 힘들지 않을까?	N	2022-08-02 00:26:31	2022-11-08 04:46:22
BE22012780	11	0	그건 그래. 내가 이렇게 이번에 다이어트 결심이 힘들었던 것도 저번 다이어트가 너무 고됐었거든. 그래서 그걸 다시 하려고 생각하니까 숨이 막히더라고. 그래서 네 말대로 다이어트를 다시 결심하는 게 엄청 힘들긴 했어.	N	2022-08-02 00:26:31	2022-11-08 04:46:22
BE22012780	12	1	나도 강박증이 생겨본 적이 있어서 이해가 돼서 한 말이야. 힘들게 뺀 만큼 다시 살찌는 게 너무 무서워서 강박증이 생겨서 더 힘들었거든. 그러니까 너무 자신을 옥죄지 말고 기왕이면 회식도 치팅 데이라고 생각해 보는 건 어떨까?	N	2022-08-02 00:26:31	2022-11-08 04:46:22
BE22012780	13	0	생각해 보니까 다이어트 결심 전에는 회식 자리도 그렇게 싫어하지 않았었거든. 네 말대로 정말 다이어트 걱정 때문에 회식 일정이 당혹스러웠던 거긴 하니까. 눈 딱 감고 치팅 데이라고 생각해 봐야겠다.	N	2022-08-02 00:26:31	2022-11-08 04:46:22
BE22012780	14	1	그래. 어차피 빠질 수도 없는 자리잖아? 피할 수 없으면 즐기라는 말을 여기에 써도 될진 모르겠지만! 오랜만에 식단 외에 맛있는 음식 먹고 다음 날부터 다시 즐겁게 다이어트하는 것도 좋을 것 같아!	N	2022-08-02 00:26:31	2022-11-08 04:46:22
BE22012780	15	0	네 말을 들으니까 회식 때문에 불안했던 마음이 좀 진정되는 것 같아. 그렇게 해야 다이어트도 덜 스트레스 받을 것 같긴 해. 고마워.	Y	2022-08-02 00:26:31	2022-11-08 04:46:22
