id	utterance_id	utterance_type	utterance_text	terminate	regDate	updDate
BE22005536	1	0	오늘 아침에 옆 건물에 경찰들이 들락거리고 난리도 아니었어요.	N	2022-07-01 06:25:16	2022-11-08 04:00:04
BE22005536	2	1	무슨 일인데요? 조용한 동네에 왜 경찰들이 그렇게 온 거래요?	N	2022-07-01 06:25:16	2022-11-08 04:00:04
BE22005536	3	0	소문 퍼질까 봐 말하기도 조심스러워요. 옆 건물 다세대 주택에 혼자 사는 여자가 있었나 봐요. 근데 그 사람이 변을 당했대요. 너무 무서워요.	N	2022-07-01 06:25:16	2022-11-08 04:00:04
BE22005536	4	1	뭐라고요? 그럼 살인사건이 일어났다는 말씀이세요? 세상에나 믿겨 지질 않네요.	N	2022-07-01 06:25:16	2022-11-08 04:00:04
BE22005536	5	0	네, 집 근처에서 살인사건이 일어난 건 생전 처음이에요. 범인은 아직 못 잡은 상태고요. 불안해서 밖에 나가지도 못하겠어요.	N	2022-07-01 06:25:16	2022-11-08 04:00:04
BE22005536	6	1	그러실 것 같아요. 저였어도 무섭고 두려워서 당분간은 외출을 자제할 것 같아요.	N	2022-07-01 06:25:16	2022-11-08 04:00:04
BE22005536	7	0	경찰들이 이 골목에 cctv가 설치된 집들을 찾아다니면서 협조를 부탁하나 봐요. 저는 설치 전인데 이런 일 겪으니까 당장 알아봐야 하나 싶고 불안하네요.	N	2022-07-01 06:25:16	2022-11-08 04:00:04
BE22005536	8	1	왜 안 그러시겠어요. 뉴스에서나 보던 일이 바로 코앞에서 일어난 거잖아요. 염려스러우신 게 당연해요.	N	2022-07-01 06:25:16	2022-11-08 04:00:04
BE22005536	9	0	이 골목이 조용한 주택가라 학원 갔다가 밤늦게 귀가하는 학생들이 많거든요. 범인이 안 잡혔다니까 아이들 안전도 걱정이 돼요.	N	2022-07-01 06:25:16	2022-11-08 04:00:04
BE22005536	10	1	그 말씀 들으니 저도 걱정이 되네요. 혹시 안심 귀가 서비스라고 들어보셨어요? 경찰서에 신청하면 늦게 귀가하는 사람들을 도와주는 서비스라고 들었어요.	N	2022-07-01 06:25:16	2022-11-08 04:00:04
BE22005536	11	0	그런 게 있었군요. 저도 문의를 드려봐야겠네요. 그 서비스가 가능하다면 훨씬 안심이 될 것 같아요.	N	2022-07-01 06:25:16	2022-11-08 04:00:04
BE22005536	12	1	맞아요, 아주 좋은 서비스 같아요. 이 기회에 다른 것도 있는지도 한번 알아볼게요. 저도 아이들이 늦을 때가 많아서 남의 일 같지 않거든요.	N	2022-07-01 06:25:16	2022-11-08 04:00:05
BE22005536	13	0	그렇게 말씀해 주시니까 든든한 지원군이 생긴 기분이에요.	N	2022-07-01 06:25:16	2022-11-08 04:00:05
BE22005536	14	1	혹시 근처에 공공 CCTV 설치도 늘릴 수 있는지 그것도 한번 알아볼게요.	N	2022-07-01 06:25:16	2022-11-08 04:00:05
BE22005536	15	0	그것참, 좋은 생각이시네요. 이렇게 함께 고민해 주셔서 정말 감사해요.	Y	2022-07-01 06:25:16	2022-11-08 04:00:05
