id	utterance_id	utterance_type	utterance_text	terminate	regDate	updDate
BE22006498	1	0	선배 혹시 주변에 고양이 전문으로 잘 보는 병원 알아요?	N	2022-07-06 06:00:18	2022-11-08 04:06:13
BE22006498	2	1	우리 집 고양이들 잘 봐주시는 병원 한 군데 있어. 무슨 일이야?	N	2022-07-06 06:00:18	2022-11-08 04:06:13
BE22006498	3	0	우리 집 고양이가 어제까지만 해도 분명히 괜찮았는데, 혼자 다니다가 어딘가 부딪혔나 봐요. 눈에 진물이 나면서 눈을 잘 못 떠요.	N	2022-07-06 06:00:18	2022-11-08 04:06:14
BE22006498	4	1	아이고 저런, 비상상황이네. 일단 내가 의사선생님께 전화해 볼게 잠시만 있어 봐.	N	2022-07-06 06:00:18	2022-11-08 04:06:14
BE22006498	5	0	고마워요, 선배. 우리 고양이 이대로 영영 눈 못쓰게 되면 어떻게 해요. 내가 좀더 잘 돌봤어야 하는데.	N	2022-07-06 06:00:18	2022-11-08 04:06:14
BE22006498	6	1	안 그래도 약하던 아이가 다치기까지 하니 네 마음이 오죽 아프겠어. 나도 우리 아이들 처음 구조했을 때 몇 날 며칠을 노심초사했었어서 네 맘 잘 알아.	N	2022-07-06 06:00:18	2022-11-08 04:06:14
BE22006498	7	0	언니도 많이 도와줬고, 아이도 안정을 찾아가길래 고비는 다 넘긴 줄 알고 너무 방심했나 봐요. 다 제 잘못이에요.	N	2022-07-06 06:00:18	2022-11-08 04:06:14
BE22006498	8	1	너를 너무 자책하지 마. 네가 누구보다 열심히 돌본 거 내가 잘 알아. 그리고 네가 자고 있는 밤 사이에 일어난 거라 이건 어쩔 수 없는 사고였어.	N	2022-07-06 06:00:18	2022-11-08 04:06:14
BE22006498	9	0	그래도 집안 구석구석 날카롭거나 위험한 곳은 미리 보호장치를 해뒀어야 하는데. 제가 아직도 많이 부족한가 봐요. 이 아이가 너무 불쌍해서 계속 눈물만 나요.	N	2022-07-06 06:00:18	2022-11-08 04:06:14
BE22006498	10	1	일단은 의사 선생님하고 좀 전에 통화했고 눈 상태 설명 잘했으니까 얼른 병원으로 넘어와.	N	2022-07-06 06:00:18	2022-11-08 04:06:14
BE22006498	11	0	네 선배. 담요로 꼭 싸서 안고 가면 되겠죠?	N	2022-07-06 06:00:18	2022-11-08 04:06:14
BE22006498	12	1	혹시나 네가 운전하면서 놓치면 더 위험할 수 있으니까. 잘 싸맨 다음에 이동장에 꼭 넣어서 뒷좌석에 고정하고 와야 해.	N	2022-07-06 06:00:18	2022-11-08 04:06:14
BE22006498	13	0	네 처음이지만 해볼게요. 다 하고 사진 찍어서 보낼 테니까 선배가 좀 봐주세요.	N	2022-07-06 06:00:18	2022-11-08 04:06:14
BE22006498	14	1	그래 아이가 이동장에 넣으면 엄청 울 거야. 그래도 침착하게 다하고 나한테 보여줘.	N	2022-07-06 06:00:18	2022-11-08 04:06:14
BE22006498	15	0	네 선배 덕분에 그래도 해결할 수 있는 길이 생긴 것 같아요. 너무 고마워요, 선배.	N	2022-07-06 06:00:18	2022-11-08 04:06:14
BE22006498	16	1	당연히 내가 잘 아니까 도와줘야지. 아이 치료하는 것부터 하자. 조심해서 와.	Y	2022-07-06 06:00:18	2022-11-08 04:06:14
