id	utterance_id	utterance_type	utterance_text	terminate	regDate	updDate
BE22012863	1	0	요즘 누가 날 스토킹하는 것 같아. 매일이 너무 불안해.	N	2022-08-02 06:24:59	2022-11-08 04:46:54
BE22012863	2	1	정말? 무슨 일이야? 구체적으로 얘기해줄 수 있어?	N	2022-08-02 06:24:59	2022-11-08 04:46:54
BE22012863	3	0	내가 출근하거나 퇴근할 때 자주 마주친 어떤 사람이 있거든. 내가 나오면 골목에 꼭 서 있고, 주말에 내가 편의점에 가면 뒤에서 날 지켜보는 일이 잦아.	N	2022-08-02 06:24:59	2022-11-08 04:46:54
BE22012863	4	1	그 사람이 널 스토킹 하는 것처럼 느껴져?	N	2022-08-02 06:24:59	2022-11-08 04:46:54
BE22012863	5	0	맞아. 처음엔 우연이겠지 싶어서 무시했는데 시간이 지날수록 점점 확실하다는 생각이 들어. 불안해서 어떻게 해야 할지 모르겠어.	N	2022-08-02 06:24:59	2022-11-08 04:46:54
BE22012863	6	1	내가 너와 같은 상황이었으면 정말 무섭고 신경 쓰일 것 같아. 혹시 모르니까 경찰에 신고를 해보는 것은 어떨까?	N	2022-08-02 06:24:59	2022-11-08 04:46:54
BE22012863	7	0	이미 그렇게 해봤는데 아직 직접적인 범죄라고 보기 어려워서 도와줄 수 있는 일이 없대. 경찰의 도움도 못 받는다고 생각하니까 더 두려워.	N	2022-08-02 06:24:59	2022-11-08 04:46:54
BE22012863	8	1	아직 의심일 뿐이지만 네가 받는 스트레스와 불안감이 얼마나 클지 공감돼. 불안해서 잠깐 집 앞에 나가는 것도 망설여지겠다.	N	2022-08-02 06:24:59	2022-11-08 04:46:54
BE22012863	9	0	맞아. 만약 이게 나만의 착각이라면 무고한 사람을 범죄자 취급하는 것이라서 죄책감이 들어. 하지만 내 추측이 맞는다면 난 불안해서 이사해야 할 것 같아.	N	2022-08-02 06:24:59	2022-11-08 04:46:54
BE22012863	10	1	아직 확실한 증거가 없으니까 신고하기가 쉽진 않겠네. 그래도 집 앞 골목길 방범을 강화해 달라는 요청은 충분히 할 수 있지 않을까?	N	2022-08-02 06:24:59	2022-11-08 04:46:54
BE22012863	11	0	그렇겠네. 미처 생각 못했던 부분이야. 오늘이라도 집 앞 골목길 순찰 강화나 CCTV 설치 등을 요청해봐야겠어.	N	2022-08-02 06:24:59	2022-11-08 04:46:54
BE22012863	12	1	그렇게 되면 너의 불안감이 조금은 덜해질 거야. 그동안 뚜렷한 방법도 없이 불안함이 커져서 많이 힘들었겠다.	N	2022-08-02 06:24:59	2022-11-08 04:46:54
BE22012863	13	0	맞아. 이제 내가 무엇을 해야 할지 알게 됐으니 불안감이 조금은 덜어진 기분이야.	N	2022-08-02 06:24:59	2022-11-08 04:46:54
BE22012863	14	1	그렇게 느꼈다니 다행이다. 할 수 있는 모든 방법을 써서 불안함이 사라질 수 있게 노력해보자.	Y	2022-08-02 06:24:59	2022-11-08 04:46:54
