id	utterance_id	utterance_type	utterance_text	terminate	regDate	updDate
BE22011421	1	0	오늘 회사에서 실적이 좋지 않다고 정리해고 경고를 받았어. 나 괜찮을까? 너무 불안하고 무섭다. 거리로 나앉을까 봐.	N	2022-07-25 03:57:59	2022-11-08 04:37:47
BE22011421	2	1	그런 일이 있었어? 무난하게 회사 생활 잘하고 있는데 갑자기 그런 통보를 받으면 당연히 불안하고 힘들지. 나였어도 혼란스럽고 무서울 것 같아. 괜찮니?	N	2022-07-25 03:57:59	2022-11-08 04:37:47
BE22011421	3	0	아니, 전혀 괜찮지 않아. 경고일 뿐이지만 정리해고 통보를 받은 기분이야. 불안해서 일이 손에 잡히지 않아.	N	2022-07-25 03:57:59	2022-11-08 04:37:47
BE22011421	4	1	말만 들어도 너무 힘들겠어. 여태 그렇게 부지런히 잘 해왔는데 실적 조금 낮아졌다고 바로 정리 해고 경고라니 너무 비참하겠다. 왜 나에게만 이런 일이 일어날까 싶을 것 같아.	N	2022-07-25 03:57:59	2022-11-08 04:37:47
BE22011421	5	0	정말 그래. 여태 열심히 일한 거 모두가 알거든. 근래에 집에 신경 쓸 일이 많아서 조금 소홀해진 건 맞지만, 그렇다고 이렇게까지 하다니. 앞으로 어떻게 될지 알 수 없어서 너무 두려워.	N	2022-07-25 03:57:59	2022-11-08 04:37:47
BE22011421	6	1	집안일도 있었다니 감당하기 너무 힘든 마음이겠다. 그래, 나도 네가 열정적으로 일했던 거 누구보다 잘 알지. 나였다면 회사에 배신감이 느껴져 정말 많이 화가 났을 것 같아.	N	2022-07-25 03:57:59	2022-11-08 04:37:47
BE22011421	7	0	지금 상황에 다른 곳 구하기도 만만치 않을 거잖아. 그럼 정말 거리로 나앉게 되는 건데 우리 가족들 어떡하니. 정말 참담해. 너무 두려워.	N	2022-07-25 03:57:59	2022-11-08 04:37:47
BE22011421	8	1	일단은 지금 당장 정리해고가 아니고 경고이니 마음을 다잡아 보자. 네가 열심히 다져온 길이 경고를 받았다고 해서 없어지는 건 아니야. 밥 든든히 먹고 여태 해왔던 것처럼 다시 달려보자.	N	2022-07-25 03:57:59	2022-11-08 04:37:47
BE22011421	9	0	과연 그럴 수 있을까? 정말 그럴까? 다시 열심히 하면 전처럼 퇴사 걱정 없이 회사에 다닐 수 있을까? 그렇게 된다면 너무 좋을 것 같아.	N	2022-07-25 03:57:59	2022-11-08 04:37:47
BE22011421	10	1	너는 이미 한 번 증명해냈잖아. 내가 알고 너도 알고 모두가 아는데 아닐 리 없어. 두려운 마음 떨쳐내고 일어나보자.	N	2022-07-25 03:57:59	2022-11-08 04:37:47
BE22011421	11	0	그렇게 들으니 정말 힘이 나는구나. 막상 정리해고라는 단어만 듣고 덜컥 두려운 마음만 앞섰거든. 나도 실적 많이 내서 상 받은 적도 있는데 까맣게 잊고 있었어.	N	2022-07-25 03:57:59	2022-11-08 04:37:47
BE22011421	12	1	그럼. 헤쳐 나가고자 하는 의지만 있으면 크나큰 고난도 별거 아닌 일이 될 때가 있잖아. 두려움에만 빠져 있기엔 너는 훌륭한 인재이고, 그 사실은 변하지 않아.	N	2022-07-25 03:57:59	2022-11-08 04:37:47
BE22011421	13	0	그 말을 들으니 겁만 내던 내가 부끄러워진다. 의지를 가지고 해보면 되는데. 오늘부터 열심히 해볼게. 조언 고마워.	N	2022-07-25 03:57:59	2022-11-08 04:37:47
BE22011421	14	1	너무 잘 생각했어. 이렇게 바로 괜찮아져서 의지를 불태우는 모습을 보니 나도 너무 보람차다. 기운 내.	N	2022-07-25 03:57:59	2022-11-08 04:37:47
BE22011421	15	0	정말 고마워. 너에게 말하길 잘했어. 다음에 또 연락할게.	Y	2022-07-25 03:57:59	2022-11-08 04:37:47
