id	utterance_id	utterance_type	utterance_text	terminate	regDate	updDate
BE22006670	1	0	이러면 안 되는데, 밤새도록 술을 마셨어요. 공부에 매진해야 할 시기인데 말이에요.	N	2022-07-06 14:10:29	2022-11-08 04:07:25
BE22006670	2	1	요즘 공부를 하시느라 고생 많이 하시잖아요. 술을 마셨다니 안 좋은 일이 있으셨던 건가요?	N	2022-07-06 14:10:29	2022-11-08 04:07:25
BE22006670	3	0	그건 아니지만, 너무 놀고싶은 나머지 밤새도록 술을 마셨네요. 그래서 어제오늘 공부를 하나도 못했어요. 그러면 안 되었는데, 너무 불안하네요.	N	2022-07-06 14:10:29	2022-11-08 04:07:25
BE22006670	4	1	그래도 술을 마시면서 스트레스를 푸신 것 아닌가요? 그나저나 공부를 못하셔서 조금 걱정되시겠네요.	N	2022-07-06 14:10:29	2022-11-08 04:07:25
BE22006670	5	0	제가 요즘 공부를 열심히 해야 하거든요. 시험이 얼마 안 남아서. 그런데 이렇게 놀아버리니 갑자기 조급해지고 공부가 밀렸다는 생각에 갑자기 불안해지네요.	N	2022-07-06 14:10:29	2022-11-08 04:07:25
BE22006670	6	1	공부를 해야 하는데 공부를 하지 못하셔서 많이 불안하시겠어요. 결전의 날이 얼마 안 남았다니 더더욱 불안하실 수 있을 것 같고요. 그 마음 충분히 이해합니다.	N	2022-07-06 14:10:29	2022-11-08 04:07:25
BE22006670	7	0	제가 너무 바보 같은 행동을 한 것 같아요. 하라는 공부는 안 하고 술이나 마시니 말이에요.	N	2022-07-06 14:10:29	2022-11-08 04:07:25
BE22006670	8	1	그동안 굉장히 오랫동안 쉬지 않고 공부하셨잖아요. 분명 그런 일상 속에서 탈출구가 필요하셨을 거예요. 매일 그러신 것이 아니라 정말 한 번뿐이었으니 너무 자책하지 마세요.	N	2022-07-06 14:10:29	2022-11-08 04:07:25
BE22006670	9	0	다시 공부를 하려니 공부가 손에 잡히질 않네요. 시험에 떨어질까봐 너무 걱정돼요. 벌을 받는 거 아닐까요.	N	2022-07-06 14:10:29	2022-11-08 04:07:25
BE22006670	10	1	한번쯤 이렇게 스트레스를 풀어주는 것도 중요한 것 같아요. 친구들과 즐겁게 노셨다면 시간을 허투루 쓰신 건 아니잖아요. 그때의 기억을 원동력 삼아서 다시 힘내서 열심히 하시면 괜찮을 거라고 생각합니다.	N	2022-07-06 14:10:29	2022-11-08 04:07:25
BE22006670	11	0	하지만, 시험이 얼마 안 남아서 정말 불안해요. 후회도 되고요. 자신감도 많이 떨어졌어요.	N	2022-07-06 14:10:29	2022-11-08 04:07:25
BE22006670	12	1	공부를 해야 할 시기에 제대로 공부를 못하셔서 불안하실 것 같아요. 하지만 워낙 집중력이 좋으시고 회복력도 좋으시잖아요. 긍정적으로 생각하시어 지금 하시던 것처럼 하면 분명 노력이 빛을 발하는 순간이 올 거예요.	N	2022-07-06 14:10:29	2022-11-08 04:07:25
BE22006670	13	0	그렇게 말씀해주셔서 감사합니다. 이래도 되는지 불안했었는데 덕분에 조금 마음이 놓이네요.	N	2022-07-06 14:10:29	2022-11-08 04:07:25
BE22006670	14	1	지금까지 해오신 노력은 절대 선생님을 배신하지 않으실 거예요. 재밌게 노신 것을 원동력 삼아서 다시 열심히 달려보세요. 끝까지 완주하시면 분명 좋은 결과가 있을 거라고 생각해요.	N	2022-07-06 14:10:29	2022-11-08 04:07:25
BE22006670	15	0	역시 저를 위로해 주시는 건 선생님뿐입니다. 덕분에 기운이 나요. 열심히 공부해봐야겠어요.	Y	2022-07-06 14:10:29	2022-11-08 04:07:25
