id	utterance_id	utterance_type	utterance_text	terminate	regDate	updDate
BE22010590	1	0	어제 오랜만에 아버지 댁에 다녀왔어요. 지난 명절에 찾아뵙지 못했거든요.	N	2022-07-20 12:21:12	2022-11-08 04:32:32
BE22010590	2	1	얼마 만에 다녀오신 거죠? 제 기억으로 몇 달은 지난 거 같네요. 아버님은 건강하게 잘 지내고 계시죠?	N	2022-07-20 12:21:12	2022-11-08 04:32:32
BE22010590	3	0	은퇴하시고 계속 건물 관리하는 일을 하고 계시는데, 이번에 전체 리모델링 공사에 들어갔더라고요. 그래서 아버지께서 일하시던 사무실도 빼고 1층 로비 한편에 근무처를 만들어 놓고 계셔야 한대요. 일하는 환경이 너무 안 좋아지는 거 같아서 걱정이에요.	N	2022-07-20 12:21:12	2022-11-08 04:32:32
BE22010590	4	1	그런 어려움이 있으시군요. 아버님 상황을 생각하면 왜 걱정이 안 되겠어요? 선생님 아버님이 저희 아버지랑 비슷한 연배이시다 보니 저도 같은 마음으로 걱정이 되네요.	N	2022-07-20 12:21:12	2022-11-08 04:32:32
BE22010590	5	0	그래도 아직은 초여름이라 1층 로비에서 근무하시는 게 그렇게 힘들지 않으실 거 같은데 앞으로가 더 걱정이에요. 곧 여름인데 그동안 선풍기도 틀 수 없는 상황이 되면 어떻게 지내시려는지? 이러다가 건강을 해치실까 불안해요.	N	2022-07-20 12:21:12	2022-11-08 04:32:32
BE22010590	6	1	곧 닥칠 더위에 일하실 모습 생각하니 저도 마음이 너무 안 좋네요. 제가 이런데 선생님은 얼마나 걱정되시겠어요?	N	2022-07-20 12:21:12	2022-11-08 04:32:32
BE22010590	7	0	저희 아버님이 몸에 열이 많으신 체질이라 추위는 그럭저럭 잘 견디시는데 더위는 힘들어하시거든요. 그런데 공사 때문에 에어컨도 없고 선풍기도 사용할 수 없을지도 모르는 상황이래요.	N	2022-07-20 12:21:12	2022-11-08 04:32:32
BE22010590	8	1	공사 기간 내내 그렇게 근무하셔야 하는 건가요? 회사 측에서 근무하시는 분들을 좀 배려해서 여러 가지 대비책을 마련해주면 좋겠는데요.	N	2022-07-20 12:21:12	2022-11-08 04:32:32
BE22010590	9	0	그러면 좋겠는데 아직 특별한 지침은 없나 봐요. 날은 점점 더 더워지는데 일하시다가 쓰러지시기라도 하면 어쩌죠?	N	2022-07-20 12:21:12	2022-11-08 04:32:32
BE22010590	10	1	그런 일은 일어나지 말아야죠. 아버님도 아마 스스로 컨디션 잘 조절하시면서 건강 해치지 않을 정도로 일하실 거예요. 그러니까 너무 불안해하지 마세요.	N	2022-07-20 12:21:12	2022-11-08 04:32:32
BE22010590	11	0	정말 그럴까요? 제가 도울 수 있는 게 있으면 좋겠어요. 멀리 떨어져 있어서 자주 찾아뵙지도 못하는데 뭘 어떻게 할 수 있을지 모르겠어요.	N	2022-07-20 12:21:12	2022-11-08 04:32:32
BE22010590	12	1	그래도 선생님이 하실 수 있는 게 분명히 있을 거예요. 선생님이 불안해하시면 아버님은 더 걱정하실 테니 너무 걱정만 하지 마시고, 할 수 있는 일을 찾아보자고요.	N	2022-07-20 12:21:12	2022-11-08 04:32:32
BE22010590	13	0	맞아요. 제가 불안해하며 걱정만 한다고 해서 상황이 더 나아지는 것도 아니네요. 마음을 단단하게 잡고 아버지를 도와드릴 방법을 찾아봐야겠어요. 선생님과의 대화가 이렇게 저에게 힘을 주네요. 감사해요.	N	2022-07-20 12:21:12	2022-11-08 04:32:32
BE22010590	14	1	저도 선생님 덕분에 저희 아버지 생각이 나서 이따 전화 한 번 드려야겠어요. 이 여름 선생님도 아버님도 건강하게 잘 지내시기를 바랄게요. 조만간 다시 연락해요.	Y	2022-07-20 12:21:12	2022-11-08 04:32:32
