id	utterance_id	utterance_type	utterance_text	terminate	regDate	updDate
BE22012255	1	0	아버지 따라서 탈모가 유전될까 봐 너무 불안하네. 내가 이런 걱정을 하게 될 줄은 몰랐는데.	N	2022-07-28 11:11:28	2022-11-08 04:43:05
BE22012255	2	1	그래도 너 지금은 머리숱 좀 있는 편이지 않아? 아버지가 탈모이신 거야?	N	2022-07-28 11:11:28	2022-11-08 04:43:05
BE22012255	3	0	우리 아버지는 40대 때부터 대머리셨어. 나도 아직 머리숱이 많아서 별걱정 안 하고 있었는데, 요즘 슬슬 머리가 빠지네. 아버지처럼 40대에 나도 머리가 다 빠져버릴까 봐 진짜 불안해 죽겠어.	N	2022-07-28 11:11:28	2022-11-08 04:43:05
BE22012255	4	1	나 같아도 너무 걱정되겠다. 탈모가 유전성이 되게 강한 편이잖아. 네가 지금 불안해하는 감정 충분히 이해돼, 난.	N	2022-07-28 11:11:28	2022-11-08 04:43:05
BE22012255	5	0	사실 진짜 너무 초조해. 나 탈모 되고 싶지 않단 말이야. 그래서 나도 모르게 강박증도 좀 생긴 것 같지, 뭐야.	N	2022-07-28 11:11:28	2022-11-08 04:43:05
BE22012255	6	1	네가 생각보다 더 압박감을 느끼고 불안한 기분이 들 것 같아. 네가 많이 걱정스러운 하루하루를 보내고 있겠구나. 네가 마음고생하니까 나도 마음이 덩달아 무겁다.	N	2022-07-28 11:11:28	2022-11-08 04:43:05
BE22012255	7	0	나 어떻게 해야 하지? 지금부터라도 뭐 관리를 해야 할까? 이대로는 너무 불안해서 제대로 생활할 수 없을 지경이야. 머리카락이 요즘 진짜 잘 빠진다니까.	N	2022-07-28 11:11:28	2022-11-08 04:43:05
BE22012255	8	1	너 정말 걱정되고 힘든 상황이겠다. 그래도, 너무 부정적으로 생각하거나 걱정하지 말고 마음 편히 먹어. 지금부터라도 꾸준하게 관리하고 영양소를 섭취하면 분명 좋은 결과 생길 거야.	N	2022-07-28 11:11:28	2022-11-08 04:43:05
BE22012255	9	0	음식을 먹고 관리를 받는다고 나아질까? 나는 너무 걱정돼. 사실 이런 걱정을 왜 해야 하는지는 잘 모르겠는데, 나도 사람이다 보니 되게 불안하네.	N	2022-07-28 11:11:28	2022-11-08 04:43:05
BE22012255	10	1	네가 문득 그런 생각이 든 건 네가 이상해서가 아니야. 나라도 분명 너처럼 걱정하고 불안해했을 거야. 그래도 마냥 걱정만 하는 것보다는 뭐라도 하는 것이 분명 너에게 도움 될 거야.	N	2022-07-28 11:11:28	2022-11-08 04:43:05
BE22012255	11	0	알겠어. 너무 걱정하지 않고 긍정적으로 생각해 봐야겠어.	N	2022-07-28 11:11:28	2022-11-08 04:43:05
BE22012255	12	1	네가 마음고생이 되게 심했을 것 같아. 그래도 별일 없을 테니 너무 걱정하지 않았으면 좋겠어. 탈모의 원인이 스트레스이기도 한 만큼 맘을 편하게 먹고 긍정적으로 생각해봐.	N	2022-07-28 11:11:28	2022-11-08 04:43:05
BE22012255	13	0	네 말을 들으니까 좀 안심이 되는 것 같네. 사서 걱정한 거였구나. 앞으로 너무 걱정하거나 그러지 않을게.	N	2022-07-28 11:11:28	2022-11-08 04:43:05
BE22012255	14	1	너무 초조해하거나 스트레스받지 말고 우리 좋은 변화가 생기기를 바라며 긍정적으로 생각해보자. 지금처럼 불안한 마음이 들 때 언제든 내게 연락해도 좋아.	N	2022-07-28 11:11:28	2022-11-08 04:43:05
BE22012255	15	0	알겠어. 진짜 고마워. 이야기도 들어주고 조언도 해줘서 내 마음이 한결 편해졌어.	Y	2022-07-28 11:11:28	2022-11-08 04:43:05
