id	utterance_id	utterance_type	utterance_text	terminate	regDate	updDate
BE22011938	1	0	나 요새 머리가 너무 빠지는 거 같아서 불안해.	N	2022-07-26 14:59:15	2022-11-08 04:41:10
BE22011938	2	1	걱정되는 일 있어? 스트레스받는 일이라던가?	N	2022-07-26 14:59:15	2022-11-08 04:41:10
BE22011938	3	0	아, 주식이 많이 떨어졌어. 바닥인 거 같아서 추가 금액 넣으면 또 떨어지고, 또 떨어지고 반복이야.	N	2022-07-26 14:59:15	2022-11-08 04:41:10
BE22011938	4	1	금액 이번에 크게 넣었다더니 스트레스 엄청나게 받고 있나 보다. 말만 들어도 내가 다 속상하다.	N	2022-07-26 14:59:15	2022-11-08 04:41:10
BE22011938	5	0	밤에 잠도 잘 못 자고 먹는 것도 맛이 없고 아침에 머리카락이 한 움큼씩 빠져.	N	2022-07-26 14:59:15	2022-11-08 04:41:10
BE22011938	6	1	너 건강 해칠까 봐 염려되기도 해. 혹시 병원에는 가봤어?	N	2022-07-26 14:59:15	2022-11-08 04:41:10
BE22011938	7	0	가봐야 할 거 같아. 요즘 젊은 사람들 대머리 많다는데 나도 그렇게 되는 거 아닐까? 대머리가 될까 봐 너무 불안해.	N	2022-07-26 14:59:15	2022-11-08 04:41:10
BE22011938	8	1	에이, 그렇게까지 걱정하고 그래. 지금 단순히 네가 걱정하는 것 때문에 일시적인 걸 거야. 요즘 의학 좋잖아.	N	2022-07-26 14:59:15	2022-11-08 04:41:10
BE22011938	9	0	그러려나? 원형탈모 있으면 그걸 시작으로 대머리가 된다는데 스타일은 머리카락이 생명인데 어쩌지.	N	2022-07-26 14:59:15	2022-11-08 04:41:10
BE22011938	10	1	네가 지금 걱정하는 건 충분히 공감해. 많이 걱정되겠지만, 지금 네가 하는 염려가 더 스트레스가 될 수 있어. 마음을 편히 갖는 게 어때?	N	2022-07-26 14:59:15	2022-11-08 04:41:10
BE22011938	11	0	그게 안 돼. 이것도 저것도 다 지금 나한테는 최악인 거 같아.	N	2022-07-26 14:59:15	2022-11-08 04:41:10
BE22011938	12	1	이것저것 생각처럼 안 돼서 속상할 거야. 나도 기대했던 일들에 하나둘 실망하다 보면 나 자신을 갉아먹으며 궁지로 몰아넣기도 해. 근데 생각을 전환해야 내 인생을 다르게 발전시킬 수 있어.	N	2022-07-26 14:59:15	2022-11-08 04:41:10
BE22011938	13	0	주식도 그렇게 되고, 통장잔고는 줄고, 회사 일은 힘들고, 모든 게 엉망이야. 내 미래는 어떻게 되는 걸까?	N	2022-07-26 14:59:15	2022-11-08 04:41:10
BE22011938	14	1	미래에 대한 두려움이 매우 큰 거 같은데, 지금 가진 마음이 널 더 힘들게 할지도 몰라. 생각 너무 깊고 하지 말자. 마음을 좀 안정적으로 갖는 시간이 필요해 보여.	N	2022-07-26 14:59:15	2022-11-08 04:41:10
BE22011938	15	0	그러려나? 나 앞으로 괜찮으려나?	N	2022-07-26 14:59:15	2022-11-08 04:41:10
BE22011938	16	1	그럼! 긍정적인 생각이 널 더 좋은 곳으로 이끌어줄 거야. 걱정과 불안보다는 책도 좀 읽고 이 기회에 경제 공부를 해보는 것도 좋겠어. 그렇게 시작된 공부가 널 더 좋은 곳으로 이끌어줄 거야.	N	2022-07-26 14:59:15	2022-11-08 04:41:10
BE22011938	17	0	마음이 불안하니까 좋은 생각 갖기가 생각보다 어려웠던 거 같아. 뭔가 하나를 배워봐야겠다고 생각했었는데 이번에 경제 공부를 시작해볼까?	N	2022-07-26 14:59:15	2022-11-08 04:41:10
BE22011938	18	1	놓지 않고 꾸준히 하면 좋은 결과 있을 거야. 위기는 곧 기회다. 지금보다 더 좋은 미래를 위해 열심히 해보자!	N	2022-07-26 14:59:15	2022-11-08 04:41:10
BE22011938	19	0	쥐구멍에도 볕 들 날이 있다고 했으니까. 그래! 나 죽었다고 생각하고 도전해봐야겠다.	N	2022-07-26 14:59:15	2022-11-08 04:41:10
BE22011938	20	1	미래는 네가 지금, 이 순간을 어떻게 지내느냐에 따라 달라질 거야. 네가 가는 길이 늘 꽃길은 아니더라도 실패하는 과정에서 성장할 수 있는 하루하루가 되길 바라.	Y	2022-07-26 14:59:15	2022-11-08 04:41:10
