id	utterance_id	utterance_type	utterance_text	terminate	regDate	updDate
BE22013014	1	0	재활치료를 마치고 다시 운동을 시작했어. 엊그제부터 합숙도 하고 있어.	N	2022-08-03 05:36:18	2022-11-08 04:47:51
BE22013014	2	1	정말이야? 긴 시간 너무 고생 많았다. 작년에 다친 뒤로 운동을 다시 시작하는 거지?	N	2022-08-03 05:36:18	2022-11-08 04:47:51
BE22013014	3	0	응. 그런데 내가 예전과는 달라진 것 같아. 다시 부상이 생길까 봐 너무 불안하고 두려워. 운동을 예전만큼 전심전력으로 하지 못하고 있어.	N	2022-08-03 05:36:18	2022-11-08 04:47:51
BE22013014	4	1	왜 안 그러겠어. 심하게 다쳐서 몸도 마음도 완전히 망가졌었고 긴 시간 재활에 고통스러웠잖아. 그렇게 힘든 시기를 통과했는데 부상에 트라우마가 생기는 건 당연한 거라고 생각해.	N	2022-08-03 05:36:18	2022-11-08 04:47:51
BE22013014	5	0	이런 두려움을 가지고 내가 무슨 운동을 하겠어. 갑자기 미래가 칠흑같이 어두운 느낌이라 너무 불안해. 재활치료를 받는 동안에는 상상도 못 한 일이야.	N	2022-08-03 05:36:18	2022-11-08 04:47:51
BE22013014	6	1	네가 너무 조급해하지 않았으면 좋겠어. 이제 운동을 다시 시작했으니 네 몸과 마음이 예전 같지 않은 건 어쩔 수 없지. 천천히 시간을 들이면 예전처럼 네가 가진 능력을 발휘할 수 있을 거야.	N	2022-08-03 05:36:18	2022-11-08 04:47:51
BE22013014	7	0	정말 그럴까? 나는 자신이 없어. 예전에는 어떻게 그렇게 담대하게 경기했는지 의아할 지경이야. 겨우 재활치료까지 끝냈는데 나는 예전으로 돌아갈 수 없을 것만 같아 두려워.	N	2022-08-03 05:36:18	2022-11-08 04:47:51
BE22013014	8	1	많이 혼란스러워 보여서 마음이 아프다. 예전의 너와 지금의 너를 비교하기보다 재활치료를 이겨낸 그 정신력을 떠올리며 자기를 칭찬해줘. 네가 그 긴 터널을 뚫고 여기까지 왔으니, 분명 앞으로도 잘 해낼 거라고 생각해.	N	2022-08-03 05:36:18	2022-11-08 04:47:51
BE22013014	9	0	너는 나를 믿어주는구나. 나조차 나를 믿지 못하는데 말이야. 재활치료를 받을 때만 하더라도 운동하고 싶어서 미칠 것 같았는데, 그 마음이 어디로 가버렸을까?	N	2022-08-03 05:36:18	2022-11-08 04:47:51
BE22013014	10	1	너무 오래 기다려온 일이라 잠시 주춤하고 두려움이 생길 수 있다고 생각해. 그렇지만 너는 능력이 있고 성실함까지 갖춘 선수잖아. 넌 분명히 이 슬럼프를 극복할 테니 너 자신을 믿고 조급해하지 마.	N	2022-08-03 05:36:18	2022-11-08 04:47:51
BE22013014	11	0	고마워. 네가 날 이렇게 위로하고 지지해 주니까 용기가 생기는 것 같아. 네가 해준 말을 기억하면서 다시 도전해 볼 수 있겠어. 네 말처럼 재활치료 받을 때의 내 마음을 잊지 않을게.	N	2022-08-03 05:36:18	2022-11-08 04:47:51
BE22013014	12	1	내가 무척 영광인데? 너처럼 출중한 선수가 네 말에 힘을 얻어 다시금 도전하다니. 이건 내 인생에 가보로 남겨둘 일인걸.	N	2022-08-03 05:36:18	2022-11-08 04:47:52
BE22013014	13	0	무슨 소리야. 너같이 착하고 다정한 사람을 곁에 둔 게 내 인생의 자랑이야. 항상 내가 어둠에 빠져 힘들어할 때 빛이 되어줘서 고마워.	N	2022-08-03 05:36:18	2022-11-08 04:47:52
BE22013014	14	1	이런 이야기라면 언제든지 환영이야. 네가 외롭고 힘들 때, 불안하고 두려울 때 언제든 나를 찾아와도 좋아. 난 언제나 오늘처럼 네 이야기를 다 들어줄 수 있어.	N	2022-08-03 05:36:18	2022-11-08 04:47:52
BE22013014	15	0	정말 고마워. 내 든든한 멘털 지킴이이자 가장 소중한 사람이야! 네 덕분에 오늘 하루도 힘낼 수 있을 것 같아.	Y	2022-08-03 05:36:18	2022-11-08 04:47:52
