id	utterance_id	utterance_type	utterance_text	terminate	regDate	updDate
BE22009258	1	0	언니, 난 비둘기 때문에 스트레스를 너무 받아. 비둘기가 보이면 불안해서 멀리 돌아서 지나가야 해.	N	2022-07-15 13:44:57	2022-11-08 04:23:56
BE22009258	2	1	요새는 개체 수가 늘어서 비둘기 없는 곳이 없을 정도로 많지. 그래서 사람들에게 불편함을 주는 면이 있다고 하더라. 너도 비둘기 때문에 무슨 불편한 점이 있었니?	N	2022-07-15 13:44:57	2022-11-08 04:23:56
BE22009258	3	0	비둘기가 날 때 세균이 많이 떨어진다고 하잖아. 내 몸 가까이 날기만 하면 그 세균이 나한테 붙을까 걱정돼.	N	2022-07-15 13:44:57	2022-11-08 04:23:56
BE22009258	4	1	넌 몸도 약한데 혹시 세균이 병을 일으킬까 봐 불안한가 보다. 얼마 전에도 몸이 아파서 고생했으니까 조심하려는 무의식이 있는 게 아닐까?	N	2022-07-15 13:44:57	2022-11-08 04:23:56
BE22009258	5	0	맞아, 그런 거 같아. 몸이 아픈 게 세상에서 가장 힘든 거 같아. 또 아플까 봐 걱정돼.	N	2022-07-15 13:44:57	2022-11-08 04:23:57
BE22009258	6	1	그래, 일주일이나 병원에 입원해서 여러 가지 검사도 받았는데 병명도 제대로 안 나와서 걱정 많았지.	N	2022-07-15 13:44:57	2022-11-08 04:23:57
BE22009258	7	0	지금도 아팠던 때를 생각하면 끔찍해. 다시는 아프고 싶지 않아. 그래서 바이러스나 세균이 무서워진 거 같아.	N	2022-07-15 13:44:57	2022-11-08 04:23:57
BE22009258	8	1	너처럼 심하게 아프고 나면 병을 일으키는 것들이 무서울 거야. 나라도 그런 심정이 될 것 같아. 나라면 비둘기뿐만 아니라 다른 새들도 피할 것 같아.	N	2022-07-15 13:44:57	2022-11-08 04:23:57
BE22009258	9	0	언니가 그렇게 말해주니 내 마음이 훨씬 편해졌어. 내가 너무 예민한 게 아닌가 걱정했거든.	N	2022-07-15 13:44:57	2022-11-08 04:23:57
BE22009258	10	1	조심해서 나쁠 건 없지. 다만 비둘기 때문에 스트레스 많이 받으면 정신 건강에 해로울 것 같아.	N	2022-07-15 13:44:57	2022-11-08 04:23:57
BE22009258	11	0	어떻게 하면 스트레스를 덜 받을까? 세균 걱정도 덜 하고.	N	2022-07-15 13:44:57	2022-11-08 04:23:57
BE22009258	12	1	미리 비둘기 많은 곳을 알아두고 그 근처에는 가지 않으면 될 것 같은데. 그리고 비둘기가 보이면 불안하다는 생각을 멈추고, 아무 생각 없이 그냥 돌아서 지나가는 거야.	N	2022-07-15 13:44:57	2022-11-08 04:23:57
BE22009258	13	0	불안한 생각은 멈추고 조심은 하라는 말이지? 괜히 스트레스까지 받지는 말라는 말이네.	N	2022-07-15 13:44:57	2022-11-08 04:23:57
BE22009258	14	1	맞아, 그렇게 하면 마음이 진정될 거야. 어차피 멀리 돌아가니까 세균 걱정도 안 해도 되고.	N	2022-07-15 13:44:57	2022-11-08 04:23:57
BE22009258	15	0	정말 좋은 생각이야. 내가 미처 생각하지 못한 좋은 방법을 알려줘서 고마워. 도움이 많이 될 것 같아.	Y	2022-07-15 13:44:57	2022-11-08 04:23:57
