id	utterance_id	utterance_type	utterance_text	terminate	regDate	updDate
BE22012695	1	0	나 얼마 전에 산부인과 갔다가 좀 당황스러운 이야기를 들었어. 내가 다낭성 난소증후군이래. 그래서 자꾸 살도 찌고 생리도 불규칙한 거라고 하더라 난 정말 몰랐어.	N	2022-08-01 07:44:57	2022-11-08 04:45:50
BE22012695	2	1	어머나 얼마나 놀랐을까. 평소 생각해보지도 않은 이야기를 들으니 좀 당황스러웠지? 괜히 불안하기도 하고 말이야. 나도 다낭성 진단을 받아서 그 마음 알아.	N	2022-08-01 07:44:57	2022-11-08 04:45:50
BE22012695	3	0	응 정말 그래. 난 그냥 내가 살이 좀 잘 찌는 체질이라고만 생각했지, 다른 이유가 있는지는 몰랐어. 그래서 괜히 좀 스트레스받고 불안해.	N	2022-08-01 07:44:57	2022-11-08 04:45:50
BE22012695	4	1	정말 그 마음 알지. 나도 처음에는 내가 왜 이렇게 컨디션 조절이랑 체중 조절이 안 되는지 몰랐었거든. 그래서 혼자 전전긍긍했어. 네가 얼마나 답답했을지 이해해.	N	2022-08-01 07:44:57	2022-11-08 04:45:50
BE22012695	5	0	맞아. 그동안 이유도 없이 몸이 붓고 생리를 잘 안 하고 그래서 그거도 나름 스트레스였는데 말이야. 그런데 이제는 바뀌기도 힘든 상태라니 더 불안하기도 해.	N	2022-08-01 07:44:57	2022-11-08 04:45:50
BE22012695	6	1	맞아 어쩐지 나는 절대 살이 빠지지 않을 체질이라는 선고를 받은 것 같고 그런 느낌일 거야. 하지만 감정화자야, 그래도 이번 기회로 내 몸을 잘 돌볼 방법을 알았다고 생각하자. 그럼 마음이 좀 홀가분해질 거야.	N	2022-08-01 07:44:57	2022-11-08 04:45:50
BE22012695	7	0	맞아. 정말 그래. 그래도 네 말대로 이렇게 병원 다녀오니 좀 속은 시원해. 비록 평생 체중 관리를 해야 한다고 이야기는 들었지만 말이야.	N	2022-08-01 07:44:57	2022-11-08 04:45:50
BE22012695	8	1	너무 미리부터 걱정은 하지 말자. 다낭성이라도 평소에 영양제 잘 챙겨 먹고 편히 마음먹고 지내면 완화되는 경우도 많이 있대. 그리고 너는 워낙 스스로 조절을 잘하니까 별로 걱정이 안 된다.	N	2022-08-01 07:44:57	2022-11-08 04:45:50
BE22012695	9	0	고마워. 네 말 들으니 무작정 스트레스받고 불안해하는 걸 그만둬야겠어. 사실 병을 알게 된 후나 전이나 나는 계속 운동하고 있었으니 말이야.	N	2022-08-01 07:44:57	2022-11-08 04:45:50
BE22012695	10	1	맞아 너는 운동을 꾸준히 하는 게 정말 멋져 보이더라고. 아마 그래서 네가 다낭성이어도 건강하게 잘 지내고 있는 건가 봐. 꾸준한 노력으로 계속 관리를 해서 말이야.	N	2022-08-01 07:44:57	2022-11-08 04:45:51
BE22012695	11	0	그런 말 들으니 조금 부끄럽고 기쁜걸. 하기는 나 정말 노력 많이 하면서 지내지. 앞으로도 이렇게 하면 별문제는 없겠지?	N	2022-08-01 07:44:57	2022-11-08 04:45:51
BE22012695	12	1	응 넌 아주 좋은 습관을 지니고 있잖아. 그러니 불안해하고 스트레스받지 마. 지금 그대로 잘하면 될 거야. 내가 아는 너는 자신을 아주 잘 관리하는 사람이니까 말이야.	N	2022-08-01 07:44:57	2022-11-08 04:45:51
BE22012695	13	0	고마워 네 말 들으니 좀 안심이 된다. 그래, 오히려 증상을 알게 되었으니 좀더 체계적인 관리를 들어갈 수 있을 것 같아. 역시 병원 다녀오길 잘했어.	N	2022-08-01 07:44:57	2022-11-08 04:45:51
BE22012695	14	1	응 맞아. 이유도 모르고 전전긍긍하는 것보단 자기 몸 상태를 정확하게 파악하고 해결하는 게 낫지. 잘 다녀왔어.	N	2022-08-01 07:44:57	2022-11-08 04:45:51
BE22012695	15	0	고마워 내 마음 이해해줘서. 나 그만 스트레스받고 이럴 시간에 운동이나 한 번 더 하고 올게. 나중에 봐!	Y	2022-08-01 07:44:57	2022-11-08 04:45:51
