id	utterance_id	utterance_type	utterance_text	terminate	regDate	updDate
BE22009124	1	0	아까 책을 보다가 물을 흘리고 말았어요. 빠르게 햇빛에 말려두긴 했는데 괜찮을지 걱정이에요. 정말 만약 찢어지거나 훼손되기라도 한다면 전 너무 슬플 거예요.	N	2022-07-15 06:57:50	2022-11-08 04:23:05
BE22009124	2	1	빨리 휴지로 닦고 햇빛에 말렸으면 큰 문제 없이 괜찮을 거예요. 책은 마르면 다시 볼 수 있잖아요.	N	2022-07-15 06:57:50	2022-11-08 04:23:05
BE22009124	3	0	하 저도 그랬으면 정말 좋겠는데 하필 이게 제가 아끼는 책이에요. 정말 어렵게 구한 거라 꼭 말라야 하는데. 망가질까봐 너무 불안해요.	N	2022-07-15 06:57:50	2022-11-08 04:23:05
BE22009124	4	1	어렵게 구한 책이라서 더 애정이 가겠네요. 요즘에 날도 좋아서 당분간은 계속 해가 떠 있을 것 같아요! 그럼 더 잘 마를 것 같은데요?	N	2022-07-15 06:57:50	2022-11-08 04:23:05
BE22009124	5	0	아 정말 저도 그랬으면 좋겠어요. 이제 구하지도 못하는 책이거든요. 제가 어릴 때부터 정말 즐겨본 책이에요.	N	2022-07-15 06:57:50	2022-11-08 04:23:05
BE22009124	6	1	이젠 구하기도 힘든 책이 젖었으니 얼마나 불안하겠어요. 저도 아끼는 물건이 손상되어서 정말 잠을 못 잔 적도 있어서 잘 알 것 같아요.	N	2022-07-15 06:57:50	2022-11-08 04:23:05
BE22009124	7	0	맞아요. 정말 저에겐 보물과도 같은 책이기 때문에 꼭 말라야 해요. 정말 너무 불안해서 책에게서 눈을 뗄 수가 없어요. 만약 안 마르면 정말 며칠은 울 것 같아요.	N	2022-07-15 06:57:50	2022-11-08 04:23:05
BE22009124	8	1	너무 걱정하지 마세요. 요즘엔 책도 잘 마르잖아요! 날씨가 계속 맑을 거라 아마 잘 마를 수 있을 것 같아요!	N	2022-07-15 06:57:50	2022-11-08 04:23:05
BE22009124	9	0	그랬으면 좋겠어요. 커피도 아닌 물이라 다행히 말라도 오염은 없을 것 같은데. 젖은 것 때문에 책이 훼손될까봐 걱정이기도 해요.	N	2022-07-15 06:57:50	2022-11-08 04:23:05
BE22009124	10	1	물이어서 다행이죠. 정말 다른 음료였으면 큰일 날 뻔했어요. 젖은 게 마르면 조금은 울겠지만 괜찮을 거예요.	N	2022-07-15 06:57:50	2022-11-08 04:23:05
BE22009124	11	0	그랬으면 좋겠어요. 지금 하루 종일 책만 바라보면서 잘 마르길 기도하고 있거든요.	N	2022-07-15 06:57:50	2022-11-08 04:23:05
BE22009124	12	1	빨리 물을 닦고 바로 햇빛에 말렸으니 분명 잘 마를 거예요. 너무 걱정하지 마시고 기운 내세요!	N	2022-07-15 06:57:50	2022-11-08 04:23:05
BE22009124	13	0	그렇게 말을 해줘서 정말 고마워요. 이렇게 얘기라도 하니까 조금 진정이 되네요.	N	2022-07-15 06:57:50	2022-11-08 04:23:05
BE22009124	14	1	계속 걱정하고 지켜보면 더 힘드실 거예요. 책 걱정은 잠시 접어두자고요!	N	2022-07-15 06:57:50	2022-11-08 04:23:05
BE22009124	15	0	그래야겠어요! 위로해주셔서 정말 감사해요!	Y	2022-07-15 06:57:50	2022-11-08 04:23:05
