id	utterance_id	utterance_type	utterance_text	terminate	regDate	updDate
BE22013532	1	0	내가 요즘 고민 탓에 불안하고 걱정이야.	N	2022-08-09 00:55:24	2022-11-08 04:51:02
BE22013532	2	1	무슨 일이길래 그래?	N	2022-08-09 00:55:24	2022-08-09 00:55:24
BE22013532	3	0	임신을 계획하지 않았는데 이번에 병원에 가보니까 임신이라고 하네. 아직은 엄마가 될 자신이 없어서 불안하고 그래.	N	2022-08-09 00:55:24	2022-08-09 00:55:24
BE22013532	4	1	저런, 생각지도 못한 임신이라 불안할 수밖에 없겠다. 너 정말 지금 너무 마음이 안 좋겠구나. 준비도 안 한 상태에 덜컥 임신이 되면 나 같아도 걱정이 많아질 것 같아.	N	2022-08-09 00:55:24	2022-11-08 04:51:02
BE22013532	5	0	응, 요즘 식욕도 없어. 어떻게 해야 할지도 모르겠고, 답답하기만 해. 불안해서 아무것도 손에 안 잡혀.	N	2022-08-09 00:55:24	2022-11-08 04:51:02
BE22013532	6	1	참 어려운 문제가 네게 와서 불안에 떨 수밖에 없겠다. 임신이라는 게 인생의 중요한 기점을 만들어주는 일인데, 네 계획이 아니었다고 하니 말이야.	N	2022-08-09 00:55:24	2022-11-08 04:51:02
BE22013532	7	0	응, 어떻게 해야 하나 걱정이 많아. 이런 일이 나에게 생길 줄은 몰랐어.	N	2022-08-09 00:55:24	2022-08-09 00:55:24
BE22013532	8	1	너 정말 여러모로 결단하기가 힘들겠구나. 듣는 나도 힘든데 너는 한동안 마음이 안 좋을 것 같아. 네 몸 상태는 괜찮은 거야?	N	2022-08-09 00:55:24	2022-11-08 04:51:02
BE22013532	9	0	응, 몸은 별 이상이 없다고 하더라고. 내가 만약 아이를 낳으면 엄마 역할을 잘할 수 있을까, 걱정돼.	N	2022-08-09 00:55:24	2022-11-08 04:51:02
BE22013532	10	1	아무래도 책임져야 하는 생기니 걱정될 수밖에 없을 것 같아. 하지만 네가 걱정하는 만큼 그 마음으로 아이를 잘 돌볼 것 같아. 네 걱정만큼 앞날이 힘들지는 않을 거니까 우리 힘내보자.	N	2022-08-09 00:55:24	2022-11-08 04:51:02
BE22013532	11	0	맞아, 그리고 원치 않았던 아이라 나중에 힘들 때마다 탓하게 될까 봐 미리 걱정이 앞서.	N	2022-08-09 00:55:24	2022-08-09 00:55:24
BE22013532	12	1	네가 무슨 말을 하는지 알 것만 같아. 아무래도 언젠가 원망하게 될까 봐 걱정인 거지? 하지만 그건 아이를 키우게 되면 누구나 겪을 감정 중에 하나니까 너무 불안에 떨지 마.	N	2022-08-09 00:55:24	2022-11-08 04:51:02
BE22013532	13	0	정말 네 말처럼 그랬으면 좋겠어. 계속 걱정만 하는 것보단 기운을 차리는 게 좋겠다. 네 말을 들으니 좀 안심이 돼.	N	2022-08-09 00:55:24	2022-11-08 04:51:02
BE22013532	14	1	처음은 힘들겠지만, 지금이라도 준비하면 잘할 수 있을 거야. 지금도 늦지 않았어. 그러니 당장 좌절하지 말고 열심히 하자.	N	2022-08-09 00:55:24	2022-11-08 04:51:02
BE22013532	15	0	네 덕분에 걱정이 조금 없어졌어. 내가 원치 않은 거라 생각들을 너무 많이 했나 봐. 네 말처럼 지금이라도 준비해야겠어.	Y	2022-08-09 00:55:24	2022-11-08 04:51:02
