id	utterance_id	utterance_type	utterance_text	terminate	regDate	updDate
BE22011375	1	0	이번에 성적 장학금에서 떨어져서 학자금 대출을 알아보는 중이야. 이것도 안 될까 봐 너무 불안하다.	N	2022-07-24 17:16:59	2022-11-08 04:37:29
BE22011375	2	1	늘 장학금을 받아오다가 잘 안됐구나. 내가 다 속상하네. 갑자기 학자금 대출 알아보려고 하니까 많이 힘들었을 것 같아.	N	2022-07-24 17:16:59	2022-11-08 04:37:29
BE22011375	3	0	응, 하나하나 내가 다 알아서 해야 해서 더 스트레스를 많이 받고 있어. 준비해야 하는 서류는 또 왜 이렇게 많은지. 대출이 안 나오면 정말 눈앞이 캄캄할 것 같아.	N	2022-07-24 17:16:59	2022-11-08 04:37:29
BE22011375	4	1	나도 작년에 학자금 대출 혼자 알아봤잖아. 그 막막함과 두려운 마음이 너무 이해된다. 하지만 걱정하지 마, 학자금 대출은 웬만하면 다 잘 나온다고 하더라.	N	2022-07-24 17:16:59	2022-11-08 04:37:29
BE22011375	5	0	그러면 정말 좋겠다. 그런데 학자금 대출이 나온다고 해도 불안한 마음이 가시지 않아. 돈을 벌고 갚을 때까지는 빚을 달고 살아야 하는데 그게 너무 숨통을 조여와.	N	2022-07-24 17:16:59	2022-11-08 04:37:29
BE22011375	6	1	맞아. 이제 20대 초반인 우리에게 학자금 대출은 너무 큰 돈이라, 갚을 생각을 하면 불안해지는 게 당연해. 빚이라는 단어가 주는 위압감도 어마어마하잖아. 나도 정말 앞이 막막했다니까.	N	2022-07-24 17:16:59	2022-11-08 04:37:29
BE22011375	7	0	너도 나랑 비슷한 기분을 느꼈구나. 빌린 학자금을 다 갚기 전까지는 이 불안함이 멈추지 않을 것만 같아. 빚을 져야만 학교에 다닐 수 있다는 내 처지가 처량하기도 하고.	N	2022-07-24 17:16:59	2022-11-08 04:37:29
BE22011375	8	1	힘을 내 감정 화자님. 생각을 바꿔서 학자금 대출은 미래의 나에게 투자하는 기회라고 여기면 어떨까. 그러면 불안한 마음이 좀 사라질 거야.	N	2022-07-24 17:16:59	2022-11-08 04:37:29
BE22011375	9	0	오 너의 말이 일리가 있다. 내가 너무 빚을 나쁘게만 생각해왔던 것 같아. 하지만 내가 졸업 후에 바로 취직을 못 하고 이자도 내지 못할까 봐 너무 겁나.	N	2022-07-24 17:16:59	2022-11-08 04:37:29
BE22011375	10	1	내가 아는 감정 화자님은 누구보다 성실하게 미래를 준비하는 사람이야. 너 같은 인재는 회사에서 서로 데려가려고 할 거야. 그러니 너무 걱정하지 말고 하던 대로 열심히 공부하며 미래를 준비해보자고!	N	2022-07-24 17:16:59	2022-11-08 04:37:29
BE22011375	11	0	너에게 이 말을 하길 잘했다는 생각이 든다. 정말로 고마워. 불안한 마음이 조금은 해소되고 있는 것 같아. 내가 너무 필요 이상으로 학자금 대출을 두려워했다는 생각이 들어.	N	2022-07-24 17:16:59	2022-11-08 04:37:29
BE22011375	12	1	마음이 진정되고 있다니 다행이다. 너는 얼마든지 똑 부러지게 대출 심사를 준비하고 승인까지도 받을 수 있을 거야. 원래 처음은 다 어려운 법이니까.	N	2022-07-24 17:16:59	2022-11-08 04:37:29
BE22011375	13	0	응원해줘서 고마워. 돈이 없으면 아예 학기를 등록도 하지 못하는데 그래도 학자금 대출이라도 받을 수 있음에 감사해야겠어. 준비하다가 모르는 게 있으면 물어봐도 되지?	N	2022-07-24 17:16:59	2022-11-08 04:37:29
BE22011375	14	1	그럼 얼마든지요! 불안한 마음 다 떨쳐내고, 담대하게 미래를 위한 학자금을 대출받으러 가보자고!	Y	2022-07-24 17:16:59	2022-11-08 04:37:29
