id	utterance_id	utterance_type	utterance_text	terminate	regDate	updDate
BE22007468	1	0	선생님, 안녕하세요? 잘 지내고 계시죠?	N	2022-07-10 03:17:31	2022-11-08 04:12:32
BE22007468	2	1	그래, 요즘 날씨가 더운데 너도 잘 지내는지 모르겠구나. 무슨 일 있니?	N	2022-07-10 03:17:31	2022-11-08 04:12:32
BE22007468	3	0	네, 선생님. 그게, 제가 요즘 고민이 좀 있어서요. 취업 준비 중인데 아무 데에서도 연락이 안 오네요. 좀 비참해서 선생님께 상담이라고 하고 싶어서요.	N	2022-07-10 03:17:31	2022-11-08 04:12:32
BE22007468	4	1	저런, 많이 상심했겠구나. 아무래도 요즘 취업 시장이 꽁꽁 얼어붙긴 했지. 이런 상황에서 취직을 하려고 하니까 더 부담스럽고 막막하겠어. 스트레스가 많겠네.	N	2022-07-10 03:17:31	2022-11-08 04:12:32
BE22007468	5	0	제가 부족해서 합격이 안 되는 것 같아요. 사람들이 저보고 눈이 높은 거 아니냐고 하는데, 저는 이력서를 100개나 냈거든요. 대기업뿐만 아니라 웬만한 곳은 다 써본 것 같아요.	N	2022-07-10 03:17:31	2022-11-08 04:12:32
BE22007468	6	1	그러면 더 아쉬웠겠네. 네 입장에서는 이만하면 합격하겠지 하고 쓴 곳도 있을 텐데 떨어졌으니 얼마나 속상했을까.	N	2022-07-10 03:17:31	2022-11-08 04:12:32
BE22007468	7	0	이러다가 영영 취업을 못 하는 건 아닐지 불안해요. 20대 태반이 백수라고 우스갯소리도 하는데 제가 그 입장이니까 웃기지도 않고 불안하기만 해요.	N	2022-07-10 03:17:31	2022-11-08 04:12:32
BE22007468	8	1	그럼, 당연히 불안하지. 네가 그 일 때문에 스트레스를 많이 받는 모양이구나. 항상 긍정적이던 네가 이렇게까지 고민한 걸 보니 나도 마음이 안 좋네.	N	2022-07-10 03:17:31	2022-11-08 04:12:32
BE22007468	9	0	이런 말까지 하면 좀 그렇지만 제 인생 전반이 부정당하는 것 같아요. 사람들이 저한테 너 여태껏 잘 못 살았다 하고 말하는 것 같아요. 회의감이 많이 드네요.	N	2022-07-10 03:17:31	2022-11-08 04:12:32
BE22007468	10	1	원래 해가 뜨기 전 새벽이 가장 어두운 법이니까 그렇게까지 생각할 필요는 없어. 너를 안 지 벌써 10년인데 너처럼 성실하고 능력 있는 사람은 언젠가 빛을 볼 거야. 이제 곧 좋은 소식이 있을 테니 너 자신을 믿고 조금만 더 힘내 보렴.	N	2022-07-10 03:17:31	2022-11-08 04:12:32
BE22007468	11	0	선생님 감사합니다. 바닥에 있으니 이제 딛고 올라가는 일만 남은 거겠죠? 선생님 말씀처럼 조금만 더 힘내 볼게요.	N	2022-07-10 03:17:31	2022-11-08 04:12:32
BE22007468	12	1	그래, 그런 긍정적인 모습으로 자신감을 가져 봐. 그러면 면접에서도 당당한 네 모습을 보고 뽑아줄지 누가 아니? 마음을 편하게 가지고 있으면 좋은 결과 있을 거야.	N	2022-07-10 03:17:31	2022-11-08 04:12:32
BE22007468	13	0	네, 선생님 감사합니다. 덕분에 마음을 편하게 가질 수 있겠어요. 언젠가는 저의 능력을 알아봐 주는 곳이 있겠죠.	N	2022-07-10 03:17:31	2022-11-08 04:12:32
BE22007468	14	1	그래, 분명 그런 곳이 있을 거야. 좋은 결과 있으면 선생님한테 꼭 알려주렴. 선생님이 축하 겸 맛있는 것 사줄게.	N	2022-07-10 03:17:31	2022-11-08 04:12:32
BE22007468	15	0	네, 선생님. 그날이 얼른 오길 바랄게요. 좋은 결과 있으면 말씀드리겠습니다.	Y	2022-07-10 03:17:31	2022-11-08 04:12:32
