id	utterance_id	utterance_type	utterance_text	terminate	regDate	updDate
BE22008075	1	0	내일 약속이 있는데 미처 네일아트를 못해서 걱정이에요.	N	2022-07-12 06:08:30	2022-11-08 04:16:21
BE22008075	2	1	이런, 중요한 일인 건가요?	N	2022-07-12 06:08:30	2022-11-08 04:16:21
BE22008075	3	0	그건 아니에요. 그냥 언제부턴가 손톱 정리를 하지 않고 외출하는 게 불안하더라고요. 아무래도 강박증이 생긴 것 같아요.	N	2022-07-12 06:08:30	2022-11-08 04:16:21
BE22008075	4	1	무슨 말인지 알겠어요. 뭐 하나가 정돈이 안 되면 알몸으로 나가는 기분이 들기도 하잖아요. 감정화자씨도 그런 마음일까요?	N	2022-07-12 06:08:30	2022-11-08 04:16:21
BE22008075	5	0	맞아요. 맨손톱으로 나가면 헐벗고 밖을 누비는 기분이라 마음이 불편하더군요.	N	2022-07-12 06:08:30	2022-11-08 04:16:21
BE22008075	6	1	사람마다 그렇게 신경 쓰는 부분이 하나씩은 있는 것 같아요. 저도 속눈썹을 올리지 않으면 그날은 알몸으로 다니는 기분이 들거든요. 감정화자씨 마음이 정말 제 일처럼 공감이 가요.	N	2022-07-12 06:08:30	2022-11-08 04:16:21
BE22008075	7	0	공감화자씨도 비슷한 경험을 하실 줄 몰랐어요. 저는 세상에서 저 혼자만 이러는 것 같아서 이게 무슨 병은 아닌지 많이 불안했거든요.	N	2022-07-12 06:08:30	2022-11-08 04:16:21
BE22008075	8	1	어디다 말도 못 하고 외롭고 답답한 그 기분 잘 알아요. 아마 많은 사람이 각자의 고충을 안고 살아갈 테니 혼자된 기분에 슬퍼하지 마세요.	N	2022-07-12 06:08:30	2022-11-08 04:16:21
BE22008075	9	0	정말 외롭고 불안한 나날이었어요. 그 누구도 제 마음을 이해하지 못할 것만 같았고요.	N	2022-07-12 06:08:30	2022-11-08 04:16:21
BE22008075	10	1	이해해요. 다들 나를 위해 노력하는 바가 다른 거라고 생각해봐요. 너무 심각하게 파고들면 감정화자씨 마음이 버티지 못할 거예요.	N	2022-07-12 06:08:30	2022-11-08 04:16:21
BE22008075	11	0	공감화자씨 말을 들으니까 조금 힘이 나네요. 제가 죄를 지은 것도 아닌데 왜 이렇게 불안에 떨었는지 모르겠어요.	N	2022-07-12 06:08:30	2022-11-08 04:16:21
BE22008075	12	1	그럴 수 있어요. 달리 생각해 보면 감정화자씨는 불안한 만큼 자신을 아끼는 사람인 거예요. 긍정적으로 생각을 고치다보면 마음이 한결 편해질 거라 믿어요.	N	2022-07-12 06:08:30	2022-11-08 04:16:21
BE22008075	13	0	불안한 만큼 저 자신을 아끼는 거라는 말에 아주 큰 위로를 얻었어요. 그렇게 생각하면 앞으로 살아갈 힘이 생기는 것 같아요.	N	2022-07-12 06:08:30	2022-11-08 04:16:21
BE22008075	14	1	다행이에요. 자신을 믿고 마음속 불편함은 그만 지워버리세요.	N	2022-07-12 06:08:30	2022-11-08 04:16:21
BE22008075	15	0	그럴게요. 덕분에 지금 강박도 조금 내려놓을 수 있을 것만 같아요. 용기를 주셔서 감사합니다.	Y	2022-07-12 06:08:30	2022-11-08 04:16:21
