id	utterance_id	utterance_type	utterance_text	terminate	regDate	updDate
BE22010369	1	0	나 이제 부산 도착했어. 근데 좀더 걸릴 것 같네.	N	2022-07-20 02:07:35	2022-11-08 04:31:09
BE22010369	2	1	온다는 소식 들어서 안 그래도 연락 기다리던 참이야. 볼일이 더 남았어?	N	2022-07-20 02:07:35	2022-11-08 04:31:09
BE22010369	3	0	내리는 건 아까 내렸는데 캐리어를 가만 보니 내 게 아니더라고. 그 순간 내 걸 잃어버렸다는 불안감에 죽는 줄 알았어.	N	2022-07-20 02:07:35	2022-11-08 04:31:09
BE22010369	4	1	오랜만에 온다고 이것저것 다 챙겼을 텐데. 생각만 해도 네 맘이 너무 속상하겠다. 그래서 네 건 찾았어?	N	2022-07-20 02:07:35	2022-11-08 04:31:09
BE22010369	5	0	내 거는 이미 다른 사람이 착각하고 챙겨서 집에 갔더라고. 정말 중요한 물건도 들어 있는데 잃어버릴까 봐 너무 불안해. 기다리고 있는 이 순간도 너무 스트레스야.	N	2022-07-20 02:07:35	2022-11-08 04:31:09
BE22010369	6	1	뭐 그런 일이 다 있대? 소중한 추억이 갑자기 사라진 기분이라니 입이 바짝 마르겠는걸. 나 같아도 눈앞이 캄캄해지다 못해 멀어버릴 것 같아.	N	2022-07-20 02:07:35	2022-11-08 04:31:09
BE22010369	7	0	맞아. 지금 공항에서 그 사람이 돌아오길 기다리는데 내 물건들이 사라졌을지도 모르잖아. 오만 가지 생각이 다 들어.	N	2022-07-20 02:07:35	2022-11-08 04:31:09
BE22010369	8	1	불안감에 휩싸였을 널 생각하니 내 맘이 다 아프다. 먼 길 오느라 피곤할 텐데 이런저런 스트레스에 정말 말이 아니구나. 나라도 같이 옆에 있어 주고 싶은 순간이야.	N	2022-07-20 02:07:35	2022-11-08 04:31:09
BE22010369	9	0	말이라도 정말 고마워. 캐리어 자체도 엄마가 처음으로 여행 갈 때 사주신 거라 꽤 많은 추억이 담겨 있었거든. 아직도 심장이 벌렁거리네.	N	2022-07-20 02:07:35	2022-11-08 04:31:09
BE22010369	10	1	그래도 잃어버린 순간에는 당장에 위기의 순간이겠지만 결국 모든 게 순조롭게 흘러가잖아. 찾아서 다행이니까 너무 걱정하지 말고 기다리자.	N	2022-07-20 02:07:35	2022-11-08 04:31:09
BE22010369	11	0	네 말이 맞아. 그렇게 생각하니 난 정말 행운이야. 소중한 추억들을 잃어버리지 않게 돼서 정말 다행이야.	N	2022-07-20 02:07:35	2022-11-08 04:31:09
BE22010369	12	1	너의 긍정 파워는 정말 최고야. 나라면 상상도 못 할 일이야.	N	2022-07-20 02:07:35	2022-11-08 04:31:09
BE22010369	13	0	다 네 덕분인걸. 내가 진정할 수 있게 대화해 줘서 정말 고마워. 이제 곧 도착하신다고 하네.	N	2022-07-20 02:07:35	2022-11-08 04:31:09
BE22010369	14	1	응. 정말 다행이다. 찾으면 연락해 줘. 오랜만에 야경 구경도 실컷 하고 말이야.	N	2022-07-20 02:07:35	2022-11-08 04:31:09
BE22010369	15	0	이 세상 야경은 다 본 기분이야. 고마워. 집에 가면 연락할게.	Y	2022-07-20 02:07:35	2022-11-08 04:31:09
