id	utterance_id	utterance_type	utterance_text	terminate	regDate	updDate
BE22011376	1	0	나 이번에 평수가 넓은 아파트로 이사를 하게 되었어.	N	2022-07-24 17:23:44	2022-11-08 04:37:29
BE22011376	2	1	너무 축하해. 너 넓은 곳으로 이사하고 싶어 했었잖아. 너무 잘됐다.	N	2022-07-24 17:23:44	2022-11-08 04:37:29
BE22011376	3	0	근데 은행에서 대출받아서 이사하는 거라서 불안함이 더 큰 것 같아. 과연 대출받아서 가는 게 잘하는 행동이 맞나 불안해.	N	2022-07-24 17:23:44	2022-11-08 04:37:29
BE22011376	4	1	나도 내가 한 행동에 확신이 안 가서 불안했던 적이 있어서 그 기분 잘 알아. 나였어도 충분히 불안한 기분을 느꼈을 거야.	N	2022-07-24 17:23:44	2022-11-08 04:37:29
BE22011376	5	0	응. 사실 내가 너무 나의 이상을 위해서 현실을 제대로 직시하고 있지 못하는 건 아닌가 싶어. 사실 생각해보면 굳이 넓은 아파트로 가지 않아도 되는데 너무 무리한 것 같아서 불안해.	N	2022-07-24 17:23:44	2022-11-08 04:37:29
BE22011376	6	1	그런 생각이 들 수 있긴 하겠다. 하지만 너의 꿈이었던 넓은 집에 대한 열망은 이룬 거잖아. 사람이 꿈을 가지고 있어도 실행하기는 어려운데 그걸 했다는 점에서 나는 네가 멋있다고 생각해.	N	2022-07-24 17:23:44	2022-11-08 04:37:29
BE22011376	7	0	내가 너무 현실 감각이 없었던 건 아닐까? 그냥 대출받아서 이사하느니 그냥 원래 집에 있는 게 더 나았다는 생각에 불안해져.	N	2022-07-24 17:23:44	2022-11-08 04:37:29
BE22011376	8	1	원하던 집을 얻었으니까 거기서 더 기쁜 마음으로 열심히 일하고 삶을 살아나가자고 생각하면 어때? 집에서 즐거운 마음으로 더 열심히 벌어서 대출을 갚아서 완벽한 너의 집으로 만든다고 생각하는 거지. 순서만 조금 바뀐 것뿐이라고 생각하면 기분이 좀 나아지지 않을까?	N	2022-07-24 17:23:44	2022-11-08 04:37:29
BE22011376	9	0	그건 그렇지. 내가 원하는 걸 손에 얻으면 더 즐겁게 일을 잘 할 수 있을 것 같거든. 하지만 내가 진짜 잘 할 수 있을까? 내가 대출도 갚지 않은 상황에서 현실에 안주해버리면 어떡할지 걱정이야.	N	2022-07-24 17:23:44	2022-11-08 04:37:29
BE22011376	10	1	내가 이제까지 봐온 너는 누구보다 부지런하고 성실한 사람이야. 너라면 충분히 열심히 일해서 네가 원하던 꿈들을 하나둘 이룰 수 있을 거야.	N	2022-07-24 17:23:44	2022-11-08 04:37:29
BE22011376	11	0	그렇게 말해줘서 고마워. 덕분에 자신감이 더 생기는 것 같아.	N	2022-07-24 17:23:44	2022-11-08 04:37:30
BE22011376	12	1	그래. 너에 대한 자신감을 가져. 평수가 넓은 아파트로 잘 이사한 것도 나는 네가 좋은 기회를 잘 잡았다고 생각해. 너는 기회를 잡을 줄 아는 멋진 사람이야.	N	2022-07-24 17:23:44	2022-11-08 04:37:30
BE22011376	13	0	네가 있어서 너무 든든하다. 너랑 얘기하니까 기분이 좀 나아지는 것 같아.	N	2022-07-24 17:23:44	2022-11-08 04:37:30
BE22011376	14	1	그렇다니 다행이야. 앞으로도 언제든 고민 있으면 말해.	Y	2022-07-24 17:23:44	2022-11-08 04:37:30
