id	utterance_id	utterance_type	utterance_text	terminate	regDate	updDate
BE22004422	1	0	저 요새 걱정스러운 일이 있어요.	N	2022-06-28 01:55:11	2022-11-08 03:52:51
BE22004422	2	1	무슨 일인가요? 구체적으로 설명해줄 수 있어요?	N	2022-06-28 01:55:11	2022-11-08 03:52:51
BE22004422	3	0	저번에 헤어진 연인과 재회했다고 말씀드렸잖아요. 그런데 재회한 연인의 모습에서 예전보다 거슬리는 점이 더 많아서 걱정이에요.	N	2022-06-28 01:55:11	2022-11-08 03:52:51
BE22004422	4	1	정말 걱정스럽겠어요. 저도 예전에 다시 만난 연인에게서 어색하고 이전과 달리 여겨지는 모습들을 발견했었거든요. 그때 저도 되게 걱정스럽고 불안하고 그랬어요.	N	2022-06-28 01:55:11	2022-11-08 03:52:51
BE22004422	5	0	네, 맞아요. 헤어지고 나서 너무 힘들어서 다시 재회한 건데 오히려 그런 모습들이 발견되니까 더 힘드네요.	N	2022-06-28 01:55:11	2022-11-08 03:52:51
BE22004422	6	1	너무 걱정하지 마세요. 그래도 다시 만나고 행복했잖아요. 아마 지금도 힘들고, 걱정하면서도 헤어지지 않는 이유는 그것보다 더 사랑하기 때문이 아닐까요?	N	2022-06-28 01:55:11	2022-11-08 03:52:51
BE22004422	7	0	맞아요. 그래서 오히려 더 걱정인 거예요. 제가 생각했던 모습들과 다른 모습들이 보이니까 이제까지 제가 사랑했다고 생각했던 사람과 너무 달라 보이고요. 제가 이제까지 잘못 생각해왔고 추억해왔나 걱정이 되는 거예요.	N	2022-06-28 01:55:11	2022-11-08 03:52:51
BE22004422	8	1	그렇게 생각하지 말고 긍정적으로 생각해봐요. 완전히 다른 행동들만 있는 것이 아니니까 다시 천천히 알아가면서 그 모습들을 즐겁게 바라봐요. 그런 생각들이 모두 새로 연애하는 풋풋한 감정도 되살려주고 걱정스러움이 즐거움으로 바뀌게 해줄 거예요.	N	2022-06-28 01:55:11	2022-11-08 03:52:51
BE22004422	9	0	그래야겠네요. 제가 생각했던 그 모습들에 너무 집착했던 것 같아요. 제가 사랑한 건 그 모습들이 아니라 그녀가 어떤 모습을 보이더라도 좋아한 거였는데 말이에요. 너무 제가 제 생각만 한 것 같네요.	N	2022-06-28 01:55:11	2022-11-08 03:52:51
BE22004422	10	1	전혀요. 다들 그런 상황에 맞닥뜨리면 그런 생각을 할 수밖에 없을 거예요. 저도 마찬가지고요. 오히려 지금 이렇게 극복하고 새롭게 재정립하려는 모습이 닮고 싶을 정도인걸요.	N	2022-06-28 01:55:11	2022-11-08 03:52:51
BE22004422	11	0	고마워요. 위로해줘서요. 덕분에 걱정과 불안이 사라지네요.	N	2022-06-28 01:55:11	2022-11-08 03:52:51
BE22004422	12	1	천만에요. 저야말로 도움이 되었다니 다행이네요.	N	2022-06-28 01:55:11	2022-11-08 03:52:51
BE22004422	13	0	혹시 또 연락드려도 될까요?	N	2022-06-28 01:55:11	2022-11-08 03:52:51
BE22004422	14	1	그럼요. 얼마든지요. 무슨 일이 있거나 연락하고 싶으면 항상 편히 연락줘요. 기다릴게요.	N	2022-06-28 01:55:11	2022-11-08 03:52:51
BE22004422	15	0	네, 고마워요. 그럼 또 연락할게요.	Y	2022-06-28 01:55:11	2022-11-08 03:52:51
