id	utterance_id	utterance_type	utterance_text	terminate	regDate	updDate
BE22001019	1	0	막내가 지금 고3이라서 조용히 지내고 있기는 한데 별거나 이혼을 생각 중이에요.	N	2022-06-14 01:22:06	2022-11-08 03:30:54
BE22001019	2	1	직장 다니면서 수험생 엄마 노릇을 하기만도 벅찰 텐데 부부 문제까지 있었다니 많이 힘들었겠다.	N	2022-06-14 01:22:06	2022-11-08 03:30:54
BE22001019	3	0	큰 얘는 엄마도 엄마 인생 살았으면 좋겠다고 찬성하는데 막내는 아직 가족에 대한 애착이 강해요. 그래서 미루고 참다 보니 고3이 되었네요.	N	2022-06-14 01:22:06	2022-11-08 03:30:54
BE22001019	4	1	오래전부터 문제가 있었나 보네. 그동안 내색 한 번 안 하고 어떻게 혼자 견뎌낸 거야?	N	2022-06-14 01:22:06	2022-11-08 03:30:54
BE22001019	5	0	어쨌든 주어진 일을 해야 하니까 밖에서는 잊고 있으려고 애를 쓴 거죠. 그렇게 저렇게 버티다 보니 벌써 결혼한 지도 20년이 넘었네요.	N	2022-06-14 01:22:06	2022-11-08 03:30:54
BE22001019	6	1	아이고 마음고생 많이 했겠다. 언제부터 힘들었었는지는 몰라도 네가 그런 결심을 했을 정도면 홧김에 하는 말은 아닐 거야.	N	2022-06-14 01:22:06	2022-11-08 03:30:54
BE22001019	7	0	막내가 대학 입학하면 바로 얘기 나누고 결론 내리려고 하는데요. 이제 몇 개월 안 남았기 때문에 홀로서기 준비를 해야겠다는 생각을 했어요.	N	2022-06-14 01:22:06	2022-11-08 03:30:54
BE22001019	8	1	그렇지. 이제 독립적으로 살아가려면 하다못해 형광등이라도 혼자 갈아 끼울 줄 알아야지. 마음부터 다잡아야 할 테고 말이야.	N	2022-06-14 01:22:06	2022-11-08 03:30:54
BE22001019	9	0	네, 그 마음이 문제예요. 혼자 하는 일에 익숙해지려면 마음을 강하게 먹어야 하는데 시작도 하기 전에 두려움이 앞서네요.	N	2022-06-14 01:22:06	2022-11-08 03:30:54
BE22001019	10	1	당연히 그렇지. 어찌 됐건 남편이라는 사람이랑 가정을 이루고 살다가 갑자기 독립형 인간이 된다는 건 누구에게나 어려운 일이야.	N	2022-06-14 01:22:06	2022-11-08 03:30:54
BE22001019	11	0	세상에서 보는 시선도 두렵기도 하고. 막상 마음을 먹으려니 자꾸 움츠러드는 거 같아요. 씩씩해져야 하는데...	N	2022-06-14 01:22:06	2022-11-08 03:30:54
BE22001019	12	1	마음 조급하게 먹을 필요 없어. 단순하게 그동안 남편이 해 오던 집안일들을 직접 하나씩 해 봐. 사소한 일부터 자신감을 가지면 좋을 거 같아.	N	2022-06-14 01:22:06	2022-11-08 03:30:54
BE22001019	13	0	그러다 잘 못 해내서 오히려 자신이 더 없어지면 어떻게 해요.	N	2022-06-14 01:22:06	2022-11-08 03:30:54
BE22001019	14	1	혼자 하는 일에 익숙해져 가는 과정인 거니까 괜찮다고 여유롭게 마음을 가져. 그러다 보면 다른 복잡하고 중요한 결정을 해야 하는 일들도 할 수 있는 힘이 생길 거야.	N	2022-06-14 01:22:06	2022-11-08 03:30:54
BE22001019	15	0	서툴더라도 포기하지 않고 해보다 보면 익숙해질 거라는 말씀이신 거죠?	N	2022-06-14 01:22:06	2022-11-08 03:30:54
BE22001019	16	1	나는 비혼주의자여서 혼자 하는 일에 익숙한 사람이지만 나도 마찬가지로 처음엔 두렵고 서툴고 시행착오도 겪었어. 나보다 더 똑소리 나게 잘 해내며 당당하게 잘 살 거 같은데? 한 발 내딛기가 힘든 거니까 용기를 내!	N	2022-06-14 01:22:06	2022-11-08 03:30:54
BE22001019	17	0	선배 고마워요. 걱정만 하고 있을 게 아니라 힘을 내 봐야겠어요. 해 볼게요.	Y	2022-06-14 01:22:06	2022-11-08 03:30:54
