id	utterance_id	utterance_type	utterance_text	terminate	regDate	updDate
BE22012125	1	0	오늘도 친구들 만나고 집 갈 거 같아.	N	2022-07-27 14:39:24	2022-11-08 04:42:18
BE22012125	2	1	원래 약속 없었잖아. 갑자기 생겼어?	N	2022-07-27 14:39:24	2022-11-08 04:42:18
BE22012125	3	0	응, 친구들이 상담할 게 있다고 만나자 하네.	N	2022-07-27 14:39:24	2022-11-08 04:42:18
BE22012125	4	1	아 그래? 무슨 상담인데?	N	2022-07-27 14:39:24	2022-11-08 04:42:18
BE22012125	5	0	요즘 자꾸만 연애 상담을 해와. 내가 한 사람이랑 오래 연애를 해서 그런가? 은근히 기분이 좋고 기뻐.	N	2022-07-27 14:39:24	2022-11-08 04:42:18
BE22012125	6	1	그럴 수도 있겠네. 네가 안정적인 연애를 잘 유지해서 더 상담을 하나 봐. 흐뭇한 감정이 들 만해.	N	2022-07-27 14:39:24	2022-11-08 04:42:18
BE22012125	7	0	나는 쉽다고 생각 한 것들도 친구들은 어렵게 느끼는 부분이 많은 것 같아. 어떻게 해야 도움이 될까? 친구들에게 이런 부분이라도 도움이 된다니 쑥스럽기도 하고 뿌듯해.	N	2022-07-27 14:39:24	2022-11-08 04:42:18
BE22012125	8	1	네가 워낙 친구들을 아끼고 알뜰하게 챙기잖아. 평소대로 친구에 대한 너의 진심을 조언해주면 좋아할 거 같아. 편하게 너의 연애관에 대해서 이야기해주면 어떨까?	N	2022-07-27 14:39:24	2022-11-08 04:42:18
BE22012125	9	0	언니가 그렇게 생각했었어? 마음이 벅차오르는 기분이야. 언니 말대로 내 연애관에 대해 친구에게 진지 이야기해주면 좋을 거 같아.	N	2022-07-27 14:39:24	2022-11-08 04:42:18
BE22012125	10	1	응, 그런 마음으로 네가 조언을 하면 친구들에게 분명 와 닿을 거야. 그리고 연애하는 데 도움도 되겠지.	N	2022-07-27 14:39:24	2022-11-08 04:42:18
BE22012125	11	0	고마워, 그렇다면 다행이야. 나는 언니 덕분에 기쁨이 배가 되네.	N	2022-07-27 14:39:24	2022-11-08 04:42:18
BE22012125	12	1	네가 현명한 조언을 해 줄 거니까. 언니는 늘 네가 좋은 영향을 끼칠 사람이라 믿어.	N	2022-07-27 14:39:24	2022-11-08 04:42:18
BE22012125	13	0	친구들한테 내 연애관을 바탕으로 책임감을 가지고 잘 상담해주고 올게.	N	2022-07-27 14:39:24	2022-11-08 04:42:18
BE22012125	14	1	그래. 즐거운 시간 갖고 와.	N	2022-07-27 14:39:24	2022-11-08 04:42:18
BE22012125	15	0	응! 하나라도 더 말해줘야 하니까 얼른 가야지. 저녁에 집에서 봐.	Y	2022-07-27 14:39:24	2022-11-08 04:42:18
