id	utterance_id	utterance_type	utterance_text	terminate	regDate	updDate
BE22016968	1	0	공감화자야, 이번에 우리 아들이 장학금을 받았더라. 시험 기간에 계속 밤새워서 공부하더니 이번에 장학금 받은 거 보니까 너무 대견스럽고 기뻐.	N	2022-09-02 09:50:02	2022-11-08 05:12:30
BE22016968	2	1	언니한테 그런 기쁜 소식이 찾아와서 나 역시 기쁘고 그래. 듣는 나도 이렇게 기쁜데 언니는 오죽하겠어. 진짜 동네방네 다 자랑하고 싶은 심정이겠다!	N	2022-09-02 09:50:02	2022-11-08 05:12:30
BE22016968	3	0	응, 얼마나 기쁜지 몰라! 집에 돈이 없단 걸 알고 자퇴하려고 하는 걸 내가 어떻게든 돈을 마련해보겠다고 말렸거든. 그러니까 공부 열심히 해서 장학금 받으면 된다고 하더니 이번에 정말 열심히 했나 봐!	N	2022-09-02 09:50:02	2022-09-02 09:50:02
BE22016968	4	1	집안 사정 알고 이 악물고 공부했나 보다. 그 모습이 참 기특하면서도 대단하네. 나였으면 정말 고마워서 꼭 껴안고 사랑한다고 말했을 것 같아!	N	2022-09-02 09:50:02	2022-11-08 05:12:30
BE22016968	5	0	내가 부담을 준 게 아닐까 싶었는데 아들이 장학금 받았다고 자랑하는 걸 보니 덩달아 신나더라고! 정말 노력은 배반하지 않나 봐. 이렇게 아들이 열심히 노력한 게 성과가 나타나서 너무나도 기뻐.	N	2022-09-02 09:50:02	2022-11-08 05:12:31
BE22016968	6	1	그건 언니가 평소 자식을 잘 키워서 그런 보상이 찾아온 걸지도 몰라. 자식을 아끼고 사랑하는 언니의 마음이 아들에게도 전해져서 열심히 했나 봐! 언니도 그만큼 열심히 키웠기에 그 녀석도 올바르게 자란 거지!	N	2022-09-02 09:50:02	2022-09-02 09:50:02
BE22016968	7	0	아냐, 내가 뒷바라지를 제대로 해주지도 못했는데 말이야. 혼자서도 잘 큰 것 같아서 너무 뿌듯해. 집이 재정적으로 여유가 더 있었으면 지원을 많이 해줬을 텐데 말이야.	N	2022-09-02 09:50:02	2022-11-08 05:12:31
BE22016968	8	1	언니만큼 잘해주는 사람이 어디 있다고 그래. 평소 자식 생각하는 마음을 따지면 언니는 그런 행복을 누려도 마땅한 사람이야. 없는 살림 모아서 자식의 앞날을 생각하니 나였어도 그 마음에 감동해서 열심히 했을 거야.	N	2022-09-02 09:50:02	2022-11-08 05:12:31
BE22016968	9	0	그렇다면 정말 다행이야. 나는 돈 구해보겠다고 해놓고 정작 도움받을 데가 없어서 막막했거든. 근데 이렇게 문제가 해결돼서 얼마나 홀가분한지 몰라!	N	2022-09-02 09:50:02	2022-11-08 05:12:31
BE22016968	10	1	아들 녀석이 부담을 덜어줘서 다행이네. 봐. 언니네처럼 포기하지 않고 열심히 하면 행운이 찾아오나 봐. 자퇴 안 한 게 정말 천만다행인 것 같아!	N	2022-09-02 09:50:02	2022-11-08 05:12:31
BE22016968	11	0	응, 아들 녀석도 그 말을 하더라고. 내 말 듣고 자퇴 안 한 게 너무 다행이라고. 자기도 정말은 집안 사정 때문에 그런 말 했던 거지 대학을 계속 다니고 싶어 하더라고.	N	2022-09-02 09:50:02	2022-11-08 05:12:31
BE22016968	12	1	일이 참 좋게 풀려서 다행이야. 역시 하늘은 착하게 사는 사람들을 외면하지 않는다니까. 언니한테 이런 좋은 일이 찾아와서 너무 다행이야.	N	2022-09-02 09:50:02	2022-11-08 05:12:31
BE22016968	13	0	사실 아들이 노력해서 얻은 장학금이긴 하지. 내 자식이지만 참 자랑스럽고 그래. 앞으로도 사랑하는 마음 더 적극적으로 표현하려고.	N	2022-09-02 09:50:02	2022-09-02 09:50:02
BE22016968	14	1	콩 심는 데 콩 나고, 팥 심는 데 팥 난다고 하잖아. 언니가 좋은 사람이니까 그 밑에 자라는 자식도 좋은 사람으로 성장한 거지. 앞으로도 좋은 일들이 가득하기를 바랄게!	N	2022-09-02 09:50:02	2022-11-08 05:12:31
BE22016968	15	0	그렇게 말해줘서 고마워. 공감화자, 너도 좋은 일들이 많기를 바랄게!	Y	2022-09-02 09:50:02	2022-09-02 09:50:02
