id	utterance_id	utterance_type	utterance_text	terminate	regDate	updDate
BE22019594	1	0	언니, 나 지금 여수 밤바다로 데이트를 왔는데 오늘 하루 너무 만족스럽고 기뻐. 이보다 더 행복할 수 없을 것 같은 기분이야!	N	2022-09-22 02:54:43	2022-09-22 02:54:43
BE22019594	2	1	네 문자만 봐도 지금 얼마나 행복한지가 그려져! 그곳 야경 참 아름다울 것 같아! 보기만 해도 기분 좋아지는 순간들이 있지!	N	2022-09-22 02:54:43	2022-11-08 05:34:59
BE22019594	3	0	응, 우리가 사는 곳은 바다가 없잖아. 그래서 여수 밤바다를 보면 일상을 잊을 수 있어서 더 기쁘고 만족스러운 것 같아. 더구나 이번 주 내내 야근에 시달리다가 이렇게 평화로운 곳에 오니까 더 기분이 몽롱해져.	N	2022-09-22 02:54:43	2022-09-22 02:54:43
BE22019594	4	1	지금 만족스러운 웃음을 짓고 있을 너의 표정이 상상이 가. 오늘 네가 괜찮은 하루를 보낸 것 같아서 나도 덩달아 기분이 좋아지는걸. 너의 평화로운 하루가 나에게 기쁨을 선사해줘!	N	2022-09-22 02:54:43	2022-11-08 05:34:59
BE22019594	5	0	분명 이전까지만 해도 맨날 일만 하다가 나이를 먹어가는 게 아닐까 염려했었거든. 근데 남자친구랑 같이 여행 와서 맛있는 거 먹고 편히 쉬니까 너무 좋아. 특히나 이 바닷가의 냄새와 파도 소리가 날 평온하게 만들어줘.	N	2022-09-22 02:54:43	2022-09-22 02:54:43
BE22019594	6	1	자연이 주는 평화만큼 대단한 것도 없지. 눈 감고 파도 소리를 듣기만 해도 모든 게 정리가 되고 진정이 되는 기분이잖아. 네 말을 들으니까 나도 그곳에 여행 가고 싶어지는 정도야!	N	2022-09-22 02:54:43	2022-11-08 05:34:59
BE22019594	7	0	내가 이런 즐거운 하루를 누려도 될까 싶을 정도야. 난 오늘 연차 쓰고 온 거라 회사 사람들 다 일하고 있을 텐데 말이야. 그래도 일단 이렇게 쉬니까 마음이 정말 기쁨으로 가득 차.	N	2022-09-22 02:54:43	2022-09-22 02:54:43
BE22019594	8	1	너 평소에 열심히 살았는데 이 정도 휴식은 기꺼이 누릴 수 있지! 그동안 쉬지도 않고 계속 달린다고 고생 많았어. 네가 여태 성실하게 살았기에 이렇게 보상으로 쉴 수도 있는 걸 거야!	N	2022-09-22 02:54:43	2022-09-22 02:54:43
BE22019594	9	0	그래도 나 혼자 이렇게 좋은 시간 누리는 게 좀 그런걸. 그래서 나중에 집으로 귀가하기 전에 가게에 들러서 회사 사람들한테 줄 선물을 살까 싶어!	N	2022-09-22 02:54:43	2022-11-08 05:34:59
BE22019594	10	1	남들까지 생각하면서 챙겨주려는 그 마음 너무 배려심 깊어 보여! 나였으면 다른 사람들은 생각 못하고 현재에만 집중하면서 이 기쁨을 누렸을 텐데 말이야. 아마 네가 선물을 주면 그 착한 마음씨에 다른 사람들도 감동받을 거야!	N	2022-09-22 02:54:43	2022-11-08 05:34:59
BE22019594	11	0	언니 말처럼 정말 그랬으면 좋겠다! 회사 사람들이 좋아할 모습을 그려보니까 더 행복해져. 언니도 이렇게 날 기분 좋게 만들어주고 오늘 정말 하루가 완벽해서 만족스러워!	N	2022-09-22 02:54:43	2022-09-22 02:54:43
BE22019594	12	1	남은 시간마저도 행복으로 가득 차기를 바랄게. 여행지에서 보내는 하루들이 다 추억이 될 테니까 말이야!	N	2022-09-22 02:54:43	2022-11-08 05:34:59
BE22019594	13	0	응, 행운을 빌어줘서 고마워. 내일 가게 갈 때 언니가 좋아하는 걸 사서 선물로 줄게!	N	2022-09-22 02:54:43	2022-09-22 02:54:43
BE22019594	14	1	뭘 줄지 벌써 기대된다! 그럼 좋은 밤 되기를 바랄게!	Y	2022-09-22 02:54:43	2022-09-22 02:54:43
