id	utterance_id	utterance_type	utterance_text	terminate	regDate	updDate
BE22019662	1	0	언니 요즘 혼자 보내는 시간이 많아지면서 내가 참 많이 긍정적으로 변한 거 같아. 내 지금의 이런 모습에 만족하고 정말 행복한 걸 알아가고 있는 것 같아 너무 기뻐.	N	2022-09-22 04:32:30	2022-09-22 04:32:30
BE22019662	2	1	네가 그런 변화를 겪고 있다니 참 고무적인걸. 혼자 만의 시간을 널 위한 것들로 가득 채우며 즐거워하는 걸 보니 나도 즐겁다. 나를 위한 시간이 많아지면 삶의 만족도가 높아지는 걸 느끼게 되잖아.	N	2022-09-22 04:32:30	2022-11-08 05:35:07
BE22019662	3	0	회사에, 모임에 정신없이 사는 것 같아서 혼자 할 수 있는 일들을 찾아서 하고 있어. 그런데 의외로 혼자만의 시간이 참 좋고 이제 혼자 있어야 마음이 편해져. 이런 편한 느낌이 드는 시간이 주어진다는 게 얼마나 기쁜지 몰라.	N	2022-09-22 04:32:30	2022-09-22 04:32:30
BE22019662	4	1	자기 삶은 자신이 만들어 가는 거잖아. 넌 참 네 생활을 적절하게 균형을 잘 맞추어 가는 게 보여 나를 감탄하게 만들어. 너의 행복한 모습을 보는 주변 사람들도 많이 좋아 보일 거야.	N	2022-09-22 04:32:30	2022-09-22 04:32:30
BE22019662	5	0	무엇을 해도 혼자 하는 시간을 조금씩 늘리고 있어. 다른 사람 눈치 안 보고 내 생각만 하면 되니까 너무 좋은 거 있지. 세상에서 제일 평화로운 시간을 즐기는 기분이야.	N	2022-09-22 04:32:30	2022-09-22 04:32:30
BE22019662	6	1	때론 사람들에게 둘러싸여 있을 때보다 혼자일 때 더 행복한 표정을 짓는 사람들이 참 많더라. 사람 관계에서 오는 기쁨도 있지만 피로감도 있는 게 사실인걸. 너처럼 나도 나만을 위한 시간을 가져봐야겠어.	N	2022-09-22 04:32:30	2022-09-22 04:32:30
BE22019662	7	0	혼자서 음악에 빠져서 천천히 걷기도 하고 익숙하지 않은 길도 가고. 내가 먹고 싶은 걸 먹고 싶은 때에 먹으니까 정말 나를 알아가는 기분이 들어. 나한테 집중할 수 있으니 참 행복한 것 같아.	N	2022-09-22 04:32:30	2022-09-22 04:32:30
BE22019662	8	1	생각만 해도 참 평온해진다. 그런 시간들을 보내면 스스로에게도 힐링이 될 것만 같아. 바쁜 도시 한가운데 있어도 자신만의 공간을 만든 느낌에 마음이 저절로 평온해지는 거구나.	N	2022-09-22 04:32:30	2022-09-22 04:32:30
BE22019662	9	0	생각을 많이 하니까 마음도 너그러워졌어. 나에 대한 반성도 하고 어떻게 살지 고민도 하고 후회도 하고 웃기도 하고. 이런 시간이 중요한지 예전에 왜 몰랐나 모르겠어.	N	2022-09-22 04:32:30	2022-09-22 04:32:30
BE22019662	10	1	이렇게 서서히 알아가는 게 중요한 거 아니겠어. 평생을 살아도 정신없이 사는 사람들도 많은데 넌 이렇게 빨리 그 기쁨을 알았잖아. 앞으로의 네가 자아를 잘 알고 의미가 있는 생활을 만들려고 노력하는 모습이 참 보기 좋아.	N	2022-09-22 04:32:30	2022-09-22 04:32:30
BE22019662	11	0	모든 기준이 내가 되기 때문에 내 자존감도 더 높아지나 봐. 밥 먹을 때도 혼자 먹으니 오롯이 집중할 수 있어. 그래서 미식가들이 혼자 그렇게 돌아다니나 봐.	N	2022-09-22 04:32:30	2022-09-22 04:32:30
BE22019662	12	1	네가 이렇게 푹 빠진 걸 보니 정말 너에게 소중한 경험이 되는 것 같아. 혼자만의 시간과 다른 사람들과의 어울림을 균형 있게 잘 조절하면 좋겠어.	N	2022-09-22 04:32:30	2022-11-08 05:35:07
BE22019662	13	0	언니 말도 명심하고 나도 잘 조절해야지. 모두들 사람들과의 유대관계가 중요한 만큼 자신의 시간을 스스로에게 사용하는 마음의 여유가 생기면 참 좋겠다.	N	2022-09-22 04:32:30	2022-09-22 04:32:30
BE22019662	14	1	네 말이 참 크게 와닿는 걸 느껴. 그러면 조금 더 서로의 시간을 소중히 여기기도 할 텐데 말이야. 항상 네 삶을 위해 다양한 방법으로 노력하는 네 모습이 참 아름답고 행복해 보인다.	N	2022-09-22 04:32:30	2022-11-08 05:35:07
BE22019662	15	0	언니 말처럼 행복한 나의 삶을 위해 끝없이 노력해야지. 그런 시간이 난 참 좋아.	Y	2022-09-22 04:32:30	2022-09-22 04:32:30
