id	utterance_id	utterance_type	utterance_text	terminate	regDate	updDate
BE22013343	1	0	누나 얼마 전부터 조그만 땅을 하나 임대했어. 주말농장으로 이용하며, 아이들이랑 시간을 보내니 이보다 행복할 수가 없네. 이번에는 그 농장에서 고구마를 키우고 있어.	N	2022-08-06 07:17:16	2022-11-08 04:49:52
BE22013343	2	1	네가 그 어느 때보다 즐거워 보이는 이유가 다 있었구나. 자연을 벗 삼아 아이들과 시간을 보내는 네 모습이 너무나 보기 좋다. 그 고구마도 잘 크고 있는지 궁금하네!	N	2022-08-06 07:17:16	2022-11-08 04:49:52
BE22013343	3	0	아내가 처음에 주말농장을 임대하자고 했을 때는 반대했거든. 주말마다 가야 하고, 솔직히 귀찮기도 하고 말이야. 그런데 이렇게 한 달 넘게 와서 해 보니 자연이 주는 기쁨이 대단하다는 걸 느낀다.	N	2022-08-06 07:17:16	2022-11-08 04:49:52
BE22013343	4	1	정말 소중한 시간을 보내고 있구나. 아내 의견에 따라 가족들이 즐거울 수 있는 방법을 함께하는 네 모습도 귀엽고 말이야. 사람도 자연의 일부이니 그 안에서 느끼는 행복감은 마치 엄마의 품처럼 따뜻하고 포근한 것 같아.	N	2022-08-06 07:17:16	2022-11-08 04:49:52
BE22013343	5	0	맞아 누나, 얼마나 따뜻하고 좋은지 몰라. 처음에는 아이들 때문에 시작을 했는데 이제는 내가 더 즐기는 것 같아. 회사에서 받은 스트레스가 한 방에 날아가는 느낌이라고.	N	2022-08-06 07:17:16	2022-08-06 07:17:16
BE22013343	6	1	네가 한동안 회사 스트레스를 어떻게 풀어야 할지 몰라 답답해했던 게 기억난다. 네가 다행히 그 방법을 아주 잘 찾은 것 같으니 누나 마음도 안심이 되는걸. 소소한 곳에서 행복과 만족감을 느끼는 네 태도도 훌륭하고 말이야.	N	2022-08-06 07:17:16	2022-11-08 04:49:52
BE22013343	7	0	한동안 상사들 때문에도 스트레스 많이 받고, 회사 일도 적응이 되지 않아 그만둘까도 생각했었어. 그런데 이렇게 주말에 자연과 지내면서, 내가 너무 예민했구나, 하는 생각이 들더라고. 그렇게 마음이 바뀌니 회사도 즐거운 곳으로 변하더라.	N	2022-08-06 07:17:16	2022-11-08 04:49:52
BE22013343	8	1	무엇이든 마음먹기 나름이라더니 그 말을 네가 증명하고 있구나. 즐겁게 회사 생활을 하고 있어 얼마나 다행이니. 마음이 그렇게 중요하다는 사실을 자연에서 배웠다는 너를 보며 나도 배우게 된다.	N	2022-08-06 07:17:16	2022-11-08 04:49:52
BE22013343	9	0	반복되는 생활에 지긋지긋하게 일을 시키는 상사가 옆에 있으니 그 스트레스도 만만치 않지. 사실 지금도 그게 다 해결된 건 아니야. 하지만 이제 내가 그 스트레스를 어떻게 해결하면 될지 방법을 찾은 것 같아 기뻐.	N	2022-08-06 07:17:16	2022-11-08 04:49:52
BE22013343	10	1	누나도 회사 다닐 때 상사들이 시키면 무조건 해야 하고, 일이 부당해도 참아야 하니 너무 힘들더라. 그러니 네가 지금 얼마나 스트레스받을지 상상이 가. 그러니 이렇게 스스로 방법을 찾아 휴식을 잘 취하고 있는 모습이 대견할 수밖에 없네.	N	2022-08-06 07:17:16	2022-11-08 04:49:52
BE22013343	11	0	누나도 힘든 시기를 잘 보냈지. 그때 누나를 보면서 나도 대단하다 느꼈었거든. 그런 걸 보면서 나도 많이 배운 것 같아.	N	2022-08-06 07:17:16	2022-11-08 04:49:52
BE22013343	12	1	넌 언제나 작은 것 하나도 허투루 보는 일이 없지. 무엇에서든지 배울 수 있는 지점을 찾는 능력이 있는 사람이잖아. 이렇게 자연을 통해 가족과 화합하고, 회사 스트레스도 풀고 있으니 말이야.	N	2022-08-06 07:17:16	2022-11-08 04:49:52
BE22013343	13	0	누나가 그런 시선으로 바라봐 주니 더없이 힘이 난다. 아이들이 고구마 심으며 신기해하는 눈동자를 보면 기쁘고 행복해. 그런 호기심과 배우려는 순수한 마음을 나도 끝까지 잊지 않고 싶어.	N	2022-08-06 07:17:16	2022-11-08 04:49:52
BE22013343	14	1	이것 봐, 넌 정말 보통 사람은 아니라고. 그런 순수한 마음으로 언제까지나 지금처럼 기쁘고 행복하게 지내길 누나는 바란다. 그리고 고구마 다 자라면 나랑 나누는 것도 꼭 기억하고!	N	2022-08-06 07:17:16	2022-11-08 04:49:52
BE22013343	15	0	그럼 당연하지. 누나네 제일 먼저 보낼게. 누나와 대화하는 게 난 참 좋아! 정말 고마워.	Y	2022-08-06 07:17:16	2022-11-08 04:49:52
