id	utterance_id	utterance_type	utterance_text	terminate	regDate	updDate
BE22009659	1	0	옛날 앨범을 정리하다가 우리 부모님 젊었을 적 사진을 찾았어. 같이 찍은 것도 있고 따로 찍은 것도 있네. 지금은 세상 어디에도 안 계신 두 분을 생각하면 슬프지만 모처럼 아련한 추억에 잠기게 된다.	N	2022-07-18 03:19:33	2022-11-08 04:26:36
BE22009659	2	1	언니가 부모님 사진을 간직하고 있다니 너무 감사하다. 안 그랬으면 돌아가신 두 분을 어디서 뵐 수 있겠어? 나도 언니네 집에 가서 휴대폰으로 찍어 와야겠다.	N	2022-07-18 03:19:33	2022-11-08 04:26:36
BE22009659	3	0	그거 좋은 생각이다. 사진으로라도 부모님 얼굴을 뵈니 너무 좋다. 사진 속에서 환하게 웃으시는 모습이 너무 행복해 보여서 내 마음이 다 기쁘다.	N	2022-07-18 03:19:33	2022-11-08 04:26:36
BE22009659	4	1	그 모습 상상하니 나도 기분이 좋아진다. 웃는 얼굴 들여다보면 괜히 절로 미소가 지어지고, 마음에 행복이 차오르는 거 같잖아? 역시 사진은 웃는 얼굴이 최고인 거 같아.	N	2022-07-18 03:19:33	2022-11-08 04:26:36
BE22009659	5	0	몸은 차렷 자세인데, 얼굴은 활짝 웃고 계셔서 보고 있으면 웃음이 절로 나와. 옛날 사진사들은 사진 찍을 때 자꾸 이렇게 웃으라고 했나 봐.	N	2022-07-18 03:19:33	2022-11-08 04:26:36
BE22009659	6	1	얼마 전까지도 그랬던 거 같지 않아? 김치, 하거나 치즈, 하면서 웃으라고 부추겼잖아. 근데 확실히 그렇게 웃는 사진이 보기 좋기는 하더라.	N	2022-07-18 03:19:33	2022-11-08 04:26:37
BE22009659	7	0	네 말이 맞아. 예술사진이 아닌 일반인 사진은 역시 웃는 얼굴이 최고야. 찡그린 사진은 자연스럽긴 해도 괜히 무슨 일이 있었나 하고 걱정하게 되더라고.	N	2022-07-18 03:19:33	2022-11-08 04:26:37
BE22009659	8	1	모두 웃는데 혼자만 찡그리고 있으면 보기 좋지는 않지. 우리 엄마, 아빠가 다 사진 속에서 웃고 계시다니 너무 좋다. 덕분에 언니 기분도 활짝 피었겠네?	N	2022-07-18 03:19:33	2022-11-08 04:26:37
BE22009659	9	0	네 말이 맞아. 요즘 갱년기 증세로 좀 우울했었는데 사진을 보니 그 기분이 확 풀린다. 앨범 정리하다 말고 그 사진만 줄곧 들여다보고 있다.	N	2022-07-18 03:19:33	2022-11-08 04:26:37
BE22009659	10	1	진짜 사진을 보다 보면 온갖 추억에 잠겨서 하던 일을 잊게 되는 거 같아. 나도 언젠가 옛날 사진 보느라 하루를 다 보낸 적이 있어. 언니가 그러는 거 정말 이해된다.	N	2022-07-18 03:19:33	2022-11-08 04:26:37
BE22009659	11	0	나도 그런 적 많아. 지금도 부모님 젊을 적 모습 보며 이때 나는 어디 있었을까, 그 상상을 하고 있다. 부모님 모습으로 짐작건대 내가 초등학교 저학년이었을 거 같은데.	N	2022-07-18 03:19:33	2022-11-08 04:26:37
BE22009659	12	1	이럴 줄 알았으면 우리도 어릴 때 사진 많이 찍어둘 걸 그랬어. 그럼 같이 보면서 얘기할 추억거리가 훨씬 많았을 텐데 말이야. 언니가 지금처럼 우울할 때 그런 이야기로 기분을 풀 수 있고 얼마나 좋아?	N	2022-07-18 03:19:33	2022-11-08 04:26:37
BE22009659	13	0	우리도 사진은 꽤 찍었는데 이사를 많이 다녀서 없어진 거 같아. 그래도 부모님 사진 보면서 너랑 이렇게 이야기 나누니 너무 좋다. 우리 부모님도 이렇게 젊은 시절이 있었구나 싶어서 가슴이 막 벅차오르는 거 같아.	N	2022-07-18 03:19:33	2022-11-08 04:26:37
BE22009659	14	1	오늘 언니가 앨범을 정리한 건 신의 한 수였던 거 같다. 그렇게 우울한 기분을 풀어 버리라는 부모님의 뜻이 아니었을까 생각해. 부모님 생각해서라도 떨치고 일어나서 기분을 전환해.	N	2022-07-18 03:19:33	2022-11-08 04:26:37
BE22009659	15	0	정말 네 말이 맞는 거 같다. 내가 요즘 너무 처져 있으니까 사진 속의 부모님이 나를 부르신 거네. 부모님 뵈며 너랑 이야기하니 기분이 싹 다 풀렸다. 동생아, 고맙다.	Y	2022-07-18 03:19:33	2022-11-08 04:26:37
