id	utterance_id	utterance_type	utterance_text	terminate	regDate	updDate
BE22016355	1	0	언니, 나 오늘 낮에 매운 주꾸미볶음을 먹었더니 기분이 참 좋아. 그동안 쌓인 스트레스가 다 풀린 것 같고 말할 수 없이 기뻐.	N	2022-08-30 04:42:27	2022-08-30 04:42:27
BE22016355	2	1	네가 기분이 좋다니 나도 덩달아 기쁜걸. 원래 매운 걸 먹으면 뇌에서 엔도르핀이라는 호르몬이 나와서 행복감을 느낀다더라. 그러니 그 기쁨을 만끽해.	N	2022-08-30 04:42:27	2022-11-08 05:08:48
BE22016355	3	0	오랜만에 보고 싶던 친구를 만나서 같이 쇼핑도 하고 이야기도 많이 하고 해서 더 만족스러워.	N	2022-08-30 04:42:27	2022-11-08 05:08:48
BE22016355	4	1	친밀한 관계에서 오는 충족감에 행복감을 느끼는 거지. 긍정적인 인간관계만큼 큰 기쁨을 주는 것도 없는 것 같아. 기분이 너무 좋을 것 같아서 부러울 지경이야.	N	2022-08-30 04:42:27	2022-11-08 05:08:48
BE22016355	5	0	언니가 부러워할 만한 소식을 또 하나 전해줄게. 이 집은 매운맛의 강도를 나눠놓았는데 최상위 등급에 도전해서 성공했지 뭐야. 성공했더니 앞으로 다섯 번을 공짜로 준대서 웬 횡재인가 싶고 너무 기뻐.	N	2022-08-30 04:42:27	2022-08-30 04:42:27
BE22016355	6	1	작은 일이라도 성취하면 그 기쁨이 무엇과도 바꿀 수 없는데 얼마나 기쁠까. 게다가 보상도 따른 셈이니 얼마나 행복할지 상상이 가. 앞으로 최소한 다섯 번은 같은 기쁨을 누릴 수 있다는 기대감까지 더해졌으니 기분이 최고겠는걸.	N	2022-08-30 04:42:27	2022-11-08 05:08:48
BE22016355	7	0	언니 말을 듣다 보니 어마어마한 행운을 잡은 것 같아서 그야말로 날아갈 듯 기분이 좋아. 그러잖아도 다른 손님들도 같이 웃으며 손뼉을 쳐주고 해서 어깨가 으쓱할 정도야. 무슨 대단한 일을 한 것 같아서 뿌듯하고 기뻐.	N	2022-08-30 04:42:27	2022-11-08 05:08:48
BE22016355	8	1	어머나, 그런 순간의 주인공이었다니 자랑할 만하네. 나도 덩달아 흥분돼서 가슴이 떨리는데 뭐.	N	2022-08-30 04:42:27	2022-11-08 05:08:48
BE22016355	9	0	외국인 손님들도 있었는데 매워서 눈물 콧물 닦으면서 먹다가 경이롭다는 듯한 눈빛으로 바라보더라고. 영어로 말도 걸고 축하도 나누면서 영어 실력도 좀 뽐냈지.	N	2022-08-30 04:42:27	2022-08-30 04:42:27
BE22016355	10	1	무슨 시상식의 수상자 같았겠네. 너 수년에 걸쳐서 피나는 노력으로 갈고닦아서 영어를 아주 잘하잖아. 역시 노력하는 데는 장사 없다 싶더니만 이럴 때도 빛을 보니 참 대단하네.	N	2022-08-30 04:42:27	2022-11-08 05:08:48
BE22016355	11	0	언니가 그렇게 말해주니까 예전에 외국어 공부하던 생각이 나서 새삼스레 자부심이 느껴져서 뿌듯하고 기뻐.	N	2022-08-30 04:42:27	2022-08-30 04:42:27
BE22016355	12	1	무언가를 성취하는 데서 오는 기쁨이 하루를 길게 살고 젊게 사는 비결이래. 작은 일이지만 도전하고 성취했으니까 오늘 하루 남다른 기쁨을 누릴 자격이 충분하지.	N	2022-08-30 04:42:27	2022-08-30 04:42:27
BE22016355	13	0	요새 생활이 해이해졌었는데 오늘 일을 계기로 새로운 일에 도전하고 싶은 의지가 불끈 솟아. 뭐든 잘 해낼 수 있을 것 같아서 오랜만에 가슴이 뛰고 설레.	N	2022-08-30 04:42:27	2022-11-08 05:08:48
BE22016355	14	1	네가 그렇게 생각한다니 나도 네 앞날이 더 기대돼서 설렌다. 오늘처럼 생활하면서 하나하나 이뤄가면 기쁨을 누리게 되고, 그런 기쁨이 쌓여 동기부여가 되잖아. 앞으로 네가 얼마나 많은 일들을 이룰지 기대돼.	N	2022-08-30 04:42:27	2022-11-08 05:08:48
BE22016355	15	0	언니는 항상 내 말을 잘 들어주고, 자극도 줘. 정말 고마워.	Y	2022-08-30 04:42:27	2022-11-08 05:08:48
