id	utterance_id	utterance_type	utterance_text	terminate	regDate	updDate
BE22021357	1	0	아직도 공중전화 박스가 있어, 산책을 하다가 발견한 거였는데 너무 반가웠어. 어릴 때는 핸드폰이 없어서 이걸로 친구들과 만이 통화했었잖아. 오랜만에 옛날 추억도 생각나서 기쁜 마음으로 핸드폰으로 사진을 찍었어.	N	2022-09-25 06:31:53	2022-11-08 05:42:08
BE22021357	2	1	네가 보낸 문자만 읽어도 얼마나 기쁜 마음인지 느껴져서 내가 더 웃음 짓게 되네. 옛 추억을 떠올릴 때면 그런 기쁜 마음이 들어서 참 기분이 좋지.	N	2022-09-25 06:31:53	2022-09-25 06:31:53
BE22021357	3	0	응 정말로 오랜만에 본 빨간색 공중전화 박스였어. 반갑고 신이 난 마음에 들어가서 전화도 걸어보고 했어. 내 전화를 받은 친구가 깜짝 놀라더라고 그런데 행복해 하는 친구의 반응 때문에 더 기뻤지.	N	2022-09-25 06:31:53	2022-11-08 05:42:08
BE22021357	4	1	그런 생각을 하다니 넌 참 아이디어가 좋아. 내가 공중전화 박스를 봤다면 사진만 찍어 두고 간직했을 것 같다는 생각이 들었어. 하지만 넌 친구에게 전화를 걸어서 친구도 행복하게 해주다니 참 대단해.	N	2022-09-25 06:31:53	2022-09-25 06:31:53
BE22021357	5	0	갑자기 옛 추억이 생각나면서 오랜만에 친구를 놀라게 해주고 싶더라고. 그런데 나의 상상보다 너무 행복해하는 친구여서 내가 더 기뻤지.	N	2022-09-25 06:31:53	2022-11-08 05:42:08
BE22021357	6	1	내 동생이지만 넌 참 다정하고 사람들에게 행복을 주는 사람이야. 오늘도 너에게 그런 소식을 듣고 나도 오랜만에 공중전화 박스와 관련된 추억을 떠올렸어.	N	2022-09-25 06:31:53	2022-11-08 05:42:08
BE22021357	7	0	이게 다 형 덕분이야, 형이 나에게 어릴 때부터 남을 배려하고 다정하게 나를 챙겨 주었잖아. 그때의 기억이 너무 행복해서 나도 최대한 남에게 행복을 주려고 노력해.	N	2022-09-25 06:31:53	2022-09-25 06:31:53
BE22021357	8	1	이런 상황에서도 넌 나에게 그 공을 돌리는구나 정말 멋진 아이가 아닐 수 없어. 나의 의도를 지혜롭게 받아들인 너의 긍정적인 자세가 큰 역할을 한 것이라는 생각이 들어.	N	2022-09-25 06:31:53	2022-09-25 06:31:53
BE22021357	9	0	형이 없었다면 내가 배울 사람이 없는데 이게 다 형 덕분이지. 오늘도 산책을 하다가 공중전화 박스를 본 것을 형에게 말했더니 내 마음이 더 기뻐졌잖아. 이것만 봐도 형은 나에게 큰 존재임이 틀림없어.	N	2022-09-25 06:31:53	2022-09-25 06:31:53
BE22021357	10	1	작은 것에 소중함을 느끼고 추억을 떠올리는 네가 참 멋지다는 생각이 들어. 그런데도 넌 내가 대단하다고 해줘서 나를 기쁘게 만들어 주는데 언제 네가 이렇게 컸는지 모르겠어.	N	2022-09-25 06:31:53	2022-11-08 05:42:08
BE22021357	11	0	형이 나를 성장할 수 있도록 도와줘서 내가 이렇게 생각한 것이지. 소소한 것들도 소중히 여기는 형을 보면서 많은 것을 배웠어.	N	2022-09-25 06:31:53	2022-09-25 06:31:53
BE22021357	12	1	나도 너를 보면서 많은 것을 배워. 지금도 너의 기쁜 마음을 친구에게 전달해서 친구의 기분도 행복하게 만들어 줬잖아. 넌 행복 전도사임이 틀림없어.	N	2022-09-25 06:31:53	2022-11-08 05:42:08
BE22021357	13	0	나를 항상 대단하다고 말해주는 형이 있어서 내가 너무 부끄러워진 것뿐이야. 대단한 것도 아닌데 형이 이렇게 나를 칭찬하니까 더 좋은 사람이 되고 싶다는 생각도 들어. 역시 형은 나를 발전 시켜 주는 사람이야.	N	2022-09-25 06:31:53	2022-11-08 05:42:08
BE22021357	14	1	너 스스로가 발전하는 데 일조하는 것뿐이야. 네가 성장하는 데 도움이 되었다고 말해줘서 고마워. 언제나 겸손한 너의 자세를 동생이지만 참 배워야겠다는 생각이 든다.	N	2022-09-25 06:31:53	2022-11-08 05:42:08
BE22021357	15	0	이게 다 형 덕분이지, 오늘도 산책을 하다가 오랜만에 만난 공중전화 박스 때문에 연락을 했지. 신이 나고 기뻤던 내 마음이 형과 이야기하고 나니까 배로 기뻐진 느낌이야. 정말 고마워.	Y	2022-09-25 06:31:53	2022-09-25 06:31:53
