id	utterance_id	utterance_type	utterance_text	terminate	regDate	updDate
BE22020463	1	0	형 드디어 대회에 제출할 작품을 완성해서 이제 출력만 하면 돼. 오랫동안 준비한 작품을 드디어 내게 되었다니 정말 기뻐. 포기하려고 했던 적도 많은데 내가 해냈다는 게 믿기지 않아.	N	2022-09-23 02:35:00	2022-09-23 02:35:00
BE22020463	2	1	네가 지금까지 작품을 만들며 많이 힘들어했는데 드디어 완성을 했다니 아주 뿌듯하고 기쁠 것 같아. 끝까지 도전하기란 쉽지 않은데 네가 포기하지 않고 지금까지 해온 인내심이 대단해. 네가 노력한 만큼 분명 좋은 결과가 있을 거야.	N	2022-09-23 02:35:00	2022-11-08 05:36:55
BE22020463	3	0	아직 입상을 한 것도 좋은 평가를 받은 것도 아니지만 완성한 것으로도 아주 만족스러워. 아주 오랫동안 같은 곳에 머물고 성장하지 못하고 있다고 생각했거든. 그런데 이번에 작품을 완성한 순간 드디어 내가 노력해온 시간들이 구체화되었다는 생각에 기뻐졌어.	N	2022-09-23 02:35:00	2022-09-23 02:35:00
BE22020463	4	1	사회적 평가와 상관없이 네가 기뻐하는 감정을 가질 때 고난을 이겨낼 힘을 얻고 가치관이 생기잖아. 너는 같은 곳을 맴돌고 있다고 했지만 더 큰 도약을 위해 힘을 모으고 있던 거야. 어려움에도 포기하지 않고 견뎌낸 것도 충분히 대단한 성과니까 앞으로 다른 일도 잘 해낼 거야.	N	2022-09-23 02:35:00	2022-09-23 02:35:00
BE22020463	5	0	고마워 내가 단지 작품을 혼자 완성했다는 것으로 너무 기뻐한다고 생각했거든. 그런데 형의 얘기를 듣고 나니 내가 지금까지 단지 머물렀던 게 아니라 견디고 있던 거였어. 내가 노력해온 시간들이 정말 의미가 있을까?	N	2022-09-23 02:35:00	2022-09-23 02:35:00
BE22020463	6	1	새로운 것을 이뤄내는 노력과 경험은 네가 자신감을 기르고 성장하는 계기가 되잖아. 꼭 잘하거나 거창하지 않아도 네가 도전하고 새로운 가능성을 찾아 노력하고 기뻐하는 데 의미가 있어. 그건 겉으로 결과가 드러나지 않아도 네 속에 쌓여 좋은 밑거름이 되니까 충분히 의미 있어.	N	2022-09-23 02:35:00	2022-11-08 05:36:55
BE22020463	7	0	어떤 평가를 받게 될지는 모르겠지만 혼자 품고 있던 작품이 드디어 실물이 되었어. 종이로 뽑아서 보니까 실감이 나고 내 글을 읽어줄 사람이 생긴다니 기뻐. 내 꿈이 그저 상상이었는데 이제 세상에 드러나는 실체가 된 것 같아.	N	2022-09-23 02:35:00	2022-09-23 02:35:00
BE22020463	8	1	꿈이 실체가 될 수 있도록 애써온 네 끈기와 인내가 정말 대단하고 멋져! 자신이 좋아하는 것을 함께 공유할 사람이 있다는 사실 만으로도 기쁜 맘이 들잖아. 네가 꿈을 이루고 원하는 길로 나아가기 위해 힘써온 시간을 이해하는 사람이 분명 생길 거야.	N	2022-09-23 02:35:00	2022-09-23 02:35:00
BE22020463	9	0	맞아 이왕이면 내가 해온 일을 인정받으며 더 작품에 전념하고 싶어. 물론 평가가 좋지 않더라도 나는 하고 싶은 일을 포기하지 않고 해나가겠지만 말이야. 분명 알아주는 사람이 있다면 더 기쁠 거야.	N	2022-09-23 02:35:00	2022-09-23 02:35:00
BE22020463	10	1	타인이 몰라도 내가 원하는 일을 하는 기쁨은 있지만 응원하는 사람은 덕에 기운 나기도 하잖아. 네가 꾸준히 꿈을 향해 달린다면 분명 너와 같은 뜻을 가진 사람을 만나게 될 거야. 함께 응원하고 북 돋으며 인정하는 기쁜 순간도 생기겠지.	N	2022-09-23 02:35:00	2022-11-08 05:36:55
BE22020463	11	0	형의 얘기를 들으니까 곧 서로 힘이 되어줄 사람을 만날 것이 기대돼. 서로에게 좋은 영향을 주면서 성장할 미래를 생각하니까 벌써 기대가 돼. 드디어 첫 발을 내딛게 된 만큼 앞으로 점점 나아가며 성장하게 될 것 같아.	N	2022-09-23 02:35:00	2022-09-23 02:35:00
BE22020463	12	1	포기하지 않으면 앞으로 있을 모든 시간이 기회이자 가능성이 되잖아. 생각하지 못한 새로운 일도 많이 만나고 그 속에서 색다른 기쁨도 얻을 거야. 점차 새로운 세계로 나아가며 성장할 네 모습을 생각하니 나도 기뻐.	N	2022-09-23 02:35:00	2022-11-08 05:36:55
BE22020463	13	0	나의 이야기를 들어주고 공감해주는 형이 있어서 덕분에 더 기뻤어. 오늘이 있기 까지 곁에서 나를 지켜봐 준 사람이 많았던 것 같아. 내가 지금에 도달할 수 있던 것도 곁에 있어준 사람들 덕이라 생각하니 행복한 기분이 들어.	N	2022-09-23 02:35:00	2022-09-23 02:35:00
BE22020463	14	1	네가 곁에 있는 것들을 소중히 여기는 사람이었기 때문에 주변에 좋은 사람이 모인 걸 거야. 주변 사람을 소중히 여길 때 자신의 삶이 기쁜 일로 가득하다는 생각이 들잖아. 그러니 너는 앞으로도 행복한 일이 많이 있을 거야.	Y	2022-09-23 02:35:00	2022-11-08 05:36:55
