id	utterance_id	utterance_type	utterance_text	terminate	regDate	updDate
BE22014088	1	0	언니, 나 드디어 제빵기능사 실기 자격증 시험 신청했어. 자격증만 있으면, 제빵사로 취직할 수 있을 거라고 생각하니 기뻐.	N	2022-08-13 12:32:17	2022-08-13 12:32:17
BE22014088	2	1	우리 동생, 정말 기특하다. 필기도 붙었으니 실기도 당연히 잘할 거야. 언니도 많이 기대되는걸?	N	2022-08-13 12:32:17	2022-11-08 04:54:40
BE22014088	3	0	내 꿈이 이루어질 날이 얼마 남지 않았다고 생각하니 가슴이 두근거려. 전 직장을 그만두고 많이 불안해 했었잖아. 노력의 결실이 이루어지는 것 같아서 기뻐.	N	2022-08-13 12:32:17	2022-08-13 12:32:17
BE22014088	4	1	정말 고생 많았어, 언니도 내 일처럼 기쁘다. 네가 직장 그만두고 적성에 맞는 일을 찾아서 언니도 얼마나 기뻤는데. 똑똑하니까 자격증도 분명히 바로 딸 수 있을 거야.	N	2022-08-13 12:32:17	2022-11-08 04:54:40
BE22014088	5	0	공부하는 것도 재미있고, 일하는 것도 설레고 기대가 돼. 예전에는 일하는데 이렇게 기대되었던 적이 없었는데, 이제는 너무 행복해. 배우고 싶은 빵도 많고, 매일 베이커리로 출근할 수 있는 것도 행복할 것 같아.	N	2022-08-13 12:32:17	2022-11-08 04:54:40
BE22014088	6	1	네가 이렇게 기뻐하는 모습을 보니 눈물이 날 것 같아. 네가 이전 직장에서 많이 힘들어했잖아. 우리 동생이 웃음을 되찾은 것 같아서 너무 기쁘고 가슴이 벅차올라.	N	2022-08-13 12:32:17	2022-08-13 12:32:17
BE22014088	7	0	맞아, 언니 말대로 전 직장에서 정말 힘들었었지, 괴롭힘도 당하고 말이야. 하지만 좋게 생각해보면, 이게 다 내가 제빵사가 되기 위한 길이었나 봐. 빨리 그만두고 꿈에 도전할 수 있었으니 오히려 잘 되었다고 생각해.	N	2022-08-13 12:32:17	2022-11-08 04:54:40
BE22014088	8	1	우리 동생, 긍정적으로 생각하려는 마음이 정말 기특해. 사실은 누구보다 힘들었을 텐데, 씩씩하고 묵묵히 견뎌온 네가 너무 멋있어. 언니는 가끔 너를 보면서 많이 배우곤 해.	N	2022-08-13 12:32:17	2022-11-08 04:54:40
BE22014088	9	0	아니야, 나도 주변의 도움 아니었으면 이렇게 좋아하는 꿈을 찾지 못했을 거야. 제빵을 전문적으로 배워보라고 권유한 것도 언니였잖아. 언니 덕분에 가슴설레는 꿈을 찾을 수 있었어, 진심으로 고마워.	N	2022-08-13 12:32:17	2022-08-13 12:32:17
BE22014088	10	1	다니면서 행복해하는 네 모습을 보고 내가 더 기뻤지. 학원 다니기 전부터 너는 제빵에 재능있었잖아. 언니는 항상 너를 믿어왔다고.	N	2022-08-13 12:32:17	2022-11-08 04:54:40
BE22014088	11	0	나를 믿어주는 사람이 이 세상에 있다는 건 정말 기적이야. 언니가 있어서 난 정말 행운아인 것 같아. 내가 나중에 꼭 제빵으로 돈 많이 벌어서 언니 호강시켜 줄게.	N	2022-08-13 12:32:17	2022-08-13 12:32:17
BE22014088	12	1	말만 들어도 언니는 행복하다. 언니는 그저 네가 즐겁게 일하면서 살았으면 좋겠어.	N	2022-08-13 12:32:17	2022-08-13 12:32:17
BE22014088	13	0	언니한테 이야기하니 더 열심히 해야겠다는 생각이 들어. 나 자격증 공부 열심히 해 볼게.	N	2022-08-13 12:32:17	2022-08-13 12:32:17
BE22014088	14	1	그래, 우리 기특한 동생. 잘할 테니까 걱정하지 말고 재미있게 해.	Y	2022-08-13 12:32:17	2022-11-08 04:54:41
