id	utterance_id	utterance_type	utterance_text	terminate	regDate	updDate
BE22006840	1	0	오늘 업무로 친구 네일숍에 갔다가 네일을 받고 왔어. 처음 받았는데 케어도 해주고 손톱이 깔끔하게 정리되서 너무 기뻐. 이렇게 만족할 줄 알았다면 진작할 걸 그랬다는 생각이 들었다니까.	N	2022-07-07 07:41:09	2022-11-08 04:08:32
BE22006840	2	1	형의 문자를 읽기만 해도 기분이 좋은 게 느껴지네. 깔끔한 손톱이 주는 행복감이 있지. 다음에 나랑도 같이 가자.	N	2022-07-07 07:41:09	2022-11-08 04:08:32
BE22006840	3	0	그러자. 처음인 나에게 자세하게 설명해 주니 어떻게 진행되고 얼마 정도 걸릴지 정확히 알 수 있었어. 결과물은 말할 수 없을 정도로 너무 만족스러웠고.	N	2022-07-07 07:41:09	2022-11-08 04:08:32
BE22006840	4	1	다행이네. 네일아트에서 부족한 설명은 사람을 불안하게 만드는데 자세히 설명해 주셔서 불안하지 않을 수 있었겠다.	N	2022-07-07 07:41:09	2022-11-08 04:08:32
BE22006840	5	0	그렇지. 네일을 받기 전 나는 네일아트는 여성들의 문화라고만 생각했어. 그런데 이번 일을 계기로 네일아트에 대한 나의 편견도 사라지게 됐어.	N	2022-07-07 07:41:09	2022-11-08 04:08:33
BE22006840	6	1	정말 좋은 경험이 되었네. 편견도 사라지게 만들고 손톱도 깔끔해지고 일석이조인걸. 역시 사람을 경험할수록 시야가 넓어지고 사고력이 깊어지나 봐.	N	2022-07-07 07:41:09	2022-11-08 04:08:33
BE22006840	7	0	업무상 방문했지만 네일을 받고 가게의 홍보 방향도 쉽게 설정할 수 있게 되서 친구도 기뻐했어. 새로운 고객층을 위해 깔끔한 손톱사진을 입간판으로 설치하자고 말했더니 깜짝 놀라더라고.	N	2022-07-07 07:41:09	2022-11-08 04:08:33
BE22006840	8	1	역시 형의 생각은 창의적이고 대단해. 요즘 네일숍을 지나가면 화려한 디자인밖에 없어서 남성들은 거의 쳐다보지 않았잖아. 그런데 깔끔하게 정돈된 손톱이라면 모두가 한 번쯤 눈길이 갈 것 같아.	N	2022-07-07 07:41:09	2022-11-08 04:08:33
BE22006840	9	0	그렇게 생각해주니 나의 생각이 틀리지 않은 것 같아서 뿌듯하다. 친구도 나의 의견을 듣고 차별성 있는 홍보 방향이라면서 엄청 좋아했거든. 이번 업무는 나도 만족하고 친구도 만족하는 보람찬 일이 되었어.	N	2022-07-07 07:41:09	2022-11-08 04:08:33
BE22006840	10	1	형이 친구의 가게를 생각하는 진심이 친구에게도 느껴졌나 봐. 그리고 형의 생각은 항상 창의적이고 독특해서 사람의 호기심을 자극하잖아. 역시 대단해.	N	2022-07-07 07:41:09	2022-11-08 04:08:33
BE22006840	11	0	나의 업무 특성상 타인의 시선에 집중하고 있어서 그런지 이러한 생각이 나오게 된 것 같아. 편견이 없을 수는 없지만 최대한 편견 없이 지내려고 노력하기도 하고.	N	2022-07-07 07:41:09	2022-11-08 04:08:33
BE22006840	12	1	마저. 형은 학창 시절에도 경험하지 않고는 함부로 말하는 사람이 아니었잖아. 그래서 나도 형처럼 되려고 노력했고 주변에서 성향이 똑같다는 말을 하면 나는 뿌듯한 마음이 들어.	N	2022-07-07 07:41:09	2022-11-08 04:08:33
BE22006840	13	0	나처럼 되기 위해서 노력했다는 말이 감동적이다. 네가 나를 따라주고 자랑스러워하는 모습을 보여줘서 나도 더욱 올바른 길로 가려고 노력했어.	N	2022-07-07 07:41:09	2022-11-08 04:08:33
BE22006840	14	1	언제나 나에게 모범이 되려고 노력하는 형의 모습을 보면 참 대단해. 지금도 형은 나의 우상 중 한 명이야.	N	2022-07-07 07:41:09	2022-11-08 04:08:33
BE22006840	15	0	우리 동생 뭐 가지고 싶은 게 있나? 왜 이렇게 형을 띄워주는 거지? 근데 이렇게 말해도 항상 나에게 용기를 줘서 고맙다.	Y	2022-07-07 07:41:09	2022-11-08 04:08:33
