id	utterance_id	utterance_type	utterance_text	terminate	regDate	updDate
BE22014535	1	0	언니, 나 요즘 컨디션이 아주 좋아서 기쁘고 편안한 마음이 들어.	N	2022-08-18 03:48:28	2022-08-18 03:48:28
BE22014535	2	1	오늘따라 기분이 산뜻하고 가벼워 보이네! 컨디션이 좋다니 무슨 일이야?	N	2022-08-18 03:48:28	2022-11-08 04:57:29
BE22014535	3	0	내가 불규칙적인 생활 패턴 때문에 불면증이 생겨서 고생했던 거 기억하지?	N	2022-08-18 03:48:28	2022-08-18 03:48:28
BE22014535	4	1	응, 그때 너 정말 힘들어했잖아. 늘 피곤하고 지쳐있고 불편해했었는데. 지금은 좀 나아진 거야?	N	2022-08-18 03:48:28	2022-11-08 04:57:29
BE22014535	5	0	요즘 규칙적인 생활 패턴을 유지하면서 컨디션이 아주 좋아졌어. 그래서 너무 기분이 좋고 행복해.	N	2022-08-18 03:48:28	2022-08-18 03:48:28
BE22014535	6	1	너 지금 정말 하늘을 날 것처럼 기분이 가뿐해 보이네. 네가 행복하다니 내 마음도 기쁨으로 가득 차오른다.	N	2022-08-18 03:48:28	2022-11-08 04:57:29
BE22014535	7	0	패턴을 바꾸려고 계속 노력했는데 이렇게 좋은 컨디션을 되찾은 게 얼마만인지 몰라.	N	2022-08-18 03:48:28	2022-08-18 03:48:28
BE22014535	8	1	생활 패턴을 바꾸려고 꾸준히 노력하더니 결국 해낼 줄 알았어. 넌 정말 의지가 강하고 대단한 사람이야. 내 마음이 다 뿌듯하고 감격스러워.	N	2022-08-18 03:48:28	2022-11-08 04:57:29
BE22014535	9	0	칭찬해줘서 고마워, 언니. 내 일상을 되찾으니 마음이 안정되고 웃음이 절로 나.	N	2022-08-18 03:48:28	2022-08-18 03:48:28
BE22014535	10	1	네 마음이 방금 씻고 나온 사람처럼 개운해 보여. 그 어느 때보다 여유롭고 생기가 도는 느낌이야.	N	2022-08-18 03:48:28	2022-11-08 04:57:29
BE22014535	11	0	맞아, 정말 그래 언니! 정말 온몸이 가뿐하고 에너지가 충만한 상태야. 어떤 일이든 해낼 수 있을 것만 같아.	N	2022-08-18 03:48:28	2022-08-18 03:48:28
BE22014535	12	1	그래? 자신감 있고 당당해 보여서 정말 힘차 보이는데? 정말 보기 좋다.	N	2022-08-18 03:48:28	2022-11-08 04:57:29
BE22014535	13	0	응! 언니가 그렇게 이야기해주니까 더 힘이 나고 어깨가 으쓱 올라간다.	N	2022-08-18 03:48:28	2022-08-18 03:48:28
BE22014535	14	1	용기가 나고 뿌듯해 보인다. 규칙적인 생활을 하면서 네가 최상의 컨디션을 찾게 되어서 나도 정말 기뻐.	Y	2022-08-18 03:48:28	2022-11-08 04:57:30
