id	utterance_id	utterance_type	utterance_text	terminate	regDate	updDate
BE22011958	1	0	누나, 드디어 제대가 6개월 앞으로 다가왔어. 다시 사회 나가 적응 잘할 수 있을지 걱정도 되는데, 그것보다 기대감 때문에 정말 흥분돼!	N	2022-07-27 00:01:10	2022-11-08 04:41:17
BE22011958	2	1	정말 다행이야! 기대된다는 네 말에 안도감이 든다. 적응 잘할 수 있을까 걱정 많이 했었거든. 왜인지 고마운 마음이 드는걸!	N	2022-07-27 00:01:10	2022-11-08 04:41:17
BE22011958	3	0	누나가 내 걱정 많이 했나 보네. 지난 한 달 동안 내가 하고 싶은 게 무엇인지 진지하게 고민해 볼 시간이 있었어. 그렇게 계획을 세우고 나니 나도 근심스럽던 마음이 기대되고, 기쁜 마음으로 바뀌더라.	N	2022-07-27 00:01:10	2022-11-08 04:41:17
BE22011958	4	1	그런 시간을 가지면서 네 미래를 그려봤다는 동생이 대견스럽다! 거기서도 스트레스가 많을 텐데, 그걸 다 견디고, 시간을 아주 잘 보내는 것처럼 느껴지니 말이야. 동생이 많이 성장한 듯 보여 뿌듯해!	N	2022-07-27 00:01:10	2022-11-08 04:41:17
BE22011958	5	0	군대 있는 동안 나도 걱정이 많았는데, 그렇게만 시간을 보낼 수 없다는 생각이 들었어. 그래서 좀더 적극적으로 미래를 그려가자고 마음을 먹고, 운동도 시작하고 책도 읽기 시작했어. 그랬더니 하루하루가 보람차고 기쁨으로 가득 차더라.	N	2022-07-27 00:01:10	2022-11-08 04:41:17
BE22011958	6	1	와! 내가 기대한 것 이상이다, 내 동생, 정말 훌륭해! 나도 요즘 너처럼 하루하루 적극적으로 보내려고 달리기와 영어 공부 시작했어. 네가 말한 대로 기쁨과 보람찬 기분이 드니까 활력도 들고 머리도 맑아지는 것 같아.	N	2022-07-27 00:01:10	2022-11-08 04:41:17
BE22011958	7	0	누나도 열심히 살고 있구나! 긍정적인 기분으로 하루를 마무리하니까, 내일이 기다려지면서, 잠도 잘 자고 많이 웃는 것 같아. 사람들이 인상이 점점 좋아진다는 칭찬도 하더라고.	N	2022-07-27 00:01:10	2022-11-08 04:41:17
BE22011958	8	1	맞아, 마음에 만족감으로 가득하고, 기쁜 감정이 계속되면, 인상도 좋아지게 마련이겠지. 동생이 이렇게까지 변한 게 믿기지 않는다. 정말 기쁘고 행복해서 어서 부모님께 말씀드리고 싶어지는걸!	N	2022-07-27 00:01:10	2022-11-08 04:41:17
BE22011958	9	0	부모님께서도 좋아하실까? 군대 다녀오기 전에 말썽 꽤 부렸으니, 달라진 모습이 믿기지 않으실 수도 있어. 하지만 좋아하실 모습을 상상하니 얼굴에 미소가 저절로 지어진다!	N	2022-07-27 00:01:10	2022-11-08 04:41:17
BE22011958	10	1	맞아, 이렇게 열심히 살아가는 네 모습이 정말 자랑스러워. 누나인 내가 이렇게 느끼는데, 부모님은 오죽하실까! 나도 네가 어서 전역하고, 계획을 이뤄나가는 순간을 함께하고 싶다.	N	2022-07-27 00:01:10	2022-11-08 04:41:17
BE22011958	11	0	누나가 그렇게 말해주니까 더 용기가 나고, 희망찬 기분이 드는걸! 벌써 3개월째 매일 일기도 쓰고 있는데, 오늘은 일기장에 기쁜 말들만 더 가득하겠다.	N	2022-07-27 00:01:10	2022-11-08 04:41:17
BE22011958	12	1	말을 나눌수록 동생의 태도가 정말 대단하게 느껴져. 일기를 쓰면서, 자신의 하루를 돌아보고, 내일을 계획하는 네 모습은 누나인 나에게도 좋은 귀감이 된다.	N	2022-07-27 00:01:10	2022-11-08 04:41:17
BE22011958	13	0	난 누나랑 대화 나누면서, 내가 정말 잘하고 있다는 확신이 생겨. 이렇게 칭찬받으니 기분이 더 좋아지는걸!	N	2022-07-27 00:01:10	2022-11-08 04:41:17
BE22011958	14	1	자랑스럽다, 동생아! 네가 기쁘게 전역을 준비하는 모습을 보니, 식구들도 기쁘게 너를 기다릴 수 있을 것 같아! 남은 시간도 지금처럼 건강하게 있다가, 오늘처럼 기쁘게 만나자.	N	2022-07-27 00:01:10	2022-11-08 04:41:17
BE22011958	15	0	누나 정말 고마워! 언제나 이렇게 날 응원해주고 격려해주니 의욕과 기쁨이 더 차오른다! 누나도 가족들도 모두 건강히 있다가 만나자!	Y	2022-07-27 00:01:10	2022-11-08 04:41:17
