id	utterance_id	utterance_type	utterance_text	terminate	regDate	updDate
BE22010889	1	0	언니, 요즘 어떻게 지내? 난 요즘 주차 연습을 하고 있어서 정말 기분 좋아. 이제 곧 운전할 수 있다는 생각에 신이 나.	N	2022-07-21 21:56:06	2022-11-08 04:34:25
BE22010889	2	1	와, 내 동생이 이제 그런 단계까지 오다니 정말 좋은걸. 언니도 진심으로 축하해 주고 싶구나.	N	2022-07-21 21:56:06	2022-11-08 04:34:25
BE22010889	3	0	주차 연습만 마치면 이제 도로 주행을 할 수 있거든. 마침내 주행을 할 수 있다고 생각하면 가슴이 콩닥콩닥 뛰어.	N	2022-07-21 21:56:06	2022-11-08 04:34:25
BE22010889	4	1	그런 상상을 눈앞에 떠올리면 마음이 설레겠다. 네가 어떤 기분일지 언니도 알 것 같아.	N	2022-07-21 21:56:06	2022-11-08 04:34:25
BE22010889	5	0	예전에는 내가 겁이 많아서 이렇게 운전을 할 수 있을지 상상도 못 했거든. 그런데 이제 곧 꿈을 이룰 수 있다고 생각하니 설렘 폭발이야.	N	2022-07-21 21:56:06	2022-11-08 04:34:25
BE22010889	6	1	기대하지도 못한 일을 해낸 거니까 언니도 네가 정말 자랑스러워. 언니라도 그런 기분이 들 듯해.	N	2022-07-21 21:56:06	2022-11-08 04:34:25
BE22010889	7	0	주차 연습을 하다 보니 생각했던 것보다 훨씬 재미있어. 정해진 좁은 공간에 차를 넣는 데 성공하면 마치 게임을 하는 것처럼 스릴이 느껴져.	N	2022-07-21 21:56:06	2022-11-08 04:34:26
BE22010889	8	1	내 동생 정말 신이 나서 어쩔 줄 모르는구나. 네가 이렇게 기뻐하는 모습 정말 오랜만인 것 같구나.	N	2022-07-21 21:56:06	2022-11-08 04:34:26
BE22010889	9	0	응, 요즘은 하루하루가 정말 행복해. 마치 하늘을 나는 것처럼 기분이 좋아지는 것 같아.	N	2022-07-21 21:56:06	2022-11-08 04:34:26
BE22010889	10	1	내 동생이 운전을 배우면서 그런 활력을 얻다니, 언니도 정말 만족감이 밀려오는걸. 느긋한 마음도 들고 말이야.	N	2022-07-21 21:56:06	2022-11-08 04:34:26
BE22010889	11	0	주차 연습이 이렇게 재밌을 줄은 상상도 하지 않았거든. 지레 겁을 먹던 예전의 내 모습을 떠올리면 웃음이 날 지경이야.	N	2022-07-21 21:56:06	2022-11-08 04:34:26
BE22010889	12	1	그래, 내 동생이 겁은 좀 있지만 한번 시작하면 뭐든지 잘하지. 기계를 다루는 능력도 은근히 뛰어나고 말이야. 난 내 동생이 잘 해낼 수 있을 거라고 믿었어.	N	2022-07-21 21:56:06	2022-11-08 04:34:26
BE22010889	13	0	와, 언니한테 칭찬받으니 정말 기분 좋은걸. 기쁜 마음이 부풀어 올라서 하늘로 높이 솟아오를 것 같아.	N	2022-07-21 21:56:06	2022-11-08 04:34:26
BE22010889	14	1	그렇다면 언니도 더 기뻐. 자매끼리 기쁨을 공유할 수 있어서 정말 감사하다는 마음도 들고.	N	2022-07-21 21:56:06	2022-11-08 04:34:26
BE22010889	15	0	기쁜 일 있을 때마다 늘 동생을 격려해 줘서 정말 고마워. 내게 멋진 언니가 있는 건 정말 큰 행운이라 생각해. 언니, 정말 사랑해.	Y	2022-07-21 21:56:06	2022-11-08 04:34:26
