id	utterance_id	utterance_type	utterance_text	terminate	regDate	updDate
BE22013638	1	0	언니 나 이번 주 콩쿠르 나가는 거 너무 기대되고 행복해. 설레어서 계속 웃음도 나오고 연습하는 시간도 안 힘들고 신나.	N	2022-08-09 13:14:27	2022-08-09 13:14:27
BE22013638	2	1	처음 나가는 콩쿠르인데 떨리지는 않아? 오랫동안 열심히 준비하더니 이제 드디어 콩쿠르도 나가고 너무 잘 됐다.	N	2022-08-09 13:14:27	2022-11-08 04:51:43
BE22013638	3	0	나 정말 열심히 준비했잖아. 드디어 내가 콩쿠르 나가는 실력이 된 게 너무 기뻐서 아는 사람들한테는 다 자랑했어.	N	2022-08-09 13:14:27	2022-08-09 13:14:27
BE22013638	4	1	내 동생 정말 장하네. 역시 넌 항상 긍정적이라 이런 콩쿠르 나가는 것도 즐길 줄 알고 정신력이 정말 대단해. 너무 멋지다.	N	2022-08-09 13:14:27	2022-08-09 13:14:27
BE22013638	5	0	선생님도 엄마 아빠도 다 같이 와서 응원해 준대. 주위 사람들의 기대에 응하기 위해 긴장감을 느끼는데 부담스럽지 않아. 내가 피아노를 얼마나 좋아하고 열심히 했는지 보여줄 수 있는 순간이라고 생각하니 너무 흥분된다.	N	2022-08-09 13:14:27	2022-08-09 13:14:27
BE22013638	6	1	이렇게 떨지도 않고 긴장감도 즐기다니 콩쿠르에서도 실력 발휘 제대로 할 수 있을 거 같다. 네가 언니보다 더 어른스러워. 떨지도 않는다니 정말 놀라워.	N	2022-08-09 13:14:27	2022-11-08 04:51:43
BE22013638	7	0	내가 열심히 연습하고 준비한 거 보여줄 수 있다는 게 난 행복하기만 한걸. 내 연주를 들어주고 행복해하면 난 얼마나 행복할지 상상이 안 갈 만큼 기쁜걸.	N	2022-08-09 13:14:27	2022-11-08 04:51:43
BE22013638	8	1	네가 열심히 준비한 거 언니가 너무 잘 알지. 수상에 연연하지 말고 네가 좋아하는 피아노 마음껏 치고 온다고 생각하면 결과도 좋을 거야.	N	2022-08-09 13:14:27	2022-11-08 04:51:43
BE22013638	9	0	응 수상하면 좋겠지만 이번에 경험 삼아 나가는 거니까 대회를 즐기고 나의 연주에 집중할 거야.	N	2022-08-09 13:14:27	2022-08-09 13:14:27
BE22013638	10	1	예쁜 내 동생 언니가 너무 칭찬하고 싶다. 네가 부담 안 갖고 이렇게 즐거워하는 거 보니까 내가 더 안심되고 기분이 너무 좋다. 콩쿠르도 좋은 결과 나오길 언니가 열심히 기도할게.	N	2022-08-09 13:14:27	2022-11-08 04:51:43
BE22013638	11	0	그럼 너무 좋겠지. 하지만 내 꿈을 위해 하나씩 준비 중인 거니까 욕심 안 내려고. 내가 좋아하는 거 하는 거잖아.	N	2022-08-09 13:14:27	2022-08-09 13:14:27
BE22013638	12	1	언니도 네 모습 보러 대회 날 갈게. 예쁜 꽃 사가서 우리 동생 행복한 얼굴 봐야겠다.	N	2022-08-09 13:14:27	2022-08-09 13:14:27
BE22013638	13	0	그럼 너무 좋겠다. 언니가 응원해 준다니까 내가 꼭 무슨 큰 국제 대회 나가는 기분이 드는걸.	N	2022-08-09 13:14:27	2022-08-09 13:14:27
BE22013638	14	1	언니가 미래 유명 피아니스트가 될 동생 보러 가는 거 같은걸. 부담 안 갖고 이렇게 즐거워하는 거 보니까 내가 더 안심되고 기분이 너무 좋다.	N	2022-08-09 13:14:27	2022-11-08 04:51:43
BE22013638	15	0	응. 열심히 내 실력 최대한 발휘하게 노력할게. 고마워.	Y	2022-08-09 13:14:27	2022-08-09 13:14:27
