id	utterance_id	utterance_type	utterance_text	terminate	regDate	updDate
BE22019068	1	0	형, 어머니께서 이제 내 꿈이 요리사인 걸 인정해줘서 너무 기뻐. 어제 삼계탕을 만들어 드렸는데 맛있게 잘 요리했다고 칭찬해주셨거든. 오늘은 무슨 요리 해줄 거냐고 해서 어머니께 칼국수를 만들어 드리려고 해.	N	2022-09-20 05:51:44	2022-09-20 05:51:44
BE22019068	2	1	너 아무리 반대해도 포기하지 않더니 드디어 인정 받았구나! 네 일이 마치 나의 일처럼 내가 다 기쁘고 그래. 너 지금 자신감이 찰 정도로 기쁘겠구나!	N	2022-09-20 05:51:44	2022-11-08 05:33:13
BE22019068	3	0	응, 얼마나 기쁜지 몰라! 내가 의사를 준비하다가 요리사 되고 싶다고 할 때 어머니께서 엄청 반대했었잖아. 여태껏 공부한 게 아깝지 않냐고 다시 생각해보라고 했던 게 엊그제 같은데 이제 인정해줘서 기뻐.	N	2022-09-20 05:51:44	2022-09-20 05:51:44
BE22019068	4	1	그래, 그때 네가 마음 고생이 엄청 심했었지. 근데 이젠 안 그래도 된다고 생각하니 내가 다 마음이 놓이고 그래! 어머니도 네 요리가 참 마음에 들었나 보다!	N	2022-09-20 05:51:44	2022-11-08 05:33:13
BE22019068	5	0	정말 잘 드시더라고! 오히려 나한테 어떻게 만들었길래 이렇게 깊은 맛이 나냐고 여쭈어보실 정도였어. 그래서 오늘은 어머니께서 제일 좋아하시는 칼국수를 만들어 드리려고 해.	N	2022-09-20 05:51:44	2022-09-20 05:51:44
BE22019068	6	1	어머니를 생각하는 네 마음이 느껴져서 내가 다 가슴이 따뜻해진다. 어머니는 너같은 아들을 둔 걸 엄청 자랑스러워하고 계실 거야. 반대를 해도 결코 미워하지 않고 오히려 요리를 해주니까 말이야!	N	2022-09-20 05:51:44	2022-11-08 05:33:13
BE22019068	7	0	나도 어머니께 서운한 적이 있었지. 그래도 다 나 잘되라는 마음으로 한 소리 같아서 상처 입지 않았어. 오히려 어머니께 먼저 인정 받기 위해서 더 노력을 했지!	N	2022-09-20 05:51:44	2022-09-20 05:51:44
BE22019068	8	1	쉽지 않았을 텐데 포기하지 않고 애쓴 네가 너무 대견해. 나였으면 너처럼 열정적이게 하지 못했을 거야. 삶을 개척하고 살아가는 너의 태도에 내가 오히려 본받게 되네!	N	2022-09-20 05:51:44	2022-11-08 05:33:13
BE22019068	9	0	형이 날 그렇게 높이 평가해주니까 기분이 더 좋아진다. 요리 관련 자격증을 하나씩 딸 때마다 신나면서 재미도 붙더라고. 나 올해는 자격증을 땄으니까 내년에는 직접 요리사로 취업하는 걸 목표로 삼았어.	N	2022-09-20 05:51:44	2022-09-20 05:51:44
BE22019068	10	1	벌써 미래까지 다 계획을 다 짰구나. 계속 그렇게 부지런하게 미래를 준비하는 모습이 참 성실하고 멋져. 지금의 인정도 그게 다 네가 여태 이룬 인내심과 끈기 덕분일 거야!	N	2022-09-20 05:51:44	2022-09-20 05:51:44
BE22019068	11	0	형이 그렇게 칭찬해주니까 더 힘을 얻게 돼. 오늘 어머니께 칼국수 만들어 드린 다음에 언제 한 번 형한테도 내 요리 솜씨 보여줄게. 형도 맛있게 먹어줬으면 좋겠어.	N	2022-09-20 05:51:44	2022-09-20 05:51:44
BE22019068	12	1	네가 만든 음식인데 당연히 맛있게 먹을 수 있지. 내가 네 음식 맛 보고 당장 가게 차리자고 할 지도 몰라! 어머니께도 인정받은 네 요리 정말 어떨지 기대가 돼.	N	2022-09-20 05:51:44	2022-11-08 05:33:14
BE22019068	13	0	오늘은 어머니께 칼국수 만들어주기로 했으니까 다음엔 꼭 형이 좋아하는 음식 해줄게! 나의 일을 본인 일처럼 기뻐해줘서 정말 고마워!	N	2022-09-20 05:51:44	2022-09-20 05:51:44
BE22019068	14	1	아냐, 네 기쁨이 곧 나의 즐거움이기도 한 걸. 최고의 요리사가 되는 날까지 화이팅이야!	Y	2022-09-20 05:51:44	2022-11-08 05:33:14
