id	utterance_id	utterance_type	utterance_text	terminate	regDate	updDate
BE22012408	1	0	드디어 여자 친구한테 곱창 먹는 방법을 가르쳤어. 너무 신나고 기뻐.	N	2022-07-29 07:10:51	2022-11-08 04:44:02
BE22012408	2	1	형 축하해. 드디어 누나가 곱창까지 먹을 수 있게 됐구나.	N	2022-07-29 07:10:51	2022-11-08 04:44:02
BE22012408	3	0	응, 1년 동안이나 같이 도전하고 또 도전했는데. 이제 좀 괜찮아졌데. 곱창의 맛이 느껴진대, 그 말을 듣는데 얼마나 감격스럽던지.	N	2022-07-29 07:10:51	2022-11-08 04:44:02
BE22012408	4	1	형이 얼마나 신나고 기쁠지 상상이 되니까 나까지 어깨춤이 절로 나오게 기분이 좋다. 형이 곱창을 엄청나게 좋아해서 누나에게도 그 맛을 꼭 느끼게 해주고 싶다고 기도했잖아.	N	2022-07-29 07:10:51	2022-11-08 04:44:02
BE22012408	5	0	맞아. 내가 주식이라고 할 만큼 곱창을 좋아하잖아. 그런데 여자 친구가 곱창에서 냄새가 난다고 처음에는 손도 안 대더라고. 그리고 곱창집도 가자고 하면 너무 싫어하고, 그래서 처음에는 정말 실망했었어.	N	2022-07-29 07:10:51	2022-11-08 04:44:02
BE22012408	6	1	어떤 마음일지 알 거 같아. 내가 좋아하고 맛있어하는 음식을 사랑하는 사람과 함께 먹고 그 맛을 공유하고 싶은데. 상대편이 그 마음을 몰라주고 같이 안 먹는다고 하면 마음이 아프고 속상할 거 같아.	N	2022-07-29 07:10:51	2022-11-08 04:44:02
BE22012408	7	0	그렇지. 그래서 형도 처음에는 여자 친구가 곱창 싫다고 안 먹는다고 했을 때 좀 마음이 씁쓸하더라고. 그래서 생곱창부터 시작하지 않고 양념을 종류별로 같이 먹어보기로 했어. 그랬더니 이제 생곱창도 그냥 먹을 수 있데, 그리고 맛있데!	N	2022-07-29 07:10:51	2022-11-08 04:44:02
BE22012408	8	1	우와! 역시 우리 형이지만 진짜 그 집념 대단해. 대부분 사람은 같이 공유하고 싶어도 별로 안 좋아하면 포기하거나 피해버리는데. 형은 두려워하지 않고 다른 방법으로 시도해 보고 여러 대책을 만들어서 꼭 성공시키는 거 같아.	N	2022-07-29 07:10:51	2022-11-08 04:44:02
BE22012408	9	0	응, 진짜 별의별 방법을 다 써본 거 같아. 형이 여자 친구 생기면 꼭 해보고 싶었던 일이 전국 곱창 맛집 투어였거든. 그래서 같이 그 느낌을 나누고 맛을 공유하면 서로 더 가까워질 거 같아서.	N	2022-07-29 07:10:51	2022-11-08 04:44:02
BE22012408	10	1	맞아, 어려서부터 형이 미식가였잖아. 그래서 한 음식을 먹더라도 분석하고 연구해서 맛의 비결을 찾아내고. 그러면서 만족감을 많이 느꼈잖아, 나는 그런 형을 보면서 엄청 진취적이고 도전적이라고 느꼈어.	N	2022-07-29 07:10:51	2022-11-08 04:44:02
BE22012408	11	0	여자 친구랑 곱창 먹을 수 있게 된 것도 무척 기쁜데, 네가 형을 칭찬해 주니까 더 기분이 좋다.	N	2022-07-29 07:10:51	2022-11-08 04:44:02
BE22012408	12	1	연구하고 분석하는 활동을 사랑하는 여자 친구와 함께하면 더 행복할 거 같아. 형이 누나랑 곱창을 먹으러 다닐 수 있게 돼서. 세상을 다 얻은 거처럼 기쁠 거 같아, 다시 한번 너무 축하해.	N	2022-07-29 07:10:51	2022-11-08 04:44:02
BE22012408	13	0	너 문자를 보면서 더 설레고 더 기분이 좋아진다. 빨리 여자 친구랑 곱창을 먹으러 다니고 싶어. 축하해 줘서 고마워.	N	2022-07-29 07:10:51	2022-11-08 04:44:02
BE22012408	14	1	형이 기쁜 일을 나에게 알려줘서 내가 더 고맙고 행복하지. 다음에도 기쁜 소식 있으면 알려줘.	Y	2022-07-29 07:10:51	2022-11-08 04:44:02
