id	utterance_id	utterance_type	utterance_text	terminate	regDate	updDate
BE22015473	1	0	퇴근 후에 화장품 가게에서 물건을 구입했는데 사은품이라고 해서 엄청나게 많이 받았어. 생각지도 않게 받은 사은품이라 그런지 선물같이 느껴지네. 죄다 만족스러워서 돈을 써도 번 것 같은 기분에 기쁘다.	N	2022-08-24 07:36:10	2022-11-08 05:03:17
BE22015473	2	1	너 정말 신이 났겠다. 네가 보낸 문자만 읽어도 기쁜 마음에 느껴져서 내가 다 행복하고 기뻐지네. 필요한 물건을 산 것뿐인데 사은품을 받으면 왠지 횡재 한 마음이 들잖아.	N	2022-08-24 07:36:10	2022-11-08 05:03:17
BE22015473	3	0	맞아, 그래서 더 기분이 좋아져서 언니에게 이렇게 말하는 거야. 요즘은 공짜로 주는 사은품의 질이 이렇게 나 좋다니 너무 깜짝 놀랐어. 그리고 작은 손거울을 사려고 했는데 사은품이라고 공짜로 주더라고, 정말 횡재 한 기분이야.	N	2022-08-24 07:36:10	2022-11-08 05:03:17
BE22015473	4	1	저번부터 네가 사고 싶다고 한 손거울을 공짜로 얻다니 정말 기분 좋았겠어. 너의 문자를 보고 즐거워하는 네가 상상돼서 나도 얼굴에 미소가 지어져. 작은 것에도 감사할 줄 아는 내 동생 잘 컸네.	N	2022-08-24 07:36:10	2022-11-08 05:03:17
BE22015473	5	0	올리브영에 가려고 일주일 전부터 벼르고 있었는데 알아보니 오늘부터 세일 기간이더라고. 세일해서 저렴한 가격에 물건도 사고 사은품도 챙겨서 일석 이조 쇼핑이었지. 지금 다시 생각해도 너무 기쁜 쇼핑이었어.	N	2022-08-24 07:36:10	2022-11-08 05:03:17
BE22015473	6	1	미리 알아보길 정말 잘했네, 역시 꼼꼼하게 준비하는 내 동생 정말 대단해. 네가 미리 알아봐서 돈도 절약하고 사은품도 받게 된 거라서 참 멋지다고 생각해. 역시 넌 참 현명한 아이라서 똑똑한 소비자라는 생각이 들어.	N	2022-08-24 07:36:10	2022-11-08 05:03:17
BE22015473	7	0	언니에게 칭찬받으니까 기뻤던 나의 마음이 한층 더 올라간 것 같네. 난 그저 화장품 가게에서 파는 걸 미리 알아보려고 홈페이지에 들어간 게 다야. 그런데 현명하다고 칭찬까지 들으니 몸 둘 바를 모르겠어.	N	2022-08-24 07:36:10	2022-11-08 05:03:17
BE22015473	8	1	네가 그렇게 생각해 주면 나도 좋지. 난 정말 진심으로 널 칭찬한 건데 내 진심이 통했네. 서로 마음이 통해서 행복을 느끼기 참 어려운데 나의 마음에 공감해 주는 너도 대단하다고 생각해.	N	2022-08-24 07:36:10	2022-11-08 05:03:17
BE22015473	9	0	언니의 진심은 항상 나를 기쁘게 해주잖아. 별것 아닌 일에도 항상 나를 대단한 존재로 만들어 주는 언니가 있어서 감사한 마음뿐이야.	N	2022-08-24 07:36:10	2022-11-08 05:03:17
BE22015473	10	1	나도 그래. 너의 마음처럼 진심으로 하는 이야기에 네가 웃어주고 행복하다면 나도 기뻐. 이게 바로 자매의 우애라는 생각이 들어서 괜히 눈물이 나려고 한다. 잘 커 준 네가 대견하고 자랑스러워.	N	2022-08-24 07:36:10	2022-11-08 05:03:17
BE22015473	11	0	화장품 가게에서 물건을 구입하고 받은 사은품이 너무 많고 굉장히 마음에 들어서 너무 기쁘더라고. 언니의 진심 어린 칭찬을 받으니까 연락하길 잘했다는 생각이 드네. 나의 기쁜 마음이 언니와의 문자를 통해서 더 커진 느낌을 받아.	N	2022-08-24 07:36:10	2022-08-24 07:36:10
BE22015473	12	1	그렇게 반응해 주니 내 동생이 언제 이렇게 컸나 하는 뿌듯한 마음이 든다. 네가 보내준 문자만 봐도 굉장히 기분이 좋아진 너를 느끼니 나도 기분이 좋아지더라고. 난 네가 언제나 행복하고 기쁜 마음이었으면 좋겠다고 생각하는 사람이니까, 너는.	N	2022-08-24 07:36:10	2022-11-08 05:03:17
BE22015473	13	0	그랬구나, 그래서 난 항상 언니의 응원과 칭찬을 받으면 우울한 기분이 싹 날아가고. 기분이 좋을 때는 그것이 배가 됨을 느끼나 봐. 정말 고마워.	N	2022-08-24 07:36:10	2022-08-24 07:36:10
BE22015473	14	1	나의 진심을 알아주고 나에게 감사를 표하는 네가 있기에. 내가 더 너를 응원하고 칭찬할 수 있는 거지. 그리고 소소한 이야기라도 네가 나에게 말해준다면 난 정말 행복해져.	N	2022-08-24 07:36:10	2022-11-08 05:03:17
BE22015473	15	0	언제든지 나의 슬픔과 기쁨을 언니에게 말할 수 있어서 얼마나 감사한지 모르겠어. 무슨 상황이든지 나에게 힘을 주는 언니가 있어서 너무 행복해지는 하루인 것 같아.	Y	2022-08-24 07:36:10	2022-08-24 07:36:10
