id	utterance_id	utterance_type	utterance_text	terminate	regDate	updDate
BE22016494	1	0	동생아, 기프티콘으로 커피 사 왔어. 냉장고에 넣어 놨으니 먹어. 새로 생긴 카페라서 서비스도 주시고 공짜로 먹고 아주 기쁘고 만족스러운 구매였어.	N	2022-08-30 08:13:55	2022-08-30 08:13:55
BE22016494	2	1	형이 보낸 문자만 봐도 기쁨이 느껴진다. 세상 누구라도 공짜를 마다할 사람은 없잖아. 저번에 나도 거기 가봤는데 친절하시고 맛있더라고.	N	2022-08-30 08:13:55	2022-08-30 08:13:55
BE22016494	3	0	커피도 맛있고 집 주변에 괜찮은 카페가 생겨서 너무 좋아. 가격도 합리적이라서 자주 가려고.	N	2022-08-30 08:13:55	2022-08-30 08:13:55
BE22016494	4	1	형이 기분 좋다니 나도 좋네. 커피를 좋아해서 바리스타 자격증 취득할 만큼 열정적인 형이잖아. 난 형의 그런 적극적인 성격이 부럽고 보기 좋아.	N	2022-08-30 08:13:55	2022-08-30 08:13:55
BE22016494	5	0	그렇게 말해주니 내가 부끄럽다. 내 동생이 나랑 성향이 비슷해서 내가 사 오는 음식을 좋아하고 칭찬해 주면 너무 뿌듯해. 그래서 더 자주 사 오는 것 같기도 하지만.	N	2022-08-30 08:13:55	2022-08-30 08:13:55
BE22016494	6	1	형이 나를 위해 사 오는 것들이 항상 맛있고 고마워서 남들한테 사진 찍어서 자랑할 정도야. 그러면 다들 엄청나게 부러워하고 안 믿어진다는 친구도 있어. 그래서 형은 내 친구들한테 평판이 정말 좋아.	N	2022-08-30 08:13:55	2022-11-08 05:09:39
BE22016494	7	0	그렇게 평상시에 나를 칭찬해 주니 몸 둘 바를 모르겠어. 형으로서 당연히 동생을 챙기는 건데 특별하게 생각해 줘서 부끄럽다.	N	2022-08-30 08:13:55	2022-08-30 08:13:55
BE22016494	8	1	형은 작은 거라고 하지만 주위에 많이 없어. 내 친구들은 형 같은 사람이 자기 형이었으면 좋겠다고 항상 말하는걸. 그런 소리를 들을 때마다 내가 얼마나 자랑스러운지 몰라.	N	2022-08-30 08:13:55	2022-11-08 05:09:39
BE22016494	9	0	커피 기프티콘으로 커피를 사 온 것뿐인데 동생이 이렇게 좋아해 주니 기쁘다. 그런데 이제 너의 친구들을 만나기가 부담스러워지려 한다. 어쩐지 너의 친구들을 마주치면 나를 보는 눈이 너무 반짝거려서 의아하기도 했었는데 이제야 이유를 알았어.	N	2022-08-30 08:13:55	2022-11-08 05:09:39
BE22016494	10	1	좋아해서 그래. 연예인을 동경하는 만큼 내 친구들 사이에서는 형이 인기가 좋거든. 친구들이 형이랑 밥 한번 먹고 싶다고 매일 말해서 귀에 딱지가 생길 정도야.	N	2022-08-30 08:13:55	2022-11-08 05:09:40
BE22016494	11	0	커피 기프티콘으로 커피를 사 온 것처럼 너희들에게도 기프티콘을 줘야겠어. 그게 너희들이 제일 부담스럽지 않고 기뻐할 것 같네. 칭찬에 내 지갑이 열리는 걸 보면 넌 참 날 많이 칭찬해 주는 거 같아.	N	2022-08-30 08:13:55	2022-08-30 08:13:55
BE22016494	12	1	그렇게 생각해 줘서 내가 다 고맙다. 친구들도 좋아하고 내 체면도 설 것 같아서 역시 형은 화끈하고 멋져. 커피 기프티콘으로 커피를 사 와 나에게 먹으라고 해주는 형의 마음이 느껴져서 항상 감사해.	N	2022-08-30 08:13:55	2022-11-08 05:09:40
BE22016494	13	0	차일피일 미루다 보면 시간이 지나서 못할 수도 있잖아. 내가 성격이 급해서 그래. 커피 기프티콘으로 커피를 사서 집에 온 것이 결론적으로는 나에게 기쁨을 줬네.	N	2022-08-30 08:13:55	2022-08-30 08:13:55
BE22016494	14	1	친구들에게도 사주겠다는 형은 정말 천사가 틀림없어. 이런 상황에 세 기쁨까지 느꼈다면 난 형을 본받아서 살기에는 너무 힘들 것 같아. 내 아량은 형처럼 그렇게 넓지 못해.	N	2022-08-30 08:13:55	2022-11-08 05:09:40
BE22016494	15	0	동생인 네가 나에게 칭찬을 많이 해주니까 더 이렇게 행동할 수 있는 거지. 오늘 단순히 커피 기프티콘으로 커피를 사 온 것인데 너의 칭찬으로 인해서 기쁨이 배가 되었어. 고마워.	Y	2022-08-30 08:13:55	2022-08-30 08:13:55
