id	utterance_id	utterance_type	utterance_text	terminate	regDate	updDate
BE22016259	1	0	오늘 아들이랑 백화점에 갔다가 잘 생겼다는 칭찬을 들었어. 그냥 하는 말이라도 그 한마디에 기분이 너무 좋아서 웃음이 계속 나온다.	N	2022-08-29 11:26:32	2022-11-08 05:08:12
BE22016259	2	1	자기 아들이 칭찬받는데 옆에서 지켜보는 형 기분이 얼마나 좋았을까. 자기 아들에 대한 그런 호의적인 말은 더 마음을 기쁘게 하잖아. 형 기분이 좋아서 오늘 잠도 못 자겠는데.	N	2022-08-29 11:26:32	2022-11-08 05:08:12
BE22016259	3	0	맞아. 내 칭찬도 아니고 아들 이야기인데 내가 더 기분이 좋아서 계속 웃고 다니니 아들이 쑥스러워하네.	N	2022-08-29 11:26:32	2022-08-29 11:26:32
BE22016259	4	1	다 큰 아들이랑 같이 쇼핑 간 것도 즐거웠을 텐데. 예상치 못한 칭찬에 얼마나 즐거운 시간이었겠어. 오랜만에 기분이 날아가는 것 같았겠어.	N	2022-08-29 11:26:32	2022-11-08 05:08:12
BE22016259	5	0	사람이 참 칭찬에 약한 동물이야. 말 한마디가 이렇게 감정을 쥐락펴락하는 거라면 나도 칭찬에 인색하지 말아야겠어.	N	2022-08-29 11:26:32	2022-08-29 11:26:32
BE22016259	6	1	그러니까 말이야. 솔직한 감정 표현만큼 용기 있는 건 없잖아. 거기에 예의와 따뜻함을 담는다면 더할 나위 없이 사람을 행복하게 만들 거야.	N	2022-08-29 11:26:32	2022-11-08 05:08:12
BE22016259	7	0	난 칭찬하기보다 엄하게 교육하고 절제를 강조했었잖아. 이런 기분이란 걸 미리 알았다면 더 많은 격려와 칭찬을 할 걸 그랬어. 그러면 아이가 다 따뜻한 마음을 갖고 성장하지 않았을까 하는 생각이 들기도 했어.	N	2022-08-29 11:26:32	2022-11-08 05:08:12
BE22016259	8	1	부모의 교육 방식이나 가치관이 다 다른걸. 기본적으로 사랑과 관심이 담아 교육을 한 형의 마음을 아들도 다 느끼고 있을 거야. 괜한 후회는 하지 마.	N	2022-08-29 11:26:32	2022-11-08 05:08:12
BE22016259	9	0	그래. 후회한다기보다는 지난 시간이 아쉬워서 그렇겠지. 이렇게 잘 생기고 멋있게 잘 자라준 아들을 보니 괜한 감상에 젖어 드나 봐.	N	2022-08-29 11:26:32	2022-11-08 05:08:12
BE22016259	10	1	부모의 마음이야 아무리 잘 키워도 남는 아쉬움이 있기 마련이잖아. 그런 생각보다는 변함없이 든든한 나무같이 곁을 지켜주고 있는 현실이 얼마나 행복한지 생각해. 그런 아쉬움은 앞으로 살아갈 행복한 나날들로 채울 수 있어.	N	2022-08-29 11:26:32	2022-11-08 05:08:12
BE22016259	11	0	그래야지. 앞으로 해주고 싶은 일이 한둘이 아닌걸. 어쨌든 이렇게 아들이 잘생기게 자란 것도 다 내 덕 아니겠어. 날 닮았다고 생각하며 대리만족도 느끼게 해 주는 멋진 아들인걸.	N	2022-08-29 11:26:32	2022-08-29 11:26:32
BE22016259	12	1	하하. 맞아. 형 닮았으니 그렇게 멋지게 잘 자란 거야. 이게 다 형이 잘생긴 덕분이란 거에 나도 동의해.	N	2022-08-29 11:26:32	2022-11-08 05:08:12
BE22016259	13	0	아들 덕분에 나까지 괜히 잘생긴 것 같네. 그저 아들이 자랑스러울 뿐이야.	N	2022-08-29 11:26:32	2022-11-08 05:08:12
BE22016259	14	1	아들 덕분에 아빠가 이렇게 기분이 좋으니 행복한 부자를 보는 내 마음이 참 좋다. 언제나 지금처럼 다정한 아빠와 아들의 모습을 자랑해 줘. 듣기만 해도 유쾌하고 즐거워지는 일이야.	N	2022-08-29 11:26:32	2022-11-08 05:08:12
BE22016259	15	0	그래. 그렇게 칭찬해 주니 나도 너무 기분이 좋네. 여러 가지로 오늘 하루 참 기분 좋게 보냈어. 아들 덕분에 내가 참 행복하다.	Y	2022-08-29 11:26:32	2022-11-08 05:08:12
