id	utterance_id	utterance_type	utterance_text	terminate	regDate	updDate
BE22021544	1	0	나 지금 아내와 여행 중인데 정말 좋은 하루가 될 것 같아. 오늘 아내가 감동 받을 걸 생각하니까 벌써부터 마음이 설레고 기뻐.	N	2022-09-26 05:27:51	2022-09-26 05:27:51
BE22021544	2	1	서프라이즈로 무슨 이벤트라도 하기로 한 거야? 대체 뭐 때문에 형이 그렇게 기쁜지 궁금해!	N	2022-09-26 05:27:51	2022-09-26 05:27:51
BE22021544	3	0	아내와 오랜만에 여행을 가게 된 거라 강 근처에 있는 호텔을 예약했던 거라 기뻐. 거기가 강 주변에 조명과 스크린이 설치되어 있거든. 스크린에 우리 결혼 사진을 띄어 놓도록 신청했는데 아내가 보면 분명 좋아할 거라고 자신해.	N	2022-09-26 05:27:51	2022-09-26 05:27:51
BE22021544	4	1	그 정경을 생각해보니까 무척이나 아름다울 것 같아! 형이 이렇게 자신 있어 하는 이유가 있었구나! 나였어도 상대방이 무척 좋아할 거란 생각에 벌써부터 마음이 붕 뜰 것 같아!	N	2022-09-26 05:27:51	2022-09-26 05:27:51
BE22021544	5	0	응, 호텔 예약할 때 보니까 숙박객 한정으로 스크린에 사진을 띄어 놓을 수 있다고 하더라고. 그래서 잽싸게 신청을 했지! 그게 선착순이라 더 늦었으면 아마 놓쳤을 지도 몰라!	N	2022-09-26 05:27:51	2022-09-26 05:27:51
BE22021544	6	1	타이밍 좋게 선착순 안에 들어서 다행이야! 나였으면 그런 생각은 전혀 못했을 텐데. 형 정말 로맨틱한 사람이구나!	N	2022-09-26 05:27:51	2022-09-26 05:27:51
BE22021544	7	0	아내를 위해서라면 그 정도 할 수도 있지. 그렇게 어려운 일도 아닌데 말이야! 애초에 아내가 강을 좋아한 거라 그 호텔을 예약한 거였거든.	N	2022-09-26 05:27:51	2022-09-26 05:27:51
BE22021544	8	1	상대방을 생각하는 마음은 이 세상에서 형을 따라올 사람이 없을 거야. 남의 취향까지 고려하고 그렇게 꼼꼼하게 준비하는 거 보면 형은 진짜 대단한 사람인 것 같아.	N	2022-09-26 05:27:51	2022-09-26 05:27:51
BE22021544	9	0	네가 그렇게 나를 좋게 봐주니까 몸 둘 바를 모르겠다. 그래도 너도 이렇게 나를 칭찬해주는 것 보면 아내도 감동받을 것 같아서 기분이 좋네! 덕분에 자신감이 더 차올라!	N	2022-09-26 05:27:51	2022-11-08 05:43:13
BE22021544	10	1	형이 정말 존경스러워지는 정도야. 감탄을 유발할 정도로 그렇게 기획한 거 정말 멋진 걸. 분명 형수님도 좋아할 게 뻔해!	N	2022-09-26 05:27:51	2022-11-08 05:43:13
BE22021544	11	0	얼른 밤이 돼서 호텔로 갔으면 좋겠어. 물론 지금도 주변 관광명소 보고 즐겁긴 한데, 얼른 아내에게 내가 준비한 이벤트를 보여주고 싶어!	N	2022-09-26 05:27:51	2022-09-26 05:27:51
BE22021544	12	1	나 같아도 그 순간이 얼른 오기를 바랄 것 같아. 다음에 나도 와이프랑 여행 갈 일이 있으면 그 호텔에 숙박해야겠어. 나도 형 따라서 이벤트를 해봐야지!	N	2022-09-26 05:27:51	2022-11-08 05:43:13
BE22021544	13	0	그때 되면 너도 선착순 안에 들기를 바랄게! 분명 제수 씨도 좋아해 할 거야! 강 근처에 있는 호텔이라 뷰가 정말 좋거든!	N	2022-09-26 05:27:51	2022-09-26 05:27:51
BE22021544	14	1	응, 덕분에 좋은 호텔 알 수 있게 되었어. 나중에 이벤트 끝나고 형수님 반응 어땠는지 알려줘! 여행 마저 재밌게 하기를!	Y	2022-09-26 05:27:51	2022-09-26 05:27:51
