id	utterance_id	utterance_type	utterance_text	terminate	regDate	updDate
BE22008683	1	0	형! 나 기분이 너무 좋아서 날아갈 것만 같아!	N	2022-07-13 17:16:11	2022-11-08 04:20:16
BE22008683	2	1	우리 동생 무슨 좋은 일 있어?	N	2022-07-13 17:16:11	2022-11-08 04:20:16
BE22008683	3	0	내가 오래전부터 조립했던 드론 알지? 오늘 날리는 데 성공했어! 너무 행복해!	N	2022-07-13 17:16:11	2022-11-08 04:20:16
BE22008683	4	1	부품을 하나씩 구매해서 조립하던 그 드론 말이야? 정말 축하해! 나는 네가 해낼 줄 알았다니까!	N	2022-07-13 17:16:11	2022-11-08 04:20:16
BE22008683	5	0	그렇게 말해줘서 고마워 형! 드론 부품이 생각보다 비싸서 용돈을 모으느라 고생을 조금 했는데 완성이 되니 뿌듯하고 좋아!	N	2022-07-13 17:16:11	2022-11-08 04:20:16
BE22008683	6	1	그동안 용돈 모으느라 쉽지 않았을 텐데 고생 많았어. 사고 싶은 것들 다 참고 모은 돈 아니야?	N	2022-07-13 17:16:11	2022-11-08 04:20:16
BE22008683	7	0	맞아, 형! 사고 싶은 건 많았지만 꾹 참고 몽땅 드론에 투자했지! 장난 아니지?	N	2022-07-13 17:16:11	2022-11-08 04:20:16
BE22008683	8	1	역시 대단해! 누구 동생인지 정말 멋있는걸? 하나의 목표를 위해 꾸준히 달려가는 네 모습은 형인 나도 본받아야 할 모습인걸!	N	2022-07-13 17:16:11	2022-11-08 04:20:16
BE22008683	9	0	형이 그렇게 말해주니 쑥스럽다! 하하! 주위 사람들이 날아가는 내 드론을 보면서 박수도 치고 응원도 해줘서 힘도 많이 났어!	N	2022-07-13 17:16:11	2022-11-08 04:20:16
BE22008683	10	1	주위 사람들에게 인정받을 때 그 기분은 말로 형용 못할 정도로 좋지! 드론만큼 너의 기분도 하늘 높이 날았겠는걸?	N	2022-07-13 17:16:11	2022-11-08 04:20:16
BE22008683	11	0	맞아 형! 나의 기분은 사실 드론보다 높이 날았어! 드론을 성공적으로 날렸을 때의 그 쾌감을 나는 아직도 잊지 못해! 아직도 실감이 나질 않아.	N	2022-07-13 17:16:11	2022-11-08 04:20:16
BE22008683	12	1	형은 네가 너무 자랑스러워. 네가 느낀 그 쾌감을 항상 가슴속에 새기길 바라. 앞으로 네가 어떤 일을 하든 그 쾌감은 너의 삶의 원동력이 될 테니까!	N	2022-07-13 17:16:11	2022-11-08 04:20:16
BE22008683	13	0	응! 오늘 느낀 내 감정을 꼭 가슴에 새길 거야! 항상 이쁜 말을 해줘서 고마워! 형과 연락할 때면 언제나 좋은 기운을 받아서 기분이 좋아.	N	2022-07-13 17:16:11	2022-11-08 04:20:16
BE22008683	14	1	그렇게 말해주니 형도 기분이 좋다! 언제든 너에게 큰 힘이 되어줄게. 또 연락해 사랑하는 동생!	N	2022-07-13 17:16:11	2022-11-08 04:20:16
BE22008683	15	0	고마워 형! 나도 사랑해!	Y	2022-07-13 17:16:11	2022-11-08 04:20:16
