id	utterance_id	utterance_type	utterance_text	terminate	regDate	updDate
BE22012266	1	0	집 앞 나무가 죽어서 베어냈더니 집안이 다 훤해졌어. 속이 다 시원해!	N	2022-07-28 11:30:36	2022-11-08 04:43:09
BE22012266	2	1	나무 벤다고 한 지가 1년은 된 것 같은데 결국 베어냈구나. 정말 사이다 한 사발 들이켠 것처럼 시원하겠다.	N	2022-07-28 11:30:36	2022-11-08 04:43:09
BE22012266	3	0	나무 한 그루 베어냈는데, 집이 몇 배는 넓어진 것 같아. 나무가 그렇게까지 컸나 싶네.	N	2022-07-28 11:30:36	2022-11-08 04:43:09
BE22012266	4	1	그럼. 나무 하나가 얼마나 공간을 많이 차지하는데. 나도 너희 집에 갔을 때 가슴이 턱 막히는 기분이 들 때가 있었어. 바로 집 앞 나무를 베어냈으니 집도 넓어 보이고 경관도 살아 네 답답한 마음도 뻥 뚫렸겠어.	N	2022-07-28 11:30:36	2022-11-08 04:43:09
BE22012266	5	0	응. 나만 답답한 느낌을 가진 게 아니었구나! 나무를 베고 나니 거짓말처럼 마음이 한결 가벼워.	N	2022-07-28 11:30:36	2022-11-08 04:43:09
BE22012266	6	1	이제 마음이 편해졌다니 정말 잘됐다. 아주 묵은 체증이 쑥 내려간 느낌이겠구나! 죽은 나무라 답답했을 텐데, 그동안 집 앞에 두고 본 것이 용하지.	N	2022-07-28 11:30:36	2022-11-08 04:43:09
BE22012266	7	0	저렇게 죽을 걸 알았으면 진작에 베어냈지. 집 앞도 확 트이고 집안도 환해지니까 날아갈 것처럼 기분이 좋은걸.	N	2022-07-28 11:30:36	2022-11-08 04:43:09
BE22012266	8	1	그럼. 눈앞이 뻥 뚫려야 마음도 편하고 기분도 좋아지는 것 아니겠어? 원래 풍수에서도 죽은 나무가 있는 건 집안에 안 좋은 기운이 머무는 거라고 했어. 네 마음에도 그런 생각이 왜 없었겠니?	N	2022-07-28 11:30:36	2022-11-08 04:43:09
BE22012266	9	0	언니는 정말 내 맘을 잘 알아. 애들 아빠가 머뭇거려진다고 할 때도 나는 베어내고 싶었거든. 앞이 나무로 막혀있으니 집안일이 잘 안 풀리는 같아서 항상 꺼림칙했어.	N	2022-07-28 11:30:36	2022-11-08 04:43:09
BE22012266	10	1	그런 맘이 드는데도 혹시 살아있는 건 아닐까 해서 오랫동안 지켜본 거구나. 나 같으면 진작에 베어냈을 텐데 네 맘은 언제나 참 따뜻해. 그 덕분에 난 해마다 가을이면 감을 맛있게 먹었었지만.	N	2022-07-28 11:30:36	2022-11-08 04:43:09
BE22012266	11	0	감이 열리면 정말 이쁘긴 했어. 감도 참 맛있었는데. 좀 아쉽긴 하지만 그래도 난 집안이 환한 것이 더 좋아.	N	2022-07-28 11:30:36	2022-11-08 04:43:09
BE22012266	12	1	네 말이 백번 맞지! 감 맛도 좋았고 풍경도 아름다웠지만 집안이 환한 것에 비하면 아무것도 아니지. 내 생각에도 집은 뭐니 뭐니 해도 환한 게 가장 좋더라.	N	2022-07-28 11:30:36	2022-11-08 04:43:09
BE22012266	13	0	맞아. 집 앞의 죽은 나무를 베어내니까 그동안 어두침침하게만 느껴졌던 집안이 아주 대낮처럼 환해졌어. 집안이 환해지니까 내 마음도 밝아지고 앞으로 뭐든지 잘 될 것 같은 느낌이 들어.	N	2022-07-28 11:30:36	2022-11-08 04:43:09
BE22012266	14	1	그럼. 내 느낌처럼 되고말고. 네 마음이 밝아졌다니 나도 마치 춤이라도 출 듯이 기쁘구나. 앞으론 집안이 환하게 들이친 빛처럼 너에게도 좋은 일만 생길 거야.	N	2022-07-28 11:30:36	2022-11-08 04:43:09
BE22012266	15	0	언니와 이야기를 나누다 보니 참 잘한 것 같아. 내 마음이 새털처럼 가벼워졌어.	Y	2022-07-28 11:30:36	2022-11-08 04:43:09
