id	utterance_id	utterance_type	utterance_text	terminate	regDate	updDate
BE22021251	1	0	언니! 나 두 달에 걸친 치과 치료가 끝나서 얼마나 기쁜지 몰라.	N	2022-09-24 07:49:13	2022-09-24 07:49:13
BE22021251	2	1	드디어 긴 두 달이 지나갔구나. 그동안 치료받느라 고생했어.	N	2022-09-24 07:49:13	2022-09-24 07:49:13
BE22021251	3	0	아니야. 처음 치과에 갔을 때 견적이 많이 나와서 걱정했었잖아. 그때 언니가 걱정 말라며 비용을 내줘서 이렇게 치료를 다 받을 수 있었어. 정말 고마워.	N	2022-09-24 07:49:13	2022-09-24 07:49:13
BE22021251	4	1	그렇게 말해주니 쑥스럽네. 요즘 아빠 엄마 가게가 잘 안되어서 걱정이 많으신데 내가 조금이라도 도울 수 있어 다행이야.	N	2022-09-24 07:49:13	2022-11-08 05:41:31
BE22021251	5	0	응. 그래서 사실 몇 주간 부모님께는 치과 비용을 말씀드리기가 죄송스러워서 아무 말도 못 했었어.	N	2022-09-24 07:49:13	2022-09-24 07:49:13
BE22021251	6	1	그러게. 부모님이 힘드신 걸 나보다 더 가까이서 봐왔으니 네가 마음고생이 많았겠다. 혼자 몇 주 동안 고민했을 생각을 하니 짠하기도 하고 말이야.	N	2022-09-24 07:49:13	2022-11-08 05:41:31
BE22021251	7	0	응, 사실 언니가 먼저 나한테 말해주지 않았으면 치료를 포기했을 거야.	N	2022-09-24 07:49:13	2022-09-24 07:49:13
BE22021251	8	1	앞으로도 이런 일이 있으면 언제든 도와줄 수 있으니 나한테 먼저 얘기해 줘.	N	2022-09-24 07:49:13	2022-11-08 05:41:31
BE22021251	9	0	고마워 언니. 어찌 되었든 이제는 더 이상 치과에 가지 않아도 된다니 가만히 있다가도 웃음이 나온다.	N	2022-09-24 07:49:13	2022-09-24 07:49:13
BE22021251	10	1	네가 치과 가기를 얼마나 무서워하는지 아니까 그렇게 신나 하는 게 이해돼. 그리고 더 이상 아프지는 않은 거지?	N	2022-09-24 07:49:13	2022-09-24 07:49:13
BE22021251	11	0	응. 의사선생님이 보더니 치료한 곳도 모두 잘 아물었다고 해. 이럴 줄 알았으면 미루지 말고 진작 갈 걸 그랬나 봐.	N	2022-09-24 07:49:13	2022-11-08 05:41:31
BE22021251	12	1	아니야. 네 말대로 치과는 더 이상 버티기 어려울 만큼 아파야 가게 되는 곳인 것 같아. 나도 이 치료는 미루지 말아야지 하면서도 무서워서 잘 안 가지게 되더라.	N	2022-09-24 07:49:13	2022-11-08 05:41:31
BE22021251	13	0	그렇지? 이제 치과의 그 무서운 장비들 소리를 듣지 않아도 되니 기뻐.	N	2022-09-24 07:49:13	2022-09-24 07:49:13
BE22021251	14	1	그러게. 이젠 이 관리를 잘해서 그 소리를 다시 들을 일이 없었으면 좋겠네.	N	2022-09-24 07:49:13	2022-09-24 07:49:13
BE22021251	15	0	응. 언니 말대로 이제는 누구보다도 치아 관리를 열심히 할 거야.	Y	2022-09-24 07:49:13	2022-11-08 05:41:31
