id	utterance_id	utterance_type	utterance_text	terminate	regDate	updDate
BE22016700	1	0	누나, 우리도 이제 나이가 들었는지 아내가 주기적으로 영양제를 챙겨주네. 나이 드는 게 씁쓸하긴 하지만 이렇게 옆에 좋은 동반자가 있다는 게 참 좋은 것 같아. 내가 그만큼 좋은 배우자를 만난 것 같아서 정말 기쁘고, 행운인 것 같아.	N	2022-08-31 05:35:40	2022-11-08 05:10:56
BE22016700	2	1	네가 얼마나 기쁘고 행복할지, 듣기만 해도 미소가 지어진다. 넌 결혼해서 부인이랑 여전히 알콩달콩 잘 사는 것 같아서 참 보기가 좋네. 예전에 뵌 것 같은데, 네 아내도 정말 좋은 사람 같더라.	N	2022-08-31 05:35:40	2022-11-08 05:10:56
BE22016700	3	0	응 맞아, 누나 사람 볼 줄 아는구나? 대학 다닐 때 같은 과에서 만났다가 지금까지 같이 살고 있는데, 세월이 흘러도 여전히 사랑스러워. 어떻게 이런 사람이 나에게 왔는지, 이렇게 소소하게 챙겨줄 때 너무 행복하고 기쁜 감정이 마구 올라와.	N	2022-08-31 05:35:40	2022-11-08 05:10:56
BE22016700	4	1	소소한 부분에서 이런 행복감을 느껴서 정말 부럽다. 예전에 결혼식 때도 느꼈지만 둘이 너무 보기 좋아.	N	2022-08-31 05:35:40	2022-11-08 05:10:56
BE22016700	5	0	하하, 그렇게 말해줘서 고마워. 그냥 문득 오늘 아침에 아내가 일주일 치 영양제를 통에 담아서 가방에 넣어주는데 그 모습이 사랑스럽더라고. 아직도 내가 이렇게 사랑받는구나 싶고, 이 사람이 내 아내라는 게 너무 행복해서 꽉 안아줬지 뭐야.	N	2022-08-31 05:35:40	2022-11-08 05:10:56
BE22016700	6	1	와, 네 말만 들어도 행복하고 기쁜 감정이 여기까지 전달되는 것 같네. 너도 아침부터 정말 기분 좋았겠다, 챙겨주는 아내 모습을 보면 계속 사랑에 빠질 것 같아. 너무 부럽잖아?	N	2022-08-31 05:35:40	2022-11-08 05:10:56
BE22016700	7	0	돌이켜보면 나 아무것도 가진 거 없을 때 만나서 고생도 많이 했는데, 정말 고맙지, 우리 아내에게. 지금은 내가 경제적으로 여유로워서 뭐든 해줄 수 있어서 참 기쁘고 행복한 것 같아.	N	2022-08-31 05:35:40	2022-11-08 05:10:56
BE22016700	8	1	그러네. 너랑 힘든 시간부터 지금까지 잘 견뎌오신 게 너무 멋지고 대단하신 것 같다. 그리고 여전히 널 사랑하시는 모습이 참으로 따뜻하신 것 같아.	N	2022-08-31 05:35:40	2022-11-08 05:10:56
BE22016700	9	0	맞아, 옛날 일 생각하면서 가끔 같이 눈물짓곤 하지만 지금은 누구보다 행복하게 살고 있으니까 좋아. 가끔 이렇게 소소한 행복에 서로 미소 지으며 기쁨을 나누는 시간도 소중하고 말이야.	N	2022-08-31 05:35:40	2022-11-08 05:10:56
BE22016700	10	1	그러게, 그래도 그 시절부터 네가 지극정성이었고 네 아내도 네 가능성을 믿은 것 같아. 이렇게 보면 둘이 천생연분이고 서로에 대한 믿음이 정말 멋있어. 나도 결혼은 안 했지만, 너희 부부를 보면 결혼하고 싶어질 만큼 아름다운 한 쌍이야.	N	2022-08-31 05:35:40	2022-11-08 05:10:56
BE22016700	11	0	부부로서 칭찬을 받는 게 이렇게 뿌듯한 일이구나. 특히나 날 오래 지켜봤던 누나가 이런 이야기를 해주니까 정말 고맙다.	N	2022-08-31 05:35:40	2022-11-08 05:10:56
BE22016700	12	1	정말 내가 느낀 그대로를 말해준 것뿐이야. 지금처럼 영원히 행복하길 바랄게. 조금 질투도 나지만, 언제나 너희 부부를 보면 마음이 따뜻해지거든.	N	2022-08-31 05:35:40	2022-11-08 05:10:56
BE22016700	13	0	정말 고마워. 누나에게도 좋은 인연이 나타나길 내가 항상 기도할게.	N	2022-08-31 05:35:40	2022-08-31 05:35:40
BE22016700	14	1	너무 늦은 것 같긴 하지만 나도 기다려봐야지! 그럼 다음에 또 연락해!	Y	2022-08-31 05:35:40	2022-11-08 05:10:57
