id	utterance_id	utterance_type	utterance_text	terminate	regDate	updDate
BE22021996	1	0	동생아 요즘 나는 너무나 신이 나는 일이 있어. 아내 몰래 댄스 학원을 등록 했어. 춤출 생각에 하루 온종일 기쁨이 넘쳐난다.	N	2022-09-27 08:29:53	2022-11-08 05:45:53
BE22021996	2	1	형에게 그런 배짱이 있었어. 형수에게 의논도 하지 않고 등록부터 하다니 대단해. 근데 간만에 형 목소리에 기쁨이 넘쳐나니 듣기 좋다.	N	2022-09-27 08:29:53	2022-11-08 05:45:53
BE22021996	3	0	대학 다닐 때 댄스 동아리에 가입했다가 엄마에게 들켜 제대로 배워보지도 못했었잖아. 그때는 내가 양보를 했지만 이번엔 형수에게 들켜도 계속 다닐 거야. 내 인생에 이런 기회가 또 오겠어 너무 설레 일도 손에 안 잡힐 정도로 좋고 신나.	N	2022-09-27 08:29:53	2022-11-08 05:45:53
BE22021996	4	1	이번엔 마음을 단단히 먹었구나 형. 큰아들이라고 집에서 거는 기대가 커 하고 싶은 것도 못하고 공부만 했었던 기억이 난다. 소싯적 꿈을 지금이라도 이루려는 형의 용기에 찬사를 보내.	N	2022-09-27 08:29:53	2022-11-08 05:45:53
BE22021996	5	0	나 지금 정말 기쁘다 못해 신이 나 미소가 얼굴에서 떠나지 않는다. 누구에게도 말 못했던 댄서의 꿈 중년의 취미로 인생 후반부 재미나게 살아 보련다. 주책이라 생각하지 말고 너라도 나를 응원해주고 지지해 주길 바라.	N	2022-09-27 08:29:53	2022-11-08 05:45:53
BE22021996	6	1	물론 형이 이렇게 기뻐하고 신나 하는 목소리를 들으니 내가 더 기쁘고 행복 해. 가부장적인 집안에서 부모님 말씀에 순종하며 큰아들 역할을 해 온 형이 늘 안타깝고 안쓰러웠어. 이제야 형을 위한 인생을 사는 것 같아 진심으로 환영하고 응원해.	N	2022-09-27 08:29:53	2022-11-08 05:45:53
BE22021996	7	0	그랬지 큰 자식이 잘돼야 동생들이 본받아 따라간다는 말에 항상 주눅이 들어있긴 했어. 아버지가 또 얼마나 무서웠니 감히 반기를 들 수도 없었던 시절이잖아. 그 시절을 후회하는 건 아닌데 내가 하고 싶은 춤을 춘다는 게 꿈 같아.	N	2022-09-27 08:29:53	2022-11-08 05:45:53
BE22021996	8	1	내가 만약 동생이 아니고 형이였다면 부모님 기대에 못 미쳤을 거야. 남을 위한 삶도 좋지만 이제는 형의 인생을 살 길 진심으로 바라. 꿈을 꾸기에 늦었다고 생각 말고 열심히 배웠으면 좋겠어.	N	2022-09-27 08:29:53	2022-11-08 05:45:53
BE22021996	9	0	근데 동생아 부모님처럼 형수가 싫어하면 어떡하니? 살짝 그 걱정이 되기는 해. 꿈꾸던 일인데 자칫 춤바람 났다고 오해 할까 봐 심장이 두근거린다.	N	2022-09-27 08:29:53	2022-11-08 05:45:53
BE22021996	10	1	형수가 형 댄스 학원 등록했다고 쫓아 내진 않을 거야. 이렇게 좋아하는 남편을 보면 되려 응원해 줄 거라 믿어. 가장으로 열심히 살아왔고 누구보다 형을 사랑하는 사람이 형수님인데 십분 이해 할 거야.	N	2022-09-27 08:29:53	2022-11-08 05:45:53
BE22021996	11	0	그럴까? 동생이 나의 든든한 뒷배가 되어주니 아내도 두렵지 않은 걸. 못다 이룬 어릴 적 꿈 나 시작해도 되겠지. 아직 시작도 안했는 데도 생각 자체로 기쁨을 감출 수가 없구나.	N	2022-09-27 08:29:53	2022-11-08 05:45:53
BE22021996	12	1	진심으로 형이 좋아하니 내가 더 기쁘고 신이 나. 부모님, 가족 눈치 보지 말고 열심히 배워 봐. 아이돌 그룹도 울고 갈 실력으로 깜짝 놀래 켜 주길 바라.	N	2022-09-27 08:29:53	2022-11-08 05:45:53
BE22021996	13	0	너의 놀림도 기쁘고 좋다. 이번 생에는 절대 못 이룰 꿈이라고 생각했는데 내게 이런 용기가 있었다니 감격스럽다. 하늘을 날아 보라고 하면 날 수 있을 것은 심정이야.	N	2022-09-27 08:29:53	2022-09-27 08:29:53
BE22021996	14	1	정말 잘했어 형. 동생이 돼 형이 댄서의 꿈을 갖고 있는 줄도 몰랐던 무심함에 미안하기 그지없어. 형의 즐거운 인생에 다시 한번 찬사를 보내고 본인의 모습을 찾아 줘서 고마워.	N	2022-09-27 08:29:53	2022-09-27 08:29:53
BE22021996	15	0	우리 동생 많이 컸구나 든든하게 형을 지켜 줄 줄도 알고. 만약 형수가 야단치면 네가 커버 해 주는 거로 하고. 나는 오늘부터 댄스 학원에서 춤추며 인생을 즐기마.	Y	2022-09-27 08:29:53	2022-09-27 08:29:53
