id	utterance_id	utterance_type	utterance_text	terminate	regDate	updDate
BE22013098	1	0	언니, 나 오늘 무척 기쁜 일이 있어. 가장 친한 친구가 늘 독신을 고집했는데, 결혼한다는 연락을 갑자기 해 왔거든. 예상치 못한 소식이라 정말 기뻐.	N	2022-08-04 01:01:59	2022-11-08 04:48:22
BE22013098	2	1	와, 전혀 기대하지도 않은 소식이라 정말 기분 좋았겠다. 나도 그 친구 소식을 들으니 마음이 흐뭇한걸.	N	2022-08-04 01:01:59	2022-11-08 04:48:22
BE22013098	3	0	그 친구가 드디어 배우자를 찾았다고 하니 마치 내 일처럼 신이 나. 다음 달에 결혼한다니 그날이 손꼽아 기다려져.	N	2022-08-04 01:01:59	2022-11-08 04:48:22
BE22013098	4	1	평생 혼자 살 줄 알았던 친구가 웨딩드레스를 입는다니! 정말 상상만 해도 즐거운 일인걸. 나도 입가에 미소가 저절로 떠오르네.	N	2022-08-04 01:01:59	2022-11-08 04:48:22
BE22013098	5	0	제일 친한 친구가 결혼한다고 하니 정말 마음이 뭉클해. 결혼해서 행복하게 잘 살 모습 생각하면 내 가슴이 설레.	N	2022-08-04 01:01:59	2022-11-08 04:48:22
BE22013098	6	1	네가 대학 시절부터 정말 친했던 친구잖아. 우리 집에 자주 놀러 오기도 하고. 내 동생의 제일 소중한 친구가 마침내 운명의 짝을 찾았다니, 나도 기뻐서 마음이 뭉클한걸.	N	2022-08-04 01:01:59	2022-11-08 04:48:22
BE22013098	7	0	결혼 선물을 뭘 할지 생각만 해도 가슴이 두근거려. 친한 친구가 결혼한다니 마치 내가 신부가 된 것 같은 기분이 들기도 하고, 하하.	N	2022-08-04 01:01:59	2022-11-08 04:48:22
BE22013098	8	1	나도 작년에 내 친구의 결혼 선물을 준비하느라 한 달 내내 설렜던 기억이 나. 드디어 그 친구를 위한 선물을 찾으면, 하늘을 날 것 같은 기분일 거야.	N	2022-08-04 01:01:59	2022-11-08 04:48:22
BE22013098	9	0	난 그 친구가 평생 독신으로 살 거라 생각했거든. 그런데 이런 깜짝 소식을 들은 게 아직도 꿈만 같아서 믿기지 않아.	N	2022-08-04 01:01:59	2022-11-08 04:48:22
BE22013098	10	1	맞아, 넌 그 친구가 늘 올곧은 성품을 가졌다고 칭찬하곤 했었어. 좋은 사람을 만났으면 좋겠다고도 자주 말했고 말이야.	N	2022-08-04 01:01:59	2022-11-08 04:48:22
BE22013098	11	0	제일 친한 친구여서 나도 결혼 준비하는 거 많이 도와주고 싶어. 언니, 내가 기쁜 마음으로 곁에서 잘 도와줄 수 있을까?	N	2022-08-04 01:01:59	2022-11-08 04:48:22
BE22013098	12	1	물론이지. 넌 누구보다도 배려심이 많은 친구잖아. 먼저 결혼도 했으니 곁에서 이것저것 잘 도와줄 거라 믿어. 그 친구도 너를 무척 고맙게 여길 거야.	N	2022-08-04 01:01:59	2022-11-08 04:48:22
BE22013098	13	0	그런가? 언니 칭찬 들으니 정말 기분 좋다. 옆에서 결혼 준비를 도와줄 생각만 해도 설렘 폭발이야. 결혼은 일생일대의 이벤트이잖아.	N	2022-08-04 01:01:59	2022-11-08 04:48:22
BE22013098	14	1	그럼, 그 중요한 행사를 친구가 도와주면 정말 든든하고 믿음이 갈 거야.	N	2022-08-04 01:01:59	2022-11-08 04:48:22
BE22013098	15	0	그래, 내가 성심껏 도와줘야겠어. 오늘 언니와 이야기하다 보니 기쁨이 두 배가 된 것 같아. 정말 고마워, 언니.	Y	2022-08-04 01:01:59	2022-11-08 04:48:23
