id	utterance_id	utterance_type	utterance_text	terminate	regDate	updDate
BE22017670	1	0	형, 나 지금 출장으로 먼 곳에 와있는데 이제야 겨우 일정이 끝났어. 지금 따뜻한 물에 몸을 담그고 있으니까 정말 나른해지면서 하루의 피로가 싹 풀리는 느낌이야. 이 고요한 시간에 따뜻한 온도가 주는 평화로움이라니, 정말 기분이 정말 좋아져서 형한테 문자 보내봤어.	N	2022-09-11 01:18:52	2022-11-08 05:16:49
BE22017670	2	1	네 문자에서도 충분히 기분 좋은 마무리가 된 게 느껴져. 즐겁게 지내고 있다니 다행인걸?	N	2022-09-11 01:18:52	2022-11-08 05:16:49
BE22017670	3	0	사실 오늘 정말 고된 스케줄이었는데 돌아오는 길에 상점에서 샀던 입욕제가 이렇게 도움이 되네. 근육이 이완되는 기분이 너무나 포근해서 긴장이 풀리니까 입꼬리가 올라가며 미소가 저절로 지어져.	N	2022-09-11 01:18:52	2022-09-11 01:18:52
BE22017670	4	1	맞아, 정말 온몸이 얻어맞은 거처럼 피곤할 때 따뜻한 물에 몸을 녹이면 좋지. 나도 반신욕을 하면, 긴장했던 몸과 마음이 스르륵 풀리면서 때로는 감탄사마저 절로 나왔던 것 같아. 그래서 눈도 저절로 감기고 입꼬리는 올라가는 게 정말 평화롭고 기쁘다는 걸 알아.	N	2022-09-11 01:18:52	2022-09-11 01:18:52
BE22017670	5	0	이 순간엔 행복이 별거인가, 이렇게 주어지는 꿀 같은 휴식이 행복이지 싶을 만큼 황홀해. 별거 아니라고 생각했는데 반신욕을 하며 보내는 이 시간이 너무 행복해서 생기가 넘치는 기분인 거 있지?	N	2022-09-11 01:18:52	2022-11-08 05:16:49
BE22017670	6	1	타지로 가야 하는 출장에 네가 고되지 않을까 걱정했는데 다행이야. 네가 그렇게 극찬할 정도로 반신욕이 도움이 됐다니 형 마음도 정말 흐뭇하다. 방전된 에너지가 다시 올라오는 것 같은 기분인 거지?	N	2022-09-11 01:18:52	2022-11-08 05:16:49
BE22017670	7	0	지쳐서 의미 없이 흘려보낼 수 있는 시간이 오히려 평온함으로 찾아온 거 같아 마음에 들어. 나른해지는 기분이 오늘 내 하루의 쉼표가 찍어주는 느낌이야. 쉼과 멈춤이 주는 이 시간이 소소하지만 너무나 소중해서 정말 마음에 딱 들어.	N	2022-09-11 01:18:52	2022-09-11 01:18:52
BE22017670	8	1	맞아, 가끔 자각조차 못 했던 것들이 생각지도 못한 새로운 감정을 줄 때가 있었어. 특히나 그게 긍정적인 부분일 때는 나도 모르는 새에 크나큰 감동을 하고 있더라고. 그런 걸 알아차릴 때면 나도 지금의 너처럼 참 만족스러웠던 듯해.	N	2022-09-11 01:18:52	2022-11-08 05:16:49
BE22017670	9	0	앞으로 달리는 것도 중요하지만 때로는 잠시 멈추고 스스로 보듬는 시간도 중요한 것 같아. 아무도 몰랐을 거야. 미처 알아차리지 못한 흘려보낸 시간도 나를 위해 쓴다면, 이렇게 감동할 수 있다는걸.	N	2022-09-11 01:18:52	2022-11-08 05:16:49
BE22017670	10	1	스스로에 대한 관심을 잃어가는 게 쉬운 상황에서 이런 네 모습은 정말 대단하고 멋져 보이는구나. 직진만이 가득한 세상에서 잠시 멈출 수 있는 여유가 주는 따뜻함을 네가 보여주네. 나를 위해 쓰는 시간의 소중함을 아는 네가 만들어 가는 삶은 얼마나 다채로울까?	N	2022-09-11 01:18:52	2022-11-08 05:16:49
BE22017670	11	0	사실 처음 출장 계획을 접했을 때는 아무런 생각조차 하고 싶지 않았어. 빨리 마치자는 생각으로 기계처럼 움직여야겠다고 생각했었는데 그러지 않기를 잘한 것 같아. 많은 시간이 걸리는 것도 아닌 소소한 순간이 고된 하루 전체를 품어주며 이렇게 활기를 주네.	N	2022-09-11 01:18:52	2022-11-08 05:16:49
BE22017670	12	1	네가 정말 만족스럽고 기분 좋은 시간을 보낸 것 같아서 내 기분도 덩달아 신이 나. 생각지도 못한 순간에 한 찰나의 결심이 좋은 영향을 준다면 그때의 짜릿함은 잊을 수가 없지. 네가 내일을 위한 활력을 다시 끌어올려 행복한 기분에 쌓여있는 것도 당연해.	N	2022-09-11 01:18:52	2022-11-08 05:16:49
BE22017670	13	0	정말 반신욕을 하겠단 마음을 먹었던 건 신의 한 수였던 것 같아. 지쳐있던 몸과 마음의 하루가 온전히 보상받는 기분이라 마음이 꽉 찬 듯 너무 흡족해. 개운함으로 하루를 마치게 됐다는 게 얼마나 축복받은 일인지, 나른함이 느껴지는 게 정말 좋아.	N	2022-09-11 01:18:52	2022-09-11 01:18:52
BE22017670	14	1	네가 이 순간을 마음에 들어 하고 잘한 선택이라 생각한다니 나도 너무나 좋아. 힘을 낼 수 있는 순간을 맞이했다는 게 정말 축복이 맞는 거 같아. 이렇게 네게 만족스러운 순간을 알아가는 과정이 쌓이는 것도 참 좋은 경험인 것 같아.	Y	2022-09-11 01:18:52	2022-11-08 05:16:49
