id	utterance_id	utterance_type	utterance_text	terminate	regDate	updDate
BE22001964	1	0	오빠! 오늘 싱크대 청소했어?	N	2022-06-17 14:25:26	2022-11-08 03:37:06
BE22001964	2	1	응. 간만에 시간이 있길래 내가 청소했지.	N	2022-06-17 14:25:26	2022-11-08 03:37:06
BE22001964	3	0	이번 주 지나면 시간이 나니까 같이하자니까. 힘들게 혼자 청소를 다 했어?	N	2022-06-17 14:25:26	2022-11-08 03:37:06
BE22001964	4	1	시간 남는 사람이 하면 되는 거지 뭘. 그리고 내가 너보다 집에 있는 시간이 많으니까 그냥 했어.	N	2022-06-17 14:25:26	2022-11-08 03:37:06
BE22001964	5	0	그래도 오랫동안 미뤄둬서 묵은 때가 엄청나게 많았을 텐데. 많이 힘들었겠다.	N	2022-06-17 14:25:26	2022-11-08 03:37:06
BE22001964	6	1	아냐 그렇게 많이 힘들지 않았어. 그리고 높은 곳이라 내가 조금 더 쉽게 접근할 수 있었잖아. 그러니까 너무 마음 쓰지 않아도 돼.	N	2022-06-17 14:25:26	2022-11-08 03:37:06
BE22001964	7	0	그런 줄도 모르고 난 매일 바쁜데 도와주지도 않는다고 투정만 부렸네.	N	2022-06-17 14:25:26	2022-11-08 03:37:06
BE22001964	8	1	동생이 오빠에게 투정 부리는 게 무슨 큰일이라고 괜찮아.	N	2022-06-17 14:25:26	2022-11-08 03:37:06
BE22001964	9	0	이렇게 나를 생각해주다니 감동이야.	N	2022-06-17 14:25:26	2022-11-08 03:37:06
BE22001964	10	1	뭘 이 정도로 감동하고 그래 너도 항상 나를 위해 많은 것을 해주고 있는걸.	N	2022-06-17 14:25:26	2022-11-08 03:37:06
BE22001964	11	0	그렇게 말해주니 괜히 쑥스럽네. 나는 크게 해주는 일도 없는 것 같은데.	N	2022-06-17 14:25:26	2022-11-08 03:37:06
BE22001964	12	1	네가 잘 모르겠지만 그냥 옆에 있어 주는 것만으로도 내게 힘이 되어주고 있는걸.	N	2022-06-17 14:25:26	2022-11-08 03:37:06
BE22001964	13	0	나를 그렇게 생각해주고 있었단 것을 몰랐어.	N	2022-06-17 14:25:26	2022-11-08 03:37:06
BE22001964	14	1	요즘 많이 힘들어하는 것 같아서 걱정 많이 했는데 사소한 것으로 기뻐해 주니 오히려 내가 더 기쁘다.	N	2022-06-17 14:25:26	2022-11-08 03:37:06
BE22001964	15	0	역시 우리 오빠 최고야! 앞으로 내가 더 잘할게.	N	2022-06-17 14:25:26	2022-11-08 03:37:06
BE22001964	16	1	지금도 충분히 잘해주고 있단다. 내 동생.	N	2022-06-17 14:25:26	2022-11-08 03:37:06
BE22001964	17	0	그렇게 얘기해줘서 고마워.	Y	2022-06-17 14:25:26	2022-11-08 03:37:06
