id	utterance_id	utterance_type	utterance_text	terminate	regDate	updDate
BE22019147	1	0	언니 잘 지내지? 나 요즘 너무 마음 기쁜 일이 있어.	N	2022-09-20 14:58:18	2022-09-20 14:58:18
BE22019147	2	1	동생아 오랜만이다. 기쁜 일이라니 벌써부터 궁금해지는구나. 편하게 얘기해줘.	N	2022-09-20 14:58:18	2022-09-20 14:58:18
BE22019147	3	0	내가 등산을 좋아했는데 그동안은 아이들 키우느라 늘 오르려는 마음만 가지고 있었어. 그런데 이제 아이들도 독립하고 해서 산을 올라보니 기분이 너무 좋은 거 있지. 한국 100대 명산을 오르는 게 목표인데 생각만 해도 마음이 기뻐.	N	2022-09-20 14:58:18	2022-11-08 05:33:28
BE22019147	4	1	오랫동안 꿈꿔왔던 일을 실행으로 옮기게 되어 너무 행복할 것 같아. 나도 아이들이 크고 여행을 다니는데 몰랐던 행복을 느끼고 있어. 그래서 네 마음이 너무나 잘 이해돼.	N	2022-09-20 14:58:18	2022-11-08 05:33:28
BE22019147	5	0	이제 막 새로운 목표에 도전하기엔 너무 늦었나 싶기도 했어. 그런데 막상 도전해보니까 너무 기쁘고 신이 나는 거 있지.	N	2022-09-20 14:58:18	2022-09-20 14:58:18
BE22019147	6	1	누군가는 늦었다고 포기할 수도 있었을텐데. 끝까지 포기하지 않고 도전해서 기쁨을 누리는 너를 진심으로 칭찬해주고 싶어.	N	2022-09-20 14:58:18	2022-09-20 14:58:18
BE22019147	7	0	첫 산을 올랐는데 그동안 아이들 키우며 하고 싶은 것도 못 하고 고생했던 보람이 느껴져. 이제야 누리는 기쁨이지만, 지금이라도 알게 되어 너무 좋아.	N	2022-09-20 14:58:18	2022-11-08 05:33:29
BE22019147	8	1	애들 키우는 일이 정말 힘들지. 그렇게 수고했으면 하고 싶은 목표도 하면서 충분히 기쁨도 누릴 수 있다고 생각해. 내가 네 상황이었어도 뿌듯하고 무척이나 기쁜 마음이었을거야.	N	2022-09-20 14:58:18	2022-11-08 05:33:29
BE22019147	9	0	아이들 떠나고 며칠은 마음이 허전하기도 하고, 이제는 뭘 해야 하나 싶기도 했어. 그런데 등산을 하다 보면 마음도 맑아지는 것 같고, 몸도 건강해져서 기분이 참 좋아.	N	2022-09-20 14:58:18	2022-11-08 05:33:29
BE22019147	10	1	애들이 독립하고 허전함을 느껴서 무기력해지는 부모도 많다고 들었어. 그런데 너는 그러는 중에 등산을 통해 잘 극복을 했구나. 역시 지혜로운 내 동생이야, 칭찬을 아낄 수가 없다.	N	2022-09-20 14:58:18	2022-09-20 14:58:18
BE22019147	11	0	그렇게 말해줘서 너무 고마워. 언니. 기분이 좋아서 연락을 했는데 언니랑 대화하다 보니 더 기뻐지는 것 같아.	N	2022-09-20 14:58:18	2022-11-08 05:33:29
BE22019147	12	1	네가 마음이 더 기뻐졌다니 정말 다행이다. 내 아끼는 동생의 좋은 소식인데 진심으로 공감하지 않을 수가 없지. 좋은 소식이라면 언제든지 알려줘도 돼.	N	2022-09-20 14:58:18	2022-09-20 14:58:18
BE22019147	13	0	언니가 내 언니라서 참 좋아. 이런 얘기에 진심으로 공감해주는 언니 덕분에 늘 좋은 얘기를 전하고도 내가 더 기쁘다니까.	N	2022-09-20 14:58:18	2022-09-20 14:58:18
BE22019147	14	1	내가 도움이 되었다니 나도 정말 기분이 좋다. 분명 너라면 목표한 바를 잘 이룰 수 있을거야. 내가 옆에서 늘 응원할게.	N	2022-09-20 14:58:18	2022-11-08 05:33:29
BE22019147	15	0	언니가 옆에서 응원해준다니 정말 든든하다. 그런 만큼 나도 힘내서 더 열심히 등산을 해볼게. 고마워. 언니.	Y	2022-09-20 14:58:18	2022-11-08 05:33:29
