id	utterance_id	utterance_type	utterance_text	terminate	regDate	updDate
BE22005616	1	0	언니 그 소식 들었어? 엄청 기쁜 소식 있던데!	N	2022-07-01 13:38:57	2022-11-08 04:00:34
BE22005616	2	1	응? 무슨 소식인지 아직 몰라!	N	2022-07-01 13:38:57	2022-11-08 04:00:34
BE22005616	3	0	우리 할머니가 가요프로그램을 엄청 좋아하시잖아! 그래서 이번에 가요대회에 나가신대! 진짜 대단하신 할머니야!	N	2022-07-01 13:38:57	2022-11-08 04:00:34
BE22005616	4	1	헐, 정말로? 매일 티비 보면서 노래들 따라 부르시더니! 우리가 우스갯소리로 할머니 대회 나가는 거 아니냐고 했잖아. 대박이다!	N	2022-07-01 13:38:57	2022-11-08 04:00:34
BE22005616	5	0	그치? 우리 할머니가 다른 할머니들에 비해 젊게 사시는 것 같아서 정말 기뻐. 정말 우리랑 오래오래 행복하게 사실 수 있을 것 같아!	N	2022-07-01 13:38:57	2022-11-08 04:00:34
BE22005616	6	1	맞아 정말 신난다! 어릴 때부터 할머니를 많이 따라서 너도 결국 가수가 된 거잖아! 할머니의 모습 정말 너무 기쁘다!	N	2022-07-01 13:38:57	2022-11-08 04:00:34
BE22005616	7	0	맞아! 할머니가 나 키워주시면서 노래도 많이 불러주셨었는데. 그 덕에 노래가 내 삶의 일부가 되었었지.	N	2022-07-01 13:38:57	2022-11-08 04:00:34
BE22005616	8	1	맞아맞아. 할머니도 어릴 때 가수가 되고 싶다고 하셨는데, 결국 네가 가수가 돼서 정말 기뻐하셨었잖아! 이제 드디어 할머니의 꿈을 이루시는 건가! 너의 행복도 느껴지고, 정말 너무너무 행복하다.	N	2022-07-01 13:38:57	2022-11-08 04:00:34
BE22005616	9	0	그래서 어제도 같이 가요 프로그램 보면서 연습했어. 할머니 얼굴에 꽃이 폈더라.	N	2022-07-01 13:38:57	2022-11-08 04:00:34
BE22005616	10	1	하하. 할머니를 보면서 너도 정말 행복했겠다. 이제는 네가 노래를 알려드릴 수 있겠네.	N	2022-07-01 13:38:57	2022-11-08 04:00:34
BE22005616	11	0	그치? 은혜를 이렇게 갚다니 나는 정말 행복해.	N	2022-07-01 13:38:57	2022-11-08 04:00:34
BE22005616	12	1	너의 행복한 감정이 여기까지 완전 잘 느껴지는데! 나도 주말에 가서 할머니 응원해드려야지!	N	2022-07-01 13:38:57	2022-11-08 04:00:34
BE22005616	13	0	맞아 언니도 얼른 와! 그러면 할머니가 더더 좋아하실 거야.	N	2022-07-01 13:38:57	2022-11-08 04:00:34
BE22005616	14	1	하하. 할머니의 호탕한 웃음소리가 여기까지 들리는 기분이야. 너도 할머니랑 잘 지내고 있어!	N	2022-07-01 13:38:57	2022-11-08 04:00:34
BE22005616	15	0	알겠어! 열심히 도와드려서 할머니의 꿈을 이룰 수 있게 해드려야지!	Y	2022-07-01 13:38:57	2022-11-08 04:00:34
