id	utterance_id	utterance_type	utterance_text	terminate	regDate	updDate
BE22001745	1	0	나 오늘 아침에 진짜 행복한 일이 있었어.	N	2022-06-16 14:18:57	2022-11-08 03:35:42
BE22001745	2	1	왜? 무슨 좋은 일이라도 있었어?	N	2022-06-16 14:18:57	2022-11-08 03:35:42
BE22001745	3	0	오늘 꿈에 돌아가신 아빠가 나오셨거든.	N	2022-06-16 14:18:57	2022-11-08 03:35:42
BE22001745	4	1	우와. 너무 좋아서 언니가 눈물 날 정도였겠다.	N	2022-06-16 14:18:57	2022-11-08 03:35:43
BE22001745	5	0	응. 그래서 나도 모르게 오늘 잠에서 깨자마자 허공에 대고 감사하다고 외칠 뻔했어.	N	2022-06-16 14:18:57	2022-11-08 03:35:43
BE22001745	6	1	그동안 아빠가 언니 꿈에만 안 나오셨는데 언니가 기뻐서 까무러치지 왜 안 그랬겠어.	N	2022-06-16 14:18:57	2022-11-08 03:35:43
BE22001745	7	0	그러니까 말이야. 꿈에서 아빠가 나한테 내가 잘하고 있다고 내 어깨를 토닥여주셔서 웃음이 절로 나왔어.	N	2022-06-16 14:18:57	2022-11-08 03:35:43
BE22001745	8	1	우리 언니야 늘 열심히 하는 사람이어서 아빠가 힘 좀더 보태주시고 싶으셨나 보다. 잇몸 마를 지경이었겠네?	N	2022-06-16 14:18:57	2022-11-08 03:35:43
BE22001745	9	0	응. 이상하게 눈물은 안 나오고 꿈에서 그저 아빠랑 깔깔 웃느라 시간 가는 줄 몰랐어.	N	2022-06-16 14:18:57	2022-11-08 03:35:43
BE22001745	10	1	아빠랑 언니가 서로를 생각하는 마음이 편안해져서 꿈에 그렇게 마냥 웃음만 가득했던 게 아닐까 싶어. 다행이다.	N	2022-06-16 14:18:57	2022-11-08 03:35:43
BE22001745	11	0	그러니까. 그동안 아빠 생각하면 힘들었었는데 어떻게 된 일인지 내 마음이 더 이상 아빠를 생각할 때 요동치지 않을 때 찾아와주신 것 같아.	N	2022-06-16 14:18:57	2022-11-08 03:35:43
BE22001745	12	1	너무 좋다, 언니. 앞으로도 지금처럼만 언니 일 열심히 하면서 아빠 떠올릴 때는 환한 미소만 지어봐! 그럼 아빠가 또 꿈에 찾아와주실 것 같아.	N	2022-06-16 14:18:57	2022-11-08 03:35:43
BE22001745	13	0	응. 네 말대로 그렇게 해보면 좋겠다. 벌써 아빠가 나 꿈에 찾아오실 생각 하니 마음이 붕 떠.	N	2022-06-16 14:18:57	2022-11-08 03:35:43
BE22001745	14	1	아빠는 우리가 무엇을 하든 마음을 들여다봐 주셨으니까 꼭 그렇게 될 거야. 그 두근두근하는 마음 잘 간직하고 있어!	N	2022-06-16 14:18:57	2022-11-08 03:35:43
BE22001745	15	0	고마워. 네 덕분에 아빠 만난 꿈이 더더욱 소중해졌어.	Y	2022-06-16 14:18:57	2022-11-08 03:35:43
