id	utterance_id	utterance_type	utterance_text	terminate	regDate	updDate
BE22013663	1	0	언니, 지금 내 마음에는 기쁨이 가득한 것 같아. 지난 주말에 친구 소개로 맹인 안마사에게 지압을 받았는데, 정말 시원했어. 생각할수록 만족감이 파도처럼 밀려와.	N	2022-08-10 00:11:37	2022-08-10 00:11:37
BE22013663	2	1	넌 늘 책상에 앉아서 일하는 작가여서 어깨가 뭉치고 늘 피곤해하잖아. 네가 만족스러운 안마를 받았다니, 언니 입가에도 저절로 미소가 떠오르는걸.	N	2022-08-10 00:11:37	2022-11-08 04:51:52
BE22013663	3	0	한 시간 동안 안마를 받고 나니까 어깨에 날개가 달린 것처럼 개운했어. 너무 기뻐서 하늘을 날 것 같은 기분이었어.	N	2022-08-10 00:11:37	2022-08-10 00:11:37
BE22013663	4	1	언니는 봉으로 어깨만 두드려도 너무 흡족하고 기분이 좋거든. 네가 그렇게 기뻐하는 것도 너무나 당연해.	N	2022-08-10 00:11:37	2022-11-08 04:51:52
BE22013663	5	0	머리부터 발끝까지 긴 시간 동안 온몸에 지압을 받으니, 온몸이 느긋해지는 기분이었어. 피로가 풀리니 새로운 활력까지 샘 솟아서 정말 기뻤어.	N	2022-08-10 00:11:37	2022-11-08 04:51:52
BE22013663	6	1	내 동생이 이렇게 기뻐하는 모습은 처음 보는 것 같아. 네가 즐거워하는 모습을 보니, 언니의 마음에도 아지랑이가 피어오르는 것 같아.	N	2022-08-10 00:11:37	2022-11-08 04:51:52
BE22013663	7	0	친구랑 같이 가서 한결 더 만족스러웠어. 안마받는 동안에도 마음이 편안했고, 마치고 나서 맛있는 것도 함께 먹으며 즐거운 주말을 보냈어.	N	2022-08-10 00:11:37	2022-11-08 04:51:52
BE22013663	8	1	사소한 일에 소소한 행복을 느끼는 네 모습을 보니 참 배울 점이 많다는 생각이 들어. 주말 동안 게으름 피우지 않고 친구와 소중한 시간을 보내는 널 보니, 부러운 마음도 들고.	N	2022-08-10 00:11:37	2022-11-08 04:51:52
BE22013663	9	0	무엇보다 안마사가 우리를 세심하게 배려하는 게 느껴져서 정말 감동이었어. 상대방에게 존중받는 느낌이 들면 정말 마음이 편안해지잖아.	N	2022-08-10 00:11:37	2022-11-08 04:51:52
BE22013663	10	1	넌 항상 상대방을 존중하고 예의를 갖추는 좋은 성격을 갖고 있잖아. 안마사에게도 깍듯하게 예의를 갖추는 네 모습이 눈에 선할 정도야. 그런 모습을 떠올리니 언니도 정말 흐뭇한 마음이 들어.	N	2022-08-10 00:11:37	2022-11-08 04:51:52
BE22013663	11	0	언니에게 폭풍 칭찬을 들으니 정말 기분이 좋은걸. 내 마음의 기쁨이 두 배, 아니 열 배가 된 것처럼 기분이 좋아.	N	2022-08-10 00:11:37	2022-11-08 04:51:53
BE22013663	12	1	네가 그렇게 좋아하는 모습을 보니, 언니도 정말 기분이 좋아. 너와 많은 걸 공유하는 자매로 지낼 수 있어서 행복한 마음도 들고.	N	2022-08-10 00:11:37	2022-11-08 04:51:53
BE22013663	13	0	나도 기쁠 때나 슬플 때나 늘 언니와 이야기하면서 위로와 격려를 받아서 정말 좋아. 늘 언니에게 감사하는 마음뿐이야.	N	2022-08-10 00:11:37	2022-11-08 04:51:53
BE22013663	14	1	나도 내 동생과 함께하면서 내 인생이 더 풍요로워진 것 같아서 정말 만족스러워. 널 볼 때마다 내 마음이 평화로워지는 것 같아.	N	2022-08-10 00:11:37	2022-11-08 04:51:53
BE22013663	15	0	내게 언니가 있는 건 정말 큰 행운이야. 나이가 들수록 더 절실하게 느끼는 것 같아. 앞으로 내가 더 잘할게, 언니.	Y	2022-08-10 00:11:37	2022-11-08 04:51:53
