id	utterance_id	utterance_type	utterance_text	terminate	regDate	updDate
BE22011249	1	0	언니, 나 요즘 만족스러운 나날을 보내고 있어. 남편이 출근하기 전에 영양제도 챙겨주고 정말 잘해 주거든. 결혼하기 정말 잘했다는 생각이 들어서 행복해.	N	2022-07-24 01:47:43	2022-11-08 04:36:41
BE22011249	2	1	내 동생이 요즘 정말 행복한 신혼 생활하고 있나 보다. 동생이 기쁘다니 언니도 마음이 따뜻해지는걸.	N	2022-07-24 01:47:43	2022-11-08 04:36:41
BE22011249	3	0	남편이 나를 세심하게 배려해 줘. 아침에 식사도 거의 남편이 챙겨 줘서, 출근 준비하는 마음이 느긋해.	N	2022-07-24 01:47:43	2022-11-08 04:36:41
BE22011249	4	1	네가 제부와 행복한 결혼 생활하고 있다니, 정말 반가운 소식이네. 언니 입가에도 미소가 저절로 떠올라.	N	2022-07-24 01:47:43	2022-11-08 04:36:41
BE22011249	5	0	식사뿐 아니라 집안일도 정말 많이 도와줘. 내가 항상 배려받고 있다는 생각이 들어서 정말 감사하고 흡족한 마음이 들어.	N	2022-07-24 01:47:43	2022-11-08 04:36:41
BE22011249	6	1	누구에게 그런 사랑과 배려를 받으면 그런 기분이 들지. 언니라도 너와 같은 심정일 거야.	N	2022-07-24 01:47:43	2022-11-08 04:36:41
BE22011249	7	0	요즘은 내 마음에 행복이 가득한 것 같아. 새로 옮긴 회사에도 잘 적응한 것 같고, 무엇보다 남편이 잘해 줘서 정말 고마워.	N	2022-07-24 01:47:43	2022-11-08 04:36:41
BE22011249	8	1	결혼도 하고 회사도 옮겨서 한동안 정신없었을 텐데, 정말 잘됐네. 언니는 네 모습 생각만 해도 왠지 가슴이 뿌듯해지네.	N	2022-07-24 01:47:43	2022-11-08 04:36:41
BE22011249	9	0	결혼 전에는 남편이 좀 무뚝뚝한 줄 알았는데, 막상 결혼하고 보니 정이 많은 것 같아. 좋은 배우자를 만난 것 같아 행운이라 생각해.	N	2022-07-24 01:47:43	2022-11-08 04:36:41
BE22011249	10	1	그래, 네가 좋은 사람이어서 멋진 인연을 만났을 거야. 언니도 하늘을 날 것처럼 기쁘구나.	N	2022-07-24 01:47:43	2022-11-08 04:36:41
BE22011249	11	0	인생을 살면서 이렇게 행복했던 적이 없는 것 같아. 어떨 때는 내가 이렇게 행복해도 되나 싶은 마음도 들어.	N	2022-07-24 01:47:43	2022-11-08 04:36:41
BE22011249	12	1	넌 당연히 그럴 자격이 있어. 넌 항상 남을 배려하고 작은 일에도 진심으로 감사하잖아. 그러니까 그렇게 행복한 삶을 살아가는 거라고 언니는 믿어.	N	2022-07-24 01:47:43	2022-11-08 04:36:41
BE22011249	13	0	언니한테 그런 칭찬을 받으니 정말 기분 좋은걸. 앞으로도 더 남을 배려하고 좋은 일도 많이 해야겠어.	N	2022-07-24 01:47:43	2022-11-08 04:36:41
BE22011249	14	1	넌 내 동생이지만 언니도 가끔 너를 존경해. 사소한 일에 감사하는 네 모습을 보면 감동이 밀려오기도 하고.	N	2022-07-24 01:47:43	2022-11-08 04:36:42
BE22011249	15	0	언니가 칭찬해 주니 구름 위에 붕 뜬 것처럼 기뻐. 늘 나를 격려해 줘서 정말 고마워, 언니.	Y	2022-07-24 01:47:43	2022-11-08 04:36:42
