id	utterance_id	utterance_type	utterance_text	terminate	regDate	updDate
BE22017686	1	0	동생아, 오늘 내가 저녁에 닭볶음탕을 만들려고 해. 그러니까 퇴근하고 바로 집으로 와.	N	2022-09-11 07:50:46	2022-09-11 07:50:46
BE22017686	2	1	언니는 오늘 연차 썼다더니 놀러 안 가고 집에서 요리하는 거야? 언니가 요리 해 준다니까 벌써 퇴근 시간이 기다려지네. 맛있는 닭볶음탕 먹을 생각을 하니 신난다.	N	2022-09-11 07:50:46	2022-11-08 05:16:55
BE22017686	3	0	엄마랑 낮에 장에 가서 장을 봐왔어. 엄마가 요즘 힘들어하시니까 내가 닭볶음탕을 해서 드리려고 사 왔지. 재료 사는데 나도 신나더라고.	N	2022-09-11 07:50:46	2022-11-08 05:16:55
BE22017686	4	1	감기를 앓고 나서 입맛 없어 하는 엄마를 위해 언니가 요리하는 거구나. 무척 잘했다, 언니. 엄마가 무척 기뻐하실 생각을 하니 내가 다 기쁘네.	N	2022-09-11 07:50:46	2022-11-08 05:16:55
BE22017686	5	0	엄마는 항상 우리 가족을 위해 맛있는 식사를 준비하잖니. 그런데 우리는 엄마를 위해 맛있는 식사 준비를 한 적이 없다는 생각이 들었지 뭐야.	N	2022-09-11 07:50:46	2022-09-11 07:50:46
BE22017686	6	1	맞아. 언니와 나는 언제나 엄마가 해주는 음식을 맛있게 먹기만 했어. 사랑하는 엄마를 위해 요리하는 언니가 너무 멋지다. 나도 언젠가는 가족을 위해 요리해야겠어.	N	2022-09-11 07:50:46	2022-11-08 05:16:55
BE22017686	7	0	요리를 잘하지는 못하지만 그래도 정성을 다해서 할 생각이야. 요리는 나보다는 같이 먹을 사람을 위해 요리한다는데 정말 그런 것 같아. 우리 가족이 내가 만든 요리를 맛있게 먹는 생각만 해도 무척 기뻐.	N	2022-09-11 07:50:46	2022-11-08 05:16:55
BE22017686	8	1	가족을 위하는 언니의 마음이 느껴져서 가슴이 뭉클해. 음식 솜씨는 엄마를 닮는다고 하니까 언니가 한 닭볶음탕은 정말 맛있을 거야. 함께 먹을 가족을 위해 요리하는 언니 정말 멋있다.	N	2022-09-11 07:50:46	2022-11-08 05:16:55
BE22017686	9	0	인터넷에서 레시피를 보았는데, 엄마가 지금 옆에서 닭볶음탕 하는 방법을 알려주고 있어. 인터넷 레시피보다는 엄마가 알려주는 대로 하려고 해.	N	2022-09-11 07:50:46	2022-11-08 05:16:55
BE22017686	10	1	엄마의 음식 솜씨는 정말 알아줄 만하지. 음식 솜씨 좋은 엄마와 결혼한 아빠는 정말 복 받은 거야. 엄마의 레시피 잘 배워서 맛있는 닭볶음탕 해줘.	N	2022-09-11 07:50:46	2022-11-08 05:16:55
BE22017686	11	0	아빠도 맛있다고 해야 할 텐데 걱정이야. 엄마 음식 솜씨가 워낙 뛰어나니 말이야. 그래도 잘 할 수 있겠지?	N	2022-09-11 07:50:46	2022-11-08 05:16:55
BE22017686	12	1	언니가 만든 닭볶음탕이 맛이 없을까 봐 걱정되는구나. 그렇지만 그건 기우에 지나지 않을 거야. 언니의 닭볶음탕은 가족을 위하는 마음으로 만든 거라 무척 맛있을 거야.	N	2022-09-11 07:50:46	2022-11-08 05:16:55
BE22017686	13	0	그렇게 말해주니 조금 긴장이 풀린다. 이제부터 슬슬 저녁 식사 준비를 해야겠어.	N	2022-09-11 07:50:46	2022-09-11 07:50:46
BE22017686	14	1	모처럼 언니가 해주는 저녁을 먹을 생각하니까 기분부터 무척 설레고 신나. 언니가 만든 음식을 먹으며 흐뭇해하실 아빠와 엄마의 모습이 눈에 선하네.	N	2022-09-11 07:50:46	2022-11-08 05:16:55
BE22017686	15	0	내가 만든 음식을 맛있게 먹어줄 가족이 있어 너무 행복해. 퇴근하고 얼른 와.	Y	2022-09-11 07:50:46	2022-09-11 07:50:46
