id	utterance_id	utterance_type	utterance_text	terminate	regDate	updDate
BE22002234	1	0	결혼 준비는 잘 되어 가니?	N	2022-06-20 13:12:11	2022-11-08 03:38:53
BE22002234	2	1	언니도 알다시피 서로 예민할 때도 있고 설렐때도 있고 그러면서 정신없이 준비하는 거지 뭐.	N	2022-06-20 13:12:11	2022-11-08 03:38:53
BE22002234	3	0	그래, 그때그때 느끼는 감정들이란 게 다 다른 거니까. 우리도 결혼하면 안 헤어져도 되고 너무 좋다고 하던 때가 있었지...	N	2022-06-20 13:12:11	2022-11-08 03:38:53
BE22002234	4	1	어머, 언니. 왜 그렇게 시큰둥해. 형부랑 권태기라도 온 거야?	N	2022-06-20 13:12:11	2022-11-08 03:38:53
BE22002234	5	0	여전히 사랑하지. 아이 키우며 살다 보면 서로에 대한 대화를 할 시간도 없고. 그렇다 보니 둘이 있으면 좀 어색해지는 거야.	N	2022-06-20 13:12:11	2022-11-08 03:38:53
BE22002234	6	1	음... 아이가 중심이 되는 삶이 되다 보면 갑작스러운 둘 만의 시간이 어색하기도 하겠다. 느낌은 알 거 같아.	N	2022-06-20 13:12:11	2022-11-08 03:38:53
BE22002234	7	0	어, 둘이 되게 멋쩍어지더라니까.	N	2022-06-20 13:12:11	2022-11-08 03:38:53
BE22002234	8	1	형부랑도 얘기를 좀 해봐. 언니는 원래 애교도 많고 무뚝뚝한 형부 성격도 잘 맞춰주는 현명한 아내잖아. 금방 좋아질 거 같은데.	N	2022-06-20 13:12:11	2022-11-08 03:38:53
BE22002234	9	0	마침 네 형부가 그저께 아무 날도 아닌데 프리지어 꽃다발을 사 들고 온 거야. 진짜 오랜만에 꽃다발 선물을 받아 그런지 눈물이 다 나더라.	N	2022-06-20 13:12:11	2022-11-08 03:38:53
BE22002234	10	1	프리지어 꽃다발이 언니 마음을 녹였네? 진짜 감동적이었겠다. 내가 괜스레 뭉클해.	N	2022-06-20 13:12:11	2022-11-08 03:38:53
BE22002234	11	0	내가 너무 좋아하니까 자기도 너무 좋다고. 그러면서 되도록이면 일찍 퇴근해 올 테니 저녁 먹고 셋이서 공원에 산책 나가자더라.	N	2022-06-20 13:12:11	2022-11-08 03:38:53
BE22002234	12	1	그거 좋네. 가족 건강에도 좋고 같이 걷다 보면 자연스럽게 대화도 오가게 될 테고 말이야.	N	2022-06-20 13:12:11	2022-11-08 03:38:53
BE22002234	13	0	응 어제 처음 나섰는데 좀 어색하다가 말이 한번 오가니까 금방 괜찮더라고.	N	2022-06-20 13:12:11	2022-11-08 03:38:53
BE22002234	14	1	너무 잘됐다. 형부랑 언니 약간 소원했던 관계도 회복되고 앞으로는 더 많은 대화 나누면서 교감도 되고 말이야.	N	2022-06-20 13:12:11	2022-11-08 03:38:53
BE22002234	15	0	프리지어 꽃다발 받았을 때도 연애할 때처럼 설레고 좋았거든. 그런 뒤에 산책을 같이 나가 그런지 맞다 내가 이 남자를 많이 사랑하고 있었지... 생각을 하게 되더라니까?	N	2022-06-20 13:12:11	2022-11-08 03:38:53
BE22002234	16	1	오 사랑의 감정이 다시 활활 타오르게 되었구나? 나도 곧 결혼해서 그런지 남일 같지가 않아. 나까지 마음이 두근거리는 거 같아.	N	2022-06-20 13:12:11	2022-11-08 03:38:53
BE22002234	17	0	서로가 얼마나 소중한 존재인지, 서로를 얼마나 사랑했는지 잊지 말고 살도록 노력해야겠어.	N	2022-06-20 13:12:11	2022-11-08 03:38:53
BE22002234	18	1	그래 언니, 나도 진심으로 응원할게. 형부랑 더 많이 사랑하며 행복하기를 바라.	Y	2022-06-20 13:12:11	2022-11-08 03:38:53
