id	utterance_id	utterance_type	utterance_text	terminate	regDate	updDate
BE22020442	1	0	동생아, 형 오늘 정말 기쁜 일을 하고 왔단다. 내가 한 일 중에 제일 뿌듯하고 벅찬 일인 것 같아.	N	2022-09-23 02:09:35	2022-09-23 02:09:35
BE22020442	2	1	대체 무슨 일이길래 형이 이렇게 흡족한 거야? 너무 궁금한걸.	N	2022-09-23 02:09:35	2022-09-23 02:09:35
BE22020442	3	0	인체조직기증을 오늘 등록하고 왔거든. 정말 많이 고민하고 망설였는데 막상 하고 나니까 속이 다 시원하고 만족스러워.	N	2022-09-23 02:09:35	2022-11-08 05:36:47
BE22020442	4	1	누구나 그런 생각을 가질 수는 있지만 실제로 하는 건 어려운 일이잖아. 결심을 하고 실제로 행동으로 옮기는 데까지는 정말 많은 용기가 필요할 텐데 말이야. 정말 형이 멋지고 자랑스러워, 대단해.	N	2022-09-23 02:09:35	2022-11-08 05:36:47
BE22020442	5	0	막상 해놓고 보니까 이제껏 고민했던 게 왜 그랬나 싶더라고. 그냥 좀 더 빨리 등록할 걸 하는 후회까지 들 정도야. 그만큼 내가 다른 사람에게 도움이 될 수 있다는 게 참 흐뭇하고 만족스러워.	N	2022-09-23 02:09:35	2022-11-08 05:36:47
BE22020442	6	1	당연히 고민하고 망설일 수밖에 없는 일이라고 생각해, 오히려 나였다면 절대로 그렇게 하지 못했을 거야. 나는 그런 생각을 하는 것만으로도 엄청난 일인 것 같아. 소중한 내 몸이니만큼 충분한 시간을 두고 생각하고 결정하는 게 맞는 일이니까 말이야, 너무 잘한 거야.	N	2022-09-23 02:09:35	2022-11-08 05:36:47
BE22020442	7	0	사실 정말 친한 친구가 어렸을 적부터 앓고 있던 병 때문에 이식 수술을 받아야 했거든. 기증자가 없어서 한참을 막막하게 기다리고 마음 졸이는 모습을 보니까 너무 마음이 아프고 신경이 쓰이더라. 그리고 그때부터 장기기증에 관심이 생기면서 알아보기 시작했는데, 결국은 내가 해내다니 정말 벅찬 기분이야.	N	2022-09-23 02:09:35	2022-09-23 02:09:35
BE22020442	8	1	친구의 소식을 안타까워하고 가슴 아파하는 것만으로도 충분히 따뜻한 일이라고 생각해. 다른 사람의 감정에 진심으로 공감하고, 몰입할 수 있는 넓은 마음을 가졌기 때문에 가능한 거겠지.	N	2022-09-23 02:09:35	2022-11-08 05:36:47
BE22020442	9	0	망설이던 중에 친구가 이식 수술을 하게 됐다는 소식을 전해줬어. 그때 그 말을 하던 친구의 환한 웃음이 나에게 큰 영향을 준 것 같아. 나의 끝이 누군가의 시작이 된다면 나는 그걸로 너무 행복할 것 같아.	N	2022-09-23 02:09:35	2022-09-23 02:09:35
BE22020442	10	1	죽음이 끝이라고 생각하지 않고, 새로운 시작이 될 수 있다는 마음이 정말 존경스러워. 누구나 할 수 없는 생각이기에 형의 마음이 얼마나 크고 담대한지 가늠조차 할 수가 없네. 진짜 형은 항상 내게 많은 것을 느끼게 만드는 멋진 사람인 것 같아.	N	2022-09-23 02:09:35	2022-11-08 05:36:48
BE22020442	11	0	나 하나 기증한다고 해서 세상이 얼마나 좋아지겠냐 싶은 마음도 물론 들어. 하지만 내가 작은 힘이나마 보탰다는 거, 그거 하나로 나는 충분히 기쁘고 만족스러워. 더할 나위 없이 좋은걸.	N	2022-09-23 02:09:35	2022-11-08 05:36:48
BE22020442	12	1	티끌 모아 태산이고, 작은 것들이 모여 결국은 크고 원대한 것을 만들잖아. 크기가 뭐가 중요하겠어, 형의 마음만큼은 그 무엇보다 큰걸. 분명히 형의 선한 영향력 덕분에 세상이 더 밝아지고 좋아질 거라고 믿어.	N	2022-09-23 02:09:35	2022-11-08 05:36:48
BE22020442	13	0	사실 가족들의 입장에서는 가슴 아픈 일일 수도 있어서 말하는 게 망설여졌거든. 그런데 네가 이렇게 나의 결정을 지지해주고 응원해줘서 정말 흐뭇하고 더 기쁜 것 같아. 고마워, 동생아.	N	2022-09-23 02:09:35	2022-09-23 02:09:35
BE22020442	14	1	형이 행복하다면 그것이 무엇이든 나는 그 결정을 응원할 거야. 한 번 사는 인생 하고 싶은 것 다 하고 만족스럽다면 그게 최고잖아. 나는 상상도 못했던 일을 멋지게 해내는 형의 모습을 보며 오늘도 많이 배우는 것 같아.	Y	2022-09-23 02:09:35	2022-11-08 05:36:48
