id	utterance_id	utterance_type	utterance_text	terminate	regDate	updDate
BE22014545	1	0	나 시어머님 댁에 와서 짐을 정리하다가 우리 남편 아기 때 사진을 찾았어. 너무 귀여워서 자꾸 웃음이 나오네. 남편 아기 때 사진이 거의 없어서 아쉬웠는데 너무 기뻐.	N	2022-08-18 04:10:17	2022-11-08 04:57:33
BE22014545	2	1	다행히도 아직 간직하고 있으셨던 거야? 네가 제부 아기 모습을 볼 수 없어서 많이 씁쓸해했는데. 발견하다니 네가 너무 기분이 좋고 행복하겠다.	N	2022-08-18 04:10:17	2022-11-08 04:57:33
BE22014545	3	0	응, 소중히 간직하고 있으셨데. 사실 우리 남편이 어려서 부모님 이혼하시고 조부모님 손에서 자랐잖아. 그래서 어린 시절 사진도 없고 추억도 없어서 나도 무척 안타까웠어.	N	2022-08-18 04:10:17	2022-11-08 04:57:33
BE22014545	4	1	그래 네가 제부가 너무 불쌍하고 안쓰럽다고 많이 걱정했잖아. 우리처럼 어린 시절 놀러 다니고 가족과 함께 한 사진들도 없어서 더욱 외롭게 느껴진다고. 그런데 네가 그 사진들을 찾았으니 너무 기쁘고 신이 나서 어깨가 들썩였을 거 같아.	N	2022-08-18 04:10:17	2022-11-08 04:57:33
BE22014545	5	0	응, 정말 너무 기쁘더라고. 남편이랑 어린 시절 얘기를 하면 추억이 없고 기억이 잘 나지 않는다고 말했는데. 너무 속상했거든, 내가 사랑하는 사람이 외로움이 느껴져서.	N	2022-08-18 04:10:17	2022-11-08 04:57:33
BE22014545	6	1	그래그래, 그 마음 충분히 이해해. 그런데, 네가 제부의 어린 시절을 되찾아 준 거 같아서 너무 기분이 좋을 거 같아. 진짜 너무 잘 됐다.	N	2022-08-18 04:10:17	2022-11-08 04:57:33
BE22014545	7	0	언니 문자처럼 정말 내가 남편의 유년 시절의 추억을 찾아 준 거 같아서 뿌듯하고 만족스러워. 사실, 남편이 어린 시절 사진이 없어서 나도 내 어릴 적 얘기를 못했거든. 내가 어릴 적 얘기하면 남편이 쓸쓸해질까 봐.	N	2022-08-18 04:10:17	2022-08-18 04:10:17
BE22014545	8	1	역시 내 동생, 너 마음씨가 정말 너무 착하다. 어떻게 그렇게까지 배려할 수 있니? 너무 대견하고 멋져서 언니가 다 뿌듯하다.	N	2022-08-18 04:10:17	2022-11-08 04:57:33
BE22014545	9	0	내가 행복하게 가족 얘기랑 어렸을 때 추억 얘기를 하면. 남편은 자기가 할 말이 없으니까 왠지 혼자 뻘쭘하고 외로울 거 같더라고. 그래서 나도 최대한 하지 않으려고 노력하고 있었어.	N	2022-08-18 04:10:17	2022-08-18 04:10:17
BE22014545	10	1	어머나, 진짜 너 배려심이 너무 세심하고 착해서 정말 손뼉이 쳐진다. 너무 대견해. 사실, 자기가 기쁘고 행복한 일들이면 옆 사람 신경 안 쓰고 막 얘기할 수도 있는데. 너는 제부가 혹시라도 외로울까 봐 그거까지 신경 써주고 있었다니, 너무 다정하다.	N	2022-08-18 04:10:17	2022-08-18 04:10:17
BE22014545	11	0	남편 아기 때 사진을 찾아서 기뻤는데. 언니가 내 기쁨에 더 자기 일처럼 기뻐해 주고. 또 나를 칭찬해 주니까, 내 마음이 하늘을 날아다니듯 기뻐.	N	2022-08-18 04:10:17	2022-08-18 04:10:17
BE22014545	12	1	아마, 제부도 너의 그런 배려심과 세심한 마음을 다 알고 고마워하고 있을 거야. 거기다가 네가 어릴 적 사진까지 찾았으니 내가 제부라면 눈물이 날 정도로 고마울 거 같아. 그리고 네가 너무너무 사랑스러울 거 같아.	N	2022-08-18 04:10:17	2022-11-08 04:57:33
BE22014545	13	0	정말 그랬으면 좋겠다. 언니랑 얘기 나누면서 더 기분이 좋아졌어. 그리고 빨리 저녁에 남편에게 보여줄 생각에 막 신나고 흥분돼.	N	2022-08-18 04:10:17	2022-08-18 04:10:17
BE22014545	14	1	그래그래, 정말 너무 잘했어. 그리고 이제 제부랑 어릴 적 사진 보면서 이야기 나누고 같이 즐겁게 보낼 수 있어서 너무 다행이야. 너무 축하해.	Y	2022-08-18 04:10:17	2022-11-08 04:57:33
