id	utterance_id	utterance_type	utterance_text	terminate	regDate	updDate
BE22009899	1	0	언니 나 지금 너무 떨려! 심장 밖으로 튀어나올 것 같아.	N	2022-07-18 11:19:28	2022-11-08 04:28:09
BE22009899	2	1	왜 무슨 일 있어?	N	2022-07-18 11:19:28	2022-11-08 04:28:09
BE22009899	3	0	나 처음으로 편의점에 가서 캔맥주 사 왔어! 성인이 된 기념으로 오늘 한잔하려고.	N	2022-07-18 11:19:28	2022-11-08 04:28:09
BE22009899	4	1	와 진짜? 원래는 못 하던 거니까 나 같아도 결제할 때 괜히 두근거렸을 것 같아.	N	2022-07-18 11:19:28	2022-11-08 04:28:09
BE22009899	5	0	맞아, 주민등록증 보여달라고 하는데, 자신 있게 꺼내서 보여줬지. 어른 된 것 같아서 괜히 우쭐했어. 이제 캔맥주도 당당하게 살 수 있는 나이라니 기쁘다.	N	2022-07-18 11:19:28	2022-11-08 04:28:09
BE22009899	6	1	의기양양한 게 여기까지 느껴진다. 나 혼자서 할 수 있는 일이 늘어났다는 게 느껴지면 정말 뿌듯하고 행복하지.	N	2022-07-18 11:19:28	2022-11-08 04:28:09
BE22009899	7	0	이제 책임져야 하는 일들이 늘어난다는 게 걱정되기도 해. 하지만 언니 말처럼 더 많은 일들을 할 수 있다는 게 너무 기대돼!	N	2022-07-18 11:19:28	2022-11-08 04:28:09
BE22009899	8	1	성인이 됐다고 단순히 들뜨기만 한 게 아니라 벌써 책임감도 생각하고 있다니 너무 대견하다. 너는 어릴 때부터 어른스럽고 현명한 아이였으니까 뭐든 잘 해낼 거라고 믿어.	N	2022-07-18 11:19:28	2022-11-08 04:28:09
BE22009899	9	0	언니가 칭찬해 주니까 기분 좋다! 이렇게 날 믿어주는 사람도 있고 맥주 마실 흥이 나!	N	2022-07-18 11:19:28	2022-11-08 04:28:09
BE22009899	10	1	기분 좋을 때 한잔하는 맥주만큼 맛있는 것도 없지. 수능 공부하느라 힘들어하는 것만 보다 오랜만에 이렇게 신나 하니까 언니 기분도 좋다.	N	2022-07-18 11:19:28	2022-11-08 04:28:09
BE22009899	11	0	이 맥주는 고통의 시간을 잘 참고 견딘 나한테 주는 선물이야. 참고 견디는 자에게 복이 오는구나.	N	2022-07-18 11:19:28	2022-11-08 04:28:09
BE22009899	12	1	심지어 태어나서 처음 마시는 맥주라니 얼마나 짜릿하겠어. 지금, 이 순간을 마음껏 즐겨.	N	2022-07-18 11:19:28	2022-11-08 04:28:09
BE22009899	13	0	엄마는 걱정만 하던데 역시 언니는 내 마음을 알아준다니까.	N	2022-07-18 11:19:28	2022-11-08 04:28:09
BE22009899	14	1	우리끼리만 통하는 게 있지! 다음엔 언니랑 한잔하자.	Y	2022-07-18 11:19:28	2022-11-08 04:28:09
