id	utterance_id	utterance_type	utterance_text	terminate	regDate	updDate
BE22016972	1	0	누나, 엄마가 안정을 되찾으신 것 같아 요즘 마음이 편하고 기뻐. 한동안 너무 걱정해서 그런지 얼마 만에 이런 감정을 느껴보는지 모르겠어.	N	2022-09-02 12:18:17	2022-11-08 05:12:32
BE22016972	2	1	엄마가 갱년기 우울증 진단을 받고, 같이 사는 동생이 신경 많이 쓴 거 누나도 알아. 안정을 찾은 엄마 모습에 네가 기쁘다니 내 마음도 놓인다.	N	2022-09-02 12:18:17	2022-09-02 12:18:17
BE22016972	3	0	오늘은 엄마가 좋아하시는 아귀찜을 포장해 오셔서 같이 먹었어. 우울 증세가 있는 동안 엄마가 좋아했던 모든 일을 멈추셨잖아. 이게 무언가 좋은 신호같이 느껴지니, 반갑고 기쁜 거 있지.	N	2022-09-02 12:18:17	2022-11-08 05:12:32
BE22016972	4	1	엄마의 사소한 행동을 관찰하고, 그 안에서 엄마 상태를 유추하는 동생의 사랑과 관심이 대단하게 느껴진다. 엄마가 좋아하던 모든 일을 그만두고 누워만 계실 때 우리가 얼마나 걱정 많이 했니. 제일 좋아하시는 음식을 사 오셨다니 누나도 반갑구나!	N	2022-09-02 12:18:17	2022-11-08 05:12:32
BE22016972	5	0	무기력한 엄마 모습을 보면서, 얼마나 좌절했었는지 몰라. 그런데 그게 호르몬과 연관이 있고, 노력하면 나아질 수 있다는 사실을 알고 안도했지. 인내심을 가지고 엄마와 함께했던 날들에 빛이 드는 기분이라 얼마나 행복한지 몰라.	N	2022-09-02 12:18:17	2022-09-02 12:18:17
BE22016972	6	1	누나가 학위 때문에 미국에 나가 있는 동안 동생이 그런 엄마 보살피느라 많이 힘들었지? 누나가 동생한테 얼마나 많이 의지했는지 몰라. 엄마도 변함없는 모습으로 곁을 지켜준 네가 있었으니 더 잘 극복하신 것 같고.	N	2022-09-02 12:18:17	2022-11-08 05:12:32
BE22016972	7	0	나도 누군가에게 힘이 될 수 있다는 걸 처음 느껴봤어. 언제나 가족들에게 힘을 받았는데, 엄마가 아파서 나도 힘들었지만, 이번 경험으로 많은 걸 깨달았어. 그래서 더 이 시간이 의미 있게 다가오는 것 같아 뿌듯하고, 기쁘고, 감사해.	N	2022-09-02 12:18:17	2022-11-08 05:12:32
BE22016972	8	1	네가 그렇게까지 깊게 생각하고 있는 줄은 몰랐어. 맞아 누군가에게 힘이 될 수 있는 존재가 된다는 건 어려운 일이지. 상대를 이해할 수 있는 마음의 품이 넓어야 하니까, 그런 면에서 동생이 참 많이 성장했구나.	N	2022-09-02 12:18:17	2022-11-08 05:12:32
BE22016972	9	0	이해할 수 없는 행동을 하는 친구나 사람들을 볼 때면 그냥 이상하다고만 여기고 넘겼거든. 그런데 사람들의 행동 뒤에 숨은 의미와 감정을 느껴보려 노력하니, 이해하지 못할 게 없더라고. 내 생각의 깊이가 예전과 다르다는 게 느껴지니, 자신감이 들고, 흐뭇한 기쁨이 느껴져.	N	2022-09-02 12:18:17	2022-09-02 12:18:17
BE22016972	10	1	뿌듯한 마음을 충분히 가질 만해. 힘든 일은 그냥 오지 않는다더니 엄마의 갱년기 우울증이 동생을 무척이나 성장시켰구나. 엄마와 아귀찜을 나눠 먹으며, 기뻐했을 네 마음이 이제 더 깊이 이해가 되는구나.	N	2022-09-02 12:18:17	2022-11-08 05:12:32
BE22016972	11	0	언제나 밝고 긍정적인 엄마가 이상하게 변한 것 같아 한동안 받아들일 수 없었어. 그래서 외면하고 싶던 시기도 있었는데, 엄마가 나를 통해 위로받는다고 느끼니 행복한 마음이 들더라. 그때부터 누군가를 이해하고, 힘이 되어줄 수 있는 기쁨에 감사하기 시작했어.	N	2022-09-02 12:18:17	2022-11-08 05:12:32
BE22016972	12	1	타인을 진심으로 이해하는 마음을 갖는 게 정말 어려운 일이거든. 누나도 엄마의 그런 모습을 받아들이기 힘들었지. 그래서 외면했던 시간이 더 길었는데, 이렇게 훌륭한 생각으로 엄마를 돌본 동생한테 배우게 된다.	N	2022-09-02 12:18:17	2022-11-08 05:12:32
BE22016972	13	0	혹독한 사춘기를 겪으며, 가족들에게 깊이 위로받았던 경험이 있었기 때문에 가능했던 일인 것 같아. 누나도 날 얼마나 많이 위로해주고, 기다려줬잖아. 서로에 대한 믿음이 있었기에 이번 고비도 잘 넘긴 것 같으니 안심되고 기쁘다.	N	2022-09-02 12:18:17	2022-11-08 05:12:32
BE22016972	14	1	그래서 사랑받은 경험이 중요한가 봐. 누나도 가족들로부터 느낀 사랑과 믿음이 힘든 시기를 견디는 힘이 되거든. 동생이 어른스러워진 것 같아 낯설지만 대견하고 기쁘게 느껴진다.	N	2022-09-02 12:18:17	2022-11-08 05:12:32
BE22016972	15	0	누나가 날 어른으로 인정해주는 것 같아 뿌듯하고 기쁜걸! 엄마가 더 좋아지셔서, 예전처럼 아귀찜에 소주까지 곁들일 수 있는 날이 더 빨리 왔으면 좋겠다.	Y	2022-09-02 12:18:17	2022-11-08 05:12:32
