id	utterance_id	utterance_type	utterance_text	terminate	regDate	updDate
BE22004939	1	0	언니, 오늘 나 엄청 기분 좋은 소식 들었어. 분명 언니도 기뻐할 소식일 거야!	N	2022-06-29 02:39:36	2022-11-08 03:56:10
BE22004939	2	1	기쁜 소식? 뭔데? 혹시 너 회사 승진했어? 아니면 너 프러포즈라도 받은 거야?	N	2022-06-29 02:39:36	2022-11-08 03:56:10
BE22004939	3	0	에이, 그것보다 열 배는 더 기쁜 소식이다! 언니야, 있지 내가 몇 달 전에 오빠랑 내 대학교 동창이랑 소개팅 주선해줬잖아.	N	2022-06-29 02:39:36	2022-11-08 03:56:10
BE22004939	4	1	맞아. 한 5개월 전쯤이었던 거 같았는데. 그때 잘 안된 거 같다고 네가 엄청나게 시무룩했잖아. 배려심도 많고 착한 친구인데, 오빠가 마음에 안 들어 하는 눈치라고.	N	2022-06-29 02:39:36	2022-11-08 03:56:10
BE22004939	5	0	응. 그런데 사실 오빠가 첫눈에 반했더라고! 긴장해서 그런 거고, 사실은 지금 둘이 사귀고 있데! 나 너무 기뻐서 언니한테 바로 연락한 거야.	N	2022-06-29 02:39:36	2022-11-08 03:56:10
BE22004939	6	1	정말? 한 일 년 사이에 들어 본 이야기 중에서 가장 기쁜 소식이다! 엄마 아빠는 얼마나 기뻐하실까! 모두 네 덕분이다, 동생아.	N	2022-06-29 02:39:36	2022-11-08 03:56:10
BE22004939	7	0	나도 엄청 기뻐 언니. 소개팅이란 게 사실 어려운 일이잖아. 그리고 오빠랑 친구를 소개해준다는 것은 더 조심스러웠는데, 두 사람이 잘되어서 너무 다행이야.	N	2022-06-29 02:39:36	2022-11-08 03:56:10
BE22004939	8	1	그렇지. 네가 얼마나 고심해서 마련한 자리였겠어. 그것도 대학교 때 가장 친했던 친구와 친오빠를 말이야. 나도 하지 못한 일을 우리 막내가 해냈구나! 최고다!	N	2022-06-29 02:39:36	2022-11-08 03:56:10
BE22004939	9	0	언니가 네 마음을 알아주니까 더 기쁘네. 왠지 오빠가 요즘 들어서 감정 표현을 잘한다고 생각했어. 그 친구가 상냥하고 배려심도 많은데 활달한 성격이거든.	N	2022-06-29 02:39:36	2022-11-08 03:56:10
BE22004939	10	1	우리 막내가 싹싹하고 다정다감한 성격이라서, 친구도 비슷한 성향인 사람과 친하구나. 똑소리 나네, 우리 막내. 역시, 우리 집 복덩이라니까.	N	2022-06-29 02:39:36	2022-11-08 03:56:10
BE22004939	11	0	하하하. 지금 언니도 너무 기뻐서, 나한테 폭풍 칭찬해주는 거지? 그래도 기분은 좋다.	N	2022-06-29 02:39:36	2022-11-08 03:56:10
BE22004939	12	1	에이, 진심이지. 나도 오빠한테 축하한다고 연락해봐야겠다. 오랜만에 우리 삼 남매 모여서 저녁 먹자고 해볼까? 우리 막내는 오늘 저녁에 약속 있어?	N	2022-06-29 02:39:36	2022-11-08 03:56:10
BE22004939	13	0	아니, 나 약속 없어. 마감 끝나서 여유도 있고. 오빠랑 연락해보고, 알려주라 언니.	N	2022-06-29 02:39:36	2022-11-08 03:56:10
BE22004939	14	1	응, 약속 정해지면 다시 알려줄게. 맛있는 거 먹자. 오늘은 내가 저녁 살게.	N	2022-06-29 02:39:36	2022-11-08 03:56:10
BE22004939	15	0	정말? 그럼 나는 오빠 연애 기념 축하로 케이크 하나 사서 가야겠다! 우리끼리 축하 파티 먼저 하자고 언니.	N	2022-06-29 02:39:36	2022-11-08 03:56:10
BE22004939	16	1	그거 좋은 생각이네. 응, 오빠랑 우선 연락해보고 다시 연락할게.	Y	2022-06-29 02:39:36	2022-11-08 03:56:10
