id	utterance_id	utterance_type	utterance_text	terminate	regDate	updDate
BE22000204	1	0	나 이번 주 일요일에 학교 친구들하고 호수공원에 놀러 가기로 했어.	N	2022-06-10 14:21:38	2022-11-08 03:25:33
BE22000204	2	1	그래? 그러고 보니 넌 친구들끼리 가는 건 처음이지?	N	2022-06-10 14:21:38	2022-11-08 03:25:33
BE22000204	3	0	응. 그래서 그런지 가슴이 콩닥콩닥 뛰고, 설레고 그래.	N	2022-06-10 14:21:38	2022-11-08 03:25:33
BE22000204	4	1	네 말을 들으니까 나도 처음 친구들끼리 놀이동산 갔을 때 엄청 설레었어.	N	2022-06-10 14:21:38	2022-11-08 03:25:33
BE22000204	5	0	누나도 그랬어? 왠지 학교에서 현장학습 가는 것보다 더 기대되는 것 같아.	N	2022-06-10 14:21:38	2022-11-08 03:25:33
BE22000204	6	1	맞아. 현장학습도 좋지만 친구들끼리 가는 건 또 다른 묘미가 있지. 우리 동생이 오랜만에 너무 행복해 보여서 나도 덩달아 좋다.	N	2022-06-10 14:21:38	2022-11-08 03:25:33
BE22000204	7	0	사실은 요즘 매일매일 학교 끝나고 학원에 가서 네 시간씩 공부하는 게 좀 힘들었거든.	N	2022-06-10 14:21:38	2022-11-08 03:25:33
BE22000204	8	1	그랬었구나. 이제 보니 마냥 어린 줄만 알았는데 스트레스 푸는 방법을 제법 잘 터득하고 있고 정말 기특한걸.	N	2022-06-10 14:21:38	2022-11-08 03:25:33
BE22000204	9	0	하하. 친구들도 그동안 힘들었는지 내가 놀러 가자고 하니까 엄청 좋아하더라고. 이번에 가서 공부 스트레스 확 풀고 오려고.	N	2022-06-10 14:21:38	2022-11-08 03:25:33
BE22000204	10	1	좋은 생각이야. 친구들이랑 이번 기회에 좋은 풍경도 보고 맛있는 것도 많이 사 먹고 신나게 놀다 와.	N	2022-06-10 14:21:38	2022-11-08 03:25:33
BE22000204	11	0	알겠어. 호수공원에 자전거 대여소도 있대. 친구들이랑 자전거도 타고 음악 분수대에서 물놀이하면서 사발면도 먹고 실컷 놀다 올 거야.	N	2022-06-10 14:21:38	2022-11-08 03:25:33
BE22000204	12	1	진짜 재밌겠다. 나는 한 번도 그렇게 못 놀아봤는데... 그런데 한 번도 안 가봤다면서 많은 정보를 알고 있네?	N	2022-06-10 14:21:38	2022-11-08 03:25:33
BE22000204	13	0	물론이지. 며칠 동안 인터넷으로 그곳 정보를 다 입수했거든. 가는 교통편도 벌써 알아놨고.	N	2022-06-10 14:21:38	2022-11-08 03:25:33
BE22000204	14	1	역시 내 동생답다. 그곳에 가면 멋진 포토 존도 많으니까 사진과 동영상도 많이 찍고 알았지?	N	2022-06-10 14:21:38	2022-11-08 03:25:33
BE22000204	15	0	우와, 포토 존이 따로 있다고? 멋진 사진 많이 건질 수 있겠는걸. 누나한테도 사진, 동영상 많이 찍어서 보내줄게.	Y	2022-06-10 14:21:38	2022-11-08 03:25:33
