id	utterance_id	utterance_type	utterance_text	terminate	regDate	updDate
BE22020923	1	0	오랜만에 집에서 달고나를 만들어 먹고 있어. 옛날 생각이 나서 마음에 몽실몽실한 게 차오르는 것 같고 따뜻해지네. 오랜만에 희열에 가까운 기쁨을 느끼고 있어.	N	2022-09-23 05:30:51	2022-09-23 05:30:51
BE22020923	2	1	어머, 우리 집이 코앞인데 나 불러서 같이 먹지! 언니가 기쁘다니까 나도 덩달이 기분이 좋아지네. 같이 먹었으면 두 배로 행복했을 텐데.	N	2022-09-23 05:30:51	2022-11-08 05:39:38
BE22020923	3	0	그러잖아도 네 생각이 많이 나서 연락한 거야. 내가 예전에 달고나를 많이 만들어줬잖아. 어린 네가 기뻐서 눈을 반짝이던 모습이 눈에 선해서 흐뭇한 기분에 한껏 젖어 있어.	N	2022-09-23 05:30:51	2022-09-23 05:30:51
BE22020923	4	1	맞아, 언니가 만드는 달고나가 완성되길 기다리며 설레던 마음이 지금도 기억나. 언니가 그때를 떠올리며 흐뭇해하는 모습이 떠올라서 나도 행복해지네. 그때 난 언니가 내 언니라는 사실이 참 자랑스럽고 좋았어.	N	2022-09-23 05:30:51	2022-11-08 05:39:38
BE22020923	5	0	그랬니, 나도 이렇게 예쁜 동생이 있어서 난 행복한 사람이라고 생각했어. 지금도 이렇게 공유할 수 있는 추억을 나눌 수 있어서 얼마나 기쁜지 몰라.	N	2022-09-23 05:30:51	2022-09-23 05:30:51
BE22020923	6	1	언니가 추억에 젖어 행복해하니까 나도 그때가 떠올라서 그립고 설레. 우리가 함께 추억할 시간이 많은 자매 사이라서 참 좋아. 언니는 어릴 때부터 지금까지 한결같이 나한테 사랑이라는 감정의 실체를 깨닫게 해주는 사람이야.	N	2022-09-23 05:30:51	2022-11-08 05:39:38
BE22020923	7	0	사랑이라는 감정의 실체?	N	2022-09-23 05:30:51	2022-09-23 05:30:51
BE22020923	8	1	응, 내 모나고 미운 구석까지 온전히 드러내도 된다는 믿음을 주고, 언제나 내 마음을 인정해주잖아. 내가 기쁘면 같이 기뻐해주고, 내가 슬프면 더 슬퍼해. 언니만 내 곁에 있다면 세상 부러울 것이 없다는 생각이 들 만큼 언니가 좋아.	N	2022-09-23 05:30:51	2022-09-23 05:30:51
BE22020923	9	0	나는 그저 너를 동생이라서 한없이 예뻐하기만 한 것 같은데, 너는 나를 이렇게 깊이 사랑해주는구나. 가슴에 기쁨이 차올라서 주체할 수 없는 기분이야.	N	2022-09-23 05:30:51	2022-09-23 05:30:51
BE22020923	10	1	피, 이것 봐. 언니가 나를 좋아하는 것보다 내가 언니를 훨씬 더 좋아한다니까! 어쩐지 손해 보는 기분이 드는걸.	N	2022-09-23 05:30:51	2022-09-23 05:30:51
BE22020923	11	0	이렇게 나란 사람을 깊이 사랑해주다니! 네가 이 세상에 존재한다는 사실만으로 내 인생은 가치 있는 것 같아.	N	2022-09-23 05:30:51	2022-09-23 05:30:51
BE22020923	12	1	나는 언니한테 사람을 사랑하는 법을 배웠어. 언니는 깨닫지 못할지 몰라도 그만큼 언니가 나를 사랑해준 거야.	N	2022-09-23 05:30:51	2022-11-08 05:39:38
BE22020923	13	0	너처럼 나를 사랑하고 인정해주는 사람이 또 있을까? 세상 어떤 남자한테도 들어보지 못한 사랑 고백이네. 가슴에 기쁨이 흘러넘치는 것 같아.	N	2022-09-23 05:30:51	2022-09-23 05:30:51
BE22020923	14	1	에이, 오늘 내가 좀 너무 진지했나? 달고나는 왜 혼자 해 먹어서는 사람 한껏 감상적이 되게 하고 그래.	N	2022-09-23 05:30:51	2022-09-23 05:30:51
BE22020923	15	0	호호, 다음에 언니가 최고의 달고나를 만들어줄게. 나한테 지상 최고의 기쁨을 맛보게 해준 대가치고는 한없이 부족하지만 말이야.	N	2022-09-23 05:30:51	2022-11-08 05:39:38
BE22020923	16	1	하하, 난 언니가 해주는 거면 다 좋아. 기대하고 있을게.	Y	2022-09-23 05:30:51	2022-09-23 05:30:51
