id	utterance_id	utterance_type	utterance_text	terminate	regDate	updDate
BE22013366	1	0	요즘 우리 매장 단골손님이 꽤 많아졌어. 이제 좀 자리 잡아가는 것 같아 뿌듯하다.	N	2022-08-07 03:46:16	2022-08-07 03:46:16
BE22013366	2	1	그동안 언니가 많이 고생했는데 그런 이야기 들으니 너무 좋다. 언니가 이제 여유가 생긴 거 같아서 너무 좋아 보여.	N	2022-08-07 03:46:16	2022-11-08 04:50:01
BE22013366	3	0	아무래도 동네 카페이다 보니 동네 구성원들 간의 관계가 많이 중요한 거 같아. 예상치 않은 일들로 점점 사람들이 우리 카페에 모이는 거 있지.	N	2022-08-07 03:46:16	2022-08-07 03:46:16
BE22013366	4	1	언니가 워낙 사람을 편하게 하는 게 있어. 언니는 잘 모르겠지만 언니랑 이야기하다 보면 위로받고 즐거워지고 그러거든.	N	2022-08-07 03:46:16	2022-11-08 04:50:01
BE22013366	5	0	정말? 그런 말 들으니 기분 좋은걸. 내가 그래도 잘하고 있는 것 같아서 너무 기쁘고 자존감도 높아지고 정말 행복하다.	N	2022-08-07 03:46:16	2022-11-08 04:50:01
BE22013366	6	1	동네에 카페 한다고 하면서 걱정하더니 벌써 이렇게 행복해진 거야? 손님 없어도 변함없이 가게 관리하고 커피 공부도 많이 하더니 결국 빛을 발하는 것 같아. 너무 잘 됐어.	N	2022-08-07 03:46:16	2022-11-08 04:50:01
BE22013366	7	0	지난번에는 손님이 매장이 재고가 없는 머그잔을 구입하고 싶어 하는 거야. 그래서 정말 수소문해서 가까스로 구해줬거든. 너무 고마워하는데, 그 모습에 내가 다 행복한 거 있지.	N	2022-08-07 03:46:16	2022-11-08 04:50:01
BE22013366	8	1	정말 고맙지. 내가 손님이어도 이렇게 날 위해 정성으로 대해주는데 어떻게 감동하지 않겠어. 언니의 섬세한 감정이 언니 일과 딱 맞는 거 같아.	N	2022-08-07 03:46:16	2022-11-08 04:50:01
BE22013366	9	0	이런 일들이 몇 번 있었는데 그러다 보니 단골도 많이 늘었어. 엄마들 사이에 소문이 나서 우리 카페에서 모임도 하고 모든 순간이 행복하다.	N	2022-08-07 03:46:16	2022-08-07 03:46:16
BE22013366	10	1	언니 예전에 직장 다닐 때는 매일 피곤해하고 쉬는 날은 잠만 자고 축 처져 있었잖아. 지금 모습 보면 옛날 그 모습은 다른 사람 같아. 지금 모습은 꽃밭에 있는 것처럼 환해졌어.	N	2022-08-07 03:46:16	2022-11-08 04:50:01
BE22013366	11	0	정말? 열심히 하니 이런 날도 오나 봐. 그냥 마음이 가는 데로 했을 뿐인데. 좋게 봐주니 내 마음이 전달된 것만 같아서 하루하루가 즐겁다.	N	2022-08-07 03:46:16	2022-08-07 03:46:16
BE22013366	12	1	언니는 잘할 거 같았어. 시간이 걸리더라도 차근차근 해결해 나가는 집념이 있잖아. 사람들에게 언니의 좋은 기운도 나눠주고 동네에 따뜻하고 가정한 카페로 완전히 자리 잡으면 좋겠어.	N	2022-08-07 03:46:16	2022-11-08 04:50:01
BE22013366	13	0	머그잔 구매 하나에도 고마워하는 사람들이 우리 동네고. 이렇게 감동받는 사람들이 우리 동네 사람이라는 게 오히려 고맙다.	N	2022-08-07 03:46:16	2022-08-07 03:46:16
BE22013366	14	1	앞으로도 언니 계속 일 잘되길 응원할게. 아니 언니가 행복한 일을 계속하도록 응원할게.	N	2022-08-07 03:46:16	2022-08-07 03:46:16
BE22013366	15	0	다들 나한테 잘하고 있다고 응원하는 것처럼 느껴져. 계속 더 잘하려고 노력하지 않고 사람들과 함께한다는 마음으로 하려고. 네 응원도 너무 고맙고, 다들 너무 고마워.	Y	2022-08-07 03:46:16	2022-11-08 04:50:01
