id	utterance_id	utterance_type	utterance_text	terminate	regDate	updDate
BE22005195	1	0	나 오늘 친구들이랑 놀다가 저녁 먹고 들어간다고 엄마한테 말 좀 전해줘. 엄마가 연락 확인을 안 하시네.	N	2022-06-29 11:48:08	2022-11-08 03:57:49
BE22005195	2	1	엄마가 지금 독서 중이라 소리를 못 들으셨나 봐. 시험 마지막 날이라 마음 편히 놀러 갔구나?	N	2022-06-29 11:48:08	2022-11-08 03:57:50
BE22005195	3	0	애들이랑 코인 노래방 왔어. 역시 시험공부로 쌓인 스트레스는 신나는 노래 부르면서 풀어야 제맛이잖아.	N	2022-06-29 11:48:08	2022-11-08 03:57:50
BE22005195	4	1	고음 지르며 노래 부를 때 가슴이 뻥 뚫리는 기분이라 시원하잖아. 나도 답답한 일 있을 때 노래방 가면 금방 기분 좋아져서 네 기분 잘 알아.	N	2022-06-29 11:48:08	2022-11-08 03:57:50
BE22005195	5	0	맞아. 진짜 시험 끝나기만을 얼마나 기다렸는지 몰라. 그동안 꾹꾹 참은 만큼 오늘 마음껏 즐길 거야.	N	2022-06-29 11:48:08	2022-11-08 03:57:50
BE22005195	6	1	그래. 시험공부하느라 한참 놀지도 못하고 고생했으니 그 해방감을 즐길 자격이 있지.	N	2022-06-29 11:48:08	2022-11-08 03:57:50
BE22005195	7	0	반주 들을 때부터 심장이 두근거리는 거 있지? 이 행복을 그동안 잊고 살았다니 믿기지 않더라.	N	2022-06-29 11:48:08	2022-11-08 03:57:50
BE22005195	8	1	하하, 도대체 얼마나 기다리던 일이면 이렇게 기뻐하는 거야. 네가 신나 하는 모습을 보니까 내 기분도 좋아진다.	N	2022-06-29 11:48:08	2022-11-08 03:57:50
BE22005195	9	0	시험 끝나면 뭐 하고 놀지 아침부터 계획 세우느라 시험 내내 긴장도 안 되더라. 얼른 나가고 싶어서 근질거리기만 했지.	N	2022-06-29 11:48:08	2022-11-08 03:57:50
BE22005195	10	1	그건 또 생각지 못했던 이로운 효과네. 시험 중 평온함 유지에 도움이 된다니 네 마인드 컨트롤이 잘 먹혔구나.	N	2022-06-29 11:48:08	2022-11-08 03:57:50
BE22005195	11	0	시험 망치면 찝찝해서 신나게 못 놀잖아. 노래방은 개운한 끝마무리 느낌으로 가야 하니까 시험 때 집중해서 문제 풀었지.	N	2022-06-29 11:48:08	2022-11-08 03:57:50
BE22005195	12	1	그건 그래. 괜히 지나간 일 생각하면서 곱씹고 후회하게 되잖아. 넌 그런 일 없이 사전에 잘 대비하다니 훌륭하다. 순수하게 노래방을 만끽할 만한걸?	N	2022-06-29 11:48:08	2022-11-08 03:57:50
BE22005195	13	0	여기서 실컷 시간 보내다가 배고파지면 애들이랑 고기 먹으러 갈 거야. 어느 한 곳 흠잡을 곳 없이 완벽한 하루가 되겠지?	N	2022-06-29 11:48:08	2022-11-08 03:57:50
BE22005195	14	1	이야 메뉴 선택까지 끝내주네. 역시 내 동생이 놀 줄 안다니까.	N	2022-06-29 11:48:08	2022-11-08 03:57:50
BE22005195	15	0	하하 그렇지? 이제 내 노래 차례 돌아오니까 잠시 후에 다시 연락할게. 엄마랑 저녁 맛있게 먹고 이따 봐.	Y	2022-06-29 11:48:08	2022-11-08 03:57:50
