id	utterance_id	utterance_type	utterance_text	terminate	regDate	updDate
BE22017356	1	0	오늘 회식을 감자탕집에서 했어. 맛있는 걸 혼자 먹을 수 없어서 가족들을 위해서 포장해서 들어가는 중이야. 좋아하는 걸 나누면 기쁨은 언제나 두배가 되니까.	N	2022-09-07 06:29:44	2022-11-08 05:14:51
BE22017356	2	1	우리 동생, 정말 최고의 아빠이자 남편이구나. 언제 이렇게 커서 가족을 생각할 줄 아는 가장이 되었을까 정말 기특하네. 그런 네가 형은 정말 자랑스러워.	N	2022-09-07 06:29:44	2022-11-08 05:14:51
BE22017356	3	0	형한테 그렇게 인정받으니 기분이 날아갈 듯이 좋네. 당연한 걸 하는데 이런 칭찬을 받다니 더할 나위 없이 기뻐.	N	2022-09-07 06:29:44	2022-11-08 05:14:51
BE22017356	4	1	겸손하기까지 하다니, 우리 동생을 칭찬하지 않을 수 없어. 가족을 아끼고 사랑하는 네가 정말 대견하다.	N	2022-09-07 06:29:44	2022-11-08 05:14:51
BE22017356	5	0	회식 메뉴가 내가 좋아하는 음식으로 선택되다니 정말 기쁘더라고! 먹는 내내 나처럼 감자탕을 좋아하는 가족들 생각이 어찌나 나던지. 퇴근하고 포장해서 갈 생각에 진짜 기분이 좋았어.	N	2022-09-07 06:29:44	2022-09-07 06:29:44
BE22017356	6	1	어릴 때부터 감자탕을 정말 좋아했던 너니까 진짜 기뻤겠다. 맛있는 음식을 같이 나누는 행복함은 그 어떤 것도 따라 올 수가 없지.	N	2022-09-07 06:29:44	2022-11-08 05:14:51
BE22017356	7	0	뜨끈한 국물에 소주 한잔을 마시는데 회사 일의 고됨이 다 날아갈 정도로 맛있더라고. 국물을 다 먹고 볶음밥까지 완벽한 코스로 먹고 나니 천국이 따로 없더라.	N	2022-09-07 06:29:44	2022-11-08 05:14:51
BE22017356	8	1	행복한 저녁 식사를 보냈으니 네가 얼마나 기뻤을까. 요즘같이 쌀쌀한 날씨에는 국물 있는 음식이 몸과 마음을 데워주는 느낌이잖아. 네가 이렇게 기분 좋아하는 모습을 보니 형도 덩달아 기뻐지네.	N	2022-09-07 06:29:44	2022-09-07 06:29:44
BE22017356	9	0	동료들과 이런저런 이야기를 하면서 먹으니 더 꿀맛이더라. 오늘따라 회식조차도 즐겁게만 느껴지네. 콧노래가 나올 정도로 신이 나.	N	2022-09-07 06:29:44	2022-11-08 05:14:51
BE22017356	10	1	가끔 그런 시간에 나누는 이야기가 참 도움이 많이 되지. 맛있는 음식과 함께하면 분위기도 좋을 거고. 네가 이렇게 즐거워하는 모습이 보기 좋다.	N	2022-09-07 06:29:44	2022-11-08 05:14:51
BE22017356	11	0	무척이나 맛있게 먹어서 더욱 가족 생각이 났는지도 몰라. 나처럼 와이프랑 아이들도 감자탕을 좋아하니까 같이 먹으면 좋잖아. 이렇게 밖에서 맛있는 걸 먹으면 항상 가족들이 생각나서 마음이 따듯해져.	N	2022-09-07 06:29:44	2022-11-08 05:14:51
BE22017356	12	1	네가 정말 흐뭇해하는 게 나에게까지 전해진다. 가족에 대한 애정이 듬뿍 느껴지네. 내가 다 미소가 지어질 정도구나.	N	2022-09-07 06:29:44	2022-11-08 05:14:51
BE22017356	13	0	다음에는 형네에도 사서 찾아갈게. 이 맛있는 음식을 형과도 나누면 정말 기분 좋을 것 같아.	N	2022-09-07 06:29:44	2022-09-07 06:29:44
BE22017356	14	1	형까지 생각해주는 배려심 깊은 동생이 있어서 형도 정말 행복하네. 다음에 꼭 같이 감자탕 먹자고!	Y	2022-09-07 06:29:44	2022-11-08 05:14:51
