id	utterance_id	utterance_type	utterance_text	terminate	regDate	updDate
BE22020297	1	0	형 요즘 잘 지내지? 나 오늘 너무 마음 기쁜 일이 있었어.	N	2022-09-23 00:49:46	2022-11-08 05:36:13
BE22020297	2	1	동생아 진짜 오랜만이다. 네가 기쁜 일이라니, 벌써부터 궁금해지는구나.	N	2022-09-23 00:49:46	2022-09-23 00:49:46
BE22020297	3	0	형도 알겠지만 그동안 사업이 너무 어려워서 아이들이랑 맛있는 음식도 먹으러 다니지 못했거든. 이제야 숨 돌릴 여유가 생겨서 아이들이랑 참치회를 먹으러 갔는데 11살인 둘째가 너무 잘 먹더라고. 이런 아이 모습을 보니 이제야 아빠 노릇을 하는 것 같아서 너무 기뻐.	N	2022-09-23 00:49:46	2022-11-08 05:36:13
BE22020297	4	1	자녀가 맛있게 먹고 행복해하는 모습만큼 부모가 기분 좋을 때가 또 없지. 나도 우리 애가 맛있게 스테이크를 먹는 걸 보면 돈이 아깝지가 않더라고. 그래서 네 마음을 충분히 이해해.	N	2022-09-23 00:49:46	2022-09-23 00:49:46
BE22020297	5	0	그동안은 애들이 아빠가 힘든 걸 알아서 먹고 싶은 게 있어도 잘 얘기를 안 했어. 그게 참 신경 쓰고 미안해서 데리고 나왔어. 이렇게 잘 먹는 모습을 보니 너무 기쁜 거 있지.	N	2022-09-23 00:49:46	2022-11-08 05:36:13
BE22020297	6	1	일이 바쁘면 아이들이 어떤 걸 원하는지 민감하게 못 볼 수도 있었을텐데. 너는 아이들의 입장에서 생각하고 노력하는 아빠구나. 내 동생이지만 그 부분은 참 칭찬을 해주고 싶어.	N	2022-09-23 00:49:46	2022-09-23 00:49:46
BE22020297	7	0	잘 먹고 행복해하는 아이들을 보니까 더 열심히 살아야겠다는 동기부여가 되더라고. 사실 아이들보다 더 즐겁고 힘이 나는 건 나였던 것 같아.	N	2022-09-23 00:49:46	2022-11-08 05:36:13
BE22020297	8	1	무언가를 아이들에게 해준 건 부모지만, 부모에게 행복과 힘을 주는 건 아이라고 하잖아. 그 말의 의미를 나도 이제야 이해하게 되는 것 같아. 네 마음 이해해.	N	2022-09-23 00:49:46	2022-09-23 00:49:46
BE22020297	9	0	앞으로는 애들이랑 한 달에 한 번 참치회를 먹으러 가기로 무작정 약속을 했어. 부담이 돼도 아이들을 봐서라도 꼭 약속을 지키려고. 애들이 즐거워하는 모습을 보면 너무 기쁘고 만족스러우니까 전혀 아깝지 않아.	N	2022-09-23 00:49:46	2022-09-23 00:49:46
BE22020297	10	1	그렇게 약속하기가 쉽지 않았을텐데. 분명 아이들은 아빠의 사랑에 무척이나 고마워할거야.	N	2022-09-23 00:49:46	2022-09-23 00:49:46
BE22020297	11	0	마음이 기뻐서 형한테 연락을 했던 건데 얘기하다 보니 내가 더 기뻐지는 것 같아. 형이 너무 잘 들어줘서 그런가봐.	N	2022-09-23 00:49:46	2022-11-08 05:36:13
BE22020297	12	1	동생이 자녀들을 보고 행복해하는 얘기인데 당연히 공감이 될 수밖에 없지. 그래도 네가 더 기쁘다니 나도 좋다.	N	2022-09-23 00:49:46	2022-11-08 05:36:13
BE22020297	13	0	다음부터는 좋은 일이 생기면 형한테 제일 먼저 얘기를 해야겠어. 이렇게 잘 들어주고 함께 기뻐해주는 형이 있다는 게 참 감사한 마음이야.	N	2022-09-23 00:49:46	2022-11-08 05:36:13
BE22020297	14	1	하나뿐인 동생의 얘기라면 언제든지 들어줄 수 있지. 좋은 소식이 있으면 언제든지 연락해도 괜찮아.	N	2022-09-23 00:49:46	2022-11-08 05:36:13
BE22020297	15	0	너무 고마워 형. 다음에는 우리 만나서 얘기 한 번 나누자.	Y	2022-09-23 00:49:46	2022-09-23 00:49:46
