id	utterance_id	utterance_type	utterance_text	terminate	regDate	updDate
BE22016238	1	0	누나, 나도 이제 드디어 내 손으로 돈을 벌게 돼서 얼마나 행복한지 모르겠어. 물론 사장님이 수습 삼 개월 동안은 최저시급보다 조금 적게 주신다고는 했어. 하지만 3개월은 금방 지나갈 거니까.	N	2022-08-29 08:44:21	2022-08-29 08:44:21
BE22016238	2	1	늘 긍정적으로 생각하는 내 동생. 드디어 취직해서 돈을 벌게 되었다니 너무 짜릿해서 날아갈 것 같아. 너도 감격스럽지?	N	2022-08-29 08:44:21	2022-11-08 05:08:04
BE22016238	3	0	미용사가 되기 위해 노력해 왔는데 자격증 취득하고 이렇게 큰 가게에 취직하니 꿈만 같아. 수습 기간 진짜 열심히 배워서 실력을 쌓아서 내공을 다지는 기회로 삼고 싶어.	N	2022-08-29 08:44:21	2022-08-29 08:44:21
BE22016238	4	1	역시 매사에 긍정적으로 생각하는 동생의 모습을 보면 나조차 긍정의 기운으로 가득 찬다니까. 너무 멋있고 배울 점이 많은 동생이어서 너무 좋다. 이 기운 놓치지 말고 쭉 가기를 바랄게.	N	2022-08-29 08:44:21	2022-11-08 05:08:04
BE22016238	5	0	내가 이 자리에 오는 데에 기꺼이 머리를 희생해준 누나 덕이 가장 크다는 거 알지? 내가 첫 용돈 받으면 꼭 보답할 테니 기대해줘.	N	2022-08-29 08:44:21	2022-08-29 08:44:21
BE22016238	6	1	너의 의욕이 넘치는 모습을 보니 내 기분이 좋아져서 설레고 행복하기만 했던 시간이었어. 동생이 나날이 발전해 가는 모습이 얼마나 뿌듯하고 멋지던지. 너 같은 동생을 둔 게 나에게는 가장 큰 자랑이고 축복인걸.	N	2022-08-29 08:44:21	2022-11-08 05:08:04
BE22016238	7	0	그렇게 말해주니 몸 둘 바를 모르겠어. 누나의 머리를 샛노란 색으로 염색했을 땐 솔직히 마음속으로 긴장했었어. 그래도 웃으며 괜찮다고 말해주던 누나 덕에 이렇게 취직하고 수습 기간을 맞이한 거야.	N	2022-08-29 08:44:21	2022-08-29 08:44:21
BE22016238	8	1	열심히 하려고 최선을 다하는 동생을 보며 작은 일조라도 할 수 있어서 기분이 좋았어. 이제 수습 딱지 떼기 전까지 또 다른 고난이 있겠지만 그때마다 너에게 힘을 주고 싶어. 내가 할 수 있는 한 무엇이든 말이야.	N	2022-08-29 08:44:21	2022-11-08 05:08:04
BE22016238	9	0	비록 당분간은 박봉이긴 하겠지만 드디어 스스로 돈을 벌 수 있게 되어 얼마나 좋은지 몰라. 수습 기간 많은 실수를 하게 되겠지만 이 분야 최고가 되는 그날까지 열심히 해볼 거야. 누나의 머리를 양분 삼아 키워나가던 그때의 나처럼 계속 열정적으로 말이야.	N	2022-08-29 08:44:21	2022-08-29 08:44:21
BE22016238	10	1	실수를 통해서 점점 실력이 자라나 뿌듯해하던 너의 모습이 떠오른다. 머리야 다시 자라면 되니 솔직히 나는 신경 쓰이지 않았어. 구슬땀 흘려가며 집중하던 너의 모습이 무척 아름다워 보였거든.	N	2022-08-29 08:44:21	2022-11-08 05:08:04
BE22016238	11	0	누나는 이렇게 늘 나의 기를 살려주는 것 같아. 부족함이 많은 동생을 위해 많이 도와줘서 얼마나 고마운지 몰라. 다시 태어나도 우리 누나의 동생으로 태어나고 싶다.	N	2022-08-29 08:44:21	2022-08-29 08:44:21
BE22016238	12	1	이렇게 말도 예쁘게 하고 다른 이의 배려에 고마움을 아는 슬기로운 동생이어서 자랑스럽다. 원하던 미용사로서 초심을 잃지 말고 긍정적인 태도로 성장한다면 분명히 이 분야의 최고가 될 거야. 현재의 대우에 신경 쓰지 말고 미래를 보고 나아가기를 바라.	N	2022-08-29 08:44:21	2022-11-08 05:08:04
BE22016238	13	0	누나의 칭찬과 격려에 진짜 내가 그동안 열심히 잘 해왔다는 생각에 가슴 뭉클해진다. 조언대로 열심히 해볼게. 한결같은 눈길로 나를 지켜봐 줘, 누나.	N	2022-08-29 08:44:21	2022-08-29 08:44:21
BE22016238	14	1	물론이지. 나에게 네가 얼마나 소중한 사람인데. 평생 너의 든든한 조력자니까 믿어.	N	2022-08-29 08:44:21	2022-11-08 05:08:04
BE22016238	15	0	응, 너무 좋아 우리 누나.	Y	2022-08-29 08:44:21	2022-08-29 08:44:21
