id	utterance_id	utterance_type	utterance_text	terminate	regDate	updDate
BE22017709	1	0	형, 요즘 고슴도치를 키우는 사람들이 늘어나는 것 같아. 카페에서 옆자리 손님들이 고슴도치 이야기를 하더라고. 사실 고슴도치가 진짜 귀엽거든, 괜히 이야기를 듣는데 흐뭇해지고 기쁘더라.	N	2022-09-11 11:58:03	2022-09-11 11:58:03
BE22017709	2	1	고슴도치가 귀여운 걸 네가 어떻게 알아? 책이나 텔레비전 말고 네가 고슴도치 본 적 있어?	N	2022-09-11 11:58:03	2022-09-11 11:58:03
BE22017709	3	0	형한테 처음 말하는 건데, 사실 군대에 있을 때 야간에 고슴도치를 꽤 많이 봤어. 어릴 때 책에서 가시 달린 고슴도치 사진을 보고 나서는, 실제로 보고 싶다며 난리였잖아. 그래서 처음 봤을 때 어찌나 신기하던지, 마치 내 소원이 이루어진 것 같아서 정말 행복했어.	N	2022-09-11 11:58:03	2022-11-08 05:17:03
BE22017709	4	1	와, 정말 처음 듣는 이야기네. 어릴 때부터 가장 좋아하는 동물을 물어보면 고슴도치라고 대답하던 너였는데! 한 번도 아니고 여러 번이라니, 상상이 현실로 이루어지는 경험을 했다는 게 정말 놀랍다.	N	2022-09-11 11:58:03	2022-11-08 05:17:03
BE22017709	5	0	실제로 보니까 생소하면서도 상상한 모습 그대로였는데, 현실감이 없어서 어안이 벙벙했어. 그런데 군대에서 꿈에 그리던 고슴도치를 마주하다니, 정말 짜릿하더라고. 흥분된 티를 낼 수 없어서 표정을 숨기긴 했는데, 속으로는 어깨춤을 들썩거릴 정도였다니까!	N	2022-09-11 11:58:03	2022-11-08 05:17:03
BE22017709	6	1	나도 쉽게 만날 수 없는 뭔가를 현실에서 만나는 순간이 온다면, 순간적으로 움찔했을 것 같아. 어떻게 보면 네게는 행운일 수 있는 만남이었을 테니, 정말 흥분되고 짜릿했겠다. 지금도 신이 나 기뻐하는 게 문자로 느껴지는데, 그 당시엔 얼마나 더 흥분됐을지 상상이 가는걸?	N	2022-09-11 11:58:03	2022-11-08 05:17:03
BE22017709	7	0	유치하게 들릴 수도 있는데, 나는 고슴도치와 한 공간에 있는 게 정말 동화 같았어. 가시가 달린 살아있는 동물이라니, 언제고 한 번쯤은 실물을 보고팠는데 정말 가슴이 벅차더라. 작고 귀여운 게 움직이는 걸 지켜보는 거 자체로 너무 귀여워서 절로 미소가 지어졌어.	N	2022-09-11 11:58:03	2022-09-11 11:58:03
BE22017709	8	1	유치한 게 타박받은 일은 아니잖아. 기분 좋은 일이 있으면 숨기지 않고 솔직하게 표현하는 네가 형은 부러운걸? 좋은 걸 좋다고 표현할 줄 아는 네 솔직함이 주변 사람도 행복한 기분에 취하게 하거든.	N	2022-09-11 11:58:03	2022-11-08 05:17:03
BE22017709	9	0	솔직히 고백하자면 문자를 하는 동안에도 그때 본 고슴도치들을 떠올리니까 내 입꼬리가 씰룩거리는 거 있지? 이미 지나간 일이라도, 행복했던 추억은 아무리 숨기려고 애를 써도 숨겨지지 않는 것 같아.	N	2022-09-11 11:58:03	2022-11-08 05:17:03
BE22017709	10	1	그때 기억이 네게 행복의 요소로 남은 것 같아서 나도 덩달아 기분이 좋아지네. 얼마나 그 순간이 네게 간직하고 싶은 순간으로 남았으면, 상상만으로도 미소가 흐뭇하게 지어질까?	N	2022-09-11 11:58:03	2022-11-08 05:17:03
BE22017709	11	0	가끔 사회에서 안 좋은 일이 생기고, 인류애가 바사삭 사라질 때가 오면 가끔 그때를 떠올려. 내가 언제 또 그렇게 많은 고슴도치를 자연에서 마주할 수 있겠어? 평온하고 평화로웠던 그 순간을 마음속에서 다시 되새겨 보면 기분이 정말 좋더라고.	N	2022-09-11 11:58:03	2022-09-11 11:58:03
BE22017709	12	1	네 말대로 나쁜 감정에 잠식될 때, 이겨내고 싶은 순간에 그걸 떠올린다면 좋을 것 같아. 나도 가끔은 힘든 순간에 일부러라도 좋은 기억을 떠올리는데, 그러면 정말 마음이 그렇게 바뀌더라고. 힘들 때 가슴이 뭉클하면서도 흐뭇했던 고슴도치들을 떠올리는 네 마음을 알 것 같아.	N	2022-09-11 11:58:03	2022-11-08 05:17:03
BE22017709	13	0	기쁘고 행복했던 기억이 두고두고 내게 좋은 원동력이 되듯, 사람들도 그랬으면 좋겠어. 내가 좋아하는 걸 떠올리는 마음이란, 마치 신이 난 아이가 된 기분이랄까? 언제든 기분 좋고 흐뭇한 시절을 내 마음으로 불러올 수 있는 게 참 멋진 일이잖아.	N	2022-09-11 11:58:03	2022-09-11 11:58:03
BE22017709	14	1	싫어하는 게 많아지는 요즘, 좋아하는 거에 집중하며 긍정적으로 생각하는 네가 참 멋있고 대견하다. 덕분에 행복과 기쁨이 먼 곳에만 있는 게 아니라 의외로 가까운 곳에 있단 걸 배우네.	Y	2022-09-11 11:58:03	2022-09-11 11:58:03
