id	utterance_id	utterance_type	utterance_text	terminate	regDate	updDate
BE22019601	1	0	누나가 알려준 여행사 통해서 지난주에 하와이 갔다 왔어. 바닷가나 새로운 환경들이 호기심을 자극했었는데 그중에 최고는 스카이다이빙이었어. 내 버킷리스트에 있던 하나를 이룰 수 있어서 너무 기분 좋아.	N	2022-09-22 03:02:54	2022-11-08 05:35:00
BE22019601	2	1	재밌다고 추천해줬는데 겁먹고 못 할 거 같다고 하더니 했어? 군대 다녀오더니 정말 겁이 없어졌나 보네! 네가 만족하는 거 보니 내가 기분이 좋다.	N	2022-09-22 03:02:54	2022-11-08 05:35:00
BE22019601	3	0	그동안 왜 안 했을까 후회도 됐고 고민했던 시간이 너무 아까워. 그 시간이면 몇 번을 더 뛰었을 거 같은데 너무 아쉽다. 그래도 하와이 하늘이 너무 맑고 깨끗해서 마치 내가 한 마리 새가 된 것 같았어.	N	2022-09-22 03:02:54	2022-09-22 03:02:54
BE22019601	4	1	내가 추천한 이유 중 하나이기도 해. 네가 이렇게 만족하며 좋아할 줄 몰랐는데 내가 더 뿌듯하다!	N	2022-09-22 03:02:54	2022-11-08 05:35:00
BE22019601	5	0	누나가 신경 써주고 알아봐 주고 권해준 덕분이지. 이런 경험을 어디 가서 또 해볼 수 있겠어!	N	2022-09-22 03:02:54	2022-09-22 03:02:54
BE22019601	6	1	하늘을 날 수 있다는 게 어떤 의미인지 사실 몰랐는데, 그걸 경험했던 거 같아. 안 뛸 거 같아서 그냥 추천만 했던 건데 도전 정신은 높이 사주고 싶다.	N	2022-09-22 03:02:54	2022-11-08 05:35:00
BE22019601	7	0	겁은 많이 나기는 했지만 누나가 너무 추천하니까 용기를 얻었어. 내가 여행 가서 새로운 세상을 알게 해줘서 정말 고마워!	N	2022-09-22 03:02:54	2022-09-22 03:02:54
BE22019601	8	1	가족끼리 새삼스럽게 고맙다고 그러기는, 결정은 네가 하고 뛰어내린 거야. 겁 많은 네가 얼마나 고민하고 결정했을지 마음은 쓰이네.	N	2022-09-22 03:02:54	2022-11-08 05:35:01
BE22019601	9	0	정말 할까 말까 고민했는데 하고 후회하는 게 나을 거 같았어. 내가 너무 만족스러웠으니까 겁쟁이로 보지 않았으면 좋겠어. 여름휴가 때는 번지 점프에 도전해 보고 싶어서 살짝 설레어.	N	2022-09-22 03:02:54	2022-11-08 05:35:01
BE22019601	10	1	시작이 두려웠을 것 같지만 이번 도전은 나중에도 회사 생활할 때 도움이 될 거야. 고소공포증이 있어서 높은 곳은 정말 무서워했는데 그걸 이겨 낸 것 같아 보기 좋다. 나중에 여자친구랑 같이 놀이공원도 가서 재미있는 롤러코스터도 도전해 보길 바라.	N	2022-09-22 03:02:54	2022-11-08 05:35:01
BE22019601	11	0	누나 말처럼 어려운 일이 생기면 도망가지 않고 부딪혀 이겨 내 볼게. 모든 일에 자신감이 생기니까 요즘 하루하루가 너무 신나고 즐거워.	N	2022-09-22 03:02:54	2022-09-22 03:02:54
BE22019601	12	1	네가 자꾸 그러니 또 하와이 가서 또 하고 싶어진다. 신랑한테 이야기해볼까?	N	2022-09-22 03:02:54	2022-11-08 05:35:01
BE22019601	13	0	매형하고 이야기해서 우리 커플하고 같이 가자! 이번에는 더 높은 곳에서 뛰어내려 보고 싶어!	N	2022-09-22 03:02:54	2022-09-22 03:02:54
BE22019601	14	1	요즘 바쁜 것 같아서 얼굴 볼 시간도 없어. 바로는 힘들겠지만, 같이 가도록 해보자.	Y	2022-09-22 03:02:54	2022-09-22 03:02:54
