id	utterance_id	utterance_type	utterance_text	terminate	regDate	updDate
BE22009736	1	0	언니. 나 취업한 지 1년 된 기념으로 처음으로 신용카드를 만들었어.	N	2022-07-18 06:16:49	2022-11-08 04:27:07
BE22009736	2	1	시간이 벌써 그렇게나 흘렀구나. 우리 동생, 사회 초년생으로서 정말 힘들었을 텐데 잘 버텼다!	N	2022-07-18 06:16:49	2022-11-08 04:27:07
BE22009736	3	0	고마워. 나도 나 자신을 축하해 주는 의미로 신용카드를 만들어 보았어. 이제 나도 경제관념이 어느 정도 잡힌 것 같아서, 만들어도 될 것 같았거든. 사실 그전까지는 좀 불안했었어.	N	2022-07-18 06:16:49	2022-11-08 04:27:07
BE22009736	4	1	네 말이 정말 일리가 있어. 신용카드는 내가 내 소비 습관을 잘 파악하고 나서 만들어야 의미가 있으니까. 네가 왜 불안했는지, 왜 이제 자신이 생겼는지 네 마음을 충분히 알 것 같아.	N	2022-07-18 06:16:49	2022-11-08 04:27:07
BE22009736	5	0	그렇지? 이 신용카드로 병원비 같은 건 할부로 결제할 거야. 든든한 보험이 있는 것 같아 너무 기쁘고 행복해!	N	2022-07-18 06:16:49	2022-11-08 04:27:07
BE22009736	6	1	너는 나이답지 않게 정말 현명하고 똑 부러지는 아이야. 나는 네 나이 때 그런 개념을 잘 몰랐었거든. 넌 어디서 뭘 하더라도 손해 보지 않고 똑똑하게 앞가림을 하는 아이 같아서 정말 멋있어.	N	2022-07-18 06:16:49	2022-11-08 04:27:08
BE22009736	7	0	언니가 그렇게 칭찬해 주니까 기분이 너무 좋다. 이게 다 어릴 때부터 언니를 보면서 경제관념을 기른 덕이지.	N	2022-07-18 06:16:49	2022-11-08 04:27:08
BE22009736	8	1	나도 오늘 네가 무척 기쁘고 들떠 보여서 덩달아 행복해지는 것 같아. 네 덕에 나도 늘 새로운 걸 배우고, 어렸을 때의 나를 떠올리면서 반성하게 돼. 넌 정말 좋은 동생이야.	N	2022-07-18 06:16:49	2022-11-08 04:27:08
BE22009736	9	0	오늘 나를 너무 칭찬해 주는 거 아니야? 기분이 하늘을 나는 것 같아!	N	2022-07-18 06:16:49	2022-11-08 04:27:08
BE22009736	10	1	나로 인해 네가 행복하다고 하니까 나도 너무 기쁘다. 너는 내 하나뿐인 동생이니까, 네가 행복한 게 곧 내 행복이기도 하거든.	N	2022-07-18 06:16:49	2022-11-08 04:27:08
BE22009736	11	0	나도 이렇게 다정하고 착한 언니가 내 언니라서 너무 기뻐. 이 신용카드로 언니한테 맛있는 거 사줄게. 얼른 만나자!	N	2022-07-18 06:16:49	2022-11-08 04:27:08
BE22009736	12	1	카드로 언니 밥 사줄 생각을 하다니 정말 기특한데? 얼른 시간 내서 약속을 잡아 보자. 나도 네가 카드 만든 기념으로 멋진 선물을 하나 챙겨 갈게.	N	2022-07-18 06:16:49	2022-11-08 04:27:08
BE22009736	13	0	알았어. 오늘 언니 덕분에 너무 행복해. 내가 하는 모든 이야기에 귀 기울여 줘서 정말 고마워.	N	2022-07-18 06:16:49	2022-11-08 04:27:08
BE22009736	14	1	나도 네가 이렇게 기쁘고 즐거운 일을 공유해 주어서 고마워. 덕분에 나까지 행복한 하루를 보낼 수 있을 것 같아.	N	2022-07-18 06:16:49	2022-11-08 04:27:08
BE22009736	15	0	앞으로도 지금처럼 친구 같은 자매 사이가 되자. 난 앞으로 언니에게 기쁜 일, 힘든 일 다 이야기할 거야.	N	2022-07-18 06:16:49	2022-11-08 04:27:08
BE22009736	16	1	좋지. 나는 네 모든 이야기들을 다 들어줄 준비가 되어 있어.	Y	2022-07-18 06:16:49	2022-11-08 04:27:08
