id	utterance_id	utterance_type	utterance_text	terminate	regDate	updDate
BE22014654	1	0	언니 잘 지내고 있지? 요즘 날씨가 무척 덥다. 나 언니한테 나누고 싶은 얘기가 있어.	N	2022-08-19 02:04:15	2022-08-19 02:04:15
BE22014654	2	1	동생아 오랜만이야. 그러게, 무더위가 좀 지나갔으면 좋겠어. 너는 무슨 일이 있는 것 같네?	N	2022-08-19 02:04:15	2022-11-08 04:58:14
BE22014654	3	0	아니 언니 내가 셋째가 태어나고부터 체력이 급격하게 떨어져서 걱정이 이만저만이 아니었거든. 그런데 이번에 친한 이웃 주민분이 애 셋 키우려면 수영을 해보라고 추천해준 거야. 그래서 오늘부터 수영을 시작했는데 가족들을 위해 체력을 기를 생각을 하니 너무 기쁘다.	N	2022-08-19 02:04:15	2022-11-08 04:58:14
BE22014654	4	1	떨어진 체력 때문에 걱정이 컸을 텐데 회복할 수 있는 좋은 계기가 생겨서 너무 다행이다. 좋은 체력을 길러 가족을 돌보려는 네 마음이 너무 기특하고 멋있다.	N	2022-08-19 02:04:15	2022-11-08 04:58:14
BE22014654	5	0	좋게 봐줘서 고마워 언니. 남편도 곧 진급시험이 있고, 첫째도 초등학교 입학이기도 하고. 고민이 좀 많았는데 해결할 기회가 생겨서 너무 신이 나.	N	2022-08-19 02:04:15	2022-11-08 04:58:14
BE22014654	6	1	고민을 싹 없앨 수 있는 좋은 방법을 찾았는데 누가 기분이 안 좋을 수 있겠어. 너는 남을 위해 노력하면서 본인이 더 마음으로 기뻐하는 성격이잖아. 배려하고 긍정적인 성격이 정말 큰 장점인 것 같아.	N	2022-08-19 02:04:15	2022-11-08 04:58:14
BE22014654	7	0	내가 제일 아끼는 우리 가족이니까. 예전에 우리 엄마도 우리 키우려면 체력 길러야 한다고 산 타러 다녔던 거 기억나지? 나도 피는 못 속이나 봐.	N	2022-08-19 02:04:15	2022-11-08 04:58:14
BE22014654	8	1	가족을 위해 아끼지 않고 헌신하는 네 마음이 엄마를 무척 닮은 것 같아. 엄마가 우리 자매를 키우셨듯이 너도 사랑하는 마음으로 노력하는 모습이 보기 좋다.	N	2022-08-19 02:04:15	2022-11-08 04:58:14
BE22014654	9	0	그렇게 말해줘서 고마워. 그렇다고 나만 이렇게 노력하는 건 아니야. 우리 남편도 퇴근하고 피곤할 텐데 늘 뭐라도 도와주겠다는 모습을 보면 절로 힘이 난다니까?	N	2022-08-19 02:04:15	2022-11-08 04:58:14
BE22014654	10	1	가정일에 지쳤을 때 남편이 그렇게 도와주면 기분이 무척 좋겠다. 나도 힘들 때 가족들이 도와주면 힘이 정말 났던 경험이 있어서, 네 마음을 이해해. 부모님이 서로 도와주는 좋은 모습 보고 자라는 애들은 얼마나 이쁘게 클까?	N	2022-08-19 02:04:15	2022-11-08 04:58:14
BE22014654	11	0	역시 우리 언니는 사람 기분 좋게 말을 해준다니까. 맞아 우리가 좋은 모습을 보여줘서 그런가? 첫째랑 둘째도 서로 양보하고 셋째 돌보려고 하는 모습을 보면 너무 기특하다니까.	N	2022-08-19 02:04:15	2022-08-19 02:04:15
BE22014654	12	1	사랑스러운 가족을 위해 연습하는 네 마음이 조금 더 이해될 것 같아. 이런 좋은 얘기를 들으니까 나도 마음이 꽃밭에 온 것처럼 좋아진다.	N	2022-08-19 02:04:15	2022-11-08 04:58:14
BE22014654	13	0	기쁜 얘기는 우리 언니랑 나눠야 배가 된다니까. 내 얘기에 자기 일처럼 공감해주는 건 언니밖에 없더라고.	N	2022-08-19 02:04:15	2022-11-08 04:58:14
BE22014654	14	1	당연하지. 내 동생에게 좋은 일은 나에게 좋은 일인 건데 함께 기뻐해야지. 수영을 통해 체력을 열심히 길러, 동생아.	N	2022-08-19 02:04:15	2022-11-08 04:58:14
BE22014654	15	0	응, 언니. 체력 열심히 기른 다음에 명절에 본가에서 보도록 해! 조심히 들어가.	Y	2022-08-19 02:04:15	2022-11-08 04:58:14
