id	utterance_id	utterance_type	utterance_text	terminate	regDate	updDate
BE22017644	1	0	막냇동생아, 둘째가 마카롱을 사 왔어. 지금 먹으러 올래? 얘가 이런 걸 사 오는 날이 있다니 기쁘다.	N	2022-09-10 01:57:07	2022-11-08 05:16:39
BE22017644	2	1	정말이야? 둘째 형이 마카롱을 다 사 왔다니 정말 신기하고 기쁜 일이다. 너무나도 기대돼.	N	2022-09-10 01:57:07	2022-11-08 05:16:39
BE22017644	3	0	사실 이번에 내가 원하던 기업 면접에 합격을 했잖아. 기특하게도 그 축하의 의미로 사 왔다고 하더라고. 그래서 기분이 날아갈 것만 같아.	N	2022-09-10 01:57:07	2022-11-08 05:16:40
BE22017644	4	1	오 정말이야? 형 너무 축하해. 첫째 형이 너무나도 가고 싶어 했던 곳이잖아. 정말 그 노력의 결실을 이뤄내서 나도 기쁘다.	N	2022-09-10 01:57:07	2022-11-08 05:16:40
BE22017644	5	0	내가 면접 준비한다고 그동안 너희들에게 신경을 많이 못 써 줘서 미안했었어. 그런데도 이렇게 나를 축하해 주다니 맏이로서 면목 없지만 정말 고마워. 이제 나도 사랑하는 너희들에게 보답해 줄 수 있는 상황이 되어서 기뻐.	N	2022-09-10 01:57:07	2022-11-08 05:16:40
BE22017644	6	1	정말 그렇게 미안해할 마음인 줄 몰랐어. 나는 당연히 가족으로서 형의 꿈을 응원했을 뿐이야. 그 노력은 형의 것이니까 정말 대단하고 더 축하해 주고 싶어.	N	2022-09-10 01:57:07	2022-11-08 05:16:40
BE22017644	7	0	나는 너희들이 나를 이렇게 자랑스럽게 생각해 주는 줄 몰랐어. 그동안 나는 못난 모습만 보인 거 같은데 이런 나를 자랑스럽다고 해 줘서 너무나도 행복해. 이제 이 행복을 너희들과 나눌 수 있으면 정말 좋겠다.	N	2022-09-10 01:57:07	2022-11-08 05:16:40
BE22017644	8	1	형은 항상 책임감이 강해서 우리 때문에 많은 부담 느끼는 거 알아. 하지만 형은 누구보다 열심히 하고 있으니까 좀더 형 자신을 챙겨줘도 좋은걸. 그만큼 우리가 형을 더 아껴줄 수 있는 거라고 생각해.	N	2022-09-10 01:57:07	2022-11-08 05:16:40
BE22017644	9	0	나 지금 너무 행복한 거 같아. 너희 같은 동생들이 나의 가족이라니 나는 굉장히 행운이야. 지금처럼 우리가 서로 격려하고 지지해 주는 관계로 남아 있으면 바랄 게 없겠어.	N	2022-09-10 01:57:07	2022-11-08 05:16:40
BE22017644	10	1	나도 그래 형. 나는 우리 가족 덕분에 너무나도 큰 행복을 느껴. 그중에서 형의 역할이 정말 컸었기 떄문에 고마운 마음이 아주아주 크단 거 알아주면 좋겠어.	N	2022-09-10 01:57:07	2022-11-08 05:16:40
BE22017644	11	0	그래, 이제 내가 상황이 안정되었으니 나의 걱정은 이제 그만하고 내가 너희들을 더 신경 쓸게. 나에게 바라는 게 있으면 언제든지 얘기 해 주면 좋겠어. 언제나 나의 첫 번째는 우리 가족들이야.	N	2022-09-10 01:57:07	2022-11-08 05:16:40
BE22017644	12	1	형, 그렇게 말해 줘서 너무나도 감동이야. 형이 그동안 겪었을 어려움의 조금만이라도 덜었으면 좋겠었어. 그런데 이렇게 홀가분한 마음이 느껴지니 나도 더 바랄 것이 없어.	N	2022-09-10 01:57:07	2022-11-08 05:16:40
BE22017644	13	0	맞아, 지금까지는 너무 힘들었지만, 너희들 덕분에 버틸 수 있었어. 이제 내가 너희들이 힘들 때 버텨줄 든든한 울타리가 되어 줄게. 언제나 나를 지지해 줬던 너희들에게 고맙단 말을 하고 싶어.	N	2022-09-10 01:57:07	2022-11-08 05:16:40
BE22017644	14	1	형은 내가 아는 사람 중에 가장 믿음직하고 듬직한 사람이야. 형이 나에게 고맙다고 해 주는 마음이 정말 소중해. 우리 가족을 항상 신경 써 주는 거 잘 알고 있어서 고마워.	N	2022-09-10 01:57:07	2022-11-08 05:16:40
BE22017644	15	0	그래 얼른 집에 와서 셋이서 즐겁게 마카롱 먹으며 남은 이야기들 나누자. 고마워.	Y	2022-09-10 01:57:07	2022-09-10 01:57:07
