id	utterance_id	utterance_type	utterance_text	terminate	regDate	updDate
BE22002206	1	0	형. 바빠? 제발 내 문자에 답장 좀.	N	2022-06-20 09:26:19	2022-11-08 03:38:42
BE22002206	2	1	아, 게임 중인데 귀찮게. 왜?	N	2022-06-20 09:26:19	2022-11-08 03:38:42
BE22002206	3	0	진짜 대박사건 하나 있어. 이걸 누구한테든 털어놔야 해. 나 헤어진 전 여친 있잖아!	N	2022-06-20 09:26:19	2022-11-08 03:38:42
BE22002206	4	1	응 알지. 네가 아직도 좋아해서 목매달고 있는 그 예쁘장한 여자애?	N	2022-06-20 09:26:19	2022-11-08 03:38:42
BE22002206	5	0	응. 걔! 나 걔랑 조별 과제 한 팀 됐어! 지금 너무 신나서 혼자 내적으로 춤추고 있어.	N	2022-06-20 09:26:19	2022-11-08 03:38:42
BE22002206	6	1	어? 진짜? 같은 과인데도 얼굴 마주치기가 그렇게 어렵다고 징징거리더니, 조별 과제 한 팀이면 얼굴 자주 보겠네. 네가 신날 만하다. 나 같아도 좋아하는 여자애랑 조별 과제 한 팀 되면 신나서 춤출 듯.	N	2022-06-20 09:26:19	2022-11-08 03:38:42
BE22002206	7	0	얘가 진짜 나랑 마주치기 싫어서 피해 다니나 싶을 정도로 얼굴 보기 힘들었는데. 아, 진짜 기분 하늘로 날아갈 거 같아.	N	2022-06-20 09:26:19	2022-11-08 03:38:42
BE22002206	8	1	그렇게 매정하게 널 차버린 사람인데도 좋아? 포기가 전혀 안 돼?	N	2022-06-20 09:26:19	2022-11-08 03:38:42
BE22002206	9	0	응. 내가 신경 못 써줘서 차인 거고 내 잘못인데 내가 걔를 안 좋아할 이유가 없잖아. 시간을 되돌려서라도 다시 만나고 싶어. 지금이야말로 실수를 만회할 기회인 거 같아.	N	2022-06-20 09:26:19	2022-11-08 03:38:42
BE22002206	10	1	보통 사람이면 자존심 상해서 더 못 좋아할 텐데, 네 끈기와 열정은 진짜 대단한 거 같다. 본받을 만해. 그렇게 계속 포기 안 하면 분명 기회가 올 거다.	N	2022-06-20 09:26:19	2022-11-08 03:38:42
BE22002206	11	0	나도 그렇게 생각해. 그리고 나는 절대 부담스러울 정도로 다가서진 않아. 형도 알잖아.	N	2022-06-20 09:26:19	2022-11-08 03:38:42
BE22002206	12	1	알지. 자연스럽게 마주치고 자연스럽게 다시 만나고 싶다고 연락은 죽어도 안 하잖아.	N	2022-06-20 09:26:19	2022-11-08 03:38:42
BE22002206	13	0	응. 내 연락에 부담스러워하면 어떡해. 안 그래도 헤어질 때 구질구질하게 매달렸는데, 아무튼 이제 얼굴 자주 볼 수 있어. 나 벌써 심장이 막 두근거려!	N	2022-06-20 09:26:19	2022-11-08 03:38:42
BE22002206	14	1	네가 신나서 이렇게 설레발 치는 모습 보니까 내가 덩달아 기쁘다. 분명 다시 잘될 수 있을 거야.	N	2022-06-20 09:26:19	2022-11-08 03:38:42
BE22002206	15	0	응원해줘서 고마워 형. 좋은 소식 들고 다시 연락할게!	N	2022-06-20 09:26:19	2022-11-08 03:38:42
BE22002206	16	1	그래. 응원할게. 넌 해낼 수 있을 거다.	Y	2022-06-20 09:26:19	2022-11-08 03:38:42
