id	utterance_id	utterance_type	utterance_text	terminate	regDate	updDate
BE22006667	1	0	언니 나 오늘 퇴근하고 어디 다녀왔는지 알아?	N	2022-07-06 14:09:45	2022-11-08 04:07:23
BE22006667	2	1	어딜 다녀왔길래 이렇게 신이 나 보이지?	N	2022-07-06 14:09:45	2022-11-08 04:07:23
BE22006667	3	0	나 간호조무사 학원에 드디어 등록했어!	N	2022-07-06 14:09:45	2022-11-08 04:07:23
BE22006667	4	1	예전부터 꼭 배워보고 싶다고 하더니 결국 등록했구나. 너무 축하해!	N	2022-07-06 14:09:45	2022-11-08 04:07:24
BE22006667	5	0	사실 나 어렸을 때부터 간호사가 되고 싶었거든. 근데 우리 집 형편이 어려우니까 그냥 바로 일할 수 있는 곳에 취업했던 거였잖아. 이제야 내가 하고 싶은 꿈을 위해 한 발자국 나아간 기분이라 너무 기뻐!	N	2022-07-06 14:09:45	2022-11-08 04:07:24
BE22006667	6	1	그래, 내가 곁에서 계속 지켜봐 와서 누구보다 잘 알지. 너한테 이렇게 이야기 듣기만 해도 신이 나는데 너는 얼마나 더 좋을지 상상이 안 된다. 나라도 오래 기다리던 일을 실현하는 거니까 너무 기쁠 것 같은걸?	N	2022-07-06 14:09:45	2022-11-08 04:07:24
BE22006667	7	0	역시 언니는 내 마음을 너무 잘 알아주는구나! 기쁨은 나눌수록 더 커지는 건가 봐. 혼자 등록하고 나올 때만 해도 두근거리는 설렘과 긴장이 뒤섞여 있었는데, 언니랑 이야기하니까 너무 기뻐!	N	2022-07-06 14:09:45	2022-11-08 04:07:24
BE22006667	8	1	그동안 간호사가 되고 싶은 마음 꾹 참고 현실적인 이유 때문에 다른 직장 다니면서 일하느라 고생 많았어. 너가 이렇게 기쁘다니까 내 마음이 다 좋네.	N	2022-07-06 14:09:45	2022-11-08 04:07:24
BE22006667	9	0	엄마가 오랫동안 아프셨을 때 내가 더 잘 간호해 드릴 수는 없을까? 이렇게 생각했었거든. 그래서 나도 모르게 간호사에 대한 꿈을 더 키우게 됬던것 같기도 해.	N	2022-07-06 14:09:45	2022-11-08 04:07:24
BE22006667	10	1	그래서 간호사가 되고 싶다고 마음먹었던 거였구나! 학원은 얼마나 다녀야 해?	N	2022-07-06 14:09:45	2022-11-08 04:07:24
BE22006667	11	0	일단 지금 다니는 직장을 당장 그만둘 수는 없으니까, 병행하려고 해! 간호조무사 학원만 다니면 더 빨리 코스를 끝낼 수 있을 텐데 병행해야 되서 조금 더 걸릴 것 같아.	N	2022-07-06 14:09:45	2022-11-08 04:07:24
BE22006667	12	1	나라면 아무리 하고 싶은 일이 있어도 지금 하는 일이 있으면 시작하기 어려웠을 것 같거든. 근데 너는 용기 있게 새로운 일을 시작했다는 게 정말 대단하다! 이런 부분은 나도 배워야 할 것 같은데?	N	2022-07-06 14:09:45	2022-11-08 04:07:24
BE22006667	13	0	언니가 이렇게 칭찬해주니까 더 으쓱하게 되는걸? 나도 처음에는 쉽지 않았는데 더 망설이면 아예 못하게 될까 봐 이제라도 용기를 내 보았어!	N	2022-07-06 14:09:45	2022-11-08 04:07:24
BE22006667	14	1	그래, 너무 잘했어! 이왕 시작한 거 끝까지 힘내보자. 너라면 잘 해낼 수 있을 테니, 나도 곁에서 응원하고 도울게!	N	2022-07-06 14:09:45	2022-11-08 04:07:24
BE22006667	15	0	언니 응원받고 더 힘내볼게, 정말 고마워!	Y	2022-07-06 14:09:45	2022-11-08 04:07:24
