id	utterance_id	utterance_type	utterance_text	terminate	regDate	updDate
BE22013531	1	0	언니, 언니가 깜짝 놀랄 만한 기쁜 소식이 있어. 듣고 너무 놀라지 마.	N	2022-08-09 00:52:29	2022-08-09 00:52:29
BE22013531	2	1	좋은 소식이라니, 도대체 뭐야?	N	2022-08-09 00:52:29	2022-08-09 00:52:29
BE22013531	3	0	나, 경쟁사에서 스카우트 제의받았는데, 연봉이 엄청나. 무려 내 연봉의 2배를 주고 나를 스카우트하고 싶대. 그 소식을 듣는 순간 펄쩍 뛸 듯이 기뻤어.	N	2022-08-09 00:52:29	2022-11-08 04:51:01
BE22013531	4	1	와, 정말 말도 안 되게 기쁜 소식이네. 우리 동생, 너무 멋있는데? 정말 믿을 수 없이 좋은 일이 일어났구나.	N	2022-08-09 00:52:29	2022-11-08 04:51:01
BE22013531	5	0	맞아, 나 너무 기뻐서 눈물이 날 뻔했잖아. 안 그래도 내가 이 회사에서 이직하고 싶어서 알아보던 중이었는데. 이런 연락을 받으니 그래도 나를 찾아주는 사람이 있구나 싶어서 행복했어.	N	2022-08-09 00:52:29	2022-11-08 04:51:01
BE22013531	6	1	정말 잘 되었다, 언니도 덩달아 너무 행복해. 우리 동생이 그동안 열심히 해왔고 마음고생도 한 거 알지. 그 과정을 모두 지켜봤기에 내 일처럼 기쁜 것 같아.	N	2022-08-09 00:52:29	2022-11-08 04:51:01
BE22013531	7	0	정말 모든 것이 술술 풀리고 있어. 사실 이 회사를 떠나고 싶어서 회사에도 퇴직 의사를 은근히 밝혀놓은 상태였거든. 안되면 그냥 쉬어야지 했는데 내 인생에 가장 큰 행운이 찾아온 것 같아.	N	2022-08-09 00:52:29	2022-08-09 00:52:29
BE22013531	8	1	우리 동생이 열심히 해서 행운이 제 발로 찾아온 거지. 이직을 하면 돈도 많이 받고 좋은 사람들만 있을 거야. 우리 동생 꽃길만 걸을 거라고 언니는 믿어.	N	2022-08-09 00:52:29	2022-11-08 04:51:01
BE22013531	9	0	고마워 언니, 이직하는 회사에서 돈을 많이 주는 만큼 내가 더 잘해야겠다는 부담감이 들기도 해. 기쁜 마음 반, 불안한 마음 반이야. 나 잘 할 수 있겠지?	N	2022-08-09 00:52:29	2022-08-09 00:52:29
BE22013531	10	1	걱정하지 마, 동생, 너는 내가 아는 최고의 회계사인걸. 일을 잘했으니 스카우트 제의도 받은 거지, 언니는 네가 정말로 자랑스럽다. 너에게 행운이 찾아온 것이 뛸 듯이 기뻐.	N	2022-08-09 00:52:29	2022-11-08 04:51:01
BE22013531	11	0	언니가 그렇게 말해 주니 용기와 자신감이 생겨. 이런 기쁜 소식을 언니한테 가장 먼저 전하고 싶었거든. 그동안 나 많이 도와줘서 고마워, 언니.	N	2022-08-09 00:52:29	2022-11-08 04:51:01
BE22013531	12	1	아니야, 우리 동생이 씩씩하게 잘 커 줘서 언니가 더 고맙지. 언니는 네가 성공할 줄 알았다.	N	2022-08-09 00:52:29	2022-11-08 04:51:01
BE22013531	13	0	나 돈 많이 벌어서 꼭 언니한테 보답할게. 이 기쁜 소식을 다른 가족들에게도 알려줘야겠다.	N	2022-08-09 00:52:29	2022-08-09 00:52:29
BE22013531	14	1	그래 동생 기대하고 있을게, 이따 또 연락하자.	Y	2022-08-09 00:52:29	2022-08-09 00:52:29
