id	utterance_id	utterance_type	utterance_text	terminate	regDate	updDate
BE22015262	1	0	언니, 진짜 너무 좋다! 오늘 눈 온다고 해서 걱정했는데 눈도 살짝 와서 운전도 어렵지 않았고. 이렇게 시간도 잘 맞춰서 밤바다 볼 수 있게 되어서 말이야!	N	2022-08-23 03:04:17	2022-11-08 05:02:00
BE22015262	2	1	그러니까. 한 해의 마지막 날 이렇게 꿈에 그리던 동해 바닷가에 와서 새해를 맞이할 수 있다니 정말 꿈만 같겠다. 다음에는 나도 너와 함께 그 행복을 느끼고 싶다.	N	2022-08-23 03:04:17	2022-11-08 05:02:00
BE22015262	3	0	언니도 나와 함께 행복한 시간 보내고 싶다고 말해주니 정말 감동이다. 사실 올 한해 너무 힘든 시간을 보냈는데, 이렇게 고요한 밤바다를 보니 많은 생각이 스쳐 가. 그리고 한 해를 무사히 잘 마무리 한 기분이 들면서 너무 기쁘네.	N	2022-08-23 03:04:17	2022-11-08 05:02:00
BE22015262	4	1	정말? 이번 한 해 동안 재수하면서 정말 많이 힘들었을 것 같아 걱정이 많았는데. 이렇게 네가 기분 좋고 만족하는 모습을 보니 안도의 마음이 들면서 다행이라는 생각이 마구 든다. 앞으로는 더욱 행복할 일만 가득할 것 같은데?	N	2022-08-23 03:04:17	2022-11-08 05:02:00
BE22015262	5	0	이렇게 언제나 내 곁에서 바쁜데도 불구하고 걱정하고 응원해주는 언니가 있다는 존재만으로도 든든했고. 그 덕분에 힘들어도 웃으면서 재수 생활 잘 이겨내고 기쁨의 결과 얻을 수 있었던 것 같아! 정말 고맙다는 말 하려고 연락했어.	N	2022-08-23 03:04:17	2022-11-08 05:02:00
BE22015262	6	1	이렇게 우리가 평소에 말로만 하던 겨울 밤바다 보면서 속 깊은 이야기를 해주니 기분이 새롭네. 언니도 더 네게 의지할 수 있는 사람으로 곁에서 언제나 네 기쁨 가득한 일상을 응원할게. 앞으로는 하고 싶었던 것들 하나씩 해나가며 우리도 여행 다니도록 해보자!	N	2022-08-23 03:04:17	2022-11-08 05:02:00
BE22015262	7	0	너무 좋은걸? 생각만 해도 벌써 신난다, 진짜. 그때는 부모님도 모시고 함께 가는 거 어떨까! 지금까지 못 했던 새로운 경험을 언니와 함께할 생각을 하니 엄청나게 기대된다, 해외여행 가자!	N	2022-08-23 03:04:17	2022-11-08 05:02:00
BE22015262	8	1	좋지! 해외여행도 자주 가자, 새로운 경험을 통해 새로운 것을 많이 느끼면. 오늘처럼 속에 담아두었던 감동적인 깊은 이야기도 많이 나누며. 더할 나위 없이 좋은 시간 보낼 수 있을 것 같아 매우 설렌다!	N	2022-08-23 03:04:17	2022-11-08 05:02:00
BE22015262	9	0	그러게! 이렇게 오늘 겨울 밤바다 보러와서 내일 해돋이까지 보고 버킷리스트를 완성할 생각을 하니 매우 설렌다. 그런데 언니랑 이렇게 이야기하니 앞으로의 계획이 머릿속에 떠오르면서 기분이 더더욱 좋아지네. 진짜 이렇게 앞으로도 좋은 시간 보내면서 자기 계발을 하고 발전해나가며 행복 느끼고 싶어.	N	2022-08-23 03:04:17	2022-11-08 05:02:00
BE22015262	10	1	그렇지. 나도 스무 살이 되고 버킷리스트를 하나씩 완성해 나아갈 때 그 성취감을 정말 말로 표현할 수 없이 좋았어. 우리 동생도 그렇게 하나씩 완성해 갈 생각에 설레하는 모습을 하니 언니로서 옆에서 함께 기다려지는데? 그리고 멋있게 자기 계발도 계획하고 있다니 정말 본받을 점이 많은 동생을 두어 자랑스럽다.	N	2022-08-23 03:04:17	2022-11-08 05:02:00
BE22015262	11	0	언니가 칭찬해주니까 되게 부끄러운걸? 이렇게 행복한 시간에 칭찬까지 받으니 정말 더 앞으로 성공하며 잘해나가고 뿌듯해지고 싶은 마음이 든다. 폭죽도 터지고 이보다 더 좋을 수 없는 분위기에 너무 좋은 칭찬까지 완벽한 시간이어서 너무 행복해.	N	2022-08-23 03:04:17	2022-11-08 05:02:00
BE22015262	12	1	그렇지. 언니도 네가 이렇게 앞으로 해나갈 일을 생각하며 설레하는 모습을 보니 기분이 되게 새롭다. 언제 이렇게 커서 대학에 진학하고, 성인이 되어서 앞으로의 미래를 계획하는지. 오늘 겨울 밤바다를 보며 설레고 기쁜 시간 잔뜩 누리고 즐기기를 바랄게.	N	2022-08-23 03:04:17	2022-11-08 05:02:00
BE22015262	13	0	막내로 언니가 나 많이 보살펴줘서 정말 고마웠지. 그리고 이렇게 오늘까지 의미 있는 날로 만들어주려고 밤바다 여행 보내주어서 고마워. 진짜 앞으로도 더 언니에게 잘할게, 앞으로도 더 행복한 날 더 자주 만들자!	N	2022-08-23 03:04:17	2022-11-08 05:02:00
BE22015262	14	1	그래. 기쁜 일이 있을 때 이렇게 함께할 수 있어서, 네게 기쁨을 줄 수 있어서 얼마나 좋은지 몰라. 그리고 항상 내게 고마워하는 네 모습을 보며 작은 것에도 감사해하는 네 태도를 본받아야겠다고 언니도 생각했어. 본받을 점이 많은 네가 내 동생이어서 나도 너무 기쁘고, 감사해.	N	2022-08-23 03:04:17	2022-11-08 05:02:00
BE22015262	15	0	우리 오늘은 다른 장소에서 마지막을 보내지만, 내일 보고 더 많은 이야기 나누며 행복한 시간 보내자. 지금 이 기쁨 오래도록 유지되면 더할 나위 없이 좋겠다 정말!	Y	2022-08-23 03:04:17	2022-11-08 05:02:00
