id	utterance_id	utterance_type	utterance_text	terminate	regDate	updDate
BE22018413	1	0	언니, 내가 정말 기쁜 소식 하나 알려줄까? 나 오늘 남자 친구랑 데이트했었는데 무슨 일 있었는지 알아?	N	2022-09-15 12:00:28	2022-11-08 05:21:19
BE22018413	2	1	무슨 일이 있었길래 그런 거야? 네 문자만 봐도 무슨 일인가 싶어서 내가 다 기대되고 설레!	N	2022-09-15 12:00:28	2022-11-08 05:21:19
BE22018413	3	0	응원하러 간 야구장에서 프러포즈를 받았어! 나와 결혼하고 싶다고 반지를 주면서 고백하더라고. 그냥 단순히 야구장 경기 보다가 고백받았을 때 내가 얼마나 기뻤는지 몰라!	N	2022-09-15 12:00:28	2022-11-08 05:21:19
BE22018413	4	1	그 정경을 그려보니까 내가 다 신이 나고 그래! 놀랐던 만큼 너 정말 기분 좋았겠다. 나였으면 너무 기쁜 나머지 그 자리에서 소리를 쳤을 거야!	N	2022-09-15 12:00:28	2022-11-08 05:21:20
BE22018413	5	0	응, 하필 우리가 응원하는 팀이랑 상대 팀이 점수가 비슷해서 재미있고 긴장되는 순간들 연속이었거든. 그리고 딱 우리 팀이 홈런을 치는 순간 남자 친구가 나를 껴안고 반지를 건네주더라고. 나 너무 좋아서 이게 현실인가 싶어서 내 볼을 꼬집었다니까!	N	2022-09-15 12:00:28	2022-11-08 05:21:20
BE22018413	6	1	나였어도 이게 꿈인가 하고 믿을 수 없었을 것 같아. 근데 야구장에서 프러포즈하는 거 정말 로맨틱하다! 네가 부러워지는 순간이야!	N	2022-09-15 12:00:28	2022-11-08 05:21:20
BE22018413	7	0	내가 상상하며 바라던 로망을 남자 친구가 실현 시켜줬어. 확실히 오래 만나서 그런지 나를 잘 아는 느낌이야. 내가 항상 프러포즈는 예상치 못한 순간에 갑자기 받고 싶다고 했었거든.	N	2022-09-15 12:00:28	2022-11-08 05:21:20
BE22018413	8	1	그래서 남자 친구가 준비를 철저하게 했나 보다. 그런 게 정말 추억으로도 남고 회상할 때마다 즐거울 수밖에 없지. 오늘도 좋은 추억 하나 쌓여서 정말 좋겠구나!	N	2022-09-15 12:00:28	2022-11-08 05:21:20
BE22018413	9	0	응, 경기 끝나고 앞으로 우리가 어떻게 같이 살아갈지 미래 이야기도 나눴어. 대화하며 행복한 시간을 가졌는데 이런 사람이 이제 곧 내 남편이 된다는 게 너무 기쁘더라. 함께라면 앞으로도 행복한 날들이 넘칠 것 같아!	N	2022-09-15 12:00:28	2022-09-15 12:00:28
BE22018413	10	1	정말 잘 맞는 사람을 만나서 다행이야. 둘은 내가 아는 커플 중에서 제일 아름답고 멋져! 그런 만큼 미래에 대한 결실도 봐서 내가 다 기쁘고 그래!	N	2022-09-15 12:00:28	2022-11-08 05:21:20
BE22018413	11	0	내가 이렇게 잘난 사람과 한평생 살 생각을 하니까 너무 기분이 좋아져. 나 전생에 나라를 구했나 싶어!	N	2022-09-15 12:00:28	2022-09-15 12:00:28
BE22018413	12	1	그 사람만큼 너도 좋은 사람이라서 그래. 너만큼 남을 잘 챙기고 긍정적인 에너지를 심어주는 사람도 드물잖아. 너의 배려심 깊은 그런 면모를 보고 함께 살고 싶다고 마음먹었을 거야.	N	2022-09-15 12:00:28	2022-11-08 05:21:20
BE22018413	13	0	그렇게 칭찬해줘서 고마워. 부끄럽지만 그래도 그런 말 들으니까 기분이 더 좋아진다. 언니 덕분에 더 행복해졌어!	N	2022-09-15 12:00:28	2022-09-15 12:00:28
BE22018413	14	1	나야말로 네게 좋은 일이 일어나서 즐거운걸. 앞으로도 항상 행복한 날들이 많기를 바랄게!	Y	2022-09-15 12:00:28	2022-11-08 05:21:20
