id	utterance_id	utterance_type	utterance_text	terminate	regDate	updDate
BE22000313	1	0	언니, 나 이번에 우리 같이 봤었던 맛집 채널에 나온 우동집에 다녀왔다?	N	2022-06-12 09:31:24	2022-11-08 03:26:15
BE22000313	2	1	아, 그 수타 우동집 말이야? 거기 인기 엄청나다는데 용케도 다녀왔네?	N	2022-06-12 09:31:24	2022-11-08 03:26:15
BE22000313	3	0	남친이랑 새벽부터 줄을 섰지. 그래도 대기 순번이 열 번째였어.	N	2022-06-12 09:31:24	2022-11-08 03:26:15
BE22000313	4	1	대단하다, 정말. 그래서 그렇게 고생하면서 기다린 보람이 있었어?	N	2022-06-12 09:31:24	2022-11-08 03:26:15
BE22000313	5	0	새벽이라 좀 으슬으슬했는데 들어가서 우동 국물을 한 모금 하니까 모든 고생이 녹더라!	N	2022-06-12 09:31:24	2022-11-08 03:26:15
BE22000313	6	1	야, 네 말 들으니까 갑자기 너무 부럽다. 난 뭐 먹으려고 몇 시간씩 기다리는 거 이해 안 됐는데 이제 좀 알 것 같아.	N	2022-06-12 09:31:24	2022-11-08 03:26:15
BE22000313	7	0	나도 솔직히 그랬거든? 그런데 그렇게 기다리는 자체가 하나의 문화더라. 다같이 오들오들 떨면서 기다리는 재미가 있더라고.	N	2022-06-12 09:31:24	2022-11-08 03:26:15
BE22000313	8	1	그랬어? 정말 좋은 경험을 한 것 같다. 게다가 맛있는 것도 먹고 말이야.	N	2022-06-12 09:31:24	2022-11-08 03:26:15
BE22000313	9	0	응, 수타 우동이라더니 면발이 진짜 쫄깃쫄깃했어. 유명할 만하더라.	N	2022-06-12 09:31:24	2022-11-08 03:26:15
BE22000313	10	1	뭐 사진이라도 찍은 거 없니? 네가 극찬을 하니까 정말 궁금하다. TV에서 본 거랑 실제로 접한 거랑은 차이가 있을 거 아니야.	N	2022-06-12 09:31:24	2022-11-08 03:26:15
BE22000313	11	0	당연하지. 실제로 가보니까 훨씬 더 아늑하고 좋았어. 언니랑 같이 가고 싶다.	N	2022-06-12 09:31:24	2022-11-08 03:26:15
BE22000313	12	1	좋아, 우리도 날 정해서 새벽부터 나들이 한 번 해보자. 안 그래도 너 한동안 면접 떨어진 걸로 우울해 하니까 같이 놀러 가서 신나게 즐겨볼까 했거든.	N	2022-06-12 09:31:24	2022-11-08 03:26:16
BE22000313	13	0	정말이야? 좋아, 또 가는 거 완전 찬성이야. 맛집 투어 성공하니까 너무 기뻐.	N	2022-06-12 09:31:24	2022-11-08 03:26:16
BE22000313	14	1	네가 기쁘다니까 나도 좋다. 맛있는 거 먹으면서 언니 생각도 해주고 역시 내가 동생 하나는 잘 뒀다니까. 이렇게 연락까지 해주니까 나 너무 감동 받았어, 고마워.	N	2022-06-12 09:31:24	2022-11-08 03:26:16
BE22000313	15	0	아니야, 내가 고마워. 그럼 이따 집에서 봐!	Y	2022-06-12 09:31:24	2022-11-08 03:26:16
