id	utterance_id	utterance_type	utterance_text	terminate	regDate	updDate
BE22020631	1	0	나 드디어 남자친구랑 1주년 기념 커플링 맞췄어! 장난 아니지?	N	2022-09-23 03:45:32	2022-09-23 03:45:32
BE22020631	2	1	너 정말 대단하다! 오래전부터 사고 싶어 했던 커플링 아니야? 하늘을 날아다닐 정도로 기분이 좋겠는데?	N	2022-09-23 03:45:32	2022-11-08 05:37:56
BE22020631	3	0	맞아! 내가 정말 사고 싶었던 커플링이었는데 가격이 비싸서 못 사고 있었어. 하지만 드디어 샀어! 기분이 굉장히 상쾌해!	N	2022-09-23 03:45:32	2022-09-23 03:45:32
BE22020631	4	1	커플링 맞추고 싶어서 그동안 사고 싶은 거, 먹고 싶은 거 모두 참았잖아! 엄청 대단해! 누구 동생인지 역시 내 동생이야!	N	2022-09-23 03:45:32	2022-11-08 05:37:56
BE22020631	5	0	언니가 그렇게 말해주니까 몸 둘 바를 모르겠어! 하하! 언니 말대로 돈 모으느라 정말 힘들었는데 지금은 무진장 기쁘기만 해!	N	2022-09-23 03:45:32	2022-09-23 03:45:32
BE22020631	6	1	당연히 기쁘지! 오랫동안 가지고 싶어 했던 물건이기도 하고 그동안 네가 돈을 모으느라 고생을 많이 했잖아! 드디어 아름다운 결과를 거두었구나?	N	2022-09-23 03:45:32	2022-11-08 05:37:56
BE22020631	7	0	맞아! 심지어 이 반지는 인기가 많아서 사전 예약도 해야 하는데 사전 예약하느라 고생도 많이 했거든!	N	2022-09-23 03:45:32	2022-09-23 03:45:32
BE22020631	8	1	정말? 하나의 목표를 잡으면 끝까지 해내는 모습이 역시 내 동생이야! 너의 이 모습은 내가 오히려 본받아야 할 모습이야!	N	2022-09-23 03:45:32	2022-11-08 05:37:56
BE22020631	9	0	이쁜 말 많이 해줘서 고마워 언니! 목표를 향해 달려가는 과정은 힘들지만, 목표를 이루었을 때는 행복 그 자체야!	N	2022-09-23 03:45:32	2022-09-23 03:45:32
BE22020631	10	1	네가 기쁘니까 나도 너무 기쁘다! 남자친구도 너와같이 날아다닐 정도로 기분이 좋겠다!	N	2022-09-23 03:45:32	2022-11-08 05:37:56
BE22020631	11	0	물론이지! 내가 서프라이즈로 산 거여서 남자친구도 엄청나게 기뻐해! 남자친구가 행복해하니까 나도 마치 꽃밭에서 누워있는 듯한 기분이야!	N	2022-09-23 03:45:32	2022-09-23 03:45:32
BE22020631	12	1	역시 너는 누구에게나 사랑받는 하나뿐인 내 동생이야! 남자친구와 행복한 연애 하고 커플링도 조심히 끼고 다니길 바라! 언제든 기쁜 소식이 있다면 언니한테 연락해줘!	N	2022-09-23 03:45:32	2022-11-08 05:37:56
BE22020631	13	0	고마워 언니! 기쁜 소식이 있으면 언니에게 가장 먼저 나누게 돼. 언니는 나를 항상 기쁘게 만들어주니까!	N	2022-09-23 03:45:32	2022-09-23 03:45:32
BE22020631	14	1	언제든 연락해줘 이쁜 내 동생! 남자친구와 행복한 하루 보내길 바라!	Y	2022-09-23 03:45:32	2022-09-23 03:45:32
