id	utterance_id	utterance_type	utterance_text	terminate	regDate	updDate
BE22009632	1	0	언니. 아빠가 큰 금액의 용돈을 주셨어. 새내기라고 돈 쓸 일이 많을 거래.	N	2022-07-18 02:17:08	2022-11-08 04:26:26
BE22009632	2	1	우리 동생, 그러고 보니 이제 새내기로 입학하는구나. 아버지 말씀처럼 스무 살에는 돈 쓸 일이 참 많을 거야. 네가 얼마나 기쁘고 들뜰지 생각하는 것만으로도 마음이 간질거린다.	N	2022-07-18 02:17:08	2022-11-08 04:26:26
BE22009632	3	0	응. 나 지금 너무 행복해. 내 통장에 본 적 없는 숫자가 적혀 있다니까!	N	2022-07-18 02:17:08	2022-11-08 04:26:26
BE22009632	4	1	하하. 네가 정말 들떠 보여서 나까지 기분이 좋다. 아버지도 네 반응을 보면 정말 흐뭇하고 뿌듯하실 것 같은데?	N	2022-07-18 02:17:08	2022-11-08 04:26:26
BE22009632	5	0	안 그래도 아빠한테 고맙다고 백 번은 넘게 말하고 왔어. 나 이 돈으로 뭘 하지? 아빠가 나한테 이렇게까지 많은 용돈을 줄 거라곤 생각도 못 했어.	N	2022-07-18 02:17:08	2022-11-08 04:26:26
BE22009632	6	1	나도 스무 살 때 처음 용돈 받고 꼭 너처럼 그렇게 들뜨고 행복했었어. 이 돈으로 하고 싶은 게 너무 많아서 그걸 상상하는 것만으로 기뻤던 기억이 나. 네가 지금 얼마나 즐거울지 잘 알 것 같아.	N	2022-07-18 02:17:08	2022-11-08 04:26:26
BE22009632	7	0	언니도 그랬구나. 나도 지금 가만히 있기가 힘들 만큼 행복해.	N	2022-07-18 02:17:08	2022-11-08 04:26:26
BE22009632	8	1	네가 스무 살을 행복하게 보낼 수 있을 것 같아서 나도 덩달아 설레고 행복하다. 앞으로 이렇게 행복하고 즐거워하는 모습만 볼 수 있길 바라.	N	2022-07-18 02:17:08	2022-11-08 04:26:26
BE22009632	9	0	정말 고마워, 언니. 나 이 돈으로 여행도 가고 옷도 사고 맛있는 것도 사 먹을 거야. 이 모든 걸 할 수 있게 해주시다니, 아빠한테 너무 감사한 마음이야.	N	2022-07-18 02:17:08	2022-11-08 04:26:26
BE22009632	10	1	네가 그만큼 공부도 열심히 하고 성실한 학생이었잖아. 원하는 대학에 입학할 만큼 긴 시간 노력하고, 고생도 많이 했고. 네게는 뭘 해 줘도 아쉬울 만큼 너는 훌륭한 딸이었어.	N	2022-07-18 02:17:08	2022-11-08 04:26:26
BE22009632	11	0	언니가 그렇게 칭찬해 주니까 정말 기분이 날아갈 것 같다. 아빠 덕분에 안 그래도 행복했는데, 언니까지 날 이렇게 인정해 주니까 너무 좋아. 언니 덕분에 기분이 두 배로 좋아졌어.	N	2022-07-18 02:17:08	2022-11-08 04:26:26
BE22009632	12	1	나도 너랑 이야기하면서 새로운 에너지를 받고 있어. 너는 앞으로 행복할 일만 남았어. 그러니 오늘 같은 날들을 마음껏 즐기렴.	N	2022-07-18 02:17:08	2022-11-08 04:26:26
BE22009632	13	0	언니랑 이야기하고 나면 항상 내 미래가 더 기대되는 기분이야. 정말 고마워. 우리 가족 최고야.	N	2022-07-18 02:17:08	2022-11-08 04:26:26
BE22009632	14	1	나도 네가 내 동생이라 너무 기쁘고 행복한 거 알지? 앞으로도 지금처럼 우리 가족 오순도순 잘 지냈으면 좋겠다.	N	2022-07-18 02:17:08	2022-11-08 04:26:26
BE22009632	15	0	나도 마찬가지야, 언니. 언제나 내 이야기 열심히 들어 줘서 고마워.	Y	2022-07-18 02:17:08	2022-11-08 04:26:26
