id	utterance_id	utterance_type	utterance_text	terminate	regDate	updDate
BE22022073	1	0	형, 우리 회사가 이번에 다른 회사와 합병을 하는 데 협상가가 필요했거든. 그런데 협상력이 뛰어난 그녀가 도와준다고 해서 얼마나 다행인지 모르겠어. 우리 회사에서 일하다가 유학을 결정해서 그만두게 됐는데 이번에 도와준다고 해서 너무 기쁜 마음이야.	N	2022-09-27 13:27:08	2022-11-08 05:46:21
BE22022073	2	1	정말 잘 됐다, 네가 일하는 회사의 창립 멤버라서 회사 걱정이 많았잖아. 협상력이 뛰어나다면 너의 고민도 잘 해결해 줄 거란 생각이 드네. 네 걱정이 그녀 덕분에 해결된 것이 내 일처럼 기뻐.	N	2022-09-27 13:27:08	2022-11-08 05:46:21
BE22022073	3	0	응, 우리와 일할 때 그녀의 협상력으로 말도 안 되는 규모의 계약을 많이 따냈었어. 그래서 계속 일하고 싶었지만, 더 공부를 하고 싶다고 말해서 아쉽게 헤어지게 되었었어. 이번에 우리를 도와준다는 결정에 우리 모두 환희에 차 있지.	N	2022-09-27 13:27:08	2022-11-08 05:46:21
BE22022073	4	1	역시 우리 동생은 사람과의 인연을 소중히 생각하는 사람이잖아. 그녀가 회사를 그만두고 유학 생활을 하러 갔어도 그녀와의 연을 유지했구나. 역시 넌 참 다정하고 대단해.	N	2022-09-27 13:27:08	2022-11-08 05:46:21
BE22022073	5	0	정말 좋은 사람이고 같은 창립 멤버였지만 배울 게 많은 사람이었어. 생각도 너무 깊고 배포도 커서 항상 그녀를 따라 하려고 노력했지.	N	2022-09-27 13:27:08	2022-11-08 05:46:21
BE22022073	6	1	다른 사람을 그렇게 인정해 주다니 우리 동생 참 멋져. 자존심을 세우지 않잖아. 타인을 인정하고 칭찬하는 것에 너를 더 돋보여 주는 것 같다는 생각이 들어.	N	2022-09-27 13:27:08	2022-09-27 13:27:08
BE22022073	7	0	이게 다 그녀 덕분이지 뭐, 대 기업에 과의 합병이라서 거의 흡수 합병이었거든. 좋은 기회이지만 난 최대한 우리 회사의 모토를 유지하고 싶었어. 그것을 그녀가 잘 반영해 줄 거란 믿음이 있기에 이렇게 기대가 되고 기쁜 마음인 거야.	N	2022-09-27 13:27:08	2022-09-27 13:27:08
BE22022073	8	1	너의 노력도 포함이 되어 있는 것이지. 너의 생각이 곧 회사의 생각이기도 하다는 것이 자랑스러워. 우리 동생이 회사에서 이만큼 인정받고 있다는 사실에 형은 괜히 코끝이 시큰하네.	N	2022-09-27 13:27:08	2022-11-08 05:46:21
BE22022073	9	0	형이 나를 이렇게 인정해 주고 자랑스러워해줘서 괜히 부끄럽네. 하지만 기분이 좋아진다는 것은 인정할 수밖에 없어.	N	2022-09-27 13:27:08	2022-11-08 05:46:21
BE22022073	10	1	당연히 네가 칭찬받아야 한다고 생각이 들어. 회사의 멤버들도 네가 그녀에게 연락을 해줘서 얼마나 고맙겠어. 다리의 역할을 해준 네가 대단하다고 모두 인정할 거라 믿어 의심치 않아.	N	2022-09-27 13:27:08	2022-11-08 05:46:21
BE22022073	11	0	우리 회사가 창립할 때부터 같이 일을 시작한 거라서 회사에 대한 애정이 남달랐던 것 같아. 그것을 인정해 주는 회사에 고마운 마음일 뿐이야.	N	2022-09-27 13:27:08	2022-09-27 13:27:08
BE22022073	12	1	벼는 익을수록 고개를 숙인다더니 딱 너의 경우이다. 겸손까지 갖춘 우리 동생 정말 형이지만 본받아야 한다는 생각이 들어.	N	2022-09-27 13:27:08	2022-11-08 05:46:21
BE22022073	13	0	이게 다 형에게 배워서 그런 거야. 형이 하는 것을 보고 자라 왔기 때문에 겸손하고 배려 있는 사람이 될 수 있었어.	N	2022-09-27 13:27:08	2022-09-27 13:27:08
BE22022073	14	1	이런 일까지도 나의 공으로 돌리는 우리 동생 참 잘 컸다는 생각이 들어. 오늘 네가 전해준 협상을 도와준다는 그녀 소식이 정말 잘 성사됐으면 좋겠어. 그래서 네가 진정으로 더 기뻐하는 모습을 보고 싶은 마음뿐이야.	N	2022-09-27 13:27:08	2022-11-08 05:46:21
BE22022073	15	0	형에게 응원받아서 힘이 많이 나. 그녀를 도와서 우리 회사가 잘 협상이 될 수 있도록 노력할 수 있을 것 같아. 이게 다 형 덕분이라는 생각이 들어, 나에게 힘을 준 우리 형 정말 고마워.	Y	2022-09-27 13:27:08	2022-11-08 05:46:21
