id	utterance_id	utterance_type	utterance_text	terminate	regDate	updDate
BE22012621	1	0	얼른 집에 가고 싶어 고작 1교시가 끝났을 뿐인데.	N	2022-08-01 02:33:23	2022-11-08 04:45:23
BE22012621	2	1	왜 무슨 일 있어?	N	2022-08-01 02:33:23	2022-11-08 04:45:23
BE22012621	3	0	하교하면 바로 캠핑 가기로 해서 수업을 들어도 온통 신경은 그리로 가 있어. 얼른 가고 싶다.	N	2022-08-01 02:33:23	2022-11-08 04:45:23
BE22012621	4	1	아 우리 주말 동안 가기로 한 거 때문에 그런 거구나. 네 마음이 내 마음이기도 하지. 출근한 지 얼마 안 되었는데 어서 퇴근하고 싶다.	N	2022-08-01 02:33:23	2022-11-08 04:45:23
BE22012621	5	0	하교하자마자 뒤도 안 돌아보고 집으로 뛰어갈 거야. 이번에 캠핑 준비하면서 제대로 먹으려고 엄마랑 잔뜩 장도 봤잖아. 고기, 고구마, 떡 아무튼 먹는 것만 한 짐이야.	N	2022-08-01 02:33:23	2022-11-08 04:45:23
BE22012621	6	1	완벽한 식사가 차려지겠구나. 캠핑의 꽃은 먹는 거라고 하던데 철저히 준비하면서 얼마나 신이 났을지 보지 않아도 알겠다. 드디어 캠핑의 시즌이 왔고 그 시즌은 동생의 밝은 표정을 통해서 알 수 있지.	N	2022-08-01 02:33:23	2022-11-08 04:45:23
BE22012621	7	0	맞아, 괜히 히죽히죽 웃음이 새어 나오고 어깨가 덩실거리는 것을 수가 없어. 기뻐서 나도 모르게 노래도 부르게 되는걸.	N	2022-08-01 02:33:23	2022-11-08 04:45:23
BE22012621	8	1	너 때문에 너무 웃겨서 배꼽 빠질 것 같아. 그렇다고 등교와 동시에 하교를 원하다니 코미디를 보는 것처럼 웃음을 참을 수가 없어. 이번에는 너를 위해 해먹을 준비했으니 네가 기뻐한다면 보람이 있을 것 같아.	N	2022-08-01 02:33:23	2022-11-08 04:45:23
BE22012621	9	0	해먹에 누워 책 읽는 거 캠핑의 로망인데 어찌 알고 샀어? 고마워 진심으로 즐겨야지 맛있는 거 많이 먹고 배짱이 같이 배를 두드리겠어. 하지만 언니의 마음 자체로 벌써 기쁨이 커지는 기분이 들어.	N	2022-08-01 02:33:23	2022-11-08 04:45:23
BE22012621	10	1	맞아 언니도 너의 마음처럼 가족과 함께 무언가를 한다는 것 자체로 행복한 것 같아. 캠핑에 가면 평소보다 더 가족과 대화 나누려는 네 모습을 보면 그게 느껴지거든. 그래서 언니도 너만큼이나 이 시간을 기다리게 되는 것 같아.	N	2022-08-01 02:33:23	2022-11-08 04:45:23
BE22012621	11	0	그 말씀이 정답입니다. 비싼 선물보다 보이지 않는 가족 간의 정의 나눔이 얼마나 소중한지 몰라. 아, 그래서 하교는 도대체 언제 가능하냐고 기다리기 참 힘드네.	N	2022-08-01 02:33:23	2022-11-08 04:45:23
BE22012621	12	1	하하 온통 신경은 다른 데 가 있으니 어떡하니 내 동생. 그래도 학교에 있는 동안은 공부에 집중해 보자. 그래야 놀 때 온전히 잘 놀고 쉬는 기쁨을 누릴 수 있는 거니까.	N	2022-08-01 02:33:23	2022-11-08 04:45:23
BE22012621	13	0	오늘 수업이 흘려들으면 안 되는 중요한 과목이 많아서 안 그래도 열심히 학습하도록 노력해볼게. 갑자기 정신이 든다, 히히.	N	2022-08-01 02:33:23	2022-11-08 04:45:23
BE22012621	14	1	흥분한 마음은 이제 조금 가라앉히자. 심호흡한 후 곧 있을 2교시 수업에 임하길 바라.	N	2022-08-01 02:33:23	2022-11-08 04:45:23
BE22012621	15	0	넵, 알겠습니다. 이따 봐, 언니.	Y	2022-08-01 02:33:23	2022-11-08 04:45:23
