id	utterance_id	utterance_type	utterance_text	terminate	regDate	updDate
BE22019938	1	0	언니, 결혼이라는 게 이렇게 좋은 일인지 몰랐네. 소중한 사람이 바로 옆에 있다는 것만으로도 마음이 편안하고 기뻐.	N	2022-09-22 08:54:49	2022-09-22 08:54:49
BE22019938	2	1	네가 그런 안정감을 갖게 돼서 언니도 기쁘다. 나도 신혼 첫날엔 꼭 너처럼 마음이 들뜨고 행복했던 기억이 나.	N	2022-09-22 08:54:49	2022-09-22 08:54:49
BE22019938	3	0	이럴 줄 알았으면 언니 말대로 조금 더 일찍 결혼해도 좋았을 것 같아. 너무 오래 만난 남자친구라 결혼을 해도 달라지는 게 없을 거라고 생각했는데 착각이었어. 이제부터는 부부라고 생각하니까 모든 게 색다르게 느껴져서 좋네.	N	2022-09-22 08:54:49	2022-09-22 08:54:49
BE22019938	4	1	무슨 마음인지 알아. 오랜 연애를 끝마치고 결혼이라는 결실을 맺은 네가 언니는 참 대견하다. 이번 일로 네가 한 뼘 더 성장했다고 생각해도 좋을 거야.	N	2022-09-22 08:54:49	2022-11-08 05:35:32
BE22019938	5	0	첫날이라 그런지 사실 아직 실감은 잘 안 나. 그래도 얼마 전까지만 해도 남자친구였던 사람이 이제 남편으로서 내 옆에 있다는 게 든든해. 사랑하는 사람과 한집에 산다는 게 정말 축복 같아.	N	2022-09-22 08:54:49	2022-09-22 08:54:49
BE22019938	6	1	네 말을 듣는데 예전의 내 모습이 떠올라서 나도 마음이 따뜻해진다. 네 남편도 너와 똑같은 기분을 느끼고 있을 거야. 앞으로는 행복한 미래만 기다리고 있을 테니 마음 놓고 지내.	N	2022-09-22 08:54:49	2022-11-08 05:35:32
BE22019938	7	0	그렇게 말해줘서 고마워. 경험자의 말이라서 그런가 더 와닿는 감이 있네. 언니가 기혼자라니, 새삼 인생 선배라는 게 느껴져.	N	2022-09-22 08:54:49	2022-09-22 08:54:49
BE22019938	8	1	그걸 이제야 안 거야? 결혼 생활 동안 고민이 생기면 언제든 내게 말해. 언니이자 인생 선배로서 반드시 힘이 되어 줄 테니까.	N	2022-09-22 08:54:49	2022-09-22 08:54:49
BE22019938	9	0	마음만으로도 배가 부르네. 돌이켜 보면 내 옆에는 언제나 소중한 사람들이 자리를 지키고 있어 준 것 같아. 이제 결혼을 했으니 나도 책임감 있게 내 가정을 돌볼 거야.	N	2022-09-22 08:54:49	2022-09-22 08:54:49
BE22019938	10	1	좋은 마음가짐이야. 역시 내 동생은 하나를 겪으면 둘을 배운다니까. 네가 이 일로 얼마나 충만한 감정을 느끼고 있을지 느껴져 괜히 웃음이 다 난다.	N	2022-09-22 08:54:49	2022-11-08 05:35:32
BE22019938	11	0	결혼을 하고 나니까 남편이 내게 얼마나 소중한 사람이었는지 깨달았어. 연애 기간이 길어지면서 솔직히 이런저런 시련이 없던 것도 아니었거든. 이제는 법적으로도 가족이 됐으니 나도 더 노력해서 남편에게 잘할 거야.	N	2022-09-22 08:54:49	2022-09-22 08:54:49
BE22019938	12	1	상대방에게 기대하는 것보다도 네가 더 노력하겠다는 그 마음이 너무 예쁘다. 너는 어렸을 때부터 배려심이 깊어서 주변을 잘 돌보고 사람들을 기분 좋게 만들어 줬잖아. 틀림없이 좋은 아내, 좋은 엄마가 될 거라고 생각해.	N	2022-09-22 08:54:49	2022-09-22 08:54:49
BE22019938	13	0	다른 사람도 아니고 언니가 그렇게 말해주니까 정말 큰 힘이 된다. 응원해 줘서 고마워. 언니랑 얘기하고 나니까 오늘 하루가 더없이 완벽해진 기분이야.	N	2022-09-22 08:54:49	2022-09-22 08:54:49
BE22019938	14	1	네가 잘 자라줘서 나도 고맙지. 당분간은 신혼 기간을 즐기기만 해도 좋을 거야. 실컷 웃고 행복하게 지내다 명절에 보자.	N	2022-09-22 08:54:49	2022-11-08 05:35:32
BE22019938	15	0	알겠어. 언니도 지치면 언제든 얘기해. 내가 콧바람 쐬게 해줄 테니까. 그럼 좋은 꿈 꿔!	Y	2022-09-22 08:54:49	2022-09-22 08:54:49
