id	utterance_id	utterance_type	utterance_text	terminate	regDate	updDate
BE22002405	1	0	언니, 나 오늘 정말 뿌듯했어!	N	2022-06-21 08:39:36	2022-11-08 03:39:59
BE22002405	2	1	무슨 일이 있었는데?	N	2022-06-21 08:39:36	2022-11-08 03:39:59
BE22002405	3	0	내가 이번에 아르바이트해서 첫 월급을 받았거든. 그걸로 가족들한테 뭘 해줄까 생각하는데, 이번에 우리 시에서 임영웅 콘서트가 열린다는 거야!	N	2022-06-21 08:39:36	2022-11-08 03:39:59
BE22002405	4	1	우리 부모님 두 분 다 임영웅 엄청 좋아하잖아. 근데 티켓팅 치열할 텐데, 잘 할 수 있겠어?	N	2022-06-21 08:39:36	2022-11-08 03:39:59
BE22002405	5	0	방금 티켓팅 성공하고 언니한테 자랑하는 거야!	N	2022-06-21 08:39:36	2022-11-08 03:39:59
BE22002405	6	1	정말? 우리 동생 아르바이트하더니, 철들었네. 부모님을 위해 그 비싼 콘서트를 예매하다니! 효자 다 되었어.	N	2022-06-21 08:39:36	2022-11-08 03:39:59
BE22002405	7	0	언니 이 티켓팅 비싼 것도 비싼데, 정말 치열하게 싸워서 얻어낸 티켓이야.	N	2022-06-21 08:39:36	2022-11-08 03:39:59
BE22002405	8	1	그렇다면서. 나도 주변 사람들한테 그 명성을 익히 들어서 잘 알고 있어. 쉽게 할 수 있는 일이 아니어서 더 보람차겠다.	N	2022-06-21 08:39:36	2022-11-08 03:39:59
BE22002405	9	0	언니가 알아주니까 더 기분이 좋다.	N	2022-06-21 08:39:36	2022-11-08 03:39:59
BE22002405	10	1	나도 네가 내 동생인 게 자랑스럽다! 이제 정말 다 컸어.	N	2022-06-21 08:39:36	2022-11-08 03:39:59
BE22002405	11	0	언니가 부모님한테 효도하는 모습을 보고 나도 따라 한 거뿐이야. 아직 언니만큼은 아니지만 앞으로 나도 열심히 해서 언니 짐을 덜어줄게.	N	2022-06-21 08:39:36	2022-11-08 03:39:59
BE22002405	12	1	장하다, 내 동생. 언니 짐을 덜어준다는 이야기도 할 줄 알고 정말 기특해.	N	2022-06-21 08:39:36	2022-11-08 03:39:59
BE22002405	13	0	평소에는 이런 말 잘 못했지만, 이제껏 언니한테 얼마나 고마웠는지 몰라. 그래서 작지만, 언니 선물도 사봤어.	N	2022-06-21 08:39:36	2022-11-08 03:39:59
BE22002405	14	1	우리 동생이 나한테 무슨 선물을 줄지 기대되는걸? 이따 집에서 보자.	Y	2022-06-21 08:39:36	2022-11-08 03:39:59
