id	utterance_id	utterance_type	utterance_text	terminate	regDate	updDate
BE22008985	1	0	언니, 엄마한테 얘기 들었지? 나 이번 설 연휴에 혼자만의 시간을 가지게 되어서 정말 만족스러워.	N	2022-07-14 16:59:19	2022-11-08 04:22:12
BE22008985	2	1	응, 너 결혼하기 전 마지막 설 연휴잖아. 엄마가 너만의 시간을 즐기도록 특별히 허락해 주신 거잖아.	N	2022-07-14 16:59:19	2022-11-08 04:22:12
BE22008985	3	0	엄마한테 정말 감사했어. 연휴 때 느긋하게 혼자 지낼 상상을 하니 벌써 기대가 돼.	N	2022-07-14 16:59:19	2022-11-08 04:22:12
BE22008985	4	1	사람들과 북적거림도 없고 힘든 집안일도 하지 않아서 좋겠다. 네가 호젓한 시간을 갖게 돼서 언니도 기분 좋고 부러워.	N	2022-07-14 16:59:19	2022-11-08 04:22:12
BE22008985	5	0	맞아, 설 연휴엔 친척들도 만나서 반갑기는 하지만 사실 피곤하기도 하잖아. 이번 설 연휴에는 그런 관계에서 벗어날 수 있어서 홀가분해.	N	2022-07-14 16:59:19	2022-11-08 04:22:12
BE22008985	6	1	혼자서 책도 읽고 영화도 보면 마음 편하겠다. 아무 생각 없이 멍때리기 하면 최고이겠는 걸.	N	2022-07-14 16:59:19	2022-11-08 04:22:12
BE22008985	7	0	나, 올 봄에 결혼하기로 했으니 내년 설 연휴에는 시댁에 가 있겠지? 마지막으로 자유로운 설 연휴를 보낸다고 생각하니 입가에 웃음이 떠올라.	N	2022-07-14 16:59:19	2022-11-08 04:22:12
BE22008985	8	1	느긋하게 며칠 푹 쉴 생각을 하면 미소가 떠나지 않겠다. 모두 정신없는데 너 혼자 여유 부리는 것도 정말 특별한 경험일 거야.	N	2022-07-14 16:59:19	2022-11-08 04:22:12
BE22008985	9	0	며칠 전부터 뭘 할까 떠올려보는 것만으로도 흐뭇해. 엄마의 배려에 정말 감사하기도 하고.	N	2022-07-14 16:59:19	2022-11-08 04:22:12
BE22008985	10	1	딸을 사랑하고 한편으로는 존중하기 때문에 그러셨을 거야. 특별한 기회이니 네가 그 시간을 잘 보냈으면 좋겠어.	N	2022-07-14 16:59:19	2022-11-08 04:22:12
BE22008985	11	0	응, 직장 생활도 바쁘고 결혼 준비도 슬슬 시작해야 해서 요즘 좀 힘들었거든. 오랜만에 혼자만의 시간을 가지면 활력도 생길 것 같아.	N	2022-07-14 16:59:19	2022-11-08 04:22:12
BE22008985	12	1	넌 계획 세우는 것도 좋아하고 실천도 잘하잖아. 내 동생이라면 혼자만의 시간을 근사하게 보낼 수 있을 거라 믿어.	N	2022-07-14 16:59:19	2022-11-08 04:22:12
BE22008985	13	0	언니가 그렇게 말해 주니 기분 좋은걸. 왠지 정말 근사한 시간을 보낼 것 같은 예감도 들어서 마음이 들뜨는 것 같아.	N	2022-07-14 16:59:19	2022-11-08 04:22:12
BE22008985	14	1	내 동생이 좋다니 언니도 뿌듯하네. 혼자만의 멋진 재충전의 시간이 될 거라 믿어.	N	2022-07-14 16:59:19	2022-11-08 04:22:12
BE22008985	15	0	언니와 이야기하다 보니 그 시간이 더 소중하게 느껴지네. 좀더 알차게 보낼 수 있도록 계획 잘 짤게. 늘 힘이 돼 줘서 고마워, 언니.	Y	2022-07-14 16:59:19	2022-11-08 04:22:12
