id	utterance_id	utterance_type	utterance_text	terminate	regDate	updDate
BE22017826	1	0	난 스포츠 정말 싫어하는데 요즘 같아선 올림픽이 안 끝났으면 좋겠다. 이 행복한 날들이 계속됐으면 좋겠어.	N	2022-09-13 03:49:33	2022-09-13 03:49:33
BE22017826	2	1	언니가 그런 말을 하니 무슨 이유가 있나 궁금하네.	N	2022-09-13 03:49:33	2022-09-13 03:49:33
BE22017826	3	0	어제는 저녁때 올림픽 경기를 보며 온 가족이 둘러앉아 응원했어. 오랜만에 북적북적하니 사람 사는 거 같고 너무 행복해.	N	2022-09-13 03:49:33	2022-09-13 03:49:33
BE22017826	4	1	온 가족이 모여 있으면 그 모습만 봐도 행복하지. 조용한 거 좋아하는 언니도 가족이 함께하는 순간은 시끄러워도 새들의 지저귀는 소리처럼 듣기 좋고 즐거웠겠어.	N	2022-09-13 03:49:33	2022-11-08 05:17:45
BE22017826	5	0	남편도 늦게 들어오고 애들도 밖에서 친구들과 어울리느라 항상 늦잖아. 같이 저녁 먹은 지가 언젠지 기억도 안 났는데. 오늘 다 같이 식사에 과일도 먹고 즐거운 저녁 시간이었어.	N	2022-09-13 03:49:33	2022-11-08 05:17:45
BE22017826	6	1	언니가 적적했구나. 바쁜 남편과 다 큰 아이들을 보면 대견스러운 마음도 들지만 뭔가 허탈함도 느끼고 하잖아. 이렇게 가족과 모두 모여 앉아있으면 행복함이 그래서 더 몇 배 크게 느껴지는 것 같아.	N	2022-09-13 03:49:33	2022-11-08 05:17:45
BE22017826	7	0	응. 맞아. 오늘은 다른 때보다도 더 기쁘네. 올림픽 시작되고 남편도 애들도 집에 일찍 들어와서 같이 저녁 먹고 둘러앉아서 같이 응원하는데. 그 모습을 보는 내내 얼마나 즐거운지 눈물 나게 기쁘다.	N	2022-09-13 03:49:33	2022-09-13 03:49:33
BE22017826	8	1	언니가 꿈꾸는 행복한 모습이 그런 거 아니겠어. 그런 걸 보면 행복은 멀지 않은 거 같아. 내 일상의 평온함이 제일 큰 행복이라는 걸 알게 해주는 것 같아.	N	2022-09-13 03:49:33	2022-11-08 05:17:45
BE22017826	9	0	언제 우리 애들이 이렇게 커서, 이 큰 거실을 꽉 채운 것만 같은지. 응원 소리도 환호성도 어찌나 큰지 그냥 다 사랑스럽네.	N	2022-09-13 03:49:33	2022-11-08 05:17:46
BE22017826	10	1	언니가 얼마나 행복한 기분을 느끼는지 내가 어떻게 그 마음을 이해할 수 있을까. 언니에게 그런 행복한 순간이 매일매일 있으면 좋겠다.	N	2022-09-13 03:49:33	2022-11-08 05:17:46
BE22017826	11	0	애들 키울 때는 혼자 있는 시간이 너무 그리웠는데 지금은 혼자 있으면 심심하더라. 다 같이 모였을 때가 그냥 내 마음이 참 편하네.	N	2022-09-13 03:49:33	2022-09-13 03:49:33
BE22017826	12	1	지난했던 시간이 지나고 나서 모든 게 안정되면 느끼는 감정이겠지. 언니의 힘든 시간이 지나고 나니 찾아온 평온한 나날들 아니겠어. 다 그동안 언니가 가족을 위해 한 희생과 보살핌 덕분 아니겠어.	N	2022-09-13 03:49:33	2022-11-08 05:17:46
BE22017826	13	0	이 시기도 지나고 애들이 커서 시집 장가가면 그때는 손자 손녀까지 더 북적대겠지. 그때는 또 얼마나 행복한 마음이 들까.	N	2022-09-13 03:49:33	2022-09-13 03:49:33
BE22017826	14	1	시간이 지나면서 느끼는 행복의 감정이란 게 참 다양한 거 같아. 젊었을 때는 물질이 주는 기쁨이 행복 같더니 이제 가정 안에서 일어나는 변화들이 행복이 되잖아. 언니 참 열심히 잘 살았어.	N	2022-09-13 03:49:33	2022-11-08 05:17:46
BE22017826	15	0	하하. 그러게. 너무 재미있다. 내가 많이 변했나 봐. 그토록 싫어하는 스포츠 덕에 내가 오늘 또 이렇게 행복하네. 앞으로의 내 삶도 기대가 돼.	Y	2022-09-13 03:49:33	2022-09-13 03:49:33
