id	utterance_id	utterance_type	utterance_text	terminate	regDate	updDate
BE22001737	1	0	언니. 드디어 다음 달이면 나 복직이야!	N	2022-06-16 13:46:15	2022-11-08 03:35:39
BE22001737	2	1	어머 정말? 벌써 시간이 그렇게 됐구나.	N	2022-06-16 13:46:15	2022-11-08 03:35:39
BE22001737	3	0	응. 육아휴직 내고 복직할 때만 정말 목이 빠져라 기다렸는데 이 순간이 드디어 오긴 오네. 나 너무 기뻐서 눈물 날 거 같아.	N	2022-06-16 13:46:15	2022-11-08 03:35:39
BE22001737	4	1	일에 미쳐 살던 네가 육아휴직 내고 얼마나 일터를 그리워했는지 내가 왜 모르겠어. 정말 잘 됐다. 너 좋아하는 모습 보니까 언니가 더 기쁘네.	N	2022-06-16 13:46:15	2022-11-08 03:35:39
BE22001737	5	0	같이 기뻐해 줘서 너무 고마워. 벌써부터 너무 기대되는 거 있지?	N	2022-06-16 13:46:15	2022-11-08 03:35:39
BE22001737	6	1	기대될만하지. 얼마나 고대하던 시간이니. 복직 준비는 잘 해놨어?	N	2022-06-16 13:46:15	2022-11-08 03:35:39
BE22001737	7	0	응. 아기 어린이집 갔을 때 틈틈이 공부 엄청 열심히 했어. 아마 복직해도 일처리에 문제는 없을 거 같아. 아 정말 상상만 해도 두근거려.	N	2022-06-16 13:46:15	2022-11-08 03:35:39
BE22001737	8	1	꼼꼼한 네가 어련히 준비 알아서 잘했을까. 육아하고 집안일하느라 바빴을 텐데도 잘 준비한 거 보면 너무 기특하고 대견하다. 역시 우리 동생이야.	N	2022-06-16 13:46:15	2022-11-08 03:35:39
BE22001737	9	0	하하, 언니가 칭찬해 주니까 더 기분 좋네. 물론 육아와 집안 살림이랑 병행하면서 공부하느라 힘들긴 했지만, 그 시간을 보상받는 거만큼 복직이 이렇게 기쁠 수가 있나 싶어.	N	2022-06-16 13:46:15	2022-11-08 03:35:39
BE22001737	10	1	남들은 육아휴직 끝나고 복직할 때 걱정된다고 그러는데 우리 동생은 참 남다르네. 일에 대한 자신감이 넘치는 거 같아서 기분이 좋아.	N	2022-06-16 13:46:15	2022-11-08 03:35:39
BE22001737	11	0	내가 우리 팀 에이스였잖아. 갑작스러운 임신으로 육아휴직 냈었을 때 사람들이 얼마나 아쉬워했었는데!	N	2022-06-16 13:46:15	2022-11-08 03:35:39
BE22001737	12	1	이제는 네가 복직한다니까 다들 든든해하겠네. 우리 동생이 아주 자랑스럽겠어.	N	2022-06-16 13:46:15	2022-11-08 03:35:40
BE22001737	13	0	응. 뿌듯하지. 일 정말 잘할 자신 있어! 기대하는 만큼 더 잘해야지.	N	2022-06-16 13:46:15	2022-11-08 03:35:40
BE22001737	14	1	그래. 우리 동생은 충분히 잘 할 수 있을 거야. 언니가 옆에서 언제나 응원할게.	N	2022-06-16 13:46:15	2022-11-08 03:35:40
BE22001737	15	0	고마워 언니. 언니랑 얘기하니까 기분이 더 좋아진다!	N	2022-06-16 13:46:15	2022-11-08 03:35:40
BE22001737	16	1	나도 우리 동생 복직 얘기하면서 신나 하는 거 보면서 기분이 좋아졌어. 복직 준비 잘하고 다음 주에 밥이나 한번 먹자.	N	2022-06-16 13:46:15	2022-11-08 03:35:40
BE22001737	17	0	응. 그러자. 내일 또 문자 할게!	Y	2022-06-16 13:46:15	2022-11-08 03:35:40
