id	utterance_id	utterance_type	utterance_text	terminate	regDate	updDate
BE22004685	1	0	언니. 나 오늘 이상하게 기분이 되게 좋다.	N	2022-06-28 10:19:21	2022-11-08 03:54:33
BE22004685	2	1	응? 맨날 공부하느라 힘들다고 그러더니. 무슨 일 있었어?	N	2022-06-28 10:19:21	2022-11-08 03:54:33
BE22004685	3	0	사실 나 오늘 학원 갔다고 거짓말하고 친구랑 놀러 갔다 왔어. 처음에는 거짓말 들킬까봐 불안했는데 나중에는 스트레스 풀리고 너무 신나는 거 있지. 지금 아직도 심장이 두근거려.	N	2022-06-28 10:19:21	2022-11-08 03:54:33
BE22004685	4	1	어머. 엄마가 알면 천인공노하겠네. 그래도 맨날 공부만 하다가 네가 오랜만에 자유를 즐겨서 기분은 엄청 좋았겠다.	N	2022-06-28 10:19:21	2022-11-08 03:54:33
BE22004685	5	0	맞아. 언니 엄마한테 이르진 않을 거지? 그러지 마. 나 지금 기분 되게 좋단 말야.	N	2022-06-28 10:19:21	2022-11-08 03:54:33
BE22004685	6	1	네가 맨날 공부 때문에 고생하고 제대로 놀지도 못하는 거 언니도 뻔히 알잖아. 의리도 없이 엄마한테 이를 일은 없어. 네가 이렇게 신나 하는 모습 보니까 언니도 좋다.	N	2022-06-28 10:19:21	2022-11-08 03:54:33
BE22004685	7	0	정말? 언니가 엄마한테 안 이른다고 하니까 나 지금 기분 더 좋아졌어. 오늘 친구랑 맛집도 가고 영화도 보고 진짜 신나게 놀았거든!	N	2022-06-28 10:19:21	2022-11-08 03:54:33
BE22004685	8	1	안 그래도 맛집 가는 거 좋아하는 네가 친구랑 정말 만족스러운 시간을 보냈나보네. 또 뭐 했는데?	N	2022-06-28 10:19:21	2022-11-08 03:54:33
BE22004685	9	0	영화 다 보고 나왔는데 날씨가 너무 선선해서 아이스크림 하나씩 들고 공원 산책했어. 날씨도 좋고 해방감도 느껴져서 너무 두근거리더라. 지금 얘기하는데도 마음이 막 몽글거려.	N	2022-06-28 10:19:21	2022-11-08 03:54:33
BE22004685	10	1	네가 그렇게 신나게 놀았다고 하니까 언니가 기분이 더 좋아진다. 학원 안 가고 진짜 하루 제대로 놀았구나!	N	2022-06-28 10:19:21	2022-11-08 03:54:33
BE22004685	11	0	응. 학원에는 아파서 못 간다고 하고 엄마한테는 학원 갔다고 했거든. 아마 언니만 비밀로 해주면 절대 들킬 일은 없을 거야!	N	2022-06-28 10:19:21	2022-11-08 03:54:33
BE22004685	12	1	네가 학원 자주 빼먹고 자주 놀러 다니는 아이도 아니고, 언니 절대 얘기 안 하지. 오히려 네가 이렇게 자유를 느끼고 언니한테 신나서 얘기하는 게 너무 좋아.	N	2022-06-28 10:19:21	2022-11-08 03:54:33
BE22004685	13	0	정말? 나는 진짜 언니 같은 언니가 있어서 너무 행복한 거 같아. 진짜 기분 최고야.	N	2022-06-28 10:19:21	2022-11-08 03:54:33
BE22004685	14	1	나도 감정화자 같은 귀여운 동생이 있어서 행복해. 오늘 제대로 즐겼으니까 내일부터는 다시 학원 열심히 다니고 공부 열심히 하자!	N	2022-06-28 10:19:21	2022-11-08 03:54:33
BE22004685	15	0	응. 그래야지! 고마워 언니! 이따 집에 가서 보자!	N	2022-06-28 10:19:21	2022-11-08 03:54:33
BE22004685	16	1	그래. 늦었는데 얼른 들어와.	Y	2022-06-28 10:19:21	2022-11-08 03:54:33
