id	utterance_id	utterance_type	utterance_text	terminate	regDate	updDate
BE22016098	1	0	언니, 나 오늘 기분이 참 좋아. 남편한테 정말 감사하는 마음이 들어.	N	2022-08-29 03:00:48	2022-08-29 03:00:48
BE22016098	2	1	우리 동생, 남편이랑 무슨 좋은 일이라도 있는 거야?	N	2022-08-29 03:00:48	2022-11-08 05:07:10
BE22016098	3	0	남편한테 우리 친정엄마를 우리 부부가 모시는 게 어떻겠냐고 오늘 처음으로 말 꺼냈거든. 그런데 남편이 끝까지 듣지도 않고 흔쾌히 너무 좋다고 해 주었어. 정말 걱정 많았는데, 다행이기도 하고 고마워서 눈물이 나더라.	N	2022-08-29 03:00:48	2022-11-08 05:07:10
BE22016098	4	1	정말 잘 되었다, 오늘 이야기했구나. 남편의 반응이 좋아서 나도 정말 감사하네. 나도 엄마를 못 모시고 사는 게 마음에 걸렸는데 너희 남편이 그렇게 말해주니 마음이 참 놓여.	N	2022-08-29 03:00:48	2022-11-08 05:07:10
BE22016098	5	0	남편이 우리 엄마를 본인의 친엄마처럼 사랑하는 것 같아서 행복했어. 남편이 어려서 어머님 돌아가시고 우리 엄마한테 정말 잘 했잖아. 어떻게 보면 남의 엄마인데 이렇게까지 사랑을 줄 수 있는 게 신기해.	N	2022-08-29 03:00:48	2022-11-08 05:07:10
BE22016098	6	1	맞아, 나도 우리 엄마와 너희 남편 관계를 보며 참 마음이 따뜻했던 적이 많아. 우리 엄마는 아들이 없고 남편은 엄마를 일찍 여의었으니까, 둘이 많이 의지가 되었나 봐. 정말 기쁘고 마음이 뭉클하다.	N	2022-08-29 03:00:48	2022-11-08 05:07:10
BE22016098	7	0	이렇게 마음 넓은 남편을 만나고, 또 우리 엄마와 사이가 좋은 게 참 감사할 일이지. 주변에 보면 가족임에도 서로 사랑하지 못하는 경우도 많잖아.	N	2022-08-29 03:00:48	2022-11-08 05:07:10
BE22016098	8	1	나도 그 말에 공감해, 사위와 장모님이 이렇게 사이좋은 집은 우리 집 밖에 없을걸. 우리 엄마도 너희 남편도 너무나도 좋은 사람들이잖아, 보고 있으면 마음이 따뜻해져. 앞으로 너희 집에 살면서도 잘 의지하면서 살 거야.	N	2022-08-29 03:00:48	2022-11-08 05:07:10
BE22016098	9	0	처음에는 같이 사는 게 쉽지 않겠지만, 두 사람 다 배려심이 많은 사람이니 괜찮을 거라고 생각해. 나는 우리 가족이 다 같이 살 수 있으니 더없이 행복하지.	N	2022-08-29 03:00:48	2022-11-08 05:07:10
BE22016098	10	1	원래 사람이 많을수록 더 행복한 법이잖아. 처음에는 낯설 수 있지만 분명 시간이 지나면 원래 같이 살았던 것처럼 마음이 편안해질 거야. 언니는 너와 너희 남편에게 진심으로 감사해.	N	2022-08-29 03:00:48	2022-11-08 05:07:10
BE22016098	11	0	아니야, 언니도 우리 엄마 아프셨을 때 고생 많이 했잖아. 언니와 형부에게 정말 고마워서 이번에는 내가 모시고 싶었어. 그래도 내 주위에는 마음이 따뜻한 사람들이 만나서 나를 행복하게 하는 것 같아.	N	2022-08-29 03:00:48	2022-11-08 05:07:10
BE22016098	12	1	네가 그렇게 말해주니 언니도 기분이 너무 좋아. 혹시라도 도움이 필요하면 언제든 말해줘, 언니는 네가 너무 기특하고 자랑스럽다.	N	2022-08-29 03:00:48	2022-11-08 05:07:10
BE22016098	13	0	아니야, 언니는 항상 나에게 큰 도움이 돼. 오늘도 좋은 하루 보내 언니.	N	2022-08-29 03:00:48	2022-08-29 03:00:48
BE22016098	14	1	그래, 연락해줘서 고마워, 너도 행복한 하루 보내기를 바라.	Y	2022-08-29 03:00:48	2022-11-08 05:07:10
