id	utterance_id	utterance_type	utterance_text	terminate	regDate	updDate
BE22021367	1	0	형, 이번 주 토요일에 형의 만나잔 제안을 못 받아들여서 미안해. 사실, 처음 말하는 건데 지난달부터 매주 토요일은 나를 위한 최고의 시간으로 보내고 있거든. 거창하게 말하면, 나만의 약속인데 솔직히 정말 만족스럽고 재밌어서 형한테도 추천해 주고 싶을 정도야.	N	2022-09-25 06:53:45	2022-09-25 06:53:45
BE22021367	2	1	다른 날도 있으니까, 미안해하지 않아도 돼. 그런데 너를 위해 투자하는 토요일이라니, 그거 되게 흥미진진해 보이는걸? 비밀스러운 네 약속이 나도 궁금해진다.	N	2022-09-25 06:53:45	2022-09-25 06:53:45
BE22021367	3	0	월요일에서 금요일까지 출근하느라 사실 회사와 집의 연속이고 무기력해져서 심신이 고달프더라고. 점점 내가 사라지는 것 같은 생각에, 토요일을 온전히 나만을 위한 충전의 시간으로 만들었어. 그동안 하고 싶었던 걸 하고, 먹고 싶었던 음식을 먹으면서 보내는데 정말 만족스럽고 짜릿해.	N	2022-09-25 06:53:45	2022-09-25 06:53:45
BE22021367	4	1	버티게 만드는 원동력을 네가 스스로 찾아가다니, 역시 넌 어떤 순간에도 희망을 만드는 대단한 사람이구나! 변하지 않는 관성에 젖어, 변화를 이끌 돌파구조차 찾지 못하는 사람이 나포함 태반인데 정말 멋있다.	N	2022-09-25 06:53:45	2022-09-25 06:53:45
BE22021367	5	0	사람들한테 치이면서 맞추느라 잊고 있었는데, 온전히 나한테 집중하는 시간이 얼마나 중요한지를 이제야 깨닫고 있어. 내가 나를 알아가는 재미가 정말 쏠쏠하고 한주의 기력이 토요일의 행복으로 모조리 회복되는 것 같아. 일부로라도 이런 시간을 낸 게 정말 잘한 것 같아서 뿌듯하고, 기분이 정말 좋아!	N	2022-09-25 06:53:45	2022-09-25 06:53:45
BE22021367	6	1	시키는 걸 하는 게 아니라, 스스로 원하는 걸 주체적으로 찾아가는 과정이 상당히 매력적인 시간이겠다! 내 기분을 상기시켜주는 순간이 고갈된 에너지를 채워 준다니, 정말 신이 나겠네.	N	2022-09-25 06:53:45	2022-11-08 05:42:12
BE22021367	7	0	내 인생이잖아, 내가 잘 살려고 일하고 생활하는 건데 먹고사는 게 바쁘다고 뭐가 중요한지를 잊었었어. 주객전도가 되어버린 시간들이 길어지면서, 솔직히 허무함이 몰려오는 때가 참 많았거든. 그런데, 매주 토요일로 보상 같은 시간을 주면서 그날의 기다림이 한주를 버티는 즐거움이 되더라?	N	2022-09-25 06:53:45	2022-09-25 06:53:45
BE22021367	8	1	인내는 쓰고 열매는 달다는 말이 네게 딱 맞는 말처럼 보인다. 달콤한 과실을 얻기 위해 남은 시간들을 견딜 수 있다니, 좋은 방법을 찾은 네가 대견스러워. 타성에 젖지 않고 스스로를 일으켜 세우는 네가 앞으로 전진하는 순간들이 정말 보기 좋구나.	N	2022-09-25 06:53:45	2022-11-08 05:42:12
BE22021367	9	0	한 달이면 최소 4번이 토요일이잖아, 난 그 네 번의 기회가 너무나 소중해. 5일이 잿빛 같은 날이었다면, 토요일은 내 세상은 다양하게 채색하는 날이랄까? 한주의 멈춤을 주는 그 시간이, 다채롭게 내 세상을 만드는 것 같아서 정말 짜릿해.	N	2022-09-25 06:53:45	2022-09-25 06:53:45
BE22021367	10	1	네가 매일을 살아갈 힘을 얻는 순간을 가졌다는 게 형은 너무 다행이라고 생각해. 아무리 힘을 내서 살려고 하더라도 고갈되는 순간은 꼭 찾아오잖아. 무한한 열정을 계속할 수 있는 충전지를 네가 찾았다니, 형도 덩달아서 기분이 좋아지네.	N	2022-09-25 06:53:45	2022-11-08 05:42:12
BE22021367	11	0	그동안 하고 싶었던 걸 떠올리면서, 점점 삶에 동기부여가 되는데 정말 삶의 활력이 느껴져. 덕분에 스트레스도 풀리지만, 살아가면서 못 해본 것들을 경험으로 성취해가는 게 정말 행복해. 고생만이 나를 나아가게 한다는 생각이 이제는 바뀌는 것 같기도 하더라고.	N	2022-09-25 06:53:45	2022-09-25 06:53:45
BE22021367	12	1	맞아, 고난이나 역경이 사람을 나아갈 수 있게도 하지만 적절한 선물과 보상도 전진할 동력을 주지. 더 할 수 있다고 느껴지고, 하고 싶은 것들이 새롭게 생긴다면 나도 흥분될 것 같아. 계속해서 나를 채운다는 그 충족감이 정말 행복하면서도 열정도 생겨서 기쁠 것 같아.	N	2022-09-25 06:53:45	2022-09-25 06:53:45
BE22021367	13	0	거창하게 시작해야 하는 일이 아님에도 삶을 빛나게 만들 수 있는 순간들이 만들어지는 것 같아. 그래서 형한테도 이런 시간을 제안하고 싶어. 내가 느낀 이 기분 좋은 산뜻한 만족감을 형도 가진다면, 기쁨이 2배가 될 것 같거든.	N	2022-09-25 06:53:45	2022-09-25 06:53:45
BE22021367	14	1	그런 좋은 경험을 내게도 나누고 싶다니, 감동적이다. 나도 네 추천을 받아서 나만을 위한 날을 정해서 언제나 지켜야 하는 약속을 만들고 싶은걸? 결과가 좋다는 건, 문자를 하는 네가 만족스러워 보인다는 걸로 충분히 증면된 것 같네!	Y	2022-09-25 06:53:45	2022-09-25 06:53:45
