id	utterance_id	utterance_type	utterance_text	terminate	regDate	updDate
BE22003417	1	0	자기 회사 끝나면 같이 저녁이나 먹을까?	N	2022-06-24 14:15:18	2022-11-08 03:46:25
BE22003417	2	1	오늘 단체 예약 준비 때문에 바쁘다고 일찍 출근했잖아. 피곤하지 않겠어?	N	2022-06-24 14:15:18	2022-11-08 03:46:25
BE22003417	3	0	그 단체 예약이 취소되어서 괜찮아. 준비 다 해놨는데 그제야 전화 와서 예약 취소해달라고 하더라.	N	2022-06-24 14:15:18	2022-11-08 03:46:25
BE22003417	4	1	맙소사 자기가 괜히 일찍부터 고생만 하고 끝난 거네.	N	2022-06-24 14:15:18	2022-11-08 03:46:25
BE22003417	5	0	이 정도 규모 단체 예약은 정말 오랜만이라 감사한 마음으로 신나게 준비했거든. 힘든 줄도 모르고 끝내보니 예약 취소라네. 허탈해서 눈물 날 것 같았어.	N	2022-06-24 14:15:18	2022-11-08 03:46:25
BE22003417	6	1	그러게. 기대 많이 했을 텐데 그 기대가 무참히 깨어져서 마음 아팠겠다. 자기 이야기 들으니까 나도 너무 속상하네.	N	2022-06-24 14:15:18	2022-11-08 03:46:25
BE22003417	7	0	준비한 재료도 아깝고 들인 시간도 아까운데 내가 할 수 있는 일이 없어서 정말 답답하더라.	N	2022-06-24 14:15:18	2022-11-08 03:46:25
BE22003417	8	1	기쁘게 준비하던 일이 어그러진 거라 실망이 클 만해. 나였어도 허무해서 헛웃음만 나왔을 거야.	N	2022-06-24 14:15:18	2022-11-08 03:46:25
BE22003417	9	0	예약 취소 불가라고 미리 이야기 안 한 내 잘못이지 뭐. 하루 종일 이 생각 때문에 너무 우울했어.	N	2022-06-24 14:15:18	2022-11-08 03:46:25
BE22003417	10	1	자기 잘못 아닌 일로 괜히 자기 탓하면서 스스로를 괴롭히지 마. 이번 경험을 토대로 다음번에는 예약 규칙을 더 강화하면 이런 슬픈 일 없을 거야. 그러니까 기운 내.	N	2022-06-24 14:15:18	2022-11-08 03:46:25
BE22003417	11	0	듣고 보니 자기 말이 맞네. 다음에는 무조건 예약 취소 24시간 전에만 가능하다고 해야겠어.	N	2022-06-24 14:15:18	2022-11-08 03:46:25
BE22003417	12	1	좋은 생각이다. 무례한 손님 때문에 마음 아팠을 텐데 이렇게 극복하고 미래를 계획하는 모습 보기 좋네. 역시 자기는 멋진 사람이라니까.	N	2022-06-24 14:15:18	2022-11-08 03:46:25
BE22003417	13	0	이렇게라도 긍정적으로 생각해야지. 자꾸 곱씹어서 좋을 건 없잖아.	N	2022-06-24 14:15:18	2022-11-08 03:46:25
BE22003417	14	1	정말 맞는 말이야. 이따가 저녁 맛있는 거 먹으면서 남은 부정적인 감정도 다 털어버리자.	N	2022-06-24 14:15:18	2022-11-08 03:46:25
BE22003417	15	0	이미 자기 덕에 기분 훨씬 나아졌어. 그래도 챙겨준다니 고맙게 받을게.	Y	2022-06-24 14:15:18	2022-11-08 03:46:25
