id	utterance_id	utterance_type	utterance_text	terminate	regDate	updDate
BE22017053	1	0	나 결국 논문 심사에서 탈락했어. 모든 계획이 틀어져서 너무 막막하고, 아무런 의욕도 생기지 않아. 좌절감이 너무 커서 하루하루가 너무 괴롭고, 밥도 안 넘어가고, 잠도 통 못 자겠어.	N	2022-09-04 12:59:34	2022-11-08 05:13:01
BE22017053	2	1	아이고, 그랬구나. 자기가 오랜 시간 애쓴 것을 곁에서 계속 봐 와서 나도 마음이 너무 많이 아프다. 나도 이런데 자기 마음은 얼마나 무너지는 것 같을까. 게다가 자기가 밥도 못 먹고, 잠도 못 잘 정도로 슬퍼하니 너무 걱정돼.	N	2022-09-04 12:59:34	2022-11-08 05:13:01
BE22017053	3	0	결국 중요한 건 인맥인가 봐, 내가 얼마나 열심히 준비했느냐는 모두 쓸모없었어. 논문 탈락의 이유가 너무 부당하다고 느껴져서 자존심도 상하고, 마음이 부서지는 듯 너무 괴로워.	N	2022-09-04 12:59:34	2022-09-04 12:59:34
BE22017053	4	1	애써온 시간이 모두 쓸모없다 느껴질 정도로 힘들어하는 자기의 말을 들으니 나도 이렇게 속이 상하는데. 그렇게 느끼는 자기 속은 오죽할까 싶어. 심사 탈락의 결과도 괴롭지만, 그에 관련된 이유가 자기 마음을 더 낙담하게 하는가 보다.	N	2022-09-04 12:59:34	2022-11-08 05:13:01
BE22017053	5	0	다른 교수님들께서도 모두 칭찬해 주셨던 주제와 방향이었는데 왜 탈락이 된 건지 납득이 되지 않아. 나랑 같이 준비했던 친구는 수월하게 통과해 지금 행복한 나날을 보내고 있어. 이런 말 하기 미안하지만, 그 친구 실력이 그리 탁월하지 않다는 건 동기들도 모두 알고 있단 말이야.	N	2022-09-04 12:59:34	2022-11-08 05:13:01
BE22017053	6	1	그간 받아 왔던 피드백으로 쌓인 기대감이 무너져 더 슬펐겠다. 게다가 함께 준비했던 친구는 통과가 되었다니 자기가 느꼈을 박탈감이 더 컸을 것 같아. 듣는 내내 나도 이렇게 억울한데 자기는 어떨까 싶어 마음이 아파.	N	2022-09-04 12:59:34	2022-09-04 12:59:34
BE22017053	7	0	내가 계속 이 학문을 공부하는 게 맞을까? 사실 나랑 맞지 않는 길을 고집부리며 꾸역꾸역 가고 있는 건가? 논문을 통과한 뒤에 진행할 계획들이 있었는데, 현재와 미래까지 모든 게 어그러진 느낌이야.	N	2022-09-04 12:59:34	2022-09-04 12:59:34
BE22017053	8	1	자기가 지금 느낄 착잡함과 회의감을 내가 모두 다 헤아릴 수 없어 미안한 마음이 들어. 하지만 논문 준비하는 동안 자기가 얼마나 멋지고 반짝였는데. 지금의 시련이 자기에겐 너무 큰 통증을 주겠지만 그렇다고 자기의 모든 시간을 부정하진 않았으면 해.	N	2022-09-04 12:59:34	2022-11-08 05:13:01
BE22017053	9	0	사실 나도 이 학문을 공부할 때 너무 즐겁고 보람 차. 계속 펼치고 싶었던 계획이 있었고, 그에 대한 기대가 컸기 때문에 실망이 더 큰가 봐. 또다시 시작할 엄두가 나지 않아.	N	2022-09-04 12:59:34	2022-09-04 12:59:34
BE22017053	10	1	나는 자기가 보람차고 즐거워하는 그 공부를 계속했으면 좋겠어. 지금은 이 시간이 이해되지 않고, 손해 보는 것 같이 느껴지겠지. 하지만 훗날 돌아볼 때 자기의 긴 여정 중에 잠시 멈춰서 재정비했던 시간이라 기억될 거야.	N	2022-09-04 12:59:34	2022-11-08 05:13:01
BE22017053	11	0	맞아, 돌이켜 생각해보면 당시엔 괴로웠어도 그 시간이 있었기에 배우고 얻을 수 있던 일들이 있었어. 지금 이 일 또한 그렇게 될 수 있겠지? 이때 포기하지 않기를 잘했다며 돌아볼 수 있는 날이 오겠지?	N	2022-09-04 12:59:34	2022-11-08 05:13:01
BE22017053	12	1	그럼! 지금껏 그래왔듯이 자기는 주어진 시간을 귀하게 쓸 수 있는 사람이니까. 분명히 이 시간 또한 당신의 이야기를 써 내려갈 기회로 만들 수 있으리라 나는 믿어. 무엇보다 자기의 소중한 꿈을 다른 누군가의 방해로 포기하지 않았으면 좋겠어.	N	2022-09-04 12:59:34	2022-11-08 05:13:01
BE22017053	13	0	자기 이야기를 들으니 주저앉아 낙담만 하고 있지 말아야겠다는 생각이 드네. 맞아, 별로 중요하지도 않은 타인의 개입으로 내 소중한 꿈을 포기할 수는 없어. 물론 지금은 하루하루가 너무 힘들지만, 나는 잘 이겨낼 수 있을 거야.	N	2022-09-04 12:59:34	2022-09-04 12:59:34
BE22017053	14	1	응, 자기는 분명히 잘 할 수 있어! 자기가 잘 해낼 수 있도록 내가 곁에서 든든한 편이 되어 지켜보며 응원할게.	Y	2022-09-04 12:59:34	2022-09-04 12:59:34
