id	utterance_id	utterance_type	utterance_text	terminate	regDate	updDate
BE22014096	1	0	자기야, 지금 내 마음은 슬픔으로 가득 차 있어. 아버지께서 지난 달에 교통사고로 병원에 입원하셨다가 결국 어젯밤에 돌아가셨거든. 너무 슬퍼서 비통한 마음만 들어.	N	2022-08-13 13:55:08	2022-08-13 13:55:08
BE22014096	2	1	지난 달부터 자기가 많이 힘들어했는데, 지금의 슬픈 심정은 말로 표현도 못 하겠네. 자기 이야기를 들으니 나도 억장이 무너지는 것 같아.	N	2022-08-13 13:55:08	2022-11-08 04:54:43
BE22014096	3	0	작년에 다녀온 하와이 여행이 아버지와의 마지막 여행이 될 줄은 정말 꿈에도 몰랐어. 너무 슬퍼서 눈물만 계속 줄줄 흘러내려.	N	2022-08-13 13:55:08	2022-08-13 13:55:08
BE22014096	4	1	나도 지난 달에 작은아버지 돌아가시고 한 달 내내 슬픔에 잠겨 있었거든. 자기가 얼마나 슬퍼할지 난 상상조차 할 수 없을 정도야.	N	2022-08-13 13:55:08	2022-08-13 13:55:08
BE22014096	5	0	5년 전에 엄마와 이혼하시고 아버지께서 그동안 힘들게 혼자 외롭게 살아오셨거든. 이렇게 허무하게 가시니 창자가 끊어지는 것처럼 아파.	N	2022-08-13 13:55:08	2022-11-08 04:54:43
BE22014096	6	1	나는 자기 이야기만 들어도 비통한 마음이 들어. 자기는 아버지와 애틋한 추억도 많고, 그렇게 슬퍼하는 것도 너무나 당연해.	N	2022-08-13 13:55:08	2022-08-13 13:55:08
BE22014096	7	0	아버지께서 돌아가시니 하늘이 무너져 내리는 것 같아. 그동안 잘 못 해 드린 것 같아서, 후회만 계속되고 마음이 너무 괴로워.	N	2022-08-13 13:55:08	2022-11-08 04:54:43
BE22014096	8	1	자기가 이렇게 슬퍼하는 모습은 처음 보는 것 같아. 무슨 말로 자기를 위로해 줘야 할지 몰라 안타깝기만 해.	N	2022-08-13 13:55:08	2022-08-13 13:55:08
BE22014096	9	0	아버지를 떠나보낸 가족들도 걱정이 이만저만이 아니야. 어머니도 너무 큰 충격을 받으셨고, 동생도 슬픔에 겨워서 어쩔 줄 모르고 있거든.	N	2022-08-13 13:55:08	2022-08-13 13:55:08
BE22014096	10	1	자기 마음을 조금이라도 위로해 주고 싶은 심정이야. 자기는 누구보다도 강하고 힘든 일에도 침착하고 의연하게 대처하잖아. 그러니 너무 슬퍼하지 말고, 얼른 기운 차렸으면 좋겠어.	N	2022-08-13 13:55:08	2022-11-08 04:54:43
BE22014096	11	0	자기가 그렇게 말해 주니 기운이 좀 나는 것 같아. 이렇게 힘들고 슬플 때 내 마음을 따뜻하게 어루만져 줘서 정말 고마워, 자기야.	N	2022-08-13 13:55:08	2022-08-13 13:55:08
BE22014096	12	1	자기가 조금이라도 힘이 났다니 정말 다행이야. 정말 힘겨운 상황이지만, 자기는 잘해 낼 거라고 믿어.	N	2022-08-13 13:55:08	2022-11-08 04:54:43
BE22014096	13	0	자기의 말이 내게 얼마나 큰 힘과 위안이 되는지, 자기는 아마 상상도 못 할 거야. 고마운 마음을 어떻게 표현해야 할지 모르겠어.	N	2022-08-13 13:55:08	2022-08-13 13:55:08
BE22014096	14	1	말하지 않아도 자기 마음 누구보다 잘 알아. 나도 곧 병원으로 출발할 테니, 자기는 마음 편하게 먹고 기다리고 있어.	N	2022-08-13 13:55:08	2022-08-13 13:55:08
BE22014096	15	0	이렇게 힘들 때 자기가 곁에 있어서 정말 다행이야. 진심으로 고맙게 생각해, 자기야. 그럼 이따가 병원에서 보기로 하고, 조심해서 와.	Y	2022-08-13 13:55:08	2022-08-13 13:55:08
