id	utterance_id	utterance_type	utterance_text	terminate	regDate	updDate
BE22015171	1	0	오늘 여동생을 보고 왔는데 마음이 뭐랄까 너무 슬프더라. 눈물이 쏟아지고 말았어.	N	2022-08-22 08:46:18	2022-08-22 08:46:18
BE22015171	2	1	그런 일이 있었구나. 여동생은 여전히 시집살이로 고생하면서 사는 거야?	N	2022-08-22 08:46:18	2022-11-08 05:01:26
BE22015171	3	0	응, 시부모님과 함께 산다고 했을 때 말렸어야 했어. 오빠가 되어서 그런 일 하나 못 막고 정말 너무 슬프다.	N	2022-08-22 08:46:18	2022-08-22 08:46:18
BE22015171	4	1	자기가 아무리 오빠라도 어떻게 쉽게 막을 수가 있었겠어. 마음은 무겁겠지만 너무 자책하지는 마.	N	2022-08-22 08:46:18	2022-11-08 05:01:26
BE22015171	5	0	자기도 알다시피 내가 가족이라고는 여동생 하나잖아. 그런데 병든 시부모님 수발들며 고생하는 모습을 보니까 가슴이 미어져.	N	2022-08-22 08:46:18	2022-08-22 08:46:18
BE22015171	6	1	당연히 그렇게 마음이 아플 수밖에 없을 거야. 병간호가 얼마나 힘든 일이야. 자기 마음이 참 무겁고 속상한 게 당연해.	N	2022-08-22 08:46:18	2022-11-08 05:01:26
BE22015171	7	0	돈이라도 있으면 허리 펴게 도와줄 텐데 그럴 수도 없고. 생각할수록 슬프기만 해.	N	2022-08-22 08:46:18	2022-08-22 08:46:18
BE22015171	8	1	여동생을 생각하는 마음이 각별하니 고생하는 모습 보고 올 때마다 슬플 거야. 그렇지만 여동생은 이렇게 본인 생각을 해주는 오빠가 있어서 든든할 거야. 그걸 잊지 마.	N	2022-08-22 08:46:18	2022-11-08 05:01:26
BE22015171	9	0	아무것도 도와주지도 못하는데, 과연 그럴까?	N	2022-08-22 08:46:18	2022-11-08 05:01:26
BE22015171	10	1	물질적인 것만이 다는 아니잖아. 자주 만나서 마음을 주는 혈육이 얼마나 의지가 되는데. 스스로 그런 오빠라고 생각하면서 마음을 다스리면 슬픔이 좀 가실 거야.	N	2022-08-22 08:46:18	2022-11-08 05:01:26
BE22015171	11	0	그렇게 말해주니까 위로가 된다. 자기 정말 고마워.	N	2022-08-22 08:46:18	2022-08-22 08:46:18
BE22015171	12	1	나는 자기 같은 오빠가 있으면 소원이 없겠어. 자기처럼 진심으로 챙겨주고 위해주는 혈육이 어디 있겠어. 늘 느끼는 거지만 자기 여동생이 참 부러워, 자기는 정말 좋은 오빠라고.	N	2022-08-22 08:46:18	2022-11-08 05:01:26
BE22015171	13	0	그래, 나 힘을 내서 슬픔을 이겨내 볼게. 열심히 살아서 시부모님 모시고 사는 여동생에게 더 힘이 되겠어.	N	2022-08-22 08:46:18	2022-11-08 05:01:26
BE22015171	14	1	그래, 자기라면 그럴 수 있을 거야. 그러니 더욱 힘을 내서 잘 살아 보자.	N	2022-08-22 08:46:18	2022-11-08 05:01:26
BE22015171	15	0	응, 그럴게. 이야기 들어줘서 정말 고마워. 이따 또 연락할게.	Y	2022-08-22 08:46:18	2022-08-22 08:46:18
