id	utterance_id	utterance_type	utterance_text	terminate	regDate	updDate
BE22019976	1	0	자기야 바빠? 안 바쁘면 내 얘기 좀 들어줄래? 나 회사에서 너무 기분 안 좋고 슬픈 일이 있었거든.	N	2022-09-22 11:02:56	2022-11-08 05:35:43
BE22019976	2	1	무슨 일이야? 요즘 회사 생활이 너무 재밌다고 즐거워하지 않았어? 혼나기라도 한 거야?	N	2022-09-22 11:02:56	2022-09-22 11:02:56
BE22019976	3	0	맞아 그랬었는데 이번에 새로운 프로젝트에 들어가면서 각자 보고서를 써왔는데. 내가 제일 허술하고 준비가 덜 됐더라고. 근데 주변에서는 그래도 잘 써왔다고 배려하면서 얘기를 해주는데 난 오히려 슬프고 기분이 더 안 좋았어.	N	2022-09-22 11:02:56	2022-11-08 05:35:43
BE22019976	4	1	그럼 오히려 그렇게 얘기해 주니까 고맙고 다행인 거 아니야? 아니면 자기 자신한테 더 실망스러운 거야?	N	2022-09-22 11:02:56	2022-09-22 11:02:56
BE22019976	5	0	맞아 나 자신이 능력이 이것밖에 안 되나 싶고. 옆에서 오히려 배려해 주면서 그렇게 얘기해 주니까 더 슬펐던 것 같아.	N	2022-09-22 11:02:56	2022-09-22 11:02:56
BE22019976	6	1	다시 생각해보니 그럴 수 있겠다. 자기는 열심히 준비했고 더 잘해서 인정받고 싶었을 텐데. 오히려 더 슬펐다는 게 무슨 말인지 이해가 된 것 같아.	N	2022-09-22 11:02:56	2022-11-08 05:35:43
BE22019976	7	0	차라리 조금 더 정보를 잘 탐색해오라며 지적을 해주는 게 더 나았을 것 같아. 이런 내가 너무 무능력하다고 느껴져.	N	2022-09-22 11:02:56	2022-09-22 11:02:56
BE22019976	8	1	아니야 그래도 자기는 아직 이제 막 사회생활 시작한 초년생이잖아. 처음부터 완벽할 수는 없지 직장 동료들도 조금은 부족하지만. 자기가 열심히 검색하고 준비해온 걸 다 알기 때문에 그렇게 배려해서 얘기해 준 걸 거야.	N	2022-09-22 11:02:56	2022-09-22 11:02:56
BE22019976	9	0	그래도 나는 조금 더 완벽하게 해서 제대로 인정받고 싶었어. 누구나 사회생활을 하다 보면 인정받고 싶어 하니까.	N	2022-09-22 11:02:56	2022-09-22 11:02:56
BE22019976	10	1	처음엔 누구나 미숙하고 완벽하기는 어렵잖아. 직장 동료들도 그 과정을 다 겪어오면서 자기 마음을 충분히 알아줄 거야. 이번엔 비록 조금 미숙했지만, 이번 일로 인해 다음번에는 더 완벽하게 준비할 수 있을 거야.	N	2022-09-22 11:02:56	2022-11-08 05:35:43
BE22019976	11	0	자기 말을 들으니까 조금은 진정이 되는 것 같네. 내가 너무 잘하고 싶어서 욕심이 과했던 것도 있는 것 같아.	N	2022-09-22 11:02:56	2022-11-08 05:35:43
BE22019976	12	1	당연히 그럴 수 있어. 오히려 처음부터 너무 잘해도 그 다음에 더 잘해야 한다는 부담감이 생길 수도 있으니까.	N	2022-09-22 11:02:56	2022-11-08 05:35:43
BE22019976	13	0	그래 이번을 계기로 다음번에 더 제대로 준비하고 노력해서 꼭 인정을 받아보겠어!	N	2022-09-22 11:02:56	2022-11-08 05:35:43
BE22019976	14	1	자기는 늘 열심히 하고 열의도 넘치니까. 충분히 발전하고 더 좋은 모습 보여줄 수 있을 거라고 믿어.	N	2022-09-22 11:02:56	2022-11-08 05:35:43
BE22019976	15	0	그렇게 얘기해줘서 고마워 자기야. 너무 든든하다 덕분에 기분이 다 풀렸어.	Y	2022-09-22 11:02:56	2022-09-22 11:02:56
