id	utterance_id	utterance_type	utterance_text	terminate	regDate	updDate
BE22000401	1	0	있잖아. 나 요즘 들어 몸이 안 좋다고 자주 그랬었잖아.	N	2022-06-13 01:42:56	2022-11-08 03:26:51
BE22000401	2	1	응 맞아. 최근 들어 살도 많이 빠지고 지금도 안색이 안 좋은 거 같은데. 괜찮은 거야?	N	2022-06-13 01:42:56	2022-11-08 03:26:51
BE22000401	3	0	사실은 나 지난주에 병원에 다녀왔거든. 나 암이래. 시한부 선고받았어. 길어봐야 6개월이래.	N	2022-06-13 01:42:56	2022-11-08 03:26:51
BE22000401	4	1	그게 무슨 소리야? 내가 지금 잘못 들은 거지?	N	2022-06-13 01:42:56	2022-11-08 03:26:51
BE22000401	5	0	잘 들은 거 맞아. 나 어제 영정사진도 찍고 왔어. 조금이라도 예쁠 때 찍어두고 싶어서.	N	2022-06-13 01:42:56	2022-11-08 03:26:51
BE22000401	6	1	왜 이렇게 덤덤하게 말하는 거야. 너 지금 괜찮은 거 맞아?	N	2022-06-13 01:42:56	2022-11-08 03:26:51
BE22000401	7	0	아니 안 괜찮아. 사실 나 너무 무서워.	N	2022-06-13 01:42:56	2022-11-08 03:26:51
BE22000401	8	1	내가 지금 그쪽으로 갈 테니까 잠깐만 기다려. 그리고 우리 다른 병원 가 보자. 우리 큰아버지가 암 전문병원 원장님이신데 거기 예약해 놓을게.	N	2022-06-13 01:42:56	2022-11-08 03:26:51
BE22000401	9	0	그럴 필요 없어. 난 이미 늦었어.	N	2022-06-13 01:42:56	2022-11-08 03:26:51
BE22000401	10	1	그렇지 않아. 큰아버지 말씀으로는 요즘에는 장비가 좋아져서 말기 암 환자도 긍정적인 생각을 갖고 치료 열심히 받으면 좋아지는 경우가 굉장히 많대.	N	2022-06-13 01:42:56	2022-11-08 03:26:51
BE22000401	11	0	그 병원에서 진료받으면 나도 좋아질 수 있을까?	N	2022-06-13 01:42:56	2022-11-08 03:26:51
BE22000401	12	1	당연하지. 자기는 아직 젊잖아. 그리고 내가 항상 옆에 있을 거야. 다른 모든 일은 내가 잘 처리할 테니까 자기는 마음 편안히 하고 치료만 잘 받아.	N	2022-06-13 01:42:56	2022-11-08 03:26:51
BE22000401	13	0	고마워. 나 사실 너무 무서운데 네가 옆에 있어서 다행이야.	N	2022-06-13 01:42:56	2022-11-08 03:26:51
BE22000401	14	1	고맙기는, 무슨 일이 있어도 내가 항상 곁에 있을게.	Y	2022-06-13 01:42:56	2022-11-08 03:26:51
