id	utterance_id	utterance_type	utterance_text	terminate	regDate	updDate
BE22021043	1	0	자기야, 나 너무 슬퍼. 오늘 좋지 않은 일이 있었는데 통 내 머릿속에서 가시지가 않네. 자기가 혹시 들어줄 수 있어?	N	2022-09-23 12:39:01	2022-11-08 05:40:19
BE22021043	2	1	자기의 일이라면 나는 언제든 들어줄 준비가 되어있는 걸. 어서 나에게 말해 봐.	N	2022-09-23 12:39:01	2022-11-08 05:40:19
BE22021043	3	0	오늘 은사님과 그 제자들이 모이는 모임이 있었는데, 선약 때문에 가질 못 했어. 내가 정말 뵙고 싶었던 은사님인데, 이렇게 허무하게 기회를 놓친 것 같아서 너무 슬퍼. 나도 정말 그 자리에 가고 싶었는데.	N	2022-09-23 12:39:01	2022-09-23 12:39:01
BE22021043	4	1	자기야, 그런 일이 있었구나. 정말 우리 자기가 슬프고 울적할 만 하겠다. 자기가 정말 기다렸던 모임이었을 텐데 말이야.	N	2022-09-23 12:39:01	2022-11-08 05:40:19
BE22021043	5	0	은사님과 그 제자들이 대략 10년만에 모이는 자리였거든. 오랜 기간 은사님을 뵙지 못해서 죄송했었는데, 또 이렇게 죄송할 일이 생겼어. 못가서 너무 슬프고 죄송스러운 마음에 눈물이 나.	N	2022-09-23 12:39:01	2022-09-23 12:39:01
BE22021043	6	1	우리 자기가 얼마나 은사님을 뵙고 싶었겠어. 어쩔 수 없는 상황때문에 가지 못한 아쉬움이 정말 오래 기억에 남을 것 같아. 오늘 우리 자기 기분이 정말 우울하겠구나.	N	2022-09-23 12:39:01	2022-11-08 05:40:19
BE22021043	7	0	내가 은사님을 정말 존경하고 뵙고 싶어했는데, 맨날 말만 하고 뵙질 못 했거든. 이번 기회로 은사님이 날 잊으시는 것 아닐지 너무 걱정 돼. 나에게 실망하실 수도 있잖아.	N	2022-09-23 12:39:01	2022-09-23 12:39:01
BE22021043	8	1	자기야, 분명 그 분도 자기가 어쩔 수 없는 상황 때문에 못 간 것을 아실거야. 이해하실 거니 너무 자책하지 않았으면 좋겠어. 은사님께서도 자기의 생활을 깨고 싶지 않으셨을거야.	N	2022-09-23 12:39:01	2022-11-08 05:40:19
BE22021043	9	0	그렇게 말해줘서 고마워. 오늘 사실 회사 미팅 선약때문에 못 간거거든. 일을 하다 보니 너무 울적해져서 일이 손에 잡히지도 않네.	N	2022-09-23 12:39:01	2022-11-08 05:40:19
BE22021043	10	1	우리 자기가 많이 슬펐지? 하지만 멀리서도 자기의 마음이 은사님께 전해질 거야. 그리고 분명 다음에도 은사님을 만날 기회가 있을테니 너무 오래 상심하지 않았으면 좋겠어.	N	2022-09-23 12:39:01	2022-11-08 05:40:19
BE22021043	11	0	그렇게 말해줘서 고마워. 사실 누군가의 그런 따뜻한 위로가 필요했나봐. 마음이 조금 누그러 드는 기분이야.	N	2022-09-23 12:39:01	2022-09-23 12:39:01
BE22021043	12	1	아쉽고, 기다리던 기회를 놓치면 정말 슬프고 힘들 수 있지. 내가 자기였어도, 그런 마음이 들게 분명해. 하지만 이번 만남이 마지막 만남이 아니니, 너무 슬퍼하지 말자. 알겠지?	N	2022-09-23 12:39:01	2022-11-08 05:40:19
BE22021043	13	0	자기야, 자기 덕에 그래도 한결 기분이 풀린 것 같아. 역시 내 마음 알아주는 건 자기 뿐이야.	N	2022-09-23 12:39:01	2022-09-23 12:39:01
BE22021043	14	1	분명 그 선생님도 자기가 잘 지내고 있길, 행복하게 지내길 바라실 거야. 그러니까 나와 은사님, 그리고 자기 스스로를 생각해서라도 힘내자!	N	2022-09-23 12:39:01	2022-09-23 12:39:01
BE22021043	15	0	고마워 자기야. 다음 만나는 날을 기대하며 하루하루 다시 희망차게 살아야겠어.	Y	2022-09-23 12:39:01	2022-09-23 12:39:01
