id	utterance_id	utterance_type	utterance_text	terminate	regDate	updDate
BE22014889	1	0	자기야, 나 너무 슬퍼.	N	2022-08-19 07:35:59	2022-11-08 04:59:42
BE22014889	2	1	왜? 뭔데? 무슨 일 때문에 그래?	N	2022-08-19 07:35:59	2022-08-19 07:35:59
BE22014889	3	0	나 고데기 쓰다가 머리 다 태웠어. 어떡하지, 정말.	N	2022-08-19 07:35:59	2022-08-19 07:35:59
BE22014889	4	1	뭐라고? 어디 데지는 않았지? 내가 다 놀랐어.	N	2022-08-19 07:35:59	2022-11-08 04:59:42
BE22014889	5	0	응, 다치지는 않았어. 오늘 데이트 때 좀 잘 보이려고 하다가 내가 기른 머리가 다 타 버렸네. 너무 슬픈데, 이건.	N	2022-08-19 07:35:59	2022-08-19 07:35:59
BE22014889	6	1	자기 머리 정말 오래 길렀잖아. 속 많이 상하지? 괜찮아?	N	2022-08-19 07:35:59	2022-11-08 04:59:42
BE22014889	7	0	나 파마하려고 애지중지 기른 머리였잖아. 근데 옆 머리 쪽이 홀랑 타서 단발머리로 바꿔야 할 것 같아.	N	2022-08-19 07:35:59	2022-11-08 04:59:42
BE22014889	8	1	자기 하고 싶은 머리를 당장 못하게 돼서 너무 낙담했구나. 자기 그런 모습 보니까 내가 더 속상해. 나랑 만나는 동안 계속 기르던 머리인데 내가 다 속상한 마음이야.	N	2022-08-19 07:35:59	2022-11-08 04:59:42
BE22014889	9	0	진짜 1년이나 기른 머리인데. 파마하려고 예약까지 잡았는데, 이게 뭐야 진짜. 단발머리도 안 어울릴 것 같고 나 정말 너무 슬퍼.	N	2022-08-19 07:35:59	2022-11-08 04:59:42
BE22014889	10	1	근데 자기가 어떤 머리를 해도 내 눈에는 항상 너무 예뻐. 자기가 내가 어떤 머리를 해도 좋아해 주는 것처럼, 나도 그래. 너무 걱정하지 말고 한 번 해보자, 분명히 자기도 마음에 들 거고 기분이 나아질 거야.	N	2022-08-19 07:35:59	2022-11-08 04:59:42
BE22014889	11	0	정말 그럴까? 이렇게 실망스러운 마음이 괜찮아지지 않을 것 같아.	N	2022-08-19 07:35:59	2022-11-08 04:59:42
BE22014889	12	1	오랫동안 준비한 일이 우연한 일로 무너지면 나라도 낙담할 거야. 그래도 자기 맨날 머리 때문에 더 더운 것 같다고 했잖아. 이번 기회로 잘 어울리는 머리를 하나 더 찾을지도 모른다고 생각하면 마음이 좀 괜찮아질 거야.	N	2022-08-19 07:35:59	2022-11-08 04:59:42
BE22014889	13	0	진짜? 미용실에 가면 미용사분이 항상 단발도 잘 어울릴 것 같다고는 했는데. 자기 말이 맞아, 이렇게 낙담한 걸 기회 삼아서 새로운 시도도 해봐야겠어.	N	2022-08-19 07:35:59	2022-11-08 04:59:42
BE22014889	14	1	역시 긍정적인 내 여자 친구. 그럼 오늘은 백화점 말고 미용실에 같이 가자! 자기 낙담한 마음이 없어질 만큼 만족스러운 머리가 될 거니까 너무 걱정하지 마.	N	2022-08-19 07:35:59	2022-11-08 04:59:42
BE22014889	15	0	응, 고마워. 덕분에 용기가 좀 생겼어. 이따 봐, 나 얼른 준비하고 나갈게.	N	2022-08-19 07:35:59	2022-08-19 07:35:59
BE22014889	16	1	응, 조금 이따가 보자!	Y	2022-08-19 07:35:59	2022-11-08 04:59:42
