id	utterance_id	utterance_type	utterance_text	terminate	regDate	updDate
BE22001456	1	0	오빠 나 결국 아침에 지각했어.	N	2022-06-15 08:45:23	2022-11-08 03:33:49
BE22001456	2	1	결국 교통카드 찾다가 늦었구나. 그러잖아도 얼마나 걱정했는지 몰라.	N	2022-06-15 08:45:23	2022-11-08 03:33:49
BE22001456	3	0	겨우 찾아서 헐레벌떡 나왔는데 이미 버스가 갔더라고.	N	2022-06-15 08:45:23	2022-11-08 03:33:49
BE22001456	4	1	오늘따라 버스는 왜 또 그렇게 칼 같이 지나갔어. 원래 맨날 늦게 왔으면서.	N	2022-06-15 08:45:23	2022-11-08 03:33:49
BE22001456	5	0	내 말이 하필 오늘 같은 날... 정말 되는 일 없다. 우울해.	N	2022-06-15 08:45:23	2022-11-08 03:33:49
BE22001456	6	1	첫 시작부터 꼬이면 정말 우울하긴 하지. 오늘따라 버스도, 교통카드도 맘대로 되지 않아서 기분이 안 좋겠다.	N	2022-06-15 08:45:23	2022-11-08 03:33:49
BE22001456	7	0	첫인상이 중요한데 다들 날 뭐라고 생각할까? 첫날부터 지각한 애로 기억될까 봐 슬프다.	N	2022-06-15 08:45:23	2022-11-08 03:33:49
BE22001456	8	1	속상한 마음 충분히 이해해. 하지만 자기는 성실하니까 금방 다른 사람들도 그런 모습을 알고 좋게 생각할 거야.	N	2022-06-15 08:45:23	2022-11-08 03:33:49
BE22001456	9	0	내가 꼭 입사하고 싶었던 회사라 더 잘 보이고 싶었는데, 작은 거 하나라도 실수하기 싫어서 더 마음이 안 좋아.	N	2022-06-15 08:45:23	2022-11-08 03:33:49
BE22001456	10	1	잘하려고 했는데 일이 꼬여서 더 속상하구나. 완벽하고 싶었는데 처음부터 삐끗했다는 생각에 마음이 괴로운 거구나?	N	2022-06-15 08:45:23	2022-11-08 03:33:49
BE22001456	11	0	맞아. 딱 그 마음이야. 이 기분에 다른 일까지 망쳐버리면 어떡하지?	N	2022-06-15 08:45:23	2022-11-08 03:33:49
BE22001456	12	1	자기가 못해서 일어난 일이 아니라 잠깐 운이 안 좋았던 것뿐이잖아. 열심히 일하면서 보람을 찾다 보면 금세 잊힐 거야.	N	2022-06-15 08:45:23	2022-11-08 03:33:49
BE22001456	13	0	역시 오빠는 나를 긍정적으로 만들어 줘.	N	2022-06-15 08:45:23	2022-11-08 03:33:49
BE22001456	14	1	나는 자기가 잘할 거라고 믿어. 우울한 기분은 털어버려!	Y	2022-06-15 08:45:23	2022-11-08 03:33:49
