id	utterance_id	utterance_type	utterance_text	terminate	regDate	updDate
BE22016948	1	0	여드름 자국이 나아질 기미가 안 보여서 피부과 상담 예약했어. 너무 우울하다.	N	2022-09-02 06:48:53	2022-11-08 05:12:24
BE22016948	2	1	예전부터 스트레스받곤 하더니 예약했구나. 아무래도 보이는 곳이니 더욱 신경이 쓰이고 마음이 좋지 않겠네.	N	2022-09-02 06:48:53	2022-11-08 05:12:24
BE22016948	3	0	응, 그냥 신경 쓰지 않으려고 했는데 관리를 받아야 나아질 것 같아서 피부과에 가보려고 해. 별로 좋은 일로 가는 게 아니라 기분이 좋지 않네. 자국이 심한데 치료를 받는다고 해도 효과가 있을지도 모르겠고.	N	2022-09-02 06:48:53	2022-09-02 06:48:53
BE22016948	4	1	언제나 쾌활한 자기가 이렇게 우울해하는 걸 들으니 나도 속상하다. 오랜 시간 이 문제 때문에 스트레스받아 온 자기 마음 누구보다 잘 아는 터라 더욱 그러네.	N	2022-09-02 06:48:53	2022-11-08 05:12:24
BE22016948	5	0	마음이 생각보다 더 우울하네. 겨우 피부 때문에 이렇게 스트레스받는 내가 한심해.	N	2022-09-02 06:48:53	2022-11-08 05:12:24
BE22016948	6	1	나라도 울적한 마음이 들었을 거야, 절대 한심하다고 생각하지 마. 이렇게까지 고통을 털어놓는 자기 모습 보니 그동안 스트레스를 얼마나 받았을까 싶어서 가슴이 아프다. 옆에서 도와줄 수 있는 부분이 있으면 좋을 텐데.	N	2022-09-02 06:48:53	2022-11-08 05:12:24
BE22016948	7	0	요즘에는 지나가는 사람들이 내 피부를 보고 수군거리는 건 아닐까 걱정한 적도 한두 번이 아니야.	N	2022-09-02 06:48:53	2022-11-08 05:12:24
BE22016948	8	1	그동안 겉으로 드러내진 않았던 자기가 마음속에 담아둔 고통의 크기를 체감할 수 있는 말이네. 당장 이 말만 들어도 혼자 얼마나 속으로 고민하고 힘들었을지 이해가 된다.	N	2022-09-02 06:48:53	2022-11-08 05:12:24
BE22016948	9	0	사춘기 학생도 아니고, 성인이 되었는데도 왜 없어지지 않는 거냐고, 정말 마음이 이래저래 슬프다. 이럴 줄 알았으면 이렇게 오래 방치하지 말고 진작 관리를 받을 걸 그랬나봐.	N	2022-09-02 06:48:53	2022-11-08 05:12:24
BE22016948	10	1	아니야, 성인이 되면 자연스럽게 나아질 거라 생각했으니 기다린 거잖아, 방치가 아니지. 너무 자책하지 마. 생각보다 자국이 많이 옅어지지 않아서 답답하고 속상했지? 인내한 시간만큼 만족할만한 결과를 얻을 수 있을 거야, 기운 내자.	N	2022-09-02 06:48:53	2022-11-08 05:12:24
BE22016948	11	0	자기가 이렇게 말해주니 기운이 좀 나는 것 같아. 내 마음을 알아주고 이해해줘서 기분이 훨씬 나아졌어. 나 얼른 기운 내서 치료 잘 받아볼게.	N	2022-09-02 06:48:53	2022-09-02 06:48:53
BE22016948	12	1	자기가 이렇게 기운을 차리다니, 나에게 이보다 더 감사한 일은 없을 거야. 자기가 속상해하면 나도 덩달아 속상해지거든, 기분이 나아졌다니 정말 다행이야.	N	2022-09-02 06:48:53	2022-11-08 05:12:24
BE22016948	13	0	듣기 싫고 불편할 수도 있는 내 이야기 귀 기울여 들어줘서 정말 고마워. 자기가 좋은 말 많이 해준 덕분에 마음속에서 용기가 솟아나는 것 같아.	N	2022-09-02 06:48:53	2022-11-08 05:12:24
BE22016948	14	1	용기를 불어넣어 준 것 같아서 내 마음도 뿌듯하네. 지치고 힘든 일 있을 땐 언제나 내게 이야기 해줘.	Y	2022-09-02 06:48:53	2022-11-08 05:12:24
