id	utterance_id	utterance_type	utterance_text	terminate	regDate	updDate
BE22012769	1	0	요즘 알레르기가 있는 음식들이 너무 많아서 선택이 까다로워. 평소에도 느꼈던 것들인데 요즘 따라 왜 이렇게 더 불편한 걸까. 너무 슬프고 속상해.	N	2022-08-01 15:57:47	2022-11-08 04:46:18
BE22012769	2	1	아무래도 못 먹는 음식들이 많으면 신경이 쓰일 수밖에 없지. 네가 너무 불편하겠다.	N	2022-08-01 15:57:47	2022-11-08 04:46:18
BE22012769	3	0	맞아. 그래서 외식할 때도 메뉴 고르는 게 너무 힘들어. 먹을 수 있는 음식들이 한정되어 있다 보니까 제대로 즐기지 못하는 것 같아. 그게 너무 우울하고 눈물이 나더라고.	N	2022-08-01 15:57:47	2022-11-08 04:46:18
BE22012769	4	1	듣는 나도 불편함에 눈살이 찌푸려지는데 넌 오죽할까. 그럴 때마다 네가 너무 힘들겠다.	N	2022-08-01 15:57:47	2022-11-08 04:46:18
BE22012769	5	0	제일 슬픈 건 가족이나 친구들이랑 외식할 때 너무 한정적이라는 거야. 나 때문에 주변 사람들이 먹고 싶은 것도 못 먹고 불편해질까봐 걱정돼.	N	2022-08-01 15:57:47	2022-11-08 04:46:18
BE22012769	6	1	내가 네 상황이었어도 주변 사람들이 신경 쓰이고 걱정되었을 것 같아. 네 맘 충분히 이해해.	N	2022-08-01 15:57:47	2022-11-08 04:46:18
BE22012769	7	0	나는 왜 이렇게 알레르기가 심할까? 이럴 때마다 나 자신이 너무 밉고 싫어. 이런 상황에 닥칠 때마다 눈물이 나.	N	2022-08-01 15:57:47	2022-11-08 04:46:18
BE22012769	8	1	네 맘 충분히 이해해. 혼자서 얼마나 괴롭고 슬펐을지 생각만 해도 내가 다 마음이 아프다. 하지만 그게 네 잘못은 아니잖아.	N	2022-08-01 15:57:47	2022-11-08 04:46:18
BE22012769	9	0	내 잘못은 아니지만, 메뉴를 고를 때마다 주변 사람들이 나한테 맞춰주고 배려해주는 모습이 너무 미안해. 내가 다 잘못한 것 같고 나만 없으면 다들 행복하게 외식할 수 있지 않을까 싶어.	N	2022-08-01 15:57:47	2022-11-08 04:46:18
BE22012769	10	1	아무래도 너한테 맞춰주는 게 많으니까 충분히 네가 그런 생각이 들 수밖에 없을 것 같아. 하지만 네 주변 사람들이 싫어했다면 너와 같이 외식을 하지는 않았을 것 같아. 그만큼 다들 널 아끼는 거 아닐까?	N	2022-08-01 15:57:47	2022-11-08 04:46:18
BE22012769	11	0	정말 그런 걸까? 괜히 나 때문에 참고 맞춰주는 거라면 너무 슬플 것 같아.	N	2022-08-01 15:57:47	2022-11-08 04:46:18
BE22012769	12	1	나만 해도 널 정말 좋아하고 아끼는 마음이 가득한데, 다른 사람들도 그럴 거라 생각해. 넌 주변 사람들을 편안하게 해주고 행복하게 해주는 사랑스러운 아이잖아. 그런 걸로 기죽을 필요 전혀 없어.	N	2022-08-01 15:57:47	2022-11-08 04:46:18
BE22012769	13	0	그런 말 들으니까 기분이 좋기는 하다. 다른 사람들도 너처럼 날 그렇게 생각해주면 좋을 텐데 말이야.	N	2022-08-01 15:57:47	2022-11-08 04:46:18
BE22012769	14	1	분명 그렇게 생각할 거니까 너무 낙담하지 않았으면 좋겠어. 오히려 다들 너와 밥 먹는 것만으로도 그 순간이 정말 행복으로 가득 찼을 거야.	N	2022-08-01 15:57:47	2022-11-08 04:46:18
BE22012769	15	0	정말 고마워! 덕분에 기분이 한결 나아졌어. 앞으로 그런 부정적인 생각 안 하도록 노력할게!	Y	2022-08-01 15:57:47	2022-11-08 04:46:18
