id	utterance_id	utterance_type	utterance_text	terminate	regDate	updDate
BE22021011	1	0	혹시 내가 너무 소심하다는 생각 든 적 있어? 	N	2022-09-23 11:12:47	2022-09-23 11:12:47
BE22021011	2	1	아니. 왜 그런 생각을 해? 무슨 일 있었어?	N	2022-09-23 11:12:47	2022-09-23 11:12:47
BE22021011	3	0	결정도 빨리 못 내리고 오래 고민하는 성격이 마음에 안 들어. 갑자기 친구가 놀러 가자고 하면 엄청 망설여지거든.	N	2022-09-23 11:12:47	2022-11-08 05:40:08
BE22021011	4	1	그건 대부분의 사람들이 그렇지 않아? 나도 고민 많이 하는 스타일이야. 너무 스트레스받이지 마.	N	2022-09-23 11:12:47	2022-11-08 05:40:08
BE22021011	5	0	근데 나는 조금 심한 것 같아. 친구들이 갑자기 밤여행 가자고 했는데 나는 갈지 말지 고민하다가 결국 애들끼리 갔거든. 그래서 사실 좀 슬펐어.	N	2022-09-23 11:12:47	2022-11-08 05:40:08
BE22021011	6	1	여행은 사실 고민이 될 수 있지. 계획 없이 하는 걸 좋아하는 사람도 있는 반면에 미리 정해야 편한 사람도 있어.	N	2022-09-23 11:12:47	2022-11-08 05:40:08
BE22021011	7	0	나는 충동적인 건 안 맞아. 친구들이랑 맞춰보려고 그냥 따라간 적도 있는데 너무 불편했어. 이런 성격 때문에 친구들이랑 가까워지기 힘든 것 같아서 너무 속상하고 슬퍼.	N	2022-09-23 11:12:47	2022-09-23 11:12:47
BE22021011	8	1	그렇구나. 고민이 많이 되겠네.	N	2022-09-23 11:12:47	2022-11-08 05:40:08
BE22021011	9	0	한 친구는 여행도 즉흥적으로 지구본 돌려서 손가락으로 딱 찍은 곳을 간다더라. 그래서 저번에 아프리카를 갔다는 거야. 나는 상상도 못할 일인데 내가 너무 소심해 보여.	N	2022-09-23 11:12:47	2022-11-08 05:40:08
BE22021011	10	1	그런 얘기 들으면 그럴 수도 있겠네. 주변에 그런 친구들이 있으니까 더 비교되어 보여서 그런데 자기가 그렇게 소심한 편은 아니라고 생각해. 자책하지 말았으면 좋겠어.	N	2022-09-23 11:12:47	2022-11-08 05:40:08
BE22021011	11	0	그래? 사실 그렇게 여행하는 게 흔한 일은 아닌 것 같지?	N	2022-09-23 11:12:47	2022-11-08 05:40:08
BE22021011	12	1	내 친구 중엔 한 명도 없어. 여행 계획만 일주일 넘게 세우다가 결국 무산된 게 여러 번 이야.	N	2022-09-23 11:12:47	2022-11-08 05:40:08
BE22021011	13	0	맞아. 나도 여행은 계획적인 걸 좋아하는 친구랑 갔던 편이야.	N	2022-09-23 11:12:47	2022-11-08 05:40:08
BE22021011	14	1	그렇지? 다들 성향이 있는 거야. 잘 맞춰서 지내면 되지.	N	2022-09-23 11:12:47	2022-09-23 11:12:47
BE22021011	15	0	그래, 내가 너무 생각에 사로잡혔던 것 같아. 여행을 즉흥적으로 안 간다고 소심한 건 아니지! 슬퍼할 이유가 없는 거였어.	N	2022-09-23 11:12:47	2022-11-08 05:40:08
BE22021011	16	1	그래. 너 안 소심하니까 걱정하지 마.	Y	2022-09-23 11:12:47	2022-11-08 05:40:08
