id	utterance_id	utterance_type	utterance_text	terminate	regDate	updDate
BE22015278	1	0	오늘 친구랑 뮤지컬 보기로 했던 거 못 보게 됐어. 그래서 너무 슬퍼.	N	2022-08-23 04:18:53	2022-08-23 04:18:53
BE22015278	2	1	기다리던 뮤지컬이었잖아. 친구 생일 겸 함께 보기로 했다고 많이 들떠있었는데 어쩌다 못 보게 된 거야?	N	2022-08-23 04:18:53	2022-08-23 04:18:53
BE22015278	3	0	같이 밥 먹고 시간 확인을 잘못 해서 지각했거든. 그런데 입장 자체를 안 받아주더라고. 그래서 지금 친구랑 우울해하면서 걷고 있어.	N	2022-08-23 04:18:53	2022-11-08 05:02:06
BE22015278	4	1	친구와 함께 즐거운 시간 보낼 생각에 들떴었을 텐데 실망감이 얼마나 컸겠어. 더구나 많이 기대했던 뮤지컬이었을 텐데 못 보게 돼서 진짜 많이 슬펐겠다. 기대했던 만큼이나 슬픔도 두 배로 컸을 것 같아.	N	2022-08-23 04:18:53	2022-11-08 05:02:06
BE22015278	5	0	조금 늦은 걸로 아예 입장 자체를 못 하게 막을지는 몰랐어. 진짜 난처하더라.	N	2022-08-23 04:18:53	2022-11-08 05:02:06
BE22015278	6	1	입장하는 문앞에 서서 한참을 멍하니 낙담했을 네 생각 하니 내 가슴도 먹먹해진다. 크게 낙담해서 말도 잘 나오지 않았을 것 같아.	N	2022-08-23 04:18:53	2022-11-08 05:02:06
BE22015278	7	0	과연 그럴까? 모처럼 특별한 날인데 계획이 다 틀어져 버렸는걸. 내가 하루를 망친 것 같아 너무 슬픈걸?	N	2022-08-23 04:18:53	2022-08-23 04:18:53
BE22015278	8	1	친구는 오늘 하루를 네가 망쳤다고 생각하지 않을 거야. 오히려 이렇게 생각하는 널 알게 되면 친구가 더 슬퍼할지도 몰라. 서로 함께하는 시간에 감사해할 테니 너무 가슴 아파하고 슬퍼하지 마.	N	2022-08-23 04:18:53	2022-11-08 05:02:06
BE22015278	9	0	부디 그랬으면 좋겠다. 친구한테 미안해서 얼굴을 못 들겠어.	N	2022-08-23 04:18:53	2022-08-23 04:18:53
BE22015278	10	1	우리도 가끔 데이트하다 계획 틀어지는 일 종종 있었잖아. 그럴 때마다 새로운 일들로 더 즐거우면 즐거웠지 슬프지만은 않았어. 친구와 어떤 새로운 일로 즐겁게 보낼지 서로 대화 나누면 기쁨의 시간으로 채워지지 않을까?	N	2022-08-23 04:18:53	2022-11-08 05:02:06
BE22015278	11	0	그래봐야겠다. 친구랑 얘기 좀 나눌 생각을 왜 못했었을까? 위로해 줘서 고마워, 슬픈 마음이 가신 것 같아. 역시 내 남자 친구 최고!	N	2022-08-23 04:18:53	2022-11-08 05:02:06
BE22015278	12	1	이렇게 금방 마음 회복하는 내 여자 친구는 너무 사랑스럽다. 이제 문자 그만하고 친구한테 집중해.	N	2022-08-23 04:18:53	2022-11-08 05:02:06
BE22015278	13	0	알겠어, 친구랑 즐거운 시간 보내고 저녁때 다시 문자할게! 오빠도 오늘 하루 즐겁게 보내.	N	2022-08-23 04:18:53	2022-08-23 04:18:53
BE22015278	14	1	응, 친구와 근사한 추억 많이 쌓고 집에 조심히 도착해서 연락해 줘.	Y	2022-08-23 04:18:53	2022-08-23 04:18:53
