id	utterance_id	utterance_type	utterance_text	terminate	regDate	updDate
BE22013419	1	0	자기야, 요즘 부모님이 나이 들어가시는 모습을 보면 내 마음에 슬픔이 파도처럼 밀려와. 내가 우리 집안의 늦둥이 아들이잖아. 부모님과 함께 할 수 있는 시간이 길지 않다는 생각이 들면 정말 우울해.	N	2022-08-07 23:32:38	2022-08-07 23:32:38
BE22013419	2	1	자기는 형이랑 열다섯 살 차이가 나는 막내아들이지. 그렇지 않아도 자기가 요즘 무척 슬퍼 보여서 걱정이었거든. 자기 이야기를 들으니 내 마음도 찢어지는 것 같아.	N	2022-08-07 23:32:38	2022-11-08 04:50:20
BE22013419	3	0	지난달에 아버지께서 위암 선고를 받으셨잖아. 수술도 무사히 끝나고 잘 회복하고 계시지만, 요즘 아버지만 보면 눈물이 줄줄 흘러.	N	2022-08-07 23:32:38	2022-11-08 04:50:20
BE22013419	4	1	보름 전에 나도 자기랑 병원에 함께 갔었잖아. 예전보다 야위신 아버지 모습을 뵙고, 나도 비통한 마음뿐이었어.	N	2022-08-07 23:32:38	2022-11-08 04:50:20
BE22013419	5	0	혹시 아버지께서 떠나실지도 모른다는 염세적인 생각이 머릿속에서 떠나지 않아. 내가 늦둥이라 정말 귀여워해 주신 아버지를 떠올리면, 너무 슬퍼서 내 심장이 마비되는 것 같아.	N	2022-08-07 23:32:38	2022-08-07 23:32:38
BE22013419	6	1	작년에 우리가 사귀기 시작하면서 자기 집에 인사드리러 갔었잖아. 아버지께서 나를 정말 예뻐해 주셨는데, 늦둥이인 자기를 얼마나 깊이 사랑하시겠어? 자기랑 아버지의 애틋한 관계를 떠올리니 나도 눈물이 나.	N	2022-08-07 23:32:38	2022-11-08 04:50:20
BE22013419	7	0	5년 전에 아버지와 단둘이 유럽 여행 갔던 기억도 떠올라. 그 여행이 마지막이 될지도 모른다는 생각에 절망감만 들어.	N	2022-08-07 23:32:38	2022-08-07 23:32:38
BE22013419	8	1	아버지께서 고령이시니 그런 마음이 드는 것도 당연해. 자기가 얼마나 슬퍼할지 난 상상조차 할 수 없어.	N	2022-08-07 23:32:38	2022-11-08 04:50:20
BE22013419	9	0	지난주에는 아버지께서 평생 아끼시던 반지를 내게 주시는 거야. 아버지께서 어떤 마음으로 그걸 내게 주셨을지 생각하면, 억장이 무너지는 것 같아.	N	2022-08-07 23:32:38	2022-11-08 04:50:20
BE22013419	10	1	그래서 자기가 지난주에 그렇게 슬퍼 보였던 거구나. 내가 무슨 말로 위로를 전해야 할지 모르겠네.	N	2022-08-07 23:32:38	2022-11-08 04:50:21
BE22013419	11	0	아버지에게 효도도 제대로 해드리지 못한 것 같아서 후회돼. 그 생각만 들면 너무 슬퍼서 미칠 것 같아.	N	2022-08-07 23:32:38	2022-11-08 04:50:21
BE22013419	12	1	자기는 누구보다 부모님 마음을 잘 헤아리는 살가운 아들이잖아. 아버지와 어머니께서도 표현은 잘 하지 않으셔도 마음속으로는 잘 아실 거야. 그러니 너무 슬퍼하지 말고 얼른 기운 냈으면 좋겠어.	N	2022-08-07 23:32:38	2022-11-08 04:50:21
BE22013419	13	0	마음속에 슬픔만 가득했는데, 자기 이야기를 들으니 힘이 나네. 내 마음을 따뜻하게 어루만져 줘서 정말 고마워.	N	2022-08-07 23:32:38	2022-11-08 04:50:21
BE22013419	14	1	자기 마음이 한결 가벼워진 것 같아서 정말 다행이야. 앞으로 부모님께 더 잘해드리자. 나도 뭐든지 도울게.	N	2022-08-07 23:32:38	2022-11-08 04:50:21
BE22013419	15	0	자기랑 이야기하다 보니 슬픔이 절반으로 준 것 같아. 자기 같은 여자 친구를 만난 건 내게 큰 행운이야. 진심으로 고맙게 생각해, 자기야.	Y	2022-08-07 23:32:38	2022-11-08 04:50:21
