id	utterance_id	utterance_type	utterance_text	terminate	regDate	updDate
BE22000754	1	0	자기야, 놀이공원에 교복 입고 가기로 한 거 못하게 됐어.	N	2022-06-13 07:40:31	2022-11-08 03:29:10
BE22000754	2	1	어? 나 그거 때문에 어제부터 옷장 뒤져서 교복 찾았는데. 무슨 일이 있었어?	N	2022-06-13 07:40:31	2022-11-08 03:29:10
BE22000754	3	0	주말에 가기로 해서 교복 드라이 맡겨서 찾아왔는데 엄마가 글쎄 그걸 버려버린 거 있지.	N	2022-06-13 07:40:31	2022-11-08 03:29:10
BE22000754	4	1	뭐라고? 어떻게 그런 일이 있어. 대체 왜 멀쩡한 교복을 버리셨어?	N	2022-06-13 07:40:31	2022-11-08 03:29:10
BE22000754	5	0	가뜩이나 옷장도 비좁은데 필요도 없는 교복 있으면 뭐 하냐고. 하필 나 없을 때 재활용 정리하면서 버리신 거야.	N	2022-06-13 07:40:31	2022-11-08 03:29:10
BE22000754	6	1	어떡해. 자기 그 교복 정말 아끼는 거라고 몇 번이나 말했었잖아. 얼마나 속상하겠어. 괜찮아?	N	2022-06-13 07:40:31	2022-11-08 03:29:10
BE22000754	7	0	아까부터 펑펑 울고 있어.	N	2022-06-13 07:40:31	2022-11-08 03:29:10
BE22000754	8	1	하, 정말 주말에 교복 데이트도 많이 기대했었는데 자기 실망해서 어쩌지? 울지 마, 응? 교복을 새로 사는 건 어떨까.	N	2022-06-13 07:40:31	2022-11-08 03:29:10
BE22000754	9	0	나도 그 생각 했는데 새로 산 건 내 교복이 아니잖아. 고등학교 삼 년 내내 추억이 담긴 내 물건이 아닌 게 되니까 싫어.	N	2022-06-13 07:40:31	2022-11-08 03:29:10
BE22000754	10	1	그렇지. 옷이야 사면 되지만 추억을 살 수는 없으니까. 자기야, 그럼 어머님께서 가져다 버리신 곳에 가서 같이 교복을 찾아보는 건 어떨까?	N	2022-06-13 07:40:31	2022-11-08 03:29:10
BE22000754	11	0	어? 그럴까? 지금 시간이 늦긴 했는데 괜찮을까?	N	2022-06-13 07:40:31	2022-11-08 03:29:10
BE22000754	12	1	일단 어디에 버리셨는지 물어보고 가서 찾아보자. 없으면 헌옷수거함이 모이는 곳 찾아서 다시 찾으면 돼. 자기야, 방법은 있을 테니까 울지 말고 마음을 잘 추슬러 보자.	N	2022-06-13 07:40:31	2022-11-08 03:29:10
BE22000754	13	0	그런 방법은 생각도 못 했어. 같이 찾아준다고 하니까 지금 너무 힘이 나.	N	2022-06-13 07:40:31	2022-11-08 03:29:10
BE22000754	14	1	자기의 오랜 추억이 담겨있는 교복 내가 꼭 같이 찾아줄게. 갑자기 없어져서 슬픔이 크겠지만 찾을 생각 하면서 힘을 내보자. 둘이 함께라면 꼭 좋은 결과를 얻을 수 있을 거야.	N	2022-06-13 07:40:31	2022-11-08 03:29:10
BE22000754	15	0	고마워, 자기야. 그럼 이따 봐.	Y	2022-06-13 07:40:31	2022-11-08 03:29:10
