id	utterance_id	utterance_type	utterance_text	terminate	regDate	updDate
BE22014754	1	0	자기야, 요즘 세상에 정말 쉬운 일이 없다는 것을 느껴. 지금 일하고 있는 곳에서도 내가 잘 일을 하지 못하는 것 같아서 마음이 울적하네.	N	2022-08-19 04:59:27	2022-08-19 04:59:27
BE22014754	2	1	자기야, 무슨 일 있어? 나는 자기가 일에 잘 적응하는 줄로만 알았는데, 무슨 일 있구나? 나에게 어서 털어놔 봐.	N	2022-08-19 04:59:27	2022-08-19 04:59:27
BE22014754	3	0	편의점 아르바이트가 너무 맞지 않고 힘들다는 생각에 내가 카페로 아르바이트 장소를 옮겼잖아. 그런데 어제 카페 아르바이트를 하면서 내가 너무 초라해졌어. 어제 너무 실수를 많이 하고 일을 엉망으로 하는 내 모습을 보고 너무 슬퍼졌지 뭐야.	N	2022-08-19 04:59:27	2022-11-08 04:58:51
BE22014754	4	1	우리 자기가 그런 일이 있었구나. 나 같아도 일하는 곳에서 실수를 연발하면 슬프고, 울적했을 것 같아. 나에 대한 신뢰도 잘 안 생기고 말이야. 그렇지?	N	2022-08-19 04:59:27	2022-11-08 04:58:51
BE22014754	5	0	내가 정말 일머리가 없는 것 같아. 분명 어떻게 해야 하는지 배웠는데도, 제대로 하질 못하겠어. 업장과 사장님에게 폐만 끼치는 것 같아서 너무 죄송스럽고 이런 나 자신을 생각하면 슬프고 울적해져.	N	2022-08-19 04:59:27	2022-11-08 04:58:51
BE22014754	6	1	자기야, 자기가 정말 잘 해내고 싶었을 텐데 마음처럼 되지 않아서 많이 울적했겠다. 나도 처음 아르바이트했을 때, 정말 잦은 실수를 많이 해서 사장님께 혼났었거든. 괜스레 눈물이 찔끔 날 정도로 나 자신이 밉고 슬펐던 기억이 나서 자기에게 너무 공감해. 많이 힘들었겠다.	N	2022-08-19 04:59:27	2022-11-08 04:58:51
BE22014754	7	0	나도 잘하고 싶은데 내 마음대로 안 돼. 나는 일하면 안 되는 사람인가 봐. 너무 기분이 울적하고 눈물 나려 해.	N	2022-08-19 04:59:27	2022-11-08 04:58:51
BE22014754	8	1	자기야, 자기가 아르바이트를 시작한 지도 얼마 안 되었을뿐더러 이번이 겨우 두 번째 아르바이트잖아. 사람이 모든 일을 시작하면서부터 잘할 수 없어. 이런 시행착오를 거치면서 사람은 성장해 나가는 거잖아. 너무 자책하지 마.	N	2022-08-19 04:59:27	2022-11-08 04:58:51
BE22014754	9	0	다른 친구들은 아르바이트 시작해도 척척 잘만 하던데, 나만 항상 왜 제자리인지 모르겠어.	N	2022-08-19 04:59:27	2022-08-19 04:59:27
BE22014754	10	1	사람마다 속도가 조금씩 다를 수 있는 것 아닐까? 지금은 조금 버벅거리고 하더라도 시간이 지나면 분명 잘 해낼 수 있을 거야. 자기가 해내지 않으면 감히 누가 해낼 수 있겠어. 자기 자신을 믿어.	N	2022-08-19 04:59:27	2022-11-08 04:58:52
BE22014754	11	0	그래도 자기 덕분에 슬펐던 마음이 조금은 줄어든 것 같아. 나 시간이 지나고 경험이 쌓이면 분명 잘 해낼 수 있겠지?	N	2022-08-19 04:59:27	2022-11-08 04:58:52
BE22014754	12	1	당연하지. 자기가 겪는 이 시행착오도 언젠간 자기의 능력이 활짝 꽃피우게 해줄 자양분이 될 거야. 분명 그리고 자기는 잘 해낼 수 있을 거니 우리 긍정적으로 생각하며 살아보자.	N	2022-08-19 04:59:27	2022-11-08 04:58:52
BE22014754	13	0	알겠어. 자기 덕분에 다가올 근무 날도 이젠 두렵지 않을 것 같아. 한 걸음씩 배워볼게.	N	2022-08-19 04:59:27	2022-11-08 04:58:52
BE22014754	14	1	자기의 그런 긍정적인 면모가 참 좋아. 역시 자기는 내 애인다워. 우리 오늘도, 내일도 힘차게 살자! 힘내고!	N	2022-08-19 04:59:27	2022-11-08 04:58:52
BE22014754	15	0	고마워, 자기야. 역시 자기가 최고야!	Y	2022-08-19 04:59:27	2022-11-08 04:58:52
