id	utterance_id	utterance_type	utterance_text	terminate	regDate	updDate
BE22018517	1	0	몇 해 전 가족과 함께 왔던 바닷가에 다시 와 봤어. 그때의 아름답던 바다는 어디로 가고 물속에 온갖 쓰레기만 떠다니고 있어서 추억이 사라진 기분이야. 눈앞의 바다를 보니 혼자 떠나온 여행이 잘 못 된 것 같아 너무 슬퍼.	N	2022-09-16 07:26:20	2022-09-16 07:26:20
BE22018517	2	1	큰마음먹고 떠난 여행인데 실망스러운 마음이 드는 건 당연해. 눈 앞에 펼쳐진 풍경을 바라보는 자기의 갑갑한 마음이 나에게도 전해지는 느낌이 들어. 얼마나 우울할까.	N	2022-09-16 07:26:20	2022-11-08 05:21:54
BE22018517	3	0	주변을 둘러싼 소나무 숲도 여전하고 눈이 시릴 만큼 파란 하늘과 바다도 고운데 물속만 더러워. 어떻게 이럴 수가 있는 건지 보는 데 울적한 기분이 떠나지를 않아. 이런 기분으로 모레까지 머무를 수 있을지 자신이 없어.	N	2022-09-16 07:26:20	2022-09-16 07:26:20
BE22018517	4	1	자기가 가뿐한 마음으로 잔뜩 기대감을 안고 떠났을 여행이어서 얼마나 슬플지 알아서 토닥여주고 싶어. 지금 벗어나고 싶은 생각마저 들 정도로 실망했겠지만 털어내 보자. 쉽지 않겠지만 나도 한 마음으로 자기에게 기운을 주고 싶어.	N	2022-09-16 07:26:20	2022-11-08 05:21:54
BE22018517	5	0	나도 그러고 싶지만, 숙소에 들어와 창으로 보이는 바다만 보아도 자꾸 울컥하게 되네. 나에게 여행은 늘 현실에서 쌓인 피로를 풀어주는 것이었는데. 이번 여행만은 마음만 힘들고 피곤하게 끝날 것 같다는 불길한 예감이 든단 말이야.	N	2022-09-16 07:26:20	2022-09-16 07:26:20
BE22018517	6	1	자기의 지친 마음을 아름답고 너른 바다가 위로 해 주었으면 더없이 좋았을 거야. 하지만 눈에 보이는 바다를 몇 해 전 그 바다라고 여기고 시선을 바꾸는 건 어떨까. 그러면 쓰리고 슬픈 마음이 조금 가라앉으면 편안하게 남은 시간을 보낼 수 있을 것 같은데.	N	2022-09-16 07:26:20	2022-11-08 05:21:54
BE22018517	7	0	몇 해 전 감동했던 시원한 파도 소리를 떠올려 보는 것, 좋은 생각인걸. 멀리서 바라보면 오늘의 이 바다도 몇 해 전 바다와 다르지 않으니까 말이야. 그리고 그 바다를 보며 따스한 커피라도 마시면 지친 마음이 가라앉을 것 같은 예감이 들어.	N	2022-09-16 07:26:20	2022-11-08 05:21:54
BE22018517	8	1	역시 지혜로움이 넘치는 자기여서인지 극복이 빠르구나. 마음 같아서는 나도 자기 옆에 앉아 힘을 주고 기분전환을 하게 도와주고 싶은데. 그러지 못해 아쉽고 미안하지만, 다음에는 꼭 함께하자.	N	2022-09-16 07:26:20	2022-11-08 05:21:54
BE22018517	9	0	자기의 메시지를 보니 왠지 모르게 든든하고 설레는 기분이 들어. 역시 내 마음을 알아주는 건 자기뿐이라는 생각이야. 대화를 나누면서 우울하고 슬픈 마음이 사라지는 걸 보니 말이야.	N	2022-09-16 07:26:20	2022-09-16 07:26:20
BE22018517	10	1	자기의 기분이 나아지는 데 작은 도움이라도 될 수 있다면 나는 그것으로 만족해. 자기가 슬퍼하면 내 마음은 더 찢어질 것처럼 아픈 것 같이 느껴지거든. 그래도 힘든 마음을 나에게 털어놔 줘서 얼마나 고맙고 힘이 되어주고 싶어.	N	2022-09-16 07:26:20	2022-11-08 05:21:54
BE22018517	11	0	자기와 두 달 전 부산 바다에서 케이블카를 탔을 때 반짝이던 바다가 기억나. 그때 사색이 되었던 자기 얼굴을 보며 어찌나 놀랬던지. 고소공포증이 있는 자기가 나를 위해 케이블카를 타다니 미안하기도 하고 감동이었어.	N	2022-09-16 07:26:20	2022-09-16 07:26:20
BE22018517	12	1	기뻐하는 자기를 보면 어느새 나의 고통도 잊히는 기분이 들거든. 그날 기뻐하던 자기 얼굴이 얼마나 밝고 아름다웠는지 내 눈이 부시더라니까. 그러니 자기가 슬프거나 힘든 건 나에게도 고통이야.	N	2022-09-16 07:26:20	2022-11-08 05:21:54
BE22018517	13	0	늘 표현을 예쁘게 하는 자기가 나의 연인이어서 너무 행복해. 좀 전까지 들던 슬픈 감정이 기억나지 않을 정도로 행복하다. 오늘은 카페에 가서 바다를 보며 커피도 마시고 맛있는 것도 먹으며 즐겁게 보내야겠어.	N	2022-09-16 07:26:20	2022-09-16 07:26:20
BE22018517	14	1	그러면 나는 자기 생각하며 종일 웃으며 지낼 수 있을 것 같아. 자기가 메시지로 보내는 사진을 보며 나도 대리만족하고 행복해할 예정이야. 자기 덕분에 나도 즐거운 여행을 하는 기분이야.	N	2022-09-16 07:26:20	2022-11-08 05:21:54
BE22018517	15	0	내가 멋진 사진 잔뜩 보낼 테니 기대해. 자기야, 모레 서울 가면 웃는 낯으로 봐. 오늘 나는 야무지게 즐거운 여행을 해볼게.	Y	2022-09-16 07:26:20	2022-11-08 05:21:54
