id	utterance_id	utterance_type	utterance_text	terminate	regDate	updDate
BE22018909	1	0	자기야. 나 저번에 새로 산 운동화에 발뒤꿈치가 까졌어. 상처를 보고 있자니 너무 슬프다.	N	2022-09-19 09:22:26	2022-11-08 05:24:11
BE22018909	2	1	왜? 많이 아파서 슬픈 거야?	N	2022-09-19 09:22:26	2022-11-08 05:24:11
BE22018909	3	0	아니, 상처는 별로 아프지 않아. 그런데 이 상처가 요즘 힘든 내 모습인 것 같아서 볼 때마다 자꾸 눈물이 나. 요즘 새로운 일 시작하느라 마음이 많이 힘들거든.	N	2022-09-19 09:22:26	2022-09-19 09:22:26
BE22018909	4	1	그랬구나. 얼마나 힘들면 까지고 피난 상처를 보고 자기 같다고 느끼는 걸까. 혼자 슬펐을 자기를 생각하니 내가 옆에서 안아주고 싶다.	N	2022-09-19 09:22:26	2022-11-08 05:24:11
BE22018909	5	0	새로 시작한 일이 낯설기도 하고 어렵기도 해서 내가 잘하고 있는 건지도 모르겠어. 괜히 새로운 일을 시작한 건지 후회스러울때도 있어서 정말 요즘 내 모습은 너덜해진 상처와 같아.	N	2022-09-19 09:22:26	2022-11-08 05:24:11
BE22018909	6	1	내가 옆에서 본 자기는 충분히 잘하고 있어. 새로운 분야에 도전한 것만으로도 얼마나 큰 용기를 낸 거야. 나는 그런 자기의 모습이 굉장히 멋지다고 생각해.	N	2022-09-19 09:22:26	2022-11-08 05:24:11
BE22018909	7	0	생각한 대로 일이 흘러가지 않아 좌절을 하다 보니 지치더라고. 끝을 알 수 없는 이 길이 이제는 조금씩 부담스럽기도 하고 슬픈 마음이야.	N	2022-09-19 09:22:26	2022-11-08 05:24:11
BE22018909	8	1	누구나 처음부터 잘하기는 쉽지 않잖아. 지금껏 노력했듯이 꾸준히 해나가면 언젠간 빛을 볼 수 있을 거야. 그러니 너무 슬퍼하지 말고 힘을 내.	N	2022-09-19 09:22:26	2022-11-08 05:24:11
BE22018909	9	0	처음엔 하면 될 거라는 생각으로 자신감을 가졌었는데 실패가 반복되니 요즘에는 자신감도 많이 떨어지더라. 내가 앞으로도 계속 이 일을 할 수 있을지 회의감도 들고 말이야.	N	2022-09-19 09:22:26	2022-11-08 05:24:11
BE22018909	10	1	자기는 성실하니까 앞으로도 잘할 수 있을 거야. 그리고 실패를 두려워하기보단 경험으로 삼아보는 건 어떨까? 상처도 아물고 딱지가 생기면 새살이 돋듯이 실패도 이겨내면 좋은 경험치가 될 거야.	N	2022-09-19 09:22:26	2022-11-08 05:24:11
BE22018909	11	0	자기 말을 들어보니 내가 너무 의기소침 해 있었던 것 같다는 생각이 드네. 맞아, 실패를 경험으로 삼는다면 그로인해 이렇게 슬플 일은 없을 것 같다.	N	2022-09-19 09:22:26	2022-11-08 05:24:11
BE22018909	12	1	그래, 뭐든 시행착오를 거쳐서 훌륭한 결과물이 나오는 거잖아. 자기도 지금 그 과정중에 있는 거라고 생각하면 미래를 위한 동기부여가 될지도 몰라.	N	2022-09-19 09:22:26	2022-11-08 05:24:11
BE22018909	13	0	고마워 자기야. 자기 덕분에 슬픔을 이겨낼 수 있게 되었어. 발뒤꿈치의 상처가 낫는 과정처럼 나도 아물어서 새로운 마음가짐으로 다시 시작해볼게.	N	2022-09-19 09:22:26	2022-11-08 05:24:11
BE22018909	14	1	자기가 자신감을 다시 찾은 것 같아 너무 보기 좋다. 역시 자기에겐 주눅든 모습보단 이렇게 자신감 가득한 모습이 어울려.	N	2022-09-19 09:22:26	2022-11-08 05:24:11
BE22018909	15	0	자기가 아니었으면 난 아직도 상처속에서 헤매었을 거야. 나에게 힘을 줘서 너무 고마워.	Y	2022-09-19 09:22:26	2022-11-08 05:24:11
