id	utterance_id	utterance_type	utterance_text	terminate	regDate	updDate
BE22015142	1	0	벌써 개강한 지 두 달이나 지났는데 친구를 한 명도 사귀지 못했어. 혼자 학식 먹으러 갈 때마다 너무 우울해.	N	2022-08-22 06:09:24	2022-11-08 05:01:15
BE22015142	2	1	아직 마음에 맞는 사람이 없는 건가? 당신처럼 상냥하고 재미있는 사람이 주변에서 가만둘 리가 없잖아.	N	2022-08-22 06:09:24	2022-11-08 05:01:15
BE22015142	3	0	아냐, 내가 원체 소심해서 말도 잘 못 걸고, 사람들이 다가와도 늘 당황하기만 해. 이러다 영영 혼자로 남을까 봐 너무 슬퍼.	N	2022-08-22 06:09:24	2022-08-22 06:09:24
BE22015142	4	1	아직 새 학기라 어색한 것도 있지 않을까? 나는 당신이 늘 다른 사람 말도 잘 들어주고 재미있다고 생각하는데 말이야.	N	2022-08-22 06:09:24	2022-11-08 05:01:15
BE22015142	5	0	우리는 오래 만나서 그런 거지. 나는 사람들이랑 친해지는 게 너무 어렵기만 해. 혼자여서 우울한데도 말이야.	N	2022-08-22 06:09:24	2022-08-22 06:09:24
BE22015142	6	1	그동안 그렇게 힘든 줄도 몰랐네. 혼자 끙끙 앓느라 너무 속상했겠다. 내가 마음을 좀더 들여다봤어야 했는데 미안해.	N	2022-08-22 06:09:24	2022-11-08 05:01:15
BE22015142	7	0	그게 왜 당신 잘못이야. 내가 소심해서 그런 거지 뭐. 늘 혼자일까 봐 두려우면서도 결국에는 아무것도 시도하지 못하는 내가 한심하고 답답해서 더 우울해.	N	2022-08-22 06:09:24	2022-11-08 05:01:15
BE22015142	8	1	당장 많은 사람을 사귈 순 없어도 당신이 친해지고 싶은 사람에게 먼저 다가서는 건 어떨까? 처음에는 어렵지만, 나중에는 점차 자연스러워질 거야. 뭐든지 처음에는 어렵고 서툰 법이잖아.	N	2022-08-22 06:09:24	2022-11-08 05:01:15
BE22015142	9	0	내가 할 수 있을까? 사람들이 갑자기 말을 건다고 생각하면 어떡해?	N	2022-08-22 06:09:24	2022-08-22 06:09:24
BE22015142	10	1	당신은 목소리가 나긋나긋하고 친절하잖아. 몇 마디만 나눠봐도 당신이 좋은 사람이라는 걸 모두가 알게 될 거야. 당신의 밝고 긍정적인 기운을 알게 되면 사람들도 다 친해지고 싶어 할 거야!	N	2022-08-22 06:09:24	2022-11-08 05:01:15
BE22015142	11	0	그동안 내가 뭔가를 시도한다는 건 전혀 생각하지 못했던 것 같아. 그냥 나는 소심하니까 혼자 있는 거고 그래서 슬프고 우울하다고만 단정 지었거든.	N	2022-08-22 06:09:24	2022-11-08 05:01:15
BE22015142	12	1	처음에는 어색하고 낯설겠지만, 당신은 분명 마음에 맞는 친구를 만날 수 있을 거야. 먼저 용기를 내보는 것도 좋은 기회가 될 거라 생각해.	N	2022-08-22 06:09:24	2022-11-08 05:01:15
BE22015142	13	0	응! 나도 이제 차근차근 나아가고 싶어. 언제까지 내 성격 탓만 하고 있진 않을래. 당신과 얘기를 나누면서 마음이 훨씬 나아졌어. 정말 고마워.	N	2022-08-22 06:09:24	2022-08-22 06:09:24
BE22015142	14	1	그 말을 들으니까 내 마음도 뿌듯해. 우리 늘 이렇게 서로의 마음을 알아가자.	Y	2022-08-22 06:09:24	2022-08-22 06:09:24
