id	utterance_id	utterance_type	utterance_text	terminate	regDate	updDate
BE22016210	1	0	자기야, 나 정말 울고 싶은 심정이야. 잡지에 나오는 멋진 사진을 보고 머리 탈색을 했거든. 그런데 막상 하고 나니 머리가 하얗게 변한 할머니처럼 보여서 정말 슬퍼.	N	2022-08-29 07:52:25	2022-08-29 07:52:25
BE22016210	2	1	자기가 원하는 결과가 나오지 않았나 보네. 나는 이야기만 들어도 어깨가 축 처지고 기운이 빠지네.	N	2022-08-29 07:52:25	2022-11-08 05:07:51
BE22016210	3	0	사진 보면서 정말 기대가 컸거든. 멋진 모습을 상상하고 있었는데 할머니처럼 변한 내 모습을 보니 실망이 이만저만이 아니야.	N	2022-08-29 07:52:25	2022-08-29 07:52:25
BE22016210	4	1	자기는 무던한 성격이라 웬만해서 이런 일로 투덜거리지 않잖아. 오죽하면 나한테 이럴까 생각하니, 나도 정말 속상하네.	N	2022-08-29 07:52:25	2022-11-08 05:07:51
BE22016210	5	0	모델 사진은 정말 멋있었거든. 그런데 막상 나에게는 어울리지 않는 모습을 보니, 외모에 대한 자신감도 많이 떨어지는 것 같아.	N	2022-08-29 07:52:25	2022-08-29 07:52:25
BE22016210	6	1	나도 작년 여름에 유명 배우의 짧은 머리를 따라 했다가 엄청나게 난감했거든. 자기 마음 이해할 것 같아. 그때는 나도 두세 달 동안 거울을 거의 안 본 것 같아.	N	2022-08-29 07:52:25	2022-11-08 05:07:51
BE22016210	7	0	비용도 정말 많이 들어서 큰맘 먹고 했거든. 큰 비용을 들였는데 멋지기는커녕 할머니처럼 보이니까 눈물만 줄줄 흘러.	N	2022-08-29 07:52:25	2022-11-08 05:07:51
BE22016210	8	1	자기가 울적해 할 모습이 눈에 선하네. 자기 마음을 조금이라도 달래 주고 싶은데, 나도 어쩔 줄을 모르겠네.	N	2022-08-29 07:52:25	2022-11-08 05:07:51
BE22016210	9	0	사진만 보고 그런 성급한 결정을 한 게 후회되기도 해. 좀더 현명하게 판단하지 못한 나 자신이 미워서 더 슬퍼.	N	2022-08-29 07:52:25	2022-11-08 05:07:51
BE22016210	10	1	내가 아는 자기는 이런 일로 그렇게 슬퍼할 사람이 아니야. 난 자기가 어떤 모습이어도 괜찮다는 거 알잖아. 그러니 거울 보며 괜히 실망하지 말고 얼른 기운 내.	N	2022-08-29 07:52:25	2022-11-08 05:07:51
BE22016210	11	0	자기가 빈말이라도 그렇게 말해 주니 기분이 조금 나아진 것 같아. 정말 고마워, 자기야.	N	2022-08-29 07:52:25	2022-11-08 05:07:51
BE22016210	12	1	빈말 아니고 진심이란 거 자기는 알잖아. 낯선 모습이 어색하고 당황스러워서 그랬을 거야. 시간 지나면 괜찮아질 테니 너무 걱정하지 말고.	N	2022-08-29 07:52:25	2022-11-08 05:07:51
BE22016210	13	0	거울 보면서 괜히 혼자 속상해서 슬퍼하고 있었거든. 자기가 위로해 주니 마음이 한결 가벼워진 것 같아.	N	2022-08-29 07:52:25	2022-08-29 07:52:25
BE22016210	14	1	그래, 이제야 자기가 평소처럼 밝은 모습으로 돌아온 것 같아서 다행이네. 자기 웃는 모습을 보니, 나도 마음이 좀 가벼워졌어.	N	2022-08-29 07:52:25	2022-11-08 05:07:51
BE22016210	15	0	내가 괜한 일로 투덜거렸는데, 따뜻하게 받아 줘서 정말 고마워, 자기야. 그럼 이번 주말에 만나.	N	2022-08-29 07:52:25	2022-11-08 05:07:51
BE22016210	16	1	자기는 어떤 스타일이든 다 어울리니 아무 걱정 하지 마. 그럼 주말에 즐거운 모습으로 만나기로 해.	Y	2022-08-29 07:52:25	2022-11-08 05:07:51
