id	utterance_id	utterance_type	utterance_text	terminate	regDate	updDate
BE22019922	1	0	자기야, 나 요새 너무 혼란스럽고 자꾸만 과거의 내 선택이 후회돼. 이런 생각을 하니까 끝도 없이 슬퍼지는 것 같아.	N	2022-09-22 08:08:44	2022-09-22 08:08:44
BE22019922	2	1	무슨 일인지 나한테 말해줄 수 있을까? 너에게 도움이 되고 싶어.	N	2022-09-22 08:08:44	2022-09-22 08:08:44
BE22019922	3	0	사실, 지금 내가 하는 일들이 나에게 맞는 건지 잘 모르겠어. 내가 세상 경험이 너무 부족해서 이러는 건가 싶기도 해. 다 내 잘못인 것 같아서 너무 슬프고 후회돼.	N	2022-09-22 08:08:44	2022-11-08 05:35:28
BE22019922	4	1	요즘 네가 고민이 많았겠다. 그동안 혼자 생각하느라 많이 힘들었지? 이렇게 나에게 속마음 꺼내줘서 너무 고마워.	N	2022-09-22 08:08:44	2022-11-08 05:35:28
BE22019922	5	0	다른 사람들은 그동안 일도 많이 해보고 자신한테 맞는 걸 찾았던 것 같아. 이렇게 후회될 줄 알았으면 10년 전 나에게로 돌아가 한마디 해주고 싶어.	N	2022-09-22 08:08:44	2022-11-08 05:35:28
BE22019922	6	1	맞아, 자기 말처럼 나만 제자리걸음을 걷는 것 같은 기분이 들면 여간 힘든 게 아니더라고. 특히나 다른 사람과 비교를 하게 되니까 더욱 그렇게 느껴지는 것 같아.	N	2022-09-22 08:08:44	2022-09-22 08:08:44
BE22019922	7	0	조금이라도 어렸을 때 더 많은 걸 경험 해봤어야 하는데, 다 내 잘못이야. 그래서 지금 이렇게 갈팡질팡 하고 있는 것 같아. 이러다 별거 아닌 인생을 살까 생각 들고 계속 눈물이 나.	N	2022-09-22 08:08:44	2022-11-08 05:35:28
BE22019922	8	1	소중하지 않은 인생이 어디 있겠어. 자기는 지금 자신의 위치에서 최선을 다하고 있는 것뿐이야. 나는 자기를 보면서 더 많이 배우고 있는걸.	N	2022-09-22 08:08:44	2022-11-08 05:35:28
BE22019922	9	0	그래도 어린 내가 꿈꿨던 일상과는 너무 다른 현실이라 더 그런 것 같아. 내가 좀 더 잘했으면 이러지 않았겠지, 하면서 후회하고 다시 슬퍼지고. 슬픔 속에 살고 있는 것 같아.	N	2022-09-22 08:08:44	2022-09-22 08:08:44
BE22019922	10	1	그렇지만, 세상에 옳고 그른 일은 없고 새로운 시작에 나이가 중요한 건 절대 아니잖아. 자기도 성장하고 있는 단계라고 생각해 보는 건 어때? 우린 할 수 있는 일이 너무 많은걸.	N	2022-09-22 08:08:44	2022-11-08 05:35:28
BE22019922	11	0	자기 말 들어보니까 슬펐던 마음이 조금 진정되는 것 같아. 맞아, 나도 여전히 크는 중이니까 그렇게 생각해야겠어. 조언해줘서 너무 고마워.	N	2022-09-22 08:08:44	2022-11-08 05:35:28
BE22019922	12	1	네가 안정이 된 것 같아서 너무 다행이다. 너는 지금까지 잘해 왔고, 잘 해 나갈 수 있을 거야. 지난 일들은 묻어두고 우리 앞을 보며 나아가 보자.	N	2022-09-22 08:08:44	2022-11-08 05:35:28
BE22019922	13	0	곁에 자기가 있어서 정말 든든하다. 나에게 긍정적인 말을 건네 줘서 덕분에 슬픔이 가셨어.	N	2022-09-22 08:08:44	2022-11-08 05:35:28
BE22019922	14	1	내가 도움이 되어 기쁘네. 자기 모습을 보니까 나도 덩달아 기분이 나아졌어. 언제든 곁에 있을게.	Y	2022-09-22 08:08:44	2022-11-08 05:35:28
