id	utterance_id	utterance_type	utterance_text	terminate	regDate	updDate
BE22015245	1	0	이번에 자기 주려고 갈비찜을 만들었는데 아무래도 슬프네.	N	2022-08-23 01:45:00	2022-08-23 01:45:00
BE22015245	2	1	왜 무슨 일 있었어?	N	2022-08-23 01:45:00	2022-08-23 01:45:00
BE22015245	3	0	열심히 레시피를 찾아서 그대로 했는데 갈비찜에 기름이 너무 많아. 잘해보려고 노력했는데 실패해서 우울해.	N	2022-08-23 01:45:00	2022-08-23 01:45:00
BE22015245	4	1	자기가 나를 기쁘게 해주려고 했는데 뜻대로 되지 않아 슬펐나 보다. 그렇지만 노력했다는 사실 자체가 중요한 거잖아. 나는 자기가 나를 위해 요리했다는 사실 자체가 고마워.	N	2022-08-23 01:45:00	2022-11-08 05:01:53
BE22015245	5	0	그렇지만 이래선 자기에게 줄 수가 없잖아. 시간과 비용을 들여 노력했는데 오히려 좋지 않은 결과가 나오다니 슬퍼.	N	2022-08-23 01:45:00	2022-08-23 01:45:00
BE22015245	6	1	모든 일에는 경험이 필요하잖아. 잘못해도 그것 자체가 큰 배움이야. 비록 지금은 익숙하지 않아서 원하는 결과를 내지 못했지만 분명 나아질 거야.	N	2022-08-23 01:45:00	2022-11-08 05:01:53
BE22015245	7	0	정말 그럴까? 무슨 일이든 결과가 좋아야 과정도 인정받는 법이잖아. 그러니 과정보단 결과가 중요하다고 생각하게 되어서 일을 망치면 슬퍼져.	N	2022-08-23 01:45:00	2022-08-23 01:45:00
BE22015245	8	1	맞아. 아무래도 결과가 좋으면 더 기쁘고 인정도 많이 받을 수 있겠지. 그렇지만 어떤 일이든 시행착오가 생기고 그런 도전을 통해 새로운 발견도 하면서 성장하잖아. 그런 점에서 자기의 노력이 무척 아름답고 멋지다고 생각해.	N	2022-08-23 01:45:00	2022-11-08 05:01:53
BE22015245	9	0	그렇지만 나는 늘 너무 과하게 노력해서 문제라는 말을 들어왔어. 이번 갈비찜도 그래서 망쳤다는 생각이 들어 우울해지더라고.	N	2022-08-23 01:45:00	2022-08-23 01:45:00
BE22015245	10	1	나도 그래. 우울할 때는 과거의 좋지 않은 기억도 잘 떠오르는 법이잖아. 계속 나쁜 일만 있던 것처럼 느껴지기도 하고. 그렇지만 자기의 노력을 칭찬하고 알아준 분들도 계셨고 좋은 성과로 이어진 때도 있었을 거야.	N	2022-08-23 01:45:00	2022-11-08 05:01:53
BE22015245	11	0	맞아, 좋은 일도 분명히 있었지. 그렇지만 또 이렇게 실패했잖아. 역시 내가 뭔가 과했던 건 아닐까?	N	2022-08-23 01:45:00	2022-11-08 05:01:53
BE22015245	12	1	자기가 과하게 노력했다는 말은 좀더 잘 해보고 싶었다는 말이잖아. 좋은 결과를 내기 위해 힘을 쓴다는 게 쉬운 일은 아니잖아. 쉽게 포기할 수도 있는데 자기는 끝없이 노력했다니 오히려 멋져.	N	2022-08-23 01:45:00	2022-11-08 05:01:53
BE22015245	13	0	그렇게 말해주니 엄청나게 위로된다. 덕분에 다시 기운이 났어.	N	2022-08-23 01:45:00	2022-11-08 05:01:53
BE22015245	14	1	그래 무엇이든 경험하고 꾸준히 하는 게 중요한 법이잖아. 그러니 너무 결과에 슬퍼하기보단 노력한 자신을 칭찬해도 좋을 거야. 그러니 너무 슬퍼하지 마.	N	2022-08-23 01:45:00	2022-11-08 05:01:53
BE22015245	15	0	고마워. 자기가 인정하고 응원해준 덕분에 앞으로도 열심히 노력하며 살 수 있을 것 같아.	Y	2022-08-23 01:45:00	2022-08-23 01:45:00
