id	utterance_id	utterance_type	utterance_text	terminate	regDate	updDate
BE22018333	1	0	자기야, 나 너무 슬퍼서 눈물이 나. 왜 아버지와의 대화는 늘 말싸움으로 끝이 나는지 모르겠어.	N	2022-09-15 06:22:13	2022-09-15 06:22:13
BE22018333	2	1	왜, 오늘 무슨 일 있었던 거야?	N	2022-09-15 06:22:13	2022-09-15 06:22:13
BE22018333	3	0	아침에 아버지와 독립 문제에 대해 상의하다가 감정이 상해서 아버지가 화를 내셨어. 그래서 지금 밖에 나와 있는데 내가 한 말에 후회되면서도 왜 자꾸 이런 일이 일어나는지 너무 슬퍼.	N	2022-09-15 06:22:13	2022-11-08 05:20:53
BE22018333	4	1	자기가 무척 속상했겠구나. 자기가 그렇게 슬퍼하니까 나도 마음이 너무 안 좋다. 어제 독립 문제에 대해 어떻게 이야기할지 엄청나게 고민했잖아.	N	2022-09-15 06:22:13	2022-11-08 05:20:53
BE22018333	5	0	맞아, 나는 잘 이야기해보려고 고민도 하고 말 꺼낸 건데. 아버지가 처음부터 안 된다고 강하게 이야기해버리시니까 나도 감정이 격해졌나 봐. 아버지는 왜 내 말을 들어보려고 하지도 않으시는 건지 너무 속상해.	N	2022-09-15 06:22:13	2022-11-08 05:20:53
BE22018333	6	1	그런 일이 있었다니 답답한 마음도 들고 나 같아도 너무 슬플 것 같아. 자기도 대화하면서 기분이 많이 안 좋았을 것 같은데 지금은 좀 괜찮아진 거야?	N	2022-09-15 06:22:13	2022-11-08 05:20:53
BE22018333	7	0	독립을 반대하시던 거는 전부터 알고 있었으니까 내가 포기해야 하나 싶어. 그것보다는 아버지와 대화가 안 되는 게 너무 슬프고 힘든 마음이 들어. 정말 내가 문제인지 너무 슬프다.	N	2022-09-15 06:22:13	2022-11-08 05:20:53
BE22018333	8	1	자기가 정말 고민 많이 했겠어, 그래도 그렇게 생각하지 마. 혼자 끙끙 앓느라고 힘들었을 것 같은데, 너무 슬퍼하지 않았으면 좋겠어. 아침 이후에 아버지랑은 다시 이야기 안 해본 거야?	N	2022-09-15 06:22:13	2022-11-08 05:20:53
BE22018333	9	0	다시 잘 이야기할 수 있을지 걱정이 되어서 아직 안 해봤어. 내가 먼저 사과드려야 하는 일 같은데 내가 잘 얘기할 수 있을지 우울하네.	N	2022-09-15 06:22:13	2022-09-15 06:22:13
BE22018333	10	1	자기도 서운해할 만해. 혼자 생각 정리 좀 하면서 조금 더 생각해보면서 기분 푸는 거 어떨까. 자기도 많이 노력했다는 거 나도 알고 있으니까 너무 우울해하지 말아.	N	2022-09-15 06:22:13	2022-11-08 05:20:53
BE22018333	11	0	자기가 그렇게 이야기해주니까 기분이 좀 나아지는 것 같다. 혼자 밖에서 좀 시간 보내다가 이따 집에 가서 다시 이야기해봐야겠어.	N	2022-09-15 06:22:13	2022-09-15 06:22:13
BE22018333	12	1	너무 잘 생각했어. 아버지도 분명 대화를 잘하고 싶으신데 의견이 충돌되는 부분 때문에 감정이 격해지셔서 그런 걸 거야. 그러니까 자기가 기분 풀고 너무 슬퍼하지 마.	N	2022-09-15 06:22:13	2022-11-08 05:20:53
BE22018333	13	0	응, 고마워, 자기야. 내가 투덜대는 거 다 받아줘서 정말 고마워. 오늘 좋은 하루 보내.	N	2022-09-15 06:22:13	2022-11-08 05:20:53
BE22018333	14	1	그래, 아버지랑 잘 이야기해보고 잘 해결되었으면 좋겠다.	Y	2022-09-15 06:22:13	2022-11-08 05:20:53
