id	utterance_id	utterance_type	utterance_text	terminate	regDate	updDate
BE22005359	1	0	며칠 전 제출한 서류도 탈락했어, 모든 세상이 내 존재를 부정하는 것만 같아.	N	2022-06-30 06:12:04	2022-11-08 03:58:56
BE22005359	2	1	꼭 가고 싶은 회사라고 열심히 준비했잖아. 고생했던 게 눈에 훤한데, 마음이 많이 쓰리겠어.	N	2022-06-30 06:12:04	2022-11-08 03:58:56
BE22005359	3	0	이 마음을 어찌할 줄 모르겠어. 목적도 없이 멍하게 동네를 걸어 다니는 중이야. 마음이 텅 비어버린 것만 같아.	N	2022-06-30 06:12:04	2022-11-08 03:58:56
BE22005359	4	1	그동안 준비한다고 숨이 차오르게 달려왔잖아. 자기에겐 기력이 소진되어서 채워질 시간이 필요했나봐.	N	2022-06-30 06:12:04	2022-11-08 03:58:56
BE22005359	5	0	정처 없이 걷다가 평소에 예뻐라 하던 길고양이를 만났는데, 나를 쳐다봐 주지도 않아. 고양이 한테까지 외면받는 것 같아서 내 신세가 처량해. 날 원하는 사람이 아무도 없어.	N	2022-06-30 06:12:04	2022-11-08 03:58:56
BE22005359	6	1	그렇게 얘기하면 내가 너무 속상하지. 내가 늘 자기를 원하는데 말이야. 낙담하기엔 일러 아직 맞는 인연이 없었던 것뿐이야.	N	2022-06-30 06:12:04	2022-11-08 03:58:56
BE22005359	7	0	내 인생은 언제나 외면의 연속이었어. 엄마도 날 떠나갔고, 오래 준비하던 시험도 결국엔 포기하고. 타고난 패배자 같아.	N	2022-06-30 06:12:04	2022-11-08 03:58:56
BE22005359	8	1	멀리서 보면 정체되어 있는 것처럼 보이겠지만, 내가 본 자기는 꾸준히 성장하고 있어. 자세히 들여다보면 우상향 중인걸. 오래 지켜본 내가 장담해.	N	2022-06-30 06:12:04	2022-11-08 03:58:56
BE22005359	9	0	대체 어떤 점이 그렇게 보일 수 있는 거야? 아무리 긍정적으로 보려고 해도 내 눈엔 보이지 않는걸.	N	2022-06-30 06:12:04	2022-11-08 03:58:56
BE22005359	10	1	3년간 도전한 시험도 아무나 하는 거 아니야. 정말 끈기가 필요한 일이지. 떨어져도 금세 기운을 차려서 다시 달릴 준비를 하던 자기 모습이 아직도 눈에 선해.	N	2022-06-30 06:12:04	2022-11-08 03:58:56
BE22005359	11	0	내가 그랬었나? 내 기억 속에 난 실패한 기억뿐이라, 좋은 기억이 하나도 없어.	N	2022-06-30 06:12:04	2022-11-08 03:58:56
BE22005359	12	1	어머니도 그래, 자기의 잘못으로 떠나신 게 아니잖아. 자기가 삶에 오히려 의욕적이라 실망이 당장 커서 의지가 일시적으로 사라진 것뿐이야.	N	2022-06-30 06:12:04	2022-11-08 03:58:56
BE22005359	13	0	자기의 진심 어린 위로를 듣다 보니, 정말 잠깐 지쳐서 정신이 많이 힘들었나봐. 내겐 시간이 필요할 것 같아.	N	2022-06-30 06:12:04	2022-11-08 03:58:56
BE22005359	14	1	그래 잠시 동안은 취업은 잊어두고, 이번 주말에 바람이나 쐬고 오자. 자기 좋아하는 바다도 보고.	N	2022-06-30 06:12:04	2022-11-08 03:58:56
BE22005359	15	0	그게 좋겠어. 시원한 바닷바람 맞다 보면 정신이 차려지겠지? 자기가 있어 다행이야.	Y	2022-06-30 06:12:04	2022-11-08 03:58:56
