id	utterance_id	utterance_type	utterance_text	terminate	regDate	updDate
BE22019545	1	0	자기야 나 요즘 삶이 힘들어서 책이 읽고 싶은데 무슨 책을 읽을지 모르겠어. 예전에는 활력적이고 재미있어서 어떤 책이든 가리지 않고 재미있게 봤는데. 이제는 책하나 고르는데도 이렇게 힘이 든다는 게 너무 슬프다.	N	2022-09-22 00:50:34	2022-09-22 00:50:34
BE22019545	2	1	자기가 항상 밝게 생활하려고 노력하고 신나게 지내려고 하는데. 갑자기 슬프고 힘들다고 하니까 무슨 일이 생긴 건가 싶어서 너무 걱정돼.	N	2022-09-22 00:50:34	2022-11-08 05:26:08
BE22019545	3	0	자기도 알다시피 내가 항상 생각하는 대로 이루어진다고 생각하잖아. 그래서 더 밝고 긍정적으로 행동하고 생각하려고 노력해. 그런데, 요즘엔 그게 힘들고 그러면 그럴수록 더욱 슬퍼지고 마음이 울적해지는 거 같아.	N	2022-09-22 00:50:34	2022-09-22 00:50:34
BE22019545	4	1	그렇구나, 그럴 수도 있을 거 같아. 사람이 웃고 기분이 좋을 수만은 없는 거니깐. 지금은 힘들고 슬플 수도 있을 거 같아, 그런데 전혀 이상하거나 잘못된 게 아니라고 생각해.	N	2022-09-22 00:50:34	2022-11-08 05:26:08
BE22019545	5	0	지금은 좀 내가 전부 소진된 느낌이야. 그래서 책 고르는 거조차 힘들어. 그래서 그런 나를 보며 또 슬프고 우울하네.	N	2022-09-22 00:50:34	2022-09-22 00:50:34
BE22019545	6	1	솔직히 나는 자기가 위태로웠어, 항상 밝고 긍정적으로 생활하는 건 멋지지만. 최근에 아버님까지 돌아가시고 자기가 슬프고 힘들 텐데 티를 내지 않아서 걱정했어. 그래도 스스로 회복하려고 노력하는 자기라서 금방 괜찮아질 거야, 너무 슬퍼하지 마.	N	2022-09-22 00:50:34	2022-11-08 05:26:08
BE22019545	7	0	자기 문자처럼 사실 아버지가 돌아가시고 나서 더욱 슬픔이 잦아진 거 같아. 그래서 그 마음을 어떻게든 극복해 보려고 책을 읽으려는 건데. 어떤 책을 읽을지 고르지 못하는 내 모습이 또 슬프고 비참하더라고.	N	2022-09-22 00:50:34	2022-09-22 00:50:34
BE22019545	8	1	그렇구나, 당연히 자기가 힘들고 슬플 거 같아. 그럴 때는 맘껏 울고 힘들어해도 괜찮아, 굳이 그 마음을 이겨내려고 하지 않아도 돼. 맘껏 힘들어하고 슬퍼한 다음에는 다시 괜찮아질 수 있을 거야.	N	2022-09-22 00:50:34	2022-11-08 05:26:08
BE22019545	9	0	사실 내가 첫째고 또 동생들과 나이 터울이 많다 보니까 슬퍼할 겨를이 없었어. 가족도 책임져야 되고 내가 슬프고 우울해하면 가족들은 더 슬프고 우울해할 거 같아서.	N	2022-09-22 00:50:34	2022-09-22 00:50:34
BE22019545	10	1	그렇구나, 자기가 워낙 가족을 사랑하고 많이 아끼잖아. 평소에 가족을 챙기는 자기가 너무 멋지고 대견하다고 생각했어. 자기의 따뜻한 마음과 배려 덕에 가족들은 마음이 좀더 빨리 회복될 거야, 너무 대견해.	N	2022-09-22 00:50:34	2022-11-08 05:26:08
BE22019545	11	0	무슨 책을 읽을지 몰라서 슬펐는데. 자기가 내 마음을 이해해 주고 위로해 주니까 마음이 한결 편해진다.	N	2022-09-22 00:50:34	2022-11-08 05:26:08
BE22019545	12	1	자기 마음이 나와 문자 나누면서 조금이나마 위로받았다고 하니까 다행이야. 그리고 혼자서 슬픔을 삭히지 않고 나에게라도 슬픈 표현을 해줘서 다행이야, 고마워. 자기가 지금은 힘들지만 강한 사람이니까 곧 괜찮아질 거라고 생각해.	N	2022-09-22 00:50:34	2022-11-08 05:26:08
BE22019545	13	0	자기의 응원과 칭찬 덕분에 슬프고 우울했던 마음이 점점 좋아져. 진심으로 고마워.	N	2022-09-22 00:50:34	2022-09-22 00:50:34
BE22019545	14	1	자기는 너무 잘하고 있어. 그러니깐 지금 슬프다고 너무 우울해하지 않아도 괜찮아. 우리 조금만 힘내자, 사랑해.	Y	2022-09-22 00:50:34	2022-11-08 05:26:08
