id	utterance_id	utterance_type	utterance_text	terminate	regDate	updDate
BE22020709	1	0	자기야 나 너무 슬퍼.	N	2022-09-23 04:00:50	2022-09-23 04:00:50
BE22020709	2	1	왜 슬퍼? 집에서 무슨 일이 있었어?	N	2022-09-23 04:00:50	2022-09-23 04:00:50
BE22020709	3	0	어렸을 때부터 느낀 건데 나는 엄마한테 사랑 받지 못한다는 느낌이 들어.	N	2022-09-23 04:00:50	2022-09-23 04:00:50
BE22020709	4	1	아니 그게 무슨 말이야? 어머니께서 왜 자기를 사랑하지 않는다고 생각해?	N	2022-09-23 04:00:50	2022-09-23 04:00:50
BE22020709	5	0	오랜만에 가족이 다같이 모였는데 엄마가 오빠만 반가워 하고, 나한테는 잔소리만 하시더라고.	N	2022-09-23 04:00:50	2022-09-23 04:00:50
BE22020709	6	1	그런 일이 있었구나. 내가 자기였어도 너무 슬펐을 것 같아. 그래도 어머니는 분명 자기를 사랑하실 거야.	N	2022-09-23 04:00:50	2022-11-08 05:38:24
BE22020709	7	0	옛날부터 엄마는 항상 오빠 먹고 싶은 것만 사주고, 편애를 했던 것 같아.	N	2022-09-23 04:00:50	2022-09-23 04:00:50
BE22020709	8	1	옛날부터 그랬다면 그 마음을 헤아리기 어려울 정도로 자기가 많이 힘들었을 것 같아. 자기는 항상 밝아서 그런 슬픔이 있는 줄 몰랐네.	N	2022-09-23 04:00:50	2022-11-08 05:38:24
BE22020709	9	0	사람이니까 다 똑같이 해주긴 어렵다고 생각하고, 이제 익숙해서 괜찮다고 생각했는데 오늘은 슬프고 우울하네.	N	2022-09-23 04:00:50	2022-09-23 04:00:50
BE22020709	10	1	슬픈 감정을 느끼는 게 당연한 상황이지. 이런 상황에서도 어머니를 이해하려고 하는 것 보니 자기는 참 이해심이 넓은 사람이야.	N	2022-09-23 04:00:50	2022-11-08 05:38:24
BE22020709	11	0	자기가 그렇게 내 마음을 알아주니까 기분이 조금 나아지는 것 같아. 엄마 연세가 많으니까 이제 내가 이해 해야겠지.	N	2022-09-23 04:00:50	2022-09-23 04:00:50
BE22020709	12	1	자기야 잘 생각했어. 연세 많으신 분들은 아직도 남아 선호 사상을 가지신 분들이 많이 계시더라고.	N	2022-09-23 04:00:50	2022-11-08 05:38:24
BE22020709	13	0	어쩌면 우리 엄마도 그런 편애를 받고 자라셨을지도 모른다고 생각하니까 엄마가 밉지 않네. 그리고 이제 나는 자기가 옆에 있어서 괜찮아.	N	2022-09-23 04:00:50	2022-09-23 04:00:50
BE22020709	14	1	내가 직접적으로 도와줄 수 있는 문제가 아니라서 유감이야. 대신에 내가 앞으로 자기를 더 사랑해 줄게.	N	2022-09-23 04:00:50	2022-11-08 05:38:24
BE22020709	15	0	내 이야기 들어주는 것 만으로도 고맙지. 갑자기 자기가 보고 싶어졌는데 오늘 만날 수 있어?	N	2022-09-23 04:00:50	2022-09-23 04:00:50
BE22020709	16	1	내가 퇴근하고 집 앞으로 갈 테니까 쉬고 있어.	Y	2022-09-23 04:00:50	2022-09-23 04:00:50
