id	utterance_id	utterance_type	utterance_text	terminate	regDate	updDate
BE22019519	1	0	자기야 인생은 내가 생각한 것보다 더 냉정한 것 같은 생각에 눈물이 나. 나 되게 열심히 일했는데 수도권에서 살기는 턱없이 부족한 것 같아서 너무 슬프다.	N	2022-09-21 17:53:02	2022-11-08 05:34:47
BE22019519	2	1	오늘 집을 보고 온다더니 조건에 맞는 집을 찾지 못했나 보구나. 왜 울고 그래, 자기가 울면 내 마음도 아파져. 집이 그 동네만 있는 것도 아니니 너무 상심하지 말고 나와 함께 다른 곳에 가보자.	N	2022-09-21 17:53:02	2022-11-08 05:34:47
BE22019519	3	0	중개업자 말로는 전셋집을 찾으려면 내가 가진 보증금으로는 구할 수 있는 집이 없대. 아마 다른 동네도 마찬가지일 거라는 말에 큰 충격을 받아서 서글퍼지더라고. 그래서 불우한 우리 집을 원망하기도 했었는데 순간 그런 생각을 한 나에게도 실망을 했어.	N	2022-09-21 17:53:02	2022-11-08 05:34:47
BE22019519	4	1	자기는 홀로 학비와 생활비를 벌며 힘겹게 살아왔으니 얼마나 벅차고 힘들었겠어. 충분히 그런 생각을 할 수 있을뿐더러 부모님의 손을 빌리지 않고 자립하는 모습이 존경스러운걸. 부모님도 그런 자기를 얼마나 자랑스러워하실지 상상이 가.	N	2022-09-21 17:53:02	2022-11-08 05:34:47
BE22019519	5	0	자립심이 강하더라도 현실의 한계에 부딪히니 다 부질없어 보여. 내 집 마련을 바란 것도 아니고 전셋집일 뿐인데 내가 너무 큰 걸 바란 건가. 돈이 뭔지 사람을 이렇게 우울하게 만들 수 있나 싶어.	N	2022-09-21 17:53:02	2022-09-21 17:53:02
BE22019519	6	1	돈은 우리의 삶을 살기 위해 필수적인 것이지만 그렇다고 자기의 가치를 넘어설 수 없어. 그만큼 자기가 돈보다 가치 있는 소중한 사람이라는 거야. 지금은 많이 힘들겠지만 초년생 때는 누구나 이런 시기를 겪는대, 그러니까 조금만 힘을 내서 긍정적으로 생각해보자.	N	2022-09-21 17:53:02	2022-11-08 05:34:47
BE22019519	7	0	초년생이라 해도 다들 부모님의 지원을 받는 사람들이 많은데 나는 그럴 수 없는 게 너무 속상해. 자기가 나와 하루빨리 결혼하고 싶다고 했었잖아. 그래서 얼른 돈을 모으고 자리를 잡고 싶은데 단칸방마저 구할 수 없는 게 너무 슬퍼.	N	2022-09-21 17:53:02	2022-11-08 05:34:47
BE22019519	8	1	내가 한 말이 오히려 자기에게 부담을 준 것 같아서 마음이 안 좋네. 당장 결혼하자는 것이 아니라 그만큼 자기가 나와 미래를 약속할 만큼 중요한 사람이라는 뜻이야. 그러니까 너무 조급해 하지 말고 우리 천천히 돈을 모아가며 열심히 살아 보자.	N	2022-09-21 17:53:02	2022-11-08 05:34:47
BE22019519	9	0	나를 그렇게 생각해 준다니 감동이야. 돈 때문에 많이 힘들었는데 자기가 그 슬픔을 거둬주는 것 같아서 너무 고맙네. 사실 자기와 결혼하고 싶은 마음이 큰데 현실적으로 부딪히는 것들이 많아서 더 속상했어.	N	2022-09-21 17:53:02	2022-11-08 05:34:47
BE22019519	10	1	내가 결혼하고 싶다는 말을 진지하게 받아들여주는 모습에 오히려 내가 더 감동인걸. 자기는 누구보다 성실하고 부지런하게 살아가는 사람이니 분명해 뜰 날이 올 거야. 지금까지 혼자서 그 역경을 헤쳐 온 것을 보면 안 봐도 멋진 미래가 상상이 돼.	N	2022-09-21 17:53:02	2022-11-08 05:34:47
BE22019519	11	0	자기가 이렇게 슬픔이 들이닥칠 때마다 옆에서 다독여줬기 때문에 버틸 수 있었던 거야. 지금도 슬픈 마음이 많이 진정이 되었어. 그 멋진 미래에 자기가 내 옆에 있어준다면 더할 나위 없이 행복하겠는걸.	N	2022-09-21 17:53:02	2022-09-21 17:53:02
BE22019519	12	1	자기의 창창한 미래에 함께 할 수 있다니 나야 영광이지. 지금은 수도권 단칸방을 구하기 힘들지라도 언젠가 우리 둘이 살 집은 아주 멋지고 호화로울 거야. 나도 자기와 함께할 미래를 꿈꾸며 열심히 일할 테니 나를 믿어 줘.	N	2022-09-21 17:53:02	2022-11-08 05:34:47
BE22019519	13	0	말만 들어도 너무 행복해지는 것 같아. 자기의 응원과 격려에 힘입어 돈에 굴복당하지 않아야겠다는 생각이 들어. 우울한 감정은 훌훌 털어버리고 내 미래를 위해 더 열심히 살아야겠어.	N	2022-09-21 17:53:02	2022-11-08 05:34:47
BE22019519	14	1	금방 우울한 마음을 털어내는 모습이 너무 예쁘고 멋있다. 자기가 뭘 하든 항상 내가 응원할 거야.	Y	2022-09-21 17:53:02	2022-11-08 05:34:47
