id	utterance_id	utterance_type	utterance_text	terminate	regDate	updDate
BE22018036	1	0	자기야, 오늘 돌아가신 엄마 생신이야. 온종일 너무 슬프고 우울해서 눈물만 났어.	N	2022-09-13 14:09:45	2022-11-08 05:19:00
BE22018036	2	1	자기 오늘 기분이 무척 슬프고 침울했겠다. 어머니가 아주 그립고 보고 싶은가 보구나.	N	2022-09-13 14:09:45	2022-11-08 05:19:00
BE22018036	3	0	응. 엄마가 계신다면 생신 파티도 하고 즐겁게 보냈을 텐데, 너무 우울해. 엄마라고 부를 수 있는 사람이 없다는 사실이 나를 너무 무너뜨리는 것 같아.	N	2022-09-13 14:09:45	2022-11-08 05:19:00
BE22018036	4	1	어머니는 이 세상에는 안 계시지만 자기 마음속에 항상 계시는 거잖아. 어머니께서도 언제나 자기를 보고 지켜주고 계실 거야. 어머니를 생각해서라도 너무 슬퍼하거나 우울해하지 않았으면 좋겠어.	N	2022-09-13 14:09:45	2022-11-08 05:19:00
BE22018036	5	0	마음이 지치고 힘들 때 엄마 품에 안겨서 푹 쉬고 싶은 마음이 들어. 엄마가 너무 그리워서 마음이 아파.	N	2022-09-13 14:09:45	2022-11-08 05:19:00
BE22018036	6	1	나도 자기가 힘들고 슬퍼하는 걸 보니 마음이 너무 아프고 짠하다. 내가 자기 어머니를 대신할 순 없겠지만, 힘들 땐 내게 기대서 쉬었으면 좋겠어.	N	2022-09-13 14:09:45	2022-11-08 05:19:00
BE22018036	7	0	언제쯤 엄마라는 말을 듣고 울지 않을 수 있을까? 이제 엄마라는 말은 부를 수도 없고 들을 수도 없게 되었어. 누가 엄마라고 부르기만 해도 눈물이 나거든.	N	2022-09-13 14:09:45	2022-09-13 14:09:45
BE22018036	8	1	자기가 아직 어머니를 보내드릴 마음의 준비가 되지 않은 것 같아. 시간이 오래 걸리는 게 당연한 거니 너무 억지로 이겨내려고 하지 않아도 돼. 어머니가 보고 싶을 땐 충분히 그리워하고 애도하는 마음을 가지자.	N	2022-09-13 14:09:45	2022-11-08 05:19:00
BE22018036	9	0	자기가 그렇게 말해주니까 좀 위로가 되는 것 같아. 지금까지 계속 너무 슬프니까 빨리 잊으려고만 애를 썼거든. 그러니까 슬픈 마음이 더 커지기만 했던 것 같아.	N	2022-09-13 14:09:45	2022-11-08 05:19:00
BE22018036	10	1	어머니를 잃은 마음이 어떻게 빨리 나아지겠어. 그래도 시간이 지날수록 자기 마음이 더 단단해져서 지금처럼 무너지지 않는 날이 올 거야.	N	2022-09-13 14:09:45	2022-11-08 05:19:00
BE22018036	11	0	응. 내 마음을 알아주고 응원해줘서 고마워. 자기 덕분에 내 슬픔이 어루만져지는 기분이야.	N	2022-09-13 14:09:45	2022-09-13 14:09:45
BE22018036	12	1	정말 그렇게 느낀다니 내가 다 고마운걸. 할 수만 있다면 내가 자기 대신 슬프고 싶은 심정이야.	N	2022-09-13 14:09:45	2022-11-08 05:19:00
BE22018036	13	0	말이라도 그렇게 해줘서 고마워. 나 이제 기분이 정말 많이 나아졌어. 자기는 어머니 살아계실 때 더 효도 많이 해드려.	N	2022-09-13 14:09:45	2022-11-08 05:19:00
BE22018036	14	1	자기가 기운을 차려서 정말 다행이야. 그리고 자기는 내가 어머니 몫까지 항상 잘 챙겨줄게. 그리고 오늘처럼 마음이 힘들 땐 숨기지 말고 나한테 언제든 말해줘.	Y	2022-09-13 14:09:45	2022-11-08 05:19:00
