id	utterance_id	utterance_type	utterance_text	terminate	regDate	updDate
BE22010187	1	0	자기야, 나 너무 슬퍼서 무기력해.	N	2022-07-19 08:03:23	2022-11-08 04:29:59
BE22010187	2	1	무슨 일 있었어 ?	N	2022-07-19 08:03:23	2022-11-08 04:29:59
BE22010187	3	0	새로 산 운동화를 신고 나갔는데 소나기가 와서 흙탕물이 튀었어. 새 신발이 금방 더러워져서 속상해.	N	2022-07-19 08:03:23	2022-11-08 04:29:59
BE22010187	4	1	아이고, 정말 속상할 수밖에 없는 상황이구나. 새 신발 신는다고 기뻤을 텐데 금방 더러워져서 더 슬플 것 같아.	N	2022-07-19 08:03:23	2022-11-08 04:29:59
BE22010187	5	0	응, 나 진짜 새 신발 신고 기뻤었는데 이제는 신발 때문에 너무 슬퍼. 날씨 확인을 못한 내가 바보야.	N	2022-07-19 08:03:23	2022-11-08 04:29:59
BE22010187	6	1	갑자기 내린 소나기였잖아. 예기치 못한 상황을 네 탓으로 돌리면서 슬퍼하지 마.	N	2022-07-19 08:03:23	2022-11-08 04:29:59
BE22010187	7	0	그렇지만 꼼꼼하지 못한 내 탓도 있는걸. 신발 얼마 신지도 못했는데 세척해야 돼.	N	2022-07-19 08:03:23	2022-11-08 04:29:59
BE22010187	8	1	자기야, 너무 속상해하지 마. 새 신발을 신으면 신고식으로 한 번씩 밟아준다고 하잖아. 그런 일을 겪었다고 생각하자.	N	2022-07-19 08:03:23	2022-11-08 04:29:59
BE22010187	9	0	응, 근데 이번 일은 나 때문에 신발이 금방 더러워진 거라 속상해. 흙탕물을 피할 수도 있었는데 말이야.	N	2022-07-19 08:03:23	2022-11-08 04:29:59
BE22010187	10	1	아무래도 이미 일어난 일에 아쉬운 점도 많겠지. 하지만 이미 벌어진 일에 계속 슬퍼하기보다는 문제를 해결하는 게 좋지 않을까? 신발을 세척하면 네 기분도 금방 나아질 거야.	N	2022-07-19 08:03:23	2022-11-08 04:29:59
BE22010187	11	0	응, 자기 말처럼 신발을 세척하면 기분이 나아질까?	N	2022-07-19 08:03:23	2022-11-08 04:29:59
BE22010187	12	1	응, 신발 빨면 금방 얼룩이 지워질 거야. 그럼 원래대로 네 기분도 괜찮아지지 않을까? 신발도 세척하면서 기분도 전환하고 말이야.	N	2022-07-19 08:03:23	2022-11-08 04:29:59
BE22010187	13	0	자기 말 들으니까 그래야겠어. 내가 너무 감정에만 몰두해서 아무것도 안 했네.	N	2022-07-19 08:03:23	2022-11-08 04:29:59
BE22010187	14	1	원래 가만히 있으면 감정이 더 몰아치잖아. 움직이면서 감정을 비워보자고.	N	2022-07-19 08:03:23	2022-11-08 04:29:59
BE22010187	15	0	응, 덕분에 이제 슬프지 않아. 조언해줘서 고마워!	Y	2022-07-19 08:03:23	2022-11-08 04:29:59
