id	utterance_id	utterance_type	utterance_text	terminate	regDate	updDate
BE22009317	1	0	새치에 좋은 샴푸 뭐 추천해 줄 거 있어? 진짜 우울해 죽을 것 같아.	N	2022-07-16 04:40:20	2022-11-08 04:24:21
BE22009317	2	1	너 혹시 새치가 더 는 거니? 예전에도 그 고민 자주 했었는데, 아직도 우울하다니 나도 걱정이다.	N	2022-07-16 04:40:20	2022-11-08 04:24:21
BE22009317	3	0	나 진짜 요즘 들어 새치가 엄청나게 늘었어. 사람들도 내 머리만 다 쳐다볼 정도로 티가 나서 속상하고 너무 슬퍼.	N	2022-07-16 04:40:20	2022-11-08 04:24:21
BE22009317	4	1	스트레스 많이 받으면 늘어난다고 하던데, 네가 스트레스 많이 받고 있는 것 같아서 걱정된다. 요즘 무슨 일 있어?	N	2022-07-16 04:40:20	2022-11-08 04:24:21
BE22009317	5	0	회사에서도 치이고 있는데, 돈 때문에도 걱정이 너무 많아. 그런데 요즘 새치가 늘어서 그게 제일 스트레스야.	N	2022-07-16 04:40:20	2022-11-08 04:24:21
BE22009317	6	1	그거 정말 우울하겠다. 나도 다른 친구들 새치가 자란 경우 봤는데, 고민이 엄청 크다고 하더라고. 네가 꼭 그럴 것 같아서 마음이 안 좋네.	N	2022-07-16 04:40:20	2022-11-08 04:24:21
BE22009317	7	0	요즘 나 자신이 꼴도 보기 싫게 느껴져. 거울 보면 징그러울 정도라고. 정말 속상해서 눈물이 난다.	N	2022-07-16 04:40:20	2022-11-08 04:24:21
BE22009317	8	1	네가 그 정도로 슬퍼하니까 나도 눈물 날 것 같아. 네가 너무 고통받지 않았으면 좋겠어. 많이 힘들지?	N	2022-07-16 04:40:20	2022-11-08 04:24:21
BE22009317	9	0	응 힘들어 죽겠어. 나 요즘 꿈도 꿔. 머리가 하얗게 백발이 되는 악몽.	N	2022-07-16 04:40:20	2022-11-08 04:24:21
BE22009317	10	1	꿈에서까지 고통받고 있구나. 사람이 무의식으로 신경 쓰고 있는 게 꿈에 나온다고 하더라고. 밝았던 네가 이렇게 속상해하니까 나도 너무 많이 걱정돼.	N	2022-07-16 04:40:20	2022-11-08 04:24:21
BE22009317	11	0	더 늘게 된다면 난 연애도 못 하게 되겠지? 회사 사람들도 요즘 은근히 내 머리를 쳐다보더라고. 날 비웃는 것 같은 생각이 들어.	N	2022-07-16 04:40:20	2022-11-08 04:24:21
BE22009317	12	1	그들이 널 비웃는다면, 그건 그들의 잘못이야. 네 잘못이 아니니까 너무 슬퍼하지 마. 그리고 넌 좋은 사람이니까 좋은 사람을 만나 연애할 수 있을 거야.	N	2022-07-16 04:40:20	2022-11-08 04:24:21
BE22009317	13	0	그렇게 생각해? 내 머리가 하얘져도 날 사랑해 줄 사람이 있을까?	N	2022-07-16 04:40:20	2022-11-08 04:24:21
BE22009317	14	1	당연하지. 그것과 상관없이 나도 널 사랑하는걸. 누군가 겉모습으로 널 판단하고 비웃는다면, 그것에 개의 치마. 넌 충분히 자신감을 가져도 되는 귀한 사람이야.	N	2022-07-16 04:40:20	2022-11-08 04:24:21
BE22009317	15	0	나를 사랑한다는 너의 말이 위로가 된다. 너무 슬퍼하지 않고 자신감을 가질게. 이렇게 위로해 줘서 정말 고마워.	Y	2022-07-16 04:40:20	2022-11-08 04:24:21
