id	utterance_id	utterance_type	utterance_text	terminate	regDate	updDate
BE22015928	1	0	나 지금 너무 슬퍼서 미치겠어.	N	2022-08-26 11:50:46	2022-08-26 11:50:46
BE22015928	2	1	자기, 무슨 일이길래 그래?	N	2022-08-26 11:50:46	2022-08-26 11:50:46
BE22015928	3	0	양말이랑 속옷을 같이 빨아버렸어. 비싼 속옷이라 따로 손세탁하려고 했는데 까먹고 세탁기에 같이 넣어버린 거야. 양말 더러운데 속옷이랑 같이 빨아버려서 슬퍼.	N	2022-08-26 11:50:46	2022-08-26 11:50:46
BE22015928	4	1	그것 때문에 자기 무척 속상하구나. 나였어도 왜 그런 실수를 했나 싶어서 자책할 것 같아. 자기 자신이 원망스럽고 울적하겠다.	N	2022-08-26 11:50:46	2022-11-08 05:06:08
BE22015928	5	0	응, 왜 평소 안 하던 실수를 그렇게 해버렸나 모르겠어. 요즘 야근을 많이 해서 그런지 정신을 놓고 사나 봐. 실수 때문에 속옷을 새로 사야 할 것 같아서 너무 울적해.	N	2022-08-26 11:50:46	2022-08-26 11:50:46
BE22015928	6	1	그 심정 나도 알아. 나도 예전에 검은 옷이랑 흰옷을 같이 세탁기에 넣어서 돌린 적 있었거든. 그래서 자기가 지금 얼마나 기분이 안 좋은지 이해가 가.	N	2022-08-26 11:50:46	2022-11-08 05:06:08
BE22015928	7	0	양말이랑 같이 빤 속옷은 찝찝해서 입을 수 없을 것 같아. 이런 작은 일에도 실수한다니, 내가 다 한심스럽고 슬퍼.	N	2022-08-26 11:50:46	2022-11-08 05:06:08
BE22015928	8	1	사람은 누구나 다 실수하면서 살아가니까 너무 주눅 들지 마. 다들 잘 사는 것 같으면서도 방심할 때도 있고 그렇게 사는 게 삶인 거지. 그러니 나만 바보 같다고 땅굴 팔지 말고 슬픔을 걷어내어 내일의 햇살을 맞이하길 바랄게.	N	2022-08-26 11:50:46	2022-11-08 05:06:08
BE22015928	9	0	하지만 너무 속상해서 아무 생각이 들지 않아. 그나마 덜 비쌌으면 조금만 슬퍼하고 말았을 텐데 말이야.	N	2022-08-26 11:50:46	2022-08-26 11:50:46
BE22015928	10	1	그럴 땐 차라리 이렇게 같이 서러운 거 이야기하면서 마음 풀자. 지나간 일을 붙잡고 슬퍼하는 대신 이렇게 속을 털어버리고 잊는 게 정신 건강에도 좋잖아. 그러니 내일은 다시 잊고 살아가겠단 마음으로 슬픔은 오늘까지만 느끼자.	N	2022-08-26 11:50:46	2022-11-08 05:06:08
BE22015928	11	0	그렇게 말해줘서 고마워. 그런 따뜻한 말을 들으니까 감동해서 슬픈 게 사라져.	N	2022-08-26 11:50:46	2022-11-08 05:06:08
BE22015928	12	1	응, 심적으로 지쳤을 텐데 휴식을 취하면서 마음이 차분해지기를 바랄게. 누구나 그런 실수를 겪기도 하니까 너무 슬퍼하지 마. 사실 그런 일을 겪으면서 성장하는 거잖아.	N	2022-08-26 11:50:46	2022-11-08 05:06:08
BE22015928	13	0	응, 이번 기회를 통해 다음에는 이러지 않을 수 있도록 정신 바싹 차리려고. 자기 말이 큰 도움이 됐어. 이렇게 달래줘서 고마워.	N	2022-08-26 11:50:46	2022-08-26 11:50:46
BE22015928	14	1	아냐, 나야말로 도움이 되었단 사실에 기뻐. 다음에도 슬픈 일이 있으면 내게 털어놓아 줘!	N	2022-08-26 11:50:46	2022-11-08 05:06:08
BE22015928	15	0	응, 듣기만 해도 든든하다. 정말 곁에 있다는 것만으로도 힘이 되는 존재야!	Y	2022-08-26 11:50:46	2022-08-26 11:50:46
