id	utterance_id	utterance_type	utterance_text	terminate	regDate	updDate
BE22013784	1	0	자기야, 지금 내 마음엔 슬픔이 가득해. 일주일 전에 본 비극적 영화가 잊혀지지 않고 계속 머릿속에 떠올라. 시간이 지날수록 마음이 더 우울해지는 것 같아.	N	2022-08-10 09:58:23	2022-08-10 09:58:23
BE22013784	2	1	자기가 요즘 많이 울적한가 보구나. 자기가 슬픔에 빠진 모습을 상상하니, 내 마음에도 짙은 회색 먹구름이 끼는 것 같아.	N	2022-08-10 09:58:23	2022-11-08 04:52:39
BE22013784	3	0	여자 주인공의 애틋한 눈빛이 아직도 눈앞에 선해. 그 슬픔에 잠긴 눈동자를 생각만 해도 눈물이 날 것 같아.	N	2022-08-10 09:58:23	2022-11-08 04:52:39
BE22013784	4	1	난 슬픈 영화의 포스터만 봐도 울적하고 서글픈 마음이 들거든. 자기가 그렇게 슬퍼하는 것도 너무나 당연해.	N	2022-08-10 09:58:23	2022-11-08 04:52:39
BE22013784	5	0	특히 남자 주인공이 죽던 장면은 생각만 해도 눈물이 줄줄 흘러. 내 가슴에 영원히 슬픔으로 남을 것 같아.	N	2022-08-10 09:58:23	2022-08-10 09:58:23
BE22013784	6	1	자기가 이렇게 슬퍼하는 모습은 정말 처음 보는 것 같아. 자기가 느끼는 슬픔이 얼마나 클지, 난 상상조차 할 수 없을 정도야.	N	2022-08-10 09:58:23	2022-08-10 09:58:23
BE22013784	7	0	그 영화 생각하느라 의욕도 없어진 것 같아. 하루 종일 영화 장면만 눈앞에 아른거리고.	N	2022-08-10 09:58:23	2022-08-10 09:58:23
BE22013784	8	1	나도 고등학교 시절에는 슬픈 영화를 보면 한 달 동안 염세적인 생각만 했던 것 같아. 자기의 슬픈 마음을 어떻게 위로해 줘야 할지 모르겠어.	N	2022-08-10 09:58:23	2022-11-08 04:52:40
BE22013784	9	0	슬픔이 파도처럼 내 마음에 밀려오는 것 같아. 영화 때문에 이렇게 큰 슬픔에 빠질지는 미처 몰랐어.	N	2022-08-10 09:58:23	2022-08-10 09:58:23
BE22013784	10	1	자기 마음을 조금이라도 위로해 주고 싶어. 자기가 기뻐할 수 있다면 뭐든지 해 주고 싶은 심정이고. 그러니 혼자서 너무 슬퍼하지 말고, 얼른 기운 냈으면 좋겠어.	N	2022-08-10 09:58:23	2022-11-08 04:52:40
BE22013784	11	0	마음속에 슬픔만 가득했는데, 자기 이야기를 들으니 기분이 한결 가벼워진 것 같아. 힘들어하는 나를 위로해 줘서 정말 고마워.	N	2022-08-10 09:58:23	2022-11-08 04:52:40
BE22013784	12	1	자기가 웃음을 되찾은 것 같아서 정말 다행이야. 시간이 지나면 슬픈 영화도 언젠가 아름다운 영화로 기억될 거야.	N	2022-08-10 09:58:23	2022-08-10 09:58:23
BE22013784	13	0	자기 이야기를 듣다 보니 마음속의 슬픔이 가신 것 같아. 자기 같은 사람을 만난 건 정말 큰 행운인 것 같아서 늘 감사하게 생각해.	N	2022-08-10 09:58:23	2022-11-08 04:52:40
BE22013784	14	1	나도 슬플 때나 기쁠 때나 자기랑 많은 것을 공유할 수 있어서 정말 좋아. 자기가 기운을 차린 것 같아서 나도 무척 기뻐.	N	2022-08-10 09:58:23	2022-11-08 04:52:40
BE22013784	15	0	슬픈 영화도 언젠가 멋진 추억으로 남을 것 같아. 내 마음을 따뜻하게 어루만져 줘서 정말 고마워, 자기야. 그럼 다음에 만나기로 하고, 안녕.	Y	2022-08-10 09:58:23	2022-08-10 09:58:23
