id	utterance_id	utterance_type	utterance_text	terminate	regDate	updDate
BE22018877	1	0	시험에서 떨어지고 슬픈 기분이 나아지지 않아. 오늘도 하루 종일 집에서 드라마만 봤어. 나 언제쯤 괜찮아질까, 자기야?	N	2022-09-19 07:41:19	2022-09-19 07:41:19
BE22018877	2	1	금방 나아지기 힘들지. 억지로 괜찮아지려고 하지는 마. 자기 마음 이해해.	N	2022-09-19 07:41:19	2022-11-08 05:24:00
BE22018877	3	0	내가 모자란다는 걸 느껴서 너무 슬퍼. 열심히 한다고 했는데 역부족이었던 걸까? 머리가 그만큼 따라주지 않았나 봐.	N	2022-09-19 07:41:19	2022-11-08 05:24:00
BE22018877	4	1	부족한 부분과 마주했다니 정말 속상했겠다. 하지만 그 어려운 시험에 도전한다고 한 것만 해도 난 자기가 멋있다고 생각했어. 아무나 자기처럼 과감하게 도전을 결정할 수 없었을 거야.	N	2022-09-19 07:41:19	2022-11-08 05:24:00
BE22018877	5	0	올해도 너무 힘들었는데 이걸 한 번 더 한다니 상상이 안 돼. 그리고 더 열심히 한다고 해서 좋은 결과가 나올지도 확신이 없고.	N	2022-09-19 07:41:19	2022-11-08 05:24:00
BE22018877	6	1	맞아, 노력하는 순서로 합격하는 게 아니니까 한 번 더 도전하는 게 부담스럽고 걱정되겠다. 하지만 올해 아슬아슬하게 떨어졌잖아. 너무 실망하지 말고 한 번만 더 해 보자.	N	2022-09-19 07:41:19	2022-11-08 05:24:00
BE22018877	7	0	응. 한두 문제 차이라서 더 아쉽고 실망스러워. 실수만 하지 않았다면 이렇게 집에서 드라마나 보고 있는 일은 없었을 텐데.	N	2022-09-19 07:41:19	2022-11-08 05:24:00
BE22018877	8	1	아쉽기는 하지만 어떻게 생각하면 떨어진 사람들 중에는 자기가 가장 높은 점수일 수도 있는 거잖아! 그러니까 내년에는 분명히 좋은 결과 있을 거야.	N	2022-09-19 07:41:19	2022-11-08 05:24:00
BE22018877	9	0	자기 말 들어보니 그것도 맞는 말이네. 왜 그렇게 생각을 못 했을까? 내년 시험 준비생 중에 일등으로 시작한다니, 한 번 더 해볼 용기가 생기는 것 같아.	N	2022-09-19 07:41:19	2022-11-08 05:24:00
BE22018877	10	1	기분이 나아졌다니 정말 다행이야. 지금 슬프고 실망스러운 마음 충분히 이해하니까 다시 준비 시작할 때까지 충분히 쉬어도 괜찮아.	N	2022-09-19 07:41:19	2022-11-08 05:24:00
BE22018877	11	0	맞아, 드라마를 봐도 주인공한테는 항상 시련이 있는 것 같아. 모두가 한 번에 잘 될 수는 없는 거겠지?	N	2022-09-19 07:41:19	2022-09-19 07:41:19
BE22018877	12	1	당연히 그렇지. 내년에는 정말 좋은 점수로 합격해서 자기가 드라마의 주인공이 되어보는 거야!	N	2022-09-19 07:41:19	2022-11-08 05:24:00
BE22018877	13	0	정말 고마워 자기야. 자기 덕분에 기분도 많이 나아지고 다시 도전할 용기도 생겼어. 항상 실망해있는 나 보는 것도 힘들었을 텐데 기다려줘서 고마워.	N	2022-09-19 07:41:19	2022-11-08 05:24:00
BE22018877	14	1	아니야, 하나도 힘들지 않았어. 자기가 기운을 찾는 데에 도움이 됐다니 나는 그것만으로 행복해.	N	2022-09-19 07:41:19	2022-11-08 05:24:00
BE22018877	15	0	자기가 있어서 얼마나 힘이 되는지 몰라. 우리 내일은 만나서 맛있는 거 먹으러 가자!	Y	2022-09-19 07:41:19	2022-11-08 05:24:00
