id	utterance_id	utterance_type	utterance_text	terminate	regDate	updDate
BE22006581	1	0	오늘은 조금 걷고 싶네.	N	2022-07-06 09:21:24	2022-11-08 04:06:48
BE22006581	2	1	덥고 힘든 거 싫어하잖아. 회사에서 무슨 일 있었던 거야?	N	2022-07-06 09:21:24	2022-11-08 04:06:48
BE22006581	3	0	새로 맡은 프로젝트가 있는데 생각처럼 잘되지 않아. 사람들은 내게 기대하는 눈빛인데 부담이 돼.	N	2022-07-06 09:21:24	2022-11-08 04:06:48
BE22006581	4	1	일이 많이 힘들어?	N	2022-07-06 09:21:24	2022-11-08 04:06:48
BE22006581	5	0	이 일로 야근까지 하는데도 쉽사리 끝날 기미가 보이지 않아. 야근하는 고충을 남들이 알아주는 것도 아니고.	N	2022-07-06 09:21:24	2022-11-08 04:06:48
BE22006581	6	1	매번 야근하느라 너무 고생스러웠겠다. 나라면 그렇게까지 일에 열심이지 못했을 거야. 너니까 할 수 있는 일 같아.	N	2022-07-06 09:21:24	2022-11-08 04:06:48
BE22006581	7	0	내 능력보다 너무 힘든 프로젝트를 맡은 게 아닐까 싶어.	N	2022-07-06 09:21:24	2022-11-08 04:06:48
BE22006581	8	1	그동안 넌 너의 일들을 묵묵히 다 끝내왔잖아. 그러니까 너에게 그런 일들도 맡긴 걸 거야. 너라면 당연히 해낼 거라고 생각해서.	N	2022-07-06 09:21:24	2022-11-08 04:06:48
BE22006581	9	0	과연 그럴까? 사내 공모전에서 상까지도 받았는데도 그냥 모두 시큰둥해. 그럴 때면 어깨가 축 처지고 울적해져서 일할 맛이 나지 않아.	N	2022-07-06 09:21:24	2022-11-08 04:06:48
BE22006581	10	1	나라도 너무 서운했겠다. 칭찬은 고래도 춤추게 한다는데 수고했다, 잘했다는 한마디가 그들을 왜 그렇게 어려웠을까?	N	2022-07-06 09:21:24	2022-11-08 04:06:48
BE22006581	11	0	나는 칭찬받으며 즐겁게 내 일들을 해내고 싶은데 쉽게 되지가 않네.	N	2022-07-06 09:21:24	2022-11-08 04:06:48
BE22006581	12	1	아무도 인정해 주지 않아도 야근까지 자처하는 네가 나는 너무 자랑스럽고 존경스러워. 그리고 일을 즐겁게 해내려고 하는 모습도 너무 멋지고! 네게서 일을 정말 사랑하는 마음이 느껴져.	N	2022-07-06 09:21:24	2022-11-08 04:06:48
BE22006581	13	0	너와 대화 나누니까 마음이 안정되는 기분이야.	N	2022-07-06 09:21:24	2022-11-08 04:06:48
BE22006581	14	1	너같이 매사 열심을 다하는 연인을 뒀다는 사실에 내가 오히려 너무 감사해.	Y	2022-07-06 09:21:24	2022-11-08 04:06:48
