id	utterance_id	utterance_type	utterance_text	terminate	regDate	updDate
BE22012018	1	0	나 지금 동생 전화를 받았는데 아버지께서 갑자기 뇌출혈로 또 쓰러져서 응급실로 가는 중이래. 이게 갑자기 무슨 일인가 싶어.	N	2022-07-27 06:40:02	2022-11-08 04:41:39
BE22012018	2	1	자기가 너무 정신이 없겠다. 상황이 많이 안 좋은 거야?	N	2022-07-27 06:40:02	2022-11-08 04:41:39
BE22012018	3	0	확실한 건 모르겠어. 지금 택시 타고 가는 중인데, 가 봐야 알 것 같아. 나 지금 눈물이 계속 흘러.	N	2022-07-27 06:40:02	2022-11-08 04:41:39
BE22012018	4	1	자기 마음이 매우 아프겠구나. 아버지 걱정에 정신이 하나도 없겠다. 괜찮아?	N	2022-07-27 06:40:02	2022-11-08 04:41:39
BE22012018	5	0	마음이 미어지게 아파. 한 번 쓰러지시고 재활해서 이제 좀 괜찮아졌나 했는데 또 이러니 아버지가 불쌍해서 너무 슬프다. 혹시나 이대로 떠나실까 생각하니 슬픔이 감당이 안 되네.	N	2022-07-27 06:40:02	2022-11-08 04:41:39
BE22012018	6	1	자기 마음 어떤지 옆에서 지켜본 내가 잘 알지. 그래도 아직 아버지 상태를 확실히 모르는 거니 너무 나쁜 쪽으로만 생각하지 말자. 그러면 자기 마음이 너무 힘들잖아.	N	2022-07-27 06:40:02	2022-11-08 04:41:39
BE22012018	7	0	아는데, 두 번째 겪는 일이라 그런가 나쁜 생각이 자꾸 들어. 처음에도 조금만 늦었으면 돌아가셨을 거라고 했던 의사 말이 계속 머릿속에 맴돌아. 그래서 지금 상황이 나한테는 너무 슬프기만 해.	N	2022-07-27 06:40:02	2022-11-08 04:41:39
BE22012018	8	1	자기한테 아버지가 얼마나 소중한 존재인지 내가 잘 알지. 그래서 자기 마음이 주체할 수 없을 만큼 무너지는 것도 이해해. 그래서 자기가 많이 힘들까 봐 너무 걱정된다.	N	2022-07-27 06:40:02	2022-11-08 04:41:39
BE22012018	9	0	어머니 일찍 돌아가시고 아버지 혼자서 정말 고생 많이 하셨잖아. 이제 내가 돈도 좀 벌고 효도도 시켜 드리나 했더니 이렇게 편찮으시네. 아버지의 고생한 세월이 고스란히 느껴져서 안타깝고 슬프고 그래.	N	2022-07-27 06:40:02	2022-11-08 04:41:39
BE22012018	10	1	아버지께서 힘들게 살아오시긴 하셨지만 그래도 자기가 사업 잘되면서 아버지 많이 살펴드렸잖아. 자기 성공했다고 아버지께서 얼마나 좋아하셨어. 자기도 회사 일 힘든 와중에도 일주일에 꼭 한번은 아버지 모시고 여행 다니고.	N	2022-07-27 06:40:02	2022-11-08 04:41:39
BE22012018	11	0	아버지께서 나를 아낀 세월에 비하며 아무것도 아니지. 이제 남은 세월 조금 더 편하게 즐기시기만 하면 되는데. 속도 많이 상하고 걱정도 되고 불쌍해서 내 마음이 찢어질 듯 슬프고 그래.	N	2022-07-27 06:40:02	2022-11-08 04:41:40
BE22012018	12	1	아버지께서 자기가 이렇게 원통해 하는 거 알면 마음이 안 편하실 거야. 그러니 자기 마음 단단하게 먹고 자기 마음 너무 힘들지 않고 나쁜 생각은 잠시 접어두자. 아버지 씩씩한 분이셔서 이번에도 보란 듯이 일어나실 거야.	N	2022-07-27 06:40:02	2022-11-08 04:41:40
BE22012018	13	0	그래야지. 아직 슬퍼만 하기엔 이른 것 같아. 자기가 힘을 줘서 정말 고마워. 마음이 한결 나아졌어.	N	2022-07-27 06:40:02	2022-11-08 04:41:40
BE22012018	14	1	다행이다. 나쁜 일 없을 거니까 너무 걱정하지 말고 병원 조심히 가. 연락하고.	Y	2022-07-27 06:40:02	2022-11-08 04:41:40
