id	utterance_id	utterance_type	utterance_text	terminate	regDate	updDate
BE22008286	1	0	자기야. 나 지금 너무 슬퍼.	N	2022-07-12 16:25:17	2022-11-08 04:17:42
BE22008286	2	1	왜 그래? 무슨 일이라도 있는 거야? 오늘 기분 좋게 저녁 먹고 들어갔잖아.	N	2022-07-12 16:25:17	2022-11-08 04:17:42
BE22008286	3	0	동생이 이번에 우리 집 근처로 회사 이직해서 같이 살기로 했는데 정말 집안일을 하나도 안 해. 언니 도와서 간단한 빨래나 청소기 돌리는 거라도 해달라고 했는데 오늘도 하나도 안 해놨더라고. 나를 무시하는 거 같은 생각이 드니까 너무 슬퍼서 눈물이 나.	N	2022-07-12 16:25:17	2022-11-08 04:17:42
BE22008286	4	1	동생이 자기 마음도 몰라주고 무시하는 거 같은 마음에 이렇게 슬퍼하는 거구나. 얼마나 속상했겠어. 자기가 지금 얼마나 슬플지 너무 이해된다. 나 같아도 그런 상황이면 정말 속상할 거 같아.	N	2022-07-12 16:25:17	2022-11-08 04:17:42
BE22008286	5	0	응. 솔직히 나도 일 끝나고 집에 오면 힘들어서 집안일 하기 싫을 때도 많거든. 근데 아무래도 둘이 살다 보니까 하는 일이 늘어나는 거야. 도와달라고 몇 번이나 얘기했는데도 이러니까 나를 언니로 생각하기는 하는지 너무 속상해.	N	2022-07-12 16:25:17	2022-11-08 04:17:42
BE22008286	6	1	왜 안 그러겠어. 얘기 듣는 나도 이렇게 속상하고 마음이 아픈데 자기는 오죽할까. 덩달아 나도 슬퍼질 거 같아.	N	2022-07-12 16:25:17	2022-11-08 04:17:42
BE22008286	7	0	내 얘기 들으면 친구들은 화도 안 나냐고 하는데 솔직히 화나기보다는 너무 서운하고 슬픈 거 있지? 착하고 언니 말 잘 듣는 동생이었는데 떨어져 있는 동안 심적인 거리가 멀어져서 그런가 싶기도 하고. 마음이 쓰라리다.	N	2022-07-12 16:25:17	2022-11-08 04:17:42
BE22008286	8	1	동생이랑 사이가 멀어져서 이런 일이 생기는 게 아닐까 하는 생각이 드는 거지? 그래서 속이 상하는 걸까?	N	2022-07-12 16:25:17	2022-11-08 04:17:42
BE22008286	9	0	맞아. 그런 생각에 너무 슬프고 눈물이 나. 내가 좀더 챙겨주고 잘해줬더라면 동생도 내 말을 잘 따라주지 않았을까?	N	2022-07-12 16:25:17	2022-11-08 04:17:42
BE22008286	10	1	친구들 말대로 화나고 열받을 만한 상황인데도 동생에 상황을 이해하고자 하는 자기의 마음이 너무 기특하다. 우리 자기는 역시 마음이 참 넓어.	N	2022-07-12 16:25:17	2022-11-08 04:17:42
BE22008286	11	0	화내봤자 동생 마음도 상하고 내 마음도 상하는 거잖아. 근데 슬픈 마음이 드는 건 정말 어쩔 수가 없나봐.	N	2022-07-12 16:25:17	2022-11-08 04:17:42
BE22008286	12	1	동생을 앉혀두고 진지하게 얘기해본 적은 있어? 그냥 흘러가듯이 언니 좀 도와줘 하지 말고 자기가 얼마나 힘들고 서운한지 차분히 얘기해보는 게 더 좋을 것 같은데.	N	2022-07-12 16:25:17	2022-11-08 04:17:42
BE22008286	13	0	아니 그런 적은 없었던 거 같아. 그냥 출근 전에 오늘 집안일 좀 해놔줘, 이 정도?	N	2022-07-12 16:25:17	2022-11-08 04:17:42
BE22008286	14	1	아마 동생은 그럼 흘려듣거나 본인도 바빠서 신경을 못 쓴 게 아닐까? 나는 자기가 동생이랑 진지하게 대화해봤으면 해.	N	2022-07-12 16:25:17	2022-11-08 04:17:42
BE22008286	15	0	그러면 잘 풀릴 수 있을까? 동생 기분이 상할까봐 걱정되네.	N	2022-07-12 16:25:17	2022-11-08 04:17:42
BE22008286	16	1	분명 동생도 언니의 서운하고 슬픈 감정을 잘 알아줄 거야. 걱정하지 말고 부정적인 생각을 좀 내려놓자. 부정적으로만 생각하면 자기의 마음이 더 괴로우니까 긍정적으로 생각해보자는 거지.	N	2022-07-12 16:25:17	2022-11-08 04:17:42
BE22008286	17	0	자기 말이 맞는 거 같아. 내가 너무 부정적으로만 생각하고 혼자 슬퍼했던 거 같아. 조언 고마워요. 동생이랑 얘기해봐야겠어.	N	2022-07-12 16:25:17	2022-11-08 04:17:42
BE22008286	18	1	그래. 좋은 생각이야. 기분은 좀 풀렸어?	N	2022-07-12 16:25:17	2022-11-08 04:17:42
BE22008286	19	0	자기가 위로해주고 조언해줘서 많이 나아졌어. 자기 덕분이야. 동생이랑 얘기해보고 다시 연락할게.	N	2022-07-12 16:25:17	2022-11-08 04:17:42
BE22008286	20	1	그래. 잘 풀리길 응원하고 있을게. 대화해보고 다시 문자 주세요.	Y	2022-07-12 16:25:17	2022-11-08 04:17:42
