id	utterance_id	utterance_type	utterance_text	terminate	regDate	updDate
BE22006456	1	0	오랜만에 고향에 내려왔는데 마음이 편치가 않네. 부모님 눈치가 보여서 말이야. 이런 나의 모습을 보는 게 참 슬픈 일인 것 같아.	N	2022-07-06 04:04:38	2022-11-08 04:05:56
BE22006456	2	1	오랜만에 시골에 내려가서 행복한 시간을 보낼 줄 알았는데,무슨 일 있는 거니? 나한테 솔직하게 털어놔 봐.	N	2022-07-06 04:04:38	2022-11-08 04:05:56
BE22006456	3	0	내가 요즘 실직을 해서 백수인 상태잖아. 다들 번듯한 직업을 가지고 있는데 나만 직업이 없어. 참 초라해지네. 직업 이야기를 하는데 낄 수가 없어서 말이야.	N	2022-07-06 04:04:38	2022-11-08 04:05:56
BE22006456	4	1	네가 오랜만에 정말 너의 보금자리인 집에 갔는데, 그런 상황에 놓이게 되니 정말 속상하겠다. 남들과 비교될 때 참 내가 작아지는 기분이 들곤 하잖아.	N	2022-07-06 04:04:38	2022-11-08 04:05:56
BE22006456	5	0	집에 있는데도 집에 가고 싶은 기분이 드네. 이런 감정은 처음 느껴봐서 더 힘든 것 같아. 나도 모르게 눈물이 나서 방에만 있었어.	N	2022-07-06 04:04:38	2022-11-08 04:05:57
BE22006456	6	1	네가 그동안 일을 잘하다가 실직을 한 지 얼마 되지 않았잖아. 너가 처음 겪는 상황이니만큼 네가 많이 우울할 것이라고 생각해. 내가 너였어도 그랬을 것 같아.	N	2022-07-06 04:04:38	2022-11-08 04:05:57
BE22006456	7	0	부모님도 내가 고향에 와서 있는 것을 은근히 불편해하시는 것 같아. 얼른 내가 원래 있던 자취방으로 돌아가야 할까봐.	N	2022-07-06 04:04:38	2022-11-08 04:05:57
BE22006456	8	1	네가 정말 속상하겠다. 좌불안석인 상태에 놓여있을 너를 상상하니까 내 마음이 찢어질 듯 아프네.	N	2022-07-06 04:04:38	2022-11-08 04:05:57
BE22006456	9	0	언제까지 이렇게 초라한 사람으로 살아야 할지 모르겠어. 구직을 하고 있긴 한데 말이야.	N	2022-07-06 04:04:38	2022-11-08 04:05:57
BE22006456	10	1	네가 요즘 구직을 하기 위해 충분히 노력하고 있잖아. 언젠가는 너의 노력이 빛을 발할 때가 올 거야. 그때가 되면, 당당하게 고향에 내려가서 부모님을 뵐 수 있을 거라고 생각해.	N	2022-07-06 04:04:38	2022-11-08 04:05:57
BE22006456	11	0	내가 언제쯤 그렇게 할 수 있을까? 나도 부모님한테 떳떳한 자식이 되고 싶어.	N	2022-07-06 04:04:38	2022-11-08 04:05:57
BE22006456	12	1	부모님은 네가 잘되시길 바라지 네가 못 되길 바라시는 것은 절대 아닐 거야. 너를 사랑하는 만큼 너에게 거는 기대가 많으셔서 그런 거지. 넌 이미 부모님에게서 태어났다는 것만으로도 자랑스러운 존재인걸.	N	2022-07-06 04:04:38	2022-11-08 04:05:57
BE22006456	13	0	그렇게 말해주니 고맙다. 집에서 환영받지 못한다는 기분이 들었는데, 앞으로 좀 긍정적으로 생각해야겠어.	N	2022-07-06 04:04:38	2022-11-08 04:05:57
BE22006456	14	1	네가 지금 노력을 한 만큼 조만간 구직을 할 수 있을 거야. 너무 안 좋게만 생각하지 말고 집에서 조금 쉬다가 다시 일상을 회복해보자. 다음에 고향에 갈 때는 분명 웃는 낯으로 부모님을 뵐 수 있을 거라고 확신해.	N	2022-07-06 04:04:38	2022-11-08 04:05:57
BE22006456	15	0	그렇게 말해줘서 고마워. 너 덕에 용기가 생기네.	Y	2022-07-06 04:04:38	2022-11-08 04:05:57
