id	utterance_id	utterance_type	utterance_text	terminate	regDate	updDate
BE22000833	1	0	나 친구들이랑 여행 못 간 지 너무 오래된 것 같아.	N	2022-06-13 08:39:03	2022-11-08 03:29:41
BE22000833	2	1	최근에 여행 다녀오기 쉽지 않은 상황이기는 했지.	N	2022-06-13 08:39:03	2022-11-08 03:29:41
BE22000833	3	0	진짜 집 아니면 회사 밖에 가는 곳이 없어. 너무 우울해...	N	2022-06-13 08:39:03	2022-11-08 03:29:42
BE22000833	4	1	내가 너무 주말마다 데이트하자고 불러서 여행 갈 시간이 없었구나.	N	2022-06-13 08:39:03	2022-11-08 03:29:42
BE22000833	5	0	자기 때문에 그렇다는 이야기는 아니고. 그냥... 친구들이랑 여행 간 지가 너무 오래된 것 같다는 생각이 들었어.	N	2022-06-13 08:39:03	2022-11-08 03:29:42
BE22000833	6	1	나도 그런 의미로 한 말은 아니었어. 주말에 나한테 시간 써줘서 고맙다는 이야기였지.	N	2022-06-13 08:39:03	2022-11-08 03:29:42
BE22000833	7	0	고맙기는 뭘. 자기는 여행 가고 싶지 않아?	N	2022-06-13 08:39:03	2022-11-08 03:29:42
BE22000833	8	1	나도 여행 좋아해! 요즘 상황 때문에 못 간 지는 좀 오래되긴 했는데, 그전에는 거의 매달 다녀온 것 같아.	N	2022-06-13 08:39:03	2022-11-08 03:29:42
BE22000833	9	0	하긴 누구나 다 똑같이 힘들 테니까... 나만 힘들다고 투덜거리면 안 되겠지.	N	2022-06-13 08:39:03	2022-11-08 03:29:42
BE22000833	10	1	그렇지는 않아. 힘든 것도 개인 차가 있을 수 있지. 자기가 이상한 게 아니야.	N	2022-06-13 08:39:03	2022-11-08 03:29:42
BE22000833	11	0	아니야. 내가 너무 어린애처럼 투정 부리는 것 같아. 나 너무 별로지?	N	2022-06-13 08:39:03	2022-11-08 03:29:42
BE22000833	12	1	전혀. 하나도 안 이상해. 매일 출근하고 스트레스 풀 곳도 없는데 지치는 게 당연하지.	N	2022-06-13 08:39:03	2022-11-08 03:29:42
BE22000833	13	0	그러니까. 자기도 힘들 텐데 내가 너무 투덜거리잖아... 미안해.	N	2022-06-13 08:39:03	2022-11-08 03:29:42
BE22000833	14	1	아니야. 난 이런 이야기 나한테 해줘서 오히려 좋은데? 우리 스케줄 확인해 보고 되는 대로 여행 다녀올까?	N	2022-06-13 08:39:03	2022-11-08 03:29:42
BE22000833	15	0	그럼 나야 너무 좋긴 한데... 알겠어. 고마워! 나도 스케줄 확인해볼게.	Y	2022-06-13 08:39:03	2022-11-08 03:29:42
