id	utterance_id	utterance_type	utterance_text	terminate	regDate	updDate
BE22017375	1	0	자기야 나 처음으로 해외여행 왔잖아. 그런데 너무 냄새나고 음식이 입에 하나도 맞지 않아. 그래서 친구들이랑 어울려서 먹지도 못하고 혼자 슬프고 울적해.	N	2022-09-07 07:54:22	2022-09-07 07:54:22
BE22017375	2	1	어머나, 자기 해외여행 간다고 너무 신나 하고 좋아했는데. 가서 먹는 게 안 맞아서 고생한다고 하니까 내 마음이 다 아프다. 거기다 친구들이랑 같이 가서 혼자만 다르니까 자기가 소외감을 느낄 거 같아 안타까워.	N	2022-09-07 07:54:22	2022-11-08 05:14:58
BE22017375	3	0	친구들은 벌써 몇 번씩이나 해외여행을 다녀봐서 그런지. 아무렇지도 않게 즐기면서 다니고, 맛있게 먹고 신나서 노는데. 나만 못 즐기고 침울해서 이게 뭐 하는 건가 당황스러워.	N	2022-09-07 07:54:22	2022-09-07 07:54:22
BE22017375	4	1	문자에서 자기가 느낄 슬픔과 우울감이 다 느껴져. 혼자서 뒤처진 거 같고 나만 왜 잘 못 하지, 싶어서 한심한 느낌마저 들 거 같아. 자기가 혼자서 울적하고 당혹스러워하고 있을 것을 생각하니까 나까지 마음이 가라앉는다.	N	2022-09-07 07:54:22	2022-11-08 05:14:58
BE22017375	5	0	응, 내가 처음으로 해외여행을 나와서 촌스럽고 뒤떨어지는 건가 싶어서. 당황스럽고 또 이런 내 모습이 너무 한심해서 자꾸 한숨만 나와.	N	2022-09-07 07:54:22	2022-09-07 07:54:22
BE22017375	6	1	어떤 마음인지 잘 알 거 같아서 나도 속상하다. 나도 예전에 친구들이랑 처음으로 해외여행 갔는데 다른 친구들은 자주 해외에 다녀봐서 액티비티를 즐기더라고. 나는 무섭고 두려워서 하지 못했어, 친구들 기다리면서 스스로 얼마나 한심하고 이런 내 모습이 초라하던지.	N	2022-09-07 07:54:22	2022-11-08 05:14:58
BE22017375	7	0	자기도 그랬던 적이 있구나. 맞아, 나도 그런 마음이야. 친구들처럼 신나고 즐겁게 즐기고 싶은데 나만 못 즐기고 힘들어하는 거 같아서 위축되고 슬프네.	N	2022-09-07 07:54:22	2022-09-07 07:54:22
BE22017375	8	1	괜찮아 자기야 다들 처음은 있었던 거잖아. 그러니깐 너무 자책하거나 위축되지 않아도 괜찮아. 모두 처음은 있는 거잖아, 다들 처음에는 우리처럼 잘 모르고 못 즐기고 그랬을 거야, 괜찮아.	N	2022-09-07 07:54:22	2022-11-08 05:14:58
BE22017375	9	0	그렇겠지? 한 친구가 자기도 서너 번 해외에 나와보기 전까지 김치며 고추장이며 이것저것 챙겨서 다녔다고 하더라고. 다들 처음에는 향도 안 맞고 음식들이 우리나라랑 다르니까 거부감 가진다고. 나한테 너무 위축되거나 슬퍼하지 말라고 얘기해 주더라고.	N	2022-09-07 07:54:22	2022-09-07 07:54:22
BE22017375	10	1	자기가 처음으로 간 해외여행인데 음식이 맞지 않아서 친구들처럼 신나게 즐기지 못해 안쓰럽다. 처음으로 가는 해외여행은 정말 가슴이 두근거리고 기대감에 부풀어서 흥분이 엄청날 텐데. 음식이 맞지 않더라도 자기는 긍정적이고 빨리 적응하는 편이잖아, 재밌는 활동들을 하면 마음이 좀 풀릴 거야.	N	2022-09-07 07:54:22	2022-11-08 05:14:58
BE22017375	11	0	그래도 자기랑 이렇게 문자 하고 나니까 좀 진정되는 거 같아. 나만 그러는 게 아니구나 싶어서 안정도 되고. 맞아, 나도 금방 잘 적응하니까 다른 신나는 걸 찾도록 해볼게.	N	2022-09-07 07:54:22	2022-11-08 05:14:59
BE22017375	12	1	자기가 나랑 문자 하면서 마음이 조금씩 편해지고 있다고 하니까 너무 다행이다. 자기야, 음식은 한 번 두 번 자꾸 경험하다 보면 익숙해질 거야. 그리고 외국 여행 많이 다녀도 음식 향이 강하고 맛이 다르다고 못 먹는 사람들도 많아, 괜찮아.	N	2022-09-07 07:54:22	2022-11-08 05:14:59
BE22017375	13	0	응, 자기 문자 보니까 자꾸 위축되고 피하려고만 하지 말고 도전해 봐야겠다. 생각이 들어. 고마워.	N	2022-09-07 07:54:22	2022-11-08 05:14:59
BE22017375	14	1	자기는 분명히 금방 적응할 거야. 자기 어디에서든 적응할 수 있는 생존력과 의지를 가졌잖아. 그러니깐, 너무 한심하게 여기지 말고 다들 이렇구나, 마음먹으면 편할 거야, 남은 여행 잘하고 와.	Y	2022-09-07 07:54:22	2022-11-08 05:14:59
