id	utterance_id	utterance_type	utterance_text	terminate	regDate	updDate
BE22017987	1	0	자기야, 나 우리 누나네 때문에 너무 슬퍼. 마음이 아파서 눈물이 날 지경이야.	N	2022-09-13 08:54:11	2022-11-08 05:32:45
BE22017987	2	1	왜? 누나네 부부한테 무슨 일이 있어?	N	2022-09-13 08:54:11	2022-09-13 08:54:11
BE22017987	3	0	이번에 누나랑 매형이랑 싸웠나 봐. 처음엔 별일 아니라고 생각했는데 생각보다 심각한 상황인 것 같더라고. 누나가 매형한테 이혼하자고 했다고 하더라고.	N	2022-09-13 08:54:11	2022-11-08 05:32:45
BE22017987	4	1	누나네 부부가 자기 롤모델이었잖아. 동경하던 부부였는데 이혼 이야기가 나오다니 자기가 많이 슬프겠네. 왜 갑자기 이혼이야기가 나온 거야?	N	2022-09-13 08:54:11	2022-11-08 05:32:45
BE22017987	5	0	그냥 사소한 말다툼이 번져서 감정 싸움이 되었나 봐. 늘 서로를 위하는 모습이 보기 좋았는데, 상황이 이렇게 극단으로 치달았다는게 믿기질 않아. 둘이 정말 이혼할까봐 걱정되고 슬퍼.	N	2022-09-13 08:54:11	2022-11-08 05:32:45
BE22017987	6	1	갑작스러운 상황에 많이 슬프겠지만 너무 마음 쓰지 마. 나는 자기가 힘든 모습을 보는 게 더 안타까워. 마음을 조금 내려놓고 있으면 괜찮을 거야.	N	2022-09-13 08:54:11	2022-11-08 05:32:45
BE22017987	7	0	내가 누나에게 연락을 해서 물어볼까? 나는 우리 누나도 좋지만 매형도 너무 좋은데, 매형을 잃게 될까 봐 슬프다. 매형이 우리 가족이 되고 나서 내가 많이 의지했거든.	N	2022-09-13 08:54:11	2022-11-08 05:32:45
BE22017987	8	1	자기가 매형을 친형처럼 따르는 거 나도 잘 알지. 그런데 둘의 일은 둘에게 맡기는 게 어떨까? 갈등의 원인을 나누어 가진 당사자끼리 해결할 수 있는 시간이 필요할 수 있잖아.	N	2022-09-13 08:54:11	2022-11-08 05:32:45
BE22017987	9	0	듣고 보니 내가 너무 내 슬픔만 생각했나보구나. 사실 지금 제일 힘든 사람은 두 사람일 텐데 말이야. 자기 말을 듣고보니 내 생각이 짧았던 것 같아.	N	2022-09-13 08:54:11	2022-11-08 05:32:45
BE22017987	10	1	자기가 누나네 부부를 많이 좋아하고 아끼잖아. 따뜻한 성격을 가진 자기의 마음을 누나네 부부도 충분히 알고 있을 거야. 자기가 슬퍼하면 두 분도 마음이 좋지 않을 테니 너무 슬퍼하지 마.	N	2022-09-13 08:54:11	2022-11-08 05:32:45
BE22017987	11	0	그러게, 자기가 그렇게 위로해주니 내 슬픔도 조금 옅어지는 것 같아. 아직 일어나지도 않은 일로 슬퍼하기보단 두 사람의 화해를 응원해야겠어.	N	2022-09-13 08:54:11	2022-11-08 05:32:45
BE22017987	12	1	그래, 자기가 그렇게 생각한다니 다행이야. 나도 누나네 부부가 부디 원만히 화해하기를 진심으로 바랄게. 아마 두 분은 워낙 금실이 좋으시니까 금방 화해하실 거야.	N	2022-09-13 08:54:11	2022-11-08 05:32:45
BE22017987	13	0	그렇겠지? 사실 내가 둘을 위해서 어떤 역할을 해야 한다고 생각했어. 근데 둘의 신뢰가 워낙 두터운 걸 아니까 굳이 내가 나설 필요가 없을 것 같다.	N	2022-09-13 08:54:11	2022-11-08 05:32:45
BE22017987	14	1	그래, 잘 생각했어. 시간을 가지고 기다리면 두 분에게서 좋은 소식이 들려오겠지. 두 분 화해하셨다고 하면 나에게도 알려 줘.	N	2022-09-13 08:54:11	2022-11-08 05:32:45
BE22017987	15	0	응, 그럼 넷이 식사 한번 같이하자.	Y	2022-09-13 08:54:11	2022-11-08 05:32:45
