id	utterance_id	utterance_type	utterance_text	terminate	regDate	updDate
BE22008471	1	0	고작 두어 달 만에 살이 많이 쪘어.	N	2022-07-13 06:45:53	2022-11-08 04:18:54
BE22008471	2	1	그래? 나는 못 느꼈는데 몸무게가 늘었구나.	N	2022-07-13 06:45:53	2022-11-08 04:18:54
BE22008471	3	0	응. 살이 찌면서 여러 불편함이 있다는 걸 몸으로 깨닫고 있어. 그중 가장 슬픈 건 자기가 200일 기념으로 선물한 반지가 맞지 않는다는 거지. 고작 석 달 만에 일어난 일이라는 게 말이 돼?	N	2022-07-13 06:45:53	2022-11-08 04:18:54
BE22008471	4	1	내가 보기에 자기는 지금도 충분히 사랑스럽지만 자기는 불편하고 힘들어서 예전으로 돌아가고 싶은 거야? 만약 그렇다면 내가 옆에서 도와줄게.	N	2022-07-13 06:45:53	2022-11-08 04:18:54
BE22008471	5	0	몸에 꼭 지니고 있는 아끼는 반지가 어느 날부터 더 이상 맞지 않게 된다는 거. 처음엔 부었나 했는데 여러 날이 지나도 맞지 않아서 끼고 다닐 수 없다는 것이 충격이야.	N	2022-07-13 06:45:53	2022-11-08 04:18:54
BE22008471	6	1	자기가 그 반지를 받고 앞으로 절대 빼지 않겠다고 했던 맹세가 떠올라. 그만큼 자기의 실망감이 얼마나 클지 충분히 이해가 돼. 자기의 마음이 편해질 수만 있다면 무엇이라도 도와주고 싶은 마음뿐이야.	N	2022-07-13 06:45:53	2022-11-08 04:18:54
BE22008471	7	0	응 몸무게 숫자가 변한 것보다 이게 더 받아들이기 힘들어서 눈물이 나. 이 반지를 끼기 위해서 살을 빼야 할 것 같아. 하루라도 빨리 예전처럼 손에 끼고 다니고 싶어 자기의 도움이 절실해.	N	2022-07-13 06:45:53	2022-11-08 04:18:54
BE22008471	8	1	자기가 이처럼 슬퍼하니 나도 마음이 아파 근데 살은 빼는 데 시간이 걸릴 거야. 몸을 상하면서까지 무리해서 살을 빼는 건 나도 바라는 바가 아니고. 급한 마음을 좀더 여유롭게 가져보면 어때?	N	2022-07-13 06:45:53	2022-11-08 04:18:54
BE22008471	9	0	생각해 보니 내가 너무 슬픔에 젖어 있느라 너무 조급했네. 자기가 감량을 도와준다는 데 조금씩 건강한 방법으로 노력해 볼게. 요즘 커플 요가 같은 것도 있다는 데 그런 건 어떨까?	N	2022-07-13 06:45:53	2022-11-08 04:18:54
BE22008471	10	1	자기가 마음을 다잡고 내 의견을 들어줘서 고마워 역시 현명한 우리 자기야. 상심이 큰 와중에도 지혜로운 마음이 빛을 발하는 모습이 사랑스럽다. 아 우리 회사 부근에 커플 요가 프로그램이 있는 가게가 있는데 어때?	N	2022-07-13 06:45:53	2022-11-08 04:18:54
BE22008471	11	0	나를 먼저 위해 주는 자기가 있으니 마음이 잔잔해져 오는 거야. 해결책을 찾았으니 어서 등록해서 열심히 해 보고 싶은 마음이 샘솟는 거 있지? 진작 자기에게 고민을 털어놓을 걸 하는 후회도 들고.	N	2022-07-13 06:45:53	2022-11-08 04:18:54
BE22008471	12	1	자기가 이렇게 내가 선물한 반지에 대해 애착을 가지니 나는 가슴 뭉클할 만큼 고마워. 그리고 자기가 이렇게 속앓이하는 것도 미리 몰라줘서 미안하고. 앞으로는 더 센스있는 애인이 되도록 노력할게.	N	2022-07-13 06:45:53	2022-11-08 04:18:54
BE22008471	13	0	이렇게 다정하게 챙겨주는 마음에 반해서 자기의 소소한 모든 선물이 소중하고 애틋한 거지. 이와 이렇게 된 거 건강과 몸매 두 가지를 챙겨 볼 거야.	N	2022-07-13 06:45:53	2022-11-08 04:18:54
BE22008471	14	1	이렇게 사랑스럽게 표현하는 자기니까 사랑하지 않을 수가 없는걸. 그러니 앞으로 혹시 마음 아프거나 힘든 일 있으면 바로 얘기 해줘. 함께 고민하고 해결 하고 싶어 해결이 안 되는 일이라면 함께 아파하고 싶어.	N	2022-07-13 06:45:53	2022-11-08 04:18:54
BE22008471	15	0	고마워 너무나. 내 마음에 깊이 공감해 줘서 얼마나 마음이 편안해졌는지 몰라. 이제야 마음이 놓여.	N	2022-07-13 06:45:53	2022-11-08 04:18:54
BE22008471	16	1	나도 고마워 늘 곁에 있어 주어서. 자기가 마음 놓인다니 내 마음도 포근해진다. 이따 봐요.	Y	2022-07-13 06:45:53	2022-11-08 04:18:54
