id	utterance_id	utterance_type	utterance_text	terminate	regDate	updDate
BE22017351	1	0	자기, 나 운전면허증 따려고 기능 시험 봤는데 떨어졌어. 또다시 도전했지만 결국 실패했어. 초반에 잘했는데 마지막에 점수가 다 깎여서 결국 합격을 못 하게 되니 너무 슬퍼.	N	2022-09-07 06:07:08	2022-09-07 06:07:08
BE22017351	2	1	자기 그동안 열심히 했던 걸 내가 알고 있어서 그런지 내가 다 속상할 정도야. 우리 자기 노력 많이 했는데 성과를 보지 못해서 참 슬프겠다. 나였어도 기운 없고 온종일 울적했을 것 같아.	N	2022-09-07 06:07:08	2022-11-08 05:14:49
BE22017351	3	0	또 실패해서 기운 없어서 끼니도 거르고 방에 누워 있기만 해. 이번엔 정말 성공할 줄 알고 도전한 건데, 실패해서 슬픔이 더 큰 것 같아.	N	2022-09-07 06:07:08	2022-11-08 05:14:49
BE22017351	4	1	자기 이렇게 슬퍼하고 있는데 내가 옆에 있어 주지 못해서 미안해. 하지만 그 정도야 우리 아무렇지 않게 이겨낼 수 있잖아. 난 자기가 금방 극복할 수 있을 거라고 믿어 의심치 않아!	N	2022-09-07 06:07:08	2022-11-08 05:14:49
BE22017351	5	0	아냐, 너무 슬퍼서 아무것도 못 하겠어. 남들은 다 쉽게 통과한다고 하는데 난 왜 번번이 실패할까? 그냥 나는 애초 차를 끌고 다니면 안 되는 사람인가 봐.	N	2022-09-07 06:07:08	2022-11-08 05:14:49
BE22017351	6	1	아무래도 이번엔 상심이 커서 금방 진정을 할 수 없겠구나. 그래도 자기야, 그게 마지막이라고 생각하지 않았으며 좋겠어. 다음에 또 할 수 있는 기회가 있으니까 말이야!	N	2022-09-07 06:07:08	2022-11-08 05:14:49
BE22017351	7	0	이렇게 또다시 실패한 걸 보면 나중에 도전한다고 해도 달라지지 않을 거야. 그래서 이제 그냥 놓아버리려고 해. 이런 실패의 슬픔을 더 이상 겪고 싶지 않아.	N	2022-09-07 06:07:08	2022-09-07 06:07:08
BE22017351	8	1	도전했을 때 성공하면 좋은 거지만, 실패는 실패를 통해 배울 수 있는 게 있잖아. 실패했다고 해서 인생이 끝난 것도 아니니 본인의 능력에 대한 회의감을 가지면서 낙담하지 않았으며 좋겠어. 크게 보면 그게 인생에 차지하는 비중도 적잖아, 다음엔 분명 성공할 거야!	N	2022-09-07 06:07:08	2022-11-08 05:14:49
BE22017351	9	0	자기 말처럼 그럼 한 번 더 도전해볼까? 근데 내가 계속 시험에 떨어지니까 마음이 진정이 안 돼.	N	2022-09-07 06:07:08	2022-09-07 06:07:08
BE22017351	10	1	실패는 나를 되돌아보고, 깨닫게 해주는 경험이라 생각하고 마음 잘 추슬렀으며 좋겠어. 실패는 다음을 위한 발판이니까 나쁜 거라고 생각하지 않기를 바랄게! 천재 발명가 에디슨도 한 번의 발명을 위해 몇백 번을 실패했다고 하잖아.	N	2022-09-07 06:07:08	2022-11-08 05:14:49
BE22017351	11	0	자기가 그렇게 말해주니까 위로가 된다. 맞아, 그렇게 천재적인 사람도 실패의 쓴맛을 봤는데 나도 쉽게 좌절할 수는 없지. 자기 덕분에 다시 힘이 나기 시작했어!	N	2022-09-07 06:07:08	2022-11-08 05:14:49
BE22017351	12	1	금방 기운 차려서 다행이야. 아마 인터넷에 검색하면 성공 팁을 적어 놓은 글들이 있을 거야. 그러니 우리 이번에는 더 준비하고 한 번 다시 도전해보자!	N	2022-09-07 06:07:08	2022-11-08 05:14:49
BE22017351	13	0	응, 북돋아 줘서 고마워! 자기 말대로 잘 찾아보고 다시 도전해볼게! 합격하면 자기 덕분이라 생각할 거야.	N	2022-09-07 06:07:08	2022-11-08 05:14:49
BE22017351	14	1	아냐, 그건 다 자기가 노력했기 때문이겠지. 그러니 우리 다음 성공을 위해 최선을 다해보자!	N	2022-09-07 06:07:08	2022-11-08 05:14:49
BE22017351	15	0	응, 다음 시험을 위해 다시 또 접수를 해봐야겠어. 응원해줘서 정말 고마워!	Y	2022-09-07 06:07:08	2022-09-07 06:07:08
