id	utterance_id	utterance_type	utterance_text	terminate	regDate	updDate
BE22019490	1	0	나 이 속도로 작업하다간 저녁도 굶을 것 같아. 며칠째 집중도 제대로 못 하고 이러고 있네. 밥도 제대로 못 챙겨 먹고 있는 게 조금 서러워.	N	2022-09-21 13:16:51	2022-09-21 13:16:51
BE22019490	2	1	연말마다 일이 너무 바빠서 큰일이다. 올해도 일이 많이 몰리는 바람에 피곤하고 지쳐서 그런 거지?	N	2022-09-21 13:16:51	2022-11-08 05:25:58
BE22019490	3	0	응, 직업 특성상 연말·연초에 외주가 많이 몰리잖아. 이 시기엔 평소보다 일이 많고 피곤해져서 능률이 계속 떨어지나 봐.	N	2022-09-21 13:16:51	2022-11-08 05:25:58
BE22019490	4	1	점심도 바빠서 대충 때웠다고 하지 않았어? 매일 밥도 제대로 못 챙겨 먹고 일하다가 영양실조가 오진 않을까 걱정돼. 오늘 해야 할 일이 많이 남은 거야?	N	2022-09-21 13:16:51	2022-11-08 05:25:58
BE22019490	5	0	계획해둔 대로 마쳐야 모든 스케줄을 소화할 수 있어. 그러려면 저녁을 건너뛰어야 할 수도 있을 것 같아서 슬프네.	N	2022-09-21 13:16:51	2022-11-08 05:25:58
BE22019490	6	1	자기가 슬픈 것도 이해가 가. 다 먹고살자고 하는 짓인데, 일에 치여서 끼니도 제대로 못 챙기잖아. 한국인은 밥심이라는 말도 있을 만큼 일에 있어서 밥이 얼마나 중요한데.	N	2022-09-21 13:16:51	2022-11-08 05:25:58
BE22019490	7	0	자기 말처럼 어느 순간 주객전도가 된 것 같아서 슬퍼. 이런 생각이 드니까 슬퍼져서 능률이 더 떨어지는 것 같기도 하네.	N	2022-09-21 13:16:51	2022-09-21 13:16:51
BE22019490	8	1	일에 파묻혀 살다 보면 그런 감정을 느끼는 게 당연해. 그래도 자기에게 일이 쏟아진 이 상황을 돌이켜 봐봐. 자기가 그만큼 뛰어난 프리랜서라는 걸 반증하고 있잖아, 대단한 사람이라는 거지.	N	2022-09-21 13:16:51	2022-11-08 05:25:58
BE22019490	9	0	그 말도 맞지만, 밥도 못 먹고 일에 집중하려니까 자꾸 잡생각이 나는 것 같아. 굶으면서 일해야한다는 슬픔이 오히려 악순환을 만드는 걸까? 이젠 이 많은 일들을 내가 감당할 수 있을지조차 의심이 돼.	N	2022-09-21 13:16:51	2022-11-08 05:25:58
BE22019490	10	1	심적으로도 체력적으로도 지치고 슬퍼서 부정적인 생각이 들 수 있어. 하지만 그런 이유로 자기의 실력과 자질에 대해서 의심하지는 마. 자기는 단한순간도 허투루 일한 적 없었고, 늘 멋진 결과물을 만들어냈잖아.	N	2022-09-21 13:16:51	2022-11-08 05:25:58
BE22019490	11	0	그래, 자기 말을 들으니까 눈이 번쩍 뜨인다. 밥도 제대로 안 챙겨 먹고 몽롱한 상태에서 일하다 보니 자기 연민이 비하로 이어졌나 봐. 이렇게 우울해할 시간에 밥이라도 한술 더 떠서 힘을 내야겠어.	N	2022-09-21 13:16:51	2022-11-08 05:25:58
BE22019490	12	1	좋은 생각이야, 완벽하게 잘 해내고 싶다는 생각에 부담스러웠던 걸 수도 있어. 밥 먹고 한숨 돌리다 보면 마음에도 다시 여유가 생길 거야. 자기는 할 수 있어.	N	2022-09-21 13:16:51	2022-11-08 05:25:58
BE22019490	13	0	나보다도 나를 믿어주려고 해서 고마워. 매번 자기 덕에 다시 힘을 내서 일하는 것 같네.	N	2022-09-21 13:16:51	2022-11-08 05:25:58
BE22019490	14	1	스스로가 의심되고 지치면 언제든지 연락해 줘. 그럴 때마다 자기가 얼마나 대단한 사람인지 일깨워 줄게. 끼니 거르지 말고 잘 챙겨 먹으라는 잔소리는 덤이야.	N	2022-09-21 13:16:51	2022-11-08 05:25:58
BE22019490	15	0	귀엽게 잔소리해줘서 고마워. 자기가 응원해 주고 있다는 사실 잊지 않고, 밥 잘 챙겨 먹고 속도를 내볼게.	Y	2022-09-21 13:16:51	2022-09-21 13:16:51
