id	utterance_id	utterance_type	utterance_text	terminate	regDate	updDate
BE22000655	1	0	오늘 날씨가 꽤 덥지 않아?	N	2022-06-13 06:31:18	2022-11-08 03:28:30
BE22000655	2	1	그러게. 이제 진짜 여름이 다가왔나 봐.	N	2022-06-13 06:31:18	2022-11-08 03:28:30
BE22000655	3	0	이런 한 여름에도 긴팔을 입어야 한다는 게 너무 싫다.	N	2022-06-13 06:31:18	2022-11-08 03:28:30
BE22000655	4	1	그러고 보니 이렇게 더운데 왜 긴팔 입고 있어?	N	2022-06-13 06:31:18	2022-11-08 03:28:30
BE22000655	5	0	나 햇빛 알레르기가 있어. 그래서 한 여름에도 긴팔을 입어야 해.	N	2022-06-13 06:31:18	2022-11-08 03:28:30
BE22000655	6	1	정말? 몰랐던 사실이야. 그동안 너무 힘들었겠다.	N	2022-06-13 06:31:18	2022-11-08 03:28:30
BE22000655	7	0	우리가 사귀기 시작한 게 작년 겨울이니까 몰랐겠지. 아무튼 그래서 난 여름이 싫어.	N	2022-06-13 06:31:18	2022-11-08 03:28:30
BE22000655	8	1	여름마다 너무 고생했겠는걸. 내가 다 마음이 아프네.	N	2022-06-13 06:31:18	2022-11-08 03:28:30
BE22000655	9	0	마음이 좀 힘들어. 여름에 나 만나는 사람들은 내 알레르기 때문에 실외 활동을 못하니까.	N	2022-06-13 06:31:18	2022-11-08 03:28:30
BE22000655	10	1	그런 상황에도 남을 배려하는 너의 마음이 너무 예쁘다. 괜찮아. 다들 이해할 거야.	N	2022-06-13 06:31:18	2022-11-08 03:28:30
BE22000655	11	0	그랬으면 좋겠어. 여름에는 그래서 사실 약속도 잘 안 잡아.	N	2022-06-13 06:31:18	2022-11-08 03:28:30
BE22000655	12	1	나는 너라면 무조건 다 이해하니까 나랑은 자주 만나줘야 해! 알았지?	N	2022-06-13 06:31:18	2022-11-08 03:28:30
BE22000655	13	0	하하하, 당연하지! 나 요즘 너만 만난다고 친구들이 투덜거릴 정도야.	N	2022-06-13 06:31:18	2022-11-08 03:28:30
BE22000655	14	1	어? 웃었다. 기분이 풀린 거 같아서 다행이야. 우리 더우니까 시원한 거라도 먹으러 가자.	Y	2022-06-13 06:31:18	2022-11-08 03:28:30
