id	utterance_id	utterance_type	utterance_text	terminate	regDate	updDate
BE22016302	1	0	자기야, 나 아침에 거울을 봤는데 내 모습을 보고 너무 슬퍼서 말이 안 나와.	N	2022-08-30 01:20:12	2022-08-30 01:20:12
BE22016302	2	1	왜 그래, 무슨 일인데 아침부터 이렇게 속상해 보여.	N	2022-08-30 01:20:12	2022-08-30 01:20:12
BE22016302	3	0	속눈썹 연장 시술을 자주 받아서 그런지 숱이 많이 줄었어. 화장할 때 제일 중요하게 생각하는 곳이 속눈썹인데 얼마나 속상하고 서글픈지 몰라.	N	2022-08-30 01:20:12	2022-08-30 01:20:12
BE22016302	4	1	얘기로 듣는 나도 이렇게 속상한데 자기는 얼마나 슬플지 감히 상상도 못 하겠어. 슬퍼하는 자기를 생각하니 너무나 안타깝다.	N	2022-08-30 01:20:12	2022-11-08 05:08:28
BE22016302	5	0	반 이상이 빠져버려서 연장도 못 하는 지경이고, 다시 자랄 때까지는 아무것도 할 수가 없어. 하필 또 다음 주에 중요한 면접이 있는데 이 현실이 너무 슬프고 비통할 뿐이야.	N	2022-08-30 01:20:12	2022-11-08 05:08:28
BE22016302	6	1	지금 당장은 힘들고 속상한 거 충분히 이해해. 이럴수록 잘 될 거란 마음으로 굳게 다짐하면서 버텨내면 반드시 긍정적인 쪽으로 바뀔 거야. 자기가 그럴 수 있도록 용기를 냈으면 좋겠어.	N	2022-08-30 01:20:12	2022-11-08 05:08:28
BE22016302	7	0	정말 그럴 수 있을까? 아직은 이 슬픔이 가시지 않아서 잘 이겨낼 수 있을지 자신도 없어. 어떻게 해야 할지 머릿속이 새까맣고 의욕도 생기지 않아.	N	2022-08-30 01:20:12	2022-08-30 01:20:12
BE22016302	8	1	원래 슬픔이 클수록 잊히기까지는 충분한 시간이 필요하잖아. 그리고 면접은 외모보다는 능력을 더 중요하게 생각하기 때문에 자기는 꼭 합격할 수 있을 거야. 자기는 그 누구보다 커리어가 대단한 사람이잖아, 그러니 용기를 가져!	N	2022-08-30 01:20:12	2022-11-08 05:08:28
BE22016302	9	0	자기의 말처럼 면접관들도 그런 걸 알아줬으면 좋겠다. 내가 제일 중요하게 생각하는 게 없어진 기분이라 자신감도 좀 사라지는 거 같아서 너무 슬프네.	N	2022-08-30 01:20:12	2022-08-30 01:20:12
BE22016302	10	1	분명 그분들도 자기의 능력과 진심을 느낄 수 있을 거야. 마음을 편히 먹고 면접에서 합격할 거란 굳은 마음을 가지고 자기의 능력을 충분히 뽐냈으면 좋겠어.	N	2022-08-30 01:20:12	2022-11-08 05:08:28
BE22016302	11	0	자기의 말을 듣고 보니 내가 너무 나약한 생각만 했던 거 같네. 덕분에 마음이 놓이는 거 같고 면접에서 합격할 수 있다는 용기도 생긴 거 같아.	N	2022-08-30 01:20:12	2022-11-08 05:08:28
BE22016302	12	1	내 말에 이렇게 금방 기운 차리는 모습을 보여주니 정말 다행이고 내가 다 안심이 된다. 그런 마음가짐이라면 자기는 꼭 이겨낼 수 있을 거야.	N	2022-08-30 01:20:12	2022-11-08 05:08:28
BE22016302	13	0	내 얘기에 진심으로 공감해 주고 응원의 말들까지 해줘서 정말 고마워. 참 마음이 따뜻해지면서 보람된 시간이었어. 앞으로도 어떤 힘든 일이든 잘 헤쳐 나갈 수 있을 것만 같아.	N	2022-08-30 01:20:12	2022-11-08 05:08:28
BE22016302	14	1	고맙기는! 그렇게 말해주니 오히려 내가 더 고맙네. 아무쪼록 면접도 잘 보고 잘 이겨내서 웃는 얼굴로 볼 수 있으면 좋겠다.	N	2022-08-30 01:20:12	2022-11-08 05:08:28
BE22016302	15	0	응, 나도 그럴 수 있도록 조언대로 용기 내서 노력해 볼게. 면접 준비 열심히 할게!	Y	2022-08-30 01:20:12	2022-11-08 05:08:28
