id	utterance_id	utterance_type	utterance_text	terminate	regDate	updDate
BE22014087	1	0	자기야, 환절기가 되니 마음이 자꾸 슬퍼지는 것 같아. 봄이 오면 수분이 부족한 탓인지 피부가 많이 건조해지거든. 거친 피부를 바라보면 속상하고 우울한 마음이 들어.	N	2022-08-13 12:25:40	2022-08-13 12:25:40
BE22014087	2	1	봄이 찾아왔는데, 자기는 피부 때문에 힘들어하고 있었구나. 자기 모습을 떠올리니 나도 어깨가 축 처지고 기운이 하나도 없어.	N	2022-08-13 12:25:40	2022-11-08 04:54:40
BE22014087	3	0	피부가 건조해지면 몹시 당기고 간지럽기도 해서 정말 속상해. 온몸에 하얗게 각질이 일어난 걸 보고 있으면 눈물이 날 것 같아.	N	2022-08-13 12:25:40	2022-08-13 12:25:40
BE22014087	4	1	난 얼굴에 여드름 하나만 생겨도 울적한 마음이 들거든. 자기가 그렇게 슬퍼하는 것도 너무나 당연해.	N	2022-08-13 12:25:40	2022-11-08 04:54:40
BE22014087	5	0	지난주에는 엄마와 함께 피부과에 다녀왔는데, 괜히 미안한 마음이 들었어. 내가 관리를 잘하지 못한 것 같아서 속상한 마음도 많이 들고.	N	2022-08-13 12:25:40	2022-11-08 04:54:40
BE22014087	6	1	자기가 자책하는 모습을 보니 나도 서글픈 마음이 들고 속상해. 자기 잘못이 아니니 그렇게 슬퍼하지 않았으면 좋겠어.	N	2022-08-13 12:25:40	2022-08-13 12:25:40
BE22014087	7	0	다음 달 여의도 벚꽃 축제에 자기와 가고 싶었는데, 그럴 수 없을 것 같아서 우울해. 다른 사람들은 괜찮은데, 나만 건조한 피부 때문에 고생한다는 생각이 들면 외로움이 들기도 하고.	N	2022-08-13 12:25:40	2022-08-13 12:25:40
BE22014087	8	1	자기가 이렇게 슬퍼하는 모습은 처음 보는 것 같아. 무슨 말로 위로해 줘야 할지 몰라 안타까운 마음이 들어.	N	2022-08-13 12:25:40	2022-08-13 12:25:40
BE22014087	9	0	오늘 아침에 일어나니, 이불에 각질이 하얗게 묻어 있는 걸 보니 서글펐어. 피부약을 발라도 좋아지지 않는 걸 보니 한숨만 나와.	N	2022-08-13 12:25:40	2022-11-08 04:54:40
BE22014087	10	1	자기 이야기를 들으니 내 마음이 미어지는 것 같아. 자기를 위로할 수 있다면 뭐라도 해 주고 싶은 심정이야.	N	2022-08-13 12:25:40	2022-08-13 12:25:40
BE22014087	11	0	이제는 봄이 와도 설레지지 않고 피부 때문에 걱정이 이만저만이 아니야. 점점 더 예민해지는 피부를 보니, 일할 의욕마저 생기지 않아서 슬퍼.	N	2022-08-13 12:25:40	2022-08-13 12:25:40
BE22014087	12	1	너무 슬퍼하는 자기 마음을 내가 조금이라도 위로해 주고 싶어. 자기는 누구보다도 성격이 밝고, 환한 미소를 잃지 않는 사람이잖아. 그러니 자기가 너무 슬퍼하지 말고, 얼른 기운 냈으면 좋겠어.	N	2022-08-13 12:25:40	2022-11-08 04:54:40
BE22014087	13	0	자기가 그렇게 말해 주니 기운이 좀 나는 것 같아. 힘들어하는 나를 위로해 주고 격려해 줘서 정말 고마워, 자기야.	N	2022-08-13 12:25:40	2022-11-08 04:54:40
BE22014087	14	1	자기가 밝은 모습을 되찾은 것 같아서 정말 다행이야. 앞으로 좀더 신경 쓰면 좋아질 테니 너무 슬퍼하지 마. 내가 자기 곁에 있다는 거 잊지 말고. 알았지?	N	2022-08-13 12:25:40	2022-11-08 04:54:40
BE22014087	15	0	슬프고 힘들 때 자기가 이렇게 따뜻한 말로 위로해 줘서 정말 고마워. 자기처럼 느긋하고 편안한 사람이 곁에 있어서 정말 다행이야. 진심으로 감사하게 생각해, 자기야.	Y	2022-08-13 12:25:40	2022-08-13 12:25:40
