id	utterance_id	utterance_type	utterance_text	terminate	regDate	updDate
BE22003707	1	0	자기야, 왜 나에게 이런 일이 생긴 걸까?	N	2022-06-25 17:02:47	2022-11-08 03:48:18
BE22003707	2	1	무슨 일이야? 걱정이 많은 것 같아서 내 마음도 아프네.	N	2022-06-25 17:02:47	2022-11-08 03:48:18
BE22003707	3	0	열심히 준비한 프로젝트가 취소되어서 너무 슬퍼.	N	2022-06-25 17:02:47	2022-11-08 03:48:18
BE22003707	4	1	밤낮 열심히 준비했던 그 프로젝트 말이야? 오랫동안 노력해서 준비했는데 네가 아주 속상하겠어. 자기의 슬픔이 얼마나 클지 이해가 돼서 가슴이 아파.	N	2022-06-25 17:02:47	2022-11-08 03:48:18
BE22003707	5	0	응, 지금 너무 슬퍼서 아무 일도 할 수가 없어. 회사 사람들과 아주 오랫동안 힘을 합쳐 준비했는데 그 결과를 보여줄 기회가 사라졌어. 온종일 의욕도 없고 한숨만 나와.	N	2022-06-25 17:02:47	2022-11-08 03:48:18
BE22003707	6	1	그동안 프로젝트를 실행하기 위해 자기가 애를 쓴 만큼 그 슬픔이 큰 게 당연해. 갑자기 이런 일이 생겨서 네가 얼마나 당황스러울지 가늠도 안 돼.	N	2022-06-25 17:02:47	2022-11-08 03:48:18
BE22003707	7	0	내가 지금까지 한 노력이 다 헛수고가 된 것 같아서 마음이 먹먹해. 어차피 이렇게 될 줄 알았다면 하지 말 걸 그랬나, 하는 생각이 들어.	N	2022-06-25 17:02:47	2022-11-08 03:48:18
BE22003707	8	1	비록 프로젝트를 보여줄 수는 없지만, 자기가 노력해온 시간과 과정은 변치 않고 남아 있어. 치열하게 노력해온 모든 순간은 자기가 성장하는 데에 큰 밑거름이 될 거야. 갑작스러운 상황에 슬픔이 크겠지만, 네 열정과 노력을 자랑스럽게 여겼으면 좋겠어.	N	2022-06-25 17:02:47	2022-11-08 03:48:18
BE22003707	9	0	자기가 그렇게 말해줘서 힘이 나. 하지만 내가 새로운 프로젝트를 열심히 준비했을 때 또 이런 상황이 생기면 어떡하지?	N	2022-06-25 17:02:47	2022-11-08 03:48:18
BE22003707	10	1	아직 일어나지 않은 미래에 대해 너무 걱정하면 지금의 행복과 의미를 놓칠 수 있어. 그러니 부정적으로 생각하기보다는 긍정적으로 생각하며 힘내길 바라. 앞으로 어떤 일이 일어날지 장담할 수 없지만, 자기는 어떠한 어려움도 잘 이겨내리라 믿어.	N	2022-06-25 17:02:47	2022-11-08 03:48:18
BE22003707	11	0	고마워, 날 믿는다는 자기의 말이 마음에 참 와닿네. 시간이 지나면 언젠가 이 슬픔도 사라지고 잘 일어설 수 있겠지?	N	2022-06-25 17:02:47	2022-11-08 03:48:18
BE22003707	12	1	그럼, 자기는 힘든 상황 속에서도 잘 이겨내는 강한 사람인걸. 맡은 일을 열심히 해내며 최선을 다해 노력하는 자기가 정말 자랑스러워.	N	2022-06-25 17:02:47	2022-11-08 03:48:18
BE22003707	13	0	자기의 칭찬 덕분에 슬픈 마음이 사라지는 듯해. 자기 말처럼 내가 노력해 온 과정은 내 안에 남아 있다는 걸 기억할게. 힘을 내서 더 성장하는 멋진 사람이 되어야겠어!	N	2022-06-25 17:02:47	2022-11-08 03:48:18
BE22003707	14	1	자기가 기운을 되찾은 것 같아서 나도 마음이 놓인다. 지금 취소된 프로젝트도 언젠가 세상에 보여줄 기회가 분명히 있을 거야. 앞으로도 나는 항상 자기를 응원할게, 힘내!	Y	2022-06-25 17:02:47	2022-11-08 03:48:18
