id	utterance_id	utterance_type	utterance_text	terminate	regDate	updDate
BE22019153	1	0	자기야 뭐 하고 있어? 나 아까 친구들이랑 술 먹고 집 오는 길에 사고 치고 왔어. 너무 후회스럽게 슬퍼.	N	2022-09-20 17:53:23	2022-11-08 05:33:30
BE22019153	2	1	무슨 일이야? 사고를 쳤다니. 모르는 사람이랑 시비라도 붙은 거야?	N	2022-09-20 17:53:23	2022-09-20 17:53:23
BE22019153	3	0	아니 오늘 친구들 만나러 갈 때 차를 몰고 갔는데. 술 마시고 집이 바로 코 앞이여서 잠깐이면 되겠지 하고 운전했다가 단속에 걸렸어. 내가 왜 그랬는지 눈물만 나.	N	2022-09-20 17:53:23	2022-11-08 05:33:30
BE22019153	4	1	술은 많이 마신 거야? 그래도 자기는 원래 평소에 술을 많이 먹던 조금 먹던 무조건 대리 부르고. 착실하게 생활하는 사람이었잖아 어쩌다 그냥 운전한 거야.	N	2022-09-20 17:53:23	2022-11-08 05:33:30
BE22019153	5	0	술은 소주 두 잔밖에 안 마시긴 했는데. 나도 오늘 왜 그랬는지 모르겠어. 너무 후회가 돼. 너무 가깝기도 했고 그래서 운전했지만,지금 생각해 보면 너무 미련했던 것 같아.	N	2022-09-20 17:53:23	2022-11-08 05:33:30
BE22019153	6	1	면허 취소까지는 안 당했겠네 다행히도. 그래도 너무 기분이 안 좋았겠다. 	N	2022-09-20 17:53:23	2022-11-08 05:33:30
BE22019153	7	0	취소까지는 아니어도 정지니까 당분간은 차를 못 몰고 다닐 것 같아. 원래였으면 무조건 대리 부르는 건데 너무 가깝다는 게 유혹을 이기지 못했나 봐.	N	2022-09-20 17:53:23	2022-09-20 17:53:23
BE22019153	8	1	나였어도 집이 바로 앞이면 고민하고 몰고 갔을 것 같아. 누구든 그런 유혹은 뿌리치기가 힘드니까. 그래도 이번 일은 계기로 다시는 술 마시면 운전을 하지 말아야겠다는 생각이 들었잖아?	N	2022-09-20 17:53:23	2022-11-08 05:33:30
BE22019153	9	0	맞아 정말 다시는 술 마시고 운전 안 해야지. 아예 술자리가 있는 날에는 택시를 타고 가거나 차를 집에 두고 다녀야겠어.	N	2022-09-20 17:53:23	2022-09-20 17:53:23
BE22019153	10	1	그게 현명한 거야. 원래 자기는 착실하고 성실했으니까 사람은 누구나 실수 한 번쯤은 할 수 있어. 앞으로 다시 똑같은 실수만 하지 않으면 되니까 기운 내!	N	2022-09-20 17:53:23	2022-11-08 05:33:31
BE22019153	11	0	그렇게 말해줘서 고마워 자기야 진짜 이번 실수로 반성도 많이 하고 후회도 많이 했으니까. 똑같은 실수만 안 하도록 신경 쓰고 생활해야지.	N	2022-09-20 17:53:23	2022-09-20 17:53:23
BE22019153	12	1	기분도 안 좋을 텐데 우리 맛있는 거 먹으러 갈까? 술도 두 잔밖에 안 마셨으니까 바람 쐴 겸 나올 수 있겠어?	N	2022-09-20 17:53:23	2022-11-08 05:33:31
BE22019153	13	0	안 그래도 안주도 거의 안 먹고 와서 좀 출출하던 참이었는데 너무 좋아. 스트레스도 풀 겸 매운 거 먹으러 가자!	N	2022-09-20 17:53:23	2022-09-20 17:53:23
BE22019153	14	1	역시 매운 거 먹자고 할 줄 알았어. 전에 봐둔 매운 떡볶이집 하나 있는데 거기로 가자 내가 데리러 갈게.	N	2022-09-20 17:53:23	2022-09-20 17:53:23
BE22019153	15	0	우린 서로 매운 거 좋아하니까! 기다리고 있을게 천천히 와 자기야.	Y	2022-09-20 17:53:23	2022-09-20 17:53:23
