id	utterance_id	utterance_type	utterance_text	terminate	regDate	updDate
BE22016554	1	0	자기야, 나 너무 슬퍼. 이제 화요일에 무슨 낙으로 살지?	N	2022-08-30 15:11:27	2022-08-30 15:11:27
BE22016554	2	1	왜 그래? 그날이 무슨 날인데?	N	2022-08-30 15:11:27	2022-08-30 15:11:27
BE22016554	3	0	내가 좋아하는 클래식 프로그램하는 날인데 이제 방송 종영한대. 알지? 심야 방송이라 밤늦게까지 안 자고 기다리는 거.	N	2022-08-30 15:11:27	2022-11-08 05:10:02
BE22016554	4	1	아, 그럼. 잠꾸러기인 자기가 유일하게 늦게까지 깨어있는 시간인데. 너무 섭섭하고 슬프겠다. 자기 때문에 몇 번 따라봐서 그런지 나도 왠지 섭섭한데.	N	2022-08-30 15:11:27	2022-11-08 05:10:02
BE22016554	5	0	내가 이 프로그램은 처음 시작했을 때부터 봤기 때문에 자부심이 엄청 강했다고. 시청률이 낮아서 그런 건가? 그래도 이런 프로그램은 교양을 위해서 있어 줘야 하는 거 아니야?	N	2022-08-30 15:11:27	2022-11-08 05:10:02
BE22016554	6	1	그러게. 스태프들도 아쉽겠지만 그 누구보다 자기가 제일 아쉬울 것 같아. 긴 시간 동안 스태프들은 한 번씩 바뀌지 않았겠어? 자기는 일편단심 민들레였잖아. 무척 슬프지?	N	2022-08-30 15:11:27	2022-11-08 05:10:02
BE22016554	7	0	응. 종영 소식 듣고 한동안 멍했다니까. 당분간 화요일엔 너무 허전할 것 같아. 거기 내가 좋아하는 아티스트나 음악들도 많이 나와서 가장 좋아하는 프로그램이었는데.	N	2022-08-30 15:11:27	2022-08-30 15:11:27
BE22016554	8	1	자기가 처음 나한테 그 프로그램 보면서 설명해주는데 엄청나게 즐거워하더라. 나는 자기의 그런 모습이 해설가같이 엄청 멋있었어. 매력적인 사람이란 걸 또 한 번 느끼는 순간이었지.	N	2022-08-30 15:11:27	2022-11-08 05:10:02
BE22016554	9	0	이제는 그런 모습 보여줄 기회가 없어서 아쉽네. 나도 그 프로그램 덕분에 음악에 대해 더 많이 알게 돼서 좋았거든. 마음에 드는 연주가가 생기면 실제 콘서트장에도 가보고 선순환 역할을 했는데.	N	2022-08-30 15:11:27	2022-08-30 15:11:27
BE22016554	10	1	자기가 애정을 쏟는 프로그램이 끝나서 아쉽지만, 우리가 어떻게 할 수 없으니 그만 슬퍼하자. 대신 요즘 클래식에 접근할 수 있는 채널이 많으니까 잘 찾으면 자기도 예전처럼 좋아하지 않을까? 슬퍼하는 모습 보니까 나도 마음 아프잖아.	N	2022-08-30 15:11:27	2022-11-08 05:10:02
BE22016554	11	0	그러게. 자기가 이렇게 날 위해 애써주는 거 정말 고마워. 근데 당분간은 어떤 프로그램도 내 허전한 마음을 채워주진 못할 것 같아. 이 프로그램은 나에게 친정집 같은 기분이랄까?	N	2022-08-30 15:11:27	2022-11-08 05:10:02
BE22016554	12	1	알지. 나랑 데이트하다가도 화요일엔 빨리 들어갔잖아. 처음엔 서운했는데 나중에는 자연스럽게 이해가 되더라고. 자기가 독립적인 성격이라 내 취미생활도 터치 안 하고 개인 시간은 존중해 주니까 멋지더라.	N	2022-08-30 15:11:27	2022-11-08 05:10:02
BE22016554	13	0	그랬었구나. 난 연인 관계라도 각자의 시간은 필요하다고 생각하거든. 주위 친구들도 이해 못 하는 사람들 있는데 자기도 나랑 가치관이 맞아서 너무 좋아.	N	2022-08-30 15:11:27	2022-08-30 15:11:27
BE22016554	14	1	맞아. 나도 자기의 그런 독립적인 성격에 배운 점 많아. 이번에 종영하는 만큼 공개방송 내가 신청해 보면 자기 기분은 조금 나아질까? 마지막이니까 슬퍼도 자기에게 기억 남고 행복하게 해주고 싶어.	N	2022-08-30 15:11:27	2022-11-08 05:10:02
BE22016554	15	0	와, 정말? 자기 어떻게 그렇게 기특한 생각을 했어? 마지막 방송을 실제로 본다면 나 정말 웃으면서 보낼 수 있을 것 같아. 벌써 내 마음은 공개방송에 와 있는 기분이야.	N	2022-08-30 15:11:27	2022-11-08 05:10:02
BE22016554	16	1	나만 믿어. 자기가 웃을 수 있다면 뭐든 다 할 수 있으니까 방송국 갈 준비나 하고 있으라고.	N	2022-08-30 15:11:27	2022-11-08 05:10:02
BE22016554	17	0	김칫국 마시게 하지 마. 그래도 이렇게 신경 써줘서 정말 고마워.	Y	2022-08-30 15:11:27	2022-11-08 05:10:02
