id	utterance_id	utterance_type	utterance_text	terminate	regDate	updDate
BE22020206	1	0	자기, 나 괜히 빨래를 했나 봐. 지금 너무 후회돼.	N	2022-09-23 00:39:40	2022-11-08 05:28:46
BE22020206	2	1	무슨 일이길래 그래? 빨래하다가 뭐 잘못됐어?	N	2022-09-23 00:39:40	2022-11-08 05:28:46
BE22020206	3	0	옥상이 빨래를 널고 외출했는데 비가 쏟아지네. 안 그래도 하늘 보니까 비가 올 기미라 망설이다가 한 건데 지금 너무 후회돼.	N	2022-09-23 00:39:40	2022-11-08 05:28:46
BE22020206	4	1	저런, 정말 안타까운 일이야. 듣는 나도 이렇게 기분이 착잡한데 너는 오죽하겠니. 시간을 되돌리고 싶을 만큼 후회되겠다.	N	2022-09-23 00:39:40	2022-11-08 05:28:46
BE22020206	5	0	자기 말처럼 지금 내 심정이 딱 그래. 고민하다가 한 건데 너무 막심하게 후회가 돼. 괜히 빨래 한 것 같아서 울적하네.	N	2022-09-23 00:39:40	2022-09-23 00:39:40
BE22020206	6	1	나도 그 심정 알아. 나도 세차하고 나서 비 올 때 얼마나 서럽던지 눈물이 나올 뻔했었거든. 자기 지금 너무 속상하겠다.	N	2022-09-23 00:39:40	2022-11-08 05:28:46
BE22020206	7	0	응, 다음으로 미룰 걸 그랬나 봐. 괜히 오늘 빨래한다고 설쳤어. 아, 정말 후회되고 슬퍼서 기력이 없어.	N	2022-09-23 00:39:40	2022-09-23 00:39:40
BE22020206	8	1	세상에 후회 없는 삶은 없다는 말처럼 모두 다 살면서 한 번쯤 겪는 문제라 생각해. 후회만 하며 사는 것 같다는 생각이 든다면, 자신을 용서하는 법을 배우고, 앞으로 나아가자. 하루 종일 패배감에 젖어 있게 되면 희망만 잃게 되잖아.	N	2022-09-23 00:39:40	2022-11-08 05:28:46
BE22020206	9	0	하, 하늘이 낮인데도 어둡길래 비가 올까 싶긴 했었어. 근데 진짜 오겠나 싶어서 빨래 한 내 탓이야. 지금 밖이라 옷 걷지도 못하고 너무 후회돼.	N	2022-09-23 00:39:40	2022-11-08 05:28:46
BE22020206	10	1	후회는 미래에 더 좋은 방향으로 나아가기 위한 도구가 될 수 있어. 이번 기회를 통해 다음에 이런 일을 또 안 겪는 방법을 배웠다고 생각하자. 그것 때문에 네 소중한 하루를 망치지 말자고.	N	2022-09-23 00:39:40	2022-11-08 05:28:46
BE22020206	11	0	그렇게 말해주니 한결 기분이 나아져. 하긴 외출할 때만 해도 기분이 좋았는데 비가 와서 다운된 거였거든. 덕분에 다시 기분이 괜찮아졌어.	N	2022-09-23 00:39:40	2022-09-23 00:39:40
BE22020206	12	1	응, 나는 자기가 슬픔에 젖어있길래 뭐라도 기운을 주고 싶었어. 사람이 살다 보면 예상치 못한 일이 벌어지기도 하잖아. 그럴 땐 본인 탓 하지 말고 하늘이 장난을 쳤다고 여기자.	N	2022-09-23 00:39:40	2022-11-08 05:28:46
BE22020206	13	0	그러니까 한결 마음이 편해져. 하긴 날씨는 내가 어떻게 할 수가 없는 거잖아.	N	2022-09-23 00:39:40	2022-09-23 00:39:40
BE22020206	14	1	응, 그리고 이번 일이 다시는 되풀이 되지 않을 거야. 그러니 너무 후회하지 말고 기운 차렸으면 좋겠어.	N	2022-09-23 00:39:40	2022-11-08 05:28:46
BE22020206	15	0	응, 덕분에 기운 차렸어. 자기 위로 덕분이야!	Y	2022-09-23 00:39:40	2022-09-23 00:39:40
