id	utterance_id	utterance_type	utterance_text	terminate	regDate	updDate
BE22017544	1	0	자기야, 나 아까 동생이랑 밥 먹다가 같이 울어버렸어. 우리 집 강아지 어제 죽고 나서 다들 슬픈 감정 꾹 누르려고 노력했는데, 결국 밥 먹다가 터져버렸어. 너무 슬퍼!	N	2022-09-08 08:04:16	2022-11-08 05:16:02
BE22017544	2	1	함께 15년을 살았는데 어떻게 눈물이 안 나겠어, 가족이 별이 된 건데. 얼마나 가슴이 아팠을까 상상조차 안 돼. 동생도 너도 둘 다 얼마나 마음이 미어질까 생각하면 내 가슴이 다 아파.	N	2022-09-08 08:04:16	2022-11-08 05:16:02
BE22017544	3	0	정말 가슴이 찢어질 것 같아. 아직 강아지 죽고 나서 집 청소를 못했거든, 아까워서. 흔적들을 바로 정리 못했더니 식탁 밑에서 강아지 장난감이 나와 버린 거야.	N	2022-09-08 08:04:16	2022-11-08 05:16:02
BE22017544	4	1	그랬구나, 나라도 그런 상황이었다면 도저히 청소할 엄두도 안 날 것 같아. 아직 있을 것만 같은 그 느낌과 분위기가 청소하면 다 사라져버릴 것 같잖아. 그러면 너무 슬플 것 같아.	N	2022-09-08 08:04:16	2022-11-08 05:16:02
BE22017544	5	0	맞아, 그래서 청소는 고사하고 해야 할 일도 아무것도 못할 것 같아 연차 내버렸어. 동생도 나랑 똑같은 상태인가봐. 둘 다 서로한테 아무 말도 안 하고 참고 있었는데, 강아지 장난감을 발견해버려서 밥 먹다가 울음이 터진 거야.	N	2022-09-08 08:04:16	2022-11-08 05:16:02
BE22017544	6	1	잘했어, 그럴 때는 무리하게 회사에 나가면 일은 일대로 안 되고 가슴만 더 아플 거야. 슬플 때는 충분히 슬퍼하고 애도 기간을 필요한 만큼 가지는 게 자기에게도, 별이 된 가족에게도 예의일 거야. 슬픔을 억지로 참으려고 하지 말고 오늘처럼 표현했으면 좋겠어, 자기야.	N	2022-09-08 08:04:16	2022-11-08 05:16:02
BE22017544	7	0	응, 그렇게 하도록 노력해볼게. 내가 여러모로 아직 감정처리에 많이 미숙한가봐. 이 마음을 어떻게 풀어야 할지 모르겠어.	N	2022-09-08 08:04:16	2022-11-08 05:16:02
BE22017544	8	1	이별에 잘 대처하는 사람이 세상에 어디 있겠어? 누구든 그런 상황이라면 아플 뿐이지. 자기가 감정처리에 미숙한 게 아니라 그렇게 슬플 땐 누구나 그런 감정이 들 거야. 나도 머릿속으로 상상만 해보려고 해도 잘 상상이 안 가는걸.	N	2022-09-08 08:04:16	2022-11-08 05:16:02
BE22017544	9	0	부모님은 사실 강아지 어릴 때만 잠깐 보셔서 거의 모르셔서 괜찮으신데, 동생은 나보다 더 예뻐했거든. 동생도 너무 힘들어해, 난 얘가 제일 걱정이야.	N	2022-09-08 08:04:16	2022-09-08 08:04:16
BE22017544	10	1	동생은 또 동생 나름대로 이별을 잘하고 있을 거야, 모두에게 이별을 하는 방식도 시간도 다르니까. 그런 말이 있대, 하늘나라 가면 강아지가 주인 만나러 마중 나온다고. 그때를 생각하면서 우리 열심히 하루하루 살자.	N	2022-09-08 08:04:16	2022-11-08 05:16:02
BE22017544	11	0	응, 그렇게 할게, 자기야 정말 고마워. 그 말 들으니까 조금은 마음이 진정된다. 하늘에 있는 우리 강아지 다시 만날 때까지 정말 열심히 잘 살아야겠어, 창피하지 않게.	N	2022-09-08 08:04:16	2022-11-08 05:16:02
BE22017544	12	1	그래, 그렇게 하자! 자기 강아지 천국에서 자기 기다리면서 신나게 뛰어놀고 있을 거야. 자기도 그 생각하면서 강아지 추억 충분히 하고 애도한 다음 멋지게 다시 일상으로 돌아오자!	N	2022-09-08 08:04:16	2022-11-08 05:16:02
BE22017544	13	0	응! 자기 덕분에 힘이 좀 난다! 정말 고마워. 지혜로운 자기가 있어서 얼마나 다행인지 몰라.	N	2022-09-08 08:04:16	2022-11-08 05:16:02
BE22017544	14	1	고맙긴, 위로가 되었다니 너무 다행이야. 어깨가 필요하면 언제든 연락해.	Y	2022-09-08 08:04:16	2022-11-08 05:16:02
