id	utterance_id	utterance_type	utterance_text	terminate	regDate	updDate
BE22013150	1	0	자기야, 나 생각보다 시험을 못 쳤나 봐. 자꾸만 슬퍼져서 눈물이 나.	N	2022-08-04 07:21:15	2022-11-08 04:48:42
BE22013150	2	1	이번에 시험 점수 나왔어? 점수가 어떻길래 그래?	N	2022-08-04 07:21:15	2022-11-08 04:48:42
BE22013150	3	0	친구보다 낮은 성적이 나왔어. 내가 걔보다 열심히 공부했었는데 성적은 낮아서 우울해.	N	2022-08-04 07:21:15	2022-11-08 04:48:42
BE22013150	4	1	저런, 우울해질 수밖에 없겠다. 내가 자기였어도 슬펐을 것 같아. 열심히 했는데 그만큼의 대가가 따라온 게 아니잖아.	N	2022-08-04 07:21:15	2022-11-08 04:48:42
BE22013150	5	0	응, 이렇게 열심히 했는데 맨날 놀던 친구가 점수 높게 받으니 우울해 죽겠어. 너무 우울해서 모든 걸 자포자기하게 돼.	N	2022-08-04 07:21:15	2022-11-08 04:48:42
BE22013150	6	1	자기야, 그런 나쁜 생각하지 마. 가끔 세상이 마음대로 안 될 때가 있잖아. 그럴 때마다 포기하기보다는 오히려 더 기운 차리고 보란 듯이 열심히 하자고.	N	2022-08-04 07:21:15	2022-11-08 04:48:42
BE22013150	7	0	하지만 점수가 낮게 나오니까 기운도 없어지는걸. 우울해서 온몸에 힘도 안 들어가.	N	2022-08-04 07:21:15	2022-11-08 04:48:42
BE22013150	8	1	충격이 클 수밖에 없지만 그래도 힘내보자. 그 친구도 아마 뒤에서는 열심히 공부했을 거야.	N	2022-08-04 07:21:15	2022-11-08 04:48:42
BE22013150	9	0	하지만 열심히 해도 또 잘 안될 것 같아. 그렇게 생각하니 더 우울해져. 입맛도 없어지고 그래.	N	2022-08-04 07:21:15	2022-11-08 04:48:42
BE22013150	10	1	자기야, 타고난 사람이라고 해도 노력하는 사람을 이길 수 없어. 이번에 좌절했다고 모든 게 끝난 듯이 슬퍼해하지 마. 아직 우리에게 많은 기회가 남아 있는걸.	N	2022-08-04 07:21:15	2022-11-08 04:48:42
BE22013150	11	0	자기가 그렇게 말해주니까 기분이 한결 나아진다. 내가 너무 울적해 있었나 봐.	N	2022-08-04 07:21:15	2022-11-08 04:48:42
BE22013150	12	1	아무래도 가까이에 있는 사람과 자신을 비교할 수밖에 없지. 그래도 사람마다 각자 가지는 재능과 장점이 다르잖아. 그러니 자기도 자신감을 가져!	N	2022-08-04 07:21:15	2022-11-08 04:48:42
BE22013150	13	0	응, 그래야겠어. 그리고 다음에 더 열심히 해볼게!	N	2022-08-04 07:21:15	2022-11-08 04:48:42
BE22013150	14	1	응, 자신감을 가지고 다시 도전해 보자! 다음에는 더 좋은 결과가 나올 거야!	N	2022-08-04 07:21:15	2022-11-08 04:48:42
BE22013150	15	0	그렇게 말해줘서 고마워. 벌써 다음 시험 잘 본 느낌이야!	Y	2022-08-04 07:21:15	2022-11-08 04:48:42
