id	utterance_id	utterance_type	utterance_text	terminate	regDate	updDate
BE22015691	1	0	자기야, 부모님이 우리 결혼 자금으로 쓰라고 3천만원을 보태주셨어. 나 지금 눈물 나.	N	2022-08-25 08:28:28	2022-08-25 08:28:28
BE22015691	2	1	그래? 너무 감사하고 또 한편으로는 죄송스러운 마음이 들어. 자기는 지금 슬퍼서 그래?	N	2022-08-25 08:28:28	2022-11-08 05:04:38
BE22015691	3	0	부모님이 이 돈을 얼마나 힘들게 모으셨을까 생각이 들어서 그런 것 같아. 그리고 난 그동안 용돈도 많이 못 드렸는데 후회스럽기도 하고 슬퍼서 눈물이 나.	N	2022-08-25 08:28:28	2022-11-08 05:04:38
BE22015691	4	1	자기가 부모님 생각하는 마음이 정말 깊구나. 그런데 부모님께서도 기쁜 마음으로 주신 걸 테니까 너무 슬퍼하지 말았으면 좋겠어.	N	2022-08-25 08:28:28	2022-11-08 05:04:38
BE22015691	5	0	지난 번 내 친구 결혼 때 친구 부모님이 친구한테 집 마련해준 얘기를 괜히 했나 봐. 괜히 그 말이 신경쓰이셨나 싶고, 너무 후회되고 슬퍼. 얼마나 부담이 되셨을까.	N	2022-08-25 08:28:28	2022-11-08 05:04:38
BE22015691	6	1	괜히 자기 말 때문에 부모님이 힘드셨을까 봐 죄책감이 들고 마음이 무거운 거구나. 그런데 자기가 일부러 그런 것도 아닌데 너무 스스로를 원망하지 마. 자기가 힘든 걸 알면 부모님도 슬퍼하실 거야.	N	2022-08-25 08:28:28	2022-11-08 05:04:38
BE22015691	7	0	내가 이 돈을 정말로 받아도 되는 걸까? 난 부모님께 해드린 것도 없는데 그동안 못한 것만 생각나고 슬퍼서 받아도 될지 모르겠어.	N	2022-08-25 08:28:28	2022-11-08 05:04:38
BE22015691	8	1	후회스러운 마음보다는 앞으로 더 잘해드리겠다는 마음을 가지면 돼. 부모님께서는 자기가 이렇게 자라서 독립하고 결혼이라는 새로운 시작을 앞두고 있는 것만으로도 자기를 대견해하실 거야. 그러니 감사히 받고 오래 기억하는 게 슬픈 마음도 달래고, 자기한테도 더 좋을 것 같아.	N	2022-08-25 08:28:28	2022-11-08 05:04:38
BE22015691	9	0	자기 말을 들으니까 마음이 조금 편해지는 것 같아. 슬퍼하는 마음보다는 감사하는 마음이 나을 것 같아.	N	2022-08-25 08:28:28	2022-08-25 08:28:28
BE22015691	10	1	슬픔이 조금 덜어졌다니 이제 나도 마음이 좀 놓여. 자기가 그 돈에 담긴 부모님의 사랑을 아니까 더 찡한 마음이 들었을 거야. 이 감사한 마음을 오래 간직하고 그만큼 더 효도하면 돼.	N	2022-08-25 08:28:28	2022-11-08 05:04:38
BE22015691	11	0	자기 말이 맞아. 바보같이 슬프고 죄송한 마음만 들어서 고맙다는 말도 못 했어. 오늘 집에 가서 해야겠어.	N	2022-08-25 08:28:28	2022-11-08 05:04:38
BE22015691	12	1	좋은 생각이야. 후회하는 마음이 들지 않도록 지금이라도 표현 많이 해드리자. 나도 이제 한 가족으로서 장인 장모님께 아들처럼 잘할게.	N	2022-08-25 08:28:28	2022-11-08 05:04:39
BE22015691	13	0	자기 덕분에 이제 하나도 슬프지 않아. 오히려 부모님 사랑과 응원이 느껴져서 결혼 준비 더 잘 할 수 있을 것 같아.	N	2022-08-25 08:28:28	2022-08-25 08:28:28
BE22015691	14	1	자기가 기운을 차려서 나도 마음이 좋고 행복하다. 부모님이 보태주신 돈도 아껴서 잘 쓰자.	Y	2022-08-25 08:28:28	2022-11-08 05:04:39
