id	utterance_id	utterance_type	utterance_text	terminate	regDate	updDate
BE22002752	1	0	나는 진짜 남을 가르치는데 재능이 없나 봐.	N	2022-06-22 13:35:23	2022-11-08 03:42:11
BE22002752	2	1	에이 자기만큼 꼼꼼하게 신경 써주는 선생님이 어디 있다고 그래.	N	2022-06-22 13:35:23	2022-11-08 03:42:11
BE22002752	3	0	꼼꼼하기만 하면 뭐해. 내가 아무리 노력해도 학생한테 제일 중요한 성적이 안 올라서 걱정이 태산인걸.	N	2022-06-22 13:35:23	2022-11-08 03:42:11
BE22002752	4	1	이번에 과외 새로 시작한 친구 이야기야?	N	2022-06-22 13:35:23	2022-11-08 03:42:11
BE22002752	5	0	과외 시작한 지 벌써 두 달이 넘었거든. 근데 성적이 계속 제자리걸음이야. 학생이랑 부모님 뵙기가 너무 민망한 거 있지.	N	2022-06-22 13:35:23	2022-11-08 03:42:11
BE22002752	6	1	원래 수학이 한순간에 성적이 확 오르는 과목은 아니잖아. 다들 이해하고 기다리는 중일 테니 너무 신경 쓰고 걱정하지 마.	N	2022-06-22 13:35:23	2022-11-08 03:42:11
BE22002752	7	0	그래도 학생이 열심히 하는데 결과로 나타나지 않으니까 내가 다 힘이 빠지더라고. 나 말고 다른 선생님 만났으면 더 좋은 기회가 있었을 것 같아서 미안하기도 하고 말이야.	N	2022-06-22 13:35:23	2022-11-08 03:42:11
BE22002752	8	1	눈에 보이는 게 있어야 의욕이 생기지 그러지를 못하니 답답하겠다. 들인 노력에 비해서 성과가 지극히 미미한 거니 마음이 참 씁쓸하겠어.	N	2022-06-22 13:35:23	2022-11-08 03:42:11
BE22002752	9	0	맞아. 이제라도 내가 먼저 과외 못하겠다고 말하는 게 맞을까? 난 선생님으로서의 역할도 제대로 못하는걸.	N	2022-06-22 13:35:23	2022-11-08 03:42:11
BE22002752	10	1	기초를 탄탄하게 다지는 과정이라고 생각하자. 뭐든지 기초가 중요한데 자기가 꼼꼼하게 가르쳐 줬을 거 아니야. 그것만으로도 충분히 자기 역할 다 하고 있으니까 우울해하지 말고 기운 내.	N	2022-06-22 13:35:23	2022-11-08 03:42:11
BE22002752	11	0	자기가 이렇게 내 편 들어줘서 고맙네. 성적이 안 올라서 부모님이 어떻게 생각하실지는 모르겠지만.	N	2022-06-22 13:35:23	2022-11-08 03:42:11
BE22002752	12	1	뭔가 불만이 있으셨으면 진작 언질이라도 하셨겠지. 그런데 아무 말 없는 거 보면 학생 부모님도 자기를 신뢰하고 있는 걸 거야. 그러니까 자신감 가지고 당당하게 굴어.	N	2022-06-22 13:35:23	2022-11-08 03:42:11
BE22002752	13	0	그렇게 생각해도 될까? 너무 나 좋은 쪽으로만 생각한 것 같지만 말이야.	N	2022-06-22 13:35:23	2022-11-08 03:42:11
BE22002752	14	1	학생도 자기만 바라보고 있을 텐데 이렇게 기죽어 있지 마. 앞으로 잘 될 일만 남았으니 더 열심히 분발하면 되는걸.	N	2022-06-22 13:35:23	2022-11-08 03:42:11
BE22002752	15	0	알겠어. 자기랑 이야기해서 용기 많이 얻었어. 고마워. 다음 수업부터 준비를 더 철저히 해서 가야겠다.	Y	2022-06-22 13:35:23	2022-11-08 03:42:11
