id	utterance_id	utterance_type	utterance_text	terminate	regDate	updDate
BE22019369	1	0	자기야 내가 임시보호하던 길고양이 알지? 주말에 새 입양처로 보냈어. 1년이나 돌봐줬는데 헤어지게 돼서 너무 슬펐어.	N	2022-09-21 07:51:07	2022-11-08 05:34:12
BE22019369	2	1	자기가 늘 이야기하던 그 고양이 말이지? 너무너무 귀엽다고 평생 같이 할 거라고 하더니 어찌된 일이야?	N	2022-09-21 07:51:07	2022-09-21 07:51:07
BE22019369	3	0	입양을 전제로 했기 때문에 난 이미 가족이라고 생각하고 있었거든. 그런데 하반기부터 야근이 너무 잦아져서 고양이가 혼자 있는 시간이 길어졌거든. 고양이에게 우울증 증상이 보이길래 구조자와 상의를 해서 다른 곳으로 입양을 보내기로 결정한 건데 정말 너무 슬프다.	N	2022-09-21 07:51:07	2022-11-08 05:34:12
BE22019369	4	1	그런 일이 있었구나. 1년이나 함께했으니 가족이나 다름없었을 텐데 얼마나 슬플까. 내가 자기라도 너무 슬프고 마음이 아플 것 같아. 그래도 고양이의 행복을 위한 일이니까 힘내고 마음을 추스려야지.	N	2022-09-21 07:51:07	2022-11-08 05:34:12
BE22019369	5	0	주말에 구조하신 분이랑 같이 새로운 입양처에 데려다 주고 왔는데 혹시 고양이가 날 따라올까봐 걱정되더라고. 그래서 슬프지만 데려다준 후에 뒤도 돌아보지 않고 떠나왔어. 1년이나 돌봐줘놓고 내가 혹시 버렸다고 생각할까봐 너무 슬퍼.	N	2022-09-21 07:51:07	2022-09-21 07:51:07
BE22019369	6	1	자기가 이렇게 슬퍼하니까 내 마음도 너무 슬프고 아프다. 그래도 고양이가 당신이랑 있으면서 난생처음으로 따뜻함이 뭔지 알았을 거야. 그걸 생각하면서 슬픈 마음이 좀 나아지지 않을까?	N	2022-09-21 07:51:07	2022-11-08 05:34:12
BE22019369	7	0	고양이가 나와 지낸 몇 주 동안 우울증을 보였던 게 너무 슬퍼서 눈물이나. 내가 이럴려고 임시보호를 시작한 게 아니었는데. 끝까지 돌보지 못한 게 너무 미안하고 슬퍼.	N	2022-09-21 07:51:07	2022-11-08 05:34:12
BE22019369	8	1	당신이 평소에 보여준 사진 속 고양이 모습이 정말 행복해 보였어. 회사 업무가 많아지기 전까지는 주말에도 항상 고양이와 보내면서 최선을 다했잖아. 고양이도 당신 마음을 충분히 느꼈을 테니 너무 슬퍼하지 마.	N	2022-09-21 07:51:07	2022-11-08 05:34:12
BE22019369	9	0	고양이가 입양처 구석에 숨어서 한동안 나오지 않는대. 내가 끝까지 가족이 되어주어야 했는데 그러지 못해서 정말 너무 슬퍼. 내가 그저 다 잘못한 것만 같아.	N	2022-09-21 07:51:07	2022-11-08 05:34:12
BE22019369	10	1	고양이가 낯선 곳에 가서 적응할 시간이 필요했을 거야. 너무 걱정하지 말고 당신과 지낸 경험으로 실내생활에 잘 적응해서 예전보다 더 행복하게 지낼 거라고 생각해봐. 그럼 당신의 슬픈 기분이 조금이라도 나아질 거야.	N	2022-09-21 07:51:07	2022-11-08 05:34:12
BE22019369	11	0	고양이가 영역동물이라 낯선 곳에 적응할 시간이 필요하긴 해. 자기 말을 들으니까 슬픔이 좀 진정되는 것 같아. 내가 구석에 숨어서 안 나온다는 이야기에 감정이 너무 복받쳤던 것 같아.	N	2022-09-21 07:51:07	2022-11-08 05:34:12
BE22019369	12	1	충분히 그럴 수 있어. 나라도 1년이나 함께한 가족 같은 동물을 두고 떠나왔으면 당신과 같았을 거야. 많이 슬픈 심정이겠지만 입양처에서 고양이 소식도 자주 듣고 가끔 찾아가서 보기도 하면 괜찮을 거야.	N	2022-09-21 07:51:07	2022-11-08 05:34:12
BE22019369	13	0	자기 말을 들으니까 고양이가 잘 적응하고 난 후에 가끔씩 입양처에 들러야겠다는 생각도 들어. 정말 너무 슬펐는데 자기 이야기 덕분에 기분이 많이 나아졌어. 정말 고마워 자기야.	N	2022-09-21 07:51:07	2022-11-08 05:34:12
BE22019369	14	1	자기가 기분이 나아졌다니 나도 정말 기뻐. 앞으로도 슬픈 일이 있으면 나한테 꼭 이야기해줘. 곁에서 자기를 지키면서 슬픔을 함께 나누고 싶어.	N	2022-09-21 07:51:07	2022-11-08 05:34:12
BE22019369	15	0	꼭 그렇게 할게. 정말 고마워 자기야.	Y	2022-09-21 07:51:07	2022-09-21 07:51:07
