id	utterance_id	utterance_type	utterance_text	terminate	regDate	updDate
BE22018692	1	0	자기야, 나 오늘 친구랑 맛집 왔는데 순서 호명을 듣지 못해서 결국 못 먹게 되어 너무 슬퍼.	N	2022-09-18 01:41:06	2022-11-08 05:22:55
BE22018692	2	1	맛집 간다고 좋아하며 외출했잖아. 오랜 시간 기대하며 기다렸을 텐데 실망이 크겠다.	N	2022-09-18 01:41:06	2022-11-08 05:22:55
BE22018692	3	0	응, 꼭 먹어보고 싶었던 곳인데 호명하는 소리가 안 들렸어. 이거 먹으려고 멀리까지 왔는데 눈물이 앞을 가리네.	N	2022-09-18 01:41:06	2022-09-18 01:41:06
BE22018692	4	1	기대하던 걸 못 하면 느껴지는 슬픔이 상당하지. 나도 일부러 시간 내서 맛집 찾아갔었는데 휴일이었던 상황을 겪어봐서 그 슬픔을 이해해.	N	2022-09-18 01:41:06	2022-11-08 05:22:55
BE22018692	5	0	맛있게 먹으려고 아침도 거르고 왔는데 결국 못 먹게 되니 우울하다. 결국 다른 식당에서 밥 먹었는데 슬픈 마음에 무슨 맛인지도 모르겠더라.	N	2022-09-18 01:41:06	2022-11-08 05:22:55
BE22018692	6	1	자기가 기대가 컸던 만큼 상심이 컸나 보구나. 이런 날도 있는 거라고 생각하고 너무 슬퍼하지 마. 꼭 오늘만 날이 아니니까 다음에 먹을 기회가 있을 거야.	N	2022-09-18 01:41:06	2022-11-08 05:22:55
BE22018692	7	0	오늘 먹으려고 계획하고 왔는데 내 뜻대로 되지 않아서 슬퍼. 실패한 기분이 들어서 그런지 의욕을 상실한 마음이야.	N	2022-09-18 01:41:06	2022-09-18 01:41:06
BE22018692	8	1	실패를 다음의 기회를 위한 경험이었다고 생각해보면 어떨까? 오늘의 실패로 다음번엔 더 철저하게 대비할 수 있을 거야. 그리고 다음 기회에 성공한다면 느껴지는 기쁨이 배가 되지 않겠어?	N	2022-09-18 01:41:06	2022-11-08 05:22:55
BE22018692	9	0	다음에 성공한다는 보장이 있을까? 오늘도 이렇게 슬픈데 다음에도 실패하면 내가 느끼는 슬픔은 더 커질 것 같아.	N	2022-09-18 01:41:06	2022-09-18 01:41:06
BE22018692	10	1	오늘 맛집에서 경험했던 일을 바탕으로 더 경각심을 갖게 되지 않을까? 자기는 집중력이 높은 사람이니까 같은 실수는 하지 않을 거라고 생각해.	N	2022-09-18 01:41:06	2022-11-08 05:22:55
BE22018692	11	0	자기 말을 듣고 보니 그렇네. 기대하던 바가 커서 실패에 대한 실망감이 슬픔으로 느껴지게 되었었나 봐. 오늘 맛집을 가지 못한 게 다음을 위한 경험이었다고 생각하니 슬픔이 사라지는 것 같아.	N	2022-09-18 01:41:06	2022-11-08 05:22:55
BE22018692	12	1	그래, 다음에도 분명 기회가 있을 것이고 그땐 꼭 성공할 수 있을 거야. 너무 오늘을 아쉬워하며 슬퍼하지 않았으면 좋겠어.	N	2022-09-18 01:41:06	2022-11-08 05:22:55
BE22018692	13	0	사실 오늘 친구랑 경험해 보고 다음번엔 자기를 꼭 데려오고 싶었거든. 근데 그 계획이 실패하니 더 슬픔을 느꼈던 것 같아. 하지만 자기 말처럼 다음 기회에 성공하면 오늘보다 만족감이 더 클 것 같네.	N	2022-09-18 01:41:06	2022-11-08 05:22:56
BE22018692	14	1	그랬구나. 그럼 다음번엔 나랑 같이 가는 게 어때? 자기가 나에게 소개해주고 싶은 곳이라니 나도 기대된다. 같이 성공의 기쁨을 누려보자.	N	2022-09-18 01:41:06	2022-11-08 05:22:56
BE22018692	15	0	좋지. 나도 자기와 함께 먹으면 더 맛있을 것 같아 더 기대되네.	Y	2022-09-18 01:41:06	2022-11-08 05:22:56
