id	utterance_id	utterance_type	utterance_text	terminate	regDate	updDate
BE22004837	1	0	자기야, 벌써 내일이면 어버이날이야.	N	2022-06-28 15:15:36	2022-11-08 03:55:30
BE22004837	2	1	그러네. 자기도 어머님 뵈러 고향으로 갈 거지?	N	2022-06-28 15:15:36	2022-11-08 03:55:30
BE22004837	3	0	응, 가야지. 그런데 이제 고향에 가도 아버지가 안 계시다는 사실이 너무 슬퍼. 이제 낳아주셔서 감사하다는 말조차도 할 수가 없게 됐어.	N	2022-06-28 15:15:36	2022-11-08 03:55:30
BE22004837	4	1	나도 이렇게 마음이 쓰린데, 자기는 얼마나 슬프겠어. 자기가 아버님을 정말 많이 따랐잖아.	N	2022-06-28 15:15:36	2022-11-08 03:55:30
BE22004837	5	0	맞아. 나 어렸을 때, 존경하는 인물을 쓰라고 하면 항상 아버지를 썼어. 그 정도로 많이 좋아했는데 이제 볼 수 없다니 마음이 아파.	N	2022-06-28 15:15:36	2022-11-08 03:55:30
BE22004837	6	1	너무 사랑하기 때문에 그리운 마음도 클 것 같아.	N	2022-06-28 15:15:36	2022-11-08 03:55:30
BE22004837	7	0	얼마 전에는 대회에 나가서 큰 상도 탔잖아. 아버지께서 항상 응원해주시던 대회거든.	N	2022-06-28 15:15:36	2022-11-08 03:55:30
BE22004837	8	1	꼭 보여드리고 싶은 모습일 텐데 그럴 수 없어서 너무 슬프겠다. 하지만 분명 아버님께서는 하늘에서 자기를 지켜보며 기뻐하고 계실 거야.	N	2022-06-28 15:15:36	2022-11-08 03:55:30
BE22004837	9	0	그렇겠지? 이번 어버이날에는 아버지가 계신 납골당에 가서 상장을 보여드릴 거야. 그리운 마음을 담아서 편지도 써보려고 해.	N	2022-06-28 15:15:36	2022-11-08 03:55:30
BE22004837	10	1	좋은 생각이야. 그러면 너무 보고 싶은 마음도 한결 괜찮아지지 않을까?	N	2022-06-28 15:15:36	2022-11-08 03:55:30
BE22004837	11	0	맞아. 사실 오늘은 정말 눈물이 날 것 같았거든. 이런 마음을 편지에 담아볼래.	N	2022-06-28 15:15:36	2022-11-08 03:55:30
BE22004837	12	1	울고 싶을 때, 가끔은 시원하게 울어도 괜찮아. 내게 기대서 울어. 그리고 온 마음을 담아 편지를 쓰는 것도 좋지.	N	2022-06-28 15:15:36	2022-11-08 03:55:30
BE22004837	13	0	그렇게 말해줘서 고마워. 오늘의 슬픈 마음이 조금 안정되는 것 같아.	N	2022-06-28 15:15:36	2022-11-08 03:55:31
BE22004837	14	1	항상 내가 자기 곁에 있다는 걸 잊지 마.	Y	2022-06-28 15:15:36	2022-11-08 03:55:31
