id	utterance_id	utterance_type	utterance_text	terminate	regDate	updDate
BE22007951	1	0	엄마한테 당신과 헤어질 수 없다고 말했어.	N	2022-07-12 01:21:56	2022-11-08 04:15:34
BE22007951	2	1	어머니는 우리를 끝까지 인정하지 못하시지 않을까?	N	2022-07-12 01:21:56	2022-11-08 04:15:34
BE22007951	3	0	그래도 어쩔 수 없어. 내가 사랑하는 건 자기니까.	N	2022-07-12 01:21:56	2022-11-08 04:15:34
BE22007951	4	1	그러나 세상은 우리의 사랑을 인정하지 않아.	N	2022-07-12 01:21:56	2022-11-08 04:15:34
BE22007951	5	0	마음이 아파. 여자가 여자를 좋아하는 게 뭐 어때서. 물론 당연한 일은 아니지만.	N	2022-07-12 01:21:56	2022-11-08 04:15:34
BE22007951	6	1	소수의 사람이 한다고 나쁜 건 아니잖아. 사랑은 내 힘으로도 어쩔 수 없는 거야.	N	2022-07-12 01:21:56	2022-11-08 04:15:34
BE22007951	7	0	어제 내내 울어서 눈이 퉁퉁 부었어. 곡괭이로 마음을 긁어도 이 정도로 아프진 않을 것 같아. 엄마는 내가 동성애자라는 사실에 소리를 지르고 제정신이 아닌 것 같아.	N	2022-07-12 01:21:56	2022-11-08 04:15:34
BE22007951	8	1	자기가 아프면 나도 아파. 하지만 어쩌겠어. 한 번은 겪고 넘어갈 일이니 좀더 단단한 마음을 갖는 건 어떨까?	N	2022-07-12 01:21:56	2022-11-08 04:15:34
BE22007951	9	0	맞아. 지금처럼 세상에 알리고 떳떳하게 손잡고 다니는 게 나한테는 더 나. 사람들이 나에게 돌을 던지더라도 자기와 함께라면 괜찮아.	N	2022-07-12 01:21:56	2022-11-08 04:15:34
BE22007951	10	1	용기도 필요하고 쉽지 않은 일이지만. 당신만 내 곁에 있다면 나도 무엇이든 할 수 있어.	N	2022-07-12 01:21:56	2022-11-08 04:15:34
BE22007951	11	0	그 누구든 우리 사이를 갈라놓을 순 없어. 당신이랑 헤어지는 건 이 세상의 슬픈 일을 모두 모아놓은 것과 같아. 가장 감당하기 힘든 일이야.	N	2022-07-12 01:21:56	2022-11-08 04:15:34
BE22007951	12	1	내가 옆에 있을 거잖아. 그래도 우리가 손잡고 있다면 견딜 수 있으니 안 좋은 생각은 하지 말자. 너와 내가 있으면 우리가 되니까.	N	2022-07-12 01:21:56	2022-11-08 04:15:34
BE22007951	13	0	엄마만 좀 우리를 인정해줬으면 좋겠다. 세상 사람 모두가 우리를 욕해도 되는데 가족만큼은 우리 편이면 안 되는 걸까? 가시밭길을 걷듯 끊임없이 마음이 따끔거려.	N	2022-07-12 01:21:56	2022-11-08 04:15:35
BE22007951	14	1	자기가 아프다니 나도 아프다. 얼마 전에 과일을 깎다가 피가 났었어. 지금 꼭 그런 느낌처럼 마음이 저릿저릿하지만, 우리가 연결된 게 느껴져.	N	2022-07-12 01:21:56	2022-11-08 04:15:35
BE22007951	15	0	고마워. 자기가 나와 함께 슬픔을 견뎌줄 때마다 혼자가 아닌 느낌에 힘이 나. 난 우리의 사랑을 꼭 지키고 싶어!	Y	2022-07-12 01:21:56	2022-11-08 04:15:35
