id	utterance_id	utterance_type	utterance_text	terminate	regDate	updDate
BE22009339	1	0	자기야. 나 오늘도 우리 고양이가 할퀴어서 상처 났어. 고양이가 날 싫어하는 것 같아서 우울해.	N	2022-07-16 06:25:57	2022-11-08 04:24:29
BE22009339	2	1	상처는 괜찮아? 고양이는 아직 입양된 지 얼마 되지 않아서 낯설어서 그런 것 아닐까?	N	2022-07-16 06:25:57	2022-11-08 04:24:29
BE22009339	3	0	많이 다치지는 않았어. 그냥 고양이가 앞으로도 날 계속 싫어할까 봐 우울할 뿐이야.	N	2022-07-16 06:25:57	2022-11-08 04:24:29
BE22009339	4	1	자기가 고양이를 사랑하는 만큼 많이 우울할까 봐 걱정이다. 고양이가 집에도 적응하고 자기를 주인이라고 인식하면 마음을 열 테니 너무 걱정하지 마. 자기가 착하고 따뜻한 마음을 가진 사람이라는 건 동물도 본능적으로 느낄 거야.	N	2022-07-16 06:25:57	2022-11-08 04:24:29
BE22009339	5	0	고마워. 그 말이 위로되는 것 같아. 그런데 내가 주는 만큼 사랑을 돌려받지 못한다고 생각하니까 슬픈 건 어쩔 수 없어.	N	2022-07-16 06:25:57	2022-11-08 04:24:29
BE22009339	6	1	자기가 지금 무슨 마음일지 알아. 동물을 키울 때는 교감과 사랑이 가장 중요하니까, 자기가 우울함을 느끼는 것도 당연하지. 나라도 고양이가 날 거부한다고 생각하면 슬펐을 거야.	N	2022-07-16 06:25:57	2022-11-08 04:24:29
BE22009339	7	0	그러니까 말이야. 교감이 되지 않는 것 같아서 슬퍼. 혹시 내가 잘 못 키우고 있는 걸까?	N	2022-07-16 06:25:57	2022-11-08 04:24:29
BE22009339	8	1	그렇지 않아. 자기는 지금 충분한 사랑과 적절한 관심으로 고양이를 잘 키우고 있어. 자기 잘못이라고 생각하지 마.	N	2022-07-16 06:25:57	2022-11-08 04:24:29
BE22009339	9	0	나도 그렇게 생각하고 싶은데, 고양이가 날 자꾸 할퀴니까 날 싫어하는 것 같아. 내가 싫어할 만한 짓을 한 걸까 생각해 보면 우울해져.	N	2022-07-16 06:25:57	2022-11-08 04:24:29
BE22009339	10	1	자기가 왜 그렇게 생각하는지 그 마음은 이해하지만, 절대 자기 잘못이 아니야. 둘에게는 그저 시간이 필요할 뿐이야. 자기가 자책하는 것 같아 내가 너무 마음이 아프다.	N	2022-07-16 06:25:57	2022-11-08 04:24:29
BE22009339	11	0	그래도 자기가 그렇게 말해 주니까 상처받은 마음이 조금 위로되는 것 같아. 정말 고마워.	N	2022-07-16 06:25:57	2022-11-08 04:24:29
BE22009339	12	1	고맙긴. 나는 앞으로 시간이 흐르면 자기가 고양이랑 잘 지낼 수 있을 거라고 확신해. 그러니까 너무 우울해하거나 자책하지 않았으면 좋겠어. 자기의 따뜻하고 다정한 마음을 고양이도 반드시 알게 될 거야.	N	2022-07-16 06:25:57	2022-11-08 04:24:29
BE22009339	13	0	정말 고마워. 기분이 한결 가볍다! 이렇게 기분이 풀릴 줄 알았으면 진작 자기한테 이야기할 걸 그랬어.	N	2022-07-16 06:25:57	2022-11-08 04:24:29
BE22009339	14	1	앞으로 이런 이야기는 내게 언제든지 해도 좋아. 나도 자기가 키우는 고양이의 또 다른 주인이라는 책임감을 갖고, 열심히 이야기 들어줄게.	N	2022-07-16 06:25:57	2022-11-08 04:24:29
BE22009339	15	0	정말 고마워. 자기가 곁에서 그런 말을 해 주니까 슬픔도 다 씻겨내려 가는 것 같아.	Y	2022-07-16 06:25:57	2022-11-08 04:24:29
