id	utterance_id	utterance_type	utterance_text	terminate	regDate	updDate
BE22015744	1	0	자기야, 이 일을 어쩌지? 나 지금 너무 말도 안 되는 소식을 들어서 너무 슬퍼. 마음이 종일 진정이 되질 않아.	N	2022-08-26 00:21:30	2022-11-08 05:04:58
BE22015744	2	1	갑자기 무슨 일이 생긴 거야? 어떤 소식을 들었길래 그러는 거야? 나한테 다 털어놔 봐.	N	2022-08-26 00:21:30	2022-11-08 05:04:58
BE22015744	3	0	우리 아빠 예전부터 당뇨를 앓고 있었거든? 근데 우리 오빠도 당뇨 판정을 받았다는 소식을 오늘 아침에 엄마한테 들었어. 너무 걱정되고 슬퍼서 감정이 추슬러지지 않아.	N	2022-08-26 00:21:30	2022-11-08 05:04:58
BE22015744	4	1	형님도 당뇨병이라는 거야? 안 그래도 아버님도 몸이 안 좋으셔서 늘 자기가 걱정이 많았었잖아. 그런데 이렇게 형님까지 건강이 안 좋은 줄 몰랐어.	N	2022-08-26 00:21:30	2022-11-08 05:04:58
BE22015744	5	0	응. 아빠 때문에 우리 엄마가 엄청나게 고생했었거든. 아빠도 식단 관리나 이런 거 때문에 지금도 굉장히 고생하고 있고. 그래도 나랑 오빠는 건강해서 다행이라고 생각했는데 오빠까지 이렇게 아프다고 하니까 정말 하늘이 무너져내린 것 같아.	N	2022-08-26 00:21:30	2022-11-08 05:04:58
BE22015744	6	1	자기야, 나도 형님이 아프다는 소식 들으니 마음이 너무 아파. 그리고 슬퍼할 자기를 생각하니까 마음이 더 좋지 않고. 근데 형님도 자기가 이렇게 슬퍼하는 거 원하시지 않을 거야.	N	2022-08-26 00:21:30	2022-11-08 05:04:58
BE22015744	7	0	나는 오빠 엄청 건강한 줄 알았는데 그게 내 착각이었다는 게 너무 슬퍼. 안 그래도 방금 오빠랑 통화했었는데 아무렇지 않게 전화 받고 걱정하지 말라고 그러더라고. 오빠는 아무렇지 않아 하는 것 같은데 나만 난리인 것 같기도 하고. 싱숭생숭해.	N	2022-08-26 00:21:30	2022-11-08 05:04:58
BE22015744	8	1	내가 형님이었어도 동생이 나를 걱정하는 게 더 힘드니까 괜찮은 척 행동했을 것 같아. 그리고 자기 입장이면 당연히 슬프고 걱정되고 하지. 자연스러운 거니 자책하지 않았으면 좋겠어.	N	2022-08-26 00:21:30	2022-11-08 05:04:58
BE22015744	9	0	그렇겠지? 오빠도 내가 걱정하는 게 싫으니까 그렇게 말하는 것일 텐데 내가 계속 이렇게 슬퍼하면 오빠는 더 슬프겠지? 안 그래도 부모님께도 걱정을 끼친 것 같아서 오빠도 기분이 좋지는 않아 보이더라고. 나까지 괜히 오빠를 더 힘들게 하는 것 같네.	N	2022-08-26 00:21:30	2022-11-08 05:04:58
BE22015744	10	1	가족이 몸이 아프다는 소식 들으면 그 어떤 누구도 걱정하지 않을 수 없을걸? 걱정하는 건 너무나 당연한 일이야. 그러니까 기분이 안 좋은 것도 어찌 보면 당연한 일이야.	N	2022-08-26 00:21:30	2022-11-08 05:04:58
BE22015744	11	0	자기 말 듣고 있으니까 내가 지금 걱정해야 하는 게 아니라 오히려 응원해줘야겠다는 생각이 들었어. 나보다 당뇨 판정을 받은 오빠는 더 심란할 텐데 너무 내가 내 감정만 생각한 것 같아. 이렇게 생각하니까 이제 슬픈 게 좀 가라앉은 것 같아.	N	2022-08-26 00:21:30	2022-11-08 05:04:58
BE22015744	12	1	슬픈 감정이 조금은 진정되었다고 하니 다행이야. 지금 머릿속에 떠오르는 불안한 것들은 생각보다 쉽게 일어나지 않는 것들이야. 혹시 또 불안해지거나 하면 내가 계속 위로해줄게.	N	2022-08-26 00:21:30	2022-11-08 05:04:58
BE22015744	13	0	자기가 그렇게 말해주니까 너무 든든하다.	N	2022-08-26 00:21:30	2022-08-26 00:21:30
BE22015744	14	1	언제나 자기 옆에서 든든하게 있을 테니 힘든 일이나 슬픈 일 생기면 언제든지 나한테 이야기해. 내가 늘 위로가 되어줄게.	N	2022-08-26 00:21:30	2022-11-08 05:04:58
BE22015744	15	0	오늘 종일 슬프고 기분이 심란했었는데 힘이 되어줘서 정말 정말 고마워.	Y	2022-08-26 00:21:30	2022-11-08 05:04:58
