id	utterance_id	utterance_type	utterance_text	terminate	regDate	updDate
BE22007759	1	0	여보, 옆집 304호가 다음 주에 이사 간대.	N	2022-07-11 07:18:24	2022-11-08 04:14:21
BE22007759	2	1	그래? 우리 서로 친하게 지냈었는데 정말 아쉬운 일이야. 당신도 많이 슬프지.	N	2022-07-11 07:18:24	2022-11-08 04:14:21
BE22007759	3	0	응. 아이들끼리도 친하고 자주 교류도 했었는데 너무 아쉽고 슬퍼. 소식 듣고나서 하루 종일 우울하네.	N	2022-07-11 07:18:24	2022-11-08 04:14:21
BE22007759	4	1	그러게. 당신이 이 동네로 처음 이사 오고 나서 외로웠을 때 옆집에서 많이 도와주고 관심 가져 줘서 적응도 잘했잖아. 특히 당신이 많이 서운하고 아쉽겠다. 언니 동생처럼 잘 지냈었는데.	N	2022-07-11 07:18:24	2022-11-08 04:14:21
BE22007759	5	0	그러게 말이야. 친언니네가 떠나는 것 같아.	N	2022-07-11 07:18:24	2022-11-08 04:14:21
BE22007759	6	1	그동안의 정을 생각하면 나라도 충분히 그렇게 생각할 만해. 어디로 가는지는 알아?	N	2022-07-11 07:18:24	2022-11-08 04:14:21
BE22007759	7	0	남편 회사 때문에 부산으로 가게 됐나봐.	N	2022-07-11 07:18:24	2022-11-08 04:14:21
BE22007759	8	1	멀리 가는구나. 그래도 자기 친정이 있는 곳이라 심적으로는 가깝게 느껴지지 않아? 친정 갈 때 가끔 들러서 얼굴 볼 수도 있으니 그나마 잘됐다고 생각하면 어떨까?	N	2022-07-11 07:18:24	2022-11-08 04:14:21
BE22007759	9	0	맞아. 그러고 보니 그나마 다행이라는 생각이 드네.	N	2022-07-11 07:18:24	2022-11-08 04:14:21
BE22007759	10	1	응, 요즘처럼 삭막한 시대에 그렇게 따뜻한 이웃을 만나기가 쉽지 않아서 더 슬프지. 다음 주 이사 전까지 자주 보면서 당신 마음이 조금 추슬러지면 좋겠다.	N	2022-07-11 07:18:24	2022-11-08 04:14:21
BE22007759	11	0	응, 오늘 오후에 가서 커피 한잔 하고 오려고.	N	2022-07-11 07:18:24	2022-11-08 04:14:21
BE22007759	12	1	가서 얘기도 많이 나누고 내 안부도 전해주라. 부산에 자주 놀러 가겠다고 전해줘.	N	2022-07-11 07:18:24	2022-11-08 04:14:21
BE22007759	13	0	응, 그럴게. 애들도 가서 인사 나누라고 해야겠어.	N	2022-07-11 07:18:24	2022-11-08 04:14:21
BE22007759	14	1	한동안은 허전하고 슬프겠지만 또 새 이웃과도 잘 지낼 수 있을 거야. 너무 슬퍼하지 마.	N	2022-07-11 07:18:24	2022-11-08 04:14:21
BE22007759	15	0	알겠어, 인사 잘하고 올게!	Y	2022-07-11 07:18:24	2022-11-08 04:14:21
