id	utterance_id	utterance_type	utterance_text	terminate	regDate	updDate
BE22019539	1	0	여보, 난 진짜 내 동생만 생각하면 너무 안쓰러워서 슬퍼.	N	2022-09-22 00:32:25	2022-09-22 00:32:25
BE22019539	2	1	당신이 슬퍼하면 나도 속상한데. 혹시 동생에게 무슨 일 있는 거야?	N	2022-09-22 00:32:25	2022-11-08 05:26:06
BE22019539	3	0	방금 동생이 부정맥으로 응급실에 있다는 연락을 받았어. 내 동생 결혼 전까지 부모님 돕는다고 고생만 하다가 이제 결혼해서 좀 행복해지나 싶었는데.	N	2022-09-22 00:32:25	2022-09-22 00:32:25
BE22019539	4	1	건강했었는데 갑자기 부정맥이라니? 자기 말을 들으니 나도 충격인데 항상 동생 걱정뿐인 자기가 연락받고 많이 놀랐겠네. 그래서 동생 생각에 슬퍼졌구나.	N	2022-09-22 00:32:25	2022-11-08 05:26:06
BE22019539	5	0	당신도 알지만 내 동생 결혼하기 전까지 집안 돕겠다고 매일 늦게까지 일만 했잖아. 그래서 그런 병이 생긴 건가 싶어서 나 너무 속상해.	N	2022-09-22 00:32:25	2022-11-08 05:26:06
BE22019539	6	1	평소에 건강했으니까 별일은 없을 거야. 자기까지 몸 상하면 안 되니 너무 슬퍼하지 마.	N	2022-09-22 00:32:25	2022-11-08 05:26:06
BE22019539	7	0	동생 결혼하기 전에 매일 늦게까지 일한 거 생각하면 지금도 속상한데. 부모님께 그렇게 잘하고 착하던 내 동생이 아프다니 이건 너무 불공평한 거 아닐까?	N	2022-09-22 00:32:25	2022-09-22 00:32:25
BE22019539	8	1	처제는 내가 봐도 진짜 착하고 좋은 사람이야. 그런 착한 사람은 하늘이 상을 내려서라도 별일 없이 건강해 질 거야. 이럴 때일수록 언니인 자기가 힘을 내야 동생에게 좋은 기운을 줄 수 있으니까 기운 내.	N	2022-09-22 00:32:25	2022-11-08 05:26:06
BE22019539	9	0	내 동생만 생각하면 속상하고 마음 아파서 그래. 결혼하고 나서는 이제 일도 줄이고 좀 편하게 지내는 거 같아서 한시름 놨었는데 부정맥이라니. 내가 대신 아플 수도 없고 자꾸 눈물이 나.	N	2022-09-22 00:32:25	2022-11-08 05:26:06
BE22019539	10	1	자기의 슬픈 마음은 너무나 이해하지만, 우리가 더 밝은 얼굴로 용기를 북돋아 줘야 하지 않을까? 이럴 때일수록 더 밝고 긍정적인 에너지로 힘을 줘야 동생도 씩씩하게 이겨낼 수 있지.	N	2022-09-22 00:32:25	2022-11-08 05:26:06
BE22019539	11	0	그럴까? 난 언니지만 그동안 동생한테 받기만 하고 동생을 위해서 한 게 없어. 내가 아픈 동생을 위해서 할 수 있는 게 뭐가 있을까?	N	2022-09-22 00:32:25	2022-11-08 05:26:06
BE22019539	12	1	자기는 항상 동생에게 따뜻하고 다정하게 대해주고 누구보다 잘 챙겨주잖아. 자책하지 말고 일단은 함께 병원부터 가보자. 우리가 가서 별일 아닌 듯 씩씩하게 이야기 나누다 보면 동생도 기운을 내는 데 도움이 될 거야.	N	2022-09-22 00:32:25	2022-11-08 05:26:06
BE22019539	13	0	그래. 동생이 좋아하는 반찬 좀 만들어야겠어. 자기 퇴근하면 바로 챙겨서 들고 씩씩하게 가볼래.	N	2022-09-22 00:32:25	2022-11-08 05:26:06
BE22019539	14	1	자기가 씩씩하게 말하니 나도 기운이 나는걸. 퇴근하고 함께 병원에 가서 우리가 동생 금방 일어날 수 있도록 긍정적인 기운으로 도와주자. 그러려면 먼저 당신부터 기운 내야 하는 거 알지?	N	2022-09-22 00:32:25	2022-11-08 05:26:06
BE22019539	15	0	동생을 위해서 나도 이제 더 이상 슬퍼하지 않고 기운 내볼게. 고마워.	Y	2022-09-22 00:32:25	2022-11-08 05:26:06
