id	utterance_id	utterance_type	utterance_text	terminate	regDate	updDate
BE22018552	1	0	오늘 엄마와 함께 할머니의 유품을 정리했어. 정말 슬픔이 폭풍처럼 몰려오는 것만 같아. 눈물이 멈추지 않아.	N	2022-09-16 09:53:12	2022-09-16 09:53:12
BE22018552	2	1	마음이 좀더 괜찮아지면 해도 될 걸 자기가 너무 힘들었겠어. 할머니 물건들 보면서 얼마나 그립고 보고 싶을까. 내가 옆에서 도와줘야 하는데, 자기가 혼자 견뎌내는 그 슬픔이 너무 마음 아프다.	N	2022-09-16 09:53:12	2022-11-08 05:22:07
BE22018552	3	0	엄마도 나도 다시는 할머니를 못 본다는 게 실감이 되지 않아. 엄마와 한참을 껴안고 울었어.	N	2022-09-16 09:53:12	2022-09-16 09:53:12
BE22018552	4	1	자기에게도 장모님에게도 참 힘든 시간을 버텨내야 하겠지만 잘 이겨낼 수 있을 거야. 슬픔도 함께 나눌 사람이 있으니 얼마나 다행인지 몰라. 함께 안고 많이 울다 보면 서로에게 위로가 될 거야.	N	2022-09-16 09:53:12	2022-11-08 05:22:07
BE22018552	5	0	이제 좀 담담해졌을까 했는데 할머니의 옷을 정리하다 할머니의 냄새를 맡는 순간 다시 울음이 터져버렸어.	N	2022-09-16 09:53:12	2022-09-16 09:53:12
BE22018552	6	1	참으려 하지 말고 마음껏 울어, 한참을 울어야 슬픔이 조금이라도 덜 할 수 있을 거야. 내가 자기가 기대고 울 수 있게 옆에 있어 주면 좋겠어. 슬픔만이 가득할 거 같아도 할머니와의 추억에 문득문득 행복한 기억이 떠오를 거야.	N	2022-09-16 09:53:12	2022-11-08 05:22:07
BE22018552	7	0	이기지 못할 슬픔이 어디 있겠어. 하지만 엄마도 나도 지금 이 슬픔은 너무 마음이 아파. 할머니가 너무 보고 싶어.	N	2022-09-16 09:53:12	2022-09-16 09:53:12
BE22018552	8	1	자기도 많이 힘들겠지만 그래도 힘내야지. 장모님의 슬픔도 위로해 주고 힘내시도록 자기가 좋은 말과 할머니와의 행복했던 날들을 많이 회상해 봐. 함께 이겨내려고 마음먹으면 힘이 날 거야.	N	2022-09-16 09:53:12	2022-11-08 05:22:07
BE22018552	9	0	그래야지. 내 마음이 이런데 엄마는 얼마나 슬플까. 세상에 다시 할머니와 함께 대화할 수도 손잡을 수도 없게 되었으니. 엄마 모습을 보고 있으니 너무 안됐어.	N	2022-09-16 09:53:12	2022-09-16 09:53:12
BE22018552	10	1	자기가 장모님 옆에서 이렇게 함께 울어주니 얼마나 다행인지 몰라. 장모님의 손도 꼭 잡아주면서 마음에 힘이 되어드리는 자기가 참 대견하다. 자기의 따뜻한 손과 포옹이 많이 위로가 될 거야.	N	2022-09-16 09:53:12	2022-09-16 09:53:12
BE22018552	11	0	그래, 나라도 정신 차리고 엄마가 이겨낼 수 있게 힘이 되어 줄게. 내가 힘내야지.	N	2022-09-16 09:53:12	2022-11-08 05:22:07
BE22018552	12	1	그래. 자기도 힘들고 버거운 마음이 있을 텐데 그런 마음을 먹는다는 것도 정말 대단해. 장모님을 위해서도 자기를 위해서도 자기의 그런 노력이 빛을 발할 거야. 아픔은 같이 이겨낼 수 있으니 힘내자.	N	2022-09-16 09:53:12	2022-11-08 05:22:07
BE22018552	13	0	엄마와 함께 울어주고 엄마와 할머니 산소도 자주 모시고 갈게. 그러면 엄마도 점점 슬픔이 잦아드는 날이 오겠지.	N	2022-09-16 09:53:12	2022-09-16 09:53:12
BE22018552	14	1	할머니가 이런 손녀의 모습을 보고 흐뭇해하실 거야. 나도 이렇게 자기의 슬픔을 이겨내는 모습이 감동스러운걸. 장모님도 잘 이겨내셨으면 좋겠어.	N	2022-09-16 09:53:12	2022-11-08 05:22:07
BE22018552	15	0	할머니가 지어주던 그 미소를 생각하고 내가 엄마에게 할머니 대신 위로가 되어줄게. 위로해 주고 격려해 줘서 고마워.	Y	2022-09-16 09:53:12	2022-11-08 05:22:07
