id	utterance_id	utterance_type	utterance_text	terminate	regDate	updDate
BE22000564	1	0	나 요즘 찬물을 잘 못 마시겠어.	N	2022-06-13 05:07:12	2022-11-08 03:27:55
BE22000564	2	1	원래 찬물 아니면 잘 안 먹잖아. 왜?	N	2022-06-13 05:07:12	2022-11-08 03:27:55
BE22000564	3	0	찬물만 마시면은 이상하게 이가 시려.	N	2022-06-13 05:07:12	2022-11-08 03:27:55
BE22000564	4	1	갑자기? 커피도 아이스만 마시던 당신인데.	N	2022-06-13 05:07:12	2022-11-08 03:27:55
BE22000564	5	0	출산한 이후로 그런 거 같아. 관절도 여기저기 아픈 거 같고.	N	2022-06-13 05:07:12	2022-11-08 03:27:55
BE22000564	6	1	이런, 그래서 출산하고 100일까지는 찬물 마시지 말라고 그러나 보다.	N	2022-06-13 05:07:12	2022-11-08 03:27:55
BE22000564	7	0	맞아. 그때는 그 말이 공감이 안 됐는데 이제 공감이 가. 출산하고 100일 되기 전에 나 찬물 많이 마셨잖아. 관절도 많이 안 좋아진 거 같아.	N	2022-06-13 05:07:12	2022-11-08 03:27:55
BE22000564	8	1	내가 당신 찬 거 마실 때 말렸어야 했는데 미안해.	N	2022-06-13 05:07:12	2022-11-08 03:27:55
BE22000564	9	0	아니야 그게 어떻게 당신 잘못이야. 내가 좀더 조심했었어야 했는데.	N	2022-06-13 05:07:12	2022-11-08 03:27:55
BE22000564	10	1	그래도 출산하고 나서 오는 후유증들은 내가 어떻게 해줄 수 있는 것들이 아니라서 다 미안하지.	N	2022-06-13 05:07:12	2022-11-08 03:27:55
BE22000564	11	0	그러게, 임신은 혼자 하는 게 아닌데 출산과 그 뒤에 오는 후유증은 왜 다 여자의 몫일까.	N	2022-06-13 05:07:12	2022-11-08 03:27:55
BE22000564	12	1	내가 더 잘할게. 청소도 더 열심히 하고 당연한 거지만 육아도 열심히 할게.	N	2022-06-13 05:07:12	2022-11-08 03:27:55
BE22000564	13	0	출산 후에 변한 몸 때문에 착잡했는데 당신이 그렇게 얘기해주니까 좀 힘이 나는 거 같아.	N	2022-06-13 05:07:12	2022-11-08 03:27:55
BE22000564	14	1	변했다고 하더라도 여전히 당신은 아름다워. 내가 옆에서 언제나 힘이 되어줄게.	Y	2022-06-13 05:07:12	2022-11-08 03:27:56
