id	utterance_id	utterance_type	utterance_text	terminate	regDate	updDate
BE22006138	1	0	어제 회식에서 부장님이 만취하셨는데. 노래 부르는 모습을 보니까 돌아가신 아버지 생각이 나서 마음이 너무 아팠어.	N	2022-07-04 16:04:55	2022-11-08 04:03:54
BE22006138	2	1	그렇지, 우리 아버님 술 드시면 행복해하시면서 항상 노래를 불러주셨는데. 당신 얘기를 들으니 나도 우리 아버님이 생각나고 너무 그리워서 눈물이 날 거 같아. 내가 이렇게 눈물이 날 거 같은데 당신은 얼마나 그리울까?	N	2022-07-04 16:04:55	2022-11-08 04:03:54
BE22006138	3	0	응, 노래 부르는 모습도 너무 비슷해서 더욱더 많이 아빠가 그립고 생각이 나더라고. 그래서 마음이 아리듯 슬펐어.	N	2022-07-04 16:04:55	2022-11-08 04:03:54
BE22006138	4	1	그렇지, 특히 당신이 아버님을 많이 따르고 존경했잖아. 그래서 더 생각이 나고 슬펐을 거 같아. 아버님도 유독 당신을 많이 아끼셨잖아, 노래 부를 때도 항상 안고 부르시고 하셨잖아.	N	2022-07-04 16:04:55	2022-11-08 04:03:54
BE22006138	5	0	맞아, 아버지가 흥이 많이 오르시면 나를 부둥켜안거나 어깨동무를 하고 노래 부르시곤 하셨지. 그게 참 좋았는데.	N	2022-07-04 16:04:55	2022-11-08 04:03:54
BE22006138	6	1	당신이랑 아버님이랑 같이 얼싸안고 춤을 출 때면 내 기분도 같이 신나고 즐거우면서 행복했었어. 오랜만에 아버님 생각이 나서 당신 마음이 많이 헛헛했겠다.	N	2022-07-04 16:04:55	2022-11-08 04:03:54
BE22006138	7	0	응, 예전 생각이 나면서 좀 울적하기도 하고 슬프면서 가슴이 헛헛하더라고.	N	2022-07-04 16:04:55	2022-11-08 04:03:54
BE22006138	8	1	그럼 당연히 그럴 거 같아. 이따가 만나면 내가 꼭 껴안아 줄게. 당신 곁에는 내가 있잖아, 이제부터는 우리 아버님이 하셨던 거처럼 안고 어깨동무하고 노래 부르고 즐기자.	N	2022-07-04 16:04:55	2022-11-08 04:03:54
BE22006138	9	0	그래 그러자. 그러면 자주 아버지 생각도 할 수 있고 좋을 거 같다.	N	2022-07-04 16:04:55	2022-11-08 04:03:54
BE22006138	10	1	아버님 생각도 좋았던 추억도 더 자주 생각하고. 그리고 우리가 아버님과 당신이 그랬듯 행복하게 즐기면서 지내면. 아이들도 당신이 아버님을 보면서 느꼈을 행복감과 사랑을 느낄 수 있을 거야.	N	2022-07-04 16:04:55	2022-11-08 04:03:54
BE22006138	11	0	그럴까? 아이들도 나를 보며 내가 아버지께 느꼈던 사랑과 행복감을 느낄 수 있을까?	N	2022-07-04 16:04:55	2022-11-08 04:03:54
BE22006138	12	1	그럼 당연하지. 지금도 나와 아이들은 당신이 가족을 위해 최선을 다하고 사랑하고 있다는 것도 다 알아. 항상 고맙고 감사해.	N	2022-07-04 16:04:55	2022-11-08 04:03:54
BE22006138	13	0	당신이 그렇게 말해주니까 너무 고맙다.	N	2022-07-04 16:04:55	2022-11-08 04:03:54
BE22006138	14	1	고맙긴, 가족을 위해 헌신하는 당신에게 내가 항상 고맙고 그리고 미안하지. 그리고 우리가 아버님이 즐기셨던 거처럼 삶을 사랑하며 즐기며 살아가는 모습을 보여주면, 아이들도 행복할 거야.	N	2022-07-04 16:04:55	2022-11-08 04:03:54
BE22006138	15	0	그래, 우리 아버지처럼 삶을 즐기면서 사랑하면서 살아가자. 날 항상 응원해 주고 힘을 주는 당신이 있어서 너무 행복하다.	N	2022-07-04 16:04:55	2022-11-08 04:03:54
BE22006138	16	1	당신이 힘든 일이 있을 때도 기쁜 일이 있을 때도 모든 걸 말해주잖아. 혼자 힘들어하지 않고 나에게 말해줘서 항상 감사하고 또 감사해.	N	2022-07-04 16:04:55	2022-11-08 04:03:54
BE22006138	17	0	당신이 그렇게 말해주니까 너무 고맙다. 그리고 당신이 내 말에 귀 기울여주고 같이 슬퍼해 주니까 너무나도 슬펐던 내 마음이 위로된다. 고마워.	Y	2022-07-04 16:04:55	2022-11-08 04:03:54
