id	utterance_id	utterance_type	utterance_text	terminate	regDate	updDate
BE22006105	1	0	여보. 오늘 야근 때문에 많이 늦는 거죠?	N	2022-07-04 13:59:40	2022-11-08 04:03:42
BE22006105	2	1	응. 아무래도 새벽에 들어갈 거 같은데. 왜 아직도 안 자고 있어?	N	2022-07-04 13:59:40	2022-11-08 04:03:42
BE22006105	3	0	그냥. 이런저런 생각에 잠이 안 와요. 계속 생각하다보니 나는 다른 사람을 그렇게 이해하려고 노력하면서 정작 나를 이해해주지 못했던 거 같아요. 그 생각에 너무 슬퍼지는 거 있죠?	N	2022-07-04 13:59:40	2022-11-08 04:03:42
BE22006105	4	1	왜 그런 생각이 갑자기 들었는지 물어봐도 될까?	N	2022-07-04 13:59:40	2022-11-08 04:03:42
BE22006105	5	0	오늘 회사에서 상사와 작은 트러블이 있어서 그걸 친구한테 털어놨거든요. 근데 친구가 얘기를 듣더니, 네가 잘못한 것도 아닌데 왜 네가 먼저 사과했냐고 그러더라고요. 정작 너는 남을 너무 배려하고 이해하면서 너 자신을 이해하지 못하는 거 같다고 그러는데 맞는 말 같았어요.	N	2022-07-04 13:59:40	2022-11-08 04:03:42
BE22006105	6	1	여보가 상대방을 배려하고 이해를 잘 해주는 성격이기는 하지. 그런 점이 오히려 독이 된다고 생각해서 마음이 안 좋았구나? 무슨 기분인지 알 거 같아. 속상했겠어.	N	2022-07-04 13:59:40	2022-11-08 04:03:42
BE22006105	7	0	맞아요. 남에게 관대하면서 저는 정작 저를 이해하지 못하고 나 자신에게는 너무 각박했던 거 같아요. 사람은 누구나 실수하는데 정작 내가 하는 실수를 이해하지 못하고 나 자신을 다그친 거죠. 그런 생각이 드니 나 자신을 돌보지 못했다는 죄책감에 너무 슬퍼요. 마음이 철렁해요.	N	2022-07-04 13:59:40	2022-11-08 04:03:42
BE22006105	8	1	왜 안 그러겠어. 하지만 이제라도 그런 생각이 들었다는 거 하나만으로도 여보는 이제 본인을 이해할 준비가 된 게 아닐까? 본인 자신을 이해하지 못해서 슬픈 마음을 가졌다는 거 자체만으로도 여보는 한발 내딛을 준비가 된 거라고 생각하자. 너무 부정적인 생각에 갇혀있다면 그거는 그거대로 좋지 않잖아.	N	2022-07-04 13:59:40	2022-11-08 04:03:42
BE22006105	9	0	여보 말이 맞네요. 제가 또 저 자신을 이해하고 돌아보겠다는 생각으로 깊게 생각하며 나 자신을 괴롭혔나봐요. 조금 단순하게 생각해도 될 문제겠죠?	N	2022-07-04 13:59:40	2022-11-08 04:03:42
BE22006105	10	1	그럼. 그리고 너무 걱정하고 슬퍼하지 마. 여보가 남을 배려하고 이해하는 그 성격은 어떻게 보면 나는 최고의 장점이라고 생각해.	N	2022-07-04 13:59:40	2022-11-08 04:03:42
BE22006105	11	0	맞아요. 저도 저의 이런 점이 싫지만은 않아요. 오히려 그 점을 살려서 저 자신을 더 이해하려고 노력할 수 있다고 생각하면 되겠죠?	N	2022-07-04 13:59:40	2022-11-08 04:03:42
BE22006105	12	1	그래. 바로 그렇게 긍정적으로 생각하는 거야. 비로소 여보는 여보를 이해하기 위한 준비가 다 됐다고 생각해. 그리고 당신이 당신을 이해 좀 못하면 어때, 무슨 일이 있어도 이해해주는 내가 있잖아.	N	2022-07-04 13:59:40	2022-11-08 04:03:42
BE22006105	13	0	하하. 듣고보니 또 그렇네요. 당신은 언제나 나를 이해해주고 내 편이잖아요. 당신이 나를 이해해주는 만큼 나도 나를 이해하기 위해 노력할게요.	N	2022-07-04 13:59:40	2022-11-08 04:03:42
BE22006105	14	1	그래. 그렇게 생각해줘서 너무 고마워. 슬펐던 기분은 좀 나아졌어?	N	2022-07-04 13:59:40	2022-11-08 04:03:42
BE22006105	15	0	여보에게 털어놓고 위로받았더니 너무 괜찮아졌어요. 이제 잘 수 있을 거 같아요.	N	2022-07-04 13:59:40	2022-11-08 04:03:42
BE22006105	16	1	그래 푹 자고. 나도 일 끝내고 얼른 들어갈게. 내일 아침에 보자.	Y	2022-07-04 13:59:40	2022-11-08 04:03:42
