id	utterance_id	utterance_type	utterance_text	terminate	regDate	updDate
BE22016777	1	0	친구 만나서 얘기하다가 이제 일어났어. 친구 얘기 듣다가 한참 울었지 뭐야. 다시 생각해도 너무 슬프고 마음이 아프다.	N	2022-08-31 07:50:12	2022-08-31 07:50:12
BE22016777	2	1	오랜만에 만난다고 들떠있었잖아. 무슨 일이길래 그래?	N	2022-08-31 07:50:12	2022-08-31 07:50:12
BE22016777	3	0	나도 반가운 소식을 기대했는데 아니더라고. 친구가 빚 때문에 파산신청을 하고 왔대. 그래서 그 얘기 듣는데 정말 눈물이 나더라.	N	2022-08-31 07:50:12	2022-08-31 07:50:12
BE22016777	4	1	친구분이 힘든 시기를 겪고 계시는구나. 자기가 아끼는 친구가 그렇게 힘드시다니 무척 놀라고 마음이 안 좋겠다. 친구분이 얼마나 안쓰러우면 눈물이 날 만큼 슬프겠어.	N	2022-08-31 07:50:12	2022-11-08 05:11:24
BE22016777	5	0	그러니까. 여간해서 파산까지 하지 않잖아? 빚더미에 올라앉아서 얼마나 힘이 들면 파산신청까지 했나 싶어서 마음이 무너지더라고. 파산신청을 하기까지 고민도 많았을 텐데 친구의 심경이 감히 다 짐작도 안 돼.	N	2022-08-31 07:50:12	2022-11-08 05:11:24
BE22016777	6	1	자기 말대로 넘겨짚을 수도 없는 경험이라서 힘든 친구를 보고만 있자니 더 힘들었겠다. 얼마 전에 시작하셨다는 사업 때문에 그렇게 되신 거야?	N	2022-08-31 07:50:12	2022-11-08 05:11:24
BE22016777	7	0	응. 사업 시작할 때만 해도 자신이 넘쳤었는데 지금은 안색부터도 다르더라고. 그러고도 씩씩한 척을 하면서 말을 하는데 그렇게 안쓰러울 수가 없는 거 있지.	N	2022-08-31 07:50:12	2022-08-31 07:50:12
BE22016777	8	1	모든 과정을 옆에서 다 지켜봐서 더 안타까웠을 것 같아. 나 같아도 내 일처럼 느껴져서 마음이 아팠을 것 같은데 자긴 오죽하겠어. 사업이 잘되셨으면 좋았을 텐데 여러모로 마음이 좋지 않네.	N	2022-08-31 07:50:12	2022-11-08 05:11:24
BE22016777	9	0	친구가 그렇게 힘들어하는데 내가 해줄 수 있는 게 없어서 너무 슬펐어. 기껏해야 힘내라는 말이나, 앞으로의 계획을 듣고 응원해 줄 수밖에 없었어. 그래서 나까지 무기력함을 느끼고 친구한테는 미안한 마음밖에 안 들더라고.	N	2022-08-31 07:50:12	2022-08-31 07:50:12
BE22016777	10	1	친구분은 자기가 그렇게 해준 것만으로도 무척 위안받으셨을 거야. 지금도 본인 일처럼 이렇게 마음 아파하는 친구를 두셨으니 얼마나 든든하시겠어. 자기 덕분에 마음만은 풍요로워지셨을 테니 너무 미안해하지 마.	N	2022-08-31 07:50:12	2022-11-08 05:11:24
BE22016777	11	0	자기 말마따나 조금이라도 힘이 됐으면 좋겠어. 그건 그렇다 쳐도 친구의 앞날도 너무 걱정돼서 마음이 아파. 내가 저런 상황이었다면 다시 일어날 수 있을지 상상했는데, 상상도 안 되는 거 있지.	N	2022-08-31 07:50:12	2022-11-08 05:11:24
BE22016777	12	1	너무 걱정하지 마. 친한 친구니까 당연히 걱정되는 마음은 이해하지만, 충분히 이겨내실 거라고 믿어. 파산신청을 하신 것부터가 다시 일어나려고 준비하신 거잖아? 좌절 속에만 머무르지 않고 힘내시려는 친구분을 열심히 응원해 드리면 어떨까.	N	2022-08-31 07:50:12	2022-11-08 05:11:24
BE22016777	13	0	자기 말이 맞는 것 같아. 내가 오히려 부정적으로만 생각하고 있었나 봐. 힘내보려는 친구를 측은하게만 보지 않고 응원해 줘야겠어!	N	2022-08-31 07:50:12	2022-11-08 05:11:24
BE22016777	14	1	자기도 경험해보지 않은 상황이어서 그랬을 뿐이야. 잘 생각했어. 나도 같이 응원할게.	N	2022-08-31 07:50:12	2022-11-08 05:11:24
BE22016777	15	0	고마워. 자기 덕분에 걱정스러운 마음이 좀 덜어졌어. 이따 집에서 봐.	Y	2022-08-31 07:50:12	2022-11-08 05:11:24
