id	utterance_id	utterance_type	utterance_text	terminate	regDate	updDate
BE22019600	1	0	여보, 나 슬픈 일이 있어. 내 친한 친구가 계속 전화를 안 받아. 나를 피하는 것 같아서 마음이 너무 슬프다.	N	2022-09-22 03:01:31	2022-09-22 03:01:31
BE22019600	2	1	최근 며칠 그 친구 때문에 속상해하는 것 같더니, 많이 신경 쓰이나 보네. 가깝게 느낀 소중한 친구가 연락을 피한다면, 그 누가라도 슬프고 마음이 아플 거 같아. 여보가 많이 슬퍼할까 봐 걱정이 된다.	N	2022-09-22 03:01:31	2022-11-08 05:26:17
BE22019600	3	0	저번에 돈을 조금 빌려줬는데, 그 일 때문에 미안해서 전화를 피하는 건가 싶어. 돈 못 받는 건 상관이 없는데, 이렇게 연락을 끊어버리니까 너무 마음이 안 좋고 슬프네. 내가 빚쟁이도 아니고, 우리가 이 정도 사이밖에 안 됐나 싶어서 눈물이 날 것 같아.	N	2022-09-22 03:01:31	2022-11-08 05:26:17
BE22019600	4	1	그런 일이 있었구나. 친했던 친구가 갑자기 연락이 안 되면, 나였어도 상처가 될 것 같아. 나도 예전에 친했던 친구랑 멀어진 적이 있어서 여보의 마음 이해해. 답답하고 실망스럽기도 하고, 한편으로는 많이 좋아했기 때문에 실망이 더 크잖아.	N	2022-09-22 03:01:31	2022-11-08 05:26:17
BE22019600	5	0	전화도 안 받고, 나를 자꾸 피하는 느낌이 들어서 이 생각을 지울 수가 없어. 처음에는 걱정도 되고, 화가 나기도 했는데, 이제는 너무 슬퍼. 한편으로는, 그 친구는 날 소중하게 생각하지 않는데 나만 그 친구를 소중하게 생각해왔던 것 같아.	N	2022-09-22 03:01:31	2022-09-22 03:01:31
BE22019600	6	1	여보의 이런 마음을 친구가 몰라줘서 많이 서운하고 슬프겠다. 그래도 일부러 피하는 게 아니고 바쁜 일이 있어서 그런 거 아닐까 싶어. 평소에 얼마나 절친한 사이인지 잘 알고 있기에, 그 친구도 여보를 소중하게 여길 거라 생각하거든.	N	2022-09-22 03:01:31	2022-09-22 03:01:31
BE22019600	7	0	내가 왜 더 상처가 되냐면, 고등학교 때 친했던 친구들이 있었는데 나만 멀어진 적이 있었거든. 그때도, 이런 식으로 연락이 두절되다가 혼자가 되었어. 그때의 상처가 트라우마가 되어서 이 친구가 연락이 안 되니까 너무 마음이 힘들어.	N	2022-09-22 03:01:31	2022-09-22 03:01:31
BE22019600	8	1	이야기를 들어보니 그때도 여보가 많이 힘들었을 것 같아. 친구들과 사이가 안 좋아져서 여보가 많이 외로웠을 거라 생각하니 나도 마음이 아파. 그래도 여보 곁에는 여보를 사랑하는 내가 있다는 걸 기억해 줬으면 해.	N	2022-09-22 03:01:31	2022-11-08 05:26:17
BE22019600	9	0	여보가 있어줘서 정말 고맙게 생각해. 그렇지만, 그 친구가 아니면, 나는 이제 친한 친구도 없는걸. 내성적이고, 낯을 가리는 내가 새로운 친구를 다시 잘 사귈 수 있을지 모르겠어.	N	2022-09-22 03:01:31	2022-09-22 03:01:31
BE22019600	10	1	여보는 내가 봐온 그 어떤 사람보다 착하고 마음이 따뜻한 사람인걸. 난 평소에도 여보의 배려심과 이해심 있는 성격이 참 좋다고 생각했어. 여보처럼 좋은 사람은 분명 좋은 친구를 다시 만날 거야.	N	2022-09-22 03:01:31	2022-11-08 05:26:17
BE22019600	11	0	정말 그럴까? 돈을 빌려준 이후로, 친구가 전화를 받지 않으니까, 나 혼자 상처받고 상심이 컸었어. 그런데 여보가 이렇게 칭찬해 주고 위로해 주니까 마음이 한결 편해진다. 내 곁에 여보가 있다는 게 정말 든든하다.	N	2022-09-22 03:01:31	2022-09-22 03:01:31
BE22019600	12	1	연락이 잘 되던 친구가 갑자기 연락이 안 되면 초조하고 걱정될만하지. 여보가 이런 슬픔을 느끼는 건 당연하다고 생각해. 난 항상 여보 편이니까 언제든지 힘들면 나에게 이야기해.	N	2022-09-22 03:01:31	2022-11-08 05:26:17
BE22019600	13	0	여보한테 말하길 참 잘한 거 같아. 나도 좀더 여유를 가지고 기다려야겠어. 덕분에 내 슬픔도 가라앉게 되어서 너무 고마워 여보.	N	2022-09-22 03:01:31	2022-11-08 05:26:17
BE22019600	14	1	그래, 여보는 좋은 사람인 걸 친구도 알고 있을 테니까 시간이 걸리더라도 연락이 올 거야. 나랑 같이 기다려보자. 여보가 슬플 때나 기쁠 때나 내가 항상 함께할게.	N	2022-09-22 03:01:31	2022-11-08 05:26:18
BE22019600	15	0	여보가 있기 때문에 항상 내가 힘을 낼 수 있어. 여보라는 사람이 나와 함께하는 건 내게 행운이야. 오늘도 너무 고마워요.	Y	2022-09-22 03:01:31	2022-09-22 03:01:31
