id	utterance_id	utterance_type	utterance_text	terminate	regDate	updDate
BE22009335	1	0	여보. 언젠가부터 나는 하이힐보다 운동화를 훨씬 많이 신는 것 같네.	N	2022-07-16 06:01:08	2022-11-08 04:24:28
BE22009335	2	1	그러고 보니 당신이 하이힐 신은 걸 못 본 지도 오래되었네. 오랫동안 서서 캐셔 일을 해야 해서 그런 것 같아.	N	2022-07-16 06:01:08	2022-11-08 04:24:28
BE22009335	3	0	그렇지? 이 일을 하기 전에는 참 하이힐 사 모으는 걸 좋아했었는데. 인생의 큰 기쁨 하나를 잃어버린 것 같아 슬프다.	N	2022-07-16 06:01:08	2022-11-08 04:24:28
BE22009335	4	1	아무래도 당신이 결혼해서 일도 하고, 아이도 낳고 나니까 옛날에 좋아했던 취향이 흐려지는 것 같아. 나도 총각 시절에 좋아했던 옷들은 이제 입을 수도, 입고 싶지도 않아졌어.	N	2022-07-16 06:01:08	2022-11-08 04:24:28
BE22009335	5	0	그렇지? 우리가 너무 바쁘고 치열하게 사느라 자신을 다 잊어버린 것 같아. 마음이 참 허전하다.	N	2022-07-16 06:01:08	2022-11-08 04:24:28
BE22009335	6	1	비록 예전 같은 모습을 찾기 어려워 슬프지만, 우리는 삶에서 새로운 기쁨을 얻게 되었잖아. 아이가 크는 모습을 보면서 기쁘고 벅찬 부모의 기분을 느끼기도 하고 말이야. 당신이 세월에 따라 달라지는 본인의 모습을 즐기면서 살아보는 것도 좋을 것 같아.	N	2022-07-16 06:01:08	2022-11-08 04:24:28
BE22009335	7	0	그러고 보니 여보 말이 맞네. 옛날 내 모습을 잃어버린 대신 인생의 새로운 기쁨을 찾았다는 말 말이야.	N	2022-07-16 06:01:08	2022-11-08 04:24:28
BE22009335	8	1	나는 당신이 하이힐 신고 예쁜 옷을 입던 옛날 모습을 참 좋아했어. 그렇지만 지금처럼 편한 복장으로 성실히 일하고 수수한 모습으로 귀가하는 것도 정말 좋아. 어떤 모습의 당신이든 나는 사랑할 거야.	N	2022-07-16 06:01:08	2022-11-08 04:24:28
BE22009335	9	0	그렇게 말해 줘서 정말 고마워. 위로가 되는 것 같다.	N	2022-07-16 06:01:08	2022-11-08 04:24:28
BE22009335	10	1	아이들 다 커서, 일을 하지 않아도 여유로울 만큼 돈을 모으게 될 수도 있잖아. 그땐 입고 싶은 옷 마음껏 입고, 여유를 즐기면서 살아 보자.	N	2022-07-16 06:01:08	2022-11-08 04:24:28
BE22009335	11	0	응. 지금은 하이힐을 신고 일하는 건 엄두도 안 나서 운동화만 사 모으지만 이런 생활도 달라지겠지? 지금처럼 하루 온종일 일하지 않아도 될 때가 올 테니까.	N	2022-07-16 06:01:08	2022-11-08 04:24:28
BE22009335	12	1	그럼, 당연하지! 그때까지는 힘들더라도 지금처럼 서로 의지하면서 잘 견뎌보자. 새로운 삶의 기쁨들을 수집하면서 살아가다 보면 분명 몸도 마음도 여유로워질 때가 올 거야.	N	2022-07-16 06:01:08	2022-11-08 04:24:28
BE22009335	13	0	그래. 당신 말이 맞아. 당신 말을 듣고 나니까 아까의 슬픔과 허무함이 눈 녹듯 사라지는 것 같아.	N	2022-07-16 06:01:08	2022-11-08 04:24:28
BE22009335	14	1	정말 다행이다. 오늘도 일하느라 참 고생이 많아. 퇴근하면 함께 맛있는 저녁 먹으면서 기분 전환하자.	N	2022-07-16 06:01:08	2022-11-08 04:24:28
BE22009335	15	0	알았어. 언제나 내 이야기를 진심으로 들어줘서 정말 고마워, 여보.	Y	2022-07-16 06:01:08	2022-11-08 04:24:28
