id	utterance_id	utterance_type	utterance_text	terminate	regDate	updDate
BE22008677	1	0	여보, 내가 점심에 요리했는데 애들이 하나도 안 먹으려고 하더라.	N	2022-07-13 16:46:51	2022-11-08 04:20:13
BE22008677	2	1	헉, 애들이 그랬다고? 당신 엄청 속상했을 거 같은데 괜찮아?	N	2022-07-13 16:46:51	2022-11-08 04:20:13
BE22008677	3	0	너무 속상해서 눈물 날 것 같아. 근데 슬픈 와중에 애들이 배고플까 봐 걱정되기도 하고 그랬어.	N	2022-07-13 16:46:51	2022-11-08 04:20:13
BE22008677	4	1	애들이 배고픈 것보다 나는 속상했을 자기가 너무 걱정된다. 당신 마음이 너무 여려서 그렇게 슬픈 일 있으면 오랫동안 슬퍼하잖아.	N	2022-07-13 16:46:51	2022-11-08 04:20:13
BE22008677	5	0	응, 이 일은 너무 충격적이고 슬퍼서 한동안 계속 생각날 것 같아. 나 너무 속상해.	N	2022-07-13 16:46:51	2022-11-08 04:20:13
BE22008677	6	1	심지어 요즘 엄청 덥잖아. 더운데 애들 생각해서 힘들게 만들어줬는데, 내가 당신이었어도 너무 속상하고 눈물 날 것 같아. 이렇게 슬퍼하는 당신을 보니 내 마음이 찢어질 것 같아.	N	2022-07-13 16:46:51	2022-11-08 04:20:13
BE22008677	7	0	그리고 며칠 전에 해준 요리를 또 해줬긴 했는데, 자주 먹는다고 느껴서 안 먹었나? 생각해 보면 평소보다 반찬 개수도 적고 내가 좀 소홀했던 것 같아서 미안하기도 해.	N	2022-07-13 16:46:51	2022-11-08 04:20:13
BE22008677	8	1	그게 무슨 소리야. 당신이 더운데 매일 직접 요리해서 애들 먹이는 것만으로도 너무 대단한데. 나는 그런 당신한테 항상 고마운 마음을 느끼고 있어.	N	2022-07-13 16:46:51	2022-11-08 04:20:13
BE22008677	9	0	그래? 그리고 한편으로는 따끔하게 혼내지 못했나 하는 생각에 좀 그렇기도 하고.	N	2022-07-13 16:46:51	2022-11-08 04:20:13
BE22008677	10	1	속상한 와중에 이렇게 스스로 되돌아보는 당신, 너무 멋진 엄마인 것 같아. 그리고 당신도 엄마는 처음 해보는 건데 당연히 그럴 수 있지. 안 그래도 속상할 텐데 너무 자책하지 않았으면 좋겠다.	N	2022-07-13 16:46:51	2022-11-08 04:20:14
BE22008677	11	0	응, 고마워. 당신이 너무 잘 위로해줘서 기분이 한결 나아진 것 같아.	N	2022-07-13 16:46:51	2022-11-08 04:20:14
BE22008677	12	1	응, 다행이네. 나 퇴근하고 집 가면 같이 얘기해보자. 어떻게 말하면 좋을지 생각해 볼게.	N	2022-07-13 16:46:51	2022-11-08 04:20:14
BE22008677	13	0	당신이 있어서 너무 다행이야. 위로해 줘서 고마워.	N	2022-07-13 16:46:51	2022-11-08 04:20:14
BE22008677	14	1	당연한 것 가지고 뭘. 나 퇴근할 때 다시 연락할게. 너무 속상해하지 말고 쉬고 있어.	N	2022-07-13 16:46:51	2022-11-08 04:20:14
BE22008677	15	0	응, 저녁에 집에서 봐. 사랑해.	Y	2022-07-13 16:46:51	2022-11-08 04:20:14
