id	utterance_id	utterance_type	utterance_text	terminate	regDate	updDate
BE22010467	1	0	여보. 나 지금 집에 들어가요. 하 정말 되는 일이 없어서 너무 슬프네요.	N	2022-07-20 06:15:13	2022-11-08 04:31:46
BE22010467	2	1	응? 오늘 골프 치러 가는 거 아니었어요? 왜 벌써 와요?	N	2022-07-20 06:15:13	2022-11-08 04:31:46
BE22010467	3	0	거기는 비가 아직 안 오나 보네. 여기 지금 엄청난 폭우입니다. 결국 골프 취소됐어요. 너무 우울해요.	N	2022-07-20 06:15:13	2022-11-08 04:31:46
BE22010467	4	1	아이고. 자기 저번 주부터 주말에 골프 치러 갈 생각에 엄청 기대하고 설레했잖아요. 취소돼서 마음이 너무 아프겠어요.	N	2022-07-20 06:15:13	2022-11-08 04:31:46
BE22010467	5	0	네. 이번 주 내내 되는 일이 없어서 마음이 안 좋았는데 골프 치러 갈 생각으로 버텼거든요. 근데 이렇게 취소되니까 진짜 너무 슬퍼서 마음이 찌릿해요.	N	2022-07-20 06:15:13	2022-11-08 04:31:46
BE22010467	6	1	기다려왔던 일이 무산되는 거만큼 마음 아픈 일이 또 있을까요. 당신이 지금 마음 아플 만하네요. 얘기 듣는 내 마음도 덩달아 아픈 거 같아요.	N	2022-07-20 06:15:13	2022-11-08 04:31:46
BE22010467	7	0	당신까지 마음 아프게 할 생각은 없었는데 미안하네요. 정말 당신 말대로 이렇게나 기다려왔던 골프인데 취소돼서 아무런 의욕이 안나요. 나 정말 바보 같네요.	N	2022-07-20 06:15:13	2022-11-08 04:31:46
BE22010467	8	1	어휴. 바보라니요. 누구나 슬플 만한 상황이잖아요. 그런 생각 마세요. 그리고 골프는 날 좋은 날 또 치러 가면 되는 거니까 너무 슬퍼 말아요.	N	2022-07-20 06:15:13	2022-11-08 04:31:46
BE22010467	9	0	하지만 당신이 큰 마음먹고 보내 준 거잖아요. 또 언제 갈 기회가 있을까요?	N	2022-07-20 06:15:13	2022-11-08 04:31:46
BE22010467	10	1	오늘 취소됐으니 다음에 또 간다고 하면 당연히 보내줘야죠. 언제든 가고 싶을 때마다 보내줄 테니까 걱정말아요. 그러니까 기분 풀어요.	N	2022-07-20 06:15:13	2022-11-08 04:31:46
BE22010467	11	0	당신이 그렇게 얘기해주니까 기운이 좀 나는 거 같아요. 나 정말 다음에 또 골프 치러 가도 돼요?	N	2022-07-20 06:15:13	2022-11-08 04:31:46
BE22010467	12	1	네. 그럼요. 대신 오늘은 골프 대신 저랑 막걸리 한잔하면서 기분 전환합시다. 비 오는 날 막걸리 한잔하는 거 당신이 제일 좋아하는 거잖아요. 여기도 이제 비 오니까 당신이 좋아하는 거 먹으면서 우리 슬픔을 달래보아요.	N	2022-07-20 06:15:13	2022-11-08 04:31:46
BE22010467	13	0	오. 당신이랑 막걸리 한잔할 생각하니 저 이제 하나도 안 슬퍼요. 당신 위로가 역시 제 기분을 이렇게 풀리게 만드네요. 얼른 집으로 갈게요.	N	2022-07-20 06:15:13	2022-11-08 04:31:46
BE22010467	14	1	하하. 제 위로가 아니라 다음에도 골프 치게 해준다고 해서 그런 거는 아니죠? 위로가 도움이 됐다니 저도 마음이 놓이네요. 빨리 와요. 안주해 놓고 있을게요.	N	2022-07-20 06:15:13	2022-11-08 04:31:46
BE22010467	15	0	네. 금방 달려갈게요. 조금만 기다려요.	Y	2022-07-20 06:15:13	2022-11-08 04:31:46
