id	utterance_id	utterance_type	utterance_text	terminate	regDate	updDate
BE22002483	1	0	나 진짜 아무것도 하기가 싫다.	N	2022-06-21 17:48:29	2022-11-08 03:40:29
BE22002483	2	1	우리 신혼여행 때문에 그래?	N	2022-06-21 17:48:29	2022-11-08 03:40:29
BE22002483	3	0	응. 코로나 때문에 신혼여행도 못 가고 이게 뭐야. 세상 모든 것들이 다 안 좋게 보여.	N	2022-06-21 17:48:29	2022-11-08 03:40:29
BE22002483	4	1	자기가 이렇게까지 울적해 하니까 나까지 가슴이 꽉 막힌 듯한 기분이 든다.	N	2022-06-21 17:48:29	2022-11-08 03:40:29
BE22002483	5	0	그러니까 말이야. 우리 원래 하와이 가기로 했잖아. 그런데 이렇게 무산되어버리니까 몸이 절로 웅크려져.	N	2022-06-21 17:48:29	2022-11-08 03:40:29
BE22002483	6	1	자기가 특히 신경 써서 계획해서인지 더 우울한 기분이 드나 봐. 하지만 지금은 우선 조금 참고 국내라도 잠시 다녀오자.	N	2022-06-21 17:48:29	2022-11-08 03:40:29
BE22002483	7	0	난 국내가 아니라 무조건 해외로 떠나고 싶었는데... 그렇게 못 하니 눈물이 찔끔 날 정도야.	N	2022-06-21 17:48:29	2022-11-08 03:40:29
BE22002483	8	1	자기가 지금은 시야가 흐릿할 정도로 에너지가 안 생겨도 힘든 마음을 조금만 내려놓는 게 어떨까?	N	2022-06-21 17:48:29	2022-11-08 03:40:30
BE22002483	9	0	그러면 이 움직이기 싫은 기분에서 벗어날 수 있을까?	N	2022-06-21 17:48:29	2022-11-08 03:40:30
BE22002483	10	1	그럼! 당장은 땅이 자기를 옭아매서 못 일어나는 것처럼 느껴지는 거 알아. 하지만 시간이 조금 지나서 코로나가 조금 잠잠해지면 그때 꼭 하와이로 떠나면 되지!	N	2022-06-21 17:48:29	2022-11-08 03:40:30
BE22002483	11	0	그래... 생각해보니 지금은 어찌할 도리가 없네. 우선 결혼 준비해야 하는데 이렇게 코훌쩍이고 있을 수만은 없지.	N	2022-06-21 17:48:29	2022-11-08 03:40:30
BE22002483	12	1	역시 아무리 힘든 상황이 와도 훌훌 털어버리는 내 신부답다!	N	2022-06-21 17:48:29	2022-11-08 03:40:30
BE22002483	13	0	고마워. 자기도 많이 속상할 텐데 나도 언제까지나 이렇게 옴짝달싹하고 있으면 안 되겠다는 생각이 드네.	N	2022-06-21 17:48:29	2022-11-08 03:40:30
BE22002483	14	1	그래. 우리 휘파람 나올 정도로 신혼여행 계획 다시 한번 즐겁게 짜보자!	N	2022-06-21 17:48:29	2022-11-08 03:40:30
BE22002483	15	0	응. 알겠어! 자기 덕분에 기운이 스멀스멀 살아난다!	Y	2022-06-21 17:48:29	2022-11-08 03:40:30
