id	utterance_id	utterance_type	utterance_text	terminate	regDate	updDate
BE22015472	1	0	좋은 일 하기가 마음처럼 쉬운 게 아니네. 선행을 하는데도 제약이 있어.	N	2022-08-24 07:35:12	2022-08-24 07:35:12
BE22015472	2	1	당신 이미 후원하는 곳 많잖아. 또 무슨 봉사라도 하고 싶은 거야?	N	2022-08-24 07:35:12	2022-08-24 07:35:12
BE22015472	3	0	요즘 혈액원에 피가 모자란다는 기사들이 종종 보여서 헌혈을 좀 하고 싶어. 그런데 당신도 알다시피 내가 정신과 약을 먹고 있잖아. 정신과 약 먹는 사람은 헌혈이 불가피하대서 우울해.	N	2022-08-24 07:35:12	2022-11-08 05:03:16
BE22015472	4	1	남 일이라면 두 발 벗고 나서는 이타적인 사람인데 할 수 없다니 마음이 무척 속상하겠어. 남의 고통이라면 본인의 아픔처럼 여기는 당신이 항상 존경스러워. 이번에 돕지 못한다고 해서 영영 기회가 없는 건 아닐 거야.	N	2022-08-24 07:35:12	2022-11-08 05:03:16
BE22015472	5	0	사회에 봉사하면서 내 존재의 가치를 느끼는데 낙이 없어지는 기분에 슬퍼. 쓸모가 없는 사람인 것 같기도 하고.	N	2022-08-24 07:35:12	2022-11-08 05:03:16
BE22015472	6	1	그동안 당신이 사회에 선한 영향력을 끼치기 위해 얼마나 노력해 왔다고. 그 사실은 변함이 없고 다들 마음 깊이 감사하고 있어. 그러니 자신을 비난하며 슬픔에 마음 아파하지 않았으면 좋겠어.	N	2022-08-24 07:35:12	2022-11-08 05:03:17
BE22015472	7	0	점점 더 나약해지는 것 같고, 요즘 마음대로 풀리는 일이 없는 것 같아.	N	2022-08-24 07:35:12	2022-08-24 07:35:12
BE22015472	8	1	당신이 회사 일에 치이다 보니 마음에 여유가 없어서 그런 것 같아. 지금은 칠흑 같은 어둠처럼 느껴지겠지만 시간이 지남에 따라 당연히 이겨낼 수 있을 거야. 모든 시작엔 끝이 있는 법이거든.	N	2022-08-24 07:35:12	2022-11-08 05:03:17
BE22015472	9	0	정신과 약을 먹는 게 이렇게 제약이 많을지는 미처 몰랐던 거지. 나 괜찮아질 수 있을까?	N	2022-08-24 07:35:12	2022-11-08 05:03:17
BE22015472	10	1	현대인들에게 정신과 약은 마치 감기약과 같은 거야. 당신이 문제가 있어서가 아니라 누구나 겪을 수 있는 일인 거지. 시간이 지나면 분명 나아질 거고 다시 당신이 원하는 것들을 할 수 있을 거야.	N	2022-08-24 07:35:12	2022-11-08 05:03:17
BE22015472	11	0	내가 너무 부정적인 언어들로만 문자를 채워 보낸 것 같아 미안해. 슬픔도 전염이 된다던데 당신이 걱정이네.	N	2022-08-24 07:35:12	2022-11-08 05:03:17
BE22015472	12	1	지금은 충분히 당신의 버팀목이 되어줄 수 있으니 그런 걱정하지 마. 힘들 땐 언제라도 나한테 의지해도 돼. 내가 당신의 나무 같은 그늘이 될 수 있다면 더할 나위 없겠어.	N	2022-08-24 07:35:12	2022-11-08 05:03:17
BE22015472	13	0	항상 내가 원하는 것들을 지지해 주고 내 곁에 있어 줘서 고마워. 당신밖에 없어.	N	2022-08-24 07:35:12	2022-11-08 05:03:17
BE22015472	14	1	당신이 내 곁에 있는 것만으로 큰 기쁨이니까 늘 함께 있어 주기만 해요. 그리고 고마우면 다음엔 당신이 나의 버팀목이 되어줘. 이따 집에서 봐요.	Y	2022-08-24 07:35:12	2022-11-08 05:03:17
