id	utterance_id	utterance_type	utterance_text	terminate	regDate	updDate
BE22015588	1	0	여보, 아이들이 과일과 채소를 먹지 않아. 억지로 먹이려 해 봤지만 그럴수록 더 거부해. 계속 이러면 어쩌나 싶어.	N	2022-08-25 02:16:40	2022-11-08 05:03:59
BE22015588	2	1	나도 저번에 느꼈어. 과일과 채소만 쏙 빼고 먹더라고. 뭐라 했는데 말도 듣지 않아서 식사 시간이 그렇게 유쾌하지 않았어.	N	2022-08-25 02:16:40	2022-11-08 05:03:59
BE22015588	3	0	이렇게 계속 먹지 않으면 안 그래도 성장도 느린데 더 자라지 않을까 봐 걱정이야. 나중에 커서 나처럼 놀림을 받으면 어쩌지 하는 생각도 들고 말이야. 슬픈 생각이 자꾸 들어서 눈물이 다 나는 거 있지.	N	2022-08-25 02:16:40	2022-08-25 02:16:40
BE22015588	4	1	왜 아니겠어. 나도 덜컥 겁이 나더라고. 영양이 부족해서 안 좋은 일이 생기면 어떡하지, 하고 생각하니 나도 모르게 너무 걱정되었어. 제발 먹어 달라고 사정해서 겨우 먹었지 뭐야.	N	2022-08-25 02:16:40	2022-11-08 05:03:59
BE22015588	5	0	맞아. 나는 한때 너무 편식이 심해서 보통 남자보다 키도 작잖아. 항상 반에서 따돌림당했던 기억 때문에 우리 아이들은 그렇게 안 되게 하겠다고 다짐했었거든. 그런 온갖 안 좋은 기억들이 몰려와서 너무 슬퍼졌어.	N	2022-08-25 02:16:40	2022-11-08 05:03:59
BE22015588	6	1	지난 검사에서 모든 게 정상으로 나왔으니 너무 걱정하지 마. 아이들을 보면서 당신이 어릴 적 상처를 떠올리다니 괴로웠을 마음을 생각하니 내가 다 슬프네. 아이들이 당신 닮아서 기본 체력이 튼튼해서 든든한데 왜 그래.	N	2022-08-25 02:16:40	2022-11-08 05:03:59
BE22015588	7	0	내가 당했던 안 좋은 기억은 아이들이 되도록 겪지 않았으면 하는 바람이야. 두 번 다시 인생에선 없어야 할 일이기 때문에 아이들에게 그런 상처를 남길 수 없어.	N	2022-08-25 02:16:40	2022-11-08 05:03:59
BE22015588	8	1	아빠로서 걱정되는 당신 마음 오죽하겠어. 지금 당장은 안 좋은 일이 생각나겠지만 늘 그렇듯 당신처럼 아이들은 극복하고 말 거야. 지금 이렇게 아이들에게 일등 아빠가 된 당신처럼 그렇게 성장할 거라는 생각이 드는걸.	N	2022-08-25 02:16:40	2022-11-08 05:03:59
BE22015588	9	0	작은 사소한 식습관이 안 좋은 결과를 낳을 거라고 자꾸 안 좋은 쪽으로 생각이 기울어.	N	2022-08-25 02:16:40	2022-08-25 02:16:40
BE22015588	10	1	당신은 아이들을 걱정하는 좋은 아빠이니까 당연한 마음이야. 하지만 우리 아이들은 곧 그런 마음을 알고 알아서 먹을 거야. 그리고 그런 일을 겪는다 해도 좌절하지 않고 해내는 아이들로 자랄 거야. 걱정하지 마.	N	2022-08-25 02:16:40	2022-11-08 05:03:59
BE22015588	11	0	당신 말이 맞아. 내가 너무 불안과 걱정에 안 좋은 생각이 나를 붙잡고 있었어. 이런 슬픈 생각 대신에 할 수 있을 거라는 용기를 줘야겠어.	N	2022-08-25 02:16:40	2022-08-25 02:16:40
BE22015588	12	1	역시 이래야 당신이지. 이미 충분히 아이들은 당신에게서 좋은 에너지를 많이 받고 있을 거야. 당신이 얼마나 든든한 아빠인데 그래.	N	2022-08-25 02:16:40	2022-11-08 05:03:59
BE22015588	13	0	그렇게 말해줘서 고마워. 당신과 얘기하길 잘했어. 나는 항상 아이들에게 힘을 주는 아빠니까 힘내야겠어.	N	2022-08-25 02:16:40	2022-11-08 05:04:00
BE22015588	14	1	응. 당신은 할 수 있어. 앞으로 긴 날들을 걱정이 생기더라도 해도 결국엔 해낼 거라고 믿으면 돼. 곁에는 우리가 있으니까 말이야.	N	2022-08-25 02:16:40	2022-11-08 05:04:00
BE22015588	15	0	맞아. 우리가 든든한 힘이 되어주자. 고마워. 당신도 나의 든든한 버팀목이야.	N	2022-08-25 02:16:40	2022-08-25 02:16:40
BE22015588	16	1	나도 마찬가지야. 사랑해.	Y	2022-08-25 02:16:40	2022-08-25 02:16:40
