id	utterance_id	utterance_type	utterance_text	terminate	regDate	updDate
BE22016165	1	0	여보 나 요즘 뭘 해도 돈이 최고라는 생각 때문에 너무 우울해.	N	2022-08-29 05:20:29	2022-08-29 05:20:29
BE22016165	2	1	갑자기 무슨 소리야? 혹시 돈 때문에 힘든 일 생겼어?	N	2022-08-29 05:20:29	2022-08-29 05:20:29
BE22016165	3	0	그런 건 아닌데, 내 동창 중에 부자인 친구 있잖아. 걔를 보면 역시 돈이 최고라는 생각밖에 안 들더라고. 돈 말고 다른 것들도 중요하다는 생각으로 위안을 삼아봤지만 그 친구를 보면 다시 허탈해져.	N	2022-08-29 05:20:29	2022-08-29 05:20:29
BE22016165	4	1	최선을 다해서 살다가도 원래부터 돈이 많은 사람을 보면 힘이 빠질 수도 있지. 당신도 나름대로 가치관을 가지고 치열하게 살아왔는데 돈이 최고라는 생각이 들면 울적하겠다. 당신이 풀이 죽어있는 것 같아서 마음이 안 좋네.	N	2022-08-29 05:20:29	2022-11-08 05:07:34
BE22016165	5	0	당장 내 벌이로는 우리 가족 생활비에 보태는 것만으로도 벅차잖아. 그 친구는 사치품에도 망설임이 없고, 정기적으로 여행 다니는 걸 보면 역시 돈이 최고다 싶어. 요즘 들어 돈이 최고라는 생각이 부쩍 많이 드니까 심적으로 우울하더라.	N	2022-08-29 05:20:29	2022-08-29 05:20:29
BE22016165	6	1	당신이 어떤 맥락으로 슬프다고 하는지 알 것 같아서 내 마음도 아파. 돈 외에도 다른 가치관들을 지키며 살아왔는데 막상 현실 앞에선 그 믿음이 무너진다고 느끼는 거잖아. 그런 감정을 느끼는데 당연히 슬프지.	N	2022-08-29 05:20:29	2022-11-08 05:07:34
BE22016165	7	0	그런 생각들이 꼬리에 꼬리를 물다 보니 어느새 돈 말고는 다 쓸모가 없다는 생각까지 들더라. 게다가 아무리 돈이 최고여도 내 능력으로는 그만큼의 돈을 벌지 못한다는 생각 때문에 더 속상하더라고.	N	2022-08-29 05:20:29	2022-08-29 05:20:29
BE22016165	8	1	당신이 지금 얼마나 우울해할지 눈에 선해서 내가 괜히 찡하다. 그래도 당신이 돈만 좇지 않고 다른 것들도 중요하게 여긴 덕에 가족들과의 추억이 많잖아. 돈도 돈이지만 다른 것들도 중요하다는 가치관이 없었다면 우리 가족들의 추억도 별로 없었을 거야.	N	2022-08-29 05:20:29	2022-11-08 05:07:34
BE22016165	9	0	예전엔 그런 신념으로 가족들을 행복하게 해줄 수 있다고 생각했었어. 그런데 요즘은 내가 돈을 더 많이 벌었다면 더 행복하게 해줄 수 있지 않았을까 싶더라고.	N	2022-08-29 05:20:29	2022-08-29 05:20:29
BE22016165	10	1	당신이 슬픈 마음에 그런 생각을 했다는 건 이해하지만, 전혀 그렇지 않아. 돈이 아무리 좋다고 해도, 당신이 가족을 우선으로 하지 않았다면 이만큼 행복하지도 않았어. 돈이 최고라는 이유로 당신의 인생 전체를 의심하는 건 당신에게 좋지 않을 거야.	N	2022-08-29 05:20:29	2022-11-08 05:07:34
BE22016165	11	0	여보 말을 듣고 보니, 내가 너무 극단적으로 사고하려고 했던 것도 같네. 돈이 넘치게 풍족하진 않았어도 나만의 방식으로 행복하게 살아왔었는데, 이걸 잠시 잊었었나 봐.	N	2022-08-29 05:20:29	2022-11-08 05:07:34
BE22016165	12	1	응, 우리가 돈이 넘치는 부자는 아니지만 우리 벌이만으로도 충분히 행복하게 살아왔잖아. 이 사실은 이전에도 그랬고 앞으로도 변하지 않을 거야. 돈이 최고라는 생각이 들어 울적해진 마음은 이해하지만 이 사실을 잊지 않았으면 해.	N	2022-08-29 05:20:29	2022-11-08 05:07:34
BE22016165	13	0	여보 말이 맞아, 내 한탄을 들어줘서 고마워. 누군가의 우울을 받아내는 일이라는 게 쉽지는 않잖아. 여보가 위로해 준 덕에 마음이 한결 가벼워졌어.	N	2022-08-29 05:20:29	2022-11-08 05:07:34
BE22016165	14	1	당신처럼 가정에 충실하고 올곧은 사람이 어디 있을까 싶은 생각도 하는걸. 그만큼 난 당신을 존경하고 사랑해. 당신이 울적하다고 느낀 그 감정이 나를 통해 해소되었다면 다행이야.	N	2022-08-29 05:20:29	2022-11-08 05:07:34
BE22016165	15	0	여보가 진심으로 이야기를 들어준 덕에 이 슬픈 감정을 이겨낼 수 있을 것 같아. 돈이 최고라는 생각이 들긴 했지만, 내 가치관도 지켜가면서 살아가야겠다는 생각이 들어.	Y	2022-08-29 05:20:29	2022-08-29 05:20:29
