id	utterance_id	utterance_type	utterance_text	terminate	regDate	updDate
BE22000984	1	0	이제 월 만 원이라도 기부하기로 했어요. 방금 소아암 환자들과 관련된 재단에 기부하고 오는 길이에요.	N	2022-06-14 00:59:16	2022-11-08 03:30:41
BE22000984	2	1	얼마 전에 친구의 딸이 소아암으로 세상을 떠났다고 그랬지?	N	2022-06-14 00:59:16	2022-11-08 03:30:41
BE22000984	3	0	네. 그래서 남 일이라고 생각할 수가 없더라고요. 아이들 사연을 읽어 보니 가슴이 너무 아파요.	N	2022-06-14 00:59:16	2022-11-08 03:30:41
BE22000984	4	1	맞아. 암이라는 게 다 큰 어른들도 견뎌내기 정말 힘든 일이잖아. 어린아이들이 그 고통을 어떻게 다 감내하고 있는 건지 생각하면 나도 참 아득해져.	N	2022-06-14 00:59:16	2022-11-08 03:30:41
BE22000984	5	0	모두가 아프지 않은 세상이 오면 좋겠어요. 불가능하다는 걸 알면서 이런 바보 같은 생각을 하게 되네요.	N	2022-06-14 00:59:16	2022-11-08 03:30:41
BE22000984	6	1	여보처럼 이타적인 사람이 그런 세상을 만드는 데에 일조하는 거야. 여보가 내 아내라서 나도 세상을 다양한 시각으로 보게 되는 것 같아. 참 감사한 일이야.	N	2022-06-14 00:59:16	2022-11-08 03:30:41
BE22000984	7	0	나도 아직 부족하기만 한걸요. 이번에 친구 딸이 그렇게 되기 전에는 얼마나 무관심했는지 몰라요.	N	2022-06-14 00:59:16	2022-11-08 03:30:41
BE22000984	8	1	사람은 누구나 피부로 와닿는 일이 아니면 멀리서 관망하는 것처럼 대하곤 하지. 너무 죄책감 가지지는 않았으면 좋겠어.	N	2022-06-14 00:59:16	2022-11-08 03:30:41
BE22000984	9	0	알겠어요. 친구도 딸이 그렇게 되고 나서 재단에 기부를 많이 하고 있대요. 덤덤하게 말하는데 어찌나 가슴이 아프던지 펑펑 울고 말았어요.	N	2022-06-14 00:59:16	2022-11-08 03:30:41
BE22000984	10	1	정말 상상하기 어려운 고통이야. 그 친구 옆에서 여보가 분명히 큰 힘이 되어주고 있을 거야.	N	2022-06-14 00:59:16	2022-11-08 03:30:41
BE22000984	11	0	그렇겠죠? 사실은 어떤 말을 해야 할지 몰라 그냥 들어만 주고 있어요. 조금 전에 나도 재단에 기부를 시작했다고 말하니 고맙다고 하더라고요.	N	2022-06-14 00:59:16	2022-11-08 03:30:41
BE22000984	12	1	나라도 정말 고마울 거야. 여러 다양한 말로 위로를 건네는 것도 좋겠지만, 여보처럼 조용히 같은 행동을 해주는 것, 또 그럼으로써 함께 애도하는 것도 좋은 방법 같아.	N	2022-06-14 00:59:16	2022-11-08 03:30:41
BE22000984	13	0	여보 말 들으니 저도 마음이 조금 편해지는 듯해요. 이변이 없는 한 죽을 때까지 이 기부는 계속할까 해요.	N	2022-06-14 00:59:16	2022-11-08 03:30:41
BE22000984	14	1	좋은 생각이야. 나도 동참할게. 집에 가면 나한테도 재단 이름을 가르쳐줄래? 내 계좌로도 자동이체 신청을 해놔야겠어.	N	2022-06-14 00:59:16	2022-11-08 03:30:41
BE22000984	15	0	알았어요. 집에 오면 봐요.	Y	2022-06-14 00:59:16	2022-11-08 03:30:41
