id	utterance_id	utterance_type	utterance_text	terminate	regDate	updDate
BE22017139	1	0	요즘 눈이 자주 충혈되고 시력이 떨어진 것 같아요. 예전에도 이러다가 안구 건조증이라고 진단받았어요. 눈에 좋은 영양제도 먹었는데 부질없었던 것이라 생각이 들어서 슬프고 마음의 상처가 되었어요.	N	2022-09-06 00:04:49	2022-11-08 05:13:32
BE22017139	2	1	당신의 문자를 읽고 나서 당신의 마음을 알 것 같아요. 나이가 들면 시력 떨어지는 건 누구나 생길 수 있는 일이에요. 너무 자신을 자책하지 말아요.	N	2022-09-06 00:04:49	2022-11-08 05:13:32
BE22017139	3	0	그렇게 생각하려고 노력해도 제가 한심스러워요. 이럴 거면 지독하게 지켰던 나의 식단과 운동은 도대체 왜 한 건지 모르겠어요. 생각할수록 상처가 돼서 나의 노력을 떠올려도 우울해지네요.	N	2022-09-06 00:04:49	2022-09-06 00:04:49
BE22017139	4	1	당연히 그런 생각이 들 거예요. 연애부터 당신을 봐왔을 때 정말 대단할 정도로 노력한 당신이잖아요. 그래도 당신이 노력의 절대 쓸모없는 게 아니니까 그것만 너무 집중해서 자신을 괴롭히지 말아요.	N	2022-09-06 00:04:49	2022-11-08 05:13:32
BE22017139	5	0	운동하고 열심히 살면 이런 질병은 안 생겨야 하잖아요. 이게 나의 논리적인 비약이란 것을 알지만 상처받은 마음에 뭐라도 탓하게 되네요. 몸도 안 좋아지니 우울해져요.	N	2022-09-06 00:04:49	2022-11-08 05:13:32
BE22017139	6	1	남을 탓하지 않고 자기 자신을 괴롭히는 자기의 메시지를 보니 나의 마음이 더 아파요. 자신을 괴롭히면서 이 상황을 받아들이기에는 당신이 너무 우울한 것 같아서 제가 다 속상하네요.	N	2022-09-06 00:04:49	2022-09-06 00:04:49
BE22017139	7	0	그런가요. 저도 모르게 저를 괴롭히고 벼랑 끝으로 몰아세웠나 봐요. 역시 자기가 내 옆에 없다면 난 여전히 우울해지고 슬퍼진 나를 컨트롤하기가 어렵네요.	N	2022-09-06 00:04:49	2022-09-06 00:04:49
BE22017139	8	1	지금 당신이 몸과 마음이 둘 다 지쳐서 그런 거죠. 평상시에는 나도 당신에게 의지했는데 지금 생각해보니 당신에게 너무 부담을 준 것 같아서 미안해요. 너무 걱정하지 말아요.	N	2022-09-06 00:04:49	2022-11-08 05:13:32
BE22017139	9	0	아니에요. 지금 내가 이런 처지인데 지금은 그때로 돌아가고 싶어요. 아무리 힘을 내려고 해도 힘이 안 나서 힘이 못 되어줄 것 같아서 불안해요. 역시 사람은 마음이 상처받으면 우울해지고 슬퍼져서 아무것도 할 수 없는 거네요.	N	2022-09-06 00:04:49	2022-11-08 05:13:32
BE22017139	10	1	당신의 몸부터 챙겨서 다시 가장으로 돌아와 주는 게 제일 바라는 거예요. 치료받고 관리하면 다시 회복할 수 있을 거예요. 자기가 다시 최대한 마음을 편안하게 갖고 건강해져서 오길 바라요.	N	2022-09-06 00:04:49	2022-11-08 05:13:32
BE22017139	11	0	네, 고마워요. 시력이 이렇게 떨어질지는 예상 못했어요. 그래서 더 마음에 상처가 큰 것 같아요. 당신밖에 생각이 안 나서 연락한 건데 연락하길 잘했다는 생각이 들어요.	N	2022-09-06 00:04:49	2022-11-08 05:13:32
BE22017139	12	1	그렇게 타지에서 메시지를 보내주다니 눈물 날 것 같아요. 아까 전까지 당신이 힘이 없어서 슬퍼하는 게 너무 느껴졌어요. 지금은 나 덕분에 힘이 난다는 말이 너무 감사하고 고마울 뿐이에요.	N	2022-09-06 00:04:49	2022-11-08 05:13:32
BE22017139	13	0	그럼요. 나에게 힘이 되어주는 당신이 있어서 다시 일어설 수 있는 거죠. 너무 두렵고 건강의 적신호라는 생각이 드니까 아무 일도 못 하겠더라고요.	N	2022-09-06 00:04:49	2022-09-06 00:04:49
BE22017139	14	1	나의 진심 어린 문자를 보내며 당신에게 힘이 되기를 기도하고 바랐어요.	N	2022-09-06 00:04:49	2022-11-08 05:13:32
BE22017139	15	0	그 진심이 나에게 와서 통했잖아요. 당신이 보내준 메시지 안에 사랑이 가득 들어있더라고요 그것들을 가득 취하고 나니까 상처들이 회복되었어요, 고마워요.	Y	2022-09-06 00:04:49	2022-11-08 05:13:32
