id	utterance_id	utterance_type	utterance_text	terminate	regDate	updDate
BE22007001	1	0	큰일 났어. 점심시간에 나가서 휴대폰 새 걸로 바꾼다고 했잖아. 그런데, 좀 전에 떨어져서 액정이 깨져 버렸네.	N	2022-07-08 01:51:19	2022-11-08 04:09:35
BE22007001	2	1	어머나, 어떻게 해. 그 휴대폰 몇 개월 동안 기다려서 겨우겨우 산 건데 깨져버리다니 말이 안 나오게 슬프겠다. 괜찮아?	N	2022-07-08 01:51:19	2022-11-08 04:09:35
BE22007001	3	0	아니, 지금 너무 슬퍼서 진짜 아무 생각도 안 나고 정신과 몸이 마비되는 느낌이야. 너무 슬프고 어이가 없어서 헛웃음이 나오네.	N	2022-07-08 01:51:19	2022-11-08 04:09:35
BE22007001	4	1	얘기만 들어도 내 마음이 더 아프다. 새 거 사면 스크래치 조금만 나도 마음 상하고 슬픈데 하물며 액정이 깨져 버렸으니. 당신이 얼마나 참담하고 당혹스러울까.	N	2022-07-08 01:51:19	2022-11-08 04:09:35
BE22007001	5	0	너무 인기 있는 제품이어서 예약해서 두 달을 기다렸는데. 어떻게 해. 눈물밖에 안 나오네, 진짜.	N	2022-07-08 01:51:19	2022-11-08 04:09:35
BE22007001	6	1	신상품 출시된 거 알고 바로 예약 걸어서 두 달이나 기다렸는데. 1년 전부터 신상품 사겠다고 용돈도 안 쓰면서 차곡차곡 모아서 어렵게 장만한 건데. 당신 억장이 무너지는 느낌일 거 같아, 슬플 당신을 생각하니 내 마음도 너무 안 좋다.	N	2022-07-08 01:51:19	2022-11-08 04:09:35
BE22007001	7	0	응. 1년을 모은 건데. 액정이 깨져서 지금 화면도 잘 안 보여. 하, 정말 할 말이 없다.	N	2022-07-08 01:51:19	2022-11-08 04:09:35
BE22007001	8	1	그래 당신 마음 충분히 이해해. 혹시 액정 금 간 데 튀어 올라오거나 그런 건 아니지? 혹시라도 다칠 수 있으니까 조심해 당신 다치면 내 마음은 찢어져.	N	2022-07-08 01:51:19	2022-11-08 04:09:35
BE22007001	9	0	응 다행히도 튀어 올라오거나 그러진 않았어. 그리고 액정 보호 필름도 붙여둬서 막 다치거나 하진 않을 거 같아.	N	2022-07-08 01:51:19	2022-11-08 04:09:35
BE22007001	10	1	그건 다행이다. 그리고 당신 너무 슬퍼하지 않아도 돼. 휴대폰 혹시라도 문제 생겨서 슬퍼할까 봐 내가 고객센터에 따로 연락해서 안심 캐어 신청해 뒀어.	N	2022-07-08 01:51:19	2022-11-08 04:09:35
BE22007001	11	0	정말? 정말로? 어떻게 그런 생각을 다 했어. 너무 고마워! 그럼 액정 그냥 고칠 수 있는 건가? 너무 다행이다. 고마워 자기야.	N	2022-07-08 01:51:19	2022-11-08 04:09:35
BE22007001	12	1	응, 내가 전화로 문의해 보니까 액정 무상으로 교체해 준다고 하네. 그런데, 새 상품인데 액정 바꾸면 뭔가 중고 같은 느낌이라 당신이 속상할 거 같아. 우리 저녁에 가서 다시 새로 하나 주문하자.	N	2022-07-08 01:51:19	2022-11-08 04:09:36
BE22007001	13	0	진짜 새 걸로 주문해도 돼? 돈 많이 들 텐데, 새로 사면 돈 이중으로 들잖아.	N	2022-07-08 01:51:19	2022-11-08 04:09:36
BE22007001	14	1	괜찮아. 난 새 거 사서 들어가는 비용보다 당신이 마음 아프고 속상해하는 게 더 슬퍼. 그리고 당신이 얼마나 새 휴대폰 가지고 싶어서 고대했어. 그런데 액정이 바로 깨져서 너무 안타까워, 다른 건 걱정하지 말고 새로 사자.	N	2022-07-08 01:51:19	2022-11-08 04:09:36
BE22007001	15	0	당신이 그렇게 말해주니까 너무 고맙다. 사실 액정 깨져서 너무 슬프고 눈물 나고 화도 났는데. 당신이 날 얼마나 사랑하고 생각해 주는지 다시금 알게 돼서 행복해.	N	2022-07-08 01:51:19	2022-11-08 04:09:36
BE22007001	16	1	당신이 행복하면 나도 너무나 기쁘고 행복해. 이따가 퇴근하고 맛있는 것도 먹고 핸드폰도 새로 사러 가자. 이따가 봐.	Y	2022-07-08 01:51:19	2022-11-08 04:09:36
