id	utterance_id	utterance_type	utterance_text	terminate	regDate	updDate
BE22014319	1	0	여보, 오늘 회사에서 내가 이기적이라는 말을 들어서 슬퍼.	N	2022-08-16 07:36:54	2022-08-16 07:36:54
BE22014319	2	1	저런, 누가 그렇게 나쁘게 말을 한 거야?	N	2022-08-16 07:36:54	2022-08-16 07:36:54
BE22014319	3	0	그냥 우연히 나에 대해서 사람들이 이야기하는 걸 엿듣게 되었는데, 나보고 베풀 줄 모르는 이기적인 사람이래. 그 말을 듣는 순간 너무 충격이고 눈물이 날 뻔했어.	N	2022-08-16 07:36:54	2022-11-08 04:56:07
BE22014319	4	1	내가 그 자리에 있었어도 엉엉 울었겠다. 그렇게 못된 말을 뒤에서 하다니, 사람들이 참 나쁘네. 우리 자기가 정말 속상했겠다.	N	2022-08-16 07:36:54	2022-11-08 04:56:07
BE22014319	5	0	내가 베풀 줄 모른다는 거 나도 어느 정도 인정하는 부분이기는 해. 당신도 알잖아, 내가 어릴 때부터 너무 가난하게 자라서 베푸는 일에 서툴다는 거. 나도 고치려고 노력 많이 하는데 사람들은 내가 이기적이라고 느꼈다니 참 슬퍼.	N	2022-08-16 07:36:54	2022-11-08 04:56:07
BE22014319	6	1	그랬구나, 자기가 그 이야기는 우리 처음 만났을 때부터 하기는 했지. 하지만 사람의 단점을 그렇게 뒤에서 이야기하는 건 안 좋은 거잖아. 자기가 자기 탓을 할 필요는 없어, 자기 잘못이 아니야.	N	2022-08-16 07:36:54	2022-11-08 04:56:08
BE22014319	7	0	나의 어떤 부분이 이기적으로 보였던 건지 사람들에게 물어보고 싶어. 나도 고칠 수 있다면 고치고 싶은데, 습관이 돼서 어려운 거거든. 어릴 때 습관이 고쳐지지 않으니 너무 속상하고 힘들다.	N	2022-08-16 07:36:54	2022-11-08 04:56:08
BE22014319	8	1	당신이 슬퍼하는 모습을 보니 나도 마음이 찢어지는 것 같다. 습관 같은 건 내 마음대로 되지 않는 것이니 더더욱 속상하지, 그 마음 잘 알아. 내가 앞으로 고치는 거 도와줄 테니 너무 속상해하지 않았으면 좋겠어.	N	2022-08-16 07:36:54	2022-11-08 04:56:08
BE22014319	9	0	그래 고마워, 앞으로는 자기가 내가 실수할 때마다 지적하고 도와줘. 자기의 위로를 들으니 마음이 조금 나아지는 것 같아. 나도 좋은 사람이 되고 싶은데, 아직 노력이 많이 필요해서 어렵다.	N	2022-08-16 07:36:54	2022-11-08 04:56:08
BE22014319	10	1	자기는 이미 좋은 사람이야, 자신감을 가졌으면 좋겠어. 나는 살면서 자기처럼 착하고 배려심 있는 사람을 본 적이 없거든. 그러니 내가 당신과 결혼한 거지, 나 사람 보는 눈 정확한 거 알잖아.	N	2022-08-16 07:36:54	2022-11-08 04:56:08
BE22014319	11	0	당신의 그 말을 들으니 기분이 좋아져. 회사에서 상처받고 자기에게 치유를 받는 것 같아. 안 좋은 기억은 훌훌 털어버리고 반성의 기회로 삼아야겠다고 생각하니 마음이 편해.	N	2022-08-16 07:36:54	2022-11-08 04:56:08
BE22014319	12	1	자기의 그런 긍정적인 마음이 참 멋있어. 슬퍼하는 것보다 그걸 동력으로 삼아 나아가는 게 마음이 편해지는 길이지. 자기는 잘 해낼 수 있을 거야, 내가 옆에서 항상 응원하고 있잖아.	N	2022-08-16 07:36:54	2022-11-08 04:56:08
BE22014319	13	0	당신이 있어서 항상 힘이 나. 어떤 슬픈 일도 자기와 이야기하면 다 회복되는 것 같아. 진심으로 고맙고, 사랑해 여보.	N	2022-08-16 07:36:54	2022-11-08 04:56:08
BE22014319	14	1	당신 기분이 나아졌다니 나도 정말 기쁘다. 다 잊어버리고 회사에서 행복하게 일하다가 와.	Y	2022-08-16 07:36:54	2022-11-08 04:56:08
