id	utterance_id	utterance_type	utterance_text	terminate	regDate	updDate
BE22003632	1	0	자기야, 나 오른쪽 손목에 반깁스를 하게 되었어.	N	2022-06-25 12:27:26	2022-11-08 03:47:49
BE22003632	2	1	뭐? 어쩌다 다친 거야. 나 속상하게. 괜찮아?	N	2022-06-25 12:27:26	2022-11-08 03:47:49
BE22003632	3	0	원래 손목을 좀 많이 쓰는 일이라서 터널 증후군 증세가 조금씩 있었어. 그런데 이번에 짐 옮길 일이 있었는데 어젯밤부터 시큰거리더니 병원 오니까 깁스를 하라네. 그런데 오른손에 깁스를 하고 나니까 왼손잡이들의 서러운 마음을 알겠어.	N	2022-06-25 12:27:26	2022-11-08 03:47:49
BE22003632	4	1	아이고, 자기가 아프다니까 내 마음이 다 시린 것 같아. 손목이 아픈 것도 서러울 텐데 일상생활에 불편함까지 느껴야 되다니 슬프겠네. 나도 같이 속상해.	N	2022-06-25 12:27:26	2022-11-08 03:47:49
BE22003632	5	0	응, 아픈 것도 아픈 건데 왼손잡이였던 우리 엄마 생각나서 마음이 더 아파. 엄마랑 다니면 엘리베이터 버튼 누를 때도 그렇고 문 손잡이 앞에서 멈칫거리는 경우가 많았거든. 그때는 느린 엄마가 답답하기만 했는데 지금은 왜 그렇게 재촉했을지 너무 후회가 돼서 눈물이 나.	N	2022-06-25 12:27:26	2022-11-08 03:47:49
BE22003632	6	1	자기가 아픈 것보다 어머님의 아픔에 공감하고 있다니 우리 여보 공감능력이 너무 따뜻하다. 오히려 어머니는 괜찮다고 생각하실 거야. 자기의 이런 따뜻한 마음을 알게 되시면 더 감동받으실 수도 있겠다.	N	2022-06-25 12:27:26	2022-11-08 03:47:49
BE22003632	7	0	내가 아파서 그런지는 몰라도 왼손잡이들은 평생 억울했을 것 같아. 그게 우리 엄마였을 텐데 공감해주지 못하고 도와주지 못할망정 왜 그랬을까. 옛날의 나에게 찾아가서 꾸지람이라도 하고 싶을 정도로 후회가 돼.	N	2022-06-25 12:27:26	2022-11-08 03:47:49
BE22003632	8	1	자기야. 너무 과거의 일을 붙들고 있으면 자기만 괴로울 뿐이야. 그럴 때는 좋아하는 음식을 먹거나 책을 읽으면서 지금의 행복을 찾아보는 건 어떨까? 아프기까지 한데 자기가 슬픈 생각에 몰두하고 있는 것 같아서 걱정이 돼.	N	2022-06-25 12:27:26	2022-11-08 03:47:49
BE22003632	9	0	응, 따뜻한 바닐라 라떼 한잔 내려서 마셔야겠다. 그리고 오늘 밤에는 엄마한테 전화해야겠어. 그러고 보니 전화기도 왼손으로 들어야겠네.	N	2022-06-25 12:27:26	2022-11-08 03:47:49
BE22003632	10	1	그래, 라떼 한잔 하고 장모님께 전화해서 자기가 느낀 감정들을 솔직하게 말씀드려 봐.	N	2022-06-25 12:27:26	2022-11-08 03:47:49
BE22003632	11	0	응, 그럴게. 아픈 건 싫은데 이렇게 몰랐던 부분을 알게 되는 것 같아. 생각이 많아져서 그런가?	N	2022-06-25 12:27:26	2022-11-08 03:47:49
BE22003632	12	1	자기는 늘 남을 배려하고 생각하는 성격이라서 그렇지. 물론 나는 여보의 그런 점을 사랑해.	N	2022-06-25 12:27:26	2022-11-08 03:47:49
BE22003632	13	0	고마워 자기야. 늘 내 이야기 들어줘서 고맙고 나도 사랑해.	N	2022-06-25 12:27:26	2022-11-08 03:47:49
BE22003632	14	1	응, 나도. 빨리 나았으면 좋겠어.	Y	2022-06-25 12:27:26	2022-11-08 03:47:49
