id	utterance_id	utterance_type	utterance_text	terminate	regDate	updDate
BE22010088	1	0	여보, 내가 어릴 때 살았던 고향 집이 개발 때문에 철거가 되었대. 대신 아파트가 들어선다는데 나 마음이 너무 슬퍼. 꼭 고향을 잃어버린 거 같아 눈물이 나네.	N	2022-07-19 05:28:09	2022-11-08 04:29:21
BE22010088	2	1	아이고, 당신 정말 마음 아프겠다. 거기는 당신 어릴 적의 추억이 고스란히 서려 있는 곳일 텐데 그렇게 돼서 어떡하지? 나도 마음이 이렇게 안 좋은데 당신은 말도 못 하겠다.	N	2022-07-19 05:28:09	2022-11-08 04:29:21
BE22010088	3	0	이제는 이 세상에 안 계신 엄마와의 추억도 고스란히 남아 있는 곳이야. 나는 엄마가 일찍 돌아가셔서 더 애틋한 거 당신도 알지? 그런데 그 엄마 기억까지 다 빼앗긴 거 같아 진짜 가슴이 찢어진다.	N	2022-07-19 05:28:09	2022-11-08 04:29:21
BE22010088	4	1	소중한 장소가 사라지는 걸 바라만 봐야 하는 심정은 말로 다 못 하지. 우리나라처럼 특히 발전이 빠른 나라는 그런 경우가 많은 거 같아. 다 가슴 아픈 일이야.	N	2022-07-19 05:28:09	2022-11-08 04:29:21
BE22010088	5	0	그래서 내가 더 무력하게 느껴져. 사실은 나중에 여유가 생기면 그 집을 도로 사서 주말 별장처럼 쓰려고 했거든? 그 계획을 꿈꾼 지 얼마 되지도 않아 그렇게 돼서 너무 허망해.	N	2022-07-19 05:28:09	2022-11-08 04:29:21
BE22010088	6	1	당신 계획대로 됐으면 나도 너무 좋았겠다. 정말 좋은 생각인데 이렇게 돼서 서운하다. 그런데 지역 개발은 개인의 힘으로는 막을 수 없는 거 같아.	N	2022-07-19 05:28:09	2022-11-08 04:29:21
BE22010088	7	0	그래서 한 편으로는 화도 나. 이렇게 과거의 추억을 다 때려 부수어서 아파트를 짓는 행태를 언제까지 할지 모르겠어. 아파트만 많이 들어선다고 나라가 발전하는 것도 아니잖아?	N	2022-07-19 05:28:09	2022-11-08 04:29:21
BE22010088	8	1	지금 추세가 그래서 당분간 계속될 거 같아. 앞으로 삶의 여유가 생기면 과거 추억의 장소도 소중하게 생각하는 날이 올 거야. 그러니 당신도 너무 속상해하지 마.	N	2022-07-19 05:28:09	2022-11-08 04:29:21
BE22010088	9	0	그런 날이 빨리 왔으면 좋겠어. 몇백 년 전 거리를 그대로 유지하고 있는 유럽 어느 나라를 보면 정말 부러워.	N	2022-07-19 05:28:09	2022-11-08 04:29:22
BE22010088	10	1	당신 바람대로 우리도 곧 그런 날이 올 테지. 당신은 당신의 고향 집을 지키지 못 했지만 우리 자식들에게는 추억이 깃든 장소를 물려주고 싶다.	N	2022-07-19 05:28:09	2022-11-08 04:29:22
BE22010088	11	0	당신 생각이 내 생각이야. 그때까지 내 고향 집도 그대로 있었으면 얼마나 좋았을까? 진짜 너무 아쉬워.	N	2022-07-19 05:28:09	2022-11-08 04:29:22
BE22010088	12	1	왜 그런 생각이 안 들겠어? 대신 당신 기억 속의 고향 집은 아무도 뺏어갈 수 없으니 안심해. 그 기억은 당신 만의 소중한 추억으로 영원히 당신을 행복하게 해줄 거야.	N	2022-07-19 05:28:09	2022-11-08 04:29:22
BE22010088	13	0	그래, 내 기억 속의 엄마와 우리 집은 영원히 나만의 것이지. 난 그냥 그 집이 계속 그곳에 있다고 믿고 살래.	N	2022-07-19 05:28:09	2022-11-08 04:29:22
BE22010088	14	1	정말 좋은 생각했어. 당신이 모든 일을 이렇게 긍정적으로 생각하니까 우리 가족도 화목한 거 같아. 당신에게 늘 고마워하고 있어.	N	2022-07-19 05:28:09	2022-11-08 04:29:22
BE22010088	15	0	응? 얘기가 그렇게 되나? 좀 뜬금없기는 하지만 당신 칭찬이 싫지는 않네. 그래도 당신한테 속상한 거 털고 나니 마음이 한결 가벼워졌어. 고마워, 여보.	Y	2022-07-19 05:28:09	2022-11-08 04:29:22
