id	utterance_id	utterance_type	utterance_text	terminate	regDate	updDate
BE22012909	1	0	여보 엄마가 오늘 보이스피싱을 당했다고 연락이 왔어요. 엄마가 너무 속상해하셔서 내 맘이 더 슬프고 아파요.	N	2022-08-02 09:32:12	2022-11-08 04:47:11
BE22012909	2	1	그런 연락을 받았으니 당신도 많이 놀랐겠네? 속상해하는 어머니를 보면서 당신 맘이 얼마나 힘들고 아팠을까?	N	2022-08-02 09:32:12	2022-11-08 04:47:11
BE22012909	3	0	주변에 보이스피싱을 당해서 사기당했다는 뉴스나 소식은 종종 들었었는데 우리 엄마가 그렇게 당할 줄은 몰랐어요.	N	2022-08-02 09:32:12	2022-11-08 04:47:11
BE22012909	4	1	그런 일이 당신에게 닥치리라고 누가 상상했겠어? 나라도 그런 경우가 오면 당연히 사기라 생각하고 무시해버릴 수 있다고 자신했을 거 같아.	N	2022-08-02 09:32:12	2022-11-08 04:47:11
BE22012909	5	0	엄마에게 그런 전화를 받으면 꼭 의심하고 나에게 확인 전화를 꼭 하라고 말씀드렸어야 했는데. 그렇게 미리 말씀드리지 못했던 게 너무 후회돼요.	N	2022-08-02 09:32:12	2022-11-08 04:47:11
BE22012909	6	1	아무리 알고 있어도 순간적으로 당황하면 당할 수 있어. 그러니 당신이 미리 말씀드리지 못한 거에 대해 너무 후회하고 슬퍼하지 마.	N	2022-08-02 09:32:12	2022-11-08 04:47:11
BE22012909	7	0	엄마가 너무 놀라고 당황하셨는지 막 우시면서 신고해 달라면서도 내게 막 미안하다고 하시는 거예요. 그렇게 속상해하시니 내가 더 슬프더라고요.	N	2022-08-02 09:32:12	2022-11-08 04:47:11
BE22012909	8	1	당신이 어머니를 얼마나 챙기고 돌보고 있는데 놀라고 힘든 일을 당하셨으니 당신이 얼마나 속상하겠어. 이번 일을 계기로 다시는 이런 일이 안 생기도록 잘 얘기하면 되니까 너무 걱정하지 마.	N	2022-08-02 09:32:12	2022-11-08 04:47:11
BE22012909	9	0	정말 보이스피싱은 순간적으로 누구나 당할 수 있는 것 같아요. 엄마가 그런 뻔한 사기에 당했다는 게 아직도 이해되질 않아요.	N	2022-08-02 09:32:12	2022-11-08 04:47:11
BE22012909	10	1	당신이 직접 곁에 있지 않았으니 그 상황을 이해하지 못하는 것은 당연해. 어머니께서도 모르진 않으셨을 텐데 순간적으로 당하셨을 거야.	N	2022-08-02 09:32:12	2022-11-08 04:47:11
BE22012909	11	0	안 그래도 엄마가 너무 속상해하셔서 지금 엄마에게 다녀와야 할 것 같아요.	N	2022-08-02 09:32:12	2022-11-08 04:47:11
BE22012909	12	1	잘 생각했어. 엄마를 걱정하고 위로하는 당신 마음이 너무 착하고 마음이 깊어서 내가 더 감동이다. 당장 가서 위로해 드리면 당신 마음도 좀 편해질 거야.	N	2022-08-02 09:32:12	2022-11-08 04:47:11
BE22012909	13	0	지금 내 마음도 너무 속상하고 슬프지만, 엄마는 지금의 나보다 더 슬퍼하고 있는 거 같아요.	N	2022-08-02 09:32:12	2022-11-08 04:47:11
BE22012909	14	1	다른 사람들 같았으면 나무라고 질책도 했을 텐데 당신은 어쩜 항상 어머니를 잘 위로해 줄까? 같이 아파해주니 어머니께서도 당신 얼굴을 보면 놀란 마음이 분명 진정되실 거야. 어머니께 당신 같은 딸이 있어서 정말 다행이야.	N	2022-08-02 09:32:12	2022-11-08 04:47:11
BE22012909	15	0	저는 당신이 지금처럼 항상 위로해 주고 응원해 주잖아요. 저도 당신이 있어서 너무 다행이에요.	Y	2022-08-02 09:32:12	2022-11-08 04:47:11
