id	utterance_id	utterance_type	utterance_text	terminate	regDate	updDate
BE22002973	1	0	여보. 나 너무 속상해.	N	2022-06-23 08:28:18	2022-11-08 03:43:37
BE22002973	2	1	응? 무슨 일 있어?	N	2022-06-23 08:28:18	2022-11-08 03:43:37
BE22002973	3	0	내가 사진 보냈거든? 한번 봐. 미용실에서 머리 잘랐는데 정말 망한 거 같아. 속상해.	N	2022-06-23 08:28:18	2022-11-08 03:43:37
BE22002973	4	1	내 눈에는 예쁘기만 한데 당신 눈에는 맘에 안 드는구나. 다른 사람이 예쁘다 해도 본인 맘에 안 들면 속상하지.	N	2022-06-23 08:28:18	2022-11-08 03:43:37
BE22002973	5	0	응. 내가 원했던 건 이게 아닌데 내가 분명 사진까지 보여줬는데 다르게 잘랐어. 실망이 커.	N	2022-06-23 08:28:18	2022-11-08 03:43:37
BE22002973	6	1	당신 속상해서 어쩌지? 그래도 여보 위로가 될진 모르겠지만 머리는 다시 자라니깐 너무 낙담하지 말아.	N	2022-06-23 08:28:18	2022-11-08 03:43:37
BE22002973	7	0	맞아. 머리는 다시 자라니까 시간이 지나면 해결되긴 하겠지. 근데 거울 볼 때마다 우울해.	N	2022-06-23 08:28:18	2022-11-08 03:43:37
BE22002973	8	1	그러게. 큰맘 먹고 미용실 가서 변화를 준 건데 맘에 안 들어서 너무 실망스러울 것 같아.	N	2022-06-23 08:28:18	2022-11-08 03:43:37
BE22002973	9	0	바로 그거야. 그래도 당신이 내 마음을 읽듯이 알아주니까 조금 기분이 나아지네.	N	2022-06-23 08:28:18	2022-11-08 03:43:37
BE22002973	10	1	그렇다면 다행이야. 여보 아니면 같이 모자 사러 갈래? 예쁜 모자 사서 쓰면 기분이 더 나아지지 않을까?	N	2022-06-23 08:28:18	2022-11-08 03:43:37
BE22002973	11	0	어머 좋은 생각이야 여보. 기분전환이 될 것 같아. 머리도 가릴 수 있고.	N	2022-06-23 08:28:18	2022-11-08 03:43:37
BE22002973	12	1	응 같이 사러 가자. 내가 예쁜 걸로 골라줄게. 그리고 여보 기분에 도움이 될진 모르겠지만 내 눈엔 지금도 머리 잘 어울려.	N	2022-06-23 08:28:18	2022-11-08 03:43:37
BE22002973	13	0	그렇게 말해줘서 고마워. 당신 눈에만 예쁘면 됐지. 기분이 나아지는데 당연히 도움 돼!	N	2022-06-23 08:28:18	2022-11-08 03:43:37
BE22002973	14	1	여보가 너무 맘 상해하는 것 같아서 걱정이었는데 좀 기분이 나아졌다니 다행이다. 얼른 모자도 사러 가자!	N	2022-06-23 08:28:18	2022-11-08 03:43:37
BE22002973	15	0	좋아! 머리는 마음에 맘에 안 들어도 모자는 내 맘에 드는 걸로 골라야지!	Y	2022-06-23 08:28:18	2022-11-08 03:43:37
