id	utterance_id	utterance_type	utterance_text	terminate	regDate	updDate
BE22013878	1	0	여보, 지금 내 마음은 슬픔으로 가득 차 있어. 오늘 스트레칭을 하다가 잘못해서 갑자기 인대가 늘어나 버렸거든. 생각할수록 우울한 마음이 들어.	N	2022-08-10 23:51:12	2022-08-10 23:51:12
BE22013878	2	1	갑작스럽게 다친 거라 통증도 심하고 정말 힘들겠네. 슬퍼하는 당신 모습을 떠올리니, 나도 눈물이 날 것 같아.	N	2022-08-10 23:51:12	2022-08-10 23:51:12
BE22013878	3	0	근처 정형외과에 가 보니까, 부상이 심해서 두어 달 동안 치료를 받아야 한대. 그 이야기를 듣는 순간, 슬픔이 쓰나미처럼 밀려왔어.	N	2022-08-10 23:51:12	2022-08-10 23:51:12
BE22013878	4	1	나는 지난봄에 손목만 살짝 삐어도 정말 서럽고 울적했거든. 자기가 그렇게 슬퍼하는 것도 너무나 당연해.	N	2022-08-10 23:51:12	2022-11-08 04:53:16
BE22013878	5	0	내가 너무 무리하다가 이런 일이 일어난 것 같아서 정말 슬프고 후회가 밀려와. 나 자신이 한심스럽다는 생각이 들어서, 한숨만 나오고 기운이 하나도 없어.	N	2022-08-10 23:51:12	2022-08-10 23:51:12
BE22013878	6	1	당신이 이렇게 슬퍼하는 모습은 처음 보는 것 같아. 힘들어하는 당신 모습을 보니, 내 마음도 찢어지는 것 같아.	N	2022-08-10 23:51:12	2022-11-08 04:53:17
BE22013878	7	0	인대가 늘어나서 팔을 들어 올릴 수도 없어서 한숨만 계속 나와. 앞으로도 계속 아플 거라고 생각하니, 이제는 비통함마저 들어.	N	2022-08-10 23:51:12	2022-08-10 23:51:12
BE22013878	8	1	나도 마음이 답답하고 억장이 무너지는 것 같아. 무슨 말로 당신을 위로해 줘야 할지 모르겠어.	N	2022-08-10 23:51:12	2022-08-10 23:51:12
BE22013878	9	0	집안일도 거의 못하고 당신에게도 잘 못 해 줄 것 같아서 절망이 밀려와. 삶의 의욕도 점점 더 없어지는 것 같아서 정말 우울해.	N	2022-08-10 23:51:12	2022-08-10 23:51:12
BE22013878	10	1	당신의 마음을 조금이라도 위로해 주고 싶은 심정이야. 당신은 누구보다도 강한 의지를 갖고 있고, 뭐든지 꾸준하게 해내잖아. 병원에서 잘 치료 받으면 괜찮아질 테니, 너무 슬퍼하지 말고 기운 내.	N	2022-08-10 23:51:12	2022-11-08 04:53:17
BE22013878	11	0	당신 말을 들으니 슬픔이 절반으로 줄어든 것 같아. 힘들어하는 나를 위로해 주고 격려해 줘서 정말 고마워.	N	2022-08-10 23:51:12	2022-11-08 04:53:17
BE22013878	12	1	앞으로 집안일은 내가 당신을 대신해서 전부 맡아서 할 테니 아무 걱정도 하지 마. 그러니 이제 당신이 더 이상 슬퍼하지 않았으면 좋겠어.	N	2022-08-10 23:51:12	2022-11-08 04:53:17
BE22013878	13	0	당신이 그렇게 배려해 주니 정말 감동이야. 당신에게 고마운 마음을 어떻게 표현해야 할지 몰라 안타깝기만 해.	N	2022-08-10 23:51:12	2022-08-10 23:51:12
BE22013878	14	1	당신도 힘들 때나 기쁠 때나 나에게 정말 진심으로 잘해 주잖아. 당신은 이번 기회에 푹 쉬고 마음도 편하게 가지도록 해.	N	2022-08-10 23:51:12	2022-11-08 04:53:17
BE22013878	15	0	역시 나에게는 당신밖에 없네. 늘 곁에서 도와주고 격려해 줘서 진심으로 고맙게 생각해. 정말 사랑해, 여보.	Y	2022-08-10 23:51:12	2022-08-10 23:51:12
