id	utterance_id	utterance_type	utterance_text	terminate	regDate	updDate
BE22005420	1	0	여보, 나 오늘 좀 늦을 것 같으니까 기다리지 말고 먼저 자요. 지금 한참 대리기사 구하기가 어려운 시간이라 아예 늦게 가려고요.	N	2022-06-30 12:37:33	2022-11-08 03:59:19
BE22005420	2	1	당신 술 끊은 지 몇 달째인데 대리기사가 왜 필요해요? 무슨 일 있었어요?	N	2022-06-30 12:37:33	2022-11-08 03:59:20
BE22005420	3	0	친구가 모친상을 당했다는 연락이 와서 급하게 장례식장에 왔어요. 친구 식사 챙겨주다가 나도 옆에서 소주 두 잔 마시게 되었거든요.	N	2022-06-30 12:37:33	2022-11-08 03:59:20
BE22005420	4	1	어머 세상에 그런 일이 있었군요. 밥 안 먹으면 기운 없어서 버틸 힘도 없는데 당신이 잘했네요. 옆에서 친구 많이 위로해 주고 와야겠어요.	N	2022-06-30 12:37:33	2022-11-08 03:59:20
BE22005420	5	0	친구네 어머니도 자주 뵙던 사이인데 이렇게 가시다니 황망하고 비통하네요. 이모처럼 생각하던 분인데 다시 뵐 수 없는 것도 슬프고 갑작스러운 일을 겪은 친구도 짠하고요.	N	2022-06-30 12:37:33	2022-11-08 03:59:20
BE22005420	6	1	가깝게 여기던 분을 잃고 절친한 친구가 애통해하는 모습을 보면 당신 얼마나 마음이 아프겠어요. 이야기만 들은 나도 가슴이 시리고 먹먹한걸요.	N	2022-06-30 12:37:33	2022-11-08 03:59:20
BE22005420	7	0	네. 이야기 전해 듣고 놀라서 한동안 정신을 차릴 수가 없더라고요. 장례식장 와서 울 기운도 없이 넋을 놓은 친구를 보니까 가슴이 찢어질 것 같았어요.	N	2022-06-30 12:37:33	2022-11-08 03:59:20
BE22005420	8	1	그 모습을 상상하는 것만으로도 너무 슬퍼서 코끝이 찡해지네요. 당신이 애처롭고 쓸쓸하게 여길 만해요.	N	2022-06-30 12:37:33	2022-11-08 03:59:20
BE22005420	9	0	나라도 친구의 위안이 되어 주어야 하는데 그러지 못하고 같이 처져있는 게 미안하고 속상하더라고요.	N	2022-06-30 12:37:33	2022-11-08 03:59:20
BE22005420	10	1	슬픈 일을 겪을 때 가까운 사람이 함께 감정을 공감해 주고 나눠주는 것만으로도 위로가 되는걸요. 당신만의 방식대로 훌륭히 친구를 위로해 주고 있는 거니까 자책하지 말고 기운 내요.	N	2022-06-30 12:37:33	2022-11-08 03:59:20
BE22005420	11	0	그렇게 말해주니 마음이 훨씬 편안하네요. 내 슬픈 감정도 조절 못해서 훨씬 더 힘든 친구한테 민폐를 끼치는 건 아닌가 걱정했거든요.	N	2022-06-30 12:37:33	2022-11-08 03:59:20
BE22005420	12	1	전혀 아니에요. 친구도 당신의 진심을 알고 힘들 때 제일 먼저 달려와서 옆에 있어 준 걸 감사할걸요? 그러니까 괜한 걱정 하지 말아요.	N	2022-06-30 12:37:33	2022-11-08 03:59:20
BE22005420	13	0	고마워요. 그럼 장례식장에 조금 더 머무르면서 친구한테 필요한 도움이 있으면 도와주고 갈게요. 먼저 쉬고 있어요.	N	2022-06-30 12:37:33	2022-11-08 03:59:20
BE22005420	14	1	알겠어요. 나는 신경 쓰지 말고 충분한 시간 보내며 도와주고 와요.	N	2022-06-30 12:37:33	2022-11-08 03:59:20
BE22005420	15	0	네. 그럼 출발할 때 연락할게요.	Y	2022-06-30 12:37:33	2022-11-08 03:59:20
