id	utterance_id	utterance_type	utterance_text	terminate	regDate	updDate
BE22011468	1	0	여보, 진짜 슬프고 우울한 날이네요, 친하던 대리님 주 4일 근무하는 곳으로 이직했데요.	N	2022-07-25 06:17:13	2022-11-08 04:38:05
BE22011468	2	1	주 4일 근무요? 우와 복지가 정말 좋네요, 당신 격주로 주 6일 근무라서 많이 힘들어하는데. 같이 일하던 대리님이 복지 좋은 곳으로 이직했다는 얘기를 들었을 때 마음이 씁쓸했을 거 같아요. 괜찮아요?	N	2022-07-25 06:17:13	2022-11-08 04:38:05
BE22011468	3	0	맞아요. 여보 말처럼 대리님 얘기 듣는데 와 진짜 다들 이직하는구나 싶었어요. 이번 분기에 저희 팀 벌써 절반이 이직했어요. 그래서 내가 뭐 하고 있는 건지 싶고 슬프고 우울하네요.	N	2022-07-25 06:17:13	2022-11-08 04:38:05
BE22011468	4	1	당신이 충분히 심적으로 당황스럽고 슬플 거 같아요. 열심히 해보자 하면서 일했는데, 회사 사정이 힘들어지면서 격주 6일 체제로 변하니까 다들 이직하잖아요.	N	2022-07-25 06:17:13	2022-11-08 04:38:05
BE22011468	5	0	맞아요. 진짜 다들 이직하니까 제 마음이 많이 힘드네요. 그리고 이제는 연봉이 높지 않더라도 복지 좋은 곳으로 이직하고 싶어요.	N	2022-07-25 06:17:13	2022-11-08 04:38:05
BE22011468	6	1	당신 마음 정말로 너무 이해가 돼요. 하필이면 또 가장 친했던 분이 좋은 곳으로 옮겼다고 하니 많이 허탈할 거 같아요. 당신이 6일로 바뀐 후로 아이들이랑 시간을 못 보내준다고 스트레스도 많이 받았잖아요.	N	2022-07-25 06:17:13	2022-11-08 04:38:06
BE22011468	7	0	맞아요. 예전에는 매주 여행 다니고 아이들이랑 놀러도 다니고 했는데. 6일 체제로 바뀐 다음부터 너무 힘들어서 쉬는 날이면 잠자기 바쁜 거 같아요. 그래서 아이들에게도 여보에게도 너무 미안해요.	N	2022-07-25 06:17:13	2022-11-08 04:38:06
BE22011468	8	1	저도 옆에서 당신 지켜보면서 당신이 요즘 회사 일로 너무 힘들어 보여서 마음이 아팠어요. 매일 야근에 주말 출근까지, 그런 당신 보면 제 마음이 찢어지고 눈물이 나게 슬프더라고요. 그런데 당신이 아이들과 시간을 못 보내줘서 미안한 마음을 가지고 있었다니 제가 더 가슴이 아프네요.	N	2022-07-25 06:17:13	2022-11-08 04:38:06
BE22011468	9	0	네, 그래서 당신만 괜찮다고 하면. 연봉을 낮추더라도 복지 좋은 곳으로 이직하고 싶어요. 그래서 아이들이랑 당신이랑 예전처럼 주말마다 여행도 다니고 시간도 많이 보내고 싶어요.	N	2022-07-25 06:17:13	2022-11-08 04:38:06
BE22011468	10	1	저는 당연히 좋죠. 사실 제가 먼저 당신한테 힘들면 이직해도 좋을 거 같다고 제의하고 싶었어요. 당신이 자기 일에 열정적인 사람이라 혹시라도 제 얘기에 기분 상할까 봐 얘기를 못 꺼냈어요.	N	2022-07-25 06:17:13	2022-11-08 04:38:06
BE22011468	11	0	여보가 먼저 그런 생각을 해줬다고 하니 너무 고마워요. 지금 여보 문자 보면서 너무 고마워서 눈물이 날 뻔했어요.	N	2022-07-25 06:17:13	2022-11-08 04:38:06
BE22011468	12	1	당연한걸요. 당신이 행복해야 저도 우리 아이들도 모두 행복해요. 당신이 연봉은 생각하지 말고 좀더 편한 곳으로 옮겼으면 좋겠어요. 그러면 제 마음도 기쁘고 행복할 거 같아요.	N	2022-07-25 06:17:13	2022-11-08 04:38:06
BE22011468	13	0	당신이 저를 적극적으로 지지해 주고 제 슬픔에 같이 슬퍼해 주니까 제 마음이 너무 따뜻해져요. 고마워요.	N	2022-07-25 06:17:13	2022-11-08 04:38:06
BE22011468	14	1	당신이 가족을 위해 헌신하고 힘든데도 힘든 내색하지 않잖아요. 그리고 퇴근 후 꼭 아이들과 놀아주려고 해서 너무 감사하고 고마워요. 당신 문자 보면서 그동안 힘들었을 당신을 생각하니 눈물이 나요.	N	2022-07-25 06:17:13	2022-11-08 04:38:06
BE22011468	15	0	당신 문자를 보니 너무 힘이 나고 든든해요. 고마워요. 슬프고 우울했던 마음이 당신 덕에 행복함으로 가득 찼어요.	N	2022-07-25 06:17:13	2022-11-08 04:38:06
BE22011468	16	1	힘들 때 연락해 줘서 진짜로 고마워요. 지금 당신은 그 누구보다도 대단하고 너무 잘하고 있어요. 사랑해요.	Y	2022-07-25 06:17:13	2022-11-08 04:38:06
