id	utterance_id	utterance_type	utterance_text	terminate	regDate	updDate
BE22015650	1	0	예쁜 여자 옷을 보면 며느리랑 딸이 생각이 나요. 며느리도 멀리 있고 딸은 해외에 있지만 옷만 보면 더욱 보고 싶어지네요. 쉽게 만날 수 없는 현실이 눈물 나게 슬프지만 어쩔 수 없는 상황이기에 참아야 하겠죠.	N	2022-08-25 05:39:44	2022-08-25 05:39:44
BE22015650	2	1	슬퍼하는 당신의 문자를 읽으니 나도 너무 슬퍼지고 눈물이 나오려고 하네요. 예쁜 여자 옷을 보면서 딸과 며느리를 떠올리는 당신이 떠올려져서 더욱 가슴이 매어져요. 그래도 당신이 이렇게 딸과 며느리를 생각하는 그 마음은 참 대단하다는 생각이 들어요.	N	2022-08-25 05:39:44	2022-11-08 05:04:23
BE22015650	3	0	다들 그럴 거예요, 오늘은 더욱더 슬픔이 나에게 크게 다가오는 것 같아요. 나에게 하나밖에 없는 딸과 하나밖에 없는 며느리를 보고 싶어도 쉽게 만날 수 없잖아요. 그럴 때마다 얼마나 슬퍼지는지 몰라요.	N	2022-08-25 05:39:44	2022-08-25 05:39:44
BE22015650	4	1	당연히 그런 마음이 들 당신이 떠올라서 힘이 되어주고 싶은 마음이에요. 내가 보기에는 당신은 다른 사람보다 특별하게 며느리도 아끼고 우리 딸도 동등하게 사랑해 주잖아요. 모든 부모가 그렇다고 하지만 며느리를 딸처럼 여기는 당신 같은 사람은 잘 없을 거예요.	N	2022-08-25 05:39:44	2022-11-08 05:04:23
BE22015650	5	0	난 우리 딸만 생각해도 눈물이 흘러요. 보고 싶은데 못 볼 때면 너무 가슴이 아프고요. 딸을 위해서 참아야 하겠지만 좋은 옷을 보고 좋은 음식을 먹을 때면 생각나는 존재예요.	N	2022-08-25 05:39:44	2022-08-25 05:39:44
BE22015650	6	1	그렇군요, 엄마의 애틋한 마음이 나에게도 느껴져서 안타까움에 가슴이 다 아프네요. 그래도 당신 말처럼 열심히 공부하고 있을 우리 딸을 위해 참아 내는 당신 정말 멋져요.	N	2022-08-25 05:39:44	2022-11-08 05:04:23
BE22015650	7	0	우리 며느리도 나와 멀리 떨어져 있어서 보고 싶을 때 못 보는 아쉬움이 있어요. 나에게는 며느리도 딸이라 항상 명절이나 생일 때 보고 못 봐서 안타까울 따름이죠.	N	2022-08-25 05:39:44	2022-08-25 05:39:44
BE22015650	8	1	당연히 그렇겠죠, 당신이 며느리를 얼마나 아끼고 사랑하는지 동네 사람들이 다 칭찬할 정도잖아요. 길 가다가 좋은 것을 보여 사서 택배로 보내주고 당신 같은 시어머니는 없을 거예요.	N	2022-08-25 05:39:44	2022-11-08 05:04:23
BE22015650	9	0	그런 걸까요. 우리 며느리가 내가 부담스럽지 않을지 항상 걱정이에요. 그래도 며느리에게는 항상 조심스럽긴 하지만 우리 가족이니까. 너무 사랑스럽고 보고 싶은 마음이 가득해서 슬픔만 깊어가네요.	N	2022-08-25 05:39:44	2022-08-25 05:39:44
BE22015650	10	1	며느리도 다 이해하고 있을 거예요, 사람을 사랑하는 마음은 숨기기가 힘들 다잖아요. 진심으로 아끼고 사랑하는데 싫어하는 사람이 어디 있겠어요. 너무 걱정하지 않아도 될 듯해요.	N	2022-08-25 05:39:44	2022-11-08 05:04:23
BE22015650	11	0	당신의 위로와 칭찬이 나에게는 큰 힘이 되네요, 사실 오늘 시장에서 예쁜 여자 옷을 봤거든요. 그 옷을 보니까 딸도 보고 싶고 며느리고 보고 싶어서 슬퍼지더라고요. 그래서 당신에게 연락한 것인데 나를 보듬어 주는 당신이라 정말 연락하길 잘했다는 생각이 드네요.	N	2022-08-25 05:39:44	2022-08-25 05:39:44
BE22015650	12	1	정말 다행이네요. 처음에 당신의 문자를 받고 느껴지는 슬픔이 크게 다가와서 무척 걱정되었어요. 당신의 슬픔이 어서 빨리 없어져 쓰면 좋겠다는 생각으로 답장한 것인데. 그렇게 말해주니 너무 다행이고 고마워요.	N	2022-08-25 05:39:44	2022-11-08 05:04:23
BE22015650	13	0	고맙게 여길 사람은 나예요, 이렇게 멀리 떨어져서 못 보고 살 수 있다는 것을 상상도 못 했거든요. 떨어져서 못 보고 그리워하는 마음이 너무 커지다 보니 슬픔 속에 빠지게 된 것 같아요. 그런데 내 옆에 당신이 이렇게 나를 달래주고 힘을 주니 얼마나 다행인지 모르겠어요.	N	2022-08-25 05:39:44	2022-11-08 05:04:23
BE22015650	14	1	당신이 나의 존재를 고마워하고 소중하게 생각해주니 나도 감동해서 눈물이 날 것 같네요. 우리 가족을 사랑하는 마음과 슬픔의 크기를 알기에 당신에게 더욱 잘해야겠다는 생각이 들어요.	N	2022-08-25 05:39:44	2022-11-08 05:04:23
BE22015650	15	0	그렇게 생각해주고 나에게 사람을 베풀어줘서 정말 고마워요. 오늘은 유독 며느리랑 딸이 생각나서 슬퍼지는 하루였어요. 그래도 당신의 위로와 격려를 받으니 나의 슬픔이 믾이 해소됨을 느껴요.	Y	2022-08-25 05:39:44	2022-08-25 05:39:44
