id	utterance_id	utterance_type	utterance_text	terminate	regDate	updDate
BE22017350	1	0	기차 출발 시간이 좀 남아서 역사 안을 구경하고 있어. 여기 역은 새로 지은 건물인데 옛날 역사 사진을 액자에 넣어 벽에 걸어 두었네. 그 사진을 보고 있자니 슬픈 생각이 들면서 괜히 눈물이 나네.	N	2022-09-07 06:06:43	2022-09-07 06:06:43
BE22017350	2	1	거긴 당신 고향이니 옛날 역사에 대한 추억이 많겠지. 이제는 사라져 버린 역사를 생각하면 슬픈 생각도 들 거야. 나라도 어린 날의 기억이 떠올라서 기분이 묘할 것 같아.	N	2022-09-07 06:06:43	2022-11-08 05:14:49
BE22017350	3	0	어머니가 친정에 가셨다 오시던 날 옛날 역사 문 앞에서 내내 기다렸던 생각이 나. 겨울이었는데 역사 벽에 비치던 햇볕이 따스했던 기억이 나네. 돌아가신 어머니의 젊은 모습이 떠올라서 슬프다.	N	2022-09-07 06:06:43	2022-11-08 05:14:49
BE22017350	4	1	정말 따스하면서도 가슴 한편이 아릿한 추억이네. 설레는 마음으로 어머니를 기다렸을 어린 소년의 마음을 생각하니 괜히 코끝이 찡해진다. 아름다운 추억이 서려 있는 옛날 역사가 당신에게는 정말 소중하겠다.	N	2022-09-07 06:06:43	2022-11-08 05:14:49
BE22017350	5	0	옛날 역사를 허물고 새로 짓는다고 할 때 정말 마음이 아팠어. 내 어린 날의 추억이 모두 사라지는 기분이었지. 사람들은 왜 이렇게 새로운 것만 좋아하고 옛것은 함부로 대하나 싶어 진짜 슬프더라.	N	2022-09-07 06:06:43	2022-11-08 05:14:49
BE22017350	6	1	당신처럼 추억을 소중히 여기는 사람에게는 그렇게 느껴지는 게 당연해. 그런데 사회가 발전하고 유동 인구도 많아져서 그런 거니 어쩌겠어? 세상이 변했으니 할 수 없는 일이라고 생각하고 그만 슬퍼했으면 좋겠어.	N	2022-09-07 06:06:43	2022-11-08 05:14:49
BE22017350	7	0	고향도 진짜 예전의 고향이 아니야. 오랜만에 왔더니 완전히 새로운 도시로 변해버렸더라고. 지난 모습은 사진에서나 만나볼 수 있으니 얼마나 쓸쓸한 노릇이야?	N	2022-09-07 06:06:43	2022-09-07 06:06:43
BE22017350	8	1	고향의 다정한 모습은 그래도 당신 기억 속에, 그리고 사진 속에 남아 있잖아. 그건 누구도 빼앗아 갈 수 없는 오직 당신만의 것이야. 사진을 보며 잊었던 어머니의 옛 모습까지 떠올릴 수 있었으니 행복하다고 생각했으면 좋겠다.	N	2022-09-07 06:06:43	2022-11-08 05:14:49
BE22017350	9	0	당신이 그렇게 말하니까 사진이 새롭게 보이는 것 같네. 까맣게 잊고 있었던 어머니와의 추억을 사진을 보고 떠올린 건 맞아. 당신 말대로 사진을 보고 따스했던 기억을 떠올리는 난 행복한 사람이 맞는 것 같아.	N	2022-09-07 06:06:43	2022-11-08 05:14:49
BE22017350	10	1	달라진 고향 역사를 보면 아쉬운 마음이 드는 건 당연하니까 미안해할 필요까지는 없어. 난 당신이 즐거웠던 추억까지 슬픈 마음으로 떠올릴까 봐 걱정돼서 한 말이야. 옛날 역사는 사라졌지만 당신 기억 속에서 영원하니까 인제 그만 슬퍼했으면 좋겠어.	N	2022-09-07 06:06:43	2022-11-08 05:14:49
BE22017350	11	0	당신 말이 맞아. 옛날 역사는 저렇게 사진으로도 남아 내가 추억을 떠올리는 데 일조하고 있어. 그때 어머니를 기다리던 그 설렘도 고스란히 되살아나는 것 같아.	N	2022-09-07 06:06:43	2022-11-08 05:14:49
BE22017350	12	1	어머님이 역사 밖으로 나오던 모습도 같이 떠올리면 당신 마음이 더 행복할 것 같아. 마치 내가 그 자리에 있었던 듯 나도 가슴이 두근거린다. 옛날 역사는 앞으로 당신에게 따뜻한 장소로만 기억되었으면 좋겠어.	N	2022-09-07 06:06:43	2022-11-08 05:14:49
BE22017350	13	0	당신 말대로 그날 어머니를 만났던 장면을 떠올리니 정말 행복하다. 기차 출발 시간이 다 되었는데 당신 덕분에 즐거운 마음으로 이곳을 떠날 수 있게 되었어. 앞으로는 이곳이 아름다운 장소로 기억될 것 같아 행복하다.	N	2022-09-07 06:06:43	2022-09-07 06:06:43
BE22017350	14	1	당신이 따뜻했던 고향을 되찾은 것 같아 나도 마음이 좋다. 살다가 어려운 일이 있을 때마다 그곳을 떠올리고 힘을 받았으면 좋겠어. 오는 내내 어머니와의 추억을 되새기며 즐겁게 오기 바라.	N	2022-09-07 06:06:43	2022-11-08 05:14:49
BE22017350	15	0	당신 덕분에 잃어버린 고향을 되찾은 기분이 들어. 옛날 역사 사진을 휴대폰에 남겨서 오래 간직해야겠어. 당신에게도 고풍스러운 그 모습을 보여줄 생각에 벌써 마음이 설렌다. 정말 고마워.	Y	2022-09-07 06:06:43	2022-11-08 05:14:49
