id	utterance_id	utterance_type	utterance_text	terminate	regDate	updDate
BE22002460	1	0	오늘따라 일이 손에 잡히지 않네.	N	2022-06-21 14:24:08	2022-11-08 03:40:20
BE22002460	2	1	회사에서 무슨 일 있었어?	N	2022-06-21 14:24:08	2022-11-08 03:40:20
BE22002460	3	0	거래처 가는 길에 예전에 살던 동네를 지나갔는데, 옛날 기억이 하나씩 떠오르더라고. 운전하면서 지난 일을 곱씹다 보니까 이상하게 아쉬운 마음이 점점 커지는 거야. 그 뒤로 일에 집중이 안 되네.	N	2022-06-21 14:24:08	2022-11-08 03:40:20
BE22002460	4	1	아쉬운 마음이란 어떤 걸까? 구체적으로 얘기해 줄 수 있어?	N	2022-06-21 14:24:08	2022-11-08 03:40:20
BE22002460	5	0	학교 다닐 때도 생각나고 첫 직장도 기억나고. 이런저런 지난 일이 두서없이 떠오르는데, 내가 잘못한 일들이 많은 것 같아서 후회돼.	N	2022-06-21 14:24:08	2022-11-08 03:40:20
BE22002460	6	1	긍정적인 당신이 요즘 낯선 감정을 느껴서 힘들구나? 당신 마음 충분히 이해해. 나도 지난 일을 생각하면 후회스러운 감정들로 때로는 자책도 해.	N	2022-06-21 14:24:08	2022-11-08 03:40:20
BE22002460	7	0	참 열심히 살았던 것 같은데 왜 지난 일들이 후회로 남을까?	N	2022-06-21 14:24:08	2022-11-08 03:40:20
BE22002460	8	1	삶의 자연스러운 과정이 아닐까? 당신은 누구보다 치열하게 앞만 바라보며 사느라 지난 일을 뒤돌아볼 여유가 없었잖아. 나는 당신이 지난 일들을 되짚어 보며 잠시 숨을 고르는 거라고 생각해.	N	2022-06-21 14:24:08	2022-11-08 03:40:20
BE22002460	9	0	그러면 좋겠지만, 인생을 헛되게 산 건 아닐까 하는 생각에 슬프네.	N	2022-06-21 14:24:08	2022-11-08 03:40:20
BE22002460	10	1	당신 마음이 어떨지 생각하니 내 가슴이 먹먹하다. 여보, 당신 곁에는 언제나 당신을 응원하는 가족들이 있잖아.	N	2022-06-21 14:24:08	2022-11-08 03:40:20
BE22002460	11	0	고마워. 당신이 내 마음을 알아주는 것 같아서 조금 위안이 되네.	N	2022-06-21 14:24:08	2022-11-08 03:40:20
BE22002460	12	1	여보, 나는 후회가 성숙한 감정이라고 생각해. 과거의 나를 객관적으로 바라보고 성찰하는 과정이잖아. 지금 당신은 한 단계 더 나아가기 위해서 당신의 내면을 견고하게 다지고 있는 게 아닐까?	N	2022-06-21 14:24:08	2022-11-08 03:40:20
BE22002460	13	0	당신 말을 들으니 내가 후회라는 감정을 부정적으로 바라본 것 같아. 그 기억을 교훈 삼아 남은 인생을 더 알차고 풍요롭게 일구면 되잖아. 후회가 성숙한 감정이라는 당신의 말, 정말 힘이 된다!	N	2022-06-21 14:24:08	2022-11-08 03:40:20
BE22002460	14	1	당신이 힘을 얻었다니 다행이다! 오늘 칼퇴해. 우리 가족 오랜만에 삼겹살 파티하자!	N	2022-06-21 14:24:08	2022-11-08 03:40:20
BE22002460	15	0	역시 당신이 최고야. 남은 일 집중해서 모두 끝내고 칼퇴할게!	Y	2022-06-21 14:24:08	2022-11-08 03:40:20
