id	utterance_id	utterance_type	utterance_text	terminate	regDate	updDate
BE22007616	1	0	가끔은 혼자 있을 때보다 사람들과 함께 있을 때 더 외로워지는 것 같아.	N	2022-07-10 15:25:40	2022-11-08 04:13:28
BE22007616	2	1	친구들 모임에 다녀왔다고 했지? 모임에서 무슨 일이 있었어? 여보가 기분이 없는 것 같아서 내 마음이 아프네.	N	2022-07-10 15:25:40	2022-11-08 04:13:28
BE22007616	3	0	차가 막혀서 약속 시간에 조금 늦게 갔거든. 내가 마지막으로 도착했는데, 친구들이 갑자기 대화를 딱 멈추더라고. 적막 속에서 어색하게 인사를 나누는데 슬픔이 확 몰려오더라.	N	2022-07-10 15:25:40	2022-11-08 04:13:28
BE22007616	4	1	갑자기 대화가 멈춰서 자기가 많이 놀랐겠다. 친한 친구들과의 만남에서 생긴 일이라 더욱 마음이 쓰였을 것 같아.	N	2022-07-10 15:25:40	2022-11-08 04:13:28
BE22007616	5	0	친구 중에서 결혼하고 아이를 낳은 사람이 나뿐이라서 그런 것 같아. 다들 직장에서 퇴근하고 온 거라 회사 일 이야기를 하던 중이었어. 적막 끝에 언제 그랬냐는 듯 다들 내게 안부를 물어봤지만, 마음이 편하지는 않았어.	N	2022-07-10 15:25:40	2022-11-08 04:13:28
BE22007616	6	1	슬픈 마음을 다독일 시간도 없이 괜찮은 듯 인사를 나눠야 해서 여보가 힘들었겠다. 각자 걷는 길이 달라서 이야기 주제를 이어가기 어려웠을 텐데 고생했어.	N	2022-07-10 15:25:40	2022-11-08 04:13:28
BE22007616	7	0	친구들과 대화를 나누는 중에도 몇 번이고 대화가 끊길 수밖에 없었어. 나는 육아의 힘듦을 말하고, 친구들은 직장에서의 힘듦을 말했지만 서로의 고민을 이해하는 게 쉽지 않더라고. 이제 친구들과 내 고민을 더 이상 나눌 수 없겠다는 생각이 들면서 한없이 슬퍼졌어.	N	2022-07-10 15:25:40	2022-11-08 04:13:28
BE22007616	8	1	어릴 때는 함께 뛰노는 것만으로도 즐거웠지만, 나이가 들수록 관심사와 일상이 전혀 다르게 흘러가곤 하지. 이것은 친구들과 여보의 잘못이 아니라 세월이 지남에 따라 생기는 자연스러운 일이니까 너무 슬퍼하지 마. 서로의 고민을 온전히 나눌 수는 없어도 서로의 이야기를 들어줄 마음가짐이 충분하다면 문제없으니 말이야.	N	2022-07-10 15:25:40	2022-11-08 04:13:28
BE22007616	9	0	맞아, 대화가 몇 번 멈췄지만 서로의 이야기에 귀 기울여주고 공감해주려고 함께 노력했어. 하지만 한편으로는 내가 너무 눈치 없이 내 고민을 늘어놓고 온 것은 아닐까 싶어. 우울한 마음이 커지다 보니 별걱정을 다 하게 되네.	N	2022-07-10 15:25:40	2022-11-08 04:13:28
BE22007616	10	1	마음이 슬퍼지면 걱정이 많아지는 게 당연해. 비록 지금 서로의 관심사와 일상이 다를지라도, 서로를 친구로 생각하는 마음은 변함없다면 그것만으로 충분하다고 생각해. 서로의 달라진 일상을 공유하고 고민을 나누며 이번 기회에 더욱 가까워질 수도 있고.	N	2022-07-10 15:25:40	2022-11-08 04:13:28
BE22007616	11	0	응, 안 그래도 내가 경험하지 못한 회사 이야기를 들으니까 흥미진진하더라고. 친구들도 나의 육아 이야기를 들으면서 아이를 키우는 것의 힘듦과 기쁨에 크게 공감해줬어. 대화가 길어질수록 서로를 더욱 깊이 이해하게 되는 것 같아서 마음이 훈훈해졌지.	N	2022-07-10 15:25:40	2022-11-08 04:13:28
BE22007616	12	1	다른 사람의 삶을 이해하고 알아가는 것이야말로 정말 멋진 일이라고 생각해. 이렇게 서로를 알아가다보면 각자 처한 상황이 다르더라도 그 누구보다 서로를 이해하는 사이가 될 거야. 그러니 너무 슬퍼하지 말고 힘을 내, 여보.	N	2022-07-10 15:25:40	2022-11-08 04:13:28
BE22007616	13	0	고마워, 여보 덕분에 슬펐던 마음이 진정되고 편안해졌어. 상황이 달라서 서로를 이해할 수 없다고 너무 쉽게 단정 지었던 것 같아. 여보의 위로가 아니었다면 오랫동안 알고 지낸 세월을 잊고 친구들과 멀어질 뻔했어.	N	2022-07-10 15:25:40	2022-11-08 04:13:28
BE22007616	14	1	나야말로 당신의 슬픔을 함께 나눌 수 있어서 다행이야. 혹시라도 슬퍼지거나 힘들면 언제든 내 어깨에 기대. 나는 당신의 평생 친구이자 남편이니까 말이야.	N	2022-07-10 15:25:40	2022-11-08 04:13:28
BE22007616	15	0	당신 덕분에 힘이 난다! 늘 내 곁에서 용기를 줘서 고마워.	Y	2022-07-10 15:25:40	2022-11-08 04:13:28
