id	utterance_id	utterance_type	utterance_text	terminate	regDate	updDate
BE22000566	1	0	아무래도 나 텃밭 가꾸는 거 포기할까 봐요.	N	2022-06-13 05:08:07	2022-11-08 03:27:56
BE22000566	2	1	시작할 때만 해도 포부가 가득했었는데 무슨 일 있어요?	N	2022-06-13 05:08:07	2022-11-08 03:27:56
BE22000566	3	0	오늘 처음으로 상추를 좀 땄거든요. 그런데 먹을 수가 없을 만큼 써요.	N	2022-06-13 05:08:07	2022-11-08 03:27:56
BE22000566	4	1	상추가 쓰면 얼마나 쓰다고 그렇게 시무룩해요. 내가 한번 먹어볼까요?	N	2022-06-13 05:08:07	2022-11-08 03:27:56
BE22000566	5	0	어지간하면 먹어보라고 하겠는데 먹는 순간 나도 뱉었을 정도예요.	N	2022-06-13 05:08:07	2022-11-08 03:27:56
BE22000566	6	1	채소 좋아하는 당신이 뱉을 정도면 상당히 심각한가 보네요.	N	2022-06-13 05:08:07	2022-11-08 03:27:56
BE22000566	7	0	올해부터는 내 손으로 직접 채소 키워서 먹는다고 자랑 많이 했는데 이게 뭐예요.	N	2022-06-13 05:08:07	2022-11-08 03:27:56
BE22000566	8	1	올해 처음 텃밭을 시작했잖아요. 첫해에는 아예 수확조차 못하는 경우가 많대요.	N	2022-06-13 05:08:07	2022-11-08 03:27:56
BE22000566	9	0	차라리 수확을 못하면 기대도 하지 않을 텐데... 옆집 언니가 키워서 나눠 준 건 맛있던데 우리 건 왜 이럴까요?	N	2022-06-13 05:08:07	2022-11-08 03:27:56
BE22000566	10	1	그럼 옆집에 가서 어떻게 채소를 키우는지 자세히 물어보는 건 어때요?	N	2022-06-13 05:08:07	2022-11-08 03:27:56
BE22000566	11	0	내가 키운 상추 나눠준다고 자랑했는데 좀 창피하네요.	N	2022-06-13 05:08:07	2022-11-08 03:27:56
BE22000566	12	1	그런 생각을 왜 해요. 다들 시행착오를 겪으면서 배우는 거죠.	N	2022-06-13 05:08:07	2022-11-08 03:27:56
BE22000566	13	0	정말 뭐든 배워야 잘 할 수 있는 건가 봐요. 나도 처음부터 다시 잘 배워서 해볼래요.	N	2022-06-13 05:08:07	2022-11-08 03:27:56
BE22000566	14	1	아마 내년에는 동네 사람들 모두 당신이 키운 상추를 먹을 수 있을 걸요.	N	2022-06-13 05:08:07	2022-11-08 03:27:56
BE22000566	15	0	고마워요. 열심히 키워 볼게요.	Y	2022-06-13 05:08:07	2022-11-08 03:27:56
