id	utterance_id	utterance_type	utterance_text	terminate	regDate	updDate
BE22011204	1	0	여보. 우리 아이가 많이 큰 것 같아요. 그렇죠?	N	2022-07-23 14:09:57	2022-11-08 04:36:24
BE22011204	2	1	맞아요. 요즘 들어서 더 철도 들고 많이 컸어요.	N	2022-07-23 14:09:57	2022-11-08 04:36:25
BE22011204	3	0	우리 아이의 세상이 엄마, 아빠가 전부인 시기가 지난 것 같아서 좀 슬퍼요. 이제 우리가 아이의 첫 번째가 아닌 것 같아서 좀 슬프네요.	N	2022-07-23 14:09:57	2022-11-08 04:36:25
BE22011204	4	1	나도 가끔 그런 생각이 들 때가 있어서 당신 마음 잘 이해해요. 나도 이렇게 느끼는데 아이가 더 의지했던 당신은 얼마나 더 슬픔을 느끼겠어요. 그 마음 충분히 이해해요.	N	2022-07-23 14:09:57	2022-11-08 04:36:25
BE22011204	5	0	나에게 제일 중요한 존재는 우리 아이인데 우리 아이의 세상에서는 우리의 비중이 줄어들잖아요. 뭔가 아이와 심리적으로 멀어지는 것 같아서 너무 슬퍼요.	N	2022-07-23 14:09:57	2022-11-08 04:36:25
BE22011204	6	1	아이가 커가면서 친구나 다른 사람들을 본인의 범위에 들여오는 일은 자연스러운 일이잖아요. 아이의 세상의 전부가 우리가 아니라고 하더라도 가장 중요한 비중을 차지하는 사람은 우리일 거예요. 그러니까 너무 슬퍼하지 말아요.	N	2022-07-23 14:09:57	2022-11-08 04:36:25
BE22011204	7	0	그렇긴 하지만 전부였다가 일부가 된다는 것은 차이가 크게 느껴져요. 아이의 세상에 영원히 전부로 남는 건 욕심인 줄 알면서도 그걸 바라게 되더군요. 그런 제가 성숙하지 못하고 욕심 많은 부모인 것 같아서 어제 한바탕 울었어요.	N	2022-07-23 14:09:57	2022-11-08 04:36:25
BE22011204	8	1	그런 기분이 드는 건 부모로서 당연한 일이니까 자신을 너무 자책하지 마요. 그런 감정들이 다 애정을 기반으로 해서 나오는 생각이잖아요. 당신이 그만큼 아이를 아끼고 사랑한다는 증거라고 생각해요.	N	2022-07-23 14:09:57	2022-11-08 04:36:25
BE22011204	9	0	그건 그래요. 그렇지만 자꾸 그런 생각이 들어요. 아이가 언젠가 우리를 귀찮게 여길 날이 오지 않을까요? 그날이 가까워지는 것 같아서 더욱 슬퍼요.	N	2022-07-23 14:09:57	2022-11-08 04:36:25
BE22011204	10	1	아이의 세상에서 우리의 비중이 줄어드는 것을 아이가 더 성장하는 과정이라고 생각하면 어때요? 우리를 벗어나는 것에 초점을 맞추기보다 우리가 나눠준 사랑을 다른 사람에게 전해주는 과정이라고 생각하는 거예요. 그러면 마음이 조금 더 괜찮아지지 않을까요?	N	2022-07-23 14:09:57	2022-11-08 04:36:25
BE22011204	11	0	생각해보니까 그렇네요. 우리가 전해준 것들을 다른 사람들에게 베풀고 전해준다고 생각하면 기특하다는 생각이 들어요.	N	2022-07-23 14:09:57	2022-11-08 04:36:25
BE22011204	12	1	그래요. 아이가 더 훌륭한 어른으로 성장해나가기 위해서 우리는 아이에게 더 사랑을 주면 되어요. 우리는 그냥 우리의 할 일을 하면 되는 거예요.	N	2022-07-23 14:09:57	2022-11-08 04:36:25
BE22011204	13	0	그러네요. 너무 복잡하게 생각하고 혼자 슬퍼했던 것 같아요. 당신 덕분에 기분이 좀 괜찮아졌네요. 고마워요.	N	2022-07-23 14:09:57	2022-11-08 04:36:25
BE22011204	14	1	그렇다니 다행이에요. 또 고민 있으면 언제든지 털어놔요. 나는 당신의 영원한 편이니까요.	N	2022-07-23 14:09:57	2022-11-08 04:36:25
BE22011204	15	0	네, 정말 고마워요.	Y	2022-07-23 14:09:57	2022-11-08 04:36:25
