id	utterance_id	utterance_type	utterance_text	terminate	regDate	updDate
BE22002564	1	0	오늘 귀농한 친구의 농사일을 도와주러 시골로 내려왔어요.	N	2022-06-22 05:38:44	2022-11-08 03:41:00
BE22002564	2	1	그날이 오늘이었군요. 출장이라 오늘이 며칠인지도 까먹고 지내네요. 어땠어요?	N	2022-06-22 05:38:44	2022-11-08 03:41:00
BE22002564	3	0	집도 깔끔하고, 밭도 꽤 넓고 땅도 좋더라고요. 다만 친구가 아내와 사별하고 내려온 지라... 통 마음을 못 잡는 것 같아 안타깝더라고요.	N	2022-06-22 05:38:44	2022-11-08 03:41:00
BE22002564	4	1	금슬 좋기로 소문난 부부라고 하지 않았어요? 그런 아내를 병으로 떠나보냈으니 마음이 오죽할까요. 전해 듣는 저까지 가슴이 아리네요.	N	2022-06-22 05:38:44	2022-11-08 03:41:00
BE22002564	5	0	그러게요. 아직도 아내 생각하면 마음이 너무 아파서 아무 생각 없이 농사에만 전념하고 싶다고 하더라고요. 맞는 말인 것 같다가도 몸을 혹사시키는 건 아닌지 걱정이 되다가도... 혼란스럽네요.	N	2022-06-22 05:38:44	2022-11-08 03:41:00
BE22002564	6	1	저라도 친구에게 섣불리 뭐라고 말하기 힘들 것 같아요. 친구가 슬픔을 이겨내는 방법이긴 하지만 그러다 병을 얻을 수도 있는 거니까요. 여보 마음도 쉽지 않겠는걸요.	N	2022-06-22 05:38:44	2022-11-08 03:41:00
BE22002564	7	0	맞아요. 아파하는 친구 곁에서 해줄 수 있는 게 없어 참 괴롭고 슬프네요. 내가 힘이 되어줄 수 있다면 좋을 텐데요.	N	2022-06-22 05:38:44	2022-11-08 03:41:00
BE22002564	8	1	여보가 찾아가서 일손을 돕는 것만으로 무척 의지되고 고마울 거예요. 시간 내어 찾아가서 말동무가 되어주는 게 얼마나 고맙겠어요. 여보는 지금도 충분히 잘하고 있어요.	N	2022-06-22 05:38:44	2022-11-08 03:41:00
BE22002564	9	0	그런 거겠죠? 사실 뭐라고 위로를 해줘야 할지 몰라서 그냥 묵묵히 곁을 지키고만 있거든요. 이게 좋은 방법인가 싶어 고민이 많았어요.	N	2022-06-22 05:38:44	2022-11-08 03:41:00
BE22002564	10	1	만일 제가 그 친구였다면 여보처럼 아무 말 없이 곁을 지켜주는 게 가장 고마울 거예요. 애써 위로의 말을 쥐어짜내는 것보다 그게 더 진심처럼 느껴질 테니 걱정 말아요.	N	2022-06-22 05:38:44	2022-11-08 03:41:00
BE22002564	11	0	고마워요. 여보가 그렇게 말해주니 나도 확신이 생기는 것 같아요. 내가 친구에게 도움이 되는 사람 같아요.	N	2022-06-22 05:38:44	2022-11-08 03:41:00
BE22002564	12	1	당연하죠! 앞으로도 가끔 찾아가서 농사도 도와주고, 이런저런 이야기도 주고받으면서 적응할 수 있도록 곁을 지켜줘요. 여보가 차분하고 묵묵한 성격인 걸 그 친구도 알 테니까요. 언젠가 친구가 여보에게 먼저 속마음을 털어놓으며 의지할지도 몰라요.	N	2022-06-22 05:38:44	2022-11-08 03:41:00
BE22002564	13	0	정말 고마워요, 여보. 여보 덕분에 내 머릿속이 깨끗하게 정리되는 기분이에요.	N	2022-06-22 05:38:44	2022-11-08 03:41:00
BE22002564	14	1	다행이네요. 제가 출장에서 돌아가면 함께 그 친구분 동네로 놀러 가요.	N	2022-06-22 05:38:44	2022-11-08 03:41:00
BE22002564	15	0	그래 준다면 나야 정말 고맙죠. 친구에게도 말해놓을게요.	Y	2022-06-22 05:38:44	2022-11-08 03:41:00
