id	utterance_id	utterance_type	utterance_text	terminate	regDate	updDate
BE22007793	1	0	여보 나 목 디스크 시술 다 끝났어.	N	2022-07-11 08:42:24	2022-11-08 04:14:34
BE22007793	2	1	어땠어? 잘 끝났어? 의사 선생님이 뭐래?	N	2022-07-11 08:42:24	2022-11-08 04:14:34
BE22007793	3	0	지금 막 병실로 돌아왔어. 시술은 잘 끝났대.	N	2022-07-11 08:42:24	2022-11-08 04:14:34
BE22007793	4	1	잘 끝났다니 다행이다. 고생 많았어, 정말.	N	2022-07-11 08:42:24	2022-11-08 04:14:34
BE22007793	5	0	근데 너무 아팠어. 의사 선생님이 별로 안 아플 거라고 했었는데. 속았어.	N	2022-07-11 08:42:24	2022-11-08 04:14:34
BE22007793	6	1	정말 아팠겠다. 지금은 안 아파? 나도 저번에 다른 시술받았을 때 정말 아팠었는데. 목 부분이라서 더욱더 아팠겠다.	N	2022-07-11 08:42:24	2022-11-08 04:14:34
BE22007793	7	0	시술받는 동안 눈물이 찔끔 나더라. 시술이 잘못돼서 아픈 거면 어떡하지?	N	2022-07-11 08:42:24	2022-11-08 04:14:34
BE22007793	8	1	의사 선생님이 괜찮다고 하셨다며. 전문가가 괜찮다고 한 거면 정말 괜찮은 걸 거야. 너무 걱정하지 말고 긍정적으로 생각하자!	N	2022-07-11 08:42:24	2022-11-08 04:14:34
BE22007793	9	0	회복이 더디면 어떡하지?	N	2022-07-11 08:42:24	2022-11-08 04:14:34
BE22007793	10	1	회복 빨리할 수 있을 거야. 우리 아직 젊잖아. 앞으로 바른 자세랑 운동으로 잘 관리하면 돼.	N	2022-07-11 08:42:24	2022-11-08 04:14:34
BE22007793	11	0	아직 젊은데 벌써 디스크로 시술까지 받다니. 내 건강 어떡해.	N	2022-07-11 08:42:24	2022-11-08 04:14:34
BE22007793	12	1	디스크는 현대인의 고질병이래. 내 주변에도 디스크로 시술받은 사람들 있는데 시술받고 싹 다 나아서 지금은 건강해! 다 나을 테니까 사서 걱정하지 말자.	N	2022-07-11 08:42:24	2022-11-08 04:14:34
BE22007793	13	0	여보가 그렇게 얘기해 주니까 슬프고 불안했던 마음이 좀 괜찮아진 것 같아. 고마워.	N	2022-07-11 08:42:24	2022-11-08 04:14:34
BE22007793	14	1	정말 괜찮을 거야. 내가 이따가 퇴근하면 바로 갈게. 푹 쉬고 있어. 알겠지?	N	2022-07-11 08:42:24	2022-11-08 04:14:34
BE22007793	15	0	알겠어, 기다리고 있을게.	Y	2022-07-11 08:42:24	2022-11-08 04:14:34
