id	utterance_id	utterance_type	utterance_text	terminate	regDate	updDate
BE22013579	1	0	자기야, 본의 아니게 슬픈 소식을 전해야 할 것 같아.	N	2022-08-09 07:08:29	2022-11-08 04:51:20
BE22013579	2	1	무슨 일이길래 그래?	N	2022-08-09 07:08:29	2022-08-09 07:08:29
BE22013579	3	0	우리 큰아들이 이제 배우의 꿈을 접었어. 그동안 많이 노력했는데 못 이루게 돼서 너무 슬퍼. 나도 너무 슬퍼서 곧바로 당신에게 말을 못 했는데 이렇게 말하니까 다시 눈물이 나네.	N	2022-08-09 07:08:29	2022-08-09 07:08:29
BE22013579	4	1	아이고, 자기가 그동안 얼마나 상심에 젖어있었을까. 자기가 속으로 끙끙 앓았을 걸 생각하니 내가 다 슬퍼져.	N	2022-08-09 07:08:29	2022-11-08 04:51:20
BE22013579	5	0	아들이 어릴 때부터 정말 노력했는데 그 노력이 물거품이 된 게 너무 슬퍼. 내가 사실 초반에 아들이 배우 되고 싶다고 할 때 반대 했었잖아. 그때 오히려 아들을 믿고 밀어줬어야 했단 게 아닐까 하고 슬퍼지네.	N	2022-08-09 07:08:29	2022-08-09 07:08:29
BE22013579	6	1	아이고, 자기 지금 마음이 무겁고 편치 않지? 나 같아도 정말 가슴이 찢어질 만큼 슬플 것 같아. 본인이 했던 말들이 후회되고 그렇잖아.	N	2022-08-09 07:08:29	2022-11-08 04:51:20
BE22013579	7	0	응, 내가 연기 학원을 더 일찍 보내고 걔를 믿고 투자했어야 했는데 그렇게 하지 못했잖아. 이제 꿈을 접었다고 하니까 지난날의 내가 후회돼.	N	2022-08-09 07:08:29	2022-11-08 04:51:20
BE22013579	8	1	아니냐, 누구의 탓도 아닌 걸로 너무 자책하지 마. 지금은 슬픔에 버거워 정신이 없겠지만 얼른 기운 차리고 나아지기를 바랄게. 자기도 일부러 그런 게 아니잖아.	N	2022-08-09 07:08:29	2022-11-08 04:51:21
BE22013579	9	0	하지만 아들이 배우의 꿈을 접은 게 꼭 내 탓 같은걸. 내가 초반에 아들에게 다른 길을 놔두고 왜 그 길을 가냐고 다그쳤었잖아. 그게 너무 후회되고 나 자신이 원망스러워.	N	2022-08-09 07:08:29	2022-11-08 04:51:21
BE22013579	10	1	지난 일을 후회한다고 해도 달라질 게 없을 때는 차라리 툴툴 털어버리자. 자신을 그렇게 너무 몰아세우지 않아도 돼. 잠깐 심호흡을 해보면서 마음을 달래보는 게 어떨까?	N	2022-08-09 07:08:29	2022-11-08 04:51:21
BE22013579	11	0	그렇게 말해주니까 조금 위안이 돼. 아들이 꿈을 포기한다고 하니까 내가 너무 상심이 컸나 봐. 근데 지기 말 들으니 슬픈 기분이 가라앉았어.	N	2022-08-09 07:08:29	2022-11-08 04:51:21
BE22013579	12	1	지금은 힘들어도 오히려 앞으로는 더 좋은 날이 펼쳐질 거야. 우리 아들이 다른 길을 가서 더 잘 될 수도 있잖아. 그러니 우리 이미 지난 일에 대해서 더는 붙잡지 말고 현재에 집중해서 새로운 날들을 맞이하자.	N	2022-08-09 07:08:29	2022-11-08 04:51:21
BE22013579	13	0	그렇게 말해줘서 고마워. 덕분에 내가 슬픔을 물리치고 정신을 차릴 수 있겠어.	N	2022-08-09 07:08:29	2022-11-08 04:51:21
BE22013579	14	1	응, 아무래도 자식인데 당연히 자기 일처럼 슬퍼할 수밖에 없지. 그래도 우리라도 강인한 모습 보여주면서 앞날을 응원하자고.	N	2022-08-09 07:08:29	2022-11-08 04:51:21
BE22013579	15	0	응, 자기 아니었으면 나 한동안 슬픔에 젖어있었을 거야. 자기 정말 고마워!	Y	2022-08-09 07:08:29	2022-08-09 07:08:29
