id	utterance_id	utterance_type	utterance_text	terminate	regDate	updDate
BE22014027	1	0	여보, 봄이 찾아와서 날씨도 따뜻해지고 정말 좋아. 그런데 꽃가루 알레르기로 숨을 쉬기가 힘들어서 정말 슬픔이 파도처럼 밀려와.	N	2022-08-12 07:32:01	2022-08-12 07:32:01
BE22014027	2	1	아름다운 봄이 찾아왔는데, 당신 마음은 몹시 힘들고 슬프구나. 당신이 괴로워하는 모습을 보니, 내 마음도 함께 우울해지는 것 같아.	N	2022-08-12 07:32:01	2022-11-08 04:54:17
BE22014027	3	0	활짝 핀 꽃을 보면 한숨부터 나. 봄의 정취도 제대로 느끼지 못해서 속상하기도 하고.	N	2022-08-12 07:32:01	2022-08-12 07:32:01
BE22014027	4	1	당신이 이렇게 힘들어하고 괴로워하는 줄은 미처 몰랐어. 나는 당신 이야기만 들어도 마음이 찢어지는 것 같아.	N	2022-08-12 07:32:01	2022-11-08 04:54:17
BE22014027	5	0	5년 전에 당신과 함께 일본 여행을 가서 벚꽃 구경을 하며 즐거워 했잖아. 그런데 나이가 들수록 알레르기가 더 심해지는 것 같아. 지나칠 정도로 예민한 내 몸이 한심하게 느껴지고 실망감만 자꾸 들어.	N	2022-08-12 07:32:01	2022-08-12 07:32:01
BE22014027	6	1	나는 환절기에 각질만 약간 일어나도 속이 상하고 서글픈 마음이 들거든. 당신이 그렇게 슬퍼하는 것도 너무나 당연해.	N	2022-08-12 07:32:01	2022-11-08 04:54:17
BE22014027	7	0	봄이 되면 누구나 꽃 구경을 하며 큰 즐거움을 누리잖아. 하지만 나에게는 그림의 떡일 뿐이야. 너무 아쉽고, 생각할수록 비통함마저 들어.	N	2022-08-12 07:32:01	2022-11-08 04:54:17
BE22014027	8	1	당신이 이렇게 슬퍼하는 모습은 정말 처음 보는 것 같아. 무슨 말로 당신을 위로해야 할지 몰라 안타깝기만 해.	N	2022-08-12 07:32:01	2022-08-12 07:32:01
BE22014027	9	0	봄은 이렇게 찬란한데 내 마음은 정말 어둡기만 해. 이 모든 게 알레르기 때문인 것 같아서 정말 속상하고 절망적인 생각만 들어.	N	2022-08-12 07:32:01	2022-08-12 07:32:01
BE22014027	10	1	당신은 누구보다도 밝은 에너지로 가득한 사람이잖아. 사람들과 어울릴 때도 늘 환한 모습으로 상대방을 배려하고. 그러니 이제 너무 슬퍼하지 말고 얼른 기운 냈으면 좋겠어.	N	2022-08-12 07:32:01	2022-11-08 04:54:17
BE22014027	11	0	당신이 그렇게 말해 주니 정말 힘이 나는 것 같아. 알레르기로 힘들어하는 나를 위로하고 격려해줘서 정말 고마워.	N	2022-08-12 07:32:01	2022-11-08 04:54:17
BE22014027	12	1	당신이 밝은 모습을 되찾은 것 같아서 정말 다행이야. 당신과 기쁠 때나 슬플 때나 많은 것을 공유할 수 있어서 정말 감사하게 생각해.	N	2022-08-12 07:32:01	2022-08-12 07:32:01
BE22014027	13	0	당신 이야기가 나에게 얼마나 큰 위로가 되는지, 당신은 아마 상상조차 못 할 거야. 힘든 내 마음을 늘 따뜻하게 챙겨 줘서 정말 고마워, 여보.	N	2022-08-12 07:32:01	2022-08-12 07:32:01
BE22014027	14	1	당신은 내게 세상에서 가장 소중한 존재야. 알레르기로 힘들겠지만, 당신이 찬란하게 빛나는 봄을 즐겁게 맞이하기를 바랄게.	N	2022-08-12 07:32:01	2022-08-12 07:32:01
BE22014027	15	0	역시 나에게는 당신뿐이야. 나도 앞으로 당신한테 더 잘하도록 노력할게. 진심으로 사랑해, 여보.	Y	2022-08-12 07:32:01	2022-11-08 04:54:17
