id	utterance_id	utterance_type	utterance_text	terminate	regDate	updDate
BE22010473	1	0	와, 엄청 뛰어서 겨우 막차를 탔네. 하마터면 택시 탈 뻔했네.	N	2022-07-20 06:23:20	2022-11-08 04:31:48
BE22010473	2	1	이제 끝나서 집에 오는구나. 고생 많았어. 그래도 막차 타서 정말 다행이네.	N	2022-07-20 06:23:20	2022-11-08 04:31:48
BE22010473	3	0	열심히 달려서 가까스로 막차를 타기는 했는데 마음이 복잡하다.	N	2022-07-20 06:23:20	2022-11-08 04:31:48
BE22010473	4	1	막차 안 놓치고 잘 탔는데 기분 좋은 게 아니라 이상해? 왜 복잡한 마음이 들지?	N	2022-07-20 06:23:20	2022-11-08 04:31:48
BE22010473	5	0	이 시간까지 일하는 내 모습이 처량하고 슬퍼서 눈물이 나려고 하네. 하루 종일 일하다가 막차 놓칠까 봐 전전긍긍하면서 뛰어오는 모습도 서글프고.	N	2022-07-20 06:23:20	2022-11-08 04:31:48
BE22010473	6	1	아이고, 우리 남편이 야근하느라 많이 힘들었나 보네. 우리 가족을 위해 열심히 일하고 나서 슬퍼하는 모습을 보니까 내 마음도 안타깝고 슬프다. 내가 대신 해줄 수만 있다면 그렇게 하고 싶네.	N	2022-07-20 06:23:20	2022-11-08 04:31:48
BE22010473	7	0	우리 가족이 잘 살려고 일하는 건데 우리 가족이랑 시간을 못 보내잖아. 이렇게까지 늦게 일하고 또 내일 아침엔 일찍 출근해야 하고. 우리 딸이 내 얼굴도 다 잊어버릴까 봐 서럽고 애통하다.	N	2022-07-20 06:23:20	2022-11-08 04:31:48
BE22010473	8	1	그러게. 사랑하는 딸이랑 제대로 놀지도 못 하고 일해야 하니 얼마나 서럽겠어. 당연히 서럽고 슬프지. 당신 마음 충분히 이해하고 정말 고마워, 여보.	N	2022-07-20 06:23:20	2022-11-08 04:31:48
BE22010473	9	0	이렇게 일하는데 월급은 쥐꼬리고, 육아도 제대로 못 하고. 당신 얼굴을 볼 면목이 없어. 참 미안해.	N	2022-07-20 06:23:20	2022-11-08 04:31:48
BE22010473	10	1	무슨 그런 섭섭한 소리를 할까? 당신처럼 일과 가정 모두 성실하게 해내는 사람이 어디 있다고 그래? 나랑 우리 딸은 당신이 있어서 이렇게 항상 행복한걸.	N	2022-07-20 06:23:20	2022-11-08 04:31:48
BE22010473	11	0	그래? 정말이야? 이렇게 못난 남편인데도 고맙게 생각해주는 당신이 참 고맙고, 감사해.	N	2022-07-20 06:23:20	2022-11-08 04:31:48
BE22010473	12	1	못난 남편 아니고, 세상에서 가장 자랑스러운 남편이야. 당신이 성실하게 살아줘서 우리 형편도 점점 나아지고 있으니 절대 자책하지 말아줘. 우리 딸도 아빠를 얼마나 좋아하고 사랑한다고.	N	2022-07-20 06:23:20	2022-11-08 04:31:48
BE22010473	13	0	위로해줘서 고마워. 당신이 그렇게 얘기해주니까 서럽고 슬펐던 마음이 사라지네.	N	2022-07-20 06:23:20	2022-11-08 04:31:48
BE22010473	14	1	늦게까지 일하느라 정말 고생 많았어, 사랑하는 내 여보. 당신은 정말 멋지고 자랑스러운 사람이니까 주눅 들지 않았으면 해. 언제나 나와 우리 딸이 당신 곁에서 응원할게.	N	2022-07-20 06:23:20	2022-11-08 04:31:48
BE22010473	15	0	고마워, 정말 고마워. 얼른 들어가서 우리 딸이랑 당신 얼굴 봐야겠다. 금방 갈게!	N	2022-07-20 06:23:20	2022-11-08 04:31:48
BE22010473	16	1	응. 여보, 조심히 들어와!	Y	2022-07-20 06:23:20	2022-11-08 04:31:48
