id	utterance_id	utterance_type	utterance_text	terminate	regDate	updDate
BE22005463	1	0	여보, 우리 아들이 군대에서 백혈병 진단을 받았어. 너무 마음이 아파서 눈물만 나.	N	2022-06-30 16:40:24	2022-11-08 03:59:36
BE22005463	2	1	백혈병이라니, 마음이 아프고 쓰려와. 당신도 많이 놀랐겠다. 내 마음이 다 찢어질 것 같아.	N	2022-06-30 16:40:24	2022-11-08 03:59:36
BE22005463	3	0	당장에 입원을 해야 한다는데, 우리 아들이 왜 이렇게 불쌍하지? 나도 이제 병원에 가봐야 하는데 아무것도 할 수가 없고 그저 눈물만 흘리고 앉아있어. 나라도 정신을 차려야 하는데.	N	2022-06-30 16:40:24	2022-11-08 03:59:36
BE22005463	4	1	여보, 충격이 큰 게 당연해. 당연히 아들을 생각하게 되는 게 맞지만, 나는 여보의 마음도 걱정돼. 충격과 슬픔이 가시지 않은 채로 아들을 만나면 아들도 힘들 거야.	N	2022-06-30 16:40:24	2022-11-08 03:59:36
BE22005463	5	0	그래, 지금 누구보다도 제일 힘든 건 우리 아들일 거야. 빨리 감정 추스르고 싶은데 마음만큼 안돼.	N	2022-06-30 16:40:24	2022-11-08 03:59:36
BE22005463	6	1	내 말은 자기도 충분히 슬퍼하고 눈물을 흘려야 한다는 뜻이야. 슬픔을 억누르면 더 힘들어질 거야. 슬픈 마음은 나에게 다 토로하고, 눈물도 흘려보내버려.	N	2022-06-30 16:40:24	2022-11-08 03:59:36
BE22005463	7	0	응 그래야겠어. 지금 당장은 괜찮아질 수가 없는 것 같아. 내가 군대에 있을 때는 감기에 걸려도 서럽고 슬펐는데, 아들은 얼마나 힘들까. 상상할 수가 없어.	N	2022-06-30 16:40:24	2022-11-08 03:59:36
BE22005463	8	1	자기가 아버지로서 아들을 생각하고 걱정하는 마음이 느껴져. 나도 같이 눈물이 나.	N	2022-06-30 16:40:24	2022-11-08 03:59:36
BE22005463	9	0	같은 남자끼리 군대에서 어떤지 잘 알면서도 내가 아들을 많이 신경 못 써준 것 같아. 그동안 못 해준 것만 생각나.	N	2022-06-30 16:40:24	2022-11-08 03:59:36
BE22005463	10	1	여보, 지금 상황이 슬프고 절망적이긴 하지만 과거에 여보가 노력했던 것까지 폄하할 필요는 없어. 그동안 자기도 아들을 위해 많이 희생해왔잖아. 충분히 좋은 아빠였어, 당신은.	N	2022-06-30 16:40:24	2022-11-08 03:59:36
BE22005463	11	0	이제 앞으로가 더 중요할 것 같아. 아들은 투병을 시작할 거고, 나는 간호를 시작하게 되겠지. 잘할 수 있을지 걱정이야.	N	2022-06-30 16:40:24	2022-11-08 03:59:36
BE22005463	12	1	우리 아들은 어릴 때부터 씩씩하고 강한 아이였지? 군대에 갈 때도 걱정하지 말라면서 여보를 안심시키려 노력했잖아. 그러니 병도 잘 이겨낼 거고, 여보도 병간호에 최선을 다할 거니까 좋은 결과가 있을 거야.	N	2022-06-30 16:40:24	2022-11-08 03:59:36
BE22005463	13	0	응, 나 정말 최선을 다할 거야. 우리 아들은 병을 꼭 이겨낼 수 있을 거야. 나도 이제 그만 슬퍼하고 더 강한 아빠가 될게.	N	2022-06-30 16:40:24	2022-11-08 03:59:36
BE22005463	14	1	당신은 잘할 수 있어. 곁에 내가 함께 있어줄게.	N	2022-06-30 16:40:24	2022-11-08 03:59:36
BE22005463	15	0	고마워. 당신이 꼭 필요할 것 같아.	Y	2022-06-30 16:40:24	2022-11-08 03:59:36
