id	utterance_id	utterance_type	utterance_text	terminate	regDate	updDate
BE22012825	1	0	내 탓으로 아이가 다쳤어. 정말 후회스럽고 마음이 아파서 눈물이 맺혀.	N	2022-08-02 04:09:40	2022-11-08 04:46:39
BE22012825	2	1	무슨 사고라도 생긴 거야? 무슨 일이니?	N	2022-08-02 04:09:40	2022-11-08 04:46:39
BE22012825	3	0	오늘 유치원에서 물놀이하는 날인데 갖고 간 구명조끼가 작았나 봐. 움직이면서 쓸린 것 같은데 상처를 보고 있으니 내 마음이 다 아프네. 내가 제대로 확인했어야 했는데 정말 후회돼.	N	2022-08-02 04:09:40	2022-11-08 04:46:39
BE22012825	4	1	아이가 다친 게 당신 실수 때문인 것 같아서 엄청 슬픈가 보구나. 항상 주의하는데도 이런 일이 생기니 얼마나 속상하니. 그렇지만 당신 잘못이 아니니 자책하지 않았으면 좋겠어.	N	2022-08-02 04:09:40	2022-11-08 04:46:39
BE22012825	5	0	부은 곳에 물까지 닿아서 쓰렸을 생각하니 내 마음이 찢어지는 것 같아. 흉이라도 지면 어떡해. 엄마가 부족해서 아이가 다친 것 같아.	N	2022-08-02 04:09:40	2022-11-08 04:46:39
BE22012825	6	1	자책감으로 자신을 비난하는 당신 마음 나도 이해해. 하지만 조금 부은 정도니, 당신을 탓하면서 후회하지 않아도 괜찮아. 세상에서 당신만큼 좋은 엄마도 없는걸.	N	2022-08-02 04:09:40	2022-11-08 04:46:39
BE22012825	7	0	하루가 다르게 쑥쑥 크는 걸 알면서 이건 왜 놓쳤는지 모르겠어. 아이도 불편했을 텐데 참고 놀았을 생각 하니 눈물이 맺혀. 아이한테 너무 미안해.	N	2022-08-02 04:09:40	2022-11-08 04:46:39
BE22012825	8	1	아이가 다친 것도 속상한데 그것이 자신 탓이라고 생각하니 더 미안한가 보구나. 너무 슬퍼하지 말고 기운 내자. 얼음찜질하고 연고 발라주면 금방 가라앉을지도 모르잖아.	N	2022-08-02 04:09:40	2022-11-08 04:46:39
BE22012825	9	0	못난 엄마 때문에 아이가 고생인 것 같아서 슬퍼. 난 왜 이렇게 세심하지 못한 걸까? 엄마로서 자격 미달이야.	N	2022-08-02 04:09:40	2022-11-08 04:46:39
BE22012825	10	1	아이 키우다 보면 별별 일을 다 겪는다잖아. 그렇게 하나씩 배우면서 부모도 아이도 성장해 나가는 거 아니겠어? 그리고 다친 아이보다 더 아파하는 엄마인데 당신은 분명 좋은 엄마야.	N	2022-08-02 04:09:40	2022-11-08 04:46:39
BE22012825	11	0	그렇게 생각해도 될까? 당신 말대로 크게 다친 정도는 아니니 앞으로 더 신경 쓸 수 있도록 주의해야겠어. 이렇게 후회할 일 다신 만들지 않을 거야.	N	2022-08-02 04:09:40	2022-11-08 04:46:40
BE22012825	12	1	이것 봐. 당신은 언제나 아이에게 더 잘해주려고 노력하는 엄마잖아. 아이도 분명 엄마의 크나큰 사랑을 느낄 거야. 당신이 있어서 가정이 화목하고 행복해.	N	2022-08-02 04:09:40	2022-11-08 04:46:40
BE22012825	13	0	당신이 격려해 주니 정말 고마워. 덕분에 기운이 나는 것 같아. 당신 말대로 얼른 찜질해 주고 연고도 발라줘야겠어.	N	2022-08-02 04:09:40	2022-11-08 04:46:40
BE22012825	14	1	다시 씩씩해진 모습 보기 좋아. 오늘 최대한 일찍 들어가서 맛있는 저녁 만들어 줄게. 가족끼리 오붓하게 시간 보내자.	N	2022-08-02 04:09:40	2022-11-08 04:46:40
BE22012825	15	0	고마워. 그럼 도착하기 전에 연락해. 아이랑 주차장에 마중 나갈게.	Y	2022-08-02 04:09:40	2022-11-08 04:46:40
