id	utterance_id	utterance_type	utterance_text	terminate	regDate	updDate
BE22002258	1	0	여보, 어떡하죠? 오늘 실수로 미성년자에게 술 팔았다가 경찰에 적발됐어요.	N	2022-06-20 15:33:14	2022-11-08 03:39:02
BE22002258	2	1	저런, 그런 일이 있었어. 당신 정말 많이 놀랐을 텐데 괜찮아?	N	2022-06-20 15:33:14	2022-11-08 03:39:02
BE22002258	3	0	하, 영업 정지에 형사 처벌도 받을 수 있다니까 진정이 안 되네요.	N	2022-06-20 15:33:14	2022-11-08 03:39:02
BE22002258	4	1	하필 내가 가게에 없을 때 그런 일이 발생하다니… 어쩌다가 미성년자에게 술을 판 거야?	N	2022-06-20 15:33:14	2022-11-08 03:39:02
BE22002258	5	0	생긴 것도 다 성인처럼 생겼고 들어오기 전에 밖에서 담배를 피우고 들어오길래 속을 수밖에 없었어요.	N	2022-06-20 15:33:14	2022-11-08 03:39:02
BE22002258	6	1	아, 확실히 요즘 애들이 다 덩치가 커서 구별하기가 참 어렵긴 해. 그리고 담배 피우는 걸 봤다면 성인이라고 생각할 수밖에 없긴 하지. 이건 당신이 진짜 억울할 만하겠다.	N	2022-06-20 15:33:14	2022-11-08 03:39:02
BE22002258	7	0	제가 미성년자인 걸 알면서 술을 팔 사람이 아니란 건 당신이 잘 알잖아요. 저 정말로 너무 억울해요.	N	2022-06-20 15:33:14	2022-11-08 03:39:02
BE22002258	8	1	당연히 그럴 사람이 아닌 건 내가 잘 알지. 당신은 그 누구보다 양심적으로 장사하는 사람이잖아. 나는 이번 일이 당신 잘못이라고 생각하지 않아.	N	2022-06-20 15:33:14	2022-11-08 03:39:02
BE22002258	9	0	근데 경찰은 꼼꼼히 확인하지 않은 제 잘못이라네요. 정말 어쩜 좋아요….	N	2022-06-20 15:33:14	2022-11-08 03:39:02
BE22002258	10	1	걔네가 위조된 신분증을 사용하진 않았어? 만약 그랬다면 처벌을 면책받을 수 있다는데?	N	2022-06-20 15:33:14	2022-11-08 03:39:02
BE22002258	11	0	제가 바보 같게도 신분증 검사를 안 했어요. 정말 죽고 싶은 심정이네요. 당신한테도 너무 미안해요.	N	2022-06-20 15:33:14	2022-11-08 03:39:02
BE22002258	12	1	아니야, 내가 같이 못 있어준 게 미안하지. 당신이 받았을 충격이 걱정된다. 얼마나 무섭고 떨렸을까…	N	2022-06-20 15:33:14	2022-11-08 03:39:03
BE22002258	13	0	후, 불가능한 걸 알지만 자꾸 시간을 되돌리고 싶다는 생각뿐이에요.	N	2022-06-20 15:33:14	2022-11-08 03:39:03
BE22002258	14	1	그 마음은 이해해. 그래도 그나마 처음 적발된 거라 처벌이 세진 않을 테니까 너무 좌절하지 말고 조금만 힘내보자.	N	2022-06-20 15:33:14	2022-11-08 03:39:03
BE22002258	15	0	알겠어요. 항상 힘이 되어줘서 고마워요. 다음부턴 절대 이런 일 없도록 할게요.	Y	2022-06-20 15:33:14	2022-11-08 03:39:03
