id	utterance_id	utterance_type	utterance_text	terminate	regDate	updDate
BE22019497	1	0	당신이 회사 이전으로 우리가 주말 부부가 된 지 1주일도 안 됐는데. 당신의 빈자리가 느껴져서 내 마음이 너무 슬퍼져요. 이제는 혼자 벌레 잡는 일에도 익숙해져야 하기에 더 슬퍼지는 저녁이네요.	N	2022-09-21 14:00:37	2022-11-08 05:34:42
BE22019497	2	1	문자를 읽는데 눈물이 날 것 같이 안타까운 마음이 들어요. 벌레를 극도로 싫어하는 것을 아는데. 익숙해지기 위해 노력하는 당신만 생각하면 너무 걱정되고 힘을 주고 싶어요.	N	2022-09-21 14:00:37	2022-11-08 05:34:42
BE22019497	3	0	우리가 어떻게 보면 지금 신혼이라서 그런지 당신이 더 보고 싶어요. 우리를 갈라 놓은 이런 상황 때문에 더욱 안타깝고 슬퍼져요. 주말마다 당신을 볼 수 있을지도 모르고 불확실한 우리의 미래 때문에 더욱 슬퍼져요.	N	2022-09-21 14:00:37	2022-09-21 14:00:37
BE22019497	4	1	그랬군요, 전 당신이 혼자 못하는 일들을 어떻게 혼자 해 나갈지 너무 염려가 돼요. 우리 아파트가 숲 주변에 있어서 벌레도 많은데. 여름이 되어 갈수록 더 심해진다는 사실 때문에 걱정돼요.	N	2022-09-21 14:00:37	2022-11-08 05:34:42
BE22019497	5	0	정말 심각한 고민이에요, 당신이 내가 벌레를 극도로 싫어하는 걸 알아서 처리해 줬잖아요. 당신과 살면서 너무 행복했는데 갑자기 이렇게 헤어져서 모든 게 슬퍼진 심정이에요.	N	2022-09-21 14:00:37	2022-09-21 14:00:37
BE22019497	6	1	그렇죠, 그래도 전 최대한 시간을 내어서 당신에게 갈 테니 너무 걱정하지 말아요. 우리가 그래도 같은 대한민국 안에 사는데 만날 수는 있을 거예요.	N	2022-09-21 14:00:37	2022-11-08 05:34:42
BE22019497	7	0	그렇겠죠, 이번에 회사가 이전을 하면서 나도 따라가고 싶었어요. 현실적으로 못하니까 너무 슬프고 괴롭더라고요.	N	2022-09-21 14:00:37	2022-09-21 14:00:37
BE22019497	8	1	당연히 그런 심정이 들 만하죠. 나도 슬퍼하는 당신을 떠올리면 가슴이 아파서 눈물이 날 것 같아요. 그래도 당신의 슬픔이 나와의 연락을 주고받으면서 풀리기를 바라는 마음뿐이에요.	N	2022-09-21 14:00:37	2022-11-08 05:34:42
BE22019497	9	0	그렇죠, 전 당신과 연락을 나누면 슬픔이 많이 해소가 돼요. 나의 이런 마음을 잘 알고 있는 당신이라서 시간이 날 때마다 나에게 연락해주고. 내 안부를 물어봐 줘서 너무 고마워요.	N	2022-09-21 14:00:37	2022-11-08 05:34:42
BE22019497	10	1	당연하죠, 당신을 걱정하는 게 제 역할인데요. 그리고 진심으로 당신이 걱정되는 마음이기도 하고요. 여름이 다가올수록 벌레 때문에 고생할 당신이 떠올라서 마음이 찢어질 것 같아요.	N	2022-09-21 14:00:37	2022-11-08 05:34:42
BE22019497	11	0	혼자 벌레를 잡는 일에 익숙해지기 위해서 이것저것 시도를 해보는데 잘 해결이 안 됐어요. 내가 왜 이렇게 까지 해야 하나 하는 생각이 들 때면 슬픔이 깊어져서 힘들었죠. 그런데 내 슬픔을 알고 나를 위로해 주는 당신이 있어서 고마울 뿐이에요.	N	2022-09-21 14:00:37	2022-11-08 05:34:42
BE22019497	12	1	일 순위로 생각하는 마음이기에 언제나 당신을 기쁘게 해주고 싶은 마음이에요. 이 세상에서 우리가 부부로 만나서 당신이 내게 보여준 사랑 때문에 행복한 나인데. 이 고마움을 당신에게도 보여주고 싶어요.	N	2022-09-21 14:00:37	2022-09-21 14:00:37
BE22019497	13	0	우리가 떨어져 있지만 사랑 받는다는 느낌을 받게 해주는 당신이 내 남편이라서 너무 기쁘네요. 무슨 문자를 보내도 나를 먼저 생각하고 반응해줘서 감동 받아요.	N	2022-09-21 14:00:37	2022-11-08 05:34:42
BE22019497	14	1	그게 내 진심이기 때문에 당신이 힘을 내주었으면 좋겠다고 생각하거든요. 그런데 이번 일도 당신이 거짓말처럼 기분이 풀렸다고 문자 해 줘서 얼마나 고마운지 몰라요.	N	2022-09-21 14:00:37	2022-11-08 05:34:42
BE22019497	15	0	당연하죠, 당신이 나를 위해서 이렇게 노력하는데 내 슬픔이 해결 안 되면 그건 이상한 거죠. 혼자 벌레를 잡는 일에 익숙해지기 위해서 노력했잖아요. 이런 나의 슬픈 마음까지 공감해준 당신이 있어서 행복해요.	Y	2022-09-21 14:00:37	2022-11-08 05:34:42
