id	utterance_id	utterance_type	utterance_text	terminate	regDate	updDate
BE22001141	1	0	놀러 갔을 때 친구 이모가 부침개를 해주셨어.	N	2022-06-14 04:15:57	2022-11-08 03:31:44
BE22001141	2	1	여행 가서 당신이 좋아하는 부침개도 먹고 좋았겠네.	N	2022-06-14 04:15:57	2022-11-08 03:31:44
BE22001141	3	0	근데 한편으로는 마음이 답답하고 쓸쓸하기도 하더라.	N	2022-06-14 04:15:57	2022-11-08 03:31:44
BE22001141	4	1	혹시 거기에서 무슨 일이라도 있었어?	N	2022-06-14 04:15:57	2022-11-08 03:31:44
BE22001141	5	0	배고프겠다고 바로 부침개 부쳐주시는데 우리 이모 생각났어. 어렸을 때 이모가 부침개 자주 해주셨거든.	N	2022-06-14 04:15:57	2022-11-08 03:31:44
BE22001141	6	1	아, 이모님 생각에 마음이 울적해졌구나.	N	2022-06-14 04:15:57	2022-11-08 03:31:44
BE22001141	7	0	친구랑 이모는 다정하게 사는데 우리는 왜 이리 소원해졌나 싶더라고.	N	2022-06-14 04:15:57	2022-11-08 03:31:44
BE22001141	8	1	갈등이 있어서가 아니라 바쁘게 사느라 그렇게 된 거잖아.	N	2022-06-14 04:15:57	2022-11-08 03:31:44
BE22001141	9	0	내 잘못이지. 내 친구처럼 이모한테 살갑게 대해야 하는데.	N	2022-06-14 04:15:57	2022-11-08 03:31:44
BE22001141	10	1	당신 마음 다 아실 테니까 자책하지 마. 이제라도 안부 전화 자주 드리고 찾아뵈면 되지.	N	2022-06-14 04:15:57	2022-11-08 03:31:44
BE22001141	11	0	연락 안 한다고 서운하셨을 텐데 선뜻 나서기가 그래.	N	2022-06-14 04:15:57	2022-11-08 03:31:44
BE22001141	12	1	처음에만 어색하고 곧 편해질 테니까 걱정하지 마. 먼저 연락하면 이모님이 얼마나 반가워하시겠어.	N	2022-06-14 04:15:57	2022-11-08 03:31:44
BE22001141	13	0	그러실까? 그럼 용기를 내서 전화부터 해야겠다.	N	2022-06-14 04:15:57	2022-11-08 03:31:44
BE22001141	14	1	응, 그리고 이제부터는 명절 때 고향에 내려가면 이모님 댁에도 꼭 가자.	Y	2022-06-14 04:15:57	2022-11-08 03:31:44
