id	utterance_id	utterance_type	utterance_text	terminate	regDate	updDate
BE22016323	1	0	여보, 언제 들어와? 나 지금 마음이 너무 슬퍼.	N	2022-08-30 03:33:54	2022-08-30 03:33:54
BE22016323	2	1	왜 그래. 무슨 일 있어?	N	2022-08-30 03:33:54	2022-08-30 03:33:54
BE22016323	3	0	당신이 요즘 너무 바쁜 건 알지만, 나 혼자서 아이 둘을 돌보려니 힘이 들어. 둘째 낳고 몸조리를 못 해서 그런 건지 한여름에도 손발이 시리고 안 아픈 곳이 없어.	N	2022-08-30 03:33:54	2022-08-30 03:33:54
BE22016323	4	1	아이들 보느라 많이 힘들지? 아이 낳고 몸도 안 좋은데 아이 둘을 봐야 하니 얼마나 힘이 들겠어. 내가 같이해야 하는데, 마음만큼 하지 못하고 있어서 정말 미안해.	N	2022-08-30 03:33:54	2022-11-08 05:08:36
BE22016323	5	0	일 때문에 바빠서 그렇다는 건 알지만 힘이 들어서 그런지 요즘 당신한테 너무 서운해. 첫째는 둘째 태어나고 내 옆에만 있으려고 하고, 둘째는 아기니까 온전히 돌봐야 하고.	N	2022-08-30 03:33:54	2022-11-08 05:08:36
BE22016323	6	1	왜 안 그렇겠어. 자지도, 잘 먹지도 못하고 사람다운 생활을 못 하고 있는데 얼마나 괴로울까. 상상만 해도 힘든 일을 당신 혼자 하고 있다니 정말 대단하고 미안하고 고맙고 그래.	N	2022-08-30 03:33:54	2022-11-08 05:08:36
BE22016323	7	0	내 아이들 내가 키우니 안심도 되고 기쁠 때도 많아. 하루하루 커가는 모습 옆에서 지켜볼 수 있는 것도 특별한 일이고 아이들은 정말 예쁘고 사랑스러워. 하지만 오늘처럼 몸까지 안 좋은 날에는 서글퍼져.	N	2022-08-30 03:33:54	2022-08-30 03:33:54
BE22016323	8	1	몸도 그렇게 아픈데 마음은 오죽 힘들까. 당신이 너무 애처로워서 내 마음도 미어지는 것 같아. 이런 상황에서도 그렇게 긍정적인 마음을 가질 수 있는 당신이 정말 대단하다.	N	2022-08-30 03:33:54	2022-11-08 05:08:36
BE22016323	9	0	당신이 휴가 내서 나 쉬게 해주는 것도 고맙지만 하루만으로는 큰 도움이 안 돼.	N	2022-08-30 03:33:54	2022-08-30 03:33:54
BE22016323	10	1	하루로 크게 바뀔 것이라고 생각하지 않아. 하지만 이것만 알아줘. 당신이 날 필요로 할 때면 최선을 다해 당신 곁에 있을 거야.	N	2022-08-30 03:33:54	2022-11-08 05:08:36
BE22016323	11	0	당신도 일하느라 바쁘고 집에 오면 밀린 집안일 하느라 피곤하다는 거 잘 알아. 그냥 내가 힘들다는 걸 당신이 알아주길 바랐었나 봐.	N	2022-08-30 03:33:54	2022-11-08 05:08:36
BE22016323	12	1	아니야. 당연히 같이해야 하는 일인데 당신한테 맡긴 거 같아서 항상 미안한 마음이었거든. 그렇게 말해줘서 나야말로 고마워.	N	2022-08-30 03:33:54	2022-11-08 05:08:36
BE22016323	13	0	당신이 그렇게 말해주니 괜스레 미안하기도 하고 마음이 조금 풀리네. 아이들은 생각보다 금방 큰다고 하니 이 소중한 순간 함께 할 수 있음에 감사하게 생각해야지.	N	2022-08-30 03:33:54	2022-11-08 05:08:36
BE22016323	14	1	당신은 지금도 충분히 단단한 사람이야. 정말 잘 해내고 있고 당신 같은 사람을 아내와 엄마로 둔 우리는 운이 좋은 사람들이지.	N	2022-08-30 03:33:54	2022-11-08 05:08:36
BE22016323	15	0	그렇게 말해줘서 고마워. 나 더 힘내볼게. 당신이 나를 알아주니 더 좋은 사람이 될게.	Y	2022-08-30 03:33:54	2022-11-08 05:08:36
