id	utterance_id	utterance_type	utterance_text	terminate	regDate	updDate
BE22014841	1	0	여보, 일 열심히 하고 있어? 나는 어제 술이 덜 깨서 몸도 마음도 오늘 지치네. 일에 집중이 안 되니까 우울하고 슬프다.	N	2022-08-19 06:35:32	2022-08-19 06:35:32
BE22014841	2	1	여보 어제 술 많이 먹었더라, 많이 힘들었겠어. 전날 회식하고 바로 다음 날 출근이라니, 나도 마음이 안 좋아.	N	2022-08-19 06:35:32	2022-11-08 04:59:24
BE22014841	3	0	도대체 왜 이렇게 평일에 회식을 자주 하는지 이해가 안 가. 회식에 참석을 안 할 수도 없고, 참석하면 이렇게 다음 날 녹초가 되니 너무 슬퍼. 회사 생활에 회식이 필수적인 걸까?	N	2022-08-19 06:35:32	2022-11-08 04:59:24
BE22014841	4	1	그러게, 나도 어제 피곤해 하는 당신 모습 보면서 조금 속상했어. 늦게까지 회식하면 다음 날 업무에도 영향을 주는데, 다들 힘들지 않을까? 나는 직원들을 위해서라도 회식을 덜 해야 한다고 생각하는데.	N	2022-08-19 06:35:32	2022-11-08 04:59:24
BE22014841	5	0	영업 직무가 이렇게 회식이 많을 줄 몰랐어. 직무만 보고 들어왔는데, 막상 맞지 않는 것 같아서 우울하다. 어제는 심지어 나에게 노래를 부르라고 하더라고, 내가 이런 것까지 해야 하나 눈물이 났어.	N	2022-08-19 06:35:32	2022-11-08 04:59:24
BE22014841	6	1	우리 여보 많이 힘들었겠구나. 몸도 피곤하지만, 마음도 참 정말 속상했겠어. 당신의 마음을 아프게 하는 걸 일부러 할 필요는 없지, 자기가 얼마나 답답했을지 이해해.	N	2022-08-19 06:35:32	2022-11-08 04:59:24
BE22014841	7	0	힘들게 들어온 회사인데 고작 회식 때문에 그만 일하고 싶다고 하면 사람들이 어떻게 생각할까? 나를 한심한 사람이라고 생각할 것 같아서 울적해. 이러지도 저러지도 못하고 고립된 기분이야.	N	2022-08-19 06:35:32	2022-11-08 04:59:24
BE22014841	8	1	이러지도 저러지도 못하고 갇힌 기분, 참 답답하겠다. 하지만 자기야 사람들이 뭐가 중요해, 자기가 일하면서 행복한 게 중요하지. 나는 누가 뭐라고 하든, 자기가 일하면서 슬프지 않고 즐거웠으면 좋겠어.	N	2022-08-19 06:35:32	2022-11-08 04:59:24
BE22014841	9	0	내가 영업직을 그만두면 할 수 있는 일이 있을까? 나가서도 일자리를 잃게 될까 봐 너무 두렵고 슬퍼.	N	2022-08-19 06:35:32	2022-08-19 06:35:32
BE22014841	10	1	당연히 할 수 있는 일이 있지. 나는 자기처럼 유능하고 똑똑한 직원을 본 적이 없는걸. 영업직을 그만둔다고 해도 거기서 오는 경험이 있잖아, 자기는 분명히 잘할 거야.	N	2022-08-19 06:35:32	2022-11-08 04:59:25
BE22014841	11	0	그렇게 말해 줘서 위로된다. 회사를 절대 그만둘 수 없다는 생각에 막막했는데, 자기 덕분에 마음이 편안해져. 내가 회사를 그만두더라도 우리 자기는 꼭 호강시켜 줄게.	N	2022-08-19 06:35:32	2022-11-08 04:59:25
BE22014841	12	1	너무 무리하지 않아도 돼, 우리 지금처럼만 행복하게 잘 살면 되지. 난 그저 당신이 스트레스 안 받고 평온하게 살았으면 좋겠어.	N	2022-08-19 06:35:32	2022-11-08 04:59:25
BE22014841	13	0	오늘 몸은 힘들지만, 마음은 가벼워졌어. 이따 집에서 보자, 사랑해 여보.	N	2022-08-19 06:35:32	2022-11-08 04:59:25
BE22014841	14	1	마음이 나아졌다니 나도 기쁘다, 집에서 봐.	Y	2022-08-19 06:35:32	2022-08-19 06:35:32
