id	utterance_id	utterance_type	utterance_text	terminate	regDate	updDate
BE22008339	1	0	이번 명절은 정말 실망스럽네요. 경기가 안 좋아서 그런지 설 명절 선물로 식용유만 잔뜩 들어왔어요. 저희는 업체들에 소고기 세트를 보냈는데 슬프네요.	N	2022-07-13 02:37:48	2022-11-08 04:18:02
BE22008339	2	1	당신이 많이 실망스럽겠어요. 우리도 힘든데도 협력 업체들에 전부 소고기를 돌렸는데, 돌아오는 게 식용유라니. 누구라도 마음 상하고 언짢을 거 같아요.	N	2022-07-13 02:37:48	2022-11-08 04:18:02
BE22008339	3	0	그러니까요. 지금 경기가 많이 안 좋아서 우리 회사도 힘든데. 다른 업체들도 힘들 거 같아서 힘내시라고 격려 차원으로 평소보다 더 좋은 걸로 보내드렸는데. 저만 오버한 거 같고 좀 씁쓸하고 슬프네요.	N	2022-07-13 02:37:48	2022-11-08 04:18:02
BE22008339	4	1	당연히 슬프고 안타까울 거 같아요. 당신이 생각해서 협력 업체 힘든 시기 다 같이 이겨내 보자고 힘내시라는 좋은 선물을 보낸 건데. 다른 업체들에서는 당신처럼 배려하지 않고 당신만 배려했다고 생각하니 속이 상할 거 같아요.	N	2022-07-13 02:37:48	2022-11-08 04:18:03
BE22008339	5	0	진짜 좀 속상하네요, 나만 다른 업체들 신경 쓰고 생각한 거 같고요. 좀 배신감도 느껴져요. 만날 때마다 함께 힘내서 이 위기를 극복하자고 말하며 서로 격려했었는데.	N	2022-07-13 02:37:48	2022-11-08 04:18:03
BE22008339	6	1	당신이 슬프고 다른 업체들에 실망했을 마음을 생각하니 제 마음이 더 안타깝고 슬퍼요. 그래도 당신이 다른 업체들을 배려해 주고 힘내라고 응원해 준 마음만큼은 진심으로 멋지고 대단해요. 사실 당신도 무척 힘들 텐데, 요즘 수금도 잘 안 되고 돈 나가야 할 곳은 많고.	N	2022-07-13 02:37:48	2022-11-08 04:18:03
BE22008339	7	0	그렇죠, 요즘 수금도 안 되는데, 그렇다고 지불해야 할 돈이 줄어드는 것도 아니니까요. 그래서 더 섭섭하네요. 그런데도 저는 다른 업체들 생각해서 좋은 선물 보냈는데 저희한테 선물한 건 식용유라니 참.	N	2022-07-13 02:37:48	2022-11-08 04:18:03
BE22008339	8	1	제가 봐도 당신의 넓고 다른 사람을 배려하는 마음에 감명받고 대단하고 멋지다고 생각해요. 다른 업체들도 당신이 격려하고 응원하는 마음을 충분히 느끼고 감동했을 거예요. 그리고 당신의 응원과 격려로 힘이 많이 났을 거예요.	N	2022-07-13 02:37:48	2022-11-08 04:18:03
BE22008339	9	0	그럴까요? 제가 힘내라고 보내는 메시지를 받았을까요? 하긴, 뭐 받자고 보낸 것도 아니고 항상 응원하고 있다는 마음을 알아줬으면 해서 보낸 거라.	N	2022-07-13 02:37:48	2022-11-08 04:18:03
BE22008339	10	1	그럼요. 충분히 넘치도록 다른 업체들이 당신 마음을 알았을 거예요. 힘든 시기에 자기만 힘든 것도 아니고, 당신 회사도 힘들다는 걸 주변 모든 회사가 알잖아요. 그래서 더 당신이 얼마나 세심하게 자기들을 신경 써주고 응원하고 있는지 알 거 같아요.	N	2022-07-13 02:37:48	2022-11-08 04:18:03
BE22008339	11	0	당신 말처럼 다른 업체들이 제 마음을 알아준다면 그걸로 만족해요.	N	2022-07-13 02:37:48	2022-11-08 04:18:03
BE22008339	12	1	그럼요, 저는 당신의 그 멋지고 아름다운 마음만으로도 너무 대견하고 솔직히 제가 다 자랑스러워요. 본인이 힘들면 주변을 신경 못 쓰는 게 태반인데, 당신은 힘듦에도 불구하고 주변까지 신경 썼잖아요. 진짜 제 남편이지만 너무 멋져서 여기저기 자랑하고 싶어요.	N	2022-07-13 02:37:48	2022-11-08 04:18:03
BE22008339	13	0	당신이 이렇게 칭찬해 주고 멋지다고 해주니까 슬프고 실망스러웠던 제 마음이 눈 녹듯 사르르 녹아내리네요. 고마워요.	N	2022-07-13 02:37:48	2022-11-08 04:18:03
BE22008339	14	1	당신 마음이 조금이나마 편안해졌다니 너무 다행이에요. 그리고, 사실 저는 식용유 너무 좋아요. 음식할 때 없어선 안 될 게 식용유잖아요.	N	2022-07-13 02:37:48	2022-11-08 04:18:03
BE22008339	15	0	그래요? 그럼 다른 업체들이 꼭 필요한 선물을 해준 거네요. 당신이 좋다고 해주니 저도 좋네요.	N	2022-07-13 02:37:48	2022-11-08 04:18:03
BE22008339	16	1	회사도 힘든데 주변도 챙기고 가족을 위해서 열심히 일하는 당신 너무 멋져요. 사랑하고 항상 고마워요.	Y	2022-07-13 02:37:48	2022-11-08 04:18:03
