id	utterance_id	utterance_type	utterance_text	terminate	regDate	updDate
BE22006783	1	0	끝날 듯 끝나지 안는 이 지독한 산후우울증에 너무 지쳐만 가요. 가끔은 그냥 연기처럼 제가 사라져 버렸으면 좋겠어요.	N	2022-07-07 04:44:13	2022-11-08 04:08:09
BE22006783	2	1	힘든 산후우울증을 겪는 당신을 보니 너무 안쓰러워요. 너무 힘들어 도망치고 싶을 때도 있겠지만 조금 더 힘내봐요. 제가 당신의 우울함을 덜어주도록 곁에서 더 노력하고 살필게요.	N	2022-07-07 04:44:13	2022-11-08 04:08:09
BE22006783	3	0	당신과 저의 사랑의 결실로 힘들게 낳은 소중한 아이인데도 자꾸 우는 아이가 미워보ㅍ이기도 해요. 그런 내가 스스로 한심하고 못 나 보여요. 그렇게 원하고 원했던 아이인데.	N	2022-07-07 04:44:13	2022-11-08 04:08:09
BE22006783	4	1	출산한 지 얼마 안 되어 몸도 마음도 지친 상태이니 사랑스러운 아이라도 미울 때가 있을 거예요. 스스로를 너무 자책하지 말아요. 당신은 지금도 잘해내고 있어요.	N	2022-07-07 04:44:13	2022-11-08 04:08:09
BE22006783	5	0	내가 낳은 아이가 미워 보인다니 그런 엄마가 어디 있어요. 저는 모성애도 없고 엄마로서 자격이 없나 봐요.	N	2022-07-07 04:44:13	2022-11-08 04:08:09
BE22006783	6	1	제가 보기에 당신은 훌륭한 엄마예요. 지치고 힘든 상황에서도 아이에게 좋다고 모유수유도 놓지 않고 늘 노력하고 있잖아요. 자신보다 아이와 가족을 생각해주는 당신이 고마우면서도 안쓰럽고 미안해요.	N	2022-07-07 04:44:13	2022-11-08 04:08:09
BE22006783	7	0	집에서 무기력하게 앉아서 창문을 보다 보면 나도 모르게 눈물이 흐를 때가 있어요. 아무 일도 없다가도 문득문득 그냥 눈물이 흘러요.	N	2022-07-07 04:44:13	2022-11-08 04:08:09
BE22006783	8	1	당신을 제가 더 신경 썼어야 하는데 당신의 마음을 잘 보듬어주지 못한 것 같아요. 집에만 있지 말고 주말엔 모처럼 친구들도 만나 기분전환하고 오는 건 어때요? 아이는 제가 잘 돌볼게요.	N	2022-07-07 04:44:13	2022-11-08 04:08:09
BE22006783	9	0	출산으로 망가진 제 몸을 보고 있으면 밖에 나가기도 꺼려져요. 친구들도 변한 제 몸을 보면 속으로 놀릴 거예요. 제가 봐도 축 늘어진 뱃살과 튼살은 흉측한걸요.	N	2022-07-07 04:44:13	2022-11-08 04:08:09
BE22006783	10	1	고귀한 생명을 품고 출산하느라 변한 몸을 감히 누가 놀리겠어요. 아무도 그렇게 생각하지 않아요. 제 눈엔 엄마가 된 당신의 모습이 이전보다 훨씬 멋지고 아름다워 보여요.	N	2022-07-07 04:44:13	2022-11-08 04:08:09
BE22006783	11	0	긴 산후우울증을 겪는 저를 보는 당신도 많이 지치죠? 당신에게도 아이에게도 제가 못할 짓을 하고 있는 것 같아요. 많은 사람이 출산하고 육아하며 힘든데 혼자 유난인 것 같아요.	N	2022-07-07 04:44:13	2022-11-08 04:08:09
BE22006783	12	1	누구보다 당신이 더 힘들 거라는 걸 잘 알아요. 산후우울증은 주변과 남편의 역할이 가장 중요하다는데 내 역할이 부족했던 건 아닌가, 내가 미안하죠. 미안해 말고 힘들 땐 언제든 나에게 털어놓고 기대요.	N	2022-07-07 04:44:13	2022-11-08 04:08:10
BE22006783	13	0	그렇게 말해주니 고마워요. 얼른 이 길고 긴 산후우울증에서 해방되어 행복을 찾고 싶어요. 이 우울증도 언젠가 끝나긴 할까요? 끝나지 않고 계속될 것 같아 두려워요.	N	2022-07-07 04:44:13	2022-11-08 04:08:10
BE22006783	14	1	지금의 힘든 순간도 분명 끝은 있어요. 당장은 너무 힘들겠지만, 당신의 곁에 당신을 누구보다 사랑하고 아끼는 내가 있다는 걸 잊지 마요. 우울함을 제가 모두 가져갈 순 없지만, 당신이 웃는 날이 더 많아지도록 노력할게요.	N	2022-07-07 04:44:13	2022-11-08 04:08:10
BE22006783	15	0	오랜 기간 우울해하는 절 보면 지칠 법도 한데 늘 사랑으로 안아줘서 고마워요. 힘들고 지치지만 당신이 있어 저에겐 큰 위로가 되어요. 사랑해요.	Y	2022-07-07 04:44:13	2022-11-08 04:08:10
