id	utterance_id	utterance_type	utterance_text	terminate	regDate	updDate
BE22007707	1	0	신혼여행으로 하와이 갔을 때 정말 좋았는데 그게 마지막 여행이 될지 몰랐어요.	N	2022-07-11 05:12:04	2022-11-08 04:14:02
BE22007707	2	1	저도 신혼여행으로 하와이를 처음 가봤는데 당신과 함께여서 그런지 더없이 행복하고 즐거웠던 기억이 나요. 우리가 신혼여행 다녀와서 금방 아이가 생기기도 했고 육아하랴 일하랴 여행을 가기 쉽지 않았네요.	N	2022-07-11 05:12:04	2022-11-08 04:14:02
BE22007707	3	0	여행을 오래 하지 못해서 그런지 너무 갑갑하고 우울해요. 언제쯤 이 지겨운 상황을 벗어나 자유롭게 여행을 할 수 있을지 답답해요.	N	2022-07-11 05:12:04	2022-11-08 04:14:02
BE22007707	4	1	매일 집에서 아이를 돌보느라 많이 힘들고 답답하죠? 여행을 참 좋아하던 당신인데 지금 얼마나 답답하고 무료할지 이해해요.	N	2022-07-11 05:12:04	2022-11-08 04:14:02
BE22007707	5	0	친구들은 친정집에 아이를 맡기고 부부가 자유롭게 여행도 다니던데. 저희 부모님은 두 분 다 일을 하시니 아이를 맡기지도 못하는 상황이라 친구들이 부러워요.	N	2022-07-11 05:12:04	2022-11-08 04:14:02
BE22007707	6	1	연세 있으신 장인 장모님께서도 더운데 힘들게 일하시느라 고생이 참 많아요. 지금은 친구들이 많이 부럽겠지만 아이가 조금 더 크면 우리에게도 지금보다 여유가 생길 거예요. 조금 더 함께 힘내봐요.	N	2022-07-11 05:12:04	2022-11-08 04:14:02
BE22007707	7	0	어젯밤 꿈에서 당신과 하와이 바닷가 산책을 하고 있었어요. 하와이의 밤하늘의 별과 기분 좋은 바람까지 실제로 느껴지는 듯 생생한 꿈이었어요.	N	2022-07-11 05:12:04	2022-11-08 04:14:02
BE22007707	8	1	꿈속에서라도 여행을 하고 싶을 정도로 당신이 정말 원하고 있다는 게 제 마음에도 와닿아요. 지금 당장이라도 비행기 표를 끊어서 저도 당신과 떠나고 싶지만 그러지 못하는 현실에 괜히 미안하네요.	N	2022-07-11 05:12:04	2022-11-08 04:14:02
BE22007707	9	0	신혼여행이 마지막 여행이 될 줄은 몰랐어요. 결혼하고 신혼 1년은 여행 다니며 즐기고 싶었는데 금방 아이가 생겨서 계획이 어그러졌어요.	N	2022-07-11 05:12:04	2022-11-08 04:14:02
BE22007707	10	1	신혼 때 많이 여행 다니지 못해 아쉬운 마음 이해해요. 하지만 우리에겐 당신을 닮은 예쁜 딸이 금방 찾아와준 게 더 큰 축복이잖아요. 아이가 조금 커서 셋이 함께하는 여행은 즐거움이 세배일 거예요.	N	2022-07-11 05:12:04	2022-11-08 04:14:02
BE22007707	11	0	아이는 너무 예쁘고 좋지만 예전보다 자유롭지 못한 건 사실이에요. 예전엔 마음만 먹으면 당장 내일이라도 짐을 싸서 여행 갈 수 있었지만 지금은 그렇지 못하잖아요.	N	2022-07-11 05:12:04	2022-11-08 04:14:02
BE22007707	12	1	우리 그럼 해외는 아직 조금 힘들겠지만 내일이라도 휴가 낼 테니 강원도라도 다녀올까요? 양양에 가면 발리처럼 꾸며놓은 곳이 있는데 정말 좋대요. 당신이 원하는 해외여행 기분도 느낄 수 있을 거예요.	N	2022-07-11 05:12:04	2022-11-08 04:14:02
BE22007707	13	0	양양에 그런 곳이 있다고요? 아이 데리고 장거리는 처음이라 조금 떨리긴 하는데 즉흥 여행이라니 정말 가는 건가요? 꿈만 같아요.	N	2022-07-11 05:12:04	2022-11-08 04:14:02
BE22007707	14	1	언제든지 마음만 먹으면 국내 여행 정도는 갈 수 있었는데 내가 너무 무심했어요. 아이와 함께하는 여행이라 힘들기도 하겠지만 그래도 좋은 추억이 될 거예요. 가서 우울했던 마음 훌훌 털어버리고 당신 기분전환이 되길 바라요.	N	2022-07-11 05:12:04	2022-11-08 04:14:02
BE22007707	15	0	요즘 너무 답답하고 우울했는데 갑자기 여행이라니 설레어요. 늘 내 푸념 들어주고 제 행복을 위해 노력해주는 당신에게 고마워요.	Y	2022-07-11 05:12:04	2022-11-08 04:14:02
