id	utterance_id	utterance_type	utterance_text	terminate	regDate	updDate
BE22017285	1	0	오늘 딸 결혼식이 다가와 한복을 대여하러 갔다 왔어요. 마음이 싱숭생숭하고 딸을 시집보낼 생각을 하니 슬픔으로 눈물이 흘렀어요.	N	2022-09-07 00:09:58	2022-11-08 05:14:25
BE22017285	2	1	오늘 오전부터 분주하더니 한복을 대여하러 갔다 왔나 보네요. 당신이 요즘 얼마나 마음이 힘들고 우울해하는지 알아요. 오늘도 울었다는 당신 말을 들으니 나도 마음이 안 좋네요.	N	2022-09-07 00:09:58	2022-11-08 05:14:25
BE22017285	3	0	왜 이렇게 서둘러 결혼한다고 하는지 아쉽고, 다가올 이별에 슬픔을 감출 수 없어요. 축하해줘야 하는 게 맞는데, 생각과 다르게 자꾸 슬픈 감정이 복받쳐 오르네요. 딸에게 티를 내고 싶지 않지만 나도 모르게 감정을 드러내게 되네요.	N	2022-09-07 00:09:58	2022-11-08 05:14:25
BE22017285	4	1	사랑하는 딸을 시집보낼 생각을 하니 이성보다 감정이 앞서고 슬픈 마음이 드는 것이 당연하지요. 나 역시 당신처럼 아쉽고 시집갈 딸의 모습을 생각하면 마음이 먹먹해요. 하지만 슬퍼하는 걸 알면 딸이 더 속상할 테니 우리가 마음을 추스를 필요가 있어요.	N	2022-09-07 00:09:58	2022-11-08 05:14:25
BE22017285	5	0	한복을 대여하러 가서 보니 아이 같던 딸은 성숙한 여인이 되어있었고 늙어버린 내 모습에 슬펐어요. 시간이 얼마나 빠른지 평생 내 품 안의 아이일 거라 생각했는데, 시집을 간다니 가슴 아파요.	N	2022-09-07 00:09:58	2022-11-08 05:14:25
BE22017285	6	1	요즘 마음이 오락가락하며 우울해하는 당신을 꼭 안아주고 괜찮다고 말해주고 싶네요. 속상하겠지만 지나온 세월 우리의 사랑으로 예쁘게 커 준 딸아이의 새로운 시작을 응원해줍시다. 좋은 배우자를 만나서 새로운 인생 속에서 배우고 성장하며 우리 딸 행복하게 잘 살 거예요.	N	2022-09-07 00:09:58	2022-11-08 05:14:25
BE22017285	7	0	딸이 우리 가족 곁을 떠나 새로운 가정을 꾸린다고 생각하니 슬프고 마음이 이상해요. 이제 딸이 시집가고 우리 둘만 남으면 너무 적적할 것 같다는 생각이 절 슬프게 하네요. 한복을 대여하며 결혼식이 코앞으로 다가왔다는 게 문득 실감이 났거든요.	N	2022-09-07 00:09:58	2022-09-07 00:09:58
BE22017285	8	1	오늘 당신이 한복집에 가서 이런저런 생각으로 무척 울적했나 보네요. 결혼한다고 해도 우리의 딸이라는 것은 변함이 없어요. 딸이 떠난다기보다 사위라는 식구가 늘었다고 생각하면 마음이 조금은 편안해지지 않을까요?	N	2022-09-07 00:09:58	2022-11-08 05:14:25
BE22017285	9	0	당신 말이 맞네요, 새 식구가 생기는 건데 왜 자꾸 딸이 멀어지는 기분이 드는 건지. 시집간다고 생각하니 물질적으로 더 풍요롭게 해주지 못한 것과 딸에게 잘못한 것들이 자꾸 생각나요. 우리 딸에게 저는 좋은 엄마였을까 하고요.	N	2022-09-07 00:09:58	2022-09-07 00:09:58
BE22017285	10	1	당신은 좋은 엄마이기에 더 잘해주지 못한 것이 못내 아쉬운 마음이 드는 거라고 생각해요. 경제적으로 부유하진 않았지만, 잘 키우기 위해 애쓰고 많은 사랑을 주려고 노력한 우리잖아요. 그 사랑을 받으며 자랐기에 딸도 사랑을 주고받으며 행복한 가정을 꾸리리라고 믿어요.	N	2022-09-07 00:09:58	2022-11-08 05:14:25
BE22017285	11	0	그렇게 말해줘서 고마워요. 좋은 신랑감을 찾아 행복한 결혼의 시작을 앞둔 딸 앞에서 너무 슬픈 모습을 보인 것이 미안하네요. 남은 기간 우리 집이라는 울타리 안에서 안정감을 느끼며 행복한 결혼을 준비할 수 있도록 도와야겠어요.	N	2022-09-07 00:09:58	2022-11-08 05:14:25
BE22017285	12	1	딸을 너무 사랑하기에 시집을 간다니 아쉬운 마음은 부모라면 당연히 드는 감정이겠죠. 요즘 딸을 시집보낼 생각에 싱숭생숭할 텐데도 딸을 위해 마음을 추스르려 노력하는 당신이 멋져요. 당신이 마음을 편안히 하면 우리 딸도 걱정 없이 결혼을 준비할 수 있을 거라고 믿어요.	N	2022-09-07 00:09:58	2022-11-08 05:14:25
BE22017285	13	0	당신이 날 위로해주고 공감해줘서 마음을 다잡게 되네요. 내가 슬퍼하는 모습에 딸도 마음이 쓰였을 텐데, 딸을 꼭 안고 새로운 시작을 응원한다고 말해줄래요.	N	2022-09-07 00:09:58	2022-11-08 05:14:25
BE22017285	14	1	당신이 기운을 낸 모습을 보니 한결 보기 좋네요. 슬퍼하는 당신보다 긍정적이고 밝은 당신의 모습이 가족에게도 활력을 준다는 사실 잊지 말아요. 당신이 그렇게 말해주면 우리 딸도 정말 기뻐할 거예요.	N	2022-09-07 00:09:58	2022-11-08 05:14:25
BE22017285	15	0	고마워요, 여보. 당신은 늘 내 마음에 안정과 평화를 주는 좋은 남편이에요. 또 연락할게요.	Y	2022-09-07 00:09:58	2022-11-08 05:14:25
