id	utterance_id	utterance_type	utterance_text	terminate	regDate	updDate
BE22019262	1	0	여보, 나 어제 정말 슬픈 일이 있었어요.	N	2022-09-21 04:54:29	2022-11-08 05:33:52
BE22019262	2	1	어머, 그래요? 무슨 일인지 나한테 이야기해줄래요?	N	2022-09-21 04:54:29	2022-09-21 04:54:29
BE22019262	3	0	내가 친했던 고등학교 동창이 당뇨에 걸렸다길래, 선물하려고 구찌나무뿌리를 내가 지난주에 새벽에 직접 캐왔거든. 	N	2022-09-21 04:54:29	2022-11-08 05:33:52
BE22019262	4	1	그랬구나. 정말 고생 많았겠네요. 당신은 항상 주변 사람들에게 잘하려고 최선을 다해 노력하는 것 같아서 참 멋져요. 그래서 선물로 보내줬어요?	N	2022-09-21 04:54:29	2022-11-08 05:33:52
BE22019262	5	0	네. 그제 보내서 어제 받았다고 연락이 왔더라고요. 근데 이런 걸 누가 먹냐고 나한테 화를 내더라니깐. 깜짝 놀라기도 하고, 눈물이 다 핑 돌았어요.	N	2022-09-21 04:54:29	2022-11-08 05:33:52
BE22019262	6	1	정말요? 당신이 애써서 열심히 캐온 귀한 구지나무를 줬는데, 친구가 화를 내서 너무 서운했겠어요. 나라도 정말 속상하고 마음이 아팠을 것 같아요.	N	2022-09-21 04:54:29	2022-11-08 05:33:52
BE22019262	7	0	맞아요. 내가 당뇨에 좋은 거라고 했는데도 함부로 먹고 큰일 나면 어떡할 거냐고 막 따지더라고요. 가뜩이나 몸도 안 좋은데 화가 났나 봐요. 내 선물을 받고 그러니까 실망스러운 마음도 들고 힘도 빠지더라고요.	N	2022-09-21 04:54:29	2022-09-21 04:54:29
BE22019262	8	1	어머, 정말요? 아무리 그래도 그렇지. 당신 성의가 있는데 그렇게 화를 내시다니 너무하네요.	N	2022-09-21 04:54:29	2022-11-08 05:33:52
BE22019262	9	0	나도 처음에는 화가 정말 많이 났는데, 다시 그 친구 입장에서 생각해 봤어요. 그랬더니 그럴 수도 있겠다는 생각이 들더라고요.	N	2022-09-21 04:54:29	2022-09-21 04:54:29
BE22019262	10	1	그렇게 생각하기 쉽지 않았을 텐데. 정말 대단하네요. 역시 당신은 마음이 깊고 넓어요. 나는 너무 화가 나서 그렇게 생각하기 어려웠을 것 같거든요.	N	2022-09-21 04:54:29	2022-11-08 05:33:52
BE22019262	11	0	그렇게 말해줘서 고마워요. 그 친구가 이번에 당뇨에 걸리면서 합병증으로 이런저런 병들도 같이 생겼다고 하더라고요. 그래서 많이 아프면 예민할 수도 있다는 생각이 들었어요.	N	2022-09-21 04:54:29	2022-11-08 05:33:52
BE22019262	12	1	그랬구나. 몸이 아프면 마음도 같이 힘들어지는 법이니까 자기도 모르게 그랬을 수도 있겠네요. 저도 저번에 아팠을 때 나도 모르게 당신한테 화를 내게 돼서 미안했어요.	N	2022-09-21 04:54:29	2022-11-08 05:33:52
BE22019262	13	0	아니에요. 그러고 나서 그 친구한테 내가 몰랐다고, 많이 힘드냐고 물어봤더니 울면서 미안하다 그래서 마음이 더 안 좋더라고요. 당신이나, 그 친구나 아파서 잠시 민감했던 거니 이해가 가요.	N	2022-09-21 04:54:29	2022-11-08 05:33:52
BE22019262	14	1	아이고, 우셨다니 저도 마음이 좋지 않네요. 그래도 당신 같은 좋은 친구가 있어서 마음이 든든하고 따뜻했을 거예요. 저도 항상 힘들 때 당신이 이해해 주고, 옆에 있어 줘서 고마운걸요.	N	2022-09-21 04:54:29	2022-11-08 05:33:52
BE22019262	15	0	나도 당신에게 항상 고마워요. 당신 덕에 내 마음이 한결 나아졌네. 내 말을 잘 들어주고, 공감해줘서 언제나 고마워요. 여보.	Y	2022-09-21 04:54:29	2022-09-21 04:54:29
