id	utterance_id	utterance_type	utterance_text	terminate	regDate	updDate
BE22004893	1	0	여보, 아버지 장례식에 내 친구들이 거의 불참했더라고요. 내가 인생 헛살았나 싶고... 다들 먹고살기 바쁜 건 알지만, 그래도 나한테 이러면 안 되는 거잖아요... 눈물이 나네요.	N	2022-06-28 17:31:40	2022-11-08 03:55:52
BE22004893	2	1	맞아요... 당신은 아무리 바빠도 친구들 가족 장례식에는 꼭 참석했었는데... 친구들을 위해 당신 일도 제쳐두고 이것저것 도왔었잖아요. 내가 옆에서 당신 노력을 다 봤는데, 당신이 슬픈 것도 당연해요.	N	2022-06-28 17:31:40	2022-11-08 03:55:52
BE22004893	3	0	맞아요. 나는 바쁜 시간을 쪼개서라도 친구들에게 힘이 되어주기 위해 달려갔었는데... 정작 내가 가장 힘들 때 그들은 내 곁에 없네요... 슬프게도...	N	2022-06-28 17:31:40	2022-11-08 03:55:52
BE22004893	4	1	저도 제가 진심과 정성을 쏟은 만큼 되돌아오지 않으면 서운한 마음이 드는걸요. 당신이 아버님을 무척 따랐다는 걸 분명 알 텐데, 친구들이 너무했어요.	N	2022-06-28 17:31:40	2022-11-08 03:55:52
BE22004893	5	0	솔직히 너무 실망스럽고, 힘이 빠져요. 그리고 오늘은 나 자신이 초라하게 느껴지기도 하네요...	N	2022-06-28 17:31:40	2022-11-08 03:55:52
BE22004893	6	1	여보, 힘내요. 당신을 사랑하는 제가 있잖아요. 제가 옆에서 힘이 되어줄게요.	N	2022-06-28 17:31:40	2022-11-08 03:55:52
BE22004893	7	0	당신이 있어서 정말 다행이에요. 당신마저 없었으면 난...	N	2022-06-28 17:31:40	2022-11-08 03:55:52
BE22004893	8	1	그래요. 그 사람들은 더 이상 친구들도 아니에요. 그냥 스치는 인연이었다고 생각하고 잊어버려요. 당신이 슬퍼하면 하늘에 계신 아버님께서도 슬퍼하실 거예요.	N	2022-06-28 17:31:40	2022-11-08 03:55:52
BE22004893	9	0	당신 말이 맞아요. 그래도 아직은 조금 슬프네요. 어떻게 하면 친구들 생각을 하지 않을 수 있을까요?	N	2022-06-28 17:31:40	2022-11-08 03:55:52
BE22004893	10	1	사람의 뇌는 어떤 생각을 하지 말라고 하면 그것에 대해 더 생각하고 싶어 한대요. 그러니까 친구들 생각을 하지 않으려고 노력하는 대신, 다른 즐거운 일을 생각해봐요! 아버님 장례식이 마무리되면, 조용한 펜션에서 얼마간 쉬면서 당신이 좋아하는 독서를 잔뜩 할까요?	N	2022-06-28 17:31:40	2022-11-08 03:55:52
BE22004893	11	0	다른 생각으로 머릿속을 채워보라는 거죠? 알겠어요. 독서 좋죠.	N	2022-06-28 17:31:40	2022-11-08 03:55:52
BE22004893	12	1	네 지금 당장은 힘들겠지만, 그렇게 하다보면 점차 당신의 마음이 편해질 거예요.	N	2022-06-28 17:31:40	2022-11-08 03:55:52
BE22004893	13	0	네 알겠어요. 제가 같이 읽기에 괜찮은 책들을 좀 골라놓을게요.	N	2022-06-28 17:31:40	2022-11-08 03:55:52
BE22004893	14	1	고마워요. 당신, 저랑 같이 좋아하는 일들을 하면서 괴로운 마음은 지워버려요. 제가 힘껏 도울게요.	Y	2022-06-28 17:31:40	2022-11-08 03:55:52
