id	utterance_id	utterance_type	utterance_text	terminate	regDate	updDate
BE22007690	1	0	여보, 우리 딸이 어제 또 친구랑 싸워서 선생님께 전화가 왔었어.	N	2022-07-11 04:31:00	2022-11-08 04:13:56
BE22007690	2	1	저런, 그런 일이 있었구나. 왜 친구랑 싸웠던 거야?	N	2022-07-11 04:31:00	2022-11-08 04:13:56
BE22007690	3	0	학교에서 체육 시간에 게임을 했는데, 딸이 졌더니 이긴 친구에게 시비를 걸었대. 우리 딸이 워낙 승리욕이 강하긴 하지만 지는 걸 못 견뎌 하니 걱정이야.	N	2022-07-11 04:31:00	2022-11-08 04:13:56
BE22007690	4	1	우리 딸이 또 졌다는 사실을 용납하지 못했구나. 자기 말대로 우리 딸이 지는 걸 너무 싫어해서 나도 평소에 불안하기는 했어. 다른 사람들이랑 잘 지낼 수 있을까 해서 말이야.	N	2022-07-11 04:31:00	2022-11-08 04:13:56
BE22007690	5	0	처음에는 마냥 화내는 모습이 귀여웠는데, 학교에서 이런 연락을 받으니 점점 불안해져. 이러다가 우리 딸이 사회성이 결여된 사람으로 성장하는 게 아닐까 해서 말이야. 우리가 교육을 잘못 시킨걸까?	N	2022-07-11 04:31:00	2022-11-08 04:13:56
BE22007690	6	1	어떤 아이들은 어릴 때 강한 승리욕을 보이는 경우가 있다고 책에서 봤어. 나도 사실 어릴 때는 지는 걸 못 견뎌 했고 말이야. 지금은 이렇게 사람들이랑 잘 지내잖아, 자기가 너무 염려하지 않았으면 좋겠어.	N	2022-07-11 04:31:00	2022-11-08 04:13:56
BE22007690	7	0	나도 승리욕이 강한 게 나쁜 게 아니라고 생각해 왔거든. 승리욕은 욕심이자 잘하고 싶은 마음에서 기인하는 거니까. 하지만 어제 선생님으로부터 연락을 받으니 심장이 덜컹하더라고.	N	2022-07-11 04:31:00	2022-11-08 04:13:56
BE22007690	8	1	우리 여보가 걱정하는 마음 충분히 이해해. 나도 저번에 우리 딸이 집에서 친구 초대해서 게임하는데 또 화를 낼까봐 조마조마하더라고. 괜찮아, 우리 같이 방법을 찾을 수 있을 테니 걱정 마.	N	2022-07-11 04:31:00	2022-11-08 04:13:56
BE22007690	9	0	우리 딸에게 지는 것도 나쁘지 않다는 걸 가르쳐줘야겠어. 이 세상에 승자가 있으면 패자도 당연히 있다는 이치를 받아들일 수 있도록 해야겠어.	N	2022-07-11 04:31:00	2022-11-08 04:13:56
BE22007690	10	1	맞아, 오늘 퇴근하고 나서 아이랑 같이 게임하면서, 자연스럽게 가르쳐 보자. 우리도 어렸을 때는 쉬운 것들도 받아들이기 힘든 때가 있었잖아. 우리가 어른이 되어 잊은 것뿐이지, 우리도 다 그런 시기가 있었고 충분히 성장할 수 있어.	N	2022-07-11 04:31:00	2022-11-08 04:13:56
BE22007690	11	0	그렇지, 성장기는 누구나 서투르고 어떻게 사람들과 지내는 지를 배우는 시간이지. 내가 잠시 불안한 마음에 걱정이 앞섰던 것 같아. 참을성을 가지고 우리 딸과 함께 이 문제를 충분히 해결할 수 있을 거야.	N	2022-07-11 04:31:00	2022-11-08 04:13:56
BE22007690	12	1	당연하지, 내가 승리욕이 강한 아이들에 대해 오늘 회사에서 좀더 공부해 볼게. 내가 더 열심히 노력할 테니 우리 자기가 너무 걱정하지 않았으면 좋겠어.	N	2022-07-11 04:31:00	2022-11-08 04:13:56
BE22007690	13	0	일을 하느라 바쁠 텐데 나를 생각해줘서 고마워. 자기랑 이야기하니 마음이 한결 편해졌네. 우리 좋은 부모가 될 수 있도록 같이 노력해보자.	N	2022-07-11 04:31:00	2022-11-08 04:13:56
BE22007690	14	1	우리는 분명 할 수 있을 거야. 이따 저녁에 봐.	Y	2022-07-11 04:31:00	2022-11-08 04:13:56
