id	utterance_id	utterance_type	utterance_text	terminate	regDate	updDate
BE22001226	1	0	여보, 오늘 우리 딸이 무슨 말을 했는지 알아요?	N	2022-06-14 07:04:58	2022-11-08 03:32:18
BE22001226	2	1	조금 있으면 회의 들어가야 하는데, 우리 딸이 뭐라고 했을까?	N	2022-06-14 07:04:58	2022-11-08 03:32:18
BE22001226	3	0	글쎄, 이제 독립을 하고 싶다고 하네요. 학교랑 집이 멀다고.	N	2022-06-14 07:04:58	2022-11-08 03:32:18
BE22001226	4	1	갑자기? 거리가 그렇게 멀지는 않잖아.	N	2022-06-14 07:04:58	2022-11-08 03:32:18
BE22001226	5	0	왕복 두 시간이라는 시간을 아껴서 그 시간에 공부를 더 하고 싶대요.	N	2022-06-14 07:04:58	2022-11-08 03:32:18
BE22001226	6	1	딸아이의 마음도 이해는 가지만, 당신은 더군다나 품 안에서 키우다시피 했으니 더 걱정되겠어.	N	2022-06-14 07:04:58	2022-11-08 03:32:18
BE22001226	7	0	네. 너무 걱정돼요. 독립하면 밥은 잘 챙겨 먹는지, 아픈 데는 없는지. 걱정할 것이 수두룩한 걸요.	N	2022-06-14 07:04:58	2022-11-08 03:32:18
BE22001226	8	1	무슨 마음인지 나도 너무 잘 알지. 하지만 아직 독립시킨 것도 아닌데 미리 걱정하지는 마.	N	2022-06-14 07:04:58	2022-11-08 03:32:18
BE22001226	9	0	그러고 싶은데 마음을 굳힌 듯해서, 어떻게 해야 할지 모르겠어요.	N	2022-06-14 07:04:58	2022-11-08 03:32:18
BE22001226	10	1	우리 딸이 고집이 세지만, 그래도 무슨 이유가 있으니까 그런 마음을 먹지 않았을까 싶은데... 오늘 퇴근하고 셋이 이야기를 좀 해볼까?	N	2022-06-14 07:04:58	2022-11-08 03:32:18
BE22001226	11	0	그래요, 저도 무조건 안 된다는 건 아니에요. 워낙 뉴스에서도 흉흉한 내용들이 나와서 그런 거죠.	N	2022-06-14 07:04:58	2022-11-08 03:32:18
BE22001226	12	1	당신이 워낙 조심스러운 성격이라서 걱정이 앞서서 그런다는 거 왜 모르겠어.	N	2022-06-14 07:04:58	2022-11-08 03:32:18
BE22001226	13	0	그래도 당신이 이해해주는 거 같아서 조금 마음이 놓여요. 오늘 같이 이야기해 봐요.	N	2022-06-14 07:04:58	2022-11-08 03:32:18
BE22001226	14	1	그럽시다. 이따 퇴근하고 연락할게.	Y	2022-06-14 07:04:58	2022-11-08 03:32:18
