id	utterance_id	utterance_type	utterance_text	terminate	regDate	updDate
BE22011459	1	0	아무리 해도 논문이 더 이상 진도가 안 나가. 이러다가 나 졸업 못할까 봐 너무 불안해.	N	2022-07-25 05:57:23	2022-11-08 04:38:02
BE22011459	2	1	이런, 우리 여보 많이 부담되고 불안한 모양이구나.	N	2022-07-25 05:57:23	2022-11-08 04:38:02
BE22011459	3	0	통계 결과는 나왔는데 글이 안 써지니까, 불안해서 어떻게 해야 할지 모르겠어.	N	2022-07-25 05:57:23	2022-11-08 04:38:02
BE22011459	4	1	여보는 워낙 실력이 좋고 욕심이 많으니까 완벽하게 하려고 해서 더 불안한 것 같아. 마음을 좀 비워보는 건 어때?	N	2022-07-25 05:57:23	2022-11-08 04:38:02
BE22011459	5	0	마음을 비우고 대충 썼다가 심사에서 탈락하면 어떡해? 그냥 칼럼이면 마음 편하게 쓰겠지만 학위 논문이니까 더 불안해. 제출 기한 전까지 완성할 수 있을까?	N	2022-07-25 05:57:23	2022-11-08 04:38:02
BE22011459	6	1	여보가 불안해하는 마음 충분히 이해해. 실험 결과는 나왔는데 글이 안 써지니 얼마나 초조하고 불안하겠어? 누구라도 심사가 코 앞이면 그렇게 불안할 거야.	N	2022-07-25 05:57:23	2022-11-08 04:38:02
BE22011459	7	0	맞아, 당신 말대로 글 진도를 못 빼고 있어. 결론이랑 시사점을 쓰는 게 너무 어려워. 이번 학기에 꼭 통과가 되어야 하는데 걱정이야.	N	2022-07-25 05:57:23	2022-11-08 04:38:02
BE22011459	8	1	여보가 이번 학기에 꼭 학위를 따고 싶어서 더욱 초조한 마음이 드는 것 같아. 그래도 가장 어려운 실험 결과는 나왔으니까 너무 부담 갖지 말아 봐. 불안하고 초조해서 쫓기는 느낌에 글이 더 안 써지는 걸 수도 있잖아.	N	2022-07-25 05:57:23	2022-11-08 04:38:02
BE22011459	9	0	그건 그래. 불안해서 자꾸 최악의 상황만 생각하니까 다른 일이 손에 안 잡혀.	N	2022-07-25 05:57:23	2022-11-08 04:38:02
BE22011459	10	1	그러니까 힘들겠지만 평소에 여보가 글 쓰던 대로 써봐. 오히려 마음을 비우는 게 도움이 된다니까? 여보는 충분히 해낼 수 있는 사람이야.	N	2022-07-25 05:57:23	2022-11-08 04:38:02
BE22011459	11	0	그냥 칼럼 쓸 때는 잘만 써지던 글이 막상 내 학위 논문이라고 생각하니까 더 부담스러워. 정말 당신 말대로 내가 잘 할 수 있겠지?	N	2022-07-25 05:57:23	2022-11-08 04:38:02
BE22011459	12	1	그럼, 물론이지. 당신은 내가 아는 사람 중에 가장 끈기 있고 성실한 사람이야. 자기 자신을 믿고, 또 가벼운 마음으로 글을 써 봐. 너무 힘이 들면 나한테 하소연 해, 내가 옆에서 응원하고 지지해줄게.	N	2022-07-25 05:57:23	2022-11-08 04:38:02
BE22011459	13	0	고마워, 하소연 많이 해도 지겨워하지 않기야? 당신이 나를 믿어주고 응원해주니까 기운이 나. 마음이 홀가분해졌어.	N	2022-07-25 05:57:23	2022-11-08 04:38:02
BE22011459	14	1	그래, 스스로를 믿고 끝까지 해내는 거야. 이제 이 고비만 넘기면 정말 졸업이야. 힘내, 내 여보!	Y	2022-07-25 05:57:23	2022-11-08 04:38:02
