id	utterance_id	utterance_type	utterance_text	terminate	regDate	updDate
BE22000797	1	0	오늘 회사에서 저번 주에 야유회 가서 찍은 사진 봤는데 너무 당황스러워서 얼굴이 빨개졌어.	N	2022-06-13 08:12:37	2022-11-08 03:29:27
BE22000797	2	1	응? 사진을 보고 당황스러울 일이 뭐가 있담. 왜? 무슨 일 있어?	N	2022-06-13 08:12:37	2022-11-08 03:29:27
BE22000797	3	0	아니, 내 양옆에 바로 민대리랑 김대리가 있었거든. 둘 다 젊어서 그런지 머리가 풍성하더라. 둘하고 비교돼서 그런지, 내가 머리숱이 없는 게 사진 속에서 아주 뚜렷하게 보였어.	N	2022-06-13 08:12:37	2022-11-08 03:29:27
BE22000797	4	1	아이고, 당신 안 그래도 요즘 머리 많이 빠진다고 걱정하더니 사진을 보고 많이 걱정되고 속상했겠네 .	N	2022-06-13 08:12:37	2022-11-08 03:29:27
BE22000797	5	0	거울로 봤을 때는 이렇게 머리숱 없어 보이는 게 티가 안 났는데 사진으로는 너무 잘 보이더라고, 나 이대로 대머리 되면 어떡하지? 너무 걱정돼.	N	2022-06-13 08:12:37	2022-11-08 03:29:27
BE22000797	6	1	아직 젊고 팔팔한 나이인데 대머리까지 생각할 필요는 없을 거 같아. 너무 앞서서 걱정하지 마.	N	2022-06-13 08:12:37	2022-11-08 03:29:27
BE22000797	7	0	요즘 젊은 세대에도 탈모는 엄청 흔하다잖아. 물론 원래도 머리숱이 많은 편은 아니긴 했는데 이젠 탈모 의심까지 든다니까.	N	2022-06-13 08:12:37	2022-11-08 03:29:27
BE22000797	8	1	그렇게 걱정되면 병원이라도 한번 가 볼래? 내가 알아봐볼게. 근데 내가 보기에는 당신은 그냥 선천적으로 머리숱이 좀 없는 거지 탈모까지는 아니야.	N	2022-06-13 08:12:37	2022-11-08 03:29:27
BE22000797	9	0	그런가? 내가 사진 보고 너무 충격을 먹어서 필요 이상으로 불안해하는 건가. 아까는 사진을 보고 진짜 식은땀이 주르륵 나더라니까.	N	2022-06-13 08:12:37	2022-11-08 03:29:27
BE22000797	10	1	아무래도 다른 사람들이랑 비교돼서 더 그런 기분이 드는 게 아닐까 싶어. 사진에는 양옆에 머리가 풍성한 애들이 있어서 더 그래 보이는 거겠지. 너무 걱정하지 마.	N	2022-06-13 08:12:37	2022-11-08 03:29:27
BE22000797	11	0	맞아. 민대리랑 김대리가 우리 회사에서 유독 머리숱이 엄청 많기는 해. 당신이 그렇게 위로해 주니까 좀 안심이 되는 거 같아.	N	2022-06-13 08:12:37	2022-11-08 03:29:27
BE22000797	12	1	탈모까지는 아니더라도 나이를 먹으면 머리숱 없어지는 게 자연스러운 현상이야. 머리숱 좀 없으면 어때? 당신은 마음이 풍성하잖아.	N	2022-06-13 08:12:37	2022-11-08 03:29:27
BE22000797	13	0	당신도 참, 말재주로 사람 기분 좋게 만드는 건 여전하다니까. 알았어. 이제 그만 불안해할게.	N	2022-06-13 08:12:37	2022-11-08 03:29:27
BE22000797	14	1	당신 기분 달래는 거는 내 전문이잖아. 기분 풀렸으면 답례로 이따가 퇴근하고 오면서 내가 좋아하는 붕어빵이나 사다 줘.	N	2022-06-13 08:12:37	2022-11-08 03:29:27
BE22000797	15	0	알았어. 이따 퇴근하고 집에서 보자고!	Y	2022-06-13 08:12:37	2022-11-08 03:29:27
