id	utterance_id	utterance_type	utterance_text	terminate	regDate	updDate
BE22007802	1	0	나 병원에 다녀왔어.	N	2022-07-11 09:14:11	2022-11-08 04:14:37
BE22007802	2	1	어디가 많이 아픈 거야?	N	2022-07-11 09:14:11	2022-11-08 04:14:37
BE22007802	3	0	요새 앉아있을 때 허리가 많이 아프더라니 결과가 좀 안 좋게 나왔더라고.	N	2022-07-11 09:14:11	2022-11-08 04:14:37
BE22007802	4	1	의사가 진단명이 뭐래? 걱정이 되네.	N	2022-07-11 09:14:11	2022-11-08 04:14:37
BE22007802	5	0	디스크라지 뭐. 경추 6번 7번에 디스크가 생겼대. 앞으로 해야 할 일들도 많은데 어떡하지?	N	2022-07-11 09:14:11	2022-11-08 04:14:37
BE22007802	6	1	요즘 회사 일로 당신 굉장히 바쁜데 엎친 데 덮쳐버렸네. 당신이 걱정스러워하는 마음이 충분히 이해가 돼. 그래도 당신 어깨가 축 처지지 않았으면 좋겠는데.	N	2022-07-11 09:14:11	2022-11-08 04:14:37
BE22007802	7	0	회사에서 프로젝트 들어가면 쉴 시간이 별로 없는데 병원에서는 한동안 쉬어야 한다네?	N	2022-07-11 09:14:11	2022-11-08 04:14:37
BE22007802	8	1	일단 의사 선생님 말씀을 듣는 게 좋지 않을까? 당신 쉰 적도 별로 없었잖아.	N	2022-07-11 09:14:11	2022-11-08 04:14:37
BE22007802	9	0	팀원들한테 피해 주는 게 아닐까 걱정스러워. 그리고 나 없이 일 진행이 잘 안될까 불안한 마음도 크고.	N	2022-07-11 09:14:11	2022-11-08 04:14:38
BE22007802	10	1	늘 맡은 일에 최선을 다하려는 당신 모습이 가족에게 항상 귀감을 줘. 동료들을 위하는 마음도 가족들을 위해 희생하는 행동도 모두 멋져. 하지만 지금은 조금 쉬어가도 되지 않을까?	N	2022-07-11 09:14:11	2022-11-08 04:14:38
BE22007802	11	0	나로 인해 일이 꼬여버린다는 사실이 땅 밑으로 꺼지는 기분이 들게 해.	N	2022-07-11 09:14:11	2022-11-08 04:14:38
BE22007802	12	1	책임감이 유달리 강한 사람이라서 그래. 그런 모습들에 우리 가족은 너무 감사하고 있어. 지금껏 잘 해왔으니 너무 큰 부담은 갖지 않았으면 좋겠어.	N	2022-07-11 09:14:11	2022-11-08 04:14:38
BE22007802	13	0	나 잠시 자리 비워도 직원들 괜찮을까?	N	2022-07-11 09:14:11	2022-11-08 04:14:38
BE22007802	14	1	그럼, 충분히 이해하고 기다려줄 거야. 그리고 너무 당신이 다 하려고 하지 말고 동료들을 한 번 믿어봐요!	N	2022-07-11 09:14:11	2022-11-08 04:14:38
BE22007802	15	0	내가 너무 의지할 줄 모르고 완벽하려고만 했던 것 같아.	N	2022-07-11 09:14:11	2022-11-08 04:14:38
BE22007802	16	1	여보가 모두 다 감당하지 않아도 돼. 당신의 부담감이 조금은 덜어졌으면 좋겠어.	N	2022-07-11 09:14:11	2022-11-08 04:14:38
BE22007802	17	0	당신 덕분에 많이 위안받아. 그러면 이제는 마음 편히 조금 쉬어가볼게. 늘 응원해 줘서 고마워요.	Y	2022-07-11 09:14:11	2022-11-08 04:14:38
