id	utterance_id	utterance_type	utterance_text	terminate	regDate	updDate
BE22000781	1	0	아까 오픈하고 아직 두 팀밖에 못 받았어. 왜 이렇게 길에 지나다니는 사람도 많이 없는 것 같지?	N	2022-06-13 08:03:14	2022-11-08 03:29:21
BE22000781	2	1	오늘 손님이 많이 없나 보네! 길거리에도 사람들이 많이 없구나. 무슨 일이지?	N	2022-06-13 08:03:14	2022-11-08 03:29:21
BE22000781	3	0	모르겠어. 점심시간이 다 되어가는데 손님이 안 보이니까 불안하네. 몸이 힘들어도 식당이 바쁠 때가 더 좋은데 손님 없는 게 더 힘드네.	N	2022-06-13 08:03:14	2022-11-08 03:29:21
BE22000781	4	1	그치 차라리 그게 몸이 힘들어도 자기 마음이 편할 텐데. 우리 자기 점심 장사 준비 다 해놓고 마음이 불편했구나. 너무 걱정하지 마요.	N	2022-06-13 08:03:14	2022-11-08 03:29:21
BE22000781	5	0	손님을 기다리는 게 이렇게 힘든 건지 몰랐어. 회사 퇴사하고 식당을 준비할 때에도 막연히 힘든 일이 있겠지 하긴 했지만... 이런 식으로 마음이 불안할 줄은 몰랐지.	N	2022-06-13 08:03:14	2022-11-08 03:29:21
BE22000781	6	1	맞아, 회사 다닐 때는 손님을 기다릴 경우가 아예 없었으니까 더 그런가 보다. 그래도 어쩌면 이제 매일 겪어야 되는 일인데 마음을 조금 편하게 먹어보면 어때?	N	2022-06-13 08:03:14	2022-11-08 03:29:21
BE22000781	7	0	나도 정말 그러고 싶은데 자기도 알 듯이 내 욕심에 퇴직금까지 다 털어서 시작한 식당이잖아. 그래서 정말 잘 됐으면 좋겠거든. 잘 돼서 나 믿어준 자기 호강시켜줘야 하는데.	N	2022-06-13 08:03:14	2022-11-08 03:29:21
BE22000781	8	1	나도 자기가 식당 얘기를 했을 때 믿음이 없었으면 퇴직금까지 다 넣으라고 하지 않았을 거야. 내가 자기 음식 제일 많이 먹어봤잖아? 내가 먹을 때마다 대박 날 수밖에 없는 맛이라고 한 거 기억나지?	N	2022-06-13 08:03:14	2022-11-08 03:29:21
BE22000781	9	0	당연하지. 자기 응원에서 엄청 힘을 얻었었는걸. 덕분에 내 오랜 꿈이던 식당도 차릴 수 있었고. 빨리 잘 됐으면 싶은 초조함 때문에 이런 상황이 너무 걱정스러웠던 것 같아.	N	2022-06-13 08:03:14	2022-11-08 03:29:21
BE22000781	10	1	자기가 엄청 큰마음먹고 공들여서 오픈한 식당이니까 신경이 쓰이는 건 당연하지. 가장의 책임감도 그렇고. 그래도 너무 스트레스 받을까봐 걱정이야.	N	2022-06-13 08:03:14	2022-11-08 03:29:21
BE22000781	11	0	정말 다른 건 바라지도 않고 손님들한테 내 마음이랑 정성만 전해지면 좋겠어.	N	2022-06-13 08:03:14	2022-11-08 03:29:21
BE22000781	12	1	오픈한지 몇 달 되지도 않았는데 벌써 단골손님들도 생긴 거 보면 잘 전달되고 있는 것 같은데? 곧 너무 바빠져서 나랑 놀아줄 시간도 없어질까 봐 걱정된다니까.	N	2022-06-13 08:03:14	2022-11-08 03:29:21
BE22000781	13	0	다 자기랑 행복하게 살고 싶어서인걸? 대박 맛집 사모님으로 꼭 편하게 살 수 있게 해줄게!	N	2022-06-13 08:03:14	2022-11-08 03:29:21
BE22000781	14	1	말만으로도 너무 든든한걸. 점심시간에 손님 많이 오길 기도할게! 힘내.	N	2022-06-13 08:03:14	2022-11-08 03:29:21
BE22000781	15	0	자기 덕분에 힘이 난다 고마워.	Y	2022-06-13 08:03:14	2022-11-08 03:29:21
