id	utterance_id	utterance_type	utterance_text	terminate	regDate	updDate
BE22002567	1	0	나 오늘부터 날마다 영양제를 먹기로 결심했어.	N	2022-06-22 05:42:37	2022-11-08 03:41:01
BE22002567	2	1	왜, 몸이 안 좋아?	N	2022-06-22 05:42:37	2022-11-08 03:41:01
BE22002567	3	0	응. 요즘 기운이 딸리는 것 같아. 똑같은 일을 하는데도 그렇네.	N	2022-06-22 05:42:37	2022-11-08 03:41:01
BE22002567	4	1	그러고 보니 당신 요즘 전에 없이 피곤해 하더라. 어디 아픈 건 아니야? 병원에라도 가봐야지 영양제로 되겠어?	N	2022-06-22 05:42:37	2022-11-08 03:41:01
BE22002567	5	0	갱년기라 그렇지 뭐. 특별히 아픈 곳은 없으니까.	N	2022-06-22 05:42:37	2022-11-08 03:41:01
BE22002567	6	1	그래도 이젠 체크하면서 지내는 나이야. 동료들 말을 들으니 갱년기 때가 제일 무섭다네.	N	2022-06-22 05:42:37	2022-11-08 03:41:01
BE22002567	7	0	사실은 친구 언니가 아프다고 전화가 왔어. 왜 내가 통뼈라고 했던 친구! 그애 언니도 엄청 건강한 체질이라 아플 것이라고는 생각하지 못했다네.	N	2022-06-22 05:42:37	2022-11-08 03:41:01
BE22002567	8	1	요즘 그런 말 들으면 남의 일 같지 않아. 당신도 건강에 신경 써야겠다는 생각이 들어.	N	2022-06-22 05:42:37	2022-11-08 03:41:01
BE22002567	9	0	맞아. 자기도 신경 써야 할 것 같아. 술이라도 먹은 날이면 코를 심하게 골더라. 아침에 일어나는 것도 전보다 힘들어하고.	N	2022-06-22 05:42:37	2022-11-08 03:41:01
BE22002567	10	1	세월에 장사 없다고 나도 이제 나이를 속일 수 없나 봐. 많이 써먹었으니 신경 좀 쓰라는 신호인 게지. 우리 이번 기회에 매일 영양제라도 먹는 건 어떨까?	N	2022-06-22 05:42:37	2022-11-08 03:41:01
BE22002567	11	0	그렇잖아도 오늘 약국에 들러 약사와 상의해서 영양제 자기 것하고 내 것 사가지고 왔어.	N	2022-06-22 05:42:37	2022-11-08 03:41:01
BE22002567	12	1	고마워. 사실 나도 이제 영양제를 먹어야 하는 것 같다는 생각이 들더라구. 회사에서도 챙겨 먹는 동료들이 한둘이 아니더라니까.	N	2022-06-22 05:42:37	2022-11-08 03:41:01
BE22002567	13	0	우리도 앞으로는 꼬박꼬박 잘 챙겨 먹자. 자기가 안 먹었을 때는 내가 챙겨줄 테니까, 자기도 내가 안 먹으면 나를 챙겨주기로 약속해. 먹었다 안 먹었다 해서 유통기간 지나서 버리기 없기다. 알았지!	N	2022-06-22 05:42:37	2022-11-08 03:41:01
BE22002567	14	1	그러지. 이번엔 나도 신경 써서 먹도록 할게. 그리고 앞으론 일주일에 두 번씩 요일을 정해서 걷기 운동을 하자.	N	2022-06-22 05:42:37	2022-11-08 03:41:01
BE22002567	15	0	그렇게 운동을 하자고 해도 싫다더니 그런 제의을 다 하고. 영양제 덕분에 난 수지 맞았네.	Y	2022-06-22 05:42:37	2022-11-08 03:41:01
