id	utterance_id	utterance_type	utterance_text	terminate	regDate	updDate
BE22005291	1	0	여보, 오늘 학교 참관수업 갔다가 왔는데, 첫째 장래 희망이 뇌과학자라네요.	N	2022-06-29 18:46:27	2022-11-08 03:58:29
BE22005291	2	1	그거 멋진걸요! 우리 아들한테 그런 꿈이 있었는 줄 미처 몰랐네요.	N	2022-06-29 18:46:27	2022-11-08 03:58:29
BE22005291	3	0	저는 마냥 기쁘지가 않네요. 우리 아들이 뇌과학자가 될 수 있을지... 너무 성적이 안 좋은데 내가 엄마로서 지원을 잘 못 해줄 것 같아서 불안하네요.	N	2022-06-29 18:46:27	2022-11-08 03:58:29
BE22005291	4	1	여보, 벌써 그런 생각 하지 맙시다. 지금 이렇게 알게 된 것만으로도 기쁜 일이에요. 꿈이 생긴 아들을 응원하는 데 집중합시다.	N	2022-06-29 18:46:27	2022-11-08 03:58:29
BE22005291	5	0	그래도 전 초조한걸요. 아들이 첫째라서 신경이 더 많이 쓰이네요. 이제 고등학생이라 입시에 신경 써야 하는데, 너무 늦게 알아버렸잖아요.	N	2022-06-29 18:46:27	2022-11-08 03:58:29
BE22005291	6	1	그런 생각 들 수 있어요. 첫째가 아들이다보니, 우리 집안에서 거는 기대도 크고, 대학이 얼마 안 남았으니. 여러 걱정이 많을 수밖에요.	N	2022-06-29 18:46:27	2022-11-08 03:58:29
BE22005291	7	0	예전에는 아들이 자기가 뭐가 되고 싶다고 직접 말을 한 적이 없는데, 이제야 꿈이 생긴 거잖아요. 엄마가 잘 챙겨줬어야 하는데 너무 후회스러워요.	N	2022-06-29 18:46:27	2022-11-08 03:58:29
BE22005291	8	1	당신이 아들을 너무 사랑하는 마음이 커서 그래요. 불안한 마음 드는 건 당연해요. 아들이 하고 싶은 걸 지원해주고 싶은 마음은 모든 부모가 다 똑같은걸요.	N	2022-06-29 18:46:27	2022-11-08 03:58:29
BE22005291	9	0	너무 늦은 건 아닐까요? 당장 아들이 되고 싶다는 뇌과학자가 무슨 일을 하는지도 모르는데. 우리 아들만 뒤처지게 만드는 것 같아요.	N	2022-06-29 18:46:27	2022-11-08 03:58:29
BE22005291	10	1	그래도 우리 아들한테는 이렇게 서포트해주는 엄마가 있잖아요. 그것만으로 절반은 성공했다고 생각해요. 아들을 위하고 지지하는 부모도 굉장히 중요하다고요.	N	2022-06-29 18:46:27	2022-11-08 03:58:29
BE22005291	11	0	뇌과학을 공부하려면 최소한 의대를 가야 할 텐데... 아들한테 너무 부담을 지우는 것 같아서 그래요.	N	2022-06-29 18:46:27	2022-11-08 03:58:29
BE22005291	12	1	우리가 먼저 섣부르게 생각하지 맙시다. 아들이랑 같이 대화를 하면서 이 문제를 심도 깊게 논의해봅시다. 아직 구체적으로 어떻게 진로를 정했는지 얘기 안 해봤으니.	N	2022-06-29 18:46:27	2022-11-08 03:58:29
BE22005291	13	0	그래야겠어요. 이번에 아들 생각도 좀 듣고, 저도 공부 좀 하려고요.	N	2022-06-29 18:46:27	2022-11-08 03:58:29
BE22005291	14	1	나도 같이 도울 테니, 이제부터라도 입시 설명회도 다니고, 아들이랑 같이 공부합시다. 그러면 당신의 불안한 마음도 좀 해소되지 않겠어요?	N	2022-06-29 18:46:27	2022-11-08 03:58:29
BE22005291	15	0	그렇게 말해주니 든든하네요. 나도 좀더 편하게 아들을 지지해줄 수 있겠어요.	N	2022-06-29 18:46:27	2022-11-08 03:58:29
BE22005291	16	1	당신이랑 우리 아들, 우리 가족 일이라면 뭐든 기꺼이 할 수 있으니까요.	Y	2022-06-29 18:46:27	2022-11-08 03:58:29
