id	utterance_id	utterance_type	utterance_text	terminate	regDate	updDate
BE22002367	1	0	여보, 우리 아들이 어제 새벽에 또 혼자 라면을 먹은 것 같아.	N	2022-06-21 06:42:13	2022-11-08 03:39:44
BE22002367	2	1	또? 정말 큰일인걸?	N	2022-06-21 06:42:13	2022-11-08 03:39:44
BE22002367	3	0	먹는 양이랑 횟수도 늘어난 데다가 매번 라면을 먹으니까 혹시나 속 버릴까봐 너무 걱정돼.	N	2022-06-21 06:42:13	2022-11-08 03:39:44
BE22002367	4	1	나도 마찬가지야. 갑자기 너무 자주 먹어서 걱정되더라고.	N	2022-06-21 06:42:13	2022-11-08 03:39:44
BE22002367	5	0	그렇죠? 집에 라면을 사다 놓지 말아야겠어.	N	2022-06-21 06:42:13	2022-11-08 03:39:44
BE22002367	6	1	그보다는 근본적인 입맛이나 식습관 자체를 개선해야 할 것 같아. 아들이 갑자기 이렇게 행동하는 이유를 모르니까 당신이 많이 걱정스럽지?	N	2022-06-21 06:42:13	2022-11-08 03:39:44
BE22002367	7	0	맞아요. 짠 걸 너무 많이 먹으니까 우리 아들 아침마다 보면 온몸이 퉁퉁 부어 있어요. 그게 다 살로 가고 나중에는 병이 올 수도 있으니까 그게 너무 걱정이 되는 거야.	N	2022-06-21 06:42:13	2022-11-08 03:39:44
BE22002367	8	1	당신 마음 알아. 한창 성장기에 다양하게 먹어야 키도 쑥쑥 크고 할 텐데 맨날 라면만 먹으니까 걱정되지 당연히.	N	2022-06-21 06:42:13	2022-11-08 03:39:44
BE22002367	9	0	어렸을 때 키 잘 크라고 한약 먹이고 병원 가고 했었는데 말짱 도루묵이 될 것 같아.	N	2022-06-21 06:42:13	2022-11-08 03:39:44
BE22002367	10	1	내가 아들이랑 잘 얘기해 보고 필요하다 싶으면 병원 가서 상담받아보고 할게. 그러니까 너무 걱정 말고 마음 놓자.	N	2022-06-21 06:42:13	2022-11-08 03:39:44
BE22002367	11	0	알겠어. 당신만 믿을게.	N	2022-06-21 06:42:13	2022-11-08 03:39:44
BE22002367	12	1	걱정되는 마음은 나도 마찬가지여서 이해가 되지만, 이러다가 당신이 먼저 병을 얻을까봐 걱정이 돼. 나는 항상 당신 편이니까, 우리 함께 잘 해결해 보자.	N	2022-06-21 06:42:13	2022-11-08 03:39:44
BE22002367	13	0	응 같이 상의해서 방법을 찾아보면 잘 해결될 거야. 당신이 있어서 정말 든든해.	N	2022-06-21 06:42:13	2022-11-08 03:39:44
BE22002367	14	1	다 잘될 거니까 걱정하지 말고 우리는 평소처럼 지내자.	N	2022-06-21 06:42:13	2022-11-08 03:39:45
BE22002367	15	0	응, 그래 걱정하지 않을게.	Y	2022-06-21 06:42:13	2022-11-08 03:39:45
