id	utterance_id	utterance_type	utterance_text	terminate	regDate	updDate
BE22003389	1	0	이번 수술, 잘 될까?	N	2022-06-24 11:57:11	2022-11-08 03:46:14
BE22003389	2	1	당신, 이번 수술 때문에 걱정이 많네. 내가 당신이라도 정말 불안할 것 같아.	N	2022-06-24 11:57:11	2022-11-08 03:46:15
BE22003389	3	0	나 지금까지 몸에 칼 댄 적이 한 번도 없잖아. 그래서인지 자꾸만 신경이 쓰이네.	N	2022-06-24 11:57:11	2022-11-08 03:46:15
BE22003389	4	1	아무리 간단한 수술이라도 자기 몸에 칼을 대는데 신경 쓰이는 건 당연하지. 당신 마음 충분히 이해해. 사실 몇 년 전 나 수술받을 때도 그랬거든.	N	2022-06-24 11:57:11	2022-11-08 03:46:15
BE22003389	5	0	그랬구나. 당신이 의연해서 나는 전혀 눈치를 못 챘어. 이렇게 불안한 거였구나.	N	2022-06-24 11:57:11	2022-11-08 03:46:15
BE22003389	6	1	당연하지. 사실 수술이 간단하다는 건 의사 입장이고 받는 환자 입장은 다르지. 그러니 당신이 걱정하는 건 너무도 당연한 일이야.	N	2022-06-24 11:57:11	2022-11-08 03:46:15
BE22003389	7	0	생각이 너무 많아져. 마취에서 안 깨면 어떡하지, 후유증이 심하면 어떡하지, 별별 생각이 다 드네.	N	2022-06-24 11:57:11	2022-11-08 03:46:15
BE22003389	8	1	왜 안 그렇겠어? 사람마다 마취약을 받아들이는 정도가 다른데 당신은 경험이 없으니까 더 그렇겠지. 하지만 이렇게 된 이상 선생님께 맡기고 좋은 쪽으로 생각해보는 게 어떨까?	N	2022-06-24 11:57:11	2022-11-08 03:46:15
BE22003389	9	0	나도 그렇게 생각하려고 노력은 하는데 잘 안 되네.	N	2022-06-24 11:57:11	2022-11-08 03:46:15
BE22003389	10	1	목숨을 다투는 병이 아니라 더 나은 삶의 질을 위해서 하는 수술이니까 좋게 생각하자, 여보. 게다가 선생님이 이 분야 권위자니까 마음 놓아도 될 거야.	N	2022-06-24 11:57:11	2022-11-08 03:46:15
BE22003389	11	0	그래, 선생님을 믿어야겠지?	N	2022-06-24 11:57:11	2022-11-08 03:46:15
BE22003389	12	1	그럼. 게다가 개복 수술이 아니라 복강경 수술로 할 수 있다고 하니 얼마나 다행이야. 회복이 훨씬 빠르다잖아. 그러니 안심해, 여보.	N	2022-06-24 11:57:11	2022-11-08 03:46:15
BE22003389	13	0	안 그래도 그 부분은 정말 다행이야. 나는 무조건 열어야 하는 줄 알았으니까. 당신 말 듣고 보니 조금 안심이 된다.	N	2022-06-24 11:57:11	2022-11-08 03:46:15
BE22003389	14	1	내가 수술받았을 때도 당신이 힘이 되어줬듯이, 나도 당신 곁에 있을게. 그러니까 너무 염려 말고 일단은 당신 몸과 마음을 돌보는 게 어떨까?	N	2022-06-24 11:57:11	2022-11-08 03:46:15
BE22003389	15	0	그래. 알겠어. 당신은 정말 좋은 사람이야.	N	2022-06-24 11:57:11	2022-11-08 03:46:15
BE22003389	16	1	그렇게 말해줘서 고마워. 당신은 누구보다 강한 사람이야. 그러니 힘내.	Y	2022-06-24 11:57:11	2022-11-08 03:46:15
