id	utterance_id	utterance_type	utterance_text	terminate	regDate	updDate
BE22009673	1	0	여보, 시간만 무의미하게 흘러가고 이대로라면 내 경력은 엉망이 될 거야.	N	2022-07-18 04:37:19	2022-11-08 04:26:42
BE22009673	2	1	몇 달을 고민하더니 이제 결정을 내린 거야?	N	2022-07-18 04:37:19	2022-11-08 04:26:42
BE22009673	3	0	사실 아직 완전히 결정하지 못 했어. 이 고민을 하는 게 너무 힘든 시간이야. 한편으로 내가 또 새로운 곳에 적응할 수 있을까 불안함이 극에 달하는 게 느껴져서 너무 벅차네.	N	2022-07-18 04:37:19	2022-11-08 04:26:42
BE22009673	4	1	지금 회사에서 장기 근속을 했으니, 새로운 곳에서 시작하려고 생각하면 당연히 막막하고 두렵게 느껴질 거야.	N	2022-07-18 04:37:19	2022-11-08 04:26:42
BE22009673	5	0	나도 지금 회사가 적응이 돼서 너무 편안해. 하지만 반복되는 단순 업무에 마치 기계 속 부품같이 느껴져. 곧 버려질 것만 같은 두려움이 있었어.	N	2022-07-18 04:37:19	2022-11-08 04:26:42
BE22009673	6	1	사람은 일에서 가장 큰 성취감을 느낀다고 하잖아. 같은 일을 반복하다 보니 회의적인 생각이 들어서 더 괴롭게 느껴졌나 봐.	N	2022-07-18 04:37:19	2022-11-08 04:26:42
BE22009673	7	0	왜 이제야 그런 생각이 든 건지. 그동안 너무 내가 안일했어, 조금 더 빠르게 선택을 했어야 했어. 나이도 중요한 조건인데, 이제 내가 갈 곳이 없을까 봐 망설였던 시간이 너무 안타까워.	N	2022-07-18 04:37:19	2022-11-08 04:26:42
BE22009673	8	1	그런 생각이 들기 시작하면 그저 아깝게 느껴지겠지만, 난 당신이 아직 사회에서 한창인 나이라고 생각해. 자기계발도 열심히 해 왔고 마냥 흘려보낸 시간이 아니니 자신감을 가졌으면 좋겠어.	N	2022-07-18 04:37:19	2022-11-08 04:26:42
BE22009673	9	0	내가 자기계발에 노력을 기울인 건 맞지만, 그게 과연 업계에서 경쟁력이 있는 건 지 모르겠어.	N	2022-07-18 04:37:19	2022-11-08 04:26:42
BE22009673	10	1	스스로를 객관적으로 보려 하는 건 좋은 습관이지만, 지나치면 자기 자신을 갉아먹게 돼. 의구심이 들더라도 자신을 믿고 움직여보는 건 어때? 스스로를 믿어주는 것만큼 강한 동기부여는 없을 거야.	N	2022-07-18 04:37:19	2022-11-08 04:26:42
BE22009673	11	0	당신 말을 듣다 보니, 정말 내가 내 자신을 믿어주지 못하면 어디로든 가지 못 할 거야. 당신 덕분에 용기가 생겼어, 이직을 제대로 준비해보려고 해.	N	2022-07-18 04:37:19	2022-11-08 04:26:42
BE22009673	12	1	또 한 가지를 알아줬으면 해. 난 당신의 성실함과 일에 대한 열정을 알아. 새로운 회사에 가서도 분명 잘 적응해 낼 거야.	N	2022-07-18 04:37:19	2022-11-08 04:26:42
BE22009673	13	0	이렇게 날 응원하는 사람이 있는데, 뭐가 그렇게 무서웠을까. 힘들게 고민했던 시간이 어리석게 느껴지네.	N	2022-07-18 04:37:19	2022-11-08 04:26:42
BE22009673	14	1	그런 시간을 가졌으니 결단을 내릴 수 있었던 걸거야. 혹시나 이직한 회사가 맞지 않더라도, 또 훌훌 털고 움직이면 되는 거야. 내가 있으니까 너무 걱정 마.	N	2022-07-18 04:37:19	2022-11-08 04:26:42
BE22009673	15	0	응. 당신이 그렇게 말을 해주니까 참 든든하게 느껴져. 용기를 내서 움직여볼게!	Y	2022-07-18 04:37:19	2022-11-08 04:26:42
