id	utterance_id	utterance_type	utterance_text	terminate	regDate	updDate
BE22002855	1	0	여보, 나 너무 힘들어. 우리 아가가 앓고 있어서. 밤새 잠도 못 잤어.	N	2022-06-23 03:28:03	2022-11-08 03:42:51
BE22002855	2	1	응, 여보 괜찮아? 이게 무슨 일이래! 둘 다 괜찮아?	N	2022-06-23 03:28:03	2022-11-08 03:42:51
BE22002855	3	0	우리 아가는 많이 나아졌어. 나는 부모 자격이 없어. 아이는 아픈데 내 힘든 것만 생각나.	N	2022-06-23 03:28:03	2022-11-08 03:42:51
BE22002855	4	1	아냐, 여보 너무 고생 많았어. 옆에 같이 못 있어줘서 미안해. 정말 큰일 했어.	N	2022-06-23 03:28:03	2022-11-08 03:42:51
BE22002855	5	0	나 너무 지쳐. 앞으로 잘 할 수 있을까?	N	2022-06-23 03:28:03	2022-11-08 03:42:51
BE22002855	6	1	미안해, 여보 이런 걱정하게 만들어서. 나도 우리 아가도 여보 믿어. 여보는 최고로 잘 해주고 있는걸.	N	2022-06-23 03:28:03	2022-11-08 03:42:51
BE22002855	7	0	아냐, 아가가 아픈데도 바로 알아차리지 못하고 못해준 것만 생각나. 이러다가 더 큰일 생기면 어떡하지? 지금처럼 이렇게 여보랑 떨어져 있을 때 아프면 어떡해?	N	2022-06-23 03:28:03	2022-11-08 03:42:51
BE22002855	8	1	여보, 괜찮을 거야. 오늘도 여보가 곁에 있어 준 덕분에 우리 아가가 나아졌잖아. 내가 못 해준 분까지 해줘서 너무 고마워.	N	2022-06-23 03:28:03	2022-11-08 03:42:51
BE22002855	9	0	여보, 정말 그럴까? 나는 잘 모르겠어.	N	2022-06-23 03:28:03	2022-11-08 03:42:52
BE22002855	10	1	여보, 우리가 모든 것을 다 잘하진 못할 수 있겠지. 그럼에도 우리는 가족이잖아. 부족한 거 모자란 거 다 함께 채워나가면서 살아가는 게 가족이잖아. 그렇지?	N	2022-06-23 03:28:03	2022-11-08 03:42:52
BE22002855	11	0	응 맞아. 여보 말대로 우린 가족이야.	N	2022-06-23 03:28:03	2022-11-08 03:42:52
BE22002855	12	1	내가 가장 믿고 평생 함께하기로 한 가족이지. 난 여보를 믿어. 여보가 여보를 믿기 어려울 때는 여보를 믿는 나를 믿어줘.	N	2022-06-23 03:28:03	2022-11-08 03:42:52
BE22002855	13	0	여보, 고마워. 더 잘 해볼게. 같이 잘 해보자.	N	2022-06-23 03:28:03	2022-11-08 03:42:52
BE22002855	14	1	응응. 여보, 내가 고마워. 얼른 여보랑 우리 아가 보러 갈게 조금만 기다려줘.	Y	2022-06-23 03:28:03	2022-11-08 03:42:52
