id	utterance_id	utterance_type	utterance_text	terminate	regDate	updDate
BE22002516	1	0	벌써 자정이야. 우리 딸이 이렇게까지 늦게 들어온 적이 없었는데.	N	2022-06-22 03:31:26	2022-11-08 03:40:42
BE22002516	2	1	그러게, 오늘 친구랑 약속이 있다고 했던가?	N	2022-06-22 03:31:26	2022-11-08 03:40:42
BE22002516	3	0	맞아. 그래도 여태껏 열한 시 정도면 집에 돌아오곤 했단 말이야. 무슨 일이라도 생긴 건 아닌가 너무 불안해.	N	2022-06-22 03:31:26	2022-11-08 03:40:42
BE22002516	4	1	불안한 마음은 나도 잘 알지만, 지금 당신은 너무 겁먹은 것처럼 보여. 너무 걱정부터 앞서지 말고, 일단 침착하게 마음을 차분히 가라앉혀보자.	N	2022-06-22 03:31:26	2022-11-08 03:40:42
BE22002516	5	0	나도 진정해보려고 노력 중인데, 딸이 전화를 안 받아. 계속 통화 중이래.	N	2022-06-22 03:31:26	2022-11-08 03:40:42
BE22002516	6	1	다른 사람과 통화 중이구나. 네가 전화 연결을 할 수가 없어서 많이 신경 쓰이겠다.	N	2022-06-22 03:31:26	2022-11-08 03:40:42
BE22002516	7	0	맞아, 직접 상황을 못 들으니까 답답해. 어디쯤인지, 왜 늦었는지 궁금하기도 하고.	N	2022-06-22 03:31:26	2022-11-08 03:40:42
BE22002516	8	1	그러게. 미리 말이라도 해줬으면 당신이 더 안심할 수 있었을 텐데. 당신이 이렇게 신경이 쓰이는 것도 이해가 가고, 사실 나도 걱정이 되긴 해.	N	2022-06-22 03:31:26	2022-11-08 03:40:42
BE22002516	9	0	그렇지? 게다가 집에 돌아오는 골목길은 가로등이 적어서 유독 어둡잖아.	N	2022-06-22 03:31:26	2022-11-08 03:40:42
BE22002516	10	1	맞아. 나도 가끔 회식이 끝나고 늦은 시간에 집에 돌아갈 때면 너무 어두워서 불편하고 괜히 무섭더라고.	N	2022-06-22 03:31:26	2022-11-08 03:40:42
BE22002516	11	0	안 되겠어. 우리 밖에 나가서 기다리자. 신경이 쓰여서 예민해지는 바람에 잠도 오질 않아.	N	2022-06-22 03:31:26	2022-11-08 03:40:42
BE22002516	12	1	당신 마음은 이해하지만, 겨울인데 오랫동안 밖에 서 있다간 감기에 걸릴 거야. 딸이 언제 들어올지도 모르잖아.	N	2022-06-22 03:31:26	2022-11-08 03:40:42
BE22002516	13	0	알았어. 그래도 이렇게 가만히 기다리고만 있자니 답답해서 말해본 거야.	N	2022-06-22 03:31:26	2022-11-08 03:40:42
BE22002516	14	1	충분히 그럴 수 있지. 사실 나도 딸이 어디쯤인지 궁금한 마음은 당신과 매한가지인걸. 추운 날씨에 나가 있지 말고, 다시 한번 전화를 걸어보자.	N	2022-06-22 03:31:26	2022-11-08 03:40:42
BE22002516	15	0	알았어. 그래도 당신이 같이 옆에 있어주니까 마음이 조금은 안정된 것 같아, 고마워.	Y	2022-06-22 03:31:26	2022-11-08 03:40:42
