id	utterance_id	utterance_type	utterance_text	terminate	regDate	updDate
BE22004731	1	0	자기야, 나 어제 고구마를 너무 많이 먹었나봐.	N	2022-06-28 12:10:35	2022-11-08 03:54:50
BE22004731	2	1	응? 자기 고구마 좋아하는 거 알지. 그런데 왜, 배가 아픈 것 같아?	N	2022-06-28 12:10:35	2022-11-08 03:54:50
BE22004731	3	0	어제 고구마 집에 많이 사놔서 찐 고구마로 만들고 쌓아놓고 먹었거든. 그런데 갑자기 목이 콱 막히는 느낌이 든 거야. 너무 놀라고 가슴이 답답해져서 물을 막 마셨어.	N	2022-06-28 12:10:35	2022-11-08 03:54:50
BE22004731	4	1	뭐? 놀랐겠다. 퍽퍽한 음식을 많이 먹어서 그랬나봐. 어떡해, 자기 숨 막혀서 놀랐을 생각하면 내 심장이 빠르게 뛰는 것 같아.	N	2022-06-28 12:10:35	2022-11-08 03:54:50
BE22004731	5	0	응, 물을 마시니까 좀 내려가는 것 같긴 했는데 너무 놀라서 그런지 체한 것 같아. 그 후로 입맛도 없고 속이 불편하네. 병원에 가봐야 하는 건지 불안하고 걱정돼서 일이 손에 안 잡혀.	N	2022-06-28 12:10:35	2022-11-08 03:54:50
BE22004731	6	1	소화가 잘 안되면 모든 일에 예민해지지. 증상이 오래 지속되면 병원에 꼭 가야 돼! 자기가 힘든 일에도 무던하게 이겨내는 면이 좋긴 한데, 가끔은 치료를 받는 것도 필요해.	N	2022-06-28 12:10:35	2022-11-08 03:54:50
BE22004731	7	0	그래야겠어. 고구마 먹다가 이렇게 될 줄 몰랐네. 내가 제일 좋아하는 음식인데. 앞으로 고구마 먹을 때마다 이렇게 고생한 거 생각날 것 같아.	N	2022-06-28 12:10:35	2022-11-08 03:54:50
BE22004731	8	1	한번 안 좋은 기억이 생기면 그것과 관련된 것만 봐도 기억이 떠오르긴 하겠다. 그래도 시간이 지나면 나아질 거야. 당장은 힘들겠지만 여보가 좋아하던 거니까 다시 괜찮아졌으면 좋겠어.	N	2022-06-28 12:10:35	2022-11-08 03:54:50
BE22004731	9	0	나도 그랬으면 좋겠다. 좋아하는 음식을 못 먹게 되는 건 너무 아쉽잖아. 나도 빨리 괜찮아지고 싶어.	N	2022-06-28 12:10:35	2022-11-08 03:54:50
BE22004731	10	1	맞아. 좋아하던 음식을 먹지 못하게 되면 그것과 관련한 좋은 기억도 다 과거가 되는 거니까. 아쉬울 것 같아.	N	2022-06-28 12:10:35	2022-11-08 03:54:50
BE22004731	11	0	그러게 말이야. 고구마가 추억 속으로 사라지기 전에 빨리 소화를 시켜야겠어. 고구마 먹다가 이렇게 된 게 당황스러웠는데 자기가 침착하게 말해주니까 고맙기도 하고, 좋다.	N	2022-06-28 12:10:35	2022-11-08 03:54:50
BE22004731	12	1	물을 더 마셔보거나 소화제를 먹는 것도 방법이야! 자기가 빨리 낫길 바랄게. 사람 일이 어떻게 될지 모르는 건데 고구마 먹다가 그럴 수도 있는 거지.	N	2022-06-28 12:10:35	2022-11-08 03:54:50
BE22004731	13	0	응, 고마워. 자기 덕분에 조금 나아진 것 같아.	N	2022-06-28 12:10:35	2022-11-08 03:54:50
BE22004731	14	1	그렇다면 정말 다행이야!	Y	2022-06-28 12:10:35	2022-11-08 03:54:50
