id	utterance_id	utterance_type	utterance_text	terminate	regDate	updDate
BE22015609	1	0	여보, 나 지난주부터 허리 아픈 거, 계속 아프네. 더 심해지는 게 아닌가 불안하네.	N	2022-08-25 03:45:10	2022-11-08 05:04:07
BE22015609	2	1	약을 먹었는데도 계속 통증이 있는 거예요?	N	2022-08-25 03:45:10	2022-08-25 03:45:10
BE22015609	3	0	응. 약을 먹어도 그때뿐이고 한의원 가서 침을 맞아야 하나 봐.	N	2022-08-25 03:45:10	2022-11-08 05:04:07
BE22015609	4	1	당장 가야죠, 여보. 돈 많이 들어갈까 봐 걱정하지 말고, 그런 걱정은 나한테 맡겨놔요. 그동안 힘들게 일한다고 아파도 제대로 치료도 못 했는데, 이제 내가 당신을 위할 차례예요.	N	2022-08-25 03:45:10	2022-11-08 05:04:07
BE22015609	5	0	효과는 좋은데 침이랑 한약 금액이 부담스러워 그러지. 집안 생활비 빠듯한 거 아는데 내가 자꾸 아파서 마음이 너무 안 좋아.	N	2022-08-25 03:45:10	2022-08-25 03:45:10
BE22015609	6	1	당신이 생활비 걱정하게 해서 미안해요. 차일피일 미룰 순 없으니 다녀왔으면 좋겠어요. 당신 건강이 우선이니 다른 건 신경 쓰지 마세요.	N	2022-08-25 03:45:10	2022-11-08 05:04:07
BE22015609	7	0	또 아파서 가면 지난번보다 장기간 치료해야 할 수도 있다고 해서 내내 불안한 마음이야.	N	2022-08-25 03:45:10	2022-11-08 05:04:07
BE22015609	8	1	당신은 우리 집 튼튼한 울타리이고 기둥이에요. 만성으로 가면 수술해야 할지 모르는데 지금 우리 같이 치료 열심히 해봐요.	N	2022-08-25 03:45:10	2022-11-08 05:04:07
BE22015609	9	0	그래도 당신 볼 면목이 없다.	N	2022-08-25 03:45:10	2022-08-25 03:45:10
BE22015609	10	1	부부 사이에 그런 게 어디 있어요. 난 당신 만나서 사랑에 빠지고 결혼한 거 너무 행복해요. 마음 약한 소리 하지 말고 얼른 한의원 다녀와요.	N	2022-08-25 03:45:10	2022-11-08 05:04:07
BE22015609	11	0	너무 아프니까 한의원에 가서 침을 맞고 싶다는 생각이 절로 들더라고.	N	2022-08-25 03:45:10	2022-08-25 03:45:10
BE22015609	12	1	다른 곳도 아니고 허리면 옴짝달싹 못 하죠. 말도 못 하고 불안에 떨었을 당신을 생각하니 마음이 아프네요.	N	2022-08-25 03:45:10	2022-11-08 05:04:07
BE22015609	13	0	열심히 치료해서 다시 건강한 모습으로 일도 하고, 당신과 아이들도 잘 돌볼게.	N	2022-08-25 03:45:10	2022-08-25 03:45:10
BE22015609	14	1	그래요, 평소 당신처럼 씩씩하니까 정말 좋네요. 허리 치료 잘 받고 와서 어떤 상태인지 얘기해줘요. 나는 언제나 당신 뒤에서 든든히 함께할게요.	Y	2022-08-25 03:45:10	2022-11-08 05:04:08
