id	utterance_id	utterance_type	utterance_text	terminate	regDate	updDate
BE22012673	1	0	여보, 나 요즘 우리 아이들과 대화하는 게 너무 힘들어서 고민이야.	N	2022-08-01 06:13:17	2022-11-08 04:45:42
BE22012673	2	1	아무래도 애들이 크다 보니 점점 더 대화하기가 힘들어지는 거 같아. 나도 사실 요즘 대화할 때 어려움이 많았거든. 누구보다 그 마음 나도 잘 알지.	N	2022-08-01 06:13:17	2022-11-08 04:45:42
BE22012673	3	0	그러니까 말이야. 애들 어렸을 때 좀더 많이 놀아주고 많이 대화도 해야 했었나 봐. 그런 것들이 자꾸 인제 와서 후회되고 내 마음을 불안하게 해. 아이들과 멀어지는 거 같아서.	N	2022-08-01 06:13:17	2022-11-08 04:45:42
BE22012673	4	1	당신 바쁜 와중에도 아이들과 시간 많이 보내주려고 노력한 거 내가 다 아는데. 당신 충분히 훌륭한 아빠야. 아이들도 표현을 못 해서 그렇지 당신 애쓴 거 다 알지.	N	2022-08-01 06:13:17	2022-11-08 04:45:42
BE22012673	5	0	그렇게 생각해준다니 내가 정말 고마워. 그래도 나는 좀더 친해지고 싶어서 일부러 더 말도 걸고 하는데. 내 말투에 문제가 있는 건지 잘 안되네.	N	2022-08-01 06:13:17	2022-11-08 04:45:42
BE22012673	6	1	요즘 아이들과 대화하다 보면 세대 차이를 크게 느끼긴 해. 당신이 느끼는 불안감이 어떤 건지 나도 잘 알 거 같아, 당신 마음은 그렇지 않은데. 말투가 좀 무뚝뚝해서 더 그럴 수 있을 거 같기도 해서 내 마음이 더 안타깝네.	N	2022-08-01 06:13:17	2022-11-08 04:45:42
BE22012673	7	0	내 말투가 좀 많이 무뚝뚝하긴 하지? 근데 그래도 당신은 얘들하고 잘 통하는 거 같아 보여서 큰 어려움이 없어 보였는데. 나만 혼자 멀어지는 기분이라 사실 더 불안하고 힘들었거든.	N	2022-08-01 06:13:17	2022-11-08 04:45:42
BE22012673	8	1	당신처럼 나도 노력하는 중이었지. 애들이 지금 사춘기라 더 그럴 수도 있을 거 같아. 항상 가족을 최우선으로 생각하는 당신인데 그런 기분이 들었다니 정말 힘들었겠어.	N	2022-08-01 06:13:17	2022-11-08 04:45:42
BE22012673	9	0	좀. 마음이 우울했지. 그래도 당신한테 이렇게 털어놓으니 마음은 좀 편해지는 거 같아. 내 무뚝뚝한 말투를 좀 고치면 괜찮으려나? 근데 나는 다정한 말투로 이야기하는 것이 너무 어색해서.	N	2022-08-01 06:13:17	2022-11-08 04:45:42
BE22012673	10	1	당신은 정말 대단한 사람이야. 아이들을 위해서 말투까지 고치려고 하는 아버지 얼마나 있겠어. 너무 조급하게 생각하지 말고 지금도 충분히 잘하고 있으니까 천천히 같이 노력해보자.	N	2022-08-01 06:13:17	2022-11-08 04:45:42
BE22012673	11	0	나름 노력은 하겠지만 아직은 다정한 말투를 쓴다는 게 너무 어렵고 쑥스럽기만 해. 그래도 당신이 같이 노력해주겠다고 하니 잘 할 수 있을 거 같은 마음이 들어서 기운이 나는데.	N	2022-08-01 06:13:17	2022-11-08 04:45:42
BE22012673	12	1	그럼. 우리도 이번 기회에 서로 예전에 연애할 때처럼 다정한 말투도 쓰고 하면 좋지. 당신은 원래 다정한 사람이라 충분히 금방 적응할 거야. 그리고 아이들도 이런 당신 마음 다 알아줄 거야. 걱정하지 마.	N	2022-08-01 06:13:17	2022-11-08 04:45:42
BE22012673	13	0	역시 당신이 최고네. 내가 결혼은 참 잘한 거 같아. 하하.	N	2022-08-01 06:13:17	2022-11-08 04:45:42
BE22012673	14	1	나도 당신 덕분에 행복해. 우린 서로 대화가 잘 통하는 부부라 감사하게 생각해. 그보다 더 큰 행복이 어디 있겠어.	N	2022-08-01 06:13:17	2022-11-08 04:45:42
BE22012673	15	0	그렇지. 정말 기분 좋다. 감사하며 살아야겠어. 고마워, 여보.	Y	2022-08-01 06:13:17	2022-11-08 04:45:42
