id	utterance_id	utterance_type	utterance_text	terminate	regDate	updDate
BE22010530	1	0	여보, 회사 사람들이 나를 만만하게 볼까봐 불안해.	N	2022-07-20 07:38:27	2022-11-08 04:32:09
BE22010530	2	1	우리 자기를 만만하게 보다니, 오늘 회사에서 무슨 일 있었던 거야?	N	2022-07-20 07:38:27	2022-11-08 04:32:09
BE22010530	3	0	나는 항상 타인과 논쟁하는 게 두려워서 내 의견을 내세우지 않는 편이잖아. 그러다보니 사람들이 나를 의견도 없고 만만한 사람으로 보는 것 같아. 공격적인 사람이 되기 싫어서 그런 건데, 정말 속상해.	N	2022-07-20 07:38:27	2022-11-08 04:32:09
BE22010530	4	1	우리 자기가 사람들을 많이 배려하고, 그래서 자기 주장이 강하지 않다는 거 나는 알아. 사람들이 만만하게 본다면 그건 자기의 문제가 아니라 그 사람들의 문제야.	N	2022-07-20 07:38:27	2022-11-08 04:32:09
BE22010530	5	0	오늘 오전 회의 시간에 나보고 의견 없냐고 부장님이 물어봤는데, 그냥 다 좋다고 했거든. 그랬더니 갑자기 과장님이 감정화자씨는 원래 의견이 없지, 라고 말씀하시는 거야. 그게 너무 기분이 안 좋고 사람들이 나를 무시하는 것 같아서 불안했어.	N	2022-07-20 07:38:27	2022-11-08 04:32:09
BE22010530	6	1	그런 일이 있었구나, 나 같아도 속상했을 거야. 우리 자기는 사람들과 논쟁을 일으키기 싫어서 그런 건데 사람들이 몰라주다니. 내가 다 속상한 기분이네.	N	2022-07-20 07:38:27	2022-11-08 04:32:10
BE22010530	7	0	특히 우리 팀에는 기가 세고 자기주장이 강한 사람들이 많잖아. 나는 그 사람들처럼 남에게 의견을 강요하는 사람이 되고 싶지 않아. 괜히 내가 의견을 내서 다른 사람들이 불편할까봐 불안해.	N	2022-07-20 07:38:27	2022-11-08 04:32:10
BE22010530	8	1	자기가 그런 생각을 하고 있는 줄 몰랐네. 그 사람들로 인해서 우리 자기가 마음이 많이 힘들고 상처도 받았겠구나. 하지만 자기가 생각을 말한다고 해서 남들이 상처받지는 않을 거야, 자기는 배려 있는 사람이잖아.	N	2022-07-20 07:38:27	2022-11-08 04:32:10
BE22010530	9	0	하긴, 내가 말하는 방식은 그 사람들이랑 다르긴 하지. 나는 항상 듣는 사람의 기분을 고려해서 말하거든. 하지만 곁에서 계속 그 사람들과 함께 있으니 나도 그런 모습으로 비춰질까봐 불안해서 그랬어.	N	2022-07-20 07:38:27	2022-11-08 04:32:10
BE22010530	10	1	그 마음 이해하지, 하지만 자기는 그 사람들과 다르잖아. 자기가 이야기할 때는 항상 배려와 따스함이 묻어나는걸. 자기처럼 배려가 넘치는 사람을 본 적이 없어, 자기는 정말 훌륭한 사람이야.	N	2022-07-20 07:38:27	2022-11-08 04:32:10
BE22010530	11	0	그렇게 말해 주니 고마워. 자기 덕분에 내가 좋은 사람이라는 걸 깨닫게 돼. 나는 그 사람들이랑은 다르니 내가 의견을 내도 그렇게 강압적으로 비춰지지는 않을 것 같아.	N	2022-07-20 07:38:27	2022-11-08 04:32:10
BE22010530	12	1	맞아, 나는 우리 자기가 하고 싶은 말을 다 하며 살았으면 좋겠어. 억지로 할 필요는 없지만, 억지로 참을 필요도 없다는 거지. 그저 자기가 일터에서도 행복했으면 좋겠어.	N	2022-07-20 07:38:27	2022-11-08 04:32:10
BE22010530	13	0	항상 나의 행복을 바라는 우리 자기가 있어서 나도 기뻐. 용기와 자신감을 가지고 살아볼게.	N	2022-07-20 07:38:27	2022-11-08 04:32:10
BE22010530	14	1	그래 여보, 이따 집에서 더 이야기하자.	Y	2022-07-20 07:38:27	2022-11-08 04:32:10
