id	utterance_id	utterance_type	utterance_text	terminate	regDate	updDate
BE22009518	1	0	나 요즘 머리에 혹 난 부분이 더 커지는 것 같아. 벌써 며칠 째야.	N	2022-07-17 08:30:56	2022-11-08 04:25:38
BE22009518	2	1	여보, 얼마 전에 벽에 부딪혀서 생긴 그 혹이 아직도 사라지지 않은 거야?	N	2022-07-17 08:30:56	2022-11-08 04:25:38
BE22009518	3	0	응. 목욕탕에서 발이 미끄러져서 벽에 부딪혔거든. 그때 생긴 혹이 작아지기는커녕 붓기가 그대로라서 걱정이네.	N	2022-07-17 08:30:56	2022-11-08 04:25:38
BE22009518	4	1	혹이 사라지지 않아서 당황스럽겠다. 벽에 부딪힌 머리가 많이 아플 것 같아.	N	2022-07-17 08:30:56	2022-11-08 04:25:38
BE22009518	5	0	혹이 난 부분을 손으로 살짝 건드리기만 해도 엄청 아파. 밤에 자려고 베개에 머리를 뉠 때도 욱신거려서 제대로 눕지도 못해. 오늘 아침에 샴푸로 머리를 감다가 잘못 건드려서 나도 모르게 비명을 질렀어.	N	2022-07-17 08:30:56	2022-11-08 04:25:38
BE22009518	6	1	일상생활에서 불편함을 겪고 있어서 스트레스가 크겠어. 우선 차가운 얼음주머니로 찜질을 해보는 건 어떨까? 그렇게 하면 괜찮아질 수 있으니, 너무 걱정하지 마.	N	2022-07-17 08:30:56	2022-11-08 04:25:38
BE22009518	7	0	여보 말처럼 그렇게 해볼게. 하지만 그 후에도 낫지 않고 더 커지면 어쩌지? 내가 방치한 사이에 혹 안쪽에 이상이 생겨서 머리에 병이 생길까 봐 너무 불안해.	N	2022-07-17 08:30:56	2022-11-08 04:25:38
BE22009518	8	1	이렇게 큰 혹이 생긴 게 이번이 처음이라서 여보가 많이 걱정스러울 게 당연해. 얼음찜질을 해보며 상태를 지켜보자! 그 후에도 만약 낫지 않으면 가까운 병원에서 진찰받아보면 되니, 불안해하지 마.	N	2022-07-17 08:30:56	2022-11-08 04:25:39
BE22009518	9	0	그동안 바빠서 병원에 가지도 못했더니 걱정만 계속 늘어나고 있어. 여보 말처럼 오늘 저녁에는 얼음으로 찜질해볼게. 보통 찜질하면 좋은 효과가 있으니까 말이야.	N	2022-07-17 08:30:56	2022-11-08 04:25:39
BE22009518	10	1	병원에도 꼭 가보면 좋겠어. 다 나았다고 생각해도 혹시 모를 병을 예방할 필요가 있으니까.	N	2022-07-17 08:30:56	2022-11-08 04:25:39
BE22009518	11	0	좋은 생각이야. 찜질로 혹의 붓기를 가라앉히고, 병원에 가볼게. 진찰을 받으면 내 마음의 불안함도 모두 사라지겠지!	N	2022-07-17 08:30:56	2022-11-08 04:25:39
BE22009518	12	1	여보가 고생하는 거 보니까 나도 마음이 아프다. 병원에 다녀와서 혹이 문제없이 다 사라질 때까지 내가 응원할게.	N	2022-07-17 08:30:56	2022-11-08 04:25:39
BE22009518	13	0	든든한 여보가 곁에 있어서 얼마나 마음의 위안이 되는지 몰라. 여보 덕분에 끝이 보이지 않던 불안도 사라지는 듯해, 고마워!	N	2022-07-17 08:30:56	2022-11-08 04:25:39
BE22009518	14	1	나야말로 여보에게 힘이 되어줄 수 있어서 정말 기뻐. 난 늘 당신 편이라는 걸 잊지 마! 많이 아프겠지만 조금만 힘을 내서 이겨내보자!	Y	2022-07-17 08:30:56	2022-11-08 04:25:39
