id	utterance_id	utterance_type	utterance_text	terminate	regDate	updDate
BE22011668	1	0	여보, 이번 달엔 더워서 그런지 만두가 너무 안 팔렸어. 매출이 월세보다 적으면 어떻게 장사를 할까 생각만 해도 불안해.	N	2022-07-25 19:00:45	2022-11-08 04:39:24
BE22011668	2	1	매출이 많이 적어서 당신 마음이 무척 무거웠구나. 나도 너무 속상하네.	N	2022-07-25 19:00:45	2022-11-08 04:39:24
BE22011668	3	0	아니 날씨가 계속 찜통더위니, 이 더운 날씨에 누가 만두를 먹겠어. 여름 장사는 이제 계속 손해나는 거 아닌지 몰라.	N	2022-07-25 19:00:45	2022-11-08 04:39:24
BE22011668	4	1	당신 올여름 장사가 무척 걱정되는구나. 무더위에 뜨거운 음식을 파는 게 쉬운 일은 아니지. 지금까지 당신이 버틴 것도 난 정말 대단하다고 생각해.	N	2022-07-25 19:00:45	2022-11-08 04:39:24
BE22011668	5	0	지금까지야 근근이 버티긴 했지, 간혹 배달도 들어오고 그랬으니깐. 그런데 더워지고 나서는 배달도 거의 없어. 월세 내면 적자라니까.	N	2022-07-25 19:00:45	2022-11-08 04:39:24
BE22011668	6	1	어이쿠, 당신 마음이 돌덩이처럼 무겁겠네. 월세보다 매출이 훨씬 많아야 하는데 말이야. 나 같으면 잠도 잘 못 잤을 것 같아.	N	2022-07-25 19:00:45	2022-11-08 04:39:24
BE22011668	7	0	나도 요새 사실 잠이 잘 안 와. 밤에 뒤척이는 거 못 느꼈어? 사실 무슨 낙에 사나, 앞으론 어떡하나 불안해 죽겠어.	N	2022-07-25 19:00:45	2022-11-08 04:39:24
BE22011668	8	1	그런 줄도 모르고 나는 잠만 자고 있었네. 내가 곁에서 위로해줬어야 하는데, 미안해 여보.	N	2022-07-25 19:00:45	2022-11-08 04:39:24
BE22011668	9	0	아니야, 당신은 밤늦게까지 야근도 자주 하고 회사 일로 엄청 힘들잖아. 나는 여름 장사 걱정에 잠이 안 온다지만 잘 수 있는 사람은 자야지.	N	2022-07-25 19:00:45	2022-11-08 04:39:24
BE22011668	10	1	그래도 내가 힘이 돼줘야 하는데 말이야. 당신 마음속에 들어갈 수만 있다면 들어가서 어루만져주고 싶네. 너무 속상해하지 마요.	N	2022-07-25 19:00:45	2022-11-08 04:39:24
BE22011668	11	0	속상하긴 한데, 그래도 대책을 찾긴 해야지. 여름 장사할 수 있는 시원한 음식을 신메뉴로 내놓든지, 배달 범위를 넓히든지 해야겠어.	N	2022-07-25 19:00:45	2022-11-08 04:39:24
BE22011668	12	1	역시 당신은 아이디어가 뛰어나다니깐. 위기 상황에서도 주저앉아있지 않고 그다음 대책을 세울 줄 아는 당신이 너무 존경스러워.	N	2022-07-25 19:00:45	2022-11-08 04:39:24
BE22011668	13	0	그냥 매출이 적은가 보다 하고 기다리고 있을 수만은 없잖아. 원래 목마른 사람이 우물을 파는 법이고. 뭐라도 방법을 찾긴 찾아야지.	N	2022-07-25 19:00:45	2022-11-08 04:39:24
BE22011668	14	1	아, 이 상황에서도 차분하게 대응하는 당신을 보니 너무 듬직하고 걱정이 싹 날아가는 것 같아. 당신 가게도 걱정 안 해도 되겠어.	N	2022-07-25 19:00:45	2022-11-08 04:39:24
BE22011668	15	0	당신이 얘길 들어주니까 차분하게 정리가 된 것 같아. 이제 실행에 옮겨야지, 고마워요 여보.	Y	2022-07-25 19:00:45	2022-11-08 04:39:24
