id	utterance_id	utterance_type	utterance_text	terminate	regDate	updDate
BE22010009	1	0	여보, 나 요새 고민이 있어.	N	2022-07-19 02:02:26	2022-11-08 04:28:51
BE22010009	2	1	무슨 고민인지 말해 줄 수 있을까?	N	2022-07-19 02:02:26	2022-11-08 04:28:51
BE22010009	3	0	내가 책 읽는 것도 좋아하고 글 쓰는 것도 좋아하잖아. 그래서 에세이집을 발간해보고 싶다는 생각이 들어.	N	2022-07-19 02:02:26	2022-11-08 04:28:51
BE22010009	4	1	오 정말? 너무 좋을 것 같은데? 여보가 글 잘 쓰는 거 내가 제일 잘 알잖아.	N	2022-07-19 02:02:26	2022-11-08 04:28:51
BE22010009	5	0	취미 삼아 글을 썼던 거고, 사실 제대로 써본 적은 없어서 내가 발간을 할 수 있을까? 너무 걱정되고 불안해.	N	2022-07-19 02:02:26	2022-11-08 04:28:51
BE22010009	6	1	당연하지! 나는 여보가 작가를 해도 될 만큼 글을 잘 쓴다고 생각해 내가 많이 읽어봤잖아. 그리고 SNS에서 올릴 때 지인분들 반응도 너무 좋았잖아.	N	2022-07-19 02:02:26	2022-11-08 04:28:51
BE22010009	7	0	내가 섣불리 생각하는 건 아닐까? 열심히 노력했는데 발간을 하지 못할 수도 있잖아. 그러면 속상할 것 같아.	N	2022-07-19 02:02:26	2022-11-08 04:28:52
BE22010009	8	1	자신감을 가져 만약 발간하지 못하더라도 좋은 경험이 됐다고 생각하는 건 어때? 글을 쓸 때 경험도 아주 중요하잖아. 하나의 터닝포인트가 됐다고 생각해도 좋을 것 같아.	N	2022-07-19 02:02:26	2022-11-08 04:28:52
BE22010009	9	0	그렇게 말해주니까 자신감이 생기는데? 발간하는 방법도 알아봐야 하고, 점점 바빠지겠다.	N	2022-07-19 02:02:26	2022-11-08 04:28:52
BE22010009	10	1	걱정 마. 방법이나 절차에 관해서는 내가 알아볼게. 여보는 글 쓰는데만 집중해!	N	2022-07-19 02:02:26	2022-11-08 04:28:52
BE22010009	11	0	고마워 여보, 나 정말 잘 열심히 해볼게 이왕 시작해보자는 마음이 가졌을 때 열심히 해보고 싶어!	N	2022-07-19 02:02:26	2022-11-08 04:28:52
BE22010009	12	1	노력하는 만큼 좋은 결과물이 나올 거야. 내가 봐온 여보는 어떻게든 이뤄내는 사람이니까. 글 쓰다가 힘들거나 지칠 때 잠시 쉬어가도 돼.	N	2022-07-19 02:02:26	2022-11-08 04:28:52
BE22010009	13	0	여보가 옆에 있으니까 너무 든든한 것 같아. 걱정은 그만하고 내가 좋아하는 일이니까 기쁜 마음으로 해볼게!	N	2022-07-19 02:02:26	2022-11-08 04:28:52
BE22010009	14	1	여보 글 쓰는 동안 내가 옆에서 많이 도와줄게. 집안일은 다 나한테 맡겨!	N	2022-07-19 02:02:26	2022-11-08 04:28:52
BE22010009	15	0	여보 응원 덕에 글이 더 잘 써질 것 같아. 정말 고마워!	Y	2022-07-19 02:02:26	2022-11-08 04:28:52
