id	utterance_id	utterance_type	utterance_text	terminate	regDate	updDate
BE22001273	1	0	여보, 나 조금 늦을 거 같아.	N	2022-06-14 08:38:40	2022-11-08 03:32:37
BE22001273	2	1	퇴근시간 다 되어가잖아. 무슨 일 생겼어?	N	2022-06-14 08:38:40	2022-11-08 03:32:37
BE22001273	3	0	부장님이 갑자기 다른 업무지시를 하셔서 그거 마무리하고 가야 할 것 같아.	N	2022-06-14 08:38:40	2022-11-08 03:32:37
BE22001273	4	1	그렇구나. 당신 할일 끝내기도 힘들었을 텐데, 부장님 업무까지 하느라 너무 힘들겠다.	N	2022-06-14 08:38:40	2022-11-08 03:32:37
BE22001273	5	0	어떻게 매번 자기가 할 일을 부하직원에게 떠넘기는지 모르겠어.	N	2022-06-14 08:38:40	2022-11-08 03:32:37
BE22001273	6	1	직장생활이라는 게 다 그렇지. 위에서 하라고 하면 어쩔 수 없잖아. 여보, 많이 피곤하지?	N	2022-06-14 08:38:40	2022-11-08 03:32:37
BE22001273	7	0	그것도 그런데, 지금 지시한 업무가 중요한 일이라서 걱정이네.	N	2022-06-14 08:38:40	2022-11-08 03:32:37
BE22001273	8	1	그래? 그렇게 중요한 일을 갑자기 시켰단 말이야?	N	2022-06-14 08:38:40	2022-11-08 03:32:37
BE22001273	9	0	그러니까. 시간에 쫓기면 집중이 안 될 텐데 당장 해내라고 해서 초조해.	N	2022-06-14 08:38:40	2022-11-08 03:32:37
BE22001273	10	1	아니야, 당신은 마감이 정해져 있을 때 훨씬 집중력을 발휘하는 사람이야.	N	2022-06-14 08:38:40	2022-11-08 03:32:37
BE22001273	11	0	정말 그렇게 생각해?	N	2022-06-14 08:38:40	2022-11-08 03:32:37
BE22001273	12	1	당연하지. 당신이 그동안 해낸 일을 생각해봐. 분명히 이번에도 보란 듯 해낼 거야! 너무 걱정하고 초초해하지 마.	N	2022-06-14 08:38:40	2022-11-08 03:32:37
BE22001273	13	0	당신이 그렇게 말해주니 마음이 조금 놓인다.	N	2022-06-14 08:38:40	2022-11-08 03:32:37
BE22001273	14	1	잘할 거니까 긴장 풀어. 끝나고 연락해. 데리러 갈게.	N	2022-06-14 08:38:40	2022-11-08 03:32:37
BE22001273	15	0	고마워, 여보. 이따 연락할게.	Y	2022-06-14 08:38:40	2022-11-08 03:32:37
