id	utterance_id	utterance_type	utterance_text	terminate	regDate	updDate
BE22002486	1	0	여보, 이번 월급도 며칠만 더 기다려보라고 하는데 정말 어떡하지?	N	2022-06-21 18:17:06	2022-11-08 03:40:30
BE22002486	2	1	저번 달에도 그러더니 이번 달도? 아, 당신 정말 속이 타겠는걸.	N	2022-06-21 18:17:06	2022-11-08 03:40:30
BE22002486	3	0	나도 나지만 당신도 그렇겠지. 내가 정말 당신 앞에 면목이 없네.	N	2022-06-21 18:17:06	2022-11-08 03:40:31
BE22002486	4	1	무슨 소리야. 월급이 늦어지는 게 당신 잘못도 아니잖아. 회사 사정이 어려워져서 그런 건데.	N	2022-06-21 18:17:06	2022-11-08 03:40:31
BE22002486	5	0	그래도 따박따박 월급 가져다 주는 게 월급쟁이의 의무잖아. 그거 빼고 월급쟁이가 좋을 게 있나.	N	2022-06-21 18:17:06	2022-11-08 03:40:31
BE22002486	6	1	지난달에도 일주일 정도 늦게 나왔지만 제 월급 다 타왔잖아. 이번에도 그러겠지. 조금 늦어지는 건데 너무 불안해하지 마.	N	2022-06-21 18:17:06	2022-11-08 03:40:31
BE22002486	7	0	요즘 회사에서 도는 소문이 흉흉해. 곧 합병되어서 직원들 정리해고 당할 거라느니 아예 망할 거라느니 말이야. 그냥 퇴사를 미리 해서 퇴직금이라도 챙겨야 할까.	N	2022-06-21 18:17:06	2022-11-08 03:40:31
BE22002486	8	1	그 정도로 회사 사정이 불안정할 줄은 몰랐네. 퇴사를 하면 퇴직금은 안정적으로 나오려나? 당신 그거라도 확실히 받고 싶어서 그러는 거야?	N	2022-06-21 18:17:06	2022-11-08 03:40:31
BE22002486	9	0	응, 이렇게 매달 불안에 떠느니 차라리 퇴직금을 확실히 받고 정리하는 게 낫지 않을까. 요즘 아주 불안해서 못 살겠어.	N	2022-06-21 18:17:06	2022-11-08 03:40:31
BE22002486	10	1	그래, 당신 마음 이해해. 장기적으로 불안한 돈을 바라보느니 단기적으로 확실한 돈이 낫지. 그나저나 그렇게 고민이 많은지 나는 몰랐네?	N	2022-06-21 18:17:06	2022-11-08 03:40:31
BE22002486	11	0	당신한테 티를 낼 수가 있나. 넉넉하지 않은 월급으로 생활 꾸려나가기도 빠듯할 텐데. 퇴사를 한다고 하면 당장 생계 걱정을 할까봐 말을 못 했지.	N	2022-06-21 18:17:06	2022-11-08 03:40:31
BE22002486	12	1	그렇게 스트레스를 받으면서 불안에 떠느니 퇴사를 하는 것도 나쁘지 않을 것 같아. 나는 당신 결정이 어떻든 따를 테니까 그만 고민하고 결정을 내렸으면 좋겠다. 당신 건강을 위해서라도 그게 낫지 않을까?	N	2022-06-21 18:17:06	2022-11-08 03:40:31
BE22002486	13	0	내가 퇴사를 한다고 해도 당신은 괜찮을 것 같아? 솔직히 퇴사를 하고 싶긴 해. 미래가 보이질 않아.	N	2022-06-21 18:17:06	2022-11-08 03:40:31
BE22002486	14	1	여보, 산 입에 거미줄을 치겠어? 당신이 앞날 걱정하면서 고민하는 거 보느니 퇴사해서 홀가분한 모습 보는 게 낫겠어. 당장은 힘들겠지만 우리 둘이 어떻게든 살아갈 수 있을 거야.	N	2022-06-21 18:17:06	2022-11-08 03:40:31
BE22002486	15	0	당신이 그렇게 말해주니 마음이 한결 편해진다. 가장으로서 너무 무책임한 선택 같아서 마음이 무거웠거든.	N	2022-06-21 18:17:06	2022-11-08 03:40:31
BE22002486	16	1	그게 다 우리 가족을 위한 고민일 텐데 어떻게 당신 편을 안 들어줄 수 있겠어. 뭘 선택하든 당신이 우리 가족을 위해 최선의 선택을 한 거라 생각해. 그러니 마음 가는 대로 해, 다 잘 될 거야.	N	2022-06-21 18:17:06	2022-11-08 03:40:31
BE22002486	17	0	여보, 정말 고마워. 잘 결정할게. 그럼 퇴근하고 봐!	Y	2022-06-21 18:17:06	2022-11-08 03:40:31
