id	utterance_id	utterance_type	utterance_text	terminate	regDate	updDate
BE22004242	1	0	자기야 퇴근하고 집에 가는 중이야? 저녁은 어떻게 해결할 거야?	N	2022-06-27 12:24:32	2022-11-08 03:51:41
BE22004242	2	1	오늘 너무 지치고 챙겨 먹기 귀찮아서 그냥 라면이나 끓여 먹으려고.	N	2022-06-27 12:24:32	2022-11-08 03:51:41
BE22004242	3	0	오늘 일이 많이 힘들었어? 그래도 밥은 잘 챙겨 먹는지 걱정되니까 배달 음식이라도 시켜 먹어. 라면 먹는다니까 마음이 안 좋네.	N	2022-06-27 12:24:32	2022-11-08 03:51:41
BE22004242	4	1	아니야 포장 뜯고 먹은 거 치우는 게 귀찮아. 자기랑 애들은 저녁 먹었어?	N	2022-06-27 12:24:32	2022-11-08 03:51:41
BE22004242	5	0	애들이 돈까스 먹고 싶다고 해서 돈까스 집에서 포장해와서 먹었어. 힘든 남편 혼자 냅두고 우리끼리 먹으려니 마음이 불편하고 자기가 걱정되네.	N	2022-06-27 12:24:32	2022-11-08 03:51:41
BE22004242	6	1	아니야 나 알아서 잘 챙겨 먹고 있어. 너무 걱정하지 않아도 돼. 우리 둘이 합의해서 제주도 살러 간 거잖아.	N	2022-06-27 12:24:32	2022-11-08 03:51:41
BE22004242	7	0	응. 근데 요즘 자꾸 서울로 돌아가야 하나 고민돼. 제주도에서 나도 애들도 너무 행복한데 혼자 있는 자기가 신경 쓰여. 한 달이란 기간이 남편을 혼자 두기에 너무 긴 것 같아.	N	2022-06-27 12:24:32	2022-11-08 03:51:41
BE22004242	8	1	애들도 그렇고 자기도 나랑 떨어져 지내본 적이 없어서 걱정되고 불안할 수 있겠지 알아. 하지만 지금 거기서 지내는 우리 가족의 모습이 좋아 보여서 나도 행복해. 여기서 많이 힘들고 지쳐서 잠시 한숨 돌리러 간 거니까 난 걱정하지 말고 잘 있다가 와.	N	2022-06-27 12:24:32	2022-11-08 03:51:41
BE22004242	9	0	여기서 우리가 남은 몇 주간 더 있다가도 정말 괜찮겠어? 밥이라도 제대로 잘 챙겨 먹었으면 좋겠어. 막 자기가 갑자기 아프면 어떡하지 당장 애들을 데리고 달려갈 수도 없는데 이런 걱정도 들어.	N	2022-06-27 12:24:32	2022-11-08 03:51:41
BE22004242	10	1	그럴 수 있어 나도 여기서 가족들한테 무슨 일이 생기면 어떡하지 하는 걱정이 드는걸. 그래도 지금 거기서 행복하고 그걸 보는 나도 행복하니까 지금은 거기에만 집중하자. 혹시 무슨일이 생기더라도 나는 지인들이 주변에 많아서 괜찮아.	N	2022-06-27 12:24:32	2022-11-08 03:51:41
BE22004242	11	0	부모님이 아주 멀지 않은 곳에 사셔서 다행이긴 해. 하지만 우리끼리 즐겁게 지내는 건 아무래도 마음이 쓰여. 자기도 회사 프로젝트 정리되는 대로 제주도 오는 건 어때?	N	2022-06-27 12:24:32	2022-11-08 03:51:41
BE22004242	12	1	거의 마무리되고 있는 중이긴 한데 애매하게 휴직을 쓰기도 좀 눈치가 보여. 내가 가게 된다면 우리가 예상해놓은 생활비보다 더 들게 되기도 하고. 애들하고 당신 보고 싶기도 하면서 집안의 조용함을 온전히 느낄 수 있는 것도 나름 즐기고 있어 걱정 마.	N	2022-06-27 12:24:32	2022-11-08 03:51:41
BE22004242	13	0	그건 맞는 말이네. 애들한테서 퇴근하고 싶다 장난으로 그런 말 하기도 했잖아. 잔소리하는 와이프도 없어서 더 좋지?	N	2022-06-27 12:24:32	2022-11-08 03:51:41
BE22004242	14	1	하하 그런 거 같아. 농담이고 우리 가족들 특히 당신이 제주도 가서 어떠한 근심도 없이 즐겁게 지내다 오면 좋겠어.	N	2022-06-27 12:24:32	2022-11-08 03:51:41
BE22004242	15	0	내 행복을 챙기는 건 우리 남편밖에 없다. 정말 고맙고 예쁜 사진 많이 찍어서 보낼게. 오늘도 수고 많았어.	Y	2022-06-27 12:24:32	2022-11-08 03:51:42
