id	utterance_id	utterance_type	utterance_text	terminate	regDate	updDate
BE22018159	1	0	여보, 오늘 애가 생활비가 떨어졌다고 전화가 왔어. 일단 부쳐줬는데, 왠지 불안하고 걱정스러운 게 있어.	N	2022-09-14 06:51:19	2022-09-14 06:51:19
BE22018159	2	1	오랜만에 전화가 왔구나. 왜? 애한테 무슨 일이 생긴 것 같아?	N	2022-09-14 06:51:19	2022-09-14 06:51:19
BE22018159	3	0	우리한테 생활비를 달라고 하는 걸 많이 불편해하는 게 느껴졌어. 걔가 워낙 독립적인 성격이잖아. 식사를 챙길 돈도 없었는데 우리에게 말 못하고 있었던 거 아니었나 싶어서.	N	2022-09-14 06:51:19	2022-11-08 05:19:43
BE22018159	4	1	당신 얘기를 들어보니 그럴 수도 있겠다는 생각이 드네. 나한테 얘기하기 전까지 혼자 많이 걱정했겠네, 당신.	N	2022-09-14 06:51:19	2022-11-08 05:19:43
BE22018159	5	0	부탁하기 전에 내가 미리 돈을 보냈어야 했는데. 내가 잘 챙기지 못해서 괜히 애를 심란하게 만들었던 것 같아. 애가 아직도 마음을 쓰고 있을까 너무 걱정스러워.	N	2022-09-14 06:51:19	2022-09-14 06:51:19
BE22018159	6	1	정말 당신 말처럼 아이의 상황을 우리가 미리 알 수 있었다면 좋을 텐데. 그렇지만 말을 하지 않는 아이를 부모가 짐작하는 건 굉장히 어려운 일이라고 생각해. 당신처럼 세심한 사람에게도 말이야.	N	2022-09-14 06:51:19	2022-11-08 05:19:43
BE22018159	7	0	당신 말이 맞아. 그냥 혼자 먼 곳에 있는 애를 떠올리니 불안한 마음에 그런 생각이 든 것 같아. 성격을 알고 있으니 더 걱정스럽기도 하고.	N	2022-09-14 06:51:19	2022-09-14 06:51:19
BE22018159	8	1	나도 처음엔 당신처럼 걱정이 많이 됐어. 그런데 이제 점점 남의 도움을 받을 수 있는 아이로 성장하고 있는 것 같아. 뭐든지 자기 스스로 해야만 하는 애였잖아.	N	2022-09-14 06:51:19	2022-11-08 05:19:43
BE22018159	9	0	그러고 보니 이제야 우리 애의 달라진 부분이 보이네. 유학이 혼자 버텨내기 어려운 일이다 보니 남들과 도우며 나아가는 방법을 깨우치고 있나 봐.	N	2022-09-14 06:51:19	2022-09-14 06:51:19
BE22018159	10	1	응. 당신의 사랑과 보살핌 덕분에 자기만의 세계를 만들며 커가고 있는 거야. 걱정되는 마음은 이해하지만, 그 과정에서 당신을 비난하지 않았으면 좋겠어. 우리 애는 항상 당신이 행복하길 바랄 거니까.	N	2022-09-14 06:51:19	2022-11-08 05:19:43
BE22018159	11	0	고마워. 불안한 마음이 커서 화살을 나에게 돌렸나 봐. 그럴 일도 아닌데.	N	2022-09-14 06:51:19	2022-11-08 05:19:43
BE22018159	12	1	아니야. 그렇게 생각할 수 있지. 요즘 애랑 길게 연락하기도 어려웠잖아. 이참에 이번 주말에 화상 통화를 해보면 어떨까?	N	2022-09-14 06:51:19	2022-11-08 05:19:43
BE22018159	13	0	좋은 생각이다. 오랜만에 얼굴 보면 좀 안심될 것 같아.	N	2022-09-14 06:51:19	2022-09-14 06:51:19
BE22018159	14	1	그럼 내가 연락해서 시간을 정해볼게. 그날 맛있는 것 먹으면서 화상통화를 하자.	N	2022-09-14 06:51:19	2022-11-08 05:19:43
BE22018159	15	0	응. 당신하고 이야기하니까 정말 마음이 편해진다. 언제나 의지할 수 있는 사람이 되어주어서 고마워.	Y	2022-09-14 06:51:19	2022-11-08 05:19:43
