id	utterance_id	utterance_type	utterance_text	terminate	regDate	updDate
BE22006046	1	0	여보 오늘따라 치통이 더 심해지는 것 같아. 어제 술을 마셔서 그런 건가?	N	2022-07-04 10:06:58	2022-11-08 04:03:19
BE22006046	2	1	어제 술 드시고 와서 통증이 심해지면 어쩌나 했는데 더 아프다고 하니 걱정되네요.	N	2022-07-04 10:06:58	2022-11-08 04:03:19
BE22006046	3	0	진짜 며칠 참을만했거든. 근데 오늘 엄청 아프네. 아무래도 상태가 더 심각해진 것 같아.	N	2022-07-04 10:06:58	2022-11-08 04:03:19
BE22006046	4	1	너무 아플 때 치과 가면 당신 치료받을 때 더 아플 텐데 큰일이네요. 일단 얼른 예약을 일단 잡아야 하지 않을까요?	N	2022-07-04 10:06:58	2022-11-08 04:03:19
BE22006046	5	0	난 이상하게 어릴 때부터 치과가 가장 싫더라고. 그래서 항상 가장 참기 힘들 때까지 참았다가 결국 포기하고 엄마한테 아프다고 얘기했던 것 같아.	N	2022-07-04 10:06:58	2022-11-08 04:03:19
BE22006046	6	1	당신이 어릴 때 치과 가기가 얼마나 무서웠으면 그랬겠어요? 어릴 때나 어른이나 치과는 당신뿐 아니라 누구나 가기 두려운 병원임은 틀림없어요.	N	2022-07-04 10:06:58	2022-11-08 04:03:19
BE22006046	7	0	그러니까 참다참다 병원에 가면 가장 아픈 치료를 받는 걸 알면서도 왜 그렇게 무서운지 몰라.	N	2022-07-04 10:06:58	2022-11-08 04:03:19
BE22006046	8	1	항상 가장 아플 때 치료를 받아서 당신이 치과를 더 무섭게 느껴졌나 봐요. 하지만 치아가 건강한 게 얼마나 중요한 지 당신도 너무 잘 아시잖아요.	N	2022-07-04 10:06:58	2022-11-08 04:03:19
BE22006046	9	0	그러니까 지난번도 두세 번 치료받으면 끝날 상태를 계속 피해 다니다가 치료받았었잖아. 결국 한 달 넘게 치료받으며 후회했었는데 이번에 또 그러네.	N	2022-07-04 10:06:58	2022-11-08 04:03:19
BE22006046	10	1	그때 당신 치과에 시간 다 뺏겨서 엄청 후회하는 모습 보면서 저도 안타까웠어요. 그래서 그때 이제 조금만 아프면 치과에 당장 가야겠다고 다짐하셨던 게 기억나네요.	N	2022-07-04 10:06:58	2022-11-08 04:03:19
BE22006046	11	0	그러니까 어린애도 아니고 또 이렇게 도망 다니다가 오늘 점심도 못 먹고 고생하겠네. 당신에게 너무 창피하다.	N	2022-07-04 10:06:58	2022-11-08 04:03:19
BE22006046	12	1	창피하긴요 누구나 하나씩은 두려운 존재가 있을 수 있어요. 그래도 아무리 피하고 싶어도 계속 아픔을 참다가는 더 크게 고통스러운 게 치아잖아요.	N	2022-07-04 10:06:58	2022-11-08 04:03:19
BE22006046	13	0	당신 말을 듣고 보니 도망친다고 피해지는 게 아니네. 일단 당장 예약전화를 해야겠어.	N	2022-07-04 10:06:58	2022-11-08 04:03:19
BE22006046	14	1	처음 가기가 힘들지 막상 가면 또 참고 잘 치료받았었잖아요. 조금 힘들어도 하루라도 빨리 치료받고 건강한 치아로 당신 좋아하는 맛있는 거 실컷 먹으러 가요.	N	2022-07-04 10:06:58	2022-11-08 04:03:19
BE22006046	15	0	당신 말을 들으니 조금 용기가 생기네. 어차피 받아야 할 치료이니 이번엔 제대로 치료받아야겠어.	Y	2022-07-04 10:06:58	2022-11-08 04:03:19
