id	utterance_id	utterance_type	utterance_text	terminate	regDate	updDate
BE22009834	1	0	여보 요즘 나이가 들수록 걱정이 많아지네요.	N	2022-07-18 08:11:54	2022-11-08 04:27:45
BE22009834	2	1	무슨 일 있었어요?	N	2022-07-18 08:11:54	2022-11-08 04:27:45
BE22009834	3	0	요즘 자식들이 다른 지역으로 나가서 그런지 밥은 잘 챙겨 먹고 있는지, 직장에는 문제가 없는지 걱정되네요.	N	2022-07-18 08:11:54	2022-11-08 04:27:45
BE22009834	4	1	너무 걱정하지 마! 무소식이 희소식이라고, 잘 적응하고 있을 거예요. 당신 닮아 책임감도 강하고, 승부욕도 있어서 열심히 사회생활에 적응하며 잘 지내고 있을 거예요.	N	2022-07-18 08:11:54	2022-11-08 04:27:45
BE22009834	5	0	그러면 너무 다행이죠. 그런데 요즘 젊은 직장인들은 퇴사율도 높고, 끼니마다 배달 음식을 주로 먹는다고 하네요.	N	2022-07-18 08:11:54	2022-11-08 04:27:45
BE22009834	6	1	나도 요즘 애들이 집에서 해 먹지 않고 시켜 먹는다는 말은 들었어요. 너무 속상해요. 우리가 옆에 있으면 챙겨 먹일 텐데, 그러지도 못하고. 그런데 어쩌겠어요.	N	2022-07-18 08:11:54	2022-11-08 04:27:45
BE22009834	7	0	그러니깐요. 근데 그뿐만이 아니에요. 우리의 노후는 어떻게 해야 할지 염려도 되네요.	N	2022-07-18 08:11:54	2022-11-08 04:27:45
BE22009834	8	1	맞아요. 이 정도 나이가 되면 부부들이 신경을 가장 많이 쓰이는 부분이 노후 문제 아니겠어요. 염려가 되는 게 당연해요. 준비가 돼 있으면 걱정이 안 될 텐데, 준비가 안 돼 있으면 많은 생각이 들겠죠.	N	2022-07-18 08:11:54	2022-11-08 04:27:45
BE22009834	9	0	맞아요. 우리는 어떻게 준비해 나갈까요?	N	2022-07-18 08:11:54	2022-11-08 04:27:45
BE22009834	10	1	근데 사실 당신이 최근 들어 고민을 사소한 거부터 신경을 많이 쓰고 있는 게 보였어요. 그래서 든 생각인데, 내가 몫돈 좀 만들어놓은 게 있어서 카페 하나 같이 해볼까 해요. 당신 생각은 어떄요?	N	2022-07-18 08:11:54	2022-11-08 04:27:45
BE22009834	11	0	세상에나 당신! 너무 멋있어요. 어떻게 그런 생각을 다 했어요?	N	2022-07-18 08:11:54	2022-11-08 04:27:45
BE22009834	12	1	예전부터 당신이랑 함께 카페를 하면 좋겠다고 생각하고 있었어요. 당신이 내 옆에서 평생을 함께해줬는데 나도 뭔가 당신한테 선물 하나 해야죠.	N	2022-07-18 08:11:54	2022-11-08 04:27:45
BE22009834	13	0	이런 준비를 다 하고, 당신 정말 대단해요. 걱정을 하나 던 것 같아서 너무 좋아요! 고마워요.	N	2022-07-18 08:11:54	2022-11-08 04:27:45
BE22009834	14	1	그러니 애들 일은 너무 이제 신경 쓰지 말아요! 잘할 거예요! 나랑 함께 내일 가게나 알아보러 가요.	N	2022-07-18 08:11:54	2022-11-08 04:27:45
BE22009834	15	0	네, 같이 가요.	N	2022-07-18 08:11:54	2022-11-08 04:27:45
BE22009834	16	1	좋아요. 내일 오전에 가봅시다!	Y	2022-07-18 08:11:54	2022-11-08 04:27:45
