id	utterance_id	utterance_type	utterance_text	terminate	regDate	updDate
BE22003728	1	0	여보, 형님 친정아버지가 뇌졸중으로 쓰러지셨대.	N	2022-06-26 00:43:15	2022-11-08 03:48:26
BE22003728	2	1	뭐, 형수님 아버님이?	N	2022-06-26 00:43:15	2022-11-08 03:48:26
BE22003728	3	0	다행히 가족들이 빨리 발견했나 봐. 바로 병원으로 모셔서 지금 수술 중이래. 형님이랑 통화했는데 너무 울어서 말을 잘 못하시더라구.	N	2022-06-26 00:43:15	2022-11-08 03:48:26
BE22003728	4	1	형수님 댁이 워낙 가족관계가 각별하다고 들은 것 같은데. 맞나?	N	2022-06-26 00:43:15	2022-11-08 03:48:26
BE22003728	5	0	그래. 특히 아버지가 자상하셔서 가족들의 정신적 지주? 뭐 그런 역할이셨던 것 같아.	N	2022-06-26 00:43:15	2022-11-08 03:48:26
BE22003728	6	1	그러면 가족분들이 충격이 더 컸겠네. 형수님은 좀 어때?	N	2022-06-26 00:43:15	2022-11-08 03:48:26
BE22003728	7	0	형님이 걱정이야. 본인도 유방암 항암치료 끝낸 지 얼마 안 됐잖아. 이제 겨우 밥 좀 드실 만한 정도인데, 지금 몸도 마음도 얼마나 힘드시겠어.	N	2022-06-26 00:43:15	2022-11-08 03:48:26
BE22003728	8	1	형수 아플 때 당신이 그렇게 조카들 걱정하더니만. 한시름 놓나 했더니 바로 이런 일이 생겨서 당신 마음이 안 좋지? 걱정할 만도 하다.	N	2022-06-26 00:43:15	2022-11-08 03:48:26
BE22003728	9	0	정말 그래. 형님 투병할 때 아버지가 정신적으로 큰 힘이 돼주셨다고 했거든. 그 아버지가 쓰러지셨으니, 형님 건강까지 다시 안 좋아질까 봐 걱정이야.	N	2022-06-26 00:43:15	2022-11-08 03:48:26
BE22003728	10	1	당신이 형수님을 많이 따르니까 더 자기 일처럼 생각되겠지.	N	2022-06-26 00:43:15	2022-11-08 03:48:26
BE22003728	11	0	세상에 우리 형님 같은 분 없잖아. 자상하고 이해심 많고 항상 양보하고, 우리 집에 큰 분란이 없는 게 다 형님 덕분이야. 형님한테 좋은 일만 있으면 좋겠어.	N	2022-06-26 00:43:15	2022-11-08 03:48:26
BE22003728	12	1	야, 당신도 대단하다. 동서지간에 사이좋기가 쉽지 않다고 하던데. 당신이 큰동서 걱정하고 잘되기를 진심으로 바라는 마음, 나는 응원해!	N	2022-06-26 00:43:15	2022-11-08 03:48:26
BE22003728	13	0	내가 형님을 위해 해드릴 일이 없을까? 어려울 때 돕는 게 가족이라는데.	N	2022-06-26 00:43:15	2022-11-08 03:48:26
BE22003728	14	1	진심으로 걱정하고 위하는 마음만 느껴져도 형수는 위안이 될 거야. 과하면 부담이 될 수 있으니까 작은 걸 해봐.	N	2022-06-26 00:43:15	2022-11-08 03:48:26
BE22003728	15	0	그래, 그럼 이따 조카들 간식이나 챙겨서 한 번 집에 들러봐야겠다. 형님이 애들까지 신경 쓸 일 없도록 도와야지. 얘기 들어줘서 고마워 자기야.	Y	2022-06-26 00:43:15	2022-11-08 03:48:26
