id	utterance_id	utterance_type	utterance_text	terminate	regDate	updDate
BE22000866	1	0	여보, 사실 요즘 내가 고민이 있어. 당신과 상의를 해봐야 할 것 같아.	N	2022-06-13 08:55:27	2022-11-08 03:29:54
BE22000866	2	1	급한 일인가 보네? 근무 시간에 연락도 다 하고. 고민이라니, 어서 말해 봐.	N	2022-06-13 08:55:27	2022-11-08 03:29:54
BE22000866	3	0	며칠 전에 경쟁사에서 스카우트 제의를 받았거든.	N	2022-06-13 08:55:27	2022-11-08 03:29:54
BE22000866	4	1	뭐라고? 당신 지금 그거 회사에서 말해도 되는 거야? 퇴근하고 집에서 같이 이야기하는 게 낫지 않을까?	N	2022-06-13 08:55:27	2022-11-08 03:29:54
BE22000866	5	0	나도 그렇게 생각하는데 오늘 퇴근 시간까지 답을 달라고 갑자기 연락이 왔지 뭐야.	N	2022-06-13 08:55:27	2022-11-08 03:29:54
BE22000866	6	1	그렇구나, 스카우트라니 그것도 경쟁사에서. 당신이 요 며칠 그래서 통 기운도 없고 뭐에 정신이 팔린 사람 같았나 보네.	N	2022-06-13 08:55:27	2022-11-08 03:29:54
BE22000866	7	0	응, 당신에게 상의를 미리 했어야 했는데 나도 너무 급작스러운 제안이라 나름 생각이 필요했어.	N	2022-06-13 08:55:27	2022-11-08 03:29:54
BE22000866	8	1	당연하지, 나도 직장 생활을 하는데 당신 마음 충분히 이해해. 당신 마음은 어떤데?	N	2022-06-13 08:55:27	2022-11-08 03:29:54
BE22000866	9	0	반반이라서 결정을 못 내리고 있어. 그렇다고 회사 내 누군가에게 상의할 수도 없잖아.	N	2022-06-13 08:55:27	2022-11-08 03:29:54
BE22000866	10	1	다른 곳도 아니고 경쟁사의 제안이잖아. 당신이 결정 내리는 게 힘든 건 당연해. 평판도 걸려 있는 거고 경쟁사로 옮기면 무엇보다 지금 회사에 척을 져야 하는 거잖아.	N	2022-06-13 08:55:27	2022-11-08 03:29:54
BE22000866	11	0	바로 그거야. 모든 것이 조심스러워. 그렇지만 오늘 당장 답을 내야 하니까 당신 의견을 듣고 싶어.	N	2022-06-13 08:55:27	2022-11-08 03:29:54
BE22000866	12	1	여보, 나는 어떤 결정이든 당신의 선택을 존중해. 근데 내 의견을 말하자면, 나는 당신이 그 제의를 받아들였으면 좋겠어. 당신에게는 변화가 필요해.	N	2022-06-13 08:55:27	2022-11-08 03:29:54
BE22000866	13	0	알아, 지금 하는 일에 회의감을 느껴서 의욕이 없는 건 사실이니까. 근데 마음에 걸리는 게, 경쟁사로 옮기면 분명 지금보다 일이 많아져서 가정에 신경 쓸 시간이 줄어들 것 같은 거야.	N	2022-06-13 08:55:27	2022-11-08 03:29:55
BE22000866	14	1	여보, 일단 가족 생각은 접고 당신 마음만 생각해. 나는 당신이 하고 싶은 일을 하길 원해. 당신이 새로운 도전을 원한다면 그걸 충분히 즐길 수 있도록 내가 더 열심히 도울게.	N	2022-06-13 08:55:27	2022-11-08 03:29:55
BE22000866	15	0	하, 당신이 그렇게 나를 배려해주니 한결 마음이 가벼워져.	N	2022-06-13 08:55:27	2022-11-08 03:29:55
BE22000866	16	1	우린 부부잖아. 서로 의지가 되게 도와야지. 그러니 다른 걱정은 말고 남은 시간 온전히 당신의 마음만 생각하면서 차분하게 답을 내려보는 건 어떨까?	N	2022-06-13 08:55:27	2022-11-08 03:29:55
BE22000866	17	0	그래, 그러도록 할게. 여보, 고마워.	Y	2022-06-13 08:55:27	2022-11-08 03:29:55
