id	utterance_id	utterance_type	utterance_text	terminate	regDate	updDate
BE22002667	1	0	당신한테 할 말이 있어요.	N	2022-06-22 08:08:25	2022-11-08 03:41:39
BE22002667	2	1	나 지금 시간 괜찮으니 편히 말해도 돼요.	N	2022-06-22 08:08:25	2022-11-08 03:41:39
BE22002667	3	0	사실은 지난 월요일에 전남편에게 전화가 왔었어요. 한 번은 아니고 지난주부터 하루 걸러 한 번씩 전화가 왔어요.	N	2022-06-22 08:08:25	2022-11-08 03:41:39
BE22002667	4	1	갑자기 그런 연락을 받아서 당신이 많이 놀랐겠어요. 그래 무슨 용건으로 했는지 물어봐도 될까요?	N	2022-06-22 08:08:25	2022-11-08 03:41:39
BE22002667	5	0	헤어지고 나만 잘사는 게 억울하다고요. 자기는 여전히 힘들게 하루하루 꾸역꾸역 살아내느라 힘들다면서.	N	2022-06-22 08:08:25	2022-11-08 03:41:39
BE22002667	6	1	억울하다. 당신은 그 말 듣고 어이가 없었겠네요.	N	2022-06-22 08:08:25	2022-11-08 03:41:39
BE22002667	7	0	네. 여러모로 고통의 시간을 보낸 내 입장은 고려하지 않고 적반하장으로 나오는 그를 이해하기가 힘드네요. 게다가 내가 전화를 잘 받아주지 않으면 집으로 찾아올거란 협박까지 했어요. 그 말을 듣는데 어찌나 겁이 나던지 손이 다 떨렸어요.	N	2022-06-22 08:08:25	2022-11-08 03:41:39
BE22002667	8	1	네? 당신 괜찮은 거예요? 처음 전화 왔을 때 나에게 말해주지 그랬어요? 혼자 그동안 얼마나 두려웠어요?	N	2022-06-22 08:08:25	2022-11-08 03:41:39
BE22002667	9	0	진짜 그럴까봐 무서웠어요. 당신 보기도 민망하고. 이제 난 어떻게 해야 하죠?	N	2022-06-22 08:08:25	2022-11-08 03:41:39
BE22002667	10	1	그 상황은 정말 최악이긴 한데 당신은 전에도 그의 얼굴을 마주하는 것도 힘들어했는데. 그런 말이 당신을 얼마나 두렵게 만들었을지. 많이 힘들죠? 제가 옆에서 많은 힘이 되어줄게요.	N	2022-06-22 08:08:25	2022-11-08 03:41:39
BE22002667	11	0	맞아요. 난 그 사람을 다시 마주하게 되는 상황은 피하고 싶어요. 당시의 괴로움이 다시 소환될 거고. 또 극복하기 위해 노력해야 하는 나날도 이젠 견디기 힘들 것 같거든요.	N	2022-06-22 08:08:25	2022-11-08 03:41:39
BE22002667	12	1	그래요. 나도 당신이 그 상황은 맞닥뜨리지 않게 도와주고 싶어요. 일단 내가 연락해서 이성적으로 대화해보고 잘 이해시킬 테니 당신은 내 한 발 뒤에 서 있어요. 그리고 아직 일어나지 않은 일로 미리 너무 걱정 말아요. 나를 믿어줘요.	N	2022-06-22 08:08:25	2022-11-08 03:41:39
BE22002667	13	0	그래준다면 마음이 훨씬 편할 것 같아요. 당신이 남편이지만 아무래도 이런 부탁하기 힘들었는데 당신이 나서서 도와준다고 하니 고마워요. 나도 아직 일어나지 않은 일로 미리부터 걱정하지 않을게요.	N	2022-06-22 08:08:25	2022-11-08 03:41:39
BE22002667	14	1	당신과 나는 세상 그 누구보다 가까운 부부잖아요. 어떤 힘든 일이 생겨도 함께 이겨내고 싶어요.	N	2022-06-22 08:08:25	2022-11-08 03:41:39
BE22002667	15	0	당신이 나의 남편이어서 얼마나 다행인지 모르겠어요. 고맙고 사랑해요.	Y	2022-06-22 08:08:25	2022-11-08 03:41:39
