id	utterance_id	utterance_type	utterance_text	terminate	regDate	updDate
BE22001429	1	0	부모님들 모시고 여행 가기로 한 거 괜히 지금 간다고 했나 봐.	N	2022-06-15 06:43:40	2022-11-08 03:33:39
BE22001429	2	1	왜 스케줄 안될 것 같아?	N	2022-06-15 06:43:40	2022-11-08 03:33:39
BE22001429	3	0	그런 건 아닌데 내가 너무 생각 없이 일을 많이 벌여놓아서 제대로 준비하지 못할 것 같아 불안해.	N	2022-06-15 06:43:40	2022-11-08 03:33:39
BE22001429	4	1	차근차근 하나씩 해결하면 될 거야. 나도 도울 테니 너무 스트레스 받지 마.	N	2022-06-15 06:43:40	2022-11-08 03:33:39
BE22001429	5	0	여행만 해도 벅찬데, 생각 못하고 이번에 새로운 프로젝트 내가 담당하겠다고 해버렸어.	N	2022-06-15 06:43:40	2022-11-08 03:33:39
BE22001429	6	1	자기가 하고 싶은 일이면 해야지. 갑자기 일이 많아서 과부하가 왔구먼?	N	2022-06-15 06:43:40	2022-11-08 03:33:39
BE22001429	7	0	난 효도도 잘하고 싶고, 일도 잘 하고 싶은데 능력이 안 되는 것 같아.	N	2022-06-15 06:43:40	2022-11-08 03:33:39
BE22001429	8	1	난 자기 같은 슈퍼우먼은 보지 못했는데? 잠깐 스트레스는 받아도 결국엔 다 잘 해냈잖아. 자기 능력을 의심하지 마.	N	2022-06-15 06:43:40	2022-11-08 03:33:39
BE22001429	9	0	그렇게 생각해 주니 고마워. 하지만 일 벌이는 건 왜 자제가 안 될까.	N	2022-06-15 06:43:40	2022-11-08 03:33:39
BE22001429	10	1	에너지가 넘치고 하고 싶은 일도 많으니까 그렇지. 그게 자기 장점이기도 한걸? 둘 다 잘 해낼 수 있어 너무 불안해하지 마.	N	2022-06-15 06:43:40	2022-11-08 03:33:39
BE22001429	11	0	양쪽 다 잘못하면 남들에게도 피해가 가는 일이라 그런 것 같다.	N	2022-06-15 06:43:40	2022-11-08 03:33:39
BE22001429	12	1	그래서 더 부담스러워했구나? 그런 거라면 이번 여행 준비는 내가 전적으로 맡아서 할게!	N	2022-06-15 06:43:40	2022-11-08 03:33:39
BE22001429	13	0	정말? 내가 사고쳐놓고 수습은 자기가 하네.	N	2022-06-15 06:43:40	2022-11-08 03:33:39
BE22001429	14	1	자기랑 나는 일심동체야. 걱정하지 말고 일에 집중해!	Y	2022-06-15 06:43:40	2022-11-08 03:33:39
