id	utterance_id	utterance_type	utterance_text	terminate	regDate	updDate
BE22010206	1	0	자기야, 나 결국 오늘 시말서 썼어. 저번에 실수했던 것 때문에 회사의 손실이 이만저만이 아니라고 하더라. 시말서 처음 써보는데, 너무 마음이 불안하고 회사 평판이 낮아지는 게 무서워서 손이 다 떨려.	N	2022-07-19 08:22:33	2022-11-08 04:30:06
BE22010206	2	1	에고, 우리 자기 마음이 많이 안 좋겠다. 별일 아닌 걸로 시말서 쓸 때도 괜스레 우울해지고 그러는데, 자기가 불안해하는 마음 다 이해해. 괜찮다고 옆에서 토닥여주고 싶어.	N	2022-07-19 08:22:33	2022-11-08 04:30:06
BE22010206	3	0	맞아, 게다가 정말 나 때문에 안 좋은 영향이 갔다고 하니까 너무 위축되고 힘들어. 회사 사람들 얼굴도 잘 못 쳐다보겠어.	N	2022-07-19 08:22:33	2022-11-08 04:30:06
BE22010206	4	1	실수 때문에 스트레스받고 긴장하면 더 위축되고 힘들어지잖아. 내가 대신해서 자기한테 괜찮다고 위로해줄게. 사람한테 상처받을 때는 또 따뜻한 마음을 찾아서 위로받고 싶은 마음이 들 테니까.	N	2022-07-19 08:22:33	2022-11-08 04:30:06
BE22010206	5	0	고마워. 요새는 회사 사람들이 나만 보면 수군대는 것 같고 신경이 예민해져 있는 것 같아. 괜히 나에 대한 안 좋은 소문이 돌고 있는 것 같아서 화장실 갈 때마다 무서워.	N	2022-07-19 08:22:33	2022-11-08 04:30:06
BE22010206	6	1	사람들의 시선 때문에 너무 불안하고 힘들면 잠시 쉬어가도 좋아. 무엇보다 자기의 마음 건강을 챙기는 것이 가장 중요하니까. 나는 당신이 아프지 않고 편안하게 회사에 다녔으면 좋겠어.	N	2022-07-19 08:22:33	2022-11-08 04:30:06
BE22010206	7	0	맞아, 내 마음 건강이 가장 중요하니까. 정말 연차를 사용하고 쉬고 싶은데, 그것조차 사람들이 아니꼽게 볼까봐 걱정이 되네. 자기 말을 들으니까 푹 쉬어가면 좋을 것 같다는 생각이 들었어.	N	2022-07-19 08:22:33	2022-11-08 04:30:06
BE22010206	8	1	그래, 매사에 사람들의 시선을 신경 쓰다 보면 결국 지치는 건 자기일 거야. 나는 자기가 건강하고 행복한 회사 생활을 하길 바라. 스트레스를 많이 받아서 마음의 병이 생길까봐 걱정이 돼.	N	2022-07-19 08:22:33	2022-11-08 04:30:06
BE22010206	9	0	걱정해줘서 고마워, 자기밖에 없다. 회사에 가면 나 혼자 동떨어진 것 같은 기분이 들어서 힘들었는데 기분이 조금 나아져.	N	2022-07-19 08:22:33	2022-11-08 04:30:06
BE22010206	10	1	자기는 절대 혼자가 아니야. 언제든지 나한테 말해. 내가 자기에게 힘이 되어 줄게.	N	2022-07-19 08:22:33	2022-11-08 04:30:06
BE22010206	11	0	응, 힘든 일 있으면 말할게. 시말서 제출하고 나서 휴가도 써도 되는지 실장님한테 여쭤봐야겠어. 혼자 앓는 것보다 지금 내 상태를 솔직하게 말씀드려야지.	N	2022-07-19 08:22:33	2022-11-08 04:30:06
BE22010206	12	1	그래, 잘 생각했어. 어쩌면 사람들도 자기를 걱정하고 있을 거야. 그동안 성실하게 일해 온 당신이니까, 모두가 그건 인정할 거야.	N	2022-07-19 08:22:33	2022-11-08 04:30:06
BE22010206	13	0	그랬으면 좋겠다. 너무 사람들을 안 좋게만 생각하진 말아야겠어.	N	2022-07-19 08:22:33	2022-11-08 04:30:06
BE22010206	14	1	좋아, 마음 다잡고 오늘도 파이팅이야!	N	2022-07-19 08:22:33	2022-11-08 04:30:06
BE22010206	15	0	응, 힘내 볼게.	Y	2022-07-19 08:22:33	2022-11-08 04:30:07
