id	utterance_id	utterance_type	utterance_text	terminate	regDate	updDate
BE22015623	1	0	여보 큰일이야. 가뜩이나 혼자 집에 있는 게 너무 불안한데 모르는 사람이 초인종을 자꾸 눌러. 비밀번호도 누르는 소리가 나고 무슨 일이 생길 거 같아서 너무 무서워.	N	2022-08-25 04:19:59	2022-08-25 04:19:59
BE22015623	2	1	안 그래도 당신 집에 혼자 있을 생각하니 걱정됐는데 그 얘기 들으니까 내가 다 아찔하네. 오늘 회식만 아니면 일찍 들어갈 수 있을 텐데 말이야. 누군지는 봤어?	N	2022-08-25 04:19:59	2022-11-08 05:04:13
BE22015623	3	0	밖에 센서등도 고장 나서 실루엣만 보여. 이미 늦은 시간이고 더 이상 올 사람도 없는데 안 보이기까지 해서 더 불안해 죽겠어. 당신의 빈자리가 너무 크게 느껴져.	N	2022-08-25 04:19:59	2022-08-25 04:19:59
BE22015623	4	1	이럴 때엔 덩치 좋은 내가 나가서 누구냐고 한마디 크게 해줘야 하는데 말이지. 근데 저번에는 위층 분의 손님들이 집을 잘못 찾아온 거였잖아. 이번에도 그런 것일지도 몰라.	N	2022-08-25 04:19:59	2022-11-08 05:04:13
BE22015623	5	0	맞아. 당신이 절실한 순간이야. 누구냐고 물어보려니 만약 이상한 사람이면 여자 목소리가 들린다고 얕보기도 할 것 같고 말이야. 온갖 생각이 다 들어서 아무것도 못하고 현관에 서 있어.	N	2022-08-25 04:19:59	2022-11-08 05:04:13
BE22015623	6	1	밤도 늦었고 혼자 있는 게 불안한 게 당연하지. 요즘 세상이 예측 가능한 일을 넘어서서 안 좋은 일도 많고 말이야. 당신 혼자 이 밤에 두려니 너무 걱정돼서 회식이고 뭐고 얼른 집으로 달려가고 싶네.	N	2022-08-25 04:19:59	2022-11-08 05:04:13
BE22015623	7	0	맞아. 그냥 호의도 받는 사람에 따라서 범죄로 이어지기도 하는 거잖아. 덜컥 문 열기도 겁이 나고 그런 일이 있다 보니 집 안에 가만히 있는데도 무서워.	N	2022-08-25 04:19:59	2022-08-25 04:19:59
BE22015623	8	1	너무 그런 걱정하지 마. 당신은 닫힌 문 안에 있고 내가 갈 때까지 문을 열지 않을 테니 안전할 거야. 심호흡하고 마음을 진정시켜 보자.	N	2022-08-25 04:19:59	2022-11-08 05:04:13
BE22015623	9	0	진정하고 싶은데 잘 안돼. 저번에는 과음한 사람이 문을 두드리는 바람에 놀라서 밥 먹다가 아무것도 못하고 두 시간이나 있었잖아. 그때 감정이 다시 되살아나면서 무슨 일이 생길 것 같은 불안한 예감이 들어.	N	2022-08-25 04:19:59	2022-08-25 04:19:59
BE22015623	10	1	그런 일을 겪었으니 놀라는 당신 마음이 당연해. 하지만 더 안 좋은 일은 절대 일어나지 않을 거라고 내가 장담할게. 곁에서 당신을 지켜주진 못하지만 당신은 세상에서 제일 안전한 울타리 안에 있다고 생각해.	N	2022-08-25 04:19:59	2022-11-08 05:04:13
BE22015623	11	0	그렇게 말해 줘서 고마워. 어쩌면 나도 내가 안전한 줄 알면서도 자꾸 생각이 안 좋은 쪽으로 드니까 불안에 떨었어. 그때도 별 탈 없이 잘 지나갔었는데 말이야.	N	2022-08-25 04:19:59	2022-11-08 05:04:13
BE22015623	12	1	맞아. 생각해 보면 별일 아니라는 걸 당신도 아는걸. 당신은 생각보다 강한 사람이야. 이제 마음 놓고 편안하게 내가 갈 때까지 기다려 줘.	N	2022-08-25 04:19:59	2022-11-08 05:04:13
BE22015623	13	0	응. 당신이 옆에 없는데도 잘 있을 수 있을 거란 생각이 들어. 이렇게 불 다 켜 놓지 않아도 난 안전한데 말이야. 곧 시작하는 드라마나 보면서 당신 기다려야겠어.	N	2022-08-25 04:19:59	2022-11-08 05:04:13
BE22015623	14	1	잘했어. 역시 당신이야. 보다 보면 금방 시간 가는 줄 모를 거야.	N	2022-08-25 04:19:59	2022-11-08 05:04:13
BE22015623	15	0	응. 당신은 참 떨어져 있어도 나를 든든하게 만들어 주는 사람이야. 정말 고마워.	Y	2022-08-25 04:19:59	2022-08-25 04:19:59
