id	utterance_id	utterance_type	utterance_text	terminate	regDate	updDate
BE22012137	1	0	여보, 아무래도 나는 사회성이 떨어지는 사람인 것 같아요. 이러다가 친구 한명도 없이 살게 되는 거 아닌가 불안해.	N	2022-07-27 17:03:30	2022-11-08 04:42:22
BE22012137	2	1	왜 갑자기 그런 생각을 한 거지, 밖에서 무슨 안 좋은 일이 있었던 건지 걱정되는데.	N	2022-07-27 17:03:30	2022-11-08 04:42:22
BE22012137	3	0	오늘 친구랑 백화점에 갔었는데, 걔가 골라서 입는 옷이 다 어울리지 않더라고. 몇 번이나 어떠냐고 묻는데 예쁘다는 말이 안 와서 끝내는 칭찬을 하지 못했어. 친구가 기분 상했을까 봐 걱정스러워.	N	2022-07-27 17:03:30	2022-11-08 04:42:22
BE22012137	4	1	그냥 잘 어울린다고 말해주면 좋았을 텐데, 당신은 그게 힘들었구나. 빈말을 못하는 성격이라 아무래도 좀 곤란할 것 같기는 하다.	N	2022-07-27 17:03:30	2022-11-08 04:42:22
BE22012137	5	0	꼭 거짓말을 하는 기분이라 입이 떨어지지 않아. 그런데 또 상대방 얼굴을 보면 기대하는 눈치고, 제대로 된 인간관계가 힘들어. 내 성격이 이상한 건지, 사람 만나기가 항상 불안해.	N	2022-07-27 17:03:30	2022-11-08 04:42:22
BE22012137	6	1	당신은 솔직한 사람이지, 그렇지만 세상을 살다 보면 융통성이 필요할 때가 있어. 남에게 피해를 주거나, 속여서 이익을 얻는 일이 아니라면 선의의 거짓말도 필요할 때가 있어.	N	2022-07-27 17:03:30	2022-11-08 04:42:22
BE22012137	7	0	어쨌건 진실을 말하지 않는 건 안 좋은 거 아닌가, 속마음과 다른 말을 하는 것도 옳은 일은 아니잖아. 그런데 이런 생각을 하면서 사는 건 쉬운 일이 아니야, 너무 피곤해.	N	2022-07-27 17:03:30	2022-11-08 04:42:22
BE22012137	8	1	거짓말이라고 생각하지 말고 상대방을 기쁘게 해주는 거라고 생각해봐. 내 말 한마디로 누군가 기분이 좋아지면, 나도 행복해지는 느낌이 들어.	N	2022-07-27 17:03:30	2022-11-08 04:42:22
BE22012137	9	0	엄마는 칭찬도 잘 안 해준다고 불만인 거 아는데도 아이들에게까지 빈말을 할 수가 없어. 내 눈에는 부족해 보이는데 어떻게 무조건 잘했다고 할수가 있겠어.	N	2022-07-27 17:03:30	2022-11-08 04:42:22
BE22012137	10	1	당신은 사람들을 볼 때 너무 이성적인 것 같아, 객관적으로 판단을 하니까 좋은 점보다는 부족한 게 보이는 거야. 앞으로는 힘들어도 상대방의 좋은 점을 발견하고 말로 표현하도록 노력해봐. 칭찬이라 생각하지 말고 그냥 당신이 발견한 좋은 부분을 말해주면 되는 거야.	N	2022-07-27 17:03:30	2022-11-08 04:42:22
BE22012137	11	0	당신 말을 듣고 나니까 내가 뭐가 문제인지 알 것 같아. 난 사람들의 단점만을 보는 습관이 있었나봐, 좋지 않은 부분만 발견하니까 칭찬을 할 수가 없었어. 이제부터는 상대방이 가지고 있는 장점을 찾아보는 데 노력을 해봐야겠어.	N	2022-07-27 17:03:30	2022-11-08 04:42:22
BE22012137	12	1	말 한마디로 천 냥 빚을 갚는다고 하잖아, 사람들에게 말은 그만큼 중요한 거야. 사람을 살릴 수도 죽일 수도 있다고. 당신도 이제 많은 사람들에게 기쁨과 사랑을 전해 줄 수 있도록 해보자.	N	2022-07-27 17:03:30	2022-11-08 04:42:22
BE22012137	13	0	내 말 한마디로 가족과 친구들을 행복하게 해줄 수 있다면 당연히 그렇게 해야지. 많은 사람들의 예쁘고 좋은 부분을 찾아내서 칭찬을 해줄 생각을 하니 가슴이 너무 설렌다.	N	2022-07-27 17:03:30	2022-11-08 04:42:22
BE22012137	14	1	일단 우리 아이들부터 시작해 보자, 지금보다 훨씬 더 화목한 우리 집이 될 것 같은데. 당신은 마음이 따뜻한 사람이니까 분명히 잘할 수 있을 거야.	Y	2022-07-27 17:03:30	2022-11-08 04:42:22
