id	utterance_id	utterance_type	utterance_text	terminate	regDate	updDate
BE22017576	1	0	여보, 내 이야기 좀 들어줄래? 나 걸리는 일이 있어서 계속 마음이 좋지 않아서 말이야.	N	2022-09-08 13:08:54	2022-11-08 05:16:14
BE22017576	2	1	당신 조금이라도 신경 쓰면 일이 손에 잘 안 잡히잖아. 회사에서 무슨 일 있었어?	N	2022-09-08 13:08:54	2022-11-08 05:16:14
BE22017576	3	0	아니 그런 건 아닌데. 며칠 전 아이랑 목욕하다가 회사 후배에게 연락이 왔어. 부부 싸움을 크게 해서 답답한 마음에 나를 찾아온 모양이더라고.	N	2022-09-08 13:08:54	2022-11-08 05:16:14
BE22017576	4	1	어머 그런 일이 있었어? 그럼 나한테 아이 목욕 맡기고 나갔다 오지 그랬어. 내가 그날 눈치 없이 목욕 부탁을 한 건 아닐까 미안하네.	N	2022-09-08 13:08:54	2022-11-08 05:16:14
BE22017576	5	0	아니야 그날 나도 많이 피곤해서 나가기가 싫더라고 그래서 모른척했지. 그런데 그날 이후로 후배랑 서먹서먹해진 것 같아. 후배가 내가 귀찮아하던 걸 눈치챈 걸까?	N	2022-09-08 13:08:54	2022-09-08 13:08:54
BE22017576	6	1	나 같아도 일이 손에 안 잡힐 텐데 당신 성격에 마음이 많이 쓰였겠네. 당신 그렇게 피곤한 줄 알았으면 아이 돌보는 일은 내가 맡아 할 걸 그랬네. 미안해.	N	2022-09-08 13:08:54	2022-11-08 05:16:14
BE22017576	7	0	그런 생각하지 마. 아무리 피곤해도 육아도 내가 할 일인걸. 그래도 그날 후배 전화라도 받아서 정중히 거절할 걸 싶어서 후회되네.	N	2022-09-08 13:08:54	2022-11-08 05:16:14
BE22017576	8	1	후배에게 그때 상황 솔직하게 털어놓고 사과하는 건 어때? 같은 아이를 키우는 입장이기도 하고 막역한 사이니까 솔직하게 다가가면 이해해 줄 것 같아. 상대에게 먼저 다가가는 것도 큰 용기가 필요하니 진심이 전달될 거야.	N	2022-09-08 13:08:54	2022-11-08 05:16:14
BE22017576	9	0	아끼는 후배고 그동안 참 추억도 많아 그래서 내가 너무 편하게 생각했나 봐. 당신 말 듣고 보니 고민만 할 게 아니라 오늘 당장 연락해서 사과를 먼저 해야겠다. 진심으로 사과해야지.	N	2022-09-08 13:08:54	2022-11-08 05:16:14
BE22017576	10	1	그래 여보 가까운 사이일수록 더 신경이 쓰일 수밖에 없겠지. 그래도 당신이 인간관계 참 진솔하게 잘하잖아. 서로 마음이 통화는 관계이니까 오해가 있었다면 대화하며 금방 풀릴 거라 믿어.	N	2022-09-08 13:08:54	2022-11-08 05:16:14
BE22017576	11	0	그래도 당신에게 이야기하고 나니 마음이 조금 가볍다. 그 친구에게 미안한 내 마음을 잘 전달해야 할 텐데.	N	2022-09-08 13:08:54	2022-11-08 05:16:14
BE22017576	12	1	당신이 이렇게 마음 쓰일 정도로 각별한 사이인데 진심을 전하면 분명 받아줄 거야. 앞으로는 그런 일 있을 때 언제든 나한테 얘기하고 나갔다 와.	N	2022-09-08 13:08:54	2022-11-08 05:16:14
BE22017576	13	0	역시 당신은 나에게 참 멋진 아내야. 말만 들어도 든든하고 힘이 난다. 오늘은 후배 만나서 좀 늦을 것 같아 당신 먼저 자.	N	2022-09-08 13:08:54	2022-09-08 13:08:54
BE22017576	14	1	그래 집안일은 신경 쓰지 말고 후배와 맛있는 음식 먹고 들어와요. 앞으로도 힘든 일 있으면 언제든지 나와 상의해요.	Y	2022-09-08 13:08:54	2022-11-08 05:16:14
