id	utterance_id	utterance_type	utterance_text	terminate	regDate	updDate
BE22000053	1	0	여보, 경쟁사 대표님이 내일모레 밥 한번 먹자고 하시네요.	N	2022-05-31 08:06:02	2022-11-08 03:24:33
BE22000053	2	1	무슨 일 있어요? 당신 회사 경쟁사에서 왜 갑자기 당신한테 그런 연락을 한 거예요?	N	2022-05-31 08:06:02	2022-11-08 03:24:33
BE22000053	3	0	이번에 그 회사에서 새로운 프로젝트를 진행하는데 그 TF팀 총괄하는 사람으로 내가 적임자라고 생각하신 것 같아요. 사실 몇 번 연락을 주셨는데 이번에 만나서 좀더 자세히 얘기 들어봐야겠어요.	N	2022-05-31 08:06:02	2022-11-08 03:24:33
BE22000053	4	1	당신이 원하던 일인가요? 전 당신이 지금 회사에서 만족하는 줄 알았는데.	N	2022-05-31 08:06:02	2022-11-08 03:24:33
BE22000053	5	0	사실, 지금 회사에서도 업무는 나쁘지 않아요. 하지만 내가 전에 한번 얘기했었죠? 그 상사 때문에 일도 자꾸 지연되고, 그건 그래도 참겠는데 그 사람이 자꾸 납득할 수 없는 언행들을 일삼아요.	N	2022-05-31 08:06:02	2022-11-08 03:24:33
BE22000053	6	1	그 사람이 얼마나 힘들게 했길래 당신이 회사를 관두겠다고 하나요?	N	2022-05-31 08:06:02	2022-11-08 03:24:34
BE22000053	7	0	그 사람의 모욕적인 언행과 불합리한 행동들 모두 나하고는 정말 안 맞는 것 같아요.	N	2022-05-31 08:06:02	2022-11-08 03:24:34
BE22000053	8	1	모욕적인 언행이라니 생각만 해도 내가 다 기분이 나빠요, 당신 그동안 많이 힘들었겠어요.	N	2022-05-31 08:06:02	2022-11-08 03:24:34
BE22000053	9	0	맞아요. 사실 회사를 옮긴다는 게 쉬운 일이 아니니 나도 여기에서 좀더 참고 버텨보려고 했는데 한계에 부딪혔어요. 그런데 때마침 괜찮은 제안이 들어와서요. 하지만 잘할 수 있을지 조금 걱정이 되고 불안하기도 해요.	N	2022-05-31 08:06:02	2022-11-08 03:24:34
BE22000053	10	1	당신의 불안한 마음 백번 이해해요. 그래도 지금 회사의 불합리를 참고 다니는 것보다는 나을 거예요. 이직하려는 회사는 어떄요?	N	2022-05-31 08:06:02	2022-11-08 03:24:34
BE22000053	11	0	사실 지금 회사보다 조건이 상당히 괜찮아요. 연봉도 그렇고요. 복지도 잘 되어 있고요. 그런데 아무래도 경쟁사다 보니 더 조심스러워지네요,.	N	2022-05-31 08:06:02	2022-11-08 03:24:34
BE22000053	12	1	경쟁사로 이직한다고 한들, 그들이 당신에게 한 짓이 있으니 대놓고 뭐라 하지는 못할 거예요. 너무 걱정하지 말아요. 지금은 그냥 좋은 곳으로 이직했다는 것에 같이 기뻐해요.	N	2022-05-31 08:06:02	2022-11-08 03:24:34
BE22000053	13	0	그럴게요. 당신이 그렇게 말해주니 내 마음이 한결 가벼워지네요.	N	2022-05-31 08:06:02	2022-11-08 03:24:34
BE22000053	14	1	난 언제나 당신 편이에요. 그동안 힘들었다니 마음이 무겁네요. 오늘 저녁 맛있는 거 먹어요, 우리.	N	2022-05-31 08:06:02	2022-11-08 03:24:34
BE22000053	15	0	고마워요. 이따 저녁에 집에 가서 더 자세히 얘기합시다.	Y	2022-05-31 08:06:02	2022-11-08 03:24:34
