id	utterance_id	utterance_type	utterance_text	terminate	regDate	updDate
BE22014802	1	0	미운 네 살이라는 말을 요즘 제대로 실감하고 있어요. 이 스트레스가 계속 지속될까 불안해요.	N	2022-08-19 05:58:28	2022-08-19 05:58:28
BE22014802	2	1	요즘 우리 아이가 네 살이 된 후로 부쩍 떼쓰고 울어서 당신이 정말 힘들죠? 스트레스받는 당신을 보는 내 마음도 편치 않아요.	N	2022-08-19 05:58:28	2022-11-08 04:59:10
BE22014802	3	0	아이가 말도 안 되는 거로 종일 떼를 쓰니까 너무 지치고 힘들어요. 아무것도 모르는 어린아이에게 어제는 저도 모르게 덜컥 화를 내버렸어요. 화를 내고 뒤돌아서면 후회도 되고 아이 성격에도 문제가 될까 불안한 마음이에요.	N	2022-08-19 05:58:28	2022-11-08 04:59:10
BE22014802	4	1	사랑하는 아이라고 해도 온종일 떼쓰고 울면 부모도 사람인데 왜 화가 안 나겠어요. 당신이 너무 스트레스를 많이 받는 것 같아 걱정이에요. 아이에게 당신은 최선을 다하고 있고 잘 자라고 있으니 너무 불안한 마음을 좀 덜어놓으면 어때요?	N	2022-08-19 05:58:28	2022-11-08 04:59:10
BE22014802	5	0	떼쓰고 우는 게 습관이 된 것 같아서 걱정이에요. 그럴 때마다 어떻게 훈육해야 맞는 건지 너무 혼란스럽고 불안해요. 엄마로서 아이 하나 통제를 못 한다는 게 스스로 한심해요.	N	2022-08-19 05:58:28	2022-11-08 04:59:10
BE22014802	6	1	당신도 부모는 처음이라 어려운 게 당연해요. 떼쓰는 아이를 훈육하고 달래느라 많이 지치고 힘들죠? 지금이 가장 떼쓰고 우는 힘든 시기라고 하니 육아 서적도 살펴보고 우리 같이 노력해 봐요.	N	2022-08-19 05:58:28	2022-11-08 04:59:10
BE22014802	7	0	대형마트에 아이를 데리고 장을 보러 갔는데 장난감을 사달라고 울고 바닥에 드러누웠어요. 원래 이렇게까지 하는 아이는 아니었는데. 그럴 때마다 얼마나 난감하고 버릇없는 아이로 사람들이 볼까 불안해요.	N	2022-08-19 05:58:28	2022-08-19 05:58:28
BE22014802	8	1	사람 많은 곳에서 당신이 정말 부끄럽고 혼란스러웠겠어요. 어린아이가 떼쓰는 걸 보면 부모님이 지금 상황에 참 난감하겠다 생각이 들잖아요. 아이니까 그렇겠거니 생각할 테니 아이를 나쁘게 볼 거라는 걱정하지 말아요.	N	2022-08-19 05:58:28	2022-11-08 04:59:10
BE22014802	9	0	어제는 종일 TV를 틀어달라고 3시간이나 울고 떼썼어요. 울다 지친 아이를 보니 너무 속상하지만, 떼쓰는 대로 다 해주면 버릇이 나빠질까 불안해요. 어떻게 해야 맞는지 전혀 모르겠어요.	N	2022-08-19 05:58:28	2022-11-08 04:59:10
BE22014802	10	1	우는 아이의 뜻대로 해주고 싶지만 안 좋은 습관이 들까 고민하며 힘들었을 당신을 생각하니 안쓰러워요. 육아에는 답이 없다고 하잖아요. 항상 아이에게 더 나은 방향으로 고민하고 최선의 선택을 하는 당신은 최고의 엄마예요.	N	2022-08-19 05:58:28	2022-11-08 04:59:10
BE22014802	11	0	그렇게 말해줘서 고마워요. 울고 떼쓰는 아이에게 화가 나서 혼을 내놓고 마음이 안 좋아 울 때도 많아요. 화를 안 내고 키우고 싶은데 감정 조절이 안 되는 것 같아 아이에게 미안하고 걱정돼요.	N	2022-08-19 05:58:28	2022-08-19 05:58:28
BE22014802	12	1	육아란 정말 어렵고 힘든 일인데 어떻게 화 한 번 안 내고 키울 수 있겠어요. 뒤돌아 미안한 감정에 울었을 당신을 생각하니 그간 내가 많이 몰라준 것 같아 더 미안하네요. 아이는 잘 자라고 있고 이런 시기를 겪고 성장하는 것이니 마음을 편히 해요.	N	2022-08-19 05:58:28	2022-11-08 04:59:10
BE22014802	13	0	당신의 위로를 받으니 불안하고 스트레스받았던 감정이 사르르 녹는 것 같아요. 아이로 인해 지치고 힘들었는데 당신이 있어 버티고 힘을 내게 되네요. 아이가 성장하는 과정이라 생각하고 힘내서 저도 더 좋은 엄마가 되기 위해 노력해야겠어요.	N	2022-08-19 05:58:28	2022-11-08 04:59:10
BE22014802	14	1	가사도 놓치지 않으면서 육아에도 늘 최선을 다하는 당신이 아내이지만 정말 존경해요. 이미 아이에게 당신은 훌륭한 엄마인걸요. 저도 남편으로서 아이의 아빠로서 최선을 다할 테니 우리 같이 힘내요.	N	2022-08-19 05:58:28	2022-11-08 04:59:10
BE22014802	15	0	늘 고맙고, 사랑해요. 당신과 결혼한 것과 우리 아이를 낳은 것이 제 인생 최고로 잘한 일이에요. 당신 덕에 불안한 마음은 모두 달아났어요.	Y	2022-08-19 05:58:28	2022-11-08 04:59:10
