id	utterance_id	utterance_type	utterance_text	terminate	regDate	updDate
BE22005159	1	0	아들이 재수를 하기로 했잖아요. 근데 너무 불안해요. 어떡하죠?	N	2022-06-29 09:04:11	2022-11-08 03:57:35
BE22005159	2	1	잘할 수 있을까 걱정이 되어서 불안한 거예요? 그 마음 이해해요.	N	2022-06-29 09:04:11	2022-11-08 03:57:35
BE22005159	3	0	네. 집에서 재수를 하겠다고 하는데 집에서는 집중이 잘 안되지 않을까요? 이렇게 시간만 낭비하는 건 아닐지 너무 걱정되고 불안해요.	N	2022-06-29 09:04:11	2022-11-08 03:57:35
BE22005159	4	1	나도 그 마음 이해해요. 당신이 아들을 얼마나 아끼는지 알기 때문에 당신이 더 불안하고 걱정되는 게 이해가 되어요. 나도 그런 기분을 느끼거든요.	N	2022-06-29 09:04:11	2022-11-08 03:57:35
BE22005159	5	0	이대로 내버려둬도 괜찮은 걸까요?	N	2022-06-29 09:04:11	2022-11-08 03:57:35
BE22005159	6	1	학원에 보내보는 건 어떨까요? 아직 그런 제안은 해보지 않았잖아요. 학원에 보냈을 때 당신이 좀더 안심할 수 있을 것 같아서요!	N	2022-06-29 09:04:11	2022-11-08 03:57:35
BE22005159	7	0	한 번 얘기해보는 게 좋겠죠? 혹시 가지 않는다고 그러면 어떡하죠?	N	2022-06-29 09:04:11	2022-11-08 03:57:35
BE22005159	8	1	그렇다 하더라도 우리 아들을 한 번 믿어보는 거 어때요? 우리 아들 마음먹은 건 성실하게 잘 해왔잖아요. 이번에도 믿고 기다려준다면 분명히 좋은 결과를 얻을 수 있을 거예요.	N	2022-06-29 09:04:11	2022-11-08 03:57:35
BE22005159	9	0	그렇겠죠? 당신 말대로 아들을 믿어봐야겠어요.	N	2022-06-29 09:04:11	2022-11-08 03:57:35
BE22005159	10	1	그래요. 사실 나도 처음에는 아들이 잘하지 못하면 어쩌나 걱정해서 당신 마음 이해해요. 너무 걱정되면 아들이랑 우리 한 번 직접 얘기해봐요.	N	2022-06-29 09:04:11	2022-11-08 03:57:35
BE22005159	11	0	좋은 것 같아요. 아들이 당사자인데 너무 혼자 생각만 한 것 같다는 생각이 드네요. 말해봐야겠어요.	N	2022-06-29 09:04:11	2022-11-08 03:57:35
BE22005159	12	1	그래요. 우리 아들은 그런 문제들도 우리랑 잘 공유하는 아이니까 말해보면 다 잘 풀릴 거예요. 긍정적인 생각을 합시다, 우리.	N	2022-06-29 09:04:11	2022-11-08 03:57:35
BE22005159	13	0	좋아요. 당신 덕에 기분이 좀 나아진 것 같아요. 고마워요.	N	2022-06-29 09:04:11	2022-11-08 03:57:35
BE22005159	14	1	다행이에요, 여보. 나도 당신이 있어서 항상 든든해요.	Y	2022-06-29 09:04:11	2022-11-08 03:57:35
