id	utterance_id	utterance_type	utterance_text	terminate	regDate	updDate
BE22001021	1	0	여보, 방금 유치원에서 전화가 왔는데 조금 걱정스럽네.	N	2022-06-14 01:22:54	2022-11-08 03:30:55
BE22001021	2	1	우리 아들한테 무슨 일 있는 건 아니지? 왜 그래?	N	2022-06-14 01:22:54	2022-11-08 03:30:55
BE22001021	3	0	다행히 큰일은 아닌데 오늘 유치원에서 다른 아이가 싸워서 울었대. 근데 우리 아들이 그 아이를 놀렸나 봐.	N	2022-06-14 01:22:54	2022-11-08 03:30:55
BE22001021	4	1	아, 우는 아이를 달래주지 않고 운다고 놀린 거구나?	N	2022-06-14 01:22:54	2022-11-08 03:30:55
BE22001021	5	0	응. 그래서 그 아이도 더 울고 유치원 다니기 싫다고 했대. 그 아이 부모한테 너무 미안한 거 있지.	N	2022-06-14 01:22:54	2022-11-08 03:30:55
BE22001021	6	1	그랬구나. 아이가 너무 상처받지 않았어야 할 텐데. 어릴 때에는 있을 수 있는 일이니까 당신도 너무 마음 쓰지 마.	N	2022-06-14 01:22:54	2022-11-08 03:30:55
BE22001021	7	0	혹시나 우리 아들이 다른 사람의 감정을 잘 이해하지 못하는 걸까 봐 조금 불안해. 내가 잘 못 양육한 부분이 있나 싶기도 하고.	N	2022-06-14 01:22:54	2022-11-08 03:30:55
BE22001021	8	1	그렇게 생각할 줄 알았어. 자기가 뭘 잘못해. 어렸을 때에는 장난기도 넘치고 당장 놀리고 싶은 마음이 더 커서 그런 것뿐일 거야.	N	2022-06-14 01:22:54	2022-11-08 03:30:55
BE22001021	9	0	그런 걸까? 나는 어렸을 때 안 그랬던 것 같은데 아들이라서 다른 건가 싶기도 해.	N	2022-06-14 01:22:54	2022-11-08 03:30:55
BE22001021	10	1	그럴 수도 있어. 나도 어렸을 때는 맨날 여자애들 괴롭히고 그랬지. 어린 마음에 친해지고 싶어서 장난 거는 걸 거야.	N	2022-06-14 01:22:54	2022-11-08 03:30:55
BE22001021	11	0	자기도 그랬구나. 그래도 오늘 아이가 집에 오면 한 번쯤은 얘기해 봐야겠어.	N	2022-06-14 01:22:54	2022-11-08 03:30:55
BE22001021	12	1	그래. 우리 아들은 잘 얘기하면 충분히 이해하고 배우는 아이잖아? 엄마 힘들까 봐 설거지도 도와주려고 하는 착한 아들이기도 하고.	N	2022-06-14 01:22:54	2022-11-08 03:30:55
BE22001021	13	0	그건 그렇지. 착한 아이인데 유치원 선생님께 얘기 듣고 순간 내가 너무 놀랐었나 봐.	N	2022-06-14 01:22:54	2022-11-08 03:30:55
BE22001021	14	1	당신이 장난꾸러기 아들 키우느라 고생이 많아. 언젠가는 엄마 마음 다 알아줄 날이 올 거야.	N	2022-06-14 01:22:54	2022-11-08 03:30:55
BE22001021	15	0	고마워. 내 마음 알아주는 남편이 있어서 항상 든든해.	Y	2022-06-14 01:22:54	2022-11-08 03:30:55
