id	utterance_id	utterance_type	utterance_text	terminate	regDate	updDate
BE22001580	1	0	아까 엄마한테 다녀왔는데 여간 걱정되는 게 아니야.	N	2022-06-16 05:46:51	2022-11-08 03:34:37
BE22001580	2	1	장모님 만나고 왔어? 왜 어디 편찮으시대?	N	2022-06-16 05:46:51	2022-11-08 03:34:37
BE22001580	3	0	차라리 그런 거라면 병원에라도 모시고 가지. 어디서 무슨 소리를 들었는지 벌써 1주일 째 샐러드만 드신다잖아.	N	2022-06-16 05:46:51	2022-11-08 03:34:37
BE22001580	4	1	뭐라고? 샐러드로만 끼니를 해결하신다는 거야? 그게 무슨 뚱딴지 같은 소리야.	N	2022-06-16 05:46:51	2022-11-08 03:34:37
BE22001580	5	0	내가 그러니 기가 막히지 않겠어? 가뜩이나 체중 미달이라서 고기를 먹어도 모자랄 판인데.	N	2022-06-16 05:46:51	2022-11-08 03:34:37
BE22001580	6	1	영양소를 골고루 섭취하셔야 할 텐데 정말 큰일이네. 당신 말대로 기력이 나는 걸 드셔야 하는데 샐러드만 드시는 걸 봤으니 당신이 이렇게 걱정하는 게 당연해. 당신 괜찮아? 너무 충격받은 건 아니지?	N	2022-06-16 05:46:51	2022-11-08 03:34:37
BE22001580	7	0	기겁을 했지. 말리려고 말해봐도 엄마가 고집은 또 얼마나 세셔. 정말 어떡하지?	N	2022-06-16 05:46:51	2022-11-08 03:34:37
BE22001580	8	1	내가 연락을 해볼게. 설마 사위가 식사 대접을 한다고 모시겠다는데 거절하시겠어? 당신 생각은 어때?	N	2022-06-16 05:46:51	2022-11-08 03:34:37
BE22001580	9	0	여보, 그거 정말 좋은 생각이야. 엄마가 당신한테는 꼼짝을 못하시잖아.	N	2022-06-16 05:46:51	2022-11-08 03:34:37
BE22001580	10	1	사위 체면 생각해서라도 못 이긴 척 가주실 거야. 당신이 그렇게 걱정하는데 내가 가만히 있을 수가 있나. 안 그래?	N	2022-06-16 05:46:51	2022-11-08 03:34:37
BE22001580	11	0	여보, 고마워. 아, 이제야 좀 걱정을 내려놓을 것 같아.	N	2022-06-16 05:46:51	2022-11-08 03:34:37
BE22001580	12	1	당신이 얼마나 어머님 건강을 신경 쓰는지 알아. 어머님께서도 그러시는데 뭔가 생각이 있으셔서 그럴 거야. 그러니까 너무 걱정하지 말고 오늘 만나면 차분히 설명을 같이 드리도록 하자.	N	2022-06-16 05:46:51	2022-11-08 03:34:37
BE22001580	13	0	그래, 엄마가 야채가 몸에 좋다는 말만 하시는 거 보니까 건강에 과하게 신경 쓰셔서 그러실 수도 있겠다 싶었어.	N	2022-06-16 05:46:51	2022-11-08 03:34:37
BE22001580	14	1	그래, 고집은 세지만 꽉 막히신 분은 아니잖아. 당신이랑 나랑 노력하면 말 들어주실 거야. 내가 잘 설득해볼 테니까 믿고 맡겨.	N	2022-06-16 05:46:51	2022-11-08 03:34:37
BE22001580	15	0	고마워. 사랑해, 여보.	Y	2022-06-16 05:46:51	2022-11-08 03:34:37
