id	utterance_id	utterance_type	utterance_text	terminate	regDate	updDate
BE22001094	1	0	오늘 학교 담임 선생님이 나한테 전화하셨더라.	N	2022-06-14 02:08:36	2022-11-08 03:31:25
BE22001094	2	1	왜? 무슨 일 있었어? 우리 애 문제인 거야?	N	2022-06-14 02:08:36	2022-11-08 03:31:25
BE22001094	3	0	학교에서 장난을 너무 많이 치나봐. 다른 애들이 힘들다고 말했대.	N	2022-06-14 02:08:36	2022-11-08 03:31:25
BE22001094	4	1	남자애라서 조금 산만한 거 아닐까? 다들 그렇게 크잖아.	N	2022-06-14 02:08:36	2022-11-08 03:31:25
BE22001094	5	0	나도 처음엔 그러려니 했는데, 당신 없을 때 집이 정말 난장판이야.	N	2022-06-14 02:08:36	2022-11-08 03:31:25
BE22001094	6	1	그랬구나, 당신이 혼자 많이 힘들었겠다. 그럼 우리 상담 센터를 한 번 데려가 보는 게 어때? 너무 부담 갖진 말고.	N	2022-06-14 02:08:36	2022-11-08 03:31:25
BE22001094	7	0	그래야 될 것 같아. 난 진짜 잘 키우고 싶은데 내 마음대로 안 돼서 너무 힘드네.	N	2022-06-14 02:08:36	2022-11-08 03:31:25
BE22001094	8	1	당신이 너무 스트레스 받을까 걱정이네. 나도 앞으로 더 신경 쓸 테니까 걱정 좀 덜어.	N	2022-06-14 02:08:36	2022-11-08 03:31:26
BE22001094	9	0	나는 애 어릴 때가 제일 힘들 줄 알았는데 크면 클수록 힘든 것 같아.	N	2022-06-14 02:08:36	2022-11-08 03:31:26
BE22001094	10	1	당신 같은 엄마가 어딨어. 너무 자책하지 마. 우리 아들 당신 닮아서 똑부러지게 잘 클 거야.	N	2022-06-14 02:08:36	2022-11-08 03:31:26
BE22001094	11	0	그렇겠지? 학교에서도 그런다니 내가 더 걱정했나봐.	N	2022-06-14 02:08:36	2022-11-08 03:31:26
BE22001094	12	1	그럼. 그리고 요즘에는 센터들이 많이 있으니까 가서 전문적인 얘기 들어보자.	N	2022-06-14 02:08:36	2022-11-08 03:31:26
BE22001094	13	0	그러면 도움 많이 되겠다. 고마워.	N	2022-06-14 02:08:36	2022-11-08 03:31:26
BE22001094	14	1	고맙긴 뭐가 고마워. 당연한 거야.	N	2022-06-14 02:08:36	2022-11-08 03:31:26
BE22001094	15	0	당신이 있어서 정말 다행이다.	Y	2022-06-14 02:08:36	2022-11-08 03:31:26
