id	utterance_id	utterance_type	utterance_text	terminate	regDate	updDate
BE22009129	1	0	여보, 나 감정이 많이 무뎌진 것 같아.	N	2022-07-15 07:04:30	2022-11-08 04:23:07
BE22009129	2	1	왜 그런 생각을 했어?	N	2022-07-15 07:04:30	2022-11-08 04:23:07
BE22009129	3	0	요즘 새로운 걸 봐도 놀라거나 감탄하는 일이 줄어드는 것 같아.	N	2022-07-15 07:04:30	2022-11-08 04:23:07
BE22009129	4	1	그렇게 느꼈구나. 요즘 당신이 워낙 바쁘게 지내서 그런 것은 아닐까? 너무 걱정하지 않아도 될 것 같은데.	N	2022-07-15 07:04:30	2022-11-08 04:23:07
BE22009129	5	0	인생이 점점 메말라가는 것 같아서 불안해.	N	2022-07-15 07:04:30	2022-11-08 04:23:07
BE22009129	6	1	당신이 그 정도로 불안해하는 줄 미처 몰랐네. 그런데 살다 보면 누구나 그렇게 느끼는 때가 있는 것 같아. 너무 큰일은 아니니까 걱정하지 마.	N	2022-07-15 07:04:30	2022-11-08 04:23:07
BE22009129	7	0	그런가? 큰일이 아니라고 말해주니 조금 위안이 되네.	N	2022-07-15 07:04:30	2022-11-08 04:23:07
BE22009129	8	1	당연하지. 당신이 살면서 인생에 대한 경험치가 많이 쌓여서 그런 거야. 자연스러운 현상이니까 너무 불안해하지 마.	N	2022-07-15 07:04:30	2022-11-08 04:23:07
BE22009129	9	0	알겠어. 그런데 새로움을 느끼고 싶어지면 어떡해?	N	2022-07-15 07:04:30	2022-11-08 04:23:07
BE22009129	10	1	그럼 아주 사소한 것이라도 전혀 생각하지 못한 방식으로 바라보면 어떨까? 일부러라도 생각을 낯설게 하고 보면 많은 것들이 새롭게 느껴질 거야.	N	2022-07-15 07:04:30	2022-11-08 04:23:07
BE22009129	11	0	와, 듣고 보니 정말 그럴 것 같아. 오늘부터 한번 해봐야겠어.	N	2022-07-15 07:04:30	2022-11-08 04:23:07
BE22009129	12	1	응. 당신이 이해해주니 나도 마음이 기쁘고 뿌듯한걸? 여행을 갔을 때처럼 일상을 바라보는 거야.	N	2022-07-15 07:04:30	2022-11-08 04:23:07
BE22009129	13	0	오, 좋은 방법이야. 그럼 새로운 것에 좀더 감탄하면서 지낼 수 있을 것 같아.	N	2022-07-15 07:04:30	2022-11-08 04:23:07
BE22009129	14	1	그렇지. 그럼 인생이 조금 더 즐거워질 수 있을 거야.	Y	2022-07-15 07:04:30	2022-11-08 04:23:07
