id	utterance_id	utterance_type	utterance_text	terminate	regDate	updDate
BE22007061	1	0	여보, 우리 엄마 모시고 여행 가려는데 어디로 가야 좋을지 모르겠어. 몸이 성하신 게 아니라 신경쓸 게 너무 많아서 걱정이야.	N	2022-07-08 04:19:28	2022-11-08 04:09:58
BE22007061	2	1	응, 여보 이번에 모시고 간다고 했었지? 세심하게 신경쓰느라 힘든 게 많을 것 같아.	N	2022-07-08 04:19:28	2022-11-08 04:09:58
BE22007061	3	0	맞아. 엄마가 조금만 더 젊었을 적에도 이것도 해보고 저것도 해보자고 할 텐데. 엄마가 무릎도 안 좋고, 허리도 안 좋고, 소화도 약하시니까. 혹시 잘못되지 않을까 우려가 돼.	N	2022-07-08 04:19:28	2022-11-08 04:09:58
BE22007061	4	1	맞아, 정말 그렇겠다. 이제 어머님 연세가 많아지셔서 쉽지 않을 거 같아. 여보가 워낙에 잘 챙기는 성격이라 어머님은 별일 없을 것 같은데 여보가 힘들진 않을까 걱정되네.	N	2022-07-08 04:19:28	2022-11-08 04:09:58
BE22007061	5	0	사실 이제 나 좋자고 하는 일이 아닐까 생각이 돼. 엄마는 점점 더 돌아다니고 싶어 하지 않아. 그러다가 몸도 기분도 더 안 좋아질까 해서 나가는 건데 즐거운 여행이 아니면 어떡해.	N	2022-07-08 04:19:28	2022-11-08 04:09:58
BE22007061	6	1	이번 여행으로 어머님께서 다음에 또 가실지 아닐지 정하신다고 생각하면 정말 부담 많을 거 같아. 그런데 여보가 함께한 여행은 어머님이 항상 기분 좋다고 하셨잖아. 나도 여보랑 여행 다니면 기분 정말 좋은걸.	N	2022-07-08 04:19:28	2022-11-08 04:09:58
BE22007061	7	0	엄마가 좋은지 아닌지 솔직히 말하시는 편이 아니라 잘 모르겠어. 뭐가 불편하면 불편하다 한마디라도 해 주면 좋을 텐데. 말을 안 해주시니까 어디까지 신경 써야 할지 모르겠어.	N	2022-07-08 04:19:28	2022-11-08 04:09:58
BE22007061	8	1	진짜 그러면 어려울 거 같아. 그런데 어머님도 다른 어머님 또래 분들과 크게 다르진 않으실 거잖아. 다른 분들 말씀 들어보면 다들 좋았겠다고 하시던걸.	N	2022-07-08 04:19:28	2022-11-08 04:09:58
BE22007061	9	0	그런가? 근데 공기 좋은 산에 가면 무릎이 걱정되고, 물 좋은 온천 가면 현기증이 걱정돼. 바다는 감기 걸리지 않을까, 계곡은 다치지 않을까, 호캉스는 엄마 취향이 아닌 거 같아. 여행을 가는 게 맞긴 한 걸까?	N	2022-07-08 04:19:28	2022-11-08 04:09:58
BE22007061	10	1	여보가 정말 생각지도 못할 만큼 고민이 깊었네. 만약 내 딸이 이렇게 생각해 준다면 너무 행복할 거 같아. 그런데 정기적으로 사랑하는 딸이랑 가는 거니까 어디든 기대되지 않으실까?	N	2022-07-08 04:19:28	2022-11-08 04:09:58
BE22007061	11	0	뭐 다 좋다고는 하시는데 딱 결정을 할 시기라 마음이 급해. 오래 끌면 예약을 못 해서 갈 곳이 없는걸.	N	2022-07-08 04:19:28	2022-11-08 04:09:58
BE22007061	12	1	나였어도 다 좋을 거 같아. 그런데 여보가 예약 못 할까 봐 걱정도 될 거 같아. 어머님께 말씀드리면 뭔가 반응이 있지 않으실까?	N	2022-07-08 04:19:28	2022-11-08 04:09:58
BE22007061	13	0	그럴까 살짝 물어보고 반응이 괜찮은 곳으로 골라야겠다. 그래도 이제 한숨 좀 돌리겠네.	N	2022-07-08 04:19:28	2022-11-08 04:09:58
BE22007061	14	1	여보 같은 효녀는 어디 가도 보기 힘들 거야. 여보가 감당할 수 있을 만큼만 신경쓰고 여보도 같이 즐겁게 다녀오면 좋겠어. 빈자리는 나한테 맞기고 효도 잘하고 와요.	N	2022-07-08 04:19:28	2022-11-08 04:09:58
BE22007061	15	0	응응 그럴게, 고마워 여보.	Y	2022-07-08 04:19:28	2022-11-08 04:09:58
