id	utterance_id	utterance_type	utterance_text	terminate	regDate	updDate
BE22000937	1	0	여보, 핸드폰에 카드 내역 찍혔지?	N	2022-06-14 00:37:52	2022-11-08 03:30:23
BE22000937	2	1	혼자 마트에 간 거야? 주말에 같이 가자니까. 무겁지 않았어?	N	2022-06-14 00:37:52	2022-11-08 03:30:23
BE22000937	3	0	그보다 문제는 세일만 하면 집어 들고 보는 버릇을 제어하지 못했다는 거지. 왜 난 원플러스원에 이리도 약한 걸까. 당장 필요한 물건도 아닌데 맨날 사놓고 후회하고.	N	2022-06-14 00:37:52	2022-11-08 03:30:23
BE22000937	4	1	다들 그러잖아. 특히 원플러스원은 하나를 공짜로 주는 거 같아서 왠지 안 사면 손해 보는 거 같기도 하고. 나도 전에 영양제랑 잔뜩 사놓고 후회하고 그랬잖아.	N	2022-06-14 00:37:52	2022-11-08 03:30:23
BE22000937	5	0	하긴, 그래서 세일 코너마다 사람들로 북적북적한 거겠지. 그래도 영수증 받아 들고 수북한 쇼핑카트 보는 순간 바로 후회가 밀려드는데.	N	2022-06-14 00:37:52	2022-11-08 03:30:23
BE22000937	6	1	없는 살림에 가족들 챙기느라 알뜰함이 몸에 배서 그런 건데, 그게 당신에겐 스트레스일 수도 있겠구나.	N	2022-06-14 00:37:52	2022-11-08 03:30:23
BE22000937	7	0	남들은 쇼핑하며 스트레스 해소한다는데, 난 왜 오히려 뒤끝이 안 좋은 걸까? 쓸데없는 데 낭비한 거 같아 살짝 죄책감도 들고.	N	2022-06-14 00:37:52	2022-11-08 03:30:23
BE22000937	8	1	하지만 그렇게 싸게 산 물건을 버린 것도 아니고 당신 덕에 우리 가족이 잘 먹고 잘 쓰잖아. 알뜰한 당신 덕분에 우리 가족이 그나마 풍족한 생활을 할 수 있는 건데, 그쪽에 방점을 찍고 생각해보면 어떨까?	N	2022-06-14 00:37:52	2022-11-08 03:30:23
BE22000937	9	0	오, 당신 말대로 그렇게 생각하니 정말 스트레스가 눈 녹듯 사라지네. 상황이 달라진 것도 아닌데, 보는 눈이 이렇게 중요한 거구나.	N	2022-06-14 00:37:52	2022-11-08 03:30:23
BE22000937	10	1	기분이 나아졌다니 다행이네. 우리 가족 챙기느라 늘 자신은 뒷전인 당신한테 내가 많이 미안해하고 사랑하는 거 알지?	N	2022-06-14 00:37:52	2022-11-08 03:30:23
BE22000937	11	0	나도 사랑해. 내가 잘하든 잘못하든 늘 곁에서 지지해주고 응원해줘서 고맙고. 그런 의미에서 오늘 저녁엔 우리 가족의 건강을 위해 솜씨 한번 발휘해봐야겠다.	N	2022-06-14 00:37:52	2022-11-08 03:30:23
BE22000937	12	1	오, 기대되는걸. 에너치 넘치는 평소 우리 와이프로 돌아온 것 같아 나도 한결 맘이 좋다.	N	2022-06-14 00:37:52	2022-11-08 03:30:23
BE22000937	13	0	당신 덕분에 아까 무슨 일로 스트레스 받았는지도 까마득한걸. 웃음이 넘치는 우리 가족 저녁 식탁만 눈앞에 아른거리고.	N	2022-06-14 00:37:52	2022-11-08 03:30:23
BE22000937	14	1	고마워, 여보. 남들처럼 사고 싶은 거 맘대로 살 수 있게 해주지 못해 미안하고.	N	2022-06-14 00:37:52	2022-11-08 03:30:23
BE22000937	15	0	당신은 남들이 주지 못하는 특별한 걸 주잖아. 나도 고맙고 미안해.	Y	2022-06-14 00:37:52	2022-11-08 03:30:23
