id	utterance_id	utterance_type	utterance_text	terminate	regDate	updDate
BE22000766	1	0	자기야. 이 사진 봐바. 나 혼자 유독 정수리가 비어 보이지 않아?	N	2022-06-13 07:44:49	2022-11-08 03:29:15
BE22000766	2	1	응? 좀 그래 보이기는 하네. 근데 그게 왜? 여보 원래 머리숱 별로 없잖아.	N	2022-06-13 07:44:49	2022-11-08 03:29:15
BE22000766	3	0	나 아무래도 탈모가 온게 아닐까. 최근에 머리도 엄청 빠지고 있단 말이야. 대머리 될 까봐 불안해 죽겠어.	N	2022-06-13 07:44:49	2022-11-08 03:29:15
BE22000766	4	1	아니 여보 이제 30대 후반인데 무슨 대머리예요. 여보가 보내준 사진 주변 애들이 다 젊어서 머리가 풍성해가지고 더 비교돼서 그렇게 보이는 거지. 실제로 보면 그렇게 정수리 안 비어 보여.	N	2022-06-13 07:44:49	2022-11-08 03:29:15
BE22000766	5	0	그 위로에도 이 불안함은 전혀 가시질 않아. 우리 아버지 대머리인 거 알지? 그거 사실 민 거 아니야. 40대부터 대머리였어.	N	2022-06-13 07:44:49	2022-11-08 03:29:15
BE22000766	6	1	어머? 정말? 그럼 당신이 진짜 불안하고 걱정될 만하네. 혹시라도 자기도 40대 돼서 대머리 될까봐 걱정하는 거야?	N	2022-06-13 07:44:49	2022-11-08 03:29:15
BE22000766	7	0	바로 그거야. 여보. 나 내 머리 진짜 애지중지하고 소중하게 아껴왔는데 어쩌지? 이대로 머리가 다 빠져버릴까 봐. 너무 불안해서 손에 땀이 줄줄 나.	N	2022-06-13 07:44:49	2022-11-08 03:29:15
BE22000766	8	1	자기야. 진정 좀 해. 지금 회사 화장실 가서 거울 좀 봐. 머리숱이 좀 적긴 해도 탈모라고 전혀 생각 안 드는 머리숱이라니까?	N	2022-06-13 07:44:49	2022-11-08 03:29:15
BE22000766	9	0	흠흠, 자기 말대로 거울 보니까 좀 진정이 되네. 이 정도면 내 나이대 평균이긴 하지.	N	2022-06-13 07:44:49	2022-11-08 03:29:15
BE22000766	10	1	그래. 자기가 그렇게 불안해하면 불안해할수록 머리카락이 더 도망갈걸. 탈모에 스트레스가 제일 안 좋다고 했어요. 아직 닥치지도 않은 일을 걱정하지 말았으면 해.	N	2022-06-13 07:44:49	2022-11-08 03:29:15
BE22000766	11	0	응. 위로 고마워. 내가 사진에 있는 다른사람들의 풍성한 머리를 보며 괜히 불안해 했나봐. 이들은 나와 달리 20대인 걸 간과했네.	N	2022-06-13 07:44:49	2022-11-08 03:29:15
BE22000766	12	1	그래. 자기도 20대 때는 지금보다 훨씬 풍성했어. 나이 먹으면서 머리숱이 조금씩 없어지는 건 자연스러운 현상이야. 걱정 마.	N	2022-06-13 07:44:49	2022-11-08 03:29:15
BE22000766	13	0	그렇지. 나도 당신도 20대 때 비해서는 머리숱이 많이 적어지긴 했어. 하하하하.	N	2022-06-13 07:44:49	2022-11-08 03:29:15
BE22000766	14	1	어휴. 그래. 그러니까 쓸데없는 고민은 그만해요. 부모가 대머리라고 해서 자식까지 다 백퍼센트 대머리라는 보장이 어디 있어?	N	2022-06-13 07:44:49	2022-11-08 03:29:15
BE22000766	15	0	맞아. 그것도 맞는 말이다. 이제 대머리와 탈모는 신경 안 쓰고 남아 있는 머리카락들이나 소중하게 여기고 신경 써야겠어!	N	2022-06-13 07:44:49	2022-11-08 03:29:15
BE22000766	16	1	응. 잘 생각했네. 나 이제 저녁 준비 해야 하니까 이따 퇴근하고 봐.	Y	2022-06-13 07:44:49	2022-11-08 03:29:15
