id	utterance_id	utterance_type	utterance_text	terminate	regDate	updDate
BE22004649	1	0	여보 아랫집 강아지가 지금 한 시간 넘게 쉬지도 않고 계속 짖고 있어요.	N	2022-06-28 09:30:13	2022-11-08 03:54:19
BE22004649	2	1	아이고 그 당신이 만날 때마다 예뻐하는 그 강아지가 무슨 일일까? 당신 걱정되겠네.	N	2022-06-28 09:30:13	2022-11-08 03:54:19
BE22004649	3	0	네 아무래도 집에 아무도 없는 거 같아요. 그래도 어떻게 저렇게 쉬지 않고 짖을까요?	N	2022-06-28 09:30:13	2022-11-08 03:54:19
BE22004649	4	1	그러게. 집에 사람 없는 경우도 많이 있을 텐데 그럴 때마다 그렇게 계속 짖지는 않았잖아.	N	2022-06-28 09:30:13	2022-11-08 03:54:19
BE22004649	5	0	혹시 강아지한테 무슨 일이 생긴 건 아니겠죠? 어디 아픈 게 아닌가 싶어서 괜히 걱정돼요.	N	2022-06-28 09:30:13	2022-11-08 03:54:19
BE22004649	6	1	강아지가 아프면 그렇게 오랫동안 짖을 힘도 없을 거야. 아마 오늘 가족들이 유난히 늦게 들어와서 불안한 거 아닐까?	N	2022-06-28 09:30:13	2022-11-08 03:54:19
BE22004649	7	0	저렇게 쉬지 않고 짖어대면 안 아픈 강아지도 아프겠어요. 내가 들어가서 간식이라도 챙겨주고 싶은 마음이 굴뚝이네요.	N	2022-06-28 09:30:13	2022-11-08 03:54:19
BE22004649	8	1	이웃집 주민과도 같은 강아지가 그렇게 쉬지 않고 짖고 있으니, 당신 맘이 많이 불안하고 걱정되겠네.	N	2022-06-28 09:30:13	2022-11-08 03:54:19
BE22004649	9	0	지나갈 때마다 제 얼굴 알아보고 얼마나 반갑게 꼬리 치는데요. 그럴 때마다 귀여워서 죽겠어요.	N	2022-06-28 09:30:13	2022-11-08 03:54:19
BE22004649	10	1	당신 목소리 기억할 테니 바깥 현관문에서라도 이름 부르면서 달래주면 나오고 싶어서 더 짖으려나?	N	2022-06-28 09:30:13	2022-11-08 03:54:19
BE22004649	11	0	얼굴도 안 보고 닫힌 상태에서 말 걸었다가 나오고 싶어서 더 크게 짖을 수도 있잖아요.	N	2022-06-28 09:30:13	2022-11-08 03:54:19
BE22004649	12	1	당신 말이 맞는 것 같아. 우리가 가족도 아닌데 그건 너무 선을 넘은 행동일 수도 있을 것 같아. 당신 걱정되겠지만 주인 올 때까지 좀만 기다려보자.	N	2022-06-28 09:30:13	2022-11-08 03:54:19
BE22004649	13	0	주인이 빨리 돌아오면 좋을 텐데 저렇게 계속 짖고 있는 걸 들으니 제가 더 걱정스러워져요.	N	2022-06-28 09:30:13	2022-11-08 03:54:19
BE22004649	14	1	이웃에 오래 살면서도 연락처를 모르니, 일단 경비실에 얘기해서 집주인에게 연락해달라고 부탁하는 게 어떨까?	N	2022-06-28 09:30:13	2022-11-08 03:54:19
BE22004649	15	0	그거 좋은 생각이네요. 집주인이 알고 저처럼 걱정돼서 빨리 들어오길 바라야겠어요.	N	2022-06-28 09:30:13	2022-11-08 03:54:19
BE22004649	16	1	그래 나도 빨리 집주인이 들어와서 강아지도 당신도 마음의 안정을 찾았으면 좋겠다.	Y	2022-06-28 09:30:13	2022-11-08 03:54:19
