id	utterance_id	utterance_type	utterance_text	terminate	regDate	updDate
BE22018073	1	0	어제 아버지께 이만 그만 쉬시라고 말씀드렸는데 대답을 하지 않으셨어. 계속 일을 하실까봐 불안해.	N	2022-09-14 01:16:23	2022-09-14 01:16:23
BE22018073	2	1	저런, 그런 일이 있었군요. 당신이 많이 걱정스럽겠어요.	N	2022-09-14 01:16:23	2022-11-08 05:19:13
BE22018073	3	0	응. 당신도 알다시피 저번 달에 아버지께서 일하시다가 갑자기 쓰러지셨잖아. 이제야 겨우 회복되셨는데 바로 일을 하려 하시니까 너무 걱정스럽고 불안해.	N	2022-09-14 01:16:23	2022-09-14 01:16:23
BE22018073	4	1	왜 안 그러겠어요. 당연히 그런 감정이 들 수밖에 없죠. 저였어도 한숨도 못 잘 정도로 걱정스러울 거예요.	N	2022-09-14 01:16:23	2022-11-08 05:19:13
BE22018073	5	0	그래서 충분히 연세도 있으시니까 쉬시라고 한 건데, 아버지께서는 그럴 생각이 없으신가봐. 이제 자식들도 자리 잡았으니 편하게 계셔도 될 텐데 무슨 고집이신지 모르겠어. 너무 답답해.	N	2022-09-14 01:16:23	2022-09-14 01:16:23
BE22018073	6	1	듣는 저도 답답함에 한숨이 절로 나오는데 당신은 오죽하겠어요. 당신은 아버님께서 무리하게 일하시다가 또 쓰러지실까봐 걱정이신 거죠?	N	2022-09-14 01:16:23	2022-11-08 05:19:13
BE22018073	7	0	응, 맞아. 연세가 있다 보니까 회복 속도도 더딘데 또 건강이 안 좋아지실까봐 걱정이야. 솔직히 그 일 한다고 돈을 많이 버시는 것도 아니잖아. 근데 왜 그렇게 일을 하시려고 하는지 모르겠어.	N	2022-09-14 01:16:23	2022-11-08 05:19:13
BE22018073	8	1	당신 맘 충분히 이해 가요. 제가 당신이었어도 초조하고 두려웠을 거예요. 하지만 아버님 입장에서 생각해보면 그 일을 너무 사랑하시기 때문에 포기하지 못하는 거 아닐까요?	N	2022-09-14 01:16:23	2022-11-08 05:19:13
BE22018073	9	0	그렇다 하더라도 아버지는 충분히 할 만큼 하셨고, 이제는 쉬어도 된다고 생각해. 난 그냥 아버지께서 편안하게 노후를 보내셨으면 좋겠어.	N	2022-09-14 01:16:23	2022-09-14 01:16:23
BE22018073	10	1	당신은 누구보다 부모님을 끔찍하게 생각하는 효자이니까 그 마음 충분히 이해 가요. 하지만 아버님께서 건강도 회복하셨고, 당신이 알고 있듯이 그렇게 약하신 분도 아니시잖아요. 오히려 일을 하시면서 활력을 되찾고 더 건강해지실 테니 너무 불안해하지 마세요.	N	2022-09-14 01:16:23	2022-11-08 05:19:13
BE22018073	11	0	그렇게 말해주니 마음이 많이 편해져. 평소 아버지 성격도 가만히 있으시는 것보다 여기저기 활동하시는 걸 좋아하시니까 말이야.	N	2022-09-14 01:16:23	2022-11-08 05:19:13
BE22018073	12	1	그러니까 너무 섣불리 걱정하지 않아도 될 것 같아요. 오히려 억지로 일을 못 하게 막으면 아버님께서 속상하고 우울해하실지도 모르잖아요.	N	2022-09-14 01:16:23	2022-11-08 05:19:13
BE22018073	13	0	듣고보니 그럴 수도 있겠네. 집에만 있으시면 오히려 적적해하시고 더 부정적인 결과가 나타날 수도 있으니 말이야.	N	2022-09-14 01:16:23	2022-09-14 01:16:23
BE22018073	14	1	물론 아버님을 걱정하는 당신 마음 누구보다도 잘 알아요. 하지만 아버님도 분명 컨디션 잘 조절하시면서 일을 하실 거예요. 그러니 우리가 아버님의 열정을 지지해주는 건 어때요?	N	2022-09-14 01:16:23	2022-11-08 05:19:13
BE22018073	15	0	당신 말이 맞는 것 같아. 내가 너무 섣불리 걱정을 한 것 같네. 아버지께 다시 연락드려서 건강에 해치지 않는 선에서 일하시라고 말씀드려야겠어.	N	2022-09-14 01:16:23	2022-09-14 01:16:23
BE22018073	16	1	정말 좋은 생각이에요! 분명 아버님께서도 그 말을 듣고 당신께 정말 고마워하실 거예요. 난 늘 부모님을 깊이 생각하고 존중해주는 당신이 정말 자랑스러워요.	N	2022-09-14 01:16:23	2022-11-08 05:19:13
BE22018073	17	0	나도 당신 덕분에 마음이 한결 편해졌어. 정말 고마워, 여보.	Y	2022-09-14 01:16:23	2022-11-08 05:19:13
