id	utterance_id	utterance_type	utterance_text	terminate	regDate	updDate
BE22004882	1	0	자기야, 나 스트레스받아.	N	2022-06-28 16:28:53	2022-11-08 03:55:48
BE22004882	2	1	무슨 일 있어? 누가 그랬어.	N	2022-06-28 16:28:53	2022-11-08 03:55:48
BE22004882	3	0	이제 곧 말일이라 월초에 부모님 용돈 드리는 날이잖아. 그런데 이번에 여름 휴가도 예약하고 그러느라 자금이 부족하네. 다음 달에 용돈을 어떻게 드려야 할지 생각하느라 머리가 깨질 것 같아.	N	2022-06-28 16:28:53	2022-11-08 03:55:48
BE22004882	4	1	아, 돈 계산 때문에 머리가 아프구나. 자금이 부족하면 심적으로 압박감이 심해져서 너무 힘들잖아. 나도 자기의 그 마음 잘 알아.	N	2022-06-28 16:28:53	2022-11-08 03:55:48
BE22004882	5	0	응, 부모님한테 매달 드리던 용돈 못 드리겠다고 하면 걱정하실 것 아니야. 큰일도 아니고 휴가 때문에 무리해서 그렇다고 어떻게 말씀드려. 하, 진짜 어떻게 해야 할지 모르겠네.	N	2022-06-28 16:28:53	2022-11-08 03:55:48
BE22004882	6	1	자기야, 너무 급하게 생각하지 말고 조금 천천히 여유를 가지고 생각해보자. 자기 지금 너무 힘들어 보여. 잠깐 물을 마시거나 산책을 하고 오는 건 어때?	N	2022-06-28 16:28:53	2022-11-08 03:55:48
BE22004882	7	0	당장 다음 주면 입금을 해드리는 날이라서 마음이 조급해졌나봐. 천천히 대책을 생각해볼게. 너무 스트레스받아서 이성적인 생각이 안 되네.	N	2022-06-28 16:28:53	2022-11-08 03:55:48
BE22004882	8	1	그러자. 그동안 자기가 성실하게 용돈을 부쳐드린 것만으로도 나는 훌륭하다고 생각해. 늘 좋은 딸이 되기 위해 노력했잖아.	N	2022-06-28 16:28:53	2022-11-08 03:55:48
BE22004882	9	0	맞아, 노력했지. 그래서 이번 일로 신뢰가 깨질까봐 걱정되고 불안해.	N	2022-06-28 16:28:53	2022-11-08 03:55:48
BE22004882	10	1	하지만 자기 부모님도 쉽게 자기에게 실망하실 분들은 아니지. 그러니 조금 너그럽게 생각하고 말씀드려보는 것도 좋을 것 같아.	N	2022-06-28 16:28:53	2022-11-08 03:55:48
BE22004882	11	0	그렇겠지? 내가 너무 극단적으로 생각하고 있는 건가?	N	2022-06-28 16:28:53	2022-11-08 03:55:48
BE22004882	12	1	조금 여유를 가지고 차근차근 생각해봐도 괜찮아. 자기는 늘 좋은 방안을 생각해냈으니까, 이번에도 잘 해결될 수 있을 거야.	N	2022-06-28 16:28:53	2022-11-08 03:55:48
BE22004882	13	0	응, 내가 너무 이 문제에 대해서 몰두하고 있었나봐. 나 혼자만 머리 싸매고 있을 게 아니라 부모님한테 말씀드리는 것도 좋을 것 같아.	N	2022-06-28 16:28:53	2022-11-08 03:55:48
BE22004882	14	1	그러자. 원활하게 해결되길 바랄게.	N	2022-06-28 16:28:53	2022-11-08 03:55:48
BE22004882	15	0	응, 얘기 들어줘서 고마워.	Y	2022-06-28 16:28:53	2022-11-08 03:55:48
