id	utterance_id	utterance_type	utterance_text	terminate	regDate	updDate
BE22000089	1	0	주말에 손님이 주고 간 주소를 잃어버렸나 봐. 놓고 간 장갑 부쳐 준다고 했거든.	N	2022-06-02 08:53:05	2022-11-08 03:24:48
BE22000089	2	1	어디에 뒀길래 그래?	N	2022-06-02 08:53:05	2022-11-08 03:24:48
BE22000089	3	0	포스트잇이 떨어졌는지 안 보여. 어디에 붙였는지도 기억이 안 나. 요즘 깜빡깜빡하네.	N	2022-06-02 08:53:05	2022-11-08 03:24:48
BE22000089	4	1	나도 그럴 때 많아. 잘 놓으면 더 못 찾을 때가 있잖아.	N	2022-06-02 08:53:05	2022-11-08 03:24:48
BE22000089	5	0	자주 그러다 보니 이런 내가 참 한심하게 느껴져.	N	2022-06-02 08:53:05	2022-11-08 03:24:48
BE22000089	6	1	나이 들면서 생기는 현상이야. 자연스러운 거니까 네가 한심하다고 너무 자책하지는 마. 어떻게 사람이 완벽하겠어?	N	2022-06-02 08:53:05	2022-11-08 03:24:48
BE22000089	7	0	이러다 치매가 오는 건 아니겠지? 그게 제일 겁나.	N	2022-06-02 08:53:05	2022-11-08 03:24:48
BE22000089	8	1	치매는 무슨! 네가 너무 바빠서 그런 걸거야. 자꾸 그렇게 극단적으로 생각하지 말자. 메모하는 습관을 들이면 건망증도 차차 좋아지지 않을까?	N	2022-06-02 08:53:05	2022-11-08 03:24:48
BE22000089	9	0	메모하는 습관이 아직 익숙하지가 않아. 노력해 볼게.	N	2022-06-02 08:53:05	2022-11-08 03:24:48
BE22000089	10	1	나도 말을 안 해서 그렇지 깜빡하는 일이 늘어서 당황스러운 경우가 많아, 누구나 흔히 겪는 일이니까 너무 마음 쓰지 마.	N	2022-06-02 08:53:05	2022-11-08 03:24:48
BE22000089	11	0	당신도 그래? 나만 그런 줄 알고 혼자 걱정했었어.	N	2022-06-02 08:53:05	2022-11-08 03:24:48
BE22000089	12	1	고민 있을 때 혼자 끙끙대지 말고 언제든지 얘기해.	N	2022-06-02 08:53:05	2022-11-08 03:24:48
BE22000089	13	0	그러네. 당신이 그렇게 얘기해 주니까 마음이 한결 가벼워진다.	N	2022-06-02 08:53:05	2022-11-08 03:24:48
BE22000089	14	1	곁에 든든한 동반자가 있다는 건 잊으면 안 돼. 파이팅!	N	2022-06-02 08:53:05	2022-11-08 03:24:48
BE22000089	15	0	고마워. 당신이 있어 너무 든든해.	Y	2022-06-02 08:53:05	2022-11-08 03:24:48
