id	utterance_id	utterance_type	utterance_text	terminate	regDate	updDate
BE22017527	1	0	이번에 또 삼촌이 당뇨로 돌아가셨다고 급하게 연락이 왔어. 이젠 아버지 형제 중에 아버지만 남으신 것 같아.	N	2022-09-08 06:24:35	2022-11-08 05:15:55
BE22017527	2	1	어쩌다 보니 정말 그렇게 됐네. 당신이 정말 걱정이 많겠어.	N	2022-09-08 06:24:35	2022-11-08 05:15:55
BE22017527	3	0	당뇨가 가족력인지 다들 단명하셨어. 아버지도 무슨 일이 생기시진 않을까 너무 불안해.	N	2022-09-08 06:24:35	2022-09-08 06:24:35
BE22017527	4	1	당신이 갑자기 죽음을 통보받으니 우리에게도 닥칠 일이라 생각돼서 마음이 싱숭생숭하겠어. 아버님이 돌아가신다고 생각하면 정말 하늘이 무너지는 기분이야. 우리에게 한없이 다정하신 분이잖아.	N	2022-09-08 06:24:35	2022-11-08 05:15:55
BE22017527	5	0	아버지 안 계신 세상은 감히 상상이 잘 안돼. 부모이시기도 하지만 때론 스승처럼 늘 앞길을 인도해 주셨는데.	N	2022-09-08 06:24:35	2022-09-08 06:24:35
BE22017527	6	1	일어나지 않은 일을 미리 걱정해 봐야 마음만 더 불안해질 것 같아. 지난번에 건강검진도 괜찮으셨고, 내가 더 자주 들여다보고 돌봐드릴게. 그러니 너무 극단의 상황으로 몰아가지 않는다면 불안도 사라질 거야.	N	2022-09-08 06:24:35	2022-11-08 05:15:55
BE22017527	7	0	하지만 아버지가 혼자 너무 적적하시지는 않을까 걱정되고 불안해.	N	2022-09-08 06:24:35	2022-09-08 06:24:35
BE22017527	8	1	당신이 아버님을 사랑하는 마음이 크다 보니 불안함이 잘 안 가시나 보다. 아버님이 우리에게 스승도 되고 친구도 되어주시는 것처럼 우리도 그렇게 하자. 그럼 아버님도 괜찮으실 거고 당신의 마음도 놓일 것 같아.	N	2022-09-08 06:24:35	2022-11-08 05:15:55
BE22017527	9	0	우리 와이프는 왜 이렇게 현명할까? 늘 나보다 앞서가는 것 같아. 불안한 마음이 내려앉고 위로가 되네.	N	2022-09-08 06:24:35	2022-11-08 05:15:55
BE22017527	10	1	당신이 아버님 생각하는 것만큼 나도 아버님을 굉장히 많이 생각하고 있어. 불상사가 일어나지 않게끔 최대한 면밀히 들여 나 볼 테니 너무 걱정하지 마. 그리고 나로 인해 당신이 안정을 찾았다는 사실만으로도 나는 기뻐!	N	2022-09-08 06:24:35	2022-11-08 05:15:55
BE22017527	11	0	아버지도 당신의 현명함에 늘 감탄하시는 거 알지?	N	2022-09-08 06:24:35	2022-09-08 06:24:35
BE22017527	12	1	당연하지, 늘 좋게 봐주셔서 감사할 따름이야. 아버님 살아 계신 동안에 우리 효도 제대로 하자.	N	2022-09-08 06:24:35	2022-11-08 05:15:55
BE22017527	13	0	그래, 일 마치고 바로 삼촌 장례식장으로 바로 갈게. 당신은 먼저 가 있어.	N	2022-09-08 06:24:35	2022-09-08 06:24:35
BE22017527	14	1	응, 알겠어. 있다가 장례식장 운전 조심해서 와요.	Y	2022-09-08 06:24:35	2022-09-08 06:24:35
