id	utterance_id	utterance_type	utterance_text	terminate	regDate	updDate
BE22009209	1	0	나 오늘 어떤 편지를 받았어.	N	2022-07-15 08:44:26	2022-11-08 04:23:38
BE22009209	2	1	무슨 편지였는데 그래?	N	2022-07-15 08:44:26	2022-11-08 04:23:38
BE22009209	3	0	날 오랫동안 봐 온 사람인데, 내가 너무 좋대. 근데 문제는 누가 보낸 건지 모르겠어.	N	2022-07-15 08:44:26	2022-11-08 04:23:38
BE22009209	4	1	뭐라고? 너 너무 놀랐겠다. 조금 자세하게 말해줄 수 있어?	N	2022-07-15 08:44:26	2022-11-08 04:23:38
BE22009209	5	0	오늘 점심시간에 밥 먹고 사무실 내 자리에 앉았는데, 편지가 있었어. 그래서 처음에는 그냥 우편물인가 했는데 펴 보니까 아니더라고. 나 무슨 스토킹 당하는 걸까?	N	2022-07-15 08:44:26	2022-11-08 04:23:38
BE22009209	6	1	내가 다 불안한데, 누군지는 안 적혀 있다고 했지? 혹시 CCTV 확인해봤어?	N	2022-07-15 08:44:26	2022-11-08 04:23:38
BE22009209	7	0	아니, 아직 아무한테도 말 안 했어. 내가 알게 되면 해코지할까 봐 너무 무서워.	N	2022-07-15 08:44:26	2022-11-08 04:23:38
BE22009209	8	1	익명으로 자기한테 편지를 보낸 거면 앞으로 나설 자신은 없었다는 걸 거야. 너무 걱정하지 말고 주변에 도와 줄 수 있는 직장 동료 생각해보자. 경찰에 신고하고 싶으면 내가 도와줄 거니까 마음 편하게 먹어.	N	2022-07-15 08:44:26	2022-11-08 04:23:38
BE22009209	9	0	응, 나 지금 도와줄 수 있는 분이 우리 팀장님밖에 안 떠올라. 가서 이거 얘기하고 CCTV 좀 보고 오겠다고 할게.	N	2022-07-15 08:44:26	2022-11-08 04:23:38
BE22009209	10	1	응, 차분하게 마음먹으면 두려운 마음도 조금 사라질 거야. 누군지는 모르겠지만 내가 다 화가 나네.	N	2022-07-15 08:44:26	2022-11-08 04:23:38
BE22009209	11	0	그러니까. 근데 혹시나 집 가는 길에 나쁜 마음을 먹고 날 쫓아오면 어떡하지? 왜 나한테 이러는 걸까, 너무 무서워.	N	2022-07-15 08:44:26	2022-11-08 04:23:38
BE22009209	12	1	나라도 누가 날 몰래 보고 있다가 익명으로 편지를 보내면 엄청 불안할 거야. 내가 퇴근하고 데리러 갈 테니까 너무 걱정하지 마.	N	2022-07-15 08:44:26	2022-11-08 04:23:38
BE22009209	13	0	알겠어. 누군지는 모르겠지만 잡히면 가만두지 않을 거야. 음침하게 이게 뭐야? 사람을 이렇게 놀라게 만드는 게 좋아하는 사람한테 할 짓인가?	N	2022-07-15 08:44:26	2022-11-08 04:23:38
BE22009209	14	1	내 말이 그 말이야. 그건 정말 잘못된 일이잖아. 역시 이성적인 내 와이프답게 빨리 진정됐네.	N	2022-07-15 08:44:26	2022-11-08 04:23:38
BE22009209	15	0	당연하지. 역시 믿고 도와줄 수 있는 사람은 자기밖에 없네. 덕분에 무서운 게 좀 나아졌어, 그냥 이제는 그 사람 잡을 생각만 난다. CCTV 보고 다시 연락할게!	Y	2022-07-15 08:44:26	2022-11-08 04:23:38
