id	utterance_id	utterance_type	utterance_text	terminate	regDate	updDate
BE22000367	1	0	이러다가 나중에는 더 아래 지역으로 가는 거 아니야?	N	2022-06-13 01:10:35	2022-11-08 03:26:37
BE22000367	2	1	여기서 더 아래로 갈 일은 없어. 걱정하지 마.	N	2022-06-13 01:10:35	2022-11-08 03:26:37
BE22000367	3	0	전셋값이 이렇게 껑충껑충 뛰어오르는 데 이걸 감당하는 사람들은 뭐지?	N	2022-06-13 01:10:35	2022-11-08 03:26:37
BE22000367	4	1	연봉이 특별히 좋은 사람들이거나 부모 덕분일 수도 있겠지.	N	2022-06-13 01:10:35	2022-11-08 03:26:37
BE22000367	5	0	이렇게 계속 오르면 우리 같은 보통 사람들은 어쩌란 거야?	N	2022-06-13 01:10:35	2022-11-08 03:26:37
BE22000367	6	1	다행히 우리는 맞벌이니까 금방 형편이 좋아질 거야.	N	2022-06-13 01:10:35	2022-11-08 03:26:37
BE22000367	7	0	애들 학교 가면 교육도 해야 하는데 걱정이네.	N	2022-06-13 01:10:35	2022-11-08 03:26:37
BE22000367	8	1	부동산도, 교육도 우리나라에서 가장 큰 이슈니까 정치든, 교육계든 다 애쓸 수밖에 없으니 나아지겠지.	N	2022-06-13 01:10:35	2022-11-08 03:26:37
BE22000367	9	0	서울까지 출퇴근할 일 생각하면 막막하네.	N	2022-06-13 01:10:35	2022-11-08 03:26:37
BE22000367	10	1	멀어져서 좀 힘들겠지만 몇 년만 고생하자.	N	2022-06-13 01:10:35	2022-11-08 03:26:37
BE22000367	11	0	언제 다시 서울로 이사 올 수 있을까?	N	2022-06-13 01:10:35	2022-11-08 03:26:37
BE22000367	12	1	차근차근 더 모으고, 만기 되는 적금도 있으니까 사오 년 뒤에는 가능하지 않을까?	N	2022-06-13 01:10:35	2022-11-08 03:26:37
BE22000367	13	0	애들이 초등학교 들어가기 전에 열심히 벌고 아껴야겠다.	N	2022-06-13 01:10:35	2022-11-08 03:26:37
BE22000367	14	1	그래도 외가랑 가까우니까 애들도 좋아하고 당신도 안심되잖아.	N	2022-06-13 01:10:35	2022-11-08 03:26:37
BE22000367	15	0	그건 그래. 우리도 부모님도 급한 일 생기면 서로 도울 수 있으니 그건 안심되는 것 같아.	Y	2022-06-13 01:10:35	2022-11-08 03:26:37
