id	utterance_id	utterance_type	utterance_text	terminate	regDate	updDate
BE22012641	1	0	요즘 들어 점점 더 허리가 아픈 거 같아. 배 속에 아이 키우면 칼슘이 다 빠져나간다더니 뼈관절이 다 약해졌나 봐. 지금 너무 힘들어.	N	2022-08-01 03:50:23	2022-11-08 04:45:30
BE22012641	2	1	아이 낳으면서도 힘들었는데, 출산하고 나서 몸까지 아프니 몹시 서럽겠네. 무엇보다도 내게 당신이 최우선이라는 거 알지? 다른 곳은 아픈 데 없어?	N	2022-08-01 03:50:23	2022-11-08 04:45:30
BE22012641	3	0	다행히도 다른 곳은 아픈 곳이 없어. 내 몸이 건강해야 아가도 잘 보살필 수 있을 텐데 왜 이렇게 몸이 약한지 모르겠어.	N	2022-08-01 03:50:23	2022-11-08 04:45:30
BE22012641	4	1	출산하고 호르몬의 변화가 생기면서 당신 감정이 너무 약해져 있을 수도 있어. 당신 이런 모습 보니 나도 마음이 아프다. 허리까지 아프니 마음도 많이 내려앉을 텐데, 종종 산책도 다니면서 걷기부터 시작하면 어떨까?	N	2022-08-01 03:50:23	2022-11-08 04:45:30
BE22012641	5	0	운동한다고 나아질지, 나한테 그런 시간이 있을지 모르겠어. 늘 집안일은 쌓여있는데 아가는 봐야 하고 어떻게 하면 좋을지 모르겠어.	N	2022-08-01 03:50:23	2022-11-08 04:45:30
BE22012641	6	1	너무 많은 것을 잘하려고 하면 당신이 제대로 쉴 시간이 없을 거야. 하루 동안 분주하게 움직이는 당신 모습이 눈에 선하네. 한가지라도 내려놓는 게 어때?	N	2022-08-01 03:50:23	2022-11-08 04:45:30
BE22012641	7	0	오로지 나만 생각하고 나 혼자 몸일 때가 그렇게 편한 건 줄 생각도 못 했어. 집안일 하는 것도 쉽게 생각했었는데, 뭐가 이리 손이 많이 가는지 말이야.	N	2022-08-01 03:50:23	2022-11-08 04:45:30
BE22012641	8	1	그 일들을 해내는 게 쉬운 게 아닌데 당신은 아픈데도 참 열심히 해주고 있잖아. 아가를 사랑하는 마음이 그만큼 크니까. 그 모습이 참 멋져.	N	2022-08-01 03:50:23	2022-11-08 04:45:30
BE22012641	9	0	해야 할 것은 많고 허리가 자꾸 아프니까 서글퍼져. 뭔가 자꾸 일이 틀어지는 거 같고 내 일을 제대로 못 하는 거 같고. 아가한테도 미안하고.	N	2022-08-01 03:50:23	2022-11-08 04:45:30
BE22012641	10	1	당신이 행복해야 아이도 나도 함께 행복할 수 있어. 처음이라 모든 것이 서툴어도 당신 존재만으로 아가는 가장 안정을 느끼는 시간을 보내고 있을 거야. 나 또한 당신이 내 곁에 있어서 고맙고.	N	2022-08-01 03:50:23	2022-11-08 04:45:30
BE22012641	11	0	오늘따라 통증이 심해서 걱정되고 염려됐었는데, 당신이 이렇게까지 얘기해주니까 기분이 좀 나아지는 거 같아. 내가 꼭 필요한 사람이라고 느껴져.	N	2022-08-01 03:50:23	2022-11-08 04:45:30
BE22012641	12	1	아픈 거는 언제든 병원 가서 진찰하면 되겠지만 당신 지친 마음은 누가 달래주겠어. 당신을 가장 사랑하는 내가 해야지. 당신이 지금 어떤 상황에서 어떤 감정을 느끼는지 내가 제일 먼저 이해해줘야지.	N	2022-08-01 03:50:23	2022-11-08 04:45:30
BE22012641	13	0	상황을 너무 부정적으로 이끌어가지 않아 볼게. 몸이 힘드니까 심적으로도 많이 위축이 됐었나 봐. 무지 고마워, 자기야.	N	2022-08-01 03:50:23	2022-11-08 04:45:30
BE22012641	14	1	이렇게라도 당신이 다시 힘을 내준다니 내가 더욱더 고마워. 당신 지금 굉장히 노력하고 잘하고 있다는 거 누구보다 내가 더 잘 알고 있으니까 힘내자.	N	2022-08-01 03:50:23	2022-11-08 04:45:30
BE22012641	15	0	응, 그럴게. 당신과 아가를 위해서라도 좀더 힘내볼게.	Y	2022-08-01 03:50:23	2022-11-08 04:45:30
