id	utterance_id	utterance_type	utterance_text	terminate	regDate	updDate
BE22004047	1	0	오늘 부모님이랑 유명 한정식 집에 다녀왔어. 유명한 곳이라고 해서 기대를 정말 많이 했는데, 기대 이하였어.	N	2022-06-27 05:31:44	2022-11-08 03:50:27
BE22004047	2	1	저번에 너랑 내가 인터넷 검색을 통해서 알아봤던 곳 말하는 거니?	N	2022-06-27 05:31:44	2022-11-08 03:50:27
BE22004047	3	0	맞아. 음식은 먹을 만했는데, 분위기나 서비스가 비용에 걸맞지 않더라. 서비스가 안 좋아서 굉장히 불쾌했어.	N	2022-06-27 05:31:44	2022-11-08 03:50:27
BE22004047	4	1	무슨 일이야? 블로그에서 봤을 땐 분명 후기가 좋았는데. 어떻게 서비스를 했기에 그래?	N	2022-06-27 05:31:44	2022-11-08 03:50:27
BE22004047	5	0	음식을 서빙해 주는 사람의 실수로 옷에 음식이 묻었어. 우리 엄마의 새 옷이었는데 말이야. 그런데 이후에 사과도 없이 가더라고.	N	2022-06-27 05:31:44	2022-11-08 03:50:27
BE22004047	6	1	음식에 이물질이 묻었는데 사과도 없이 그냥 갔단 말이야? 네가 미흡한 서비스에 화가 날 만하겠는데? 나 같아도 어머니의 옷에 이물질이 묻었는데 사과 한번 받지 못하면 소비자로서 너무 화가 날 것 같아.	N	2022-06-27 05:31:44	2022-11-08 03:50:27
BE22004047	7	0	화장지만 주고 가더라고. 이럴 땐 제대로 사과를 해야 하는 게 예의 아니야?	N	2022-06-27 05:31:44	2022-11-08 03:50:27
BE22004047	8	1	내 생각에도 그래. 본인의 실수로 일이 벌어졌으면 사과를 해야지. 네가 정말 황당했겠는데.	N	2022-06-27 05:31:44	2022-11-08 03:50:27
BE22004047	9	0	부모님을 모시고 어렵게 간 식당인데, 대처가 미흡해서 너무 기분이 안 좋았어. 나까지 눈치가 보이더라구.	N	2022-06-27 05:31:44	2022-11-08 03:50:27
BE22004047	10	1	기분 좋게 식사를 했어야 하는데 직원의 잘못된 대처로 네가 화가 많이 났겠다. 부모님을 모시고 갔는데 그런 일이 발생해서 너무 안타깝네.	N	2022-06-27 05:31:44	2022-11-08 03:50:28
BE22004047	11	0	다음부턴 그곳에 가지 않을 예정이야. 음식이 먹을 만해서 다행이지 맛도 없었다면 정말 최악의 상황이 생길 뻔했어.	N	2022-06-27 05:31:44	2022-11-08 03:50:28
BE22004047	12	1	미흡한 서비스 때문에 기분이 상했을 텐데 음식까지 맛이 없어 눈치가 많이 보였겠네. 부모님에게 좋은 음식을 대접하고자 했던 네 마음이 이해돼. 그래서 더욱 안타깝다.	N	2022-06-27 05:31:44	2022-11-08 03:50:28
BE22004047	13	0	그러게 말이야. 포털 사이트 후기를 남기는 게 나을까? 남겨야 내 마음이 후련해질 것 같은데 고민돼.	N	2022-06-27 05:31:44	2022-11-08 03:50:28
BE22004047	14	1	후기는 소비자로서 행사할 수 있는 정당한 권리잖아. 네가 불편했던 그 당시 상황을 자세하게 적어봐. 그러면 너도 마음이 좀 나아질 거야.	N	2022-06-27 05:31:44	2022-11-08 03:50:28
BE22004047	15	0	그렇게 말해줘서 고마워. 네 덕에 기분이 좀 낫다.	Y	2022-06-27 05:31:44	2022-11-08 03:50:28
