id	utterance_id	utterance_type	utterance_text	terminate	regDate	updDate
BE22003758	1	0	요즘 극심한 수면 장애에 시달려. 잠을 제대로 못 자서인지 피로가 너무 쌓였어.	N	2022-06-26 05:04:42	2022-11-08 03:48:37
BE22003758	2	1	어쩌다가 그렇게 된 거야? 무슨 일이라도 있는 거니?	N	2022-06-26 05:04:42	2022-11-08 03:48:38
BE22003758	3	0	내 남편이 코 고는 소리가 요즘 부쩍 심해졌어. 그전에도 코를 골았지만 지금처럼 크게 골진 않았거든. 그 소리에 정말 버틸 수가 없어.	N	2022-06-26 05:04:42	2022-11-08 03:48:38
BE22003758	4	1	나도 코골이를 하는 사람과 숙소를 같이 쓴 기억이 있어서 너가 얼마나 힘들지 공감이 돼. 코골이를 하면 제대로 잠을 잘 수가 없잖아. 너가 정말 만성피로를 겪을 수밖에 없겠구나.	N	2022-06-26 05:04:42	2022-11-08 03:48:38
BE22003758	5	0	남편은 코골이를 고치려는 어떠한 노력도 하지 않아서 더 화가 나.	N	2022-06-26 05:04:42	2022-11-08 03:48:38
BE22003758	6	1	코골이 소리 때문에 너가 그렇게 고통을 받는데 정작 본인은 어떠한 노력도 하지 않는다니. 스트레스받는 너 입장에서는 남편이 굉장히 이기적으로 느껴지겠는데. 너 정말 힘들겠다.	N	2022-06-26 05:04:42	2022-11-08 03:48:38
BE22003758	7	0	잠을 못 잔 지 지금 며칠째인지 모르겠어. 어떻게 해야 될지 모르겠다 정말. 심지어 남편이 항상 잠에 먼저 들어서 고통은 나만 다 받고 있어.	N	2022-06-26 05:04:42	2022-11-08 03:48:38
BE22003758	8	1	너가 먼저 자고 남편이 나중에 자면 그나마 나을 텐데. 남편이 항상 먼저 잠든다니 소음 속에서 자야 하는 너의 처지가 너무 공감돼. 정말 예민해지고 스트레스 투성이일 것 같아.	N	2022-06-26 05:04:42	2022-11-08 03:48:38
BE22003758	9	0	소리를 참을 수 없어서 요즘엔 거실에 있는 소파에서 자고 있어. 언제까지 이렇게 해야 될지 모르겠어.	N	2022-06-26 05:04:42	2022-11-08 03:48:38
BE22003758	10	1	침대를 두고 쇼파에서 잔다니 너가 정말 극심한 고통에 시달리겠구나. 혹시 이어플러그를 써봤니?	N	2022-06-26 05:04:42	2022-11-08 03:48:38
BE22003758	11	0	이어플러그가 뭔지 알려줄 수 있니?	N	2022-06-26 05:04:42	2022-11-08 03:48:38
BE22003758	12	1	이어플러그는 말랑말랑한 귀마개야. 스펀지로 되어있어서 잘 때 끼우고 자면 소음을 조금 줄여주는 역할을 해. 내가 이어플러그 효과를 많이 봤거든.	N	2022-06-26 05:04:42	2022-11-08 03:48:38
BE22003758	13	0	난 그런 게 있는 줄도 몰랐어. 정말 좋은 해결책이네. 내가 왜 진작 이 생각을 하지 못했지?	N	2022-06-26 05:04:42	2022-11-08 03:48:38
BE22003758	14	1	이어플러그를 끼고 자면 그나마 고통에서 조금 해방될 수 있어. 괴로운 너에게 한 줄기 빛이 되어 줄 수 있을 거라고 생각해.	N	2022-06-26 05:04:42	2022-11-08 03:48:38
BE22003758	15	0	너가 내 고통을 나누어 가져주고 좋은 조언까지 해주니 너무 고맙네.	N	2022-06-26 05:04:42	2022-11-08 03:48:38
BE22003758	16	1	너가 조금이라도 고통에서 벗어났으면 하는 바람이야.	N	2022-06-26 05:04:42	2022-11-08 03:48:38
BE22003758	17	0	털어놓을 곳이 없었는데 말하는 것만으로도 숨이 좀 트이는걸. 게다가 좋은 해결책까지 너무 고마워.	Y	2022-06-26 05:04:42	2022-11-08 03:48:38
