id	utterance_id	utterance_type	utterance_text	terminate	regDate	updDate
BE22004093	1	0	넌 진짜 동생 없는 게 복이라고 생각해야 돼.	N	2022-06-27 07:05:12	2022-11-08 03:50:45
BE22004093	2	1	그게 갑자기 무슨 말이야?	N	2022-06-27 07:05:12	2022-11-08 03:50:45
BE22004093	3	0	오늘도 난 내 동생 때문에 완전 울화통이 터졌어. 내가 게임에 얼마나 진심인지 너도 알지?	N	2022-06-27 07:05:12	2022-11-08 03:50:45
BE22004093	4	1	게임하다가 동생이랑 무슨 일 있었던 거야?	N	2022-06-27 07:05:12	2022-11-08 03:50:45
BE22004093	5	0	게임하다가 동생이 컴퓨터를 꺼버린다는 상황 생각만 해도 열받을 것 같지 않니? 진짜 오늘 세상에 있는 모든 분노를 다 끌어다가 쏟아버리고 싶은 마음이었다.	N	2022-06-27 07:05:12	2022-11-08 03:50:45
BE22004093	6	1	너 그거 레벨 거의 최고치라 조금만 더 하면 완성이라고 하지 않았었나? 근데 결정적인 순간에 사고 친 거야?	N	2022-06-27 07:05:12	2022-11-08 03:50:45
BE22004093	7	0	맞아, 그게 최종 보스가 나타나서 이기면 완전 대박 아이템 얻는 거였거든. 근데 동생이 컴퓨터를 갑자기 꺼버렸네? 나 너무 분노해서 나도 모르게 고함질렀잖아.	N	2022-06-27 07:05:12	2022-11-08 03:50:45
BE22004093	8	1	나라도 그건 절대 못 참았을 거 같아. 와, 상상만 해도 극도로 대로다 정말. 네 말 듣다가 나도 지금 과몰입해서 순간 혈압올라서 얼굴이 빨개졌잖아. 다른 건 몰라도 게임할 때 이러는 건 정말 반칙이지!	N	2022-06-27 07:05:12	2022-11-08 03:50:45
BE22004093	9	0	그치? 이제 내가 왜 동생 없는 걸 하늘이 주신 복으로 여기라는지 이해되지? 너라도 같이 맞장구쳐 주니까 속이 다 시원하다. 방금 전까지 동생만 생각하면 노여움으로 부들부들거렸거든.	N	2022-06-27 07:05:12	2022-11-08 03:50:45
BE22004093	10	1	동생이랑 안 싸운 게 어디야. 나라면 너무 노려워서 바로 복수하고 싶었을 거 같은데? 네가 게임에 얼마나 진심인 줄 알면서 그걸 망칠 수가 있니, 너무 열받는다.	N	2022-06-27 07:05:12	2022-11-08 03:50:45
BE22004093	11	0	너도 이렇게 내 맘을 잘 알아주는데, 내 동생은 왜 모를까? 진짜 다시 이야기하니까 아까 열받았던 감정 올라오네. 너무 화나고 노여워서 얼굴이 다 빨개졌다니까?	N	2022-06-27 07:05:12	2022-11-08 03:50:45
BE22004093	12	1	충분히 그럴 만하지. 너무 이해된다. 그래서 게임은 어떻게 됐는데?	N	2022-06-27 07:05:12	2022-11-08 03:50:45
BE22004093	13	0	다행히 동생이 난리 치기 전에 저장해놔서 그 직전으로 돌아가서 하면 돼. 천만다행이지 진짜. 갑자기 뭔가 쎄한 느낌이 들더라니까?	N	2022-06-27 07:05:12	2022-11-08 03:50:45
BE22004093	14	1	와 대단하다. 어떻게 그런 선경지명을 발휘했어? 그나마 직전에서 시작할 수 있겠는데?	N	2022-06-27 07:05:12	2022-11-08 03:50:45
BE22004093	15	0	그러니까 말야, 너랑 이야기하다 보니 마음이 좀 진정되는 것 같아. 다시 게임 시도해보고 성공하면 연락 줄게!	Y	2022-06-27 07:05:12	2022-11-08 03:50:45
