id	utterance_id	utterance_type	utterance_text	terminate	regDate	updDate
BE22003083	1	0	우리 저번에 갔던 레스토랑 기억해? 스테이크가 맛있는 곳 말이야.	N	2022-06-23 14:25:06	2022-11-08 03:44:18
BE22003083	2	1	그럼, 기억하지! 얼마나 맛있었는지 아직 메뉴 이름까지 기억하는걸.	N	2022-06-23 14:25:06	2022-11-08 03:44:18
BE22003083	3	0	나도 그래. 그래서 오늘 다른 친구들과의 모임에서 이곳에 다시 방문했거든? 근데 황당한 일을 겪었지 뭐야.	N	2022-06-23 14:25:06	2022-11-08 03:44:18
BE22003083	4	1	무슨 일이길래 그래? 맛이 변하기라도 했니?	N	2022-06-23 14:25:06	2022-11-08 03:44:18
BE22003083	5	0	그건 아냐. 음식은 변함없이 맛있었는데 계산할 때 저번에 먹었던 비용보다 훨씬 많이 나와서 깜짝 놀랐어.	N	2022-06-23 14:25:06	2022-11-08 03:44:18
BE22003083	6	1	정말? 우리가 일주일 전쯤에 그곳을 방문했으니까, 가격이 오른 건 아니었을 텐데.	N	2022-06-23 14:25:06	2022-11-08 03:44:19
BE22003083	7	0	응. 그래서 계산서를 달라고 요청했는데, 알고 보니 다른 테이블과 계산서가 뒤바뀌어 있었던 거지 뭐야. 하마터면 비용을 잘못 지불할 뻔했는데 식당 측에서는 변명만 늘어놓아서 기가 차더라고.	N	2022-06-23 14:25:06	2022-11-08 03:44:19
BE22003083	8	1	정말? 그건 명백한 식당 측 잘못인걸. 간단하게 사과만 하고 넘어가도 괜찮은 일인데, 변명만 하는 모습을 보면 괘씸하지.	N	2022-06-23 14:25:06	2022-11-08 03:44:19
BE22003083	9	0	그러니까 말이야. 내가 계산서를 확인해서 망정이지, 그대로 비용을 더 많이 결제해버릴 뻔했잖아.	N	2022-06-23 14:25:06	2022-11-08 03:44:19
BE22003083	10	1	그러게. 네가 꼼꼼하게 확인해서 다행이다. 나였으면 아무것도 모르고 그대로 카드를 긁어버렸을지도 몰라.	N	2022-06-23 14:25:06	2022-11-08 03:44:19
BE22003083	11	0	물론 식당 측이 실수할 수도 있는 건 이해하지만, 내가 불만스러운 건 그다음 태도야. 사과도 없이 어물쩍 넘어가려는 건 매너가 아니잖아. 내가 예민한 거야?	N	2022-06-23 14:25:06	2022-11-08 03:44:19
BE22003083	12	1	그럴 리가 없지. 사소한 실수라도 정중하게 대응하고 사과하는 태도는 무엇보다 중요한 매너인걸. 네가 전혀 과민 반응을 하는 게 아니야.	N	2022-06-23 14:25:06	2022-11-08 03:44:19
BE22003083	13	0	그렇지? 그것 때문에 오늘 집에 돌아와서 하루 내내 기분이 나빴어.	N	2022-06-23 14:25:06	2022-11-08 03:44:19
BE22003083	14	1	저런, 물론 화가 날 만하지. 그래도 네가 똑 부러지게 확인한 덕에 아무 이상 없이 일이 해결된 거잖아? 너무 마음에 두지 말고 기분 풀어.	N	2022-06-23 14:25:06	2022-11-08 03:44:19
BE22003083	15	0	그건 맞아. 이런 일로 괜히 나만 저기압으로 있을 필요 없지. 빨리 잊고 기분전환이나 해야겠다.	Y	2022-06-23 14:25:06	2022-11-08 03:44:19
