id	utterance_id	utterance_type	utterance_text	terminate	regDate	updDate
BE22003529	1	0	오늘 친구들하고 외식을 하고 놀고 왔어.	N	2022-06-25 03:01:10	2022-11-08 03:47:07
BE22003529	2	1	잘했어.무엇을 먹고 왔어? 맛있는 것 먹었니?	N	2022-06-25 03:01:10	2022-11-08 03:47:07
BE22003529	3	0	아쉽게도 나는 외식장소에서 남들과 다른 메뉴를 먹었어. 햄버거집에 갔는데, 난 요즘 다이어트를 해서 햄버거를 못 먹거든. 너무 먹고 싶었는데 못 먹어서 짜증났어.	N	2022-06-25 03:01:10	2022-11-08 03:47:07
BE22003529	4	1	너가 햄버거를 그토록 좋아하는데 다른 음식을 선택하다니. 그래서 어떤 음식을 선택했니?	N	2022-06-25 03:01:10	2022-11-08 03:47:08
BE22003529	5	0	나는 콘샐러드를 먹었어. 친구들이 햄버거를 먹는 것을 보는데 정말 너무 맛있어 보이더라. 참기가 힘들었어.	N	2022-06-25 03:01:10	2022-11-08 03:47:08
BE22003529	6	1	너가 햄버거를 얼마나 좋아하는지 알아서 더 내가 안타깝네. 내가 좋아하는 음식을 먹는 모습을 보는 건 정말 참기 힘들 것 같아. 너가 고생했구나.	N	2022-06-25 03:01:10	2022-11-08 03:47:08
BE22003529	7	0	목표 몸무게까지 감량하기 전에는 절대 햄버거를 먹지 않을 생각이야. 하여튼 내가 다이어트를 하는 중이라 햄버거를 못 먹으니 조금 짜증났어. 친구들이 내 앞에서 햄버거를 흔들면서 놀렸거든.	N	2022-06-25 03:01:10	2022-11-08 03:47:08
BE22003529	8	1	너가 참고 있는데 그런 너를 위로해주지는 못할망정 너를 놀렸단 말이야? 나 같으면 정말 화났을 것 같아.	N	2022-06-25 03:01:10	2022-11-08 03:47:08
BE22003529	9	0	목표 몸무게까지 얼른 달성해서 햄버거를 먹을 수 있었으면 좋겠는데, 대체 언제 가능할지 모르겠어.	N	2022-06-25 03:01:10	2022-11-08 03:47:08
BE22003529	10	1	너가 최근에 정말 몸무게를 많이 뺐잖아. 너의 헬스 선생님이 관리를 잘 해주시는 것 같아. 햄버거를 먹지 말라고 하시니?	N	2022-06-25 03:01:10	2022-11-08 03:47:08
BE22003529	11	0	헬스 선생님이 햄버거를 절대 먹으면 안 된다고 하셨어. 살이 다시 찌면 처음으로 돌아갈 거라고 하셨거든.	N	2022-06-25 03:01:10	2022-11-08 03:47:08
BE22003529	12	1	그렇구나. 내 생각에는 너가 최근에 살이 빠지는 모습을 보니 조만간 다이어트에 성공할 것 같은데? 게다가 그 상황에서 햄버거를 먹지 않고 참았다는 것도 너무 대단해.	N	2022-06-25 03:01:10	2022-11-08 03:47:08
BE22003529	13	0	이런 나의 노력이 언젠가는 빛을 발하는 날이 오겠지?	N	2022-06-25 03:01:10	2022-11-08 03:47:08
BE22003529	14	1	당연하지. 다이어트에 성공하고 나서 햄버거를 먹어도 될 때 햄버거를 먹으면 얼마나 맛있겠니? 지금 너가 하고 있는 것처럼 끝까지 힘내줘. 나중에 다이어트 성공하고 나랑 같이 먹으러 가자.	N	2022-06-25 03:01:10	2022-11-08 03:47:08
BE22003529	15	0	꼭 그럴 수 있었으면 좋겠어. 내 목표 몸무게에 도달하면 꼭 연락줄게. 너 덕분에 내 기분이 조금 풀린다.	Y	2022-06-25 03:01:10	2022-11-08 03:47:08
