id	utterance_id	utterance_type	utterance_text	terminate	regDate	updDate
BE22003113	1	0	나 요즘 심각한 고민이 있어. 남자 친구와 관련된 거야.	N	2022-06-23 16:49:31	2022-11-08 03:44:30
BE22003113	2	1	왜 그래. 한바탕 싸우기라도 한 거야?	N	2022-06-23 16:49:31	2022-11-08 03:44:30
BE22003113	3	0	싸운 건 아냐. 서로 일이 바빠서 일주일에 한 번만 보는데, 그때마다 데이트 계획은 모조리 내가 세우고 있더라고.	N	2022-06-23 16:49:31	2022-11-08 03:44:30
BE22003113	4	1	정말? 보통은 서로 이것저것 의견을 내면서 조율하지 않아?	N	2022-06-23 16:49:31	2022-11-08 03:44:30
BE22003113	5	0	그런 소통은 전혀 없어. 그냥 내가 하자는 대로만 하고, 그렇지 않으면 갈팡질팡하다가 시간이 다 가더라고.	N	2022-06-23 16:49:31	2022-11-08 03:44:30
BE22003113	6	1	그건 너무했다. 안 그래도 자주 얼굴 보기 힘든데, 만나는 시간은 알차게 보내야지.	N	2022-06-23 16:49:31	2022-11-08 03:44:30
BE22003113	7	0	그러니까 말이야. 바빠서 미처 생각을 못했다고 핑계를 대는데 기가 차서 정말. 자기만 바쁘냐고. 나도 일이 끝나고 피곤해도 꾹 참고 데이트 전에 미리미리 찾아오는 건데.	N	2022-06-23 16:49:31	2022-11-08 03:44:30
BE22003113	8	1	너 많이 속상하겠다. 친구들끼리만 해도 여행을 준비할 때 나 혼자만 계획 세우려면 김새잖아. 기왕 같이 시간 보내는 거, 함께 뭘 할지 고민해주면 좋을 텐데.	N	2022-06-23 16:49:31	2022-11-08 03:44:30
BE22003113	9	0	내가 하고 싶은 말이 그거야. 심지어 걔는 한 번도 계획을 생각해온 적이 없어. 그 많은 데이트 중에 단 한 번도 말이야.	N	2022-06-23 16:49:31	2022-11-08 03:44:30
BE22003113	10	1	정말? 그건 심했다. 네 남자 친구에게 진지하게 얘기를 꺼내야 할 문제 아닐까?	N	2022-06-23 16:49:31	2022-11-08 03:44:30
BE22003113	11	0	그러고 싶기는 한데, 걔가 오죽 말이 통해야지. 또 핑계 대면서 상황을 넘어가려고 할 것 같아서 벌써부터 성질이 나려 그러네.	N	2022-06-23 16:49:31	2022-11-08 03:44:30
BE22003113	12	1	지금 네가 남자 친구에게 많이 실망하고 화가 난 거 알아. 하지만 지금의 감정을 앞세워 다투기라도 한다면 분명 네 기분만 더 상하고 말 거야. 차분하게 대화를 시도하는 편이 네게 더 좋지 않겠니?	N	2022-06-23 16:49:31	2022-11-08 03:44:30
BE22003113	13	0	그것도 맞는 말이야. 예전에도 비슷한 문제로 시작해서 한바탕 싸우는 바람에 우울했던 적이 있거든.	N	2022-06-23 16:49:31	2022-11-08 03:44:30
BE22003113	14	1	그렇지? 문제를 해결하기 위해서는 감정적인 태도보다 서로를 존중하면서 차근차근 대화하는 게 효과적이야. 화가 나는 마음은 최대한 가라앉히고서 대화하려고 노력해봐.	N	2022-06-23 16:49:31	2022-11-08 03:44:30
BE22003113	15	0	조언해줘서 고마워. 역시 네게 고민을 털어놓길 잘했어.	Y	2022-06-23 16:49:31	2022-11-08 03:44:30
