id	utterance_id	utterance_type	utterance_text	terminate	regDate	updDate
BE22002495	1	0	아, 진짜 오늘 일진이 사납네.	N	2022-06-22 01:04:11	2022-11-08 03:40:34
BE22002495	2	1	데이트하러 간 거 아니었어? 싸움이라도 한 거야?	N	2022-06-22 01:04:11	2022-11-08 03:40:34
BE22002495	3	0	호수 공원 한 바퀴 걷는 중에 화장실 왔거든. 변기 뚜껑 열었더니 물이 안 내려가 있네? 하... 이게 무슨 봉변이니.	N	2022-06-22 01:04:11	2022-11-08 03:40:34
BE22002495	4	1	기분 나쁠 만하네. 특히나 비위도 약한 네가 얼마나 놀랐을지 이해가 가. 생각만 해도 끔찍하다.	N	2022-06-22 01:04:11	2022-11-08 03:40:34
BE22002495	5	0	기분 좋게 데이트하러 왔는데 순식간에 속 안 좋아졌어. 심지어 큰일 보고 물을 안 내리셨네...	N	2022-06-22 01:04:11	2022-11-08 03:40:34
BE22002495	6	1	으... 더 싫을 만했겠다. 하필 내가 들어간 칸이 그래버리면 기분 진짜 더럽잖아.	N	2022-06-22 01:04:11	2022-11-08 03:40:34
BE22002495	7	0	그러니까... 이래서 내가 공공화장실 잘 안 가려고 하는 건데, 참다가 너무 급해서 들어간 건데 이래버리니까 짜증나.	N	2022-06-22 01:04:11	2022-11-08 03:40:34
BE22002495	8	1	그렇지. 어쩔 수 없이 사용하게 된 공공 화장실에서 그런 일이 생기면 화가 나고도 남지.	N	2022-06-22 01:04:11	2022-11-08 03:40:34
BE22002495	9	0	어쩜 물을 안 내리고 갈 수 있는지. 흔적을 남기고 간 사람을 탓하게 된다니까?	N	2022-06-22 01:04:11	2022-11-08 03:40:34
BE22002495	10	1	그럴 수밖에 없지. 하지만 변기가 고장 나서 그런 거라고 생각하면 마음이 편해. 이미 본 끔찍한 장면, 다른 좋은 일로 리프레시 해버리는 건 어때?	N	2022-06-22 01:04:11	2022-11-08 03:40:34
BE22002495	11	0	그래 이미 벌어진 일. 이렇게 투덜대면 뭐 해. 그냥 데이트 열심히 하는 게 낫겠지?	N	2022-06-22 01:04:11	2022-11-08 03:40:34
BE22002495	12	1	그래, 긍정적으로 생각하자. 그런 의미에서 내가 영화티켓 선물로 보내줄게. 그걸로 기분전환 해보자!	N	2022-06-22 01:04:11	2022-11-08 03:40:34
BE22002495	13	0	뭐야 갑자기... 나 감동받아버린다? 고마워 내 친구 감사히 받을게.	N	2022-06-22 01:04:11	2022-11-08 03:40:34
BE22002495	14	1	재밌는 영화로 짜증 났던 일 잊어버리자고! 즐거운 시간 보내!	Y	2022-06-22 01:04:11	2022-11-08 03:40:34
