id	utterance_id	utterance_type	utterance_text	terminate	regDate	updDate
BE22006123	1	0	진짜 너는 이게 말이 된다고 생각해? 생각만 하면 짜증 나서 말이 안 나온다.	N	2022-07-04 15:05:19	2022-11-08 04:03:48
BE22006123	2	1	왜 무슨 일이야? 누가 너한테 뭐라고 한 거야?	N	2022-07-04 15:05:19	2022-11-08 04:03:48
BE22006123	3	0	아니 그런 건 아니야. 새벽에 자고 있는데 갑자기 내 집으로 학교 동기들이 무작정 찾아온 거야.	N	2022-07-04 15:05:19	2022-11-08 04:03:48
BE22006123	4	1	한밤중에 아무런 연락도 없이 찾아오면 정말 화가 날 뿐이야. 그 시간대면 깊은 잠을 자고 있었을 텐데 화가 정말 많이 났겠다.	N	2022-07-04 15:05:19	2022-11-08 04:03:48
BE22006123	5	0	사람이 집에서 자고 있을 땐, 특히 새벽 시간대는 들어오면 안 되는 거잖아?	N	2022-07-04 15:05:19	2022-11-08 04:03:48
BE22006123	6	1	새벽 시간이 가장 예민해질 시간대이긴 하지. 가장 깊은 잠을 자고 있을 시간이니까. 네가 충분히 화가 날 만도 했지.	N	2022-07-04 15:05:19	2022-11-08 04:03:48
BE22006123	7	0	지금도 너무 짜증이 나서 내 감정이 조절이 안 돼. 왜 새벽에 허락도 없이 찾아오는 거지?	N	2022-07-04 15:05:19	2022-11-08 04:03:48
BE22006123	8	1	확실한 건 친구들이 너를 편하게 생각한다는 거야. 허락 없이 집에 들어온 건 잘못되었지만 너의 존재가 친구들에게 정말 큰 존재인 것 같아!	N	2022-07-04 15:05:19	2022-11-08 04:03:48
BE22006123	9	0	아무리 그래도 새벽에 들어오는 건 너무해. 그건 정말이지 나를 존중하지 못한 행동이야.	N	2022-07-04 15:05:19	2022-11-08 04:03:48
BE22006123	10	1	그건 물론 잘못된 행동이지. 하지만 친구니까 일단은 너무 감정적이면 안 돼. 너도 그들과 사이가 멀어지고 싶진 않잖아. 그렇지?	N	2022-07-04 15:05:19	2022-11-08 04:03:48
BE22006123	11	0	맞아. 걔들이랑 멀어지고 싶진 않아. 오늘 새벽에 있었던 일에 화가 날 뿐이야.	N	2022-07-04 15:05:19	2022-11-08 04:03:49
BE22006123	12	1	바로 그거야. 그 부분에 대해서 네가 그 친구들한테 너의 속마음을 전달하면 돼. 그 친구들도 너를 친구로 생각하니 너의 서운한 점을 진지하게 받아들일 거야.	N	2022-07-04 15:05:19	2022-11-08 04:03:49
BE22006123	13	0	맞아. 걔들과 난 친구니까 서로의 서운함을 이해할 거야. 그게 친구잖아.	N	2022-07-04 15:05:19	2022-11-08 04:03:49
BE22006123	14	1	맞아. 오늘 새벽에 있었던 서운한 점을 꼭 솔직하게 말했으면 해. 그들도 이해할 거고 지금보다 더 돈독한 친구 사이가 될 거야.	N	2022-07-04 15:05:19	2022-11-08 04:03:49
BE22006123	15	0	네 덕분에 친구 사이에 대해서 다시 한번 생각하게 되었어. 화를 먼저 내는 것이 아니라 친구 관계를 위해서 내가 솔직해야 해. 정말 고마워.	Y	2022-07-04 15:05:19	2022-11-08 04:03:49
