id	utterance_id	utterance_type	utterance_text	terminate	regDate	updDate
BE22006190	1	0	아 나는 왜 맨날 일을 벌이고 후회하는 걸까? 아침부터 너무 화가 나네 정말!	N	2022-07-05 02:54:09	2022-11-08 04:04:13
BE22006190	2	1	무슨 일인데 그래? 주말 아침인데 벌써부터 무슨 안 좋은 일이 있었던 거야?	N	2022-07-05 02:54:09	2022-11-08 04:04:13
BE22006190	3	0	지난달 카드값이 많이 나와서, 이번 달은 절대로 배달 음식 안 시키겠다고 다짐했거든. 그런데 갑자기 오늘 아침부터 햄버거가 너무 먹고 싶어서 그냥 시켜버렸어. 나도 이런 내가 싫다, 진짜!	N	2022-07-05 02:54:09	2022-11-08 04:04:13
BE22006190	4	1	아이고, 그런 다짐을 했었구나. 자신과의 약속을 안 지키면 화가 많이 나지? 나도 충동적으로 소비하고 후회한 적 많아서 왠지 이해가 가.	N	2022-07-05 02:54:09	2022-11-08 04:04:13
BE22006190	5	0	이게 그냥 돈 문제였으면 말을 안 해. 식욕도 제대로 절제 못하는 한심한 사람 같아서 더 짜증나는 거야. 지출도 관리 못하고, 먹는 것도 관리 못하는데 내가 뭘 제대로 할 수 있겠냐고.	N	2022-07-05 02:54:09	2022-11-08 04:04:13
BE22006190	6	1	배달비 지출 때문에 고민하는 줄 알았는데, 그런 심도 있는 고민까지 했구나. 너 자신을 자책할 정도로 많이 힘든가보다. 이 일 때문에 오히려 네가 더 스트레스를 더 받을까봐 걱정이 되네.	N	2022-07-05 02:54:09	2022-11-08 04:04:13
BE22006190	7	0	스트레스 받으면 먹는 걸로 풀어서 그런가. 배달앱을 지우든가 해야지 원! 나 자신한테 너무 화가 난다 정말.	N	2022-07-05 02:54:09	2022-11-08 04:04:13
BE22006190	8	1	너무 자책하지 말고 지출 계획을 세부적으로 짜보는 건 어때? 그리고 배달음식도 아예 끊지 말고 서서히 줄여봐. 그게 더 성공률이 높을 거야.	N	2022-07-05 02:54:09	2022-11-08 04:04:13
BE22006190	9	0	계획을 세워도 내가 그 계획을 잘 따를 수 있을지도 모르겠어. 이렇게 통제력이 없는 사람인데 그게 되겠어?	N	2022-07-05 02:54:09	2022-11-08 04:04:13
BE22006190	10	1	예전에 다이어트한다고 식단 조절을 했을 때 생각 안 나? 그때 내가 널 보고 사람이 마음먹으면 뭐든 할 수 있다는 걸 깨달았는걸. 이번에도 마음만 먹으면 해낼 수 있을 거야!	N	2022-07-05 02:54:09	2022-11-08 04:04:13
BE22006190	11	0	그때는 옛날이지. 지금은 변해버렸는데 뭐. 지금은 나 자신에 대한 확신도 없고 자신감도 없는 상태라고.	N	2022-07-05 02:54:09	2022-11-08 04:04:13
BE22006190	12	1	내가 아는 넌 목표지향적이고 실행력이 대단한 친구라고! 작은 목표부터 세워서 서서히 지출을 줄여봐. 분명히 성공할 수 있을 거야.	N	2022-07-05 02:54:09	2022-11-08 04:04:13
BE22006190	13	0	이렇게 한심한 사람이랑 친구를 해주는 네가 있어서 그나마 위로가 된다. 어쩌면 나보다 네가 나를 더 믿는 것 같아.	N	2022-07-05 02:54:09	2022-11-08 04:04:13
BE22006190	14	1	네가 너의 잠재력을 너무 과소평가하는 거지. 널 못 믿겠으면, 날 믿어. 넌 분명히 할 수 있으니까.	N	2022-07-05 02:54:09	2022-11-08 04:04:13
BE22006190	15	0	그렇게까지 말해줘서 너무 고마워. 난 그냥 다 놔버릴까 생각했는데.	N	2022-07-05 02:54:09	2022-11-08 04:04:13
BE22006190	16	1	배달 음식 안 시키는 거 너무 힘들면 나랑 같이하자. 나도 어차피 다이어트 해야하니까, 서로서로 윈윈이잖아. 어때?	N	2022-07-05 02:54:09	2022-11-08 04:04:13
BE22006190	17	0	그래, 너랑 함께하면 아무래도 덜 힘들겠어. 같이 지출 계획을 세우면 배달 음식도 덜 시키고, 나 자신도 통제할 수 있겠지?	N	2022-07-05 02:54:09	2022-11-08 04:04:13
BE22006190	18	1	물론이지. 사소한 거지만 지키기 힘드니까, 내가 너와 함께할게. 우리 서로를 격려하고 응원하면서 배달 음식을 서서히 줄여보자고.	N	2022-07-05 02:54:09	2022-11-08 04:04:13
BE22006190	19	0	네 덕분에 용기가 난다. 고마워. 그 말을 들으니까 뭐든 할 수 있을 것 같네.	N	2022-07-05 02:54:09	2022-11-08 04:04:14
BE22006190	20	1	천만에. 나도 너한테 도움이 될 수 있어서 기뻐.	Y	2022-07-05 02:54:09	2022-11-08 04:04:14
