id	utterance_id	utterance_type	utterance_text	terminate	regDate	updDate
BE22005518	1	0	나 이번 휴가에 자연휴양림 다녀왔어.	N	2022-07-01 05:19:32	2022-11-08 03:59:57
BE22005518	2	1	시끌벅적한 곳 좋아하는 네가 웬일로?	N	2022-07-01 05:19:32	2022-11-08 03:59:57
BE22005518	3	0	남자 친구가 강력하게 주장해서 다녀왔는데. 역시 나는 너무 재미없었어. 산림욕 무슨 재미로 하는 거야?	N	2022-07-01 05:19:32	2022-11-08 03:59:57
BE22005518	4	1	네 취향과는 전혀 맞지 않는 곳이니 지겨웠을 만도 하지. 남자 친구가 널 더 배려했으면 좋았을 텐데.	N	2022-07-01 05:19:32	2022-11-08 03:59:57
BE22005518	5	0	나 그 부분에서 상당히 기분이 나빠. 내가 분명히 거기 나랑 안 맞는다고 말했는데, 굳이 데려간 거거든.	N	2022-07-01 05:19:32	2022-11-08 03:59:57
BE22005518	6	1	둘이 같이 가는 여행인데 자기 의견만 내세우면 나 같아도 화가 났을 거야. 더군다나 너를 아는 사람이면 누가 봐도 자연 휴양림은 네가 재미없다고 할 곳인데.	N	2022-07-01 05:19:32	2022-11-08 03:59:57
BE22005518	7	0	내 말이 그 말이야. 내가 산림욕을 안 해봐서 그렇게 생각하는 거라고. 한 번만 갔다 와 보면 무조건 좋아할 거라고 그러더라고.	N	2022-07-01 05:19:32	2022-11-08 03:59:57
BE22005518	8	1	하지만 너는 해보니까 역시나 별로였나 보네. 좋았으면 지금 이렇게 툴툴거릴 리가 없지.	N	2022-07-01 05:19:32	2022-11-08 03:59:57
BE22005518	9	0	더 화가 난 포인트는 내가 지루해하는 걸 신경 안 썼다는 거야. 본인은 너무 신나서 나를 방치해 뒀어.	N	2022-07-01 05:19:32	2022-11-08 03:59:57
BE22005518	10	1	너는 싫어도 따라가 준 건데 너무하네. 남자 친구한테 네 마음을 이야기해 봤어?	N	2022-07-01 05:19:32	2022-11-08 03:59:57
BE22005518	11	0	아니. 너무 열받아서 연락 아예 안 하고 있어. 생각해 보니 말로 표현하진 않았네.	N	2022-07-01 05:19:32	2022-11-08 03:59:57
BE22005518	12	1	네 남자 친구도 일부러 그런 건 아닐 거야. 본인이 정말 좋아하는 곳에 너랑 같이 여행을 가니까 너무 들떠서 그런 게 아닐까? 서운했다고 이야기하면 아차 싶어서 사과할 것 같아.	N	2022-07-01 05:19:32	2022-11-08 03:59:57
BE22005518	13	0	하긴... 그렇게 좋아하는 데 내가 좀 맞춰줄 수도 있는 부분이었던 것 같기도 하고. 너 아니었으면 크게 싸웠을 것 같아.	N	2022-07-01 05:19:32	2022-11-08 03:59:57
BE22005518	14	1	네가 그렇게 이야기하면 남자 친구가 오히려 더 미안하고 고마워할 거야. 이야기 잘했으면 좋겠다.	Y	2022-07-01 05:19:32	2022-11-08 03:59:57
