id	utterance_id	utterance_type	utterance_text	terminate	regDate	updDate
BE22002510	1	0	벌써 몇 개월째 전남편이 아이를 보러오지 않고 있어.	N	2022-06-22 02:54:04	2022-11-08 03:40:40
BE22002510	2	1	어머, 얼마나 오랫동안 보러오지 않은 거야? 감정화자야, 나라면 정말 황당하면서 화가 날 거 같아. 감정화자야, 마음은 괜찮은 거야?	N	2022-06-22 02:54:04	2022-11-08 03:40:40
BE22002510	3	0	대략 5개월은 된 거 같아. 응, 이혼 합의할 때는 최소한 한 달에 한 번씩은 아이를 보러 온다고 했는데 계속 오지 않네. 나도 막 화가 나면서도 짜증이 나.	N	2022-06-22 02:54:04	2022-11-08 03:40:40
BE22002510	4	1	그럴 것 같아. 본인의 아이이기도 하고 아이와의 약속이기도 한데 지켜주지 않으면 아이도 슬프고 감정화자도 당황할 거 같아.	N	2022-06-22 02:54:04	2022-11-08 03:40:40
BE22002510	5	0	어떻게 해야 될지 정말 모르겠어. 아이가 침울해 보여. 내가 어떻게 해야 되는 걸까? 전남편은 약속을 했으면 지켜야지 너무 무책임해.	N	2022-06-22 02:54:04	2022-11-08 03:40:40
BE22002510	6	1	맞아, 아이를 위해서 최소한의 약속은 지켜야 되는 건데. 아이도 상황을 파악하고 슬퍼할 것 같다. 네가 가운데서 난감하겠다.	N	2022-06-22 02:54:04	2022-11-08 03:40:40
BE22002510	7	0	응, 아이가 전남편이 오랫동안 자기를 보러오지 않으니까 슬퍼 보이는 눈치야.	N	2022-06-22 02:54:04	2022-11-08 03:40:40
BE22002510	8	1	감정화자야, 그래도 아이는 너가 자기를 사랑하고 아낀다는 걸 충분히 알 거야. 전남편과는 별개로 감정화자 너가 아이를 진심으로 사랑하면서 대하는 걸 아이도 느끼고 있을거야.	N	2022-06-22 02:54:04	2022-11-08 03:40:40
BE22002510	9	0	응, 아이가 사랑받는 존재라는 걸 알 수 있도록 열심히 노력하고 있어.	N	2022-06-22 02:54:04	2022-11-08 03:40:40
BE22002510	10	1	맞아, 감정화자가 퇴근하고 저녁마다 아이랑 산책도 하고, 주말마다 아이랑 같이 여행도 다니는 모습을 봤어. 아이가 감정화자와 함께 할 때 항상 웃고 즐거워 보였어. 감정화자가 얼마나 노력하고 아이를 사랑하는지 공감화자는 느껴지더라구.	N	2022-06-22 02:54:04	2022-11-08 03:40:40
BE22002510	11	0	그래? 감정화자는 아이가 외롭거나 버림받았다고 느끼지 않도록 많이 노력하고 있어.	N	2022-06-22 02:54:04	2022-11-08 03:40:40
BE22002510	12	1	공감화자는 감정화자가 아이를 위해 하는 모습들을 보며 진심으로 대단하다고 생각했어. 감정화자도 퇴근하거나, 주말에는 편히 쉬고 싶을 텐데 아이와 항상 시간을 보내고 놀아주려는 모습을 보면 대단하면서도 감동이었어.	N	2022-06-22 02:54:04	2022-11-08 03:40:40
BE22002510	13	0	맞아, 감정화자도 힘들지만, 아이와 보내는 시간들이 행복해. 공감화자가 그렇게 생각해줘서 고마워.	N	2022-06-22 02:54:04	2022-11-08 03:40:40
BE22002510	14	1	너가 아이와 행복하기 위해 하는 하나하나의 노력들을 아이도 다 알고 있을 거야. 너가 행복하면 아이도 기쁠 거야.	N	2022-06-22 02:54:04	2022-11-08 03:40:40
BE22002510	15	0	공감화자 말이 맞는 거 같다. 전남편이랑 별개로 내가 행복하면 아이도 행복할 거야.	N	2022-06-22 02:54:04	2022-11-08 03:40:40
BE22002510	16	1	그래, 너는 지금 정말 잘하고 있는 거야. 항상 응원하고 너가 행복하길 빌어.	N	2022-06-22 02:54:04	2022-11-08 03:40:40
BE22002510	17	0	고마워. 공감화자랑 대화하고 나니 마음이 한결 가벼워진 것 같아.	Y	2022-06-22 02:54:04	2022-11-08 03:40:40
