id	utterance_id	utterance_type	utterance_text	terminate	regDate	updDate
BE22004475	1	0	헤어진 남자 친구한테서 계속 전화가 와. 어떻게 이럴 수가 있어?	N	2022-06-28 04:33:37	2022-11-08 03:53:11
BE22004475	2	1	바람났다고 해서 헤어진 그 남자 친구? 그래서 전화 받았어? 너 진짜 당황했겠다.	N	2022-06-28 04:33:37	2022-11-08 03:53:11
BE22004475	3	0	응. 받았더니 술 먹고 또 전화한 거더라고. 진짜 양심도 없나 봐. 어떻게 나한테 뻔뻔하게 전화할 수 있는 건지 화가 나.	N	2022-06-28 04:33:37	2022-11-08 03:53:11
BE22004475	4	1	걔가 너한테 얼마나 상처를 줬는데 이제 와서 그런다니 내가 더 화난다. 네가 화난 거 충분히 이해해. 나였어도 소리치고 당장 전화 끊으라고 화냈을 거야.	N	2022-06-28 04:33:37	2022-11-08 03:53:11
BE22004475	5	0	응. 그래서 나도 화내고 소리치면서 전화를 끊었는데 그러고 나서도 화가 안 풀려.	N	2022-06-28 04:33:37	2022-11-08 03:53:11
BE22004475	6	1	그렇지. 걔가 너한테 얼마나 못되게 굴었는데. 아예 전화번호를 차단해버리는 거 어때?	N	2022-06-28 04:33:37	2022-11-08 03:53:11
BE22004475	7	0	차단 목록에 걔 전화번호가 남아있는 것도 싫어서 차단 안 했었는데 이번에 해야겠다. 진짜 잊을 만하면 이러니까 스트레스받아서 미칠 것 같아.	N	2022-06-28 04:33:37	2022-11-08 03:53:11
BE22004475	8	1	그래. 차단해 버리고 그냥 싹 잊어버리자. 차단하면 이제 걔 연락 안 받아도 되니까 짜증 나는 일이 적어질 거야.	N	2022-06-28 04:33:37	2022-11-08 03:53:11
BE22004475	9	0	응. 그래야겠어. 너한테 고민 상담하길 잘했다.	N	2022-06-28 04:33:37	2022-11-08 03:53:11
BE22004475	10	1	그래. 그리고 이미 지나간 사람이 너한테 한 일 가지고 분노하지 말고 잊어버리자. 너는 좋은 사람이니까 분명히 더 좋은 사람 만날 수 있을 거야. 좋은 사람을 만나기 위한 하나의 과정이라고 생각하고 그냥 잊어버리면 네 마음이 좀 나아지지 않을까?	N	2022-06-28 04:33:37	2022-11-08 03:53:11
BE22004475	11	0	네 말을 들으니까 그런 것 같아. 화를 내면 나만 손해지. 그냥 잊어버려야겠어.	N	2022-06-28 04:33:37	2022-11-08 03:53:11
BE22004475	12	1	그래. 기분 좋은 일들만 있어도 모자라잖아. 우리 좋은 것만 생각하자.	N	2022-06-28 04:33:37	2022-11-08 03:53:12
BE22004475	13	0	좋아. 네 덕분에 기분이 좀 괜찮아진 것 같아. 앞으로는 행복한 일들만 생각해야겠어.	N	2022-06-28 04:33:37	2022-11-08 03:53:12
BE22004475	14	1	그래. 앞으로 좋은 일만 가득할 거니까 너무 스트레스받지 말고.	N	2022-06-28 04:33:37	2022-11-08 03:53:12
BE22004475	15	0	응, 진짜 고마워.	Y	2022-06-28 04:33:37	2022-11-08 03:53:12
