id	utterance_id	utterance_type	utterance_text	terminate	regDate	updDate
BE22003713	1	0	오늘 남자 친구와 다퉜어.	N	2022-06-25 17:35:40	2022-11-08 03:48:20
BE22003713	2	1	무슨 일로 다퉜어? 나한테 말해봐.	N	2022-06-25 17:35:40	2022-11-08 03:48:20
BE22003713	3	0	오늘 배달음식을 시키기로 하고 햄버거를 시켰거든. 근데 내 몫까지 내 남자 친구가 다 뺏어 먹었어.	N	2022-06-25 17:35:40	2022-11-08 03:48:20
BE22003713	4	1	왜 너의 메뉴를 뺏어 먹는 거야? 본인이 먹을 만큼 시키면 되잖아.	N	2022-06-25 17:35:40	2022-11-08 03:48:20
BE22003713	5	0	분명 그렇게 말했고 각자 시켰는데, 자기 배가 덜 부르다며 내 햄버거까지 뺏어 먹었어.	N	2022-06-25 17:35:40	2022-11-08 03:48:20
BE22003713	6	1	미리 상의한 부분인데도 무시하고 너의 음식을 뺏어 먹다니. 너가 정말 황당하고 짜증났겠는데? 너가 햄버거를 정말 좋아하는 걸 나도 아는데말이야.	N	2022-06-25 17:35:40	2022-11-08 03:48:20
BE22003713	7	0	근데 남자 친구가 이런 적이 한두 번이 아니야. 그래서 어제 감정이 격해지는 바람에 남자 친구한테 짜증을 냈어.	N	2022-06-25 17:35:40	2022-11-08 03:48:20
BE22003713	8	1	내가 너였어도 짜증냈을 것 같아. 한두 번이 아니라니 너가 정말 여러 번 참은 것 같은데. 그런 일이 쌓이다 보면 터지기 마련이지.	N	2022-06-25 17:35:40	2022-11-08 03:48:20
BE22003713	9	0	엄청 여러 번 참았지. 저번에는 떡볶이를 2인분 시켰는데 본인이 다 먹더라.	N	2022-06-25 17:35:40	2022-11-08 03:48:20
BE22003713	10	1	너가 제일 좋아하는 메뉴가 떡볶이 아니야? 자꾸만 반복되는 상황에 정말 지칠 것 같아. 너가 정말 속상하고 짜증났겠다.	N	2022-06-25 17:35:40	2022-11-08 03:48:20
BE22003713	11	0	내가 먹을 떡볶이를 왜 다 자기가 먹는 건지 이해가 안 돼. 나한테도 좀 먹으라고 할 수 있잖아. 정말 배려가 부족하다고 느껴.	N	2022-06-25 17:35:40	2022-11-08 03:48:20
BE22003713	12	1	사랑하는 사람에게 음식 양보를 못 하다니 듣는 내가 너무 화가 난다. 너가 떡볶이를 가장 좋아하는데 그 떡볶이마저 뺏어 먹다니 정말 스트레스받을 것 같아.	N	2022-06-25 17:35:40	2022-11-08 03:48:20
BE22003713	13	0	그래서 엄청 뭐라고 했더니, 되려 자기가 토라진 모양이야. 나를 예민한 사람 취급하는 것 같아 불쾌해.	N	2022-06-25 17:35:40	2022-11-08 03:48:20
BE22003713	14	1	너가 정말 기분이 좋지 않았겠다. 다음부터는 남자 친구에게 더 단호하게 말하고, 음식을 각자 먹고 오자고 하는 게 어때? 너가 단호하게 행동을 해야 남자도 문제의식을 느낄 것 같아.	N	2022-06-25 17:35:40	2022-11-08 03:48:20
BE22003713	15	0	그렇게 말하면 무언가 달라지긴 할까? 그동안 한 번도 진지하게 이야기를 해본 적은 없는 것 같아.	N	2022-06-25 17:35:40	2022-11-08 03:48:20
BE22003713	16	1	문제 해결의 시작이 진지한 대화잖아. 너가 느끼는 바와 원하는 바를 구체적으로 말해봐. 그렇게 말하면서 너의 스트레스가 조금 풀릴 수도 있잖아.	N	2022-06-25 17:35:40	2022-11-08 03:48:20
BE22003713	17	0	너 말대로 진지한 대화를 한번 해봐야겠다는 생각이 드네.	N	2022-06-25 17:35:40	2022-11-08 03:48:20
BE22003713	18	1	너의 음식을 다 뺏어 먹는 걸 보면서 얼마나 속상했겠어 너가. 하루 빨리 해결되어서 갈등이 풀리길 기도할게.	Y	2022-06-25 17:35:40	2022-11-08 03:48:21
