id	utterance_id	utterance_type	utterance_text	terminate	regDate	updDate
BE22003196	1	0	수면 패턴이 정말 중요함을 느껴. 남편이랑 수면 패턴이 맞지 않으니 너무 힘들다.	N	2022-06-24 03:11:28	2022-11-08 03:45:02
BE22003196	2	1	그래? 어떤 일인지 나에게 털어놔봐.	N	2022-06-24 03:11:28	2022-11-08 03:45:02
BE22003196	3	0	나는 밤잠이 없고, 남편은 아침잠이 없는 편이야. 나는 밤에 잠이 오질 않는데 남편은 내가 하루를 마무리하기도 전에 깊게 잠들어 버려. 일상을 함께하는 기분이 들지 않아.	N	2022-06-24 03:11:28	2022-11-08 03:45:02
BE22003196	4	1	나도 룸메이트와 지낼 때 룸메이트가 항상 일찍 잤었거든. 그래서 네 가 어떤 상황에 처해 있는지 알겠어. 게다가 너는 평생을 약속한 반려자인데 먼저 잠들다니 너무 화나겠다.	N	2022-06-24 03:11:28	2022-11-08 03:45:02
BE22003196	5	0	남편은 10시 정도만 되어도 잠에 드는 것 같아. 하루를 함께 마무리하고 싶은데 그러지 못해서 너무 실망스럽고 짜증이 나.나를 기다리지 않는 것 같아.	N	2022-06-24 03:11:28	2022-11-08 03:45:02
BE22003196	6	1	네가 밤에 너무 심심하고 지루하겠다. 남편이 너에게 더 공감해주길 너는 바랄 것 같아. 함께하는 시간이 얼마나 소중한데 그치?	N	2022-06-24 03:11:28	2022-11-08 03:45:02
BE22003196	7	0	응. 그리고 나는 아침에 푹 자야 하는 편인데 남편은 새벽 5시나 6시에 일찍 일어나. 그래서 나도 모르게 깨게 되는데 개운하지 못해. 누적이 되니 너무 짜증이 나네.	N	2022-06-24 03:11:28	2022-11-08 03:45:02
BE22003196	8	1	네가 매번 푹 잠에 들지 못하고 깬다니 힘들겠는데. 나도 수면 시간 부족이 누적되면 너무 힘들 것 같다. 네가 정말 힘들고 짜증나는 상황이겠구나.	N	2022-06-24 03:11:28	2022-11-08 03:45:02
BE22003196	9	0	그래서 요즘 남편이랑 이야기를 하는데 서로 패턴이 너무 다르니 맞추기가 쉽지 않네. 맞출 의지가 있는지도 잘 모르겠어.	N	2022-06-24 03:11:28	2022-11-08 03:45:02
BE22003196	10	1	패턴이 다르다는 것은 극복하기 힘든 문제인 것 같아. 네가 얼마나 답답한지 나도 알 것 같아.	N	2022-06-24 03:11:28	2022-11-08 03:45:02
BE22003196	11	0	진지한 대화를 해봤지만 각자 살아온 습관이 있으니 고치기가 쉽지 않더라고.	N	2022-06-24 03:11:28	2022-11-08 03:45:02
BE22003196	12	1	아니면 남편이랑 함께 수면 클리닉을 같이 가보는 건 어때? 이대로 가면 너의 스트레스가 해소되지 않아 더 큰 문제가 일어날 수 있어.	N	2022-06-24 03:11:28	2022-11-08 03:45:02
BE22003196	13	0	나도 그 생각을 해봤어. 내가 밤에 쉽게 들지 못하는 이유를 찾으러 병원에 한번 가봐야 할 것 같아.	N	2022-06-24 03:11:28	2022-11-08 03:45:02
BE22003196	14	1	가장 좋은 방법은 전문가와 상의해보는 방법인 것 같아. 아무쪼록 남편과 이야기가 잘 되었으면 좋겠다.	N	2022-06-24 03:11:28	2022-11-08 03:45:02
BE22003196	15	0	내 이야기를 들어줘서 고마워. 털어놓는 것만으로도 도움이 되네.	Y	2022-06-24 03:11:28	2022-11-08 03:45:02
