id	utterance_id	utterance_type	utterance_text	terminate	regDate	updDate
BE22001391	1	0	오늘 진짜 집에 있기 싫어. 우리 엄마는 나를 미워하시는 것 같아.	N	2022-06-15 04:00:33	2022-11-08 03:33:24
BE22001391	2	1	무슨 일이 있었길래 그런 소리를 해.	N	2022-06-15 04:00:33	2022-11-08 03:33:24
BE22001391	3	0	오빠 생일이어서 다 같이 케이크를 먹었는데, 위에 올려진 딸기 몇 개 집어먹었다고 나를 혼 내시는 거 있지?	N	2022-06-15 04:00:33	2022-11-08 03:33:24
BE22001391	4	1	저런, 너 딸기 엄청 좋아하는데 엄마한테 서운했겠어.	N	2022-06-15 04:00:33	2022-11-08 03:33:24
BE22001391	5	0	그러니까 말이야. 내가 과일 중에 딸기를 제일 좋아하는 거 알면서도 그렇게 혼내다니 정말 너무하셔.	N	2022-06-15 04:00:33	2022-11-08 03:33:24
BE22001391	6	1	그래도 너를 미워해서 그러신 건 아닐 거야. 평소에는 너 딸기 좋아한다고 철마다 잊지 않고 사다 주시곤 하잖아.	N	2022-06-15 04:00:33	2022-11-08 03:33:24
BE22001391	7	0	그렇긴 한데, 나보다 오빠를 더 생각하는 느낌이야. 나보고는 딸기만 골라 먹지 말라더니 오빠 접시엔 엄마 몫의 딸기까지 나눠주셨어.	N	2022-06-15 04:00:33	2022-11-08 03:33:24
BE22001391	8	1	오빠 생일 축하하려고 산 케이크인데, 오빠가 딸기 없는 케이크를 먹으면 서운해할 수도 있으니까 오빠에게 주신 것일 거야. 지난번 네 생일 때도 엄마가 네 접시에 엄마 거 다 올려놔 주셨다고 했었잖아. 너희 엄마가 오빠만 생각하는 거 아니니까 너무 서운해하지 마.	N	2022-06-15 04:00:33	2022-11-08 03:33:24
BE22001391	9	0	그래도 그렇지, 고작 딸기 가지고 사람을 그렇게 무안하게 만들다니. 내가 먹는 게 아깝나 하는 생각도 들더라니까.	N	2022-06-15 04:00:33	2022-11-08 03:33:24
BE22001391	10	1	에이, 자식 먹는 게 아까운 부모님이 어디 계시니? 만약 네 생일 케이크의 딸기를 오빠가 골라 먹었어도 똑같이 혼내셨을 거야.	N	2022-06-15 04:00:33	2022-11-08 03:33:24
BE22001391	11	0	네 말이 맞아. 그래도 아까는 엄마한테 너무 서운해서 케이크 먹다가 눈물이 다 나올뻔했어.	N	2022-06-15 04:00:33	2022-11-08 03:33:24
BE22001391	12	1	그 기분 알지. 나도 식구들 다 모인 자리에서 엄마가 나에게 싫은 소리를 한 적이 있는데 정말 무안하고 자리를 뜨고 싶더라고.	N	2022-06-15 04:00:33	2022-11-08 03:33:24
BE22001391	13	0	그러니까. 좋게 말했어도 알아들었을 텐데. 다 같이 먹는 케이크의 딸기만 골라 먹은 게 잘한 일이 아니란 것쯤은 나도 안단 말이야.	N	2022-06-15 04:00:33	2022-11-08 03:33:25
BE22001391	14	1	네가 일부러 혼자 다 먹으려고 그런 게 아니라는 거 알아. 엄마도 그걸 알고 계실 테니 대화로 잘 풀었으면 좋겠어.	N	2022-06-15 04:00:33	2022-11-08 03:33:25
BE22001391	15	0	그 말을 들으니까 기분이 좀 풀린다. 엄마랑 잘 이야기해볼게.	Y	2022-06-15 04:00:33	2022-11-08 03:33:25
