id	utterance_id	utterance_type	utterance_text	terminate	regDate	updDate
BE22004206	1	0	너 내 남자 친구 알지? 걔한테 한 달 만에 연락이 왔어.	N	2022-06-27 10:59:58	2022-11-08 03:51:28
BE22004206	2	1	뭐라고? 그렇게 오랜 기간 동안 잠수를 타더니 갑자기 너에게 연락을 했다고?	N	2022-06-27 10:59:58	2022-11-08 03:51:28
BE22004206	3	0	정말 어이없지. 내가 그렇게 연락할 때는 무시하더니. 이제 와서 아무렇지 않게 연락을 하는 거 보니까 화가 치솟아.	N	2022-06-27 10:59:58	2022-11-08 03:51:28
BE22004206	4	1	나도 전 남자 친구가 이유도 말해주지 않고 연락을 끊은 적이 있어서 너무 공감돼. 그러고서는 나중에 아무렇지 않게 연락을 하더라고. 나도 진짜 화가 났었어.	N	2022-06-27 10:59:58	2022-11-08 03:51:28
BE22004206	5	0	분명 그때는 내가 필요 없다는 듯이 굴더니 이제 와서 왜 이러는 거지?	N	2022-06-27 10:59:58	2022-11-08 03:51:28
BE22004206	6	1	그러게. 나도 그런 사람들의 심리가 이해가 안 돼. 그렇게 행동하는 건 사랑하는 사람에 대한 예의가 아니야. 네가 그 말을 듣고 정말 생각이 복잡했겠다.	N	2022-06-27 10:59:58	2022-11-08 03:51:28
BE22004206	7	0	더 화나는 이유는 그때의 상황을 잊은 건지 아주 짧게 연락이 왔지 뭐야.	N	2022-06-27 10:59:58	2022-11-08 03:51:28
BE22004206	8	1	뭐라고 왔는데? 나한테 말해봐. 내가 너 입장에서 한번 생각해보려고.	N	2022-06-27 10:59:58	2022-11-08 03:51:28
BE22004206	9	0	그동안 내가 너무 그리웠다더라. 그리웠으면 더 빨리 연락을 하지 왜 한 달 만에 연락하는지 모르겠네. 나에 대한 배려를 조금이라도 했다면 이러지 않았을 텐데.	N	2022-06-27 10:59:58	2022-11-08 03:51:28
BE22004206	10	1	그런 내용으로 연락이 왔다니 내가 너였어도 황당한 기분이 들었을 것 같아. 네 남자 친구가 너에 대한 배려가 조금 부족한 것 같다고 생각해. 내가 너였어도 정말 불쾌했을 듯해.	N	2022-06-27 10:59:58	2022-11-08 03:51:28
BE22004206	11	0	그래서 마음 굳게 먹고 이 사람에 대한 연락을 절대 받아주지 않으려고. 이 사람이랑 정말 행복했었는데, 잊고 다른 사랑을 찾을 수 있을까?	N	2022-06-27 10:59:58	2022-11-08 03:51:28
BE22004206	12	1	당연하지. 너에 대한 배려가 부족한 사람이랑 연애하면서 감정을 소모하기에는 네가 너무 아까워. 분명 너를 더 아껴주고 사랑해주는 남자를 만날 수 있을 거야.	N	2022-06-27 10:59:58	2022-11-08 03:51:28
BE22004206	13	0	왠지 이별이 극복이 되지 않을 것 같은 마음이 들었었는데 네 말을 들으니까 한결 낫다. 나 잘할 수 있겠지?	N	2022-06-27 10:59:58	2022-11-08 03:51:28
BE22004206	14	1	당연하지. 네가 한 달 동안 힘들어한 만큼 그 사람도 충분히 반성할 시간이 필요할 거야. 굳은 마음 먹은 거 정말 잘했어. 조금만 마음을 비우고 앞으로 있을 인연들에 대해 기대해보자.	N	2022-06-27 10:59:58	2022-11-08 03:51:28
BE22004206	15	0	그렇게 말해줘서 고마워. 네 덕분에 용기가 생긴 것 같아.	Y	2022-06-27 10:59:58	2022-11-08 03:51:28
