id	utterance_id	utterance_type	utterance_text	terminate	regDate	updDate
BE22006056	1	0	나 지금 너무 기분이 좋지 않은데 잠깐 얘기 좀 들어줄 수 있니?	N	2022-07-04 11:10:40	2022-11-08 04:03:22
BE22006056	2	1	네가 그렇게 얘기할 정도면 심각한 상황인 것 같은데 무슨 일이야?	N	2022-07-04 11:10:40	2022-11-08 04:03:23
BE22006056	3	0	내가 예전에 우리 엄마가 어릴 때 우리 두고 집을 나갔다고 말해준 적 있었잖아. 방금 전에 어떻게 알았는지 나 일하는 곳으로 찾아왔었어.	N	2022-07-04 11:10:40	2022-11-08 04:03:23
BE22006056	4	1	정말로? 너 정말 놀랐겠다. 그래서? 어떤 일로 찾아온 거래?	N	2022-07-04 11:10:40	2022-11-08 04:03:23
BE22006056	5	0	뻔하지 뭐. 이제 와서 엄마 노릇을 하고 싶다고 우릴 떠난 걸 용서해달라더라. 우리가 정말 필요했을 때는 나타나지도 않더니.	N	2022-07-04 11:10:40	2022-11-08 04:03:23
BE22006056	6	1	너는 그 얘기를 듣고 어땠어? 어떻게 하고 싶니?	N	2022-07-04 11:10:40	2022-11-08 04:03:23
BE22006056	7	0	결국 엄마는 없는 존재라고 생각하며 우리끼리 살아왔는데 이제 와서 용서해달라니. 너무 뻔뻔해 보여서 너무 화가 나더라.	N	2022-07-04 11:10:40	2022-11-08 04:03:23
BE22006056	8	1	학창 시절 가장 부모님이 필요한 시절에 너를 떠났었다며. 듣는 나도 이렇게 화가 나는데 네가 얼마나 화가 나겠니. 충분히 이해해.	N	2022-07-04 11:10:40	2022-11-08 04:03:23
BE22006056	9	0	너무 화가 나서 소리 지르며 나가라고는 했는데 뒤늦게 생각해보니 계속 심장이 뛰고 눈물이 나. 내가 잘못한 걸까?	N	2022-07-04 11:10:40	2022-11-08 04:03:23
BE22006056	10	1	그렇게 갑작스러운 상황이었으면 어느 누구라도 이성적으로 판단하기 어려웠을 것이고 너처럼 행동했을 거야. 그러니 네가 잘못한 것이라고 생각하지 않았으면 좋겠어.	N	2022-07-04 11:10:40	2022-11-08 04:03:23
BE22006056	11	0	그럴까? 그래도 엄마도 나름 용기를 내서 찾아온 것이었을 텐데.	N	2022-07-04 11:10:40	2022-11-08 04:03:23
BE22006056	12	1	네가 지금 감정적으로 혼란스러워서 그런 것이란 걸 어머니도 이해하실 거야.	N	2022-07-04 11:10:40	2022-11-08 04:03:23
BE22006056	13	0	그랬으면 좋겠어. 아직도 엄마에게 화가 나지만 그래도 엄마와 얘기도 해보고 싶어.	N	2022-07-04 11:10:40	2022-11-08 04:03:23
BE22006056	14	1	정말 힘들었겠다. 분명 너희 어머니께서도 너의 마음을 알고 계실 거야. 분명 곧 다시 어머니와 얘기하게 될 날도 올 거고 모든 게 잘 해결될 테니 너무 걱정하지 마.	N	2022-07-04 11:10:40	2022-11-08 04:03:23
BE22006056	15	0	고마워. 너와 얘기하고 나니까 기운이 난다. 나도 엄마도 하고 싶은 얘기가 분명 있을 거야. 다음 번엔 감정을 좀 가라앉히고 천천히 얘기를 해봐야겠어.	N	2022-07-04 11:10:40	2022-11-08 04:03:23
BE22006056	16	1	도움이 됐다니 정말 다행이야. 무슨 일 있으면 언제든지 연락해.	N	2022-07-04 11:10:40	2022-11-08 04:03:23
BE22006056	17	0	응. 정말 고마워. 너도 언제든 무슨 일 있으면 연락해.	Y	2022-07-04 11:10:40	2022-11-08 04:03:23
