id	utterance_id	utterance_type	utterance_text	terminate	regDate	updDate
BE22003185	1	0	남자 친구랑 또 싸웠는데 어떡하지?	N	2022-06-24 02:35:59	2022-11-08 03:44:57
BE22003185	2	1	왜 이번엔 또 무슨 일로 싸운 거야?	N	2022-06-24 02:35:59	2022-11-08 03:44:57
BE22003185	3	0	내가 회사 대리님이랑 카풀 하거든. 그거 때문에 삐져서 냉전 중이야.	N	2022-06-24 02:35:59	2022-11-08 03:44:57
BE22003185	4	1	너 평소에 회사 어떻게 가는데? 지하철 타? 아님 버스 타?	N	2022-06-24 02:35:59	2022-11-08 03:44:57
BE22003185	5	0	회사랑 지하철역이랑 멀어서 보통 버스 타고 다니는데 한 번 갈아타야 되고 50분 걸려. 근데 택시 타면 15분이면 가.	N	2022-06-24 02:35:59	2022-11-08 03:44:57
BE22003185	6	1	회사 위치가 애매한가 봐. 거리는 얼마 안 되는데 대중 교통으로 가기는 불편하네.	N	2022-06-24 02:35:59	2022-11-08 03:44:57
BE22003185	7	0	응. 그래서 그런 얘기를 회사에 했더니 대리님이 우리 집 지나서 회사 간다고 태워다 주겠대. 그래서 한 1주일 정도 탔었어.	N	2022-06-24 02:35:59	2022-11-08 03:44:57
BE22003185	8	1	그렇게 출근하면 너는 엄청 편하겠네. 그런데 남친이랑 싸워서 기분은 좀 안 좋겠다.	N	2022-06-24 02:35:59	2022-11-08 03:44:57
BE22003185	9	0	응 출근할 때만 타는 건데 엄청 싫어해. 퇴근해서 만나면 또 카풀했냐고 물어보고, 서로 관심도 없고 대화도 안 하는데도 그래.	N	2022-06-24 02:35:59	2022-11-08 03:44:57
BE22003185	10	1	남친이 너무 과민 반응하는 거 같은데? 아니면 불안해서 그런가봐.	N	2022-06-24 02:35:59	2022-11-08 03:44:57
BE22003185	11	0	불안할 게 뭐 있어. 내가 남자 친구한테 얼마나 잘해주는데, 표현도 잘하고 삐지면 잘 풀어주고 이런 여자 친구가 어딨냐?	N	2022-06-24 02:35:59	2022-11-08 03:44:57
BE22003185	12	1	맞아 너 애교 많아서 남자들이 좋아하잖아. 그만큼 사랑하니까 작은 일에도 질투를 느끼는 거 아닐까?	N	2022-06-24 02:35:59	2022-11-08 03:44:57
BE22003185	13	0	그 마음을 모르는 건 아니지만 편하게 출근할 좋은 기회가 생겨서 받았을 뿐이야. 처음 탔을 때 주유비도 내가 계산했는걸?	N	2022-06-24 02:35:59	2022-11-08 03:44:57
BE22003185	14	1	그래 대중교통보다 편하게 출근할 수 있어서 카풀하는 거라고 잘 설득해봐. 내가 볼 땐 대화로 풀어나갈 수 있을 거 같아. 너도 회사 동료도 둘 다 다른 뜻이 있어서 카풀하는 건 아니니깐 말이야.	N	2022-06-24 02:35:59	2022-11-08 03:44:57
BE22003185	15	0	응 출근길이 편해졌다는 걸 강조해서 얘기해야겠어. 오늘 밤에 만나서 또 대화해 봐야겠다. 고마워.	Y	2022-06-24 02:35:59	2022-11-08 03:44:57
