id	utterance_id	utterance_type	utterance_text	terminate	regDate	updDate
BE22005069	1	0	아내가 자꾸만 이해할 수 없는 행동을 해서 너무 화가 나.	N	2022-06-29 06:47:46	2022-11-08 03:57:01
BE22005069	2	1	어떻게 하길래 그래?	N	2022-06-29 06:47:46	2022-11-08 03:57:01
BE22005069	3	0	아내가 내가 집에 없을 때 내 물건을 자꾸만 뒤져. 심지어 내 지갑도 자주 뒤져서 너무 불쾌하고 화가 나.	N	2022-06-29 06:47:46	2022-11-08 03:57:01
BE22005069	4	1	넌 사생활을 정말 중요시하는 사람인데 네 사생활을 침해당하는 기분이라 정말 화가 나겠다. 집을 비운 사이 말도 없이 물건을 함부로 봤다고 생각하면 정말 기분이 나쁠 것 같아.	N	2022-06-29 06:47:46	2022-11-08 03:57:01
BE22005069	5	0	응. 몇 번 지갑이 다른 위치에 놓여있길래 처음에는 내 기억이 잘못된 건가 했어. 아내가 청소를 하다가 실수로 옮겨놓은 건지 긴가민가했다니까. 그런데 저번에 우연히 아내가 내 지갑 속을 들여다보는 걸 내 두 눈으로 봤어. 정말 짜증나.	N	2022-06-29 06:47:46	2022-11-08 03:57:01
BE22005069	6	1	그 모습을 실제로 봤다니 심증에 대한 확신이 드는 순간에 정말 화가 치밀어 올랐겠다. 평소에 모든 걸 솔직하게 이야기할 정도로 서로 믿는 사이라 더욱 충격적이었겠다. 내가 너였어도 정말 배신감이 들었을 것 같아.	N	2022-06-29 06:47:46	2022-11-08 03:57:01
BE22005069	7	0	뭐 때문에 이런 행동을 하는지 도통 알 수가 없어서 더 답답해. 아내를 이해하려고 해보고 싶은데 그러기 쉽지 않네. 이 상황이 그냥 너무 답답하고 화가 나.	N	2022-06-29 06:47:46	2022-11-08 03:57:01
BE22005069	8	1	너처럼 이해심 깊은 사람도 그런 행동은 이해해주기 어렵겠다. 지갑을 본다는 건 돈이랑도 관련 있다 보니 더욱 신경 쓰일 것 같아. 이대로 두면 네가 계속 스트레스를 받을 것 같아서 나도 덩달아 마음이 쓰이네.	N	2022-06-29 06:47:46	2022-11-08 03:57:01
BE22005069	9	0	이 문제를 해결해야 할지 모르겠어. 참고 넘어가자고 하니 찝찝하고 이야기를 하자니 어디서부터 어떻게 해야 할지 막막해.	N	2022-06-29 06:47:46	2022-11-08 03:57:01
BE22005069	10	1	그렇겠다. 언제부터 그리고 어떤 이유에서 그랬는지 들어보면 마음이 조금은 괜찮아지지 않을까? 너의 아내는 거짓말을 하진 않는 사람이니까 네가 물어보면 솔직하게 대답해줄 거야. 너무 걱정하지 말고 아내와의 대화를 통해서 네가 본 것들과 너의 마음을 이야기해보는 건 어때?	N	2022-06-29 06:47:46	2022-11-08 03:57:01
BE22005069	11	0	그럴까? 아내가 끝까지 그러지 않았다고 발뺌하진 않겠지? 그런 모습을 보게 되면 화가 폭발할 것 같아.	N	2022-06-29 06:47:46	2022-11-08 03:57:01
BE22005069	12	1	아내와 너 사이에 신뢰가 두터운 만큼 그런 실망스러운 모습은 보이지 않을 거야. 아내에게 말을 못할 이유가 있을 수도 있잖아. 솔직한 대화를 나누고 나면 아내와의 관계가 더 돈독해질 수도 있지 않을까?	N	2022-06-29 06:47:46	2022-11-08 03:57:01
BE22005069	13	0	그럴 수도 있겠다. 그렇게 생각하니 조금 마음이 풀린다. 지레 안 좋은 생각하지 말고 한 번 이야기를 나누어 보면 아내도 앞으로 그러지 않겠지?	N	2022-06-29 06:47:46	2022-11-08 03:57:01
BE22005069	14	1	물론이지. 결혼생활에 있어서 대화가 정말 중요하다고 하잖아. 대화를 통해서 문제가 잘 해결되었으면 좋겠다.	N	2022-06-29 06:47:46	2022-11-08 03:57:01
BE22005069	15	0	내 이야기 잘 듣고 조언해줘서 정말 고마워.	Y	2022-06-29 06:47:46	2022-11-08 03:57:01
