id	utterance_id	utterance_type	utterance_text	terminate	regDate	updDate
BE22004714	1	0	불안, 우울증으로 상담받기 시작한 지도 몇 달이 지났잖아.	N	2022-06-28 11:25:15	2022-11-08 03:54:44
BE22004714	2	1	다녀보니까 어때? 도움이 되는 거 같아?	N	2022-06-28 11:25:15	2022-11-08 03:54:44
BE22004714	3	0	내가 자존감도 높이고 정서적인 독립도 할 수 있도록 하기 위해서 노력해야 한다고 해.	N	2022-06-28 11:25:15	2022-11-08 03:54:44
BE22004714	4	1	그거야 그렇지. 너 스스로가 너의 가치를 좀 알았으면 하는 게 나도 바람이야.	N	2022-06-28 11:25:15	2022-11-08 03:54:44
BE22004714	5	0	내가 온라인상에 쓴 짧은 글을 사람들이 보고 좋아해 줘서 기뻤다는 얘기를 했어. 그 후로 계속 글 쓰는 공부를 시작하고 글도 꾸준히 쓰라고 하셔.	N	2022-06-28 11:25:15	2022-11-08 03:54:44
BE22004714	6	1	나도 네가 재능이 있다고 생각해. 표현도 뭔가 다르고 독특하잖아. 나 역시 네가 쓴 글을 읽을 때마다 감탄하게 되는걸.	N	2022-06-28 11:25:15	2022-11-08 03:54:44
BE22004714	7	0	난 선생님 말씀 때문에 좀 화가 나. 아무리 부업으로 그 일을 한다고 해도 내가 작가가 된다니 말도 안 돼.	N	2022-06-28 11:25:15	2022-11-08 03:54:44
BE22004714	8	1	물론 갑작스런 제안에 황당해서 화가 날 수 있지. 나라면 무슨 말도 안 되는 소리를 하시냐고 따졌을 거야.	N	2022-06-28 11:25:15	2022-11-08 03:54:44
BE22004714	9	0	난 모르겠어. 난 그냥 남들하고 살짝 다르게 보고 느끼는 정도일 뿐. 글재주가 있다고 생각해 본 적이 없어서 말이야.	N	2022-06-28 11:25:15	2022-11-08 03:54:44
BE22004714	10	1	평소에 생각을 안 해봤다면 지금 정말 혼란스럽겠다. 그래도 기본적인 감각이 남들과 다르니 해보는 것도 나쁘지 않을 거 같아.	N	2022-06-28 11:25:15	2022-11-08 03:54:44
BE22004714	11	0	사람들이 내 글을 읽고 힘을 내고 좋아해 주는 게 너무 좋아서 글을 썼을 뿐이야. 내가 일부러 글을 쓰려고 쓴 게 아니니까.	N	2022-06-28 11:25:15	2022-11-08 03:54:44
BE22004714	12	1	그래 넌 지금 좀 화가 나서 아무 생각도 안 들 수도 있어. 그런데 네가 온라인에 글을 정기적으로 올리거나 책을 내게 되면 정말 좋을 것 같아. 더 많은 사람들이 네 글을 보고 위로받을 수 있잖아.	N	2022-06-28 11:25:15	2022-11-08 03:54:44
BE22004714	13	0	좋다는 건 알겠는데 난 지금 몹시 화가 나. 선생님은 내 글을 읽은 적도 없어. 그런데 내게 글 쓰는 재주가 있으니 작가가 되는 공부를 하라고 하시니까.	N	2022-06-28 11:25:15	2022-11-08 03:54:44
BE22004714	14	1	네 글을 읽어 보지도 않고 권하기만 하신다면 짜증이 날 거 같다. 하지만 선생님 말씀대로 네가 천천히 시작해본다면 못할 거 없다고 생각해.	N	2022-06-28 11:25:15	2022-11-08 03:54:44
BE22004714	15	0	그런가... 그런데 진짜 좀 짜증이 나긴 해. 휴... 그래도 일단 온라인 강의 같은 거 들어 볼까?	N	2022-06-28 11:25:15	2022-11-08 03:54:44
BE22004714	16	1	그래, 무조건 화만 내고 있을 게 아닌 거 같다. 시간적 여유를 가지고 뭐든 해 봐.	N	2022-06-28 11:25:15	2022-11-08 03:54:44
BE22004714	17	0	응, 강의도 듣고 글쓰기도 꾸준히 해야지. 해 봐야 선생님 말씀이 맞는지 틀린지를 알지.	N	2022-06-28 11:25:15	2022-11-08 03:54:44
BE22004714	18	1	잘 생각했어. 그렇게 하다 보면 너도 모르게 실력이 쌓여 있을 거야.	Y	2022-06-28 11:25:15	2022-11-08 03:54:44
