id	utterance_id	utterance_type	utterance_text	terminate	regDate	updDate
BE22001729	1	0	정말 짜증나 미치겠다.	N	2022-06-16 12:31:09	2022-11-08 03:35:36
BE22001729	2	1	왜? 무슨 일인데.	N	2022-06-16 12:31:09	2022-11-08 03:35:36
BE22001729	3	0	오빠가 이혼하고 조카들을 부모님한테 맡기고 자기는 나가버렸어.	N	2022-06-16 12:31:09	2022-11-08 03:35:36
BE22001729	4	1	오빠 부부지만 사이가 너무 좋아서 샘이 난다고 하지 않았어?	N	2022-06-16 12:31:09	2022-11-08 03:35:36
BE22001729	5	0	누가 알았겠니? 다른 부부들 다 이혼해도 두 사람은 그야말로 검은 머리 파뿌리 될 때까지 행복할 줄 알았지?	N	2022-06-16 12:31:09	2022-11-08 03:35:36
BE22001729	6	1	어쩌냐? 너도 많이 놀랐겠다.	N	2022-06-16 12:31:09	2022-11-08 03:35:36
BE22001729	7	0	나는 그렇다 치고. 우리 엄마는 무슨 죄라고 그 나이에 애들을 키워야 하냐? 정말 내 속이 부글부글 끓는다니까.	N	2022-06-16 12:31:09	2022-11-08 03:35:36
BE22001729	8	1	그러고도 남겠다. 친정엄마 얼마 전에 허리 수술했는데 조카들만 놓고 나갔으니 네 마음이 어떻겠니? 진짜 속상하겠구나.	N	2022-06-16 12:31:09	2022-11-08 03:35:36
BE22001729	9	0	밥을 먹다가도 숨이 턱턱 막힌다. 내가 속상한 건 엄마도 나와 똑같을 거란 말이지.	N	2022-06-16 12:31:09	2022-11-08 03:35:36
BE22001729	10	1	그래도 마음을 다독여 봐. 엄마한테 누가 있겠니? 속 터놓고 말할 사람은 너밖에 없잖아.	N	2022-06-16 12:31:09	2022-11-08 03:35:36
BE22001729	11	0	그렇구나. 내가 미처 그 생각을 못했네. 우리 엄마는 더 충격이지. 믿는 도끼에 발등 찍힌 꼴인데.	N	2022-06-16 12:31:09	2022-11-08 03:35:36
BE22001729	12	1	지금은 오빠도 그럴 테지만 마음이 진정되면 애들 챙기겠지. 오빠가 모범생 타입이라고 하지 않았어.	N	2022-06-16 12:31:09	2022-11-08 03:35:36
BE22001729	13	0	가장 힘든 사람은 오빠일 텐데. 도움이 되어 줄 생각은 않고 내가 화만 내고 있었구나.	N	2022-06-16 12:31:09	2022-11-08 03:35:36
BE22001729	14	1	너도 갑작스러운 일이니 그랬을 거야. 이런 일엔 누구나 다 시간이 필요하지 않겠어?	N	2022-06-16 12:31:09	2022-11-08 03:35:36
BE22001729	15	0	네 말을 들으니 마음이 좀 진정된다. 이젠 엄마와도 짜증내지 않고 대화할 수 있을 것 같아.	N	2022-06-16 12:31:09	2022-11-08 03:35:36
BE22001729	16	1	무엇보다 따뜻한 말 한마디 위로가 가장 큰 힘이 될 거야.	N	2022-06-16 12:31:09	2022-11-08 03:35:36
BE22001729	17	0	고마워. 내가 할 일은 다독이고 위로하는 것이라는 걸 깨달았어.	Y	2022-06-16 12:31:09	2022-11-08 03:35:36
