id	utterance_id	utterance_type	utterance_text	terminate	regDate	updDate
BE22001346	1	0	웨딩 촬영하러 야외로 나왔는데 바람이 너무 많이 불어. 이거 망한 것 같은데?	N	2022-06-15 00:46:35	2022-11-08 03:33:07
BE22001346	2	1	촬영 때문에 지금 제주도 갔지? 이맘때는 제주도에 바람이 많이 불긴 하지.	N	2022-06-15 00:46:35	2022-11-08 03:33:07
BE22001346	3	0	웨딩촬영 예쁘게 나오려고 머리도 열심히 길렀는데 바람에 날려서 거추장스러워 죽겠어.	N	2022-06-15 00:46:35	2022-11-08 03:33:07
BE22001346	4	1	아니야. 네 긴 머리는 바람에 날릴 때 제일 예쁜 거 몰라?	N	2022-06-15 00:46:35	2022-11-08 03:33:07
BE22001346	5	0	내가? 난 이 머리카락 때문에 눈앞이 안 보일 지경이야. 짜증 나 미치겠다니까.	N	2022-06-15 00:46:35	2022-11-08 03:33:07
BE22001346	6	1	너 초여름에 살랑살랑 바람 불 때마다 머리카락 쓸어 넘기는 게 얼마나 예쁘다고. 네가 조금 불편할지 몰라도 네가 앞머리 쓸어 넘기는 모습 같은 건 카메라에 자연스럽게 잘 담겼을 거야.	N	2022-06-15 00:46:35	2022-11-08 03:33:07
BE22001346	7	0	그런가? 사진작가는 바람 부는 날이 오히려 사진이 잘 나온다고는 하던데.	N	2022-06-15 00:46:35	2022-11-08 03:33:07
BE22001346	8	1	그렇다니까. 바람 때문에 자연스럽게 웃고 인상 찌푸리고 하는 게 훨씬 예쁘게 나올 거야. 연예인들 화보 촬영도 다 그렇잖아. 게다가 너는 웃는 게 시원하고 예뻐서 계절감하고도 무척 잘 어울릴 것 같아.	N	2022-06-15 00:46:35	2022-11-08 03:33:07
BE22001346	9	0	치... 그렇게 말하니까 내가 연예인이라도 된 것 같은데?	N	2022-06-15 00:46:35	2022-11-08 03:33:07
BE22001346	10	1	너의 그 예쁜 얼굴에 웨딩드레스까지 입었으니 연예인보다 더 예쁠 것 같은데? 사람들이 사인해 달라고 안 해?	N	2022-06-15 00:46:35	2022-11-08 03:33:07
BE22001346	11	0	참나. 덕분에 기분이 좀 풀린다. 사실 아까 전에 바람 때문에 앞머리가 눈을 찌르는 거야. 그때 인상을 확 찡그려 버려서 날린 사진이 있어서 기분이 안 좋았거든.	N	2022-06-15 00:46:35	2022-11-08 03:33:07
BE22001346	12	1	그 정도로 바람이 많이 불면 나라도 짜증 날 것 같기는 하다. 그래도 하루 온종일 사진 찍어야 하는데 한두 개 쯤은 날릴 수도 있다 생각하고 마음 편히 먹어. 나머지 촬영은 다 잘 나왔을 거야.	N	2022-06-15 00:46:35	2022-11-08 03:33:07
BE22001346	13	0	그렇지? 너무 한 장 한 장에 연연하지 말아야겠다.	N	2022-06-15 00:46:35	2022-11-08 03:33:07
BE22001346	14	1	그래. 마음이 가볍고 상쾌해야 표정도 예쁘게 나오지. 남은 촬영들도 즐거운 마음으로 잘 마무리하길 바래.	N	2022-06-15 00:46:35	2022-11-08 03:33:07
BE22001346	15	0	알았어. 잘 나온 사진 있으면 몇 장만 미리 공유해 줄게.	Y	2022-06-15 00:46:35	2022-11-08 03:33:08
