id	utterance_id	utterance_type	utterance_text	terminate	regDate	updDate
BE22001488	1	0	교통 법규를 위반해서 과태료가 날아왔어. 가뜩이나 이번 달에는 돈 쓸 곳이 많은데.	N	2022-06-15 23:02:25	2022-11-08 03:34:01
BE22001488	2	1	그거 받으면 되게 속 쓰린데. 도대체 뭘 위반했길래 그래?	N	2022-06-15 23:02:25	2022-11-08 03:34:01
BE22001488	3	0	시내 고속화 우회도로였는데 실선에서 차선 변경했다고...	N	2022-06-15 23:02:25	2022-11-08 03:34:01
BE22001488	4	1	에이, 과속이나 난폭운전도 아닌데 그 정도는 봐주면 안 되나?	N	2022-06-15 23:02:25	2022-11-08 03:34:01
BE22001488	5	0	지나가던 블랙박스를 장착한 차가 영상을 다운받아서 신고했나봐. 그래서 더욱 서운하고 짜증나.	N	2022-06-15 23:02:25	2022-11-08 03:34:01
BE22001488	6	1	교통법규를 지키는 건 당연한 거지만 그건 좀 그렇다. 많이 섭섭하긴 섭섭하겠다.	N	2022-06-15 23:02:25	2022-11-08 03:34:02
BE22001488	7	0	보통 실선에서 차선을 변경하는 것은 경고에서 그치지 과태료는 안 날아오는 거잖아?	N	2022-06-15 23:02:25	2022-11-08 03:34:02
BE22001488	8	1	나도 그렇게 알고 있어. 그런데 신고까지 한 걸 보면 다른 잘못도 있지 않았을까?	N	2022-06-15 23:02:25	2022-11-08 03:34:02
BE22001488	9	0	그걸 잘 모르겠어. 아무튼 운전 더욱 조심해야겠어.	N	2022-06-15 23:02:25	2022-11-08 03:34:02
BE22001488	10	1	그럼, 지킬 건 지키는 게 좋아. 요즘은 블랙박스로 찍은 영상이 핸드폰으로 무선 전송되어서 신고도 엄청 쉽대.	N	2022-06-15 23:02:25	2022-11-08 03:34:02
BE22001488	11	0	그 정도면 신고하는 게 일도 아니네. 하지만 그것 때문이 아니라 나를 위해서 교통법규를 지켜야지 뭘.	N	2022-06-15 23:02:25	2022-11-08 03:34:02
BE22001488	12	1	잘 생각했어. 신고한 사람도 포상금이나 받으려고 한 것이 아니라 네가 위험해서 그랬을지도 몰라. 운전 습관을 고쳐주려고 말이야.	N	2022-06-15 23:02:25	2022-11-08 03:34:02
BE22001488	13	0	맞아, 그렇게 생각해야겠네. 이번 일을 계기로 운전 습관을 고치면 신고한 그 사람이 은인일 수도 있잖아.	N	2022-06-15 23:02:25	2022-11-08 03:34:02
BE22001488	14	1	내가 널 좋아하는 게 바로 그 긍적적인 마인드 때문이야, 하하!	Y	2022-06-15 23:02:25	2022-11-08 03:34:02
