id	utterance_id	utterance_type	utterance_text	terminate	regDate	updDate
BE22005972	1	0	나는 왜 이렇게 아이들이 성가신지 모르겠어.	N	2022-07-04 06:10:07	2022-11-08 04:02:51
BE22005972	2	1	무슨 일 있었어? 갑자기 왜 그런 소리를 하는데?	N	2022-07-04 06:10:07	2022-11-08 04:02:51
BE22005972	3	0	오늘 모처럼 연차를 사용하고 미술관에 갔는데 아이들이 단체로 와서는 막 뛰어다니는 거야.	N	2022-07-04 06:10:07	2022-11-08 04:02:51
BE22005972	4	1	아, 무슨 상황인지 알겠어. 오랜만에 좀 마음에 힐링이 필요해서 간 미술관이 시끌벅적하니 화가 났구나.	N	2022-07-04 06:10:07	2022-11-08 04:02:51
BE22005972	5	0	맞아. 그런데 부모들이 아예 통제도 안 하고 주의도 안 주고. 엄마들끼리 사진 찍고 아주 난리야.	N	2022-07-04 06:10:07	2022-11-08 04:02:51
BE22005972	6	1	정말 시끄럽겠다. 간만에 우아하게 관람하고 싶었을 텐데 너의 소중한 하루가 다 망쳐진 기분일 것 같아. 엄청 화나는 일이지.	N	2022-07-04 06:10:07	2022-11-08 04:02:51
BE22005972	7	0	원래 아이들을 좋아하진 않지만 오늘은 정말 분노가 폭발할 것 같아. 가서 따지고 싶다니까. 심지어 아이들이 뛰어다니다 나랑 부딪혀서 한명은 울고 난리가 났어.	N	2022-07-04 06:10:07	2022-11-08 04:02:51
BE22005972	8	1	그 정도면 미술관 쪽에서도 자제를 시킬 텐데 그런 건 없고?	N	2022-07-04 06:10:07	2022-11-08 04:02:51
BE22005972	9	0	응. 전혀. 오늘따라 왜 관리자도 보이지 않는 건지 모르겠다. 어떻게 저렇게 이기적으로 애들을 키우는 걸까. 배려도 전혀 가르치지 않고.	N	2022-07-04 06:10:07	2022-11-08 04:02:51
BE22005972	10	1	아이들이 매너 있게 행동하는 건 부모의 책임이라고 생각해. 그런데 가끔 그렇지 못한 부모들을 볼 때 화가 나는 것 같아. 특히 내가 피해를 보는 상황이면 그 분노가 하늘을 찌를 거 같아.	N	2022-07-04 06:10:07	2022-11-08 04:02:51
BE22005972	11	0	너도 내 마음 이해하는구나. 아, 내 소중한 휴가를 이렇게 낭비하다니 믿을 수가 없다.	N	2022-07-04 06:10:07	2022-11-08 04:02:51
BE22005972	12	1	그럼. 어떻게 얻어낸 휴일인데 화가 날 법도 하다. 그래도 일단 나간 거니까 조금 아이들과 거리를 두면서 동선도 좀 달리 해봐. 분명 또 너만의 즐거운 시간을 지킬 방법이 있지 않을까?	N	2022-07-04 06:10:07	2022-11-08 04:02:51
BE22005972	13	0	그래. 내가 너무 이 아이들과 같이 다니는 것 같아. 하하. 너무 화가 나서 유연하게 대처하지 못한 거 같아.	N	2022-07-04 06:10:07	2022-11-08 04:02:51
BE22005972	14	1	응. 너의 멋진 하루를 응원할게. 그림에 더 집중할 수 있길 바래.	N	2022-07-04 06:10:07	2022-11-08 04:02:51
BE22005972	15	0	고마워. 정말 너랑 얘기 나누면 마음이 싹 정리된다니까. 나 잘 보고 들어갈게.	Y	2022-07-04 06:10:07	2022-11-08 04:02:51
