id	utterance_id	utterance_type	utterance_text	terminate	regDate	updDate
BE22001388	1	0	내가 못 살아 정말. 어제 우리 남편이 술에 떡이 돼서 들어온 거 있지?	N	2022-06-15 03:51:19	2022-11-08 03:33:23
BE22001388	2	1	어머, 또? 지난주에도 네가 데리러 갔었잖아.	N	2022-06-15 03:51:19	2022-11-08 03:33:23
BE22001388	3	0	응, 그랬지. 근데 어제 또 술을 밤늦게까지 퍼마시고 인사불성이 돼서 들어왔어. 이번엔 대리기사님이 업고 올라오셨더라.	N	2022-06-15 03:51:19	2022-11-08 03:33:23
BE22001388	4	1	아이고, 니가 스트레스 많이 받았겠구나. 밤중에 남편 건사하느라 힘들었겠다.	N	2022-06-15 03:51:19	2022-11-08 03:33:23
BE22001388	5	0	너무 스트레스야. 오늘이 주말이어서 다행이지, 아직도 세상모르고 자고 있어. 안 그러던 사람이 요즘 왜 그러는 걸까?	N	2022-06-15 03:51:19	2022-11-08 03:33:23
BE22001388	6	1	회사에서 힘든 일이 있었나? 안 그러다가 갑자기 그러니까 더 걱정되겠다.	N	2022-06-15 03:51:19	2022-11-08 03:33:23
BE22001388	7	0	없던 두통도 생길 지경이야. 술 문제로 속 썩인 적이 한 번도 없었는데 일주일 간격으로 또 이러니까 너무 실망스럽네.	N	2022-06-15 03:51:19	2022-11-08 03:33:23
BE22001388	8	1	너도 힘들겠지만 남편 일어나면 잘 이야기해 봐. 잘 풀어야 네 마음도 편해지지. 빨리 잘 해결됐으면 좋겠다.	N	2022-06-15 03:51:19	2022-11-08 03:33:23
BE22001388	9	0	그래야겠어. 다음 주에 또 회식 있거든 또 이렇게 몸 못 가누고 들어올까 봐 벌써부터 걱정된다.	N	2022-06-15 03:51:19	2022-11-08 03:33:23
BE22001388	10	1	생기지도 않은 일을 벌써부터 미리 걱정하면서 스트레스 받을 필요는 없어. 오늘 오후에 잘 얘기하면 안 그러겠지.	N	2022-06-15 03:51:19	2022-11-08 03:33:23
BE22001388	11	0	이런 적이 처음이라 뭐 어떻게 말을 해야 되는지 모르겠네. 다시는 술을 먹지 말라고 할 수도 없고.	N	2022-06-15 03:51:19	2022-11-08 03:33:23
BE22001388	12	1	그건 어렵겠지만, 최근 들어 갑자기 보인 모습이니까 마음 가라앉히고 그거에 대해서 차분히 얘기를 해보는 게 먼저일 것 같아. 그래야 너도 남편을 더 잘 이해할 수 있고 네 마음도 편안해질 수 있을 것 같아.	N	2022-06-15 03:51:19	2022-11-08 03:33:23
BE22001388	13	0	그래야겠다. 고마워 친구야.	N	2022-06-15 03:51:19	2022-11-08 03:33:23
BE22001388	14	1	그래, 대화로 해결하면 안 될 게 없지. 잘 얘기해 봐.	Y	2022-06-15 03:51:19	2022-11-08 03:33:23
