id	utterance_id	utterance_type	utterance_text	terminate	regDate	updDate
BE22001728	1	0	너 아직 출발 안 했지? 나 미리 도착해있는데 여기 지금 비 오기 시작했어.	N	2022-06-16 12:19:20	2022-11-08 03:35:36
BE22001728	2	1	응, 아직 집이야. 어쩌다가 그렇게 먼저 가 있어? 비가 온다니 어쩌면 좋지?	N	2022-06-16 12:19:20	2022-11-08 03:35:36
BE22001728	3	0	오랜만에 자전거 타는 거라 미리 몸 좀 풀려고 일찍 왔지. 근데 비가 와서 말짱 도루묵이네. 오랜만에 기대하고 나왔는데 이게 뭐야.	N	2022-06-16 12:19:20	2022-11-08 03:35:36
BE22001728	4	1	그래. 너 자전거 타는 거 좋아하는데 요즘 시간 없어서 많이 못 타서 아쉬웠지? 하필 오랜만에 날짜 잡은 날 일기예보에도 없는 비가 오다니 나도 참 실망스럽네.	N	2022-06-16 12:19:20	2022-11-08 03:35:36
BE22001728	5	0	그러니까. 오늘 비 올 확률 적다고 해서 걱정 없이 나왔더니 많이도 오네. 이렇게 찍어서 맞출 거면 동전 던지기로 일기 예보해야 하는 수준 아니냐고.	N	2022-06-16 12:19:20	2022-11-08 03:35:36
BE22001728	6	1	나도 일기예보 믿고 휴가 일정 잡았다가 죽 쑨 게 한두 번이 아니라 네 마음 이해된다. 이럴 때 진짜 답답하고 어디다 하소연할 곳도 없고 억울하지.	N	2022-06-16 12:19:20	2022-11-08 03:35:36
BE22001728	7	0	급하게 편의점 들어가서 우비부터 사려고 했는데 그것도 다 팔린 거 있지? 비 쫄딱 맞으면서 라이딩 하며 집에 가게 생겼다.	N	2022-06-16 12:19:20	2022-11-08 03:35:36
BE22001728	8	1	갑작스럽게 내린 비라 다들 준비를 못 해서 많이들 샀나 보다. 나야 집에 있어서 괜찮지만 네가 그렇게 고생해서 어쩌냐.	N	2022-06-16 12:19:20	2022-11-08 03:35:36
BE22001728	9	0	누가 아니래. 그냥 왔다가 자전거는 얼마 타지도 못하고 비만 맞고 가다니 너무 억울해.	N	2022-06-16 12:19:20	2022-11-08 03:35:36
BE22001728	10	1	그래도 더운 날 땀날 일 없이 집에 가게 생긴 거니까 좋게 생각하자. 너무 또 스트레스 받으면 좋을 거 없잖아.	N	2022-06-16 12:19:20	2022-11-08 03:35:36
BE22001728	11	0	그래. 네 말대로 한여름인데 시원하게 가긴 하겠다.	N	2022-06-16 12:19:20	2022-11-08 03:35:36
BE22001728	12	1	네가 너희 동네로 갈게. 너 집에서 씻고 나오면 근처에서 맥주나 한잔하면서 아쉬움 달래자.	N	2022-06-16 12:19:20	2022-11-08 03:35:36
BE22001728	13	0	그 맥주는 자전거 딱 타고 땀 쫙 빼고 먹었어야 꿀맛인데 아쉽네. 라이딩은 다음을 기약하자.	N	2022-06-16 12:19:20	2022-11-08 03:35:36
BE22001728	14	1	그러자. 다음에는 오늘 못 탄 만큼 제대로 타고 그때도 맥주 한잔하면 되지.	N	2022-06-16 12:19:20	2022-11-08 03:35:36
BE22001728	15	0	좋은 생각이네. 그럼 집에 가서 씻고 연락할게. 너도 조심해서 와.	Y	2022-06-16 12:19:20	2022-11-08 03:35:36
