id	utterance_id	utterance_type	utterance_text	terminate	regDate	updDate
BE22003018	1	0	스키장에 가기로 했는데 나의 계획이 다 물거품이 되어버렸어.	N	2022-06-23 10:37:07	2022-11-08 03:43:53
BE22003018	2	1	무슨 일이야? 계획이 망가졌다니 자세히 말해줄래?	N	2022-06-23 10:37:07	2022-11-08 03:43:53
BE22003018	3	0	이번 주에 스키장에 가기 위해 모든 예약을 마쳤는데, 다리를 다쳤지 뭐야.	N	2022-06-23 10:37:07	2022-11-08 03:43:53
BE22003018	4	1	어쩌다가 다친 거야? 너 얼마 전까지는 멀쩡했잖아.	N	2022-06-23 10:37:07	2022-11-08 03:43:53
BE22003018	5	0	얼마 전에 친구들이랑 축구를 하다가 다른 사람과 부딪혀 넘어지면서 뼈에 금이 갔어.	N	2022-06-23 10:37:07	2022-11-08 03:43:53
BE22003018	6	1	생각만 해도 너무 끔찍하고 아프다. 그래서 스키장 예약을 취소했어?	N	2022-06-23 10:37:07	2022-11-08 03:43:53
BE22003018	7	0	응. 그래서 스키장 예약을 취소해야 하는데 수수료가 너무 만만찮아서 좌절했어. 열심히 모은 돈으로 예약한 건데 정말 기분이 좋지 않다.	N	2022-06-23 10:37:07	2022-11-08 03:43:53
BE22003018	8	1	네가 열심히 아르바이트했다는 것을 내가 그 누구보다 잘 알지. 수수료가 비싸다니 너무 좌절감이 들겠다. 나 같아도 정말 우울할 것 같아.	N	2022-06-23 10:37:07	2022-11-08 03:43:53
BE22003018	9	0	스키장뿐 아니라 숙박 시설도 모두 예약을 취소해야 하는 상황이야. 숙박 시설 예약비도 정말 만만찮아. 다리를 다쳐 돈을 다 날리게 됐어.	N	2022-06-23 10:37:07	2022-11-08 03:43:53
BE22003018	10	1	안 그래도 아파서 힘들 텐데 금전적인 면에서도 손해를 봐야 한다니 나도 덩달아 안타깝다. 나 같아도 기분이 너무 좋지 않을 것 같아.	N	2022-06-23 10:37:07	2022-11-08 03:43:53
BE22003018	11	0	축구할 때 조금만 조심했더라면 이런 일이 벌어지지 않았을 텐데.	N	2022-06-23 10:37:07	2022-11-08 03:43:54
BE22003018	12	1	너의 잘못은 아니야. 축구를 하다보면 자주 다치기도 하니까.	N	2022-06-23 10:37:07	2022-11-08 03:43:54
BE22003018	13	0	아무튼 스키장에 가지 못하게 되어 기분이 안 좋네. 그래도 내 이야기 들어줘서 고마워.	N	2022-06-23 10:37:07	2022-11-08 03:43:54
BE22003018	14	1	내가 도움이 되었다면 좋네.	N	2022-06-23 10:37:07	2022-11-08 03:43:54
BE22003018	15	0	얼른 나아서 나중에라도 스키장에 가게 되었으면 좋겠다.	N	2022-06-23 10:37:07	2022-11-08 03:43:54
BE22003018	16	1	얼른 회복되어 꼭 원하던 바를 이루길 바라.	Y	2022-06-23 10:37:07	2022-11-08 03:43:54
