id	utterance_id	utterance_type	utterance_text	terminate	regDate	updDate
BE22005390	1	0	딸 키우기 왜 이렇게 힘든 건지 모르겠어.	N	2022-06-30 08:31:57	2022-11-08 03:59:08
BE22005390	2	1	딸이 말썽이라도 부렸어?	N	2022-06-30 08:31:57	2022-11-08 03:59:08
BE22005390	3	0	아니, 핑크색 옷만 입겠다고 고집부려서 등원 전에 한바탕했지 뭐야.	N	2022-06-30 08:31:57	2022-11-08 03:59:08
BE22005390	4	1	그때가 딱 그럴 때지. 나도 우리 애 그 나이 때 매일매일이 전쟁이었어. 그 기싸움 말도 못 해, 아침부터 진이란 진은 다 빼서 힘들겠다.	N	2022-06-30 08:31:57	2022-11-08 03:59:08
BE22005390	5	0	응, 아주 말도 못 해. 자기주장이 너무 강해지니까 엄마 말은 아주 귓등으로도 안 듣는 거 있지? 얼굴에 열 올라서 아주 혼났네.	N	2022-06-30 08:31:57	2022-11-08 03:59:08
BE22005390	6	1	아이고 얼마나 속상했겠어. 떼쓰는 거는 말려지지도 않았으니 속에서 천불 났겠네. 나도 그때 생각나서 나까지 답답해진다, 야.	N	2022-06-30 08:31:57	2022-11-08 03:59:08
BE22005390	7	0	응, 진짜 어린애한테 화를 낼 수도 없고, 가슴이 아주 꽉 막힌 것 같아.	N	2022-06-30 08:31:57	2022-11-08 03:59:08
BE22005390	8	1	그때 진짜 힘들지, 벽에다 대고 말하는 것도 아니고 화도 못 내고 말이야.	N	2022-06-30 08:31:57	2022-11-08 03:59:08
BE22005390	9	0	응, 여기저기 다른 아기 엄마들에게 물어보기도 하고 책도 보면서 공부했잖아. 아이를 어떻게 키워야 하는지 연구하는데도 실전에서는 진짜 먹히지는 않네.	N	2022-06-30 08:31:57	2022-11-08 03:59:08
BE22005390	10	1	나는 네가 얼마나 노력했는지 잘 알잖아. 정말 좋은 엄마야 넌. 그렇게까지 아이를 위해 노력하는 엄마가 어딨니.	N	2022-06-30 08:31:57	2022-11-08 03:59:08
BE22005390	11	0	그렇게 말해줘서 고마워. 너무 고집부리는 바람에 화도 났지만 내가 잘하고 있는 게 맞는지 회의감까지 들더라고. 네 한 마디에 그나마 내가 괜찮은 엄마로 느껴지네.	N	2022-06-30 08:31:57	2022-11-08 03:59:08
BE22005390	12	1	그럼, 내가 아는 선에서는 1등 엄마야! 내가 겪어봐서 아는데 고집 피우는 시기 금방 지나간다? 조금만 견디면 나아질 거야.	N	2022-06-30 08:31:57	2022-11-08 03:59:08
BE22005390	13	0	그랬으면 정말 좋겠다. 언제나 도움이 많이 된다. 이렇게 마음 터놓을 수 있는 친구가 있어서 난 좋아.	N	2022-06-30 08:31:57	2022-11-08 03:59:08
BE22005390	14	1	아냐, 이런 일 있을 때 도와줄 수 있어서 내가 더 좋은걸. 우리 힘내자!	Y	2022-06-30 08:31:57	2022-11-08 03:59:08
