id	utterance_id	utterance_type	utterance_text	terminate	regDate	updDate
BE22005031	1	0	아니 내가 아까 무슨 일이 있었는지 알아?	N	2022-06-29 05:47:52	2022-11-08 03:56:45
BE22005031	2	1	그냥 밥 먹으러 식당 간 거 아니었어?	N	2022-06-29 05:47:52	2022-11-08 03:56:45
BE22005031	3	0	맞아 근데 돼지 오돌뼈를 씹다가 이빨에 금이 가버렸어. 너무 화나. 나 이빨 치료받은 지 진짜 얼마 안 됐단 말이야!	N	2022-06-29 05:47:52	2022-11-08 03:56:45
BE22005031	4	1	헐? 혹시 그 이빨이야? 너무 화나겠다. 그때 진단받는 것도 엄청 아파했었잖아. 아니 어떻게 그렇게 쉽게 금 갔지. 나 같아도 화났다!	N	2022-06-29 05:47:52	2022-11-08 03:56:45
BE22005031	5	0	어 맞아. 내가 저번에 이빨 치료한다고 100만원 넘게 쓴 거 알지? 와 내 100만원이 그래도 사라지는 경험을 해보다니. 진짜 기가 차서 화가 나더라.	N	2022-06-29 05:47:52	2022-11-08 03:56:45
BE22005031	6	1	나 같아도 그럴 것 같아. 그때 지출이 너무 커서 먹고 싶은 것도 못 먹고 아껴 살았었잖아. 옆에서 정말 안타까웠는데, 지금 얼마나 속상할까.	N	2022-06-29 05:47:52	2022-11-08 03:56:45
BE22005031	7	0	맞아. 식당에서 밥 먹다가 진짜 그대로 앉아서 펑펑 울뻔했어.	N	2022-06-29 05:47:52	2022-11-08 03:56:45
BE22005031	8	1	근데 오돌뼈로 금이 간 거면, 내 추측인데 아마 다른 이유라도 금이 곧 생겼을 것 같아. 오히려 치료가 제대로 안 된 거니까 너무 심하지 않은 상황에서 알게 되서 다행인 것 같기도 한걸?	N	2022-06-29 05:47:52	2022-11-08 03:56:45
BE22005031	9	0	아 하긴 그렇게도 생각해볼 수 있겠다. 안 그래도 그때 치료 끝나고 좀 과하게 아픈 것 같기도 했어.	N	2022-06-29 05:47:52	2022-11-08 03:56:45
BE22005031	10	1	맞아 이번에 치과 가시면, 의사 선생님이 더 꼼꼼하게 봐주실 거야. 그리고 생각해보니까, 저번에 내가 치료받았던 이빨 다시 치료받으러 갔을 때, 추가비용을 많이 안 받으셨었어.	N	2022-06-29 05:47:52	2022-11-08 03:56:45
BE22005031	11	0	정말? 나도 그러면 좋겠다. 치과 가는 건 힘들어. 지출도 그렇고 아프기도 너무 아프고.	N	2022-06-29 05:47:52	2022-11-08 03:56:45
BE22005031	12	1	인정. 진짜 생각보다 돈이 많이 필요하더라. 그래도 이번 기회에 아주 제대로 치료해서, 앞으로 건강한 이빨을 가져보자고!	N	2022-06-29 05:47:52	2022-11-08 03:56:45
BE22005031	13	0	맞아. 이번에는 꼭 잘 치료받고 올게! 덕분에 걱정이 정말 많이 줄었어, 고마워!	N	2022-06-29 05:47:52	2022-11-08 03:56:45
BE22005031	14	1	뭘. 그리고 다음부터는 조금 조심해서 앞으로는 이런 기분 안 느낄 수 있으면 좋겠다!	N	2022-06-29 05:47:52	2022-11-08 03:56:45
BE22005031	15	0	맞아! 앞으로는 꼭 조심해서 살아야지!	Y	2022-06-29 05:47:52	2022-11-08 03:56:45
