id	utterance_id	utterance_type	utterance_text	terminate	regDate	updDate
BE22004829	1	0	나 지금 너무 화가 나. 엄마 때문에 작년에 산 옷 다 버리게 생겼어.	N	2022-06-28 15:03:59	2022-11-08 03:55:27
BE22004829	2	1	뭐? 어쩌다가 그런 일이 생긴 거야. 어머님이 어떻게 하셨길래 그래?	N	2022-06-28 15:03:59	2022-11-08 03:55:27
BE22004829	3	0	내가 외출복이 거의 다 손빨래해야 되는 것들이라 엄마한테 외출복은 내가 알아서 빤다고 말했었거든. 근데 엄마가 내 말 무시하고 세탁기에 다 넣고 돌려버려서 물 빠지고 늘어나고 난리도 아니야. 나 진짜 너무 화가 나.	N	2022-06-28 15:03:59	2022-11-08 03:55:27
BE22004829	4	1	아 듣기만 해도 내가 다 너무 속상하다. 어머님이 깜박하신 거야?	N	2022-06-28 15:03:59	2022-11-08 03:55:27
BE22004829	5	0	그런 거 같아. 내가 아끼는 옷들이 너무 많아서 지금 정신을 못 차리겠어. 화가 나서 주체가 안 돼.	N	2022-06-28 15:03:59	2022-11-08 03:55:27
BE22004829	6	1	한꺼번에 아끼는 옷들이 전부 다 망가지면 나 같아도 많이 속상하고 화날 거 같아. 네 맘 충분히 이해돼.	N	2022-06-28 15:03:59	2022-11-08 03:55:27
BE22004829	7	0	그렇지? 아무리 엄마라지만 너무한 거 같아. 내 말은 항상 뒷전이고 본인이 편한 대로 해서 계속 문제가 생기는데 나도 이젠 한계야.	N	2022-06-28 15:03:59	2022-11-08 03:55:27
BE22004829	8	1	몇 번 그런 일이 있었다면 더더욱 속상하겠다. 불만이 쌓이면 걷잡을 수 없이 커지는 게 당연하니까. 어머님은 이번엔 뭐라셔?	N	2022-06-28 15:03:59	2022-11-08 03:55:27
BE22004829	9	0	사실 내가 좀 엄마한테 화를 냈거든. 근데 엄마가 나한테 왜 이렇게 예민하게 구냐고 하더라고. 그 뒤로 말이 안 통할 거 같아서 그냥 밖에 나왔어.	N	2022-06-28 15:03:59	2022-11-08 03:55:27
BE22004829	10	1	그랬구나. 잘은 모르겠지만 어머님도 당황하셔서 그렇게 말씀하신 거 같아. 혹시 화가 가라앉으면 어머님이랑 차분히 대화를 하는 건 어떨까? 서로 오해하고 있는 부분이 있으면 어느 정도 대화로 해결할 수 있을 거 같은데!	N	2022-06-28 15:03:59	2022-11-08 03:55:27
BE22004829	11	0	그런가? 사실 나도 아까 엄마한테 너무 화내면서 말한 거 같아서 내내 마음이 안 좋았어. 네 말대로 차분히 대화해 볼 걸 그랬나 봐.	N	2022-06-28 15:03:59	2022-11-08 03:55:27
BE22004829	12	1	순간적으로 화가 나면 그럴 수도 있는 거지. 나도 엄마한테 화내고 미안해할 때 많아서 공감이 된다. 지금이라도 차분히 대화를 해보면 분명 오해가 풀릴 거야!	N	2022-06-28 15:03:59	2022-11-08 03:55:27
BE22004829	13	0	응. 그래야겠다. 어쨌든 엄마도 나를 위해 빨래를 해준 건데 내가 너무 욱했던 거 같아.	N	2022-06-28 15:03:59	2022-11-08 03:55:27
BE22004829	14	1	나였어도 순간적으로 그랬을 거야. 어머님도 네 맘을 충분히 아실 거라고 생각해.	N	2022-06-28 15:03:59	2022-11-08 03:55:27
BE22004829	15	0	그렇게 말해줘서 고마워. 엄마랑 잘 얘기해서 오해 풀게. 조언해 줘서 너무 고마워.	Y	2022-06-28 15:03:59	2022-11-08 03:55:27
