id	utterance_id	utterance_type	utterance_text	terminate	regDate	updDate
BE22003057	1	0	새로 들어온 신입사원이 일을 너무 못해서 화가 날 지경이야.	N	2022-06-23 13:08:56	2022-11-08 03:44:08
BE22003057	2	1	왜? 무슨 실수라도 했어?	N	2022-06-23 13:08:56	2022-11-08 03:44:08
BE22003057	3	0	응. 내가 분명히 어제 아침까지 회의 자료를 복사하라고 했는데 엉망으로 준비를 해왔더라고. 덕분에 어제 회의를 다 망쳤어.	N	2022-06-23 13:08:56	2022-11-08 03:44:09
BE22003057	4	1	어떡해. 그 회의 네가 열심히 계획했던 거잖아. 네가 열심히 준비한 거 아는 나도 이렇게 속상한데 너 정말 짜증이 났을 것 같아. 나도 같이 속이 답답한 것 같아.	N	2022-06-23 13:08:56	2022-11-08 03:44:09
BE22003057	5	0	응. 그래서 아직도 화가 안 풀려. 어떻게 그렇게 일 하나를 제대로 못할 수가 있지?	N	2022-06-23 13:08:56	2022-11-08 03:44:09
BE22003057	6	1	그러게 말이야. 그 신입사원한테 앞으로는 어떻게 하라고 조언해줬어?	N	2022-06-23 13:08:56	2022-11-08 03:44:09
BE22003057	7	0	응. 조언해줬지. 그랬더니 이번에는 다른 실수를 또 하더라고. 정말 답답해서 미칠 것 같아.	N	2022-06-23 13:08:56	2022-11-08 03:44:09
BE22003057	8	1	답답하긴 하겠다. 그래도 사람이 처음부터 다 잘할 수는 없잖아. 그 사원도 엄청 자책하고 있을걸? 우리 처음 입사했을 때 생각하면서 너그럽게 봐주자고 마음먹으면 화가 좀 가라앉지 않을까?	N	2022-06-23 13:08:56	2022-11-08 03:44:09
BE22003057	9	0	생각해보니까 그렇긴 하네. 나도 처음 들어왔을 때 실수를 많이 하긴 했어.	N	2022-06-23 13:08:56	2022-11-08 03:44:09
BE22003057	10	1	그래. 실수하면 따끔히 알려주되 혼자 너무 스트레스 받지는 말자. 화내면 너만 머리 아프고 손해야.	N	2022-06-23 13:08:56	2022-11-08 03:44:09
BE22003057	11	0	네 말이 맞는 것 같아. 다른 일 신경 쓸 것도 많은데 괜히 더 화를 낼 필요는 없지.	N	2022-06-23 13:08:56	2022-11-08 03:44:09
BE22003057	12	1	맞아. 마음 풀고 오늘도 즐거운 마음으로 하루를 시작해보자고.	N	2022-06-23 13:08:56	2022-11-08 03:44:09
BE22003057	13	0	좋았어. 너도 좋은 하루 보내. 나도 마음을 가다듬고 하루를 시작해보겠어.	N	2022-06-23 13:08:56	2022-11-08 03:44:09
BE22003057	14	1	잘 생각했어. 오늘도 파이팅이야.	Y	2022-06-23 13:08:56	2022-11-08 03:44:09
