id	utterance_id	utterance_type	utterance_text	terminate	regDate	updDate
BE22003582	1	0	나 지금 화단 정리 중이야.	N	2022-06-25 07:19:55	2022-11-08 03:47:29
BE22003582	2	1	뭐, 이 뙤약볕에? 엄청 힘들겠다 야.	N	2022-06-25 07:19:55	2022-11-08 03:47:29
BE22003582	3	0	여름이라 잡초가 자라서 정리해 줘야 해.	N	2022-06-25 07:19:55	2022-11-08 03:47:29
BE22003582	4	1	아이고. 그건 어쩔 수 없이 정리해야 하긴 하겠다.	N	2022-06-25 07:19:55	2022-11-08 03:47:29
BE22003582	5	0	그런데 이 잡초는 뽑아도 뽑아도 자꾸 똑같은 자리에 또 생겨. 진짜 화가 난다니까?	N	2022-06-25 07:19:55	2022-11-08 03:47:29
BE22003582	6	1	맞아. 뽑은 자리에 그대로 또 생기지. 나도 예전 삼촌 농장에 아르바이트하러 갔을 때 그런 경험 있어.	N	2022-06-25 07:19:55	2022-11-08 03:47:29
BE22003582	7	0	너도 비슷한 경험이 있구나. 이거 정말 큰 문제네.	N	2022-06-25 07:19:55	2022-11-08 03:47:29
BE22003582	8	1	뭔가 반영구적으로 잡초를 제거할 만한 다른 방법은 없나?	N	2022-06-25 07:19:55	2022-11-08 03:47:29
BE22003582	9	0	인터넷으로 방법을 찾아 보긴 했는데... 제초제 같은 건 다른 식물도 같이 죽어서 쓸 수가 없더라.	N	2022-06-25 07:19:55	2022-11-08 03:47:29
BE22003582	10	1	그렇겠네. 그 방법은 못 쓰겠다. 어떡하지?	N	2022-06-25 07:19:55	2022-11-08 03:47:29
BE22003582	11	0	어쩔 수 없이 손으로 제거해야지 뭐. 이 더운 날에 잡초들은 시원한 땅속에 있지 무엇 하러 밖에 고개를 내미는 건지 모르겠어.	N	2022-06-25 07:19:55	2022-11-08 03:47:29
BE22003582	12	1	정말, 네 말이 딱 맞다. 시원하게 그냥 땅속에 있다가 좀 서늘해지면 나오지.	N	2022-06-25 07:19:55	2022-11-08 03:47:29
BE22003582	13	0	앞으로 몇 개월 동안 잡초 뽑는 걸 해야 된다니 끔찍하네.	N	2022-06-25 07:19:55	2022-11-08 03:47:29
BE22003582	14	1	그래도 네가 열심히 제초해 주면 다른 식물들이 네 보살핌에 엄청 고마워할 거야.	N	2022-06-25 07:19:55	2022-11-08 03:47:29
BE22003582	15	0	그렇겠지? 화단의 다른 식물들을 위해서라도 힘내서 열심히 해야겠다.	Y	2022-06-25 07:19:55	2022-11-08 03:47:29
