id	utterance_id	utterance_type	utterance_text	terminate	regDate	updDate
BE22003325	1	0	나 얼마 전에 주름 개선에 좋다는 영양크림을 새로 샀어.	N	2022-06-24 08:21:25	2022-11-08 03:45:50
BE22003325	2	1	혹시 그거 아닌가? 입소문으로 베스트셀러가 됐다는 그 영양크림 말이야. 나도 궁금했었거든.	N	2022-06-24 08:21:25	2022-11-08 03:45:50
BE22003325	3	0	그 제품 맞아. 나도 좋다는 리뷰가 너무 많아서 회사 퇴근하고 매장으로 달려가서 샀잖아.	N	2022-06-24 08:21:25	2022-11-08 03:45:50
BE22003325	4	1	진짜 소문만큼 좋은 거 같아?	N	2022-06-24 08:21:25	2022-11-08 03:45:51
BE22003325	5	0	나한테는 최악이었어. 평소에 민감성도 아닌데 이틀쯤 사용했더니 얼굴이 붉어지고 부어오르더라고. 그 리뷰들 진짜인지 의심스럽더라.	N	2022-06-24 08:21:25	2022-11-08 03:45:51
BE22003325	6	1	어머 트러블 생긴 거야? 이뻐지자고 샀는데 무슨 그런 일이 생긴 거야. 짜증 너무 났겠어.	N	2022-06-24 08:21:25	2022-11-08 03:45:51
BE22003325	7	0	말도 마. 아침에 거울 보는데 출근은 해야 하고 얼굴은 난리고 화장은 안 먹고 하루 종일 우울했었잖아. 아침에 출근이 다 하기 싫더라.	N	2022-06-24 08:21:25	2022-11-08 03:45:51
BE22003325	8	1	왜 아니겠어. 여자들 아침 화장이 얼마나 중요한데. 화장 잘 된 날은 하루 종일 기분이 좋다고. 그럼 그 화장품은 어떻게 해?	N	2022-06-24 08:21:25	2022-11-08 03:45:51
BE22003325	9	0	매장에 가지고 갔더니 환불해주더라고. 마음 같아서는 환불도 환불이지만 손해배상 하라고 하고 싶더라니까. 근데 매장 직원이 무슨 잘못이겠어.	N	2022-06-24 08:21:25	2022-11-08 03:45:51
BE22003325	10	1	그래도 바로 환불해줘서 그나마 다행이다. 지인도 얼마 전에 비슷한 일 있었데. 직원이 다른 사람은 괜찮은데 왜 당신만 그러냐는 식으로 이야기를 하더래.	N	2022-06-24 08:21:25	2022-11-08 03:45:51
BE22003325	11	0	요즘 누가 그런 식으로 물건을 팔아. 마인드가 영 아니네.	N	2022-06-24 08:21:25	2022-11-08 03:45:51
BE22003325	12	1	요즘도 그런 경우가 있더라고. 얼굴 지금은 어때?	N	2022-06-24 08:21:25	2022-11-08 03:45:51
BE22003325	13	0	조금 가라앉긴 했는데 며칠 안 돼서 아직도 울긋불긋해. 속상하네.	N	2022-06-24 08:21:25	2022-11-08 03:45:51
BE22003325	14	1	시간 되면 잠깐 볼래? 너도 알지만 난 봄 되면 꽃가루에 얼굴 간지럽잖아. 그때 효과 봤던 진정팩 있는데 줄 테니 한번 써봐.	N	2022-06-24 08:21:25	2022-11-08 03:45:51
BE22003325	15	0	진짜? 그럼 퇴근하고 전화할게. 신경 써줘서 고마워 친구.	Y	2022-06-24 08:21:25	2022-11-08 03:45:51
