id	utterance_id	utterance_type	utterance_text	terminate	regDate	updDate
BE22006145	1	0	내가 오늘 회사에서 점심시간에 음식을 시켰거든? 근데 너무 늦게 와서 결국 점심을 못 먹었어. 너무 화가 나.	N	2022-07-04 16:53:50	2022-11-08 04:03:57
BE22006145	2	1	뭐라고? 아예 한 입도 못 먹은 거야? 너 진짜 배고팠겠다.	N	2022-07-04 16:53:50	2022-11-08 04:03:57
BE22006145	3	0	응. 점심시간 뒤에 바로 중요한 회의가 있는데 회의가 시작할 때까지 오지 않아서 입도 못 댔어. 결국 배고픈 상태로 회의에 들어갔는데 완벽하지 못한 컨디션으로 들어간 게 너무 속상하고 화나.	N	2022-07-04 16:53:50	2022-11-08 04:03:57
BE22006145	4	1	너 그 회의 진짜 열심히 준비했던 걸 내가 봐서 네 마음이 어땠을지 알겠어. 나였어도 그렇게 심혈을 기울여서 준비했던 일을 완벽하지 못한 컨디션으로 수행해야 하면 화가 났을 거야. 너 또 중요한 일 있기 전에 밥 든든하게 먹는 걸 중요하게 생각하잖아.	N	2022-07-04 16:53:50	2022-11-08 04:03:57
BE22006145	5	0	응. 나만의 철칙처럼 항상 지켜왔던 걸 지키지 못하니까 너무 짜증이 나더라고. 괜히 그것 때문에 완벽하게 회의를 진행하지 못한 건 아닐까 하는 생각이 들어서 너무 속상해.	N	2022-07-04 16:53:50	2022-11-08 04:03:57
BE22006145	6	1	그래도 넌 회의를 누구보다 잘 이끌어나갔을 거야. 너 원래 일도 꼼꼼하게 잘 요약하고 발표도 일목요연하게 잘하잖아. 분명히 다른 사람들도 네 발표를 보고 감탄하고 칭찬했을걸?	N	2022-07-04 16:53:50	2022-11-08 04:03:57
BE22006145	7	0	다들 회의 발표 너무 좋았다고 칭찬해주시긴 했어. 그래도 내가 완벽하게 만족이 안 되는 느낌이라고 할까?	N	2022-07-04 16:53:50	2022-11-08 04:03:57
BE22006145	8	1	나도 중요한 일을 하기 전에 꼭 지키는 징크스 같은 게 있어서 그 마음 알아. 그래도 이번에 많은 사람에게 칭찬도 받고 성공적으로 회의를 마쳤잖아. 이 기회에 그 징크스를 한 번 깨본다고 생각하면 기분이 좀 나아지지 않을까?	N	2022-07-04 16:53:50	2022-11-08 04:03:57
BE22006145	9	0	그렇긴 해. 이제까지 그 징크스 같은 것 때문에 계속 마음 한 쪽이 불편한 적도 있었거든. 속이 좋지 않은 날에도 꼭 그걸 해결하지 않으면 하루 종일 기분이 안 좋고. 네 말대로 이번 기회에 그걸 한 번 깨부수는 계기로 생각을 해봐야겠다.	N	2022-07-04 16:53:50	2022-11-08 04:03:57
BE22006145	10	1	그래. 그리고 점심시간에 식당도 너무 바쁘고 배달원도 너무 바빠서 어쩔 수 없이 늦은 걸 거야. 네가 넓은 마음으로 이해해보면 기분이 좀 나아질 거야.	N	2022-07-04 16:53:50	2022-11-08 04:03:57
BE22006145	11	0	응. 안 그래도 너무 화가 나서 식당에 전화했었는데 바빠서 그랬다고 너무 죄송하다고 말씀하시더라고. 바쁠 때 얼마나 정신없는지 나도 아니까 내가 이해해야지.	N	2022-07-04 16:53:50	2022-11-08 04:03:57
BE22006145	12	1	그래. 그 대신 오늘 나랑 같이 맛있는 거 먹으러 갈까? 너 오늘 회의도 성공적으로 마친 기념으로 내가 맛있는 거 사줄게.	N	2022-07-04 16:53:50	2022-11-08 04:03:57
BE22006145	13	0	그러면 나야 고맙지. 오늘 내 투정 들어줘서 고마워. 네 덕분에 기분이 많이 나아진 것 같아.	N	2022-07-04 16:53:50	2022-11-08 04:03:57
BE22006145	14	1	그랬다니 다행이야. 너희 회사 앞에 도착하면 연락할게.	Y	2022-07-04 16:53:50	2022-11-08 04:03:57
