id	utterance_id	utterance_type	utterance_text	terminate	regDate	updDate
BE22002403	1	0	하, 오늘 강남에서 사람 구경만 열심히 하고 있다, 지금.	N	2022-06-21 08:25:15	2022-11-08 03:39:58
BE22002403	2	1	아, 맞다. 오늘 너 강남에서 아르바이트 면접이 있다고 했었지? 왜? 마음에 안 들어?	N	2022-06-21 08:25:15	2022-11-08 03:39:58
BE22002403	3	0	마음에 들고 안 들고를 판단할 수도 없어. 6시까지 연락 주겠다고 해놓고 아직도 연락이 없거든.	N	2022-06-21 08:25:15	2022-11-08 03:39:58
BE22002403	4	1	뭐라고? 지금 7시 다 돼가는데? 너 한 시간 반 넘게 걸려서 갔을 텐데 너무 짜증나겠다. 연락은 해봤어?	N	2022-06-21 08:25:15	2022-11-08 03:39:58
BE22002403	5	0	당연히 연락해봤지. 근데 답이 없어. 게다가 오늘은 길이 막혀서 두 시간은 걸렸어.	N	2022-06-21 08:25:15	2022-11-08 03:39:58
BE22002403	6	1	어머, 너 진짜 당황스럽겠다. 늦으면 연락이라도 해 주는 게 예의인데 말이야. 너 지금은 어디에 있는 거야?	N	2022-06-21 08:25:15	2022-11-08 03:39:58
BE22002403	7	0	만나기로 한 곳 근처 카페에 앉아 있어. 사람 구경만 엄청 하고 있다. 너무 어이가 없으니까 아무 생각이 안 드네.	N	2022-06-21 08:25:15	2022-11-08 03:39:58
BE22002403	8	1	맞아. 사람이 너무 화가 나면 머릿속이 하얘질 때가 있지. 지금 네가 그러는 건 어쩌면 너무 당연하지. 허기질 텐데 간단히 뭐라도 먹지 그래?	N	2022-06-21 08:25:15	2022-11-08 03:39:58
BE22002403	9	0	그러다 연락 올까봐 음식은 못 먹겠어. 지금 아메리카노만 두 잔째 들이켜고 있어.	N	2022-06-21 08:25:15	2022-11-08 03:39:58
BE22002403	10	1	어머, 세상에. 일을 한다 해도 네 맘 상하게 할 가능성이 클 것 같아. 조금만 더 기다렸다가 메시지로 연락 남기고 그냥 돌아가는 건 어때?	N	2022-06-21 08:25:15	2022-11-08 03:39:58
BE22002403	11	0	그래야겠지. 근데 이런 경우가 처음이 아니라서 더 화가 나.	N	2022-06-21 08:25:15	2022-11-08 03:39:58
BE22002403	12	1	맞아, 너 지난번에도 이런 경험이 있었지. 왜 이렇게 남의 시간과 노력을 하찮게 여기는 사람이 많은 건지. 이.	N	2022-06-21 08:25:15	2022-11-08 03:39:58
BE22002403	13	0	사람이 늦을 수도 있고 사정이 생길 수도 있는데 연락은 해줘야 하잖아. 이렇게 묵묵부답으로 발을 묶어놓는 거, 그게 나는 너무 짜증이 나.	N	2022-06-21 08:25:15	2022-11-08 03:39:59
BE22002403	14	1	맞아. 너 정말로 마음 많이 상했겠다. 이건 어디까지나 그쪽 잘못이니까 자책하지 말았으면 해.	N	2022-06-21 08:25:15	2022-11-08 03:39:59
BE22002403	15	0	그래. 네 말마따나 지금 알게 된 게 다행인 것 같아. 그만 화내고 집에 가야겠다.	Y	2022-06-21 08:25:15	2022-11-08 03:39:59
