id	utterance_id	utterance_type	utterance_text	terminate	regDate	updDate
BE22006713	1	0	아니, 애가 있는 것도 아니고 나 혼자 사는데 아랫집에서 시끄럽다고 한다고 경비실에서 전화 왔잖아. 진짜 어이가 없어서.	N	2022-07-07 01:37:37	2022-11-08 04:07:42
BE22006713	2	1	어머, 이게 무슨 일이야? 너희 밑에 집에서 너희 집이 소음이 심하다고 민원을 넣은 거야? 강아지를 키우는 것도 아니고 정말 너 혼잔데 너무 황당하고 어이없겠다.	N	2022-07-07 01:37:37	2022-11-08 04:07:42
BE22006713	3	0	경비실에서 한 번도 아니고 이틀 연속으로 연락이 와서 화가 나서 지금 폭발해 버릴 거 같아.	N	2022-07-07 01:37:37	2022-11-08 04:07:42
BE22006713	4	1	너무 황당하다. 우리 같이 자취했었잖아. 걸을 때도 혹시나 아래층에 울릴까 봐 실내화 착용하고 세탁기도 청소도 9시 넘으면 안 하는데. 어머 내가 너라도 너무 화가 날 거 같아.	N	2022-07-07 01:37:37	2022-11-08 04:07:42
BE22006713	5	0	그러니깐, 너도 알다시피 내가 아랫집이나 다른 집에 우리 집 소리 울릴까 봐 항상 조심하잖아. 실내화도 꼭 착용하고 집안일도 다른 집에 피해를 줄까봐 요즘은 8시 이후로 안 하고 있어.	N	2022-07-07 01:37:37	2022-11-08 04:07:42
BE22006713	6	1	너무 황당하고 어이없겠다. 아랫집을 그렇게나 신경 써주고 배려해 줬는데 민원이 들어오다니. 내가 들어도 너무 화가 나서 심장이 벌렁거린다.	N	2022-07-07 01:37:37	2022-11-08 04:07:42
BE22006713	7	0	나 지금 너무 화나서 심장이 벌렁벌렁거리고 진짜 머리에 열이 올라오고 있어. 뭐 이런 경우가 다 있니?	N	2022-07-07 01:37:37	2022-11-08 04:07:42
BE22006713	8	1	네가 당연히 화나고 열받을 일인 거 같아. 그런데 층간 소음이 이게 바로 윗집 소음이 아닐 수도 있더라고. 나도 얼마 전에 밑에서 조용히 해달라고 아기들 뛰는 소리가 다 울린다고 민원이 들어온 거야.	N	2022-07-07 01:37:37	2022-11-08 04:07:42
BE22006713	9	0	너도 그런 적이 있었구나. 그런데 너 혼자 자취하는데 아기라니?	N	2022-07-07 01:37:37	2022-11-08 04:07:42
BE22006713	10	1	처음에는 나도 너무 황당하고 어이가 없어서 뭐지 하고 그냥 무시했는데. 얼마 지나지 않아서 경비원 선생님이 직접 오신 거야 너무 쿵쿵거려서 아랫집에서 계속 민원이 들어온다고. 그래서 저희 집 아니라고 저희 집에 저밖에 없다고 했더니 놀라시는 거야.	N	2022-07-07 01:37:37	2022-11-08 04:07:42
BE22006713	11	0	그러니까, 혼자 사는데 아기가 뛰어노는 소음이 들린다니. 무슨 일이래?	N	2022-07-07 01:37:37	2022-11-08 04:07:42
BE22006713	12	1	그래서 경비원 선생님이 확인해 보니까 우리 옆집이 유치원생 아이가 두 명 있다고 하더라고. 근데 그 소음이 우리 아랫집으로 간 거지 그래서 아랫집은 윗집을 의심했던 거고. 나도 처음엔 황당했는데 우리 집만 그런 게 아니고 많은 집들이 층을 건너거나 대각선으로도 전파된대.	N	2022-07-07 01:37:37	2022-11-08 04:07:42
BE22006713	13	0	진짜? 어머 그럴 수도 있구나.	N	2022-07-07 01:37:37	2022-11-08 04:07:42
BE22006713	14	1	너희 아랫집도 다른 곳에서 발생된 소음인데 그냥 윗집이라고 생각하고 민원을 넣은 거 같아. 나도 그 일 당하고 처음에는 얼마나 화가 나고 억울하던지. 시끄러운 내가 억울할 정도니 소음 신경 많이 써서 조심하는 너는 얼마나 억울하겠니.	N	2022-07-07 01:37:37	2022-11-08 04:07:42
BE22006713	15	0	맞아 진짜 억울하고 화가 났어. 근데 네 말 듣고 보니 진짜 다른 집을 우리 집으로 착각해서 그럴 수도 있었겠다.	N	2022-07-07 01:37:37	2022-11-08 04:07:42
BE22006713	16	1	아마 그런 걸 거야. 듣기만 해도 네가 얼마나 억울할지 내 마음이 다 억울하고 씁쓸하다.	N	2022-07-07 01:37:37	2022-11-08 04:07:42
BE22006713	17	0	그래도 너랑 얘기하고 나니까 확 치밀었던 분노가 가라앉는다. 그리고 생각해 보니 너 말대로 아랫집이 착각인 걸 수도 있을 거 같고.	N	2022-07-07 01:37:37	2022-11-08 04:07:42
BE22006713	18	1	너 화가 가라앉았다니 다행이다. 혹시 다음에도 화나는 일 있으면 언제든 연락을 줘.	Y	2022-07-07 01:37:37	2022-11-08 04:07:42
