id	utterance_id	utterance_type	utterance_text	terminate	regDate	updDate
BE22005216	1	0	정말이지 나 자신이 너무 답답하고, 계속해서 자책해.	N	2022-06-29 12:49:13	2022-11-08 03:57:58
BE22005216	2	1	대체 어떤 일이 너를 가만두지 않는 거야?	N	2022-06-29 12:49:13	2022-11-08 03:57:58
BE22005216	3	0	요즘 무엇을 하든 집중할 수가 없어. 나는 수없이 노력하는데.	N	2022-06-29 12:49:13	2022-11-08 03:57:58
BE22005216	4	1	음. 요즘 많은 생각을 하는구나? 생각이 많으면 집중이 잘 되지 못하지.	N	2022-06-29 12:49:13	2022-11-08 03:57:58
BE22005216	5	0	네 말이 맞아. 요즘 난 생각을 너무 많이 해. 이 복잡한 생각의 덩굴 때문에 나는 종일 먹구름이야.	N	2022-06-29 12:49:13	2022-11-08 03:57:58
BE22005216	6	1	많은 생각에 사로잡히면 모두 너처럼 집중하지 못해. 너의 마음을 충분히 이해해.	N	2022-06-29 12:49:13	2022-11-08 03:57:58
BE22005216	7	0	이러한 생각을 없애려고 노력을 많이 해보았는데, 없어지지 않고 오히려 화만 잔뜩 날 뿐이야.	N	2022-06-29 12:49:13	2022-11-08 03:57:58
BE22005216	8	1	아주 답답했겠구나. 화가 나면 오히려 네 감정이 검게 변할 뿐인데 말이야.	N	2022-06-29 12:49:13	2022-11-08 03:57:58
BE22005216	9	0	맞아. 오히려 내 감정만 상할 뿐이야.	N	2022-06-29 12:49:13	2022-11-08 03:57:58
BE22005216	10	1	나는 네가 집중이 안 될 땐 밖에 나가서 친구를 만나보는 게 어떤가 싶은데?	N	2022-06-29 12:49:13	2022-11-08 03:57:58
BE22005216	11	0	해야 할 게 많은데 친구를 만나면 좋을까?	N	2022-06-29 12:49:13	2022-11-08 03:57:58
BE22005216	12	1	물론 오랜 시간 보는 게 아니라 아주 짧게 친구들과 얘기를 나누는 거야. 오히려 너의 잡담한 생각이 사라지고 너의 화는 웃음꽃이 피는 감정으로 변할 거야.	N	2022-06-29 12:49:13	2022-11-08 03:57:58
BE22005216	13	0	정말? 맞아. 나는 친구들과 얘기를 나누면 잡담한 생각이 사라지고 행복해.	N	2022-06-29 12:49:13	2022-11-08 03:57:58
BE22005216	14	1	머리가 복잡하고 집중하지 못할 때가 누구에게나 존재해. 그럴 땐 너의 화난 감정을 억누르려고 하지 말고 친구들과 얘기를 나누었으면 해.	N	2022-06-29 12:49:13	2022-11-08 03:57:58
BE22005216	15	0	고마워, 친구들과 이야기를 나눔으로써 나는 더 이상 화를 내지 않을 거야! 더군다나 잡담한 생각을 없애고 집중을 잘할 거야!	N	2022-06-29 12:49:13	2022-11-08 03:57:58
BE22005216	16	1	잘 생각했어! 너의 기분이 한시름 좋아져서 너무 다행이야.	N	2022-06-29 12:49:13	2022-11-08 03:57:58
BE22005216	17	0	고마워. 이 모든 게 너 덕분이야. 다음에 또 연락할게!	Y	2022-06-29 12:49:13	2022-11-08 03:57:58
