id	utterance_id	utterance_type	utterance_text	terminate	regDate	updDate
BE22004450	1	0	여자 친구와 데이트를 하기로 하고 약속장소에 나왔는데 여자 친구가 연락이 안 되네. 연락이 안 되니까 답답하고 짜증나. 비도 오는데 말이야.	N	2022-06-28 03:17:25	2022-11-08 03:53:01
BE22004450	2	1	지금 밖에 비가 정말 많이 오는데, 언제부터 연락이 안 돼? 나 같아도 정말 짜증날 것 같아.	N	2022-06-28 03:17:25	2022-11-08 03:53:02
BE22004450	3	0	여자 친구와 1시에 만나기로 했는데 2시인 지금 연락이 한 통도 없어. 계속 우산 쓰고 기다리고 있어. 화가 날 지경이야.	N	2022-06-28 03:17:25	2022-11-08 03:53:02
BE22004450	4	1	너 정말 답답하겠다. 여자 친구가 늦게 되면 미리 말이라도 해주면 더 나을 텐데. 왜 연락을 안 했을까?	N	2022-06-28 03:17:25	2022-11-08 03:53:02
BE22004450	5	0	내 여자 친구가 늦잠을 많이 자는 편이라서, 이런 일이 종종 있었거든. 일어나면 연락을 하는데 오늘도 늦잠을 자는 것 같아. 한두 번이 아닌 일이라서 정말 화가 나네.	N	2022-06-28 03:17:25	2022-11-08 03:53:02
BE22004450	6	1	만약 너가 말한 이유라면 내가 너라도 너무 화가 날 것 같아. 늦잠을 자느라고 사람과의 약속을 까먹고 연락도 주지 않는다니 너가 마냥 기다려야 하잖아.	N	2022-06-28 03:17:25	2022-11-08 03:53:02
BE22004450	7	0	조금만 더 기다려봐야겠어. 여자 친구와 이 문제로 여러 번 다퉜지만 개선할 의지가 보이질 않아서 더 속상하네. 계속 반복되니까 너무 짜증이 나.	N	2022-06-28 03:17:25	2022-11-08 03:53:02
BE22004450	8	1	여자 친구가 늦잠을 그렇게까지 자는 이유가 뭔지 물어봐도 돼?	N	2022-06-28 03:17:25	2022-11-08 03:53:02
BE22004450	9	0	이유는 모르겠지만 밤 늦게까지 게임을 하느라 그런 것 같아. 게임이 취미거든. 그래서 서운한 마음에 여자 친구한테 뭐라 한 적도 많아.	N	2022-06-28 03:17:25	2022-11-08 03:53:02
BE22004450	10	1	다른 일도 아니고 게임을 하느라 늦게 자는 거였어? 게다가 너의 약속에 1시간째 늦고 지금 연락도 없잖아. 그건 너무 책임없는 행동인 것 같아.	N	2022-06-28 03:17:25	2022-11-08 03:53:02
BE22004450	11	0	내 생각에도 그래. 여자 친구가 나를 사랑하는지도 의문이 들어. 기본적인 약속이라도 지켜줬으면 좋겠는데.	N	2022-06-28 03:17:25	2022-11-08 03:53:02
BE22004450	12	1	내가 너 입장이었어도 그런 생각이 들 것 같아. 기본적인 약속을 지키는 건 연인사이에 기본인 거잖아. 계속 나와의 약속에 늦잠을 자느라 늦는다면 내가 후순위로 밀려난 기분이 들 것 같아.	N	2022-06-28 03:17:25	2022-11-08 03:53:02
BE22004450	13	0	내가 어떻게 하면 이 문제를 해결할 수 있을까?	N	2022-06-28 03:17:25	2022-11-08 03:53:02
BE22004450	14	1	당분간은 여자 친구의 습관을 바꾸기가 어려우니, 약속시간을 조금 더 늦추는 게 좋을 것 같아. 그리고 같이 수면일지를 쓰면서 수면습관을 개선해 나가 보자고 제안하는 게 어때? 타이르는 게 아니라 같이 노력하자는 의미로 대화를 해보는 거지.	N	2022-06-28 03:17:25	2022-11-08 03:53:02
BE22004450	15	0	내가 지금까지 매번 여자 친구한테 뭐라고 하기만 했었던 게 아쉽네. 같이 노력하자는 의미로 대화해 보라는 조언 정말 좋은 것 같아. 너 덕분에 해결책이 생긴 듯해.	N	2022-06-28 03:17:25	2022-11-08 03:53:02
BE22004450	16	1	같이 노력하다 보면 어느 순간 여자 친구도 개선될 수 있을 거야.너무 오래 기다리지 말고 집에 들어가서 여자 친구의 연락을 기다리는 게 어때?	N	2022-06-28 03:17:25	2022-11-08 03:53:02
BE22004450	17	0	아무래도 그러는 게 좋겠다. 너 말대로 집에 가서 쉬다가 여자 친구에게 해결책을 제시해봐야겠어. 조언해줘서 정말 고마워.	Y	2022-06-28 03:17:25	2022-11-08 03:53:02
