id	utterance_id	utterance_type	utterance_text	terminate	regDate	updDate
BE22003377	1	0	나 이번에 데이터 요금제로 바꿨는데 너무 별로야.	N	2022-06-24 10:47:33	2022-11-08 03:46:10
BE22003377	2	1	왜? 더 낮은 옵션으로 변경한 거야?	N	2022-06-24 10:47:33	2022-11-08 03:46:10
BE22003377	3	0	응, 원래 무제한이었는데 사용량 제한 있는 걸로. 분명 데이터가 있는데 와이파이가 없으면 거의 인터넷이 안 돼. 너무 불편하고 짜증나는 거 있지.	N	2022-06-24 10:47:33	2022-11-08 03:46:10
BE22003377	4	1	편하게 사용하다가 갑자기 그렇게 되면 나도 너무 불편할 거 같아. 네 기분이 이해가 된다.	N	2022-06-24 10:47:33	2022-11-08 03:46:10
BE22003377	5	0	그치? 아니, 아무리 저가 요금제라도 사용할 수 있을 정도로는 만들어줘야 할 거 아니야.	N	2022-06-24 10:47:33	2022-11-08 03:46:10
BE22003377	6	1	그러게, 너무 화나겠다. 데이터가 남아있는데도 그렇게 안 되면 문제가 있는 것 같은데?	N	2022-06-24 10:47:33	2022-11-08 03:46:10
BE22003377	7	0	아무래도 이상해서 통신사에 전화해봤는데 자기들은 아무 문제 없대. 응대가 완전 불통이야.	N	2022-06-24 10:47:33	2022-11-08 03:46:10
BE22003377	8	1	도움이 필요해서 전화한 건데, 그런 식으로 나온다니 나도 어이가 없네.	N	2022-06-24 10:47:33	2022-11-08 03:46:10
BE22003377	9	0	그러니까. 적어도 확인은 해 봐야 하는 거 아니야? 그냥 문제가 없다고 반복하더라고.	N	2022-06-24 10:47:33	2022-11-08 03:46:10
BE22003377	10	1	상황을 개선할 의지가 전혀 없나 봐... 나도 저번에 가전 고장 나서 고객센터 전화했는데 그런 식으로 나와서 진짜 짜증 나더라.	N	2022-06-24 10:47:33	2022-11-08 03:46:10
BE22003377	11	0	대체 왜들 그러는 거지? 아예 다른 통신사를 알아봐야 하나.	N	2022-06-24 10:47:33	2022-11-08 03:46:10
BE22003377	12	1	계속 해결이 안 되면 그러는 게 좋을 것 같아. 나라도 그런 상황이면 다른 곳으로 옮겼을 거야.	N	2022-06-24 10:47:33	2022-11-08 03:46:10
BE22003377	13	0	그치... 다른 통신사 요금제 좀 찾아봐야겠다. 얘기 들어줘서 고마워, 좀 진정이 된 것 같아.	N	2022-06-24 10:47:33	2022-11-08 03:46:10
BE22003377	14	1	그렇다면 정말 다행이야, 더 좋은 곳으로 바꾸면 좋겠다.	N	2022-06-24 10:47:33	2022-11-08 03:46:10
BE22003377	15	0	응, 고마워! 다음에 또 연락하자!	Y	2022-06-24 10:47:33	2022-11-08 03:46:10
