id	utterance_id	utterance_type	utterance_text	terminate	regDate	updDate
BE22003642	1	0	나 회사에서 한 달에 한 번씩 주말마다 봉사활동하고 있다고 말했었나?	N	2022-06-25 13:20:25	2022-11-08 03:47:53
BE22003642	2	1	장소 나눠서 환경미화 한다고 했었던 거 말하는 거지?	N	2022-06-25 13:20:25	2022-11-08 03:47:53
BE22003642	3	0	응, 근데 내가 맡은 구역이 한강 공원이라 석 달째 주말마다 계속 가고 있어.	N	2022-06-25 13:20:25	2022-11-08 03:47:53
BE22003642	4	1	한강 공원이면 바람도 쐬고 괜찮을 것 같은데? 요즘 한강에 나들이 가는 사람들 많은 것 같더라.	N	2022-06-25 13:20:25	2022-11-08 03:47:53
BE22003642	5	0	그러니까, 사람이 진짜 차고 넘쳐날 정도로 많단 말이야. 문제는 그 사람들 집에 가고 나면 한강공원에 쓰레기가 넘쳐난다는 거야. 쓰레기를 주말마다 몇봉지 치우는지 모르겠어.	N	2022-06-25 13:20:25	2022-11-08 03:47:53
BE22003642	6	1	어머, 그럼 놀다가 하나도 안 치우고 그냥 가버린다는 거야?	N	2022-06-25 13:20:25	2022-11-08 03:47:53
BE22003642	7	0	너무 몰상식하지 않니? 이기적인 태도에 정말 화가 나고 열받아서 노여울 정도라니까? 어떻게 자기들이 놀다가 만든 쓰레기를 그대로 두고 가는 거야?	N	2022-06-25 13:20:25	2022-11-08 03:47:53
BE22003642	8	1	나라도 내 눈으로 직접 그 광경을 보면 너처럼 열받을 거 같다. 놀 땐 신나게 놀아놓고 갈 땐 그렇게 쏙 몸만 가면 누가 치우라는 건지. 너무 얌체 같은 태도에 나도 같이 노여워지는데?	N	2022-06-25 13:20:25	2022-11-08 03:47:53
BE22003642	9	0	너도 그렇지? 역시 나만 열받는 게 아니었어. 공감받는 것 같아 속이 다 시원하네!	N	2022-06-25 13:20:25	2022-11-08 03:47:53
BE22003642	10	1	양심 없는 사람들 너무 많구나. 이런 몰상식한 사람들 볼 때마다 정말 열받지 않아?	N	2022-06-25 13:20:25	2022-11-08 03:47:53
BE22003642	11	0	진짜 대단한 건 쓰레기가 별의별 게 다 있어. 음식물 쓰레기는 물론이고, 집에서 쓸 법한 생활 쓰레기들도 많아. 한강까지 자기들 쓰레기를 가져와서 버리는 건지 뭔지.	N	2022-06-25 13:20:25	2022-11-08 03:47:53
BE22003642	12	1	와 대단하다, 저렇게 가져와서까지 버린다는 게 정말 놀라울 따름이야. 네가 충분히 노여워할 만하다. 나도 이런데 매주 보는 너는 오죽하겠니 정말.	N	2022-06-25 13:20:25	2022-11-08 03:47:53
BE22003642	13	0	네 덕분에 그래도 마음이 좀 진정됐어, 고마워! 이렇게 쓰레기 치우면서 엄청 분통터져하고 있었거든. 괜히 사람들한테 노여워서 저 사람이 버린거 아닌가 의심하기도 하고 그랬어.	N	2022-06-25 13:20:25	2022-11-08 03:47:53
BE22003642	14	1	그래도 네가 이렇게 실천하면서 깨끗하게 치운다는 게 정말 대단해. 직장인들 주말에 조금이라도 쉬고 싶어 하는데 봉사활동한다는 거 쉽지 않잖아. 진짜 멋진거 같아, 나도 본받고 싶은걸?	N	2022-06-25 13:20:25	2022-11-08 03:47:53
BE22003642	15	0	너한테 화만 실컷 냈는데 다 들어주고 칭찬까지 해주다니 정말 고마워. 대단한 일도 아닌데 너무 쑥스럽다. 너한테 칭찬들었으니까 더 힘내서 열심히 해볼게!	Y	2022-06-25 13:20:25	2022-11-08 03:47:53
