id	utterance_id	utterance_type	utterance_text	terminate	regDate	updDate
BE22004200	1	0	사랑하는 사람이랑 신혼여행을 다녀왔는데 비 때문에 망친 것 같아 너무 속상해.	N	2022-06-27 10:50:10	2022-11-08 03:51:25
BE22004200	2	1	네가 신혼여행을 갔는데 비가 내려서 속상했겠다. 비가 정말 많이 왔는가보구나.여행에서 날씨가 좋지 않으면 나 같아도 정말 우울했을 듯해.	N	2022-06-27 10:50:10	2022-11-08 03:51:25
BE22004200	3	0	이 여행을 정말 오랜 시간 기다려서 준비했단 말이야. 내 계획도 모두 어그러졌어. 아내와 드넓은 벌판을 거닐면서 좋은 이야기를 해주고 싶었는데 말이야.	N	2022-06-27 10:50:10	2022-11-08 03:51:25
BE22004200	4	1	네가 정말 오랫동안 기대하던 여행이 날씨 때문에 망쳐서 슬프다니, 내가 다 안타깝네. 아내와 좋은 시간을 보내고 싶었던 너의 마음이 충분히 이해돼.	N	2022-06-27 10:50:10	2022-11-08 03:51:25
BE22004200	5	0	물속에서 하는 다양한 액티비티들을 예약했는데, 비가 와서 하나도 하지 못했어.	N	2022-06-27 10:50:10	2022-11-08 03:51:25
BE22004200	6	1	네가 평상시에 액티비티를 정말 좋아하잖아. 재미난 놀이시설들을 즐기지 못해서 너가 정말 속상하고 우울했겠다.	N	2022-06-27 10:50:10	2022-11-08 03:51:25
BE22004200	7	0	날씨가 궂으니 서로 갈등이 생겨서 여행에서 다투기도 했어. 이러려고 여행을 간 건 아닌데 말이야.	N	2022-06-27 10:50:10	2022-11-08 03:51:25
BE22004200	8	1	여행에서 다툼이 생기면 정말 속상하지. 여행 내내 불편한 마음이었을 것 같아. 네 마음이 충분히 공감돼.	N	2022-06-27 10:50:10	2022-11-08 03:51:25
BE22004200	9	0	내일도 비가 온다고 하더라. 지금까지 내내 비가 왔는데 내일도 비가 온다니 정말 절망스러워.	N	2022-06-27 10:50:10	2022-11-08 03:51:26
BE22004200	10	1	너의 마음이 참 불편하겠다. 그렇지만 내가 비가 올 때 여행을 잘 할 수 있는 방법을 알아. 바로 우산이 아닌 우비를 쓰고 다니는 거야.	N	2022-06-27 10:50:10	2022-11-08 03:51:26
BE22004200	11	0	지금까지는 우산을 쓰고 다녔는데 우비를 쓰고 다닌다고 뭐가 달라질까?	N	2022-06-27 10:50:10	2022-11-08 03:51:26
BE22004200	12	1	우산을 쓰면 손이 부족해져서 복잡하고 우산을 들고다니기도 귀찮잖아. 그에 비해 우비를 입으면 두 손이 자유롭고 전신이 보호되어서 편하게 이동할 수 있어. 비가 와서 몸이 젖는 김에 아내랑 물총놀이를 해보는 게 어때?	N	2022-06-27 10:50:10	2022-11-08 03:51:26
BE22004200	13	0	우울한 생각만 들었는데 네가 이야기를 해주니 해결책이 생긴 것 같아. 안 그래도 여기 수영장이 있거든.	N	2022-06-27 10:50:10	2022-11-08 03:51:26
BE22004200	14	1	비가 와서 많은 제약이 있었지만 그 순간에도 사랑하는 사람과 함께 있는 거잖아? 요즘 날씨도 여름이다보니 물총놀이를 하는데 딱인 것 같아. 물총놀이를 하고 나서 컵라면을 먹으면 정말 맛있을 거야.	N	2022-06-27 10:50:10	2022-11-08 03:51:26
BE22004200	15	0	그렇게 말해줘서 고마워. 네 덕분에 조금 위안이 되네. 네가 말한 대로 우비를 착용하고 물총놀이도 해봐야겠어.	Y	2022-06-27 10:50:10	2022-11-08 03:51:26
