id	utterance_id	utterance_type	utterance_text	terminate	regDate	updDate
BE22000224	1	0	지금 어디 있어? 나랑 만나서 같이 공부하지 않을래?	N	2022-06-11 00:43:15	2022-11-08 03:25:40
BE22000224	2	1	웬일이야? 너는 항상 독서실에서 공부하잖아.	N	2022-06-11 00:43:15	2022-11-08 03:25:40
BE22000224	3	0	나는 조용해야 집중하는 스타일이라 독서실을 선호하는데 오늘은 옆자리에서 계속 키보드 두드리는 소리를 내지 뭐야.	N	2022-06-11 00:43:15	2022-11-08 03:25:40
BE22000224	4	1	그건 좀 아닌 거 같아. 조용한 곳일수록 키보드 소리가 더 크게 울리기 마련인데.	N	2022-06-11 00:43:15	2022-11-08 03:25:40
BE22000224	5	0	그러게 말야. 잠깐 그러는 것도 아니고 지금 몇 시간째 계속이야.	N	2022-06-11 00:43:15	2022-11-08 03:25:41
BE22000224	6	1	누군지는 모르지만 다른 사람들한테 피해가 가는 걸 왜 모를까? 자기 귀에도 소리가 들릴 거 아니야.	N	2022-06-11 00:43:15	2022-11-08 03:25:41
BE22000224	7	0	나이가 지긋해 보이는 분이라 뭐라 말도 못하겠어. 누군가 내 머릿속을 망치로 두드리는 느낌이야.	N	2022-06-11 00:43:15	2022-11-08 03:25:41
BE22000224	8	1	그 정도로 힘들 때까지 참은 거야? 암튼 너 참을성 많은 건 알아줘야 해. 그러지말고 그 사람한테 얘기를 해봐.	N	2022-06-11 00:43:15	2022-11-08 03:25:41
BE22000224	9	0	독서실에서 키보드를 사용하는 행동을 보면 말도 안 통할 거 같아. 말을 했다가 시비가 붙으면 어떻게 해?	N	2022-06-11 00:43:15	2022-11-08 03:25:41
BE22000224	10	1	이래저래 너 지금 공부에 집중하기 어렵겠어. 심하게 스트레스를 받느니 피하는 게 더 나을 수도 있어.	N	2022-06-11 00:43:15	2022-11-08 03:25:41
BE22000224	11	0	그렇지? 괜히 낯선 사람과 마음 불편해지는 것도 싫어. 그냥 내가 자리를 옮길래.	N	2022-06-11 00:43:15	2022-11-08 03:25:41
BE22000224	12	1	그럼 나랑 카페에서 만나 같이 공부해.	N	2022-06-11 00:43:15	2022-11-08 03:25:41
BE22000224	13	0	네가 나와 주면 고맙지. 마음이 답답한 게 이야기할 사람이 있었으면 좋겠어.	N	2022-06-11 00:43:15	2022-11-08 03:25:41
BE22000224	14	1	고맙긴. 덕분에 나도 공부를 하게 되네. 이따 만나.	Y	2022-06-11 00:43:15	2022-11-08 03:25:41
