id	utterance_id	utterance_type	utterance_text	terminate	regDate	updDate
BE22003804	1	0	오늘은 단 거를 안 먹을 수가 없네. 하 스트레스야.	N	2022-06-26 07:43:09	2022-11-08 03:48:55
BE22003804	2	1	아메리카노만 마시는 네가 웬일이래?	N	2022-06-26 07:43:09	2022-11-08 03:48:55
BE22003804	3	0	오늘 후배가 사고 친 거 처리하느라 야근할 예정이거든. 머리가 안 돌아가서 당 충전 좀 해야겠어.	N	2022-06-26 07:43:09	2022-11-08 03:48:55
BE22003804	4	1	말만 들어도 머리 아프다. 수습하느라 골머리 좀 앓겠어. 불금에 이게 무슨 일이라니.	N	2022-06-26 07:43:09	2022-11-08 03:48:55
BE22003804	5	0	내가 바닐라라테를 먹는 날이 오네. 후배는 사고 쳐 놓고 칼퇴근한 거 있지? 화가 안 날 수밖에 없어.	N	2022-06-26 07:43:09	2022-11-08 03:48:55
BE22003804	6	1	와 그게 말이 되냐? 거기서 화가 안 나면 보살이지. 듣는 나도 완전 열받는데.	N	2022-06-26 07:43:09	2022-11-08 03:48:55
BE22003804	7	0	진짜 돌아버리겠어. 마감이 얼마 안 남아서 그거 고치는 시간이 많이 드네. 워라벨 어디 갔느냐고...	N	2022-06-26 07:43:09	2022-11-08 03:48:55
BE22003804	8	1	나 같으면 그냥 퇴근했겠지만 책임감 강한 너니까 머리 싸매고 거기서 바닐라라테를 마시고 있는 거네. 내 친구지만 진짜 대단해.	N	2022-06-26 07:43:09	2022-11-08 03:48:55
BE22003804	9	0	성격이 그런 걸 어째. 일은 일이니까 처리하고 퇴근해야지. 그래도 화 나는 건 어쩔 수 없네.	N	2022-06-26 07:43:09	2022-11-08 03:48:55
BE22003804	10	1	다른 일이면 내가 도와주겠지만 회사 일이라 이렇게 이야기 들어주고 힘내라고 응원해줄 수밖에 없네.	N	2022-06-26 07:43:09	2022-11-08 03:48:55
BE22003804	11	0	말이라도 고맙다 야. 어차피 간단한 거라 어렵지는 않아. 너의 응원에 그래도 힘이 나네!	N	2022-06-26 07:43:09	2022-11-08 03:48:55
BE22003804	12	1	마음 같아서는 내가 다 처리해주고 싶은 거 알지? 끝나면 야식이라도 쏠 테니까 후다닥 끝내고 만나자.	N	2022-06-26 07:43:09	2022-11-08 03:48:55
BE22003804	13	0	오, 듣던 중 반가운 소리다. 빨리해야 할 이유가 생겼으니 얼른 끝내볼게!	N	2022-06-26 07:43:09	2022-11-08 03:48:55
BE22003804	14	1	마치면 연락해. 매운 닭발이라도 먹으면서 스트레스 날리자고!	Y	2022-06-26 07:43:09	2022-11-08 03:48:55
