id	utterance_id	utterance_type	utterance_text	terminate	regDate	updDate
BE22002722	1	0	지금 엘리베이터에 탔는데, 같이 타고 있는 남자에게서 담배 냄새가 나.	N	2022-06-22 12:02:17	2022-11-08 03:41:59
BE22002722	2	1	정말? 너 평소에도 담배 냄새 맡는 거 힘들어하잖아.	N	2022-06-22 12:02:17	2022-11-08 03:41:59
BE22002722	3	0	그러니까 말이야. 그것도 엄청 지독한 냄새가 풍겨서 너무 성가셔. 숨이 턱 막힐 정도라니까.	N	2022-06-22 12:02:17	2022-11-08 03:41:59
BE22002722	4	1	엘리베이터 안은 좁아서 희미한 냄새도 알아차리기 쉬운데. 하필 담배라니, 너 지금 정말 답답하겠다.	N	2022-06-22 12:02:17	2022-11-08 03:41:59
BE22002722	5	0	맞아. 최대한 숨을 참아보려고 노력하고 있는데, 엘리베이터가 느려서 시간이 한참 걸려. 왜 하필 꼭대기 층으로 갈 때 내게 이런 일이 생기냐고.	N	2022-06-22 12:02:17	2022-11-08 03:41:59
BE22002722	6	1	오늘 운이 나빴네. 사실 나도 담배 냄새를 좋아하지 않거든. 나도 그 상황이라면 답답해서 얼른 뛰쳐나가고 싶을 거야.	N	2022-06-22 12:02:17	2022-11-08 03:41:59
BE22002722	7	0	맞아. 그런데 담배를 피는 사람들은 자기한테 냄새가 나는 줄도 모르잖아. 그 점이 너무 화가 나. 비흡연자들이 얼마나 힘든지 짐작도 못 한다니까.	N	2022-06-22 12:02:17	2022-11-08 03:42:00
BE22002722	8	1	그건 그래. 얼마 전에 걸어가면서 흡연하는 사람을 봤는데, 나는 그 뒤에서 걸어가느라 정말 고역이었어. 다른 사람들을 배려하지 못 하는 행동을 보면서 나도 기분이 상하더라고.	N	2022-06-22 12:02:17	2022-11-08 03:42:00
BE22002722	9	0	정말, 지정된 흡연구역이 아닌 곳에서 피는 사람들은 마땅한 처벌을 받을 필요가 있어.	N	2022-06-22 12:02:17	2022-11-08 03:42:00
BE22002722	10	1	맞아. 흡연은 자유지만, 그것 때문에 피해를 보는 사람이 있다면 적절한 규제가 필요하지.	N	2022-06-22 12:02:17	2022-11-08 03:42:00
BE22002722	11	0	아, 이제 곧 엘리베이터에서 내릴 수 있을 것 같아. 옷에 담배 냄새가 밴 거 아닐까? 정말 성가시다.	N	2022-06-22 12:02:17	2022-11-08 03:42:00
BE22002722	12	1	냄새가 배면 찝찝할 테니 얼른 옷에 섬유탈취제를 뿌리도록 해.	N	2022-06-22 12:02:17	2022-11-08 03:42:00
BE22002722	13	0	그래야겠지? 그런데 지금 섬유탈취제를 가지고 있지 않은데 어떡하면 좋지.	N	2022-06-22 12:02:17	2022-11-08 03:42:00
BE22002722	14	1	근처에 있는 생활용품점에 들리는 게 어때? 아마 휴대용 탈취제도 판매할 거야.	N	2022-06-22 12:02:17	2022-11-08 03:42:00
BE22002722	15	0	좋은 생각이야. 얼른 생활용품점으로 달려가야겠어.	Y	2022-06-22 12:02:17	2022-11-08 03:42:00
