id	utterance_id	utterance_type	utterance_text	terminate	regDate	updDate
BE22004156	1	0	동아리에서 방학 기간 동안 무전여행을 가는데 반대하는 누나들 때문에 마음이 언짢다.	N	2022-06-27 09:24:20	2022-11-08 03:51:09
BE22004156	2	1	모험과 도전을 좋아하는 너에게 좋은 기회일 텐데 속상하겠다.	N	2022-06-27 09:24:20	2022-11-08 03:51:09
BE22004156	3	0	나도 이젠 성인인데 왜 아직도 어린아이처럼 대하는지 모르겠어.	N	2022-06-27 09:24:20	2022-11-08 03:51:09
BE22004156	4	1	맞벌이하는 부모님 대신 돌봐와서 너의 대한 애정이 각별한 것 같아. 하지만 부담스럽기도 하겠다.	N	2022-06-27 09:24:20	2022-11-08 03:51:09
BE22004156	5	0	이젠 집에 있으면 구속된 느낌마저 든다니깐.	N	2022-06-27 09:24:20	2022-11-08 03:51:09
BE22004156	6	1	정말? 그동안 많이 답답했겠다.	N	2022-06-27 09:24:20	2022-11-08 03:51:09
BE22004156	7	0	응. 그래서 다음 학기부터 기숙사 생활하려구 고민 중이야.	N	2022-06-27 09:24:20	2022-11-08 03:51:09
BE22004156	8	1	좋은 생각이다. 바른 생활 모습을 보여준다면 너의 대한 신뢰를 쌓을 수 있는 좋은 기회가 될 것 같아.	N	2022-06-27 09:24:20	2022-11-08 03:51:09
BE22004156	9	0	그래? 간섭에서 벗어나기 위해 생각한 대안인데 너의 말을 들으니 바로 신청해야겠다.	N	2022-06-27 09:24:20	2022-11-08 03:51:09
BE22004156	10	1	나 역시 독립된 공간에서 스스로 주도하는 삶을 살다보니 책임감도 생기고 마음도 성장하더라. 분명 누나들과의 소통과 공감에 도움을 받을 거야.	N	2022-06-27 09:24:20	2022-11-08 03:51:09
BE22004156	11	0	생각해보니 지금껏 나의 입장만 관철시켰지 누나들 의견을 경청하지는 않았던 것 같아.	N	2022-06-27 09:24:20	2022-11-08 03:51:09
BE22004156	12	1	그렇구나. 나는 외동이어서 관심을 가져주는 누나 있는 네가 살짝 부럽다.	N	2022-06-27 09:24:20	2022-11-08 03:51:09
BE22004156	13	0	그래? 사실 지나친 간섭에 귀찮을 때도 있지만 늘 챙겨주고 도움받은 점이 많은 것 같아.	N	2022-06-27 09:24:20	2022-11-08 03:51:09
BE22004156	14	1	그럼 이번 기회에 누나들에게 고마웠던 마음을 전달하는 것도 좋겠다. 친구야! 자립의 첫걸음을 응원한다.	N	2022-06-27 09:24:20	2022-11-08 03:51:09
BE22004156	15	0	고마워. 오늘 마음이 많이 답답했는데 덕분에 해소되었어.	Y	2022-06-27 09:24:20	2022-11-08 03:51:09
