id	utterance_id	utterance_type	utterance_text	terminate	regDate	updDate
BE22005095	1	0	내가 먼지 알레르기 있다고 했잖아. 조금만 먼지가 쌓이거나 털이 날리면 너무 힘들어서 요즘 너무 걱정이야.	N	2022-06-29 07:18:33	2022-11-08 03:57:10
BE22005095	2	1	아직 환절기도 아닌데 왜 그렇게 걱정이 돼? 무슨 일이라도 생긴 거야?	N	2022-06-29 07:18:33	2022-11-08 03:57:10
BE22005095	3	0	함께 사는 룸메이트가 개를 키우고 싶대. 내가 절대 안 된다고 했는데도 내 말을 듣지 않아. 이럴 거면 처음부터 따로 살 걸 그랬어.	N	2022-06-29 07:18:33	2022-11-08 03:57:10
BE22005095	4	1	전에도 생활 습관이 맞지 않아서 힘들어했잖아. 룸메이트가 이번 일은 이해해주면 좋을 텐데 네가 너무 속상하겠다.	N	2022-06-29 07:18:33	2022-11-08 03:57:10
BE22005095	5	0	속상한 걸 넘어서 이제 너무 화가 나. 걔 얼굴만 봐도 짜증이 치솟는다니까. 내가 알레르기 때문에 힘든 걸 알면서 왜 굳이 지금 개를 키우고 싶다고 하는 걸까?	N	2022-06-29 07:18:33	2022-11-08 03:57:10
BE22005095	6	1	생활 습관은 맞추면 되지만 알레르기는 맞출 수 있는 게 아니잖아. 이번 일은 그냥 넘어가지 말고 친구에게 단호하게 얘기해봐. 네가 배려심이 많아서 친구는 큰일이 아니라고 생각할지도 몰라.	N	2022-06-29 07:18:33	2022-11-08 03:57:10
BE22005095	7	0	아무리 그래도 알레르기라고 얘기했는데 어떻게 이렇게 반응하지? 걔는 진짜 이기적인 애야. 개를 정말로 키울 자신이 있어서 입양하겠다고 하는 건지도 모르겠어.	N	2022-06-29 07:18:33	2022-11-08 03:57:10
BE22005095	8	1	어떤 이유로 개를 키우고 싶다고 하는 건지 모르겠지만 네가 이해할 건 아니라고 생각해. 이번 기회에 그 친구에게 단호하게 얘기해서 네 생활을 편하게 했으면 좋겠어. 앞으로 1년은 더 같이 지내야 하잖아.	N	2022-06-29 07:18:33	2022-11-08 03:57:10
BE22005095	9	0	걔가 워낙 감정적인 애라 자기 의견에 반대만 해도 너무 화를 내니까 말을 못 꺼내겠어. 같이 살기 전엔 좋은 친구였는데 이런 애인 줄 몰랐어. 진짜 걔 때문에 집에 들어가기 너무 싫어.	N	2022-06-29 07:18:33	2022-11-08 03:57:10
BE22005095	10	1	네 마음 충분히 이해해. 원래 가까이에서 함께 지내면 몰랐던 점이 보이잖아. 그렇지만 너도 너무 감정적으로 대응하면 네 마음이 더 힘들어지니까 침착하게 생각하자.	N	2022-06-29 07:18:33	2022-11-08 03:57:10
BE22005095	11	0	나만 너무 피해자처럼 느껴져서 요즘 일상생활도 힘든 거 같아. 네 말대로 이런 문제에 대해서 이야기를 해 보기는 해야겠어.	N	2022-06-29 07:18:33	2022-11-08 03:57:11
BE22005095	12	1	잘 생각했어. 얘기하면 생각보다 괜찮아지는 일들이 있으니까 잘 해결될 거야. 너는 말을 조리 있게 잘하는 편이잖아.	N	2022-06-29 07:18:33	2022-11-08 03:57:11
BE22005095	13	0	너에게 이야기를 꺼내기를 잘했다. 얘기를 하고 나니까 이 문제를 어떻게 해결해야 할지 알 것 같아. 조언 고마워.	N	2022-06-29 07:18:33	2022-11-08 03:57:11
BE22005095	14	1	고맙기는 친구 사이에 이 정도 고민은 당연히 들어줄 수 있지. 앞으로 네가 잘 생활할 수 있기를 바랄게. 룸메이트와 이야기하고 난 후에 연락줘.	N	2022-06-29 07:18:33	2022-11-08 03:57:11
BE22005095	15	0	알겠어. 친구와 대화하고 곧 연락할게. 잘 지내고 있어.	Y	2022-06-29 07:18:33	2022-11-08 03:57:11
