id	utterance_id	utterance_type	utterance_text	terminate	regDate	updDate
BE22004932	1	0	아, 피부과를 가야 하나 모르겠네. 진짜 너무 스트레스받아.	N	2022-06-29 02:14:57	2022-11-08 03:56:07
BE22004932	2	1	병원 갈 정도면 얼마나 심한 거야? 속상하겠다.	N	2022-06-29 02:14:57	2022-11-08 03:56:07
BE22004932	3	0	마스크를 오래 썼더니 입가에 트러블이 올라왔네. 그냥 뒀더니 번지는 것 같아. 손도 못 대겠고 그냥 짜증만 나.	N	2022-06-29 02:14:57	2022-11-08 03:56:07
BE22004932	4	1	생전 피부에 트러블이 없던 애가 마스크 때문에 그렇게 돼서 놀랐겠다. 그 고운 피부에 트러블이라니 속상한 마음뿐이겠다.	N	2022-06-29 02:14:57	2022-11-08 03:56:07
BE22004932	5	0	그러니까 말이야. 피부 걱정은 안 하고 살았는데 이게 무슨 마른하늘에 날벼락이야. 거울 볼 때마다 화가 나서 주체가 안 돼.	N	2022-06-29 02:14:57	2022-11-08 03:56:07
BE22004932	6	1	매일 보는 얼굴에 트러블이 쉽게 가라앉지도 않으니 매일이 고통스럽겠다. 그런 걱정 안 하고 살았던 너니 얼마나 당황스러워.	N	2022-06-29 02:14:57	2022-11-08 03:56:07
BE22004932	7	0	아 진짜 그냥 밖에 나가기도 싫어져. 사람들이 볼 때마다 피부 왜 그러냐고 하니까...	N	2022-06-29 02:14:57	2022-11-08 03:56:07
BE22004932	8	1	헉 그 정도로 힘들었구나. 피부가 마음대로 안 되니까 사소한 것도 예민하게 느껴져서 울화통 터지는 기분 너무 알 것 같아. 그럴 때는 진짜 아무도 마주치고 싶지 않지...	N	2022-06-29 02:14:57	2022-11-08 03:56:07
BE22004932	9	0	진짜 어떤 날은 거울에 대고 욕이라도 하고 싶더라니까. 내가 뭘 잘못했나 싶고 내가 싫어지고.	N	2022-06-29 02:14:57	2022-11-08 03:56:07
BE22004932	10	1	네 탓이 절대 아니야. 너무나 화가 난 마음은 잘 알겠지만 스스로를 탓하진 말자. 금방 좋아질 거야, 내가 보장해!	N	2022-06-29 02:14:57	2022-11-08 03:56:07
BE22004932	11	0	하 너무 속상해서 그런 마음까지 들었어. 그냥 얼굴만 보면 분노가 겉잡을 수없이 치밀어 올랐었는데 네가 그렇게 말해주니 마음이 조금 풀려.	N	2022-06-29 02:14:57	2022-11-08 03:56:07
BE22004932	12	1	그렇게 스트레스받는 거면 병원 빨리 가보는 게 나을 것 같아. 병원 치료받고 약 먹으면 금방 좋아질 거야. 혼자 가기 그러면 내가 다니는 병원에 같이 가자.	N	2022-06-29 02:14:57	2022-11-08 03:56:07
BE22004932	13	0	앗, 그래줄래? 나 피부과 아는 곳이 없어서 고민하고 있었어. 네가 다니는 곳이면 믿고 치료받을 수 있을 것 같아.	N	2022-06-29 02:14:57	2022-11-08 03:56:07
BE22004932	14	1	그럼 당연하지. 시간 되는 날 바로 이야기 해. 친구 일인데 발 벗고 나서야지.	Y	2022-06-29 02:14:57	2022-11-08 03:56:07
