id	utterance_id	utterance_type	utterance_text	terminate	regDate	updDate
BE22004551	1	0	난 오늘도 야근일 것 같아. 야근 수당도 제대로 안 챙겨주면서 진짜 성질이 나.	N	2022-06-28 06:43:37	2022-11-08 03:53:41
BE22004551	2	1	또? 월요일부터 금요일까지 요즘 매일 야근했잖아. 야근수당은 기본으로 챙겨줘야지. 애사심 떨어지는 소리가 여기까지 들린다.	N	2022-06-28 06:43:37	2022-11-08 03:53:41
BE22004551	3	0	처리할 일이 산더미라고 여름휴가도 못쓰게 은근히 압박 주는데, 눈치 보여서 쓸 수나 있겠어? 휴가 갈 생각만 하고 버텼는데, 이 회사에서 성격까지 신경질적으로 바뀌는 것 같아.	N	2022-06-28 06:43:37	2022-11-08 03:53:41
BE22004551	4	1	직장인들한테 휴가가 얼마나 단비 같은 시간인데. 그걸로 압박을 주면 나 같아도 모든 일에 예민해질 것 같아.	N	2022-06-28 06:43:37	2022-11-08 03:53:41
BE22004551	5	0	남자 친구 회사 복지로 나온 항공권으로 방콕에 놀러 갈 기대에 부풀어 있었는데. 이게 무슨 마른하늘에 날벼락인지. 신경질이 나서 노동청에 신고라도 하고 싶은 심정이야.	N	2022-06-28 06:43:37	2022-11-08 03:53:41
BE22004551	6	1	기본적인 권리도 챙겨주지 않고 고대하던 여행도 못 가게 되었으니, 네가 신경질이 날 만해.	N	2022-06-28 06:43:37	2022-11-08 03:53:41
BE22004551	7	0	일도 많고, 연봉도 적고 누려야 할 권리도 안 챙겨주는데. 내가 대체 왜 이 회사에서 일을 해야 하는지 현타가 오네.	N	2022-06-28 06:43:37	2022-11-08 03:53:41
BE22004551	8	1	일 자체가 힘든 법인데, 서로 존중해야 할 건 해줘야 그나마 버티는 거지. 인내심이 대단한 너니까 남아 있던 거지 나라면 도망쳤을 거야.	N	2022-06-28 06:43:37	2022-11-08 03:53:41
BE22004551	9	0	이번 연봉 협상도 동결이라는 소문까지 들리고 있어. 물가가 이렇게나 뛰는 중인데, 이러면 누가 남아있겠어. 나 정말 이직 준비해야 할까 봐.	N	2022-06-28 06:43:37	2022-11-08 03:53:41
BE22004551	10	1	그 회사 인재를 영 못 알아보네. 넌 자기계발도 소홀히 하지 않았고 네 평판이면 충분히 좋은 회사로 이직할 수 있을 거야.	N	2022-06-28 06:43:37	2022-11-08 03:53:41
BE22004551	11	0	안 그래도 조금만 더 버티자 스스로를 달래던 중이었는데, 이젠 머리끝까지 폭발하는 느낌이야. 정말 회사의 횡포를 더 못 봐주겠어.	N	2022-06-28 06:43:37	2022-11-08 03:53:41
BE22004551	12	1	2년이나 버텼으면 최선을 다한 거지. 옆에서 본 내가 다 인정하는데 넌 할 수 있는 만큼 했다고 봐.	N	2022-06-28 06:43:37	2022-11-08 03:53:41
BE22004551	13	0	회사도 몰라주는 내 공로를 네가 알아주니까, 울컥하면서도 마음이 사그라드는 기분이네.	N	2022-06-28 06:43:37	2022-11-08 03:53:41
BE22004551	14	1	그럼. 우리가 대학 시절부터 봐왔는데 팀을 꾸려서 과제를 할 때 헌신적이고 열정 가득한 네 모습을 내가 아는걸.	N	2022-06-28 06:43:37	2022-11-08 03:53:41
BE22004551	15	0	네가 날 알아주니 분이 좀 풀리는 것 같아. 내일 당장 사직서 준비해서 제출하려고, 실업수당 받으면서 휴가 다녀오고. 천천히 이직 준비해야지.	N	2022-06-28 06:43:37	2022-11-08 03:53:41
BE22004551	16	1	그래. 예정대로 휴가 다녀오면서 머리도 식히고 기분전환을 해서 네 가치에 걸맞은 회사를 찾자.	Y	2022-06-28 06:43:37	2022-11-08 03:53:41
