id	utterance_id	utterance_type	utterance_text	terminate	regDate	updDate
BE22005810	1	0	나 어제 남자 친구랑 헤어졌어.	N	2022-07-03 09:13:20	2022-11-08 04:01:49
BE22005810	2	1	뭐? 너 결혼 생각 중이라고 했었잖아. 무슨 일 있었던 거야?	N	2022-07-03 09:13:20	2022-11-08 04:01:49
BE22005810	3	0	맞아. 저번에 결혼 허락받으러 같이 우리 부모님을 찾아뵀었는데 우리 부모님이 남자 친구가 보는 앞에서 반대하셨어. 절대 안 된다고 못을 박으셨어. 그 이야기가 몇 번 수면 위로 올라와서 남자 친구와의 관계가 위태로웠는데 결국 어제 헤어지자고 하더라.	N	2022-07-03 09:13:20	2022-11-08 04:01:49
BE22005810	4	1	정말이야? 아무리 안 좋은 일이 있어도 항상 함께 해결하려던 사람이잖아. 중요한 일에 있어서 항상 네 의견을 존중하고 너를 따라주던 사람이 갑작스럽게 그런 말을 했다니. 정말 놀랐겠다.	N	2022-07-03 09:13:20	2022-11-08 04:01:49
BE22005810	5	0	맞아. 남자 친구랑 헤어져서 슬프기보단 무엇보다 부모님께 화나는 감정이 가장 커. 나의 결혼을 반대해서 이런 상황이 일어나게 만든 부모님에게 너무 화가 나.	N	2022-07-03 09:13:20	2022-11-08 04:01:49
BE22005810	6	1	왜 안 그렇겠어. 인생에서의 정말 중요한 선택이고 결정인데 네 의사를 존중해주지 않으셨으니 그럴 만해. 네가 얼마나 독립적이고 주도적인 사람인지 알아서 지금 네가 얼마나 화가 날지 이해돼.	N	2022-07-03 09:13:20	2022-11-08 04:01:49
BE22005810	7	0	모든 게 완벽하게 준비된 상태였단 말이야. 부모님만 허락을 해주시면 바로 결혼 날짜를 잡을 계획이었어.	N	2022-07-03 09:13:20	2022-11-08 04:01:49
BE22005810	8	1	그런 네 계획이 부모님의 반대로 수포로 돌아간 것 같아서 정말 화가 나겠다. 부모님의 반대 때문에 결혼을 고려했던 남자 친구와 헤어지게 되었다니 얼마나 얼마나 화가 날까. 네가 얼마나 기분이 안 좋을지 상상이 돼서 나도 덩달아 마음이 정말 안 좋다.	N	2022-07-03 09:13:20	2022-11-08 04:01:49
BE22005810	9	0	왜 부모님은 내 행복을 축하해주시지 않는 거야? 왜 나의 결혼을 그렇게까지 반대하신 거지? 이 생각에 자꾸 화가 나.	N	2022-07-03 09:13:20	2022-11-08 04:01:49
BE22005810	10	1	충분히 그런 생각이 들 수 있겠다. 하지만 부모님은 누구보다 네가 행복하기를 진정으로 바라시는 게 아닐까? 네가 저번에 남자 친구와 크게 다툰 이후로 많이 힘들어하는 모습을 보셔서 걱정이 많이 되셨을 거야.	N	2022-07-03 09:13:20	2022-11-08 04:01:49
BE22005810	11	0	그런가? 생각해보니 그럴 수도 있을 것 같네. 엄마가 그때 속상한 마음에 나를 다독이다 울기까지 하셨으니 결혼하겠다고 했을 때 당연히 걱정이 되셨겠다. 네 말을 듣고보니 부모님의 마음이 이해되기도 하는 것 같아.	N	2022-07-03 09:13:20	2022-11-08 04:01:49
BE22005810	12	1	그래. 부모님은 너를 정말 사랑하고 아끼기 때문에 네가 너를 더 사랑해주는 사람을 만나기를 바라시는 거야. 그러니 부모님이 너의 선택을 축하해주지 않는다고 너무 기분 상해하지 말고 부모님의 속마음을 들어보는 게 어때? 부모님 눈에는 네가 얼마나 귀한 딸이겠어.	N	2022-07-03 09:13:20	2022-11-08 04:01:49
BE22005810	13	0	네 말이 맞아. 부모님은 진심으로 나를 아껴주시는데 내가 그런 마음을 생각하지 못하고 화냈던 것 같아. 너랑 이야기하다보니 그런 오해가 풀려서 마음이 많이 나아졌어.	N	2022-07-03 09:13:20	2022-11-08 04:01:49
BE22005810	14	1	마음이 괜찮아졌다니 정말 다행이다. 이별을 잘 이겨내고 부모님과의 관계를 잘 회복하길 진심으로 바래.	N	2022-07-03 09:13:20	2022-11-08 04:01:49
BE22005810	15	0	정말 고마워. 넌 정말 좋은 친구인 것 같아.	Y	2022-07-03 09:13:20	2022-11-08 04:01:49
