id	utterance_id	utterance_type	utterance_text	terminate	regDate	updDate
BE22003340	1	0	친구야, 나 어제 동생이랑 크게 싸웠어.	N	2022-06-24 09:05:31	2022-11-08 03:45:56
BE22003340	2	1	동생과 다투다니, 무슨 일 있었어?	N	2022-06-24 09:05:31	2022-11-08 03:45:56
BE22003340	3	0	동생이 요즘 학교에서 도통 공부도 안 하고, 부모님 말도 듣지 않아서 내가 한 소리 했거든. 아직도 너무 화가 나.	N	2022-06-24 09:05:31	2022-11-08 03:45:56
BE22003340	4	1	저런, 싸우면서 마음이 안 좋았겠는걸. 동생은 사춘기라 부모님 말씀을 듣지 않는 거야?	N	2022-06-24 09:05:31	2022-11-08 03:45:56
BE22003340	5	0	동생이 중학교 2학년이기도 하고, 사춘기라 한참 예민한 시기야. 내가 동생한테 화를 냈는데도 여전히 부모님 말을 듣지 않아서 좌절감을 느껴.	N	2022-06-24 09:05:31	2022-11-08 03:45:56
BE22003340	6	1	네가 강하게 주의를 줬는데도 해결이 되지 않는다는 사실에 좌절했구나. 우리 동생도 작년에 사춘기를 심하게 겪으면서 부모님이랑 갈등이 있었거든. 그 상황에서 얼마나 네가 화가 나는지 충분히 이해가 가.	N	2022-06-24 09:05:31	2022-11-08 03:45:56
BE22003340	7	0	아무리 사춘기라지만 도대체 왜 부모님께 예의 없이 행동하고 말을 듣지 않는 걸까? 나는 도무지 동생이 이해가 되지 않아. 아직도 화가 나서 속이 뜨거운 것 같아.	N	2022-06-24 09:05:31	2022-11-08 03:45:56
BE22003340	8	1	어떤 아이들은 사춘기를 보내면서 자신도 자신을 통제할 수 없는 상황을 겪기도 해. 네 분노가 충분히 이해되지만, 동생도 자기 자신을 통제하지 못하고 있는 상황일 거야. 시간이 지나면 나아질 거야.	N	2022-06-24 09:05:31	2022-11-08 03:45:56
BE22003340	9	0	정말 시간이 지나면 나아질까? 나는 아직도 동생의 얼굴을 보면 속상하고 화도 나는걸.	N	2022-06-24 09:05:31	2022-11-08 03:45:56
BE22003340	10	1	우리 가족 또한 동생의 문제를 해결하는 데 1년이라는 시간이 걸렸어. 하지만 그 시간이 지나고 나니 자연스레 해결되더라고.	N	2022-06-24 09:05:31	2022-11-08 03:45:56
BE22003340	11	0	역시 시간이 약이구나. 사실 너와 대화를 하다 보니 화가 조금씩 누그러지고 있는 것도 사실이야. 이런 걸 보면 시간이 약이라는 말이 진짜 맞나봐.	N	2022-06-24 09:05:31	2022-11-08 03:45:56
BE22003340	12	1	그럼, 너도 지금 느끼고 있지? 당장은 너무도 동생이 이해되지 않고 답답하지만 곧 해결될 거야. 너무 걱정하지 않았으면 좋겠어.	N	2022-06-24 09:05:31	2022-11-08 03:45:56
BE22003340	13	0	네가 네 경험을 토대로 이야기해주니 마음이 한결 편해진다. 역시 너는 좋은 친구야.	N	2022-06-24 09:05:31	2022-11-08 03:45:56
BE22003340	14	1	내 도움이 필요하다면 언제든지 말해 줘. 친구란 힘들 때 위로해주는 존재잖아.	Y	2022-06-24 09:05:31	2022-11-08 03:45:56
