id	utterance_id	utterance_type	utterance_text	terminate	regDate	updDate
BE22000593	1	0	요즘 애들은 도대체 뭘 배워서 저러는 걸까?	N	2022-06-13 05:42:42	2022-11-08 03:28:06
BE22000593	2	1	저녁 먹고 기분 좋게 운동 간다더니 갑자기 무슨 소리야?	N	2022-06-13 05:42:42	2022-11-08 03:28:06
BE22000593	3	0	공원에서 어떤 커플이 대놓고 애정행각을 하고 있더라고. 남들 보기 부끄럽지도 않은지 왜 공공장소에서 저러는지 모르겠어.	N	2022-06-13 05:42:42	2022-11-08 03:28:06
BE22000593	4	1	공원에서 그러고 있다고? 운동도 힘들 텐데 남들 애정행각 보면서 정신도 힘들고 고생이 많다. 어린이들도 다 볼 텐데.	N	2022-06-13 05:42:42	2022-11-08 03:28:06
BE22000593	5	0	뛰다가 보고 잘못 본 줄 알았어. 정말 못 볼 꼴 봤네.	N	2022-06-13 05:42:42	2022-11-08 03:28:06
BE22000593	6	1	아무리 시대가 변해서 개방적이 되었다고 해도 공공장소에서 그러는 것 같은데. 네가 많이 당황했겠어.	N	2022-06-13 05:42:42	2022-11-08 03:28:06
BE22000593	7	0	그러니까 말이야. 다들 최대한 멀리 돌아서 그 커플 지나쳐 가더라.	N	2022-06-13 05:42:42	2022-11-08 03:28:06
BE22000593	8	1	그럴만하지. 보기 싫어서 피하는잖아. 게다가 공원은 다 같이 사용하는 장소인데 그 커플도 참 너무했다.	N	2022-06-13 05:42:42	2022-11-08 03:28:06
BE22000593	9	0	직접 봤으면 너는 내 이상으로 짜증 낼 수준이었어. 생각할수록 왜 저러는지 짜증 나네.	N	2022-06-13 05:42:42	2022-11-08 03:28:06
BE22000593	10	1	날씨 좋은 날 운동 나갔다가 너는 이게 무슨 봉변이야. 괜히 기분만 나빠졌겠어.	N	2022-06-13 05:42:42	2022-11-08 03:28:06
BE22000593	11	0	그 커플한테 여기 공공장소라고 한마디 하려다가 더 기분 나빠질 일 생길까 봐 참았어.	N	2022-06-13 05:42:42	2022-11-08 03:28:07
BE22000593	12	1	잘했어. 괜히 이야기하면 싸움이 될 수도 있잖아. 공원 관리소에 공공장소에서 과도한 애정행각은 삼가달라는 안내 방송이라도 요청하는 건 어때?	N	2022-06-13 05:42:42	2022-11-08 03:28:07
BE22000593	13	0	그거 좋은 생각이네. 내가 돌아가는 길에 관리소 들러서 직접 이야기해봐야겠어.	N	2022-06-13 05:42:42	2022-11-08 03:28:07
BE22000593	14	1	 방송으로 들으면 다른 곳으로 옮기겠지.	Y	2022-06-13 05:42:42	2022-11-08 03:28:07
