id	utterance_id	utterance_type	utterance_text	terminate	regDate	updDate
BE22005091	1	0	친구야. 너 컴퓨터 공학 전공이지? 내 고민 좀 들어 주라.	N	2022-06-29 07:14:15	2022-11-08 03:57:09
BE22005091	2	1	응, 맞아. 그런데 컴퓨터 관련한 고민이라니, 무슨 일 있어?	N	2022-06-29 07:14:15	2022-11-08 03:57:09
BE22005091	3	0	아니 내가 요즘 코딩을 배우는데 초반부터 원래 이렇게 어렵니? 되는 게 하나도 없어서 너무 좌절스러워.	N	2022-06-29 07:14:15	2022-11-08 03:57:09
BE22005091	4	1	저런, 그래서 나한테 연락했구나. 처음 배우는 거라 잘되지 않아서 상실감이 많이 컸겠네.	N	2022-06-29 07:14:15	2022-11-08 03:57:09
BE22005091	5	0	맞아. 같이 배우는 초등학생들보다도 못한 것 같아 자신감이 점점 떨어지네...	N	2022-06-29 07:14:15	2022-11-08 03:57:09
BE22005091	6	1	네 좌절하는 마음은 충분히 이해해. 나도 처음 코딩 배울 때 정말 어려웠거든.	N	2022-06-29 07:14:15	2022-11-08 03:57:09
BE22005091	7	0	내가 프로그래밍한 작업물을 선생님께 검사 맡을 때 혹평을 들어서... 분하고 좌절스러워서 잠도 제대로 안 오더라.	N	2022-06-29 07:14:15	2022-11-08 03:57:09
BE22005091	8	1	저런, 처음 배우는 학생한테 혹평을 하시다니 좀 너무하신 것 같네. 그건 그 선생님이 잘못된 거야. 너무 마음에 담아두지 마.	N	2022-06-29 07:14:15	2022-11-08 03:57:09
BE22005091	9	0	그렇다고 하더라도... 내 코딩 실력이 시간이 지나도 지지부진할까봐 걱정이 돼.	N	2022-06-29 07:14:15	2022-11-08 03:57:09
BE22005091	10	1	내가 아는 너라면 충분히 코딩 프로그램에 금방 적응할 수 있어. 넌 성실하고 열심히 하려는 자세가 되어 있잖아. 기운 내.	N	2022-06-29 07:14:15	2022-11-08 03:57:09
BE22005091	11	0	그렇게 말해주니까 고맙다. 네 말이 맞아. 열심히 하면 내 코딩 실력도 향상되겠지.	N	2022-06-29 07:14:15	2022-11-08 03:57:09
BE22005091	12	1	그래. 그런 긍정적인 마음가짐이 중요한 거야. 말 나온 김에 내가 내일 코딩 좀 가르쳐줄게.	N	2022-06-29 07:14:15	2022-11-08 03:57:09
BE22005091	13	0	정말? 그래주면 너무 고맙지! 내가 내일 너희 집으로 가도 될까?	N	2022-06-29 07:14:15	2022-11-08 03:57:09
BE22005091	14	1	좋지. 내일 시간 정해서 알려줘.	Y	2022-06-29 07:14:15	2022-11-08 03:57:09
