id	utterance_id	utterance_type	utterance_text	terminate	regDate	updDate
BE22003405	1	0	우리 어제 같이 백화점 가서 옷 사온 거 있잖아.	N	2022-06-24 13:34:33	2022-11-08 03:46:21
BE22003405	2	1	응. 정말 마음에 든다고 좋아하면서 산 옷 얘기하는 거야?	N	2022-06-24 13:34:33	2022-11-08 03:46:21
BE22003405	3	0	응. 근데 그 옷을 집에 와서 다시 입어봤는데 옷이 작아. 그래서 환불해야 할 것 같아.	N	2022-06-24 13:34:33	2022-11-08 03:46:21
BE22003405	4	1	어제 산 옷들 전부 매장에서 다 입어 보고 사이즈 결정한 거 아니야? 새 상품으로 주면서 직원이 실수했나?	N	2022-06-24 13:34:33	2022-11-08 03:46:21
BE22003405	5	0	지금 다시 확인해봤는데 내가 어제 입어본 사이즈가 아니야. 그래서 확인해 보려고 매장에 전화해봤는데 직원이 사이즈 맞게 줬다고 되레 짜증을 내더라. 너무 화가 나서 손이 다 떨려, 당장 찾아가서 CCTV 확인해보자고 해야겠어.	N	2022-06-24 13:34:33	2022-11-08 03:46:21
BE22003405	6	1	너가 확인만 해보려고 했는데 직원의 불성실한 태도에 화가 많이 났구나. 나였어도 그 상황이었다면 어이없고 화가 났을 것 같아. 하지만, 당장 화난 감정으로 찾아가는 건 너에게 더 좋지 않을 것 같아.	N	2022-06-24 13:34:33	2022-11-08 03:46:21
BE22003405	7	0	그럼 어떡해? 나 오늘 이 옷 입으려고 기대 많이 했는데 입지도 못하잖아. 그리고 확인차 물어보기만 했는데 되레 나한테 짜증내는 걸 나보고 참으라고?	N	2022-06-24 13:34:33	2022-11-08 03:46:21
BE22003405	8	1	무조건 참으라는 게 아니야. 마음을 조금 추스른 후에 찾아가서 매장의 잘못인지 확인하고, 옷을 환불받는 건 어떨까?	N	2022-06-24 13:34:33	2022-11-08 03:46:21
BE22003405	9	0	그럼 지금 당장은 아무것도 하지 말라는 거야? 화가 머리끝까지 나서 생긴 짜증을 참을 수가 없는데?	N	2022-06-24 13:34:33	2022-11-08 03:46:21
BE22003405	10	1	내가 지금 바로 맛있는 케이크 사서 너네 집으로 갈게. 좋아하는 케이크 먹으면서 마음도 조금 추스르는 건 어떨까? 그 다음에 나랑 같이 매장으로 가는 거야. 어때?	N	2022-06-24 13:34:33	2022-11-08 03:46:21
BE22003405	11	0	알겠어, 그렇게 해보자.	N	2022-06-24 13:34:33	2022-11-08 03:46:21
BE22003405	12	1	좋아. 무작정 싸우려고 하지 않고 좋게 해결하기 위해 노력하는 모습. 정말 대단해. 너는 역시 심성이 착하다니까.	N	2022-06-24 13:34:33	2022-11-08 03:46:21
BE22003405	13	0	너가 그렇게 말해준 덕분에 화가 좀 가라앉은 것 같아. 당장 찾아가서 싸웠다면 나중에 후회했을 텐데 후회하지 않게 만들어줘서 고마워.	N	2022-06-24 13:34:33	2022-11-08 03:46:21
BE22003405	14	1	고맙긴 뭘. 남은 케이크 빨리 먹고 같이 매장에 가보자.	N	2022-06-24 13:34:33	2022-11-08 03:46:21
BE22003405	15	0	그래, 정말 고마워.	Y	2022-06-24 13:34:33	2022-11-08 03:46:21
