id	utterance_id	utterance_type	utterance_text	terminate	regDate	updDate
BE22006540	1	0	카펫을 산 지 하루도 안 지났는데 커피를 쏟았어. 와 진짜 말이 안 나온다.	N	2022-07-06 07:27:03	2022-11-08 04:06:31
BE22006540	2	1	오늘 낮에 산 카펫 말하는 거지? 화가 날 만도 하겠다. 오래 고민하다 결국 산 카펫 아니야?	N	2022-07-06 07:27:03	2022-11-08 04:06:31
BE22006540	3	0	정말 오래 고민하다가 구매를 한 카펫이야. 산지 하루가 지났는데 얼룩이 생겼으니 정말 화가 나고 스스로한테 짜증이 나.	N	2022-07-06 07:27:03	2022-11-08 04:06:31
BE22006540	4	1	나의 실수로 인해 내가 아끼던 어떤 물건이 망가졌을 때의 기분은 정말 좋지 않아. 화가 머리끝까지 나고 종일 짜증이 나서 일에 집중이 안 돼.	N	2022-07-06 07:27:03	2022-11-08 04:06:31
BE22006540	5	0	나는 왜 이러는지 모르겠어. 1년 동안 고민하면서 돈을 모았거든. 나의 행동에 대해 정말 이해가 가질 않고 계속 짜증이 나는 거 있지.	N	2022-07-06 07:27:03	2022-11-08 04:06:31
BE22006540	6	1	누군들 안 그러겠어. 더군다나 한두 푼 하는 것도 아니고 비싼 카펫이잖아. 그 얼룩을 볼 때마다 감정이 좋지 않게 변하는 건 당연하고 충분히 이해가 가.	N	2022-07-06 07:27:03	2022-11-08 04:06:31
BE22006540	7	0	친구들한테 자랑도 많이 했는데 흰 카펫이라서 얼룩이 지워지지 않아. 얼룩의 크기가 내 마음의 화를 그대로 증명하듯 매우 커. 숨겨지지도 않고 계속 눈에 띄기만 해.	N	2022-07-06 07:27:03	2022-11-08 04:06:31
BE22006540	8	1	혹시 구매처에 연락을 취했는지 물어봐도 될까? 연락을 취했으면 마음이라도 편할 텐데 말이야.	N	2022-07-06 07:27:03	2022-11-08 04:06:31
BE22006540	9	0	아직. 내가 실수로 카펫이 망가졌는데 거기서 해결해줄까? 오로지 나의 실수로 만든 오염이라 연락할 생각을 한 번도 하지 않았거든.	N	2022-07-06 07:27:03	2022-11-08 04:06:31
BE22006540	10	1	해결까지는 아닐 텐데, 그래도 네 마음은 어느 정도 편해질 거야. 새 제품으로 바꿔주지는 않지만, 괜찮은 청소업체는 추천해줄 거야.	N	2022-07-06 07:27:03	2022-11-08 04:06:31
BE22006540	11	0	맞아. 가격이 비싼 만큼 구매처에서 좋은 해결방안을 추천해줄 거야. 혼자서 해결하려다 보니 화만 잔뜩 나고 답답했어.	N	2022-07-06 07:27:03	2022-11-08 04:06:31
BE22006540	12	1	네가 심리적으로 많이 편해질 거야. 늦기 전에 전화를 취해야 할 듯싶은데? 빨리 연락하면 그만큼 네 마음도 좋아질 거야.	N	2022-07-06 07:27:03	2022-11-08 04:06:31
BE22006540	13	0	완벽한 해결방안은 아니겠지만 그래도 마음은 편해진다. 혼자서 해결하려고 하니 앞이 캄캄했거든. 역시 어떤 일이 생기면 나 혼자 끙끙 앓는 것은 좋지 않아.	N	2022-07-06 07:27:03	2022-11-08 04:06:31
BE22006540	14	1	다행이다. 언제든 너에게 문제가 있으면 연락해줘. 당장 문제를 해결해줄 수는 없겠지만 네 마음을 편하게 해줄 수 있어.	N	2022-07-06 07:27:03	2022-11-08 04:06:31
BE22006540	15	0	고마워. 마음이 확실히 편해졌어. 다음에 또 연락할게!	Y	2022-07-06 07:27:03	2022-11-08 04:06:31
