id	utterance_id	utterance_type	utterance_text	terminate	regDate	updDate
BE22003475	1	0	부장이 자꾸 내 어깨에 손을 올려.	N	2022-06-24 17:12:07	2022-11-08 03:46:47
BE22003475	2	1	헉! 사람 불편하게 왜 그런대?	N	2022-06-24 17:12:07	2022-11-08 03:46:47
BE22003475	3	0	진짜 화나는 게, 내가 표정으로 불편한 티를 냈거든. 그런데도 계속 손을 올린단 말야.	N	2022-06-24 17:12:07	2022-11-08 03:46:47
BE22003475	4	1	진짜 싫고 화나겠다. 아니 나 같아도 싫은 티를 내는데도 눈치 없이 행동하면 너무 화날 것 같아. 특히 요즘은 그런 불필요한 신체 접촉 자중하라고 교육도 받을 텐데 왜 그러는 거야?	N	2022-06-24 17:12:07	2022-11-08 03:46:47
BE22003475	5	0	내 말이. 완전 빡쳐. 회사 가기가 싫어. 부장이 내 근처에 오면 싫어서 심장이 두근두근거린다니까.	N	2022-06-24 17:12:07	2022-11-08 03:46:47
BE22003475	6	1	진짜 불편하다고 대놓고 말을 할 수도 없고. 사회생활 힘들다 정말.	N	2022-06-24 17:12:07	2022-11-08 03:46:47
BE22003475	7	0	진짜로 말을 하기도 좀 그래. 나만 예민한 사람될까봐 걱정되고. 불편한 걸 불편하다고 속 시원하게 말하지 못하게 하는 사회 분위기도 화가 나.	N	2022-06-24 17:12:07	2022-11-08 03:46:47
BE22003475	8	1	사회 속에서 살아가야 하는 소시민인데 어쩔 수 없지 뭐. 정 불편하면 이야기를 면대면으로 이야기해봐야겠지만 그러지 못하는 상황이라면...	N	2022-06-24 17:12:07	2022-11-08 03:46:47
BE22003475	9	0	상황이라면 뭐? 내가 참아야 한다고?	N	2022-06-24 17:12:07	2022-11-08 03:46:47
BE22003475	10	1	참아야 한다기보다는 생각을 조금 바꿔보자는 거지. 어깨에 손 올리는 것 정도는 가볍게 할 수 있다고 생각하는 사람일 수 있잖아. 불쾌하게 하려는 의도는 없고, 그냥 별생각 없는 사람이라고 생각해보면 마음이 조금은 나아지지 않을까?	N	2022-06-24 17:12:07	2022-11-08 03:46:47
BE22003475	11	0	인정하기는 싫지만 실제로 악의는 없어 보였어. 눈치가 매우 없는 타입이지.	N	2022-06-24 17:12:07	2022-11-08 03:46:47
BE22003475	12	1	실제로 그렇다니까 불행 중 다행이다. 어차피 그 인간 회사에서만 보고 안 볼 사이잖아. 그냥 쿨하게 넘겨버리자.	N	2022-06-24 17:12:07	2022-11-08 03:46:47
BE22003475	13	0	그래, 네 말이 맞다. 어차피 대놓고 말하지도 못하는데 좋게 생각해 봐야지.	N	2022-06-24 17:12:07	2022-11-08 03:46:47
BE22003475	14	1	힘내. 사회생활이 이래서 어려운 건가봐.	Y	2022-06-24 17:12:07	2022-11-08 03:46:47
