id	utterance_id	utterance_type	utterance_text	terminate	regDate	updDate
BE22002578	1	0	도로에 차가 많이 밀려. 게다가 한 운전자가 끊임없이 끼어들기를 하고 있어서 불안하고 스트레스받는 중이야.	N	2022-06-22 05:54:10	2022-11-08 03:41:05
BE22002578	2	1	조심해야겠다. 그런 사람 하나 있으면 모두 긴장되어서 운전하는 게 더 피곤해지잖아.	N	2022-06-22 05:54:10	2022-11-08 03:41:05
BE22002578	3	0	남편이 운전하는데 속수무책으로 계속 당하고 있는 것도 한심해. 계속 끼어드는 저 운전자도 답답해서 속 터진다.	N	2022-06-22 05:54:10	2022-11-08 03:41:05
BE22002578	4	1	안전 운전하느라 피해주는 네 남편도 힘들겠지만, 옆에서 지켜보는 너도 마음이 편치 않겠다. 그렇게 끼어들어 봐야 5분이나 10분 빨리 간다는 걸 뿐이라는 걸 모를 리가 없잖아. 그걸 당하고 있는 너는 얼마나 답답하겠어.	N	2022-06-22 05:54:10	2022-11-08 03:41:05
BE22002578	5	0	도대체 저 끼어드는 운전자는 화장실이 급한 거야, 집에 일이 난 거야. 그러다가 사고 나면 여러 사람한테 민폐인데. 정말 내 자식 같으면 다시는 운전대 못 잡게 한다.	N	2022-06-22 05:54:10	2022-11-08 03:41:05
BE22002578	6	1	마음은 바쁘고 도로는 막혀있으니 뭐라도 해보려고 쓸데없이 안간힘을 쓰는 거지 뭐. 그런 소용없는 짓이 가져다줄 수 있는 위험은 망각하고 있는 거지.	N	2022-06-22 05:54:10	2022-11-08 03:41:05
BE22002578	7	0	사람들이 원칙이라는 걸 좀 지키면 서로 얼마나 편해. 왜 저렇게 빨리만 가려고 법과 규칙을 무시하는지 화나서 못 보겠어. 정말 꼴불견이야.	N	2022-06-22 05:54:10	2022-11-08 03:41:05
BE22002578	8	1	너희 부부처럼 준수하는 사람들이 많아지면 생명을 잃을 만큼 큰 사고도 줄 텐데. 종종 사람들의 작은 범실로 생기는 사고를 접하면 참 안타깝잖아. 다들 운전 시작할 때의 초심으로 돌아가야 하는데...	N	2022-06-22 05:54:10	2022-11-08 03:41:05
BE22002578	9	0	빨리 이 밀리는 도로와 졸속 운전자들 속에서 탈출해 너랑 시원한 커피 마시고 싶다.	N	2022-06-22 05:54:10	2022-11-08 03:41:05
BE22002578	10	1	나도 네 얼굴 보고 향 좋은 커피 마시며 수다 떨고 싶은 마음은 하늘 같아. 그래도 너희 부부 안전하게 오는 게 더 중요하니까 천천히 와.	N	2022-06-22 05:54:10	2022-11-08 03:41:05
BE22002578	11	0	너도 여전히 안전을 제일로 추구하는 원칙주의자이구나.	N	2022-06-22 05:54:10	2022-11-08 03:41:05
BE22002578	12	1	그럼, 학교 다닐 때부터 도덕과 원칙을 가장 잘 지키는 모범생인 너의 가장 친한 친구잖아. 답답하겠지만 음악이라도 들으면서 기분 전환하고. 오랜만에 연애하던 때 얘기도 하면서 옛 추억도 더듬어보면서 오면 재미있을 거야?	N	2022-06-22 05:54:10	2022-11-08 03:41:05
BE22002578	13	0	우리 부부 연애사는 얘기하면 끝이 없을 만큼 무수한 일들이 있었지. 연애사만 나오면 남편이 툭하면 나 쫓아다니던 삼인 중에 자기가 최후의 승리자 거들먹거리는데 정말 웃겨. 제일 좋았던 시절이었지.	N	2022-06-22 05:54:10	2022-11-08 03:41:05
BE22002578	14	1	그때가 너의 전성기 시절이었으니 그럴 만하지. 어때? 금방 기분 전환되지?	N	2022-06-22 05:54:10	2022-11-08 03:41:06
BE22002578	15	0	응, 한참 지난 일인데도 신기하게 마음이 들뜨네. 넌 역시 나를 기분 좋게 만드는 방법을 가장 잘 아는 친구야.	Y	2022-06-22 05:54:10	2022-11-08 03:41:06
