id	utterance_id	utterance_type	utterance_text	terminate	regDate	updDate
BE22004677	1	0	업무 시간에 온라인 쇼핑하다가 상사한테 딱 걸렸어.	N	2022-06-28 10:11:58	2022-11-08 03:54:30
BE22004677	2	1	아이고. 하필이면 잠깐 쇼핑할 때 걸리게 되었구나. 혹시 혼이 많이 났어?	N	2022-06-28 10:11:58	2022-11-08 03:54:30
BE22004677	3	0	싫은 소리 왕창 들었지 뭐. 나도 저번에 자기 온라인으로 오목 두는 거 다 봤거든? 나는 모르는 척 넘어갔는데 말이야.	N	2022-06-28 10:11:58	2022-11-08 03:54:30
BE22004677	4	1	맞아, 가끔 상사가 지적하는 내용을 들어 보면 본인도 똑같이 그런 행동을 할 때가 있어. 그래도 우리 같은 일반 사원들이 상사한테 그런 걸 지적할 수는 없잖아. 억울해도 눈 꼭 감고 들어야 하는 수밖에.	N	2022-06-28 10:11:58	2022-11-08 03:54:30
BE22004677	5	0	그러니까 말이야. 일에 집중 안 하는 건 자기도 마찬가지일 거면서... 자기는 괜찮고 나만 걸리는 순간 혼나는 게 너무 짜증 나고 억울해.	N	2022-06-28 10:11:58	2022-11-08 03:54:30
BE22004677	6	1	나라도 억울하겠다. 그렇지만 네가 온라인쇼핑을 하고 있는 걸 직접 본 이상 아무 말하지 않기도 어려웠을 거야. 상사는 그냥 본인이 해야 할 말을 했다고 생각하고 털어버려.	N	2022-06-28 10:11:58	2022-11-08 03:54:30
BE22004677	7	0	생각해 보니 네 말도 맞네. 나는 사실 너무 짜증 나서 확 복수하고 싶다고 생각했었어.	N	2022-06-28 10:11:58	2022-11-08 03:54:30
BE22004677	8	1	에이, 복수해서 좋을 건 또 뭐야. 그냥 오늘 운수 나빴다고 생각하고 털어버려. 퇴근하고 맛있는 거 먹으면 기분 풀릴지도 몰라.	N	2022-06-28 10:11:58	2022-11-08 03:54:30
BE22004677	9	0	그렇지? 내가 오늘 일을 마음에 품어두고 있으면 나만 손해인 거겠지?	N	2022-06-28 10:11:58	2022-11-08 03:54:30
BE22004677	10	1	당연하지. 그러다 정말로 사이 나빠지면 스트레스만 심할 거야. 매일 얼굴 보고 지내야 하는데, 그러지 말고 마음 넓은 네가 참아.	N	2022-06-28 10:11:58	2022-11-08 03:54:30
BE22004677	11	0	네 말이 맞다. 생각해 보니 이 사람과 사이 나빠지는 게 더 나한테 괴로운 일일 것 같아. 나는 싫은 사람이 있으면 에너지 소모가 심하거든.	N	2022-06-28 10:11:58	2022-11-08 03:54:30
BE22004677	12	1	거봐. 오늘 퇴근하고 좋아하는 음식 먹고, 카페 들러서 커피랑 디저트도 꼭 먹어. 그러면 기분이 무척 맑아질 거야.	N	2022-06-28 10:11:58	2022-11-08 03:54:30
BE22004677	13	0	고마워. 항상 네가 날 진정시켜주는 것 같아. 너랑 이야기하고 나면 기분이 좋아.	N	2022-06-28 10:11:58	2022-11-08 03:54:30
BE22004677	14	1	다행이야. 앞으로 화나는 일 생기면 얼마든지 채팅 신청해! 같이 웃고 떠들면서 풀자.	N	2022-06-28 10:11:58	2022-11-08 03:54:30
BE22004677	15	0	응. 네가 있어서 이 회사 생활도 버틸 수 있는 것 같아.	Y	2022-06-28 10:11:58	2022-11-08 03:54:30
