id	utterance_id	utterance_type	utterance_text	terminate	regDate	updDate
BE22001868	1	0	너무 어이없고 분노가 치밀어 가슴이 답답하다. 오빠 돌아가시고 몇 년 만에 처음으로 올케한테 만나자는 연락이 왔거든.	N	2022-06-17 05:11:51	2022-11-08 03:36:30
BE22001868	2	1	그때 그렇게 못되게 굴었으니 네가 화가 나는 건 너무도 당연한 일이지. 그래, 얼마나 속상하니?	N	2022-06-17 05:11:51	2022-11-08 03:36:30
BE22001868	3	0	그때 생각하면 난 아직도 치가 떨린다. 앞으로 올케는 평생 보지 않겠다고 다짐하며 살아왔거든.	N	2022-06-17 05:11:51	2022-11-08 03:36:30
BE22001868	4	1	나라도 그런 생각 했을 거야. 네가 그 당시에 얼마나 마음고생이 심했는지 누구보다 내가 잘 알잖아.	N	2022-06-17 05:11:51	2022-11-08 03:36:30
BE22001868	5	0	돈 좀 아끼자고 오빠를 납골당에도 모시지 않으려는 올케를 생각하면 아직도 주먹이 부르르 떨려.	N	2022-06-17 05:11:51	2022-11-08 03:36:30
BE22001868	6	1	정말 아무리 미워도 그렇지 몇 십 년을 함께 산 사람이 그런 행동을 하지? 네가 오죽하면 이럴까 십분 이해가 된다.	N	2022-06-17 05:11:51	2022-11-08 03:36:30
BE22001868	7	0	그런데 이번에 연락해온 건 조카 결혼 때문이었어. 청첩장을 주더라고. 근데 올케랑 너무 닮은 조카라 괜히 가고 싶지 않은 거야.	N	2022-06-17 05:11:51	2022-11-08 03:36:30
BE22001868	8	1	그럼 네 마음 가는 대로 하면 되잖아. 결혼식에 가지 않는다고 아무도 너를 욕하지는 않을 거야.	N	2022-06-17 05:11:51	2022-11-08 03:36:30
BE22001868	9	0	그래도 오빠의 하나밖에 없는 피붙이인데 하늘에 계신 오빠가 알면 무척 속상해 하실 것 같아서.	N	2022-06-17 05:11:51	2022-11-08 03:36:30
BE22001868	10	1	그렇구나. 그래도 핏줄이니 너도 도리는 해야 될 것 같아 괴로운 거구나.	N	2022-06-17 05:11:51	2022-11-08 03:36:30
BE22001868	11	0	고모인 내가 가야 하는 게 맞겠지? 올케 생각하면 정말 가고 싶지 않지만 그래도 내가 윗사람인데 말이야.	N	2022-06-17 05:11:51	2022-11-08 03:36:30
BE22001868	12	1	썩 내키지 않겠지만 조카만 생각하고 잠깐 갔다 오는 것도 좋을 듯해.	N	2022-06-17 05:11:51	2022-11-08 03:36:30
BE22001868	13	0	그럼 결혼식만 조용히 갔다 오는 걸로 할까? 사실 폐백도 한다는 데 그것까지 참석하고 싶지는 않거든.	N	2022-06-17 05:11:51	2022-11-08 03:36:30
BE22001868	14	1	폐백이야 직계만 해도 될 것 같으니 괜찮을 것 같아. 그래도 너 참 대견하다.	N	2022-06-17 05:11:51	2022-11-08 03:36:30
BE22001868	15	0	그냥 내 마음 편하자고 하는 거야. 그래도 너랑 이야기 나누다 보니 생각이 많이 정리되는 것 같다. 정말 고마워.	Y	2022-06-17 05:11:51	2022-11-08 03:36:30
