id	utterance_id	utterance_type	utterance_text	terminate	regDate	updDate
BE22004041	1	0	얘, 공감화자야. 나 정말 내 딸을 집에서 내쫓을 수도 없고 기가 막혀서 원.	N	2022-06-27 05:28:25	2022-11-08 03:50:25
BE22004041	2	1	왜 그래 갑자기? 너희 딸이 무슨 짓을 한 거니?	N	2022-06-27 05:28:25	2022-11-08 03:50:25
BE22004041	3	0	이 녀석이 수능 끝나서 자유롭게 놀겠다고 하더니 글쎄 코에 피어싱을 하고 왔어!	N	2022-06-27 05:28:25	2022-11-08 03:50:25
BE22004041	4	1	뭐라고? 귀에도 아니고 코에? 아이고, 세상에 너 정말 놀랐겠구나.	N	2022-06-27 05:28:25	2022-11-08 03:50:25
BE22004041	5	0	기절초풍을 했어. 그렇다고 다 큰 딸을 어떡해. 화가 펄펄 나는 거야.	N	2022-06-27 05:28:25	2022-11-08 03:50:25
BE22004041	6	1	당연하지. 멀쩡한 코를 뚫고 왔는데 엄마로서 화가 안 나겠니. 얼마나 황당했겠니, 내가 다 아찔하다.	N	2022-06-27 05:28:25	2022-11-08 03:50:25
BE22004041	7	0	귀에다 하지 왜 코에다 했냐고 물어보니까 그게 유행이라잖니. 아주 보기 싫어 죽겠어.	N	2022-06-27 05:28:25	2022-11-08 03:50:25
BE22004041	8	1	그래, 돈까지 써서 아프게 뚫고 온 거 보면 보기 싫기도 하겠지. 근데 수능도 끝났고 그동안 스트레스 받은 것도 있으니까 한 거 아니겠니. 그건 네가 이해를 좀 해줘야겠다.	N	2022-06-27 05:28:25	2022-11-08 03:50:25
BE22004041	9	0	이해를 하려고 해도 정도가 있지. 코에 이상한 걸 꿰고 있는데 내가 어떻게 이해를 하겠니.	N	2022-06-27 05:28:25	2022-11-08 03:50:25
BE22004041	10	1	알지, 네가 화나고 기가 막힌 건 충분히 이해하지. 그런데 타투나 피어싱이 요즘 애들에게는 별것도 아니야. 그래서 네 딸도 가벼운 마음으로 한 거 아니겠니.	N	2022-06-27 05:28:25	2022-11-08 03:50:25
BE22004041	11	0	별 게 아니야? 그게 정말 많은 애들이 하는 거란 말이니?	N	2022-06-27 05:28:25	2022-11-08 03:50:25
BE22004041	12	1	우리 때랑은 달라. 여자애들 문신 한두 개쯤 하고 눈썹이나 코 뚫는 건 예삿일이야. 우리 때랑 문화가 달라졌다고 생각하고 네가 너른 마음으로 포용을 해주렴.	N	2022-06-27 05:28:25	2022-11-08 03:50:25
BE22004041	13	0	아휴, 아무리 그래도 마음에 안 드는 건 어쩔 수가 없네.	N	2022-06-27 05:28:25	2022-11-08 03:50:25
BE22004041	14	1	그래, 나도 내 새끼들 그러는 거 마음에 안 들어. 하지만 어쩌니 젊었을 때라도 그런 거 한 번씩 해보면서 살아야 하지 않겠니. 다 경험이고 한때라고 생각해서 적당히 하고 눈감아 줘.	N	2022-06-27 05:28:25	2022-11-08 03:50:25
BE22004041	15	0	그래, 알았어. 다 한창 때 혈기로 하는 거겠지. 아휴, 그러려니 해야지.	N	2022-06-27 05:28:25	2022-11-08 03:50:25
BE22004041	16	1	그렇게 생각하고 넘기는 게 네 정신건강에도 좋아, 감정화자야. 당장 보기는 거북하기도 하겠지만 저러다 말겠지 하면서 좀 풀어줘. 사회생활 시작하면 알아서 할 테니까, 알겠지?	N	2022-06-27 05:28:25	2022-11-08 03:50:25
BE22004041	17	0	알았어. 위로해줘서 고맙다. 들어가, 공감화자야. 또 연락할게.	Y	2022-06-27 05:28:25	2022-11-08 03:50:25
