id	utterance_id	utterance_type	utterance_text	terminate	regDate	updDate
BE22004744	1	0	택시 기사님들은 뭐가 이렇게 궁금한 게 많으실까?	N	2022-06-28 12:36:03	2022-11-08 03:54:55
BE22004744	2	1	설마 내가 생각하는 그 이야기는 아니겠지? 아니길 바라.	N	2022-06-28 12:36:03	2022-11-08 03:54:55
BE22004744	3	0	그 예상이 맞아, 정치 이야기를 왜 이렇게 좋아하시는 거야. 이번 대선 결과 어떻게 생각하냐고 물으시는데, 그냥 관심 없다고 했어. 이러니 내가 정치적 성향을 안 나타내려 하지.	N	2022-06-28 12:36:03	2022-11-08 03:54:55
BE22004744	4	1	그럴 때 진짜 화나지, 자기의 답이 정해져 있으면서 왜 물어보시는지. 반대 의견이라도 낼라치면 자기 생각만 말씀하시잖아.	N	2022-06-28 12:36:03	2022-11-08 03:54:55
BE22004744	5	0	응, 진짜 짜증 나. 오늘도 대통령이 어쩌고저쩌고, 무슨 당이 잘했니 못했니. 받아주기 힘들어서 아무런 대꾸도 안 하고 왔더니 괜히 무섭더라고.	N	2022-06-28 12:36:03	2022-11-08 03:54:55
BE22004744	6	1	그러니까 네가 정치적 성향을 드러내지 않는 게 충분히 이해가 가. 갈등을 피하고 싶은 거잖니. 말이 잘 통하는 사람이랑 말해도 타협할 수 없는 주제니까.	N	2022-06-28 12:36:03	2022-11-08 03:54:55
BE22004744	7	0	맞아, 그런 이유에서 나도 말 안 하는 건데 왜 아무런 말이 없냐고 물어보는 거야. 반대된 입장이라고 하면 바로 물고 뜯을 거면서. 진짜 열받았지만 꾹 참았다.	N	2022-06-28 12:36:03	2022-11-08 03:54:55
BE22004744	8	1	잘 참았어, 같이 열 내고 말해봐야 뭐해. 네 속만 상하지. 택시 타서 괜히 기분만 상했겠다.	N	2022-06-28 12:36:03	2022-11-08 03:54:55
BE22004744	9	0	편하게 집 가려고 탄 택시에서 이러니 더 마음만 불편해졌지 뭐야. 열받아서 미칠 뻔.	N	2022-06-28 12:36:03	2022-11-08 03:54:55
BE22004744	10	1	그래도 끝까지 정치적 성향을 안 나타낸 건 잘했어. 나 같으면 바로 반박하고 싸우면서 내렸을지도 몰라. 네가 티 안 내고 잘 참고 내려서 큰 싸움이 될 뻔한 걸 잘 지나간 거 같아.	N	2022-06-28 12:36:03	2022-11-08 03:54:55
BE22004744	11	0	맞지, 나 잘했지? 그 개똥 논리에 쏘아붙였어야 하나 고민했는데 네가 그렇게 말해주니. 잠자코 잘 있었다는 확신이 들어.	N	2022-06-28 12:36:03	2022-11-08 03:54:55
BE22004744	12	1	그래, 감정 소모만 하고 내렸을 거야. 네 행동이 현명한 거라고 생각해.	N	2022-06-28 12:36:03	2022-11-08 03:54:55
BE22004744	13	0	그래도 너한테 한바탕 하소연하고 털어놓으니까 화가 좀 가라앉는다. 털어놓을 곳이 너밖에 없었어.	N	2022-06-28 12:36:03	2022-11-08 03:54:55
BE22004744	14	1	난 네가 좀 괜찮아졌다니 너무 다행인데. 화는 쌓아두지 마. 나한테 풀고 가렴.	Y	2022-06-28 12:36:03	2022-11-08 03:54:55
