id	utterance_id	utterance_type	utterance_text	terminate	regDate	updDate
BE22004632	1	0	누가 우리 집 현관문 앞에 쓰레기를 버리고 갔어! 이게 말이 돼?	N	2022-06-28 09:07:44	2022-11-08 03:54:13
BE22004632	2	1	너 진짜 놀라고 어이없었겠다. 아직도 안 가져간 거야?	N	2022-06-28 09:07:44	2022-11-08 03:54:13
BE22004632	3	0	응. 언제 버리고 간 것인지는 모르겠는데 이러면 안 되지. 어떻게 이럴 수가 있어? 진짜 화 나.	N	2022-06-28 09:07:44	2022-11-08 03:54:13
BE22004632	4	1	너희 집 쓰레기도 아닌데 집 앞에 버리고 가면 당연히 화나지. 나였어도 진짜 화났을 거야.	N	2022-06-28 09:07:44	2022-11-08 03:54:13
BE22004632	5	0	응. 거기다가 이것저것 섞여 있는 쓰레기더라고. 그냥 버려주려고 하다가 분리수거도 안 되어있는 걸 보니까 더 화가 치밀더라.	N	2022-06-28 09:07:44	2022-11-08 03:54:13
BE22004632	6	1	진짜로 화날 만하다... 그래서 어떻게 하기로 했어?	N	2022-06-28 09:07:44	2022-11-08 03:54:13
BE22004632	7	0	CCTV 확인할까 했었는데 CCTV가 고장 나서 확인이 불가능하다고 하더라고...	N	2022-06-28 09:07:44	2022-11-08 03:54:13
BE22004632	8	1	이런... 그냥 어떤 사람이 잠깐 둔다는 걸 까먹었다고 생각하면 어떨까? 괜히 안 좋게 생각하면 네 기분만 나쁘니까 좋게 생각해보는 거지. 그리고 네가 좋은 일을 했으니까 다음에는 좋은 일이 올 거라 생각하면 마음이 괜찮아지지 않을까?	N	2022-06-28 09:07:44	2022-11-08 03:54:13
BE22004632	9	0	그래. 네 말 들어보니까 그렇네. 이미 벌어진 일인데 화내봤자 뭐 하겠어.	N	2022-06-28 09:07:44	2022-11-08 03:54:13
BE22004632	10	1	그래. 금방 잊어버리고 좋게 넘어가면 분명히 좋은 일이 생길 거야.	N	2022-06-28 09:07:44	2022-11-08 03:54:13
BE22004632	11	0	그래. 홀가분하게 일단 넘겨야겠어. 그런데 혹시 다른 사람에게도 이런 일이 또 생기면 어쩌지?	N	2022-06-28 09:07:44	2022-11-08 03:54:13
BE22004632	12	1	다른 사람의 상황을 생각해주다니 너는 역시 정말 배려 깊은 친구야. 그러면 이러한 상황이 혹시 또 생길 걸 방지하기 위해서 공지를 하나 붙이면 어떨까?	N	2022-06-28 09:07:44	2022-11-08 03:54:13
BE22004632	13	0	그거 좋은 것 같다. 생각난 김에 오늘 관리 사무소에 말해서 공지를 엘리베이터에 붙여야겠어.	N	2022-06-28 09:07:44	2022-11-08 03:54:13
BE22004632	14	1	좋은 생각이야. 네 덕분에 다른 사람들이 미래에 피해를 입을 일을 줄일 수 있겠다.	N	2022-06-28 09:07:44	2022-11-08 03:54:13
BE22004632	15	0	다 네가 조언해 준 덕분이지. 네 덕분에 기분이 여러모로 나아진 것 같아. 고마워.	Y	2022-06-28 09:07:44	2022-11-08 03:54:13
