id	utterance_id	utterance_type	utterance_text	terminate	regDate	updDate
BE22001368	1	0	저 사람은 강의 시간 끝났는데 질문하는 사람 있어. 나 늦어질 것 같아.	N	2022-06-15 02:06:38	2022-11-08 03:33:15
BE22001368	2	1	가능하면 수업 시간에 질문했으면 얼마나 좋을까라고 나도 생각해.	N	2022-06-15 02:06:38	2022-11-08 03:33:15
BE22001368	3	0	응, 근데 저것도 습관인 것 같아. 매번 강의가 끝날 때 그러더라고.	N	2022-06-15 02:06:38	2022-11-08 03:33:15
BE22001368	4	1	어머, 그건 정말 배려가 없는 것 같다. 다음 수업도 있을 텐데 네가 불편하겠다.	N	2022-06-15 02:06:38	2022-11-08 03:33:15
BE22001368	5	0	다른 사람들 일정 하나도 염두에 없는 듯해. 그것도 좀 쓸만한 질문이면 들어줄 만한데, 영 질문이 허접하잖아?	N	2022-06-15 02:06:38	2022-11-08 03:33:15
BE22001368	6	1	그러게. 강의 잘 들었으면 이해할 수도 있었을 텐데 말이야.	N	2022-06-15 02:06:38	2022-11-08 03:33:15
BE22001368	7	0	이해한 사람들이 더 많았을 질문인데, 다른 사람들한테 민폐 아닌가?	N	2022-06-15 02:06:38	2022-11-08 03:33:15
BE22001368	8	1	네가 아니어도 민폐라고 생각하는 사람들이 많을 거야.	N	2022-06-15 02:06:38	2022-11-08 03:33:15
BE22001368	9	0	꼭 혼자만 잘난 줄 알고 저렇게 쓸데없는 질문으로 시간 끄는 애들 너무 한심해.	N	2022-06-15 02:06:38	2022-11-08 03:33:15
BE22001368	10	1	하긴 복습을 하든지 아니면 친구들한테 개인적으로 물어보아도 될 텐데.	N	2022-06-15 02:06:38	2022-11-08 03:33:15
BE22001368	11	0	이해력이 그렇게 부족해서 어떻게 수업을 듣고 있는 건지.	N	2022-06-15 02:06:38	2022-11-08 03:33:16
BE22001368	12	1	사람마다 능력의 차이가 있는 거지. 네가 머리가 좋아서 더 그렇게 느낄 수도 있어.	N	2022-06-15 02:06:38	2022-11-08 03:33:16
BE22001368	13	0	무슨 근거로 그렇게 얘기해?	N	2022-06-15 02:06:38	2022-11-08 03:33:16
BE22001368	14	1	평소에도 강의 시간에 무슨 소리지 할 때 제일 먼저 알아듣잖아.	N	2022-06-15 02:06:38	2022-11-08 03:33:16
BE22001368	15	0	그렇게 해석될 수도 있구나.	N	2022-06-15 02:06:38	2022-11-08 03:33:16
BE22001368	16	1	좀더 능력 좋은 네가 참아 준다고 생각해.	Y	2022-06-15 02:06:38	2022-11-08 03:33:16
