id	utterance_id	utterance_type	utterance_text	terminate	regDate	updDate
BE22005302	1	0	나 아까 애 데리러 어린이집에 가다가 너무 열받는 일이 있었어.	N	2022-06-30 00:33:43	2022-11-08 03:58:33
BE22005302	2	1	왜? 무슨 일인데 그렇게 화가 났어?	N	2022-06-30 00:33:43	2022-11-08 03:58:33
BE22005302	3	0	내가 유모차 끌고 애 데리러 나가는 중이었어. 그런데 아파트 입구에서 같은 어린이집에 다니는 아이 엄마가 이불 가방을 빈 유모차에 턱 올리는 거야. 이게 뭔가 너무 당황스럽더라구.	N	2022-06-30 00:33:43	2022-11-08 03:58:33
BE22005302	4	1	아니 도대체 왜 그랬지? 나 같아도 엄청 놀랐을 것 같은데?	N	2022-06-30 00:33:43	2022-11-08 03:58:33
BE22005302	5	0	그러면서 그 이불 가방 좀 어린이집 가는 길에 어린이집 선생님한테 전달해 달라는 거야. 말이 돼? 나 비도 오고 우산도 들고 있는 사람한테. 얼마나 황당한지 말이 안 나오더라구.	N	2022-06-30 00:33:43	2022-11-08 03:58:33
BE22005302	6	1	와 대단한다 그 사람. 그래서 너는 어떻게 했어?	N	2022-06-30 00:33:43	2022-11-08 03:58:33
BE22005302	7	0	마음 같아선 싫다고 하고 싶었지만 또 너무 야박하게 굴기가 그렇더라구. 나 거절 못하는 거 알잖아. 막상 받아놓고서는 어찌나 열이 받던지.	N	2022-06-30 00:33:43	2022-11-08 03:58:33
BE22005302	8	1	아 그랬구나. 너한테 짐을 맡기는 걸 그 사람이 당연하게 생각하는 게 무례하게 느껴졌을 것 같아. 또 그걸 거절하지 못하는 네가 소심하게 느껴져서 싫었을 거고. 충분히 이해해.	N	2022-06-30 00:33:43	2022-11-08 03:58:33
BE22005302	9	0	정중하지 못한 무례한 부탁은 거절하고 싶은데 그게 잘 안 되어서 나 자신에게 화가 나.	N	2022-06-30 00:33:43	2022-11-08 03:58:33
BE22005302	10	1	그랬구나. 누군가의 부탁을 거절하는 일은 분명 쉬운 일은 아니지. 얼마나 에너지를 필요로 하는 일인데. 거절도 쉽게 못하고 기분도 나쁘고 많이 힘들었겠다.	N	2022-06-30 00:33:43	2022-11-08 03:58:33
BE22005302	11	0	그분은 그렇게 무례하게 부탁도 잘하잖아. 그런데 왜 나는 그 사람 마음 불편할까봐 걱정이 돼서 거절을 못하냐구.	N	2022-06-30 00:33:43	2022-11-08 03:58:33
BE22005302	12	1	정말 답답했겠다. 다들 똑 부러지게 거절도 잘하는 것 같은데 비교되는 느낌에 화가 난 거 아닐까? 하지만 모두 부탁을 거절하는 건 에너지를 필요로 하는 일이니 힘든 건 다 마찬가지일 거야. 그래도 내가 보기엔 너 예전보다 엄청 단호해졌어.	N	2022-06-30 00:33:43	2022-11-08 03:58:33
BE22005302	13	0	하긴 그래. 예전의 내 모습은 나도 이해가 안 갈 정도인데 뭐. 그래도 생각해보니 내가 내 마음을 표현하는 것에 있어 조금씩이라도 발전해왔다는 생각이 드네.	N	2022-06-30 00:33:43	2022-11-08 03:58:33
BE22005302	14	1	본인의 마음을 확실하게 표현하고 싶은데 그게 마음대로 안 되어서 속상하구나. 거절이 쉬운 일은 아니라는 거 우리 모두 알고 있지. 그래도 용기를 조금씩 내는 너의 모습이 너무 대견하고 기특해. 응원할게!	N	2022-06-30 00:33:43	2022-11-08 03:58:33
BE22005302	15	0	그래도 너가 위로해주고 공감해주니 앞으로는 좀더 자신감 있게 거절할 수 있을 거 같아. 고마워.	Y	2022-06-30 00:33:43	2022-11-08 03:58:33
