id	utterance_id	utterance_type	utterance_text	terminate	regDate	updDate
BE22001853	1	0	우렁이각시가 있었으면 좋겠다.	N	2022-06-17 03:45:26	2022-11-08 03:36:24
BE22001853	2	1	왜, 요즘도 바빠?	N	2022-06-17 03:45:26	2022-11-08 03:36:24
BE22001853	3	0	이래서 오늘 할 일을 내일로 미루지 마라 그러는 거겠지? 이사하고 정리도 제대로 못했는데, 집안일이 쌓이니 어디부터 손을 대야 할지 모르겠네.	N	2022-06-17 03:45:26	2022-11-08 03:36:24
BE22001853	4	1	안 그래도 이사하고 한 달은 지나야 대충 정리가 되던데. 그간 바빠서 숨 돌릴 틈이 없었으니 그럴 만도 하다.	N	2022-06-17 03:45:26	2022-11-08 03:36:24
BE22001853	5	0	생활은 해야 하니 일단 세탁기 돌리고 안방이랑 욕실 정도만 사람 사는 집처럼 유지하고 있어. 집이 아주 엉망이야.	N	2022-06-17 03:45:26	2022-11-08 03:36:24
BE22001853	6	1	어차피 누가 뭐라 하는 것도 아닌데 무리하지 말고 천천히 해.	N	2022-06-17 03:45:26	2022-11-08 03:36:24
BE22001853	7	0	근데 퇴근하고 집에 가도 내 집 같지 않고 너무 짜증이 나. 이사 괜히 왔나 봐.	N	2022-06-17 03:45:26	2022-11-08 03:36:24
BE22001853	8	1	이사한 지 얼마 안 돼서 익숙하지 않으니까 그런 기분이 드는 거야. 시간 될 때마다 조금씩 정리하고 동네도 산책해 보고 해서 집이 익숙해지면 예전 집보다 더 편안함을 느낄 수도 있어.	N	2022-06-17 03:45:26	2022-11-08 03:36:24
BE22001853	9	0	이럴 줄 알았으면 애초에 말끔히 청소하고 이사 들어올 걸 그랬어.	N	2022-06-17 03:45:26	2022-11-08 03:36:24
BE22001853	10	1	갑자기 이사를 하느라 그럴 상황은 아니었잖아. 우선 버릴 것을 먼저 정리해서 버리면 공간에 여유도 생기고 그러다 보면 점차 집 정리가 될 거야. 집 정리가 되면 네 마음도 편안해지지 않을까?	N	2022-06-17 03:45:26	2022-11-08 03:36:24
BE22001853	11	0	그래야겠다. 정리할 생각만 했지 버릴 생각은 못했네.	N	2022-06-17 03:45:26	2022-11-08 03:36:24
BE22001853	12	1	모든 정리의 기본은 버리는 것부터 시작한대. 주변이 가벼워지면 네 머릿속도 가벼워질 거야. 내가 주말에 정리하는 것 도와주러 갈까?	N	2022-06-17 03:45:26	2022-11-08 03:36:24
BE22001853	13	0	그래주면 너무 고맙지. 네가 도와주면 정리도 금방 끝나겠다.	N	2022-06-17 03:45:26	2022-11-08 03:36:24
BE22001853	14	1	같이 집 정리도 하고 맛난 것도 시켜 먹자.	N	2022-06-17 03:45:26	2022-11-08 03:36:24
BE22001853	15	0	진짜 고마워 친구야.	Y	2022-06-17 03:45:26	2022-11-08 03:36:24
