id	utterance_id	utterance_type	utterance_text	terminate	regDate	updDate
BE22004085	1	0	요즘 들어 남편이 우리 부모님께 살갑게 대하는데, 그 놈이 친정에서 살랑대는 꼴을 보니 화가 나! 아주 역겹고 구역질 나는 놈!	N	2022-06-27 06:47:32	2022-11-08 03:50:41
BE22004085	2	1	아니, 그게 뭐가 문제야? 배가 불렀네! 나는 부러워 죽겠는데! 우리 집에 있는 놈은 이번에 우리 부모님 생신도 까먹었어!	N	2022-06-27 06:47:32	2022-11-08 03:50:41
BE22004085	3	0	이 얘기 들으면 너도 뒷목 잡고 쓰러질걸? 남편이란 놈이 글쎄, 우리 부모님이 숨겨둔 유산이 있는 걸 안 후로부터 저러는 거야! 평소에는 우리 부모님이 좋아하시는 복분자주 하나 사 갈 줄을 몰랐어.	N	2022-06-27 06:47:32	2022-11-08 03:50:42
BE22004085	4	1	뭐라고? 어이구! 나쁜 놈! 내 피가 다 거꾸로 솟는데, 너는 오죽하겠어! 너 괜찮아? 어떻게 한 이불 덮고 잠을 자니. 오만 정이 다 떨어지겠다.	N	2022-06-27 06:47:32	2022-11-08 03:50:42
BE22004085	5	0	진작 각방 쓰자 했지! 아니 그 놈이 글쎄 장애 있는 우리 동생한테 유산 돌아가는 게 배알이 꼴려서 저러고 있다. 순수한 우리 동생이 자기를 얼마나 잘 따르고 좋아했는데!	N	2022-06-27 06:47:32	2022-11-08 03:50:42
BE22004085	6	1	매주 보육원에 봉사를 간다길래 평소에 존경할 만한 사람이라고 생각했었는데! 이제 보니 겉과 속이 다른 사람이었네! 네가 배신감이 어마어마하겠는데?	N	2022-06-27 06:47:32	2022-11-08 03:50:42
BE22004085	7	0	평소에 무뚝뚝한 사람이라 우리 부모님한테도 무심하다고 생각했었는데, 전혀 아니었어. 부모님 앞에서 살랑거리던 역겨운 얼굴이 눈앞에 선해. 지금 매일 밤 이를 바득바득 갈면서 어떻게 할지 생각 중이야.	N	2022-06-27 06:47:32	2022-11-08 03:50:42
BE22004085	8	1	어휴. 저 자식을 확 그냥! 동네에서 마주치기만 해봐라! 네 부모님께서도 그 자식이 유산 노리고 살갑게 대하는 거 아셔?	N	2022-06-27 06:47:32	2022-11-08 03:50:42
BE22004085	9	0	아니 모르셔. 그냥 갑자기 철이 들었나보다 하시면서 좋아하시지. 그래서 더 마음 아프고, 남편이 꼴도 보기 싫어. 그래서 남편이랑 이 일에 대해 대화하기가 너무 싫어.	N	2022-06-27 06:47:32	2022-11-08 03:50:42
BE22004085	10	1	네 마음 충분히 이해해. 나 같아도 얼굴만 봐도 화나고 구역질 나는 상대랑 대화하기 싫을 것 같아. 한때 정말 사랑했던 사람이 부모님과 동생을 기만하는 상황을 눈앞에서 봤는데, 얼마나 충격이 크겠어.	N	2022-06-27 06:47:32	2022-11-08 03:50:42
BE22004085	11	0	그러니까. 유산 가지고 이렇게 추한 꼴 보이는 거, 남들 일인 줄로만 알았는데. 우리 집에서 이 꼴을 볼 줄은 몰랐네. 저런 놈이랑 결혼하다니, 내가 멍청했지!	N	2022-06-27 06:47:32	2022-11-08 03:50:42
BE22004085	12	1	그런 말 하지 마. 열 길 물속은 알아도 한 길 사람의 속은 모른다는 말이 있듯이, 너도 몰랐을 뿐이야. 어떻게든 이 일은 정리가 될 거고, 넌 그만큼 단단하고 성숙해질 거야. 내가 도와줄게!	N	2022-06-27 06:47:32	2022-11-08 03:50:42
BE22004085	13	0	고마워. 네가 있어 정말 큰 위로가 돼. 남 부끄러워서 어디에 말하지도 못했는데, 너랑 얘기하고 나니까 그래도 좀 후련하다.	N	2022-06-27 06:47:32	2022-11-08 03:50:42
BE22004085	14	1	네가 후련하다니 나도 마음이 조금 놓인다. 인생을 산다는 게 참 어렵지? 그래도 인생사 새옹지마라고, 나쁜 일이 있으면 좋은 일도 있을 거야.	Y	2022-06-27 06:47:32	2022-11-08 03:50:42
