id	utterance_id	utterance_type	utterance_text	terminate	regDate	updDate
BE22016924	1	0	자기야, 타인의 행복이 내게도 이렇게 기분 좋은 일이 될 수 있다는 게 너무 신기해. 회사에 아끼는 후배가 있었는데, 지난달에 양악 수술을 하고 이제 회복이 되어서 다시 출근을 했거든. 오늘 후배의 달라진 얼굴을 보니까 수술이 성공적으로 마무리된 것 같아서 안심이 되면서 반가웠어.	N	2022-09-02 04:17:43	2022-09-02 04:17:43
BE22016924	2	1	오랜만에 만나는 후배가 건강한 모습으로 다시 돌아오다니 정말 다행이다. 양악 수술이면 꽤 큰 수술이었을 텐데 후배도 고생이 상당히 많았겠다. 얼마나 기다렸던 후배인지, 문제에서도 자기가 즐거워하는 게 다 느껴져.	N	2022-09-02 04:17:43	2022-11-08 05:12:15
BE22016924	3	0	수술 전에는 상악과 하악의 맞물림이 부자연스러워서 후배가 일상생활을 하는데 불편을 많이 느꼈어. 그래서 큰 수술임에도 받았는데, 얼굴도 많이 자연스러워졌고 무엇보다도 후배가 너무 편해해서 내 마음도 흐뭇해. 만족스러워하는 후배의 모습에 예전의 불편함이 전혀 없어 보여 정말 감격스럽고 내 마음도 뭉클하고 기뻐.	N	2022-09-02 04:17:43	2022-11-08 05:12:15
BE22016924	4	1	옆에 사람이 사소한 불편함만 느껴도 보는 사람 마음이 안쓰러울 텐데, 곁에서 지켜본 너도 그랬겠지. 문제가 해결되고 홀가분해진 후배를 보니 얼마나 안심이 되겠니, 함께 신나는 게 당연해. 감정도 옮는다는 말이 있잖아, 마음이 쓰였던 사람이 즐거워하면 함께 즐거워지던데 듣는 나도 감격스러운걸?	N	2022-09-02 04:17:43	2022-11-08 05:12:15
BE22016924	5	0	위험할 수도 있는 수술이라 다들 걱정이 이만저만이었는데 정말 다행이더라. 음식도 이제는 아픔 없이 잘 씹어먹을 수 있다며 자랑하는데 그 모습이 어찌나 명랑하고 활기차던지. 활기찬 모습으로 돌아온 후배를 보니까 달라진 얼굴도 생기 있어 보이고 나도 신이 났어.	N	2022-09-02 04:17:43	2022-09-02 04:17:43
BE22016924	6	1	얼굴에 불편함이 가시고 설렘만 가득할 후배 모습에 네가 얼마나 덩달아 기쁠지 보이는 듯해. 후배가 회사로 다시 출근하기까지 너도 내심 결과가 궁금하고 소식이 기다려졌을 텐데 정말 희소식인 거잖아. 함께하루의 반나절을 함께하던 사이인데, 상대의 기쁨이 네 일처럼 느껴지는 것도 당연하지.	N	2022-09-02 04:17:43	2022-11-08 05:12:15
BE22016924	7	0	무엇보다도 적응하느라 힘든 건 본인일 텐데 잘 이겨내서 극복하려는 모습을 보니 대견하고 기특하더라고. 건강해진 모습과 더불어 훨씬 유쾌해지고 밝은 얼굴로 돌아왔는데 축하하고 싶은 마음이 솟구쳐 참기 힘들었어. 얼마나 고생했는지 함께 본 시절이 있어서인지, 돌아온 후배의 모습에 너무 기분이 설레고 가슴이 벅차.	N	2022-09-02 04:17:43	2022-09-02 04:17:43
BE22016924	8	1	남의 일처럼 넘어갈 일도 진심으로 기뻐하고 축하해 주는 네가 참 다정스러운 사람 같아. 기쁨을 나누는 게 불행을 나누는 일보다 더 힘들다던데, 네 예쁜 마음을 후배도 느꼈을 거야. 타인의 마음까지 생각하고 어루만져 줄 수 있는 자기가, 나는 참 멋있고 자랑스러워.	N	2022-09-02 04:17:43	2022-09-02 04:17:43
BE22016924	9	0	문득 우리는 좌절하려고 태어난 게 아니라는 생각이 들었어. 결국엔 모두 소중하고 귀한 존재로 행복할 자격이 있는 사람들 같아 감사하더라고. 누군가에게는 당연하게 누릴 수 있는 일들이, 누군가에게는 그토록 바라던 일이었다는 게 많은 생각이 들었어.	N	2022-09-02 04:17:43	2022-11-08 05:12:15
BE22016924	10	1	후배의 일이 잘 해결되어서 네가 많은 감동을 받은 게 진심으로 느껴져. 그간 불편한 부분으로 고생한 모습을 지켜본 네 입장에서 얼마나 애틋하고 잘 되길 바랐었을지 알겠어. 모두의 행복을 바라고 감사할 줄 아는 네 존재가, 나 역시 고맙고 소중하게 느껴지네.	N	2022-09-02 04:17:43	2022-11-08 05:12:16
BE22016924	11	0	조만간 후배의 무사 귀환을 축하해 주기 위해서 작은 자리를 마련하기로 했어. 어찌 보면 새롭게 시작하는 건데 어떻게 기분 좋은 출발선을 선물해 줄지 행복한 고민 중이야. 희망찬 내일을 기약할 수 있는 즐거움을 만들어주고 싶어서 내가 더 기대되고 설레는 기분이 들어.	N	2022-09-02 04:17:43	2022-09-02 04:17:43
BE22016924	12	1	축하 파티라니, 준비하는 동안 정말로 즐겁고 상상만으로도 흥이 날 것 같아. 내가 받는 기쁨보다 내가 타인에게 만들어 주는 유쾌한 감정이 주는 짜릿함을 나도 이해해. 어떻게 할지 계획을 세우는 과정조차 너무나 포근하고 따뜻한 일이잖아, 정말 좋은 계획인 것 같아.	N	2022-09-02 04:17:43	2022-11-08 05:12:16
BE22016924	13	0	내가 정말 아끼는 후배라서 후배의 앞날이 더 이상 가시밭길이 아닌 꽃길이 되었으면 하는 생각이야. 그 과정에서 도와줄 일이 있다면 기꺼이 함께하는 게 나도 즐겁고 같이 힘이 나.	N	2022-09-02 04:17:43	2022-11-08 05:12:16
BE22016924	14	1	와 자기처럼 주변 사람들을 배려하는 착한 심성들이 모인다면 세상이 환해질 것 같은 생각이 들어. 기꺼이 옆 사람과 손을 맞잡으려는 모습이 내게도 참 많은 생각을 하게 해. 그런 사람이 내 옆에 있다니, 자기를 통해서 나도 함께 성장하는 듯해 고마운 마음이 들어.	Y	2022-09-02 04:17:43	2022-09-02 04:17:43
