id	utterance_id	utterance_type	utterance_text	terminate	regDate	updDate
BE22015990	1	0	오늘 정말 행복하다. 외근하고 돌아오는 길이 늘 막히던 길이었는데 오늘은 차가 많이 없어서 잘 달릴 수 있었어. 매일 오늘만 같았으면 좋겠어!	N	2022-08-27 09:42:59	2022-08-27 09:42:59
BE22015990	2	1	외근하고 집으로 돌아가는 그 길이 오늘은 막히지 않았구나! 자기가 보낸 문자만 봐도 자기가 지금 얼마나 신났을지 느껴지는걸! 오늘도 고생 많았을 텐데 길이라도 안 막혀서 정말 다행이다.	N	2022-08-27 09:42:59	2022-11-08 05:06:30
BE22015990	3	0	응, 늘 외근 끝나고 돌아오는 길에 차가 가득해서 이동하는 게 쉽지 않았거든. 그런데 오늘은 차가 없어서 쌩쌩 잘 달릴 수 있었어. 그동안 느낀 스트레스가 한꺼번에 다 사라진 듯이 상쾌한 기분이었어!	N	2022-08-27 09:42:59	2022-08-27 09:42:59
BE22015990	4	1	평소에 답답함을 느끼던 문제가 해결되었을 때 느끼는 홀가분함을 자기가 오늘 느꼈던 거구나! 외근을 다녀오면 늘 피곤해하던 자기였는데 오늘은 더 일찍 도착해서 평소보다 쉴 수 있겠어.	N	2022-08-27 09:42:59	2022-11-08 05:06:31
BE22015990	5	0	그 길을 이용할 때마다 온종일 느낀 피곤함이 배가 되어 나를 억누르는 듯이 힘들었어. 하지만 오늘은 내가 좋아하는 노래를 들으면서 신나게 집으로 돌아왔어. 덕분에 컨디션이 좋아서 오늘 저녁에는 집에서 맛있는 음식과 함께 영화를 감상하려고!	N	2022-08-27 09:42:59	2022-11-08 05:06:31
BE22015990	6	1	자기가 좋아하는 영화 감상이 있는 저녁이라니, 참 행복하겠다. 한편으로는 힘들었을 날에도 미팅을 잘 끝내기 위해 노력해왔을 자기가 얼마나 애썼을지 짐작이 가. 어떤 상황 속에서도 오늘처럼 최선을 다한 자기가 정말 훌륭하고 멋져!	N	2022-08-27 09:42:59	2022-11-08 05:06:31
BE22015990	7	0	자기가 그렇게 말해주니까 더욱 기쁘다! 힘들었던 시간을 자기에게 위로받는 듯해서 행복해. 앞으로도 차가 덜 막히는 시간에 그 길을 이용할 수 있도록 시간을 잘 맞춰야겠어.	N	2022-08-27 09:42:59	2022-11-08 05:06:31
BE22015990	8	1	그것참 좋은 생각이다! 길이 안 막히는 시간을 기억하고 이용하면 오늘처럼 여유로운 저녁을 보낼 수 있는 거니까 말이야.	N	2022-08-27 09:42:59	2022-11-08 05:06:31
BE22015990	9	0	그 시간을 잘 이용하면 퇴근하고 내가 하고 싶었던 취미생활도 할 수 있을 것 같아! 차가 막히면 운전 시간도 길어지다 보니 집에 오면 아무것도 못 하는 날이 더 많았지. 하지만 이제 드디어 내게도 퇴근 후 취미생활을 할 여유가 생겨서 신나!	N	2022-08-27 09:42:59	2022-11-08 05:06:31
BE22015990	10	1	그래, 일도 중요하지만, 저녁에 갖는 취미생활도 참 중요하지! 슬픔에 빠질 수도 있는데 그러지 않고 긍정적으로 생각하며 극복해내는 자기의 모습이 참 보기 좋다.	N	2022-08-27 09:42:59	2022-11-08 05:06:31
BE22015990	11	0	자기가 날 이렇게 인정해주고 칭찬해주니까 기분이 날아갈 것 같아. 오늘은 퇴근 시간도 빨라지고, 여유 시간도 생기고, 행복한 선물을 두 개나 받아서 기뻐.	N	2022-08-27 09:42:59	2022-08-27 09:42:59
BE22015990	12	1	나야말로 바쁜 하루 속에서도 시간을 알차게 활용하는 자기를 보며 동기부여를 얻어서 고마울 따름이야. 자기가 내 연인이라는 게 자랑스러워!	N	2022-08-27 09:42:59	2022-11-08 05:06:31
BE22015990	13	0	하하, 자기의 칭찬은 언제나 날 웃게 해. 정말 고마워. 말로써 기쁨을 주는 자기 같은 사람이 있어서 나는 매우 행복한 사람이야.	N	2022-08-27 09:42:59	2022-08-27 09:42:59
BE22015990	14	1	자기가 퇴근 후의 시간을 활용해서 스트레스도 풀고 힐링하는 시간을 가질 수 있도록 내가 응원할게. 오늘 수고 많았어, 푹 쉬어!	Y	2022-08-27 09:42:59	2022-11-08 05:06:31
