id	utterance_id	utterance_type	utterance_text	terminate	regDate	updDate
BE22014237	1	0	자기야 나 이제 버스비 아끼려고 따릉이 타고 출근해! 이렇게라도 절약을 할 수 있어서 정말 기뻐!	N	2022-08-15 19:55:01	2022-11-08 04:55:38
BE22014237	2	1	와 축하해! 절약해서 자기가 원하는 걸 할 수 있게 되면 엄청 행복하겠다! 근데 따릉이 힘들지 않아? 한편으로는 걱정도 되네.	N	2022-08-15 19:55:01	2022-11-08 04:55:38
BE22014237	3	0	하나도 안 힘들어! 오히려 운동을 하는 기분이라 오히려 상쾌하던데? 자기도 꼭 한번 해봐!	N	2022-08-15 19:55:01	2022-08-15 19:55:01
BE22014237	4	1	정말? 자기 운동할 시간 없어서 매일 불만이 많았는데 그 문제도 해결했구나! 연전연승이라니 너무 기분이 좋겠다.	N	2022-08-15 19:55:01	2022-11-08 04:55:38
BE22014237	5	0	응 어떻게 해서든 절약할 방법을 하나 더 찾아서 기분이 너무 좋아. 앞으로 돈이 더 생길 생각을 하니까 너무 신이 나서 춤이라도 추고 싶을 지경이야.	N	2022-08-15 19:55:01	2022-08-15 19:55:01
BE22014237	6	1	그 기분 나도 잘 알아. 나도 매일 도시락을 싸가서 식비를 아꼈는데 그게 그렇게 행복하더라! 마음만은 부자가 된 기분이 너무 좋았어!	N	2022-08-15 19:55:01	2022-08-15 19:55:01
BE22014237	7	0	맞아 바로 그거야! 심지어 운동까지 되니까 일석이조의 효과를 내잖아. 왜 진작에 이걸 하지 않았을까 싶더라고!	N	2022-08-15 19:55:01	2022-11-08 04:55:38
BE22014237	8	1	그러게 말이야! 자기가 이렇게 기분이 좋은 건 정말 오랜만에 보는 것 같아! 회사의 스트레스도 날려버릴 아주 신나는 일인 게 분명 한 것 같은데?	N	2022-08-15 19:55:01	2022-11-08 04:55:38
BE22014237	9	0	그럼 당연하지! 입사 이래로 이렇게 행복한 적은 없는 것 같아. 지금까지 낭비한 버스비를 생각하면 너무 아깝지만 그래도 이제부터 절약하니까! 이것만큼 가슴 떨리고 신나는 일은 더 없을 거야!	N	2022-08-15 19:55:01	2022-11-08 04:55:38
BE22014237	10	1	매일 절약하고 싶어 했던 자기에게 정말 좋은 방법이 생긴 것 같아서 다행이야. 정말 자기의 실천력과 계획성은 최고인 것 같아.	N	2022-08-15 19:55:01	2022-11-08 04:55:38
BE22014237	11	0	그럼 당연하지 내가 누군데! 뭐든지 한다면 하잖아. 난 지금도 어떻게 하면 더 절약하고 행복하게 살지 고민 중이라고!	N	2022-08-15 19:55:01	2022-08-15 19:55:01
BE22014237	12	1	항상 자기의 그런 면이 너무 대단하다고 생각해. 힘들어도 항상 해결책을 찾아내는 그 능력은 어느 누구도 따라가지 못할 거야!	N	2022-08-15 19:55:01	2022-11-08 04:55:38
BE22014237	13	0	자기의 그런 칭찬은 항상 부끄럽지만 그래도 기분이 좋아! 나의 노력을 알아주는 사람이 있다니 너무 뿌듯하다! 항상 좋은 말 해줘서 고마워.	N	2022-08-15 19:55:01	2022-08-15 19:55:01
BE22014237	14	1	자기에게 배울 게 얼마나 많은데! 나도 앞으로 따릉이를 적극적으로 이용해야겠다는 생각을 했어. 나도 따릉이 출퇴근을 시작하면 우리에게 더 많은 공감대가 생길지 몰라!	N	2022-08-15 19:55:01	2022-11-08 04:55:38
BE22014237	15	0	상상만 해도 기분이 정말 좋다! 내가 자기에게 좋은 영향을 끼쳤다니 듣기만 해도 기분이 좋아지는 말이야!	Y	2022-08-15 19:55:01	2022-08-15 19:55:01
