id	utterance_id	utterance_type	utterance_text	terminate	regDate	updDate
BE22006854	1	0	자기야, 나 오늘 진짜 기쁜 소식을 들었어! 내가 좋아하는 라디오 프로그램 DJ가 프로그램 개편으로 내가 저번에 말했던 젊은 아나운서로 교체됐대!	N	2022-07-07 08:07:40	2022-11-08 04:08:38
BE22006854	2	1	너무 잘됐다! 그 아나운서 네가 실력 있고 인성도 좋다고 칭찬했었잖아. 좋아하는 라디오의 새 DJ를 좋아하는 사람이 맡게 된다니, 정말 신나겠다!	N	2022-07-07 08:07:40	2022-11-08 04:08:38
BE22006854	3	0	응. 사실 그 아나운서가 우리 대학교 선배님이시거든. 내 롤모델로 삼은 분이었는데 이렇게 DJ가 되신다니 날아갈 것 같아! 이제 이분 목소리로 라디오를 들을 수 있게 됐어!	N	2022-07-07 08:07:40	2022-11-08 04:08:38
BE22006854	4	1	그 사람이 네 롤모델이었다니, 그건 몰랐네. 게다가 학교 선배님의 좋은 소식을 들은 거잖아! 정말 뜻밖의 행운인걸!	N	2022-07-07 08:07:40	2022-11-08 04:08:38
BE22006854	5	0	그분이 아나운서가 되고 나서 학교에 강연도 오셨는데, 그 강연이 너무 인상 깊어서 팬이 됐어. 그리고 내 진로도 그 선배 영향으로 방송국 PD로 바뀐 거야.	N	2022-07-07 08:07:40	2022-11-08 04:08:38
BE22006854	6	1	와 정말 인연이 깊은걸? 학교 선배인데다가 롤모델이고, 네 진로에까지 영향을 미친 사람이라니. 그런데 그 사람이 네가 좋아하는 라디오 프로그램을 진행하게 된 거잖아!	N	2022-07-07 08:07:40	2022-11-08 04:08:38
BE22006854	7	0	그러게 말이야. 나 오늘 정말 운이 좋은 것 같아. 사실 요즘은 너무 바빠서 그 프로그램을 가끔씩만 들었거든. 오늘 소식은 앞으로 그 프로그램을 자주 들으라는 신의 계시가 아닌가 싶어.	N	2022-07-07 08:07:40	2022-11-08 04:08:38
BE22006854	8	1	정말 행운 같은 소식이었겠는데! 라디오가 또 잔잔한 매력이 있잖아. 뭔가 내 일상을 함께하는 기분이라 좋더라.	N	2022-07-07 08:07:40	2022-11-08 04:08:38
BE22006854	9	0	그것도 그렇지만, 지쳐있을 때 다른 사람한테 막연하게 위로받으면 너무 힘이 되더라고. 그래서 내가 라디오를 좋아하나봐.	N	2022-07-07 08:07:40	2022-11-08 04:08:38
BE22006854	10	1	나도 그 마음 알아. 라디오 들을 때 위로가 많이 되지. DJ들이 좋은 말도 많이 해주고, 사연 보내는 청취자들 얘기에 위로받기도 하고 말이야.	N	2022-07-07 08:07:40	2022-11-08 04:08:38
BE22006854	11	0	그러니까 말이야. 사실 요즘에 나 언론고시 준비하면서 많이 마음이 약해져 있었어. 한 가지 공부에만 매진하고, 밤낮없이 공부하다보니까 좀 힘들었거든.	N	2022-07-07 08:07:40	2022-11-08 04:08:38
BE22006854	12	1	아무래도 수험생들은 그렇지. 체력적으로, 정신적으로 소모되는 게 너무 크잖아. 이렇게 힘들 때 네 롤모델인 선배의 좋은 소식을 들을 수 있어서 위안이 되겠다.	N	2022-07-07 08:07:40	2022-11-08 04:08:38
BE22006854	13	0	맞아. 언젠간 그 선배를 같은 방송국에서 만나서 내가 그분의 팬이라는 걸 밝히고 싶어. 그리고 내가 그분을 멘토 삼았다는 것도! 그렇게 되려면 내가 열심히 공부해야 할 텐데 말이야.	N	2022-07-07 08:07:40	2022-11-08 04:08:38
BE22006854	14	1	넌 잘 할 수 있어! 한 번 목표를 정하면 지독하게 노력하는 끈기파잖아. 학교 공부도 열심히 해서 지금 성적도 괜찮은 편인데, 무조건 할 수 있지!	N	2022-07-07 08:07:40	2022-11-08 04:08:38
BE22006854	15	0	그렇게 응원해줘서 고마워. 이제 그 라디오를 들으면 더 힘내서 공부할 수 있겠어!	N	2022-07-07 08:07:40	2022-11-08 04:08:38
BE22006854	16	1	난 언제나 자기 편이라는 거 기억해. 언젠가 자기가 방송국에서 꼭 그 선배 아나운서를 만날 수 있으면 좋겠다.	Y	2022-07-07 08:07:40	2022-11-08 04:08:38
