id	utterance_id	utterance_type	utterance_text	terminate	regDate	updDate
BE22015540	1	0	오늘 진짜 기쁜 일이 있었어.	N	2022-08-24 12:23:51	2022-08-24 12:23:51
BE22015540	2	1	무슨 일이길래 자기의 기분이 이렇게 좋을까?	N	2022-08-24 12:23:51	2022-08-24 12:23:51
BE22015540	3	0	우리 할아버지 카카오스토리 시작하신 거 있지? 새로운 것을 배우려는 할아버지에게 감동했어. 할아버지의 그런 모습이 본받을 정도로 존경스럽더라고, 그래서 내가 다 기분 좋더라.	N	2022-08-24 12:23:51	2022-11-08 05:03:41
BE22015540	4	1	할아버지의 새로운 도전에 덩달아 들뜬 기분 충분히 공감이 가네. 감격이 마음에 가득 차서 벅찬 기분일 것 같아. 기뻐하는 자기의 모습을 보니 나까지 기분이 정말 좋아진다.	N	2022-08-24 12:23:51	2022-08-24 12:23:51
BE22015540	5	0	내가 이것저것 알려드렸더니 내 사진 올려두시면서 손자 자랑을 해 두신 거야. 나에 대한 사랑이 고스란히 느껴져서 종일 기쁘더라.	N	2022-08-24 12:23:51	2022-11-08 05:03:41
BE22015540	6	1	아낌없이 주는 사랑을 받는다는 건 정말 말로 형용할 수 없을 정도의 감동일 것 같아. 정말 큰 애정을 느꼈을 것 같아, 나까지 행복해진다.	N	2022-08-24 12:23:51	2022-11-08 05:03:41
BE22015540	7	0	나도 모르게 피식 웃음이 나는 거 있지. 우리 할아버지 많은 나이지만 뭐든지 배우려고 노력하시는데 그 모습에 나도 많이 배워.	N	2022-08-24 12:23:51	2022-08-24 12:23:51
BE22015540	8	1	할아버지의 그런 모습을 보면 저절로 존경의 마음을 가지게 될 것 같아. 그런 할아버지가 있는 자기가 정말 부러울 정도인데! 안 먹어도 배부른 기분이겠어.	N	2022-08-24 12:23:51	2022-11-08 05:03:41
BE22015540	9	0	그런 할아버지니까 자주 찾아뵙고, 여러 가지 알려드리려고 노력하고 있어. 할아버지를 위해서 라면 못할 것이 없을 것 같아.	N	2022-08-24 12:23:51	2022-11-08 05:03:41
BE22015540	10	1	할아버지를 진심으로 챙기는 자기의 마음이 정말 기특하다. 그러기 쉽지 않은데 나서서 챙기는 손자라니 손뼉이라도 쳐주고 싶어.	N	2022-08-24 12:23:51	2022-11-08 05:03:41
BE22015540	11	0	할아버지가 나에게 해준 것에 비하면 부족하기만 하지. 그래도 자기가 나를 이렇게 치켜세워주니까 기분이 더 날아갈 것 같네.	N	2022-08-24 12:23:51	2022-08-24 12:23:51
BE22015540	12	1	나야 진심으로 하는 말이니까. 그런 자기를 보는데 내가 다 행복해지고 가슴이 벅차오르네.	N	2022-08-24 12:23:51	2022-11-08 05:03:41
BE22015540	13	0	내 이야기를 이렇게 잘 공감해주는 자기 덕분에 나도 정말 행복해. 자기 덕분에 연신 웃음이 멈추지 않네.	N	2022-08-24 12:23:51	2022-08-24 12:23:51
BE22015540	14	1	나도 마찬가지인걸. 이런 훈훈한 이야기 해줘서 고마워. 내 마음마저 따뜻해지는 하루야!	Y	2022-08-24 12:23:51	2022-11-08 05:03:42
