id	utterance_id	utterance_type	utterance_text	terminate	regDate	updDate
BE22006651	1	0	이번에 이직할 회사 면접에 최종 합격했다고 문자가 왔어. 나 너무 기뻐!	N	2022-07-06 13:37:28	2022-11-08 04:07:17
BE22006651	2	1	정말? 가고 싶다고 노래를 불렀잖아. 잘 됐다.	N	2022-07-06 13:37:28	2022-11-08 04:07:17
BE22006651	3	0	응. 회사의 전반적인 분위기도 좋다고 들었고, 면접 때 특히나 인상적인 일이 있었거든.	N	2022-07-06 13:37:28	2022-11-08 04:07:17
BE22006651	4	1	그랬어? 무슨 일이 있었는지 정말 궁금한데, 오빠한테만 살짝 귀띔해주면 안 될까?	N	2022-07-06 13:37:28	2022-11-08 04:07:17
BE22006651	5	0	내가 특별히 우리 사랑하는 오빠에게만 말해줄게. 사실 같이 면접을 치른 사람이 청각장애인이었는데, 그분이 불편하지 않도록 엄청나게 배려해줬어. 수화가 가능한 분이 면접관으로 계시더라고.	N	2022-07-06 13:37:28	2022-11-08 04:07:17
BE22006651	6	1	그런 일이 있었구나. 면접을 치르면서도 네 마음이 엄청 훈훈했을 것 같아. 전해 듣는 나도 마음이 따뜻해지네.	N	2022-07-06 13:37:28	2022-11-08 04:07:17
BE22006651	7	0	맞아. 면접 단계에서 몸이 좀 불편하다고 하대하거나 못 되게 구는 회사도 봤었거든. 그런 회사들과 정반대라서 당시 면접관들의 얼굴을 쉬이 잊지 못하겠어.	N	2022-07-06 13:37:28	2022-11-08 04:07:17
BE22006651	8	1	그래서 더욱 오래 기억에 남았구나. 확실히 인상적인 장면이긴 했겠다.	N	2022-07-06 13:37:28	2022-11-08 04:07:18
BE22006651	9	0	더욱 기쁜 일은, 나와 같이 면접을 치른 그 분도 최종적으로 합격하셨다는 거야! 그분이 아니라면 누가 합격할지 미지수일 정도로 면접 때도 정말 똑 부러지는 분이셨거든. 같은 회사에 다닐 수 있다는 사실에 엄청 행복해.	N	2022-07-06 13:37:28	2022-11-08 04:07:18
BE22006651	10	1	네가 기뻐하는 모습에 나도 같이 기뻐지는 것 같아. 그분과 오래오래 친하게 지냈으면 좋겠네.	N	2022-07-06 13:37:28	2022-11-08 04:07:18
BE22006651	11	0	안 그래도 나이가 비슷해서 서로 친구처럼 지내자고 이미 얘기를 마쳤어. 사회에서는 진정한 친구를 사귈 수 없다고들 하잖아. 하지만, 나는 이분과 잘 지낼 수 있을 거란 확신이 들어.	N	2022-07-06 13:37:28	2022-11-08 04:07:18
BE22006651	12	1	멋진 친구가 늘어난 것 축하해. 너 자신이 그분 얘기를 할 때 반짝거리는 걸 보니 정말 좋은 사람임이 느껴져.	N	2022-07-06 13:37:28	2022-11-08 04:07:18
BE22006651	13	0	서로 합격 결과를 확인한 후에, 우리만의 꿈을 하나 가지기로 했거든. 꼭 이 회사에서 오랫동안 일해서 각자 중직을 하나씩 맡기로 했어.	N	2022-07-06 13:37:28	2022-11-08 04:07:18
BE22006651	14	1	그거 정말 멋진 꿈이다. 이루기 힘들지만, 그만큼 도전해볼 만한 가치가 있다고 생각해. 나는 네 꿈을 응원할게.	N	2022-07-06 13:37:28	2022-11-08 04:07:18
BE22006651	15	0	항상 긍정적인 말을 해주는 오빠가 있어서 나는 행운아라고 생각해. 고마워 오빠!	Y	2022-07-06 13:37:28	2022-11-08 04:07:18
