id	utterance_id	utterance_type	utterance_text	terminate	regDate	updDate
BE22022636	1	0	자기야, 나 엄마랑 펜션 근처에 오일장 가서 우렁을 사 왔어. 저녁에 가족들이랑 같이 우렁된장국 먹을 생각에 너무 기뻐.	N	2022-09-29 06:51:30	2022-11-08 05:49:40
BE22022636	2	1	가족들과의 휴가에서 재래 시장도 경험했구나. 맛있는 음식도 만들어 먹는다니 기분이 많이 좋을 것 같아!	N	2022-09-29 06:51:30	2022-11-08 05:49:40
BE22022636	3	0	응, 오랜만에 함께하는 휴가라 너무 기뻐! 평소에 볼 수 없는 오일장도 엄마랑 같이 돌아다니니까 너무 좋더라. 엄마 어렸을 적 이야기도 들려주셨는데, 정말 좋았어.	N	2022-09-29 06:51:30	2022-11-08 05:49:40
BE22022636	4	1	가족들과 함께 떠나는 휴가라 더 기쁜 시간이겠어. 부모님이랑 함께 좋은 시간 보내고 있는 것 같아서 나도 덩달아 기분이 좋아진다. 	N	2022-09-29 06:51:30	2022-11-08 05:49:40
BE22022636	5	0	엄마랑 함께 요리하는 것도 되게 즐거운 일이더라. 그동한 자취한 경력이 도움이 된 것 같아서 기뻤어.	N	2022-09-29 06:51:30	2022-11-08 05:49:40
BE22022636	6	1	부모님께서 자기가 많이 자랑스럽고 뿌듯하셨을 것 같아. 휴가 자체도 즐겁겠지만, 자식과 함께 만드는 음식이라면 감동일 것 같아. 자기가 이번 휴가에 많이 신경 썼는데 정말 잘 한 일이다!	N	2022-09-29 06:51:30	2022-11-08 05:49:40
BE22022636	7	0	자기 말처럼 정말 그런 것 같아. 우렁된장국을 사서 먹기만 했지, 엄마랑 같이 끓여본 건 처음이었어. 너무 행복하고 좋은 기억이 될 것 같아.	N	2022-09-29 06:51:30	2022-11-08 05:49:40
BE22022636	8	1	어머니, 아버지께서도 분명 좋아하셨을 거라고 느껴져. 자기의 행복한 마음까지 온전히 전해져 온다.	N	2022-09-29 06:51:30	2022-11-08 05:49:40
BE22022636	9	0	그렇게 말해줘서 정말 고마워. 자기 덕분에 더 힘이 나는 것 같아. 나중에 자기한테도 해주고 싶은 생각이 들더라.	N	2022-09-29 06:51:30	2022-11-08 05:49:40
BE22022636	10	1	사랑하는 사람들과 먹고 싶었던 음식 먹는 거 정말 행복한 일이잖아. 자기가 끓여주는 우렁된장국이라고 하니 나도 너무 기대가 된다. 	N	2022-09-29 06:51:30	2022-11-08 05:49:40
BE22022636	11	0	엄마에게 열심히 배워서 갈게. 자기가 같이 기뻐해주니 이번 여름 휴가는 정말 최고인 것 같아!	N	2022-09-29 06:51:30	2022-11-08 05:49:40
BE22022636	12	1	자기가 기뻐하니까 나도 정말 기뻐. 나 또한 우리 가족들과 시간을 보내야 겠다는 생각이 부쩍 든다.	N	2022-09-29 06:51:30	2022-11-08 05:49:41
BE22022636	13	0	자기에게도 권하고 싶을 정도야. 가족간의 화목과 사랑이 더 커지는 게 몸과 마음으로 느껴져.	N	2022-09-29 06:51:30	2022-11-08 05:49:41
BE22022636	14	1	응, 그런 것 같아. 남은 시간 온전히 행복으로 채우고 올라와.	Y	2022-09-29 06:51:30	2022-11-08 05:49:41
