id	utterance_id	utterance_type	utterance_text	terminate	regDate	updDate
BE22009550	1	0	드디어 미루고 미루던 일을 하나 해치웠더니, 만족스럽다. 꽤 찜찜했는데, 기분이 상쾌하고 좋은걸!	N	2022-07-17 11:58:07	2022-11-08 04:25:50
BE22009550	2	1	그렇지! 미루던 일을 마치면, 속도 후련하고 말이야. 자기 평소에 청소해야 한다고 노래를 부르더니 오늘 드디어 청소한 거야?	N	2022-07-17 11:58:07	2022-11-08 04:25:51
BE22009550	3	0	어, 하는 김에 에어컨 청소도 말끔히 했지. 이제 곧 여름인데 지저분한 에어컨을 다시 쓸 수는 없잖아. 마음까지 다 깨끗해지는 것 같은 기분이 들어.	N	2022-07-17 11:58:07	2022-11-08 04:25:51
BE22009550	4	1	드디어 했구나! 내 마음까지 다 상쾌하다. 자기 기분 진짜 좋지? 그러니까 청소는 미루지 말고 제때 하는건 어때?	N	2022-07-17 11:58:07	2022-11-08 04:25:51
BE22009550	5	0	어 이렇게까지 흐뭇한 기분이 들 줄 몰랐어. 귀찮은 마음에 계속 미뤄두면서 해야 하는데 하는 의무감에 계속 마음 한편이 답답했거든. 그런데 이렇게 해치우니 홀가분하고 좋아!	N	2022-07-17 11:58:07	2022-11-08 04:25:51
BE22009550	6	1	그렇지, 자기 그 홀가분한 마음 내가 또 잘 알지! 나도 일 미루는 거 진짜 잘하는데, 항상 해야지 하다가 못하면 죄책감이 들더라. 그랬던 일을 한꺼번에 해치울 때면, 기분이 날아갈 듯 가뿐하고 기쁘잖아.	N	2022-07-17 11:58:07	2022-11-08 04:25:51
BE22009550	7	0	맞아, 그 홀가분한 기분을 왜 이제야 느끼는지 모르겠어. 자기야, 우리 이 미루는 버릇은 좀 고쳐야 하지 않을까?	N	2022-07-17 11:58:07	2022-11-08 04:25:51
BE22009550	8	1	오, 자기 기특한걸! 부족한 모습을 고치려는 마음이 대단해. 잘못인 걸 알면서도 그걸 올바로 잡아보려는 마음을 먹는 건 쉬운 일이 아니거든. 자기 멋있다!	N	2022-07-17 11:58:07	2022-11-08 04:25:51
BE22009550	9	0	그런가? 오늘 느낀 기쁨이 너무 크고 좋았나 봐. 그래서 그런지 이제는 일을 미루면서 드는 의무감과 후회, 자책감 같은 걸 느끼고 싶지 않아.	N	2022-07-17 11:58:07	2022-11-08 04:25:51
BE22009550	10	1	자기의 그런 마음 정말 존중하고 칭찬해! 기쁨의 감정으로 내면을 채우고 싶은 거잖아. 에어컨 청소를 사소한 행동으로 바라볼 수 있지만, 자기한테는 무언가 커다란 계기가 되겠는걸.	N	2022-07-17 11:58:07	2022-11-08 04:25:51
BE22009550	11	0	맞아, 사소한 행동 하나가 내 마음을 이렇게 충만하게 할 수 있다는 걸 느꼈어. 그동안 왜 이걸 느끼지 못하고 살았는지 후회스러워. 그래서 앞으로는 좀 다른 내가 되어 볼까 해.	N	2022-07-17 11:58:07	2022-11-08 04:25:51
BE22009550	12	1	이 모든 게 다 과정처럼 맞물려서 일어나는 거니까 후회는 하지 말기! 자기의 기쁨 충만한 마음을 같이 느껴봐야겠는걸! 나도 미루는 버릇을 자기와 함께 고쳐가 볼까 봐.	N	2022-07-17 11:58:07	2022-11-08 04:25:51
BE22009550	13	0	좋은 생각이다! 자기랑 같이 좋은 방향으로 걸어갈 수 있다고 생각하니 정말 행복한걸! 내 마음에 공감해 주고 함께 해 줘서 정말 고마워!	N	2022-07-17 11:58:07	2022-11-08 04:25:51
BE22009550	14	1	나도 자기가 이렇게 긍정적이고, 열린 마음으로 본인의 좋지 않은 면을 바꿔가려 노력하는 모습이 사랑스러워. 그리고 우리 이렇게 함께 할 수 있어서 더 감사해.	N	2022-07-17 11:58:07	2022-11-08 04:25:51
BE22009550	15	0	집도 깨끗해지고, 여름을 위한 준비도 다 마쳤고, 자기와도 좋은 대화 나누니 정말 기쁘다! 고마워, 언제나 다정하게 곁에 있어줘서.	Y	2022-07-17 11:58:07	2022-11-08 04:25:51
