id	utterance_id	utterance_type	utterance_text	terminate	regDate	updDate
BE22007576	1	0	오늘도 그림을 한 여덟시간은 그린 것 같아. 너무 피곤하다, 자기야.	N	2022-07-10 13:18:46	2022-11-08 04:13:13
BE22007576	2	1	와 무슨 취미 활동을 전문가보다 더 열심히 해? 그러다 또 질렸다고 손 놓는 거 아냐?	N	2022-07-10 13:18:46	2022-11-08 04:13:13
BE22007576	3	0	내가 뭐에 하나 빠지면 푹 빠지는 편이기는 해. 근데 자기가 그렇게 말하니 민망한걸?	N	2022-07-10 13:18:46	2022-11-08 04:13:13
BE22007576	4	1	그랬어? 민망하라고 한 얘기는 아니야. 난 자기가 좋아하는 웹툰 그림 그리는 거 계속했으면 하는 바람이 있어서 그런 거라구. 자기 작품들 공식적으로 내놔도 손색이 없을 만큼 훌륭하거든!	N	2022-07-10 13:18:46	2022-11-08 04:13:13
BE22007576	5	0	정말 그렇게 느끼고 있었어? 자기 안목도 대단한걸! 안 그래도 그저께 공식 연재 제안을 받아서 얼마나 뿌듯했나 몰라!	N	2022-07-10 13:18:46	2022-11-08 04:13:13
BE22007576	6	1	꺅, 정말? 신난다! 내가 그럴 줄 알았어! 언젠가 자기가 큰일을 낼 줄 알았다구!	N	2022-07-10 13:18:46	2022-11-08 04:13:13
BE22007576	7	0	자기가 너무 신나서 좋아하니 내가 더 기쁘다! 처음에 연락을 받았을 때는 믿기지가 않더라.	N	2022-07-10 13:18:46	2022-11-08 04:13:13
BE22007576	8	1	취미로만 생각하던 일에 전문적인 제안을 받았으니 얼마나 얼떨떨했을까? 나라도 현실인지 꿈인지 헷갈릴 정도로 놀랐을 것 같아. 정말 멋있다!	N	2022-07-10 13:18:46	2022-11-08 04:13:13
BE22007576	9	0	어 몇 번을 확인했는지 몰라. 전화를 거신 분이 그분이냐고, 이게 실화냐고 말이야. 내가 너무 믿지 못하니 그분도 좀 당황하더라.	N	2022-07-10 13:18:46	2022-11-08 04:13:13
BE22007576	10	1	자기야 축하해! 그럼 이제부터 더욱더 체력 관리 단단히 해야겠는걸!	N	2022-07-10 13:18:46	2022-11-08 04:13:13
BE22007576	11	0	나도 그 생각했어. 지난 몇 달간 지나친 취미생활에 체력이 바닥났잖아. 연재 들어가면 잘 할 수 있을까 기쁘기도 했지만 걱정도 들더라.	N	2022-07-10 13:18:46	2022-11-08 04:13:13
BE22007576	12	1	걱정 마! 내가 자기를 위해서 몸보신 음식을 스케줄 짜서 대령할 테니. 앞으로 큰일 하실 분인데 내가 그 정도는 기쁘게 할 수 있지!	N	2022-07-10 13:18:46	2022-11-08 04:13:13
BE22007576	13	0	어이쿠, 자기 또 오버한다. 말만 들어도 벌써 충전이 다 된 느낌이긴 하지만 살살해, 살살.	N	2022-07-10 13:18:46	2022-11-08 04:13:13
BE22007576	14	1	어 알았어. 우리 앞으로 몸에 좋은 거 꼭 많이 챙겨 먹고, 잠도 푹 자자. 아, 자기가 웹툰 작가가 된다니 아직도 믿기지 않는다!	N	2022-07-10 13:18:46	2022-11-08 04:13:13
BE22007576	15	0	그래 그러자. 자기가 이렇게 뛸 듯이 기뻐하니 내가 더 행복하네. 그래 우리 몸에 좋은 거 다 하자!	Y	2022-07-10 13:18:46	2022-11-08 04:13:13
