id	utterance_id	utterance_type	utterance_text	terminate	regDate	updDate
BE22003803	1	0	나 이번에 연봉협상 했잖아, 되게 잘 됐어. 엄청 뿌듯하고 행복해.	N	2022-06-26 07:41:20	2022-11-08 03:48:54
BE22003803	2	1	정말? 자기 기대 안 하고 있다더니 생각보다 잘 됐나 보다. 축하해!	N	2022-06-26 07:41:20	2022-11-08 03:48:54
BE22003803	3	0	직장생활 하면서 오늘이 가장 만족스러워, 나에게도 이런 날이 오는구나.	N	2022-06-26 07:41:20	2022-11-08 03:48:54
BE22003803	4	1	난 항상 믿고 있었어, 자기보다 잘하는 사람이 어딨어. 나도 똑 부러지고 열정적인 모습에 반했잖아.	N	2022-06-26 07:41:20	2022-11-08 03:48:54
BE22003803	5	0	그렇게 말해줘서 고마워, 1년 동안 열심히 했던 것들 돌려받은 기분이야.	N	2022-06-26 07:41:20	2022-11-08 03:48:54
BE22003803	6	1	그럼! 나는 여태껏 자기 한 것들 생각하면 더 받아도 된다고 생각해. 그만큼 능력 있는 사람이니까.	N	2022-06-26 07:41:20	2022-11-08 03:48:54
BE22003803	7	0	진짜 기분 좋다. 앞으로 더 열심히 다니려고 해. 하는 데까지 다녀보려고.	N	2022-06-26 07:41:20	2022-11-08 03:48:55
BE22003803	8	1	첫 직장 생활이잖아, 시작이 좋다. 자기는 무슨 일이든 잘할 거니까 어딜가든 사랑받고 환영받을 거야.	N	2022-06-26 07:41:20	2022-11-08 03:48:55
BE22003803	9	0	정말 열심히 하니까 되는구나, 자기 응원이 아니었다면 버티지 못했을 거야. 고마워.	N	2022-06-26 07:41:20	2022-11-08 03:48:55
BE22003803	10	1	난 늘 확신을 가지고 있었어, 힘든 직장생활이지만 충분히 이겨낼 수 있는 사람이라는걸.	N	2022-06-26 07:41:20	2022-11-08 03:48:55
BE22003803	11	0	자기를 만나서 다행이다. 덕분에 힘든 시간을 이겨낼 수 있었던 것 같아.	N	2022-06-26 07:41:20	2022-11-08 03:48:55
BE22003803	12	1	다 너의 능력이 이뤄낸 결과인걸. 1년 동안 정말 수고했어. 많이 부담스러웠을 텐데.	N	2022-06-26 07:41:20	2022-11-08 03:48:55
BE22003803	13	0	이런 좋은 날 그냥 보낼 수 없지. 자기 응원에 보답하고 싶어, 내가 오늘 근사한 저녁 대접할게.	N	2022-06-26 07:41:20	2022-11-08 03:48:55
BE22003803	14	1	그럼 오늘 데이트할까? 자기 직장생활 더 즐겁게 할 수 있게 1년간 스트레스 다 날려버리자.	N	2022-06-26 07:41:20	2022-11-08 03:48:55
BE22003803	15	0	좋아, 오늘만큼은 정말 재밌게 보내자. 나중에 봐!	Y	2022-06-26 07:41:20	2022-11-08 03:48:55
