id	utterance_id	utterance_type	utterance_text	terminate	regDate	updDate
BE22021122	1	0	자기야, 나 어제 드디어 긴 머리를 빨간색으로 염색했어. 기대했던 것보다 훨씬 더 예쁘게 나와서 정말 기뻐. 앞으로 새로운 스타일에 도전할 생각하니 벌써 신이 나.	N	2022-09-23 21:40:44	2022-09-23 21:40:44
BE22021122	2	1	와, 정말 멋진 색깔로 단장해서 무척 기분 좋겠다. 자기가 좋아할 모습을 상상하니, 내 입가에도 미소가 떠오르는걸.	N	2022-09-23 21:40:44	2022-11-08 05:40:46
BE22021122	3	0	처음에는 시간도 많이 걸리고 비용도 비싸서 망설였거든. 그런데 완성된 색깔을 보니 하늘을 날 것처럼 기분이 좋아. 정말 만족스러운 결과가 나와서 뛸 듯이 기뻐.	N	2022-09-23 21:40:44	2022-09-23 21:40:44
BE22021122	4	1	우리 자기가 새로운 머리 색깔이 정말 마음에 들었나 보네. 자기가 더 새롭고 예쁜 모습으로 변했을 생각을 하니, 벌써 설레는걸.	N	2022-09-23 21:40:44	2022-11-08 05:40:46
BE22021122	5	0	염색 마치고 엄청 흥분해서 사진을 100장은 찍은 것 같아. 제일 마음에 드는 사진을 자기한테 전송해 줄게. 자기에게 어떻게 보일지, 정말 설렘 폭발이야.	N	2022-09-23 21:40:44	2022-09-23 21:40:44
BE22021122	6	1	와, 사진으로 보니 생각했던 것보다 훨씬 더 자연스럽고 예쁜걸. 만족스러워하는 자기 모습 보니 내 마음에도 웃음 꽃이 피는 것 같아.	N	2022-09-23 21:40:44	2022-11-08 05:40:46
BE22021122	7	0	트리트먼트 시술도 서비스로 해 주셨는데, 머릿결도 더 부드러워진 것 같아서 무척 만족스러워. 빨강 머리가 바람에 나부끼는 모습을 상상만 해도 절로 행복해지는 것 같아.	N	2022-09-23 21:40:44	2022-09-23 21:40:44
BE22021122	8	1	자기가 만족해 하니 나도 정말 기뻐. 망설이다가 힘들게 결정한 보람이 있어서 정말 흡족하고.	N	2022-09-23 21:40:44	2022-11-08 05:40:47
BE22021122	9	0	머리를 빨간색으로 염색했으니 이제 새로운 스타일에도 도전해보고 싶어. 특이한 모자도 쓰고 화장도 개성 있게 하면 빨강 머리가 더 돋보일 거라는 생각에 흐뭇해.	N	2022-09-23 21:40:44	2022-09-23 21:40:44
BE22021122	10	1	자기는 뭐든지 용감하게 도전하는 진취적인 성격이잖아. 다른 사람들 시선에 크게 신경 쓰지 않고 당당한 자기 모습 정말 멋져. 앞으로의 새로운 스타일도 정말 기대 되는걸.	N	2022-09-23 21:40:44	2022-11-08 05:40:47
BE22021122	11	0	자기가 그렇게 격려해 주니, 내 마음의 기쁨이 두 배가 된 것 같아. 앞으로 더 신 나게 새로운 스타일을 도전할 용기가 생겼어.	N	2022-09-23 21:40:44	2022-09-23 21:40:44
BE22021122	12	1	자기는 이런저런 선입견도 없고 생각이 자유로워서 정말 자랑스러워. 우리 이번 주말에 이태원에 가서 다양한 스타일을 둘러볼까?	N	2022-09-23 21:40:44	2022-11-08 05:40:47
BE22021122	13	0	자기랑 함께라면 어디든 좋지. 이태원에는 독특한 머리 색깔에 어울리는 다양한 스타일을 많이 구경할 수 있어서 기대돼.	N	2022-09-23 21:40:44	2022-11-08 05:40:47
BE22021122	14	1	나도 자기 덕분에 새로운 모습도 구경하고, 이런저런 영감도 받을 수 있을 것 같아. 같이 구경 갈 날이 벌써 손꼽아 기다려지네.	N	2022-09-23 21:40:44	2022-11-08 05:40:47
BE22021122	15	0	자기와 이야기하다 보면 어느새 구름 위에 붕 떠 있는 기분이야. 늘 내게 기운을 줘서 정말 고마워. 진심으로 사랑해, 자기야.	Y	2022-09-23 21:40:44	2022-09-23 21:40:44
