id	utterance_id	utterance_type	utterance_text	terminate	regDate	updDate
BE22018463	1	0	자기야. 나 오늘은 기쁜 일이 있어.	N	2022-09-16 01:35:19	2022-09-16 01:35:19
BE22018463	2	1	뭔데? 나까지 너무 궁금해진다.	N	2022-09-16 01:35:19	2022-09-16 01:35:19
BE22018463	3	0	오늘은 아빠께서 저녁 시간을 가족과 함께 보내시기로 약속하셨어. 이게 얼마 만인지 나 너무 기쁘고 설레어.	N	2022-09-16 01:35:19	2022-11-08 05:21:36
BE22018463	4	1	와, 정말? 오랜만에 아버님과 함께하는 시간이라 엄청나게 기대되겠네. 나도 따로 지내다가 오랜만에 가족들 다 모여서 식사하면 그렇게 기쁠 수가 없더라고. 그래서 자기 심정이 지금 어떨지 이해가 가.	N	2022-09-16 01:35:19	2022-11-08 05:21:36
BE22018463	5	0	그동안 아빠는 일 때문에 바쁘셔서 가족이랑 함께 저녁 시간을 보내신 적이 거의 없으셨거든. 근데 이번에 마침 여유가 생겨서 함께 저녁 식사하기로 했어. 아빠랑 함께 저녁 시간을 보낼 생각 하니 기대도 되고 너무 기쁘다.	N	2022-09-16 01:35:19	2022-11-08 05:21:36
BE22018463	6	1	딸이 이렇게 아빠를 좋아하는 거 보면 아버님도 뿌듯해하실 것 같다. 특히 자기는 딸 중에서도 애교가 많은 편이라 아버님이 정말 예뻐하시겠네.	N	2022-09-16 01:35:19	2022-11-08 05:21:36
BE22018463	7	0	자기 말 들으니 내가 아빠 사랑을 독차지하는 것 같아서 기분이 좋은걸. 그러고 보니 아빠가 딸 중에 나를 제일 좋아하는 것 같아 더 기쁜 것 같다.	N	2022-09-16 01:35:19	2022-11-08 05:21:36
BE22018463	8	1	오랜만에 딸들과 함께 저녁 시간을 보내시니 아버님도 기쁘시겠다. 가족들이 모두 한자리에 모여서 본인을 기다리는 걸 알면 아버님도 감동하실 것 같아. 에너지 넘치는 자기 덕분에 저녁 식사가 더 맛있을 것 같아.	N	2022-09-16 01:35:19	2022-11-08 05:21:37
BE22018463	9	0	사실 남들에게는 평범한 일상이 나에게는 쉽게 허락되지 않아서 어릴 땐 아빠에게 서운하기도 했거든. 그런데 시간이 지나면서 아빠를 이해하게 되더라고. 이렇게 오랜만에 갖는 가족들의 시간이 특별히 더 기쁘기도 하고.	N	2022-09-16 01:35:19	2022-09-16 01:35:19
BE22018463	10	1	어린 마음에 서운했을 자기도 이해가 돼. 그래도 역시 이해심이 뛰어난 자기답게 아버님의 마음도 헤아렸구나. 아버님도 가족들과 함께하는 평범한 저녁 시간이 정말 그리우셨을 거야.	N	2022-09-16 01:35:19	2022-11-08 05:21:37
BE22018463	11	0	그렇지, 그러면서 아빠에게 서운하다고 생각했던 것들이 미안함으로 바뀌게 되었어. 그러다 보니 이제는 아빠와 함께하는 시간이 그저 감사하고 기쁠 뿐이야.	N	2022-09-16 01:35:19	2022-11-08 05:21:37
BE22018463	12	1	오히려 가족이 더 애틋하고 돈독해지는 계기가 되었던 거네. 옆에서 보기 부러울 정도로 되게 보기 좋은 가족이야.	N	2022-09-16 01:35:19	2022-11-08 05:21:37
BE22018463	13	0	그렇게 생각해 주니 고맙네. 오늘은 정말 맛있는 거 많이 먹어야지.	N	2022-09-16 01:35:19	2022-11-08 05:21:37
BE22018463	14	1	그래, 오랜만에 다 같이 모였으니 대화도 많이 하고 즐겁게 보내길 바랄게.	Y	2022-09-16 01:35:19	2022-11-08 05:21:37
