id	utterance_id	utterance_type	utterance_text	terminate	regDate	updDate
BE22006177	1	0	나 오빠가 골라준 로봇청소기로 샀어!	N	2022-07-05 02:05:34	2022-11-08 04:04:08
BE22006177	2	1	정말? 써보니까 마음에 들어?	N	2022-07-05 02:05:34	2022-11-08 04:04:08
BE22006177	3	0	로봇청소기 진작에 살걸 그랬어. 생활의 질이 올라가서 너무 만족스럽다.	N	2022-07-05 02:05:34	2022-11-08 04:04:08
BE22006177	4	1	그렇지? 나도 처음엔 굳이 왜 필요한가 했었는데, 막상 사고 보니까 너무 편하더라. 자기는 매일 청소하는 성격이니까 더 흡족할 것 같아.	N	2022-07-05 02:05:34	2022-11-08 04:04:08
BE22006177	5	0	맞아. 하루 종일 테이프 클리너 들고 다니면서 머리카락 줍는 게 일이었어. 퇴근해도 집이 깨끗하니까 행복해.	N	2022-07-05 02:05:34	2022-11-08 04:04:08
BE22006177	6	1	자기 청소한 집에서 쉬는 걸 제일 좋아하잖아. 집이 항상 깨끗하니 얼마나 좋겠어. 듣는 내가 다 만족스럽다.	N	2022-07-05 02:05:34	2022-11-08 04:04:08
BE22006177	7	0	엄마가 몸이 불편하시니까 집 안 청소를 내가 도맡아 했거든. 집안일이 부담스러웠는데 도우미가 생긴 기분이야.	N	2022-07-05 02:05:34	2022-11-08 04:04:08
BE22006177	8	1	회사 다니면서 집안일 하느라 힘들었을 텐데, 내색도 한번 안 하고. 자기는 내가 본 사람 중에 제일 효녀야. 어쩜 그렇게 마음이 예뻐.	N	2022-07-05 02:05:34	2022-11-08 04:04:08
BE22006177	9	0	엄마도 미안해하셨는데, 내가 덜 힘들어하니까 너무 좋아하셔. 이게 제일 기쁘다.	N	2022-07-05 02:05:34	2022-11-08 04:04:08
BE22006177	10	1	어머니 마음도 한결 편하시고, 자기 몸도 편하고 정말 다행이다.	N	2022-07-05 02:05:34	2022-11-08 04:04:08
BE22006177	11	0	그리고 이 로봇청소기 엄청 귀여워. 빨빨거리는 게 강아지 같아서 보고 있는 재미가 있어. 이름도 붙여줬어.	N	2022-07-05 02:05:34	2022-11-08 04:04:08
BE22006177	12	1	이렇게 천진난만하게 좋아하는 모습이라니. 웃음이 난다. 요즘엔 물걸레 청소기도 편한 게 있다던데 내가 선물해 줄게. 얘한테도 이름 붙여줘.	N	2022-07-05 02:05:34	2022-11-08 04:04:09
BE22006177	13	0	정말? 역시 나 생각해 주는 건 오빠밖에 없어. 너무 신난다!	N	2022-07-05 02:05:34	2022-11-08 04:04:09
BE22006177	14	1	이렇게 필요한 거였는데 진작에 선물해 주지 못해서 미안하네. 자기 생활이 편안하면 난 더 바랄 게 없어.	Y	2022-07-05 02:05:34	2022-11-08 04:04:09
