id	utterance_id	utterance_type	utterance_text	terminate	regDate	updDate
BE22023180	1	0	자기야, 나 이렇게 일찍 일어난 건 처음인 거 같아. 일출 보러 가려면 미리 준비해야 할 거 같아서 일어났는데 새벽 공기 마시니까 기분이 너무 좋아!	N	2022-10-01 06:09:25	2022-11-08 05:52:53
BE22023180	2	1	상쾌한 아침 공기가 기분 좋아지긴 하지. 한 낮의 공기보다 뭔가 더 맑고 깨끗한 느낌이 들잖아.	N	2022-10-01 06:09:25	2022-10-01 06:09:25
BE22023180	3	0	이 시간의 공기는 정말 자기 말대로 뭔가 깨끗한 느낌이 들어서 기분이 좋아지나 봐. 나 앞으로 매일 일찍 일어나야겠어. 이런 공기 쐬고 출근하면 하루 종일 기쁠 거 같아.	N	2022-10-01 06:09:25	2022-11-08 05:52:53
BE22023180	4	1	우리 자기가 새벽 공기에 완전히 반해버렸네! 공기뿐만 아니라 밖에 나가보면 또 새로운 새벽 감성도 느끼게 될거야. 나도 가끔 일찍 운동갈 때 느끼는데 그런 날은 하루종일 뭔가 감성적인 날이 되곤 하거든.	N	2022-10-01 06:09:25	2022-11-08 05:52:53
BE22023180	5	0	자기 말을 들으니까 빨리 나가고 싶어진다. 나 처음으로 일출 보러 가게 돼서 지금 너무 기쁘고 설레어. 날씨가 시원해서 더 기분 좋게 해주는 거 같아.	N	2022-10-01 06:09:25	2022-11-08 05:52:53
BE22023180	6	1	자기가 새벽 공기에 너무 기뻐진 게 느껴져서 나까지 기분이 좋아지네. 오늘은 일출보기 좋은 날씨일거야. 떠오르는 해가 선명하게 잘 보였음 좋겠다.	N	2022-10-01 06:09:25	2022-11-08 05:52:53
BE22023180	7	0	자기 말대로 밖에 나오니까 이 시간에 분주하게 움직이는 사람들도 있고 가로등 불빛이 뭔가 감성적이야. 활기차고 따뜻한 느낌이랄까? 나오니까 기분 더 좋아지는데!	N	2022-10-01 06:09:25	2022-11-08 05:52:53
BE22023180	8	1	나 지금이라도 챙겨서 자기 옆으로 달려가야할 거 같아. 자기가 너무 행복해하니까 나도 너무 함께 느끼고 싶어지잖아. 난 자기가 이렇게 항상 작은 일에도 행복해하는 사람이라서 사랑스럽고 너무 좋아.	N	2022-10-01 06:09:25	2022-11-08 05:52:53
BE22023180	9	0	자기가 나가보면 새벽 감성이 있을 거라고 말해준 거잖아. 안개가 살짝 낀 한적한 도시에 노란 가로등이 너무 감성적이고 마음이 편안한 기분이라 너무 행복해져.	N	2022-10-01 06:09:25	2022-11-08 05:52:53
BE22023180	10	1	우리 자기 일출보러 자주 가게될 거 같은데! 새벽부터 공기 하나, 가로등 하나에 이렇게 좋아하다니 정말 자기는 긍정적이고 본받을 점이 많아.	N	2022-10-01 06:09:25	2022-10-01 06:09:25
BE22023180	11	0	그렇게 말해줘서 고마워, 나도 항상 내 이야기 잘 들어주고 공감해주는 자기가 너무 좋아. 우리 다음에는 꼭 일출 보러 같이 가자.	N	2022-10-01 06:09:25	2022-11-08 05:52:53
BE22023180	12	1	그래, 나도 오늘 자기 보니까 기쁘고 행복한 느낌 받으러 꼭 일출보러 가야겠어. 상쾌한 공기 많이 쐬고 기분 좋게 잘 다녀와.	N	2022-10-01 06:09:25	2022-10-01 06:09:25
BE22023180	13	0	오늘 하늘에 구름도 없는 거 같은데 잘 보이겠지? 내가 사진 잘 찍어서 자기도 보여줄게.	N	2022-10-01 06:09:25	2022-10-01 06:09:25
BE22023180	14	1	새벽부터 기분 좋은 자기랑 연락해서 나도 오늘 하루가 행복할거 같은 느낌이야. 떠오르는 태양보면서 자기가 또 얼마나 기뻐할 지 기대돼. 일출보고 나면 다시 연락해 줘.	Y	2022-10-01 06:09:25	2022-11-08 05:52:53
