id	utterance_id	utterance_type	utterance_text	terminate	regDate	updDate
BE22004358	1	0	자기야. 나 방금 우리집 멍멍이 산책시키고 왔어.	N	2022-06-27 15:34:52	2022-11-08 03:52:26
BE22004358	2	1	응? 아까 아침에도 다녀왔다고 하지 않았어?	N	2022-06-27 15:34:52	2022-11-08 03:52:26
BE22004358	3	0	응. 요즘 하루에 최소 2번 산책해. 처음에는 좀 힘들었는데 이제는 너무 뿌듯하고 좋은거 있지? 멍멍이가 신나하는 모습 보는것도 너무 즐거워.	N	2022-06-27 15:34:52	2022-11-08 03:52:26
BE22004358	4	1	와. 나도 강아지 키워봐서 아는데 하루 두번 산책하는거 정말 쉬운일 아니거든. 자기 진짜 너무 성실하고 대단하다. 반려견을 생각하는 그 마음이 너무 반짝 거리는거 같아.	N	2022-06-27 15:34:52	2022-11-08 03:52:26
BE22004358	5	0	그렇게 칭찬해주니까 좀 부끄럽네. 우리 집 멍멍이가 활동량이 많은 견종이잖아. 산책 자주 안 시켜주면 스트레스받는대서 그러고 있지.	N	2022-06-27 15:34:52	2022-11-08 03:52:26
BE22004358	6	1	반려견이 스트레스 받는 모습 보면 그거만큼 맘 아픈게 없지. 멍멍이가 엄청 좋아하겠네.	N	2022-06-27 15:34:52	2022-11-08 03:52:26
BE22004358	7	0	응. 진짜 산책을 이렇게 좋아하는 줄 알았으면 진작에 매일 두번씩 산책 할걸. 근데 지금이라도 그 모습 보니까 막 가슴이 벅차오르고 두근거려. 기분이 너무 좋아지더라고.	N	2022-06-27 15:34:52	2022-11-08 03:52:26
BE22004358	8	1	무슨 기분인지 너무 잘 알거 같아. 우리집 개도 산책시켜주면 좋다고 꼬리 엄청 팔랑거리거든. 그 모습 보면 나도 되게 흡족하더라.	N	2022-06-27 15:34:52	2022-11-08 03:52:26
BE22004358	9	0	맞아. 반려견이 행복하면 주인도 덩달아 행복해지는거 같아. 우리 멍멍이 좋아하는 모습 보면 내가 막 다 행복하고 기쁘더라고.	N	2022-06-27 15:34:52	2022-11-08 03:52:26
BE22004358	10	1	맞아. 자기와 반려견 둘다 서로에게 긍정적인 영향을 주는거 같아서 보기 좋다. 지켜보는 내가 다 기분이 좋아질 지경이야!	N	2022-06-27 15:34:52	2022-11-08 03:52:26
BE22004358	11	0	자기가 기분 좋아진다고 하니까 나 막 더 행복해지는거 있지? 우리집 멍멍이 만큼이나 자기도 내게 긍정적인 영향을 주는걸.	N	2022-06-27 15:34:52	2022-11-08 03:52:26
BE22004358	12	1	자기가 그렇게 말해주니까 내 마음도 덩달아 벅차오른다. 진짜 우리 자기는 마음씨도 곱고 긍정적인 사람인거 같아. 내가 항상 본받아야겠다고 생각해.	N	2022-06-27 15:34:52	2022-11-08 03:52:26
BE22004358	13	0	그렇게 칭찬해줘서 고마워. 자기도 너무 좋은 사람이야. 그래서 항상 나도 자기한테 배운다고 생각하잖아!	N	2022-06-27 15:34:52	2022-11-08 03:52:26
BE22004358	14	1	자기와 반려견 처럼 나와 자기도 서로에게 긍정적인 영향을 주는거 같아서 기쁘다!	N	2022-06-27 15:34:52	2022-11-08 03:52:26
BE22004358	15	0	나도 그래. 내일은 우리 같이 멍멍이들 데리고 산책할까?	N	2022-06-27 15:34:52	2022-11-08 03:52:27
BE22004358	16	1	너무 좋지! 상상만해도 웃음이 나온다.	Y	2022-06-27 15:34:52	2022-11-08 03:52:27
