id	utterance_id	utterance_type	utterance_text	terminate	regDate	updDate
BE22012078	1	0	자기야. 점심에 소개해주고 싶은 사람이 있어. 내 동생 말이야.	N	2022-07-27 08:44:07	2022-11-08 04:42:01
BE22012078	2	1	오 정말? 네가 먼저 가족을 소개해주고 싶다고 말하는 건 처음인걸. 네가 무척 나를 소개해주고 싶구나.	N	2022-07-27 08:44:07	2022-11-08 04:42:01
BE22012078	3	0	맞아. 내 하나뿐인 동생은 나의 인생을 특별하게 만들어주는 사람이거든. 사실은 이번에 나와 사귀는 사람을 소개해주고 싶었어.	N	2022-07-27 08:44:07	2022-11-08 04:42:01
BE22012078	4	1	자기가 아주 동생 얘기를 할 때 기뻐 보이는구나. 우애가 좋아 보여.	N	2022-07-27 08:44:07	2022-11-08 04:42:01
BE22012078	5	0	그럼. 옆에 있으면 늘 웃음이 끊이질 않고, 언제나 동생이 있다는 것에 감사하게 만드는 이유이기도 해. 너를 소개해줄 생각에 벌써 두근거린다!	N	2022-07-27 08:44:07	2022-11-08 04:42:01
BE22012078	6	1	자기가 이렇게 설레는 모습을 보니 나도 기쁜걸. 자기에게 그렇게 소중한 동생이 있었다니 변치 않은 우애를 앞으로 응원해주고 싶구나.	N	2022-07-27 08:44:07	2022-11-08 04:42:01
BE22012078	7	0	자기도 분명 마음에 들어 할 거야. 예의도 바르고 배려심도 깊거든. 당신은 나에게 항상 배려심을 강조했었잖아.	N	2022-07-27 08:44:07	2022-11-08 04:42:01
BE22012078	8	1	하하. 그랬었지. 자기가 항상 좋은 인연을 만났으면 하는 바람에 그렇게 말한 거였어. 자기 동생이라면 착한 심성을 가지고 있겠지.	N	2022-07-27 08:44:07	2022-11-08 04:42:01
BE22012078	9	0	그럼. 동생이 엄마 같다고 한 말도 진심으로 한 말이에요. 동생과 함께 있을 때 누구보다 제가 딸인 느낌이 들거든요. 내가 너무 철없는 생각을 하는 건가.	N	2022-07-27 08:44:07	2022-11-08 04:42:01
BE22012078	10	1	자기야. 동생과 우애가 좋은 형제 사이는 흔치 않은 일이지. 배려심 넓은 당신을 똑 닮은 동생을 빨리 만나보고 싶은걸?	N	2022-07-27 08:44:07	2022-11-08 04:42:01
BE22012078	11	0	그렇게 말해줘서 고마워. 자기가 그렇게 말해주니 너무 큰 힘이 된다.	N	2022-07-27 08:44:07	2022-11-08 04:42:01
BE22012078	12	1	가족이라면 믿어 의심치 않지. 그보다 자기 동생이 어떤 사람일지 더 기대되는걸! 점심이라면 뭘 먹기로 정한 거야?	N	2022-07-27 08:44:07	2022-11-08 04:42:01
BE22012078	13	0	동생에게 자기를 소개할 날이 오다니. 동생과 점심으로 해물찜을 먹기로 정했어. 서프라이즈로 자기 소개해줄 생각에 긴장되면서도 신나는걸요.	N	2022-07-27 08:44:07	2022-11-08 04:42:01
BE22012078	14	1	좋은 메뉴 선정인 것 같다. 동생도 좋아하는 음식에 자기가 좋아하는 사람을 소개해준다면 분명 기뻐해 주고 축하해줄 거라 믿어.	N	2022-07-27 08:44:07	2022-11-08 04:42:01
BE22012078	15	0	그 말을 들으니 동생에게 자기를 빨리 소개해주고 싶네요. 자기도 항상 나를 믿고 따라와 줘서 감사해요.	Y	2022-07-27 08:44:07	2022-11-08 04:42:01
