id	utterance_id	utterance_type	utterance_text	terminate	regDate	updDate
BE22015562	1	0	자기야, 오늘 오랜만에 내 스트레스가 다 날아간 것 같아. 회사 동료들과 노래방을 가서 크게 노래를 부르니 해방되는 기분이었어. 오랜만에 즐겁게 보내서 너무 기뻐.	N	2022-08-24 13:58:50	2022-11-08 05:03:50
BE22015562	2	1	자기 회사 일이 워낙 바빠서 걱정이 많이 되었는데, 그렇게 즐겁게 보냈다니 정말 잘됐다. 우리 자기가 오랜만에 행복한 시간을 가져서 굉장히 기쁘겠어. 정말 알찬 하루를 보냈구나.	N	2022-08-24 13:58:50	2022-11-08 05:03:50
BE22015562	3	0	요즘 회사 업무가 너무 과다해서 힘들었는데 오늘부로 그 스트레스를 다 날린 것 같아. 자기 말대로 그 어느 날보다 속 시원하고 알찬 하루를 보내서 너무 기뻐. 노래방에서 노래도 잘 나와서 그런지, 동료들이 다 내 노래 실력을 칭찬해주지 뭐야.	N	2022-08-24 13:58:50	2022-08-24 13:58:50
BE22015562	4	1	우리 자기가 또 한 노래 하잖아. 노래를 잘한다고 칭찬까지 받아서 기쁘고 뿌듯했겠다. 듣는 나도 흥이 막 절로 나는 것 같은 기분이야.	N	2022-08-24 13:58:50	2022-11-08 05:03:50
BE22015562	5	0	오늘 오랜만에 회사 사장님이 우리를 위해 회식 자리를 마련해주셨거든. 사실 이 회식을 하게 된 데는 내 역량이 크게 작용했어. 내가 팀장으로 있는 부서가 이번에 영업실적 최대를 달성해서 마련해 주신 거거든. 얼마나 행복하던지.	N	2022-08-24 13:58:50	2022-11-08 05:03:50
BE22015562	6	1	자기야, 역시 자기는 최고의 팀장님이야. 자기처럼 훌륭하고 뛰어난 인재가 있어서 회사 입장에선 얼마나 좋을까. 우리 자기가 능력과 공로를 인정받아 스스로 정말 자랑스럽고 행복했을 것 같아.	N	2022-08-24 13:58:50	2022-11-08 05:03:50
BE22015562	7	0	당연하지. 이번에 성과급도 넉넉하게 받고 이렇게 회식 자리에서 대우받으니 정말 행복했어. 앞으로도 이런 날들이 가득했으면 좋겠는데 말이야. 오늘을 절대 잊을 수 없을 것 같아.	N	2022-08-24 13:58:50	2022-11-08 05:03:50
BE22015562	8	1	오로지 자기의 노력과 능력으로 만들어낸 결과야. 그동안 자기가 정말 고생한 보람이 있을 것 같아. 나도 언젠간 분명 자기가 이렇게 인정받을 날이 오리라고 믿었다니까.	N	2022-08-24 13:58:50	2022-11-08 05:03:50
BE22015562	9	0	자기 덕분에 안 그래도 기뻤던 하루가 더 행복해지는 것 같아. 자기의 말 한마디 한마디가 더해져 더 풍족하게 다가오네.	N	2022-08-24 13:58:50	2022-08-24 13:58:50
BE22015562	10	1	우리 자기가 기분 좋았다니 나도 덩달아 너무 기쁜걸. 앞으로도 자기는 분명 승승장구할 거야. 이렇게 좋은 날들이 지속되길 나도 계속해서 응원할 거고.	N	2022-08-24 13:58:50	2022-11-08 05:03:50
BE22015562	11	0	그렇게 말해줘서 고마워. 회사 동료들과 더욱더 친해질 수 있는 계기가 되어서 더 기뻤던 것 같아. 좋은 분위기를 유지하면서 회사생활을 할 수 있을 것 같아서 앞으로가 기대돼.	N	2022-08-24 13:58:50	2022-11-08 05:03:50
BE22015562	12	1	자기가 고생한 만큼 좋은 결과가 나오니 얼마나 행복하겠어. 오늘만큼은 나도 동네에 내가 자기 남자 친구라는 것을 자랑하고 싶어져. 우리 자기 다시 한번 너무 잘했다고 칭찬해주고 싶네.	N	2022-08-24 13:58:50	2022-11-08 05:03:50
BE22015562	13	0	오늘의 좋은 기억과 자기의 말들이 나를 한층 더 성장케 하는 것 같아. 이제는 나도 날개 단 듯 업무를 제대로 해보려고.	N	2022-08-24 13:58:50	2022-11-08 05:03:50
BE22015562	14	1	우리 자기는 못 해낼 일이 없을 거야. 오늘 밤은 기쁜 마음으로 잠도 잘 잘 수 있겠네.	N	2022-08-24 13:58:50	2022-11-08 05:03:50
BE22015562	15	0	누구 덕분이겠어. 자기 덕분에 더할 나위 없이 행복하다. 고마워.	Y	2022-08-24 13:58:50	2022-08-24 13:58:50
