id	utterance_id	utterance_type	utterance_text	terminate	regDate	updDate
BE22014180	1	0	요즘 회사에 출근하면 커피향이 가득해서 정말 기분이 좋아. 예전엔 안 그랬는데 요샌 빨리 출근하고 싶어지는 것 있지?	N	2022-08-15 02:31:18	2022-11-08 04:55:16
BE22014180	2	1	와 정말? 자기 맨날 출근하기 싫다고 투정 부렸었잖아. 커피향 덕분에 출근길이 즐거워졌다니 진짜 잘된 일이다!	N	2022-08-15 02:31:18	2022-11-08 04:55:16
BE22014180	3	0	응 맞아 근데 요즘엔 사무실에만 들어서면 카페에 온 것 같은 기분이라 너무 좋아. 최근에 커피 기계를 사서 그런가 봐!	N	2022-08-15 02:31:18	2022-11-08 04:55:16
BE22014180	4	1	그러게말이야. 아침부터 향긋한 냄새를 맡으면서 일을 하게 된다면 정말 행복할 것 같아. 회사에 있다는 느낌도 없어서 부담감도 덜 할 것 같고!	N	2022-08-15 02:31:18	2022-11-08 04:55:16
BE22014180	5	0	그러니까! 내가 입사한 이래로 이렇게 출근하는 게 기대가 되는 건 처음인 것 같아! 상상만 해도 가슴이 두근거리고 기분이 좋아져.	N	2022-08-15 02:31:18	2022-08-15 02:31:18
BE22014180	6	1	자기가 회사에서 행복하다고 말을 하니까 나도 정말 기분이 좋다! 사무실에 좋은 향기가 가득하면 나라도 일을 할 맛이 날 것 같아!	N	2022-08-15 02:31:18	2022-08-15 02:31:18
BE22014180	7	0	그럼 우리 사무실 직원들 모두가 지금 아주 좋다고 하고 있어. 오죽하면 커피 원두를 서로 더 사오겠다고 하더라고!	N	2022-08-15 02:31:18	2022-08-15 02:31:18
BE22014180	8	1	와 정말? 그 정도로 커피향의 효과가 좋다니 대단한걸? 자기도 커피 원두를 살 생각이야?	N	2022-08-15 02:31:18	2022-11-08 04:55:16
BE22014180	9	0	당연하지! 벌써 어떤 걸 사야 하나 고민하고 있어. 나도 이렇게 기분이 좋은데 남들도 꼭 나랑 같은 기분을 느꼈으면 하는 마음이야!	N	2022-08-15 02:31:18	2022-08-15 02:31:18
BE22014180	10	1	남을 생각하는 자기의 마음씨는 언제 봐도 정말 착한 것 같아! 항상 작은 일에도 타인을 우선시 하는 자기의 배려심에 매번 감탄을 한다니까?	N	2022-08-15 02:31:18	2022-11-08 04:55:16
BE22014180	11	0	하하 좋게 말 해줘서 정말 고마워! 내가 요즘 정말 기분이 좋아서 이건 남들과 나눠야겠다는 생각을 많이 하고 있거든!	N	2022-08-15 02:31:18	2022-08-15 02:31:18
BE22014180	12	1	그럼! 행복은 나눌수록 더 극대화되는 거니까! 분명 자기가 기쁜 만큼 다른 사람도 기분이 좋다고 생각할 거야!	N	2022-08-15 02:31:18	2022-11-08 04:55:17
BE22014180	13	0	그렇게 말 해줘서 정말 고마워! 자기 덕분에 조금 더 용기를 얻었어! 우리 사무실 직원 모두가 행복했으면 좋겠어.	N	2022-08-15 02:31:18	2022-11-08 04:55:17
BE22014180	14	1	당연하지! 자기가 이렇게 사무실 동료들에게 관심을 가져주는데 어떻게 안 그러겠어? 정말 자기는 천사가 틀림없어!	N	2022-08-15 02:31:18	2022-11-08 04:55:17
BE22014180	15	0	자기 덕분에 내가 오늘도 웃을 수 있는 것 같아! 항상 좋은 말 해줘서 정말 고마워!	Y	2022-08-15 02:31:18	2022-08-15 02:31:18
