id	utterance_id	utterance_type	utterance_text	terminate	regDate	updDate
BE22017685	1	0	자기가 전에 먹고 싶다고 했던 동남아 식당을 찾았어. 다음에 가보면 어떨까?	N	2022-09-11 07:44:01	2022-09-11 07:44:01
BE22017685	2	1	그 식당 얘기 엄청 오래전에 했던 것 같은데, 어떻게 기억해? 나조차도 내가 그 식당 얘기를 했던 것을 잊었었거든. 정말 대단한 것 같아.	N	2022-09-11 07:44:01	2022-11-08 05:16:54
BE22017685	3	0	내가 기억력이 좋아서 무슨 일이든지 잘 잊지 않는 편이잖아. 그때 얘기했던 거 잊지 않고 계속 생각하고 있었어.	N	2022-09-11 07:44:01	2022-09-11 07:44:01
BE22017685	4	1	내가 했던 이야기를 잊지 않고 기억해 줘서 정말 고마워. 자기를 만나건 나에게 정말 행운인 것 같아.	N	2022-09-11 07:44:01	2022-11-08 05:16:54
BE22017685	5	0	당연한 일인걸. 내가 사랑하는 사람에 대한 것들을 기억할 수 있어서 정말 행복한 것 같아. 자기가 기뻐하는 걸 보는 걸로도 나는 정말 만족스러워!	N	2022-09-11 07:44:01	2022-11-08 05:16:54
BE22017685	6	1	살다 보면 중요한 것들이 많아서 사소한 것들을 기억하기 어려울 때가 많으니까. 자기가 그렇게 기억해 주는 것은 사랑받고 있다는 감정을 느끼게 해주는 것 같아.	N	2022-09-11 07:44:01	2022-11-08 05:16:54
BE22017685	7	0	사랑하는 마음을 표현하려고 했던 건데, 알아주니까 정말 기쁘다. 내가 했던 행동들이 인정받는 기분이라 정말 벅차.	N	2022-09-11 07:44:01	2022-09-11 07:44:01
BE22017685	8	1	생각해 보면 평소에도 내가 가지고 싶었던 것을 말하지 않아도 잘 챙겨줬었잖아. 자기는 정말 세심한 부분이 있는 것 같아. 본인 스스로 신경 쓰기도 벅찰 텐데 말이지.	N	2022-09-11 07:44:01	2022-11-08 05:16:55
BE22017685	9	0	내가 좋아하는 사람들이 하는 말에는 더욱 신경을 쓰게 되는 것 같아. 나의 기억력으로 그 사람이 행복해하는 모습을 보는 게 낙이 되었달까?	N	2022-09-11 07:44:01	2022-09-11 07:44:01
BE22017685	10	1	그렇지만 다른 사람들이 그만큼 챙겨주지 못하면 서운하거나 할 때도 있지 않아? 나였다면 나만 항상 주기만 하는 느낌에 속상함이 든 적도 있었을 것 같은데.	N	2022-09-11 07:44:01	2022-11-08 05:16:55
BE22017685	11	0	그런 적은 전혀 없었어. 오히려 난 내가 뭔가를 해 줄 때 더 행복감을 느끼니까. 더 해주지 못하는 게 아쉬울 뿐인걸.	N	2022-09-11 07:44:01	2022-09-11 07:44:01
BE22017685	12	1	정말 자기는 인격적으로 성숙한 사람이야. 또 사랑을 나눠줄 줄 아는 멋진 사람이라고 생각해. 나도 그런 모습을 본받아서 자기가 부족함을 느끼지 않게 노력할게.	N	2022-09-11 07:44:01	2022-11-08 05:16:55
BE22017685	13	0	사실 별거 아닌데, 그렇게 말해주니까 내가 특별해지는 기분이야. 정말 고마워.	N	2022-09-11 07:44:01	2022-09-11 07:44:01
BE22017685	14	1	사랑을 표현하고 나눠주는 일이 얼마나 힘든 일인데, 자기는 정말 대단해. 자기와 만나는 내가 정말 행운아인 것 같아.	N	2022-09-11 07:44:01	2022-11-08 05:16:55
BE22017685	15	0	고마워. 앞으로도 우리 예쁘게 만나보자!	Y	2022-09-11 07:44:01	2022-09-11 07:44:01
