id	utterance_id	utterance_type	utterance_text	terminate	regDate	updDate
BE22015375	1	0	자기야, 나 그토록 기대하던 원룸 계약 드디어 했어. 오늘 집을 알아보러 또 다른 부동산에 갔다가 정말 내가 맘에 드는 매물을 발견했거든.	N	2022-08-23 11:34:09	2022-11-08 05:02:41
BE22015375	2	1	드디어 자기가 자기만의 보금자리를 찾았구나. 그동안 집 알아본다고 정말 고생 많았어. 큰 산 하나 넘겼네. 너무 축하해.	N	2022-08-23 11:34:09	2022-11-08 05:02:41
BE22015375	3	0	그래도 고생 끝에 낙이 온다고, 좋은 집 구한 것 같아서 너무 기뻐. 이제 나만의 공간이 생겼다는 게 얼마나 기대되는지 몰라.	N	2022-08-23 11:34:09	2022-11-08 05:02:41
BE22015375	4	1	그러게나 말이야. 나도 처음 자취방을 구했을 때, 불안함보다 설렘이 훨씬 컸어. 분명 자기도 자취하면서 행복한 일들만 가득할 거야.	N	2022-08-23 11:34:09	2022-11-08 05:02:41
BE22015375	5	0	자기 말대로 됐으면 좋겠어. 오늘 내가 본 방이 진짜 햇빛도 잘 들고, 방도 다른 원룸에 비해 훨씬 크더라. 오늘 간 부동산에 공인중개사분이 굉장히 친절하셔서 편하게 계약할 수 있었던 것 같아.	N	2022-08-23 11:34:09	2022-08-23 11:34:09
BE22015375	6	1	꼼꼼하고 철저한 우리 자기가 고른 집이니 분명 안 봐도 훌륭한 집일 것 같아. 집 구하는 게 보통 일이 아닌데, 잘 마무리되었다니 정말 기뻐. 너의 기쁨이 내 기쁨이잖아?	N	2022-08-23 11:34:09	2022-11-08 05:02:41
BE22015375	7	0	그렇게 말해줘서 고마워 자기야. 이제 계약을 성공리에 마쳤으니 집을 예쁘게 꾸미는 날들만 남았겠지. 요즘 하루하루 정말 기대돼.	N	2022-08-23 11:34:09	2022-11-08 05:02:41
BE22015375	8	1	자기가 새 출발을 한 만큼 얼마나 설레겠어. 나도 덩달아 이렇게 기분이 좋은데 당사자는 어떨까? 자기가 또 워낙 감각이 좋으니 인테리어도 예쁘게 꾸며서 잘 해놓고 지낼 것 같아.	N	2022-08-23 11:34:09	2022-08-23 11:34:09
BE22015375	9	0	어렸을 때부터 자취라는 것을 그냥 꿈만 꿨었어. 근데 내가 이렇게 계약도 하고 하니 나 스스로 많이 성장했다는 게 느껴져서 감회가 새롭네.	N	2022-08-23 11:34:09	2022-11-08 05:02:41
BE22015375	10	1	우리 자기, 이제 정말 어엿한 어른 맞지. 이번 부동산 계약이 또 인생에서 좋은 경험 중 하나가 될 거야. 이렇게 하나하나 스스로 일을 해나가면서 성장하는 당신이 너무 대견해.	N	2022-08-23 11:34:09	2022-11-08 05:02:41
BE22015375	11	0	다 자기 덕분이지. 내가 이렇게 행복한 하루를 보내게 된 이유도 자기 덕분인걸.	N	2022-08-23 11:34:09	2022-08-23 11:34:09
BE22015375	12	1	아이고, 자기한테 그런 칭찬 들으니까 너무 부끄럽다. 하여튼 오늘 부동산 계약 성공한 것 다시 한번 축하해. 그곳에서 정말 좋은 일들만 생길 거야.	N	2022-08-23 11:34:09	2022-11-08 05:02:41
BE22015375	13	0	나중에 집이 정비되면 꼭 한번 놀러 와. 자기가 가장 먼저 집들이를 와 줬으면 좋겠어.	N	2022-08-23 11:34:09	2022-11-08 05:02:41
BE22015375	14	1	자기가 그렇다면 당연히 내가 출동해야지. 그날만을 손꼽아 기다리고 있을게.	N	2022-08-23 11:34:09	2022-11-08 05:02:41
BE22015375	15	0	항상 내 행복을 몇 배로 크게 만들어주는 자기, 정말 고마워. 나도 그날만을 바라보며 열심히 생활해야겠어!	Y	2022-08-23 11:34:09	2022-11-08 05:02:41
