id	utterance_id	utterance_type	utterance_text	terminate	regDate	updDate
BE22001269	1	0	나 드디어 자격증 합격했어!	N	2022-06-14 08:33:32	2022-11-08 03:32:36
BE22001269	2	1	진짜? 너무 잘 됐다! 그럼 이제 한국어 강사님 되는 거야?	N	2022-06-14 08:33:32	2022-11-08 03:32:36
BE22001269	3	0	응! 원래는 강의 보조였는데 자격증 합격해서 정식 강사로 일할 수 있을 것 같아!	N	2022-06-14 08:33:32	2022-11-08 03:32:36
BE22001269	4	1	너무 잘 됐다. 전에도 외국인들 대상으로 한국어 가르쳤었잖아. 앞으로 좀더 많은 강의를 할 수 있는 거지?	N	2022-06-14 08:33:32	2022-11-08 03:32:36
BE22001269	5	0	그렇지. 그전에는 입문자 대상 강의만 했었는데 이제는 중급반도 들어갈 수 있게 됐어. 기분이 너무 좋다.	N	2022-06-14 08:33:32	2022-11-08 03:32:36
BE22001269	6	1	뭐든 다 할 수 있을 것 같은 기분이지? 네가 너무 행복해하니까 나까지 기분이 좋아진다.	N	2022-06-14 08:33:32	2022-11-08 03:32:36
BE22001269	7	0	응! 하늘을 나는 기분이라는 게 어떤 건지 알 것 같아.	N	2022-06-14 08:33:32	2022-11-08 03:32:36
BE22001269	8	1	네가 갑자기 전공과 다른 직업을 택한다고 했을 때 솔직히 걱정도 됐었어. 근데 이렇게 잘 해내는 거 보니까 내 여자 친구지만 너무 대견해!	N	2022-06-14 08:33:32	2022-11-08 03:32:36
BE22001269	9	0	그럼 누구 여자 친구인데! 나 힘들 때마다 네가 긍정적인 말도 많이 해주고, 응원도 많이 해줬었잖아. 너무 고마웠어.	N	2022-06-14 08:33:32	2022-11-08 03:32:36
BE22001269	10	1	난 네가 잘할 줄 알았어. 한다면 하는 성격이기도 하지만 워낙에 똑 부러지니까. 내가 다 뿌듯하다 정말.	N	2022-06-14 08:33:32	2022-11-08 03:32:36
BE22001269	11	0	칭찬은 고래도 춤추게 한다는데, 춤이라도 춰야 하나? 나 앞으로 진짜 열심히 할 거야!	N	2022-06-14 08:33:32	2022-11-08 03:32:36
BE22001269	12	1	노력한 만큼 앞으로도 좋은 성과 있을 거야. 아직 시간 많으니까 충분히 경험 쌓고 자리 잡으면 돼.	N	2022-06-14 08:33:32	2022-11-08 03:32:36
BE22001269	13	0	고마워. 네가 내 옆에 있어서 너무 든든하다.	N	2022-06-14 08:33:32	2022-11-08 03:32:36
BE22001269	14	1	나만 한 남자 친구 없지? 너 합격 기념으로 맛있는 거 먹으러 가자, 내가 쏠게!	N	2022-06-14 08:33:32	2022-11-08 03:32:36
BE22001269	15	0	정말? 내 남자 친구가 최고네. 고기 먹으러 가자 고기!	Y	2022-06-14 08:33:32	2022-11-08 03:32:36
