id	utterance_id	utterance_type	utterance_text	terminate	regDate	updDate
BE22001788	1	0	어제 택배로 시킨 줄넘기가 왔어. 그래서 어제부터 줄넘기를 해보는 중이야.	N	2022-06-17 00:48:52	2022-11-08 03:35:59
BE22001788	2	1	자기 요즘 다양한 운동을 시도하는 것 같아. 아주 보기 좋아!	N	2022-06-17 00:48:52	2022-11-08 03:35:59
BE22001788	3	0	응. 근데 줄넘기야말로 내 천직인 것 같은데? 정말 재밌더라. 엔도르핀이 쫙 도는 게 엄청 흥분 상태야!	N	2022-06-17 00:48:52	2022-11-08 03:36:00
BE22001788	4	1	글자로도 흥분이 느껴져. 그렇게 재밌어? 나도 도전해 볼까?	N	2022-06-17 00:48:52	2022-11-08 03:36:00
BE22001788	5	0	정말 추천이야. 조금만 뛰어도 땀이 엄청 나는 게, 진짜 살아 있음을 느껴.	N	2022-06-17 00:48:52	2022-11-08 03:36:00
BE22001788	6	1	맞아. 그거 중요하지. 가끔 미친 듯이 운동하고 나면 땀이 비 오듯 쏟아지고 심장이 터질 것 같잖아. 그 느낌이 참 좋아.	N	2022-06-17 00:48:52	2022-11-08 03:36:00
BE22001788	7	0	그래, 그 느낌! 줄넘기는 20분만 해도 그 느낌을 받을 수 있다니까.	N	2022-06-17 00:48:52	2022-11-08 03:36:00
BE22001788	8	1	그런 면에서는 다른 운동보다 효율적이다. 나는 자기가 여러 운동을 꾸준히 하면서 즐거움을 찾는 모습이 참 보기 좋아. 몸도 정신도 건강해 보여.	N	2022-06-17 00:48:52	2022-11-08 03:36:00
BE22001788	9	0	맞아. 나처럼 몸과 정신이 같이 건강한 사람은 잘 없다고. 줄넘기를 꾸준히 한다면 앞으로 더 건강해질 것만 같아.	N	2022-06-17 00:48:52	2022-11-08 03:36:00
BE22001788	10	1	응. 나도 이렇게 좋아하는 거 보니 자기가 꾸준히 했으면 좋겠어. 혼자 하면 질릴지도 모르니까 나도 참여할게.	N	2022-06-17 00:48:52	2022-11-08 03:36:00
BE22001788	11	0	좋지. 특히 줄넘기는 장소를 구애받지 않는 운동이라는 게 제일 큰 장점 같아.	N	2022-06-17 00:48:52	2022-11-08 03:36:00
BE22001788	12	1	맞아. 집 주차장에서도 할 수 있으니까 말이야. 말 나온 김에 조만간 우리 집 주차장에서 한 번 같이 뛰어볼까?	N	2022-06-17 00:48:52	2022-11-08 03:36:00
BE22001788	13	0	그러자. 평일에 함께 운동도 하고 데이트도 하고 일석이조네.	N	2022-06-17 00:48:52	2022-11-08 03:36:00
BE22001788	14	1	정말 건강한 커플 같아. 자기 덕분에 나도 삶의 새로운 활력이 생기겠네.	N	2022-06-17 00:48:52	2022-11-08 03:36:00
BE22001788	15	0	나도 자기 덕분에 동기부여도 되고 좋아. 같이 파이팅 하자.	N	2022-06-17 00:48:52	2022-11-08 03:36:00
BE22001788	16	1	응. 내일부터 열심히 뛰어볼게.	Y	2022-06-17 00:48:52	2022-11-08 03:36:00
