id	utterance_id	utterance_type	utterance_text	terminate	regDate	updDate
BE22012443	1	0	퇴근길에 친구에게 선물 받은 책을 읽었는데 생각지도 못한 감동을 얻었어. 마음이 아주 좋네.	N	2022-07-29 08:35:00	2022-11-08 04:44:15
BE22012443	2	1	친구에게 받은 책이라니 특별한 의미일 것 같아. 기대보다도 훨씬 더 좋은 책이었나 보구나?	N	2022-07-29 08:35:00	2022-11-08 04:44:15
BE22012443	3	0	응. 받은 것도 잊고 있다가 별생각 없이 손에 잡히는 대로 챙긴 책이었거든. 휴대폰 배터리가 부족해서 아쉬운 대로 읽었는데 시간 가는 줄 모르고 읽었어. 꼭 네 잎 클로버를 발견한 기분이라 행복하다.	N	2022-07-29 08:35:00	2022-11-08 04:44:15
BE22012443	4	1	예상하지 못한 곳에서 감명을 얻는 일만큼 큰 행운도 없지. 네가 행복해 보이니 나도 마음이 좋다. 친구도 당신의 감상을 알면 분명 뿌듯할 거야.	N	2022-07-29 08:35:00	2022-11-08 04:44:15
BE22012443	5	0	우울했던 시기에 친구가 내 마음을 알고 선물해 준 책이거든. 그 시절 내 심정을 대변하는 문장도 있었어. 나에게 이런 말이 필요한 줄도 모르고 있었는데 큰 위로를 얻은 것 같아. 정말 기뻐.	N	2022-07-29 08:35:00	2022-11-08 04:44:15
BE22012443	6	1	나도 책을 읽다 보면 운명처럼 느껴지는 문장을 발견할 때가 있거든. 그때는 그 문장 하나에 사는 힘도 얻고 크게 행복해지더라. 힘들었던 시기를 통과했다는 게 실감도 나고 새삼 위안을 얻었겠구나.	N	2022-07-29 08:35:00	2022-11-08 04:44:15
BE22012443	7	0	정말 그래. 앞으로 더 열심히 살아갈 힘을 얻은 것 같아. 이 책은 몇 번이고 계속 읽게 될 것 같네.	N	2022-07-29 08:35:00	2022-11-08 04:44:15
BE22012443	8	1	정말 감명 깊게 읽은 것 같아 내 마음도 든든하다. 몇 번이고 읽어도 좋은 책을 발견하면 꼭 배가 부른 기분이 되잖아. 당신도 그런 심정일 것 같아.	N	2022-07-29 08:35:00	2022-11-08 04:44:15
BE22012443	9	0	하하하. 당신은 정말 표현을 찰떡같이 한다니까. 맞아, 나도 배가 고픈 줄도 모르고 만족스럽게 집에 도착했어.	N	2022-07-29 08:35:00	2022-11-08 04:44:15
BE22012443	10	1	당신이 그렇게까지 좋아하니까 나도 그 책이 궁금해진다. 친구가 선물해줬다니 조심스럽긴 하지만 나도 그 만족스러움을 느끼고 싶어. 나중에 만나면 빌려줄 수 있겠어?	N	2022-07-29 08:35:00	2022-11-08 04:44:15
BE22012443	11	0	물론이지. 친구도 당신까지 읽었다고 하면 더 좋아할 거야. 나는 앞으로 이 책을 쓴 작가의 다른 작품을 독파해볼까 봐. 얼마나 더 큰 감동이 기다리고 있을지, 설레고 기대된다.	N	2022-07-29 08:35:00	2022-11-08 04:44:15
BE22012443	12	1	역시 당신은 좋아하는 걸 발견하면 깊이 파고드는 부지런함이 있는 것 같아. 덕분에 늘 옆에서 좋은 영향만 받는다니까. 나도 그 성실함을 본받아서 독서를 좀 해봐야겠어.	N	2022-07-29 08:35:00	2022-11-08 04:44:15
BE22012443	13	0	칭찬해주니까 쑥스러운데 기분이 더 좋아진다. 당신과 대화하니까 오늘 하루가 비로소 완성되는 느낌이야.	N	2022-07-29 08:35:00	2022-11-08 04:44:15
BE22012443	14	1	영광인데? 나야말로 당신이 즐거워 보여서 내 마음도 덩달아 좋아졌는걸. 당신의 기쁨은 내 기쁨이나 마찬가지야.	N	2022-07-29 08:35:00	2022-11-08 04:44:16
BE22012443	15	0	그렇게 말해줘서 고마워. 당신과 만나는 나는 정말 복 받은 사람이라니까.	Y	2022-07-29 08:35:00	2022-11-08 04:44:16
