id	utterance_id	utterance_type	utterance_text	terminate	regDate	updDate
BE22008739	1	0	자기야. 나 지금 기분이 너무 좋은 거 있지?	N	2022-07-14 03:30:30	2022-11-08 04:20:37
BE22008739	2	1	오. 우리 자기 무슨 좋은 일이 있길래 이렇게 신나서 문자 하는 걸까?	N	2022-07-14 03:30:30	2022-11-08 04:20:37
BE22008739	3	0	응. 나 오늘부터 시 쓰기 강의 듣거든. 죽기 전에 시집 한 권 내는 게 내 버킷리스트 중 하나였어. 그 시작을 위한 한걸음을 내딛는 거지!	N	2022-07-14 03:30:30	2022-11-08 04:20:37
BE22008739	4	1	오 정말? 버킷리스트를 하나씩 해치워 갈 때마다 엄청 기분 좋잖아. 자기가 지금 기분이 엄청 신날 만하네!	N	2022-07-14 03:30:30	2022-11-08 04:20:37
BE22008739	5	0	응. 맨날 생각만 하다가 시간이 없어서 도전을 못 하고 있었는데 드디어 도전하게 됐어. 이직 준비하면서 시간이 생각보다 많이 남더라고. 시 쓰는 거 배워서 쓸 생각 하니까 나 너무 설레고 기분이 좋아!	N	2022-07-14 03:30:30	2022-11-08 04:20:37
BE22008739	6	1	크. 여유 있는 시간을 허투루 보내지 않고 알차게 보내려는 자기의 마음이 너무 기특하다.	N	2022-07-14 03:30:30	2022-11-08 04:20:37
BE22008739	7	0	그렇게 칭찬해주니까 몸 둘 바를 모르겠네! 시 쓰는 게 생각보다 어려워서 혼자 쓸 엄두도 못 내고 있었는데. 집 근처에 문화 센터에서 시 쓰기 강의가 열린다고 해서 얼마나 기쁜지 몰라.	N	2022-07-14 03:30:30	2022-11-08 04:20:37
BE22008739	8	1	혼자 할 수 없는 일을 도움받을 수 있는 기회가 생겼구나! 그거 정말 기쁜 일이지. 아무래도 제대로 배우면 더 잘 쓸 수 있는 거잖아.	N	2022-07-14 03:30:30	2022-11-08 04:20:37
BE22008739	9	0	맞아! 얼른 시 쓰는 거 배워서 글 쓰고 싶어. 몸이 막 근질근질한 거 있지? 나중에 내 시가 시집으로 나올 생각을 하니까 무척 설레.	N	2022-07-14 03:30:30	2022-11-08 04:20:37
BE22008739	10	1	자기가 내는 시집은 무조건 내가 첫 번째로 살 거야. 나도 그 생각하니까 가슴이 막 두근거린다.	N	2022-07-14 03:30:30	2022-11-08 04:20:37
BE22008739	11	0	후후. 자기도 나 따라서 기분 좋아하니까 내 기분이 더할 나위 없이 행복하다. 내 시는 당신의 영향을 받아서 사랑에 대한 시가 가득할 거야!	N	2022-07-14 03:30:30	2022-11-08 04:20:37
BE22008739	12	1	와. 나를 생각하면서 쓰는 시라고 생각하니까 진짜 가슴이 벅차오른다. 자기는 감수성이 풍부하니까 분명 훌륭한 시집이 될 거야. 내가 언제나 응원할게.	N	2022-07-14 03:30:30	2022-11-08 04:20:37
BE22008739	13	0	자기의 응원에 힘입어서 더 열심히 써야겠다! 안 그래도 기분 좋았는데 자기가 이렇게 칭찬해주고 응원해주니까 기분이 더 좋아!	N	2022-07-14 03:30:30	2022-11-08 04:20:37
BE22008739	14	1	나도 자기가 이렇게 신나고 행복해하는 모습 보니까 오늘 오전에 부장님 때문에 화났던 게 잊혀졌어! 기분이 오히려 좋아졌지 뭐야? 우리 자기 덕분이야. 고마워.	N	2022-07-14 03:30:30	2022-11-08 04:20:37
BE22008739	15	0	그렇게 말해주니까 더 좋네. 나 강의 듣고 나서 다시 문자 보낼게!	Y	2022-07-14 03:30:30	2022-11-08 04:20:37
