id	utterance_id	utterance_type	utterance_text	terminate	regDate	updDate
BE22013630	1	0	자기야, 나 드디어 오늘 3주 만에 기타 수업 다녀왔다? 오랜만에 가니까 정말 신나더라.	N	2022-08-09 11:47:58	2022-11-08 04:51:40
BE22013630	2	1	자기가 그동안 손가락을 다쳐서 통 기타를 못 쳤잖아. 오랜만에 기타학원에 가니까 기분 전환도 되고 여러모로 좋았겠는데?	N	2022-08-09 11:47:58	2022-11-08 04:51:40
BE22013630	3	0	완전히 좋았어. 학원에 가니까 선생님들이랑, 친구들이 나를 한마음 한뜻으로 기쁘게 반겨주셨어. 뭔가 내가 원래 있어야 할 곳으로 돌아간 안락한 느낌을 받았다고 해야 하나.	N	2022-08-09 11:47:58	2022-11-08 04:51:40
BE22013630	4	1	우리 자기가 정말 설레고 기분 좋았겠다. 오랜만에 기타 쳤는데 수업은 재미있었어? 자기가 워낙 기타를 좋아하니 이런 질문이 의미 없는 건 알지만, 그래도 알고 싶은걸.	N	2022-08-09 11:47:58	2022-11-08 04:51:40
BE22013630	5	0	너무나도 재밌었어. 내가 없는 사이 진도를 많이 나가긴 했지만, 금방 따라잡아서 수업에 합류할 수 있었어. 자기 말대로 2주만 쉬어도 될 걸 3주를 쉬니까 손가락이 완전 멀쩡해. 그래서 그런지 오히려 오랜만에 치는데도 더 잘 쳐지는 기분이었달까?	N	2022-08-09 11:47:58	2022-08-09 11:47:58
BE22013630	6	1	나는 자기가 기타 치는 모습이 그렇게 멋지더라. 자기의 그런 멋진 모습을 다시 볼 수 있다니 갑자기 설레는데. 자기의 그 보물 같은 손가락이 예상외로 금방 나아서 정말 다행이다.	N	2022-08-09 11:47:58	2022-11-08 04:51:40
BE22013630	7	0	그러게나 말이야. 오늘은 새로 나온 인기 팝송 반주를 기타로 쳤어. 오랜만에 가니까 새로운 수강생들도 많이 늘어나서 엄청 활력 있더라고.	N	2022-08-09 11:47:58	2022-08-09 11:47:58
BE22013630	8	1	역시 자기는 취미생활을 할 때 성격도 밝아지고 긍정적으로 바뀌는 것 같아. 자기가 그동안 기타를 못 쳐서 나도 내심 아쉬웠는데, 이제 좋은 날 시작이겠네.	N	2022-08-09 11:47:58	2022-11-08 04:51:40
BE22013630	9	0	얼른 전처럼 연습해서 자기한테 좋은 노래 들려줄게. 선생님이 나한테 3주나 쉬었는데도 실력이 녹슬지 않았다면서 칭찬해주셨어. 역시 내 실력은 어디 안 간다 이거지. 헤헤!	N	2022-08-09 11:47:58	2022-11-08 04:51:40
BE22013630	10	1	당연하지. 자기가 지금까지 쌓아온 실력이 어디 가겠어? 자기가 기타학원에 갈 때마다 항상 기분이 좋아 보이더라고. 그동안 못 친 만큼 더 많이 열심히 치면 좋겠다.	N	2022-08-09 11:47:58	2022-11-08 04:51:40
BE22013630	11	0	안 그래도 어제 학원에서 실컷 치고 왔어. 자기한테 들려줄 곡을 연습하는 중이야. 요즘 완전히 꽂힌 노래인데, 이 노래를 기타로 치고 싶어서 정말 며칠 동안이나 참았다니까.	N	2022-08-09 11:47:58	2022-11-08 04:51:40
BE22013630	12	1	역시 자기는 너무 로맨틱하다니까. 손가락 나은 지 얼마나 됐다고 나를 위해서 노래를 준비해?	N	2022-08-09 11:47:58	2022-11-08 04:51:40
BE22013630	13	0	기타 학원에 가서 기타를 치면서 자기 생각이 얼마나 많이 났는데. 아 정말, 3주 만에 기타수업에 가니까 감회가 너무 새롭다. 다시 초심으로 돌아가서 최선을 다해서 열심히 쳐 봐야겠어.	N	2022-08-09 11:47:58	2022-11-08 04:51:40
BE22013630	14	1	자기는 내가 본 사람 중에 기타도 가장 잘 치고, 꾸준하고 성실한 것 같아. 몇번만 쳐도 금방 기량도 회복하고 자신감도 많이 생길 것 같은걸? 자기의 멋진 무대 기대해도 될까?	N	2022-08-09 11:47:58	2022-11-08 04:51:40
BE22013630	15	0	당연하지. 우리는 언제나 행복과 기쁨을 나누는 사이잖아.	Y	2022-08-09 11:47:58	2022-08-09 11:47:58
