id	utterance_id	utterance_type	utterance_text	terminate	regDate	updDate
BE22008732	1	0	지난번 자기랑 맛집 소개 프로그램에서 본 곱도리탕으로 유명한 집이 우리 집 근처에 있더라.	N	2022-07-14 03:07:31	2022-11-08 04:20:34
BE22008732	2	1	연예인들이 진짜 맛있게 먹는 거 보고 자기도 반한 눈빛으로 보던데 잘됐다. 자기랑 같이 가서 맛있게 먹는 모습 보는 거 진짜 행복하겠다. 나는 자기 먹는 모습만 봐도 기분이 절로 좋아지거든.	N	2022-07-14 03:07:31	2022-11-08 04:20:34
BE22008732	3	0	나 진짜 그 음식 보고 너무 먹고 싶어서 혼이 나가는 줄 알았잖아. 근데 가게 리뷰 보니까 맛집으로 유명해서인지 엄청 오래 기다려야 한대. 기다리는 거 힘들 텐데 어쩌지.	N	2022-07-14 03:07:31	2022-11-08 04:20:34
BE22008732	4	1	우리 자기가 먹고 싶다면 달나라에도 다녀올 마음의 준비가 되어있어. 자기 소원이라는 데 몇 시간 기다려도 나는 좋아. 자기만 좋다면 나는 괜찮으니 시간 내서 같이 가자.	N	2022-07-14 03:07:31	2022-11-08 04:20:34
BE22008732	5	0	자기 국물 요리 별로 좋아하지 않으면서 그래도 되겠어? 게다가 더위에 기다리는 거 질색하잖아. 나야 자기가 같이 가주면 즐겁지만 자기 힘들까 걱정이야.	N	2022-07-14 03:07:31	2022-11-08 04:20:34
BE22008732	6	1	나도 자기랑 맛집 탐방하면서 그 즐거움을 알게 되었다고 그러니 괜찮아. 그리고 지난번 자기랑 부대찌개 먹었을 때 진한 국물 맛에 반해 버렸어. 자기로 인해 맛집 앞의 긴 줄의 정겨움을 깨닫게 되었으니 내 걱정은 하지 말아.	N	2022-07-14 03:07:31	2022-11-08 04:20:34
BE22008732	7	0	나만 기쁘고 신이 난 건가, 내심 걱정했는데 자기 마음이 그렇다고 하니 마음이 놓인다. 내가 듣기 원하던 말이어서 더 행복한 모양이야. 이것도 너무 나만 생각한 걸까.	N	2022-07-14 03:07:31	2022-11-08 04:20:34
BE22008732	8	1	자기랑 줄 서서 꽁냥꽁냥, 오순도순 대화 나누는 거 요즘 나에겐 크나큰 즐거움이 되었는걸. 게다가 상대방의 마음을 헤아려 주는 모습에서 배려한다는 기분이 들게 해. 그러니 함께 행복한 거니까 그런 생각은 말아.	N	2022-07-14 03:07:31	2022-11-08 04:20:34
BE22008732	9	0	이제 내 걱정도 해소되었으니 우리 맛집만 신나게 찾아다니면 되겠네. 야호 너무 행복해서 저 하늘의 구름에 손이 닿을 것 같아. 고마워.	N	2022-07-14 03:07:31	2022-11-08 04:20:34
BE22008732	10	1	자기와 함께하는 모든 일이 어쩜 이렇게 행복한지 모르겠다. 아마 이게 사랑의 힘이겠지. 내 곁에 있어 줘서 고마워.	N	2022-07-14 03:07:31	2022-11-08 04:20:34
BE22008732	11	0	꿀이 뚝뚝 떨어지는 자기 덕분에 내가 행복한 거지. 나의 취미인 맛집 벽돌 깨기에 동참해 줘서 하늘만큼 땅만큼 고마워.	N	2022-07-14 03:07:31	2022-11-08 04:20:34
BE22008732	12	1	자기도 내가 좋아하는 게임 인정해주고 함께 즐기려고 노력하는 거 보면 늘 감동이거든. 더구나 자기 덕에 맛집 탐방이라는 새로운 취미가 내게도 생긴 게 얼마나 큰 낙인데. 뭐든 같이 하는 우리여서 좋은 거지.	N	2022-07-14 03:07:31	2022-11-08 04:20:34
BE22008732	13	0	아 맞다, 우리 주말에 역 앞 곱도리탕 부수고 오랜만에 자기 좋아하는 게임 하러 가자. 주고받는 우리 사랑을 실천해야지.	N	2022-07-14 03:07:31	2022-11-08 04:20:34
BE22008732	14	1	오 어쩜 이렇게 기특한 생각을 하셨을까. 주말에 자기 덕에 나의 즐거운 취미 생활까지 챙길 수 있어 너무 좋아.	N	2022-07-14 03:07:31	2022-11-08 04:20:35
BE22008732	15	0	자기가 좋으면 나도 좋아. 이번 주말이 전에 없이 기다려진다. 야호.	Y	2022-07-14 03:07:31	2022-11-08 04:20:35
