id	utterance_id	utterance_type	utterance_text	terminate	regDate	updDate
BE22019093	1	0	자기야, 우리 회사 대표님이 나를 오른팔로 생각하시나 봐. 조금 부담되면서도 기뻐.	N	2022-09-20 07:32:36	2022-11-08 05:24:58
BE22019093	2	1	자기처럼 성실하고 일 잘하는 직원이라면 그렇게 생각하실 만하지. 자기 너무 기분 좋고 뿌듯하겠는걸?	N	2022-09-20 07:32:36	2022-11-08 05:24:58
BE22019093	3	0	맞아, 평소에도 중요한 결정을 하실 땐 항상 내 의견을 먼저 물어보시고 실행도 나에게 맡기시거든. 그러니까 나도 감사하고 회사에 대한 충성심이 생기는 것 같아.	N	2022-09-20 07:32:36	2022-09-20 07:32:36
BE22019093	4	1	회사원에게 그것보다 더 기분 좋은 동기 부여 방법이 있을까. 역시 자기는 어딜 가나 인정받고 믿음을 주는 것 같아서 나도 너무 뿌듯하고 자랑스러워. 자기도 지금보다 훨씬 더 자부심을 느끼고 자신감 가져도 좋을 것 같아.	N	2022-09-20 07:32:36	2022-11-08 05:24:58
BE22019093	5	0	오늘은 오늘 외부 고객사와 미팅을 했는데, 대표님이 심지어 나를 오른팔이라고 소개하시는 거야. 자기 말대로 자신감이 많이 생겼어.	N	2022-09-20 07:32:36	2022-11-08 05:24:59
BE22019093	6	1	자기가 그동안 잘 해 온 것들이 오늘 그 자리에서 딱 보상받는 그런 기분이었겠다. 칭찬은 고래도 춤추게 한다는 말이 있잖아. 그런 칭찬을 받으면 앞으로 자기의 역량이 더 빛이 날 것 같아.	N	2022-09-20 07:32:36	2022-11-08 05:24:59
BE22019093	7	0	자기도 나를 인정해주니까 기분이 더 좋아지네. 사실 앞으로 더 잘해야 한다는 부담감도 조금 있긴 했었거든.	N	2022-09-20 07:32:36	2022-11-08 05:24:59
BE22019093	8	1	그런데 적당한 긴장감을 느끼면 집중도 잘되고 몰랐던 잠재력도 발휘되잖아. 그래서 자기가 그렇게 일을 잘 할 수 있었나봐. 그리고 대표님이 믿어주시니까 너무 부담 갖지 말고 지금처럼 해오면 돼.	N	2022-09-20 07:32:36	2022-11-08 05:24:59
BE22019093	9	0	자기가 그렇게 말해주니 더 행복하고 자신감이 생겨. 회사 다니면서 이렇게 기쁜 날이 또 있을까 싶은 심정이야.	N	2022-09-20 07:32:36	2022-09-20 07:32:36
BE22019093	10	1	회사 생활이 항상 지금처럼 좋지만은 않을 수 있어. 그렇지만 힘들 때마다 지금의 이 감정과 기분을 기억한다면 자기에게 분명 큰 힘이 되어줄 거야.	N	2022-09-20 07:32:36	2022-11-08 05:24:59
BE22019093	11	0	앞으로 일할 때도 지금 이 기분을 꼭 기억할게. 나에게 정말 좋은 조언 해줘서 고마워.	N	2022-09-20 07:32:36	2022-11-08 05:24:59
BE22019093	12	1	자기가 기분 좋으니까 나도 비행기를 탄 것처럼 하늘을 나는 느낌이야. 우리 가족들에게도 자기 자랑 많이 해야겠어. 분명 부모님도 정말로 자랑스러워하실 생각을 하니 너무 기쁘고 만족스러워.	N	2022-09-20 07:32:36	2022-11-08 05:24:59
BE22019093	13	0	자기 말 들으니까 나 정말 마음도 편해지고 기분도 더 좋아졌어. 칭찬해주고 인정해줘서 너무 고마워.	N	2022-09-20 07:32:36	2022-09-20 07:32:36
BE22019093	14	1	고맙긴, 자기가 다 그동안 회사생활을 성실하게 잘한 덕분이지. 오늘은 기분 좋은 날이니까 맛있는 거 먹으러 가자.	Y	2022-09-20 07:32:36	2022-11-08 05:24:59
