id	utterance_id	utterance_type	utterance_text	terminate	regDate	updDate
BE22022965	1	0	자기야, 드디어 내가 이번에 전기차를 렌트했어. 시끄러운 경유차를 타다가 전기차 타니까 너무 조용하고 편하다. 소음에 시달리기 싫어서 전기차를 렌트한 건데, 너무 기쁘고 만족스러워!	N	2022-09-30 06:10:51	2022-09-30 06:10:51
BE22022965	2	1	그동안 소음 때문에 자기가 많이 고생했는데, 너무 좋겠다! 차 소음 때문에 신경이 예민해질 정도였다고 했던 것 같은데, 만족스럽다니 다행이야. 이제 편안하게 드라이브할 수 있겠어!	N	2022-09-30 06:10:51	2022-11-08 05:51:37
BE22022965	3	0	맞아, 그동안 내가 시끄러운 차 타면서 고생 많이 했지. 그래도 오래 탄 차라서 정이 많이 들었는데, 전기차 렌트해 보니까 생각이 바뀌었어. 조용한 차를 운전해보니까 기쁘고 편안한 마음이 들어서, 마음을 잘 정리할 수 있을 것 같아.	N	2022-09-30 06:10:51	2022-11-08 05:51:37
BE22022965	4	1	자기가 그동안 고민했던 것을 옆에서 지켜본 입장에서, 마음이 놓인다. 예전 차를 정리할 때 조금 속상하긴 하겠지만, 내가 옆에서 함께 할테니까 걱정하지 마. 자기의 새로운 시작을 지켜보는 것 같아서 나도 마음이 벅차고 기뻐.	N	2022-09-30 06:10:51	2022-11-08 05:51:37
BE22022965	5	0	응, 아버지께서 물려주신 차여서 처분하기까지 너무 고민이 많았던 것 같아. 하지만 전기차 렌트하고 장점을 아버지한테 말씀드리고 나니까 아버지도 이제는 차를 바꾸라고 허락을 해주셨어. 가족들도 만족하는 것 같아서 기쁜 마음이야.	N	2022-09-30 06:10:51	2022-09-30 06:10:51
BE22022965	6	1	가족들과 함께 기쁨을 나눌 수 있다니, 자기의 가정에 평안이 깃든 것 같아서 마음이 좋아. 렌트를 마치고 새로 전기차를 장만하게 된다면 가족들도 모두 자기를 대견하고 기특하게 여길 거야. 역시 먼저 렌트를 해보겠다고 결정한 것이 정말 현명하고 옳은 일이었다!	N	2022-09-30 06:10:51	2022-11-08 05:51:37
BE22022965	7	0	처음으로 내가 마련한 돈으로 차를 사게 될 텐데, 내 마음도 너무 뿌듯해. 내가 어른으로 성장한 것만 같은 기분이 든달까. 아직은 렌트차를 타고 있지만, 이제 이 차랑 같은 기종을 마련할 거라는 생각에 기분이 좋아.	N	2022-09-30 06:10:51	2022-09-30 06:10:51
BE22022965	8	1	내가 자기를 키운 것도 아닌데 자기가 너무 대견하고 자랑스러워. 앞으로 좋은 차를 타고 다니면서 자존감도 올라가고 더 당당하게 살 자기를 떠올리게 돼. 앞으로 좋은 일만 있을 거라고 내가 확신하고, 응원할게!	N	2022-09-30 06:10:51	2022-11-08 05:51:37
BE22022965	9	0	고마워, 자기랑 이 기쁨을 나눌 수 있다는 사실에 감사해. 앞으로 조용한 차를 타고 다니면서 업무 전화도 잘 받게 되었거든. 직업적으로도 입지를 굳힐 거라는 생각에 기쁘고 기대가 돼.	N	2022-09-30 06:10:51	2022-09-30 06:10:51
BE22022965	10	1	통화할 때 전에 타던 차가 너무 시끄러워서 힘들다고 했던 것 같은데, 그동안 잘 견뎌왔어. 자기가 그런 힘든 시간을 견뎠기 때문에 지금처럼 달달한 열매 같은 순간을 맞이한 것 같아. 그동안 정말 고생 많았고, 수고했어.	N	2022-09-30 06:10:51	2022-11-08 05:51:37
BE22022965	11	0	내가 고생한 것까지 알아주는 자기한테 정말 감동이다. 이런 사소한 일들은 자기밖에 모를 거야. 내 마음을 알아줘서 고마워.	N	2022-09-30 06:10:51	2022-09-30 06:10:51
BE22022965	12	1	나는 언제나 자기의 편이니까. 기쁜 일이든 힘든 일이든 나한테 말해. 오늘 같이 기쁜 일을 공유할 때는 나도 하루 종일 기분이 좋거든.	N	2022-09-30 06:10:51	2022-11-08 05:51:37
BE22022965	13	0	자기 덕분에 어쩌면 사소할 수 있는 기쁜 일도 더 커진 것 같아. 전기차 렌트 끝나고 나중에 내 차를 마련하면 그때 또 나랑 같이 기뻐해 줄 거지? 그때는 가족들끼리 파티도 할 것 같아.	N	2022-09-30 06:10:51	2022-11-08 05:51:37
BE22022965	14	1	당연하지, 그때 꼭 나한테 알려줘. 내가 같이 기뻐하고, 축하해줄게. 그날까지 안전운전하는 거 잊지 말고.	N	2022-09-30 06:10:51	2022-09-30 06:10:51
BE22022965	15	0	그래, 걱정해줘서 고마워. 다음에 또 연락할게.	Y	2022-09-30 06:10:51	2022-09-30 06:10:51
