id	utterance_id	utterance_type	utterance_text	terminate	regDate	updDate
BE22017357	1	0	자기, 이제 올해도 거의 다 끝나가잖아. 그래서 내가 올해 세운 목표를 다시 한번 돌아봤는데 몇 개 빼고 다 이뤘더라고! 이번 연도는 보람차게 산 것 같아서 너무 기뻐!	N	2022-09-07 06:54:02	2022-11-08 05:14:51
BE22017357	2	1	문자 보니까 자기가 하루하루를 알차고 재미나게 보낸 것 같아서 나 역시 좋은걸! 자기, 올해는 별 탈 없이 보낸 것 같아서 참 다행이야! 아무래도 목표를 달성하면 뿌듯할 수밖에 없지!	N	2022-09-07 06:54:02	2022-11-08 05:14:51
BE22017357	3	0	응, 내가 사실 작년에는 대학 성적도 안 좋게 받고 그랬잖아. 생각해보니까 목표 없이 살아서 그런 것 같더라고. 그래서 올해는 연초부터 목표를 세웠는데 덕분에 열심히 살 수 있었던 것 같아!	N	2022-09-07 06:54:02	2022-09-07 06:54:02
BE22017357	4	1	그렇게 본인을 되돌아보고 바로 잡는 모습이 참 대단한 것 같아. 나였으면 어영부영 똑같이 살았을 텐데 말이야. 삶을 살아가는 태도도 바로 고치기 어려웠을 텐데, 자기 정말 고생 많았어!	N	2022-09-07 06:54:02	2022-11-08 05:14:51
BE22017357	5	0	진짜 나 자신이 자랑스럽고 기뻐. 사실 초반에는 그냥 평소처럼 살까 빈둥거리게 됐는데 그래도 포기하지 않고 하니까 해내네! 나 올해 못 이룬 나머지 목표들은 내년에는 꼭 이뤄보려고!	N	2022-09-07 06:54:02	2022-11-08 05:14:51
BE22017357	6	1	마음가짐 정말 대단한걸! 그걸 해낸 자기가 정말 자랑스러워. 쉽지 않았을 텐데 포기하지 않고 노력한 자기가 멋져 보여.	N	2022-09-07 06:54:02	2022-11-08 05:14:51
BE22017357	7	0	내가 해낼 수 있었던 건 자기 도움도 있었기에 가능했던 거야! 내가 이번에 한식 자격증 시험공부를 하다가 힘들어지면 옆에서 위로해줬잖아. 그래서 이렇게 목표한 것들을 대부분 이룰 수 있었던 것 같아!	N	2022-09-07 06:54:02	2022-11-08 05:14:52
BE22017357	8	1	나도 도움이 되었단 사실에 너무 기뻐. 그래도 그게 다 자기의 인내심과 끈기 덕분에 이룬 성과인 거야! 이런 사람이 나의 애인이란 게 왠지 모르게 벅차오르고 그렇네!	N	2022-09-07 06:54:02	2022-11-08 05:14:52
BE22017357	9	0	자기가 그렇게 말하니까 몸 둘 바를 모르겠지만, 기분은 좋네. 이렇게 목표를 달성하니까 한층 더 성장한 기분이라서 너무 보람찬걸. 다시는 예전처럼 게으르게 살지는 않고 계속 이렇게 전진해야지!	N	2022-09-07 06:54:02	2022-11-08 05:14:52
BE22017357	10	1	벌써 성공으로 가득 찬 자기의 미래 모습이 그려져! 내년에는 어떤 목표들을 세울지 너무 궁금해지는걸?	N	2022-09-07 06:54:02	2022-11-08 05:14:52
BE22017357	11	0	이번에 한식 자격증 하나 땄으니까 내년에는 직접 가게에서 요리사로 일해보려고! 아르바이트로 간단하게 구할 수 있는 데가 있을 거야. 6개월 이상은 배우는 걸 목표로 삼았어!	N	2022-09-07 06:54:02	2022-11-08 05:14:52
BE22017357	12	1	이렇게 미리 내년까지 계획한 걸 보니까 너무 존경스러워. 자기 그렇게 하는 거 보니까 나도 열의가 차올라. 자기만큼 나도 열심히 살아봐야겠어!	N	2022-09-07 06:54:02	2022-11-08 05:14:52
BE22017357	13	0	내가 좋은 영향을 줬다는 사실에 즐거워지네. 우리 그럼 내년도 잘 해보자!	N	2022-09-07 06:54:02	2022-09-07 06:54:02
BE22017357	14	1	응, 올해도 하루하루 열심히 산다고 고생 많았어. 가끔은 쉬어가면서 체력 보충하기를 바랄게!	N	2022-09-07 06:54:02	2022-11-08 05:14:52
BE22017357	15	0	응, 내년에도 잘 부탁해!	Y	2022-09-07 06:54:02	2022-09-07 06:54:02
