id	utterance_id	utterance_type	utterance_text	terminate	regDate	updDate
BE22023442	1	0	작년, 생일 선물로 받았던 걸 까맣게 잊고 있다가 유효기간이 임박한 기프티콘들을 발견했어. 안 그래도 요즘, 생활비가 부족했는데 인터넷으로 조금 싸게 팔 수 있을 거 같아 다행이야. 예기치 못한 선물을 잔뜩 받은 기분이라 기뻐.	N	2022-10-02 13:42:34	2022-10-02 13:42:34
BE22023442	2	1	이 말을 들으니, 정말 네가 선물을 두 번 받은 것처럼 좋을 거 같아. 이런 것들이 행운이라 느껴질 거 같아. 너에게 도움이 되는 일들이 있다니 나도 기쁘다.	N	2022-10-02 13:42:34	2022-11-08 05:54:25
BE22023442	3	0	원래는 기프티콘을 받으면 쓸 데가 없어서 아쉬웠어. 하지만 친구가 기프티콘을 팔 수도 있다고 알려줬어. 그래서 그 뒤로는 생활비에 보탬이 되고 있어.	N	2022-10-02 13:42:34	2022-10-02 13:42:34
BE22023442	4	1	정말, 네가 구사일생의 기분일 거 같아. 한 가지 방법이 아니라 다른 사용법을 알아내는 것이 똑똑하고 뛰어나다고 생각해. 굉장히 생활력이 있는 너의 모습이 항상 대단하다고 느껴.	N	2022-10-02 13:42:34	2022-11-08 05:54:25
BE22023442	5	0	맞아, 내가 생활력이 없었다면 정말 힘들었을 거야. 독립하고 월세와 생활비를 모두 내가 감당하게 되기까지 얼마나 어려웠는지 몰라. 지금 내가 나 스스로를 온전히 책임질 수 있다는 게 뿌듯해.	N	2022-10-02 13:42:34	2022-11-08 05:54:25
BE22023442	6	1	진짜, 내 연인이지만 존경스러운 모습이야. 자기의 인생을 온전히 책임진다는 게 살아가면 해 나갈 어려운 과제잖아. 자기는 그 과제를 남들보다 훌륭히 해나가는 사람이라 너무 멋져.	N	2022-10-02 13:42:34	2022-11-08 05:54:25
BE22023442	7	0	이번에 기프티콘을 다 팔고 나면 사고 싶었던 제습기를 살 수 있어. 기프티콘까지 하나하나 모아 꼭 필요했던 물건을 사는 나 자신이 대견해. 나 정말 잘했지?	N	2022-10-02 13:42:34	2022-11-08 05:54:25
BE22023442	8	1	맞아, 너무 잘했어. 내가 아는 사람 중에 가장 대견해. 스스로를 대견해하는 모습이 나도 너무 즐거워 보이고 본받고 싶은 모습이야.	N	2022-10-02 13:42:34	2022-11-08 05:54:26
BE22023442	9	0	부모님도 처음엔 내가 독립하는 걸 걱정스러워하셨어. 하지만 내가 훌륭히 내 몫을 하는 걸 보시고 자랑스러워하셔. 부모님께도 믿음직스러운 자식이 된 것 같아 행복해.	N	2022-10-02 13:42:34	2022-10-02 13:42:34
BE22023442	10	1	그렇지, 우리 자기만큼 믿음직스러운 사람 보기 힘들지. 부모님께서도 많이 인정 해주시는 거 보면 정말 놀라워. 그 어려운 인정을 자기의 삶의 모습으로 납득시켜드린 거니 아주 대단해.	N	2022-10-02 13:42:34	2022-11-08 05:54:26
BE22023442	11	0	기프티콘을 줬던 친구들도 분명 그 선물이 어떤 방식으로든 도움이 되길 바랐을 거야. 친구들이 돈을 모아 제습기를 사 준 것이나 다름없어. 나를 도와주는 친구들이 있어 정말 든든해.	N	2022-10-02 13:42:34	2022-10-02 13:42:34
BE22023442	12	1	맞아, 자기가 항상 자랑하는 친구들도 멋지다고 생각해. 그만한 소중한 우정 만들어낸 자기가 또 대단해. 이렇게 즐거운 일들 만들어갈 관계를 이어 나가는 모습 놀랍고 멋지다고 말해주고 싶어.	N	2022-10-02 13:42:34	2022-11-08 05:54:26
BE22023442	13	0	고마워, 항상 응원해주는 자기가 있어서 내가 더 안정적으로 생활할 수 있어. 나를 믿어주고 지지해줘서 정말 고마워. 자기도 아주 멋있어.	N	2022-10-02 13:42:34	2022-11-08 05:54:26
BE22023442	14	1	자기를 응원하는 건 그만한 자기의 노력이 있기 때문이라는 거 기억해 줘. 이렇게 멋진 자기와 내가 함께 할 수 있어서 나도 항상 감사하고 고마워. 우리 앞으로도 어려운 일들 기쁜 일들 함께 하며 살아가 보자.	Y	2022-10-02 13:42:34	2022-11-08 05:54:26
