id	utterance_id	utterance_type	utterance_text	terminate	regDate	updDate
BE22017625	1	0	자기야, 나 이번에 학회 발표에 참석하기로 했어. 나 너무 마음이 들뜨는 거 같아.	N	2022-09-09 07:15:31	2022-09-09 07:15:31
BE22017625	2	1	정말, 자기가 이렇게 학회 발표를 하게 될 날이 올 거라고 생각했어. 자기가 항상 바라고 소망하던 일이었잖아. 그 꿈을 이루는 거 같아서 기쁠 거 같아.	N	2022-09-09 07:15:31	2022-11-08 05:16:32
BE22017625	3	0	맞아, 나 그동안 열심히 했어. 내 연구 분야에서 뒤처지지 않을 만큼. 그 결실을 이제 볼 수 있게 되어서 너무 행복해.	N	2022-09-09 07:15:31	2022-11-08 05:16:32
BE22017625	4	1	자기야말로 그만한 자리에 어울릴 사람이야. 여기에선 우리나라에서 가장 권위 있는 사람들만 오는 곳이잖아. 내가 당신이 대학 때부터 연구하던 모습을 봐 온 사람이니까 정말 자신 있게 얘기할 수 있어.	N	2022-09-09 07:15:31	2022-11-08 05:16:32
BE22017625	5	0	맞아, 내가 대학교 1학년 때부터 한 우물만 파서 20년 동안 포기하지 않았어. 나는 이 분야에 대한 확신이 있었거든, 하지만 포기하고 싶을 때도 있었어. 그러나 그 결실이 바로 이 순간 맺게 되니 인생 최고의 감동이야.	N	2022-09-09 07:15:31	2022-11-08 05:16:32
BE22017625	6	1	맞아, 한가지 길을 간다는 것이 정말 어려운 일인 거 같아. 누구도 알아주지 않는 거 같고 위태로워 보이는 경험들 많이 느꼈을 거 같아. 그렇지만 담대하고 용기 있게 나아간 자기의 모습이 있으니 지금의 결과가 있는 거야.	N	2022-09-09 07:15:31	2022-11-08 05:16:33
BE22017625	7	0	나는 이 연구를 계속하는 것이 너무나도 흥미로웠어. 그리고 나의 인생의 충족감을 주는 일이야. 다만 한가지 학회에 발을 딛지 못해 어려웠는데 그 소원을 이루게 되어 즐거움이 가득해.	N	2022-09-09 07:15:31	2022-09-09 07:15:31
BE22017625	8	1	맞아, 자기가 하는 일에 대한 만족도가 높아 보였어. 다만 학회에 인정받지 못해서 어려운 일들 있었잖아. 이제 그 어려움들도 없어졌으니 자기의 마음이 한결 가벼워졌을 거 같아.	N	2022-09-09 07:15:31	2022-11-08 05:16:33
BE22017625	9	0	맞아, 이제 학회발표에 참여하게 되었으니, 다음에는 국제학술대회에 참가할 거야. 나는 전 세계적인 학자로서 인정받고 싶어. 내가 잘하는 일을 전 세계를 통해 확인하고 알리고 싶어.	N	2022-09-09 07:15:31	2022-11-08 05:16:33
BE22017625	10	1	자기는 정말 큰 사람이다. 내가 자기의 연인이라는 게 자랑스러워. 그 큰 꿈의 크기가 자기의 마음의 크기 같아서 너무 행복해.	N	2022-09-09 07:15:31	2022-11-08 05:16:33
BE22017625	11	0	인정받는 순간이 있으니까 내가 가는 길이 틀리지 않았다는 것을 확인받게 돼. 그 삶이 나의 존재를 증명시켜줘. 그 기분은 이루 말할 수 없을 만큼 만족스러운 일이야.	N	2022-09-09 07:15:31	2022-11-08 05:16:33
BE22017625	12	1	자기의 그 만족감이 삶에서 계속 이어져 나가길 응원하고 싶어. 자기는 분명 국내 학술대회도 국제학술대회도 성공적으로 마무리할 거야. 자기가 꿈꾸는 세상이 멋지고 나도 그 세상과 함께하고 싶어.	N	2022-09-09 07:15:31	2022-11-08 05:16:33
BE22017625	13	0	자기야, 표현이 멋진 것 같아. 그 세상에 초대할게. 얘기 나눠줘서 고마워.	N	2022-09-09 07:15:31	2022-09-09 07:15:31
BE22017625	14	1	나도 자기가 가장 기쁜 일들 이렇게 말해줘서 고마워. 그 기쁨 나도 나눠 가져서 너무나도 큰 힘을 받았어. 내가 가장 잘한 일은 자기 같은 사람을 만난 거야.	Y	2022-09-09 07:15:31	2022-11-08 05:16:33
