id	utterance_id	utterance_type	utterance_text	terminate	regDate	updDate
BE22006642	1	0	자기야. 나 오늘 교생실습 마지막 날이었잖아. 가르친 아기들이 손편지를 써서 주는 거 있지?	N	2022-07-06 13:15:37	2022-11-08 04:07:13
BE22006642	2	1	어머. 엄청 열심히 한 달 동안 참여하더니 손편지를 다 받고. 진짜 감동이었겠다!	N	2022-07-06 13:15:37	2022-11-08 04:07:13
BE22006642	3	0	응. 나 진짜 아침부터 눈물 계속 흘리고 다닌 것 같아. 너무 감동적이고 아기들한테 고마워서.	N	2022-07-06 13:15:37	2022-11-08 04:07:13
BE22006642	4	1	그치. 학교다니고 공부하느라 바쁜 아이들이 얼마나 자기한테 고마운 마음이 컸으면 그런 준비를 했을지. 나였어도 정말 눈물 많이 흘렸을 것 같아. 너무 감동이었을 것 같다 나도 살짝 울컥할 지경이야.	N	2022-07-06 13:15:37	2022-11-08 04:07:13
BE22006642	5	0	그치! 두고두고 생각해도 너무 감격스러운 일로 기억될 것 같아 오늘 하루는.	N	2022-07-06 13:15:37	2022-11-08 04:07:13
BE22006642	6	1	매일 밤마다 새로운 지도안을 쓰고 고생하느라 너무 수고 많았어 자기야. 학교 과제까지 쉬지 않고 달려오느라 너무 고생했을 텐데. 이렇게 좋은 마무리하게 되어 내 마음도 같이 뿌듯해진다 축하해.	N	2022-07-06 13:15:37	2022-11-08 04:07:13
BE22006642	7	0	고마워. 이렇게 옆에서 응원해주고 내 어려움 같이 느끼고 위로해주는 덕분에 무사히 한 달 보낼 수 있었어. 고마워 정말로.	N	2022-07-06 13:15:37	2022-11-08 04:07:13
BE22006642	8	1	나는 옆에서 긍정적으로 하루하루 열심히 이겨내는 자기 모습에 또 한 번 반하며 응원했을 뿐인걸? 그런데 이렇게 좋게 말해주다니 역시 자기는 말도 참 예쁘게 하는 것 같아. 학생들한테도 이렇게 다정하게 대해줬을 테니 얼마나 자기가 기억에 오래 남을지 예상이 간다, 정말!	N	2022-07-06 13:15:37	2022-11-08 04:07:13
BE22006642	9	0	그런가? 아직 너무 어린아이들이라 보살펴 줄 것들이 한두 개가 아니더라고. 그래도 그 힘듦 다 이겨낼 수 있었던 건 바로. 오늘처럼 아이들이 내 어려움을 알아차려 주었을 때였던 것 같아.	N	2022-07-06 13:15:37	2022-11-08 04:07:13
BE22006642	10	1	맞지. 자기 말대로 힘들게 생활하더라도 보람 있을 때 그 일의 성취감을 제대로 느낄 수 있지! 역시. 무슨 일을 하든 똑부러지게 하는 자기는 이번에도 보람 많이 느끼고 행복하게 한 달 보내고 왔음이 느껴지네.	N	2022-07-06 13:15:37	2022-11-08 04:07:13
BE22006642	11	0	맞아. 하루하루 매일이 모두 뿌듯함과 행복함의 연속이었어. 자기가 힘들 때마다 응원해주고 오늘처럼 손편지 받아 기뻐할 때도 함께 기뻐해 줘서 말이야. 진짜 아이들을 사랑하는 마음이 가득 생긴 한 달이었던 것 같아.	N	2022-07-06 13:15:37	2022-11-08 04:07:13
BE22006642	12	1	그래? 다행이다. 내가 곁에 있어서 도움이 되었다니 정말 다행인걸? 자기는 아이들 사랑하는 마음을 담아 진심으로 가르치는 선생님이니까 꼭 훌륭한 선생님이 될 거야. 난 분명 확신해!	N	2022-07-06 13:15:37	2022-11-08 04:07:13
BE22006642	13	0	선생님이라는 꿈에 한껏 다가갔는데 아이들이 주는 손편지에 감동을 받고 자기도 응원해주니 진짜 감동이야. 힘내서 열심히 시험준비해서 이번 년도에 꼭 붙어볼게!	N	2022-07-06 13:15:37	2022-11-08 04:07:13
BE22006642	14	1	응! 아이들 손편지에 힘입어 더 좋은 에너지 많이 받아서 시험까지 잘 보면 말이야. 자기한테 더할 나위 없이 행복한 한 해가 되겠다! 내가 지금보다 더 열심히 곁에서 응원해줄게!	N	2022-07-06 13:15:37	2022-11-08 04:07:13
BE22006642	15	0	응 고마워! 힘들 때, 오늘처럼 기쁠 때 항상 함께해 줘서. 그리고 기쁨을 두 배, 세 배로 만들어 나에게 행복함을 가득 안겨 주어서. 그럼 이번 주말에 보자!	Y	2022-07-06 13:15:37	2022-11-08 04:07:13
