id	utterance_id	utterance_type	utterance_text	terminate	regDate	updDate
BE22015347	1	0	자기야, 나 오늘 자동차 계약하고 왔어. 완전 기분 최고야.	N	2022-08-23 08:35:53	2022-08-23 08:35:53
BE22015347	2	1	자기야! 자동차 계약이라니, 갑자기 그게 무슨 소식이야? 나한테 비밀로 할 정도로 아주 은밀한 작전이구나. 얼른 알려줘.	N	2022-08-23 08:35:53	2022-08-23 08:35:53
BE22015347	3	0	아버지의 환갑 선물로 자동차를 사드렸거든. 자기 말대로 우리 가족 아무도 모르는 은밀한 나만의 비밀 효도 작전이었지. 오늘 아버지랑 어머니 모시고 가서 자동차 계약해드리고 왔어.	N	2022-08-23 08:35:53	2022-08-23 08:35:53
BE22015347	4	1	와, 진짜 자기는 최고의 딸이다. 하긴, 능력이 워낙 출중하니까 그런 선물도 해드릴 수 있는 거겠지. 오늘 정말 큰 효도 해냈다 자기.	N	2022-08-23 08:35:53	2022-11-08 05:02:31
BE22015347	5	0	엄마랑 아빠 둘 다 아무런 눈치도 못 채시다가 자동차가 보이니까 그때부터 웃음을 못 숨기시더라고. 연신 진짜냐고 묻는 아버지가 진짜 기분 좋아 보이셨어. 원하는 자동차 딱 계약해드리고, 일시불로 계산도 완료했어. 너무 행복해.	N	2022-08-23 08:35:53	2022-11-08 05:02:31
BE22015347	6	1	아버지 입장에서는 정말 꿈만 같은 선물이겠는걸. 자기가 오랫동안 일 때문에 부모님 못 뵈었다가 오랜만에 봐서 기분 더 좋겠다. 오늘 같은 날은 정말 달력이나 다이어리에 꼭 기록해둬야 해.	N	2022-08-23 08:35:53	2022-11-08 05:02:31
BE22015347	7	0	아버지가 정말 기분 좋아하셔서 너무 뿌듯했어. 우리 아버지가 고생을 되게 많이 하셨었는데 세월이 이렇게나 빨리 지나 환갑이라니. 이제라도 제대로 된 딸 노릇을 할 수 있어서 정말 행복했어.	N	2022-08-23 08:35:53	2022-11-08 05:02:31
BE22015347	8	1	자기야, 꼭 금전적인 효도가 아니라도 자기의 존재 자체가 정말 고귀한걸. 이미 이렇게 훌륭하게 자라준 것만으로도 엄청나게 자기가 효도한 거야. 오늘 우리 자기 기분 진짜 좋겠다.	N	2022-08-23 08:35:53	2022-11-08 05:02:31
BE22015347	9	0	새 차를 사니까 뭔가 내 마음이 몽글몽글해지더라. 앞으로도 우리 아빠가 오늘처럼 행복한 날만 가득했으면 좋겠어.	N	2022-08-23 08:35:53	2022-11-08 05:02:31
BE22015347	10	1	네 덕분에 부모님도 정말 행복하셨겠다. 자기야, 이제는 일이 마무리된 만큼 자기와 자기 가족에게도 좋은 일들만 생길 거야. 이제부터 행복 시작 아닐까?	N	2022-08-23 08:35:53	2022-11-08 05:02:31
BE22015347	11	0	자기 말이 맞아. 조만간 아버지한테 사드린 차 타고 부모님이랑 나들이 가기로 했어. 그토록 그리웠던 집에 돌아오니까 정말 종일 행복하고 너무 벅차고 그러네.	N	2022-08-23 08:35:53	2022-11-08 05:02:31
BE22015347	12	1	그 어느 곳보다 너에게 안정을 주는 곳이잖아. 부모님이랑 나들이도 분명 환상적일 거야. 이게 다 우리 자기가 열심히 일하고 노력한 덕분이고 자기만의 능력으로 일구어낸 행복일 거야. 누렸으면 좋겠어.	N	2022-08-23 08:35:53	2022-11-08 05:02:31
BE22015347	13	0	자기 말대로 이 행복을 아낌없이 마음속에 꼭꼭 저장하려고. 아버지 환갑 선물로 자동차를 사드린 게 여기저기 소문나서 이모랑 사촌들이 엄청나게 칭찬해주더라. 어깨 으쓱해지던데.	N	2022-08-23 08:35:53	2022-11-08 05:02:31
BE22015347	14	1	다들 네가 정말 대단하다고 생각할걸? 나도 네가 정말 최고의 딸이라고 생각해. 생각도 바르고, 행동도 이쁘고 부모님 입장에서는 완전 복덩이일걸.	N	2022-08-23 08:35:53	2022-11-08 05:02:31
BE22015347	15	0	자기야, 너무 칭찬해주니까 부끄럽다. 자기 일도 아닌데 같이 즐거워해 줘서 정말 고마워.	Y	2022-08-23 08:35:53	2022-11-08 05:02:31
