id	utterance_id	utterance_type	utterance_text	terminate	regDate	updDate
BE22009890	1	0	나 진짜 전생에 무슨 덕을 쌓았는지 모르겠어.	N	2022-07-18 09:43:34	2022-11-08 04:28:06
BE22009890	2	1	언제 그런 마음이 들었니?	N	2022-07-18 09:43:34	2022-11-08 04:28:06
BE22009890	3	0	오늘 발을 삐어서 힘들었어. 그런데 친구가 가방도 들어주고 부축도 해주고 학식도 받아 와주고 진짜 많은 도움을 주는 거야. 그래서 몸은 힘들었지만 마음은 정말 따듯했어.	N	2022-07-18 09:43:34	2022-11-08 04:28:06
BE22009890	4	1	예상치 못한 고난이었지만 너를 챙겨주는 사람이 있어서 정말 행복했겠다. 힘들 때 곁에 남는 게 진정한 친구라고 하잖아. 그 친구에게 그런 마음을 물씬 느꼈겠는데?	N	2022-07-18 09:43:34	2022-11-08 04:28:06
BE22009890	5	0	응, 다른 친구들은 괜찮냐고 물어보는 수준이었다면 이 친구만큼은 다르더라고. 내가 불편하지 않을까 연신 물어봐 주고 옆에서 안절부절못하더라니까? 그래서 기분이 한결 좋아지면서 너무 고맙더라고.	N	2022-07-18 09:43:34	2022-11-08 04:28:06
BE22009890	6	1	그 정도면 그 친구가 정말 너를 아끼나 보다. 그런 마음을 새삼 깨닫게 되었으니 나라도 기분 좋을 것 같아. 나를 위해주는 친구에 대해 정말 감사하는 마음으로 온종일 마음이 든든했겠다.	N	2022-07-18 09:43:34	2022-11-08 04:28:06
BE22009890	7	0	응, 지금은 병원 다녀와서 괜찮아졌는데도 아프지 않냐면서 연락이 계속 오는 거 있지? 오늘의 이 따뜻함은 평생 잊지 못할 것 같아.	N	2022-07-18 09:43:34	2022-11-08 04:28:06
BE22009890	8	1	나라도 아플 때 손발 벗고 나서는 친구가 있다면 그런 마음이 들 것 같아. 네가 아프다고 해서 나도 마음 불편할 뻔했는데 네가 기분이 좋아 보여서 나도 기분이 좋아지네. 그 친구에게 선물이라도 해주고 싶은 마음이야.	N	2022-07-18 09:43:34	2022-11-08 04:28:06
BE22009890	9	0	그건 걱정 마, 이미 그 친구에게 뭐 해줄까 구상을 끝냈어. 내 은인이나 다름없는데 극진히 대접할 거야!	N	2022-07-18 09:43:34	2022-11-08 04:28:06
BE22009890	10	1	와 역시 내 애인이다. 누군가는 당연하게 여겼을지도 모를 선의에 이렇게 보답까지 완벽하게 생각하다니. 그런 마음을 그냥 지나치지 않고 귀하게 여기는 너의 모습이 정말 자랑스러워.	N	2022-07-18 09:43:34	2022-11-08 04:28:06
BE22009890	11	0	이게 나에게는 당연해서 그래. 그 사람의 마음이 너무나 나에게 소중하니까. 오늘 내 기분이 다리가 아픔에도 불구하고 좋을 수밖에 없었으니 보답해야지.	N	2022-07-18 09:43:34	2022-11-08 04:28:06
BE22009890	12	1	다시 한번 그 친구에게 감사하다. 다쳤을 때 곁에 누가 없으면 서러운데 잘 챙겨주어서 네 기분이 이렇게 좋으니 말이야.	N	2022-07-18 09:43:34	2022-11-08 04:28:06
BE22009890	13	0	정말 그 친구에게 두고두고 잘해줄 거야. 오늘 정말 큰 감동을 받았어. 그리고 이렇게 내 마음 찰떡같이 잘 알아주는 너도 있어서 나는 더 행복하네.	N	2022-07-18 09:43:34	2022-11-08 04:28:06
BE22009890	14	1	나야 이야기 들어 주기만 했는데. 너 다 낳을 때까지는 내가 옆에서 잘 보살펴 줄게!	Y	2022-07-18 09:43:34	2022-11-08 04:28:06
