id	utterance_id	utterance_type	utterance_text	terminate	regDate	updDate
BE22017915	1	0	야근하려고 회사에서 저녁을 먹는데 육류가 하나도 없는 저녁 밥상이 나왔는데 기분이 좋기만 하네. 속도 더 편한 것 같고 소화도 잘되는 것 같아서 기뻐.	N	2022-09-13 06:19:41	2022-11-08 05:18:18
BE22017915	2	1	가끔 채식하면 속이 정말 편해서 기분까지 상쾌해지지. 무척이나 만족스럽고 흐뭇했을 것 같아. 자기가 이렇게 기분 좋아하는 걸 보니 나도 기쁘네.	N	2022-09-13 06:19:41	2022-11-08 05:18:18
BE22017915	3	0	최근에 가끔 채식해야 한다고 생각하고 있었는데 그래서 더 기분이 좋았는지도 몰라. 기후 위기를 극복하기 위해서는 채식이 필요하다고 하더라고. 그런데 회사에서 일주일에 한 번 고기 없는 밥상이 나와서 얼마나 좋은지 몰라.	N	2022-09-13 06:19:41	2022-11-08 05:18:18
BE22017915	4	1	그런 생각을 찰나에 저녁 밥상이 그렇게 나왔으니 흡족할 수밖에 없네. 자기를 위해 맞춤으로 나온 밥상처럼 느껴져서 굉장히 즐거울 것 같아.	N	2022-09-13 06:19:41	2022-11-08 05:18:18
BE22017915	5	0	우리 회사 영양사님이 내 마음을 읽었나 싶더라니까. 나도 혼자서 챙겨 먹을 때는 채식을 먹어보려 노력하고 있는데 회사 밥은 어쩔 수 없었거든. 그런데 이렇게 육류 없이 완벽한 밥상이 나오다니 정말 날아갈 듯이 기쁘더라.	N	2022-09-13 06:19:41	2022-11-08 05:18:18
BE22017915	6	1	채식을 한다는 게 정말 쉬운 일이 아닌데, 그렇게 뜻깊은 일에 동참하는 자기가 정말 멋지다. 행동으로 보여주는 자기가 진짜 대단하다고 생각해. 지구를 위해 노력하는 자기에게 박수를 보내고 싶은 정도야.	N	2022-09-13 06:19:41	2022-11-08 05:18:18
BE22017915	7	0	나도 저번에 다큐멘터리를 보고 정말 놀라서 실천하려고 노력하고 있어. 지구를 위해서 다음 세대를 위해서 사소한 행동이라도 보태고 싶어. 그 생각만 해도 마음이 든든하고 뿌듯해져 와.	N	2022-09-13 06:19:41	2022-09-13 06:19:41
BE22017915	8	1	몹시 보람되고 의미 있어서 가슴이 따듯해지겠다. 나도 자기를 본받아서 채식을 시작해볼까 하는 생각이 들 정도야!	N	2022-09-13 06:19:41	2022-11-08 05:18:18
BE22017915	9	0	같이 하면 더 기운이 나고 더 기쁠 것 같아. 우리 함께 더 나은 세상을 만들어보는 거지! 아예 안 먹지는 못하겠지만 가끔 이런 사소한 노력으로 말이야.	N	2022-09-13 06:19:41	2022-11-08 05:18:18
BE22017915	10	1	자기는 항상 나에게 좋은 영향을 끼치는 것 같아. 배울 점이 참 많은 사람이 내 남자 친구라서 정말 행복해.	N	2022-09-13 06:19:41	2022-11-08 05:18:18
BE22017915	11	0	그렇게 칭찬해주면 웃음을 참을 수가 없을 것 같아. 자기와 이야기를 나누고 나니 내 행동에 확신이 생겨서 더 행복해지네.	N	2022-09-13 06:19:41	2022-09-13 06:19:41
BE22017915	12	1	다음에는 같이 만나서 비건 식당에서 데이트해보는 건 어때! 자기가 정말 좋아할 것 같아. 우리 같이 행동하면서 즐겨보자고!	N	2022-09-13 06:19:41	2022-11-08 05:18:18
BE22017915	13	0	내 마음속에 들어왔다 나간 듯이 나를 이렇게 잘 알아주니 진짜 신이 나. 자기 덕분에 진짜 든든한 마음뿐이네.	N	2022-09-13 06:19:41	2022-11-08 05:18:18
BE22017915	14	1	자기가 이렇게 행복해하는 모습에 나도 입꼬리가 내려갈 생각을 안 하네. 오늘 야근도 힘내서 해보자고!	Y	2022-09-13 06:19:41	2022-11-08 05:18:18
