id	utterance_id	utterance_type	utterance_text	terminate	regDate	updDate
BE22016836	1	0	프로젝트 싹 마무리하고 집에 와서 샤워 후에 와인 마시고 있어. 술 한 모금에 기분이 좋아지고 스트레스를 싹 날려주네. 술이 달게만 느껴져서 기쁘기만 하네.	N	2022-08-31 23:45:12	2022-08-31 23:45:12
BE22016836	2	1	말만 들어도 시원하고 산뜻한 느낌이다. 진짜 개운한 기분에 날아갈 듯이 마음이 가벼워졌을 것 같아. 자기가 그렇게 기뻐하니 나도 덩달아 기분이 좋아지네.	N	2022-08-31 23:45:12	2022-11-08 05:11:45
BE22016836	3	0	그동안 프로젝트 하느라 집에도 제대로 못 들어가고 야근하기 일쑤여서 고생이었는데. 무사히 끝나서 홀가분한 마음으로 그동안 짊어진 중압감 다 던져버리니 정말 좋아. 혼자서 온전히 나를 위해 보내는 저녁이라 정말 행복해.	N	2022-08-31 23:45:12	2022-11-08 05:11:45
BE22016836	4	1	자기 정말 열심히 일했었잖아. 회사를 위해 그렇게 노력하는 사람 나는 처음 봤어, 마음껏 능력을 펼치는 자기 모습이 멋있더라. 네가 있어서 그 프로젝트는 잘 마무리되었을 거야, 오늘은 마음껏 즐겨도 돼!	N	2022-08-31 23:45:12	2022-11-08 05:11:45
BE22016836	5	0	정말 후련해서 천국에 있는 듯한 기분인 거야. 와인 한잔이 그동안 애썼던 나를 위로해주는 느낌이야. 이 한 모금이 이렇게 달았었나 새삼 느껴.	N	2022-08-31 23:45:12	2022-11-08 05:11:45
BE22016836	6	1	책임감을 가지고 회사 일을 하는 자기를 볼 때마다 난 정말 멋지다고 생각했었어. 어떤 일이든 최선의 결과를 내려고 노력하고 또 결국 완벽한 결과를 만드는 자기가 진짜 근사해. 자기는 즐길 자격이 있어, 내가 인정 해.	N	2022-08-31 23:45:12	2022-11-08 05:11:45
BE22016836	7	0	자기의 칭찬까지 곁들이니 오늘 밤은 혼자라도 정말 마음이 편안하네. 정말 신나서 춤이라도 추고 싶은 심정이야.	N	2022-08-31 23:45:12	2022-08-31 23:45:12
BE22016836	8	1	맡은 일을 잘 해결했으니 얼마나 안심되고 평온해졌겠어. 그동안 바빴던 거 훤히 다 아니까 나도 덩달아 행복하네. 그간 힘들었던 거 다 내려두고 오늘은 푹 쉴 생각만 하자.	N	2022-08-31 23:45:12	2022-11-08 05:11:45
BE22016836	9	0	응, 샤워하면서 뭐하고 쉴지 잔뜩 구상해뒀어. 그랬더니 저절로 입가에 미소가 번지면서 나도 모르게 킥킥대고 있더라니까! 나 매우 행복해.	N	2022-08-31 23:45:12	2022-11-08 05:11:45
BE22016836	10	1	그동안 못 했던 것들이 얼마나 많아서 놀 생각만 해도 정말 설레고 떨렸겠어. 하고 싶은 것이 정말 많았을 텐데 최고의 휴식이 될 수 있도록 있는 힘껏 도와줄게.	N	2022-08-31 23:45:12	2022-11-08 05:11:45
BE22016836	11	0	자기가 그래 준다면 난 정말 더할 나위 없이 즐거울 것 같아. 자기의 그런 배려에 벌써 잔뜩 신이 나는걸.	N	2022-08-31 23:45:12	2022-11-08 05:11:45
BE22016836	12	1	정말 기대되고 가슴이 두근대는 상상이다. 우리 함께라면 뭘 해도 정말 즐거울 거야.	N	2022-08-31 23:45:12	2022-11-08 05:11:45
BE22016836	13	0	응, 이렇게 대화 나누는 것만으로도 유쾌한데, 같이 시간을 보내면 더 좋을 것 같아. 자기 덕분에 내 기쁨은 항상 배가 되네.	N	2022-08-31 23:45:12	2022-11-08 05:11:45
BE22016836	14	1	이렇게 사소한 것에 행복해하는 자기의 모습이 난 참 좋아. 다음에 만나서 뭐 할지 구체적으로 말해보자고!	Y	2022-08-31 23:45:12	2022-11-08 05:11:45
