id	utterance_id	utterance_type	utterance_text	terminate	regDate	updDate
BE22008700	1	0	벌써 카페 투어를 떠난 지 사흘째야. 하루하루가 너무 즐거워.	N	2022-07-14 01:20:30	2022-11-08 04:20:22
BE22008700	2	1	친구들과 함께 간다고 기대가 많았잖아. 예상대로 즐겁다니까 나도 너무 흐뭇해.	N	2022-07-14 01:20:30	2022-11-08 04:20:22
BE22008700	3	0	응, 다들 일하느라 바빠서 일정 맞출 수 있을 거라고 기대 안 했거든. 그런데 다들 이렇게 시간을 낼 수 있게 돼서 다행이지. 혼자 갔으면 이렇게까지 행복하진 않았을 거야.	N	2022-07-14 01:20:30	2022-11-08 04:20:22
BE22008700	4	1	그럼. 여행은 여럿이서 함께 할수록 재밌잖아. 오래된 친구들이랑 같이 갔으니 더욱 의미가 있지. 나라도 엄청 행복할 거야.	N	2022-07-14 01:20:30	2022-11-08 04:20:22
BE22008700	5	0	결혼하면서 타지로 곧 떠날 친구와 마지막 추억을 쌓는 거라, 이 시간이 더 소중하게 느껴진다. 사진도 많이 찍고 있어.	N	2022-07-14 01:20:30	2022-11-08 04:20:22
BE22008700	6	1	맞아. 이제 자주 못 본다고 많이 섭섭해했잖아. 잊지 못할 시간을 가득 채우고 왔으면 좋겠다.	N	2022-07-14 01:20:30	2022-11-08 04:20:22
BE22008700	7	0	전국으로 카페 투어를 다니니 가오픈 한 카페도 방문하고, 맛있는 식당도 찾아가고 해. 내 인생에 이 순간만큼은 선명하게 기억날 것 같아.	N	2022-07-14 01:20:30	2022-11-08 04:20:22
BE22008700	8	1	쉼없이 일하면서 힘들어할 때, 참 안쓰러웠는데, 드디어 스스로에게 보상을 해주는 것 같아서 보기 좋아. 가끔 너무 앞을 향해 달리기만 하는 건 아닌가 싶어 걱정했거든.	N	2022-07-14 01:20:30	2022-11-08 04:20:22
BE22008700	9	0	맞아. 내게는 이런 시간이 꼭 필요했던 것 같아. 다시 내 삶을 찾아가는 느낌이야. 그런데 한편으로는 내가 이런 호사를 누려도 될까 싶어.	N	2022-07-14 01:20:30	2022-11-08 04:20:22
BE22008700	10	1	가끔은 쉼이 있어야 지치지 않고 장거리를 달릴 수 있잖아. 내가 봤을 땐 충분히 누릴 자격이 있어. 성실하게 열심히 살아왔다고 생각해.	N	2022-07-14 01:20:30	2022-11-08 04:20:22
BE22008700	11	0	그런 말을 들으니 용기를 내서 투어를 떠나길 참 잘했던 것 같아. 언제 또 이런 기회가 오겠어.	N	2022-07-14 01:20:30	2022-11-08 04:20:22
BE22008700	12	1	응. 시간은 돌아오지 않으니까 기회가 있을 때 잡는 게 맞는 것 같아. 미련 없이 즐거운 시간을 보낸다니까 참 다행이다.	N	2022-07-14 01:20:30	2022-11-08 04:20:22
BE22008700	13	0	자기가 좀 보고 싶긴 하지만, 그래도 지금 친구들과 하는 여행을 충실히 즐기려고 해.	N	2022-07-14 01:20:30	2022-11-08 04:20:22
BE22008700	14	1	하하, 나야 돌아오는 날 보면 되지. 나도 자기가 많이 보고싶어. 그렇지만 자기의 성공적인 여행을 응원할게.	Y	2022-07-14 01:20:30	2022-11-08 04:20:22
