id	utterance_id	utterance_type	utterance_text	terminate	regDate	updDate
BE22023952	1	0	자기야, 아직 10월인데 요즘도 날씨가 제법 쌀쌀한 게 기분이 너무 좋다. 나처럼 열이 많은 사람은 여름이 너무 힘들거든. 다른 사람은 춥다고 할지 모르겠지만, 나는 지금 날씨가 딱 좋아서 너무 기뻐.	N	2022-10-04 06:13:17	2022-10-04 06:13:17
BE22023952	2	1	더위에 약한 자기가 좋아하는 날씨의 계절이라니 내게는 다소 찬 바람이 달갑게 느껴진다. 자기가 만족하고 좋아하는 모습을 보니 나도 기쁜 마음을 감출 수가 없어.	N	2022-10-04 06:13:17	2022-11-08 05:57:26
BE22023952	3	0	이 시원한 바람이 너무 반갑고 신이 나네. 이런 날씨에는 무슨 일이라도 다 해낼 수 있을 것만 같아. 의욕이 너무 상승돼서 걱정될 정도야.	N	2022-10-04 06:13:17	2022-10-04 06:13:17
BE22023952	4	1	날씨에 따라 기분이 좌지우지 되는 건 아니지만, 좋아하는 날씨를 마음껏 즐기는 건 좋아 보여. 자기는 즐길 줄 알고 좋은 것을 느끼고 표현할 줄 아는 사람이야. 굉장히 큰 장점이라고 생각해.	N	2022-10-04 06:13:17	2022-11-08 05:57:26
BE22023952	5	0	혹시 몰라서 긴 팔을 가져오긴 했는데, 전혀 사용할 필요가 없겠어. 워낙 내가 좋아하는 날씨라서 마음이 말랑말랑 해지고 미소가 지어질 수밖에 없네.	N	2022-10-04 06:13:17	2022-11-08 05:57:26
BE22023952	6	1	준비성까지 겸비했다니, 정말 최고 인 것 같아! 자기의 기쁜 마음이 내게도 전해져서 행복함이 충전되는 것 같아.	N	2022-10-04 06:13:17	2022-11-08 05:57:26
BE22023952	7	0	그저 날씨가 좋았을 뿐인데, 이 자체를 즐길 수 있어서 너무 감사하게 느껴져. 행복은 멀리 있는 게 아니라는 생각이 들면서 정말 충만해지는 기분이야.	N	2022-10-04 06:13:17	2022-10-04 06:13:17
BE22023952	8	1	자기의 행복이 내게 기쁨이 돼서 나 또한 제법 쌀쌀해진 날씨를 즐기게 되는 것 같아. 좋아하는 자기 모습에 활기가 가득해서 너무 좋아 보인다. 그래서 나도 따라 웃게 되는 것 같아.	N	2022-10-04 06:13:17	2022-11-08 05:57:26
BE22023952	9	0	자기가 그렇게 이야기해주니까 내 기쁨이 더 커진다. 오늘 같은 날이 많지는 않겠지만, 내일도 오늘과 같기를 기도하고 싶어.	N	2022-10-04 06:13:17	2022-10-04 06:13:17
BE22023952	10	1	내가 자기를 위해 기도해 줄 거야! 자기가 행복하다면 매일이라도 할 수 있어. 지금 날씨가 내일도 오기를, 10월에 자주 오기를 간절하게 빌어 줄래.	N	2022-10-04 06:13:17	2022-11-08 05:57:27
BE22023952	11	0	이렇게 내 행복을 응원하고 지지해주는 자기가 있어서 난 정말 행운아인 것 같아. 자기 덕분에 정말 행복하고 기쁨이 점점 커져.	N	2022-10-04 06:13:17	2022-10-04 06:13:17
BE22023952	12	1	나에게도 이런 감정을 느끼게 해줘서 고마워! 자기 이야기를 들으면서 같은 감정을 느끼는 기쁨도 크더라.	N	2022-10-04 06:13:17	2022-11-08 05:57:27
BE22023952	13	0	이런 게 바로 소확행이지 않을까? 우리 작은 행복과 기쁨들을 놓치지 말자.	N	2022-10-04 06:13:17	2022-10-04 06:13:17
BE22023952	14	1	응, 날씨가 아니더라도 작은 행복들을 다 누리도록 할래.	Y	2022-10-04 06:13:17	2022-10-04 06:13:17
