id	utterance_id	utterance_type	utterance_text	terminate	regDate	updDate
BE22004781	1	0	나 오늘 과장님께서 먼저 퇴근하라고 하셨어! 2시간이나 일찍 퇴근하니까 기분이 너무 좋다!	N	2022-06-28 13:32:11	2022-11-08 03:55:09
BE22004781	2	1	정말? 너무 잘됐다! 오후 시간이 늘어난 느낌이면 정말 행복할 것 같아. 이제 뭐 할 계획이야?	N	2022-06-28 13:32:11	2022-11-08 03:55:09
BE22004781	3	0	아직 모르겠어. 하지만 뭘 하든 좋지 않을까? 평소에는 못 보내는 시간을 보내는 거잖아.	N	2022-06-28 13:32:11	2022-11-08 03:55:09
BE22004781	4	1	자기가 이렇게 기뻐하니까 나까지 덩달아 기뻐지는걸? 마치 꽃밭에 온 것마냥 행복한 기분이야.	N	2022-06-28 13:32:11	2022-11-08 03:55:09
BE22004781	5	0	자기도 일찍 퇴근하면 좋을 텐데 너무 아쉽다. 내가 뭐 하는지 하나하나 다 보내줄 테니까 그걸로 대리 만족해!	N	2022-06-28 13:32:11	2022-11-08 03:55:09
BE22004781	6	1	그럼! 내가 비록 몸은 여기 있지만 마음만은 자기 곁에 있다고. 근데 어쩌다가 먼저 퇴근을 하게 된 거야?	N	2022-06-28 13:32:11	2022-11-08 03:55:09
BE22004781	7	0	내가 보고서 작성한 게 있는데 그거 잘 썼다고 칭찬을 해 주시는 거 있지? 그리고 오늘은 일찍 퇴근하라고 하셨어.	N	2022-06-28 13:32:11	2022-11-08 03:55:09
BE22004781	8	1	와 역시 자기 밤 새면서 노력 한 게 결실을 보는구나! 칭찬도 듣고 조기 퇴근도 하고 이거 완전 일석이조인걸?	N	2022-06-28 13:32:11	2022-11-08 03:55:09
BE22004781	9	0	그러니까 내가 이렇게 신이 나는 거야. 오늘은 정말 무슨 일이 벌어져도 행복할 것 같아.	N	2022-06-28 13:32:11	2022-11-08 03:55:09
BE22004781	10	1	나도 딱 한 번 조기 퇴근 해 본 적이 있는데 춤을 추면서 퇴근을 했어. 자기 말을 들으니까 갑자기 그때 생각도 난다.	N	2022-06-28 13:32:11	2022-11-08 03:55:09
BE22004781	11	0	그런 경험이 있었구나! 그럼 지금 내가 얼마나 신나는지 알겠네.	N	2022-06-28 13:32:11	2022-11-08 03:55:09
BE22004781	12	1	그럼 나도 그 맘 알지. 만약 즐거운 거 하게 되면 사진으로 찍어서 알려줘. 나도 같이 느끼고 싶어.	N	2022-06-28 13:32:11	2022-11-08 03:55:09
BE22004781	13	0	그럼 내가 예쁜 카페랑 맛있는 밥 먹으면서 모조리 사진으로 찍어서 전부 보내줄게! 그거 보면서 오늘도 힘내!	N	2022-06-28 13:32:11	2022-11-08 03:55:09
BE22004781	14	1	와 말로만 들어도 정말 보람찬 오후가 될 것 같아. 내 몫까지 꼭 즐겁게 놀아줘!	N	2022-06-28 13:32:11	2022-11-08 03:55:09
BE22004781	15	0	당연하지 내가 오늘이 마지막인 것처럼 하루를 보내 주겠어!	Y	2022-06-28 13:32:11	2022-11-08 03:55:09
