id	utterance_id	utterance_type	utterance_text	terminate	regDate	updDate
BE22001219	1	0	자기야. 오늘 우리 아빠랑 같이 식사한 거 어땠어?	N	2022-06-14 06:51:07	2022-11-08 03:32:16
BE22001219	2	1	정말 좋았어. 사실 긴장을 많이 했는데 아버님이 내게 편하게 대해주시고 성격도 유쾌하셔서 좋았어.	N	2022-06-14 06:51:07	2022-11-08 03:32:16
BE22001219	3	0	나랑 잘 맞는 사람은 아빠랑도 잘 맞을 수밖에 없어. 내가 좋아하는 사람은 아빠도 좋아할 수밖에 없고. 우리는 얼굴도 성격도 완전히 붕어빵이거든.	N	2022-06-14 06:51:07	2022-11-08 03:32:16
BE22001219	4	1	그런 것 같았어. 사실은 얼굴이 너무 닮아서 깜짝 놀랐다니까. 사진보다 실물이 훨씬 똑같이 생기셨더라고.	N	2022-06-14 06:51:07	2022-11-08 03:32:16
BE22001219	5	0	맞아. 웃을 때 표정 같은 게 정말 닮았지? 가끔 엄마가 우리 둘 사이를 질투하곤 한다니까.	N	2022-06-14 06:51:07	2022-11-08 03:32:16
BE22001219	6	1	사실 그렇게까지 각별한 부녀 관계가 흔치 않기는 하지. 보통은 엄마와 딸이 그렇게 친구처럼 잘 지내니까 말이야. 특별히 애틋한 관계인 것 같아서 보기 좋더라.	N	2022-06-14 06:51:07	2022-11-08 03:32:16
BE22001219	7	0	어렸을 때부터 내가 아빠를 많이 따랐대. 아빠랑 닮았다는 소리를 들으면 기분 좋아하기도 하고 말이야.	N	2022-06-14 06:51:07	2022-11-08 03:32:16
BE22001219	8	1	자기가 아버님 옆에서 참 편하고 좋아 보이더라. 그래서 나도 자기랑 결혼을 해서 아이를 낳는다면 꼭 저런 아버지가 되어야지 다짐했어.	N	2022-06-14 06:51:07	2022-11-08 03:32:16
BE22001219	9	0	듣기 좋다. 이상하게 아빠 옆에 있을 때 나 자신이 가장 나다운 것 같아. 그래서 마음이 편하고 안정돼.	N	2022-06-14 06:51:07	2022-11-08 03:32:16
BE22001219	10	1	나도 둘이 서로 사랑하는 마음뿐만 아니라 영혼이 연결되어 있는 느낌을 받았어.	N	2022-06-14 06:51:07	2022-11-08 03:32:16
BE22001219	11	0	맞아. 꼭 전생에 각별한 친구였던 것 같아.	N	2022-06-14 06:51:07	2022-11-08 03:32:16
BE22001219	12	1	자기가 아빠를 있는 그대로 존중하고 존경하면서도 한편으로는 친한 친구처럼 편하게 대하더라고. 그게 참 인상적이었어. 자기는 아버님께 훌륭한 친구이자 훌륭한 딸인 것 같아.	N	2022-06-14 06:51:07	2022-11-08 03:32:16
BE22001219	13	0	그렇게 말해주니 어깨가 올라가는걸? 내가 좋은 사람이 된 것 같아.	N	2022-06-14 06:51:07	2022-11-08 03:32:16
BE22001219	14	1	자기는 당연히 좋은 사람이지! 나는 자기를 볼 때마다 어쩜 사람이 그렇게 다정하고 배려심이 깊나 했거든. 근데 그게 가족들에게 잘하는 습관 덕분이라는 걸 오늘 알게 되었어.	N	2022-06-14 06:51:07	2022-11-08 03:32:16
BE22001219	15	0	좋게 봐줘서 고마워. 다음에 아빠랑 엄마랑 다 같이 또 식사하자.	N	2022-06-14 06:51:07	2022-11-08 03:32:16
BE22001219	16	1	나야 좋지. 언제든 초대해 줘.	Y	2022-06-14 06:51:07	2022-11-08 03:32:16
