id	utterance_id	utterance_type	utterance_text	terminate	regDate	updDate
BE22018802	1	0	성공적으로 프로젝트를 마치고 팀원들과 회식했어. 오래간만에 술 한 잔을 나누고 맛있는 소고기도 먹었지. 이제 술자리가 끝나고 지하철역으로 향하는 길인데 정말 기쁘네.	N	2022-09-19 01:32:32	2022-11-08 05:32:51
BE22018802	2	1	속 시원하고 홀가분한 마음일 것 같아. 모처럼 팀원들과 후련한 마음으로 술을 마셨으니 들뜬 기분일 테고. 자기가 이렇게 기뻐하는 모습을 보니 내가 다 흐뭇하네.	N	2022-09-19 01:32:32	2022-11-08 05:32:51
BE22018802	3	0	그동안 프로젝트 하느라 정말 다들 애썼거든. 만족할 만한 결과도 나오고 술도 마시니 기분이 하염없이 좋아지네. 술자리를 하니 팀원들 간의 분위기도 더 좋아지는 느낌이라 더 신이 나네.	N	2022-09-19 01:32:32	2022-09-19 01:32:32
BE22018802	4	1	힘든 순간을 같이 견딘 동료와의 술 한잔은 모든 피로를 씻어 넘기기에 충분하지. 팀장으로서 자기가 정말 흐뭇할 수밖에 없었겠다.	N	2022-09-19 01:32:32	2022-11-08 05:32:51
BE22018802	5	0	팀원들이 정말 즐거워하면서 그 자리를 즐기는 걸 보니까 더 기분이 좋더라고. 그 자리에서 이야기 나누는 게 어찌나 즐겁던지 집에 가기 싫은 정도였어. 팀원들 더 재밌게 놀라고 나는 슬쩍 자리 비켜주고 먼저 나오는 길이야.	N	2022-09-19 01:32:32	2022-11-08 05:32:51
BE22018802	6	1	자기처럼 좋은 팀장을 뒀으니 팀원들 마음이 얼마나 편하겠어. 게다가 팀원들 놀라고 빠져주는 센스까지 겸비하다니. 난 그런 자기가 정말 자랑스러워.	N	2022-09-19 01:32:32	2022-09-19 01:32:32
BE22018802	7	0	팀원들이 날 믿고 따라와 줘서 내가 더 기쁘지. 이번 프로젝트도 우리들의 팀워크로 성공할 수 있었던 것 같아. 그래서 오늘의 이 술자리가 끝나고 지하철역으로 가는 이 길이 어찌나 상쾌한지 몰라.	N	2022-09-19 01:32:32	2022-11-08 05:32:51
BE22018802	8	1	자기의 뛰어난 리더십으로 성공까지 올 수 있었던 거지. 난 자기의 능력을 정말 높이 사고 싶어. 그래서 칭찬의 박수를 보내지 않을 수가 없네.	N	2022-09-19 01:32:32	2022-09-19 01:32:32
BE22018802	9	0	자기가 그렇게 말해주니 더할 나위 없이 더 기뻐지는걸. 지하철로 가는 발걸음이 한결 더 가벼워지고 하늘을 날듯이 기분이 좋아진다.	N	2022-09-19 01:32:32	2022-11-08 05:32:52
BE22018802	10	1	자기는 그 행복 누릴 수 있는 사람이라고 말하고 싶어. 자기의 즐거운 귀갓길에 같이 하는 것 같은 기분이 들어서 나도 덩달아 행복해진다.	N	2022-09-19 01:32:32	2022-11-08 05:32:52
BE22018802	11	0	지하철 시간도 딱 맞게 올 것 같고, 오늘 모든 행운이 나에게 오는 느낌이야. 콧노래가 나도 모르게 흘러나오네.	N	2022-09-19 01:32:32	2022-09-19 01:32:32
BE22018802	12	1	자기의 기쁜 마음이 나에게까지 전해진다. 자기의 노력이 빛을 발한 오늘을 축하해.	N	2022-09-19 01:32:32	2022-11-08 05:32:52
BE22018802	13	0	자기와 이야기를 나누니 기쁨은 두배가 되는 것 같아. 오늘처럼 행복한 날이 있을까 싶은 정도네.	N	2022-09-19 01:32:32	2022-09-19 01:32:32
BE22018802	14	1	그렇게 말해줘서 영광이다. 자기와 기쁨을 나누는 지금이 나도 진심으로 기쁘다.	Y	2022-09-19 01:32:32	2022-11-08 05:32:52
