id	utterance_id	utterance_type	utterance_text	terminate	regDate	updDate
BE22001627	1	0	자기야 우리 교환 일기 쓰지 않을래?	N	2022-06-16 06:56:22	2022-11-08 03:34:57
BE22001627	2	1	오랜만에 듣는 단어다. 학창 시절에 마지막으로 해보던 건데 말이야.	N	2022-06-16 06:56:22	2022-11-08 03:34:57
BE22001627	3	0	나도 그때가 마지막이야. 근데 매일 기록하고 싶은 게 생겨서 일기로 남기려고 해.	N	2022-06-16 06:56:22	2022-11-08 03:34:57
BE22001627	4	1	자기가 하자고 하면 나야 항상 따라가지. 어떤 내용 쓰려고 그래?	N	2022-06-16 06:56:22	2022-11-08 03:34:57
BE22001627	5	0	자기랑 대화할 때 이렇게 예쁜 말들이 있었나 자주 생각하거든. 그 순간이 너무 소중해서 잊히지 않게 남겨두고 싶어.	N	2022-06-16 06:56:22	2022-11-08 03:34:57
BE22001627	6	1	소중한 추억을 기록하는 건 좋은 일이지. 우리 함께하는 시간들을 그렇게 소중히 여겨준다니 감동이다.	N	2022-06-16 06:56:22	2022-11-08 03:34:57
BE22001627	7	0	예쁜 말들, 사랑스러운 표현들 생각하면 자기에 대한 애정이 더 커지거든.	N	2022-06-16 06:56:22	2022-11-08 03:34:57
BE22001627	8	1	자기가 좋은 점들만 봐줘서 그래. 항상 긍정적으로 그렇게 좋은 점만 기억해 주는 게 자기 장점이야.	N	2022-06-16 06:56:22	2022-11-08 03:34:57
BE22001627	9	0	에이 아니야. 나도 섭섭하고 서운할 때도 있는걸.	N	2022-06-16 06:56:22	2022-11-08 03:34:57
BE22001627	10	1	예쁜 말만 해줘도 부족한데 서운하게 만들어서 미안해.	N	2022-06-16 06:56:22	2022-11-08 03:34:57
BE22001627	11	0	그럴 때 자기가 해줬던 말들 기록한 일기를 열어보면 서운한 감정 눈 녹듯 사라질 거야.	N	2022-06-16 06:56:22	2022-11-08 03:34:57
BE22001627	12	1	그거 좋은 방법이다. 자기가 왜 교환 일기 하자고 했는지 이해돼.	N	2022-06-16 06:56:22	2022-11-08 03:34:57
BE22001627	13	0	나중에 시간 지나서 보면 낯간지러울 수도 있겠지만 나는 다 남겨두고 싶어.	N	2022-06-16 06:56:22	2022-11-08 03:34:57
BE22001627	14	1	시간 지나도 한결같이 우리 일기가 가득 차도록 사랑 표현 더 열심히 해야겠네.	N	2022-06-16 06:56:22	2022-11-08 03:34:57
BE22001627	15	0	오늘 이 대화부터 시작해서 매일 일기 쓸 테니까 자기도 잘 부탁해.	Y	2022-06-16 06:56:22	2022-11-08 03:34:57
