id	utterance_id	utterance_type	utterance_text	terminate	regDate	updDate
BE22023958	1	0	자기야, 노력하면 안 되는 일이 없다는 말이 맞았어! 나 댄스 스포츠 대회에서 우승을 했어. 내 노력이 인정을 받은 것 같아서 정말 기뻐.	N	2022-10-04 06:24:48	2022-10-04 06:24:48
BE22023958	2	1	퇴근 후에 연습하러 열심히 가더니 우승을 했구나! 자기야, 진심으로 우승을 축하해. 자랑스럽고 정말 멋있어!	N	2022-10-04 06:24:48	2022-11-08 05:57:28
BE22023958	3	0	운동할 겸 시작한 게 이런 결과까지 가지고 오게 되다니 엄청 기뻐. 대회 준비하면서 몸매도 더 예뻐지고 스트레스 관리도 잘 할 수 있게 됐거든. 여러모로 좋은 결과를 얻게 돼서 뿌듯하기도 해.	N	2022-10-04 06:24:48	2022-10-04 06:24:48
BE22023958	4	1	내가 자기였어도 엄청 뿌듯하고 자신이 자랑스러울 거야. 내가 봐도 대회를 위해 준비한 시간들이 자기에게 좋은 영향을 준 것 같아서 기분이 좋아. 노력하고 도전하는 모습이 늘 멋졌는데 좋은 소식까지 들려주니까 대단해 보여!	N	2022-10-04 06:24:48	2022-11-08 05:57:28
BE22023958	5	0	자기가 그렇게 날 멋있게 봐주니까 기분이 더 좋은걸? 이번 대회 우승 덕분에 다른 분야에도 도전하고 싶은 욕구가 생겼어. 이런 생각을 하게 된 것도 기쁜 오늘이다!	N	2022-10-04 06:24:48	2022-10-04 06:24:48
BE22023958	6	1	그런 마음이 생겨서 활기가 느껴지겠다. 자신감이 붙은 자신의 모습을 마주하게 돼서 참 기쁠 것 같아. 일을 하다 보면 새로운 일에 도전하기란 쉽지 않은데 말이야.	N	2022-10-04 06:24:48	2022-11-08 05:57:28
BE22023958	7	0	나도 일하느라 피곤하다고 자신에게 많이 소홀했었거든. 피곤함을 조금 이겨낸 게 즐거운 결과를 안겨줘서 하늘을 나는 듯한 기분이야. 우승까지 할 줄은 더더욱 몰랐기 때문에 기분이 더 좋은가 봐.	N	2022-10-04 06:24:48	2022-10-04 06:24:48
BE22023958	8	1	가벼운 마음으로 갔는데 훌륭한 결과를 얻게 된 게 얼마나 기분이 좋을지 공감이 가. 나도 자기의 모습을 보면서 발전할 수 있도록 노력해야겠다는 마음도 생겨.	N	2022-10-04 06:24:48	2022-10-04 06:24:48
BE22023958	9	0	자기한테 그런 영향을 내가 주다니 기뻐. 대회 나간다고 연습하느라 잠도 얼마 못 잤었는데 오늘은 완전 숙면 취하겠다. 오랜만에 푹 잘 수 있다는 것만으로도 기분이 이렇게 좋네!	N	2022-10-04 06:24:48	2022-10-04 06:24:48
BE22023958	10	1	퇴근하고는 물론 주말에도 쉬지 않고 연습하느라 피곤했지. 그동안 정말 고생이 많았어. 오늘은 편안한 마음으로 푹 자.	N	2022-10-04 06:24:48	2022-11-08 05:57:28
BE22023958	11	0	대회를 준비할 때도 즐거운 마음이긴 했지만 이제 편하게 쉴 수 있다는 것도 기쁘긴 해. 이제 자기랑 데이트할 수 있는 시간도 여유로워졌고. 노력 끝에 여기저기 큰 선물이 쏟아지는 것 같아.	N	2022-10-04 06:24:48	2022-10-04 06:24:48
BE22023958	12	1	자기가 노력해서 얻은 결과를 선물로 표현하는 마음이 참 예쁘다. 즐겁게 보낸 과정이었어도 여유 있는 일상을 다시 찾게 된 것도 기분이 좋겠는걸?	N	2022-10-04 06:24:48	2022-11-08 05:57:29
BE22023958	13	0	맞아, 대회에서 우승한 것도 기쁘지만 다시 여유 있는 일상을 보낼 것도 기뻐. 그리고 그 일상이 전보다 더 활기찰 거라는 확신이 들어서 더더욱 기분이 좋아. 다음에는 우리가 함께 시간을 보낼 수 있는 도전을 해보자!	N	2022-10-04 06:24:48	2022-10-04 06:24:48
BE22023958	14	1	이미 자기한테서 좋은 활기가 느껴져. 같이 할 수 있는 도전이라면 나도 어서 하고 싶은걸? 오늘은 푹 쉬고 곧 함께 찾아보자.	Y	2022-10-04 06:24:48	2022-11-08 05:57:29
