id	utterance_id	utterance_type	utterance_text	terminate	regDate	updDate
BE22009008	1	0	자기야 우리 놀러 갈 때 뭐 입을 거야?	N	2022-07-15 02:15:39	2022-11-08 04:22:20
BE22009008	2	1	나 아직 생각 안 해봤는데, 자기는 정했어?	N	2022-07-15 02:15:39	2022-11-08 04:22:20
BE22009008	3	0	응. 봄을 맞아서 원피스 하나 장만하려고 담아 놨어. 완전 마음에 들어서 빨리 입고 싶다. 너무 설레! 사진 보내줄게.	N	2022-07-15 02:15:39	2022-11-08 04:22:20
BE22009008	4	1	오 예쁜데? 완전 자기랑 잘 어울려. 분위기도 봄에 딱 맞네, 진짜 잘 골랐다.	N	2022-07-15 02:15:39	2022-11-08 04:22:20
BE22009008	5	0	그렇지? 오랜만에 예쁜 옷을 찾은 거 같아서 정말 기뻐! 빨리 놀러 가고 싶어.	N	2022-07-15 02:15:39	2022-11-08 04:22:20
BE22009008	6	1	맞아. 자기 평소에 원피스 좋아하는데 그동안 너무 추워서 두꺼운 외투만 입었잖아. 오랜만에 예쁜 옷 입고 놀러 갈 생각 하니까 기분 좋을 만하지.	N	2022-07-15 02:15:39	2022-11-08 04:22:20
BE22009008	7	0	그러니까. 봄이 오는 게 실감이 난다. 너무 설레고 들뜬다.	N	2022-07-15 02:15:39	2022-11-08 04:22:20
BE22009008	8	1	자기가 꽃을 엄청나게 좋아하잖아. 봄이 오는 게 기대될 만해. 이렇게 기대하니까 나도 여행이 기대되고 설렌다.	N	2022-07-15 02:15:39	2022-11-08 04:22:20
BE22009008	9	0	응 맞아. 난 사계절 중 봄이 가장 좋아. 가서 우리 좋은 추억 많이 만들고 오자.	N	2022-07-15 02:15:39	2022-11-08 04:22:20
BE22009008	10	1	당연하지. 내가 예쁜 사진도 많이 찍어줄게. 저 원피스가 꽃이랑 같이 찍으면 딱이네.	N	2022-07-15 02:15:39	2022-11-08 04:22:20
BE22009008	11	0	자기도 그렇게 생각하지? 역시 내가 옷 고르는 눈이 있다니까.	N	2022-07-15 02:15:39	2022-11-08 04:22:20
BE22009008	12	1	그럼. 우리 자기 안목 최고이지. 내가 완전 인정해. 저번에 자기가 골라준 옷 입고 갔다가, 다들 나 아닌 거 같았다면서 엄청나게 칭찬했다니까.	N	2022-07-15 02:15:39	2022-11-08 04:22:20
BE22009008	13	0	그 정도야? 또 나 기분 좋게 하네. 그럼 앞으로도 자기 옷은 내가 골라줘야겠다.	N	2022-07-15 02:15:39	2022-11-08 04:22:20
BE22009008	14	1	당연히 그래야지. 앞으로 내 패션은 자기한테 맡긴다. 나도 옷 잘 입는다는 소리 처음 들어봐서 엄청 기분 좋더라고.	N	2022-07-15 02:15:39	2022-11-08 04:22:20
BE22009008	15	0	응 알겠어. 나 그럼 이 원피스 바로 결제하러 가야겠다!	Y	2022-07-15 02:15:39	2022-11-08 04:22:20
