id	utterance_id	utterance_type	utterance_text	terminate	regDate	updDate
BE22007082	1	0	자기야. 나 요즘 아빠랑 보내는 시간이 많아져서 너무 좋아. 아빠에 대한 사랑이 샘솟는 거 있지?	N	2022-07-08 05:01:25	2022-11-08 04:10:06
BE22007082	2	1	오. 아버지 항상 회사 때문에 엄청 바쁘시지 않았어?	N	2022-07-08 05:01:25	2022-11-08 04:10:06
BE22007082	3	0	맞아. 근데 지금 회사 그만두고 집에만 계셔. 이직 준비를 하시면서 시간이 좀 남으신다고 하더라고. 그래서 요즘 나랑 집에서 맨날 놀아! 정말 신나.	N	2022-07-08 05:01:25	2022-11-08 04:10:06
BE22007082	4	1	진짜? 자기 맨날 아버지 회사 바빠서 얼굴 보기도 힘들다고 투덜거렸잖아. 진짜 잘된 일이다. 자기가 지금 이렇게 신나서 문자 할 만하네!	N	2022-07-08 05:01:25	2022-11-08 04:10:06
BE22007082	5	0	맞아. 지금 너무 기분이 좋아서 하늘로 날아갈 것만 같아. 어제는 아빠랑 집에서 영화 봤거든, 근데 아빠가 문화생활 즐겨본 게 언제인지 모르겠다고 좋아하시더라. 그 모습 보니까 내가 다 기뻐서 가슴이 막 벅차오르더라고!	N	2022-07-08 05:01:25	2022-11-08 04:10:06
BE22007082	6	1	아버지도 자기랑 보내는 시간이 너무 즐거우신가보다. 이렇게 사이좋은 부녀의 얘기를 들으니까 나도 기분이 덩달아 좋아지는 거 같아!	N	2022-07-08 05:01:25	2022-11-08 04:10:06
BE22007082	7	0	항상 마음으로만 아빠가 회사 그만두고 나랑 좀 시간 좀 보내주셨으면 하는 마음이 있었는데. 이렇게 현실로 다가오니까 더 기분이 좋은 거 같아. 오히려 더 좋은대로 이직하신다고 하니까 더 기쁘더라고!	N	2022-07-08 05:01:25	2022-11-08 04:10:06
BE22007082	8	1	정말 잘된 일이지. 이직하는 곳은 조금 덜 바빴으면 좋겠다. 우리 자기랑 계속 시간 같이 보내실 수 있게끔!	N	2022-07-08 05:01:25	2022-11-08 04:10:06
BE22007082	9	0	안 그래도 내가 새로 갈 회사는 많이 바쁘냐고 물어보니까 예전처럼 야근하는 곳이 아니래. 오히려 정시퇴근을 권장하는 회사라고 함박웃음 지으면서 얘기하시더라고. 그대로 신나서 방방 뛰었지 뭐야!	N	2022-07-08 05:01:25	2022-11-08 04:10:06
BE22007082	10	1	오. 정말 좋은 회사인가보다. 자기가 이렇게 아버지에 관한 문자 할 때마다 아버지를 사랑하는 자기의 마음이 여기까지 느껴지는 거 같아. 그 마음이 너무 반짝거려서 보기 좋아.	N	2022-07-08 05:01:25	2022-11-08 04:10:06
BE22007082	11	0	그렇게 칭찬해주니까 내 기분이 더 좋아지네. 그만큼 우리 아빠가 좋으신 분이라 그런 게 아닐까?	N	2022-07-08 05:01:25	2022-11-08 04:10:06
BE22007082	12	1	아버지도 좋으신 분이지만 그만큼 자기도 좋은 딸이니까 그렇게 사이좋은 부녀인 게 아닐까 싶어. 진짜로 보기 좋은 부녀 사이 같아서 듣는 내가 다 흡족해.	N	2022-07-08 05:01:25	2022-11-08 04:10:06
BE22007082	13	0	나도 자기가 그렇게 말해주니까 기분이 너무 좋아졌어. 역시 기분 좋은 일 있을 때는 자기랑 나누면 배가 되는 거 같아.	N	2022-07-08 05:01:25	2022-11-08 04:10:06
BE22007082	14	1	나도 자기의 기쁜 소식 들으면 항상 기분이 좋아져서 심장이 두근거려. 오늘도 훈훈한 소식에 미소가 절로 나오네.	N	2022-07-08 05:01:25	2022-11-08 04:10:06
BE22007082	15	0	다음에도 훈훈한 소식 있으면 자기한테 바로 알려줄게! 나 아빠랑 저녁 먹으러 가야 해. 이따 다시 문자 할게요.	N	2022-07-08 05:01:25	2022-11-08 04:10:06
BE22007082	16	1	그래. 저녁 맛있게 먹고 아버지랑 좋은 시간 보내! 문자 기다리고 있을게요.	Y	2022-07-08 05:01:25	2022-11-08 04:10:06
