id	utterance_id	utterance_type	utterance_text	terminate	regDate	updDate
BE22006073	1	0	자기야, 오늘 바깥에 벚꽃이 활짝 피었더라? 벌써 봄이 이렇게 무르익었다니, 너무 설레서 당장 소풍을 떠나고 싶어!	N	2022-07-04 12:10:55	2022-11-08 04:03:29
BE22006073	2	1	와 정말! 자기가 전해준 소식에 내 마음에도 봄바람이 살랑 불어오는 것 같아. 소풍 계획이 있다면 나한테도 알려줄 수 있어?	N	2022-07-04 12:10:55	2022-11-08 04:03:29
BE22006073	3	0	응! 우선 벚꽃 사진을 찍기 위해서 필름 카메라를 준비할 거야. 그리고 내가 좋아하는 유부초밥 도시락도 쌀 거고, 노래를 듣기 위한 블루투스 스피커도 챙길래. 아, 생각만 해도 너무 신난다!	N	2022-07-04 12:10:55	2022-11-08 04:03:29
BE22006073	4	1	자기가 행복해 보여서 나도 신이 나. 자기가 찍을 예쁜 벚꽃 사진도 너무 기대가 되는걸. 꽃보다도 아름다울 자기의 미소가 눈앞에 보이는 듯해.	N	2022-07-04 12:10:55	2022-11-08 04:03:29
BE22006073	5	0	하하 부끄러워. 바깥에는 벌써 사람들이 많은 것 같아. 이런 웅성거림도 너무 오랜만이라 좋다. 겨울 동안 사람들 모두 웅크려 있었는데 이제야 사람 사는 것 같고 활기찬 기운이 느껴져서 벅차올라.	N	2022-07-04 12:10:55	2022-11-08 04:03:29
BE22006073	6	1	맞아. 나도 그래서 봄이라는 계절을 좋아해. 바깥 활동도 자유롭게 할 수 있고, 자기 말대로 생동감이 느껴지잖아. 이런 감각을 함께 이야기할 수 있어서 좋다.	N	2022-07-04 12:10:55	2022-11-08 04:03:29
BE22006073	7	0	그러게, 봄의 기운을 같이 나눌 수 있어서 너무 소중하다. 오늘을 위해 벚꽃 플레이리스트를 틀어야겠어. 봄이 오면 봄 노래를 꼭 들어야 하잖아.	N	2022-07-04 12:10:55	2022-11-08 04:03:29
BE22006073	8	1	당연하지! 계절별로 맞는 노래를 들어야 하는데, 특히 봄에는 벚꽃을 주제로 한 노래를 들어야 돼. 나도 자기가 좋아하는 노래를 함께 듣고 싶은걸?	N	2022-07-04 12:10:55	2022-11-08 04:03:29
BE22006073	9	0	내가 또 좋은 노래를 추천해줄 수 있는데, 이런 날에는 클래식 음악도 잘 어울리지. 활짝 피어오른 벚꽃을 보면 마치 현악기의 선율이 떠오르거든! 산뜻하고 기분 좋은 리듬감을 가진 음악을 듣고 싶어.	N	2022-07-04 12:10:55	2022-11-08 04:03:29
BE22006073	10	1	벚꽃을 보고 클래식을 떠올리다니, 취향의 깊이가 남다른 것이 너무 멋져. 자기는 늘 감정을 다채롭게 표현해주는 사람인 것 같아.	N	2022-07-04 12:10:55	2022-11-08 04:03:29
BE22006073	11	0	고마워. 매년 봄마다 같은 벚꽃이 피어나는데 매번 새롭게 기분이 좋고 기쁘잖아. 이런 감정을 다르게 표현하고 느끼고 싶어.	N	2022-07-04 12:10:55	2022-11-08 04:03:29
BE22006073	12	1	맞아. 그렇게 하면 정말 매년 새롭고 특별하겠어. 나도 자기처럼 막 피어오르는 감정을 소중히 할래. 그리고 자기와 이 기분 좋음을 공유하고 싶어.	N	2022-07-04 12:10:55	2022-11-08 04:03:29
BE22006073	13	0	나도 자기랑 이 기쁨을 공유할 수 있어서 좋아! 혼자 느끼는 것보다 누군가에게 말하고 나면 이 감정을 더 깊이 기억할 수 있거든.	N	2022-07-04 12:10:55	2022-11-08 04:03:29
BE22006073	14	1	그래, 나도 자기랑 나눈 지금 이 순간의 감정을 오래 간직할게. 벚꽃 소식 전해줘서 고마워.	N	2022-07-04 12:10:55	2022-11-08 04:03:29
BE22006073	15	0	내가 더 고마워.	Y	2022-07-04 12:10:55	2022-11-08 04:03:29
