id	utterance_id	utterance_type	utterance_text	terminate	regDate	updDate
BE22004427	1	0	자기야, 이 사진 봐, 이 식물 이름이 뭔지 알아?	N	2022-06-28 02:17:53	2022-11-08 03:52:53
BE22004427	2	1	응? 나는 잘 모르는데 자기는 잘 알아?	N	2022-06-28 02:17:53	2022-11-08 03:52:53
BE22004427	3	0	응! 여기 어플을 사용하니까 이름이 줄줄 나와. 식물의 식생이랑 자라는 지역, 꽃들은 꽃말같이 재밌는 내용이 많이 나와! 자기도 재밌지?	N	2022-06-28 02:17:53	2022-11-08 03:52:53
BE22004427	4	1	응응! 너무 재밌다, 저번에 여행가서 신기한 식물들이 많았는데 이름을 나도 잘 모르거든. 자기가 어플을 가져와서 궁금한 것들 다 알게 됐네. 역시 자기는 세심해.	N	2022-06-28 02:17:53	2022-11-08 03:52:53
BE22004427	5	0	고마워 자기. 이번에 새로 설치한 어플인데 자기도 나도 여행가서 구경하는 거 좋아하잖아. 식물도 많이 좋아하는데 이름을 알면 좋겠다고 생각해서 설치한 거야. 나 잘했지, 잘했지?	N	2022-06-28 02:17:53	2022-11-08 03:52:53
BE22004427	6	1	응응, 너무너무 잘했어! 자기가 이렇게 신경 써 주니까 좋아! 어떻게 이렇게 하나하나 세밀히 신경쓸 생각을 했어?	N	2022-06-28 02:17:53	2022-11-08 03:52:53
BE22004427	7	0	나는 항상 자기만 생각하니까 그렇지. 이렇게 좋아하니까 나도 너무 좋다. 그냥 어플 하나만 설치한 건데, 헤헷.	N	2022-06-28 02:17:53	2022-11-08 03:52:53
BE22004427	8	1	아냐, 어플 하나라기보다 자기가 신경 써 준 마음이 너무 좋고 고마워. 신경 써 주는 느낌이 나한테 따뜻하게 다가와서 좋은걸.	N	2022-06-28 02:17:53	2022-11-08 03:52:53
BE22004427	9	0	정말? 준비한 보람이 있네. 자기랑 이렇게 여행갔던 거 다시 떠올리니까 너무 좋아.	N	2022-06-28 02:17:53	2022-11-08 03:52:53
BE22004427	10	1	응응 나도 좋아! 저번에는 눈에만 한번 담아 놓고 갔었잖아. 오늘은 이렇게 자세히 살펴보니까 할 얘기도 많고 더 기억에 남을 거 같아. 고마워.	N	2022-06-28 02:17:53	2022-11-08 03:52:53
BE22004427	11	0	나도 여행 같이 가줘서 고마워. 혼자 갔었으면 그렇게 즐거울 수 없었을 거야.	N	2022-06-28 02:17:53	2022-11-08 03:52:53
BE22004427	12	1	나도 그래. 자기가 항상 옆에 있어서 훨씬 행복해. 혼자라면 느낄 수 없었을 마음이야.	N	2022-06-28 02:17:53	2022-11-08 03:52:53
BE22004427	13	0	진짜진짜 좋다. 앞으로도 여행도 많이 다니고 더 많이 즐겁게 보내자.	N	2022-06-28 02:17:53	2022-11-08 03:52:53
BE22004427	14	1	물론이지. 자기와 함께라면 나는 어디든 좋은걸. 오늘도 이렇게 자기랑 이야기 나누는 것도 좋은데 내일은 얼마나 즐거울까? 내일도 모레도 많이많이 즐겁게 보내자!	Y	2022-06-28 02:17:53	2022-11-08 03:52:53
