id	utterance_id	utterance_type	utterance_text	terminate	regDate	updDate
BE22020056	1	0	자기야, 오늘 면접 보고 왔는데 다음 달부터 출근하래! 진짜 준비할 때만 해도 진짜 막막했는데, 학교 취업지원실 덕분에 너무 편했지 뭐야. 취업지원프로그램 아니었으면 아직도 헤매고 있었을 거야.	N	2022-09-22 17:02:23	2022-09-22 17:02:23
BE22020056	2	1	취업 진심으로 축하해! 메시지만 읽어도 네가 얼마나 기쁘고 행복한지 고스란히 느껴진다. 네가 기뻐하니 덩달아 나까지 행복해지는 것 같아, 그런데 취업지원실이라니 그게 뭐 하는 곳인데?	N	2022-09-22 17:02:23	2022-11-08 05:36:05
BE22020056	3	0	말 그대로 취업과 관련된 다양한 분야를 지원하는 곳이야. 큰 기대 안 하고 상담받으러 간 거였는데, 너무 세심하게 지원을 받아서 덕분에 취업에 성공했어. 진짜 너무너무 기쁘고 행복해서 따로 감사 인사라도 드리러 가고 있어.	N	2022-09-22 17:02:23	2022-09-22 17:02:23
BE22020056	4	1	정말? 그곳에서 진짜 크게 도움받았나 보다. 네가 이렇게 기뻐하는 모습 오랜만에 보는 것 같아. 그곳에서 어떤 지원을 받았는지 궁금해지네.	N	2022-09-22 17:02:23	2022-09-22 17:02:23
BE22020056	5	0	응, 나 오늘 정말 너무너무 기쁘고 행복해! 취업지원실에서 워낙 꼼꼼하고 친절하게 상담해 주셔서, 그 덕에 좋은 일자리 찾을 수 있었어. 자소서 첨삭에서부터 모의 면접, 적성검사까지 정말 가족처럼 챙겨주시더라.	N	2022-09-22 17:02:23	2022-09-22 17:02:23
BE22020056	6	1	그렇게 도움받았으면 나였어도 너무 고맙고 기쁠 것 같아. 가족처럼 남을 챙기고 배려한다는 게 말처럼 쉬운 일이 아닌데, 정말 좋은 분들을 잘 만났네.	N	2022-09-22 17:02:23	2022-11-08 05:36:05
BE22020056	7	0	그치? 자기도 그렇게 생각하지? 그렇게 따뜻하고 세심한 배려와 친절은 살면서 정말 오랜만에 받아봤어. 지금 말하면서 다시 생각해 봐도 너무 고맙고 기쁘다.	N	2022-09-22 17:02:23	2022-09-22 17:02:23
BE22020056	8	1	나도 비슷한 경험을 한 적 있어서, 네가 느끼는 기쁜 마음이 너무 잘 이해가 돼. 내가 이렇게 존중받을 만큼 고귀하고 대단한 사람인가 싶어서 자존감이 막 올라가잖아. 도움 덕분에 뭐든 다 해낼 수 있을 것 같이 자신감도 차오르고.	N	2022-09-22 17:02:23	2022-09-22 17:02:23
BE22020056	9	0	오, 맞아! 내가 느낀 기분이 딱 자기가 말한 표현이랑 똑같아. 그렇게 꼼꼼하고 완벽한 지원을 받으니까, 어느 곳이든 다 취업할 수 있을 것 같더라. 돌이켜 생각해 보면 그 자신감과 의지 덕분에 이번 취업에 성공할 수 있었던 것 같아.	N	2022-09-22 17:02:23	2022-09-22 17:02:23
BE22020056	10	1	너무 겸손하게 말하지 않아도 돼. 취업지원실이 큰 도움이 된 것도 맞지만, 자신감 넘치고 열정 있는 태도는 네 장점이기도 해. 네가 최선을 다해서 취업을 준비했기 때문에 취업지원실의 도움도 효과가 있었던 거니까, 스스로 자부심을 가져.	N	2022-09-22 17:02:23	2022-11-08 05:36:06
BE22020056	11	0	그렇게 생각해 본 적 없었는데, 자기가 그렇게 말해주니까 내가 대단한 사람이 된 것 같아. 안 그래도 취업 성공해서 기분 좋았는데, 자기가 해준 칭찬 덕분에 진짜 최고로 기쁘고 행복해졌어. 고마워 정말!	N	2022-09-22 17:02:23	2022-09-22 17:02:23
BE22020056	12	1	내가 사랑하는 네가 가진 수많은 장점 중 하나를 칭찬했을 뿐이야. 내 말로 인해 네가 기뻤다니 오히려 기분이 좋네. 그래서 취업지원실에 감사 인사하러 가는 길이야?	N	2022-09-22 17:02:23	2022-11-08 05:36:06
BE22020056	13	0	응! 취업 성공했다는 소식도 전할 겸, 도와주셔서 감사했다는 인사도 드릴 겸 가고 있어. 자기 덕분에 뭔가 더 당당해진 모습으로 갈 수 있게 된 것 같아서 기분이 좋아. 오늘 대화 정말 유익하고 고마웠어.	N	2022-09-22 17:02:23	2022-09-22 17:02:23
BE22020056	14	1	오늘 같이 기쁜 일을 나한테 가장 먼저 이야기해 줘서 오히려 내가 고마웠어. 다시 한번 취업 진심으로 축하하고, 취업지원실 분들께도 감사하다고 전해줘. 우리는 주말에 보자.	N	2022-09-22 17:02:23	2022-11-08 05:36:06
BE22020056	15	0	알겠어. 이따가 일정 끝나는 대로 다시 연락할게. 항상 나를 응원하고 지지해 줘서 진심으로 고마워.	Y	2022-09-22 17:02:23	2022-09-22 17:02:23
