id	utterance_id	utterance_type	utterance_text	terminate	regDate	updDate
BE22009481	1	0	자기야, 나 오늘 완전 기분 좋아서 퇴근길에 편의점에 들러서 맥주 사왔어!	N	2022-07-17 06:45:33	2022-11-08 04:25:25
BE22009481	2	1	이렇게 기분 좋아하는 걸 보니 혹시 승진한 거야?	N	2022-07-17 06:45:33	2022-11-08 04:25:25
BE22009481	3	0	응! 나 드디어 팀장으로 승진했어! 오늘 회사에서 내내 웃음 나는 거 참느라 고생했지 뭐야.	N	2022-07-17 06:45:33	2022-11-08 04:25:25
BE22009481	4	1	내 여자 친구 진짜 대단하다. 자기가 얼마나 열심히 준비했는지 내가 다 지켜봤잖아. 자기가 이렇게 좋아하니까 나도 너무 기쁘다.	N	2022-07-17 06:45:33	2022-11-08 04:25:25
BE22009481	5	0	자기 일처럼 기뻐해줘서 고마워. 작년에 완료한 프로젝트가 실적이 좋아서 기대했었는데 진짜 됐어!	N	2022-07-17 06:45:33	2022-11-08 04:25:25
BE22009481	6	1	그렇게 규모가 큰 프로젝트에 성공했을 때부터 정말 대단하다고 생각했어. 부담감에 잠도 잘 못 자면서 끝끝내 완수했잖아. 흔들리지 않고 밀고 나가는 모습 보면서 정말 배워야겠다고 생각했었어.	N	2022-07-17 06:45:33	2022-11-08 04:25:25
BE22009481	7	0	나도 진짜 실패할까 봐 무섭고 걱정스러웠는데, 이 한계를 넘어야 성장할 수 있을 것 같았어. 두려움을 이겨낸 보람이 있는 것 같아서 지금 날아갈 것 같은 기분이야.	N	2022-07-17 06:45:33	2022-11-08 04:25:25
BE22009481	8	1	스스로 한계라고 느꼈지만 극복해냈으니까 얼마나 뿌듯하겠어. 괜히 나까지 마음이 막 뭉클해. 내 여자 친구 승진했다고 동네방네 자랑하고 싶다!	N	2022-07-17 06:45:33	2022-11-08 04:25:25
BE22009481	9	0	사실 내 마음도 그런데 좀 민망해서 자기한테라도 마음껏 자랑하는 거야! 말하고 나니까 더 신난다.	N	2022-07-17 06:45:33	2022-11-08 04:25:25
BE22009481	10	1	나한테 오늘 종일, 아니 한 달 내내 자랑해도 좋으니까 마음껏 지금 이 순간을 누려! 난 백번도 더 받아줄 수 있어.	N	2022-07-17 06:45:33	2022-11-08 04:25:25
BE22009481	11	0	역시 내 남자 친구라니까. 자기 덕분에 이 축배의 맥주가 두배는 더 맛있게 느껴질 것 같아.	N	2022-07-17 06:45:33	2022-11-08 04:25:25
BE22009481	12	1	퇴근하고 마시는 맥주는 안 그래도 꿀맛인데, 이렇게 좋은 일 뒤에 마시는 맥주니 얼마나 맛있겠어. 그동안 고생했던 게 한 번에 내려가는 기분일 거야.	N	2022-07-17 06:45:33	2022-11-08 04:25:25
BE22009481	13	0	이번에 이렇게 힘을 쏟아붓고 승진이 안 되면 어떡하나 많이 초조했거든. 다행히 좋은 결과가 나와서 앞으로 또 달릴 수 있는 힘을 얻었어.	N	2022-07-17 06:45:33	2022-11-08 04:25:25
BE22009481	14	1	앞으로 더 잘 될 일만 남은 것 같네. 나도 옆에서 열심히 응원할게!	Y	2022-07-17 06:45:33	2022-11-08 04:25:25
