id	utterance_id	utterance_type	utterance_text	terminate	regDate	updDate
BE22005368	1	0	자기야 이번 주에는 친구들끼리 파티가 있을 예정이라, 데이트가 어려울 것 같아.	N	2022-06-30 06:56:14	2022-11-08 03:58:59
BE22005368	2	1	그럼 친구들과의 시간도 꼭 보내야지! 그런데 무슨 파티 하기로 한 거야?	N	2022-06-30 06:56:14	2022-11-08 03:58:59
BE22005368	3	0	내 친구 중 자기는 늘 비혼주의라 했던 친구 기억나지? 그 친구 신부파티 해주기로 했어. 나도 결혼을 준비하는 입장에서 동지 생긴 기분이라 너무 기뻐.	N	2022-06-30 06:56:14	2022-11-08 03:58:59
BE22005368	4	1	결혼이 얼마나 큰 이벤트인데, 같이 정보도 공유할 수 있고 고민도 비슷할 거고. 자기가 신나 하는 걸 보니 나도 들뜨는걸?	N	2022-06-30 06:56:14	2022-11-08 03:59:00
BE22005368	5	0	비혼주의인 친구 혼자 남겨놓고 떠나는 기분이라, 마음이 좋지 않았는데. 이런 깜짝 소식을 전해줄 거라곤 생각도 못했어. 난 늘 결혼을 찬성하는 입장이라 친구가 인연을 만나서 그저 안심이 될 뿐이야.	N	2022-06-30 06:56:14	2022-11-08 03:59:00
BE22005368	6	1	둘이 정말 각별한 친구 사이잖아. 친구 혼자 평생 산다는 게 걱정된다고 입버릇처럼 이야기했는데, 꼭 맞는 인연을 만나서 결실을 맺는다니 좋은 일이지. 자기가 안심이 된다니 나도 마음이 놓여.	N	2022-06-30 06:56:14	2022-11-08 03:59:00
BE22005368	7	0	지난주에는 예비 신랑이라면서 소개시켜줬는데, 정말 이 친구가 비혼주의인 마음을 돌릴 만큼 훤칠하고 멋지시더라고. 너무 갑작스러워서 뭔가에 휘둘린 건 아닐까 걱정했는데 바로 안심이 되더라.	N	2022-06-30 06:56:14	2022-11-08 03:59:00
BE22005368	8	1	자기 사람 보는 눈은 끝내주잖아. 촉도 기가 막히고, 자기가 그렇게 느껴졌다면 둘은 좋은 부부가 될 게 분명해.	N	2022-06-30 06:56:14	2022-11-08 03:59:00
BE22005368	9	0	웨딩 업체도 같은 곳에서 하기로 해서, 드레스 피팅도 같이 가기로 했어. 세상에 친구랑 동시에 결혼준비하는 신부는 나밖에 없을 거야. 특별한 추억이 될 것 같아.	N	2022-06-30 06:56:14	2022-11-08 03:59:00
BE22005368	10	1	또 하나의 행복한 기억이 쌓이겠네. 그럼 친구 신랑이랑도 내가 친분을 좀 쌓아둬야겠는데? 리액션도 맞춰보고 말이야. 하하.	N	2022-06-30 06:56:14	2022-11-08 03:59:00
BE22005368	11	0	안 그래도 친구 예비 남편도 자기를 궁금해한대, 나이도 비슷하고 말이야. 그래서 말인데 다음번에 한번 저녁 같이 먹으면 어떨까 싶어.	N	2022-06-30 06:56:14	2022-11-08 03:59:00
BE22005368	12	1	난 늘 새로운 사람 만나는 것 좋아하잖아. 거기에다 자기의 둘도 없는 친구와 그 예비남편을 소개받는 자리니까. 난 언제든 좋아!	N	2022-06-30 06:56:14	2022-11-08 03:59:00
BE22005368	13	0	자기가 이렇게 찬성해주니까 더욱더 신이 난다. 그럼 친구랑 얘기해서 시간 맞춰볼게.	N	2022-06-30 06:56:14	2022-11-08 03:59:00
BE22005368	14	1	자기의 기쁨은 곧 내 삶의 낙이야. 난 다른 일정 없으니까 둘이서 상의해서 통보해줘.	Y	2022-06-30 06:56:14	2022-11-08 03:59:00
