id	utterance_id	utterance_type	utterance_text	terminate	regDate	updDate
BE22005847	1	0	자기야, 나 생활 속에서 운동을 실천하는 방법 알아냈어.	N	2022-07-03 13:10:58	2022-11-08 04:02:03
BE22005847	2	1	그게 뭔데? 굉장히 솔깃하다. 어서 말해줄래?	N	2022-07-03 13:10:58	2022-11-08 04:02:03
BE22005847	3	0	점심식사를 하고 마음 잘 맞는 동료랑 수다 떨면서 공원 산책하는 거야! 어때?	N	2022-07-03 13:10:58	2022-11-08 04:02:03
BE22005847	4	1	회사 생활을 하면서 운동도 하는 거 일석이조지! 게다가 수다까지 떨면 더 칼로리가 소비되겠는데? 대단해.	N	2022-07-03 13:10:58	2022-11-08 04:02:03
BE22005847	5	0	회사에 같이 들어온 동기가 있는데 이번 인사이동 때 같은 부서에서 근무하게 되었거든. 완전 나랑 잘 맞아. 같이 걸으니까 그렇게 재미가 있더라고.	N	2022-07-03 13:10:58	2022-11-08 04:02:03
BE22005847	6	1	좋겠다. 직장 생활하는데 마음 맞는 동료 한 명만 있어도 회사가 싫지는 않잖아. 게다가 점심 먹고 산책까지 하는 게 잘 맞으면 더할 나위가 없네. 얼마나 신나겠어!	N	2022-07-03 13:10:58	2022-11-08 04:02:03
BE22005847	7	0	응, 둘 다 가볍게 점심 먹고 산책까지 하니까 정말 마음도 좋고 몸도 좋아. 이런 일을 회사에서 할 수 있다니 진짜 기쁜 거 있지.	N	2022-07-03 13:10:58	2022-11-08 04:02:03
BE22005847	8	1	그렇겠네, 자기가 평소에 운동 부족으로 울상이었잖아. 이제야 자기에게 딱 맞는 운동법을 찾아냈네. 자기가 그렇게 기뻐하니까 나도 기분이 참 좋아!	N	2022-07-03 13:10:58	2022-11-08 04:02:03
BE22005847	9	0	이렇게 만족스러운 회사 생활이 있었나 싶어. 이야기도 잘 통하니까 산책이 힘들지도 않고 말이야.	N	2022-07-03 13:10:58	2022-11-08 04:02:03
BE22005847	10	1	그렇게 몇 달만 이어가면 체력 증진은 문제없겠는데? 꾸준히 생활 속에서 할 수 있는 운동을 찾더니 축하해! 역시 끊임없이 찾은 덕분에 이런 좋은 기회가 왔네.	N	2022-07-03 13:10:58	2022-11-08 04:02:03
BE22005847	11	0	응, 작심삼일만 된다고 스스로 자책이 심했는데 자연스럽게 몸을 움직일 수 있는 게 최고야. 운동하며 절로 스트레스까지 풀리니 너무 만족스러워.	N	2022-07-03 13:10:58	2022-11-08 04:02:03
BE22005847	12	1	그게 다 자기가 눈에 불을 켜고 좋은 방법을 찾아 헤맸기 때문이야. 스스로 많이 칭찬해줘. 좋은 방법을 찾아 계속 실천까지 하는 거 정말 대단해, 장해!	N	2022-07-03 13:10:58	2022-11-08 04:02:03
BE22005847	13	0	하하, 자기한테 칭찬까지 들으니까 너무 기분 좋은데?	N	2022-07-03 13:10:58	2022-11-08 04:02:03
BE22005847	14	1	요즘 날씨도 좋은데 주말에는 나랑 공원 산책하자. 걸으면서 이야기도 많이 하고, 어때?	N	2022-07-03 13:10:58	2022-11-08 04:02:03
BE22005847	15	0	너무 좋지! 그럼 주말에 보는 거다? 이따 연락할게!	Y	2022-07-03 13:10:58	2022-11-08 04:02:03
