id	utterance_id	utterance_type	utterance_text	terminate	regDate	updDate
BE22005574	1	0	자기야 나 지난밤에 무슨 일 있었는지 알아?	N	2022-07-01 08:51:08	2022-11-08 04:00:18
BE22005574	2	1	무슨 일이길래 이렇게 신났어.	N	2022-07-01 08:51:08	2022-11-08 04:00:18
BE22005574	3	0	어젯밤 정확히는 딱 내 생일 되던 자정에 친구들이 갑자기 찾아와서 깜짝 생일 파티 열어줬다? 나 너무 놀라고 감동받아서 울었잖아.	N	2022-07-01 08:51:08	2022-11-08 04:00:18
BE22005574	4	1	와 대박이다. 친구들 센스쟁이네, 우리 자기 서프라이즈 좋아하는 거 딱 알고 그 시간에 파티라니! 진짜 좋았겠다.	N	2022-07-01 08:51:08	2022-11-08 04:00:18
BE22005574	5	0	벌써 안 지 10년이 넘었으니 내가 뭘 좋아하는지 속속들이 알고 있는 거지. 축하 연락이 없어서 뭐지 했는데 찾아오다니! 놀라서 자빠질 뻔했는데, 너무 만족스러워.	N	2022-07-01 08:51:08	2022-11-08 04:00:18
BE22005574	6	1	친구들의 서프라이즈가 제대로 먹혔구나. 친구들이 직접 찾아와서 챙겨주는 생일이었다니. 너무나 감격스러웠겠다.	N	2022-07-01 08:51:08	2022-11-08 04:00:18
BE22005574	7	0	응, 한 명 한 명 다 편지에 선물까지. 고마워서 어쩔 줄을 모르겠더라고. 다 같이 케이크 불고 이런저런 이야기 나누는데 진짜 이렇게 행복해도 되나 싶더라고.	N	2022-07-01 08:51:08	2022-11-08 04:00:18
BE22005574	8	1	평소에 자기가 친구들에게 좀 잘해야 말이지. 친구들도 다 기억했다가 돌려주는 것 같아. 친구들 일일이 챙겨주는 자기가 진짜 착하다고 생각했어!	N	2022-07-01 08:51:08	2022-11-08 04:00:18
BE22005574	9	0	난 그 사람이 좋으면 안 챙겨주고는 못 배기는걸. 그래서 이렇게 내 생일날, 친구들이 나를 위해 파티를 열어줘서 진짜 너무 좋은 거 있지. 내 친구들의 사랑을 확인했어.	N	2022-07-01 08:51:08	2022-11-08 04:00:18
BE22005574	10	1	완벽한 생일날의 시작이었다. 너무 행복하게 잠들고 일어났겠는걸?	N	2022-07-01 08:51:08	2022-11-08 04:00:18
BE22005574	11	0	응, 잠은 많이 못 자서 피곤은 한데 기분이 좋아서 아주 힘이 넘쳐!	N	2022-07-01 08:51:08	2022-11-08 04:00:18
BE22005574	12	1	이렇게 기분 좋은 생일날이라니 오늘 자기를 만날 나까지 너무 기분 좋잖아. 나도 더 분발해서 기억에 남는 생일로 만들어 줄게.	N	2022-07-01 08:51:08	2022-11-08 04:00:18
BE22005574	13	0	앗, 기대해도 되는 거야? 그 마음만으로 나는 그냥 행복해. 미리 고마워!	N	2022-07-01 08:51:08	2022-11-08 04:00:19
BE22005574	14	1	그럼, 친구들 못지않게 준비했으니까 무조건 기대해줘! 저녁에 보자!	Y	2022-07-01 08:51:08	2022-11-08 04:00:19
