id	utterance_id	utterance_type	utterance_text	terminate	regDate	updDate
BE22022946	1	0	자기야 나 너무 기쁜 소식이 있어. 기분이 너무 좋아서 들떠있어.	N	2022-09-30 05:41:32	2022-09-30 05:41:32
BE22022946	2	1	어떤 행복한 일이 생긴 거야? 정말 좋아 보여서 궁금하다.	N	2022-09-30 05:41:32	2022-11-08 05:51:30
BE22022946	3	0	이번에 내가 좋아하는 가수 콘서트 티켓을 못 구해서 슬퍼하던 참이었잖아. 암표상 때문에 문제가 많았는데 그 가수가 그걸 지적하면서 콘서트를 하루 더 연장한대. 내가 좋아하는 유명한 가수가 콘서트 산업의 안 좋은 관습에 관심을 표했다는 게 기분이 좋네.	N	2022-09-30 05:41:32	2022-09-30 05:41:32
BE22022946	4	1	안 그래도 그 콘서트 못 가게 됐다고 시무룩했던 게 마음에 걸렸는데 너무 잘 됐다. 자기 말대로 영향력 있는 사람이 악습에 관해 관심을 보이면 좋은 영향력이 있을 테니까. 자기가 어떤 부분에서 기분이 좋아졌는지 알 것 같아.	N	2022-09-30 05:41:32	2022-11-08 05:51:30
BE22022946	5	0	응, 내가 좋아하는 가수가 정의를 위해 모르는척하지 않고 대처하려고 했다는 게 좋아. 팬들이 억울한 일을 당하지 않게 나서서 보호해 주는 거잖아. 이번 일을 통해 다시 한번 그 가수에게 사랑에 빠진 것 같아.	N	2022-09-30 05:41:32	2022-09-30 05:41:32
BE22022946	6	1	자기가 이렇게 들뜬 모습을 보니 나까지도 기쁘다. 진심으로 좋아하고 동경하는 가수가 생기는 게 생각보다 어려운 일이라 힘껏 응원해 주고 싶어. 게다가 그 가수가 팬을 진심으로 아끼고 사랑하는 것 같아서 더 보기 좋아.	N	2022-09-30 05:41:32	2022-11-08 05:51:30
BE22022946	7	0	자기 말대로 팬들에게 보답하려고 해주는 가수라서 더 좋아. 콘서트를 하루 더 여는 게 말이 쉽지, 사실 어려운 일이잖아.	N	2022-09-30 05:41:32	2022-11-08 05:51:30
BE22022946	8	1	그럼, 계획된 일정도 있을 테고 금전적인 부분에서도 신경 쓸 게 더 많을 것 같아. 그런데도 불합리한 가격으로 암표를 사서 오는 팬이 있을까 봐 신경 써준 게 참 감동이네.	N	2022-09-30 05:41:32	2022-11-08 05:51:30
BE22022946	9	0	내가 이 가수 덕분에 하루하루 힘을 내서 살아간다는 생각이 이런 행동에서 나오나 봐. 이렇게까지 행복을 주는 취미가 처음이라 너무 설레.	N	2022-09-30 05:41:32	2022-09-30 05:41:32
BE22022946	10	1	자기가 이렇게까지 조목조목 따져서 좋다고 표현한 적이 없기 때문에 더 와닿아. 단어 하나하나에 그 가수에 대한 애정이 묻어있는 것 같아.	N	2022-09-30 05:41:32	2022-11-08 05:51:30
BE22022946	11	0	이런 아가페적 사랑을 하는 건 처음이라 더 설레. 애인이 연예인을 좋아하는 걸 이해하지 못하는 경우가 있대서 걱정했는데 자기는 이해해 줘서 마음이 편하다.	N	2022-09-30 05:41:32	2022-09-30 05:41:32
BE22022946	12	1	자기가 이렇게나 즐겁고 건강한 방식으로 스트레스를 풀고 기운을 얻잖아. 그 가수의 공연을 보면서 행복해하는 자기를 보면 나까지 행복해져서 좋아. 누구보다 자기의 취미를 응원하고 싶어, 연장된 콘서트 매표도 성공했으면 좋겠네.	N	2022-09-30 05:41:32	2022-11-08 05:51:30
BE22022946	13	0	내 취미를 이해해 줘서 고마워. 자기가 응원해 주고 격려해 주는 덕에 더 편하게 취미를 즐길 수 있는 것 같아. 다음에 기회가 된다면 같이 콘서트도 가보자.	N	2022-09-30 05:41:32	2022-09-30 05:41:32
BE22022946	14	1	나야 언제든지 환영이지. 이번에 매표 다시 열리면 같이 도전해 보자.	N	2022-09-30 05:41:32	2022-11-08 05:51:30
BE22022946	15	0	그래, 기쁜 마음으로 같이 이야기 나눠줘서 고마워. 편견 없이 내 취미를 응원해 주는 자기가 있어서 두 배로 기쁘다.	Y	2022-09-30 05:41:32	2022-09-30 05:41:32
