id	utterance_id	utterance_type	utterance_text	terminate	regDate	updDate
BE22005916	1	0	자기야 어떡해. 곧 주말이야. 하루만 지나면 내 첫 조카를 볼 수 있어!	N	2022-07-04 03:54:29	2022-11-08 04:02:29
BE22005916	2	1	하하, 그렇게 주말만 기다리더니. 완전 흥분한 거 같네. 그렇게 좋아?	N	2022-07-04 03:54:29	2022-11-08 04:02:29
BE22005916	3	0	응! 첫 조카는 내 자식보다 더 예쁘다잖아. 얼마나 예쁠지 상상이 안 돼.	N	2022-07-04 03:54:29	2022-11-08 04:02:29
BE22005916	4	1	고모랑 조카 사이라서 그런가. 사진만 봐도 자기랑 굉장히 닮아서 더 보고 싶을 거 같아. 그러게 얼마나 예쁠까?	N	2022-07-04 03:54:29	2022-11-08 04:02:29
BE22005916	5	0	그렇지? 신기한 게 나랑 닮아서 더 그립고 애틋한 감정이 드는 거야. 아, 어서 오늘이 갔으면 좋겠어!	N	2022-07-04 03:54:29	2022-11-08 04:02:29
BE22005916	6	1	그래, 오늘만 지나면 조카를 볼 수 있어. 나도 일이 손에 안 잡히는데 자기는 오죽할까! 얼마나 작고 귀여울까 생각하면 당장이라도 달려가고 싶을 거 같아.	N	2022-07-04 03:54:29	2022-11-08 04:02:29
BE22005916	7	0	맞아, 일이고 뭐고 다 내려놓고 달려가고 싶은 마음이야. 주말만 손꼽아 기다리는 마음 내 조카는 모르겠지?	N	2022-07-04 03:54:29	2022-11-08 04:02:29
BE22005916	8	1	하하, 그 마음 잘 간직하고 있다가 조카가 어느 정도 크면 말해주면 되겠네. 고모가 널 이렇게 아끼고 사랑했다는 걸 말이야. 조카에게도 얼마나 큰 행복이 되겠니.	N	2022-07-04 03:54:29	2022-11-08 04:02:29
BE22005916	9	0	그러게, 어려서부터 나를 예뻐해 준 사람이 있다는 건 사는데 큰 위로가 되지. 이번에 가면 정말 많이 예뻐해 줄 거야!	N	2022-07-04 03:54:29	2022-11-08 04:02:29
BE22005916	10	1	조카를 아예 바닥에 내려놓지 않고 안고만 있을 거 같은걸? 애 버릇 나빠지게 한다고 한 소리 듣는 건 아닌가 몰라. 하하, 조카는 좋겠네 이런 고모가 있어서!	N	2022-07-04 03:54:29	2022-11-08 04:02:29
BE22005916	11	0	나는 날 예뻐해 준 친척이 없어서 그런지 조카에게 더 잘해야겠다는 생각만 들어. 자주 봐야 정도 드는 거더라.	N	2022-07-04 03:54:29	2022-11-08 04:02:29
BE22005916	12	1	그러니까 가서 얼굴 보고 예뻐해주려고 주말만 기다린 거잖아. 자기라면 세계 일등 고모가 될 거야. 누구도 자기에게 대적이 되지 못할걸?	N	2022-07-04 03:54:29	2022-11-08 04:02:29
BE22005916	13	0	맞아, 정말 나는 좋은 고모가 되어줄 거야. 아, 정말 너무 흥분된다. 내일 눈을 뜰 때부터 행복할 거야!	N	2022-07-04 03:54:29	2022-11-08 04:02:29
BE22005916	14	1	자기가 이렇게 조카를 벌써 아끼는 고모라는 게 참 좋다. 아이에게 정서적 버팀목이 되어주는 멋진 고모가 될 거라 확신해. 조카가 태어난 걸 축하해, 주말 행복하게 지내!	N	2022-07-04 03:54:29	2022-11-08 04:02:29
BE22005916	15	0	응, 고마워. 나 잘 다녀올게. 사진 많이 찍고 와서 보내줄게!	N	2022-07-04 03:54:29	2022-11-08 04:02:29
BE22005916	16	1	그래, 알았어. 기대하고 있을게. 조심히 다녀와!	Y	2022-07-04 03:54:29	2022-11-08 04:02:29
