id	utterance_id	utterance_type	utterance_text	terminate	regDate	updDate
BE22007063	1	0	헤헤, 신난다! 역시 좋아하는 음식 먹을 때가 가장 즐거워.	N	2022-07-08 04:25:35	2022-11-08 04:09:59
BE22007063	2	1	맞아맞아, 다른 그 어떤 것과도 비교할 수 없는 큰 행복이지. 회사에서 종일 일에 치이다가 퇴근 후 좋아하는 음식 하나면 사르르 다 녹잖아. 내가 이거 먹으려고 일하지, 그런 생각하면서 말이야!	N	2022-07-08 04:25:35	2022-11-08 04:09:59
BE22007063	3	0	완전 공감이야. 지금 생각하면 웃기지만, 예전엔 괜히 여성스럽지 못한 것 같아서 먹는 거 좋아한다는 걸 숨겼었거든. 자기랑 데이트 할 때는 엄청 조금 먹고 먹는 거 귀찮아하는 척했었지. 속으로는 엄청 배고팠는데 말이야.	N	2022-07-08 04:25:35	2022-11-08 04:09:59
BE22007063	4	1	하하, 아주 선명하게 기억나. 말도 안 되는 양을 먹고 배부르다고 해서 나한테 잘 보이려고 하는구나 생각했어. 그래서 그 모습도 꽤 귀여웠지.	N	2022-07-08 04:25:35	2022-11-08 04:09:59
BE22007063	5	0	앗, 알고 있었구나. 그런데 점점 솔직한 모습을 내비쳐도 사랑해주는 자기 모습을 보고 그럴 필요 없다는 걸 깨달았지. 이렇게 맛있는 걸 먹으면서 어떻게 안 즐거워할 수가 있겠어.	N	2022-07-08 04:25:35	2022-11-08 04:09:59
BE22007063	6	1	그럼! 난 좋아하는 음식을 먹으면서 음미할 줄 아는 지금의 자기가 너무 사랑스럽고 건강해 보여서 좋아. 사실 인간의 기본적인 욕구를 훌륭하게 채우면 느껴지는 쾌감만큼 만족스러운 일이 잘 없잖아.	N	2022-07-08 04:25:35	2022-11-08 04:09:59
BE22007063	7	0	맞아, 진짜로 그래! 잘 자고 잘 먹는 것만 신경 써도 삶의 질이 올라가는 기분이야. 거기다가 옆에 자기까지 있어서 완벽해!	N	2022-07-08 04:25:35	2022-11-08 04:09:59
BE22007063	8	1	자긴 말도 참 예쁘게 해. 나도 그래! 그리고 사실 그런 행복을 잘 못 느끼는 경우도 많은데 자긴 행복의 폭이 큰 것 같아. 긍정적인 자기 모습이 정말 보기 좋아.	N	2022-07-08 04:25:35	2022-11-08 04:09:59
BE22007063	9	0	고마워! 자기도 어쩔 땐 편하지 않아? 내가 뾰로통 삐져있다가도 내가 좋아하는 음식 하나 사주면 다 풀리니까 말이야.	N	2022-07-08 04:25:35	2022-11-08 04:09:59
BE22007063	10	1	앗, 어떻게 알았지? 맞아, 그런 자기가 말도 못 하게 귀엽고 사랑스러워. 자기 덕분에 행복은 멀리 있지 않고 주변에 있다는 걸 매번 느껴.	N	2022-07-08 04:25:35	2022-11-08 04:09:59
BE22007063	11	0	그럼! 행복은 늘 내 주변에 있지. 내가 할 일은 그 행복을 알아채고 음미하는 일이잖아.	N	2022-07-08 04:25:35	2022-11-08 04:09:59
BE22007063	12	1	맞아맞아, 자기를 만나고 맛집 찾아다니고 거기에 즐거움을 느끼고 하는 시간들을 좋아하게 되었어. 사랑하는 사람과 좋아하는 음식을 함께 먹는 것만큼 행복한 일은 없는 것 같아.	N	2022-07-08 04:25:35	2022-11-08 04:09:59
BE22007063	13	0	함께 좋아해 줘서 정말 고마워.	N	2022-07-08 04:25:35	2022-11-08 04:09:59
BE22007063	14	1	늘 내 옆에 솔직한 모습으로 있어 줘서 고마워. 앞으로도 맛있는 거 많이 먹으러 다니자!	N	2022-07-08 04:25:35	2022-11-08 04:09:59
BE22007063	15	0	응, 그러자! 사랑해 자기야.	Y	2022-07-08 04:25:35	2022-11-08 04:09:59
