id	utterance_id	utterance_type	utterance_text	terminate	regDate	updDate
BE22001263	1	0	오랜만에 영화관에서 영화 보니까 좋다.	N	2022-06-14 08:16:47	2022-11-08 03:32:33
BE22001263	2	1	역시 영화는 영화관처럼 큰 화면에서 봐야 훨씬 재밌는 거 같아.	N	2022-06-14 08:16:47	2022-11-08 03:32:33
BE22001263	3	0	그래서인지 오늘 영화 너무 재밌었어. 사회적 거리두기 하는 동안 이걸 잊고 살았었어.	N	2022-06-14 08:16:47	2022-11-08 03:32:33
BE22001263	4	1	진짜. 이 재밌는 걸 못하고 살았다니 오늘 새삼 알았네. 영화 보러 가자고 먼저 이야기해줘서 고마워. 역시 내 짝궁 센스 있다니까.	N	2022-06-14 08:16:47	2022-11-08 03:32:33
BE22001263	5	0	영화 한 편에 센스 있는 여자라니 기분 좋아지는데. 어렸을 때 꿈이 영화감독이었는데... 그래서 난 영화관이 너무 좋았어.	N	2022-06-14 08:16:47	2022-11-08 03:32:33
BE22001263	6	1	영화감독이 꿈이었다는 이야기는 처음 듣는걸. 근데 왜 그만뒀어?	N	2022-06-14 08:16:47	2022-11-08 03:32:34
BE22001263	7	0	하고 싶은 거랑 할 수 있는 거랑 다르더라고. 그리고 크면서 난 보는 게 더 좋구나 하는 생각이 들더라. 그래서 지금도 영화관이 좋아.	N	2022-06-14 08:16:47	2022-11-08 03:32:34
BE22001263	8	1	어렸을 때 꿈은 커가면서 계속 바뀌니까 그래도 영화감독이었다니 멋졌는걸.	N	2022-06-14 08:16:47	2022-11-08 03:32:34
BE22001263	9	0	지금은 영화관에서 편하게 팝콘이나 먹으면서 영화보는 게 더 좋아. 얼마 전까지는 팝콘도 못 먹어서 영화가 덜 재밌었어.	N	2022-06-14 08:16:47	2022-11-08 03:32:34
BE22001263	10	1	맞아. 팝콘 먹으면서 이번 영화 재미있네 실망이네 하면서 보는 게 훨씬 재미있지. 이제 다시 할 수 있어서 이게 뭐라고 너무 반갑네.	N	2022-06-14 08:16:47	2022-11-08 03:32:34
BE22001263	11	0	나도. 우리 영화 보러 자주 오자.	N	2022-06-14 08:16:47	2022-11-08 03:32:34
BE22001263	12	1	네가 좋아하는 로맨스물도 보고, 내가 좋아하는 액션도 보러 오자.	N	2022-06-14 08:16:47	2022-11-08 03:32:34
BE22001263	13	0	벌써부터 신나네. 이제 개봉영화 계속 찾아봐야겠네.	N	2022-06-14 08:16:47	2022-11-08 03:32:34
BE22001263	14	1	난 그럼 우리 짝궁이 좋아하는 영화관 간식을 준비해야겠네.	Y	2022-06-14 08:16:47	2022-11-08 03:32:34
