id	utterance_id	utterance_type	utterance_text	terminate	regDate	updDate
BE22023359	1	0	일주일 째 즐기는 여유로움이 정말 나를 기쁘게 해. 일주일째 재택근무 중인데 아침에 눈을 뜨자마자 드는 기분이 너무 여유롭고 좋네.	N	2022-10-02 08:00:25	2022-10-02 08:00:25
BE22023359	2	1	통근 시간이 왕복 세 시간이 넘게 걸리니 재택근무가 정말 달가울 것 같아. 그만큼 잠도 푹 잤을 테고 활기가 넘치겠다. 자기가 이렇게 행복해 보여서 나도 참 기분이 좋네.	N	2022-10-02 08:00:25	2022-11-08 05:53:56
BE22023359	3	0	출근하느라 바빠서 아침에는 늘 여유가 없었는데. 재택하니까 일어나자마자 책상에 앉으면 근무가 시작되서 마음이 진짜 편해. 매일 아침에 눈 뜨면 환기를 시키는데, 창문으로 들어오는 바람도 다른 것 같아.	N	2022-10-02 08:00:25	2022-11-08 05:53:56
BE22023359	4	1	무척이나 느긋하고 편안해 보여서 내가 다 뿌듯하게 느껴진다. 그동안 출근 하느라 정말 고생했으니까 이번 재택근무를 원없이 누리자.	N	2022-10-02 08:00:25	2022-11-08 05:53:56
BE22023359	5	0	지금 최대한 누리려고 하는 중이야. 마음이 편안해서 그런지 업무의 효율이 극대화 된 것 같아. 회사에 출근할 때랑 같은 일을 하는 데도 콧노래가 절로 나온다.	N	2022-10-02 08:00:25	2022-10-02 08:00:25
BE22023359	6	1	집에서 일을 하면 마음이 풀어져서 업무에 집중 못하기 마련인데 달라진 환경에 완벽하게 적응하다니. 책임감을 가지고 업무를 대하고 해내는 자기의 모습이 정말 대단하다.	N	2022-10-02 08:00:25	2022-10-02 08:00:25
BE22023359	7	0	근무지가 달라진 것 뿐인데 일상이 내게 힐링으로 다가왔어. 자기 말대로 햇살이 좋아서 몸과 마음이 노곤해지면서 녹아내리는 것 같아.	N	2022-10-02 08:00:25	2022-10-02 08:00:25
BE22023359	8	1	혼자 온전히 업무에 집중할 수 있는 시간이 주어져서 더 좋을 것 같아. 특히나 오늘 햇살이 좋으니까, 창문만 열어도 절로 기분이 좋겠다. 자기 마음껏 하고 싶은 거 다 해.	N	2022-10-02 08:00:25	2022-11-08 05:53:56
BE22023359	9	0	응, 이렇게 좋아도 되나 싶어! 점심시간에는 집 근처에 있는 샐러드 집에서 샐러드를 포장하고 맛집에 커피도 포장해 오려고.	N	2022-10-02 08:00:25	2022-10-02 08:00:25
BE22023359	10	1	말만 들어도 행복한 재택근무구나! 자기가 굉장히 만족하는 것 같아서 나도 너무 기쁘다.	N	2022-10-02 08:00:25	2022-11-08 05:53:56
BE22023359	11	0	집에서 일하니 쫒기는 마음 대신 편안한 마음으로 먹고 즐기게 되네. 점심시간에 혼자 느긋하게 커피 한잔하는 게 소원이었어.	N	2022-10-02 08:00:25	2022-10-02 08:00:25
BE22023359	12	1	어떤 마음인지 너무 느껴진다. 즐길 수 있을 만큼 즐기면서 확실하게 재택근무를 만끽하자.	N	2022-10-02 08:00:25	2022-11-08 05:53:56
BE22023359	13	0	자기와 이렇게 이야기 나누니까 기쁨이 배가 되는 것 같아. 자기와 이런 이야기를 나눌 수 있어서 기뻐. 자기 말대로 충분히 즐겨야겠어.	N	2022-10-02 08:00:25	2022-10-02 08:00:25
BE22023359	14	1	그동안 긴 통근 시간으로 쉼이 없었던 생활이었잖아. 이번 기회에 자기가 충분히 쉬고 다시 힘을 낼 수 있으면 좋겠어.	Y	2022-10-02 08:00:25	2022-10-02 08:00:25
