id	utterance_id	utterance_type	utterance_text	terminate	regDate	updDate
BE22019987	1	0	자기, 회사 체육 대회에서 우리 부서가 우승했어! 내가 지금 얼마나 기쁜지 몰라! 진짜 올해 초 겪은 행복한 일들 중에서 제일 기뻐!	N	2022-09-22 11:44:43	2022-11-08 05:35:46
BE22019987	2	1	자기 신난 게 문자만 봐도 느껴지는걸. 나 같아도 너무 기뻐서 소리 질렀을 것 같아. 작년엔 아쉽게 져서 우울해 했었잖아, 근데 이번엔 우승해서 내가 다 기쁠 정도야!	N	2022-09-22 11:44:43	2022-11-08 05:35:46
BE22019987	3	0	응, 작년엔 간소한 점수 차이로 우리가 졌지. 그래서 우리가 이번 체육 대회만을 기다리면서 이를 갈았는데 우승해서 기뻐! 체육 대회 한 달 전부터 부서 사람들끼리 모여서 주말마다 운동했더니 이기게 되네!	N	2022-09-22 11:44:43	2022-09-22 11:44:43
BE22019987	4	1	자기 안 그래도 승부욕 대단한데 그만큼 준비도 철저하게 한 거 정말 대단해. 그렇게 열심히 해서 좋은 결과가 나타난 건가 봐. 나였으면 그렇게까지 하지 못했을 텐데 자기 항상 모든 일에 최선을 다하는 거 너무 멋져!	N	2022-09-22 11:44:43	2022-11-08 05:35:46
BE22019987	5	0	칭찬해주니까 더 기분이 좋아지네. 나 안 그래도 체육 대회 준비한다고 데이트도 자주 못 했잖아. 이제 이겼으니 마음 편안하게 우리 만날 수 있어!	N	2022-09-22 11:44:43	2022-09-22 11:44:43
BE22019987	6	1	홀가분한 기분으로 우리 드디어 약속 잡을 수 있겠구나! 그동안 연습한다고 고생 많았어. 자기의 노력과 땀이 이런 멋진 결실을 맺은 거야!	N	2022-09-22 11:44:43	2022-11-08 05:35:46
BE22019987	7	0	이번에 우승하면 보너스를 준다고 했었거든. 그래서 더 최선을 다한 것도 있어! 우승도 하고 보상도 받고 두 배로 즐거워!	N	2022-09-22 11:44:43	2022-09-22 11:44:43
BE22019987	8	1	우승한 것도 모자라서 보상도 두둑하게 받을 수 있는 거라면 당연히 기쁠 수밖에 없겠다! 부서 분위기 완전 좋겠네? 다들 회식하자는 말은 안 해?	N	2022-09-22 11:44:43	2022-09-22 11:44:43
BE22019987	9	0	금요일 날 회식하기로 했어! 비싼 소고기를 사준다고 하더라. 역시 운동한 보람이 있는 것 같아서 너무 뿌듯하고 행복해!	N	2022-09-22 11:44:43	2022-09-22 11:44:43
BE22019987	10	1	자기 그렇게 행복해 하는 걸 보니까 나도 다 기분이 좋고 그래. 오늘 하루 완전 재미있게 보냈겠네! 시간 가는 줄 모르고 즐겁게 보냈을 것 같아!	N	2022-09-22 11:44:43	2022-11-08 05:35:46
BE22019987	11	0	응, 역시 대회 같은 건 이겨야 제 맛인 것 같아. 내가 막판에 릴레이 경주에서 상대편 추월했거든. 1등으로 들어온 순간 사람들이 환호했던 걸 생각하면 아직도 두근거려.	N	2022-09-22 11:44:43	2022-09-22 11:44:43
BE22019987	12	1	꼭 영화 속 주인공 같은 느낌이겠네. 자기 안 그래도 평소에도 운동 부지런하게 해서 그렇게 이길 수 있었나 봐. 역시 틈틈이 운동한 보람이 있네!	N	2022-09-22 11:44:43	2022-11-08 05:35:46
BE22019987	13	0	그래서 앞으로도 열심히 운동하려고. 작년에는 체육 대회 때 평소 안 쓰던 몸을 갑자기 막 사용해서 근육통이 왔었거든. 근데 올해 초는 운동 시작해서 그런지 전혀 그런 게 없더라고!	N	2022-09-22 11:44:43	2022-11-08 05:35:46
BE22019987	14	1	운동을 꾸준히 해야 하는 이유가 여기 있었네. 나도 그럼 자기 따라서 운동해봐야겠어. 혹시 몰라, 우리 회사에서도 체육 대회를 할지도!	N	2022-09-22 11:44:43	2022-11-08 05:35:46
BE22019987	15	0	우리 그럼 같이 운동하면 되겠네! 자기 말처럼 자기네 회사에 체육 대회 열면 자기네 부서가 우승했으면 좋겠다.	Y	2022-09-22 11:44:43	2022-09-22 11:44:43
