id	utterance_id	utterance_type	utterance_text	terminate	regDate	updDate
BE22000894	1	0	나 합격했어. 가슴이 벅차고 기뻐서 얼마나 울었는지 몰라.	N	2022-06-13 14:10:58	2022-11-08 03:30:05
BE22000894	2	1	드디어 내 여자 친구가 원하던 의대생이 되는구나, 정말 축하해. 그 모든 수고와 노력을 다해온 네가 진심으로 존경스럽고 멋졌어.	N	2022-06-13 14:10:58	2022-11-08 03:30:06
BE22000894	3	0	사수하는 동안 데이트도 잘하지 못하고 네가 외로웠을 텐데 잘 견뎌줘서 고마워.	N	2022-06-13 14:10:58	2022-11-08 03:30:06
BE22000894	4	1	아니야, 네가 더 힘들었지. 혼자 고군분투하는 동안 도와줄 수 없어서 내가 미안했지.	N	2022-06-13 14:10:58	2022-11-08 03:30:06
BE22000894	5	0	내가 스스로 해내야 하는 일이잖아. 불안해하지 않고 나를 믿어 준 네가 고마웠어.	N	2022-06-13 14:10:58	2022-11-08 03:30:06
BE22000894	6	1	내가 널 많이 사랑하니까 당연히 믿음도 따라오는 거지. 데이트는 많이 못 했어도 덕분에 우리 둘 다 각자의 학업에 정진해서 좋은 결과를 얻었으니 감사하지 뭐.	N	2022-06-13 14:10:58	2022-11-08 03:30:06
BE22000894	7	0	이제 시간 날 때마다 데이트도 하고 기분도 내자.	N	2022-06-13 14:10:58	2022-11-08 03:30:06
BE22000894	8	1	암 그래야지. 이번 방학에는 그동안 고생한 거 다 풀어버리게 해외여행 다녀오자. 내가 일정 다 짤게.	N	2022-06-13 14:10:58	2022-11-08 03:30:06
BE22000894	9	0	좋아, 세상에 태어나서 가장 홀가분하고 행복한 여행이 될 것 같아.	N	2022-06-13 14:10:58	2022-11-08 03:30:06
BE22000894	10	1	그동안 쌓였던 부담, 스트레스와 서러움 다 날려버리고 새 인생을 위한 에너지를 가득 충전해서 오자.	N	2022-06-13 14:10:58	2022-11-08 03:30:06
BE22000894	11	0	응, 그러자. 이제 마음 편히 숨 쉬고 즐길 수 있을 것 같아. 의과대학에 입학하면 또 바쁘고 어렵겠지만 그 전까지는 너와 즐겁게 보내고 싶어.	N	2022-06-13 14:10:58	2022-11-08 03:30:06
BE22000894	12	1	인생에서 지금이 너에게 가장 기쁘고 황홀한 순간 중 하나일 텐데 너와 함께 보낼 수 있어서 너무 좋아. 새 학기가 시작되어 바쁘더라도 지금까지 해왔던 것처럼 각자의 길을 열심히 갈 수 있도록 서로 신뢰하고 사랑하면서 응원하자.	N	2022-06-13 14:10:58	2022-11-08 03:30:06
BE22000894	13	0	응, 그럴게. 오늘은 가족들이 나를 축하해주면서 행복해하는 모습 보면서 기쁨을 만끽해야 할 것 같고, 내일은 우리 만나서 데이트하면서 신나게 놀자.	N	2022-06-13 14:10:58	2022-11-08 03:30:06
BE22000894	14	1	물론이지. 내가 대학 합격한 그 기분을 실컷 즐길 수 있는 깜짝 놀랄만한 코스로 준비해 놓을 테니 기대해.	N	2022-06-13 14:10:58	2022-11-08 03:30:06
BE22000894	15	0	고마워, 넌 정말 내 인생에 최고의 남자가 될 거야.	Y	2022-06-13 14:10:58	2022-11-08 03:30:06
