id	utterance_id	utterance_type	utterance_text	terminate	regDate	updDate
BE22007642	1	0	나 오늘 완전 땡잡았잖아. 행복한 하루였어, 정말.	N	2022-07-11 01:13:38	2022-11-08 04:13:37
BE22007642	2	1	친구 만난다고 하더니, 친구랑 즐거운 시간을 보냈나보다. 행복해하는 모습 보니까 나도 덩달아 기분이 좋은걸?	N	2022-07-11 01:13:38	2022-11-08 04:13:37
BE22007642	3	0	하하, 내가 지난번부터 보고 싶다고 계속 말했던 그 연극, 기억나? 매번 예매 실패하고, 티켓 못 구해서 슬퍼했었잖아. 친구랑 대학로 간 김에 혹시 몰라서 가봤는데 당일 취소표가 있더라고!	N	2022-07-11 01:13:38	2022-11-08 04:13:38
BE22007642	4	1	와, 완전 행운이었네! 네가 보고 싶다고 해서 나도 예매해보려고 했는데 인기가 많아서 못 구했잖아. 오늘 하루 종일 기분이 너무 좋았겠다.	N	2022-07-11 01:13:38	2022-11-08 04:13:38
BE22007642	5	0	게다가 기대했던 것만큼 너무 좋은 연극이었어. 진짜 너무 만족스러워.	N	2022-07-11 01:13:38	2022-11-08 04:13:38
BE22007642	6	1	꽤 오래전부터 보고 싶다고 했었는데, 이렇게 보게 되어서 정말 기쁘겠다. 연극도 좋았다고 하니 정말 모든 걸 다 가진 기분이겠는걸? 나라도 하늘을 나는 기분일 것 같아.	N	2022-07-11 01:13:38	2022-11-08 04:13:38
BE22007642	7	0	오늘 날씨도 좋았고, 연극도 좋았고, 정말 최고의 하루였어. 친구도 재밌다고 해주니까 더 좋더라.	N	2022-07-11 01:13:38	2022-11-08 04:13:38
BE22007642	8	1	요즘 네가 반복되는 일상이 지루하고 재미없다고 종종 말하곤 했잖아. 근데 오늘 연극이 네게 활력이 된 것 같아서 내가 더 좋다. 행복감이 네 마음속에 가득 차 있는 모습이 느껴지네.	N	2022-07-11 01:13:38	2022-11-08 04:13:38
BE22007642	9	0	혹시 몰라서 현장 예매를 기웃거려봤는데, 마침 딱 취소표가 있다니! 이건 정말 운명인 거 같아.	N	2022-07-11 01:13:38	2022-11-08 04:13:38
BE22007642	10	1	그렇네! 처음엔 다른 곳에서 만나기로 했는데 약속 장소도 급하게 바뀐 거였잖아. 오늘은 정말 다 잘 풀리는 날이었다. 뿌듯하고 만족스럽겠다.	N	2022-07-11 01:13:38	2022-11-08 04:13:38
BE22007642	11	0	오늘 그래서 일기도 썼어. 연극이 너무 좋아서 다음에는 자기랑 꼭 보러 가고 싶어.	N	2022-07-11 01:13:38	2022-11-08 04:13:38
BE22007642	12	1	네게 이렇게 행복감을 주는 연극이라니, 나도 너무 궁금하다. 네가 이렇게 즐거워하는 모습이 간만인 것 같아. 정말 보기 좋다.	N	2022-07-11 01:13:38	2022-11-08 04:13:38
BE22007642	13	0	하하, 자기가 내 마음을 알아주니까 좋다. 사소한 거라서 공감하지 못할 수도 있는데 말이야.	N	2022-07-11 01:13:38	2022-11-08 04:13:38
BE22007642	14	1	원래 사소한 것들이 쌓여서 그날 하루의 내 감정을 만들어주는 거니까. 자기의 긍정적 에너지가 느껴지네. 앞으로도 이렇게 생기 넘칠 수 있도록 우리 연극 데이트 자주 해야겠는걸!	Y	2022-07-11 01:13:38	2022-11-08 04:13:38
