id	utterance_id	utterance_type	utterance_text	terminate	regDate	updDate
BE22009984	1	0	자기야 나 어제 드디어 친구랑 태어나서 처음으로 술집 가봤어.	N	2022-07-19 00:53:39	2022-11-08 04:28:41
BE22009984	2	1	정말? 그렇게 가보고 싶어 하더니 드디어 어제 갔었구나. 어땠어?	N	2022-07-19 00:53:39	2022-11-08 04:28:41
BE22009984	3	0	내 생각보다 훨씬 재밌었어! 처음이라서 술은 조금만 마셨는데 완전 신났어. 처음에는 맛이 왜 이런가 했는데 살짝 취하니까 정말 재밌더라고.	N	2022-07-19 00:53:39	2022-11-08 04:28:41
BE22009984	4	1	그랬구나. 얘기하는 걸 보니 엄청 신나게 놀았나 보네. 그래도 너무 자주 마시지는 말고.	N	2022-07-19 00:53:39	2022-11-08 04:28:41
BE22009984	5	0	응, 그럴게. 술을 마시니까 내가 진짜 성인이 됐구나 싶어. 나도 이제 드디어 어른들의 세계에 발을 들였구나. 어쩐지 당당해지고 뿌듯하기도 해.	N	2022-07-19 00:53:39	2022-11-08 04:28:41
BE22009984	6	1	자기가 그렇게 즐거워하니까 나도 웃음이 난다. 뿌듯하다고까지 느끼는 모습이 귀엽기도 하고 흐뭇하기도 하네. 처음 가본 술집이 얼마나 재밌고 신났을까?	N	2022-07-19 00:53:39	2022-11-08 04:28:41
BE22009984	7	0	응, 살짝 취한 느낌이 새롭기도 하고 기분이 상기되어서 더 재밌게 놀았던 것 같아. 말하다 보니 내가 너무 술고래처럼 얘기하는 것 같네. 이상해 보여?	N	2022-07-19 00:53:39	2022-11-08 04:28:41
BE22009984	8	1	하하, 아니야. 처음 경험한 것이라 그럴 수 있다고 생각해. 처음 경험하는 일은 더 설레고 새삼스럽고 즐거운 법이잖아. 그러니까 자기가 설레고 즐거운 마음이 드는 건 당연한 거야.	N	2022-07-19 00:53:39	2022-11-08 04:28:41
BE22009984	9	0	그렇게 말해줘서 고마워. 술 마시고 노는 것도 참 재밌었지만 뭔가 어른이 된 기분. 그게 참 기쁘고 기분 좋더라고.	N	2022-07-19 00:53:39	2022-11-08 04:28:41
BE22009984	10	1	나도 이제 당당한 사회인이다, 이런 느낌이 들고 스스로 자랑스럽게 느껴지겠네. 내가 자기였어도 뭔가 관문을 통과한 것 같아서 뿌듯한 기분이 들었을 거야. 누구라도 성인으로서 첫 경험을 하면 그렇게 설레고 가슴이 벅찰 거야.	N	2022-07-19 00:53:39	2022-11-08 04:28:41
BE22009984	11	0	맞아. 자기 말대로 관문을 무사히 통과한 느낌이라고나 할까? 이제 고등학교를 졸업하고 한 사람의 사회인이 되는 거지.	N	2022-07-19 00:53:39	2022-11-08 04:28:41
BE22009984	12	1	맞아, 내가 해냈다는 그 느낌은 정말 뿌듯하고 보람찬 거야. 그럼 한 사람의 사회인으로서 나랑 같이 와인 마시러 갈까?	N	2022-07-19 00:53:39	2022-11-08 04:28:41
BE22009984	13	0	그래, 좋아. 와인 마시러 가자. 법적인 성인으로서 기쁜 마음으로 가도록 하지.	N	2022-07-19 00:53:39	2022-11-08 04:28:41
BE22009984	14	1	하하하, 네, 알겠습니다. 그럼 조만간 날 잡아서 같이 가자.	Y	2022-07-19 00:53:39	2022-11-08 04:28:41
