id	utterance_id	utterance_type	utterance_text	terminate	regDate	updDate
BE22006847	1	0	자기야 나 오늘 정말 재밌고 기쁜 일 있었어. 그래서 아직도 기분이 너무 좋아.	N	2022-07-07 07:57:02	2022-11-08 04:08:36
BE22006847	2	1	오 정말? 무슨 일인데 그렇게 신이 났어? 궁금하니까 나한테도 얘기 좀 해줘.	N	2022-07-07 07:57:02	2022-11-08 04:08:36
BE22006847	3	0	사실 엄청난 일은 아니고 오늘 조카랑 하루 종일 놀아줬거든. 이제 4살 된 조카랑 같이 숨바꼭질했는데 너무 귀여워서 행복했어.	N	2022-07-07 07:57:02	2022-11-08 04:08:36
BE22006847	4	1	정말? 자기가 워낙 조카들을 예뻐해서 그렇게 행복했나 봐. 나는 조카랑 놀아주는 게 보통 일이 아니던데 자기는 정말 대단한 거 같아. 자기 같은 이모가 또 어디 있겠어.	N	2022-07-07 07:57:02	2022-11-08 04:08:36
BE22006847	5	0	그런가? 대단하다고 말해주니 더 기쁜데? 원래 내가 어렸을 때부터 아이들을 진짜 좋아했거든. 나도 어렸는데 나보다 더 어린아이가 있으면 엄청 좋아했었어.	N	2022-07-07 07:57:02	2022-11-08 04:08:36
BE22006847	6	1	자기 어린 시절에도 되게 따뜻한 사람이었구나. 어린 나이에 더 어린 동생들을 예뻐하기가 쉽지 않다던데. 자기는 정말 아이들을 사랑하는구나.	N	2022-07-07 07:57:02	2022-11-08 04:08:36
BE22006847	7	0	응. 난 애들의 그 순수함과 넘치는 에너지가 너무 좋아. 귀여운 건 말할 것도 없고. 어제 조카가 자기 얼굴만 가리고 잘 숨었다고 생각해서 찾아보라고 하는데 너무 귀엽더라.	N	2022-07-07 07:57:02	2022-11-08 04:08:36
BE22006847	8	1	아 정말 귀여웠겠다. 아이들의 순수함은 정말 돈 주고도 못 사는 아주 귀한 마음이지. 상상만 해도 치유가 되는 기분이야.	N	2022-07-07 07:57:02	2022-11-08 04:08:36
BE22006847	9	0	그렇지. 진짜 작은 갓난아기였는데 언제 이렇게 컸을까. 이젠 말도 잘하고 예쁜 짓만 골라서 하는데 볼 때마다 너무 행복하더라고.	N	2022-07-07 07:57:02	2022-11-08 04:08:36
BE22006847	10	1	애들은 정말 하루가 다르게 쑥쑥 자란다잖아. 근데 자기 한편으로는 조카가 너무 빨리 자라지 않았으면 하는 마음이지?	N	2022-07-07 07:57:02	2022-11-08 04:08:36
BE22006847	11	0	응. 어떻게 내 마음을 이렇게 잘 알아? 물론 건강하게 잘 자라는 게 가장 바라는 일이지만 한편으로는 늦게 컸으면 좋겠더라고.	N	2022-07-07 07:57:02	2022-11-08 04:08:36
BE22006847	12	1	조카 좋아하는 사람들 보면 다들 그런 말 하더라고. 자기도 워낙 조카들을 사랑하니까 그런 마음이지 않을까 해서.	N	2022-07-07 07:57:02	2022-11-08 04:08:36
BE22006847	13	0	응 정말 그렇더라. 우리 이모도 내가 어렸을 때 매일 그런 말씀을 하셨거든. 그때는 그게 무슨 말인지 잘 몰랐는데 이젠 너무 잘 알아.	N	2022-07-07 07:57:02	2022-11-08 04:08:36
BE22006847	14	1	역시 조카 사랑도 내리사랑인가 봐. 자기가 정말 좋은 이모님을 만나서 이렇게 좋은 이모가 될 수 있었던 거 같다. 정말 대단하고 존경스러워.	N	2022-07-07 07:57:02	2022-11-08 04:08:36
BE22006847	15	0	그렇게 말해주니 너무 감동이야. 우리 이모 보고 나도 좋은 이모가 되려고 노력하고 있었거든. 자기가 그 마음을 알아줘서 너무 기뻐. 너무 고마워.	N	2022-07-07 07:57:02	2022-11-08 04:08:36
BE22006847	16	1	보이는 그대로를 말한 것뿐인데 자기가 고맙다고 해줘서 나도 행복해. 자기 본받아서 나도 미래에 좋은 삼촌이 되어줘야지!	N	2022-07-07 07:57:02	2022-11-08 04:08:36
BE22006847	17	0	분명 그렇게 될 거야. 나는 언제나 자기 믿거든! 오늘 내 기쁨이 배가 되게 해줘서 너무 고마워. 이따 연락할게.	Y	2022-07-07 07:57:02	2022-11-08 04:08:36
