id	utterance_id	utterance_type	utterance_text	terminate	regDate	updDate
BE22023921	1	0	자기야, 나 지금 공항철도를 탔어, 아직 공항에 도착하지도 않았는데 벌써 너무 설레고 신이 나.	N	2022-10-04 05:31:00	2022-10-04 05:31:00
BE22023921	2	1	자기가 늘 입에 달고 살았던 유럽가게 되어서 기분이 날아갈 듯 좋은가 봐. 떠나기 전 설렘이 나에게도 전달되는 것 같아.	N	2022-10-04 05:31:00	2022-11-08 05:57:15
BE22023921	3	0	이번에는 유럽의 바다를 보고 올 거야. 이 년 만에 다시 가는 여행이라 정말 기대되어 밤에 잠도 오지 않더라. 휴가를 보낸다는 것도 너무 기쁘지만 바다라 더 행복해.	N	2022-10-04 05:31:00	2022-11-08 05:57:15
BE22023921	4	1	오랜만에 가는 여행인데다 자기가 좋아하는 바다를 보러 가는 거라 더 설레고 기분이 좋을 거야. 자기의 들뜬 마음이 너무 이해돼서 나까지 기분이 좋아진다.	N	2022-10-04 05:31:00	2022-11-08 05:57:15
BE22023921	5	0	맞아, 출근 시간이 아니어서 그런지 공항철도 안에 사람도 없어서 여유로워. 큰 캐리어가 누가 봐도 여행자로 보이겠지만, 그마저도 너무 기쁘고 신이 나.	N	2022-10-04 05:31:00	2022-10-04 05:31:00
BE22023921	6	1	자기가 그만큼 바쁘고 휴식이 부족한 날들을 보냈잖아. 지하철 안에 사람이 없이 여유로운 것도 즐겁게 느껴지는 걸 거야. 자기가 순간순간 즐거움을 느끼는 것 같아서 너무 좋다.	N	2022-10-04 05:31:00	2022-11-08 05:57:15
BE22023921	7	0	맞아, 그런 것 같아. 긴 휴가를 허락받았으니 제대로 쉬고 즐기고 올 거야. 그동안의 스트레스는 모두 날리고 오려고 해.	N	2022-10-04 05:31:00	2022-11-08 05:57:15
BE22023921	8	1	그만큼 회사 일에 열심히 했다는 거니까, 자기는 그럴 자격이 충분해. 즐기려고 하는 자세는 이미 되었으니, 최선을 다해 모두 누리고 와.	N	2022-10-04 05:31:00	2022-11-08 05:57:15
BE22023921	9	0	응, 무엇보다 바다니까 더 좋아. 잔잔히 밀려오는 파도를 보는 것도 좋지만 세게 밀려드는 파도에 몸을 맡기고 싶기도 해.	N	2022-10-04 05:31:00	2022-11-08 05:57:15
BE22023921	10	1	자기라면 시간이 부족하도록 즐기고 올 거라고 생각해. 순간순간 작은 것에도 기쁨과 행복을 느끼고 긍정에너지를 전달할 테니까. 그 모든 게 자기의 장점이라 걱정 보다 같이 설레고 싶어.	N	2022-10-04 05:31:00	2022-11-08 05:57:15
BE22023921	11	0	아직 공항철도 안인데, 벌써 이렇게 신이 나도 되는 걸까? 도착해서 에너지 고갈되면 어쩌지? 자기 기대에 부응하고 싶은데 말이야.	N	2022-10-04 05:31:00	2022-10-04 05:31:00
BE22023921	12	1	여행 가기 전에 미리 계획을 철저하게 했겠지만, 체력이 닿는 선에서 변경하면 되니까 괜찮을 거야. 한 번 가는 여행이라도 제대로 준비하는 자기 모습이 늘 멋져 보였어.	N	2022-10-04 05:31:00	2022-11-08 05:57:16
BE22023921	13	0	그런가? 정말 기대되는 이번 휴가야! 자기가 함께 기뻐해 주니까 내 기쁨이 더 커지는 것 같아.	N	2022-10-04 05:31:00	2022-11-08 05:57:16
BE22023921	14	1	자기가 즐거워하는 게 내 기쁨이기도 해, 행복한 모습을 볼 수 있어서 더 좋아.	N	2022-10-04 05:31:00	2022-11-08 05:57:16
BE22023921	15	0	아주 감동적이야, 자기야! 나 즐겁게 잘 다녀오도록 할게.	Y	2022-10-04 05:31:00	2022-11-08 05:57:16
