id	utterance_id	utterance_type	utterance_text	terminate	regDate	updDate
BE22018178	1	0	내가 진짜 해외여행을 하게 되다니 꿈인지 생시인지 구분이 안 될 정도로 기뻐. 오늘 여권을 만들기 위해서 사진을 찍었더니 더 실감이 나네.	N	2022-09-14 08:14:11	2022-11-08 05:19:50
BE22018178	2	1	처음으로 하는 해외여행에 기분이 들뜨고 두근거릴 것 같아. 기대되는 마음이 나에게까지 느껴지네. 자기가 이렇게 좋아하는 모습을 보니 나도 진짜 기쁘다.	N	2022-09-14 08:14:11	2022-11-08 05:19:50
BE22018178	3	0	여권 사진을 내가 찍게 될 줄은 몰랐어! 지금껏 꿈꿔왔던 미국에 간다니 정말 놀랍도록 흥분돼. 신이 나서 콧노래가 멈추지를 않고 나오네.	N	2022-09-14 08:14:11	2022-11-08 05:19:50
BE22018178	4	1	항상 미국에 가고 싶다고 말해왔던 자기라서 이번 미국 여행이 더 반가울 것 같아. 소원이 이뤄진 것 같은 느낌에 얼마나 기분이 좋겠어.	N	2022-09-14 08:14:11	2022-11-08 05:19:50
BE22018178	5	0	빚 청산에 여념이 없다가 이제야 돈을 모아서 여행 갈 생각을 했으니 마음이 홀가분해. 구름 위를 걷는 듯이 황홀한 기분이야.	N	2022-09-14 08:14:11	2022-09-14 08:14:11
BE22018178	6	1	아버지가 물려준 빚을 갚기 위해서 밤낮 할 것 없이 열심히 일했잖아. 자기의 그런 책임감 있는 모습이 정말 대단해 보였어. 결국 빚을 다 갚고 가고 싶었던 여행을 계획하는 자기의 모습에 칭찬을 아낄 수가 없네.	N	2022-09-14 08:14:11	2022-11-08 05:19:50
BE22018178	7	0	여권 사진을 찍기 전부터 여행 계획을 모조리 세워뒀어. 기대감으로 가슴이 뛸 듯이 기쁘면서 뭘 하든 즐겁네.	N	2022-09-14 08:14:11	2022-11-08 05:19:50
BE22018178	8	1	여행 시작하려면 한참 남았는데 벌써 계획을 세우다니 자기의 준비성에 감탄할 수밖에 없네. 얼마나 이 여행을 바라왔는지가 확실히 보인다. 자기의 그 설렘이 나에게까지 고스란히 전해지네.	N	2022-09-14 08:14:11	2022-11-08 05:19:50
BE22018178	9	0	자기가 이렇게 내 일을 자기 일처럼 기뻐해 주니 난 더 행복해. 역시 기쁨은 나누면 2배라는 말이 맞나 봐.	N	2022-09-14 08:14:11	2022-11-08 05:19:50
BE22018178	10	1	아이처럼 순수하게 신이 난 자기의 모습을 보는 것도 난 즐거워. 자기의 행복을 진심으로 축복해주고 싶어.	N	2022-09-14 08:14:11	2022-11-08 05:19:50
BE22018178	11	0	이런 자기가 있어서 빚을 갚는 내내 힘을 낼 수 있었어. 언제나 내 곁에서 힘을 줘서 정말 고마워.	N	2022-09-14 08:14:11	2022-09-14 08:14:11
BE22018178	12	1	빚을 갚고 하고 싶은 게 얼마나 많았겠어. 서두르지 말고 차근차근 함께 해보자고!	N	2022-09-14 08:14:11	2022-11-08 05:19:50
BE22018178	13	0	자기 덕분에 정말 이렇게 해외여행까지 올 수 있었던 것 같아. 앞으로는 나도 자기의 힘이 되도록 노력할게. 우리 예쁘게 만나고 다음에는 여행도 같이 가자.	N	2022-09-14 08:14:11	2022-09-14 08:14:11
BE22018178	14	1	난 그저 옆에 있기만 했을 뿐인데, 다 자기가 이뤄낸 결과야. 너의 굳은 의지로 여기까지 온 거지. 다음에는 같이 여행 가기로 약속하자고!	Y	2022-09-14 08:14:11	2022-11-08 05:19:51
