id	utterance_id	utterance_type	utterance_text	terminate	regDate	updDate
BE22004273	1	0	후임들이 나를 가장 좋은 선임이라고 뽑아 줬어.	N	2022-06-27 13:11:09	2022-11-08 03:51:53
BE22004273	2	1	정말? 그렇게 뽑히기가 쉽지 않을 텐데 대단하다.	N	2022-06-27 13:11:09	2022-11-08 03:51:53
BE22004273	3	0	덕분에 포상 휴가 3일이나 받았어. 오늘 기분 진짜 좋다.	N	2022-06-27 13:11:09	2022-11-08 03:51:53
BE22004273	4	1	이야, 휴가까지 받았으면 그냥 기분 좋은 게 아니라 날아갈 정도로 좋겠는걸?	N	2022-06-27 13:11:09	2022-11-08 03:51:53
BE22004273	5	0	가만히 있어도 웃음이 절로 나오네. 정말 이 맛에 군 생활하지!	N	2022-06-27 13:11:09	2022-11-08 03:51:53
BE22004273	6	1	평소에 얼마나 후임들을 잘 챙겼으면 다 너를 뽑았을까. 자기 자신 챙기기도 바쁜 군대에서 그랬다니 정말 대단하다고밖에 못하겠다. 원래도 네가 이타적인 건 알았지만 다시 한번 감탄하게 되네.	N	2022-06-27 13:11:09	2022-11-08 03:51:53
BE22004273	7	0	과찬이야. 그냥 후임들이 힘들어 보일 때마다 위로 몇 마디 해줬는데 이렇게 뽑혀버렸네. 운이 좋았지 뭐.	N	2022-06-27 13:11:09	2022-11-08 03:51:53
BE22004273	8	1	난 그렇게 위로해주는 게 결코 쉽게 할 수 있는 일이 아니라고 생각해. 그리고 넌 같은 말을 해도 더 듣기 좋게 말하는 재주가 있잖니. 그 몇 마디가 걔네에겐 아주 큰 힘이 됐을 거야.	N	2022-06-27 13:11:09	2022-11-08 03:51:53
BE22004273	9	0	정말 그랬다면 더할 나위 없이 만족스럽네. 남들이 알아주길 바라고 한 행동은 아니지만 다 알아주고 칭찬해 주니 너무 기쁘다.	N	2022-06-27 13:11:09	2022-11-08 03:51:53
BE22004273	10	1	더 기뻐해도 좋아. 이건 네가 베푼 선행에 대한 보상이니까. 넌 충분히 그 기쁨을 누릴 자격이 있어.	N	2022-06-27 13:11:09	2022-11-08 03:51:53
BE22004273	11	0	그리고 더 기쁜 점은 이제 다른 사람들도 후임들에게 잘해주려고 노력한다는 거야. 내가 이렇게 칭찬받고 보상받은 걸 보고 다들 자극을 받았나 봐.	N	2022-06-27 13:11:09	2022-11-08 03:51:53
BE22004273	12	1	그게 다 너의 선한 영향력 때문이지. 네가 그렇게 분위기를 조성한 거니까. 너희 부대는 너로 인해서 한층 더 행복해지겠다.	N	2022-06-27 13:11:09	2022-11-08 03:51:53
BE22004273	13	0	하하, 그런가? 이제 시작이지. 난 후임들이 더 나은 병영 생활을 할 수 있도록 더 노력할 거야!	N	2022-06-27 13:11:09	2022-11-08 03:51:53
BE22004273	14	1	정말 멋진 포부다. 나도 항상 응원할게!	Y	2022-06-27 13:11:09	2022-11-08 03:51:53
