id	utterance_id	utterance_type	utterance_text	terminate	regDate	updDate
BE22018894	1	0	자기가 추천해줘서 산 노트북 기억하지? 그때 자기가 골라준 노트북이라 그런지 일을 더 잘할 수 있었어. 어제 중고 거래로 연락이 와서 기쁘게 보내줬어.	N	2022-09-19 08:25:22	2022-11-08 05:24:06
BE22018894	2	1	동영상 시청이나 간단한 문서 작업은 충분히 할 수 있는데 자기 일은 힘들었을 것 같아. 지금은 워낙 프로그램도 고사양을 요구하니까 아마 버퍼링이 심했을 거 같아. 그래도 알뜰하게 오래 사용했는데, 중고 거래라니 너무 대단하다.	N	2022-09-19 08:25:22	2022-11-08 05:24:06
BE22018894	3	0	나는 컴퓨터에 대해서 아무것도 모르는데 자기가 도와줘서 좋은 제품을 더 저렴하게 구매할 수 있었잖아. 초등학생이 사용할 거라고 해서 처음 가격보다 조금 할인해 드렸는데, 너무 기뻐하시더라. 괜히 내가 다 뿌듯하고 기분이 좋아졌어.	N	2022-09-19 08:25:22	2022-11-08 05:24:06
BE22018894	4	1	자기는 어떤 물건이든지 아끼고 소중하게 여기는 거 내가 잘 알잖아. 애정이 묻어 있지만 직접 보면 제품이 깨끗하다고 느껴서 중고로 보이지 않아 더 좋아하셨을 거야. 게다가 자기가 할인까지 해주는 미덕을 보여줬으니 파는 이도, 사는 이도 기분이 좋았겠다.	N	2022-09-19 08:25:22	2022-11-08 05:24:06
BE22018894	5	0	나야 사용할 만큼 쓰고 이제 더 높은 사양이 필요해져서 보낼 수밖에 없었지. 물론 아쉬운 마음도 있었지만, 연식에 비해서 깨끗해서 너무 마음에 든다고 바로 가지고 갔어. 잘 안 팔릴 줄 알았는데 빨리 판매돼서 내가 더 기뻐.	N	2022-09-19 08:25:22	2022-11-08 05:24:06
BE22018894	6	1	맞아, 필요한 사람에게 갔으니까 서로에게 기분 좋은 일이야! 자기의 만족도가 내게로 그대로 전해지는 듯해서 얼굴이 미소가 지어져. 학생들 영상 수업이 많아지니까 부모님들에게는 중고 거래가 숨통일 수도 있겠다 싶어서 다행이고.	N	2022-09-19 08:25:22	2022-09-19 08:25:22
BE22018894	7	0	구매자분도 반신반의하면서 1시간 정도 걸려서 오셨어. 마음에 드는 물건이 있어서 몇 번 갔는데 판매자가 나타나지 않아서 골탕 먹었었나 봐. 그래서 내 것도 허위로 올린 게 아닐까 의심해서 그런 마음 먹은 게 미안하다고 하더라.	N	2022-09-19 08:25:22	2022-11-08 05:24:06
BE22018894	8	1	사진으로 볼 때랑 다르거나 다른 제품이 오거나 해서 택배 거래도 잘 안 한다고 들었어. 물론 내가 그래서 중고 거래를 잘 안 하게 되는 것도 있고. 근데 자기가 판매하고 사는 것을 보면 좋은 면도 정말 많은 것 같아.	N	2022-09-19 08:25:22	2022-11-08 05:24:06
BE22018894	9	0	어디든지 이상한 사람들은 있고, 미꾸라지가 강물을 흐린다고 하잖아. 그래도 좋은 영향이 더 많은 것 같아서 충분히 만족스러워, 누구에게라도 추천해줄 거야. 나는 필요하고 깨끗한 물건 저렴하게 사고 팔고 있으니까.	N	2022-09-19 08:25:22	2022-09-19 08:25:22
BE22018894	10	1	우리 자기 참 부지런하고 성실하고 알뜰해! 중고는 싫다고 하는 사람들도 있는데 자기의 긍정적 에너지는 정말 국내 최고인 것 같아.	N	2022-09-19 08:25:22	2022-09-19 08:25:22
BE22018894	11	0	구매자분이 평가도 너무 좋게 평가해 주셔서 판매자 신용도까지 올라갔어. 별거 아니지만 얼굴이 보이지 않는 곳에서 신용도까지 좋게 받을 줄 몰랐어. 이게 작지만 소소한 행복이 아닐까 싶어!	N	2022-09-19 08:25:22	2022-11-08 05:24:06
BE22018894	12	1	이 정도면 중고 거래에서 상이라도 줘야 할 것 같아. 자기의 중고 거래는 너무 미래적이고 행복이 가득해서 지나간 물건도 다시 돌아보게 하는 힘이 있어.	N	2022-09-19 08:25:22	2022-09-19 08:25:22
BE22018894	13	0	자기의 너무나 큰 극찬은 감사하지만, 그 정도는 아니야. 어지러우니까 비행기 그만 태워.	N	2022-09-19 08:25:22	2022-09-19 08:25:22
BE22018894	14	1	아니야, 정말 진심으로 생각하는 거야. 나도 곧 자기를 따라서 중고 거래에 빠져들 것만 같아.	N	2022-09-19 08:25:22	2022-11-08 05:24:06
BE22018894	15	0	그렇게 높게 평가해주고 같이 해보겠다고 하니 내 기쁨이 더 커진다. 고마워, 앞으로 우리 같이 알뜰하게 살자.	Y	2022-09-19 08:25:22	2022-09-19 08:25:22
