id	utterance_id	utterance_type	utterance_text	terminate	regDate	updDate
BE22013252	1	0	조금 전까지 그렇게 비가 쏟아지더니 오늘은 날이 다 갰네. 바람도 선선하고, 정말 좋다.	N	2022-08-05 07:35:56	2022-11-08 04:49:19
BE22013252	2	1	자기 요즘 날씨 너무 덥다고 싫어했잖아. 이제 선선해지니까 딱 자기가 좋아하는 날씨네.	N	2022-08-05 07:35:56	2022-08-05 07:35:56
BE22013252	3	0	비가 너무 와서 이러다 하늘에 구멍이라도 뚫리는 거 아닐까 싶은 마음이었는데 말이야. 근데 이렇게 말끔하게 개서 선선해지니까 진짜 기뻐. 집에서 창밖을 가만히 들여다보니까 마음도 편안하고, 정말 마음이 치유되는 느낌이야.	N	2022-08-05 07:35:56	2022-08-05 07:35:56
BE22013252	4	1	폭풍이 지나가고 이후에 잠잠해지면 나도 덩달아 마음이 잔잔해지면서 여유가 생기는 느낌이 들곤 하잖아. 요즘 치열하고 바쁘게 살던 자기가 간만에 편안함을 느낀 것 같아서 나도 덩달아 좋네.	N	2022-08-05 07:35:56	2022-08-05 07:35:56
BE22013252	5	0	창문을 열어놨더니 창문으로 들어오는 바람도 시원해서 기분이 좋아. 비 냄새가 은은하게 퍼지면서 마음이 안정되는 것 같아.	N	2022-08-05 07:35:56	2022-11-08 04:49:19
BE22013252	6	1	그 기분 나도 뭔지 알 것 같아. 비 오고 난 뒤에 느껴지는 조금은 차가운 공기가 괜히 새롭고, 평온해지곤 하더라고. 그럴 때 가만히 집에서 바람을 느끼다 보면 정말 행복 그 자체잖아.	N	2022-08-05 07:35:56	2022-11-08 04:49:19
BE22013252	7	0	맞아! 비가 온 뒤에 날이 개는 게, 마치 힘듦이 사라지고, 좋은 일이 생길 것 같거든. 게다가 오늘 잠깐이지만 무지개도 떴었잖아. 그 순간을 내가 봤다는 게 얼마나 큰 기쁨이던지!	N	2022-08-05 07:35:56	2022-11-08 04:49:19
BE22013252	8	1	더운 여름도 지나갔겠다, 선선해졌고, 자기가 좋아하는 무지개까지 보다니! 이제는 다 잘 될 거라고 하늘이 응원해주는 기분이겠다. 자기 오늘 집에서 쉬면서 마음이 완전히 충전됐겠는걸?	N	2022-08-05 07:35:56	2022-11-08 04:49:19
BE22013252	9	0	간만에 쉬는 날에 비가 내려서 처음엔 우울했거든. 근데 비가 막 쏟아지고선 더운 공기가 사라지면서 선선해지고, 무지개까지 뜨고. 기분이 너무 좋고, 그냥 그 자체로 편안하면서 행복해.	N	2022-08-05 07:35:56	2022-08-05 07:35:56
BE22013252	10	1	그게 진짜 쉬는 거라고 할 수 있지. 그냥 단순히 몸이 쉬는 게 아니라 마음이 제대로 쉰 거잖아. 우리 자기가 제대로 된 휴식을 취한 것 같아서 내가 다 뿌듯하고 기쁜걸.	N	2022-08-05 07:35:56	2022-11-08 04:49:19
BE22013252	11	0	진짜 그런 것 같아. 바람이 선선해서 그런지 마음이 잔잔해지면서 안정된 느낌이야.	N	2022-08-05 07:35:56	2022-08-05 07:35:56
BE22013252	12	1	날씨처럼 자기에게도 힘든 비 같은 시련이 다 지나가고, 선선하고 편안한 날들만 계속 펼쳐지려나 봐. 불안정하고 고민이 많아 보였는데, 편안하고 치유가 되었다니 다행이다.	N	2022-08-05 07:35:56	2022-11-08 04:49:19
BE22013252	13	0	내 마음을 들어주고 알아봐 줘서 고마워. 오늘의 하루 덕분에 내일 더 힘내서 지낼 수 있을 것 같아.	N	2022-08-05 07:35:56	2022-11-08 04:49:19
BE22013252	14	1	오늘 하루가 자기 일상에 전환점으로서 역할을 하면서 자기 마음이 많이 북돋아진 것 같아. 날씨도 선선하니 좋은데 밖에 산책이라도 하면서 날씨를 좀더 즐겨보는 건 어때? 내가 자기 집 앞으로 갈게, 보고 싶어!	N	2022-08-05 07:35:56	2022-11-08 04:49:19
BE22013252	15	0	하하, 너무 좋지. 자기와의 산책으로 오늘 하루를 마무리한다면 더 기쁘고 행복할 거야. 집 앞에 오면 연락해, 나갈게.	Y	2022-08-05 07:35:56	2022-11-08 04:49:19
