id	utterance_id	utterance_type	utterance_text	terminate	regDate	updDate
BE22021053	1	0	선배가 발에 맞지 않는다며 새로 산 운동화를 줬어. 오늘 아침부터 일이 잘 풀리더니 이렇게 횡재를 할 줄이야. 기분이 너무 좋아.	N	2022-09-23 13:13:13	2022-09-23 13:13:13
BE22021053	2	1	생각지도 못한 선물을 받아서 기분 좋겠다. 운동화라니 딱 필요한 거였잖아, 하늘을 나는 기분이겠는걸. 감사 인사 확실히 전달 잘했을 거라 믿어.	N	2022-09-23 13:13:13	2022-11-08 05:40:23
BE22021053	3	0	응, 당연하지. 감사하다고 여러 번 인사드렸어. 안 그래도 운동화 새로 사려고 했는데 새 운동화를 받아서 완전히 절약했지 뭐야. 거기다 운동화 디자인도 완전 마음에 쏙 들어, 행복해서 자꾸 웃음이 나와.	N	2022-09-23 13:13:13	2022-11-08 05:40:23
BE22021053	4	1	나라도 이런 상황에서는 웃음을 멈추질 못했을 거야. 계속 신발을 신어보고 난리도 아니었을걸. 이렇게 기뻐하는 모습 보니 부러울 지경이네.	N	2022-09-23 13:13:13	2022-11-08 05:40:23
BE22021053	5	0	내가 저번부터 갖고 싶다고 노래를 불렀던 운동화 있잖아. 선배한테 받은 운동화가 바로 그 운동화야. 어떻게 이런 행운이 따르는지, 정말 기쁨이 흘러 넘친다.	N	2022-09-23 13:13:13	2022-09-23 13:13:13
BE22021053	6	1	문자를 보니 자기의 행복한 기운이 나한테까지 전해지는 것 같아서 기분 좋다. 우연이 겹치면 인연이라던데 이 정도면 그 운동화가 자기한테 갈 운명이었나봐. 예쁘게 잘 신고 다녀.	N	2022-09-23 13:13:13	2022-11-08 05:40:23
BE22021053	7	0	신은 모습을 바로 보여주지 못하는 게 아쉬워. 나한테 맞춘 것처럼 아주 잘 어울린다니까. 좋아서 하루 종일 신고 돌아다닐 수 있을 것 같아.	N	2022-09-23 13:13:13	2022-11-08 05:40:23
BE22021053	8	1	자기는 멋스러운 아이템들을 연예인처럼 잘 소화하잖아. 안 봐도 예상 할 수 있어. 아주 멋지게 소화해냈으리라 믿어.	N	2022-09-23 13:13:13	2022-11-08 05:40:23
BE22021053	9	0	자기가 그렇게 말해주니 기분이 몇 배로 더 좋다. 디자인도 디자인이지만 신발이 착화감도 너무 편안하고 괜찮아. 자기도 신으면 좋을 것 같아.	N	2022-09-23 13:13:13	2022-11-08 05:40:23
BE22021053	10	1	실제로 보면 더 근사한가 보네. 자기가 그렇게까지 말하니 나도 궁금해진다. 나까지 혹하게 만드는걸.	N	2022-09-23 13:13:13	2022-11-08 05:40:23
BE22021053	11	0	직접 보면 확실히 달라. 내가 자기한테 선물하고 싶을 정도야. 작은 부분 하나까지 섬세하게 잘 만들었다니까, 기분이 좋아서 나도 모르게 격하게 말하게 되네.	N	2022-09-23 13:13:13	2022-09-23 13:13:13
BE22021053	12	1	긍정적인 흥분과 떨림이 느껴진다. 근래에 이런 모습 보기 힘들었는데 이렇게 아이처럼 신나 하는 거 보니 절로 웃음이 나와. 이렇게 좋아할 줄 알았으면 진작 내가 선물이라도 해줄 걸 그랬나봐.	N	2022-09-23 13:13:13	2022-11-08 05:40:23
BE22021053	13	0	그렇게 말해준 것만으로도 고마워. 오늘 이날을 잊지 못할 것 같네. 선배한테 보답이라도 해야겠다.	N	2022-09-23 13:13:13	2022-11-08 05:40:23
BE22021053	14	1	응, 답례를 하면 선배도 뿌듯하시겠다. 자기한테 주길 잘했다는 생각하실지도 몰라. 서로 훈훈한 모습 보기 좋다.	Y	2022-09-23 13:13:13	2022-11-08 05:40:23
