id	utterance_id	utterance_type	utterance_text	terminate	regDate	updDate
BE22016079	1	0	자기, 나 앞으로 꼬박꼬박 매일 같은 시간에 글을 쓰려고 해. 벌써 꿈에 한 발짝 다가간 것 같아서 기분이 좋고 그래!	N	2022-08-29 01:53:00	2022-11-08 05:07:03
BE22016079	2	1	오, 어쩌다가 그런 목표를 잡게 된 거야?	N	2022-08-29 01:53:00	2022-08-29 01:53:00
BE22016079	3	0	나 작가가 되고 싶어 했잖아, 그래서 지금부터라도 열심히 글을 써 보려고 마음먹었어! 아무래도 매일 같은 시간에 글을 쓰면 습관으로 자리 잡을 수 있고 실력도 늘 거야! 어느 작가도 그렇게 하는데 나도 따라 하면 작가가 될 수 있을 것 같아서 기쁘고 신나!	N	2022-08-29 01:53:00	2022-11-08 05:07:03
BE22016079	4	1	와, 벌써 그렇게 꿈을 위해 목표를 잡은 거야? 하루하루 항상 그렇게 하는 거 쉽지 않을 텐데 자기 정말 대단하다!	N	2022-08-29 01:53:00	2022-11-08 05:07:03
BE22016079	5	0	꿈을 이루기 위해서라면 매일 하는 게 좋을 것 같아서 말이야. 아무래도 마음 다짐하기도 좋고, 나도 이렇게 해야 나 자신에게 믿음이 생길 것 같아. 그리고 꿈을 이루기 위해 준비할 때가 제일 신나잖아!	N	2022-08-29 01:53:00	2022-08-29 01:53:00
BE22016079	6	1	하긴, 그렇긴 하지. 근데 진짜 그렇게 바로 마음먹자마자 추진한다는 게 참 멋진 것 같아. 나였으며 그냥 꿈만 가진 채로 아무것도 하지 못했을 거야.	N	2022-08-29 01:53:00	2022-11-08 05:07:03
BE22016079	7	0	응, 예전 같았으면 아직 이루지 못한 꿈이라 숨기고 혼자서 준비했을 텐데 말이야. 이제는 당당하게 말하고 준비하는 게 좋더라고. 그래야 남들한테 응원도 받고 나 자신한테도 떳떳해지잖아.	N	2022-08-29 01:53:00	2022-08-29 01:53:00
BE22016079	8	1	그렇게 솔직하게 말을 꺼내는 게 쉽지 않은 일인데 참 대단해! 나라면 자기처럼 그렇게 자신감 넘치게 하지 못했을 거야. 꿈 앞에서 당당한 자기의 모습이 너무 멋지다!	N	2022-08-29 01:53:00	2022-11-08 05:07:03
BE22016079	9	0	아직 시작도 안 했는걸. 그래도 이렇게 글을 쓰면 아무래도 글 실력이 늘 수밖에 없겠지? 나 벌써 꿈을 이룬 듯 신이 나고 그래!	N	2022-08-29 01:53:00	2022-11-08 05:07:03
BE22016079	10	1	시작이 반이라는 소리가 있잖아, 자기는 벌써 반이나 한 거야! 자기가 열심히 노력하는 만큼 분명 큰 성과가 있을 거야. 땀은 배신하지 않는다고 하잖아!	N	2022-08-29 01:53:00	2022-08-29 01:53:00
BE22016079	11	0	그렇지? 아무래도 열심히 노력하면 이게 날 배반하지는 않겠지? 어쨌든 글을 잘 쓰면 꼭 작가가 아니라고 해도 다른 일도 할 수 있으니까 말이야! 아, 글로 돈을 벌 그때를 생각하면 너무 신이 나!	N	2022-08-29 01:53:00	2022-11-08 05:07:03
BE22016079	12	1	자기가 그렇게 신나 하는 걸 보니까 나까지 막 기분이 좋아지네. 자기의 긍정적인 에너지 덕분에 나도 오늘 하루 좋게 보낼 수 있을 것 같아!	N	2022-08-29 01:53:00	2022-11-08 05:07:03
BE22016079	13	0	나도 자기가 격려해주고 칭찬해줘서 기분이 더 좋아지는걸. 이렇게 신나는 기분으로 글을 쓰면 정말 잘 써질 것 같아.	N	2022-08-29 01:53:00	2022-11-08 05:07:03
BE22016079	14	1	아, 그런 기분 알지. 자신감 넘치는 마음으로는 뭐든지 다 할 수 있기 마련이잖아. 오늘 첫 시작이 좋기를 바랄게!	N	2022-08-29 01:53:00	2022-11-08 05:07:04
BE22016079	15	0	응, 그렇게 응원해줘서 고마워!	Y	2022-08-29 01:53:00	2022-08-29 01:53:00
