id	utterance_id	utterance_type	utterance_text	terminate	regDate	updDate
BE22021912	1	0	자기야 혼자 자취를 하는 대학 동기가 있는데 질병 때문에 자면서 토를 하거든. 그걸 알게 된 후로 걱정되어서 아침마다 연락을 했는데 오늘 아침에 기도가 막혀서 위험했어. 그런데 내가 평소처럼 전화를 해서 빨리 도운 덕에 친구가 무사히 치료를 마쳐서 기뻤어.	N	2022-09-27 05:41:16	2022-09-27 05:41:16
BE22021912	2	1	맞아 비록 작은 행동이지만 매일 타인을 위해 행동하는 게 실은 쉽지 않은 일이잖아. 자기가 다른 사람을 배려한 덕분에 한 사람을 살릴 수 있었던 거야. 내 행동이 다른 사람에게 도움이 되었고 심지어 생명을 살렸다니 나였어도 아주 기쁘고 뿌듯했을 거야.	N	2022-09-27 05:41:16	2022-09-27 05:41:16
BE22021912	3	0	나는 친구를 위해 대단한 일을 할 힘은 없지만 연락 정도는 할 수 있었어. 내 사소한 행동이 다른 사람에게 도움이 된다는 건 정말 기쁜 일이잖아. 비록 나는 부족하지만 내 곁의 한 사람이라도 지킬 수 있었다는 사실에 나도 기운을 얻었어.	N	2022-09-27 05:41:16	2022-09-27 05:41:16
BE22021912	4	1	아무리 작은 일이라도 남을 배려하고 실천하기 위해서는 노력이 필요하잖아. 상대를 위해 꾸준히 행동할 줄 아는 성실함은 충분히 대단한 능력이야. 한 사람에게 희망을 불어넣고 생명을 구하다니 아무나 할 수 없는 일을 해냈네, 정말 멋져.	N	2022-09-27 05:41:16	2022-09-27 05:41:16
BE22021912	5	0	아니야 자기는 내가 타인을 위해 움직였다고 하지만 내가 만족하기 위한 행동이었어. 그래서 동기가 내게 고맙다고 인사를 할 때도 기쁘긴 했지만 인사를 받을 행동은 안 했어. 그래도 동기가 무사히 치료를 마쳤을 때 아주 기쁘긴 하더라.	N	2022-09-27 05:41:16	2022-09-27 05:41:16
BE22021912	6	1	자신의 행동에 만족하고 기뻐할 수 있을 때 자신감이 생기고 가치관이 잡히잖아. 어려운 일이 생기거나 인생의 갈림길에서 자신의 방향을 잡는 중요한 요소가 되니까 자기 만족은 중요해. 그리고 자기 행동이 동기에게 힘이 되었다면 충분히 이타적인 행동이니까 더 자부심을 갖고 기뻐했음 좋겠어.	N	2022-09-27 05:41:16	2022-11-08 05:45:23
BE22021912	7	0	자기의 얘기를 들으니까 내가 정말 많은 일을 해낼 사람으로 느껴져서 기뻐. 졸업을 앞두고 구직 활동을 하면서 내가 할 수 있는 일이 적다고 생각했거든. 그런데 자기 덕분에 아직 내가 많은 가능성을 지녔다는 자신감이 생겼어.	N	2022-09-27 05:41:16	2022-09-27 05:41:16
BE22021912	8	1	아직 자기에게 맞는 자리를 찾지 못했을 뿐 분명 좋은 직장을 찾게 될 거야. 자기가 아직 해보지 않은 많은 일에 도전하면서 새로운 가능성도 발견하는 순간이 올 거야. 자기가 최선을 다해 인생을 살아온 만큼 분명 기쁜 일도 생기리라 믿어.	N	2022-09-27 05:41:16	2022-11-08 05:45:23
BE22021912	9	0	자기는 내가 최선을 다한다고 말해줬지만 어려움을 피해 달아난 적도 많아. 물론 그 덕분에 새로운 길을 가면서 다른 기쁨도 얻었지만 말이야. 마음 한구석에서는 일을 끝까지 해내지 못한 자신을 가끔 탓할 때도 있어.	N	2022-09-27 05:41:16	2022-09-27 05:41:16
BE22021912	10	1	정면으로 돌파하기 힘들 때는 돌아가는 것도 하나의 방법이잖아. 그건 도망이 아니라 새로운 선택으로 나아가는 과정이었고 자기의 삶을 선택하는 노력을 해온 거야. 다양한 방법을 시도하며 살아온 자기의 삶 자체가 노력의 결정체로 아주 멋지다고 생각해.	N	2022-09-27 05:41:16	2022-09-27 05:41:16
BE22021912	11	0	자기의 얘기를 들으니까 내 삶을 인정하고 격려하게 되었어. 맞아 지금까지 물론 아주 훌륭한 성과를 내지 못한 부분도 있지만 기쁜 일도 많았어. 여러 과정에서 실패한 적이 있어도 그 또한 좋은 경험으로 남아서 지금의 내가 된 거야.	N	2022-09-27 05:41:16	2022-09-27 05:41:16
BE22021912	12	1	사회적 성과와 상관없이 자기는 이미 충분한 자질을 갖춘 사람이야. 상대를 배려할 줄 알고 어려운 과정을 견디는 인내심도 갖췄지. 무엇보다 자기 삶을 충분히 기뻐할 줄 아니까 분명 앞으로도 기쁜 일이 많을 거야.	N	2022-09-27 05:41:16	2022-11-08 05:45:23
BE22021912	13	0	그리고 내가 친구를 아끼듯 나를 소중하게 대해주는 친구들이 참 많아. 친구에게 받은 배려와 친절을 다른 사람에게도 나누면서 다 함께 기쁨을 나누고 싶어. 나의 바람대로 삶이라는 과정을 함께 즐겨줄 사람들과 잘 지낼 수 있겠지?	N	2022-09-27 05:41:16	2022-09-27 05:41:16
BE22021912	14	1	물론이지 자기가 가진 긍정적인 기운과 배려는 상대를 기쁘게 하잖아. 주변 사람들에게 좋은 영향을 미친 만큼 그들도 행복해져서 다른 이들에게 행복을 줄 거야. 서로가 기쁨을 나누고 긍정적인 기운을 주고 받으며 고난도 헤쳐나갈 수 있을 거라 믿어.	Y	2022-09-27 05:41:16	2022-11-08 05:45:23
