id	utterance_id	utterance_type	utterance_text	terminate	regDate	updDate
BE22008827	1	0	자기야 나 오늘 엄청난 사건 하나가 있었어!	N	2022-07-14 07:00:27	2022-11-08 04:21:12
BE22008827	2	1	응? 무슨 일인데 그래? 기분 좋은 일이 있었던 거 같네.	N	2022-07-14 07:00:27	2022-11-08 04:21:12
BE22008827	3	0	글쎄 내가 어제 SNS 시작했잖아? 거기서 초등학교 때 절친했던 동창한테 연락이 왔지 뭐야!	N	2022-07-14 07:00:27	2022-11-08 04:21:12
BE22008827	4	1	와 진짜? 초등학교면 20년 정도 된 거 아니야? 진짜 오랜만에 친구랑 연락해서 너무 기분 좋았겠다! 그 친구는 어떻게 알고 연락했대?	N	2022-07-14 07:00:27	2022-11-08 04:21:12
BE22008827	5	0	내 계정이 그 친구한테 추천으로 떴나봐! 어떻게 날 기억하고 바로 연락해준 거 있지? 오랜만에 너무 반갑더라!	N	2022-07-14 07:00:27	2022-11-08 04:21:12
BE22008827	6	1	그니까. 안 그래도 절친한 친구였으면 옛날 생각도 새록새록 나고 자기가 너무 행복했겠네! 나도 저번에 동창이랑 오랜만에 연락하는데 너무 반갑고 기쁘더라고! 우리 자기가 엄청 기쁠 만했네!	N	2022-07-14 07:00:27	2022-11-08 04:21:12
BE22008827	7	0	맞아! 그 친구랑 초등학교 때 문방구에서 게임도 하고 떡볶이도 사 먹고 그랬거든. 그런 추억들 어제 서로 얘기하는데 진짜 행복하더라. 그때가 그리운 거 있지?	N	2022-07-14 07:00:27	2022-11-08 04:21:12
BE22008827	8	1	절친한 친구랑 학교 끝나고 먹는 떡볶이만큼 맛있는 게 없었지 정말. 학창 시절 이야기를 하면 정말 그때로 돌아가고 싶어지는 것 같아. 그래서 그 친구랑 계속 연락하고 있어?	N	2022-07-14 07:00:27	2022-11-08 04:21:12
BE22008827	9	0	응! 조만간 시간 맞춰서 한 번 만나기로 했어. 안 그래도 요즘 일 때문에 이렇게 오랜만에 연락 오는 친구가 있어서 얼마나 기쁜지 몰라. SNS가 이렇게 좋은 기능을 가진 줄 알았으면 진작에 시작할걸 그랬나봐!	N	2022-07-14 07:00:27	2022-11-08 04:21:12
BE22008827	10	1	진짜? 우와, 20년 만에 친구 만나면 진짜 기분이 새롭고 너무 반갑겠다! 오랜만에 연락한다는 게 쉬운 게 아닌데 그리운 친구 얼굴 보면서 우리 자기 엄청 행복할 만하겠어. 좋은 시간 보내고 와!	N	2022-07-14 07:00:27	2022-11-08 04:21:12
BE22008827	11	0	응! 시간 맞으면 내가 자기도 소개해준다고 그랬어. 내 초등학교 시절의 전부라고 해도 과언이 아닌 친구니까 자기도 시간 되면 잠깐 보자!	N	2022-07-14 07:00:27	2022-11-08 04:21:12
BE22008827	12	1	진짜? 나도 함께 소개해주고 정말 감동인데? 자기가 이렇게 좋아하는 거 보니까 나도 SNS를 한번 시작해볼까 싶네.	N	2022-07-14 07:00:27	2022-11-08 04:21:12
BE22008827	13	0	자기도 혹시 알아? 오랫동안 잊고 살아왔던 친구를 찾아줄지? 나 이 친구 만나서 뭐 할지 벌써 고민되네!	N	2022-07-14 07:00:27	2022-11-08 04:21:12
BE22008827	14	1	둘만의 추억이 가득 담긴 장소로 한 번 찾아봐봐! 추억여행도 하고 좋지!	N	2022-07-14 07:00:27	2022-11-08 04:21:12
BE22008827	15	0	우와 그거 진짜 좋은 생각인데? 친구랑 한번 연락해봐야겠다!	N	2022-07-14 07:00:27	2022-11-08 04:21:12
BE22008827	16	1	응! 그럼 나랑은 이따 연락하자!	Y	2022-07-14 07:00:27	2022-11-08 04:21:12
