id	utterance_id	utterance_type	utterance_text	terminate	regDate	updDate
BE22004633	1	0	엄마, 뭐하고 계세요?	N	2022-06-28 09:09:08	2022-11-08 03:54:13
BE22004633	2	1	응, 엄마는 그냥 있지. 우리 딸은 뭐해?	N	2022-06-28 09:09:08	2022-11-08 03:54:13
BE22004633	3	0	저도 그냥 있어요.	N	2022-06-28 09:09:08	2022-11-08 03:54:13
BE22004633	4	1	딸, 혹시 무슨 일 있어?	N	2022-06-28 09:09:08	2022-11-08 03:54:13
BE22004633	5	0	아니, 별일 없어요. 그냥 엄마 보고 싶어서 그렇죠.	N	2022-06-28 09:09:08	2022-11-08 03:54:13
BE22004633	6	1	엄마도 우리 딸 엄청 그립지. 그런데 영 별일 없는 눈치가 아닌데? 말해도 돼. 엄마가 다 들어줄게.	N	2022-06-28 09:09:08	2022-11-08 03:54:13
BE22004633	7	0	그냥. 내가 지금 뭐 하고 있나 싶어서요. 모처럼 대학교에 왔는데도 남들처럼 멋진 대학 생활을 하는 것도 아니고. 시간이 없는 것도 아닌데 하고 싶은 것도 없고, 할 의욕도 없는 것 같아요.	N	2022-06-28 09:09:08	2022-11-08 03:54:13
BE22004633	8	1	남는 시간은 많은데 그 시간을 다 허비하는 것 같아서 고민이구나. 우리 딸, 그동안 혼자 마음고생 많이 했겠네. 힘들었겠다.	N	2022-06-28 09:09:08	2022-11-08 03:54:13
BE22004633	9	0	앞으로 내가 뭘 해야 할지, 뭘 하고 싶은지도 모르겠어요.	N	2022-06-28 09:09:08	2022-11-08 03:54:13
BE22004633	10	1	네가 지금 어떤 마음인지 이해할 수 있을 것 같아. 길을 잃은 것만 같고, 이게 맞는 건지도 모르겠고. 계속 아무것도 안 하다가 소중한 시간이 다 흘러가버릴 거 같아서 많이 불안하지?	N	2022-06-28 09:09:08	2022-11-08 03:54:13
BE22004633	11	0	네, 그런 것 같아요.	N	2022-06-28 09:09:08	2022-11-08 03:54:13
BE22004633	12	1	우리 딸이 혼자 힘들어할 걸 생각하니까 마음이 아프다. 음, 이렇게 생각해보는 건 어떨까? 지금은 잠깐 쉬는 시간이라고.	N	2022-06-28 09:09:08	2022-11-08 03:54:13
BE22004633	13	0	그렇게 생각해도 될 지 모르겠어요.	N	2022-06-28 09:09:08	2022-11-08 03:54:13
BE22004633	14	1	응. 어떻게 모든 인생이 항상 활활 타오르기만 할 수 있겠어. 타오를 때가 있으면, 잠깐 여유를 가지고 쉬는 시간도 필요할 거야. 지금 우리 딸은 잠시 쉬고 있는 거야.	N	2022-06-28 09:09:08	2022-11-08 03:54:13
BE22004633	15	0	쉬어도 될까요? 다른 사람들은 다 달리고 있는데.	N	2022-06-28 09:09:08	2022-11-08 03:54:13
BE22004633	16	1	다른 사람들은 다른 사람들의 속도가 있고, 너는 너만의 속도가 있어. 지금은 부담이 많아서 많이 불안하고 많이 스트레스받겠지만, 조금만 여유를 가지자. 지금은 네가 다음을 위해서 힘을 모아두는 시기인 거지.	N	2022-06-28 09:09:08	2022-11-08 03:54:13
BE22004633	17	0	다음이 언제 올지 모르는걸요.	N	2022-06-28 09:09:08	2022-11-08 03:54:13
BE22004633	18	1	엄마는 우리 딸이 어떤 일을 하든 믿고 응원할 거야. 엄마가 아는 너는 늘 스스로 옳은 길을 찾아가는 멋지고 영리한 사람이거든. 그러니 너도 너를 믿고 지금은 네 마음을 돌봐주는 시간을 가지는 게 어떨까?	N	2022-06-28 09:09:08	2022-11-08 03:54:13
BE22004633	19	0	그렇게 말해줘서 고마워요. 엄마 말을 들으니까 안심이 돼요. 나를 더 돌봐주도록 할게요.	Y	2022-06-28 09:09:08	2022-11-08 03:54:13
