id	utterance_id	utterance_type	utterance_text	terminate	regDate	updDate
BE22006435	1	0	엄마. 지난번에 소개받은 남자애가 저에게 고백을 하지 않아요.	N	2022-07-06 03:22:54	2022-11-08 04:05:48
BE22006435	2	1	며칠 전에 영화도 보고 데이트도 하지 않았니? 아직 사귀지 않는 거야? 상대에게 기대했던 반응이 오지 않아서 우리 딸이 불안한가 보구나.	N	2022-07-06 03:22:54	2022-11-08 04:05:48
BE22006435	3	0	네. 그래서 더 불안해요. 사귀자는 말은 하지 않아서 단순히 친구로 생각하는 것은 아닐지 걱정이에요.	N	2022-07-06 03:22:54	2022-11-08 04:05:48
BE22006435	4	1	그 남자애랑은 친구가 되기는 싫은 거니? 처음 만나는 사람이라 단순한 호감을 이성적인 감정이라 생각할 수도 있어. 좋은 친구로 지내는 것도 멋진 관계란다.	N	2022-07-06 03:22:54	2022-11-08 04:05:48
BE22006435	5	0	확실히 친구 관계로는 어려울 것 같아요. 벌써 그 남자애가 너무 좋아졌어요. 그 애는 저에게 이성적인 마음이 없는 거면 어쩌죠?	N	2022-07-06 03:22:54	2022-11-08 04:05:48
BE22006435	6	1	사람 마음이 눈에 보이지 않으니 걱정되고 불안할 수 있어. 하지만 그 친구가 너한테 마음이 없다면 주말마다 너랑 시간을 보내지 않았을 거야. 아마 그 친구도 너에게 호감이 있는데 조심스러워하는 것이 아닐까?	N	2022-07-06 03:22:54	2022-11-08 04:05:48
BE22006435	7	0	그러다 계속 고백하지 않으면 어쩌죠? 이제 기다리는 것도 점점 지쳐요.	N	2022-07-06 03:22:54	2022-11-08 04:05:49
BE22006435	8	1	그럼 네가 먼저 고백해보는 건 어떨까? 수동적으로 다른 사람의 감정을 기대하기보다는 너가 먼저 적극적으로 나서는 것도 좋은 방법이야.	N	2022-07-06 03:22:54	2022-11-08 04:05:49
BE22006435	9	0	그랬다가 거절당하면 어떡하죠? 그럼 지금처럼 만나는 관계도 없어질까 두려워요.	N	2022-07-06 03:22:54	2022-11-08 04:05:49
BE22006435	10	1	우리 딸이 그 친구를 정말 많이 좋아하나 보구나. 네가 고백했을 때 그 친구가 거절한다면 많이 속상하고 서운할 수도 있지. 그런 상황에 지레 두려운 마음이 생길 수도 있고, 고백이 망설여질 수도 있겠구나.	N	2022-07-06 03:22:54	2022-11-08 04:05:49
BE22006435	11	0	자꾸만 제가 너무 매력이 없는 건가 하는 생각이 들어서 괴로워요.	N	2022-07-06 03:22:54	2022-11-08 04:05:49
BE22006435	12	1	네가 좋아하는 사람도 너를 좋아해주면 너무 다행이지만. 그렇지 않더라도 너무 낙심하지 않는 마음이 중요해. 그리고 한 사람의 마음을 얻지 못했다고 매력이 없는 건 아니란다.	N	2022-07-06 03:22:54	2022-11-08 04:05:49
BE22006435	13	0	엄마 말씀을 듣고 나니 제가 너무 부정적으로만 생각했던 것 같아요.	N	2022-07-06 03:22:54	2022-11-08 04:05:49
BE22006435	14	1	그래. 위축되고 불안해하는 모습보다 자신감 있고 당당한 모습이 훨씬 매력적이야. 그리고 분명 그 남자애도 우리 딸을 분명 좋아하고 있을 거야. 네가 먼저 대화를 시도해보렴.	N	2022-07-06 03:22:54	2022-11-08 04:05:49
BE22006435	15	0	네. 이번에 만나서 제가 먼저 고백해볼게요.	Y	2022-07-06 03:22:54	2022-11-08 04:05:49
