id	utterance_id	utterance_type	utterance_text	terminate	regDate	updDate
BE22002109	1	0	코로나에 확진된 이후로 기분이 계속 저기압이야.	N	2022-06-19 10:41:39	2022-11-08 03:38:05
BE22002109	2	1	할머니, 몸은 좀 괜찮으세요?	N	2022-06-19 10:41:39	2022-11-08 03:38:05
BE22002109	3	0	몸 상태가 계속 안 좋아지고 있어서 큰일이야.	N	2022-06-19 10:41:39	2022-11-08 03:38:05
BE22002109	4	1	할머니, 지금 많이 아프시겠지만, 시간이 지날수록 서서히 건강이 회복될 거예요. 그러니 힘내세요!	N	2022-06-19 10:41:39	2022-11-08 03:38:05
BE22002109	5	0	기침과 열이 심해져서 꼼짝하지 않고 누워 있으니까 아무 힘이 나질 않아. 일어나서 무언가 하려고 해도 도저히 못하겠구나. 머리만 아플 뿐이야.	N	2022-06-19 10:41:39	2022-11-08 03:38:05
BE22002109	6	1	몸이 아프면 아무런 기운도 나지 않죠. 무리해서 일어나지 마시고 건강이 잘 회복될 수 있도록 푹 쉬셨으면 좋겠어요.	N	2022-06-19 10:41:39	2022-11-08 03:38:05
BE22002109	7	0	나는 평소에도 방역 수칙을 잘 지켰다고 생각했는데, 그게 아니었나 봐. 위생관리를 더 철저히 할 걸 그랬다는 후회도 들어.	N	2022-06-19 10:41:39	2022-11-08 03:38:05
BE22002109	8	1	방역 수칙을 잘 지켜도 코로나에 확진되는 경우가 많아요. 할머니가 위생관리를 못 해서 생긴 일이 아니니, 그런 마음 갖지 마셔요. 지금은 건강 회복에만 신경 써요.	N	2022-06-19 10:41:39	2022-11-08 03:38:05
BE22002109	9	0	게다가 지금 격리 중이라 방에 혼자 있다 보니 외딴섬에 혼자 고립된 기분이야. 말을 나눌 사람도 없고, 외로움만 커지는구나.	N	2022-06-19 10:41:39	2022-11-08 03:38:05
BE22002109	10	1	지금은 비록 격리 중인 할머니를 만나러 갈 수 없지만, 제 마음은 언제나 할머니 곁에 있다는 걸 잊지 마세요. 격리 기간이 끝나고 건강이 회복되면 함께 산책하러 가요! 할머니를 사랑하는 가족들이 언제나 곁에 있으니, 힘내요!	N	2022-06-19 10:41:39	2022-11-08 03:38:05
BE22002109	11	0	고마워, 네 덕분에 마음이 조금 나아지고 있단다. 평소에도 몸이 좋지 않아서 늘 조심했는데 코로나에도 확진되어서 건강이 더 나빠지지는 않을까 두렵기도 해. 스트레스가 너무나 많아.	N	2022-06-19 10:41:39	2022-11-08 03:38:05
BE22002109	12	1	힘들 때는 여러 걱정이 많아지는 게 당연해요. 하지만 몸이 아플수록 마음을 더욱 단단히 먹어야 아픈 병도 금방 나을 수 있을 거예요! 그렇게 하다 보면 몸이 잘 회복되어서 다시 예전처럼 건강을 되찾으실 수 있으리라 믿어요!	N	2022-06-19 10:41:39	2022-11-08 03:38:05
BE22002109	13	0	우리 손녀가 그렇게 말해주니 이 할머니가 힘이 나네. 정말 고마워, 아팠던 몸도 덜 아픈 기분이 들어. 네 말처럼 긍정적으로 생각하며 건강을 되찾을 수 있도록 이참에 푹 쉬도록 할게.	N	2022-06-19 10:41:39	2022-11-08 03:38:05
BE22002109	14	1	제가 할머니에게 힘이 되어드릴 수 있어서 얼마나 기쁜지 몰라요. 할머니와 하고 싶은 것들, 가고 싶은 곳들이 너무나 많으니, 오래도록 건강한 모습으로 제 곁에 계셔주세요. 할머니가 하루빨리 건강해지실 수 있도록 제가 응원하고 있을게요!	Y	2022-06-19 10:41:39	2022-11-08 03:38:05
