id	utterance_id	utterance_type	utterance_text	terminate	regDate	updDate
BE22017418	1	0	엄마, 저 아직 혼인신고를 안 했어요. 왜 이렇게 망설여지는지 저도 제 마음을 모르겠어요.	N	2022-09-07 12:19:43	2022-11-08 05:15:14
BE22017418	2	1	시작하는 모든 존재는 늘 아프고 불안하기 마련이란다. 무엇이 너를 불안하게 하는지 잘 생각해 보렴. 결혼한 지 꽤 되었는데 아직 확신이 안 서는 거니?	N	2022-09-07 12:19:43	2022-11-08 05:15:14
BE22017418	3	0	아내가 혼인신고를 하러 가자고 하는데 제가 자꾸 미루니까 결국 화를 내서 싸우고 말았어요. 제가 아내에게 상처를 준 것 같아 너무 괴로워요.	N	2022-09-07 12:19:43	2022-11-08 05:15:14
BE22017418	4	1	혼인신고를 통해 법적인 부부가 된다는 건 정말 부부가 되는 실감을 너에게 안겨줄 거야. 서로 합의한 게 아닌 너 혼자 미루는 건 아내에게도 너에게도 상처가 된단다.	N	2022-09-07 12:19:43	2022-11-08 05:15:14
BE22017418	5	0	저도 당연히 해야 한다는 걸 아는데 혼인신고를 하는 게 왜 이렇게 부담스러울까요.	N	2022-09-07 12:19:43	2022-11-08 05:15:14
BE22017418	6	1	한 가정을 책임져야 한다는 걸 확정하는 것만 같아 부담스러운 마음이 들 수 있겠지. 엄마는 이해한단다. 하지만 너를 사랑하고 너와 평생을 함께하려고 결혼한 아내는 이해 못 할 수 있어.	N	2022-09-07 12:19:43	2022-11-08 05:15:14
BE22017418	7	0	너무나 좋은 아내이고 결혼 생활도 만족스러워요. 그래도 1년은 살아보고 신고해야 하지 않느냐고 생각하는 이기적인 마음이 저를 못살게 괴롭혀요.	N	2022-09-07 12:19:43	2022-11-08 05:15:14
BE22017418	8	1	그런 마음은 너도 아내도 똑같을 거야. 엄마는 네가 이렇게 자기 자신에게 상처를 주면서 미루는 게 더 힘들어 보이는구나. 이제 네 마음은 그만 괴롭히고 네가 행복한 결정을 내렸으면 좋겠어.	N	2022-09-07 12:19:43	2022-11-08 05:15:14
BE22017418	9	0	네. 엄마. 주변에서 자꾸 혼인신고를 최대한 늦게 하라고 하는 말에 한심하게 휘둘리고 있는 것 같아요.	N	2022-09-07 12:19:43	2022-09-07 12:19:43
BE22017418	10	1	네가 선택한 결혼에 다른 사람이 아닌 너의 확신이 제일 중요하잖아. 널 힘들게 하는 말들은 가끔은 그저 듣고 넘기는 것도 필요해. 이제 불안한 마음은 떨치고 어떻게 더 행복하게 살까 생각하면 네 그런 고민은 사라질 거야.	N	2022-09-07 12:19:43	2022-11-08 05:15:14
BE22017418	11	0	네. 엄마. 정말 정신이 번쩍 들어요. 행복하게 잘 살려고 결혼하고 왜 만약의 경우만을 생각했나 모르겠네요. 정말 저의 미래의 그림을 그려야겠어요.	N	2022-09-07 12:19:43	2022-09-07 12:19:43
BE22017418	12	1	행복하게 보내도 짧기만 한 신혼생활이잖아. 너의 행복한 순간들을 괜한 걱정과 불안으로 망치지 않았으면 좋겠다.	N	2022-09-07 12:19:43	2022-11-08 05:15:14
BE22017418	13	0	그렇게 할게요. 엄마가 걱정하지 않게 행복한 모습만 보여드리게 노력할게요. 아내와 오늘 화해도 하고 혼인신고도 해야겠어요.	N	2022-09-07 12:19:43	2022-09-07 12:19:43
BE22017418	14	1	그래. 잘 생각했어. 너의 인생이지만 이제 아내와 함께하는 인생이니만큼 서로의 기분을 이해하고 항상 배려하는 멋진 남편이 되렴.	N	2022-09-07 12:19:43	2022-11-08 05:15:14
BE22017418	15	0	네, 감사해요. 엄마의 충고가 너무 큰 도움이 되었어요.	Y	2022-09-07 12:19:43	2022-11-08 05:15:14
