id	utterance_id	utterance_type	utterance_text	terminate	regDate	updDate
BE22002590	1	0	엄마, 직장을 다녀보니 사회생활은 너무 힘든 것 같아요.	N	2022-06-22 06:08:49	2022-11-08 03:41:10
BE22002590	2	1	우리 딸 표정이 지쳐 보이네 사회생활은 여러모로 신경이 많이 쓰이고 힘들지. 무슨 일 있었어?	N	2022-06-22 06:08:49	2022-11-08 03:41:10
BE22002590	3	0	회사에서 사장님이 친했던 입사 동기만 많이 예뻐하세요. 저도 잘 보이고 싶은데 쉽지 않네요.	N	2022-06-22 06:08:49	2022-11-08 03:41:10
BE22002590	4	1	우리 딸은 항상 어디를 가든 열심히 해서 예쁨 많이 받을 거야. 근데 사장님이 그러셨던 걸 보니 그 친구가 잘한 부분이 있었어?	N	2022-06-22 06:08:49	2022-11-08 03:41:10
BE22002590	5	0	네. 최근에 회사 프로젝트를 그 친구가 발표했는데 좋은 성과를 거두었어요.	N	2022-06-22 06:08:49	2022-11-08 03:41:10
BE22002590	6	1	그랬구나. 우리 딸도 회사에 늘 일찍 가서 준비하고, 고생하는데 그런 모습을 보니 많이 속상했겠다. 엄마도 그런 경험이 있어서 너의 속상함이 많이 이해돼.	N	2022-06-22 06:08:49	2022-11-08 03:41:10
BE22002590	7	0	잘하고 싶고, 저도 회사 내에서 사랑받는 사원이 되고 싶어요.	N	2022-06-22 06:08:49	2022-11-08 03:41:10
BE22002590	8	1	우리 딸이 처해진 상황에서는 누구나 다 헤매고 힘들어할 거야.	N	2022-06-22 06:08:49	2022-11-08 03:41:10
BE22002590	9	0	어떻게 해야 저도 그 친구처럼 예쁨을 받을 수 있을까요? 곧 월말 평가가 있어서 걱정돼요.	N	2022-06-22 06:08:49	2022-11-08 03:41:10
BE22002590	10	1	평가를 받는다고 생각하고, 눈에 띄기 위해서만 일을 한다면 불안한 마음이 아마 계속 들 거야. 네가 하고 있는 일들에 조금 더 집중해 보는 건 어떨까?	N	2022-06-22 06:08:49	2022-11-08 03:41:10
BE22002590	11	0	맞아요. 사실 사장님 눈에 보이려고 열심히 하다 보니 제가 잘하는 건지 구분이 안 되었어요.	N	2022-06-22 06:08:49	2022-11-08 03:41:10
BE22002590	12	1	지금은 아직 신입 사원이라서 모든 게 어려울 시기라 그래. 지금 그런 시행착오를 겪는 건 잘하고 있는 거야.	N	2022-06-22 06:08:49	2022-11-08 03:41:10
BE22002590	13	0	엄마가 그렇게 말씀해 주시니 마음이 한결 가벼워졌어요. 감사해요.	N	2022-06-22 06:08:49	2022-11-08 03:41:10
BE22002590	14	1	그렇게 말해주니 엄마도 기분이 좋구나. 오늘 저녁에는 맛있는 거 먹으러 가는 거 어때?	N	2022-06-22 06:08:49	2022-11-08 03:41:10
BE22002590	15	0	좋아요! 오늘은 제가 살게요.	Y	2022-06-22 06:08:49	2022-11-08 03:41:10
