id	utterance_id	utterance_type	utterance_text	terminate	regDate	updDate
BE22014352	1	0	아빠, 저 내일 블라인드 면접이 남아 있는데 너무 긴장돼요. 잘 할 수 있을까요?	N	2022-08-16 12:43:56	2022-08-16 12:43:56
BE22014352	2	1	물론이지! 우리 아들이라면 잘할 거야. 너무 긴장하면 더 떨리니까 편하게 생각해.	N	2022-08-16 12:43:56	2022-11-08 04:56:19
BE22014352	3	0	이 면접만 통과하면 합격인데 왜 이렇게 불안하고 마음이 불편한지 모르겠어요. 너무 가고 싶었던 회사라 더 절실한 마음이 커요. 그런데 불안해서 그런지 연습도 잘 안되고, 아무런 생각도 안 들어요.	N	2022-08-16 12:43:56	2022-08-16 12:43:56
BE22014352	4	1	얼마나 긴장이 될지 감히 상상조차 안 되지만 네 마음 충분히 이해가 간다. 그래도 우리 아들은 강하니까 잘 될 거라고 굳게 마음을 먹고 용기를 냈으면 좋겠어.	N	2022-08-16 12:43:56	2022-11-08 04:56:19
BE22014352	5	0	블라인드 면접이라 목소리 자신감이 중요하다 생각하는데 자신감이 점점 사라져서 걱정이에요. 한 번 불안감이 들기 시작하니까 잘 해낼 수 있을지도 잘 모르겠어요. 어렵게 최종에 합격한 곳이라 너무 긴장되네요.	N	2022-08-16 12:43:56	2022-08-16 12:43:56
BE22014352	6	1	왜 안 그러겠어, 마음고생이 많겠구나 우리 아들. 누구나 그런 일을 겪는다면 너처럼 긴장되고 불안해서 아무 생각이 안 들 거 같아.	N	2022-08-16 12:43:56	2022-11-08 04:56:19
BE22014352	7	0	네, 애써 이 불안감을 속으로 혼자 삭이면서 노력하는데 왜 이렇게 떨리는지 모르겠어요. 이렇게까지 떠는 저 자신에 화도 나고, 답답해요.	N	2022-08-16 12:43:56	2022-11-08 04:56:19
BE22014352	8	1	지금 당장은 너무 긴장되겠지만 아들은 그 누구보다 실전에 강한 편이잖아! 마음의 여유를 찾고 나면 늘 그랬던 것처럼 잘 해낼 거라 아빠는 믿어!	N	2022-08-16 12:43:56	2022-11-08 04:56:19
BE22014352	9	0	조언 감사해요 아빠, 아빠의 말씀 덕분에 조금은 진정이 되는 거 같아요. 저 스스로가 너무 나약한 생각만 했던 거 같네요. 잘 이겨낼 수 있을 거 같은 용기도 생겼어요.	N	2022-08-16 12:43:56	2022-11-08 04:56:19
BE22014352	10	1	오히려 아들이 이렇게 금방 기운 차리는 모습을 보여주니 아빠가 더 보람차고 기분이 좋아진다. 그래 그렇게 의지만 갖고 있는다면 너는 분명 잘 이겨낼 거라 믿어.	N	2022-08-16 12:43:56	2022-11-08 04:56:20
BE22014352	11	0	혼자 삭이면서 가슴도 너무 답답했는데 아빠랑 이렇게 대화를 하고 나니 속이 많이 후련해졌어요. 진작에 털어놓으면서 풀어버릴 걸 왜 고민했나 싶네요.	N	2022-08-16 12:43:56	2022-08-16 12:43:56
BE22014352	12	1	그래, 혼자 끙끙 앓지 말고 고민이 있거든 아빠한테 편하게 얘기해. 속상한 일을 겪는데 말할 사람까지 없으면 얼마나 더 슬프겠니.	N	2022-08-16 12:43:56	2022-11-08 04:56:20
BE22014352	13	0	좋은 말씀들 너무 감사해요. 제 편이 있다는 게 너무나 든든해요, 오늘 저녁에 집에 들어가면서 맛있는 거 사가지고 들어갈게요.	N	2022-08-16 12:43:56	2022-08-16 12:43:56
BE22014352	14	1	너무 좋지! 그래, 아빠가 항상 옆에서 응원하고 있으니까 기운 내고! 이번 일도 잘 이겨낼 수 있기를 바랄게.	N	2022-08-16 12:43:56	2022-11-08 04:56:20
BE22014352	15	0	네 저도 그럴 수 있도록 노력해 볼게요. 조금 이따 집에서 뵐게요.	Y	2022-08-16 12:43:56	2022-08-16 12:43:56
