id	utterance_id	utterance_type	utterance_text	terminate	regDate	updDate
BE22010689	1	0	젊을 때 크라운을 씌웠던 이가 다시 아파지는 것 같네. 아무래도 세월에 의해 마모되었나 봐. 이거 다시 시술해야 하는 게 아닐까 모르겠어.	N	2022-07-21 04:21:42	2022-11-08 04:33:10
BE22010689	2	1	어머 엄마 많이 아프세요? 때운 게 떨어지면 많이 시리다는데 걱정이네요.	N	2022-07-21 04:21:42	2022-11-08 04:33:10
BE22010689	3	0	시린 것도 시린 건데 사실 병원에 가는 게 더 두렵구나. 다 늙어서 주책이지. 윙 돌아가는 기계 소리와 냄새가 나한테는 불안하게 느껴져서 가기가 꺼려지네.	N	2022-07-21 04:21:42	2022-11-08 04:33:10
BE22010689	4	1	에이 엄마도 참, 주책 아니에요. 다 큰 저도 병원은 무섭거든요. 아무리 가도 적응이 안 되는 게 병원이라잖아요.	N	2022-07-21 04:21:42	2022-11-08 04:33:10
BE22010689	5	0	맞아. 사실 엄마는 감기에 걸려도 병원에 잘 안 가 버릇하니까 이가 아픈데도 며칠을 꾹 참았단다. 근데 도저히 참을 수 있는 통증이 아니라서 가긴 가야 하는데 떨려서 발걸음이 안 떨어지네.	N	2022-07-21 04:21:42	2022-11-08 04:33:10
BE22010689	6	1	그래도 엄마가 아프고 불편한 건 싫어요. 가는 길은 두렵겠지만 막상 가시면 아무것도 아닐 거예요. 정말 씌운 걸 약간 다듬는 정도일 거라 아픈 것도 아니니 너무 걱정하지 마세요.	N	2022-07-21 04:21:42	2022-11-08 04:33:10
BE22010689	7	0	엄마 건강 생각해 주는 건 우리 딸밖에 없다. 그래 널 위해서라도 내가 용기를 내봐야지. 나이가 들어가니까 구석구석 조금씩 고장 나는 게 느껴져서 병원과 친해져야 하는데 쉽지 않네.	N	2022-07-21 04:21:42	2022-11-08 04:33:10
BE22010689	8	1	저랑 건강하게 오래오래 사시려면 무서우셔도 용기 내서 병원에 익숙해지셔야 해요. 지금 무서워서 안 가게 되면 나중에 더 나빠져서 금액도 통증도 걷잡을 수 없을 거예요. 지금 가는 게 가장 덜 아픈 길이에요, 엄마.	N	2022-07-21 04:21:42	2022-11-08 04:33:10
BE22010689	9	0	그래 네 말이 맞아. 계속 이러고 있다가는 병원비만 더 들고 끙끙 앓기만 하겠지. 너에게 괜한 걱정을 심어준 것 같아서 미안하구나, 일이 무척 바쁘지.	N	2022-07-21 04:21:42	2022-11-08 04:33:10
BE22010689	10	1	전 오히려 제가 엄마의 보호자가 된 느낌이 좋은걸요. 엄마는 제가 어릴 적에 병원에 갈 때 항상 보호자로 든든하게 있어 주셨잖아요. 이제는 엄마가 저에게 많이 의지하는 것 같아서 기분이 좋아요.	N	2022-07-21 04:21:42	2022-11-08 04:33:10
BE22010689	11	0	그렇게 생각해준다니 정말 감동이구나. 우리 딸이 내 보호자라서 항상 든든하고 기분이 좋아. 이렇게 너한테 털어놓기만 해도 불안감이 조금은 내려간단다.	N	2022-07-21 04:21:42	2022-11-08 04:33:10
BE22010689	12	1	다행이에요. 우리 엄마 어떨 때 보면 정말 소녀같이 귀엽다니까. 너무 걱정하지 말고 검진만 받아봐요. 생각했던 것보다 아픈 것 없이 무사히 끝날 테니까 너무 불안해하지 마세요. 제가 있잖아요.	N	2022-07-21 04:21:42	2022-11-08 04:33:10
BE22010689	13	0	알겠어. 말 나온 김에 내일 가봐야겠구나. 이렇게 엄마를 다독여줘서 고맙다. 다 컸어, 우리 딸.	N	2022-07-21 04:21:42	2022-11-08 04:33:10
BE22010689	14	1	내일 가실 거면 저랑 가요. 그게 엄마가 더 편하게 진료를 보실 수 있을 것 같아요. 어릴 때 생각나고 저도 많이 좋을 것 같아요.	N	2022-07-21 04:21:42	2022-11-08 04:33:10
BE22010689	15	0	그래 주면 나야 무지 고맙지. 항상 내 걱정해 주는 네가 있어서 엄마는 행복하단다.	Y	2022-07-21 04:21:42	2022-11-08 04:33:10
