id	utterance_id	utterance_type	utterance_text	terminate	regDate	updDate
BE22002621	1	0	앞으로 건강을 위해 매일 야채를 먹으려고 한단다.	N	2022-06-22 06:47:20	2022-11-08 03:41:21
BE22002621	2	1	정말 반가운 말씀이에요. 갑자기 왜 그런 결심을 하셨어요?	N	2022-06-22 06:47:20	2022-11-08 03:41:21
BE22002621	3	0	병원을 다녀왔더니 이런 식습관을 유지하면 당뇨에 걸릴 위험이 높다고 하더구나.	N	2022-06-22 06:47:20	2022-11-08 03:41:22
BE22002621	4	1	더 늦기 전에 병원을 가셔서 정말 다행이에요. 당뇨는 평생 약을 달고 살아야 하잖아요.	N	2022-06-22 06:47:20	2022-11-08 03:41:22
BE22002621	5	0	맞아. 건강할 땐 그런 게 별로 두렵지 않았는데, 병원을 다녀오니 덜컥 겁이 나는구나. 당뇨에 걸릴까 봐 어찌나 불안하고 스트레스를 받는지.	N	2022-06-22 06:47:20	2022-11-08 03:41:22
BE22002621	6	1	지금부터라도 식습관 잘 개선하시면 건강해지실 거예요. 오히려 스트레스 받으면 더 몸에 안 좋으니까 너무 걱정하고 그러지 마세요. 매일 야채 먹는 습관만 가지셔도 좋아지실 것 같은데요?	N	2022-06-22 06:47:20	2022-11-08 03:41:22
BE22002621	7	0	그렇겠지? 어린아이처럼 마음이 불안하고 초조하구나. 진작 건강 관리에 신경을 쓸걸...	N	2022-06-22 06:47:20	2022-11-08 03:41:22
BE22002621	8	1	아버지 연세에 건강 관리 시작하시는 거면 늦은 것도 아니에요. 잘하실 수 있으니까 너무 불안해하지 마세요.	N	2022-06-22 06:47:20	2022-11-08 03:41:22
BE22002621	9	0	그렇게 말해 줘서 고맙구나. 자식들 앞에서 뒤늦게 내 행동을 후회하는 어리석은 짓은 정말 하고 싶지 않았는데.	N	2022-06-22 06:47:20	2022-11-08 03:41:22
BE22002621	10	1	아버지는 평생을 열심히, 바르게 살아오셨잖아요. 다른 것도 아니고 건강 관리에 힘쓰지 못한 걸 후회하시는 거면 오히려 존경스러운데요. 다른 사람들한테 피해 주는 일은 하지 않으신 거잖아요.	N	2022-06-22 06:47:20	2022-11-08 03:41:22
BE22002621	11	0	네 말에 큰 힘을 얻는구나. 네 말이 맞아. 건강 관리는 나와의 싸움이지, 다른 사람이 걸린 문제가 아니니 너무 자책하지 말아야겠다.	N	2022-06-22 06:47:20	2022-11-08 03:41:22
BE22002621	12	1	그럼요. 그리고 아직 당뇨에 걸리신 것도 아니니까 조급해하고 스트레스 받으실 필요 없어요. 지금처럼 식단 관리하시고, 저랑 같이 산책도 자주 해요.	N	2022-06-22 06:47:20	2022-11-08 03:41:22
BE22002621	13	0	그러자꾸나. 속 깊고 어른스러운 네가 있어서 참 다행이야. 너랑 이야기하고 나면 마음이 가볍거든.	N	2022-06-22 06:47:20	2022-11-08 03:41:22
BE22002621	14	1	저도 아버지랑 이렇게 편하게 대화할 수 있는 사이여서 참 좋아요. 집에 일찍 들어갈 테니 건강하고 맛있는 저녁 같이 먹어요.	N	2022-06-22 06:47:20	2022-11-08 03:41:22
BE22002621	15	0	알았다. 채소를 맛있게 볶아놓고 있으마.	Y	2022-06-22 06:47:20	2022-11-08 03:41:22
