id	utterance_id	utterance_type	utterance_text	terminate	regDate	updDate
BE22016672	1	0	이번 주에 손주 데리고 집에 와 줄 수 있니? 마음이 불안해서 그런가, 유난히 가족들이 그립게 느껴지네.	N	2022-08-31 04:32:21	2022-11-08 05:10:45
BE22016672	2	1	네. 엄마 갈 수 있어요. 그런데 무슨 일 있으셨어요? 마음에 편하지 않다고 하시니까 신경이 쓰여서요.	N	2022-08-31 04:32:21	2022-11-08 05:10:45
BE22016672	3	0	요즘 따라 기억이 자주 가물가물해. 특히 사람의 얼굴과 이름이 잘 기억이 안 나서 불안해.	N	2022-08-31 04:32:21	2022-11-08 05:10:45
BE22016672	4	1	엄마는 기억력이 좋은 편이었으니, 걱정이 많이 하시는 게 눈에 선해요.	N	2022-08-31 04:32:21	2022-11-08 05:10:45
BE22016672	5	0	응. 분명 알고 지냈던 사람인데도 자꾸 깜빡깜빡하니까. 이른 나이에 무슨 병이라도 생긴 걸까, 초조해서 잠도 깊게 못 자네.	N	2022-08-31 04:32:21	2022-11-08 05:10:45
BE22016672	6	1	평소와 다른 증상이 느껴지니 마음이 아주 힘드셨겠어요. 엄마가 혼자 걱정하셨을 걸 생각하니 저도 마음이 너무 아파요. 잠까지 깊게 못 주무신다니 불안함을 많이 느끼시는 것 같아요.	N	2022-08-31 04:32:21	2022-11-08 05:10:45
BE22016672	7	0	나만 그런가 봐, 친구들한테 얘기해 봐도 공감하지 않더라. 나이 먹으면 깜빡하는 일이 잦다고 하지만 지금 겪을 문제는 아니라면서 말이야.	N	2022-08-31 04:32:21	2022-11-08 05:10:45
BE22016672	8	1	나 혼자만 안고 있는 문제라고 생각이 드셔서 더 마음 쓰였겠어요. 혼자 고민하셨을 생각을 하니 제 가슴도 미어지는 듯하네요.	N	2022-08-31 04:32:21	2022-11-08 05:10:45
BE22016672	9	0	엄마가 더 걱정되는 건 너에게 일찍부터 짐이 될까 봐. 자식 발목을 잡을까 그게 제일 겁이 나.	N	2022-08-31 04:32:21	2022-11-08 05:10:45
BE22016672	10	1	그런 말씀 마세요. 전 혹시라도 엄마가 아파도 거동이 불편하게 되어도 끝까지 엄마 곁에 있을 거예요. 제가 어릴 땐 엄마가 보살펴 주셨잖아요.	N	2022-08-31 04:32:21	2022-11-08 05:10:45
BE22016672	11	0	네가 그렇게 표현을 해주니 딸 하난 참 잘 키웠구나 싶어. 혼자서 고민에 끙끙 앓았는데, 병을 피할 수는 없어도 네가 곁에 있을 거라고 해 주니까. 두려움이 좀 사라지는 것 같아.	N	2022-08-31 04:32:21	2022-11-08 05:10:45
BE22016672	12	1	네. 엄마 혼자서 너무 힘들어하지 마세요. 절 못난 딸로 만드시는 거예요. 꼭 저와 상의해 주세요.	N	2022-08-31 04:32:21	2022-11-08 05:10:45
BE22016672	13	0	너와 상의하고 나니까, 비로소 마주할 용기가 생기는 것 같다. 이게 무슨 문제인지, 정확하게 알아봐야겠다.	N	2022-08-31 04:32:21	2022-11-08 05:10:45
BE22016672	14	1	네. 병원에 가보시는 건 저도 적극적으로 찬성해요. 혼자 가기 무서우시면 같이 가요.	Y	2022-08-31 04:32:21	2022-11-08 05:10:45
