id	utterance_id	utterance_type	utterance_text	terminate	regDate	updDate
BE22006747	1	0	엄마, 저 실수로 도서관에서 책을 대출하지 않고 그냥 가지고 왔어요. 어떡하면 좋죠?	N	2022-07-07 03:07:49	2022-11-08 04:07:55
BE22006747	2	1	정말이야? 어쩌다 그런 실수를 한 거니?	N	2022-07-07 03:07:49	2022-11-08 04:07:55
BE22006747	3	0	책을 여러 권 빌리다보니, 대출한 책과 대출하지 않은 책이 뒤섞였나 봐요. 제 도서 대출 내역에 한 권이 빠져 있는 걸 확인했어요. 얼마나 화들짝 놀랐는지 몰라요.	N	2022-07-07 03:07:49	2022-11-08 04:07:55
BE22006747	4	1	우리 아들이 그 사실을 알고 많이 당혹스러웠겠구나. 예상치 못한 실수를 저질렀으니 더더욱 곤란한 심정이었을 것 같아.	N	2022-07-07 03:07:49	2022-11-08 04:07:55
BE22006747	5	0	맞아요. 순간적으로 머리가 하얘지는 거 있죠. 이러다가 저 책 도난범으로 오해받는 게 아닐까 초조해지기 시작했어요.	N	2022-07-07 03:07:49	2022-11-08 04:07:55
BE22006747	6	1	아들, 네가 지나치게 불안해하는 것 같아 걱정이 되는걸. 실수였다고 사과한다면 문제없는 일이니 안심해도 된단다. 충분히 수습할 수 있으니 우선 놀란 네 마음을 차분히 가라앉히고 진정해보렴.	N	2022-07-07 03:07:49	2022-11-08 04:07:55
BE22006747	7	0	맞아요. 제가 놀라서 조급하게 해결하려다가 너무 초조해하고 있었나봐요. 실수라도 책을 멋대로 가져갔다는 건 변함없는 사실이니, 제게 벌금을 내라고 할 것만 같아 두려웠어요.	N	2022-07-07 03:07:49	2022-11-08 04:07:55
BE22006747	8	1	아들, 이거 하나만 물어볼까? 너는 스스로 네가 도난범이라고 생각하니?	N	2022-07-07 03:07:49	2022-11-08 04:07:55
BE22006747	9	0	전혀요. 도서관 책을 마음대로 가져와버렸다는 생각에 양심에 찔려서 얼마나 불안한 심정인데요. 제가 도난범이라고는 추호도 생각하지 않아요.	N	2022-07-07 03:07:49	2022-11-08 04:07:55
BE22006747	10	1	그렇지. 네가 일부로 책을 훔친 게 아닌 이상, 죄송한 마음으로 다시 돌려주기만 하면 해결되는 문제란다. 실수에 대해 사과하고 바로잡는 사람을 누구도 도난범이라고 몰아가지는 않을 거야. 그러니 너무 불안해하지 않아도 괜찮단다.	N	2022-07-07 03:07:49	2022-11-08 04:07:55
BE22006747	11	0	그 말을 듣고 보니 엄마 말이 맞아요. 제가 제 실수에 더 깜짝 놀라서 크게 혼날 걱정을 하고 있었나봐요.	N	2022-07-07 03:07:49	2022-11-08 04:07:55
BE22006747	12	1	물론 네 잘못에 대해 걱정하는 건 자연스러운 반응이야. 하지만 무엇보다도 침착하게 그 잘못을 바로잡는 게 우선이겠지?	N	2022-07-07 03:07:49	2022-11-08 04:07:55
BE22006747	13	0	알았어요. 도서관에 다시 돌아가서 상황을 말씀드리고 제대로 대출 신청을 하고 돌아와야겠어요.	N	2022-07-07 03:07:49	2022-11-08 04:07:55
BE22006747	14	1	그거야. 그렇게 하고 나면 네 마음도 분명 후련해질 거란다.	N	2022-07-07 03:07:49	2022-11-08 04:07:55
BE22006747	15	0	네. 괜히 겁을 먹고 크게 걱정을 하고 있었나봐요. 얼른 도서관에 가서 문제를 해결하고 올게요.	Y	2022-07-07 03:07:49	2022-11-08 04:07:55
