id	utterance_id	utterance_type	utterance_text	terminate	regDate	updDate
BE22008838	1	0	할머니, 저는 유럽에 잘 도착했어요. 원래 친구랑 함께 돌아다니기로 했었는데, 사소한 일로 다퉈서 혼자 돌아다니게 되었어요.	N	2022-07-14 07:13:28	2022-11-08 04:21:16
BE22008838	2	1	아이고, 우리 손자가 친구와 좋지 않은 일이 있었구나. 타국에서 의지할 사람 없이 혼자 돌아다니게 되어서 많이 불안하지 않니? 할머니는 걱정이 되는구나.	N	2022-07-14 07:13:28	2022-11-08 04:21:16
BE22008838	3	0	맞아요. 사실 저는 유럽이 처음이고, 친구는 세 번째라 친구를 믿고 간 건데, 떨어지게 되어서 불안하네요. 저는 영어도 잘 못하고, 소심한 성격인데 어떻게 여행을 해야 할 지조차 막막해요. 여기서 무슨 일이라도 나면 전 어떻게 하죠?	N	2022-07-14 07:13:28	2022-11-08 04:21:16
BE22008838	4	1	아무래도 처음이면 모든 게 두렵고 막연한 법이지. 갑작스럽게 벌어진 일이라 대비할 시간도 없었을 텐데, 더욱 불안하겠구나. 근데 친구와는 어떻게 싸우게 된 거니?	N	2022-07-14 07:13:28	2022-11-08 04:21:16
BE22008838	5	0	사실 정말 별일 아니에요. 친구는 바게트가 먹고 싶었는데, 전 마들렌이 먹고 싶었거든요. 이렇게 말씀드리니까 정말 유치한 이유 같은데, 그 순간에는 바게트가 먹고 싶다고 우기는 친구가 정말 미웠어요.	N	2022-07-14 07:13:28	2022-11-08 04:21:16
BE22008838	6	1	그랬구나. 아무래도 낯선 공간에서는 스트레스가 커서 사소한 이유로도 의견 충돌이 있을 수 있지. 그렇지만 네 스스로 사소하고 유치한 이유라고 말하는 거 보니, 친구와 화해하고 싶은 마음이 드는가보구나? 이런 사소한 일로 싸우는 건 네 성격과도 맞지 않잖니.	N	2022-07-14 07:13:28	2022-11-08 04:21:16
BE22008838	7	0	할머니 말씀이 맞아요. 사실 저도 고집을 부린 게 친구한테 미안하기도 하고, 이대로 친구를 잃을까 불안한 마음이 커요. 사과하고, 화해하고 싶어요.	N	2022-07-14 07:13:28	2022-11-08 04:21:16
BE22008838	8	1	그럴 줄 알았다. 그럼 친구에게 연락해서 얼른 사과해보렴.	N	2022-07-14 07:13:28	2022-11-08 04:21:16
BE22008838	9	0	그런데 제가 마지막에 심한 말을 했거든요. 이기적이고 배려 없는 사람이라고요. 친구가 저에게 아직도 화가 나 있어서, 제 사과를 받아주지 않으면 어떡하죠?	N	2022-07-14 07:13:28	2022-11-08 04:21:16
BE22008838	10	1	네 친구도 후회하고 있을 거란다. 분명 네 친구 또한 사소한 일로 너를 잃을까봐 불안해할 거야. 이럴 때는 용기 있게 손을 내미는 쪽이 필요하고, 또 얼른 사과해야 네 마음도 편안하지 않겠니?	N	2022-07-14 07:13:28	2022-11-08 04:21:16
BE22008838	11	0	할머니 말씀이 맞아요. 이런 쓸데없는 일로 친구에게 상처를 주다니, 얼른 친구에게 연락해서 화해해야겠어요. 그럼 소중한 친구가 다시 돌아오겠죠?	N	2022-07-14 07:13:28	2022-11-08 04:21:16
BE22008838	12	1	그래그래. 네 친구도 분명 네 마음을 알아줄 거야. 우리 손주가 이번 여행을 계기로 더욱 성장하겠구나. 할머니는 뿌듯하단다.	N	2022-07-14 07:13:28	2022-11-08 04:21:16
BE22008838	13	0	네. 할머니께서 지혜를 빌려주셔서, 제가 친구와 빨리 화해할 수 있을 것 같아요. 쓸데없이 불안에 떨며 여행을 지속하는 바보 같은 행동을 하지 않고요. 마음이 편해졌어요.	N	2022-07-14 07:13:28	2022-11-08 04:21:16
BE22008838	14	1	다행이구나. 친구와 화해 소식, 그리고 즐거운 여행 소식 기다리고 있으마!	Y	2022-07-14 07:13:28	2022-11-08 04:21:16
