id	utterance_id	utterance_type	utterance_text	terminate	regDate	updDate
BE22010349	1	0	엄마, 친구한테 돈을 빌려줬는데 계속 미루면서 갚지 않아서 고민이에요.	N	2022-07-20 00:07:41	2022-11-08 04:31:01
BE22010349	2	1	아이고, 마음이 불안하기도 하고 불편하기도 하겠구나.	N	2022-07-20 00:07:41	2022-11-08 04:31:01
BE22010349	3	0	네, 갚으라고 재촉하자니 친구 사이가 멀어질까봐 걱정되고, 기다리자니 시간이 자꾸 가서 불안해요.	N	2022-07-20 00:07:41	2022-11-08 04:31:01
BE22010349	4	1	그래, 친구 사이라서 더 조심스럽고 어렵지.	N	2022-07-20 00:07:41	2022-11-08 04:31:01
BE22010349	5	0	친구한테 돈을 빌려준 게 처음이라 더 어떻게 해야 할지 모르겠고 자꾸 초조하기만 해요.	N	2022-07-20 00:07:41	2022-11-08 04:31:01
BE22010349	6	1	그럼, 믿고 있으면서도 계속 걱정이 될 거야. 너한테 지금 당장 필요한 돈은 아니니?	N	2022-07-20 00:07:41	2022-11-08 04:31:01
BE22010349	7	0	네, 그렇지는 않아요. 어떻게 보면 아주 큰 돈은 아니고요. 하지만 저한테는 큰돈이기도 해요.	N	2022-07-20 00:07:41	2022-11-08 04:31:01
BE22010349	8	1	그래, 이제 막 사회생활 시작하면서 모으기 시작한 거라 금액을 떠나 너한테는 소중한 돈이지.	N	2022-07-20 00:07:41	2022-11-08 04:31:01
BE22010349	9	0	맞아요. 내가 아껴서 모은 돈이 없어질 수도 있다고 생각하니까 더 속상하고 화도 나는 거 같아요.	N	2022-07-20 00:07:41	2022-11-08 04:31:01
BE22010349	10	1	당연하지. 그런데 친구에게 돈을 빌려줄 때는 다시 못 받아도 괜찮다고 생각될 때만 빌려주는 게 좋아.	N	2022-07-20 00:07:41	2022-11-08 04:31:01
BE22010349	11	0	친구가 급하다면서 다음 주에 준다고 하니까 그 말만 믿었어요. 못 받는다고 생각해본 적은 없어요.	N	2022-07-20 00:07:41	2022-11-08 04:31:01
BE22010349	12	1	그럼, 친구니까 당연히 믿지. 그런데 그 친구도 아마 너처럼 돈을 안 갚을 생각은 아니지 않았을까?	N	2022-07-20 00:07:41	2022-11-08 04:31:01
BE22010349	13	0	그럴 수도 있겠네요. 말을 해서 이 관계를 불편하게 만드는 것보다 그냥 조금 더 기다려야겠네요.	N	2022-07-20 00:07:41	2022-11-08 04:31:01
BE22010349	14	1	그래. 네 마음이 그게 더 편하다면 조금 더 기다려보렴. 상황이 마음처럼 따라주지 않을 때가 있단다.	N	2022-07-20 00:07:41	2022-11-08 04:31:01
BE22010349	15	0	네. 그리고 앞으로는 돈을 그냥 준다는 마음이 아니면 친구끼리 금전거래는 안 해야겠어요.	N	2022-07-20 00:07:41	2022-11-08 04:31:01
BE22010349	16	1	그게 좋겠지? 이렇게 하나씩 세상을 배워가는 거지.	N	2022-07-20 00:07:41	2022-11-08 04:31:01
BE22010349	17	0	알겠어요. 맘이 조금 가벼워졌어요. 감사해요, 엄마.	Y	2022-07-20 00:07:41	2022-11-08 04:31:01
