id	utterance_id	utterance_type	utterance_text	terminate	regDate	updDate
BE22000711	1	0	오늘 아침에 병원을 다녀왔어요.	N	2022-06-13 07:22:15	2022-11-08 03:28:51
BE22000711	2	1	어디가 많이 아픈 거야?	N	2022-06-13 07:22:15	2022-11-08 03:28:51
BE22000711	3	0	구역질이랑 복통이 심해서 밤새 잠을 못 잤거든요.	N	2022-06-13 07:22:15	2022-11-08 03:28:51
BE22000711	4	1	잠도 자지 못할 정도로 아팠을 텐데, 엄마한테 늦게라도 전화를 하지 그랬니. 병원에서는 뭐라고 하니?	N	2022-06-13 07:22:15	2022-11-08 03:28:51
BE22000711	5	0	큰 병은 아니고요 식중독이래요. 어제 저녁때 회사 동료들이랑 횟집에서 소주 한잔 했거던요. 그게 안 좋았나 봐요.	N	2022-06-13 07:22:15	2022-11-08 03:28:51
BE22000711	6	1	익히지 않은 음식은 특히 조심해서 먹어야 해. 같이 먹은 다른 친구들은 어때?	N	2022-06-13 07:22:15	2022-11-08 03:28:51
BE22000711	7	0	다른 친구들은 아픈 애들이 없어요. 저만 식중독에 걸렸어요.	N	2022-06-13 07:22:15	2022-11-08 03:28:51
BE22000711	8	1	너 요즘 회사에서 매일 야근하고 아침도 거르고 다니더니 몸이 약해진 거 아냐?	N	2022-06-13 07:22:15	2022-11-08 03:28:51
BE22000711	9	0	아무래도 그런 것 같아요. 요즘 코피도 자주 나곤 해요. 그래서 오늘 회사에 말씀드리고 병가를 냈어요.	N	2022-06-13 07:22:15	2022-11-08 03:28:51
BE22000711	10	1	그래, 너무 쉬지 않고 일해서 컨디션이 나빠졌나 보다. 스트레스가 만병의 근원이라고 하잖니. 아무래도 엄마가 며칠 동안만이라도 너한테 가 있을까?	N	2022-06-13 07:22:15	2022-11-08 03:28:51
BE22000711	11	0	와 주실 수 있겠어요? 사실 저도 어제는 너무 아프니까 좀 무섭더라고요.	N	2022-06-13 07:22:15	2022-11-08 03:28:51
BE22000711	12	1	우리 아들 너무 힘들었겠다. 엄마가 지금 바로 출발할게. 약 먹고 집에 가만히 누워 있어.	N	2022-06-13 07:22:15	2022-11-08 03:28:51
BE22000711	13	0	엄마 귀찮게 해 드려서 죄송해요. 그런데 엄마가 오신다니 힘이 나요.	N	2022-06-13 07:22:15	2022-11-08 03:28:51
BE22000711	14	1	우리 아들 건강이 제일 중요하지. 엄마 전혀 안 귀찮아. 금방 갈게. 조금만 기다려.	Y	2022-06-13 07:22:15	2022-11-08 03:28:51
