id	utterance_id	utterance_type	utterance_text	terminate	regDate	updDate
BE22010917	1	0	어머니, 저 지금 너무 불안해요. 그래서 숨쉬기도 힘들고 정말 별생각이 다 나요.	N	2022-07-22 01:45:44	2022-11-08 04:34:36
BE22010917	2	1	왜 그럴까, 우리 아들? 무슨 일 있는 거니?	N	2022-07-22 01:45:44	2022-11-08 04:34:36
BE22010917	3	0	이제 곧 저번에 지원했던 회사의 최종 발표를 하는 날이거든요. 또 떨어질까 봐 너무 두려워요.	N	2022-07-22 01:45:44	2022-11-08 04:34:36
BE22010917	4	1	우리 아들이 그동안 얼마나 열심히 준비했는지 알아서 그런지 얼마나 불안하고 두려운지 알겠어. 원래 사람은 노력한 만큼 불안해하거든.	N	2022-07-22 01:45:44	2022-11-08 04:34:36
BE22010917	5	0	그동안 지원했던 회사들은 다 떨어지고, 지금 2년째 취업을 준비 중인데 실패가 누적되었잖아요. 그러다 보니 어쩔 수 없는 것 같아요. 결과가 안 좋을까 봐 계속 불안하고 걱정돼요.	N	2022-07-22 01:45:44	2022-11-08 04:34:36
BE22010917	6	1	맞아, 엄마도 어릴 적에 아들처럼 계속 도전했는데 좋은 결과를 쉽게 받기 힘든 적이 많았어. 근데 그때 할 수 있는 방법이 그래도 계속 노력하기 밖에 없더라고. 그래야 뭔가를 하고 있다는 생각에 마음이 편해지니까.	N	2022-07-22 01:45:44	2022-11-08 04:34:36
BE22010917	7	0	불안한 마음을 다루기 위해서는 그래도 꾸준히 노력해야 한다는 말씀이시죠?	N	2022-07-22 01:45:44	2022-11-08 04:34:36
BE22010917	8	1	그럼. 사람이 어떻게 오르막길만 오르고 살겠어. 가끔은 쉬기도 하고, 가끔은 내려가기도 하는 거지. 언젠가 곧 올라갈 거니까 너무 걱정하지 말고 꾸준히 해보자!	N	2022-07-22 01:45:44	2022-11-08 04:34:36
BE22010917	9	0	맞아요! 항상 올라가다 보면 결국엔 지치기 마련인 것 같아요. 이번을 쉴 수 있었던 좋은 기회라고 생각해보고, 불안한 마음 없이 꾸준히 열심히 해볼게요!	N	2022-07-22 01:45:44	2022-11-08 04:34:36
BE22010917	10	1	이야 우리 아들, 엄마가 아들이었으면 조언을 듣고 이렇게 긍정적으로 생각하기까지 시간이 걸렸을 텐데. 그동안 굉장히 마음이 단단해졌구나! 아주 멋있네.	N	2022-07-22 01:45:44	2022-11-08 04:34:36
BE22010917	11	0	어머니의 좋은 조언 덕분인걸요. 가끔은 나만 이렇게 불안해하며 사는 건 아닐까 걱정된 적도 많았거든요. 근데 다들 이렇게 사는 거고, 내가 이상한 게 아니라는 생각이 들어서 많이 괜찮아진 것 같아요!	N	2022-07-22 01:45:44	2022-11-08 04:34:36
BE22010917	12	1	그렇다면 정말 다행이네. 다시 씩씩한 모습을 볼 수 있게 돼서 너무 좋은걸?	N	2022-07-22 01:45:44	2022-11-08 04:34:36
BE22010917	13	0	어떤 결과를 마주하든, 그것을 이겨낼 수 있다고 생각하고 열심히 해봐야겠어요. 불안함은 가라!	N	2022-07-22 01:45:44	2022-11-08 04:34:36
BE22010917	14	1	아주 좋은 자세야! 또 어렵거나 힘든 일이 있으면 언제든지 엄마한테 이야기하고! 도와줄 수 있다면 언제든지 도와줄게.	N	2022-07-22 01:45:44	2022-11-08 04:34:36
BE22010917	15	0	네 어머니 덕분에 정말 힘이 많이 나요! 감사해요.	Y	2022-07-22 01:45:44	2022-11-08 04:34:36
