id	utterance_id	utterance_type	utterance_text	terminate	regDate	updDate
BE22011854	1	0	엄마, 제가 지금 밖에 나와 있는데 기숙사 방 환기 후 창문 닫는 걸 잊고 외출했지 뭐예요. 빗물이 다 집 안으로 들어온 것 같은데 너무 걱정되네요. 제 모든 전자기기를 거실에 다 두고 왔거든요.	N	2022-07-26 08:21:40	2022-11-08 04:40:38
BE22011854	2	1	밖에서 많이 놀랐겠네! 우리 딸. 타지에 있어서 엄마가 직접 갈 수도 없고, 집안 상황이 많이 걱정되겠구나.	N	2022-07-26 08:21:40	2022-11-08 04:40:38
BE22011854	3	0	네 맞아요. 이런 적이 처음인데 하필 갑자기 비가 쏟아져 내려서 너무 걱정되네요. 혹시라도 화분이 깨져있지는 않을지, 전자기기들이 망가지지는 않을지 말이에요. 어떡하면 좋죠?	N	2022-07-26 08:21:40	2022-11-08 04:40:38
BE22011854	4	1	딸아 우선 진정하렴. 엄마도 네가 얼마나 놀라고 불안할지 충분히 이해가 가는구나. 게다가 갑작스럽게 내린 비 때문에 너도 얼마나 놀랐겠어, 엄마라도 집안이 잘못될까 불안할 것 같구나.	N	2022-07-26 08:21:40	2022-11-08 04:40:38
BE22011854	5	0	그러니까 말이에요. 게다가 평소에는 매번 창문을 닫고 나오는데, 오늘은 급하게 나오느라 확인도 못 했지 뭐예요. 그것 하나 제대로 확인하지 못하다니, 제집이 얼마나 난장판일까 걱정스러워요.	N	2022-07-26 08:21:40	2022-11-08 04:40:38
BE22011854	6	1	아이고, 딸아 너무 자책하지는 말고 누구나 실수는 하는 건데 뭘. 빗물이 들이쳐서 많이 걱정되긴 하겠지만 분명 별일은 없을 거란다. 너무 걱정하지 않았으면 좋겠구나.	N	2022-07-26 08:21:40	2022-11-08 04:40:38
BE22011854	7	0	태풍이 아니라서 그나마 다행이지만, 그래도 기기가 망가지면 수리 비용에, 벌써 생각하기도 피곤해요. 설마 기기가 망가지진 않겠죠? 마음 한쪽이 계속 불안해서 아무것도 손에 안 잡혀요.	N	2022-07-26 08:21:40	2022-11-08 04:40:38
BE22011854	8	1	딸아, 아직 일어나지 않은 일이니 너무 걱정하고 불안해하지 않았으면 좋겠구나. 엄마도 네 마음을 이해하지만, 생각보다 큰일은 일어나지 않을 거라고 우리 생각하는 게 어떨까? 우리가 직접 아직 그 상황을 목격한 것도 아니고, 계속 불안해하면 꼬리를 물고 부정적으로 생각하게 되거든.	N	2022-07-26 08:21:40	2022-11-08 04:40:38
BE22011854	9	0	한 번 안 좋게 생각하니까 계속 부정적인 생각들로 이어지는 게 맞는 것 같아요. 그리고 계속 제가 한 번 더 확인했었어야 했는데 자책하게 되기도 하고요.	N	2022-07-26 08:21:40	2022-11-08 04:40:38
BE22011854	10	1	에이 우리 딸 고작 이런 걸로 자책하지 않았으면 좋겠구나. 네가 어린 나이에 멀리서 혼자 사는 것부터가 너무 기특하고, 대단한걸. 우리 딸이야 이미 생활력이 만점이지만, 사람이 이렇게 크면서 또 알게 되는 게 있는 거란다.	N	2022-07-26 08:21:40	2022-11-08 04:40:38
BE22011854	11	0	그렇게 말씀해주셔서 감사해요, 엄마. 한 번 확인 안 하고 나갔다고 이렇게 될 줄 몰랐네요. 엄마 말씀대로 이렇게 하나하나 배우는 거겠죠?	N	2022-07-26 08:21:40	2022-11-08 04:40:38
BE22011854	12	1	그래, 당연하지. 그러니까 너무 불안해하고 자신을 자책하지는 않았으면 좋겠네. 그리고 집에 가기 전까지 너무 큰 일 아니니까 걱정하지 말렴. 분명 네가 예상하는 안 좋은 상황들은 일어나지 않았을 거야.	N	2022-07-26 08:21:40	2022-11-08 04:40:38
BE22011854	13	0	그래도 엄마가 이렇게 안심시켜주셔서 많이 진정된 것 같아요. 감사해요, 엄마. 앞으로는 이런 일 없도록 꼭 확인하고 나가야겠어요.	N	2022-07-26 08:21:40	2022-11-08 04:40:38
BE22011854	14	1	그래, 우리 딸 잘 생각했어. 먼 곳에서 혼자 고생하는 것 같아서 엄마가 속상하네. 오늘 하루도 재밌게 보내고 저녁에 통화하자꾸나.	N	2022-07-26 08:21:40	2022-11-08 04:40:38
BE22011854	15	0	네, 알겠어요. 이따가 연락드릴게요.	Y	2022-07-26 08:21:40	2022-11-08 04:40:38
