id	utterance_id	utterance_type	utterance_text	terminate	regDate	updDate
BE22001379	1	0	엄마는 결혼이 필수라 생각하세요?	N	2022-06-15 02:32:00	2022-11-08 03:33:19
BE22001379	2	1	예전엔 그랬는데 지금은 필수는 아니라 생각해.	N	2022-06-15 02:32:00	2022-11-08 03:33:19
BE22001379	3	0	아들이 결혼 생각이 없다면 엄마 기분은 어떨 거 같아요?	N	2022-06-15 02:32:00	2022-11-08 03:33:19
BE22001379	4	1	갑자기 물어보니까 잘 모르겠네. 조금 서운하려나?	N	2022-06-15 02:32:00	2022-11-08 03:33:19
BE22001379	5	0	할아버지 생신 때 어른들이 결혼할 나이가 됐다고 하시는데 조금 불편했어요. 저는 결혼 생각이 없거든요.	N	2022-06-15 02:32:00	2022-11-08 03:33:19
BE22001379	6	1	어른들 지나가는 말에 불편했구나. 그런데 왜 그런지 물어봐도 되니?	N	2022-06-15 02:32:00	2022-11-08 03:33:19
BE22001379	7	0	청년층 취업은 힘들고 집 마련도 막막하고, 결혼 자체가 커다란 짐처럼 느껴져요.	N	2022-06-15 02:32:00	2022-11-08 03:33:19
BE22001379	8	1	청년들 힘든 거 이해 해. 결혼이 네게는 꽤 부담으로 여겨지는구나. 하지만 모든 걸 다 갖추고 결혼생활을 시작할 필요는 없어.	N	2022-06-15 02:32:00	2022-11-08 03:33:19
BE22001379	9	0	솔직히 혼자 살면 취미 생활도 자유롭고 경제적으로 여유롭잖아요. 정신적, 경제적으로 구속 없이 살고 싶어요.	N	2022-06-15 02:32:00	2022-11-08 03:33:20
BE22001379	10	1	아무래도 가족이 생기면 혼자인 것보단 얽매이겠지. 하지만 사랑하는 사람과 정을 나누고 함께 꿈을 이루어 가는 것도 하나의 행복이지 않을까?	N	2022-06-15 02:32:00	2022-11-08 03:33:20
BE22001379	11	0	그러기 위한 책임감이 너무 부담스럽고, 지금의 제가 초라하게 느껴져요.	N	2022-06-15 02:32:00	2022-11-08 03:33:20
BE22001379	12	1	결혼이 인생의 목표는 아니니까 의기소침하진 마. 너는 지금 출발선에 서 있는 장거리 마라톤 선수란다.	N	2022-06-15 02:32:00	2022-11-08 03:33:20
BE22001379	13	0	요즘 하고 있는 일이 맞는지 모르겠고 제가 뭘 하고 싶은 지도 헷갈려요.	N	2022-06-15 02:32:00	2022-11-08 03:33:20
BE22001379	14	1	한창 그럴 나이야. 많은 길이 열려 있잖아. 되돌아올 것을 걱정하지 말고 가고 싶은 길을 선택하면 돼. 그래도 돼.	N	2022-06-15 02:32:00	2022-11-08 03:33:20
BE22001379	15	0	엄마 말씀 듣고 자신감이 조금 생긴 느낌이에요. 고마워요.	N	2022-06-15 02:32:00	2022-11-08 03:33:20
BE22001379	16	1	우리 아들의 멋진 앞날 기대할게. 파이팅!	Y	2022-06-15 02:32:00	2022-11-08 03:33:20
