id	utterance_id	utterance_type	utterance_text	terminate	regDate	updDate
BE22008767	1	0	엄마 제 한계가 느껴지는 것 같아요. 제가 언제까지 견딜 수 있을까요.	N	2022-07-14 05:14:47	2022-11-08 04:20:49
BE22008767	2	1	공부하느라 많이 힘들지? 벌써 시험에 매진한 지도 3년이 넘었으니 많이 지칠 법하지.	N	2022-07-14 05:14:47	2022-11-08 04:20:49
BE22008767	3	0	어제는 밤새 공부를 하다가 코피가 났어요. 일주일에 두어번은 꼭 코피를 쏟아요. 제가 다 나약해서 그런 것 같아요.	N	2022-07-14 05:14:47	2022-11-08 04:20:49
BE22008767	4	1	3년이라는 시간이 결코 짧지 않잖아. 어릴 적부터 끈기는 남달랐지만 체력이 약한 편이라 많이 불안하고 염려스러웠나 보구나.	N	2022-07-14 05:14:47	2022-11-08 04:20:49
BE22008767	5	0	이번 시험까지 떨어진다면 제가 더 하고 싶어도 몸이 못 버텨줄 것 같아요. 불안해서 시험을 앞두고 밤을 지새우고 있어요.	N	2022-07-14 05:14:47	2022-11-08 04:20:49
BE22008767	6	1	마음이 조급해지면 잠도 안 오고 해야 할 것만 생각이 나겠지. 네가 간절히 꿈꾸던 일이니까 더욱 말이야. 체력적으로 힘이 든다니까 엄마도 가슴이 미어지는 것 같네.	N	2022-07-14 05:14:47	2022-11-08 04:20:49
BE22008767	7	0	기력도 하루하루 소진되고 압박감에 미칠 것 같아서 엄마에게 연락을 드렸어요. 이런 말씀 드리게 되어서 정말 죄송스러워요.	N	2022-07-14 05:14:47	2022-11-08 04:20:49
BE22008767	8	1	그런 염려 말고 기쁜 일보다 특히 힘들 때 엄마를 찾아 줬으면 해. 널 다독여주고 위로해 주는 게 엄마의 역할이니까.	N	2022-07-14 05:14:47	2022-11-08 04:20:49
BE22008767	9	0	어린아이 같지만 엄마에게 말씀드리고 나면 마치 버팀목이 생겨난 기분이에요. 끝자락까지 몰린 기분이었는데. 지금은 마음 옆에 엄마가 계시니 한결 나아지는 것 같아요.	N	2022-07-14 05:14:47	2022-11-08 04:20:49
BE22008767	10	1	그래. 떨어져 있어도 엄마는 늘 네 곁에 있어. 그리고 이번 결과가 좋지 않더라도 쉼을 가지다가 다시 도전하면 되는 거야.	N	2022-07-14 05:14:47	2022-11-08 04:20:49
BE22008767	11	0	3년이나 노력했는데 제가 더 해봐도 되는 걸까요? 그 정도면 가능성이 아예 없는 건 아닐까요?	N	2022-07-14 05:14:47	2022-11-08 04:20:49
BE22008767	12	1	네 인생에서 3년은 참 짧은 시간이야. 엄마는 네 마음에 미련이 남는 걸 더 안타깝게 생각할 거야. 너에게 주어진 기량 안에서 최선을 다하면 된 거란다.	N	2022-07-14 05:14:47	2022-11-08 04:20:49
BE22008767	13	0	전 엄마가 창피해하실 줄 알았어요. 이번에도 떨어진다면 말이에요. 그렇게 말씀해 주시니 기운이 나요.	N	2022-07-14 05:14:47	2022-11-08 04:20:49
BE22008767	14	1	그럴 리가 있니? 넌 항상 자랑스러운 아들이었어. 네가 늘 최선을 다한다는 것쯤은 훤히 알아. 미래 걱정, 엄마 걱정은 접어두고 차근차근 해나가면 좋은 결과가 있을 거야.	Y	2022-07-14 05:14:47	2022-11-08 04:20:49
