id	utterance_id	utterance_type	utterance_text	terminate	regDate	updDate
BE22001509	1	0	엄마, 나 걱정이 있어요.	N	2022-06-16 00:57:07	2022-11-08 03:34:09
BE22001509	2	1	무슨 일인데 그러니?	N	2022-06-16 00:57:07	2022-11-08 03:34:09
BE22001509	3	0	저 사실 최근에 난시가 좀 심해진 것 같아요.	N	2022-06-16 00:57:07	2022-11-08 03:34:09
BE22001509	4	1	요즘 시험공부한다고 하루 종일 공부하더니 눈이 불편하구나?	N	2022-06-16 00:57:07	2022-11-08 03:34:09
BE22001509	5	0	네, 근데 좀 많이 심한 것 같아요. 좀 있으면 시험인데...	N	2022-06-16 00:57:07	2022-11-08 03:34:09
BE22001509	6	1	혹시 난시 때문에 시험공부를 못하거나 시험 볼 때 곤란할까 봐 그러는구나?	N	2022-06-16 00:57:07	2022-11-08 03:34:09
BE22001509	7	0	맞아요. 실은 시험 볼 때가 가장 걱정이 돼요. 지금도 책 글씨가 너무 겹쳐 보여서 불편하거든요.	N	2022-06-16 00:57:07	2022-11-08 03:34:09
BE22001509	8	1	네가 이번 시험을 얼마나 열심히 준비했는지 엄마가 알지. 그래서 네가 시험 때문에 걱정하고 있었구나?	N	2022-06-16 00:57:07	2022-11-08 03:34:09
BE22001509	9	0	네, 저 이번에 정말 열심히 해서 꼭 성적 올리고 싶거든요.	N	2022-06-16 00:57:07	2022-11-08 03:34:09
BE22001509	10	1	엄마가 너의 걱정하는 마음은 이해해. 그렇지만 네 건강을 위해 우선 오늘은 조금 눈을 쉬게 해주는 것은 어떨까?	N	2022-06-16 00:57:07	2022-11-08 03:34:09
BE22001509	11	0	하지만 걱정이 되어서 책상을 떠나고 싶지 않아요.	N	2022-06-16 00:57:07	2022-11-08 03:34:09
BE22001509	12	1	불안하기도 하고 잘하고 싶은 네 맘을 엄마가 어떻게 모르겠어. 하지만 네 건강이 가장 중요하고, 또 눈이 괜찮아야 더 열심히 공부할 수 있지 않을까? 그러니까 오늘은 쉬고 내일 엄마랑 난시용 안경을 맞추러 가자.	N	2022-06-16 00:57:07	2022-11-08 03:34:09
BE22001509	13	0	정말 그래도 괜찮을까요? 다른 친구들은 이 시간에도 열심히 할 텐데...	N	2022-06-16 00:57:07	2022-11-08 03:34:09
BE22001509	14	1	지금까지 네가 정말 열심히 해왔잖니. 그러니까 오늘 하루 정도는 오히려 공부를 위해 몸을 돌본다고 생각하고 쉬어도 괜찮아.	N	2022-06-16 00:57:07	2022-11-08 03:34:09
BE22001509	15	0	네, 엄마가 제 노력을 알아주시는 것 같아서 마음이 좀 놓여요. 그러니까 오늘은 일단 쉬고 내일 엄마랑 안경 맞추고 더 열심히 하죠, 뭐. 감사해요.	Y	2022-06-16 00:57:07	2022-11-08 03:34:09
