id	utterance_id	utterance_type	utterance_text	terminate	regDate	updDate
BE22003272	1	0	엄마, 드디어 제게도 꿈이 생겼어요. 그런데 자신이 없어요.	N	2022-06-24 05:53:25	2022-11-08 03:45:30
BE22003272	2	1	꿈이 생겼다는 것은 굉장히 멋지고 축하받을 일이지! 그런데 걱정이 많은 것처럼 느껴지네. 무슨 일이니?	N	2022-06-24 05:53:25	2022-11-08 03:45:30
BE22003272	3	0	웹툰 작가가 되고 싶지만 제가 과연 꿈을 이룰 수 있을지 모르겠어요. 무언가 되고 싶다고 생각한 게 처음이라서 이 꿈을 잘 지켜나갈 수 있을지 걱정이에요.	N	2022-06-24 05:53:25	2022-11-08 03:45:30
BE22003272	4	1	우선, 아들에게 꿈이 생긴 것을 진심으로 축하해! 새로운 장래 희망을 꿈꾸는 것은 매우 설레는 일이란다. 그러니 걱정보다는 설렘을 간직하면 너의 소중한 꿈을 이룰 수 있을 거야.	N	2022-06-24 05:53:25	2022-11-08 03:45:30
BE22003272	5	0	저는 웹툰을 감상할 때가 제일 행복해요. 그런데 이렇게 웹툰을 보는 것도 도움이 될까요? 헛된 노력을 하는 것은 아닐지 불안해요.	N	2022-06-24 05:53:25	2022-11-08 03:45:30
BE22003272	6	1	많은 웹툰을 감상해야 어떤 작품이 좋은지 알 수 있지. 그것 또한 웹툰 작가가 되려는 방법의 하나니까 자신감을 가져. 꿈을 이루기 위해 이렇게 고민하는 아들의 모습이 참 멋지단다.	N	2022-06-24 05:53:25	2022-11-08 03:45:30
BE22003272	7	0	게다가 저는 그림을 잘 그리는 편이 아니에요. 이렇게 부족한 실력으로는 제 꿈을 이루지 못할 것 같아요.	N	2022-06-24 05:53:25	2022-11-08 03:45:30
BE22003272	8	1	네가 그린 그림은 세상에서 하나뿐인 소중한 그림이라서 더욱 특별해. 결과물이 어떻든 너의 노력이 담긴 결과물이니까 더욱 용기를 갖고 네 그림을 사랑해보는 게 어떨까?	N	2022-06-24 05:53:25	2022-11-08 03:45:30
BE22003272	9	0	저도 제가 좋아하는 웹툰 작가님처럼 웹툰을 잘 그리고 싶어요. 하지만 계속 노력해도 실력이 영영 늘지 않으면 너무나 불안할 것 같아요.	N	2022-06-24 05:53:25	2022-11-08 03:45:30
BE22003272	10	1	하루아침에 훌륭한 작가가 될 수는 없지만, 꾸준히 연습하면 어느새 멋진 작가가 되어 있을 거야. 조급해하지 말고 너 자신을 믿으렴.	N	2022-06-24 05:53:25	2022-11-08 03:45:30
BE22003272	11	0	응원해주셔서 감사해요. 엄마 말씀을 듣고 그동안의 저를 되돌아보니, 노력보다는 막연한 걱정을 더 많이 했었어요. 걱정과 초조함에 꿈을 가졌다는 설렘도 잊고 말이에요.	N	2022-06-24 05:53:25	2022-11-08 03:45:30
BE22003272	12	1	처음으로 갖게 된 소중한 꿈이라서 걱정이 많아질 수밖에 없었겠지. 하지만 이런 걱정이 나쁜 것만은 아니야. 걱정을 너의 용기와 노력으로 채우다 보면 그 마음은 어느새 설렘과 열정으로 바뀌게 될 거야.	N	2022-06-24 05:53:25	2022-11-08 03:45:31
BE22003272	13	0	엄마 덕분에 용기가 생겼어요! 앞으로도 제 꿈을 이루기 위해 꾸준히 웹툰을 감상하고, 그림 연습도 열심히 해야겠어요. 자신감을 가지니까 저를 괴롭히던 불안함과 걱정이 서서히 사라지는 게 느껴져요, 고마워요!	N	2022-06-24 05:53:25	2022-11-08 03:45:31
BE22003272	14	1	엄마야말로 네가 어느새 장래 희망을 갖게 되어서 참 대견스러워. 어떤 상황에서도 자신감을 잃지 말고 너의 꿈을 위해 힘차게 노력하는 사람이 되길 바라. 엄마가 늘 응원할게, 파이팅!	Y	2022-06-24 05:53:25	2022-11-08 03:45:31
