id	utterance_id	utterance_type	utterance_text	terminate	regDate	updDate
BE22011360	1	0	회사 일 때문에 스트레스를 받아서 주말에 잠만 자게 되는 것 같아요.	N	2022-07-24 15:04:33	2022-11-08 04:37:24
BE22011360	2	1	회사 일이 많이 힘드니? 네가 힘들어하는 것 같아서 마음이 안 좋구나.	N	2022-07-24 15:04:33	2022-11-08 04:37:24
BE22011360	3	0	회사에서 시작한 지 얼마 안 되는 프로젝트가 있는데 그게 너무 버겁더라고요. 항상 저는 열심히 한다고 하는데 까이기만 하고 자존감은 떨어지고 체력적으로도 힘이 들고요. 그게 힘들어서 집에 오면 아무것도 하기가 싫어지고 가만히 누워있게만 되네요.	N	2022-07-24 15:04:33	2022-11-08 04:37:24
BE22011360	4	1	평일에 힘들었던 것들을 잠으로 풀 수 있는 거라면 엄마는 좋다고 생각하는데. 오히려 오래 자다 보니까 주말을 다 보내버리고 그게 반복되는 생활에 지치나 보네.	N	2022-07-24 15:04:33	2022-11-08 04:37:24
BE22011360	5	0	맞아요. 적당히 자고 싶어도 마음처럼 안 되더라고요. 자느라 밥도 거르게 되고 부모님 뵈러 본가에도 가야 하고 친구들과 약속을 잡아야 하는데. 회사로 인한 스트레스 때문에 모든 걸 하기가 싫고 누워있게만 되는 현실이 지속될까 봐 불안해요.	N	2022-07-24 15:04:33	2022-11-08 04:37:24
BE22011360	6	1	네가 회사에 들어간 지 얼마 안 되어 적응하는 시기라서 그런가 보다. 회사는 다양한 성격의 사람들이 모여있는데 얼마나 눈치 보느라 힘이 들겠어. 게다가 막대한 프로젝트를 준비 중이라니까 우리 아들이 더 불안한 마음이 크겠구나.	N	2022-07-24 15:04:33	2022-11-08 04:37:24
BE22011360	7	0	맞아요. 제가 이 거대한 프로젝트를 제대로 해낼 자신도 없고 지쳐요. 그래서 일요일 저녁만 되면 내일이 오는 것이 너무 싫어서 울 때도 있어요. 이렇게 가다가는 일을 그만두고 싶어지는 건 아닐지 너무 걱정되네요.	N	2022-07-24 15:04:33	2022-11-08 04:37:24
BE22011360	8	1	그 회사에 들어가는 것도 힘든데 그 힘들다는 걸 우리 아들이 해냈잖아. 너는 아주 훌륭한 인재라는 것을 잊지 않았으면 좋겠구나. 지금 하는 프로젝트 때문에 다들 예민해져 있을 텐데 이 시기만 끝나면 분명 여유로워질 거야.	N	2022-07-24 15:04:33	2022-11-08 04:37:24
BE22011360	9	0	제가 엄청난 경쟁률을 뚫고 여기까지 왔다는 걸 잊고 있었어요. 적응하는 것에 치여서 제가 마치 아무것도 아닌 사람처럼 여겨졌었나 봐요.	N	2022-07-24 15:04:33	2022-11-08 04:37:24
BE22011360	10	1	그 거대한 프로젝트를 아무것도 아닌 사람에게 맡겼을까? 오히려 우리 아들이 능력 있는 사람이고 그 업무를 맡을 만하니까 맡게 된 거야. 넌 생각보다 대단한 사람이니 너무 너 자신을 낮추지 말려무나.	N	2022-07-24 15:04:33	2022-11-08 04:37:24
BE22011360	11	0	그렇게 말해주시니 불안했던 마음이 나아지는 것 같아요. 항상 그 불안 속에서 아무것도 할 수가 없어서 잠만 자게 되었었거든요. 엄마 말대로 제가 필요한 사람이니까 이 프로젝트를 맡게 된 거겠죠.	N	2022-07-24 15:04:33	2022-11-08 04:37:24
BE22011360	12	1	그럼 물론이지. 주말에 잠만 자게 되는 것도 체력적인 문제라기보다... 네가 마음이 힘들어서 그랬던 것 같아. 너무 너 자신을 탓하지 말렴.	N	2022-07-24 15:04:33	2022-11-08 04:37:24
BE22011360	13	0	엄마가 그렇게 말씀해 주시니 정말 위로가 되네요. 항상 응원해 주셔서 감사해요. 마음이 한결 나아지니 잠으로 회피하지 않을 수 있을 것만 같아요.	N	2022-07-24 15:04:33	2022-11-08 04:37:24
BE22011360	14	1	얼른 그 프로젝트가 끝났으면 좋겠구나. 우리 아들이 너무 보고 싶거든. 무리하지 말고 그 프로젝트가 끝나거든 집으로 찾아오면 엄마가 맛있는 거 많이 해놓고 기다리마.	Y	2022-07-24 15:04:33	2022-11-08 04:37:24
