id	utterance_id	utterance_type	utterance_text	terminate	regDate	updDate
BE22008493	1	0	엄마, 저 다시 불안이 도진 것 같아요. 회사에 도착했는데 숨쉬기가 너무 버거워서, 빈 회의실에서 숨 고르는 중이에요.	N	2022-07-13 07:22:57	2022-11-08 04:19:02
BE22008493	2	1	아침에 잘 나갔는데 출근하면서 무슨 일이 있었던 거니?	N	2022-07-13 07:22:57	2022-11-08 04:19:02
BE22008493	3	0	제한 속도가 60km인 구간에서 빠르게 달리는 트럭을 보았어요. 보는 순간 제가 사고가 나던 순간으로 돌아간 기분이었어요.	N	2022-07-13 07:22:57	2022-11-08 04:19:02
BE22008493	4	1	작년에 과속하던 트럭에 사고가 난 후에 네가 재활치료 하면서 맘고생을 많이 했잖아. 그걸 보는 네가 다시 불안해할 법도 하지.	N	2022-07-13 07:22:57	2022-11-08 04:19:02
BE22008493	5	0	아마도 트라우마가 남아 있나 봐요. 저 트럭에도 누가 치이면 어떡하지 오는 내내 걱정하느라 심장이 쪼그라드는 것 같았어요.	N	2022-07-13 07:22:57	2022-11-08 04:19:02
BE22008493	6	1	상처가 깊었으니 극복이 힘들지. 그럴 때는 눈을 감고 아무 일이 일어나지 않을 거라고 마음을 가라앉혀 보렴.	N	2022-07-13 07:22:57	2022-11-08 04:19:02
BE22008493	7	0	불안하거나 두려운 감정이 들면 그대로 받아들이고 전환을 시켜보려고 노력 중인데 아직 잘 안 돼요.	N	2022-07-13 07:22:57	2022-11-08 04:19:02
BE22008493	8	1	사고 겪은 지 일 년밖에 되지 않았으니 아직 잘 안될 수도 있어. 아무리 아픈 기억도 지나면 미화되는 것처럼 시간이 조금씩 해결해줄 거야.	N	2022-07-13 07:22:57	2022-11-08 04:19:02
BE22008493	9	0	맞아요. 어릴 때 노화로 보냈던 우리 집 강아지 기억나시죠, 세상이 끝나는 것 같았는데. 이제는 사진을 보면서 그때를 추억하며 웃을 수 있어요.	N	2022-07-13 07:22:57	2022-11-08 04:19:03
BE22008493	10	1	그래 그때 어린아이가 어찌나 눈물 콧물을 쏟아내던지, 널 걱정하느라 내 슬픈 마음도 잊게 되더라.	N	2022-07-13 07:22:57	2022-11-08 04:19:03
BE22008493	11	0	그때를 생각해보니 이번에도 극복할 수 있을 것 같다는 생각이 들어요. 엄마랑 대화하다 보니 숨이 점점 편안하게 쉬어지네요.	N	2022-07-13 07:22:57	2022-11-08 04:19:03
BE22008493	12	1	역시 우리 딸 긍정적이고 현명해서 생각의 전환도 빠르구나. 언제나 엄마가 옆에 있다는 걸 잊지 말거라.	N	2022-07-13 07:22:57	2022-11-08 04:19:03
BE22008493	13	0	저의 힘든 순간 옆엔 늘 엄마가 있어서 버틸 수 있었어요. 이제 들어가서 업무를 시작해야겠어요.	N	2022-07-13 07:22:57	2022-11-08 04:19:03
BE22008493	14	1	그렇게 얘기해주니 가슴이 뭉클하구나. 그래 끼니 거르지 말고 또 엄마 생각나면 연락해주렴.	Y	2022-07-13 07:22:57	2022-11-08 04:19:03
