id	utterance_id	utterance_type	utterance_text	terminate	regDate	updDate
BE22018409	1	0	할아버지 저 할아버지 댁에 가면 안 될까요? 이러다 저 혼자가 될까 봐 불안해서 더 이상 이모네에서 못 살겠어요. 그렇다고 부모님도 사정이 있는데 곤란하시게 할 수 없고요.	N	2022-09-15 11:30:46	2022-11-08 05:21:18
BE22018409	2	1	저런, 우리 손주가 이모랑 무슨 일이 있나 보다. 할아버지에게 모두 말해보렴.	N	2022-09-15 11:30:46	2022-11-08 05:21:18
BE22018409	3	0	같이 살기 전까지는 몰랐는데, 이모는 둘도 없는 통제광이에요! 상대방이 오직 자기만 따르고 의지하길 원하시죠. 그 과도한 통제욕에 전 이대로 이모 말대로만 살아야 할까 봐 불안에 떨며 하루하루를 보내요.	N	2022-09-15 11:30:46	2022-11-08 05:21:18
BE22018409	4	1	네 이모가 옛날부터 그런 면이 있긴 했지. 한창 자유롭게 뛰놀고 싶은 나이에 잔소리뿐인데다 푸념을 털어놓을 곳도 없어 네가 정말 답답하고 불안했겠어. 나는 그래도 그 애의 부모였지만, 아직 어린 네가 이모 밑에서 얼마나 시달렸을지 걱정되는구나.	N	2022-09-15 11:30:46	2022-11-08 05:21:18
BE22018409	5	0	맞아요, 제 장래를 위해서라며 하루 일정을 모두 이모가 정하세요. 친구들과 전화나 놀 틈도 없어요. 전학을 온 지 벌써 일주일인데 아직도 친구가 없어서 너무 불안해요.	N	2022-09-15 11:30:46	2022-11-08 05:21:18
BE22018409	6	1	네 나이에 또래 친구가 얼마나 중요한데 우리 손주가 불안할 만하구나. 하지만 벌써 조급해할 필요 없단다. 우리 손주라면 전의 학교에서 그랬듯이 좋은 친구들이 많이 생길 테니 너무 걱정하지 않아도 괜찮아.	N	2022-09-15 11:30:46	2022-11-08 05:21:18
BE22018409	7	0	그랬으면 좋겠어요. 하지만 이모는 바쁜 분들 방해하지 말라며 제가 엄마, 아빠랑도 직접 연락하지 못하게 해요. 이대로 친구들과도 부모님과도 멀어지고 이모 외에 아무도 제게 없을까 봐 불안해 견딜 수가 없어요.	N	2022-09-15 11:30:46	2022-11-08 05:21:18
BE22018409	8	1	사실 네 이모도 널 괴롭히고 싶어서 그런 게 아니란다. 내게 전화로 항상 네 칭찬을 하는걸. 그러니 이모가 도깨비인 것처럼 불안해할 필요 없어.	N	2022-09-15 11:30:46	2022-11-08 05:21:18
BE22018409	9	0	정말요? 솔직히 호랑이 이모가 그러셨다니 상상도 안 되고 여전히 불안한데요.	N	2022-09-15 11:30:46	2022-09-15 11:30:46
BE22018409	10	1	네 이모도 너도 아직 서로 낯설고, 적응하지 못해 오해가 있을 수 있단다. 미처 풀지 못한 오해를 남긴 채 관계를 포기하면 얼마나 안타까운 일이니? 꼭 이모를 이해하라고 강요하지 않겠지만, 한 번만 용기를 내 이모에게 널 이해하고 반성할 기회를 주겠니?	N	2022-09-15 11:30:46	2022-11-08 05:21:18
BE22018409	11	0	할아버지 말씀을 들으니 저도 이모에게 겁을 먹고 솔직하지 못했던 부분이 있었던 것 같아요. 이모도 서툴지만 노력하고 계신다고 생각하니 이모를 마주할 용기가 나네요. 덕분에 불안한 마음이 조금 진정되는 것 같아요.	N	2022-09-15 11:30:46	2022-11-08 05:21:18
BE22018409	12	1	먼저 다가갈 용기도 내고 우리 손자가 아주 어른스럽고 장하구나. 너희 부모님도 이런 널 무척 자랑스러워할 거다.	N	2022-09-15 11:30:46	2022-11-08 05:21:18
BE22018409	13	0	감사합니다, 할아버지! 오늘 이모에게 제 솔직한 심정을 모두 말씀드려 보려고 해요. 의지할 곳이 모두 없어진 것 같아 제가 얼마나 외롭고 불안했는지요.	N	2022-09-15 11:30:46	2022-11-08 05:21:18
BE22018409	14	1	네 마음을 알면 이모도 분명 반성할 거란다. 그러니 너도 이모를 너무 무서워하지 말고 사이좋게 지내렴.	Y	2022-09-15 11:30:46	2022-09-15 11:30:46
