id	utterance_id	utterance_type	utterance_text	terminate	regDate	updDate
BE22016929	1	0	엄마, 저 어떡하면 좋죠? 내일 시험을 망칠까 봐 정말 불안해요.	N	2022-09-02 04:48:37	2022-09-02 04:48:37
BE22016929	2	1	우리 아들이 아주 초조하고 불안한 모양이구나. 특별히 걱정되는 일이라도 있었니?	N	2022-09-02 04:48:37	2022-11-08 05:12:17
BE22016929	3	0	사실 최근에 관심이 생긴 신발이 생겨서 휴대폰으로 웹서핑을 많이 했거든요. 그래서 시험공부를 제대로 하지 못했어요. 이러다 성적이 크게 떨어질까 봐 정말 불안해서 아무것도 손에 잡히지 않아요.	N	2022-09-02 04:48:37	2022-11-08 05:12:17
BE22016929	4	1	공부가 중요하다는 것은 알지만 자체를 하지 못한 자신에게 실망감도 들었을 것 같아. 정말 불안해서 시험 생각만 해도 가슴이 답답해지는 기분이겠다.	N	2022-09-02 04:48:37	2022-11-08 05:12:17
BE22016929	5	0	맞아요. 사실 얼마 전에 친구가 새로운 신발을 자랑해서 엄청 부러운 마음이 들었었거든요. 그래서 찾아보기 시작한 게 이렇게까지 길어질 줄은 상상도 못 했어요. 이번 시험이 정말 중요한데 친구들 사이에서 저만 뒤처질까 걱정이에요.	N	2022-09-02 04:48:37	2022-11-08 05:12:17
BE22016929	6	1	갖고 싶은 것이 생기면 관심이 가는 게 당연하지. 엄마도 너의 입장이었다면 공부에 집중이 잘되지 않아서 정말 심란했을 거야. 우리 아들이 이렇게 마음고생을 하는 것을 보니 엄마 마음이 아프다.	N	2022-09-02 04:48:37	2022-11-08 05:12:17
BE22016929	7	0	정말 중요한 시험이란 것을 아는데도 자제를 하지 못한 것에 저에게 정말 실망했어요. 이번 시험을 위해서 오래전부터 열심히 준비를 해왔거든요. 그런데 얼마 남지 않고 이렇게 손을 놓아버려서 그동안의 노력이 허사가 된 기분이에요.	N	2022-09-02 04:48:37	2022-09-02 04:48:37
BE22016929	8	1	우리 아들은 미리 대비할 정도로 꼼꼼하고 성실하잖아. 엄마는 그런 네가 정말 자랑스러웠거든. 그동안의 노력은 절대 너를 배신하지 않을 테니 너무 불안해할 필요 없어.	N	2022-09-02 04:48:37	2022-11-08 05:12:17
BE22016929	9	0	그럴까요? 하지만 다른 친구들에게 물어보니 어제 엄청 열심히 공부한 것 같더라고요. 저만 낮은 점수를 받아서 친구들 앞에서 부끄럼을 당할까 걱정도 돼요.	N	2022-09-02 04:48:37	2022-11-08 05:12:17
BE22016929	10	1	그동안 네가 노력해왔던 시간을 생각해 봐. 넌 언제나 최선을 다해 너의 맡은 바를 이루어왔잖아. 조금 아쉬운 마음이 들 수도 있지만 그동안 최선을 다해왔다고 생각하면 마음이 편해질지도 몰라.	N	2022-09-02 04:48:37	2022-11-08 05:12:17
BE22016929	11	0	엄마가 그렇게 말씀해 주시니 정말 마음이 안정되는 기분이에요. 역시 이렇게 의기소침해 있기만 해선 안 되겠어요. 조금이라도 더 공부하기 위해 최선을 다해볼게요.	N	2022-09-02 04:48:37	2022-11-08 05:12:17
BE22016929	12	1	정말 잘 생각했어. 이렇게 낙담하지 않고 노력하려는 모습을 보니 엄마가 다 뿌듯한 마음이야. 이런 마음가짐이라면 어떤 일도 해낼 수 있을 테니 기운을 내렴.	N	2022-09-02 04:48:37	2022-11-08 05:12:17
BE22016929	13	0	그렇게 할게요. 아까까진 정말 불안하고 초조한 마음이 가득했는데 지금은 정말 마음이 편해졌어요. 역시 엄마에게 말씀드리길 잘한 것 같아요.	N	2022-09-02 04:48:37	2022-11-08 05:12:17
BE22016929	14	1	원래 털어놓는 것만으로 해결되는 일들이 있잖니. 엄마는 언제나 너의 편이니 걱정하지 말고 엄마에게 고민을 털어놔.	N	2022-09-02 04:48:37	2022-11-08 05:12:17
BE22016929	15	0	고마워요, 엄마. 저 열심히 공부할게요.	Y	2022-09-02 04:48:37	2022-11-08 05:12:17
