id	utterance_id	utterance_type	utterance_text	terminate	regDate	updDate
BE22000123	1	0	아빠, 오늘 제가 친구에게 큰 실수를 한 것 같아요.	N	2022-06-08 05:45:26	2022-11-08 03:25:01
BE22000123	2	1	무슨 일이니? 자세하게 얘기해 봐.	N	2022-06-08 05:45:26	2022-11-08 03:25:01
BE22000123	3	0	해변에서 저녁에 친구랑 폭죽놀이를 하다가 제 실수로 친구가 아끼는 옷에 불똥이 튀었어요.	N	2022-06-08 05:45:26	2022-11-08 03:25:01
BE22000123	4	1	그런 사고가 있었구나. 큰 사고가 났던 건 아닌지 걱정이로구나.	N	2022-06-08 05:45:26	2022-11-08 03:25:01
BE22000123	5	0	그냥 작은 불똥이 몇 개 튄 것뿐이었어요. 친구 기분이 나빠 보이긴 했지만, 별일 아니라고 생각하고 대수롭지 않게 넘어갔죠. 그런데 오늘 전화해서 저에게 서운하다고 얘기하더라고요.	N	2022-06-08 05:45:26	2022-11-08 03:25:01
BE22000123	6	1	친구 입장에서는 아끼는 옷이 망가져서 기분이 나빴을 거야. 그래서 오늘은 사과를 잘했니?	N	2022-06-08 05:45:26	2022-11-08 03:25:01
BE22000123	7	0	갑자기 그 얘기를 꺼내면서 서운하다고 하니까 좀 치사하게 느껴지는 거예요. 그래서 뭐 그 정도 가지고 쩨쩨하게 그러냐고 저도 성질을 부려버렸어요. 그런데 생각해 보니까 왜 바로 사과하지 않았었는지 약간 후회가 돼요.	N	2022-06-08 05:45:26	2022-11-08 03:25:01
BE22000123	8	1	네 입장에서는 친구가 갑자기 생각지 못하게 서운함을 표시하니 놀랐을 수도 있겠구나. 조금 늦은 감은 있지만 지금이라도 다시 전화를 해보면 어떨까?	N	2022-06-08 05:45:26	2022-11-08 03:25:01
BE22000123	9	0	사과 메시지를 보냈는데, 읽고도 답이 없어요. 아마 단단히 화가 났나 봐요.	N	2022-06-08 05:45:26	2022-11-08 03:25:01
BE22000123	10	1	이런, 네가 마음이 많이 안 좋겠구나. 사과에도 타이밍이 있는 것처럼 그 친구가 네 사과를 받아들이는 데에도 시간이 좀 필요해서 그런 걸 거야. 친구 연락을 기다려 보자꾸나.	N	2022-06-08 05:45:26	2022-11-08 03:25:01
BE22000123	11	0	알아요, 그래서 기다리고 있는데 너무 답답해요. 친구가 절 안 좋아하게 되면 어떻게 하죠?	N	2022-06-08 05:45:26	2022-11-08 03:25:01
BE22000123	12	1	괜찮을 거야. 너희 둘은 하루 이틀 사이가 아니잖니. 친구를 믿고 다시 연락이 왔을 땐 제대로 마음을 담아서 사과를 해보렴.	N	2022-06-08 05:45:26	2022-11-08 03:25:01
BE22000123	13	0	네 그러려고요. 시간이 지날수록 미안한 마음이 커져요. 사실 친구가 그 옷을 얼마나 좋아하는지 알고 있었거든요.	N	2022-06-08 05:45:26	2022-11-08 03:25:01
BE22000123	14	1	그랬구나, 앞으로는 상대방이 소중히 여기는 것에 대해서 존중해 주는 좋은 친구가 되자. 그래도 아빠는 친구에게 미안한 마음을 느끼고 사과하려고 노력하는 우리 딸이 자랑스러운걸?	N	2022-06-08 05:45:26	2022-11-08 03:25:01
BE22000123	15	0	그렇게 말씀을 해주시니까 좀더 힘이 나요. 친구랑 다시 예전처럼 잘 지내볼게요.	Y	2022-06-08 05:45:26	2022-11-08 03:25:02
