id	utterance_id	utterance_type	utterance_text	terminate	regDate	updDate
BE22001578	1	0	아빠 저 사실 대학교 원서 쓰지 않았어요.	N	2022-06-16 05:45:56	2022-11-08 03:34:36
BE22001578	2	1	그게 무슨 소리야? 어디 천천히 한 번 이야기해 보렴. 아빠는 들을 준비됐어.	N	2022-06-16 05:45:56	2022-11-08 03:34:36
BE22001578	3	0	대학교 가는 대신 공무원 시험 준비를 하고 있어요. 아르바이트했던 돈으로 학원도 등록해서 다니고 있어요.	N	2022-06-16 05:45:56	2022-11-08 03:34:36
BE22001578	4	1	아이고 우리 아들, 아빠한테 먼저 상담하지 그랬어. 네가 그 정도로 알아본 거라면 아빠는 진작에 널 응원했을 텐데.	N	2022-06-16 05:45:56	2022-11-08 03:34:36
BE22001578	5	0	이래도 될까 고민했어요. 나중에 남들처럼 대학교에 가는 걸 아빠가 더 원할 거라 생각했거든요.	N	2022-06-16 05:45:56	2022-11-08 03:34:36
BE22001578	6	1	혼자 마음고생이 심했겠구나. 이해한단다 아들, 아빠도 친구들 다 대학에 갈 때 생계를 위해 일을 했잖니. 정말 고민 많았지만 지금은 후회 없어.	N	2022-06-16 05:45:56	2022-11-08 03:34:36
BE22001578	7	0	가고 싶은 대학도, 가고 싶은 학과도 없어서 더더욱 고민하다가 내린 결론인데, 그 길을 가는 게 맞을지 의문이에요.	N	2022-06-16 05:45:56	2022-11-08 03:34:36
BE22001578	8	1	성적에 맞춰 대학을 들어갈 바에야 하루바삐 안정된 미래가 보장된 직장으로 향하는 게 나을 수도 있어.	N	2022-06-16 05:45:56	2022-11-08 03:34:36
BE22001578	9	0	제가 잘할 수 있을까요?	N	2022-06-16 05:45:56	2022-11-08 03:34:36
BE22001578	10	1	그럼 누구 아들인데, 이미 스스로 번 돈으로 학원에 다닐 만큼 실행했다면 넌 이미 준비가 되어 있는 거야. 아빠는 널 믿어.	N	2022-06-16 05:45:56	2022-11-08 03:34:36
BE22001578	11	0	아빠에게 신뢰를 얻어서 다행이에요. 걱정이 한층 사그라들었어요. 이왕 하는 거 7급 준비해 볼게요.	N	2022-06-16 05:45:56	2022-11-08 03:34:36
BE22001578	12	1	9급이든 7급이든 원하는 걸 열심히 준비해서 도전해 보렴. 실패할지언정 후회는 되지 않도록 말이야.	N	2022-06-16 05:45:56	2022-11-08 03:34:36
BE22001578	13	0	아빠께 이야기하길 정말 잘한 거 같아요. 저에게 없던 확신을 주셔서 감사해요.	N	2022-06-16 05:45:56	2022-11-08 03:34:36
BE22001578	14	1	언제든지 물어보고 이야기해도 돼. 아빠는 널 지지한단다.	Y	2022-06-16 05:45:56	2022-11-08 03:34:36
