id	utterance_id	utterance_type	utterance_text	terminate	regDate	updDate
BE22008638	1	0	엄마, 저 요즘 고민이 있어요.	N	2022-07-13 13:13:56	2022-11-08 04:19:58
BE22008638	2	1	어떤 일이니, 우리 딸?	N	2022-07-13 13:13:56	2022-11-08 04:19:58
BE22008638	3	0	친구들과 잘 어울릴 수 있을지 걱정이에요.	N	2022-07-13 13:13:56	2022-11-08 04:19:58
BE22008638	4	1	새 학기가 시작돼서 친구 고민이 많은가 보구나. 친구들과 마찰이라도 있었니?	N	2022-07-13 13:13:56	2022-11-08 04:19:58
BE22008638	5	0	친구랑 이야기할 때 마음에 없는 리액션을 하지 못하겠어요.	N	2022-07-13 13:13:56	2022-11-08 04:19:58
BE22008638	6	1	우리 딸이 친구 문제로 스트레스를 받는 것 같아서 엄마 마음도 좋지 않구나. 이것 때문에 친구 사귀기가 힘이 드니?	N	2022-07-13 13:13:56	2022-11-08 04:19:58
BE22008638	7	0	친구들한테 말을 걸기가 무서워져요.	N	2022-07-13 13:13:56	2022-11-08 04:19:59
BE22008638	8	1	그랬구나. 하지만 지금 먼저 친구들에게 다가가지 않으면 나중엔 더 힘들어질지도 몰라. 용기를 내보는 게 좋다고 생각해.	N	2022-07-13 13:13:56	2022-11-08 04:19:59
BE22008638	9	0	친구들과 이야기할 때 저 때문에 흐름이 끊기는 것 같아서 불편해요.	N	2022-07-13 13:13:56	2022-11-08 04:19:59
BE22008638	10	1	엄마는 우리 딸을 옆에서 지켜봐 왔잖아. 엄마는 감정화자가 얼마나 따뜻하고 진심으로 공감해 줄 수 있는 사람인지 알고 있어. 친구들에게도 이 점을 어필하는 게 어떨까?	N	2022-07-13 13:13:56	2022-11-08 04:19:59
BE22008638	11	0	엄마가 그렇게 말씀해 주시니 마음이 편해진 것 같아요.	N	2022-07-13 13:13:56	2022-11-08 04:19:59
BE22008638	12	1	진심은 진심을 알아보는 법이라고 하잖니. 감정화자가 먼저 다가가 준다면 분명 너의 마음을 알아주는 친구를 만날 거야.	N	2022-07-13 13:13:56	2022-11-08 04:19:59
BE22008638	13	0	엄마의 말을 들으니 자신감이 생기는 것 같아요. 내일은 친구들에게 먼저 다가가야겠어요.	N	2022-07-13 13:13:56	2022-11-08 04:19:59
BE22008638	14	1	엄마는 우리 딸의 씩씩하고 자신감 있는 모습이 너무 자랑스러워. 늘 하던 대로 하면 우리 딸이 인기 만점 친구가 될 수 있을 거라고 믿어.	N	2022-07-13 13:13:56	2022-11-08 04:19:59
BE22008638	15	0	고마워요, 엄마! 얼른 학교에 가고 싶어요.	Y	2022-07-13 13:13:56	2022-11-08 04:19:59
