id	utterance_id	utterance_type	utterance_text	terminate	regDate	updDate
BE22005214	1	0	엄마, 저 일주일 뒤에 공무원 시험을 보잖아요. 중요한 시험이다 보니 너무 떨려요. 정말 미치겠어요.	N	2022-06-29 12:44:29	2022-11-08 03:57:57
BE22005214	2	1	생전 떨지 않고 항상 자신감 충만했던 우리 아들이 무슨 일일까. 시험을 앞두고 많이 초조한 모양이구나. 아들이 떨린다니 엄마도 덩달아 마음이 안 좋은걸.	N	2022-06-29 12:44:29	2022-11-08 03:57:57
BE22005214	3	0	지금까지 해왔던 노력이 물거품이 되는 무서운 꿈을 꾸곤 해요. 매일매일 원하는 점수가 나오지 않을까 봐 걱정스러워요.	N	2022-06-29 12:44:29	2022-11-08 03:57:57
BE22005214	4	1	우리 아들이 심리적으로 많이 불안한 상태인가 봐.안 좋은 꿈을 꿨다니 엄마가 걱정이 되네.너가 충분히 힘들어하는 것을 엄마도 알고 있단다.	N	2022-06-29 12:44:29	2022-11-08 03:57:57
BE22005214	5	0	제가 잘 할 수 있을지 모르겠어요. 초조해서 펜이 손에 잘 안 잡혀요.	N	2022-06-29 12:44:29	2022-11-08 03:57:57
BE22005214	6	1	아들아, 엄마는 너가 3년 동안 노력해온 모습을 그 누구보다 가까운 곳에서 봐왔단다. 너가 이미 그 힘든 시기를 버티며 겪어왔다는 사실 자체가 대견해. 너는 정말 충분히 노력했으니 너무 걱정하지 않아도 될 거야.	N	2022-06-29 12:44:29	2022-11-08 03:57:57
BE22005214	7	0	제가 그동안 공부해왔던 게 시험장에서 발휘되지 않으면 어떡하죠? 너무 걱정돼요.	N	2022-06-29 12:44:29	2022-11-08 03:57:57
BE22005214	8	1	우리 아들이 시험을 앞두고 정말 걱정이 많나 보구나. 너가 지금까지 했던 노력은 절대 너를 배신하지 않을 거야. 너도 모르게 내용이 숙지되어 있을지도 몰라.	N	2022-06-29 12:44:29	2022-11-08 03:57:57
BE22005214	9	0	만약 제가 시험에 떨어지면 어떡하죠? 자꾸 안 좋은 생각만 들어요.	N	2022-06-29 12:44:29	2022-11-08 03:57:57
BE22005214	10	1	시험에 떨어진다고 해서 그게 실패를 뜻하는 것은 아니란다. 이 과정을 이겨내고 버티는 것 자체가 진정한 성공이야. 엄마는 우리 아들의 도전 자체에 박수를 보내고 싶구나.	N	2022-06-29 12:44:29	2022-11-08 03:57:57
BE22005214	11	0	저 누구보다 열심히 노력했거든요. 그런데 시험을 늦은 나이에 준비하다 보니 더 불안해지는 것 같아요.	N	2022-06-29 12:44:29	2022-11-08 03:57:57
BE22005214	12	1	너가 남들보다 출발은 늦었지만 도착이 늦으리라는 법은 없잖아. 느린 걸음이더라도 쉬지 않고 걸으면 어느덧 도착선에 다다를 수 있단다. 우리 아들도 곧 그 선에 도착하기 일보직전이라고 생각해.	N	2022-06-29 12:44:29	2022-11-08 03:57:57
BE22005214	13	0	그렇게 말해주셔서 감사해요. 엄마한테 위로받으니 마음이 좀 나아지는 것 같아요.	N	2022-06-29 12:44:29	2022-11-08 03:57:57
BE22005214	14	1	우리 아들이 그동안 정말 고생 많았어. 너가 해온 만큼 앞으로 조금만 더 버티면 분명 좋은 결과가 있을 거란다. 너 스스로에게 확신을 가져봐.	N	2022-06-29 12:44:29	2022-11-08 03:57:57
BE22005214	15	0	알겠어요. 자신감 있던 원래의 저로 돌아가봐야겠어요.	N	2022-06-29 12:44:29	2022-11-08 03:57:57
BE22005214	16	1	우리 아들은 그 누구보다 똑똑하고 성실하잖아. 그동안 노력했던 것을 보면 우리 아들은 합격이라는 트로피를 쥘 충분한 자격이 있단다. 우리 아들 조금만 더 힘내자. 엄마도 응원할게.	N	2022-06-29 12:44:29	2022-11-08 03:57:57
BE22005214	17	0	감사해요, 엄마. 내일부터라도 다시 열심히 해볼게요.	Y	2022-06-29 12:44:29	2022-11-08 03:57:57
