id	utterance_id	utterance_type	utterance_text	terminate	regDate	updDate
BE22002799	1	0	엄마, 나는 왜 노래를 못 부를까요?	N	2022-06-22 23:34:59	2022-11-08 03:42:30
BE22002799	2	1	갑자기 노래 타령은 왜 하는 건데?	N	2022-06-22 23:34:59	2022-11-08 03:42:30
BE22002799	3	0	지난달에 소개팅에서 만난 남자 있잖아요? 이번 주말에 함께 노래방을 가자네요.	N	2022-06-22 23:34:59	2022-11-08 03:42:30
BE22002799	4	1	아, 네가 노래를 잘 부르지 못해서 그 사람이 실망할까 걱정인 거야?	N	2022-06-22 23:34:59	2022-11-08 03:42:30
BE22002799	5	0	내가 노래를 하면 친구들도 다 웃음을 참느라 표정 관리를 해야 될 정도잖아요. 매번 창피하고 노래방 약속이라도 잡히면 가슴이 두근거린다니까요.	N	2022-06-22 23:34:59	2022-11-08 03:42:30
BE22002799	6	1	엄마는 네가 어떤 노래를 불러도 듣기 좋고 예쁘기만 하더라. 그리고 노래를 부르는 너 자신이 즐거우면 되는 거 아닐까?	N	2022-06-22 23:34:59	2022-11-08 03:42:30
BE22002799	7	0	치, 내 엄마니까 그렇겠죠. 그 남자가 내 노래를 듣고 나면 정이 뚝 떨어질 수도 있잖아요.	N	2022-06-22 23:34:59	2022-11-08 03:42:30
BE22002799	8	1	노래 좀 못 부른다고 마음이 변할 남자라면 우리 딸의 짝으로는 불합격이야.	N	2022-06-22 23:34:59	2022-11-08 03:42:30
BE22002799	9	0	나는 그 남자가 마음에 들거든요. 그래서 더 걱정이 되는 건가 봐요.	N	2022-06-22 23:34:59	2022-11-08 03:42:30
BE22002799	10	1	그랬구나. 좋아하는 사람 앞에서 잘 보이고 싶은 마음은 당연하단다. 엄마도 아빠 만날 때 매번 가슴이 떨리고 긴장해서 오히려 실수도 했었지.	N	2022-06-22 23:34:59	2022-11-08 03:42:30
BE22002799	11	0	나 음치 교정해 주는 학원 같은 데 다녀보는 건 어떨까요?	N	2022-06-22 23:34:59	2022-11-08 03:42:30
BE22002799	12	1	즐겁게 노래를 하는 데 도움이 된다면 그런 시도는 좋다고 생각한다. 같이 한번 알아볼까?	N	2022-06-22 23:34:59	2022-11-08 03:42:30
BE22002799	13	0	정말 그래도 돼요? 역시 우리 엄마는 이해심이 최고예요.	N	2022-06-22 23:34:59	2022-11-08 03:42:30
BE22002799	14	1	네가 음치인 데는 엄마 아빠 책임도 좀 있는 것 같으니 함께 노력해서 극복해야지.	N	2022-06-22 23:34:59	2022-11-08 03:42:30
BE22002799	15	0	하하, 그렇다고 부모님을 원망하진 않을게요.	Y	2022-06-22 23:34:59	2022-11-08 03:42:30
