id	utterance_id	utterance_type	utterance_text	terminate	regDate	updDate
BE22018054	1	0	엄마, 저 오늘 제일 친한 친구랑 싸웠어요. 사실 제 잘못이었는데, 화해를 못 하고 돌아와서 지금 어떻게 해야 할지 모르겠어요. 그 애랑 이대로 멀어질까봐 불안해요.	N	2022-09-14 00:56:13	2022-09-14 00:56:13
BE22018054	2	1	저런, 제일 친한 친구랑 다퉜다니 우리 딸이 너무 많이 속상했겠다. 엄마도 예전에 학창 시절에 친한 친구랑 다툴 때마다 정말 속상했어. 막상 미안하단 말이 잘 안 나오더라고.	N	2022-09-14 00:56:13	2022-11-08 05:19:06
BE22018054	3	0	맞아요, 엄마. 사실 아까 그 애한테 먼저 사과하고 싶었는데 입이 떨어지질 않았어요. 그냥 미안해, 한마디만 하면 괜찮았을지도 모르는데. 그 말을 하는 게 너무 어려워요.	N	2022-09-14 00:56:13	2022-11-08 05:19:06
BE22018054	4	1	원래 미안하단 말을 진심으로 하려 하면 오히려 어려울 때가 많단다. 내 사소한 말실수로 그 사이가 더 악화되어 버릴까봐 겁이 날 때가 많거든. 그런데 어쩌다 싸우게 된 거니?	N	2022-09-14 00:56:13	2022-11-08 05:19:06
BE22018054	5	0	싸우게 된 계기는 정말 별거 아니었어요. 그 애가 요즘 제 문자를 너무 늦게 확인하길래 좀 서운하다고 하다가요. 제가 그동안의 서운함이 쌓였던 게 터져서 그만 화를 내버렸어요.	N	2022-09-14 00:56:13	2022-11-08 05:19:06
BE22018054	6	1	친한 친구인데 연락을 너무 안 받으면 서운한 게 당연해. 엄마도 그런 이유로 속상하고 불안해서 친구랑 싸운 적이 있단다. 하지만 그 친구도 나름의 사정이 있었을지도 몰라.	N	2022-09-14 00:56:13	2022-11-08 05:19:06
BE22018054	7	0	맞아요, 아마 그럴지도 몰라요. 처음에 그 애가 뭐라고 말하려 했는데 제가 계속 쏘아붙여 버렸거든요. 그러다 보니 상황은 악화되어 갔고, 결국 미안하단 말을 할 기회도 놓쳐버렸죠.	N	2022-09-14 00:56:13	2022-11-08 05:19:06
BE22018054	8	1	괜찮아, 원래 친구 사이는 사소한 다투고 오해를 풀면서 더 돈독해지는 거야. 엄마도 학교 다닐 때 친구랑 자주 싸워서 속상할 때가 많았는데, 결국 화해하곤 했단다.	N	2022-09-14 00:56:13	2022-11-08 05:19:06
BE22018054	9	0	그럼 저도 제 친구랑 화해할 수 있을까요? 엄마가 만약 그 친구라면 제가 사과했을 때 받아줄까요?	N	2022-09-14 00:56:13	2022-09-14 00:56:13
BE22018054	10	1	당연하지. 제일 친한 친구가 진심을 담아 사과하는데 받아주지 않을 리가 없잖니. 그 애의 눈을 가만히 보면서 정말 미안하다고 말하면 그 애도 괜찮다며 웃어줄 거야. 용기 내서 한 번만 먼저 다가가보렴.	N	2022-09-14 00:56:13	2022-11-08 05:19:06
BE22018054	11	0	엄마 말처럼 분명 그 애가 받아줄 것 같긴 하지만. 그 애랑 싸운 것도 처음이고, 사과를 해본 적도 없어서 너무 떨리고 긴장돼요. 제가 사과를 제대로 할 수 있을까요?	N	2022-09-14 00:56:13	2022-11-08 05:19:06
BE22018054	12	1	우리 딸은 지금 이렇게 자신의 잘못을 먼저 인정할 줄 아는 멋진 사람인걸. 지금 엄마한테 털어놓은 그 진심 그대로 친구한테 말하면 분명 잘 풀릴 거라고 믿어.	N	2022-09-14 00:56:13	2022-11-08 05:19:06
BE22018054	13	0	하긴, 맞아요. 정말 중요한 건 제가 얼마나 진심을 담아 미안하다고 말하느냐에 달린 것 같아요. 내일 그 애에게 제대로 미안하다고, 화해하자고 말해야겠어요. 저 용기 내볼게요, 엄마.	N	2022-09-14 00:56:13	2022-09-14 00:56:13
BE22018054	14	1	우리 딸 정말 기특한데? 그래. 틀림없이 바로 화해할 수 있을 거야. 관계에 있어서, 진솔한 고백만큼 좋은 해결책은 없단다.	N	2022-09-14 00:56:13	2022-11-08 05:19:07
BE22018054	15	0	네, 엄마. 덕분에 마음이 좀 홀가분해졌어요. 얼른 내일이 와서 사과하고 싶어요. 교실 문을 열자마자 달려가서 나한텐 네가 정말 소중한 친구라고 말할 거예요!	Y	2022-09-14 00:56:13	2022-11-08 05:19:07
