id	utterance_id	utterance_type	utterance_text	terminate	regDate	updDate
BE22004289	1	0	엄마, 제가 다니는 회사가 파산할지도 모른다네요.	N	2022-06-27 13:26:26	2022-11-08 03:51:59
BE22004289	2	1	갑자기? 어디서 그런 소리를 들은 거야?	N	2022-06-27 13:26:26	2022-11-08 03:51:59
BE22004289	3	0	저랑 같이 회사 다니는 동기에게 들었어요. 지금 불안해서 밥이 안 넘어가요.	N	2022-06-27 13:26:26	2022-11-08 03:51:59
BE22004289	4	1	잘 다니는 회사가 갑자기 파산한다니 얼마나 황당하고 두려울까… 엄마는 그런 걸 경험한 적이 없어서 상상이 안 가네.	N	2022-06-27 13:26:26	2022-11-08 03:51:59
BE22004289	5	0	아직 소문이긴 한데 그래도 그런 소문이 돈다는 거 자체가 스트레스네요. 직장을 잃고 다시 취준생이 될 걸 상상하니 진짜 죽고 싶네요.	N	2022-06-27 13:26:26	2022-11-08 03:51:59
BE22004289	6	1	맞아, 네가 취준생 시절에 정말 많이 고생했잖니. 그거 생각하면 더더욱 그 소문이 끔찍하겠구나. 정말 공포를 넘어선 좌절의 연속이겠다.	N	2022-06-27 13:26:26	2022-11-08 03:51:59
BE22004289	7	0	하, 헛소문일 거라 생각하고 넘기려 해도 도저히 진정이 안 돼요. 엄마에게 너무 겁쟁이 같은 모습 보여서 죄송해요.	N	2022-06-27 13:26:26	2022-11-08 03:51:59
BE22004289	8	1	그럴 수 있어. 본인이 다니고 있는 회사 소문인데 어떻게 쉽게 넘기겠니. 엄마였으면 아마 그 소문 들었을 때 무서워서 울었을지 몰라.	N	2022-06-27 13:26:26	2022-11-08 03:51:59
BE22004289	9	0	정말 파산한다면 저는 어떻게 해야 할까요… 제가 과연 다른 회사로 취직할 수 있을까요?	N	2022-06-27 13:26:26	2022-11-08 03:51:59
BE22004289	10	1	우리 아들이 뭐가 부족하다고 그런 걱정을 해? 엄마는 다른 건 몰라도 그런 걱정은 용납 못하겠어. 넌 어디든지 네가 골라갈 수 있으니까 자신감 가지렴.	N	2022-06-27 13:26:26	2022-11-08 03:51:59
BE22004289	11	0	저 이 회사도 겨우겨우 들어온 거잖아요. 모르겠어요… 제발 소문이 틀렸길 기도 중이에요.	N	2022-06-27 13:26:26	2022-11-08 03:51:59
BE22004289	12	1	엄마도 확신은 못하지만 헛소문일 확률이 클 것 같아. 대개 그런 소문들은 안 맞는 거 너도 알잖니. 더구나 네가 잘 다니고 있는 멀쩡한 회사가 왜 파산하겠어?	N	2022-06-27 13:26:26	2022-11-08 03:51:59
BE22004289	13	0	그러겠죠? 역시나 말이 안 되는 헛소문이겠죠?	N	2022-06-27 13:26:26	2022-11-08 03:51:59
BE22004289	14	1	응, 엄마를 믿으렴. 만약 파산해도 엄마가 전력을 다해 널 도와서 다른 곳 취직하게 해줄 거야. 그러니까 불안해 말고 얼른 밥 먹어.	N	2022-06-27 13:26:26	2022-11-08 03:51:59
BE22004289	15	0	알겠어요. 엄마 말 들으니 좀 진정되네요. 역시 엄마밖에 없어요!	Y	2022-06-27 13:26:26	2022-11-08 03:51:59
