id	utterance_id	utterance_type	utterance_text	terminate	regDate	updDate
BE22016234	1	0	엄마, 댄스 대회에서 우승한 사람을 보고 용기를 내서 춤을 배워보기로 결심했어요. 그런데 조금 걱정이네요.	N	2022-08-29 08:41:24	2022-11-08 05:08:02
BE22016234	2	1	우리 딸은 뭐든 잘하니까 춤도 잘 출 텐데 무슨 걱정이 있을까?	N	2022-08-29 08:41:24	2022-11-08 05:08:02
BE22016234	3	0	요즘 TV에서 댄스 대회 프로그램을 방송하고 있잖아요. 그걸 보고 나도 춤을 배우고 싶어졌어요. 그래서 댄스 학원에 등록했는데, 천식 때문에 불안해요.	N	2022-08-29 08:41:24	2022-11-08 05:08:02
BE22016234	4	1	아무래도 네가 오랫동안 천식을 앓아와서 걱정이 많이 되는가 보네. 불안한 네 마음은 엄마가 잘 알 것 같은데 그래도 마음먹었으니까 해보는 게 어때?	N	2022-08-29 08:41:24	2022-11-08 05:08:02
BE22016234	5	0	조금만 뛰어도 숨을 헐떡거리는데 격한 춤을 출 수 있을까 걱정이 되네요. 그런데 한편으로는 그런 걱정을 하면서도 춤을 배우고 싶어. 마음이 너무 갈팡질팡해요.	N	2022-08-29 08:41:24	2022-08-29 08:41:24
BE22016234	6	1	천식 때문에 그동안 조심하느라 우리 딸이 하고 싶은 것도 참았었잖아. 이번에는 많이 배우고 싶은가 보네.	N	2022-08-29 08:41:24	2022-11-08 05:08:02
BE22016234	7	0	친구들이 갑자기 힘들어하는 내 모습을 보고 놀라거나, 민폐가 될 것 같아서 걱정돼요.	N	2022-08-29 08:41:24	2022-11-08 05:08:02
BE22016234	8	1	그런 고민이 있었구나. 보통 자기 몸이 아플까 봐 도전하기를 망설이잖아. 그런데 우리 딸은 본인 몸보다 남 걱정을 더 먼저 할 줄 아는 멋지고 착한 사람이었네.	N	2022-08-29 08:41:24	2022-11-08 05:08:03
BE22016234	9	0	예전에 학교에서도 처음 호흡 곤란이 와서 친구들이 놀란 적이 있었잖아요. 그래서 굳이 나랑 주변 사람들을 힘들게 하면서까지 춤을 배워야 할까, 하는 생각이 들었어요.	N	2022-08-29 08:41:24	2022-11-08 05:08:03
BE22016234	10	1	어쩔 수 없이 무언가를 포기하는 그 마음을 엄마는 함부로 가늠할 수 없어. 다만 엄마는 네가 어떠한 경우에도 상처받지 않았으면 하는 마음이 커.	N	2022-08-29 08:41:24	2022-11-08 05:08:03
BE22016234	11	0	아파서 하고 싶은 운동을 못 한다는 상실감은 늘 쉽게 단념이 되지 않아서 속상해요.	N	2022-08-29 08:41:24	2022-11-08 05:08:03
BE22016234	12	1	언제까지 피할 수 있는 것도 아니잖아. 네가 스스로 조절하면서 하나씩 하나씩 배워나가는 게 좋지 않을까 싶어.	N	2022-08-29 08:41:24	2022-11-08 05:08:03
BE22016234	13	0	맞아요. 평생 하고 싶은 걸 포기하면서 살 수는 없어요. 그러면 학원 등록을 하면서 선생님께 천식이 있다고 미리 말씀을 드려야겠어요!	N	2022-08-29 08:41:24	2022-08-29 08:41:24
BE22016234	14	1	그래, 그렇게 해보자. 선생님께서도 네 몸 상태를 배려해주시면서 춤을 가르쳐주실 거야.	Y	2022-08-29 08:41:24	2022-11-08 05:08:03
