id	utterance_id	utterance_type	utterance_text	terminate	regDate	updDate
BE22002865	1	0	엄마, 저 큰일 났어요.	N	2022-06-23 04:05:14	2022-11-08 03:42:55
BE22002865	2	1	무슨 일이니? 엄마한테 이야기해 보렴.	N	2022-06-23 04:05:14	2022-11-08 03:42:55
BE22002865	3	0	저 탈모가 온 것 같아요. 어떡하면 좋아요? 정말 너무 걱정이에요.	N	2022-06-23 04:05:14	2022-11-08 03:42:55
BE22002865	4	1	세상에, 탈모라니 정말 걱정이겠구나. 네가 걱정하고 불안해하는 모습을 보니 엄마 마음도 찢어지네. 스트레스가 심했나 보구나, 많이 힘들었겠어.	N	2022-06-23 04:05:14	2022-11-08 03:42:55
BE22002865	5	0	맞아요, 아무래도 공부 스트레스가 극심해서 탈모가 온 것 같아요. 그렇다고 공부를 안 할 수도 없고 저 어떡하면 좋아요? 탈모 때문에 너무 스트레스 받고 이러다가 더 심해질까 봐 걱정이에요.	N	2022-06-23 04:05:14	2022-11-08 03:42:55
BE22002865	6	1	공부 스트레스로 힘들어하고 걱정하는 모습을 보니, 엄마도 많이 속상하구나. 엄마가 더 신경 써줬어야 하는데 미안해. 일단 탈모 치료와 스트레스를 줄이는 방법부터 생각해 보자.	N	2022-06-23 04:05:14	2022-11-08 03:42:55
BE22002865	7	0	탈모는 어떻게 치료하면 좋죠? 치료가 되긴 할까요?	N	2022-06-23 04:05:14	2022-11-08 03:42:55
BE22002865	8	1	당연하지. 엄마가 탈모 치료를 잘하는 병원을 알고 있으니, 내일 방문해 보자. 그리고 엄마가 매일 두피 마사지를 해줄게, 금방 좋아질 거란다.	N	2022-06-23 04:05:14	2022-11-08 03:42:55
BE22002865	9	0	좋아요, 내일 당장 병원에 가야겠어요. 그럼 스트레스는 어떻게 하죠? 치료해도 또 스트레스를 받으면 탈모가 심해질 것 같아요.	N	2022-06-23 04:05:14	2022-11-08 03:42:55
BE22002865	10	1	스트레스를 해소할 수 있는 취미를 가져보는 게 어떨까? 평소에 해보고 싶었던 운동이 있니? 재밌는 운동을 하면 스트레스 해소에 많은 도움이 될 거야.	N	2022-06-23 04:05:14	2022-11-08 03:42:55
BE22002865	11	0	좋은 생각이에요. 저 테니스 배워보고 싶어요!	N	2022-06-23 04:05:14	2022-11-08 03:42:55
BE22002865	12	1	좋아, 그럼 내일부터 테니스 강습을 알아보자. 그리고 걱정과 고민이 있을 때 혼자 고민하지 말고 언제든 엄마한테 이야기해주렴. 엄마가 잘 해결될 수 있도록 많이 도와줄게.	N	2022-06-23 04:05:14	2022-11-08 03:42:55
BE22002865	13	0	항상 신경 써주셔서 정말 감사해요. 엄마 덕분에 걱정이 많이 줄었어요. 사랑해요.	N	2022-06-23 04:05:14	2022-11-08 03:42:55
BE22002865	14	1	정말 다행이구나. 항상 너의 든든한 버팀목이 되어줄 테니 언제든 엄마에게 의지했으면 좋겠어.	Y	2022-06-23 04:05:14	2022-11-08 03:42:55
