id	utterance_id	utterance_type	utterance_text	terminate	regDate	updDate
BE22008559	1	0	엄마 저 지금 병원인데 와줄 수 있어요?	N	2022-07-13 09:48:42	2022-11-08 04:19:28
BE22008559	2	1	갑자기 병원은 무슨 일로? 별일 없는 거지?	N	2022-07-13 09:48:42	2022-11-08 04:19:28
BE22008559	3	0	학원에서 나오는데 앞 사람이 잡았던 문을 놓아버려서 손가락이 끼었어요. 크게 다친 건 아니지만 우선 진료받으러 왔어요. 피아노 대회가 얼마 안 남았는데 혹시 뼈에 문제 생겼을까 봐 너무 불안해요.	N	2022-07-13 09:48:42	2022-11-08 04:19:28
BE22008559	4	1	그럼 설마 지금 너 혼자 병원에 있는 거니?	N	2022-07-13 09:48:42	2022-11-08 04:19:28
BE22008559	5	0	아까 그 앞 사람이 병원까지 데려다줬어요. 같은 학원 다니는 사람인데, 면전에 대고 화를 내기도 조금 멋쩍고 불편해서 먼저 가라고 했어요.	N	2022-07-13 09:48:42	2022-11-08 04:19:28
BE22008559	6	1	하지만 아무리 그래도 기분이 많이 상했을 것 같은데, 괜찮은 거야?	N	2022-07-13 09:48:42	2022-11-08 04:19:28
BE22008559	7	0	그분이 워낙 미안해하셔서 별로 원망하고 싶지는 않아요. 하지만 대회 준비에 차질이 생길까 봐 속이 타요. 지금까지 준비해온 게 전부 수포로 돌아가면 어쩌죠?	N	2022-07-13 09:48:42	2022-11-08 04:19:28
BE22008559	8	1	네가 해온 노력을 나도 옆에서 봐와서 잘 알고 있어. 네 마음이 심각하게 무너지고 있을까 봐 나도 걱정되는구나. 의사 선생님이 진단은 해주셨니?	N	2022-07-13 09:48:42	2022-11-08 04:19:28
BE22008559	9	0	병원에 사람이 많아서 아직 진료는 못 받았어요. 그래서 자꾸 최악의 상황만 가정하고 걱정하게 되는 것 같아요. 그냥 대회를 포기해야 할까 봐요.	N	2022-07-13 09:48:42	2022-11-08 04:19:28
BE22008559	10	1	지금 네 마음이 얼마나 불안하고 애가 탈지 이해가 가서 내 마음도 속상하구나. 하지만 아직 상황이 확실하지 않으니 침착하고, 우리 너무 속단하진 말자. 뼈가 부러진 게 아닌 이상 부상은 대회 전까지 회복할 수 있을 거야.	N	2022-07-13 09:48:42	2022-11-08 04:19:28
BE22008559	11	0	그렇겠죠? 손톱에 멍이 들었지만 손가락은 구부릴 수 있는 걸 보니 뼈가 부러지지는 않은 것 같아요.	N	2022-07-13 09:48:42	2022-11-08 04:19:28
BE22008559	12	1	큰 부상은 아닌 것 같아 천만다행이구나. 그래도 회복할 때까지 엄마가 옆에서 많이 도와줄게. 너무 걱정하지 마.	N	2022-07-13 09:48:42	2022-11-08 04:19:28
BE22008559	13	0	네, 고마워요. 엄마 덕분에 조금 진정이 됐어요. 차분하게 상황을 판단해보니 대회를 포기할 정도는 아닌 것 같아요.	N	2022-07-13 09:48:42	2022-11-08 04:19:28
BE22008559	14	1	공들인 탑이 무너질까 많이 무서웠을 텐데, 그래도 금방 이성을 찾은 우리 딸이 참 자랑스럽고 멋있다!	Y	2022-07-13 09:48:42	2022-11-08 04:19:28
