id	utterance_id	utterance_type	utterance_text	terminate	regDate	updDate
BE22017834	1	0	엄마, 이번 샘플 제작이 잘못되면 전면적으로 다시 시작해야 해요. 최종 디자인 발표일은 이미 소비자들에게 말했는데 시간을 맞추지 못하면 어쩔까 걱정돼서 잠이 안 와요. 잘못될까 봐 너무 불안해요.	N	2022-09-13 04:11:22	2022-11-08 05:17:48
BE22017834	2	1	저런, 네가 고생이 많구나. 간혹 일이 예측할 수 없는 방향으로 흘러가면 마음이 조마조마하지. 하지만 아직 일어나지 않은 일이니까 미리부터 너무 걱정하지 말렴.	N	2022-09-13 04:11:22	2022-11-08 05:17:48
BE22017834	3	0	제작사로부터 이 원단으로는 원하는 형태를 구현할 수 없을지도 모른다는 얘기를 들었어요. 제가 미리 더 체크하고 확인해야 했어요. 날짜는 임박했는데 요즘 불안해서 잠도 안 와요.	N	2022-09-13 04:11:22	2022-11-08 05:17:48
BE22017834	4	1	어디로 가든 길이 있다는 말이 있는 것처럼 만약 문제가 생겼다 해도 방법이 있을 거야. 오지 않는 미래를 불안해만 한다면 네 맘만 힘들 거야. 그럴수록 네가 맘을 더 굳게 먹고 현재에서 할 수 있는 씩씩하게 하는 게 좋아.	N	2022-09-13 04:11:22	2022-11-08 05:17:48
BE22017834	5	0	좀더 꼼꼼하게 확인했어야 했어요. 왜 당연히 될 거라고 생각했을까요? 만약 전면 수정한다면 납기일을 늦춰야 해서 손실이 어마어마한데 생각만 해도 스트레스를 받아요.	N	2022-09-13 04:11:22	2022-11-08 05:17:48
BE22017834	6	1	물론 그 일이 너의 담당이지만 회사의 프로젝트이니 너와 함께 고민해줄 사람이 많단다. 너무 혼자의 일처럼 부담 갖고 힘들어하지 않았으면 좋겠네. 여러 사람의 머리를 합치면 분명 좋은 혜안이 나올 수 있을 거야.	N	2022-09-13 04:11:22	2022-11-08 05:17:48
BE22017834	7	0	하지만 명백히 최종 책임자는 저인걸요. 저 때문에 이 일이 안 되는 거 같아서 속상하네요. 디자인 발표일은 소비자와의 약속인데 그걸 못 지킬까 봐 너무 불안해요.	N	2022-09-13 04:11:22	2022-11-08 05:17:48
BE22017834	8	1	이미 마감이 임박했는데 나로서는 대비할 수 없는 일이 생길 거 같으면 마음이 불편하지. 하지만 지금까지 최선을 다했으니까 어쩔 수 없는 일이란 것도 있다는 걸 받아들이는 건 어떨까? 그리고 지금까지의 경력으로 무언가를 결정하고 선택했다면 분명 아무 일 없을 거야.	N	2022-09-13 04:11:22	2022-11-08 05:17:48
BE22017834	9	0	하지만 알 수 없는 일이잖아요. 너무 불안해서 일이 손에 잡히지 않아요. 왜 자꾸 부정적으로만 생각이 쏠리는지 모르겠어요.	N	2022-09-13 04:11:22	2022-09-13 04:11:22
BE22017834	10	1	물론 아직 일어나지 않은 일이니까 미래에 어려움이 닥칠 거라고 예상할 수도 있어. 하지만 걱정하기보다는 너 자신을 믿고 어려움이 닥쳐도 이 일을 헤쳐 나가리라 믿어봐. 이렇게 긍정적인 마음을 가지는 게 좋지 않을까?	N	2022-09-13 04:11:22	2022-11-08 05:17:48
BE22017834	11	0	엄마 말이 맞네요. 제가 너무 안 좋은 쪽으로만 생각했던 거 같아요. 만약 전면 수정해야 한다 해도 제가 문제를 풀어나갈 수 있는 방향이 있을 거 같아요. 긍정적으로 생각해야겠어요.	N	2022-09-13 04:11:22	2022-09-13 04:11:22
BE22017834	12	1	그럼 지금까지 잘 해왔잖아. 앞으로도 그렇게 실마리를 찾아 해결해나갈 수 있어.	N	2022-09-13 04:11:22	2022-11-08 05:17:49
BE22017834	13	0	고마워요. 엄마의 말을 들으니 힘이 나네요. 다시 제작사에 전화해서 일을 확인해봐야겠어요.	N	2022-09-13 04:11:22	2022-09-13 04:11:22
BE22017834	14	1	살면서 지금처럼 어려운 일이 닥칠 때 너 자신을 믿고 앞으로 나아가 보렴. 오지 않는 미래를 불안하기보다는 현재를 잘 살아가는 게 중요한 거니까.	N	2022-09-13 04:11:22	2022-11-08 05:17:49
BE22017834	15	0	정말 주옥같은 조언이네요. 그렇게 생각하니 불안이 많이 가셨어요. 일단은 닥친 일을 잘해봐야겠어요.	Y	2022-09-13 04:11:22	2022-11-08 05:17:49
