id	utterance_id	utterance_type	utterance_text	terminate	regDate	updDate
BE22002935	1	0	엄마, 저 드디어 원하는 부서로 옮길 수 있게 되었어요.	N	2022-06-23 07:09:35	2022-11-08 03:43:22
BE22002935	2	1	어머, 정말 잘된 일이구나. 입사할 때부터 원하던 일이었잖아.	N	2022-06-23 07:09:35	2022-11-08 03:43:22
BE22002935	3	0	맞아요, 정말 원하던 일이었는데...	N	2022-06-23 07:09:35	2022-11-08 03:43:22
BE22002935	4	1	혹시 무슨 문제라도 있는 거니? 원하던 일인데 별로 기뻐 보이지는 않아서 걱정이 되는구나.	N	2022-06-23 07:09:35	2022-11-08 03:43:22
BE22002935	5	0	네, 사실은 기쁜 마음보다 걱정이 더 커요. 원하던 일이긴 하지만, 제가 가서 잘 할 수 있을지 모르겠어요. 지금 업무가 이제 많이 익숙해졌는데, 새로운 업무를 배우면 잘할 수 있을지 너무 걱정이 돼요.	N	2022-06-23 07:09:35	2022-11-08 03:43:22
BE22002935	6	1	충분히 그런 걱정을 할 수 있단다. 그렇지만, 처음부터 새로운 업무를 잘할 수는 없다고 생각하고 모든 일에는 시간이 필요해. 너도 지금 업무에 적응하기까지 시간이 꽤 걸렸잖아.	N	2022-06-23 07:09:35	2022-11-08 03:43:22
BE22002935	7	0	맞아요. 그래서 더 걱정이에요. 지금 업무에 익숙해지기까지도 한참 걸렸는데, 새로운 업무에 익숙해지는 데에는 또 얼마나 많은 시간이 걸릴까요? 제 욕심으로 부서를 옮겼다가, 괜히 다른 사람들한테 피해만 주는 건 아닌지 불안해요.	N	2022-06-23 07:09:35	2022-11-08 03:43:22
BE22002935	8	1	다른 사람들에게 피해를 줄까 봐 많이 걱정되고 불안하겠구나. 엄마도 작년에 이직했을 때 기쁘다기보다 걱정스러웠기 때문에 지금의 너와 같은 고민을 해봐서 공감이 된단다. 그렇지만, 새로운 부서 직원들도 네가 업무에 익숙해지기까지 시간이 필요하다는 걸 알고 있지 않을까?	N	2022-06-23 07:09:35	2022-11-08 03:43:22
BE22002935	9	0	정말 그럴까요? 그래도 남들보다 시간이 더 많이 필요할까봐 걱정이에요.	N	2022-06-23 07:09:35	2022-11-08 03:43:22
BE22002935	10	1	남들보다 느리더라도 네가 열심히 노력하면 다른 사람들도 너의 노력을 알아주고 더 기다려줄 거야. 넌 항상 열심히 노력하는 멋진 사람이니까, 이번에도 잘 해낼 거야. 너무 조급해하지는 않았으면 좋겠어.	N	2022-06-23 07:09:35	2022-11-08 03:43:22
BE22002935	11	0	맞아요, 저 열심히 노력하는 건 정말 자신 있어요! 엄마 말씀 들으니까 앞으로 어떻게 해야 할지 방향이 잡히고 걱정되는 마음도 줄었어요. 감사해요.	N	2022-06-23 07:09:35	2022-11-08 03:43:22
BE22002935	12	1	정말 다행이구나. 우리 딸에게 도움이 되었다니 정말 기쁘네. 열심히 노력하면 안 되는 일은 없단다. 힘내서 잘 해보렴.	N	2022-06-23 07:09:35	2022-11-08 03:43:22
BE22002935	13	0	네, 저도 그렇게 생각해요. 부서를 옮기기 전까지 새로운 업무에 대해서 많이 공부하면 더 적응이 쉬울 것 같아요. 엄마 덕분에 이제 걱정은 사라지고 자신감이 생겼어요.	N	2022-06-23 07:09:35	2022-11-08 03:43:22
BE22002935	14	1	의욕이 넘치는 모습이 정말 보기 좋구나. 새로운 일에 대해서 공부하려는 모습도 정말 멋져. 분명 잘 해낼 거야.	Y	2022-06-23 07:09:35	2022-11-08 03:43:22
