id	utterance_id	utterance_type	utterance_text	terminate	regDate	updDate
BE22001084	1	0	엄마, 오늘 미용실에 가서 머리를 했는데 영 마음에 들지 않아요.	N	2022-06-14 02:00:14	2022-11-08 03:31:21
BE22001084	2	1	저런. 스타일을 어떻게 했길래 마음에 들지 않는 거니?	N	2022-06-14 02:00:14	2022-11-08 03:31:22
BE22001084	3	0	머리를 자르고 염색도 했는데 그만 머릿결이 다 상해버렸어요.	N	2022-06-14 02:00:14	2022-11-08 03:31:22
BE22001084	4	1	아이고, 속상해라. 상한 머릿결은 원래대로 되돌리기가 힘든데 우리 딸 얼마나 속상할꼬.	N	2022-06-14 02:00:14	2022-11-08 03:31:22
BE22001084	5	0	내일 면접이 있어서 특별히 염색까지 했거든요.	N	2022-06-14 02:00:14	2022-11-08 03:31:22
BE22001084	6	1	모처럼 신경을 써서 준비했는데 정말 마음이 많이 상했겠구나.	N	2022-06-14 02:00:14	2022-11-08 03:31:22
BE22001084	7	0	이렇게 상해 보이는 머리로 면접에 참석해도 될지 모르겠어요.	N	2022-06-14 02:00:14	2022-11-08 03:31:22
BE22001084	8	1	머리를 하나로 묶어보는 건 어떨까? 그러면 상한 머리가 좀 가려지지 않겠니?	N	2022-06-14 02:00:14	2022-11-08 03:31:22
BE22001084	9	0	그 스타일이 보기에 괜찮을까요?	N	2022-06-14 02:00:14	2022-11-08 03:31:22
BE22001084	10	1	머리를 푸는 것보다 훨씬 단정하게 보일 것 같구나.	N	2022-06-14 02:00:14	2022-11-08 03:31:22
BE22001084	11	0	아, 정말 일이 이렇게 되니 너무 걱정되고 떨려요.	N	2022-06-14 02:00:14	2022-11-08 03:31:22
BE22001084	12	1	여태껏 취직 준비 열심히 잘해왔잖니. 그간 공들인 것이 머릿결 때문에 무너지지 않을 거야.	N	2022-06-14 02:00:14	2022-11-08 03:31:22
BE22001084	13	0	정말 그럴까요? 만일 잘 안 된다면 엄마께도 너무 죄송할 것 같아요.	N	2022-06-14 02:00:14	2022-11-08 03:31:22
BE22001084	14	1	우리 딸, 그런 생각은 일단 접어두렴. 마음 풀고 내일 면접을 위해 일찍 쉬는 게 좋겠다.	N	2022-06-14 02:00:14	2022-11-08 03:31:22
BE22001084	15	0	네, 엄마. 고마워요. 면접 끝나고 연락드릴게요.	Y	2022-06-14 02:00:14	2022-11-08 03:31:22
