id	utterance_id	utterance_type	utterance_text	terminate	regDate	updDate
BE22008956	1	0	하... 지금 제 상태가 너무 걱정돼요.	N	2022-07-14 13:15:53	2022-11-08 04:22:00
BE22008956	2	1	왜 그래 지금 무슨 일 있는 거니?	N	2022-07-14 13:15:53	2022-11-08 04:22:00
BE22008956	3	0	제가 얼마 전에 운동을 하고 나서 근육통이 느껴져서 그 부위에 파스를 붙였거든요. 근데 파스를 떼니까 그 자리에 물집이 생겼어요. 제 소중한 다리에 큰 흉터가 생길까 봐 너무 불안해요.	N	2022-07-14 13:15:53	2022-11-08 04:22:00
BE22008956	4	1	엄마도 어렸을 때는 그런 흉터 하나하나에 민감하게 반응해 봐서 우리 딸이 얼마나 불안한지 이해돼. 흉이 생기면 쉽게 없어지지도 않고 정말 걱정되겠어.	N	2022-07-14 13:15:53	2022-11-08 04:22:01
BE22008956	5	0	네, 근육통 느껴진다고 급하게 파스를 붙였나 싶기도 하고 스스로가 너무 원망스러워요. 물집을 터트리면 더 큰 흉이 생길 텐데 어쩌죠.	N	2022-07-14 13:15:53	2022-11-08 04:22:01
BE22008956	6	1	일단 물집은 최대한 가만히 놔두는 게 좋을 거야. 그리고 물집이 생긴다고 모두 흉이 나는 건 아니니까 너무 걱정할 필요 없단다.	N	2022-07-14 13:15:53	2022-11-08 04:22:01
BE22008956	7	0	정말요? 저는 무조건 흉이 생길 거라는 생각에 지금 계속 안절부절 못 하고 있거든요. 어떻게 해야 최대한 흉이 안 남을지 찾아보고 있었어요.	N	2022-07-14 13:15:53	2022-11-08 04:22:01
BE22008956	8	1	엄마도 어렸을 적에 운동도 많이 하고 그래서 물집이 생긴 경우가 많았거든. 근데 치료를 잘하니까 흉이 하나도 남지 않았어. 엄마 다리에 흉 하나도 없는 거 봤지?	N	2022-07-14 13:15:53	2022-11-08 04:22:01
BE22008956	9	0	아, 맞아요. 흉터가 하나도 없어서 저는 엄마께서 다친 적이 한번도 없는 줄로만 알았어요.	N	2022-07-14 13:15:53	2022-11-08 04:22:01
BE22008956	10	1	에이, 어떻게 다친 적이 없겠어. 다만 잘 관리해줘서 그럴 수 있었던 거지. 엄마가 약도 잘 챙겨 줄 테니까 그거 꼼꼼하게 바르면 될 거야.	N	2022-07-14 13:15:53	2022-11-08 04:22:01
BE22008956	11	0	하 정말 다행이에요. 안 그래도 요즘 반바지를 자주 입는데 흉이 크게 보일까 봐 더 걱정했거든요.	N	2022-07-14 13:15:53	2022-11-08 04:22:01
BE22008956	12	1	운동 시작한 지 얼마 안 되서 다친 거라 더 속상했겠어. 상처는 얼른 나을 테니까 걱정 말고! 앞으로도 재미있게 운동하렴!	N	2022-07-14 13:15:53	2022-11-08 04:22:01
BE22008956	13	0	네, 감사해요. 엄마 없었으면 아직도 흉터 남을까 봐 계속 걱정하고 있었을 거예요.	N	2022-07-14 13:15:53	2022-11-08 04:22:01
BE22008956	14	1	이런 고민이 생기면 언제든지 엄마한테 연락하고! 소중한 우리 딸 엄마가 잘 보살펴주고 있는 거 잊지 마렴!	N	2022-07-14 13:15:53	2022-11-08 04:22:01
BE22008956	15	0	항상 감사드려요. 그럼 오늘 운동도 마저 열심히 하고 갈게요!	Y	2022-07-14 13:15:53	2022-11-08 04:22:01
