id	utterance_id	utterance_type	utterance_text	terminate	regDate	updDate
BE22011384	1	0	엄마. 오늘 회사에서 프로젝트 발표 무사히 마쳤어. 근데 평가단 표정이 별로 좋지 않아. 잘 안 풀리는 느낌이야. 어떡하지?	N	2022-07-24 19:01:26	2022-11-08 04:37:32
BE22011384	2	1	우리 딸. 드디어 탈 없이 끝냈구나. 엄마가 옆에서 우리 딸 고생하는 걸 봐서 그런지 엄마가 다 아쉽네. 밥은 먹었니?	N	2022-07-24 19:01:26	2022-11-08 04:37:32
BE22011384	3	0	밥도 먹고 싶지 않아. 이번 프로젝트 나한테 너무 중요한 거 엄마도 알잖아. 그래서 잠도 줄이고 밥 먹는 시간도 줄여가면서 내 시간 다 쏟았는데 너무 허탈해.	N	2022-07-24 19:01:26	2022-11-08 04:37:32
BE22011384	4	1	속이 많이 상했구나. 그렇게 열과 성을 다해서 완성해 낸 결과물이 외면당하는 것 같다면 당연히 그런 마음이 들지. 엄마였어도 그랬을 거야.	N	2022-07-24 19:01:26	2022-11-08 04:37:32
BE22011384	5	0	맞아. 속상한 마음이야. 그래도 엄마가 나 열심히 한 거 옆에서 봐준 것 같아서 조금 위로가 되네. 엄마도 옆에서 열심히 나 응원해줬는데, 결과는 안 좋을 것 같아.	N	2022-07-24 19:01:26	2022-11-08 04:37:32
BE22011384	6	1	다음 프로젝트도 있잖니. 다음 프로젝트도 열심히 하려면 지금 마음가짐을 편히 먹어야지. 너무 낙담하지 않았으면 좋겠어.	N	2022-07-24 19:01:26	2022-11-08 04:37:32
BE22011384	7	0	이대로라면 다음 프로젝트도 망칠까 봐 걱정이야. 다 실패할 것 같아. 너무 불안해.	N	2022-07-24 19:01:26	2022-11-08 04:37:32
BE22011384	8	1	세상일이 어떻게 좋은 일만 펼쳐지겠어, 좋은 일도 있고 안 좋은 일도 있지. 지난번 프로젝트는 대성공이었던 건 다 잊었어? 넌 잘할 테니 너무 걱정하지 마.	N	2022-07-24 19:01:26	2022-11-08 04:37:32
BE22011384	9	0	저번 프로젝트가 너무 성공적이어서 이번 프로젝트 결과가 너무 충격적이었나 봐. 생각해보니 저번 프로젝트는 정말 잘했었구나.	N	2022-07-24 19:01:26	2022-11-08 04:37:32
BE22011384	10	1	다음번에는 잘될 거야. 걱정하지 않아도 돼. 마음 단단히 먹고 다음 프로젝트 준비하는 게 어떠니?	N	2022-07-24 19:01:26	2022-11-08 04:37:33
BE22011384	11	0	엄마 말처럼 잘할 때도 있고, 잘하지 못할 때도 있는데 내가 너무 일희일비했나 봐. 그리고 오늘 내 프로젝트가 평가단 마음에 들지 않았을지 몰라도 나는 무척 마음에 들었고 좋았어. 그래서 다음 프로젝트는 더 열심히 하고 싶어졌어.	N	2022-07-24 19:01:26	2022-11-08 04:37:33
BE22011384	12	1	그런 자세라면 엄마가 조금은 안심이 되는구나. 여태 잘 해왔는데 한 번 삐끗한다고 너의 모든 게 무너지지 않아. 그렇게 보일 수는 있겠지만 네 마음 먹기에 달린 일이야.	N	2022-07-24 19:01:26	2022-11-08 04:37:33
BE22011384	13	0	조금 부끄러워지네. 오늘 일을 너무 감정적으로만 대한 것 같아. 지나간 일 훌훌 털어버리고 다음 할 일에 더 집중해야겠어.	N	2022-07-24 19:01:26	2022-11-08 04:37:33
BE22011384	14	1	잘 생각했어. 이렇게 금방 기운 내주니 엄마도 기분이 좋다. 그리고 밥은 꼭 먹고 일하렴.	N	2022-07-24 19:01:26	2022-11-08 04:37:33
BE22011384	15	0	알겠어. 기운 차려서 일하려면 밥 먹어야지. 엄마도 식사 맛있게 하시고 좋은 하루 보내세요.	Y	2022-07-24 19:01:26	2022-11-08 04:37:33
