id	utterance_id	utterance_type	utterance_text	terminate	regDate	updDate
BE22016908	1	0	아버지, 너무 불안해서 진정이 안 돼요. 내일 회사에 어떻게 가야 할지 모르겠어요. 어쩌자고 이런 짓을 한 건지, 이게 현실이 아니면 좋겠어요.	N	2022-09-01 18:00:14	2022-11-08 05:12:10
BE22016908	2	1	회사에서 무슨 일이라도 생긴 거니? 혼자 마음 졸이지 말고 말해보렴.	N	2022-09-01 18:00:14	2022-11-08 05:12:10
BE22016908	3	0	지난 프로젝트에 제가 준비한 포트폴리오 기반으로 입찰에 나섰는데 그게 잘못되어 회사에 손해가 발생했어요. 예상치 못한 손해 규모라 어떻게 해결할 수 있을지 눈앞이 캄캄해요.	N	2022-09-01 18:00:14	2022-09-01 18:00:14
BE22016908	4	1	그런 일이 있었구나, 회사는 이 사실을 인지하고 있니? 지금 상황에서 네가 어떻게 해야 할지 모를 두려움에 빠진 것 같아 걱정되는구나. 당장은 안절부절못하겠지만 조금만 침착하게 생각해 보면 분명 나아질 수 있을 거란다, 너무 걱정하지 말렴.	N	2022-09-01 18:00:14	2022-11-08 05:12:10
BE22016908	5	0	아마 내일 회사에 가면 윗선에 불려갈 거예요. 추궁당할 텐데 절 자르면 어떡하죠? 차라리 먼저 사표를 내고 도망치고 싶어요.	N	2022-09-01 18:00:14	2022-11-08 05:12:10
BE22016908	6	1	감정이 극단에 몰려 두려움과 싸우고 있는 네 곁에, 내가 있질 못해 마음이 아프구나. 나도 예전에 예기치 못한 실수로 회사에 누를 끼친 적이 있기에, 네가 얼마나 불안할지 이해해. 잘 해보겠다는 마음으로 준비했을 텐데, 지금 네 마음이 얼마나 속상하겠니.	N	2022-09-01 18:00:14	2022-11-08 05:12:10
BE22016908	7	0	제 능력도 모르고 욕심으로 맡은 프로젝트였나 봐요. 자신 있게 한다고 한 일인데 이렇게 되어버려 정말 한심해요. 수습할 수 있는 범위를 넘어섰을까 봐, 어떻게 해야 할지 걱정되고 불안해서 잠도 오질 않아요.	N	2022-09-01 18:00:14	2022-09-01 18:00:14
BE22016908	8	1	회사가 그냥 너에게 맡겼을까, 네가 보여준 그동안의 실적을 높이 평가해 맡겼을 거란다. 상사가 앞에선 잘못을 지적하겠지만, 다들 그런 실수를 하면서 거기까지 왔기 때문에 크게 내치진 못할 거야. 밤잠도 설칠 정도로 네가 극도로 불안해하는 걸 보니 아버지 마음도 정말 편치 않구나.	N	2022-09-01 18:00:14	2022-11-08 05:12:10
BE22016908	9	0	그 믿음을 배신한 것 같아서 더 얼굴을 들 수가 없어요. 제 능력과 가능성을 믿고 큰일을 맡겨주신 걸 텐데, 성과는커녕 사고를 만들었어요. 이 회사에 제가 들어오는 게 아니었어요, 내일 아침이 오지 않았으면 좋겠어요. 정말 두려워요.	N	2022-09-01 18:00:14	2022-09-01 18:00:14
BE22016908	10	1	많이 불안하겠지만, 원하던 회사에 입사해서 기뻐했던 네 모습을 떠올려보면 어떨까? 그리고 그때 회사가 네 잠재력을 높게 여겨 뽑았던 것처럼, 너 또한 회사를 믿어보렴. 과정은 얼마든 수습할 수 있고 결과는 달라질 수 있으니, 평정심을 가져 보는 게 어떻겠니.	N	2022-09-01 18:00:14	2022-09-01 18:00:14
BE22016908	11	0	그러네요, 아버지 말에 뭐든지 할 수 있다고 했던 당찼던 제 면접 모습이 떠올랐어요. 실수 앞에 사람이 작아진다고, 제가 최악만 떠올리며 너무 뒤로만 숨으려 했던 것 같아요. 극단적인 불안함은 버리고 당당하게 인정하고 수습하는 게 저와 회사를 위해서도 좋을 것 같네요.	N	2022-09-01 18:00:14	2022-11-08 05:12:10
BE22016908	12	1	어릴 때부터 너는 거짓말을 못 해서 울면서도 잘못했다고 했었지. 그런 정직한 태도를 지금도 간직하고 있어 대견하게 느껴지는구나. 실수를 발견하면 누구나 불안해하겠지만, 어떤 태도로 수습하느냐가 더 중요하단다.	N	2022-09-01 18:00:14	2022-11-08 05:12:10
BE22016908	13	0	잘한 건 칭찬해주고 잘못은 깨달을 수 있도록 해주신 아버지 덕분이에요. 앞으로도 1백 프로 완벽한 일은 없을 텐데, 평생 약이 될 말을 해주셔서 감사해요. 앞으로도 회사 생활을 잘 해낼 수 있는 자산이 될 것 같아 힘이 나요.	N	2022-09-01 18:00:14	2022-11-08 05:12:10
BE22016908	14	1	처음 겪는 실수가 얼마나 네게 거대해 보이겠니, 하지만 누구라도 경험했을 일이란다. 네가 조금 더 굳건한 태도로, 진지하게 임한다면 내일도 잘 견뎌낼 수 있을 거라 생각해.	N	2022-09-01 18:00:14	2022-11-08 05:12:10
BE22016908	15	0	고마워요, 아버지. 용기 내서 회사에 나갈게요. 경위를 잘 설명하고 피드백 받으며 새로운 제 용기의 발판으로 만들어갈게요. 이번 기회로 저도 한층 더 성숙함을 배우고 성장해 나갈 수 있었으면 좋겠어요.	Y	2022-09-01 18:00:14	2022-11-08 05:12:10
