id	utterance_id	utterance_type	utterance_text	terminate	regDate	updDate
BE22016673	1	0	올레길에서 핸드폰은 잘 터지니? 뉴스 보고 갑자기 너무 걱정되어서 말이야.	N	2022-08-31 04:36:17	2022-11-08 05:10:45
BE22016673	2	1	엄마, 너무 걱정하지 마세요. 요새 통신망 좋아서 통화도 잘 되고, 문자도 잘 되니까 염려 마세요. 저도 뉴스 보고 살짝 두려움이 있었는데 여기는 오히려 경비가 삼엄해져서 좋네요.	N	2022-08-31 04:36:17	2022-11-08 05:10:45
BE22016673	3	0	그래도 살인 사건이 일어났다고 하니까, 무조건 조심해야 하는 거 알지?	N	2022-08-31 04:36:17	2022-08-31 04:36:17
BE22016673	4	1	안 그래도 엄마가 그걸로 걱정하실 것 같아서 먼저 연락드리려고 했는데, 너무 걱정하지 마세요. 엄마 걱정 시키지 않게 얼른 걷고 갈 테니까, 아들 걱정은 고이 접어 넣어두셔도 됩니다! 엄마가 많이 걱정하면 저는 엄마가 너무 안쓰러워서 죄송해져요.	N	2022-08-31 04:36:17	2022-11-08 05:10:45
BE22016673	5	0	혼자 다니면 사고 날까 봐 그러지. 혼자 다녀도 안전한 길이지? 다른 여행객들도 많이 만나고 그러니?	N	2022-08-31 04:36:17	2022-11-08 05:10:45
BE22016673	6	1	그럼요, 같이 걸으며 마주치는 사람들도 많으니 너무 걱정하지 않으셔도 돼요. 언제나 제 걱정을 해주시는 엄마의 따듯한 마음에 저는 항상 바다와 같이 너른 사랑을 느끼네요. 우리 엄마 걱정 안 시킬 수 있게 안전하게 다닐게요.	N	2022-08-31 04:36:17	2022-11-08 05:10:45
BE22016673	7	0	그래, 네가 알아서 잘하겠거니, 하다가도 뉴스만 보면 걱정되어서 그랬는데 한시름 놨어.	N	2022-08-31 04:36:17	2022-11-08 05:10:45
BE22016673	8	1	심각한 사건이 생긴 터라 엄마가 제 걱정되는 거 충분히 이해해요. 제가 먼저 연락도 많이 하고 사진도 많이 보내드릴 테니 너무 신경 쓰지 마세요. 그리고 여기 너무 멋진 곳이 많아서 언젠가 부모님 꼭 모시고 와야겠다는 생각이 들어요.	N	2022-08-31 04:36:17	2022-11-08 05:10:45
BE22016673	9	0	내가 여간 불안했던 게 아닌데, 그래도 네 말을 들어보니 안심이 되는구나. 네 당찬 모습이 눈에 보이는 것 같구나.	N	2022-08-31 04:36:17	2022-11-08 05:10:45
BE22016673	10	1	걱정되는 생각 들 때마다 망설이지 마시고, 저한테 연락하면 괜찮아질 거예요. 그리고 목적지 도착할 때마다 제가 문자 드리면 되니까 염려하지 마세요. 제가 아마 엄마 입장이어도 많이 걱정되긴 했겠지만, 이젠 걱정보다 응원을 부탁드릴게요.	N	2022-08-31 04:36:17	2022-11-08 05:10:45
BE22016673	11	0	알겠어, 아들. 일부러 귀한 시간 내어 제주 여행 간 건데 많이 경험하고 놀다가 와. 엄마가 응원할게.	N	2022-08-31 04:36:17	2022-08-31 04:36:17
BE22016673	12	1	엄마의 응원을 듬뿍 받고 나니 기운이 나네요. 제가 엄마 신경 안 쓰이게 더욱 안전에 신경 쓸게요. 엄마는 아들만 믿고 편하게 마음먹고 계세요.	N	2022-08-31 04:36:17	2022-11-08 05:10:45
BE22016673	13	0	그래, 괜히 걱정했나 싶을 만큼 우리 아들이 너무 의젓하구나. 정말 많이 성장한 아들이 든든하게 느껴지네.	N	2022-08-31 04:36:17	2022-11-08 05:10:45
BE22016673	14	1	엄마에게 오래된 느티나무처럼 바람 불어도 끄덕 않는 아들이 될 거예요. 엄마는 저만 의지하고 이제 걱정하지 않으셔도 돼요. 제가 이번 여행으로 한 뼘 더 성장해서 돌아가도록 할게요.	Y	2022-08-31 04:36:17	2022-11-08 05:10:45
