id	utterance_id	utterance_type	utterance_text	terminate	regDate	updDate
BE22001857	1	0	엄마는 애 셋을 어떻게 키웠어? 나는 하나 키우기도 어렵다.	N	2022-06-17 04:10:45	2022-11-08 03:36:26
BE22001857	2	1	왜 무슨 문제 있어?	N	2022-06-17 04:10:45	2022-11-08 03:36:26
BE22001857	3	0	애가 밥을 너무 느리게 먹어서 걱정이야.	N	2022-06-17 04:10:45	2022-11-08 03:36:26
BE22001857	4	1	엄마도 그 마음 잘 알지. 공부 이런 것보다 밥 먹는 문제가 제일 걱정스럽잖아. 우리 딸 답답하고 속 타겠다.	N	2022-06-17 04:10:45	2022-11-08 03:36:26
BE22001857	5	0	밥 다 먹이려면 거의 한 시간이 걸려. 왜 그러는지 이유를 모르겠어.	N	2022-06-17 04:10:45	2022-11-08 03:36:26
BE22001857	6	1	아이고... 한 시간은 문제가 있는 것 같네. 아예 안 먹는 건 아니지?	N	2022-06-17 04:10:45	2022-11-08 03:36:26
BE22001857	7	0	먹긴 하는 데 깨작깨작거리면서 먹어. 저러다가 건강에 문제 생길까 봐 불안해.	N	2022-06-17 04:10:45	2022-11-08 03:36:26
BE22001857	8	1	한참 클 때인데 안 먹으면 초조하지.	N	2022-06-17 04:10:45	2022-11-08 03:36:26
BE22001857	9	0	이럴 때는 어떻게 해야 해?	N	2022-06-17 04:10:45	2022-11-08 03:36:26
BE22001857	10	1	음... 체질상 식욕이 별로 없는 애들이 있으니까 배고파서 먼저 밥 달라고 할 때까지 기다렸다가 줘보는 게 어때?	N	2022-06-17 04:10:45	2022-11-08 03:36:26
BE22001857	11	0	생각해 보니 항상 내가 밥 먹으라고 안달복달했던 것 같아. 내가 문제였나 봐.	N	2022-06-17 04:10:45	2022-11-08 03:36:26
BE22001857	12	1	엄마 입장에선 걱정되니까 당연히 그렇게 할 수 있지. 지금도 충분히 잘하고 있으니까 네 문제라고 생각하지 마.	N	2022-06-17 04:10:45	2022-11-08 03:36:26
BE22001857	13	0	엄마가 있어서 정말 다행이야. 당장 오늘부터 엄마가 말해준 방법을 써봐야겠다.	N	2022-06-17 04:10:45	2022-11-08 03:36:26
BE22001857	14	1	그래. 아예 안 먹는 건 아니니까 건강에는 이상 없을 거야. 너무 조급해하지 마.	N	2022-06-17 04:10:45	2022-11-08 03:36:26
BE22001857	15	0	알겠어. 고마워 엄마.	Y	2022-06-17 04:10:45	2022-11-08 03:36:26
