id	utterance_id	utterance_type	utterance_text	terminate	regDate	updDate
BE22001523	1	0	외출 후 들어왔는데 내 책상 위에 커다란 바퀴벌레가 있어요. 보고 바로 뛰쳐나왔는데, 어디 계세요?	N	2022-06-16 02:01:52	2022-11-08 03:34:14
BE22001523	2	1	우리 손녀 깜짝 놀랐겠구나, 내가 친구들 모임에 와 있는데 되도록 빨리 갈게.	N	2022-06-16 02:01:52	2022-11-08 03:34:14
BE22001523	3	0	빨리 들어 오시면 안 돼요? 이거 잡아야 할 텐데.	N	2022-06-16 02:01:52	2022-11-08 03:34:14
BE22001523	4	1	많이 불안하구나. 애들한테 안 좋을까 봐 그 방에 방충 기구 설치를 안 했더니 이런 일이 생기네. 내 불찰이다.	N	2022-06-16 02:01:52	2022-11-08 03:34:14
BE22001523	5	0	바퀴벌레가 한번 나오면 징그럽게 계속 나올 수도 있는데 어쩌죠?	N	2022-06-16 02:01:52	2022-11-08 03:34:14
BE22001523	6	1	우리 용감한 손녀가 유독 벌레 싫어하고 겁내는 거 알지. 내가 있었으면 바로 잡아주었을 텐데. 약국에서 방충 약이나 기구 사 갈게.	N	2022-06-16 02:01:52	2022-11-08 03:34:14
BE22001523	7	0	숙제도 해야 하는 데 바퀴벌레 튀어나올까 봐 두려워서 제 방에서 할 수가 없어요.	N	2022-06-16 02:01:52	2022-11-08 03:34:14
BE22001523	8	1	무서워서 방에 못 들어가고 있겠구나. 할아버지 서재는 바퀴벌레 방지하는 기구 설치되어 있으니까 거기로 가서 숙제해. 안전할 거야.	N	2022-06-16 02:01:52	2022-11-08 03:34:14
BE22001523	9	0	할머니, 벌레 하나도 안 나오게 하는 방법 검색해 보니까 방역이 최고라네요. 아빠한테 방역 회사에 전화하라고 할까요?	N	2022-06-16 02:01:52	2022-11-08 03:34:14
BE22001523	10	1	혹시나 하면서 떨고 있는 것보다 그게 마음 편하겠다. 가장 안락해야 하는 집이 불안하면 안 되지.	N	2022-06-16 02:01:52	2022-11-08 03:34:14
BE22001523	11	0	비용이 많이 들 텐데 그렇게 결정해 주셔서 감사해요. 방역한다고 생각하니 한결 마음이 놓여요.	N	2022-06-16 02:01:52	2022-11-08 03:34:15
BE22001523	12	1	우리 손녀가 안심된다는 데 그 돈이 뭐 대수라고. 너는 약 설치하고, 방역 다 끝낼 동안은 네 방 대신 할아버지 서재를 쓰는 게 좋겠다. 그 방은 안전하니까 네 마음도 좀 편해질 거야.	N	2022-06-16 02:01:52	2022-11-08 03:34:15
BE22001523	13	0	저는 좋지만, 할아버지가 불편하실 텐데요.	N	2022-06-16 02:01:52	2022-11-08 03:34:15
BE22001523	14	1	손녀가 최고인 사람인데 할아버지도 당연히 그러라고 하실 거야.	N	2022-06-16 02:01:52	2022-11-08 03:34:15
BE22001523	15	0	늘 배려해주시고 사랑해 주시는 두 분이 있어서 항상 감사하고 안심이 돼요.	Y	2022-06-16 02:01:52	2022-11-08 03:34:15
