id	utterance_id	utterance_type	utterance_text	terminate	regDate	updDate
BE22015859	1	0	이제 학원 끝나고 집에 가는 중이에요. 늦을 것 같으니까 저녁 먼저 드세요.	N	2022-08-26 06:22:24	2022-08-26 06:22:24
BE22015859	2	1	취업 준비하느라 고생이 많네. 주말도 없이 매일 학원 다니느라 힘들지?	N	2022-08-26 06:22:24	2022-11-08 05:05:42
BE22015859	3	0	몸이 힘든 것보다 이렇게 해도 취업이 안 될까 봐 불안한 마음이 커요. 학원에 다닐수록 더 마음이 초조하고 불안한 것 같아요.	N	2022-08-26 06:22:24	2022-11-08 05:05:42
BE22015859	4	1	같은 취업 준비생들과 온종일 경쟁하려니 얼마나 힘들겠어. 요즘 취업난이 너무 심각해서 네가 받지 않아도 되는 스트레스까지 받은 것 같아. 엄마도 너무 속이 상하네.	N	2022-08-26 06:22:24	2022-11-08 05:05:42
BE22015859	5	0	그러니까요. 정말 대학입시를 준비할 때보다 취업 준비를 더 열심히 하고 있다니까요. 가끔은 정말 회의감이 들 정도예요.	N	2022-08-26 06:22:24	2022-11-08 05:05:42
BE22015859	6	1	학생 때는 대학입시에 매달려 살아서 그것만 끝나면 다 될 줄 알았을 텐데 얼마나 허무하겠어. 대학입시나, 취업 같은 경쟁 상황에 놓여있을 때는 힘들고 지칠 수밖에 없는 것 같아. 그렇다고 피할 수도 없으니까 얼마나 답답할지 걱정스러워.	N	2022-08-26 06:22:24	2022-11-08 05:05:42
BE22015859	7	0	맞아요. 친구들과 장난식으로 고등학생 때 이렇게 공부했으면 더 좋은 대학 갔겠다 하거든요. 차라리 그때 공부를 이만큼 더 열심히 했으면 정말 취업이 더 쉬웠을까 싶어요. 지금은 하루하루가 마음이 너무 불안하거든요.	N	2022-08-26 06:22:24	2022-11-08 05:05:42
BE22015859	8	1	그렇게 생각할 필요 전혀 없어. 지금 돌아봤을 때는 아쉬울지 몰라도 그때의 너는 충분히 최선을 다했을 거야. 무슨 일이든 아쉬움이 남기 마련인 것뿐이지, 네가 부족했던 건 아니야.	N	2022-08-26 06:22:24	2022-11-08 05:05:42
BE22015859	9	0	그래도 더 좋은 대학 친구들이 더 쉽게 취업하는 것 같긴 하더라고요. 당장 제가 취업으로 어려움을 겪고 있어서 괜히 그게 후회되나 봐요.	N	2022-08-26 06:22:24	2022-08-26 06:22:24
BE22015859	10	1	충분히 이해해. 네 마음에 여유가 없는 시기이니까 긍정적인 생각보다 부정적인 생각이 더 많이 드는 거 충분히 이해해. 무엇보다 지금 다른 걸 탓할 수 없으니까 자신을 돌아보고, 탓하는 것 같아서 엄마도 마음이 아프네. 피할 수 없으면 즐기라는 말이 와닿지 않을 만큼 힘든 시기이겠지만 그래도 조금은 긍정적으로 생각해 보면 어떨까?	N	2022-08-26 06:22:24	2022-11-08 05:05:42
BE22015859	11	0	엄마 말대로 정말 그런 것 같아요. 원망할 데가 없으니까 괜히 과거의 저를 탓하면서 자신을 괴롭힌 것 같아요. 취업도 정신력 싸움이라서 엄마 말대로 긍정적인 마음도 중요한 건데 제가 잊고 있었어요.	N	2022-08-26 06:22:24	2022-11-08 05:05:42
BE22015859	12	1	지금이라도 깨달아서 그게 어디야. 대학입시를 준비할 때도 이렇게 좌절했다가도 금방 이겨내고 준비했던 것보다도 더 잘하곤 했잖아? 과거의 너를 탓하지 말고, 과거의 너를 믿어보면 어떨까?	N	2022-08-26 06:22:24	2022-11-08 05:05:42
BE22015859	13	0	그랬었던 것 같아요. 엄마 말대로 긍정적인 마음을 가질 때가 훨씬 힘이 났던 것 같은데 제가 지쳐있었나 봐요. 다시 긍정적인 제 모습을 찾아서 행복한 미래를 그리며 취업을 준비해야겠어요.	N	2022-08-26 06:22:24	2022-11-08 05:05:42
BE22015859	14	1	잘 생각했어. 역시 내 아들 너무 멋있다니까! 한다면 하는 우리 아들인데 취업도 곧잘 해낼 거라고 믿어! 엄마도 언제나 우리 아들 응원할 테니까 힘들 땐 얼마든지 엄마한테 기대렴.	N	2022-08-26 06:22:24	2022-11-08 05:05:42
BE22015859	15	0	고마워요, 엄마. 정말 든든하고 힘이 돼요. 취업 준비도 열심히 준비해서 잘 해낼게요!	Y	2022-08-26 06:22:24	2022-11-08 05:05:42
