id	utterance_id	utterance_type	utterance_text	terminate	regDate	updDate
BE22018586	1	0	엄마. 매일 수학 시간이 오는 게 사실 두려워요. 선생님께서 저만 보면 무조건 문제를 먼저 풀게 시키니까 눈에 띄지 않으려고 노력하는데도 잘 안 돼요. 마음이 너무 불안해요.	N	2022-09-16 22:11:36	2022-11-08 05:22:18
BE22018586	2	1	네가 요즘 밥도 잘 못 먹고 초조해 보이는 날이 있었는데 그런 이유가 있었구나. 뭐든 곧잘 참여하는 너인데 그런 불안함이 생기다니 네가 웬일이니.	N	2022-09-16 22:11:36	2022-11-08 05:22:18
BE22018586	3	0	처음엔 자신감 있게 했는데 부르는 횟수가 많아지니까 나서서 뭔가를 하는 게 마음이 편하지 않아요. 저에게 많은 기대감을 가지는 선생님도 부담스럽고 잘해야 한다는 압박감이 들어요. 그래서 어떨 땐 머릿속이 새하얘져요.	N	2022-09-16 22:11:36	2022-09-16 22:11:36
BE22018586	4	1	우리 아들이 잘하고 싶다는 생각에 너무 집중하다 보니 잘하는 걸 잊어버리고 말았구나. 평소에 너라면 아무렇지 않게 다 풀고 앉았을 텐데 말이야. 그런 어려움이 있는지 엄마가 몰라줘서 미안한 마음이 드는구나.	N	2022-09-16 22:11:36	2022-11-08 05:22:18
BE22018586	5	0	맞아요. 잘하고 싶다는 그 생각이 저를 아무것도 못하게 만들어요. 이젠 수학 시간이 시작되는 게 며칠 전부터 생각이 나고 자꾸만 불안해져요. 저도 모르게 계속 수학 시간만 생각하고 있어요.	N	2022-09-16 22:11:36	2022-11-08 05:22:18
BE22018586	6	1	엄마도 어릴 땐 모두가 보는 앞에 나서는 걸 무척 불안해했어. 잘 해내지 못하면 어떡하지 하는 안 좋은 생각이 들어서 학교생활도 제대로 하지 못했었어. 네가 어떻게 느낄지 엄마에게도 고스란히 전달되는 것 같아 마음이 정말 아프구나.	N	2022-09-16 22:11:36	2022-11-08 05:22:18
BE22018586	7	0	제일 잘하고 싶었던 수학 시간이 저를 이렇게 만들 줄 몰랐어요. 푼 문제를 틀리게 되는 날이면 저를 보는 친구들의 눈빛이 달라서 제 자존심이 상해요. 이런 기분을 다신 겪고 싶지 않아요.	N	2022-09-16 22:11:36	2022-11-08 05:22:18
BE22018586	8	1	실수를 반복하게 될까 봐 안 좋은 상상을 하면서 불안에 떨고 있는 네 맘 알아. 하지만 누구나 실수를 하면서 살아가는 거고, 그런 경험이 있기에 자신감 있는 너도 있는 거잖아.	N	2022-09-16 22:11:36	2022-11-08 05:22:18
BE22018586	9	0	그렇지만 계속 나서서 푸는 문제는 연속으로 틀렸는걸요. 저는 눈에 띄지 않으려고 고개도 숙여보고 선생님 눈을 피해도 봤지만 어김없이 저를 부르신단 말이에요. 더 이상 틀리고 나면 자신감도 다 사라질 것 같아요.	N	2022-09-16 22:11:36	2022-09-16 22:11:36
BE22018586	10	1	자신감이란 그렇게 한 번에 사라지는 게 아니란다. 지금도 네 맘속에는 멋지게 수학 문제를 풀길 바라는 자신감이 널 응원하고 있을 거야. 네가 늘 잘해왔던 것처럼 말이야.	N	2022-09-16 22:11:36	2022-11-08 05:22:19
BE22018586	11	0	그럴까요. 제가 숨고 싶다는 마음을 선생님도 아실까요. 선생님께 더 이상 실망감을 안겨 드리고 싶지 않아서 그래요.	N	2022-09-16 22:11:36	2022-11-08 05:22:19
BE22018586	12	1	네가 수업을 열심히 잘 듣는 학생이라는 걸 선생님도 알기 때문이 아닐까 싶어. 문제를 푸는 것과 상관없이 선생님은 네게 애정을 담아 주고 싶은 마음이실 거야. 엄마가 널 단번에 찾는 것처럼 애정을 듬뿍 담은 사람은 아무래도 눈에 보이기 마련이잖아.	N	2022-09-16 22:11:36	2022-11-08 05:22:19
BE22018586	13	0	그렇게 말씀해 주시니 선생님 마음을 알 것도 같아요. 못하는 스스로만 생각했지, 엄마도 그렇고 저를 응원해 주는 사람이 많다는 걸 잊고 있었어요.	N	2022-09-16 22:11:36	2022-11-08 05:22:19
BE22018586	14	1	그래. 무엇보다 가장 큰 네 편은 너라는 사실도 잊지 말렴. 엄마도 네가 이제껏 잘해왔던 모든 순간을 기억하고 있을 테니 잠깐의 실수에 움츠러들기보다 당당해지렴. 항상 응원하고 있을게.	N	2022-09-16 22:11:36	2022-11-08 05:22:19
BE22018586	15	0	감사해요, 엄마. 저 잘 다녀올게요.	Y	2022-09-16 22:11:36	2022-11-08 05:22:19
