id	utterance_id	utterance_type	utterance_text	terminate	regDate	updDate
BE22010432	1	0	요즘은 제가 뭘 해야 할지도 모르겠고, 지금 뭘 하고 있는지도 정말 잘 모르겠어요. 매일매일이 불안한 순간의 연속이에요.	N	2022-07-20 05:19:05	2022-11-08 04:31:33
BE22010432	2	1	아이고, 우리 아들이 왜 그런 생각을 할까? 무슨 일 있는 거니?	N	2022-07-20 05:19:05	2022-11-08 04:31:33
BE22010432	3	0	그동안 정말 열심히 준비했던 이직 결과가 좋지 않아서요. 지금 회사에서 배우고 있는 게 저랑 잘 안 맞는다는 생각에 진짜 열심히 준비했는데... 결국에는 여기에 더 있게 됐어요, 이제 저는 뭘 해야 할까요?	N	2022-07-20 05:19:05	2022-11-08 04:31:33
BE22010432	4	1	지금까지의 과정을 봐서 그런지 너의 노력이 물거품이 돼서 많이 속상할 것 같네. 앞으로는 어떻게 살아야 할지 불안함도 느껴지고.	N	2022-07-20 05:19:05	2022-11-08 04:31:33
BE22010432	5	0	네, 그리고 노력을 한다고 해도 될 거라는 보장이 없다는 생각이 더 스스로를 갉아먹는 것 같아요. 결과가 보장되어있지 않다는 게 이렇게 힘든 일인지 몰랐어요.	N	2022-07-20 05:19:05	2022-11-08 04:31:33
BE22010432	6	1	사실 이직이라는 결정도 쉬운 결정이 아니었고, 되기 힘든 거라는 걸 알고 있었지만 그래도 열심히 준비했지. 그래서 지금 더 힘들고 불안할 것 같네. 네 마음 정말 이해돼.	N	2022-07-20 05:19:05	2022-11-08 04:31:33
BE22010432	7	0	저는 앞으로 무슨 일을 해야 할까요? 이 불안함을 어떻게 해소해야 할지 정말 잘 모르겠어요.	N	2022-07-20 05:19:05	2022-11-08 04:31:33
BE22010432	8	1	사실 엄마는 항상 사람에게 때가 온다고 믿어. 아직 우리 아들에게는 그때가 안 온 거지. 불안한 마음 알지만, 일단 지금은 일을 다시 열심히 해보면서 고민을 해보는 게 좋을 것 같아.	N	2022-07-20 05:19:05	2022-11-08 04:31:33
BE22010432	9	0	맞아요 사실 그것밖에 방법이 없죠. 근데 제가 한다고 될 수 있을까요? 요즘 마음이 좋지가 않네요.	N	2022-07-20 05:19:05	2022-11-08 04:31:33
BE22010432	10	1	당연하지! 이제 다시 일을 열심히 하다 보면 너의 삶에 익숙해질 거야. 그때 다시 한번 이직 준비를 해보면, 이전보다 어떤 점을 개선하면 좋을지가 보일걸?	N	2022-07-20 05:19:05	2022-11-08 04:31:33
BE22010432	11	0	아 하긴 지금 제 생각에 저의 준비는 완벽했는데. 그때 다시 보면 고쳐야 할 부분이 보일 수도 있을 것 같네요.	N	2022-07-20 05:19:05	2022-11-08 04:31:33
BE22010432	12	1	그렇지, 그리고 차근차근 다시 준비하면서 이 전보다 조금 더 좋은 회사에 지원해보면 좋을 것 같네! 아마 너는 더 좋은 회사를 가라는 운명을 가지고 있나봐!	N	2022-07-20 05:19:05	2022-11-08 04:31:33
BE22010432	13	0	그래야겠어요. 요즘 마음 잡는 게 힘들어서 제가 무슨 생각을 하고 뭘 하고 있는지도 모르는 상태였어요. 근데 이제는 다시 힘을 내서 열심히 살아봐야겠어요! 마음 잡을 수 있도록 도와줘서 감사해요.	N	2022-07-20 05:19:05	2022-11-08 04:31:33
BE22010432	14	1	도움이나 조언이 필요하면 언제든지 말하렴. 도와줄 수 있는거라면 열심히 도와줄게!	N	2022-07-20 05:19:05	2022-11-08 04:31:33
BE22010432	15	0	항상 감사드려요 엄마. 열심히 할게요!	Y	2022-07-20 05:19:05	2022-11-08 04:31:33
