id	utterance_id	utterance_type	utterance_text	terminate	regDate	updDate
BE22003834	1	0	아빠, 오늘은 아빠랑 같이 자면 안 돼요? 잠에 들기가 무서워요.	N	2022-06-26 09:23:30	2022-11-08 03:49:06
BE22003834	2	1	우리 딸, 왜 잠에 들기가 무서운 걸까? 나쁜 꿈이라도 꾸는 거니?	N	2022-06-26 09:23:30	2022-11-08 03:49:06
BE22003834	3	0	네. 요즘 잠에만 들면 거대한 괴물이 저를 쫓아오는 꿈을 꿔요. 오늘 밤에도 그 괴물이 꿈에 나올 것 같아요.	N	2022-06-26 09:23:30	2022-11-08 03:49:06
BE22003834	4	1	저런, 많이 무서웠겠구나. 아빠도 어릴 때 종종 거대한 거미가 나를 위협하는 악몽을 꾸곤 했단다. 꿈에서 깨어나면 식은땀까지 흘리고 있을 정도였거든.	N	2022-06-26 09:23:30	2022-11-08 03:49:06
BE22003834	5	0	저도 그래요. 꿈속에서는 늘 벌벌 떨면서 괴물로부터 달아나야 해요. 그 괴물이 너무나도 거대해서, 저는 아무것도 할 수가 없거든요.	N	2022-06-26 09:23:30	2022-11-08 03:49:06
BE22003834	6	1	저런. 우리 딸이 왜 그런 꿈을 꾸게 되었을까? 혹시 짚이는 데라도 있니?	N	2022-06-26 09:23:30	2022-11-08 03:49:06
BE22003834	7	0	사실은 얼마 전에 친구들이랑 괴물이 나오는 영화를 봤거든요. 똑같은 괴물이 꿈속에 나오는 거예요.	N	2022-06-26 09:23:30	2022-11-08 03:49:06
BE22003834	8	1	영화에서 본 괴물이 무척 인상에 깊게 남았나보구나. 그 영화의 주인공은 어떻게 대처하는지 궁금한걸. 괴물을 물리치는 데 성공했니?	N	2022-06-26 09:23:30	2022-11-08 03:49:06
BE22003834	9	0	물론이죠. 주인공은 칼을 휘둘러서 괴물을 제압했어요. 하지만 그 괴물의 무서운 얼굴이 무엇보다도 제 기억에서 잊히질 않아요.	N	2022-06-26 09:23:30	2022-11-08 03:49:06
BE22003834	10	1	그렇구나. 그렇다면 혹시, 꿈속에서 네가 괴물을 물리친다고 상상해 보는 것은 어떠니? 영화 속 주인공처럼 말이야.	N	2022-06-26 09:23:30	2022-11-08 03:49:06
BE22003834	11	0	아빠도 참, 저는 영화의 주인공처럼 강하고 대단한 영웅이 아닌 걸요. 저는 꿈속에서 아무것도 못하고 웅크려 있단 말이에요.	N	2022-06-26 09:23:30	2022-11-08 03:49:06
BE22003834	12	1	무슨 소리를. 너는 누구보다 용감하고 강한 사람이란다. 괴물 따위는 우습게 이길 수 있는, 아빠에겐 영화 속 주인공보다 멋지고 자랑스러운 딸이야. 무엇도 너를 두렵게 하지 못한단다.	N	2022-06-26 09:23:30	2022-11-08 03:49:06
BE22003834	13	0	정말이요? 제가 꿈속의 거대한 괴물을 혼자 물리칠 수 있을까요?	N	2022-06-26 09:23:30	2022-11-08 03:49:06
BE22003834	14	1	물론이지. 괴물과 맞서 싸워 이기는 네 모습을 상상하면서 잠들어 보렴. 네가 얼마나 용감한 어린이인지 알면, 괴물도 놀라 오히려 도망가버릴걸?	N	2022-06-26 09:23:30	2022-11-08 03:49:06
BE22003834	15	0	아빠가 그렇게 말해주시니까 왠지 괴물도 덜 무서워졌어요. 알겠어요, 꿈에 괴물이 나타나더라도 제가 멋지게 물리칠 거예요!	Y	2022-06-26 09:23:30	2022-11-08 03:49:06
