id	utterance_id	utterance_type	utterance_text	terminate	regDate	updDate
BE22003357	1	0	엄마, 저 요즘 새로운 관심사가 생겼어요.	N	2022-06-24 09:53:29	2022-11-08 03:46:03
BE22003357	2	1	어떤 관심사일지 정말 궁금하구나.	N	2022-06-24 09:53:29	2022-11-08 03:46:03
BE22003357	3	0	좋아하는 연예인이 생겼어요. 그런데 걱정이 있어요.	N	2022-06-24 09:53:29	2022-11-08 03:46:03
BE22003357	4	1	어머 그렇구나. 그런데 어떤 걱정인지 궁금하네.	N	2022-06-24 09:53:29	2022-11-08 03:46:03
BE22003357	5	0	하루 종일 연예인 생각하고 핸드폰으로 영상을 찾아보느라 공부에 집중이 안 돼요. 이러다가 성적이 떨어질까 봐 걱정이에요.	N	2022-06-24 09:53:29	2022-11-08 03:46:03
BE22003357	6	1	저런, 큰일이구나. 이야기를 듣는 엄마도 이렇게 걱정이 되는데, 너는 얼마나 걱정스러울지 상상이 안 돼. 공부에 집중하기 많이 어렵니?	N	2022-06-24 09:53:29	2022-11-08 03:46:03
BE22003357	7	0	네, 하루에 최소 6시간은 동영상을 보게 되는 것 같아요. 그러다보니 당연히 공부시간이 줄어서 걱정이에요. 핸드폰에 중독될 것 같아서 불안한 마음도 있어요.	N	2022-06-24 09:53:29	2022-11-08 03:46:03
BE22003357	8	1	네가 이렇게 걱정하는 모습을 보니, 엄마도 많이 걱정되고 마음이 아파. 핸드폰 사용을 줄이는 게 가장 중요할 것 같구나. 공부 중에는 엄마에게 핸드폰을 맡기는 건 어때?	N	2022-06-24 09:53:29	2022-11-08 03:46:03
BE22003357	9	0	저도 그 생각했어요. 그런데 공부하면서 인터넷 검색처럼 핸드폰을 쓸 일이 있어서 걱정이에요.	N	2022-06-24 09:53:29	2022-11-08 03:46:03
BE22003357	10	1	그렇구나. 혼자 고민하고 걱정하느라 힘들었겠다. 그럼 엄마한테 핸드폰을 맡기고 인터넷을 검색할 때만 받아 가는 건 어때? 공부가 끝나고 다시 돌려주면, 그때부터는 마음껏 연예인 영상을 봐도 된단다.	N	2022-06-24 09:53:29	2022-11-08 03:46:03
BE22003357	11	0	좋은 생각이에요. 그렇게 하면 공부에도 집중할 수 있고 핸드폰에 중독될 걱정이 없을 것 같아요. 끝나고 마음껏 영상을 볼 수 있는 것도 마음에 들어요!	N	2022-06-24 09:53:29	2022-11-08 03:46:03
BE22003357	12	1	정말 다행이구나. 공부에 집중하려고 고민하고 노력하는 모습이 정말 멋지고 대견해. 너는 똑똑하고 항상 열심히 하는 아이니까 공부와 취미 둘 다 잘할 거야. 엄마가 항상 응원할게.	N	2022-06-24 09:53:29	2022-11-08 03:46:03
BE22003357	13	0	엄마가 응원해주시니까 더 힘이 나요. 엄마한테 고민을 이야기하길 정말 잘한 것 같아요!	N	2022-06-24 09:53:29	2022-11-08 03:46:03
BE22003357	14	1	그렇게 말해주니 고맙구나. 앞으로도 고민이 있을 땐 언제든 얘기하렴.	Y	2022-06-24 09:53:29	2022-11-08 03:46:03
