id	utterance_id	utterance_type	utterance_text	terminate	regDate	updDate
BE22018043	1	0	아버지, 어젯밤 끔찍한 악몽을 꿨어요. 아직도 불안해서 몸의 떨림이 가라앉질 않네요.	N	2022-09-13 15:36:28	2022-09-13 15:36:28
BE22018043	2	1	괜찮니? 무슨 꿈인데 그런데?	N	2022-09-13 15:36:28	2022-09-13 15:36:28
BE22018043	3	0	군대에 재입대하는 꿈이요. 제대한 지 벌써 한 달이 지났는데도 너무나 생생한 나머지 지금도 현실이 맞는지 불안할 정도예요.	N	2022-09-13 15:36:28	2022-09-13 15:36:28
BE22018043	4	1	재입대라고? 그 고생을 다시 겪는다는 생각에 정말 두려웠겠구나. 누구나 그런 꿈을 꾼다면 밤을 설칠 수밖에 없을 거야.	N	2022-09-13 15:36:28	2022-11-08 05:19:02
BE22018043	5	0	이런 꿈을 꾸다니, 저도 모르는 사이에 군대에 대한 트라우마가 생긴 걸까요? 상담을 한 번 받아야 할지 불안하네요.	N	2022-09-13 15:36:28	2022-09-13 15:36:28
BE22018043	6	1	너무 걱정하지 말렴. 누구나 제대 후엔 한 번쯤은 군대 꿈을 꾼단다. 아무래도 인생에 다시 없을 경험이다 보니 종종 생각나는 건 자연스러운 일이야.	N	2022-09-13 15:36:28	2022-11-08 05:19:02
BE22018043	7	0	그렇다면 다행이지만 사실 재입대 악몽을 꾼 게 이번이 처음이 아니에요. 벌써 세 번째 같은 꿈을 꾸고 있어요. 제가 정상이 아닌 건지 불안해요, 아버지.	N	2022-09-13 15:36:28	2022-09-13 15:36:28
BE22018043	8	1	우리 아들은 당연히 정상이지! 여전부터 넌 남들보다 섬세하고 감수성이 예민할 뿐만이 아니라 기억력이 매우 뛰어났잖니. 남들보다 더 자주 꿈을 본다고 해서 하등의 문제가 없단다.	N	2022-09-13 15:36:28	2022-11-08 05:19:02
BE22018043	9	0	그렇게 말해줘서 고마워요, 아버지. 하지만 사실 제가 다른 사람들보다 마음이 약해서 그런 거 아닐까요?	N	2022-09-13 15:36:28	2022-09-13 15:36:28
BE22018043	10	1	설령 네 약함을 발견했다 하더라도 두려워할 것 없단다. 그 누구도 항상 강할 순 없는 법일걸.	N	2022-09-13 15:36:28	2022-11-08 05:19:03
BE22018043	11	0	그렇지만 다들 저처럼 항상 불안에 떠는 건 아니잖아요.	N	2022-09-13 15:36:28	2022-09-13 15:36:28
BE22018043	12	1	사실은 우리 모두 약한 존재야. 나도 그렇고. 그래서 서로 의지하며 살아가는 거지. 너에겐 의지할 수 있는 나와 다른 가족들이 있으니 괜찮아.	N	2022-09-13 15:36:28	2022-11-08 05:19:03
BE22018043	13	0	아버지, 그 말을 들으니 위로가 되네요. 맞아요, 언제든지 절 지지해주는 이들이 있는데 뭐가 두렵겠어요. 그렇게 생각하니 마음의 불안이 많이 사라져요.	N	2022-09-13 15:36:28	2022-09-13 15:36:28
BE22018043	14	1	나야말로 네 솔직한 심정을 말해줘서 고맙다. 너의 도움이 되는 게 내 기쁨이야.	N	2022-09-13 15:36:28	2022-11-08 05:19:03
BE22018043	15	0	고마워요. 아버지 덕분에 어쩐지 오늘 밤은 푹 잘 수 있을 것 같아요.	Y	2022-09-13 15:36:28	2022-09-13 15:36:28
