id	utterance_id	utterance_type	utterance_text	terminate	regDate	updDate
BE22016962	1	0	딸아, 엄마가 그간 잠을 자지 못해서 내일 코골이 수술하려는데 아빠가 같이 못 있어줘서 미안하다. 내가 갈 수 없으니 상황을 함께할 수 없어서 내 마음이 많이 불안하구나. 예상치 못한 일이 발생할까 봐 초조한 마음을 숨길 수가 없어, 힘든 일이지만 잘 부탁한다.	N	2022-09-02 08:46:56	2022-11-08 05:12:28
BE22016962	2	1	아빠가 일로 바쁘신 거 아니까요. 공강 일이라 저라도 곁에 있을 수 있어서 다행이란 생각이 들어요.	N	2022-09-02 08:46:56	2022-11-08 05:12:28
BE22016962	3	0	코골이 수술이 부분마취라 괜찮다고 하는데 그래도 너희 엄마가 얼마나 두렵고 아파할지. 일이 손에 잡히질 않는구나. 아무리 간단한 수술이라도 수술이잖니, 보호자로 있어주지 못하니 걱정스럽고 불안함이 가시질 않아.	N	2022-09-02 08:46:56	2022-09-02 08:46:56
BE22016962	4	1	엄마를 생각하시는 아빠의 지극정성인 마음을 알기에 걱정하시는 마음 이해해요. 그런데 두 분 사이가 평소에 돈독하시니 잘 지내고 계신 줄 알았어요. 잠을 제대로 주무신 날이 거의 없었다니 많이 힘드셨겠어요.	N	2022-09-02 08:46:56	2022-11-08 05:12:28
BE22016962	5	0	너희는 각방에 있으니 몰랐겠지만 코골이가 당사자도 힘들고 같이 자는 사람에게도 고역이더구나. 부부니까 한 침대 써야 하니 서로 안 해본 방법이 없었단다. 수면이 부족하니 건강도 안 좋아지는 것 같아서 결정한 일인데 걱정스러워 초조하구나.	N	2022-09-02 08:46:56	2022-09-02 08:46:56
BE22016962	6	1	최대한 방법을 찾아보시려는 모습에서, 아버지가 어머니를 사랑하는 마음이 정말 큰 것 같아 멋있어요. 저는 코골이는 못 참을 것 같아요. 자취를 시작한 이유가 전 룸메이트 코골이 때문이어서 얼마나 불편하셨을지 두 분 마음이 이해돼요.	N	2022-09-02 08:46:56	2022-11-08 05:12:28
BE22016962	7	0	너희 엄마가 나까지 잠을 못 자게 해서 미안하다고 각방 쓰자고 한 적이 있었지. 하지만 수면 무호흡증에 엄마가 잘못될까 봐 그러지 못했단다. 늘 무슨 일이 날까 봐, 밤잠을 설치면서 불안한 마음을 가지고 있었지.	N	2022-09-02 08:46:56	2022-09-02 08:46:56
BE22016962	8	1	뚜렷한 방법이 없는 시간을 견뎠을 아빠를 생각하니 마음이 아파요. 사랑하는 사람과 함께 한다는 건 고통도 함께 느껴야 하는 일이었네요. 저였어도 사랑하는 사람이 잘 못 될까 봐 전전긍긍 불안했을 것 같아요.	N	2022-09-02 08:46:56	2022-09-02 08:46:56
BE22016962	9	0	처음엔 엄마 상태를 이렇게까지 진지하게 생각하지 못했단다. 장난으로 콧구멍 막고, 살쪄서 코 고는 거니까 다이어트하라고 핀잔까지 줬었는데 내가 너무 안일했었다. 이렇게 불안할 줄 알았다면 더 보듬어 줄걸, 아내가 서운해했을 걸 생각하니 미안하구나.	N	2022-09-02 08:46:56	2022-09-02 08:46:56
BE22016962	10	1	사소하다고 방치하는 사람들이 많은데 아빠는 방법을 찾으려고 노력하셨잖아요. 이런 모습이 존경스럽고 멋져요. 곁에 있지 못하지만 엄마도 아빠를 떠올리면 믿음직스럽고 무섭지 않다고 생각할 거예요.	N	2022-09-02 08:46:56	2022-11-08 05:12:29
BE22016962	11	0	이번 일은 남편으로서, 아빠로서 도리를 다하지 못하는 것 같아 고개를 들 수 없었어. 그래도 좋은 결과를 기대할 수 있다니 큰 위안이 되는구나. 내 마음이 아내에게 전해질 수 있다고 생각하면 불안했던 마음도 단단한 희망으로 바뀌는 것 같아.	N	2022-09-02 08:46:56	2022-11-08 05:12:29
BE22016962	12	1	수술받는 당사자는 엄마인데 아빠가 더 떨고 계신 것 같네요. 제가 수술 끝나면 엄마 모시고 집에 잘 들어갈 테니까 걱정하지 마세요.	N	2022-09-02 08:46:56	2022-11-08 05:12:29
BE22016962	13	0	딸이 있어서 얼마나 마음이 든든한지, 고맙구나. 함께 있진 못하지만, 수술이 무사히 끝날 수 있도록 아빠도 많이 기도할게. 무슨 일 있으면 바로 연락해 주렴.	N	2022-09-02 08:46:56	2022-11-08 05:12:29
BE22016962	14	1	성공적으로 수술이 완료되어서 아빠랑 엄마가 이제 고요한 밤 편히 주무셨으면 좋겠어요. 언제나 두 분이 건강하시길 제가 정말 바라는 거 아시죠?	Y	2022-09-02 08:46:56	2022-09-02 08:46:56
