id	utterance_id	utterance_type	utterance_text	terminate	regDate	updDate
BE22015637	1	0	엄마, 아이가 산후도우미한테만 가면 자지러지게 울어요. 저는 이제 막 엄마가 되어서 모든 게 서툴고 걱정되는 게 한둘이 아니에요. 제가 잘 할 수 있을지 매일 불안에 떨며 잠들어요.	N	2022-08-25 05:15:37	2022-11-08 05:04:18
BE22015637	2	1	내가 도와주러 갔어야 했는데 못 가서 미안하구나. 안 그래도 네가 괜찮을지 걱정 중이었단다. 잠도 못 자서 피곤할 텐데 걱정거리가 하나 더 늘었구나.	N	2022-08-25 05:15:37	2022-11-08 05:04:18
BE22015637	3	0	맞아요. 안 그래도 조리원을 나가면 있을 여러 가지 일이 저를 괴롭히는데 여기서 편안하게 있을 수가 없어요. 잠시라도 안길 수 있으면 제 맘이 편할 텐데 앞날이 너무 두려워요.	N	2022-08-25 05:15:37	2022-11-08 05:04:18
BE22015637	4	1	내가 너를 낳았을 때도 기분이 그랬단다. 뭐든 할 수 있는 게 없는 것 같고 무력한 느낌이었어. 매일 걱정과 불안을 달고 살았었는데, 널 보니 그때가 떠올라서 내가 다 안쓰럽구나.	N	2022-08-25 05:15:37	2022-11-08 05:04:18
BE22015637	5	0	바로 지금의 제 모습이에요. 도대체 엄마는 이런 날들을 어떻게 견디신 거예요? 조리원이 떠나가라 자지러지게 우는 날에는 저를 미워하는 게 아닌가 싶은 정도예요.	N	2022-08-25 05:15:37	2022-11-08 05:04:18
BE22015637	6	1	사랑이라는 이름으로 모든 게 해결될 것 같지만, 현실은 너무 다르다는 게 실감이 나지. 나도 매일 잠들지 못하는 날이 많았는데, 네가 그럴 걸 생각하니 너무 걱정되는구나.	N	2022-08-25 05:15:37	2022-11-08 05:04:18
BE22015637	7	0	맞아요. 제 생각대로 되는 게 없어요. 저를 잠시라도 가만히 있게 두지도 않고요. 이런 날이 계속되면 스트레스를 받아서 몸도 마음도 편하게 있을 수 없을 거예요.	N	2022-08-25 05:15:37	2022-11-08 05:04:18
BE22015637	8	1	지나고 보면 그보다 매 순간 행복이 함께한다는 걸 알게 될 날이 올 거야. 엄마라는 이름으로 이겨내지 못할 건 없다고 용기를 가지렴.	N	2022-08-25 05:15:37	2022-11-08 05:04:18
BE22015637	9	0	그렇게 말씀해 주셔서 감사해요. 제가 불안함에 너무 안 좋은 생각만 하고 있었어요. 저를 보고 웃는 매 순간이 세상이 멈춘 듯 너무 행복한데 말이에요.	N	2022-08-25 05:15:37	2022-11-08 05:04:18
BE22015637	10	1	그래. 무엇과도 바꿀 수 없는 행복이 항상 함께한다는 걸 잊지 마. 앞으로도 그런 생각이 들 때도 있겠지만 너의 이런 모습을 보니 엄마는 너무 행복한걸. 지금, 이 순간 네가 너무 자랑스럽구나.	N	2022-08-25 05:15:37	2022-11-08 05:04:18
BE22015637	11	0	저를 이렇게 잘 키워주셔서 정말 감사해요, 엄마. 불안했던 마음이 진정됐어요. 엄마 말씀대로 이제 엄마라는 이름으로 어떤 일에도 강해질 거예요.	N	2022-08-25 05:15:37	2022-11-08 05:04:18
BE22015637	12	1	그래. 그보다 더한 무적이 어디 있겠니. 넌 좋은 엄마가 될 거라고 나도 옆에서 응원하고 있을게.	N	2022-08-25 05:15:37	2022-11-08 05:04:18
BE22015637	13	0	감사해요. 엄마랑 얘기하길 잘했어요. 제가 무적이 된 것처럼 마음이 단단해졌어요. 어서 손주 보러 오세요.	N	2022-08-25 05:15:37	2022-08-25 05:15:37
BE22015637	14	1	그래. 나도 얼른 사랑스러운 손주 보러 가야겠구나. 지금 출발할게. 사랑한다, 딸아.	N	2022-08-25 05:15:37	2022-11-08 05:04:18
BE22015637	15	0	네, 엄마. 저도 사랑해요.	Y	2022-08-25 05:15:37	2022-11-08 05:04:18
