id	utterance_id	utterance_type	utterance_text	terminate	regDate	updDate
BE22009351	1	0	엄마, 저 눈에 다래끼가 나서 병원을 다녀왔는데 눈을 째야 한대요. 너무 무섭고 두려운데 어떡해요?	N	2022-07-16 07:40:43	2022-11-08 04:24:34
BE22009351	2	1	우리 딸, 무척 놀랐겠네. 안 그래도 마음 여린 우리 딸인데, 병원에서 수술해야 한다니 너무 무서웠겠어.	N	2022-07-16 07:40:43	2022-11-08 04:24:34
BE22009351	3	0	네, 병원에서는 오늘 바로 수술하자고 했는데 제가 너무 무서워서 바로 뛰쳐나와 버렸어요. 내일 다시 오라는데 저 너무 떨리고 무서워요.	N	2022-07-16 07:40:43	2022-11-08 04:24:34
BE22009351	4	1	우리 딸 수술을 해본 적이 없어서 지금 얼마나 떨리고 불안할까. 게다가 갑자기 예상치 못한 일이라 엄마라도 가슴이 철렁 내려앉는 기분일 것 같구나. 네가 내일 병원 갈 생각만 하면 심장이 두근댈 것 같아서 엄마도 아주 속상하구나.	N	2022-07-16 07:40:43	2022-11-08 04:24:34
BE22009351	5	0	네, 맞아요, 엄마. 혹시라도 수술이 잘못될까 봐 너무 불안해요. 내일 생각만 하면 계속해서 심장이 떨리는데 어떡하죠?	N	2022-07-16 07:40:43	2022-11-08 04:24:34
BE22009351	6	1	우리 딸이 얼마나 무서웠으면 심장이 떨리고 그러겠어. 수술이라는 게 마음을 편하게 먹기가 쉽지 않지. 엄마가 대신 아파주고 싶은데 그러지 못해서 너무 마음이 아프다.	N	2022-07-16 07:40:43	2022-11-08 04:24:34
BE22009351	7	0	엄마 혹시 다래끼 수술하다가 다친 사람이 있다거나, 아니면 제가 갑자기 마취가 풀린다거나 이러면 어떡하죠? 원래 수술이라는 게 예상치 못한 일이 발생할 수도 있다고 하잖아요.	N	2022-07-16 07:40:43	2022-11-08 04:24:34
BE22009351	8	1	딸아, 엄마도 수술대 앞에 있으면 많이 떨리곤 하지만 네가 마음을 조금 편하게 먹었으면 좋겠어. 많은 사람이 다래끼가 나지만 결국 잘 지나가는 것처럼, 네 수술도 잘 지나갈 거야. 큰 수술이 아니니 너무 걱정하지 말고 내일 이시간이 지나면 네 눈도 편안해지고, 마음도 홀가분할 거란다.	N	2022-07-16 07:40:43	2022-11-08 04:24:34
BE22009351	9	0	그래도 엄마 계속 위로해 주셔서 너무 감사해요. 혼자 너무 두렵고 불안해서 일어나지 않을 일에 대해서도 생각하게 되는 거 있죠. 수술이 잘못될 가능성이 적은데도 말이에요.	N	2022-07-16 07:40:43	2022-11-08 04:24:34
BE22009351	10	1	딸아, 당연히 누구나 몸이 불편해서 작은 수술 혹은 치료를 앞두고 있으면 떨리기 마련이란다. 네 감정이 자연스러운 거야. 그렇지만, 걱정할 필요가 없는 간단한 수술이고 엄마도 네 곁에 꼭 붙어 있을 테니 너무 불안해하지 말렴.	N	2022-07-16 07:40:43	2022-11-08 04:24:34
BE22009351	11	0	네 엄마, 엄마가 제 곁에 계속 계셔준다고 하시니 마음이 조금 편안해졌어요. 간단한 수술이라고 말씀해 주시니 걱정도 점점 사라지고 있어요. 내일 저 잘할 수 있겠죠?	N	2022-07-16 07:40:43	2022-11-08 04:24:34
BE22009351	12	1	당연하지, 우리 딸. 너라면 내일 수술쯤은 간단하게 이겨내고 말 거란다. 그러니 너무 걱정하지 말렴.	N	2022-07-16 07:40:43	2022-11-08 04:24:34
BE22009351	13	0	네 엄마. 덕분에 마음이 많이 좋아졌어요. 온종일 생각이 꼬리를 물고 부정적인 방향으로 뻗어갔는데, 덕분에 마음이 편안하네요.	N	2022-07-16 07:40:43	2022-11-08 04:24:34
BE22009351	14	1	엄마가 네게 도움이 되었다니 정말 다행이구나. 내일 엄마가 병원 가기 전에 널 데리러 갈 테니 오늘은 이만 푹 쉬었으면 좋겠다.	N	2022-07-16 07:40:43	2022-11-08 04:24:34
BE22009351	15	0	네, 알겠어요, 엄마. 내일 뵐게요!	Y	2022-07-16 07:40:43	2022-11-08 04:24:34
