id	utterance_id	utterance_type	utterance_text	terminate	regDate	updDate
BE22010207	1	0	엄마, 저 수능 이제 한 달 남았는데 너무 불안하고 떨려요.	N	2022-07-19 08:23:04	2022-11-08 04:30:07
BE22010207	2	1	우리 딸, 지금까지 인생에서 가장 큰 시험을 앞두고 있어서 불안하구나. 엄마도 그렇지만, 네가 정말 초조하고 긴장될 것 같아.	N	2022-07-19 08:23:04	2022-11-08 04:30:07
BE22010207	3	0	네, 제가 잘 할 수 있을지도 모르겠고 망치면 어떡하나 매일 불안해요.	N	2022-07-19 08:23:04	2022-11-08 04:30:07
BE22010207	4	1	잘하고 싶은 마음이 커서 불안한 마음이 드는 건 당연한 일이란다. 그렇지만 지금껏 후회 없이 열심히 준비해 왔잖니? 조금 더 자신을 믿어보면 어떨까?	N	2022-07-19 08:23:04	2022-11-08 04:30:07
BE22010207	5	0	저 자신을 믿지 못하겠어요. 그냥 도망치고 싶기도 해요.	N	2022-07-19 08:23:04	2022-11-08 04:30:07
BE22010207	6	1	우리 딸이 겁을 많이 먹은 것 같아서 엄마도 마음이 너무 무겁고 안쓰럽네. 하지만 지금은 수능을 앞둔 누구나 다 불안한 마음일 거야.	N	2022-07-19 08:23:04	2022-11-08 04:30:07
BE22010207	7	0	혹시 시험을 망쳐버리면 어떡하나 싶어서 무서워요.	N	2022-07-19 08:23:04	2022-11-08 04:30:07
BE22010207	8	1	네 마음이 불안한 건 자꾸 시험을 망쳐버린다는 상상을 해서일 거야. 대신 차분히 시험을 잘 보는 상상을 해보면 어때?	N	2022-07-19 08:23:04	2022-11-08 04:30:07
BE22010207	9	0	저도 그러고 싶은데, 쉽지 않아요. 제가 너무 부정적인 생각하고 있는 걸까요?	N	2022-07-19 08:23:04	2022-11-08 04:30:07
BE22010207	10	1	누구나 잘하고 싶은 마음이면 불안함이 찾아올 수 있어. 그렇지만 망치면 또 도전하면 돼! 후회 없이 최선을 다했다는 사실 자체가 중요한 거니까 너무 걱정하지 말자.	N	2022-07-19 08:23:04	2022-11-08 04:30:07
BE22010207	11	0	알겠어요, 엄마. 그렇게 말씀해주시니까 오히려 마음이 편해졌어요.	N	2022-07-19 08:23:04	2022-11-08 04:30:07
BE22010207	12	1	우리 딸, 불안한 마음을 잠재우기가 쉽지 않았을 텐데, 바로 마음을 다잡는 것이 참 대견하구나.	N	2022-07-19 08:23:04	2022-11-08 04:30:07
BE22010207	13	0	네, 엄마 말씀대로 실패를 두려워하지 않을게요.	N	2022-07-19 08:23:04	2022-11-08 04:30:07
BE22010207	14	1	좋은 생각이야. 지금 시점에서는 이런 마음가짐을 가지면서 정신력을 키워보자. 우리 딸 그동안 너무 열심히 해와서 엄마는 든든해.	N	2022-07-19 08:23:04	2022-11-08 04:30:07
BE22010207	15	0	알겠어요, 엄마. 저는 다시 공부 시작할게요!	Y	2022-07-19 08:23:04	2022-11-08 04:30:07
