id	utterance_id	utterance_type	utterance_text	terminate	regDate	updDate
BE22015788	1	0	아빠 저 오랜만에 버스를 타고 시내에 나갔다가 멀미했어요. 일보고 돌아가는 버스를 타야 하는데 또 멀미할까 봐 너무 불안하고 걱정돼요.	N	2022-08-26 02:45:27	2022-11-08 05:05:15
BE22015788	2	1	네가 너무 당황하고 깜짝 놀랐겠다. 우리 집에서 시내 나가는 길이 워낙 굽이진 길이라 멀미했나 보다. 그 긴 길을 네가 얼마나 곤욕스러웠을지 생각만 해도 너무 안타깝구나.	N	2022-08-26 02:45:27	2022-11-08 05:05:15
BE22015788	3	0	맞아요, 한동안 괜찮았는데. 그래서 용기 내서 버스를 타고 시내에 나간 건데. 중간에 갑자기 멀미가 오면서 토를 할 뻔했어요, 얼마나 깜짝 놀랐는지.	N	2022-08-26 02:45:27	2022-08-26 02:45:27
BE22015788	4	1	그럼 그럼, 네 마음 충분히 이해하지. 우리 차도 아니고 다른 사람들과 함께 타는 버스를 타고 있는데 멀미해서. 토할 거 같은 느낌이 들었다면 얼마나 당혹스러웠겠니.	N	2022-08-26 02:45:27	2022-11-08 05:05:15
BE22015788	5	0	진짜 거의 토할뻔했어요. 그나마 다행인 건 창문이 열리는 자리였어요. 그래서 창문을 활짝 열고 머리를 밖으로 내밀고 가서 견뎠던 거 같아요.	N	2022-08-26 02:45:27	2022-08-26 02:45:27
BE22015788	6	1	멀미를 한번 하기 시작하면 계속 속이 니글니글하고 안 좋았을 텐데. 거기다 두통까지 느껴졌을 거고, 다른 사람들에게 피해를 줄까 봐 그것도 신경 쓰여서 네가 너무 힘들었겠다.	N	2022-08-26 02:45:27	2022-11-08 05:05:15
BE22015788	7	0	네, 속은 니글거리지, 머리는 지끈 지끈하지, 욱 욱하면서 토할 거 같았어요. 거기다가 혹시라도 토해서 주변 사람들에게 피해를 줄까 봐, 너무 불안하고 걱정됐어요.	N	2022-08-26 02:45:27	2022-11-08 05:05:15
BE22015788	8	1	그래, 네가 정말 걱정스럽고 불안했겠다. 특히 네가 예의 바르고 주변 사람들을 세심히 배려하는 아이이니까. 혹시라도 버스에서 토할까 봐 많이 신경 쓰이고 당혹스러웠을 거 같아 마음이 아프다.	N	2022-08-26 02:45:27	2022-11-08 05:05:15
BE22015788	9	0	멀미를 가까스로 참아냈어요. 제가 멀미하면 다른 사람들에게 피해고. 솔직히 저도 버스에서 멀미하면 평생 창피한 기억이 될 거 같아서요.	N	2022-08-26 02:45:27	2022-08-26 02:45:27
BE22015788	10	1	너 마음이 조금이나마 편안해진다고 하니 아빠도 너무 다행이다. 그리고 네가 돌아오는 길에 혹시나 또 멀미할까 봐 불안하다고 하니 안쓰럽구나. 하지만 너 혼자만 그런 것이 아니었을 테니 너무 걱정하지 않아도 돼.	N	2022-08-26 02:45:27	2022-11-08 05:05:15
BE22015788	11	0	저만 그러는 거 같아서 주변 사람에게 피해를 줄까 봐 너무 걱정되고. 또 돌아갈 길이 불안해서 엄두가 안 나요. 그래도 아빠가 제 마음을 이해해 주고, 또 위로하고 격려해 주니까 마음이 많이 편해지네요.	N	2022-08-26 02:45:27	2022-11-08 05:05:15
BE22015788	12	1	아빠뿐만 아니라 누구든지 멀미한단다, 그러니깐 혼자 너무 자책하지 않아도 괜찮단다. 하물며, 너는 그 힘든 와중에도 다른 사람에게 피해가 갈까 봐 참았잖니. 너의 친절하고 다정한 배려심이 너무 자랑스럽고 뿌듯하구나.	N	2022-08-26 02:45:27	2022-11-08 05:05:15
BE22015788	13	0	그래요? 저만 이렇게 멀미하는 게 아니에요? 저는 저만 그러는 줄 알고 많이 불안하고 걱정하고 있었어요.	N	2022-08-26 02:45:27	2022-08-26 02:45:27
BE22015788	14	1	너 말고도 많은 사람들이 멀미한단다. 그러니까 너무 불안해하거나 걱정하지 않아도 괜찮아. 그리고 네가 일부러 멀미하는 게 아니잖니, 다들 이해할 거야 걱정하지 말렴.	N	2022-08-26 02:45:27	2022-11-08 05:05:15
BE22015788	15	0	아빠랑 문자 나누고 나니 불안했던 마음이 편안해져요. 감사합니다.	Y	2022-08-26 02:45:27	2022-11-08 05:05:15
