id	utterance_id	utterance_type	utterance_text	terminate	regDate	updDate
BE22004759	1	0	엄마, 저 5년 전에 만났던 옛 남자 친구와 다시 만나게 되었어요. 너무 좋아했던 사람이라 행복하면서도 되게 불안하고 걱정되기도 해요.	N	2022-06-28 13:08:31	2022-11-08 03:55:01
BE22004759	2	1	어머, 너네 다시 연애하는구나! 좋아했던 연인을 다시 만나는 건 축하할 일인데 우리 딸 뭐가 그렇게 걱정이 된 거야?	N	2022-06-28 13:08:31	2022-11-08 03:55:01
BE22004759	3	0	지금 남자 친구가 좋지만 예전에 한 번 헤어졌었잖아요. 주변에서 이미 헤어진 연인은 같은 이유로 헤어진다고 다들 말리더라고요. 그냥 넘기려고 했는데 계속 그 말들이 맴돌면서 걱정돼요.	N	2022-06-28 13:08:31	2022-11-08 03:55:01
BE22004759	4	1	음, 딸아 충분히 걱정될 만하겠구나. 너네가 서로 너무 좋아했던 만큼 많이 싸우기도 했으니 말이야. 나도 네 아빠랑 수백번을 싸우고 헤어지고 반복하면서 다시 만날 때마다 헤어질까봐 불안했기에 잘 알지.	N	2022-06-28 13:08:31	2022-11-08 03:55:01
BE22004759	5	0	엄마도 아빠랑 그랬다는 게 안 믿겨요. 하여튼, 아직까지는 싸우지 않고 잘 만나고 있지만 언제 싸울지 모른다는 생각에 많이 걱정되곤 해요.	N	2022-06-28 13:08:31	2022-11-08 03:55:01
BE22004759	6	1	그렇겠구나. 그렇지만 너네가 다시 만날 만큼 서로 좋아하고, 앞으로 행복하게 사랑할 일만 남았다고 생각했으면 좋겠어. 사랑하기도 아까운 시간인데 엄마는 벌써부터 걱정하지 않았으면 좋겠구나.	N	2022-06-28 13:08:31	2022-11-08 03:55:01
BE22004759	7	0	아직 싸우지도 않았는데 걱정하는 게 쓸데없는 생각일까요?	N	2022-06-28 13:08:31	2022-11-08 03:55:01
BE22004759	8	1	음, 우선 엄마는 네 걱정이 쓸데없다고 말하고 싶지는 않아. 하지만 헤어짐을 걱정하기보다는 어떻게 하면 서로 좋은 추억을 많이 쌓을 수 있을까 생각했으면 좋겠어. 서로 추억을 많이 쌓다 보면 헤어짐을 걱정하는 일이 점점 줄어들 거란다.	N	2022-06-28 13:08:31	2022-11-08 03:55:01
BE22004759	9	0	정말 좋은 말인 것 같아요 엄마. 그만큼 행복한 추억이 많이 쌓이다 보면 제가 하고 있는 고민 따위는 하지 않을 것 같아요.	N	2022-06-28 13:08:31	2022-11-08 03:55:01
BE22004759	10	1	그래 맞아. 앞으로 너희 둘이 함께할 날들을 그려보는 편이 훨씬 도움 될 것 같구나.	N	2022-06-28 13:08:31	2022-11-08 03:55:01
BE22004759	11	0	맞는 말인 것 같아요. 제가 너무 긍정적인 미래를 보기보다는 부정적으로 생각했나 봐요! 엄마 말씀 잘 새겨들을게요.	N	2022-06-28 13:08:31	2022-11-08 03:55:01
BE22004759	12	1	그래, 그렇게 생각해 주다니 엄마도 뿌듯하구나.	N	2022-06-28 13:08:31	2022-11-08 03:55:01
BE22004759	13	0	제가 엄마와 사랑에 대한 이야기를 하다니, 저도 이제 꽤 어른 같아요!	N	2022-06-28 13:08:31	2022-11-08 03:55:01
BE22004759	14	1	우리 딸이 벌써 사랑을 이야기하다니, 귀여우면서도 언제 이렇게 컸나 몰라!	Y	2022-06-28 13:08:31	2022-11-08 03:55:01
