id	utterance_id	utterance_type	utterance_text	terminate	regDate	updDate
BE22005429	1	0	엄마, 형이 다시 저한테 사업을 시작하겠다는데 너무 걱정스러워요.	N	2022-06-30 13:16:04	2022-11-08 03:59:23
BE22005429	2	1	우리 첫째 아들이 사업을 또 하겠다고 한다고? 엄마는 그 이야기를 처음 들어보는데 말이야. 그게 무슨 일일까.	N	2022-06-30 13:16:04	2022-11-08 03:59:23
BE22005429	3	0	형이 오늘 저에게 조심스럽게 와서 말했어요. 사업을 다시 하고 싶다고요. 저번에 사업을 해서 크게 돈을 잃어서 그런지 너무 걱정이 돼요.	N	2022-06-30 13:16:04	2022-11-08 03:59:23
BE22005429	4	1	너가 정말 걱정이 되겠다. 그때 너랑 같이 사업을 하다가 안 좋은 결과가 생겼었잖아. 엄마가 보기에도 조금 걱정스러운걸.	N	2022-06-30 13:16:04	2022-11-08 03:59:23
BE22005429	5	0	제가 여러 번 타이르듯 말해 봤지만 고집이 꺾이지 않아요. 형이 다시 사업을 하다가 잘못 될까 봐 하는 걱정이 들어요.	N	2022-06-30 13:16:04	2022-11-08 03:59:23
BE22005429	6	1	내가 너였어도 걱정이 많이 되었을 것 같아. 너가 형의 사업을 가장 가까이서 본 사람이잖아. 걱정되어서 잠도 못 이루겠는걸.	N	2022-06-30 13:16:04	2022-11-08 03:59:23
BE22005429	7	0	게다가 독서실 사업을 한다고 해요. 요즘 독서실이 포화상태라 굉장히 어려울 것 같은데 말이에요.	N	2022-06-30 13:16:04	2022-11-08 03:59:23
BE22005429	8	1	엄마가 보기에도 독서실 사업이 그렇게 쉬울 것 같진 않아. 하지만 가능성은 있지 않을까?	N	2022-06-30 13:16:04	2022-11-08 03:59:23
BE22005429	9	0	형이 저번에 사업을 하다가 스트레스도 많이 받아 했잖아요. 괜히 걱정이 되네요.	N	2022-06-30 13:16:04	2022-11-08 03:59:23
BE22005429	10	1	형이 쉽지 않은 길이겠지만 본인 스스로 확신이 생긴 만큼 분명 이번만큼은 달라진 모습을 보여줄 거야. 우리 아들이 걱정이 많이 되겠지만, 형을 한 번 더 믿어주자. 저번에 형이 실패했던 경험이 있는 만큼 이번에는 분명 달라질 거야.	N	2022-06-30 13:16:04	2022-11-08 03:59:23
BE22005429	11	0	그렇긴 하지만요, 여전히 걱정이 되는걸요.	N	2022-06-30 13:16:04	2022-11-08 03:59:23
BE22005429	12	1	너가 형을 가장 밀접하게 보는 가족인데 어떻게 걱정이 안 되겠니. 충분히 이해한단다. 하지만 너무 부정적으로만 생각하지 말고 형을 잘 지켜봐 주자.	N	2022-06-30 13:16:04	2022-11-08 03:59:23
BE22005429	13	0	제 일에 집중하는 것이 맞는 걸까요?	N	2022-06-30 13:16:04	2022-11-08 03:59:23
BE22005429	14	1	당연하지. 너가 너무 걱정하지 않아도 돼. 너는 너 할 일을 지금 워낙 잘하고 있잖아. 형의 사업을 신경쓰기보다 너도 너의 할 일을 잘 하고 있으면 엄마는 그걸로 된 거란다.	N	2022-06-30 13:16:04	2022-11-08 03:59:23
BE22005429	15	0	엄마가 그렇게 말씀해주시니 걱정이 좀 덜어지네요.	N	2022-06-30 13:16:04	2022-11-08 03:59:23
BE22005429	16	1	너무 걱정하지 말거라. 분명 형도 너가 걱정하는 것에 대해서 고마워할 거야.	Y	2022-06-30 13:16:04	2022-11-08 03:59:23
