id	utterance_id	utterance_type	utterance_text	terminate	regDate	updDate
BE22007768	1	0	엄마, 제가 이번 달에 카드사용이 많았는데 결제 대금을 지불하지 못했어요. 곧 다시 결제할 수 있는 날짜가 오는데 결제하지 못할 것 같아 불안해요.	N	2022-07-11 07:36:55	2022-11-08 04:14:25
BE22007768	2	1	신용카드를 무분별하게 사용한 거는 아니겠지? 엄마도 처음 신용카드 발급받았을 때 말이야. 너처럼 결제대금 연체된 적이 있는데 약속 기한을 어기니 굉장히 마음이 불편하고 불안했던 기억이 있어.	N	2022-07-11 07:36:55	2022-11-08 04:14:25
BE22007768	3	0	엄마도 그런 경험이 있으시군요? 맞아요 엄청 불안한 마음이어서 느낀 점이 많아요. 꼭 사용할 곳에 사용한 것 같은데 아무래도 생각을 좀더 깊게 해야 할 것 같아요.	N	2022-07-11 07:36:55	2022-11-08 04:14:25
BE22007768	4	1	맞아. 엄마도 같은 생각이야. 그렇지 않아도 씀씀이가 보이지 않는 카드는 계획성 있게 사용하는 게 쉽지 않다고 생각한단다. 불안한 마음으로 이러한 깨달음을 얻다니 다행이구나.	N	2022-07-11 07:36:55	2022-11-08 04:14:25
BE22007768	5	0	맞아요. 제가 거기까지 생각 못하고 당연히 써야 하는 곳이라고 생각했는데 사용내역서를 보니 반성이 되면서도 스트레스인 거 같아요.	N	2022-07-11 07:36:55	2022-11-08 04:14:25
BE22007768	6	1	처음 사용할 때는 누구나 한번쯤 겪는 과정으로 생각하고 좋은 공부한 걸로 반성하면 좋을 것 같아. 엄마는 이번 기회를 통해 많은 것을 깨달았다는 점에서 다행이라고 느낀단다. 딸도 이렇게 느끼면 좋을 것 같아 그리고 너무 불안해하지 말았으면 좋겠어.	N	2022-07-11 07:36:55	2022-11-08 04:14:25
BE22007768	7	0	네. 명심할게요, 제가 어제는 불안한 마음에 걱정이 많았는데 엄마 말씀이 도움이 되었어요. 감사해요. 불안해하지 말고 앞으로 해결하기 위해 노력해야겠어요.	N	2022-07-11 07:36:55	2022-11-08 04:14:25
BE22007768	8	1	다행이구나. 앞으로는 계획하는데 그치지 말고 실천에 옮기도록 약속할 수 있는 거지? 분명 넌 방금 말한 계획들 잘 실천해 나아갈 수 있으리라 믿어!	N	2022-07-11 07:36:55	2022-11-08 04:14:25
BE22007768	9	0	네. 저도 이번 스트레스로 많은 걸 느꼈거든요. 걱정 마세요. 걱정해주시고 좋은 조언해주셔서 감사해요.	N	2022-07-11 07:36:55	2022-11-08 04:14:25
BE22007768	10	1	사실대로 말해주니 고맙고 좋은 방법을 찾아 실천해 보면 더 많이 좋아질 거라 생각한단다. 이렇게 불안해하고 스트레스받는 일이 두 번 다시 벌어지면 좋지 않으니 말이야. 그러니 불안해하지 말고 명심해서 앞으로 이런 일이 벌어지지 않게 조심하면 더 좋을 것 같구나!	N	2022-07-11 07:36:55	2022-11-08 04:14:25
BE22007768	11	0	네. 엄마 말씀 제 마음속에 깊이 간직하며 노력할게요. 어렵게 번 돈을 쉽게 잃지 않고 쉽게 쓰는 모습은 결코 좋지 않을 것 같아요.	N	2022-07-11 07:36:55	2022-11-08 04:14:25
BE22007768	12	1	맞아. 넌 이렇게 자기반성도 잘하고 배운 점을 토대로 실천도 잘하니 분명 잘 해낼 수 있을 거야. 이제 충분히 반성했으니 스트레스 날려버리고 공부에 전념하는 것도 좋을 거 같은데 어때?	N	2022-07-11 07:36:55	2022-11-08 04:14:25
BE22007768	13	0	네, 좋아요. 반드시 불안한 마음 이겨낼게요. 그리고 현실에 충실하게 살아가도록 해볼게요. 감사해요 불안해하는 마음 안정시켜주셔서요!	N	2022-07-11 07:36:55	2022-11-08 04:14:25
BE22007768	14	1	그래, 많이 뉘우치고 있으니 앞으로 미래를 설계하는 데 많은 도움이 되리라고 확신한단다. 엄마는 언제나 딸을 믿으니 이번에도 잘 해낼 거라 생각해.	N	2022-07-11 07:36:55	2022-11-08 04:14:25
BE22007768	15	0	네. 엄마께서 이해해주시고 생각할 수 있는 기회를 주셔서 감사해요. 그럼 더 나은 모습 보여드리고 다음번에는 제날짜에 결제하고 연락드릴게요!	Y	2022-07-11 07:36:55	2022-11-08 04:14:25
