id	utterance_id	utterance_type	utterance_text	terminate	regDate	updDate
BE22010901	1	0	엄마, 저라는 사람은 제 친구들이랑 안 어울리는 사람 같아요. 친구들이랑 같이 있으면 내가 계속 이 아이들과 친구를 할 수 있을지 불안감에 시달려요.	N	2022-07-22 00:45:33	2022-11-08 04:34:30
BE22010901	2	1	불안하다는 감정이 언제부터 들기 시작했는지 엄마한테 말해줄 수 있을까?	N	2022-07-22 00:45:33	2022-11-08 04:34:30
BE22010901	3	0	제 친구들은 진작에 취업해서 승진도 하고 있고, 자동차도 사고, 결혼해서 아이가 있는 친구들도 있어요. 근데 전 그 어디에도 속하지 못하거든요.	N	2022-07-22 00:45:33	2022-11-08 04:34:30
BE22010901	4	1	다른 친구들과는 상황이 다르다 보니 그런 생각을 하게 되었구나. 끙끙 앓았을 텐데 몹시 속상하고 힘들었겠네.	N	2022-07-22 00:45:33	2022-11-08 04:34:30
BE22010901	5	0	네. 친구들 만나면 작아져요. 나는 저 친구들을 따라가기 위해 아등바등하고 있는데 앞으로 나아가질 못하는 것 같아요.	N	2022-07-22 00:45:33	2022-11-08 04:34:30
BE22010901	6	1	엄마는 조금 다르게 느끼고 있는데 이야기해도 될까?	N	2022-07-22 00:45:33	2022-11-08 04:34:30
BE22010901	7	0	네. 엄마 이야기도 들어보고 싶어요. 말씀해주세요.	N	2022-07-22 00:45:33	2022-11-08 04:34:30
BE22010901	8	1	누구나 시작은 같을 수 있어도 가는 길의 모양과 걸리는 시간은 다를 수 있다고 생각해. 감정화자는 끈기 있게 그 누구보다 꾸준하게 묵묵히 길을 가고 있는걸. 엄마는 그런 네가 자랑스럽단다.	N	2022-07-22 00:45:33	2022-11-08 04:34:30
BE22010901	9	0	꾸준하게 묵묵히 가고 있지만 너무 느린걸요. 너무 불안해요. 뒤떨어지는 사람인 것 같아서.	N	2022-07-22 00:45:33	2022-11-08 04:34:30
BE22010901	10	1	엄마가 그동안 봐왔던 친구들은 너를 매우 소중하게 생각하는 좋은 친구들인 것 같아. 어렸을 때부터 항상 너와 함께했던 친구들이잖니. 그 누구보다 너를 응원해주는 친구들이야.	N	2022-07-22 00:45:33	2022-11-08 04:34:30
BE22010901	11	0	생각해보니 엄마 말씀이 맞아요. 제가 대학에 떨어졌을 때도 위로 해주고 재수 준비할 때도 도와줬던 친구들이에요.	N	2022-07-22 00:45:33	2022-11-08 04:34:30
BE22010901	12	1	맞아. 항상 옆에 있던 친구들이었어. 너무 불안해하지 않았으면 좋겠다.	N	2022-07-22 00:45:33	2022-11-08 04:34:30
BE22010901	13	0	제가 요즘 취업이 잘 안돼서 그런지 의기소침해져 있었나 봐요. 사실 생각하기 나름인데.	N	2022-07-22 00:45:33	2022-11-08 04:34:30
BE22010901	14	1	맞아. 그렇게 생각을 전환하면 불안함도 없어지지 않을까? 이렇게 기운 차리니 엄마가 참 기분이 좋구나.	N	2022-07-22 00:45:33	2022-11-08 04:34:30
BE22010901	15	0	엄마가 이야기 들어주신 덕분이에요. 감사해요, 엄마.	Y	2022-07-22 00:45:33	2022-11-08 04:34:30
