id	utterance_id	utterance_type	utterance_text	terminate	regDate	updDate
BE22004746	1	0	엄마, 시험을 완전히 망쳐버리고 말았어요.	N	2022-06-28 12:37:59	2022-11-08 03:54:56
BE22004746	2	1	오늘 치고 온 기말고사 말이니? 무슨 문제라도 있었어?	N	2022-06-28 12:37:59	2022-11-08 03:54:56
BE22004746	3	0	시험 도중에 배가 아파서 제대로 집중을 못했어요. 시간이 부족해서 마지막 장은 제대로 읽어보지도 못했고요. 열심히 준비한 과목인데 정말 속상해요.	N	2022-06-28 12:37:59	2022-11-08 03:54:56
BE22004746	4	1	저런, 하필 그때 배가 아팠다니 엄마가 다 아쉬운걸. 시험 도중에 자리를 빠져나갈 수도 없었을 테니 무척 괴로웠겠구나.	N	2022-06-28 12:37:59	2022-11-08 03:54:56
BE22004746	5	0	네. 안 그래도 빠르게 문제를 풀어나가는 게 관건인 과목인데 화장실이라도 가면 시간을 낭비하는 셈이었단 말이에요. 아마 시험을 칠 생각에 긴장해서 배가 아팠던 게 아닐까 싶어요.	N	2022-06-28 12:37:59	2022-11-08 03:54:56
BE22004746	6	1	네가 큰 부담감을 느끼고 있었구나. 아들아, 네가 좋은 성적을 받기 위해 노력하는 모습은 좋아. 하지만 그것으로 네가 너무 스트레스를 받지는 않았으면 좋겠어.	N	2022-06-28 12:37:59	2022-11-08 03:54:56
BE22004746	7	0	그렇지만 엄마, 저는 좋은 대학에 가고 싶단 말이에요. 당장 성적 하나하나가 제게 무엇보다 중요해요. 그런데 하나를 이렇게 망쳐버렸다는 생각에 신경이 쓰여서 남은 공부를 할 수가 없어요.	N	2022-06-28 12:37:59	2022-11-08 03:54:56
BE22004746	8	1	아들, 시험 한 개를 망쳤다고 해서 네가 좌절할 필요는 없어. 누구나 예상치 못한 실수나 사고를 마주치곤 한단다. 물론 아쉬운 마음은 들겠지만 그 상황 속에서 너는 할 수 있는 최선을 다한 거야.	N	2022-06-28 12:37:59	2022-11-08 03:54:56
BE22004746	9	0	엄마 말이 옳아요. 하지만 급하게 푸느라 제가 놓친 문제들이 자꾸만 떠올라요. 그때 이렇게 풀었더라면 조금이라도 점수가 올랐을 텐데, 하고 말이에요.	N	2022-06-28 12:37:59	2022-11-08 03:54:56
BE22004746	10	1	모든 일에는 언제나 크고 작은 후회가 남는 법이란다. 그렇지만 이미 벌어진 결과에 연연하다가는 네게 앞으로 남은 시험들까지 악영향을 미칠 거야. 바꿀 수 없는 결과에 미련을 남기기보다, 바꿀 수 있는 것들에 더 집중해야 하지 않겠어?	N	2022-06-28 12:37:59	2022-11-08 03:54:56
BE22004746	11	0	맞아요. 이렇게 제가 후회하고 있어도 이미 제 성적은 결정된 거겠죠. 오히려 깔끔하게 받아들이고 나니까 더 속이 후련한 것 같아요.	N	2022-06-28 12:37:59	2022-11-08 03:54:56
BE22004746	12	1	좋은 태도구나. 이제 망친 시험에 대해서는 싹 잊어버리렴. 남은 시험에서 좋은 점수를 받으면 충분히 만회할 수 있을 거야.	N	2022-06-28 12:37:59	2022-11-08 03:54:56
BE22004746	13	0	알겠어요. 아직 늦은 건 아니겠죠? 성적을 어떻게 받을지 불안해하다가 공부할 시간을 낭비해버린 것 같아요.	N	2022-06-28 12:37:59	2022-11-08 03:54:56
BE22004746	14	1	늦었다고 생각하는 지금이 가장 빠를 때인걸? 얼른 남은 공부를 시작해보렴. 아직 아무것도 늦지 않았단다.	N	2022-06-28 12:37:59	2022-11-08 03:54:56
BE22004746	15	0	엄마의 긍정적인 태도는 항상 제가 위축되어 있을 때 힘이 돼요. 기운 내서 얼른 공부를 시작해볼게요!	Y	2022-06-28 12:37:59	2022-11-08 03:54:56
