id	utterance_id	utterance_type	utterance_text	terminate	regDate	updDate
BE22004607	1	0	오늘 학교에 휴학 원서를 제출하고 왔어요. 군 입대를 하려고 어쩔 수 없이 결정한 거지만 괜히 불안해요.	N	2022-06-28 08:24:24	2022-11-08 03:54:02
BE22004607	2	1	수고했어, 우리 아들. 그동안 힘껏 몰두하던 걸 두고 새로운 곳으로 가려고 하니 마음이 불편하지.	N	2022-06-28 08:24:24	2022-11-08 03:54:02
BE22004607	3	0	네, 이제야 전공 공부에도 흥미를 붙였거든요. 다른 친구들도 다 학교에 있는데 저만 다른 곳으로 간다고 생각하니 우울해요.	N	2022-06-28 08:24:24	2022-11-08 03:54:02
BE22004607	4	1	순전히 아들의 의지로 떠나는 게 아니어서 더욱 심란하겠어. 네가 좋아하고 사랑하는 것들은 그대로 있는데 너만 멀리 가는 거니까. 혼자서 그 길을 가는 게 얼마나 고단한지 아빠도 잘 알고 있어.	N	2022-06-28 08:24:24	2022-11-08 03:54:02
BE22004607	5	0	아직 입대한 것도 아닌데 벌써 걱정돼요. 돌아왔을 때 제가 좋아하던 사람들이 전부 사라져 있을까봐요.	N	2022-06-28 08:24:24	2022-11-08 03:54:02
BE22004607	6	1	멀리 있는 곳에서 혼자 오래 떨어져 있으면 바깥세상은 어떤지 알기 힘드니까. 요즘 세상이 발달했다고 해도 외로운 마음을 전부 달랠 수는 없지.	N	2022-06-28 08:24:24	2022-11-08 03:54:02
BE22004607	7	0	학교에서도 친구들과 겨우 친해졌는데. 다시 낯선 사람들밖에 없는 곳으로 가려고 하니까 한없이 막막해져요. 잘할 수 있을지도 모르겠고.	N	2022-06-28 08:24:24	2022-11-08 03:54:02
BE22004607	8	1	그곳에서 즐겁게 지낼 수 있다면 달랐을지도 몰라. 하지만 엄연히 나라의 부름을 받고 가는 곳이니 분위기도 딱딱하고 엄할 수밖에 없지. 그 앞에서 두려움을 느끼는 건 너무나 자연스러운 일이야.	N	2022-06-28 08:24:24	2022-11-08 03:54:02
BE22004607	9	0	아빠는 제가 잘할 수 있을 거라고 생각하세요?	N	2022-06-28 08:24:24	2022-11-08 03:54:02
BE22004607	10	1	하루하루 어려운 날들이 이어지겠지만 아빠는 우리 아들이 잘해 낼 거라고 생각해. 아빠 눈에도 우리 아들은 정말 성실하고 열심히 하는 사람이거든. 그런 사람이 못 해낼 리 없지.	N	2022-06-28 08:24:24	2022-11-08 03:54:02
BE22004607	11	0	군대에도 다녀오고, 저를 계속 지켜본 아빠께서 그렇게 말해 주시니 용기가 생기는 것 같아요.	N	2022-06-28 08:24:24	2022-11-08 03:54:02
BE22004607	12	1	뭐든 처음이 어려운 법이야. 일단 발을 내딛고 보면 걷는 법은 자연스럽게 익히게 되어 있어. 우리 아들도 어떤 환경이든 차근차근 적응해 낼 수 있을 거라고 생각해.	N	2022-06-28 08:24:24	2022-11-08 03:54:02
BE22004607	13	0	그렇게 말해 주시니 든든해요. 어렵겠지만 용기를 내야겠어요. 이야기 들어주셔서 고마워요.	N	2022-06-28 08:24:24	2022-11-08 03:54:02
BE22004607	14	1	앞으로 언제든 힘든 일이 생기면 아빠한테 얘기해. 뭐든 도와줄 테니까.	Y	2022-06-28 08:24:24	2022-11-08 03:54:02
