id	utterance_id	utterance_type	utterance_text	terminate	regDate	updDate
BE22007347	1	0	엄마, 자꾸만 그 학생의 이야기가 머릿속을 맴돌아서 마음이 편치 않아요.	N	2022-07-09 04:25:11	2022-11-08 04:11:46
BE22007347	2	1	오늘 출근한 학교에서 무슨 일이 있었니? 너의 심란함이 느껴져서 걱정되는구나.	N	2022-07-09 04:25:11	2022-11-08 04:11:46
BE22007347	3	0	오늘 학교에서 제게 상담을 요청한 학생이 오랜 망설임 끝에 고민을 털어놨어요. 고등학교 3학년이 되면서 입시 스트레스로 인해 최근에 자해했다고 조심스레 말해줬어요. 그 후로 온종일 그 학생이 걱정되더라고요.	N	2022-07-09 04:25:11	2022-11-08 04:11:46
BE22007347	4	1	네가 학생의 고민을 듣고 많이 놀랐겠구나. 타인의 슬픔과 아픔에 진심으로 공감해주는 너라서 그 학생의 고민이 더욱 남 일 같지 않았겠어.	N	2022-07-09 04:25:11	2022-11-08 04:11:46
BE22007347	5	0	맞아요, 그 학생의 고민을 듣고 가슴이 철렁했어요. 평소에 밝고 씩씩했던 학생에게 이렇게 무거운 고민이 있을 것이라고는 상상도 하지 못했거든요. 무엇보다 그 학생이 혹시라도 자해하다가 위험한 상황이 생기지는 않을까 걱정이 되어서 불안해요.	N	2022-07-09 04:25:11	2022-11-08 04:11:46
BE22007347	6	1	네가 불안한 마음이 드는 게 당연해. 아끼던 제자가 무거운 고민을 털어놓았잖니. 너의 마음이 얼마나 무거울지 이해가 돼.	N	2022-07-09 04:25:11	2022-11-08 04:11:46
BE22007347	7	0	학생들이 스트레스를 받지 않도록 평소에 많이 노력했다고 생각했는데, 그게 아니었나 봐요. 겉모습만 보고 마음의 상처를 몰랐던 스스로가 한심해요. 지금, 이 순간에도 그 학생의 마음에 생긴 멍이 더욱 커지고 있지는 않을까 불안해요.	N	2022-07-09 04:25:11	2022-11-08 04:11:46
BE22007347	8	1	그 학생은 선생님인 너와 이야기를 나눈 것만으로도 아마 큰 힘이 되었을 거야. 때로는 그저 누군가에게 자신의 고민을 말하는 것만으로도 위로가 될 수 있단다.	N	2022-07-09 04:25:11	2022-11-08 04:11:46
BE22007347	9	0	저와의 상담 시간이 별 효과가 없어서 그 학생이 혹시라도 외로움을 느끼고 있으면 어쩌죠? 제가 실수했던 부분이 있을 것 같아서 불안해요. 만약 미숙한 제 태도에 학생이 상처받았다면 너무나 큰 회의감이 들 것 같아요.	N	2022-07-09 04:25:11	2022-11-08 04:11:46
BE22007347	10	1	마음이 불안할 때는 다양한 걱정이 생길 수 있으니 잠시 마음을 진정해보는 것은 어떨까? 상담을 통해 네 역할을 잘 해냈으니 일어나지 않은 일에 대해 너무 불안해하지 않길 바라. 평소에 학생들에게 친구 같은 다정함으로 다가간 너의 마음이 학생에게 잘 전달되었을 거야.	N	2022-07-09 04:25:11	2022-11-08 04:11:46
BE22007347	11	0	그 학생은 고민을 털어놓는 내내 눈물을 보였는데, 그 모습이 참 안쓰러웠어요. 상담이 끝난 뒤에는 마음이 가벼워졌다며 고민을 털어놓길 잘했다고 했어요. 마음이 홀가분해져서 다행이라고 느꼈지만, 집에 와서도 내내 그 학생이 걱정되어서 잠이 안 와요.	N	2022-07-09 04:25:11	2022-11-08 04:11:46
BE22007347	12	1	너와의 상담이 그 학생에게 큰 위로가 된 것 같아서 엄마는 네가 참 자랑스러워. 우리 딸이 선생님의 역할과 책임에 최선을 다했다는 게 느껴져서 정말 멋지다고 생각해. 그 학생에게 든든한 선생님이 되어주었으니 마음 편히 쉬길 바라.	N	2022-07-09 04:25:11	2022-11-08 04:11:46
BE22007347	13	0	고마워요, 엄마. 엄마 덕분에 막연하게 커지던 불안함이 서서히 사라지고 있어요. 엄마가 아니었다면 밤새 끝없는 불안함에 뒤척였을 거예요. 엄마 말처럼 최선을 다했으니 앞으로 그 학생을 위해 무엇을 할 수 있을지 천천히 생각해야겠어요.	N	2022-07-09 04:25:11	2022-11-08 04:11:46
BE22007347	14	1	처음 겪은 상황에서도 늘 용기를 갖고 나아가는 우리 딸이 아주 멋져. 학생의 슬픔이 더 커지지 않도록 노력하는 네 모습이 너무나 아름답단다. 앞으로도 힘든 일이 생기면 언제나 네 편인 엄마를 찾아오렴!	N	2022-07-09 04:25:11	2022-11-08 04:11:46
BE22007347	15	0	제게 늘 힘이 되어주셔서 감사해요, 엄마! 학생을 도우려면 저 역시 힘을 내야 하니, 불안함을 갖는 대신 긍정적으로 생각하며 노력할게요!	Y	2022-07-09 04:25:11	2022-11-08 04:11:47
