id	utterance_id	utterance_type	utterance_text	terminate	regDate	updDate
BE22010795	1	0	엄마, 저 치과 가야 할 거 같아요. 이젠 못 참겠어요.	N	2022-07-21 11:10:20	2022-11-08 04:33:49
BE22010795	2	1	아니, 왜? 치아에 무슨 문제가 생긴 거니? 그런 말 없었잖아.	N	2022-07-21 11:10:20	2022-11-08 04:33:49
BE22010795	3	0	양치할 때마다 이가 너무 시려요. 거울로 들여다보면 어금니가 다 새까만 게, 많이 썩은 거 같아요. 어떡해요?	N	2022-07-21 11:10:20	2022-11-08 04:33:49
BE22010795	4	1	아이고, 진작 말했으면 병원에 가서 초기에 치료하고, 그렇게 나빠지지 않았을 텐데 그랬구나.	N	2022-07-21 11:10:20	2022-11-08 04:33:49
BE22010795	5	0	사실은 좀 오래됐는데 치과 가기가 무서워서 말씀을 안 드렸어요. 죄송해요, 엄마.	N	2022-07-21 11:10:20	2022-11-08 04:33:49
BE22010795	6	1	엄마한테 미안할 게 뭐가 있어. 네가 아프니까 그게 안쓰러울 뿐이지.	N	2022-07-21 11:10:20	2022-11-08 04:33:49
BE22010795	7	0	어려서부터 왜 그렇게 치과가 무서운 건지 모르겠어요. 작년에 운동하다가 인대 다쳤을 때는 깁스하고 다녀도 하나도 무섭지 않았었는데.	N	2022-07-21 11:10:20	2022-11-08 04:33:49
BE22010795	8	1	하하, 네가 어렸을 때 유치 빠지고 영구치로 바뀔 때마다 치과 가기 무서워하긴 했지. 근데, 아프지는 않았을 텐데.	N	2022-07-21 11:10:20	2022-11-08 04:33:50
BE22010795	9	0	아픈 건 아닌데 그냥 치과 냄새하고 분위기, 기구들 같은 게 무서웠던 거 같아요. 이상하게 치과의사 가운은 더 하얗게 보이고 그랬어요.	N	2022-07-21 11:10:20	2022-11-08 04:33:50
BE22010795	10	1	그래, 당연하지. 사실은 엄마도 무섭단다. 입 벌리고 입 속을 다른 사람한테 다 보여주는 것도 좋은 기분은 아니잖니.	N	2022-07-21 11:10:20	2022-11-08 04:33:50
BE22010795	11	0	정말요? 다행히 저만 그런 건 아닌 거네요? 충치가 많이 생겨서 가긴 가야 할 텐데, 아주 무서웠거든요.	N	2022-07-21 11:10:20	2022-11-08 04:33:50
BE22010795	12	1	그럼. 누구든지 다 그래. 요즘은 기술도 더 좋아져서 통증도 훨씬 줄었다고 하니 오늘이라도 엄마랑 같이 가보자.	N	2022-07-21 11:10:20	2022-11-08 04:33:50
BE22010795	13	0	가긴 가야 할 거 같은데 좀 편안하게 치과 치료받는 방법은 없을까요? 창피하지만 벌써 떨린단 말이에요.	N	2022-07-21 11:10:20	2022-11-08 04:33:50
BE22010795	14	1	그럼 치료 중에 네가 좋아하는 음악도 틀고, 코로 길고 깊게 심호흡하면 훨씬 더 편안하단다.	N	2022-07-21 11:10:20	2022-11-08 04:33:50
BE22010795	15	0	그래요? 좋은 방법 같아요. 고마워요, 엄마. 진작 말씀드릴 걸 그랬어요.	N	2022-07-21 11:10:20	2022-11-08 04:33:50
BE22010795	16	1	그거 봐라. 엄마가 다 경험이 있어서 말하는 거니까 틀림없이 효과가 있을 거다. 이젠 좀 편하게 치과 다닐 수 있게 되지 않겠니?	N	2022-07-21 11:10:20	2022-11-08 04:33:50
BE22010795	17	0	벌써 마음이 좀 편안해졌어요. 빨리 가서 치료받을게요.	Y	2022-07-21 11:10:20	2022-11-08 04:33:50
