id	utterance_id	utterance_type	utterance_text	terminate	regDate	updDate
BE22015591	1	0	엄마, 원룸 짐 정리 이제 끝났어요. 엄마 밑에서 편하게 살다 이제부터 혼자 다 책임지고 지내야 한다 생각하니 좀 불안하네요. 밥이나 제대로 챙겨 먹을 수 있을지 걱정이에요.	N	2022-08-25 02:32:53	2022-08-25 02:32:53
BE22015591	2	1	처음으로 혼자 생활하게 되었으니 왜 안 그렇겠어? 둥지를 떠난 아기 새처럼 모든 게 불안할 거야. 엄마도 어린애를 물가에 내놓은 거 같아 정말 걱정된다.	N	2022-08-25 02:32:53	2022-11-08 05:04:00
BE22015591	3	0	새로 입사한 회사도 아직 모든 게 서먹서먹한데 처음으로 자취 생활까지 하려니 진짜 불안해요. 이럴 줄 알았으면 그냥 집 가까운 데 아무 데나 다닐 걸 그랬어요. 회사 조건 따지다 여기까지 온 게 후회되네요.	N	2022-08-25 02:32:53	2022-11-08 05:04:00
BE22015591	4	1	그래도 네가 모든 조건을 따져 심사숙고해서 고른 회사잖아? 당장은 힘들어도 앞날을 생각하면 엄마 생각에도 잘한 것 같아. 그러니 네가 한 선택을 후회하지 않았으면 좋겠어.	N	2022-08-25 02:32:53	2022-11-08 05:04:00
BE22015591	5	0	제가 여기서 과연 잘 버틸 수 있을지 모르겠어요. 당장 밥 해먹을 생각하니 눈앞이 깜깜하네요. 점심은 회사에서 해결한다 쳐도 나머지는 줄곧 라면만 먹게 되는 건 아닌지 진짜 불안해요.	N	2022-08-25 02:32:53	2022-11-08 05:04:00
BE22015591	6	1	엄마가 반찬은 해다 주겠지만 거리가 멀어서 자주는 못 갈 거야. 네 건강은 스스로 챙기며 살아야 나중에 후회하지 않게 돼. 건강은 건강할 때 챙기라는 말 잊지 말고 마음을 단단히 먹었으면 좋겠다.	N	2022-08-25 02:32:53	2022-11-08 05:04:01
BE22015591	7	0	엄마 말씀은 물론 알지만 그게 뜻대로 될지 모르겠다는 거예요. 이제껏 엄마 손에서 얻어먹고만 살다 어떻게 해야 좋을지 모르겠어요. 혼자 지내다 건강 해치면 엄마께도 죄송할 것 같아 걱정이에요.	N	2022-08-25 02:32:53	2022-11-08 05:04:01
BE22015591	8	1	엄마가 갖다주는 반찬을 잘 챙겨 먹기만 해도 건강은 문제없으니 걱정하지 마. 네가 담배는 안 피워 다행이지만 술을 좀 많이 마시니 그게 엄마는 걱정이다. 혼자 지낼수록 중심이 서 있어야 건강을 해치지 않으니 마음을 단단히 먹기 바란다.	N	2022-08-25 02:32:53	2022-11-08 05:04:01
BE22015591	9	0	사실은 새로운 환경에서 오는 스트레스 때문에 술을 많이 마시게 될까 봐 불안해요. 집에서는 엄마가 해장국도 끓여 주셨는데 여기서는 그런 것도 없네요. 이래저래 마음이 심란하네요.	N	2022-08-25 02:32:53	2022-08-25 02:32:53
BE22015591	10	1	새 환경을 스트레스라고만 생각지 않았으면 좋겠다. 새로운 곳에서 새로운 일을 탐험해 본다는 모험정신으로 일을 대했으면 좋겠어. 마음가짐을 어떻게 가지냐에 따라 눈앞의 현실이 기쁨으로도 바뀔 수 있지 않겠니?	N	2022-08-25 02:32:53	2022-11-08 05:04:01
BE22015591	11	0	엄마 말씀을 듣고 보니 그럴 수도 있겠어요. 겪어 보지도 않고 무조건 이건 스트레스라고 생각한 제가 생각이 짧았어요. 엄마 말씀대로 마음가짐을 좀 다르게 가져 볼게요.	N	2022-08-25 02:32:53	2022-11-08 05:04:01
BE22015591	12	1	네가 이 엄마 말을 순순히 받아주니 나는 너무 마음이 좋다. 새로운 환경에 적응하느라 힘들 텐데 그래도 엄마 걱정을 안 시키려는 모습이 너무 기특해. 마음을 다르게 가지면 모든 게 다르게 보일 테니 힘내기 바란다.	N	2022-08-25 02:32:53	2022-11-08 05:04:01
BE22015591	13	0	계속 불안했었는데 엄마랑 얘기를 하다 보니 마음이 편안해졌어요. 엄마 덕분에 새 환경에 적응할 용기가 생겼어요. 건강도 스스로 잘 챙기며 지낼 테니 너무 걱정하지 마세요.	N	2022-08-25 02:32:53	2022-11-08 05:04:01
BE22015591	14	1	네가 그렇게 마음을 먹었다면 이제 걱정할 일은 없어. 매일 일어나는 일을 신선하게 받아들이면 즐거운 나날이 될 거야. 그렇게 함으로 일과 건강, 두 마리 토끼를 다 잡는 일상이 되길 바란다.	N	2022-08-25 02:32:53	2022-11-08 05:04:01
BE22015591	15	0	엄마 말씀 명심해서 성공한 직장인이 되어 볼게요. 늘 제 편이 되어 주셔서 너무 감사합니다.	Y	2022-08-25 02:32:53	2022-08-25 02:32:53
