id	utterance_id	utterance_type	utterance_text	terminate	regDate	updDate
BE22006012	1	0	아빠. 혹시 이번 주말에 시간 괜찮으세요? 저 주차가 너무 어려워서 그런데 조금 도와주실 수 있나요?	N	2022-07-04 07:38:11	2022-11-08 04:03:06
BE22006012	2	1	아빠는 당연히 시간 되지. 우리 아들이 이번에 면허 준비하면서 주차가 어렵구나.	N	2022-07-04 07:38:11	2022-11-08 04:03:06
BE22006012	3	0	네. T코스는 그래도 할 만한데, 평행 주차는 도저히 감이 안 와요. 이러다 면허 시험 떨어지면 어떡하나 너무 걱정스러워요.	N	2022-07-04 07:38:11	2022-11-08 04:03:06
BE22006012	4	1	아빠도 벌써 몇십 년이나 운전했는데, 아직도 가끔 평행주차는 어려울 때가 있단다. 원래 운전은 어렵다고 느껴야 잘하는 거야. 조금만 연습하면 금방 잘할 수 있을 거야.	N	2022-07-04 07:38:11	2022-11-08 04:03:06
BE22006012	5	0	그래도 동기들은 막 한 번에 바로 붙었다고 하니까 괜히 더 조급해져요.	N	2022-07-04 07:38:11	2022-11-08 04:03:06
BE22006012	6	1	주변에서 바로 합격했다고 하면 신경 쓰일 수 있지. 아빠도 젊었을 때 친구들 사이에서 묘하게 운전 실력으로 서로 눈치도 보고 그랬었단다. 네 나이 때는 충분히 그럴 수 있어.	N	2022-07-04 07:38:11	2022-11-08 04:03:06
BE22006012	7	0	다른 친구들은 처음 하는 데도 엄청 잘하는 것 같고, 저만 못하는 것 같아요. 이러다 정말로 떨어지면 너무 창피할 것 같아요.	N	2022-07-04 07:38:11	2022-11-08 04:03:06
BE22006012	8	1	또래 친구들이 먼저 하게 되면 마음이 조급할 수 있지. 하지만 친구들이 괜히 자존심 부리느라 너한테 말 안 한 걸 거야. 아마 이미 면허가 있는 친구들도 아직 운전은 모두 어려워하고 있을걸?	N	2022-07-04 07:38:11	2022-11-08 04:03:06
BE22006012	9	0	그러면 그나마 조금 덜 부담스럽긴 한데. 면허 따는 것도 제가 제일 늦는 것 같아요. 다른 친구들은 심지어 면허 따고 연수도 따로 받는다고 하더라구요.	N	2022-07-04 07:38:11	2022-11-08 04:03:06
BE22006012	10	1	아무리 늦어봤자 1년 차이도 안 나지? 그 정도는 조금만 지나도 운전 실력에는 전혀 티도 안 나니까 너무 신경 쓰지 마렴. 게다가 운전 실력은 면허 따고 도로에서 조금만 주행해보면 금방 늘어.	N	2022-07-04 07:38:11	2022-11-08 04:03:06
BE22006012	11	0	그럼 나중에 면허 딴 후에 아빠가 연수도 같이 해주실 수 있어요? 따로 강사한테 받으면 너무 비싸더라구요.	N	2022-07-04 07:38:11	2022-11-08 04:03:06
BE22006012	12	1	그럼. 아빠는 네가 이렇게 커서 운전을 알려줄 수 있는 것도 너무 행복한 일이야. 너가 지금 어려워하는 평행 주차도 완벽하게 알려줄게. 그러니까 너무 걱정하지 말고 자신감을 가지렴.	N	2022-07-04 07:38:11	2022-11-08 04:03:06
BE22006012	13	0	감사해요. 아빠 덕에 그래도 조금 덜 긴장하고 운전할 수 있을 것 같아요. 운전 연습 많이 해서 다음 명절에 시골 갈 때는 제가 운전해서 갈게요!	N	2022-07-04 07:38:11	2022-11-08 04:03:06
BE22006012	14	1	그래. 아빠도 벌써부터 아주 든든하구나. 우리 아들이 이제 다 커서 아빠 운전할 때 교대도 해주고 너무 믿음직스럽다. 아빠가 응원할 테니 열심히 해보렴.	N	2022-07-04 07:38:11	2022-11-08 04:03:06
BE22006012	15	0	네! 열심히 연습해서 저도 면허 한 번에 합격할 거예요!	Y	2022-07-04 07:38:11	2022-11-08 04:03:06
