id	utterance_id	utterance_type	utterance_text	terminate	regDate	updDate
BE22004068	1	0	오늘은 좀 기분이 별로네.	N	2022-06-27 06:17:06	2022-11-08 03:50:35
BE22004068	2	1	무슨 안 좋은 일이라도 있어? 말해 봐.	N	2022-06-27 06:17:06	2022-11-08 03:50:35
BE22004068	3	0	다음 달에 아버지 퇴임식이라 그날 사용할 기념 영상을 만들었거든. 왜 이렇게 눈물이 나고 슬픈지 모르겠어. 아버지 인생의 한 막이 끝나는 것 같아.	N	2022-06-27 06:17:06	2022-11-08 03:50:35
BE22004068	4	1	아이고, 내가 옆에 있으면 안아주고 싶네. 아버지 은퇴하신다니까 생각이 많아지지?	N	2022-06-27 06:17:06	2022-11-08 03:50:35
BE22004068	5	0	이번에 영상 만들면서 느낀 건데, 아버지랑 함께했던 추억들이 별로 없는 것 같아서 후회가 돼. 가슴이 텅 빈 것처럼 공허하고 무력해.	N	2022-06-27 06:17:06	2022-11-08 03:50:35
BE22004068	6	1	네 마음이 어떨지 상상도 안 돼. 가족은 제일 소중한 존재인데 함께한 시간이 없다는 생각이 들면 나라도 너무 슬플 것 같아. 가족끼리 찍은 사진도 없어?	N	2022-06-27 06:17:06	2022-11-08 03:50:35
BE22004068	7	0	아버지께서 항상 바쁘셔서 사진이 별로 없어. 나도 이렇게까지 가족이랑 함께한 시간이 없는 줄은 정말 몰랐어. 정말 내가 이런 불효자였나 싶을 정도로 비참한 마음까지 든다.	N	2022-06-27 06:17:06	2022-11-08 03:50:35
BE22004068	8	1	너는 너대로, 아버지는 아버지 나름대로 열심히 사셨던 거지. 너 서울 올라와서 평일, 주말 할 것 없이 아르바이트 두 개씩이나 하면서 얼마나 바빴어?	N	2022-06-27 06:17:06	2022-11-08 03:50:35
BE22004068	9	0	바쁘다는 것도 다 핑계 같아. 내가 조금만 신경 썼으면 부모님이랑 더 많은 추억을 만들 수 있을 텐데. 아버지께서 회사에서 근무한 세월만 30년인데, 함께 찍은 사진도 별로 없다는 게 너무 후회스러워.	N	2022-06-27 06:17:06	2022-11-08 03:50:35
BE22004068	10	1	그럴 수 있지. 각자 열심히 살았을 뿐인데, 그 와중에 시간이 몇십 년이 흘러버렸으니까. 얼마든지 후회스러운 마음이 들 수 있어.	N	2022-06-27 06:17:06	2022-11-08 03:50:35
BE22004068	11	0	그러게말이야. 지난 주에 본가 내려갔는데 아버지 머리가 하얗게 세셨더라고. 이렇게 시간이 빠르게 흘러갈 줄 몰랐어.	N	2022-06-27 06:17:06	2022-11-08 03:50:35
BE22004068	12	1	부모님 뵙고 더 속상했겠네.	N	2022-06-27 06:17:06	2022-11-08 03:50:35
BE22004068	13	0	응. 이제 60대신데 함께 한 시간이 없다고 느껴지니까 더 심한 것 같아. 내가 너무 무심했어.	N	2022-06-27 06:17:06	2022-11-08 03:50:35
BE22004068	14	1	이제부터라도 부모님이랑 시간 자주 보내면서 사진도 찍고 그러면 되지. 아버지께서 퇴임하시게 되면 가족들이랑 함께하는 시간이 더 많아지잖아. 가족들이랑 더 많은 추억을 쌓을 기회가 왔다고 긍정적으로 생각해보는 건 어때?	N	2022-06-27 06:17:06	2022-11-08 03:50:35
BE22004068	15	0	그러기에는 너무 늦은 건 아니겠지?	N	2022-06-27 06:17:06	2022-11-08 03:50:35
BE22004068	16	1	당연히 아니지. 너 이번에 취업해서 입사하기 전까지 시간 두 달 정도 있잖아. 그동안 가족여행도 가고 하면서 시간 많이 보내면 되지. 앞으로 부모님과 함께할 시간이 더 많은걸!	N	2022-06-27 06:17:06	2022-11-08 03:50:35
BE22004068	17	0	그래야겠다. 나도 너무 후회만 하지 말고 지금부터라도 부모님 자주 봬야겠어. 네 말대로 앞으로도 시간이 많으니.	N	2022-06-27 06:17:06	2022-11-08 03:50:35
BE22004068	18	1	그럼. 부모님도 무척 기뻐하실 거야!	N	2022-06-27 06:17:06	2022-11-08 03:50:35
BE22004068	19	0	그렇게 말해줘서 고마워. 퇴임식 끝나고 어떻게 마무리됐는지 다시 연락할게.	N	2022-06-27 06:17:06	2022-11-08 03:50:35
BE22004068	20	1	응, 기다릴게! 그때 또 얘기하자.	Y	2022-06-27 06:17:06	2022-11-08 03:50:35
