id	utterance_id	utterance_type	utterance_text	terminate	regDate	updDate
BE22006852	1	0	어젯밤에 비 왔잖아? 일어났더니 서늘하면서 뭔가 스산한 느낌이 들어서 슬프다.	N	2022-07-07 08:07:10	2022-11-08 04:08:37
BE22006852	2	1	비가 많이 와서 날이 갑자기 서늘해져서 그런가? 아니면 혹시 무슨 일 있는 거니?	N	2022-07-07 08:07:10	2022-11-08 04:08:37
BE22006852	3	0	요즘에 그냥 축 늘어지고 매사에 의욕이 없고 싫증이 나네. 그래서 그런지 비 온 후에 날이 서늘하니까 섬찟하면서 스산해서 울적해.	N	2022-07-07 08:07:10	2022-11-08 04:08:37
BE22006852	4	1	네가 매사에 의욕이 없다고 하니까 너무 걱정되고 염려된다. 평소에는 네가 매우 활력적이고 생기발랄해서 보는 나까지도 기분 좋아지는데. 네가 울적하다고 하니까 너무 걱정되네.	N	2022-07-07 08:07:10	2022-11-08 04:08:37
BE22006852	5	0	사실, 얼마 전에 비 오는 날 남자 친구랑 헤어졌어. 그래서 그런지 비 오고 기온까지 떨어져서 서늘해지니까 내 마음이 더 외롭고 슬프네.	N	2022-07-07 08:07:10	2022-11-08 04:08:37
BE22006852	6	1	그런 일이 있었구나. 오랫동안 만난 사람인데 헤어졌다니 네가 정말 기분이 울적하겠다. 비만 와도 남자 친구가 생각나서 슬플 텐데 서늘하기까지 해서 슬픔이 더 크게 느껴졌을 거 같아.	N	2022-07-07 08:07:10	2022-11-08 04:08:37
BE22006852	7	0	응, 진짜 너 말처럼 그런 거 같아. 원래 비가 오나 해가 쨍쨍하나 항상 즐겁고 행복했는데. 남자 친구랑 헤어진 지 얼마 안 돼서 슬픈데 헤어진 날처럼 비 오고 서늘해지니 더 답답하다.	N	2022-07-07 08:07:10	2022-11-08 04:08:38
BE22006852	8	1	그냥도 비 오고 날 서늘해지면 우울해지거나 염세적인 마음이 들 수 있는데. 아직 아픔이 아물지 않았으니 슬픈 마음이 더 증폭할 거 같기도 해.	N	2022-07-07 08:07:10	2022-11-08 04:08:38
BE22006852	9	0	맞아. 사실 나 아픔을 빨리 잊어내려고 아무렇지 않은 척했어. 빨리 훌훌 털어버리고 평소처럼 돌아가려고 괜찮은 척해서 슬픔이 더 커진 거 같기도 해.	N	2022-07-07 08:07:10	2022-11-08 04:08:38
BE22006852	10	1	아직 마음을 추스르지 못했을 텐데 빨리 회복하려고 하는 것도 힘들 수 있을 거 같아. 네가 힘들 거 같아서 내 마음도 너무 안타깝다. 그래도 너는 긍정적이고 활력적인 사람이라서 차츰차츰 괜찮아질 수 있을 거야.	N	2022-07-07 08:07:10	2022-11-08 04:08:38
BE22006852	11	0	그래도 네가 문자 하면서 위로해 주고 공감해 줘서 슬프고 울적했던 마음이 한결 가벼워진 거 같아.	N	2022-07-07 08:07:10	2022-11-08 04:08:38
BE22006852	12	1	너 마음이 조금이라도 편안해졌다고 하니 내 마음도 좋아진다. 거기다 요즘 계속 구름이 껴있어서 어둡고 분위기도 스산했잖아. 그래서 충분히 기분이 더 울적할 수 있을 거 같아.	N	2022-07-07 08:07:10	2022-11-08 04:08:38
BE22006852	13	0	응, 정말 그런 거 같아. 그래도 네가 내 마음을 이해해 주고 알아줘서 얼마나 마음이 따뜻해 진지 몰라. 너무 고마워.	N	2022-07-07 08:07:10	2022-11-08 04:08:38
BE22006852	14	1	아니야, 언제든 힘들거나 우울한 일이 있으면 문자 해. 내가 얘기를 들어줘서 너 마음이 조금이나마 편해질 수 있다면 언제든 환영이야.	Y	2022-07-07 08:07:10	2022-11-08 04:08:38
