id	utterance_id	utterance_type	utterance_text	terminate	regDate	updDate
BE22001601	1	0	어쩌면 좋아. 지금 감정이 진정이 안 돼.	N	2022-06-16 06:13:23	2022-11-08 03:34:45
BE22001601	2	1	어머 무슨 일 있어? 괜찮아?	N	2022-06-16 06:13:23	2022-11-08 03:34:45
BE22001601	3	0	방금 남편이랑 싸우다가 순간적으로 너무 화가 나서 이혼하자고 해버렸어. 그 뒤로 남편은 나가버렸고.	N	2022-06-16 06:13:23	2022-11-08 03:34:45
BE22001601	4	1	아이고 그런 일이 있었구나. 너도 순간적으로 격해져서 한 말 같은데 많이 놀랐겠다.	N	2022-06-16 06:13:23	2022-11-08 03:34:45
BE22001601	5	0	응. 말해놓고 나도 당황했는데 남편은 충격이었는지 그냥 그 자리를 박차고 나가버리더라고. 지금도 심장이 두근거려.	N	2022-06-16 06:13:23	2022-11-08 03:34:45
BE22001601	6	1	그 맘 알지. 진심이 아닌데 감정에 압도당해서 나도 모르게 후회되는 말을 했을 때 얼마나 마음이 불편하고 무거운지 알아.	N	2022-06-16 06:13:23	2022-11-08 03:34:46
BE22001601	7	0	내가 왜 그렇게까지 말했을까 싶어. 아무리 화가 나도 해서는 안 되는 말이 있는데 내가 선을 넘어버린 느낌이야.	N	2022-06-16 06:13:23	2022-11-08 03:34:46
BE22001601	8	1	감정이 격해질 때 누구나 실수할 수 있지. 너무 자책하지는 마. 일단은 격해진 감정을 서로 추스르는 게 좋지 않을까?	N	2022-06-16 06:13:23	2022-11-08 03:34:46
BE22001601	9	0	그래야지. 순간적으로 나도 놀라고 마음이 진정이 안 돼서 너에게 연락했는데 그래도 너랑 얘기하니까 조금은 진정이 된다.	N	2022-06-16 06:13:23	2022-11-08 03:34:46
BE22001601	10	1	나도 남편이랑 종종 그렇게 싸운 일이 있어서 너 마음이 뭔지 너무 공감이 가. 그럴 때마다 후회하곤 하는데 감정이 잘 안 다스려져서 어렵지.	N	2022-06-16 06:13:23	2022-11-08 03:34:46
BE22001601	11	0	맞아. 후회할 거 알면서도 항상 순간적인 감정을 못 이겨서 그렇게 막말을 하게 된다?	N	2022-06-16 06:13:23	2022-11-08 03:34:46
BE22001601	12	1	그래도 그러한 점을 스스로 인지하고 있으니 앞으로 감정을 다루는 데 있어서 도움이 될 거라고 생각해.	N	2022-06-16 06:13:23	2022-11-08 03:34:46
BE22001601	13	0	응 그렇게 말해줘서 고마워. 이번 계기로 다시 한번 나 자신을 돌아보고 감정을 건강하게 다루는 법을 배워야 할 것 같아.	N	2022-06-16 06:13:23	2022-11-08 03:34:46
BE22001601	14	1	내 친구 멋있다. 후회하는 걸로 끝내지 않고 배우고 노력하는 모습이 너무 보기 좋아.	N	2022-06-16 06:13:23	2022-11-08 03:34:46
BE22001601	15	0	고마워. 네가 내 얘기 들어주고 좋은 조언해 줘서 나도 이런 생각을 하게 된 거 같아.	Y	2022-06-16 06:13:23	2022-11-08 03:34:46
