id	utterance_id	utterance_type	utterance_text	terminate	regDate	updDate
BE22003289	1	0	나 최근에 자원봉사를 시작했어.	N	2022-06-24 06:17:59	2022-11-08 03:45:37
BE22003289	2	1	정말? 어떤 봉사를 하고 있어?	N	2022-06-24 06:17:59	2022-11-08 03:45:37
BE22003289	3	0	유기견을 산책시키는 자원봉사를 하고 있어.	N	2022-06-24 06:17:59	2022-11-08 03:45:37
BE22003289	4	1	좋은 일 하는구나. 혹시 힘들진 않아?	N	2022-06-24 06:17:59	2022-11-08 03:45:37
BE22003289	5	0	사실 좋은 마음으로 시작했는데, 요즘은 조금 환멸이 나.	N	2022-06-24 06:17:59	2022-11-08 03:45:37
BE22003289	6	1	왜? 무슨 일 있었어?	N	2022-06-24 06:17:59	2022-11-08 03:45:37
BE22003289	7	0	다름이 아니라, 이렇게 착하고 예쁜 아이들을 책임감 없이 유기한 사람들이 정말 미워. 아이들을 볼 때 마음이 아파.	N	2022-06-24 06:17:59	2022-11-08 03:45:37
BE22003289	8	1	전해 듣는 나도 마음이 아픈데, 직접 옆에서 지켜보는 네 마음은 더 안 좋겠다.	N	2022-06-24 06:17:59	2022-11-08 03:45:37
BE22003289	9	0	응. 처음에 예쁘다고 데려가 놓고, 귀찮다고 유기하는 게 말이 되니? 반려견도 가족인데 말이야. 정말 이해 안 되고 화가 나.	N	2022-06-24 06:17:59	2022-11-08 03:45:37
BE22003289	10	1	맞아. 반려견도 가족인데, 그걸 간과하는 사람들이 정말 많은 것 같아서 나도 화가 나. 심지어 펫숍에서 예쁜 종을 유지하려고 무자비하게 번식시키다 보니, 유전병을 가진 아이들이 많다고 들었어.	N	2022-06-24 06:17:59	2022-11-08 03:45:37
BE22003289	11	0	맞아. 그것도 모르고 펫숍에서 입양한 뒤에 유전병이 있다고 유기하는 거야. 심지어 내 주변에도 펫숍을 통해 강아지를 입양하겠다는 사람이 있더라. 여전히 주인을 기다리는 유기견이 이렇게나 많은데 말이야.	N	2022-06-24 06:17:59	2022-11-08 03:45:37
BE22003289	12	1	네가 유기견 봉사를 하고 있는데도 그런 말을 하다니 정말 배려도 없고 생각도 없다. 네가 왜 환멸이 나는지 알 것 같아.	N	2022-06-24 06:17:59	2022-11-08 03:45:37
BE22003289	13	0	네가 공감해 줘서 다행이야. 어떤 사람들은 펫숍에서 입양을 안 하면 거기 있는 강아지들은 어떡하냐 하더라. 정말 상식이 안 통하는 것 같아.	N	2022-06-24 06:17:59	2022-11-08 03:45:37
BE22003289	14	1	말도 안 되는 소리를 들을 듣고 있자니 정말 답답했겠다. 그런 사람들은 어떻게든 본인들의 행동을 정당화 시키려는 것 같아.	N	2022-06-24 06:17:59	2022-11-08 03:45:37
BE22003289	15	0	맞아. 그리고 유기견은 보살펴 주기 힘들다는 편견들도 속상해. 똑같이 사랑받을 자격이 있는 아이들인데 말이야.	N	2022-06-24 06:17:59	2022-11-08 03:45:37
BE22003289	16	1	그러니까. 나도 사랑받은 유기견이 점점 행복한 얼굴로 변화하는 사진을 본 적 있어. 나는 안타까운 마음은 가득했지만 직접 봉사할 생각은 못 했었는데, 너는 정말 대단한 것 같아. 너처럼 따뜻하고 용기 있는 사람들 덕분에 세상이 조금은 변할 수 있지 않을까?	N	2022-06-24 06:17:59	2022-11-08 03:45:37
BE22003289	17	0	그럴 수 있으면 좋겠어. 최근에 봉사하면서 마음이 많이 힘들었는데 덕분에 다시 힘이 나는 것 같아.	N	2022-06-24 06:17:59	2022-11-08 03:45:37
BE22003289	18	1	그랬다면 다행이야. 작은 행동이 모여서 세상을 바꾼다고 하잖아. 나도 너와 함께 유기견 봉사에 동참해서 강아지들에게 행복한 기억을 심어주고 사람들의 인식을 바꾸고 싶어.	N	2022-06-24 06:17:59	2022-11-08 03:45:37
BE22003289	19	0	너와 함께 봉사한다면 더 힘내서 봉사할 수 있을 것 같아. 우리 같이 유기견에 대한 인식을 바꿔보자.	Y	2022-06-24 06:17:59	2022-11-08 03:45:37
