id	utterance_id	utterance_type	utterance_text	terminate	regDate	updDate
BE22004572	1	0	나는 정말 왜 이럴까. 제대로 할 줄 아는 게 하나도 없는 것 같아.	N	2022-06-28 07:21:28	2022-11-08 03:53:49
BE22004572	2	1	왜 그래? 기분이 안 좋아 보여. 무슨 일 있었어?	N	2022-06-28 07:21:28	2022-11-08 03:53:49
BE22004572	3	0	이번 시험을 완전히 망쳐 버렸어. 시험 공부를 제대로 하지 못했거든.	N	2022-06-28 07:21:28	2022-11-08 03:53:49
BE22004572	4	1	그랬구나, 정말 크게 후회되겠어. 아무리 열심히 해도 부족하다고 느껴지는 게 사람 마음이잖아. 그럴 수조차 없었다면 훨씬 속상했을 것 같아.	N	2022-06-28 07:21:28	2022-11-08 03:53:49
BE22004572	5	0	차라리 나한테 기회가 있었으면 더 잘할 수 있었을 거야. 그러지 못한 게 너무 아쉬워. 나 자신에게도 화가 나.	N	2022-06-28 07:21:28	2022-11-08 03:53:49
BE22004572	6	1	조금만 더 했다면 지금보다 나았을 것 같다는 생각이 너를 계속 불편하게 하는구나. 매번 간절하게 임하는 너의 마음을 알고 있는 만큼 나도 속상하다.	N	2022-06-28 07:21:28	2022-11-08 03:53:49
BE22004572	7	0	이러면 안 된다는 걸 알지만 동생을 원망하게 돼. 하필 시험 기간에 다칠 게 뭐야. 부모님도 매번 바빠서 늦게 들어오시는 와중에.	N	2022-06-28 07:21:28	2022-11-08 03:53:49
BE22004572	8	1	무엇보다 네가 어떻게 하지 못할 상황에 놓였을 때 몹시 당황스러웠겠어. 반드시 해야 하는 게 있는 걸 알면서도 하지 못했으니까. 그래도 아예 포기하지 않은 건 정말 대단하다고 생각해.	N	2022-06-28 07:21:28	2022-11-08 03:53:49
BE22004572	9	0	맞아, 아예 손 놓고 싶지는 않아서 남은 시간에 최선을 다했거든. 많이 부족하기는 했지만.	N	2022-06-28 07:21:28	2022-11-08 03:53:49
BE22004572	10	1	무엇도 내 뜻대로 풀리지 않는 상황에서도 의지를 잃지 않으려고 노력했구나. 그만큼 공부하는 동안 유난히 외로웠을 것 같아. 그동안 고생 많았어.	N	2022-06-28 07:21:28	2022-11-08 03:53:49
BE22004572	11	0	결과는 아쉽게 나왔지만 내 마음을 알아주는 사람이 있어서 다행이야. 기분이 한결 나아졌어.	N	2022-06-28 07:21:28	2022-11-08 03:53:49
BE22004572	12	1	괜찮아졌다니 나도 마음이 놓여. 이번 시험 점수는 잊어버리고 다음 시험을 열심히 준비해 보자. 그때는 너의 노력이 분명 빛을 발할 거야.	N	2022-06-28 07:21:28	2022-11-08 03:53:49
BE22004572	13	0	응, 그게 좋겠다. 다음 시험에서는 이번에 망친 걸 꼭 만회할 수 있었으면 좋겠어. 더 열심히 해 볼래.	N	2022-06-28 07:21:28	2022-11-08 03:53:49
BE22004572	14	1	힘들 때도 있겠지만 지금처럼 이겨 낼 수 있을 거야. 넌 그만큼 성실하고 부지런하니까. 또 힘든 일이 생기면 언제든 나한테 얘기해.	Y	2022-06-28 07:21:28	2022-11-08 03:53:49
