id	utterance_id	utterance_type	utterance_text	terminate	regDate	updDate
BE22003226	1	0	오늘 정말 후회되는 일이 있었어.	N	2022-06-24 04:39:38	2022-11-08 03:45:13
BE22003226	2	1	무슨 일 인지 말해줄 수 있니?	N	2022-06-24 04:39:38	2022-11-08 03:45:13
BE22003226	3	0	오늘 학교 특별활동 시간에 매점에 몰래 나와 있다가 부장 선생님께 걸렸어. 정말 후회돼.	N	2022-06-24 04:39:38	2022-11-08 03:45:13
BE22003226	4	1	매점에 몰래 있다가 걸렸다니 네가 상당히 후회되고 당황스러울 만하겠다. 어떤 상황인지 구체적으로 물어봐도 될까?	N	2022-06-24 04:39:38	2022-11-08 03:45:13
BE22003226	5	0	오늘 특별활동 시간에 내가 좋아하지 않는 미술활동을 했거든. 나는 그 활동이 너무 지루해서 친구 한명을 데리고 매점에 가서 라면을 사 먹었어. 분명 학칙에 위반되는 행동이었고, 내가 잘못했어.	N	2022-06-24 04:39:38	2022-11-08 03:45:13
BE22003226	6	1	네가 잘못했다는 걸 안다는 것이 가장 중요한 거야. 잘못을 저지르고 반성하지 않는 게 가장 나쁜 거지. 너가 스스로 학칙에 위반된 나쁜 행동을 했다는 것을 알았다면 잘한 거야.	N	2022-06-24 04:39:38	2022-11-08 03:45:13
BE22003226	7	0	게다가 그 친구와 교무실에 불려와서 반 아이들이 보는 앞에서 크게 혼이 났어.	N	2022-06-24 04:39:38	2022-11-08 03:45:13
BE22003226	8	1	네가 혼나는 것을 반 아이들이 봤다니 너가 참 후회되고 창피했겠다. 나도 그렇게 혼난 적이 있었는데 쥐구멍으로 숨고 싶었어.	N	2022-06-24 04:39:38	2022-11-08 03:45:13
BE22003226	9	0	선생님이 반성문을 작성하라고 하셔서, 반성문을 작성했는데 눈물이 뚝뚝 흘렀어. 내가 왜 그랬는지 싶고.	N	2022-06-24 04:39:38	2022-11-08 03:45:13
BE22003226	10	1	사람이 살면서 실수할 수 있는 거지. 너의 충동적인 선택이 좋은 선택은 아니었겠지만 너는 처음 벌인 일이잖아. 실수는 누구나 할 수 있는지 다음부터는 그러지 않으면 돼.	N	2022-06-24 04:39:38	2022-11-08 03:45:13
BE22003226	11	0	다음부터 안 그러면 괜찮겠지? 다음부터는 절대 학교 특별활동 시간에 매점에 몰래 가지 않으려고.	N	2022-06-24 04:39:38	2022-11-08 03:45:13
BE22003226	12	1	다음부터 안 그러면 당연히 괜찮지. 선생님도 네가 분명 반성했다고 생각하실 거야. 내가 아는 너는 그렇게 부도덕한 아이는 아니니까 이번 기회로 더 성장할 수 있을 거야.	N	2022-06-24 04:39:38	2022-11-08 03:45:13
BE22003226	13	0	그렇게 말해줘서 고마워. 부정적인 생각이 많았는데 너의 말을 들으니 이번 기회로 더 발전할 수 있겠다는 생각이 드네. 긍정적인 방향으로 생각하도록 노력할게.	N	2022-06-24 04:39:38	2022-11-08 03:45:13
BE22003226	14	1	그런 생각이 들었다면 난 더할 나위 없이 행복한걸.	N	2022-06-24 04:39:38	2022-11-08 03:45:13
BE22003226	15	0	너의 조언 덕분에 내가 한층 더 단단해진 것 같아. 고마워.	Y	2022-06-24 04:39:38	2022-11-08 03:45:13
