id	utterance_id	utterance_type	utterance_text	terminate	regDate	updDate
BE22005082	1	0	어제 마트에서 식빵을 사 와서 아침에 먹으려고 보니 곰팡이가 난 거 있지.	N	2022-06-29 07:01:21	2022-11-08 03:57:06
BE22005082	2	1	진짜? 너 전부터 직접 토스트 만들어 먹고 싶어 했었잖아. 해 먹으려고 마음먹고 사 온 건데 곰팡이라니... 정말 우울했겠다. 내가 너라면 진짜 우울했을 거야.	N	2022-06-29 07:01:21	2022-11-08 03:57:06
BE22005082	3	0	응, 오랜만에 여유로운 날이라 직접 만들어 먹고 싶어서 사 왔는데 아침부터 정말 너무 우울했어. 심지어 그 마트 내가 정말 자주 가는 곳이잖아. 믿고 가던 곳이었는데 이젠 이용 못할 것 같아서 이건 이거대로 더 우울해.	N	2022-06-29 07:01:21	2022-11-08 03:57:06
BE22005082	4	1	알지, 제품도 신선하고 가격도 저렴하다고 네가 정말 입이 닳도록 칭찬했던 곳인데. 심지어 출근 전에도 퇴근 후에도 매번 들리던 곳 아니었어? 너무 속상하다... 그래서 마트는 어떻게 조치했어?	N	2022-06-29 07:01:21	2022-11-08 03:57:06
BE22005082	5	0	정말 죄송하다면서 바로 환불 조치하고 새로운 식빵을 가져다주더라. 마음 같아서는 안 받고 그냥 나오고 싶었는데, 직원 얼굴을 보니 거절하기 그래서 그냥 받아왔어.	N	2022-06-29 07:01:21	2022-11-08 03:57:06
BE22005082	6	1	나라도 안 받고 싶었을 거야. 그 식빵에는 또 무슨 문제가 있을 줄 알고... 네 마음 이해해.	N	2022-06-29 07:01:21	2022-11-08 03:57:06
BE22005082	7	0	근데 네 말대로 정말 이 식빵에는 무슨 문제가 있을까 싶어 손을 못 대겠더라. 정말 믿고 오랫동안 가던 곳인데 이렇게 바로 믿음이 깨지다니. 이제 어디 마트를 이용해야 할까 고민해야 하는 게 너무 우울하고 속상해.	N	2022-06-29 07:01:21	2022-11-08 03:57:06
BE22005082	8	1	신뢰가 사라지는 건 당연한 거라고 생각해. 잘못은 네가 아닌 마트가 한 거니까, 너무 우울해하지 말자. 나랑 같이 다른 마트 찾아보는 건 어때?	N	2022-06-29 07:01:21	2022-11-08 03:57:06
BE22005082	9	0	그래야겠어. 그럼 새로 받아온 식빵은 어떻게 할까? 먹기에는 찝찝한데 버리기에는 너무 아까워.	N	2022-06-29 07:01:21	2022-11-08 03:57:06
BE22005082	10	1	아직 아침을 못 먹었으니 우선 먹는 거 어때? 겉보기에 곰팡이 없고 상태가 괜찮아 보이면 먹어도 될 것 같아. 찝찝할 테지만 어제 네가 구매한 그 물품만 그럴 거라 생각하고 그냥 먹자.	N	2022-06-29 07:01:21	2022-11-08 03:57:06
BE22005082	11	0	알겠어, 이왕 받아온 이상 먹기는 해야 하니까. 그럼 혹시 조금 이따가 나랑 다른 마트 찾으러 가 줄 수 있어?	N	2022-06-29 07:01:21	2022-11-08 03:57:06
BE22005082	12	1	당연하지. 우선 내가 자주 가는 마트로 가 보자. 거기도 네가 이용하던 곳만큼 가격도 저렴하고 제품 품질도 좋아.	N	2022-06-29 07:01:21	2022-11-08 03:57:06
BE22005082	13	0	정말? 네 말 들으니 아까 고민하느라 우울했던 마음이 조금 나아진 것 같아. 마트가 내가 가던 곳만 좋은 것도 아니고 다른 곳도 충분히 좋을 거라 생각하니 괜찮아졌어.	N	2022-06-29 07:01:21	2022-11-08 03:57:06
BE22005082	14	1	기분이 나아졌다니 정말 다행이야. 사실 네 말 들으면서 정말 걱정 많이 했거든. 이용권도 등록할 만큼 네가 많이 좋아했던 곳이라는 걸 잘 알고 있어서.	N	2022-06-29 07:01:21	2022-11-08 03:57:06
BE22005082	15	0	걱정해 줘서 고마워. 뭐, 이제 다른 곳 찾으면 새로 이용권 등록하고 거기로 자주 다니면 되니까 괜찮아. 그럼 조금 이따가 우리 매번 만나던 곳 앞에서 만나는 거 어때?	N	2022-06-29 07:01:21	2022-11-08 03:57:06
BE22005082	16	1	좋아, 거기서 보자. 혹시 모르니까 장바구니도 들고 와!	Y	2022-06-29 07:01:21	2022-11-08 03:57:06
