id	utterance_id	utterance_type	utterance_text	terminate	regDate	updDate
BE22003279	1	0	요즘 시력이 좀 안 좋아졌어. 최근에 내가 학교에서 눈병을 옮았거든.	N	2022-06-24 06:03:09	2022-11-08 03:45:33
BE22003279	2	1	시력이 안 좋아졌다니 그게 무슨 말이니? 그 질병이 너의 시력 저하에 영향을 끼친 거니?	N	2022-06-24 06:03:09	2022-11-08 03:45:33
BE22003279	3	0	맞아. 눈병에 걸려서 눈을 많이 비볐더니 어느 순간 시력이 저하됐어. 병원에 가서 시력 검사를 하니 전보다 훨씬 낮은 수치가 나왔어. 너무 우울한 상황이야.	N	2022-06-24 06:03:09	2022-11-08 03:45:33
BE22003279	4	1	눈병에 걸려 시력이 저하되었다니 나라도 우울할 상황인 것 같아. 네가 많이 속상하겠다. 병원에서 객관적인 수치를 받아들였을 때의 충격받는 네 모습이 상상이 되어 나도 속상하네.	N	2022-06-24 06:03:09	2022-11-08 03:45:33
BE22003279	5	0	심지어 약을 먹고 치료해서 눈병은 다 나았지만, 저하된 시력은 그대로야.	N	2022-06-24 06:03:09	2022-11-08 03:45:33
BE22003279	6	1	네가 평상시에 눈 관리를 잘하는 편이라서 더 속상하게 느껴질 것 같아. 저하된 시력이 회복되지 않는다니 마치 내 눈인 것처럼 속상해.	N	2022-06-24 06:03:09	2022-11-08 03:45:33
BE22003279	7	0	내가 부주의해서 눈병에 걸린 것 같아. 위생관리를 더 철저히 했어야 하는데.	N	2022-06-24 06:03:09	2022-11-08 03:45:33
BE22003279	8	1	요즘에 눈병이 굉장히 흔한 질병이잖아. 그리고 너의 반 아이들이 많이 걸렸으면 어쩔 수 없이 걸렸을 거야. 너의 잘못이 아니야.	N	2022-06-24 06:03:09	2022-11-08 03:45:33
BE22003279	9	0	나의 감정에 공감해줘서 고마워. 시력이 안 좋아지는 바람에 안경도 새로 바꿨어. 그리고 요즘 시력에 좋다는 비타민을 챙겨 먹고 있어.	N	2022-06-24 06:03:09	2022-11-08 03:45:33
BE22003279	10	1	시력 유지에 안구 마사지가 좋다고 들었어. 네가 말하는 비타민 섭취도 도움이 되고. 그리고 안경을 꼭 착용하고 다니는 것이 중요하다고 하더라.	N	2022-06-24 06:03:09	2022-11-08 03:45:33
BE22003279	11	0	안구 마사지라는 게 있구나. 알려줘서 고마워. 너 말대로 안경을 까먹지 않고 꼭 착용하고 다닐게.	N	2022-06-24 06:03:09	2022-11-08 03:45:33
BE22003279	12	1	더 이상 너의 시력이 안 좋아지지 않았으면 좋겠다. 많이 상심했겠는데 약 먹고 치료하느라 고생했어. 앞으로 시력 유지를 위해 힘써보자. 나도 응원할게.	N	2022-06-24 06:03:09	2022-11-08 03:45:33
BE22003279	13	0	나에게 공감해주고 다양한 해결책들을 주니 도움이 많이 되었어.	N	2022-06-24 06:03:09	2022-11-08 03:45:33
BE22003279	14	1	네가 저하된 시력으로 고통받는데 고통은 함께 나눠야지.	N	2022-06-24 06:03:09	2022-11-08 03:45:33
BE22003279	15	0	그렇게 말해주니 너무 든든하다.	Y	2022-06-24 06:03:09	2022-11-08 03:45:33
