id	utterance_id	utterance_type	utterance_text	terminate	regDate	updDate
BE22003275	1	0	너무 슬픈 일이 생겨 회사 일이 잡히질 않네.	N	2022-06-24 05:57:45	2022-11-08 03:45:31
BE22003275	2	1	무슨 일이 있었던 거야?	N	2022-06-24 05:57:45	2022-11-08 03:45:31
BE22003275	3	0	나랑 친한 친구가 대장암으로 세상을 떠났어. 암 투병을 하면서 항암치료를 하다가 일주일 전에 죽었어. 너무 괴롭다.	N	2022-06-24 05:57:45	2022-11-08 03:45:31
BE22003275	4	1	암으로 투병을 하다가 친구를 보냈다니 내가 너였어도 너무 괴로웠을 것 같아. 정말 얼마나 괴로웠을지 내가 다 마음이 찢어지는 것 같아.	N	2022-06-24 05:57:45	2022-11-08 03:45:31
BE22003275	5	0	매번 꿈에 그 친구의 모습이 나와. 나의 마음에 구멍이 난 것 같아.	N	2022-06-24 05:57:45	2022-11-08 03:45:31
BE22003275	6	1	너가 친구를 정말 아꼈다는 걸 알기에 나도 마음이 찢어지듯 아프네. 꿈에 매번 나온다니 더 괴로울 것 같아. 사랑하는 사람을 떠나보내는 일은 항상 힘든 일이니까.	N	2022-06-24 05:57:45	2022-11-08 03:45:31
BE22003275	7	0	잠들듯이 죽었다고 들었어. 조금만 더 잘해줄 걸 하는 후회가 드네.	N	2022-06-24 05:57:45	2022-11-08 03:45:32
BE22003275	8	1	분명 그 친구도 하늘나라에서 너를 그리워할 거야. 너가 그 친구를 지극정성으로 아꼈잖아. 충분히 넌 해줄 만큼 잘 해줬어.	N	2022-06-24 05:57:45	2022-11-08 03:45:32
BE22003275	9	0	나도 어서 일상을 회복하고 친구에게 보란 듯이 잘 지내야 할 텐데.	N	2022-06-24 05:57:45	2022-11-08 03:45:32
BE22003275	10	1	친구는 너가 너무 슬퍼하지 않길 바라고 있을 수도 있어. 친구에게 떳떳할 수 있도록 보란 듯이 잘살아 봐야지.그 친구도 하늘에서 너를 응원하고 있을 거야.	N	2022-06-24 05:57:45	2022-11-08 03:45:32
BE22003275	11	0	앞으로 어떤 식으로 이 슬픔을 이겨나가야 할지 모르겠어.	N	2022-06-24 05:57:45	2022-11-08 03:45:32
BE22003275	12	1	억지로 일을 만들지는 않았으면 해. 너가 해야 할 일을 하면서 바쁘게 살다 보면 슬픔이 조금은 무뎌질 수 있을 거야. 나중에 만난다면 꼭 안아줄게.	N	2022-06-24 05:57:45	2022-11-08 03:45:32
BE22003275	13	0	너 말대로 내 할 일을 해야겠지. 친구도 내가 슬퍼 누워 울기만을 바라지 않을 거야.	N	2022-06-24 05:57:45	2022-11-08 03:45:32
BE22003275	14	1	우울할 때마다 말해. 내가 너의 든든한 버팀목이 되어줄게. 너가 그 친구에게 그랬던 것처럼 말이야.	N	2022-06-24 05:57:45	2022-11-08 03:45:32
BE22003275	15	0	그렇게 말하니 내 우울이 나아지는 기분이 드네. 정말 고마워.	Y	2022-06-24 05:57:45	2022-11-08 03:45:32
