id	utterance_id	utterance_type	utterance_text	terminate	regDate	updDate
BE22004417	1	0	나 작가 준비하던 거 포기하려고.	N	2022-06-28 01:47:28	2022-11-08 03:52:49
BE22004417	2	1	왜? 무슨 일 있었던 거야? 너는 작가가 꼭 되고 싶어 했잖아. 갑자기 그러니까 내가 걱정되네.	N	2022-06-28 01:47:28	2022-11-08 03:52:49
BE22004417	3	0	꿈을 꾸는 것도 좋지만, 좀더 현실적으로 생각하려고. 그냥 공무원 준비해보기로 결정했어. 근데 왠지 모르게 슬프네.	N	2022-06-28 01:47:28	2022-11-08 03:52:49
BE22004417	4	1	네가 얼마나 작가가 되길 원했는지 내가 제일 잘 알아서 더 마음이 아프다. 그런 결정을 내리기까지 네가 얼마나 힘들었을 생각하니까 나도 덩달아 슬프고 마음이 안 좋네.	N	2022-06-28 01:47:28	2022-11-08 03:52:49
BE22004417	5	0	응. 그토록 바라왔던 꿈을 포기한다는 게 너무 슬퍼서 어제 한바탕 울었어.	N	2022-06-28 01:47:28	2022-11-08 03:52:49
BE22004417	6	1	그 마음 너무 이해해. 공무원 준비하면서도 집중이 안 될 때마다 조금씩 글을 쓰면 안 되나? 스트레스 해소에도 좋을 것 같고 그러면 네 꿈을 완전히 포기하지는 않아도 되니까...	N	2022-06-28 01:47:28	2022-11-08 03:52:49
BE22004417	7	0	나도 그렇게 생각해봤는데 그러면 내가 둘 중 어느 한 가지에도 집중을 못할 것 같아서... 그냥 포기하는 게 나을 거 같아. 근데 좀 울적하네.	N	2022-06-28 01:47:28	2022-11-08 03:52:49
BE22004417	8	1	그래. 네 결정이 그렇다면... 공무원 합격하고 나서 다시 글쓰기 시작해도 되니까 너무 슬퍼하지 마. 작가에 나이가 있는 건 아니니까 언제든 시작할 수 있어. 걱정하지 마.	N	2022-06-28 01:47:28	2022-11-08 03:52:49
BE22004417	9	0	네 말을 들어보니까 그러네. 포기한다고 생각했는데 그러지 않아도 된다고 생각하니까 괜찮아진 것 같아. 언제든 다시 시작하면 되니까 일단은 공부에 집중해야겠다.	N	2022-06-28 01:47:28	2022-11-08 03:52:49
BE22004417	10	1	그래. 빨리 합격하고 다시 시작하면 되지. 너는 한 번 마음 먹은 건 잘 해내고 머리도 좋으니까 단기간에 붙을 거야. 다 잘 될 거니까 너무 걱정하지 마.	N	2022-06-28 01:47:28	2022-11-08 03:52:49
BE22004417	11	0	그렇게 말해주니까 힘이 나네. 너의 응원을 받아서 열심히 한 번 해볼게.	N	2022-06-28 01:47:28	2022-11-08 03:52:49
BE22004417	12	1	그래. 항상 응원하고 있으니까 언제든 고민 있으면 말해. 넌 성실한 아이니까 분명히 잘 될 거야.	N	2022-06-28 01:47:28	2022-11-08 03:52:49
BE22004417	13	0	응. 고민 들어줘서 고마워. 덕분에 마음 다잡고 시작할 수 있을 것 같아.	N	2022-06-28 01:47:28	2022-11-08 03:52:50
BE22004417	14	1	도움이 되었다니 다행이다. 다 잘 될 거야.	Y	2022-06-28 01:47:28	2022-11-08 03:52:50
