id	utterance_id	utterance_type	utterance_text	terminate	regDate	updDate
BE22005522	1	0	내가 아끼던 가방이 있었는데 잃어버렸어.	N	2022-07-01 05:27:28	2022-11-08 03:59:59
BE22005522	2	1	어떡해. 너 많이 속상했겠다. 언제 일어난 일인데?	N	2022-07-01 05:27:28	2022-11-08 03:59:59
BE22005522	3	0	어제 잃어버렸어. 정말 아끼던 가방이었거든. 근데 산 지 얼마 안 되어서 잃어버리다니 너무 눈물이 나올 것 같아.	N	2022-07-01 05:27:28	2022-11-08 03:59:59
BE22005522	4	1	나도 예전에 아끼던 물건을 잊어버린 적이 있어서 그 마음 너무 잘 알아. 나였어도 너무 속상해서 하루 종일 우울했을 거야.	N	2022-07-01 05:27:28	2022-11-08 03:59:59
BE22005522	5	0	응. 원래 하나가 있었는데 내가 마음에 들어하니까 할머니께서 하나 더 사주셨거든. 근데 할머니가 사주신 가방을 잃어버렸어.	N	2022-07-01 05:27:28	2022-11-08 03:59:59
BE22005522	6	1	그래도 하나가 남아 있으니까 같은 가방으로 하나를 더 사면 되지 않을까? 최근에 산 거고 종류도 아니까 지금도 구할 수 있을 것 같은데!	N	2022-07-01 05:27:28	2022-11-08 03:59:59
BE22005522	7	0	그건 그렇지. 근데 할머니가 사주신 가방이라 더 애정이 갔던 건데 그걸 잃어버려서 더 우울한 것 같아. 할머니가 실망하시지 않을까?	N	2022-07-01 05:27:28	2022-11-08 03:59:59
BE22005522	8	1	할머니는 너를 아끼시고 많이 사랑하시잖아. 어쩔 수 없이 잃어버린 거라고 하면 할머니가 괜찮다고 하고 오히려 슬픈 너를 위로해주실 거야. 그리고 할머니는 네가 슬픈 걸 더 원하지 않으실걸?	N	2022-07-01 05:27:28	2022-11-08 03:59:59
BE22005522	9	0	그건 그래. 할머니도 항상 내가 행복했으면 좋겠다고 말씀하셨거든.	N	2022-07-01 05:27:28	2022-11-08 03:59:59
BE22005522	10	1	그래. 그리고 할머니랑 같이 새 가방을 사러 가면 되지. 할머니랑 같이 데이트를 또 할 수 있는 기회가 생겼다고 생각하면 네 기분이 나아지지 않을까? 할머니도 너와 함께 시간을 보내는 거라면 언제든지 환영이실 거야.	N	2022-07-01 05:27:28	2022-11-08 03:59:59
BE22005522	11	0	그러네! 네가 그렇게 말해주니까 기분이 좀 나아진 것 같아. 할머니랑 데이트 하자고 연락해야겠어.	N	2022-07-01 05:27:28	2022-11-08 03:59:59
BE22005522	12	1	그래. 할머니랑 새 가방도 사고 즐거운 시간을 보내보자. 그러다 보면 어제 가방을 잃어버리게 된 일도 나중에 생각했을 때 소중한 추억이라 생각될 거야.	N	2022-07-01 05:27:28	2022-11-08 03:59:59
BE22005522	13	0	그럴 것 같아. 정말 고마워. 네 덕분에 생각의 전환을 해서 더 기분이 괜찮아진 것 같아.	N	2022-07-01 05:27:28	2022-11-08 03:59:59
BE22005522	14	1	그랬다니 다행이야. 할머니랑 즐겁게 잘 놀고 와.	Y	2022-07-01 05:27:28	2022-11-08 03:59:59
