id	utterance_id	utterance_type	utterance_text	terminate	regDate	updDate
BE22003994	1	0	곧 생일인데, 기분이 좋지 않네.	N	2022-06-27 02:45:15	2022-11-08 03:50:07
BE22003994	2	1	친구야, 무슨 일 있어? 네가 이번에 멋진 생일파티도 계획하고 있어서 엄청나게 즐거워하고 있을 줄 알았어. 하지만 기운이 없는 것 같아서 걱정되네.	N	2022-06-27 02:45:15	2022-11-08 03:50:07
BE22003994	3	0	생일파티에 오겠다는 친구가 많지 않아. 내가 초대장을 줬는데도 파티에 오는 친구들이 별로 없어서 슬퍼.	N	2022-06-27 02:45:15	2022-11-08 03:50:07
BE22003994	4	1	설레는 마음으로 파티를 기획했을 텐데, 네가 참 속상하겠다. 친구들의 불참 소식을 듣고 당황스러웠겠어.	N	2022-06-27 02:45:15	2022-11-08 03:50:07
BE22003994	5	0	스무 살 생일파티를 신나게 보내고 싶어서 친구들을 위해 많은 이벤트를 준비했거든. 그 이벤트를 다 함께 즐길 수 없어서 우울해.	N	2022-06-27 02:45:15	2022-11-08 03:50:07
BE22003994	6	1	정성스레 준비한 이벤트를 계획대로 진행할 수 없어서 아주 아쉽겠다. 너의 속상함이 느껴져서 내 마음도 아파.	N	2022-06-27 02:45:15	2022-11-08 03:50:07
BE22003994	7	0	내가 오랜 시간 애써서 준비한 파티가 다 소용없게 되어버린 것 같아서 허탈해. 헛헛한 이 마음 때문에 온종일 의욕도 없어.	N	2022-06-27 02:45:15	2022-11-08 03:50:07
BE22003994	8	1	기대를 많이 한 만큼 너의 슬픈 마음도 더욱 큰 게 당연해. 하지만 그렇다고 해서 지금까지 네가 노력해 온 과정이 무의미한 건 아니야. 친구들을 위해 열심히 준비한 너의 따뜻한 마음은 이미 모두에게 잘 전달되었으니까 너무 속상해하지 마.	N	2022-06-27 02:45:15	2022-11-08 03:50:07
BE22003994	9	0	나는 친구들이 좋아서 내 생일파티에 초대했어. 하지만 친구들은 나와의 우정을 나만큼이나 중요하게 생각하지 않는 걸까? 외로운 마음이 커지다 보니 나도 모르게 부정적인 생각들이 많아져.	N	2022-06-27 02:45:15	2022-11-08 03:50:08
BE22003994	10	1	생일파티에 오지 못하는 친구들에게는 각자의 이유가 있을 거야. 파티에 오고 싶지만, 가족들과의 중요한 약속이 있거나 미룰 수 없는 시험이 있을 수도 있어. 네가 싫거나 너와의 우정을 소홀히 생각해서 오지 못하는 것이 아니니, 외로워하지 않길 바라.	N	2022-06-27 02:45:15	2022-11-08 03:50:08
BE22003994	11	0	맞아, 그러고 보니 파티에 오지 못하는 친구들이 함께 놀지 못해 아쉽다며 미안하다고 말했어. 네 말처럼 생일파티에 오지 않는다고 해서 친구와의 우정이 변하는 건 아니니까 이제 외로워하지 않을게! 함께 놀기 위해 준비했던 이벤트는 어떻게 하면 좋을지 더 고민해봐야겠어.	N	2022-06-27 02:45:15	2022-11-08 03:50:08
BE22003994	12	1	네 마음이 괜찮아진 것 같아서 다행이야. 많은 친구가 오는 것은 아니지만 이벤트는 그대로 진행하는 게 어떨까? 너를 좋아하는 친구들은 네가 준비한 이벤트를 보고 분명 감동할 거야.	N	2022-06-27 02:45:15	2022-11-08 03:50:08
BE22003994	13	0	그렇게 말해줘서 고마워! 참가하는 인원수는 달라졌지만, 초대한 친구들을 위해 즐거운 마음으로 생일파티를 준비해야겠어. 덕분에 외로웠던 마음이 사라지고 설레는 마음이 가득해졌어!	N	2022-06-27 02:45:15	2022-11-08 03:50:08
BE22003994	14	1	좋은 추억을 만들기 위해 파티를 기획한 너의 따뜻한 마음이 정말 멋져. 친구들은 너처럼 좋은 친구를 둬서 참 행복해할 거야! 오기로 한 친구들과 행복한 생일파티를 열 수 있도록 나도 응원할게!	Y	2022-06-27 02:45:15	2022-11-08 03:50:08
