id	utterance_id	utterance_type	utterance_text	terminate	regDate	updDate
BE22007351	1	0	나 오늘 모임 못 갈 거 같아. 오래간만에 만나는 건데 불참해서 미안해.	N	2022-07-09 04:43:42	2022-11-08 04:11:48
BE22007351	2	1	갑자기 불참이라니 무슨 일 있는 거야? 모임이야 다른 날로 바꾸면 되니까 그건 걱정하지 마.	N	2022-07-09 04:43:42	2022-11-08 04:11:48
BE22007351	3	0	프로젝트가 새로 시작돼서 당분간 야근을 피할 수가 없네. 또 줄줄이 야근할 생각에 우울하다.	N	2022-07-09 04:43:42	2022-11-08 04:11:48
BE22007351	4	1	힘들다는 말 잘 안 하는 네가 우울하다고 하니 많이 힘든 건 아닌지 걱정스럽다.	N	2022-07-09 04:43:42	2022-11-08 04:11:48
BE22007351	5	0	초반에 미리 파악해야 순조롭게 진행되니까 감수는 하는데 연이은 프로젝트는 조금 벅차다.	N	2022-07-09 04:43:42	2022-11-08 04:11:48
BE22007351	6	1	일이랑 휴식이랑 균형이 맞아야 일도 능률이 오르는 거잖아. 네가 힘들어도 묵묵히 일하니까 주변에서 네가 힘들어하는 걸 모를 수도 있어. 너무 지칠 때는 동료들에게 고민을 털어놓는 게 어때?	N	2022-07-09 04:43:42	2022-11-08 04:11:48
BE22007351	7	0	나한테 믿고 맡겼는데 힘들어하는 모습 보이고 싶지 않거든. 약해 보이고 싶지 않아.	N	2022-07-09 04:43:42	2022-11-08 04:11:48
BE22007351	8	1	힘들거나 지치면 해결해야 네가 더 단단해질 수 있는 거잖아. 그런 모습을 네가 약하다고 생각하는 사람은 없을 거야. 네가 평소에 얼마나 활발하고 당당한걸.	N	2022-07-09 04:43:42	2022-11-08 04:11:48
BE22007351	9	0	난 내 기분 감추고 항상 활발하고 당차 보이고 싶었거든. 그래야 일도 더 잘하는 것처럼 보일 거 같았어.	N	2022-07-09 04:43:42	2022-11-08 04:11:48
BE22007351	10	1	사람들에게 보이는 모습만 중요한 건 아니지 않을까? 마음은 힘든데 자꾸 감추고 일하는 게 점점 너를 병들게 할 수 있어. 슬프고 우울한 건 감출 게 아니라 위로받아야 하는 거잖아.	N	2022-07-09 04:43:42	2022-11-08 04:11:48
BE22007351	11	0	그래. 맞아. 괜히 우울하게 있어서 오해받을 수도 있는데, 지금 내가 힘든 상태라고 주변에도 솔직히 말해야겠어.	N	2022-07-09 04:43:42	2022-11-08 04:11:48
BE22007351	12	1	잘 생각했어. 네 마음먹기에 따라 세상은 다르게 보이잖아. 새 프로젝트도 안정되면 야근도 점차 줄어들고 넌 또 성취감에 불타오를 거야.	N	2022-07-09 04:43:42	2022-11-08 04:11:48
BE22007351	13	0	그 성취감 때문에 내가 이 일을 못 그만두고 계속하는 거 같아.	N	2022-07-09 04:43:42	2022-11-08 04:11:48
BE22007351	14	1	반복 업무하는 직장인이 대부분이잖아. 너처럼 매번 다른 프로젝트 하는 걸 부러워하는 사람들이 얼마나 많은지 몰라.	N	2022-07-09 04:43:42	2022-11-08 04:11:48
BE22007351	15	0	고마워. 그래도 나 믿고 준 프로젝트인데 내가 이러고 있으면 안 되지.	N	2022-07-09 04:43:42	2022-11-08 04:11:48
BE22007351	16	1	네가 얼마나 일에 열정적인데 우울하게 있을 리가 없지. 이번 프로젝트로 한 단계 더 성장할 거야.	N	2022-07-09 04:43:42	2022-11-08 04:11:48
BE22007351	17	0	그래. 우리 약속은 조금 한가해지면 다시 잡자. 격려 고맙고 약속 미뤄서 미안해.	Y	2022-07-09 04:43:42	2022-11-08 04:11:48
