id	utterance_id	utterance_type	utterance_text	terminate	regDate	updDate
BE22003308	1	0	아이고, 허리가 너무 아프다.	N	2022-06-24 07:24:56	2022-11-08 03:45:44
BE22003308	2	1	무슨 일 있었어?	N	2022-06-24 07:24:56	2022-11-08 03:45:44
BE22003308	3	0	어젯밤에 바닥에서 잠을 잤더니 허리가 너무 아파서 오늘 오전에 병원에 다녀왔는데 마음이 안 좋네.	N	2022-06-24 07:24:56	2022-11-08 03:45:44
BE22003308	4	1	저런, 많이 아프겠다. 의사에게 안 좋은 말을 들었어? 왜 기분이 안 좋아?	N	2022-06-24 07:24:56	2022-11-08 03:45:44
BE22003308	5	0	바닥에서 자는 게 내 허리에 많이 안 좋대. 몇 년 전에도 의사한테 이런 얘기를 들었었거든. 그때 고쳤어야 했는데 똑같은 행동을 반복하는 나 자신이 후회되고 너무 슬퍼.	N	2022-06-24 07:24:56	2022-11-08 03:45:44
BE22003308	6	1	네가 원래 허리가 좋지 않았었구나. 괜찮아, 몸에 좋지 않은 습관을 하루아침에 고치는 것이 얼마나 어려운 일인지 알잖아? 나도 매일 이 닦는 것이 너무 어려워서 치과에서 혼난 적이 있어 네 마음 이해해.	N	2022-06-24 07:24:56	2022-11-08 03:45:44
BE22003308	7	0	습관을 고치는 것은 너무 어려운 일 같아. 알면서도 습관적으로 하는 행동들이 너무 후회가 돼.	N	2022-06-24 07:24:56	2022-11-08 03:45:44
BE22003308	8	1	너만 그런 게 아니야. 너무 속상해하지 않았으면 좋겠어.	N	2022-06-24 07:24:56	2022-11-08 03:45:44
BE22003308	9	0	습관을 고치지 않는 나 자신에게 너무 화가 나고 슬픈 감정이 들어. 지금이라도 바닥에서 자는 습관을 고치지 않는다면 수술해야 할 수도 있다는데 나 괜찮을까?	N	2022-06-24 07:24:56	2022-11-08 03:45:44
BE22003308	10	1	그럼, 너는 얼마든지 습관을 고칠 수 있을 거야. 많은 사람들이 행동을 하루아침에 고치는 데 어려움을 느끼고 있어. 네가 이상한 것이 아니고, 문제를 인지한 것만으로도 너는 이미 잘하고 있어.	N	2022-06-24 07:24:56	2022-11-08 03:45:44
BE22003308	11	0	네가 그렇게 말해주니 한결 위로가 된다. 마음이 많이 편안해져. 넌 사람을 위로하는 재주가 있어.	N	2022-06-24 07:24:56	2022-11-08 03:45:44
BE22003308	12	1	네 기분이 나아졌다니 나도 정말 기뻐.	N	2022-06-24 07:24:56	2022-11-08 03:45:44
BE22003308	13	0	네가 있어서 참 다행이야. 의사가 추천한 바닥에 까는 푹신한 매트가 있으면 도움이 된다는 데 같이 사러 가줄래?	N	2022-06-24 07:24:56	2022-11-08 03:45:44
BE22003308	14	1	네가 나를 필요로 한다면 당연히 같이 가야지. 널 도울 수 있어서 행복해.	Y	2022-06-24 07:24:56	2022-11-08 03:45:44
