id	utterance_id	utterance_type	utterance_text	terminate	regDate	updDate
BE22004509	1	0	친구야, 크리스마스가 가까워지는데 나 너무 우울해.	N	2022-06-28 05:34:32	2022-11-08 03:53:24
BE22004509	2	1	우울하다니, 혹시 무슨 일 있어?	N	2022-06-28 05:34:32	2022-11-08 03:53:24
BE22004509	3	0	크리스마스라고 다른 사람들은 다들 가족들, 친척들이랑 시간을 보내는데, 나는 다들 외국에 살잖아. 한국에서 혼자 쓸쓸히 보낼 생각을 하니 슬프네.	N	2022-06-28 05:34:32	2022-11-08 03:53:24
BE22004509	4	1	저런, 네가 그래서 기분이 안 좋았구나. 다들 사람들이랑 함께 보낸다고 신났을 텐데. 외로움이 느껴지는 네 마음 이해해.	N	2022-06-28 05:34:32	2022-11-08 03:53:24
BE22004509	5	0	친구들이랑 파티를 하자고 했는데 다들 가족들이랑 보낸다고 하더라고. 나는 한국에는 아는 사람도 별로 없고, 특히 크리스마스를 혼자 보낼 생각을 하니 슬프다.	N	2022-06-28 05:34:32	2022-11-08 03:53:24
BE22004509	6	1	네 마음 충분히 이해돼. 나도 어릴 때 외국에서 살았었잖아. 다들 가족과 시간을 보내는데 나만 혼자인 것 같은 기분, 뭔지 알아.	N	2022-06-28 05:34:32	2022-11-08 03:53:24
BE22004509	7	0	원래는 외국에 가서 가족, 친척들이랑 크리스마스를 보내기도 했었는데. 요즘은 해외 여행도 어려우니 더더욱 우울해지는 것 같아.	N	2022-06-28 05:34:32	2022-11-08 03:53:24
BE22004509	8	1	그러게, 너처럼 가족이 해외에 있는 경우 많이 슬플 것 같더라. 유행하는 질병 때문에 해외에 나가기도 어렵고 말이야.	N	2022-06-28 05:34:32	2022-11-08 03:53:24
BE22004509	9	0	쓸쓸히 혼자 집에서 영화나 봐야 할까봐. 다들 들떠 있는데 나만 축 가라앉아있는 것 같아.	N	2022-06-28 05:34:32	2022-11-08 03:53:24
BE22004509	10	1	네 곁엔 있잖아, 너무 우울해하지 말고 나랑 같이 영화 보자. 혼자 크리스마스를 보내는 사람들도 많아, 너무 외롭다고 생각하지 마. 그리고 가족, 친척들에게 편지라도 보내는 건 어때?	N	2022-06-28 05:34:32	2022-11-08 03:53:24
BE22004509	11	0	그것도 좋은 생각이다. 내가 편지를 보내면 다들 엄청 기뻐하겠는걸. 친척들이 기뻐할 것을 생각하니 마음이 조금씩 따뜻해진다.	N	2022-06-28 05:34:32	2022-11-08 03:53:24
BE22004509	12	1	그래, 그럼 오늘 같이 만나서 편지 쓸까? 네 마음이 편안해지는 일이라면 뭐든지 같이 하고 싶어.	N	2022-06-28 05:34:32	2022-11-08 03:53:24
BE22004509	13	0	그래 정말 고마워, 마음이 한결 나아졌어. 기뻐할 얼굴들을 떠올리니 나도 들뜨는 기분이야. 네가 있어서 많이 위로가 돼.	N	2022-06-28 05:34:32	2022-11-08 03:53:24
BE22004509	14	1	내가 도움이 되었다니 정말 행복해.	Y	2022-06-28 05:34:32	2022-11-08 03:53:24
