id	utterance_id	utterance_type	utterance_text	terminate	regDate	updDate
BE22006161	1	0	나 어제 좀 우울했어.	N	2022-07-04 23:59:50	2022-11-08 04:04:02
BE22006161	2	1	왜? 무슨 일 있었어?	N	2022-07-04 23:59:50	2022-11-08 04:04:02
BE22006161	3	0	어제 학교에서 학부모 참관 수업을 했는데, 우리 부모님이 못 오셨어.	N	2022-07-04 23:59:50	2022-11-08 04:04:02
BE22006161	4	1	아이고... 부모님께 잘 보이고 싶었을 텐데 못 보여드려서 슬펐겠다. 네 마음 이해해.	N	2022-07-04 23:59:50	2022-11-08 04:04:02
BE22006161	5	0	심지어 오신다고 했다가 어제 아침에 급한 일이 생기셔서 갑자기 못 오신 거거든. 그래서 더 기분이 울적한 것 같아.	N	2022-07-04 23:59:50	2022-11-08 04:04:02
BE22006161	6	1	나였어도 당연히 너처럼 느낄 거야. 한껏 기대하고 기다렸는데 갑자기 바람 빠진 풍선처럼 다 없어졌으니까. 너 되게 슬펐겠다.	N	2022-07-04 23:59:50	2022-11-08 04:04:02
BE22006161	7	0	응, 맞아. 발표도 있다고 해서 부모님 보시니까 더 준비도 열심히 했었는데, 정말 다 물거품이 된 기분이었어.	N	2022-07-04 23:59:50	2022-11-08 04:04:02
BE22006161	8	1	정말 어제 아침부터 쭉 우울했겠다. 나도 저번에 부모님이 못 오셨을 때 느꼈던 기분이랑 같아서 네 마음에 공감이 잘 가. 부모님도 정말 자녀인 네 수업에 와서 보고싶으셨을 거야.	N	2022-07-04 23:59:50	2022-11-08 04:04:02
BE22006161	9	0	어쩔 수 없는 상황인 건 알지만 그래도 자꾸만 슬프고 울적하네.	N	2022-07-04 23:59:50	2022-11-08 04:04:02
BE22006161	10	1	이번만 급한 일로 못 오신 거니까 너무 슬퍼하지 마. 의사가 아침에 급하게 상태가 악화된 환자가 생겼다고 전화를 받은 건 정말 급한 거잖아. 이것처럼 부모님이 정말 급하거나 취소할 수 없는 상황이었다고 생각하면 어때?	N	2022-07-04 23:59:50	2022-11-08 04:04:02
BE22006161	11	0	그렇게 생각하니까 이해는 가. 그래도 나중에라도 꼭 한 번은 보셨으면 좋겠어.	N	2022-07-04 23:59:50	2022-11-08 04:04:02
BE22006161	12	1	너는 언제 어디서나 누가 보든 안 보든 매사에 열심히 하는 아이잖아. 누가 보지 않아도 열심히 하는 게 얼마나 어려운 건데. 분명 부모님도 네가 어제 잘했으리라고 생각하실 거야.	N	2022-07-04 23:59:50	2022-11-08 04:04:02
BE22006161	13	0	네 말 듣고 나니까 기분이 좀 나아지는 것 같아.	N	2022-07-04 23:59:50	2022-11-08 04:04:03
BE22006161	14	1	다행이다. 다음엔 꼭 오실 거야.	N	2022-07-04 23:59:50	2022-11-08 04:04:03
BE22006161	15	0	응, 정말 고마워.	Y	2022-07-04 23:59:50	2022-11-08 04:04:03
