id	utterance_id	utterance_type	utterance_text	terminate	regDate	updDate
BE22002205	1	0	그간 좀 나아지나 했더니 아토피가 또 심해졌어.	N	2022-06-20 09:21:44	2022-11-08 03:38:42
BE22002205	2	1	저런, 염증 발진 많이 올라왔어?	N	2022-06-20 09:21:44	2022-11-08 03:38:42
BE22002205	3	0	응, 관절 접히는 곳마다 새빨갛게 올라와서 가렵고 진물이 나. 이러면 삶의 질이 바닥이라 우울감이 너무 심해지는데...	N	2022-06-20 09:21:44	2022-11-08 03:38:42
BE22002205	4	1	쯧쯧, 괴로워서 어쩌니. 거의 나은 줄 알았는데 안쓰럽고 안타깝고 속상하다. 피부과에는 가봤어?	N	2022-06-20 09:21:44	2022-11-08 03:38:42
BE22002205	5	0	아니, 저번에 타온 약 있어서 병원엔 안 갔어. 이렇게 심해지면 내 처지가 비관 돼서 집 밖으로 한 발짝도 나가기 꺼려져.	N	2022-06-20 09:21:44	2022-11-08 03:38:42
BE22002205	6	1	아토피 피부염도 문제지만 넌 정신적인 타격이 늘 더 힘든 것 같더라. 근데 그럴수록 기운내면 좋겠어. 가만히 있으면 더 힘들잖아.	N	2022-06-20 09:21:44	2022-11-08 03:38:42
BE22002205	7	0	완치 없이 계속 반복되니까 더 암담하고 서글퍼.	N	2022-06-20 09:21:44	2022-11-08 03:38:42
BE22002205	8	1	그치, 요번에 나아도 언제 또 악화될지 몰라서 자꾸 슬프고 앞이 캄캄할 것 같아. 하지만 약이 없는 건 아니니까 적극적으로 치료 다시 받아보자.	N	2022-06-20 09:21:44	2022-11-08 03:38:42
BE22002205	9	0	더운데도 나가려면 긴소매로 가려야 하는 것도 우울해.	N	2022-06-20 09:21:44	2022-11-08 03:38:42
BE22002205	10	1	사람들 시선 의식돼서 그러는구나. 그럼 속상하지. 근데 아토피 피부염 은근히 흔한 병이고 사람들이 의외로 남들한테 관심 안 둘 수도 있어.	N	2022-06-20 09:21:44	2022-11-08 03:38:42
BE22002205	11	0	흔한 병인데 왜 현대 의학으로 완치 방법을 못 찾아내는 걸까?	N	2022-06-20 09:21:44	2022-11-08 03:38:42
BE22002205	12	1	그러게. 중병은 오히려 치료법이 다양한데 사소한 질병이 다루기 어려운가? 공기 좋은 숲에서 풍욕 하면 좀 낫다고 했지? 주말에 나랑 같이 여행갈까?	N	2022-06-20 09:21:44	2022-11-08 03:38:42
BE22002205	13	0	그럼 좋지만 네가 너무 번거롭잖아.	N	2022-06-20 09:21:44	2022-11-08 03:38:42
BE22002205	14	1	아니야, 나도 오래간만에 피톤치드 실컷 마시며 힐링하고 싶어. 공기 좋은 편백 숲으로 다녀오자!	N	2022-06-20 09:21:44	2022-11-08 03:38:42
BE22002205	15	0	그럴까? 주말에 여행 가려면 어서 병원에 가서 약을 더 타와야겠다.	N	2022-06-20 09:21:44	2022-11-08 03:38:42
BE22002205	16	1	잘 생각했어. 어서 다녀와. 내가 숙소 잡아서 알려줄게.	N	2022-06-20 09:21:44	2022-11-08 03:38:42
BE22002205	17	0	응, 정말 고마워.	Y	2022-06-20 09:21:44	2022-11-08 03:38:42
