id	utterance_id	utterance_type	utterance_text	terminate	regDate	updDate
BE22007275	1	0	요 며칠 너무 피곤했는데 못 쉬어서 그런가? 오늘은 갑자기 열이 나고 몸이 으슬으슬해. 오한이 들어서 몸이 부들부들 떨리기까지 해.	N	2022-07-08 13:50:33	2022-11-08 04:11:19
BE22007275	2	1	오 이런. 과로해서 몸살난 거 아니야? 오래 못 쉬면 병이 나기 마련이야. 요새 네가 너무 네 몸을 못 돌보는 것 같아서 내심 걱정이 됐었어.	N	2022-07-08 13:50:33	2022-11-08 04:11:19
BE22007275	3	0	응 그런가 봐. 열은 계속 나는데 이 한여름에도 너무 추워서 지금 옷을 막 껴입고 있어. 약을 사러 나가야 하는데 어린 쌍둥이를 집에 두고 나갈 수도 없고. 그렇다고 애들 다 데리고 나가자니 몸에 힘이 하나도 없어서 도무지 나갈 엄두가 안 나.	N	2022-07-08 13:50:33	2022-11-08 04:11:19
BE22007275	4	1	혼자서 아가들을 돌보고 있는 상황이구나. 남편 퇴근 시간까지는 한참이 남았을 텐데 약도 못 먹고 있어서 어쩌니 정말.	N	2022-07-08 13:50:33	2022-11-08 04:11:19
BE22007275	5	0	몸은 아프고 열도 나는데 아가들은 돌봐야 하니 잠시 누워 있지도 못하고 있어. 아까는 오한이 들어 덜덜 떨리는 손으로 아가들 밥을 먹이는데 갑자기 울컥해서 눈물이 나는 거야. 나는 이렇게 아픈데 돌봐줄 사람도 없고 약도 못 먹는 상황이 서글프게 느껴져서 한참을 울었어.	N	2022-07-08 13:50:33	2022-11-08 04:11:19
BE22007275	6	1	네 말을 들으니 내가 다 눈물이 날 것 같아. 건강한 컨디션으로 아가들 돌보는 것도 쉽지 않은 일인데 아픈 몸으로 얼마나 힘들었겠니! 당장 누구 하나 널 챙겨줄 사람도 없고 혼자서 얼마나 서러웠겠어!	N	2022-07-08 13:50:33	2022-11-08 04:11:19
BE22007275	7	0	갑자기 눈물이 뚝뚝 흐르는데 너무 슬펐어. 아이들이 놀랄까 봐 소리 없이 한참을 숨죽여 울었잖아.	N	2022-07-08 13:50:33	2022-11-08 04:11:19
BE22007275	8	1	그간 피곤한데도 못 쉬고 정신없이 아이들 돌보랴 일하랴 네가 얼마나 고생했니. 몸이 아프니 그간 쌓였던 힘들었던 감정들이 한번에 터져 나온 모양이구나. 너의 서러운 마음이 느껴져서 내 마음이 너무나 아파.	N	2022-07-08 13:50:33	2022-11-08 04:11:19
BE22007275	9	0	너무 바쁘게 사느라 내 몸과 마음이 지쳐가는 것도 몰랐나 봐. 당장 돌봐야 할 아이들이 있고 해결해야 할 일이 있으니 몸도 마음도 여유가 없었어.	N	2022-07-08 13:50:33	2022-11-08 04:11:19
BE22007275	10	1	네가 그 누구보다 열심히 살고 있다는 것 내가 잘 알지! 넌 뭐든 최선을 다하는 사람이잖아. 근데 나는 이제 네가 너를 좀 돌봤으면 좋겠어.	N	2022-07-08 13:50:33	2022-11-08 04:11:19
BE22007275	11	0	이제 정말 그래야 하나 봐. 피곤한데도 미련하게 견디다 이제 몸까지 아프게 되니 이건 아니다 싶어. 몸이 아프니 감정 조절도 잘 안돼서 계속 서글프기만 했거든.	N	2022-07-08 13:50:33	2022-11-08 04:11:19
BE22007275	12	1	몸이 약해지면 마음도 약해지니 이런 상황에 계속 슬픈 마음이 드는 것은 당연해. 그래서 나는 무엇보다 네 건강을 돌보는 것이 중요하다고 생각해. 바쁜 중에도 반드시 너를 위한 시간을 꼭 갖고 틈틈이 쉬다 보면 감정적인 여유도 찾아올 거야.	N	2022-07-08 13:50:33	2022-11-08 04:11:19
BE22007275	13	0	네 말이 맞는 것 같아. 이제는 정말 피곤해도 미련하게 버티는 이런 일은 하지 말아야겠어. 버티다 버티다 이렇게까지 몸과 마음이 아플지는 정말 몰랐거든.	N	2022-07-08 13:50:33	2022-11-08 04:11:19
BE22007275	14	1	너는 누구보다 소중한 존재야. 무엇보다도 너의 몸과 마음을 돌보며 생활했으면 좋겠어. 그리고 내가 지금 몸살 약 사서 너희 집 앞에 두고 갈 테니 약 꼭 챙겨 먹고!	N	2022-07-08 13:50:33	2022-11-08 04:11:19
BE22007275	15	0	아 정말? 너무 고마워서 눈물이 날 것 같아. 친구야 정말로 너무 고마워!	Y	2022-07-08 13:50:33	2022-11-08 04:11:19
