id	utterance_id	utterance_type	utterance_text	terminate	regDate	updDate
BE22002933	1	0	나 요즘 과외하는 데 너무 힘들어.	N	2022-06-23 06:55:39	2022-11-08 03:43:21
BE22002933	2	1	왜? 무슨 일 있어?	N	2022-06-23 06:55:39	2022-11-08 03:43:21
BE22002933	3	0	과외 학생이 낯을 많이 가려서 질문을 해도 대답을 잘 안 해.	N	2022-06-23 06:55:39	2022-11-08 03:43:21
BE22002933	4	1	그래? 나도 그런 학생 과외해본 적이 있는데 정말 힘들더라. 아무리 질문해도 대답이 없으면 답답하고 절망적이지. 너 많이 힘들겠구나.	N	2022-06-23 06:55:39	2022-11-08 03:43:21
BE22002933	5	0	이게 다 내가 친화력이 부족해서 그런 건가 싶어서 자꾸만 자존감이 낮아져.	N	2022-06-23 06:55:39	2022-11-08 03:43:21
BE22002933	6	1	아니야. 네 잘못이 아니야. 원래 초반에는 다들 낯 가리잖아. 오히려 자연스러운 거야.	N	2022-06-23 06:55:39	2022-11-08 03:43:21
BE22002933	7	0	그치만 다른 과외는 잘하는 것 같던데. 내가 너무 딱딱해서 나한테만 이렇게 낯 가리나 싶어.	N	2022-06-23 06:55:39	2022-11-08 03:43:21
BE22002933	8	1	네가 얼마나 친절하고 자상한 사람인데. 그 학생도 조금만 기다리면 네가 얼마나 좋은 사람인지 알 거야.	N	2022-06-23 06:55:39	2022-11-08 03:43:21
BE22002933	9	0	정말? 너가 생각하기엔 내가 친절하고 자상해?	N	2022-06-23 06:55:39	2022-11-08 03:43:21
BE22002933	10	1	그럼. 우리 대학에서 처음 봤을 때도 네가 나 도와줬잖아. 모르는 문제도 친절하게 알려주고.	N	2022-06-23 06:55:39	2022-11-08 03:43:21
BE22002933	11	0	듣고 보니 그러네. 내가 너무 조급하게 생각한 걸 수도 있겠다. 요즘 자존감이 많이 떨어졌나 봐.	N	2022-06-23 06:55:39	2022-11-08 03:43:21
BE22002933	12	1	넌 친구로나 선생님으로나 정말 괜찮은 사람이야. 넌 내가 만난 사람들 중 손에 꼽히게 좋은 사람이니까 너 자신을 믿어.	N	2022-06-23 06:55:39	2022-11-08 03:43:21
BE22002933	13	0	고마워. 역시 넌 항상 내 자존감을 지켜주는구나. 너랑 얘기하니까 마음이 많이 놓인다.	N	2022-06-23 06:55:39	2022-11-08 03:43:21
BE22002933	14	1	당연하지. 우리 알고 지낸 세월이 얼마인데. 학생한테도 조금 시간을 줘. 금방 친해질 수 있을 거야.	N	2022-06-23 06:55:39	2022-11-08 03:43:21
BE22002933	15	0	응, 알겠어. 그렇게 해 볼게.	Y	2022-06-23 06:55:39	2022-11-08 03:43:21
