id	utterance_id	utterance_type	utterance_text	terminate	regDate	updDate
BE22003765	1	0	드디어 노안이 시작됐네. 작은 글씨들이 안 보이기 시작했어. 그럴 나이가 되었다니 몹시 슬프다.	N	2022-06-26 05:22:29	2022-11-08 03:48:40
BE22003765	2	1	너도 이제 친구들의 대열에 합류했구나. 너만 노안이 아직까지 안 와서. 우리들이 몹시 부러워했었는데, 너도 이제 노안이 시작이구나.	N	2022-06-26 05:22:29	2022-11-08 03:48:40
BE22003765	3	0	응. 친구들이 노안 때문에 힘들어할 때, 약을 올리면서 웃었던 것을 생각하니까 너희들에게 미안하기도 해.	N	2022-06-26 05:22:29	2022-11-08 03:48:40
BE22003765	4	1	나이 들면 어쩔 수 없이 눈도 퇴화되잖아. 오죽하면 노안이라고 하겠니. 나는 오래전에 노안이 와서 이제 돋보기 없으면 책도 못 읽어.	N	2022-06-26 05:22:29	2022-11-08 03:48:40
BE22003765	5	0	그랬구나. 나도 돋보기를 맞춰야 되나 봐. 자잘한 글씨들은 읽기 힘든 정도가 아니라, 하얀 것은 종이요 검은 것은 글씨인가 보다 그러고 있어.	N	2022-06-26 05:22:29	2022-11-08 03:48:40
BE22003765	6	1	맞아. 작은 글씨를 읽을 수 없게 되니까 생활하는데 은근히 불편한 게 많더라구. 그래도 너는 노안이 늦게 시작되는 거야.	N	2022-06-26 05:22:29	2022-11-08 03:48:40
BE22003765	7	0	그러니? 나이가 든다는 것은 불편한 게 많아진다는 말이 맞나봐. 여기저기 몸이 아프지 않은 곳이 없어서 가뜩이나 서러운데 이제는 노안까지 왔으니 참 슬프다.	N	2022-06-26 05:22:29	2022-11-08 03:48:40
BE22003765	8	1	너무 슬퍼하지 마. 노안이 와서 작은 글씨는 읽을 수 없지만, 돋보기를 쓰면 해결돼. 몸이 아픈 곳은 더 이상 아파지기 전에 치료받으면 돼.	N	2022-06-26 05:22:29	2022-11-08 03:48:40
BE22003765	9	0	너는 참 긍정적이구나. 나는 몹시 우울할 때도 많아. 늙는 게 두렵기도 해.	N	2022-06-26 05:22:29	2022-11-08 03:48:40
BE22003765	10	1	그렇지. 늙는 것은 나도 두렵지만, 그냥 받아들이려고 해. 글씨가 잘 보이지 않으니 오히려 신경 쓸 것이 줄었다고 생각하면 마음이 편한 것도 있어.	N	2022-06-26 05:22:29	2022-11-08 03:48:40
BE22003765	11	0	나는 답답하다고만 생각했는데, 네 말대로 작은 글씨는 아예 읽질 않으면 편한 것도 있겠네.	N	2022-06-26 05:22:29	2022-11-08 03:48:40
BE22003765	12	1	그럼. 그 작은 글씨들을 꼭 읽어야 할 필요는 없잖아. 중요한 말은 모두 큰 글씨로 써 있어. 얼른 읽고 주의하라고 말이야.	N	2022-06-26 05:22:29	2022-11-08 03:48:40
BE22003765	13	0	그러네. 좋은 쪽으로 생각하니까 마음도 편해지고 굳이 신경쓰지 않아도 되는구나.	N	2022-06-26 05:22:29	2022-11-08 03:48:40
BE22003765	14	1	그러니까 너무 우울해하거나 슬퍼하지 말아. 너 혼자 늙는 것도 아니잖아. 우리 친구들 중에 노안 아닌 친구가 없잖아. 우리는 공동체야.	N	2022-06-26 05:22:29	2022-11-08 03:48:40
BE22003765	15	0	맞아. 세월은 정말 모든 사람에게 공평해. 세월을 이길 수는 없으니 네 말대로 그냥 순응하면서 사는 것이 정답이다.	Y	2022-06-26 05:22:29	2022-11-08 03:48:40
