id	utterance_id	utterance_type	utterance_text	terminate	regDate	updDate
BE22006902	1	0	오늘 아들이랑 한강에 가서 연을 날렸어. 그런데 기분이 좀 싱숭생숭하다.	N	2022-07-07 10:38:58	2022-11-08 04:08:57
BE22006902	2	1	무슨 일 있었는지 물어봐도 될까?	N	2022-07-07 10:38:58	2022-11-08 04:08:57
BE22006902	3	0	연에 소원을 적어서 날리기로 했었어. 그런데 아들이 소원으로 엄마가 행복했으면 좋겠다고 적었더라고. 요 며칠 내가 힘들어하는 걸 알고 있었나 봐. 마음이 아프더라.	N	2022-07-07 10:38:58	2022-11-08 04:08:57
BE22006902	4	1	그런 일이 있었구나. 네가 지금 어떤 마음일지 짐작조차 할 수 없을 것 같아. 내가 힘든 걸 아이가 알고 내 눈치를 보는 것 같으면 마음이 복잡할 것 같아.	N	2022-07-07 10:38:58	2022-11-08 04:08:57
BE22006902	5	0	네 말대로 정말 마음이 복잡해졌어. 아이가 내가 힘든 걸 알게 하고 싶지 않았는데. 무의식중에 내가 아이에게 표현했다는 거 같아서 마음이 아파. 아이에게 미안해.	N	2022-07-07 10:38:58	2022-11-08 04:08:57
BE22006902	6	1	부모는 늘 아이에게 든든한 존재가 되고 싶으니까. 아이에게 신경을 못 써준 것 같고, 아이에게 힘든 감정을 나누어 준 것 같지. 그래서 더 많이 속이 쓰릴 것 같아. 충분히 이해해.	N	2022-07-07 10:38:58	2022-11-08 04:08:57
BE22006902	7	0	나는 참 못된 엄마인 것 같아. 아이가 그동안 눈치 봤을 것만 생각하면 눈물이 저절로 흘러. 아이가 나를 미워한다고 해도 할 말이 없어.	N	2022-07-07 10:38:58	2022-11-08 04:08:57
BE22006902	8	1	나는 네가 아이를 얼마나 생각하는지 알아. 네 감정이 무거운 지금도 아이를 먼저 걱정하고 생각하잖아. 아이도 네가 자길 얼마나 사랑하는지 알 거야.	N	2022-07-07 10:38:58	2022-11-08 04:08:57
BE22006902	9	0	정말 그럴까? 그래도 마음이 너무 아파. 그 어린아이가 어떤 마음으로 그 소원을 적었을지 생각하면 가슴이 찢어질 것 같아.	N	2022-07-07 10:38:58	2022-11-08 04:08:57
BE22006902	10	1	얼마나 가슴이 아플까. 내가 지금 네가 느낄 슬픔을 나눠 가질 수만 있다면 좋을 텐데. 그러지 못해서 정말 미안하고 내 마음도 아파.	N	2022-07-07 10:38:58	2022-11-08 04:08:57
BE22006902	11	0	아니야. 그래도 너에게 털어놓을 수 있다는 사실만으로도 솔직히 나는 감사해. 하지만 동시에 이렇게 감정을 털어놓는 것도 너무 이기적인 것만 같아 괴로워.	N	2022-07-07 10:38:58	2022-11-08 04:08:57
BE22006902	12	1	아니야. 언제든 감정이 버거울 때는 편하게 나에게 말해줘. 속에 눌러두기만 하면 더 아프고 고통스럽잖아.	N	2022-07-07 10:38:58	2022-11-08 04:08:57
BE22006902	13	0	그렇게 말해주니까 얼마나 고마운지 몰라. 나에게 네가 있어서 얼마나 다행인지.	N	2022-07-07 10:38:58	2022-11-08 04:08:57
BE22006902	14	1	내가 너에게 도움이 될 수 있다는 건 나에게도 의미가 커. 나도 너에게 의지하는 부분이 많잖아. 넌 나에게 소중한 사람이고 그러니 네가 행복하길 바라.	N	2022-07-07 10:38:58	2022-11-08 04:08:57
BE22006902	15	0	내가 행복하기를 바라는 사람이 있다는 게 나에게 얼마나 큰 힘이 되는지 너는 알까? 그래. 네 말대로 나를 사랑하는, 내가 사랑하는 사람들을 위해 툭툭 털어낼게. 행복해질게. 그리고 그 행복을 아이에게 줄게.	N	2022-07-07 10:38:58	2022-11-08 04:08:57
BE22006902	16	1	안아줄 수만 있다면 당장 너를 안아주고 싶어. 내가 널 위해 항상 기도하고 응원할게.	N	2022-07-07 10:38:58	2022-11-08 04:08:57
BE22006902	17	0	늘 고마워. 진심으로 고마워.	Y	2022-07-07 10:38:58	2022-11-08 04:08:57
