id	utterance_id	utterance_type	utterance_text	terminate	regDate	updDate
BE22002902	1	0	밀가루 음식이 너무 맛있어 보이는데 나는 먹지 못해서 너무 슬퍼.	N	2022-06-23 05:49:44	2022-11-08 03:43:09
BE22002902	2	1	왜 못 먹는데? 다이어트 중이야?	N	2022-06-23 05:49:44	2022-11-08 03:43:09
BE22002902	3	0	아니. 내가 글루텐 불내증이 있어서 밀가루 음식을 되도록 안 먹는 게 좋거든.	N	2022-06-23 05:49:44	2022-11-08 03:43:09
BE22002902	4	1	어떡해. 나도 예전에 밀가루 음식 못 먹었을 때 너무 힘들었는데 너도 너무 괴롭겠다. 나도 그 기분을 알아서 너의 상황에 더 마음이 아픈 것 같아.	N	2022-06-23 05:49:44	2022-11-08 03:43:09
BE22002902	5	0	응. 먹고 싶은데 못 먹는 게 생각보다 힘들더라고. 네가 공감해주니까 나도 기분이 좀 풀리는 것 같아.	N	2022-06-23 05:49:44	2022-11-08 03:43:09
BE22002902	6	1	많이 힘들지. 네 기분 충분히 이해해. 지금 밀가루 음식 중에 뭐를 제일 먹고 싶어?	N	2022-06-23 05:49:44	2022-11-08 03:43:09
BE22002902	7	0	빵을 제일 먹고 싶은 것 같아.	N	2022-06-23 05:49:44	2022-11-08 03:43:09
BE22002902	8	1	혹시 우리 집 앞에 있는 빵집 가 본 적 있어? 거기 글루텐 불내증인 사람들을 위해서 밀가루 말고 다른 재료로 만든 빵들이 있거든.	N	2022-06-23 05:49:44	2022-11-08 03:43:09
BE22002902	9	0	아니. 안 가봤어. 그런 빵집이 있는지 이제까지 몰랐었는데 가봐야겠다!	N	2022-06-23 05:49:44	2022-11-08 03:43:09
BE22002902	10	1	내 친구도 먹어봤는데 밀가루로 만든 빵만큼 맛이 있다고 하더라고. 너의 입맛에도 맞았으면 좋겠다.	N	2022-06-23 05:49:44	2022-11-08 03:43:09
BE22002902	11	0	고마워. 네 덕분에 맘 편히 빵을 먹을 수 있을 것 같아. 다른 음식들 중에서도 밀가루를 대체한 음식들을 찾을 수 있겠지? 나에게는 먹는 낙이 정말 인생의 큰 부분을 차지해서...	N	2022-06-23 05:49:44	2022-11-08 03:43:09
BE22002902	12	1	당연하지! 다른 음식 종류들도 분명히 찾을 수 있을 거야. 내가 찾는 거 함께 도와줄게. 쌀이나 다른 곡류로 만든 음식들을 대신 먹으면서 기분 전환해보자.	N	2022-06-23 05:49:44	2022-11-08 03:43:09
BE22002902	13	0	고마워. 너 덕분에 가라앉았던 기분이 조금 나아지는 것 같아.	N	2022-06-23 05:49:44	2022-11-08 03:43:09
BE22002902	14	1	나아졌다니 정말 다행이야.	Y	2022-06-23 05:49:44	2022-11-08 03:43:09
