id	utterance_id	utterance_type	utterance_text	terminate	regDate	updDate
BE22004983	1	0	코로나 후유증 때문에 나 아직도 목이 너무 아프고 기침이 계속 나오네.	N	2022-06-29 04:29:30	2022-11-08 03:56:27
BE22004983	2	1	저런 너무 힘들겠다. 너무 심하게 걸렸나 보다. 내 마음이 다 아프네.	N	2022-06-29 04:29:30	2022-11-08 03:56:27
BE22004983	3	0	너라도 절대 걸리지 마. 정말 너무 괴롭다.	N	2022-06-29 04:29:30	2022-11-08 03:56:27
BE22004983	4	1	그렇겠네. 격리도 다 끝났는데도 계속 아파서 집에 있어야 하니깐.	N	2022-06-29 04:29:30	2022-11-08 03:56:27
BE22004983	5	0	이거는 딱히 약도 없어 그냥 기다리는 수밖에 없네. 몸도 그렇지만 너무 무기력해져서 마음도 슬프다.	N	2022-06-29 04:29:30	2022-11-08 03:56:27
BE22004983	6	1	네가 슬프다고 하니깐 나도 기분이 안 좋아. 그래도 밥은 잘 챙겨 먹고 너무 아프면 참지 말고 진통제라도 먹어.	N	2022-06-29 04:29:30	2022-11-08 03:56:27
BE22004983	7	0	그래야 하는데 입맛도 없고 모든 게 다 귀찮아졌어.	N	2022-06-29 04:29:30	2022-11-08 03:56:27
BE22004983	8	1	정말 많이 힘들구나. 가족들도 걱정을 많이 하겠구나.	N	2022-06-29 04:29:30	2022-11-08 03:56:27
BE22004983	9	0	응. 내가 아무것도 잘 못 먹으니깐 많이 걱정하네. 일단 물이라도 많이 마시고는 있어. 그러면 조금 목이 덜 아파서.	N	2022-06-29 04:29:30	2022-11-08 03:56:27
BE22004983	10	1	그래 잘하고 있어. 우리 몸에서 수분이 가장 중요하니깐. 그러다가 죽도 천천히 먹어봐.	N	2022-06-29 04:29:30	2022-11-08 03:56:27
BE22004983	11	0	응. 그래야겠어. 언제까지 이러고 있을 수는 없으니깐. 직장에서도 나만 기다리고 있는데.	N	2022-06-29 04:29:30	2022-11-08 03:56:27
BE22004983	12	1	책임감이 강한 너라서 더 갑갑하겠다. 그래도 일단은 네 몸부터 생각하고 빨리낫는 것에 집중했으면 좋겠어.	N	2022-06-29 04:29:30	2022-11-08 03:56:27
BE22004983	13	0	이렇게 아프다 보니 건강이 정말 소중한 거라는 것을 깨닫게 되네. 건강할 때 더 열심히 살아야겠어.	N	2022-06-29 04:29:30	2022-11-08 03:56:27
BE22004983	14	1	맞아 얼른 나아서 우리 같이 운동도 시작해볼까? 그리고 죽 먹을 수 있을 것 같을 때 말해 내가 배달로 보내줄게.	N	2022-06-29 04:29:30	2022-11-08 03:56:27
BE22004983	15	0	그래, 고마워. 네 말대로 나 괜찮아지면 같이 뭐라도 운동해보자.	Y	2022-06-29 04:29:30	2022-11-08 03:56:27
