id	utterance_id	utterance_type	utterance_text	terminate	regDate	updDate
BE22004742	1	0	나 있잖아, 요즘 너무 힘들어. 인간관계는 진짜 뭘까?	N	2022-06-28 12:32:09	2022-11-08 03:54:54
BE22004742	2	1	왜 그래? 밖에서 무슨 일 있었어?	N	2022-06-28 12:32:09	2022-11-08 03:54:54
BE22004742	3	0	웃기지도 않은데 웃어야 하고, 무슨 말을 하든 눈치 보면서 살펴야 하고. 계속 좋은 사람인 척해야 하고. 특히 회사에서 사람들이랑 부대끼면서 관계 유지하는 게 너무 어려워.	N	2022-06-28 12:32:09	2022-11-08 03:54:54
BE22004742	4	1	맞아, 나도 그 기분 잘 알아. 나도 그거에 지쳐서 그만뒀잖아. 그리고 너는 나보다 회사생활도 더 오래 했으니 더 지칠 만도 해.	N	2022-06-28 12:32:09	2022-11-08 03:54:54
BE22004742	5	0	인간관계 힘들다는 건 알고 있었지만, 이젠 모든 상황에 환멸이 나. 일보다 인간관계 유지하는 게 백배는 힘든 것 같아. 이젠 별거 아닌 일에도 신경이 곤두서는 거 있지?	N	2022-06-28 12:32:09	2022-11-08 03:54:54
BE22004742	6	1	진짜 맞는 말이야. 차라리 일을 더 하는 게 나을 정도로 힘든 거라고 생각해.	N	2022-06-28 12:32:09	2022-11-08 03:54:54
BE22004742	7	0	인간관계에만 신경 쓰다보니 내 일에서 실수도 잦아지는 것 같아. 나 원래 이렇게 덤벙대지 않는데 말이야. 내가 어쩌다가 이렇게 눈치만 보는 사람이 된 걸까?	N	2022-06-28 12:32:09	2022-11-08 03:54:54
BE22004742	8	1	아니야, 주변 환경이 잠시 너를 지치게 한 거지 너 자체는 굉장히 유능한 사람이잖아. 나는 힘들어서 그만뒀지만, 사실 네 모습 보고 배운 점도 정말 많은걸.	N	2022-06-28 12:32:09	2022-11-08 03:54:54
BE22004742	9	0	정말? 난 일만 잘하면 된다고 생각했는데, 일보다도 잘해야 하는 게 있는지 몰랐어. 그래서 지쳐.	N	2022-06-28 12:32:09	2022-11-08 03:54:54
BE22004742	10	1	난 그래도 네가 성실하게 다니는 거 주변 사람 통틀어서 제일 대단하다고 생각해. 네 회사 얘기 듣고 있으면, 나라면 너처럼 절대 못할 거란 생각이 절로 들어.	N	2022-06-28 12:32:09	2022-11-08 03:54:54
BE22004742	11	0	고마워, 그래도 알아주는 사람이 있으니 조금 낫다. 그래도 다시 회사 가면 지치긴 하겠지?	N	2022-06-28 12:32:09	2022-11-08 03:54:54
BE22004742	12	1	그러면 조금 힘을 빼보는 건 어떨까? 너는 예의 바른 편이니까 무례하지도 않을 테고, 조금은 네 맘대로 해도 괜찮을 것 같아. 여태껏 네가 사람들을 편하게 해준 만큼 이젠 너도 좀 편해야지.	N	2022-06-28 12:32:09	2022-11-08 03:54:54
BE22004742	13	0	내가 그래도 될까? 내가 갑자기 변했다고, 사람들이 날 떠나진 않겠지?	N	2022-06-28 12:32:09	2022-11-08 03:54:54
BE22004742	14	1	그럼, 여태까지 네가 얼마나 노력했는데. 너에게 그 정도 권리는 충분히 있어. 그리고 네가 변했다고, 너를 떠날 사람이라면 정리하는 게 맞다고 생각해, 노력했던 사람을 못 알아본 거니까.	N	2022-06-28 12:32:09	2022-11-08 03:54:54
BE22004742	15	0	너한테 말하니까 훨씬 나은 것 같아. 마음이 좀 놓인다, 꼭 네 말대로 해볼게!	Y	2022-06-28 12:32:09	2022-11-08 03:54:54
