id	utterance_id	utterance_type	utterance_text	terminate	regDate	updDate
BE22006564	1	0	아! 깜짝이야. 방금 은행 피하다가 넘어질 뻔했어.	N	2022-07-06 08:18:42	2022-11-08 04:06:41
BE22006564	2	1	어머, 놀랐겠다. 다치지 않아서 다행이야. 은행을 밟았으면 냄새가 지독해서 기분 나빴을 텐데.	N	2022-07-06 08:18:42	2022-11-08 04:06:41
BE22006564	3	0	은행잎은 색깔이 그렇게 예쁜데, 은행나무 열매의 냄새는 왜 그리 못났을까?	N	2022-07-06 08:18:42	2022-11-08 04:06:41
BE22006564	4	1	그러게. 너무 좋은 열매라서 욕심내는 사람들이 많아 그럴까?	N	2022-07-06 08:18:42	2022-11-08 04:06:41
BE22006564	5	0	열매는 좋다고 따다가 비싼 값에 팔면서, 정작 열매가 풍기는 냄새는 질색하고. 내가 은행 열매라면 나는 너무 슬프겠어.	N	2022-07-06 08:18:42	2022-11-08 04:06:41
BE22006564	6	1	그렇지, 누가 나를 좋다고 이용하면서 나의 모습은 싫어한다고 생각하면 슬프지.	N	2022-07-06 08:18:42	2022-11-08 04:06:41
BE22006564	7	0	앞뒤에서 나를 대하는 게 반대잖아. 그러면 어떻게 믿고 좋은 걸 나눠줘.	N	2022-07-06 08:18:42	2022-11-08 04:06:41
BE22006564	8	1	그러면 실망스럽고 배반감도 느끼겠지.	N	2022-07-06 08:18:42	2022-11-08 04:06:41
BE22006564	9	0	응. 앞뒤가 다른 사람들에게는 나무 열매를 주고 싶지 않을 거야.	N	2022-07-06 08:18:42	2022-11-08 04:06:41
BE22006564	10	1	그럼. 온 힘을 다해서 만든 열매인데 그런 마음이 들지. 그런데, 친구야. 긴 세월 살아온 은행이 자신에게서 고약한 냄새를 풍긴다면 그럴 만한 이유가 있지 않을까?	N	2022-07-06 08:18:42	2022-11-08 04:06:41
BE22006564	11	0	이유가 있더라고 마음에 생길 상처는 사라지지 않을 거 같아 우울해.	N	2022-07-06 08:18:42	2022-11-08 04:06:41
BE22006564	12	1	슬퍼서 우울함까지 느끼는구나. 그럼, 은행이 자기를 잘 지켜내는 거로 생각하면 어떨까? 냄새 때문에 열매를 함부로 하지 않고, 귀한 줄 알고 요긴하게 쓰이라고 그러는 거라면?	N	2022-07-06 08:18:42	2022-11-08 04:06:41
BE22006564	13	0	음. 그렇다면, 나는 선택을 하는 거지. 그렇다면 우울하지 않아도 돼.	N	2022-07-06 08:18:42	2022-11-08 04:06:41
BE22006564	14	1	그럼. 나의 가치를 알아주는 사람과 만나는 거니까 오히려 기쁘고 당당하지 않을까!	N	2022-07-06 08:18:42	2022-11-08 04:06:41
BE22006564	15	0	슬프고 우울한 쪽이 아니라, 기쁘고 당당한 쪽으로!	Y	2022-07-06 08:18:42	2022-11-08 04:06:41
