id	utterance_id	utterance_type	utterance_text	terminate	regDate	updDate
BE22006567	1	0	나 지금 외할머니 부고 소식을 듣고 급하게 집으로 가고 있는 길이야. 너무 슬퍼 눈물이 자꾸 나 . 어찌해야 할지를 모르겠어.	N	2022-07-06 08:30:07	2022-11-08 04:06:42
BE22006567	2	1	요양원에 오랫동안 계셨던 너희 외할머니께서 돌아가셨구나. 나도 너무 놀라 눈물이 날 것 같은데 너는 얼마나 슬플지 짐작도 되지 않는다!	N	2022-07-06 08:30:07	2022-11-08 04:06:42
BE22006567	3	0	할머니가 병상에 오래 계셨음에도 불구하고 나는 막연하게 할머니가 내 곁에 오래 계실 거라 생각했던 것 같아. 너무 갑작스러운 소식에 놀라 지금 슬픈 마음이 주체가 안 돼. 눈물이 정말 폭포수처럼 쏟아진다.	N	2022-07-06 08:30:07	2022-11-08 04:06:42
BE22006567	4	1	나라도 정말 그럴 것 같아. 마음이 무너져 내리는 소식을 들었으니 얼마나 슬프겠어. 사랑하는 사람을 잃은 너의 마음은 얼마나 아플까 상상이 안 돼.	N	2022-07-06 08:30:07	2022-11-08 04:06:42
BE22006567	5	0	우리 할머니 오랫동안 병으로 고생만 하시다가 돌아가신 것 같아 너무 속상해. 원래는 정말 밝고 활달한 분이셨는데 수년간 병원 치료를 받느라 누워만 계시면서 많이 우울해하셨어.	N	2022-07-06 08:30:07	2022-11-08 04:06:42
BE22006567	6	1	너에게 할머니 이야기 자주 들었잖아. 네가 그 이야기를 할 때마다 많이 속상해했었지.	N	2022-07-06 08:30:07	2022-11-08 04:06:42
BE22006567	7	0	돌아가시기 전에 내가 더 자주 찾아뵙고 할머니를 기쁘게 해드렸으면 얼마나 좋았을까. 이제 와서 이런 후회해봤자 소용없겠지만 정말 가슴이 미어져.	N	2022-07-06 08:30:07	2022-11-08 04:06:42
BE22006567	8	1	너의 슬픈 마음은 충분히 이해하지만 네가 너무 후회하지 않았으면 좋겠어. 일하랴 공부하랴 그렇게 바쁜 와중 에도 주말마다 할머니를 찾아뵈려고 노력했었잖아. 나라면 그렇게까지 못했을텐데 너는 정말 할머니에게 최선을 다했다고 생각해.	N	2022-07-06 08:30:07	2022-11-08 04:06:42
BE22006567	9	0	정말 그렇게 생각해도 되는 걸까? 할머니의 긴 병에 지쳐 전보다 할머니에게 소홀했던 건 아니었나 싶어 후회되는 것 같아. 이 생각이 들면 마음이 너무 많이 슬프다.	N	2022-07-06 08:30:07	2022-11-08 04:06:42
BE22006567	10	1	같은 상황에 그 누구도 너만큼 자주 할머니를 찾아뵙진 못했을 거야. 게다가 너는 항상 진심 어린 마음으로 할머니를 돌봤었잖아. 너의 진실한 마음을 할머니도 느꼈을 테니 너무 후회하지 않아도 되지 않을까?	N	2022-07-06 08:30:07	2022-11-08 04:06:42
BE22006567	11	0	그렇게 이야기해 주어서 너무 고마워. 네가 그렇게 말해주니 그나마 무거웠던 마음을 조금은 내려놓을 수 있을 것 같아.	N	2022-07-06 08:30:07	2022-11-08 04:06:42
BE22006567	12	1	내 말이 너의 마음에 조금이나마 위로가 되면 좋겠어. 너를 누구보다 가까이에서 지켜본 사람으로서 말하는데 너는 그렇게 후회하지 않아도 될 만큼 할머니에게 잘했다고 생각해. 너는 워낙 마음이 따뜻하고 심성도 고운 사람이잖아!	N	2022-07-06 08:30:07	2022-11-08 04:06:42
BE22006567	13	0	늘 나에 대해 좋게 이야기해 주어서 고맙다. 슬픈 중에 큰 위로가 됐어. 후회하는 마음에 압도되어서 정신을 차릴 수 없었는데 네 덕에 조금은 나아졌어.	N	2022-07-06 08:30:07	2022-11-08 04:06:42
BE22006567	14	1	좋게 이야기하다니, 나는 사실을 이야기한 거야. 내 말 믿어도 돼! 너는 정말 착한 손녀였고 할머니는 살아 계시는 동안 너로 인해 무척이나 행복하셨을 거야!	N	2022-07-06 08:30:07	2022-11-08 04:06:42
BE22006567	15	0	네 말을 믿으며 후회하는 마음은 조금 내려놓을게. 할머니를 잃은 슬픔에 눈물이 흐르는 건 어쩔 수 없지만 후회하는 마음으로 나를 괴로워하지는 않을게. 오늘 위로해주어 정말 고맙다.	Y	2022-07-06 08:30:07	2022-11-08 04:06:42
