id	utterance_id	utterance_type	utterance_text	terminate	regDate	updDate
BE22001463	1	0	나 이전에 피아노 배우다가 그만두었잖아. 괜히 그만두었나봐. 이제 와서 후회되는 거 있지.	N	2022-06-15 12:00:49	2022-11-08 03:33:52
BE22001463	2	1	응 기억나. 너 피아노 치는 거 즐거워했었는데 그만두는 거 보고 나도 의아해했었는데. 피아노는 왜 중단한 거야?	N	2022-06-15 12:00:49	2022-11-08 03:33:52
BE22001463	3	0	사실 그때 흥미가 떨어져서 그만두는 척했지만 집안 사정이 어려워서 그냥 내가 그만 배우고 싶다고 한 거였어.	N	2022-06-15 12:00:49	2022-11-08 03:33:52
BE22001463	4	1	그랬구나. 그런 사정이 있었는지는 지금 알았네. 피아노가 재미없어서 더 이상 치고 싶지 않아서 그만둔 게 아니라 집안 형편 때문에 그만둔 거라서 아쉽고 속상하겠다.	N	2022-06-15 12:00:49	2022-11-08 03:33:52
BE22001463	5	0	응. 그때는 괜찮다고 생각했는데 이제 와서 너무 아쉽고 그냥 계속 배울 걸 하는 생각이 들더라고.	N	2022-06-15 12:00:49	2022-11-08 03:33:52
BE22001463	6	1	그러게 말이야. 좋아하는 걸 억지로 그만두었으니 나 같아도 너무 미련이 남고 자꾸만 생각날 것 같아.	N	2022-06-15 12:00:49	2022-11-08 03:33:52
BE22001463	7	0	슬프지만 이제 와서 후회해 봤자 뭐하나 하는 생각도 들어. 어차피 그 당시로 다시 돌아갈 수 있는 것도 아니고.	N	2022-06-15 12:00:49	2022-11-08 03:33:52
BE22001463	8	1	그런 감정이 남아있는 것 자체가 네 안에 피아노에 대한 열정이 아직 있다는 증거인 거 같아. 지금은 또 상황이 다르니 다시 피아노 시작해 보는 게 어때?	N	2022-06-15 12:00:49	2022-11-08 03:33:52
BE22001463	9	0	흠 그런가? 네 말대로 다시 배워볼까? 돌이켜보면 피아노 배울 때 정말 즐거웠거든.	N	2022-06-15 12:00:49	2022-11-08 03:33:52
BE22001463	10	1	응. 아직 늦지 않았다고 생각해. 지금은 너도 일을 하고 있고 그때처럼 무력하게 그만두어야만 하는 상황이 아니니 네가 다시 배우고 싶으면 주도적으로 배울 수 있는 상황이니까 도전해 보라고 응원해 주고 싶어.	N	2022-06-15 12:00:49	2022-11-08 03:33:52
BE22001463	11	0	응원해 줘서 고마워. 갑자기 열정이 솟아오르는 기분이야. 미련하게 후회만 하지 말고 다시 한번 배워볼래.	N	2022-06-15 12:00:49	2022-11-08 03:33:52
BE22001463	12	1	너의 그런 모습이 참 멋지다. 너의 도전을 지지해. 나중에 공연도 하고 그러는 거 아냐?	N	2022-06-15 12:00:49	2022-11-08 03:33:52
BE22001463	13	0	글쎄 그렇게까지 거창하게는 생각 안 해봤는데. 사실 다시 배워볼 생각도 못 했었는데 네가 말해줘서 이렇게 마음먹게 된 거야.	N	2022-06-15 12:00:49	2022-11-08 03:33:52
BE22001463	14	1	네가 얼마나 피아노 치는 걸 좋아했었는지 아니까 듣는데 나도 안타깝고 그래서 다시 배웠으면 좋겠다는 마음이 자연스럽게 들었지.	N	2022-06-15 12:00:49	2022-11-08 03:33:52
BE22001463	15	0	그랬구나. 당장 내일 피아노 학원 등록할래! 더 이상 내가 좋아하는 일을 뒤로 미루지 않겠어.	Y	2022-06-15 12:00:49	2022-11-08 03:33:52
