id	utterance_id	utterance_type	utterance_text	terminate	regDate	updDate
BE22007228	1	0	아들이 사춘기가 시작됐나 봐. 이제 내 말에 도통 귀를 기울이지 않아.	N	2022-07-08 09:34:56	2022-11-08 04:11:01
BE22007228	2	1	벌써 사춘기가 올 때가 됐구나. 우리 아들도 사춘기를 워낙 심하게 앓았던 터라 남 일 같지 않다.	N	2022-07-08 09:34:56	2022-11-08 04:11:01
BE22007228	3	0	그토록 귀엽고 사랑스럽게 쫑알대던 아들이 이제 나와 눈도 잘 마주치지 않아. 내 말을 들으려고도 하지 않고. 그래서 너무 우울하고 슬퍼.	N	2022-07-08 09:34:56	2022-11-08 04:11:01
BE22007228	4	1	네가 아들을 얼마나 사랑하는지 잘 알아서 나도 마음이 쓰인다. 아마 폭풍 같은 사춘기가 지나고 나면 철이 들어서 네게 더 잘할지 몰라. 그러면 둘 사이가 전보다 훨씬 더 애틋해질 거야.	N	2022-07-08 09:34:56	2022-11-08 04:11:01
BE22007228	5	0	정말 그럴까? 지금으로서는 저 아이가 다시 사랑스러운 모습으로 돌아올 것 같지 않아. 그런 생각을 하면 너무 암담해.	N	2022-07-08 09:34:56	2022-11-08 04:11:01
BE22007228	6	1	나라도 그렇게 대화가 잘 통했던 아들이 그렇게 변하면 너무 속상할 것 같아. 그래도 사춘기는 언젠가 끝이 나잖아. 그러니 마음이 아프더라도 조금만 더 지켜보자.	N	2022-07-08 09:34:56	2022-11-08 04:11:01
BE22007228	7	0	응. 지금은 그냥 내버려 두는 수밖에 방법이 없는 걸까? 한순간에 낯설어져 내 이야기에는 귀도 기울이지 않는 아들을 어떻게 대해야 할지 모르겠어.	N	2022-07-08 09:34:56	2022-11-08 04:11:01
BE22007228	8	1	네가 너무 힘들어 보여서 나까지 마음이 아파. 가능하면 아이가 잔소리라고 느낄 법한 말은 하지 말고, 아이에게 맡길 수 있는 부분은 맡겨. 그게 쉽지 않은 건 잘 알지만, 노력하다 보면 너도 익숙해질 거야.	N	2022-07-08 09:34:56	2022-11-08 04:11:01
BE22007228	9	0	알았어. 나름대로 사춘기에 대해 공부도 하고 대비도 했는데, 막상 마주하니까 너무 힘들고 슬프다. 내 아들이 전혀 다른 사람이 된 기분이야.	N	2022-07-08 09:34:56	2022-11-08 04:11:01
BE22007228	10	1	네 마음 이해해. 나도 정말 우울하고 힘들었어. 아들과 부딪히기도 많이 부딪히고, 싸우기도 했었는데 지금은 다 추억이 되었어.	N	2022-07-08 09:34:56	2022-11-08 04:11:01
BE22007228	11	0	나도 추억이 될 거라 생각하며 버텨 볼게. 정말 고마워. 너랑 이야기하고 나니까 그래도 희망의 빛을 발견한 기분이야.	N	2022-07-08 09:34:56	2022-11-08 04:11:01
BE22007228	12	1	아들도, 엄마도 누구나 겪는 과정이니 너무 힘들어하지 마. 이 과정이 끝나면 다시 따뜻하고 행복한 모자 사이로 돌아갈 거야.	N	2022-07-08 09:34:56	2022-11-08 04:11:01
BE22007228	13	0	그렇게 말해 주니까 힘이 난다. 나도 여기서 슬퍼하지만 말고, 기운을 차려야겠어. 정말 고마워.	N	2022-07-08 09:34:56	2022-11-08 04:11:01
BE22007228	14	1	고맙긴. 아이 키우다가 서글프고 힘든 일이 있으면 언제든 서로 털어놓자. 오늘처럼 고민이 있을 때 날 찾아줘.	N	2022-07-08 09:34:56	2022-11-08 04:11:01
BE22007228	15	0	응. 너도 꼭 그렇게 해 줘. 오늘 정말 고맙다!	Y	2022-07-08 09:34:56	2022-11-08 04:11:01
