id	utterance_id	utterance_type	utterance_text	terminate	regDate	updDate
BE22005648	1	0	휴학하고 싶다. 이런 기분으로는 어차피 공부도 제대로 못할 것 같아.	N	2022-07-01 16:19:27	2022-11-08 04:00:46
BE22005648	2	1	무슨 일 있었어? 왜 갑자기 휴학하기로 마음먹은 거야?	N	2022-07-01 16:19:27	2022-11-08 04:00:46
BE22005648	3	0	남자 친구랑 헤어졌어. 과에서 모르는 사람이 없는데 어떻게 학교를 다닐까 싶고 슬프다. 이래서 CC는 하지 말라고들 하나 봐.	N	2022-07-01 16:19:27	2022-11-08 04:00:46
BE22005648	4	1	이런, 유감이야. 남자 친구랑 헤어진 것만도 충분히 슬플 텐데 이런저런 생각으로 더 마음이 복잡하겠구나.	N	2022-07-01 16:19:27	2022-11-08 04:00:46
BE22005648	5	0	정말 그래. 슬픔에만 집중하고 싶은데 자꾸 동기, 선배들을 걱정하게 되니까. 이런 내 처지가 더 슬퍼.	N	2022-07-01 16:19:27	2022-11-08 04:00:47
BE22005648	6	1	학교를 좋아하는 네가 휴학까지 고려한다는 게, 얼마나 슬픈 상황인 건지 너무 잘 알겠어. 이런 상황에서 주변 사람들까지 신경 쓰인다니 너무 복잡할 것 같아. 내 마음이 다 찢어질 것처럼 아프다.	N	2022-07-01 16:19:27	2022-11-08 04:00:47
BE22005648	7	0	너도 내가 학교를 얼마나 좋아하면서 다니는지 아는구나. 지금 생각해 보면 그게 다 남자 친구랑 함께여서 그랬던 것 같아. 이제 내 행복은 끝난 거나 마찬가지야.	N	2022-07-01 16:19:27	2022-11-08 04:00:47
BE22005648	8	1	과 CC였으니 학교에서의 모든 추억을 공유했을 텐데, 그런 마음이 드는 것도 이해가 가. 나도 고등학생 때 사귀던 짝꿍이 전학을 갔거든. 세상이 무너지는 것처럼 슬퍼서 울기만 했어.	N	2022-07-01 16:19:27	2022-11-08 04:00:47
BE22005648	9	0	나도 딱 그래. 세상이 무너진 것만 같아 슬퍼. 집을 잃어서 갈 곳이 없는 기분이랄까.	N	2022-07-01 16:19:27	2022-11-08 04:00:47
BE22005648	10	1	이해해. 하지만 앞으로 하게 될 경험도, 사랑도 무궁무진한데 당장의 슬픔에만 너무 매몰돼 있지는 마. 너처럼 좋은 사람이 그런 감정으로 무너지는 건 괜한 시간처럼 느껴져서 그래.	N	2022-07-01 16:19:27	2022-11-08 04:00:47
BE22005648	11	0	하지만 이번 이별로 나에 대한 자신이 없어졌어. 나를 좋아할 사람이 세상에 또 있을까?	N	2022-07-01 16:19:27	2022-11-08 04:00:47
BE22005648	12	1	그거야 당연하지! 다른 사람과의 이별일 뿐, 너 자신을 잃게 되는 건 아니야. 또 누구라도 너라는 사람을 알게 되면 사랑에 빠질 거라고.	N	2022-07-01 16:19:27	2022-11-08 04:00:47
BE22005648	13	0	이별이 나 자신을 잃게 하는 일은 아니라는 말이 너무 위로가 된다. 맞아. 고작 이런 일로 내가 괜히 숨을 필요도 없겠지.	N	2022-07-01 16:19:27	2022-11-08 04:00:47
BE22005648	14	1	그럼. 시간이 지나면 다 괜찮아질 일이야. 이번 계기로 남자 친구가 있어 못했던 일부터 차근차근 시작해 봐!	N	2022-07-01 16:19:27	2022-11-08 04:00:47
BE22005648	15	0	그래야겠어. 네 말처럼 미루던 운동도 하고 공부에 더 집중하는 게 좋을 것 같아. 위로해줘서 정말 고마워 친구야.	N	2022-07-01 16:19:27	2022-11-08 04:00:47
BE22005648	16	1	별말씀을. 언제든 위로가 필요하면 연락해!	Y	2022-07-01 16:19:27	2022-11-08 04:00:47
