id	utterance_id	utterance_type	utterance_text	terminate	regDate	updDate
BE22005322	1	0	계속 이 일을 해야 할지 모르겠다.	N	2022-06-30 02:33:18	2022-11-08 03:58:41
BE22005322	2	1	왜 직장에서 무슨 일 있어? 혹시 일하다가 어디 다친 거야?	N	2022-06-30 02:33:18	2022-11-08 03:58:41
BE22005322	3	0	아니 그건 아니고. 일은 정말 고되고 힘든데 아직도 최저임금에서 그대로야. 그래서 슬프고 환멸이 느껴진다.	N	2022-06-30 02:33:18	2022-11-08 03:58:41
BE22005322	4	1	꽤 오랫동안 했는데도 임금이 그대로라고? 나라도 정말 화가 나서 일할 맛이 안 나겠다.	N	2022-06-30 02:33:18	2022-11-08 03:58:41
BE22005322	5	0	최저임금이 말 그대로 최저임금이잖아. 그런데 이 일은 아무나 할 수 없는 고난도 노동이 필요한 건데. 이게 말이 되니?	N	2022-06-30 02:33:18	2022-11-08 03:58:41
BE22005322	6	1	그러게, 기술도 있어야 하고. 힘도 많이 들어가고 위험하기도 한 일인데 최저임금은 정말 너무했다.	N	2022-06-30 02:33:18	2022-11-08 03:58:41
BE22005322	7	0	몇 번 말해 봤지만 좀더 기다려 보라고만 하고 여전히 그대로야. 더이상은 못 참겠어.	N	2022-06-30 02:33:18	2022-11-08 03:58:41
BE22005322	8	1	참을성 많은 니가 못 참을 정도니 정말 화가 많이 났구나. 이러다 너 같은 인재를 놓치면 어쩌려고 그러지?	N	2022-06-30 02:33:18	2022-11-08 03:58:41
BE22005322	9	0	사실 내가 업무시간 아닐 때에도 신경을 더 쓰면서 일하기도 했는데. 그건 하나도 몰라주니 더 속상하다.	N	2022-06-30 02:33:18	2022-11-08 03:58:41
BE22005322	10	1	그래 너는 참 책임감이 투철한 친구야. 자신보다 회사를 더 생각하고 희생적이고. 너무 잘하고 있어.	N	2022-06-30 02:33:18	2022-11-08 03:58:41
BE22005322	11	0	이젠 기대감도 다 떨어졌고. 벌써 마음이 떠나버린 거 같아. 의욕도 많이 사라진 거 같애.	N	2022-06-30 02:33:18	2022-11-08 03:58:41
BE22005322	12	1	어쩌나 그럼 마지막으로 한 번 더 말해보고 여전히 그대로라면 이직도 생각해 봐야겠네.	N	2022-06-30 02:33:18	2022-11-08 03:58:41
BE22005322	13	0	정말 그렇게까지 해야하는지 모르겠어. 당장 내가 없으면 힘들어진다는 것도 뻔히 아는데.	N	2022-06-30 02:33:18	2022-11-08 03:58:41
BE22005322	14	1	그래 참 이러지도 저러지도 못하겠다. 많이 고민이 되겠어. 난 니가 어떤 결정을 내리든 항상 니 편이니깐 힘내.	N	2022-06-30 02:33:18	2022-11-08 03:58:41
BE22005322	15	0	응 고마워 좀더 상황을 보고 뭔가 결정이 필요할 것 같아. 다음에 우리 술 한잔하자!	Y	2022-06-30 02:33:18	2022-11-08 03:58:41
