id	utterance_id	utterance_type	utterance_text	terminate	regDate	updDate
BE22001911	1	0	나 남자 친구랑 헤어질까 고민 중이야.	N	2022-06-17 08:10:59	2022-11-08 03:36:46
BE22001911	2	1	잘 만나고 있는 줄 알았는데... 이유가 있어?	N	2022-06-17 08:10:59	2022-11-08 03:36:46
BE22001911	3	0	매사에 불평불만을 하는데 이제 더 들어주기 지쳤어.	N	2022-06-17 08:10:59	2022-11-08 03:36:46
BE22001911	4	1	남자 친구가 상황이 요새 안 좋아?	N	2022-06-17 08:10:59	2022-11-08 03:36:46
BE22001911	5	0	그 사람 상황이 문제가 아니고 내가 맘에 안 드나 봐. 나의 행동 하나하나가 그 사람 눈에는 거슬리나 봐.	N	2022-06-17 08:10:59	2022-11-08 03:36:46
BE22001911	6	1	그게 무슨 말이야? 너희 엄청 사이좋았잖아. 모두가 부러워하는 커플이었는데 무슨 일 있었어?	N	2022-06-17 08:10:59	2022-11-08 03:36:46
BE22001911	7	0	사실 예전에도 남들 앞에서는 나를 엄청 아껴주는 척하는데 둘이 있을 때는 그렇지 않았었어.	N	2022-06-17 08:10:59	2022-11-08 03:36:46
BE22001911	8	1	그런 줄은 까마득하게 몰랐었네. 그러면 그동안 말도 못하고 너 혼자 속앓이를 해 온 거야? 너무 힘들었겠다.	N	2022-06-17 08:10:59	2022-11-08 03:36:46
BE22001911	9	0	주변에 친구가 많지 않아서 외로워 보이는 그 사람을 내가 안아줘야겠다고 생각을 했었는데 이젠 더 이상 힘들 것 같아.	N	2022-06-17 08:10:59	2022-11-08 03:36:46
BE22001911	10	1	주변에 친구가 많지 않다는 것은 그 사람한테 문제가 있을 수도 있다는 얘기야. 모르긴 해도 불평불만이 그 사람의 습관인 것 같은데? 그렇다면 네가 헤어짐을 결정한 건 정말 잘한 일이라고 생각해.	N	2022-06-17 08:10:59	2022-11-08 03:36:46
BE22001911	11	0	정말 잘한 일일까?	N	2022-06-17 08:10:59	2022-11-08 03:36:46
BE22001911	12	1	그 사람에 대해서는 네가 가장 잘 알잖아. 그런 네가 헤어짐을 선택하기까지 얼마나 많은 고민을 했을지 눈에 선하다. 무슨 결정이든 진지하게 고민하고 결정하는 너이기에 나는 네가 옳은 결정을 했다고 믿어.	N	2022-06-17 08:10:59	2022-11-08 03:36:46
BE22001911	13	0	네가 그렇게 얘기해 주니까 나도 내 결정이 잘한 결정인 것 같아.	N	2022-06-17 08:10:59	2022-11-08 03:36:46
BE22001911	14	1	넌 항상 옳은 선택을 해 왔고 앞으로도 그럴 거야. 힘을 내 친구야.	N	2022-06-17 08:10:59	2022-11-08 03:36:46
BE22001911	15	0	응 네 덕에 힘이 난다, 정말 고마워.	Y	2022-06-17 08:10:59	2022-11-08 03:36:46
