id	utterance_id	utterance_type	utterance_text	terminate	regDate	updDate
BE22003132	1	0	아니, 이번에 내가 꼭 갈 거라고 했었던 콘서트 있잖아! 티켓이 3초 만에 매진됐어. 말이 돼?	N	2022-06-23 21:26:20	2022-11-08 03:44:37
BE22003132	2	1	3초 만에? 사람들 진짜 빠르다.	N	2022-06-23 21:26:20	2022-11-08 03:44:37
BE22003132	3	0	그러니까, 나는 손이 왜 이렇게 느린 걸까? 진짜 이번 기회 아니면 10년 후에나 볼까 말까 하는데, 너무 힘이 빠져.	N	2022-06-23 21:26:20	2022-11-08 03:44:37
BE22003132	4	1	많이 실망스럽겠다. 그렇지만 이미 지나간 일이고, 나중에 커서 해외로 나가서 볼 기회가 분명 있을 거야! 그때는 내가 같이 티케팅해줄게! 내가 또 티켓 예매 전문가잖아.	N	2022-06-23 21:26:20	2022-11-08 03:44:37
BE22003132	5	0	고마워. 근데 자꾸만 후회가 돼. 1초만 빨리 클릭할걸, 바보처럼 클릭도 늦게 하고. 콘서트 티켓 예매에 실패하고 나니까 뭔가 다른 일들도 다 잘 안 될 것 같아.	N	2022-06-23 21:26:20	2022-11-08 03:44:37
BE22003132	6	1	네가 이렇게 힘 빠져 하니까 나도 너무 힘들다. 그 1초, 내가 다 아까워. 네 기분이 얼마나 우울할지 이해해.	N	2022-06-23 21:26:20	2022-11-08 03:44:37
BE22003132	7	0	맞아. 나 너무 우울해.	N	2022-06-23 21:26:20	2022-11-08 03:44:37
BE22003132	8	1	그렇지만 원래 인기 많은 콘서트 티켓 구매 난이도는 로또 당첨급이라고 하잖아. 운이 조금 없었던 거고, 네 운은 다른 더 좋은 일에서 나타날 건가봐!	N	2022-06-23 21:26:20	2022-11-08 03:44:37
BE22003132	9	0	그럴까? 곧 내가 최고로 좋아하는 아이돌 콘서트가 있거든. 거기에 내 운이 쓰일라나?	N	2022-06-23 21:26:20	2022-11-08 03:44:37
BE22003132	10	1	뭐, 티케팅 전문가인 나를 친구로 둔 것도 네 운이지! 특별히 이번 티케팅은 내가 도와줄게!	N	2022-06-23 21:26:20	2022-11-08 03:44:37
BE22003132	11	0	정말로? 친구야 정말로 고마워!	N	2022-06-23 21:26:20	2022-11-08 03:44:37
BE22003132	12	1	대신 티케팅 성공하면 고기 사주기다!	N	2022-06-23 21:26:20	2022-11-08 03:44:37
BE22003132	13	0	당연하지! 두 번 사줄 수도 있어!	N	2022-06-23 21:26:20	2022-11-08 03:44:37
BE22003132	14	1	좋았어! 이번 티케팅은 꼭 성공해보자!	Y	2022-06-23 21:26:20	2022-11-08 03:44:37
