id	utterance_id	utterance_type	utterance_text	terminate	regDate	updDate
BE22003985	1	0	아, 미안. 문자를 보내기 너무 늦은 시간일까?	N	2022-06-27 02:29:05	2022-11-08 03:50:04
BE22003985	2	1	아니야, 나도 잘 준비하고 있었어. 무슨 일 있어?	N	2022-06-27 02:29:05	2022-11-08 03:50:04
BE22003985	3	0	나 얼마 전에 여자 친구랑 헤어졌다.	N	2022-06-27 02:29:05	2022-11-08 03:50:04
BE22003985	4	1	뭐? 너희 오래 만났잖아. 되게 사이좋은 거 아니었어?	N	2022-06-27 02:29:05	2022-11-08 03:50:04
BE22003985	5	0	응, 요즘 들어 사소한 걸로 자주 다퉜어. 모르겠다, 생각할수록 슬퍼지니까 그만 생각할래.	N	2022-06-27 02:29:05	2022-11-08 03:50:04
BE22003985	6	1	괜찮아? 나는 짧게 만난 애인을 정리하는 것도 힘들던데. 너는 얼마나 힘들지 상상도 안 간다.	N	2022-06-27 02:29:05	2022-11-08 03:50:04
BE22003985	7	0	생각보다 많이 힘드네. 그래서 밤마다 위스키 한잔씩 마시고 잠들게 됐어.	N	2022-06-27 02:29:05	2022-11-08 03:50:04
BE22003985	8	1	술의 힘을 빌려서 잠시라도 잊어보려는 널 보니까 내 마음도 안 좋네. 마시면 좀 괜찮니?	N	2022-06-27 02:29:05	2022-11-08 03:50:04
BE22003985	9	0	괜찮길 바라는 마음으로 마시는 거지. 온 세상이 멈춘 것처럼 우울하고 슬퍼.	N	2022-06-27 02:29:05	2022-11-08 03:50:04
BE22003985	10	1	아이고... 지금이 제일 힘든 시기구나. 비록 시간이 지날 때까지는 힘들지도 모르겠지만, 넌 늘 그랬듯 잘 일어설 거야.	N	2022-06-27 02:29:05	2022-11-08 03:50:04
BE22003985	11	0	그럴 수 있을까? 시간이 지나가지 않을 것 같아. 나만 이상한 곳에 들어와 있는 느낌이야.	N	2022-06-27 02:29:05	2022-11-08 03:50:04
BE22003985	12	1	너는 진로 때문에 넘어졌을 때도 금방 털고 일어났잖아. 나는 너의 그런 모습이 참 좋았거든. 이번에도 그럴 거라고 난 믿어.	N	2022-06-27 02:29:05	2022-11-08 03:50:04
BE22003985	13	0	음, 네 말 들으니까 한 줄기의 희망이 조금 생긴 것 같아.	N	2022-06-27 02:29:05	2022-11-08 03:50:04
BE22003985	14	1	조만간 만나자. 내가 맛있는 밥 사줄게.	N	2022-06-27 02:29:05	2022-11-08 03:50:04
BE22003985	15	0	고맙다, 진짜. 곧 보자. 연락할게.	Y	2022-06-27 02:29:05	2022-11-08 03:50:04
