id	utterance_id	utterance_type	utterance_text	terminate	regDate	updDate
BE22006059	1	0	난 말이야. 가끔 우리가 사랑하는 부부 사이가 맞는지 의문이 들어. 결혼에 대한 회의도 들고.	N	2022-07-04 11:20:36	2022-11-08 04:03:24
BE22006059	2	1	아니 그게 무슨 소리야? 남편이랑 싸웠어?	N	2022-07-04 11:20:36	2022-11-08 04:03:24
BE22006059	3	0	차라리 싸움이 되기라도 하면 발전의 가능성이라도 있겠지. 그것도 지쳐서 난 그냥 입을 다물고 있어. 속만 썩는 느낌이야.	N	2022-07-04 11:20:36	2022-11-08 04:03:24
BE22006059	4	1	그렇구나. 싸우는 것도 필요한 과정인데 얼마나 지치고 힘들면 그럴 의욕도 상실했겠어. 마음이 많이 아프겠다.	N	2022-07-04 11:20:36	2022-11-08 04:03:24
BE22006059	5	0	예전엔 나도 많이 싸웠어. 그런데 싸움 후에 남는 건 발전이나 화해가 아닌 상처뿐이야. 말이 통해야지 싸움도 되는 거 같아.	N	2022-07-04 11:20:36	2022-11-08 04:03:24
BE22006059	6	1	남편이랑 말이 안 통하니 싸움이 소모적이라는 생각에 무기력해지는 느낌인가 봐. 그럴 때 희망이 보이지 않고 미래가 그려지지 않을 때 낙심하게 되는 것 같아. 너 많이 슬펐겠다.	N	2022-07-04 11:20:36	2022-11-08 04:03:24
BE22006059	7	0	연애할 때는 싸울 일이 없어서 안 싸웠지. 결혼하고 애 낳고 살다보니 싸울 일투성이지만 이제 너무 지쳐서 싸울 힘이 없다.	N	2022-07-04 11:20:36	2022-11-08 04:03:24
BE22006059	8	1	그랬구나. 네가 내색 안 해서 전혀 모르고 있었어. 남편과 대화도 거의 안 하는 거야?	N	2022-07-04 11:20:36	2022-11-08 04:03:24
BE22006059	9	0	응. 대화가 없으니 사실 싸움이 붙지도 않아. 미움보다 무서운 게 무관심이라잖아. 우리 서로에게 이미 관심도 없고 애정도 남아있지 않나봐.	N	2022-07-04 11:20:36	2022-11-08 04:03:24
BE22006059	10	1	많이 지쳐서 그럴 거야. 남편 사업 실패 후 남편은 남편대로 너는 너대로 힘든 시간을 보낸 건 사실이잖아. 서로의 상처와 멀어진 감정의 간극을 메꾸기엔 아직 시간이 부족했을지도 몰라.	N	2022-07-04 11:20:36	2022-11-08 04:03:24
BE22006059	11	0	그런데 언제까지 내가 참아야 하나 눈물이 날 때가 있어. 이렇게 사는 게 무슨 의미가 있나 싶다가도 애들을 보면 마음이 미어지고. 마음이 너무나 복잡하고 슬프다.	N	2022-07-04 11:20:36	2022-11-08 04:03:24
BE22006059	12	1	맞아. 아이들이 가장 문제야. 네가 싸우고 싶어 하지 않는 것도 아이들에게 피해를 줄까봐 그런 거 아니야?	N	2022-07-04 11:20:36	2022-11-08 04:03:24
BE22006059	13	0	그것도 크지. 가뜩이나 집안 분위기 안 좋잖아. 이제 막내도 초등학교도 들어가고 눈치도 빨라졌는데 험한 소리 오가는 거 듣게 하고 싶지 않아.	N	2022-07-04 11:20:36	2022-11-08 04:03:24
BE22006059	14	1	그래도 건전하게 싸우는 것은 부부가 서로를 이해하기 위해 꼭 필요한 것인지도 몰라. 내 주변에 부부상담 받는 사람들도 많아. 그래도 객관적인 중재자가 있으면 서로 이해하는 데 도움이 된다고 하더라고.	N	2022-07-04 11:20:36	2022-11-08 04:03:24
BE22006059	15	0	그래? 그럼 나도 지푸라기 잡는 심정으로 상담을 알아볼까? 이렇게 가다간 정말 큰 일이 일어나고 말 거야.	N	2022-07-04 11:20:36	2022-11-08 04:03:24
BE22006059	16	1	그래. 후회 없도록 관계 회복을 위해 최선을 다해보자. 내 도움이 필요하면 언제든 연락해.	Y	2022-07-04 11:20:36	2022-11-08 04:03:24
