id	utterance_id	utterance_type	utterance_text	terminate	regDate	updDate
BE22002937	1	0	오랜만에 동창회를 갔다 왔어. 모두들 잘 차려입고 명품 백을 들고 있고, 나만 천 가방을 들고 있더라고.	N	2022-06-23 07:16:22	2022-11-08 03:43:23
BE22002937	2	1	너는 원래 가볍고 편하고 또 환경 보호를 위해 에코백을 애용하잖아. 그런데 왜 마음이 안 좋았어?	N	2022-06-23 07:16:22	2022-11-08 03:43:23
BE22002937	3	0	응 하나같이 고급스러운 가죽 백을 들고 있으니 내가 너무 초라해 보이더라고.	N	2022-06-23 07:16:22	2022-11-08 03:43:23
BE22002937	4	1	그랬구나. 그래서 네가 좀 우울해 보였구나.	N	2022-06-23 07:16:22	2022-11-08 03:43:23
BE22002937	5	0	내가 에코백을 애용하긴 하지만 명품 백을 살 수 없는 처지인 건 맞잖아. 남들 다 갖고 있는 좋은 백 하나 없다니 좀 슬프더라고.	N	2022-06-23 07:16:22	2022-11-08 03:43:23
BE22002937	6	1	충분히 그런 마음이 들 수 있지. 남과 비교해 내가 초라해 보이면 속상하지. 얼마나 마음이 안 좋았을까 싶네.	N	2022-06-23 07:16:22	2022-11-08 03:43:23
BE22002937	7	0	응 평소엔 그런 마음이 없었어. 그런데 오랜만에 동창회에 나가 평소 만나지 못했던 친구들을 보니 내가 너무 한심한 거야.	N	2022-06-23 07:16:22	2022-11-08 03:43:23
BE22002937	8	1	네가 왜 한심해? 왜 그런 생각을 하게 됐어?	N	2022-06-23 07:16:22	2022-11-08 03:43:23
BE22002937	9	0	능력이 되는 데도 명품 백을 안 드는 것과 능력이 없어 못 드는 것은 다르잖아. 난 능력이 없어 못 든다는 생각이 들었어.	N	2022-06-23 07:16:22	2022-11-08 03:43:23
BE22002937	10	1	그런 네 마음 이해해. 하지만 너무 슬퍼하지 마. 지금 돈이 없다고 계속 돈이 없겠어?	N	2022-06-23 07:16:22	2022-11-08 03:43:23
BE22002937	11	0	나는 왜 계속 이 모양 이 꼴로 살 것 같은 생각이 드나 몰라.	N	2022-06-23 07:16:22	2022-11-08 03:43:23
BE22002937	12	1	좀 위축되면 그런 생각이 들 수 있어. 너는 지금 앞날을 위해 계속 투자하는 상황이라 돈이 없는 거잖아. 지금까지 해온 것 만해도 대단해, 칭찬해 주고 싶어.	N	2022-06-23 07:16:22	2022-11-08 03:43:23
BE22002937	13	0	아, 그런가? 네가 그렇게 말해 주니 좀 힘이 난다.	N	2022-06-23 07:16:22	2022-11-08 03:43:23
BE22002937	14	1	곧 좋은 성과가 있을 거라고 봐. 그때까지 조금만 더 버텨, 친구야.	Y	2022-06-23 07:16:22	2022-11-08 03:43:23
