id	utterance_id	utterance_type	utterance_text	terminate	regDate	updDate
BE22004993	1	0	나 이번 주에 여자 친구한테 헤어지자고 말할 거야. 네게 이 말을 하는 순간에도 가슴이 너무 아프다.	N	2022-06-29 04:46:33	2022-11-08 03:56:30
BE22004993	2	1	왜? 요즘 사이가 안 좋다고만 말했잖아. 그렇게 결정한 거야?	N	2022-06-29 04:46:33	2022-11-08 03:56:30
BE22004993	3	0	응. 최근에 여친이 나만 만나면 피곤하다고 하품을 하거든. 사랑이 끝난 것 같아. 가슴이 찢어지는 것 같지만 이제는 인정하려고 해.	N	2022-06-29 04:46:33	2022-11-08 03:56:30
BE22004993	4	1	그렇게 생각할 만하다. 데이트가 재미없다는 신호일 테니까. 그런 모습을 눈앞에서 지켜보면 정말 속상했을 것 같아.	N	2022-06-29 04:46:33	2022-11-08 03:56:30
BE22004993	5	0	인정하기 싫어서 정말 피곤한 게 아닐까 하고 애써 모른 척했었어. 그런데 이제는 놓아주는 게 맞는 것 같아. 이렇게 억지로 만남을 이어 가는 건 아무 의미가 없는 것 같아.	N	2022-06-29 04:46:33	2022-11-08 03:56:30
BE22004993	6	1	그런 결정하기까지 얼마나 혼자 힘들었을지 마음이 아프다, 친구야. 힘들겠지만 네 말처럼 이미 끝난 사랑을 놓아주면 더 좋은 인연이 찾아올 거야.	N	2022-06-29 04:46:33	2022-11-08 03:56:30
BE22004993	7	0	그렇겠지? 사실 마음은 이렇게 먹었지만 자신이 없어. 헤어지는 상상만 해도 슬퍼서 눈물이 나. 가슴이 찢어지는 것 같고 숨쉬기가 어려워.	N	2022-06-29 04:46:33	2022-11-08 03:56:31
BE22004993	8	1	나라도 정말 쉽지 않을 거야. 네 마음이 정 정리되지 않았다면 여친한테 솔직하게 모든 걸 물어보고 이야기 나눠 봐. 마지막이라고 생각하고.	N	2022-06-29 04:46:33	2022-11-08 03:56:31
BE22004993	9	0	그러면 구차해지지 않을까?	N	2022-06-29 04:46:33	2022-11-08 03:56:31
BE22004993	10	1	아니야. 너는 아직 여친을 사랑하니까 마지막으로 용기를 내볼 수 있지, 뭘. 전혀 구차하지 않고 네가 못난 것도 아니야. 그런 생각 하지 마.	N	2022-06-29 04:46:33	2022-11-08 03:56:31
BE22004993	11	0	고마워. 네 말을 들으니 용기가 생긴다. 여친한테 마지막으로 대화를 시도해 봐야겠어.	N	2022-06-29 04:46:33	2022-11-08 03:56:31
BE22004993	12	1	그래. 그러고 나면 혹여 결말이 안 좋더라도 미련이 덜할 거야. 밑져야 본전이니 솔직하게 털어놓아 봐. 나는 네가 최대한 덜 힘들었으면 좋겠어.	N	2022-06-29 04:46:33	2022-11-08 03:56:31
BE22004993	13	0	정말 고마워. 너랑 이야기하고 나니까 마음에 시원한 바람이 불어. 머릿속이 깨끗해지는 것 같아.	N	2022-06-29 04:46:33	2022-11-08 03:56:31
BE22004993	14	1	다행이네. 여자 친구랑 꼭 잘 풀렸으면 좋겠다. 헤어지지 않기를 기도할게.	N	2022-06-29 04:46:33	2022-11-08 03:56:31
BE22004993	15	0	고맙다. 나도 그랬으면 좋겠어.	Y	2022-06-29 04:46:33	2022-11-08 03:56:31
