id	utterance_id	utterance_type	utterance_text	terminate	regDate	updDate
BE22005430	1	0	아버지를 볼 때면 너무 괴로워. 정말 강인하셨던 분인데 요즘 우울증에 걸리셨어.	N	2022-06-30 13:19:03	2022-11-08 03:59:24
BE22005430	2	1	강한 아버지셨잖아. 당연히 괴롭지. 아버지니까 네가 그러는 게 당연해.	N	2022-06-30 13:19:03	2022-11-08 03:59:24
BE22005430	3	0	사랑하는 누군가의 아픔을 바로 옆에서 본다는 게 이렇게 힘든 일인 줄 몰랐어.	N	2022-06-30 13:19:03	2022-11-08 03:59:24
BE22005430	4	1	그보다 더 슬픈 건 없어. 정말이야. 너의 슬픔을 내가 덜어주고 싶어.	N	2022-06-30 13:19:03	2022-11-08 03:59:24
BE22005430	5	0	아버지를 볼 때면 몰래 눈물을 흘려. 심지어 아버지를 생각할 때마다 눈물이 나.	N	2022-06-30 13:19:03	2022-11-08 03:59:24
BE22005430	6	1	아버지를 보는 네가 얼마나 힘들까. 슬퍼했을 너의 모습에 나도 눈물이 나.	N	2022-06-30 13:19:03	2022-11-08 03:59:24
BE22005430	7	0	정말 강인하셨던 분인데. 지금은 아이처럼 약해지셨어.	N	2022-06-30 13:19:03	2022-11-08 03:59:24
BE22005430	8	1	약해지신 부모님을 보는 게 쉽지 않다는 것을 잘 알아. 네가 그 슬픔을 어떻게 견뎌 냈을지 상상이 안 돼.	N	2022-06-30 13:19:03	2022-11-08 03:59:24
BE22005430	9	0	방법은 없어. 시간이 흐르면 아버지를 바라보는 나의 감정도 무뎌지겠지. 언젠가 아버지를 보면서 나도 웃겠지.	N	2022-06-30 13:19:03	2022-11-08 03:59:24
BE22005430	10	1	맞아. 언제든 너의 마음이 슬퍼질 때면 내게 연락을 줘. 내가 너의 마음을 바꿀 수는 없겠지만 너의 슬픔을 들어줄 수는 있어.	N	2022-06-30 13:19:03	2022-11-08 03:59:24
BE22005430	11	0	그렇게 말해줘서 고마워. 고민을 들어주는 건 누구나 할 수 있는 일이 아니야. 정말 고마워.	N	2022-06-30 13:19:03	2022-11-08 03:59:24
BE22005430	12	1	내가 힘이 되어줄게. 너도 예전에 나의 고민을 많이 들어줬잖아.	N	2022-06-30 13:19:03	2022-11-08 03:59:24
BE22005430	13	0	고마워. 너는 내게 정말 큰 힘이 되는 존재야. 힘이 들고 지칠 때면 너에게 꼭 연락할게.	N	2022-06-30 13:19:03	2022-11-08 03:59:24
BE22005430	14	1	기다릴게. 지금은 힘들겠지만, 기운 내길 바라.	Y	2022-06-30 13:19:03	2022-11-08 03:59:24
