id	utterance_id	utterance_type	utterance_text	terminate	regDate	updDate
BE22005973	1	0	열심히 해도 안 되는 일이 있다는 게 나를 너무 슬프고 비통하게 만들어. 눈물이 멈추질 않는다.	N	2022-07-04 06:11:03	2022-11-08 04:02:51
BE22005973	2	1	이시간에 갑자기 왜 이렇게 비관적인 문자야? 왜 그래. 무슨 일이라도 있어?	N	2022-07-04 06:11:03	2022-11-08 04:02:51
BE22005973	3	0	나 이번에도 수능 망쳤어. 입시 실패로 그냥 이제 취업 준비를 하려고 해. 더 이상 부모님한테 지원받기도 눈치 보이고 너무 죄송하거든.	N	2022-07-04 06:11:03	2022-11-08 04:02:51
BE22005973	4	1	아이고 지금 네 기분이 어떨지 감히 상상이 안 간다. 무소식이 희소식이겠거니 수능 끝나고도 연락 없길래 입시 잘 되어가는 줄 알았어. 그렇게 열심히 준비했는데 입시 실패라니 네 마음이 얼마나 아프겠니.	N	2022-07-04 06:11:03	2022-11-08 04:02:51
BE22005973	5	0	맞아. 지금 도저히 무언가를 할 의욕이 안나. 막연히 취업 준비를 해야지 싶으면서도, 입시에 계속 미련이 남아서 눈물밖에 안 나온다. 정말. 나는 왜 이러는 걸까.	N	2022-07-04 06:11:03	2022-11-08 04:02:51
BE22005973	6	1	오랫동안 준비해왔던 입시잖아. 나 같아도 그렇게 오래 준비한 입시가 실패하고 좌절되면 다시 일어서기 너무 힘들 거 같아. 얘기 듣는 내 가슴이 더 아려오네. 정말 슬프다.	N	2022-07-04 06:11:03	2022-11-08 04:02:51
BE22005973	7	0	정말 너무 슬프다. 분명 열심히 준비했다고 생각했는데 내 노력이 부족했던 걸까? 수능성적이 이렇게 안 좋게 나올 줄은 몰랐어.	N	2022-07-04 06:11:03	2022-11-08 04:02:51
BE22005973	8	1	그런 생각하지 마. 네가 얼마나 열심히 했는지는 네 주변 사람들이 다 증명해줄걸? 더군다나 이번 수능이 불수능이라 엄청 어려웠다고 하잖아. 너무 속상해하고 자책하지 말자.	N	2022-07-04 06:11:03	2022-11-08 04:02:51
BE22005973	9	0	아무리 불수능이어도 내가 더 노력해서 완벽하게 준비했다면 이랬을까 하는 생각이 들어. 취업 준비를 한다고 해서 내가 잘할 수있을까. 나는 하는 일마다 다 좌절되는 거 같아서 정말 심장이 조여온다.	N	2022-07-04 06:11:03	2022-11-08 04:02:51
BE22005973	10	1	네가 무슨 일을 하게 되든 얼마나 노력하고 성실하게 하는지 내가 너무 잘 알잖아. 너는 분명 취업도 엄청 잘할 거야. 네 그 성실함이 너를 빛으로 이끌 거라는 거 내가 장담할게.	N	2022-07-04 06:11:03	2022-11-08 04:02:51
BE22005973	11	0	네가 그렇게 말해주니까 너무 고맙다. 이렇게 슬퍼하기에는 시간이 너무 아까운 거겠지?	N	2022-07-04 06:11:03	2022-11-08 04:02:51
BE22005973	12	1	세상에 아까운 시간이라는 건 없다고 생각해. 네가 울고 싶은 만큼, 슬퍼하고 싶은 만큼 마음껏 마음을 비워내. 그리고 다시 새로운 마음으로 시작을 하는 거야.	N	2022-07-04 06:11:03	2022-11-08 04:02:51
BE22005973	13	0	그 말이 오히려 내 슬픔을 덜어내는 거 같아. 너무 좋은 조언 고마워. 네 말대로 오늘은 슬픔의 감정을 비워내는 시간으로 가지고 앞으로 다시 노력해볼게.	N	2022-07-04 06:11:03	2022-11-08 04:02:51
BE22005973	14	1	응. 분명 너는 취업 준비도 잘해낼 거라고 나는 믿어. 이 슬픔을 디딤돌 삼아서 우리 더 힘내보자. 내가 옆에서 항상 응원할게.	N	2022-07-04 06:11:03	2022-11-08 04:02:51
BE22005973	15	0	응. 고마워. 덕분에 기분은 많이 풀렸어. 내가 또 문자로 간간이 소식 알릴게. 너무 고맙다.	N	2022-07-04 06:11:03	2022-11-08 04:02:51
BE22005973	16	1	고맙기는. 언제나 네 옆에 내가 있다는 거 잊지 말고. 기운내!	Y	2022-07-04 06:11:03	2022-11-08 04:02:51
