id	utterance_id	utterance_type	utterance_text	terminate	regDate	updDate
BE22007131	1	0	너무 힘들다. 건강했던 우리 엄마 어딨냐?	N	2022-07-08 06:42:34	2022-11-08 04:10:24
BE22007131	2	1	왜 그래 친구야 어머니한테 무슨 일 있어.	N	2022-07-08 06:42:34	2022-11-08 04:10:24
BE22007131	3	0	우리 엄마 작년에 수술하시고 항암 치료 중인 거 알지?	N	2022-07-08 06:42:34	2022-11-08 04:10:24
BE22007131	4	1	응, 그래 그때 너 많이 힘들었잖아 요즘 많이 편찮으셔?	N	2022-07-08 06:42:34	2022-11-08 04:10:24
BE22007131	5	0	얼마 전부터 항암치료 때문에 머리 빠지시는데 속상해 죽을 것 같아.	N	2022-07-08 06:42:34	2022-11-08 04:10:24
BE22007131	6	1	좀 좋아지신 줄 알았는데 부작용이 생기셨구나. 너 마음이 많이 안 좋겠다.	N	2022-07-08 06:42:34	2022-11-08 04:10:24
BE22007131	7	0	응, 보고 있어도 눈물이 나서 미치겠는데 앞에서 담담하게 참느라 힘들다.	N	2022-07-08 06:42:34	2022-11-08 04:10:24
BE22007131	8	1	그 마음 너무 잘 알지 나도 엄마 위암 수술받고 병간호할 때 몰래 많이 울었어.	N	2022-07-08 06:42:34	2022-11-08 04:10:24
BE22007131	9	0	맞아 엄마도 계속 울고 그거 보면 내 마음도 찢어지고.	N	2022-07-08 06:42:34	2022-11-08 04:10:24
BE22007131	10	1	어머니 많이 속상하시겠다. 보는 너도 너무 마음이 아프겠다 네가 속상하다고 하니 나도 눈물이 난다.	N	2022-07-08 06:42:34	2022-11-08 04:10:24
BE22007131	11	0	진짜 요즘 사는 게 지옥이다. 우리 예쁜 엄마 고생만 하다가 아프기까지 하니 속상해.	N	2022-07-08 06:42:34	2022-11-08 04:10:24
BE22007131	12	1	많이 힘들겠지만 너 같은 든든한 아들이 있고 어머니도 강하신 분이잖아 금방 좋아지실 거야.	N	2022-07-08 06:42:34	2022-11-08 04:10:24
BE22007131	13	0	좋아지시겠지? 우리 엄마 위해서 기도 한 번만 해주라.	N	2022-07-08 06:42:34	2022-11-08 04:10:24
BE22007131	14	1	그래 어머니 잘 이겨내시고 완쾌해달라고 기도할게. 너도 너무 속상해하지 말고.	N	2022-07-08 06:42:34	2022-11-08 04:10:24
BE22007131	15	0	고맙다 친구야 네가 그렇게 말해주니 위로가 된다. 나도 힘내서 엄마 간호 잘해볼게.	N	2022-07-08 06:42:34	2022-11-08 04:10:24
BE22007131	16	1	그래 어머니 과일 뭐 좋아하셔? 나도 조만간 찾아뵐게. 힘내 친구야.	Y	2022-07-08 06:42:34	2022-11-08 04:10:25
