id	utterance_id	utterance_type	utterance_text	terminate	regDate	updDate
BE22000981	1	0	우리 고등학교 때 자주 가던 학교 근처 문방구 앞 떡볶이집 기억나?	N	2022-06-14 00:58:15	2022-11-08 03:30:39
BE22000981	2	1	그럼! 우리 학교 끝나면 매일 거기서 떡볶이에 어묵 하나씩 먹고 집 갔잖아.	N	2022-06-14 00:58:15	2022-11-08 03:30:39
BE22000981	3	0	이번에 근처 갈 일 생겨서 봤더니, 사라지고 그 자리에 부동산 건물이 있더라고.	N	2022-06-14 00:58:15	2022-11-08 03:30:39
BE22000981	4	1	정말? 나도 너무 섭섭해. 우리의 추억의 장소잖아.	N	2022-06-14 00:58:15	2022-11-08 03:30:39
BE22000981	5	0	사라질 줄 알았으면 한 번쯤 더 가볼 걸 그랬어. 사는 게 바빠서 예전 소중했던 추억을 돌보는 것도 소홀했던 것 같아.	N	2022-06-14 00:58:15	2022-11-08 03:30:39
BE22000981	6	1	나도 까맣게 잊고 살았네. 생각해보면 정말 애틋했던 장소인데, 너무 아쉬워.	N	2022-06-14 00:58:15	2022-11-08 03:30:40
BE22000981	7	0	그 시절 좋았던 추억이 담긴 물건이나 장소가 점점 사라져 가는 것 같아서 슬퍼.	N	2022-06-14 00:58:15	2022-11-08 03:30:40
BE22000981	8	1	너무 슬퍼하지 마. 우리가 성장하는 속도가 빠른 것만큼 시대도 빠르게 변하는 거지. 지금 생각해 보면 그때가 추억이지만, 바로 지금도 몇 년 후에는 추억이 되어있을 거야.	N	2022-06-14 00:58:15	2022-11-08 03:30:40
BE22000981	9	0	지금도 우리가 추억을 쌓고 있는 걸까? 서로가 바빠서 멀어진 느낌이야.	N	2022-06-14 00:58:15	2022-11-08 03:30:40
BE22000981	10	1	그러게. 우리 고등학교 때는 정말 자주 놀았는데. 서로 많이 소홀했었다. 추억 얘기도 한 김에 오랜만에 약속이나 잡아볼까?	N	2022-06-14 00:58:15	2022-11-08 03:30:40
BE22000981	11	0	정말? 너무 좋아. 우리 생각난 김에 고등학교 근처 동네로 가볼까? 오랜만에 가 보면 옛날로 돌아가는 기분이라 신날 것 같아.	N	2022-06-14 00:58:15	2022-11-08 03:30:40
BE22000981	12	1	좋은데? 그 당시 추억을 돌아보면서 그때로 되돌아간 듯한 기분을 느낄 수 있을 거야.	N	2022-06-14 00:58:15	2022-11-08 03:30:40
BE22000981	13	0	떡볶이집이 사라지고 우리 추억이 점점 없어져 가는 것 같아서 우울했는데, 그 기억이 다시 우리를 이어주는 것 같아서 기뻐.	N	2022-06-14 00:58:15	2022-11-08 03:30:40
BE22000981	14	1	고등학교 때의 기억이 아니더라도 상관없이 너랑은 앞으로도 쭉 그렇게 지낼게.	N	2022-06-14 00:58:15	2022-11-08 03:30:40
BE22000981	15	0	그렇게 말해줘서 고마워. 우리 서로 바빠도 자주 연락하고 지내자.	Y	2022-06-14 00:58:15	2022-11-08 03:30:40
