id	utterance_id	utterance_type	utterance_text	terminate	regDate	updDate
BE22004935	1	0	요즘 들어 옛친구가 그리운 것은 나이가 들었다는 것이지.	N	2022-06-29 02:17:48	2022-11-08 03:56:08
BE22004935	2	1	누구나 나이가 들면 후회되는 일도 많고 옛친구들이 보고 싶기도 하지.	N	2022-06-29 02:17:48	2022-11-08 03:56:08
BE22004935	3	0	젊어서는 주변을 돌아보며 살 여유가 없어서 친구들과도 자주 만나지 못해 슬픈 생각이 들어.	N	2022-06-29 02:17:48	2022-11-08 03:56:08
BE22004935	4	1	정말 그때는 왜 그렇게 바빴는지 모르겠어. 회사 일도 늘 야근이고, 아이들도 어렸고.	N	2022-06-29 02:17:48	2022-11-08 03:56:08
BE22004935	5	0	우리 세대가 전후 세대여서 그랬을 거야. 그때를 생각하면 슬퍼. 정말 어렵고 힘든 시기를 거쳐왔잖아.	N	2022-06-29 02:17:48	2022-11-08 03:56:08
BE22004935	6	1	그때는 다들 얼마나 열심히 일했어. 밤낮이 없었잖아. 주말에도 출근하고.	N	2022-06-29 02:17:48	2022-11-08 03:56:08
BE22004935	7	0	가족들도 보기 어려운 판에 친구를 만나기는 더욱 어려운 시절이었지.	N	2022-06-29 02:17:48	2022-11-08 03:56:08
BE22004935	8	1	친구들과 모처럼 약속을 해도 갑자기 일이 생기면 나갈 수가 없었어.	N	2022-06-29 02:17:48	2022-11-08 03:56:08
BE22004935	9	0	세월이 흘러서인지 자꾸 옛날 생각이 나. 직장에서 함께 일한 친구인데 한 번 보고 싶네.	N	2022-06-29 02:17:48	2022-11-08 03:56:08
BE22004935	10	1	보고 싶으면 가서 만나야지. 그렇게 슬픔에 빠져있으면 건강에도 좋지 않아.	N	2022-06-29 02:17:48	2022-11-08 03:56:08
BE22004935	11	0	안양 신도시에 살 적에 한 번 만났는데 이후 소식을 몰라.	N	2022-06-29 02:17:48	2022-11-08 03:56:08
BE22004935	12	1	지금까지 그곳에 살면 모르지만 이사를 갔다면 만나기가 쉽지 않지. 주소도 모르잖아.	N	2022-06-29 02:17:48	2022-11-08 03:56:08
BE22004935	13	0	지금까지 안양에 살수도 있지만 주소도 몰라. 한 번 찾아갔지만, 집이 어딘지 기억이 안 나.	N	2022-06-29 02:17:48	2022-11-08 03:56:08
BE22004935	14	1	나이가 들수록 후회되는 일이 많지. 지금 우리 나이는 지난 시절이 그립고 옛친구가 그리울 때야.	N	2022-06-29 02:17:48	2022-11-08 03:56:08
BE22004935	15	0	그래서 많은 사람이 나이가 들수록 슬퍼진다고 하더군.	Y	2022-06-29 02:17:48	2022-11-08 03:56:08
