id	utterance_id	utterance_type	utterance_text	terminate	regDate	updDate
BE22003523	1	0	이번 학기 등록금 내려고 대출을 받았어. 큰돈을 대출받으니 심란하네.	N	2022-06-25 02:38:23	2022-11-08 03:47:05
BE22003523	2	1	이번 학기에는 성적 장학금을 받지 못한 거야? 늘 장학금으로 대체했었잖아.	N	2022-06-25 02:38:23	2022-11-08 03:47:05
BE22003523	3	0	응. 아쉽게 놓쳤어. 공부를 나름 열심히 한다고 했는데, 조금 더 했어야 하나 후회가 돼.	N	2022-06-25 02:38:23	2022-11-08 03:47:05
BE22003523	4	1	너 이번 학기에도 충분히 노력한 거 다 알아. 운이 조금 안 따라줬나 보다. 너무 낙담하지 말고, 다음 학기에는 더 열심히 준비하면 되지.	N	2022-06-25 02:38:23	2022-11-08 03:47:05
BE22003523	5	0	응. 그렇게 마음을 다잡으려고 하는데, 대출금이 내 마음을 너무 무겁게 해. 나도 돈 걱정 없이 학교에 다닐 수 있으면 좋았을 텐데.	N	2022-06-25 02:38:23	2022-11-08 03:47:05
BE22003523	6	1	맞아. 대학에 오고 나니 세상이 참 불공평하다는 생각이 들어. 용돈 받으면서 매일매일 노는 아이들도 있고, 등록금 때문에 죽어라 아르바이트하고 공부하는 애들도 있고.	N	2022-06-25 02:38:23	2022-11-08 03:47:05
BE22003523	7	0	그러니까 말이야. 대출금 갚으면서 공부할 생각에 슬프고 우울하다.	N	2022-06-25 02:38:23	2022-11-08 03:47:05
BE22003523	8	1	그래도 너는 머리가 비상하고 노력까지 하는 아이니까 분명 다음 학기에는 성적 장학금 받을 거야. 그러면 아르바이트한 걸로 대출금 갚고, 다시 안정적인 삶을 되찾을 수 있어. 네 성실함과 비상함을 믿고 마음을 편안하게 가져도 좋겠어.	N	2022-06-25 02:38:23	2022-11-08 03:47:05
BE22003523	9	0	그렇겠지? 위로해 줘서 고마워. 네가 날 믿어주니까 희망이 좀 생기는 듯해.	N	2022-06-25 02:38:23	2022-11-08 03:47:05
BE22003523	10	1	나는 언제나 널 믿고 응원하지. 너는 반드시 성공할 아이야. 그러니 지금 당장 조급함과 막막함에 힘들어하지 말자.	N	2022-06-25 02:38:23	2022-11-08 03:47:05
BE22003523	11	0	고마워. 네가 내 친구라서 참 힘이 난다.	N	2022-06-25 02:38:23	2022-11-08 03:47:05
BE22003523	12	1	그렇게 말해 주니까 내가 더 고맙다. 사실 나도 등록금 때문에 빚이 좀 있거든. 함께 노력해서 갚아 나가자.	N	2022-06-25 02:38:23	2022-11-08 03:47:05
BE22003523	13	0	응. 처지가 비슷한 친구랑 이야기하니까 마음이 놓인다. 진심으로 고마워! 우리 힘내서 빛나는 미래를 위해 달려 나가자.	N	2022-06-25 02:38:23	2022-11-08 03:47:05
BE22003523	14	1	그러자. 나도 네가 있으니 참 의지가 된다. 우리 파이팅하자. 다음 학기 수석은 우리야!	N	2022-06-25 02:38:23	2022-11-08 03:47:05
BE22003523	15	0	그래. 이를 갈고 열심히 공부해 보는 거야.	Y	2022-06-25 02:38:23	2022-11-08 03:47:05
