id	utterance_id	utterance_type	utterance_text	terminate	regDate	updDate
BE22006146	1	0	내가 응원하는 야구 팀이 또 져서 너무 슬퍼.	N	2022-07-04 17:05:27	2022-11-08 04:03:57
BE22006146	2	1	너 이번에 가서 직접 응원한다고 경기도 직접 보러 가지 않았어? 그러니까 더 마음이 슬펐겠다.	N	2022-07-04 17:05:27	2022-11-08 04:03:57
BE22006146	3	0	응. 직접 경기 보러 갔는데 하필 져서 내 마음이 너무 안 좋아.	N	2022-07-04 17:05:27	2022-11-08 04:03:57
BE22006146	4	1	네가 얼마나 그 팀을 응원했는지 아니까 네가 얼마나 속상할지 알겠어. 네가 슬퍼할 걸 생각하니까 나도 마음이 우중충해지는 것 같아.	N	2022-07-04 17:05:27	2022-11-08 04:03:57
BE22006146	5	0	응. 괜히 내가 가서 진 건가 하는 생각도 들고. 예전에도 축구 경기를 보러 간 적이 있었는데 그때 내가 응원하던 팀이 졌거든.	N	2022-07-04 17:05:27	2022-11-08 04:03:57
BE22006146	6	1	네가 가서 그런 건 절대 아닐 거야. 너무 슬퍼서 그런 생각이 들 수도 있지만 승패는 그런 것에 좌우되지 않는걸. 그러니까 너무 자책하지 마.	N	2022-07-04 17:05:27	2022-11-08 04:03:57
BE22006146	7	0	그건 그렇지. 근데 지난번에도 져서 이번에는 꼭 이겼으면 좋겠다고 생각했는데 또 져서 그런가봐. 이번 경기에서 이겨야지 다음 경기에서 잘 못하더라도 그다음 단계로 진출할 수 있었거든.	N	2022-07-04 17:05:27	2022-11-08 04:03:57
BE22006146	8	1	다음 경기 때 이겨서 그다음 단계로 진출하면 되지! 네가 열심히 응원했고 선수들도 이기기 위해서 최선을 다할 테니까 다음 라운드로 가게 될 거야. 너무 걱정하지 마.	N	2022-07-04 17:05:27	2022-11-08 04:03:57
BE22006146	9	0	네 말대로 그랬으면 좋겠다. 지금 내 취미가 야구를 보는 거니까 야구의 승패에 내 기분도 많이 좌우되는 것 같거든.	N	2022-07-04 17:05:27	2022-11-08 04:03:57
BE22006146	10	1	확실히 그렇긴 하겠다. 그러면 선수들에게 더 힘을 불어넣어주기 위해서 응원 편지나 댓글 같은 걸 써보면 어떨까? 선수들이 응원에 힘입어 더 열심히 경기 해서 좋은 결과를 얻을 수 있을 거야.	N	2022-07-04 17:05:27	2022-11-08 04:03:57
BE22006146	11	0	좋은 생각인 것 같아! 아직 한 번도 써보지 않았는데 이번 기회에 응원 글을 써봐야겠어. 좋은 의견 내줘서 고마워.	N	2022-07-04 17:05:27	2022-11-08 04:03:57
BE22006146	12	1	네가 열심히 응원하는 걸 보니까 자연스럽게 생각이 나던걸? 나도 같이 응원 글 써줄게. 같이 작성해서 선수들에게 힘을 줘 보자.	N	2022-07-04 17:05:27	2022-11-08 04:03:57
BE22006146	13	0	고마워. 네 덕분에 우울했던 마음이 좀 괜찮아지는 것 같아. 함께 써보자.	N	2022-07-04 17:05:27	2022-11-08 04:03:57
BE22006146	14	1	그래. 우리들의 응원에 힘입어 선수들도 기량을 잘 발휘할 수 있을 거야. 그리고 네 기분도 덩달아 같이 좋아졌으면 좋겠다.	Y	2022-07-04 17:05:27	2022-11-08 04:03:57
