id	utterance_id	utterance_type	utterance_text	terminate	regDate	updDate
BE22006110	1	0	막차 놓쳤어. 나는 이제 망했어. 이 시간에 택시를 잡으면 할증까지 해서 4만원이 나오는데.	N	2022-07-04 14:26:13	2022-11-08 04:03:44
BE22006110	2	1	택시? 이 시간에 택시 잡는 건 무척이나 힘들어. 더군다나 날도 추워서 귀도 차갑고 손도 시릴 텐데. 네가 걱정이 많겠다.	N	2022-07-04 14:26:13	2022-11-08 04:03:44
BE22006110	3	0	나는 이것밖에 안 되나 봐. 막차가 새벽 1시인데 그걸 놓치다니. 정말이지 왜 이럴까 난.	N	2022-07-04 14:26:13	2022-11-08 04:03:44
BE22006110	4	1	왜 이러긴! 막차를 놓칠 수도 있는 거지. 항상 완벽히 움직이는 사람은 없어! 그건 로봇일 뿐이야.	N	2022-07-04 14:26:13	2022-11-08 04:03:44
BE22006110	5	0	막차 시간을 알고 있었는데. 그런데도 버스를 놓친 나 자신이 너무 한심해.	N	2022-07-04 14:26:13	2022-11-08 04:03:44
BE22006110	6	1	너는 한심하지 않아. 평소에 막차를 잘 탔잖아. 그렇지?	N	2022-07-04 14:26:13	2022-11-08 04:03:44
BE22006110	7	0	그건 맞아. 평소엔 잘 탔어. 오늘 하루 놓친 거야.	N	2022-07-04 14:26:13	2022-11-08 04:03:44
BE22006110	8	1	바로 그거야. 원숭이가 나무에서 떨어질 수 있듯이 너는 오늘 하루 마지막 버스를 놓쳤을 뿐이야. 실수도 할 수 있는 거지 실수를 한 너 자신을 탓하지 않았으면 좋겠어.	N	2022-07-04 14:26:13	2022-11-08 04:03:44
BE22006110	9	0	그렇게 말해줘서 고마워. 매일 하는 실수도 아닐뿐더러 항상 완벽한 사람은 없어.	N	2022-07-04 14:26:13	2022-11-08 04:03:44
BE22006110	10	1	내가 하고 싶은 말이 딱 그 말이야! 완벽한 사람은 존재하지 않아. 인간적인 모습도 보여주는 게 사람이지!	N	2022-07-04 14:26:13	2022-11-08 04:03:44
BE22006110	11	0	한번 실수한 거 두고 내가 나를 너무 한심하게 쳐다보았어. 그럴 필요까지 없었는데. 실수 한번 한 거 가지고.	N	2022-07-04 14:26:13	2022-11-08 04:03:44
BE22006110	12	1	이번에 실수했으면 다음엔 안 하도록 노력하면 되는 거야. 그건 그렇게까지 어려운 일이 아니거든!	N	2022-07-04 14:26:13	2022-11-08 04:03:44
BE22006110	13	0	고마워. 두고봐! 다음부턴 막차를 절대 놓치지 않을 거야! 이번엔 어쩔 수 없이 택시를 타지만, 다음에 택시란 없어!	N	2022-07-04 14:26:13	2022-11-08 04:03:44
BE22006110	14	1	바로 그거야! 내가 아는 넌 노력형 친구야. 충분히 해낼 수 있어. 내가 멀리서 응원하고 있을게!	Y	2022-07-04 14:26:13	2022-11-08 04:03:44
