id	utterance_id	utterance_type	utterance_text	terminate	regDate	updDate
BE22006111	1	0	너 내가 학교 다닐 때부터 이름에 콤플렉스 있었던 것 알지?	N	2022-07-04 14:34:46	2022-11-08 04:03:44
BE22006111	2	1	응. 그때 애들이 너 이름으로 많이 놀렸잖아. 너 운 적도 있고 애들이랑 막 싸우기도 하고.	N	2022-07-04 14:34:46	2022-11-08 04:03:44
BE22006111	3	0	그래. 그래서 그때부터 내가 성인되면 개명하려고 했었거든. 그래서 이번에 고민하다가 부모님께 말씀드렸는데 안 된다고 하셔서 너무 속상해.	N	2022-07-04 14:34:46	2022-11-08 04:03:44
BE22006111	4	1	오래도록 기다려왔는데, 어머니랑 아버지가 반대하셔서 실망감이 크겠다. 학교 다닐 때 너 이름 때문에 정말 힘들어했잖아. 나는 네 이름 예쁘다고 생각하지만, 너처럼 그렇게 힘들었다면 나였어도 정말 바꾸고 싶을 것 같아.	N	2022-07-04 14:34:46	2022-11-08 04:03:44
BE22006111	5	0	응. 나는 진짜 지금만 바라보고 버텼는데, 이렇게 되니까 정말 기운 빠지고 허망해.	N	2022-07-04 14:34:46	2022-11-08 04:03:44
BE22006111	6	1	그런데 너는 네 이름이 그렇게 마음에 안 들어? 어릴 때는 친구들도 별 의미 없이 그냥 독특해서 장난쳤던 거잖아.	N	2022-07-04 14:34:46	2022-11-08 04:03:44
BE22006111	7	0	지금 생각하면 친구들이 왜 그랬는지 이해는 가. 그런데 어린 시절 감정이 계속되는 기분이라 지금 이름에 정이 안 붙어.	N	2022-07-04 14:34:46	2022-11-08 04:03:44
BE22006111	8	1	너무 그때 그 감정에 매몰되지 않았으면 해. 단적으로 생각하면 네 이름이 좀 튄다고 생각할 수도 있긴 해. 하지만 반대로 생각하면 오히려 독특하고 개성 있는 이름이지 않을까?	N	2022-07-04 14:34:46	2022-11-08 04:03:44
BE22006111	9	0	그렇긴 해. 그래도 바꾸고 싶은 이름을 고심해서 생각했는데, 제대로 한번을 불려보지도 못하니까 속상하네. 엄마랑 아빠는 내 바꾸려는 이름이 뭔지 관심도 없고 정말 서러워.	N	2022-07-04 14:34:46	2022-11-08 04:03:44
BE22006111	10	1	부모님께 너무 섭섭하다고 생각하지는 마. 아마 너희 부모님도 네 이름이 독특하고 예쁘다고 생각하셔서 반대하시는 걸 거야. 너도 네 이름을 조금 더 객관적으로 바라보면 어때?	N	2022-07-04 14:34:46	2022-11-08 04:03:44
BE22006111	11	0	그래. 네 말을 들어보니 그런 것 같기도 해. 어쩌면 내가 옛날 기억 때문에 너무 나쁘게만 생각하는 걸 수도 있을 것 같아.	N	2022-07-04 14:34:46	2022-11-08 04:03:44
BE22006111	12	1	개명은 언제든 할 수 있으니까 조금만 더 노력해 봐. 그래도 네 이름이 마음에 들지 않는다면 그때 다시 부모님께 잘 말씀드려봐. 그때는 부모님도 네 이야기를 잘 들어주실 수도 있어.	N	2022-07-04 14:34:46	2022-11-08 04:03:44
BE22006111	13	0	맞아. 내가 상황 설명 없이 무작정 얘기해서 부모님도 반대하신 것 같기도 해. 나도 너무 답을 정해 놓고 생각하지 말고, 조금 더 다양한 시각으로 고민해봐야겠다.	N	2022-07-04 14:34:46	2022-11-08 04:03:44
BE22006111	14	1	응. 그렇다고 너무 부담 갖지는 말고, 편안하게 생각해 보기를 바라!	N	2022-07-04 14:34:46	2022-11-08 04:03:44
BE22006111	15	0	응! 상담 고마워! 다음에 또 연락할게.	Y	2022-07-04 14:34:46	2022-11-08 04:03:44
