id	utterance_id	utterance_type	utterance_text	terminate	regDate	updDate
BE22004776	1	0	오늘 병원 갔다 왔는데 결국 난임 판정받았어. 나이가 많아서 바로 시험관 시술을 하기로 결정하는데 슬퍼지더라.	N	2022-06-28 13:25:39	2022-11-08 03:55:07
BE22004776	2	1	그랬구나. 결과가 기대했던 거와는 달랐네. 네가 낙담했을 모습을 생각하니 나까지 눈물이 나려고 한다.	N	2022-06-28 13:25:39	2022-11-08 03:55:07
BE22004776	3	0	결과 듣고 잠시 멍한 기분이 들더라. 내가 몸 관리를 잘못해서 그런가 싶어 몇 번 되묻게 되더라고.	N	2022-06-28 13:25:39	2022-11-08 03:55:07
BE22004776	4	1	그럴 리가 있겠니. 아기 천사 만나려고 네가 그동안 노력한 거 하늘이 알고 땅이 알 거야.	N	2022-06-28 13:25:39	2022-11-08 03:55:07
BE22004776	5	0	그런데도 많은 게 후회스럽더라. 결국 이렇게 될 걸 조금 더 일찍 병원에 와볼 걸 괜한 고집을 부렸나 싶어.	N	2022-06-28 13:25:39	2022-11-08 03:55:07
BE22004776	6	1	자책하지 마. 네가 잘못한 거 하나도 없어. 운동도 열심히 하고 몸에 나쁜 음식은 먹지도 않으면서 노력했잖아. 네가 최선을 다 해왔다는 건 내가 장담할 수 있어.	N	2022-06-28 13:25:39	2022-11-08 03:55:07
BE22004776	7	0	그러고 보니 2년 가까이 그렇게 지냈네. 그런데 시험관 시술이라니! 그동안 헛수고했단 거잖아.	N	2022-06-28 13:25:39	2022-11-08 03:55:07
BE22004776	8	1	헛수고라니! 그렇지 않아. 네 노력 덕분에 건강한 아기를 만나게 될 거야.	N	2022-06-28 13:25:39	2022-11-08 03:55:07
BE22004776	9	0	네 얘기 들으니 지나간 시간이 다 헛되진 않을 것 같긴 하네. 머리가 좀 맑아지는 기분이 든다. 앞으로 어떻게 해야 할지 차근차근 생각해 봐야겠어.	N	2022-06-28 13:25:39	2022-11-08 03:55:07
BE22004776	10	1	원래 씩씩했던 네 모습이 돌아오는 것 같아 기쁘다. 금방 힘이 펄펄 나진 않더라도 그렇게 조금씩 힘내보자. 넌 의지가 강하니까 곧 기운 차릴 거야.	N	2022-06-28 13:25:39	2022-11-08 03:55:07
BE22004776	11	0	네가 믿어 주니까 큰 힘이 돼. 깜깜한 방 안에 갇힌 기분이었는데 조금씩 밝아지는 느낌이야.	N	2022-06-28 13:25:39	2022-11-08 03:55:07
BE22004776	12	1	나한테 도움 필요하면 언제든지 말해. 그게 뭐든 힘 닿는 데까지 도와줄게.	N	2022-06-28 13:25:39	2022-11-08 03:55:07
BE22004776	13	0	그렇게 말해주니까 정말 든든하다. 시험관 시술이 많이 아프다고 들어서 겁이 나긴 하는데 참고 견뎌볼 거야.	N	2022-06-28 13:25:39	2022-11-08 03:55:07
BE22004776	14	1	네 말대로 힘든 과정이 기다리지만 너는 분명 앞으로도 잘 견뎌 낼 거야. 지금까지 해왔던 대로 몸도 마음도 잘 버텨보자.	N	2022-06-28 13:25:39	2022-11-08 03:55:07
BE22004776	15	0	한시라도 빨리 아기가 찾아왔으면 좋겠다. 이제 시작이니까 기운 차리고 그때까지 포기하지 않을 거야.	Y	2022-06-28 13:25:39	2022-11-08 03:55:07
