id	utterance_id	utterance_type	utterance_text	terminate	regDate	updDate
BE22003752	1	0	나 이번 학기 완전 망칠 것 같아. 어떡하면 좋지?	N	2022-06-26 04:31:31	2022-11-08 03:48:35
BE22003752	2	1	왜 그래? 혹시 수강 신청을 제대로 하지 못했니?	N	2022-06-26 04:31:31	2022-11-08 03:48:35
BE22003752	3	0	이번 선착순 신청에서 다 탈락했어. 이번 학기 망칠 것 같아. 너무 우울하고 걱정된다.	N	2022-06-26 04:31:31	2022-11-08 03:48:35
BE22003752	4	1	나도 수강 신청에 실패해서 하루 종일 컴퓨터를 붙잡고 있었던 적이 있어서 너의 마음에 너무 공감돼. 네가 학기를 앞두고 걱정이 정말 많이 되겠다.	N	2022-06-26 04:31:31	2022-11-08 03:48:35
BE22003752	5	0	수강신청을 하려고 하는데 하필 컴퓨터 전원이 안 들어오는 것 있지. 얼마나 낙담을 했는지. 정말 당황했어.	N	2022-06-26 04:31:31	2022-11-08 03:48:35
BE22003752	6	1	정말 중요한 상황에서 컴퓨터가 제대로 작동을 안 했다니. 네가 정말 막막했겠는데. 나였어도 정말 당황스러웠을 것 같아.	N	2022-06-26 04:31:31	2022-11-08 03:48:35
BE22003752	7	0	하여튼 이번 학기 수강 신청을 망한 것 같아서 정말 막막해. 내가 수강 정정에 성공할 수 있을까?	N	2022-06-26 04:31:31	2022-11-08 03:48:35
BE22003752	8	1	나도 너처럼 실패해 본 경험이 있어서 너의 걱정되는 마음에 너무 공감돼. 그렇지만 곧 진행될 수강 정정 기간에 남은 시간표를 복구할 수 있는 기회가 있을 거야. 수강 신청 때 신청하지 못했던 과목들을 다시 신청할 수 있었거든.	N	2022-06-26 04:31:31	2022-11-08 03:48:35
BE22003752	9	0	수강 정정 기간에도 경쟁이 치열하다고 알고 있는데 내가 수강 신청을 성공할 수 있을까?	N	2022-06-26 04:31:31	2022-11-08 03:48:35
BE22003752	10	1	당연하지. 수강 정정 기간에는 다른 학생들이 수강을 포기하는 경우가 많아. 지금은 걱정이 되더라도 나중에 충분히 만회할 수 있는 기회가 있어. 나도 그런 식으로 수강 신청을 다시 성공한 경우가 많거든.	N	2022-06-26 04:31:31	2022-11-08 03:48:35
BE22003752	11	0	그렇게 말해주니 고마워. 이번 학기 때 꼭 들어야 하는 수업이 있는데 너무 걱정이 되네. 그 수업을 듣지 않으면 졸업을 못하거든.	N	2022-06-26 04:31:31	2022-11-08 03:48:35
BE22003752	12	1	꼭 들어야만 하는 수업이라면 교수님에게 요청드려보는 건 어때? 가끔 졸업 예정생들의 편의를 봐주실 때가 있거든. 분명 너에게도 해결책이 있을 거야.	N	2022-06-26 04:31:31	2022-11-08 03:48:35
BE22003752	13	0	그런 방법이 있구나. 난 왜 몰랐지? 수강 신청을 실패해서 우울했었는데 너의 말을 들으니 기분이 조금 풀리네.	N	2022-06-26 04:31:31	2022-11-08 03:48:35
BE22003752	14	1	살면서 수강 신청을 실패할 수도 있는 거지. 너무 걱정 말고 수강 정정 기간을 노리거나 교수님께 꼭 말씀드려봐. 네가 성공적으로 수강 신청을 마무리할 수 있길 바래.	N	2022-06-26 04:31:31	2022-11-08 03:48:36
BE22003752	15	0	그렇게 말해줘서 고마워. 꼭 그랬으면 좋겠다.	Y	2022-06-26 04:31:31	2022-11-08 03:48:36
