id	utterance_id	utterance_type	utterance_text	terminate	regDate	updDate
BE22007087	1	0	주말에 시간 돼?	N	2022-07-08 05:07:42	2022-11-08 04:10:08
BE22007087	2	1	음, 일요일에는 아무것도 없긴 해. 갑자기 왜?	N	2022-07-08 05:07:42	2022-11-08 04:10:08
BE22007087	3	0	너 시간 되면 오랜만에 얼굴도 볼 겸, 밥 한 끼 할까 싶어서.	N	2022-07-08 05:07:42	2022-11-08 04:10:08
BE22007087	4	1	나야 너무 좋지! 우리 못 본 지 두 달은 족히 넘었잖아. 근데 약속 잡아도 되는 거야?	N	2022-07-08 05:07:42	2022-11-08 04:10:08
BE22007087	5	0	응, 나 어차피 피트니스 대회도 못 나가게 됐거든.	N	2022-07-08 05:07:42	2022-11-08 04:10:08
BE22007087	6	1	뭐? 그 대회 나간다고 몇 개월 동안 아무도 안 만나고 운동이랑 식단만 했잖아.	N	2022-07-08 05:07:42	2022-11-08 04:10:08
BE22007087	7	0	그랬었지, 근데 그저께 운동하다가 실수로 넘어져서 부상을입었거든. 병원에서 당분간 운동은 절대 금물이래.	N	2022-07-08 05:07:42	2022-11-08 04:10:08
BE22007087	8	1	많이 다친 거야? 어떡하냐, 그렇게 고생을 했는데, 그럼 그 대회는 못 나가는 거야?	N	2022-07-08 05:07:42	2022-11-08 04:10:08
BE22007087	9	0	심한 부상은 아닌데 당분간 운동을 못 하니까 대회 참가가 불가능하지. 대회만 생각하면 다친 걸 떠나서 속상해 죽겠다.	N	2022-07-08 05:07:42	2022-11-08 04:10:08
BE22007087	10	1	당연히 속상하지. 먹고 싶은 거, 사람 만나고 싶은 거 참으면서 수개월을 노력했잖아. 하루아침에 목표를 잃게 됐으니 나 같아도 세상이 무너진 듯이 슬플 거야.	N	2022-07-08 05:07:42	2022-11-08 04:10:08
BE22007087	11	0	나 정말 많이 노력한 거 너도 알지. 내 버킷리스트를 이루려고 포기한 게 참 많아. 근데 이제 와서 대회를 못 나간다고 생각하니까 마음이 아프다.	N	2022-07-08 05:07:42	2022-11-08 04:10:08
BE22007087	12	1	누구보다 열심히 한 거 내가 잘 알지. 대회를 위해 많은 걸 포기한 것도 알아서 내가 다 허망하고 비통한 마음이야. 네가 얼마나 슬플지 가늠도 안 된다.	N	2022-07-08 05:07:42	2022-11-08 04:10:08
BE22007087	13	0	그나마 다행인 건 두 달 정도 잘 쉬면 다시 운동 시작해도 된대. 그래서 잘 회복만 하면 다음 분기 대회를 노려볼 수 있을지도 몰라. 이것도 아직 확실한 건 아니지만.	N	2022-07-08 05:07:42	2022-11-08 04:10:08
BE22007087	14	1	타격이 큰 부상은 아닌가 보네, 그거라도 너무 다행이다. 네가 쉬지도 않고 달리기만 하니까 잠시 쉬어도 된다고 하늘이 말해주는 건가 봐. 쉬는 동안 회복 열심히 해서 위기를 기회로 바꾸면 돼!	N	2022-07-08 05:07:42	2022-11-08 04:10:08
BE22007087	15	0	그래도 될까? 달려오기만 했더니 멈추는 법을 잊은 것 같아. 늘 하던 운동을 갑자기 못 하니까 불안하기도 하고.	N	2022-07-08 05:07:42	2022-11-08 04:10:08
BE22007087	16	1	그래도 되지, 넌 최선을 다했고 그것만으로도 훌륭해. 나라면 너처럼 그렇게까지 열심히 하라고 해도 못 했을 거야. 그니까 좌절하지 말고 자부심을 가져도 괜찮아!	N	2022-07-08 05:07:42	2022-11-08 04:10:08
BE22007087	17	0	그렇게 말해줘서 고마워. 운동한다고 너한테 신경 쓰지 못했는데 넌 좋은 말만 해주네. 네 위로 덕에 조금씩 힘이 나.	N	2022-07-08 05:07:42	2022-11-08 04:10:08
BE22007087	18	1	친구 사이에 그런 게 어딨어. 마음 쓰지 말고 언제든지 의지해. 우리 주말에 꼭 만나자. 그때까지 안 좋은 생각은 접어두고 푹 쉬어.	N	2022-07-08 05:07:42	2022-11-08 04:10:08
BE22007087	19	0	그래, 주말에 보자. 진짜 고마워.	Y	2022-07-08 05:07:42	2022-11-08 04:10:08
