id	utterance_id	utterance_type	utterance_text	terminate	regDate	updDate
BE22003431	1	0	나 깊고 깊은 바다에 빠진 것 같아.	N	2022-06-24 15:14:26	2022-11-08 03:46:30
BE22003431	2	1	왜? 무슨 일이 있어?	N	2022-06-24 15:14:26	2022-11-08 03:46:30
BE22003431	3	0	내가 제일 좋아하는 연예인이 사고로 세상을 떠났거든.	N	2022-06-24 15:14:26	2022-11-08 03:46:30
BE22003431	4	1	네 가슴이 옥죄여와서 퍽퍽 쳤을 정도였겠구나.	N	2022-06-24 15:14:26	2022-11-08 03:46:30
BE22003431	5	0	응. 일상생활도 못 하고 그저 눈물만 흘리고 있어.	N	2022-06-24 15:14:26	2022-11-08 03:46:30
BE22003431	6	1	그 연예인 노래로 하루를 시작하고 마무리했던 넌데 가슴이 찢어지지 왜 안 그랬겠어.	N	2022-06-24 15:14:26	2022-11-08 03:46:30
BE22003431	7	0	그러니까 말이야. 내가 좋아하는 연예인 없는 삶은 텅 비어있을 것 같아 벌써 울음이 터질 것 같아.	N	2022-06-24 15:14:26	2022-11-08 03:46:30
BE22003431	8	1	지금은 네가 수도꼭지 튼 것처럼 눈물이 줄줄 나올 정도겠다. 하지만 먼저 떠나간 그 연예인을 위해서라도 마음을 가라앉혀보는 게 어떨까?	N	2022-06-24 15:14:26	2022-11-08 03:46:31
BE22003431	9	0	너무 일찍 떠나버린 그 가수 생각에 온몸이 아플 정도인데 내가 그런다고 가수한테 도움이 될까?	N	2022-06-24 15:14:26	2022-11-08 03:46:31
BE22003431	10	1	네가 당장이라도 울부짖을 만큼 가슴 아픈 거 알아. 하지만 그 가수는 자기 팬이 자기 노래를 들으면서 웃길 바랄 거야.	N	2022-06-24 15:14:26	2022-11-08 03:46:31
BE22003431	11	0	그럼... 내가 그 연예인이 이제 편히 쉬길 바라면서 노래를 듣고 미소 지으면 될까?	N	2022-06-24 15:14:26	2022-11-08 03:46:31
BE22003431	12	1	응. 그거야. 그 연예인이 하늘에서 그런 너를 흐뭇한 마음으로 지켜볼 거라고 생각해. 그렇게 생각하면 네 마음도 잔잔히 일렁이는 파도처럼 마음이 놓일 거야.	N	2022-06-24 15:14:26	2022-11-08 03:46:31
BE22003431	13	0	고마워. 앞으로는 내가 좋아하는 연예인을 위로하는 마음으로 노래를 흥얼거릴 수 있을 것 같아. 네 말을 듣고 보니 말이야.	N	2022-06-24 15:14:26	2022-11-08 03:46:31
BE22003431	14	1	역시 가슴 미어지는 일이 있어도 좋은 방향으로 나아가려는 내 친구답다!	Y	2022-06-24 15:14:26	2022-11-08 03:46:31
