id	utterance_id	utterance_type	utterance_text	terminate	regDate	updDate
BE22007485	1	0	최근에 살이 많이 찐 것 같아.	N	2022-07-10 05:53:05	2022-11-08 04:12:38
BE22007485	2	1	너 날씬하잖아. 식탐도 없는 네가 갑자기 웬 살?	N	2022-07-10 05:53:05	2022-11-08 04:12:38
BE22007485	3	0	모르겠어. 최근에 다이어트하려고 음식을 평소보다 더 적게 먹었거든. 그런데 뱃살이 더 늘었어.	N	2022-07-10 05:53:05	2022-11-08 04:12:38
BE22007485	4	1	진짜? 살이 얼마나 쪗길래 그래?	N	2022-07-10 05:53:05	2022-11-08 04:12:38
BE22007485	5	0	전에 입던 옷들이 허리가 안 맞을 정도야. 관리를 하는데도 살이 늘어서 절망스럽다.	N	2022-07-10 05:53:05	2022-11-08 04:12:38
BE22007485	6	1	너는 노력하고 있는데 결과가 잘 나타나지 않는다면 정말 속상할 것 같아. 특히 다이어트 중인데 살이 더 찐 거 같다면 너의 마음이 참 좌절스럽겠다.	N	2022-07-10 05:53:05	2022-11-08 04:12:38
BE22007485	7	0	응. 꾸준히 음식 조절하면서 다이어트 해왔는데 왜 그런지 모르겠어.	N	2022-07-10 05:53:05	2022-11-08 04:12:38
BE22007485	8	1	그러게. 너는 야식도 먹지 않고, 폭식도 안 하는 스타일이잖아.	N	2022-07-10 05:53:05	2022-11-08 04:12:38
BE22007485	9	0	그렇지 난 최근에 다이어트에 특별히 더 신경 쓰고 있는걸. 근데 요즘은 사람들이 자꾸 배만 쳐다보는 것 같아. 이런 내가 비웃음거리가 된 것 같아서 슬퍼.	N	2022-07-10 05:53:05	2022-11-08 04:12:38
BE22007485	10	1	다른 사람의 시선은 중요하지 않아. 너는 음식 조절도 잘하고 항상 운동하잖아. 자기관리 하는 너의 모습이 난 대견스럽고 멋있다고 생각해.	N	2022-07-10 05:53:05	2022-11-08 04:12:38
BE22007485	11	0	맞아. 바쁜 와중에도 난 매일 운동하면서 남들보다 더 자기관리를 잘하고 있어. 그 부분은 나도 인정하는 내 장점이야.	N	2022-07-10 05:53:05	2022-11-08 04:12:38
BE22007485	12	1	응. 나도 일주일에 두 번 이상은 힘들더라고. 매일 운동하는 너는 정말 부지런해.	N	2022-07-10 05:53:05	2022-11-08 04:12:38
BE22007485	13	0	그렇게 말해줘서 고마워. 꾸준히 운동하면 늘어난 뱃살을 다시 없앨 수 있을까?	N	2022-07-10 05:53:05	2022-11-08 04:12:38
BE22007485	14	1	당연하지. 너무 걱정 말아. 뱃살을 빼기 위한 운동들을 집중적으로 한다면, 살도 빠지고 너의 자신감도 다시 회복될 거야.	N	2022-07-10 05:53:05	2022-11-08 04:12:38
BE22007485	15	0	맞아. 자신감을 잃지 않고 더 노력해 볼래. 고마워.	Y	2022-07-10 05:53:05	2022-11-08 04:12:38
