id	utterance_id	utterance_type	utterance_text	terminate	regDate	updDate
BE22005902	1	0	요가 수련을 마치고 차를 마시는 중이야.	N	2022-07-04 03:06:21	2022-11-08 04:02:24
BE22005902	2	1	요가는 아직까지 꾸준히 잘 다니고 있구나?	N	2022-07-04 03:06:21	2022-11-08 04:02:24
BE22005902	3	0	응. 이별의 아픔을 회복하려고 다니고 있지. 물론 완전히 회복하려면 시간이 더 걸리겠지만, 요가와 차가 도움이 되고 있어.	N	2022-07-04 03:06:21	2022-11-08 04:02:24
BE22005902	4	1	네가 그 사람을 많이 사랑했으니 한동안은 가슴이 많이 아플 거라고 생각해. 그래도 네 말처럼 요가를 하면서 몸을 이완하고, 차를 마시면서 마음을 이완하는 게 도움이 될 거야.	N	2022-07-04 03:06:21	2022-11-08 04:02:24
BE22005902	5	0	맞아. 그런데 요가를 하면서 문득문득 눈물이 날 때가 있어. 아직 그 사람을 다 잊지는 못했나 봐.	N	2022-07-04 03:06:21	2022-11-08 04:02:24
BE22005902	6	1	이별이 갑작스러워서 더 그런 걸 거야. 그런 때에 몸을 움직이는 요가를 다니는 건 정말 잘한 선택이야. 네가 얼른 몸도 마음도 건강해지길 바라.	N	2022-07-04 03:06:21	2022-11-08 04:02:24
BE22005902	7	0	정말 고마워. 요즘은 요가 수련보다, 수련 후에 차 마시는 시간이 더 도움이 돼. 따뜻한 차를 마시면 위로받는 기분이거든.	N	2022-07-04 03:06:21	2022-11-08 04:02:24
BE22005902	8	1	맞아. 마음이 차갑고 슬플 때는 따뜻한 음식과 음료를 먹는 게 도움이 되더라. 내가 근처에 있었다면 네게 따뜻함을 나눠주러 갔을 텐데 아쉬워.	N	2022-07-04 03:06:21	2022-11-08 04:02:24
BE22005902	9	0	맞아. 그래서 요가와 차로 실연을 극복해 볼까 해. 쉽진 않겠지만, 노력하다 보면 언젠가 그 사람 생각이 안 날 때도 오겠지. 세상에 영원한 슬픔은 없다잖아.	N	2022-07-04 03:06:21	2022-11-08 04:02:24
BE22005902	10	1	당연하지. 이 아픔도 조만간 끝이 날 거야. 그때까지 내가 네 옆에 있어줄 테니까 너무 힘들어하지 마. 지금처럼 요가 수련에 정진하면 몸도 마음도 다 편해질 거야.	N	2022-07-04 03:06:21	2022-11-08 04:02:24
BE22005902	11	0	정말 고마워. 네 덕분에 내 삶이 덜 외로워. 너는 언제나 내 사랑과 이별을 전부 응원해 주는 것 같아.	N	2022-07-04 03:06:21	2022-11-08 04:02:24
BE22005902	12	1	당연하지. 나는 네가 살아가는 방식을 다 응원해. 사실 네가 이별의 아픔을 극복하기 위해 요가를 다니는 것도 정말 멋있다고 생각해 왔어.	N	2022-07-04 03:06:21	2022-11-08 04:02:24
BE22005902	13	0	정말 고마워. 네가 날 응원해 주니까 힘든 일도 툭툭 털고 일어날 수 있는 것 같아.	N	2022-07-04 03:06:21	2022-11-08 04:02:24
BE22005902	14	1	그렇다면 정말 다행이야. 조만간 얼굴 보고 더 이야기하자. 그때까지 지금처럼 몸도 마음도 잘 보살피고 있어야 해!	N	2022-07-04 03:06:21	2022-11-08 04:02:24
BE22005902	15	0	응. 늘 나를 보살펴 줘서 고마워. 네 덕에 슬픔이 많이 가라앉았어.	Y	2022-07-04 03:06:21	2022-11-08 04:02:24
