id	utterance_id	utterance_type	utterance_text	terminate	regDate	updDate
BE22005246	1	0	오늘 오디션을 보고 왔어. 정말 기가 다 빨리는 것 같아.	N	2022-06-29 14:08:58	2022-11-08 03:58:11
BE22005246	2	1	오늘이 오디션 날이었구나. 그동안 오디션 준비하느라 굉장히 고생 많았어. 무대는 괜찮게 한 것 같아?	N	2022-06-29 14:08:58	2022-11-08 03:58:11
BE22005246	3	0	아니, 평소에 안 할 실수를 너무 많이 했어. 그래서 후회스럽네. 안 해도 될 실수를 해서 하루 종일 우울해.	N	2022-06-29 14:08:58	2022-11-08 03:58:11
BE22005246	4	1	그동안 열심히 연습했는데 실수를 해서 속상했겠네. 네가 얼마나 노력했는지 내가 가장 밀접하게 봐 왔잖아. 네가 마음이 많이 안 좋았을 것 같아.	N	2022-06-29 14:08:58	2022-11-08 03:58:11
BE22005246	5	0	열심히 연습한 노래였는데 너무 긴장한 나머지 가사를 까먹었지 뭐야. 정말 우울하고 속상해.	N	2022-06-29 14:08:58	2022-11-08 03:58:11
BE22005246	6	1	가사를 까먹는 실수는 프로 가수들도 종종 하는 실수야. 이번이 처음 오디션이라 낯설어서 그럴 수 있다고 생각해. 네가 결코 부족해서 그런 게 아니니 너무 자책하지 않았으면 좋겠어.	N	2022-06-29 14:08:58	2022-11-08 03:58:11
BE22005246	7	0	그리고 춤도 까먹어서 내 역량을 제대로 발휘하지 못했어.	N	2022-06-29 14:08:58	2022-11-08 03:58:11
BE22005246	8	1	네가 너의 엄청난 역량을 다 보여주지 못해서 너무 속상했겠다. 하지만 분명 다음 기회가 있을 거야. 이번 기회는 너를 성장시키는 발판이라고 생각해 봐.	N	2022-06-29 14:08:58	2022-11-08 03:58:11
BE22005246	9	0	다른 사람들은 나보다 훨씬 잘하더라고. 내가 너무 초라했어.	N	2022-06-29 14:08:58	2022-11-08 03:58:11
BE22005246	10	1	너도 그 사람들처럼 잘 할 수 있었는데, 첫 오디션이라서 긴장한 것뿐이야. 이번 오디션을 기회 삼아 다음 오디션을 더 잘 할 수 있을 거야. 너 스스로를 믿어.	N	2022-06-29 14:08:58	2022-11-08 03:58:11
BE22005246	11	0	그렇게 말해줘서 고마워. 이번 오디션에 후회가 많이 남긴 해. 다음에 잘 할 수 있을까?	N	2022-06-29 14:08:58	2022-11-08 03:58:11
BE22005246	12	1	실패는 성공의 어머니라고 하잖아. 네가 이번 일을 반면교사 삼아 부족한 부분을 보충한다면 더 좋은 퍼포먼스를 보일 수 있을 거야. 너무 속상하겠지만, 훌훌 털어버리고 다음 오디션에 집중하자.	N	2022-06-29 14:08:58	2022-11-08 03:58:11
BE22005246	13	0	알겠어. 긍정적인 방향으로 생각해볼게. 반성해서 더 나은 결과를 보여줘야지.	N	2022-06-29 14:08:58	2022-11-08 03:58:11
BE22005246	14	1	넌 분명 할 수 있을 거야. 내가 본 너는 정말 개성 있고 끼가 넘치는 친구니까. 너 아니면 누가 연예인을 하겠니?	N	2022-06-29 14:08:58	2022-11-08 03:58:11
BE22005246	15	0	다음 오디션을 위해서 열심히 연습해야겠다. 위로해줘서 고마워.	Y	2022-06-29 14:08:58	2022-11-08 03:58:11
