id	utterance_id	utterance_type	utterance_text	terminate	regDate	updDate
BE22005615	1	0	올해는 해외여행을 꼭 갈 수 있을 줄 알았는데. 이번에도 돈이 턱없이 부족해.	N	2022-07-01 13:36:07	2022-11-08 04:00:33
BE22005615	2	1	네가 몇 년 전부터 해외여행 가고 싶어서 적금도 들어 놓고 있다고 했었지? 돈이 기대만큼 모이지 않았어?	N	2022-07-01 13:36:07	2022-11-08 04:00:33
BE22005615	3	0	응. 그동안 생각지 못한 변수가 많아서 적금을 몇 번이나 깼거든. 너무 실망스럽고 슬퍼.	N	2022-07-01 13:36:07	2022-11-08 04:00:34
BE22005615	4	1	어떤 상황인지 알겠다. 돈을 모으는 일은 머릿속 계산과 실생활이 너무 괴리가 심한 것 같아. 나도 저번에 사고 싶은 게 있어서 돈을 모으다가 치과 치료로 날려버렸잖아.	N	2022-07-01 13:36:07	2022-11-08 04:00:34
BE22005615	5	0	나도 비슷한 상황이야. 목돈 들어갈 일이 많아서 이것저것 메꾸다 보니 올해도 해외여행은 못 가게 되었어. 남들 다 가는 여행이 나는 왜 이렇게 어려운지, 너무 슬프고 비참해.	N	2022-07-01 13:36:07	2022-11-08 04:00:34
BE22005615	6	1	요즘 들어 주변에서 여행을 많이 가니까 네가 더욱 박탈감이 들고 슬플 것 같아. 그래도 우린 아직 젊고, 얼마든지 기회가 더 있으니까 너무 낙담하지 말자. 당장 못 가게 된 건 서운하지만 몇 년 안에는 무조건 가게 될 테니까 말이야.	N	2022-07-01 13:36:07	2022-11-08 04:00:34
BE22005615	7	0	네 말이 맞아. 그런데 몇 번이나 좌절되니까 희망을 잃어버린 기분이 들어. 아직 젊고 돈이야 얼마든 더 벌 수 있다는 걸 알면서도...	N	2022-07-01 13:36:07	2022-11-08 04:00:34
BE22005615	8	1	그렇다면 전부 자비로 여행을 가려고 하지 말고, 프로그램을 찾아보는 건 어때? 대학교와 연계된 프로그램도 많고, 청년 지원정책도 많은 것 같던데. 한번 잘 찾아보면 네게 맞는 게 있지 않을까?	N	2022-07-01 13:36:07	2022-11-08 04:00:34
BE22005615	9	0	왜 그 생각을 못 했을까? 한번 찾아봐야겠다. 그러고 보니 내 친구도 대학교에서 보내 줘서 얼마 전에 한 달 동안 싱가포르에 다녀왔더라고.	N	2022-07-01 13:36:07	2022-11-08 04:00:34
BE22005615	10	1	맞아. 단기 어학연수, 단기 교환학생도 많으니까 잘 찾아보면 좋은 기회 있을 거야. 너무 낙담하지 말고 이것저것 시도해 보는 것도 좋을 것 같아.	N	2022-07-01 13:36:07	2022-11-08 04:00:34
BE22005615	11	0	네 말이 맞아. 낙담하지 않는 게 중요한 것 같아. 해외여행은 어릴 적부터 내 꿈이었으니까, 뭐든 놓치지 않고 시도해 볼게.	N	2022-07-01 13:36:07	2022-11-08 04:00:34
BE22005615	12	1	너는 반드시 그 꿈을 이루게 될 거야! 네가 여행 가서 즐겁게 놀다 오는 그림을 상상하니까 나까지 기분이 좋아져.	N	2022-07-01 13:36:07	2022-11-08 04:00:34
BE22005615	13	0	정말 고마워. 너는 언제나 내 편이구나. 늘 나를 응원하고, 여러 조언을 해주는 것 같아.	N	2022-07-01 13:36:07	2022-11-08 04:00:34
BE22005615	14	1	당연한 말씀! 네 꿈이 곧 내 꿈이기도 해. 우린 그만큼 특별한 친구잖아.	N	2022-07-01 13:36:07	2022-11-08 04:00:34
BE22005615	15	0	정말 감동이다. 너 같은 친구가 있어서 지금 내 인생도 충분히 만족스럽단 생각이 든다.	Y	2022-07-01 13:36:07	2022-11-08 04:00:34
