id	utterance_id	utterance_type	utterance_text	terminate	regDate	updDate
BE22004760	1	0	내가 저번 주에 단식원에 들어갔거든? 근데 1주일 만에 포기하고 나왔어.	N	2022-06-28 13:10:17	2022-11-08 03:55:01
BE22004760	2	1	진짜? 단식원 진짜 힘들다고 들었는데 너 너무 힘들었겠다.	N	2022-06-28 13:10:17	2022-11-08 03:55:01
BE22004760	3	0	응. 너무 힘들어서 나왔는데 나오고 나니까 내가 그거 하나 못 버티는 사람인가 하는 생각이 들어. 그래서 나 자신이 너무 한심해 보여서 눈물이 나오더라고.	N	2022-06-28 13:10:17	2022-11-08 03:55:01
BE22004760	4	1	나도 저번에 내가 끝까지 달성하지 못했을 때 나 자신이 너무 싫어서 우울했던 적이 있어. 그래서 네 마음 충분히 이해해. 너 너무 고생했겠다.	N	2022-06-28 13:10:17	2022-11-08 03:55:01
BE22004760	5	0	응. 단식원 들어가기 전에 나름 마음을 굳게 먹고 갔거든. 근데 이것도 못 버티면 다음에 다른 일들은 어떻게 버틸 수 있을까 하는 생각이 들어. 내가 정말 바보 같아서 슬퍼.	N	2022-06-28 13:10:17	2022-11-08 03:55:01
BE22004760	6	1	모든 사람이 모든 일을 다 견뎌내고 성공할 수는 없어. 그 대신 실패하는 걸 통해서 새로운 걸 배우고 더 성장해나갈 수 있는 계기가 되는 거지. 너도 이번 일을 계기로 다음에는 좀더 나은 선택을 할 수 있을 거야.	N	2022-06-28 13:10:17	2022-11-08 03:55:01
BE22004760	7	0	그럴까? 하긴 내가 실패했을 때도 무조건 그게 쓸모없는 일은 아니었어. 그 경험을 통해서 다음에는 더 나아질 수 있었으니까.	N	2022-06-28 13:10:17	2022-11-08 03:55:01
BE22004760	8	1	그래. 그리고 너는 한 번 배운 건 절대 잊지 말고 다음에도 잘 활용하잖아. 단식원에서 배웠던 습관들이나 그런 것들을 너에 맞게 잘 활용해서 적용하면 어때? 그러면 네가 원했던 체중 감량을 네가 편한 방식으로 달성할 수 있을 거야.	N	2022-06-28 13:10:17	2022-11-08 03:55:01
BE22004760	9	0	그렇게 말해줘서 고마워. 네 말대로 거기에서 배운 걸 내 방식대로 적용해봐야겠다.	N	2022-06-28 13:10:17	2022-11-08 03:55:01
BE22004760	10	1	그래. 그리고 너는 긍정적인 것이 장점이잖아. 너무 의기소침해 있지 말고 즐거운 마음으로 다시 체중 감량에 도전해보자.	N	2022-06-28 13:10:17	2022-11-08 03:55:01
BE22004760	11	0	응. 안 그래도 계속 우울감에 빠져 있으니까 나 자신이 더 못나 보이더라고. 또 아무것도 하기 싫어지고. 네 말대로 힘내봐야겠다.	N	2022-06-28 13:10:17	2022-11-08 03:55:01
BE22004760	12	1	그래. 혼자 하기 힘들면 나도 같이 도와줄게. 우리 같이 시작해보자.	N	2022-06-28 13:10:17	2022-11-08 03:55:01
BE22004760	13	0	고마워. 혼자 생각했을 때는 너무 괴로웠는데 너랑 얘기하니까 진짜 마음이 좀 편안해졌어. 같이 시작하자.	N	2022-06-28 13:10:17	2022-11-08 03:55:01
BE22004760	14	1	그래. 우리 꼭 목표 달성하자. 할 수 있어. 파이팅.	Y	2022-06-28 13:10:17	2022-11-08 03:55:01
