id	utterance_id	utterance_type	utterance_text	terminate	regDate	updDate
BE22005410	1	0	벌써 이 회사를 다닌 지 3년이 다 되어가는데 아직까지 승진을 못했어.	N	2022-06-30 10:35:55	2022-11-08 03:59:15
BE22005410	2	1	정말이야? 이번에 승진시켜준다고 하시지 않았어?	N	2022-06-30 10:35:55	2022-11-08 03:59:15
BE22005410	3	0	응. 그런데 이번에도 승진에 탈락했어. 이게 벌써 몇 번째야. 나랑 같이 시작한 사람들은 다 승진했는데 나만 못하는 것 같아서 너무 슬퍼.	N	2022-06-30 10:35:55	2022-11-08 03:59:15
BE22005410	4	1	네가 얼마나 승진하고 싶어 했는지 알아. 승진하기 위해서 야간근무도 자발적으로 하면서 열심히 일했는데 그게 좌절되었다니 너무 슬플 것 같아.	N	2022-06-30 10:35:55	2022-11-08 03:59:15
BE22005410	5	0	계속 탈락해서 이렇게 다닐 바에는 회사를 퇴사할까 고민 중이야. 이런 상황에 놓였다는 게 너무 슬퍼.	N	2022-06-30 10:35:55	2022-11-08 03:59:15
BE22005410	6	1	네가 정말 들어가고 싶어 했던 회사잖아. 그런 회사에서의 퇴사를 고민하고 있다니 정말 힘들겠다. 네가 얼마나 노력해서 들어간 회사인지 알아서 나도 덩달아 마음이 안 좋아.	N	2022-06-30 10:35:55	2022-11-08 03:59:15
BE22005410	7	0	어떡해야 할지 너무 막막해. 내가 승진을 할 수는 있을까? 내가 다른 사람보다 일을 못하나봐.	N	2022-06-30 10:35:55	2022-11-08 03:59:15
BE22005410	8	1	아니야. 너 그렇게 일 못하지 않아. 네가 얼마나 근면성실하고 일처리를 빠르게 잘하는 사람인데. 넌 정말 잘하고 있으니까 너무 네 탓하지 않았으면 해.	N	2022-06-30 10:35:55	2022-11-08 03:59:16
BE22005410	9	0	정말이야? 나도 훌훌 털어내고 일에 집중하고 싶은데 내가 부족한 것만 같은 생각을 떨치기가 쉽지 않네.	N	2022-06-30 10:35:55	2022-11-08 03:59:16
BE22005410	10	1	네가 입사한 이후로 회사 시스템이 여러 번 바뀌면서 너가 몇번씩이나 부서를 옮겨야 했잖아. 새로운 일에 적응하는 데에 시간이 걸려서 너의 능력이 모두 발휘되지 않은 것 같아. 내가 아는 넌 문제 해결 능력도 뛰어나고 일을 정말 잘하는 사람이니까 너무 낙담하지 마.	N	2022-06-30 10:35:55	2022-11-08 03:59:16
BE22005410	11	0	네 말을 듣고 보니 그러네. 나만 부서를 계속 옮겼었잖아. 승진을 하기에는 일에 집중할 시간이 많이 부족했던 탓도 있는 것 같아.	N	2022-06-30 10:35:55	2022-11-08 03:59:16
BE22005410	12	1	그래. 단편적으로 네가 일을 못하거나 다른 사람보다 부족한 게 절대 아니야. 지금처럼 힘내서 꾸준히 노력하다보면 너도 머지않아 금방 승진될 거야. 너의 능력을 믿어.	N	2022-06-30 10:35:55	2022-11-08 03:59:16
BE22005410	13	0	그렇게 말해줘서 고마워. 네 덕분에 정말 힘이 난다.	N	2022-06-30 10:35:55	2022-11-08 03:59:16
BE22005410	14	1	얼마든지 힘들면 나한테 이야기해도 된다는 거 알지?	N	2022-06-30 10:35:55	2022-11-08 03:59:16
BE22005410	15	0	응. 넌 참 좋은 친구인 것 같아. 네가 조언해준 덕분에 울적했던 마음이 많이 괜찮아졌어.	Y	2022-06-30 10:35:55	2022-11-08 03:59:16
