id	utterance_id	utterance_type	utterance_text	terminate	regDate	updDate
BE22005686	1	0	거울을 보니 진짜 실감이 나네. 눈물 나오는 거 꾹 참았어.	N	2022-07-02 04:49:07	2022-11-08 04:01:01
BE22005686	2	1	몸은 좀 어때? 괜찮아?	N	2022-07-02 04:49:07	2022-11-08 04:01:01
BE22005686	3	0	응, 몸은 완전히 회복했어. 수술 후에 거울을 처음 보는데 너무 내가 아닌 것 같은 거야. 이 참담한 심정을 이루 말할 수가 없네.	N	2022-07-02 04:49:07	2022-11-08 04:01:01
BE22005686	4	1	거울 속 낯선 네 모습에 얼마나 속상했을지... 듣는 나도 이렇게 눈물 나는데 너는 오죽했겠어.	N	2022-07-02 04:49:07	2022-11-08 04:01:01
BE22005686	5	0	응, 딱 죽고 싶더라. 이 몸으로 어떻게 살아가는지 싶고. 너무 우울해.	N	2022-07-02 04:49:07	2022-11-08 04:01:01
BE22005686	6	1	난 유방암 진단받고 절제 수술까지 네가 얼마나 어려운 결정을 했는지 잘 알잖아. 그 후에도 힘든 나날을 보낸 걸 아니까. 회복 후에 이런 일로 네가 힘들어하니까 마음이 너무나 아프다.	N	2022-07-02 04:49:07	2022-11-08 04:01:01
BE22005686	7	0	정말이지 큰 결심을 하고, 괜찮다 생각하고 진행했던 수술이었는데... 막상 거울을 보니 상상보다 더 끔찍해... 안 울려고 다짐했는데 눈물이 저절로 나오네.	N	2022-07-02 04:49:07	2022-11-08 04:01:01
BE22005686	8	1	그럴 때는 울어야 해, 속에 담아두면 더 곪아. 아무리 다짐했다고 하더라도 당연히 막상 현실을 마주하면 감당하기 힘들지. 괜찮아, 울어도 돼.	N	2022-07-02 04:49:07	2022-11-08 04:01:01
BE22005686	9	0	고마워, 내 마음 알아줘서. 회복할 때만 해도 이겨낼 수 있을 거라 생각했는데... 갑자기 슬픔이 너무 밀려오더라.	N	2022-07-02 04:49:07	2022-11-08 04:01:01
BE22005686	10	1	이겨낼 수 있어. 난 알아, 그 힘든 수술도 그리고 절제라는 큰 결심도 씩씩하게 해왔던 너잖아. 병마와 싸워서도 이겼는데 못 할게 뭐가 있겠어.	N	2022-07-02 04:49:07	2022-11-08 04:01:01
BE22005686	11	0	맞아, 네 말 들으니 결의를 다시 다지게 되네. 난 포기를 모르는 사람이니까. 이 상황도 이겨낼 수 있을 거야.	N	2022-07-02 04:49:07	2022-11-08 04:01:01
BE22005686	12	1	그럼, 당연하지. 내가 널 믿는 만큼 너도 너를 믿어보자. 달라진 모습에 적응하면 돼. 용감한 모습 그대로 살아보자!	N	2022-07-02 04:49:07	2022-11-08 04:01:01
BE22005686	13	0	믿어야지! 누구보다 나를 믿어주는 널 위해서도, 그리고 나를 위해서도! 고마워, 네 덕분에 눈물은 쏙 들어갔어.	N	2022-07-02 04:49:07	2022-11-08 04:01:01
BE22005686	14	1	역시 내 친구야. 우리 굳은 다짐으로 앞을 향해 걸어 나가자고!	Y	2022-07-02 04:49:07	2022-11-08 04:01:01
