id	utterance_id	utterance_type	utterance_text	terminate	regDate	updDate
BE22002005	1	0	나 지금 멘붕이야. 어쩌지.	N	2022-06-18 05:09:13	2022-11-08 03:37:21
BE22002005	2	1	산책 나간다더니 뭔 일 생긴 거야?	N	2022-06-18 05:09:13	2022-11-08 03:37:21
BE22002005	3	0	산책 중에 갑자기 강아지가 달려나가는 바람에 목줄을 놓쳤어.	N	2022-06-18 05:09:13	2022-11-08 03:37:21
BE22002005	4	1	아이고, 너무 당황했겠다. 아직 못 찾았어?	N	2022-06-18 05:09:13	2022-11-08 03:37:22
BE22002005	5	0	응, 찾는 중인데 나 어떡해. 우리 강아지 못 찾으면 어쩌지? 어쩐다고 목줄을 놓쳤을까.	N	2022-06-18 05:09:13	2022-11-08 03:37:22
BE22002005	6	1	네 말 들으니 나도 울 것 같아. 동생처럼 키우는 앤데 네 마음이 얼마나 슬프겠니.	N	2022-06-18 05:09:13	2022-11-08 03:37:22
BE22002005	7	0	눈물이 너무 나서 눈앞이 흐려질 정도야. 어디서부터 어떻게 찾아야 할지...	N	2022-06-18 05:09:13	2022-11-08 03:37:22
BE22002005	8	1	눈물이 안 나면 이상하지. 너무 자책하지 마. 어쩔 수 없는 상황이었잖아, 나였어도 목줄 놓쳤을 것 같아.	N	2022-06-18 05:09:13	2022-11-08 03:37:22
BE22002005	9	0	그랬을까? 아 너무 후회돼. 그 순간에 내가 목줄만 꽉 잡기만 했어도 그 사태는 안 일어났을 텐데...	N	2022-06-18 05:09:13	2022-11-08 03:37:22
BE22002005	10	1	너희 집 개 몸무게가 20킬로도 넘잖아. 네 힘으로 어쩔 수 없는 상황이었을 거야. 멀리 가지는 못했을 테니 잘 찾아보자.	N	2022-06-18 05:09:13	2022-11-08 03:37:22
BE22002005	11	0	이해해 줘서 고마워. 네 이야기에 정신이 번쩍 든다. 어서 우리 아기 찾아야겠어.	N	2022-06-18 05:09:13	2022-11-08 03:37:22
BE22002005	12	1	내가 근처였으면 같이 찾아줬을 텐데... 오히려 미안한걸.	N	2022-06-18 05:09:13	2022-11-08 03:37:22
BE22002005	13	0	아니야 네 이야기로 후회는 그만하고 어서 찾으러 가야 한다는 현실을 자각했어.	N	2022-06-18 05:09:13	2022-11-08 03:37:22
BE22002005	14	1	그랬으면 다행이다. 찾고 연락 줘! 기도하고 있을게.	Y	2022-06-18 05:09:13	2022-11-08 03:37:22
