id	utterance_id	utterance_type	utterance_text	terminate	regDate	updDate
BE22001298	1	0	공감화자야, 너네 애도 처음 유치원 보낼 때 매일같이 울고 그랬어?	N	2022-06-14 11:57:26	2022-11-08 03:32:48
BE22001298	2	1	말도 못하지. 매일 아침마다 유치원 안 간다고 떼써서 전쟁이 따로 없었어.	N	2022-06-14 11:57:26	2022-11-08 03:32:48
BE22001298	3	0	지금은 잘 다니고? 우리 애도 오늘 유치원에 처음 등원시키려는데 울고 난리가 나더라고. 그렇게 떨어지기 싫어하는 걸 보니까 나까지 찡해서 눈물이 날 뻔했어.	N	2022-06-14 11:57:26	2022-11-08 03:32:48
BE22001298	4	1	아침부터 큰 신고식 치렀구나! 그때 마음이 많이 안 좋지. 우리 아이도 처음엔 그렇게 가기 싫다고 하더니 지금은 주말에도 유치원 가고 싶다고 해.	N	2022-06-14 11:57:26	2022-11-08 03:32:48
BE22001298	5	0	정말? 빨리 우리 애도 그렇게 적응하면 좋겠다. 아침에 울면서 억지로 보내놓으니까 마음이 안 좋더라고. 가서도 계속 울면 어떡하지 걱정도 되고.	N	2022-06-14 11:57:26	2022-11-08 03:32:48
BE22001298	6	1	걱정 마. 생각보다 애들은 적응도 빨라서 가서 또래 친구들 만나면 금방 엄마 생각 안 날 거야. 너도 처음이고 아이도 처음이어서 그런 걸 거야.	N	2022-06-14 11:57:26	2022-11-08 03:32:48
BE22001298	7	0	그러면 좋겠다. 나도 애를 유치원 보내면 드디어 내가 조금 편해지려나 싶었거든. 근데 매일같이 끼고 있던 애를 떨어뜨려 놓으니까 마음이 싱숭생숭한 것 같아.	N	2022-06-14 11:57:26	2022-11-08 03:32:48
BE22001298	8	1	많이 허전하고 걱정되고 그렇구나? 나도 처음에 애랑 떨어질 때 겪었던 거라 그 마음이 뭔지 잘 알아. 그래도 언젠가는 겪어야 될 일이라고 생각하고 처음 몇 주만 버텨봐!	N	2022-06-14 11:57:26	2022-11-08 03:32:48
BE22001298	9	0	맞아, 어차피 언젠가는 다 겪는 일인데 생각보다 힘드네. 아침에 애가 떼쓰며 우는 모습이 계속 생각나. 내일도 그럴 것 같아서 걱정이기도 하고.	N	2022-06-14 11:57:26	2022-11-08 03:32:48
BE22001298	10	1	그래도 아이 성격이 순한 편이고 어른 말도 잘 듣잖아? 그리고 요즘은 유치원 선생님들도 엄청 신경을 많이 써주더라고. 작은 일이라도 생기면 바로 연락할 테니까 마음 편히 너만의 시간을 보내봐.	N	2022-06-14 11:57:26	2022-11-08 03:32:48
BE22001298	11	0	그렇겠지? 아이보다 내가 분리불안이 있었나 봐. 나도 익숙해지려고 노력해야겠네.	N	2022-06-14 11:57:26	2022-11-08 03:32:48
BE22001298	12	1	잘 생각했어. 처음엔 어렵겠지만 적응되면 너도 너만의 시간이 생기고 좋을 거야. 아이도 친구도 많이 사귀면 정서 발달에도 좋을 테니까 아이를 위한 일이기도 하고.	N	2022-06-14 11:57:26	2022-11-08 03:32:48
BE22001298	13	0	그렇게 생각해야겠어! 어느새 유치원 갈 나이가 될 만큼 컸다는 게 아직 믿기지 않았던 것 같아. 이러다가 초등학교도 금방이겠어.	N	2022-06-14 11:57:26	2022-11-08 03:32:48
BE22001298	14	1	시간이 정말 빠르다니까. 이런 걸 겪었으니까 초등학교 보낼 때는 마음이 한결 편할 거야.	N	2022-06-14 11:57:26	2022-11-08 03:32:48
BE22001298	15	0	정말 그럴 것 같다. 위로 고마워 도움이 됐어.	Y	2022-06-14 11:57:26	2022-11-08 03:32:48
