id	utterance_id	utterance_type	utterance_text	terminate	regDate	updDate
BE22004122	1	0	오늘 부모님의 흰머리를 염색해 드렸어.	N	2022-06-27 08:11:07	2022-11-08 03:50:56
BE22004122	2	1	정말? 부모님 항상 미용실에 가서 머리하셨잖아. 처음으로 염색을 직접 해드리니 어땠어?	N	2022-06-27 08:11:07	2022-11-08 03:50:56
BE22004122	3	0	응. 이젠 흰머리가 많아서 염색을 자주 해야 해서 미용실을 가기보단 직접하는 게 낫다고 하시더라. 정말로 내가 모르는 사이에 흰머리가 엄청 많으시더라. 우리 부모님도 내가 모르는 사이에 많이 늙으셨구나 하는 생각이 들어서 너무 슬퍼.	N	2022-06-27 08:11:07	2022-11-08 03:50:56
BE22004122	4	1	무슨 마음인지 잘 알아. 나도 요즘 부모님 얼굴에 생긴 주름을 보면서 시간이 정말 야속하다는 생각이 들었어. 부모님이 늙어가시는 모습을 보는 게 정말 마음 아프지?	N	2022-06-27 08:11:07	2022-11-08 03:50:56
BE22004122	5	0	응. 게다가 늙어가시는 건 내가 어떻게 할 수 있는 일이 아니잖아. 부모님의 흰머리를 검정색으로 칠해드리는 내내 이것 외에는 아무것도 할 수 없다는 생각이 들었어. 답답함과 무력함이 들어서 너무 슬퍼.	N	2022-06-27 08:11:07	2022-11-08 03:50:56
BE22004122	6	1	세월 앞에서 무력해지는 기분을 느꼈다니 정말 마음이 안 좋았겠다. 그동안 네가 멀리서 공부하고 직장을 다녔잖아. 부모님을 자주 뵈지 못해서 부모님의 세월이 더 크게 와닿았을 것 같아.	N	2022-06-27 08:11:07	2022-11-08 03:50:56
BE22004122	7	0	앞으로 부모님은 점점 더 늙어가실 텐데. 나도 모르게 우리 부모님은 늙지 않고 그 자리에 머물러 있을 거라고 생각했나봐. 어리석은 생각이지. 그게 아니라는 걸 오늘 직접 깨달아서 이 슬픔이 지워지지 않아.	N	2022-06-27 08:11:07	2022-11-08 03:50:56
BE22004122	8	1	누구나 그렇게 생각한다고 하잖아. 너무 소중한 사람이니까 늙어간다는 사실이 믿기 어렵고 받아들이고 싶지 않은 거지. 나도 우리 부모님을 보며 그런 생각을 했어서 네 마음이 어떤지 잘 알아.	N	2022-06-27 08:11:07	2022-11-08 03:50:56
BE22004122	9	0	응. 내 욕심인 걸 알지만 부모님이 늙지 않으셨으면 좋겠어. 하지만 그건 불가능하잖아. 나 어떡하면 좋아?	N	2022-06-27 08:11:07	2022-11-08 03:50:56
BE22004122	10	1	늙어가시는 건 자연스러운 일이잖아. 이미 지나간 세월에 슬퍼하기보단 앞으로 좋은 추억을 많이 만들어드리기 위해 노력하는 거 어때? 늙는 건 어쩔 수 없지만 행복하고 건강하게 늙는 건 우리가 도울 수 있는 부분이잖아.	N	2022-06-27 08:11:07	2022-11-08 03:50:56
BE22004122	11	0	그러네. 늙어가시는 건 자연스러운 일이지만 그럼에도 불구하고 내가 해드릴 수 있는 것들이 있구나. 그 부분은 생각하지 못했어.	N	2022-06-27 08:11:07	2022-11-08 03:50:56
BE22004122	12	1	네가 부모님을 더욱 행복하게 해드려봐. 앞으로 더 자주 찾아뵙고 맛있는 것도 많이 사드리고. 부모님을 얼마나 사랑하는지 표현할 수만 있다면 늙는다는 사실 자체가 그리 슬프지 않을 것 같아.	N	2022-06-27 08:11:07	2022-11-08 03:50:56
BE22004122	13	0	네 말이 맞아. 어쩔 수 없는 세상의 이치에 슬퍼하고 주저앉기보다는 내가 해드릴 수 있는 부분을 찾아봐야겠다. 나 앞으로 부모님이 행복한 하루하루를 보내시기 위해 할 수 있는 건 다 할 거야.	N	2022-06-27 08:11:07	2022-11-08 03:50:56
BE22004122	14	1	좋아. 우리 부모님께 최선을 다하는 자식이 되자.	N	2022-06-27 08:11:07	2022-11-08 03:50:56
BE22004122	15	0	응. 네 말이 내 생각을 완전히 바꿨어. 조언해줘서 정말 고맙다 친구야.	Y	2022-06-27 08:11:07	2022-11-08 03:50:56
