id	utterance_id	utterance_type	utterance_text	terminate	regDate	updDate
BE22005811	1	0	이번 달은 너무 힘들다.	N	2022-07-03 09:13:55	2022-11-08 04:01:49
BE22005811	2	1	어디가 아픈 거야? 아니면 무슨 일이 생겼어?	N	2022-07-03 09:13:55	2022-11-08 04:01:49
BE22005811	3	0	나 프리랜서로 일하고 있는 회사에서 일이 많이 줄었어.	N	2022-07-03 09:13:55	2022-11-08 04:01:49
BE22005811	4	1	요즘 경기가 안 좋다고 영향이 있나 보다. 일이 줄어들면 조급한 마음이 들더라. 하지만, 그동안 바쁘게 살았는데 잠시 여유 있게 일하는 것도 좋지.	N	2022-07-03 09:13:55	2022-11-08 04:01:49
BE22005811	5	0	그렇기는 한데, 프리랜서라 안정적이지 않으니, 수입이 조금 줄면 내가 너무 초라해지고 슬프다.	N	2022-07-03 09:13:55	2022-11-08 04:01:49
BE22005811	6	1	너가 그 분야에서 워낙 잘하니 프리랜서로 활동도 하는 거지. 수입이 줄 때도 있지만, 바쁠 때도 많은 게 프리랜서잖아.	N	2022-07-03 09:13:55	2022-11-08 04:01:49
BE22005811	7	0	수입이 불안정해도 좋아하는 일을 계속할지, 좀 적더라도 안정된 수입이 나을지 고민이 돼.	N	2022-07-03 09:13:55	2022-11-08 04:01:49
BE22005811	8	1	그런 고민 할 수 있어. 그런데 너가 일하는 분야는 프리랜서가 더 다양한 경험을 쌓을 수 있는 분야잖아.	N	2022-07-03 09:13:55	2022-11-08 04:01:49
BE22005811	9	0	응. 안정된 수입을 선택하면 나한테 맞는 프로젝트만 하긴 힘들지.	N	2022-07-03 09:13:55	2022-11-08 04:01:49
BE22005811	10	1	너가 선택해야겠지만, 당분간 지켜보면서 마음을 정하는 게 나중에라도 후회하지 않을 거 같아.	N	2022-07-03 09:13:55	2022-11-08 04:01:49
BE22005811	11	0	좋아하는 일할 때는 마냥 즐겁다가, 수입이 없거나 줄어들면 또 이런 고민을 하겠지?	N	2022-07-03 09:13:55	2022-11-08 04:01:49
BE22005811	12	1	사회생활 하는데 고민이 어떻게 없을 수 있겠어. 너의 일에 자부심을 갖고 있으니까 그런 고민도 생기는 거라고 생각돼. 고민하고 발전하는 니가 나는 대견스러운걸.	N	2022-07-03 09:13:55	2022-11-08 04:01:49
BE22005811	13	0	한가하다고 내가 또 이런 생각을 했나 봐. 난 지금 일이 좋은데도 수입만 줄면 딴생각이 나니 이것도 병인가 봐.	N	2022-07-03 09:13:55	2022-11-08 04:01:49
BE22005811	14	1	일 많아지면 힘들어도 즐거워할 거잖아. 여유 있을 때 그동안 못한 것도 하고 자기 계발도 하면서 대비하는 게 어때?	N	2022-07-03 09:13:55	2022-11-08 04:01:49
BE22005811	15	0	그래. 일희일비 안 하고 마음 다잡아야겠어. 자기 계발도 너무 오래 안 했는데 조언 고맙다.	N	2022-07-03 09:13:55	2022-11-08 04:01:49
BE22005811	16	1	도움이 되었다니 너무 다행이다. 슬픈 건 충분히 극복할 수 있는 너잖아. 이번 위기도 잘 이겨낼 수 있을 거야.	Y	2022-07-03 09:13:55	2022-11-08 04:01:49
