id	utterance_id	utterance_type	utterance_text	terminate	regDate	updDate
BE22005433	1	0	나 일어나서 거울을 봤는데 놀라서 눈물이 났어.	N	2022-06-30 13:36:38	2022-11-08 03:59:25
BE22005433	2	1	눈물이 났다고? 왜 그래 무슨 일이야.	N	2022-06-30 13:36:38	2022-11-08 03:59:25
BE22005433	3	0	얼마 전에 영양 크림을 새로 하나 샀는데 어제 바르고 잤더니 트러블이 났더라고. 내일 좋아하는 사람이랑 약속 있는데 지금 너무 혼란스러워. 2주 전부터 내일이 오기만을 기다렸는데 나 진짜 너무 슬퍼.	N	2022-06-30 13:36:38	2022-11-08 03:59:25
BE22005433	4	1	뭐라고? 네가 첫 데이트라고 정말 기대 많이 했던 거 내가 너무 잘 아니까 나도 속상하다. 화장으로 커버할 수는 없는 거야?	N	2022-06-30 13:36:38	2022-11-08 03:59:25
BE22005433	5	0	응. 너무 크게 나서 안 가려질 거 같아. 내가 유일하게 피부 하나는 정말 자신 있었는데 자신감이 완전히 무너졌어. 그래서 지금 너무 슬프고 눈물이 나.	N	2022-06-30 13:36:38	2022-11-08 03:59:25
BE22005433	6	1	당연히 알지. 내가 얼마나 네 피부 부러워했는데. 생전 트러블 같은 거 안 나다가 중요한 날 있을 때 나면 정말 속상하지. 그 마음 충분히 이해해.	N	2022-06-30 13:36:38	2022-11-08 03:59:25
BE22005433	7	0	응. 나 진짜 어떡하지. 지금 머릿속이 하얘져서 눈물만 나고 계속 멍해 있어. 내일 정말 잘 보이고 싶었는데 어떻게 이런 일이 생기지.	N	2022-06-30 13:36:38	2022-11-08 03:59:25
BE22005433	8	1	좋아하는 사람 앞에서 잘 보이고 싶은 마음 너무 이해돼. 예상하지 못한 변수가 생겨서 많이 혼란스러울 거 같아.	N	2022-06-30 13:36:38	2022-11-08 03:59:25
BE22005433	9	0	응. 딱 그 심정이야. 전혀 예상하지 못한 일이고 자신감도 무너지고 잘 안 될까봐 걱정만 돼서 슬프네.	N	2022-06-30 13:36:38	2022-11-08 03:59:25
BE22005433	10	1	많이 혼란스럽고 속상한 건 정말 공감이 돼. 그런데 어떤 결과가 있을지는 벌써부터 걱정하지 않았으면 좋겠어. 너는 밝고 환한 웃음이 정말 매력적이라 그 장점을 더 살려서 만나면 좋을 거 같은데!	N	2022-06-30 13:36:38	2022-11-08 03:59:25
BE22005433	11	0	정말? 누가 피부가 좋아야 첫인상이 좋다고 해서 슬펐었거든. 근데 생각해 보니까 웃는 얼굴도 첫인상에 좋다는 말도 들은 거 같아.	N	2022-06-30 13:36:38	2022-11-08 03:59:25
BE22005433	12	1	그렇다니까! 그리고 넌 웃을 때 보조개가 정말 매력적이잖아. 트러블 때문에 그 웃음이 사라진다면 내가 다 아쉬울 거 같아. 그러니까 좋은 생각만 하고 마음 편히 가서 잘 웃는 너의 매력적인 모습을 보여줘!	N	2022-06-30 13:36:38	2022-11-08 03:59:25
BE22005433	13	0	그렇게 생각하니까 너무 설렌다. 나한테 그런 매력이 있는지 몰랐는데 알려줘서 너무 고마워. 정말 위로가 됐어.	N	2022-06-30 13:36:38	2022-11-08 03:59:25
BE22005433	14	1	내가 원래 네 매력을 잘 알고 있거든. 너는 나한테 소중한 친구라서 그런가 봐. 기분이 좋아진 거 같아서 나도 정말 기쁘다.	N	2022-06-30 13:36:38	2022-11-08 03:59:25
BE22005433	15	0	응 정말 좋아졌어. 가벼운 마음으로 재밌게 시간 보내고 올게! 응원해 줘서 너무 고마워!	Y	2022-06-30 13:36:38	2022-11-08 03:59:25
