id	utterance_id	utterance_type	utterance_text	terminate	regDate	updDate
BE22006134	1	0	너희 아이들 이번 어버이날에 집에 왔었니?	N	2022-07-04 15:26:29	2022-11-08 04:03:52
BE22006134	2	1	응. 와서 카네이션도 주고 용돈도 줬지. 너는?	N	2022-07-04 15:26:29	2022-11-08 04:03:52
BE22006134	3	0	나는 이번에 아이들이 일이 바쁘다고 못 왔어.	N	2022-07-04 15:26:29	2022-11-08 04:03:52
BE22006134	4	1	실망스러웠겠네. 못 온다는 사실은 언제 들은 거야?	N	2022-07-04 15:26:29	2022-11-08 04:03:52
BE22006134	5	0	못 온다는 건 어버이날 전부터 알고 있었지. 그런데 막상 당일이 되니까 실망스럽더라.	N	2022-07-04 15:26:29	2022-11-08 04:03:52
BE22006134	6	1	당연히 그렇지. 다른 날도 아니고 1년에 한 번 있는 어버이날인데. 못 온다는 사실을 알고 있어도 쓸쓸한 건 마찬가지지.	N	2022-07-04 15:26:29	2022-11-08 04:03:52
BE22006134	7	0	응. 사실 서프라이즈를 기대하기도 했거든. 그런데 정말 못 오는 거였어. 괜히 기대했나봐.	N	2022-07-04 15:26:29	2022-11-08 04:03:52
BE22006134	8	1	기대만큼 실망이 더 크긴 하지. 나도 우리 아이들한테 생일선물을 기대했다가 선물은커녕 편지도 없었을 때 얼마나 실망했는지 몰라.	N	2022-07-04 15:26:29	2022-11-08 04:03:52
BE22006134	9	0	나만 이런 감정을 느끼는 게 아니었구나. 선물은 둘째치고 얼굴이라도 좀 보여주지... 참 쓸쓸하네.	N	2022-07-04 15:26:29	2022-11-08 04:03:52
BE22006134	10	1	너희 아이들이 평소에 효심이 깊어서 더 그렇게 느껴지나 봐. 항상 오던 아이들이 오지 않았으니까 말이야.	N	2022-07-04 15:26:29	2022-11-08 04:03:52
BE22006134	11	0	맞아. 평소에는 잘 찾아왔으면서 특별한 날엔 못 온다니까 더 그렇게 느껴지네. 부모로서 이해해야 할 부분인데도 마음은 잘 따라주지도 않고.	N	2022-07-04 15:26:29	2022-11-08 04:03:53
BE22006134	12	1	원래 머리와 마음이 함께 움직이는 게 쉽진 않지. 게다가 나이가 들면 더 감성적으로 변해서 그러는 것 같아.	N	2022-07-04 15:26:29	2022-11-08 04:03:53
BE22006134	13	0	그러게. 나이가 드니까 슬픈 마음이 쉽게 달래지지 않네. 끝없이 우울해지고 말이야.	N	2022-07-04 15:26:29	2022-11-08 04:03:53
BE22006134	14	1	아이들이 평소에 줬던 편지나 선물들을 보며 마음을 달래보는 게 어때? 아이들이 너한테 소홀해진 게 아니라, 너를 정말 사랑하지만 일이 바빠서 어쩔 수가 없었던 거잖아. 그러니까 아이들의 마음을 다시 한번 느끼면서 슬픈 마음을 달래보는 것도 좋을 것 같아.	N	2022-07-04 15:26:29	2022-11-08 04:03:53
BE22006134	15	0	좋은 방법인 것 같아. 아이들이 나한테 소홀해진 게 아니라는 생각이 드니까 마음이 좀 나아진다. 고마워.	Y	2022-07-04 15:26:29	2022-11-08 04:03:53
