id	utterance_id	utterance_type	utterance_text	terminate	regDate	updDate
BE22006524	1	0	이 지긋지긋한 중간고사가 끝났는데도 기쁘기는커녕 슬프기만 하다. 한순간도 자유로울 수 없는 이 상황이 믿기지가 않아.	N	2022-07-06 06:41:28	2022-11-08 04:06:24
BE22006524	2	1	너 이번 중간고사 기간 엄청 길었잖아! 와 진짜 고생 많았어! 근데 왜? 몇 주를 고생했는데 이제 조금은 쉬어도 되지 않아?	N	2022-07-06 06:41:28	2022-11-08 04:06:24
BE22006524	3	0	아니, 그렇게 몇 주를 중간고사로 보내고 나니 다시 또 기말고사야. 게다가 과제들까지, 숨 돌릴 틈이 없다는 게 이런 걸까.	N	2022-07-06 06:41:28	2022-11-08 04:06:24
BE22006524	4	1	벌써 기말고사라고? 이제 9주 차인데 너무 이른 거 아니야?	N	2022-07-06 06:41:28	2022-11-08 04:06:24
BE22006524	5	0	응, 제일 빠른 게 다음 주 금요일이라서 늦어도 다음 주부터는 준비 시작해야 돼. 말도 안 되지?	N	2022-07-06 06:41:28	2022-11-08 04:06:24
BE22006524	6	1	세상에, 극한의 스케줄이잖아? 조금 숨 돌리나 했더니, 너무 몰아치네. 이러다 쓰러지는 거 아닌가 걱정스러운데.	N	2022-07-06 06:41:28	2022-11-08 04:06:24
BE22006524	7	0	내 말이. 시험 끝내고 바로 열람실로 가는 길이 너무 우울하기만 하네. 그냥 눈 감았다가 뜨면 방학이었으면 좋겠어.	N	2022-07-06 06:41:28	2022-11-08 04:06:24
BE22006524	8	1	나도 종강이 간절한데, 너는 오죽하겠어. 안 그래도 학기 중에는 정신없는데, 네 스케줄은 정말 너무 버겁겠어. 그래도 방학을 하면 좀 쉴 수 있지 않을까?	N	2022-07-06 06:41:28	2022-11-08 04:06:24
BE22006524	9	0	방학이라고 쉴 수 있을까? 취업 준비네, 자격증 공부네 또 바빠지겠지. 절망적일 따름이야.	N	2022-07-06 06:41:28	2022-11-08 04:06:24
BE22006524	10	1	곧 졸업이라서 방학이라고 마음이 마냥 편하지는 않은가 보구나. 고생만 계속하는 것 같아도, 틈틈이 숨 쉴 구멍은 있을 거야. 그때 나름의 일들이 있더라도 우리가 조절할 수 있는 일정이니까 희망을 가져보자.	N	2022-07-06 06:41:28	2022-11-08 04:06:24
BE22006524	11	0	글쎄, 종강해도, 졸업해도, 취업해도 영영 끝나지 않을 것 같아. 자꾸 안 좋은 생각들만 들고 괴로워.	N	2022-07-06 06:41:28	2022-11-08 04:06:24
BE22006524	12	1	일에 치이다 보면 내 인생에는 행복도 없고, 그냥 다 싫을 때도 있을 수 있지. 그래도 긍정을 잃지 않고 스스로를 챙기는 게 고생을 버티게 하는 힘이 되지 않을까. 지금껏 고생한 너를 위해서 조금만 긍정적으로 생각해보자.	N	2022-07-06 06:41:28	2022-11-08 04:06:24
BE22006524	13	0	네 말을 듣고 보니, 다시 기말고사 준비할 생각에 조급해져서 너무 부정적으로만 생각하는 것 같네. 아예 시간이 없는 것도 아닌데 말이야.	N	2022-07-06 06:41:28	2022-11-08 04:06:24
BE22006524	14	1	오늘만큼은 중간고사 끝난 기념으로 다른 건 생각하지 말고 푹 쉬는 건 어때? 충전의 시간이 있어야 너 자신도 돌아보고, 다음으로 나아갈 힘도 생길 거야.	N	2022-07-06 06:41:28	2022-11-08 04:06:24
BE22006524	15	0	그래. 오늘은 열람실 말고 재충전의 시간으로 보내야겠어! 그냥 괴로워하다가 소중한 하루를 보낼 뻔했네, 고마워!	Y	2022-07-06 06:41:28	2022-11-08 04:06:24
