id	utterance_id	utterance_type	utterance_text	terminate	regDate	updDate
BE22005676	1	0	친구야, 내가 친하게 지내는 회사 대리님 있잖아. 그분이랑 도저히 안 맞는 것 같아.	N	2022-07-02 02:49:16	2022-11-08 04:00:57
BE22005676	2	1	무슨 일 인데 그래? 그동안 친하게 잘 지냈잖아.	N	2022-07-02 02:49:16	2022-11-08 04:00:57
BE22005676	3	0	지금까지는 잘 맞는다고 생각했는데, 성격 차이가 좀처럼 좁혀지지 않는 것 같아. 나는 그분에게 항상 진심만을 말하는데 그분은 나에게 본심을 말하지 않는 게 슬퍼.	N	2022-07-02 02:49:16	2022-11-08 04:00:57
BE22005676	4	1	그분이랑 너랑 다른 성격을 가졌구나. 어떤 사람들은 자신의 본심을 드러내는 것에 무지 조심스럽더라고. 솔직하지 못한 느낌을 받는 네 심정도 이해해.	N	2022-07-02 02:49:16	2022-11-08 04:00:57
BE22005676	5	0	왜 그걸 느꼈냐면, 내가 이번에 성과급이 많이 오르지 않았거든. 그런데 대리님이 내 앞에서는 아무 말도 안 하고서 알고보니 대리님은 성과급을 많이 올려서 받은 거야. 어떻게 친한 사이인 나한테 한 마디도 안 할 수 있지?	N	2022-07-02 02:49:16	2022-11-08 04:00:57
BE22005676	6	1	저런, 많이 속상했겠다. 아마 그분은 자랑하는 것처럼 느껴질까봐, 혹은 네가 상처받을까봐 말을 안 한 것 같아. 하지만 친하다고 생각했는데 배신감 느껴지는 그 상황 나도 잘 알지.	N	2022-07-02 02:49:16	2022-11-08 04:00:57
BE22005676	7	0	사실 나는 성과급도 그렇고 월급도 그렇고 아무렇지 않게 정보를 공유하는 편 이거든. 대리님은 사석에서도 절대 나를 편하게 대하지 않는구나 싶어서 슬퍼. 나랑 굉장히 비슷한 성격이라고 생각했는데.	N	2022-07-02 02:49:16	2022-11-08 04:00:57
BE22005676	8	1	비슷한 줄 알고보니 너무 다른 성격을 가진 사람도 많은 것 같아. 나랑 내 친구도 성격 유형 검사를 했을 때 일치해서 신기했거든, 근데도 다른 부분이 많더라. 사람마다 성격이 너무 다른 것이고 널 상처를 주려고 한 건 아닐 거야, 속상해하지 마.	N	2022-07-02 02:49:16	2022-11-08 04:00:57
BE22005676	9	0	네 말을 듣고 보니 맞는 것 같아. 사실 나랑 내 동생도 같은 성격 유형인데 실제 성격은 정말 달라. 이 세상에 같은 성격을 가진 사람은 아무도 없나 봐.	N	2022-07-02 02:49:16	2022-11-08 04:00:57
BE22005676	10	1	이 세상 사람들은 모두 각자의 생각을 가지고 있고, 온전히 이해할 수 는 없지. 그 사람이 너에게 악의를 가지고 있지 않다는 것을 알고 그 사람의 성격을 받아들여 봐.	N	2022-07-02 02:49:16	2022-11-08 04:00:57
BE22005676	11	0	네 말을 들으니 위로가 되네. 아마 대리님도 네 말대로 나에게 상처가 될 수 있으니 말을 하지 않은 걸 거야. 남을 배려하기 위해 본심을 일부러 드러내지 않는다고 생각하니 마음이 편해.	N	2022-07-02 02:49:16	2022-11-08 04:00:57
BE22005676	12	1	그래, 그 대리님은 널 좋아하기 때문에 너의 마음에 조금이라도 상처를 주고 싶지 않으셨을걸. 진심을 표현하는 방법은 모두 다르지만, 그 대리님이 널 생각하는 마음을 이해해줘. 분명 대리님은 널 사랑하시니, 슬퍼하지 마.	N	2022-07-02 02:49:16	2022-11-08 04:00:57
BE22005676	13	0	그렇게 말해주니 고마워. 항상 너랑 이야기하면 슬픔이 모두 사라지는 기분이야. 네가 있어 참 다행이다.	N	2022-07-02 02:49:16	2022-11-08 04:00:57
BE22005676	14	1	네 기분이 나아졌다니 나도 너무 행복하다.	Y	2022-07-02 02:49:16	2022-11-08 04:00:57
