id	utterance_id	utterance_type	utterance_text	terminate	regDate	updDate
BE22005955	1	0	모임 잘 끝내고 집에 왔는데 내 기분이 왜 이런지 모르겠네. 갑자기 슬퍼서 눈물이 날 것 같아.	N	2022-07-04 05:39:39	2022-11-08 04:02:44
BE22005955	2	1	눈물이 날 정도로 슬프다니 무슨 일이야. 모임에서 안 좋은 일이라도 있었던 거야?	N	2022-07-04 05:39:39	2022-11-08 04:02:44
BE22005955	3	0	아무 일도 없었어. 근래 들어 가장 즐거운 시간을 보내고 왔는걸. 그래서 혼자 사는 집에 오니까 마음이 더 헛헛하고 우울한 거 같아.	N	2022-07-04 05:39:39	2022-11-08 04:02:44
BE22005955	4	1	네 마음 잘 알겠어. 집에 오니 반기는 사람도 없고 다시 혼자가 된 기분에 쓸쓸하지? 나도 약속 끝내고 집에 오면 꼭 그렇게 슬프더라.	N	2022-07-04 05:39:39	2022-11-08 04:02:44
BE22005955	5	0	맞아. 아무리 웃고 떠들면서 즐거운 시간을 보내도 헤어지면 끝이라는 게 허무해. 인생이 참 부질없이 느껴지고 슬프네.	N	2022-07-04 05:39:39	2022-11-08 04:02:44
BE22005955	6	1	근래 들어 가장 좋은 시간을 보낸 만큼 마음이 배로 헛헛하겠다. 내가 지금 당장 달려가서 달래주고 싶은데 그러지 못하는 상황이라 안타까울 따름이야.	N	2022-07-04 05:39:39	2022-11-08 04:02:44
BE22005955	7	0	마음은 고맙지만 지금은 누가 와도 슬픈 기분일 거야. 내가 혼자라는 사실에는 변함이 없으니까.	N	2022-07-04 05:39:39	2022-11-08 04:02:44
BE22005955	8	1	비록 지금은 혼자지만 내가 아는 너는 금방 가정을 꾸리고 누군가와 한평생 즐겁게 살 사람인걸. 앞으로 쭉 가족과 함께 살게 될 텐데, 벌써부터 외톨이가 된 기분에 속상할 거 없어.	N	2022-07-04 05:39:39	2022-11-08 04:02:44
BE22005955	9	0	내가 그럴 수 있을까? 평생 혼자 살면서 이렇게 집에 올 때마다 우울해야 하는 건 정말 자신이 없어.	N	2022-07-04 05:39:39	2022-11-08 04:02:44
BE22005955	10	1	내 말 믿어. 지금이 아니면 그런 적막함도 느낄 수 있는 때가 없을 거야. 외로운 마음도 십분 이해하지만 오히려 현재를 즐긴다고 생각해 봐.	N	2022-07-04 05:39:39	2022-11-08 04:02:44
BE22005955	11	0	그렇게 말해줘서 고마워. 이런 슬픔도 지금 이 시기에만 느낄 수 있는 감정이라고 생각하면 마음이 편해지네.	N	2022-07-04 05:39:39	2022-11-08 04:02:44
BE22005955	12	1	그럼. 집에 와서도 쉼 없이 떠들썩한 분위기였다면 네가 먼저 지쳤을지도 모를 일이야.	N	2022-07-04 05:39:39	2022-11-08 04:02:44
BE22005955	13	0	생각해 보니 그랬을 것 같아. 물론 즐거웠겠지만 제대로 쉬지 못해 다음 날도 괴로웠겠네.	N	2022-07-04 05:39:39	2022-11-08 04:02:44
BE22005955	14	1	맞아. 바깥에서 즐거웠던 기억만 소중히 간직하고 이제 그만 푹 쉬어.	N	2022-07-04 05:39:39	2022-11-08 04:02:44
BE22005955	15	0	알았어. 네 덕에 우울함이 가셨어. 위로해줘서 고마워 친구야.	Y	2022-07-04 05:39:39	2022-11-08 04:02:44
