id	utterance_id	utterance_type	utterance_text	terminate	regDate	updDate
BE22004192	1	0	남편이 싸울 때마다 말을 너무 심하게 해서 속상해.	N	2022-06-27 10:38:38	2022-11-08 03:51:22
BE22004192	2	1	정말이야? 너 남편 원래 너한테 잘하지 않았어?	N	2022-06-27 10:38:38	2022-11-08 03:51:22
BE22004192	3	0	응. 남편이 평소에는 나에게 정말 잘해주는데 화났을 땐 그렇지 않아. 남편에게 이런 모습이 있을 줄은 몰랐어. 결혼하고 나서 알게 된 모습이야.	N	2022-06-27 10:38:38	2022-11-08 03:51:22
BE22004192	4	1	평소에 너에게 정말 조심스럽고 너를 아껴주는 사람이 화날 때마다 다른 사람처럼 행동한다니 너무 속상하겠다. 너무 화나면 자신이 무슨 말을 하는지 자각하지 못한 채 심한 말을 해버리는 사람도 있다고 하잖아. 네 마음 속 멍이 정말 심할 것 같아서 걱정이 돼.	N	2022-06-27 10:38:38	2022-11-08 03:51:22
BE22004192	5	0	나는 행복한 가정을 만들기 위해서는 참는 것이 최선이라고 생각했어. 그래서 남편의 심한 말들을 참고 또 참았는데 이제는 더 이상 못 참을 것 같아. 나도 너무 힘들어서 한계에 다다른 느낌이야. 정말 슬퍼.	N	2022-06-27 10:38:38	2022-11-08 03:51:22
BE22004192	6	1	무슨 일이든 침착하게 대응하고 잘 참는 너가 그렇게 느낄 정도면 남편이 정말 심하게 말했구나. 또 너는 마음이 여리고 무엇보다 말에 약하잖아. 가장 사랑하는 사람에게 그렇게 심한 말을 여러 번 들었다니 정말 슬프겠다.	N	2022-06-27 10:38:38	2022-11-08 03:51:22
BE22004192	7	0	앞으로 어떻게 해야 할 지 모르겠어. 더 참지 못할 것 같은데 남편은 화나면 말을 심하게 하는 게 오랜 습관이야. 내가 감당하지 못하면 어떡하지?	N	2022-06-27 10:38:38	2022-11-08 03:51:22
BE22004192	8	1	이건 네 잘못이 아니니 절대 네 탓을 하거나 자책하지 마. 심한 말을 감당하지 못하는 건 당연한 거고 남편도 그걸 알고 있을 거야. 지금 네 솔직한 심정에 대해 남편과 진지하게 대화를 나누어보는 건 어때?	N	2022-06-27 10:38:38	2022-11-08 03:51:23
BE22004192	9	0	남편에게 이야기를 한다고 오랜 습관이 바뀔 수 있을까? 얘기를 했는데도 남편이 고치지 않으면 그땐 정말 방법이 없는 거니까 선뜻 얘기하기가 망설여져.	N	2022-06-27 10:38:38	2022-11-08 03:51:23
BE22004192	10	1	네 남편도 너를 정말 사랑하잖아. 너가 얼마나 힘들어하는지 알면 분명 깊게 반성하고 고치기 위해 노력할 거야. 바뀔 수 있다고 믿고 한 번 시도해보는 게 어때?	N	2022-06-27 10:38:38	2022-11-08 03:51:23
BE22004192	11	0	맞아. 내가 너무 슬프고 절망적인 나머지 시도할 생각조차 않았던 것 같아. 네 말대로 용기를 내서 남편한테 솔직한 내 마음을 이야기해봐야겠다. 함께 조금씩 노력하면 오랜 습관도 바뀔 수 있겠지?	N	2022-06-27 10:38:38	2022-11-08 03:51:23
BE22004192	12	1	물론이지. 노력으로 되지 않는 건 없다고 하잖아. 남편이 바로 바뀌지 않더라도 조금씩 나아진다면 언젠가는 문제가 완전히 해결될 거야.	N	2022-06-27 10:38:38	2022-11-08 03:51:23
BE22004192	13	0	네 말이 맞아. 네 조언을 들으니 용기가 생긴다. 지금 상황에 슬퍼하기보다 더 나은 미래를 위해 노력해봐야겠어.	N	2022-06-27 10:38:38	2022-11-08 03:51:23
BE22004192	14	1	내 말이 도움이 되었다니 정말 다행이다. 남편과 대화가 잘 되었으면 좋겠어.	N	2022-06-27 10:38:38	2022-11-08 03:51:23
BE22004192	15	0	고마워. 넌 정말 현명한 친구인 것 같아.	Y	2022-06-27 10:38:38	2022-11-08 03:51:23
