id	utterance_id	utterance_type	utterance_text	terminate	regDate	updDate
BE22004000	1	0	오늘 정말 슬펐어. 아버지 생각에 눈물이 났어. 어쩜 우리 아버지를 꼭 닮았는지.	N	2022-06-27 03:23:05	2022-11-08 03:50:09
BE22004000	2	1	너희 아버님 돌아가신 지 벌써 10년이지. 갑자기 닮은 사람을 봤으니 그리움에 슬펐지. 아버님 많이 보고싶지. 그렇게 많이 닮으셨어.	N	2022-06-27 03:23:05	2022-11-08 03:50:09
BE22004000	3	0	낮에 횡단보도에서 봤는데 뒷모습이 너무 닮아서 나 쫓아갈 뻔했어. 바르게 정자로 걷는 모습이 딱 우리 아버지야.	N	2022-06-27 03:23:05	2022-11-08 03:50:10
BE22004000	4	1	그 정도로 닮은 사람이었으니 아버님 생각이 나지. 너희 아버님 참 좋으셨는데 모든 긍정적으로 생각하시고 나도 너희 아버님이 사주시던 호빵 생각난다. 아버님처럼 따뜻했는데 많이 뵙고 싶다.	N	2022-06-27 03:23:05	2022-11-08 03:50:10
BE22004000	5	0	맞아 자상하시고 늘 웃으셨지 정말 하늘나라에서 잘 살고 계실까. 가끔은 내 곁에 없다는 게 믿어지지 않아. 더 잘하지 못한 게 후회된다.	N	2022-06-27 03:23:05	2022-11-08 03:50:10
BE22004000	6	1	어쩌니 정말 많이 속상하고 슬프구나. 우리 힘내자. 내가 봐서 아는데 너 참 좋은 딸이야. 너만큼 잘하기 힘들어 아프실 때 병간호도 내가 다 했잖아.	N	2022-06-27 03:23:05	2022-11-08 03:50:10
BE22004000	7	0	그래도 그때 좀더 잘 해드릴 걸 하는 후회가 늘 따라다녀. 치료 끝나면 여행 가자고 했는데 그냥 그때 아버지 뜻대로 퇴원해서 여행을 갈 걸 그랬어. 너도 가끔 아버지 생각나니.	N	2022-06-27 03:23:05	2022-11-08 03:50:10
BE22004000	8	1	늘 굳은 표정에 웃음 없는 얼굴이셨지 궁금하긴 해. 엄했던 아버진 행복했을까.	N	2022-06-27 03:23:05	2022-11-08 03:50:10
BE22004000	9	0	엄하신긴 했어도 널 많이 사랑했어. 우리 아버지와 표현이 달랐을 뿐이었지. 너도 그렇게 생각하지.	N	2022-06-27 03:23:05	2022-11-08 03:50:10
BE22004000	10	1	아마도 네 말이 맞을 거야. 그러니 우리 슬퍼하지 말자. 너희 아버님이 네가 이렇게 슬퍼하면 마음이 안 좋으실 거야.	N	2022-06-27 03:23:05	2022-11-08 03:50:10
BE22004000	11	0	분명 내가 좋은 거만 기억하면서 행복하게 살길 바라시겠지.	N	2022-06-27 03:23:05	2022-11-08 03:50:10
BE22004000	12	1	당연하지, 우리 좋았던 기억만 하자. 너는 늘 웃음 많으시던 모습만, 난 표현은 부족했지만 날 분명 사랑하셨던 모습만 기억하자, 알았지.	N	2022-06-27 03:23:05	2022-11-08 03:50:10
BE22004000	13	0	좋아, 그러자. 두 분 모두 우리가 씩씩하게 행복하게 산다면 꼭 행복해하실 거야.	N	2022-06-27 03:23:05	2022-11-08 03:50:10
BE22004000	14	1	저 하늘 봐 오늘따라 더 맑은 거 같지않아. 부모님께는 후회가 남았지만 우리 삶은 후회 없이 살자.	N	2022-06-27 03:23:05	2022-11-08 03:50:10
BE22004000	15	0	그래. 우리 후회 없이 부모님이 자랑스럽게 느끼도록 열심히 즐겁게 살자.	Y	2022-06-27 03:23:05	2022-11-08 03:50:10
