id	utterance_id	utterance_type	utterance_text	terminate	regDate	updDate
BE22006051	1	0	인간들은 정말 잔인한 것 같아. 어떻게 동물 학대를 할 수 있지?	N	2022-07-04 10:20:22	2022-11-08 04:03:21
BE22006051	2	1	무슨 일이야? 누가 동물을 때리기라도 한 거야?	N	2022-07-04 10:20:22	2022-11-08 04:03:21
BE22006051	3	0	어제 우리 집에 고양이 한 마리가 입양되었거든. 근데 한쪽 눈을 다쳐서 뜨지를 못하고 있어. 진짜 어떻게 이럴 수 있는지 너무 불쌍해.	N	2022-07-04 10:20:22	2022-11-08 04:03:21
BE22006051	4	1	그 고양이를 바라보며 네가 느낀 감정이 얼마나 슬펐을지 상상이 안 간다. 상상만 해도 가슴이 찢어지는 것 같아.	N	2022-07-04 10:20:22	2022-11-08 04:03:21
BE22006051	5	0	길을 가다가 우연히 본 고양이인데 너무 마음이 아파서 입양했어. 이 작은 고양이가 무슨 죄가 있다고 그러는 걸까.	N	2022-07-04 10:20:22	2022-11-08 04:03:21
BE22006051	6	1	정말 너무 한 것 같아. 고양이도 하나의 생물인데 어떻게 다른 생물에게 그런 짓을 할 수 있을까.	N	2022-07-04 10:20:22	2022-11-08 04:03:21
BE22006051	7	0	같은 인간으로서 내가 다 미안해지는 거야. 빨리 저 눈을 치료해 주고 싶어서 이런저런 병원을 알아보고 있어.	N	2022-07-04 10:20:22	2022-11-08 04:03:21
BE22006051	8	1	그러게 말이야. 이제라도 좋은 주인을 만나서 잘 된 것 같다. 너도 너무 슬퍼하지 마 잘 될 거야.	N	2022-07-04 10:20:22	2022-11-08 04:03:21
BE22006051	9	0	정말 많은 생각을 했어. 저 작은 아이가 무엇을 그렇게 잘못했다고 저런 안 좋은 일을 겪을까. 내가 어떻게 도와줄 수 있을까.	N	2022-07-04 10:20:22	2022-11-08 04:03:21
BE22006051	10	1	너는 평소에도 동물을 좋아하고 사랑했잖아. 너와 같은 주인이라면 분명 그 고양이도 행복하게 자랄 수 있을 거야!	N	2022-07-04 10:20:22	2022-11-08 04:03:21
BE22006051	11	0	그러게 빨리 좋아져서 나와 같이 산책이라도 갔으면 좋겠다. 지난날의 아픔을 다 잊게 해주고 싶어.	N	2022-07-04 10:20:22	2022-11-08 04:03:21
BE22006051	12	1	너의 사랑이 담긴 보살핌이면 충분히 그렇지 않을까? 너의 긍정적인 에너지로 그 고양이를 잘 치유해줄 수 있을 거야. 내가 응원할게.	N	2022-07-04 10:20:22	2022-11-08 04:03:21
BE22006051	13	0	그렇게 말해줘서 고마워. 조금이라도 위안이 되는 것 같아. 결과가 나오게 되면 너한테 꼭 가장 먼저 알려줄게!	N	2022-07-04 10:20:22	2022-11-08 04:03:21
BE22006051	14	1	그래! 앞으로 너와 그 고양이에겐 행복한 일만 있을 거야. 너무 슬퍼하지 말고 힘내서 꼭 잘 키워주자.	N	2022-07-04 10:20:22	2022-11-08 04:03:21
BE22006051	15	0	그래! 나도 더 이상 슬퍼하지 않고 그 고양이를 위해서 노력해보도록 할게!	Y	2022-07-04 10:20:22	2022-11-08 04:03:21
