id	utterance_id	utterance_type	utterance_text	terminate	regDate	updDate
BE22003160	1	0	나는 한국사를 정말 못하는 것 같아.	N	2022-06-24 01:11:16	2022-11-08 03:44:47
BE22003160	2	1	왜 그렇게 생각하니?	N	2022-06-24 01:11:16	2022-11-08 03:44:47
BE22003160	3	0	다른 친구들은 3달이면 끝나는 과정을 나 혼자 1년이 넘도록 하고 있어.	N	2022-06-24 01:11:16	2022-11-08 03:44:47
BE22003160	4	1	학교에서 진행하는 한국사 보충 공부를 말하는 거니?	N	2022-06-24 01:11:16	2022-11-08 03:44:47
BE22003160	5	0	맞아. 나는 왜 이렇게 진도가 느린지 모르겠어. 내 머리가 좋지 않은 걸까?	N	2022-06-24 01:11:16	2022-11-08 03:44:47
BE22003160	6	1	너는 한국사 외에 국어나 수학 과목을 정말 잘하잖아. 사람마다 성향에 맞는 과목이 있대. 한국사가 너의 성향에 잘 안 맞는 것뿐이지 너가 이상한 게 아니야.	N	2022-06-24 01:11:16	2022-11-08 03:44:47
BE22003160	7	0	그렇게 말해주니 고마워. 1년 동안 한국사를 하려니 정말 지겹다.	N	2022-06-24 01:11:16	2022-11-08 03:44:47
BE22003160	8	1	나도 한국사를 지루한 과목이라고 생각하고 있어. 그 지루한 과목을 1년 동안 공부하려니 너가 정말 답답했겠다.	N	2022-06-24 01:11:16	2022-11-08 03:44:47
BE22003160	9	0	이번 학기에는 한국사 공부가 마무리되었으면 해.	N	2022-06-24 01:11:16	2022-11-08 03:44:47
BE22003160	10	1	너가 국어나 수학에 쓰는 시간을 조금 할애해서 한국사에 투자해보는 건 어때?	N	2022-06-24 01:11:16	2022-11-08 03:44:47
BE22003160	11	0	그렇게 해보려고. 그동안 한국사를 너무 소홀히 했던 것 같아.	N	2022-06-24 01:11:16	2022-11-08 03:44:47
BE22003160	12	1	분명 너에게 좋은 결과가 있을 거야.	N	2022-06-24 01:11:16	2022-11-08 03:44:47
BE22003160	13	0	우울해 할 시간에 공부를 하는 게 낫겠지?	N	2022-06-24 01:11:16	2022-11-08 03:44:47
BE22003160	14	1	우울하면 쉬어도 되지만, 너가 원한다면 공부를 하면 좋을 것 같아. 너가 무거운 마음을 하루빨리 떨쳐냈음 해.	N	2022-06-24 01:11:16	2022-11-08 03:44:47
BE22003160	15	0	그렇게 말해줘서 고마워. 덕분에 도움이 됐어.	Y	2022-06-24 01:11:16	2022-11-08 03:44:47
