id	utterance_id	utterance_type	utterance_text	terminate	regDate	updDate
BE22011351	1	0	아버지, 와이프 결국 수술할 것 같아요.	N	2022-07-24 14:23:01	2022-11-08 04:37:20
BE22011351	2	1	자연분만이 잘 안 되고 있나 보구나. 처음부터 수술했으면 좋았겠구나. 우리 며늘아기가 고생이 많아서 걱정이다.	N	2022-07-24 14:23:01	2022-11-08 04:37:20
BE22011351	3	0	그러니까요. 저도 처음부터 그러자고 했는데 와이프가 완강하게 자연분만해보고 싶다고 했거든요. 결국 9시간 내내 아프다가 수술하게 돼서 마음이 너무 안 좋아요.	N	2022-07-24 14:23:01	2022-11-08 04:37:20
BE22011351	4	1	요즘은 오히려 수술이 산모에게 부담이 덜하다고 하더구나. 9시간 내내 진통 겪는 아내 보면서 네 마음도 많이 슬펐겠다. 네 엄마도 진통하다가 수술로 널 낳아서 네가 얼마나 슬플지 알아.	N	2022-07-24 14:23:01	2022-11-08 04:37:20
BE22011351	5	0	와이프가 그렇게까지 아파하는 모습을 보니까 너무 힘들고 슬프더라고요. 될 수만 있으면 제가 대신 낳아주고 싶은 정도로 슬퍼서 가슴이 찢어질 것 같아요.	N	2022-07-24 14:23:01	2022-11-08 04:37:20
BE22011351	6	1	왜 아니겠니. 당장 네가 해줄 수 있는 게 없어서 더 답답하고 슬플 마음 안단다. 수술은 이제 곧 들어가는 거야?	N	2022-07-24 14:23:01	2022-11-08 04:37:20
BE22011351	7	0	네, 그래도 실력 좋은 분이라고 하셔서 조금은 다행이에요. 아플 대로 다 아파놓고 수술하게 돼서 너무 속상하다고 말하더라고요. 와이프 뜻이 어떤지 이해는 하지만 제 입장에선 와이프가 아픈 게 더 속상해요.	N	2022-07-24 14:23:01	2022-11-08 04:37:20
BE22011351	8	1	당연히 슬프고 속상하지. 아파서 울부짖는 소리며, 힘들어하는 표정을 다 봤을 텐데. 네 심정이 얼마나 슬플지 이해한다, 며늘아기 뜻도 물론 이해가 가고.	N	2022-07-24 14:23:01	2022-11-08 04:37:20
BE22011351	9	0	첫아이라서 본인 힘으로 세상을 마주하게 해주고 싶었나 봐요. 와이프 선택이니 존중해 줬지만 이렇게 힘들어할 줄 알았으면 좀더 말릴 걸 그랬어요. 제가 완강하게 말렸으면 덜 고생하지 않았을까 싶어서 더 슬프네요.	N	2022-07-24 14:23:01	2022-11-08 04:37:20
BE22011351	10	1	네가 자책할 수밖에 없는 심정도 이해가 돼서 아빠도 너무 슬프구나. 가까이 살았으면 당장 달려가서 네 손이라도 잡고 같이 기도할 텐데. 날이 밝는 대로 네 엄마랑 짐 싸서 너희 있는 곳으로 갈게.	N	2022-07-24 14:23:01	2022-11-08 04:37:20
BE22011351	11	0	장인, 장모님도 아침에 출발한다고 하시더라고요. 이제 아빠가 됐으니 다 컸다고 생각했는데, 견디기 힘든 슬픔이 찾아오니 부모님 생각이 많이 나네요.	N	2022-07-24 14:23:01	2022-11-08 04:37:20
BE22011351	12	1	우리 아들이 놀라기도 많이 놀라서 감정이 극으로 달한 것 같구나. 너무 걱정하지 말고, 지금은 의사 선생님 믿으면서 기다려보자. 요즘은 의술도 좋아졌으니 별일 없이 수술 잘될 거야, 그러니까 마음 추스르렴.	N	2022-07-24 14:23:01	2022-11-08 04:37:20
BE22011351	13	0	그래야겠어요, 슬프긴 해도 제가 더 의연해져야 와이프도 잘 이겨내겠죠? 이 나이가 돼서도 아버지 그늘 아래서 위로를 받네요. 괜찮을 거라는 말 한마디인데도 큰 힘이 돼요.	N	2022-07-24 14:23:01	2022-11-08 04:37:20
BE22011351	14	1	네가 다 크긴 했어도 이 아빠 눈엔 여전히 내 아들이잖니. 힘들겠지만 슬픔은 뒤로하고 지금은 며늘아기의 수술이 잘 되길 빌어보자.	N	2022-07-24 14:23:01	2022-11-08 04:37:21
BE22011351	15	0	네, 위로해 주시고 걱정해 주셔서 감사해요, 아버지. 내일 오시려면 피곤하실 텐데 눈 좀 붙이고 계세요. 수술 끝나면 전화드릴게요.	Y	2022-07-24 14:23:01	2022-11-08 04:37:21
