id	utterance_id	utterance_type	utterance_text	terminate	regDate	updDate
BE22017542	1	0	엄마, 그거 알아요? 나만 보면 미간이 예쁘다고 말해준 사람이 있었어요. 그 사람을 생각하면 아직도 너무 슬퍼요.	N	2022-09-08 07:55:02	2022-11-08 05:16:01
BE22017542	2	1	그런 얘긴 처음 듣는구나. 누가 그렇게 우리 딸을 예뻐해줫을까? 엄마 말고도 우리 딸의 미간을 알아보는 사람이 있었다니.	N	2022-09-08 07:55:02	2022-11-08 05:16:01
BE22017542	3	0	10대 후반쯤에 사귀었던 남자 친구였어요. 저를 좋아하는 이유가 뭐냐고 물으면 미간이 예뻐서라고 말했어요. 그때 그 사람을 놓치지 않았다면 하는 생각에 후회가 되고 슬퍼요.	N	2022-09-08 07:55:02	2022-11-08 05:16:01
BE22017542	4	1	헤어져서 더 이상 볼 수 없게 된 사람이 떠오르면 마음이 아프고 눈물이 나지. 하지만 이미 지나간 사람이니 너무 오래 생각하지 말렴. 돌이킬 수 없는 일인데 네 마음이 아플까 봐 걱정되는구나.	N	2022-09-08 07:55:02	2022-11-08 05:16:01
BE22017542	5	0	그때는 왜 저를 진심으로 사랑해준 사람의 마음을 몰랐을까요? 거울을 보면서 제 미간을 볼 때면 그 사람의 목소리가 들려오는 거 같아요. 다시 만날 수 없어서 너무 슬퍼요.	N	2022-09-08 07:55:02	2022-11-08 05:16:01
BE22017542	6	1	사람은 곁에 있을 때 소중한 걸 모른다고 떠나야 비로소 아는 어리석은 존재라는 말이 있잖니. 그게 우리 모두의 일일지도 몰라. 너무 너 자신을 탓하지 말렴.	N	2022-09-08 07:55:02	2022-11-08 05:16:01
BE22017542	7	0	나이를 드니 이제야 알겠어요. 그렇게 진실하게 저를 무조건 사랑해주는 사람이 인생에 몇 번 나타나지 않는다는 걸요. 밤마다 그 사람이 떠올라서 눈물범벅이 돼요.	N	2022-09-08 07:55:02	2022-11-08 05:16:01
BE22017542	8	1	그저 인연이 아니었기 때문에 헤어진 걸 거야. 그 상황을 다시 돌이켜보며 울지 않았으면 좋겠어. 떠나간 인연의 기억을 붙잡으면 너만 힘드니 안 그랬으면 좋겠네.	N	2022-09-08 07:55:02	2022-11-08 05:16:01
BE22017542	9	0	제가 아프다고 말하면 늘 한걸음에 달려오던 사람이에요. 그 사람을 생각하면 마음이 먹먹하고 눈시울이 붉어져요. 저는 아마 그때 그 사람을 버려서 지금까지 결혼을 못 한 걸 거예요.	N	2022-09-08 07:55:02	2022-11-08 05:16:01
BE22017542	10	1	자신을 자책하지 말렴. 떠나간 인연은 물 흐르듯 내보내 주고 또 좋은 사람이 올 거라는 믿음을 가지렴. 그러면 네 마음도 편안해지고 과거의 기억도 추억으로 다가올 거야.	N	2022-09-08 07:55:02	2022-11-08 05:16:01
BE22017542	11	0	엄마 말이 맞아요. 추억은 그 사람이 저에게 남겨준 사랑의 징표일 거예요. 마음을 가다듬고 그 사람의 기억을 더 이상 붙잡지 말아야겠어요.	N	2022-09-08 07:55:02	2022-11-08 05:16:01
BE22017542	12	1	네 미간이 예쁘다고 말해준 사람은 또 나타날 거야. 언제가 될지는 모르지만, 인연은 또 찾아오는 법이란다.	N	2022-09-08 07:55:02	2022-11-08 05:16:01
BE22017542	13	0	언젠가 다시 올 인연을 위해 더 열심히 살아야겠어요. 제가 예쁘게 웃고 있어야지 새로운 인연도 빨리 찾아오겠죠.	N	2022-09-08 07:55:02	2022-09-08 07:55:02
BE22017542	14	1	그때까지 엄마가 외롭지 않게 곁에서 함께해줄게. 힘을 내렴.	N	2022-09-08 07:55:02	2022-11-08 05:16:01
BE22017542	15	0	고마워요, 엄마. 엄마 덕분에 마음이 한결 나아졌어요. 사랑해요.	Y	2022-09-08 07:55:02	2022-11-08 05:16:01
