id	utterance_id	utterance_type	utterance_text	terminate	regDate	updDate
BE22008869	1	0	엄마 혹시 제 고민 좀 들어줄 수 있으세요?	N	2022-07-14 08:17:18	2022-11-08 04:21:27
BE22008869	2	1	당연하지, 무슨 고민이니? 고민 상담은 언제든지 환영이야.	N	2022-07-14 08:17:18	2022-11-08 04:21:27
BE22008869	3	0	심각한 고민은 아닌데요, 할아버지랑 관련된 고민이에요. 할아버지가 작년에 빙판에서 넘어지셔서 다리를 다치셨잖아요. 그래서 지금도 다리가 편찮으시고요.	N	2022-07-14 08:17:18	2022-11-08 04:21:27
BE22008869	4	1	그랬었지. 그래서 우리 가족 모두가 놀란 가슴을 겨우 쓸어내렸잖니.	N	2022-07-14 08:17:18	2022-11-08 04:21:27
BE22008869	5	0	시골에서 유일한 낙이 산책이셨던 분이 오래 걸을 수 없게 되셨으니 우울해하실 것 같더라고요. 그래서 이것저것 알아보다가 노인용 전기자전거가 있다는 걸 알았어요. 이걸 사드리면 어떨까 싶어요.	N	2022-07-14 08:17:18	2022-11-08 04:21:27
BE22008869	6	1	어머, 어떻게 그런 기특한 생각을 했니. 시내 구경하러 가시는 게 낙이셨으니 분명 좋아하실 것 같구나.	N	2022-07-14 08:17:18	2022-11-08 04:21:27
BE22008869	7	0	네, 저도 그렇게 생각해요. 근데 문제는 생각보다 가격대가 나가더라고요. 꼭 제가 사드리고 싶었는데 여건이 안 돼서 슬픈 상태였어요.	N	2022-07-14 08:17:18	2022-11-08 04:21:27
BE22008869	8	1	아이고, 우리 딸이 그런 생각을 하고 있었구나. 네 딴엔 할아버지께 좋은 선물 드리고 싶었는데 뜻대로 되지 않아서 많이 슬펐겠다.	N	2022-07-14 08:17:18	2022-11-08 04:21:27
BE22008869	9	0	네, 아르바이트비를 조금 더 무리해서 모아봐도 생활비 때문에 힘들겠더라고요. 그래서 엄마한테 고민이 있다고 말씀드린 거였어요.	N	2022-07-14 08:17:18	2022-11-08 04:21:27
BE22008869	10	1	우리 딸이 다방면으로 고민한 게 느껴져서 너무 기특하고 자랑스럽구나. 그런 의미에서 칭찬의 뜻으로 엄마가 전기자전거 비용을 보태줄게. 우리 딸이 훌륭한 아이디어를 내서 도와주는 거야!	N	2022-07-14 08:17:18	2022-11-08 04:21:27
BE22008869	11	0	제 마음 알아주셔서 감사해요. 뭔가 제힘으로 효도를 하고 싶었던 마음이 컸던 것 같아요. 그래야 할아버지가 더 많이 감동하실 것 같았거든요.	N	2022-07-14 08:17:18	2022-11-08 04:21:27
BE22008869	12	1	그래, 네 마음이 어떤 건지 알겠어. 할아버지가 널 특별히 아끼셨으니 그 사랑을 보답하고 싶은 마음이었을 거야. 그렇지만 딸아, 그 전기자전거를 드리는 것보다 할아버지를 위한 네 마음에 더 기뻐하실 거야.	N	2022-07-14 08:17:18	2022-11-08 04:21:28
BE22008869	13	0	정말 그렇게 생각하실까요?	N	2022-07-14 08:17:18	2022-11-08 04:21:28
BE22008869	14	1	그럼 당연하지, 원래 부모의 마음이 다 그런 것 같아. 할아버지께 선물 드리면서 네 아이디어라는 것도 꼭 말씀드리자. 분명 엄청 좋아하실 거야.	N	2022-07-14 08:17:18	2022-11-08 04:21:28
BE22008869	15	0	네 엄마 정말 감사해요! 몇 주 동안 자전거 가격 생각하느라 조금 속상했는데 덕분에 기분이 한결 나아졌어요.	N	2022-07-14 08:17:18	2022-11-08 04:21:28
BE22008869	16	1	예쁜 우리 딸, 고민 생기면 혼자 앓지 말고 오늘처럼 엄마한테 언제든 얘기하렴.	Y	2022-07-14 08:17:18	2022-11-08 04:21:28
