id	utterance_id	utterance_type	utterance_text	terminate	regDate	updDate
BE22000144	1	0	엄마, 저 이 회사 들어온 거 후회돼요.	N	2022-06-09 05:45:51	2022-11-08 03:25:10
BE22000144	2	1	무슨 일이야, 아들. 거기서 누가 괴롭혀?	N	2022-06-09 05:45:51	2022-11-08 03:25:10
BE22000144	3	0	아니요. 사람들은 괜찮아요. 하지만 제가 지원한 일과 실제로 하는 일이 너무 달라요. 하고 싶었던 일이라 기대하고 있었는데.	N	2022-06-09 05:45:51	2022-11-08 03:25:10
BE22000144	4	1	기대했을 텐데 실망했겠구나. 생각하던 것과의 간극이 커서 더욱 실망이 크겠어. 거기서 지원한 일이 아니라 무슨 일을 시키니?	N	2022-06-09 05:45:51	2022-11-08 03:25:10
BE22000144	5	0	생각하던 일이 아닌 단순노동만 하는 중이에요. 제가 상상만 하던 일을 할 수 있을까 상상만으로도 즐거웠었는데. 제가 왜 이 회사에 지원했을까요.	N	2022-06-09 05:45:51	2022-11-08 03:25:10
BE22000144	6	1	단순노동이라니, 원하던 일을 할 생각에 신났었는데 후회될만하지. 게다가 지원한 일과 많이 다르다면 보람도 없고 재미도 없겠어. 그래서 어떻게 하고 싶니?	N	2022-06-09 05:45:51	2022-11-08 03:25:10
BE22000144	7	0	회사를 그만둘까 고민 중이에요. 일이 맞지도 않고 배울 점도 없어요. 하루하루 후회만 하고 우울해질 정도예요.	N	2022-06-09 05:45:51	2022-11-08 03:25:10
BE22000144	8	1	일이 맞지 않아서 더욱 하기 싫고 힘들었겠네. 하지만 아직 회사에 다녀 본 지 얼마 안 됐잖아. 혹시 신입시절 초반에만 그런 건 아닐까?	N	2022-06-09 05:45:51	2022-11-08 03:25:10
BE22000144	9	0	1달도 안 되기는 했죠. 신입이나 막내에게 잡무만 시키는 회사가 있다고는 들었어요.	N	2022-06-09 05:45:51	2022-11-08 03:25:10
BE22000144	10	1	맞아. 그곳도 그런 곳일지도 몰라. 힘들고 하기 싫겠지만 퇴사는 좀더 다녀보고 결정하는 건 어떻니? 아니면 혹시 관두고 다른 일을 할 계획이 있니?	N	2022-06-09 05:45:51	2022-11-08 03:25:10
BE22000144	11	0	계획은 아직 없어요. 앞으로 세울 생각이에요. 엄마 말대로 다닌 지 얼마 안 됐으니까 좀더 다녀보고 생각해도 괜찮을 것 같아요.	N	2022-06-09 05:45:51	2022-11-08 03:25:10
BE22000144	12	1	생각이 많아지겠구나. 머리 아프겠지만 회사에 다니면서 경력도 쌓고 이직 준비도 하면서 차근히 계획을 세워보자. 나중에 원하는 업무를 맡게 될지도 모르잖니.	N	2022-06-09 05:45:51	2022-11-08 03:25:10
BE22000144	13	0	맞아요. 지금 당장 퇴사한다고 해도 할 것도 없고, 나중에 무슨 업무를 맡을지도 모르니까요. 그냥 무작정 관둘까 생각했는데 엄마 덕분에 생각이 좀 정리되고 마음이 가라앉았어요. 고마워요.	N	2022-06-09 05:45:51	2022-11-08 03:25:10
BE22000144	14	1	좀더 버텨본다니 장하구나. 언제나 최선을 다하려는 모습이 멋있단다. 그래도 언제나 너의 건강과 안위가 최우선이니까 힘들면 언제든지 말하렴.	Y	2022-06-09 05:45:51	2022-11-08 03:25:10
