id	utterance_id	utterance_type	utterance_text	terminate	regDate	updDate
BE22018584	1	0	엄마, 우리 딸 때문에 슬퍼서 하루 종일 눈물만 나네요. 이 마음을 대체 어떻게 해야 할지 모르겠어요.	N	2022-09-16 16:59:05	2022-11-08 05:22:18
BE22018584	2	1	우리 손녀에게 무슨 일이라도 생긴 거니? 눈물 날 만큼 슬픈 일이라면 엄마에게 털어놔 보렴.	N	2022-09-16 16:59:05	2022-11-08 05:22:18
BE22018584	3	0	딸애가 원하던 대학에 떨어져서 하루 종일 울적해 하네요. 옆에서 그 애의 모습을 지켜볼 수밖에 없는 저도 너무 슬프고요.	N	2022-09-16 16:59:05	2022-11-08 05:22:18
BE22018584	4	1	합격 발표일이 오늘이라더니, 그러잖아도 연락 기다리고 있었는데 떨어진 모양이로구나. 그 소식을 들으니 내 마음도 많이 슬프구나.	N	2022-09-16 16:59:05	2022-11-08 05:22:18
BE22018584	5	0	애가 잘해볼 거라고 밥도 제대로 안 먹어가며 공부를 했는데, 불합격이라니 어쩌면 좋아요? 이 슬픔을 어떻게 가라앉혀야 할지 막막해요.	N	2022-09-16 16:59:05	2022-09-16 16:59:05
BE22018584	6	1	그래도 너무 슬퍼하지 않았으면 좋겠구나. 우리 손녀는 뭘 해도 잘하는 아이잖니. 대학에 떨어졌다 해도 곧 괜찮아질 거야.	N	2022-09-16 16:59:05	2022-11-08 05:22:18
BE22018584	7	0	진정하려고 하는데 계속 슬퍼요. 남들처럼 학원도 다니고 비싼 과외 했으면 합격했을 텐데. 딸이 불합격한 게 뒷바라지 제대로 못 해준 내 책임인 것 같아요.	N	2022-09-16 16:59:05	2022-11-08 05:22:18
BE22018584	8	1	그런 생각 하지 마, 여자 혼자서 아이 키우는 게 얼마나 힘든 일이니? 너는 네 상황에서 충분히 최선을 다한 멋진 엄마야.	N	2022-09-16 16:59:05	2022-11-08 05:22:18
BE22018584	9	0	늘 최선을 다하기는 하지만 많이 부족한 엄마지요. 애가 정말 가고 싶어 하던 대학인데, 재수하라는 말을 선뜻 해 줄 수도 없는 형편이니까요.	N	2022-09-16 16:59:05	2022-11-08 05:22:18
BE22018584	10	1	이래저래 마음이 많이 힘들 수밖에 없는 상황이로구나. 내 무엇으로 너를 위로해 주어야 할지 모르겠구나.	N	2022-09-16 16:59:05	2022-11-08 05:22:18
BE22018584	11	0	엄마로서 딸애에게 도움도 못 주는 상황이 슬퍼요. 저는 정말로 모자란 사람인 것만 같아서 계속 눈물만 나네요.	N	2022-09-16 16:59:05	2022-09-16 16:59:05
BE22018584	12	1	네 마음은 알겠다만 자책은 그만하렴. 엄마인 너까지 슬퍼하며 울고 있으면, 애가 어떻게 기운을 차리겠니. 그만 슬퍼하고, 힘들어하는 아이에게 힘이 되어주렴.	N	2022-09-16 16:59:05	2022-11-08 05:22:18
BE22018584	13	0	엄마 말이 맞아요, 제가 잘못 생각했네요. 딸애도 속상할 텐데 저까지 울고 있으면 딸이 더 슬퍼지겠지요?	N	2022-09-16 16:59:05	2022-09-16 16:59:05
BE22018584	14	1	그럼, 무엇보다 부모가 본을 보여야 아이도 그걸 보고 실패에서 일어나는 법을 배우는 게야. 너부터 마음을 단단히 먹고 힘을 내거라.	N	2022-09-16 16:59:05	2022-11-08 05:22:18
BE22018584	15	0	네, 엄마 말씀대로 그만 슬퍼하고 기운 차릴게요. 딸이 제 모습을 보고 배울 수 있도록, 저부터 노력할게요.	Y	2022-09-16 16:59:05	2022-09-16 16:59:05
