id	utterance_id	utterance_type	utterance_text	terminate	regDate	updDate
BE22012457	1	0	엄마 저 오늘 회사 면접을 망쳤어요, 몇 달 동안 열심히 준비했는데, 너무 아쉽고 슬프네요. 아무래도 저는 취직을 할 수 없을 것 같아요.	N	2022-07-29 13:12:23	2022-11-08 04:44:20
BE22012457	2	1	입사 시험 준비하기도 쉽지 않았었는데, 면접도 힘들었구나. 네가 아주 실망했을 걸 생각하니 엄마도 마음이 좋지 않다.	N	2022-07-29 13:12:23	2022-11-08 04:44:21
BE22012457	3	0	그렇게 많이 준비하고 연습했는데, 제가 아는 질문은 한 개도 안 하시더라고요. 제대로 대답할 수 있는 문제가 없었어요. 너무 당황해서 눈물까지 나올 뻔했어요, 전 취업이 왜 이렇게 힘들까요.	N	2022-07-29 13:12:23	2022-11-08 04:44:21
BE22012457	4	1	필기시험 붙고 희망에 차서 매일 밤새도록 면접 준비를 했는데, 결과가 안 좋아서 슬프고 속상했겠구나. 나 같았어도 감정을 추스르기 쉽지 않았을 거야, 얼마나 힘이 들겠니.	N	2022-07-29 13:12:23	2022-11-08 04:44:21
BE22012457	5	0	면접 때 제 옆자리에 앉았던 지원자는 유창한 영어로 당당하게 대답했어요. 전 그걸 보고 위축돼서 더 대답하기가 힘들었어요, 얼마나 바보 같아 보였을까요.	N	2022-07-29 13:12:23	2022-11-08 04:44:21
BE22012457	6	1	네가 열심히 준비한다고는 했지만 조금 부족했나 보다. 그렇다고 그렇게까지 비약해서 받아들일 필요는 없어. 조금 운이 안 좋았다고 생각하자.	N	2022-07-29 13:12:23	2022-11-08 04:44:21
BE22012457	7	0	대학 동기들은 다들 취업해서 당당하게 회사에 다니는데. 저는 아직도 이렇게 면접도 제대로 못 보고 있으니 세상이 저를 거부하는 것만 같아요.	N	2022-07-29 13:12:23	2022-11-08 04:44:21
BE22012457	8	1	사람이 살아가는 속도가 어떻게 다 같을 수 있겠니. 좀더 빨리 가는 사람도 있고 천천히 가는 사람도 있는 거지. 계속 남들과 비교하며 살면 너만 힘들고 괴로워져.	N	2022-07-29 13:12:23	2022-11-08 04:44:21
BE22012457	9	0	아침마다 사원증 걸고 출근하는 사람들이 부러워요. 저도 같이 섞여서 살고 싶은데 혼자만의 세상에 있네요. 못난 아들인 것 같아서 슬프고 부모님께 죄송해요.	N	2022-07-29 13:12:23	2022-11-08 04:44:21
BE22012457	10	1	엄마는 한번 도 네가 남보다 못하다고 생각해본 적이 없단다, 오히려 목표를 향해 노력하는 모습이 자랑스러웠어. 오늘 면접을 잘 못 봤다고 해서 그런 약한 모습을 보는 게 오히려 더 속상해. 아직은 세상이 너를 알아보지 못했다고 생각하고 당당하게 어깨 펴고 살았으면 좋겠어.	N	2022-07-29 13:12:23	2022-11-08 04:44:21
BE22012457	11	0	엄마 말씀을 듣고 나니 제가 그동안 자존감을 잃고, 너무 의기소침해서 살았던 것 같아요. 남들보다 취업이 좀 늦었다고 못난 생각만 하고 있었네요. 이제 좀 용기를 내고 싶어졌어요.	N	2022-07-29 13:12:23	2022-11-08 04:44:21
BE22012457	12	1	이제야 내 아들 같다. 그렇게 용기 내서 계속 도전하면 점점 단단해지는 너 자신을 발견하게 될 거야. 넌 반드시 해낼 수 있어.	N	2022-07-29 13:12:23	2022-11-08 04:44:21
BE22012457	13	0	엄마 덕분에 자신감이 솟아나는 기분이에요, 오늘부터 다시 취업 준비를 시작해볼게요. 전보다 더 철저히 준비해서 필기시험도 면접도 다 잘 볼 거예요. 옆에서 꼭 지켜봐 주세요.	N	2022-07-29 13:12:23	2022-11-08 04:44:21
BE22012457	14	1	넌 어릴 때부터 항상 마음먹은 일은 해내고 마는 현명한 아이였잖아. 이번에도 네가 원하는 회사에 취업할 거라고 엄마는 믿어. 힘들고 지치는 날도 있겠지만, 절대 포기하지 말고 끝까지 가보자.	Y	2022-07-29 13:12:23	2022-11-08 04:44:21
