id	utterance_id	utterance_type	utterance_text	terminate	regDate	updDate
BE22017071	1	0	엄마 저 너무 슬퍼요. 남편이 저보다 젊어 보인다는 말을 요즘 부쩍 자주 들어요. 처음에는 웃으면서 넘겼는데 이젠 정말 내가 늙어 보이나 싶어서 너무 우울해요.	N	2022-09-05 03:35:28	2022-11-08 05:13:07
BE22017071	2	1	그랬구나. 사위가 너보다 나이가 많은데 그런 말을 들었으니 정말 상처가 되었겠구나. 엄마라도 그런 말 들으면 너무 신경 쓰이고 속상할 것 같아.	N	2022-09-05 03:35:28	2022-11-08 05:13:07
BE22017071	3	0	속상해 죽겠어요. 예전에 동안이라는 소리 많이 들었는데 요즘 그런 말을 한마디도 못 들었거든요. 정말 얼굴이 늙은 걸까요? 거울 보면 진짜 얼핏 팔자주름이 패인 것 같기도 해요!	N	2022-09-05 03:35:28	2022-11-08 05:13:07
BE22017071	4	1	원래 어떤 말을 여러 번 들으면 정말 그렇게 보이는 것 같은 착각도 들잖니. 동안 소리 듣다가 못 들으면 그런 걱정이 될 것도 같아. 하지만 매번 듣는 말도 가끔 뜸한 시기가 있잖니, 컨디션에 따라 낯빛이 다르기도 하고 말이야.	N	2022-09-05 03:35:28	2022-11-08 05:13:07
BE22017071	5	0	맞아요, 컨디션에 따라 좀 차이가 큰 것 같긴 해요. 그런데 남편이랑 외출했을 때 그런 말을 같이 들으면 너무 민망하더라고요. 남편도 이젠 제가 늙어 보이겠죠?	N	2022-09-05 03:35:28	2022-11-08 05:13:07
BE22017071	6	1	혼자 들어도 속상한데 함께 들었으니 얼마나 민망하겠어! 엄마가 보기에 여전한데 사위 눈에도 그럴 거야. 그리고 설사 나이가 들었다고 해도 누구에게나 노화가 찾아오는 법이니 자연스러운 일이라 생각할 거야, 너도 그랬으면 좋겠고.	N	2022-09-05 03:35:28	2022-11-08 05:13:07
BE22017071	7	0	그렇게 말씀해주셔서 감사해요, 엄마. 친구들 보니까 피부과 다니면서 관리하던데 전 필요 없을 줄 알았거든요. 너무 비싸던데 그런 거 해야 하나 고민도 했어요.	N	2022-09-05 03:35:28	2022-11-08 05:13:07
BE22017071	8	1	정 네가 신경이 쓰이고 스트레스를 받는다면 관리하는 것도 좋은 방법일 것 같아. 뭐든 네 마음 편한 게 최고니 그런 심리적인 비용까지 생각한다면 충분히 할 만하다고 생각해. 뭐든 네 마음이 편한 게 최고란다.	N	2022-09-05 03:35:28	2022-11-08 05:13:08
BE22017071	9	0	맞아요, 엄마. 엄마 말씀 들으니 뭔가 속이 뻥 뚫리는 것 같아요. 왠지 그런 거 뭐 하려고 하느냐고 하실 줄 알았거든요. 제 마음에 깊이 공감해주셔서 감사해요!	N	2022-09-05 03:35:28	2022-11-08 05:13:08
BE22017071	10	1	스트레스나 걱정이 만병의 근원이고 그게 얼굴에도 드러날 수 있거든. 표정도 그렇고 말이야, 꼭 외모가 변해서만은 아닐 테니 너무 신경 쓰지 마. 엄만 항상 네 마음이 편했으면 좋겠구나, 회사 일도 너무 무리하지 말고 말이야.	N	2022-09-05 03:35:28	2022-11-08 05:13:08
BE22017071	11	0	듣고 보니 맞는 말씀이에요, 올해 회사 일 때문에 유난히 힘들었거든요, 거기다가 남편이 워낙 동안이기도 해요. 엄마 말씀 들으니까 마음이 많이 편해졌어요. 이상하게 막상 들었을 때는 내가 너무 늙은 건가 하는 쪽으로만 생각이 되더라고요.	N	2022-09-05 03:35:28	2022-11-08 05:13:08
BE22017071	12	1	부정적인 것들에 관한 건, 그 문제가 나에게 있나 하고 생각하게 되는 게 사람 심리인가 봐. 엄마라도 그런 말 들으면 너무 신경이 쓰였을 것 같아. 또 지금부터 관리 잘하면 되니 네가 너무 속상하지 않았으면 좋겠어.	N	2022-09-05 03:35:28	2022-11-08 05:13:08
BE22017071	13	0	네 엄마, 감사해요. 앞으로 관리 열심히 하면서 남편이 젊어 보인다는 말 들으면 여유롭게 웃어 보일게요. 많이 웃다 보면 동안 소리 듣겠죠 뭐.	N	2022-09-05 03:35:28	2022-11-08 05:13:08
BE22017071	14	1	그래, 좋은 생각이야! 우리 딸 회사 일 때문에 마음고생 정말 많았어. 다시 기운 차려서 몸도 마음도 다시 밝아지기를 기도하마!	Y	2022-09-05 03:35:28	2022-11-08 05:13:08
