id	utterance_id	utterance_type	utterance_text	terminate	regDate	updDate
BE22014221	1	0	엄마, 남편의 암이 또 재발 해서 수술해야 한다네요. 저한테는 왜 이런 안 좋은 일들만 생기는지 모르겠어요. 정말 사는 게 너무 힘이 들어요.	N	2022-08-15 12:47:18	2022-11-08 04:55:32
BE22014221	2	1	안 그래도 아무 일 없기를 바라며 조마조마 연락을 기다리고 있었는데. 네가 얼마나 상심이 크겠니. 엄마도 가슴이 너무 아프다.	N	2022-08-15 12:47:18	2022-11-08 04:55:32
BE22014221	3	0	몇 년 동안 괜찮다고 해서 이제 다 나은 줄 알았는데 아니었나 봐요. 처음 진단을 받았을 때 보다 오히려 더 충격이에요. 너무 슬퍼서 어떤 일도 손에 잡히지 않아요, 아무 의욕이 없네요.	N	2022-08-15 12:47:18	2022-11-08 04:55:32
BE22014221	4	1	지금 당장은 많이 놀랐으니 그런 생각이 드는 건 당연해, 하늘이 무너지는 기분일 거야. 하지만 네가 그렇게 기운이 빠져 있으면 남편의 마음은 어떻겠니. 엄마라면 가족들 생각도 해야지.	N	2022-08-15 12:47:18	2022-11-08 04:55:32
BE22014221	5	0	제 나이가 되니 다른 친구들은 모두 자리 잡고 안정적으로 잘 사는데. 왜 저에게만 자꾸 이런 일이 생기는 걸까요. 뭘 그렇게 잘못해서 이렇게 벌을 받는 건지 모르겠어요.	N	2022-08-15 12:47:18	2022-11-08 04:55:32
BE22014221	6	1	지금 당장 힘들고 괴로운 마음은 알겠지만 그런 비관적인 생각은 너에게 아무 도움도 되지 않아. 어떻게 해서라도 이겨내고 헤쳐 나갈 생각을 해야 해.	N	2022-08-15 12:47:18	2022-11-08 04:55:32
BE22014221	7	0	아무런 힘도 의욕도 생기지 않아요, 그냥 이 상황에서 도망가고만 싶어요. 세상은 왜 저에게만 이렇게 가혹한 건지...	N	2022-08-15 12:47:18	2022-08-15 12:47:18
BE22014221	8	1	딸아, 밤이 깊을수록 새벽은 빨리 오는 법이야. 이번 상황만 잘 버티면 너희 가족 모두 예전처럼 아무 일 없이 잘 지낼 수 있을 거야. 굳게 마음먹고 살아야 한다.	N	2022-08-15 12:47:18	2022-11-08 04:55:32
BE22014221	9	0	자고 있는 남편 얼굴을 보면 너무 불쌍해서 눈물만 나와요. 수술하고 치료한다고 해도 깨끗하게 나을 수 있을지도 모르겠구요. 모든 게 불확실하니 답답하기만 하네요.	N	2022-08-15 12:47:18	2022-11-08 04:55:32
BE22014221	10	1	세상을 살아가는데 확실한 게 얼마나 있겠니, 작은 가능성만 있어도 일단 최선을 다하는 게 맞는 거야. 암은 불치병이 아니야 수술하고 치료받으면 분명히 나을 수 있어, 희망을 가져야 한다. 남편에게 용기를 줄 수 있는 사람은 너밖에 없다는 걸 절대 잊으면 안 돼.	N	2022-08-15 12:47:18	2022-11-08 04:55:32
BE22014221	11	0	엄마말을 듣고 나니 제가 이번 일로 많이 나약해져 있었던 것 같아요. 아픈 사람을 두고 제 생각만 했어요. 저보다 훨씬 두렵고 힘들 텐데 남편의 마음은 헤아려주지도 못하고, 저만 슬픔에 빠져 있었네요.	N	2022-08-15 12:47:18	2022-11-08 04:55:32
BE22014221	12	1	네가 그렇게 슬펐던 이유도 다 남편을 사랑해서가 아니겠니, 이제라도 기운을 차리고 치료에 전념해야 해. 몸이 아플 때 힘이 되어 주는 건 가족밖에 없어. 남편에게 완치될 수 있다는 희망을 주는 게 지금 네가 해야 할 일이야.	N	2022-08-15 12:47:18	2022-11-08 04:55:32
BE22014221	13	0	오늘부터는 긍정적인 생각만 할게요, 꼭 나을 수 있다고 믿고 가족에게 힘이 되어주는 엄마가 되도록 노력할래요. 갑자기 기운이 막 솟아나는 것 같아요, 저에게 용기를 주셔서 정말 감사해요. 이번에도 한번 멋지게 이겨내 보겠습니다.	N	2022-08-15 12:47:18	2022-11-08 04:55:32
BE22014221	14	1	무슨 일이 있어도 혼자라고 생각하지 마, 항상 너를 사랑하고 걱정하는 가족이 있잖아. 어려운 일이 있으면 함께 고민하고 해결하면 되는 거야, 엄마는 언제나 너를 응원하고 있다는 거 잊지 마. 힘내자 우리 딸.	Y	2022-08-15 12:47:18	2022-11-08 04:55:32
