id	utterance_id	utterance_type	utterance_text	terminate	regDate	updDate
BE22016225	1	0	엄마, 저 이번에 기차여행을 다녀왔잖아요. 다녀와서 생각할수록 슬픈 마음이 계속되어요.	N	2022-08-29 08:25:41	2022-08-29 08:25:41
BE22016225	2	1	무슨 일인데 우리 아들 마음이 슬플까. 즐겁게 여행을 다녀오고 나서 최근 아들이 잔뜩 기운이 없어 보였어. 그래서 사실 엄마도 마음이 안 좋았단다.	N	2022-08-29 08:25:41	2022-11-08 05:07:56
BE22016225	3	0	기차여행은 더할 나위 없이 너무 좋았어요, 그동안 학업으로 인해서 스트레스받은 것을 모두 푼 것 같았거든요. 하지만 우리 집 형편이 좋지 않은데, 저만 여행을 다녀온 것 같아서 마음이 아팠어요. 그래서 요새 슬픈 감정이 계속된 것 같아요.	N	2022-08-29 08:25:41	2022-11-08 05:07:56
BE22016225	4	1	여행을 가서 즐거운 추억을 만들기에도 시간이 부족했을 텐데, 여러 가지 걱정들로 슬픈 마음이 들었구나. 착한 우리 아들이 그동안 혼자서 끙끙 앓아서 많이 힘들었겠다. 엄마가 진작 너의 마음을 알아채고 이야기를 들어주었어야 했는데 그러지 못한 거 같아 미안하네.	N	2022-08-29 08:25:41	2022-11-08 05:07:56
BE22016225	5	0	아니에요, 엄마는 저를 위해서 밤낮없이 열심히 일하시는데 저만 즐겼잖아요. 엄마가 힘든 게 나 때문인데 여행을 괜히 갔나 후회가 되었어요. 제 학원비에 생활비까지 매달 비용이 많이 들잖아요.	N	2022-08-29 08:25:41	2022-11-08 05:07:56
BE22016225	6	1	그게 어떻게 너의 탓이니, 그건 너의 탓이 아니니까 자책하지 않았으면 좋겠다 아들. 엄마는 네가 일찍 철이 들어 엄마를 걱정해주는 것은 좋지만 너는 아직 학생이잖니. 엄마가 일하는 건 네가 조금 더 좋은 환경에서, 편안하게 공부할 수 있게 하고 싶어서야.	N	2022-08-29 08:25:41	2022-11-08 05:07:57
BE22016225	7	0	알아요. 그래서 엄마가 매일 늦게까지 일하시고, 잠도 제대로 못 주무시잖아요. 엄마를 생각하면 너무 슬퍼요. 근데 제가 해드릴 수 있는 게 없어서 속상해요.	N	2022-08-29 08:25:41	2022-08-29 08:25:41
BE22016225	8	1	엄마를 걱정해주는 그 마음이 너무 고맙네. 슬퍼하는 마음에 죄책감까지 가지면서 스스로에게 상처주지 않았으면 좋겠어. 엄마는 우리 아들이 건강하게 자라고, 행복하면 그것만으로도 행복해.	N	2022-08-29 08:25:41	2022-11-08 05:07:57
BE22016225	9	0	엄마의 행복이 제 행복인걸요. 제가 얼른 커서 취업하고 엄마에게 빨리 도움이 되고 싶어요. 그러면 엄마도 조금 더 쉬시고 우리 같이 보낼 수 있는 시간이 더 많아질 거니까요.	N	2022-08-29 08:25:41	2022-11-08 05:07:57
BE22016225	10	1	너의 귀한 마음에 엄마는 눈물이 날 정도구나. 너도 학업 스트레스 때문에 힘든 시기일 텐데 엄마까지 생각해주느라 고마워. 하지만 엄마는 네가 조금 더 즐기면서 삶을 후회 없이 지냈으면 좋겠어.	N	2022-08-29 08:25:41	2022-11-08 05:07:57
BE22016225	11	0	엄마 이야기가 무슨 일인지 알 것 같아요. 저도 앞으로 이런저런 걱정보다 엄마에게 조금 더 편안하게 이야기할게요. 엄마한테 이야기해서 다행이에요!	N	2022-08-29 08:25:41	2022-08-29 08:25:41
BE22016225	12	1	앞으로도 혼자서 슬퍼하거나 자책하지 말고 엄마한테 이야기해주었으면 좋겠어. 엄마는 언제든 너의 이야기를 들을 준비가 되어 있어. 너의 슬픈 마음이 조금이라도 해소되었다면 만족한단다. 기분이 좀 괜찮아졌니?	N	2022-08-29 08:25:41	2022-11-08 05:07:57
BE22016225	13	0	네 엄마 덕분에 괜찮아졌어요. 그래서 말인데 올해가 가기 전에 엄마랑 기차여행 한번 같이 가고 싶은데 괜찮을까요?	N	2022-08-29 08:25:41	2022-08-29 08:25:41
BE22016225	14	1	그럼, 당연하지. 엄마도 아들이랑 여행을 간다고 하니까 벌써부터 설렌다. 너무나 든든하게 잘 자라주어서 네가 너무 자랑스럽다.	N	2022-08-29 08:25:41	2022-11-08 05:07:57
BE22016225	15	0	저도 너무 설레요. 앞으로 우리 행복하게 살아요.	N	2022-08-29 08:25:41	2022-08-29 08:25:41
BE22016225	16	1	그러자. 우리 지금처럼 앞으로 서로를 위하면서 힘든 일은 헤쳐 나가고, 기쁜 일은 함께 기뻐하며 지내자.	N	2022-08-29 08:25:41	2022-11-08 05:07:57
BE22016225	17	0	엄마가 제 엄마라서 고마워요. 사랑해요.	Y	2022-08-29 08:25:41	2022-11-08 05:07:57
