id	utterance_id	utterance_type	utterance_text	terminate	regDate	updDate
BE22011930	1	0	엄마, 오늘 어릴 적에 쓰던 일기장을 발견했어요. 글씨는 삐뚤삐뚤하지만, 그날의 감정을 꼼꼼히 적어두었더라고요.	N	2022-07-26 14:32:22	2022-11-08 04:41:07
BE22011930	2	1	정말? 과거의 너를 발견했다니 정말 반가웠겠구나. 이사를 오면서 다 잃어버린 줄 알았는데 어디서 찾았니?	N	2022-07-26 14:32:22	2022-11-08 04:41:07
BE22011930	3	0	친구들이 준 편지를 담아둔 상자에 같이 들어있더라고요. 그렇지만 반갑진 않았어요. 오히려 상자 위에 가득 쌓인 먼지가 시간의 흐름을 담고 있는 것 같아서 마음이 싱숭생숭했어요.	N	2022-07-26 14:32:22	2022-11-08 04:41:07
BE22011930	4	1	그러게. 벌써 10년도 더 된 일기장이니, 네 말처럼 설레는 감정보단 낯선 기분이 들었을 수도 있겠구나. 현재의 네가 보기에 과거의 너는 어떤 아이였니?	N	2022-07-26 14:32:22	2022-11-08 04:41:07
BE22011930	5	0	불행한 아이였던 것 같아요. 친구들과 사이가 좋지 않아서 따돌림을 당하던 때의 이야기가 잔뜩 적혀있었거든요. 화장실에 숨어서 도시락을 먹기도 하고, 체육 시간에는 아프다고 핑계 대고 보건실에 가 있었대요.	N	2022-07-26 14:32:22	2022-11-08 04:41:07
BE22011930	6	1	저런. 그걸 읽는 네 마음이 편치 않았겠다. 어린아이였던 너 자신이 안타깝게 느껴져서 속상했을 것 같아. 시간이 오래 지난 이야기이지만, 너에게는 큰 상처로 남은 사건이었을 테니까.	N	2022-07-26 14:32:22	2022-11-08 04:41:07
BE22011930	7	0	맞아요. 일기를 읽는 내내 어릴 적의 제가 불쌍해서 눈물이 났어요. 사실 지금도 그때 느낀 외로움과 모멸감이 떠올라 눈물이 나오려고 해요. 상황은 잘 기억나지 않지만, 감정은 마음속에 그대로 남아 절 괴롭게 만드는 것 같아요.	N	2022-07-26 14:32:22	2022-11-08 04:41:07
BE22011930	8	1	여태 그런 괴로움을 끌어안고 지낼 줄은 몰랐네. 아무에게도 말하지 않고 외로운 시간을 버텨내느라 너 혼자 얼마나 지치고 힘들었겠니. 그때 제대로 네 마음을 알아주고 안아주지 못해 너무 마음이 아프구나.	N	2022-07-26 14:32:22	2022-11-08 04:41:07
BE22011930	9	0	그때 엄마한테라도 솔직한 마음을 털어놓았으면 좋았을 걸 하는 후회도 생겼어요. 그때의 저는 왜 누구에게도 도움을 청하지 않았던 걸까요? 제 마음을 가장 많이 갉아먹은 건, 그 누구도 아닌 저 자신이라는 사실이 제일 속상해요.	N	2022-07-26 14:32:22	2022-11-08 04:41:07
BE22011930	10	1	너는 아픈 감정을 쉽게 털어놓지 않는 편이라 혼자 참는 쪽을 선택했던 것 같아. 그것이 그때의 너에게는 최선의 방법이었겠지만, 마음의 상처가 곪은 원인이 되었으니 네가 당연히 속상할 만도 하지. 하지만 그 시간이 너를 이렇게 성장시켰다면, 그것도 나쁘기만 했던 건 아닐 거야.	N	2022-07-26 14:32:22	2022-11-08 04:41:07
BE22011930	11	0	정말 그럴까요? 그때 어른들의 도움을 받았더라면 지금 제 괴로움이 조금은 달라졌을까 싶어서 아쉬워요. 모든 것이 제 탓인 것만 같아서... 지금이라도 시간을 돌릴 수 있다면 꼭 누군가에게 도움을 요청하고 싶어요.	N	2022-07-26 14:32:22	2022-11-08 04:41:07
BE22011930	12	1	네 입장에서는 그런 마음이 들 수도 있어. 그렇지만 어떤 이유에서도 폭력은 정당화되지 않으니, 따돌림을 당하며 힘들었던 시간은 절대 네 탓이 아니야. 또 도움을 요청하지 않아도 도와줄 수 있는 어른이 있었다면 좋았겠지만 마땅한 사람이 없었을 뿐이지.	N	2022-07-26 14:32:22	2022-11-08 04:41:07
BE22011930	13	0	엄마 말을 듣고 나니 조금 위로가 되어요. 저는 제가 당한 모든 일의 원인을 저에게서 찾으려고 했거든요. 그러다 보니 자존감이 떨어져서 모든 일에 자신이 없어지곤 했어요.	N	2022-07-26 14:32:22	2022-11-08 04:41:07
BE22011930	14	1	생각보다 더 큰 트라우마에 시달리느라 그간 아주 슬펐겠구나. 지금은 많이 밝아졌지만, 엄마는 가끔 네가 아직도 그 시절에 머물러 있는 것 같아 걱정돼.	N	2022-07-26 14:32:22	2022-11-08 04:41:07
BE22011930	15	0	엄마 말대로 아직은 회복이 덜 되어서, 그때의 기억이 악몽으로 남아서 꿈에 나타나는 날도 있어요. 그런 날은 슬픈 기운이 저를 행복하지 못하게 막는 것 같아서 슬프기도 하고요. 이 괴로움은 왜 10년이 되었는데도 완전히 해소되지 않을까요?	N	2022-07-26 14:32:22	2022-11-08 04:41:07
BE22011930	16	1	금이 간 도자기를 본드로 붙이더라도 완벽히 복원시킬 수 없는 것처럼 마음도 같아. 시간이 흘러도 완전히 회복되기는 어려울 수 있지. 하지만 앞으로 너를 아껴주는 사람들을 더 많이 만나게 되면 점차 괜찮아질 거야.	N	2022-07-26 14:32:22	2022-11-08 04:41:07
BE22011930	17	0	그렇게 생각하니 마음이 많이 편해지는 것 같아요. 사실 저는 지금껏 상처를 꼭 치료해야만 한다고 생각해서, 아물지 않는 상처를 보면 조급해졌거든요.	N	2022-07-26 14:32:22	2022-11-08 04:41:07
BE22011930	18	1	상처는 아주 오랜 시간이 걸리더라도 조금씩 아물게 되겠지만, 흉터는 남을지도 몰라. 그 흉터가 덧나지 않게 엄마가 옆에서 네 마음을 많이 보듬어줄게. 이제 지난 일기는 그만 들여다보고, 앞으로 즐거운 내용의 일기를 써보자.	N	2022-07-26 14:32:22	2022-11-08 04:41:07
BE22011930	19	0	좋아요. 고마워요, 엄마.	Y	2022-07-26 14:32:22	2022-11-08 04:41:07
