id	utterance_id	utterance_type	utterance_text	terminate	regDate	updDate
BE22008561	1	0	우리 딸, 잘 지내지? 난 요즘 밥을 먹기도 전에 배가 부르구나.	N	2022-07-13 09:55:14	2022-11-08 04:19:29
BE22008561	2	1	엄마, 그게 무슨 말씀이에요?	N	2022-07-13 09:55:14	2022-11-08 04:19:29
BE22008561	3	0	나이가 드니 서글픈 게 한두 개가 아니야. 밥보다 영양제를 더 많이 먹어야 하는 것도 그렇고.	N	2022-07-13 09:55:14	2022-11-08 04:19:29
BE22008561	4	1	여러 종류를 챙겨 드셔야 해서 힘든가 보네요, 엄마. 하루 몇 번 드셔야 해요?	N	2022-07-13 09:55:14	2022-11-08 04:19:29
BE22008561	5	0	하루에 밥 세 번, 영양제 두 번 챙겨 먹어야 해. 요리도 이것저것 해야 하는데, 영양제까지 챙겨 먹어야 한다고 생각하니 서글퍼. 젊었을 땐 골고루 식사하는 걸로 충분했었는데.	N	2022-07-13 09:55:14	2022-11-08 04:19:29
BE22008561	6	1	맞아요, 예전엔 영양제 같은 거 하나도 안 드시고도 건강하셨어요. 괜히 세월 무상이다 싶어서 슬픈 마음이 들었나 보네요.	N	2022-07-13 09:55:14	2022-11-08 04:19:29
BE22008561	7	0	갱년기 이후부터 부쩍 힘들어진 것 같아. 그때부터 영양제를 한 움큼 먹기 시작했거든. 비타민은 물론이고 골다공증 영양제랑 여성호르몬에 도움 되는 영양제까지.	N	2022-07-13 09:55:14	2022-11-08 04:19:29
BE22008561	8	1	한두 개도 아니고 그렇게 여러 개를 드셔야 하니 힘들겠네요. 엄마가 그렇게 힘드신 줄도 모르고 제가 너무 무심했던 것 같아 죄송해요.	N	2022-07-13 09:55:14	2022-11-08 04:19:29
BE22008561	9	0	아니야, 그냥 늙는 게 서글퍼서 그래. 우리 딸이 잘못한 것은 아무것도 없어. 나이 드니까 왜 이렇게 서글픈 게 많은지 모르겠어.	N	2022-07-13 09:55:14	2022-11-08 04:19:29
BE22008561	10	1	전 아직 어려서 엄마 심정을 다 헤아리지는 못할 것 같아요. 그래도 엄마는 식사도 잘 드시고 영양제도 꼬박꼬박 챙겨 드시잖아요. 그 덕분에 큰 병 한 번 앓으신 적 없는 것 같고요.	N	2022-07-13 09:55:14	2022-11-08 04:19:29
BE22008561	11	0	그런가? 내가 식사도 영양제도 열심히 챙겨서 그나마 이렇게 건강을 유지하는 건가?	N	2022-07-13 09:55:14	2022-11-08 04:19:29
BE22008561	12	1	지난주에 우리 집에 놀러 왔던 친구도 엄마가 정말 건강하고 젊어 보인다고 부러워했어요. 엄마가 자기 관리를 정말 잘하시는 것 같다면서요. 저도 괜히 기분 좋고 뿌듯하더라고요.	N	2022-07-13 09:55:14	2022-11-08 04:19:29
BE22008561	13	0	우리 딸이 그렇게 얘기해 주니 정말 기분이 좋구나. 앞으로는 영양제 귀찮게 여기지 말고 열심히 챙겨 먹어야겠는걸.	N	2022-07-13 09:55:14	2022-11-08 04:19:29
BE22008561	14	1	네, 엄마. 조금 귀찮으시더라도 건강이 제일 중요하잖아요. 엄마는 꾸준히 잘하실 거라 믿어요.	N	2022-07-13 09:55:14	2022-11-08 04:19:29
BE22008561	15	0	엄마가 괜히 혼자서 서글픈 생각이 들었나보구나. 우리 딸이 이렇게 힘을 주니 마음이 한결 가볍구나. 고마워, 우리 딸.	Y	2022-07-13 09:55:14	2022-11-08 04:19:29
