id	utterance_id	utterance_type	utterance_text	terminate	regDate	updDate
BE22005915	1	0	세상에 어떻게 저한테 이런 일이 생길 수 있죠? 제가 뭘 잘못했다고 이런 날벼락이. 너무 슬퍼서 눈물밖에 안 나와요.	N	2022-07-04 03:52:37	2022-11-08 04:02:29
BE22005915	2	1	감정화자야 무슨 일이니? 군대에서 무슨 안 좋은 일이라도 있었니? 고민이 있으면 다 말해보렴.	N	2022-07-04 03:52:37	2022-11-08 04:02:29
BE22005915	3	0	훈련받는데 갑자기 훅 쓰러져서 검사받았어요. 그랬는데 제가 뇌종양이래요.	N	2022-07-04 03:52:37	2022-11-08 04:02:29
BE22005915	4	1	뇌종양이라고? 감정화자 마음은 괜찮니? 세상에 너무 슬퍼서 세상이 무너져 내리는 느낌이구나. 내가 이런데 우리 감정화자는 얼마나 가슴 아프고 눈물이 나오겠니.	N	2022-07-04 03:52:37	2022-11-08 04:02:29
BE22005915	5	0	네, 정말 가슴이 찢어질 듯 슬프고 당황스러워요.	N	2022-07-04 03:52:37	2022-11-08 04:02:29
BE22005915	6	1	그래 그러겠구나. 나도 지금 가슴이 갈기갈기 찢기는 슬픔이 느껴지는데 우리 감정화자는 얼마나 더 마음이 아프겠니. 당장이라도 달려가서 우리 감정화자 부둥켜안고 달래주고 싶은데 그럴 수 없어서 너무 비통하구나. 그리고 엄마 아빠가 감정화자를 많이 못 챙겨줘서 아픈 거 같아 더욱 마음이 쓰라리구나.	N	2022-07-04 03:52:37	2022-11-08 04:02:29
BE22005915	7	0	혼자 있어서 너무 슬펐는데, 그래도 공감화자가 같이 슬퍼해 주니까 마음이 조금 안정되는 거 같아요. 그리고 공감화자 때문에 제가 아픈 건 아니에요. 자책하지 않으셨으면 좋겠어요.	N	2022-07-04 03:52:37	2022-11-08 04:02:29
BE22005915	8	1	마음이 많이 안 좋을 텐데 그래도 엄마 아빠 걱정을 해줘서 너무 고맙구나. 하루빨리 같이 병원에 가서 정밀검사를 받아보자. 그래도 다행히 뇌종양이 빨리 발견돼서 너무나 다행이야.	N	2022-07-04 03:52:37	2022-11-08 04:02:29
BE22005915	9	0	다행히 군 병원에서도 뇌종양 크기도 작고 위치도 위험하지 않은 곳이라서 수술만 하면 된다고 하더라고요.	N	2022-07-04 03:52:37	2022-11-08 04:02:29
BE22005915	10	1	천만다행이구나, 뇌종양이라는 사실을 들었을 때 정말 앞이 깜깜했는데. 한편으로 생각해 보면, 다행히도 초기에 발견해서 치료를 빨리 받을 수 있겠구나 싶어 고마운 마음이구나.	N	2022-07-04 03:52:37	2022-11-08 04:02:29
BE22005915	11	0	저도 비통하고 슬픈 마음이 컸어요. 하지만, 그래도 다행인 건 훈련받다가 발견하지 않았으면 악화돼서 나중에 큰일 날뻔했겠구나 싶더라고요.	N	2022-07-04 03:52:37	2022-11-08 04:02:29
BE22005915	12	1	그러니까 말이다. 진행이 많이 되기 전에 발견되고 크기도 작다니 얼마나 다행이니. 우리 감정화자가 많이 슬프고 비통하겠지만, 다 같이 힘을 내보자! 우리 감정화자는 씩씩하고 긍정적인 아이이잖니 힘내렴.	N	2022-07-04 03:52:37	2022-11-08 04:02:29
BE22005915	13	0	공감화자가 응원해 주니 힘이 나요. 그리고 공감화자 얘기처럼 빨리 치료받을 수 있는 것도 당행이라고 생각되네요.	N	2022-07-04 03:52:37	2022-11-08 04:02:29
BE22005915	14	1	그래, 우리 힘들지만 좋은 쪽으로 생각해 보자꾸나! 우리 감정화자는 튼튼하고 활동적이라서 잘 이겨낼 수 있을 거야!	N	2022-07-04 03:52:37	2022-11-08 04:02:29
BE22005915	15	0	공감화자가 그렇게 얘기해 주니까 힘이 나요! 그리고 저도 정말 힘내서 잘 이겨내볼게요!	Y	2022-07-04 03:52:37	2022-11-08 04:02:29
