id	utterance_id	utterance_type	utterance_text	terminate	regDate	updDate
BE22012686	1	0	엄마 저 또 시험관 아기 시술에 실패했어요. 이번엔 반드시 될 거라 생각했는데 너무 실망스러워서 눈물이 계속 나네요.	N	2022-08-01 06:50:44	2022-11-08 04:45:47
BE22012686	2	1	오늘 네 전화를 기다리며 조마조마했었는데, 안 좋은 소식이구나. 얼마나 실망이 컸겠니, 엄마도 가슴이 너무 아프다.	N	2022-08-01 06:50:44	2022-11-08 04:45:47
BE22012686	3	0	처음에는 실패해도 다음에 성공하면 될 거라고 생각했는데. 몇 번이나 연속해서 실망하고 나니, 이젠 아예 희망이 사라져 버린 것 같아요.	N	2022-08-01 06:50:44	2022-11-08 04:45:47
BE22012686	4	1	왜 안 그렇겠니. 네가 그동안 얼마나 힘들게 시술받았는데, 정말 힘들었잖아. 만약 나였어도 절망적인 기분이 들 것 같아.	N	2022-08-01 06:50:44	2022-11-08 04:45:47
BE22012686	5	0	다른 사람들은 저처럼 애쓰지 않아도 되는 일인데, 왜 저만 이렇게 고통스러워야 하는 걸까요. 너무 원망스러워요.	N	2022-08-01 06:50:44	2022-11-08 04:45:47
BE22012686	6	1	네가 그렇게 실망하고 마음 아파하는 모습을 보니, 다 내 책임인 것 같아서 엄마가 할 말이 없다. 너무 미안해서.	N	2022-08-01 06:50:44	2022-11-08 04:45:47
BE22012686	7	0	길 가다가 어린아이들을 보면 괜히 슬퍼서 눈물이 나요. 이번 생에 저는 저런 귀여운 아이를 낳을 수 없을 것 같아서요.	N	2022-08-01 06:50:44	2022-11-08 04:45:47
BE22012686	8	1	아직은 너와 남편이 젊은데 그런 비관적인 생각은 하지 않는 게 좋을 것 같아. 엄마 주변엔 여러 번 도전 끝에 성공한 사람들도 많이 있어.	N	2022-08-01 06:50:44	2022-11-08 04:45:47
BE22012686	9	0	저도 성공한다는 확신만 있다면 얼마나 좋을까요. 몇 번 더 시도한다고 해도 힘들지 않을 것 같은데요.	N	2022-08-01 06:50:44	2022-11-08 04:45:47
BE22012686	10	1	그 확신은 의사도 엄마도 줄 수 없어. 네가 만드는 거야, 스스로 확신을 가지고 실망하지 말고 다시 시도해 보렴. 그동안의 시간과 너의 고통이 헛수고로 돌아가는 건 너무 가슴 아픈 일이잖아.	N	2022-08-01 06:50:44	2022-11-08 04:45:47
BE22012686	11	0	저도 인제 와서 포기하고 싶지는 않아요. 더 큰 시련이 온다고 해도 저를 닮은 예쁜 아기만 만날 수 있다면 견딜 수 있어요.	N	2022-08-01 06:50:44	2022-11-08 04:45:47
BE22012686	12	1	엄마도 결혼 후 너를 처음 만난 시간이 짧지는 않았어, 하지만 한 번도 의심하거나 실망한 적은 없었다. 지금의 네 상황은 나보다 좋지 않을 수 있겠지만, 너도 나처럼 포기하지 않고 기다리면 곧 아기천사가 찾아와줄 거야. 마음 단단히 먹고 희망을 가져보면 어떻겠니.	N	2022-08-01 06:50:44	2022-11-08 04:45:47
BE22012686	13	0	엄마의 말씀을 듣고 나니 그동안 제가 너무 나약했었다는 생각이 들어요. 우리에게 정말 소중한 것이라서 늦게 찾아오나 봐요, 오늘의 슬픔은 잊고 다시 힘내서 노력해 볼게요. 사랑스러운 아기를 만날 생각을 하니 가슴이 설레고 기뻐요.	N	2022-08-01 06:50:44	2022-11-08 04:45:47
BE22012686	14	1	너는 우리에게 정말 귀하고 감사한 존재야. 앞으로도 힘들거나 슬픈 일이 생기면 항상 가족들을 생각하렴, 우리가 너의 힘이 되어줄게. 희망을 가지고 이제 다시 시작해보자, 이번에는 분명히 예쁜 아기가 찾아올 거야 사랑한다, 우리 딸.	Y	2022-08-01 06:50:44	2022-11-08 04:45:47
