id	utterance_id	utterance_type	utterance_text	terminate	regDate	updDate
BE22005387	1	0	날이 궂을 때마다 손목 시큰거리는 게 심해져서 서글프다.	N	2022-06-30 08:12:31	2022-11-08 03:59:07
BE22005387	2	1	에고, 손목 통증이 많이 심해지셨나봐요. 젊어서부터 너무 일을 많이 하셔서 그런 거 잘 아니까 가슴이 저미네요.	N	2022-06-30 08:12:31	2022-11-08 03:59:07
BE22005387	3	0	비 올 땐 손에 힘을 줄 수가 없으니 일도 제대로 못하겠어. 어느새 하등 쓸모없는 사람이 된 것 같아.	N	2022-06-30 08:12:31	2022-11-08 03:59:07
BE22005387	4	1	쓸모가 없다뇨, 그런 말씀 마세요. 아파 누워 계시더라도 엄마는 그냥 존재 자체로만으로도 우리에게 힘을 주시는 빛나는 기둥이에요.	N	2022-06-30 08:12:31	2022-11-08 03:59:07
BE22005387	5	0	자꾸 아프면 짐스러운 존재가 될걸. 물리치료를 받아도 그때만 반짝할 뿐이고, 장마철엔 어떻게 견디나 암울해.	N	2022-06-30 08:12:31	2022-11-08 03:59:07
BE22005387	6	1	긴 장마에 통증 더 심해질까 염려하시는 마음 이해해요. 잠깐 날 궂어도 안 좋은데 장마 내내 아파하실 걸 생각하면 마음이 찢어질 것 같아요. 이제라도 손을 좀 아끼셔야 하는데 계속 일하시는 것도 가슴 아프고요.	N	2022-06-30 08:12:31	2022-11-08 03:59:07
BE22005387	7	0	일이야 죽을 때까지 해야 하는 건데 점점 몸이 망가지니 걱정이지.	N	2022-06-30 08:12:31	2022-11-08 03:59:07
BE22005387	8	1	죽을 때까지 당당하게 일을 해야 한다고 생각하시는 부모님들 많지 않아요. 평생 몸 안 아끼고 일하시는 우리 엄마 너무 자랑스럽고 존경해요. 하지만 이제는 몸을 좀더 아끼시면 좋겠어요.	N	2022-06-30 08:12:31	2022-11-08 03:59:07
BE22005387	9	0	죽으면 썩을 몸뚱아리 아끼면 뭐 하게. 손목 좀 아프다고 너무 엄살을 부렸나보다. 늙어도 자기 앞가림은 할 줄 알아야 떳떳한 거야.	N	2022-06-30 08:12:31	2022-11-08 03:59:07
BE22005387	10	1	아플 땐 아프다고 솔직히 말씀해주셔서 감사하고 다행이에요. 제가 뭐라도 고민해볼 수 있잖아요. 엄살 부리실 분도 아니고 얼마나 견디기 힘들면 말씀하셨을까 짐작하고 있어요.	N	2022-06-30 08:12:31	2022-11-08 03:59:07
BE22005387	11	0	아프단 말로 괜한 걱정 시켰나 속으로 뜨끔했는데 고맙다고 해주니 나도 마음이 놓인다.	N	2022-06-30 08:12:31	2022-11-08 03:59:07
BE22005387	12	1	맨날 나만 징징거렸는데 오늘은 엄마가 나한테 조금 기대시는 것 같아서 약간은 흐뭇해요. 물론 엄마 손목 생각하면 가슴이 찡하지만... 오늘 하루만이라도 가만히 쉬시면 안 돼요?	N	2022-06-30 08:12:31	2022-11-08 03:59:07
BE22005387	13	0	안 그래도 그럴 작정이야. 나이 들면 자식한테 기대고 싶은 마음이 드나보다.	N	2022-06-30 08:12:31	2022-11-08 03:59:07
BE22005387	14	1	앞으로도 계속 기대주시면 드디어 믿음직한 자식이 된 것 같아서 마음이 뿌듯할 것 같아요.	N	2022-06-30 08:12:31	2022-11-08 03:59:07
BE22005387	15	0	넌 원래도 믿음직한 자식이야.	N	2022-06-30 08:12:31	2022-11-08 03:59:07
BE22005387	16	1	하하. 감사해요. 아무튼 오늘은 손에 절대 힘을 쓰지 마시고, 따뜻한 수건으로 찜질도 하시면 도움이 될 거예요.	N	2022-06-30 08:12:31	2022-11-08 03:59:07
BE22005387	17	0	알겠어. 네 말대로 해볼게.	Y	2022-06-30 08:12:31	2022-11-08 03:59:07
