id	utterance_id	utterance_type	utterance_text	terminate	regDate	updDate
BE22016189	1	0	아빠, 저 오늘도 치과에 가서 치석 제거하고 왔어요.	N	2022-08-29 06:45:20	2022-08-29 06:45:20
BE22016189	2	1	우리 아들이 고생이 많네. 언제까지 다녀야 하는 거니?	N	2022-08-29 06:45:20	2022-11-08 05:07:43
BE22016189	3	0	치열이 고르지 않아서 치석이 잘 낀다고 하더라고요. 그래서 6개월마다 정기적으로 와서 치석 제거를 받아야 한대요. 너무 속상하고 우울해요, 아빠.	N	2022-08-29 06:45:20	2022-11-08 05:07:43
BE22016189	4	1	그랬구나, 우리 아들 정말 속상하겠다. 괜히 아빠 탓 같고 미안하고 이렇게 마음이 안 좋은데 네 속은 어떨까 싶네. 어떤 심정일지 너무나 이해가 가는구나.	N	2022-08-29 06:45:20	2022-11-08 05:07:43
BE22016189	5	0	아니에요 그런 말씀 마세요. 어금니 하나가 썩어서 빠진 후로 제가 관리를 안 해서 틀어진걸요. 왜 제때 치료를 하지 않았나 저 자신이 너무 원망스럽고 슬퍼서 마음이 다 아프네요.	N	2022-08-29 06:45:20	2022-11-08 05:07:43
BE22016189	6	1	지금은 슬프고 속상한 거 충분히 이해한단다. 하지만 자기 자신을 자책하면서 더 힘들게 하지는 않았으면 좋겠구나. 지금이라도 치료를 잘 받고 마음으로도 이겨내고자 한다면 꼭 이겨낼 수 있을 거라 믿어.	N	2022-08-29 06:45:20	2022-11-08 05:07:43
BE22016189	7	0	그럴 수 있을까요? 하지만 아직은 이 슬픔이 너무 크게 자리 잡고 있어요. 그래서 제가 과연 잘 이겨낼 수 있을지 자신이 없어요.	N	2022-08-29 06:45:20	2022-11-08 05:07:43
BE22016189	8	1	지금 당장은 마음의 슬픔이 커서 그런 생각이 들 수 있어. 하지만 우리 아들은 누구보다 씩씩하고 강하니까 잘 이겨낼 수 있을 거라 믿어. 그러니 지금보다 조금 더 용기를 냈으면 좋겠구나.	N	2022-08-29 06:45:20	2022-11-08 05:07:43
BE22016189	9	0	아빠의 말씀 덕분에 조금은 용기가 나는 거 같아요. 그렇게 위로와 응원의 말씀을 해주시니 마음이 놓이면서 잘 이겨낼 수 있을 거 같아요.	N	2022-08-29 06:45:20	2022-11-08 05:07:43
BE22016189	10	1	아들이 이렇게 금방 기운 내는 모습을 보여주니 정말 다행이고 아빠가 안심되네. 항상 의지만 있다면 어떤 일이든 잘 이겨낼 수 있을 거라 생각한단다.	N	2022-08-29 06:45:20	2022-11-08 05:07:43
BE22016189	11	0	혼자 충분히 이겨낼 수 있는 문제라 생각하고 꾹꾹 참아 왔더니 속이 너무 답답했었거든요. 이렇게 아빠랑 대화하고 나니까 답답함이 풀리고 너무 후련하네요. 진작에 말씀드릴 걸 그랬나 봐요.	N	2022-08-29 06:45:20	2022-11-08 05:07:43
BE22016189	12	1	그래, 언제든 힘들거나 고민이 있거든 혼자 끙끙 앓지 말고 아빠한테라도 털어놓고 얘기하렴. 그래야 더 잘 이겨낼 수 있는 용기와 힘이 생길 거 같구나.	N	2022-08-29 06:45:20	2022-11-08 05:07:43
BE22016189	13	0	말씀만이라도 너무 감사해요. 항상 제 편에 서서 좋은 말씀을 해주셔서 얼마나 든든하고 감사한지 몰라요. 아빠가 계셔서 앞으로도 어떤 힘든 일이든 잘 헤쳐 나갈 수 있을 것만 같아요.	N	2022-08-29 06:45:20	2022-11-08 05:07:43
BE22016189	14	1	아들이 그렇게 말해주니 아빠가 더 감동적이고 고맙네. 꼭 잘 이겨내서 우리 아들의 씩씩하고 밝은 모습을 다시 볼 수 있으면 좋겠구나.	N	2022-08-29 06:45:20	2022-11-08 05:07:43
BE22016189	15	0	네, 저도 그럴 수 있길 바라면서 열심히 노력해볼게요. 그럼 저녁에 집에서 봬요.	Y	2022-08-29 06:45:20	2022-11-08 05:07:43
