id	utterance_id	utterance_type	utterance_text	terminate	regDate	updDate
BE22016936	1	0	엄마, 요즘 저 고민이 있어요. 제가 정말 좋아하는 웹툰 작가의 작품이 요즘 재미가 없어져서 정말 슬퍼요.	N	2022-09-02 05:45:03	2022-09-02 05:45:03
BE22016936	2	1	흥미를 느끼던 것이 사라지니 공허함도 생길 것 같아. 마음이 많이 상했겠어.	N	2022-09-02 05:45:03	2022-11-08 05:12:19
BE22016936	3	0	맞아요. 그 웹툰을 보기 위해 일주일을 기다리고 있던 것이나 마찬가지였거든요. 그런데 이렇게 재미를 느끼지 못하니 마음 한구석이 텅 빈 것처럼 슬픔이 느껴져요. 이 웹툰 말고는 흥미가 생기는 것이 아직 없어서 정말 고민이에요.	N	2022-09-02 05:45:03	2022-09-02 05:45:03
BE22016936	4	1	엄마도 그 마음 알겠어. 좋아하는 만큼 마음을 많이 썼을 텐데 흥미가 떨어지니 그동안의 마음이 허사가 된 기분일 거야. 엄마였어도 정말 착잡하고 슬픔 기분이 들었을 거야.	N	2022-09-02 05:45:03	2022-11-08 05:12:19
BE22016936	5	0	이렇게 어떤 것이든 금방 흥미를 잃어버리니까 어떤 것에도 정을 붙이기가 쉽지 않아요. 좋아하는 것이 생겨도 금방 흥미가 식을 것을 아니까 요즘엔 적극적으로 무언가를 하는 것도 꺼려지더라고요. 정말 슬프고 속상한 마음이에요.	N	2022-09-02 05:45:03	2022-09-02 05:45:03
BE22016936	6	1	새로운 취미가 생겨도 들이는 노력이 무상하질 거라고 생각하니 기운이 빠지는 느낌이 들겠다. 하지만 취미를 하면서 느끼는 즐거움이 없었던 일이 되는 것은 아니잖아. 좋아하는 것을 하며 즐거움을 느끼는 것이 얼마나 기쁜 일인데.	N	2022-09-02 05:45:03	2022-11-08 05:12:19
BE22016936	7	0	하지만 한 가지 취미를 오래 즐기는 사람들을 보면 정말 대단한 것 같아요. 이렇게 한곳에 정착하지 못하니 떠돌이가 된 것처럼 외로운 마음도 들거든요. 이젠 어떤 것을 즐기기 전에 거부감부터 드니 정말 괴로운 마음이네요.	N	2022-09-02 05:45:03	2022-09-02 05:45:03
BE22016936	8	1	금방 싫증이 나는 것이 아니라 여러 가지를 경험할 수 있는 성격이라고 생각하면 어떨까. 그렇게 생각한다면 정착하지 못한다는 슬픔을 분명 극복할 수 있을 거야. 그리고 취미를 즐기는 것에 두려움도 줄어들 거라고 믿어.	N	2022-09-02 05:45:03	2022-11-08 05:12:20
BE22016936	9	0	정말 그럴까요? 한 가지 취미에 오래 몰두하지 못하는 자신이 미워질 때도 있었거든요. 좋게 생각을 해보려고 해도 잘되지 않았어요.	N	2022-09-02 05:45:03	2022-09-02 05:45:03
BE22016936	10	1	엄마가 볼 때 너는 어떤 것이든 편견을 가지지 않고 즐기는 넓은 마음을 가지고 있어. 그만큼 적극적이고 배우고자 하는 의지가 강하단 뜻이니까 자책하지 마. 취미란 것은 즐거운 마음으로 해야 하는 것이니까 자신감을 가져보자.	N	2022-09-02 05:45:03	2022-11-08 05:12:20
BE22016936	11	0	엄마 말을 들으니까 왠지 기운이 나는 기분이에요. 생각해 보니 그동안 제가 너무 의기소침해 있었던 것 같기도 하네요. 역시 제가 하고 싶은 일이라면 망설이지 말아야겠죠.	N	2022-09-02 05:45:03	2022-11-08 05:12:20
BE22016936	12	1	정말 잘 생각했어. 우리 아들이 이렇게 낙담하지 않고 기운을 내는 모습을 보니 엄마가 다 뿌듯한 마음이야. 이런 마음가짐이라면 앞으로 어떤 취미를 가지더라도 즐거운 마음일 수 있을 거야.	N	2022-09-02 05:45:03	2022-11-08 05:12:20
BE22016936	13	0	이게 다 엄마 덕분이에요. 정말 답답한 마음이었는데 엄마에게 상담하니 전부 해결된 것처럼 마음이 홀가분하네요.	N	2022-09-02 05:45:03	2022-11-08 05:12:20
BE22016936	14	1	원래 털어놓기만 해도 해결되는 문제들이 더러 있잖아. 엄마는 언제나 우리 아들을 응원하니까 자신감을 가져봐.	N	2022-09-02 05:45:03	2022-09-02 05:45:03
BE22016936	15	0	그럴게요. 정말 고마워요, 엄마.	Y	2022-09-02 05:45:03	2022-11-08 05:12:20
