id	utterance_id	utterance_type	utterance_text	terminate	regDate	updDate
BE22004857	1	0	할아버지, 저 오늘 슬프고 충격적인 소식을 들었어요.	N	2022-06-28 15:47:32	2022-11-08 03:55:38
BE22004857	2	1	우리 손주, 무슨 일 있니?	N	2022-06-28 15:47:32	2022-11-08 03:55:38
BE22004857	3	0	친하진 않았지만 알고 지내던 친구가 있었는데, 오늘 그 친구가 죽었다는 소식을 전해 들었어요. 당장 내일이 발인이라 오늘 장례식장에 가야 하는데 실감이 안 나서 갈 엄두도 못 내겠어요.	N	2022-06-28 15:47:32	2022-11-08 03:55:38
BE22004857	4	1	저런, 슬픈 소식을 듣게 되었구나. 마음이 많이 아프겠어.	N	2022-06-28 15:47:32	2022-11-08 03:55:38
BE22004857	5	0	네. 장례식장 몇 번 가보긴 했는데 본인상은 처음이에요. 저랑 가까운 사람에게 이런 슬픈 일이 일어날 줄은 상상도 못했어요. 그냥 소식을 들은 후부터 계속 눈물만 나요.	N	2022-06-28 15:47:32	2022-11-08 03:55:38
BE22004857	6	1	너무도 안타깝구나. 나도 너의 슬픔을 함께하고 싶어. 같이 울면 슬픔은 반이 된다고 하잖니. 할아버지도 마음을 다해 너의 슬픔에 함께하고 싶구나.	N	2022-06-28 15:47:32	2022-11-08 03:55:38
BE22004857	7	0	정말 친구가 불쌍하고 너무 슬퍼요. 저랑 같은 나이니까 너무 젊은 나이잖아요. 갑작스레 이렇게 된 거라서 가족 분들도 슬픔에 잠겨 있을 거예요.	N	2022-06-28 15:47:32	2022-11-08 03:55:38
BE22004857	8	1	그렇겠구나. 상을 당한 가족들까지 생각하고, 마음이 따뜻한 우리 손주. 네가 슬픔을 크게 느끼는 이유도 공감 능력이 좋아서 그런 듯하구나.	N	2022-06-28 15:47:32	2022-11-08 03:55:38
BE22004857	9	0	친구 영정사진을 볼 자신이 없어요.	N	2022-06-28 15:47:32	2022-11-08 03:55:38
BE22004857	10	1	그렇지만 오늘 가지 않으면 오래 후회할지도 몰라. 지금은 슬픔에 잠겨 눈물을 많이 흘린 상태이니, 물을 좀 마시고 휴식을 취해보는 건 어떻겠니?	N	2022-06-28 15:47:32	2022-11-08 03:55:38
BE22004857	11	0	네, 그럴게요. 조금 쉬고 진정한 후에 준비하고 나가야겠어요.	N	2022-06-28 15:47:32	2022-11-08 03:55:38
BE22004857	12	1	그렇게 하자꾸나. 할아버지도 친구의 명복을 함께 빌도록 할게.	N	2022-06-28 15:47:32	2022-11-08 03:55:38
BE22004857	13	0	감사해요, 할아버지. 친구 잘 배웅하도록 할게요.	N	2022-06-28 15:47:32	2022-11-08 03:55:38
BE22004857	14	1	그래, 너도 마음 잘 추스르면 좋겠구나.	N	2022-06-28 15:47:32	2022-11-08 03:55:38
BE22004857	15	0	네, 그래 볼게요.	Y	2022-06-28 15:47:32	2022-11-08 03:55:38
