id	utterance_id	utterance_type	utterance_text	terminate	regDate	updDate
BE22008716	1	0	엄마, 내가 정말 결혼을 한 게 맞는지 모르겠어. 매일같이 독수공방에 정말 슬프다.	N	2022-07-14 02:16:13	2022-11-08 04:20:28
BE22008716	2	1	그렇게 말하니까 걱정된다. 우리 딸 남편이랑 무슨 일 있었니?	N	2022-07-14 02:16:13	2022-11-08 04:20:28
BE22008716	3	0	남편이 장기간 해외 출장을 또 갔어. 다녀온 지 한 달도 안 되었는데 말이야. 결혼 1년 차 부부가 맞나 싶게 같이 있는 날이 손에 꼽을 정도야.	N	2022-07-14 02:16:13	2022-11-08 04:20:28
BE22008716	4	1	우리 딸이 정말 상실감이 크겠다. 남편만 보고 해외에 이민 간 건데, 정작 남편은 다른 나라에 있는 거잖니. 우리 딸 힘들까 봐 걱정돼서 엄마도 밥이 안 넘어가겠어.	N	2022-07-14 02:16:13	2022-11-08 04:20:28
BE22008716	5	0	엄마 걱정할까 봐 말 안 했지만, 나 가끔 후회해. 사랑 하나만 보고 너무 무모하게 이민을 온 거 같아. 외로운 감정이 날 지배해서 자꾸 눈물이 나.	N	2022-07-14 02:16:13	2022-11-08 04:20:28
BE22008716	6	1	우리 딸이 먼 곳에서 이렇게 고생하는 걸 생각하면 엄마 가슴도 같이 찢어진다. 남편 하나만 생각해서 간 타지에서 혼자 있으려면 얼마나 쓸쓸하겠어. 네가 한국에 없다는 생각이 들 때는 엄마한테도 이곳이 타지나 다름없다는 생각이 들어.	N	2022-07-14 02:16:13	2022-11-08 04:20:28
BE22008716	7	0	내가 이 타지에서 외롭게 지내는 걸 누구 탓을 해야 될지 모르겠어. 과거로 돌아가서 남편과 해외 이민을 계획하는 나를 뜯어말리고 싶을 정도야. 날 말리지 못한 가족들도 원망스러울 정도야.	N	2022-07-14 02:16:13	2022-11-08 04:20:28
BE22008716	8	1	네가 떠나고 다들 얼마나 슬펐는데, 마음 같아서는 당연히 끝까지 반대했을 거야. 그런데 가족들이 널 지지해 주지 않으면 누가 널 지지해 주겠니. 우린 항상 네 편이라서, 네 의견이라면 끝까지 반대할 수가 없는 거 알잖니.	N	2022-07-14 02:16:13	2022-11-08 04:20:28
BE22008716	9	0	가족들의 그런 마음을 이용한 내가 잘못이지. 내가 죄인이라 지금 이런 벌을 받고 있는 거야. 나도 내 신세가 이렇게 처량해질 줄은 몰랐어.	N	2022-07-14 02:16:13	2022-11-08 04:20:28
BE22008716	10	1	네가 죄인이라서 벌을 받아야 한다면, 나도 함께 받아야지. 외로울 때는 비록 우리가 멀리 있어도 일심동체인 걸 생각해. 언제나 우리 딸이 힘들거나 외로울 때 연락할 수 있도록 핸드폰 붙잡고 있을게.	N	2022-07-14 02:16:13	2022-11-08 04:20:28
BE22008716	11	0	온전히 내 편이 있다는 게 이렇게 소중하다는 걸 가까이 있을 때는 왜 깨닫지 못했을까. 지금이라도 깨달아서 다행이야. 엄마랑 대화하면서 우울한 감정도 많이 줄었어요.	N	2022-07-14 02:16:13	2022-11-08 04:20:28
BE22008716	12	1	먼 곳에 있기에 깨달을 수 있는 것도 있는 거지. 덕분에 우리 딸과 이렇게 오랫동안 연락할 수 있어서 엄마는 좋은걸. 오히려 같은 집에 살 때는 이런 깊은 속마음까지 서로 이야기하지 못했잖아.	N	2022-07-14 02:16:13	2022-11-08 04:20:28
BE22008716	13	0	그런 장점도 있었네. 나도 이렇게 엄마랑 솔직하게 엄마랑 대화하니까 가슴이 뭉클할 정도야. 멀리 있으니까 부끄러워서 하지 못하던 말도 할 수 있겠어. 엄마 사랑해요!	N	2022-07-14 02:16:13	2022-11-08 04:20:29
BE22008716	14	1	엄마도 우리 딸 엄청 사랑해. 지금은 타지에 있지만, 네 남편이 돌아오면 둘이 같이 한국으로 놀러 오렴. 기다릴게.	Y	2022-07-14 02:16:13	2022-11-08 04:20:29
