id	utterance_id	utterance_type	utterance_text	terminate	regDate	updDate
BE22016269	1	0	엄마, 잘 지내시죠? 저 요즘 마음 슬픈 일이 있어서 엄마한테 연락을 드려요.	N	2022-08-29 12:40:29	2022-11-08 05:08:16
BE22016269	2	1	아들, 오랜만이야. 엄마는 잘 있지, 우리 아들이 고민이 있나 보네. 편하게 얘기하렴.	N	2022-08-29 12:40:29	2022-11-08 05:08:16
BE22016269	3	0	제가 지금 다니고 있는 회사에서 회식이 되게 잦거든요. 그리고 한 번 하면 2, 3차는 기본으로 가는데, 제가 대학원을 다니느라 1차만 하고 가요. 그런데 그게 너무 눈치가 보이는 거 있죠, 그래서 너무 슬픈 마음이에요.	N	2022-08-29 12:40:29	2022-11-08 05:08:16
BE22016269	4	1	그런 일이 있었구나. 우리 아들이 회사에서 회식 때문에 마음고생했다는 얘기를 들으니 엄마도 너무 속상하네. 네가 어쩔 수 없다는 걸 사람들이 이해해 줄 수도 있을 텐데, 서운하고 슬프겠어.	N	2022-08-29 12:40:29	2022-11-08 05:08:16
BE22016269	5	0	다음 날 회사에 출근하면 사람들이 눈치를 주는 것 같고, 불편함이 느껴져요. 대학원을 다닌다는 걸 당당하게 말하기도 어렵고 상황이 참 우울한 것 같아요.	N	2022-08-29 12:40:29	2022-08-29 12:40:29
BE22016269	6	1	네가 이유가 있어서 먼저 가야 했는데도 당당하게 얘기할 수 없는 상황이 무척이나 답답하게 다가왔겠어. 늘 사람들을 배려하고 피해주지 않으려고 애쓰는 우리 아들 성격은 여전하구나. 쉽게 말하지 못해서 속으로 많이 힘들었겠다.	N	2022-08-29 12:40:29	2022-11-08 05:08:16
BE22016269	7	0	그러니까 말이에요, 대학원에 다니면서 이루고자 하는 목표들이 있거든요. 그런데 요즘은 이런 상황도 너무 스트레스를 받으니까 그냥 내려놓을까 싶기도 해요. 회사와 대학원을 동시에 소화하기도 힘든데 눈치까지 봐야 하니까 너무 마음이 우울해져요.	N	2022-08-29 12:40:29	2022-11-08 05:08:16
BE22016269	8	1	우리 아들이 남들보다 더 노력해서 목표를 준비 중인데 그것으로 더 힘든 상황이라니 엄마도 속상하네. 얼마나 스트레스가 많았으면 네가 이런 고민까지 했겠어. 회사에서 친한 직원들은 네 편을 들어주니?	N	2022-08-29 12:40:29	2022-11-08 05:08:16
BE22016269	9	0	친한 직원들은 내 권리니까 너무 눈치 보지 말라고 응원을 해줘요. 그럴 땐 힘이 나지만, 회사의 전체적인 분위기는 그렇지 않아서 금방 또 힘이 빠져요.	N	2022-08-29 12:40:29	2022-11-08 05:08:16
BE22016269	10	1	서로가 힘든 직장 생활에서 힘을 내도록 도와주었으면 좋겠는데, 네 기분도 참 아쉽겠다. 사람들이 어떤 반응을 하더라도 스스로 잘하고 있다고 믿어주고, 응원해주는 건 어때? 다른 사람이 어떻게 반응하더라도 자기 자신을 스스로 믿어주면 남의 반응 때문에 우울한 감정이 잦아들 것 같아.	N	2022-08-29 12:40:29	2022-11-08 05:08:16
BE22016269	11	0	그렇게는 생각하지 못했어요. 주변 눈치를 보다 보니 언제부턴가 저 자신도 잘하고 있다는 확신이 사라진 것 같아요.	N	2022-08-29 12:40:29	2022-11-08 05:08:16
BE22016269	12	1	그런 마음이 충분히 들 수 있지. 그래도 너 자신을 믿어줘야 해. 자기를 스스로 믿어주면, 남들이 내 편에 서지 않더라도 흔들리지 않고 목표를 향해 나갈 수 있을 거야.	N	2022-08-29 12:40:29	2022-11-08 05:08:16
BE22016269	13	0	엄마 말을 듣다 보니까 마음이 한결 나아졌어요. 제가 너무 눈치와 반응을 보다 보니 자신감이 많이 떨어졌던 것 같아요. 사람들의 눈치를 보느라 억지로 회식에 남아서 후회가 남고 싶진 않아요.	N	2022-08-29 12:40:29	2022-11-08 05:08:16
BE22016269	14	1	네 마음이 좋아졌다니 너무 다행이구나. 나도 미소를 짓게 되네. 네 목표를 향해 잘 나아가고 있으니, 너무 남의 반응에 귀를 기울이진 마.	N	2022-08-29 12:40:29	2022-11-08 05:08:16
BE22016269	15	0	그렇게 할게요 엄마, 엄마한테 고민을 말하길 너무 잘한 것 같아요. 그동안 이 문제로 힘들었던 마음들이 다 날아가는 기분이에요. 주말에 집에 가서 남은 얘기를 들려드릴게요.	Y	2022-08-29 12:40:29	2022-11-08 05:08:16
