id	utterance_id	utterance_type	utterance_text	terminate	regDate	updDate
BE22011385	1	0	요즘에 기름값이 너무 올라 자동차를 못 타겠어요. 돈이 별로 없거든요. 회사 일이 힘든데 교통수단까지 이러니 너무 지치고 바뀌지 않는 현실에 슬퍼요.	N	2022-07-24 19:01:40	2022-11-08 04:37:33
BE22011385	2	1	요즘 가격이 많이 올랐더구나. 엄마도 자동차 이용을 최대한 줄이고 있어.	N	2022-07-24 19:01:40	2022-11-08 04:37:33
BE22011385	3	0	월급이 줄어 생활하기 힘든데, 기름값까지 오르니 너무 괴로워요. 그래서 자전거를 타고 다니고 있는데 거리가 멀어 힘드네요. 언제까지 이래야 하나 싶어 막막해서 울컥 눈물이 나지 뭐에요.	N	2022-07-24 19:01:40	2022-11-08 04:37:33
BE22011385	4	1	네가 타지에서 힘들게 생활한다니 마음이 좋지 않지 않구나. 회사가 멀어 너무 벅찰 것 같은걸. 그런 생활을 반복하기가 쉽지 않은 일인데 말이야.	N	2022-07-24 19:01:40	2022-11-08 04:37:33
BE22011385	5	0	게다가 날씨까지 무더워서 자전거를 타고 다니니까 체력이 많이 떨어져요. 이러려고 회사에 왔나 우울감에 무기력해지기도 하네요. 제가 몸이 약하다 보니까 아파서 회사 일을 제대로 해결하지 못하는 것도 너무 슬퍼요.	N	2022-07-24 19:01:40	2022-11-08 04:37:33
BE22011385	6	1	네가 안 그래도 몸이 약한 편인데 이 날씨에 자전거를 타고 다닌다니 걱정되네. 네가 더위를 잘 못 참는 편이잖아. 우리 아들이 너무 고생하고 있겠구나.	N	2022-07-24 19:01:40	2022-11-08 04:37:33
BE22011385	7	0	맞아요. 그래도 자동차를 타기에는 돈이 모자라요. 이 슬픈 현실은 언제쯤 바뀔까요.	N	2022-07-24 19:01:40	2022-11-08 04:37:33
BE22011385	8	1	우리 아들이 너무 힘들고 슬프고 우울하겠다. 하지만 너의 그러한 노력은 널 배신하지 않을 거야. 어떤 식으로든 양분으로 작용하여 너에게 돌아갈 거라고 생각해.	N	2022-07-24 19:01:40	2022-11-08 04:37:33
BE22011385	9	0	그렇게 말씀해주셔서 감사해요. 그래도 회사 가기가 싫고 너무 힘들어요. 매일 이렇게 우는 것도 지겹고요.	N	2022-07-24 19:01:40	2022-11-08 04:37:33
BE22011385	10	1	엄마가 먼 곳에서 직접 도와줄 수 있는 게 없어서 너무 아쉽구나. 하지만, 이 상황도 언젠간 금방 좋아질 거야. 마음을 가볍게 먹고 너무 걱정하지 마.	N	2022-07-24 19:01:40	2022-11-08 04:37:33
BE22011385	11	0	고마워요, 엄마. 그래도 엄마가 위로해주시고 공감해주셔서 어느새 눈물은 멈췄어요.	N	2022-07-24 19:01:40	2022-11-08 04:37:33
BE22011385	12	1	그래도 네가 내 아들인데 어떻게 보고만 있겠어. 우리 아들 그동안 너무 힘들었겠지만, 네가 회사에 적응하고 나서는 지금보다 훨씬 좋아질 거란다. 조금만 참으면 너에게 분명 좋은 일들이 생길 거고.	N	2022-07-24 19:01:40	2022-11-08 04:37:33
BE22011385	13	0	그렇게 말씀해주셔서 감사해요. 누군가의 응원이 필요했나 봐요.	N	2022-07-24 19:01:40	2022-11-08 04:37:33
BE22011385	14	1	우리 아들이 많이 컸네. 먼 곳에서라도 엄마가 너를 응원할게. 그러니 너무 걱정하지 말고 정진하렴.	N	2022-07-24 19:01:40	2022-11-08 04:37:33
BE22011385	15	0	방구석에서 눈물만 흘리다가 엄마가 그렇게 말해주시니 기분이 누그러졌어요. 역시 저는 엄마 아들인가 봐요.	Y	2022-07-24 19:01:40	2022-11-08 04:37:33
