id	utterance_id	utterance_type	utterance_text	terminate	regDate	updDate
BE22018526	1	0	아버지, 좋은 가장이 되는 게 참 힘드네요. 제 마음처럼 되지 않아서 너무 슬퍼요.	N	2022-09-16 08:02:14	2022-09-16 08:02:14
BE22018526	2	1	왜 그래, 무슨 일 있니?	N	2022-09-16 08:02:14	2022-09-16 08:02:14
BE22018526	3	0	아이들이 저랑 점점 멀어지는 것 같아서 어렵게 시간을 내서 캠핑을 준비했거든요. 그런데 폭우로 취소되고 말았어요.	N	2022-09-16 08:02:14	2022-09-16 08:02:14
BE22018526	4	1	저런 가족들과 시간을 보내려고 힘들게 준비했을 텐데. 날씨 조차 네 마음을 몰라주는 것 같아서 서럽겠구나.	N	2022-09-16 08:02:14	2022-11-08 05:21:57
BE22018526	5	0	네, 가족들과 잘 지내고 싶은데 자꾸만 어긋나는 것 같아요. 아이들도 실망해서 각자 자기 방에 들어가 버리고. 전 나름 노력하는데 어떻게 해야 좋을지 모르겠어요.	N	2022-09-16 08:02:14	2022-09-16 08:02:14
BE22018526	6	1	넌 가족들을 위해서 일하는 건데, 그것 때문에 가족들과 멀어지니 힘들지? 아빠도 네 마음 충분히 이해한단다. 두가지 다 잘해내면 좋겠지만 그게 쉽지 않지, 네가 부족해서가 아니야.	N	2022-09-16 08:02:14	2022-11-08 05:21:57
BE22018526	7	0	이러다 아이들과 사이가 점점 멀어지게 될까봐 두려워요. 함께하는 시간이 적어질수록 아이들도 저를 어색해하는 것 같아요.	N	2022-09-16 08:02:14	2022-09-16 08:02:14
BE22018526	8	1	네가 사랑으로 아이들을 대하고, 캠핑까지 준비하면서 노력하고 있잖니 진심은 반드시 전해질 거야. 너도 어릴 땐 아빠를 친근하게 대하지 않았지만 커서는 아빠의 마음을 다 이해했잖니.	N	2022-09-16 08:02:14	2022-11-08 05:21:57
BE22018526	9	0	저는 아버지가 저에게 해주셨던 만큼 저희 아이들에게 못해주는 것 같아요. 캠핑 못가서 실망한 아이들에게 뭔가 해주고 싶은데 떠오르질 않네요. 전 너무 부족한 아빠인 것 같아요.	N	2022-09-16 08:02:14	2022-09-16 08:02:14
BE22018526	10	1	꼭 대단한 걸 하면서 시간을 보내야 한다고 생각하기 보다 소소한 시간들을 챙겨보는 건 어떠니? 아이들은 너와 함께하는 시간 자체로 행복할 거야.	N	2022-09-16 08:02:14	2022-11-08 05:21:57
BE22018526	11	0	그동안 주어진 시간이 없는 만큼, 기회가 생기면 제대로 무언가 해줘야 한다고 생각했어요. 사실 아이들이 저에게 원하는 건 소소한 일상의 관심이었을 지도 모르겠네요. 이제야 아버지가 무슨 말씀을 하시는지 알 것 같아요.	N	2022-09-16 08:02:14	2022-11-08 05:21:57
BE22018526	12	1	넌 지금도 충분히 잘하고 있어. 좋은 부모가 되는 건 누구에게나 어려운 일이란다. 네가 지금처럼 잘 하려고 고민하는 순간들이 다 성장하고 있는 시간이니 너무 슬퍼하지 않았으면 좋겠구나.	N	2022-09-16 08:02:14	2022-11-08 05:21:57
BE22018526	13	0	여전히 아버지는 제 버팀목이자 그늘이 되어주시네요. 정말 감사해요.	N	2022-09-16 08:02:14	2022-11-08 05:21:58
BE22018526	14	1	내가 너에게 그런 존재라니 눈물이 나려고 하는구나. 힘들 땐 언제든 연락하렴.	Y	2022-09-16 08:02:14	2022-11-08 05:21:58
