id	utterance_id	utterance_type	utterance_text	terminate	regDate	updDate
BE22016475	1	0	아, 엄마 저 이제 퇴근하고 나왔어요. 날이 되게 춥네요.	N	2022-08-30 07:53:34	2022-11-08 05:09:32
BE22016475	2	1	그랬구나. 늦은 시간은 아니니 금방 도착하겠지? 엄마가 맛있는 저녁 차려놓을게.	N	2022-08-30 07:53:34	2022-08-30 07:53:34
BE22016475	3	0	짐이 많아서 택시를 잡아야 하는데 쉽지 않네요. 연말이라 그런가 봐요. 일도 힘든데 연말의 분위기랑 대비돼서 울적하네요.	N	2022-08-30 07:53:34	2022-08-30 07:53:34
BE22016475	4	1	날도 춥고 짐도 많은 날에 택시마저 안 잡히면 정말 속상하겠구나. 엄마도 그럴 땐 차라리 걸어갈까 싶은 생각이 들던데. 우리 아들 힘들겠어.	N	2022-08-30 07:53:34	2022-11-08 05:09:33
BE22016475	5	0	네 맞아요. 다른 사람들은 연말이라고 저렇게 들떠 있는데 저만 회사에서 이렇게 고생했나 싶기도 하고 그래요. 저도 소소하게 연말 분위기도 즐기고 싶은데 그래 본 지가 언젠지 모르겠네요. 무얼 위해서 제가 고생하는지도 이젠 희미하고요.	N	2022-08-30 07:53:34	2022-11-08 05:09:33
BE22016475	6	1	연말은 특히 다들 들뜨는 그런 시기인데 더 비교되니 우울하기도 하겠구나. 그래도 우리 아들이 고생한 게 물거품이라고 생각하면 너무 속상하지 않겠어? 어쩌다 연말 분위기와 겹친 거라고 생각하고 버티면 곧 좋은 날이 올 거야.	N	2022-08-30 07:53:34	2022-11-08 05:09:33
BE22016475	7	0	이 고생이 정말 끝날까요? 오늘도 우리 팀 말고는 다들 회식이나 약속이라며 6시 되자마자 퇴근하는데. 지금 이렇게 우리만 고생하는 게 의미가 있나 하는 생각이 들면서 울적하더라고요.	N	2022-08-30 07:53:34	2022-11-08 05:09:33
BE22016475	8	1	우리 아들이 이렇게 고생해서 해낸 프로젝트라면 분명 성공할 거야. 그래도 이제 마무리 단계라고 하지 않았니? 이렇게 연말연시에 바쁘게 일하는 팀이라면 분명 엄청난 성과를 낼 거야.	N	2022-08-30 07:53:34	2022-11-08 05:09:33
BE22016475	9	0	그렇겠죠? 회사 일로 부모님께 투정 부린다는 게 조금은 창피했는데 엄마가 그렇게 말씀해주시니 기분이 조금은 풀리네요. 감사해요.	N	2022-08-30 07:53:34	2022-11-08 05:09:33
BE22016475	10	1	엄마도 오랫동안 사회 생활하면서 아들 같은 일이 없었던 게 아냐. 그래도 꾹 참고 묵묵히 할 일을 하다 보면 언젠가 꼭 보상받더라. 우리 아들도 그걸 알면 조금 덜 우울하지 않을까 싶어서 해본 말이란다.	N	2022-08-30 07:53:34	2022-11-08 05:09:33
BE22016475	11	0	감사해요, 엄마. 사실 요새 너무 힘들어서 도중에 그만둬버릴까 생각도 했었어요. 그래도 엄마 말씀 듣고 버텨볼래요. 정말 거의 다 온 프로젝트거든요.	N	2022-08-30 07:53:34	2022-11-08 05:09:33
BE22016475	12	1	힘들면 포기하고 싶단 생각이 드는 건 당연한 거란다. 우리 아들이 그런 생각까지 했어도 맡은 바에 최선을 다하는 모습이 정말 대견하구나. 책임감 있는 모습 덕에 다른 팀원들 사기 진작에도 도움이 됐겠는걸?	N	2022-08-30 07:53:34	2022-11-08 05:09:33
BE22016475	13	0	하하. 감사해요. 우리 팀 모두 저를 많이 지지해줘서 제가 이렇게 버틸 수 있었나 봐요. 물론 엄마의 위로도 큰 버팀목이 되었고요. 저 이제 택시 타요!	N	2022-08-30 07:53:34	2022-11-08 05:09:33
BE22016475	14	1	그래. 내가 도움이 되었다니 다행이구나. 어서 오렴!	Y	2022-08-30 07:53:34	2022-11-08 05:09:33
