id	utterance_id	utterance_type	utterance_text	terminate	regDate	updDate
BE22008653	1	0	아버지, 죄송해요. 인제 그만해야 할 것 같아요. 이번 시험에는 꼭 붙을 줄 알았는데. 못난 모습만 보여 드려서 정말 죄송해요.	N	2022-07-13 14:10:25	2022-11-08 04:20:04
BE22008653	2	1	밥은 먹었니? 속상하다고 밥도 안 먹고 그런 건 아니지. 진짜 열심히 하던데 실망이 크겠구나. 그런데 네 꿈이었는데 그만두어도 괜찮겠어.	N	2022-07-13 14:10:25	2022-11-08 04:20:04
BE22008653	3	0	꼭 이루고 싶기는 했어요. 그렇지만 해도 안 되잖아요. 주위 사람들 보기도 그렇고 자존심도 상하고요. 정말 열심히 했는데 이젠 그만 포기할래요.	N	2022-07-13 14:10:25	2022-11-08 04:20:04
BE22008653	4	1	그래 알았다 네가 후회하지 않는다면 나는 괜찮다. 하지만 후회할 것 같으면 한 번 더 도전해도 된다. 주위의 시선이 아니라 진짜 너를 위한 결정이길 바란다.	N	2022-07-13 14:10:25	2022-11-08 04:20:04
BE22008653	5	0	사실 잘 모르겠어요. 늘 아깝게 떨어지니 내가 조금만 더하면 될 것 같기도 하고요. 또 막상 꿈을 포기하려니 앞으로는 뭘 해야 할지 답답해요.	N	2022-07-13 14:10:25	2022-11-08 04:20:04
BE22008653	6	1	그래 마음이 복잡하고 힘들겠지. 그래도 늘 신중하게 생각하고 결정하던 너였는데. 왠지 이번 결정은 감정적인 것 같아 걱정이구나.	N	2022-07-13 14:10:25	2022-11-08 04:20:04
BE22008653	7	0	제가 다시 도전하면 합격할 수 있을까요. 사실 한 번 더 하고 싶은데 부모님께 죄송해서요. 주위 시선도 신경 쓰이고요 지금은 자신도 없어요.	N	2022-07-13 14:10:25	2022-11-08 04:20:04
BE22008653	8	1	가장 어두울 때 가장 빛나는 태양이 뜬다고 했다. 넌 분명히 잘 해낼 수 있을 거야 오로지 네 마음이 어떤지만 생각하고 결정해라. 나는 어떤 결정을 내리든 널 믿는다.	N	2022-07-13 14:10:25	2022-11-08 04:20:04
BE22008653	9	0	믿어 주셔서 감사해요. 제 생각에도 너무 감정적이었던 것 같아요. 그냥 제 슬픈 감정에만 빠져있었어요.	N	2022-07-13 14:10:25	2022-11-08 04:20:04
BE22008653	10	1	나는 네가 정말 하고 싶다면 후회가 남지 않길 바란다. 지금의 실패가 네 인생의 전부는 아니다. 도전의 과정을 잘 이겨냈다면 떨어져도 넌 실패한 게 아니다 그러니 힘을 내 보아라.	N	2022-07-13 14:10:25	2022-11-08 04:20:04
BE22008653	11	0	정말 그래도 될까요. 지금 기분은 도저히 안 될 것 같아요. 하지만 지금 포기하면 한편으로는 늘 후회할 것 같아요.	N	2022-07-13 14:10:25	2022-11-08 04:20:04
BE22008653	12	1	네 삶의 주인은 바로 너다. 목표를 세우고 나아가는 것은 언제나 멋진 일이다.	N	2022-07-13 14:10:25	2022-11-08 04:20:04
BE22008653	13	0	정말 실패하더라도 배우는 게 있을까요.	N	2022-07-13 14:10:25	2022-11-08 04:20:05
BE22008653	14	1	당연하지. 넌 최선을 다하면 된다. 결과와 상관없이 최선을 다하면 분명 괜찮을 거다.	N	2022-07-13 14:10:25	2022-11-08 04:20:05
BE22008653	15	0	감사해요. 다시 한번 더 신중히 생각해 보고 결정할게요.	N	2022-07-13 14:10:25	2022-11-08 04:20:05
BE22008653	16	1	그래라. 우리 아들 다시 힘내보자.	Y	2022-07-13 14:10:25	2022-11-08 04:20:05
