id	utterance_id	utterance_type	utterance_text	terminate	regDate	updDate
BE22017838	1	0	그동안 꾹 참아왔는데 오늘은 유독 햄버거를 먹고 싶어서 슬퍼요. 병원 밥은 정말 지긋지긋해서 더 이상 입에도 대기가 싫어져요.	N	2022-09-13 04:23:14	2022-11-08 05:17:50
BE22017838	2	1	우리 아들이 그동안 쌓였던 울분이 터졌구나. 먹고 싶은 음식도 제대로 못 먹는 건 정말 속상한 일이지. 우리 아들이 이렇게 힘들어하는 모습을 보니까 아빠도 덩달아 가슴이 미어지네.	N	2022-09-13 04:23:14	2022-11-08 05:17:50
BE22017838	3	0	오랜 병원 생활도 아픈 치료들도 낫기를 기다리면서 견뎌 왔어요. 남들은 쉽게 먹는 햄버거를 저는 먹을 수 없다는 사실에 눈물이 날 정도예요.	N	2022-09-13 04:23:14	2022-09-13 04:23:14
BE22017838	4	1	우리 아들이 얼마나 씩씩하게 병원 생활을 했는지는 아빠가 더 잘 알지. 누구보다도 밝게 힘든 내색하지 않는 모습이 얼마나 대견했는지 몰라.	N	2022-09-13 04:23:14	2022-11-08 05:17:50
BE22017838	5	0	햄버거를 너무 먹고 싶어서 정말 우울하고 기분이 안 좋아요. 실망스러운 마음을 어떻게 해야 할지 모르겠어요.	N	2022-09-13 04:23:14	2022-11-08 05:17:50
BE22017838	6	1	우리 아들의 슬픈 마음을 아빠는 충분히 이해해. 먹고 싶은 것을 먹지 못하는 고통은 이루 말할 수가 없을 거야.	N	2022-09-13 04:23:14	2022-11-08 05:17:50
BE22017838	7	0	언젠가는 나을 수 있다는 희망을 가지고 열심히 이겨냈는데 오늘따라 햄버거 하나에 무너지네요. 정말 참담한 심정을 감출 수가 없어요.	N	2022-09-13 04:23:14	2022-09-13 04:23:14
BE22017838	8	1	실제로도 너의 노력 덕분에 차도가 보이고 있잖니. 희망을 잃지 않고 조금 더 애쓰다 보면 이겨 낼 수 있을 거야. 고지가 멀지 않았으니 우리 조금 더 힘내보자.	N	2022-09-13 04:23:14	2022-11-08 05:17:50
BE22017838	9	0	아버지의 위로 덕분에 기분이 조금은 환기가 되네요. 조금 전까지 정말 눈물이 눈 앞을 가렸는데 조금은 가라앉았어요. 그동안 했던 노력 물거품이 되지 않도록 조금 더 힘내서 퇴원 후에 햄버거 먹을래요.	N	2022-09-13 04:23:14	2022-11-08 05:17:50
BE22017838	10	1	우리 아들 기분이 나아졌다니 아빠는 정말 안심이구나. 퇴원 후라면 아빠가 햄버거를 얼마든지 사줄 수 있단다.	N	2022-09-13 04:23:14	2022-11-08 05:17:50
BE22017838	11	0	어제보다 저 노력해서 퇴원할 수 있도록 더 나아지도록 해볼래요. 희망이 생기니 기분이 점점 더 나아지려고 해요.	N	2022-09-13 04:23:14	2022-11-08 05:17:50
BE22017838	12	1	언제나 긍정적인 너의 모습에 아빠는 정말 흐뭇해지는구나. 아들, 정말 잘 해오고 있고 앞으로도 잘 할 수 있도록 아빠가 도와줄게.	N	2022-09-13 04:23:14	2022-11-08 05:17:50
BE22017838	13	0	지금까지 아빠의 사랑 덕분에 힘낼 수 있었던걸요. 오늘의 위로와 격려로 더 많은 힘을 얻었어요.	N	2022-09-13 04:23:14	2022-11-08 05:17:50
BE22017838	14	1	우리 아들이 지치지 않도록 더 큰 지지를 보여줄게. 힘든 일 있으면 언제든지 말해주렴.	Y	2022-09-13 04:23:14	2022-11-08 05:17:50
