id	utterance_id	utterance_type	utterance_text	terminate	regDate	updDate
BE22006330	1	0	딸, 엄마가 요즘 즐겨보는 주말 드라마 기억해?	N	2022-07-05 10:26:06	2022-11-08 04:05:07
BE22006330	2	1	네. 기억하죠! 엄마가 좋아하는 배우가 출연한다고 해서 주말마다 챙겨보셨잖아요.	N	2022-07-05 10:26:06	2022-11-08 04:05:07
BE22006330	3	0	맞아. 배우 때문에 챙겨본 것도 맞지만 엄마가 좋아하는 주제여서 챙겨본 건데 점점 실망스럽네.	N	2022-07-05 10:26:06	2022-11-08 04:05:07
BE22006330	4	1	왜요? 드라마 전개가 마음에 들지 않으세요?	N	2022-07-05 10:26:06	2022-11-08 04:05:07
BE22006330	5	0	아니, 꼭 그런 건 아닌데 내용이 점점 산으로 가고 있더라고.	N	2022-07-05 10:26:06	2022-11-08 04:05:07
BE22006330	6	1	아 정말요? 그 드라마 방송하기 전부터 꼭 보겠다고 말씀하셨던 것 같은데 많이 실망하셨겠어요.	N	2022-07-05 10:26:06	2022-11-08 04:05:07
BE22006330	7	0	응, 너도 알다시피 엄마가 최근에 직장을 그만둬서 이제야 드라마 볼 시간이 생겼잖니. 오랜만에 몰입해서 볼 수 있는 시간이 생겨서 기뻤는데 이렇게 돼서 김이 조금 샜네.	N	2022-07-05 10:26:06	2022-11-08 04:05:07
BE22006330	8	1	그 마음 저도 알 것 같아요. 저도 힘든 업무를 끝내고 스스로에게 보상을 주려고 했던 계획이 틀어지면 실망도 크고 힘이 빠지더라고요.	N	2022-07-05 10:26:06	2022-11-08 04:05:07
BE22006330	9	0	그러게 말이야. 퇴직하고 드라마 보는 낙으로 시간을 보내려고 했더니 첫 단추부터 잘못 꿰어진 것 같아서 조금 슬프네.	N	2022-07-05 10:26:06	2022-11-08 04:05:07
BE22006330	10	1	혹시 다른 드라마 보는 건 어떠세요? 최근에 종영한 드라마 중에 엄마가 좋아하실만한 드라마가 있어서요. 그럴 때는 아예 다른 드라마를 보는 게 기분에 훨씬 도움이 되더라고요.	N	2022-07-05 10:26:06	2022-11-08 04:05:07
BE22006330	11	0	정말이니? 엄마는 너무 좋지! 어떤 드라마야?	N	2022-07-05 10:26:06	2022-11-08 04:05:07
BE22006330	12	1	이건 월화 드라마였는데 엄마가 보시던 드라마랑 비슷한 내용이긴 하지만 용두사미로 끝났다는 평이 많더라고요. 결말도 보장된 거라 전개가 산으로 갈 걱정은 안 하셔도 될 거예요.	N	2022-07-05 10:26:06	2022-11-08 04:05:07
BE22006330	13	0	이미 종영한 드라마라 내용 전개를 걱정할 필요가 없어서 마음 편하게 볼 수 있겠다!	N	2022-07-05 10:26:06	2022-11-08 04:05:07
BE22006330	14	1	네. 제가 이따가 드라마 제목이랑 방송사 보내드릴게요. 커피랑 디저트 드시면서 재밌게 보세요.	N	2022-07-05 10:26:06	2022-11-08 04:05:08
BE22006330	15	0	그래. 딸아 고마워. 나이 먹으니까 딸만한 친구가 없는 것 같네. 기분이 조금 꿀꿀했는데 딸 덕분에 나아졌어. 드라마 재미있게 볼게.	N	2022-07-05 10:26:06	2022-11-08 04:05:08
BE22006330	16	1	저도 엄마랑 친구처럼 지낼 수 있어서 기분 좋아요. 드라마 때문에 실망한 마음은 새로운 드라마로 다시 나아지길 바랄게요!	Y	2022-07-05 10:26:06	2022-11-08 04:05:08
