id	utterance_id	utterance_type	utterance_text	terminate	regDate	updDate
BE22008171	1	0	엄마 나 슬퍼.	N	2022-07-12 09:05:40	2022-11-08 04:16:57
BE22008171	2	1	딸 무슨 일이야? 왜 슬퍼.	N	2022-07-12 09:05:40	2022-11-08 04:16:57
BE22008171	3	0	밥을 차리는데 김치가 하나도 없어. 그래서 엄마가 너무 보고 싶어.	N	2022-07-12 09:05:40	2022-11-08 04:16:57
BE22008171	4	1	우리 딸 김치 없으면 밥 못 먹는데 어쩌니. 그렇지 않아도 어제 겉절이를 했는데 우리 딸이 많이 생각나더구나. 김치 하는 날이면 네가 옆에서 엄마나 한 입만 하면서 왔었는데.	N	2022-07-12 09:05:40	2022-11-08 04:16:57
BE22008171	5	0	엄마가 김치 할 때 옆에서 그렇게 먹는 게 정말 맛있었던 기억이 나. 엄마, 엄마랑 살 때는 몰랐는데... 이렇게 혼자 살게 되니까 엄마가 얼마나 반찬을 잘했는지 알 것 같아.	N	2022-07-12 09:05:40	2022-11-08 04:16:57
BE22008171	6	1	아마 내 반찬이 맛있는 게 아니라 우리 딸이 맛있게 먹어 준 거였을 꺼야. 김치 할 때도 오물오물 잘 먹었던 네 덕에 일이 힘든지도 몰랐단다. 아휴 우리 딸 너무 보고 싶네.	N	2022-07-12 09:05:40	2022-11-08 04:16:57
BE22008171	7	0	나도 엄마 보고 싶어. 엄마랑 살 때는 김치 하나만 있어도 밥 두 공기는 뚝딱이었는데. 너무 먹고 싶다 우리 엄마 김치.	N	2022-07-12 09:05:40	2022-11-08 04:16:57
BE22008171	8	1	우리 딸 김치 잘 먹는 건 어릴 때부터 유명했지. 엄마가 얼마나 좋아했다고. 네가 김치를 하도 잘 먹어서 다른 아기 엄마들한테 어깨도 으쓱했어.	N	2022-07-12 09:05:40	2022-11-08 04:16:57
BE22008171	9	0	맞아. 다른 애들은 안 먹는데 나는 잘 먹는다고 엄마가 좋아했어. 기억난다.	N	2022-07-12 09:05:40	2022-11-08 04:16:57
BE22008171	10	1	그런 우리 딸이 김치가 없다니 엄마가 마음이 아프네. 좀 가까이 살았으면 자주 들려서 반찬 좀 해다 줄 텐데. 이번 주말에 김치 좀 해줄까?	N	2022-07-12 09:05:40	2022-11-08 04:16:57
BE22008171	11	0	정말? 나는 엄마 김치면 다른 반찬이 필요 없지. 근데 엄마 힘들지 않아? 여기 너무 멀잖아.	N	2022-07-12 09:05:40	2022-11-08 04:16:57
BE22008171	12	1	우리 딸 먹는다는데 뭐가 힘들겠어. 한두 시간이면 금방 가. 딸 보러 가는데 뭐가 힘들겠니. 오히려 자주 못 해줘서 미안하지.	N	2022-07-12 09:05:40	2022-11-08 04:16:57
BE22008171	13	0	역시 엄마가 최고다. 엄마 없었으면 나 어떻게 살았을까.	N	2022-07-12 09:05:40	2022-11-08 04:16:57
BE22008171	14	1	우리 딸은 야무져서 잘 살았을 거야. 보고 싶네, 우리 딸. 엄마가 김치랑 반찬들 맛있게 해서 가져다줄 테니까 조금만 기다려.	N	2022-07-12 09:05:40	2022-11-08 04:16:57
BE22008171	15	0	나도 엄마 많이 보고 싶다. 엄마 언제나 사랑해. 기다리고 있을게 주말에 만나요.	Y	2022-07-12 09:05:40	2022-11-08 04:16:57
