id	utterance_id	utterance_type	utterance_text	terminate	regDate	updDate
BE22016746	1	0	엄마 나 갑자기 옛날 일이 너무 후회돼서 슬퍼.	N	2022-08-31 07:00:04	2022-11-08 05:11:13
BE22016746	2	1	왜 무슨 일인데 그래?	N	2022-08-31 07:00:04	2022-08-31 07:00:04
BE22016746	3	0	우리 아이가 유학 가고 싶나 봐. 근데 내가 아이를 보내줄 만큼의 경제적인 여유가 없잖아. 그래서 이혼을 괜히 했나 싶어서 후회하는 중이야.	N	2022-08-31 07:00:04	2022-11-08 05:11:13
BE22016746	4	1	아이고 우리 딸, 갑자기 그런 생각을 했어? 사는 게 힘들다 보면 나를 원망하는 게 가장 편한 일이긴 해. 엄마도 자주 그랬었고 하지만 내 딸은 안 그랬으면 좋겠어.	N	2022-08-31 07:00:04	2022-11-08 05:11:13
BE22016746	5	0	내가 외벌이다 보니까 지금도 겨우 아이 학원을 보내고 있는 처지잖아. 남편이랑 같이 돈을 벌었다면 힘들겠지만 아이 유학은 보낼 수 있을 거라는 생각이 들었어.	N	2022-08-31 07:00:04	2022-11-08 05:11:13
BE22016746	6	1	네가 얼마나 마음이 심란했으면 힘들게 내린 결정을 후회하고 있을까. 엄마가 정말 속상하네.	N	2022-08-31 07:00:04	2022-11-08 05:11:13
BE22016746	7	0	내 아이를 생각해서라도 참고 살았으면 가고 싶어 하는 유학 정도는 보내줄 수 있었을 텐데. 내 감정이 뭐가 중요하다고 그렇게 큰일을 결정했을까.	N	2022-08-31 07:00:04	2022-11-08 05:11:13
BE22016746	8	1	엄마로서 아이를 부족함 없이 잘 키우면 좋겠지. 하지만 아이를 키우는 데 있어서 돈이 전부는 아니야. 그러니까 너무 슬퍼하지 마.	N	2022-08-31 07:00:04	2022-11-08 05:11:13
BE22016746	9	0	전부는 아니지만 지금 내가 하는 고민의 반 이상은 줄어들 것 같아. 난 열심히 일하면 나 혼자서도 충분히 아이를 잘 키울 수 있을 거라고 생각했어. 하지만 지금은 그게 아니라는 확신이 들어서 내 과거가 너무 후회스러워.	N	2022-08-31 07:00:04	2022-11-08 05:11:13
BE22016746	10	1	무슨 소리야. 나는 네가 정말 대단한 엄마라고 생각해. 아무리 힘들어도 불평이나 불만 없이 아이에게 최선을 다하고 있잖아.	N	2022-08-31 07:00:04	2022-11-08 05:11:13
BE22016746	11	0	나 혼자서 아이를 키우겠다고 결정했으니까 책임을 다하는 것뿐이야. 그 정도 약속은 누구나 다 지키는 거잖아.	N	2022-08-31 07:00:04	2022-11-08 05:11:13
BE22016746	12	1	스스로 한 약속을 꾸준히 지키는 것만큼 어려운 일은 없어. 넌 그 어려운 일을 오랫동안 해오고 있는 거야. 그런 모습을 자식에게 보여주는 것만큼 값진 건 없어.	N	2022-08-31 07:00:04	2022-11-08 05:11:13
BE22016746	13	0	그렇게 말해줘서 고마워 엄마. 요즘 마음이 약해져서 괜한 후회를 했나 봐.	N	2022-08-31 07:00:04	2022-11-08 05:11:13
BE22016746	14	1	누구나 흔들리는 시기는 찾아오기 마련이야. 그럴 때마다 후회하는 것보다 엄마에게 속 이야기를 털어놓으렴.	N	2022-08-31 07:00:04	2022-11-08 05:11:13
BE22016746	15	0	엄마 덕분에 내가 아이를 잘 지킬 수 있는 것 같아. 항상 고마워.	Y	2022-08-31 07:00:04	2022-11-08 05:11:13
