id	utterance_id	utterance_type	utterance_text	terminate	regDate	updDate
BE22006811	1	0	엄마. 전 잘하는 게 없는 걸까요?	N	2022-07-07 06:42:44	2022-11-08 04:08:21
BE22006811	2	1	그게 무슨 말이니. 왜 그렇게 생각하게 된 거야?	N	2022-07-07 06:42:44	2022-11-08 04:08:21
BE22006811	3	0	엄마도 제가 웹 소설 대회에 꾸준히 참여하고 있는 거 아시죠? 전 단 한 번도 입상을 한 적이 없잖아요. 저에겐 재능이 없는 거 같아요.	N	2022-07-07 06:42:44	2022-11-08 04:08:21
BE22006811	4	1	네가 얼마나 기분이 상했을지 상상만 해도 가슴이 찢어진다. 너의 슬퍼하는 모습을 보니 마음이 정말 아파. 나만 안된다는 그 기분을 엄마도 잘 알아서 너무 속상하구나.	N	2022-07-07 06:42:44	2022-11-08 04:08:21
BE22006811	5	0	다른 친구들은 한 번씩 입상하는데 저만 못하니까 뒤처지는 기분도 들고 모든 게 하기 싫어져요. 삶의 의욕도 없어지고요.	N	2022-07-07 06:42:44	2022-11-08 04:08:21
BE22006811	6	1	우리 딸이 그런 생각을 하고 있었구나. 당연히 그렇게 느낄 수 있다고 생각해. 하지만 그건 절대 네가 재능이 없기 때문이 아니야.	N	2022-07-07 06:42:44	2022-11-08 04:08:21
BE22006811	7	0	정말 그럴까요? 하지만 다른 친구들이 저보다 앞서가는 기분이 자꾸 드는걸요.	N	2022-07-07 06:42:44	2022-11-08 04:08:21
BE22006811	8	1	다른 사람과 너를 비교하면서 슬퍼할 필요 없단다. 너와 그 친구들은 다르니까 신경 쓰면서 우울감에 빠져있을 필요 없어. 우리 딸만의 장점을 돋보이게 만들면 되지.	N	2022-07-07 06:42:44	2022-11-08 04:08:21
BE22006811	9	0	저만의 장점이 있을까요? 전 입상을 한 번도 못했는걸요. 제가 틀린 건 아니겠죠.	N	2022-07-07 06:42:44	2022-11-08 04:08:21
BE22006811	10	1	물론 절대 아니지. 그저 우리 딸을 발견하지 못했을 뿐이고 그 사람들의 취향과 달랐을 뿐이야. 우리 딸은 상상력이 풍부하니까 그 장점을 돋보이게 해보면 어떨까?	N	2022-07-07 06:42:44	2022-11-08 04:08:21
BE22006811	11	0	그렇게 생각하니 조금 마음이 나아지는 거 같아요. 제가 모든 사람의 취향에 맞출 수는 없으니까요. 엄마 말씀대로 제 장점을 돋보이는 글을 써보도록 할게요.	N	2022-07-07 06:42:44	2022-11-08 04:08:21
BE22006811	12	1	그래. 그렇게 한다면 분명 우리 딸의 진가를 알아주는 사람이 나올 거야. 엄마가 옆에서 본 우리 딸은 늘 자신감이 넘치고 끈기가 있으니까 잘 해낼 수 있어.	N	2022-07-07 06:42:44	2022-11-08 04:08:21
BE22006811	13	0	엄마가 그렇게 말해주니 다시 글을 써보고 싶다는 생각이 들어요. 너무 저답지 않은 모습을 보여서 죄송해요. 역시 전 글을 쓸 때 가장 행복한가 봐요.	N	2022-07-07 06:42:44	2022-11-08 04:08:21
BE22006811	14	1	괜찮아. 다시 힘내서 도전해 보자. 우리 딸은 분명히 이룰 수 있을 거라고 믿어. 엄마가 옆에서 끝까지 응원할 테니까 언제든 기대도 좋아.	N	2022-07-07 06:42:44	2022-11-08 04:08:21
BE22006811	15	0	엄마가 응원해 주시니 다시 도전해 봐야겠다는 생각이 들어요. 고마워요.	Y	2022-07-07 06:42:44	2022-11-08 04:08:21
