id	utterance_id	utterance_type	utterance_text	terminate	regDate	updDate
BE22010443	1	0	아빠, 나는 사무직 일이 정말 안 맞는 것 같아요.	N	2022-07-20 05:43:11	2022-11-08 04:31:37
BE22010443	2	1	우리 아들이 왜 그렇게 생각했을까?	N	2022-07-20 05:43:11	2022-11-08 04:31:37
BE22010443	3	0	밖에 나갈 수도 없고 하루 종일 앉아만 있어야 하는데, 그게 좀 스트레스인 것 같아요. 활동량이 너무 적기도 하고요. 앞으로 평생 이 일을 해야 한다고 생각하면 한없이 슬퍼져요.	N	2022-07-20 05:43:11	2022-11-08 04:31:37
BE22010443	4	1	우리 아들이 그런 이유로 많이 속상했구나. 아빠도 한때는 아빠 직업이 안 맞는 것 같다는 생각에 많은 고민을 한 적이 있었는데. 우리 아들의 슬픔이 잘 이해되네.	N	2022-07-20 05:43:11	2022-11-08 04:31:37
BE22010443	5	0	아빠도 그러신 적 있으셨어요? 제 주변 직장 동료들은 일을 재미있게 잘 즐기는 것 같아요. 유독 저에게만 문제가 있는 기분이라 슬프더라구요.	N	2022-07-20 05:43:11	2022-11-08 04:31:37
BE22010443	6	1	그게 어떻게 아들만의 고민이겠어. 아빠도 어릴 적에 남들이 하는 직업 따라 했다가 중간에 얼마나 힘들고 슬퍼했었는데. 그때 고민을 많이 해서 그런지 얼마나 힘들고 슬픈지 잘 알지.	N	2022-07-20 05:43:11	2022-11-08 04:31:37
BE22010443	7	0	아빠는 그때 어떻게 하셨어요? 저는 요즘 기분이 안 좋으니까 일하는 것도 싫은데 몸도 안 좋아지는 기분이에요.	N	2022-07-20 05:43:11	2022-11-08 04:31:37
BE22010443	8	1	먼저 감정을 어떻게 마주하면 좋을지 생각해보는 게 좋을 것 같아. 물론 지금은 슬플 수 있지만, 그 감정을 이겨내면 오히려 나중에는 일하면서 행복한 순간이 있을걸?	N	2022-07-20 05:43:11	2022-11-08 04:31:37
BE22010443	9	0	맞아요, 감정도 제가 마주하기 나름인 거죠. 근데 사실 슬픔은 어떻게 해야 하는지 잘 모르겠어요. 요즘 계속 우울하기만 한걸요.	N	2022-07-20 05:43:11	2022-11-08 04:31:37
BE22010443	10	1	그러면 지금을 한번 기회로 생각해보는 건 어때? 이번이 진정 너와 잘 어울리는 직업을 찾기위한 상황인 거지! 슬픔은 마냥 내버려두면 커지기만 하니까, 다른 관점을 찾아보자!	N	2022-07-20 05:43:11	2022-11-08 04:31:37
BE22010443	11	0	아 그것도 정말 좋은 생각인 것 같아요! 요즘 한없이 슬픔 속에 있었는데, 아빠 덕분에 길을 찾은 느낌이에요.	N	2022-07-20 05:43:11	2022-11-08 04:31:37
BE22010443	12	1	살다 보면 그런 슬픔을 마주하는 날이 꼭 오더라고. 그럴 때 피하는지, 아니면 마주보고 정복하는지가 굉장히 중요하니까! 우리 아들은 꼭 이겨내면 좋겠어.	N	2022-07-20 05:43:11	2022-11-08 04:31:37
BE22010443	13	0	네! 이번을 기회로 스스로에 대해 많이 생각해보고, 맞는 직업을 잘 찾아볼게요!	N	2022-07-20 05:43:11	2022-11-08 04:31:37
BE22010443	14	1	좋아, 우리 아들 대견하네. 그리고 혹시 알아? 나중에는 결국 사무직이 잘 맞는 직업이라고 생각할 수도 있지!	N	2022-07-20 05:43:11	2022-11-08 04:31:37
BE22010443	15	0	맞아요, 열린 마음을 가지고 열심히 찾아봐야겠어요. 감사해요!	Y	2022-07-20 05:43:11	2022-11-08 04:31:37
