id	utterance_id	utterance_type	utterance_text	terminate	regDate	updDate
BE22015367	1	0	엄마, 다음 주 주말에 엄마표 청국장 먹으러 집에 내려갈래요.	N	2022-08-23 09:53:03	2022-08-23 09:53:03
BE22015367	2	1	갑작스러운 우리 아들의 연락에 엄마는 너무나 반가워서 기쁘네. 그런데 청국장 이야기는 뭘까?	N	2022-08-23 09:53:03	2022-08-23 09:53:03
BE22015367	3	0	밖에선 아무리 사 먹어도 엄마가 만든 청국장 맛은 안 나더라고요. 그래도 파는 곳이 얼마 없어 회사 식당에서 나오면 종종 먹는 편이에요. 그런데 슬프게도 청국장이 나오는 오늘은 중요한 미팅이 있어서 못 먹었어요.	N	2022-08-23 09:53:03	2022-08-23 09:53:03
BE22015367	4	1	저런, 먹고 싶었던 건데 하필 오늘이 미팅 자리라니 냄새 때문에 조심스러웠겠구나. 우리 아들 청국장 못 먹어서 서운했겠다. 타지의 낯선 환경에서 일하는 것도 힘들 텐데 먹고 싶은 것도 못 먹었다니 마음이 먹먹하네.	N	2022-08-23 09:53:03	2022-08-23 09:53:03
BE22015367	5	0	오늘은 유난히도 청국장을 먹고 싶었어요. 어릴 때는 냄새 나서 싫었는데 저도 나이가 드는 건지 요즘은 그 구수한 냄새도 사무치게 그립더라고요. 급작스러운 미팅만 아니었어도 먹었을 텐데 못 먹으니까 외로운 기분에 눈물이 맺히더라고요. 웃기죠?	N	2022-08-23 09:53:03	2022-11-08 05:02:38
BE22015367	6	1	혼자 생활하면서도 항상 씩씩하게 보이려는 아들이 기특하고 든든했는데 오늘은 아이처럼 품 안의 자식으로 느껴지는구나. 눈물까지 흘릴 뻔했다니 보듬어주고 싶은데 그러질 못해서 속상하고 엄마도 서글퍼지는구나. 비록 떨어져 있지만 엄마의 문자로 네 헛헛한 마음이 채워졌으면 좋겠는데 힘낼 수 있지?	N	2022-08-23 09:53:03	2022-11-08 05:02:38
BE22015367	7	0	그런데 사실 오늘 미팅도 망쳤어요. 회사에서 맡겨주신 건데 성사하지 못해서 저 자신에게 무척 실망했어요. 아마 회사에도 금전적인 손실이 초래할 것 같아서 종일 땅속에 파묻힌 기분이에요.	N	2022-08-23 09:53:03	2022-11-08 05:02:38
BE22015367	8	1	혼자서도 도움 없이 이렇게나 잘 자라줘서 대견한데 오늘 우리 아들에게 정말 다사다난한 하루였던 모양이구나. 금전적인 손실은 아직 확정된 일이 아니니까 미리부터 걱정하지 말고 다음을 위한 힘을 비축해 보자. 가끔은 본인에게 조금은 더 관대했으면 좋겠어.	N	2022-08-23 09:53:03	2022-11-08 05:02:38
BE22015367	9	0	엄마의 자랑이 되는 아들이 되고 싶었어요. 그래서 엄마는 저의 행복을 우선순위로 하시는데도 저는 계속해서 저 자신을 채찍질하게 되더라고요. 하지만 오늘은 제 한계였나 봐요, 한없이 무너지는 저 자신에게 실망했어요.	N	2022-08-23 09:53:03	2022-11-08 05:02:38
BE22015367	10	1	아들이 그렇게 혼자서 힘들어하고 있었다니 여태 엄마가 잘 몰라줘서 미안해. 항상 밝게 웃는 줄만 알아서 섬세하게 마음을 살펴줄 생각을 많이 못 했던 것 같아. 먹고 싶다는 청국장마저 원할 때 먹게 해주지도 못한다니 애틋한 마음에 아들이 보고 싶구나.	N	2022-08-23 09:53:03	2022-11-08 05:02:38
BE22015367	11	0	혼자 있는 것도 서글픈데 청국장에도, 아무것에도 보상받지 못한 하루라고 생각했어요. 엄마의 토닥임이 느껴지는 문자를 받으니까 마치 엄마가 제 옆에 계신 것 같아서 맘이 푸근해져요. 더 이상 축 처져 있으면 안 될 것 같은 기분이 드네요.	N	2022-08-23 09:53:03	2022-11-08 05:02:38
BE22015367	12	1	함께 있어 주지도 못하는데 문자로나마 아들이 엄마의 품을 느꼈다니 다행이구나. 충분히 사랑해주지 못했던 것 같아서 그동안 어떤 결핍을 느꼈을지도 많은 생각이 드는구나. 다음 주에 엄마한테 온다면 엄마가 청국장도 해주고 우리 아들 정말 많이 예뻐해 줄게.	N	2022-08-23 09:53:03	2022-11-08 05:02:38
BE22015367	13	0	나이가 성년을 넘은 지가 한참 지났는데도 귀염받고 싶은 자식의 마음은 그대로인 것 같아요. 엄마의 문자를 보는 제가 저도 모르게 입꼬리를 올리고 있는 것을 보면요.	N	2022-08-23 09:53:03	2022-11-08 05:02:38
BE22015367	14	1	나이가 몇 살이 되어도 엄마 눈에는 자식은 영원한 내 작은 아기로 보일 거란다. 항상 보고 싶고 걱정되는 우리 아들, 건강하게 다음 주에 오려무나. 엄마가 맛있는 청국장에 두부 넣어서 기다리고 있을게.	Y	2022-08-23 09:53:03	2022-08-23 09:53:03
