id	utterance_id	utterance_type	utterance_text	terminate	regDate	updDate
BE22010571	1	0	엄마 나를 아껴주셨던 은사님이 돌아가셨다는 소식을 들었어요. 어떡하면 좋죠? 눈물이 나요.	N	2022-07-20 09:34:05	2022-11-08 04:32:25
BE22010571	2	1	중학교 때 담임 선생님 말하는 거니? 장례식에 가봐야겠구나.	N	2022-07-20 09:34:05	2022-11-08 04:32:25
BE22010571	3	0	맞아요. 그분이요. 그분이 없었다면 지금의 저는 없을 거예요. 저를 끝까지 믿어줬던 분이에요.	N	2022-07-20 09:34:05	2022-11-08 04:32:25
BE22010571	4	1	그런 분이 돌아가셨다니 네 마음이 많이 힘들겠구나. 마지막 길을 잘 배웅해드리고 오렴.	N	2022-07-20 09:34:05	2022-11-08 04:32:25
BE22010571	5	0	엄마 세상에서 가장 소중한 사람 중의 한 명이 사라진 건 이런 기분이군요. 너무 눈물이 나서 아무 일도 할 수가 없어요.	N	2022-07-20 09:34:05	2022-11-08 04:32:25
BE22010571	6	1	저런, 네가 많이 힘든가 보구나. 소중한 사람과의 갑작스러운 이별을 겪으면 많이 힘이 들지. 엄마도 어릴 때 비슷한 경험을 해서 그 마음을 잘 안단다.	N	2022-07-20 09:34:05	2022-11-08 04:32:25
BE22010571	7	0	근래에 안부 인사를 제대로 못 드렸어요. 그냥 언제든 찾아가면 계실 줄 알았어요. 제가 잘하지 못한 거 같아서 마음이 너무 아파요.	N	2022-07-20 09:34:05	2022-11-08 04:32:25
BE22010571	8	1	너의 슬픔은 잘 알지만 그렇게 자책하지 말렴. 널 사랑하셨던 그분도 하늘나라에서 네가 많이 울지 않기를 바라실 거야. 그리고 너의 그 마음은 전하지 않았어도 분명 충분히 알고 계셨을 거란다.	N	2022-07-20 09:34:05	2022-11-08 04:32:25
BE22010571	9	0	그분이 세상에 없다는 생각을 하면 억장이 무너져요. 이렇게 갑작스럽게 이별의 순간이 올 줄은 몰랐어요. 그분이 보고 싶어요.	N	2022-07-20 09:34:05	2022-11-08 04:32:25
BE22010571	10	1	마음이 아프지만 보내드려야 할 때는 잘 보내드려야 하는 거란다. 세상에 계시지 않는다 해서 네 마음속에 없는 건 아니지 않니. 잘 보내드리고 나면 슬펐던 네 마음도 곧 가라앉을 거야.	N	2022-07-20 09:34:05	2022-11-08 04:32:25
BE22010571	11	0	어떻게 해야지 잘 보내드릴 수 있을까요? 난 힘들기만 한데요.	N	2022-07-20 09:34:05	2022-11-08 04:32:25
BE22010571	12	1	이별 앞에서는 마음껏 울어야지. 그리고 후회하지 않도록 최선을 다해서 마지막 장례 절차를 도와드리렴. 그렇게 하는 게 그나마 마음의 짐을 덜 수 있는 일일 거야.	N	2022-07-20 09:34:05	2022-11-08 04:32:25
BE22010571	13	0	엄마 말이 맞네요. 일단 침작하고 장례식에 가서 제가 할 수 있는 한 최선을 다해야겠어요. 마지막 인사를 잘하고 와야죠.	N	2022-07-20 09:34:05	2022-11-08 04:32:25
BE22010571	14	1	그래, 슬픔을 표현하는 방법은 다양하지만 인간의 힘으로 할 수 있는 한 최선을 다해보자. 네 곁에 소중한 사람들이 언젠가 떠나는 건 어쩔 수 없는 일이니까. 엄마는 네가 강해서 무너지지 않고 잘 보내드리고 올 수 있을 거라 믿어.	N	2022-07-20 09:34:05	2022-11-08 04:32:25
BE22010571	15	0	네 엄마, 그렇게 할게요. 마음을 추스르고 그분에게 저만의 인사를 전하고 올게요.	Y	2022-07-20 09:34:05	2022-11-08 04:32:25
