id	utterance_id	utterance_type	utterance_text	terminate	regDate	updDate
BE22014825	1	0	산책하러 나왔는데 10분도 못 걷고 벤치에 앉았다. 체력이 이렇게 떨어지다니, 너무 슬프구나.	N	2022-08-19 06:23:18	2022-08-19 06:23:18
BE22014825	2	1	아버지, 큰 수술을 하셨는데 벌써 산책을 혼자 하실 수 있는 게 대단하신 거예요. 공원 의자에 계신 거예요?	N	2022-08-19 06:23:18	2022-11-08 04:59:19
BE22014825	3	0	그래, 앉아 있다. 예전에는 벤치의 쓸모를 모르고 살았는데 아파보니 알겠구나. 이렇게 쉬어가라고 있는 거였어.	N	2022-08-19 06:23:18	2022-11-08 04:59:19
BE22014825	4	1	주말이면 소문난 산의 정상까지 쉽게 오르던 분이시라 지금 체력이 힘든 걸 받아들이기 어려우실 거예요. 얼마나 서글프실까요.	N	2022-08-19 06:23:18	2022-11-08 04:59:19
BE22014825	5	0	마음이 울적하니 아들 생각이 나더구나. 늙고 약해진다는 걸 아는 게 이렇게 슬픈 일인지 몰랐다.	N	2022-08-19 06:23:18	2022-08-19 06:23:18
BE22014825	6	1	워낙 젊게 사셔서 훨씬 더 무겁게 느끼실 거예요. 아버지께서 벤치에 앉아계신 모습을 생각하니 제 마음도 너무 아프네요.	N	2022-08-19 06:23:18	2022-11-08 04:59:19
BE22014825	7	0	회복해야 한다는 조급함이 더 드는구나. 이렇게 계속 벤치를 찾아야 할 정도로 체력이 안 좋으면 어떡하나.	N	2022-08-19 06:23:18	2022-11-08 04:59:19
BE22014825	8	1	그간 바쁘게 힘들게 움직이면서 사셨잖아요. 이제는 쉬어가면서 느리게 사는 법을 알아간다고 생각하시는 건 어때요? 안 좋아진 게 아니라 달라지는 거죠, 시간이 흐르는 것처럼요.	N	2022-08-19 06:23:18	2022-11-08 04:59:19
BE22014825	9	0	아들 말을 들으니 참 일리가 있구나. 어린 줄로만 알았는데 이렇게 나를 위로할 줄도 알고 말이야.	N	2022-08-19 06:23:18	2022-11-08 04:59:19
BE22014825	10	1	저는 아버지께서 쉬어가는 법도 이젠 아셨으면 좋겠어요. 여유를 즐기며 공원 의자에 앉아서 계절이 변해가는 것도 보시고요. 나쁜 거라 생각하지 마시고 새로운 걸 배워간다고 느끼시면 훨씬 좋을 거예요.	N	2022-08-19 06:23:18	2022-11-08 04:59:19
BE22014825	11	0	그래, 아들 말을 듣고 그렇게 느끼도록 해보마. 벌써 슬픔이 가시고 여유를 곱씹게 되는 것 같다.	N	2022-08-19 06:23:18	2022-11-08 04:59:19
BE22014825	12	1	언제나 존경하는 거 알죠? 아버지께서 성실하게 인생을 달리신 덕분에 제가 이렇게 잘 컸다고 생각해요. 슬퍼하지 마세요, 아버지는 제가 아는 남자 중에 가장 강하고 멋진 분이시니까요.	N	2022-08-19 06:23:18	2022-11-08 04:59:19
BE22014825	13	0	하하, 그래. 그렇게 말해줘서 고맙구나.	N	2022-08-19 06:23:18	2022-08-19 06:23:18
BE22014825	14	1	날이 더우니 조금만 더 앉아계시다 들어가세요. 아셨죠?	N	2022-08-19 06:23:18	2022-08-19 06:23:18
BE22014825	15	0	들어가서 연락하마. 이야기 들어줘서 고맙다. 일 보거라.	Y	2022-08-19 06:23:18	2022-08-19 06:23:18
