id	utterance_id	utterance_type	utterance_text	terminate	regDate	updDate
BE22004968	1	0	옷을 열심히 골라 입으면 뭐 해. 옷에 맞는 신발이 하나도 없어. 힘 빠지고 눈물이 나려고 해.	N	2022-06-29 04:04:57	2022-11-08 03:56:21
BE22004968	2	1	에너지 넘치는 우리 딸이 속상해서 힘이 빠지다니 큰일인데... 옷 스타일에 맞는 신발이 없는 거야? 저번 달에 샀다는 그 새 운동화는 어때?	N	2022-06-29 04:04:57	2022-11-08 03:56:21
BE22004968	3	0	그건 운동화라 맞춰 놓은 옷 스타일에 안 맞아. 맨날 이런 식이야 진짜... 나는 왜 이렇게 태어나서 거인 발같이 못생긴 거야.	N	2022-06-29 04:04:57	2022-11-08 03:56:21
BE22004968	4	1	너도 엄마 발을 꼭 닮았구나. 속상하고 힘 빠지는 그 기분 너무 잘 알지. 엄마한테는 누구보다 예쁜 딸인데 속상해하니까 엄마도 덩달아 슬퍼지려 하네.	N	2022-06-29 04:04:57	2022-11-08 03:56:21
BE22004968	5	0	엄마 슬프게 하려고 한 말은 아닌데... 사실은 내일 만나는 애한테 좀 잘 보이고 싶은 마음이 있단 말이야. 걔가 옷을 잘 입는 편이라 신경 쓰여서 더 슬픈 것 같아.	N	2022-06-29 04:04:57	2022-11-08 03:56:21
BE22004968	6	1	그랬구나. 내일 약속인데 오늘부터 그만큼 신경 쓰이는 거면 우리 딸 그 친구한테 꽤 진심이구나!	N	2022-06-29 04:04:57	2022-11-08 03:56:21
BE22004968	7	0	몰라... 잘 보이고 싶고 신경 쓰이는 건 맞는 것 같아. 그래서 발이 큰 내가 더 못생긴 것 같고 거울 보면 슬프고 그래.	N	2022-06-29 04:04:57	2022-11-08 03:56:21
BE22004968	8	1	우리 같이 발이 큰 사람들은 비록 맞는 구두는 없지만 키도 크고 다리도 길잖아. 옷 입었을 때 얼마나 멋있어. 구두 대신 운동화 신어도 충분히 멋있을 것 같은데?	N	2022-06-29 04:04:57	2022-11-08 03:56:21
BE22004968	9	0	그것도 그런데... 나는 발이 커서 내 신발 선택지가 늘 한정적이라는 게 마음에 안 든다는 거지. 이렇게 신발 골라 신을 때마다 속상한 적이 한두 번이 아니야.	N	2022-06-29 04:04:57	2022-11-08 03:56:21
BE22004968	10	1	맞아. 이 세상에 발이 크든 작든 다양한 디자인을 고를 수 있으면 얼마나 좋아. 표준화된 발 사이즈 위주로만 신발들이 나오니까 엄마도 그게 참 마음에 안 들어.	N	2022-06-29 04:04:57	2022-11-08 03:56:21
BE22004968	11	0	그러니까. 내 말이 그 말이야.	N	2022-06-29 04:04:57	2022-11-08 03:56:21
BE22004968	12	1	그럼에도 불구하고 또 내일은 내일의 약속을 나가야 하니까! 지금의 선택지 중에 가장 우리 딸이랑 잘 어울리는 신발을 골라보는 건 어떨까? 난 우리 딸 운동화가 참 잘 어울리는 것 같아.	N	2022-06-29 04:04:57	2022-11-08 03:56:21
BE22004968	13	0	그래 일단 그래야겠다. 나는 20살이 넘어서도 엄마한테 이렇게 밤늦게 투정이다.	N	2022-06-29 04:04:57	2022-11-08 03:56:21
BE22004968	14	1	투정은... 네가 엄마 20대 때 고민을 똑같이 하는 모습을 보니까 재밌으면서 마음 아프기도 하고... 내 딸 맞네.	N	2022-06-29 04:04:57	2022-11-08 03:56:21
BE22004968	15	0	그래도 얘기하니까 마음이 좀 풀리는 게 눈물은 쏙 들어갔어. 이왕 이렇게 된 거 운동화 신고 걔랑 많이 걷고 얘기도 많이 해야겠다.	N	2022-06-29 04:04:57	2022-11-08 03:56:21
BE22004968	16	1	좋지. 나는 우리 딸이 남들이 봤을 때 예뻐 보이는 스타일에 신경 쓰는 것도 좋지만! 체형에 맞게 멋있는 키를 잘 살릴 수 있는 스타일에 집중하는 것도 좋다고 봐. 내일 잘 다녀와 우리 딸.	Y	2022-06-29 04:04:57	2022-11-08 03:56:21
