id	utterance_id	utterance_type	utterance_text	terminate	regDate	updDate
BE22018130	1	0	할머니, 형도 제 동생도 공부를 잘하는데, 왜 저는 공부를 못할까요? 오늘, 모의고사 성적표를 보고 어두워진 엄마 아빠 얼굴을 보니, 너무나 슬프고 울적해요.	N	2022-09-14 05:41:07	2022-09-14 05:41:07
BE22018130	2	1	엄마 아빠의 반응에, 네 마음이 많이 상했겠다. 하지만 네 형제들은 형제들이고, 너는 너잖니. 굳이 성적을 비교하며 더 힘들어하지는 않았으면 해.	N	2022-09-14 05:41:07	2022-11-08 05:19:33
BE22018130	3	0	하지만 제가 성적표를 보여 드린 뒤에 형이 부모님께 바로 성적표를 내민걸요. 형의 성적에 얼굴이 환해지시는 부모님을 보니, 나는 부모님께 슬픔을 드리는 존재구나 싶어 마음 아팠어요.	N	2022-09-14 05:41:07	2022-09-14 05:41:07
BE22018130	4	1	엄마 아빠의 표정이 그렇게 확 바뀌었으니, 네가 상심한 것도 이해가 돼. 아까는 분명 네가 부모님께 슬픔을 준 것도 맞겠지. 하지만 기쁨을 드리는 날도 많으니, 성적 하나로 네 가치를 너무 깎아내리지 않았으면 좋겠다.	N	2022-09-14 05:41:07	2022-11-08 05:19:33
BE22018130	5	0	하지만 저보다 형과 동생이 부모님께 드리는 기쁨이 훨씬 큰 듯한걸요. 며칠 전에는 동생이 수학 경시대회에서 상을 타 왔는데, 부모님이 너무나 좋아하시더라고요. 저는 그렇게 큰 기쁨을 드린 적도 없고, 드릴 자신도 없으니 너무 슬퍼요.	N	2022-09-14 05:41:07	2022-09-14 05:41:07
BE22018130	6	1	그래, 네가 상을 받아 엄마 아빠에게 큰 기쁨을 주는 것은 쉽지 않겠지. 하지만 작은 기쁨들이 모이면, 큰 기쁨이 되는 거잖니. 너는 착하고 사랑스러운 성격으로 부모에게 작은 기쁨들을 선사하는 아이인걸.	N	2022-09-14 05:41:07	2022-11-08 05:19:33
BE22018130	7	0	그렇다면 다행이겠지만, 저는 형제 중에 저만 공부를 못한다는 게 너무 한스러워요. 형과 동생은 분명 좋은 대학교에 갈 텐데 저는 그러지 못하면, 비교될 생각에 우울해져요.	N	2022-09-14 05:41:07	2022-09-14 05:41:07
BE22018130	8	1	그래, 지금은 대입이 인생의 완전한 목표처럼 여겨질 테니, 그런 생각이 들 만도 해. 하지만 대학이 인생의 전부가 아니라는 말은 거짓이 아니란다. 좋은 대학에 간다고 행복해지는 것도 아니고, 대입에 실패한다고 불행해지는 것도 아니야.	N	2022-09-14 05:41:07	2022-11-08 05:19:33
BE22018130	9	0	하지만 좋은 대학에 가면 그만큼 행복해질 가능성도 커질 텐데요. 형제들과 비교당하지 않아도 되고, 부모님 앞에 당당해질 수도 있고요.	N	2022-09-14 05:41:07	2022-11-08 05:19:33
BE22018130	10	1	네 말도 일리는 있지만, 대입이 인생이 끝은 아니잖니. 아무리 명문대에 입학했다 해도, 졸업 이후 적성에 맞는 일을 찾지 못하면 힘들어지지. 적성에 맞는 일을 찾아 행복하게 살겠다는 꿈을 가지면, 당장의 성적에만 연연하게 되지는 않을 거야.	N	2022-09-14 05:41:07	2022-11-08 05:19:33
BE22018130	11	0	그러니까 어른들이 정해 준 대입이라는 목표 말고, 행복이라는 꿈을 가지라는 말씀이네요. 그래도 제가 쭉 성적을 잘 못 받아 좋지 못한 대학에 가면 부모님은 속상해하실 테죠. 그런 부모님을 생각하면, 슬퍼지는 건 어쩔 수 없네요.	N	2022-09-14 05:41:07	2022-11-08 05:19:33
BE22018130	12	1	부모님의 슬픈 모습을 상상만 해도 가슴이 아픈 모양이구나. 물론 네가 엄마 아빠를 대학으로 만족시키는 힘들겠지. 하지만 네가 졸업 후 일하며 행복하게 사는 모습을 보면, 엄마 아빠도 안도하고 행복해할 거야.	N	2022-09-14 05:41:07	2022-11-08 05:19:33
BE22018130	13	0	할머니 말씀을 듣고 나니, 인생을 바라보는 제 눈이 달라진 느낌이에요. 아까까지만 해도 대입이라는 벽이 눈앞에 턱 가로막혀 막막하고 슬펐는데, 이제 괜찮아요. 대입이라는 문 너머로 다른 길이 있다는 걸, 알려주셔서 감사해요.	N	2022-09-14 05:41:07	2022-09-14 05:41:07
BE22018130	14	1	하나를 알려주니 열을 깨우치는구나. 그래, 공부는 네 인생의 전부가 아니라 일부일 뿐이니, 주눅 들지 말고 너의 꿈을 찾아보렴. 할머니가 너를 늘 온 마음으로 응원할게.	N	2022-09-14 05:41:07	2022-11-08 05:19:33
BE22018130	15	0	할머니의 응원이 너무나 든든해요. 앞으로는 성적 생각에 우울해할 시간에, 적성에 맞는 저의 꿈을 찾아봐야겠어요.	Y	2022-09-14 05:41:07	2022-09-14 05:41:07
