id	utterance_id	utterance_type	utterance_text	terminate	regDate	updDate
BE22006483	1	0	엄마. 오늘은 이루 말할 수 없이 슬픔으로 가득 찬 하루예요. 이 감정 어떡하죠.	N	2022-07-06 05:12:24	2022-11-08 04:06:07
BE22006483	2	1	우리 딸 무슨 일이니. 무슨 일이라도 있는 거야?	N	2022-07-06 05:12:24	2022-11-08 04:06:07
BE22006483	3	0	제가 존경하던 은사님이 돌아가셨대요. 장례식이 어제 끝났는데 엄마도 아시다시피 해외 출장 때문에 장례식에 가지 못했어요. 정말 너무 슬퍼요.	N	2022-07-06 05:12:24	2022-11-08 04:06:07
BE22006483	4	1	우리 딸이 정말 마음이 많이 안 좋겠구나. 엄마도 이야기를 들으니 덩달아 마음이 무겁네. 우리 딸이 그토록 존경하던 은사님이 돌아가셨다니 너무나도 지금 힘든 시간을 보낼 것 같네.	N	2022-07-06 05:12:24	2022-11-08 04:06:07
BE22006483	5	0	눈물이 계속 흘러서 멈출 생각을 안 해요. 돌아가셨다는 소식을 듣고 한국에 가지 못하는 제가 너무 미워요. 너무 죄송스러워요.	N	2022-07-06 05:12:24	2022-11-08 04:06:07
BE22006483	6	1	우리 딸이 정말 마음이 안 좋겠다. 하지만 정말 부득이한 상황이었잖니. 너의 잘못이 아니니 너무 자책하지 않았으면 좋겠구나.	N	2022-07-06 05:12:24	2022-11-08 04:06:07
BE22006483	7	0	오늘 하루 종일 울어서 머리가 너무 아플 지경이에요. 선생님이 돌아가셨다는 게 아직도 믿기지 않아요.	N	2022-07-06 05:12:24	2022-11-08 04:06:07
BE22006483	8	1	누군가의 죽음을 받아들이는 게 참 힘들고 괴롭지. 우리 딸이 지금 얼마나 마음이 아플지 감히 상상도 되지 않는구나. 타지에서 그 소식을 들으니 얼마나 받아들이기 힘들었겠어.	N	2022-07-06 05:12:24	2022-11-08 04:06:07
BE22006483	9	0	일도 제대로 잡히지 않네요. 정말 제가 존경하던 은사님이셨는데. 상황이 이런 것을 누구 탓을 하겠어요.	N	2022-07-06 05:12:24	2022-11-08 04:06:07
BE22006483	10	1	우리 딸 정말 많이 힘들지? 하지만 분명 하늘나라에 가신 너의 은사님도 너의 마음을 알 거야. 장례식에 오지 못 했지만 그 누구보다도 너가 선생님 생각을 했다는 걸 아실 테니 말이야.	N	2022-07-06 05:12:24	2022-11-08 04:06:08
BE22006483	11	0	그렇게 말해주셔서 감사해요. 은사님의 마지막 가실 날을 제가 함께 해드렸다면 이렇게나 마음이 아프지 않았을 텐데 말이에요.	N	2022-07-06 05:12:24	2022-11-08 04:06:08
BE22006483	12	1	왜 마음이 안 아프겠어. 정말 강인한 사람이라도 사랑하는 사람의 죽음 앞에서는 무너지기 십상이란다. 하지만, 분명 너의 은사님은 정말 좋은 곳으로 가셨을 거야.	N	2022-07-06 05:12:24	2022-11-08 04:06:08
BE22006483	13	0	앞으로 얼마나 더 시간이 흘러야 이 아픔이 잊혀질 수 있을지 모르겠어요.	N	2022-07-06 05:12:24	2022-11-08 04:06:08
BE22006483	14	1	그 소식을 듣고 혼자 버텨내느라 정말 우리 딸이 너무 고생했겠구나. 시간이 조금 지나면 이 지옥 같은 슬픔도 조금은 옅어질 거란다. 하늘나라로 가신 은사님을 위해서라도 우리 딸이 기운 내서 열심히 하루를 살아보자.	N	2022-07-06 05:12:24	2022-11-08 04:06:08
BE22006483	15	0	엄마가 그렇게 말씀해주시니 눈물이 어느새 멈춘 것 같아요. 말할 데가 없었거든요. 엄마 말대로 은사님은 좋은 곳으로 가셨을 거예요.	N	2022-07-06 05:12:24	2022-11-08 04:06:08
BE22006483	16	1	우리 딸이 혼자서 눈물을 펑펑 흘렸을 것 같아서 엄마도 마음이 많이 좋지 않네. 하지만, 너무 오래 슬퍼하지 말자. 하늘에 계신 은사님도 너가 잘 되기만을 바라고 계실 거야.	N	2022-07-06 05:12:24	2022-11-08 04:06:08
BE22006483	17	0	알겠어요. 엄마 덕에 기운이 나네요. 감사해요, 엄마.	Y	2022-07-06 05:12:24	2022-11-08 04:06:08
