id	utterance_id	utterance_type	utterance_text	terminate	regDate	updDate
BE22011761	1	0	엄마, 혹시 작년에 미국에 취업했다는 제 친구 기억하세요?	N	2022-07-26 04:49:33	2022-11-08 04:40:00
BE22011761	2	1	응, 기억하지. 너 취업 준비로 힘들 때 그 친구가 많이 위로해줬다며.	N	2022-07-26 04:49:33	2022-11-08 04:40:00
BE22011761	3	0	맞아요. 그 친구가 오랜만에 한국으로 돌아와서 얘기를 좀 나눴는데, 제 기분도 우울해졌어요.	N	2022-07-26 04:49:33	2022-11-08 04:40:00
BE22011761	4	1	무슨 일인데 그러니? 친구에게 안 좋은 일이라도 있는 거야?	N	2022-07-26 04:49:33	2022-11-08 04:40:00
BE22011761	5	0	아뇨. 많이 힘들어 보이더라고요. 타지에서 친구도 없이 외롭게 버티는 게 쉽지 않았나봐요. 결국 퇴사하고 한국에서 새로 시작하기로 했대요.	N	2022-07-26 04:49:33	2022-11-08 04:40:00
BE22011761	6	1	어쩌니, 그 말을 듣는 네 마음이 많이 안 좋았겠다.	N	2022-07-26 04:49:33	2022-11-08 04:40:00
BE22011761	7	0	힘들 때 다가와 준 소중한 친구인 거 아는데, 항상 여유 있는 모습을 부러워했었어요. 잘 사는 것 같았는데, 힘들다고 눈물을 글썽이는데 제 마음도 슬퍼졌어요.	N	2022-07-26 04:49:33	2022-11-08 04:40:00
BE22011761	8	1	그때 네가 심적으로 많이 힘들었을 때 위로해 준 친구라 마음이 더 쓰였나 보다. 평소에 그렇지 않더라도 상황이 힘들면 그런 마음이 들 수 있어. 그보다 너 혼자 그런 마음으로 버티면서 얼마나 힘들었을까, 엄마는 그게 마음이 아프다.	N	2022-07-26 04:49:33	2022-11-08 04:40:00
BE22011761	9	0	그렇게 말씀해주셔서 고마워요. 사실 그 친구가 저와 다를 바 없이 버티고 있었다는 걸 알게 되니 당황스럽기도 해요. 사람 사는 게 한순간에 달라지는가 싶어서 허무하기도 하고요.	N	2022-07-26 04:49:33	2022-11-08 04:40:00
BE22011761	10	1	사람은 누구나 각자의 아픔을 지니고 살지. 드러내지 않으면 누구도 모르는 문제니까 네가 충분히 당황할 수 있어. 그렇지만 그 친구의 아픔을 듣고 과거의 네 모습을 부끄러워한 건 그만큼 네가 성장했다는 증거야.	N	2022-07-26 04:49:33	2022-11-08 04:40:00
BE22011761	11	0	그런 거겠죠? 그 친구를 위로해주고 싶은데, 제가 그러했듯 진심으로 받아들이지 않을까봐 두려워요.	N	2022-07-26 04:49:33	2022-11-08 04:40:00
BE22011761	12	1	물론 너의 진심이 온전히 닿지 못할 수도 있어. 하지만 너도 그러했듯 언젠간 반드시 진심은 느낄 수 있어. 조급해하지 말고 만약 그 친구가 너를 찾는다면, 망설이지 말고 달려가 옆에 있어 줘.	N	2022-07-26 04:49:33	2022-11-08 04:40:00
BE22011761	13	0	좋은 말씀 감사해요 엄마. 과거를 만회하고 싶은 마음에 제가 조급했나봐요.	N	2022-07-26 04:49:33	2022-11-08 04:40:00
BE22011761	14	1	관계는 서두른다고 해서 깊어지는 게 아니니까. 서로를 아끼는 너희 두사람은 분명 소중한 친구 관계를 이어 나갈 수 있을 거야. 엄마는 믿어.	N	2022-07-26 04:49:33	2022-11-08 04:40:00
BE22011761	15	0	그렇게 말씀해주시니 마음이 한결 편안해졌어요. 감사합니다.	Y	2022-07-26 04:49:33	2022-11-08 04:40:00
