id	utterance_id	utterance_type	utterance_text	terminate	regDate	updDate
BE22013798	1	0	요즘 아내를 자주 안아주는데 나도 슬프고, 그때 왜 더 신경 써주지 못했나 후회돼.	N	2022-08-10 11:02:21	2022-08-10 11:02:21
BE22013798	2	1	아내를 자주 안아주면 좋은 일인 거 같은데, 왜 슬픈 거야, 무슨 일 생긴 거니? 평소에는 아내와 사이가 좋아서 항상 웃고 다니던 너인데. 갑자기 슬프다는 문자를 보니까 너무 걱정된다.	N	2022-08-10 11:02:21	2022-11-08 04:52:45
BE22013798	3	0	사실, 한 달 정도 전에 아내가 유산을 했거든. 근데 이번이 두 번째 유산이야. 그래서 아내도 나도 너무 힘든 상태야.	N	2022-08-10 11:02:21	2022-08-10 11:02:21
BE22013798	4	1	어머, 그런 일이 있었구나. 너무 안타깝다. 너는 괜찮아? 많이 힘들 거 같아서 내 마음도 아프다.	N	2022-08-10 11:02:21	2022-11-08 04:52:45
BE22013798	5	0	나도 한동안은 너무 힘들더라고. 아무것도 하기가 싫고 우울하기만 하고. 슬퍼서 무슨 일을 하든 기쁘거나 흥미롭지 않고 눈물이 날 거만 같았어.	N	2022-08-10 11:02:21	2022-11-08 04:52:45
BE22013798	6	1	그래그래, 네가 정말로 많이 힘들고 가슴 아팠을 거 같아. 문자를 보기만 해도 네가 얼마나 힘들었을지 상상이 돼서 내 가슴이 다 찢어질 듯 아프다. 내가 이런데 너 마음은 얼마나 힘들고 슬펐겠니.	N	2022-08-10 11:02:21	2022-11-08 04:52:45
BE22013798	7	0	정말 힘들었어. 너무 슬퍼서 매일 남몰래 울었던 거 같아.	N	2022-08-10 11:02:21	2022-08-10 11:02:21
BE22013798	8	1	부인도 힘들고 슬플 걸 생각해서 아내를 자주 안아주기 시작한 거구나. 너 진심으로 너무 대견하다. 그런 일이 생기면 자기 마음만 신경 쓰고 주변을 신경 쓰기 힘든데, 부인을 자주자주 안아주다니.	N	2022-08-10 11:02:21	2022-11-08 04:52:45
BE22013798	9	0	아내가 유산하고 나서, 나도 한동안은 너무 슬퍼서 내 마음밖에 안 보이더라고. 그런데, 곰곰이 생각해 보니 나보다 우리 아내가 얼마나 더 힘들지 걱정이 되더라고. 그리고 두 번째인데 왜 내가 더 신경 쓰고 더 잘해주지 못했을까 후회만 되고.	N	2022-08-10 11:02:21	2022-08-10 11:02:21
BE22013798	10	1	네가 정말로 대단하다. 슬픈 상황에서도 너보다 부인을 먼저 생각해 주고 배려해 주다니. 네가 상냥하고 배려심이 깊은 건 알았지만 힘든 상황에서도 그러다니 진심으로 너의 마음과 배려심이 존경스러워.	N	2022-08-10 11:02:21	2022-11-08 04:52:46
BE22013798	11	0	네가 같이 슬퍼해 주고 나를 칭찬해 줘서 마음이 많이 편안해지는 거 같아.	N	2022-08-10 11:02:21	2022-11-08 04:52:46
BE22013798	12	1	너 마음이 조금이나마 편안해진다고 하니 너무 다행이야. 그리고 네가 부인을 아끼고 사랑해서 더 많이 신경 쓰고 자주 안아주잖아. 그래서 너희 부부는 금방 괜찮아질 거 같아, 지금 힘들 텐데 아내 분을 챙기는 네가 멋지다.	N	2022-08-10 11:02:21	2022-11-08 04:52:46
BE22013798	13	0	고마워. 네 덕분에 슬프고 후회스러웠던 마음이 많이 좋아졌어.	N	2022-08-10 11:02:21	2022-11-08 04:52:46
BE22013798	14	1	너는 지금 너무 잘하고 있어. 그리고 그런 일이 발생한 건 그 누구의 잘못도 아니니까, 힘내. 네가 부인을 아끼는 마음을 보면, 너희 부부는 앞으로 더 좋은 일들이 생길 거야.	Y	2022-08-10 11:02:21	2022-11-08 04:52:46
