id	utterance_id	utterance_type	utterance_text	terminate	regDate	updDate
BE22008228	1	0	엄마 나는 정말 많이 부족한가 봐요.	N	2022-07-12 12:51:30	2022-11-08 04:17:19
BE22008228	2	1	왜 그래? 사랑하는 공감화자야, 무슨 일이 있었던 거니? 왜 네가 부족하다고 느끼는 건데?	N	2022-07-12 12:51:30	2022-11-08 04:17:19
BE22008228	3	0	나 딴에는 열심히 한다고 하는데, 늘 제자리인 것만 같아서 너무 슬퍼요.	N	2022-07-12 12:51:30	2022-11-08 04:17:19
BE22008228	4	1	엄마가 우리 공감화자를 몰라? 모든 일에 항상 열심히 하는 걸 아는데 왜 그런 감정이 들었을까?	N	2022-07-12 12:51:30	2022-11-08 04:17:19
BE22008228	5	0	요사이 공부도 내 맘 같지 않고, 성적도 오르질 않으니 내가 열심히 해도 소용없는 건가 싶어요.	N	2022-07-12 12:51:30	2022-11-08 04:17:19
BE22008228	6	1	이번 성적이 오르지 않았구나. 그래서 많이 속상한 모양이네.	N	2022-07-12 12:51:30	2022-11-08 04:17:19
BE22008228	7	0	엄마 저는 정말 열심히 노력했거든요. 잠도 줄여가면서 공부하고 도서관도 매일 가구요.	N	2022-07-12 12:51:30	2022-11-08 04:17:20
BE22008228	8	1	엄마가 왜 모르겠어? 옆에서 다 지켜봤는데. 새벽까지 방에 불이 켜진 걸 보면서 엄마 맘도 짠했단다.	N	2022-07-12 12:51:30	2022-11-08 04:17:20
BE22008228	9	0	그런데 왜 이렇게 제자리인 걸까요? 제가 열심히 하는 게 부족한 걸까요?	N	2022-07-12 12:51:30	2022-11-08 04:17:20
BE22008228	10	1	무슨 소리 세상 사람 다 모른다고 해도 엄마가 안다. 네가 얼마나 열심히 하는지.	N	2022-07-12 12:51:30	2022-11-08 04:17:20
BE22008228	11	0	이제는 열심히 해도 안 되니 마음에 슬픔만 자꾸 생기고. 슬프다 보니 공부도 잘 손에 안 잡히고요.	N	2022-07-12 12:51:30	2022-11-08 04:17:20
BE22008228	12	1	공감화자야, 공부란 게 그렇다더라. 정체기가 오는 시기가 있다고 하더라.	N	2022-07-12 12:51:30	2022-11-08 04:17:20
BE22008228	13	0	시험 당일까지 정체기가 계속되면 어떻게 해요? 전 정말 이번 모의 성적 받고 너무 실망해서 어떻게 해야 할지 모르겠어요.	N	2022-07-12 12:51:30	2022-11-08 04:17:20
BE22008228	14	1	이번 성적 때문에 우리 공감화자가 너무 실망해서 불안해진 모양이네. 성적이 매번 내가 노력한 만큼 나와주면 좋겠지만, 그렇지 못하더라도 아직 시간이 있으니 조금 더 노력해보는 건 어떨까?	N	2022-07-12 12:51:30	2022-11-08 04:17:20
BE22008228	15	0	더는 못하겠어요. 열심히 한다고 했지만 계속 성적이 제자리인걸요.	N	2022-07-12 12:51:30	2022-11-08 04:17:20
BE22008228	16	1	그래. 그럴 때 정말 힘이 쭉 빠지면서 실망감에 더는 할 의욕이 안 생기지. 엄마도 그랬단다.	N	2022-07-12 12:51:30	2022-11-08 04:17:20
BE22008228	17	0	정말요? 엄마도 그런 적 있으세요?	N	2022-07-12 12:51:30	2022-11-08 04:17:20
BE22008228	18	1	그럼. 살면서 왜 없었겠니. 그렇지만 그 또한 지나가더라. 하지만 그럴 때 힘들다고 놓아버리면 지금까지 열심히 한 나 자신에게 더 미안하지 않을까?	N	2022-07-12 12:51:30	2022-11-08 04:17:20
BE22008228	19	0	맞아요. 저 진짜 열심히 하고 있는데, 그래서 더 실망했나 봐요. 안 한 것도 아닌데 자꾸 제자리라서요. 이제 생각을 좀 바꿔 볼게요.	N	2022-07-12 12:51:30	2022-11-08 04:17:20
BE22008228	20	1	그럼 엄마가 알고말고. 지금까지 열심히 했으니 남은 기간에 그동안 열심히 한만큼만 이어가 보자. 그리고 나오는 결과는 편안하게 받아들이는 연습도 해보자꾸나.	Y	2022-07-12 12:51:30	2022-11-08 04:17:20
