id	utterance_id	utterance_type	utterance_text	terminate	regDate	updDate
BE22002228	1	0	공감화자야, 할아버지가 오늘 기분 상하는 일이 있었단다.	N	2022-06-20 12:49:57	2022-11-08 03:38:51
BE22002228	2	1	무슨 일 있었어요?	N	2022-06-20 12:49:57	2022-11-08 03:38:51
BE22002228	3	0	최근에 교회 모임에 갔다가 한 청년이 주는 커피를 마셨거든. 그런데 달고 맛나서 계속 생각이 나는 거야.	N	2022-06-20 12:49:57	2022-11-08 03:38:51
BE22002228	4	1	할아버지한테 그렇게 맛있는 커피를 사다 줬다니, 그 청년한테 고마워해야겠네.	N	2022-06-20 12:49:57	2022-11-08 03:38:51
BE22002228	5	0	어제 그 청년이 모임에 나왔길래, 이 전에 사다 준 커피를 어디서 샀는지 물어보니까. 교회 앞에 있는 카페에서 샀다고 하는 거야.	N	2022-06-20 12:49:57	2022-11-08 03:38:51
BE22002228	6	1	그래서 그 카페에 가서 그 맛있었던 커피 사 드셨어요?	N	2022-06-20 12:49:57	2022-11-08 03:38:51
BE22002228	7	0	할아버지가 카페에 가서 커피를 달라 하니까. 커피 종류가 많다고 하면서 메뉴판을 보여 주는데 도무지 알 수가 있어야지. 나이가 드니까 젊은이들 문화는 따라갈 수가 없어서 그냥 나왔단다.	N	2022-06-20 12:49:57	2022-11-08 03:38:51
BE22002228	8	1	할아버지 많이 낙담하셨겠네요. 그런데 요즘 커피 종류가 워낙 많아서 할아버지가 주문을 못하신 것도 이상한 게 아니에요.	N	2022-06-20 12:49:57	2022-11-08 03:38:51
BE22002228	9	0	아니다, 위로해 줄 거 없어. 나이도 많은 사람이 괜히 젊은이들 쫓아 했다가 못 쫓아가니, 조금 낙담했을 뿐이야.	N	2022-06-20 12:49:57	2022-11-08 03:38:51
BE22002228	10	1	할아버지가 이제껏 안 해보셨던 일이어서, 뜻대로 되지 않은 거예요. 요즘 새로운 메뉴가 많이 나오니까 저도 모르는 게 많은걸요. 다음에는 저랑 같이 카페에 가봐요.	N	2022-06-20 12:49:57	2022-11-08 03:38:51
BE22002228	11	0	됐다. 바쁜 손주 시간 뺐을 수 없지.	N	2022-06-20 12:49:57	2022-11-08 03:38:51
BE22002228	12	1	아니에요. 손주로써 당연히 할아버지랑 커피 한잔할 여유가 있어요. 지금까지는 할아버지가 좋아할지 모르고 안 간 거고요.	N	2022-06-20 12:49:57	2022-11-08 03:38:51
BE22002228	13	0	그럼 네가 할아버지랑 카페 같이 가서 커피 시키는 법 알려줄래? 할아버지랑 같이 가도 되겠니?	N	2022-06-20 12:49:57	2022-11-08 03:38:51
BE22002228	14	1	그럼요. 전 할아버지랑 카페 갈 생각하니 신나는걸요. 앞으로는 저랑 이곳저곳 가서, 새로운 경험 많이 해봐요.	Y	2022-06-20 12:49:57	2022-11-08 03:38:51
