id	utterance_id	utterance_type	utterance_text	terminate	regDate	updDate
BE22018137	1	0	아들, 이따 엄마 데리러 올 수 있니? 엄마 지금 예전에 살았던 동네에 와 있는데 마음이 영 좋지 않구나.	N	2022-09-14 05:53:31	2022-11-08 05:19:35
BE22018137	2	1	당연히 모시러 가야죠. 무슨 일 있었어요?	N	2022-09-14 05:53:31	2022-09-14 05:53:31
BE22018137	3	0	오랜만에 옛 추억을 떠올릴 겸 찾아왔는데, 엄마의 첫 직장이었던 방직 공장이 예쁜 카페로 바뀌었더구나. 세월의 흐름을 이렇게 눈으로 확인하니 너무 슬픈 기분이 들어.	N	2022-09-14 05:53:31	2022-09-14 05:53:31
BE22018137	4	1	아무래도 실제로 변화를 목격하게 되면 더 씁쓸한 기분이 드는 건 누구나 마찬가지인가 봐요. 게다가 어느 정도 추억이 있던 곳이 사라졌으니. 어머니의 마음이 슬퍼지는 것도 공감이 가요.	N	2022-09-14 05:53:31	2022-11-08 05:19:35
BE22018137	5	0	시간이 나를 떼 놓고 저 혼자 달려 나간 것 같아서 슬프다. 공장은 카페로 바뀌었지만 나는 그냥 늙기만 했을 뿐 유의미한 변화가 없는 것 같아. 서글퍼져서 눈물이 나는구나.	N	2022-09-14 05:53:31	2022-11-08 05:19:35
BE22018137	6	1	아, 어머니. 어머니 덕분에 저는 장성한 성인이 되었지만 그만큼 어머니의 세월이 흘러갔다는 사실이 슬퍼요. 세상은 하루아침에 변하지만, 추억은 하루아침에 잊히지 않으니까요. 저도 덩달아 슬퍼지는 기분이에요.	N	2022-09-14 05:53:31	2022-11-08 05:19:35
BE22018137	7	0	그래, 너도 엄마의 마음을 잘 아는구나. 속절없이 가는 세월을 내가 잘 살아내긴 한 건지 모르겠어. 그저 한없이 슬픈 마음만 드는구나.	N	2022-09-14 05:53:31	2022-11-08 05:19:35
BE22018137	8	1	누구든 스쳐 지나간 세월에 대해 후회하는 건 마찬가지인 것 같아요. 하지만, 어머니는 누구보다 좋은 어머니셨고, 덕분에 제가 이렇게 행복하게 클 수 있었어요. 너무 슬퍼하지 마세요. 어머니가 살아낸 시간의 결과인 제가 있잖아요.	N	2022-09-14 05:53:31	2022-11-08 05:19:36
BE22018137	9	0	위로해줘서 고맙구나, 아들아. 10년이면 강산이 변한다는데, 내게 추억이 있던 공간들이 바뀌는 것도 당연한 이치이겠지. 머리로는 이해하는데 왜 이렇게 마음이 아프고 슬픈지 모르겠어.	N	2022-09-14 05:53:31	2022-11-08 05:19:36
BE22018137	10	1	어머니의 젊음과 꿈과 희망이, 방직 공장과 함께 사라졌다는 생각이 들 것 같아요. 하지만 어머니의 젊음과 꿈과 희망은 전혀 사라지지 않았고, 어머니 안에서 살아 숨 쉬고 있어요. 결과로 남은 건 저뿐만 아니라 지금의 어머니이기도 해요.	N	2022-09-14 05:53:31	2022-11-08 05:19:36
BE22018137	11	0	네 따스한 말들이 엄마의 마음을 가만가만 어루만지는구나. 덕분에 기분이 조금 나아졌어. 젊음은 사라진 것이 아니라 세월이라는 형태로 나에게 여전히 남아있겠지, 그렇게 생각하니 슬픔이 잦아드는 듯해.	N	2022-09-14 05:53:31	2022-11-08 05:19:36
BE22018137	12	1	네, 정말 그래요. 시간은 그저 흘러가는 게 아니라 엄마와 저라는 사람을 만들어왔어요. 방직 공장이 카페로 바뀌는 동안 엄마의 삶에도 비슷한 변화가 많이 있었을 거예요!	N	2022-09-14 05:53:31	2022-11-08 05:19:36
BE22018137	13	0	그렇게 말해줘서 정말 고맙구나. 엄마가 자식 농사 하나는 끝내주게 지었지!	N	2022-09-14 05:53:31	2022-11-08 05:19:36
BE22018137	14	1	저도, 제가 엄마가 기댈 수 있는 아들이 되었다는 사실이 기뻐요. 조금 이따가 출발할 때 또 연락드릴게요!	Y	2022-09-14 05:53:31	2022-11-08 05:19:36
