id	utterance_id	utterance_type	utterance_text	terminate	regDate	updDate
BE22011679	1	0	잘 지내세요 할아버지? 제가 너무 힘이 없네요.	N	2022-07-26 00:57:04	2022-11-08 04:39:28
BE22011679	2	1	오늘도 아르바이트 다녀왔니? 오늘 발표하는 날이라고 네 아버지가 그러던데. 결과는 나왔니?	N	2022-07-26 00:57:04	2022-11-08 04:39:28
BE22011679	3	0	네. 결과 나왔어요. 죄송해요, 할아버지. 진짜 너무 가고 싶었던 대학인데 떨어져서 너무 슬퍼요, 힘들어요.	N	2022-07-26 00:57:04	2022-11-08 04:39:28
BE22011679	4	1	왜 죄송하니? 속상하겠구나. 열심히 준비하고 기대했었는데. 할애비도 마음이 참 아프다.	N	2022-07-26 00:57:04	2022-11-08 04:39:28
BE22011679	5	0	제가 너무 가고 싶어서 재수까지 했는데. 그 대학 떨어졌어요. 실망시켜서 죄송해요, 할아버지.	N	2022-07-26 00:57:04	2022-11-08 04:39:28
BE22011679	6	1	실망이라니. 그런 소리 말아라. 대학 떨어졌다고 실망하는 할애비가 어딨어. 그저 네가 할아버지 생각해서 연락하는 것이 감사하다 할아버지는.	N	2022-07-26 00:57:04	2022-11-08 04:39:28
BE22011679	7	0	그래도 제가 재수한다고 난리 쳐가면서 준비했던 대학인데 떨어져서 너무 제 자신이 실망스러워요. 가족들을 볼 면목이 없어요.	N	2022-07-26 00:57:04	2022-11-08 04:39:28
BE22011679	8	1	예전부터 가고 싶었던 과가 있는 곳이라 많이 준비 했었는데 아무렴 네가 많이 속상하겠구나. 할아버지도 네 마음 이해한다.	N	2022-07-26 00:57:04	2022-11-08 04:39:28
BE22011679	9	0	네. 맞아요. 너무 가고 싶었는데 또 수능을 준비할 용기는 안 나고. 어떻게 해야 할지 모르겠어요.	N	2022-07-26 00:57:04	2022-11-08 04:39:28
BE22011679	10	1	답답하고 스스로에게 실망감도 크겠지만 그 대학 외에 또 다른 대학들도 붙었잖니. 작년보다 더 많은 곳에 붙었으니 우선 하나를 결정하는 건 어떨까? 계속 미련이 남으면 편입을 준비해도 좋고.	N	2022-07-26 00:57:04	2022-11-08 04:39:28
BE22011679	11	0	맞아요. 편입도 방법이에요. 근데 지금은 마음이 너무 힘들어요.	N	2022-07-26 00:57:04	2022-11-08 04:39:28
BE22011679	12	1	작년보다 선택의 폭이 넓어졌다고 생각해보는 건 어떻겠니? 조금이라도 마음이 더 기우는 쪽으로 결정을 하는 게 좋겠구나.	N	2022-07-26 00:57:04	2022-11-08 04:39:28
BE22011679	13	0	감사해요, 할아버지. 제가 너무 애처럼 말씀드렸죠.	N	2022-07-26 00:57:04	2022-11-08 04:39:28
BE22011679	14	1	아니다. 많이 속상한 것 같아서 할아버지도 마음이 안 좋단다. 하지만 그만큼 열심히 했던 모습을 알아서 자랑스럽기도 하다. 이번 주에 집에 오려무나 맛있는 것 해줄게.	N	2022-07-26 00:57:04	2022-11-08 04:39:28
BE22011679	15	0	네 할아버지. 이번 주에 찾아뵐게요.	Y	2022-07-26 00:57:04	2022-11-08 04:39:28
