id	utterance_id	utterance_type	utterance_text	terminate	regDate	updDate
BE22018404	1	0	아들아, 이제 아빠가 많이 늙었나 보다. 괜스레 슬프고 눈물이 날 거 같구나. 찬 것을 먹으면 이가 굉장히 시리구나.	N	2022-09-15 11:05:21	2022-11-08 05:21:16
BE22018404	2	1	아버지가 슬프다고 하시니까 제 마음도 슬프네요. 요즘 부쩍이나 아버지 어깨가 처진 게 느껴져서 마음이 안 좋았는데. 아버지가 슬프다고 하시니까 더 마음이 아파요.	N	2022-09-15 11:05:21	2022-11-08 05:21:16
BE22018404	3	0	너도 느끼고 있었구나? 얼마 전까지만 해도 늙은 걸 하나도 느끼지 못했었는데. 갑자기 요즘 들어 어깨에 힘도 안 들어가고 삶에 의욕이 없어서 슬프구나.	N	2022-09-15 11:05:21	2022-11-08 05:21:16
BE22018404	4	1	40년 넘게 열심히 회사 다니시다가 얼마 전에 은퇴하셨잖아요. 뭔가 의욕이 떨어지고 삶이 무미건조해진 느낌이 들 거 같아요.	N	2022-09-15 11:05:21	2022-11-08 05:21:16
BE22018404	5	0	정말 그런 거 같아. 회사에 다니면서 사회에 일원으로 생활하고 가장으로서 책임을 다하는 거 같아 마음이 뿌듯했는데. 이제는 은퇴하니 가장의 역할을 못 하는 거 같고, 사회에서도 도태된 거 같아 마음도 헛헛하구나.	N	2022-09-15 11:05:21	2022-11-08 05:21:16
BE22018404	6	1	아버지가 얼마나 열심히 살아오셨는지 다 알아요. 그래서 아버지의 슬픈 마음을 생각하니 제 마음이 더 아프고 안타까워요. 그러니, 너무 슬퍼하지 마세요, 아버지는 지금까지 성실히 살아오셨잖아요.	N	2022-09-15 11:05:21	2022-11-08 05:21:16
BE22018404	7	0	요즘 안 그래도 내가 늙었다, 어느 곳에서도 내가 필요하지 않다는 생각에 몹시 힘들었단다. 그런데 찬 것을 먹고 여기까지 시리는 걸 보니. 내가 정말로 늙었다는 게 더 실감이 나서 오늘따라 슬픔이 밀려오고 눈물이 나는구나.	N	2022-09-15 11:05:21	2022-11-08 05:21:17
BE22018404	8	1	안 그래도 울적하고 마음이 안 좋으셨는데, 이까지 시리시니 더 씁쓸해지셨을 거 같아요. 그런데, 아버지가 지금까지 가족을 위해 희생하고 헌신해 주셔서 우리 가족이 평안했어요. 지금까지 너무 고생하셨어요, 이제 조금 여유롭게 노후생활을 즐기셔도 좋을 거 같아요.	N	2022-09-15 11:05:21	2022-11-08 05:21:17
BE22018404	9	0	사실 엄마는 이것저것 교육도 받고 취미활동으로 집을 비우잖니. 종일 혼자 있다 보니 더 그랬던 거 같아. 그래서 더 늙은 거 같고 심란했던 거 같구나.	N	2022-09-15 11:05:21	2022-11-08 05:21:17
BE22018404	10	1	힘드신데도 한번 티 안 내시고 저희 삼 남매를 대학에서부터 결혼까지 도움을 주셨잖아요. 그동안 아버지 덕분에 우리 가족이 평안하고 행복했어요. 이제는 저희 삼 남매가 아버지가 편안하고 행복하게 지내실 수 있도록 도울게요.	N	2022-09-15 11:05:21	2022-11-08 05:21:17
BE22018404	11	0	네가 나에게 고생했다고 얘기해 주니 울적한 마음이 조금은 위로가 되는구나. 거기다 감사하다고 하니 울적하고 늙어서 슬펐던 마음이 괜찮아지는 거 같구나.	N	2022-09-15 11:05:21	2022-11-08 05:21:17
BE22018404	12	1	아버지가 나이 드신 거 같아서 울적하신 때에 하필 여기까지 시리셔서 더 슬프셨겠지만. 나이가 드셔서 찬 것에 이가 시린 건 아닐 거예요. 저도 스트레스 많이 받거나 피곤할 때 이따금 찬물을 마시면 이가 시려요.	N	2022-09-15 11:05:21	2022-11-08 05:21:17
BE22018404	13	0	그렇구나. 그래 너 문자처럼 정말 그럴 수도 있겠구나. 그리고 네가 힘을 주고 격려해 주니 너무 좋다. 더 힘을 내 볼게, 고맙다.	N	2022-09-15 11:05:21	2022-11-08 05:21:17
BE22018404	14	1	아버지 그동안 너무 고생하셨어요. 혹시 이가 계속 그러시면 제가 같이 치과에 모시고 갈게요.	Y	2022-09-15 11:05:21	2022-11-08 05:21:17
