id	utterance_id	utterance_type	utterance_text	terminate	regDate	updDate
BE22007560	1	0	딸, 엄마가 퇴근이 늦어질 것 같은데 식당에는 아빠랑 먼저 가 있어. 빨리 퇴근할 줄 알았는데 늦어져서 정말 아쉽네.	N	2022-07-10 11:55:32	2022-11-08 04:13:07
BE22007560	2	1	오늘 일이 많으신가 봐요. 가서 기다리고 있을 테니까 천천히 오세요.	N	2022-07-10 11:55:32	2022-11-08 04:13:07
BE22007560	3	0	퇴근 30분 전에 팀장님이 급한 일을 맡기셔서 이것까지는 처리해야 할 것 같아. 우리 딸 생일인데 엄마가 늦어서 미안하고 속상하네.	N	2022-07-10 11:55:32	2022-11-08 04:13:07
BE22007560	4	1	회사에서 엄마 도움이 급하게 필요하다고 하니까 어쩔 수 없죠. 전 괜찮으니까 걱정 마세요.	N	2022-07-10 11:55:32	2022-11-08 04:13:07
BE22007560	5	0	다른 날도 아니고 네 생일날까지 이런 일이 생기니까 너무 기운이 빠지네. 오늘은 꼭 일찍 퇴근해서 같이 축하해 줄 계획이었는데 늦게 되다니 실망스럽구나.	N	2022-07-10 11:55:32	2022-11-08 04:13:07
BE22007560	6	1	바라던 일이 뜻대로 되지 않아서 엄마가 많이 낙심하셨나 봐요. 엄마가 실망하시니 저도 같이 마음이 아프고 시리네요.	N	2022-07-10 11:55:32	2022-11-08 04:13:07
BE22007560	7	0	미안해. 평소에 일을 더 하는 거야 아무 문제 없지. 그런데 오늘은 일찍 퇴근해야 한다고 몇 번이나 말씀드렸는데도 이러니까 상심하게 되는구나.	N	2022-07-10 11:55:32	2022-11-08 04:13:07
BE22007560	8	1	저는 엄마가 신경 써주시고 노력해 주신 것만으로도 충분히 감사하고 엄마의 사랑을 느끼고 있는걸요. 그러니까 너무 슬퍼하지 마시고 기운 내세요.	N	2022-07-10 11:55:32	2022-11-08 04:13:07
BE22007560	9	0	네가 주인공인 날이라 실망감도 컸을 텐데 위로해줘서 고맙다. 맥이 풀려서 의욕이 안 났는데 덕분에 다시 힘내서 빨리 일 끝내고 가야겠다는 생각이 드네.	N	2022-07-10 11:55:32	2022-11-08 04:13:07
BE22007560	10	1	엄마가 본인 일에 열정을 가지고 항상 최선을 다하시는 모습이 멋진걸요. 저도 상황 충분히 이해하고 잘 기다릴 수 있어요. 그러니까 엄마는 멋지게 할 일 다 하고 가벼운 마음으로 오시면 돼요.	N	2022-07-10 11:55:32	2022-11-08 04:13:07
BE22007560	11	0	우리 딸 응원받았으니 기대에 보답해야겠네. 조금만 기다려주면 금방 갈게.	N	2022-07-10 11:55:32	2022-11-08 04:13:07
BE22007560	12	1	네, 엄마. 아빠랑 메뉴 고르고 주문해두면 되니까 저희 걱정은 말고 느긋하게 오세요.	N	2022-07-10 11:55:32	2022-11-08 04:13:07
BE22007560	13	0	넓은 마음으로 엄마의 고충을 이해해 줘서 고맙구나. 네가 좋아하는 초코 케이크는 엄마가 사가지고 갈 테니까 기다리고 있어.	N	2022-07-10 11:55:32	2022-11-08 04:13:07
BE22007560	14	1	그거면 충분하죠. 바쁜데도 잊지 않고 챙겨주셔서 감사해요.	N	2022-07-10 11:55:32	2022-11-08 04:13:07
BE22007560	15	0	사랑하는 우리 딸 생일인데 당연하지. 아빠랑 둘이서 먼저 맛있는 거 시켜서 많이 먹고 있어. 이따 보자.	Y	2022-07-10 11:55:32	2022-11-08 04:13:07
