id	utterance_id	utterance_type	utterance_text	terminate	regDate	updDate
BE22016427	1	0	할머니, 저 오늘 치과에 갔었는데, 이빨이 세 개나 상해서 너무 슬펐어요.	N	2022-08-30 06:26:15	2022-08-30 06:26:15
BE22016427	2	1	하나도 아니고 둘도 아니고 세 개나? 우리 손자가 속상했을 걸 생각하니 할머니 마음도 아파서 눈물이 날 것 같아. 그런데 우리 손자 이가 세 개나 한꺼번에 썩은 이유가 뭘까?	N	2022-08-30 06:26:15	2022-11-08 05:09:15
BE22016427	3	0	오랫동안 자기 전에 양치를 안 해서 이빨이 상한 것 같아요. 제가 피곤하다고 양치를 거르고 잠이 들었거든요. 이빨이 썩으니까 파도처럼 후회가 밀려와요.	N	2022-08-30 06:26:15	2022-08-30 06:26:15
BE22016427	4	1	우리 손자가 일부러 그런 것은 아닐 테고 많이 힘들었나 보다. 피곤해서 그런 것인데, 네가 힘든 것 같아 할머니 맘이 짠하다.	N	2022-08-30 06:26:15	2022-11-08 05:09:15
BE22016427	5	0	양치를 잘했다면 썩진 않았을 텐데, 어쩌면 좋을지 모르겠어요. 한꺼번에 세 개나 뺀다고 생각하니 눈물이 자꾸 나와요.	N	2022-08-30 06:26:15	2022-11-08 05:09:15
BE22016427	6	1	이를 한꺼번에 세 개씩이나 뽑아야 한다니 얼마나 속상하겠어. 할머니도 손자가 아파할 생각을 하니 벌써 눈물이 날 것 같아.	N	2022-08-30 06:26:15	2022-11-08 05:09:15
BE22016427	7	0	할머니도 제가 걱정스러워서 그렇죠? 나만 겁나는 거 아니죠? 그런데 엄마는 전혀 걱정하지 않아요. 너무해요.	N	2022-08-30 06:26:15	2022-08-30 06:26:15
BE22016427	8	1	가뜩이나 속상하고 슬픈데 엄마는 아무렇지 않은 듯한 표정이었구나. 그러면 네가 속상하고 서운할 수밖에 없지.	N	2022-08-30 06:26:15	2022-11-08 05:09:15
BE22016427	9	0	엄마는 저한테 저녁마다 몇 번씩 이빨을 닦으라고 말을 했으니 제 잘못이긴 해요. 피곤해서 잠이 든 경우도 있지만 대부분 귀찮아서 안 닦은 경우가 많아요. 그래서 제가 많이 후회하고 있어요.	N	2022-08-30 06:26:15	2022-08-30 06:26:15
BE22016427	10	1	지금 썩은 이가 빠지면 새 이가 날 테니 걱정하지 않아도 된단다.	N	2022-08-30 06:26:15	2022-11-08 05:09:15
BE22016427	11	0	정말이에요? 앞니 빠졌던 것처럼 새로 나오는 거란 말이죠? 이제야 정말 안심이에요. 아, 그래서 엄마가 걱정하지 않았던 것이었군요.	N	2022-08-30 06:26:15	2022-08-30 06:26:15
BE22016427	12	1	새로 나오는 이는 할머니 나이가 될 때까지도 다시 나지 않는 거란다. 그러니 이제부터는 피곤해도 꼭 양치하고 자는 거야? 알았지? 할머니랑 약속하자.	N	2022-08-30 06:26:15	2022-11-08 05:09:15
BE22016427	13	0	네, 약속! 저는 이번에 썩은 이빨은 빠지면 안 나는 줄 알았어요. 그런데 이빨이 새로 난다니 조금 전까지 슬펐던 마음이 사라지고 하늘을 날 것처럼 기분이 좋아졌어요.	N	2022-08-30 06:26:15	2022-11-08 05:09:15
BE22016427	14	1	우리 손자가 기분이 좋아졌다고 하니까 할머니가 덩실덩실 춤이라도 추고 싶구나.	N	2022-08-30 06:26:15	2022-11-08 05:09:15
BE22016427	15	0	할머니, 감사해요. 덕분에 마음이 무척 편해졌어요.	Y	2022-08-30 06:26:15	2022-11-08 05:09:15
