id	utterance_id	utterance_type	utterance_text	terminate	regDate	updDate
BE22001144	1	0	어제 엄마랑 처음으로 연극을 봤잖아요.	N	2022-06-14 04:17:01	2022-11-08 03:31:45
BE22001144	2	1	그래, 너희 엄마가 참 좋아하더라.	N	2022-06-14 04:17:01	2022-11-08 03:31:45
BE22001144	3	0	집에 와서 생각하니 속상하더라고요.	N	2022-06-14 04:17:01	2022-11-08 03:31:45
BE22001144	4	1	우리 딸이 엄마랑 연극 잘 보고 왜 그런 기분이 들었을까?	N	2022-06-14 04:17:01	2022-11-08 03:31:45
BE22001144	5	0	그렇게 즐거워하시는데 평소에 연극 좀 자주 보여 드릴 걸 그랬다 싶어서요.	N	2022-06-14 04:17:01	2022-11-08 03:31:45
BE22001144	6	1	아, 그런 생각이 들어서 후회도 되고 마음이 안 좋았구나.	N	2022-06-14 04:17:01	2022-11-08 03:31:45
BE22001144	7	0	네, 저 어릴 때 두 분이 공연 자주 보여주셨잖아요. 이제 제가 모시고 다녀야 하는데 생각도 못 했어요.	N	2022-06-14 04:17:01	2022-11-08 03:31:45
BE22001144	8	1	요즘 먹고사느라 정신없으니 그렇지. 너 일하랴 아이들 키우랴 바쁘잖아.	N	2022-06-14 04:17:01	2022-11-08 03:31:45
BE22001144	9	0	그래도 더 신경을 썼어야 하는데 죄송해요.	N	2022-06-14 04:17:01	2022-11-08 03:31:45
BE22001144	10	1	너처럼 부모한테 잘하는 딸이 어디 있다고 그래. 늘 우리 건강 챙기고 선물 보내고 안부 전화도 자주 하고.	N	2022-06-14 04:17:01	2022-11-08 03:31:45
BE22001144	11	0	말씀만이라도 감사해요. 아빠가 그렇게 말씀하시니 마음이 좀 편해지네요.	N	2022-06-14 04:17:01	2022-11-08 03:31:45
BE22001144	12	1	진심으로 하는 말이야. 우리는 늘 네가 대견하고 고마우니 걱정 안 해도 된다.	N	2022-06-14 04:17:01	2022-11-08 03:31:45
BE22001144	13	0	그래도 이제는 자주 모시고 나갈게요. 다음에는 아빠도 같이 연극 보러 가세요.	N	2022-06-14 04:17:01	2022-11-08 03:31:45
BE22001144	14	1	좋지, 우리 딸이랑 데이트할 생각을 하니 벌써 신나는구나.	Y	2022-06-14 04:17:01	2022-11-08 03:31:45
