id	utterance_id	utterance_type	utterance_text	terminate	regDate	updDate
BE22005937	1	0	엄마. 스타일에 변화를 좀 주고 싶은데 어떡해야 할지 모르겠어요.	N	2022-07-04 04:44:38	2022-11-08 04:02:37
BE22005937	2	1	우리 딸이 요즘 패션에 관심이 많더니 그 고민이 깊어졌구나. 어떤 식으로 스타일을 변화하고 싶니?	N	2022-07-04 04:44:38	2022-11-08 04:02:37
BE22005937	3	0	제가 또래에 비해 너무 어려 보인다는 말을 많이 들어서요. 좀 성숙하게 변하고 싶은데, 어떻게 해야 될지 모르겠어서 너무 막막해요. 뭘 입어도 안 어울리는 것 같아서 거울만 보면 눈물이 나려 하네요.	N	2022-07-04 04:44:38	2022-11-08 04:02:37
BE22005937	4	1	우리 딸이 그동안 그런 말을 들어서 스트레스를 많이 받았겠구나. 어디에 말할 곳도 없고 우리 딸이 정말 막막했을 것 같아. 이제라도 말해주니 고맙구나.	N	2022-07-04 04:44:38	2022-11-08 04:02:37
BE22005937	5	0	옷장에는 후드티나 맨투맨 같은 너무 어려 보이는 옷들만 잔뜩이에요. 이걸로 택도 없을 것 같아서 너무 우울해요.	N	2022-07-04 04:44:38	2022-11-08 04:02:37
BE22005937	6	1	많이 슬펐겠구나. 하지만 네가 최근에 알바를 해서 열심히 돈을 벌었잖아. 새로운 옷을 사보는 것도 좋을 것 같아. 기분전환도 할 겸 말이야.	N	2022-07-04 04:44:38	2022-11-08 04:02:37
BE22005937	7	0	옷을 사서 만약 안 어울리면 어쩌죠? 돈낭비를 하는 셈이잖아요.	N	2022-07-04 04:44:38	2022-11-08 04:02:37
BE22005937	8	1	네가 아직 한 번도 성숙하게 옷을 입어보지 않아서 어색할 수 있을 것 같아. 하지만 스타일의 변화를 주면서 너에게 맞는 스타일을 찾는 게 장기적으로는 좋은 일 아닐까? 그러다보면 우리 딸이 원하던 스타일을 찾을 수 있을 것 같은데.	N	2022-07-04 04:44:38	2022-11-08 04:02:37
BE22005937	9	0	괜한 짓을 하는 게 아닌가 싶어요. 스타일을 변화시킨다고 해서 또래와 비슷하게 보일지도 모르겠어요. 너무 우울해요.	N	2022-07-04 04:44:38	2022-11-08 04:02:37
BE22005937	10	1	엄마가 보기에는 우리 딸은 키도 크고 다리도 길어서 성숙한 옷을 충분히 소화할 것 같은데? 엄마 생각에는 네가 우려했던 것보다 생각보다 더 잘 어울릴 것 같아. 너무 걱정하지 말고 한번 시도를 해보면 좋을 것 같아.	N	2022-07-04 04:44:38	2022-11-08 04:02:37
BE22005937	11	0	스타일의 변화를 주고 싶은 이유가 사실 제가 좋아하는 사람이 생겼기 때문이기도 한데요. 그 사람에게 관심을 받을 수 있을까요?	N	2022-07-04 04:44:38	2022-11-08 04:02:37
BE22005937	12	1	당연하지. 스타일에 변화를 주면 그 사람도 너에게 한 번 더 눈길이 갈 수밖에 없을 거야. 일단 한번 시도해보는 게 성공의 첫걸음이잖아.	N	2022-07-04 04:44:38	2022-11-08 04:02:37
BE22005937	13	0	그렇게 말씀해주셔서 감사해요. 일단 시도가 중요하다는 거군요.	N	2022-07-04 04:44:38	2022-11-08 04:02:37
BE22005937	14	1	당연하지. 시도를 해보지 않으면 변화하기 힘드니까 말이야. 우리 딸이 막막하고 고민이 많겠지만 옷을 직접 입고 골라보면서 너만의 스타일을 찾을 수 있을 거야. 엄마가 같이 알아봐줄게.	N	2022-07-04 04:44:38	2022-11-08 04:02:37
BE22005937	15	0	그렇게 말씀해주셔서 감사해요. 용기가 생겼어요.	N	2022-07-04 04:44:38	2022-11-08 04:02:37
BE22005937	16	1	변화를 두려워하지 말고 긍정적으로 생각해봐. 너의 마음도 건강해질 거란다. 그 남자와 잘 되는 건 시간 문제고 말이야.	N	2022-07-04 04:44:38	2022-11-08 04:02:37
BE22005937	17	0	감사해요 엄마. 긍정적으로 생각해보도록 노력할게요!	Y	2022-07-04 04:44:38	2022-11-08 04:02:37
