id	utterance_id	utterance_type	utterance_text	terminate	regDate	updDate
BE22010997	1	0	엄마, 저 이번 명절에 못 찾아뵐 것 같아요. 정말 죄송해요.	N	2022-07-22 06:44:15	2022-11-08 04:35:06
BE22010997	2	1	왜? 요즘 회사 일이 몹시 바쁘니?	N	2022-07-22 06:44:15	2022-11-08 04:35:06
BE22010997	3	0	아뇨. 그게 아니라... 제가 너무 한심해서 말씀드리기가 부끄러워요. 제가 한 행동이 정말 후회되고, 죄송해서 눈물이 다 나네요.	N	2022-07-22 06:44:15	2022-11-08 04:35:06
BE22010997	4	1	우리 딸, 무슨 일 있었니? 마음 아파하는 네 모습을 보니까 엄마 마음이 다 미어진다. 어서 말해보렴.	N	2022-07-22 06:44:15	2022-11-08 04:35:06
BE22010997	5	0	사실 오늘 아침 알람을 못 들어서 기차 예매 시간을 놓쳤어요. 잠에서 깨 시간을 보는데 정말 하늘이 무너지는 것 같은 기분이 들더라고요.	N	2022-07-22 06:44:15	2022-11-08 04:35:06
BE22010997	6	1	그런 일이 있어서 우리 딸이 이렇게 슬프구나. 오랜만에 가족들 볼 수 있는 시간이라 기대했을 텐데, 스스로 실망감이 들었나 보다.	N	2022-07-22 06:44:15	2022-11-08 04:35:06
BE22010997	7	0	맞아요, 어젯밤 휴대폰을 충전하고 잤어야 했는데 피곤하다고 그냥 자버린 저 자신이 원망스러워 죽겠어요.	N	2022-07-22 06:44:15	2022-11-08 04:35:06
BE22010997	8	1	바쁘게 살다 보면 피곤해서 그럴 수도 있지. 엄마는 괜찮으니까 너 자신을 너무 원망하지 말았으면 좋겠어.	N	2022-07-22 06:44:15	2022-11-08 04:35:06
BE22010997	9	0	그래도 오랜만에 찾아뵙는 자리인데 저 때문에 못 뵙게 되니 정말 속상하고 면목이 없어요.	N	2022-07-22 06:44:15	2022-11-08 04:35:06
BE22010997	10	1	우리 딸, 속상한 마음 충분히 이해해. 하지만 다음에도 얼마든지 다시 볼 수 있는 날이 있으니까 너무 속상해하지 마.	N	2022-07-22 06:44:15	2022-11-08 04:35:06
BE22010997	11	0	감사해요, 엄마가 이해해 주시니 마음이 한결 편해지네요. 다음번에는 이런 일이 없도록 컨디션을 조절해야겠어요.	N	2022-07-22 06:44:15	2022-11-08 04:35:06
BE22010997	12	1	그래. 요즘 바빠서 정신이 없었을 텐데 이참에 푹 쉬면서 너를 돌아보는 건 어떠니? 충분한 휴식을 취하면 몸과 마음에 여유를 찾을 수 있을 거야.	N	2022-07-22 06:44:15	2022-11-08 04:35:06
BE22010997	13	0	엄마 말씀을 들으니 일에 치여 살며 저를 돌보려 하지 않았던 것 같네요. 저 자신에게 미안한 마음이 들어 토닥여주고 싶어요.	N	2022-07-22 06:44:15	2022-11-08 04:35:06
BE22010997	14	1	이제라도 깨달았다면 다행인 거야. 푹 쉬면서 너 자신을 잘 보듬어주렴. 무엇보다도 너 자신이 우선순위라는 걸 잊지 마.	N	2022-07-22 06:44:15	2022-11-08 04:35:06
BE22010997	15	0	네. 이번에는 잘 쉬고 다음에는 웃는 모습으로 뵐게요!	Y	2022-07-22 06:44:15	2022-11-08 04:35:06
