id	utterance_id	utterance_type	utterance_text	terminate	regDate	updDate
BE22018621	1	0	엄마, 나 어떡해. 이번에 검사 결과가 안 좋게 나왔어.	N	2022-09-17 05:48:59	2022-11-08 05:22:30
BE22018621	2	1	우리 딸, 저번에 한다던 검사 말이야? 아니, 심각한 일이니? 너무 힘든 일 생긴 거 아니니?	N	2022-09-17 05:48:59	2022-11-08 05:22:30
BE22018621	3	0	내가 저번부터 글 읽는 게 어렵다고 했잖아. 그래서 검사를 다 해봤는데 난독증이라고 하더라. 난 이제 하던 공부들 어떡해.	N	2022-09-17 05:48:59	2022-09-17 05:48:59
BE22018621	4	1	우리 딸, 엄마가 난독증은 잘 모르지만 네가 큰 충격을 받았다는 것을 알겠어. 너에게 무슨 일이 생기건 우리 딸은 우리 딸, 나는 네 엄마라는 사실은 영원할 거야. 같이 걱정되는 일 있으면 얘기해보자.	N	2022-09-17 05:48:59	2022-11-08 05:22:30
BE22018621	5	0	글을 잘 못 읽으니까 내가 하고 싶던 일들도 이제 다 못 해. 하고 싶던 선생님도 못 하고 아무것도 못 해. 어느 누가 글도 못 읽는 선생님에게 배우고 싶겠어.	N	2022-09-17 05:48:59	2022-11-08 05:22:30
BE22018621	6	1	우리 딸, 걱정스러운 일이야. 많이 상처받고 당혹스러울 거 같아. 우리 딸이 하고 싶던 일들 잘했으면 좋겠는데, 지금 바로 희망을 버리진 않았으면 좋겠어.	N	2022-09-17 05:48:59	2022-11-08 05:22:30
BE22018621	7	0	나는 선생님 되기도 전에 당장 시험도 더 잘 볼 수가 없어. 그동안 글자가 제대로 눈에 하나도 안 들어오던데 잠깐 그러다가 괜찮아질 줄 알았어. 그런데 이제 더 노력해도 안 되는 거잖아.	N	2022-09-17 05:48:59	2022-09-17 05:48:59
BE22018621	8	1	네가 받은 상처가 아무리 강하더라도 그 상처가 미래를 결정하는 일이라고 생각하진 않는단다. 더 노력해야 한다고만 말하지 않을게. 하지만 네 삶은 여전히 행복할 것이라고, 엄마도 같이 만들어갈 것이라는 거 알아줘.	N	2022-09-17 05:48:59	2022-11-08 05:22:30
BE22018621	9	0	계속 이렇게 못 읽을 텐데 사람들이랑 어떻게 잘 어울릴 수 있겠어. 나는 결국 혼자 남게 될 거야. 아무것도 읽을 수 없다는 게 이렇게 큰 제약 일 줄 몰랐어.	N	2022-09-17 05:48:59	2022-11-08 05:22:30
BE22018621	10	1	맞아. 읽고 쓰는 것은 분명 중요한 일이지. 그렇지만 너와 내가 말하고 듣고 보고 느끼는 것들로 살아 온 평생이잖아. 내가 너와 했던 시간이 소중했던 것처럼 앞으로 소중하다는 게 변치 않을 거야.	N	2022-09-17 05:48:59	2022-11-08 05:22:30
BE22018621	11	0	그럴까? 엄마랑 같이했던 과거는 변하지 않겠지만 나는 앞으로 장래가 어두운걸.	N	2022-09-17 05:48:59	2022-11-08 05:22:30
BE22018621	12	1	딸아, 누구도 네 앞이 어두울 거라고 할 수 없어. 지금도 이렇게 빛나는 우리 딸인걸. 앞으로 어려운 일이 분명히 많겠지만, 우리 딸을 조금도 포기할 생각이 없어, 같이 헤쳐 나가자.	N	2022-09-17 05:48:59	2022-11-08 05:22:30
BE22018621	13	0	엄마, 힘들었는데 엄마가 이렇게 해준 말들을 들으면서 조금 나아지는 거 같아. 혼자인 남겨진 듯한 마음이었는데, 혼자 헤쳐 나가지 않아도 된다고 하니 조금은 더 힘낼 수 있을 거 같아. 앞으로도 혼자 지쳐 쓰러져 있을 때는 엄마가 옆에 있어 주면 좋겠어.	N	2022-09-17 05:48:59	2022-11-08 05:22:30
BE22018621	14	1	그래, 우리 딸이 힘든 순간에 찾으라고 있는 사람이 바로 이 엄마야. 엄마가 그동안 살면서 배운 노력 경험 모두 우리 딸을 위해 쓸 거야. 그러니까 조금 더 믿어주면 좋겠어.	Y	2022-09-17 05:48:59	2022-11-08 05:22:30
