id	utterance_id	utterance_type	utterance_text	terminate	regDate	updDate
BE22010827	1	0	엄마 오늘 온종일 눈이 내리는데 내 마음도 춥네요. 오늘 엄마 손자, 우리 아들 군대 보내고 지금 집 들어가는 길이에요.	N	2022-07-21 13:13:47	2022-11-08 04:34:02
BE22010827	2	1	아이고, 우리 손자 이 추운 날 가서 고생 많이 하겠네. 너도 아들이 많이 걱정되겠어.	N	2022-07-21 13:13:47	2022-11-08 04:34:02
BE22010827	3	0	예, 그러니까요. 이번이 역대급 한파라는데, 우리 아들 안 그래도 마음이 심란할 텐데 날씨까지 도와주지 않으니 저도 우울하네요. 얼마나 고생할까 싶으면 계속 눈물이 나요.	N	2022-07-21 13:13:47	2022-11-08 04:34:02
BE22010827	4	1	하나뿐인 아들 군대 보내고 네가 얼마나 가슴이 아프겠어. 네 말을 들으니 나도 우리 손자 생각나서 가슴이 아린다. 오늘 하루가 아주 고되었을 것 같아서 속상하네.	N	2022-07-21 13:13:47	2022-11-08 04:34:02
BE22010827	5	0	네, 맞아요. 우리 아들 가서 얼마나 많이 혼날지 걱정도 되고, 이 추운 날 얼마나 힘들겠어요. 우리 아들 혹시라도 가서 잘못되면 어떡하나 제대할 때까지 마음 졸일 것 같아요.	N	2022-07-21 13:13:47	2022-11-08 04:34:02
BE22010827	6	1	맞아, 그 마음 잘 알지. 나도 너 군대 보낼 때 종일 잠도 못 자고, 계속 네 생각만 나더구나. 지금에서야 웃으면서 말할 수 있지만, 그때 너 보내고 나서는 한참을 우울해했어.	N	2022-07-21 13:13:47	2022-11-08 04:34:02
BE22010827	7	0	엄마도 저 보낼 때 그러셨군요. 몰랐는데, 듣고 보니까 마음이 찡하네요. 이제 집에 도착하면 텅 빈 아들 방 볼 생각에 벌써 눈물이 앞을 가려요.	N	2022-07-21 13:13:47	2022-11-08 04:34:02
BE22010827	8	1	아이고, 얼마나 심란하겠어. 네가 아들을 그렇게 끔찍하게 여기는데 말이야. 그래도 네가 너무 걱정하고 속상할 일이 생기지 않을 테니 마음고생하지 않았으면 좋겠구나.	N	2022-07-21 13:13:47	2022-11-08 04:34:02
BE22010827	9	0	맞아요, 저도 그러고 싶네요. 하늘도 무심하시지, 하필이면 입대하는 날 이렇게 눈이 내리다니. 아들 군대 가서 무슨 일이 생기지는 않겠죠?	N	2022-07-21 13:13:47	2022-11-08 04:34:02
BE22010827	10	1	당연하지, 그리고 우리 손자 녀석 너 닮아서 씩씩하고 성격도 좋아서 어디를 가나 사랑받고 인정받을 거란다. 처음에는 네가 많이 마음 졸이겠지만, 분명 잘 적응할 테니 너무 걱정하지 말렴. 마음을 조금 편하게 먹고 기다리면 우리 손자도 어느새 휴가 나오고, 네 마음도 점차 나아질 거란다.	N	2022-07-21 13:13:47	2022-11-08 04:34:02
BE22010827	11	0	엄마 그렇게 위로해주셔서 감사해요. 저도 제 아들 군대 보내는 입장이 처음이라 많이 우울하고 상실감도 컸거든요. 평생 돌아오지 않는 것도 아닌데 말이에요.	N	2022-07-21 13:13:47	2022-11-08 04:34:02
BE22010827	12	1	그래, 처음이니까 당연히 그런 감정이 들 수밖에 없지. 게다가 이렇게 눈이 많이 내리는 날 아들을 먼 곳에 두고 왔으니 말이야. 당연히 그럴 수 있어.	N	2022-07-21 13:13:47	2022-11-08 04:34:02
BE22010827	13	0	맞아요, 마음에 공감해주셔서 너무 감사해요. 덕분에 마음이 한결 편해졌어요. 엄마 말대로 우리 아들 어딜 가나 잘 적응할 테고 곧 휴가도 나올 텐데 그렇죠?	N	2022-07-21 13:13:47	2022-11-08 04:34:02
BE22010827	14	1	그래, 당연하지. 그리고, 네 마음이 조금 편안해졌다니 다행이구나.	N	2022-07-21 13:13:47	2022-11-08 04:34:02
BE22010827	15	0	감사해요, 엄마. 나중에 아들 휴가 나오면 엄마 뵈러 같이 갈게요! 그때까지 잘 지내고 계세요.	Y	2022-07-21 13:13:47	2022-11-08 04:34:02
