id	utterance_id	utterance_type	utterance_text	terminate	regDate	updDate
BE22009009	1	0	아내의 마음을 되돌리고 싶어요.	N	2022-07-15 02:17:28	2022-11-08 04:22:21
BE22009009	2	1	무슨 일이 있었던 거니?	N	2022-07-15 02:17:28	2022-11-08 04:22:21
BE22009009	3	0	네 사실은 아내가 바라던 임신을 했는데 제가 아이 없이 둘이서 잘 살자고 했어요. 그랬더니 큰 실망을 했다고 잠시 떨어져 생각할 시간이 필요하다고 하네요. 그 말이 너무 슬프고 아프네요.	N	2022-07-15 02:17:28	2022-11-08 04:22:21
BE22009009	4	1	너는 새 아가의 임신이 별로 좋지 않았나 보구나. 아기를 바라던 며느리 입장에선 그게 이해가 안 되고 서운했을 테고. 혹시 아기를 원하지 않는 이유가 무언지 말해줄 수 있겠니?	N	2022-07-15 02:17:28	2022-11-08 04:22:21
BE22009009	5	0	저는 아버지 될 자신이 없었거든요. 사실 어려서 부모님이 이혼하시고 아버지의 부재를 겪으며 자라면서 나도 아버지가 되는 게 어렵다고 생각했어요.	N	2022-07-15 02:17:28	2022-11-08 04:22:21
BE22009009	6	1	이제껏 그런 내색을 안 하고 구김없이 밝게 자라 전혀 몰랐구나. 그동안 너 혼자 얼마나 마음이 아프고 외로웠을지 엄마 마음이 저릿하고 찢어지는 것 같아. 엄마가 너에게 큰 상처를 줘서 미안하구나.	N	2022-07-15 02:17:28	2022-11-08 04:22:21
BE22009009	7	0	지금이라도 이렇게 표현해 주셔서 고마워요. 아내에게도 말 못할 상처여서 혼자만 끙끙 앓았는데 아마 저는 위로와 이해의 마음이 고팠나 봐요.	N	2022-07-15 02:17:28	2022-11-08 04:22:21
BE22009009	8	1	왜 안 그렇겠어? 꺼내기 쉽지 않았을 텐데 지금이라도 엄마에게 속을 털어놔 줘서 눈물겹게 고맙다. 부모의 일로 어려서 겪었을 마음의 고통을 이제 더 이상 혼자 감내하지 않았으면 좋겠어.	N	2022-07-15 02:17:28	2022-11-08 04:22:21
BE22009009	9	0	늦었지만 이렇게 말씀드리고 나니 속이 뻥 뚫리는 기분이에요. 그리고 어머니가 제 마음을 알아주시니 진작에 말씀드릴 걸 하는 후회도 되고요.	N	2022-07-15 02:17:28	2022-11-08 04:22:21
BE22009009	10	1	그런 의미에서 이제라도 새 아가에게도 마음의 문을 열어 보는 건 어떻게 생각하니? 엄마는 너희가 서로 마음을 터놓고 이야기를 나누면 최악의 상황은 피할 수 있을 것 같은데. 새 아가도 마음속에 너에 대해 가진 서운한 마음이 있을 텐데 잘 들어주는 과정이 필요할 테고.	N	2022-07-15 02:17:28	2022-11-08 04:22:21
BE22009009	11	0	아무래도 그래야 하겠죠? 임신을 한 게 싫은 것도 아니고 여전히 아내를 사랑하고 있거든요. 그런데 이대로 오해한 채로 두면 별거하고 결국은 이혼까지 하게 될 테니까요.	N	2022-07-15 02:17:28	2022-11-08 04:22:21
BE22009009	12	1	그렇게 지극한 마음이 있다면 나중에 후회하는 것보다는 힘들더라도 진지하게 속 깊은 이야기를 나눠 보렴. 지금 엄마에게 속마음을 이야기한 것처럼 진심을 담아 말한다면 오해는 풀릴 거야. 그리고 며늘아기에 대한 변함 사랑을 표현한다면 둘이 분명 화해할 수 있을 거다.	N	2022-07-15 02:17:28	2022-11-08 04:22:21
BE22009009	13	0	네 말 꺼내기 쉽지 않겠지만 일생일대의 중요한 순간이나 노력해서 꼭 화해할게요. 아내의 마음을 돌려 예전처럼 아니 예전보다 더 사랑 가득한 온전한 가정을 이룰 거예요.	N	2022-07-15 02:17:28	2022-11-08 04:22:21
BE22009009	14	1	역시 따스하고 지혜로운 우리 아들답구나. 이제 꼬물거리는 새 생명을 품은 부모가 된 것을 진심으로 축하한다. 너는 분명히 좋은 아빠가 될 거야.	N	2022-07-15 02:17:28	2022-11-08 04:22:21
BE22009009	15	0	네 비록 마음의 결핍이 조금 있지만 좋은 부모가 되기 위해 늘 노력하는 사람이 될 거예요. 어머니와의 대화를 통해 진짜 중요한 게 무엇인지 알게 되었고 용기도 얻었어요. 고마워요.	N	2022-07-15 02:17:28	2022-11-08 04:22:21
BE22009009	16	1	아니야 엄마가 더 고마워. 너를 늘 응원한다, 아들아.	Y	2022-07-15 02:17:28	2022-11-08 04:22:21
