id	utterance_id	utterance_type	utterance_text	terminate	regDate	updDate
BE22016875	1	0	엄마, 오늘 동물 병원에 키우는 강아지를 데리고 갔어요. 종양이 많이 커졌대요. 더 이상 가망이 없다며 의사가 돌아섰어요. 너무 슬퍼요.	N	2022-09-01 08:43:47	2022-11-08 05:11:58
BE22016875	2	1	저런, 엄마도 마음이 안 좋구나. 우리와 10년을 함께한 아이인데 정이 많이 들었잖니. 무엇보다 혼자서 네가 많이 힘들 거 같아서 걱정이구나.	N	2022-09-01 08:43:47	2022-11-08 05:11:58
BE22016875	3	0	언젠가 올 날이란 걸 알고 있었는데 이렇게 아무것도 할 수 없을 줄은 몰랐어요. 수술하기엔 너무 노견이래요. 이제 시간이 흘러가는 걸 볼 수밖에 없는데, 눈물이 나요.	N	2022-09-01 08:43:47	2022-11-08 05:11:58
BE22016875	4	1	동물의 시간과 인간의 시간이 같으면 얼마나 좋겠니. 그렇지 못해서 안타깝고, 그리고 더 이상 우리의 강아지를 볼 수 없다는 사실이 슬프구나. 네가 이 일에 타격을 많이 받지 않기를 기도할게.	N	2022-09-01 08:43:47	2022-11-08 05:11:58
BE22016875	5	0	제 동생 같은 아이잖아요. 혼자 나와 살면서 이 아이에게 많은 의지를 했어요. 제 심장의 반쪽으로 보내버리는 것 같아서 너무 힘들고 눈물이 나요.	N	2022-09-01 08:43:47	2022-09-01 08:43:47
BE22016875	6	1	네가 힘들어할수록 네 강아지만 힘들 테니 그럴수록 네가 마음을 굳게 먹고 힘을 내야 해. 시간이 많이 남지 않았는데 행복한 모습으로 그 아이를 보내줘야 그 아이도 편안하게 갈 거야. 힘들겠지만 네가 씩씩해져야 한단다.	N	2022-09-01 08:43:47	2022-11-08 05:11:58
BE22016875	7	0	하지만 이건 제가 처음 겪어보는 감당할 수 없는 슬픔이에요. 어떻게 해야 할지 모르겠어요. 그냥 저의 일상생활조차 엉망이 된 거 같아요.	N	2022-09-01 08:43:47	2022-09-01 08:43:47
BE22016875	8	1	생명의 유한함을 받아들이렴. 그리고 지금 네가 할 수 있는 일을 찾아서 아이를 가장 행복하게 해주자. 그렇게 하면 너의 마음에도 위안이 될 거야.	N	2022-09-01 08:43:47	2022-11-08 05:11:58
BE22016875	9	0	그동안 좋아하는 간식이라도 많이 줄 걸 그랬어요. 제가 다 안 된다고만 한 거 같아서 미안해지네요. 어리석은 주인이었던 거 같아요.	N	2022-09-01 08:43:47	2022-11-08 05:11:58
BE22016875	10	1	너무 자책하지 말렴. 그 아이도 너의 마음을 충분히 잘 알고 있을 거야. 지금은 그저 그 아이와 더 좋은 시간을 보내고 시간의 흐름에 서로를 맡기렴.	N	2022-09-01 08:43:47	2022-11-08 05:11:58
BE22016875	11	0	엄마 말이 맞아요. 이렇게 슬퍼하고만 있을 수는 없네요. 우리에게는 정해져 있는 시간이 있으니 더 잘 해줘야겠어요.	N	2022-09-01 08:43:47	2022-11-08 05:11:58
BE22016875	12	1	그럼. 그 아이가 바라는 건 슬퍼하고 있는 너의 모습이 아니라 함께하는 행복한 모습일 거야. 세상에서 죽음이 있다는 건 너무 가혹한 일이지만. 그래도 받아들일 수밖에 없는 일이잖니.	N	2022-09-01 08:43:47	2022-11-08 05:11:58
BE22016875	13	0	소중한 조언이네요. 남은 시간을 더 귀하게 쓰려고 노력해야겠어요. 더 사랑을 듬뿍 줘야겠어요.	N	2022-09-01 08:43:47	2022-09-01 08:43:47
BE22016875	14	1	그렇게 헤어짐을 준비해 나가는 거란다. 물론 네가 많이 힘들겠지만 그래도 마지막을 후회 없이 함께한다면 금방 괜찮아질 거야.	N	2022-09-01 08:43:47	2022-11-08 05:11:59
BE22016875	15	0	고마워요. 힘내서 그 아이와 더 좋은 시간을 보낼게요. 마지막 길을 잘 배웅해줄게요.	Y	2022-09-01 08:43:47	2022-11-08 05:11:59
