id	utterance_id	utterance_type	utterance_text	terminate	regDate	updDate
BE22001191	1	0	아빠 미국지사로 간다는 얘기 들었어?	N	2022-06-14 05:40:02	2022-11-08 03:32:04
BE22001191	2	1	네, 어제 통화하면서 들었어요. 엄마 괜찮아요?	N	2022-06-14 05:40:02	2022-11-08 03:32:04
BE22001191	3	0	아니. 같이 있을 때는 가만히만 있어도 귀찮고 밉고 그랬는데, 막상 멀리 해외로 간다고 하니까 마음이 좀 그렇다.	N	2022-06-14 05:40:02	2022-11-08 03:32:04
BE22001191	4	1	아빠가 말수는 좀 적어도 엄마 많이 신경 써주고 그래서 더 그런가 봐요.	N	2022-06-14 05:40:02	2022-11-08 03:32:04
BE22001191	5	0	그건 아니야. 내 편을 들어달라는 건데, 꼭 다른 사람 편을 들고... 그래서 대화하다 싸운 게 어디 하루 이틀이니.	N	2022-06-14 05:40:02	2022-11-08 03:32:04
BE22001191	6	1	그러게. 그럴 땐 엄마 편을 좀 들어주지. 근데 남자들은 그걸 잘 못하더라고요.	N	2022-06-14 05:40:02	2022-11-08 03:32:04
BE22001191	7	0	그제 그랬었는데... 다음 주에 간다니까 참.	N	2022-06-14 05:40:02	2022-11-08 03:32:04
BE22001191	8	1	왜요? 마음에 걸리는 거라도 있어요?	N	2022-06-14 05:40:02	2022-11-08 03:32:04
BE22001191	9	0	그냥. 내가 괜히 툴툴거린 거 아닌가 하는 생각이 드네.	N	2022-06-14 05:40:02	2022-11-08 03:32:04
BE22001191	10	1	아빠랑 다투고 아직 화해는 못하신 거예요?	N	2022-06-14 05:40:02	2022-11-08 03:32:04
BE22001191	11	0	응, 오늘 아침에도 출근하는데 얼굴도 안 보고 그냥 가더라고.	N	2022-06-14 05:40:02	2022-11-08 03:32:04
BE22001191	12	1	오늘 저녁에 아빠가 좋아하는 삼겹살에 소주 한잔하면서 풀어요. 이대로 미국 가면 엄마 마음도 계속 안 좋을 것 같아요.	N	2022-06-14 05:40:02	2022-11-08 03:32:04
BE22001191	13	0	그러는 게 좋을까? 오늘 저녁에 시간 괜찮으면 넘어와. 같이 저녁 먹게.	N	2022-06-14 05:40:02	2022-11-08 03:32:04
BE22001191	14	1	알겠어요. 와인 아끼는 거 가져갈게요.	N	2022-06-14 05:40:02	2022-11-08 03:32:04
BE22001191	15	0	그래. 화해도 하고 송별회도 해주자.	Y	2022-06-14 05:40:02	2022-11-08 03:32:04
