id	utterance_id	utterance_type	utterance_text	terminate	regDate	updDate
BE22007015	1	0	아빠, 나 고등학교 영어 선생님과 오랜만에 통화했어요.	N	2022-07-08 02:35:14	2022-11-08 04:09:40
BE22007015	2	1	아, 네가 수업 열심히 듣는다며 너를 유독 아껴 주신 그 분 말이니?	N	2022-07-08 02:35:14	2022-11-08 04:09:41
BE22007015	3	0	네. 대학교 가면서 연락을 못 드렸는데, 오랜만에 연락드리니 목소리에 힘이 없으시더라고요. 알고 보니 얼마 전 뇌수막종이 발병해 수술을 앞두고 계시더라고요.	N	2022-07-08 02:35:14	2022-11-08 04:09:41
BE22007015	4	1	아, 그랬구나. 생각지 못한 소식에, 네가 많이 놀랐겠네.	N	2022-07-08 02:35:14	2022-11-08 04:09:41
BE22007015	5	0	놀라기도 했고, 너무 후회스러웠어요. 건강하실 때 진작 찾아뵙지 못한 게요. 지금은 몸도 안 좋고 심란해하셔서 누구를 만날 상황이 아니라시니, 찾아뵐 수도 없게 되었어요.	N	2022-07-08 02:35:14	2022-11-08 04:09:41
BE22007015	6	1	선생님이 아직 젊으시니, 너도 언제든 찾아뵐 수 있을 거라고 생각했겠지. 이렇게 가슴 아픈 일이 생길 줄 누가 알았겠니?	N	2022-07-08 02:35:14	2022-11-08 04:09:41
BE22007015	7	0	그렇다고 해도, 제가 너무 무심했어요. 졸업 후 간간이 연락드리다 취업 후에는 아예 연락을 못 드렸거든요. 제게 정말 잘해 주신 선생님인데.	N	2022-07-08 02:35:14	2022-11-08 04:09:41
BE22007015	8	1	그래, 후회되는 게 당연하지. 하지만 아빠는 네 마음도 이해해. 네가 취업 후에 야근하고 주말 근무하느라 가족과 식사할 시간조차 없었잖니.	N	2022-07-08 02:35:14	2022-11-08 04:09:41
BE22007015	9	0	맞아요. 친한 친구들과도 연락을 못할 정도였죠. 하지만 이직하고 나서는 여유가 좀 있었는데, 왜 선생님 찾아뵐 생각을 못했는지 모르겠어요.	N	2022-07-08 02:35:14	2022-11-08 04:09:41
BE22007015	10	1	아빠도 예전에 존경하던 선생님께 한동안 연락을 못 드렸어. 결국 선생님이 돌아가신 뒤, 오랜만에 영정 사진으로 선생님을 뵈었지. 그때 빈소에서 얼마나 울었는지 몰라.	N	2022-07-08 02:35:14	2022-11-08 04:09:41
BE22007015	11	0	아빠도 그런 일이 있었군요. 선생님이 돌아가셨다니, 가슴이 찢어질 듯 아프셨겠어요.	N	2022-07-08 02:35:14	2022-11-08 04:09:41
BE22007015	12	1	응, 그러니 너도 선생님 살아 계신 걸 다행으로 여겼으면 좋겠다. 수술 끝난 뒤 선생님이 몸을 추스르시면, 다시 연락드려 봐. 그때 자주 찾아뵈면 네 마음의 짐도 덜릴 거고.	N	2022-07-08 02:35:14	2022-11-08 04:09:41
BE22007015	13	0	아빠 말씀을 들으니 이제라도 연락드리기를 잘했다는 생각이 들어요. 이제 선생님 수술이 잘 되기만을 기다려야겠네요.	N	2022-07-08 02:35:14	2022-11-08 04:09:41
BE22007015	14	1	그래, 아빠도 함께 기도할게. 우리의 정성 어린 기도가 하늘에 전해져 선생님 수술이 잘되도록.	N	2022-07-08 02:35:14	2022-11-08 04:09:41
BE22007015	15	0	아빠, 고마워요. 이제 저도 슬픈 마음은 잊고, 희망을 가져 볼게요. 선생님이 건강을 되찾아, 웃으며 저를 반겨 주실 날을 기다려야겠어요.	Y	2022-07-08 02:35:14	2022-11-08 04:09:41
