id	utterance_id	utterance_type	utterance_text	terminate	regDate	updDate
BE22012324	1	0	엄마. 남편이 나랑 더 이상 같이 살고 싶지 않대요. 나랑 사는 게 힘들다고 하는데 마음이 찢어지는 것 같아요.	N	2022-07-29 02:43:13	2022-11-08 04:43:30
BE22012324	2	1	뭐? 갑자기 그게 무슨 말이야. 대체 사위가 왜 그런 말을 한 거야.	N	2022-07-29 02:43:13	2022-11-08 04:43:30
BE22012324	3	0	도대체 이유를 몰라서 더 슬퍼요. 그냥 다짜고짜 저랑 살기 힘들다고 하는데 뭐 어떻게 해야 할지 모르겠어요. 마음이 너무 아파요, 엄마.	N	2022-07-29 02:43:13	2022-11-08 04:43:30
BE22012324	4	1	사랑하는 남편 입에서 네가 그런 심한 말을 듣고 충격이 너무 컸겠다. 안 그래도 출산한 지 얼마 되지도 않았는데 너 놀랐을까 봐 걱정이다. 어떡하니, 엄마 마음도 너무 속상하다.	N	2022-07-29 02:43:13	2022-11-08 04:43:30
BE22012324	5	0	안 그래도 남편이 아이를 잘 돌봐주지 않는다는 이유로 싸우다가 남편이 저런 소리를 했어요. 대체 제가 뭘 잘못한 건지 모르겠어요. 어떻게 그런 말을 할 수 있을까요, 정말 눈물만 흘러나와요.	N	2022-07-29 02:43:13	2022-11-08 04:43:31
BE22012324	6	1	너무 마음 아파하지 마, 퇴근 후 피곤해서 홧김에 그런 소리를 한 것일 거야. 그런 갈등 속에서 흥분하면 심한 말이 나오기 마련이잖아. 물론 홧김에라도 그런 소리를 함부로 하면 안 되지만 말이야.	N	2022-07-29 02:43:13	2022-11-08 04:43:31
BE22012324	7	0	맞아요. 정말 피곤하다고 하긴 했는데 제가 계속 붙잡고 투정 아닌 투정을 부렸어요. 하지만 정말 저도 육아하는데 너무 힘들어요... 매일매일 우울하고 어디론가 뛰쳐나가고 싶어요.	N	2022-07-29 02:43:13	2022-11-08 04:43:31
BE22012324	8	1	우리 딸 요즘 몹시 힘들구나, 엄마가 그것도 진작에 못 알아봐 주고 정말 미안하다. 네가 힘들어하는 마음 충분히 이해해 몸이 힘드니까 마음이 곱게 써지지 않는 거지. 엄마가 너 대신 그 아픈 마음을 전부 받을 수 있다면 정말 좋으련만.	N	2022-07-29 02:43:13	2022-11-08 04:43:31
BE22012324	9	0	엄마 말을 들으니 정말 눈물이 나요. 이런 상황에서 남편까지 저한테 저러니 참 속상하네요.	N	2022-07-29 02:43:13	2022-11-08 04:43:31
BE22012324	10	1	투덕거리다가 별생각 없이 툭 뱉은 말에 너무 상처받지 마. 내일 사위 퇴근하고 같이 맛있는 거 먹으면서 서로의 감정을 속 시원하게 털어놔 보는 건 어때? 서로에게 감사한 점도 대화로 나누다 보면 언제 싸웠냐는 듯 다시 애틋해질 거야.	N	2022-07-29 02:43:13	2022-11-08 04:43:31
BE22012324	11	0	그럴까요? 과연 남편이 저랑 다시 얘기하고 싶어질지 잘 모르겠지만 한번 시도는 해봐야겠어요.	N	2022-07-29 02:43:13	2022-11-08 04:43:31
BE22012324	12	1	사위도 지금 그렇게 말해놓고 마음이 많이 안 좋을 거야. 너한테 상처 줬을 생각에 본인 마음도 아프겠지. 엄마는 네가 속상한 만큼 사위도 똑같이 속상할 거라고 생각해 둘이 얼마나 사랑하는지 내가 알잖아.	N	2022-07-29 02:43:13	2022-11-08 04:43:31
BE22012324	13	0	엄마 말을 듣고 보니 제가 퇴근한 사람 붙잡고 너무 징징댔을 수도 있겠다는 생각이 드네요. 참, 사람 마음이라는 게 뭔지 갑자기 미안해져요.	N	2022-07-29 02:43:13	2022-11-08 04:43:31
BE22012324	14	1	괜찮아. 부부 사이라는 게 원래 그런 거지 서로 제일 가까운 사이니까 할 말, 못 할 말 다 하고. 다들 그렇게 살아 그러면서 둘도 없는 사이가 되는 거고.	N	2022-07-29 02:43:13	2022-11-08 04:43:31
BE22012324	15	0	그렇다면 다행이네요. 위로해주셔서 감사해요, 엄마. 엄마 덕분에 마음이 좀 편안해진 것 같아요.	N	2022-07-29 02:43:13	2022-11-08 04:43:31
BE22012324	16	1	그렇다니 다행이네. 우리 딸 요즘 너무 힘들 텐데 장하다. 오늘 하루도 고생했어, 늦었는데 푹 쉬어라.	Y	2022-07-29 02:43:13	2022-11-08 04:43:31
