id	utterance_id	utterance_type	utterance_text	terminate	regDate	updDate
BE22018654	1	0	딸, 엄마 스마트폰 기능들 좀 다시 설명해줄래? 내 친구들은 이런저런 기능들을 곧잘 사용하는 것 같던데, 나는 여전히 너무 어렵기만 하네.	N	2022-09-17 11:16:00	2022-09-17 11:16:00
BE22018654	2	1	기계를 익히는 일은 참 어려운 것 같아요. 제 또래들도 스마트폰의 어려운 기능들을 모두 다 사용하지 못하거든요. 그러니 스마트폰을 잘 사용하지 못한다고 해서 너무 속상해하지 않으셨으면 해요.	N	2022-09-17 11:16:00	2022-11-08 05:22:42
BE22018654	3	0	하지만 점점 빠르게 변해가는 세상 속에서 나만 속도를 맞추지 못한 채 도태되는 것 같아 슬프단다. 가능하다면 어려운 스마트폰보다는 통화 기능만 있던 예전 기기를 사용하고 싶기도 해. 내가 이런 박탈감과 우울감을 느끼지 않을 수 있도록 말이야.	N	2022-09-17 11:16:00	2022-11-08 05:22:42
BE22018654	4	1	엄마가 느꼈을 감정들을 문장으로 듣고 나니 저도 마음이 아프네요. 그런 기분이 느껴진다면 엄마가 청년이던 시절이 자꾸 생각나고, 그립겠어요. 엄마에게도 세상의 속도가 버겁지 않던 청년기 시절이 있었겠죠?	N	2022-09-17 11:16:00	2022-11-08 05:22:42
BE22018654	5	0	물론이지, 그땐 세상이 너무 빠르다거나 내가 너무 느리다는 등의 속도를 생각조차 하지 않고 살았었어. 영원할 줄 알았던 그 시절의 낭만과 젊음 등이 너무 그리워. 그 모든 것들을 쥐도 새도 모르는 새 잃어버렸다고 생각하면 너무 슬프고 우울해져.	N	2022-09-17 11:16:00	2022-11-08 05:22:42
BE22018654	6	1	비록 지금은 추억이 된 지난 날들이고, 시간을 되돌릴 수는 없지만. 모두에게 공평하게 한 번씩 주어지는 젊은 시절을 낭만과 아름다움으로 채운 엄마가 너무 멋져요. 나이 듦에 관해 우울하게 생각하기보다는 자랑스럽게 생각하셨으면 좋겠어요!	N	2022-09-17 11:16:00	2022-11-08 05:22:42
BE22018654	7	0	그렇지만 더디고 느려진 내가 도태되고 뒤처지면 네게 짐이 될 수도 있잖니. 혹시라도 내가 네게 귀찮은 존재가 될까 봐 늘 걱정이 된단다.	N	2022-09-17 11:16:00	2022-11-08 05:22:42
BE22018654	8	1	엄마, 제가 어렸을 적에 엄마가 세상에 관해 하나하나 알려주었잖아요. 엄마의 사랑이 있어 지금의 제가 있는 거예요. 이제는 빠르게 변하는 세상에 관해 제가 엄마에게 도움이 될 수 있으니 저는 오히려 기쁜걸요.	N	2022-09-17 11:16:00	2022-11-08 05:22:42
BE22018654	9	0	그러게, 돌이켜보면 네가 어렸을 적엔 더 많은 것을 보여주고, 가르쳐 주고 싶어 열심을 냈었어. 내가 보여주고 알려주는 모든 것들이 네 안에 영향을 미친다고 생각하니 묵직한 책임감이 생기더라고. 그 시간이 네게 좋은 경험으로 남았다면 좋을 텐데, 혹 부족함은 없었을까 조바심이 나기도 해.	N	2022-09-17 11:16:00	2022-11-08 05:22:42
BE22018654	10	1	엄마가 가르쳐준 모든 것들이 제게 좋은 기억과 영향으로 남아있어 늘 감사한 마음 뿐이에요. 그러니 혹여라도 엄마가 짐스럽게 느껴지진 않을까 너무 걱정하지 않으셨으면 해요. 그렇게 생각하시면 제 마음이 너무 아플 것 같아요.	N	2022-09-17 11:16:00	2022-11-08 05:22:42
BE22018654	11	0	그렇게 말해주니 정말 고맙고 든든하구나. 사실은 스마트폰 사용같이 내 친구들도 곧잘 하는 것들은 나도 혼자 할 수 있었으면 좋겠어. 어렵다고 아주 포기해 버리는 것이 아니라, 속도가 더뎌도 천천히 계속 배워가면서 말이야.	N	2022-09-17 11:16:00	2022-11-08 05:22:42
BE22018654	12	1	세상의 속도와는 조금 달라도 엄마만의 속도로 배우기를 멈추지 않겠다는 엄마의 결심이 너무 멋져요. 엄마의 그런 씩씩한 결심을 들으니 저도 마음이 너무 좋고요. 저는 엄마가 포기하지만 않으신다면, 결국 해내실 수 있다고 생각해요!	N	2022-09-17 11:16:00	2022-11-08 05:22:42
BE22018654	13	0	그래, 고마워. 이런 것도 사실 친구들과 은근히 경쟁이 되더라고. 친구들도 하는데, 나라고 왜 못 하겠어! 어쩌면 이런 내 결심이 다른 친구들에게도 도전이 될 수 있겠지?	N	2022-09-17 11:16:00	2022-11-08 05:22:42
BE22018654	14	1	그럼요! 친구분들과의 이런 선의의 경쟁도 너무 보기 좋아요. 엄마가 다른 분들에게 선한 영향력을 끼칠 수 있도록 저도 응원하며 도움이 될게요.	Y	2022-09-17 11:16:00	2022-11-08 05:22:42
