id	utterance_id	utterance_type	utterance_text	terminate	regDate	updDate
BE22004406	1	0	엄마, 나 젖몸살 때문에 너무 아파요.	N	2022-06-28 01:00:25	2022-11-08 03:52:45
BE22004406	2	1	아이고, 젖몸살만큼 세상에 아픈 것도 없다는데. 열도 많이 나지?	N	2022-06-28 01:00:25	2022-11-08 03:52:45
BE22004406	3	0	열도 나고 가슴을 도려내는 것같이 아픈데 무슨 방법이 없을까요. 아기는 젖병을 안 빨려고 하니 아픈 젖을 물릴 엄두가 안 나요. 유축기도 통증 때문에 못 쓰겠어요.	N	2022-06-28 01:00:25	2022-11-08 03:52:45
BE22004406	4	1	우선 따뜻한 물수건을 가슴에 대고 딱딱하게 뭉친 것을 풀도록 마사지해야 해.	N	2022-06-28 01:00:25	2022-11-08 03:52:45
BE22004406	5	0	엄마, 이럴 때 엄마가 옆에 있으면 얼마나 좋을까요. 아프고 힘드니까 눈물만 나와요.	N	2022-06-28 01:00:25	2022-11-08 03:52:45
BE22004406	6	1	엄마가 미안하구나. 주말에 갈 테니 그때까지만 꿋꿋하게 버텨야 해. 병원 가서 약 먹으면 금방 괜찮아질 거야.	N	2022-06-28 01:00:25	2022-11-08 03:52:45
BE22004406	7	0	그런데, 병원 갔다가 약 먹게 되면 더 이상 아기한테 모유 못 먹이면 어떡해요? 일 년은 수유하고 싶은데요.	N	2022-06-28 01:00:25	2022-11-08 03:52:45
BE22004406	8	1	하이고 세상에나, 내 딸이 이제 어른이 다 됐구나. 너는 네 아이 생각하고 나는 내 딸이 우선인 상황이네. 그래서 인류가 여태껏 명맥을 유지하고 살아왔나 보다.	N	2022-06-28 01:00:25	2022-11-08 03:52:45
BE22004406	9	0	엄마, 고마워요. 아이 낳고 키우는 일이 이렇게 힘들 줄은 상상도 못 했어요. 남들이 하니까 나도 하면 되겠지 생각했어요.	N	2022-06-28 01:00:25	2022-11-08 03:52:45
BE22004406	10	1	그럼, 너는 누구보다 잘 할 수 있을 거야. 엄마 딸인데 당연하지. 모성애라면 네가 최고 같은데.	N	2022-06-28 01:00:25	2022-11-08 03:52:45
BE22004406	11	0	엄마도 나 낳고 이렇게 힘들었어요? 내가 너무 철없게 굴었나 봐요. 아기 낳아보니 엄마 마음 알겠어요.	N	2022-06-28 01:00:25	2022-11-08 03:52:45
BE22004406	12	1	엄마도 너를 낳고 나서야 외할머니 마음을 알았어. 여자들에게 출산과 아이를 키우는 경험은 축복 아니겠니?	N	2022-06-28 01:00:25	2022-11-08 03:52:45
BE22004406	13	0	고통스러운 일이 엄마와 대화하니까 축복이 되었네요. 힘들지만 헤쳐 나가도록 노력할게요.	N	2022-06-28 01:00:25	2022-11-08 03:52:45
BE22004406	14	1	네가 씩씩한 모습을 보이니 엄마는 정말 좋다. 딱딱해진 젖을 더운 물수건으로 마사지하면 금세 말랑하게 풀릴 거야. 네 신랑한테 자꾸 주물러 달라고 해.	N	2022-06-28 01:00:25	2022-11-08 03:52:45
BE22004406	15	0	알겠어요. 신랑도 고통 분담 차원에서 뭐라도 하려고 하니까 부탁할게요.	N	2022-06-28 01:00:25	2022-11-08 03:52:45
BE22004406	16	1	그래, 주말에 가서 깔끔하게 해결해줄 테니 이틀만 기다려. 잘하고 있으니 너무 걱정하지 말고.	Y	2022-06-28 01:00:25	2022-11-08 03:52:45
