id	utterance_id	utterance_type	utterance_text	terminate	regDate	updDate
BE22008314	1	0	어머니, 저 학생들을 가르치는 것에 지친 것 같아요.	N	2022-07-13 01:21:28	2022-11-08 04:17:53
BE22008314	2	1	혹시 학교에서 무슨 일이 있었니?	N	2022-07-13 01:21:28	2022-11-08 04:17:53
BE22008314	3	0	제가 아무리 열정적으로 학생들을 가르친다고 해도 애들이 제 말을 안 듣는 것 같아요.	N	2022-07-13 01:21:28	2022-11-08 04:17:53
BE22008314	4	1	누군가를 가르친다는 건 정말로 힘든 일이지. 우리 딸이 무척 속상했겠구나.	N	2022-07-13 01:21:28	2022-11-08 04:17:53
BE22008314	5	0	임용고시를 볼 때는 교사만 되면 마냥 행복할 줄 알았는데 그게 아니었던 것 같아요. 저는 교사가 적성에 안 맞나봐요.	N	2022-07-13 01:21:28	2022-11-08 04:17:53
BE22008314	6	1	육체적으로도 심적으로도 무척 지쳤나 보다. 하지만 엄마는 우리 딸이 교사가 적성에 안 맞는다고 생각하지 않아. 누구보다도 아이들을 사랑하잖니.	N	2022-07-13 01:21:28	2022-11-08 04:17:53
BE22008314	7	0	그렇긴 하죠. 아이들이 좋아서 시작한 일인데 솔직히 지금은 좋아하는 건지도 모르겠어요. 너무 힘든 것 같아요.	N	2022-07-13 01:21:28	2022-11-08 04:17:53
BE22008314	8	1	우리 딸이 최선을 다하고 있음에도 뜻대로 안 되어서 좌절감이 느껴졌겠구나. 엄마도 그 마음 잘 알 것 같아.	N	2022-07-13 01:21:28	2022-11-08 04:17:53
BE22008314	9	0	처음 교사가 되었을 땐 정말 의욕이 넘쳤었는데, 이젠 없어진 것 같아요.	N	2022-07-13 01:21:28	2022-11-08 04:17:53
BE22008314	10	1	그랬구나. 하지만 꼭 힘든 일만 있는 건 아니지 않니? 학교에서 학생들을 가르칠 때 좋았던 기억은 없니?	N	2022-07-13 01:21:28	2022-11-08 04:17:53
BE22008314	11	0	당연히 있죠. 제가 부족한데도 저를 좋아하고 존경해주는 학생들을 보면 가슴이 찡해요.	N	2022-07-13 01:21:28	2022-11-08 04:17:53
BE22008314	12	1	우리 딸이 학생들에게 참 좋은 선생님인가 보네! 그렇다면 힘들 때마다 좋았고 행복했던 기억을 떠올려보면 어떨까? 그런 기억을 마음에 잘 새겨놓는다면 분명 잘 극복할 수 있을 거야.	N	2022-07-13 01:21:28	2022-11-08 04:17:53
BE22008314	13	0	엄마 말이 맞아요. 힘든 일들도 많지만 좋은 일이 있을 때마다 보람도 느껴요. 그리고 무엇보다 전 아직 학생들을 사랑해요.	N	2022-07-13 01:21:28	2022-11-08 04:17:53
BE22008314	14	1	역시 우리 딸은 끝까지 포기하지 않는 멋진 선생님이구나! 분명 이러한 마음을 갖고 가르치다 보면 학생들에게도 네 진심이 통할 거야. 우리 딸 엄마가 언제나 응원한다!	N	2022-07-13 01:21:28	2022-11-08 04:17:53
BE22008314	15	0	정말 고마워요, 엄마! 걱정을 훌훌 털고 내일부터 다시 힘내서 학생들을 가르쳐볼게요!	Y	2022-07-13 01:21:28	2022-11-08 04:17:53
