id	utterance_id	utterance_type	utterance_text	terminate	regDate	updDate
BE22002756	1	0	엄마, 나는 열심히 잘살고 있다고 굳게 믿었는데 내가 틀렸나봐.	N	2022-06-22 13:54:11	2022-11-08 03:42:12
BE22002756	2	1	딸. 엄마가 볼 땐 자랑스러울 만큼 잘 살아가고 있는데, 뭐 때문에 그런 생각을 했어?	N	2022-06-22 13:54:11	2022-11-08 03:42:12
BE22002756	3	0	온몸이 아픈데 병원에서는 근골격계의 이상은 없고 신경적인 병증인 것 같대. 일에만 집중하느라 내 몸과 마음은 방치했었나 봐. 나 자신에게 미안해.	N	2022-06-22 13:54:11	2022-11-08 03:42:12
BE22002756	4	1	일에 너무 집중하면 몸이 아플 때가 있어. 8년 내내 쉬지 않았으니, 많이 힘들었지? 엄마가 못 알아준 것 같아 속상하네.	N	2022-06-22 13:54:11	2022-11-08 03:42:12
BE22002756	5	0	응. 돈 버는 게 다가 아닌데, 뭐가 그리 불안하고 여유가 없었는지. 병은 생겼지, 그렇게 살았는데도 이룬 것도 없고 허무해서 매일 밤 눈물이 나.	N	2022-06-22 13:54:11	2022-11-08 03:42:12
BE22002756	6	1	주변을 봤을때 나만 뒤처진 느낌이 들 때가 있지.하지만 남들과 다른 거지 네가 틀린 게 아니야.	N	2022-06-22 13:54:11	2022-11-08 03:42:12
BE22002756	7	0	일에만 매달린 지난 8년이 너무 아까워. 생각해 보면 그저 돈 모을 생각만 했지. 운동도 소홀히 했고 나 자신을 행복으로 채워주는 일을 하나도 하지 않았어.	N	2022-06-22 13:54:11	2022-11-08 03:42:12
BE22002756	8	1	일과 나 사이에 균형이 깨져버렸구나. 집에서도 쉴 틈 없이 일만 생각하니 얼마나 힘들었니. 일과 나는 반드시 구분 지어야 해.	N	2022-06-22 13:54:11	2022-11-08 03:42:12
BE22002756	9	0	이젠 일을 줄여서라도 내가 뭘 정말 하고 싶은지, 언제 행복한지 시간을 투자해 보려고 해.	N	2022-06-22 13:54:11	2022-11-08 03:42:12
BE22002756	10	1	그래. 지금도 늦지 않았지. 돈이 얼마가 들든 해보고 싶은 것 꼭 해보자. 엄마가 응원할게.	N	2022-06-22 13:54:11	2022-11-08 03:42:12
BE22002756	11	0	사실 한순간에 찾으려니까 내가 진짜 원하는 게 뭔지 생각이 잘 안 나. 성인이 돼서 자신이 원하는 바도 모르다니, 정말 한심하고 부끄러워.	N	2022-06-22 13:54:11	2022-11-08 03:42:12
BE22002756	12	1	요즘은 사회가 경쟁을 부추기니까. 엄마도 지금 세대에 네 또래였다면 똑같이 힘들었을 거야.	N	2022-06-22 13:54:11	2022-11-08 03:42:12
BE22002756	13	0	일단 내가 어릴 때 좋아했던 수영부터 다시 해볼까 해. 하나씩 찾아가다 보면 나를 되찾을 수 있겠지?	N	2022-06-22 13:54:11	2022-11-08 03:42:12
BE22002756	14	1	너 어릴 때 수영 강습 가는 날에는 눈이 초롱초롱했어. 엄마랑 너의 행복을 채워보자! 도와줄게.	Y	2022-06-22 13:54:11	2022-11-08 03:42:12
